Using device: cuda
Loading Source Train...
Using Mean/Std calculated from Source Train (mean[0]=0.7014437887685685, std[0]=0.011928948002314158)
Loading Target Train...
Epoch: [0][ 10/112]	L_Src_Sup 9.2371e-01 (1.7392e+00)	L_Trg_Inj 1.0076e+00 (1.7410e+00)	Loss Disc 7.1901e-01 (7.2207e-01)	Loss Pred 9.2533e-01 (8.5041e-01)	Loss TOTAL 1.4780e+00 (1.5675e+00)
Epoch: [0][ 20/112]	L_Src_Sup 1.4359e-01 (9.7851e-01)	L_Trg_Inj 2.3204e-01 (1.0137e+00)	Loss Disc 7.0977e-01 (7.1818e-01)	Loss Pred 8.2695e-01 (8.4734e-01)	Loss TOTAL 1.2194e+00 (1.4128e+00)
Epoch: [0][ 30/112]	L_Src_Sup 1.1980e-01 (7.2772e-01)	L_Trg_Inj 2.7832e-01 (7.7835e-01)	Loss Disc 7.0149e-01 (7.1371e-01)	Loss Pred 7.9947e-01 (8.4534e-01)	Loss TOTAL 1.1900e+00 (1.3637e+00)
Epoch: [0][ 40/112]	L_Src_Sup 1.7127e-01 (5.9406e-01)	L_Trg_Inj 3.2454e-01 (6.5492e-01)	Loss Disc 6.9661e-01 (7.0992e-01)	Loss Pred 7.9639e-01 (8.4403e-01)	Loss TOTAL 1.1943e+00 (1.3320e+00)
Epoch: [0][ 50/112]	L_Src_Sup 1.9491e-01 (5.1589e-01)	L_Trg_Inj 3.0485e-01 (5.7895e-01)	Loss Disc 6.9428e-01 (7.0700e-01)	Loss Pred 8.2823e-01 (8.4091e-01)	Loss TOTAL 1.2253e+00 (1.3112e+00)
Epoch: [0][ 60/112]	L_Src_Sup 1.7546e-01 (4.6234e-01)	L_Trg_Inj 3.1016e-01 (5.2635e-01)	Loss Disc 6.9307e-01 (7.0482e-01)	Loss Pred 8.1722e-01 (8.4141e-01)	Loss TOTAL 1.2123e+00 (1.3015e+00)
Epoch: [0][ 70/112]	L_Src_Sup 1.4044e-01 (4.2353e-01)	L_Trg_Inj 3.8635e-01 (4.9635e-01)	Loss Disc 6.9179e-01 (7.0308e-01)	Loss Pred 8.1455e-01 (8.3878e-01)	Loss TOTAL 1.2131e+00 (1.2898e+00)
Epoch: [0][ 80/112]	L_Src_Sup 8.6423e-02 (3.9320e-01)	L_Trg_Inj 2.4861e-01 (4.6985e-01)	Loss Disc 6.9240e-01 (7.0174e-01)	Loss Pred 7.9322e-01 (8.3767e-01)	Loss TOTAL 1.1729e+00 (1.2818e+00)
Epoch: [0][ 90/112]	L_Src_Sup 2.5686e-01 (3.7021e-01)	L_Trg_Inj 2.6327e-01 (4.4929e-01)	Loss Disc 6.9230e-01 (7.0065e-01)	Loss Pred 8.5794e-01 (8.3881e-01)	Loss TOTAL 1.2561e+00 (1.2785e+00)
Epoch: [0][100/112]	L_Src_Sup 1.7447e-01 (3.5204e-01)	L_Trg_Inj 2.1673e-01 (4.3062e-01)	Loss Disc 6.9250e-01 (6.9978e-01)	Loss Pred 7.9763e-01 (8.3813e-01)	Loss TOTAL 1.1830e+00 (1.2738e+00)
Epoch: [0][110/112]	L_Src_Sup 2.0909e-01 (3.3839e-01)	L_Trg_Inj 2.3025e-01 (4.1923e-01)	Loss Disc 6.9237e-01 (6.9901e-01)	Loss Pred 7.9457e-01 (8.3638e-01)	Loss TOTAL 1.1847e+00 (1.2684e+00)
Epoch: [0][112/112]	L_Src_Sup 1.9645e-01 (3.3618e-01)	L_Trg_Inj 2.2884e-01 (4.1707e-01)	Loss Disc 6.9224e-01 (6.9887e-01)	Loss Pred 8.2438e-01 (8.3617e-01)	Loss TOTAL 1.2130e+00 (1.2676e+00)
Epoch 0 complete. Saving model state...
Epoch: [1][ 10/112]	L_Src_Sup 2.2733e-01 (1.8215e-01)	L_Trg_Inj 3.5215e-01 (2.5690e-01)	Loss Disc 6.9035e-01 (6.9157e-01)	Loss Pred 8.0101e-01 (8.1281e-01)	Loss TOTAL 1.2041e+00 (1.2044e+00)
Epoch: [1][ 20/112]	L_Src_Sup 2.5462e-01 (2.3206e-01)	L_Trg_Inj 2.3884e-01 (2.9097e-01)	Loss Disc 6.9175e-01 (6.9153e-01)	Loss Pred 8.2199e-01 (8.2218e-01)	Loss TOTAL 1.2330e+00 (1.2294e+00)
Epoch: [1][ 30/112]	L_Src_Sup 1.3203e-01 (2.2028e-01)	L_Trg_Inj 2.6458e-01 (2.9398e-01)	Loss Disc 6.9129e-01 (6.9112e-01)	Loss Pred 8.8412e-01 (8.2316e-01)	Loss TOTAL 1.2694e+00 (1.2263e+00)
Epoch: [1][ 40/112]	L_Src_Sup 1.9296e-01 (2.1307e-01)	L_Trg_Inj 2.6484e-01 (2.9367e-01)	Loss Disc 6.9133e-01 (6.9097e-01)	Loss Pred 7.9608e-01 (8.2478e-01)	Loss TOTAL 1.1875e+00 (1.2264e+00)
Epoch: [1][ 50/112]	L_Src_Sup 2.1826e-01 (2.0903e-01)	L_Trg_Inj 2.9602e-01 (2.9541e-01)	Loss Disc 6.9084e-01 (6.9084e-01)	Loss Pred 8.3802e-01 (8.2250e-01)	Loss TOTAL 1.2349e+00 (1.2227e+00)
Epoch: [1][ 60/112]	L_Src_Sup 2.1704e-01 (2.0107e-01)	L_Trg_Inj 2.6455e-01 (2.9266e-01)	Loss Disc 6.9151e-01 (6.9087e-01)	Loss Pred 8.2386e-01 (8.2242e-01)	Loss TOTAL 1.2178e+00 (1.2208e+00)
Epoch: [1][ 70/112]	L_Src_Sup 1.8150e-01 (1.9570e-01)	L_Trg_Inj 1.7015e-01 (2.9016e-01)	Loss Disc 6.9441e-01 (6.9099e-01)	Loss Pred 8.0429e-01 (8.1564e-01)	Loss TOTAL 1.1980e+00 (1.2130e+00)
Epoch: [1][ 80/112]	L_Src_Sup 1.6804e-01 (1.9433e-01)	L_Trg_Inj 2.9860e-01 (2.9263e-01)	Loss Disc 6.9240e-01 (6.9107e-01)	Loss Pred 7.6532e-01 (8.1040e-01)	Loss TOTAL 1.1582e+00 (1.2075e+00)
Epoch: [1][ 90/112]	L_Src_Sup 1.6319e-01 (1.9831e-01)	L_Trg_Inj 4.1856e-01 (2.9233e-01)	Loss Disc 6.9119e-01 (6.9123e-01)	Loss Pred 7.6318e-01 (8.0566e-01)	Loss TOTAL 1.1669e+00 (1.2057e+00)
Epoch: [1][100/112]	L_Src_Sup 9.3506e-01 (2.1697e-01)	L_Trg_Inj 8.4930e-01 (3.0348e-01)	Loss Disc 6.9141e-01 (6.9129e-01)	Loss Pred 7.7034e-01 (8.0203e-01)	Loss TOTAL 1.3802e+00 (1.2081e+00)
Epoch: [1][110/112]	L_Src_Sup 1.8724e-01 (2.1707e-01)	L_Trg_Inj 2.9990e-01 (3.0102e-01)	Loss Disc 6.8997e-01 (6.9120e-01)	Loss Pred 8.1385e-01 (8.0201e-01)	Loss TOTAL 1.2075e+00 (1.2080e+00)
Epoch: [1][112/112]	L_Src_Sup 1.9855e-01 (2.1633e-01)	L_Trg_Inj 2.9384e-01 (3.0091e-01)	Loss Disc 6.8991e-01 (6.9117e-01)	Loss Pred 8.9496e-01 (8.0201e-01)	Loss TOTAL 1.2892e+00 (1.2078e+00)
Epoch 1 complete. Saving model state...
Epoch: [2][ 10/112]	L_Src_Sup 3.3350e-01 (2.0022e-01)	L_Trg_Inj 2.9381e-01 (2.9776e-01)	Loss Disc 6.8838e-01 (6.8918e-01)	Loss Pred 7.1267e-01 (7.5876e-01)	Loss TOTAL 1.1593e+00 (1.1571e+00)
Epoch: [2][ 20/112]	L_Src_Sup 1.5831e-01 (2.0479e-01)	L_Trg_Inj 3.0683e-01 (3.0080e-01)	Loss Disc 6.8832e-01 (6.8879e-01)	Loss Pred 6.8902e-01 (7.3510e-01)	Loss TOTAL 1.0797e+00 (1.1320e+00)
Epoch: [2][ 30/112]	L_Src_Sup 1.2777e-01 (2.0032e-01)	L_Trg_Inj 2.8671e-01 (2.9284e-01)	Loss Disc 6.8856e-01 (6.8874e-01)	Loss Pred 6.8216e-01 (7.2288e-01)	Loss TOTAL 1.0679e+00 (1.1224e+00)
Epoch: [2][ 40/112]	L_Src_Sup 2.1985e-01 (2.0919e-01)	L_Trg_Inj 3.8447e-01 (2.9456e-01)	Loss Disc 6.9175e-01 (6.8921e-01)	Loss Pred 6.8681e-01 (7.1160e-01)	Loss TOTAL 1.0931e+00 (1.1116e+00)
Epoch: [2][ 50/112]	L_Src_Sup 1.4767e-01 (2.0694e-01)	L_Trg_Inj 2.9476e-01 (2.9454e-01)	Loss Disc 6.9324e-01 (6.8987e-01)	Loss Pred 6.9817e-01 (7.0519e-01)	Loss TOTAL 1.0890e+00 (1.1053e+00)
Epoch: [2][ 60/112]	L_Src_Sup 2.5349e-01 (2.1373e-01)	L_Trg_Inj 3.6497e-01 (2.9700e-01)	Loss Disc 6.9054e-01 (6.9017e-01)	Loss Pred 6.7126e-01 (6.9852e-01)	Loss TOTAL 1.0784e+00 (1.0995e+00)
Epoch: [2][ 70/112]	L_Src_Sup 2.3166e-01 (2.1375e-01)	L_Trg_Inj 3.2647e-01 (2.9327e-01)	Loss Disc 6.9090e-01 (6.9037e-01)	Loss Pred 6.4717e-01 (6.9402e-01)	Loss TOTAL 1.0484e+00 (1.0964e+00)
Epoch: [2][ 80/112]	L_Src_Sup 2.2811e-01 (2.1024e-01)	L_Trg_Inj 3.7240e-01 (2.9364e-01)	Loss Disc 6.8974e-01 (6.9042e-01)	Loss Pred 6.8720e-01 (6.8861e-01)	Loss TOTAL 1.0921e+00 (1.0903e+00)
Epoch: [2][ 90/112]	L_Src_Sup 1.5780e-01 (2.0380e-01)	L_Trg_Inj 3.8678e-01 (2.9465e-01)	Loss Disc 6.8965e-01 (6.9048e-01)	Loss Pred 6.1596e-01 (6.8398e-01)	Loss TOTAL 1.0152e+00 (1.0845e+00)
Epoch: [2][100/112]	L_Src_Sup 1.6056e-01 (2.0205e-01)	L_Trg_Inj 2.0164e-01 (2.8889e-01)	Loss Disc 6.9171e-01 (6.9060e-01)	Loss Pred 6.1527e-01 (6.7993e-01)	Loss TOTAL 9.9734e-01 (1.0808e+00)
Epoch: [2][110/112]	L_Src_Sup 1.4772e-01 (2.0276e-01)	L_Trg_Inj 3.2553e-01 (2.8773e-01)	Loss Disc 6.8982e-01 (6.9064e-01)	Loss Pred 6.4127e-01 (6.7525e-01)	Loss TOTAL 1.0335e+00 (1.0757e+00)
Epoch: [2][112/112]	L_Src_Sup 2.5683e-01 (2.0352e-01)	L_Trg_Inj 2.9410e-01 (2.8827e-01)	Loss Disc 6.9125e-01 (6.9064e-01)	Loss Pred 6.3317e-01 (6.7439e-01)	Loss TOTAL 1.0339e+00 (1.0749e+00)
Epoch 2 complete. Saving model state...
Epoch: [3][ 10/112]	L_Src_Sup 2.0714e-01 (1.9483e-01)	L_Trg_Inj 2.6470e-01 (2.8290e-01)	Loss Disc 6.9053e-01 (6.9066e-01)	Loss Pred 6.3973e-01 (6.1839e-01)	Loss TOTAL 1.0322e+00 (1.0230e+00)
Epoch: [3][ 20/112]	L_Src_Sup 2.0363e-01 (1.9465e-01)	L_Trg_Inj 3.4903e-01 (2.8327e-01)	Loss Disc 6.8913e-01 (6.9050e-01)	Loss Pred 6.2040e-01 (6.1106e-01)	Loss TOTAL 1.0202e+00 (1.0117e+00)
Epoch: [3][ 30/112]	L_Src_Sup 1.9978e-01 (1.9629e-01)	L_Trg_Inj 3.1142e-01 (2.8548e-01)	Loss Disc 6.9070e-01 (6.9082e-01)	Loss Pred 6.0733e-01 (6.0763e-01)	Loss TOTAL 1.0038e+00 (1.0089e+00)
Epoch: [3][ 40/112]	L_Src_Sup 2.2327e-01 (2.0129e-01)	L_Trg_Inj 2.7992e-01 (2.8592e-01)	Loss Disc 6.9044e-01 (6.9073e-01)	Loss Pred 5.6306e-01 (6.0734e-01)	Loss TOTAL 9.5860e-01 (1.0083e+00)
Epoch: [3][ 50/112]	L_Src_Sup 2.3221e-01 (1.9892e-01)	L_Trg_Inj 1.7097e-01 (2.8591e-01)	Loss Disc 6.9456e-01 (6.9074e-01)	Loss Pred 6.3942e-01 (6.0475e-01)	Loss TOTAL 1.0883e+00 (1.0081e+00)
Epoch: [3][ 60/112]	L_Src_Sup 1.4328e-01 (2.0039e-01)	L_Trg_Inj 3.7390e-01 (2.8995e-01)	Loss Disc 6.9147e-01 (6.9083e-01)	Loss Pred 5.8299e-01 (6.0158e-01)	Loss TOTAL 9.8044e-01 (1.0057e+00)
Epoch: [3][ 70/112]	L_Src_Sup 3.0192e-01 (2.0188e-01)	L_Trg_Inj 2.7999e-01 (2.9237e-01)	Loss Disc 6.9168e-01 (6.9092e-01)	Loss Pred 5.7135e-01 (5.9753e-01)	Loss TOTAL 9.9732e-01 (1.0022e+00)
Epoch: [3][ 80/112]	L_Src_Sup 2.7904e-01 (2.0298e-01)	L_Trg_Inj 4.2010e-01 (2.9440e-01)	Loss Disc 6.8985e-01 (6.9088e-01)	Loss Pred 5.5360e-01 (5.9529e-01)	Loss TOTAL 9.6844e-01 (1.0003e+00)
Epoch: [3][ 90/112]	L_Src_Sup 1.6111e-01 (2.0113e-01)	L_Trg_Inj 3.1058e-01 (2.9064e-01)	Loss Disc 6.9015e-01 (6.9090e-01)	Loss Pred 5.6685e-01 (5.9246e-01)	Loss TOTAL 9.5909e-01 (9.9692e-01)
Epoch: [3][100/112]	L_Src_Sup 6.8038e-02 (1.9856e-01)	L_Trg_Inj 1.7074e-01 (2.8832e-01)	Loss Disc 6.9624e-01 (6.9115e-01)	Loss Pred 5.3998e-01 (5.8977e-01)	Loss TOTAL 9.1198e-01 (9.9342e-01)
Epoch: [3][110/112]	L_Src_Sup 1.2540e-01 (1.9807e-01)	L_Trg_Inj 2.6443e-01 (2.8862e-01)	Loss Disc 6.9330e-01 (6.9123e-01)	Loss Pred 5.5643e-01 (5.8736e-01)	Loss TOTAL 9.4206e-01 (9.9023e-01)
Epoch: [3][112/112]	L_Src_Sup 2.7666e-01 (1.9868e-01)	L_Trg_Inj 2.9486e-01 (2.8901e-01)	Loss Disc 6.9301e-01 (6.9124e-01)	Loss Pred 5.3111e-01 (5.8685e-01)	Loss TOTAL 9.3477e-01 (9.8968e-01)
Epoch 3 complete. Saving model state...
Epoch: [4][ 10/112]	L_Src_Sup 9.1102e-02 (2.1051e-01)	L_Trg_Inj 2.6427e-01 (2.6539e-01)	Loss Disc 6.9214e-01 (6.9199e-01)	Loss Pred 5.6280e-01 (5.5291e-01)	Loss TOTAL 9.4440e-01 (9.6010e-01)
Epoch: [4][ 20/112]	L_Src_Sup 1.5968e-01 (2.0784e-01)	L_Trg_Inj 2.8022e-01 (2.8211e-01)	Loss Disc 6.9215e-01 (6.9166e-01)	Loss Pred 5.3940e-01 (5.4759e-01)	Loss TOTAL 9.2947e-01 (9.5027e-01)
Epoch: [4][ 30/112]	L_Src_Sup 1.0644e-01 (2.0528e-01)	L_Trg_Inj 2.8808e-01 (2.8748e-01)	Loss Disc 6.9196e-01 (6.9175e-01)	Loss Pred 5.3457e-01 (5.4726e-01)	Loss TOTAL 9.2001e-01 (9.4894e-01)
Epoch: [4][ 40/112]	L_Src_Sup 2.0400e-01 (2.0054e-01)	L_Trg_Inj 2.9394e-01 (2.8753e-01)	Loss Disc 6.9172e-01 (6.9179e-01)	Loss Pred 5.7723e-01 (5.4656e-01)	Loss TOTAL 9.7289e-01 (9.4615e-01)
Epoch: [4][ 50/112]	L_Src_Sup 1.7598e-01 (1.9573e-01)	L_Trg_Inj 2.8544e-01 (2.8764e-01)	Loss Disc 6.9081e-01 (6.9173e-01)	Loss Pred 5.1924e-01 (5.4282e-01)	Loss TOTAL 9.1079e-01 (9.4193e-01)
Epoch: [4][ 60/112]	L_Src_Sup 1.5168e-01 (1.9646e-01)	L_Trg_Inj 2.4930e-01 (2.8845e-01)	Loss Disc 6.8907e-01 (6.9153e-01)	Loss Pred 5.5715e-01 (5.4187e-01)	Loss TOTAL 9.4178e-01 (9.4069e-01)
Epoch: [4][ 70/112]	L_Src_Sup 2.9158e-01 (1.9527e-01)	L_Trg_Inj 2.9552e-01 (2.8772e-01)	Loss Disc 6.9352e-01 (6.9173e-01)	Loss Pred 5.3504e-01 (5.3998e-01)	Loss TOTAL 9.4051e-01 (9.3853e-01)
Epoch: [4][ 80/112]	L_Src_Sup 2.3042e-01 (1.9419e-01)	L_Trg_Inj 2.4782e-01 (2.8746e-01)	Loss Disc 6.9268e-01 (6.9163e-01)	Loss Pred 5.1251e-01 (5.3879e-01)	Loss TOTAL 9.0667e-01 (9.3661e-01)
Epoch: [4][ 90/112]	L_Src_Sup 2.6594e-01 (1.9407e-01)	L_Trg_Inj 2.4822e-01 (2.8650e-01)	Loss Disc 6.9290e-01 (6.9157e-01)	Loss Pred 5.0864e-01 (5.3631e-01)	Loss TOTAL 9.2423e-01 (9.3381e-01)
Epoch: [4][100/112]	L_Src_Sup 2.6348e-01 (1.9710e-01)	L_Trg_Inj 2.7970e-01 (2.8898e-01)	Loss Disc 6.9136e-01 (6.9161e-01)	Loss Pred 4.9812e-01 (5.3476e-01)	Loss TOTAL 8.9812e-01 (9.3310e-01)
Epoch: [4][110/112]	L_Src_Sup 2.3558e-01 (1.9590e-01)	L_Trg_Inj 3.1077e-01 (2.9051e-01)	Loss Disc 6.9124e-01 (6.9160e-01)	Loss Pred 4.6457e-01 (5.3082e-01)	Loss TOTAL 8.6482e-01 (9.2883e-01)
Epoch: [4][112/112]	L_Src_Sup 2.3289e-01 (1.9686e-01)	L_Trg_Inj 2.4865e-01 (2.8976e-01)	Loss Disc 6.9276e-01 (6.9162e-01)	Loss Pred 5.0611e-01 (5.3032e-01)	Loss TOTAL 9.0064e-01 (9.2846e-01)
Epoch 4 complete. Saving model state...
Epoch: [5][ 10/112]	L_Src_Sup 1.3816e-01 (1.6683e-01)	L_Trg_Inj 3.2588e-01 (2.8568e-01)	Loss Disc 6.9116e-01 (6.9181e-01)	Loss Pred 4.7893e-01 (4.9815e-01)	Loss TOTAL 8.7091e-01 (8.9280e-01)
Epoch: [5][ 20/112]	L_Src_Sup 2.6573e-01 (1.6232e-01)	L_Trg_Inj 1.9787e-01 (2.7881e-01)	Loss Disc 6.9255e-01 (6.9173e-01)	Loss Pred 4.9328e-01 (4.9681e-01)	Loss TOTAL 9.5378e-01 (8.9193e-01)
Epoch: [5][ 30/112]	L_Src_Sup 1.7725e-01 (1.7661e-01)	L_Trg_Inj 2.9172e-01 (2.8437e-01)	Loss Disc 6.8995e-01 (6.9144e-01)	Loss Pred 5.0894e-01 (4.9846e-01)	Loss TOTAL 9.0081e-01 (8.9371e-01)
Epoch: [5][ 40/112]	L_Src_Sup 1.7012e-01 (1.8394e-01)	L_Trg_Inj 2.8050e-01 (2.8608e-01)	Loss Disc 6.9196e-01 (6.9162e-01)	Loss Pred 4.5948e-01 (4.9793e-01)	Loss TOTAL 8.5052e-01 (8.9696e-01)
Epoch: [5][ 50/112]	L_Src_Sup 1.5819e-01 (1.8160e-01)	L_Trg_Inj 2.1781e-01 (2.8887e-01)	Loss Disc 6.9450e-01 (6.9150e-01)	Loss Pred 4.8100e-01 (5.0132e-01)	Loss TOTAL 8.6585e-01 (8.9909e-01)
Epoch: [5][ 60/112]	L_Src_Sup 1.5803e-01 (1.8059e-01)	L_Trg_Inj 2.9533e-01 (2.8538e-01)	Loss Disc 6.9041e-01 (6.9148e-01)	Loss Pred 4.8056e-01 (4.9991e-01)	Loss TOTAL 8.7110e-01 (8.9680e-01)
Epoch: [5][ 70/112]	L_Src_Sup 1.7260e-01 (1.8221e-01)	L_Trg_Inj 2.4802e-01 (2.9139e-01)	Loss Disc 6.9256e-01 (6.9143e-01)	Loss Pred 4.6780e-01 (4.9811e-01)	Loss TOTAL 8.5614e-01 (8.9550e-01)
Epoch: [5][ 80/112]	L_Src_Sup 2.3091e-01 (1.8537e-01)	L_Trg_Inj 2.4948e-01 (2.8986e-01)	Loss Disc 6.9218e-01 (6.9149e-01)	Loss Pred 4.8623e-01 (4.9771e-01)	Loss TOTAL 8.8035e-01 (8.9579e-01)
Epoch: [5][ 90/112]	L_Src_Sup 1.2766e-01 (1.8610e-01)	L_Trg_Inj 2.8151e-01 (2.8880e-01)	Loss Disc 6.9158e-01 (6.9151e-01)	Loss Pred 4.9709e-01 (4.9691e-01)	Loss TOTAL 8.8380e-01 (8.9620e-01)
Epoch: [5][100/112]	L_Src_Sup 2.1594e-01 (1.8791e-01)	L_Trg_Inj 2.9593e-01 (2.8896e-01)	Loss Disc 6.9207e-01 (6.9154e-01)	Loss Pred 4.9075e-01 (4.9707e-01)	Loss TOTAL 8.8797e-01 (8.9685e-01)
Epoch: [5][110/112]	L_Src_Sup 2.4106e-01 (1.8849e-01)	L_Trg_Inj 3.7148e-01 (2.9143e-01)	Loss Disc 6.9094e-01 (6.9152e-01)	Loss Pred 5.1499e-01 (4.9636e-01)	Loss TOTAL 9.2171e-01 (8.9587e-01)
Epoch: [5][112/112]	L_Src_Sup 1.8839e-01 (1.8811e-01)	L_Trg_Inj 2.6250e-01 (2.9078e-01)	Loss Disc 6.9184e-01 (6.9154e-01)	Loss Pred 4.5992e-01 (4.9609e-01)	Loss TOTAL 8.5093e-01 (8.9540e-01)
Epoch 5 complete. Saving model state...
Epoch: [6][ 10/112]	L_Src_Sup 2.5055e-01 (2.5950e-01)	L_Trg_Inj 2.1809e-01 (2.6760e-01)	Loss Disc 6.9248e-01 (6.9243e-01)	Loss Pred 5.0917e-01 (4.9629e-01)	Loss TOTAL 9.3474e-01 (9.1787e-01)
Epoch: [6][ 20/112]	L_Src_Sup 1.4054e-01 (2.2270e-01)	L_Trg_Inj 2.1818e-01 (2.5930e-01)	Loss Disc 6.9226e-01 (6.9209e-01)	Loss Pred 4.7790e-01 (4.9270e-01)	Loss TOTAL 8.5990e-01 (9.0577e-01)
Epoch: [6][ 30/112]	L_Src_Sup 2.7561e-01 (2.1288e-01)	L_Trg_Inj 2.8053e-01 (2.7050e-01)	Loss Disc 6.9021e-01 (6.9150e-01)	Loss Pred 5.0843e-01 (4.9375e-01)	Loss TOTAL 9.0915e-01 (9.0118e-01)
Epoch: [6][ 40/112]	L_Src_Sup 2.9643e-01 (2.0991e-01)	L_Trg_Inj 3.0719e-01 (2.7798e-01)	Loss Disc 6.9312e-01 (6.9216e-01)	Loss Pred 4.7133e-01 (4.9458e-01)	Loss TOTAL 8.7825e-01 (8.9945e-01)
Epoch: [6][ 50/112]	L_Src_Sup 2.6992e-01 (2.0956e-01)	L_Trg_Inj 2.1818e-01 (2.8700e-01)	Loss Disc 6.9521e-01 (6.9200e-01)	Loss Pred 4.4577e-01 (4.9314e-01)	Loss TOTAL 8.9392e-01 (8.9850e-01)
Epoch: [6][ 60/112]	L_Src_Sup 1.8539e-01 (2.1066e-01)	L_Trg_Inj 1.7148e-01 (2.8047e-01)	Loss Disc 6.9375e-01 (6.9211e-01)	Loss Pred 5.1322e-01 (4.9222e-01)	Loss TOTAL 9.0969e-01 (8.9829e-01)
Epoch: [6][ 70/112]	L_Src_Sup 1.9489e-01 (2.0569e-01)	L_Trg_Inj 3.1171e-01 (2.8315e-01)	Loss Disc 6.9182e-01 (6.9213e-01)	Loss Pred 5.1411e-01 (4.9361e-01)	Loss TOTAL 9.1068e-01 (8.9849e-01)
Epoch: [6][ 80/112]	L_Src_Sup 2.5538e-01 (2.0691e-01)	L_Trg_Inj 2.4951e-01 (2.8225e-01)	Loss Disc 6.9194e-01 (6.9211e-01)	Loss Pred 4.5122e-01 (4.9064e-01)	Loss TOTAL 8.5355e-01 (8.9473e-01)
Epoch: [6][ 90/112]	L_Src_Sup 2.4377e-01 (2.0456e-01)	L_Trg_Inj 2.4905e-01 (2.8207e-01)	Loss Disc 6.9218e-01 (6.9211e-01)	Loss Pred 4.6969e-01 (4.9045e-01)	Loss TOTAL 8.6506e-01 (8.9328e-01)
Epoch: [6][100/112]	L_Src_Sup 2.4580e-01 (2.0526e-01)	L_Trg_Inj 2.6260e-01 (2.8767e-01)	Loss Disc 6.9112e-01 (6.9201e-01)	Loss Pred 4.7609e-01 (4.9092e-01)	Loss TOTAL 8.7249e-01 (8.9352e-01)
Epoch: [6][110/112]	L_Src_Sup 2.4426e-01 (2.0441e-01)	L_Trg_Inj 2.8012e-01 (2.8650e-01)	Loss Disc 6.9167e-01 (6.9200e-01)	Loss Pred 5.1932e-01 (4.9023e-01)	Loss TOTAL 9.1760e-01 (8.9292e-01)
Epoch: [6][112/112]	L_Src_Sup 2.5372e-01 (2.0430e-01)	L_Trg_Inj 2.7999e-01 (2.8652e-01)	Loss Disc 6.9331e-01 (6.9202e-01)	Loss Pred 4.9430e-01 (4.9019e-01)	Loss TOTAL 8.9433e-01 (8.9275e-01)
Epoch 6 complete. Saving model state...
Epoch: [7][ 10/112]	L_Src_Sup 1.4323e-01 (1.7551e-01)	L_Trg_Inj 1.8623e-01 (2.8954e-01)	Loss Disc 6.9362e-01 (6.9295e-01)	Loss Pred 4.8779e-01 (4.8681e-01)	Loss TOTAL 8.6755e-01 (8.8064e-01)
Epoch: [7][ 20/112]	L_Src_Sup 2.1677e-01 (2.0276e-01)	L_Trg_Inj 2.9360e-01 (2.9916e-01)	Loss Disc 6.9129e-01 (6.9240e-01)	Loss Pred 4.5654e-01 (4.8862e-01)	Loss TOTAL 8.5322e-01 (8.8770e-01)
Epoch: [7][ 30/112]	L_Src_Sup 1.8250e-01 (1.9989e-01)	L_Trg_Inj 3.4308e-01 (3.0026e-01)	Loss Disc 6.9044e-01 (6.9206e-01)	Loss Pred 4.9983e-01 (4.8993e-01)	Loss TOTAL 8.9761e-01 (8.8811e-01)
Epoch: [7][ 40/112]	L_Src_Sup 1.8206e-01 (1.9930e-01)	L_Trg_Inj 2.4971e-01 (2.9815e-01)	Loss Disc 6.8933e-01 (6.9150e-01)	Loss Pred 5.0021e-01 (4.9120e-01)	Loss TOTAL 8.8805e-01 (8.8830e-01)
Epoch: [7][ 50/112]	L_Src_Sup 1.9740e-01 (1.9429e-01)	L_Trg_Inj 2.6083e-01 (2.9571e-01)	Loss Disc 6.9264e-01 (6.9191e-01)	Loss Pred 4.8756e-01 (4.8990e-01)	Loss TOTAL 8.7971e-01 (8.8677e-01)
Epoch: [7][ 60/112]	L_Src_Sup 2.0251e-01 (1.9373e-01)	L_Trg_Inj 2.3209e-01 (2.9220e-01)	Loss Disc 6.9406e-01 (6.9177e-01)	Loss Pred 5.0612e-01 (4.9015e-01)	Loss TOTAL 8.9661e-01 (8.8712e-01)
Epoch: [7][ 70/112]	L_Src_Sup 3.3227e-01 (2.0004e-01)	L_Trg_Inj 2.8419e-01 (2.8844e-01)	Loss Disc 6.9305e-01 (6.9185e-01)	Loss Pred 4.4495e-01 (4.8792e-01)	Loss TOTAL 9.0120e-01 (8.8866e-01)
Epoch: [7][ 80/112]	L_Src_Sup 1.3702e-01 (2.0292e-01)	L_Trg_Inj 3.1179e-01 (2.9080e-01)	Loss Disc 6.9114e-01 (6.9184e-01)	Loss Pred 4.5622e-01 (4.8677e-01)	Loss TOTAL 8.4667e-01 (8.8781e-01)
Epoch: [7][ 90/112]	L_Src_Sup 1.9659e-01 (2.0242e-01)	L_Trg_Inj 2.6502e-01 (2.9090e-01)	Loss Disc 6.8655e-01 (6.9156e-01)	Loss Pred 4.8655e-01 (4.8673e-01)	Loss TOTAL 8.7599e-01 (8.8753e-01)
Epoch: [7][100/112]	L_Src_Sup 2.3017e-01 (2.0248e-01)	L_Trg_Inj 2.6500e-01 (2.8865e-01)	Loss Disc 6.9003e-01 (6.9071e-01)	Loss Pred 4.8054e-01 (4.8744e-01)	Loss TOTAL 8.7507e-01 (8.8745e-01)
Epoch: [7][110/112]	L_Src_Sup 2.1823e-01 (2.0285e-01)	L_Trg_Inj 3.9927e-01 (2.9117e-01)	Loss Disc 6.9628e-01 (6.9081e-01)	Loss Pred 4.9961e-01 (4.8845e-01)	Loss TOTAL 9.0950e-01 (8.8834e-01)
Epoch: [7][112/112]	L_Src_Sup 1.1217e-01 (2.0296e-01)	L_Trg_Inj 2.5064e-01 (2.8988e-01)	Loss Disc 6.9341e-01 (6.9085e-01)	Loss Pred 5.1794e-01 (4.8876e-01)	Loss TOTAL 9.0093e-01 (8.8953e-01)
Epoch 7 complete. Saving model state...
Epoch: [8][ 10/112]	L_Src_Sup 2.5459e-01 (2.1706e-01)	L_Trg_Inj 4.0528e-01 (2.8539e-01)	Loss Disc 6.9223e-01 (6.9374e-01)	Loss Pred 4.9940e-01 (4.9000e-01)	Loss TOTAL 9.1151e-01 (8.9986e-01)
Epoch: [8][ 20/112]	L_Src_Sup 2.1431e-01 (2.1033e-01)	L_Trg_Inj 2.1818e-01 (2.7831e-01)	Loss Disc 6.9261e-01 (6.9334e-01)	Loss Pred 4.8640e-01 (4.8738e-01)	Loss TOTAL 8.7595e-01 (8.8929e-01)
Epoch: [8][ 30/112]	L_Src_Sup 1.6366e-01 (2.0098e-01)	L_Trg_Inj 2.6678e-01 (2.8639e-01)	Loss Disc 6.9028e-01 (6.9207e-01)	Loss Pred 4.9886e-01 (4.8772e-01)	Loss TOTAL 8.8704e-01 (8.8674e-01)
Epoch: [8][ 40/112]	L_Src_Sup 1.2965e-01 (2.0078e-01)	L_Trg_Inj 3.2736e-01 (2.8294e-01)	Loss Disc 6.9126e-01 (6.9163e-01)	Loss Pred 5.3175e-01 (4.8698e-01)	Loss TOTAL 9.2308e-01 (8.8758e-01)
Epoch: [8][ 50/112]	L_Src_Sup 1.4418e-01 (1.9799e-01)	L_Trg_Inj 2.4939e-01 (2.8425e-01)	Loss Disc 6.9137e-01 (6.9156e-01)	Loss Pred 4.9265e-01 (4.8612e-01)	Loss TOTAL 8.7769e-01 (8.8525e-01)
Epoch: [8][ 60/112]	L_Src_Sup 2.3426e-01 (1.9785e-01)	L_Trg_Inj 3.5854e-01 (2.8468e-01)	Loss Disc 6.8618e-01 (6.9123e-01)	Loss Pred 4.9236e-01 (4.8688e-01)	Loss TOTAL 8.9473e-01 (8.8611e-01)
Epoch: [8][ 70/112]	L_Src_Sup 2.8837e-01 (2.0024e-01)	L_Trg_Inj 2.8028e-01 (2.8561e-01)	Loss Disc 6.9636e-01 (6.9098e-01)	Loss Pred 4.9274e-01 (4.8696e-01)	Loss TOTAL 9.0587e-01 (8.8574e-01)
Epoch: [8][ 80/112]	L_Src_Sup 2.1670e-01 (1.9797e-01)	L_Trg_Inj 2.9585e-01 (2.8626e-01)	Loss Disc 6.8683e-01 (6.9097e-01)	Loss Pred 4.3598e-01 (4.8626e-01)	Loss TOTAL 8.3065e-01 (8.8480e-01)
Epoch: [8][ 90/112]	L_Src_Sup 1.2965e-01 (1.9886e-01)	L_Trg_Inj 2.8030e-01 (2.8556e-01)	Loss Disc 6.9237e-01 (6.9085e-01)	Loss Pred 5.1087e-01 (4.8680e-01)	Loss TOTAL 8.9805e-01 (8.8510e-01)
Epoch: [8][100/112]	L_Src_Sup 1.5520e-01 (1.9983e-01)	L_Trg_Inj 4.0526e-01 (2.8880e-01)	Loss Disc 6.8934e-01 (6.9081e-01)	Loss Pred 4.6101e-01 (4.8620e-01)	Loss TOTAL 8.6173e-01 (8.8574e-01)
Epoch: [8][110/112]	L_Src_Sup 2.1242e-01 (2.0089e-01)	L_Trg_Inj 3.5835e-01 (2.9000e-01)	Loss Disc 6.8901e-01 (6.9077e-01)	Loss Pred 4.7972e-01 (4.8765e-01)	Loss TOTAL 8.8130e-01 (8.8739e-01)
Epoch: [8][112/112]	L_Src_Sup 1.7860e-01 (2.0001e-01)	L_Trg_Inj 4.2074e-01 (2.9053e-01)	Loss Disc 6.8661e-01 (6.9073e-01)	Loss Pred 4.8583e-01 (4.8761e-01)	Loss TOTAL 8.8907e-01 (8.8721e-01)
Epoch 8 complete. Saving model state...
Epoch: [9][ 10/112]	L_Src_Sup 1.9135e-01 (2.0349e-01)	L_Trg_Inj 3.1284e-01 (3.3969e-01)	Loss Disc 6.8811e-01 (6.8913e-01)	Loss Pred 4.6708e-01 (4.8460e-01)	Loss TOTAL 8.6156e-01 (8.8348e-01)
Epoch: [9][ 20/112]	L_Src_Sup 1.6368e-01 (1.9583e-01)	L_Trg_Inj 3.5756e-01 (3.1705e-01)	Loss Disc 6.8996e-01 (6.8940e-01)	Loss Pred 5.1766e-01 (4.8714e-01)	Loss TOTAL 9.1476e-01 (8.8331e-01)
Epoch: [9][ 30/112]	L_Src_Sup 1.4039e-01 (1.8884e-01)	L_Trg_Inj 2.0169e-01 (3.0901e-01)	Loss Disc 6.9091e-01 (6.8976e-01)	Loss Pred 4.7308e-01 (4.8598e-01)	Loss TOTAL 8.5274e-01 (8.8422e-01)
Epoch: [9][ 40/112]	L_Src_Sup 1.5388e-01 (1.9544e-01)	L_Trg_Inj 2.4905e-01 (3.0221e-01)	Loss Disc 6.9089e-01 (6.8999e-01)	Loss Pred 4.5404e-01 (4.8575e-01)	Loss TOTAL 8.3978e-01 (8.9048e-01)
Epoch: [9][ 50/112]	L_Src_Sup 1.0814e-01 (1.9568e-01)	L_Trg_Inj 2.0215e-01 (2.9960e-01)	Loss Disc 6.9265e-01 (6.9001e-01)	Loss Pred 4.9194e-01 (4.8572e-01)	Loss TOTAL 8.6929e-01 (8.9199e-01)
Epoch: [9][ 60/112]	L_Src_Sup 2.5429e-01 (1.9654e-01)	L_Trg_Inj 2.3322e-01 (2.9618e-01)	Loss Disc 6.8983e-01 (6.9005e-01)	Loss Pred 4.4761e-01 (4.8370e-01)	Loss TOTAL 8.6234e-01 (8.8868e-01)
Epoch: [9][ 70/112]	L_Src_Sup 1.6670e-01 (1.9576e-01)	L_Trg_Inj 2.9622e-01 (2.9639e-01)	Loss Disc 6.9373e-01 (6.8990e-01)	Loss Pred 5.1062e-01 (4.8431e-01)	Loss TOTAL 9.0377e-01 (8.8813e-01)
Epoch: [9][ 80/112]	L_Src_Sup 2.3218e-01 (1.9792e-01)	L_Trg_Inj 1.5581e-01 (2.8896e-01)	Loss Disc 6.9224e-01 (6.9015e-01)	Loss Pred 4.8557e-01 (4.8389e-01)	Loss TOTAL 9.4686e-01 (8.8837e-01)
Epoch: [9][ 90/112]	L_Src_Sup 2.0873e-01 (1.9978e-01)	L_Trg_Inj 2.9622e-01 (2.9083e-01)	Loss Disc 6.9385e-01 (6.9001e-01)	Loss Pred 4.6603e-01 (4.8573e-01)	Loss TOTAL 8.6344e-01 (8.9000e-01)
Epoch: [9][100/112]	L_Src_Sup 2.6555e-01 (2.0210e-01)	L_Trg_Inj 2.6621e-01 (2.8778e-01)	Loss Disc 6.9177e-01 (6.9020e-01)	Loss Pred 4.7884e-01 (4.8563e-01)	Loss TOTAL 8.7790e-01 (8.9061e-01)
Epoch: [9][110/112]	L_Src_Sup 1.9302e-01 (2.0024e-01)	L_Trg_Inj 2.9789e-01 (2.8516e-01)	Loss Disc 6.8859e-01 (6.9021e-01)	Loss Pred 4.7237e-01 (4.8622e-01)	Loss TOTAL 8.6576e-01 (8.8989e-01)
Epoch: [9][112/112]	L_Src_Sup 2.3013e-01 (2.0124e-01)	L_Trg_Inj 3.4285e-01 (2.8619e-01)	Loss Disc 6.8842e-01 (6.9017e-01)	Loss Pred 4.7866e-01 (4.8626e-01)	Loss TOTAL 8.8016e-01 (8.8994e-01)
Epoch 9 complete. Saving model state...
Epoch: [10][ 10/112]	L_Src_Sup 1.8806e-01 (2.1369e-01)	L_Trg_Inj 1.5592e-01 (2.5880e-01)	Loss Disc 6.9357e-01 (6.9080e-01)	Loss Pred 4.5351e-01 (4.8197e-01)	Loss TOTAL 8.6683e-01 (8.9420e-01)
Epoch: [10][ 20/112]	L_Src_Sup 1.3916e-01 (2.1004e-01)	L_Trg_Inj 3.2740e-01 (2.8241e-01)	Loss Disc 6.9050e-01 (6.9091e-01)	Loss Pred 4.6603e-01 (4.8356e-01)	Loss TOTAL 8.5794e-01 (8.9069e-01)
Epoch: [10][ 30/112]	L_Src_Sup 1.1012e-01 (1.9739e-01)	L_Trg_Inj 2.4903e-01 (2.8279e-01)	Loss Disc 6.9028e-01 (6.9066e-01)	Loss Pred 5.0442e-01 (4.8535e-01)	Loss TOTAL 8.8548e-01 (8.8699e-01)
Epoch: [10][ 40/112]	L_Src_Sup 2.1627e-01 (2.0201e-01)	L_Trg_Inj 2.2923e-01 (2.9183e-01)	Loss Disc 6.9222e-01 (6.9051e-01)	Loss Pred 4.9132e-01 (4.8853e-01)	Loss TOTAL 8.8198e-01 (8.8938e-01)
Epoch: [10][ 50/112]	L_Src_Sup 2.7127e-01 (2.0518e-01)	L_Trg_Inj 2.4980e-01 (2.9016e-01)	Loss Disc 6.9098e-01 (6.9058e-01)	Loss Pred 4.4689e-01 (4.9105e-01)	Loss TOTAL 8.6595e-01 (8.9364e-01)
Epoch: [10][ 60/112]	L_Src_Sup 2.1242e-01 (2.0390e-01)	L_Trg_Inj 2.6540e-01 (2.8786e-01)	Loss Disc 6.9051e-01 (6.9055e-01)	Loss Pred 4.7900e-01 (4.8764e-01)	Loss TOTAL 8.7204e-01 (8.9118e-01)
Epoch: [10][ 70/112]	L_Src_Sup 2.7035e-01 (2.0367e-01)	L_Trg_Inj 2.6543e-01 (2.8599e-01)	Loss Disc 6.9034e-01 (6.9053e-01)	Loss Pred 4.9270e-01 (4.8629e-01)	Loss TOTAL 8.9638e-01 (8.9175e-01)
Epoch: [10][ 80/112]	L_Src_Sup 3.0774e-01 (2.0527e-01)	L_Trg_Inj 3.7477e-01 (2.8914e-01)	Loss Disc 6.9014e-01 (6.9043e-01)	Loss Pred 4.5282e-01 (4.8603e-01)	Loss TOTAL 8.6615e-01 (8.9074e-01)
Epoch: [10][ 90/112]	L_Src_Sup 2.1574e-01 (2.0712e-01)	L_Trg_Inj 2.9659e-01 (2.9015e-01)	Loss Disc 6.8751e-01 (6.9032e-01)	Loss Pred 5.4776e-01 (4.8757e-01)	Loss TOTAL 9.4275e-01 (8.9177e-01)
Epoch: [10][100/112]	L_Src_Sup 2.6323e-01 (2.0901e-01)	L_Trg_Inj 2.8121e-01 (2.8848e-01)	Loss Disc 6.9059e-01 (6.9036e-01)	Loss Pred 4.7228e-01 (4.8748e-01)	Loss TOTAL 8.7202e-01 (8.9248e-01)
Epoch: [10][110/112]	L_Src_Sup 1.5387e-01 (2.0870e-01)	L_Trg_Inj 3.1227e-01 (2.8853e-01)	Loss Disc 6.8841e-01 (6.9024e-01)	Loss Pred 4.5318e-01 (4.8668e-01)	Loss TOTAL 8.4401e-01 (8.9133e-01)
Epoch: [10][112/112]	L_Src_Sup 2.0517e-01 (2.0869e-01)	L_Trg_Inj 3.1224e-01 (2.8909e-01)	Loss Disc 6.8938e-01 (6.9022e-01)	Loss Pred 4.5315e-01 (4.8625e-01)	Loss TOTAL 8.4958e-01 (8.9077e-01)
Epoch 10 complete. Saving model state...
Epoch: [11][ 10/112]	L_Src_Sup 2.6672e-01 (2.0464e-01)	L_Trg_Inj 2.9663e-01 (2.6553e-01)	Loss Disc 6.9029e-01 (6.9105e-01)	Loss Pred 4.3426e-01 (4.7723e-01)	Loss TOTAL 8.3574e-01 (8.7985e-01)
Epoch: [11][ 20/112]	L_Src_Sup 2.8835e-01 (1.9969e-01)	L_Trg_Inj 3.1220e-01 (2.8264e-01)	Loss Disc 6.8973e-01 (6.9069e-01)	Loss Pred 4.9102e-01 (4.7970e-01)	Loss TOTAL 8.9594e-01 (8.7887e-01)
Epoch: [11][ 30/112]	L_Src_Sup 1.2729e-01 (2.0391e-01)	L_Trg_Inj 2.8099e-01 (2.7955e-01)	Loss Disc 6.8897e-01 (6.9045e-01)	Loss Pred 4.9712e-01 (4.8280e-01)	Loss TOTAL 8.8243e-01 (8.8586e-01)
Epoch: [11][ 40/112]	L_Src_Sup 1.4958e-01 (1.9644e-01)	L_Trg_Inj 1.5523e-01 (2.8963e-01)	Loss Disc 6.9112e-01 (6.9012e-01)	Loss Pred 5.1626e-01 (4.8403e-01)	Loss TOTAL 8.9230e-01 (8.8481e-01)
Epoch: [11][ 50/112]	L_Src_Sup 1.8970e-01 (2.0218e-01)	L_Trg_Inj 2.8085e-01 (2.8694e-01)	Loss Disc 6.8986e-01 (6.9038e-01)	Loss Pred 4.5933e-01 (4.8300e-01)	Loss TOTAL 8.5132e-01 (8.8542e-01)
Epoch: [11][ 60/112]	L_Src_Sup 1.1112e-01 (2.0392e-01)	L_Trg_Inj 2.4959e-01 (2.8289e-01)	Loss Disc 6.9099e-01 (6.9025e-01)	Loss Pred 5.0976e-01 (4.8442e-01)	Loss TOTAL 8.9132e-01 (8.8746e-01)
Epoch: [11][ 70/112]	L_Src_Sup 2.9094e-01 (2.0299e-01)	L_Trg_Inj 2.8088e-01 (2.8460e-01)	Loss Disc 6.9131e-01 (6.9027e-01)	Loss Pred 4.9705e-01 (4.8496e-01)	Loss TOTAL 9.0994e-01 (8.8727e-01)
Epoch: [11][ 80/112]	L_Src_Sup 1.8021e-01 (2.0362e-01)	L_Trg_Inj 3.5686e-01 (2.8607e-01)	Loss Disc 6.8906e-01 (6.9032e-01)	Loss Pred 4.9063e-01 (4.8572e-01)	Loss TOTAL 8.8886e-01 (8.8885e-01)
Epoch: [11][ 90/112]	L_Src_Sup 2.5429e-01 (2.0251e-01)	L_Trg_Inj 3.7396e-01 (2.9158e-01)	Loss Disc 6.8880e-01 (6.9025e-01)	Loss Pred 4.4641e-01 (4.8609e-01)	Loss TOTAL 8.5363e-01 (8.8862e-01)
Epoch: [11][100/112]	L_Src_Sup 1.6670e-01 (2.0212e-01)	L_Trg_Inj 3.2747e-01 (2.9060e-01)	Loss Disc 6.8959e-01 (6.9027e-01)	Loss Pred 5.0945e-01 (4.8554e-01)	Loss TOTAL 9.0366e-01 (8.8734e-01)
Epoch: [11][110/112]	L_Src_Sup 2.3219e-01 (2.0199e-01)	L_Trg_Inj 2.2135e-01 (2.9307e-01)	Loss Disc 6.9111e-01 (6.9020e-01)	Loss Pred 4.8605e-01 (4.8529e-01)	Loss TOTAL 8.8780e-01 (8.8671e-01)
Epoch: [11][112/112]	L_Src_Sup 1.0622e-01 (2.0160e-01)	L_Trg_Inj 2.3408e-01 (2.9174e-01)	Loss Disc 6.9056e-01 (6.9021e-01)	Loss Pred 4.7854e-01 (4.8488e-01)	Loss TOTAL 8.5785e-01 (8.8647e-01)
Epoch 11 complete. Saving model state...
Epoch: [12][ 10/112]	L_Src_Sup 1.8491e-01 (1.5768e-01)	L_Trg_Inj 3.1219e-01 (3.0145e-01)	Loss Disc 6.9108e-01 (6.9148e-01)	Loss Pred 4.4134e-01 (4.8746e-01)	Loss TOTAL 8.3658e-01 (8.7911e-01)
Epoch: [12][ 20/112]	L_Src_Sup 1.8524e-01 (1.6544e-01)	L_Trg_Inj 2.4976e-01 (2.9366e-01)	Loss Disc 6.9067e-01 (6.9076e-01)	Loss Pred 5.0979e-01 (4.8635e-01)	Loss TOTAL 8.9863e-01 (8.7955e-01)
Epoch: [12][ 30/112]	L_Src_Sup 1.7146e-01 (1.7910e-01)	L_Trg_Inj 2.3411e-01 (2.9203e-01)	Loss Disc 6.9249e-01 (6.9064e-01)	Loss Pred 5.2882e-01 (4.8655e-01)	Loss TOTAL 9.1562e-01 (8.8154e-01)
Epoch: [12][ 40/112]	L_Src_Sup 2.1823e-01 (1.8167e-01)	L_Trg_Inj 3.7463e-01 (2.8960e-01)	Loss Disc 6.8950e-01 (6.9070e-01)	Loss Pred 4.9704e-01 (4.8617e-01)	Loss TOTAL 9.0107e-01 (8.8056e-01)
Epoch: [12][ 50/112]	L_Src_Sup 1.7547e-01 (1.8749e-01)	L_Trg_Inj 2.6534e-01 (2.8914e-01)	Loss Disc 6.9039e-01 (6.9068e-01)	Loss Pred 4.7155e-01 (4.8594e-01)	Loss TOTAL 8.6082e-01 (8.8299e-01)
Epoch: [12][ 60/112]	L_Src_Sup 1.2674e-01 (1.8670e-01)	L_Trg_Inj 3.2812e-01 (2.9047e-01)	Loss Disc 6.8794e-01 (6.9052e-01)	Loss Pred 4.9148e-01 (4.8592e-01)	Loss TOTAL 8.8093e-01 (8.8238e-01)
Epoch: [12][ 70/112]	L_Src_Sup 1.4962e-01 (1.8322e-01)	L_Trg_Inj 2.8063e-01 (2.9338e-01)	Loss Disc 6.9150e-01 (6.9055e-01)	Loss Pred 5.1610e-01 (4.8635e-01)	Loss TOTAL 9.0487e-01 (8.8239e-01)
Epoch: [12][ 80/112]	L_Src_Sup 2.1625e-01 (1.8916e-01)	L_Trg_Inj 2.8107e-01 (2.9533e-01)	Loss Disc 6.9054e-01 (6.9046e-01)	Loss Pred 4.9026e-01 (4.8568e-01)	Loss TOTAL 8.8526e-01 (8.8207e-01)
Epoch: [12][ 90/112]	L_Src_Sup 1.9473e-01 (1.9163e-01)	L_Trg_Inj 3.5912e-01 (2.9253e-01)	Loss Disc 6.8952e-01 (6.9054e-01)	Loss Pred 4.7816e-01 (4.8583e-01)	Loss TOTAL 8.7830e-01 (8.8192e-01)
Epoch: [12][100/112]	L_Src_Sup 1.8185e-01 (1.9047e-01)	L_Trg_Inj 2.5087e-01 (2.8968e-01)	Loss Disc 6.9145e-01 (6.9060e-01)	Loss Pred 4.9725e-01 (4.8569e-01)	Loss TOTAL 8.8625e-01 (8.8117e-01)
Epoch: [12][110/112]	L_Src_Sup 2.8613e-01 (1.9546e-01)	L_Trg_Inj 2.3414e-01 (2.8856e-01)	Loss Disc 6.9038e-01 (6.9058e-01)	Loss Pred 4.8440e-01 (4.8542e-01)	Loss TOTAL 9.3360e-01 (8.8393e-01)
Epoch: [12][112/112]	L_Src_Sup 1.5848e-01 (1.9449e-01)	L_Trg_Inj 3.5903e-01 (2.8898e-01)	Loss Disc 6.8755e-01 (6.9055e-01)	Loss Pred 4.7153e-01 (4.8523e-01)	Loss TOTAL 8.6706e-01 (8.8358e-01)
Epoch 12 complete. Saving model state...
Epoch: [13][ 10/112]	L_Src_Sup 1.7296e-01 (1.7571e-01)	L_Trg_Inj 3.2785e-01 (2.8591e-01)	Loss Disc 6.9275e-01 (6.8893e-01)	Loss Pred 4.5887e-01 (4.7815e-01)	Loss TOTAL 8.5532e-01 (8.7198e-01)
Epoch: [13][ 20/112]	L_Src_Sup 2.0211e-01 (1.9056e-01)	L_Trg_Inj 3.1214e-01 (2.9200e-01)	Loss Disc 6.9490e-01 (6.9139e-01)	Loss Pred 5.0416e-01 (4.8049e-01)	Loss TOTAL 9.0303e-01 (8.7753e-01)
Epoch: [13][ 30/112]	L_Src_Sup 2.3238e-01 (1.8862e-01)	L_Trg_Inj 3.7460e-01 (2.9445e-01)	Loss Disc 6.8743e-01 (6.9139e-01)	Loss Pred 4.8419e-01 (4.8180e-01)	Loss TOTAL 8.8860e-01 (8.7841e-01)
Epoch: [13][ 40/112]	L_Src_Sup 1.0729e-01 (1.8449e-01)	L_Trg_Inj 2.8085e-01 (2.9226e-01)	Loss Disc 6.9089e-01 (6.9129e-01)	Loss Pred 4.8445e-01 (4.8308e-01)	Loss TOTAL 8.6871e-01 (8.7835e-01)
Epoch: [13][ 50/112]	L_Src_Sup 8.8643e-02 (1.8940e-01)	L_Trg_Inj 2.1843e-01 (2.9279e-01)	Loss Disc 6.9511e-01 (6.9120e-01)	Loss Pred 4.7808e-01 (4.8247e-01)	Loss TOTAL 8.5635e-01 (8.7985e-01)
Epoch: [13][ 60/112]	L_Src_Sup 1.2401e-01 (1.8840e-01)	L_Trg_Inj 2.8072e-01 (2.9205e-01)	Loss Disc 6.9184e-01 (6.9145e-01)	Loss Pred 4.7795e-01 (4.8466e-01)	Loss TOTAL 8.6434e-01 (8.8139e-01)
Epoch: [13][ 70/112]	L_Src_Sup 1.6235e-01 (1.8847e-01)	L_Trg_Inj 2.4987e-01 (2.9069e-01)	Loss Disc 6.9274e-01 (6.9158e-01)	Loss Pred 4.9060e-01 (4.8570e-01)	Loss TOTAL 8.7820e-01 (8.8342e-01)
Epoch: [13][ 80/112]	L_Src_Sup 2.3878e-01 (1.8977e-01)	L_Trg_Inj 2.8065e-01 (2.9004e-01)	Loss Disc 6.9209e-01 (6.9165e-01)	Loss Pred 5.0310e-01 (4.8568e-01)	Loss TOTAL 9.0109e-01 (8.8306e-01)
Epoch: [13][ 90/112]	L_Src_Sup 2.0392e-01 (1.9359e-01)	L_Trg_Inj 2.1830e-01 (2.8860e-01)	Loss Disc 6.9238e-01 (6.9170e-01)	Loss Pred 5.0931e-01 (4.8638e-01)	Loss TOTAL 8.9773e-01 (8.8488e-01)
Epoch: [13][100/112]	L_Src_Sup 1.6085e-01 (1.9735e-01)	L_Trg_Inj 2.1824e-01 (2.8826e-01)	Loss Disc 6.9246e-01 (6.9171e-01)	Loss Pred 4.8447e-01 (4.8523e-01)	Loss TOTAL 8.6861e-01 (8.8411e-01)
Epoch: [13][110/112]	L_Src_Sup 1.5468e-01 (1.9646e-01)	L_Trg_Inj 2.4950e-01 (2.8786e-01)	Loss Disc 6.9332e-01 (6.9172e-01)	Loss Pred 4.4647e-01 (4.8480e-01)	Loss TOTAL 8.3354e-01 (8.8365e-01)
Epoch: [13][112/112]	L_Src_Sup 3.2299e-01 (1.9834e-01)	L_Trg_Inj 3.1183e-01 (2.8787e-01)	Loss Disc 6.9094e-01 (6.9171e-01)	Loss Pred 5.2231e-01 (4.8496e-01)	Loss TOTAL 9.4243e-01 (8.8415e-01)
Epoch 13 complete. Saving model state...
Epoch: [14][ 10/112]	L_Src_Sup 2.1853e-01 (1.7736e-01)	L_Trg_Inj 2.0257e-01 (2.8527e-01)	Loss Disc 6.9227e-01 (6.9096e-01)	Loss Pred 4.9717e-01 (4.7800e-01)	Loss TOTAL 9.0138e-01 (8.7233e-01)
Epoch: [14][ 20/112]	L_Src_Sup 1.7875e-01 (1.7838e-01)	L_Trg_Inj 4.2050e-01 (2.8902e-01)	Loss Disc 6.9041e-01 (6.9115e-01)	Loss Pred 4.8419e-01 (4.8021e-01)	Loss TOTAL 8.8932e-01 (8.8017e-01)
Epoch: [14][ 30/112]	L_Src_Sup 2.3194e-01 (1.8354e-01)	L_Trg_Inj 2.7993e-01 (2.9121e-01)	Loss Disc 6.9580e-01 (6.9167e-01)	Loss Pred 4.7809e-01 (4.8099e-01)	Loss TOTAL 8.7717e-01 (8.7945e-01)
Epoch: [14][ 40/112]	L_Src_Sup 1.8493e-01 (1.8553e-01)	L_Trg_Inj 3.7237e-01 (2.9150e-01)	Loss Disc 6.9056e-01 (6.9173e-01)	Loss Pred 5.0324e-01 (4.8437e-01)	Loss TOTAL 9.0425e-01 (8.8255e-01)
Epoch: [14][ 50/112]	L_Src_Sup 1.3928e-01 (1.8793e-01)	L_Trg_Inj 3.4352e-01 (2.9625e-01)	Loss Disc 6.9011e-01 (6.9146e-01)	Loss Pred 4.6553e-01 (4.8260e-01)	Loss TOTAL 8.5887e-01 (8.8105e-01)
Epoch: [14][ 60/112]	L_Src_Sup 1.9309e-01 (1.8984e-01)	L_Trg_Inj 4.0360e-01 (2.9839e-01)	Loss Disc 6.9111e-01 (6.9154e-01)	Loss Pred 4.7161e-01 (4.8330e-01)	Loss TOTAL 8.7683e-01 (8.8148e-01)
Epoch: [14][ 70/112]	L_Src_Sup 2.9842e-01 (1.9413e-01)	L_Trg_Inj 2.3419e-01 (2.9528e-01)	Loss Disc 6.9222e-01 (6.9164e-01)	Loss Pred 4.7162e-01 (4.8362e-01)	Loss TOTAL 9.3521e-01 (8.8335e-01)
Epoch: [14][ 80/112]	L_Src_Sup 1.7551e-01 (1.9560e-01)	L_Trg_Inj 2.1857e-01 (2.9255e-01)	Loss Disc 6.9192e-01 (6.9165e-01)	Loss Pred 4.7134e-01 (4.8378e-01)	Loss TOTAL 8.5671e-01 (8.8279e-01)
Epoch: [14][ 90/112]	L_Src_Sup 9.0972e-02 (1.9288e-01)	L_Trg_Inj 2.4980e-01 (2.8921e-01)	Loss Disc 6.9180e-01 (6.9156e-01)	Loss Pred 4.9690e-01 (4.8377e-01)	Loss TOTAL 8.7688e-01 (8.8242e-01)
Epoch: [14][100/112]	L_Src_Sup 1.6629e-01 (1.9230e-01)	L_Trg_Inj 3.9029e-01 (2.9074e-01)	Loss Disc 6.9329e-01 (6.9163e-01)	Loss Pred 5.0324e-01 (4.8489e-01)	Loss TOTAL 9.0555e-01 (8.8321e-01)
Epoch: [14][110/112]	L_Src_Sup 3.2778e-01 (1.9639e-01)	L_Trg_Inj 2.0261e-01 (2.8778e-01)	Loss Disc 6.9164e-01 (6.9173e-01)	Loss Pred 4.9690e-01 (4.8524e-01)	Loss TOTAL 1.0209e+00 (8.8562e-01)
Epoch: [14][112/112]	L_Src_Sup 2.8349e-01 (1.9666e-01)	L_Trg_Inj 2.3363e-01 (2.8779e-01)	Loss Disc 6.9023e-01 (6.9170e-01)	Loss Pred 4.3377e-01 (4.8461e-01)	Loss TOTAL 8.8045e-01 (8.8533e-01)
Epoch 14 complete. Saving model state...
Epoch: [15][ 10/112]	L_Src_Sup 2.0696e-01 (1.9618e-01)	L_Trg_Inj 3.1194e-01 (3.2933e-01)	Loss Disc 6.9008e-01 (6.9044e-01)	Loss Pred 4.5896e-01 (4.8994e-01)	Loss TOTAL 8.5590e-01 (8.8923e-01)
Epoch: [15][ 20/112]	L_Src_Sup 2.3220e-01 (1.9213e-01)	L_Trg_Inj 2.8046e-01 (3.0888e-01)	Loss Disc 6.9223e-01 (6.9119e-01)	Loss Pred 4.8419e-01 (4.8681e-01)	Loss TOTAL 8.8157e-01 (8.8542e-01)
Epoch: [15][ 30/112]	L_Src_Sup 1.9647e-01 (2.0104e-01)	L_Trg_Inj 3.4291e-01 (3.0147e-01)	Loss Disc 6.9115e-01 (6.9139e-01)	Loss Pred 4.8421e-01 (4.8640e-01)	Loss TOTAL 8.8372e-01 (8.8752e-01)
Epoch: [15][ 40/112]	L_Src_Sup 2.0012e-01 (1.9387e-01)	L_Trg_Inj 2.4927e-01 (2.9888e-01)	Loss Disc 6.9181e-01 (6.9144e-01)	Loss Pred 4.9741e-01 (4.8735e-01)	Loss TOTAL 8.8826e-01 (8.8647e-01)
Epoch: [15][ 50/112]	L_Src_Sup 2.5015e-01 (1.9521e-01)	L_Trg_Inj 2.8045e-01 (2.9699e-01)	Loss Disc 6.9199e-01 (6.9145e-01)	Loss Pred 4.8442e-01 (4.8510e-01)	Loss TOTAL 8.8347e-01 (8.8451e-01)
Epoch: [15][ 60/112]	L_Src_Sup 1.4067e-01 (1.9367e-01)	L_Trg_Inj 4.5219e-01 (2.9578e-01)	Loss Disc 6.9039e-01 (6.9151e-01)	Loss Pred 4.7155e-01 (4.8538e-01)	Loss TOTAL 8.7604e-01 (8.8495e-01)
Epoch: [15][ 70/112]	L_Src_Sup 1.1099e-01 (1.9432e-01)	L_Trg_Inj 2.9624e-01 (2.9001e-01)	Loss Disc 6.9151e-01 (6.9161e-01)	Loss Pred 5.0334e-01 (4.8585e-01)	Loss TOTAL 8.8981e-01 (8.8502e-01)
Epoch: [15][ 80/112]	L_Src_Sup 2.3435e-01 (1.9671e-01)	L_Trg_Inj 2.3331e-01 (2.8921e-01)	Loss Disc 6.9022e-01 (6.9157e-01)	Loss Pred 4.9068e-01 (4.8478e-01)	Loss TOTAL 8.8360e-01 (8.8458e-01)
Epoch: [15][ 90/112]	L_Src_Sup 1.8522e-01 (1.9803e-01)	L_Trg_Inj 3.5880e-01 (2.8914e-01)	Loss Disc 6.9151e-01 (6.9160e-01)	Loss Pred 5.1092e-01 (4.8516e-01)	Loss TOTAL 9.1108e-01 (8.8540e-01)
Epoch: [15][100/112]	L_Src_Sup 2.1432e-01 (2.0120e-01)	L_Trg_Inj 4.2142e-01 (2.9112e-01)	Loss Disc 6.8978e-01 (6.9154e-01)	Loss Pred 4.8419e-01 (4.8501e-01)	Loss TOTAL 8.9266e-01 (8.8551e-01)
Epoch: [15][110/112]	L_Src_Sup 1.8970e-01 (2.0001e-01)	L_Trg_Inj 1.7162e-01 (2.9064e-01)	Loss Disc 6.9248e-01 (6.9154e-01)	Loss Pred 4.5902e-01 (4.8488e-01)	Loss TOTAL 8.5946e-01 (8.8488e-01)
Epoch: [15][112/112]	L_Src_Sup 1.6368e-01 (1.9977e-01)	L_Trg_Inj 2.4963e-01 (2.9060e-01)	Loss Disc 6.9167e-01 (6.9154e-01)	Loss Pred 4.9705e-01 (4.8481e-01)	Loss TOTAL 8.8421e-01 (8.8469e-01)
Epoch 15 complete. Saving model state...
Epoch: [16][ 10/112]	L_Src_Sup 2.3031e-01 (1.8073e-01)	L_Trg_Inj 3.2780e-01 (3.3112e-01)	Loss Disc 6.9134e-01 (6.9138e-01)	Loss Pred 4.7788e-01 (4.8678e-01)	Loss TOTAL 8.7936e-01 (8.8520e-01)
Epoch: [16][ 20/112]	L_Src_Sup 1.5636e-01 (1.7945e-01)	L_Trg_Inj 2.0275e-01 (3.0537e-01)	Loss Disc 6.9311e-01 (6.9195e-01)	Loss Pred 4.5909e-01 (4.7669e-01)	Loss TOTAL 8.4156e-01 (8.7578e-01)
Epoch: [16][ 30/112]	L_Src_Sup 2.0549e-01 (1.9006e-01)	L_Trg_Inj 3.4203e-01 (2.9871e-01)	Loss Disc 6.9118e-01 (6.9205e-01)	Loss Pred 4.5245e-01 (4.7646e-01)	Loss TOTAL 8.5279e-01 (8.7747e-01)
Epoch: [16][ 40/112]	L_Src_Sup 2.3615e-01 (1.9792e-01)	L_Trg_Inj 3.7493e-01 (3.0540e-01)	Loss Disc 6.8766e-01 (6.9171e-01)	Loss Pred 4.9038e-01 (4.7925e-01)	Loss TOTAL 8.9532e-01 (8.8078e-01)
Epoch: [16][ 50/112]	L_Src_Sup 2.4149e-01 (1.9880e-01)	L_Trg_Inj 3.1244e-01 (3.0405e-01)	Loss Disc 6.9553e-01 (6.9126e-01)	Loss Pred 4.5985e-01 (4.8166e-01)	Loss TOTAL 8.6301e-01 (8.8392e-01)
Epoch: [16][ 60/112]	L_Src_Sup 2.2225e-01 (1.9996e-01)	L_Trg_Inj 2.4995e-01 (2.9718e-01)	Loss Disc 6.8800e-01 (6.9122e-01)	Loss Pred 4.5310e-01 (4.8138e-01)	Loss TOTAL 8.4432e-01 (8.8254e-01)
Epoch: [16][ 70/112]	L_Src_Sup 1.6824e-01 (1.9740e-01)	L_Trg_Inj 1.8745e-01 (2.9295e-01)	Loss Disc 6.9366e-01 (6.9121e-01)	Loss Pred 5.1580e-01 (4.8269e-01)	Loss TOTAL 8.9819e-01 (8.8269e-01)
Epoch: [16][ 80/112]	L_Src_Sup 3.4238e-01 (2.0146e-01)	L_Trg_Inj 2.8317e-01 (2.9373e-01)	Loss Disc 6.9077e-01 (6.9115e-01)	Loss Pred 4.9011e-01 (4.8314e-01)	Loss TOTAL 9.5726e-01 (8.8425e-01)
Epoch: [16][ 90/112]	L_Src_Sup 1.6221e-01 (1.9835e-01)	L_Trg_Inj 2.4995e-01 (2.9416e-01)	Loss Disc 6.9120e-01 (6.9103e-01)	Loss Pred 4.9051e-01 (4.8355e-01)	Loss TOTAL 8.7732e-01 (8.8365e-01)
Epoch: [16][100/112]	L_Src_Sup 1.5792e-01 (1.9834e-01)	L_Trg_Inj 3.1244e-01 (2.9349e-01)	Loss Disc 6.8858e-01 (6.9102e-01)	Loss Pred 4.7136e-01 (4.8412e-01)	Loss TOTAL 8.6268e-01 (8.8374e-01)
Epoch: [16][110/112]	L_Src_Sup 1.6164e-01 (1.9418e-01)	L_Trg_Inj 2.1869e-01 (2.9379e-01)	Loss Disc 6.9538e-01 (6.9098e-01)	Loss Pred 5.6649e-01 (4.8477e-01)	Loss TOTAL 9.5222e-01 (8.8371e-01)
Epoch: [16][112/112]	L_Src_Sup 1.7547e-01 (1.9560e-01)	L_Trg_Inj 2.0446e-01 (2.9288e-01)	Loss Disc 6.9250e-01 (6.9100e-01)	Loss Pred 4.7139e-01 (4.8459e-01)	Loss TOTAL 8.5563e-01 (8.8432e-01)
Epoch 16 complete. Saving model state...
Epoch: [17][ 10/112]	L_Src_Sup 2.4534e-01 (2.2112e-01)	L_Trg_Inj 3.2806e-01 (2.6085e-01)	Loss Disc 6.8947e-01 (6.9138e-01)	Loss Pred 5.2213e-01 (4.9443e-01)	Loss TOTAL 9.2420e-01 (8.9830e-01)
Epoch: [17][ 20/112]	L_Src_Sup 2.4354e-01 (2.1614e-01)	L_Trg_Inj 2.9887e-01 (2.7893e-01)	Loss Disc 6.8960e-01 (6.9073e-01)	Loss Pred 4.6534e-01 (4.8503e-01)	Loss TOTAL 8.6438e-01 (8.8724e-01)
Epoch: [17][ 30/112]	L_Src_Sup 2.2228e-01 (2.1524e-01)	L_Trg_Inj 3.7492e-01 (2.7447e-01)	Loss Disc 6.8884e-01 (6.9113e-01)	Loss Pred 5.0977e-01 (4.8500e-01)	Loss TOTAL 9.1391e-01 (8.8751e-01)
Epoch: [17][ 40/112]	L_Src_Sup 1.1867e-01 (2.1058e-01)	L_Trg_Inj 3.1242e-01 (2.8398e-01)	Loss Disc 6.8951e-01 (6.9064e-01)	Loss Pred 4.4626e-01 (4.8402e-01)	Loss TOTAL 8.3413e-01 (8.8478e-01)
Epoch: [17][ 50/112]	L_Src_Sup 2.6421e-01 (2.1256e-01)	L_Trg_Inj 2.9679e-01 (2.9158e-01)	Loss Disc 6.9225e-01 (6.9078e-01)	Loss Pred 5.2220e-01 (4.8332e-01)	Loss TOTAL 9.2442e-01 (8.8482e-01)
Epoch: [17][ 60/112]	L_Src_Sup 2.0566e-01 (2.1248e-01)	L_Trg_Inj 2.6165e-01 (2.9551e-01)	Loss Disc 6.9097e-01 (6.9075e-01)	Loss Pred 5.1600e-01 (4.8315e-01)	Loss TOTAL 9.0821e-01 (8.8422e-01)
Epoch: [17][ 70/112]	L_Src_Sup 3.0382e-01 (2.1060e-01)	L_Trg_Inj 2.4994e-01 (2.9464e-01)	Loss Disc 6.9225e-01 (6.9063e-01)	Loss Pred 4.8428e-01 (4.8485e-01)	Loss TOTAL 9.3967e-01 (8.8587e-01)
Epoch: [17][ 80/112]	L_Src_Sup 2.5016e-01 (2.1324e-01)	L_Trg_Inj 3.5928e-01 (2.9591e-01)	Loss Disc 6.8801e-01 (6.9086e-01)	Loss Pred 4.8419e-01 (4.8589e-01)	Loss TOTAL 8.8914e-01 (8.8762e-01)
Epoch: [17][ 90/112]	L_Src_Sup 1.7156e-01 (2.1518e-01)	L_Trg_Inj 1.8742e-01 (2.9102e-01)	Loss Disc 6.9427e-01 (6.9086e-01)	Loss Pred 5.2859e-01 (4.8564e-01)	Loss TOTAL 9.1162e-01 (8.8848e-01)
Epoch: [17][100/112]	L_Src_Sup 3.2253e-01 (2.1574e-01)	L_Trg_Inj 3.7485e-01 (2.9081e-01)	Loss Disc 6.8949e-01 (6.9094e-01)	Loss Pred 4.4644e-01 (4.8540e-01)	Loss TOTAL 8.6092e-01 (8.8764e-01)
Epoch: [17][110/112]	L_Src_Sup 1.6085e-01 (2.1750e-01)	L_Trg_Inj 3.1233e-01 (2.9021e-01)	Loss Disc 6.9181e-01 (6.9100e-01)	Loss Pred 4.8393e-01 (4.8478e-01)	Loss TOTAL 8.7715e-01 (8.8914e-01)
Epoch: [17][112/112]	L_Src_Sup 1.9859e-01 (2.1688e-01)	L_Trg_Inj 2.6540e-01 (2.9060e-01)	Loss Disc 6.9233e-01 (6.9102e-01)	Loss Pred 4.9059e-01 (4.8505e-01)	Loss TOTAL 8.8315e-01 (8.8926e-01)
Epoch 17 complete. Saving model state...
Epoch: [18][ 10/112]	L_Src_Sup 1.2105e-01 (1.9098e-01)	L_Trg_Inj 3.1236e-01 (2.9111e-01)	Loss Disc 6.9097e-01 (6.9198e-01)	Loss Pred 4.5900e-01 (4.8190e-01)	Loss TOTAL 8.4783e-01 (8.7610e-01)
Epoch: [18][ 20/112]	L_Src_Sup 2.3028e-01 (1.9057e-01)	L_Trg_Inj 2.0296e-01 (2.9479e-01)	Loss Disc 6.9302e-01 (6.9189e-01)	Loss Pred 4.7788e-01 (4.8214e-01)	Loss TOTAL 8.9504e-01 (8.8001e-01)
Epoch: [18][ 30/112]	L_Src_Sup 1.8046e-01 (1.9198e-01)	L_Trg_Inj 2.6537e-01 (2.8710e-01)	Loss Disc 6.9169e-01 (6.9189e-01)	Loss Pred 4.9040e-01 (4.8433e-01)	Loss TOTAL 8.8083e-01 (8.8150e-01)
Epoch: [18][ 40/112]	L_Src_Sup 1.9439e-01 (1.8732e-01)	L_Trg_Inj 2.9656e-01 (2.8980e-01)	Loss Disc 6.9206e-01 (6.9183e-01)	Loss Pred 4.7127e-01 (4.8525e-01)	Loss TOTAL 8.6639e-01 (8.8136e-01)
Epoch: [18][ 50/112]	L_Src_Sup 1.9040e-01 (1.8371e-01)	L_Trg_Inj 2.4680e-01 (2.9503e-01)	Loss Disc 6.9354e-01 (6.9184e-01)	Loss Pred 4.5864e-01 (4.8580e-01)	Loss TOTAL 8.4913e-01 (8.8158e-01)
Epoch: [18][ 60/112]	L_Src_Sup 3.1712e-01 (1.9130e-01)	L_Trg_Inj 2.9675e-01 (3.0045e-01)	Loss Disc 6.9082e-01 (6.9179e-01)	Loss Pred 4.7173e-01 (4.8610e-01)	Loss TOTAL 8.9889e-01 (8.8317e-01)
Epoch: [18][ 70/112]	L_Src_Sup 2.9598e-01 (1.9244e-01)	L_Trg_Inj 2.1871e-01 (2.9533e-01)	Loss Disc 6.9191e-01 (6.9177e-01)	Loss Pred 4.6522e-01 (4.8395e-01)	Loss TOTAL 9.3991e-01 (8.8194e-01)
Epoch: [18][ 80/112]	L_Src_Sup 1.8802e-01 (1.9104e-01)	L_Trg_Inj 2.0984e-01 (2.9288e-01)	Loss Disc 6.7287e-01 (6.9063e-01)	Loss Pred 5.0924e-01 (4.8399e-01)	Loss TOTAL 8.8547e-01 (8.8061e-01)
Epoch: [18][ 90/112]	L_Src_Sup 1.4663e-01 (1.9032e-01)	L_Trg_Inj 2.6673e-01 (2.8861e-01)	Loss Disc 6.7012e-01 (6.8875e-01)	Loss Pred 4.9674e-01 (4.8428e-01)	Loss TOTAL 8.7314e-01 (8.7956e-01)
Epoch: [18][100/112]	L_Src_Sup 1.8049e-01 (1.9057e-01)	L_Trg_Inj 2.9653e-01 (2.8817e-01)	Loss Disc 6.8531e-01 (6.8826e-01)	Loss Pred 4.9054e-01 (4.8409e-01)	Loss TOTAL 8.8090e-01 (8.8020e-01)
Epoch: [18][110/112]	L_Src_Sup 1.5667e-01 (1.9032e-01)	L_Trg_Inj 2.3405e-01 (2.8677e-01)	Loss Disc 6.9152e-01 (6.8879e-01)	Loss Pred 4.6497e-01 (4.8427e-01)	Loss TOTAL 8.4980e-01 (8.8035e-01)
Epoch: [18][112/112]	L_Src_Sup 2.0773e-01 (1.9005e-01)	L_Trg_Inj 2.8083e-01 (2.8682e-01)	Loss Disc 6.9135e-01 (6.8885e-01)	Loss Pred 5.2215e-01 (4.8460e-01)	Loss TOTAL 9.1668e-01 (8.8062e-01)
Epoch 18 complete. Saving model state...
Epoch: [19][ 10/112]	L_Src_Sup 3.0784e-01 (2.0226e-01)	L_Trg_Inj 3.4313e-01 (2.9575e-01)	Loss Disc 6.8696e-01 (6.9104e-01)	Loss Pred 5.3496e-01 (5.0133e-01)	Loss TOTAL 9.4354e-01 (8.9665e-01)
Epoch: [19][ 20/112]	L_Src_Sup 1.9821e-01 (1.9889e-01)	L_Trg_Inj 2.0280e-01 (2.7188e-01)	Loss Disc 6.9413e-01 (6.9138e-01)	Loss Pred 4.9033e-01 (5.0450e-01)	Loss TOTAL 8.7749e-01 (9.0757e-01)
Epoch: [19][ 30/112]	L_Src_Sup 2.0001e-01 (1.9856e-01)	L_Trg_Inj 2.0271e-01 (2.7535e-01)	Loss Disc 6.9405e-01 (6.9194e-01)	Loss Pred 4.9691e-01 (4.9860e-01)	Loss TOTAL 8.8420e-01 (8.9883e-01)
Epoch: [19][ 40/112]	L_Src_Sup 1.7310e-01 (1.9652e-01)	L_Trg_Inj 2.1837e-01 (2.7631e-01)	Loss Disc 6.9320e-01 (6.9239e-01)	Loss Pred 5.3486e-01 (4.9583e-01)	Loss TOTAL 9.2061e-01 (8.9446e-01)
Epoch: [19][ 50/112]	L_Src_Sup 2.0372e-01 (2.0198e-01)	L_Trg_Inj 2.6511e-01 (2.8718e-01)	Loss Disc 6.9151e-01 (6.9188e-01)	Loss Pred 5.0954e-01 (4.9327e-01)	Loss TOTAL 9.0217e-01 (8.9250e-01)
Epoch: [19][ 60/112]	L_Src_Sup 1.9300e-01 (1.9701e-01)	L_Trg_Inj 2.8075e-01 (2.9079e-01)	Loss Disc 6.9244e-01 (6.9152e-01)	Loss Pred 4.7149e-01 (4.9018e-01)	Loss TOTAL 8.6508e-01 (8.8836e-01)
Epoch: [19][ 70/112]	L_Src_Sup 1.8349e-01 (1.9694e-01)	L_Trg_Inj 3.1189e-01 (2.9336e-01)	Loss Disc 6.9208e-01 (6.9159e-01)	Loss Pred 5.1319e-01 (4.9104e-01)	Loss TOTAL 9.0877e-01 (8.8915e-01)
Epoch: [19][ 80/112]	L_Src_Sup 2.6417e-01 (1.9785e-01)	L_Trg_Inj 2.3402e-01 (2.8793e-01)	Loss Disc 6.9316e-01 (6.9152e-01)	Loss Pred 5.2232e-01 (4.8845e-01)	Loss TOTAL 9.4886e-01 (8.8664e-01)
Epoch: [19][ 90/112]	L_Src_Sup 9.4344e-02 (1.9790e-01)	L_Trg_Inj 1.8717e-01 (2.8768e-01)	Loss Disc 6.9527e-01 (6.9159e-01)	Loss Pred 5.2231e-01 (4.8742e-01)	Loss TOTAL 8.9809e-01 (8.8557e-01)
Epoch: [19][100/112]	L_Src_Sup 1.5930e-01 (1.9573e-01)	L_Trg_Inj 2.8083e-01 (2.8747e-01)	Loss Disc 6.9172e-01 (6.9161e-01)	Loss Pred 4.7805e-01 (4.8590e-01)	Loss TOTAL 8.6792e-01 (8.8365e-01)
Epoch: [19][110/112]	L_Src_Sup 1.5791e-01 (1.9423e-01)	L_Trg_Inj 3.1195e-01 (2.8513e-01)	Loss Disc 6.9065e-01 (6.9163e-01)	Loss Pred 4.7163e-01 (4.8536e-01)	Loss TOTAL 8.6394e-01 (8.8299e-01)
Epoch: [19][112/112]	L_Src_Sup 2.4349e-01 (1.9537e-01)	L_Trg_Inj 2.6718e-01 (2.8466e-01)	Loss Disc 6.9096e-01 (6.9162e-01)	Loss Pred 4.6553e-01 (4.8529e-01)	Loss TOTAL 8.6208e-01 (8.8312e-01)
Epoch 19 complete. Saving model state...
Epoch: [20][ 10/112]	L_Src_Sup 1.6365e-01 (1.8282e-01)	L_Trg_Inj 2.4975e-01 (2.6393e-01)	Loss Disc 6.9181e-01 (6.9163e-01)	Loss Pred 4.9656e-01 (4.8478e-01)	Loss TOTAL 8.8380e-01 (8.8424e-01)
Epoch: [20][ 20/112]	L_Src_Sup 2.8321e-01 (2.0579e-01)	L_Trg_Inj 4.0893e-01 (2.8750e-01)	Loss Disc 6.8820e-01 (6.9081e-01)	Loss Pred 4.7779e-01 (4.8137e-01)	Loss TOTAL 8.9111e-01 (8.8138e-01)
Epoch: [20][ 30/112]	L_Src_Sup 2.3425e-01 (2.0170e-01)	L_Trg_Inj 2.3403e-01 (2.8489e-01)	Loss Disc 6.9176e-01 (6.9111e-01)	Loss Pred 4.9051e-01 (4.8338e-01)	Loss TOTAL 8.8344e-01 (8.8204e-01)
Epoch: [20][ 40/112]	L_Src_Sup 1.5930e-01 (1.9721e-01)	L_Trg_Inj 3.7458e-01 (2.9801e-01)	Loss Disc 6.8935e-01 (6.9083e-01)	Loss Pred 4.7767e-01 (4.8346e-01)	Loss TOTAL 8.7573e-01 (8.8283e-01)
Epoch: [20][ 50/112]	L_Src_Sup 2.7829e-01 (1.9774e-01)	L_Trg_Inj 2.8088e-01 (2.9502e-01)	Loss Disc 6.9094e-01 (6.9086e-01)	Loss Pred 4.6520e-01 (4.8372e-01)	Loss TOTAL 8.6659e-01 (8.8306e-01)
Epoch: [20][ 60/112]	L_Src_Sup 1.5797e-01 (1.9803e-01)	L_Trg_Inj 3.2756e-01 (2.9573e-01)	Loss Disc 6.8988e-01 (6.9083e-01)	Loss Pred 4.7163e-01 (4.8253e-01)	Loss TOTAL 8.6512e-01 (8.8288e-01)
Epoch: [20][ 70/112]	L_Src_Sup 1.5397e-01 (1.9500e-01)	L_Trg_Inj 3.4305e-01 (2.9550e-01)	Loss Disc 6.9049e-01 (6.9085e-01)	Loss Pred 4.5292e-01 (4.8250e-01)	Loss TOTAL 8.4787e-01 (8.8174e-01)
Epoch: [20][ 80/112]	L_Src_Sup 1.3918e-01 (1.9304e-01)	L_Trg_Inj 3.1157e-01 (2.9344e-01)	Loss Disc 6.9053e-01 (6.9091e-01)	Loss Pred 4.6525e-01 (4.8309e-01)	Loss TOTAL 8.5559e-01 (8.8184e-01)
Epoch: [20][ 90/112]	L_Src_Sup 1.4822e-01 (1.9372e-01)	L_Trg_Inj 2.0271e-01 (2.9166e-01)	Loss Disc 6.9283e-01 (6.9097e-01)	Loss Pred 5.0942e-01 (4.8496e-01)	Loss TOTAL 8.9093e-01 (8.8385e-01)
Epoch: [20][100/112]	L_Src_Sup 2.1064e-01 (1.9538e-01)	L_Trg_Inj 2.8282e-01 (2.9042e-01)	Loss Disc 6.9117e-01 (6.9103e-01)	Loss Pred 4.7141e-01 (4.8456e-01)	Loss TOTAL 8.6634e-01 (8.8335e-01)
Epoch: [20][110/112]	L_Src_Sup 1.2291e-01 (1.9461e-01)	L_Trg_Inj 2.9657e-01 (2.8699e-01)	Loss Disc 6.9152e-01 (6.9112e-01)	Loss Pred 4.7166e-01 (4.8424e-01)	Loss TOTAL 8.5937e-01 (8.8450e-01)
Epoch: [20][112/112]	L_Src_Sup 1.7881e-01 (1.9389e-01)	L_Trg_Inj 3.1208e-01 (2.8730e-01)	Loss Disc 6.9104e-01 (6.9113e-01)	Loss Pred 4.8414e-01 (4.8446e-01)	Loss TOTAL 8.7875e-01 (8.8457e-01)
Epoch 20 complete. Saving model state...
Epoch: [21][ 10/112]	L_Src_Sup 2.4382e-01 (2.0371e-01)	L_Trg_Inj 2.6519e-01 (2.8267e-01)	Loss Disc 6.9256e-01 (6.9175e-01)	Loss Pred 4.6536e-01 (4.7282e-01)	Loss TOTAL 8.6254e-01 (8.7144e-01)
Epoch: [21][ 20/112]	L_Src_Sup 2.2466e-01 (2.0645e-01)	L_Trg_Inj 3.5879e-01 (2.9732e-01)	Loss Disc 6.9207e-01 (6.9178e-01)	Loss Pred 5.1582e-01 (4.7849e-01)	Loss TOTAL 9.2020e-01 (8.7930e-01)
Epoch: [21][ 30/112]	L_Src_Sup 2.8889e-01 (2.1798e-01)	L_Trg_Inj 3.2764e-01 (2.9821e-01)	Loss Disc 6.9125e-01 (6.9181e-01)	Loss Pred 4.8401e-01 (4.8331e-01)	Loss TOTAL 8.9128e-01 (8.8821e-01)
Epoch: [21][ 40/112]	L_Src_Sup 2.6801e-01 (2.1647e-01)	L_Trg_Inj 2.1806e-01 (2.9030e-01)	Loss Disc 6.9085e-01 (6.9155e-01)	Loss Pred 4.8396e-01 (4.8446e-01)	Loss TOTAL 9.2794e-01 (8.8875e-01)
Epoch: [21][ 50/112]	L_Src_Sup 2.4371e-01 (2.1045e-01)	L_Trg_Inj 3.5796e-01 (2.8928e-01)	Loss Disc 6.9641e-01 (6.9163e-01)	Loss Pred 4.6516e-01 (4.8516e-01)	Loss TOTAL 8.7353e-01 (8.8832e-01)
Epoch: [21][ 60/112]	L_Src_Sup 1.6118e-01 (2.1008e-01)	L_Trg_Inj 3.7441e-01 (2.9053e-01)	Loss Disc 6.8765e-01 (6.9147e-01)	Loss Pred 4.8414e-01 (4.8531e-01)	Loss TOTAL 8.8153e-01 (8.8862e-01)
Epoch: [21][ 70/112]	L_Src_Sup 2.6860e-01 (2.0676e-01)	L_Trg_Inj 2.6503e-01 (2.9429e-01)	Loss Disc 6.9298e-01 (6.9131e-01)	Loss Pred 4.8430e-01 (4.8236e-01)	Loss TOTAL 8.8772e-01 (8.8468e-01)
Epoch: [21][ 80/112]	L_Src_Sup 3.2770e-01 (2.0789e-01)	L_Trg_Inj 2.9653e-01 (2.9357e-01)	Loss Disc 6.9314e-01 (6.9144e-01)	Loss Pred 4.9684e-01 (4.8283e-01)	Loss TOTAL 9.3701e-01 (8.8527e-01)
Epoch: [21][ 90/112]	L_Src_Sup 2.0377e-01 (2.0915e-01)	L_Trg_Inj 3.4339e-01 (2.9252e-01)	Loss Disc 6.9226e-01 (6.9155e-01)	Loss Pred 5.0940e-01 (4.8346e-01)	Loss TOTAL 9.1024e-01 (8.8676e-01)
Epoch: [21][100/112]	L_Src_Sup 2.1826e-01 (2.0464e-01)	L_Trg_Inj 2.9638e-01 (2.9089e-01)	Loss Disc 6.9237e-01 (6.9163e-01)	Loss Pred 4.9684e-01 (4.8334e-01)	Loss TOTAL 8.9449e-01 (8.8532e-01)
Epoch: [21][110/112]	L_Src_Sup 3.2742e-01 (2.0440e-01)	L_Trg_Inj 2.8066e-01 (2.8970e-01)	Loss Disc 6.9173e-01 (6.9167e-01)	Loss Pred 5.1705e-01 (4.8474e-01)	Loss TOTAL 9.7049e-01 (8.8782e-01)
Epoch: [21][112/112]	L_Src_Sup 1.2395e-01 (2.0369e-01)	L_Trg_Inj 2.1843e-01 (2.8843e-01)	Loss Disc 6.9197e-01 (6.9168e-01)	Loss Pred 4.7784e-01 (4.8439e-01)	Loss TOTAL 8.5807e-01 (8.8714e-01)
Epoch 21 complete. Saving model state...
Epoch: [22][ 10/112]	L_Src_Sup 2.3963e-01 (2.0183e-01)	L_Trg_Inj 2.1841e-01 (2.5915e-01)	Loss Disc 6.9200e-01 (6.9239e-01)	Loss Pred 4.5239e-01 (4.9151e-01)	Loss TOTAL 8.6541e-01 (8.9624e-01)
Epoch: [22][ 20/112]	L_Src_Sup 2.0231e-01 (2.1353e-01)	L_Trg_Inj 1.8855e-01 (2.6716e-01)	Loss Disc 6.9290e-01 (6.9216e-01)	Loss Pred 5.0316e-01 (4.9327e-01)	Loss TOTAL 9.0245e-01 (8.9921e-01)
Epoch: [22][ 30/112]	L_Src_Sup 2.3748e-01 (2.0302e-01)	L_Trg_Inj 2.9641e-01 (2.7895e-01)	Loss Disc 6.9177e-01 (6.9217e-01)	Loss Pred 4.4616e-01 (4.9231e-01)	Loss TOTAL 8.4543e-01 (8.9494e-01)
Epoch: [22][ 40/112]	L_Src_Sup 3.1218e-01 (2.0413e-01)	L_Trg_Inj 3.7419e-01 (2.8563e-01)	Loss Disc 6.9158e-01 (6.9213e-01)	Loss Pred 5.0305e-01 (4.9029e-01)	Loss TOTAL 9.1748e-01 (8.9173e-01)
Epoch: [22][ 50/112]	L_Src_Sup 1.8049e-01 (2.0691e-01)	L_Trg_Inj 2.8056e-01 (2.8428e-01)	Loss Disc 6.9211e-01 (6.9215e-01)	Loss Pred 4.9053e-01 (4.8792e-01)	Loss TOTAL 8.8269e-01 (8.9103e-01)
Epoch: [22][ 60/112]	L_Src_Sup 3.3866e-01 (2.0641e-01)	L_Trg_Inj 4.0415e-01 (2.8630e-01)	Loss Disc 6.9127e-01 (6.9212e-01)	Loss Pred 4.7827e-01 (4.8582e-01)	Loss TOTAL 8.9819e-01 (8.8838e-01)
Epoch: [22][ 70/112]	L_Src_Sup 1.5681e-01 (2.0255e-01)	L_Trg_Inj 4.2008e-01 (2.9184e-01)	Loss Disc 6.9004e-01 (6.9199e-01)	Loss Pred 4.6502e-01 (4.8540e-01)	Loss TOTAL 8.6774e-01 (8.8702e-01)
Epoch: [22][ 80/112]	L_Src_Sup 2.3893e-01 (2.0565e-01)	L_Trg_Inj 3.1164e-01 (2.8979e-01)	Loss Disc 6.9077e-01 (6.9188e-01)	Loss Pred 5.0308e-01 (4.8454e-01)	Loss TOTAL 9.0352e-01 (8.8673e-01)
Epoch: [22][ 90/112]	L_Src_Sup 1.4048e-01 (2.0476e-01)	L_Trg_Inj 3.4229e-01 (2.9216e-01)	Loss Disc 6.9021e-01 (6.9174e-01)	Loss Pred 4.7163e-01 (4.8450e-01)	Loss TOTAL 8.6502e-01 (8.8654e-01)
Epoch: [22][100/112]	L_Src_Sup 1.1169e-01 (2.0289e-01)	L_Trg_Inj 2.7991e-01 (2.8989e-01)	Loss Disc 6.9195e-01 (6.9173e-01)	Loss Pred 5.0936e-01 (4.8402e-01)	Loss TOTAL 8.9450e-01 (8.8618e-01)
Epoch: [22][110/112]	L_Src_Sup 2.0180e-01 (2.0133e-01)	L_Trg_Inj 2.9466e-01 (2.9091e-01)	Loss Disc 6.8967e-01 (6.9166e-01)	Loss Pred 4.9693e-01 (4.8448e-01)	Loss TOTAL 8.9142e-01 (8.8649e-01)
Epoch: [22][112/112]	L_Src_Sup 2.9913e-01 (2.0219e-01)	L_Trg_Inj 2.4879e-01 (2.9015e-01)	Loss Disc 6.9140e-01 (6.9163e-01)	Loss Pred 4.7142e-01 (4.8442e-01)	Loss TOTAL 9.2225e-01 (8.8675e-01)
Epoch 22 complete. Saving model state...
Epoch: [23][ 10/112]	L_Src_Sup 2.6153e-01 (2.4026e-01)	L_Trg_Inj 2.6070e-01 (3.1600e-01)	Loss Disc 6.9037e-01 (6.9105e-01)	Loss Pred 4.6528e-01 (4.8355e-01)	Loss TOTAL 8.6351e-01 (8.9019e-01)
Epoch: [23][ 20/112]	L_Src_Sup 2.9587e-01 (2.3242e-01)	L_Trg_Inj 3.1080e-01 (2.9536e-01)	Loss Disc 6.9080e-01 (6.9106e-01)	Loss Pred 4.6487e-01 (4.7785e-01)	Loss TOTAL 8.7094e-01 (8.8276e-01)
Epoch: [23][ 30/112]	L_Src_Sup 2.2449e-01 (2.2122e-01)	L_Trg_Inj 2.8035e-01 (2.8732e-01)	Loss Disc 6.9145e-01 (6.9132e-01)	Loss Pred 5.1553e-01 (4.8016e-01)	Loss TOTAL 9.1174e-01 (8.8179e-01)
Epoch: [23][ 40/112]	L_Src_Sup 3.0217e-01 (2.1932e-01)	L_Trg_Inj 2.9430e-01 (2.9322e-01)	Loss Disc 6.8985e-01 (6.9115e-01)	Loss Pred 5.2226e-01 (4.8099e-01)	Loss TOTAL 9.3471e-01 (8.8185e-01)
Epoch: [23][ 50/112]	L_Src_Sup 1.7225e-01 (2.0628e-01)	L_Trg_Inj 2.7967e-01 (2.9870e-01)	Loss Disc 6.9443e-01 (6.9115e-01)	Loss Pred 4.5286e-01 (4.8187e-01)	Loss TOTAL 8.4527e-01 (8.8117e-01)
Epoch: [23][ 60/112]	L_Src_Sup 1.6630e-01 (2.0771e-01)	L_Trg_Inj 2.9558e-01 (2.9528e-01)	Loss Disc 6.9030e-01 (6.9123e-01)	Loss Pred 5.0301e-01 (4.8372e-01)	Loss TOTAL 8.9435e-01 (8.8512e-01)
Epoch: [23][ 70/112]	L_Src_Sup 1.8232e-01 (2.0776e-01)	L_Trg_Inj 2.9458e-01 (2.9347e-01)	Loss Disc 6.9150e-01 (6.9129e-01)	Loss Pred 4.9690e-01 (4.8405e-01)	Loss TOTAL 8.9034e-01 (8.8512e-01)
Epoch: [23][ 80/112]	L_Src_Sup 7.3619e-02 (2.0639e-01)	L_Trg_Inj 2.9753e-01 (2.9469e-01)	Loss Disc 6.9128e-01 (6.9130e-01)	Loss Pred 5.0303e-01 (4.8523e-01)	Loss TOTAL 8.8579e-01 (8.8700e-01)
Epoch: [23][ 90/112]	L_Src_Sup 2.7550e-01 (2.0634e-01)	L_Trg_Inj 2.9676e-01 (2.9058e-01)	Loss Disc 6.9040e-01 (6.9125e-01)	Loss Pred 5.0309e-01 (4.8518e-01)	Loss TOTAL 9.0551e-01 (8.8718e-01)
Epoch: [23][100/112]	L_Src_Sup 3.8295e-01 (2.0957e-01)	L_Trg_Inj 3.4560e-01 (2.8910e-01)	Loss Disc 6.8643e-01 (6.9128e-01)	Loss Pred 4.6521e-01 (4.8527e-01)	Loss TOTAL 9.1864e-01 (8.8810e-01)
Epoch: [23][110/112]	L_Src_Sup 1.8976e-01 (2.0798e-01)	L_Trg_Inj 3.2716e-01 (2.9073e-01)	Loss Disc 6.8852e-01 (6.9105e-01)	Loss Pred 4.5884e-01 (4.8499e-01)	Loss TOTAL 8.5479e-01 (8.8704e-01)
Epoch: [23][112/112]	L_Src_Sup 1.3918e-01 (2.0743e-01)	L_Trg_Inj 2.9612e-01 (2.9152e-01)	Loss Disc 6.9027e-01 (6.9103e-01)	Loss Pred 4.6509e-01 (4.8480e-01)	Loss TOTAL 8.5376e-01 (8.8675e-01)
Epoch 23 complete. Saving model state...
Epoch: [24][ 10/112]	L_Src_Sup 1.2615e-01 (1.8150e-01)	L_Trg_Inj 2.1807e-01 (2.8415e-01)	Loss Disc 6.9291e-01 (6.9143e-01)	Loss Pred 4.9052e-01 (4.7858e-01)	Loss TOTAL 8.7139e-01 (8.7342e-01)
Epoch: [24][ 20/112]	L_Src_Sup 2.1851e-01 (1.9949e-01)	L_Trg_Inj 2.6485e-01 (2.8855e-01)	Loss Disc 6.9121e-01 (6.9139e-01)	Loss Pred 4.3973e-01 (4.8573e-01)	Loss TOTAL 8.3367e-01 (8.8400e-01)
Epoch: [24][ 30/112]	L_Src_Sup 2.9562e-01 (1.9526e-01)	L_Trg_Inj 2.3327e-01 (2.8557e-01)	Loss Disc 6.9117e-01 (6.9120e-01)	Loss Pred 4.8399e-01 (4.8519e-01)	Loss TOTAL 9.4481e-01 (8.8346e-01)
Epoch: [24][ 40/112]	L_Src_Sup 1.7552e-01 (1.9761e-01)	L_Trg_Inj 2.8221e-01 (2.8418e-01)	Loss Disc 6.8832e-01 (6.9079e-01)	Loss Pred 4.7122e-01 (4.8350e-01)	Loss TOTAL 8.6115e-01 (8.8273e-01)
Epoch: [24][ 50/112]	L_Src_Sup 2.6092e-01 (1.9699e-01)	L_Trg_Inj 3.9055e-01 (2.9183e-01)	Loss Disc 6.8726e-01 (6.9035e-01)	Loss Pred 4.6494e-01 (4.8387e-01)	Loss TOTAL 8.7372e-01 (8.8285e-01)
Epoch: [24][ 60/112]	L_Src_Sup 1.2846e-01 (1.9682e-01)	L_Trg_Inj 2.1869e-01 (2.9200e-01)	Loss Disc 6.9178e-01 (6.9054e-01)	Loss Pred 5.0296e-01 (4.8580e-01)	Loss TOTAL 8.8357e-01 (8.8454e-01)
Epoch: [24][ 70/112]	L_Src_Sup 2.3642e-01 (1.9995e-01)	L_Trg_Inj 2.8119e-01 (2.8692e-01)	Loss Disc 6.8863e-01 (6.9056e-01)	Loss Pred 4.9682e-01 (4.8574e-01)	Loss TOTAL 8.9290e-01 (8.8462e-01)
Epoch: [24][ 80/112]	L_Src_Sup 2.2023e-01 (2.0013e-01)	L_Trg_Inj 3.7493e-01 (2.9012e-01)	Loss Disc 6.8962e-01 (6.9044e-01)	Loss Pred 5.0307e-01 (4.8522e-01)	Loss TOTAL 9.0739e-01 (8.8376e-01)
Epoch: [24][ 90/112]	L_Src_Sup 4.0013e-01 (2.0260e-01)	L_Trg_Inj 4.3746e-01 (2.9347e-01)	Loss Disc 6.8868e-01 (6.9044e-01)	Loss Pred 4.6490e-01 (4.8488e-01)	Loss TOTAL 8.9300e-01 (8.8380e-01)
Epoch: [24][100/112]	L_Src_Sup 1.0441e-01 (1.9927e-01)	L_Trg_Inj 2.5112e-01 (2.8928e-01)	Loss Disc 6.9177e-01 (6.9057e-01)	Loss Pred 4.6493e-01 (4.8462e-01)	Loss TOTAL 8.4637e-01 (8.8274e-01)
Epoch: [24][110/112]	L_Src_Sup 1.6370e-01 (1.9730e-01)	L_Trg_Inj 2.6555e-01 (2.8656e-01)	Loss Disc 6.9052e-01 (6.9063e-01)	Loss Pred 4.9672e-01 (4.8456e-01)	Loss TOTAL 8.8490e-01 (8.8303e-01)
Epoch: [24][112/112]	L_Src_Sup 1.7867e-01 (1.9710e-01)	L_Trg_Inj 3.4368e-01 (2.8716e-01)	Loss Disc 6.8920e-01 (6.9062e-01)	Loss Pred 4.8438e-01 (4.8444e-01)	Loss TOTAL 8.8122e-01 (8.8286e-01)
Epoch 24 complete. Saving model state...
Epoch: [25][ 10/112]	L_Src_Sup 2.8838e-01 (2.1601e-01)	L_Trg_Inj 3.1242e-01 (2.8287e-01)	Loss Disc 6.8880e-01 (6.9012e-01)	Loss Pred 4.9022e-01 (4.8223e-01)	Loss TOTAL 8.9470e-01 (8.8809e-01)
Epoch: [25][ 20/112]	L_Src_Sup 2.2254e-01 (2.0410e-01)	L_Trg_Inj 3.1245e-01 (2.7897e-01)	Loss Disc 6.9199e-01 (6.9017e-01)	Loss Pred 5.0932e-01 (4.9073e-01)	Loss TOTAL 9.0882e-01 (8.9060e-01)
Epoch: [25][ 30/112]	L_Src_Sup 2.0181e-01 (1.9859e-01)	L_Trg_Inj 2.6222e-01 (2.6449e-01)	Loss Disc 6.9248e-01 (6.9144e-01)	Loss Pred 4.9000e-01 (4.9000e-01)	Loss TOTAL 8.8264e-01 (8.9037e-01)
Epoch: [25][ 40/112]	L_Src_Sup 1.4757e-01 (1.9528e-01)	L_Trg_Inj 3.5877e-01 (2.7515e-01)	Loss Disc 6.8887e-01 (6.9118e-01)	Loss Pred 4.9670e-01 (4.9027e-01)	Loss TOTAL 8.9177e-01 (8.8915e-01)
Epoch: [25][ 50/112]	L_Src_Sup 3.5522e-01 (2.0025e-01)	L_Trg_Inj 3.8975e-01 (2.7718e-01)	Loss Disc 6.9071e-01 (6.9119e-01)	Loss Pred 5.1608e-01 (4.8753e-01)	Loss TOTAL 9.3593e-01 (8.8885e-01)
Epoch: [25][ 60/112]	L_Src_Sup 2.3733e-01 (1.9706e-01)	L_Trg_Inj 2.6002e-01 (2.8050e-01)	Loss Disc 6.9120e-01 (6.9116e-01)	Loss Pred 4.4572e-01 (4.8432e-01)	Loss TOTAL 8.4106e-01 (8.8431e-01)
Epoch: [25][ 70/112]	L_Src_Sup 2.2205e-01 (1.9644e-01)	L_Trg_Inj 2.1997e-01 (2.8012e-01)	Loss Disc 6.9113e-01 (6.9117e-01)	Loss Pred 4.4607e-01 (4.8420e-01)	Loss TOTAL 8.3792e-01 (8.8324e-01)
Epoch: [25][ 80/112]	L_Src_Sup 1.3227e-01 (1.9652e-01)	L_Trg_Inj 3.5946e-01 (2.8587e-01)	Loss Disc 6.8883e-01 (6.9110e-01)	Loss Pred 5.2170e-01 (4.8539e-01)	Loss TOTAL 9.1528e-01 (8.8501e-01)
Epoch: [25][ 90/112]	L_Src_Sup 2.2814e-01 (1.9450e-01)	L_Trg_Inj 3.5935e-01 (2.9340e-01)	Loss Disc 6.8636e-01 (6.9081e-01)	Loss Pred 4.7114e-01 (4.8447e-01)	Loss TOTAL 8.7307e-01 (8.8385e-01)
Epoch: [25][100/112]	L_Src_Sup 2.6554e-01 (1.9600e-01)	L_Trg_Inj 3.5935e-01 (2.9359e-01)	Loss Disc 6.9582e-01 (6.9079e-01)	Loss Pred 4.7762e-01 (4.8443e-01)	Loss TOTAL 8.8802e-01 (8.8431e-01)
Epoch: [25][110/112]	L_Src_Sup 2.4082e-01 (1.9577e-01)	L_Trg_Inj 3.1250e-01 (2.9363e-01)	Loss Disc 6.8856e-01 (6.9076e-01)	Loss Pred 5.0900e-01 (4.8446e-01)	Loss TOTAL 9.0861e-01 (8.8413e-01)
Epoch: [25][112/112]	L_Src_Sup 2.3016e-01 (1.9648e-01)	L_Trg_Inj 2.8115e-01 (2.9327e-01)	Loss Disc 6.8870e-01 (6.9074e-01)	Loss Pred 4.7749e-01 (4.8462e-01)	Loss TOTAL 8.7297e-01 (8.8422e-01)
Epoch 25 complete. Saving model state...
Epoch: [26][ 10/112]	L_Src_Sup 2.5699e-01 (2.1314e-01)	L_Trg_Inj 3.1251e-01 (2.8773e-01)	Loss Disc 6.9272e-01 (6.8907e-01)	Loss Pred 5.0320e-01 (4.8534e-01)	Loss TOTAL 9.0651e-01 (8.8530e-01)
Epoch: [26][ 20/112]	L_Src_Sup 1.6268e-01 (2.0851e-01)	L_Trg_Inj 3.5937e-01 (2.9620e-01)	Loss Disc 6.8863e-01 (6.8984e-01)	Loss Pred 4.1448e-01 (4.8155e-01)	Loss TOTAL 8.1100e-01 (8.7960e-01)
Epoch: [26][ 30/112]	L_Src_Sup 2.2817e-01 (2.1420e-01)	L_Trg_Inj 3.2810e-01 (3.0632e-01)	Loss Disc 6.9092e-01 (6.9021e-01)	Loss Pred 4.7156e-01 (4.7797e-01)	Loss TOTAL 8.7264e-01 (8.7999e-01)
Epoch: [26][ 40/112]	L_Src_Sup 1.9679e-01 (2.1609e-01)	L_Trg_Inj 2.1873e-01 (3.0596e-01)	Loss Disc 6.9236e-01 (6.9030e-01)	Loss Pred 4.8395e-01 (4.8061e-01)	Loss TOTAL 8.7168e-01 (8.8206e-01)
Epoch: [26][ 50/112]	L_Src_Sup 1.7387e-01 (2.1600e-01)	L_Trg_Inj 2.4996e-01 (3.0203e-01)	Loss Disc 6.9173e-01 (6.9055e-01)	Loss Pred 4.5861e-01 (4.8117e-01)	Loss TOTAL 8.4686e-01 (8.8229e-01)
Epoch: [26][ 60/112]	L_Src_Sup 2.4079e-01 (2.1062e-01)	L_Trg_Inj 3.2807e-01 (3.0121e-01)	Loss Disc 6.8935e-01 (6.9056e-01)	Loss Pred 5.0935e-01 (4.8165e-01)	Loss TOTAL 9.1091e-01 (8.8148e-01)
Epoch: [26][ 70/112]	L_Src_Sup 2.9911e-01 (2.0901e-01)	L_Trg_Inj 2.3431e-01 (2.9549e-01)	Loss Disc 6.8666e-01 (6.9030e-01)	Loss Pred 5.1564e-01 (4.8407e-01)	Loss TOTAL 9.7711e-01 (8.8431e-01)
Epoch: [26][ 80/112]	L_Src_Sup 2.2078e-01 (2.1042e-01)	L_Trg_Inj 2.4993e-01 (2.9628e-01)	Loss Disc 6.9332e-01 (6.9072e-01)	Loss Pred 5.0372e-01 (4.8378e-01)	Loss TOTAL 8.9745e-01 (8.8387e-01)
Epoch: [26][ 90/112]	L_Src_Sup 2.5041e-01 (2.0975e-01)	L_Trg_Inj 1.8734e-01 (2.9112e-01)	Loss Disc 6.9103e-01 (6.9080e-01)	Loss Pred 4.8421e-01 (4.8430e-01)	Loss TOTAL 9.3657e-01 (8.8517e-01)
Epoch: [26][100/112]	L_Src_Sup 1.7393e-01 (2.0906e-01)	L_Trg_Inj 1.5610e-01 (2.8811e-01)	Loss Disc 6.9274e-01 (6.9077e-01)	Loss Pred 4.6477e-01 (4.8440e-01)	Loss TOTAL 8.6197e-01 (8.8586e-01)
Epoch: [26][110/112]	L_Src_Sup 2.6417e-01 (2.1064e-01)	L_Trg_Inj 3.3175e-01 (2.8850e-01)	Loss Disc 6.9144e-01 (6.9078e-01)	Loss Pred 5.2197e-01 (4.8460e-01)	Loss TOTAL 9.2728e-01 (8.8615e-01)
Epoch: [26][112/112]	L_Src_Sup 1.3794e-01 (2.1020e-01)	L_Trg_Inj 2.6527e-01 (2.8795e-01)	Loss Disc 6.9049e-01 (6.9078e-01)	Loss Pred 4.5849e-01 (4.8442e-01)	Loss TOTAL 8.4406e-01 (8.8576e-01)
Epoch 26 complete. Saving model state...
Epoch: [27][ 10/112]	L_Src_Sup 2.0185e-01 (2.2121e-01)	L_Trg_Inj 4.0389e-01 (3.0409e-01)	Loss Disc 6.8976e-01 (6.9120e-01)	Loss Pred 5.0304e-01 (4.8283e-01)	Loss TOTAL 9.0850e-01 (8.8095e-01)
Epoch: [27][ 20/112]	L_Src_Sup 1.6386e-01 (1.9703e-01)	L_Trg_Inj 2.5077e-01 (3.0402e-01)	Loss Disc 6.9143e-01 (6.9100e-01)	Loss Pred 4.9658e-01 (4.8477e-01)	Loss TOTAL 8.8375e-01 (8.8169e-01)
Epoch: [27][ 30/112]	L_Src_Sup 1.9646e-01 (1.9596e-01)	L_Trg_Inj 3.4371e-01 (2.9858e-01)	Loss Disc 6.8939e-01 (6.9087e-01)	Loss Pred 4.8414e-01 (4.8117e-01)	Loss TOTAL 8.8285e-01 (8.7706e-01)
Epoch: [27][ 40/112]	L_Src_Sup 1.7242e-01 (1.9629e-01)	L_Trg_Inj 3.2809e-01 (2.9853e-01)	Loss Disc 6.8968e-01 (6.9073e-01)	Loss Pred 4.5889e-01 (4.8000e-01)	Loss TOTAL 8.5378e-01 (8.7610e-01)
Epoch: [27][ 50/112]	L_Src_Sup 1.4287e-01 (1.9010e-01)	L_Trg_Inj 2.8122e-01 (3.0197e-01)	Loss Disc 6.9093e-01 (6.9060e-01)	Loss Pred 4.8402e-01 (4.8182e-01)	Loss TOTAL 8.7190e-01 (8.7733e-01)
Epoch: [27][ 60/112]	L_Src_Sup 2.6089e-01 (2.0002e-01)	L_Trg_Inj 2.1872e-01 (2.9669e-01)	Loss Disc 6.9194e-01 (6.9063e-01)	Loss Pred 4.6539e-01 (4.8304e-01)	Loss TOTAL 9.0149e-01 (8.8008e-01)
Epoch: [27][ 70/112]	L_Src_Sup 1.7579e-01 (2.0259e-01)	L_Trg_Inj 2.3434e-01 (2.9106e-01)	Loss Disc 6.9127e-01 (6.9071e-01)	Loss Pred 4.7133e-01 (4.8264e-01)	Loss TOTAL 8.5798e-01 (8.8193e-01)
Epoch: [27][ 80/112]	L_Src_Sup 1.0623e-01 (2.0195e-01)	L_Trg_Inj 2.3435e-01 (2.9221e-01)	Loss Disc 6.9229e-01 (6.9066e-01)	Loss Pred 4.7772e-01 (4.8407e-01)	Loss TOTAL 8.5792e-01 (8.8326e-01)
Epoch: [27][ 90/112]	L_Src_Sup 2.4563e-01 (2.0187e-01)	L_Trg_Inj 3.3047e-01 (2.9191e-01)	Loss Disc 6.9067e-01 (6.9068e-01)	Loss Pred 4.7127e-01 (4.8407e-01)	Loss TOTAL 8.7421e-01 (8.8305e-01)
Epoch: [27][100/112]	L_Src_Sup 2.0001e-01 (2.0229e-01)	L_Trg_Inj 2.1872e-01 (2.9115e-01)	Loss Disc 6.9196e-01 (6.9066e-01)	Loss Pred 4.9662e-01 (4.8439e-01)	Loss TOTAL 8.8447e-01 (8.8296e-01)
Epoch: [27][110/112]	L_Src_Sup 1.9821e-01 (2.0096e-01)	L_Trg_Inj 2.6558e-01 (2.9152e-01)	Loss Disc 6.9154e-01 (6.9065e-01)	Loss Pred 4.9025e-01 (4.8448e-01)	Loss TOTAL 8.8240e-01 (8.8331e-01)
Epoch: [27][112/112]	L_Src_Sup 1.4036e-01 (1.9942e-01)	L_Trg_Inj 2.9683e-01 (2.9218e-01)	Loss Disc 6.9015e-01 (6.9064e-01)	Loss Pred 4.7179e-01 (4.8436e-01)	Loss TOTAL 8.6058e-01 (8.8302e-01)
Epoch 27 complete. Saving model state...
Epoch: [28][ 10/112]	L_Src_Sup 1.6211e-01 (1.9532e-01)	L_Trg_Inj 2.3434e-01 (2.8745e-01)	Loss Disc 6.9147e-01 (6.9079e-01)	Loss Pred 4.9038e-01 (4.8716e-01)	Loss TOTAL 8.7576e-01 (8.8543e-01)
Epoch: [28][ 20/112]	L_Src_Sup 2.3638e-01 (1.9965e-01)	L_Trg_Inj 2.3434e-01 (2.7832e-01)	Loss Disc 6.9134e-01 (6.9091e-01)	Loss Pred 4.9667e-01 (4.8591e-01)	Loss TOTAL 8.9145e-01 (8.8284e-01)
Epoch: [28][ 30/112]	L_Src_Sup 1.3089e-01 (1.8991e-01)	L_Trg_Inj 2.4996e-01 (2.8657e-01)	Loss Disc 6.9191e-01 (6.9086e-01)	Loss Pred 5.1554e-01 (4.8906e-01)	Loss TOTAL 8.9957e-01 (8.8530e-01)
Epoch: [28][ 40/112]	L_Src_Sup 1.5679e-01 (1.9250e-01)	L_Trg_Inj 4.0617e-01 (2.8137e-01)	Loss Disc 6.9057e-01 (6.9115e-01)	Loss Pred 4.6490e-01 (4.8890e-01)	Loss TOTAL 8.6648e-01 (8.8717e-01)
Epoch: [28][ 50/112]	L_Src_Sup 2.0234e-01 (1.9164e-01)	L_Trg_Inj 3.7488e-01 (2.8174e-01)	Loss Disc 6.9137e-01 (6.9134e-01)	Loss Pred 5.0348e-01 (4.8831e-01)	Loss TOTAL 9.0689e-01 (8.8595e-01)
Epoch: [28][ 60/112]	L_Src_Sup 2.3240e-01 (1.8560e-01)	L_Trg_Inj 2.5154e-01 (2.8270e-01)	Loss Disc 6.9302e-01 (6.9151e-01)	Loss Pred 4.8396e-01 (4.8760e-01)	Loss TOTAL 8.7886e-01 (8.8404e-01)
Epoch: [28][ 70/112]	L_Src_Sup 2.9155e-01 (1.9315e-01)	L_Trg_Inj 3.2791e-01 (2.8440e-01)	Loss Disc 6.9076e-01 (6.9151e-01)	Loss Pred 4.9727e-01 (4.8783e-01)	Loss TOTAL 9.0460e-01 (8.8699e-01)
Epoch: [28][ 80/112]	L_Src_Sup 1.8035e-01 (1.9600e-01)	L_Trg_Inj 2.4983e-01 (2.8536e-01)	Loss Disc 6.9106e-01 (6.9143e-01)	Loss Pred 4.9039e-01 (4.8720e-01)	Loss TOTAL 8.7894e-01 (8.8618e-01)
Epoch: [28][ 90/112]	L_Src_Sup 1.9652e-01 (1.9537e-01)	L_Trg_Inj 2.4985e-01 (2.8748e-01)	Loss Disc 6.9089e-01 (6.9131e-01)	Loss Pred 4.8395e-01 (4.8503e-01)	Loss TOTAL 8.7403e-01 (8.8353e-01)
Epoch: [28][100/112]	L_Src_Sup 3.1176e-01 (2.0030e-01)	L_Trg_Inj 4.2179e-01 (2.9070e-01)	Loss Disc 6.9386e-01 (6.9115e-01)	Loss Pred 4.8425e-01 (4.8576e-01)	Loss TOTAL 9.0454e-01 (8.8571e-01)
Epoch: [28][110/112]	L_Src_Sup 2.1299e-01 (1.9869e-01)	L_Trg_Inj 3.2793e-01 (2.9013e-01)	Loss Disc 6.8942e-01 (6.9109e-01)	Loss Pred 4.7788e-01 (4.8412e-01)	Loss TOTAL 8.7668e-01 (8.8346e-01)
Epoch: [28][112/112]	L_Src_Sup 1.7581e-01 (1.9882e-01)	L_Trg_Inj 2.9662e-01 (2.9066e-01)	Loss Disc 6.8923e-01 (6.9107e-01)	Loss Pred 4.7107e-01 (4.8430e-01)	Loss TOTAL 8.6293e-01 (8.8361e-01)
Epoch 28 complete. Saving model state...
Epoch: [29][ 10/112]	L_Src_Sup 1.7858e-01 (2.1455e-01)	L_Trg_Inj 3.2791e-01 (2.7949e-01)	Loss Disc 6.9078e-01 (6.9170e-01)	Loss Pred 4.8397e-01 (5.0045e-01)	Loss TOTAL 8.8001e-01 (8.9914e-01)
Epoch: [29][ 20/112]	L_Src_Sup 1.7859e-01 (1.9436e-01)	L_Trg_Inj 2.2004e-01 (2.9843e-01)	Loss Disc 6.9231e-01 (6.9120e-01)	Loss Pred 4.8398e-01 (4.9254e-01)	Loss TOTAL 8.6999e-01 (8.9237e-01)
Epoch: [29][ 30/112]	L_Src_Sup 1.4287e-01 (1.9875e-01)	L_Trg_Inj 2.4953e-01 (2.9260e-01)	Loss Disc 6.9203e-01 (6.9083e-01)	Loss Pred 4.8416e-01 (4.8803e-01)	Loss TOTAL 8.6941e-01 (8.8605e-01)
Epoch: [29][ 40/112]	L_Src_Sup 2.9311e-01 (2.0116e-01)	L_Trg_Inj 3.8994e-01 (3.0687e-01)	Loss Disc 6.8833e-01 (6.9062e-01)	Loss Pred 4.5859e-01 (4.8943e-01)	Loss TOTAL 8.7106e-01 (8.8814e-01)
Epoch: [29][ 50/112]	L_Src_Sup 1.9825e-01 (2.0072e-01)	L_Trg_Inj 3.1393e-01 (3.0518e-01)	Loss Disc 6.9103e-01 (6.9073e-01)	Loss Pred 4.9036e-01 (4.8848e-01)	Loss TOTAL 8.8709e-01 (8.8654e-01)
Epoch: [29][ 60/112]	L_Src_Sup 1.0348e-01 (1.9802e-01)	L_Trg_Inj 2.9658e-01 (3.0194e-01)	Loss Disc 6.9139e-01 (6.9070e-01)	Loss Pred 4.5863e-01 (4.8626e-01)	Loss TOTAL 8.4433e-01 (8.8465e-01)
Epoch: [29][ 70/112]	L_Src_Sup 1.2862e-01 (1.9622e-01)	L_Trg_Inj 3.2777e-01 (2.9716e-01)	Loss Disc 6.9197e-01 (6.9091e-01)	Loss Pred 5.0375e-01 (4.8659e-01)	Loss TOTAL 8.9537e-01 (8.8726e-01)
Epoch: [29][ 80/112]	L_Src_Sup 1.2624e-01 (1.9667e-01)	L_Trg_Inj 3.2750e-01 (2.9573e-01)	Loss Disc 6.9194e-01 (6.9106e-01)	Loss Pred 4.9048e-01 (4.8532e-01)	Loss TOTAL 8.8183e-01 (8.8588e-01)
Epoch: [29][ 90/112]	L_Src_Sup 1.7750e-01 (1.9768e-01)	L_Trg_Inj 2.6692e-01 (2.9357e-01)	Loss Disc 6.9246e-01 (6.9120e-01)	Loss Pred 4.7769e-01 (4.8454e-01)	Loss TOTAL 8.6836e-01 (8.8568e-01)
Epoch: [29][100/112]	L_Src_Sup 2.4365e-01 (1.9964e-01)	L_Trg_Inj 2.0290e-01 (2.9001e-01)	Loss Disc 6.9289e-01 (6.9133e-01)	Loss Pred 4.6499e-01 (4.8442e-01)	Loss TOTAL 8.9684e-01 (8.8568e-01)
Epoch: [29][110/112]	L_Src_Sup 7.2374e-02 (1.9912e-01)	L_Trg_Inj 2.7988e-01 (2.8912e-01)	Loss Disc 6.9210e-01 (6.9142e-01)	Loss Pred 4.8394e-01 (4.8456e-01)	Loss TOTAL 8.6521e-01 (8.8539e-01)
Epoch: [29][112/112]	L_Src_Sup 1.4439e-01 (1.9782e-01)	L_Trg_Inj 4.0500e-01 (2.9076e-01)	Loss Disc 6.9136e-01 (6.9142e-01)	Loss Pred 4.8422e-01 (4.8450e-01)	Loss TOTAL 8.8484e-01 (8.8525e-01)
Epoch 29 complete. Saving model state...
Epoch: [30][ 10/112]	L_Src_Sup 2.1961e-01 (2.4897e-01)	L_Trg_Inj 3.5936e-01 (3.1192e-01)	Loss Disc 6.8970e-01 (6.9110e-01)	Loss Pred 4.9035e-01 (4.8097e-01)	Loss TOTAL 8.9310e-01 (8.9281e-01)
Epoch: [30][ 20/112]	L_Src_Sup 1.3829e-01 (2.1548e-01)	L_Trg_Inj 1.0937e-01 (2.8109e-01)	Loss Disc 6.9239e-01 (6.9064e-01)	Loss Pred 4.5851e-01 (4.8563e-01)	Loss TOTAL 8.5840e-01 (8.8937e-01)
Epoch: [30][ 30/112]	L_Src_Sup 1.8263e-01 (2.0352e-01)	L_Trg_Inj 3.2811e-01 (2.8069e-01)	Loss Disc 6.9500e-01 (6.9099e-01)	Loss Pred 4.9669e-01 (4.8699e-01)	Loss TOTAL 8.9526e-01 (8.8937e-01)
Epoch: [30][ 40/112]	L_Src_Sup 2.5436e-01 (2.0285e-01)	L_Trg_Inj 3.7308e-01 (2.8609e-01)	Loss Disc 6.8760e-01 (6.9114e-01)	Loss Pred 4.4589e-01 (4.8644e-01)	Loss TOTAL 8.5244e-01 (8.8829e-01)
Epoch: [30][ 50/112]	L_Src_Sup 2.8833e-01 (2.0505e-01)	L_Trg_Inj 4.2367e-01 (2.9202e-01)	Loss Disc 6.8789e-01 (6.9083e-01)	Loss Pred 4.9058e-01 (4.8533e-01)	Loss TOTAL 9.0572e-01 (8.8680e-01)
Epoch: [30][ 60/112]	L_Src_Sup 3.0360e-01 (2.0707e-01)	L_Trg_Inj 2.6313e-01 (2.8786e-01)	Loss Disc 6.9059e-01 (6.9093e-01)	Loss Pred 4.8413e-01 (4.8711e-01)	Loss TOTAL 9.2657e-01 (8.9053e-01)
Epoch: [30][ 70/112]	L_Src_Sup 1.7858e-01 (2.0361e-01)	L_Trg_Inj 2.4854e-01 (2.8975e-01)	Loss Disc 6.9176e-01 (6.9081e-01)	Loss Pred 4.8422e-01 (4.8513e-01)	Loss TOTAL 8.7281e-01 (8.8713e-01)
Epoch: [30][ 80/112]	L_Src_Sup 2.4349e-01 (2.0389e-01)	L_Trg_Inj 2.6281e-01 (2.9136e-01)	Loss Disc 6.9098e-01 (6.9075e-01)	Loss Pred 4.6472e-01 (4.8548e-01)	Loss TOTAL 8.6084e-01 (8.8770e-01)
Epoch: [30][ 90/112]	L_Src_Sup 2.2808e-01 (2.0566e-01)	L_Trg_Inj 1.5537e-01 (2.8900e-01)	Loss Disc 6.9142e-01 (6.9068e-01)	Loss Pred 4.7146e-01 (4.8421e-01)	Loss TOTAL 9.2823e-01 (8.8633e-01)
Epoch: [30][100/112]	L_Src_Sup 2.5001e-01 (2.0642e-01)	L_Trg_Inj 3.7431e-01 (2.8999e-01)	Loss Disc 6.9068e-01 (6.9065e-01)	Loss Pred 5.3480e-01 (4.8413e-01)	Loss TOTAL 9.4257e-01 (8.8775e-01)
Epoch: [30][110/112]	L_Src_Sup 3.0253e-01 (2.0742e-01)	L_Trg_Inj 3.1204e-01 (2.8765e-01)	Loss Disc 6.9087e-01 (6.9069e-01)	Loss Pred 4.3998e-01 (4.8401e-01)	Loss TOTAL 8.4687e-01 (8.8803e-01)
Epoch: [30][112/112]	L_Src_Sup 2.2643e-01 (2.0717e-01)	L_Trg_Inj 2.1837e-01 (2.8655e-01)	Loss Disc 6.9051e-01 (6.9069e-01)	Loss Pred 5.2185e-01 (4.8434e-01)	Loss TOTAL 9.1964e-01 (8.8814e-01)
Epoch 30 complete. Saving model state...
Epoch: [31][ 10/112]	L_Src_Sup 1.5930e-01 (2.0674e-01)	L_Trg_Inj 2.1848e-01 (2.8554e-01)	Loss Disc 6.9142e-01 (6.9051e-01)	Loss Pred 4.7776e-01 (4.7643e-01)	Loss TOTAL 8.6125e-01 (8.8344e-01)
Epoch: [31][ 20/112]	L_Src_Sup 1.9824e-01 (2.0627e-01)	L_Trg_Inj 2.6512e-01 (2.9147e-01)	Loss Disc 6.9085e-01 (6.9039e-01)	Loss Pred 4.9027e-01 (4.7768e-01)	Loss TOTAL 8.8203e-01 (8.8019e-01)
Epoch: [31][ 30/112]	L_Src_Sup 1.9420e-01 (2.0181e-01)	L_Trg_Inj 2.7988e-01 (2.8767e-01)	Loss Disc 6.9117e-01 (6.9066e-01)	Loss Pred 5.4099e-01 (4.8401e-01)	Loss TOTAL 9.3399e-01 (8.8332e-01)
Epoch: [31][ 40/112]	L_Src_Sup 2.0957e-01 (1.9830e-01)	L_Trg_Inj 2.3241e-01 (2.9122e-01)	Loss Disc 6.9203e-01 (6.9056e-01)	Loss Pred 5.4310e-01 (4.8579e-01)	Loss TOTAL 9.3331e-01 (8.8379e-01)
Epoch: [31][ 50/112]	L_Src_Sup 3.1307e-01 (2.0389e-01)	L_Trg_Inj 3.7490e-01 (2.8917e-01)	Loss Disc 6.8705e-01 (6.9045e-01)	Loss Pred 4.6475e-01 (4.8179e-01)	Loss TOTAL 8.7707e-01 (8.8408e-01)
Epoch: [31][ 60/112]	L_Src_Sup 2.5004e-01 (2.0431e-01)	L_Trg_Inj 2.8090e-01 (2.9150e-01)	Loss Disc 6.9141e-01 (6.9057e-01)	Loss Pred 4.8401e-01 (4.8300e-01)	Loss TOTAL 8.8280e-01 (8.8438e-01)
Epoch: [31][ 70/112]	L_Src_Sup 1.7555e-01 (2.0301e-01)	L_Trg_Inj 2.5046e-01 (2.8894e-01)	Loss Disc 6.9229e-01 (6.9071e-01)	Loss Pred 4.7123e-01 (4.8342e-01)	Loss TOTAL 8.5998e-01 (8.8392e-01)
Epoch: [31][ 80/112]	L_Src_Sup 1.7348e-01 (2.0393e-01)	L_Trg_Inj 2.4989e-01 (2.8936e-01)	Loss Disc 6.9180e-01 (6.9083e-01)	Loss Pred 4.5877e-01 (4.8327e-01)	Loss TOTAL 8.4700e-01 (8.8543e-01)
Epoch: [31][ 90/112]	L_Src_Sup 1.9435e-01 (2.0421e-01)	L_Trg_Inj 2.1861e-01 (2.9017e-01)	Loss Disc 6.9334e-01 (6.9096e-01)	Loss Pred 4.7143e-01 (4.8272e-01)	Loss TOTAL 8.5940e-01 (8.8469e-01)
Epoch: [31][100/112]	L_Src_Sup 1.6749e-01 (2.0340e-01)	L_Trg_Inj 2.9864e-01 (2.9099e-01)	Loss Disc 6.9309e-01 (6.9111e-01)	Loss Pred 5.0934e-01 (4.8386e-01)	Loss TOTAL 9.0250e-01 (8.8520e-01)
Epoch: [31][110/112]	L_Src_Sup 1.3807e-01 (1.9944e-01)	L_Trg_Inj 2.4670e-01 (2.9070e-01)	Loss Disc 6.9278e-01 (6.9128e-01)	Loss Pred 4.5861e-01 (4.8405e-01)	Loss TOTAL 8.4347e-01 (8.8447e-01)
Epoch: [31][112/112]	L_Src_Sup 1.9844e-01 (1.9925e-01)	L_Trg_Inj 2.4825e-01 (2.8936e-01)	Loss Disc 6.9370e-01 (6.9132e-01)	Loss Pred 5.5395e-01 (4.8451e-01)	Loss TOTAL 9.4547e-01 (8.8469e-01)
Epoch 31 complete. Saving model state...
Epoch: [32][ 10/112]	L_Src_Sup 2.4749e-01 (2.1606e-01)	L_Trg_Inj 1.2669e-02 (2.7017e-01)	Loss Disc 6.9453e-01 (6.9207e-01)	Loss Pred 4.7232e-01 (4.6638e-01)	Loss TOTAL 1.0804e+00 (8.9590e-01)
Epoch: [32][ 20/112]	L_Src_Sup 2.5698e-01 (2.3406e-01)	L_Trg_Inj 2.7917e-02 (1.7501e-01)	Loss Disc 6.9266e-01 (6.9199e-01)	Loss Pred 5.0320e-01 (4.7481e-01)	Loss TOTAL 1.1071e+00 (9.6525e-01)
Epoch: [32][ 30/112]	L_Src_Sup 3.5670e-01 (2.2737e-01)	L_Trg_Inj 9.3105e-02 (1.2274e-01)	Loss Disc 6.9239e-01 (6.9211e-01)	Loss Pred 4.8443e-01 (4.8070e-01)	Loss TOTAL 1.1392e+00 (9.9606e-01)
Epoch: [32][ 40/112]	L_Src_Sup 2.5234e-01 (2.3317e-01)	L_Trg_Inj 0.0000e+00 (9.5976e-02)	Loss Disc 6.9290e-01 (6.9221e-01)	Loss Pred 4.9015e-01 (4.8394e-01)	Loss TOTAL 1.1142e+00 (1.0224e+00)
Epoch: [32][ 50/112]	L_Src_Sup 2.2967e-01 (2.3027e-01)	L_Trg_Inj 2.4840e-01 (9.7081e-02)	Loss Disc 6.9257e-01 (6.9227e-01)	Loss Pred 4.7135e-01 (4.8323e-01)	Loss TOTAL 8.6544e-01 (1.0143e+00)
Epoch: [32][ 60/112]	L_Src_Sup 2.3093e-01 (2.3132e-01)	L_Trg_Inj 3.9026e-01 (1.3288e-01)	Loss Disc 6.9276e-01 (6.9230e-01)	Loss Pred 5.3483e-01 (4.8325e-01)	Loss TOTAL 9.4333e-01 (9.9323e-01)
Epoch: [32][ 70/112]	L_Src_Sup 1.7862e-01 (2.2622e-01)	L_Trg_Inj 3.5905e-01 (1.5853e-01)	Loss Disc 6.9151e-01 (6.9232e-01)	Loss Pred 4.8399e-01 (4.8480e-01)	Loss TOTAL 8.8351e-01 (9.7916e-01)
Epoch: [32][ 80/112]	L_Src_Sup 2.9131e-01 (2.2526e-01)	L_Trg_Inj 2.4973e-01 (1.7286e-01)	Loss Disc 6.9373e-01 (6.9236e-01)	Loss Pred 5.4145e-01 (4.8557e-01)	Loss TOTAL 9.8400e-01 (9.6809e-01)
Epoch: [32][ 90/112]	L_Src_Sup 1.3676e-01 (2.2344e-01)	L_Trg_Inj 2.6536e-01 (1.8543e-01)	Loss Disc 6.9160e-01 (6.9237e-01)	Loss Pred 4.5212e-01 (4.8595e-01)	Loss TOTAL 8.3813e-01 (9.5920e-01)
Epoch: [32][100/112]	L_Src_Sup 2.5862e-01 (2.2249e-01)	L_Trg_Inj 3.6053e-01 (1.9735e-01)	Loss Disc 6.9088e-01 (6.9233e-01)	Loss Pred 4.5878e-01 (4.8564e-01)	Loss TOTAL 8.6613e-01 (9.5184e-01)
Epoch: [32][110/112]	L_Src_Sup 1.3675e-01 (2.1558e-01)	L_Trg_Inj 3.2787e-01 (2.0368e-01)	Loss Disc 6.9101e-01 (6.9231e-01)	Loss Pred 4.5238e-01 (4.8503e-01)	Loss TOTAL 8.4435e-01 (9.4407e-01)
Epoch: [32][112/112]	L_Src_Sup 2.5000e-01 (2.1627e-01)	L_Trg_Inj 2.1863e-01 (2.0558e-01)	Loss Disc 6.9210e-01 (6.9228e-01)	Loss Pred 4.8393e-01 (4.8478e-01)	Loss TOTAL 9.0822e-01 (9.4308e-01)
Epoch 32 complete. Saving model state...
Epoch: [33][ 10/112]	L_Src_Sup 1.8349e-01 (2.1117e-01)	L_Trg_Inj 2.4990e-01 (3.1887e-01)	Loss Disc 6.8737e-01 (6.8944e-01)	Loss Pred 5.0306e-01 (4.8723e-01)	Loss TOTAL 8.9008e-01 (8.9199e-01)
Epoch: [33][ 20/112]	L_Src_Sup 2.2222e-01 (2.2293e-01)	L_Trg_Inj 2.4988e-01 (2.9854e-01)	Loss Disc 6.8102e-01 (6.8819e-01)	Loss Pred 5.0936e-01 (4.8405e-01)	Loss TOTAL 8.9708e-01 (8.9365e-01)
Epoch: [33][ 30/112]	L_Src_Sup 2.9091e-01 (2.1667e-01)	L_Trg_Inj 3.9271e-01 (3.0425e-01)	Loss Disc 6.8962e-01 (6.8903e-01)	Loss Pred 4.9658e-01 (4.8564e-01)	Loss TOTAL 9.0976e-01 (8.9116e-01)
Epoch: [33][ 40/112]	L_Src_Sup 1.2727e-01 (2.2363e-01)	L_Trg_Inj 3.4359e-01 (2.9423e-01)	Loss Disc 6.9036e-01 (6.9087e-01)	Loss Pred 4.9680e-01 (4.8502e-01)	Loss TOTAL 8.8907e-01 (8.9761e-01)
Epoch: [33][ 50/112]	L_Src_Sup 1.8333e-01 (2.1843e-01)	L_Trg_Inj 2.3425e-01 (2.8911e-01)	Loss Disc 6.9048e-01 (6.9072e-01)	Loss Pred 4.3302e-01 (4.8544e-01)	Loss TOTAL 8.2002e-01 (8.9664e-01)
Epoch: [33][ 60/112]	L_Src_Sup 2.2414e-01 (2.1154e-01)	L_Trg_Inj 3.1245e-01 (2.8797e-01)	Loss Disc 6.8996e-01 (6.9069e-01)	Loss Pred 4.5886e-01 (4.8321e-01)	Loss TOTAL 8.5750e-01 (8.9157e-01)
Epoch: [33][ 70/112]	L_Src_Sup 1.4159e-01 (2.0402e-01)	L_Trg_Inj 3.4366e-01 (2.9103e-01)	Loss Disc 6.9034e-01 (6.9074e-01)	Loss Pred 4.7799e-01 (4.8450e-01)	Loss TOTAL 8.7169e-01 (8.9178e-01)
Epoch: [33][ 80/112]	L_Src_Sup 2.5000e-01 (2.0052e-01)	L_Trg_Inj 3.2798e-01 (2.9135e-01)	Loss Disc 6.8993e-01 (6.9074e-01)	Loss Pred 4.8367e-01 (4.8601e-01)	Loss TOTAL 8.8644e-01 (8.9142e-01)
Epoch: [33][ 90/112]	L_Src_Sup 1.5652e-01 (1.9756e-01)	L_Trg_Inj 2.0262e-01 (2.9057e-01)	Loss Disc 6.9176e-01 (6.9070e-01)	Loss Pred 4.6512e-01 (4.8439e-01)	Loss TOTAL 8.4691e-01 (8.8819e-01)
Epoch: [33][100/112]	L_Src_Sup 2.4300e-01 (1.9837e-01)	L_Trg_Inj 2.8118e-01 (2.8821e-01)	Loss Disc 6.9063e-01 (6.9073e-01)	Loss Pred 5.1600e-01 (4.8493e-01)	Loss TOTAL 9.1373e-01 (8.8814e-01)
Epoch: [33][110/112]	L_Src_Sup 3.0089e-01 (1.9900e-01)	L_Trg_Inj 2.8119e-01 (2.8857e-01)	Loss Disc 6.9015e-01 (6.9070e-01)	Loss Pred 4.7791e-01 (4.8446e-01)	Loss TOTAL 9.0089e-01 (8.8728e-01)
Epoch: [33][112/112]	L_Src_Sup 2.0000e-01 (1.9884e-01)	L_Trg_Inj 2.3432e-01 (2.8732e-01)	Loss Disc 6.9103e-01 (6.9071e-01)	Loss Pred 4.9682e-01 (4.8462e-01)	Loss TOTAL 8.8577e-01 (8.8715e-01)
Epoch 33 complete. Saving model state...
Epoch: [34][ 10/112]	L_Src_Sup 1.5790e-01 (1.7525e-01)	L_Trg_Inj 4.3741e-01 (2.9859e-01)	Loss Disc 6.8751e-01 (6.9012e-01)	Loss Pred 4.7101e-01 (4.8338e-01)	Loss TOTAL 8.7429e-01 (8.7974e-01)
Epoch: [34][ 20/112]	L_Src_Sup 1.6823e-01 (1.7997e-01)	L_Trg_Inj 2.4997e-01 (2.7269e-01)	Loss Disc 6.9120e-01 (6.9053e-01)	Loss Pred 5.1531e-01 (4.8938e-01)	Loss TOTAL 9.0273e-01 (8.8530e-01)
Epoch: [34][ 30/112]	L_Src_Sup 2.8302e-01 (1.8698e-01)	L_Trg_Inj 2.4995e-01 (2.7568e-01)	Loss Disc 6.9032e-01 (6.9049e-01)	Loss Pred 5.2212e-01 (4.8803e-01)	Loss TOTAL 9.5365e-01 (8.8423e-01)
Epoch: [34][ 40/112]	L_Src_Sup 1.7242e-01 (1.8377e-01)	L_Trg_Inj 3.4373e-01 (2.7491e-01)	Loss Disc 6.8887e-01 (6.9053e-01)	Loss Pred 4.5851e-01 (4.8876e-01)	Loss TOTAL 8.5457e-01 (8.8397e-01)
Epoch: [34][ 50/112]	L_Src_Sup 3.0358e-01 (1.8843e-01)	L_Trg_Inj 2.3433e-01 (2.8086e-01)	Loss Disc 6.9142e-01 (6.9036e-01)	Loss Pred 4.8431e-01 (4.8593e-01)	Loss TOTAL 9.5306e-01 (8.8363e-01)
Epoch: [34][ 60/112]	L_Src_Sup 1.5095e-01 (1.8871e-01)	L_Trg_Inj 3.4370e-01 (2.7805e-01)	Loss Disc 6.9009e-01 (6.9047e-01)	Loss Pred 5.2234e-01 (4.8436e-01)	Loss TOTAL 9.1685e-01 (8.8299e-01)
Epoch: [34][ 70/112]	L_Src_Sup 1.6364e-01 (1.8702e-01)	L_Trg_Inj 2.8119e-01 (2.7965e-01)	Loss Disc 6.9048e-01 (6.9047e-01)	Loss Pred 4.9681e-01 (4.8368e-01)	Loss TOTAL 8.8653e-01 (8.8226e-01)
Epoch: [34][ 80/112]	L_Src_Sup 2.5455e-01 (1.8822e-01)	L_Trg_Inj 3.2805e-01 (2.8594e-01)	Loss Disc 6.8756e-01 (6.9033e-01)	Loss Pred 4.9668e-01 (4.8466e-01)	Loss TOTAL 8.9872e-01 (8.8309e-01)
Epoch: [34][ 90/112]	L_Src_Sup 2.2223e-01 (1.8919e-01)	L_Trg_Inj 2.1865e-01 (2.8980e-01)	Loss Disc 6.9279e-01 (6.9029e-01)	Loss Pred 5.0958e-01 (4.8417e-01)	Loss TOTAL 9.0365e-01 (8.8245e-01)
Epoch: [34][100/112]	L_Src_Sup 1.5095e-01 (1.8885e-01)	L_Trg_Inj 2.9681e-01 (2.9053e-01)	Loss Disc 6.8877e-01 (6.9016e-01)	Loss Pred 5.2340e-01 (4.8449e-01)	Loss TOTAL 9.1256e-01 (8.8282e-01)
Epoch: [34][110/112]	L_Src_Sup 2.1849e-01 (1.8997e-01)	L_Trg_Inj 4.2180e-01 (2.9063e-01)	Loss Disc 6.8742e-01 (6.9005e-01)	Loss Pred 4.3969e-01 (4.8387e-01)	Loss TOTAL 8.4743e-01 (8.8206e-01)
Epoch: [34][112/112]	L_Src_Sup 1.6364e-01 (1.8974e-01)	L_Trg_Inj 2.1870e-01 (2.9019e-01)	Loss Disc 6.9150e-01 (6.9010e-01)	Loss Pred 4.9653e-01 (4.8438e-01)	Loss TOTAL 8.8052e-01 (8.8243e-01)
Epoch 34 complete. Saving model state...
Epoch: [35][ 10/112]	L_Src_Sup 2.0001e-01 (2.2619e-01)	L_Trg_Inj 3.4370e-01 (3.1266e-01)	Loss Disc 6.8937e-01 (6.9136e-01)	Loss Pred 4.3320e-01 (4.8523e-01)	Loss TOTAL 8.3225e-01 (8.8845e-01)
Epoch: [35][ 20/112]	L_Src_Sup 1.5518e-01 (2.0608e-01)	L_Trg_Inj 2.0305e-01 (2.8244e-01)	Loss Disc 6.9233e-01 (6.9179e-01)	Loss Pred 4.5852e-01 (4.7895e-01)	Loss TOTAL 8.4050e-01 (8.8193e-01)
Epoch: [35][ 30/112]	L_Src_Sup 2.3532e-01 (2.0407e-01)	L_Trg_Inj 2.4975e-01 (2.8676e-01)	Loss Disc 6.9126e-01 (6.9157e-01)	Loss Pred 4.3956e-01 (4.7946e-01)	Loss TOTAL 8.3370e-01 (8.7982e-01)
Epoch: [35][ 40/112]	L_Src_Sup 2.3010e-01 (2.0975e-01)	L_Trg_Inj 2.6548e-01 (2.8226e-01)	Loss Disc 6.9115e-01 (6.9150e-01)	Loss Pred 4.7793e-01 (4.7902e-01)	Loss TOTAL 8.7306e-01 (8.8123e-01)
Epoch: [35][ 50/112]	L_Src_Sup 1.7095e-01 (2.0591e-01)	L_Trg_Inj 2.6539e-01 (2.8448e-01)	Loss Disc 6.9150e-01 (6.9139e-01)	Loss Pred 4.5232e-01 (4.7977e-01)	Loss TOTAL 8.4171e-01 (8.8031e-01)
Epoch: [35][ 60/112]	L_Src_Sup 2.1876e-01 (2.1123e-01)	L_Trg_Inj 2.6750e-01 (2.8100e-01)	Loss Disc 6.9121e-01 (6.9135e-01)	Loss Pred 4.7131e-01 (4.8247e-01)	Loss TOTAL 8.6554e-01 (8.8862e-01)
Epoch: [35][ 70/112]	L_Src_Sup 1.9448e-01 (2.1071e-01)	L_Trg_Inj 2.6552e-01 (2.8463e-01)	Loss Disc 6.9140e-01 (6.9122e-01)	Loss Pred 5.4121e-01 (4.8197e-01)	Loss TOTAL 9.3291e-01 (8.8898e-01)
Epoch: [35][ 80/112]	L_Src_Sup 2.6425e-01 (2.1037e-01)	L_Trg_Inj 3.2804e-01 (2.8696e-01)	Loss Disc 6.8988e-01 (6.9112e-01)	Loss Pred 5.2261e-01 (4.8160e-01)	Loss TOTAL 9.2678e-01 (8.8727e-01)
Epoch: [35][ 90/112]	L_Src_Sup 1.8491e-01 (2.0521e-01)	L_Trg_Inj 3.1230e-01 (2.8780e-01)	Loss Disc 6.9104e-01 (6.9103e-01)	Loss Pred 4.3958e-01 (4.8346e-01)	Loss TOTAL 8.3482e-01 (8.8750e-01)
Epoch: [35][100/112]	L_Src_Sup 2.5229e-01 (2.0383e-01)	L_Trg_Inj 2.9664e-01 (2.8666e-01)	Loss Disc 6.8438e-01 (6.9074e-01)	Loss Pred 4.9028e-01 (4.8459e-01)	Loss TOTAL 8.8736e-01 (8.8828e-01)
Epoch: [35][110/112]	L_Src_Sup 1.0625e-01 (1.9987e-01)	L_Trg_Inj 2.8063e-01 (2.8762e-01)	Loss Disc 6.9719e-01 (6.9064e-01)	Loss Pred 4.7786e-01 (4.8420e-01)	Loss TOTAL 8.6514e-01 (8.8669e-01)
Epoch: [35][112/112]	L_Src_Sup 2.6345e-01 (1.9980e-01)	L_Trg_Inj 2.8055e-01 (2.8666e-01)	Loss Disc 6.9559e-01 (6.9073e-01)	Loss Pred 4.7131e-01 (4.8425e-01)	Loss TOTAL 8.7351e-01 (8.8653e-01)
Epoch 35 complete. Saving model state...
Epoch: [36][ 10/112]	L_Src_Sup 3.1390e-01 (2.0307e-01)	L_Trg_Inj 3.6433e-01 (2.9842e-01)	Loss Disc 6.8841e-01 (6.9080e-01)	Loss Pred 5.4096e-01 (4.9793e-01)	Loss TOTAL 9.5299e-01 (8.9634e-01)
Epoch: [36][ 20/112]	L_Src_Sup 1.8043e-01 (1.8644e-01)	L_Trg_Inj 2.0286e-01 (3.0157e-01)	Loss Disc 6.9034e-01 (6.8955e-01)	Loss Pred 4.9055e-01 (4.8686e-01)	Loss TOTAL 8.7405e-01 (8.8186e-01)
Epoch: [36][ 30/112]	L_Src_Sup 1.7406e-01 (1.8751e-01)	L_Trg_Inj 1.7149e-01 (3.0087e-01)	Loss Disc 6.9214e-01 (6.8862e-01)	Loss Pred 4.6584e-01 (4.7899e-01)	Loss TOTAL 8.4904e-01 (8.7318e-01)
Epoch: [36][ 40/112]	L_Src_Sup 2.5113e-01 (1.9599e-01)	L_Trg_Inj 3.5927e-01 (2.9810e-01)	Loss Disc 6.8919e-01 (6.8902e-01)	Loss Pred 4.8406e-01 (4.7866e-01)	Loss TOTAL 8.8970e-01 (8.7862e-01)
Epoch: [36][ 50/112]	L_Src_Sup 2.1068e-01 (1.9533e-01)	L_Trg_Inj 2.4993e-01 (2.9694e-01)	Loss Disc 6.9209e-01 (6.8958e-01)	Loss Pred 4.7124e-01 (4.8061e-01)	Loss TOTAL 8.6335e-01 (8.7984e-01)
Epoch: [36][ 60/112]	L_Src_Sup 1.1990e-01 (1.9574e-01)	L_Trg_Inj 2.1870e-01 (2.9147e-01)	Loss Disc 6.9232e-01 (6.9004e-01)	Loss Pred 4.5214e-01 (4.8150e-01)	Loss TOTAL 8.3216e-01 (8.8037e-01)
Epoch: [36][ 70/112]	L_Src_Sup 4.2809e-01 (2.7127e-01)	L_Trg_Inj 3.8621e-01 (3.4058e-01)	Loss Disc 6.9189e-01 (6.9041e-01)	Loss Pred 4.7202e-01 (4.8328e-01)	Loss TOTAL 9.4128e-01 (9.0789e-01)
Epoch: [36][ 80/112]	L_Src_Sup 3.5589e-01 (2.7688e-01)	L_Trg_Inj 1.5566e-02 (3.1865e-01)	Loss Disc 6.9242e-01 (6.9072e-01)	Loss Pred 4.4611e-01 (4.8453e-01)	Loss TOTAL 1.1698e+00 (9.2425e-01)
Epoch: [36][ 90/112]	L_Src_Sup 7.8300e-01 (2.9307e-01)	L_Trg_Inj 6.6044e-01 (3.1412e-01)	Loss Disc 6.9197e-01 (6.9093e-01)	Loss Pred 4.7337e-01 (4.8459e-01)	Loss TOTAL 1.0863e+00 (9.3789e-01)
Epoch: [36][100/112]	L_Src_Sup 7.4601e-01 (3.4662e-01)	L_Trg_Inj 6.5483e-01 (3.4961e-01)	Loss Disc 6.9560e-01 (6.9090e-01)	Loss Pred 5.1588e-01 (4.8373e-01)	Loss TOTAL 1.0949e+00 (9.5717e-01)
Epoch: [36][110/112]	L_Src_Sup 5.7582e-01 (3.7600e-01)	L_Trg_Inj 4.6705e-01 (3.6460e-01)	Loss Disc 6.9063e-01 (6.9100e-01)	Loss Pred 4.9016e-01 (4.8439e-01)	Loss TOTAL 1.0485e+00 (9.7153e-01)
Epoch: [36][112/112]	L_Src_Sup 7.3469e-01 (3.8078e-01)	L_Trg_Inj 4.2049e-01 (3.6697e-01)	Loss Disc 6.9222e-01 (6.9102e-01)	Loss Pred 5.0269e-01 (4.8455e-01)	Loss TOTAL 1.2785e+00 (9.7401e-01)
Epoch 36 complete. Saving model state...
Epoch: [37][ 10/112]	L_Src_Sup 5.5118e-01 (5.5862e-01)	L_Trg_Inj 6.0792e-01 (4.6841e-01)	Loss Disc 6.8695e-01 (6.9110e-01)	Loss Pred 4.5852e-01 (4.8844e-01)	Loss TOTAL 9.1790e-01 (1.0468e+00)
Epoch: [37][ 20/112]	L_Src_Sup 6.6863e-01 (6.1872e-01)	L_Trg_Inj 6.6872e-01 (5.3403e-01)	Loss Disc 6.8937e-01 (6.9060e-01)	Loss Pred 4.7780e-01 (4.8690e-01)	Loss TOTAL 9.5622e-01 (1.0431e+00)
Epoch: [37][ 30/112]	L_Src_Sup 1.3839e+00 (7.5047e-01)	L_Trg_Inj 1.2153e+00 (6.9404e-01)	Loss Disc 6.8631e-01 (6.8967e-01)	Loss Pred 4.5975e-01 (4.8474e-01)	Loss TOTAL 1.2313e+00 (1.0530e+00)
Epoch: [37][ 40/112]	L_Src_Sup 1.3534e+00 (8.7648e-01)	L_Trg_Inj 1.1674e+00 (8.1789e-01)	Loss Disc 6.9315e-01 (6.8878e-01)	Loss Pred 5.2588e-01 (4.8473e-01)	Loss TOTAL 1.3105e+00 (1.0787e+00)
Epoch: [37][ 50/112]	L_Src_Sup 1.1637e+00 (9.5005e-01)	L_Trg_Inj 1.1841e+00 (8.9519e-01)	Loss Disc 6.8702e-01 (6.8879e-01)	Loss Pred 4.7132e-01 (4.8478e-01)	Loss TOTAL 1.0496e+00 (1.0878e+00)
Epoch: [37][ 60/112]	L_Src_Sup 1.1085e+00 (9.8223e-01)	L_Trg_Inj 1.2781e+00 (9.3588e-01)	Loss Disc 6.9177e-01 (6.8912e-01)	Loss Pred 4.6493e-01 (4.8561e-01)	Loss TOTAL 1.0495e+00 (1.0945e+00)
Epoch: [37][ 70/112]	L_Src_Sup 9.2343e-01 (9.7963e-01)	L_Trg_Inj 9.1745e-01 (9.4378e-01)	Loss Disc 6.9138e-01 (6.8944e-01)	Loss Pred 5.2207e-01 (4.8494e-01)	Loss TOTAL 1.0578e+00 (1.0922e+00)
Epoch: [37][ 80/112]	L_Src_Sup 1.0216e+00 (9.8217e-01)	L_Trg_Inj 9.3019e-01 (9.3327e-01)	Loss Disc 6.9077e-01 (6.8980e-01)	Loss Pred 4.6507e-01 (4.8406e-01)	Loss TOTAL 1.0970e+00 (1.0997e+00)
Epoch: [37][ 90/112]	L_Src_Sup 1.1169e+00 (9.9294e-01)	L_Trg_Inj 1.0459e+00 (9.4433e-01)	Loss Disc 6.9253e-01 (6.9003e-01)	Loss Pred 4.9029e-01 (4.8477e-01)	Loss TOTAL 1.1238e+00 (1.1019e+00)
Epoch: [37][100/112]	L_Src_Sup 9.1618e-01 (9.9783e-01)	L_Trg_Inj 9.5235e-01 (9.5360e-01)	Loss Disc 6.9160e-01 (6.9016e-01)	Loss Pred 4.7173e-01 (4.8457e-01)	Loss TOTAL 1.0044e+00 (1.0989e+00)
Epoch: [37][110/112]	L_Src_Sup 1.1959e+00 (1.0024e+00)	L_Trg_Inj 8.0427e-01 (9.5644e-01)	Loss Disc 6.8908e-01 (6.9024e-01)	Loss Pred 4.6540e-01 (4.8498e-01)	Loss TOTAL 1.4016e+00 (1.1014e+00)
Epoch: [37][112/112]	L_Src_Sup 1.1799e+00 (1.0042e+00)	L_Trg_Inj 1.0985e+00 (9.5920e-01)	Loss Disc 6.9354e-01 (6.9027e-01)	Loss Pred 4.9688e-01 (4.8491e-01)	Loss TOTAL 1.1529e+00 (1.1012e+00)
Epoch 37 complete. Saving model state...
Epoch: [38][ 10/112]	L_Src_Sup 1.0340e+00 (1.1287e+00)	L_Trg_Inj 9.5939e-01 (1.0876e+00)	Loss Disc 6.9278e-01 (6.9145e-01)	Loss Pred 4.8413e-01 (4.9043e-01)	Loss TOTAL 1.1045e+00 (1.1243e+00)
Epoch: [38][ 20/112]	L_Src_Sup 1.0059e+00 (1.0641e+00)	L_Trg_Inj 9.0080e-01 (9.9201e-01)	Loss Disc 6.9244e-01 (6.9183e-01)	Loss Pred 5.0947e-01 (4.8554e-01)	Loss TOTAL 1.1515e+00 (1.1267e+00)
Epoch: [38][ 30/112]	L_Src_Sup 9.6011e-01 (1.0172e+00)	L_Trg_Inj 7.2921e-01 (9.2237e-01)	Loss Disc 6.9297e-01 (6.9224e-01)	Loss Pred 4.7798e-01 (4.8761e-01)	Loss TOTAL 1.2243e+00 (1.1415e+00)
Epoch: [38][ 40/112]	L_Src_Sup 6.5303e-01 (9.7400e-01)	L_Trg_Inj 5.0322e-01 (8.7249e-01)	Loss Disc 6.9311e-01 (6.9239e-01)	Loss Pred 4.6593e-01 (4.8575e-01)	Loss TOTAL 1.0779e+00 (1.1336e+00)
Epoch: [38][ 50/112]	L_Src_Sup 5.4093e-01 (9.1885e-01)	L_Trg_Inj 6.0293e-01 (8.3251e-01)	Loss Disc 6.9192e-01 (6.9235e-01)	Loss Pred 4.5274e-01 (4.8623e-01)	Loss TOTAL 9.1309e-01 (1.1137e+00)
Epoch: [38][ 60/112]	L_Src_Sup 2.2167e-01 (8.1721e-01)	L_Trg_Inj 3.0175e-01 (7.5305e-01)	Loss Disc 6.9331e-01 (6.9242e-01)	Loss Pred 4.9685e-01 (4.8655e-01)	Loss TOTAL 8.9585e-01 (1.0843e+00)
Epoch: [38][ 70/112]	L_Src_Sup 1.6701e-01 (7.2724e-01)	L_Trg_Inj 4.6568e-01 (6.9157e-01)	Loss Disc 6.9112e-01 (6.9240e-01)	Loss Pred 5.3330e-01 (4.8511e-01)	Loss TOTAL 9.4212e-01 (1.0544e+00)
Epoch: [38][ 80/112]	L_Src_Sup 1.8751e-01 (6.6114e-01)	L_Trg_Inj 3.2806e-01 (6.4319e-01)	Loss Disc 6.9166e-01 (6.9242e-01)	Loss Pred 4.4710e-01 (4.8475e-01)	Loss TOTAL 8.4449e-01 (1.0325e+00)
Epoch: [38][ 90/112]	L_Src_Sup 1.8215e-01 (6.1193e-01)	L_Trg_Inj 2.8687e-01 (6.0707e-01)	Loss Disc 6.9283e-01 (6.9240e-01)	Loss Pred 4.9686e-01 (4.8448e-01)	Loss TOTAL 8.9017e-01 (1.0169e+00)
Epoch: [38][100/112]	L_Src_Sup 1.5279e-01 (5.7108e-01)	L_Trg_Inj 2.9534e-01 (5.7776e-01)	Loss Disc 6.9054e-01 (6.9239e-01)	Loss Pred 4.4633e-01 (4.8546e-01)	Loss TOTAL 8.3641e-01 (1.0046e+00)
Epoch: [38][110/112]	L_Src_Sup 2.0805e-01 (5.3677e-01)	L_Trg_Inj 2.2240e-01 (5.5036e-01)	Loss Disc 6.9390e-01 (6.9244e-01)	Loss Pred 5.2215e-01 (4.8671e-01)	Loss TOTAL 9.1214e-01 (9.9516e-01)
Epoch: [38][112/112]	L_Src_Sup 2.2489e-01 (5.3076e-01)	L_Trg_Inj 2.0765e-01 (5.4504e-01)	Loss Disc 6.9227e-01 (6.9244e-01)	Loss Pred 4.5900e-01 (4.8633e-01)	Loss TOTAL 8.6563e-01 (9.9284e-01)
Epoch 38 complete. Saving model state...
Epoch: [39][ 10/112]	L_Src_Sup 2.3031e-01 (1.9504e-01)	L_Trg_Inj 3.5761e-01 (2.9123e-01)	Loss Disc 6.9183e-01 (6.9230e-01)	Loss Pred 4.7803e-01 (4.8389e-01)	Loss TOTAL 8.8274e-01 (8.8065e-01)
Epoch: [39][ 20/112]	L_Src_Sup 2.0150e-01 (1.9397e-01)	L_Trg_Inj 2.8642e-01 (2.7051e-01)	Loss Disc 6.9274e-01 (6.9244e-01)	Loss Pred 4.9738e-01 (4.8191e-01)	Loss TOTAL 8.9255e-01 (8.7794e-01)
Epoch: [39][ 30/112]	L_Src_Sup 1.6746e-01 (2.0411e-01)	L_Trg_Inj 2.2700e-01 (2.7599e-01)	Loss Disc 6.9376e-01 (6.9247e-01)	Loss Pred 5.0956e-01 (4.8271e-01)	Loss TOTAL 8.9589e-01 (8.8241e-01)
Epoch: [39][ 40/112]	L_Src_Sup 1.7554e-01 (1.9619e-01)	L_Trg_Inj 2.4392e-01 (2.7685e-01)	Loss Disc 6.9302e-01 (6.9247e-01)	Loss Pred 4.7135e-01 (4.8118e-01)	Loss TOTAL 8.5981e-01 (8.8014e-01)
Epoch: [39][ 50/112]	L_Src_Sup 1.5010e-01 (1.9497e-01)	L_Trg_Inj 3.6522e-01 (2.7916e-01)	Loss Disc 6.9020e-01 (6.9238e-01)	Loss Pred 4.3361e-01 (4.7927e-01)	Loss TOTAL 8.3024e-01 (8.7721e-01)
Epoch: [39][ 60/112]	L_Src_Sup 1.2074e-01 (1.9124e-01)	L_Trg_Inj 2.6182e-01 (2.7902e-01)	Loss Disc 6.9187e-01 (6.9237e-01)	Loss Pred 4.5913e-01 (4.7851e-01)	Loss TOTAL 8.4333e-01 (8.7576e-01)
Epoch: [39][ 70/112]	L_Src_Sup 1.9485e-01 (1.9127e-01)	L_Trg_Inj 2.9916e-01 (2.8520e-01)	Loss Disc 6.9160e-01 (6.9230e-01)	Loss Pred 4.7772e-01 (4.7991e-01)	Loss TOTAL 8.7292e-01 (8.7717e-01)
Epoch: [39][ 80/112]	L_Src_Sup 1.6831e-01 (1.9284e-01)	L_Trg_Inj 2.4527e-01 (2.8191e-01)	Loss Disc 6.9040e-01 (6.9222e-01)	Loss Pred 5.1577e-01 (4.8123e-01)	Loss TOTAL 9.0233e-01 (8.7958e-01)
Epoch: [39][ 90/112]	L_Src_Sup 1.0280e-01 (1.9405e-01)	L_Trg_Inj 3.8688e-01 (2.8617e-01)	Loss Disc 6.8625e-01 (6.9158e-01)	Loss Pred 4.8401e-01 (4.8290e-01)	Loss TOTAL 8.7610e-01 (8.8094e-01)
Epoch: [39][100/112]	L_Src_Sup 2.2035e-01 (1.9367e-01)	L_Trg_Inj 3.7887e-01 (2.8472e-01)	Loss Disc 6.8630e-01 (6.9089e-01)	Loss Pred 5.0963e-01 (4.8429e-01)	Loss TOTAL 9.1270e-01 (8.8320e-01)
Epoch: [39][110/112]	L_Src_Sup 2.2690e-01 (1.9608e-01)	L_Trg_Inj 2.5023e-01 (2.8492e-01)	Loss Disc 6.8950e-01 (6.9022e-01)	Loss Pred 4.5279e-01 (4.8449e-01)	Loss TOTAL 8.4525e-01 (8.8391e-01)
Epoch: [39][112/112]	L_Src_Sup 2.6275e-01 (1.9675e-01)	L_Trg_Inj 2.2538e-01 (2.8422e-01)	Loss Disc 6.8207e-01 (6.9004e-01)	Loss Pred 5.6112e-01 (4.8535e-01)	Loss TOTAL 9.8834e-01 (8.8490e-01)
Epoch 39 complete. Saving model state...
Epoch: [40][ 10/112]	L_Src_Sup 5.6791e-02 (1.9856e-01)	L_Trg_Inj 2.1685e-01 (2.6552e-01)	Loss Disc 6.8703e-01 (6.8795e-01)	Loss Pred 5.2254e-01 (4.8746e-01)	Loss TOTAL 8.9342e-01 (8.9456e-01)
Epoch: [40][ 20/112]	L_Src_Sup 3.6376e-02 (2.0325e-01)	L_Trg_Inj 2.9547e-01 (2.8655e-01)	Loss Disc 6.9181e-01 (6.9075e-01)	Loss Pred 4.9680e-01 (4.8646e-01)	Loss TOTAL 8.7589e-01 (8.8970e-01)
Epoch: [40][ 30/112]	L_Src_Sup 2.2816e-01 (1.9121e-01)	L_Trg_Inj 3.6030e-01 (2.8314e-01)	Loss Disc 7.0050e-01 (6.9418e-01)	Loss Pred 4.7176e-01 (4.7885e-01)	Loss TOTAL 8.8086e-01 (8.7929e-01)
Epoch: [40][ 40/112]	L_Src_Sup 2.0785e-01 (1.9737e-01)	L_Trg_Inj 2.9205e-01 (2.8257e-01)	Loss Disc 6.9902e-01 (6.9527e-01)	Loss Pred 5.2236e-01 (4.8117e-01)	Loss TOTAL 9.2186e-01 (8.8160e-01)
Epoch: [40][ 50/112]	L_Src_Sup 1.4299e-01 (1.9766e-01)	L_Trg_Inj 3.6734e-01 (2.8579e-01)	Loss Disc 6.9172e-01 (6.9604e-01)	Loss Pred 4.8414e-01 (4.8306e-01)	Loss TOTAL 8.8103e-01 (8.8434e-01)
Epoch: [40][ 60/112]	L_Src_Sup 2.9930e-01 (2.0399e-01)	L_Trg_Inj 2.7585e-01 (2.8444e-01)	Loss Disc 7.0279e-01 (6.9709e-01)	Loss Pred 4.7155e-01 (4.8055e-01)	Loss TOTAL 9.0391e-01 (8.8428e-01)
Epoch: [40][ 70/112]	L_Src_Sup 2.1124e-01 (2.0088e-01)	L_Trg_Inj 3.4127e-01 (2.8641e-01)	Loss Disc 7.0295e-01 (6.9746e-01)	Loss Pred 4.7134e-01 (4.8109e-01)	Loss TOTAL 8.7806e-01 (8.8520e-01)
Epoch: [40][ 80/112]	L_Src_Sup 1.1882e-01 (2.0170e-01)	L_Trg_Inj 2.1722e-01 (2.8469e-01)	Loss Disc 6.9485e-01 (6.9730e-01)	Loss Pred 4.4611e-01 (4.8173e-01)	Loss TOTAL 8.2714e-01 (8.8668e-01)
Epoch: [40][ 90/112]	L_Src_Sup 2.0212e-01 (2.0241e-01)	L_Trg_Inj 3.7240e-01 (2.8451e-01)	Loss Disc 6.8811e-01 (6.9663e-01)	Loss Pred 5.0323e-01 (4.8306e-01)	Loss TOTAL 9.0474e-01 (8.8786e-01)
Epoch: [40][100/112]	L_Src_Sup 1.8195e-01 (2.0263e-01)	L_Trg_Inj 3.2806e-01 (2.8502e-01)	Loss Disc 6.8891e-01 (6.9594e-01)	Loss Pred 4.9676e-01 (4.8323e-01)	Loss TOTAL 8.9221e-01 (8.8846e-01)
Epoch: [40][110/112]	L_Src_Sup 1.7717e-01 (2.0194e-01)	L_Trg_Inj 3.4197e-01 (2.8464e-01)	Loss Disc 6.8699e-01 (6.9531e-01)	Loss Pred 4.7749e-01 (4.8418e-01)	Loss TOTAL 8.7290e-01 (8.8864e-01)
Epoch: [40][112/112]	L_Src_Sup 2.5696e-01 (2.0327e-01)	L_Trg_Inj 2.4892e-01 (2.8386e-01)	Loss Disc 6.9176e-01 (6.9524e-01)	Loss Pred 5.0299e-01 (4.8457e-01)	Loss TOTAL 9.0750e-01 (8.8956e-01)
Epoch 40 complete. Saving model state...
Epoch: [41][ 10/112]	L_Src_Sup 2.5229e-01 (2.3003e-01)	L_Trg_Inj 2.4938e-01 (3.1234e-01)	Loss Disc 6.9248e-01 (6.8969e-01)	Loss Pred 4.9042e-01 (4.8725e-01)	Loss TOTAL 8.8974e-01 (8.8918e-01)
Epoch: [41][ 20/112]	L_Src_Sup 1.6073e-01 (2.0530e-01)	L_Trg_Inj 4.0564e-01 (3.1037e-01)	Loss Disc 6.9012e-01 (6.9049e-01)	Loss Pred 4.8387e-01 (4.8664e-01)	Loss TOTAL 8.8556e-01 (8.8636e-01)
Epoch: [41][ 30/112]	L_Src_Sup 2.1057e-01 (2.0658e-01)	L_Trg_Inj 3.7438e-01 (3.0049e-01)	Loss Disc 6.8881e-01 (6.9057e-01)	Loss Pred 4.7166e-01 (4.8694e-01)	Loss TOTAL 8.7456e-01 (8.9183e-01)
Epoch: [41][ 40/112]	L_Src_Sup 3.7504e-01 (2.0753e-01)	L_Trg_Inj 2.0271e-01 (2.9710e-01)	Loss Disc 6.9193e-01 (6.9077e-01)	Loss Pred 4.8416e-01 (4.8686e-01)	Loss TOTAL 1.0602e+00 (8.9384e-01)
Epoch: [41][ 50/112]	L_Src_Sup 2.1820e-01 (2.0287e-01)	L_Trg_Inj 3.2724e-01 (2.9388e-01)	Loss Disc 6.9111e-01 (6.9096e-01)	Loss Pred 4.9665e-01 (4.8592e-01)	Loss TOTAL 8.9675e-01 (8.8999e-01)
Epoch: [41][ 60/112]	L_Src_Sup 2.4148e-01 (2.0237e-01)	L_Trg_Inj 2.5861e-01 (2.9537e-01)	Loss Disc 6.9187e-01 (6.9115e-01)	Loss Pred 4.5855e-01 (4.8696e-01)	Loss TOTAL 8.5449e-01 (8.8973e-01)
Epoch: [41][ 70/112]	L_Src_Sup 2.2176e-01 (2.0192e-01)	L_Trg_Inj 2.0263e-01 (2.9208e-01)	Loss Disc 6.9269e-01 (6.9126e-01)	Loss Pred 4.9040e-01 (4.8613e-01)	Loss TOTAL 8.9832e-01 (8.8922e-01)
Epoch: [41][ 80/112]	L_Src_Sup 1.6985e-01 (2.0177e-01)	L_Trg_Inj 2.6517e-01 (2.9047e-01)	Loss Disc 6.9198e-01 (6.9134e-01)	Loss Pred 5.2216e-01 (4.8658e-01)	Loss TOTAL 9.1165e-01 (8.8859e-01)
Epoch: [41][ 90/112]	L_Src_Sup 1.7709e-01 (2.0508e-01)	L_Trg_Inj 3.4343e-01 (2.8980e-01)	Loss Disc 6.8931e-01 (6.9127e-01)	Loss Pred 4.7773e-01 (4.8764e-01)	Loss TOTAL 8.7443e-01 (8.9046e-01)
Epoch: [41][100/112]	L_Src_Sup 8.8738e-02 (1.9970e-01)	L_Trg_Inj 2.8092e-01 (2.8973e-01)	Loss Disc 6.9126e-01 (6.9123e-01)	Loss Pred 4.7777e-01 (4.8606e-01)	Loss TOTAL 8.6036e-01 (8.8755e-01)
Epoch: [41][110/112]	L_Src_Sup 1.5330e-01 (2.0056e-01)	L_Trg_Inj 4.2149e-01 (2.9168e-01)	Loss Disc 6.8741e-01 (6.9109e-01)	Loss Pred 4.4617e-01 (4.8497e-01)	Loss TOTAL 8.4735e-01 (8.8754e-01)
Epoch: [41][112/112]	L_Src_Sup 2.6910e-01 (2.0113e-01)	L_Trg_Inj 3.2781e-01 (2.9191e-01)	Loss Disc 6.8889e-01 (6.9106e-01)	Loss Pred 4.8409e-01 (4.8490e-01)	Loss TOTAL 8.8823e-01 (8.8740e-01)
Epoch 41 complete. Saving model state...
Epoch: [42][ 10/112]	L_Src_Sup 1.8353e-01 (2.1309e-01)	L_Trg_Inj 3.1075e-01 (2.8203e-01)	Loss Disc 6.8916e-01 (6.8934e-01)	Loss Pred 5.0303e-01 (4.8855e-01)	Loss TOTAL 8.9704e-01 (8.9247e-01)
Epoch: [42][ 20/112]	L_Src_Sup 2.4567e-01 (1.9255e-01)	L_Trg_Inj 4.0056e-01 (2.9613e-01)	Loss Disc 6.8552e-01 (6.8871e-01)	Loss Pred 4.7196e-01 (4.8897e-01)	Loss TOTAL 8.7934e-01 (8.8706e-01)
Epoch: [42][ 30/112]	L_Src_Sup 1.5656e-01 (1.8535e-01)	L_Trg_Inj 3.1207e-01 (2.9866e-01)	Loss Disc 6.8696e-01 (6.8740e-01)	Loss Pred 4.6554e-01 (4.9015e-01)	Loss TOTAL 8.5589e-01 (8.8687e-01)
Epoch: [42][ 40/112]	L_Src_Sup 2.6786e-01 (1.8811e-01)	L_Trg_Inj 1.8635e-01 (2.9395e-01)	Loss Disc 6.9204e-01 (6.8782e-01)	Loss Pred 5.2256e-01 (4.9053e-01)	Loss TOTAL 9.9550e-01 (8.8849e-01)
Epoch: [42][ 50/112]	L_Src_Sup 4.4998e-01 (2.0234e-01)	L_Trg_Inj 2.5175e-01 (2.9004e-01)	Loss Disc 6.9016e-01 (6.8826e-01)	Loss Pred 4.5894e-01 (4.8725e-01)	Loss TOTAL 1.0724e+00 (8.9068e-01)
Epoch: [42][ 60/112]	L_Src_Sup 1.6517e-01 (2.0876e-01)	L_Trg_Inj 2.9522e-01 (2.9605e-01)	Loss Disc 6.9184e-01 (6.8858e-01)	Loss Pred 5.0308e-01 (4.8706e-01)	Loss TOTAL 8.9504e-01 (8.9186e-01)
Epoch: [42][ 70/112]	L_Src_Sup 1.5791e-01 (2.0656e-01)	L_Trg_Inj 2.3327e-01 (2.9353e-01)	Loss Disc 6.9184e-01 (6.8905e-01)	Loss Pred 4.7128e-01 (4.8604e-01)	Loss TOTAL 8.5631e-01 (8.9026e-01)
Epoch: [42][ 80/112]	L_Src_Sup 3.2729e-01 (2.0662e-01)	L_Trg_Inj 2.6444e-01 (2.9346e-01)	Loss Disc 6.9105e-01 (6.8931e-01)	Loss Pred 4.9662e-01 (4.8721e-01)	Loss TOTAL 9.6418e-01 (8.9134e-01)
Epoch: [42][ 90/112]	L_Src_Sup 3.2204e-01 (2.0677e-01)	L_Trg_Inj 1.5586e-01 (2.8985e-01)	Loss Disc 6.9185e-01 (6.8944e-01)	Loss Pred 4.4618e-01 (4.8595e-01)	Loss TOTAL 1.0061e+00 (8.9132e-01)
Epoch: [42][100/112]	L_Src_Sup 2.0001e-01 (2.0757e-01)	L_Trg_Inj 4.0535e-01 (2.9144e-01)	Loss Disc 6.8674e-01 (6.8944e-01)	Loss Pred 4.9663e-01 (4.8589e-01)	Loss TOTAL 9.0054e-01 (8.9190e-01)
Epoch: [42][110/112]	L_Src_Sup 2.0001e-01 (2.1019e-01)	L_Trg_Inj 2.6704e-01 (2.9020e-01)	Loss Disc 6.9313e-01 (6.8961e-01)	Loss Pred 4.3343e-01 (4.8492e-01)	Loss TOTAL 8.2669e-01 (8.9158e-01)
Epoch: [42][112/112]	L_Src_Sup 1.5930e-01 (2.0987e-01)	L_Trg_Inj 3.4334e-01 (2.8990e-01)	Loss Disc 6.8964e-01 (6.8963e-01)	Loss Pred 4.7767e-01 (4.8468e-01)	Loss TOTAL 8.7276e-01 (8.9129e-01)
Epoch 42 complete. Saving model state...
Epoch: [43][ 10/112]	L_Src_Sup 3.0859e-01 (2.2900e-01)	L_Trg_Inj 2.3436e-01 (2.7621e-01)	Loss Disc 6.9315e-01 (6.9025e-01)	Loss Pred 5.3469e-01 (4.8292e-01)	Loss TOTAL 1.0098e+00 (8.8833e-01)
Epoch: [43][ 20/112]	L_Src_Sup 1.8031e-01 (2.1109e-01)	L_Trg_Inj 4.3736e-01 (2.8444e-01)	Loss Disc 6.8852e-01 (6.9032e-01)	Loss Pred 4.9047e-01 (4.7812e-01)	Loss TOTAL 8.9650e-01 (8.8025e-01)
Epoch: [43][ 30/112]	L_Src_Sup 2.0571e-01 (2.0976e-01)	L_Trg_Inj 2.9696e-01 (2.8645e-01)	Loss Disc 6.9054e-01 (6.9053e-01)	Loss Pred 5.1567e-01 (4.7968e-01)	Loss TOTAL 9.1121e-01 (8.8375e-01)
Epoch: [43][ 40/112]	L_Src_Sup 1.8186e-01 (2.1211e-01)	L_Trg_Inj 2.3430e-01 (2.8676e-01)	Loss Disc 6.9128e-01 (6.9056e-01)	Loss Pred 4.9634e-01 (4.8232e-01)	Loss TOTAL 8.8360e-01 (8.8586e-01)
Epoch: [43][ 50/112]	L_Src_Sup 1.0625e-01 (2.1324e-01)	L_Trg_Inj 3.7492e-01 (2.8658e-01)	Loss Disc 6.8952e-01 (6.9059e-01)	Loss Pred 4.7766e-01 (4.8267e-01)	Loss TOTAL 8.7054e-01 (8.8932e-01)
Epoch: [43][ 60/112]	L_Src_Sup 1.7551e-01 (2.1194e-01)	L_Trg_Inj 2.6558e-01 (2.8468e-01)	Loss Disc 6.9042e-01 (6.9057e-01)	Loss Pred 4.7128e-01 (4.8143e-01)	Loss TOTAL 8.6060e-01 (8.8787e-01)
Epoch: [43][ 70/112]	L_Src_Sup 1.9051e-01 (2.0858e-01)	L_Trg_Inj 2.0192e-01 (2.8350e-01)	Loss Disc 6.9286e-01 (6.9064e-01)	Loss Pred 5.2823e-01 (4.8379e-01)	Loss TOTAL 9.1390e-01 (8.8817e-01)
Epoch: [43][ 80/112]	L_Src_Sup 2.2433e-01 (2.1293e-01)	L_Trg_Inj 2.6555e-01 (2.8502e-01)	Loss Disc 6.9071e-01 (6.9063e-01)	Loss Pred 4.5845e-01 (4.8401e-01)	Loss TOTAL 8.5279e-01 (8.8953e-01)
Epoch: [43][ 90/112]	L_Src_Sup 1.6374e-01 (2.1598e-01)	L_Trg_Inj 3.1240e-01 (2.8720e-01)	Loss Disc 6.9009e-01 (6.9057e-01)	Loss Pred 4.9662e-01 (4.8479e-01)	Loss TOTAL 8.8928e-01 (8.9005e-01)
Epoch: [43][100/112]	L_Src_Sup 2.4076e-01 (2.1591e-01)	L_Trg_Inj 2.9680e-01 (2.9039e-01)	Loss Disc 6.9057e-01 (6.9049e-01)	Loss Pred 5.0946e-01 (4.8497e-01)	Loss TOTAL 9.0850e-01 (8.9011e-01)
Epoch: [43][110/112]	L_Src_Sup 1.6824e-01 (2.1857e-01)	L_Trg_Inj 2.5118e-01 (2.8906e-01)	Loss Disc 6.9130e-01 (6.9052e-01)	Loss Pred 5.1535e-01 (4.8465e-01)	Loss TOTAL 9.0294e-01 (8.9011e-01)
Epoch: [43][112/112]	L_Src_Sup 1.9643e-01 (2.1888e-01)	L_Trg_Inj 3.4365e-01 (2.8878e-01)	Loss Disc 6.8930e-01 (6.9052e-01)	Loss Pred 4.8393e-01 (4.8481e-01)	Loss TOTAL 8.8259e-01 (8.9074e-01)
Epoch 43 complete. Saving model state...
Epoch: [44][ 10/112]	L_Src_Sup 2.7587e-01 (2.1444e-01)	L_Trg_Inj 1.8743e-01 (2.8438e-01)	Loss Disc 6.9269e-01 (6.9062e-01)	Loss Pred 4.5861e-01 (4.7834e-01)	Loss TOTAL 9.3972e-01 (8.8436e-01)
Epoch: [44][ 20/112]	L_Src_Sup 1.8520e-01 (2.0819e-01)	L_Trg_Inj 2.1870e-01 (2.8626e-01)	Loss Disc 6.8481e-01 (6.8954e-01)	Loss Pred 5.0946e-01 (4.8516e-01)	Loss TOTAL 8.9225e-01 (8.8906e-01)
Epoch: [44][ 30/112]	L_Src_Sup 2.0872e-01 (2.1090e-01)	L_Trg_Inj 3.7402e-01 (2.8483e-01)	Loss Disc 6.9122e-01 (6.8995e-01)	Loss Pred 4.6529e-01 (4.8290e-01)	Loss TOTAL 8.6917e-01 (8.8906e-01)
Epoch: [44][ 40/112]	L_Src_Sup 3.0346e-01 (2.1162e-01)	L_Trg_Inj 8.2342e-02 (2.4085e-01)	Loss Disc 6.9178e-01 (6.9126e-01)	Loss Pred 4.9055e-01 (4.8286e-01)	Loss TOTAL 1.0961e+00 (9.2013e-01)
Epoch: [44][ 50/112]	L_Src_Sup 1.2174e-01 (2.0910e-01)	L_Trg_Inj 0.0000e+00 (1.9293e-01)	Loss Disc 6.9001e-01 (6.9130e-01)	Loss Pred 4.6493e-01 (4.8490e-01)	Loss TOTAL 9.4385e-01 (9.4742e-01)
Epoch: [44][ 60/112]	L_Src_Sup 2.0000e-01 (2.0574e-01)	L_Trg_Inj 0.0000e+00 (1.6078e-01)	Loss Disc 6.9151e-01 (6.9146e-01)	Loss Pred 4.9961e-01 (4.8628e-01)	Loss TOTAL 1.0654e+00 (9.6404e-01)
Epoch: [44][ 70/112]	L_Src_Sup 1.5790e-01 (2.0435e-01)	L_Trg_Inj 0.0000e+00 (1.3781e-01)	Loss Disc 6.8992e-01 (6.9128e-01)	Loss Pred 4.7134e-01 (4.8767e-01)	Loss TOTAL 9.8999e-01 (9.7727e-01)
Epoch: [44][ 80/112]	L_Src_Sup 1.5385e-01 (2.0441e-01)	L_Trg_Inj 1.5238e-02 (1.2077e-01)	Loss Disc 6.8975e-01 (6.9129e-01)	Loss Pred 4.5224e-01 (4.8809e-01)	Loss TOTAL 9.5263e-01 (9.8771e-01)
Epoch: [44][ 90/112]	L_Src_Sup 1.9469e-01 (2.0149e-01)	L_Trg_Inj 0.0000e+00 (1.0735e-01)	Loss Disc 6.9038e-01 (6.9128e-01)	Loss Pred 4.7774e-01 (4.8687e-01)	Loss TOTAL 1.0371e+00 (9.9114e-01)
Epoch: [44][100/112]	L_Src_Sup 1.2281e-01 (2.0408e-01)	L_Trg_Inj 0.0000e+00 (9.6619e-02)	Loss Disc 6.9236e-01 (6.9133e-01)	Loss Pred 4.7147e-01 (4.8462e-01)	Loss TOTAL 9.5274e-01 (9.9807e-01)
Epoch: [44][110/112]	L_Src_Sup 1.6667e-01 (2.0502e-01)	L_Trg_Inj 0.0000e+00 (8.7835e-02)	Loss Disc 6.9047e-01 (6.9134e-01)	Loss Pred 5.0935e-01 (4.8462e-01)	Loss TOTAL 1.0379e+00 (1.0043e+00)
Epoch: [44][112/112]	L_Src_Sup 2.5689e-01 (2.0614e-01)	L_Trg_Inj 0.0000e+00 (8.6267e-02)	Loss Disc 6.9154e-01 (6.9133e-01)	Loss Pred 5.0302e-01 (4.8461e-01)	Loss TOTAL 1.1314e+00 (1.0064e+00)
Epoch 44 complete. Saving model state...
Epoch: [45][ 10/112]	L_Src_Sup 2.1053e-01 (1.8757e-01)	L_Trg_Inj 0.0000e+00 (0.0000e+00)	Loss Disc 6.9243e-01 (6.9200e-01)	Loss Pred 4.7143e-01 (4.6758e-01)	Loss TOTAL 1.0492e+00 (1.0199e+00)
Epoch: [45][ 20/112]	L_Src_Sup 2.2609e-01 (2.0888e-01)	L_Trg_Inj 0.0000e+00 (7.7944e-04)	Loss Disc 6.9210e-01 (6.9239e-01)	Loss Pred 4.6492e-01 (4.7988e-01)	Loss TOTAL 1.0597e+00 (1.0551e+00)
Epoch: [45][ 30/112]	L_Src_Sup 1.4286e-01 (2.0367e-01)	L_Trg_Inj 0.0000e+00 (5.1962e-04)	Loss Disc 6.9180e-01 (6.9237e-01)	Loss Pred 4.8390e-01 (4.8154e-01)	Loss TOTAL 9.8694e-01 (1.0513e+00)
Epoch: [45][ 40/112]	L_Src_Sup 2.8572e-01 (2.0654e-01)	L_Trg_Inj 0.0000e+00 (1.1478e-03)	Loss Disc 6.9241e-01 (6.9254e-01)	Loss Pred 4.8381e-01 (4.8658e-01)	Loss TOTAL 1.1443e+00 (1.0590e+00)
Epoch: [45][ 50/112]	L_Src_Sup 2.2430e-01 (2.0937e-01)	L_Trg_Inj 0.0000e+00 (1.2307e-03)	Loss Disc 6.9402e-01 (6.9253e-01)	Loss Pred 5.1578e-01 (4.8556e-01)	Loss TOTAL 1.1095e+00 (1.0610e+00)
Epoch: [45][ 60/112]	L_Src_Sup 2.8319e-01 (2.0744e-01)	L_Trg_Inj 0.0000e+00 (1.2860e-03)	Loss Disc 6.9250e-01 (6.9260e-01)	Loss Pred 4.7756e-01 (4.8656e-01)	Loss TOTAL 1.1353e+00 (1.0599e+00)
Epoch: [45][ 70/112]	L_Src_Sup 1.5518e-01 (2.0311e-01)	L_Trg_Inj 0.0000e+00 (1.1023e-03)	Loss Disc 6.9204e-01 (6.9258e-01)	Loss Pred 4.5856e-01 (4.8520e-01)	Loss TOTAL 9.7527e-01 (1.0539e+00)
Epoch: [45][ 80/112]	L_Src_Sup 2.8334e-01 (2.0026e-01)	L_Trg_Inj 0.0000e+00 (9.6451e-04)	Loss Disc 6.9162e-01 (6.9257e-01)	Loss Pred 4.3315e-01 (4.8346e-01)	Loss TOTAL 1.0906e+00 (1.0492e+00)
Epoch: [45][ 90/112]	L_Src_Sup 2.1818e-01 (1.9856e-01)	L_Trg_Inj 0.0000e+00 (8.5734e-04)	Loss Disc 6.9423e-01 (6.9264e-01)	Loss Pred 4.9664e-01 (4.8445e-01)	Loss TOTAL 1.0838e+00 (1.0484e+00)
Epoch: [45][100/112]	L_Src_Sup 1.4546e-01 (1.9606e-01)	L_Trg_Inj 0.0000e+00 (7.7161e-04)	Loss Disc 6.9382e-01 (6.9268e-01)	Loss Pred 4.9752e-01 (4.8466e-01)	Loss TOTAL 1.0044e+00 (1.0460e+00)
Epoch: [45][110/112]	L_Src_Sup 1.7544e-01 (1.9503e-01)	L_Trg_Inj 0.0000e+00 (7.0146e-04)	Loss Disc 6.9337e-01 (6.9272e-01)	Loss Pred 4.7086e-01 (4.8431e-01)	Loss TOTAL 1.0105e+00 (1.0446e+00)
Epoch: [45][112/112]	L_Src_Sup 1.9299e-01 (1.9473e-01)	L_Trg_Inj 0.0000e+00 (6.8893e-04)	Loss Disc 6.9335e-01 (6.9272e-01)	Loss Pred 4.7180e-01 (4.8431e-01)	Loss TOTAL 1.0308e+00 (1.0443e+00)
Epoch 45 complete. Saving model state...
Epoch: [46][ 10/112]	L_Src_Sup 2.6105e-01 (3.5204e-01)	L_Trg_Inj 2.9537e-01 (2.0346e-01)	Loss Disc 6.9320e-01 (6.9339e-01)	Loss Pred 4.9131e-01 (5.0195e-01)	Loss TOTAL 8.9355e-01 (1.0927e+00)
Epoch: [46][ 20/112]	L_Src_Sup 1.2982e-01 (2.8451e-01)	L_Trg_Inj 3.4274e-01 (2.5176e-01)	Loss Disc 6.9306e-01 (6.9325e-01)	Loss Pred 5.0280e-01 (4.9619e-01)	Loss TOTAL 8.9658e-01 (9.9213e-01)
Epoch: [46][ 30/112]	L_Src_Sup 3.2482e-01 (2.6154e-01)	L_Trg_Inj 2.4864e-01 (2.6012e-01)	Loss Disc 6.9314e-01 (6.9317e-01)	Loss Pred 4.9015e-01 (4.9105e-01)	Loss TOTAL 9.7025e-01 (9.5631e-01)
Epoch: [46][ 40/112]	L_Src_Sup 3.4486e-01 (2.5321e-01)	L_Trg_Inj 2.4974e-01 (2.6793e-01)	Loss Disc 6.9269e-01 (6.9309e-01)	Loss Pred 4.5860e-01 (4.8926e-01)	Loss TOTAL 9.5952e-01 (9.4237e-01)
Epoch: [46][ 50/112]	L_Src_Sup 2.2223e-01 (2.3867e-01)	L_Trg_Inj 2.9639e-01 (2.6401e-01)	Loss Disc 6.9067e-01 (6.9291e-01)	Loss Pred 5.0944e-01 (4.8680e-01)	Loss TOTAL 9.0664e-01 (9.2736e-01)
Epoch: [46][ 60/112]	L_Src_Sup 1.6365e-01 (2.3384e-01)	L_Trg_Inj 3.1154e-01 (2.6653e-01)	Loss Disc 6.7370e-01 (6.9122e-01)	Loss Pred 4.9674e-01 (4.8547e-01)	Loss TOTAL 8.8111e-01 (9.1838e-01)
Epoch: [46][ 70/112]	L_Src_Sup 2.0342e-01 (2.2866e-01)	L_Trg_Inj 2.6512e-01 (2.7300e-01)	Loss Disc 6.8009e-01 (6.8882e-01)	Loss Pred 4.4946e-01 (4.8460e-01)	Loss TOTAL 8.3636e-01 (9.1111e-01)
Epoch: [46][ 80/112]	L_Src_Sup 1.6218e-01 (2.2632e-01)	L_Trg_Inj 3.4306e-01 (2.7485e-01)	Loss Disc 6.7379e-01 (6.8710e-01)	Loss Pred 4.9019e-01 (4.8420e-01)	Loss TOTAL 8.7761e-01 (9.0679e-01)
Epoch: [46][ 90/112]	L_Src_Sup 2.3010e-01 (2.2396e-01)	L_Trg_Inj 3.2763e-01 (2.7775e-01)	Loss Disc 6.8074e-01 (6.8608e-01)	Loss Pred 4.7742e-01 (4.8361e-01)	Loss TOTAL 8.7356e-01 (9.0271e-01)
Epoch: [46][100/112]	L_Src_Sup 2.1430e-01 (2.1976e-01)	L_Trg_Inj 3.1054e-01 (2.8019e-01)	Loss Disc 6.8350e-01 (6.8555e-01)	Loss Pred 4.8413e-01 (4.8340e-01)	Loss TOTAL 8.7836e-01 (8.9947e-01)
Epoch: [46][110/112]	L_Src_Sup 2.2610e-01 (2.1815e-01)	L_Trg_Inj 3.4190e-01 (2.8128e-01)	Loss Disc 6.9787e-01 (6.8538e-01)	Loss Pred 4.6491e-01 (4.8431e-01)	Loss TOTAL 8.7065e-01 (8.9847e-01)
Epoch: [46][112/112]	L_Src_Sup 1.4968e-01 (2.1796e-01)	L_Trg_Inj 3.1193e-01 (2.8108e-01)	Loss Disc 6.7931e-01 (6.8541e-01)	Loss Pred 5.1601e-01 (4.8454e-01)	Loss TOTAL 9.0182e-01 (8.9861e-01)
Epoch 46 complete. Saving model state...
Epoch: [47][ 10/112]	L_Src_Sup 1.5514e-01 (2.1988e-01)	L_Trg_Inj 3.1198e-01 (3.1036e-01)	Loss Disc 6.9828e-01 (7.0087e-01)	Loss Pred 4.5930e-01 (4.8175e-01)	Loss TOTAL 8.5515e-01 (8.9108e-01)
Epoch: [47][ 20/112]	L_Src_Sup 1.9472e-01 (1.9887e-01)	L_Trg_Inj 2.1883e-01 (2.7863e-01)	Loss Disc 6.9032e-01 (6.9684e-01)	Loss Pred 4.7916e-01 (4.8185e-01)	Loss TOTAL 8.6568e-01 (8.8547e-01)
Epoch: [47][ 30/112]	L_Src_Sup 2.6550e-01 (2.0595e-01)	L_Trg_Inj 3.9056e-01 (2.8104e-01)	Loss Disc 6.8774e-01 (6.9474e-01)	Loss Pred 4.7785e-01 (4.8301e-01)	Loss TOTAL 8.8733e-01 (8.8803e-01)
Epoch: [47][ 40/112]	L_Src_Sup 1.1112e-01 (1.9969e-01)	L_Trg_Inj 2.1869e-01 (2.7560e-01)	Loss Disc 6.9182e-01 (6.9395e-01)	Loss Pred 5.0946e-01 (4.8215e-01)	Loss TOTAL 8.8835e-01 (8.8366e-01)
Epoch: [47][ 50/112]	L_Src_Sup 2.1430e-01 (2.0303e-01)	L_Trg_Inj 3.4370e-01 (2.7864e-01)	Loss Disc 6.9061e-01 (6.9340e-01)	Loss Pred 4.8437e-01 (4.8289e-01)	Loss TOTAL 8.8548e-01 (8.8347e-01)
Epoch: [47][ 60/112]	L_Src_Sup 1.5791e-01 (2.0011e-01)	L_Trg_Inj 2.0307e-01 (2.8064e-01)	Loss Disc 6.9253e-01 (6.9314e-01)	Loss Pred 4.7130e-01 (4.8275e-01)	Loss TOTAL 8.5367e-01 (8.8328e-01)
Epoch: [47][ 70/112]	L_Src_Sup 2.2225e-01 (1.9941e-01)	L_Trg_Inj 3.1238e-01 (2.8286e-01)	Loss Disc 6.9058e-01 (6.9289e-01)	Loss Pred 4.5205e-01 (4.8229e-01)	Loss TOTAL 8.5080e-01 (8.8199e-01)
Epoch: [47][ 80/112]	L_Src_Sup 1.9148e-01 (2.0281e-01)	L_Trg_Inj 3.2801e-01 (2.8536e-01)	Loss Disc 6.9197e-01 (6.9241e-01)	Loss Pred 4.6474e-01 (4.8218e-01)	Loss TOTAL 8.6267e-01 (8.8263e-01)
Epoch: [47][ 90/112]	L_Src_Sup 9.0240e-02 (2.0171e-01)	L_Trg_Inj 3.2797e-01 (2.8581e-01)	Loss Disc 6.9314e-01 (6.9222e-01)	Loss Pred 4.9055e-01 (4.8289e-01)	Loss TOTAL 8.7894e-01 (8.8350e-01)
Epoch: [47][100/112]	L_Src_Sup 1.5934e-01 (2.0356e-01)	L_Trg_Inj 2.3413e-01 (2.8828e-01)	Loss Disc 6.9070e-01 (6.9213e-01)	Loss Pred 4.7769e-01 (4.8414e-01)	Loss TOTAL 8.6239e-01 (8.8464e-01)
Epoch: [47][110/112]	L_Src_Sup 1.6077e-01 (2.0144e-01)	L_Trg_Inj 2.6547e-01 (2.8663e-01)	Loss Disc 6.9058e-01 (6.9192e-01)	Loss Pred 4.8358e-01 (4.8420e-01)	Loss TOTAL 8.7149e-01 (8.8398e-01)
Epoch: [47][112/112]	L_Src_Sup 1.0355e-01 (2.0008e-01)	L_Trg_Inj 2.8108e-01 (2.8666e-01)	Loss Disc 6.9101e-01 (6.9190e-01)	Loss Pred 4.5867e-01 (4.8413e-01)	Loss TOTAL 8.4263e-01 (8.8368e-01)
Epoch 47 complete. Saving model state...
Epoch: [48][ 10/112]	L_Src_Sup 2.3542e-01 (2.0462e-01)	L_Trg_Inj 2.4963e-01 (2.8371e-01)	Loss Disc 6.9321e-01 (6.9138e-01)	Loss Pred 5.4717e-01 (4.9825e-01)	Loss TOTAL 9.4228e-01 (8.9277e-01)
Epoch: [48][ 20/112]	L_Src_Sup 1.9860e-01 (2.0155e-01)	L_Trg_Inj 1.5600e-01 (2.9773e-01)	Loss Disc 6.9289e-01 (6.9104e-01)	Loss Pred 4.9003e-01 (4.9219e-01)	Loss TOTAL 9.1454e-01 (8.9023e-01)
Epoch: [48][ 30/112]	L_Src_Sup 2.3022e-01 (2.0044e-01)	L_Trg_Inj 3.5888e-01 (3.0044e-01)	Loss Disc 6.8958e-01 (6.9090e-01)	Loss Pred 4.7739e-01 (4.8905e-01)	Loss TOTAL 8.8109e-01 (8.8638e-01)
Epoch: [48][ 40/112]	L_Src_Sup 1.4039e-01 (2.0317e-01)	L_Trg_Inj 2.9648e-01 (2.9651e-01)	Loss Disc 6.8968e-01 (6.9078e-01)	Loss Pred 4.7137e-01 (4.8893e-01)	Loss TOTAL 8.5989e-01 (8.8604e-01)
Epoch: [48][ 50/112]	L_Src_Sup 3.0931e-01 (2.0413e-01)	L_Trg_Inj 3.1184e-01 (2.9208e-01)	Loss Disc 6.9058e-01 (6.9070e-01)	Loss Pred 4.9667e-01 (4.8807e-01)	Loss TOTAL 9.0407e-01 (8.8560e-01)
Epoch: [48][ 60/112]	L_Src_Sup 2.1496e-01 (2.0054e-01)	L_Trg_Inj 3.3632e-01 (2.9211e-01)	Loss Disc 6.9423e-01 (6.9070e-01)	Loss Pred 4.2684e-01 (4.8664e-01)	Loss TOTAL 8.2908e-01 (8.8342e-01)
Epoch: [48][ 70/112]	L_Src_Sup 2.1582e-01 (2.0234e-01)	L_Trg_Inj 3.1126e-01 (2.9241e-01)	Loss Disc 6.9069e-01 (6.9067e-01)	Loss Pred 5.4736e-01 (4.8636e-01)	Loss TOTAL 9.4541e-01 (8.8329e-01)
Epoch: [48][ 80/112]	L_Src_Sup 2.5995e-01 (1.9820e-01)	L_Trg_Inj 3.4276e-01 (2.8847e-01)	Loss Disc 6.9022e-01 (6.9069e-01)	Loss Pred 5.0980e-01 (4.8655e-01)	Loss TOTAL 9.1518e-01 (8.8294e-01)
Epoch: [48][ 90/112]	L_Src_Sup 2.8054e-01 (1.9621e-01)	L_Trg_Inj 2.9431e-01 (2.8943e-01)	Loss Disc 6.9162e-01 (6.9067e-01)	Loss Pred 5.3609e-01 (4.8614e-01)	Loss TOTAL 9.3938e-01 (8.8215e-01)
Epoch: [48][100/112]	L_Src_Sup 2.3648e-01 (1.9705e-01)	L_Trg_Inj 3.2525e-01 (2.8888e-01)	Loss Disc 6.9016e-01 (6.9071e-01)	Loss Pred 4.9664e-01 (4.8573e-01)	Loss TOTAL 8.9789e-01 (8.8271e-01)
Epoch: [48][110/112]	L_Src_Sup 1.5944e-01 (1.9895e-01)	L_Trg_Inj 2.4996e-01 (2.9045e-01)	Loss Disc 6.9097e-01 (6.9067e-01)	Loss Pred 4.7726e-01 (4.8482e-01)	Loss TOTAL 8.6368e-01 (8.8198e-01)
Epoch: [48][112/112]	L_Src_Sup 3.0554e-01 (2.0036e-01)	L_Trg_Inj 3.1246e-01 (2.9085e-01)	Loss Disc 6.9035e-01 (6.9066e-01)	Loss Pred 4.4617e-01 (4.8447e-01)	Loss TOTAL 8.5314e-01 (8.8175e-01)
Epoch 48 complete. Saving model state...
Epoch: [49][ 10/112]	L_Src_Sup 1.6293e-01 (1.5063e-01)	L_Trg_Inj 2.1873e-01 (2.6092e-01)	Loss Disc 6.9135e-01 (6.9075e-01)	Loss Pred 4.8396e-01 (4.8146e-01)	Loss TOTAL 8.6780e-01 (8.7068e-01)
Epoch: [49][ 20/112]	L_Src_Sup 3.0434e-01 (1.9499e-01)	L_Trg_Inj 1.5618e-01 (2.6660e-01)	Loss Disc 6.9270e-01 (6.9078e-01)	Loss Pred 4.8387e-01 (4.8555e-01)	Loss TOTAL 1.0244e+00 (8.8741e-01)
Epoch: [49][ 30/112]	L_Src_Sup 1.7571e-01 (1.9653e-01)	L_Trg_Inj 3.9082e-01 (2.8129e-01)	Loss Disc 6.8736e-01 (6.9056e-01)	Loss Pred 4.7140e-01 (4.8333e-01)	Loss TOTAL 8.7173e-01 (8.8326e-01)
Epoch: [49][ 40/112]	L_Src_Sup 2.0043e-01 (2.0060e-01)	L_Trg_Inj 3.2793e-01 (2.9329e-01)	Loss Disc 6.9098e-01 (6.9028e-01)	Loss Pred 4.9630e-01 (4.8509e-01)	Loss TOTAL 8.9463e-01 (8.8515e-01)
Epoch: [49][ 50/112]	L_Src_Sup 3.5862e-01 (1.9851e-01)	L_Trg_Inj 2.3413e-01 (2.9303e-01)	Loss Disc 6.9243e-01 (6.9034e-01)	Loss Pred 5.2218e-01 (4.8315e-01)	Loss TOTAL 1.0522e+00 (8.8564e-01)
Epoch: [49][ 60/112]	L_Src_Sup 1.9837e-01 (1.9810e-01)	L_Trg_Inj 3.9045e-01 (2.9229e-01)	Loss Disc 6.8874e-01 (6.9039e-01)	Loss Pred 4.9001e-01 (4.8417e-01)	Loss TOTAL 8.9326e-01 (8.8525e-01)
Epoch: [49][ 70/112]	L_Src_Sup 2.8320e-01 (2.0181e-01)	L_Trg_Inj 2.3415e-01 (2.8780e-01)	Loss Disc 6.9020e-01 (6.9046e-01)	Loss Pred 5.2239e-01 (4.8460e-01)	Loss TOTAL 9.6826e-01 (8.8637e-01)
Epoch: [49][ 80/112]	L_Src_Sup 2.6210e-01 (2.0147e-01)	L_Trg_Inj 3.4347e-01 (2.8637e-01)	Loss Disc 6.8779e-01 (6.9042e-01)	Loss Pred 5.1568e-01 (4.8570e-01)	Loss TOTAL 9.2013e-01 (8.8678e-01)
Epoch: [49][ 90/112]	L_Src_Sup 1.6084e-01 (1.9759e-01)	L_Trg_Inj 3.5852e-01 (2.8755e-01)	Loss Disc 6.8929e-01 (6.9050e-01)	Loss Pred 4.8396e-01 (4.8460e-01)	Loss TOTAL 8.8054e-01 (8.8466e-01)
Epoch: [49][100/112]	L_Src_Sup 1.8879e-01 (2.0062e-01)	L_Trg_Inj 2.8039e-01 (2.8897e-01)	Loss Disc 6.9181e-01 (6.9041e-01)	Loss Pred 5.2206e-01 (4.8460e-01)	Loss TOTAL 9.1488e-01 (8.8559e-01)
Epoch: [49][110/112]	L_Src_Sup 1.7413e-01 (2.0023e-01)	L_Trg_Inj 3.1221e-01 (2.8963e-01)	Loss Disc 6.9044e-01 (6.9043e-01)	Loss Pred 4.6454e-01 (4.8396e-01)	Loss TOTAL 8.5840e-01 (8.8464e-01)
Epoch: [49][112/112]	L_Src_Sup 1.4567e-01 (1.9928e-01)	L_Trg_Inj 3.2742e-01 (2.8947e-01)	Loss Disc 6.9067e-01 (6.9045e-01)	Loss Pred 4.9706e-01 (4.8431e-01)	Loss TOTAL 8.8970e-01 (8.8476e-01)
Epoch 49 complete. Saving model state...
