Using device: cuda
Loading Source Train...
Using Mean/Std calculated from Source Train (mean[0]=0.701211653506336, std[0]=0.010940804815227176)
Loading Target Train...
Epoch: [0][ 10/154]	L_Src_Sup 9.3000e-01 (1.7906e+00)	L_Trg_Inj 9.2644e-01 (1.7955e+00)	Loss Disc 7.1886e-01 (7.2205e-01)	Loss Pred 8.0527e-01 (8.1860e-01)	Loss TOTAL 1.3539e+00 (1.5395e+00)
Epoch: [0][ 20/154]	L_Src_Sup 2.0927e-01 (1.0428e+00)	L_Trg_Inj 5.6220e-01 (1.1426e+00)	Loss Disc 7.0969e-01 (7.1808e-01)	Loss Pred 8.1839e-01 (8.1588e-01)	Loss TOTAL 1.2504e+00 (1.3993e+00)
Epoch: [0][ 30/154]	L_Src_Sup 2.3236e-01 (7.6112e-01)	L_Trg_Inj 5.1855e-01 (9.1741e-01)	Loss Disc 7.0005e-01 (7.1342e-01)	Loss Pred 7.9039e-01 (8.1343e-01)	Loss TOTAL 1.2155e+00 (1.3419e+00)
Epoch: [0][ 40/154]	L_Src_Sup 1.4821e-01 (6.2430e-01)	L_Trg_Inj 4.7616e-01 (7.7830e-01)	Loss Disc 6.9561e-01 (7.0939e-01)	Loss Pred 7.5227e-01 (8.0825e-01)	Loss TOTAL 1.1625e+00 (1.3095e+00)
Epoch: [0][ 50/154]	L_Src_Sup 1.8398e-01 (5.4238e-01)	L_Trg_Inj 5.4142e-01 (7.2124e-01)	Loss Disc 6.9347e-01 (7.0644e-01)	Loss Pred 8.3646e-01 (8.0761e-01)	Loss TOTAL 1.2557e+00 (1.2922e+00)
Epoch: [0][ 60/154]	L_Src_Sup 2.3086e-01 (4.8477e-01)	L_Trg_Inj 2.9637e-01 (6.6447e-01)	Loss Disc 6.9303e-01 (7.0425e-01)	Loss Pred 8.2540e-01 (8.0671e-01)	Loss TOTAL 1.2246e+00 (1.2780e+00)
Epoch: [0][ 70/154]	L_Src_Sup 1.2525e-01 (4.4466e-01)	L_Trg_Inj 4.1935e-01 (6.1698e-01)	Loss Disc 6.9177e-01 (7.0252e-01)	Loss Pred 8.1395e-01 (8.0449e-01)	Loss TOTAL 1.2143e+00 (1.2681e+00)
Epoch: [0][ 80/154]	L_Src_Sup 2.3984e-01 (4.1304e-01)	L_Trg_Inj 3.6753e-01 (5.9440e-01)	Loss Disc 6.9134e-01 (7.0108e-01)	Loss Pred 7.7342e-01 (8.0291e-01)	Loss TOTAL 1.1798e+00 (1.2596e+00)
Epoch: [0][ 90/154]	L_Src_Sup 1.1568e-01 (3.8950e-01)	L_Trg_Inj 5.9782e-02 (5.6192e-01)	Loss Disc 6.9154e-01 (6.9990e-01)	Loss Pred 7.4085e-01 (8.0027e-01)	Loss TOTAL 1.1601e+00 (1.2508e+00)
Epoch: [0][100/154]	L_Src_Sup 2.9845e-01 (3.7233e-01)	L_Trg_Inj 2.7796e-01 (5.3609e-01)	Loss Disc 6.8714e-01 (6.9889e-01)	Loss Pred 8.0627e-01 (7.9990e-01)	Loss TOTAL 1.2280e+00 (1.2452e+00)
Epoch: [0][110/154]	L_Src_Sup 1.5413e-01 (3.5671e-01)	L_Trg_Inj 3.3463e-01 (5.2789e-01)	Loss Disc 6.9077e-01 (6.9796e-01)	Loss Pred 7.6209e-01 (7.9617e-01)	Loss TOTAL 1.1563e+00 (1.2382e+00)
Epoch: [0][120/154]	L_Src_Sup 2.4150e-01 (3.4679e-01)	L_Trg_Inj 4.7164e-01 (5.1633e-01)	Loss Disc 6.8594e-01 (6.9713e-01)	Loss Pred 7.7885e-01 (7.9348e-01)	Loss TOTAL 1.1931e+00 (1.2326e+00)
Epoch: [0][130/154]	L_Src_Sup 2.0807e-01 (3.3588e-01)	L_Trg_Inj 3.3673e-01 (5.0686e-01)	Loss Disc 6.8769e-01 (6.9640e-01)	Loss Pred 7.8654e-01 (7.9222e-01)	Loss TOTAL 1.1849e+00 (1.2286e+00)
Epoch: [0][140/154]	L_Src_Sup 1.6093e-01 (3.2668e-01)	L_Trg_Inj 3.1602e-01 (4.9722e-01)	Loss Disc 6.8931e-01 (6.9579e-01)	Loss Pred 8.1707e-01 (7.9139e-01)	Loss TOTAL 1.2094e+00 (1.2254e+00)
Epoch: [0][150/154]	L_Src_Sup 1.9426e-01 (3.1898e-01)	L_Trg_Inj 4.0359e-01 (4.8833e-01)	Loss Disc 6.8625e-01 (6.9528e-01)	Loss Pred 8.0348e-01 (7.9025e-01)	Loss TOTAL 1.2064e+00 (1.2221e+00)
Epoch: [0][154/154]	L_Src_Sup 2.2311e-01 (3.1636e-01)	L_Trg_Inj 2.6800e-01 (4.8406e-01)	Loss Disc 6.8867e-01 (6.9508e-01)	Loss Pred 7.5643e-01 (7.8916e-01)	Loss TOTAL 1.1499e+00 (1.2202e+00)
Epoch 0 complete. Saving model state...
Epoch: [1][ 10/154]	L_Src_Sup 1.2005e-01 (1.9293e-01)	L_Trg_Inj 3.3714e-01 (3.4488e-01)	Loss Disc 6.8735e-01 (6.8756e-01)	Loss Pred 7.5331e-01 (7.7326e-01)	Loss TOTAL 1.1427e+00 (1.1711e+00)
Epoch: [1][ 20/154]	L_Src_Sup 2.2484e-01 (1.9024e-01)	L_Trg_Inj 3.4601e-01 (3.2929e-01)	Loss Disc 6.8995e-01 (6.8743e-01)	Loss Pred 8.4652e-01 (7.6826e-01)	Loss TOTAL 1.2486e+00 (1.1660e+00)
Epoch: [1][ 30/154]	L_Src_Sup 2.3538e-01 (1.9435e-01)	L_Trg_Inj 3.4088e-01 (3.4555e-01)	Loss Disc 6.8735e-01 (6.8738e-01)	Loss Pred 7.2198e-01 (7.6807e-01)	Loss TOTAL 1.1233e+00 (1.1681e+00)
Epoch: [1][ 40/154]	L_Src_Sup 2.0152e-01 (1.9487e-01)	L_Trg_Inj 3.7608e-01 (3.3273e-01)	Loss Disc 6.8853e-01 (6.8741e-01)	Loss Pred 7.9380e-01 (7.6162e-01)	Loss TOTAL 1.1958e+00 (1.1610e+00)
Epoch: [1][ 50/154]	L_Src_Sup 1.7260e-01 (1.9818e-01)	L_Trg_Inj 3.6085e-01 (3.4668e-01)	Loss Disc 6.8781e-01 (6.8739e-01)	Loss Pred 7.6626e-01 (7.6402e-01)	Loss TOTAL 1.1635e+00 (1.1645e+00)
Epoch: [1][ 60/154]	L_Src_Sup 2.3694e-01 (2.0298e-01)	L_Trg_Inj 3.6110e-01 (3.4338e-01)	Loss Disc 6.8981e-01 (6.8774e-01)	Loss Pred 7.3741e-01 (7.6437e-01)	Loss TOTAL 1.1421e+00 (1.1657e+00)
Epoch: [1][ 70/154]	L_Src_Sup 2.2108e-01 (2.0366e-01)	L_Trg_Inj 2.5724e-01 (3.4681e-01)	Loss Disc 6.9044e-01 (6.8780e-01)	Loss Pred 7.2030e-01 (7.5817e-01)	Loss TOTAL 1.1134e+00 (1.1595e+00)
Epoch: [1][ 80/154]	L_Src_Sup 2.6176e-01 (2.0606e-01)	L_Trg_Inj 3.2489e-01 (3.4952e-01)	Loss Disc 6.9138e-01 (6.8787e-01)	Loss Pred 7.5772e-01 (7.5538e-01)	Loss TOTAL 1.1621e+00 (1.1575e+00)
Epoch: [1][ 90/154]	L_Src_Sup 2.2536e-01 (2.0335e-01)	L_Trg_Inj 3.4006e-01 (3.4997e-01)	Loss Disc 6.8612e-01 (6.8797e-01)	Loss Pred 7.1047e-01 (7.5346e-01)	Loss TOTAL 1.1101e+00 (1.1551e+00)
Epoch: [1][100/154]	L_Src_Sup 1.6595e-01 (2.0337e-01)	L_Trg_Inj 3.3754e-01 (3.4881e-01)	Loss Disc 6.8857e-01 (6.8802e-01)	Loss Pred 7.6353e-01 (7.5073e-01)	Loss TOTAL 1.1582e+00 (1.1523e+00)
Epoch: [1][110/154]	L_Src_Sup 2.4347e-01 (2.0272e-01)	L_Trg_Inj 3.6406e-01 (3.4398e-01)	Loss Disc 6.8786e-01 (6.8816e-01)	Loss Pred 6.9411e-01 (7.4620e-01)	Loss TOTAL 1.0988e+00 (1.1480e+00)
Epoch: [1][120/154]	L_Src_Sup 1.7544e-01 (2.0272e-01)	L_Trg_Inj 2.1041e-01 (3.4474e-01)	Loss Disc 6.8598e-01 (6.8798e-01)	Loss Pred 6.8823e-01 (7.4195e-01)	Loss TOTAL 1.0698e+00 (1.1435e+00)
Epoch: [1][130/154]	L_Src_Sup 2.0358e-01 (2.0534e-01)	L_Trg_Inj 4.2190e-01 (3.4293e-01)	Loss Disc 6.8096e-01 (6.8767e-01)	Loss Pred 6.3350e-01 (7.3583e-01)	Loss TOTAL 1.0365e+00 (1.1378e+00)
Epoch: [1][140/154]	L_Src_Sup 1.5827e-01 (2.0470e-01)	L_Trg_Inj 3.4398e-01 (3.4154e-01)	Loss Disc 6.7661e-01 (6.8703e-01)	Loss Pred 6.7535e-01 (7.3109e-01)	Loss TOTAL 1.0639e+00 (1.1331e+00)
Epoch: [1][150/154]	L_Src_Sup 1.5994e-01 (2.0549e-01)	L_Trg_Inj 3.3151e-01 (3.3958e-01)	Loss Disc 6.7458e-01 (6.8640e-01)	Loss Pred 6.7239e-01 (7.2610e-01)	Loss TOTAL 1.0588e+00 (1.1274e+00)
Epoch: [1][154/154]	L_Src_Sup 1.9810e-01 (2.0493e-01)	L_Trg_Inj 1.7877e-01 (3.3725e-01)	Loss Disc 6.8335e-01 (6.8630e-01)	Loss Pred 5.9838e-01 (7.2302e-01)	Loss TOTAL 9.9707e-01 (1.1241e+00)
Epoch 1 complete. Saving model state...
Epoch: [2][ 10/154]	L_Src_Sup 2.6477e-01 (2.2061e-01)	L_Trg_Inj 4.4936e-01 (3.7555e-01)	Loss Disc 6.7502e-01 (6.7687e-01)	Loss Pred 6.3173e-01 (6.3656e-01)	Loss TOTAL 1.0407e+00 (1.0353e+00)
Epoch: [2][ 20/154]	L_Src_Sup 2.1232e-01 (2.2026e-01)	L_Trg_Inj 4.1566e-01 (3.8285e-01)	Loss Disc 6.7155e-01 (6.7565e-01)	Loss Pred 6.7894e-01 (6.3621e-01)	Loss TOTAL 1.0775e+00 (1.0349e+00)
Epoch: [2][ 30/154]	L_Src_Sup 1.9075e-01 (2.0937e-01)	L_Trg_Inj 2.8294e-01 (3.6568e-01)	Loss Disc 6.7973e-01 (6.7568e-01)	Loss Pred 5.9314e-01 (6.3195e-01)	Loss TOTAL 9.8038e-01 (1.0300e+00)
Epoch: [2][ 40/154]	L_Src_Sup 1.6468e-01 (2.0492e-01)	L_Trg_Inj 3.0204e-01 (3.4351e-01)	Loss Disc 6.7831e-01 (6.7603e-01)	Loss Pred 6.0237e-01 (6.2482e-01)	Loss TOTAL 9.8820e-01 (1.0213e+00)
Epoch: [2][ 50/154]	L_Src_Sup 2.4078e-01 (2.1007e-01)	L_Trg_Inj 3.3377e-01 (3.4004e-01)	Loss Disc 6.7204e-01 (6.7593e-01)	Loss Pred 6.5164e-01 (6.2120e-01)	Loss TOTAL 1.0451e+00 (1.0177e+00)
Epoch: [2][ 60/154]	L_Src_Sup 1.3516e-01 (2.0990e-01)	L_Trg_Inj 2.5996e-01 (3.3544e-01)	Loss Disc 6.8068e-01 (6.7598e-01)	Loss Pred 5.6654e-01 (6.1721e-01)	Loss TOTAL 9.4639e-01 (1.0133e+00)
Epoch: [2][ 70/154]	L_Src_Sup 1.8167e-01 (2.0788e-01)	L_Trg_Inj 3.2218e-01 (3.2348e-01)	Loss Disc 6.8233e-01 (6.7669e-01)	Loss Pred 5.4387e-01 (6.0943e-01)	Loss TOTAL 9.3542e-01 (1.0068e+00)
Epoch: [2][ 80/154]	L_Src_Sup 1.3983e-01 (2.0844e-01)	L_Trg_Inj 2.8261e-01 (3.2608e-01)	Loss Disc 6.7480e-01 (6.7646e-01)	Loss Pred 5.8179e-01 (6.0647e-01)	Loss TOTAL 9.6144e-01 (1.0033e+00)
Epoch: [2][ 90/154]	L_Src_Sup 2.0620e-01 (2.1399e-01)	L_Trg_Inj 4.4736e-01 (3.2736e-01)	Loss Disc 6.7229e-01 (6.7627e-01)	Loss Pred 5.9031e-01 (6.0327e-01)	Loss TOTAL 9.9181e-01 (1.0013e+00)
Epoch: [2][100/154]	L_Src_Sup 1.7910e-01 (2.1477e-01)	L_Trg_Inj 2.9957e-01 (3.3841e-01)	Loss Disc 6.7901e-01 (6.7640e-01)	Loss Pred 5.5808e-01 (5.9838e-01)	Loss TOTAL 9.4545e-01 (9.9707e-01)
Epoch: [2][110/154]	L_Src_Sup 2.5541e-01 (2.1557e-01)	L_Trg_Inj 4.3338e-01 (3.4579e-01)	Loss Disc 6.7887e-01 (6.7650e-01)	Loss Pred 5.3009e-01 (5.9388e-01)	Loss TOTAL 9.3840e-01 (9.9317e-01)
Epoch: [2][120/154]	L_Src_Sup 1.8783e-01 (2.1612e-01)	L_Trg_Inj 2.6164e-01 (3.4581e-01)	Loss Disc 6.7782e-01 (6.7644e-01)	Loss Pred 5.3706e-01 (5.9020e-01)	Loss TOTAL 9.2092e-01 (9.8910e-01)
Epoch: [2][130/154]	L_Src_Sup 1.7293e-01 (2.1519e-01)	L_Trg_Inj 3.6824e-01 (3.4580e-01)	Loss Disc 6.7653e-01 (6.7644e-01)	Loss Pred 5.3083e-01 (5.8614e-01)	Loss TOTAL 9.2322e-01 (9.8463e-01)
Epoch: [2][140/154]	L_Src_Sup 2.0779e-01 (2.1338e-01)	L_Trg_Inj 4.8982e-01 (3.4066e-01)	Loss Disc 6.7598e-01 (6.7650e-01)	Loss Pred 5.2669e-01 (5.8220e-01)	Loss TOTAL 9.3444e-01 (9.8124e-01)
Epoch: [2][150/154]	L_Src_Sup 1.8828e-01 (2.1273e-01)	L_Trg_Inj 2.7570e-01 (3.4399e-01)	Loss Disc 6.7884e-01 (6.7643e-01)	Loss Pred 5.1264e-01 (5.7832e-01)	Loss TOTAL 8.9846e-01 (9.7724e-01)
Epoch: [2][154/154]	L_Src_Sup 1.3903e-01 (2.1216e-01)	L_Trg_Inj 3.8470e-01 (3.4403e-01)	Loss Disc 6.7207e-01 (6.7625e-01)	Loss Pred 5.2341e-01 (5.7757e-01)	Loss TOTAL 9.1182e-01 (9.7622e-01)
Epoch 2 complete. Saving model state...
Epoch: [3][ 10/154]	L_Src_Sup 2.3908e-01 (2.0503e-01)	L_Trg_Inj 2.9487e-01 (2.7625e-01)	Loss Disc 6.6480e-01 (6.7441e-01)	Loss Pred 5.6382e-01 (5.2003e-01)	Loss TOTAL 9.4961e-01 (9.0593e-01)
Epoch: [3][ 20/154]	L_Src_Sup 1.5043e-01 (1.8402e-01)	L_Trg_Inj 2.1722e-01 (2.5605e-01)	Loss Disc 6.7904e-01 (6.7556e-01)	Loss Pred 4.8558e-01 (5.0894e-01)	Loss TOTAL 8.6187e-01 (8.9546e-01)
Epoch: [3][ 30/154]	L_Src_Sup 1.7382e-01 (1.8830e-01)	L_Trg_Inj 4.0416e-01 (2.8360e-01)	Loss Disc 6.7586e-01 (6.7555e-01)	Loss Pred 4.9355e-01 (5.0457e-01)	Loss TOTAL 8.8927e-01 (8.9571e-01)
Epoch: [3][ 40/154]	L_Src_Sup 3.3358e-01 (1.9434e-01)	L_Trg_Inj 2.2360e-01 (2.9090e-01)	Loss Disc 6.7400e-01 (6.7589e-01)	Loss Pred 5.1595e-01 (5.0203e-01)	Loss TOTAL 1.0186e+00 (8.9588e-01)
Epoch: [3][ 50/154]	L_Src_Sup 1.5272e-01 (1.9253e-01)	L_Trg_Inj 2.2439e-01 (2.9090e-01)	Loss Disc 6.7816e-01 (6.7603e-01)	Loss Pred 4.8392e-01 (4.9950e-01)	Loss TOTAL 8.6071e-01 (8.9176e-01)
Epoch: [3][ 60/154]	L_Src_Sup 2.4551e-01 (1.9184e-01)	L_Trg_Inj 2.1700e-01 (2.8640e-01)	Loss Disc 6.7310e-01 (6.7552e-01)	Loss Pred 5.0441e-01 (5.0009e-01)	Loss TOTAL 9.1572e-01 (8.9138e-01)
Epoch: [3][ 70/154]	L_Src_Sup 1.9276e-01 (1.9025e-01)	L_Trg_Inj 2.0053e-01 (2.8806e-01)	Loss Disc 6.7389e-01 (6.7531e-01)	Loss Pred 4.9971e-01 (4.9836e-01)	Loss TOTAL 8.7599e-01 (8.8874e-01)
Epoch: [3][ 80/154]	L_Src_Sup 2.9994e-01 (1.9171e-01)	L_Trg_Inj 4.3794e-01 (2.9526e-01)	Loss Disc 6.6885e-01 (6.7516e-01)	Loss Pred 4.9502e-01 (4.9621e-01)	Loss TOTAL 9.0323e-01 (8.8740e-01)
Epoch: [3][ 90/154]	L_Src_Sup 2.3471e-01 (1.9207e-01)	L_Trg_Inj 1.5240e-01 (2.9626e-01)	Loss Disc 6.7195e-01 (6.7488e-01)	Loss Pred 5.1017e-01 (4.9525e-01)	Loss TOTAL 9.6716e-01 (8.8681e-01)
Epoch: [3][100/154]	L_Src_Sup 2.6995e-01 (1.9199e-01)	L_Trg_Inj 1.6743e-01 (2.9257e-01)	Loss Disc 6.7883e-01 (6.7484e-01)	Loss Pred 4.5611e-01 (4.9330e-01)	Loss TOTAL 9.4178e-01 (8.8495e-01)
Epoch: [3][110/154]	L_Src_Sup 2.1550e-01 (1.9327e-01)	L_Trg_Inj 3.7647e-01 (2.9436e-01)	Loss Disc 6.7830e-01 (6.7483e-01)	Loss Pred 4.3455e-01 (4.9099e-01)	Loss TOTAL 8.3290e-01 (8.8268e-01)
Epoch: [3][120/154]	L_Src_Sup 1.7317e-01 (1.9502e-01)	L_Trg_Inj 4.2656e-01 (2.9523e-01)	Loss Disc 6.7148e-01 (6.7461e-01)	Loss Pred 4.6324e-01 (4.8967e-01)	Loss TOTAL 8.5895e-01 (8.8182e-01)
Epoch: [3][130/154]	L_Src_Sup 2.6856e-01 (1.9482e-01)	L_Trg_Inj 2.3924e-01 (2.9423e-01)	Loss Disc 6.6756e-01 (6.7440e-01)	Loss Pred 4.9301e-01 (4.8853e-01)	Loss TOTAL 9.0689e-01 (8.8023e-01)
Epoch: [3][140/154]	L_Src_Sup 2.0202e-01 (1.9634e-01)	L_Trg_Inj 2.2175e-01 (2.9416e-01)	Loss Disc 6.7769e-01 (6.7438e-01)	Loss Pred 4.4859e-01 (4.8655e-01)	Loss TOTAL 8.2981e-01 (8.7799e-01)
Epoch: [3][150/154]	L_Src_Sup 2.2264e-01 (1.9721e-01)	L_Trg_Inj 3.7863e-01 (2.9215e-01)	Loss Disc 6.7449e-01 (6.7415e-01)	Loss Pred 4.5304e-01 (4.8591e-01)	Loss TOTAL 8.5041e-01 (8.7802e-01)
Epoch: [3][154/154]	L_Src_Sup 2.1515e-01 (1.9709e-01)	L_Trg_Inj 3.1421e-01 (2.9380e-01)	Loss Disc 6.7911e-01 (6.7411e-01)	Loss Pred 4.3424e-01 (4.8536e-01)	Loss TOTAL 8.2673e-01 (8.7744e-01)
Epoch 3 complete. Saving model state...
Epoch: [4][ 10/154]	L_Src_Sup 1.3713e-01 (2.1835e-01)	L_Trg_Inj 2.7166e-01 (2.8850e-01)	Loss Disc 6.7867e-01 (6.7464e-01)	Loss Pred 4.4683e-01 (4.5946e-01)	Loss TOTAL 8.2704e-01 (8.5400e-01)
Epoch: [4][ 20/154]	L_Src_Sup 2.3943e-01 (2.0404e-01)	L_Trg_Inj 2.9317e-01 (3.1784e-01)	Loss Disc 6.7571e-01 (6.7458e-01)	Loss Pred 4.5800e-01 (4.5890e-01)	Loss TOTAL 8.4911e-01 (8.5165e-01)
Epoch: [4][ 30/154]	L_Src_Sup 2.3968e-01 (2.0542e-01)	L_Trg_Inj 3.6943e-01 (3.1943e-01)	Loss Disc 6.7305e-01 (6.7364e-01)	Loss Pred 4.5808e-01 (4.6354e-01)	Loss TOTAL 8.5552e-01 (8.5511e-01)
Epoch: [4][ 40/154]	L_Src_Sup 2.1596e-01 (1.9739e-01)	L_Trg_Inj 3.2515e-01 (3.2043e-01)	Loss Disc 6.6906e-01 (6.7342e-01)	Loss Pred 4.8233e-01 (4.6351e-01)	Loss TOTAL 8.7097e-01 (8.5485e-01)
Epoch: [4][ 50/154]	L_Src_Sup 1.5564e-01 (1.9871e-01)	L_Trg_Inj 3.1861e-01 (3.2145e-01)	Loss Disc 6.7331e-01 (6.7330e-01)	Loss Pred 4.5285e-01 (4.6489e-01)	Loss TOTAL 8.3693e-01 (8.5642e-01)
Epoch: [4][ 60/154]	L_Src_Sup 3.3605e-01 (1.9812e-01)	L_Trg_Inj 2.8314e-01 (3.1597e-01)	Loss Disc 6.7917e-01 (6.7343e-01)	Loss Pred 4.4113e-01 (4.6532e-01)	Loss TOTAL 8.9554e-01 (8.5818e-01)
Epoch: [4][ 70/154]	L_Src_Sup 1.9171e-01 (2.0138e-01)	L_Trg_Inj 3.3969e-01 (3.2631e-01)	Loss Disc 6.7154e-01 (6.7322e-01)	Loss Pred 4.6923e-01 (4.6505e-01)	Loss TOTAL 8.5814e-01 (8.5849e-01)
Epoch: [4][ 80/154]	L_Src_Sup 3.1604e-01 (2.0515e-01)	L_Trg_Inj 3.7858e-01 (3.2396e-01)	Loss Disc 6.6847e-01 (6.7309e-01)	Loss Pred 4.7540e-01 (4.6491e-01)	Loss TOTAL 8.7909e-01 (8.5820e-01)
Epoch: [4][ 90/154]	L_Src_Sup 1.8346e-01 (2.0218e-01)	L_Trg_Inj 2.6679e-01 (3.1943e-01)	Loss Disc 6.7718e-01 (6.7306e-01)	Loss Pred 4.3731e-01 (4.6494e-01)	Loss TOTAL 8.2093e-01 (8.5703e-01)
Epoch: [4][100/154]	L_Src_Sup 1.4895e-01 (2.0127e-01)	L_Trg_Inj 2.8432e-01 (3.1837e-01)	Loss Disc 6.7752e-01 (6.7306e-01)	Loss Pred 4.3179e-01 (4.6391e-01)	Loss TOTAL 8.1387e-01 (8.5615e-01)
Epoch: [4][110/154]	L_Src_Sup 2.1687e-01 (2.0303e-01)	L_Trg_Inj 2.1512e-01 (3.1364e-01)	Loss Disc 6.7907e-01 (6.7316e-01)	Loss Pred 4.3723e-01 (4.6313e-01)	Loss TOTAL 8.2171e-01 (8.5649e-01)
Epoch: [4][120/154]	L_Src_Sup 1.8815e-01 (2.0240e-01)	L_Trg_Inj 2.1499e-01 (3.1122e-01)	Loss Disc 6.7551e-01 (6.7321e-01)	Loss Pred 4.5633e-01 (4.6257e-01)	Loss TOTAL 8.3440e-01 (8.5522e-01)
Epoch: [4][130/154]	L_Src_Sup 2.2632e-01 (2.0194e-01)	L_Trg_Inj 3.9967e-01 (3.0933e-01)	Loss Disc 6.6968e-01 (6.7315e-01)	Loss Pred 4.6782e-01 (4.6253e-01)	Loss TOTAL 8.6525e-01 (8.5501e-01)
Epoch: [4][140/154]	L_Src_Sup 1.3923e-01 (2.0076e-01)	L_Trg_Inj 2.5102e-01 (3.0807e-01)	Loss Disc 6.7199e-01 (6.7311e-01)	Loss Pred 4.6866e-01 (4.6266e-01)	Loss TOTAL 8.4367e-01 (8.5453e-01)
Epoch: [4][150/154]	L_Src_Sup 1.7568e-01 (2.0108e-01)	L_Trg_Inj 3.6928e-01 (3.0841e-01)	Loss Disc 6.6906e-01 (6.7312e-01)	Loss Pred 4.7462e-01 (4.6206e-01)	Loss TOTAL 8.6365e-01 (8.5402e-01)
Epoch: [4][154/154]	L_Src_Sup 2.8362e-01 (2.0153e-01)	L_Trg_Inj 2.8536e-01 (3.0774e-01)	Loss Disc 6.7810e-01 (6.7310e-01)	Loss Pred 4.3622e-01 (4.6234e-01)	Loss TOTAL 8.3217e-01 (8.5415e-01)
Epoch 4 complete. Saving model state...
Epoch: [5][ 10/154]	L_Src_Sup 3.0273e-01 (2.2739e-01)	L_Trg_Inj 2.6822e-01 (3.1857e-01)	Loss Disc 6.7684e-01 (6.7082e-01)	Loss Pred 4.4277e-01 (4.6730e-01)	Loss TOTAL 8.7279e-01 (8.6090e-01)
Epoch: [5][ 20/154]	L_Src_Sup 1.2513e-01 (2.0606e-01)	L_Trg_Inj 3.7764e-01 (3.3450e-01)	Loss Disc 6.7173e-01 (6.7179e-01)	Loss Pred 4.6159e-01 (4.6197e-01)	Loss TOTAL 8.4774e-01 (8.5419e-01)
Epoch: [5][ 30/154]	L_Src_Sup 2.9090e-01 (2.0723e-01)	L_Trg_Inj 3.3051e-01 (3.3182e-01)	Loss Disc 6.7187e-01 (6.7235e-01)	Loss Pred 4.5518e-01 (4.6010e-01)	Loss TOTAL 8.5325e-01 (8.5169e-01)
Epoch: [5][ 40/154]	L_Src_Sup 1.5271e-01 (2.0898e-01)	L_Trg_Inj 1.7287e-01 (3.1478e-01)	Loss Disc 6.8056e-01 (6.7272e-01)	Loss Pred 4.4887e-01 (4.5934e-01)	Loss TOTAL 8.2171e-01 (8.5269e-01)
Epoch: [5][ 50/154]	L_Src_Sup 2.4181e-01 (2.0826e-01)	L_Trg_Inj 2.6683e-01 (3.0986e-01)	Loss Disc 6.7241e-01 (6.7330e-01)	Loss Pred 4.6154e-01 (4.5674e-01)	Loss TOTAL 8.4861e-01 (8.4889e-01)
Epoch: [5][ 60/154]	L_Src_Sup 1.8831e-01 (1.9921e-01)	L_Trg_Inj 1.9457e-01 (2.9294e-01)	Loss Disc 6.7512e-01 (6.7320e-01)	Loss Pred 4.5483e-01 (4.5822e-01)	Loss TOTAL 8.3067e-01 (8.4946e-01)
Epoch: [5][ 70/154]	L_Src_Sup 2.2630e-01 (1.9893e-01)	L_Trg_Inj 3.5628e-01 (2.8971e-01)	Loss Disc 6.6930e-01 (6.7311e-01)	Loss Pred 4.6719e-01 (4.5811e-01)	Loss TOTAL 8.6010e-01 (8.4886e-01)
Epoch: [5][ 80/154]	L_Src_Sup 1.5262e-01 (1.9974e-01)	L_Trg_Inj 3.6663e-01 (2.9651e-01)	Loss Disc 6.7324e-01 (6.7312e-01)	Loss Pred 4.4799e-01 (4.5769e-01)	Loss TOTAL 8.3654e-01 (8.4855e-01)
Epoch: [5][ 90/154]	L_Src_Sup 1.2524e-01 (1.9961e-01)	L_Trg_Inj 2.1586e-01 (2.9552e-01)	Loss Disc 6.7472e-01 (6.7311e-01)	Loss Pred 4.6706e-01 (4.5799e-01)	Loss TOTAL 8.3853e-01 (8.4868e-01)
Epoch: [5][100/154]	L_Src_Sup 2.0710e-01 (1.9980e-01)	L_Trg_Inj 3.3895e-01 (2.9754e-01)	Loss Disc 6.7274e-01 (6.7316e-01)	Loss Pred 4.6118e-01 (4.5817e-01)	Loss TOTAL 8.5215e-01 (8.4967e-01)
Epoch: [5][110/154]	L_Src_Sup 1.3696e-01 (1.9973e-01)	L_Trg_Inj 3.0644e-01 (3.0038e-01)	Loss Disc 6.7210e-01 (6.7311e-01)	Loss Pred 4.5443e-01 (4.5803e-01)	Loss TOTAL 8.3482e-01 (8.4931e-01)
Epoch: [5][120/154]	L_Src_Sup 1.9729e-01 (2.0017e-01)	L_Trg_Inj 3.0633e-01 (2.9677e-01)	Loss Disc 6.7182e-01 (6.7345e-01)	Loss Pred 4.7952e-01 (4.5877e-01)	Loss TOTAL 8.6579e-01 (8.5153e-01)
Epoch: [5][130/154]	L_Src_Sup 2.0609e-01 (2.0148e-01)	L_Trg_Inj 2.9553e-01 (2.9695e-01)	Loss Disc 6.7387e-01 (6.7351e-01)	Loss Pred 4.5392e-01 (4.5865e-01)	Loss TOTAL 8.4102e-01 (8.5122e-01)
Epoch: [5][140/154]	L_Src_Sup 3.0404e-01 (2.0310e-01)	L_Trg_Inj 2.8301e-01 (2.9700e-01)	Loss Disc 6.6882e-01 (6.7334e-01)	Loss Pred 4.8559e-01 (4.5921e-01)	Loss TOTAL 8.9973e-01 (8.5189e-01)
Epoch: [5][150/154]	L_Src_Sup 2.8583e-01 (2.0358e-01)	L_Trg_Inj 2.5721e-01 (2.9844e-01)	Loss Disc 6.7749e-01 (6.7338e-01)	Loss Pred 4.4182e-01 (4.5880e-01)	Loss TOTAL 8.6349e-01 (8.5149e-01)
Epoch: [5][154/154]	L_Src_Sup 2.9592e-01 (2.0435e-01)	L_Trg_Inj 2.2090e-01 (2.9900e-01)	Loss Disc 6.7508e-01 (6.7330e-01)	Loss Pred 4.6675e-01 (4.5922e-01)	Loss TOTAL 9.3100e-01 (8.5233e-01)
Epoch 5 complete. Saving model state...
Epoch: [6][ 10/154]	L_Src_Sup 2.7543e-01 (2.2122e-01)	L_Trg_Inj 3.8285e-01 (3.6396e-01)	Loss Disc 6.6334e-01 (6.6973e-01)	Loss Pred 5.0470e-01 (4.7197e-01)	Loss TOTAL 9.0220e-01 (8.6645e-01)
Epoch: [6][ 20/154]	L_Src_Sup 1.7867e-01 (2.2136e-01)	L_Trg_Inj 2.5781e-01 (3.5702e-01)	Loss Disc 6.7060e-01 (6.6996e-01)	Loss Pred 4.8572e-01 (4.7384e-01)	Loss TOTAL 8.6467e-01 (8.6791e-01)
Epoch: [6][ 30/154]	L_Src_Sup 1.8086e-01 (2.1257e-01)	L_Trg_Inj 2.5602e-01 (3.5855e-01)	Loss Disc 6.8185e-01 (6.7148e-01)	Loss Pred 4.3554e-01 (4.6715e-01)	Loss TOTAL 8.2015e-01 (8.6111e-01)
Epoch: [6][ 40/154]	L_Src_Sup 1.4217e-01 (2.1066e-01)	L_Trg_Inj 3.3022e-01 (3.5324e-01)	Loss Disc 6.7397e-01 (6.7375e-01)	Loss Pred 4.6750e-01 (4.6275e-01)	Loss TOTAL 8.5172e-01 (8.5835e-01)
Epoch: [6][ 50/154]	L_Src_Sup 2.4672e-01 (2.0940e-01)	L_Trg_Inj 2.9513e-01 (3.4741e-01)	Loss Disc 6.7039e-01 (6.7371e-01)	Loss Pred 4.7302e-01 (4.6163e-01)	Loss TOTAL 8.6240e-01 (8.5603e-01)
Epoch: [6][ 60/154]	L_Src_Sup 2.2437e-01 (2.1107e-01)	L_Trg_Inj 3.7433e-01 (3.3895e-01)	Loss Disc 6.7163e-01 (6.7366e-01)	Loss Pred 4.6026e-01 (4.6096e-01)	Loss TOTAL 8.5595e-01 (8.5610e-01)
Epoch: [6][ 70/154]	L_Src_Sup 2.2829e-01 (2.1112e-01)	L_Trg_Inj 3.6679e-01 (3.4169e-01)	Loss Disc 6.6678e-01 (6.7320e-01)	Loss Pred 4.7286e-01 (4.6141e-01)	Loss TOTAL 8.6576e-01 (8.5613e-01)
Epoch: [6][ 80/154]	L_Src_Sup 2.3940e-01 (2.1358e-01)	L_Trg_Inj 4.8282e-01 (3.3707e-01)	Loss Disc 6.7033e-01 (6.7333e-01)	Loss Pred 4.5417e-01 (4.6048e-01)	Loss TOTAL 8.6156e-01 (8.5506e-01)
Epoch: [6][ 90/154]	L_Src_Sup 1.0260e-01 (2.0683e-01)	L_Trg_Inj 2.8253e-01 (3.4148e-01)	Loss Disc 6.7536e-01 (6.7322e-01)	Loss Pred 4.5382e-01 (4.6010e-01)	Loss TOTAL 8.3001e-01 (8.5408e-01)
Epoch: [6][100/154]	L_Src_Sup 2.9638e-01 (2.0852e-01)	L_Trg_Inj 2.7610e-01 (3.3985e-01)	Loss Disc 6.6517e-01 (6.7313e-01)	Loss Pred 5.1068e-01 (4.6057e-01)	Loss TOTAL 9.2079e-01 (8.5447e-01)
Epoch: [6][110/154]	L_Src_Sup 1.7704e-01 (2.0793e-01)	L_Trg_Inj 3.5747e-01 (3.4311e-01)	Loss Disc 6.6955e-01 (6.7316e-01)	Loss Pred 4.7906e-01 (4.6002e-01)	Loss TOTAL 8.6729e-01 (8.5402e-01)
Epoch: [6][120/154]	L_Src_Sup 2.0012e-01 (2.0567e-01)	L_Trg_Inj 3.0897e-01 (3.4310e-01)	Loss Disc 6.7685e-01 (6.7319e-01)	Loss Pred 4.3567e-01 (4.5941e-01)	Loss TOTAL 8.2501e-01 (8.5301e-01)
Epoch: [6][130/154]	L_Src_Sup 2.2622e-01 (2.0481e-01)	L_Trg_Inj 3.4073e-01 (3.3938e-01)	Loss Disc 6.7120e-01 (6.7317e-01)	Loss Pred 4.6834e-01 (4.5929e-01)	Loss TOTAL 8.6063e-01 (8.5271e-01)
Epoch: [6][140/154]	L_Src_Sup 1.1981e-01 (2.0351e-01)	L_Trg_Inj 3.0397e-01 (3.3898e-01)	Loss Disc 6.7364e-01 (6.7327e-01)	Loss Pred 4.5397e-01 (4.5849e-01)	Loss TOTAL 8.3317e-01 (8.5162e-01)
Epoch: [6][150/154]	L_Src_Sup 2.2618e-01 (2.0531e-01)	L_Trg_Inj 3.5979e-01 (3.3818e-01)	Loss Disc 6.7086e-01 (6.7325e-01)	Loss Pred 4.6640e-01 (4.5835e-01)	Loss TOTAL 8.6043e-01 (8.5191e-01)
Epoch: [6][154/154]	L_Src_Sup 2.8331e-01 (2.0630e-01)	L_Trg_Inj 2.6365e-01 (3.3776e-01)	Loss Disc 6.7139e-01 (6.7317e-01)	Loss Pred 4.7885e-01 (4.5881e-01)	Loss TOTAL 8.8890e-01 (8.5244e-01)
Epoch 6 complete. Saving model state...
Epoch: [7][ 10/154]	L_Src_Sup 2.0347e-01 (1.6975e-01)	L_Trg_Inj 3.1790e-01 (3.5164e-01)	Loss Disc 6.7518e-01 (6.7151e-01)	Loss Pred 4.4765e-01 (4.6501e-01)	Loss TOTAL 8.3738e-01 (8.5290e-01)
Epoch: [7][ 20/154]	L_Src_Sup 2.2423e-01 (1.8007e-01)	L_Trg_Inj 2.8904e-01 (3.2675e-01)	Loss Disc 6.7315e-01 (6.7217e-01)	Loss Pred 4.6072e-01 (4.6284e-01)	Loss TOTAL 8.4862e-01 (8.5029e-01)
Epoch: [7][ 30/154]	L_Src_Sup 8.5492e-02 (1.8999e-01)	L_Trg_Inj 3.5510e-01 (3.1855e-01)	Loss Disc 6.7329e-01 (6.7267e-01)	Loss Pred 4.5399e-01 (4.6085e-01)	Loss TOTAL 8.3469e-01 (8.4995e-01)
Epoch: [7][ 40/154]	L_Src_Sup 2.4358e-01 (1.9555e-01)	L_Trg_Inj 3.1838e-01 (3.2183e-01)	Loss Disc 6.7099e-01 (6.7237e-01)	Loss Pred 4.6765e-01 (4.6228e-01)	Loss TOTAL 8.5934e-01 (8.5164e-01)
Epoch: [7][ 50/154]	L_Src_Sup 2.2865e-01 (1.9675e-01)	L_Trg_Inj 3.2794e-01 (3.2029e-01)	Loss Disc 6.6949e-01 (6.7249e-01)	Loss Pred 4.7262e-01 (4.6017e-01)	Loss TOTAL 8.6302e-01 (8.4944e-01)
Epoch: [7][ 60/154]	L_Src_Sup 1.3824e-01 (1.9797e-01)	L_Trg_Inj 3.6503e-01 (3.1606e-01)	Loss Disc 6.7063e-01 (6.7271e-01)	Loss Pred 4.5979e-01 (4.5935e-01)	Loss TOTAL 8.4543e-01 (8.4823e-01)
Epoch: [7][ 70/154]	L_Src_Sup 2.3878e-01 (1.9876e-01)	L_Trg_Inj 2.7928e-01 (3.1656e-01)	Loss Disc 6.7671e-01 (6.7277e-01)	Loss Pred 4.4123e-01 (4.5881e-01)	Loss TOTAL 8.3139e-01 (8.4848e-01)
Epoch: [7][ 80/154]	L_Src_Sup 1.5271e-01 (1.9877e-01)	L_Trg_Inj 3.2516e-01 (3.1421e-01)	Loss Disc 6.7317e-01 (6.7305e-01)	Loss Pred 4.4724e-01 (4.5784e-01)	Loss TOTAL 8.3161e-01 (8.4744e-01)
Epoch: [7][ 90/154]	L_Src_Sup 2.3555e-01 (1.9781e-01)	L_Trg_Inj 3.2870e-01 (3.1020e-01)	Loss Disc 6.7576e-01 (6.7303e-01)	Loss Pred 4.4073e-01 (4.5779e-01)	Loss TOTAL 8.3503e-01 (8.4731e-01)
Epoch: [7][100/154]	L_Src_Sup 2.8822e-01 (1.9779e-01)	L_Trg_Inj 3.0502e-01 (3.1019e-01)	Loss Disc 6.7335e-01 (6.7301e-01)	Loss Pred 4.4768e-01 (4.5762e-01)	Loss TOTAL 8.4368e-01 (8.4691e-01)
Epoch: [7][110/154]	L_Src_Sup 2.0888e-01 (1.9880e-01)	L_Trg_Inj 4.0096e-01 (3.0920e-01)	Loss Disc 6.6930e-01 (6.7309e-01)	Loss Pred 4.6780e-01 (4.5731e-01)	Loss TOTAL 8.6343e-01 (8.4684e-01)
Epoch: [7][120/154]	L_Src_Sup 2.0721e-01 (1.9822e-01)	L_Trg_Inj 4.0260e-01 (3.1364e-01)	Loss Disc 6.7157e-01 (6.7298e-01)	Loss Pred 4.5953e-01 (4.5790e-01)	Loss TOTAL 8.5629e-01 (8.4772e-01)
Epoch: [7][130/154]	L_Src_Sup 1.5398e-01 (1.9918e-01)	L_Trg_Inj 3.3486e-01 (3.1637e-01)	Loss Disc 6.7325e-01 (6.7290e-01)	Loss Pred 4.5329e-01 (4.5834e-01)	Loss TOTAL 8.3880e-01 (8.4832e-01)
Epoch: [7][140/154]	L_Src_Sup 2.3404e-01 (1.9938e-01)	L_Trg_Inj 2.1777e-01 (3.1587e-01)	Loss Disc 6.7600e-01 (6.7307e-01)	Loss Pred 4.5932e-01 (4.5804e-01)	Loss TOTAL 8.5876e-01 (8.4812e-01)
Epoch: [7][150/154]	L_Src_Sup 1.3935e-01 (1.9910e-01)	L_Trg_Inj 3.2121e-01 (3.1609e-01)	Loss Disc 6.7071e-01 (6.7309e-01)	Loss Pred 4.6571e-01 (4.5765e-01)	Loss TOTAL 8.4712e-01 (8.4764e-01)
Epoch: [7][154/154]	L_Src_Sup 1.2300e-01 (1.9867e-01)	L_Trg_Inj 4.3363e-01 (3.1579e-01)	Loss Disc 6.6748e-01 (6.7307e-01)	Loss Pred 4.7351e-01 (4.5783e-01)	Loss TOTAL 8.6291e-01 (8.4780e-01)
Epoch 7 complete. Saving model state...
Epoch: [8][ 10/154]	L_Src_Sup 1.6892e-01 (2.1747e-01)	L_Trg_Inj 3.5202e-01 (3.3173e-01)	Loss Disc 6.7564e-01 (6.7400e-01)	Loss Pred 4.4157e-01 (4.5278e-01)	Loss TOTAL 8.3148e-01 (8.5651e-01)
Epoch: [8][ 20/154]	L_Src_Sup 1.1387e-01 (2.2363e-01)	L_Trg_Inj 3.6757e-01 (3.3850e-01)	Loss Disc 6.7967e-01 (6.7368e-01)	Loss Pred 4.1517e-01 (4.5235e-01)	Loss TOTAL 8.0315e-01 (8.5526e-01)
Epoch: [8][ 30/154]	L_Src_Sup 2.5874e-01 (2.2207e-01)	L_Trg_Inj 3.4636e-01 (3.3869e-01)	Loss Disc 6.7223e-01 (6.7366e-01)	Loss Pred 4.5971e-01 (4.5265e-01)	Loss TOTAL 8.5634e-01 (8.5373e-01)
Epoch: [8][ 40/154]	L_Src_Sup 2.1062e-01 (2.1675e-01)	L_Trg_Inj 2.8712e-01 (3.3760e-01)	Loss Disc 6.6976e-01 (6.7328e-01)	Loss Pred 4.7212e-01 (4.5360e-01)	Loss TOTAL 8.5678e-01 (8.5180e-01)
Epoch: [8][ 50/154]	L_Src_Sup 2.2248e-01 (2.1807e-01)	L_Trg_Inj 3.5958e-01 (3.2671e-01)	Loss Disc 6.7379e-01 (6.7315e-01)	Loss Pred 4.5446e-01 (4.5443e-01)	Loss TOTAL 8.4956e-01 (8.5258e-01)
Epoch: [8][ 60/154]	L_Src_Sup 3.5918e-01 (2.1573e-01)	L_Trg_Inj 3.6312e-01 (3.3102e-01)	Loss Disc 6.7293e-01 (6.7299e-01)	Loss Pred 4.5300e-01 (4.5568e-01)	Loss TOTAL 8.6169e-01 (8.5277e-01)
Epoch: [8][ 70/154]	L_Src_Sup 2.1152e-01 (2.1289e-01)	L_Trg_Inj 2.5056e-01 (3.2677e-01)	Loss Disc 6.8156e-01 (6.7322e-01)	Loss Pred 4.1518e-01 (4.5479e-01)	Loss TOTAL 8.0217e-01 (8.5044e-01)
Epoch: [8][ 80/154]	L_Src_Sup 1.5162e-01 (2.0957e-01)	L_Trg_Inj 2.6589e-01 (3.1852e-01)	Loss Disc 6.7614e-01 (6.7319e-01)	Loss Pred 4.3996e-01 (4.5509e-01)	Loss TOTAL 8.1978e-01 (8.4967e-01)
Epoch: [8][ 90/154]	L_Src_Sup 2.0714e-01 (2.0867e-01)	L_Trg_Inj 2.5790e-01 (3.1145e-01)	Loss Disc 6.7279e-01 (6.7314e-01)	Loss Pred 4.6034e-01 (4.5543e-01)	Loss TOTAL 8.4324e-01 (8.4944e-01)
Epoch: [8][100/154]	L_Src_Sup 1.6085e-01 (2.0605e-01)	L_Trg_Inj 2.4272e-01 (3.0333e-01)	Loss Disc 6.6821e-01 (6.7314e-01)	Loss Pred 4.8447e-01 (4.5574e-01)	Loss TOTAL 8.5893e-01 (8.4863e-01)
Epoch: [8][110/154]	L_Src_Sup 1.8651e-01 (2.0726e-01)	L_Trg_Inj 3.4702e-01 (3.0692e-01)	Loss Disc 6.7439e-01 (6.7294e-01)	Loss Pred 4.4593e-01 (4.5665e-01)	Loss TOTAL 8.3648e-01 (8.4997e-01)
Epoch: [8][120/154]	L_Src_Sup 1.2190e-01 (2.0651e-01)	L_Trg_Inj 3.2605e-01 (3.0538e-01)	Loss Disc 6.7114e-01 (6.7297e-01)	Loss Pred 4.6771e-01 (4.5695e-01)	Loss TOTAL 8.4808e-01 (8.5015e-01)
Epoch: [8][130/154]	L_Src_Sup 2.1067e-01 (2.0577e-01)	L_Trg_Inj 2.4137e-01 (3.0362e-01)	Loss Disc 6.7058e-01 (6.7287e-01)	Loss Pred 4.7199e-01 (4.5758e-01)	Loss TOTAL 8.5249e-01 (8.5005e-01)
Epoch: [8][140/154]	L_Src_Sup 1.3522e-01 (2.0100e-01)	L_Trg_Inj 2.8234e-01 (2.9810e-01)	Loss Disc 6.7334e-01 (6.7290e-01)	Loss Pred 4.4041e-01 (4.5732e-01)	Loss TOTAL 8.1884e-01 (8.4890e-01)
Epoch: [8][150/154]	L_Src_Sup 2.5028e-01 (2.0099e-01)	L_Trg_Inj 2.1497e-01 (2.9553e-01)	Loss Disc 6.6848e-01 (6.7284e-01)	Loss Pred 4.8483e-01 (4.5751e-01)	Loss TOTAL 9.0091e-01 (8.4880e-01)
Epoch: [8][154/154]	L_Src_Sup 2.4909e-01 (2.0122e-01)	L_Trg_Inj 3.2053e-01 (2.9482e-01)	Loss Disc 6.6711e-01 (6.7282e-01)	Loss Pred 4.7844e-01 (4.5764e-01)	Loss TOTAL 8.6896e-01 (8.4874e-01)
Epoch 8 complete. Saving model state...
Epoch: [9][ 10/154]	L_Src_Sup 3.1721e-01 (2.4245e-01)	L_Trg_Inj 3.6873e-01 (2.7127e-01)	Loss Disc 6.7490e-01 (6.7447e-01)	Loss Pred 4.5391e-01 (4.5903e-01)	Loss TOTAL 8.5995e-01 (8.6133e-01)
Epoch: [9][ 20/154]	L_Src_Sup 1.8958e-01 (2.3615e-01)	L_Trg_Inj 3.3978e-01 (2.9271e-01)	Loss Disc 6.7434e-01 (6.7369e-01)	Loss Pred 4.4033e-01 (4.5676e-01)	Loss TOTAL 8.3044e-01 (8.5923e-01)
Epoch: [9][ 30/154]	L_Src_Sup 2.5315e-01 (2.2816e-01)	L_Trg_Inj 2.3508e-01 (3.0104e-01)	Loss Disc 6.7933e-01 (6.7367e-01)	Loss Pred 4.4036e-01 (4.5655e-01)	Loss TOTAL 8.4692e-01 (8.5596e-01)
Epoch: [9][ 40/154]	L_Src_Sup 1.6416e-01 (2.1625e-01)	L_Trg_Inj 3.4915e-01 (3.1031e-01)	Loss Disc 6.7844e-01 (6.7356e-01)	Loss Pred 4.2091e-01 (4.5632e-01)	Loss TOTAL 8.1146e-01 (8.5300e-01)
Epoch: [9][ 50/154]	L_Src_Sup 2.0707e-01 (2.1290e-01)	L_Trg_Inj 3.4373e-01 (3.1464e-01)	Loss Disc 6.7081e-01 (6.7324e-01)	Loss Pred 4.5926e-01 (4.5612e-01)	Loss TOTAL 8.4974e-01 (8.5301e-01)
Epoch: [9][ 60/154]	L_Src_Sup 1.3567e-01 (2.0919e-01)	L_Trg_Inj 3.7597e-01 (3.1262e-01)	Loss Disc 6.7244e-01 (6.7313e-01)	Loss Pred 4.4626e-01 (4.5646e-01)	Loss TOTAL 8.3365e-01 (8.5162e-01)
Epoch: [9][ 70/154]	L_Src_Sup 2.2038e-01 (2.0663e-01)	L_Trg_Inj 3.1540e-01 (3.1161e-01)	Loss Disc 6.7371e-01 (6.7304e-01)	Loss Pred 4.4665e-01 (4.5684e-01)	Loss TOTAL 8.3708e-01 (8.5090e-01)
Epoch: [9][ 80/154]	L_Src_Sup 1.7097e-01 (2.0472e-01)	L_Trg_Inj 2.3923e-01 (3.0718e-01)	Loss Disc 6.7551e-01 (6.7300e-01)	Loss Pred 4.5263e-01 (4.5704e-01)	Loss TOTAL 8.3140e-01 (8.5048e-01)
Epoch: [9][ 90/154]	L_Src_Sup 2.8577e-01 (2.0538e-01)	L_Trg_Inj 2.3351e-01 (3.0431e-01)	Loss Disc 6.6967e-01 (6.7293e-01)	Loss Pred 4.8442e-01 (4.5727e-01)	Loss TOTAL 9.2345e-01 (8.5053e-01)
Epoch: [9][100/154]	L_Src_Sup 1.7099e-01 (2.0492e-01)	L_Trg_Inj 3.8136e-01 (3.1052e-01)	Loss Disc 6.7163e-01 (6.7271e-01)	Loss Pred 4.5234e-01 (4.5782e-01)	Loss TOTAL 8.4339e-01 (8.5129e-01)
Epoch: [9][110/154]	L_Src_Sup 2.6675e-01 (2.0549e-01)	L_Trg_Inj 2.0976e-01 (3.1002e-01)	Loss Disc 6.7920e-01 (6.7271e-01)	Loss Pred 4.3372e-01 (4.5765e-01)	Loss TOTAL 8.7796e-01 (8.5113e-01)
Epoch: [9][120/154]	L_Src_Sup 2.5866e-01 (2.0509e-01)	L_Trg_Inj 2.6406e-01 (3.0767e-01)	Loss Disc 6.7198e-01 (6.7266e-01)	Loss Pred 4.5906e-01 (4.5792e-01)	Loss TOTAL 8.4732e-01 (8.5064e-01)
Epoch: [9][130/154]	L_Src_Sup 2.4143e-01 (2.0361e-01)	L_Trg_Inj 3.1301e-01 (3.0393e-01)	Loss Disc 6.6999e-01 (6.7265e-01)	Loss Pred 4.5883e-01 (4.5815e-01)	Loss TOTAL 8.4928e-01 (8.5044e-01)
Epoch: [9][140/154]	L_Src_Sup 6.6714e-02 (2.0076e-01)	L_Trg_Inj 2.6068e-01 (2.9911e-01)	Loss Disc 6.7656e-01 (6.7270e-01)	Loss Pred 4.3362e-01 (4.5766e-01)	Loss TOTAL 8.0464e-01 (8.4897e-01)
Epoch: [9][150/154]	L_Src_Sup 1.6504e-01 (2.0124e-01)	L_Trg_Inj 2.9707e-01 (2.9701e-01)	Loss Disc 6.6653e-01 (6.7274e-01)	Loss Pred 4.7827e-01 (4.5757e-01)	Loss TOTAL 8.5775e-01 (8.4921e-01)
Epoch: [9][154/154]	L_Src_Sup 2.5936e-01 (2.0106e-01)	L_Trg_Inj 2.5655e-01 (2.9579e-01)	Loss Disc 6.6058e-01 (6.7265e-01)	Loss Pred 5.0963e-01 (4.5786e-01)	Loss TOTAL 8.9431e-01 (8.4919e-01)
Epoch 9 complete. Saving model state...
Epoch: [10][ 10/154]	L_Src_Sup 2.5654e-01 (2.0415e-01)	L_Trg_Inj 3.3760e-01 (3.1052e-01)	Loss Disc 6.7379e-01 (6.7220e-01)	Loss Pred 4.5296e-01 (4.5973e-01)	Loss TOTAL 8.4926e-01 (8.5346e-01)
Epoch: [10][ 20/154]	L_Src_Sup 2.1499e-01 (2.2092e-01)	L_Trg_Inj 3.1546e-01 (3.2843e-01)	Loss Disc 6.7898e-01 (6.7311e-01)	Loss Pred 4.2758e-01 (4.5466e-01)	Loss TOTAL 8.2012e-01 (8.4969e-01)
Epoch: [10][ 30/154]	L_Src_Sup 1.5004e-01 (2.1120e-01)	L_Trg_Inj 2.6448e-01 (3.2400e-01)	Loss Disc 6.7893e-01 (6.7271e-01)	Loss Pred 4.3367e-01 (4.5763e-01)	Loss TOTAL 8.1459e-01 (8.5353e-01)
Epoch: [10][ 40/154]	L_Src_Sup 2.5436e-01 (2.1436e-01)	L_Trg_Inj 3.7728e-01 (3.2270e-01)	Loss Disc 6.7224e-01 (6.7289e-01)	Loss Pred 4.4633e-01 (4.5609e-01)	Loss TOTAL 8.4561e-01 (8.5207e-01)
Epoch: [10][ 50/154]	L_Src_Sup 2.5434e-01 (2.1160e-01)	L_Trg_Inj 2.4973e-01 (3.1648e-01)	Loss Disc 6.7537e-01 (6.7320e-01)	Loss Pred 4.4639e-01 (4.5461e-01)	Loss TOTAL 8.3910e-01 (8.4877e-01)
Epoch: [10][ 60/154]	L_Src_Sup 1.8652e-01 (2.1028e-01)	L_Trg_Inj 2.4310e-01 (3.1229e-01)	Loss Disc 6.7569e-01 (6.7341e-01)	Loss Pred 4.4639e-01 (4.5324e-01)	Loss TOTAL 8.2720e-01 (8.4616e-01)
Epoch: [10][ 70/154]	L_Src_Sup 2.2061e-01 (2.0587e-01)	L_Trg_Inj 2.2691e-01 (3.0120e-01)	Loss Disc 6.7621e-01 (6.7314e-01)	Loss Pred 4.4629e-01 (4.5515e-01)	Loss TOTAL 8.2914e-01 (8.4650e-01)
Epoch: [10][ 80/154]	L_Src_Sup 2.3645e-01 (2.0840e-01)	L_Trg_Inj 3.0058e-01 (3.0124e-01)	Loss Disc 6.6709e-01 (6.7302e-01)	Loss Pred 4.9728e-01 (4.5589e-01)	Loss TOTAL 8.8453e-01 (8.4756e-01)
Epoch: [10][ 90/154]	L_Src_Sup 2.8586e-01 (2.1199e-01)	L_Trg_Inj 2.9042e-01 (3.0489e-01)	Loss Disc 6.6922e-01 (6.7286e-01)	Loss Pred 4.8429e-01 (4.5654e-01)	Loss TOTAL 8.7652e-01 (8.4879e-01)
Epoch: [10][100/154]	L_Src_Sup 1.0916e-01 (2.1043e-01)	L_Trg_Inj 3.3256e-01 (3.0540e-01)	Loss Disc 6.6315e-01 (6.7266e-01)	Loss Pred 4.9711e-01 (4.5755e-01)	Loss TOTAL 8.7286e-01 (8.4919e-01)
Epoch: [10][110/154]	L_Src_Sup 2.1315e-01 (2.0840e-01)	L_Trg_Inj 3.1018e-01 (2.9951e-01)	Loss Disc 6.6868e-01 (6.7263e-01)	Loss Pred 4.7793e-01 (4.5775e-01)	Loss TOTAL 8.6460e-01 (8.5021e-01)
Epoch: [10][120/154]	L_Src_Sup 2.3963e-01 (2.0647e-01)	L_Trg_Inj 3.6137e-01 (2.9909e-01)	Loss Disc 6.7055e-01 (6.7272e-01)	Loss Pred 4.5286e-01 (4.5729e-01)	Loss TOTAL 8.4824e-01 (8.4911e-01)
Epoch: [10][130/154]	L_Src_Sup 1.8503e-01 (2.0597e-01)	L_Trg_Inj 2.6463e-01 (2.9705e-01)	Loss Disc 6.7551e-01 (6.7283e-01)	Loss Pred 4.4049e-01 (4.5655e-01)	Loss TOTAL 8.2322e-01 (8.4781e-01)
Epoch: [10][140/154]	L_Src_Sup 1.4963e-01 (2.0448e-01)	L_Trg_Inj 3.0414e-01 (2.9419e-01)	Loss Disc 6.6019e-01 (6.7271e-01)	Loss Pred 5.1625e-01 (4.5710e-01)	Loss TOTAL 8.9172e-01 (8.4762e-01)
Epoch: [10][150/154]	L_Src_Sup 2.3942e-01 (2.0320e-01)	L_Trg_Inj 1.8712e-01 (2.8918e-01)	Loss Disc 6.7335e-01 (6.7285e-01)	Loss Pred 4.5296e-01 (4.5654e-01)	Loss TOTAL 8.8459e-01 (8.4657e-01)
Epoch: [10][154/154]	L_Src_Sup 2.6812e-01 (2.0237e-01)	L_Trg_Inj 2.0823e-01 (2.8716e-01)	Loss Disc 6.6899e-01 (6.7281e-01)	Loss Pred 4.8449e-01 (4.5690e-01)	Loss TOTAL 9.2651e-01 (8.4690e-01)
Epoch 10 complete. Saving model state...
Epoch: [11][ 10/154]	L_Src_Sup 2.6258e-01 (2.5477e-01)	L_Trg_Inj 4.6175e-01 (3.4219e-01)	Loss Disc 6.6688e-01 (6.7305e-01)	Loss Pred 4.5900e-01 (4.5086e-01)	Loss TOTAL 8.6487e-01 (8.6209e-01)
Epoch: [11][ 20/154]	L_Src_Sup 1.3450e-01 (2.2459e-01)	L_Trg_Inj 2.1112e-01 (3.2611e-01)	Loss Disc 6.7894e-01 (6.7316e-01)	Loss Pred 4.4012e-01 (4.5276e-01)	Loss TOTAL 8.1415e-01 (8.5192e-01)
Epoch: [11][ 30/154]	L_Src_Sup 1.7275e-01 (2.1968e-01)	L_Trg_Inj 2.8859e-01 (3.0961e-01)	Loss Disc 6.7216e-01 (6.7288e-01)	Loss Pred 4.5890e-01 (4.5592e-01)	Loss TOTAL 8.4112e-01 (8.5326e-01)
Epoch: [11][ 40/154]	L_Src_Sup 2.3941e-01 (2.1841e-01)	L_Trg_Inj 2.9620e-01 (3.0051e-01)	Loss Disc 6.7442e-01 (6.7283e-01)	Loss Pred 4.5309e-01 (4.5703e-01)	Loss TOTAL 8.4386e-01 (8.5329e-01)
Epoch: [11][ 50/154]	L_Src_Sup 1.7930e-01 (2.1146e-01)	L_Trg_Inj 2.2305e-01 (2.9894e-01)	Loss Disc 6.8348e-01 (6.7332e-01)	Loss Pred 4.1408e-01 (4.5534e-01)	Loss TOTAL 7.9605e-01 (8.5042e-01)
Epoch: [11][ 60/154]	L_Src_Sup 3.0784e-01 (2.1174e-01)	L_Trg_Inj 3.8989e-01 (3.0792e-01)	Loss Disc 6.7040e-01 (6.7263e-01)	Loss Pred 4.5268e-01 (4.5796e-01)	Loss TOTAL 8.5765e-01 (8.5287e-01)
Epoch: [11][ 70/154]	L_Src_Sup 2.8840e-01 (2.1243e-01)	L_Trg_Inj 3.3473e-01 (3.0618e-01)	Loss Disc 6.7178e-01 (6.7267e-01)	Loss Pred 4.5958e-01 (4.5796e-01)	Loss TOTAL 8.5779e-01 (8.5284e-01)
Epoch: [11][ 80/154]	L_Src_Sup 2.5757e-01 (2.0998e-01)	L_Trg_Inj 2.9370e-01 (2.9823e-01)	Loss Disc 6.7332e-01 (6.7279e-01)	Loss Pred 4.6056e-01 (4.5870e-01)	Loss TOTAL 8.5235e-01 (8.5310e-01)
Epoch: [11][ 90/154]	L_Src_Sup 1.9180e-01 (2.0873e-01)	L_Trg_Inj 2.8595e-01 (2.9832e-01)	Loss Disc 6.7159e-01 (6.7281e-01)	Loss Pred 4.6637e-01 (4.5828e-01)	Loss TOTAL 8.4994e-01 (8.5283e-01)
Epoch: [11][100/154]	L_Src_Sup 2.6730e-01 (2.0929e-01)	L_Trg_Inj 2.8830e-01 (2.9854e-01)	Loss Disc 6.7773e-01 (6.7291e-01)	Loss Pred 4.3392e-01 (4.5759e-01)	Loss TOTAL 8.2834e-01 (8.5171e-01)
Epoch: [11][110/154]	L_Src_Sup 2.2614e-01 (2.1004e-01)	L_Trg_Inj 2.5083e-01 (2.9953e-01)	Loss Disc 6.7355e-01 (6.7281e-01)	Loss Pred 4.6538e-01 (4.5801e-01)	Loss TOTAL 8.4985e-01 (8.5197e-01)
Epoch: [11][120/154]	L_Src_Sup 2.6854e-01 (2.1039e-01)	L_Trg_Inj 3.1059e-01 (3.0096e-01)	Loss Disc 6.6829e-01 (6.7290e-01)	Loss Pred 4.8467e-01 (4.5767e-01)	Loss TOTAL 8.7673e-01 (8.5142e-01)
Epoch: [11][130/154]	L_Src_Sup 1.8806e-01 (2.0893e-01)	L_Trg_Inj 3.2532e-01 (3.0197e-01)	Loss Disc 6.7338e-01 (6.7299e-01)	Loss Pred 4.5262e-01 (4.5724e-01)	Loss TOTAL 8.4065e-01 (8.5055e-01)
Epoch: [11][140/154]	L_Src_Sup 2.1061e-01 (2.0809e-01)	L_Trg_Inj 2.5194e-01 (3.0185e-01)	Loss Disc 6.7108e-01 (6.7288e-01)	Loss Pred 4.7139e-01 (4.5768e-01)	Loss TOTAL 8.5318e-01 (8.5043e-01)
Epoch: [11][150/154]	L_Src_Sup 1.8647e-01 (2.0723e-01)	L_Trg_Inj 2.7803e-01 (2.9926e-01)	Loss Disc 6.7339e-01 (6.7297e-01)	Loss Pred 4.4643e-01 (4.5709e-01)	Loss TOTAL 8.2958e-01 (8.4992e-01)
Epoch: [11][154/154]	L_Src_Sup 2.5653e-01 (2.0990e-01)	L_Trg_Inj 2.6853e-01 (2.9912e-01)	Loss Disc 6.7566e-01 (6.7296e-01)	Loss Pred 4.5611e-01 (4.5706e-01)	Loss TOTAL 8.4645e-01 (8.5094e-01)
Epoch 11 complete. Saving model state...
Epoch: [12][ 10/154]	L_Src_Sup 2.6183e-01 (1.9614e-01)	L_Trg_Inj 2.6147e-01 (2.5237e-01)	Loss Disc 6.7903e-01 (6.7579e-01)	Loss Pred 4.1494e-01 (4.5232e-01)	Loss TOTAL 8.0715e-01 (8.4205e-01)
Epoch: [12][ 20/154]	L_Src_Sup 2.2657e-01 (2.0707e-01)	L_Trg_Inj 2.5662e-01 (2.7051e-01)	Loss Disc 6.8334e-01 (6.7449e-01)	Loss Pred 4.0832e-01 (4.5408e-01)	Loss TOTAL 7.9831e-01 (8.4628e-01)
Epoch: [12][ 30/154]	L_Src_Sup 1.7893e-01 (2.0991e-01)	L_Trg_Inj 2.7306e-01 (2.7712e-01)	Loss Disc 6.6844e-01 (6.7343e-01)	Loss Pred 4.8420e-01 (4.5801e-01)	Loss TOTAL 8.6362e-01 (8.4880e-01)
Epoch: [12][ 40/154]	L_Src_Sup 2.5251e-01 (2.0545e-01)	L_Trg_Inj 3.1940e-01 (2.8510e-01)	Loss Disc 6.7448e-01 (6.7273e-01)	Loss Pred 4.4001e-01 (4.5966e-01)	Loss TOTAL 8.3444e-01 (8.5090e-01)
Epoch: [12][ 50/154]	L_Src_Sup 2.4052e-01 (2.0471e-01)	L_Trg_Inj 2.3306e-01 (2.8175e-01)	Loss Disc 6.7789e-01 (6.7270e-01)	Loss Pred 4.3372e-01 (4.5875e-01)	Loss TOTAL 8.2748e-01 (8.4858e-01)
Epoch: [12][ 60/154]	L_Src_Sup 1.2184e-01 (2.0503e-01)	L_Trg_Inj 3.4556e-01 (2.8637e-01)	Loss Disc 6.7027e-01 (6.7273e-01)	Loss Pred 4.6514e-01 (4.5856e-01)	Loss TOTAL 8.4701e-01 (8.4837e-01)
Epoch: [12][ 70/154]	L_Src_Sup 1.6958e-01 (2.0541e-01)	L_Trg_Inj 3.1591e-01 (2.9199e-01)	Loss Disc 6.7356e-01 (6.7257e-01)	Loss Pred 4.4631e-01 (4.5827e-01)	Loss TOTAL 8.3164e-01 (8.4810e-01)
Epoch: [12][ 80/154]	L_Src_Sup 2.3225e-01 (2.0474e-01)	L_Trg_Inj 2.5408e-01 (2.9270e-01)	Loss Disc 6.7008e-01 (6.7252e-01)	Loss Pred 4.8420e-01 (4.5859e-01)	Loss TOTAL 8.6787e-01 (8.4804e-01)
Epoch: [12][ 90/154]	L_Src_Sup 2.0694e-01 (1.9938e-01)	L_Trg_Inj 2.6599e-01 (2.9191e-01)	Loss Disc 6.7240e-01 (6.7237e-01)	Loss Pred 4.5873e-01 (4.5950e-01)	Loss TOTAL 8.4222e-01 (8.4787e-01)
Epoch: [12][100/154]	L_Src_Sup 1.3337e-01 (1.9842e-01)	L_Trg_Inj 3.7490e-01 (2.9443e-01)	Loss Disc 6.7451e-01 (6.7243e-01)	Loss Pred 4.3352e-01 (4.5874e-01)	Loss TOTAL 8.2160e-01 (8.4729e-01)
Epoch: [12][110/154]	L_Src_Sup 2.4567e-01 (1.9718e-01)	L_Trg_Inj 3.2694e-01 (2.9275e-01)	Loss Disc 6.6755e-01 (6.7255e-01)	Loss Pred 4.7181e-01 (4.5849e-01)	Loss TOTAL 8.6285e-01 (8.4652e-01)
Epoch: [12][120/154]	L_Src_Sup 8.3343e-02 (1.9585e-01)	L_Trg_Inj 1.7961e-01 (2.9007e-01)	Loss Disc 6.8046e-01 (6.7257e-01)	Loss Pred 4.3350e-01 (4.5838e-01)	Loss TOTAL 8.0002e-01 (8.4622e-01)
Epoch: [12][130/154]	L_Src_Sup 1.5391e-01 (1.9570e-01)	L_Trg_Inj 2.9148e-01 (2.8850e-01)	Loss Disc 6.7422e-01 (6.7262e-01)	Loss Pred 4.5305e-01 (4.5779e-01)	Loss TOTAL 8.3470e-01 (8.4536e-01)
Epoch: [12][140/154]	L_Src_Sup 1.3678e-01 (1.9516e-01)	L_Trg_Inj 2.4886e-01 (2.8912e-01)	Loss Disc 6.7426e-01 (6.7275e-01)	Loss Pred 4.5208e-01 (4.5683e-01)	Loss TOTAL 8.2777e-01 (8.4427e-01)
Epoch: [12][150/154]	L_Src_Sup 3.2793e-01 (1.9568e-01)	L_Trg_Inj 3.3419e-01 (2.8805e-01)	Loss Disc 6.7780e-01 (6.7266e-01)	Loss Pred 4.2095e-01 (4.5739e-01)	Loss TOTAL 8.2606e-01 (8.4479e-01)
Epoch: [12][154/154]	L_Src_Sup 2.3337e-01 (1.9564e-01)	L_Trg_Inj 3.1185e-01 (2.8773e-01)	Loss Disc 6.7655e-01 (6.7266e-01)	Loss Pred 4.3307e-01 (4.5752e-01)	Loss TOTAL 8.2586e-01 (8.4481e-01)
Epoch 12 complete. Saving model state...
Epoch: [13][ 10/154]	L_Src_Sup 1.5793e-01 (1.6594e-01)	L_Trg_Inj 2.4239e-01 (2.6902e-01)	Loss Disc 6.7034e-01 (6.7207e-01)	Loss Pred 4.7165e-01 (4.6150e-01)	Loss TOTAL 8.4685e-01 (8.4104e-01)
Epoch: [13][ 20/154]	L_Src_Sup 1.8969e-01 (1.7052e-01)	L_Trg_Inj 2.4512e-01 (2.5200e-01)	Loss Disc 6.7345e-01 (6.7306e-01)	Loss Pred 4.5914e-01 (4.5516e-01)	Loss TOTAL 8.3934e-01 (8.3739e-01)
Epoch: [13][ 30/154]	L_Src_Sup 1.6395e-01 (1.7295e-01)	L_Trg_Inj 2.8645e-01 (2.6117e-01)	Loss Disc 6.7856e-01 (6.7318e-01)	Loss Pred 4.2089e-01 (4.5410e-01)	Loss TOTAL 8.0521e-01 (8.3640e-01)
Epoch: [13][ 40/154]	L_Src_Sup 1.6811e-01 (1.8935e-01)	L_Trg_Inj 3.1330e-01 (2.7349e-01)	Loss Disc 6.7669e-01 (6.7325e-01)	Loss Pred 4.4006e-01 (4.5404e-01)	Loss TOTAL 8.2655e-01 (8.4234e-01)
Epoch: [13][ 50/154]	L_Src_Sup 1.9837e-01 (1.9063e-01)	L_Trg_Inj 3.4729e-01 (2.8307e-01)	Loss Disc 6.7702e-01 (6.7277e-01)	Loss Pred 4.2721e-01 (4.5712e-01)	Loss TOTAL 8.2029e-01 (8.4519e-01)
Epoch: [13][ 60/154]	L_Src_Sup 1.7097e-01 (1.9760e-01)	L_Trg_Inj 3.3238e-01 (2.8971e-01)	Loss Disc 6.7334e-01 (6.7243e-01)	Loss Pred 4.5254e-01 (4.5868e-01)	Loss TOTAL 8.3954e-01 (8.4890e-01)
Epoch: [13][ 70/154]	L_Src_Sup 2.4783e-01 (1.9619e-01)	L_Trg_Inj 2.6330e-01 (2.9196e-01)	Loss Disc 6.7048e-01 (6.7246e-01)	Loss Pred 4.7793e-01 (4.5881e-01)	Loss TOTAL 8.6428e-01 (8.4837e-01)
Epoch: [13][ 80/154]	L_Src_Sup 3.4434e-01 (1.9290e-01)	L_Trg_Inj 1.7019e-01 (2.8727e-01)	Loss Disc 6.8038e-01 (6.7268e-01)	Loss Pred 4.2279e-01 (4.5774e-01)	Loss TOTAL 9.8858e-01 (8.4822e-01)
Epoch: [13][ 90/154]	L_Src_Sup 1.7439e-01 (1.9343e-01)	L_Trg_Inj 1.6702e-01 (2.9000e-01)	Loss Disc 6.7510e-01 (6.7276e-01)	Loss Pred 4.6561e-01 (4.5684e-01)	Loss TOTAL 8.4467e-01 (8.4749e-01)
Epoch: [13][100/154]	L_Src_Sup 1.4667e-01 (1.9862e-01)	L_Trg_Inj 3.9871e-01 (2.9501e-01)	Loss Disc 6.7711e-01 (6.7280e-01)	Loss Pred 4.1455e-01 (4.5617e-01)	Loss TOTAL 8.0764e-01 (8.4757e-01)
Epoch: [13][110/154]	L_Src_Sup 1.7244e-01 (1.9821e-01)	L_Trg_Inj 2.7029e-01 (2.9499e-01)	Loss Disc 6.7335e-01 (6.7290e-01)	Loss Pred 4.6477e-01 (4.5602e-01)	Loss TOTAL 8.4572e-01 (8.4691e-01)
Epoch: [13][120/154]	L_Src_Sup 2.2424e-01 (1.9831e-01)	L_Trg_Inj 2.8670e-01 (2.9385e-01)	Loss Disc 6.7315e-01 (6.7283e-01)	Loss Pred 4.5874e-01 (4.5641e-01)	Loss TOTAL 8.4641e-01 (8.4785e-01)
Epoch: [13][130/154]	L_Src_Sup 1.6368e-01 (1.9689e-01)	L_Trg_Inj 3.4928e-01 (2.9644e-01)	Loss Disc 6.6270e-01 (6.7270e-01)	Loss Pred 4.9700e-01 (4.5675e-01)	Loss TOTAL 8.7964e-01 (8.4780e-01)
Epoch: [13][140/154]	L_Src_Sup 1.5659e-01 (1.9644e-01)	L_Trg_Inj 3.9057e-01 (2.9805e-01)	Loss Disc 6.6817e-01 (6.7263e-01)	Loss Pred 4.6525e-01 (4.5655e-01)	Loss TOTAL 8.5405e-01 (8.4776e-01)
Epoch: [13][150/154]	L_Src_Sup 2.3342e-01 (1.9706e-01)	L_Trg_Inj 2.6024e-01 (2.9749e-01)	Loss Disc 6.6985e-01 (6.7264e-01)	Loss Pred 4.8405e-01 (4.5679e-01)	Loss TOTAL 8.6834e-01 (8.4787e-01)
Epoch: [13][154/154]	L_Src_Sup 2.3733e-01 (1.9649e-01)	L_Trg_Inj 2.5683e-01 (2.9754e-01)	Loss Disc 6.7615e-01 (6.7265e-01)	Loss Pred 4.4626e-01 (4.5681e-01)	Loss TOTAL 8.3375e-01 (8.4770e-01)
Epoch 13 complete. Saving model state...
Epoch: [14][ 10/154]	L_Src_Sup 1.9309e-01 (1.9392e-01)	L_Trg_Inj 3.3333e-01 (3.0465e-01)	Loss Disc 6.6882e-01 (6.7298e-01)	Loss Pred 4.7171e-01 (4.5325e-01)	Loss TOTAL 8.5876e-01 (8.4213e-01)
Epoch: [14][ 20/154]	L_Src_Sup 1.7707e-01 (2.0578e-01)	L_Trg_Inj 2.9282e-01 (3.1414e-01)	Loss Disc 6.6961e-01 (6.7186e-01)	Loss Pred 4.7833e-01 (4.5861e-01)	Loss TOTAL 8.6013e-01 (8.4839e-01)
Epoch: [14][ 30/154]	L_Src_Sup 1.2977e-01 (2.0283e-01)	L_Trg_Inj 3.3720e-01 (3.1415e-01)	Loss Disc 6.6374e-01 (6.7207e-01)	Loss Pred 4.9718e-01 (4.5703e-01)	Loss TOTAL 8.7575e-01 (8.4801e-01)
Epoch: [14][ 40/154]	L_Src_Sup 1.4549e-01 (1.9448e-01)	L_Trg_Inj 2.4705e-01 (2.9960e-01)	Loss Disc 6.6666e-01 (6.7224e-01)	Loss Pred 4.9648e-01 (4.5798e-01)	Loss TOTAL 8.6906e-01 (8.4633e-01)
Epoch: [14][ 50/154]	L_Src_Sup 1.5933e-01 (1.9433e-01)	L_Trg_Inj 2.5545e-01 (2.9179e-01)	Loss Disc 6.6942e-01 (6.7237e-01)	Loss Pred 4.7775e-01 (4.5741e-01)	Loss TOTAL 8.5394e-01 (8.4588e-01)
Epoch: [14][ 60/154]	L_Src_Sup 1.9687e-01 (1.9236e-01)	L_Trg_Inj 2.9038e-01 (2.8212e-01)	Loss Disc 6.8116e-01 (6.7286e-01)	Loss Pred 4.2957e-01 (4.5634e-01)	Loss TOTAL 8.1888e-01 (8.4573e-01)
Epoch: [14][ 70/154]	L_Src_Sup 1.7257e-01 (1.9507e-01)	L_Trg_Inj 3.5142e-01 (2.8904e-01)	Loss Disc 6.7155e-01 (6.7267e-01)	Loss Pred 4.5938e-01 (4.5717e-01)	Loss TOTAL 8.4755e-01 (8.4723e-01)
Epoch: [14][ 80/154]	L_Src_Sup 1.7098e-01 (1.9437e-01)	L_Trg_Inj 3.5740e-01 (2.9502e-01)	Loss Disc 6.7099e-01 (6.7273e-01)	Loss Pred 4.5248e-01 (4.5638e-01)	Loss TOTAL 8.4082e-01 (8.4633e-01)
Epoch: [14][ 90/154]	L_Src_Sup 1.5393e-01 (1.9019e-01)	L_Trg_Inj 2.2802e-01 (2.9227e-01)	Loss Disc 6.7435e-01 (6.7286e-01)	Loss Pred 4.5263e-01 (4.5568e-01)	Loss TOTAL 8.2800e-01 (8.4449e-01)
Epoch: [14][100/154]	L_Src_Sup 2.2268e-01 (1.9537e-01)	L_Trg_Inj 3.8138e-01 (2.9305e-01)	Loss Disc 6.7067e-01 (6.7280e-01)	Loss Pred 4.5245e-01 (4.5596e-01)	Loss TOTAL 8.4819e-01 (8.4878e-01)
Epoch: [14][110/154]	L_Src_Sup 2.1056e-01 (1.9445e-01)	L_Trg_Inj 2.7007e-01 (2.9258e-01)	Loss Disc 6.7038e-01 (6.7287e-01)	Loss Pred 4.7169e-01 (4.5595e-01)	Loss TOTAL 8.5495e-01 (8.4797e-01)
Epoch: [14][120/154]	L_Src_Sup 1.2393e-01 (1.9233e-01)	L_Trg_Inj 2.3557e-01 (2.8867e-01)	Loss Disc 6.6798e-01 (6.7281e-01)	Loss Pred 4.7820e-01 (4.5636e-01)	Loss TOTAL 8.4814e-01 (8.4718e-01)
Epoch: [14][130/154]	L_Src_Sup 2.3198e-01 (1.9323e-01)	L_Trg_Inj 3.0466e-01 (2.8498e-01)	Loss Disc 6.7810e-01 (6.7272e-01)	Loss Pred 4.2744e-01 (4.5711e-01)	Loss TOTAL 8.2015e-01 (8.4792e-01)
Epoch: [14][140/154]	L_Src_Sup 3.6705e-01 (1.9396e-01)	L_Trg_Inj 3.2116e-01 (2.8582e-01)	Loss Disc 6.6082e-01 (6.7272e-01)	Loss Pred 5.0417e-01 (4.5670e-01)	Loss TOTAL 9.4930e-01 (8.4752e-01)
Epoch: [14][150/154]	L_Src_Sup 2.1248e-01 (1.9636e-01)	L_Trg_Inj 2.5629e-01 (2.8705e-01)	Loss Disc 6.7125e-01 (6.7279e-01)	Loss Pred 4.7811e-01 (4.5657e-01)	Loss TOTAL 8.6061e-01 (8.4739e-01)
Epoch: [14][154/154]	L_Src_Sup 1.7550e-01 (1.9609e-01)	L_Trg_Inj 3.0871e-01 (2.8772e-01)	Loss Disc 6.6979e-01 (6.7276e-01)	Loss Pred 4.7158e-01 (4.5667e-01)	Loss TOTAL 8.5490e-01 (8.4736e-01)
Epoch 14 complete. Saving model state...
Epoch: [15][ 10/154]	L_Src_Sup 1.9765e-01 (2.5831e-01)	L_Trg_Inj 4.0536e-01 (3.6878e-01)	Loss Disc 6.7097e-01 (6.7190e-01)	Loss Pred 4.5624e-01 (4.6417e-01)	Loss TOTAL 8.5203e-01 (8.6809e-01)
Epoch: [15][ 20/154]	L_Src_Sup 2.2432e-01 (2.2183e-01)	L_Trg_Inj 4.3925e-01 (3.2086e-01)	Loss Disc 6.6526e-01 (6.7265e-01)	Loss Pred 4.8634e-01 (4.6583e-01)	Loss TOTAL 8.8533e-01 (8.7153e-01)
Epoch: [15][ 30/154]	L_Src_Sup 1.8405e-01 (2.2466e-01)	L_Trg_Inj 3.2996e-01 (3.2501e-01)	Loss Disc 6.7708e-01 (6.7265e-01)	Loss Pred 4.3307e-01 (4.6310e-01)	Loss TOTAL 8.2301e-01 (8.6547e-01)
Epoch: [15][ 40/154]	L_Src_Sup 1.7275e-01 (2.1719e-01)	L_Trg_Inj 3.4669e-01 (3.2178e-01)	Loss Disc 6.7068e-01 (6.7271e-01)	Loss Pred 4.5877e-01 (4.6172e-01)	Loss TOTAL 8.4605e-01 (8.6028e-01)
Epoch: [15][ 50/154]	L_Src_Sup 2.6323e-01 (2.1624e-01)	L_Trg_Inj 2.4780e-01 (3.1357e-01)	Loss Disc 6.7258e-01 (6.7294e-01)	Loss Pred 4.7190e-01 (4.5976e-01)	Loss TOTAL 8.7473e-01 (8.5669e-01)
Epoch: [15][ 60/154]	L_Src_Sup 2.7123e-01 (2.1087e-01)	L_Trg_Inj 3.5925e-01 (3.1903e-01)	Loss Disc 6.7362e-01 (6.7310e-01)	Loss Pred 4.4603e-01 (4.5819e-01)	Loss TOTAL 8.4589e-01 (8.5397e-01)
Epoch: [15][ 70/154]	L_Src_Sup 2.2416e-01 (2.0906e-01)	L_Trg_Inj 2.3476e-01 (3.1858e-01)	Loss Disc 6.7424e-01 (6.7276e-01)	Loss Pred 4.5913e-01 (4.5961e-01)	Loss TOTAL 8.4214e-01 (8.5410e-01)
Epoch: [15][ 80/154]	L_Src_Sup 2.1433e-01 (2.0590e-01)	L_Trg_Inj 3.0519e-01 (3.1232e-01)	Loss Disc 6.6623e-01 (6.7280e-01)	Loss Pred 4.8441e-01 (4.5889e-01)	Loss TOTAL 8.6948e-01 (8.5246e-01)
Epoch: [15][ 90/154]	L_Src_Sup 2.4566e-01 (2.0643e-01)	L_Trg_Inj 3.4885e-01 (3.0914e-01)	Loss Disc 6.7013e-01 (6.7266e-01)	Loss Pred 4.7125e-01 (4.5918e-01)	Loss TOTAL 8.6577e-01 (8.5236e-01)
Epoch: [15][100/154]	L_Src_Sup 2.5429e-01 (2.0684e-01)	L_Trg_Inj 3.7899e-01 (3.1115e-01)	Loss Disc 6.7268e-01 (6.7277e-01)	Loss Pred 4.4626e-01 (4.5864e-01)	Loss TOTAL 8.4593e-01 (8.5158e-01)
Epoch: [15][110/154]	L_Src_Sup 2.3668e-01 (2.0625e-01)	L_Trg_Inj 3.6993e-01 (3.1176e-01)	Loss Disc 6.7553e-01 (6.7289e-01)	Loss Pred 4.3328e-01 (4.5803e-01)	Loss TOTAL 8.3171e-01 (8.5096e-01)
Epoch: [15][120/154]	L_Src_Sup 2.6095e-01 (2.0551e-01)	L_Trg_Inj 3.0629e-01 (3.1130e-01)	Loss Disc 6.7223e-01 (6.7299e-01)	Loss Pred 4.6526e-01 (4.5763e-01)	Loss TOTAL 8.5810e-01 (8.5038e-01)
Epoch: [15][130/154]	L_Src_Sup 2.2812e-01 (2.0575e-01)	L_Trg_Inj 3.1018e-01 (3.1339e-01)	Loss Disc 6.7042e-01 (6.7301e-01)	Loss Pred 4.7158e-01 (4.5724e-01)	Loss TOTAL 8.6062e-01 (8.4988e-01)
Epoch: [15][140/154]	L_Src_Sup 1.5659e-01 (2.0649e-01)	L_Trg_Inj 2.0376e-01 (3.1079e-01)	Loss Disc 6.7333e-01 (6.7301e-01)	Loss Pred 4.6500e-01 (4.5722e-01)	Loss TOTAL 8.3770e-01 (8.4937e-01)
Epoch: [15][150/154]	L_Src_Sup 2.6766e-01 (2.0645e-01)	L_Trg_Inj 2.7666e-01 (3.0834e-01)	Loss Disc 6.7812e-01 (6.7305e-01)	Loss Pred 4.3338e-01 (4.5723e-01)	Loss TOTAL 8.2687e-01 (8.4956e-01)
Epoch: [15][154/154]	L_Src_Sup 1.7098e-01 (2.0598e-01)	L_Trg_Inj 3.5049e-01 (3.0920e-01)	Loss Disc 6.7191e-01 (6.7304e-01)	Loss Pred 4.4785e-01 (4.5697e-01)	Loss TOTAL 8.3595e-01 (8.4923e-01)
Epoch 15 complete. Saving model state...
Epoch: [16][ 10/154]	L_Src_Sup 1.7260e-01 (1.9401e-01)	L_Trg_Inj 3.2231e-01 (2.8549e-01)	Loss Disc 6.7221e-01 (6.7135e-01)	Loss Pred 4.5852e-01 (4.6602e-01)	Loss TOTAL 8.4412e-01 (8.5186e-01)
Epoch: [16][ 20/154]	L_Src_Sup 2.3740e-01 (1.8341e-01)	L_Trg_Inj 2.7114e-01 (2.8809e-01)	Loss Disc 6.7530e-01 (6.7253e-01)	Loss Pred 4.4655e-01 (4.6022e-01)	Loss TOTAL 8.3505e-01 (8.4474e-01)
Epoch: [16][ 30/154]	L_Src_Sup 1.5656e-01 (1.8854e-01)	L_Trg_Inj 2.7412e-01 (2.8569e-01)	Loss Disc 6.7158e-01 (6.7280e-01)	Loss Pred 4.6510e-01 (4.5851e-01)	Loss TOTAL 8.4395e-01 (8.4494e-01)
Epoch: [16][ 40/154]	L_Src_Sup 1.0622e-01 (1.9317e-01)	L_Trg_Inj 2.7804e-01 (2.8685e-01)	Loss Disc 6.6883e-01 (6.7263e-01)	Loss Pred 4.7758e-01 (4.5766e-01)	Loss TOTAL 8.5042e-01 (8.4410e-01)
Epoch: [16][ 50/154]	L_Src_Sup 2.0175e-01 (1.9464e-01)	L_Trg_Inj 2.3479e-01 (2.8149e-01)	Loss Disc 6.7692e-01 (6.7253e-01)	Loss Pred 4.3995e-01 (4.5816e-01)	Loss TOTAL 8.2207e-01 (8.4402e-01)
Epoch: [16][ 60/154]	L_Src_Sup 1.9366e-01 (1.9960e-01)	L_Trg_Inj 2.3329e-01 (2.7677e-01)	Loss Disc 6.7547e-01 (6.7240e-01)	Loss Pred 4.5254e-01 (4.5954e-01)	Loss TOTAL 8.3298e-01 (8.4662e-01)
Epoch: [16][ 70/154]	L_Src_Sup 1.6110e-01 (2.0156e-01)	L_Trg_Inj 3.2665e-01 (2.8275e-01)	Loss Disc 6.6709e-01 (6.7219e-01)	Loss Pred 4.8386e-01 (4.6047e-01)	Loss TOTAL 8.6618e-01 (8.4814e-01)
Epoch: [16][ 80/154]	L_Src_Sup 8.9313e-02 (2.0167e-01)	L_Trg_Inj 1.9183e-01 (2.8283e-01)	Loss Disc 6.7105e-01 (6.7217e-01)	Loss Pred 4.8430e-01 (4.6059e-01)	Loss TOTAL 8.4794e-01 (8.4788e-01)
Epoch: [16][ 90/154]	L_Src_Sup 2.1481e-01 (2.0450e-01)	L_Trg_Inj 3.6364e-01 (2.8626e-01)	Loss Disc 6.6699e-01 (6.7206e-01)	Loss Pred 4.8433e-01 (4.6110e-01)	Loss TOTAL 8.7566e-01 (8.4938e-01)
Epoch: [16][100/154]	L_Src_Sup 2.2613e-01 (2.0392e-01)	L_Trg_Inj 2.3904e-01 (2.8936e-01)	Loss Disc 6.7424e-01 (6.7232e-01)	Loss Pred 4.6531e-01 (4.5983e-01)	Loss TOTAL 8.4895e-01 (8.4816e-01)
Epoch: [16][110/154]	L_Src_Sup 1.5391e-01 (2.0279e-01)	L_Trg_Inj 2.7537e-01 (2.9060e-01)	Loss Disc 6.7502e-01 (6.7250e-01)	Loss Pred 4.5289e-01 (4.5854e-01)	Loss TOTAL 8.3332e-01 (8.4674e-01)
Epoch: [16][120/154]	L_Src_Sup 6.8383e-02 (2.0035e-01)	L_Trg_Inj 3.3889e-01 (2.9156e-01)	Loss Disc 6.7295e-01 (6.7262e-01)	Loss Pred 4.5252e-01 (4.5825e-01)	Loss TOTAL 8.2972e-01 (8.4616e-01)
Epoch: [16][130/154]	L_Src_Sup 1.8836e-01 (2.0070e-01)	L_Trg_Inj 2.7197e-01 (2.9126e-01)	Loss Disc 6.7533e-01 (6.7275e-01)	Loss Pred 4.5345e-01 (4.5763e-01)	Loss TOTAL 8.3715e-01 (8.4589e-01)
Epoch: [16][140/154]	L_Src_Sup 2.5510e-01 (2.0117e-01)	L_Trg_Inj 3.1238e-01 (2.9140e-01)	Loss Disc 6.6326e-01 (6.7286e-01)	Loss Pred 4.9730e-01 (4.5673e-01)	Loss TOTAL 8.8567e-01 (8.4492e-01)
Epoch: [16][150/154]	L_Src_Sup 2.5373e-01 (2.0293e-01)	L_Trg_Inj 2.2754e-01 (2.8994e-01)	Loss Disc 6.7897e-01 (6.7296e-01)	Loss Pred 4.3360e-01 (4.5657e-01)	Loss TOTAL 8.4739e-01 (8.4577e-01)
Epoch: [16][154/154]	L_Src_Sup 1.9883e-01 (2.0281e-01)	L_Trg_Inj 3.3673e-01 (2.9068e-01)	Loss Disc 6.6509e-01 (6.7286e-01)	Loss Pred 4.9030e-01 (4.5700e-01)	Loss TOTAL 8.7640e-01 (8.4612e-01)
Epoch 16 complete. Saving model state...
Epoch: [17][ 10/154]	L_Src_Sup 2.4820e-01 (2.1151e-01)	L_Trg_Inj 3.1979e-01 (2.7463e-01)	Loss Disc 6.7670e-01 (6.7380e-01)	Loss Pred 4.2794e-01 (4.5231e-01)	Loss TOTAL 8.2309e-01 (8.3932e-01)
Epoch: [17][ 20/154]	L_Src_Sup 2.6903e-01 (1.9423e-01)	L_Trg_Inj 2.1403e-01 (2.7335e-01)	Loss Disc 6.7775e-01 (6.7352e-01)	Loss Pred 4.3990e-01 (4.5335e-01)	Loss TOTAL 8.8208e-01 (8.4037e-01)
Epoch: [17][ 30/154]	L_Src_Sup 2.3552e-01 (2.0220e-01)	L_Trg_Inj 3.9806e-01 (2.9521e-01)	Loss Disc 6.7091e-01 (6.7251e-01)	Loss Pred 4.3965e-01 (4.5603e-01)	Loss TOTAL 8.3846e-01 (8.4642e-01)
Epoch: [17][ 40/154]	L_Src_Sup 2.1287e-01 (2.0251e-01)	L_Trg_Inj 2.1639e-01 (2.9040e-01)	Loss Disc 6.7192e-01 (6.7295e-01)	Loss Pred 4.7810e-01 (4.5468e-01)	Loss TOTAL 8.5699e-01 (8.4601e-01)
Epoch: [17][ 50/154]	L_Src_Sup 1.3796e-01 (2.0849e-01)	L_Trg_Inj 2.7038e-01 (2.8714e-01)	Loss Disc 6.7459e-01 (6.7301e-01)	Loss Pred 4.5881e-01 (4.5489e-01)	Loss TOTAL 8.3694e-01 (8.4915e-01)
Epoch: [17][ 60/154]	L_Src_Sup 1.3795e-01 (2.0453e-01)	L_Trg_Inj 2.8955e-01 (2.9450e-01)	Loss Disc 6.7373e-01 (6.7295e-01)	Loss Pred 4.5900e-01 (4.5566e-01)	Loss TOTAL 8.3862e-01 (8.4887e-01)
Epoch: [17][ 70/154]	L_Src_Sup 1.8649e-01 (2.0162e-01)	L_Trg_Inj 2.5336e-01 (2.9639e-01)	Loss Disc 6.7629e-01 (6.7282e-01)	Loss Pred 4.4618e-01 (4.5648e-01)	Loss TOTAL 8.2831e-01 (8.4854e-01)
Epoch: [17][ 80/154]	L_Src_Sup 1.9135e-01 (1.9878e-01)	L_Trg_Inj 1.9544e-01 (2.9437e-01)	Loss Disc 6.7480e-01 (6.7267e-01)	Loss Pred 4.6524e-01 (4.5733e-01)	Loss TOTAL 8.4132e-01 (8.4853e-01)
Epoch: [17][ 90/154]	L_Src_Sup 1.2176e-01 (1.9591e-01)	L_Trg_Inj 3.3453e-01 (2.9380e-01)	Loss Disc 6.6918e-01 (6.7281e-01)	Loss Pred 4.6528e-01 (4.5644e-01)	Loss TOTAL 8.4550e-01 (8.4677e-01)
Epoch: [17][100/154]	L_Src_Sup 1.8806e-01 (2.0026e-01)	L_Trg_Inj 2.8569e-01 (2.9344e-01)	Loss Disc 6.7436e-01 (6.7292e-01)	Loss Pred 4.5252e-01 (4.5605e-01)	Loss TOTAL 8.3708e-01 (8.4723e-01)
Epoch: [17][110/154]	L_Src_Sup 1.0347e-01 (1.9961e-01)	L_Trg_Inj 3.3694e-01 (2.9511e-01)	Loss Disc 6.7168e-01 (6.7284e-01)	Loss Pred 4.5890e-01 (4.5664e-01)	Loss TOTAL 8.3878e-01 (8.4802e-01)
Epoch: [17][120/154]	L_Src_Sup 1.3920e-01 (1.9996e-01)	L_Trg_Inj 2.2179e-01 (2.9505e-01)	Loss Disc 6.7334e-01 (6.7282e-01)	Loss Pred 4.6555e-01 (4.5689e-01)	Loss TOTAL 8.3832e-01 (8.4783e-01)
Epoch: [17][130/154]	L_Src_Sup 2.2090e-01 (2.0088e-01)	L_Trg_Inj 4.1557e-01 (2.9489e-01)	Loss Disc 6.7206e-01 (6.7301e-01)	Loss Pred 4.3993e-01 (4.5658e-01)	Loss TOTAL 8.3960e-01 (8.4866e-01)
Epoch: [17][140/154]	L_Src_Sup 1.0547e-01 (2.0130e-01)	L_Trg_Inj 3.5449e-01 (2.9648e-01)	Loss Disc 6.6870e-01 (6.7309e-01)	Loss Pred 4.7132e-01 (4.5609e-01)	Loss TOTAL 8.5167e-01 (8.4808e-01)
Epoch: [17][150/154]	L_Src_Sup 1.8028e-01 (2.0270e-01)	L_Trg_Inj 3.2462e-01 (2.9822e-01)	Loss Disc 6.6636e-01 (6.7296e-01)	Loss Pred 4.9058e-01 (4.5669e-01)	Loss TOTAL 8.7425e-01 (8.4865e-01)
Epoch: [17][154/154]	L_Src_Sup 2.0349e-01 (2.0277e-01)	L_Trg_Inj 3.0167e-01 (2.9759e-01)	Loss Disc 6.7494e-01 (6.7294e-01)	Loss Pred 4.4572e-01 (4.5695e-01)	Loss TOTAL 8.3371e-01 (8.4870e-01)
Epoch 17 complete. Saving model state...
Epoch: [18][ 10/154]	L_Src_Sup 1.4883e-01 (1.9090e-01)	L_Trg_Inj 2.3058e-01 (3.0936e-01)	Loss Disc 6.7896e-01 (6.7277e-01)	Loss Pred 4.2736e-01 (4.4936e-01)	Loss TOTAL 8.0479e-01 (8.3577e-01)
Epoch: [18][ 20/154]	L_Src_Sup 2.9068e-01 (1.9223e-01)	L_Trg_Inj 2.0787e-01 (2.8650e-01)	Loss Disc 6.7566e-01 (6.7287e-01)	Loss Pred 4.5232e-01 (4.5317e-01)	Loss TOTAL 9.2281e-01 (8.4246e-01)
Epoch: [18][ 30/154]	L_Src_Sup 1.0085e-01 (1.8713e-01)	L_Trg_Inj 2.6909e-01 (2.8190e-01)	Loss Disc 6.7641e-01 (6.7225e-01)	Loss Pred 4.3976e-01 (4.5799e-01)	Loss TOTAL 8.1497e-01 (8.4443e-01)
Epoch: [18][ 40/154]	L_Src_Sup 1.7394e-01 (1.8767e-01)	L_Trg_Inj 3.2916e-01 (2.8588e-01)	Loss Disc 6.6914e-01 (6.7228e-01)	Loss Pred 4.6506e-01 (4.5725e-01)	Loss TOTAL 8.4994e-01 (8.4403e-01)
Epoch: [18][ 50/154]	L_Src_Sup 1.3678e-01 (1.8990e-01)	L_Trg_Inj 3.8260e-01 (2.8836e-01)	Loss Disc 6.7147e-01 (6.7224e-01)	Loss Pred 4.5269e-01 (4.5808e-01)	Loss TOTAL 8.4036e-01 (8.4596e-01)
Epoch: [18][ 60/154]	L_Src_Sup 1.3447e-01 (1.9321e-01)	L_Trg_Inj 3.5009e-01 (2.8928e-01)	Loss Disc 6.7444e-01 (6.7237e-01)	Loss Pred 4.4003e-01 (4.5788e-01)	Loss TOTAL 8.2570e-01 (8.4666e-01)
Epoch: [18][ 70/154]	L_Src_Sup 2.2419e-01 (1.9488e-01)	L_Trg_Inj 3.0067e-01 (2.9103e-01)	Loss Disc 6.7232e-01 (6.7237e-01)	Loss Pred 4.5874e-01 (4.5784e-01)	Loss TOTAL 8.4739e-01 (8.4690e-01)
Epoch: [18][ 80/154]	L_Src_Sup 1.0259e-01 (1.9509e-01)	L_Trg_Inj 2.6169e-01 (2.9453e-01)	Loss Disc 6.7577e-01 (6.7243e-01)	Loss Pred 4.5241e-01 (4.5749e-01)	Loss TOTAL 8.2672e-01 (8.4659e-01)
Epoch: [18][ 90/154]	L_Src_Sup 2.9569e-01 (1.9604e-01)	L_Trg_Inj 2.6672e-01 (2.9053e-01)	Loss Disc 6.7204e-01 (6.7267e-01)	Loss Pred 4.6547e-01 (4.5708e-01)	Loss TOTAL 8.8670e-01 (8.4628e-01)
Epoch: [18][100/154]	L_Src_Sup 2.3738e-01 (1.9652e-01)	L_Trg_Inj 4.3535e-01 (2.9586e-01)	Loss Disc 6.7123e-01 (6.7277e-01)	Loss Pred 4.4591e-01 (4.5662e-01)	Loss TOTAL 8.4880e-01 (8.4639e-01)
Epoch: [18][110/154]	L_Src_Sup 1.8494e-01 (1.9584e-01)	L_Trg_Inj 2.8187e-01 (2.9790e-01)	Loss Disc 6.7593e-01 (6.7286e-01)	Loss Pred 4.4004e-01 (4.5597e-01)	Loss TOTAL 8.2468e-01 (8.4555e-01)
Epoch: [18][120/154]	L_Src_Sup 1.9393e-01 (1.9266e-01)	L_Trg_Inj 3.1820e-01 (2.9392e-01)	Loss Disc 6.6772e-01 (6.7299e-01)	Loss Pred 4.7131e-01 (4.5563e-01)	Loss TOTAL 8.5638e-01 (8.4485e-01)
Epoch: [18][130/154]	L_Src_Sup 1.6078e-01 (1.9370e-01)	L_Trg_Inj 3.5363e-01 (2.9106e-01)	Loss Disc 6.6585e-01 (6.7278e-01)	Loss Pred 4.8400e-01 (4.5694e-01)	Loss TOTAL 8.6837e-01 (8.4685e-01)
Epoch: [18][140/154]	L_Src_Sup 1.3457e-01 (1.9357e-01)	L_Trg_Inj 2.6632e-01 (2.9043e-01)	Loss Disc 6.7718e-01 (6.7287e-01)	Loss Pred 4.3966e-01 (4.5675e-01)	Loss TOTAL 8.1834e-01 (8.4679e-01)
Epoch: [18][150/154]	L_Src_Sup 1.5259e-01 (1.9400e-01)	L_Trg_Inj 2.7208e-01 (2.8995e-01)	Loss Disc 6.7437e-01 (6.7287e-01)	Loss Pred 4.4598e-01 (4.5681e-01)	Loss TOTAL 8.2563e-01 (8.4649e-01)
Epoch: [18][154/154]	L_Src_Sup 2.5435e-01 (1.9464e-01)	L_Trg_Inj 2.4680e-01 (2.8955e-01)	Loss Disc 6.7563e-01 (6.7286e-01)	Loss Pred 4.4594e-01 (4.5678e-01)	Loss TOTAL 8.4142e-01 (8.4648e-01)
Epoch 18 complete. Saving model state...
Epoch: [19][ 10/154]	L_Src_Sup 2.4355e-01 (1.7575e-01)	L_Trg_Inj 2.5360e-01 (2.9924e-01)	Loss Disc 6.7261e-01 (6.7192e-01)	Loss Pred 4.6531e-01 (4.6322e-01)	Loss TOTAL 8.5133e-01 (8.4668e-01)
Epoch: [19][ 20/154]	L_Src_Sup 2.6094e-01 (1.9567e-01)	L_Trg_Inj 2.6211e-01 (2.9869e-01)	Loss Disc 6.7252e-01 (6.7267e-01)	Loss Pred 4.6526e-01 (4.5849e-01)	Loss TOTAL 8.5383e-01 (8.4726e-01)
Epoch: [19][ 30/154]	L_Src_Sup 1.5267e-01 (1.9658e-01)	L_Trg_Inj 2.1030e-01 (2.8900e-01)	Loss Disc 6.7569e-01 (6.7320e-01)	Loss Pred 4.4629e-01 (4.5482e-01)	Loss TOTAL 8.2044e-01 (8.4197e-01)
Epoch: [19][ 40/154]	L_Src_Sup 1.5614e-01 (1.9914e-01)	L_Trg_Inj 2.4145e-01 (2.8343e-01)	Loss Disc 6.7669e-01 (6.7307e-01)	Loss Pred 4.4093e-01 (4.5690e-01)	Loss TOTAL 8.1904e-01 (8.4536e-01)
Epoch: [19][ 50/154]	L_Src_Sup 1.6600e-01 (2.0000e-01)	L_Trg_Inj 3.0921e-01 (2.8044e-01)	Loss Disc 6.6378e-01 (6.7299e-01)	Loss Pred 5.0316e-01 (4.5704e-01)	Loss TOTAL 8.8257e-01 (8.4583e-01)
Epoch: [19][ 60/154]	L_Src_Sup 1.4760e-01 (1.9877e-01)	L_Trg_Inj 1.9321e-01 (2.7824e-01)	Loss Disc 6.8184e-01 (6.7281e-01)	Loss Pred 4.2075e-01 (4.5807e-01)	Loss TOTAL 7.9575e-01 (8.4571e-01)
Epoch: [19][ 70/154]	L_Src_Sup 1.6820e-01 (2.0120e-01)	L_Trg_Inj 3.7978e-01 (2.7641e-01)	Loss Disc 6.7304e-01 (6.7278e-01)	Loss Pred 4.4020e-01 (4.5810e-01)	Loss TOTAL 8.3152e-01 (8.4734e-01)
Epoch: [19][ 80/154]	L_Src_Sup 1.6541e-01 (2.0145e-01)	L_Trg_Inj 3.3314e-01 (2.8026e-01)	Loss Disc 6.7711e-01 (6.7306e-01)	Loss Pred 4.2698e-01 (4.5636e-01)	Loss TOTAL 8.1539e-01 (8.4592e-01)
Epoch: [19][ 90/154]	L_Src_Sup 1.7408e-01 (2.0256e-01)	L_Trg_Inj 3.0685e-01 (2.8339e-01)	Loss Disc 6.7135e-01 (6.7296e-01)	Loss Pred 4.6506e-01 (4.5643e-01)	Loss TOTAL 8.4882e-01 (8.4602e-01)
Epoch: [19][100/154]	L_Src_Sup 1.5388e-01 (2.0215e-01)	L_Trg_Inj 2.4623e-01 (2.8471e-01)	Loss Disc 6.7483e-01 (6.7300e-01)	Loss Pred 4.5251e-01 (4.5603e-01)	Loss TOTAL 8.2994e-01 (8.4529e-01)
Epoch: [19][110/154]	L_Src_Sup 2.3940e-01 (2.0198e-01)	L_Trg_Inj 3.5254e-01 (2.8444e-01)	Loss Disc 6.7122e-01 (6.7299e-01)	Loss Pred 4.5229e-01 (4.5599e-01)	Loss TOTAL 8.4709e-01 (8.4539e-01)
Epoch: [19][120/154]	L_Src_Sup 2.1061e-01 (2.0411e-01)	L_Trg_Inj 4.2028e-01 (2.8983e-01)	Loss Disc 6.6708e-01 (6.7280e-01)	Loss Pred 4.7130e-01 (4.5670e-01)	Loss TOTAL 8.6793e-01 (8.4649e-01)
Epoch: [19][130/154]	L_Src_Sup 2.6090e-01 (2.0477e-01)	L_Trg_Inj 2.6329e-01 (2.9332e-01)	Loss Disc 6.7402e-01 (6.7284e-01)	Loss Pred 4.6508e-01 (4.5642e-01)	Loss TOTAL 8.5451e-01 (8.4678e-01)
Epoch: [19][140/154]	L_Src_Sup 2.4353e-01 (2.0574e-01)	L_Trg_Inj 3.2115e-01 (2.9377e-01)	Loss Disc 6.7108e-01 (6.7281e-01)	Loss Pred 4.6522e-01 (4.5691e-01)	Loss TOTAL 8.5723e-01 (8.4733e-01)
Epoch: [19][150/154]	L_Src_Sup 1.5548e-01 (2.0538e-01)	L_Trg_Inj 3.0133e-01 (2.9236e-01)	Loss Disc 6.7274e-01 (6.7287e-01)	Loss Pred 4.5957e-01 (4.5713e-01)	Loss TOTAL 8.4162e-01 (8.4721e-01)
Epoch: [19][154/154]	L_Src_Sup 1.7826e-01 (2.0509e-01)	L_Trg_Inj 2.6544e-01 (2.9217e-01)	Loss Disc 6.7029e-01 (6.7290e-01)	Loss Pred 4.7788e-01 (4.5705e-01)	Loss TOTAL 8.5740e-01 (8.4699e-01)
Epoch 19 complete. Saving model state...
Epoch: [20][ 10/154]	L_Src_Sup 2.7471e-01 (1.8832e-01)	L_Trg_Inj 3.3907e-01 (2.5076e-01)	Loss Disc 6.7230e-01 (6.7302e-01)	Loss Pred 4.5755e-01 (4.5945e-01)	Loss TOTAL 8.5508e-01 (8.4735e-01)
Epoch: [20][ 20/154]	L_Src_Sup 1.6561e-01 (1.8932e-01)	L_Trg_Inj 2.3867e-01 (2.7255e-01)	Loss Disc 6.7961e-01 (6.7242e-01)	Loss Pred 4.2702e-01 (4.6091e-01)	Loss TOTAL 8.0725e-01 (8.4705e-01)
Epoch: [20][ 30/154]	L_Src_Sup 2.1442e-01 (1.9632e-01)	L_Trg_Inj 3.4870e-01 (2.8846e-01)	Loss Disc 6.6586e-01 (6.7209e-01)	Loss Pred 4.8426e-01 (4.5918e-01)	Loss TOTAL 8.7350e-01 (8.4954e-01)
Epoch: [20][ 40/154]	L_Src_Sup 1.4041e-01 (1.9716e-01)	L_Trg_Inj 3.0836e-01 (2.9081e-01)	Loss Disc 6.7000e-01 (6.7268e-01)	Loss Pred 4.7142e-01 (4.5640e-01)	Loss TOTAL 8.5130e-01 (8.4823e-01)
Epoch: [20][ 50/154]	L_Src_Sup 2.1060e-01 (1.9697e-01)	L_Trg_Inj 2.3017e-01 (2.8829e-01)	Loss Disc 6.7142e-01 (6.7252e-01)	Loss Pred 4.7167e-01 (4.5779e-01)	Loss TOTAL 8.5145e-01 (8.4793e-01)
Epoch: [20][ 60/154]	L_Src_Sup 1.8810e-01 (2.0449e-01)	L_Trg_Inj 3.3275e-01 (2.9116e-01)	Loss Disc 6.7218e-01 (6.7284e-01)	Loss Pred 4.5253e-01 (4.5523e-01)	Loss TOTAL 8.4071e-01 (8.4788e-01)
Epoch: [20][ 70/154]	L_Src_Sup 1.9519e-01 (2.0184e-01)	L_Trg_Inj 2.3692e-01 (2.8707e-01)	Loss Disc 6.8148e-01 (6.7298e-01)	Loss Pred 4.1450e-01 (4.5529e-01)	Loss TOTAL 7.9845e-01 (8.4639e-01)
Epoch: [20][ 80/154]	L_Src_Sup 3.0841e-01 (2.0009e-01)	L_Trg_Inj 3.4763e-01 (2.8607e-01)	Loss Disc 6.7281e-01 (6.7312e-01)	Loss Pred 4.5272e-01 (4.5495e-01)	Loss TOTAL 8.5472e-01 (8.4526e-01)
Epoch: [20][ 90/154]	L_Src_Sup 1.9842e-01 (1.9975e-01)	L_Trg_Inj 2.7311e-01 (2.8759e-01)	Loss Disc 6.7847e-01 (6.7287e-01)	Loss Pred 4.2685e-01 (4.5643e-01)	Loss TOTAL 8.1324e-01 (8.4617e-01)
Epoch: [20][100/154]	L_Src_Sup 1.1985e-01 (1.9682e-01)	L_Trg_Inj 3.0029e-01 (2.8655e-01)	Loss Disc 6.7014e-01 (6.7290e-01)	Loss Pred 4.4642e-01 (4.5561e-01)	Loss TOTAL 8.2351e-01 (8.4450e-01)
Epoch: [20][110/154]	L_Src_Sup 2.1329e-01 (1.9630e-01)	L_Trg_Inj 2.5287e-01 (2.8426e-01)	Loss Disc 6.7987e-01 (6.7294e-01)	Loss Pred 4.2093e-01 (4.5539e-01)	Loss TOTAL 8.0748e-01 (8.4409e-01)
Epoch: [20][120/154]	L_Src_Sup 8.9405e-02 (1.9701e-01)	L_Trg_Inj 2.5659e-01 (2.8165e-01)	Loss Disc 6.6982e-01 (6.7298e-01)	Loss Pred 4.8421e-01 (4.5573e-01)	Loss TOTAL 8.5372e-01 (8.4458e-01)
Epoch: [20][130/154]	L_Src_Sup 1.5396e-01 (1.9535e-01)	L_Trg_Inj 3.5378e-01 (2.8189e-01)	Loss Disc 6.7147e-01 (6.7313e-01)	Loss Pred 4.7035e-01 (4.5607e-01)	Loss TOTAL 8.5686e-01 (8.4462e-01)
Epoch: [20][140/154]	L_Src_Sup 1.4678e-01 (1.9558e-01)	L_Trg_Inj 3.1113e-01 (2.8277e-01)	Loss Disc 6.7883e-01 (6.7302e-01)	Loss Pred 4.1431e-01 (4.5641e-01)	Loss TOTAL 7.9952e-01 (8.4519e-01)
Epoch: [20][150/154]	L_Src_Sup 2.7398e-01 (1.9607e-01)	L_Trg_Inj 2.9283e-01 (2.8140e-01)	Loss Disc 6.7300e-01 (6.7293e-01)	Loss Pred 4.5235e-01 (4.5708e-01)	Loss TOTAL 8.4553e-01 (8.4621e-01)
Epoch: [20][154/154]	L_Src_Sup 1.6536e-01 (1.9516e-01)	L_Trg_Inj 2.5666e-01 (2.8192e-01)	Loss Disc 6.7811e-01 (6.7294e-01)	Loss Pred 4.2718e-01 (4.5679e-01)	Loss TOTAL 8.0844e-01 (8.4576e-01)
Epoch 20 complete. Saving model state...
Epoch: [21][ 10/154]	L_Src_Sup 2.1678e-01 (2.1603e-01)	L_Trg_Inj 3.7128e-01 (2.8887e-01)	Loss Disc 6.7282e-01 (6.7355e-01)	Loss Pred 4.3338e-01 (4.4933e-01)	Loss TOTAL 8.2860e-01 (8.4653e-01)
Epoch: [21][ 20/154]	L_Src_Sup 2.4818e-01 (2.1359e-01)	L_Trg_Inj 2.4958e-01 (2.7836e-01)	Loss Disc 6.7931e-01 (6.7387e-01)	Loss Pred 4.2694e-01 (4.4995e-01)	Loss TOTAL 8.1637e-01 (8.4174e-01)
Epoch: [21][ 30/154]	L_Src_Sup 2.5252e-01 (2.0440e-01)	L_Trg_Inj 2.8862e-01 (2.7564e-01)	Loss Disc 6.6548e-01 (6.7355e-01)	Loss Pred 4.9062e-01 (4.5177e-01)	Loss TOTAL 8.7747e-01 (8.4398e-01)
Epoch: [21][ 40/154]	L_Src_Sup 1.8085e-01 (2.0879e-01)	L_Trg_Inj 2.3718e-01 (2.7996e-01)	Loss Disc 6.7195e-01 (6.7316e-01)	Loss Pred 4.7808e-01 (4.5323e-01)	Loss TOTAL 8.5586e-01 (8.4582e-01)
Epoch: [21][ 50/154]	L_Src_Sup 2.7854e-01 (2.0647e-01)	L_Trg_Inj 3.0261e-01 (2.8254e-01)	Loss Disc 6.7124e-01 (6.7268e-01)	Loss Pred 4.6519e-01 (4.5624e-01)	Loss TOTAL 8.5892e-01 (8.4776e-01)
Epoch: [21][ 60/154]	L_Src_Sup 1.7246e-01 (2.0505e-01)	L_Trg_Inj 1.8869e-01 (2.8228e-01)	Loss Disc 6.7651e-01 (6.7297e-01)	Loss Pred 4.5900e-01 (4.5508e-01)	Loss TOTAL 8.3337e-01 (8.4553e-01)
Epoch: [21][ 70/154]	L_Src_Sup 1.8043e-01 (2.0343e-01)	L_Trg_Inj 2.5311e-01 (2.7983e-01)	Loss Disc 6.7963e-01 (6.7306e-01)	Loss Pred 4.2091e-01 (4.5508e-01)	Loss TOTAL 8.0408e-01 (8.4550e-01)
Epoch: [21][ 80/154]	L_Src_Sup 2.6716e-01 (2.0255e-01)	L_Trg_Inj 2.5904e-01 (2.7702e-01)	Loss Disc 6.7722e-01 (6.7319e-01)	Loss Pred 4.3336e-01 (4.5475e-01)	Loss TOTAL 8.3271e-01 (8.4476e-01)
Epoch: [21][ 90/154]	L_Src_Sup 2.0985e-01 (2.0166e-01)	L_Trg_Inj 3.0002e-01 (2.8075e-01)	Loss Disc 6.8167e-01 (6.7313e-01)	Loss Pred 4.0813e-01 (4.5493e-01)	Loss TOTAL 7.9995e-01 (8.4550e-01)
Epoch: [21][100/154]	L_Src_Sup 1.7532e-01 (1.9950e-01)	L_Trg_Inj 3.4223e-01 (2.7981e-01)	Loss Disc 6.7197e-01 (6.7327e-01)	Loss Pred 4.6671e-01 (4.5483e-01)	Loss TOTAL 8.5445e-01 (8.4569e-01)
Epoch: [21][110/154]	L_Src_Sup 2.0634e-01 (2.0182e-01)	L_Trg_Inj 2.8973e-01 (2.7790e-01)	Loss Disc 6.6426e-01 (6.7308e-01)	Loss Pred 5.2496e-01 (4.5801e-01)	Loss TOTAL 9.0670e-01 (8.4923e-01)
Epoch: [21][120/154]	L_Src_Sup 1.7296e-01 (2.0256e-01)	L_Trg_Inj 3.1391e-01 (2.7533e-01)	Loss Disc 6.7121e-01 (6.7301e-01)	Loss Pred 4.6500e-01 (4.5956e-01)	Loss TOTAL 8.4929e-01 (8.5126e-01)
Epoch: [21][130/154]	L_Src_Sup 2.6377e-01 (2.0118e-01)	L_Trg_Inj 2.5479e-01 (2.7547e-01)	Loss Disc 6.7146e-01 (6.7298e-01)	Loss Pred 4.7334e-01 (4.5973e-01)	Loss TOTAL 8.6991e-01 (8.5116e-01)
Epoch: [21][140/154]	L_Src_Sup 1.1686e-01 (2.0044e-01)	L_Trg_Inj 3.1599e-01 (2.7823e-01)	Loss Disc 6.7562e-01 (6.7295e-01)	Loss Pred 4.3374e-01 (4.5941e-01)	Loss TOTAL 8.1483e-01 (8.5050e-01)
Epoch: [21][150/154]	L_Src_Sup 2.0365e-01 (2.0069e-01)	L_Trg_Inj 2.3296e-01 (2.7905e-01)	Loss Disc 6.7511e-01 (6.7289e-01)	Loss Pred 4.4624e-01 (4.5905e-01)	Loss TOTAL 8.2746e-01 (8.4977e-01)
Epoch: [21][154/154]	L_Src_Sup 2.7151e-01 (2.0072e-01)	L_Trg_Inj 2.6990e-01 (2.7786e-01)	Loss Disc 6.7150e-01 (6.7287e-01)	Loss Pred 4.4628e-01 (4.5900e-01)	Loss TOTAL 8.3779e-01 (8.4945e-01)
Epoch 21 complete. Saving model state...
Epoch: [22][ 10/154]	L_Src_Sup 1.7407e-01 (1.8056e-01)	L_Trg_Inj 3.6919e-01 (2.8960e-01)	Loss Disc 6.6842e-01 (6.7241e-01)	Loss Pred 4.6519e-01 (4.5762e-01)	Loss TOTAL 8.5373e-01 (8.4403e-01)
Epoch: [22][ 20/154]	L_Src_Sup 1.3562e-01 (1.9303e-01)	L_Trg_Inj 3.2723e-01 (3.0566e-01)	Loss Disc 6.7325e-01 (6.7294e-01)	Loss Pred 4.4611e-01 (4.5357e-01)	Loss TOTAL 8.2902e-01 (8.4211e-01)
Epoch: [22][ 30/154]	L_Src_Sup 2.5227e-01 (1.9863e-01)	L_Trg_Inj 3.7165e-01 (2.9897e-01)	Loss Disc 6.7336e-01 (6.7325e-01)	Loss Pred 4.3961e-01 (4.5295e-01)	Loss TOTAL 8.3868e-01 (8.4440e-01)
Epoch: [22][ 40/154]	L_Src_Sup 2.1681e-01 (2.0354e-01)	L_Trg_Inj 3.7436e-01 (3.0191e-01)	Loss Disc 6.7631e-01 (6.7339e-01)	Loss Pred 4.3335e-01 (4.5328e-01)	Loss TOTAL 8.3062e-01 (8.4691e-01)
Epoch: [22][ 50/154]	L_Src_Sup 1.4766e-01 (2.0290e-01)	L_Trg_Inj 3.5993e-01 (3.1281e-01)	Loss Disc 6.7873e-01 (6.7317e-01)	Loss Pred 4.2044e-01 (4.5421e-01)	Loss TOTAL 8.1057e-01 (8.4805e-01)
Epoch: [22][ 60/154]	L_Src_Sup 2.0176e-01 (2.0424e-01)	L_Trg_Inj 3.0301e-01 (3.1567e-01)	Loss Disc 6.7711e-01 (6.7289e-01)	Loss Pred 4.3949e-01 (4.5611e-01)	Loss TOTAL 8.2852e-01 (8.4928e-01)
Epoch: [22][ 70/154]	L_Src_Sup 2.4355e-01 (2.0137e-01)	L_Trg_Inj 2.0713e-01 (3.0802e-01)	Loss Disc 6.8342e-01 (6.7308e-01)	Loss Pred 4.6158e-01 (4.5732e-01)	Loss TOTAL 8.8478e-01 (8.5150e-01)
Epoch: [22][ 80/154]	L_Src_Sup 1.2308e-01 (2.0077e-01)	L_Trg_Inj 3.5295e-01 (3.1153e-01)	Loss Disc 6.7057e-01 (6.7314e-01)	Loss Pred 4.6485e-01 (4.5764e-01)	Loss TOTAL 8.4773e-01 (8.5230e-01)
Epoch: [22][ 90/154]	L_Src_Sup 2.2656e-01 (2.0309e-01)	L_Trg_Inj 3.2074e-01 (3.1389e-01)	Loss Disc 6.7059e-01 (6.7309e-01)	Loss Pred 4.6500e-01 (4.5718e-01)	Loss TOTAL 8.5502e-01 (8.5152e-01)
Epoch: [22][100/154]	L_Src_Sup 2.0531e-01 (2.0417e-01)	L_Trg_Inj 4.0505e-01 (3.1631e-01)	Loss Disc 6.7075e-01 (6.7306e-01)	Loss Pred 4.5223e-01 (4.5676e-01)	Loss TOTAL 8.4864e-01 (8.5134e-01)
Epoch: [22][110/154]	L_Src_Sup 2.0526e-01 (2.0238e-01)	L_Trg_Inj 2.7827e-01 (3.1698e-01)	Loss Disc 6.7448e-01 (6.7295e-01)	Loss Pred 4.5216e-01 (4.5704e-01)	Loss TOTAL 8.3776e-01 (8.5091e-01)
Epoch: [22][120/154]	L_Src_Sup 2.3956e-01 (2.0157e-01)	L_Trg_Inj 2.7739e-01 (3.1502e-01)	Loss Disc 6.7291e-01 (6.7300e-01)	Loss Pred 4.5236e-01 (4.5642e-01)	Loss TOTAL 8.4051e-01 (8.4958e-01)
Epoch: [22][130/154]	L_Src_Sup 1.4684e-01 (2.0138e-01)	L_Trg_Inj 3.1476e-01 (3.1228e-01)	Loss Disc 6.6393e-01 (6.7293e-01)	Loss Pred 5.0296e-01 (4.5673e-01)	Loss TOTAL 8.8109e-01 (8.4927e-01)
Epoch: [22][140/154]	L_Src_Sup 8.6983e-02 (1.9883e-01)	L_Trg_Inj 2.1318e-01 (3.0996e-01)	Loss Disc 6.7463e-01 (6.7292e-01)	Loss Pred 4.6496e-01 (4.5678e-01)	Loss TOTAL 8.3229e-01 (8.4868e-01)
Epoch: [22][150/154]	L_Src_Sup 2.1062e-01 (1.9730e-01)	L_Trg_Inj 3.0303e-01 (3.0790e-01)	Loss Disc 6.6783e-01 (6.7284e-01)	Loss Pred 4.7126e-01 (4.5698e-01)	Loss TOTAL 8.5654e-01 (8.4818e-01)
Epoch: [22][154/154]	L_Src_Sup 1.4525e-01 (1.9677e-01)	L_Trg_Inj 2.4177e-01 (3.0633e-01)	Loss Disc 6.8084e-01 (6.7291e-01)	Loss Pred 4.0776e-01 (4.5653e-01)	Loss TOTAL 7.8688e-01 (8.4744e-01)
Epoch 22 complete. Saving model state...
Epoch: [23][ 10/154]	L_Src_Sup 3.3830e-01 (1.9604e-01)	L_Trg_Inj 2.2768e-01 (2.3054e-01)	Loss Disc 6.6892e-01 (6.7006e-01)	Loss Pred 4.7754e-01 (4.7441e-01)	Loss TOTAL 9.7921e-01 (8.6901e-01)
Epoch: [23][ 20/154]	L_Src_Sup 1.8811e-01 (2.0347e-01)	L_Trg_Inj 3.1887e-01 (2.6993e-01)	Loss Disc 6.7428e-01 (6.7173e-01)	Loss Pred 4.5233e-01 (4.6396e-01)	Loss TOTAL 8.4017e-01 (8.5734e-01)
Epoch: [23][ 30/154]	L_Src_Sup 2.3944e-01 (1.8947e-01)	L_Trg_Inj 2.9753e-01 (2.9197e-01)	Loss Disc 6.7496e-01 (6.7273e-01)	Loss Pred 4.5227e-01 (4.5773e-01)	Loss TOTAL 8.4345e-01 (8.4927e-01)
Epoch: [23][ 40/154]	L_Src_Sup 2.8339e-01 (1.9427e-01)	L_Trg_Inj 2.8499e-01 (2.9524e-01)	Loss Disc 6.6973e-01 (6.7290e-01)	Loss Pred 4.7779e-01 (4.5715e-01)	Loss TOTAL 8.6949e-01 (8.4782e-01)
Epoch: [23][ 50/154]	L_Src_Sup 2.9362e-01 (1.9314e-01)	L_Trg_Inj 2.6182e-01 (2.9309e-01)	Loss Disc 6.7173e-01 (6.7251e-01)	Loss Pred 4.5846e-01 (4.5857e-01)	Loss TOTAL 8.8167e-01 (8.4831e-01)
Epoch: [23][ 60/154]	L_Src_Sup 1.1772e-01 (1.9314e-01)	L_Trg_Inj 2.2687e-01 (2.8663e-01)	Loss Disc 6.7720e-01 (6.7306e-01)	Loss Pred 4.3956e-01 (4.5604e-01)	Loss TOTAL 8.1261e-01 (8.4459e-01)
Epoch: [23][ 70/154]	L_Src_Sup 2.0546e-01 (1.9773e-01)	L_Trg_Inj 2.4446e-01 (2.8224e-01)	Loss Disc 6.7611e-01 (6.7321e-01)	Loss Pred 4.5213e-01 (4.5568e-01)	Loss TOTAL 8.3517e-01 (8.4720e-01)
Epoch: [23][ 80/154]	L_Src_Sup 1.8494e-01 (1.9750e-01)	L_Trg_Inj 3.3114e-01 (2.8522e-01)	Loss Disc 6.7504e-01 (6.7291e-01)	Loss Pred 4.3951e-01 (4.5715e-01)	Loss TOTAL 8.2864e-01 (8.4809e-01)
Epoch: [23][ 90/154]	L_Src_Sup 1.7559e-01 (1.9879e-01)	L_Trg_Inj 3.8021e-01 (2.9195e-01)	Loss Disc 6.6803e-01 (6.7284e-01)	Loss Pred 4.7144e-01 (4.5675e-01)	Loss TOTAL 8.6104e-01 (8.4799e-01)
Epoch: [23][100/154]	L_Src_Sup 2.1252e-01 (2.0133e-01)	L_Trg_Inj 2.5249e-01 (2.9311e-01)	Loss Disc 6.7129e-01 (6.7300e-01)	Loss Pred 4.7747e-01 (4.5624e-01)	Loss TOTAL 8.5962e-01 (8.4735e-01)
Epoch: [23][110/154]	L_Src_Sup 1.5932e-01 (1.9983e-01)	L_Trg_Inj 2.1859e-01 (2.9375e-01)	Loss Disc 6.7305e-01 (6.7304e-01)	Loss Pred 4.7783e-01 (4.5617e-01)	Loss TOTAL 8.5215e-01 (8.4697e-01)
Epoch: [23][120/154]	L_Src_Sup 2.5651e-01 (2.0066e-01)	L_Trg_Inj 2.6621e-01 (2.9448e-01)	Loss Disc 6.7530e-01 (6.7311e-01)	Loss Pred 4.5216e-01 (4.5579e-01)	Loss TOTAL 8.4208e-01 (8.4676e-01)
Epoch: [23][130/154]	L_Src_Sup 1.5146e-01 (1.9952e-01)	L_Trg_Inj 3.3322e-01 (2.9501e-01)	Loss Disc 6.7385e-01 (6.7314e-01)	Loss Pred 4.3982e-01 (4.5558e-01)	Loss TOTAL 8.2521e-01 (8.4612e-01)
Epoch: [23][140/154]	L_Src_Sup 3.7373e-01 (2.0071e-01)	L_Trg_Inj 2.9741e-01 (2.9551e-01)	Loss Disc 6.7534e-01 (6.7315e-01)	Loss Pred 4.4592e-01 (4.5566e-01)	Loss TOTAL 9.2703e-01 (8.4704e-01)
Epoch: [23][150/154]	L_Src_Sup 1.8205e-01 (2.0111e-01)	L_Trg_Inj 3.6366e-01 (2.9870e-01)	Loss Disc 6.6397e-01 (6.7302e-01)	Loss Pred 4.9654e-01 (4.5626e-01)	Loss TOTAL 8.8310e-01 (8.4758e-01)
Epoch: [23][154/154]	L_Src_Sup 1.7571e-01 (2.0150e-01)	L_Trg_Inj 2.5560e-01 (2.9812e-01)	Loss Disc 6.7224e-01 (6.7303e-01)	Loss Pred 4.7130e-01 (4.5636e-01)	Loss TOTAL 8.5055e-01 (8.4755e-01)
Epoch 23 complete. Saving model state...
Epoch: [24][ 10/154]	L_Src_Sup 2.5875e-01 (1.6713e-01)	L_Trg_Inj 2.1188e-01 (2.2972e-01)	Loss Disc 6.7314e-01 (6.7249e-01)	Loss Pred 4.5222e-01 (4.5678e-01)	Loss TOTAL 8.8273e-01 (8.4357e-01)
Epoch: [24][ 20/154]	L_Src_Sup 2.6622e-01 (1.9036e-01)	L_Trg_Inj 3.3938e-01 (2.6549e-01)	Loss Disc 6.6848e-01 (6.7234e-01)	Loss Pred 4.7784e-01 (4.5942e-01)	Loss TOTAL 8.7264e-01 (8.4662e-01)
Epoch: [24][ 30/154]	L_Src_Sup 1.1976e-01 (1.8118e-01)	L_Trg_Inj 2.3255e-01 (2.7124e-01)	Loss Disc 6.7551e-01 (6.7305e-01)	Loss Pred 4.5249e-01 (4.5686e-01)	Loss TOTAL 8.2547e-01 (8.4225e-01)
Epoch: [24][ 40/154]	L_Src_Sup 1.0172e-01 (1.8756e-01)	L_Trg_Inj 2.0569e-01 (2.6876e-01)	Loss Disc 6.7727e-01 (6.7324e-01)	Loss Pred 4.4599e-01 (4.5700e-01)	Loss TOTAL 8.1536e-01 (8.4344e-01)
Epoch: [24][ 50/154]	L_Src_Sup 2.7237e-01 (1.9304e-01)	L_Trg_Inj 3.2006e-01 (2.6618e-01)	Loss Disc 6.7671e-01 (6.7378e-01)	Loss Pred 4.3354e-01 (4.5585e-01)	Loss TOTAL 8.3114e-01 (8.4509e-01)
Epoch: [24][ 60/154]	L_Src_Sup 2.9672e-01 (1.9730e-01)	L_Trg_Inj 2.7741e-01 (2.7065e-01)	Loss Disc 6.7167e-01 (6.7371e-01)	Loss Pred 4.6565e-01 (4.5560e-01)	Loss TOTAL 8.7820e-01 (8.4530e-01)
Epoch: [24][ 70/154]	L_Src_Sup 1.5653e-01 (2.0040e-01)	L_Trg_Inj 3.4318e-01 (2.7795e-01)	Loss Disc 6.7152e-01 (6.7367e-01)	Loss Pred 4.5864e-01 (4.5584e-01)	Loss TOTAL 8.4437e-01 (8.4588e-01)
Epoch: [24][ 80/154]	L_Src_Sup 1.8831e-01 (2.0231e-01)	L_Trg_Inj 3.4717e-01 (2.8310e-01)	Loss Disc 6.7218e-01 (6.7353e-01)	Loss Pred 4.5240e-01 (4.5572e-01)	Loss TOTAL 8.4204e-01 (8.4579e-01)
Epoch: [24][ 90/154]	L_Src_Sup 1.5260e-01 (2.0081e-01)	L_Trg_Inj 2.9063e-01 (2.8616e-01)	Loss Disc 6.7413e-01 (6.7339e-01)	Loss Pred 4.4596e-01 (4.5577e-01)	Loss TOTAL 8.2735e-01 (8.4540e-01)
Epoch: [24][100/154]	L_Src_Sup 2.9831e-01 (2.0204e-01)	L_Trg_Inj 3.0433e-01 (2.8833e-01)	Loss Disc 6.6902e-01 (6.7334e-01)	Loss Pred 4.7105e-01 (4.5518e-01)	Loss TOTAL 8.6582e-01 (8.4542e-01)
Epoch: [24][110/154]	L_Src_Sup 1.8819e-01 (2.0091e-01)	L_Trg_Inj 2.4862e-01 (2.8512e-01)	Loss Disc 6.7483e-01 (6.7317e-01)	Loss Pred 4.5241e-01 (4.5637e-01)	Loss TOTAL 8.3350e-01 (8.4631e-01)
Epoch: [24][120/154]	L_Src_Sup 2.4164e-01 (1.9887e-01)	L_Trg_Inj 3.1301e-01 (2.8528e-01)	Loss Disc 6.7168e-01 (6.7309e-01)	Loss Pred 4.5863e-01 (4.5662e-01)	Loss TOTAL 8.4993e-01 (8.4652e-01)
Epoch: [24][130/154]	L_Src_Sup 2.9068e-01 (1.9899e-01)	L_Trg_Inj 3.9172e-01 (2.8589e-01)	Loss Disc 6.7085e-01 (6.7307e-01)	Loss Pred 4.5231e-01 (4.5684e-01)	Loss TOTAL 8.5598e-01 (8.4713e-01)
Epoch: [24][140/154]	L_Src_Sup 1.8489e-01 (1.9718e-01)	L_Trg_Inj 2.1933e-01 (2.8762e-01)	Loss Disc 6.7871e-01 (6.7311e-01)	Loss Pred 4.3959e-01 (4.5638e-01)	Loss TOTAL 8.1937e-01 (8.4632e-01)
Epoch: [24][150/154]	L_Src_Sup 8.7806e-02 (1.9564e-01)	L_Trg_Inj 2.3427e-01 (2.8575e-01)	Loss Disc 6.6965e-01 (6.7305e-01)	Loss Pred 4.7111e-01 (4.5664e-01)	Loss TOTAL 8.3814e-01 (8.4588e-01)
Epoch: [24][154/154]	L_Src_Sup 2.5902e-01 (1.9582e-01)	L_Trg_Inj 2.3547e-01 (2.8397e-01)	Loss Disc 6.7318e-01 (6.7305e-01)	Loss Pred 4.5843e-01 (4.5670e-01)	Loss TOTAL 8.6802e-01 (8.4588e-01)
Epoch 24 complete. Saving model state...
Epoch: [25][ 10/154]	L_Src_Sup 2.9319e-01 (2.0942e-01)	L_Trg_Inj 2.6055e-01 (2.9505e-01)	Loss Disc 6.7389e-01 (6.7172e-01)	Loss Pred 4.5888e-01 (4.6335e-01)	Loss TOTAL 8.8384e-01 (8.5497e-01)
Epoch: [25][ 20/154]	L_Src_Sup 2.2419e-01 (2.1020e-01)	L_Trg_Inj 3.4697e-01 (3.1519e-01)	Loss Disc 6.7038e-01 (6.7157e-01)	Loss Pred 4.5884e-01 (4.6136e-01)	Loss TOTAL 8.5115e-01 (8.5234e-01)
Epoch: [25][ 30/154]	L_Src_Sup 1.3564e-01 (2.0493e-01)	L_Trg_Inj 2.8224e-01 (3.1186e-01)	Loss Disc 6.7606e-01 (6.7184e-01)	Loss Pred 4.4555e-01 (4.6111e-01)	Loss TOTAL 8.2537e-01 (8.5496e-01)
Epoch: [25][ 40/154]	L_Src_Sup 1.3573e-01 (2.0122e-01)	L_Trg_Inj 2.8937e-01 (3.0815e-01)	Loss Disc 6.7572e-01 (6.7246e-01)	Loss Pred 4.4604e-01 (4.5877e-01)	Loss TOTAL 8.2641e-01 (8.5179e-01)
Epoch: [25][ 50/154]	L_Src_Sup 2.5237e-01 (2.0174e-01)	L_Trg_Inj 3.3265e-01 (3.0478e-01)	Loss Disc 6.7434e-01 (6.7281e-01)	Loss Pred 4.3978e-01 (4.5712e-01)	Loss TOTAL 8.3545e-01 (8.4923e-01)
Epoch: [25][ 60/154]	L_Src_Sup 1.6680e-01 (1.9967e-01)	L_Trg_Inj 3.8072e-01 (2.9951e-01)	Loss Disc 6.7457e-01 (6.7295e-01)	Loss Pred 4.3328e-01 (4.5717e-01)	Loss TOTAL 8.2531e-01 (8.4827e-01)
Epoch: [25][ 70/154]	L_Src_Sup 1.0268e-01 (1.9537e-01)	L_Trg_Inj 2.6435e-01 (2.9769e-01)	Loss Disc 6.7360e-01 (6.7302e-01)	Loss Pred 4.5237e-01 (4.5669e-01)	Loss TOTAL 8.2587e-01 (8.4653e-01)
Epoch: [25][ 80/154]	L_Src_Sup 2.2310e-01 (1.9702e-01)	L_Trg_Inj 2.1086e-01 (2.9457e-01)	Loss Disc 6.7666e-01 (6.7306e-01)	Loss Pred 4.5236e-01 (4.5628e-01)	Loss TOTAL 8.4633e-01 (8.4572e-01)
Epoch: [25][ 90/154]	L_Src_Sup 1.7892e-01 (1.9760e-01)	L_Trg_Inj 2.5777e-01 (2.9533e-01)	Loss Disc 6.7078e-01 (6.7305e-01)	Loss Pred 4.8435e-01 (4.5662e-01)	Loss TOTAL 8.6341e-01 (8.4626e-01)
Epoch: [25][100/154]	L_Src_Sup 1.3917e-01 (1.9727e-01)	L_Trg_Inj 2.5943e-01 (2.9706e-01)	Loss Disc 6.7273e-01 (6.7302e-01)	Loss Pred 4.6503e-01 (4.5664e-01)	Loss TOTAL 8.4126e-01 (8.4603e-01)
Epoch: [25][110/154]	L_Src_Sup 3.1584e-01 (1.9950e-01)	L_Trg_Inj 2.9844e-01 (2.9663e-01)	Loss Disc 6.7014e-01 (6.7294e-01)	Loss Pred 4.7133e-01 (4.5707e-01)	Loss TOTAL 8.8522e-01 (8.4657e-01)
Epoch: [25][120/154]	L_Src_Sup 2.0343e-01 (2.0052e-01)	L_Trg_Inj 2.2316e-01 (2.9653e-01)	Loss Disc 6.7739e-01 (6.7283e-01)	Loss Pred 4.4608e-01 (4.5789e-01)	Loss TOTAL 8.2743e-01 (8.4714e-01)
Epoch: [25][130/154]	L_Src_Sup 1.9660e-01 (2.0079e-01)	L_Trg_Inj 3.6417e-01 (2.9623e-01)	Loss Disc 6.6515e-01 (6.7276e-01)	Loss Pred 4.8424e-01 (4.5811e-01)	Loss TOTAL 8.7290e-01 (8.4758e-01)
Epoch: [25][140/154]	L_Src_Sup 1.8047e-01 (2.0186e-01)	L_Trg_Inj 3.1613e-01 (2.9720e-01)	Loss Disc 6.7939e-01 (6.7297e-01)	Loss Pred 4.2107e-01 (4.5702e-01)	Loss TOTAL 8.1042e-01 (8.4687e-01)
Epoch: [25][150/154]	L_Src_Sup 1.8356e-01 (2.0276e-01)	L_Trg_Inj 3.5465e-01 (2.9976e-01)	Loss Disc 6.7634e-01 (6.7301e-01)	Loss Pred 4.3307e-01 (4.5663e-01)	Loss TOTAL 8.2507e-01 (8.4729e-01)
Epoch: [25][154/154]	L_Src_Sup 2.0523e-01 (2.0219e-01)	L_Trg_Inj 3.0171e-01 (2.9941e-01)	Loss Disc 6.7474e-01 (6.7306e-01)	Loss Pred 4.5303e-01 (4.5661e-01)	Loss TOTAL 8.4109e-01 (8.4710e-01)
Epoch 25 complete. Saving model state...
Epoch: [26][ 10/154]	L_Src_Sup 2.3469e-01 (1.7741e-01)	L_Trg_Inj 2.9278e-01 (2.7905e-01)	Loss Disc 6.6766e-01 (6.7318e-01)	Loss Pred 4.9049e-01 (4.6255e-01)	Loss TOTAL 8.7707e-01 (8.4577e-01)
Epoch: [26][ 20/154]	L_Src_Sup 2.2622e-01 (1.9554e-01)	L_Trg_Inj 3.1447e-01 (2.9685e-01)	Loss Disc 6.7167e-01 (6.7260e-01)	Loss Pred 4.6507e-01 (4.6350e-01)	Loss TOTAL 8.5497e-01 (8.5053e-01)
Epoch: [26][ 30/154]	L_Src_Sup 1.5295e-01 (2.0648e-01)	L_Trg_Inj 4.0132e-01 (3.0143e-01)	Loss Disc 6.7261e-01 (6.7289e-01)	Loss Pred 4.4620e-01 (4.6138e-01)	Loss TOTAL 8.3793e-01 (8.5207e-01)
Epoch: [26][ 40/154]	L_Src_Sup 2.0705e-01 (2.0380e-01)	L_Trg_Inj 3.1845e-01 (3.0547e-01)	Loss Disc 6.7252e-01 (6.7311e-01)	Loss Pred 4.5957e-01 (4.5963e-01)	Loss TOTAL 8.4838e-01 (8.4971e-01)
Epoch: [26][ 50/154]	L_Src_Sup 2.9260e-01 (2.0650e-01)	L_Trg_Inj 3.9537e-01 (3.0746e-01)	Loss Disc 6.7255e-01 (6.7297e-01)	Loss Pred 4.4343e-01 (4.6097e-01)	Loss TOTAL 8.4850e-01 (8.5122e-01)
Epoch: [26][ 60/154]	L_Src_Sup 1.7927e-01 (2.0748e-01)	L_Trg_Inj 2.9935e-01 (3.0956e-01)	Loss Disc 6.6839e-01 (6.7286e-01)	Loss Pred 4.8409e-01 (4.6012e-01)	Loss TOTAL 8.6615e-01 (8.5156e-01)
Epoch: [26][ 70/154]	L_Src_Sup 2.0192e-01 (2.0361e-01)	L_Trg_Inj 2.0652e-01 (3.0511e-01)	Loss Disc 6.7794e-01 (6.7276e-01)	Loss Pred 4.3963e-01 (4.6038e-01)	Loss TOTAL 8.1944e-01 (8.5047e-01)
Epoch: [26][ 80/154]	L_Src_Sup 3.0371e-01 (2.0412e-01)	L_Trg_Inj 3.6848e-01 (3.0193e-01)	Loss Disc 6.6343e-01 (6.7271e-01)	Loss Pred 4.8410e-01 (4.5938e-01)	Loss TOTAL 8.8303e-01 (8.4906e-01)
Epoch: [26][ 90/154]	L_Src_Sup 2.2232e-01 (2.0177e-01)	L_Trg_Inj 2.3005e-01 (2.9648e-01)	Loss Disc 6.7471e-01 (6.7291e-01)	Loss Pred 4.5195e-01 (4.5860e-01)	Loss TOTAL 8.3454e-01 (8.4730e-01)
Epoch: [26][100/154]	L_Src_Sup 2.4606e-01 (2.0004e-01)	L_Trg_Inj 2.9315e-01 (2.9380e-01)	Loss Disc 6.7027e-01 (6.7299e-01)	Loss Pred 4.7138e-01 (4.5817e-01)	Loss TOTAL 8.6043e-01 (8.4659e-01)
Epoch: [26][110/154]	L_Src_Sup 1.5263e-01 (2.0161e-01)	L_Trg_Inj 2.6951e-01 (2.9177e-01)	Loss Disc 6.7482e-01 (6.7300e-01)	Loss Pred 4.4612e-01 (4.5794e-01)	Loss TOTAL 8.2574e-01 (8.4692e-01)
Epoch: [26][120/154]	L_Src_Sup 2.1533e-01 (2.0446e-01)	L_Trg_Inj 3.7890e-01 (2.9263e-01)	Loss Disc 6.7715e-01 (6.7299e-01)	Loss Pred 4.2695e-01 (4.5805e-01)	Loss TOTAL 8.2495e-01 (8.4773e-01)
Epoch: [26][130/154]	L_Src_Sup 9.8412e-02 (2.0279e-01)	L_Trg_Inj 3.0681e-01 (2.9523e-01)	Loss Disc 6.7976e-01 (6.7310e-01)	Loss Pred 4.2073e-01 (4.5742e-01)	Loss TOTAL 8.0113e-01 (8.4698e-01)
Epoch: [26][140/154]	L_Src_Sup 2.8843e-01 (2.0273e-01)	L_Trg_Inj 3.0234e-01 (2.9542e-01)	Loss Disc 6.7376e-01 (6.7323e-01)	Loss Pred 4.4626e-01 (4.5656e-01)	Loss TOTAL 8.4222e-01 (8.4597e-01)
Epoch: [26][150/154]	L_Src_Sup 9.2675e-02 (2.0325e-01)	L_Trg_Inj 3.0407e-01 (2.9446e-01)	Loss Disc 6.6362e-01 (6.7306e-01)	Loss Pred 5.0311e-01 (4.5730e-01)	Loss TOTAL 8.7459e-01 (8.4666e-01)
Epoch: [26][154/154]	L_Src_Sup 1.4806e-01 (2.0235e-01)	L_Trg_Inj 2.6769e-01 (2.9419e-01)	Loss Disc 6.7867e-01 (6.7312e-01)	Loss Pred 4.2067e-01 (4.5676e-01)	Loss TOTAL 8.0158e-01 (8.4596e-01)
Epoch 26 complete. Saving model state...
Epoch: [27][ 10/154]	L_Src_Sup 2.4612e-01 (1.9442e-01)	L_Trg_Inj 2.5312e-01 (2.3435e-01)	Loss Disc 6.6985e-01 (6.7363e-01)	Loss Pred 4.7132e-01 (4.5366e-01)	Loss TOTAL 8.5616e-01 (8.3795e-01)
Epoch: [27][ 20/154]	L_Src_Sup 1.8980e-01 (1.9670e-01)	L_Trg_Inj 2.3663e-01 (2.3465e-01)	Loss Disc 6.7315e-01 (6.7340e-01)	Loss Pred 4.5870e-01 (4.5651e-01)	Loss TOTAL 8.3792e-01 (8.4124e-01)
Epoch: [27][ 30/154]	L_Src_Sup 7.2077e-02 (1.9935e-01)	L_Trg_Inj 3.0213e-01 (2.4616e-01)	Loss Disc 6.6449e-01 (6.7340e-01)	Loss Pred 4.9038e-01 (4.5514e-01)	Loss TOTAL 8.6005e-01 (8.4094e-01)
Epoch: [27][ 40/154]	L_Src_Sup 1.3717e-01 (1.9954e-01)	L_Trg_Inj 2.5079e-01 (2.4671e-01)	Loss Disc 6.7455e-01 (6.7320e-01)	Loss Pred 4.5299e-01 (4.5558e-01)	Loss TOTAL 8.2906e-01 (8.4565e-01)
Epoch: [27][ 50/154]	L_Src_Sup 1.6269e-01 (1.9531e-01)	L_Trg_Inj 2.4523e-01 (2.5742e-01)	Loss Disc 6.8342e-01 (6.7303e-01)	Loss Pred 4.0831e-01 (4.5623e-01)	Loss TOTAL 7.9081e-01 (8.4551e-01)
Epoch: [27][ 60/154]	L_Src_Sup 1.7260e-01 (1.9571e-01)	L_Trg_Inj 3.6594e-01 (2.6364e-01)	Loss Disc 6.7082e-01 (6.7305e-01)	Loss Pred 4.5850e-01 (4.5611e-01)	Loss TOTAL 8.4777e-01 (8.4526e-01)
Epoch: [27][ 70/154]	L_Src_Sup 2.1446e-01 (1.9488e-01)	L_Trg_Inj 3.2593e-01 (2.6675e-01)	Loss Disc 6.6751e-01 (6.7302e-01)	Loss Pred 4.8408e-01 (4.5710e-01)	Loss TOTAL 8.7188e-01 (8.4681e-01)
Epoch: [27][ 80/154]	L_Src_Sup 1.0626e-01 (1.9690e-01)	L_Trg_Inj 2.1914e-01 (2.7137e-01)	Loss Disc 6.7238e-01 (6.7302e-01)	Loss Pred 4.7768e-01 (4.5691e-01)	Loss TOTAL 8.4641e-01 (8.4640e-01)
Epoch: [27][ 90/154]	L_Src_Sup 2.3760e-01 (1.9745e-01)	L_Trg_Inj 2.9263e-01 (2.7024e-01)	Loss Disc 6.7486e-01 (6.7324e-01)	Loss Pred 4.3994e-01 (4.5584e-01)	Loss TOTAL 8.3039e-01 (8.4640e-01)
Epoch: [27][100/154]	L_Src_Sup 2.5132e-01 (1.9839e-01)	L_Trg_Inj 3.4354e-01 (2.7113e-01)	Loss Disc 6.7490e-01 (6.7342e-01)	Loss Pred 4.3358e-01 (4.5468e-01)	Loss TOTAL 8.3052e-01 (8.4578e-01)
Epoch: [27][110/154]	L_Src_Sup 3.2759e-01 (1.9941e-01)	L_Trg_Inj 2.9258e-01 (2.7359e-01)	Loss Disc 6.6576e-01 (6.7315e-01)	Loss Pred 4.9662e-01 (4.5625e-01)	Loss TOTAL 9.2653e-01 (8.4761e-01)
Epoch: [27][120/154]	L_Src_Sup 1.0471e-01 (1.9859e-01)	L_Trg_Inj 4.0415e-01 (2.7580e-01)	Loss Disc 6.7010e-01 (6.7332e-01)	Loss Pred 4.5940e-01 (4.5562e-01)	Loss TOTAL 8.4534e-01 (8.4686e-01)
Epoch: [27][130/154]	L_Src_Sup 2.2827e-01 (1.9928e-01)	L_Trg_Inj 3.0731e-01 (2.7755e-01)	Loss Disc 6.7020e-01 (6.7321e-01)	Loss Pred 4.7135e-01 (4.5640e-01)	Loss TOTAL 8.6001e-01 (8.4727e-01)
Epoch: [27][140/154]	L_Src_Sup 1.7456e-01 (1.9870e-01)	L_Trg_Inj 2.8119e-01 (2.7753e-01)	Loss Disc 6.7626e-01 (6.7325e-01)	Loss Pred 4.3950e-01 (4.5710e-01)	Loss TOTAL 8.2321e-01 (8.4779e-01)
Epoch: [27][150/154]	L_Src_Sup 1.7481e-01 (2.0181e-01)	L_Trg_Inj 2.2688e-01 (2.7816e-01)	Loss Disc 6.7434e-01 (6.7327e-01)	Loss Pred 4.6492e-01 (4.5718e-01)	Loss TOTAL 8.4226e-01 (8.4890e-01)
Epoch: [27][154/154]	L_Src_Sup 8.3542e-02 (2.0088e-01)	L_Trg_Inj 3.3640e-01 (2.7930e-01)	Loss Disc 6.7598e-01 (6.7331e-01)	Loss Pred 4.3331e-01 (4.5685e-01)	Loss TOTAL 8.1329e-01 (8.4842e-01)
Epoch 27 complete. Saving model state...
Epoch: [28][ 10/154]	L_Src_Sup 2.1443e-01 (1.8326e-01)	L_Trg_Inj 4.2075e-01 (3.1730e-01)	Loss Disc 6.6287e-01 (6.7318e-01)	Loss Pred 4.8412e-01 (4.5244e-01)	Loss TOTAL 8.7907e-01 (8.4231e-01)
Epoch: [28][ 20/154]	L_Src_Sup 3.3361e-01 (1.9690e-01)	L_Trg_Inj 3.2074e-01 (3.1361e-01)	Loss Disc 6.7537e-01 (6.7351e-01)	Loss Pred 4.3325e-01 (4.5052e-01)	Loss TOTAL 8.4925e-01 (8.4226e-01)
Epoch: [28][ 30/154]	L_Src_Sup 2.7131e-01 (2.0558e-01)	L_Trg_Inj 2.1461e-01 (3.0879e-01)	Loss Disc 6.7812e-01 (6.7316e-01)	Loss Pred 4.4609e-01 (4.5430e-01)	Loss TOTAL 8.9044e-01 (8.4683e-01)
Epoch: [28][ 40/154]	L_Src_Sup 2.2230e-01 (2.1053e-01)	L_Trg_Inj 2.5500e-01 (3.0930e-01)	Loss Disc 6.7596e-01 (6.7333e-01)	Loss Pred 4.5226e-01 (4.5350e-01)	Loss TOTAL 8.3797e-01 (8.4644e-01)
Epoch: [28][ 50/154]	L_Src_Sup 2.3145e-01 (2.0782e-01)	L_Trg_Inj 2.1552e-01 (3.0512e-01)	Loss Disc 6.8106e-01 (6.7349e-01)	Loss Pred 4.2695e-01 (4.5353e-01)	Loss TOTAL 8.2811e-01 (8.4532e-01)
Epoch: [28][ 60/154]	L_Src_Sup 1.2283e-01 (2.0572e-01)	L_Trg_Inj 2.6100e-01 (3.0287e-01)	Loss Disc 6.7109e-01 (6.7285e-01)	Loss Pred 4.7134e-01 (4.5752e-01)	Loss TOTAL 8.4527e-01 (8.4793e-01)
Epoch: [28][ 70/154]	L_Src_Sup 2.2265e-01 (1.9837e-01)	L_Trg_Inj 2.0646e-01 (2.9386e-01)	Loss Disc 6.7531e-01 (6.7288e-01)	Loss Pred 4.5243e-01 (4.5806e-01)	Loss TOTAL 8.4918e-01 (8.4663e-01)
Epoch: [28][ 80/154]	L_Src_Sup 1.6813e-01 (1.9790e-01)	L_Trg_Inj 1.6433e-01 (2.8871e-01)	Loss Disc 6.7967e-01 (6.7292e-01)	Loss Pred 4.3963e-01 (4.5789e-01)	Loss TOTAL 8.1652e-01 (8.4561e-01)
Epoch: [28][ 90/154]	L_Src_Sup 1.8356e-01 (2.0055e-01)	L_Trg_Inj 3.3676e-01 (2.8817e-01)	Loss Disc 6.6415e-01 (6.7292e-01)	Loss Pred 5.0304e-01 (4.5834e-01)	Loss TOTAL 8.8715e-01 (8.4671e-01)
Epoch: [28][100/154]	L_Src_Sup 2.2619e-01 (2.0092e-01)	L_Trg_Inj 2.9943e-01 (2.9101e-01)	Loss Disc 6.7125e-01 (6.7297e-01)	Loss Pred 4.6459e-01 (4.5780e-01)	Loss TOTAL 8.5278e-01 (8.4621e-01)
Epoch: [28][110/154]	L_Src_Sup 1.9859e-01 (2.0202e-01)	L_Trg_Inj 3.1123e-01 (2.9146e-01)	Loss Disc 6.7718e-01 (6.7297e-01)	Loss Pred 4.2701e-01 (4.5737e-01)	Loss TOTAL 8.1658e-01 (8.4707e-01)
Epoch: [28][120/154]	L_Src_Sup 2.9770e-01 (2.0358e-01)	L_Trg_Inj 2.5748e-01 (2.8771e-01)	Loss Disc 6.8020e-01 (6.7306e-01)	Loss Pred 4.2668e-01 (4.5758e-01)	Loss TOTAL 8.6251e-01 (8.4782e-01)
Epoch: [28][130/154]	L_Src_Sup 2.6557e-01 (2.0203e-01)	L_Trg_Inj 2.7580e-01 (2.9134e-01)	Loss Disc 6.7195e-01 (6.7321e-01)	Loss Pred 4.7799e-01 (4.5655e-01)	Loss TOTAL 8.6810e-01 (8.4672e-01)
Epoch: [28][140/154]	L_Src_Sup 2.4574e-01 (2.0362e-01)	L_Trg_Inj 3.2197e-01 (2.9133e-01)	Loss Disc 6.7053e-01 (6.7332e-01)	Loss Pred 4.7154e-01 (4.5630e-01)	Loss TOTAL 8.6358e-01 (8.4679e-01)
Epoch: [28][150/154]	L_Src_Sup 1.8840e-01 (2.0369e-01)	L_Trg_Inj 3.7239e-01 (2.9245e-01)	Loss Disc 6.7239e-01 (6.7334e-01)	Loss Pred 4.4620e-01 (4.5629e-01)	Loss TOTAL 8.3848e-01 (8.4692e-01)
Epoch: [28][154/154]	L_Src_Sup 1.5189e-01 (2.0415e-01)	L_Trg_Inj 2.9357e-01 (2.9318e-01)	Loss Disc 6.7563e-01 (6.7324e-01)	Loss Pred 4.3960e-01 (4.5664e-01)	Loss TOTAL 8.2196e-01 (8.4723e-01)
Epoch 28 complete. Saving model state...
Epoch: [29][ 10/154]	L_Src_Sup 2.2623e-01 (1.9364e-01)	L_Trg_Inj 3.8772e-01 (3.0355e-01)	Loss Disc 6.6721e-01 (6.7398e-01)	Loss Pred 4.6528e-01 (4.4928e-01)	Loss TOTAL 8.6028e-01 (8.3774e-01)
Epoch: [29][ 20/154]	L_Src_Sup 2.3676e-01 (1.9478e-01)	L_Trg_Inj 3.1397e-01 (2.7907e-01)	Loss Disc 6.6498e-01 (6.7426e-01)	Loss Pred 4.9693e-01 (4.5177e-01)	Loss TOTAL 8.8449e-01 (8.3778e-01)
Epoch: [29][ 30/154]	L_Src_Sup 3.6242e-01 (2.0317e-01)	L_Trg_Inj 3.3730e-01 (2.8123e-01)	Loss Disc 6.7067e-01 (6.7384e-01)	Loss Pred 4.5865e-01 (4.5325e-01)	Loss TOTAL 8.8908e-01 (8.4280e-01)
Epoch: [29][ 40/154]	L_Src_Sup 1.9650e-01 (2.0113e-01)	L_Trg_Inj 2.8577e-01 (2.8605e-01)	Loss Disc 6.6926e-01 (6.7380e-01)	Loss Pred 4.8410e-01 (4.5448e-01)	Loss TOTAL 8.6696e-01 (8.4324e-01)
Epoch: [29][ 50/154]	L_Src_Sup 1.3582e-01 (2.0219e-01)	L_Trg_Inj 2.9996e-01 (2.8975e-01)	Loss Disc 6.7545e-01 (6.7356e-01)	Loss Pred 4.4623e-01 (4.5570e-01)	Loss TOTAL 8.2753e-01 (8.4444e-01)
Epoch: [29][ 60/154]	L_Src_Sup 3.5609e-01 (2.0085e-01)	L_Trg_Inj 2.6488e-01 (2.8988e-01)	Loss Disc 6.7657e-01 (6.7366e-01)	Loss Pred 4.4602e-01 (4.5568e-01)	Loss TOTAL 9.3761e-01 (8.4639e-01)
Epoch: [29][ 70/154]	L_Src_Sup 3.2717e-01 (2.0566e-01)	L_Trg_Inj 3.5091e-01 (2.9373e-01)	Loss Disc 6.7485e-01 (6.7378e-01)	Loss Pred 4.4614e-01 (4.5531e-01)	Loss TOTAL 8.5137e-01 (8.4881e-01)
Epoch: [29][ 80/154]	L_Src_Sup 2.0948e-01 (2.0493e-01)	L_Trg_Inj 3.7637e-01 (2.9394e-01)	Loss Disc 6.7479e-01 (6.7403e-01)	Loss Pred 4.5411e-01 (4.5500e-01)	Loss TOTAL 8.5008e-01 (8.4787e-01)
Epoch: [29][ 90/154]	L_Src_Sup 2.2934e-01 (2.0845e-01)	L_Trg_Inj 3.5582e-01 (2.9809e-01)	Loss Disc 6.7379e-01 (6.7390e-01)	Loss Pred 4.4583e-01 (4.5536e-01)	Loss TOTAL 8.4124e-01 (8.4913e-01)
Epoch: [29][100/154]	L_Src_Sup 2.2526e-01 (2.1216e-01)	L_Trg_Inj 3.2611e-01 (3.0271e-01)	Loss Disc 6.7371e-01 (6.7385e-01)	Loss Pred 4.5230e-01 (4.5510e-01)	Loss TOTAL 8.4429e-01 (8.4948e-01)
Epoch: [29][110/154]	L_Src_Sup 1.3492e-01 (2.1216e-01)	L_Trg_Inj 3.2323e-01 (3.0473e-01)	Loss Disc 6.7662e-01 (6.7373e-01)	Loss Pred 4.4059e-01 (4.5584e-01)	Loss TOTAL 8.2471e-01 (8.5052e-01)
Epoch: [29][120/154]	L_Src_Sup 2.1512e-01 (2.0919e-01)	L_Trg_Inj 3.3468e-01 (3.1053e-01)	Loss Disc 6.7823e-01 (6.7355e-01)	Loss Pred 4.2707e-01 (4.5613e-01)	Loss TOTAL 8.2116e-01 (8.5068e-01)
Epoch: [29][130/154]	L_Src_Sup 2.0532e-01 (2.1031e-01)	L_Trg_Inj 3.6102e-01 (3.1148e-01)	Loss Disc 6.7360e-01 (6.7369e-01)	Loss Pred 4.5208e-01 (4.5551e-01)	Loss TOTAL 8.4551e-01 (8.5043e-01)
Epoch: [29][140/154]	L_Src_Sup 2.0010e-01 (2.1110e-01)	L_Trg_Inj 3.2158e-01 (3.1381e-01)	Loss Disc 6.7743e-01 (6.7356e-01)	Loss Pred 4.3330e-01 (4.5605e-01)	Loss TOTAL 8.2418e-01 (8.5080e-01)
Epoch: [29][150/154]	L_Src_Sup 2.7317e-01 (2.1079e-01)	L_Trg_Inj 2.2564e-01 (3.1281e-01)	Loss Disc 6.6714e-01 (6.7341e-01)	Loss Pred 4.9666e-01 (4.5674e-01)	Loss TOTAL 9.2765e-01 (8.5124e-01)
Epoch: [29][154/154]	L_Src_Sup 1.7607e-01 (2.1060e-01)	L_Trg_Inj 3.1856e-01 (3.1316e-01)	Loss Disc 6.6996e-01 (6.7338e-01)	Loss Pred 4.7153e-01 (4.5679e-01)	Loss TOTAL 8.5597e-01 (8.5115e-01)
Epoch 29 complete. Saving model state...
Epoch: [30][ 10/154]	L_Src_Sup 2.5429e-01 (2.0373e-01)	L_Trg_Inj 2.9369e-01 (2.8241e-01)	Loss Disc 6.7524e-01 (6.7551e-01)	Loss Pred 4.4601e-01 (4.4859e-01)	Loss TOTAL 8.3842e-01 (8.3535e-01)
Epoch: [30][ 20/154]	L_Src_Sup 1.4885e-01 (1.9838e-01)	L_Trg_Inj 2.7112e-01 (2.7891e-01)	Loss Disc 6.7839e-01 (6.7437e-01)	Loss Pred 4.2747e-01 (4.5305e-01)	Loss TOTAL 8.0866e-01 (8.3964e-01)
Epoch: [30][ 30/154]	L_Src_Sup 1.2207e-01 (2.0077e-01)	L_Trg_Inj 3.3965e-01 (2.7839e-01)	Loss Disc 6.7156e-01 (6.7342e-01)	Loss Pred 4.6536e-01 (4.5924e-01)	Loss TOTAL 8.4731e-01 (8.4614e-01)
Epoch: [30][ 40/154]	L_Src_Sup 1.5129e-01 (2.0118e-01)	L_Trg_Inj 2.4560e-01 (2.8757e-01)	Loss Disc 6.7851e-01 (6.7343e-01)	Loss Pred 4.3957e-01 (4.5894e-01)	Loss TOTAL 8.1851e-01 (8.4624e-01)
Epoch: [30][ 50/154]	L_Src_Sup 2.3339e-01 (2.0417e-01)	L_Trg_Inj 3.4485e-01 (2.9426e-01)	Loss Disc 6.7523e-01 (6.7323e-01)	Loss Pred 4.3331e-01 (4.5852e-01)	Loss TOTAL 8.2875e-01 (8.4652e-01)
Epoch: [30][ 60/154]	L_Src_Sup 2.9836e-01 (2.0548e-01)	L_Trg_Inj 3.1615e-01 (2.9577e-01)	Loss Disc 6.7001e-01 (6.7334e-01)	Loss Pred 4.7144e-01 (4.5719e-01)	Loss TOTAL 8.6790e-01 (8.4624e-01)
Epoch: [30][ 70/154]	L_Src_Sup 1.9303e-01 (2.0317e-01)	L_Trg_Inj 2.1563e-01 (2.9469e-01)	Loss Disc 6.7374e-01 (6.7312e-01)	Loss Pred 4.7136e-01 (4.5885e-01)	Loss TOTAL 8.4909e-01 (8.4739e-01)
Epoch: [30][ 80/154]	L_Src_Sup 2.4028e-01 (2.0211e-01)	L_Trg_Inj 3.2306e-01 (2.9181e-01)	Loss Disc 6.7247e-01 (6.7350e-01)	Loss Pred 4.5266e-01 (4.5702e-01)	Loss TOTAL 8.4523e-01 (8.4552e-01)
Epoch: [30][ 90/154]	L_Src_Sup 1.8692e-01 (2.0386e-01)	L_Trg_Inj 2.8923e-01 (2.9304e-01)	Loss Disc 6.7634e-01 (6.7336e-01)	Loss Pred 4.4577e-01 (4.5784e-01)	Loss TOTAL 8.3155e-01 (8.4654e-01)
Epoch: [30][100/154]	L_Src_Sup 2.5615e-01 (2.0450e-01)	L_Trg_Inj 2.2357e-01 (2.9343e-01)	Loss Disc 6.8563e-01 (6.7343e-01)	Loss Pred 4.0145e-01 (4.5754e-01)	Loss TOTAL 8.2482e-01 (8.4648e-01)
Epoch: [30][110/154]	L_Src_Sup 1.9523e-01 (2.0510e-01)	L_Trg_Inj 3.1694e-01 (2.9327e-01)	Loss Disc 6.8026e-01 (6.7348e-01)	Loss Pred 4.1432e-01 (4.5731e-01)	Loss TOTAL 8.0567e-01 (8.4666e-01)
Epoch: [30][120/154]	L_Src_Sup 1.9676e-01 (2.0365e-01)	L_Trg_Inj 2.2587e-01 (2.9308e-01)	Loss Disc 6.7164e-01 (6.7358e-01)	Loss Pred 4.8414e-01 (4.5674e-01)	Loss TOTAL 8.6223e-01 (8.4574e-01)
Epoch: [30][130/154]	L_Src_Sup 2.5703e-01 (2.0586e-01)	L_Trg_Inj 2.1237e-01 (2.9030e-01)	Loss Disc 6.7946e-01 (6.7383e-01)	Loss Pred 4.4276e-01 (4.5682e-01)	Loss TOTAL 8.7408e-01 (8.4737e-01)
Epoch: [30][140/154]	L_Src_Sup 2.0807e-01 (2.0573e-01)	L_Trg_Inj 2.3110e-01 (2.9003e-01)	Loss Disc 6.7476e-01 (6.7384e-01)	Loss Pred 4.5864e-01 (4.5675e-01)	Loss TOTAL 8.3994e-01 (8.4698e-01)
Epoch: [30][150/154]	L_Src_Sup 1.8118e-01 (2.0517e-01)	L_Trg_Inj 2.2850e-01 (2.8716e-01)	Loss Disc 6.6867e-01 (6.7387e-01)	Loss Pred 4.9066e-01 (4.5650e-01)	Loss TOTAL 8.6596e-01 (8.4644e-01)
Epoch: [30][154/154]	L_Src_Sup 1.3806e-01 (2.0351e-01)	L_Trg_Inj 2.7237e-01 (2.8615e-01)	Loss Disc 6.7137e-01 (6.7384e-01)	Loss Pred 4.5858e-01 (4.5656e-01)	Loss TOTAL 8.3531e-01 (8.4612e-01)
Epoch 30 complete. Saving model state...
Epoch: [31][ 10/154]	L_Src_Sup 1.4289e-01 (1.6832e-01)	L_Trg_Inj 1.8695e-01 (2.3986e-01)	Loss Disc 6.7079e-01 (6.7285e-01)	Loss Pred 4.8421e-01 (4.6124e-01)	Loss TOTAL 8.5259e-01 (8.5125e-01)
Epoch: [31][ 20/154]	L_Src_Sup 2.7228e-01 (1.9277e-01)	L_Trg_Inj 2.9277e-01 (2.4421e-01)	Loss Disc 6.7407e-01 (6.7313e-01)	Loss Pred 4.4600e-01 (4.6028e-01)	Loss TOTAL 8.3953e-01 (8.5443e-01)
Epoch: [31][ 30/154]	L_Src_Sup 1.9652e-01 (1.9256e-01)	L_Trg_Inj 2.5792e-01 (2.5543e-01)	Loss Disc 6.6955e-01 (6.7334e-01)	Loss Pred 4.8420e-01 (4.5681e-01)	Loss TOTAL 8.6442e-01 (8.4906e-01)
Epoch: [31][ 40/154]	L_Src_Sup 1.9320e-01 (1.8718e-01)	L_Trg_Inj 2.7712e-01 (2.6261e-01)	Loss Disc 6.7709e-01 (6.7301e-01)	Loss Pred 4.3999e-01 (4.5888e-01)	Loss TOTAL 8.2557e-01 (8.4896e-01)
Epoch: [31][ 50/154]	L_Src_Sup 1.5265e-01 (1.8701e-01)	L_Trg_Inj 2.9610e-01 (2.6305e-01)	Loss Disc 6.7508e-01 (6.7351e-01)	Loss Pred 4.4609e-01 (4.5702e-01)	Loss TOTAL 8.2851e-01 (8.4597e-01)
Epoch: [31][ 60/154]	L_Src_Sup 3.1344e-01 (1.9332e-01)	L_Trg_Inj 2.9937e-01 (2.7525e-01)	Loss Disc 6.7295e-01 (6.7366e-01)	Loss Pred 4.6503e-01 (4.5519e-01)	Loss TOTAL 8.7685e-01 (8.4558e-01)
Epoch: [31][ 70/154]	L_Src_Sup 1.9000e-01 (1.9330e-01)	L_Trg_Inj 3.4816e-01 (2.8194e-01)	Loss Disc 6.7397e-01 (6.7379e-01)	Loss Pred 4.5235e-01 (4.5488e-01)	Loss TOTAL 8.4315e-01 (8.4510e-01)
Epoch: [31][ 80/154]	L_Src_Sup 2.0008e-01 (1.9197e-01)	L_Trg_Inj 3.4542e-01 (2.8775e-01)	Loss Disc 6.6545e-01 (6.7370e-01)	Loss Pred 4.9685e-01 (4.5553e-01)	Loss TOTAL 8.8413e-01 (8.4542e-01)
Epoch: [31][ 90/154]	L_Src_Sup 2.4782e-01 (1.9310e-01)	L_Trg_Inj 2.3509e-01 (2.8933e-01)	Loss Disc 6.7346e-01 (6.7367e-01)	Loss Pred 4.7167e-01 (4.5582e-01)	Loss TOTAL 8.6941e-01 (8.4560e-01)
Epoch: [31][100/154]	L_Src_Sup 2.5019e-01 (1.9263e-01)	L_Trg_Inj 2.1113e-01 (2.8955e-01)	Loss Disc 6.8069e-01 (6.7389e-01)	Loss Pred 4.3336e-01 (4.5485e-01)	Loss TOTAL 8.5890e-01 (8.4463e-01)
Epoch: [31][110/154]	L_Src_Sup 3.4249e-01 (1.9144e-01)	L_Trg_Inj 2.5483e-01 (2.9039e-01)	Loss Disc 6.6870e-01 (6.7376e-01)	Loss Pred 4.9049e-01 (4.5549e-01)	Loss TOTAL 9.7224e-01 (8.4555e-01)
Epoch: [31][120/154]	L_Src_Sup 2.4142e-01 (1.9348e-01)	L_Trg_Inj 2.4628e-01 (2.9224e-01)	Loss Disc 6.7469e-01 (6.7357e-01)	Loss Pred 4.5834e-01 (4.5633e-01)	Loss TOTAL 8.4445e-01 (8.4627e-01)
Epoch: [31][130/154]	L_Src_Sup 2.0607e-01 (1.9287e-01)	L_Trg_Inj 3.2062e-01 (2.8914e-01)	Loss Disc 6.7687e-01 (6.7369e-01)	Loss Pred 4.3331e-01 (4.5603e-01)	Loss TOTAL 8.2442e-01 (8.4586e-01)
Epoch: [31][140/154]	L_Src_Sup 2.6330e-01 (1.9364e-01)	L_Trg_Inj 2.7216e-01 (2.8967e-01)	Loss Disc 6.7065e-01 (6.7350e-01)	Loss Pred 4.7135e-01 (4.5686e-01)	Loss TOTAL 8.6022e-01 (8.4638e-01)
Epoch: [31][150/154]	L_Src_Sup 1.6970e-01 (1.9440e-01)	L_Trg_Inj 2.4279e-01 (2.8810e-01)	Loss Disc 6.7750e-01 (6.7365e-01)	Loss Pred 4.4592e-01 (4.5635e-01)	Loss TOTAL 8.2592e-01 (8.4574e-01)
Epoch: [31][154/154]	L_Src_Sup 1.7270e-01 (1.9507e-01)	L_Trg_Inj 2.3002e-01 (2.8816e-01)	Loss Disc 6.7589e-01 (6.7366e-01)	Loss Pred 4.5841e-01 (4.5633e-01)	Loss TOTAL 8.3662e-01 (8.4600e-01)
Epoch 31 complete. Saving model state...
Epoch: [32][ 10/154]	L_Src_Sup 2.7358e-01 (1.8337e-01)	L_Trg_Inj 2.5102e-01 (2.9093e-01)	Loss Disc 6.7579e-01 (6.7557e-01)	Loss Pred 4.5238e-01 (4.4734e-01)	Loss TOTAL 8.6530e-01 (8.3481e-01)
Epoch: [32][ 20/154]	L_Src_Sup 2.1078e-01 (1.8997e-01)	L_Trg_Inj 3.5828e-01 (2.9124e-01)	Loss Disc 6.6863e-01 (6.7519e-01)	Loss Pred 4.7175e-01 (4.4985e-01)	Loss TOTAL 8.6297e-01 (8.3848e-01)
Epoch: [32][ 30/154]	L_Src_Sup 2.0177e-01 (1.8424e-01)	L_Trg_Inj 2.4077e-01 (2.8903e-01)	Loss Disc 6.7813e-01 (6.7407e-01)	Loss Pred 4.3969e-01 (4.5597e-01)	Loss TOTAL 8.2301e-01 (8.4227e-01)
Epoch: [32][ 40/154]	L_Src_Sup 2.1343e-01 (1.9348e-01)	L_Trg_Inj 2.8048e-01 (2.8333e-01)	Loss Disc 6.7111e-01 (6.7474e-01)	Loss Pred 4.8703e-01 (4.5422e-01)	Loss TOTAL 8.7198e-01 (8.4580e-01)
Epoch: [32][ 50/154]	L_Src_Sup 3.0543e-01 (2.0857e-01)	L_Trg_Inj 3.9631e-01 (2.8923e-01)	Loss Disc 6.7316e-01 (6.7450e-01)	Loss Pred 4.4597e-01 (4.5459e-01)	Loss TOTAL 8.5272e-01 (8.4893e-01)
Epoch: [32][ 60/154]	L_Src_Sup 2.5016e-01 (2.0786e-01)	L_Trg_Inj 2.9658e-01 (2.9627e-01)	Loss Disc 6.6888e-01 (6.7412e-01)	Loss Pred 4.8407e-01 (4.5579e-01)	Loss TOTAL 8.7318e-01 (8.4935e-01)
Epoch: [32][ 70/154]	L_Src_Sup 1.2701e-01 (2.0383e-01)	L_Trg_Inj 3.5907e-01 (2.9500e-01)	Loss Disc 6.8279e-01 (6.7424e-01)	Loss Pred 3.9506e-01 (4.5501e-01)	Loss TOTAL 7.8506e-01 (8.4749e-01)
Epoch: [32][ 80/154]	L_Src_Sup 2.0358e-01 (2.0431e-01)	L_Trg_Inj 3.1977e-01 (2.9556e-01)	Loss Disc 6.7479e-01 (6.7422e-01)	Loss Pred 4.4568e-01 (4.5476e-01)	Loss TOTAL 8.3541e-01 (8.4757e-01)
Epoch: [32][ 90/154]	L_Src_Sup 2.3144e-01 (2.0285e-01)	L_Trg_Inj 3.1193e-01 (2.9962e-01)	Loss Disc 6.7675e-01 (6.7380e-01)	Loss Pred 4.2678e-01 (4.5589e-01)	Loss TOTAL 8.1949e-01 (8.4812e-01)
Epoch: [32][100/154]	L_Src_Sup 2.9572e-01 (2.0366e-01)	L_Trg_Inj 2.4392e-01 (2.9665e-01)	Loss Disc 6.7315e-01 (6.7381e-01)	Loss Pred 4.6494e-01 (4.5604e-01)	Loss TOTAL 9.0728e-01 (8.4895e-01)
Epoch: [32][110/154]	L_Src_Sup 2.4355e-01 (2.0555e-01)	L_Trg_Inj 2.8154e-01 (2.9627e-01)	Loss Disc 6.7179e-01 (6.7364e-01)	Loss Pred 4.6498e-01 (4.5679e-01)	Loss TOTAL 8.5339e-01 (8.4923e-01)
Epoch: [32][120/154]	L_Src_Sup 1.6541e-01 (2.0743e-01)	L_Trg_Inj 3.4066e-01 (2.9438e-01)	Loss Disc 6.7800e-01 (6.7374e-01)	Loss Pred 4.2666e-01 (4.5636e-01)	Loss TOTAL 8.1627e-01 (8.4890e-01)
Epoch: [32][130/154]	L_Src_Sup 2.8583e-01 (2.0550e-01)	L_Trg_Inj 2.5826e-01 (2.9462e-01)	Loss Disc 6.7777e-01 (6.7370e-01)	Loss Pred 4.3968e-01 (4.5663e-01)	Loss TOTAL 8.6054e-01 (8.4877e-01)
Epoch: [32][140/154]	L_Src_Sup 2.8815e-01 (2.0650e-01)	L_Trg_Inj 2.3362e-01 (2.9723e-01)	Loss Disc 6.7784e-01 (6.7358e-01)	Loss Pred 4.4563e-01 (4.5682e-01)	Loss TOTAL 8.9126e-01 (8.4927e-01)
Epoch: [32][150/154]	L_Src_Sup 1.1968e-01 (2.0648e-01)	L_Trg_Inj 3.4324e-01 (2.9940e-01)	Loss Disc 6.7327e-01 (6.7356e-01)	Loss Pred 4.5207e-01 (4.5668e-01)	Loss TOTAL 8.3500e-01 (8.4923e-01)
Epoch: [32][154/154]	L_Src_Sup 2.0173e-01 (2.0643e-01)	L_Trg_Inj 3.0723e-01 (3.0087e-01)	Loss Disc 6.7636e-01 (6.7347e-01)	Loss Pred 4.3946e-01 (4.5690e-01)	Loss TOTAL 8.2854e-01 (8.4941e-01)
Epoch 32 complete. Saving model state...
Epoch: [33][ 10/154]	L_Src_Sup 1.5399e-01 (1.8404e-01)	L_Trg_Inj 2.8979e-01 (3.1176e-01)	Loss Disc 6.7470e-01 (6.7429e-01)	Loss Pred 4.5235e-01 (4.4913e-01)	Loss TOTAL 8.3408e-01 (8.3636e-01)
Epoch: [33][ 20/154]	L_Src_Sup 2.4428e-01 (1.8955e-01)	L_Trg_Inj 2.8480e-01 (2.9724e-01)	Loss Disc 6.7268e-01 (6.7424e-01)	Loss Pred 4.6501e-01 (4.5198e-01)	Loss TOTAL 8.5426e-01 (8.3873e-01)
Epoch: [33][ 30/154]	L_Src_Sup 1.7559e-01 (1.9538e-01)	L_Trg_Inj 2.4788e-01 (2.9100e-01)	Loss Disc 6.7327e-01 (6.7401e-01)	Loss Pred 4.7103e-01 (4.5420e-01)	Loss TOTAL 8.5001e-01 (8.4336e-01)
Epoch: [33][ 40/154]	L_Src_Sup 1.0091e-01 (1.9530e-01)	L_Trg_Inj 2.8242e-01 (2.9519e-01)	Loss Disc 6.7707e-01 (6.7411e-01)	Loss Pred 4.3969e-01 (4.5356e-01)	Loss TOTAL 8.1656e-01 (8.4231e-01)
Epoch: [33][ 50/154]	L_Src_Sup 2.6946e-01 (2.0002e-01)	L_Trg_Inj 4.1851e-01 (2.9132e-01)	Loss Disc 6.7247e-01 (6.7432e-01)	Loss Pred 4.3979e-01 (4.5320e-01)	Loss TOTAL 8.4482e-01 (8.4239e-01)
Epoch: [33][ 60/154]	L_Src_Sup 1.5540e-01 (1.9919e-01)	L_Trg_Inj 2.4875e-01 (2.9398e-01)	Loss Disc 6.7519e-01 (6.7415e-01)	Loss Pred 4.5909e-01 (4.5390e-01)	Loss TOTAL 8.3710e-01 (8.4289e-01)
Epoch: [33][ 70/154]	L_Src_Sup 1.3576e-01 (2.0253e-01)	L_Trg_Inj 3.6613e-01 (2.9564e-01)	Loss Disc 6.7417e-01 (6.7418e-01)	Loss Pred 4.4608e-01 (4.5386e-01)	Loss TOTAL 8.3336e-01 (8.4398e-01)
Epoch: [33][ 80/154]	L_Src_Sup 1.3795e-01 (1.9917e-01)	L_Trg_Inj 4.0490e-01 (2.9942e-01)	Loss Disc 6.6994e-01 (6.7380e-01)	Loss Pred 4.5869e-01 (4.5564e-01)	Loss TOTAL 8.4795e-01 (8.4521e-01)
Epoch: [33][ 90/154]	L_Src_Sup 1.8669e-01 (1.9798e-01)	L_Trg_Inj 2.4704e-01 (2.9798e-01)	Loss Disc 6.7636e-01 (6.7375e-01)	Loss Pred 4.4600e-01 (4.5590e-01)	Loss TOTAL 8.2756e-01 (8.4488e-01)
Epoch: [33][100/154]	L_Src_Sup 1.7281e-01 (1.9976e-01)	L_Trg_Inj 2.6960e-01 (2.9701e-01)	Loss Disc 6.7496e-01 (6.7385e-01)	Loss Pred 4.5343e-01 (4.5534e-01)	Loss TOTAL 8.3515e-01 (8.4482e-01)
Epoch: [33][110/154]	L_Src_Sup 2.2076e-01 (2.0053e-01)	L_Trg_Inj 2.7371e-01 (2.9649e-01)	Loss Disc 6.7627e-01 (6.7372e-01)	Loss Pred 4.4587e-01 (4.5582e-01)	Loss TOTAL 8.3345e-01 (8.4520e-01)
Epoch: [33][120/154]	L_Src_Sup 2.7624e-01 (2.0254e-01)	L_Trg_Inj 4.2854e-01 (3.0045e-01)	Loss Disc 6.6922e-01 (6.7356e-01)	Loss Pred 4.5872e-01 (4.5610e-01)	Loss TOTAL 8.6381e-01 (8.4649e-01)
Epoch: [33][130/154]	L_Src_Sup 2.3548e-01 (2.0039e-01)	L_Trg_Inj 2.6546e-01 (3.0112e-01)	Loss Disc 6.7835e-01 (6.7357e-01)	Loss Pred 4.3958e-01 (4.5615e-01)	Loss TOTAL 8.2884e-01 (8.4637e-01)
Epoch: [33][140/154]	L_Src_Sup 2.4358e-01 (2.0099e-01)	L_Trg_Inj 3.2306e-01 (3.0075e-01)	Loss Disc 6.7117e-01 (6.7358e-01)	Loss Pred 4.6495e-01 (4.5628e-01)	Loss TOTAL 8.5720e-01 (8.4629e-01)
Epoch: [33][150/154]	L_Src_Sup 1.3563e-01 (2.0101e-01)	L_Trg_Inj 2.1832e-01 (2.9812e-01)	Loss Disc 6.7828e-01 (6.7351e-01)	Loss Pred 4.4596e-01 (4.5707e-01)	Loss TOTAL 8.2050e-01 (8.4701e-01)
Epoch: [33][154/154]	L_Src_Sup 3.0274e-01 (2.0159e-01)	L_Trg_Inj 3.1652e-01 (2.9906e-01)	Loss Disc 6.7788e-01 (6.7360e-01)	Loss Pred 4.4583e-01 (4.5662e-01)	Loss TOTAL 8.4670e-01 (8.4666e-01)
Epoch 33 complete. Saving model state...
Epoch: [34][ 10/154]	L_Src_Sup 1.7393e-01 (2.0748e-01)	L_Trg_Inj 2.8679e-01 (2.8930e-01)	Loss Disc 6.7317e-01 (6.7456e-01)	Loss Pred 4.6492e-01 (4.5741e-01)	Loss TOTAL 8.4758e-01 (8.4753e-01)
Epoch: [34][ 20/154]	L_Src_Sup 2.0067e-01 (1.9880e-01)	L_Trg_Inj 3.3948e-01 (2.8240e-01)	Loss Disc 6.7189e-01 (6.7505e-01)	Loss Pred 4.6591e-01 (4.5690e-01)	Loss TOTAL 8.5587e-01 (8.4527e-01)
Epoch: [34][ 30/154]	L_Src_Sup 1.4436e-01 (1.9732e-01)	L_Trg_Inj 2.3491e-01 (2.8931e-01)	Loss Disc 6.6872e-01 (6.7419e-01)	Loss Pred 4.9051e-01 (4.5728e-01)	Loss TOTAL 8.6279e-01 (8.4486e-01)
Epoch: [34][ 40/154]	L_Src_Sup 2.4414e-01 (2.1426e-01)	L_Trg_Inj 3.3425e-01 (2.9385e-01)	Loss Disc 6.6772e-01 (6.7349e-01)	Loss Pred 4.9094e-01 (4.6012e-01)	Loss TOTAL 8.8264e-01 (8.5210e-01)
Epoch: [34][ 50/154]	L_Src_Sup 2.0368e-01 (2.1421e-01)	L_Trg_Inj 2.5527e-01 (2.9677e-01)	Loss Disc 6.7585e-01 (6.7358e-01)	Loss Pred 4.4600e-01 (4.5827e-01)	Loss TOTAL 8.2981e-01 (8.4970e-01)
Epoch: [34][ 60/154]	L_Src_Sup 2.3838e-01 (2.0936e-01)	L_Trg_Inj 2.2410e-01 (2.8637e-01)	Loss Disc 6.7666e-01 (6.7331e-01)	Loss Pred 4.4599e-01 (4.5981e-01)	Loss TOTAL 8.4484e-01 (8.4953e-01)
Epoch: [34][ 70/154]	L_Src_Sup 1.8824e-01 (2.0577e-01)	L_Trg_Inj 1.8666e-01 (2.8616e-01)	Loss Disc 6.7701e-01 (6.7298e-01)	Loss Pred 4.5218e-01 (4.6100e-01)	Loss TOTAL 8.2976e-01 (8.4970e-01)
Epoch: [34][ 80/154]	L_Src_Sup 1.5793e-01 (2.0352e-01)	L_Trg_Inj 3.4587e-01 (2.9051e-01)	Loss Disc 6.6859e-01 (6.7274e-01)	Loss Pred 4.7129e-01 (4.6150e-01)	Loss TOTAL 8.5596e-01 (8.5015e-01)
Epoch: [34][ 90/154]	L_Src_Sup 1.3801e-01 (2.0324e-01)	L_Trg_Inj 2.9201e-01 (2.9106e-01)	Loss Disc 6.7383e-01 (6.7294e-01)	Loss Pred 4.5864e-01 (4.6083e-01)	Loss TOTAL 8.3856e-01 (8.4969e-01)
Epoch: [34][100/154]	L_Src_Sup 1.5697e-01 (2.0103e-01)	L_Trg_Inj 3.4641e-01 (2.9226e-01)	Loss Disc 6.7088e-01 (6.7299e-01)	Loss Pred 4.6503e-01 (4.6049e-01)	Loss TOTAL 8.5081e-01 (8.4927e-01)
Epoch: [34][110/154]	L_Src_Sup 2.2237e-01 (2.0199e-01)	L_Trg_Inj 2.2610e-01 (2.9389e-01)	Loss Disc 6.7683e-01 (6.7310e-01)	Loss Pred 4.5223e-01 (4.5957e-01)	Loss TOTAL 8.3549e-01 (8.4839e-01)
Epoch: [34][120/154]	L_Src_Sup 2.4292e-01 (2.0059e-01)	L_Trg_Inj 3.0632e-01 (2.9208e-01)	Loss Disc 6.7168e-01 (6.7323e-01)	Loss Pred 4.5853e-01 (4.5891e-01)	Loss TOTAL 8.4930e-01 (8.4772e-01)
Epoch: [34][130/154]	L_Src_Sup 1.1775e-01 (1.9982e-01)	L_Trg_Inj 2.3938e-01 (2.8874e-01)	Loss Disc 6.7826e-01 (6.7337e-01)	Loss Pred 4.3993e-01 (4.5831e-01)	Loss TOTAL 8.1477e-01 (8.4716e-01)
Epoch: [34][140/154]	L_Src_Sup 1.4038e-01 (2.0112e-01)	L_Trg_Inj 4.1647e-01 (2.9225e-01)	Loss Disc 6.6796e-01 (6.7352e-01)	Loss Pred 4.7130e-01 (4.5734e-01)	Loss TOTAL 8.6097e-01 (8.4673e-01)
Epoch: [34][150/154]	L_Src_Sup 2.9315e-01 (2.0273e-01)	L_Trg_Inj 2.9855e-01 (2.9583e-01)	Loss Disc 6.7482e-01 (6.7361e-01)	Loss Pred 4.5872e-01 (4.5653e-01)	Loss TOTAL 8.5530e-01 (8.4664e-01)
Epoch: [34][154/154]	L_Src_Sup 1.9485e-01 (2.0405e-01)	L_Trg_Inj 3.8256e-01 (2.9669e-01)	Loss Disc 6.6893e-01 (6.7361e-01)	Loss Pred 4.7769e-01 (4.5663e-01)	Loss TOTAL 8.6990e-01 (8.4724e-01)
Epoch 34 complete. Saving model state...
Epoch: [35][ 10/154]	L_Src_Sup 1.8492e-01 (1.8586e-01)	L_Trg_Inj 2.9869e-01 (3.5222e-01)	Loss Disc 6.7797e-01 (6.7246e-01)	Loss Pred 4.3966e-01 (4.6240e-01)	Loss TOTAL 8.2700e-01 (8.5244e-01)
Epoch: [35][ 20/154]	L_Src_Sup 1.2627e-01 (1.8787e-01)	L_Trg_Inj 3.6922e-01 (3.4098e-01)	Loss Disc 6.6654e-01 (6.7284e-01)	Loss Pred 4.9024e-01 (4.6084e-01)	Loss TOTAL 8.7306e-01 (8.5128e-01)
Epoch: [35][ 30/154]	L_Src_Sup 2.5466e-01 (1.9789e-01)	L_Trg_Inj 2.7168e-01 (3.2957e-01)	Loss Disc 6.7734e-01 (6.7373e-01)	Loss Pred 4.4585e-01 (4.5736e-01)	Loss TOTAL 8.3715e-01 (8.4773e-01)
Epoch: [35][ 40/154]	L_Src_Sup 2.4208e-01 (2.0375e-01)	L_Trg_Inj 3.8876e-01 (3.2398e-01)	Loss Disc 6.7115e-01 (6.7337e-01)	Loss Pred 4.5384e-01 (4.6018e-01)	Loss TOTAL 8.5250e-01 (8.5285e-01)
Epoch: [35][ 50/154]	L_Src_Sup 1.1871e-01 (2.0351e-01)	L_Trg_Inj 2.6733e-01 (3.1751e-01)	Loss Disc 6.7663e-01 (6.7307e-01)	Loss Pred 4.4594e-01 (4.6116e-01)	Loss TOTAL 8.2286e-01 (8.5317e-01)
Epoch: [35][ 60/154]	L_Src_Sup 2.5871e-01 (2.0065e-01)	L_Trg_Inj 2.8838e-01 (3.1617e-01)	Loss Disc 6.7325e-01 (6.7299e-01)	Loss Pred 4.5862e-01 (4.6114e-01)	Loss TOTAL 8.4995e-01 (8.5213e-01)
Epoch: [35][ 70/154]	L_Src_Sup 1.9473e-01 (1.9690e-01)	L_Trg_Inj 2.0124e-01 (3.1185e-01)	Loss Disc 6.7336e-01 (6.7318e-01)	Loss Pred 4.7772e-01 (4.5987e-01)	Loss TOTAL 8.5399e-01 (8.5015e-01)
Epoch: [35][ 80/154]	L_Src_Sup 2.1626e-01 (1.9546e-01)	L_Trg_Inj 2.3537e-01 (3.0555e-01)	Loss Disc 6.6909e-01 (6.7337e-01)	Loss Pred 4.9048e-01 (4.5901e-01)	Loss TOTAL 8.7019e-01 (8.4884e-01)
Epoch: [35][ 90/154]	L_Src_Sup 2.6906e-01 (1.9771e-01)	L_Trg_Inj 2.5848e-01 (3.0051e-01)	Loss Disc 6.7785e-01 (6.7363e-01)	Loss Pred 4.3947e-01 (4.5769e-01)	Loss TOTAL 8.4173e-01 (8.4857e-01)
Epoch: [35][100/154]	L_Src_Sup 1.2391e-01 (1.9885e-01)	L_Trg_Inj 3.2660e-01 (3.0419e-01)	Loss Disc 6.6893e-01 (6.7356e-01)	Loss Pred 4.7777e-01 (4.5741e-01)	Loss TOTAL 8.5729e-01 (8.4831e-01)
Epoch: [35][110/154]	L_Src_Sup 1.4162e-01 (1.9868e-01)	L_Trg_Inj 3.2802e-01 (3.0526e-01)	Loss Disc 6.6891e-01 (6.7345e-01)	Loss Pred 4.7761e-01 (4.5786e-01)	Loss TOTAL 8.5903e-01 (8.4894e-01)
Epoch: [35][120/154]	L_Src_Sup 2.3580e-01 (1.9925e-01)	L_Trg_Inj 3.3266e-01 (3.0419e-01)	Loss Disc 6.7654e-01 (6.7348e-01)	Loss Pred 4.3959e-01 (4.5803e-01)	Loss TOTAL 8.3470e-01 (8.4966e-01)
Epoch: [35][130/154]	L_Src_Sup 6.8072e-02 (1.9810e-01)	L_Trg_Inj 2.7244e-01 (3.0446e-01)	Loss Disc 6.7734e-01 (6.7362e-01)	Loss Pred 4.4597e-01 (4.5739e-01)	Loss TOTAL 8.1869e-01 (8.4872e-01)
Epoch: [35][140/154]	L_Src_Sup 1.9713e-01 (1.9686e-01)	L_Trg_Inj 3.1091e-01 (3.0346e-01)	Loss Disc 6.8099e-01 (6.7364e-01)	Loss Pred 4.2077e-01 (4.5771e-01)	Loss TOTAL 8.1206e-01 (8.4859e-01)
Epoch: [35][150/154]	L_Src_Sup 2.6936e-01 (1.9576e-01)	L_Trg_Inj 3.4325e-02 (2.9815e-01)	Loss Disc 6.8865e-01 (6.7422e-01)	Loss Pred 4.3995e-01 (4.5651e-01)	Loss TOTAL 1.0497e+00 (8.5043e-01)
Epoch: [35][154/154]	L_Src_Sup 7.9794e-01 (2.0152e-01)	L_Trg_Inj 7.7428e-01 (2.9986e-01)	Loss Disc 6.9064e-01 (6.7466e-01)	Loss Pred 4.5319e-01 (4.5663e-01)	Loss TOTAL 9.7939e-01 (8.5271e-01)
Epoch 35 complete. Saving model state...
Epoch: [36][ 10/154]	L_Src_Sup 3.4178e-01 (5.8696e-01)	L_Trg_Inj 2.4492e-01 (5.6561e-01)	Loss Disc 6.8951e-01 (6.9052e-01)	Loss Pred 4.5215e-01 (4.5646e-01)	Loss TOTAL 9.5244e-01 (9.7482e-01)
Epoch: [36][ 20/154]	L_Src_Sup 3.7680e-01 (4.3529e-01)	L_Trg_Inj 4.6747e-01 (4.1467e-01)	Loss Disc 6.8683e-01 (6.9001e-01)	Loss Pred 4.4602e-01 (4.5392e-01)	Loss TOTAL 8.7386e-01 (9.3598e-01)
Epoch: [36][ 30/154]	L_Src_Sup 1.0918e-01 (3.6398e-01)	L_Trg_Inj 9.3730e-02 (3.4980e-01)	Loss Disc 6.8849e-01 (6.8965e-01)	Loss Pred 4.1432e-01 (4.5282e-01)	Loss TOTAL 7.9430e-01 (9.1357e-01)
Epoch: [36][ 40/154]	L_Src_Sup 4.9807e-01 (3.5878e-01)	L_Trg_Inj 5.5629e-01 (3.6244e-01)	Loss Disc 6.9054e-01 (6.8973e-01)	Loss Pred 4.5857e-01 (4.5288e-01)	Loss TOTAL 9.0928e-01 (9.0897e-01)
Epoch: [36][ 50/154]	L_Src_Sup 1.5199e-01 (3.3967e-01)	L_Trg_Inj 2.9589e-01 (3.5188e-01)	Loss Disc 6.9068e-01 (6.8973e-01)	Loss Pred 4.9699e-01 (4.5483e-01)	Loss TOTAL 8.8712e-01 (9.0436e-01)
Epoch: [36][ 60/154]	L_Src_Sup 2.2074e-01 (3.2445e-01)	L_Trg_Inj 3.6107e-01 (3.3186e-01)	Loss Disc 6.8753e-01 (6.8953e-01)	Loss Pred 4.7149e-01 (4.5579e-01)	Loss TOTAL 8.7344e-01 (9.0497e-01)
Epoch: [36][ 70/154]	L_Src_Sup 1.9572e-01 (3.1255e-01)	L_Trg_Inj 3.1370e-01 (3.2617e-01)	Loss Disc 6.8717e-01 (6.8951e-01)	Loss Pred 4.7789e-01 (4.5649e-01)	Loss TOTAL 8.7242e-01 (9.0076e-01)
Epoch: [36][ 80/154]	L_Src_Sup 1.2233e-01 (2.9924e-01)	L_Trg_Inj 1.4341e-01 (3.1306e-01)	Loss Disc 6.9313e-01 (6.8965e-01)	Loss Pred 4.7768e-01 (4.5694e-01)	Loss TOTAL 8.5082e-01 (8.9767e-01)
Epoch: [36][ 90/154]	L_Src_Sup 2.7949e-01 (2.9297e-01)	L_Trg_Inj 4.2965e-01 (3.0585e-01)	Loss Disc 6.8608e-01 (6.8951e-01)	Loss Pred 4.3951e-01 (4.5615e-01)	Loss TOTAL 8.5347e-01 (8.9435e-01)
Epoch: [36][100/154]	L_Src_Sup 2.3295e-01 (2.8831e-01)	L_Trg_Inj 2.8296e-01 (3.0159e-01)	Loss Disc 6.9036e-01 (6.8953e-01)	Loss Pred 4.7158e-01 (4.5597e-01)	Loss TOTAL 8.6835e-01 (8.9231e-01)
Epoch: [36][110/154]	L_Src_Sup 1.4247e-01 (2.8125e-01)	L_Trg_Inj 3.3729e-01 (2.9860e-01)	Loss Disc 6.8881e-01 (6.8966e-01)	Loss Pred 4.7136e-01 (4.5661e-01)	Loss TOTAL 8.6375e-01 (8.9095e-01)
Epoch: [36][120/154]	L_Src_Sup 3.0593e-01 (2.7675e-01)	L_Trg_Inj 2.3058e-01 (2.9558e-01)	Loss Disc 6.8988e-01 (6.8966e-01)	Loss Pred 4.6506e-01 (4.5737e-01)	Loss TOTAL 9.3900e-01 (8.8943e-01)
Epoch: [36][130/154]	L_Src_Sup 2.8123e-01 (2.7519e-01)	L_Trg_Inj 3.4865e-01 (2.9704e-01)	Loss Disc 6.9174e-01 (6.8974e-01)	Loss Pred 4.5922e-01 (4.5755e-01)	Loss TOTAL 8.6808e-01 (8.8852e-01)
Epoch: [36][140/154]	L_Src_Sup 3.1167e-01 (2.7315e-01)	L_Trg_Inj 3.8860e-01 (2.9846e-01)	Loss Disc 6.9084e-01 (6.8971e-01)	Loss Pred 4.5865e-01 (4.5736e-01)	Loss TOTAL 8.7410e-01 (8.8648e-01)
Epoch: [36][150/154]	L_Src_Sup 1.9511e-01 (2.7242e-01)	L_Trg_Inj 2.6662e-01 (3.0115e-01)	Loss Disc 6.9016e-01 (6.8969e-01)	Loss Pred 4.3347e-01 (4.5762e-01)	Loss TOTAL 8.2472e-01 (8.8546e-01)
Epoch: [36][154/154]	L_Src_Sup 3.1042e-01 (2.7167e-01)	L_Trg_Inj 3.4748e-01 (3.0178e-01)	Loss Disc 6.8941e-01 (6.8966e-01)	Loss Pred 4.2092e-01 (4.5708e-01)	Loss TOTAL 8.3142e-01 (8.8471e-01)
Epoch 36 complete. Saving model state...
Epoch: [37][ 10/154]	L_Src_Sup 2.3921e-01 (2.5095e-01)	L_Trg_Inj 4.4255e-01 (3.0174e-01)	Loss Disc 6.8843e-01 (6.8880e-01)	Loss Pred 4.5224e-01 (4.4867e-01)	Loss TOTAL 8.6463e-01 (8.5535e-01)
Epoch: [37][ 20/154]	L_Src_Sup 1.8054e-01 (2.5302e-01)	L_Trg_Inj 1.9226e-01 (2.9989e-01)	Loss Disc 6.8742e-01 (6.8879e-01)	Loss Pred 4.4618e-01 (4.4870e-01)	Loss TOTAL 8.2717e-01 (8.5784e-01)
Epoch: [37][ 30/154]	L_Src_Sup 2.4670e-01 (2.4109e-01)	L_Trg_Inj 3.5543e-01 (2.8231e-01)	Loss Disc 6.8569e-01 (6.8878e-01)	Loss Pred 4.3959e-01 (4.5136e-01)	Loss TOTAL 8.4265e-01 (8.5983e-01)
Epoch: [37][ 40/154]	L_Src_Sup 2.3560e-01 (2.3106e-01)	L_Trg_Inj 1.4896e-01 (2.7841e-01)	Loss Disc 6.9212e-01 (6.8901e-01)	Loss Pred 4.4614e-01 (4.5320e-01)	Loss TOTAL 9.1729e-01 (8.6036e-01)
Epoch: [37][ 50/154]	L_Src_Sup 1.4662e-01 (2.2405e-01)	L_Trg_Inj 3.0973e-01 (2.7501e-01)	Loss Disc 6.8740e-01 (6.8911e-01)	Loss Pred 4.3966e-01 (4.5519e-01)	Loss TOTAL 8.2899e-01 (8.6037e-01)
Epoch: [37][ 60/154]	L_Src_Sup 1.6968e-01 (2.2027e-01)	L_Trg_Inj 3.7828e-01 (2.7376e-01)	Loss Disc 6.8772e-01 (6.8932e-01)	Loss Pred 4.5223e-01 (4.5630e-01)	Loss TOTAL 8.5089e-01 (8.6184e-01)
Epoch: [37][ 70/154]	L_Src_Sup 1.7230e-01 (2.2306e-01)	L_Trg_Inj 2.5046e-01 (2.8119e-01)	Loss Disc 6.8941e-01 (6.8933e-01)	Loss Pred 4.6548e-01 (4.5593e-01)	Loss TOTAL 8.5246e-01 (8.6347e-01)
Epoch: [37][ 80/154]	L_Src_Sup 2.3288e-01 (2.2341e-01)	L_Trg_Inj 3.1472e-01 (2.8886e-01)	Loss Disc 6.8807e-01 (6.8931e-01)	Loss Pred 4.9029e-01 (4.5762e-01)	Loss TOTAL 8.8909e-01 (8.6509e-01)
Epoch: [37][ 90/154]	L_Src_Sup 2.5396e-01 (2.2676e-01)	L_Trg_Inj 5.0989e-01 (2.9172e-01)	Loss Disc 6.8825e-01 (6.8934e-01)	Loss Pred 4.2086e-01 (4.5880e-01)	Loss TOTAL 8.4137e-01 (8.6818e-01)
Epoch: [37][100/154]	L_Src_Sup 1.2314e-01 (2.3186e-01)	L_Trg_Inj 2.7836e-01 (2.9753e-01)	Loss Disc 6.9241e-01 (6.8951e-01)	Loss Pred 4.7177e-01 (4.5902e-01)	Loss TOTAL 8.5813e-01 (8.6947e-01)
Epoch: [37][110/154]	L_Src_Sup 1.5766e-01 (2.3058e-01)	L_Trg_Inj 2.3665e-01 (2.9669e-01)	Loss Disc 6.8911e-01 (6.8951e-01)	Loss Pred 4.5856e-01 (4.5931e-01)	Loss TOTAL 8.4255e-01 (8.6861e-01)
Epoch: [37][120/154]	L_Src_Sup 3.4599e-01 (2.2960e-01)	L_Trg_Inj 3.5725e-01 (2.9466e-01)	Loss Disc 6.8742e-01 (6.8946e-01)	Loss Pred 4.5873e-01 (4.5874e-01)	Loss TOTAL 8.7276e-01 (8.6720e-01)
Epoch: [37][130/154]	L_Src_Sup 2.1265e-01 (2.2654e-01)	L_Trg_Inj 3.8242e-01 (2.9430e-01)	Loss Disc 6.8847e-01 (6.8944e-01)	Loss Pred 4.3311e-01 (4.5820e-01)	Loss TOTAL 8.3685e-01 (8.6587e-01)
Epoch: [37][140/154]	L_Src_Sup 1.8850e-01 (2.2221e-01)	L_Trg_Inj 1.3674e-01 (2.9290e-01)	Loss Disc 6.9173e-01 (6.8942e-01)	Loss Pred 4.5216e-01 (4.5766e-01)	Loss TOTAL 8.8231e-01 (8.6433e-01)
Epoch: [37][150/154]	L_Src_Sup 1.8148e-01 (2.2057e-01)	L_Trg_Inj 2.6141e-01 (2.8766e-01)	Loss Disc 6.8710e-01 (6.8946e-01)	Loss Pred 4.5262e-01 (4.5714e-01)	Loss TOTAL 8.4046e-01 (8.6321e-01)
Epoch: [37][154/154]	L_Src_Sup 2.3888e-01 (2.2118e-01)	L_Trg_Inj 2.5377e-01 (2.8877e-01)	Loss Disc 6.9018e-01 (6.8943e-01)	Loss Pred 4.3944e-01 (4.5697e-01)	Loss TOTAL 8.3380e-01 (8.6293e-01)
Epoch 37 complete. Saving model state...
Epoch: [38][ 10/154]	L_Src_Sup 1.1350e-01 (1.9145e-01)	L_Trg_Inj 3.8634e-01 (3.1923e-01)	Loss Disc 6.8652e-01 (6.8818e-01)	Loss Pred 4.2046e-01 (4.4345e-01)	Loss TOTAL 8.1370e-01 (8.4027e-01)
Epoch: [38][ 20/154]	L_Src_Sup 2.7109e-01 (2.0929e-01)	L_Trg_Inj 3.1377e-01 (3.0921e-01)	Loss Disc 6.9139e-01 (6.8860e-01)	Loss Pred 4.4587e-01 (4.4977e-01)	Loss TOTAL 8.5005e-01 (8.5402e-01)
Epoch: [38][ 30/154]	L_Src_Sup 1.8261e-01 (2.1167e-01)	L_Trg_Inj 2.2172e-01 (3.0521e-01)	Loss Disc 6.9099e-01 (6.8876e-01)	Loss Pred 4.3320e-01 (4.4936e-01)	Loss TOTAL 8.1913e-01 (8.5398e-01)
Epoch: [38][ 40/154]	L_Src_Sup 2.0370e-01 (2.0872e-01)	L_Trg_Inj 2.0321e-01 (2.9394e-01)	Loss Disc 6.9067e-01 (6.8902e-01)	Loss Pred 4.4594e-01 (4.5011e-01)	Loss TOTAL 8.3246e-01 (8.5267e-01)
Epoch: [38][ 50/154]	L_Src_Sup 2.1762e-01 (2.1154e-01)	L_Trg_Inj 1.8425e-01 (2.9742e-01)	Loss Disc 6.9411e-01 (6.8910e-01)	Loss Pred 4.5241e-01 (4.4979e-01)	Loss TOTAL 8.7302e-01 (8.5249e-01)
Epoch: [38][ 60/154]	L_Src_Sup 1.9543e-01 (2.1515e-01)	L_Trg_Inj 2.2848e-01 (2.9990e-01)	Loss Disc 6.9037e-01 (6.8913e-01)	Loss Pred 4.6501e-01 (4.5032e-01)	Loss TOTAL 8.5259e-01 (8.5274e-01)
Epoch: [38][ 70/154]	L_Src_Sup 2.2283e-01 (2.1621e-01)	L_Trg_Inj 3.0007e-01 (2.9651e-01)	Loss Disc 6.8859e-01 (6.8926e-01)	Loss Pred 4.5298e-01 (4.5175e-01)	Loss TOTAL 8.4956e-01 (8.5495e-01)
Epoch: [38][ 80/154]	L_Src_Sup 2.5127e-01 (2.1512e-01)	L_Trg_Inj 2.4202e-01 (2.9665e-01)	Loss Disc 6.9074e-01 (6.8926e-01)	Loss Pred 4.7134e-01 (4.5407e-01)	Loss TOTAL 8.7528e-01 (8.5637e-01)
Epoch: [38][ 90/154]	L_Src_Sup 1.7106e-01 (2.1492e-01)	L_Trg_Inj 2.3705e-01 (2.9262e-01)	Loss Disc 6.9129e-01 (6.8927e-01)	Loss Pred 4.5226e-01 (4.5434e-01)	Loss TOTAL 8.3871e-01 (8.5673e-01)
Epoch: [38][100/154]	L_Src_Sup 1.7405e-01 (2.1273e-01)	L_Trg_Inj 3.4072e-01 (2.8793e-01)	Loss Disc 6.8852e-01 (6.8932e-01)	Loss Pred 4.5857e-01 (4.5446e-01)	Loss TOTAL 8.5431e-01 (8.5602e-01)
Epoch: [38][110/154]	L_Src_Sup 2.3011e-01 (2.1179e-01)	L_Trg_Inj 2.9761e-01 (2.8497e-01)	Loss Disc 6.8948e-01 (6.8937e-01)	Loss Pred 4.7761e-01 (4.5536e-01)	Loss TOTAL 8.7512e-01 (8.5693e-01)
Epoch: [38][120/154]	L_Src_Sup 2.3754e-01 (2.1240e-01)	L_Trg_Inj 3.4087e-01 (2.8738e-01)	Loss Disc 6.8753e-01 (6.8930e-01)	Loss Pred 4.4576e-01 (4.5550e-01)	Loss TOTAL 8.4736e-01 (8.5723e-01)
Epoch: [38][130/154]	L_Src_Sup 3.2569e-01 (2.1342e-01)	L_Trg_Inj 1.9459e-01 (2.8715e-01)	Loss Disc 6.9182e-01 (6.8929e-01)	Loss Pred 4.6478e-01 (4.5639e-01)	Loss TOTAL 9.9383e-01 (8.5915e-01)
Epoch: [38][140/154]	L_Src_Sup 2.2667e-01 (2.1578e-01)	L_Trg_Inj 2.5150e-01 (2.8620e-01)	Loss Disc 6.8883e-01 (6.8934e-01)	Loss Pred 4.5244e-01 (4.5662e-01)	Loss TOTAL 8.4467e-01 (8.6057e-01)
Epoch: [38][150/154]	L_Src_Sup 1.0286e-01 (2.1667e-01)	L_Trg_Inj 2.7317e-01 (2.8560e-01)	Loss Disc 6.8931e-01 (6.8940e-01)	Loss Pred 4.3974e-01 (4.5689e-01)	Loss TOTAL 8.2199e-01 (8.6182e-01)
Epoch: [38][154/154]	L_Src_Sup 9.8467e-02 (2.1612e-01)	L_Trg_Inj 3.9761e-01 (2.8618e-01)	Loss Disc 6.8683e-01 (6.8942e-01)	Loss Pred 4.2064e-01 (4.5685e-01)	Loss TOTAL 8.1366e-01 (8.6154e-01)
Epoch 38 complete. Saving model state...
Epoch: [39][ 10/154]	L_Src_Sup 2.6554e-01 (2.1943e-01)	L_Trg_Inj 2.7005e-01 (2.7111e-01)	Loss Disc 6.9125e-01 (6.9000e-01)	Loss Pred 4.7799e-01 (4.5057e-01)	Loss TOTAL 8.7718e-01 (8.4688e-01)
Epoch: [39][ 20/154]	L_Src_Sup 2.3962e-01 (2.0203e-01)	L_Trg_Inj 3.4300e-01 (2.9416e-01)	Loss Disc 6.8963e-01 (6.8918e-01)	Loss Pred 4.5244e-01 (4.5212e-01)	Loss TOTAL 8.5552e-01 (8.4825e-01)
Epoch: [39][ 30/154]	L_Src_Sup 1.7396e-01 (2.0144e-01)	L_Trg_Inj 3.4195e-01 (2.9113e-01)	Loss Disc 6.8601e-01 (6.8858e-01)	Loss Pred 4.6541e-01 (4.5393e-01)	Loss TOTAL 8.6001e-01 (8.5351e-01)
Epoch: [39][ 40/154]	L_Src_Sup 1.9657e-01 (2.0714e-01)	L_Trg_Inj 3.4527e-01 (2.7976e-01)	Loss Disc 6.9147e-01 (6.8916e-01)	Loss Pred 4.5210e-01 (4.5653e-01)	Loss TOTAL 8.5201e-01 (8.6085e-01)
Epoch: [39][ 50/154]	L_Src_Sup 1.7036e-01 (2.0178e-01)	L_Trg_Inj 7.7540e-02 (2.8418e-01)	Loss Disc 6.9354e-01 (6.8914e-01)	Loss Pred 4.4607e-01 (4.5406e-01)	Loss TOTAL 9.1046e-01 (8.5792e-01)
Epoch: [39][ 60/154]	L_Src_Sup 3.4195e-01 (2.0859e-01)	L_Trg_Inj 3.5466e-01 (2.9072e-01)	Loss Disc 6.9105e-01 (6.8927e-01)	Loss Pred 4.4581e-01 (4.5568e-01)	Loss TOTAL 8.6099e-01 (8.6052e-01)
Epoch: [39][ 70/154]	L_Src_Sup 2.5877e-01 (2.0757e-01)	L_Trg_Inj 2.3499e-01 (2.9266e-01)	Loss Disc 6.9028e-01 (6.8939e-01)	Loss Pred 4.5285e-01 (4.5610e-01)	Loss TOTAL 8.7114e-01 (8.5997e-01)
Epoch: [39][ 80/154]	L_Src_Sup 2.6104e-01 (2.1252e-01)	L_Trg_Inj 3.0929e-01 (2.9795e-01)	Loss Disc 6.9022e-01 (6.8941e-01)	Loss Pred 4.7124e-01 (4.5667e-01)	Loss TOTAL 8.7338e-01 (8.6043e-01)
Epoch: [39][ 90/154]	L_Src_Sup 3.1422e-01 (2.1725e-01)	L_Trg_Inj 3.9719e-01 (3.0509e-01)	Loss Disc 6.8487e-01 (6.8933e-01)	Loss Pred 4.2177e-01 (4.5671e-01)	Loss TOTAL 8.3534e-01 (8.6250e-01)
Epoch: [39][100/154]	L_Src_Sup 1.5469e-01 (2.1398e-01)	L_Trg_Inj 4.1145e-01 (3.0758e-01)	Loss Disc 6.8698e-01 (6.8932e-01)	Loss Pred 4.5902e-01 (4.5658e-01)	Loss TOTAL 8.5913e-01 (8.6194e-01)
Epoch: [39][110/154]	L_Src_Sup 2.0859e-01 (2.1235e-01)	L_Trg_Inj 2.9150e-01 (3.0620e-01)	Loss Disc 6.8952e-01 (6.8939e-01)	Loss Pred 4.6206e-01 (4.5771e-01)	Loss TOTAL 8.5683e-01 (8.6243e-01)
Epoch: [39][120/154]	L_Src_Sup 2.1998e-01 (2.1227e-01)	L_Trg_Inj 1.4877e-01 (3.0446e-01)	Loss Disc 6.8928e-01 (6.8933e-01)	Loss Pred 4.3930e-01 (4.5733e-01)	Loss TOTAL 8.9202e-01 (8.6206e-01)
Epoch: [39][130/154]	L_Src_Sup 2.2111e-01 (2.1103e-01)	L_Trg_Inj 2.5410e-01 (2.9851e-01)	Loss Disc 6.8957e-01 (6.8937e-01)	Loss Pred 4.6474e-01 (4.5744e-01)	Loss TOTAL 8.5704e-01 (8.6243e-01)
Epoch: [39][140/154]	L_Src_Sup 3.6462e-01 (2.1110e-01)	L_Trg_Inj 2.9959e-01 (2.9728e-01)	Loss Disc 6.8922e-01 (6.8941e-01)	Loss Pred 4.5885e-01 (4.5740e-01)	Loss TOTAL 9.3492e-01 (8.6286e-01)
Epoch: [39][150/154]	L_Src_Sup 3.3152e-01 (2.1214e-01)	L_Trg_Inj 2.5140e-01 (2.9628e-01)	Loss Disc 6.8958e-01 (6.8939e-01)	Loss Pred 4.5250e-01 (4.5694e-01)	Loss TOTAL 9.3570e-01 (8.6325e-01)
Epoch: [39][154/154]	L_Src_Sup 1.1970e-01 (2.1131e-01)	L_Trg_Inj 2.6456e-01 (2.9548e-01)	Loss Disc 6.9150e-01 (6.8938e-01)	Loss Pred 4.5241e-01 (4.5686e-01)	Loss TOTAL 8.3658e-01 (8.6320e-01)
Epoch 39 complete. Saving model state...
Epoch: [40][ 10/154]	L_Src_Sup 2.4417e-01 (2.0018e-01)	L_Trg_Inj 2.7644e-01 (3.2485e-01)	Loss Disc 6.8835e-01 (6.8851e-01)	Loss Pred 4.4608e-01 (4.4994e-01)	Loss TOTAL 8.4232e-01 (8.4670e-01)
Epoch: [40][ 20/154]	L_Src_Sup 1.5137e-01 (1.8826e-01)	L_Trg_Inj 1.9374e-01 (2.8138e-01)	Loss Disc 6.8890e-01 (6.8923e-01)	Loss Pred 4.3967e-01 (4.5019e-01)	Loss TOTAL 8.1863e-01 (8.4659e-01)
Epoch: [40][ 30/154]	L_Src_Sup 1.5754e-01 (1.9594e-01)	L_Trg_Inj 3.4250e-01 (2.8983e-01)	Loss Disc 6.8421e-01 (6.8894e-01)	Loss Pred 4.2053e-01 (4.4796e-01)	Loss TOTAL 8.1264e-01 (8.4665e-01)
Epoch: [40][ 40/154]	L_Src_Sup 8.6820e-02 (1.9451e-01)	L_Trg_Inj 2.5806e-01 (2.7689e-01)	Loss Disc 6.9096e-01 (6.8933e-01)	Loss Pred 4.6513e-01 (4.5127e-01)	Loss TOTAL 8.4510e-01 (8.5018e-01)
Epoch: [40][ 50/154]	L_Src_Sup 2.7353e-01 (2.0029e-01)	L_Trg_Inj 2.8731e-01 (2.8828e-01)	Loss Disc 6.9029e-01 (6.8947e-01)	Loss Pred 4.5213e-01 (4.5337e-01)	Loss TOTAL 8.5336e-01 (8.5266e-01)
Epoch: [40][ 60/154]	L_Src_Sup 1.3471e-01 (1.9794e-01)	L_Trg_Inj 2.7926e-01 (2.9006e-01)	Loss Disc 6.9082e-01 (6.8941e-01)	Loss Pred 4.3971e-01 (4.5353e-01)	Loss TOTAL 8.2651e-01 (8.5198e-01)
Epoch: [40][ 70/154]	L_Src_Sup 1.6243e-01 (1.9599e-01)	L_Trg_Inj 2.0036e-01 (2.9136e-01)	Loss Disc 6.9375e-01 (6.8950e-01)	Loss Pred 4.8407e-01 (4.5408e-01)	Loss TOTAL 8.6722e-01 (8.5180e-01)
Epoch: [40][ 80/154]	L_Src_Sup 2.2358e-01 (1.9814e-01)	L_Trg_Inj 2.9943e-01 (2.9630e-01)	Loss Disc 6.8971e-01 (6.8948e-01)	Loss Pred 4.3340e-01 (4.5479e-01)	Loss TOTAL 8.3055e-01 (8.5333e-01)
Epoch: [40][ 90/154]	L_Src_Sup 2.3744e-01 (1.9935e-01)	L_Trg_Inj 3.3479e-01 (3.0304e-01)	Loss Disc 6.8716e-01 (6.8941e-01)	Loss Pred 4.4589e-01 (4.5501e-01)	Loss TOTAL 8.4669e-01 (8.5383e-01)
Epoch: [40][100/154]	L_Src_Sup 1.6746e-01 (1.9735e-01)	L_Trg_Inj 2.7868e-01 (3.0626e-01)	Loss Disc 6.8820e-01 (6.8944e-01)	Loss Pred 4.3321e-01 (4.5569e-01)	Loss TOTAL 8.2192e-01 (8.5426e-01)
Epoch: [40][110/154]	L_Src_Sup 2.1351e-01 (1.9522e-01)	L_Trg_Inj 2.2135e-01 (2.9990e-01)	Loss Disc 6.8673e-01 (6.8942e-01)	Loss Pred 4.2103e-01 (4.5574e-01)	Loss TOTAL 8.0788e-01 (8.5370e-01)
Epoch: [40][120/154]	L_Src_Sup 2.9362e-01 (1.9465e-01)	L_Trg_Inj 1.7475e-01 (2.9438e-01)	Loss Disc 6.8915e-01 (6.8943e-01)	Loss Pred 4.5865e-01 (4.5615e-01)	Loss TOTAL 9.6893e-01 (8.5508e-01)
Epoch: [40][130/154]	L_Src_Sup 9.0098e-02 (1.9304e-01)	L_Trg_Inj 2.7942e-01 (2.8958e-01)	Loss Disc 6.9161e-01 (6.8946e-01)	Loss Pred 4.9040e-01 (4.5610e-01)	Loss TOTAL 8.7316e-01 (8.5518e-01)
Epoch: [40][140/154]	L_Src_Sup 1.2618e-01 (1.9446e-01)	L_Trg_Inj 2.6326e-01 (2.8970e-01)	Loss Disc 6.9246e-01 (6.8946e-01)	Loss Pred 4.9040e-01 (4.5637e-01)	Loss TOTAL 8.7557e-01 (8.5571e-01)
Epoch: [40][150/154]	L_Src_Sup 2.9358e-01 (1.9668e-01)	L_Trg_Inj 2.6463e-01 (2.8768e-01)	Loss Disc 6.9171e-01 (6.8951e-01)	Loss Pred 4.5827e-01 (4.5661e-01)	Loss TOTAL 8.8890e-01 (8.5675e-01)
Epoch: [40][154/154]	L_Src_Sup 1.4521e-01 (1.9639e-01)	L_Trg_Inj 3.6590e-01 (2.8986e-01)	Loss Disc 6.9089e-01 (6.8949e-01)	Loss Pred 4.9639e-01 (4.5663e-01)	Loss TOTAL 8.9295e-01 (8.5676e-01)
Epoch 40 complete. Saving model state...
Epoch: [41][ 10/154]	L_Src_Sup 1.8503e-01 (1.7451e-01)	L_Trg_Inj 2.2713e-01 (3.4470e-01)	Loss Disc 6.9045e-01 (6.8882e-01)	Loss Pred 4.3972e-01 (4.4793e-01)	Loss TOTAL 8.2617e-01 (8.4539e-01)
Epoch: [41][ 20/154]	L_Src_Sup 1.7224e-01 (1.8601e-01)	L_Trg_Inj 2.8853e-01 (3.5239e-01)	Loss Disc 6.8961e-01 (6.8937e-01)	Loss Pred 4.4587e-01 (4.5301e-01)	Loss TOTAL 8.3675e-01 (8.5221e-01)
Epoch: [41][ 30/154]	L_Src_Sup 1.5794e-01 (1.9434e-01)	L_Trg_Inj 2.5792e-01 (3.4654e-01)	Loss Disc 6.9318e-01 (6.8958e-01)	Loss Pred 4.7171e-01 (4.5639e-01)	Loss TOTAL 8.5989e-01 (8.5969e-01)
Epoch: [41][ 40/154]	L_Src_Sup 1.9540e-01 (1.9826e-01)	L_Trg_Inj 2.7255e-01 (3.4410e-01)	Loss Disc 6.9109e-01 (6.8950e-01)	Loss Pred 4.7752e-01 (4.5679e-01)	Loss TOTAL 8.6986e-01 (8.5941e-01)
Epoch: [41][ 50/154]	L_Src_Sup 2.0771e-01 (2.0274e-01)	L_Trg_Inj 3.6209e-01 (3.3006e-01)	Loss Disc 6.8769e-01 (6.8951e-01)	Loss Pred 4.5222e-01 (4.5767e-01)	Loss TOTAL 8.5304e-01 (8.5918e-01)
Epoch: [41][ 60/154]	L_Src_Sup 1.7820e-01 (2.0237e-01)	L_Trg_Inj 2.4768e-01 (3.1798e-01)	Loss Disc 6.9357e-01 (6.8955e-01)	Loss Pred 4.7765e-01 (4.5958e-01)	Loss TOTAL 8.6702e-01 (8.6139e-01)
Epoch: [41][ 70/154]	L_Src_Sup 1.5925e-01 (1.9963e-01)	L_Trg_Inj 3.3285e-01 (3.1571e-01)	Loss Disc 6.8915e-01 (6.8954e-01)	Loss Pred 4.5868e-01 (4.5847e-01)	Loss TOTAL 8.5246e-01 (8.5906e-01)
Epoch: [41][ 80/154]	L_Src_Sup 1.0846e-01 (2.0024e-01)	L_Trg_Inj 2.8044e-01 (3.1562e-01)	Loss Disc 6.9182e-01 (6.8949e-01)	Loss Pred 4.9112e-01 (4.5737e-01)	Loss TOTAL 8.7592e-01 (8.5845e-01)
Epoch: [41][ 90/154]	L_Src_Sup 1.0637e-01 (1.9781e-01)	L_Trg_Inj 3.7391e-01 (3.2080e-01)	Loss Disc 6.9066e-01 (6.8946e-01)	Loss Pred 4.7786e-01 (4.5761e-01)	Loss TOTAL 8.7122e-01 (8.5842e-01)
Epoch: [41][100/154]	L_Src_Sup 1.3941e-01 (1.9948e-01)	L_Trg_Inj 1.6997e-01 (3.1678e-01)	Loss Disc 6.9125e-01 (6.8941e-01)	Loss Pred 4.6490e-01 (4.5665e-01)	Loss TOTAL 8.4146e-01 (8.5719e-01)
Epoch: [41][110/154]	L_Src_Sup 2.4363e-01 (1.9704e-01)	L_Trg_Inj 3.0649e-01 (3.1016e-01)	Loss Disc 6.8991e-01 (6.8942e-01)	Loss Pred 4.6504e-01 (4.5615e-01)	Loss TOTAL 8.6501e-01 (8.5628e-01)
Epoch: [41][120/154]	L_Src_Sup 2.4644e-01 (1.9639e-01)	L_Trg_Inj 3.2432e-01 (3.0394e-01)	Loss Disc 6.8771e-01 (6.8955e-01)	Loss Pred 4.5851e-01 (4.5688e-01)	Loss TOTAL 8.5945e-01 (8.5702e-01)
Epoch: [41][130/154]	L_Src_Sup 2.1054e-01 (1.9638e-01)	L_Trg_Inj 2.0281e-01 (3.0143e-01)	Loss Disc 6.9130e-01 (6.8949e-01)	Loss Pred 4.7143e-01 (4.5658e-01)	Loss TOTAL 8.6614e-01 (8.5732e-01)
Epoch: [41][140/154]	L_Src_Sup 2.0698e-01 (1.9760e-01)	L_Trg_Inj 2.5997e-01 (3.0033e-01)	Loss Disc 6.8956e-01 (6.8945e-01)	Loss Pred 4.5888e-01 (4.5610e-01)	Loss TOTAL 8.5035e-01 (8.5664e-01)
Epoch: [41][150/154]	L_Src_Sup 2.4999e-01 (1.9887e-01)	L_Trg_Inj 2.9003e-01 (2.9830e-01)	Loss Disc 6.9292e-01 (6.8946e-01)	Loss Pred 4.7850e-01 (4.5712e-01)	Loss TOTAL 8.7896e-01 (8.5816e-01)
Epoch: [41][154/154]	L_Src_Sup 2.0165e-01 (1.9975e-01)	L_Trg_Inj 2.8201e-01 (2.9754e-01)	Loss Disc 6.9001e-01 (6.8944e-01)	Loss Pred 4.3979e-01 (4.5679e-01)	Loss TOTAL 8.3316e-01 (8.5832e-01)
Epoch 41 complete. Saving model state...
Epoch: [42][ 10/154]	L_Src_Sup 1.8571e-01 (2.0711e-01)	L_Trg_Inj 3.1301e-01 (3.7331e-01)	Loss Disc 6.9181e-01 (6.8951e-01)	Loss Pred 4.5226e-01 (4.6196e-01)	Loss TOTAL 8.4804e-01 (8.6608e-01)
Epoch: [42][ 20/154]	L_Src_Sup 1.7105e-01 (2.0803e-01)	L_Trg_Inj 2.4937e-01 (3.3983e-01)	Loss Disc 6.9102e-01 (6.8974e-01)	Loss Pred 4.5223e-01 (4.5717e-01)	Loss TOTAL 8.3978e-01 (8.5749e-01)
Epoch: [42][ 30/154]	L_Src_Sup 3.0474e-01 (2.0918e-01)	L_Trg_Inj 1.8723e-01 (3.2171e-01)	Loss Disc 6.9257e-01 (6.8971e-01)	Loss Pred 4.4654e-01 (4.5812e-01)	Loss TOTAL 9.5953e-01 (8.6247e-01)
Epoch: [42][ 40/154]	L_Src_Sup 2.8229e-01 (2.1034e-01)	L_Trg_Inj 2.1384e-01 (3.1781e-01)	Loss Disc 6.9113e-01 (6.8949e-01)	Loss Pred 4.7168e-01 (4.5638e-01)	Loss TOTAL 9.3530e-01 (8.6046e-01)
Epoch: [42][ 50/154]	L_Src_Sup 1.6169e-01 (2.0611e-01)	L_Trg_Inj 4.3830e-01 (3.1758e-01)	Loss Disc 6.8575e-01 (6.8937e-01)	Loss Pred 4.3960e-01 (4.5493e-01)	Loss TOTAL 8.4248e-01 (8.5720e-01)
Epoch: [42][ 60/154]	L_Src_Sup 1.8868e-01 (2.0538e-01)	L_Trg_Inj 3.8373e-01 (3.1634e-01)	Loss Disc 6.8718e-01 (6.8934e-01)	Loss Pred 4.5237e-01 (4.5546e-01)	Loss TOTAL 8.5320e-01 (8.5832e-01)
Epoch: [42][ 70/154]	L_Src_Sup 2.2100e-01 (2.0405e-01)	L_Trg_Inj 2.7984e-01 (3.1155e-01)	Loss Disc 6.8797e-01 (6.8923e-01)	Loss Pred 4.4610e-01 (4.5590e-01)	Loss TOTAL 8.4017e-01 (8.5745e-01)
Epoch: [42][ 80/154]	L_Src_Sup 1.6073e-01 (2.0089e-01)	L_Trg_Inj 3.4224e-01 (3.0823e-01)	Loss Disc 6.9056e-01 (6.8925e-01)	Loss Pred 4.8413e-01 (4.5641e-01)	Loss TOTAL 8.7971e-01 (8.5745e-01)
Epoch: [42][ 90/154]	L_Src_Sup 1.0356e-01 (1.9912e-01)	L_Trg_Inj 2.9298e-01 (3.0702e-01)	Loss Disc 6.9082e-01 (6.8919e-01)	Loss Pred 4.5878e-01 (4.5571e-01)	Loss TOTAL 8.4385e-01 (8.5603e-01)
Epoch: [42][100/154]	L_Src_Sup 1.6401e-01 (2.0076e-01)	L_Trg_Inj 2.4039e-01 (3.0709e-01)	Loss Disc 6.8784e-01 (6.8925e-01)	Loss Pred 4.2036e-01 (4.5575e-01)	Loss TOTAL 8.0472e-01 (8.5576e-01)
Epoch: [42][110/154]	L_Src_Sup 1.7392e-01 (1.9904e-01)	L_Trg_Inj 3.8646e-01 (3.0176e-01)	Loss Disc 6.8903e-01 (6.8939e-01)	Loss Pred 4.6494e-01 (4.5596e-01)	Loss TOTAL 8.6549e-01 (8.5616e-01)
Epoch: [42][120/154]	L_Src_Sup 1.7545e-01 (2.0002e-01)	L_Trg_Inj 2.3093e-01 (2.9670e-01)	Loss Disc 6.9025e-01 (6.8951e-01)	Loss Pred 4.7152e-01 (4.5587e-01)	Loss TOTAL 8.5728e-01 (8.5682e-01)
Epoch: [42][130/154]	L_Src_Sup 1.3805e-01 (1.9745e-01)	L_Trg_Inj 2.4906e-01 (2.9610e-01)	Loss Disc 6.9006e-01 (6.8945e-01)	Loss Pred 4.6536e-01 (4.5623e-01)	Loss TOTAL 8.4911e-01 (8.5777e-01)
Epoch: [42][140/154]	L_Src_Sup 2.2416e-01 (1.9840e-01)	L_Trg_Inj 2.3306e-01 (2.9601e-01)	Loss Disc 6.9247e-01 (6.8943e-01)	Loss Pred 4.5854e-01 (4.5627e-01)	Loss TOTAL 8.5049e-01 (8.5776e-01)
Epoch: [42][150/154]	L_Src_Sup 1.4299e-01 (1.9648e-01)	L_Trg_Inj 2.5279e-01 (2.9415e-01)	Loss Disc 6.9319e-01 (6.8946e-01)	Loss Pred 4.8383e-01 (4.5664e-01)	Loss TOTAL 8.7000e-01 (8.5798e-01)
Epoch: [42][154/154]	L_Src_Sup 2.3018e-01 (1.9709e-01)	L_Trg_Inj 2.6076e-01 (2.9208e-01)	Loss Disc 6.8982e-01 (6.8946e-01)	Loss Pred 4.7780e-01 (4.5669e-01)	Loss TOTAL 8.7180e-01 (8.5831e-01)
Epoch 42 complete. Saving model state...
Epoch: [43][ 10/154]	L_Src_Sup 2.9229e-01 (2.1569e-01)	L_Trg_Inj 2.3180e-01 (2.8400e-01)	Loss Disc 6.9396e-01 (6.8994e-01)	Loss Pred 4.9032e-01 (4.6628e-01)	Loss TOTAL 9.5020e-01 (8.7376e-01)
Epoch: [43][ 20/154]	L_Src_Sup 2.2681e-01 (2.0915e-01)	L_Trg_Inj 2.6553e-01 (2.7536e-01)	Loss Disc 6.9030e-01 (6.8971e-01)	Loss Pred 4.6517e-01 (4.6531e-01)	Loss TOTAL 8.5955e-01 (8.6620e-01)
Epoch: [43][ 30/154]	L_Src_Sup 1.5036e-01 (2.0372e-01)	L_Trg_Inj 2.6432e-01 (2.6229e-01)	Loss Disc 6.8736e-01 (6.8958e-01)	Loss Pred 4.2704e-01 (4.5781e-01)	Loss TOTAL 8.1219e-01 (8.5477e-01)
Epoch: [43][ 40/154]	L_Src_Sup 1.9361e-01 (2.0607e-01)	L_Trg_Inj 3.1199e-01 (2.6730e-01)	Loss Disc 6.8735e-01 (6.8958e-01)	Loss Pred 4.0782e-01 (4.5865e-01)	Loss TOTAL 8.0205e-01 (8.5696e-01)
Epoch: [43][ 50/154]	L_Src_Sup 1.3916e-01 (2.0135e-01)	L_Trg_Inj 1.8703e-01 (2.6952e-01)	Loss Disc 6.9068e-01 (6.8945e-01)	Loss Pred 4.6483e-01 (4.5740e-01)	Loss TOTAL 8.4279e-01 (8.5450e-01)
Epoch: [43][ 60/154]	L_Src_Sup 1.2185e-01 (1.9994e-01)	L_Trg_Inj 2.9893e-01 (2.7337e-01)	Loss Disc 6.8801e-01 (6.8942e-01)	Loss Pred 4.6502e-01 (4.5592e-01)	Loss TOTAL 8.5110e-01 (8.5270e-01)
Epoch: [43][ 70/154]	L_Src_Sup 1.3748e-01 (1.9739e-01)	L_Trg_Inj 2.0164e-01 (2.7465e-01)	Loss Disc 6.8924e-01 (6.8949e-01)	Loss Pred 4.5235e-01 (4.5658e-01)	Loss TOTAL 8.3088e-01 (8.5298e-01)
Epoch: [43][ 80/154]	L_Src_Sup 2.2035e-01 (2.0197e-01)	L_Trg_Inj 2.9270e-01 (2.7599e-01)	Loss Disc 6.9194e-01 (6.8952e-01)	Loss Pred 4.4602e-01 (4.5645e-01)	Loss TOTAL 8.4329e-01 (8.5407e-01)
Epoch: [43][ 90/154]	L_Src_Sup 2.4362e-01 (2.0274e-01)	L_Trg_Inj 2.4831e-01 (2.8225e-01)	Loss Disc 6.9090e-01 (6.8940e-01)	Loss Pred 4.6516e-01 (4.5613e-01)	Loss TOTAL 8.5980e-01 (8.5384e-01)
Epoch: [43][100/154]	L_Src_Sup 2.3239e-01 (2.0066e-01)	L_Trg_Inj 2.5643e-01 (2.8260e-01)	Loss Disc 6.8954e-01 (6.8947e-01)	Loss Pred 4.4163e-01 (4.5627e-01)	Loss TOTAL 8.3528e-01 (8.5339e-01)
Epoch: [43][110/154]	L_Src_Sup 2.3713e-01 (2.0079e-01)	L_Trg_Inj 2.4775e-01 (2.8523e-01)	Loss Disc 6.9016e-01 (6.8941e-01)	Loss Pred 4.3920e-01 (4.5655e-01)	Loss TOTAL 8.3277e-01 (8.5383e-01)
Epoch: [43][120/154]	L_Src_Sup 1.8092e-01 (2.0118e-01)	L_Trg_Inj 2.7249e-01 (2.8340e-01)	Loss Disc 6.9320e-01 (6.8948e-01)	Loss Pred 4.9078e-01 (4.5709e-01)	Loss TOTAL 8.8272e-01 (8.5515e-01)
Epoch: [43][130/154]	L_Src_Sup 1.8488e-01 (2.0203e-01)	L_Trg_Inj 2.6367e-01 (2.8436e-01)	Loss Disc 6.8764e-01 (6.8942e-01)	Loss Pred 4.3953e-01 (4.5692e-01)	Loss TOTAL 8.2821e-01 (8.5476e-01)
Epoch: [43][140/154]	L_Src_Sup 1.3226e-01 (2.0249e-01)	L_Trg_Inj 1.8268e-01 (2.8183e-01)	Loss Disc 6.8859e-01 (6.8944e-01)	Loss Pred 4.2716e-01 (4.5700e-01)	Loss TOTAL 8.0295e-01 (8.5523e-01)
Epoch: [43][150/154]	L_Src_Sup 1.9678e-01 (2.0367e-01)	L_Trg_Inj 2.6108e-01 (2.7843e-01)	Loss Disc 6.8732e-01 (6.8947e-01)	Loss Pred 4.2046e-01 (4.5664e-01)	Loss TOTAL 8.0990e-01 (8.5576e-01)
Epoch: [43][154/154]	L_Src_Sup 1.8820e-01 (2.0288e-01)	L_Trg_Inj 2.7274e-01 (2.7793e-01)	Loss Disc 6.8807e-01 (6.8946e-01)	Loss Pred 4.5233e-01 (4.5645e-01)	Loss TOTAL 8.4246e-01 (8.5528e-01)
Epoch 43 complete. Saving model state...
Epoch: [44][ 10/154]	L_Src_Sup 2.5658e-01 (2.1033e-01)	L_Trg_Inj 2.6229e-01 (3.1403e-01)	Loss Disc 6.8790e-01 (6.8871e-01)	Loss Pred 4.5259e-01 (4.6063e-01)	Loss TOTAL 8.4843e-01 (8.6472e-01)
Epoch: [44][ 20/154]	L_Src_Sup 1.6714e-01 (2.2232e-01)	L_Trg_Inj 2.8903e-01 (2.9466e-01)	Loss Disc 6.8582e-01 (6.8875e-01)	Loss Pred 4.2120e-01 (4.5574e-01)	Loss TOTAL 8.0973e-01 (8.6639e-01)
Epoch: [44][ 30/154]	L_Src_Sup 2.0366e-01 (2.1872e-01)	L_Trg_Inj 3.0231e-01 (3.0223e-01)	Loss Disc 6.8864e-01 (6.8862e-01)	Loss Pred 4.4697e-01 (4.5423e-01)	Loss TOTAL 8.4189e-01 (8.6162e-01)
Epoch: [44][ 40/154]	L_Src_Sup 2.4383e-01 (2.1522e-01)	L_Trg_Inj 1.6895e-01 (2.9745e-01)	Loss Disc 6.9303e-01 (6.8902e-01)	Loss Pred 4.6501e-01 (4.5572e-01)	Loss TOTAL 9.2767e-01 (8.6160e-01)
Epoch: [44][ 50/154]	L_Src_Sup 2.3219e-01 (2.1363e-01)	L_Trg_Inj 3.1743e-01 (3.0304e-01)	Loss Disc 6.9234e-01 (6.8938e-01)	Loss Pred 4.8397e-01 (4.5709e-01)	Loss TOTAL 8.8511e-01 (8.6173e-01)
Epoch: [44][ 60/154]	L_Src_Sup 2.8106e-01 (2.1724e-01)	L_Trg_Inj 2.4789e-01 (3.0521e-01)	Loss Disc 6.8778e-01 (6.8951e-01)	Loss Pred 4.2685e-01 (4.5735e-01)	Loss TOTAL 8.5681e-01 (8.6182e-01)
Epoch: [44][ 70/154]	L_Src_Sup 2.0695e-01 (2.1369e-01)	L_Trg_Inj 2.4947e-01 (3.0101e-01)	Loss Disc 6.9203e-01 (6.8945e-01)	Loss Pred 4.5854e-01 (4.5628e-01)	Loss TOTAL 8.5020e-01 (8.5891e-01)
Epoch: [44][ 80/154]	L_Src_Sup 2.2037e-01 (2.1295e-01)	L_Trg_Inj 3.6279e-01 (3.0480e-01)	Loss Disc 6.9002e-01 (6.8943e-01)	Loss Pred 4.4587e-01 (4.5531e-01)	Loss TOTAL 8.4919e-01 (8.5765e-01)
Epoch: [44][ 90/154]	L_Src_Sup 1.4059e-01 (2.0942e-01)	L_Trg_Inj 3.8989e-01 (3.1081e-01)	Loss Disc 6.8866e-01 (6.8926e-01)	Loss Pred 4.7122e-01 (4.5566e-01)	Loss TOTAL 8.6860e-01 (8.5785e-01)
Epoch: [44][100/154]	L_Src_Sup 2.5005e-01 (2.0901e-01)	L_Trg_Inj 2.4989e-01 (3.0696e-01)	Loss Disc 6.8972e-01 (6.8926e-01)	Loss Pred 4.3319e-01 (4.5521e-01)	Loss TOTAL 8.2820e-01 (8.5711e-01)
Epoch: [44][110/154]	L_Src_Sup 2.7827e-01 (2.0662e-01)	L_Trg_Inj 2.9622e-01 (3.0173e-01)	Loss Disc 6.9348e-01 (6.8932e-01)	Loss Pred 4.6507e-01 (4.5466e-01)	Loss TOTAL 8.6926e-01 (8.5599e-01)
Epoch: [44][120/154]	L_Src_Sup 1.7201e-01 (2.0783e-01)	L_Trg_Inj 2.2404e-01 (2.9684e-01)	Loss Disc 6.8957e-01 (6.8938e-01)	Loss Pred 4.5842e-01 (4.5578e-01)	Loss TOTAL 8.4281e-01 (8.5838e-01)
Epoch: [44][130/154]	L_Src_Sup 2.7862e-01 (2.0689e-01)	L_Trg_Inj 3.4325e-01 (2.9512e-01)	Loss Disc 6.8846e-01 (6.8940e-01)	Loss Pred 4.6481e-01 (4.5634e-01)	Loss TOTAL 8.7123e-01 (8.5811e-01)
Epoch: [44][140/154]	L_Src_Sup 1.8509e-01 (2.0499e-01)	L_Trg_Inj 2.1652e-01 (2.8770e-01)	Loss Disc 6.8773e-01 (6.8940e-01)	Loss Pred 4.3976e-01 (4.5628e-01)	Loss TOTAL 8.2379e-01 (8.5858e-01)
Epoch: [44][150/154]	L_Src_Sup 2.6895e-01 (2.0446e-01)	L_Trg_Inj 2.3380e-01 (2.8390e-01)	Loss Disc 6.9016e-01 (6.8942e-01)	Loss Pred 4.4009e-01 (4.5656e-01)	Loss TOTAL 8.7060e-01 (8.5939e-01)
Epoch: [44][154/154]	L_Src_Sup 1.6808e-01 (2.0407e-01)	L_Trg_Inj 4.1663e-01 (2.8449e-01)	Loss Disc 6.8421e-01 (6.8939e-01)	Loss Pred 4.3983e-01 (4.5662e-01)	Loss TOTAL 8.4040e-01 (8.5924e-01)
Epoch 44 complete. Saving model state...
Epoch: [45][ 10/154]	L_Src_Sup 3.3615e-01 (1.9604e-01)	L_Trg_Inj 3.1082e-01 (2.2546e-01)	Loss Disc 6.8608e-01 (6.8982e-01)	Loss Pred 4.3980e-01 (4.5369e-01)	Loss TOTAL 8.7287e-01 (8.5121e-01)
Epoch: [45][ 20/154]	L_Src_Sup 2.8071e-01 (1.9918e-01)	L_Trg_Inj 2.1866e-01 (2.2442e-01)	Loss Disc 6.9098e-01 (6.8983e-01)	Loss Pred 4.7172e-01 (4.5048e-01)	Loss TOTAL 9.2921e-01 (8.5063e-01)
Epoch: [45][ 30/154]	L_Src_Sup 2.0517e-01 (1.9528e-01)	L_Trg_Inj 2.3390e-01 (2.2745e-01)	Loss Disc 6.9070e-01 (6.8995e-01)	Loss Pred 4.5220e-01 (4.5470e-01)	Loss TOTAL 8.4146e-01 (8.5096e-01)
Epoch: [45][ 40/154]	L_Src_Sup 1.1968e-01 (1.9352e-01)	L_Trg_Inj 2.4862e-01 (2.3896e-01)	Loss Disc 6.8880e-01 (6.8966e-01)	Loss Pred 4.5241e-01 (4.5602e-01)	Loss TOTAL 8.3363e-01 (8.5091e-01)
Epoch: [45][ 50/154]	L_Src_Sup 1.7243e-01 (1.9410e-01)	L_Trg_Inj 2.3425e-01 (2.3585e-01)	Loss Disc 6.8832e-01 (6.8944e-01)	Loss Pred 4.5869e-01 (4.5364e-01)	Loss TOTAL 8.4352e-01 (8.4931e-01)
Epoch: [45][ 60/154]	L_Src_Sup 1.3562e-01 (1.9445e-01)	L_Trg_Inj 2.1869e-01 (2.3583e-01)	Loss Disc 6.8841e-01 (6.8929e-01)	Loss Pred 4.4594e-01 (4.5353e-01)	Loss TOTAL 8.2557e-01 (8.4960e-01)
Epoch: [45][ 70/154]	L_Src_Sup 8.4752e-02 (1.9087e-01)	L_Trg_Inj 1.7185e-01 (2.3194e-01)	Loss Disc 6.8845e-01 (6.8927e-01)	Loss Pred 4.4580e-01 (4.5345e-01)	Loss TOTAL 8.1569e-01 (8.5051e-01)
Epoch: [45][ 80/154]	L_Src_Sup 2.1059e-01 (1.9206e-01)	L_Trg_Inj 2.9668e-01 (2.3288e-01)	Loss Disc 6.9119e-01 (6.8945e-01)	Loss Pred 4.7138e-01 (4.5410e-01)	Loss TOTAL 8.6770e-01 (8.5306e-01)
Epoch: [45][ 90/154]	L_Src_Sup 1.1966e-01 (1.9479e-01)	L_Trg_Inj 2.4963e-01 (2.3982e-01)	Loss Disc 6.9015e-01 (6.8940e-01)	Loss Pred 4.5255e-01 (4.5370e-01)	Loss TOTAL 8.3455e-01 (8.5319e-01)
Epoch: [45][100/154]	L_Src_Sup 2.0701e-01 (1.9469e-01)	L_Trg_Inj 1.8730e-01 (2.3993e-01)	Loss Disc 6.9105e-01 (6.8948e-01)	Loss Pred 4.5832e-01 (4.5446e-01)	Loss TOTAL 8.6298e-01 (8.5396e-01)
Epoch: [45][110/154]	L_Src_Sup 1.7700e-01 (1.9420e-01)	L_Trg_Inj 2.4991e-01 (2.4738e-01)	Loss Disc 6.9166e-01 (6.8939e-01)	Loss Pred 4.7766e-01 (4.5484e-01)	Loss TOTAL 8.6618e-01 (8.5417e-01)
Epoch: [45][120/154]	L_Src_Sup 1.5931e-01 (1.9516e-01)	L_Trg_Inj 2.3405e-01 (2.5025e-01)	Loss Disc 6.8945e-01 (6.8938e-01)	Loss Pred 4.7764e-01 (4.5584e-01)	Loss TOTAL 8.6170e-01 (8.5537e-01)
Epoch: [45][130/154]	L_Src_Sup 2.9311e-01 (1.9778e-01)	L_Trg_Inj 2.6554e-01 (2.4963e-01)	Loss Disc 6.8883e-01 (6.8939e-01)	Loss Pred 4.5856e-01 (4.5639e-01)	Loss TOTAL 8.8641e-01 (8.5725e-01)
Epoch: [45][140/154]	L_Src_Sup 1.7858e-01 (1.9613e-01)	L_Trg_Inj 2.0310e-01 (2.4846e-01)	Loss Disc 6.9091e-01 (6.8945e-01)	Loss Pred 4.8411e-01 (4.5687e-01)	Loss TOTAL 8.6773e-01 (8.5705e-01)
Epoch: [45][150/154]	L_Src_Sup 1.7548e-01 (1.9572e-01)	L_Trg_Inj 2.8376e-01 (2.4686e-01)	Loss Disc 6.8754e-01 (6.8943e-01)	Loss Pred 4.7132e-01 (4.5665e-01)	Loss TOTAL 8.6101e-01 (8.5641e-01)
Epoch: [45][154/154]	L_Src_Sup 2.0870e-01 (1.9599e-01)	L_Trg_Inj 2.4342e-01 (2.4634e-01)	Loss Disc 6.8914e-01 (6.8941e-01)	Loss Pred 4.6515e-01 (4.5662e-01)	Loss TOTAL 8.5493e-01 (8.5642e-01)
Epoch 45 complete. Saving model state...
Epoch: [46][ 10/154]	L_Src_Sup 1.6554e-01 (2.0992e-01)	L_Trg_Inj 2.4530e-01 (2.4624e-01)	Loss Disc 6.8648e-01 (6.9005e-01)	Loss Pred 4.1415e-01 (4.4980e-01)	Loss TOTAL 7.9847e-01 (8.6016e-01)
Epoch: [46][ 20/154]	L_Src_Sup 1.6875e-01 (2.0820e-01)	L_Trg_Inj 2.9676e-01 (2.7214e-01)	Loss Disc 6.9153e-01 (6.8993e-01)	Loss Pred 4.4589e-01 (4.5109e-01)	Loss TOTAL 8.3820e-01 (8.5765e-01)
Epoch: [46][ 30/154]	L_Src_Sup 1.7100e-01 (2.1088e-01)	L_Trg_Inj 2.7034e-01 (2.8424e-01)	Loss Disc 6.8922e-01 (6.8939e-01)	Loss Pred 4.5231e-01 (4.5193e-01)	Loss TOTAL 8.4105e-01 (8.5559e-01)
Epoch: [46][ 40/154]	L_Src_Sup 2.8296e-01 (2.1591e-01)	L_Trg_Inj 2.6358e-01 (2.7613e-01)	Loss Disc 6.8745e-01 (6.8950e-01)	Loss Pred 4.3324e-01 (4.5424e-01)	Loss TOTAL 8.5100e-01 (8.5908e-01)
Epoch: [46][ 50/154]	L_Src_Sup 1.1931e-01 (2.1173e-01)	L_Trg_Inj 2.5826e-01 (2.7514e-01)	Loss Disc 6.9008e-01 (6.8946e-01)	Loss Pred 4.4585e-01 (4.5412e-01)	Loss TOTAL 8.2865e-01 (8.5687e-01)
Epoch: [46][ 60/154]	L_Src_Sup 2.5014e-01 (2.1114e-01)	L_Trg_Inj 2.8113e-01 (2.8011e-01)	Loss Disc 6.8826e-01 (6.8950e-01)	Loss Pred 4.3304e-01 (4.5487e-01)	Loss TOTAL 8.3030e-01 (8.5664e-01)
Epoch: [46][ 70/154]	L_Src_Sup 3.0362e-01 (2.0782e-01)	L_Trg_Inj 3.2698e-01 (2.7823e-01)	Loss Disc 6.8873e-01 (6.8953e-01)	Loss Pred 4.8404e-01 (4.5523e-01)	Loss TOTAL 8.9146e-01 (8.5598e-01)
Epoch: [46][ 80/154]	L_Src_Sup 2.8824e-01 (2.1013e-01)	L_Trg_Inj 2.7865e-01 (2.7392e-01)	Loss Disc 6.9074e-01 (6.8955e-01)	Loss Pred 4.4619e-01 (4.5447e-01)	Loss TOTAL 8.5785e-01 (8.5643e-01)
Epoch: [46][ 90/154]	L_Src_Sup 2.6471e-01 (2.1142e-01)	L_Trg_Inj 2.8117e-01 (2.7766e-01)	Loss Disc 6.9015e-01 (6.8951e-01)	Loss Pred 4.2702e-01 (4.5409e-01)	Loss TOTAL 8.2668e-01 (8.5575e-01)
Epoch: [46][100/154]	L_Src_Sup 1.9118e-01 (2.0899e-01)	L_Trg_Inj 2.8117e-01 (2.7821e-01)	Loss Disc 6.8915e-01 (6.8934e-01)	Loss Pred 4.6504e-01 (4.5347e-01)	Loss TOTAL 8.5685e-01 (8.5409e-01)
Epoch: [46][110/154]	L_Src_Sup 2.5460e-01 (2.0859e-01)	L_Trg_Inj 3.4229e-01 (2.7707e-01)	Loss Disc 6.8618e-01 (6.8932e-01)	Loss Pred 4.3960e-01 (4.5364e-01)	Loss TOTAL 8.4238e-01 (8.5407e-01)
Epoch: [46][120/154]	L_Src_Sup 1.5518e-01 (2.0881e-01)	L_Trg_Inj 2.9646e-01 (2.8028e-01)	Loss Disc 6.8874e-01 (6.8928e-01)	Loss Pred 4.5856e-01 (4.5405e-01)	Loss TOTAL 8.4810e-01 (8.5460e-01)
Epoch: [46][130/154]	L_Src_Sup 2.8319e-01 (2.0874e-01)	L_Trg_Inj 3.1231e-01 (2.8234e-01)	Loss Disc 6.9022e-01 (6.8932e-01)	Loss Pred 4.7756e-01 (4.5499e-01)	Loss TOTAL 8.8222e-01 (8.5558e-01)
Epoch: [46][140/154]	L_Src_Sup 1.2325e-01 (2.0866e-01)	L_Trg_Inj 3.8558e-01 (2.8110e-01)	Loss Disc 6.8719e-01 (6.8937e-01)	Loss Pred 4.2674e-01 (4.5542e-01)	Loss TOTAL 8.2122e-01 (8.5697e-01)
Epoch: [46][150/154]	L_Src_Sup 2.5463e-01 (2.0852e-01)	L_Trg_Inj 3.4916e-01 (2.7964e-01)	Loss Disc 6.8984e-01 (6.8949e-01)	Loss Pred 4.9667e-01 (4.5715e-01)	Loss TOTAL 9.0197e-01 (8.5826e-01)
Epoch: [46][154/154]	L_Src_Sup 1.6590e-01 (2.0812e-01)	L_Trg_Inj 2.1614e-01 (2.7938e-01)	Loss Disc 6.9143e-01 (6.8950e-01)	Loss Pred 4.2693e-01 (4.5661e-01)	Loss TOTAL 8.1085e-01 (8.5746e-01)
Epoch 46 complete. Saving model state...
Epoch: [47][ 10/154]	L_Src_Sup 2.3276e-01 (2.2032e-01)	L_Trg_Inj 3.0604e-01 (2.7482e-01)	Loss Disc 6.8674e-01 (6.8838e-01)	Loss Pred 4.3325e-01 (4.4721e-01)	Loss TOTAL 8.3050e-01 (8.6017e-01)
Epoch: [47][ 20/154]	L_Src_Sup 2.5652e-01 (2.0979e-01)	L_Trg_Inj 3.1187e-01 (2.6705e-01)	Loss Disc 6.8818e-01 (6.8914e-01)	Loss Pred 4.5222e-01 (4.5291e-01)	Loss TOTAL 8.5315e-01 (8.5587e-01)
Epoch: [47][ 30/154]	L_Src_Sup 3.0104e-01 (2.1291e-01)	L_Trg_Inj 2.8533e-01 (2.6551e-01)	Loss Disc 6.8894e-01 (6.8926e-01)	Loss Pred 4.3310e-01 (4.4824e-01)	Loss TOTAL 8.5192e-01 (8.4942e-01)
Epoch: [47][ 40/154]	L_Src_Sup 1.3798e-01 (2.1000e-01)	L_Trg_Inj 3.2397e-01 (2.7303e-01)	Loss Disc 6.8957e-01 (6.8933e-01)	Loss Pred 4.5853e-01 (4.5067e-01)	Loss TOTAL 8.4952e-01 (8.5049e-01)
Epoch: [47][ 50/154]	L_Src_Sup 2.8322e-01 (2.1204e-01)	L_Trg_Inj 2.1837e-01 (2.7282e-01)	Loss Disc 6.9182e-01 (6.8941e-01)	Loss Pred 4.7747e-01 (4.5251e-01)	Loss TOTAL 9.3839e-01 (8.5379e-01)
Epoch: [47][ 60/154]	L_Src_Sup 2.2810e-01 (2.0846e-01)	L_Trg_Inj 2.8054e-01 (2.7646e-01)	Loss Disc 6.9034e-01 (6.8928e-01)	Loss Pred 4.7084e-01 (4.5394e-01)	Loss TOTAL 8.6687e-01 (8.5382e-01)
Epoch: [47][ 70/154]	L_Src_Sup 1.0528e-01 (2.0394e-01)	L_Trg_Inj 2.6513e-01 (2.7185e-01)	Loss Disc 6.9120e-01 (6.8948e-01)	Loss Pred 4.7139e-01 (4.5542e-01)	Loss TOTAL 8.5402e-01 (8.5610e-01)
Epoch: [47][ 80/154]	L_Src_Sup 1.2614e-01 (1.9805e-01)	L_Trg_Inj 2.7718e-01 (2.6853e-01)	Loss Disc 6.9122e-01 (6.8952e-01)	Loss Pred 4.9113e-01 (4.5566e-01)	Loss TOTAL 8.7707e-01 (8.5554e-01)
Epoch: [47][ 90/154]	L_Src_Sup 1.8980e-01 (1.9854e-01)	L_Trg_Inj 2.7336e-01 (2.6547e-01)	Loss Disc 6.9062e-01 (6.8957e-01)	Loss Pred 4.5875e-01 (4.5507e-01)	Loss TOTAL 8.5038e-01 (8.5701e-01)
Epoch: [47][100/154]	L_Src_Sup 1.5678e-01 (1.9944e-01)	L_Trg_Inj 3.1181e-01 (2.6803e-01)	Loss Disc 6.8642e-01 (6.8952e-01)	Loss Pred 4.6504e-01 (4.5543e-01)	Loss TOTAL 8.5510e-01 (8.5661e-01)
Epoch: [47][110/154]	L_Src_Sup 3.0034e-01 (2.0106e-01)	L_Trg_Inj 2.9578e-01 (2.7267e-01)	Loss Disc 6.8828e-01 (6.8944e-01)	Loss Pred 4.6503e-01 (4.5537e-01)	Loss TOTAL 8.7334e-01 (8.5630e-01)
Epoch: [47][120/154]	L_Src_Sup 1.5519e-01 (2.0276e-01)	L_Trg_Inj 2.8104e-01 (2.7278e-01)	Loss Disc 6.9034e-01 (6.8939e-01)	Loss Pred 4.5906e-01 (4.5515e-01)	Loss TOTAL 8.4785e-01 (8.5631e-01)
Epoch: [47][130/154]	L_Src_Sup 2.3008e-01 (2.0382e-01)	L_Trg_Inj 1.7184e-01 (2.7036e-01)	Loss Disc 6.9414e-01 (6.8945e-01)	Loss Pred 4.7784e-01 (4.5494e-01)	Loss TOTAL 9.2335e-01 (8.5689e-01)
Epoch: [47][140/154]	L_Src_Sup 1.5517e-01 (2.0537e-01)	L_Trg_Inj 2.3433e-01 (2.7047e-01)	Loss Disc 6.8928e-01 (6.8950e-01)	Loss Pred 4.5830e-01 (4.5587e-01)	Loss TOTAL 8.4189e-01 (8.5871e-01)
Epoch: [47][150/154]	L_Src_Sup 2.3861e-01 (2.0608e-01)	L_Trg_Inj 2.8198e-01 (2.7082e-01)	Loss Disc 6.9090e-01 (6.8956e-01)	Loss Pred 4.5305e-01 (4.5662e-01)	Loss TOTAL 8.5056e-01 (8.5926e-01)
Epoch: [47][154/154]	L_Src_Sup 2.2872e-01 (2.0566e-01)	L_Trg_Inj 2.8099e-01 (2.7099e-01)	Loss Disc 6.8666e-01 (6.8953e-01)	Loss Pred 4.2722e-01 (4.5632e-01)	Loss TOTAL 8.2152e-01 (8.5866e-01)
Epoch 47 complete. Saving model state...
Epoch: [48][ 10/154]	L_Src_Sup 2.5450e-01 (2.1157e-01)	L_Trg_Inj 2.9956e-01 (3.3396e-01)	Loss Disc 6.8966e-01 (6.8900e-01)	Loss Pred 4.5887e-01 (4.6375e-01)	Loss TOTAL 8.5910e-01 (8.6383e-01)
Epoch: [48][ 20/154]	L_Src_Sup 1.1791e-01 (2.0512e-01)	L_Trg_Inj 3.4371e-01 (3.3163e-01)	Loss Disc 6.8755e-01 (6.8886e-01)	Loss Pred 4.4601e-01 (4.5570e-01)	Loss TOTAL 8.3594e-01 (8.5432e-01)
Epoch: [48][ 30/154]	L_Src_Sup 2.0344e-01 (2.0218e-01)	L_Trg_Inj 2.6547e-01 (3.2080e-01)	Loss Disc 6.8926e-01 (6.8914e-01)	Loss Pred 4.4587e-01 (4.5482e-01)	Loss TOTAL 8.3739e-01 (8.5323e-01)
Epoch: [48][ 40/154]	L_Src_Sup 2.2070e-01 (2.0411e-01)	L_Trg_Inj 3.6708e-01 (3.1508e-01)	Loss Disc 6.8761e-01 (6.8940e-01)	Loss Pred 4.4577e-01 (4.5642e-01)	Loss TOTAL 8.4835e-01 (8.5427e-01)
Epoch: [48][ 50/154]	L_Src_Sup 2.0008e-01 (2.0233e-01)	L_Trg_Inj 4.0273e-01 (3.1007e-01)	Loss Disc 6.8674e-01 (6.8942e-01)	Loss Pred 4.3335e-01 (4.5510e-01)	Loss TOTAL 8.3700e-01 (8.5337e-01)
Epoch: [48][ 60/154]	L_Src_Sup 2.0875e-01 (2.0666e-01)	L_Trg_Inj 2.1872e-01 (3.1350e-01)	Loss Disc 6.9431e-01 (6.8952e-01)	Loss Pred 4.6506e-01 (4.5591e-01)	Loss TOTAL 8.5496e-01 (8.5638e-01)
Epoch: [48][ 70/154]	L_Src_Sup 1.6951e-01 (2.0496e-01)	L_Trg_Inj 2.4990e-01 (3.0714e-01)	Loss Disc 6.9169e-01 (6.8967e-01)	Loss Pred 4.4616e-01 (4.5666e-01)	Loss TOTAL 8.3395e-01 (8.5732e-01)
Epoch: [48][ 80/154]	L_Src_Sup 1.5810e-01 (2.0333e-01)	L_Trg_Inj 3.9529e-01 (3.1361e-01)	Loss Disc 6.9245e-01 (6.8966e-01)	Loss Pred 4.9671e-01 (4.5685e-01)	Loss TOTAL 8.9828e-01 (8.5741e-01)
Epoch: [48][ 90/154]	L_Src_Sup 1.9715e-01 (1.9946e-01)	L_Trg_Inj 2.9571e-01 (3.1355e-01)	Loss Disc 6.8778e-01 (6.8957e-01)	Loss Pred 4.2053e-01 (4.5711e-01)	Loss TOTAL 8.1370e-01 (8.5679e-01)
Epoch: [48][100/154]	L_Src_Sup 1.5930e-01 (1.9914e-01)	L_Trg_Inj 3.2407e-01 (3.1016e-01)	Loss Disc 6.9133e-01 (6.8962e-01)	Loss Pred 4.7771e-01 (4.5777e-01)	Loss TOTAL 8.7172e-01 (8.5797e-01)
Epoch: [48][110/154]	L_Src_Sup 2.8583e-01 (2.0052e-01)	L_Trg_Inj 2.6540e-01 (3.0960e-01)	Loss Disc 6.8782e-01 (6.8960e-01)	Loss Pred 4.3963e-01 (4.5803e-01)	Loss TOTAL 8.5910e-01 (8.5833e-01)
Epoch: [48][120/154]	L_Src_Sup 2.2437e-01 (1.9919e-01)	L_Trg_Inj 2.3315e-01 (3.0844e-01)	Loss Disc 6.9318e-01 (6.8957e-01)	Loss Pred 4.5853e-01 (4.5808e-01)	Loss TOTAL 8.5087e-01 (8.5774e-01)
Epoch: [48][130/154]	L_Src_Sup 1.8121e-01 (1.9725e-01)	L_Trg_Inj 3.7670e-01 (3.0714e-01)	Loss Disc 6.8459e-01 (6.8954e-01)	Loss Pred 4.2053e-01 (4.5734e-01)	Loss TOTAL 8.1861e-01 (8.5635e-01)
Epoch: [48][140/154]	L_Src_Sup 2.2149e-01 (1.9549e-01)	L_Trg_Inj 2.4508e-01 (3.0366e-01)	Loss Disc 6.9042e-01 (6.8956e-01)	Loss Pred 4.3938e-01 (4.5686e-01)	Loss TOTAL 8.3125e-01 (8.5522e-01)
Epoch: [48][150/154]	L_Src_Sup 2.3543e-01 (1.9589e-01)	L_Trg_Inj 3.4350e-01 (3.0053e-01)	Loss Disc 6.8443e-01 (6.8950e-01)	Loss Pred 4.5219e-01 (4.5680e-01)	Loss TOTAL 8.5229e-01 (8.5483e-01)
Epoch: [48][154/154]	L_Src_Sup 1.9828e-01 (1.9658e-01)	L_Trg_Inj 3.2768e-01 (3.0097e-01)	Loss Disc 6.8984e-01 (6.8947e-01)	Loss Pred 4.9052e-01 (4.5669e-01)	Loss TOTAL 8.8803e-01 (8.5505e-01)
Epoch 48 complete. Saving model state...
Epoch: [49][ 10/154]	L_Src_Sup 1.8652e-01 (2.0173e-01)	L_Trg_Inj 2.6525e-01 (3.3534e-01)	Loss Disc 6.9217e-01 (6.8901e-01)	Loss Pred 4.4604e-01 (4.5479e-01)	Loss TOTAL 8.3730e-01 (8.5300e-01)
Epoch: [49][ 20/154]	L_Src_Sup 1.6950e-01 (2.0268e-01)	L_Trg_Inj 2.8103e-01 (3.1430e-01)	Loss Disc 6.8733e-01 (6.8903e-01)	Loss Pred 4.4594e-01 (4.5414e-01)	Loss TOTAL 8.3466e-01 (8.5235e-01)
Epoch: [49][ 30/154]	L_Src_Sup 3.7607e-01 (2.1039e-01)	L_Trg_Inj 2.3425e-01 (2.9698e-01)	Loss Disc 6.9108e-01 (6.8939e-01)	Loss Pred 4.5243e-01 (4.5562e-01)	Loss TOTAL 1.0008e+00 (8.5852e-01)
Epoch: [49][ 40/154]	L_Src_Sup 1.9470e-01 (2.0778e-01)	L_Trg_Inj 2.6550e-01 (2.9437e-01)	Loss Disc 6.8920e-01 (6.8945e-01)	Loss Pred 4.9401e-01 (4.5804e-01)	Loss TOTAL 8.8462e-01 (8.5890e-01)
Epoch: [49][ 50/154]	L_Src_Sup 2.6319e-01 (2.0169e-01)	L_Trg_Inj 2.1834e-01 (2.9295e-01)	Loss Disc 6.9304e-01 (6.8964e-01)	Loss Pred 4.7151e-01 (4.5894e-01)	Loss TOTAL 9.1103e-01 (8.5885e-01)
Epoch: [49][ 60/154]	L_Src_Sup 2.0169e-01 (1.9837e-01)	L_Trg_Inj 2.8102e-01 (2.9246e-01)	Loss Disc 6.8966e-01 (6.8954e-01)	Loss Pred 4.3979e-01 (4.5719e-01)	Loss TOTAL 8.3289e-01 (8.5582e-01)
Epoch: [49][ 70/154]	L_Src_Sup 2.8580e-01 (1.9662e-01)	L_Trg_Inj 2.8093e-01 (2.9531e-01)	Loss Disc 6.9025e-01 (6.8950e-01)	Loss Pred 4.8395e-01 (4.5822e-01)	Loss TOTAL 8.9062e-01 (8.5631e-01)
Epoch: [49][ 80/154]	L_Src_Sup 2.6460e-01 (1.9753e-01)	L_Trg_Inj 2.4125e-01 (2.9234e-01)	Loss Disc 6.8896e-01 (6.8948e-01)	Loss Pred 4.2676e-01 (4.5668e-01)	Loss TOTAL 8.4517e-01 (8.5485e-01)
Epoch: [49][ 90/154]	L_Src_Sup 2.9061e-01 (2.0060e-01)	L_Trg_Inj 3.2403e-01 (2.9301e-01)	Loss Disc 6.8899e-01 (6.8953e-01)	Loss Pred 4.5214e-01 (4.5725e-01)	Loss TOTAL 8.5810e-01 (8.5555e-01)
Epoch: [49][100/154]	L_Src_Sup 3.1679e-01 (2.0113e-01)	L_Trg_Inj 3.4217e-01 (2.9001e-01)	Loss Disc 6.8692e-01 (6.8954e-01)	Loss Pred 4.3360e-01 (4.5669e-01)	Loss TOTAL 8.4295e-01 (8.5450e-01)
Epoch: [49][110/154]	L_Src_Sup 2.0352e-01 (2.0107e-01)	L_Trg_Inj 1.7160e-01 (2.8620e-01)	Loss Disc 6.8681e-01 (6.8946e-01)	Loss Pred 4.4580e-01 (4.5646e-01)	Loss TOTAL 8.5864e-01 (8.5500e-01)
Epoch: [49][120/154]	L_Src_Sup 1.1478e-01 (1.9901e-01)	L_Trg_Inj 3.4156e-01 (2.8589e-01)	Loss Disc 6.8600e-01 (6.8941e-01)	Loss Pred 4.2043e-01 (4.5621e-01)	Loss TOTAL 8.0906e-01 (8.5511e-01)
Epoch: [49][130/154]	L_Src_Sup 1.7396e-01 (1.9787e-01)	L_Trg_Inj 2.6526e-01 (2.8743e-01)	Loss Disc 6.8990e-01 (6.8942e-01)	Loss Pred 4.6454e-01 (4.5606e-01)	Loss TOTAL 8.5341e-01 (8.5456e-01)
Epoch: [49][140/154]	L_Src_Sup 1.4417e-01 (1.9665e-01)	L_Trg_Inj 2.8121e-01 (2.8536e-01)	Loss Disc 6.9287e-01 (6.8950e-01)	Loss Pred 4.9022e-01 (4.5683e-01)	Loss TOTAL 8.7919e-01 (8.5522e-01)
Epoch: [49][150/154]	L_Src_Sup 2.2034e-01 (1.9711e-01)	L_Trg_Inj 2.8104e-01 (2.8684e-01)	Loss Disc 6.8884e-01 (6.8945e-01)	Loss Pred 4.4586e-01 (4.5660e-01)	Loss TOTAL 8.4042e-01 (8.5534e-01)
Epoch: [49][154/154]	L_Src_Sup 2.2414e-01 (1.9752e-01)	L_Trg_Inj 2.4986e-01 (2.8568e-01)	Loss Disc 6.8956e-01 (6.8945e-01)	Loss Pred 4.5858e-01 (4.5649e-01)	Loss TOTAL 8.5076e-01 (8.5543e-01)
Epoch 49 complete. Saving model state...
