datetime,hp_comp_1,lp_comp_1,comp_current_1,cond_current_1,fan_current_1,hp_comp_2,lp_comp_2,comp_current_2,cond_current_2,fan_current_2,return_air_temp,outdoor_temp,heater_temp,lp_plate_temp_1,lp_plate_temp_2,superheat_1,superheat_2,comp_start_1,cond_fan_start_1,fan_start_1,comp_start_2,cond_fan_start_2,fan_start_2,heater_start,EF1speed,EF2speed,label
2025-04-14 10:45:00,9.83,9.58,0.1,0.1,6.7,0.0,0.0,0.0,0.0,0.0,19.7,23.8,29.8,29.2,-128.7,2.8,0.0,0.0,0.0,1.0,0.0,0.0,1.0,1.0,90.0,90.0,0
2025-04-14 10:45:01,9.84,9.58,0.1,0.1,6.5,0.0,0.0,0.0,0.0,0.0,19.7,23.8,29.8,29.2,-128.7,2.7,0.0,0.0,0.0,1.0,0.0,0.0,1.0,1.0,90.0,90.0,0
2025-04-14 10:45:02,9.84,9.58,0.1,0.1,6.5,0.0,0.0,0.0,0.0,0.0,19.7,23.8,29.9,29.2,-128.7,2.8,0.0,0.0,0.0,1.0,0.0,0.0,1.0,1.0,90.0,90.0,0
2025-04-14 10:45:03,9.84,9.58,0.1,0.1,6.9,0.0,0.0,0.0,0.0,0.0,19.7,23.8,30.1,29.2,-128.7,2.8,0.0,0.0,0.0,1.0,0.0,0.0,1.0,1.0,90.0,90.0,0
2025-04-14 10:45:04,9.84,9.58,0.1,0.1,6.8,0.0,0.0,0.0,0.0,0.0,19.7,23.8,30.1,29.2,-128.7,2.8,0.0,0.0,0.0,1.0,0.0,0.0,1.0,1.0,90.0,90.0,0
2025-04-14 10:45:05,9.84,9.58,0.1,0.1,6.3,0.0,0.0,0.0,0.0,0.0,19.7,23.8,30.3,29.2,-128.7,2.8,0.0,0.0,0.0,1.0,0.0,0.0,1.0,1.0,90.0,90.0,0
2025-04-14 10:45:06,9.83,9.58,0.1,0.1,6.5,0.0,0.0,0.0,0.0,0.0,19.7,23.8,30.3,29.2,-128.7,2.8,0.0,0.0,0.0,1.0,0.0,0.0,1.0,1.0,90.0,90.0,0
2025-04-14 10:45:07,9.84,9.57,0.1,0.1,6.2,0.0,0.0,0.0,0.0,0.0,19.7,23.8,30.4,29.2,-128.7,2.8,0.0,0.0,0.0,1.0,0.0,0.0,1.0,1.0,90.0,90.0,0
2025-04-14 10:45:08,9.83,9.58,0.1,0.1,6.6,0.0,0.0,0.0,0.0,0.0,19.7,23.8,30.4,29.2,-128.7,2.8,0.0,0.0,0.0,1.0,0.0,0.0,1.0,1.0,90.0,90.0,0
2025-04-14 10:45:09,9.83,9.58,0.1,0.1,6.4,0.0,0.0,0.0,0.0,0.0,19.7,23.8,30.5,29.3,-128.7,2.9,0.0,0.0,0.0,1.0,0.0,0.0,1.0,1.0,90.0,90.0,0
2025-04-14 10:45:10,9.83,9.58,0.1,0.1,6.3,0.0,0.0,0.0,0.0,0.0,19.7,23.8,30.5,29.3,-128.7,2.9,0.0,0.0,0.0,1.0,0.0,0.0,1.0,1.0,90.0,90.0,0
2025-04-14 10:45:11,9.83,9.57,0.1,0.1,6.6,0.0,0.0,0.0,0.0,0.0,19.7,23.8,30.7,29.3,-128.7,2.9,0.0,0.0,0.0,1.0,0.0,0.0,1.0,1.0,90.0,90.0,0
2025-04-14 10:45:12,9.83,9.58,0.1,0.1,6.1,0.0,0.0,0.0,0.0,0.0,19.7,23.8,30.7,29.3,-128.7,2.9,0.0,0.0,0.0,1.0,0.0,0.0,1.0,1.0,90.0,90.0,0
2025-04-14 10:45:13,9.83,9.57,0.1,0.1,6.4,0.0,0.0,0.0,0.0,0.0,19.7,23.8,30.8,29.3,-128.7,2.9,0.0,0.0,0.0,1.0,0.0,0.0,1.0,1.0,90.0,90.0,0
2025-04-14 10:45:14,9.83,9.58,0.1,0.1,6.1,0.0,0.0,0.0,0.0,0.0,19.7,23.8,30.8,29.3,-128.7,2.9,0.0,0.0,0.0,1.0,0.0,0.0,1.0,1.0,90.0,90.0,0
2025-04-14 10:45:15,9.82,9.56,0.1,0.1,6.3,0.0,0.0,0.0,0.0,0.0,19.7,23.8,31.0,29.3,-128.7,2.9,0.0,0.0,0.0,1.0,0.0,0.0,1.0,1.0,90.0,90.0,0
2025-04-14 10:45:16,9.83,9.58,0.1,0.1,6.2,0.0,0.0,0.0,0.0,0.0,19.7,23.8,31.1,29.3,-128.7,2.9,0.0,0.0,0.0,1.0,0.0,0.0,1.0,1.0,90.0,90.0,0
2025-04-14 10:45:17,9.84,9.58,0.1,0.1,6.3,0.0,0.0,0.0,0.0,0.0,19.6,23.8,31.1,29.3,-128.7,2.9,0.0,0.0,0.0,1.0,0.0,0.0,1.0,1.0,90.0,90.0,0
2025-04-14 10:45:18,9.84,9.57,0.1,0.1,6.2,0.0,0.0,0.0,0.0,0.0,19.6,23.8,31.2,29.3,-128.7,2.9,0.0,0.0,0.0,1.0,0.0,0.0,1.0,1.0,90.0,90.0,0
2025-04-14 10:45:19,9.84,9.58,0.1,0.1,6.5,0.0,0.0,0.0,0.0,0.0,19.6,23.8,31.2,29.3,-128.7,2.9,0.0,0.0,0.0,1.0,0.0,0.0,1.0,1.0,90.0,90.0,0
2025-04-14 10:45:20,9.84,9.57,0.1,0.1,6.2,0.0,0.0,0.0,0.0,0.0,19.6,23.8,31.3,29.3,-128.7,2.9,0.0,0.0,0.0,1.0,0.0,0.0,1.0,1.0,90.0,90.0,0
2025-04-14 10:45:21,9.84,9.58,0.1,0.1,6.3,0.0,0.0,0.0,0.0,0.0,19.6,23.8,31.3,29.3,-128.7,2.9,0.0,0.0,0.0,1.0,0.0,0.0,1.0,1.0,90.0,90.0,0
2025-04-14 10:45:22,9.83,9.57,0.1,0.1,6.1,0.0,0.0,0.0,0.0,0.0,19.6,23.8,31.4,29.3,-128.7,2.9,0.0,0.0,0.0,1.0,0.0,0.0,1.0,1.0,90.0,90.0,0
2025-04-14 10:45:23,9.83,9.58,0.1,0.1,6.0,0.0,0.0,0.0,0.0,0.0,19.6,23.8,31.4,29.3,-128.7,2.9,0.0,0.0,0.0,1.0,0.0,0.0,1.0,1.0,90.0,90.0,0
2025-04-14 10:45:24,9.83,9.57,0.1,0.1,6.2,0.0,0.0,0.0,0.0,0.0,19.6,23.8,31.6,29.3,-128.7,2.9,0.0,0.0,0.0,1.0,0.0,0.0,1.0,1.0,90.0,90.0,0
2025-04-14 10:45:25,9.83,9.58,0.1,0.1,6.1,0.0,0.0,0.0,0.0,0.0,19.6,23.8,31.6,29.3,-128.7,2.9,0.0,0.0,0.0,1.0,0.0,0.0,1.0,1.0,90.0,90.0,0
2025-04-14 10:45:26,9.82,9.57,0.1,0.1,6.5,0.0,0.0,0.0,0.0,0.0,19.6,23.8,31.7,29.3,-128.7,2.9,0.0,0.0,0.0,1.0,0.0,0.0,1.0,1.0,90.0,90.0,0
2025-04-14 10:45:27,9.83,9.58,0.1,0.1,6.1,0.0,0.0,0.0,0.0,0.0,19.6,23.8,31.7,29.3,-128.7,2.9,0.0,0.0,0.0,1.0,0.0,0.0,1.0,1.0,90.0,90.0,0
2025-04-14 10:45:28,9.83,9.56,0.1,0.1,6.4,0.0,0.0,0.0,0.0,0.0,19.6,23.8,31.8,29.3,-128.7,2.9,0.0,0.0,0.0,1.0,0.0,0.0,1.0,1.0,90.0,90.0,0
2025-04-14 10:45:29,9.83,9.58,0.1,0.1,6.4,0.0,0.0,0.0,0.0,0.0,19.6,23.8,31.8,29.3,-128.7,2.9,0.0,0.0,0.0,1.0,0.0,0.0,1.0,1.0,90.0,90.0,0
2025-04-14 10:45:30,9.82,9.56,0.1,0.1,6.4,0.0,0.0,0.0,0.0,0.0,19.6,23.8,32.0,29.3,-128.7,2.9,0.0,0.0,0.0,1.0,0.0,0.0,1.0,1.0,90.0,90.0,0
2025-04-14 10:45:31,9.84,9.58,0.1,0.1,6.1,0.0,0.0,0.0,0.0,0.0,19.6,23.8,32.1,29.3,-128.7,2.9,0.0,0.0,0.0,1.0,0.0,0.0,1.0,1.0,90.0,90.0,0
2025-04-14 10:45:32,9.84,9.56,0.1,0.1,6.3,0.0,0.0,0.0,0.0,0.0,19.6,23.8,32.1,29.3,-128.7,2.9,0.0,0.0,0.0,1.0,0.0,0.0,1.0,1.0,90.0,90.0,0
2025-04-14 10:45:33,9.84,9.57,0.1,0.1,6.3,0.0,0.0,0.0,0.0,0.0,19.6,23.8,32.2,29.3,-128.7,2.9,0.0,0.0,0.0,1.0,0.0,0.0,1.0,1.0,90.0,90.0,0
2025-04-14 10:45:34,9.84,9.58,0.1,0.1,6.4,0.0,0.0,0.0,0.0,0.0,19.6,23.8,32.2,29.3,-128.7,2.9,0.0,0.0,0.0,1.0,0.0,0.0,1.0,1.0,90.0,90.0,0
2025-04-14 10:45:35,9.84,9.56,0.1,0.1,6.0,0.0,0.0,0.0,0.0,0.0,19.6,23.8,32.3,29.3,-128.7,2.9,0.0,0.0,0.0,1.0,0.0,0.0,1.0,1.0,90.0,90.0,0
2025-04-14 10:45:36,9.83,9.58,0.1,0.1,6.4,0.0,0.0,0.0,0.0,0.0,19.6,23.8,32.3,29.3,-128.7,2.9,0.0,0.0,0.0,1.0,0.0,0.0,1.0,1.0,90.0,90.0,0
2025-04-14 10:45:37,9.82,9.56,0.1,0.1,6.3,0.0,0.0,0.0,0.0,0.0,19.6,23.8,32.5,29.3,-128.7,2.9,0.0,0.0,0.0,1.0,0.0,0.0,1.0,1.0,90.0,90.0,0
2025-04-14 10:45:38,9.83,9.58,0.1,0.1,6.1,0.0,0.0,0.0,0.0,0.0,19.6,23.8,32.5,29.3,-128.7,2.9,0.0,0.0,0.0,1.0,0.0,0.0,1.0,1.0,90.0,90.0,0
2025-04-14 10:45:39,9.83,9.57,0.1,0.1,6.9,0.0,0.0,0.0,0.0,0.0,19.6,23.8,32.6,29.3,-128.7,2.9,0.0,0.0,0.0,1.0,0.0,0.0,1.0,1.0,90.0,90.0,0
2025-04-14 10:45:40,9.83,9.58,0.1,0.1,6.2,0.0,0.0,0.0,0.0,0.0,19.6,23.8,32.6,29.3,-128.7,2.9,0.0,0.0,0.0,1.0,0.0,0.0,1.0,1.0,90.0,90.0,0
2025-04-14 10:45:41,9.83,9.57,0.1,0.1,6.5,0.0,0.0,0.0,0.0,0.0,19.6,23.8,32.7,29.3,-128.7,2.9,0.0,0.0,0.0,1.0,0.0,0.0,1.0,1.0,90.0,90.0,0
2025-04-14 10:45:42,9.83,9.56,0.1,0.1,6.1,0.0,0.0,0.0,0.0,0.0,19.6,23.8,32.7,29.3,-128.7,2.9,0.0,0.0,0.0,1.0,0.0,0.0,1.0,1.0,90.0,90.0,0
2025-04-14 10:45:43,9.83,9.58,0.1,0.1,6.2,0.0,0.0,0.0,0.0,0.0,19.6,23.8,32.8,29.3,-128.7,2.9,0.0,0.0,0.0,1.0,0.0,0.0,1.0,1.0,90.0,90.0,0
2025-04-14 10:45:44,9.83,9.56,0.1,0.1,6.8,0.0,0.0,0.0,0.0,0.0,19.6,23.8,32.9,29.3,-128.7,2.9,0.0,0.0,0.0,1.0,0.0,0.0,1.0,1.0,90.0,90.0,0
2025-04-14 10:45:45,9.83,9.57,0.1,0.1,7.0,0.0,0.0,0.0,0.0,0.0,19.6,23.8,32.9,29.3,-128.7,2.9,0.0,0.0,0.0,1.0,0.0,0.0,1.0,1.0,90.0,90.0,0
2025-04-14 10:45:46,9.83,9.57,0.1,0.1,6.3,0.0,0.0,0.0,0.0,0.0,19.6,23.8,33.0,29.3,-128.7,2.9,0.0,0.0,0.0,1.0,0.0,0.0,1.0,1.0,90.0,90.0,0
2025-04-14 10:45:47,9.83,9.57,0.1,0.1,6.6,0.0,0.0,0.0,0.0,0.0,19.6,23.8,33.0,29.3,-128.7,2.9,0.0,0.0,0.0,1.0,0.0,0.0,1.0,1.0,90.0,90.0,0
2025-04-14 10:45:48,9.83,9.57,0.1,0.1,6.3,0.0,0.0,0.0,0.0,0.0,19.6,23.8,33.1,29.3,-128.7,2.9,0.0,0.0,0.0,1.0,0.0,0.0,1.0,1.0,90.0,90.0,0
2025-04-14 10:45:49,9.83,9.56,0.1,0.1,6.7,0.0,0.0,0.0,0.0,0.0,19.6,23.8,33.1,29.3,-128.7,2.9,0.0,0.0,0.0,1.0,0.0,0.0,1.0,1.0,90.0,90.0,0
2025-04-14 10:45:50,9.83,9.57,0.1,0.1,6.2,0.0,0.0,0.0,0.0,0.0,19.6,23.8,33.2,29.3,-128.7,2.9,0.0,0.0,0.0,1.0,0.0,0.0,1.0,1.0,90.0,90.0,0
2025-04-14 10:45:51,9.83,9.57,0.1,0.1,6.8,0.0,0.0,0.0,0.0,0.0,19.6,23.8,33.2,29.3,-128.7,3.0,0.0,0.0,0.0,1.0,0.0,0.0,1.0,1.0,90.0,90.0,0
2025-04-14 10:45:52,9.83,9.56,0.1,0.1,6.4,0.0,0.0,0.0,0.0,0.0,19.6,23.8,33.3,29.4,-128.7,3.0,0.0,0.0,0.0,1.0,0.0,0.0,1.0,1.0,90.0,90.0,0
2025-04-14 10:45:53,9.83,9.58,0.1,0.1,7.0,0.0,0.0,0.0,0.0,0.0,19.6,23.8,33.3,29.4,-128.7,3.0,0.0,0.0,0.0,1.0,0.0,0.0,1.0,1.0,90.0,90.0,0
2025-04-14 10:45:54,9.82,9.56,0.1,0.1,6.0,0.0,0.0,0.0,0.0,0.0,19.6,23.8,33.4,29.4,-128.7,3.0,0.0,0.0,0.0,1.0,0.0,0.0,1.0,1.0,90.0,90.0,0
2025-04-14 10:45:55,9.83,9.57,0.1,0.1,6.4,0.0,0.0,0.0,0.0,0.0,19.6,23.8,33.4,29.4,-128.7,3.0,0.0,0.0,0.0,1.0,0.0,0.0,1.0,1.0,90.0,90.0,0
2025-04-14 10:45:56,9.83,9.57,0.1,0.1,6.6,0.0,0.0,0.0,0.0,0.0,19.6,23.8,33.5,29.4,-128.7,3.0,0.0,0.0,0.0,1.0,0.0,0.0,1.0,1.0,90.0,90.0,0
2025-04-14 10:45:57,9.82,9.57,0.1,0.1,6.5,0.0,0.0,0.0,0.0,0.0,19.6,23.8,33.5,29.4,-128.7,3.0,0.0,0.0,0.0,1.0,0.0,0.0,1.0,1.0,90.0,90.0,0
2025-04-14 10:45:58,9.84,9.57,0.1,0.1,6.8,0.0,0.0,0.0,0.0,0.0,19.6,23.8,33.6,29.4,-128.7,3.1,0.0,0.0,0.0,1.0,0.0,0.0,1.0,1.0,90.0,90.0,0
2025-04-14 10:45:59,9.83,9.55,0.1,0.1,6.4,0.0,0.0,0.0,0.0,0.0,19.6,23.8,33.7,29.4,-128.7,3.0,0.0,0.0,0.0,1.0,0.0,0.0,1.0,1.0,90.0,90.0,0
2025-04-14 10:46:00,9.84,9.57,0.1,0.1,6.5,0.0,0.0,0.0,0.0,0.0,19.6,23.8,33.7,29.4,-128.7,3.0,0.0,0.0,0.0,1.0,0.0,0.0,1.0,1.0,90.0,90.0,0
2025-04-14 10:46:01,9.83,9.55,0.1,0.1,6.2,0.0,0.0,0.0,0.0,0.0,19.6,23.8,33.7,29.4,-128.7,3.0,0.0,0.0,0.0,1.0,0.0,0.0,1.0,1.0,90.0,90.0,0
2025-04-14 10:46:02,9.83,9.58,0.1,0.1,6.7,0.0,0.0,0.0,0.0,0.0,19.6,23.8,33.7,29.4,-128.7,3.0,0.0,0.0,0.0,1.0,0.0,0.0,1.0,1.0,90.0,90.0,0
2025-04-14 10:46:03,9.82,9.56,0.1,0.1,6.7,0.0,0.0,0.0,0.0,0.0,19.6,23.8,33.8,29.4,-128.7,3.0,0.0,0.0,0.0,1.0,0.0,0.0,1.0,1.0,90.0,90.0,0
2025-04-14 10:46:04,9.83,9.57,0.1,0.1,6.5,0.0,0.0,0.0,0.0,0.0,19.6,23.8,33.8,29.4,-128.7,3.0,0.0,0.0,0.0,1.0,0.0,0.0,1.0,1.0,90.0,90.0,0
2025-04-14 10:46:05,9.83,9.57,0.1,0.1,6.5,0.0,0.0,0.0,0.0,0.0,19.6,23.8,33.9,29.4,-128.7,3.0,0.0,0.0,0.0,1.0,0.0,0.0,1.0,1.0,90.0,90.0,0
2025-04-14 10:46:06,9.84,9.55,0.1,0.1,6.2,0.0,0.0,0.0,0.0,0.0,19.6,23.8,33.9,29.4,-128.7,3.0,0.0,0.0,0.0,1.0,0.0,0.0,1.0,1.0,90.0,90.0,0
2025-04-14 10:46:07,9.84,9.58,0.1,0.1,6.7,0.0,0.0,0.0,0.0,0.0,19.6,23.8,34.0,29.4,-128.7,3.0,0.0,0.0,0.0,1.0,0.0,0.0,1.0,1.0,90.0,90.0,0
2025-04-14 10:46:08,9.84,9.55,0.1,0.1,6.0,0.0,0.0,0.0,0.0,0.0,19.6,23.8,34.0,29.4,-128.7,3.1,0.0,0.0,0.0,1.0,0.0,0.0,1.0,1.0,90.0,90.0,0
2025-04-14 10:46:09,9.83,9.58,0.1,0.1,6.8,0.0,0.0,0.0,0.0,0.0,19.6,23.8,34.1,29.4,-128.7,3.0,0.0,0.0,0.0,1.0,0.0,0.0,1.0,1.0,90.0,90.0,0
2025-04-14 10:46:10,9.83,9.56,0.1,0.1,6.7,0.0,0.0,0.0,0.0,0.0,19.5,23.8,34.1,29.4,-128.7,3.1,0.0,0.0,0.0,1.0,0.0,0.0,1.0,1.0,90.0,90.0,0
2025-04-14 10:46:11,9.82,9.57,0.1,0.1,6.3,0.0,0.0,0.0,0.0,0.0,19.5,23.8,34.2,29.4,-128.7,3.0,0.0,0.0,0.0,1.0,0.0,0.0,1.0,1.0,90.0,90.0,0
2025-04-14 10:46:12,9.82,9.56,0.1,0.1,6.5,0.0,0.0,0.0,0.0,0.0,19.5,23.8,34.3,29.4,-128.7,3.1,0.0,0.0,0.0,1.0,0.0,0.0,1.0,1.0,90.0,90.0,0
2025-04-14 10:46:13,9.83,9.56,0.1,0.1,6.6,0.0,0.0,0.0,0.0,0.0,19.5,23.8,34.3,29.4,-128.7,3.0,0.0,0.0,0.0,1.0,0.0,0.0,1.0,1.0,90.0,90.0,0
2025-04-14 10:46:14,9.82,9.57,0.1,0.1,6.5,0.0,0.0,0.0,0.0,0.0,19.5,23.8,34.3,29.4,-128.7,3.0,0.0,0.0,0.0,1.0,0.0,0.0,1.0,1.0,90.0,90.0,0
2025-04-14 10:46:15,9.82,9.55,0.1,0.1,6.6,0.0,0.0,0.0,0.0,0.0,19.5,23.8,34.3,29.4,-128.7,3.0,0.0,0.0,0.0,1.0,0.0,0.0,1.0,1.0,90.0,90.0,0
2025-04-14 10:46:16,9.82,9.58,0.1,0.1,6.7,0.0,0.0,0.0,0.0,0.0,19.5,23.8,34.4,29.4,-128.7,3.0,0.0,0.0,0.0,1.0,0.0,0.0,1.0,1.0,90.0,90.0,0
2025-04-14 10:46:17,9.8,9.55,0.1,0.1,6.2,0.0,0.0,0.0,0.0,0.0,19.5,23.8,34.4,29.4,-128.7,3.1,0.0,0.0,0.0,1.0,0.0,0.0,1.0,1.0,90.0,90.0,0
2025-04-14 10:46:18,9.83,9.56,0.1,0.1,6.3,0.0,0.0,0.0,0.0,0.0,19.5,23.8,34.5,29.4,-128.7,3.0,0.0,0.0,0.0,1.0,0.0,0.0,1.0,1.0,90.0,90.0,0
2025-04-14 10:46:19,9.83,9.56,0.1,0.1,6.8,0.0,0.0,0.0,0.0,0.0,19.5,23.8,34.5,29.4,-128.7,3.0,0.0,0.0,0.0,1.0,0.0,0.0,1.0,1.0,90.0,90.0,0
2025-04-14 10:46:20,9.83,9.55,0.1,0.1,6.5,0.0,0.0,0.0,0.0,0.0,19.5,23.8,34.6,29.4,-128.7,3.0,0.0,0.0,0.0,1.0,0.0,0.0,1.0,1.0,90.0,90.0,0
2025-04-14 10:46:21,9.83,9.57,0.1,0.1,6.5,0.0,0.0,0.0,0.0,0.0,19.5,23.8,34.6,29.4,-128.7,3.1,0.0,0.0,0.0,1.0,0.0,0.0,1.0,1.0,90.0,90.0,0
2025-04-14 10:46:22,9.83,9.55,0.1,0.1,6.7,0.0,0.0,0.0,0.0,0.0,19.5,23.8,34.7,29.4,-128.7,3.1,0.0,0.0,0.0,1.0,0.0,0.0,1.0,1.0,90.0,90.0,0
2025-04-14 10:46:23,9.83,9.57,0.1,0.1,6.8,0.0,0.0,0.0,0.0,0.0,19.5,23.8,34.7,29.4,-128.7,3.1,0.0,0.0,0.0,1.0,0.0,0.0,1.0,1.0,90.0,90.0,0
2025-04-14 10:46:24,9.8,9.55,0.1,0.1,6.4,0.0,0.0,0.0,0.0,0.0,19.5,23.8,34.8,29.4,-128.7,3.0,0.0,0.0,0.0,1.0,0.0,0.0,1.0,1.0,90.0,90.0,0
2025-04-14 10:46:25,9.82,9.57,0.1,0.1,7.0,0.0,0.0,0.0,0.0,0.0,19.5,23.8,34.8,29.4,-128.7,3.0,0.0,0.0,0.0,1.0,0.0,0.0,1.0,1.0,90.0,90.0,0
2025-04-14 10:46:26,9.82,9.55,0.1,0.1,6.4,0.0,0.0,0.0,0.0,0.0,19.5,23.8,34.8,29.4,-128.7,3.1,0.0,0.0,0.0,1.0,0.0,0.0,1.0,1.0,90.0,90.0,0
2025-04-14 10:46:27,9.8,9.56,0.1,0.1,6.5,0.0,0.0,0.0,0.0,0.0,19.5,23.8,34.9,29.4,-128.7,3.0,0.0,0.0,0.0,1.0,0.0,0.0,1.0,1.0,90.0,90.0,0
2025-04-14 10:46:28,9.82,9.56,0.1,0.1,7.0,0.0,0.0,0.0,0.0,0.0,19.5,23.8,34.9,29.4,-128.7,3.0,0.0,0.0,0.0,1.0,0.0,0.0,1.0,1.0,90.0,90.0,0
2025-04-14 10:46:29,9.83,9.56,0.1,0.1,6.9,0.0,0.0,0.0,0.0,0.0,19.5,23.7,35.0,29.4,-128.7,3.0,0.0,0.0,0.0,1.0,0.0,0.0,1.0,1.0,90.0,90.0,0
2025-04-14 10:46:30,9.83,9.56,0.1,0.1,6.3,0.0,0.0,0.0,0.0,0.0,19.5,23.7,35.0,29.4,-128.7,3.1,0.0,0.0,0.0,1.0,0.0,0.0,1.0,1.0,90.0,90.0,0
2025-04-14 10:46:31,9.83,9.56,0.1,0.1,6.6,0.0,0.0,0.0,0.0,0.0,19.5,23.7,35.1,29.4,-128.7,3.0,0.0,0.0,0.0,1.0,0.0,0.0,1.0,1.0,90.0,90.0,0
2025-04-14 10:46:32,9.83,9.57,0.1,0.1,6.2,0.0,0.0,0.0,0.0,0.0,19.5,23.7,35.1,29.4,-128.7,3.0,0.0,0.0,0.0,1.0,0.0,0.0,1.0,1.0,90.0,90.0,0
2025-04-14 10:46:33,9.82,9.56,0.1,0.1,6.3,0.0,0.0,0.0,0.0,0.0,19.5,23.7,35.1,29.4,-128.7,3.0,0.0,0.0,0.0,1.0,0.0,0.0,1.0,1.0,90.0,90.0,0
2025-04-14 10:46:34,9.83,9.57,0.1,0.1,6.9,0.0,0.0,0.0,0.0,0.0,19.5,23.7,35.1,29.4,-128.7,3.0,0.0,0.0,0.0,1.0,0.0,0.0,1.0,1.0,90.0,90.0,0
2025-04-14 10:46:35,9.83,9.56,0.1,0.1,6.5,0.0,0.0,0.0,0.0,0.0,19.5,23.7,35.2,29.4,-128.7,3.1,0.0,0.0,0.0,1.0,0.0,0.0,1.0,1.0,90.0,90.0,0
2025-04-14 10:46:36,9.83,9.56,0.1,0.1,6.4,0.0,0.0,0.0,0.0,0.0,19.5,23.7,35.2,29.4,-128.7,3.0,0.0,0.0,0.0,1.0,0.0,0.0,1.0,1.0,90.0,90.0,0
2025-04-14 10:46:37,9.82,9.57,0.1,0.1,6.9,0.0,0.0,0.0,0.0,0.0,19.5,23.7,35.3,29.4,-128.7,3.1,0.0,0.0,0.0,1.0,0.0,0.0,1.0,1.0,90.0,90.0,0
2025-04-14 10:46:38,9.82,9.55,0.1,0.1,6.4,0.0,0.0,0.0,0.0,0.0,19.5,23.7,35.3,29.4,-128.7,3.0,0.0,0.0,0.0,1.0,0.0,0.0,1.0,1.0,90.0,90.0,0
2025-04-14 10:46:39,9.82,9.57,0.1,0.1,6.3,0.0,0.0,0.0,0.0,0.0,19.5,23.7,35.3,29.4,-128.7,3.0,0.0,0.0,0.0,1.0,0.0,0.0,1.0,1.0,90.0,90.0,0
2025-04-14 10:46:40,9.82,9.55,0.1,0.1,6.8,0.0,0.0,0.0,0.0,0.0,19.5,23.7,35.4,29.4,-128.7,3.1,0.0,0.0,0.0,1.0,0.0,0.0,1.0,1.0,90.0,90.0,0
2025-04-14 10:46:41,9.83,9.57,0.1,0.1,6.0,0.0,0.0,0.0,0.0,0.0,19.5,23.7,35.4,29.4,-128.7,3.0,0.0,0.0,0.0,1.0,0.0,0.0,1.0,1.0,90.0,90.0,0
2025-04-14 10:46:42,9.83,9.56,0.1,0.1,6.4,0.0,0.0,0.0,0.0,0.0,19.5,23.7,35.5,29.4,-128.7,3.0,0.0,0.0,0.0,1.0,0.0,0.0,1.0,1.0,90.0,90.0,0
2025-04-14 10:46:43,9.83,9.56,0.1,0.1,6.6,0.0,0.0,0.0,0.0,0.0,19.5,23.7,35.5,29.4,-128.7,3.0,0.0,0.0,0.0,1.0,0.0,0.0,1.0,1.0,90.0,90.0,0
2025-04-14 10:46:44,9.82,9.56,0.1,0.1,6.1,0.0,0.0,0.0,0.0,0.0,19.5,23.7,35.5,29.4,-128.7,3.1,0.0,0.0,0.0,1.0,0.0,0.0,1.0,1.0,90.0,90.0,0
2025-04-14 10:46:45,9.83,9.56,0.1,0.1,6.4,0.0,0.0,0.0,0.0,0.0,19.5,23.7,35.5,29.4,-128.7,3.0,0.0,0.0,0.0,1.0,0.0,0.0,1.0,1.0,90.0,90.0,0
2025-04-14 10:46:46,9.82,9.57,0.1,0.1,6.9,0.0,0.0,0.0,0.0,0.0,19.5,23.7,35.6,29.4,-128.7,3.0,0.0,0.0,0.0,1.0,0.0,0.0,1.0,1.0,90.0,90.0,0
2025-04-14 10:46:47,9.82,9.55,0.1,0.1,6.4,0.0,0.0,0.0,0.0,0.0,19.5,23.7,35.6,29.4,-128.7,3.0,0.0,0.0,0.0,1.0,0.0,0.0,1.0,1.0,90.0,90.0,0
2025-04-14 10:46:48,9.83,9.57,0.1,0.1,6.4,0.0,0.0,0.0,0.0,0.0,19.5,23.7,35.6,29.4,-128.7,3.0,0.0,0.0,0.0,1.0,0.0,0.0,1.0,1.0,90.0,90.0,0
2025-04-14 10:46:49,9.83,9.55,0.1,0.1,6.1,0.0,0.0,0.0,0.0,0.0,19.5,23.7,35.6,29.4,-128.7,3.0,0.0,0.0,0.0,1.0,0.0,0.0,1.0,1.0,90.0,90.0,0
2025-04-14 10:46:50,9.83,9.56,0.1,0.1,6.2,0.0,0.0,0.0,0.0,0.0,19.5,23.7,35.7,29.4,-128.7,3.0,0.0,0.0,0.0,1.0,0.0,0.0,1.0,1.0,90.0,90.0,0
2025-04-14 10:46:51,9.84,9.56,0.1,0.1,6.9,0.0,0.0,0.0,0.0,0.0,19.5,23.7,35.7,29.4,-128.7,3.0,0.0,0.0,0.0,1.0,0.0,0.0,1.0,1.0,90.0,90.0,0
2025-04-14 10:46:52,9.83,9.56,0.1,0.1,6.6,0.0,0.0,0.0,0.0,0.0,19.5,23.7,35.7,29.4,-128.7,3.0,0.0,0.0,0.0,1.0,0.0,0.0,1.0,1.0,90.0,90.0,0
2025-04-14 10:46:53,9.83,9.58,0.1,0.1,6.1,0.0,0.0,0.0,0.0,0.0,19.5,23.7,35.7,29.5,-128.7,3.2,0.0,0.0,0.0,1.0,0.0,0.0,1.0,1.0,90.0,90.0,0
2025-04-14 10:46:54,9.83,9.56,0.1,0.1,6.7,0.0,0.0,0.0,0.0,0.0,19.5,23.7,35.8,29.5,-128.7,3.1,0.0,0.0,0.0,1.0,0.0,0.0,1.0,1.0,90.0,90.0,0
2025-04-14 10:46:55,9.83,9.58,0.1,0.1,6.2,0.0,0.0,0.0,0.0,0.0,19.5,23.7,35.8,29.5,-128.7,3.1,0.0,0.0,0.0,1.0,0.0,0.0,1.0,1.0,90.0,90.0,0
2025-04-14 10:46:56,9.83,9.56,0.1,0.1,6.6,0.0,0.0,0.0,0.0,0.0,19.5,23.7,35.8,29.5,-128.7,3.1,0.0,0.0,0.0,1.0,0.0,0.0,1.0,1.0,90.0,90.0,0
2025-04-14 10:46:57,9.83,9.58,0.1,0.1,6.1,0.0,0.0,0.0,0.0,0.0,19.5,23.7,35.9,29.5,-128.7,3.1,0.0,0.0,0.0,1.0,0.0,0.0,1.0,1.0,90.0,90.0,0
2025-04-14 10:46:58,9.83,9.56,0.1,0.1,6.5,0.0,0.0,0.0,0.0,0.0,19.5,23.7,35.9,29.5,-128.7,3.1,0.0,0.0,0.0,1.0,0.0,0.0,1.0,1.0,90.0,90.0,0
2025-04-14 10:46:59,9.84,9.56,0.1,0.1,6.3,0.0,0.0,0.0,0.0,0.0,19.5,23.7,36.0,29.5,-128.7,3.1,0.0,0.0,0.0,1.0,0.0,0.0,1.0,1.0,90.0,90.0,0
2025-04-14 10:47:00,9.84,9.58,0.1,0.1,6.9,0.0,0.0,0.0,0.0,0.0,19.5,23.7,36.0,29.5,-128.7,3.1,0.0,0.0,0.0,1.0,0.0,0.0,1.0,1.0,90.0,90.0,0
2025-04-14 10:47:01,9.84,9.56,0.1,0.1,6.5,0.0,0.0,0.0,0.0,0.0,19.5,23.7,36.0,29.5,-128.7,3.1,0.0,0.0,0.0,1.0,0.0,0.0,1.0,1.0,90.0,90.0,0
2025-04-14 10:47:02,9.84,9.58,0.1,0.1,6.4,0.0,0.0,0.0,0.0,0.0,19.5,23.7,36.0,29.5,-128.7,3.1,0.0,0.0,0.0,1.0,0.0,0.0,1.0,1.0,90.0,90.0,0
2025-04-14 10:47:03,9.82,9.56,0.1,0.1,6.9,0.0,0.0,0.0,0.0,0.0,19.5,23.7,36.1,29.5,-128.7,3.1,0.0,0.0,0.0,1.0,0.0,0.0,1.0,1.0,90.0,90.0,0
2025-04-14 10:47:04,9.82,9.57,0.1,0.1,6.1,0.0,0.0,0.0,0.0,0.0,19.5,23.7,36.1,29.5,-128.7,3.1,0.0,0.0,0.0,1.0,0.0,0.0,1.0,1.0,90.0,90.0,0
2025-04-14 10:47:05,9.83,9.58,0.1,0.1,6.4,0.0,0.0,0.0,0.0,0.0,19.5,23.7,36.2,29.5,-128.7,3.1,0.0,0.0,0.0,1.0,0.0,0.0,1.0,1.0,90.0,90.0,0
2025-04-14 10:47:06,9.83,9.56,0.1,0.1,6.8,0.0,0.0,0.0,0.0,0.0,19.5,23.7,36.2,29.5,-128.7,3.1,0.0,0.0,0.0,1.0,0.0,0.0,1.0,1.0,90.0,90.0,0
2025-04-14 10:47:07,9.83,9.57,0.1,0.1,6.8,0.0,0.0,0.0,0.0,0.0,19.5,23.7,36.2,29.5,-128.7,3.1,0.0,0.0,0.0,1.0,0.0,0.0,1.0,1.0,90.0,90.0,0
2025-04-14 10:47:08,9.84,9.56,0.1,0.1,6.5,0.0,0.0,0.0,0.0,0.0,19.5,23.7,36.3,29.5,-128.7,3.1,0.0,0.0,0.0,1.0,0.0,0.0,1.0,1.0,90.0,90.0,0
2025-04-14 10:47:09,9.84,9.58,0.1,0.1,6.4,0.0,0.0,0.0,0.0,0.0,19.5,23.7,36.3,29.5,-128.7,3.1,0.0,0.0,0.0,1.0,0.0,0.0,1.0,1.0,90.0,90.0,0
2025-04-14 10:47:10,9.83,9.57,0.1,0.1,6.8,0.0,0.0,0.0,0.0,0.0,19.5,23.7,36.3,29.5,-128.7,3.1,0.0,0.0,0.0,1.0,0.0,0.0,1.0,1.0,90.0,90.0,0
2025-04-14 10:47:11,9.82,9.57,0.1,0.1,6.5,0.0,0.0,0.0,0.0,0.0,19.5,23.7,36.3,29.5,-128.7,3.1,0.0,0.0,0.0,1.0,0.0,0.0,1.0,1.0,90.0,90.0,0
2025-04-14 10:47:12,9.83,9.58,0.1,0.1,6.2,0.0,0.0,0.0,0.0,0.0,19.5,23.7,36.3,29.5,-128.7,3.1,0.0,0.0,0.0,1.0,0.0,0.0,1.0,1.0,90.0,90.0,0
2025-04-14 10:47:13,9.83,9.57,0.1,0.1,6.7,0.0,0.0,0.0,0.0,0.0,19.5,23.7,36.3,29.5,-128.7,3.1,0.0,0.0,0.0,1.0,0.0,0.0,1.0,1.0,90.0,90.0,0
2025-04-14 10:47:14,9.83,9.58,0.1,0.1,6.3,0.0,0.0,0.0,0.0,0.0,19.5,23.7,36.4,29.5,-128.7,3.1,0.0,0.0,0.0,1.0,0.0,0.0,1.0,1.0,90.0,90.0,0
2025-04-14 10:47:15,9.83,9.58,0.1,0.1,6.9,0.0,0.0,0.0,0.0,0.0,19.5,23.7,36.4,29.5,-128.7,3.1,0.0,0.0,0.0,1.0,0.0,0.0,1.0,1.0,90.0,90.0,0
2025-04-14 10:47:16,9.84,9.58,0.1,0.1,6.0,0.0,0.0,0.0,0.0,0.0,19.5,23.7,36.4,29.5,-128.7,3.1,0.0,0.0,0.0,1.0,0.0,0.0,1.0,1.0,90.0,90.0,0
2025-04-14 10:47:17,9.85,9.58,0.1,0.1,6.4,0.0,0.0,0.0,0.0,0.0,19.5,23.7,36.4,29.5,-128.7,3.1,0.0,0.0,0.0,1.0,0.0,0.0,1.0,1.0,90.0,90.0,0
2025-04-14 10:47:18,9.85,9.56,0.1,0.1,6.2,0.0,0.0,0.0,0.0,0.0,19.5,23.7,36.5,29.5,-128.7,3.1,0.0,0.0,0.0,1.0,0.0,0.0,1.0,1.0,90.0,90.0,0
2025-04-14 10:47:19,9.83,9.58,0.1,0.1,6.9,0.0,0.0,0.0,0.0,0.0,19.5,23.7,36.5,29.5,-128.7,3.1,0.0,0.0,0.0,1.0,0.0,0.0,1.0,1.0,90.0,90.0,0
2025-04-14 10:47:20,9.83,9.56,0.1,0.1,6.3,0.0,0.0,0.0,0.0,0.0,19.5,23.7,36.5,29.5,-128.7,3.1,0.0,0.0,0.0,1.0,0.0,0.0,1.0,1.0,90.0,90.0,0
2025-04-14 10:47:21,9.83,9.57,0.1,0.1,6.2,0.0,0.0,0.0,0.0,0.0,19.5,23.7,36.6,29.5,-128.7,3.1,0.0,0.0,0.0,1.0,0.0,0.0,1.0,1.0,90.0,90.0,0
2025-04-14 10:47:22,9.84,9.58,0.1,0.1,6.7,0.0,0.0,0.0,0.0,0.0,19.5,23.7,36.6,29.5,-128.7,3.1,0.0,0.0,0.0,1.0,0.0,0.0,1.0,1.0,90.0,90.0,0
2025-04-14 10:47:23,9.84,9.56,0.1,0.1,6.3,0.0,0.0,0.0,0.0,0.0,19.5,23.7,36.7,29.5,-128.7,3.1,0.0,0.0,0.0,1.0,0.0,0.0,1.0,1.0,90.0,90.0,0
2025-04-14 10:47:24,9.85,9.59,0.1,0.1,6.9,0.0,0.0,0.0,0.0,0.0,19.5,23.7,36.7,29.5,-128.7,3.1,0.0,0.0,0.0,1.0,0.0,0.0,1.0,1.0,90.0,90.0,0
2025-04-14 10:47:25,9.84,9.57,0.1,0.1,6.3,0.0,0.0,0.0,0.0,0.0,19.5,23.7,36.7,29.5,-128.7,3.1,0.0,0.0,0.0,1.0,0.0,0.0,1.0,1.0,90.0,90.0,0
2025-04-14 10:47:26,9.84,9.58,0.1,0.1,6.7,0.0,0.0,0.0,0.0,0.0,19.5,23.7,36.7,29.5,-128.7,3.1,0.0,0.0,0.0,1.0,0.0,0.0,1.0,1.0,90.0,90.0,0
2025-04-14 10:47:27,9.84,9.57,0.1,0.1,6.3,0.0,0.0,0.0,0.0,0.0,19.5,23.7,36.7,29.5,-128.7,3.1,0.0,0.0,0.0,1.0,0.0,0.0,1.0,1.0,90.0,90.0,0
2025-04-14 10:47:28,9.83,9.57,0.1,0.1,6.8,0.0,0.0,0.0,0.0,0.0,19.5,23.7,36.7,29.5,-128.7,3.1,0.0,0.0,0.0,1.0,0.0,0.0,1.0,1.0,90.0,90.0,0
2025-04-14 10:47:29,9.84,9.57,0.1,0.1,6.1,0.0,0.0,0.0,0.0,0.0,19.5,23.7,36.8,29.5,-128.7,3.1,0.0,0.0,0.0,1.0,0.0,0.0,1.0,1.0,90.0,90.0,0
2025-04-14 10:47:30,9.84,9.57,0.1,0.1,6.3,0.0,0.0,0.0,0.0,0.0,19.5,23.7,36.8,29.5,-128.7,3.1,0.0,0.0,0.0,1.0,0.0,0.0,1.0,1.0,90.0,90.0,0
2025-04-14 10:47:31,9.84,9.58,0.1,0.1,6.5,0.0,0.0,0.0,0.0,0.0,19.5,23.7,36.8,29.5,-128.7,3.1,0.0,0.0,0.0,1.0,0.0,0.0,1.0,1.0,90.0,90.0,0
2025-04-14 10:47:32,9.84,9.57,0.1,0.1,6.7,0.0,0.0,0.0,0.0,0.0,19.5,23.7,36.8,29.5,-128.7,3.1,0.0,0.0,0.0,1.0,0.0,0.0,1.0,1.0,90.0,90.0,0
2025-04-14 10:47:33,9.84,9.58,0.1,0.1,6.5,0.0,0.0,0.0,0.0,0.0,19.5,23.7,36.8,29.5,-128.7,3.1,0.0,0.0,0.0,1.0,0.0,0.0,1.0,1.0,90.0,90.0,0
2025-04-14 10:47:34,9.85,9.58,0.1,0.1,6.9,0.0,0.0,0.0,0.0,0.0,19.5,23.7,36.8,29.5,-128.7,3.1,0.0,0.0,0.0,1.0,0.0,0.0,1.0,1.0,90.0,90.0,0
2025-04-14 10:47:35,9.85,9.58,0.1,0.1,6.6,0.0,0.0,0.0,0.0,0.0,19.5,23.7,36.8,29.5,-128.7,3.1,0.0,0.0,0.0,1.0,0.0,0.0,1.0,1.0,90.0,90.0,0
2025-04-14 10:47:36,9.85,9.58,0.1,0.1,6.6,0.0,0.0,0.0,0.0,0.0,19.5,23.7,36.8,29.5,-128.7,3.1,0.0,0.0,0.0,1.0,0.0,0.0,1.0,1.0,90.0,90.0,0
2025-04-14 10:47:37,9.83,9.58,0.1,0.1,7.1,0.0,0.0,0.0,0.0,0.0,19.5,23.7,36.8,29.5,-128.7,3.1,0.0,0.0,0.0,1.0,0.0,0.0,1.0,1.0,90.0,90.0,0
2025-04-14 10:47:38,9.83,9.59,0.1,0.1,6.1,0.0,0.0,0.0,0.0,0.0,19.5,23.7,36.9,29.5,-128.7,3.1,0.0,0.0,0.0,1.0,0.0,0.0,1.0,1.0,90.0,90.0,0
2025-04-14 10:47:39,9.83,9.58,0.1,0.1,6.6,0.0,0.0,0.0,0.0,0.0,19.5,23.7,36.9,29.5,-128.7,3.1,0.0,0.0,0.0,1.0,0.0,0.0,1.0,1.0,90.0,90.0,0
2025-04-14 10:47:40,9.83,9.58,0.1,0.1,5.9,0.0,0.0,0.0,0.0,0.0,19.5,23.7,36.9,29.5,-128.7,3.1,0.0,0.0,0.0,1.0,0.0,0.0,1.0,1.0,90.0,90.0,0
2025-04-14 10:47:41,9.83,9.58,0.1,0.1,6.6,0.0,0.0,0.0,0.0,0.0,19.5,23.7,36.9,29.5,-128.7,3.1,0.0,0.0,0.0,1.0,0.0,0.0,1.0,1.0,90.0,90.0,0
2025-04-14 10:47:42,9.85,9.58,0.1,0.1,6.6,0.0,0.0,0.0,0.0,0.0,19.5,23.7,36.9,29.5,-128.7,3.1,0.0,0.0,0.0,1.0,0.0,0.0,1.0,1.0,90.0,90.0,0
2025-04-14 10:47:43,9.85,9.58,0.1,0.1,6.2,0.0,0.0,0.0,0.0,0.0,19.5,23.7,36.9,29.5,-128.7,3.1,0.0,0.0,0.0,1.0,0.0,0.0,1.0,1.0,90.0,90.0,0
2025-04-14 10:47:44,9.84,9.58,0.1,0.1,6.9,0.0,0.0,0.0,0.0,0.0,19.5,23.7,37.0,29.5,-128.7,3.1,0.0,0.0,0.0,1.0,0.0,0.0,1.0,1.0,90.0,90.0,0
2025-04-14 10:47:45,9.84,9.58,0.1,0.1,6.3,0.0,0.0,0.0,0.0,0.0,19.5,23.7,37.0,29.5,-128.7,3.0,0.0,0.0,0.0,1.0,0.0,0.0,1.0,1.0,90.0,90.0,0
2025-04-14 10:47:46,9.84,9.58,0.1,0.1,6.5,0.0,0.0,0.0,0.0,0.0,19.5,23.7,37.0,29.5,-128.7,3.1,0.0,0.0,0.0,1.0,0.0,0.0,1.0,1.0,90.0,90.0,0
2025-04-14 10:47:47,9.84,9.59,0.1,0.1,6.1,0.0,0.0,0.0,0.0,0.0,19.5,23.7,37.0,29.5,-128.7,3.0,0.0,0.0,0.0,1.0,0.0,0.0,1.0,1.0,90.0,90.0,0
2025-04-14 10:47:48,9.84,9.58,0.1,0.1,6.6,0.0,0.0,0.0,0.0,0.0,19.5,23.7,37.0,29.5,-128.7,3.1,0.0,0.0,0.0,1.0,0.0,0.0,1.0,1.0,90.0,90.0,0
2025-04-14 10:47:49,9.84,9.58,0.1,0.1,6.4,0.0,0.0,0.0,0.0,0.0,19.5,23.7,37.1,29.5,-128.7,3.1,0.0,0.0,0.0,1.0,0.0,0.0,1.0,1.0,90.0,90.0,0
2025-04-14 10:47:50,9.84,9.59,0.1,0.1,6.8,0.0,0.0,0.0,0.0,0.0,19.5,23.7,37.1,29.5,-128.7,3.1,0.0,0.0,0.0,1.0,0.0,0.0,1.0,1.0,90.0,90.0,0
2025-04-14 10:47:51,9.84,9.58,0.1,0.1,6.5,0.0,0.0,0.0,0.0,0.0,19.5,23.7,37.1,29.5,-128.7,3.1,0.0,0.0,0.0,1.0,0.0,0.0,1.0,1.0,90.0,90.0,0
2025-04-14 10:47:52,9.84,9.59,0.1,0.1,6.6,0.0,0.0,0.0,0.0,0.0,19.5,23.7,37.1,29.5,-128.7,3.0,0.0,0.0,0.0,1.0,0.0,0.0,1.0,1.0,90.0,90.0,0
2025-04-14 10:47:53,9.85,9.58,0.1,0.1,6.5,0.0,0.0,0.0,0.0,0.0,19.5,23.7,37.1,29.5,-128.7,3.1,0.0,0.0,0.0,1.0,0.0,0.0,1.0,1.0,90.0,90.0,0
2025-04-14 10:47:54,9.86,9.59,0.1,0.1,6.6,0.0,0.0,0.0,0.0,0.0,19.5,23.7,37.1,29.5,-128.7,3.0,0.0,0.0,0.0,1.0,0.0,0.0,1.0,1.0,90.0,90.0,0
2025-04-14 10:47:55,9.85,9.58,0.1,0.1,6.2,0.0,0.0,0.0,0.0,0.0,19.5,23.7,37.2,29.5,-128.7,3.1,0.0,0.0,0.0,1.0,0.0,0.0,1.0,1.0,90.0,90.0,0
2025-04-14 10:47:56,9.85,9.59,0.1,0.1,6.4,0.0,0.0,0.0,0.0,0.0,19.5,23.7,37.2,29.5,-128.7,3.0,0.0,0.0,0.0,1.0,0.0,0.0,1.0,1.0,90.0,90.0,0
2025-04-14 10:47:57,9.84,9.58,0.1,0.1,6.6,0.0,0.0,0.0,0.0,0.0,19.5,23.7,37.2,29.5,-128.7,3.1,0.0,0.0,0.0,1.0,0.0,0.0,1.0,1.0,90.0,90.0,0
2025-04-14 10:47:58,9.84,9.59,0.1,0.1,6.5,0.0,0.0,0.0,0.0,0.0,19.5,23.7,37.2,29.5,-128.7,3.0,0.0,0.0,0.0,1.0,0.0,0.0,1.0,1.0,90.0,90.0,0
2025-04-14 10:47:59,9.84,9.58,0.1,0.1,6.8,0.0,0.0,0.0,0.0,0.0,19.5,23.7,37.2,29.5,-128.7,3.1,0.0,0.0,0.0,1.0,0.0,0.0,1.0,1.0,90.0,90.0,0
2025-04-14 10:48:00,9.83,9.58,0.1,0.1,6.4,0.0,0.0,0.0,0.0,0.0,19.5,23.7,37.2,29.5,-128.7,3.1,0.0,0.0,0.0,1.0,0.0,0.0,1.0,1.0,90.0,90.0,0
2025-04-14 10:48:01,9.83,9.59,0.1,0.1,6.8,0.0,0.0,0.0,0.0,0.0,19.5,23.7,37.3,29.5,-128.7,3.1,0.0,0.0,0.0,1.0,0.0,0.0,1.0,1.0,90.0,90.0,0
2025-04-14 10:48:02,9.84,9.58,0.1,0.1,6.3,0.0,0.0,0.0,0.0,0.0,19.5,23.7,37.3,29.5,-128.7,3.0,0.0,0.0,0.0,1.0,0.0,0.0,1.0,1.0,90.0,90.0,0
2025-04-14 10:48:03,9.84,9.59,0.1,0.1,6.9,0.0,0.0,0.0,0.0,0.0,19.5,23.7,37.3,29.5,-128.7,3.0,0.0,0.0,0.0,1.0,0.0,0.0,1.0,1.0,90.0,90.0,0
2025-04-14 10:48:04,9.85,9.58,0.1,0.1,6.3,0.0,0.0,0.0,0.0,0.0,19.5,23.7,37.3,29.5,-128.7,3.0,0.0,0.0,0.0,1.0,0.0,0.0,1.0,1.0,90.0,90.0,0
2025-04-14 10:48:05,9.86,9.6,0.1,0.1,6.7,0.0,0.0,0.0,0.0,0.0,19.5,23.7,37.3,29.5,-128.7,3.0,0.0,0.0,0.0,1.0,0.0,0.0,1.0,1.0,90.0,90.0,0
2025-04-14 10:48:06,9.85,9.58,0.1,0.1,6.6,0.0,0.0,0.0,0.0,0.0,19.5,23.7,37.4,29.5,-128.7,3.1,0.0,0.0,0.0,1.0,0.0,0.0,1.0,1.0,90.0,90.0,0
2025-04-14 10:48:07,9.85,9.6,0.1,0.1,6.1,0.0,0.0,0.0,0.0,0.0,19.5,23.7,37.4,29.5,-128.7,3.0,0.0,0.0,0.0,1.0,0.0,0.0,1.0,1.0,90.0,90.0,0
2025-04-14 10:48:08,9.85,9.59,0.1,0.1,6.5,0.0,0.0,0.0,0.0,0.0,19.5,23.7,37.4,29.5,-128.7,3.1,0.0,0.0,0.0,1.0,0.0,0.0,1.0,1.0,90.0,90.0,0
2025-04-14 10:48:09,9.85,9.59,0.1,0.1,6.5,0.0,0.0,0.0,0.0,0.0,19.6,23.7,37.4,29.5,-128.7,3.0,0.0,0.0,0.0,1.0,0.0,0.0,1.0,1.0,90.0,90.0,0
2025-04-14 10:48:10,9.86,9.59,0.1,0.1,6.4,0.0,0.0,0.0,0.0,0.0,19.6,23.7,37.4,29.5,-128.7,3.0,0.0,0.0,0.0,1.0,0.0,0.0,1.0,1.0,90.0,90.0,0
2025-04-14 10:48:11,9.86,9.6,0.1,0.1,6.3,0.0,0.0,0.0,0.0,0.0,19.6,23.7,37.4,29.5,-128.7,3.0,0.0,0.0,0.0,1.0,0.0,0.0,1.0,1.0,90.0,90.0,0
2025-04-14 10:48:12,9.85,9.59,0.1,0.1,7.0,0.0,0.0,0.0,0.0,0.0,19.6,23.7,37.5,29.4,-128.7,3.0,0.0,0.0,0.0,1.0,0.0,0.0,1.0,1.0,90.0,90.0,0
2025-04-14 10:48:13,9.85,9.59,0.1,0.1,6.1,0.0,0.0,0.0,0.0,0.0,19.6,23.7,37.5,29.4,-128.7,2.9,0.0,0.0,0.0,1.0,0.0,0.0,1.0,1.0,90.0,90.0,0
2025-04-14 10:48:14,9.84,9.6,0.1,0.1,6.7,0.0,0.0,0.0,0.0,0.0,19.6,23.7,37.5,29.4,-128.7,2.9,0.0,0.0,0.0,1.0,0.0,0.0,1.0,1.0,90.0,90.0,0
2025-04-14 10:48:15,9.85,9.58,0.1,0.1,6.3,0.0,0.0,0.0,0.0,0.0,19.6,23.7,37.5,29.4,-128.7,2.9,0.0,0.0,0.0,1.0,0.0,0.0,1.0,1.0,90.0,90.0,0
2025-04-14 10:48:16,9.86,9.61,0.1,0.1,6.5,0.0,0.0,0.0,0.0,0.0,19.6,23.7,37.6,29.4,-128.7,2.9,0.0,0.0,0.0,1.0,0.0,0.0,1.0,1.0,90.0,90.0,0
2025-04-14 10:48:17,9.85,9.59,0.1,0.1,7.1,0.0,0.0,0.0,0.0,0.0,19.6,23.7,37.6,29.4,-128.7,2.9,0.0,0.0,0.0,1.0,0.0,0.0,1.0,1.0,90.0,90.0,0
2025-04-14 10:48:18,9.85,9.6,0.1,0.1,6.4,0.0,0.0,0.0,0.0,0.0,19.6,23.7,37.6,29.4,-128.7,2.9,0.0,0.0,0.0,1.0,0.0,0.0,1.0,1.0,90.0,90.0,0
2025-04-14 10:48:19,9.85,9.59,0.1,0.1,6.7,0.0,0.0,0.0,0.0,0.0,19.6,23.7,37.6,29.4,-128.7,2.9,0.0,0.0,0.0,1.0,0.0,0.0,1.0,1.0,90.0,90.0,0
2025-04-14 10:48:20,9.86,9.6,0.1,0.1,6.4,0.0,0.0,0.0,0.0,0.0,19.6,23.7,37.6,29.4,-128.7,2.9,0.0,0.0,0.0,1.0,0.0,0.0,1.0,1.0,90.0,90.0,0
2025-04-14 10:48:21,9.86,9.58,0.1,0.1,6.5,0.0,0.0,0.0,0.0,0.0,19.6,23.7,37.6,29.4,-128.7,2.9,0.0,0.0,0.0,1.0,0.0,0.0,1.0,1.0,90.0,90.0,0
2025-04-14 10:48:22,9.86,9.6,0.1,0.1,6.9,0.0,0.0,0.0,0.0,0.0,19.6,23.7,37.6,29.4,-128.7,2.9,0.0,0.0,0.0,1.0,0.0,0.0,1.0,1.0,90.0,90.0,0
2025-04-14 10:48:23,9.85,9.6,0.1,0.1,6.2,0.0,0.0,0.0,0.0,0.0,19.6,23.7,37.6,29.4,-128.7,2.9,0.0,0.0,0.0,1.0,0.0,0.0,1.0,1.0,90.0,90.0,0
2025-04-14 10:48:24,9.85,9.58,0.1,0.1,6.6,0.0,0.0,0.0,0.0,0.0,19.6,23.7,37.6,29.4,-128.7,2.9,0.0,0.0,0.0,1.0,0.0,0.0,1.0,1.0,90.0,90.0,0
2025-04-14 10:48:25,9.85,9.61,0.1,0.1,6.1,0.0,0.0,0.0,0.0,0.0,19.6,23.7,37.7,29.4,-128.7,2.9,0.0,0.0,0.0,1.0,0.0,0.0,1.0,1.0,90.0,90.0,0
2025-04-14 10:48:26,9.85,9.59,0.1,0.1,6.8,0.0,0.0,0.0,0.0,0.0,19.6,23.7,37.7,29.4,-128.7,2.9,0.0,0.0,0.0,1.0,0.0,0.0,1.0,1.0,90.0,90.0,0
2025-04-14 10:48:27,9.85,9.61,0.1,0.1,6.4,0.0,0.0,0.0,0.0,0.0,19.6,23.7,37.7,29.4,-128.7,2.9,0.0,0.0,0.0,1.0,0.0,0.0,1.0,1.0,90.0,90.0,0
2025-04-14 10:48:28,9.86,9.58,0.1,0.1,7.2,0.0,0.0,0.0,0.0,0.0,19.6,23.7,37.7,29.4,-128.7,2.9,0.0,0.0,0.0,1.0,0.0,0.0,1.0,1.0,90.0,90.0,0
2025-04-14 10:48:29,9.85,9.61,0.1,0.1,6.1,0.0,0.0,0.0,0.0,0.0,19.6,23.7,37.7,29.4,-128.7,2.9,0.0,0.0,0.0,1.0,0.0,0.0,1.0,1.0,90.0,90.0,0
2025-04-14 10:48:30,9.85,9.6,0.1,0.1,6.4,0.0,0.0,0.0,0.0,0.0,19.6,23.7,37.7,29.4,-128.7,2.9,0.0,0.0,0.0,1.0,0.0,0.0,1.0,1.0,90.0,90.0,0
2025-04-14 10:48:31,9.86,9.59,0.1,0.1,6.5,0.0,0.0,0.0,0.0,0.0,19.6,23.7,37.8,29.4,-128.7,2.9,0.0,0.0,0.0,1.0,0.0,0.0,1.0,1.0,90.0,90.0,0
2025-04-14 10:48:32,9.86,9.61,0.1,0.1,6.3,0.0,0.0,0.0,0.0,0.0,19.6,23.7,37.8,29.4,-128.7,2.9,0.0,0.0,0.0,1.0,0.0,0.0,1.0,1.0,90.0,90.0,0
2025-04-14 10:48:33,9.86,9.59,0.1,0.1,6.9,0.0,0.0,0.0,0.0,0.0,19.6,23.7,37.8,29.4,-128.7,2.9,0.0,0.0,0.0,1.0,0.0,0.0,1.0,1.0,90.0,90.0,0
2025-04-14 10:48:34,9.86,9.61,0.1,0.1,6.3,0.0,0.0,0.0,0.0,0.0,19.6,23.7,37.8,29.4,-128.7,2.9,0.0,0.0,0.0,1.0,0.0,0.0,1.0,1.0,90.0,90.0,0
2025-04-14 10:48:35,9.85,9.59,0.1,0.1,6.5,0.0,0.0,0.0,0.0,0.0,19.6,23.7,37.8,29.4,-128.7,2.9,0.0,0.0,0.0,1.0,0.0,0.0,1.0,1.0,90.0,90.0,0
2025-04-14 10:48:36,9.85,9.61,0.1,0.1,6.6,0.0,0.0,0.0,0.0,0.0,19.6,23.7,37.9,29.4,-128.7,2.9,0.0,0.0,0.0,1.0,0.0,0.0,1.0,1.0,90.0,90.0,0
2025-04-14 10:48:37,9.85,9.59,0.1,0.1,6.4,0.0,0.0,0.0,0.0,0.0,19.6,23.7,37.9,29.4,-128.7,2.9,0.0,0.0,0.0,1.0,0.0,0.0,1.0,1.0,90.0,90.0,0
2025-04-14 10:48:38,9.85,9.61,0.1,0.1,7.0,0.0,0.0,0.0,0.0,0.0,19.6,23.7,37.9,29.4,-128.7,2.9,0.0,0.0,0.0,1.0,0.0,0.0,1.0,1.0,90.0,90.0,0
2025-04-14 10:48:39,9.86,9.61,0.1,0.1,6.3,0.0,0.0,0.0,0.0,0.0,19.6,23.7,37.9,29.4,-128.7,2.9,0.0,0.0,0.0,1.0,0.0,0.0,1.0,1.0,90.0,90.0,0
2025-04-14 10:48:40,9.85,9.61,0.1,0.1,6.3,0.0,0.0,0.0,0.0,0.0,19.6,23.7,37.9,29.4,-128.7,2.9,0.0,0.0,0.0,1.0,0.0,0.0,1.0,1.0,90.0,90.0,0
2025-04-14 10:48:41,9.86,9.61,0.1,0.1,6.4,0.0,0.0,0.0,0.0,0.0,19.6,23.7,37.9,29.4,-128.7,2.9,0.0,0.0,0.0,1.0,0.0,0.0,1.0,1.0,90.0,90.0,0
2025-04-14 10:48:42,9.88,9.6,0.1,0.1,6.3,0.0,0.0,0.0,0.0,0.0,19.6,23.7,37.9,29.4,-128.7,2.9,0.0,0.0,0.0,1.0,0.0,0.0,1.0,1.0,90.0,90.0,0
2025-04-14 10:48:43,9.88,9.61,0.1,0.1,6.3,0.0,0.0,0.0,0.0,0.0,19.6,23.7,37.9,29.4,-128.7,2.9,0.0,0.0,0.0,1.0,0.0,0.0,1.0,1.0,90.0,90.0,0
2025-04-14 10:48:44,9.88,9.6,0.1,0.1,6.2,0.0,0.0,0.0,0.0,0.0,19.6,23.7,37.9,29.4,-128.7,2.8,0.0,0.0,0.0,1.0,0.0,0.0,1.0,1.0,90.0,90.0,0
2025-04-14 10:48:45,9.88,9.61,0.1,0.1,6.9,0.0,0.0,0.0,0.0,0.0,19.6,23.7,38.0,29.3,-128.7,2.8,0.0,0.0,0.0,1.0,0.0,0.0,1.0,1.0,90.0,90.0,0
2025-04-14 10:48:46,9.86,9.61,0.1,0.1,6.7,0.0,0.0,0.0,0.0,0.0,19.6,23.7,38.0,29.3,-128.7,2.8,0.0,0.0,0.0,1.0,0.0,0.0,1.0,1.0,90.0,90.0,0
2025-04-14 10:48:47,9.85,9.61,0.1,0.1,6.9,0.0,0.0,0.0,0.0,0.0,19.6,23.7,38.0,29.3,-128.7,2.8,0.0,0.0,0.0,1.0,0.0,0.0,1.0,1.0,90.0,90.0,0
2025-04-14 10:48:48,9.86,9.61,0.1,0.1,6.4,0.0,0.0,0.0,0.0,0.0,19.6,23.7,38.0,29.3,-128.7,2.8,0.0,0.0,0.0,1.0,0.0,0.0,1.0,1.0,90.0,90.0,0
2025-04-14 10:48:49,9.86,9.61,0.1,0.1,6.9,0.0,0.0,0.0,0.0,0.0,19.6,23.7,38.0,29.3,-128.7,2.8,0.0,0.0,0.0,1.0,0.0,0.0,1.0,1.0,90.0,90.0,0
2025-04-14 10:48:50,9.86,9.61,0.1,0.1,6.1,0.0,0.0,0.0,0.0,0.0,19.6,23.7,38.0,29.3,-128.7,2.7,0.0,0.0,0.0,1.0,0.0,0.0,1.0,1.0,90.0,90.0,0
2025-04-14 10:48:51,9.85,9.61,0.1,0.1,6.8,0.0,0.0,0.0,0.0,0.0,19.6,23.7,38.0,29.3,-128.7,2.8,0.0,0.0,0.0,1.0,0.0,0.0,1.0,1.0,90.0,90.0,0
2025-04-14 10:48:52,9.85,9.6,0.1,0.1,6.4,0.0,0.0,0.0,0.0,0.0,19.6,23.7,38.0,29.3,-128.7,2.8,0.0,0.0,0.0,1.0,0.0,0.0,1.0,1.0,90.0,90.0,0
2025-04-14 10:48:53,9.86,9.61,0.1,0.1,6.5,0.0,0.0,0.0,0.0,0.0,19.6,23.7,38.0,29.3,-128.7,2.8,0.0,0.0,0.0,1.0,0.0,0.0,1.0,1.0,90.0,90.0,0
2025-04-14 10:48:54,9.86,9.6,0.1,0.1,6.1,0.0,0.0,0.0,0.0,0.0,19.6,23.7,38.0,29.3,-128.7,2.8,0.0,0.0,0.0,1.0,0.0,0.0,1.0,1.0,90.0,90.0,0
2025-04-14 10:48:55,9.86,9.6,0.1,0.1,6.8,0.0,0.0,0.0,0.0,0.0,19.6,23.7,38.0,29.3,-128.7,2.8,0.0,0.0,0.0,1.0,0.0,0.0,1.0,1.0,90.0,90.0,0
2025-04-14 10:48:56,9.86,9.61,0.1,0.1,6.4,0.0,0.0,0.0,0.0,0.0,19.6,23.7,38.0,29.3,-128.7,2.8,0.0,0.0,0.0,1.0,0.0,0.0,1.0,1.0,90.0,90.0,0
2025-04-14 10:48:57,9.88,9.6,0.1,0.1,6.5,0.0,0.0,0.0,0.0,0.0,19.6,23.7,38.0,29.3,-128.7,2.7,0.0,0.0,0.0,1.0,0.0,0.0,1.0,1.0,90.0,90.0,0
2025-04-14 10:48:58,9.88,9.62,0.1,0.1,6.5,0.0,0.0,0.0,0.0,0.0,19.6,23.7,38.0,29.3,-128.7,2.8,0.0,0.0,0.0,1.0,0.0,0.0,1.0,1.0,90.0,90.0,0
2025-04-14 10:48:59,9.88,9.61,0.1,0.1,6.3,0.0,0.0,0.0,0.0,0.0,19.6,23.7,38.0,29.3,-128.7,2.7,0.0,0.0,0.0,1.0,0.0,0.0,1.0,1.0,90.0,90.0,0
2025-04-14 10:49:00,9.88,9.62,0.1,0.1,6.8,0.0,0.0,0.0,0.0,0.0,19.6,23.7,38.0,29.3,-128.7,2.8,0.0,0.0,0.0,1.0,0.0,0.0,1.0,1.0,90.0,90.0,0
2025-04-14 10:49:01,9.88,9.6,0.1,0.1,6.0,0.0,0.0,0.0,0.0,0.0,19.6,23.7,38.0,29.3,-128.7,2.8,0.0,0.0,0.0,1.0,0.0,0.0,1.0,1.0,90.0,90.0,0
2025-04-14 10:49:02,9.86,9.61,0.1,0.1,6.9,0.0,0.0,0.0,0.0,0.0,19.6,23.7,38.0,29.3,-128.7,2.8,0.0,0.0,0.0,1.0,0.0,0.0,1.0,1.0,90.0,90.0,0
2025-04-14 10:49:03,9.85,9.61,0.1,0.1,6.4,0.0,0.0,0.0,0.0,0.0,19.6,23.7,38.0,29.3,-128.7,2.8,0.0,0.0,0.0,1.0,0.0,0.0,1.0,1.0,90.0,90.0,0
2025-04-14 10:49:04,9.86,9.61,0.1,0.1,7.0,0.0,0.0,0.0,0.0,0.0,19.6,23.7,38.1,29.3,-128.7,2.8,0.0,0.0,0.0,1.0,0.0,0.0,1.0,1.0,90.0,90.0,0
2025-04-14 10:49:05,9.85,9.61,0.1,0.1,6.1,0.0,0.0,0.0,0.0,0.0,19.6,23.7,38.1,29.3,-128.7,2.8,0.0,0.0,0.0,1.0,0.0,0.0,1.0,1.0,90.0,90.0,0
2025-04-14 10:49:06,9.86,9.61,0.1,0.1,6.9,0.0,0.0,0.0,0.0,0.0,19.6,23.7,38.1,29.3,-128.7,2.8,0.0,0.0,0.0,1.0,0.0,0.0,1.0,1.0,90.0,90.0,0
2025-04-14 10:49:07,9.86,9.61,0.1,0.1,6.4,0.0,0.0,0.0,0.0,0.0,19.6,23.7,38.1,29.3,-128.7,2.8,0.0,0.0,0.0,1.0,0.0,0.0,1.0,1.0,90.0,90.0,0
2025-04-14 10:49:08,9.86,9.61,0.1,0.1,6.4,0.0,0.0,0.0,0.0,0.0,19.6,23.7,38.0,29.3,-128.7,2.8,0.0,0.0,0.0,1.0,0.0,0.0,1.0,1.0,90.0,90.0,0
2025-04-14 10:49:09,9.88,9.62,0.1,0.1,6.3,0.0,0.0,0.0,0.0,0.0,19.6,23.7,38.0,29.3,-128.7,2.8,0.0,0.0,0.0,1.0,0.0,0.0,1.0,1.0,90.0,90.0,0
2025-04-14 10:49:10,9.88,9.61,0.1,0.1,6.4,0.0,0.0,0.0,0.0,0.0,19.6,23.7,38.0,29.3,-128.7,2.8,0.0,0.0,0.0,1.0,0.0,0.0,1.0,1.0,90.0,90.0,0
2025-04-14 10:49:11,9.88,9.62,0.1,0.1,6.2,0.0,0.0,0.0,0.0,0.0,19.6,23.7,38.0,29.3,-128.7,2.8,0.0,0.0,0.0,1.0,0.0,0.0,1.0,1.0,90.0,90.0,0
2025-04-14 10:49:12,9.88,9.61,0.1,0.1,6.2,0.0,0.0,0.0,0.0,0.0,19.6,23.7,38.0,29.3,-128.7,2.7,0.0,0.0,0.0,1.0,0.0,0.0,1.0,1.0,90.0,90.0,0
2025-04-14 10:49:13,9.88,9.62,0.1,0.1,6.3,0.0,0.0,0.0,0.0,0.0,19.6,23.7,38.0,29.2,-128.7,2.7,0.0,0.0,0.0,1.0,0.0,0.0,1.0,1.0,90.0,90.0,0
2025-04-14 10:49:14,9.86,9.61,0.1,0.1,6.5,0.0,0.0,0.0,0.0,0.0,19.6,23.7,38.0,29.2,-128.7,2.7,0.0,0.0,0.0,1.0,0.0,0.0,1.0,1.0,90.0,90.0,0
2025-04-14 10:49:15,9.86,9.62,0.1,0.1,6.2,0.0,0.0,0.0,0.0,0.0,19.6,23.7,38.0,29.2,-128.7,2.7,0.0,0.0,0.0,1.0,0.0,0.0,1.0,1.0,90.0,90.0,0
2025-04-14 10:49:16,9.86,9.61,0.1,0.1,6.3,0.0,0.0,0.0,0.0,0.0,19.6,23.7,38.0,29.2,-128.7,2.7,0.0,0.0,0.0,1.0,0.0,0.0,1.0,1.0,90.0,90.0,0
2025-04-14 10:49:17,9.86,9.61,0.1,0.1,6.7,0.0,0.0,0.0,0.0,0.0,19.6,23.7,38.0,29.2,-128.7,2.7,0.0,0.0,0.0,1.0,0.0,0.0,1.0,1.0,90.0,90.0,0
2025-04-14 10:49:18,9.86,9.62,0.1,0.1,6.9,0.0,0.0,0.0,0.0,0.0,19.6,23.7,38.0,29.2,-128.7,2.7,0.0,0.0,0.0,1.0,0.0,0.0,1.0,1.0,90.0,90.0,0
2025-04-14 10:49:19,9.88,9.61,0.1,0.1,6.4,0.0,0.0,0.0,0.0,0.0,19.6,23.7,38.0,29.2,-128.7,2.6,0.0,0.0,0.0,1.0,0.0,0.0,1.0,1.0,90.0,90.0,0
2025-04-14 10:49:20,9.88,9.62,0.1,0.1,6.8,0.0,0.0,0.0,0.0,0.0,19.6,23.7,38.0,29.2,-128.7,2.7,0.0,0.0,0.0,1.0,0.0,0.0,1.0,1.0,90.0,90.0,0
2025-04-14 10:49:21,9.88,9.61,0.1,0.1,6.1,0.0,0.0,0.0,0.0,0.0,19.6,23.7,38.0,29.2,-128.7,2.6,0.0,0.0,0.0,1.0,0.0,0.0,1.0,1.0,90.0,90.0,0
2025-04-14 10:49:22,9.88,9.62,0.1,0.1,6.7,0.0,0.0,0.0,0.0,0.0,19.6,23.7,38.0,29.2,-128.7,2.7,0.0,0.0,0.0,1.0,0.0,0.0,1.0,1.0,90.0,90.0,0
2025-04-14 10:49:23,9.88,9.61,0.1,0.1,6.2,0.0,0.0,0.0,0.0,0.0,19.6,23.7,38.0,29.2,-128.7,2.6,0.0,0.0,0.0,1.0,0.0,0.0,1.0,1.0,90.0,90.0,0
2025-04-14 10:49:24,9.86,9.61,0.1,0.1,6.5,0.0,0.0,0.0,0.0,0.0,19.6,23.7,38.0,29.2,-128.7,2.7,0.0,0.0,0.0,1.0,0.0,0.0,1.0,1.0,90.0,90.0,0
2025-04-14 10:49:25,9.86,9.61,0.1,0.1,6.3,0.0,0.0,0.0,0.0,0.0,19.6,23.7,38.0,29.2,-128.7,2.7,0.0,0.0,0.0,1.0,0.0,0.0,1.0,1.0,90.0,90.0,0
2025-04-14 10:49:26,9.86,9.61,0.1,0.1,6.6,0.0,0.0,0.0,0.0,0.0,19.6,23.7,38.0,29.2,-128.7,2.7,0.0,0.0,0.0,1.0,0.0,0.0,1.0,1.0,90.0,90.0,0
2025-04-14 10:49:27,9.86,9.62,0.1,0.1,6.7,0.0,0.0,0.0,0.0,0.0,19.6,23.7,38.1,29.2,-128.7,2.6,0.0,0.0,0.0,1.0,0.0,0.0,1.0,1.0,90.0,90.0,0
2025-04-14 10:49:28,9.88,9.61,0.1,0.1,6.6,0.0,0.0,0.0,0.0,0.0,19.6,23.7,38.1,29.2,-128.7,2.6,0.0,0.0,0.0,1.0,0.0,0.0,1.0,1.0,90.0,90.0,0
2025-04-14 10:49:29,9.86,9.62,0.1,0.1,6.8,0.0,0.0,0.0,0.0,0.0,19.6,23.7,38.1,29.2,-128.7,2.7,0.0,0.0,0.0,1.0,0.0,0.0,1.0,1.0,90.0,90.0,0
2025-04-14 10:49:30,9.86,9.61,0.1,0.1,6.7,0.0,0.0,0.0,0.0,0.0,19.6,23.7,38.1,29.2,-128.7,2.6,0.0,0.0,0.0,1.0,0.0,0.0,1.0,1.0,90.0,90.0,0
2025-04-14 10:49:31,9.89,9.62,0.1,0.1,7.0,0.0,0.0,0.0,0.0,0.0,19.6,23.7,38.1,29.2,-128.7,2.7,0.0,0.0,0.0,1.0,0.0,0.0,1.0,1.0,90.0,90.0,0
2025-04-14 10:49:32,9.88,9.61,0.1,0.1,6.2,0.0,0.0,0.0,0.0,0.0,19.6,23.7,38.0,29.2,-128.7,2.6,0.0,0.0,0.0,1.0,0.0,0.0,1.0,1.0,90.0,90.0,0
2025-04-14 10:49:33,9.88,9.62,0.1,0.1,7.0,0.0,0.0,0.0,0.0,0.0,19.6,23.7,38.0,29.2,-128.7,2.7,0.0,0.0,0.0,1.0,0.0,0.0,1.0,1.0,90.0,90.0,0
2025-04-14 10:49:34,9.88,9.61,0.1,0.1,6.3,0.0,0.0,0.0,0.0,0.0,19.6,23.7,38.1,29.2,-128.7,2.7,0.0,0.0,0.0,1.0,0.0,0.0,1.0,1.0,90.0,90.0,0
2025-04-14 10:49:35,9.88,9.62,0.1,0.1,6.7,0.0,0.0,0.0,0.0,0.0,19.6,23.7,38.1,29.2,-128.7,2.7,0.0,0.0,0.0,1.0,0.0,0.0,1.0,1.0,90.0,90.0,0
2025-04-14 10:49:36,9.88,9.61,0.1,0.1,6.4,0.0,0.0,0.0,0.0,0.0,19.6,23.7,38.1,29.2,-128.7,2.6,0.0,0.0,0.0,1.0,0.0,0.0,1.0,1.0,90.0,90.0,0
2025-04-14 10:49:37,9.88,9.62,0.1,0.1,6.8,0.0,0.0,0.0,0.0,0.0,19.6,23.7,38.1,29.2,-128.7,2.7,0.0,0.0,0.0,1.0,0.0,0.0,1.0,1.0,90.0,90.0,0
2025-04-14 10:49:38,9.88,9.61,0.1,0.1,6.8,0.0,0.0,0.0,0.0,0.0,19.6,23.7,38.1,29.2,-128.7,2.6,0.0,0.0,0.0,1.0,0.0,0.0,1.0,1.0,90.0,90.0,0
2025-04-14 10:49:39,9.89,9.62,0.1,0.1,6.8,0.0,0.0,0.0,0.0,0.0,19.6,23.7,38.1,29.2,-128.7,2.7,0.0,0.0,0.0,1.0,0.0,0.0,1.0,1.0,90.0,90.0,0
2025-04-14 10:49:40,9.88,9.62,0.1,0.1,6.7,0.0,0.0,0.0,0.0,0.0,19.6,23.7,38.1,29.2,-128.7,2.6,0.0,0.0,0.0,1.0,0.0,0.0,1.0,1.0,90.0,90.0,0
2025-04-14 10:49:41,9.88,9.62,0.1,0.1,6.7,0.0,0.0,0.0,0.0,0.0,19.6,23.7,38.1,29.2,-128.7,2.7,0.0,0.0,0.0,1.0,0.0,0.0,1.0,1.0,90.0,90.0,0
2025-04-14 10:49:42,9.88,9.62,0.1,0.1,6.9,0.0,0.0,0.0,0.0,0.0,19.6,23.7,38.1,29.2,-128.7,2.6,0.0,0.0,0.0,1.0,0.0,0.0,1.0,1.0,90.0,90.0,0
2025-04-14 10:49:43,9.86,9.61,0.1,0.1,6.5,0.0,0.0,0.0,0.0,0.0,19.6,23.7,38.1,29.2,-128.7,2.7,0.0,0.0,0.0,1.0,0.0,0.0,1.0,1.0,90.0,90.0,0
2025-04-14 10:49:44,9.86,9.62,0.1,0.1,6.1,0.0,0.0,0.0,0.0,0.0,19.6,23.7,38.1,29.2,-128.7,2.6,0.0,0.0,0.0,1.0,0.0,0.0,1.0,1.0,90.0,90.0,0
2025-04-14 10:49:45,9.88,9.62,0.1,0.1,6.9,0.0,0.0,0.0,0.0,0.0,19.6,23.7,38.1,29.1,-128.7,2.5,0.0,0.0,0.0,1.0,0.0,0.0,1.0,1.0,90.0,90.0,0
2025-04-14 10:49:46,9.88,9.63,0.1,0.1,6.1,0.0,0.0,0.0,0.0,0.0,19.6,23.7,38.1,29.1,-128.7,2.6,0.0,0.0,0.0,1.0,0.0,0.0,1.0,1.0,90.0,90.0,0
2025-04-14 10:49:47,9.88,9.61,0.1,0.1,6.5,0.0,0.0,0.0,0.0,0.0,19.6,23.7,38.1,29.1,-128.7,2.5,0.0,0.0,0.0,1.0,0.0,0.0,1.0,1.0,90.0,90.0,0
2025-04-14 10:49:48,9.88,9.62,0.1,0.1,6.4,0.0,0.0,0.0,0.0,0.0,19.6,23.7,38.1,29.1,-128.7,2.6,0.0,0.0,0.0,1.0,0.0,0.0,1.0,1.0,90.0,90.0,0
2025-04-14 10:49:49,9.88,9.61,0.1,0.1,6.7,0.0,0.0,0.0,0.0,0.0,19.6,23.7,38.1,29.1,-128.7,2.5,0.0,0.0,0.0,1.0,0.0,0.0,1.0,1.0,90.0,90.0,0
2025-04-14 10:49:50,9.88,9.63,0.1,0.1,6.3,0.0,0.0,0.0,0.0,0.0,19.6,23.7,38.1,29.1,-128.7,2.5,0.0,0.0,0.0,1.0,0.0,0.0,1.0,1.0,90.0,90.0,0
2025-04-14 10:49:51,9.89,9.61,0.1,0.1,7.1,0.0,0.0,0.0,0.0,0.0,19.6,23.7,38.0,29.1,-128.7,2.5,0.0,0.0,0.0,1.0,0.0,0.0,1.0,1.0,90.0,90.0,0
2025-04-14 10:49:52,9.89,9.63,0.1,0.1,6.4,0.0,0.0,0.0,0.0,0.0,19.6,23.7,38.0,29.1,-128.7,2.5,0.0,0.0,0.0,1.0,0.0,0.0,1.0,1.0,90.0,90.0,0
2025-04-14 10:49:53,9.89,9.61,0.1,0.1,6.7,0.0,0.0,0.0,0.0,0.0,19.6,23.7,38.0,29.1,-128.7,2.5,0.0,0.0,0.0,1.0,0.0,0.0,1.0,1.0,90.0,90.0,0
2025-04-14 10:49:54,9.88,9.63,0.1,0.1,6.6,0.0,0.0,0.0,0.0,0.0,19.6,23.7,38.0,29.1,-128.7,2.6,0.0,0.0,0.0,1.0,0.0,0.0,1.0,1.0,90.0,90.0,0
2025-04-14 10:49:55,9.88,9.61,0.1,0.1,7.0,0.0,0.0,0.0,0.0,0.0,19.6,23.7,38.0,29.1,-128.7,2.5,0.0,0.0,0.0,1.0,0.0,0.0,1.0,1.0,90.0,90.0,0
2025-04-14 10:49:56,9.88,9.62,0.1,0.1,6.9,0.0,0.0,0.0,0.0,0.0,19.6,23.7,38.1,29.1,-128.7,2.6,0.0,0.0,0.0,1.0,0.0,0.0,1.0,1.0,90.0,90.0,0
2025-04-14 10:49:57,9.86,9.62,0.1,0.1,6.6,0.0,0.0,0.0,0.0,0.0,19.6,23.7,38.1,29.1,-128.7,2.5,0.0,0.0,0.0,1.0,0.0,0.0,1.0,1.0,90.0,90.0,0
2025-04-14 10:49:58,9.89,9.62,0.1,0.1,6.3,0.0,0.0,0.0,0.0,0.0,19.6,23.7,38.1,29.1,-128.7,2.6,0.0,0.0,0.0,1.0,0.0,0.0,1.0,1.0,90.0,90.0,0
2025-04-14 10:49:59,9.88,9.61,0.1,0.1,6.7,0.0,0.0,0.0,0.0,0.0,19.6,23.7,38.1,29.1,-128.7,2.5,0.0,0.0,0.0,1.0,0.0,0.0,1.0,1.0,90.0,90.0,0
2025-04-14 10:50:00,9.88,9.62,0.1,0.1,6.5,0.0,0.0,0.0,0.0,0.0,19.6,23.7,38.1,29.1,-128.7,2.6,0.0,0.0,0.0,1.0,0.0,0.0,1.0,1.0,90.0,90.0,0
2025-04-14 10:50:01,9.88,9.62,0.1,0.1,6.8,0.0,0.0,0.0,0.0,0.0,19.6,23.7,38.1,29.1,-128.7,2.5,0.0,0.0,0.0,1.0,0.0,0.0,1.0,1.0,90.0,90.0,0
2025-04-14 10:50:02,9.88,9.62,0.1,0.1,6.5,0.0,0.0,0.0,0.0,0.0,19.6,23.7,38.1,29.1,-128.7,2.6,0.0,0.0,0.0,1.0,0.0,0.0,1.0,1.0,90.0,90.0,0
2025-04-14 10:50:03,9.88,9.62,0.1,0.1,6.9,0.0,0.0,0.0,0.0,0.0,19.6,23.7,38.1,29.1,-128.7,2.5,0.0,0.0,0.0,1.0,0.0,0.0,1.0,1.0,90.0,90.0,0
2025-04-14 10:50:04,9.88,9.61,0.1,0.1,6.4,0.0,0.0,0.0,0.0,0.0,19.6,23.7,38.1,29.1,-128.7,2.6,0.0,0.0,0.0,1.0,0.0,0.0,1.0,1.0,90.0,90.0,0
2025-04-14 10:50:05,9.88,9.62,0.1,0.1,6.6,0.0,0.0,0.0,0.0,0.0,19.6,23.7,38.1,29.1,-128.7,2.5,0.0,0.0,0.0,1.0,0.0,0.0,1.0,1.0,90.0,90.0,0
2025-04-14 10:50:06,9.9,9.61,0.1,0.1,6.5,0.0,0.0,0.0,0.0,0.0,19.6,23.7,38.1,29.1,-128.7,2.6,0.0,0.0,0.0,1.0,0.0,0.0,1.0,1.0,90.0,90.0,0
2025-04-14 10:50:07,9.89,9.62,0.1,0.1,6.5,0.0,0.0,0.0,0.0,0.0,19.6,23.7,38.1,29.1,-128.7,2.6,0.0,0.0,0.0,1.0,0.0,0.0,1.0,1.0,90.0,90.0,0
2025-04-14 10:50:08,9.89,9.61,0.1,0.1,6.7,0.0,0.0,0.0,0.0,0.0,19.6,23.7,38.0,29.1,-128.7,2.5,0.0,0.0,0.0,1.0,0.0,0.0,1.0,1.0,90.0,90.0,0
2025-04-14 10:50:09,9.89,9.63,0.1,0.1,6.3,0.0,0.0,0.0,0.0,0.0,19.6,23.7,38.0,29.1,-128.7,2.5,0.0,0.0,0.0,1.0,0.0,0.0,1.0,1.0,90.0,90.0,0
2025-04-14 10:50:10,9.89,9.62,0.1,0.1,7.0,0.0,0.0,0.0,0.0,0.0,19.6,23.7,38.0,29.1,-128.7,2.5,0.0,0.0,0.0,1.0,0.0,0.0,1.0,1.0,90.0,90.0,0
2025-04-14 10:50:11,9.89,9.63,0.1,0.1,6.2,0.0,0.0,0.0,0.0,0.0,19.6,23.7,38.1,29.1,-128.7,2.5,0.0,0.0,0.0,1.0,0.0,0.0,1.0,1.0,90.0,90.0,0
2025-04-14 10:50:12,9.9,9.62,0.1,0.1,6.9,0.0,0.0,0.0,0.0,0.0,19.6,23.7,38.1,29.1,-128.7,2.5,0.0,0.0,0.0,1.0,0.0,0.0,1.0,1.0,90.0,90.0,0
2025-04-14 10:50:13,9.88,9.62,0.1,0.1,6.4,0.0,0.0,0.0,0.0,0.0,19.6,23.7,38.0,29.1,-128.7,2.6,0.0,0.0,0.0,1.0,0.0,0.0,1.0,1.0,90.0,90.0,0
2025-04-14 10:50:14,9.88,9.61,0.1,0.1,6.8,0.0,0.0,0.0,0.0,0.0,19.6,23.7,38.0,29.1,-128.7,2.4,0.0,0.0,0.0,1.0,0.0,0.0,1.0,1.0,90.0,90.0,0
2025-04-14 10:50:15,9.88,9.63,0.1,0.1,6.3,0.0,0.0,0.0,0.0,0.0,19.6,23.7,38.0,29.0,-128.7,2.5,0.0,0.0,0.0,1.0,0.0,0.0,1.0,1.0,90.0,90.0,0
2025-04-14 10:50:16,9.88,9.63,0.1,0.1,6.5,0.0,0.0,0.0,0.0,0.0,19.6,23.7,38.0,29.0,-128.7,2.4,0.0,0.0,0.0,1.0,0.0,0.0,1.0,1.0,90.0,90.0,0
2025-04-14 10:50:17,9.88,9.63,0.1,0.1,6.5,0.0,0.0,0.0,0.0,0.0,19.6,23.7,38.0,29.0,-128.7,2.5,0.0,0.0,0.0,1.0,0.0,0.0,1.0,1.0,90.0,90.0,0
2025-04-14 10:50:18,9.89,9.62,0.1,0.1,6.5,0.0,0.0,0.0,0.0,0.0,19.6,23.7,38.0,29.0,-128.7,2.4,0.0,0.0,0.0,1.0,0.0,0.0,1.0,1.0,90.0,90.0,0
2025-04-14 10:50:19,9.88,9.63,0.1,0.1,6.8,0.0,0.0,0.0,0.0,0.0,19.6,23.7,38.0,29.0,-128.7,2.5,0.0,0.0,0.0,1.0,0.0,0.0,1.0,1.0,90.0,90.0,0
2025-04-14 10:50:20,9.9,9.61,0.1,0.1,6.7,0.0,0.0,0.0,0.0,0.0,19.6,23.7,38.0,29.0,-128.7,2.4,0.0,0.0,0.0,1.0,0.0,0.0,1.0,1.0,90.0,90.0,0
2025-04-14 10:50:21,9.9,9.61,0.1,0.1,6.7,0.0,0.0,0.0,0.0,0.0,19.6,23.7,38.0,29.0,-128.7,2.5,0.0,0.0,0.0,1.0,0.0,0.0,1.0,1.0,90.0,90.0,0
2025-04-14 10:50:22,9.9,9.63,0.1,0.1,6.3,0.0,0.0,0.0,0.0,0.0,19.6,23.7,38.0,29.0,-128.7,2.5,0.0,0.0,0.0,1.0,0.0,0.0,1.0,1.0,90.0,90.0,0
2025-04-14 10:50:23,9.9,9.61,0.1,0.1,7.1,0.0,0.0,0.0,0.0,0.0,19.6,23.7,38.0,29.0,-128.7,2.4,0.0,0.0,0.0,1.0,0.0,0.0,1.0,1.0,90.0,90.0,0
2025-04-14 10:50:24,9.89,9.62,0.1,0.1,6.5,0.0,0.0,0.0,0.0,0.0,19.6,23.7,38.0,29.0,-128.7,2.5,0.0,0.0,0.0,1.0,0.0,0.0,1.0,1.0,90.0,90.0,0
2025-04-14 10:50:25,9.89,9.62,0.1,0.1,6.7,0.0,0.0,0.0,0.0,0.0,19.6,23.7,38.0,29.0,-128.7,2.4,0.0,0.0,0.0,1.0,0.0,0.0,1.0,1.0,90.0,90.0,0
2025-04-14 10:50:26,9.89,9.63,0.1,0.1,6.8,0.0,0.0,0.0,0.0,0.0,19.6,23.7,38.0,29.0,-128.7,2.5,0.0,0.0,0.0,1.0,0.0,0.0,1.0,1.0,90.0,90.0,0
2025-04-14 10:50:27,9.89,9.61,0.1,0.1,6.2,0.0,0.0,0.0,0.0,0.0,19.6,23.7,38.0,29.0,-128.7,2.4,0.0,0.0,0.0,1.0,0.0,0.0,1.0,1.0,90.0,90.0,0
2025-04-14 10:50:28,9.88,9.63,0.1,0.1,7.0,0.0,0.0,0.0,0.0,0.0,19.6,23.7,38.0,29.0,-128.7,2.4,0.0,0.0,0.0,1.0,0.0,0.0,1.0,1.0,90.0,90.0,0
2025-04-14 10:50:29,9.88,9.62,0.1,0.1,6.3,0.0,0.0,0.0,0.0,0.0,19.6,23.7,38.0,29.0,-128.7,2.4,0.0,0.0,0.0,1.0,0.0,0.0,1.0,1.0,90.0,90.0,0
2025-04-14 10:50:30,9.88,9.63,0.1,0.1,6.6,0.0,0.0,0.0,0.0,0.0,19.6,23.7,38.0,29.0,-128.7,2.4,0.0,0.0,0.0,1.0,0.0,0.0,1.0,1.0,90.0,90.0,0
2025-04-14 10:50:31,9.88,9.62,0.1,0.1,6.4,0.0,0.0,0.0,0.0,0.0,19.6,23.7,38.0,29.0,-128.7,2.4,0.0,0.0,0.0,1.0,0.0,0.0,1.0,1.0,90.0,90.0,0
2025-04-14 10:50:32,9.89,9.61,0.1,0.1,6.3,0.0,0.0,0.0,0.0,0.0,19.6,23.7,38.0,29.0,-128.7,2.4,0.0,0.0,0.0,1.0,0.0,0.0,1.0,1.0,90.0,90.0,0
2025-04-14 10:50:33,9.89,9.61,0.1,0.1,6.3,0.0,0.0,0.0,0.0,0.0,19.6,23.7,38.0,29.0,-128.7,2.4,0.0,0.0,0.0,1.0,0.0,0.0,1.0,1.0,90.0,90.0,0
2025-04-14 10:50:34,9.89,9.62,0.1,0.1,6.5,0.0,0.0,0.0,0.0,0.0,19.6,23.7,38.0,29.0,-128.7,2.4,0.0,0.0,0.0,1.0,0.0,0.0,1.0,1.0,90.0,90.0,0
2025-04-14 10:50:35,9.89,9.61,0.1,0.1,6.4,0.0,0.0,0.0,0.0,0.0,19.6,23.7,38.0,29.0,-128.7,2.4,0.0,0.0,0.0,1.0,0.0,0.0,1.0,1.0,90.0,90.0,0
2025-04-14 10:50:36,9.89,9.61,0.1,0.1,6.4,0.0,0.0,0.0,0.0,0.0,19.6,23.7,38.0,29.0,-128.7,2.4,0.0,0.0,0.0,1.0,0.0,0.0,1.0,1.0,90.0,90.0,0
2025-04-14 10:50:37,9.89,9.64,0.1,0.1,6.6,0.0,0.0,0.0,0.0,0.0,19.6,23.7,38.0,29.0,-128.7,2.4,0.0,0.0,0.0,1.0,0.0,0.0,1.0,1.0,90.0,90.0,0
2025-04-14 10:50:38,9.89,9.64,0.1,0.1,6.7,0.0,0.0,0.0,0.0,0.0,19.6,23.7,38.0,29.0,-128.7,2.4,0.0,0.0,0.0,1.0,0.0,0.0,1.0,1.0,90.0,90.0,0
2025-04-14 10:50:39,9.89,9.64,0.1,0.1,6.7,0.0,0.0,0.0,0.0,0.0,19.6,23.7,38.0,29.0,-128.7,2.5,0.0,0.0,0.0,1.0,0.0,0.0,1.0,1.0,90.0,90.0,0
2025-04-14 10:50:40,9.88,9.62,0.1,0.1,6.3,0.0,0.0,0.0,0.0,0.0,19.6,23.7,38.0,29.0,-128.7,2.4,0.0,0.0,0.0,1.0,0.0,0.0,1.0,1.0,90.0,90.0,0
2025-04-14 10:50:41,9.88,9.64,0.1,0.1,6.5,0.0,0.0,0.0,0.0,0.0,19.6,23.7,38.0,29.0,-128.7,2.4,0.0,0.0,0.0,1.0,0.0,0.0,1.0,1.0,90.0,90.0,0
2025-04-14 10:50:42,9.88,9.62,0.1,0.1,6.2,0.0,0.0,0.0,0.0,0.0,19.6,23.7,38.0,29.0,-128.7,2.4,0.0,0.0,0.0,1.0,0.0,0.0,1.0,1.0,90.0,90.0,0
2025-04-14 10:50:43,9.89,9.64,0.1,0.1,6.7,0.0,0.0,0.0,0.0,0.0,19.6,23.7,38.0,29.0,-128.7,2.4,0.0,0.0,0.0,1.0,0.0,0.0,1.0,1.0,90.0,90.0,0
2025-04-14 10:50:44,9.9,9.62,0.1,0.1,6.3,0.0,0.0,0.0,0.0,0.0,19.6,23.7,38.0,29.0,-128.7,2.4,0.0,0.0,0.0,1.0,0.0,0.0,1.0,1.0,90.0,90.0,0
2025-04-14 10:50:45,9.9,9.64,0.1,0.1,6.9,0.0,0.0,0.0,0.0,0.0,19.6,23.7,38.0,29.0,-128.7,2.4,0.0,0.0,0.0,1.0,0.0,0.0,1.0,1.0,90.0,90.0,0
2025-04-14 10:50:46,9.9,9.64,0.1,0.1,6.9,0.0,0.0,0.0,0.0,0.0,19.6,23.7,38.0,29.0,-128.7,2.4,0.0,0.0,0.0,1.0,0.0,0.0,1.0,1.0,90.0,90.0,0
2025-04-14 10:50:47,9.88,9.63,0.1,0.1,6.3,0.0,0.0,0.0,0.0,0.0,19.6,23.7,38.0,29.0,-128.7,2.3,0.0,0.0,0.0,1.0,0.0,0.0,1.0,1.0,90.0,90.0,0
2025-04-14 10:50:48,9.88,9.63,0.1,0.1,6.8,0.0,0.0,0.0,0.0,0.0,19.6,23.7,38.0,28.9,-128.7,2.3,0.0,0.0,0.0,1.0,0.0,0.0,1.0,1.0,90.0,90.0,0
2025-04-14 10:50:49,9.88,9.63,0.1,0.1,6.8,0.0,0.0,0.0,0.0,0.0,19.6,23.7,38.0,28.9,-128.7,2.3,0.0,0.0,0.0,1.0,0.0,0.0,1.0,1.0,90.0,90.0,0
2025-04-14 10:50:50,9.88,9.62,0.1,0.1,6.3,0.0,0.0,0.0,0.0,0.0,19.6,23.7,38.0,28.9,-128.7,2.3,0.0,0.0,0.0,1.0,0.0,0.0,1.0,1.0,90.0,90.0,0
2025-04-14 10:50:51,9.89,9.64,0.1,0.1,6.5,0.0,0.0,0.0,0.0,0.0,19.7,23.7,38.0,28.9,-128.7,2.3,0.0,0.0,0.0,1.0,0.0,0.0,1.0,1.0,90.0,90.0,0
2025-04-14 10:50:52,9.9,9.64,0.1,0.1,7.0,0.0,0.0,0.0,0.0,0.0,19.7,23.7,38.0,28.9,-128.7,2.3,0.0,0.0,0.0,1.0,0.0,0.0,1.0,1.0,90.0,90.0,0
2025-04-14 10:50:53,9.9,9.64,0.1,0.1,7.0,0.0,0.0,0.0,0.0,0.0,19.7,23.7,38.0,28.9,-128.7,2.3,0.0,0.0,0.0,1.0,0.0,0.0,1.0,1.0,90.0,90.0,0
2025-04-14 10:50:54,9.9,9.64,0.1,0.1,7.0,0.0,0.0,0.0,0.0,0.0,19.7,23.7,38.0,28.9,-128.7,2.3,0.0,0.0,0.0,1.0,0.0,0.0,1.0,1.0,90.0,90.0,0
2025-04-14 10:50:55,9.89,9.64,0.1,0.1,7.1,0.0,0.0,0.0,0.0,0.0,19.7,23.7,38.0,28.9,-128.7,2.3,0.0,0.0,0.0,1.0,0.0,0.0,1.0,1.0,90.0,90.0,0
2025-04-14 10:50:56,9.89,9.64,0.1,0.1,7.1,0.0,0.0,0.0,0.0,0.0,19.7,23.7,38.0,28.9,-128.7,2.3,0.0,0.0,0.0,1.0,0.0,0.0,1.0,1.0,90.0,90.0,0
2025-04-14 10:50:57,9.88,9.64,0.1,0.1,6.9,0.0,0.0,0.0,0.0,0.0,19.7,23.7,38.0,28.9,-128.7,2.3,0.0,0.0,0.0,1.0,0.0,0.0,1.0,1.0,90.0,90.0,0
2025-04-14 10:50:58,9.88,9.64,0.1,0.1,6.9,0.0,0.0,0.0,0.0,0.0,19.7,23.7,38.0,28.9,-128.7,2.3,0.0,0.0,0.0,1.0,0.0,0.0,1.0,1.0,90.0,90.0,0
2025-04-14 10:50:59,9.89,9.64,0.1,0.1,6.3,0.0,0.0,0.0,0.0,0.0,19.7,23.7,38.0,28.9,-128.7,2.3,0.0,0.0,0.0,1.0,0.0,0.0,1.0,1.0,90.0,90.0,0
2025-04-14 10:51:00,9.89,9.63,0.1,0.1,6.9,0.0,0.0,0.0,0.0,0.0,19.7,23.7,38.0,28.9,-128.7,2.3,0.0,0.0,0.0,1.0,0.0,0.0,1.0,1.0,90.0,90.0,0
2025-04-14 10:51:01,9.89,9.62,0.1,0.1,6.7,0.0,0.0,0.0,0.0,0.0,19.7,23.7,38.0,28.9,-128.7,2.3,0.0,0.0,0.0,1.0,0.0,0.0,1.0,1.0,90.0,90.0,0
2025-04-14 10:51:02,9.89,9.62,0.1,0.1,6.7,0.0,0.0,0.0,0.0,0.0,19.7,23.7,38.0,28.9,-128.7,2.3,0.0,0.0,0.0,1.0,0.0,0.0,1.0,1.0,90.0,90.0,0
2025-04-14 10:51:03,9.89,9.64,0.1,0.1,6.7,0.0,0.0,0.0,0.0,0.0,19.7,23.7,38.0,28.9,-128.7,2.3,0.0,0.0,0.0,1.0,0.0,0.0,1.0,1.0,90.0,90.0,0
2025-04-14 10:51:04,9.89,9.64,0.1,0.1,6.5,0.0,0.0,0.0,0.0,0.0,19.7,23.7,38.0,28.9,-128.7,2.3,0.0,0.0,0.0,1.0,0.0,0.0,1.0,1.0,90.0,90.0,0
2025-04-14 10:51:05,9.89,9.64,0.1,0.1,6.9,0.0,0.0,0.0,0.0,0.0,19.7,23.7,38.0,28.9,-128.7,2.3,0.0,0.0,0.0,1.0,0.0,0.0,1.0,1.0,90.0,90.0,0
2025-04-14 10:51:06,9.89,9.63,0.1,0.1,6.6,0.0,0.0,0.0,0.0,0.0,19.7,23.7,38.0,28.9,-128.7,2.3,0.0,0.0,0.0,1.0,0.0,0.0,1.0,1.0,90.0,90.0,0
2025-04-14 10:51:07,9.89,9.64,0.1,0.1,6.6,0.0,0.0,0.0,0.0,0.0,19.7,23.7,38.0,28.9,-128.7,2.3,0.0,0.0,0.0,1.0,0.0,0.0,1.0,1.0,90.0,90.0,0
2025-04-14 10:51:08,9.89,9.64,0.1,0.1,6.6,0.0,0.0,0.0,0.0,0.0,19.7,23.7,38.0,28.9,-128.7,2.3,0.0,0.0,0.0,1.0,0.0,0.0,1.0,1.0,90.0,90.0,0
2025-04-14 10:51:09,9.9,9.64,0.1,0.1,6.7,0.0,0.0,0.0,0.0,0.0,19.7,23.7,38.0,28.9,-128.7,2.3,0.0,0.0,0.0,1.0,0.0,0.0,1.0,1.0,90.0,90.0,0
2025-04-14 10:51:10,9.9,9.64,0.1,0.1,6.7,0.0,0.0,0.0,0.0,0.0,19.7,23.7,38.0,28.9,-128.7,2.3,0.0,0.0,0.0,1.0,0.0,0.0,1.0,1.0,90.0,90.0,0
2025-04-14 10:51:11,9.9,9.64,0.1,0.1,6.9,0.0,0.0,0.0,0.0,0.0,19.7,23.7,38.0,28.9,-128.7,2.3,0.0,0.0,0.0,1.0,0.0,0.0,1.0,1.0,90.0,90.0,0
2025-04-14 10:51:12,9.9,9.64,0.1,0.1,6.4,0.0,0.0,0.0,0.0,0.0,19.7,23.7,38.0,28.9,-128.7,2.3,0.0,0.0,0.0,1.0,0.0,0.0,1.0,1.0,90.0,90.0,0
2025-04-14 10:51:13,9.9,9.64,0.1,0.1,6.4,0.0,0.0,0.0,0.0,0.0,19.7,23.7,38.0,28.9,-128.7,2.3,0.0,0.0,0.0,1.0,0.0,0.0,1.0,1.0,90.0,90.0,0
2025-04-14 10:51:14,9.89,9.64,0.1,0.1,6.2,0.0,0.0,0.0,0.0,0.0,19.7,23.7,38.0,28.9,-128.7,2.3,0.0,0.0,0.0,1.0,0.0,0.0,1.0,1.0,90.0,90.0,0
2025-04-14 10:51:15,9.89,9.64,0.1,0.1,6.2,0.0,0.0,0.0,0.0,0.0,19.7,23.7,38.0,28.9,-128.7,2.3,0.0,0.0,0.0,1.0,0.0,0.0,1.0,1.0,90.0,90.0,0
2025-04-14 10:51:16,9.9,9.64,0.1,0.1,6.8,0.0,0.0,0.0,0.0,0.0,19.7,23.7,38.0,28.9,-128.7,2.2,0.0,0.0,0.0,1.0,0.0,0.0,1.0,1.0,90.0,90.0,0
2025-04-14 10:51:17,9.89,9.64,0.1,0.1,6.3,0.0,0.0,0.0,0.0,0.0,19.7,23.7,38.0,28.9,-128.7,2.3,0.0,0.0,0.0,1.0,0.0,0.0,1.0,1.0,90.0,90.0,0
2025-04-14 10:51:18,9.91,9.64,0.1,0.1,7.0,0.0,0.0,0.0,0.0,0.0,19.7,23.7,38.0,28.9,-128.7,2.3,0.0,0.0,0.0,1.0,0.0,0.0,1.0,1.0,90.0,90.0,0
2025-04-14 10:51:19,9.91,9.64,0.1,0.1,6.8,0.0,0.0,0.0,0.0,0.0,19.7,23.7,38.0,28.9,-128.7,2.3,0.0,0.0,0.0,1.0,0.0,0.0,1.0,1.0,90.0,90.0,0
2025-04-14 10:51:20,9.91,9.64,0.1,0.1,6.8,0.0,0.0,0.0,0.0,0.0,19.7,23.7,38.0,28.9,-128.7,2.3,0.0,0.0,0.0,1.0,0.0,0.0,1.0,1.0,90.0,90.0,0
2025-04-14 10:51:21,9.89,9.64,0.1,0.1,6.4,0.0,0.0,0.0,0.0,0.0,19.7,23.7,38.0,28.9,-128.7,2.1,0.0,0.0,0.0,1.0,0.0,0.0,1.0,1.0,90.0,90.0,0
2025-04-14 10:51:22,9.89,9.64,0.1,0.1,6.5,0.0,0.0,0.0,0.0,0.0,19.7,23.7,38.0,28.8,-128.7,2.2,0.0,0.0,0.0,1.0,0.0,0.0,1.0,1.0,90.0,90.0,0
2025-04-14 10:51:23,9.89,9.63,0.1,0.1,6.6,0.0,0.0,0.0,0.0,0.0,19.7,23.7,38.0,28.8,-128.7,2.2,0.0,0.0,0.0,1.0,0.0,0.0,1.0,1.0,90.0,90.0,0
2025-04-14 10:51:24,9.9,9.65,0.1,0.1,6.3,0.0,0.0,0.0,0.0,0.0,19.7,23.7,38.0,28.8,-128.7,2.1,0.0,0.0,0.0,1.0,0.0,0.0,1.0,1.0,90.0,90.0,0
2025-04-14 10:51:25,9.9,9.65,0.1,0.1,6.3,0.0,0.0,0.0,0.0,0.0,19.7,23.7,38.0,28.8,-128.7,2.2,0.0,0.0,0.0,1.0,0.0,0.0,1.0,1.0,90.0,90.0,0
2025-04-14 10:51:26,9.91,9.64,0.1,0.1,6.9,0.0,0.0,0.0,0.0,0.0,19.7,23.7,37.9,28.8,-128.7,2.2,0.0,0.0,0.0,1.0,0.0,0.0,1.0,1.0,90.0,90.0,0
2025-04-14 10:51:27,9.91,9.64,0.1,0.1,6.9,0.0,0.0,0.0,0.0,0.0,19.7,23.7,37.9,28.8,-128.7,2.2,0.0,0.0,0.0,1.0,0.0,0.0,1.0,1.0,90.0,90.0,0
2025-04-14 10:51:28,9.9,9.64,0.1,0.1,6.9,0.0,0.0,0.0,0.0,0.0,19.7,23.7,37.9,28.8,-128.7,2.2,0.0,0.0,0.0,1.0,0.0,0.0,1.0,1.0,90.0,90.0,0
2025-04-14 10:51:29,9.89,9.65,0.1,0.1,6.4,0.0,0.0,0.0,0.0,0.0,19.7,23.7,37.9,28.8,-128.7,2.2,0.0,0.0,0.0,1.0,0.0,0.0,1.0,1.0,90.0,90.0,0
2025-04-14 10:51:30,9.89,9.65,0.1,0.1,6.4,0.0,0.0,0.0,0.0,0.0,19.7,23.7,37.9,28.8,-128.7,2.2,0.0,0.0,0.0,1.0,0.0,0.0,1.0,1.0,90.0,90.0,0
2025-04-14 10:51:31,9.9,9.65,0.1,0.1,6.3,0.0,0.0,0.0,0.0,0.0,19.7,23.7,37.9,28.8,-128.7,2.1,0.0,0.0,0.0,1.0,0.0,0.0,1.0,1.0,90.0,90.0,0
2025-04-14 10:51:32,9.9,9.64,0.1,0.1,6.7,0.0,0.0,0.0,0.0,0.0,19.7,23.7,37.9,28.8,-128.7,2.2,0.0,0.0,0.0,1.0,0.0,0.0,1.0,1.0,90.0,90.0,0
2025-04-14 10:51:33,9.91,9.64,0.1,0.1,6.4,0.0,0.0,0.0,0.0,0.0,19.7,23.7,37.9,28.8,-128.7,2.2,0.0,0.0,0.0,1.0,0.0,0.0,1.0,1.0,90.0,90.0,0
2025-04-14 10:51:34,9.91,9.65,0.1,0.1,6.8,0.0,0.0,0.0,0.0,0.0,19.7,23.7,37.9,28.8,-128.7,2.1,0.0,0.0,0.0,1.0,0.0,0.0,1.0,1.0,90.0,90.0,0
2025-04-14 10:51:35,9.92,9.64,0.1,0.1,6.1,0.0,0.0,0.0,0.0,0.0,19.7,23.7,37.9,28.8,-128.7,2.2,0.0,0.0,0.0,1.0,0.0,0.0,1.0,1.0,90.0,90.0,0
2025-04-14 10:51:36,9.9,9.64,0.1,0.1,6.8,0.0,0.0,0.0,0.0,0.0,19.7,23.7,37.9,28.8,-128.7,2.1,0.0,0.0,0.0,1.0,0.0,0.0,1.0,1.0,90.0,90.0,0
2025-04-14 10:51:37,9.9,9.64,0.1,0.1,6.3,0.0,0.0,0.0,0.0,0.0,19.7,23.7,37.9,28.8,-128.7,2.2,0.0,0.0,0.0,1.0,0.0,0.0,1.0,1.0,90.0,90.0,0
2025-04-14 10:51:38,9.9,9.64,0.1,0.1,6.3,0.0,0.0,0.0,0.0,0.0,19.7,23.7,37.9,28.8,-128.7,2.1,0.0,0.0,0.0,1.0,0.0,0.0,1.0,1.0,90.0,90.0,0
2025-04-14 10:51:39,9.9,9.65,0.1,0.1,6.2,0.0,0.0,0.0,0.0,0.0,19.7,23.7,37.9,28.8,-128.7,2.2,0.0,0.0,0.0,1.0,0.0,0.0,1.0,1.0,90.0,90.0,0
2025-04-14 10:51:40,9.91,9.64,0.1,0.1,6.8,0.0,0.0,0.0,0.0,0.0,19.7,23.7,37.9,28.8,-128.7,2.2,0.0,0.0,0.0,1.0,0.0,0.0,1.0,1.0,90.0,90.0,0
2025-04-14 10:51:41,9.91,9.65,0.1,0.1,6.6,0.0,0.0,0.0,0.0,0.0,19.7,23.7,37.9,28.8,-128.7,2.1,0.0,0.0,0.0,1.0,0.0,0.0,1.0,1.0,90.0,90.0,0
2025-04-14 10:51:42,9.91,9.64,0.1,0.1,6.9,0.0,0.0,0.0,0.0,0.0,19.7,23.7,37.9,28.8,-128.7,2.2,0.0,0.0,0.0,1.0,0.0,0.0,1.0,1.0,90.0,90.0,0
2025-04-14 10:51:43,9.9,9.64,0.1,0.1,6.3,0.0,0.0,0.0,0.0,0.0,19.7,23.7,37.9,28.8,-128.7,2.1,0.0,0.0,0.0,1.0,0.0,0.0,1.0,1.0,90.0,90.0,0
2025-04-14 10:51:44,9.9,9.64,0.1,0.1,6.2,0.0,0.0,0.0,0.0,0.0,19.7,23.7,37.9,28.8,-128.7,2.2,0.0,0.0,0.0,1.0,0.0,0.0,1.0,1.0,90.0,90.0,0
2025-04-14 10:51:45,9.89,9.64,0.1,0.1,6.3,0.0,0.0,0.0,0.0,0.0,19.7,23.7,37.9,28.8,-128.7,2.1,0.0,0.0,0.0,1.0,0.0,0.0,1.0,1.0,90.0,90.0,0
2025-04-14 10:51:46,9.9,9.65,0.1,0.1,6.1,0.0,0.0,0.0,0.0,0.0,19.7,23.7,37.9,28.8,-128.7,2.2,0.0,0.0,0.0,1.0,0.0,0.0,1.0,1.0,90.0,90.0,0
2025-04-14 10:51:47,9.91,9.64,0.1,0.1,6.5,0.0,0.0,0.0,0.0,0.0,19.7,23.7,38.0,28.8,-128.7,2.2,0.0,0.0,0.0,1.0,0.0,0.0,1.0,1.0,90.0,90.0,0
2025-04-14 10:51:48,9.9,9.65,0.1,0.1,6.3,0.0,0.0,0.0,0.0,0.0,19.7,23.7,38.0,28.8,-128.7,2.1,0.0,0.0,0.0,1.0,0.0,0.0,1.0,1.0,90.0,90.0,0
2025-04-14 10:51:49,9.91,9.64,0.1,0.1,6.6,0.0,0.0,0.0,0.0,0.0,19.7,23.7,38.0,28.8,-128.7,2.1,0.0,0.0,0.0,1.0,0.0,0.0,1.0,1.0,90.0,90.0,0
2025-04-14 10:51:50,9.91,9.65,0.1,0.1,6.4,0.0,0.0,0.0,0.0,0.0,19.7,23.7,38.0,28.7,-128.7,2.0,0.0,0.0,0.0,1.0,0.0,0.0,1.0,1.0,90.0,90.0,0
2025-04-14 10:51:51,9.91,9.65,0.1,0.1,6.4,0.0,0.0,0.0,0.0,0.0,19.7,23.7,38.0,28.7,-128.7,2.0,0.0,0.0,0.0,1.0,0.0,0.0,1.0,1.0,90.0,90.0,0
2025-04-14 10:51:52,9.9,9.64,0.1,0.1,6.1,0.0,0.0,0.0,0.0,0.0,19.7,23.7,38.0,28.7,-128.7,2.1,0.0,0.0,0.0,1.0,0.0,0.0,1.0,1.0,90.0,90.0,0
2025-04-14 10:51:53,9.91,9.65,0.1,0.1,6.7,0.0,0.0,0.0,0.0,0.0,19.7,23.7,38.0,28.7,-128.7,2.0,0.0,0.0,0.0,1.0,0.0,0.0,1.0,1.0,90.0,90.0,0
2025-04-14 10:51:54,9.9,9.64,0.1,0.1,6.6,0.0,0.0,0.0,0.0,0.0,19.7,23.7,38.0,28.7,-128.7,2.1,0.0,0.0,0.0,1.0,0.0,0.0,1.0,1.0,90.0,90.0,0
2025-04-14 10:51:55,9.9,9.65,0.1,0.1,6.9,0.0,0.0,0.0,0.0,0.0,19.7,23.7,38.0,28.7,-128.7,2.0,0.0,0.0,0.0,1.0,0.0,0.0,1.0,1.0,90.0,90.0,0
2025-04-14 10:51:56,9.91,9.65,0.1,0.1,6.3,0.0,0.0,0.0,0.0,0.0,19.7,23.7,38.0,28.7,-128.7,2.0,0.0,0.0,0.0,1.0,0.0,0.0,1.0,1.0,90.0,90.0,0
2025-04-14 10:51:57,9.91,9.64,0.1,0.1,7.3,0.0,0.0,0.0,0.0,0.0,19.7,23.7,38.0,28.7,-128.7,2.0,0.0,0.0,0.0,1.0,0.0,0.0,1.0,1.0,90.0,90.0,0
2025-04-14 10:51:58,9.92,9.66,0.1,0.1,6.5,0.0,0.0,0.0,0.0,0.0,19.7,23.7,38.0,28.7,-128.7,2.0,0.0,0.0,0.0,1.0,0.0,0.0,1.0,1.0,90.0,90.0,0
2025-04-14 10:51:59,9.92,9.64,0.1,0.1,7.1,0.0,0.0,0.0,0.0,0.0,19.7,23.7,38.0,28.7,-128.7,2.1,0.0,0.0,0.0,1.0,0.0,0.0,1.0,1.0,90.0,90.0,0
2025-04-14 10:52:00,9.92,9.65,0.1,0.1,6.5,0.0,0.0,0.0,0.0,0.0,19.7,23.7,38.0,28.7,-128.7,2.0,0.0,0.0,0.0,1.0,0.0,0.0,1.0,1.0,90.0,90.0,0
2025-04-14 10:52:01,9.91,9.65,0.1,0.1,7.0,0.0,0.0,0.0,0.0,0.0,19.7,23.7,38.0,28.7,-128.7,2.1,0.0,0.0,0.0,1.0,0.0,0.0,1.0,1.0,90.0,90.0,0
2025-04-14 10:52:02,9.91,9.65,0.1,0.1,6.2,0.0,0.0,0.0,0.0,0.0,19.7,23.7,38.0,28.7,-128.7,2.0,0.0,0.0,0.0,1.0,0.0,0.0,1.0,1.0,90.0,90.0,0
2025-04-14 10:52:03,9.9,9.65,0.1,0.1,6.7,0.0,0.0,0.0,0.0,0.0,19.7,23.7,38.0,28.7,-128.7,2.0,0.0,0.0,0.0,1.0,0.0,0.0,1.0,1.0,90.0,90.0,0
2025-04-14 10:52:04,9.9,9.65,0.1,0.1,6.1,0.0,0.0,0.0,0.0,0.0,19.7,23.7,38.0,28.7,-128.7,2.0,0.0,0.0,0.0,1.0,0.0,0.0,1.0,1.0,90.0,90.0,0
2025-04-14 10:52:05,9.9,9.66,0.1,0.1,6.5,0.0,0.0,0.0,0.0,0.0,19.7,23.7,38.0,28.7,-128.7,2.0,0.0,0.0,0.0,1.0,0.0,0.0,1.0,1.0,90.0,90.0,0
2025-04-14 10:52:06,9.9,9.65,0.1,0.1,6.2,0.0,0.0,0.0,0.0,0.0,19.7,23.7,38.0,28.7,-128.7,2.0,0.0,0.0,0.0,1.0,0.0,0.0,1.0,1.0,90.0,90.0,0
2025-04-14 10:52:07,9.92,9.66,0.1,0.1,6.8,0.0,0.0,0.0,0.0,0.0,19.7,23.7,38.0,28.7,-128.7,2.0,0.0,0.0,0.0,1.0,0.0,0.0,1.0,1.0,90.0,90.0,0
2025-04-14 10:52:08,9.92,9.65,0.1,0.1,6.3,0.0,0.0,0.0,0.0,0.0,19.7,23.7,38.0,28.7,-128.7,2.1,0.0,0.0,0.0,1.0,0.0,0.0,1.0,1.0,90.0,90.0,0
2025-04-14 10:52:09,9.9,9.65,0.1,0.1,6.5,0.0,0.0,0.0,0.0,0.0,19.7,23.7,38.0,28.7,-128.7,2.0,0.0,0.0,0.0,1.0,0.0,0.0,1.0,1.0,90.0,90.0,0
2025-04-14 10:52:10,9.9,9.66,0.1,0.1,6.4,0.0,0.0,0.0,0.0,0.0,19.7,23.7,38.0,28.7,-128.7,2.0,0.0,0.0,0.0,1.0,0.0,0.0,1.0,1.0,90.0,90.0,0
2025-04-14 10:52:11,9.91,9.65,0.1,0.1,6.7,0.0,0.0,0.0,0.0,0.0,19.7,23.7,38.0,28.7,-128.7,1.9,0.0,0.0,0.0,1.0,0.0,0.0,1.0,1.0,90.0,90.0,0
2025-04-14 10:52:12,9.9,9.66,0.1,0.1,6.3,0.0,0.0,0.0,0.0,0.0,19.7,23.7,38.0,28.7,-128.7,1.9,0.0,0.0,0.0,1.0,0.0,0.0,1.0,1.0,90.0,90.0,0
2025-04-14 10:52:13,9.91,9.65,0.1,0.1,6.7,0.0,0.0,0.0,0.0,0.0,19.7,23.7,38.0,28.7,-128.7,2.0,0.0,0.0,0.0,1.0,0.0,0.0,1.0,1.0,90.0,90.0,0
2025-04-14 10:52:14,9.91,9.67,0.1,0.1,6.3,0.0,0.0,0.0,0.0,0.0,19.7,23.7,38.0,28.7,-128.7,1.9,0.0,0.0,0.0,1.0,0.0,0.0,1.0,1.0,90.0,90.0,0
2025-04-14 10:52:15,9.92,9.65,0.1,0.1,6.8,0.0,0.0,0.0,0.0,0.0,19.7,23.7,38.0,28.6,-128.7,1.9,0.0,0.0,0.0,1.0,0.0,0.0,1.0,1.0,90.0,90.0,0
2025-04-14 10:52:16,9.92,9.66,0.1,0.1,6.0,0.0,0.0,0.0,0.0,0.0,19.7,23.7,38.0,28.6,-128.7,1.8,0.0,0.0,0.0,1.0,0.0,0.0,1.0,1.0,90.0,90.0,0
2025-04-14 10:52:17,9.92,9.67,0.1,0.1,7.1,0.0,0.0,0.0,0.0,0.0,19.7,23.7,38.0,28.6,-128.7,1.9,0.0,0.0,0.0,1.0,0.0,0.0,1.0,1.0,90.0,90.0,0
2025-04-14 10:52:18,9.92,9.65,0.1,0.1,6.5,0.0,0.0,0.0,0.0,0.0,19.7,23.7,38.0,28.6,-128.7,1.9,0.0,0.0,0.0,1.0,0.0,0.0,1.0,1.0,90.0,90.0,0
2025-04-14 10:52:19,9.91,9.66,0.1,0.1,6.9,0.0,0.0,0.0,0.0,0.0,19.7,23.7,38.0,28.6,-128.7,1.8,0.0,0.0,0.0,1.0,0.0,0.0,1.0,1.0,90.0,90.0,0
2025-04-14 10:52:20,9.91,9.65,0.1,0.1,6.5,0.0,0.0,0.0,0.0,0.0,19.7,23.7,38.0,28.6,-128.7,2.0,0.0,0.0,0.0,1.0,0.0,0.0,1.0,1.0,90.0,90.0,0
2025-04-14 10:52:21,9.91,9.66,0.1,0.1,6.8,0.0,0.0,0.0,0.0,0.0,19.7,23.7,38.0,28.6,-128.7,1.8,0.0,0.0,0.0,1.0,0.0,0.0,1.0,1.0,90.0,90.0,0
2025-04-14 10:52:22,9.91,9.65,0.1,0.1,6.1,0.0,0.0,0.0,0.0,0.0,19.7,23.7,38.0,28.6,-128.7,2.0,0.0,0.0,0.0,1.0,0.0,0.0,1.0,1.0,90.0,90.0,0
2025-04-14 10:52:23,9.91,9.65,0.1,0.1,6.7,0.0,0.0,0.0,0.0,0.0,19.7,23.7,38.1,28.6,-128.7,1.9,0.0,0.0,0.0,1.0,0.0,0.0,1.0,1.0,90.0,90.0,0
2025-04-14 10:52:24,9.92,9.66,0.1,0.1,6.4,0.0,0.0,0.0,0.0,0.0,19.7,23.7,38.1,28.6,-128.7,1.9,0.0,0.0,0.0,1.0,0.0,0.0,1.0,1.0,90.0,90.0,0
2025-04-14 10:52:25,9.92,9.64,0.1,0.1,6.8,0.0,0.0,0.0,0.0,0.0,19.7,23.7,38.1,28.6,-128.7,1.9,0.0,0.0,0.0,1.0,0.0,0.0,1.0,1.0,90.0,90.0,0
2025-04-14 10:52:26,9.92,9.67,0.1,0.1,6.5,0.0,0.0,0.0,0.0,0.0,19.7,23.7,38.1,28.6,-128.7,1.8,0.0,0.0,0.0,1.0,0.0,0.0,1.0,1.0,90.0,90.0,0
2025-04-14 10:52:27,9.92,9.65,0.1,0.1,6.6,0.0,0.0,0.0,0.0,0.0,19.7,23.7,38.1,28.6,-128.7,1.9,0.0,0.0,0.0,1.0,0.0,0.0,1.0,1.0,90.0,90.0,0
2025-04-14 10:52:28,9.92,9.67,0.1,0.1,6.8,0.0,0.0,0.0,0.0,0.0,19.7,23.7,38.1,28.6,-128.7,1.8,0.0,0.0,0.0,1.0,0.0,0.0,1.0,1.0,90.0,90.0,0
2025-04-14 10:52:29,9.92,9.65,0.1,0.1,6.4,0.0,0.0,0.0,0.0,0.0,19.8,23.7,38.1,28.6,-128.7,1.9,0.0,0.0,0.0,1.0,0.0,0.0,1.0,1.0,90.0,90.0,0
2025-04-14 10:52:30,9.91,9.65,0.1,0.1,6.6,0.0,0.0,0.0,0.0,0.0,19.8,23.7,38.1,28.6,-128.7,1.8,0.0,0.0,0.0,1.0,0.0,0.0,1.0,1.0,90.0,90.0,0
2025-04-14 10:52:31,9.91,9.67,0.1,0.1,6.4,0.0,0.0,0.0,0.0,0.0,19.8,23.7,38.1,28.6,-128.7,1.8,0.0,0.0,0.0,1.0,0.0,0.0,1.0,1.0,90.0,90.0,0
2025-04-14 10:52:32,9.92,9.65,0.1,0.1,6.6,0.0,0.0,0.0,0.0,0.0,19.8,23.7,38.1,28.6,-128.7,1.9,0.0,0.0,0.0,1.0,0.0,0.0,1.0,1.0,90.0,90.0,0
2025-04-14 10:52:33,9.94,9.67,0.1,0.1,6.4,0.0,0.0,0.0,0.0,0.0,19.8,23.7,38.1,28.6,-128.7,1.8,0.0,0.0,0.0,1.0,0.0,0.0,1.0,1.0,90.0,90.0,0
2025-04-14 10:52:34,9.92,9.66,0.1,0.1,6.6,0.0,0.0,0.0,0.0,0.0,19.8,23.7,38.1,28.6,-128.7,1.9,0.0,0.0,0.0,1.0,0.0,0.0,1.0,1.0,90.0,90.0,0
2025-04-14 10:52:35,9.92,9.66,0.1,0.1,6.1,0.0,0.0,0.0,0.0,0.0,19.8,23.7,38.1,28.6,-128.7,1.9,0.0,0.0,0.0,1.0,0.0,0.0,1.0,1.0,90.0,90.0,0
2025-04-14 10:52:36,9.91,9.67,0.1,0.1,6.2,0.0,0.0,0.0,0.0,0.0,19.8,23.7,38.1,28.6,-128.7,1.8,0.0,0.0,0.0,1.0,0.0,0.0,1.0,1.0,90.0,90.0,0
2025-04-14 10:52:37,9.91,9.65,0.1,0.1,6.4,0.0,0.0,0.0,0.0,0.0,19.8,23.7,38.1,28.6,-128.7,1.9,0.0,0.0,0.0,1.0,0.0,0.0,1.0,1.0,90.0,90.0,0
2025-04-14 10:52:38,9.91,9.66,0.1,0.1,6.3,0.0,0.0,0.0,0.0,0.0,19.8,23.7,38.1,28.6,-128.7,1.8,0.0,0.0,0.0,1.0,0.0,0.0,1.0,1.0,90.0,90.0,0
2025-04-14 10:52:39,9.91,9.67,0.1,0.1,6.6,0.0,0.0,0.0,0.0,0.0,19.8,23.7,38.1,28.6,-128.7,1.9,0.0,0.0,0.0,1.0,0.0,0.0,1.0,1.0,90.0,90.0,0
2025-04-14 10:52:40,9.92,9.66,0.1,0.1,6.4,0.0,0.0,0.0,0.0,0.0,19.8,23.7,38.1,28.6,-128.7,1.8,0.0,0.0,0.0,1.0,0.0,0.0,1.0,1.0,90.0,90.0,0
2025-04-14 10:52:41,9.92,9.67,0.1,0.1,6.6,0.0,0.0,0.0,0.0,0.0,19.8,23.7,38.1,28.6,-128.7,1.8,0.0,0.0,0.0,1.0,0.0,0.0,1.0,1.0,90.0,90.0,0
2025-04-14 10:52:42,9.94,9.65,0.1,0.1,6.8,0.0,0.0,0.0,0.0,0.0,19.8,23.7,38.1,28.6,-128.7,1.9,0.0,0.0,0.0,1.0,0.0,0.0,1.0,1.0,90.0,90.0,0
2025-04-14 10:52:43,9.94,9.67,0.1,0.1,6.3,0.0,0.0,0.0,0.0,0.0,19.8,23.7,38.1,28.5,-128.7,1.7,0.0,0.0,0.0,1.0,0.0,0.0,1.0,1.0,90.0,90.0,0
2025-04-14 10:52:44,9.91,9.67,0.1,0.1,6.8,0.0,0.0,0.0,0.0,0.0,19.8,23.7,38.1,28.5,-128.7,1.8,0.0,0.0,0.0,1.0,0.0,0.0,1.0,1.0,90.0,90.0,0
2025-04-14 10:52:45,9.91,9.66,0.1,0.1,6.2,0.0,0.0,0.0,0.0,0.0,19.8,23.7,38.1,28.5,-128.7,1.7,0.0,0.0,0.0,1.0,0.0,0.0,1.0,1.0,90.0,90.0,0
2025-04-14 10:52:46,9.91,9.66,0.1,0.1,6.4,0.0,0.0,0.0,0.0,0.0,19.8,23.7,38.1,28.5,-128.7,1.8,0.0,0.0,0.0,1.0,0.0,0.0,1.0,1.0,90.0,90.0,0
2025-04-14 10:52:47,9.91,9.65,0.1,0.1,6.1,0.0,0.0,0.0,0.0,0.0,19.8,23.7,38.2,28.5,-128.7,1.8,0.0,0.0,0.0,1.0,0.0,0.0,1.0,1.0,90.0,90.0,0
2025-04-14 10:52:48,9.92,9.67,0.1,0.1,6.8,0.0,0.0,0.0,0.0,0.0,19.8,23.7,38.2,28.5,-128.7,1.8,0.0,0.0,0.0,1.0,0.0,0.0,1.0,1.0,90.0,90.0,0
2025-04-14 10:52:49,9.92,9.66,0.1,0.1,6.4,0.0,0.0,0.0,0.0,0.0,19.8,23.7,38.2,28.5,-128.7,1.8,0.0,0.0,0.0,1.0,0.0,0.0,1.0,1.0,90.0,90.0,0
2025-04-14 10:52:50,9.92,9.67,0.1,0.1,6.5,0.0,0.0,0.0,0.0,0.0,19.8,23.7,38.2,28.5,-128.7,1.7,0.0,0.0,0.0,1.0,0.0,0.0,1.0,1.0,90.0,90.0,0
2025-04-14 10:52:51,9.92,9.66,0.1,0.1,6.1,0.0,0.0,0.0,0.0,0.0,19.8,23.7,38.2,28.5,-128.7,1.7,0.0,0.0,0.0,1.0,0.0,0.0,1.0,1.0,90.0,90.0,0
2025-04-14 10:52:52,9.92,9.67,0.1,0.1,6.8,0.0,0.0,0.0,0.0,0.0,19.8,23.7,38.2,28.5,-128.7,1.7,0.0,0.0,0.0,1.0,0.0,0.0,1.0,1.0,90.0,90.0,0
2025-04-14 10:52:53,9.92,9.67,0.1,0.1,6.7,0.0,0.0,0.0,0.0,0.0,19.8,23.7,38.2,28.5,-128.7,1.7,0.0,0.0,0.0,1.0,0.0,0.0,1.0,1.0,90.0,90.0,0
2025-04-14 10:52:54,9.92,9.66,0.1,0.1,6.6,0.0,0.0,0.0,0.0,0.0,19.8,23.7,38.2,28.5,-128.7,1.7,0.0,0.0,0.0,1.0,0.0,0.0,1.0,1.0,90.0,90.0,0
2025-04-14 10:52:55,9.92,9.67,0.1,0.1,6.8,0.0,0.0,0.0,0.0,0.0,19.8,23.7,38.3,28.5,-128.7,1.7,0.0,0.0,0.0,1.0,0.0,0.0,1.0,1.0,90.0,90.0,0
2025-04-14 10:52:56,9.94,9.67,0.1,0.1,6.3,0.0,0.0,0.0,0.0,0.0,19.8,23.7,38.3,28.5,-128.7,1.8,0.0,0.0,0.0,1.0,0.0,0.0,1.0,1.0,90.0,90.0,0
2025-04-14 10:52:57,9.94,9.67,0.1,0.1,7.1,0.0,0.0,0.0,0.0,0.0,19.8,23.7,38.3,28.5,-128.7,1.7,0.0,0.0,0.0,1.0,0.0,0.0,1.0,1.0,90.0,90.0,0
2025-04-14 10:52:58,9.94,9.67,0.1,0.1,6.3,0.0,0.0,0.0,0.0,0.0,19.8,23.7,38.3,28.5,-128.7,1.7,0.0,0.0,0.0,1.0,0.0,0.0,1.0,1.0,90.0,90.0,0
2025-04-14 10:52:59,9.92,9.67,0.1,0.1,6.7,0.0,0.0,0.0,0.0,0.0,19.8,23.7,38.3,28.5,-128.7,1.8,0.0,0.0,0.0,1.0,0.0,0.0,1.0,1.0,90.0,90.0,0
2025-04-14 10:53:00,9.92,9.67,0.1,0.1,6.3,0.0,0.0,0.0,0.0,0.0,19.8,23.7,38.3,28.5,-128.7,1.7,0.0,0.0,0.0,1.0,0.0,0.0,1.0,1.0,90.0,90.0,0
2025-04-14 10:53:01,9.92,9.67,0.1,0.1,6.4,0.0,0.0,0.0,0.0,0.0,19.8,23.7,38.3,28.5,-128.7,1.8,0.0,0.0,0.0,1.0,0.0,0.0,1.0,1.0,90.0,90.0,0
2025-04-14 10:53:02,9.92,9.67,0.1,0.1,6.4,0.0,0.0,0.0,0.0,0.0,19.8,23.7,38.3,28.5,-128.7,1.7,0.0,0.0,0.0,1.0,0.0,0.0,1.0,1.0,90.0,90.0,0
2025-04-14 10:53:03,9.92,9.67,0.1,0.1,6.4,0.0,0.0,0.0,0.0,0.0,19.8,23.7,38.3,28.5,-128.7,1.7,0.0,0.0,0.0,1.0,0.0,0.0,1.0,1.0,90.0,90.0,0
2025-04-14 10:53:04,9.92,9.67,0.1,0.1,6.5,0.0,0.0,0.0,0.0,0.0,19.8,23.7,38.3,28.5,-128.7,1.7,0.0,0.0,0.0,1.0,0.0,0.0,1.0,1.0,90.0,90.0,0
2025-04-14 10:53:05,9.92,9.67,0.1,0.1,6.3,0.0,0.0,0.0,0.0,0.0,19.8,23.7,38.3,28.5,-128.7,1.7,0.0,0.0,0.0,1.0,0.0,0.0,1.0,1.0,90.0,90.0,0
2025-04-14 10:53:06,9.92,9.67,0.1,0.1,6.7,0.0,0.0,0.0,0.0,0.0,19.8,23.7,38.3,28.5,-128.7,1.7,0.0,0.0,0.0,1.0,0.0,0.0,1.0,1.0,90.0,90.0,0
2025-04-14 10:53:07,9.94,9.68,0.1,0.1,6.2,0.0,0.0,0.0,0.0,0.0,19.8,23.7,38.3,28.5,-128.7,1.7,0.0,0.0,0.0,1.0,0.0,0.0,1.0,1.0,90.0,90.0,0
2025-04-14 10:53:08,9.95,9.67,0.1,0.1,6.8,0.0,0.0,0.0,0.0,0.0,19.8,23.7,38.3,28.5,-128.7,1.7,0.0,0.0,0.0,1.0,0.0,0.0,1.0,1.0,90.0,90.0,0
2025-04-14 10:53:09,9.94,9.68,0.1,0.1,6.7,0.0,0.0,0.0,0.0,0.0,19.8,23.7,38.3,28.4,-128.7,1.6,0.0,0.0,0.0,1.0,0.0,0.0,1.0,1.0,90.0,90.0,0
2025-04-14 10:53:10,9.94,9.66,0.1,0.1,6.2,0.0,0.0,0.0,0.0,0.0,19.8,23.7,38.3,28.4,-128.7,1.6,0.0,0.0,0.0,1.0,0.0,0.0,1.0,1.0,90.0,90.0,0
2025-04-14 10:53:11,9.92,9.68,0.1,0.1,6.7,0.0,0.0,0.0,0.0,0.0,19.8,23.7,38.3,28.4,-128.7,1.6,0.0,0.0,0.0,1.0,0.0,0.0,1.0,1.0,90.0,90.0,0
2025-04-14 10:53:12,9.92,9.67,0.1,0.1,6.2,0.0,0.0,0.0,0.0,0.0,19.8,23.7,38.3,28.4,-128.7,1.6,0.0,0.0,0.0,1.0,0.0,0.0,1.0,1.0,90.0,90.0,0
2025-04-14 10:53:13,9.94,9.67,0.1,0.1,6.6,0.0,0.0,0.0,0.0,0.0,19.8,23.7,38.3,28.4,-128.7,1.6,0.0,0.0,0.0,1.0,0.0,0.0,1.0,1.0,90.0,90.0,0
2025-04-14 10:53:14,9.92,9.67,0.1,0.1,6.2,0.0,0.0,0.0,0.0,0.0,19.8,23.7,38.3,28.4,-128.7,1.6,0.0,0.0,0.0,1.0,0.0,0.0,1.0,1.0,90.0,90.0,0
2025-04-14 10:53:15,9.92,9.66,0.1,0.1,6.0,0.0,0.0,0.0,0.0,0.0,19.8,23.7,38.4,28.4,-128.7,1.6,0.0,0.0,0.0,1.0,0.0,0.0,1.0,1.0,90.0,90.0,0
2025-04-14 10:53:16,9.92,9.67,0.1,0.1,6.5,0.0,0.0,0.0,0.0,0.0,19.8,23.7,38.4,28.4,-128.7,1.6,0.0,0.0,0.0,1.0,0.0,0.0,1.0,1.0,90.0,90.0,0
2025-04-14 10:53:17,9.92,9.67,0.1,0.1,6.2,0.0,0.0,0.0,0.0,0.0,19.8,23.7,38.4,28.4,-128.7,1.6,0.0,0.0,0.0,1.0,0.0,0.0,1.0,1.0,90.0,90.0,0
2025-04-14 10:53:18,9.94,9.68,0.1,0.1,6.8,0.0,0.0,0.0,0.0,0.0,19.8,23.7,38.4,28.4,-128.7,1.6,0.0,0.0,0.0,1.0,0.0,0.0,1.0,1.0,90.0,90.0,0
2025-04-14 10:53:19,9.95,9.67,0.1,0.1,6.4,0.0,0.0,0.0,0.0,0.0,19.8,23.7,38.4,28.4,-128.7,1.6,0.0,0.0,0.0,1.0,0.0,0.0,1.0,1.0,90.0,90.0,0
2025-04-14 10:53:20,9.95,9.68,0.1,0.1,6.7,0.0,0.0,0.0,0.0,0.0,19.8,23.7,38.4,28.4,-128.7,1.6,0.0,0.0,0.0,1.0,0.0,0.0,1.0,1.0,90.0,90.0,0
2025-04-14 10:53:21,9.94,9.66,0.1,0.1,7.2,0.0,0.0,0.0,0.0,0.0,19.8,23.7,38.4,28.4,-128.7,1.7,0.0,0.0,0.0,1.0,0.0,0.0,1.0,1.0,90.0,90.0,0
2025-04-14 10:53:22,9.92,9.67,0.1,0.1,6.5,0.0,0.0,0.0,0.0,0.0,19.8,23.7,38.4,28.4,-128.7,1.6,0.0,0.0,0.0,1.0,0.0,0.0,1.0,1.0,90.0,90.0,0
2025-04-14 10:53:23,9.92,9.67,0.1,0.1,6.9,0.0,0.0,0.0,0.0,0.0,19.8,23.7,38.4,28.4,-128.7,1.6,0.0,0.0,0.0,1.0,0.0,0.0,1.0,1.0,90.0,90.0,0
2025-04-14 10:53:24,9.92,9.67,0.1,0.1,6.3,0.0,0.0,0.0,0.0,0.0,19.8,23.7,38.4,28.4,-128.7,1.6,0.0,0.0,0.0,1.0,0.0,0.0,1.0,1.0,90.0,90.0,0
2025-04-14 10:53:25,9.92,9.68,0.1,0.1,6.4,0.0,0.0,0.0,0.0,0.0,19.8,23.7,38.4,28.4,-128.7,1.6,0.0,0.0,0.0,1.0,0.0,0.0,1.0,1.0,90.0,90.0,0
2025-04-14 10:53:26,9.92,9.67,0.1,0.1,6.2,0.0,0.0,0.0,0.0,0.0,19.8,23.7,38.5,28.4,-128.7,1.6,0.0,0.0,0.0,1.0,0.0,0.0,1.0,1.0,90.0,90.0,0
2025-04-14 10:53:27,9.94,9.68,0.1,0.1,6.2,0.0,0.0,0.0,0.0,0.0,19.8,23.7,38.5,28.4,-128.7,1.6,0.0,0.0,0.0,1.0,0.0,0.0,1.0,1.0,90.0,90.0,0
2025-04-14 10:53:28,9.92,9.67,0.1,0.1,6.4,0.0,0.0,0.0,0.0,0.0,19.8,23.7,38.5,28.4,-128.7,1.6,0.0,0.0,0.0,1.0,0.0,0.0,1.0,1.0,90.0,90.0,0
2025-04-14 10:53:29,9.95,9.67,0.1,0.1,6.3,0.0,0.0,0.0,0.0,0.0,19.8,23.7,38.5,28.4,-128.7,1.6,0.0,0.0,0.0,1.0,0.0,0.0,1.0,1.0,90.0,90.0,0
2025-04-14 10:53:30,9.95,9.67,0.1,0.1,6.9,0.0,0.0,0.0,0.0,0.0,19.8,23.7,38.5,28.4,-128.7,1.7,0.0,0.0,0.0,1.0,0.0,0.0,1.0,1.0,90.0,90.0,0
2025-04-14 10:53:31,9.95,9.67,0.1,0.1,6.5,0.0,0.0,0.0,0.0,0.0,19.8,23.7,38.5,28.4,-128.7,1.6,0.0,0.0,0.0,1.0,0.0,0.0,1.0,1.0,90.0,90.0,0
2025-04-14 10:53:32,9.95,9.68,0.1,0.1,7.0,0.0,0.0,0.0,0.0,0.0,19.8,23.7,38.5,28.4,-128.7,1.6,0.0,0.0,0.0,1.0,0.0,0.0,1.0,1.0,90.0,90.0,0
2025-04-14 10:53:33,9.92,9.67,0.1,0.1,6.8,0.0,0.0,0.0,0.0,0.0,19.8,23.7,38.5,28.4,-128.7,1.6,0.0,0.0,0.0,1.0,0.0,0.0,1.0,1.0,90.0,90.0,0
2025-04-14 10:53:34,9.94,9.68,0.1,0.1,6.3,0.0,0.0,0.0,0.0,0.0,19.8,23.7,38.5,28.4,-128.7,1.6,0.0,0.0,0.0,1.0,0.0,0.0,1.0,1.0,90.0,90.0,0
2025-04-14 10:53:35,9.94,9.67,0.1,0.1,6.8,0.0,0.0,0.0,0.0,0.0,19.8,23.7,38.5,28.4,-128.7,1.6,0.0,0.0,0.0,1.0,0.0,0.0,1.0,1.0,90.0,90.0,0
2025-04-14 10:53:36,9.92,9.68,0.1,0.1,6.3,0.0,0.0,0.0,0.0,0.0,19.8,23.7,38.5,28.4,-128.7,1.6,0.0,0.0,0.0,1.0,0.0,0.0,1.0,1.0,90.0,90.0,0
2025-04-14 10:53:37,9.94,9.67,0.1,0.1,7.0,0.0,0.0,0.0,0.0,0.0,19.8,23.7,38.5,28.3,-128.7,1.5,0.0,0.0,0.0,1.0,0.0,0.0,1.0,1.0,90.0,90.0,0
2025-04-14 10:53:38,9.94,9.69,0.1,0.1,6.3,0.0,0.0,0.0,0.0,0.0,19.8,23.7,38.5,28.3,-128.7,1.5,0.0,0.0,0.0,1.0,0.0,0.0,1.0,1.0,90.0,90.0,0
2025-04-14 10:53:39,9.95,9.68,0.1,0.1,6.4,0.0,0.0,0.0,0.0,0.0,19.8,23.7,38.5,28.3,-128.7,1.5,0.0,0.0,0.0,1.0,0.0,0.0,1.0,1.0,90.0,90.0,0
2025-04-14 10:53:40,9.94,9.68,0.1,0.1,6.3,0.0,0.0,0.0,0.0,0.0,19.8,23.7,38.5,28.3,-128.7,1.5,0.0,0.0,0.0,1.0,0.0,0.0,1.0,1.0,90.0,90.0,0
2025-04-14 10:53:41,9.95,9.68,0.1,0.1,6.3,0.0,0.0,0.0,0.0,0.0,19.8,23.7,38.5,28.3,-128.7,1.5,0.0,0.0,0.0,1.0,0.0,0.0,1.0,1.0,90.0,90.0,0
2025-04-14 10:53:42,9.95,9.68,0.1,0.1,6.6,0.0,0.0,0.0,0.0,0.0,19.8,23.7,38.5,28.3,-128.7,1.5,0.0,0.0,0.0,1.0,0.0,0.0,1.0,1.0,90.0,90.0,0
2025-04-14 10:53:43,9.95,9.68,0.1,0.1,6.2,0.0,0.0,0.0,0.0,0.0,19.8,23.7,38.5,28.3,-128.7,1.5,0.0,0.0,0.0,1.0,0.0,0.0,1.0,1.0,90.0,90.0,0
2025-04-14 10:53:44,9.95,9.68,0.1,0.1,6.8,0.0,0.0,0.0,0.0,0.0,19.8,23.7,38.5,28.3,-128.7,1.5,0.0,0.0,0.0,1.0,0.0,0.0,1.0,1.0,90.0,90.0,0
2025-04-14 10:53:45,9.92,9.68,0.1,0.1,6.8,0.0,0.0,0.0,0.0,0.0,19.8,23.7,38.5,28.3,-128.7,1.5,0.0,0.0,0.0,1.0,0.0,0.0,1.0,1.0,90.0,90.0,0
2025-04-14 10:53:46,9.94,9.67,0.1,0.1,6.4,0.0,0.0,0.0,0.0,0.0,19.8,23.7,38.5,28.3,-128.7,1.5,0.0,0.0,0.0,1.0,0.0,0.0,1.0,1.0,90.0,90.0,0
2025-04-14 10:53:47,9.92,9.68,0.1,0.1,6.9,0.0,0.0,0.0,0.0,0.0,19.8,23.7,38.5,28.3,-128.7,1.5,0.0,0.0,0.0,1.0,0.0,0.0,1.0,1.0,90.0,90.0,0
2025-04-14 10:53:48,9.92,9.68,0.1,0.1,6.3,0.0,0.0,0.0,0.0,0.0,19.8,23.7,38.5,28.3,-128.7,1.5,0.0,0.0,0.0,1.0,0.0,0.0,1.0,1.0,90.0,90.0,0
2025-04-14 10:53:49,9.94,9.68,0.1,0.1,6.6,0.0,0.0,0.0,0.0,0.0,19.8,23.7,38.5,28.3,-128.7,1.5,0.0,0.0,0.0,1.0,0.0,0.0,1.0,1.0,90.0,90.0,0
2025-04-14 10:53:50,9.95,9.68,0.1,0.1,6.2,0.0,0.0,0.0,0.0,0.0,19.8,23.7,38.5,28.3,-128.7,1.5,0.0,0.0,0.0,1.0,0.0,0.0,1.0,1.0,90.0,90.0,0
2025-04-14 10:53:51,9.95,9.67,0.1,0.1,6.1,0.0,0.0,0.0,0.0,0.0,19.8,23.7,38.6,28.3,-128.7,1.5,0.0,0.0,0.0,1.0,0.0,0.0,1.0,1.0,90.0,90.0,0
2025-04-14 10:53:52,9.95,9.69,0.1,0.1,6.9,0.0,0.0,0.0,0.0,0.0,19.8,23.7,38.6,28.3,-128.7,1.5,0.0,0.0,0.0,1.0,0.0,0.0,1.0,1.0,90.0,90.0,0
2025-04-14 10:53:53,9.94,9.68,0.1,0.1,6.5,0.0,0.0,0.0,0.0,0.0,19.8,23.7,38.6,28.3,-128.7,1.5,0.0,0.0,0.0,1.0,0.0,0.0,1.0,1.0,90.0,90.0,0
2025-04-14 10:53:54,9.94,9.7,0.1,0.1,6.6,0.0,0.0,0.0,0.0,0.0,19.8,23.7,38.6,28.3,-128.7,1.5,0.0,0.0,0.0,1.0,0.0,0.0,1.0,1.0,90.0,90.0,0
2025-04-14 10:53:55,9.94,9.69,0.1,0.1,6.8,0.0,0.0,0.0,0.0,0.0,19.8,23.7,38.6,28.3,-128.7,1.5,0.0,0.0,0.0,1.0,0.0,0.0,1.0,1.0,90.0,90.0,0
2025-04-14 10:53:56,9.94,9.68,0.1,0.1,6.2,0.0,0.0,0.0,0.0,0.0,19.8,23.7,38.6,28.3,-128.7,1.4,0.0,0.0,0.0,1.0,0.0,0.0,1.0,1.0,90.0,90.0,0
2025-04-14 10:53:57,9.95,9.69,0.1,0.1,6.5,0.0,0.0,0.0,0.0,0.0,19.8,23.7,38.6,28.3,-128.7,1.5,0.0,0.0,0.0,1.0,0.0,0.0,1.0,1.0,90.0,90.0,0
2025-04-14 10:53:58,9.94,9.68,0.1,0.1,6.1,0.0,0.0,0.0,0.0,0.0,19.8,23.7,38.6,28.3,-128.7,1.4,0.0,0.0,0.0,1.0,0.0,0.0,1.0,1.0,90.0,90.0,0
2025-04-14 10:53:59,9.95,9.69,0.1,0.1,6.4,0.0,0.0,0.0,0.0,0.0,19.8,23.7,38.6,28.3,-128.7,1.4,0.0,0.0,0.0,1.0,0.0,0.0,1.0,1.0,90.0,90.0,0
2025-04-14 10:54:00,9.95,9.67,0.1,0.1,6.4,0.0,0.0,0.0,0.0,0.0,19.8,23.7,38.6,28.3,-128.7,1.5,0.0,0.0,0.0,1.0,0.0,0.0,1.0,1.0,90.0,90.0,0
2025-04-14 10:54:01,9.96,9.68,0.1,0.1,6.3,0.0,0.0,0.0,0.0,0.0,19.8,23.7,38.6,28.3,-128.7,1.5,0.0,0.0,0.0,1.0,0.0,0.0,1.0,1.0,90.0,90.0,0
2025-04-14 10:54:02,9.96,9.67,0.1,0.1,6.7,0.0,0.0,0.0,0.0,0.0,19.8,23.7,38.6,28.3,-128.7,1.5,0.0,0.0,0.0,1.0,0.0,0.0,1.0,1.0,90.0,90.0,0
2025-04-14 10:54:03,9.94,9.68,0.1,0.1,6.4,0.0,0.0,0.0,0.0,0.0,19.8,23.7,38.6,28.2,-128.7,1.4,0.0,0.0,0.0,1.0,0.0,0.0,1.0,1.0,90.0,90.0,0
2025-04-14 10:54:04,9.95,9.68,0.1,0.1,6.8,0.0,0.0,0.0,0.0,0.0,19.8,23.7,38.6,28.2,-128.7,1.4,0.0,0.0,0.0,1.0,0.0,0.0,1.0,1.0,90.0,90.0,0
2025-04-14 10:54:05,9.94,9.68,0.1,0.1,6.5,0.0,0.0,0.0,0.0,0.0,19.8,23.7,38.6,28.2,-128.7,1.4,0.0,0.0,0.0,1.0,0.0,0.0,1.0,1.0,90.0,90.0,0
2025-04-14 10:54:06,9.94,9.68,0.1,0.1,6.7,0.0,0.0,0.0,0.0,0.0,19.9,23.7,38.6,28.2,-128.7,1.4,0.0,0.0,0.0,1.0,0.0,0.0,1.0,1.0,90.0,90.0,0
2025-04-14 10:54:07,9.94,9.68,0.1,0.1,6.4,0.0,0.0,0.0,0.0,0.0,19.9,23.7,38.6,28.2,-128.7,1.4,0.0,0.0,0.0,1.0,0.0,0.0,1.0,1.0,90.0,90.0,0
2025-04-14 10:54:08,9.94,9.69,0.1,0.1,6.8,0.0,0.0,0.0,0.0,0.0,19.9,23.7,38.6,28.2,-128.7,1.4,0.0,0.0,0.0,1.0,0.0,0.0,1.0,1.0,90.0,90.0,0
2025-04-14 10:54:09,9.94,9.67,0.1,0.1,6.4,0.0,0.0,0.0,0.0,0.0,19.9,23.7,38.6,28.2,-128.7,1.4,0.0,0.0,0.0,1.0,0.0,0.0,1.0,1.0,90.0,90.0,0
2025-04-14 10:54:10,9.94,9.69,0.1,0.1,6.4,0.0,0.0,0.0,0.0,0.0,19.9,23.7,38.6,28.2,-128.7,1.4,0.0,0.0,0.0,1.0,0.0,0.0,1.0,1.0,90.0,90.0,0
2025-04-14 10:54:11,9.96,9.67,0.1,0.1,6.5,0.0,0.0,0.0,0.0,0.0,19.9,23.7,38.6,28.2,-128.7,1.4,0.0,0.0,0.0,1.0,0.0,0.0,1.0,1.0,90.0,90.0,0
2025-04-14 10:54:12,9.95,9.69,0.1,0.1,6.4,0.0,0.0,0.0,0.0,0.0,19.9,23.7,38.6,28.2,-128.7,1.4,0.0,0.0,0.0,1.0,0.0,0.0,1.0,1.0,90.0,90.0,0
2025-04-14 10:54:13,9.96,9.68,0.1,0.1,6.6,0.0,0.0,0.0,0.0,0.0,19.9,23.7,38.6,28.2,-128.7,1.4,0.0,0.0,0.0,1.0,0.0,0.0,1.0,1.0,90.0,90.0,0
2025-04-14 10:54:14,9.96,9.69,0.1,0.1,6.1,0.0,0.0,0.0,0.0,0.0,19.9,23.7,38.6,28.2,-128.7,1.4,0.0,0.0,0.0,1.0,0.0,0.0,1.0,1.0,90.0,90.0,0
2025-04-14 10:54:15,9.95,9.68,0.1,0.1,7.0,0.0,0.0,0.0,0.0,0.0,19.9,23.7,38.6,28.2,-128.7,1.4,0.0,0.0,0.0,1.0,0.0,0.0,1.0,1.0,90.0,90.0,0
2025-04-14 10:54:16,9.94,9.69,0.1,0.1,6.3,0.0,0.0,0.0,0.0,0.0,19.9,23.7,38.6,28.2,-128.7,1.4,0.0,0.0,0.0,1.0,0.0,0.0,1.0,1.0,90.0,90.0,0
2025-04-14 10:54:17,9.94,9.7,0.1,0.1,6.7,0.0,0.0,0.0,0.0,0.0,19.9,23.7,38.6,28.2,-128.7,1.4,0.0,0.0,0.0,1.0,0.0,0.0,1.0,1.0,90.0,90.0,0
2025-04-14 10:54:18,9.94,9.67,0.1,0.1,6.6,0.0,0.0,0.0,0.0,0.0,19.9,23.7,38.6,28.2,-128.7,1.4,0.0,0.0,0.0,1.0,0.0,0.0,1.0,1.0,90.0,90.0,0
2025-04-14 10:54:19,9.96,9.69,0.1,0.1,6.7,0.0,0.0,0.0,0.0,0.0,19.9,23.7,38.6,28.2,-128.7,1.3,0.0,0.0,0.0,1.0,0.0,0.0,1.0,1.0,90.0,90.0,0
2025-04-14 10:54:20,9.96,9.68,0.1,0.1,6.4,0.0,0.0,0.0,0.0,0.0,19.9,23.7,38.6,28.2,-128.7,1.4,0.0,0.0,0.0,1.0,0.0,0.0,1.0,1.0,90.0,90.0,0
2025-04-14 10:54:21,9.96,9.69,0.1,0.1,6.4,0.0,0.0,0.0,0.0,0.0,19.9,23.7,38.6,28.2,-128.7,1.4,0.0,0.0,0.0,1.0,0.0,0.0,1.0,1.0,90.0,90.0,0
2025-04-14 10:54:22,9.96,9.69,0.1,0.1,6.9,0.0,0.0,0.0,0.0,0.0,19.9,23.7,38.7,28.2,-128.7,1.4,0.0,0.0,0.0,1.0,0.0,0.0,1.0,1.0,90.0,90.0,0
2025-04-14 10:54:23,9.95,9.68,0.1,0.1,6.4,0.0,0.0,0.0,0.0,0.0,19.9,23.7,38.7,28.2,-128.7,1.4,0.0,0.0,0.0,1.0,0.0,0.0,1.0,1.0,90.0,90.0,0
2025-04-14 10:54:24,9.95,9.7,0.1,0.1,6.8,0.0,0.0,0.0,0.0,0.0,19.9,23.7,38.7,28.2,-128.7,1.3,0.0,0.0,0.0,1.0,0.0,0.0,1.0,1.0,90.0,90.0,0
2025-04-14 10:54:25,9.95,9.68,0.1,0.1,6.3,0.0,0.0,0.0,0.0,0.0,19.9,23.7,38.7,28.2,-128.7,1.4,0.0,0.0,0.0,1.0,0.0,0.0,1.0,1.0,90.0,90.0,0
2025-04-14 10:54:26,9.95,9.68,0.1,0.1,7.0,0.0,0.0,0.0,0.0,0.0,19.9,23.7,38.7,28.2,-128.7,1.3,0.0,0.0,0.0,1.0,0.0,0.0,1.0,1.0,90.0,90.0,0
2025-04-14 10:54:27,9.95,9.7,0.1,0.1,6.9,0.0,0.0,0.0,0.0,0.0,19.9,23.7,38.7,28.2,-128.7,1.4,0.0,0.0,0.0,1.0,0.0,0.0,1.0,1.0,90.0,90.0,0
2025-04-14 10:54:28,9.96,9.68,0.1,0.1,6.6,0.0,0.0,0.0,0.0,0.0,19.9,23.7,38.7,28.1,-128.7,1.2,0.0,0.0,0.0,1.0,0.0,0.0,1.0,1.0,90.0,90.0,0
2025-04-14 10:54:29,9.97,9.71,0.1,0.1,6.0,0.0,0.0,0.0,0.0,0.0,19.9,23.7,38.7,28.1,-128.7,1.3,0.0,0.0,0.0,1.0,0.0,0.0,1.0,1.0,90.0,90.0,0
2025-04-14 10:54:30,9.95,9.69,0.1,0.1,6.7,0.0,0.0,0.0,0.0,0.0,19.9,23.7,38.7,28.1,-128.7,1.3,0.0,0.0,0.0,1.0,0.0,0.0,1.0,1.0,90.0,90.0,0
2025-04-14 10:54:31,9.96,9.7,0.1,0.1,6.5,0.0,0.0,0.0,0.0,0.0,19.9,23.7,38.7,28.1,-128.7,1.2,0.0,0.0,0.0,1.0,0.0,0.0,1.0,1.0,90.0,90.0,0
2025-04-14 10:54:32,9.95,9.69,0.1,0.1,6.2,0.0,0.0,0.0,0.0,0.0,19.9,23.7,38.7,28.1,-128.7,1.3,0.0,0.0,0.0,1.0,0.0,0.0,1.0,1.0,90.0,90.0,0
2025-04-14 10:54:33,9.94,9.69,0.1,0.1,6.4,0.0,0.0,0.0,0.0,0.0,19.9,23.7,38.7,28.1,-128.7,1.3,0.0,0.0,0.0,1.0,0.0,0.0,1.0,1.0,90.0,90.0,0
2025-04-14 10:54:34,9.95,9.7,0.1,0.1,6.2,0.0,0.0,0.0,0.0,0.0,19.9,23.7,38.7,28.1,-128.7,1.2,0.0,0.0,0.0,1.0,0.0,0.0,1.0,1.0,90.0,90.0,0
2025-04-14 10:54:35,9.96,9.69,0.1,0.1,6.7,0.0,0.0,0.0,0.0,0.0,19.9,23.7,38.7,28.1,-128.7,1.3,0.0,0.0,0.0,1.0,0.0,0.0,1.0,1.0,90.0,90.0,0
2025-04-14 10:54:36,9.96,9.69,0.1,0.1,6.1,0.0,0.0,0.0,0.0,0.0,19.9,23.7,38.7,28.1,-128.7,1.2,0.0,0.0,0.0,1.0,0.0,0.0,1.0,1.0,90.0,90.0,0
2025-04-14 10:54:37,9.96,9.69,0.1,0.1,6.7,0.0,0.0,0.0,0.0,0.0,19.9,23.7,38.7,28.1,-128.7,1.3,0.0,0.0,0.0,1.0,0.0,0.0,1.0,1.0,90.0,90.0,0
2025-04-14 10:54:38,9.94,9.68,0.1,0.1,6.2,0.0,0.0,0.0,0.0,0.0,19.9,23.7,38.7,28.1,-128.7,1.3,0.0,0.0,0.0,1.0,0.0,0.0,1.0,1.0,90.0,90.0,0
2025-04-14 10:54:39,9.94,9.71,0.1,0.1,6.8,0.0,0.0,0.0,0.0,0.0,19.9,23.7,38.7,28.1,-128.7,1.2,0.0,0.0,0.0,1.0,0.0,0.0,1.0,1.0,90.0,90.0,0
2025-04-14 10:54:40,9.95,9.7,0.1,0.1,6.6,0.0,0.0,0.0,0.0,0.0,19.9,23.7,38.7,28.1,-128.7,1.3,0.0,0.0,0.0,1.0,0.0,0.0,1.0,1.0,90.0,90.0,0
2025-04-14 10:54:41,9.95,9.71,0.1,0.1,6.9,0.0,0.0,0.0,0.0,0.0,19.9,23.7,38.7,28.1,-128.7,1.2,0.0,0.0,0.0,1.0,0.0,0.0,1.0,1.0,90.0,90.0,0
2025-04-14 10:54:42,9.97,9.71,0.1,0.1,6.9,0.0,0.0,0.0,0.0,0.0,19.9,23.7,38.7,28.1,-128.7,1.3,0.0,0.0,0.0,1.0,0.0,0.0,1.0,1.0,90.0,90.0,0
2025-04-14 10:54:43,9.97,9.69,0.1,0.1,6.9,0.0,0.0,0.0,0.0,0.0,19.9,23.7,38.7,28.1,-128.7,1.2,0.0,0.0,0.0,1.0,0.0,0.0,1.0,1.0,90.0,90.0,0
2025-04-14 10:54:44,9.97,9.71,0.1,0.1,6.8,0.0,0.0,0.0,0.0,0.0,19.9,23.7,38.7,28.1,-128.7,1.2,0.0,0.0,0.0,1.0,0.0,0.0,1.0,1.0,90.0,90.0,0
2025-04-14 10:54:45,9.97,9.7,0.1,0.1,6.4,0.0,0.0,0.0,0.0,0.0,19.9,23.7,38.8,28.1,-128.7,1.2,0.0,0.0,0.0,1.0,0.0,0.0,1.0,1.0,90.0,90.0,0
2025-04-14 10:54:46,9.95,9.71,0.1,0.1,6.7,0.0,0.0,0.0,0.0,0.0,19.9,23.7,38.8,28.1,-128.7,1.2,0.0,0.0,0.0,1.0,0.0,0.0,1.0,1.0,90.0,90.0,0
2025-04-14 10:54:47,9.95,9.7,0.1,0.1,6.4,0.0,0.0,0.0,0.0,0.0,19.9,23.7,38.8,28.1,-128.7,1.2,0.0,0.0,0.0,1.0,0.0,0.0,1.0,1.0,90.0,90.0,0
2025-04-14 10:54:48,9.96,9.7,0.1,0.1,6.6,0.0,0.0,0.0,0.0,0.0,19.9,23.7,38.8,28.1,-128.7,1.2,0.0,0.0,0.0,1.0,0.0,0.0,1.0,1.0,90.0,90.0,0
2025-04-14 10:54:49,9.96,9.71,0.1,0.1,6.1,0.0,0.0,0.0,0.0,0.0,19.9,23.7,38.8,28.1,-128.7,1.2,0.0,0.0,0.0,1.0,0.0,0.0,1.0,1.0,90.0,90.0,0
2025-04-14 10:54:50,9.97,9.7,0.1,0.1,6.3,0.0,0.0,0.0,0.0,0.0,19.9,23.7,38.8,28.1,-128.7,1.2,0.0,0.0,0.0,1.0,0.0,0.0,1.0,1.0,90.0,90.0,0
2025-04-14 10:54:51,9.97,9.71,0.1,0.1,6.3,0.0,0.0,0.0,0.0,0.0,19.9,23.7,38.8,28.1,-128.7,1.2,0.0,0.0,0.0,1.0,0.0,0.0,1.0,1.0,90.0,90.0,0
2025-04-14 10:54:52,9.97,9.71,0.1,0.1,7.0,0.0,0.0,0.0,0.0,0.0,19.9,23.7,38.8,28.1,-128.7,1.2,0.0,0.0,0.0,1.0,0.0,0.0,1.0,1.0,90.0,90.0,0
2025-04-14 10:54:53,9.95,9.7,0.1,0.1,6.2,0.0,0.0,0.0,0.0,0.0,19.9,23.7,38.8,28.1,-128.7,1.2,0.0,0.0,0.0,1.0,0.0,0.0,1.0,1.0,90.0,90.0,0
2025-04-14 10:54:54,9.95,9.71,0.1,0.1,6.9,0.0,0.0,0.0,0.0,0.0,19.9,23.7,38.8,28.0,-128.7,1.1,0.0,0.0,0.0,1.0,0.0,0.0,1.0,1.0,90.0,90.0,0
2025-04-14 10:54:55,9.95,9.7,0.1,0.1,6.3,0.0,0.0,0.0,0.0,0.0,19.9,23.7,38.8,28.0,-128.7,1.2,0.0,0.0,0.0,1.0,0.0,0.0,1.0,1.0,90.0,90.0,0
2025-04-14 10:54:56,9.95,9.71,0.1,0.1,6.9,0.0,0.0,0.0,0.0,0.0,19.9,23.7,38.8,28.0,-128.7,1.1,0.0,0.0,0.0,1.0,0.0,0.0,1.0,1.0,90.0,90.0,0
2025-04-14 10:54:57,9.96,9.71,0.1,0.1,6.3,0.0,0.0,0.0,0.0,0.0,19.9,23.7,38.8,28.0,-128.7,1.1,0.0,0.0,0.0,1.0,0.0,0.0,1.0,1.0,90.0,90.0,0
2025-04-14 10:54:58,9.97,9.7,0.1,0.1,7.0,0.0,0.0,0.0,0.0,0.0,19.9,23.7,38.8,28.0,-128.7,1.1,0.0,0.0,0.0,1.0,0.0,0.0,1.0,1.0,90.0,90.0,0
2025-04-14 10:54:59,9.97,9.71,0.1,0.1,6.4,0.0,0.0,0.0,0.0,0.0,19.9,23.7,38.8,28.0,-128.7,1.1,0.0,0.0,0.0,1.0,0.0,0.0,1.0,1.0,90.0,90.0,0
2025-04-14 10:55:00,9.96,9.69,0.1,0.1,6.9,0.0,0.0,0.0,0.0,0.0,19.9,23.7,38.8,28.0,-128.7,1.1,0.0,0.0,0.0,1.0,0.0,0.0,1.0,1.0,90.0,90.0,0
2025-04-14 10:55:01,9.95,9.71,0.1,0.1,6.4,0.0,0.0,0.0,0.0,0.0,19.9,23.7,38.8,28.0,-128.7,1.1,0.0,0.0,0.0,1.0,0.0,0.0,1.0,1.0,90.0,90.0,0
2025-04-14 10:55:02,9.95,9.7,0.1,0.1,6.9,0.0,0.0,0.0,0.0,0.0,19.9,23.7,38.8,28.0,-128.7,1.1,0.0,0.0,0.0,1.0,0.0,0.0,1.0,1.0,90.0,90.0,0
2025-04-14 10:55:03,9.95,9.71,0.1,0.1,6.5,0.0,0.0,0.0,0.0,0.0,19.9,23.7,38.8,28.0,-128.7,1.1,0.0,0.0,0.0,1.0,0.0,0.0,1.0,1.0,90.0,90.0,0
2025-04-14 10:55:04,9.97,9.71,0.1,0.1,6.8,0.0,0.0,0.0,0.0,0.0,19.9,23.7,38.8,28.0,-128.7,1.1,0.0,0.0,0.0,1.0,0.0,0.0,1.0,1.0,90.0,90.0,0
2025-04-14 10:55:05,9.97,9.7,0.1,0.1,6.5,0.0,0.0,0.0,0.0,0.0,19.9,23.7,38.8,28.0,-128.7,1.1,0.0,0.0,0.0,1.0,0.0,0.0,1.0,1.0,90.0,90.0,0
2025-04-14 10:55:06,9.97,9.71,0.1,0.1,6.5,0.0,0.0,0.0,0.0,0.0,19.9,23.7,38.8,28.0,-128.7,1.1,0.0,0.0,0.0,1.0,0.0,0.0,1.0,1.0,90.0,90.0,0
2025-04-14 10:55:07,9.97,9.71,0.1,0.1,6.6,0.0,0.0,0.0,0.0,0.0,19.9,23.7,38.8,28.0,-128.7,1.1,0.0,0.0,0.0,1.0,0.0,0.0,1.0,1.0,90.0,90.0,0
2025-04-14 10:55:08,9.95,9.7,0.1,0.1,6.4,0.0,0.0,0.0,0.0,0.0,19.9,23.7,38.8,28.0,-128.7,1.1,0.0,0.0,0.0,1.0,0.0,0.0,1.0,1.0,90.0,90.0,0
2025-04-14 10:55:09,9.95,9.71,0.1,0.1,6.7,0.0,0.0,0.0,0.0,0.0,19.9,23.7,38.8,28.0,-128.7,1.1,0.0,0.0,0.0,1.0,0.0,0.0,1.0,1.0,90.0,90.0,0
2025-04-14 10:55:10,9.95,9.7,0.1,0.1,6.3,0.0,0.0,0.0,0.0,0.0,19.9,23.7,38.8,28.0,-128.7,1.1,0.0,0.0,0.0,1.0,0.0,0.0,1.0,1.0,90.0,90.0,0
2025-04-14 10:55:11,9.97,9.71,0.1,0.1,6.8,0.0,0.0,0.0,0.0,0.0,19.9,23.7,38.8,28.0,-128.7,1.1,0.0,0.0,0.0,1.0,0.0,0.0,1.0,1.0,90.0,90.0,0
2025-04-14 10:55:12,9.97,9.71,0.1,0.1,6.5,0.0,0.0,0.0,0.0,0.0,19.9,23.7,38.8,28.0,-128.7,1.1,0.0,0.0,0.0,1.0,0.0,0.0,1.0,1.0,90.0,90.0,0
2025-04-14 10:55:13,9.97,9.71,0.1,0.1,6.6,0.0,0.0,0.0,0.0,0.0,19.9,23.7,38.8,28.0,-128.7,1.1,0.0,0.0,0.0,1.0,0.0,0.0,1.0,1.0,90.0,90.0,0
2025-04-14 10:55:14,9.97,9.72,0.1,0.1,6.4,0.0,0.0,0.0,0.0,0.0,19.9,23.7,38.8,28.0,-128.7,1.1,0.0,0.0,0.0,1.0,0.0,0.0,1.0,1.0,90.0,90.0,0
2025-04-14 10:55:15,9.96,9.7,0.1,0.1,6.5,0.0,0.0,0.0,0.0,0.0,19.9,23.7,38.8,28.0,-128.7,1.1,0.0,0.0,0.0,1.0,0.0,0.0,1.0,1.0,90.0,90.0,0
2025-04-14 10:55:16,9.96,9.71,0.1,0.1,7.0,0.0,0.0,0.0,0.0,0.0,19.9,23.7,38.8,28.0,-128.7,1.1,0.0,0.0,0.0,1.0,0.0,0.0,1.0,1.0,90.0,90.0,0
2025-04-14 10:55:17,9.95,9.71,0.1,0.1,6.3,0.0,0.0,0.0,0.0,0.0,19.9,23.7,38.8,28.0,-128.7,1.1,0.0,0.0,0.0,1.0,0.0,0.0,1.0,1.0,90.0,90.0,0
2025-04-14 10:55:18,9.96,9.7,0.1,0.1,6.9,0.0,0.0,0.0,0.0,0.0,19.9,23.7,38.8,28.0,-128.7,1.1,0.0,0.0,0.0,1.0,0.0,0.0,1.0,1.0,90.0,90.0,0
2025-04-14 10:55:19,9.96,9.71,0.1,0.1,6.4,0.0,0.0,0.0,0.0,0.0,19.9,23.7,38.8,28.0,-128.7,1.1,0.0,0.0,0.0,1.0,0.0,0.0,1.0,1.0,90.0,90.0,0
2025-04-14 10:55:20,9.97,9.71,0.1,0.1,6.6,0.0,0.0,0.0,0.0,0.0,19.9,23.7,38.8,27.9,-128.7,1.0,0.0,0.0,0.0,1.0,0.0,0.0,1.0,1.0,90.0,90.0,0
2025-04-14 10:55:21,9.97,9.71,0.1,0.1,7.0,0.0,0.0,0.0,0.0,0.0,19.9,23.7,38.8,27.9,-128.7,1.0,0.0,0.0,0.0,1.0,0.0,0.0,1.0,1.0,90.0,90.0,0
2025-04-14 10:55:22,9.97,9.71,0.1,0.1,6.3,0.0,0.0,0.0,0.0,0.0,19.9,23.7,38.9,27.9,-128.7,1.0,0.0,0.0,0.0,1.0,0.0,0.0,1.0,1.0,90.0,90.0,0
2025-04-14 10:55:23,9.96,9.71,0.1,0.1,6.5,0.0,0.0,0.0,0.0,0.0,19.9,23.7,38.9,27.9,-128.7,1.0,0.0,0.0,0.0,1.0,0.0,0.0,1.0,1.0,90.0,90.0,0
2025-04-14 10:55:24,9.96,9.71,0.1,0.1,6.8,0.0,0.0,0.0,0.0,0.0,19.9,23.7,38.9,27.9,-128.7,1.0,0.0,0.0,0.0,1.0,0.0,0.0,1.0,1.0,90.0,90.0,0
2025-04-14 10:55:25,9.95,9.71,0.1,0.1,6.7,0.0,0.0,0.0,0.0,0.0,19.9,23.7,38.9,27.9,-128.7,1.0,0.0,0.0,0.0,1.0,0.0,0.0,1.0,1.0,90.0,90.0,0
2025-04-14 10:55:26,9.95,9.71,0.1,0.1,6.8,0.0,0.0,0.0,0.0,0.0,19.9,23.7,38.9,27.9,-128.7,1.0,0.0,0.0,0.0,1.0,0.0,0.0,1.0,1.0,90.0,90.0,0
2025-04-14 10:55:27,9.96,9.71,0.1,0.1,6.4,0.0,0.0,0.0,0.0,0.0,19.9,23.7,38.9,27.9,-128.7,1.0,0.0,0.0,0.0,1.0,0.0,0.0,1.0,1.0,90.0,90.0,0
2025-04-14 10:55:28,9.99,9.71,0.1,0.1,6.5,0.0,0.0,0.0,0.0,0.0,19.9,23.7,38.9,27.9,-128.7,1.0,0.0,0.0,0.0,1.0,0.0,0.0,1.0,1.0,90.0,90.0,0
2025-04-14 10:55:29,9.97,9.71,0.1,0.1,6.9,0.0,0.0,0.0,0.0,0.0,19.9,23.7,39.0,27.9,-128.7,1.0,0.0,0.0,0.0,1.0,0.0,0.0,1.0,1.0,90.0,90.0,0
2025-04-14 10:55:30,9.96,9.71,0.1,0.1,6.5,0.0,0.0,0.0,0.0,0.0,19.9,23.7,39.0,27.9,-128.7,1.0,0.0,0.0,0.0,1.0,0.0,0.0,1.0,1.0,90.0,90.0,0
2025-04-14 10:55:31,9.97,9.73,0.1,0.1,6.7,0.0,0.0,0.0,0.0,0.0,19.9,23.7,39.0,27.9,-128.7,1.0,0.0,0.0,0.0,1.0,0.0,0.0,1.0,1.0,90.0,90.0,0
2025-04-14 10:55:32,9.96,9.7,0.1,0.1,6.2,0.0,0.0,0.0,0.0,0.0,19.9,23.7,39.0,27.9,-128.7,1.0,0.0,0.0,0.0,1.0,0.0,0.0,1.0,1.0,90.0,90.0,0
2025-04-14 10:55:33,9.96,9.72,0.1,0.1,6.7,0.0,0.0,0.0,0.0,0.0,19.9,23.7,39.0,27.9,-128.7,1.0,0.0,0.0,0.0,1.0,0.0,0.0,1.0,1.0,90.0,90.0,0
2025-04-14 10:55:34,9.96,9.7,0.1,0.1,6.6,0.0,0.0,0.0,0.0,0.0,19.9,23.7,39.0,27.9,-128.7,1.0,0.0,0.0,0.0,1.0,0.0,0.0,1.0,1.0,90.0,90.0,0
2025-04-14 10:55:35,9.97,9.71,0.1,0.1,7.0,0.0,0.0,0.0,0.0,0.0,19.9,23.7,39.1,27.9,-128.7,1.0,0.0,0.0,0.0,1.0,0.0,0.0,1.0,1.0,90.0,90.0,0
2025-04-14 10:55:36,9.96,9.71,0.1,0.1,6.8,0.0,0.0,0.0,0.0,0.0,19.9,23.7,39.1,27.9,-128.7,1.0,0.0,0.0,0.0,1.0,0.0,0.0,1.0,1.0,90.0,90.0,0
2025-04-14 10:55:37,9.97,9.71,0.1,0.1,6.6,0.0,0.0,0.0,0.0,0.0,19.9,23.7,39.1,27.9,-128.7,1.0,0.0,0.0,0.0,1.0,0.0,0.0,1.0,1.0,90.0,90.0,0
2025-04-14 10:55:38,9.97,9.72,0.1,0.1,6.9,0.0,0.0,0.0,0.0,0.0,19.9,23.7,39.1,27.9,-128.7,1.0,0.0,0.0,0.0,1.0,0.0,0.0,1.0,1.0,90.0,90.0,0
2025-04-14 10:55:39,9.97,9.71,0.1,0.1,6.5,0.0,0.0,0.0,0.0,0.0,19.9,23.7,39.1,27.9,-128.7,1.0,0.0,0.0,0.0,1.0,0.0,0.0,1.0,1.0,90.0,90.0,0
2025-04-14 10:55:40,9.99,9.71,0.1,0.1,6.5,0.0,0.0,0.0,0.0,0.0,19.9,23.7,39.1,27.9,-128.7,1.0,0.0,0.0,0.0,1.0,0.0,0.0,1.0,1.0,90.0,90.0,0
2025-04-14 10:55:41,9.99,9.71,0.1,0.1,6.6,0.0,0.0,0.0,0.0,0.0,19.9,23.7,39.2,27.9,-128.7,1.0,0.0,0.0,0.0,1.0,0.0,0.0,1.0,1.0,90.0,90.0,0
2025-04-14 10:55:42,9.97,9.73,0.1,0.1,6.8,0.0,0.0,0.0,0.0,0.0,19.9,23.7,39.2,27.9,-128.7,1.0,0.0,0.0,0.0,1.0,0.0,0.0,1.0,1.0,90.0,90.0,0
2025-04-14 10:55:43,9.97,9.71,0.1,0.1,6.7,0.0,0.0,0.0,0.0,0.0,20.0,23.7,39.2,27.9,-128.7,1.0,0.0,0.0,0.0,1.0,0.0,0.0,1.0,1.0,90.0,90.0,0
2025-04-14 10:55:44,9.97,9.74,0.1,0.1,6.8,0.0,0.0,0.0,0.0,0.0,20.0,23.7,39.2,27.8,-128.7,0.8,0.0,0.0,0.0,1.0,0.0,0.0,1.0,1.0,90.0,90.0,0
2025-04-14 10:55:45,9.97,9.71,0.1,0.1,6.6,0.0,0.0,0.0,0.0,0.0,20.0,23.7,39.2,27.8,-128.7,0.9,0.0,0.0,0.0,1.0,0.0,0.0,1.0,1.0,90.0,90.0,0
2025-04-14 10:55:46,9.96,9.73,0.1,0.1,6.9,0.0,0.0,0.0,0.0,0.0,20.0,23.7,39.2,27.8,-128.7,0.9,0.0,0.0,0.0,1.0,0.0,0.0,1.0,1.0,90.0,90.0,0
2025-04-14 10:55:47,9.96,9.71,0.1,0.1,6.5,0.0,0.0,0.0,0.0,0.0,20.0,23.7,39.2,27.8,-128.7,0.9,0.0,0.0,0.0,1.0,0.0,0.0,1.0,1.0,90.0,90.0,0
2025-04-14 10:55:48,9.96,9.73,0.1,0.1,7.0,0.0,0.0,0.0,0.0,0.0,20.0,23.7,39.2,27.8,-128.7,0.9,0.0,0.0,0.0,1.0,0.0,0.0,1.0,1.0,90.0,90.0,0
2025-04-14 10:55:49,9.96,9.71,0.1,0.1,6.3,0.0,0.0,0.0,0.0,0.0,20.0,23.7,39.2,27.8,-128.7,0.9,0.0,0.0,0.0,1.0,0.0,0.0,1.0,1.0,90.0,90.0,0
2025-04-14 10:55:50,9.97,9.71,0.1,0.1,6.7,0.0,0.0,0.0,0.0,0.0,20.0,23.7,39.2,27.8,-128.7,0.9,0.0,0.0,0.0,1.0,0.0,0.0,1.0,1.0,90.0,90.0,0
2025-04-14 10:55:51,9.97,9.73,0.1,0.1,6.5,0.0,0.0,0.0,0.0,0.0,20.0,23.7,39.2,27.8,-128.7,0.9,0.0,0.0,0.0,1.0,0.0,0.0,1.0,1.0,90.0,90.0,0
2025-04-14 10:55:52,9.97,9.71,0.1,0.1,6.8,0.0,0.0,0.0,0.0,0.0,20.0,23.7,39.2,27.8,-128.7,0.9,0.0,0.0,0.0,1.0,0.0,0.0,1.0,1.0,90.0,90.0,0
2025-04-14 10:55:53,9.97,9.72,0.1,0.1,6.5,0.0,0.0,0.0,0.0,0.0,20.0,23.7,39.2,27.8,-128.7,0.9,0.0,0.0,0.0,1.0,0.0,0.0,1.0,1.0,90.0,90.0,0
2025-04-14 10:55:54,9.97,9.71,0.1,0.1,6.4,0.0,0.0,0.0,0.0,0.0,20.0,23.7,39.2,27.8,-128.7,0.9,0.0,0.0,0.0,1.0,0.0,0.0,1.0,1.0,90.0,90.0,0
2025-04-14 10:55:55,9.97,9.73,0.1,0.1,6.6,0.0,0.0,0.0,0.0,0.0,20.0,23.7,39.2,27.8,-128.7,0.8,0.0,0.0,0.0,1.0,0.0,0.0,1.0,1.0,90.0,90.0,0
2025-04-14 10:55:56,9.97,9.72,0.1,0.1,6.5,0.0,0.0,0.0,0.0,0.0,20.0,23.7,39.3,27.8,-128.7,0.9,0.0,0.0,0.0,1.0,0.0,0.0,1.0,1.0,90.0,90.0,0
2025-04-14 10:55:57,9.97,9.73,0.1,0.1,6.9,0.0,0.0,0.0,0.0,0.0,20.0,23.7,39.3,27.8,-128.7,0.8,0.0,0.0,0.0,1.0,0.0,0.0,1.0,1.0,90.0,90.0,0
2025-04-14 10:55:58,9.96,9.72,0.1,0.1,6.4,0.0,0.0,0.0,0.0,0.0,20.0,23.7,39.3,27.8,-128.7,0.9,0.0,0.0,0.0,1.0,0.0,0.0,1.0,1.0,90.0,90.0,0
2025-04-14 10:55:59,9.97,9.71,0.1,0.1,7.0,0.0,0.0,0.0,0.0,0.0,20.0,23.7,39.3,27.8,-128.7,0.8,0.0,0.0,0.0,1.0,0.0,0.0,1.0,1.0,90.0,90.0,0
2025-04-14 10:56:00,9.97,9.72,0.1,0.1,6.7,0.0,0.0,0.0,0.0,0.0,20.0,23.7,39.3,27.8,-128.7,0.9,0.0,0.0,0.0,1.0,0.0,0.0,1.0,1.0,90.0,90.0,0
2025-04-14 10:56:01,9.97,9.72,0.1,0.1,6.7,0.0,0.0,0.0,0.0,0.0,20.0,23.7,39.3,27.8,-128.7,0.8,0.0,0.0,0.0,1.0,0.0,0.0,1.0,1.0,90.0,90.0,0
2025-04-14 10:56:02,9.97,9.72,0.1,0.1,6.9,0.0,0.0,0.0,0.0,0.0,20.0,23.7,39.3,27.8,-128.7,0.9,0.0,0.0,0.0,1.0,0.0,0.0,1.0,1.0,90.0,90.0,0
2025-04-14 10:56:03,9.97,9.72,0.1,0.1,6.6,0.0,0.0,0.0,0.0,0.0,20.0,23.7,39.3,27.8,-128.7,0.9,0.0,0.0,0.0,1.0,0.0,0.0,1.0,1.0,90.0,90.0,0
2025-04-14 10:56:04,9.99,9.73,0.1,0.1,7.1,0.0,0.0,0.0,0.0,0.0,20.0,23.7,39.3,27.8,-128.7,0.9,0.0,0.0,0.0,1.0,0.0,0.0,1.0,1.0,90.0,90.0,0
2025-04-14 10:56:05,9.99,9.71,0.1,0.1,6.3,0.0,0.0,0.0,0.0,0.0,20.0,23.7,39.3,27.8,-128.7,0.9,0.0,0.0,0.0,1.0,0.0,0.0,1.0,1.0,90.0,90.0,0
2025-04-14 10:56:06,9.99,9.73,0.1,0.1,7.0,0.0,0.0,0.0,0.0,0.0,20.0,23.7,39.3,27.8,-128.7,0.9,0.0,0.0,0.0,1.0,0.0,0.0,1.0,1.0,90.0,90.0,0
2025-04-14 10:56:07,9.99,9.71,0.1,0.1,6.4,0.0,0.0,0.0,0.0,0.0,20.0,23.7,39.4,27.8,-128.7,0.8,0.0,0.0,0.0,1.0,0.0,0.0,1.0,1.0,90.0,90.0,0
2025-04-14 10:56:08,9.97,9.73,0.1,0.1,6.3,0.0,0.0,0.0,0.0,0.0,20.0,23.7,39.4,27.8,-128.7,0.8,0.0,0.0,0.0,1.0,0.0,0.0,1.0,1.0,90.0,90.0,0
2025-04-14 10:56:09,9.99,9.71,0.1,0.1,6.8,0.0,0.0,0.0,0.0,0.0,20.0,23.7,39.4,27.8,-128.7,0.9,0.0,0.0,0.0,1.0,0.0,0.0,1.0,1.0,90.0,90.0,0
2025-04-14 10:56:10,9.99,9.73,0.1,0.1,6.3,0.0,0.0,0.0,0.0,0.0,20.0,23.7,39.4,27.7,-128.7,0.7,0.0,0.0,0.0,1.0,0.0,0.0,1.0,1.0,90.0,90.0,0
2025-04-14 10:56:11,9.97,9.72,0.1,0.1,6.6,0.0,0.0,0.0,0.0,0.0,20.0,23.7,39.4,27.7,-128.7,0.8,0.0,0.0,0.0,1.0,0.0,0.0,1.0,1.0,90.0,90.0,0
2025-04-14 10:56:12,9.97,9.73,0.1,0.1,6.3,0.0,0.0,0.0,0.0,0.0,20.0,23.7,39.4,27.7,-128.7,0.7,0.0,0.0,0.0,1.0,0.0,0.0,1.0,1.0,90.0,90.0,0
2025-04-14 10:56:13,9.97,9.72,0.1,0.1,6.9,0.0,0.0,0.0,0.0,0.0,20.0,23.7,39.4,27.7,-128.7,0.8,0.0,0.0,0.0,1.0,0.0,0.0,1.0,1.0,90.0,90.0,0
2025-04-14 10:56:14,9.97,9.73,0.1,0.1,6.5,0.0,0.0,0.0,0.0,0.0,20.0,23.7,39.4,27.7,-128.7,0.7,0.0,0.0,0.0,1.0,0.0,0.0,1.0,1.0,90.0,90.0,0
2025-04-14 10:56:15,9.97,9.71,0.1,0.1,7.0,0.0,0.0,0.0,0.0,0.0,20.0,23.7,39.4,27.7,-128.7,0.8,0.0,0.0,0.0,1.0,0.0,0.0,1.0,1.0,90.0,90.0,0
2025-04-14 10:56:16,9.97,9.74,0.1,0.1,6.6,0.0,0.0,0.0,0.0,0.0,20.0,23.7,39.4,27.7,-128.7,0.7,0.0,0.0,0.0,1.0,0.0,0.0,1.0,1.0,90.0,90.0,0
2025-04-14 10:56:17,9.97,9.72,0.1,0.1,6.4,0.0,0.0,0.0,0.0,0.0,20.0,23.7,39.4,27.7,-128.7,0.8,0.0,0.0,0.0,1.0,0.0,0.0,1.0,1.0,90.0,90.0,0
2025-04-14 10:56:18,9.97,9.74,0.1,0.1,6.7,0.0,0.0,0.0,0.0,0.0,20.0,23.7,39.4,27.7,-128.7,0.7,0.0,0.0,0.0,1.0,0.0,0.0,1.0,1.0,90.0,90.0,0
2025-04-14 10:56:19,9.97,9.71,0.1,0.1,6.4,0.0,0.0,0.0,0.0,0.0,20.0,23.7,39.4,27.7,-128.7,0.8,0.0,0.0,0.0,1.0,0.0,0.0,1.0,1.0,90.0,90.0,0
2025-04-14 10:56:20,9.99,9.72,0.1,0.1,6.3,0.0,0.0,0.0,0.0,0.0,20.0,23.7,39.5,27.7,-128.7,0.7,0.0,0.0,0.0,1.0,0.0,0.0,1.0,1.0,90.0,90.0,0
2025-04-14 10:56:21,9.99,9.72,0.1,0.1,6.7,0.0,0.0,0.0,0.0,0.0,20.0,23.7,39.5,27.7,-128.7,0.8,0.0,0.0,0.0,1.0,0.0,0.0,1.0,1.0,90.0,90.0,0
2025-04-14 10:56:22,9.99,9.73,0.1,0.1,6.1,0.0,0.0,0.0,0.0,0.0,20.0,23.7,39.5,27.7,-128.7,0.7,0.0,0.0,0.0,1.0,0.0,0.0,1.0,1.0,90.0,90.0,0
2025-04-14 10:56:23,9.97,9.73,0.1,0.1,6.7,0.0,0.0,0.0,0.0,0.0,20.0,23.7,39.5,27.7,-128.7,0.8,0.0,0.0,0.0,1.0,0.0,0.0,1.0,1.0,90.0,90.0,0
2025-04-14 10:56:24,9.99,9.73,0.1,0.1,6.2,0.0,0.0,0.0,0.0,0.0,20.0,23.7,39.5,27.7,-128.7,0.7,0.0,0.0,0.0,1.0,0.0,0.0,1.0,1.0,90.0,90.0,0
2025-04-14 10:56:25,10.0,9.72,0.1,0.1,6.9,0.0,0.0,0.0,0.0,0.0,20.0,23.7,39.5,27.7,-128.7,0.8,0.0,0.0,0.0,1.0,0.0,0.0,1.0,1.0,90.0,90.0,0
2025-04-14 10:56:26,10.0,9.74,0.1,0.1,6.7,0.0,0.0,0.0,0.0,0.0,20.0,23.7,39.5,27.7,-128.7,0.7,0.0,0.0,0.0,1.0,0.0,0.0,1.0,1.0,90.0,90.0,0
2025-04-14 10:56:27,9.99,9.72,0.1,0.1,6.4,0.0,0.0,0.0,0.0,0.0,20.0,23.6,39.5,27.7,-128.7,0.7,0.0,0.0,0.0,1.0,0.0,0.0,1.0,1.0,90.0,90.0,0
2025-04-14 10:56:28,10.0,9.73,0.1,0.1,7.1,0.0,0.0,0.0,0.0,0.0,20.0,23.6,39.5,27.7,-128.7,0.7,0.0,0.0,0.0,1.0,0.0,0.0,1.0,1.0,90.0,90.0,0
2025-04-14 10:56:29,9.99,9.73,0.1,0.1,6.2,0.0,0.0,0.0,0.0,0.0,20.0,23.6,39.5,27.7,-128.7,0.8,0.0,0.0,0.0,1.0,0.0,0.0,1.0,1.0,90.0,90.0,0
2025-04-14 10:56:30,10.0,9.72,0.1,0.1,6.8,0.0,0.0,0.0,0.0,0.0,20.0,23.6,39.5,27.7,-128.7,0.7,0.0,0.0,0.0,1.0,0.0,0.0,1.0,1.0,90.0,90.0,0
2025-04-14 10:56:31,10.0,9.74,0.1,0.1,6.5,0.0,0.0,0.0,0.0,0.0,20.0,23.6,39.6,27.7,-128.7,0.8,0.0,0.0,0.0,1.0,0.0,0.0,1.0,1.0,90.0,90.0,0
2025-04-14 10:56:32,9.99,9.73,0.1,0.1,6.8,0.0,0.0,0.0,0.0,0.0,20.0,23.6,39.6,27.7,-128.7,0.7,0.0,0.0,0.0,1.0,0.0,0.0,1.0,1.0,90.0,90.0,0
2025-04-14 10:56:33,9.97,9.73,0.1,0.1,6.4,0.0,0.0,0.0,0.0,0.0,20.0,23.6,39.6,27.7,-128.7,0.7,0.0,0.0,0.0,1.0,0.0,0.0,1.0,1.0,90.0,90.0,0
2025-04-14 10:56:34,9.99,9.72,0.1,0.1,6.3,0.0,0.0,0.0,0.0,0.0,20.0,23.6,39.6,27.7,-128.7,0.8,0.0,0.0,0.0,1.0,0.0,0.0,1.0,1.0,90.0,90.0,0
2025-04-14 10:56:35,9.99,9.74,0.1,0.1,6.7,0.0,0.0,0.0,0.0,0.0,20.0,23.6,39.6,27.7,-128.7,0.7,0.0,0.0,0.0,1.0,0.0,0.0,1.0,1.0,90.0,90.0,0
2025-04-14 10:56:36,9.97,9.73,0.1,0.1,6.3,0.0,0.0,0.0,0.0,0.0,20.0,23.6,39.6,27.6,-128.7,0.6,0.0,0.0,0.0,1.0,0.0,0.0,1.0,1.0,90.0,90.0,0
2025-04-14 10:56:37,9.97,9.74,0.1,0.1,6.9,0.0,0.0,0.0,0.0,0.0,20.0,23.6,39.7,27.6,-128.7,0.6,0.0,0.0,0.0,1.0,0.0,0.0,1.0,1.0,90.0,90.0,0
2025-04-14 10:56:38,9.97,9.72,0.1,0.1,6.3,0.0,0.0,0.0,0.0,0.0,20.0,23.6,39.7,27.6,-128.7,0.7,0.0,0.0,0.0,1.0,0.0,0.0,1.0,1.0,90.0,90.0,0
2025-04-14 10:56:39,9.99,9.74,0.1,0.1,6.9,0.0,0.0,0.0,0.0,0.0,20.0,23.6,39.7,27.6,-128.7,0.6,0.0,0.0,0.0,1.0,0.0,0.0,1.0,1.0,90.0,90.0,0
2025-04-14 10:56:40,10.0,9.72,0.1,0.1,6.4,0.0,0.0,0.0,0.0,0.0,20.0,23.6,39.7,27.6,-128.7,0.6,0.0,0.0,0.0,1.0,0.0,0.0,1.0,1.0,90.0,90.0,0
2025-04-14 10:56:41,10.0,9.74,0.1,0.1,6.8,0.0,0.0,0.0,0.0,0.0,20.0,23.6,39.7,27.6,-128.7,0.6,0.0,0.0,0.0,1.0,0.0,0.0,1.0,1.0,90.0,90.0,0
2025-04-14 10:56:42,10.0,9.73,0.1,0.1,6.7,0.0,0.0,0.0,0.0,0.0,20.0,23.6,39.7,27.6,-128.7,0.6,0.0,0.0,0.0,1.0,0.0,0.0,1.0,1.0,90.0,90.0,0
2025-04-14 10:56:43,10.0,9.74,0.1,0.1,6.6,0.0,0.0,0.0,0.0,0.0,20.0,23.6,39.7,27.6,-128.7,0.6,0.0,0.0,0.0,1.0,0.0,0.0,1.0,1.0,90.0,90.0,0
2025-04-14 10:56:44,10.0,9.74,0.1,0.1,6.9,0.0,0.0,0.0,0.0,0.0,20.0,23.6,39.8,27.6,-128.7,0.6,0.0,0.0,0.0,1.0,0.0,0.0,1.0,1.0,90.0,90.0,0
2025-04-14 10:56:45,9.99,9.73,0.1,0.1,6.4,0.0,0.0,0.0,0.0,0.0,20.0,23.6,39.8,27.6,-128.7,0.6,0.0,0.0,0.0,1.0,0.0,0.0,1.0,1.0,90.0,90.0,0
2025-04-14 10:56:46,9.99,9.74,0.1,0.1,6.9,0.0,0.0,0.0,0.0,0.0,20.0,23.6,39.8,27.6,-128.7,0.6,0.0,0.0,0.0,1.0,0.0,0.0,1.0,1.0,90.0,90.0,0
2025-04-14 10:56:47,9.97,9.73,0.1,0.1,6.1,0.0,0.0,0.0,0.0,0.0,20.0,23.6,39.8,27.6,-128.7,0.6,0.0,0.0,0.0,1.0,0.0,0.0,1.0,1.0,90.0,90.0,0
2025-04-14 10:56:48,9.99,9.74,0.1,0.1,6.5,0.0,0.0,0.0,0.0,0.0,20.0,23.6,39.8,27.6,-128.7,0.6,0.0,0.0,0.0,1.0,0.0,0.0,1.0,1.0,90.0,90.0,0
2025-04-14 10:56:49,9.97,9.73,0.1,0.1,6.5,0.0,0.0,0.0,0.0,0.0,20.0,23.6,39.8,27.6,-128.7,0.6,0.0,0.0,0.0,1.0,0.0,0.0,1.0,1.0,90.0,90.0,0
2025-04-14 10:56:50,10.0,9.74,0.1,0.1,6.0,0.0,0.0,0.0,0.0,0.0,20.0,23.6,39.8,27.6,-128.7,0.6,0.0,0.0,0.0,1.0,0.0,0.0,1.0,1.0,90.0,90.0,0
2025-04-14 10:56:51,10.0,9.73,0.1,0.1,6.5,0.0,0.0,0.0,0.0,0.0,20.0,23.6,39.8,27.6,-128.7,0.7,0.0,0.0,0.0,1.0,0.0,0.0,1.0,1.0,90.0,90.0,0
2025-04-14 10:56:52,10.0,9.73,0.1,0.1,6.1,0.0,0.0,0.0,0.0,0.0,20.0,23.6,39.8,27.6,-128.7,0.6,0.0,0.0,0.0,1.0,0.0,0.0,1.0,1.0,90.0,90.0,0
2025-04-14 10:56:53,10.0,9.74,0.1,0.1,6.8,0.0,0.0,0.0,0.0,0.0,20.0,23.6,39.8,27.6,-128.7,0.6,0.0,0.0,0.0,1.0,0.0,0.0,1.0,1.0,90.0,90.0,0
2025-04-14 10:56:54,10.0,9.73,0.1,0.1,6.4,0.0,0.0,0.0,0.0,0.0,20.0,23.6,39.8,27.6,-128.7,0.6,0.0,0.0,0.0,1.0,0.0,0.0,1.0,1.0,90.0,90.0,0
2025-04-14 10:56:55,10.0,9.74,0.1,0.1,7.0,0.0,0.0,0.0,0.0,0.0,20.0,23.6,39.8,27.6,-128.7,0.6,0.0,0.0,0.0,1.0,0.0,0.0,1.0,1.0,90.0,90.0,0
2025-04-14 10:56:56,10.0,9.73,0.1,0.1,6.7,0.0,0.0,0.0,0.0,0.0,20.0,23.6,39.8,27.6,-128.7,0.6,0.0,0.0,0.0,1.0,0.0,0.0,1.0,1.0,90.0,90.0,0
2025-04-14 10:56:57,9.99,9.74,0.1,0.1,6.5,0.0,0.0,0.0,0.0,0.0,20.0,23.6,39.8,27.6,-128.7,0.6,0.0,0.0,0.0,1.0,0.0,0.0,1.0,1.0,90.0,90.0,0
2025-04-14 10:56:58,10.0,9.74,0.1,0.1,6.6,0.0,0.0,0.0,0.0,0.0,20.0,23.6,39.8,27.6,-128.7,0.6,0.0,0.0,0.0,1.0,0.0,0.0,1.0,1.0,90.0,90.0,0
2025-04-14 10:56:59,10.0,9.74,0.1,0.1,6.6,0.0,0.0,0.0,0.0,0.0,20.0,23.6,39.9,27.6,-128.7,0.6,0.0,0.0,0.0,1.0,0.0,0.0,1.0,1.0,90.0,90.0,0
2025-04-14 10:57:00,10.0,9.75,0.1,0.1,6.5,0.0,0.0,0.0,0.0,0.0,20.0,23.6,39.9,27.6,-128.7,0.6,0.0,0.0,0.0,1.0,0.0,0.0,1.0,1.0,90.0,90.0,0
2025-04-14 10:57:01,10.0,9.73,0.1,0.1,6.1,0.0,0.0,0.0,0.0,0.0,20.0,23.6,39.9,27.6,-128.7,0.6,0.0,0.0,0.0,1.0,0.0,0.0,1.0,1.0,90.0,90.0,0
2025-04-14 10:57:02,10.0,9.75,0.1,0.1,6.8,0.0,0.0,0.0,0.0,0.0,20.0,23.6,39.9,27.6,-128.7,0.6,0.0,0.0,0.0,1.0,0.0,0.0,1.0,1.0,90.0,90.0,0
2025-04-14 10:57:03,10.0,9.74,0.1,0.1,6.1,0.0,0.0,0.0,0.0,0.0,20.0,23.6,39.9,27.6,-128.7,0.6,0.0,0.0,0.0,1.0,0.0,0.0,1.0,1.0,90.0,90.0,0
2025-04-14 10:57:04,10.0,9.75,0.1,0.1,6.8,0.0,0.0,0.0,0.0,0.0,20.0,23.6,39.9,27.6,-128.7,0.6,0.0,0.0,0.0,1.0,0.0,0.0,1.0,1.0,90.0,90.0,0
2025-04-14 10:57:05,10.0,9.74,0.1,0.1,6.0,0.0,0.0,0.0,0.0,0.0,20.0,23.6,39.9,27.6,-128.7,0.6,0.0,0.0,0.0,1.0,0.0,0.0,1.0,1.0,90.0,90.0,0
2025-04-14 10:57:06,10.0,9.74,0.1,0.1,6.7,0.0,0.0,0.0,0.0,0.0,20.0,23.6,39.9,27.5,-128.7,0.5,0.0,0.0,0.0,1.0,0.0,0.0,1.0,1.0,90.0,90.0,0
2025-04-14 10:57:07,10.0,9.75,0.1,0.1,6.4,0.0,0.0,0.0,0.0,0.0,20.0,23.6,39.9,27.5,-128.7,0.5,0.0,0.0,0.0,1.0,0.0,0.0,1.0,1.0,90.0,90.0,0
2025-04-14 10:57:08,10.0,9.74,0.1,0.1,6.8,0.0,0.0,0.0,0.0,0.0,20.0,23.6,39.9,27.5,-128.7,0.5,0.0,0.0,0.0,1.0,0.0,0.0,1.0,1.0,90.0,90.0,0
2025-04-14 10:57:09,10.0,9.74,0.1,0.1,6.5,0.0,0.0,0.0,0.0,0.0,20.0,23.6,39.9,27.5,-128.7,0.5,0.0,0.0,0.0,1.0,0.0,0.0,1.0,1.0,90.0,90.0,0
2025-04-14 10:57:10,10.0,9.74,0.1,0.1,6.4,0.0,0.0,0.0,0.0,0.0,20.0,23.6,39.9,27.5,-128.7,0.5,0.0,0.0,0.0,1.0,0.0,0.0,1.0,1.0,90.0,90.0,0
2025-04-14 10:57:11,10.0,9.74,0.1,0.1,6.5,0.0,0.0,0.0,0.0,0.0,20.0,23.6,39.9,27.5,-128.7,0.5,0.0,0.0,0.0,1.0,0.0,0.0,1.0,1.0,90.0,90.0,0
2025-04-14 10:57:12,9.99,9.75,0.1,0.1,6.3,0.0,0.0,0.0,0.0,0.0,20.0,23.6,39.9,27.5,-128.7,0.5,0.0,0.0,0.0,1.0,0.0,0.0,1.0,1.0,90.0,90.0,0
2025-04-14 10:57:13,10.0,9.74,0.1,0.1,6.5,0.0,0.0,0.0,0.0,0.0,20.0,23.6,39.9,27.5,-128.7,0.5,0.0,0.0,0.0,1.0,0.0,0.0,1.0,1.0,90.0,90.0,0
2025-04-14 10:57:14,10.0,9.75,0.1,0.1,7.0,0.0,0.0,0.0,0.0,0.0,20.0,23.6,39.9,27.5,-128.7,0.4,0.0,0.0,0.0,1.0,0.0,0.0,1.0,1.0,90.0,90.0,0
2025-04-14 10:57:15,10.0,9.75,0.1,0.1,6.6,0.0,0.0,0.0,0.0,0.0,20.0,23.6,39.9,27.5,-128.7,0.5,0.0,0.0,0.0,1.0,0.0,0.0,1.0,1.0,90.0,90.0,0
2025-04-14 10:57:16,10.0,9.74,0.1,0.1,6.8,0.0,0.0,0.0,0.0,0.0,20.0,23.6,39.9,27.5,-128.7,0.5,0.0,0.0,0.0,1.0,0.0,0.0,1.0,1.0,90.0,90.0,0
2025-04-14 10:57:17,10.0,9.76,0.1,0.1,6.6,0.0,0.0,0.0,0.0,0.0,20.0,23.6,39.9,27.5,-128.7,0.5,0.0,0.0,0.0,1.0,0.0,0.0,1.0,1.0,90.0,90.0,0
2025-04-14 10:57:18,10.0,9.74,0.1,0.1,6.5,0.0,0.0,0.0,0.0,0.0,20.0,23.6,39.9,27.5,-128.7,0.5,0.0,0.0,0.0,1.0,0.0,0.0,1.0,1.0,90.0,90.0,0
2025-04-14 10:57:19,10.0,9.76,0.1,0.1,6.8,0.0,0.0,0.0,0.0,0.0,20.0,23.6,39.9,27.5,-128.7,0.4,0.0,0.0,0.0,1.0,0.0,0.0,1.0,1.0,90.0,90.0,0
2025-04-14 10:57:20,10.0,9.74,0.1,0.1,6.4,0.0,0.0,0.0,0.0,0.0,20.0,23.6,39.9,27.5,-128.7,0.5,0.0,0.0,0.0,1.0,0.0,0.0,1.0,1.0,90.0,90.0,0
2025-04-14 10:57:21,10.0,9.74,0.1,0.1,6.9,0.0,0.0,0.0,0.0,0.0,20.0,23.6,39.9,27.5,-128.7,0.5,0.0,0.0,0.0,1.0,0.0,0.0,1.0,1.0,90.0,90.0,0
2025-04-14 10:57:22,10.0,9.75,0.1,0.1,6.4,0.0,0.0,0.0,0.0,0.0,20.0,23.6,39.9,27.5,-128.7,0.5,0.0,0.0,0.0,1.0,0.0,0.0,1.0,1.0,90.0,90.0,0
2025-04-14 10:57:23,10.02,9.74,0.1,0.1,6.9,0.0,0.0,0.0,0.0,0.0,20.0,23.6,39.9,27.5,-128.7,0.5,0.0,0.0,0.0,1.0,0.0,0.0,1.0,1.0,90.0,90.0,0
2025-04-14 10:57:24,10.01,9.75,0.1,0.1,6.4,0.0,0.0,0.0,0.0,0.0,20.0,23.6,39.9,27.5,-128.7,0.5,0.0,0.0,0.0,1.0,0.0,0.0,1.0,1.0,90.0,90.0,0
2025-04-14 10:57:25,10.01,9.76,0.1,0.1,7.0,0.0,0.0,0.0,0.0,0.0,20.0,23.6,39.9,27.5,-128.7,0.5,0.0,0.0,0.0,1.0,0.0,0.0,1.0,1.0,90.0,90.0,0
2025-04-14 10:57:26,10.0,9.74,0.1,0.1,6.2,0.0,0.0,0.0,0.0,0.0,20.0,23.6,39.9,27.5,-128.7,0.5,0.0,0.0,0.0,1.0,0.0,0.0,1.0,1.0,90.0,90.0,0
2025-04-14 10:57:27,10.0,9.76,0.1,0.1,6.5,0.0,0.0,0.0,0.0,0.0,20.0,23.6,39.9,27.5,-128.7,0.4,0.0,0.0,0.0,1.0,0.0,0.0,1.0,1.0,90.0,90.0,0
2025-04-14 10:57:28,10.0,9.74,0.1,0.1,6.2,0.0,0.0,0.0,0.0,0.0,20.0,23.6,39.9,27.5,-128.7,0.5,0.0,0.0,0.0,1.0,0.0,0.0,1.0,1.0,90.0,90.0,0
2025-04-14 10:57:29,10.01,9.74,0.1,0.1,6.5,0.0,0.0,0.0,0.0,0.0,20.0,23.6,39.9,27.5,-128.7,0.4,0.0,0.0,0.0,1.0,0.0,0.0,1.0,1.0,90.0,90.0,0
2025-04-14 10:57:30,10.02,9.75,0.1,0.1,6.2,0.0,0.0,0.0,0.0,0.0,20.0,23.6,39.9,27.5,-128.7,0.5,0.0,0.0,0.0,1.0,0.0,0.0,1.0,1.0,90.0,90.0,0
2025-04-14 10:57:31,10.01,9.74,0.1,0.1,6.2,0.0,0.0,0.0,0.0,0.0,20.0,23.6,40.0,27.5,-128.7,0.4,0.0,0.0,0.0,1.0,0.0,0.0,1.0,1.0,90.0,90.0,0
2025-04-14 10:57:32,10.0,9.76,0.1,0.1,6.5,0.0,0.0,0.0,0.0,0.0,20.0,23.6,40.0,27.5,-128.7,0.5,0.0,0.0,0.0,1.0,0.0,0.0,1.0,1.0,90.0,90.0,0
2025-04-14 10:57:33,10.0,9.74,0.1,0.1,6.2,0.0,0.0,0.0,0.0,0.0,20.0,23.6,40.0,27.5,-128.7,0.5,0.0,0.0,0.0,1.0,0.0,0.0,1.0,1.0,90.0,90.0,0
2025-04-14 10:57:34,10.0,9.76,0.1,0.1,6.6,0.0,0.0,0.0,0.0,0.0,20.0,23.6,40.0,27.4,-128.7,0.3,0.0,0.0,0.0,1.0,0.0,0.0,1.0,1.0,90.0,90.0,0
2025-04-14 10:57:35,10.0,9.75,0.1,0.1,6.4,0.0,0.0,0.0,0.0,0.0,20.0,23.6,40.0,27.4,-128.7,0.3,0.0,0.0,0.0,1.0,0.0,0.0,1.0,1.0,90.0,90.0,0
2025-04-14 10:57:36,10.01,9.75,0.1,0.1,6.5,0.0,0.0,0.0,0.0,0.0,20.0,23.6,40.0,27.4,-128.7,0.4,0.0,0.0,0.0,1.0,0.0,0.0,1.0,1.0,90.0,90.0,0
2025-04-14 10:57:37,10.02,9.75,0.1,0.1,6.2,0.0,0.0,0.0,0.0,0.0,20.0,23.6,40.0,27.4,-128.7,0.3,0.0,0.0,0.0,1.0,0.0,0.0,1.0,1.0,90.0,90.0,0
2025-04-14 10:57:38,10.02,9.75,0.1,0.1,6.6,0.0,0.0,0.0,0.0,0.0,20.0,23.6,40.0,27.4,-128.7,0.4,0.0,0.0,0.0,1.0,0.0,0.0,1.0,1.0,90.0,90.0,0
2025-04-14 10:57:39,10.02,9.75,0.1,0.1,6.7,0.0,0.0,0.0,0.0,0.0,20.0,23.6,40.0,27.4,-128.7,0.3,0.0,0.0,0.0,1.0,0.0,0.0,1.0,1.0,90.0,90.0,0
2025-04-14 10:57:40,10.0,9.76,0.1,0.1,6.2,0.0,0.0,0.0,0.0,0.0,20.0,23.6,40.0,27.4,-128.7,0.4,0.0,0.0,0.0,1.0,0.0,0.0,1.0,1.0,90.0,90.0,0
2025-04-14 10:57:41,10.0,9.74,0.1,0.1,6.7,0.0,0.0,0.0,0.0,0.0,20.0,23.6,40.0,27.4,-128.7,0.4,0.0,0.0,0.0,1.0,0.0,0.0,1.0,1.0,90.0,90.0,0
2025-04-14 10:57:42,10.0,9.76,0.1,0.1,6.5,0.0,0.0,0.0,0.0,0.0,20.0,23.6,40.0,27.4,-128.7,0.3,0.0,0.0,0.0,1.0,0.0,0.0,1.0,1.0,90.0,90.0,0
2025-04-14 10:57:43,10.01,9.75,0.1,0.1,6.8,0.0,0.0,0.0,0.0,0.0,20.0,23.6,40.0,27.4,-128.7,0.4,0.0,0.0,0.0,1.0,0.0,0.0,1.0,1.0,90.0,90.0,0
2025-04-14 10:57:44,10.02,9.75,0.1,0.1,6.9,0.0,0.0,0.0,0.0,0.0,20.0,23.6,40.0,27.4,-128.7,0.4,0.0,0.0,0.0,1.0,0.0,0.0,1.0,1.0,90.0,90.0,0
2025-04-14 10:57:45,10.01,9.76,0.1,0.1,7.0,0.0,0.0,0.0,0.0,0.0,20.1,23.6,40.0,27.4,-128.7,0.3,0.0,0.0,0.0,1.0,0.0,0.0,1.0,1.0,90.0,90.0,0
2025-04-14 10:57:46,10.01,9.74,0.1,0.1,6.4,0.0,0.0,0.0,0.0,0.0,20.1,23.6,40.0,27.4,-128.7,0.4,0.0,0.0,0.0,1.0,0.0,0.0,1.0,1.0,90.0,90.0,0
2025-04-14 10:57:47,10.0,9.76,0.1,0.1,7.0,0.0,0.0,0.0,0.0,0.0,20.1,23.6,40.0,27.4,-128.7,0.3,0.0,0.0,0.0,1.0,0.0,0.0,1.0,1.0,90.0,90.0,0
2025-04-14 10:57:48,10.0,9.76,0.1,0.1,6.2,0.0,0.0,0.0,0.0,0.0,20.1,23.6,40.0,27.4,-128.7,0.4,0.0,0.0,0.0,1.0,0.0,0.0,1.0,1.0,90.0,90.0,0
2025-04-14 10:57:49,10.01,9.74,0.1,0.1,6.7,0.0,0.0,0.0,0.0,0.0,20.1,23.6,40.0,27.4,-128.7,0.4,0.0,0.0,0.0,1.0,0.0,0.0,1.0,1.0,90.0,90.0,0
2025-04-14 10:57:50,10.02,9.76,0.1,0.1,6.3,0.0,0.0,0.0,0.0,0.0,20.1,23.6,40.0,27.4,-128.7,0.3,0.0,0.0,0.0,1.0,0.0,0.0,1.0,1.0,90.0,90.0,0
2025-04-14 10:57:51,10.01,9.74,0.1,0.1,6.5,0.0,0.0,0.0,0.0,0.0,20.1,23.6,40.0,27.4,-128.7,0.4,0.0,0.0,0.0,1.0,0.0,0.0,1.0,1.0,90.0,90.0,0
2025-04-14 10:57:52,10.01,9.76,0.1,0.1,6.7,0.0,0.0,0.0,0.0,0.0,20.1,23.6,40.0,27.4,-128.7,0.3,0.0,0.0,0.0,1.0,0.0,0.0,1.0,1.0,90.0,90.0,0
2025-04-14 10:57:53,10.01,9.76,0.1,0.1,6.5,0.0,0.0,0.0,0.0,0.0,20.1,23.6,40.0,27.4,-128.7,0.4,0.0,0.0,0.0,1.0,0.0,0.0,1.0,1.0,90.0,90.0,0
2025-04-14 10:57:54,10.0,9.75,0.1,0.1,6.7,0.0,0.0,0.0,0.0,0.0,20.1,23.6,40.0,27.4,-128.7,0.4,0.0,0.0,0.0,1.0,0.0,0.0,1.0,1.0,90.0,90.0,0
2025-04-14 10:57:55,10.01,9.77,0.1,0.1,6.3,0.0,0.0,0.0,0.0,0.0,20.1,23.6,40.0,27.4,-128.7,0.3,0.0,0.0,0.0,1.0,0.0,0.0,1.0,1.0,90.0,90.0,0
2025-04-14 10:57:56,10.01,9.76,0.1,0.1,6.5,0.0,0.0,0.0,0.0,0.0,20.1,23.6,40.0,27.4,-128.7,0.4,0.0,0.0,0.0,1.0,0.0,0.0,1.0,1.0,90.0,90.0,0
2025-04-14 10:57:57,10.02,9.76,0.1,0.1,6.6,0.0,0.0,0.0,0.0,0.0,20.1,23.6,40.0,27.4,-128.7,0.3,0.0,0.0,0.0,1.0,0.0,0.0,1.0,1.0,90.0,90.0,0
2025-04-14 10:57:58,10.02,9.76,0.1,0.1,6.2,0.0,0.0,0.0,0.0,0.0,20.1,23.6,40.0,27.4,-128.7,0.3,0.0,0.0,0.0,1.0,0.0,0.0,1.0,1.0,90.0,90.0,0
2025-04-14 10:57:59,10.0,9.75,0.1,0.1,6.6,0.0,0.0,0.0,0.0,0.0,20.1,23.6,40.0,27.4,-128.7,0.4,0.0,0.0,0.0,1.0,0.0,0.0,1.0,1.0,90.0,90.0,0
2025-04-14 10:58:00,10.01,9.76,0.1,0.1,6.5,0.0,0.0,0.0,0.0,0.0,20.1,23.6,40.0,27.4,-128.7,0.3,0.0,0.0,0.0,1.0,0.0,0.0,1.0,1.0,90.0,90.0,0
2025-04-14 10:58:01,10.01,9.75,0.1,0.1,6.1,0.0,0.0,0.0,0.0,0.0,20.1,23.6,40.0,27.4,-128.7,0.4,0.0,0.0,0.0,1.0,0.0,0.0,1.0,1.0,90.0,90.0,0
2025-04-14 10:58:02,10.01,9.75,0.1,0.1,7.0,0.0,0.0,0.0,0.0,0.0,20.1,23.6,40.0,27.4,-128.7,0.3,0.0,0.0,0.0,1.0,0.0,0.0,1.0,1.0,90.0,90.0,0
2025-04-14 10:58:03,10.02,9.77,0.1,0.1,5.9,0.0,0.0,0.0,0.0,0.0,20.1,23.6,40.0,27.4,-128.7,0.4,0.0,0.0,0.0,1.0,0.0,0.0,1.0,1.0,90.0,90.0,0
2025-04-14 10:58:04,10.02,9.75,0.1,0.1,6.6,0.0,0.0,0.0,0.0,0.0,20.1,23.6,40.1,27.4,-128.7,0.4,0.0,0.0,0.0,1.0,0.0,0.0,1.0,1.0,90.0,90.0,0
2025-04-14 10:58:05,10.02,9.77,0.1,0.1,6.1,0.0,0.0,0.0,0.0,0.0,20.1,23.6,40.1,27.4,-128.7,0.3,0.0,0.0,0.0,1.0,0.0,0.0,1.0,1.0,90.0,90.0,0
2025-04-14 10:58:06,10.01,9.77,0.1,0.1,6.5,0.0,0.0,0.0,0.0,0.0,20.1,23.6,40.1,27.3,-128.7,0.2,0.0,0.0,0.0,1.0,0.0,0.0,1.0,1.0,90.0,90.0,0
2025-04-14 10:58:07,10.01,9.76,0.1,0.1,6.7,0.0,0.0,0.0,0.0,0.0,20.1,23.6,40.1,27.3,-128.7,0.2,0.0,0.0,0.0,1.0,0.0,0.0,1.0,1.0,90.0,90.0,0
2025-04-14 10:58:08,10.01,9.76,0.1,0.1,6.1,0.0,0.0,0.0,0.0,0.0,20.1,23.6,40.1,27.3,-128.7,0.2,0.0,0.0,0.0,1.0,0.0,0.0,1.0,1.0,90.0,90.0,0
2025-04-14 10:58:09,10.02,9.76,0.1,0.1,6.9,0.0,0.0,0.0,0.0,0.0,20.1,23.6,40.1,27.3,-128.7,0.3,0.0,0.0,0.0,1.0,0.0,0.0,1.0,1.0,90.0,90.0,0
2025-04-14 10:58:10,10.02,9.76,0.1,0.1,6.3,0.0,0.0,0.0,0.0,0.0,20.1,23.6,40.1,27.3,-128.7,0.2,0.0,0.0,0.0,1.0,0.0,0.0,1.0,1.0,90.0,90.0,0
2025-04-14 10:58:11,10.03,9.77,0.1,0.1,7.0,0.0,0.0,0.0,0.0,0.0,20.1,23.6,40.1,27.3,-128.7,0.2,0.0,0.0,0.0,1.0,0.0,0.0,1.0,1.0,90.0,90.0,0
2025-04-14 10:58:12,10.02,9.75,0.1,0.1,6.4,0.0,0.0,0.0,0.0,0.0,20.1,23.6,40.1,27.3,-128.7,0.2,0.0,0.0,0.0,1.0,0.0,0.0,1.0,1.0,90.0,90.0,0
2025-04-14 10:58:13,10.01,9.77,0.1,0.1,6.8,0.0,0.0,0.0,0.0,0.0,20.1,23.6,40.1,27.3,-128.7,0.2,0.0,0.0,0.0,1.0,0.0,0.0,1.0,1.0,90.0,90.0,0
2025-04-14 10:58:14,10.0,9.76,0.1,0.1,6.6,0.0,0.0,0.0,0.0,0.0,20.1,23.6,40.2,27.3,-128.7,0.2,0.0,0.0,0.0,1.0,0.0,0.0,1.0,1.0,90.0,90.0,0
2025-04-14 10:58:15,10.0,9.77,0.1,0.1,6.1,0.0,0.0,0.0,0.0,0.0,20.1,23.6,40.2,27.3,-128.7,0.2,0.0,0.0,0.0,1.0,0.0,0.0,1.0,1.0,90.0,90.0,0
2025-04-14 10:58:16,10.0,9.77,0.1,0.1,6.7,0.0,0.0,0.0,0.0,0.0,20.1,23.6,40.2,27.3,-128.7,0.2,0.0,0.0,0.0,1.0,0.0,0.0,1.0,1.0,90.0,90.0,0
2025-04-14 10:58:17,10.01,9.75,0.1,0.1,6.2,0.0,0.0,0.0,0.0,0.0,20.1,23.6,40.2,27.3,-128.7,0.2,0.0,0.0,0.0,1.0,0.0,0.0,1.0,1.0,90.0,90.0,0
2025-04-14 10:58:18,10.02,9.77,0.1,0.1,6.6,0.0,0.0,0.0,0.0,0.0,20.1,23.6,40.2,27.3,-128.7,0.2,0.0,0.0,0.0,1.0,0.0,0.0,1.0,1.0,90.0,90.0,0
2025-04-14 10:58:19,10.02,9.76,0.1,0.1,6.4,0.0,0.0,0.0,0.0,0.0,20.1,23.6,40.2,27.3,-128.7,0.2,0.0,0.0,0.0,1.0,0.0,0.0,1.0,1.0,90.0,90.0,0
2025-04-14 10:58:20,10.01,9.77,0.1,0.1,6.7,0.0,0.0,0.0,0.0,0.0,20.1,23.6,40.2,27.3,-128.7,0.2,0.0,0.0,0.0,1.0,0.0,0.0,1.0,1.0,90.0,90.0,0
2025-04-14 10:58:21,10.01,9.77,0.1,0.1,6.9,0.0,0.0,0.0,0.0,0.0,20.1,23.6,40.2,27.3,-128.7,0.2,0.0,0.0,0.0,1.0,0.0,0.0,1.0,1.0,90.0,90.0,0
2025-04-14 10:58:22,10.01,9.76,0.1,0.1,6.2,0.0,0.0,0.0,0.0,0.0,20.1,23.6,40.2,27.3,-128.7,0.2,0.0,0.0,0.0,1.0,0.0,0.0,1.0,1.0,90.0,90.0,0
2025-04-14 10:58:23,10.01,9.77,0.1,0.1,6.7,0.0,0.0,0.0,0.0,0.0,20.1,23.6,40.2,27.3,-128.7,0.2,0.0,0.0,0.0,1.0,0.0,0.0,1.0,1.0,90.0,90.0,0
2025-04-14 10:58:24,10.01,9.76,0.1,0.1,6.0,0.0,0.0,0.0,0.0,0.0,20.1,23.6,40.2,27.3,-128.7,0.3,0.0,0.0,0.0,1.0,0.0,0.0,1.0,1.0,90.0,90.0,0
2025-04-14 10:58:25,10.02,9.77,0.1,0.1,6.8,0.0,0.0,0.0,0.0,0.0,20.1,23.6,40.2,27.3,-128.7,0.2,0.0,0.0,0.0,1.0,0.0,0.0,1.0,1.0,90.0,90.0,0
2025-04-14 10:58:26,10.02,9.77,0.1,0.1,6.2,0.0,0.0,0.0,0.0,0.0,20.1,23.6,40.2,27.3,-128.7,0.2,0.0,0.0,0.0,1.0,0.0,0.0,1.0,1.0,90.0,90.0,0
2025-04-14 10:58:27,10.03,9.77,0.1,0.1,6.8,0.0,0.0,0.0,0.0,0.0,20.1,23.6,40.2,27.3,-128.7,0.2,0.0,0.0,0.0,1.0,0.0,0.0,1.0,1.0,90.0,90.0,0
2025-04-14 10:58:28,10.02,9.77,0.1,0.1,6.9,0.0,0.0,0.0,0.0,0.0,20.1,23.6,40.2,27.3,-128.7,0.2,0.0,0.0,0.0,1.0,0.0,0.0,1.0,1.0,90.0,90.0,0
2025-04-14 10:58:29,10.02,9.77,0.1,0.1,6.5,0.0,0.0,0.0,0.0,0.0,20.1,23.6,40.2,27.3,-128.7,0.2,0.0,0.0,0.0,1.0,0.0,0.0,1.0,1.0,90.0,90.0,0
2025-04-14 10:58:30,10.02,9.77,0.1,0.1,6.7,0.0,0.0,0.0,0.0,0.0,20.1,23.6,40.2,27.3,-128.7,0.2,0.0,0.0,0.0,1.0,0.0,0.0,1.0,1.0,90.0,90.0,0
2025-04-14 10:58:31,10.01,9.76,0.1,0.1,6.5,0.0,0.0,0.0,0.0,0.0,20.1,23.6,40.2,27.3,-128.7,0.2,0.0,0.0,0.0,1.0,0.0,0.0,1.0,1.0,90.0,90.0,0
2025-04-14 10:58:32,10.02,9.76,0.1,0.1,6.8,0.0,0.0,0.0,0.0,0.0,20.1,23.6,40.2,27.3,-128.7,0.2,0.0,0.0,0.0,1.0,0.0,0.0,1.0,1.0,90.0,90.0,0
2025-04-14 10:58:33,10.02,9.77,0.1,0.1,6.5,0.0,0.0,0.0,0.0,0.0,20.1,23.6,40.2,27.3,-128.7,0.2,0.0,0.0,0.0,1.0,0.0,0.0,1.0,1.0,90.0,90.0,0
2025-04-14 10:58:34,10.02,9.76,0.1,0.1,6.4,0.0,0.0,0.0,0.0,0.0,20.1,23.6,40.2,27.3,-128.7,0.2,0.0,0.0,0.0,1.0,0.0,0.0,1.0,1.0,90.0,90.0,0
2025-04-14 10:58:35,10.02,9.77,0.1,0.1,6.9,0.0,0.0,0.0,0.0,0.0,20.1,23.6,40.2,27.3,-128.7,0.2,0.0,0.0,0.0,1.0,0.0,0.0,1.0,1.0,90.0,90.0,0
2025-04-14 10:58:36,10.02,9.77,0.1,0.1,6.6,0.0,0.0,0.0,0.0,0.0,20.1,23.6,40.2,27.3,-128.7,0.2,0.0,0.0,0.0,1.0,0.0,0.0,1.0,1.0,90.0,90.0,0
2025-04-14 10:58:37,10.02,9.78,0.1,0.1,6.6,0.0,0.0,0.0,0.0,0.0,20.1,23.6,40.2,27.3,-128.7,0.2,0.0,0.0,0.0,1.0,0.0,0.0,1.0,1.0,90.0,90.0,0
2025-04-14 10:58:38,10.02,9.77,0.1,0.1,6.9,0.0,0.0,0.0,0.0,0.0,20.1,23.6,40.2,27.3,-128.7,0.2,0.0,0.0,0.0,1.0,0.0,0.0,1.0,1.0,90.0,90.0,0
2025-04-14 10:58:39,10.02,9.77,0.1,0.1,6.5,0.0,0.0,0.0,0.0,0.0,20.1,23.6,40.2,27.3,-128.7,0.2,0.0,0.0,0.0,1.0,0.0,0.0,1.0,1.0,90.0,90.0,0
2025-04-14 10:58:40,10.02,9.77,0.1,0.1,6.9,0.0,0.0,0.0,0.0,0.0,20.1,23.6,40.2,27.3,-128.7,0.2,0.0,0.0,0.0,1.0,0.0,0.0,1.0,1.0,90.0,90.0,0
2025-04-14 10:58:41,10.01,9.77,0.1,0.1,6.4,0.0,0.0,0.0,0.0,0.0,20.1,23.6,40.2,27.3,-128.7,0.2,0.0,0.0,0.0,1.0,0.0,0.0,1.0,1.0,90.0,90.0,0
2025-04-14 10:58:42,10.01,9.77,0.1,0.1,6.5,0.0,0.0,0.0,0.0,0.0,20.1,23.6,40.2,27.3,-128.7,0.2,0.0,0.0,0.0,1.0,0.0,0.0,1.0,1.0,90.0,90.0,0
2025-04-14 10:58:43,10.02,9.77,0.1,0.1,6.3,0.0,0.0,0.0,0.0,0.0,20.1,23.6,40.2,27.2,-128.7,0.1,0.0,0.0,0.0,1.0,0.0,0.0,1.0,1.0,90.0,90.0,0
2025-04-14 10:58:44,10.02,9.77,0.1,0.1,6.3,0.0,0.0,0.0,0.0,0.0,20.1,23.6,40.2,27.2,-128.7,0.1,0.0,0.0,0.0,1.0,0.0,0.0,1.0,1.0,90.0,90.0,0
2025-04-14 10:58:45,10.03,9.76,0.1,0.1,6.7,0.0,0.0,0.0,0.0,0.0,20.1,23.6,40.2,27.2,-128.7,0.1,0.0,0.0,0.0,1.0,0.0,0.0,1.0,1.0,90.0,90.0,0
2025-04-14 10:58:46,10.02,9.77,0.1,0.1,6.4,0.0,0.0,0.0,0.0,0.0,20.1,23.6,40.2,27.2,-128.7,0.1,0.0,0.0,0.0,1.0,0.0,0.0,1.0,1.0,90.0,90.0,0
2025-04-14 10:58:47,10.03,9.76,0.1,0.1,6.4,0.0,0.0,0.0,0.0,0.0,20.1,23.6,40.2,27.2,-128.7,0.1,0.0,0.0,0.0,1.0,0.0,0.0,1.0,1.0,90.0,90.0,0
2025-04-14 10:58:48,10.02,9.77,0.1,0.1,6.4,0.0,0.0,0.0,0.0,0.0,20.1,23.6,40.2,27.2,-128.7,0.1,0.0,0.0,0.0,1.0,0.0,0.0,1.0,1.0,90.0,90.0,0
2025-04-14 10:58:49,10.02,9.77,0.1,0.1,6.3,0.0,0.0,0.0,0.0,0.0,20.1,23.6,40.3,27.2,-128.7,0.1,0.0,0.0,0.0,1.0,0.0,0.0,1.0,1.0,90.0,90.0,0
2025-04-14 10:58:50,10.02,9.77,0.1,0.1,6.4,0.0,0.0,0.0,0.0,0.0,20.1,23.6,40.3,27.2,-128.7,0.1,0.0,0.0,0.0,1.0,0.0,0.0,1.0,1.0,90.0,90.0,0
2025-04-14 10:58:51,10.02,9.77,0.1,0.1,6.1,0.0,0.0,0.0,0.0,0.0,20.1,23.6,40.3,27.2,-128.7,0.1,0.0,0.0,0.0,1.0,0.0,0.0,1.0,1.0,90.0,90.0,0
2025-04-14 10:58:52,10.02,9.77,0.1,0.1,7.0,0.0,0.0,0.0,0.0,0.0,20.1,23.6,40.3,27.2,-128.7,0.1,0.0,0.0,0.0,1.0,0.0,0.0,1.0,1.0,90.0,90.0,0
2025-04-14 10:58:53,10.02,9.77,0.1,0.1,6.1,0.0,0.0,0.0,0.0,0.0,20.1,23.6,40.3,27.2,-128.7,0.1,0.0,0.0,0.0,1.0,0.0,0.0,1.0,1.0,90.0,90.0,0
2025-04-14 10:58:54,10.02,9.77,0.1,0.1,6.4,0.0,0.0,0.0,0.0,0.0,20.1,23.6,40.3,27.2,-128.7,0.1,0.0,0.0,0.0,1.0,0.0,0.0,1.0,1.0,90.0,90.0,0
2025-04-14 10:58:55,10.03,9.78,0.1,0.1,6.2,0.0,0.0,0.0,0.0,0.0,20.1,23.6,40.3,27.2,-128.7,0.1,0.0,0.0,0.0,1.0,0.0,0.0,1.0,1.0,90.0,90.0,0
2025-04-14 10:58:56,10.02,9.77,0.1,0.1,6.4,0.0,0.0,0.0,0.0,0.0,20.1,23.6,40.3,27.2,-128.7,0.1,0.0,0.0,0.0,1.0,0.0,0.0,1.0,1.0,90.0,90.0,0
2025-04-14 10:58:57,10.02,9.79,0.1,0.1,6.4,0.0,0.0,0.0,0.0,0.0,20.1,23.6,40.4,27.2,-128.7,0.1,0.0,0.0,0.0,1.0,0.0,0.0,1.0,1.0,90.0,90.0,0
2025-04-14 10:58:58,10.03,9.77,0.1,0.1,6.2,0.0,0.0,0.0,0.0,0.0,20.1,23.6,40.4,27.2,-128.7,0.1,0.0,0.0,0.0,1.0,0.0,0.0,1.0,1.0,90.0,90.0,0
2025-04-14 10:58:59,10.03,9.79,0.1,0.1,6.4,0.0,0.0,0.0,0.0,0.0,20.1,23.6,40.4,27.2,-128.7,0.0,0.0,0.0,0.0,1.0,0.0,0.0,1.0,1.0,90.0,90.0,0
2025-04-14 10:59:00,10.03,9.77,0.1,0.1,6.3,0.0,0.0,0.0,0.0,0.0,20.1,23.6,40.4,27.2,-128.7,0.1,0.0,0.0,0.0,1.0,0.0,0.0,1.0,1.0,90.0,90.0,0
2025-04-14 10:59:01,10.03,9.77,0.1,0.1,7.0,0.0,0.0,0.0,0.0,0.0,20.1,23.6,40.4,27.2,-128.7,0.1,0.0,0.0,0.0,1.0,0.0,0.0,1.0,1.0,90.0,90.0,0
2025-04-14 10:59:02,10.03,9.78,0.1,0.1,6.4,0.0,0.0,0.0,0.0,0.0,20.1,23.6,40.4,27.2,-128.7,0.1,0.0,0.0,0.0,1.0,0.0,0.0,1.0,1.0,90.0,90.0,0
2025-04-14 10:59:03,10.02,9.77,0.1,0.1,6.6,0.0,0.0,0.0,0.0,0.0,20.1,23.6,40.4,27.2,-128.7,0.0,0.0,0.0,0.0,1.0,0.0,0.0,1.0,1.0,90.0,90.0,0
2025-04-14 10:59:04,10.02,9.78,0.1,0.1,6.5,0.0,0.0,0.0,0.0,0.0,20.1,23.6,40.4,27.2,-128.7,0.1,0.0,0.0,0.0,1.0,0.0,0.0,1.0,1.0,90.0,90.0,0
2025-04-14 10:59:05,10.02,9.77,0.1,0.1,6.1,0.0,0.0,0.0,0.0,0.0,20.1,23.6,40.4,27.2,-128.7,0.0,0.0,0.0,0.0,1.0,0.0,0.0,1.0,1.0,90.0,90.0,0
2025-04-14 10:59:06,10.02,9.79,0.1,0.1,6.9,0.0,0.0,0.0,0.0,0.0,20.1,23.6,40.4,27.2,-128.7,0.1,0.0,0.0,0.0,1.0,0.0,0.0,1.0,1.0,90.0,90.0,0
2025-04-14 10:59:07,10.03,9.77,0.1,0.1,6.0,0.0,0.0,0.0,0.0,0.0,20.1,23.6,40.4,27.2,-128.7,0.1,0.0,0.0,0.0,1.0,0.0,0.0,1.0,1.0,90.0,90.0,0
2025-04-14 10:59:08,10.02,9.78,0.1,0.1,6.7,0.0,0.0,0.0,0.0,0.0,20.1,23.6,40.4,27.2,-128.7,0.1,0.0,0.0,0.0,1.0,0.0,0.0,1.0,1.0,90.0,90.0,0
2025-04-14 10:59:09,10.02,9.77,0.1,0.1,6.5,0.0,0.0,0.0,0.0,0.0,20.1,23.6,40.4,27.2,-128.7,0.1,0.0,0.0,0.0,1.0,0.0,0.0,1.0,1.0,90.0,90.0,0
2025-04-14 10:59:10,10.03,9.78,0.1,0.1,6.7,0.0,0.0,0.0,0.0,0.0,20.1,23.6,40.4,27.2,-128.7,0.1,0.0,0.0,0.0,1.0,0.0,0.0,1.0,1.0,90.0,90.0,0
2025-04-14 10:59:11,10.05,9.77,0.1,0.1,6.8,0.0,0.0,0.0,0.0,0.0,20.1,23.6,40.4,27.2,-128.7,0.1,0.0,0.0,0.0,1.0,0.0,0.0,1.0,1.0,90.0,90.0,0
2025-04-14 10:59:12,10.05,9.78,0.1,0.1,6.3,0.0,0.0,0.0,0.0,0.0,20.1,23.6,40.4,27.2,-128.7,0.0,0.0,0.0,0.0,1.0,0.0,0.0,1.0,1.0,90.0,90.0,0
2025-04-14 10:59:13,10.03,9.77,0.1,0.1,7.0,0.0,0.0,0.0,0.0,0.0,20.1,23.6,40.4,27.2,-128.7,0.1,0.0,0.0,0.0,1.0,0.0,0.0,1.0,1.0,90.0,90.0,0
2025-04-14 10:59:14,10.02,9.78,0.1,0.1,6.3,0.0,0.0,0.0,0.0,0.0,20.1,23.6,40.4,27.2,-128.7,0.1,0.0,0.0,0.0,1.0,0.0,0.0,1.0,1.0,90.0,90.0,0
2025-04-14 10:59:15,10.03,9.77,0.1,0.1,6.7,0.0,0.0,0.0,0.0,0.0,20.1,23.6,40.4,27.2,-128.7,0.1,0.0,0.0,0.0,1.0,0.0,0.0,1.0,1.0,90.0,90.0,0
2025-04-14 10:59:16,10.03,9.78,0.1,0.1,6.5,0.0,0.0,0.0,0.0,0.0,20.1,23.6,40.4,27.2,-128.7,0.0,0.0,0.0,0.0,1.0,0.0,0.0,1.0,1.0,90.0,90.0,0
2025-04-14 10:59:17,10.02,9.79,0.1,0.1,6.9,0.0,0.0,0.0,0.0,0.0,20.1,23.6,40.5,27.2,-128.7,0.1,0.0,0.0,0.0,1.0,0.0,0.0,1.0,1.0,90.0,90.0,0
2025-04-14 10:59:18,10.02,9.77,0.1,0.1,6.7,0.0,0.0,0.0,0.0,0.0,20.1,23.6,40.5,27.2,-128.7,0.0,0.0,0.0,0.0,1.0,0.0,0.0,1.0,1.0,90.0,90.0,0
2025-04-14 10:59:19,10.02,9.79,0.1,0.1,6.7,0.0,0.0,0.0,0.0,0.0,20.1,23.6,40.5,27.2,-128.7,0.1,0.0,0.0,0.0,1.0,0.0,0.0,1.0,1.0,90.0,90.0,0
2025-04-14 10:59:20,10.02,9.77,0.1,0.1,6.9,0.0,0.0,0.0,0.0,0.0,20.1,23.6,40.5,27.2,-128.7,0.0,0.0,0.0,0.0,1.0,0.0,0.0,1.0,1.0,90.0,90.0,0
2025-04-14 10:59:21,10.05,9.79,0.1,0.1,6.7,0.0,0.0,0.0,0.0,0.0,20.1,23.6,40.5,27.2,-128.7,0.0,0.0,0.0,0.0,1.0,0.0,0.0,1.0,1.0,90.0,90.0,0
2025-04-14 10:59:22,10.05,9.77,0.1,0.1,7.1,0.0,0.0,0.0,0.0,0.0,20.1,23.6,40.5,27.1,-128.7,0.0,0.0,0.0,0.0,1.0,0.0,0.0,1.0,1.0,90.0,90.0,0
2025-04-14 10:59:23,10.05,9.79,0.1,0.1,6.3,0.0,0.0,0.0,0.0,0.0,20.1,23.6,40.5,27.1,-128.7,-0.1,0.0,0.0,0.0,1.0,0.0,0.0,1.0,1.0,90.0,90.0,0
2025-04-14 10:59:24,10.05,9.78,0.1,0.1,6.9,0.0,0.0,0.0,0.0,0.0,20.1,23.6,40.5,27.1,-128.7,0.0,0.0,0.0,0.0,1.0,0.0,0.0,1.0,1.0,90.0,90.0,0
2025-04-14 10:59:25,10.05,9.79,0.1,0.1,6.4,0.0,0.0,0.0,0.0,0.0,20.1,23.6,40.6,27.1,-128.7,-0.1,0.0,0.0,0.0,1.0,0.0,0.0,1.0,1.0,90.0,90.0,0
2025-04-14 10:59:26,10.05,9.79,0.1,0.1,6.9,0.0,0.0,0.0,0.0,0.0,20.1,23.6,40.6,27.1,-128.7,0.0,0.0,0.0,0.0,1.0,0.0,0.0,1.0,1.0,90.0,90.0,0
2025-04-14 10:59:27,10.05,9.79,0.1,0.1,6.9,0.0,0.0,0.0,0.0,0.0,20.2,23.6,40.6,27.1,-128.7,-0.1,0.0,0.0,0.0,1.0,0.0,0.0,1.0,1.0,90.0,90.0,0
2025-04-14 10:59:28,10.02,9.79,0.1,0.1,6.4,0.0,0.0,0.0,0.0,0.0,20.2,23.6,40.6,27.1,-128.7,-0.1,0.0,0.0,0.0,1.0,0.0,0.0,1.0,1.0,90.0,90.0,0
2025-04-14 10:59:29,10.03,9.79,0.1,0.1,6.8,0.0,0.0,0.0,0.0,0.0,20.2,23.6,40.6,27.1,-128.7,-0.1,0.0,0.0,0.0,1.0,0.0,0.0,1.0,1.0,90.0,90.0,0
2025-04-14 10:59:30,10.02,9.79,0.1,0.1,6.7,0.0,0.0,0.0,0.0,0.0,20.2,23.6,40.6,27.1,-128.7,-0.1,0.0,0.0,0.0,1.0,0.0,0.0,1.0,1.0,90.0,90.0,0
2025-04-14 10:59:31,10.02,9.78,0.1,0.1,6.9,0.0,0.0,0.0,0.0,0.0,20.2,23.6,40.6,27.1,-128.7,0.0,0.0,0.0,0.0,1.0,0.0,0.0,1.0,1.0,90.0,90.0,0
2025-04-14 10:59:32,10.05,9.79,0.1,0.1,6.4,0.0,0.0,0.0,0.0,0.0,20.2,23.6,40.6,27.1,-128.7,-0.1,0.0,0.0,0.0,1.0,0.0,0.0,1.0,1.0,90.0,90.0,0
2025-04-14 10:59:33,10.05,9.77,0.1,0.1,6.8,0.0,0.0,0.0,0.0,0.0,20.2,23.6,40.6,27.1,-128.7,0.0,0.0,0.0,0.0,1.0,0.0,0.0,1.0,1.0,90.0,90.0,0
2025-04-14 10:59:34,10.03,9.79,0.1,0.1,6.3,0.0,0.0,0.0,0.0,0.0,20.2,23.6,40.6,27.1,-128.7,-0.1,0.0,0.0,0.0,1.0,0.0,0.0,1.0,1.0,90.0,90.0,0
2025-04-14 10:59:35,10.03,9.77,0.1,0.1,6.9,0.0,0.0,0.0,0.0,0.0,20.2,23.6,40.6,27.1,-128.7,0.0,0.0,0.0,0.0,1.0,0.0,0.0,1.0,1.0,90.0,90.0,0
2025-04-14 10:59:36,10.03,9.8,0.1,0.1,6.5,0.0,0.0,0.0,0.0,0.0,20.2,23.6,40.6,27.1,-128.7,-0.1,0.0,0.0,0.0,1.0,0.0,0.0,1.0,1.0,90.0,90.0,0
2025-04-14 10:59:37,10.05,9.78,0.1,0.1,6.8,0.0,0.0,0.0,0.0,0.0,20.2,23.6,40.6,27.1,-128.7,0.0,0.0,0.0,0.0,1.0,0.0,0.0,1.0,1.0,90.0,90.0,0
2025-04-14 10:59:38,10.05,9.8,0.1,0.1,6.5,0.0,0.0,0.0,0.0,0.0,20.2,23.6,40.6,27.1,-128.7,-0.1,0.0,0.0,0.0,1.0,0.0,0.0,1.0,1.0,90.0,90.0,0
2025-04-14 10:59:39,10.05,9.79,0.1,0.1,6.6,0.0,0.0,0.0,0.0,0.0,20.2,23.6,40.6,27.1,-128.7,0.0,0.0,0.0,0.0,1.0,0.0,0.0,1.0,1.0,90.0,90.0,0
2025-04-14 10:59:40,10.05,9.79,0.1,0.1,6.5,0.0,0.0,0.0,0.0,0.0,20.2,23.6,40.6,27.1,-128.7,-0.1,0.0,0.0,0.0,1.0,0.0,0.0,1.0,1.0,90.0,90.0,0
2025-04-14 10:59:41,10.03,9.8,0.1,0.1,6.4,0.0,0.0,0.0,0.0,0.0,20.2,23.6,40.6,27.1,-128.7,0.0,0.0,0.0,0.0,1.0,0.0,0.0,1.0,1.0,90.0,90.0,0
2025-04-14 10:59:42,10.02,9.78,0.1,0.1,6.7,0.0,0.0,0.0,0.0,0.0,20.2,23.6,40.6,27.1,-128.7,0.0,0.0,0.0,0.0,1.0,0.0,0.0,1.0,1.0,90.0,90.0,0
2025-04-14 10:59:43,10.03,9.79,0.1,0.1,6.6,0.0,0.0,0.0,0.0,0.0,20.2,23.6,40.6,27.1,-128.7,-0.1,0.0,0.0,0.0,1.0,0.0,0.0,1.0,1.0,90.0,90.0,0
2025-04-14 10:59:44,10.03,9.77,0.1,0.1,7.0,0.0,0.0,0.0,0.0,0.0,20.2,23.6,40.6,27.1,-128.7,0.0,0.0,0.0,0.0,1.0,0.0,0.0,1.0,1.0,90.0,90.0,0
2025-04-14 10:59:45,10.05,9.8,0.1,0.1,6.8,0.0,0.0,0.0,0.0,0.0,20.2,23.6,40.6,27.1,-128.7,-0.1,0.0,0.0,0.0,1.0,0.0,0.0,1.0,1.0,90.0,90.0,0
2025-04-14 10:59:46,10.05,9.79,0.1,0.1,6.7,0.0,0.0,0.0,0.0,0.0,20.2,23.6,40.6,27.1,-128.7,0.0,0.0,0.0,0.0,1.0,0.0,0.0,1.0,1.0,90.0,90.0,0
2025-04-14 10:59:47,10.05,9.78,0.1,0.1,6.7,0.0,0.0,0.0,0.0,0.0,20.2,23.6,40.6,27.1,-128.7,-0.1,0.0,0.0,0.0,1.0,0.0,0.0,1.0,1.0,90.0,90.0,0
2025-04-14 10:59:48,10.03,9.8,0.1,0.1,6.4,0.0,0.0,0.0,0.0,0.0,20.2,23.6,40.6,27.1,-128.7,0.0,0.0,0.0,0.0,1.0,0.0,0.0,1.0,1.0,90.0,90.0,0
2025-04-14 10:59:49,10.03,9.77,0.1,0.1,6.9,0.0,0.0,0.0,0.0,0.0,20.2,23.6,40.6,27.1,-128.7,-0.1,0.0,0.0,0.0,1.0,0.0,0.0,1.0,1.0,90.0,90.0,0
2025-04-14 10:59:50,10.03,9.8,0.1,0.1,6.4,0.0,0.0,0.0,0.0,0.0,20.2,23.6,40.6,27.1,-128.7,-0.1,0.0,0.0,0.0,1.0,0.0,0.0,1.0,1.0,90.0,90.0,0
2025-04-14 10:59:51,10.03,9.78,0.1,0.1,6.5,0.0,0.0,0.0,0.0,0.0,20.2,23.6,40.6,27.1,-128.7,-0.1,0.0,0.0,0.0,1.0,0.0,0.0,1.0,1.0,90.0,90.0,0
2025-04-14 10:59:52,10.03,9.8,0.1,0.1,6.4,0.0,0.0,0.0,0.0,0.0,20.2,23.6,40.6,27.1,-128.7,-0.1,0.0,0.0,0.0,1.0,0.0,0.0,1.0,1.0,90.0,90.0,0
2025-04-14 10:59:53,10.05,9.79,0.1,0.1,6.3,0.0,0.0,0.0,0.0,0.0,20.2,23.6,40.6,27.1,-128.7,-0.1,0.0,0.0,0.0,1.0,0.0,0.0,1.0,1.0,90.0,90.0,0
2025-04-14 10:59:54,10.05,9.79,0.1,0.1,6.8,0.0,0.0,0.0,0.0,0.0,20.2,23.6,40.6,27.1,-128.7,-0.1,0.0,0.0,0.0,1.0,0.0,0.0,1.0,1.0,90.0,90.0,0
2025-04-14 10:59:55,10.03,9.79,0.1,0.1,6.4,0.0,0.0,0.0,0.0,0.0,20.2,23.6,40.6,27.1,-128.7,-0.1,0.0,0.0,0.0,1.0,0.0,0.0,1.0,1.0,90.0,90.0,0
2025-04-14 10:59:56,10.05,9.79,0.1,0.1,6.7,0.0,0.0,0.0,0.0,0.0,20.2,23.6,40.6,27.1,-128.7,0.0,0.0,0.0,0.0,1.0,0.0,0.0,1.0,1.0,90.0,90.0,0
2025-04-14 10:59:57,10.05,9.8,0.1,0.1,6.3,0.0,0.0,0.0,0.0,0.0,20.2,23.6,40.6,27.1,-128.7,-0.1,0.0,0.0,0.0,1.0,0.0,0.0,1.0,1.0,90.0,90.0,0
2025-04-14 10:59:58,10.03,9.79,0.1,0.1,6.9,0.0,0.0,0.0,0.0,0.0,20.2,23.6,40.7,27.1,-128.7,-0.1,0.0,0.0,0.0,1.0,0.0,0.0,1.0,1.0,90.0,90.0,0
2025-04-14 10:59:59,10.03,9.79,0.1,0.1,6.4,0.0,0.0,0.0,0.0,0.0,20.2,23.6,40.7,27.1,-128.7,-0.1,0.0,0.0,0.0,1.0,0.0,0.0,1.0,1.0,90.0,90.0,0
2025-04-14 11:00:00,10.05,9.8,0.1,0.1,6.9,0.0,0.0,0.0,0.0,0.0,20.2,23.6,40.7,27.1,-128.7,-0.1,0.0,0.0,0.0,1.0,0.0,0.0,1.0,1.0,90.0,90.0,0
2025-04-14 11:00:01,10.05,9.79,0.1,0.1,6.6,0.0,0.0,0.0,0.0,0.0,20.2,23.6,40.7,27.1,-128.7,-0.1,0.0,0.0,0.0,1.0,0.0,0.0,1.0,1.0,90.0,90.0,0
2025-04-14 11:00:02,10.05,9.79,0.1,0.1,6.3,0.0,0.0,0.0,0.0,0.0,20.2,23.6,40.7,27.1,-128.7,-0.1,0.0,0.0,0.0,1.0,0.0,0.0,1.0,1.0,90.0,90.0,0
2025-04-14 11:00:03,10.03,9.8,0.1,0.1,6.9,0.0,0.0,0.0,0.0,0.0,20.2,23.6,40.7,27.1,-128.7,-0.1,0.0,0.0,0.0,1.0,0.0,0.0,1.0,1.0,90.0,90.0,0
2025-04-14 11:00:04,10.03,9.8,0.1,0.1,6.7,0.0,0.0,0.0,0.0,0.0,20.2,23.6,40.6,27.1,-128.7,-0.1,0.0,0.0,0.0,1.0,0.0,0.0,1.0,1.0,90.0,90.0,0
2025-04-14 11:00:05,10.03,9.8,0.1,0.1,6.6,0.0,0.0,0.0,0.0,0.0,20.2,23.6,40.6,27.0,-128.7,-0.2,0.0,0.0,0.0,1.0,0.0,0.0,1.0,1.0,90.0,90.0,0
2025-04-14 11:00:06,10.03,9.79,0.1,0.1,7.0,0.0,0.0,0.0,0.0,0.0,20.2,23.6,40.6,27.0,-128.7,-0.2,0.0,0.0,0.0,1.0,0.0,0.0,1.0,1.0,90.0,90.0,0
2025-04-14 11:00:07,10.05,9.8,0.1,0.1,6.4,0.0,0.0,0.0,0.0,0.0,20.2,23.6,40.6,27.0,-128.7,-0.2,0.0,0.0,0.0,1.0,0.0,0.0,1.0,1.0,90.0,90.0,0
2025-04-14 11:00:08,10.05,9.8,0.1,0.1,6.9,0.0,0.0,0.0,0.0,0.0,20.2,23.6,40.6,27.0,-128.7,-0.2,0.0,0.0,0.0,1.0,0.0,0.0,1.0,1.0,90.0,90.0,0
2025-04-14 11:00:09,10.06,9.79,0.1,0.1,6.5,0.0,0.0,0.0,0.0,0.0,20.2,23.6,40.6,27.0,-128.7,-0.2,0.0,0.0,0.0,1.0,0.0,0.0,1.0,1.0,90.0,90.0,0
2025-04-14 11:00:10,10.06,9.8,0.1,0.1,7.0,0.0,0.0,0.0,0.0,0.0,20.2,23.6,40.6,27.0,-128.7,-0.2,0.0,0.0,0.0,1.0,0.0,0.0,1.0,1.0,90.0,90.0,0
2025-04-14 11:00:11,10.05,9.79,0.1,0.1,6.0,0.0,0.0,0.0,0.0,0.0,20.2,23.6,40.6,27.0,-128.7,-0.2,0.0,0.0,0.0,1.0,0.0,0.0,1.0,1.0,90.0,90.0,0
2025-04-14 11:00:12,10.03,9.79,0.1,0.1,6.5,0.0,0.0,0.0,0.0,0.0,20.2,23.6,40.6,27.0,-128.7,-0.2,0.0,0.0,0.0,1.0,0.0,0.0,1.0,1.0,90.0,90.0,0
2025-04-14 11:00:13,10.05,9.8,0.1,0.1,6.5,0.0,0.0,0.0,0.0,0.0,20.2,23.6,40.6,27.0,-128.7,-0.2,0.0,0.0,0.0,1.0,0.0,0.0,1.0,1.0,90.0,90.0,0
2025-04-14 11:00:14,10.05,9.79,0.1,0.1,6.4,0.0,0.0,0.0,0.0,0.0,20.2,23.6,40.6,27.0,-128.7,-0.2,0.0,0.0,0.0,1.0,0.0,0.0,1.0,1.0,90.0,90.0,0
2025-04-14 11:00:15,10.06,9.8,0.1,0.1,6.3,0.0,0.0,0.0,0.0,0.0,20.2,23.6,40.6,27.0,-128.7,-0.2,0.0,0.0,0.0,1.0,0.0,0.0,1.0,1.0,90.0,90.0,0
2025-04-14 11:00:16,10.06,9.79,0.1,0.1,6.2,0.0,0.0,0.0,0.0,0.0,20.2,23.6,40.6,27.0,-128.7,-0.2,0.0,0.0,0.0,1.0,0.0,0.0,1.0,1.0,90.0,90.0,0
2025-04-14 11:00:17,10.05,9.79,0.1,0.1,6.5,0.0,0.0,0.0,0.0,0.0,20.2,23.6,40.6,27.0,-128.7,-0.2,0.0,0.0,0.0,1.0,0.0,0.0,1.0,1.0,90.0,90.0,0
2025-04-14 11:00:18,10.03,9.8,0.1,0.1,6.3,0.0,0.0,0.0,0.0,0.0,20.2,23.6,40.6,27.0,-128.7,-0.2,0.0,0.0,0.0,1.0,0.0,0.0,1.0,1.0,90.0,90.0,0
2025-04-14 11:00:19,10.05,9.79,0.1,0.1,6.8,0.0,0.0,0.0,0.0,0.0,20.2,23.6,40.6,27.0,-128.7,-0.2,0.0,0.0,0.0,1.0,0.0,0.0,1.0,1.0,90.0,90.0,0
2025-04-14 11:00:20,10.03,9.8,0.1,0.1,6.4,0.0,0.0,0.0,0.0,0.0,20.2,23.6,40.6,27.0,-128.7,-0.2,0.0,0.0,0.0,1.0,0.0,0.0,1.0,1.0,90.0,90.0,0
2025-04-14 11:00:21,10.05,9.8,0.1,0.1,6.7,0.0,0.0,0.0,0.0,0.0,20.2,23.6,40.6,27.0,-128.7,-0.2,0.0,0.0,0.0,1.0,0.0,0.0,1.0,1.0,90.0,90.0,0
2025-04-14 11:00:22,10.05,9.79,0.1,0.1,6.1,0.0,0.0,0.0,0.0,0.0,20.2,23.6,40.6,27.0,-128.7,-0.2,0.0,0.0,0.0,1.0,0.0,0.0,1.0,1.0,90.0,90.0,0
2025-04-14 11:00:23,10.05,9.8,0.1,0.1,6.5,0.0,0.0,0.0,0.0,0.0,20.2,23.6,40.6,27.0,-128.7,-0.2,0.0,0.0,0.0,1.0,0.0,0.0,1.0,1.0,90.0,90.0,0
2025-04-14 11:00:24,10.05,9.79,0.1,0.1,6.0,0.0,0.0,0.0,0.0,0.0,20.2,23.6,40.6,27.0,-128.7,-0.2,0.0,0.0,0.0,1.0,0.0,0.0,1.0,1.0,90.0,90.0,0
2025-04-14 11:00:25,10.05,9.8,0.1,0.1,6.3,0.0,0.0,0.0,0.0,0.0,20.2,23.6,40.6,27.0,-128.7,-0.2,0.0,0.0,0.0,1.0,0.0,0.0,1.0,1.0,90.0,90.0,0
2025-04-14 11:00:26,10.03,9.8,0.1,0.1,6.3,0.0,0.0,0.0,0.0,0.0,20.2,23.6,40.6,27.0,-128.7,-0.2,0.0,0.0,0.0,1.0,0.0,0.0,1.0,1.0,90.0,90.0,0
2025-04-14 11:00:27,10.05,9.79,0.1,0.1,6.5,0.0,0.0,0.0,0.0,0.0,20.2,23.6,40.6,27.0,-128.7,-0.2,0.0,0.0,0.0,1.0,0.0,0.0,1.0,1.0,90.0,90.0,0
2025-04-14 11:00:28,10.05,9.8,0.1,0.1,6.4,0.0,0.0,0.0,0.0,0.0,20.2,23.6,40.6,27.0,-128.7,-0.2,0.0,0.0,0.0,1.0,0.0,0.0,1.0,1.0,90.0,90.0,0
2025-04-14 11:00:29,10.05,9.8,0.1,0.1,6.3,0.0,0.0,0.0,0.0,0.0,20.2,23.6,40.6,27.0,-128.7,-0.2,0.0,0.0,0.0,1.0,0.0,0.0,1.0,1.0,90.0,90.0,0
2025-04-14 11:00:30,10.05,9.8,0.1,0.1,7.0,0.0,0.0,0.0,0.0,0.0,20.2,23.6,40.6,27.0,-128.7,-0.2,0.0,0.0,0.0,1.0,0.0,0.0,1.0,1.0,90.0,90.0,0
2025-04-14 11:00:31,10.05,9.8,0.1,0.1,6.2,0.0,0.0,0.0,0.0,0.0,20.2,23.6,40.6,27.0,-128.7,-0.2,0.0,0.0,0.0,1.0,0.0,0.0,1.0,1.0,90.0,90.0,0
2025-04-14 11:00:32,10.05,9.8,0.1,0.1,6.9,0.0,0.0,0.0,0.0,0.0,20.2,23.6,40.6,27.0,-128.7,-0.2,0.0,0.0,0.0,1.0,0.0,0.0,1.0,1.0,90.0,90.0,0
2025-04-14 11:00:33,10.05,9.8,0.1,0.1,6.1,0.0,0.0,0.0,0.0,0.0,20.2,23.6,40.6,27.0,-128.7,-0.2,0.0,0.0,0.0,1.0,0.0,0.0,1.0,1.0,90.0,90.0,0
2025-04-14 11:00:34,10.06,9.8,0.1,0.1,7.0,0.0,0.0,0.0,0.0,0.0,20.2,23.6,40.6,27.0,-128.7,-0.2,0.0,0.0,0.0,1.0,0.0,0.0,1.0,1.0,90.0,90.0,0
2025-04-14 11:00:35,10.06,9.79,0.1,0.1,6.3,0.0,0.0,0.0,0.0,0.0,20.2,23.6,40.6,27.0,-128.7,-0.2,0.0,0.0,0.0,1.0,0.0,0.0,1.0,1.0,90.0,90.0,0
2025-04-14 11:00:36,10.06,9.81,0.1,0.1,6.3,0.0,0.0,0.0,0.0,0.0,20.2,23.6,40.6,27.0,-128.7,-0.2,0.0,0.0,0.0,1.0,0.0,0.0,1.0,1.0,90.0,90.0,0
2025-04-14 11:00:37,10.05,9.8,0.1,0.1,6.5,0.0,0.0,0.0,0.0,0.0,20.2,23.6,40.6,27.0,-128.7,-0.2,0.0,0.0,0.0,1.0,0.0,0.0,1.0,1.0,90.0,90.0,0
2025-04-14 11:00:38,10.05,9.8,0.1,0.1,6.6,0.0,0.0,0.0,0.0,0.0,20.2,23.6,40.6,27.0,-128.7,-0.2,0.0,0.0,0.0,1.0,0.0,0.0,1.0,1.0,90.0,90.0,0
2025-04-14 11:00:39,10.05,9.8,0.1,0.1,6.5,0.0,0.0,0.0,0.0,0.0,20.2,23.6,40.6,27.0,-128.7,-0.2,0.0,0.0,0.0,1.0,0.0,0.0,1.0,1.0,90.0,90.0,0
2025-04-14 11:00:40,10.05,9.8,0.1,0.1,6.6,0.0,0.0,0.0,0.0,0.0,20.2,23.6,40.6,27.0,-128.7,-0.2,0.0,0.0,0.0,1.0,0.0,0.0,1.0,1.0,90.0,90.0,0
2025-04-14 11:00:41,10.07,9.8,0.1,0.1,6.6,0.0,0.0,0.0,0.0,0.0,20.2,23.6,40.6,27.0,-128.7,-0.2,0.0,0.0,0.0,1.0,0.0,0.0,1.0,1.0,90.0,90.0,0
2025-04-14 11:00:42,10.06,9.8,0.1,0.1,6.6,0.0,0.0,0.0,0.0,0.0,20.2,23.6,40.6,27.0,-128.7,-0.2,0.0,0.0,0.0,1.0,0.0,0.0,1.0,1.0,90.0,90.0,0
2025-04-14 11:00:43,10.05,9.8,0.1,0.1,7.1,0.0,0.0,0.0,0.0,0.0,20.2,23.6,40.6,27.0,-128.7,-0.2,0.0,0.0,0.0,1.0,0.0,0.0,1.0,1.0,90.0,90.0,0
2025-04-14 11:00:44,10.06,9.81,0.1,0.1,6.3,0.0,0.0,0.0,0.0,0.0,20.2,23.6,40.6,27.0,-128.7,-0.2,0.0,0.0,0.0,1.0,0.0,0.0,1.0,1.0,90.0,90.0,0
2025-04-14 11:00:45,10.05,9.79,0.1,0.1,6.8,0.0,0.0,0.0,0.0,0.0,20.2,23.6,40.6,27.0,-128.7,-0.2,0.0,0.0,0.0,1.0,0.0,0.0,1.0,1.0,90.0,90.0,0
2025-04-14 11:00:46,10.06,9.8,0.1,0.1,6.3,0.0,0.0,0.0,0.0,0.0,20.2,23.6,40.6,27.0,-128.7,-0.2,0.0,0.0,0.0,1.0,0.0,0.0,1.0,1.0,90.0,90.0,0
2025-04-14 11:00:47,10.06,9.8,0.1,0.1,6.7,0.0,0.0,0.0,0.0,0.0,20.2,23.6,40.6,27.0,-128.7,-0.2,0.0,0.0,0.0,1.0,0.0,0.0,1.0,1.0,90.0,90.0,0
2025-04-14 11:00:48,10.06,9.79,0.1,0.1,6.5,0.0,0.0,0.0,0.0,0.0,20.2,23.6,40.6,27.0,-128.7,-0.2,0.0,0.0,0.0,1.0,0.0,0.0,1.0,1.0,90.0,90.0,0
2025-04-14 11:00:49,10.06,9.81,0.1,0.1,6.6,0.0,0.0,0.0,0.0,0.0,20.2,23.6,40.6,27.0,-128.7,-0.2,0.0,0.0,0.0,1.0,0.0,0.0,1.0,1.0,90.0,90.0,0
2025-04-14 11:00:50,10.06,9.8,0.1,0.1,6.6,0.0,0.0,0.0,0.0,0.0,20.2,23.6,40.6,27.0,-128.7,-0.2,0.0,0.0,0.0,1.0,0.0,0.0,1.0,1.0,90.0,90.0,0
2025-04-14 11:00:51,10.05,9.8,0.1,0.1,6.4,0.0,0.0,0.0,0.0,0.0,20.2,23.6,40.6,27.0,-128.7,-0.3,0.0,0.0,0.0,1.0,0.0,0.0,1.0,1.0,90.0,90.0,0
2025-04-14 11:00:52,10.05,9.81,0.1,0.1,6.7,0.0,0.0,0.0,0.0,0.0,20.2,23.6,40.7,27.0,-128.7,-0.3,0.0,0.0,0.0,1.0,0.0,0.0,1.0,1.0,90.0,90.0,0
2025-04-14 11:00:53,10.05,9.8,0.1,0.1,6.4,0.0,0.0,0.0,0.0,0.0,20.2,23.6,40.7,27.0,-128.7,-0.2,0.0,0.0,0.0,1.0,0.0,0.0,1.0,1.0,90.0,90.0,0
2025-04-14 11:00:54,10.06,9.81,0.1,0.1,6.6,0.0,0.0,0.0,0.0,0.0,20.2,23.6,40.6,26.9,-128.7,-0.3,0.0,0.0,0.0,1.0,0.0,0.0,1.0,1.0,90.0,90.0,0
2025-04-14 11:00:55,10.06,9.8,0.1,0.1,6.7,0.0,0.0,0.0,0.0,0.0,20.2,23.6,40.6,26.9,-128.7,-0.3,0.0,0.0,0.0,1.0,0.0,0.0,1.0,1.0,90.0,90.0,0
2025-04-14 11:00:56,10.05,9.8,0.1,0.1,6.8,0.0,0.0,0.0,0.0,0.0,20.2,23.6,40.7,26.9,-128.7,-0.3,0.0,0.0,0.0,1.0,0.0,0.0,1.0,1.0,90.0,90.0,0
2025-04-14 11:00:57,10.05,9.82,0.1,0.1,6.3,0.0,0.0,0.0,0.0,0.0,20.2,23.6,40.7,26.9,-128.7,-0.3,0.0,0.0,0.0,1.0,0.0,0.0,1.0,1.0,90.0,90.0,0
2025-04-14 11:00:58,10.05,9.8,0.1,0.1,6.8,0.0,0.0,0.0,0.0,0.0,20.2,23.6,40.7,26.9,-128.7,-0.3,0.0,0.0,0.0,1.0,0.0,0.0,1.0,1.0,90.0,90.0,0
2025-04-14 11:00:59,10.06,9.81,0.1,0.1,6.5,0.0,0.0,0.0,0.0,0.0,20.2,23.6,40.7,26.9,-128.7,-0.4,0.0,0.0,0.0,1.0,0.0,0.0,1.0,1.0,90.0,90.0,0
2025-04-14 11:01:00,10.06,9.8,0.1,0.1,6.2,0.0,0.0,0.0,0.0,0.0,20.2,23.6,40.7,26.9,-128.7,-0.3,0.0,0.0,0.0,1.0,0.0,0.0,1.0,1.0,90.0,90.0,0
2025-04-14 11:01:01,10.06,9.8,0.1,0.1,6.8,0.0,0.0,0.0,0.0,0.0,20.2,23.6,40.7,26.9,-128.7,-0.3,0.0,0.0,0.0,1.0,0.0,0.0,1.0,1.0,90.0,90.0,0
2025-04-14 11:01:02,10.07,9.81,0.1,0.1,6.0,0.0,0.0,0.0,0.0,0.0,20.2,23.6,40.7,26.9,-128.7,-0.3,0.0,0.0,0.0,1.0,0.0,0.0,1.0,1.0,90.0,90.0,0
2025-04-14 11:01:03,10.05,9.81,0.1,0.1,6.9,0.0,0.0,0.0,0.0,0.0,20.2,23.6,40.7,26.9,-128.7,-0.3,0.0,0.0,0.0,1.0,0.0,0.0,1.0,1.0,90.0,90.0,0
2025-04-14 11:01:04,10.05,9.82,0.1,0.1,6.2,0.0,0.0,0.0,0.0,0.0,20.2,23.6,40.7,26.9,-128.7,-0.4,0.0,0.0,0.0,1.0,0.0,0.0,1.0,1.0,90.0,90.0,0
2025-04-14 11:01:05,10.05,9.82,0.1,0.1,7.1,0.0,0.0,0.0,0.0,0.0,20.2,23.6,40.7,26.9,-128.7,-0.3,0.0,0.0,0.0,1.0,0.0,0.0,1.0,1.0,90.0,90.0,0
2025-04-14 11:01:06,10.05,9.81,0.1,0.1,6.3,0.0,0.0,0.0,0.0,0.0,20.3,23.6,40.7,26.9,-128.7,-0.4,0.0,0.0,0.0,1.0,0.0,0.0,1.0,1.0,90.0,90.0,0
2025-04-14 11:01:07,10.07,9.82,0.1,0.1,7.0,0.0,0.0,0.0,0.0,0.0,20.3,23.6,40.7,26.9,-128.7,-0.4,0.0,0.0,0.0,1.0,0.0,0.0,1.0,1.0,90.0,90.0,0
2025-04-14 11:01:08,10.06,9.8,0.1,0.1,6.3,0.0,0.0,0.0,0.0,0.0,20.3,23.6,40.7,26.9,-128.7,-0.3,0.0,0.0,0.0,1.0,0.0,0.0,1.0,1.0,90.0,90.0,0
2025-04-14 11:01:09,10.07,9.82,0.1,0.1,6.9,0.0,0.0,0.0,0.0,0.0,20.3,23.6,40.7,26.9,-128.7,-0.4,0.0,0.0,0.0,1.0,0.0,0.0,1.0,1.0,90.0,90.0,0
2025-04-14 11:01:10,10.06,9.8,0.1,0.1,6.0,0.0,0.0,0.0,0.0,0.0,20.3,23.6,40.7,26.9,-128.7,-0.3,0.0,0.0,0.0,1.0,0.0,0.0,1.0,1.0,90.0,90.0,0
2025-04-14 11:01:11,10.05,9.81,0.1,0.1,6.6,0.0,0.0,0.0,0.0,0.0,20.3,23.6,40.7,26.9,-128.7,-0.3,0.0,0.0,0.0,1.0,0.0,0.0,1.0,1.0,90.0,90.0,0
2025-04-14 11:01:12,10.05,9.83,0.1,0.1,6.1,0.0,0.0,0.0,0.0,0.0,20.3,23.6,40.7,26.9,-128.7,-0.4,0.0,0.0,0.0,1.0,0.0,0.0,1.0,1.0,90.0,90.0,0
2025-04-14 11:01:13,10.05,9.8,0.1,0.1,6.7,0.0,0.0,0.0,0.0,0.0,20.3,23.6,40.7,26.9,-128.7,-0.3,0.0,0.0,0.0,1.0,0.0,0.0,1.0,1.0,90.0,90.0,0
2025-04-14 11:01:14,10.06,9.81,0.1,0.1,6.0,0.0,0.0,0.0,0.0,0.0,20.3,23.6,40.7,26.9,-128.7,-0.4,0.0,0.0,0.0,1.0,0.0,0.0,1.0,1.0,90.0,90.0,0
2025-04-14 11:01:15,10.07,9.82,0.1,0.1,6.8,0.0,0.0,0.0,0.0,0.0,20.3,23.6,40.8,26.9,-128.7,-0.4,0.0,0.0,0.0,1.0,0.0,0.0,1.0,1.0,90.0,90.0,0
2025-04-14 11:01:16,10.06,9.81,0.1,0.1,6.2,0.0,0.0,0.0,0.0,0.0,20.3,23.6,40.8,26.9,-128.7,-0.4,0.0,0.0,0.0,1.0,0.0,0.0,1.0,1.0,90.0,90.0,0
2025-04-14 11:01:17,10.07,9.83,0.1,0.1,6.5,0.0,0.0,0.0,0.0,0.0,20.3,23.6,40.8,26.9,-128.7,-0.4,0.0,0.0,0.0,1.0,0.0,0.0,1.0,1.0,90.0,90.0,0
2025-04-14 11:01:18,10.05,9.8,0.1,0.1,6.4,0.0,0.0,0.0,0.0,0.0,20.3,23.6,40.8,26.9,-128.7,-0.3,0.0,0.0,0.0,1.0,0.0,0.0,1.0,1.0,90.0,90.0,0
2025-04-14 11:01:19,10.05,9.83,0.1,0.1,7.3,0.0,0.0,0.0,0.0,0.0,20.3,23.6,40.8,26.9,-128.7,-0.4,0.0,0.0,0.0,1.0,0.0,0.0,1.0,1.0,90.0,90.0,0
2025-04-14 11:01:20,10.05,9.82,0.1,0.1,6.2,0.0,0.0,0.0,0.0,0.0,20.3,23.6,40.8,26.9,-128.7,-0.3,0.0,0.0,0.0,1.0,0.0,0.0,1.0,1.0,90.0,90.0,0
2025-04-14 11:01:21,10.05,9.81,0.1,0.1,6.4,0.0,0.0,0.0,0.0,0.0,20.3,23.6,40.8,26.9,-128.7,-0.4,0.0,0.0,0.0,1.0,0.0,0.0,1.0,1.0,90.0,90.0,0
2025-04-14 11:01:22,10.07,9.83,0.1,0.1,6.4,0.0,0.0,0.0,0.0,0.0,20.3,23.6,40.8,26.9,-128.7,-0.4,0.0,0.0,0.0,1.0,0.0,0.0,1.0,1.0,90.0,90.0,0
2025-04-14 11:01:23,10.07,9.81,0.1,0.1,6.3,0.0,0.0,0.0,0.0,0.0,20.3,23.6,40.8,26.9,-128.7,-0.3,0.0,0.0,0.0,1.0,0.0,0.0,1.0,1.0,90.0,90.0,0
2025-04-14 11:01:24,10.06,9.82,0.1,0.1,6.7,0.0,0.0,0.0,0.0,0.0,20.3,23.6,40.8,26.9,-128.7,-0.4,0.0,0.0,0.0,1.0,0.0,0.0,1.0,1.0,90.0,90.0,0
2025-04-14 11:01:25,10.06,9.81,0.1,0.1,6.3,0.0,0.0,0.0,0.0,0.0,20.3,23.6,40.8,26.9,-128.7,-0.3,0.0,0.0,0.0,1.0,0.0,0.0,1.0,1.0,90.0,90.0,0
2025-04-14 11:01:26,10.05,9.8,0.1,0.1,6.9,0.0,0.0,0.0,0.0,0.0,20.3,23.6,40.8,26.9,-128.7,-0.3,0.0,0.0,0.0,1.0,0.0,0.0,1.0,1.0,90.0,90.0,0
2025-04-14 11:01:27,10.05,9.82,0.1,0.1,6.5,0.0,0.0,0.0,0.0,0.0,20.3,23.6,40.8,26.9,-128.7,-0.3,0.0,0.0,0.0,1.0,0.0,0.0,1.0,1.0,90.0,90.0,0
2025-04-14 11:01:28,10.06,9.81,0.1,0.1,6.5,0.0,0.0,0.0,0.0,0.0,20.3,23.6,40.8,26.9,-128.7,-0.3,0.0,0.0,0.0,1.0,0.0,0.0,1.0,1.0,90.0,90.0,0
2025-04-14 11:01:29,10.06,9.82,0.1,0.1,6.3,0.0,0.0,0.0,0.0,0.0,20.3,23.6,40.8,26.9,-128.7,-0.4,0.0,0.0,0.0,1.0,0.0,0.0,1.0,1.0,90.0,90.0,0
2025-04-14 11:01:30,10.07,9.82,0.1,0.1,6.8,0.0,0.0,0.0,0.0,0.0,20.3,23.6,40.8,26.9,-128.7,-0.4,0.0,0.0,0.0,1.0,0.0,0.0,1.0,1.0,90.0,90.0,0
2025-04-14 11:01:31,10.06,9.8,0.1,0.1,7.0,0.0,0.0,0.0,0.0,0.0,20.3,23.6,40.8,26.9,-128.7,-0.3,0.0,0.0,0.0,1.0,0.0,0.0,1.0,1.0,90.0,90.0,0
2025-04-14 11:01:32,10.06,9.83,0.1,0.1,6.5,0.0,0.0,0.0,0.0,0.0,20.3,23.6,40.8,26.9,-128.7,-0.4,0.0,0.0,0.0,1.0,0.0,0.0,1.0,1.0,90.0,90.0,0
2025-04-14 11:01:33,10.06,9.8,0.1,0.1,6.5,0.0,0.0,0.0,0.0,0.0,20.3,23.6,40.8,26.9,-128.7,-0.3,0.0,0.0,0.0,1.0,0.0,0.0,1.0,1.0,90.0,90.0,0
2025-04-14 11:01:34,10.06,9.82,0.1,0.1,6.8,0.0,0.0,0.0,0.0,0.0,20.3,23.6,40.8,26.9,-128.7,-0.4,0.0,0.0,0.0,1.0,0.0,0.0,1.0,1.0,90.0,90.0,0
2025-04-14 11:01:35,10.06,9.82,0.1,0.1,5.8,0.0,0.0,0.0,0.0,0.0,20.3,23.6,40.8,26.9,-128.7,-0.3,0.0,0.0,0.0,1.0,0.0,0.0,1.0,1.0,90.0,90.0,0
2025-04-14 11:01:36,10.06,9.81,0.1,0.1,6.6,0.0,0.0,0.0,0.0,0.0,20.3,23.6,40.8,26.9,-128.7,-0.3,0.0,0.0,0.0,1.0,0.0,0.0,1.0,1.0,90.0,90.0,0
2025-04-14 11:01:37,10.07,9.83,0.1,0.1,6.1,0.0,0.0,0.0,0.0,0.0,20.3,23.6,40.7,26.9,-128.7,-0.4,0.0,0.0,0.0,1.0,0.0,0.0,1.0,1.0,90.0,90.0,0
2025-04-14 11:01:38,10.07,9.8,0.1,0.1,6.7,0.0,0.0,0.0,0.0,0.0,20.3,23.6,40.7,26.9,-128.7,-0.3,0.0,0.0,0.0,1.0,0.0,0.0,1.0,1.0,90.0,90.0,0
2025-04-14 11:01:39,10.06,9.82,0.1,0.1,6.3,0.0,0.0,0.0,0.0,0.0,20.3,23.6,40.7,26.9,-128.7,-0.4,0.0,0.0,0.0,1.0,0.0,0.0,1.0,1.0,90.0,90.0,0
2025-04-14 11:01:40,10.06,9.81,0.1,0.1,6.9,0.0,0.0,0.0,0.0,0.0,20.3,23.6,40.7,26.9,-128.7,-0.3,0.0,0.0,0.0,1.0,0.0,0.0,1.0,1.0,90.0,90.0,0
2025-04-14 11:01:41,10.06,9.8,0.1,0.1,6.3,0.0,0.0,0.0,0.0,0.0,20.3,23.6,40.7,26.9,-128.7,-0.4,0.0,0.0,0.0,1.0,0.0,0.0,1.0,1.0,90.0,90.0,0
2025-04-14 11:01:42,10.06,9.82,0.1,0.1,6.6,0.0,0.0,0.0,0.0,0.0,20.3,23.6,40.7,26.9,-128.7,-0.4,0.0,0.0,0.0,1.0,0.0,0.0,1.0,1.0,90.0,90.0,0
2025-04-14 11:01:43,10.07,9.81,0.1,0.1,6.1,0.0,0.0,0.0,0.0,0.0,20.3,23.6,40.8,26.9,-128.7,-0.3,0.0,0.0,0.0,1.0,0.0,0.0,1.0,1.0,90.0,90.0,0
2025-04-14 11:01:44,10.07,9.82,0.1,0.1,6.5,0.0,0.0,0.0,0.0,0.0,20.3,23.6,40.8,26.9,-128.7,-0.4,0.0,0.0,0.0,1.0,0.0,0.0,1.0,1.0,90.0,90.0,0
2025-04-14 11:01:45,10.07,9.82,0.1,0.1,7.2,0.0,0.0,0.0,0.0,0.0,20.3,23.6,40.8,26.9,-128.7,-0.3,0.0,0.0,0.0,1.0,0.0,0.0,1.0,1.0,90.0,90.0,0
2025-04-14 11:01:46,10.07,9.8,0.1,0.1,6.6,0.0,0.0,0.0,0.0,0.0,20.3,23.6,40.8,26.9,-128.7,-0.3,0.0,0.0,0.0,1.0,0.0,0.0,1.0,1.0,90.0,90.0,0
2025-04-14 11:01:47,10.06,9.82,0.1,0.1,6.8,0.0,0.0,0.0,0.0,0.0,20.3,23.6,40.8,26.9,-128.7,-0.3,0.0,0.0,0.0,1.0,0.0,0.0,1.0,1.0,90.0,90.0,0
2025-04-14 11:01:48,10.06,9.8,0.1,0.1,6.3,0.0,0.0,0.0,0.0,0.0,20.3,23.6,40.8,26.9,-128.7,-0.3,0.0,0.0,0.0,1.0,0.0,0.0,1.0,1.0,90.0,90.0,0
2025-04-14 11:01:49,10.06,9.83,0.1,0.1,6.4,0.0,0.0,0.0,0.0,0.0,20.3,23.6,40.8,26.9,-128.7,-0.4,0.0,0.0,0.0,1.0,0.0,0.0,1.0,1.0,90.0,90.0,0
2025-04-14 11:01:50,10.06,9.82,0.1,0.1,6.2,0.0,0.0,0.0,0.0,0.0,20.3,23.6,40.8,26.8,-128.7,-0.4,0.0,0.0,0.0,1.0,0.0,0.0,1.0,1.0,90.0,90.0,0
2025-04-14 11:01:51,10.07,9.81,0.1,0.1,6.5,0.0,0.0,0.0,0.0,0.0,20.3,23.6,40.8,26.8,-128.7,-0.5,0.0,0.0,0.0,1.0,0.0,0.0,1.0,1.0,90.0,90.0,0
2025-04-14 11:01:52,10.07,9.83,0.1,0.1,6.6,0.0,0.0,0.0,0.0,0.0,20.3,23.6,40.9,26.8,-128.7,-0.4,0.0,0.0,0.0,1.0,0.0,0.0,1.0,1.0,90.0,90.0,0
2025-04-14 11:01:53,10.07,9.81,0.1,0.1,6.3,0.0,0.0,0.0,0.0,0.0,20.3,23.6,40.9,26.8,-128.7,-0.5,0.0,0.0,0.0,1.0,0.0,0.0,1.0,1.0,90.0,90.0,0
2025-04-14 11:01:54,10.07,9.82,0.1,0.1,6.4,0.0,0.0,0.0,0.0,0.0,20.3,23.6,40.9,26.8,-128.7,-0.5,0.0,0.0,0.0,1.0,0.0,0.0,1.0,1.0,90.0,90.0,0
2025-04-14 11:01:55,10.06,9.81,0.1,0.1,6.4,0.0,0.0,0.0,0.0,0.0,20.3,23.6,40.9,26.8,-128.7,-0.4,0.0,0.0,0.0,1.0,0.0,0.0,1.0,1.0,90.0,90.0,0
2025-04-14 11:01:56,10.06,9.81,0.1,0.1,6.8,0.0,0.0,0.0,0.0,0.0,20.3,23.6,40.9,26.8,-128.7,-0.5,0.0,0.0,0.0,1.0,0.0,0.0,1.0,1.0,90.0,90.0,0
2025-04-14 11:01:57,10.06,9.82,0.1,0.1,6.2,0.0,0.0,0.0,0.0,0.0,20.3,23.6,40.9,26.8,-128.7,-0.5,0.0,0.0,0.0,1.0,0.0,0.0,1.0,1.0,90.0,90.0,0
2025-04-14 11:01:58,10.07,9.82,0.1,0.1,6.4,0.0,0.0,0.0,0.0,0.0,20.3,23.6,40.9,26.8,-128.7,-0.5,0.0,0.0,0.0,1.0,0.0,0.0,1.0,1.0,90.0,90.0,0
2025-04-14 11:01:59,10.07,9.82,0.1,0.1,6.5,0.0,0.0,0.0,0.0,0.0,20.3,23.6,40.9,26.8,-128.7,-0.5,0.0,0.0,0.0,1.0,0.0,0.0,1.0,1.0,90.0,90.0,0
2025-04-14 11:02:00,10.07,9.81,0.1,0.1,6.4,0.0,0.0,0.0,0.0,0.0,20.3,23.6,40.9,26.8,-128.7,-0.4,0.0,0.0,0.0,1.0,0.0,0.0,1.0,1.0,90.0,90.0,0
2025-04-14 11:02:01,10.06,9.82,0.1,0.1,7.0,0.0,0.0,0.0,0.0,0.0,20.3,23.6,40.9,26.8,-128.7,-0.5,0.0,0.0,0.0,1.0,0.0,0.0,1.0,1.0,90.0,90.0,0
2025-04-14 11:02:02,10.06,9.83,0.1,0.1,6.2,0.0,0.0,0.0,0.0,0.0,20.3,23.6,40.9,26.8,-128.7,-0.5,0.0,0.0,0.0,1.0,0.0,0.0,1.0,1.0,90.0,90.0,0
2025-04-14 11:02:03,10.06,9.81,0.1,0.1,6.7,0.0,0.0,0.0,0.0,0.0,20.3,23.6,41.0,26.8,-128.7,-0.4,0.0,0.0,0.0,1.0,0.0,0.0,1.0,1.0,90.0,90.0,0
2025-04-14 11:02:04,10.07,9.83,0.1,0.1,6.1,0.0,0.0,0.0,0.0,0.0,20.3,23.6,41.0,26.8,-128.7,-0.5,0.0,0.0,0.0,1.0,0.0,0.0,1.0,1.0,90.0,90.0,0
2025-04-14 11:02:05,10.07,9.83,0.1,0.1,6.5,0.0,0.0,0.0,0.0,0.0,20.3,23.6,41.0,26.8,-128.7,-0.4,0.0,0.0,0.0,1.0,0.0,0.0,1.0,1.0,90.0,90.0,0
2025-04-14 11:02:06,10.07,9.81,0.1,0.1,5.6,0.0,0.0,0.0,0.0,0.0,20.3,23.6,41.0,26.8,-128.7,-0.5,0.0,0.0,0.0,1.0,0.0,0.0,1.0,1.0,90.0,90.0,0
2025-04-14 11:02:07,10.06,9.83,0.1,0.1,6.8,0.0,0.0,0.0,0.0,0.0,20.3,23.6,41.0,26.8,-128.7,-0.5,0.0,0.0,0.0,1.0,0.0,0.0,1.0,1.0,90.0,90.0,0
2025-04-14 11:02:08,10.06,9.81,0.1,0.1,6.3,0.0,0.0,0.0,0.0,0.0,20.3,23.6,41.0,26.8,-128.7,-0.5,0.0,0.0,0.0,1.0,0.0,0.0,1.0,1.0,90.0,90.0,0
2025-04-14 11:02:09,10.07,9.83,0.1,0.1,7.3,0.0,0.0,0.0,0.0,0.0,20.3,23.6,41.0,26.8,-128.7,-0.5,0.0,0.0,0.0,1.0,0.0,0.0,1.0,1.0,90.0,90.0,0
2025-04-14 11:02:10,10.06,9.83,0.1,0.1,6.3,0.0,0.0,0.0,0.0,0.0,20.3,23.6,41.0,26.8,-128.7,-0.5,0.0,0.0,0.0,1.0,0.0,0.0,1.0,1.0,90.0,90.0,0
2025-04-14 11:02:11,10.08,9.83,0.1,0.1,6.6,0.0,0.0,0.0,0.0,0.0,20.3,23.6,41.1,26.8,-128.7,-0.5,0.0,0.0,0.0,1.0,0.0,0.0,1.0,1.0,90.0,90.0,0
2025-04-14 11:02:12,10.08,9.83,0.1,0.1,5.9,0.0,0.0,0.0,0.0,0.0,20.3,23.6,41.1,26.8,-128.7,-0.5,0.0,0.0,0.0,1.0,0.0,0.0,1.0,1.0,90.0,90.0,0
2025-04-14 11:02:13,10.08,9.83,0.1,0.1,6.9,0.0,0.0,0.0,0.0,0.0,20.3,23.6,41.1,26.8,-128.7,-0.5,0.0,0.0,0.0,1.0,0.0,0.0,1.0,1.0,90.0,90.0,0
2025-04-14 11:02:14,10.07,9.82,0.1,0.1,6.1,0.0,0.0,0.0,0.0,0.0,20.3,23.6,41.1,26.8,-128.7,-0.5,0.0,0.0,0.0,1.0,0.0,0.0,1.0,1.0,90.0,90.0,0
2025-04-14 11:02:15,10.06,9.83,0.1,0.1,6.8,0.0,0.0,0.0,0.0,0.0,20.3,23.6,41.1,26.8,-128.7,-0.5,0.0,0.0,0.0,1.0,0.0,0.0,1.0,1.0,90.0,90.0,0
2025-04-14 11:02:16,10.06,9.81,0.1,0.1,6.5,0.0,0.0,0.0,0.0,0.0,20.3,23.6,41.1,26.8,-128.7,-0.5,0.0,0.0,0.0,1.0,0.0,0.0,1.0,1.0,90.0,90.0,0
2025-04-14 11:02:17,10.06,9.83,0.1,0.1,7.1,0.0,0.0,0.0,0.0,0.0,20.3,23.6,41.1,26.8,-128.7,-0.5,0.0,0.0,0.0,1.0,0.0,0.0,1.0,1.0,90.0,90.0,0
2025-04-14 11:02:18,10.06,9.81,0.1,0.1,6.4,0.0,0.0,0.0,0.0,0.0,20.3,23.6,41.1,26.8,-128.7,-0.5,0.0,0.0,0.0,1.0,0.0,0.0,1.0,1.0,90.0,90.0,0
2025-04-14 11:02:19,10.07,9.82,0.1,0.1,6.7,0.0,0.0,0.0,0.0,0.0,20.3,23.6,41.1,26.8,-128.7,-0.5,0.0,0.0,0.0,1.0,0.0,0.0,1.0,1.0,90.0,90.0,0
2025-04-14 11:02:20,10.07,9.83,0.1,0.1,6.2,0.0,0.0,0.0,0.0,0.0,20.3,23.6,41.1,26.8,-128.7,-0.5,0.0,0.0,0.0,1.0,0.0,0.0,1.0,1.0,90.0,90.0,0
2025-04-14 11:02:21,10.07,9.82,0.1,0.1,6.7,0.0,0.0,0.0,0.0,0.0,20.3,23.6,41.1,26.8,-128.7,-0.5,0.0,0.0,0.0,1.0,0.0,0.0,1.0,1.0,90.0,90.0,0
2025-04-14 11:02:22,10.07,9.83,0.1,0.1,6.4,0.0,0.0,0.0,0.0,0.0,20.3,23.6,41.1,26.8,-128.7,-0.5,0.0,0.0,0.0,1.0,0.0,0.0,1.0,1.0,90.0,90.0,0
2025-04-14 11:02:23,10.06,9.83,0.1,0.1,6.9,0.0,0.0,0.0,0.0,0.0,20.3,23.6,41.1,26.8,-128.7,-0.5,0.0,0.0,0.0,1.0,0.0,0.0,1.0,1.0,90.0,90.0,0
2025-04-14 11:02:24,10.07,9.83,0.1,0.1,6.5,0.0,0.0,0.0,0.0,0.0,20.3,23.6,41.1,26.8,-128.7,-0.5,0.0,0.0,0.0,1.0,0.0,0.0,1.0,1.0,90.0,90.0,0
2025-04-14 11:02:25,10.07,9.83,0.1,0.1,6.4,0.0,0.0,0.0,0.0,0.0,20.3,23.6,41.1,26.8,-128.7,-0.5,0.0,0.0,0.0,1.0,0.0,0.0,1.0,1.0,90.0,90.0,0
2025-04-14 11:02:26,10.07,9.82,0.1,0.1,6.2,0.0,0.0,0.0,0.0,0.0,20.3,23.6,41.1,26.8,-128.7,-0.5,0.0,0.0,0.0,1.0,0.0,0.0,1.0,1.0,90.0,90.0,0
2025-04-14 11:02:27,10.07,9.83,0.1,0.1,6.6,0.0,0.0,0.0,0.0,0.0,20.3,23.6,41.1,26.8,-128.7,-0.6,0.0,0.0,0.0,1.0,0.0,0.0,1.0,1.0,90.0,90.0,0
2025-04-14 11:02:28,10.07,9.83,0.1,0.1,6.4,0.0,0.0,0.0,0.0,0.0,20.3,23.6,41.1,26.8,-128.7,-0.5,0.0,0.0,0.0,1.0,0.0,0.0,1.0,1.0,90.0,90.0,0
2025-04-14 11:02:29,10.07,9.82,0.1,0.1,6.8,0.0,0.0,0.0,0.0,0.0,20.3,23.6,41.1,26.8,-128.7,-0.5,0.0,0.0,0.0,1.0,0.0,0.0,1.0,1.0,90.0,90.0,0
2025-04-14 11:02:30,10.07,9.84,0.1,0.1,6.2,0.0,0.0,0.0,0.0,0.0,20.3,23.6,41.1,26.8,-128.7,-0.5,0.0,0.0,0.0,1.0,0.0,0.0,1.0,1.0,90.0,90.0,0
2025-04-14 11:02:31,10.07,9.83,0.1,0.1,6.8,0.0,0.0,0.0,0.0,0.0,20.3,23.6,41.1,26.8,-128.7,-0.5,0.0,0.0,0.0,1.0,0.0,0.0,1.0,1.0,90.0,90.0,0
2025-04-14 11:02:32,10.08,9.83,0.1,0.1,6.3,0.0,0.0,0.0,0.0,0.0,20.3,23.6,41.1,26.8,-128.7,-0.5,0.0,0.0,0.0,1.0,0.0,0.0,1.0,1.0,90.0,90.0,0
2025-04-14 11:02:33,10.08,9.83,0.1,0.1,6.8,0.0,0.0,0.0,0.0,0.0,20.3,23.6,41.1,26.8,-128.7,-0.5,0.0,0.0,0.0,1.0,0.0,0.0,1.0,1.0,90.0,90.0,0
2025-04-14 11:02:34,10.07,9.82,0.1,0.1,6.2,0.0,0.0,0.0,0.0,0.0,20.3,23.6,41.1,26.8,-128.7,-0.5,0.0,0.0,0.0,1.0,0.0,0.0,1.0,1.0,90.0,90.0,0
2025-04-14 11:02:35,10.06,9.84,0.1,0.1,6.7,0.0,0.0,0.0,0.0,0.0,20.3,23.6,41.1,26.8,-128.7,-0.6,0.0,0.0,0.0,1.0,0.0,0.0,1.0,1.0,90.0,90.0,0
2025-04-14 11:02:36,10.06,9.83,0.1,0.1,5.7,0.0,0.0,0.0,0.0,0.0,20.3,23.6,41.1,26.8,-128.7,-0.5,0.0,0.0,0.0,1.0,0.0,0.0,1.0,1.0,90.0,90.0,0
2025-04-14 11:02:37,10.07,9.83,0.1,0.1,6.9,0.0,0.0,0.0,0.0,0.0,20.3,23.6,41.1,26.8,-128.7,-0.5,0.0,0.0,0.0,1.0,0.0,0.0,1.0,1.0,90.0,90.0,0
2025-04-14 11:02:38,10.08,9.84,0.1,0.1,6.3,0.0,0.0,0.0,0.0,0.0,20.3,23.6,41.1,26.8,-128.7,-0.5,0.0,0.0,0.0,1.0,0.0,0.0,1.0,1.0,90.0,90.0,0
2025-04-14 11:02:39,10.1,9.83,0.1,0.1,6.8,0.0,0.0,0.0,0.0,0.0,20.3,23.6,41.2,26.8,-128.7,-0.5,0.0,0.0,0.0,1.0,0.0,0.0,1.0,1.0,90.0,90.0,0
2025-04-14 11:02:40,10.08,9.84,0.1,0.1,5.8,0.0,0.0,0.0,0.0,0.0,20.3,23.6,41.2,26.8,-128.7,-0.5,0.0,0.0,0.0,1.0,0.0,0.0,1.0,1.0,90.0,90.0,0
2025-04-14 11:02:41,10.07,9.83,0.1,0.1,6.5,0.0,0.0,0.0,0.0,0.0,20.3,23.6,41.2,26.8,-128.7,-0.5,0.0,0.0,0.0,1.0,0.0,0.0,1.0,1.0,90.0,90.0,0
2025-04-14 11:02:42,10.07,9.83,0.1,0.1,6.4,0.0,0.0,0.0,0.0,0.0,20.3,23.6,41.2,26.8,-128.7,-0.5,0.0,0.0,0.0,1.0,0.0,0.0,1.0,1.0,90.0,90.0,0
2025-04-14 11:02:43,10.07,9.84,0.1,0.1,5.9,0.0,0.0,0.0,0.0,0.0,20.3,23.6,41.2,26.8,-128.7,-0.6,0.0,0.0,0.0,1.0,0.0,0.0,1.0,1.0,90.0,90.0,0
2025-04-14 11:02:44,10.08,9.83,0.1,0.1,6.7,0.0,0.0,0.0,0.0,0.0,20.3,23.6,41.2,26.8,-128.7,-0.5,0.0,0.0,0.0,1.0,0.0,0.0,1.0,1.0,90.0,90.0,0
2025-04-14 11:02:45,10.08,9.83,0.1,0.1,6.1,0.0,0.0,0.0,0.0,0.0,20.3,23.6,41.2,26.8,-128.7,-0.6,0.0,0.0,0.0,1.0,0.0,0.0,1.0,1.0,90.0,90.0,0
2025-04-14 11:02:46,10.07,9.83,0.1,0.1,6.6,0.0,0.0,0.0,0.0,0.0,20.3,23.6,41.2,26.8,-128.7,-0.5,0.0,0.0,0.0,1.0,0.0,0.0,1.0,1.0,90.0,90.0,0
2025-04-14 11:02:47,10.07,9.82,0.1,0.1,6.3,0.0,0.0,0.0,0.0,0.0,20.3,23.6,41.2,26.8,-128.7,-0.6,0.0,0.0,0.0,1.0,0.0,0.0,1.0,1.0,90.0,90.0,0
2025-04-14 11:02:48,10.07,9.84,0.1,0.1,6.6,0.0,0.0,0.0,0.0,0.0,20.3,23.6,41.2,26.8,-128.7,-0.6,0.0,0.0,0.0,1.0,0.0,0.0,1.0,1.0,90.0,90.0,0
2025-04-14 11:02:49,10.07,9.83,0.1,0.1,6.4,0.0,0.0,0.0,0.0,0.0,20.3,23.6,41.2,26.8,-128.7,-0.5,0.0,0.0,0.0,1.0,0.0,0.0,1.0,1.0,90.0,90.0,0
2025-04-14 11:02:50,10.07,9.83,0.1,0.1,6.9,0.0,0.0,0.0,0.0,0.0,20.3,23.6,41.2,26.8,-128.7,-0.5,0.0,0.0,0.0,1.0,0.0,0.0,1.0,1.0,90.0,90.0,0
2025-04-14 11:02:51,10.07,9.83,0.1,0.1,6.5,0.0,0.0,0.0,0.0,0.0,20.3,23.6,41.2,26.7,-128.7,-0.7,0.0,0.0,0.0,1.0,0.0,0.0,1.0,1.0,90.0,90.0,0
2025-04-14 11:02:52,10.07,9.83,0.1,0.1,6.7,0.0,0.0,0.0,0.0,0.0,20.3,23.6,41.2,26.7,-128.7,-0.6,0.0,0.0,0.0,1.0,0.0,0.0,1.0,1.0,90.0,90.0,0
2025-04-14 11:02:53,10.07,9.83,0.1,0.1,6.6,0.0,0.0,0.0,0.0,0.0,20.3,23.6,41.2,26.7,-128.7,-0.6,0.0,0.0,0.0,1.0,0.0,0.0,1.0,1.0,90.0,90.0,0
2025-04-14 11:02:54,10.06,9.83,0.1,0.1,6.9,0.0,0.0,0.0,0.0,0.0,20.3,23.6,41.2,26.7,-128.7,-0.6,0.0,0.0,0.0,1.0,0.0,0.0,1.0,1.0,90.0,90.0,0
2025-04-14 11:02:55,10.07,9.83,0.1,0.1,6.7,0.0,0.0,0.0,0.0,0.0,20.3,23.6,41.2,26.7,-128.7,-0.7,0.0,0.0,0.0,1.0,0.0,0.0,1.0,1.0,90.0,90.0,0
2025-04-14 11:02:56,10.08,9.85,0.1,0.1,6.7,0.0,0.0,0.0,0.0,0.0,20.3,23.6,41.2,26.7,-128.7,-0.7,0.0,0.0,0.0,1.0,0.0,0.0,1.0,1.0,90.0,90.0,0
2025-04-14 11:02:57,10.1,9.83,0.1,0.1,6.9,0.0,0.0,0.0,0.0,0.0,20.3,23.6,41.2,26.7,-128.7,-0.6,0.0,0.0,0.0,1.0,0.0,0.0,1.0,1.0,90.0,90.0,0
2025-04-14 11:02:58,10.1,9.83,0.1,0.1,5.7,0.0,0.0,0.0,0.0,0.0,20.3,23.6,41.2,26.7,-128.7,-0.7,0.0,0.0,0.0,1.0,0.0,0.0,1.0,1.0,90.0,90.0,0
2025-04-14 11:02:59,10.08,9.85,0.1,0.1,6.5,0.0,0.0,0.0,0.0,0.0,20.3,23.6,41.2,26.7,-128.7,-0.6,0.0,0.0,0.0,1.0,0.0,0.0,1.0,1.0,90.0,90.0,0
2025-04-14 11:03:00,10.07,9.83,0.1,0.1,6.7,0.0,0.0,0.0,0.0,0.0,20.3,23.6,41.2,26.7,-128.7,-0.6,0.0,0.0,0.0,1.0,0.0,0.0,1.0,1.0,90.0,90.0,0
2025-04-14 11:03:01,10.07,9.84,0.1,0.1,6.4,0.0,0.0,0.0,0.0,0.0,20.3,23.6,41.2,26.7,-128.7,-0.6,0.0,0.0,0.0,1.0,0.0,0.0,1.0,1.0,90.0,90.0,0
2025-04-14 11:03:02,10.07,9.83,0.1,0.1,6.2,0.0,0.0,0.0,0.0,0.0,20.3,23.6,41.2,26.7,-128.7,-0.6,0.0,0.0,0.0,1.0,0.0,0.0,1.0,1.0,90.0,90.0,0
2025-04-14 11:03:03,10.07,9.84,0.1,0.1,6.8,0.0,0.0,0.0,0.0,0.0,20.3,23.6,41.2,26.7,-128.7,-0.7,0.0,0.0,0.0,1.0,0.0,0.0,1.0,1.0,90.0,90.0,0
2025-04-14 11:03:04,10.08,9.84,0.1,0.1,6.3,0.0,0.0,0.0,0.0,0.0,20.3,23.6,41.2,26.7,-128.7,-0.6,0.0,0.0,0.0,1.0,0.0,0.0,1.0,1.0,90.0,90.0,0
2025-04-14 11:03:05,10.1,9.84,0.1,0.1,7.1,0.0,0.0,0.0,0.0,0.0,20.3,23.6,41.2,26.7,-128.7,-0.6,0.0,0.0,0.0,1.0,0.0,0.0,1.0,1.0,90.0,90.0,0
2025-04-14 11:03:06,10.08,9.85,0.1,0.1,6.6,0.0,0.0,0.0,0.0,0.0,20.3,23.6,41.2,26.7,-128.7,-0.7,0.0,0.0,0.0,1.0,0.0,0.0,1.0,1.0,90.0,90.0,0
2025-04-14 11:03:07,10.07,9.83,0.1,0.1,6.8,0.0,0.0,0.0,0.0,0.0,20.3,23.6,41.2,26.7,-128.7,-0.6,0.0,0.0,0.0,1.0,0.0,0.0,1.0,1.0,90.0,90.0,0
2025-04-14 11:03:08,10.07,9.84,0.1,0.1,6.5,0.0,0.0,0.0,0.0,0.0,20.3,23.6,41.2,26.7,-128.7,-0.7,0.0,0.0,0.0,1.0,0.0,0.0,1.0,1.0,90.0,90.0,0
2025-04-14 11:03:09,10.07,9.84,0.1,0.1,6.6,0.0,0.0,0.0,0.0,0.0,20.3,23.6,41.3,26.7,-128.7,-0.6,0.0,0.0,0.0,1.0,0.0,0.0,1.0,1.0,90.0,90.0,0
2025-04-14 11:03:10,10.07,9.83,0.1,0.1,6.8,0.0,0.0,0.0,0.0,0.0,20.3,23.6,41.3,26.7,-128.7,-0.7,0.0,0.0,0.0,1.0,0.0,0.0,1.0,1.0,90.0,90.0,0
2025-04-14 11:03:11,10.08,9.84,0.1,0.1,6.6,0.0,0.0,0.0,0.0,0.0,20.3,23.6,41.3,26.7,-128.7,-0.7,0.0,0.0,0.0,1.0,0.0,0.0,1.0,1.0,90.0,90.0,0
2025-04-14 11:03:12,10.08,9.83,0.1,0.1,6.8,0.0,0.0,0.0,0.0,0.0,20.3,23.6,41.3,26.7,-128.7,-0.6,0.0,0.0,0.0,1.0,0.0,0.0,1.0,1.0,90.0,90.0,0
2025-04-14 11:03:13,10.08,9.84,0.1,0.1,6.3,0.0,0.0,0.0,0.0,0.0,20.3,23.6,41.3,26.7,-128.7,-0.7,0.0,0.0,0.0,1.0,0.0,0.0,1.0,1.0,90.0,90.0,0
2025-04-14 11:03:14,10.08,9.83,0.1,0.1,6.9,0.0,0.0,0.0,0.0,0.0,20.3,23.6,41.3,26.7,-128.7,-0.6,0.0,0.0,0.0,1.0,0.0,0.0,1.0,1.0,90.0,90.0,0
2025-04-14 11:03:15,10.07,9.83,0.1,0.1,6.6,0.0,0.0,0.0,0.0,0.0,20.3,23.6,41.3,26.7,-128.7,-0.6,0.0,0.0,0.0,1.0,0.0,0.0,1.0,1.0,90.0,90.0,0
2025-04-14 11:03:16,10.07,9.84,0.1,0.1,7.0,0.0,0.0,0.0,0.0,0.0,20.3,23.6,41.3,26.7,-128.7,-0.6,0.0,0.0,0.0,1.0,0.0,0.0,1.0,1.0,90.0,90.0,0
2025-04-14 11:03:17,10.07,9.84,0.1,0.1,6.6,0.0,0.0,0.0,0.0,0.0,20.3,23.6,41.3,26.7,-128.7,-0.6,0.0,0.0,0.0,1.0,0.0,0.0,1.0,1.0,90.0,90.0,0
2025-04-14 11:03:18,10.07,9.83,0.1,0.1,6.4,0.0,0.0,0.0,0.0,0.0,20.3,23.6,41.3,26.7,-128.7,-0.7,0.0,0.0,0.0,1.0,0.0,0.0,1.0,1.0,90.0,90.0,0
2025-04-14 11:03:19,10.1,9.85,0.1,0.1,6.6,0.0,0.0,0.0,0.0,0.0,20.3,23.6,41.3,26.7,-128.7,-0.7,0.0,0.0,0.0,1.0,0.0,0.0,1.0,1.0,90.0,90.0,0
2025-04-14 11:03:20,10.1,9.83,0.1,0.1,6.4,0.0,0.0,0.0,0.0,0.0,20.3,23.6,41.3,26.7,-128.7,-0.7,0.0,0.0,0.0,1.0,0.0,0.0,1.0,1.0,90.0,90.0,0
2025-04-14 11:03:21,10.08,9.84,0.1,0.1,6.6,0.0,0.0,0.0,0.0,0.0,20.3,23.6,41.3,26.7,-128.7,-0.7,0.0,0.0,0.0,1.0,0.0,0.0,1.0,1.0,90.0,90.0,0
2025-04-14 11:03:22,10.08,9.83,0.1,0.1,6.6,0.0,0.0,0.0,0.0,0.0,20.3,23.6,41.3,26.7,-128.7,-0.6,0.0,0.0,0.0,1.0,0.0,0.0,1.0,1.0,90.0,90.0,0
2025-04-14 11:03:23,10.07,9.84,0.1,0.1,6.4,0.0,0.0,0.0,0.0,0.0,20.3,23.6,41.3,26.7,-128.7,-0.7,0.0,0.0,0.0,1.0,0.0,0.0,1.0,1.0,90.0,90.0,0
2025-04-14 11:03:24,10.07,9.84,0.1,0.1,6.3,0.0,0.0,0.0,0.0,0.0,20.3,23.6,41.3,26.7,-128.7,-0.6,0.0,0.0,0.0,1.0,0.0,0.0,1.0,1.0,90.0,90.0,0
2025-04-14 11:03:25,10.07,9.83,0.1,0.1,6.3,0.0,0.0,0.0,0.0,0.0,20.3,23.6,41.3,26.7,-128.7,-0.7,0.0,0.0,0.0,1.0,0.0,0.0,1.0,1.0,90.0,90.0,0
2025-04-14 11:03:26,10.1,9.85,0.1,0.1,6.7,0.0,0.0,0.0,0.0,0.0,20.3,23.6,41.3,26.7,-128.7,-0.7,0.0,0.0,0.0,1.0,0.0,0.0,1.0,1.0,90.0,90.0,0
2025-04-14 11:03:27,10.1,9.83,0.1,0.1,6.3,0.0,0.0,0.0,0.0,0.0,20.3,23.6,41.4,26.7,-128.7,-0.6,0.0,0.0,0.0,1.0,0.0,0.0,1.0,1.0,90.0,90.0,0
2025-04-14 11:03:28,10.1,9.85,0.1,0.1,7.0,0.0,0.0,0.0,0.0,0.0,20.3,23.6,41.4,26.7,-128.7,-0.7,0.0,0.0,0.0,1.0,0.0,0.0,1.0,1.0,90.0,90.0,0
2025-04-14 11:03:29,10.08,9.83,0.1,0.1,6.3,0.0,0.0,0.0,0.0,0.0,20.3,23.6,41.4,26.7,-128.7,-0.6,0.0,0.0,0.0,1.0,0.0,0.0,1.0,1.0,90.0,90.0,0
2025-04-14 11:03:30,10.07,9.83,0.1,0.1,7.4,0.0,0.0,0.0,0.0,0.0,20.3,23.6,41.4,26.7,-128.7,-0.7,0.0,0.0,0.0,1.0,0.0,0.0,1.0,1.0,90.0,90.0,0
2025-04-14 11:03:31,10.07,9.85,0.1,0.1,6.3,0.0,0.0,0.0,0.0,0.0,20.3,23.6,41.4,26.7,-128.7,-0.7,0.0,0.0,0.0,1.0,0.0,0.0,1.0,1.0,90.0,90.0,0
2025-04-14 11:03:32,10.07,9.83,0.1,0.1,7.0,0.0,0.0,0.0,0.0,0.0,20.4,23.6,41.4,26.7,-128.7,-0.6,0.0,0.0,0.0,1.0,0.0,0.0,1.0,1.0,90.0,90.0,0
2025-04-14 11:03:33,10.07,9.85,0.1,0.1,6.4,0.0,0.0,0.0,0.0,0.0,20.4,23.6,41.4,26.7,-128.7,-0.7,0.0,0.0,0.0,1.0,0.0,0.0,1.0,1.0,90.0,90.0,0
2025-04-14 11:03:34,10.1,9.83,0.1,0.1,6.8,0.0,0.0,0.0,0.0,0.0,20.4,23.6,41.4,26.7,-128.7,-0.6,0.0,0.0,0.0,1.0,0.0,0.0,1.0,1.0,90.0,90.0,0
2025-04-14 11:03:35,10.1,9.85,0.1,0.1,6.6,0.0,0.0,0.0,0.0,0.0,20.4,23.6,41.4,26.7,-128.7,-0.7,0.0,0.0,0.0,1.0,0.0,0.0,1.0,1.0,90.0,90.0,0
2025-04-14 11:03:36,10.1,9.86,0.1,0.1,6.8,0.0,0.0,0.0,0.0,0.0,20.4,23.6,41.4,26.7,-128.7,-0.7,0.0,0.0,0.0,1.0,0.0,0.0,1.0,1.0,90.0,90.0,0
2025-04-14 11:03:37,10.1,9.84,0.1,0.1,6.9,0.0,0.0,0.0,0.0,0.0,20.4,23.6,41.4,26.7,-128.7,-0.7,0.0,0.0,0.0,1.0,0.0,0.0,1.0,1.0,90.0,90.0,0
2025-04-14 11:03:38,10.07,9.86,0.1,0.1,6.9,0.0,0.0,0.0,0.0,0.0,20.4,23.6,41.4,26.7,-128.7,-0.7,0.0,0.0,0.0,1.0,0.0,0.0,1.0,1.0,90.0,90.0,0
2025-04-14 11:03:39,10.07,9.84,0.1,0.1,6.7,0.0,0.0,0.0,0.0,0.0,20.4,23.6,41.4,26.7,-128.7,-0.7,0.0,0.0,0.0,1.0,0.0,0.0,1.0,1.0,90.0,90.0,0
2025-04-14 11:03:40,10.08,9.86,0.1,0.1,6.7,0.0,0.0,0.0,0.0,0.0,20.4,23.6,41.4,26.7,-128.7,-0.7,0.0,0.0,0.0,1.0,0.0,0.0,1.0,1.0,90.0,90.0,0
2025-04-14 11:03:41,10.08,9.84,0.1,0.1,6.9,0.0,0.0,0.0,0.0,0.0,20.4,23.6,41.4,26.7,-128.7,-0.7,0.0,0.0,0.0,1.0,0.0,0.0,1.0,1.0,90.0,90.0,0
2025-04-14 11:03:42,10.1,9.86,0.1,0.1,6.7,0.0,0.0,0.0,0.0,0.0,20.4,23.6,41.4,26.7,-128.7,-0.7,0.0,0.0,0.0,1.0,0.0,0.0,1.0,1.0,90.0,90.0,0
2025-04-14 11:03:43,10.1,9.84,0.1,0.1,7.3,0.0,0.0,0.0,0.0,0.0,20.4,23.6,41.4,26.7,-128.7,-0.7,0.0,0.0,0.0,1.0,0.0,0.0,1.0,1.0,90.0,90.0,0
2025-04-14 11:03:44,10.08,9.85,0.1,0.1,6.5,0.0,0.0,0.0,0.0,0.0,20.4,23.6,41.4,26.7,-128.7,-0.7,0.0,0.0,0.0,1.0,0.0,0.0,1.0,1.0,90.0,90.0,0
2025-04-14 11:03:45,10.1,9.86,0.1,0.1,7.3,0.0,0.0,0.0,0.0,0.0,20.4,23.6,41.4,26.7,-128.7,-0.7,0.0,0.0,0.0,1.0,0.0,0.0,1.0,1.0,90.0,90.0,0
2025-04-14 11:03:46,10.1,9.85,0.1,0.1,6.5,0.0,0.0,0.0,0.0,0.0,20.4,23.6,41.5,26.7,-128.7,-0.7,0.0,0.0,0.0,1.0,0.0,0.0,1.0,1.0,90.0,90.0,0
2025-04-14 11:03:47,10.1,9.87,0.1,0.1,6.8,0.0,0.0,0.0,0.0,0.0,20.4,23.6,41.5,26.7,-128.7,-0.7,0.0,0.0,0.0,1.0,0.0,0.0,1.0,1.0,90.0,90.0,0
2025-04-14 11:03:48,10.1,9.84,0.1,0.1,6.5,0.0,0.0,0.0,0.0,0.0,20.4,23.6,41.5,26.7,-128.7,-0.7,0.0,0.0,0.0,1.0,0.0,0.0,1.0,1.0,90.0,90.0,0
2025-04-14 11:03:49,10.08,9.86,0.1,0.1,6.5,0.0,0.0,0.0,0.0,0.0,20.4,23.6,41.5,26.7,-128.7,-0.7,0.0,0.0,0.0,1.0,0.0,0.0,1.0,1.0,90.0,90.0,0
2025-04-14 11:03:50,10.07,9.84,0.1,0.1,6.0,0.0,0.0,0.0,0.0,0.0,20.4,23.6,41.5,26.7,-128.7,-0.7,0.0,0.0,0.0,1.0,0.0,0.0,1.0,1.0,90.0,90.0,0
2025-04-14 11:03:51,10.08,9.87,0.1,0.1,6.6,0.0,0.0,0.0,0.0,0.0,20.4,23.6,41.5,26.7,-128.7,-0.8,0.0,0.0,0.0,1.0,0.0,0.0,1.0,1.0,90.0,90.0,0
2025-04-14 11:03:52,10.07,9.84,0.1,0.1,6.3,0.0,0.0,0.0,0.0,0.0,20.4,23.6,41.5,26.7,-128.7,-0.7,0.0,0.0,0.0,1.0,0.0,0.0,1.0,1.0,90.0,90.0,0
2025-04-14 11:03:53,10.08,9.86,0.1,0.1,7.0,0.0,0.0,0.0,0.0,0.0,20.4,23.6,41.5,26.7,-128.7,-0.8,0.0,0.0,0.0,1.0,0.0,0.0,1.0,1.0,90.0,90.0,0
2025-04-14 11:03:54,10.08,9.85,0.1,0.1,6.4,0.0,0.0,0.0,0.0,0.0,20.4,23.6,41.5,26.7,-128.7,-0.7,0.0,0.0,0.0,1.0,0.0,0.0,1.0,1.0,90.0,90.0,0
2025-04-14 11:03:55,10.08,9.85,0.1,0.1,6.8,0.0,0.0,0.0,0.0,0.0,20.4,23.6,41.5,26.7,-128.7,-0.8,0.0,0.0,0.0,1.0,0.0,0.0,1.0,1.0,90.0,90.0,0
2025-04-14 11:03:56,10.08,9.85,0.1,0.1,6.5,0.0,0.0,0.0,0.0,0.0,20.4,23.6,41.5,26.7,-128.7,-0.7,0.0,0.0,0.0,1.0,0.0,0.0,1.0,1.0,90.0,90.0,0
2025-04-14 11:03:57,10.1,9.85,0.1,0.1,6.5,0.0,0.0,0.0,0.0,0.0,20.4,23.6,41.5,26.7,-128.7,-0.7,0.0,0.0,0.0,1.0,0.0,0.0,1.0,1.0,90.0,90.0,0
2025-04-14 11:03:58,10.1,9.85,0.1,0.1,6.2,0.0,0.0,0.0,0.0,0.0,20.4,23.6,41.5,26.7,-128.7,-0.7,0.0,0.0,0.0,1.0,0.0,0.0,1.0,1.0,90.0,90.0,0
2025-04-14 11:03:59,10.1,9.85,0.1,0.1,7.1,0.0,0.0,0.0,0.0,0.0,20.4,23.6,41.4,26.7,-128.7,-0.7,0.0,0.0,0.0,1.0,0.0,0.0,1.0,1.0,90.0,90.0,0
2025-04-14 11:04:00,10.1,9.85,0.1,0.1,6.2,0.0,0.0,0.0,0.0,0.0,20.4,23.6,41.4,26.7,-128.7,-0.7,0.0,0.0,0.0,1.0,0.0,0.0,1.0,1.0,90.0,90.0,0
2025-04-14 11:04:01,10.1,9.84,0.1,0.1,6.5,0.0,0.0,0.0,0.0,0.0,20.4,23.6,41.4,26.7,-128.7,-0.7,0.0,0.0,0.0,1.0,0.0,0.0,1.0,1.0,90.0,90.0,0
2025-04-14 11:04:02,10.1,9.86,0.1,0.1,6.3,0.0,0.0,0.0,0.0,0.0,20.4,23.6,41.4,26.7,-128.7,-0.7,0.0,0.0,0.0,1.0,0.0,0.0,1.0,1.0,90.0,90.0,0
2025-04-14 11:04:03,10.1,9.85,0.1,0.1,6.6,0.0,0.0,0.0,0.0,0.0,20.4,23.6,41.4,26.7,-128.7,-0.7,0.0,0.0,0.0,1.0,0.0,0.0,1.0,1.0,90.0,90.0,0
2025-04-14 11:04:04,10.1,9.87,0.1,0.1,6.3,0.0,0.0,0.0,0.0,0.0,20.4,23.6,41.4,26.7,-128.7,-0.7,0.0,0.0,0.0,1.0,0.0,0.0,1.0,1.0,90.0,90.0,0
2025-04-14 11:04:05,10.08,9.85,0.1,0.1,6.4,0.0,0.0,0.0,0.0,0.0,20.4,23.6,41.4,26.7,-128.7,-0.7,0.0,0.0,0.0,1.0,0.0,0.0,1.0,1.0,90.0,90.0,0
2025-04-14 11:04:06,10.08,9.86,0.1,0.1,6.3,0.0,0.0,0.0,0.0,0.0,20.4,23.6,41.4,26.7,-128.7,-0.7,0.0,0.0,0.0,1.0,0.0,0.0,1.0,1.0,90.0,90.0,0
2025-04-14 11:04:07,10.08,9.85,0.1,0.1,6.8,0.0,0.0,0.0,0.0,0.0,20.4,23.6,41.4,26.7,-128.7,-0.7,0.0,0.0,0.0,1.0,0.0,0.0,1.0,1.0,90.0,90.0,0
2025-04-14 11:04:08,10.07,9.87,0.1,0.1,6.3,0.0,0.0,0.0,0.0,0.0,20.4,23.6,41.4,26.6,-128.7,-0.9,0.0,0.0,0.0,1.0,0.0,0.0,1.0,1.0,90.0,90.0,0
2025-04-14 11:04:09,10.08,9.85,0.1,0.1,6.7,0.0,0.0,0.0,0.0,0.0,20.4,23.6,41.4,26.6,-128.7,-0.8,0.0,0.0,0.0,1.0,0.0,0.0,1.0,1.0,90.0,90.0,0
2025-04-14 11:04:10,10.1,9.86,0.1,0.1,6.9,0.0,0.0,0.0,0.0,0.0,20.4,23.6,41.4,26.6,-128.7,-0.8,0.0,0.0,0.0,1.0,0.0,0.0,1.0,1.0,90.0,90.0,0
2025-04-14 11:04:11,10.1,9.85,0.1,0.1,6.9,0.0,0.0,0.0,0.0,0.0,20.4,23.6,41.4,26.6,-128.7,-0.8,0.0,0.0,0.0,1.0,0.0,0.0,1.0,1.0,90.0,90.0,0
2025-04-14 11:04:12,10.1,9.86,0.1,0.1,6.1,0.0,0.0,0.0,0.0,0.0,20.4,23.6,41.4,26.6,-128.7,-0.9,0.0,0.0,0.0,1.0,0.0,0.0,1.0,1.0,90.0,90.0,0
2025-04-14 11:04:13,10.11,9.85,0.1,0.1,6.9,0.0,0.0,0.0,0.0,0.0,20.4,23.6,41.4,26.6,-128.7,-0.8,0.0,0.0,0.0,1.0,0.0,0.0,1.0,1.0,90.0,90.0,0
2025-04-14 11:04:14,10.1,9.85,0.1,0.1,6.2,0.0,0.0,0.0,0.0,0.0,20.4,23.6,41.4,26.6,-128.7,-0.8,0.0,0.0,0.0,1.0,0.0,0.0,1.0,1.0,90.0,90.0,0
2025-04-14 11:04:15,10.1,9.86,0.1,0.1,6.2,0.0,0.0,0.0,0.0,0.0,20.4,23.6,41.4,26.6,-128.7,-0.8,0.0,0.0,0.0,1.0,0.0,0.0,1.0,1.0,90.0,90.0,0
2025-04-14 11:04:16,10.1,9.86,0.1,0.1,6.7,0.0,0.0,0.0,0.0,0.0,20.4,23.6,41.4,26.6,-128.7,-0.8,0.0,0.0,0.0,1.0,0.0,0.0,1.0,1.0,90.0,90.0,0
2025-04-14 11:04:17,10.08,9.86,0.1,0.1,6.8,0.0,0.0,0.0,0.0,0.0,20.4,23.6,41.4,26.6,-128.7,-0.8,0.0,0.0,0.0,1.0,0.0,0.0,1.0,1.0,90.0,90.0,0
2025-04-14 11:04:18,10.08,9.85,0.1,0.1,6.7,0.0,0.0,0.0,0.0,0.0,20.4,23.6,41.4,26.6,-128.7,-0.8,0.0,0.0,0.0,1.0,0.0,0.0,1.0,1.0,90.0,90.0,0
2025-04-14 11:04:19,10.07,9.87,0.1,0.1,6.7,0.0,0.0,0.0,0.0,0.0,20.4,23.6,41.4,26.6,-128.7,-0.8,0.0,0.0,0.0,1.0,0.0,0.0,1.0,1.0,90.0,90.0,0
2025-04-14 11:04:20,10.08,9.85,0.1,0.1,6.6,0.0,0.0,0.0,0.0,0.0,20.4,23.6,41.4,26.6,-128.7,-0.8,0.0,0.0,0.0,1.0,0.0,0.0,1.0,1.0,90.0,90.0,0
2025-04-14 11:04:21,10.08,9.87,0.1,0.1,7.0,0.0,0.0,0.0,0.0,0.0,20.4,23.6,41.4,26.6,-128.7,-0.9,0.0,0.0,0.0,1.0,0.0,0.0,1.0,1.0,90.0,90.0,0
2025-04-14 11:04:22,10.08,9.85,0.1,0.1,6.6,0.0,0.0,0.0,0.0,0.0,20.4,23.6,41.4,26.6,-128.7,-0.8,0.0,0.0,0.0,1.0,0.0,0.0,1.0,1.0,90.0,90.0,0
2025-04-14 11:04:23,10.1,9.86,0.1,0.1,6.3,0.0,0.0,0.0,0.0,0.0,20.4,23.6,41.4,26.6,-128.7,-0.9,0.0,0.0,0.0,1.0,0.0,0.0,1.0,1.0,90.0,90.0,0
2025-04-14 11:04:24,10.1,9.84,0.1,0.1,6.7,0.0,0.0,0.0,0.0,0.0,20.4,23.6,41.4,26.6,-128.7,-0.8,0.0,0.0,0.0,1.0,0.0,0.0,1.0,1.0,90.0,90.0,0
2025-04-14 11:04:25,10.1,9.86,0.1,0.1,6.3,0.0,0.0,0.0,0.0,0.0,20.4,23.6,41.4,26.6,-128.7,-0.9,0.0,0.0,0.0,1.0,0.0,0.0,1.0,1.0,90.0,90.0,0
2025-04-14 11:04:26,10.1,9.86,0.1,0.1,6.7,0.0,0.0,0.0,0.0,0.0,20.4,23.6,41.4,26.6,-128.7,-0.8,0.0,0.0,0.0,1.0,0.0,0.0,1.0,1.0,90.0,90.0,0
2025-04-14 11:04:27,10.1,9.85,0.1,0.1,6.5,0.0,0.0,0.0,0.0,0.0,20.4,23.6,41.4,26.6,-128.7,-0.8,0.0,0.0,0.0,1.0,0.0,0.0,1.0,1.0,90.0,90.0,0
2025-04-14 11:04:28,10.1,9.86,0.1,0.1,6.7,0.0,0.0,0.0,0.0,0.0,20.4,23.6,41.4,26.6,-128.7,-0.8,0.0,0.0,0.0,1.0,0.0,0.0,1.0,1.0,90.0,90.0,0
2025-04-14 11:04:29,10.1,9.85,0.1,0.1,6.3,0.0,0.0,0.0,0.0,0.0,20.4,23.6,41.4,26.6,-128.7,-0.8,0.0,0.0,0.0,1.0,0.0,0.0,1.0,1.0,90.0,90.0,0
2025-04-14 11:04:30,10.1,9.87,0.1,0.1,6.7,0.0,0.0,0.0,0.0,0.0,20.4,23.6,41.4,26.6,-128.7,-0.9,0.0,0.0,0.0,1.0,0.0,0.0,1.0,1.0,90.0,90.0,0
2025-04-14 11:04:31,10.08,9.86,0.1,0.1,6.3,0.0,0.0,0.0,0.0,0.0,20.4,23.6,41.4,26.6,-128.7,-0.8,0.0,0.0,0.0,1.0,0.0,0.0,1.0,1.0,90.0,90.0,0
2025-04-14 11:04:32,10.08,9.86,0.1,0.1,6.4,0.0,0.0,0.0,0.0,0.0,20.4,23.6,41.4,26.6,-128.7,-0.9,0.0,0.0,0.0,1.0,0.0,0.0,1.0,1.0,90.0,90.0,0
2025-04-14 11:04:33,10.1,9.87,0.1,0.1,6.3,0.0,0.0,0.0,0.0,0.0,20.4,23.6,41.5,26.6,-128.7,-0.8,0.0,0.0,0.0,1.0,0.0,0.0,1.0,1.0,90.0,90.0,0
2025-04-14 11:04:34,10.1,9.84,0.1,0.1,5.5,0.0,0.0,0.0,0.0,0.0,20.4,23.6,41.5,26.6,-128.7,-0.8,0.0,0.0,0.0,1.0,0.0,0.0,1.0,1.0,90.0,90.0,0
2025-04-14 11:04:35,10.1,9.87,0.1,0.1,6.4,0.0,0.0,0.0,0.0,0.0,20.4,23.6,41.5,26.6,-128.7,-0.9,0.0,0.0,0.0,1.0,0.0,0.0,1.0,1.0,90.0,90.0,0
2025-04-14 11:04:36,10.1,9.85,0.1,0.1,7.0,0.0,0.0,0.0,0.0,0.0,20.4,23.6,41.5,26.6,-128.7,-0.8,0.0,0.0,0.0,1.0,0.0,0.0,1.0,1.0,90.0,90.0,0
2025-04-14 11:04:37,10.1,9.86,0.1,0.1,6.2,0.0,0.0,0.0,0.0,0.0,20.4,23.6,41.5,26.6,-128.7,-0.8,0.0,0.0,0.0,1.0,0.0,0.0,1.0,1.0,90.0,90.0,0
2025-04-14 11:04:38,10.08,9.86,0.1,0.1,6.8,0.0,0.0,0.0,0.0,0.0,20.4,23.6,41.6,26.6,-128.7,-0.8,0.0,0.0,0.0,1.0,0.0,0.0,1.0,1.0,90.0,90.0,0
2025-04-14 11:04:39,10.1,9.85,0.1,0.1,6.1,0.0,0.0,0.0,0.0,0.0,20.4,23.6,41.6,26.6,-128.7,-0.8,0.0,0.0,0.0,1.0,0.0,0.0,1.0,1.0,90.0,90.0,0
2025-04-14 11:04:40,10.1,9.87,0.1,0.1,6.4,0.0,0.0,0.0,0.0,0.0,20.4,23.6,41.6,26.6,-128.7,-0.9,0.0,0.0,0.0,1.0,0.0,0.0,1.0,1.0,90.0,90.0,0
2025-04-14 11:04:41,10.1,9.86,0.1,0.1,6.4,0.0,0.0,0.0,0.0,0.0,20.4,23.6,41.6,26.6,-128.7,-0.8,0.0,0.0,0.0,1.0,0.0,0.0,1.0,1.0,90.0,90.0,0
2025-04-14 11:04:42,10.1,9.87,0.1,0.1,6.3,0.0,0.0,0.0,0.0,0.0,20.4,23.6,41.6,26.6,-128.7,-0.9,0.0,0.0,0.0,1.0,0.0,0.0,1.0,1.0,90.0,90.0,0
2025-04-14 11:04:43,10.1,9.87,0.1,0.1,5.7,0.0,0.0,0.0,0.0,0.0,20.4,23.6,41.6,26.6,-128.7,-0.9,0.0,0.0,0.0,1.0,0.0,0.0,1.0,1.0,90.0,90.0,0
2025-04-14 11:04:44,10.1,9.86,0.1,0.1,6.8,0.0,0.0,0.0,0.0,0.0,20.4,23.6,41.6,26.6,-128.7,-0.8,0.0,0.0,0.0,1.0,0.0,0.0,1.0,1.0,90.0,90.0,0
2025-04-14 11:04:45,10.1,9.87,0.1,0.1,6.2,0.0,0.0,0.0,0.0,0.0,20.4,23.6,41.6,26.6,-128.7,-0.9,0.0,0.0,0.0,1.0,0.0,0.0,1.0,1.0,90.0,90.0,0
2025-04-14 11:04:46,10.1,9.85,0.1,0.1,6.4,0.0,0.0,0.0,0.0,0.0,20.4,23.6,41.6,26.6,-128.7,-0.8,0.0,0.0,0.0,1.0,0.0,0.0,1.0,1.0,90.0,90.0,0
2025-04-14 11:04:47,10.1,9.86,0.1,0.1,6.4,0.0,0.0,0.0,0.0,0.0,20.4,23.6,41.6,26.6,-128.7,-0.9,0.0,0.0,0.0,1.0,0.0,0.0,1.0,1.0,90.0,90.0,0
2025-04-14 11:04:48,10.1,9.86,0.1,0.1,6.4,0.0,0.0,0.0,0.0,0.0,20.4,23.6,41.6,26.6,-128.7,-0.8,0.0,0.0,0.0,1.0,0.0,0.0,1.0,1.0,90.0,90.0,0
2025-04-14 11:04:49,10.11,9.85,0.1,0.1,6.6,0.0,0.0,0.0,0.0,0.0,20.4,23.6,41.7,26.6,-128.7,-0.8,0.0,0.0,0.0,1.0,0.0,0.0,1.0,1.0,90.0,90.0,0
2025-04-14 11:04:50,10.1,9.87,0.1,0.1,6.4,0.0,0.0,0.0,0.0,0.0,20.4,23.6,41.7,26.6,-128.7,-0.8,0.0,0.0,0.0,1.0,0.0,0.0,1.0,1.0,90.0,90.0,0
2025-04-14 11:04:51,10.11,9.85,0.1,0.1,6.7,0.0,0.0,0.0,0.0,0.0,20.4,23.6,41.7,26.6,-128.7,-0.8,0.0,0.0,0.0,1.0,0.0,0.0,1.0,1.0,90.0,90.0,0
2025-04-14 11:04:52,10.1,9.87,0.1,0.1,6.5,0.0,0.0,0.0,0.0,0.0,20.4,23.6,41.7,26.6,-128.7,-0.9,0.0,0.0,0.0,1.0,0.0,0.0,1.0,1.0,90.0,90.0,0
2025-04-14 11:04:53,10.1,9.86,0.1,0.1,6.9,0.0,0.0,0.0,0.0,0.0,20.4,23.6,41.7,26.6,-128.7,-0.8,0.0,0.0,0.0,1.0,0.0,0.0,1.0,1.0,90.0,90.0,0
2025-04-14 11:04:54,10.08,9.87,0.1,0.1,5.6,0.0,0.0,0.0,0.0,0.0,20.4,23.6,41.7,26.6,-128.7,-0.9,0.0,0.0,0.0,1.0,0.0,0.0,1.0,1.0,90.0,90.0,0
2025-04-14 11:04:55,10.1,9.87,0.1,0.1,6.5,0.0,0.0,0.0,0.0,0.0,20.4,23.6,41.7,26.6,-128.7,-0.8,0.0,0.0,0.0,1.0,0.0,0.0,1.0,1.0,90.0,90.0,0
2025-04-14 11:04:56,10.1,9.86,0.1,0.1,6.2,0.0,0.0,0.0,0.0,0.0,20.4,23.6,41.7,26.6,-128.7,-0.9,0.0,0.0,0.0,1.0,0.0,0.0,1.0,1.0,90.0,90.0,0
2025-04-14 11:04:57,10.11,9.87,0.1,0.1,6.9,0.0,0.0,0.0,0.0,0.0,20.4,23.6,41.8,26.6,-128.7,-0.9,0.0,0.0,0.0,1.0,0.0,0.0,1.0,1.0,90.0,90.0,0
2025-04-14 11:04:58,10.11,9.85,0.1,0.1,6.1,0.0,0.0,0.0,0.0,0.0,20.4,23.6,41.8,26.6,-128.7,-0.9,0.0,0.0,0.0,1.0,0.0,0.0,1.0,1.0,90.0,90.0,0
2025-04-14 11:04:59,10.11,9.87,0.1,0.1,6.9,0.0,0.0,0.0,0.0,0.0,20.4,23.6,41.8,26.6,-128.7,-0.9,0.0,0.0,0.0,1.0,0.0,0.0,1.0,1.0,90.0,90.0,0
2025-04-14 11:05:00,10.08,9.87,0.1,0.1,5.8,0.0,0.0,0.0,0.0,0.0,20.4,23.6,41.8,26.6,-128.7,-0.8,0.0,0.0,0.0,1.0,0.0,0.0,1.0,1.0,90.0,90.0,0
2025-04-14 11:05:01,10.08,9.87,0.1,0.1,5.6,0.0,0.0,0.0,0.0,0.0,20.4,23.6,41.8,26.6,-128.7,-0.9,0.0,0.0,0.0,1.0,0.0,0.0,1.0,1.0,90.0,90.0,0
2025-04-14 11:05:02,10.08,9.87,0.1,0.1,6.3,0.0,0.0,0.0,0.0,0.0,20.4,23.6,41.8,26.6,-128.7,-0.8,0.0,0.0,0.0,1.0,0.0,0.0,1.0,1.0,90.0,90.0,0
2025-04-14 11:05:03,10.1,9.86,0.1,0.1,7.0,0.0,0.0,0.0,0.0,0.0,20.4,23.6,41.8,26.6,-128.7,-0.9,0.0,0.0,0.0,1.0,0.0,0.0,1.0,1.0,90.0,90.0,0
2025-04-14 11:05:04,10.11,9.87,0.1,0.1,5.9,0.0,0.0,0.0,0.0,0.0,20.4,23.6,41.9,26.6,-128.7,-0.9,0.0,0.0,0.0,1.0,0.0,0.0,1.0,1.0,90.0,90.0,0
2025-04-14 11:05:05,10.11,9.87,0.1,0.1,6.6,0.0,0.0,0.0,0.0,0.0,20.4,23.6,41.9,26.6,-128.7,-0.9,0.0,0.0,0.0,1.0,0.0,0.0,1.0,1.0,90.0,90.0,0
2025-04-14 11:05:06,10.11,9.87,0.1,0.1,6.4,0.0,0.0,0.0,0.0,0.0,20.4,23.6,41.9,26.6,-128.7,-0.9,0.0,0.0,0.0,1.0,0.0,0.0,1.0,1.0,90.0,90.0,0
2025-04-14 11:05:07,10.1,9.86,0.1,0.1,6.9,0.0,0.0,0.0,0.0,0.0,20.4,23.6,41.9,26.6,-128.7,-0.8,0.0,0.0,0.0,1.0,0.0,0.0,1.0,1.0,90.0,90.0,0
2025-04-14 11:05:08,10.08,9.87,0.1,0.1,6.2,0.0,0.0,0.0,0.0,0.0,20.4,23.6,41.9,26.6,-128.7,-0.9,0.0,0.0,0.0,1.0,0.0,0.0,1.0,1.0,90.0,90.0,0
2025-04-14 11:05:09,10.08,9.87,0.1,0.1,6.9,0.0,0.0,0.0,0.0,0.0,20.4,23.6,41.9,26.6,-128.7,-0.9,0.0,0.0,0.0,1.0,0.0,0.0,1.0,1.0,90.0,90.0,0
2025-04-14 11:05:10,10.1,9.87,0.1,0.1,6.5,0.0,0.0,0.0,0.0,0.0,20.4,23.6,41.9,26.6,-128.7,-0.9,0.0,0.0,0.0,1.0,0.0,0.0,1.0,1.0,90.0,90.0,0
2025-04-14 11:05:11,10.1,9.87,0.1,0.1,7.0,0.0,0.0,0.0,0.0,0.0,20.4,23.6,41.9,26.6,-128.7,-0.9,0.0,0.0,0.0,1.0,0.0,0.0,1.0,1.0,90.0,90.0,0
2025-04-14 11:05:12,10.11,9.87,0.1,0.1,6.8,0.0,0.0,0.0,0.0,0.0,20.4,23.6,41.9,26.6,-128.7,-0.9,0.0,0.0,0.0,1.0,0.0,0.0,1.0,1.0,90.0,90.0,0
2025-04-14 11:05:13,10.11,9.87,0.1,0.1,6.9,0.0,0.0,0.0,0.0,0.0,20.4,23.6,41.9,26.6,-128.7,-0.9,0.0,0.0,0.0,1.0,0.0,0.0,1.0,1.0,90.0,90.0,0
2025-04-14 11:05:14,10.12,9.88,0.1,0.1,6.3,0.0,0.0,0.0,0.0,0.0,20.4,23.6,41.9,26.6,-128.7,-0.9,0.0,0.0,0.0,1.0,0.0,0.0,1.0,1.0,90.0,90.0,0
2025-04-14 11:05:15,10.11,9.87,0.1,0.1,6.7,0.0,0.0,0.0,0.0,0.0,20.4,23.6,41.9,26.6,-128.7,-0.9,0.0,0.0,0.0,1.0,0.0,0.0,1.0,1.0,90.0,90.0,0
2025-04-14 11:05:16,10.1,9.87,0.1,0.1,6.4,0.0,0.0,0.0,0.0,0.0,20.4,23.6,41.9,26.6,-128.7,-0.9,0.0,0.0,0.0,1.0,0.0,0.0,1.0,1.0,90.0,90.0,0
2025-04-14 11:05:17,10.1,9.86,0.1,0.1,6.9,0.0,0.0,0.0,0.0,0.0,20.4,23.6,41.9,26.6,-128.7,-0.9,0.0,0.0,0.0,1.0,0.0,0.0,1.0,1.0,90.0,90.0,0
2025-04-14 11:05:18,10.08,9.87,0.1,0.1,6.4,0.0,0.0,0.0,0.0,0.0,20.4,23.6,41.9,26.6,-128.7,-0.9,0.0,0.0,0.0,1.0,0.0,0.0,1.0,1.0,90.0,90.0,0
2025-04-14 11:05:19,10.1,9.88,0.1,0.1,6.7,0.0,0.0,0.0,0.0,0.0,20.4,23.6,41.9,26.6,-128.7,-0.9,0.0,0.0,0.0,1.0,0.0,0.0,1.0,1.0,90.0,90.0,0
2025-04-14 11:05:20,10.1,9.87,0.1,0.1,6.1,0.0,0.0,0.0,0.0,0.0,20.4,23.6,41.9,26.6,-128.7,-0.9,0.0,0.0,0.0,1.0,0.0,0.0,1.0,1.0,90.0,90.0,0
2025-04-14 11:05:21,10.11,9.88,0.1,0.1,6.4,0.0,0.0,0.0,0.0,0.0,20.4,23.6,42.0,26.6,-128.7,-0.9,0.0,0.0,0.0,1.0,0.0,0.0,1.0,1.0,90.0,90.0,0
2025-04-14 11:05:22,10.12,9.87,0.1,0.1,6.2,0.0,0.0,0.0,0.0,0.0,20.4,23.6,42.0,26.6,-128.7,-0.9,0.0,0.0,0.0,1.0,0.0,0.0,1.0,1.0,90.0,90.0,0
2025-04-14 11:05:23,10.11,9.87,0.1,0.1,6.7,0.0,0.0,0.0,0.0,0.0,20.4,23.6,42.0,26.6,-128.7,-0.9,0.0,0.0,0.0,1.0,0.0,0.0,1.0,1.0,90.0,90.0,0
2025-04-14 11:05:24,10.1,9.88,0.1,0.1,6.4,0.0,0.0,0.0,0.0,0.0,20.4,23.6,42.0,26.6,-128.7,-0.9,0.0,0.0,0.0,1.0,0.0,0.0,1.0,1.0,90.0,90.0,0
2025-04-14 11:05:25,10.1,9.87,0.1,0.1,6.7,0.0,0.0,0.0,0.0,0.0,20.4,23.6,42.0,26.6,-128.7,-0.9,0.0,0.0,0.0,1.0,0.0,0.0,1.0,1.0,90.0,90.0,0
2025-04-14 11:05:26,10.1,9.88,0.1,0.1,6.3,0.0,0.0,0.0,0.0,0.0,20.4,23.6,42.0,26.6,-128.7,-0.9,0.0,0.0,0.0,1.0,0.0,0.0,1.0,1.0,90.0,90.0,0
2025-04-14 11:05:27,10.11,9.87,0.1,0.1,6.3,0.0,0.0,0.0,0.0,0.0,20.4,23.6,42.0,26.6,-128.7,-0.9,0.0,0.0,0.0,1.0,0.0,0.0,1.0,1.0,90.0,90.0,0
2025-04-14 11:05:28,10.12,9.88,0.1,0.1,6.1,0.0,0.0,0.0,0.0,0.0,20.4,23.6,42.0,26.6,-128.7,-0.9,0.0,0.0,0.0,1.0,0.0,0.0,1.0,1.0,90.0,90.0,0
2025-04-14 11:05:29,10.11,9.87,0.1,0.1,6.2,0.0,0.0,0.0,0.0,0.0,20.4,23.6,42.0,26.6,-128.7,-0.9,0.0,0.0,0.0,1.0,0.0,0.0,1.0,1.0,90.0,90.0,0
2025-04-14 11:05:30,10.11,9.87,0.1,0.1,6.5,0.0,0.0,0.0,0.0,0.0,20.4,23.6,42.1,26.6,-128.7,-0.9,0.0,0.0,0.0,1.0,0.0,0.0,1.0,1.0,90.0,90.0,0
2025-04-14 11:05:31,10.1,9.87,0.1,0.1,6.0,0.0,0.0,0.0,0.0,0.0,20.4,23.6,42.1,26.6,-128.7,-0.9,0.0,0.0,0.0,1.0,0.0,0.0,1.0,1.0,90.0,90.0,0
2025-04-14 11:05:32,10.1,9.87,0.1,0.1,6.6,0.0,0.0,0.0,0.0,0.0,20.4,23.6,42.1,26.5,-128.7,-0.9,0.0,0.0,0.0,1.0,0.0,0.0,1.0,1.0,90.0,90.0,0
2025-04-14 11:05:33,10.1,9.87,0.1,0.1,5.9,0.0,0.0,0.0,0.0,0.0,20.4,23.6,42.1,26.5,-128.7,-1.0,0.0,0.0,0.0,1.0,0.0,0.0,1.0,1.0,90.0,90.0,0
2025-04-14 11:05:34,10.12,9.88,0.1,0.1,7.2,0.0,0.0,0.0,0.0,0.0,20.4,23.6,42.1,26.5,-128.7,-1.0,0.0,0.0,0.0,1.0,0.0,0.0,1.0,1.0,90.0,90.0,0
2025-04-14 11:05:35,10.12,9.87,0.1,0.1,6.5,0.0,0.0,0.0,0.0,0.0,20.4,23.6,42.1,26.5,-128.7,-1.0,0.0,0.0,0.0,1.0,0.0,0.0,1.0,1.0,90.0,90.0,0
2025-04-14 11:05:36,10.12,9.88,0.1,0.1,6.9,0.0,0.0,0.0,0.0,0.0,20.4,23.6,42.2,26.5,-128.7,-1.0,0.0,0.0,0.0,1.0,0.0,0.0,1.0,1.0,90.0,90.0,0
2025-04-14 11:05:37,10.12,9.87,0.1,0.1,6.2,0.0,0.0,0.0,0.0,0.0,20.4,23.6,42.2,26.5,-128.7,-1.0,0.0,0.0,0.0,1.0,0.0,0.0,1.0,1.0,90.0,90.0,0
2025-04-14 11:05:38,10.1,9.88,0.1,0.1,6.8,0.0,0.0,0.0,0.0,0.0,20.4,23.6,42.2,26.5,-128.7,-1.0,0.0,0.0,0.0,1.0,0.0,0.0,1.0,1.0,90.0,90.0,0
2025-04-14 11:05:39,10.1,9.87,0.1,0.1,6.2,0.0,0.0,0.0,0.0,0.0,20.4,23.6,42.2,26.5,-128.7,-1.0,0.0,0.0,0.0,1.0,0.0,0.0,1.0,1.0,90.0,90.0,0
2025-04-14 11:05:40,10.1,9.87,0.1,0.1,6.7,0.0,0.0,0.0,0.0,0.0,20.4,23.6,42.2,26.5,-128.7,-1.0,0.0,0.0,0.0,1.0,0.0,0.0,1.0,1.0,90.0,90.0,0
2025-04-14 11:05:41,10.1,9.88,0.1,0.1,6.5,0.0,0.0,0.0,0.0,0.0,20.4,23.6,42.2,26.5,-128.7,-1.0,0.0,0.0,0.0,1.0,0.0,0.0,1.0,1.0,90.0,90.0,0
2025-04-14 11:05:42,10.12,9.87,0.1,0.1,6.7,0.0,0.0,0.0,0.0,0.0,20.4,23.6,42.2,26.5,-128.7,-1.0,0.0,0.0,0.0,1.0,0.0,0.0,1.0,1.0,90.0,90.0,0
2025-04-14 11:05:43,10.12,9.87,0.1,0.1,7.0,0.0,0.0,0.0,0.0,0.0,20.4,23.6,42.2,26.5,-128.7,-1.0,0.0,0.0,0.0,1.0,0.0,0.0,1.0,1.0,90.0,90.0,0
2025-04-14 11:05:44,10.12,9.87,0.1,0.1,6.6,0.0,0.0,0.0,0.0,0.0,20.4,23.6,42.2,26.5,-128.7,-1.0,0.0,0.0,0.0,1.0,0.0,0.0,1.0,1.0,90.0,90.0,0
2025-04-14 11:05:45,10.11,9.87,0.1,0.1,6.5,0.0,0.0,0.0,0.0,0.0,20.4,23.6,42.2,26.5,-128.7,-1.0,0.0,0.0,0.0,1.0,0.0,0.0,1.0,1.0,90.0,90.0,0
2025-04-14 11:05:46,10.1,9.87,0.1,0.1,5.7,0.0,0.0,0.0,0.0,0.0,20.4,23.6,42.2,26.5,-128.7,-1.0,0.0,0.0,0.0,1.0,0.0,0.0,1.0,1.0,90.0,90.0,0
2025-04-14 11:05:47,10.1,9.87,0.1,0.1,6.7,0.0,0.0,0.0,0.0,0.0,20.4,23.6,42.2,26.5,-128.7,-1.0,0.0,0.0,0.0,1.0,0.0,0.0,1.0,1.0,90.0,90.0,0
2025-04-14 11:05:48,10.1,9.88,0.1,0.1,6.3,0.0,0.0,0.0,0.0,0.0,20.4,23.6,42.2,26.5,-128.7,-1.0,0.0,0.0,0.0,1.0,0.0,0.0,1.0,1.0,90.0,90.0,0
2025-04-14 11:05:49,10.1,9.87,0.1,0.1,6.0,0.0,0.0,0.0,0.0,0.0,20.4,23.6,42.3,26.5,-128.7,-1.0,0.0,0.0,0.0,1.0,0.0,0.0,1.0,1.0,90.0,90.0,0
2025-04-14 11:05:50,10.12,9.87,0.1,0.1,6.0,0.0,0.0,0.0,0.0,0.0,20.4,23.6,42.3,26.5,-128.7,-1.0,0.0,0.0,0.0,1.0,0.0,0.0,1.0,1.0,90.0,90.0,0
2025-04-14 11:05:51,10.12,9.88,0.1,0.1,6.7,0.0,0.0,0.0,0.0,0.0,20.4,23.6,42.3,26.5,-128.7,-1.0,0.0,0.0,0.0,1.0,0.0,0.0,1.0,1.0,90.0,90.0,0
2025-04-14 11:05:52,10.12,9.87,0.1,0.1,6.4,0.0,0.0,0.0,0.0,0.0,20.4,23.6,42.3,26.5,-128.7,-1.0,0.0,0.0,0.0,1.0,0.0,0.0,1.0,1.0,90.0,90.0,0
2025-04-14 11:05:53,10.12,9.88,0.1,0.1,6.7,0.0,0.0,0.0,0.0,0.0,20.4,23.6,42.3,26.5,-128.7,-1.0,0.0,0.0,0.0,1.0,0.0,0.0,1.0,1.0,90.0,90.0,0
2025-04-14 11:05:54,10.11,9.87,0.1,0.1,6.4,0.0,0.0,0.0,0.0,0.0,20.4,23.6,42.3,26.5,-128.7,-1.0,0.0,0.0,0.0,1.0,0.0,0.0,1.0,1.0,90.0,90.0,0
2025-04-14 11:05:55,10.11,9.88,0.1,0.1,6.7,0.0,0.0,0.0,0.0,0.0,20.4,23.6,42.4,26.5,-128.7,-1.0,0.0,0.0,0.0,1.0,0.0,0.0,1.0,1.0,90.0,90.0,0
2025-04-14 11:05:56,10.1,9.87,0.1,0.1,6.3,0.0,0.0,0.0,0.0,0.0,20.4,23.6,42.4,26.5,-128.7,-1.0,0.0,0.0,0.0,1.0,0.0,0.0,1.0,1.0,90.0,90.0,0
2025-04-14 11:05:57,10.11,9.88,0.1,0.1,6.5,0.0,0.0,0.0,0.0,0.0,20.4,23.6,42.4,26.5,-128.7,-1.0,0.0,0.0,0.0,1.0,0.0,0.0,1.0,1.0,90.0,90.0,0
2025-04-14 11:05:58,10.1,9.87,0.1,0.1,6.0,0.0,0.0,0.0,0.0,0.0,20.4,23.6,42.5,26.5,-128.7,-1.0,0.0,0.0,0.0,1.0,0.0,0.0,1.0,1.0,90.0,90.0,0
2025-04-14 11:05:59,10.11,9.89,0.1,0.1,6.8,0.0,0.0,0.0,0.0,0.0,20.4,23.6,42.5,26.5,-128.7,-1.0,0.0,0.0,0.0,1.0,0.0,0.0,1.0,1.0,90.0,90.0,0
2025-04-14 11:06:00,10.12,9.87,0.1,0.1,6.1,0.0,0.0,0.0,0.0,0.0,20.4,23.6,42.5,26.5,-128.7,-1.0,0.0,0.0,0.0,1.0,0.0,0.0,1.0,1.0,90.0,90.0,0
2025-04-14 11:06:01,10.12,9.89,0.1,0.1,6.5,0.0,0.0,0.0,0.0,0.0,20.4,23.6,42.5,26.5,-128.7,-1.0,0.0,0.0,0.0,1.0,0.0,0.0,1.0,1.0,90.0,90.0,0
2025-04-14 11:06:02,10.12,9.88,0.1,0.1,6.5,0.0,0.0,0.0,0.0,0.0,20.4,23.6,42.6,26.5,-128.7,-1.0,0.0,0.0,0.0,1.0,0.0,0.0,1.0,1.0,90.0,90.0,0
2025-04-14 11:06:03,10.12,9.88,0.1,0.1,6.5,0.0,0.0,0.0,0.0,0.0,20.4,23.6,42.6,26.5,-128.7,-1.0,0.0,0.0,0.0,1.0,0.0,0.0,1.0,1.0,90.0,90.0,0
2025-04-14 11:06:04,10.12,9.88,0.1,0.1,7.3,0.0,0.0,0.0,0.0,0.0,20.4,23.6,42.6,26.5,-128.7,-1.0,0.0,0.0,0.0,1.0,0.0,0.0,1.0,1.0,90.0,90.0,0
2025-04-14 11:06:05,10.12,9.87,0.1,0.1,6.4,0.0,0.0,0.0,0.0,0.0,20.4,23.6,42.6,26.5,-128.7,-1.0,0.0,0.0,0.0,1.0,0.0,0.0,1.0,1.0,90.0,90.0,0
2025-04-14 11:06:06,10.12,9.88,0.1,0.1,7.1,0.0,0.0,0.0,0.0,0.0,20.4,23.6,42.6,26.5,-128.7,-1.0,0.0,0.0,0.0,1.0,0.0,0.0,1.0,1.0,90.0,90.0,0
2025-04-14 11:06:07,10.12,9.88,0.1,0.1,6.2,0.0,0.0,0.0,0.0,0.0,20.4,23.6,42.6,26.5,-128.7,-1.0,0.0,0.0,0.0,1.0,0.0,0.0,1.0,1.0,90.0,90.0,0
2025-04-14 11:06:08,10.11,9.88,0.1,0.1,6.7,0.0,0.0,0.0,0.0,0.0,20.4,23.6,42.6,26.5,-128.7,-1.0,0.0,0.0,0.0,1.0,0.0,0.0,1.0,1.0,90.0,90.0,0
2025-04-14 11:06:09,10.11,9.87,0.1,0.1,7.2,0.0,0.0,0.0,0.0,0.0,20.5,23.6,42.6,26.5,-128.7,-1.0,0.0,0.0,0.0,1.0,0.0,0.0,1.0,1.0,90.0,90.0,0
2025-04-14 11:06:10,10.11,9.89,0.1,0.1,6.4,0.0,0.0,0.0,0.0,0.0,20.5,23.6,42.6,26.5,-128.7,-1.0,0.0,0.0,0.0,1.0,0.0,0.0,1.0,1.0,90.0,90.0,0
2025-04-14 11:06:11,10.11,9.87,0.1,0.1,6.8,0.0,0.0,0.0,0.0,0.0,20.5,23.6,42.7,26.5,-128.7,-1.0,0.0,0.0,0.0,1.0,0.0,0.0,1.0,1.0,90.0,90.0,0
2025-04-14 11:06:12,10.1,9.9,0.1,0.1,6.5,0.0,0.0,0.0,0.0,0.0,20.5,23.6,42.7,26.5,-128.7,-1.0,0.0,0.0,0.0,1.0,0.0,0.0,1.0,1.0,90.0,90.0,0
2025-04-14 11:06:13,10.11,9.87,0.1,0.1,6.7,0.0,0.0,0.0,0.0,0.0,20.5,23.6,42.7,26.5,-128.7,-1.0,0.0,0.0,0.0,1.0,0.0,0.0,1.0,1.0,90.0,90.0,0
2025-04-14 11:06:14,10.11,9.89,0.1,0.1,6.9,0.0,0.0,0.0,0.0,0.0,20.5,23.6,42.7,26.5,-128.7,-1.0,0.0,0.0,0.0,1.0,0.0,0.0,1.0,1.0,90.0,90.0,0
2025-04-14 11:06:15,10.11,9.87,0.1,0.1,6.9,0.0,0.0,0.0,0.0,0.0,20.5,23.6,42.7,26.5,-128.7,-1.0,0.0,0.0,0.0,1.0,0.0,0.0,1.0,1.0,90.0,90.0,0
2025-04-14 11:06:16,10.12,9.89,0.1,0.1,6.6,0.0,0.0,0.0,0.0,0.0,20.5,23.6,42.7,26.5,-128.7,-1.0,0.0,0.0,0.0,1.0,0.0,0.0,1.0,1.0,90.0,90.0,0
2025-04-14 11:06:17,10.12,9.87,0.1,0.1,6.4,0.0,0.0,0.0,0.0,0.0,20.5,23.6,42.7,26.5,-128.7,-1.0,0.0,0.0,0.0,1.0,0.0,0.0,1.0,1.0,90.0,90.0,0
2025-04-14 11:06:18,10.12,9.89,0.1,0.1,6.4,0.0,0.0,0.0,0.0,0.0,20.5,23.6,42.7,26.5,-128.7,-1.0,0.0,0.0,0.0,1.0,0.0,0.0,1.0,1.0,90.0,90.0,0
2025-04-14 11:06:19,10.11,9.87,0.1,0.1,6.3,0.0,0.0,0.0,0.0,0.0,20.5,23.6,42.7,26.5,-128.7,-1.0,0.0,0.0,0.0,1.0,0.0,0.0,1.0,1.0,90.0,90.0,0
2025-04-14 11:06:20,10.12,9.89,0.1,0.1,6.5,0.0,0.0,0.0,0.0,0.0,20.5,23.6,42.7,26.5,-128.7,-1.0,0.0,0.0,0.0,1.0,0.0,0.0,1.0,1.0,90.0,90.0,0
2025-04-14 11:06:21,10.12,9.87,0.1,0.1,6.2,0.0,0.0,0.0,0.0,0.0,20.5,23.6,42.8,26.5,-128.7,-1.0,0.0,0.0,0.0,1.0,0.0,0.0,1.0,1.0,90.0,90.0,0
2025-04-14 11:06:22,10.12,9.9,0.1,0.1,6.6,0.0,0.0,0.0,0.0,0.0,20.5,23.6,42.8,26.5,-128.7,-1.0,0.0,0.0,0.0,1.0,0.0,0.0,1.0,1.0,90.0,90.0,0
2025-04-14 11:06:23,10.12,9.87,0.1,0.1,6.3,0.0,0.0,0.0,0.0,0.0,20.5,23.6,42.8,26.5,-128.7,-1.0,0.0,0.0,0.0,1.0,0.0,0.0,1.0,1.0,90.0,90.0,0
2025-04-14 11:06:24,10.13,9.9,0.1,0.1,6.7,0.0,0.0,0.0,0.0,0.0,20.5,23.6,42.9,26.5,-128.7,-1.1,0.0,0.0,0.0,1.0,0.0,0.0,1.0,1.0,90.0,90.0,0
2025-04-14 11:06:25,10.12,9.88,0.1,0.1,6.2,0.0,0.0,0.0,0.0,0.0,20.5,23.6,42.9,26.5,-128.7,-1.0,0.0,0.0,0.0,1.0,0.0,0.0,1.0,1.0,90.0,90.0,0
2025-04-14 11:06:26,10.13,9.9,0.1,0.1,6.6,0.0,0.0,0.0,0.0,0.0,20.5,23.6,42.9,26.5,-128.7,-1.1,0.0,0.0,0.0,1.0,0.0,0.0,1.0,1.0,90.0,90.0,0
2025-04-14 11:06:27,10.13,9.88,0.1,0.1,6.5,0.0,0.0,0.0,0.0,0.0,20.5,23.6,42.9,26.5,-128.7,-1.0,0.0,0.0,0.0,1.0,0.0,0.0,1.0,1.0,90.0,90.0,0
2025-04-14 11:06:28,10.12,9.9,0.1,0.1,6.8,0.0,0.0,0.0,0.0,0.0,20.5,23.6,42.9,26.5,-128.7,-1.1,0.0,0.0,0.0,1.0,0.0,0.0,1.0,1.0,90.0,90.0,0
2025-04-14 11:06:29,10.12,9.88,0.1,0.1,6.4,0.0,0.0,0.0,0.0,0.0,20.5,23.6,42.9,26.5,-128.7,-1.0,0.0,0.0,0.0,1.0,0.0,0.0,1.0,1.0,90.0,90.0,0
2025-04-14 11:06:30,10.12,9.9,0.1,0.1,7.5,0.0,0.0,0.0,0.0,0.0,20.5,23.6,42.9,26.5,-128.7,-1.1,0.0,0.0,0.0,1.0,0.0,0.0,1.0,1.0,90.0,90.0,0
2025-04-14 11:06:31,10.11,9.89,0.1,0.1,6.7,0.0,0.0,0.0,0.0,0.0,20.5,23.6,42.9,26.5,-128.7,-1.0,0.0,0.0,0.0,1.0,0.0,0.0,1.0,1.0,90.0,90.0,0
2025-04-14 11:06:32,10.11,9.9,0.1,0.1,6.7,0.0,0.0,0.0,0.0,0.0,20.5,23.6,42.9,26.5,-128.7,-1.0,0.0,0.0,0.0,1.0,0.0,0.0,1.0,1.0,90.0,90.0,0
2025-04-14 11:06:33,10.11,9.88,0.1,0.1,6.2,0.0,0.0,0.0,0.0,0.0,20.5,23.6,42.9,26.5,-128.7,-1.0,0.0,0.0,0.0,1.0,0.0,0.0,1.0,1.0,90.0,90.0,0
2025-04-14 11:06:34,10.12,9.89,0.1,0.1,6.9,0.0,0.0,0.0,0.0,0.0,20.5,23.6,42.9,26.5,-128.7,-1.1,0.0,0.0,0.0,1.0,0.0,0.0,1.0,1.0,90.0,90.0,0
2025-04-14 11:06:35,10.12,9.89,0.1,0.1,6.3,0.0,0.0,0.0,0.0,0.0,20.5,23.6,42.9,26.5,-128.7,-1.0,0.0,0.0,0.0,1.0,0.0,0.0,1.0,1.0,90.0,90.0,0
2025-04-14 11:06:36,10.12,9.89,0.1,0.1,6.8,0.0,0.0,0.0,0.0,0.0,20.5,23.6,42.9,26.5,-128.7,-1.0,0.0,0.0,0.0,1.0,0.0,0.0,1.0,1.0,90.0,90.0,0
2025-04-14 11:06:37,10.12,9.89,0.1,0.1,6.7,0.0,0.0,0.0,0.0,0.0,20.5,23.6,42.9,26.5,-128.7,-1.0,0.0,0.0,0.0,1.0,0.0,0.0,1.0,1.0,90.0,90.0,0
2025-04-14 11:06:38,10.13,9.89,0.1,0.1,6.2,0.0,0.0,0.0,0.0,0.0,20.5,23.6,42.9,26.5,-128.7,-1.0,0.0,0.0,0.0,1.0,0.0,0.0,1.0,1.0,90.0,90.0,0
2025-04-14 11:06:39,10.13,9.89,0.1,0.1,6.7,0.0,0.0,0.0,0.0,0.0,20.5,23.6,42.9,26.5,-128.7,-1.0,0.0,0.0,0.0,1.0,0.0,0.0,1.0,1.0,90.0,90.0,0
2025-04-14 11:06:40,10.13,9.89,0.1,0.1,6.2,0.0,0.0,0.0,0.0,0.0,20.5,23.6,42.9,26.5,-128.7,-1.1,0.0,0.0,0.0,1.0,0.0,0.0,1.0,1.0,90.0,90.0,0
2025-04-14 11:06:41,10.12,9.88,0.1,0.1,7.1,0.0,0.0,0.0,0.0,0.0,20.5,23.6,42.9,26.5,-128.7,-1.0,0.0,0.0,0.0,1.0,0.0,0.0,1.0,1.0,90.0,90.0,0
2025-04-14 11:06:42,10.13,9.89,0.1,0.1,6.3,0.0,0.0,0.0,0.0,0.0,20.5,23.6,42.9,26.5,-128.7,-1.1,0.0,0.0,0.0,1.0,0.0,0.0,1.0,1.0,90.0,90.0,0
2025-04-14 11:06:43,10.13,9.9,0.1,0.1,6.9,0.0,0.0,0.0,0.0,0.0,20.5,23.6,43.0,26.5,-128.7,-1.0,0.0,0.0,0.0,1.0,0.0,0.0,1.0,1.0,90.0,90.0,0
2025-04-14 11:06:44,10.13,9.89,0.1,0.1,6.3,0.0,0.0,0.0,0.0,0.0,20.5,23.6,43.0,26.5,-128.7,-1.1,0.0,0.0,0.0,1.0,0.0,0.0,1.0,1.0,90.0,90.0,0
2025-04-14 11:06:45,10.14,9.9,0.1,0.1,6.6,0.0,0.0,0.0,0.0,0.0,20.5,23.6,43.0,26.5,-128.7,-1.0,0.0,0.0,0.0,1.0,0.0,0.0,1.0,1.0,90.0,90.0,0
2025-04-14 11:06:46,10.12,9.89,0.1,0.1,6.2,0.0,0.0,0.0,0.0,0.0,20.5,23.6,43.0,26.5,-128.7,-1.0,0.0,0.0,0.0,1.0,0.0,0.0,1.0,1.0,90.0,90.0,0
2025-04-14 11:06:47,10.12,9.9,0.1,0.1,6.2,0.0,0.0,0.0,0.0,0.0,20.5,23.6,43.0,26.5,-128.7,-1.1,0.0,0.0,0.0,1.0,0.0,0.0,1.0,1.0,90.0,90.0,0
2025-04-14 11:06:48,10.12,9.88,0.1,0.1,6.7,0.0,0.0,0.0,0.0,0.0,20.5,23.6,43.0,26.5,-128.7,-1.1,0.0,0.0,0.0,1.0,0.0,0.0,1.0,1.0,90.0,90.0,0
2025-04-14 11:06:49,10.13,9.9,0.1,0.1,6.3,0.0,0.0,0.0,0.0,0.0,20.5,23.6,43.0,26.5,-128.7,-1.1,0.0,0.0,0.0,1.0,0.0,0.0,1.0,1.0,90.0,90.0,0
2025-04-14 11:06:50,10.12,9.89,0.1,0.1,6.8,0.0,0.0,0.0,0.0,0.0,20.5,23.6,43.0,26.5,-128.7,-1.1,0.0,0.0,0.0,1.0,0.0,0.0,1.0,1.0,90.0,90.0,0
2025-04-14 11:06:51,10.12,9.91,0.1,0.1,6.3,0.0,0.0,0.0,0.0,0.0,20.5,23.6,43.0,26.5,-128.7,-1.1,0.0,0.0,0.0,1.0,0.0,0.0,1.0,1.0,90.0,90.0,0
2025-04-14 11:06:52,10.12,9.89,0.1,0.1,6.9,0.0,0.0,0.0,0.0,0.0,20.5,23.6,43.0,26.5,-128.7,-1.0,0.0,0.0,0.0,1.0,0.0,0.0,1.0,1.0,90.0,90.0,0
2025-04-14 11:06:53,10.12,9.9,0.1,0.1,6.9,0.0,0.0,0.0,0.0,0.0,20.5,23.6,43.0,26.5,-128.7,-1.1,0.0,0.0,0.0,1.0,0.0,0.0,1.0,1.0,90.0,90.0,0
2025-04-14 11:06:54,10.13,9.89,0.1,0.1,6.5,0.0,0.0,0.0,0.0,0.0,20.5,23.6,43.1,26.5,-128.7,-1.0,0.0,0.0,0.0,1.0,0.0,0.0,1.0,1.0,90.0,90.0,0
2025-04-14 11:06:55,10.13,9.9,0.1,0.1,7.2,0.0,0.0,0.0,0.0,0.0,20.5,23.6,43.1,26.5,-128.7,-1.1,0.0,0.0,0.0,1.0,0.0,0.0,1.0,1.0,90.0,90.0,0
2025-04-14 11:06:56,10.14,9.89,0.1,0.1,6.3,0.0,0.0,0.0,0.0,0.0,20.5,23.6,43.1,26.5,-128.7,-1.0,0.0,0.0,0.0,1.0,0.0,0.0,1.0,1.0,90.0,90.0,0
2025-04-14 11:06:57,10.13,9.9,0.1,0.1,6.9,0.0,0.0,0.0,0.0,0.0,20.5,23.6,43.1,26.5,-128.7,-1.1,0.0,0.0,0.0,1.0,0.0,0.0,1.0,1.0,90.0,90.0,0
2025-04-14 11:06:58,10.13,9.9,0.1,0.1,6.1,0.0,0.0,0.0,0.0,0.0,20.5,23.6,43.1,26.5,-128.7,-1.0,0.0,0.0,0.0,1.0,0.0,0.0,1.0,1.0,90.0,90.0,0
2025-04-14 11:06:59,10.14,9.9,0.1,0.1,6.8,0.0,0.0,0.0,0.0,0.0,20.5,23.6,43.1,26.5,-128.7,-1.1,0.0,0.0,0.0,1.0,0.0,0.0,1.0,1.0,90.0,90.0,0
2025-04-14 11:07:00,10.13,9.89,0.1,0.1,6.3,0.0,0.0,0.0,0.0,0.0,20.5,23.6,43.2,26.5,-128.7,-1.0,0.0,0.0,0.0,1.0,0.0,0.0,1.0,1.0,90.0,90.0,0
2025-04-14 11:07:01,10.12,9.9,0.1,0.1,7.0,0.0,0.0,0.0,0.0,0.0,20.5,23.6,43.2,26.5,-128.7,-1.1,0.0,0.0,0.0,1.0,0.0,0.0,1.0,1.0,90.0,90.0,0
2025-04-14 11:07:02,10.13,9.9,0.1,0.1,6.0,0.0,0.0,0.0,0.0,0.0,20.5,23.6,43.2,26.5,-128.7,-1.0,0.0,0.0,0.0,1.0,0.0,0.0,1.0,1.0,90.0,90.0,0
2025-04-14 11:07:03,10.13,9.9,0.1,0.1,6.5,0.0,0.0,0.0,0.0,0.0,20.5,23.6,43.2,26.5,-128.7,-1.1,0.0,0.0,0.0,1.0,0.0,0.0,1.0,1.0,90.0,90.0,0
2025-04-14 11:07:04,10.12,9.9,0.1,0.1,6.6,0.0,0.0,0.0,0.0,0.0,20.5,23.6,43.2,26.5,-128.7,-1.0,0.0,0.0,0.0,1.0,0.0,0.0,1.0,1.0,90.0,90.0,0
2025-04-14 11:07:05,10.12,9.89,0.1,0.1,6.4,0.0,0.0,0.0,0.0,0.0,20.5,23.6,43.2,26.5,-128.7,-1.1,0.0,0.0,0.0,1.0,0.0,0.0,1.0,1.0,90.0,90.0,0
2025-04-14 11:07:06,10.12,9.9,0.1,0.1,6.7,0.0,0.0,0.0,0.0,0.0,20.5,23.6,43.2,26.5,-128.7,-1.1,0.0,0.0,0.0,1.0,0.0,0.0,1.0,1.0,90.0,90.0,0
2025-04-14 11:07:07,10.12,9.9,0.1,0.1,6.5,0.0,0.0,0.0,0.0,0.0,20.5,23.6,43.2,26.5,-128.7,-1.1,0.0,0.0,0.0,1.0,0.0,0.0,1.0,1.0,90.0,90.0,0
2025-04-14 11:07:08,10.13,9.9,0.1,0.1,7.1,0.0,0.0,0.0,0.0,0.0,20.5,23.6,43.2,26.5,-128.7,-1.1,0.0,0.0,0.0,1.0,0.0,0.0,1.0,1.0,90.0,90.0,0
2025-04-14 11:07:09,10.13,9.89,0.1,0.1,6.1,0.0,0.0,0.0,0.0,0.0,20.5,23.6,43.2,26.5,-128.7,-1.0,0.0,0.0,0.0,1.0,0.0,0.0,1.0,1.0,90.0,90.0,0
2025-04-14 11:07:10,10.13,9.9,0.1,0.1,6.8,0.0,0.0,0.0,0.0,0.0,20.5,23.6,43.2,26.5,-128.7,-1.1,0.0,0.0,0.0,1.0,0.0,0.0,1.0,1.0,90.0,90.0,0
2025-04-14 11:07:11,10.13,9.9,0.1,0.1,6.2,0.0,0.0,0.0,0.0,0.0,20.5,23.6,43.3,26.5,-128.7,-1.1,0.0,0.0,0.0,1.0,0.0,0.0,1.0,1.0,90.0,90.0,0
2025-04-14 11:07:12,10.13,9.9,0.1,0.1,6.6,0.0,0.0,0.0,0.0,0.0,20.5,23.6,43.3,26.5,-128.7,-1.1,0.0,0.0,0.0,1.0,0.0,0.0,1.0,1.0,90.0,90.0,0
2025-04-14 11:07:13,10.14,9.9,0.1,0.1,6.7,0.0,0.0,0.0,0.0,0.0,20.5,23.6,43.3,26.5,-128.7,-1.1,0.0,0.0,0.0,1.0,0.0,0.0,1.0,1.0,90.0,90.0,0
2025-04-14 11:07:14,10.14,9.9,0.1,0.1,6.4,0.0,0.0,0.0,0.0,0.0,20.5,23.6,43.3,26.5,-128.7,-1.1,0.0,0.0,0.0,1.0,0.0,0.0,1.0,1.0,90.0,90.0,0
2025-04-14 11:07:15,10.13,9.9,0.1,0.1,6.9,0.0,0.0,0.0,0.0,0.0,20.5,23.6,43.3,26.5,-128.7,-1.1,0.0,0.0,0.0,1.0,0.0,0.0,1.0,1.0,90.0,90.0,0
2025-04-14 11:07:16,10.13,9.91,0.1,0.1,6.6,0.0,0.0,0.0,0.0,0.0,20.5,23.6,43.3,26.5,-128.7,-1.1,0.0,0.0,0.0,1.0,0.0,0.0,1.0,1.0,90.0,90.0,0
2025-04-14 11:07:17,10.12,9.9,0.1,0.1,6.8,0.0,0.0,0.0,0.0,0.0,20.5,23.6,43.3,26.5,-128.7,-1.1,0.0,0.0,0.0,1.0,0.0,0.0,1.0,1.0,90.0,90.0,0
2025-04-14 11:07:18,10.12,9.91,0.1,0.1,6.7,0.0,0.0,0.0,0.0,0.0,20.5,23.6,43.3,26.5,-128.7,-1.1,0.0,0.0,0.0,1.0,0.0,0.0,1.0,1.0,90.0,90.0,0
2025-04-14 11:07:19,10.13,9.91,0.1,0.1,6.3,0.0,0.0,0.0,0.0,0.0,20.5,23.6,43.3,26.5,-128.7,-1.1,0.0,0.0,0.0,1.0,0.0,0.0,1.0,1.0,90.0,90.0,0
2025-04-14 11:07:20,10.13,9.9,0.1,0.1,7.1,0.0,0.0,0.0,0.0,0.0,20.5,23.6,43.3,26.5,-128.7,-1.1,0.0,0.0,0.0,1.0,0.0,0.0,1.0,1.0,90.0,90.0,0
2025-04-14 11:07:21,10.13,9.91,0.1,0.1,6.0,0.0,0.0,0.0,0.0,0.0,20.5,23.6,43.3,26.5,-128.7,-1.1,0.0,0.0,0.0,1.0,0.0,0.0,1.0,1.0,90.0,90.0,0
2025-04-14 11:07:22,10.13,9.9,0.1,0.1,6.5,0.0,0.0,0.0,0.0,0.0,20.5,23.6,43.3,26.4,-128.7,-1.2,0.0,0.0,0.0,1.0,0.0,0.0,1.0,1.0,90.0,90.0,0
2025-04-14 11:07:23,10.14,9.92,0.1,0.1,6.3,0.0,0.0,0.0,0.0,0.0,20.5,23.6,43.3,26.4,-128.7,-1.2,0.0,0.0,0.0,1.0,0.0,0.0,1.0,1.0,90.0,90.0,0
2025-04-14 11:07:24,10.14,9.9,0.1,0.1,6.4,0.0,0.0,0.0,0.0,0.0,20.5,23.6,43.4,26.4,-128.7,-1.2,0.0,0.0,0.0,1.0,0.0,0.0,1.0,1.0,90.0,90.0,0
2025-04-14 11:07:25,10.14,9.91,0.1,0.1,7.0,0.0,0.0,0.0,0.0,0.0,20.5,23.7,43.4,26.4,-128.7,-1.2,0.0,0.0,0.0,1.0,0.0,0.0,1.0,1.0,90.0,90.0,0
2025-04-14 11:07:26,10.14,9.9,0.1,0.1,6.1,0.0,0.0,0.0,0.0,0.0,20.5,23.7,43.4,26.4,-128.7,-1.2,0.0,0.0,0.0,1.0,0.0,0.0,1.0,1.0,90.0,90.0,0
2025-04-14 11:07:27,10.14,9.92,0.1,0.1,7.2,0.0,0.0,0.0,0.0,0.0,20.5,23.7,43.4,26.4,-128.7,-1.2,0.0,0.0,0.0,1.0,0.0,0.0,1.0,1.0,90.0,90.0,0
2025-04-14 11:07:28,10.14,9.9,0.1,0.1,6.6,0.0,0.0,0.0,0.0,0.0,20.5,23.7,43.4,26.4,-128.7,-1.2,0.0,0.0,0.0,1.0,0.0,0.0,1.0,1.0,90.0,90.0,0
2025-04-14 11:07:29,10.14,9.92,0.1,0.1,6.7,0.0,0.0,0.0,0.0,0.0,20.5,23.7,43.4,26.4,-128.7,-1.2,0.0,0.0,0.0,1.0,0.0,0.0,1.0,1.0,90.0,90.0,0
2025-04-14 11:07:30,10.14,9.9,0.1,0.1,6.9,0.0,0.0,0.0,0.0,0.0,20.5,23.7,43.4,26.4,-128.7,-1.2,0.0,0.0,0.0,1.0,0.0,0.0,1.0,1.0,90.0,90.0,0
2025-04-14 11:07:31,10.14,9.91,0.1,0.1,6.2,0.0,0.0,0.0,0.0,0.0,20.5,23.7,43.4,26.4,-128.7,-1.2,0.0,0.0,0.0,1.0,0.0,0.0,1.0,1.0,90.0,90.0,0
2025-04-14 11:07:32,10.13,9.9,0.1,0.1,6.8,0.0,0.0,0.0,0.0,0.0,20.5,23.7,43.4,26.4,-128.7,-1.2,0.0,0.0,0.0,1.0,0.0,0.0,1.0,1.0,90.0,90.0,0
2025-04-14 11:07:33,10.13,9.93,0.1,0.1,7.0,0.0,0.0,0.0,0.0,0.0,20.5,23.7,43.4,26.4,-128.7,-1.3,0.0,0.0,0.0,1.0,0.0,0.0,1.0,1.0,90.0,90.0,0
2025-04-14 11:07:34,10.13,9.92,0.1,0.1,6.8,0.0,0.0,0.0,0.0,0.0,20.5,23.7,43.4,26.4,-128.7,-1.2,0.0,0.0,0.0,1.0,0.0,0.0,1.0,1.0,90.0,90.0,0
2025-04-14 11:07:35,10.12,9.91,0.1,0.1,6.0,0.0,0.0,0.0,0.0,0.0,20.5,23.7,43.4,26.4,-128.7,-1.3,0.0,0.0,0.0,1.0,0.0,0.0,1.0,1.0,90.0,90.0,0
2025-04-14 11:07:36,10.13,9.92,0.1,0.1,5.8,0.0,0.0,0.0,0.0,0.0,20.5,23.7,43.4,26.4,-128.7,-1.2,0.0,0.0,0.0,1.0,0.0,0.0,1.0,1.0,90.0,90.0,0
2025-04-14 11:07:37,10.14,9.91,0.1,0.1,6.8,0.0,0.0,0.0,0.0,0.0,20.5,23.7,43.4,26.4,-128.7,-1.3,0.0,0.0,0.0,1.0,0.0,0.0,1.0,1.0,90.0,90.0,0
2025-04-14 11:07:38,10.16,9.92,0.1,0.1,6.3,0.0,0.0,0.0,0.0,0.0,20.5,23.7,43.4,26.4,-128.7,-1.2,0.0,0.0,0.0,1.0,0.0,0.0,1.0,1.0,90.0,90.0,0
2025-04-14 11:07:39,10.16,9.91,0.1,0.1,6.2,0.0,0.0,0.0,0.0,0.0,20.5,23.7,43.4,26.4,-128.7,-1.2,0.0,0.0,0.0,1.0,0.0,0.0,1.0,1.0,90.0,90.0,0
2025-04-14 11:07:40,10.16,9.92,0.1,0.1,6.9,0.0,0.0,0.0,0.0,0.0,20.5,23.7,43.4,26.4,-128.7,-1.2,0.0,0.0,0.0,1.0,0.0,0.0,1.0,1.0,90.0,90.0,0
2025-04-14 11:07:41,10.16,9.91,0.1,0.1,6.4,0.0,0.0,0.0,0.0,0.0,20.5,23.7,43.4,26.4,-128.7,-1.2,0.0,0.0,0.0,1.0,0.0,0.0,1.0,1.0,90.0,90.0,0
2025-04-14 11:07:42,10.16,9.91,0.1,0.1,6.5,0.0,0.0,0.0,0.0,0.0,20.5,23.7,43.4,26.4,-128.7,-1.2,0.0,0.0,0.0,1.0,0.0,0.0,1.0,1.0,90.0,90.0,0
2025-04-14 11:07:43,10.14,9.91,0.1,0.1,6.9,0.0,0.0,0.0,0.0,0.0,20.5,23.7,43.3,26.4,-128.7,-1.2,0.0,0.0,0.0,1.0,0.0,0.0,1.0,1.0,90.0,90.0,0
2025-04-14 11:07:44,10.14,9.92,0.1,0.1,6.5,0.0,0.0,0.0,0.0,0.0,20.5,23.7,43.3,26.4,-128.7,-1.2,0.0,0.0,0.0,1.0,0.0,0.0,1.0,1.0,90.0,90.0,0
2025-04-14 11:07:45,10.13,9.9,0.1,0.1,7.0,0.0,0.0,0.0,0.0,0.0,20.5,23.7,43.3,26.4,-128.7,-1.2,0.0,0.0,0.0,1.0,0.0,0.0,1.0,1.0,90.0,90.0,0
2025-04-14 11:07:46,10.13,9.92,0.1,0.1,6.3,0.0,0.0,0.0,0.0,0.0,20.5,23.7,43.3,26.4,-128.7,-1.2,0.0,0.0,0.0,1.0,0.0,0.0,1.0,1.0,90.0,90.0,0
2025-04-14 11:07:47,10.13,9.91,0.1,0.1,6.9,0.0,0.0,0.0,0.0,0.0,20.5,23.7,43.3,26.4,-128.7,-1.2,0.0,0.0,0.0,1.0,0.0,0.0,1.0,1.0,90.0,90.0,0
2025-04-14 11:07:48,10.13,9.93,0.1,0.1,6.8,0.0,0.0,0.0,0.0,0.0,20.5,23.7,43.4,26.4,-128.7,-1.3,0.0,0.0,0.0,1.0,0.0,0.0,1.0,1.0,90.0,90.0,0
2025-04-14 11:07:49,10.16,9.93,0.1,0.1,6.6,0.0,0.0,0.0,0.0,0.0,20.5,23.7,43.4,26.4,-128.7,-1.2,0.0,0.0,0.0,1.0,0.0,0.0,1.0,1.0,90.0,90.0,0
2025-04-14 11:07:50,10.16,9.91,0.1,0.1,6.7,0.0,0.0,0.0,0.0,0.0,20.5,23.7,43.4,26.4,-128.7,-1.2,0.0,0.0,0.0,1.0,0.0,0.0,1.0,1.0,90.0,90.0,0
2025-04-14 11:07:51,10.16,9.93,0.1,0.1,6.5,0.0,0.0,0.0,0.0,0.0,20.5,23.7,43.4,26.4,-128.7,-1.2,0.0,0.0,0.0,1.0,0.0,0.0,1.0,1.0,90.0,90.0,0
2025-04-14 11:07:52,10.16,9.9,0.1,0.1,6.9,0.0,0.0,0.0,0.0,0.0,20.5,23.7,43.4,26.4,-128.7,-1.2,0.0,0.0,0.0,1.0,0.0,0.0,1.0,1.0,90.0,90.0,0
2025-04-14 11:07:53,10.14,9.93,0.1,0.1,6.4,0.0,0.0,0.0,0.0,0.0,20.5,23.7,43.4,26.4,-128.7,-1.3,0.0,0.0,0.0,1.0,0.0,0.0,1.0,1.0,90.0,90.0,0
2025-04-14 11:07:54,10.14,9.9,0.1,0.1,6.4,0.0,0.0,0.0,0.0,0.0,20.5,23.7,43.4,26.4,-128.7,-1.2,0.0,0.0,0.0,1.0,0.0,0.0,1.0,1.0,90.0,90.0,0
2025-04-14 11:07:55,10.14,9.93,0.1,0.1,7.0,0.0,0.0,0.0,0.0,0.0,20.5,23.6,43.4,26.4,-128.7,-1.3,0.0,0.0,0.0,1.0,0.0,0.0,1.0,1.0,90.0,90.0,0
2025-04-14 11:07:56,10.14,9.91,0.1,0.1,6.3,0.0,0.0,0.0,0.0,0.0,20.5,23.6,43.4,26.4,-128.7,-1.2,0.0,0.0,0.0,1.0,0.0,0.0,1.0,1.0,90.0,90.0,0
2025-04-14 11:07:57,10.14,9.92,0.1,0.1,6.9,0.0,0.0,0.0,0.0,0.0,20.5,23.6,43.4,26.4,-128.7,-1.2,0.0,0.0,0.0,1.0,0.0,0.0,1.0,1.0,90.0,90.0,0
2025-04-14 11:07:58,10.16,9.93,0.1,0.1,6.6,0.0,0.0,0.0,0.0,0.0,20.5,23.6,43.4,26.4,-128.7,-1.3,0.0,0.0,0.0,1.0,0.0,0.0,1.0,1.0,90.0,90.0,0
2025-04-14 11:07:59,10.16,9.91,0.1,0.1,6.5,0.0,0.0,0.0,0.0,0.0,20.5,23.6,43.4,26.4,-128.7,-1.2,0.0,0.0,0.0,1.0,0.0,0.0,1.0,1.0,90.0,90.0,0
2025-04-14 11:08:00,10.14,9.93,0.1,0.1,6.8,0.0,0.0,0.0,0.0,0.0,20.5,23.6,43.4,26.4,-128.7,-1.3,0.0,0.0,0.0,1.0,0.0,0.0,1.0,1.0,90.0,90.0,0
2025-04-14 11:08:01,10.14,9.92,0.1,0.1,6.2,0.0,0.0,0.0,0.0,0.0,20.5,23.6,43.4,26.4,-128.7,-1.2,0.0,0.0,0.0,1.0,0.0,0.0,1.0,1.0,90.0,90.0,0
2025-04-14 11:08:02,10.14,9.92,0.1,0.1,6.9,0.0,0.0,0.0,0.0,0.0,20.5,23.6,43.4,26.4,-128.7,-1.2,0.0,0.0,0.0,1.0,0.0,0.0,1.0,1.0,90.0,90.0,0
2025-04-14 11:08:03,10.13,9.93,0.1,0.1,6.4,0.0,0.0,0.0,0.0,0.0,20.5,23.6,43.4,26.4,-128.7,-1.3,0.0,0.0,0.0,1.0,0.0,0.0,1.0,1.0,90.0,90.0,0
2025-04-14 11:08:04,10.16,9.92,0.1,0.1,6.9,0.0,0.0,0.0,0.0,0.0,20.5,23.6,43.4,26.4,-128.7,-1.2,0.0,0.0,0.0,1.0,0.0,0.0,1.0,1.0,90.0,90.0,0
2025-04-14 11:08:05,10.16,9.93,0.1,0.1,6.7,0.0,0.0,0.0,0.0,0.0,20.5,23.6,43.4,26.4,-128.7,-1.3,0.0,0.0,0.0,1.0,0.0,0.0,1.0,1.0,90.0,90.0,0
2025-04-14 11:08:06,10.16,9.93,0.1,0.1,6.4,0.0,0.0,0.0,0.0,0.0,20.5,23.6,43.4,26.4,-128.7,-1.2,0.0,0.0,0.0,1.0,0.0,0.0,1.0,1.0,90.0,90.0,0
2025-04-14 11:08:07,10.17,9.92,0.1,0.1,7.2,0.0,0.0,0.0,0.0,0.0,20.5,23.6,43.4,26.4,-128.7,-1.3,0.0,0.0,0.0,1.0,0.0,0.0,1.0,1.0,90.0,90.0,0
2025-04-14 11:08:08,10.14,9.93,0.1,0.1,6.3,0.0,0.0,0.0,0.0,0.0,20.5,23.6,43.4,26.4,-128.7,-1.3,0.0,0.0,0.0,1.0,0.0,0.0,1.0,1.0,90.0,90.0,0
2025-04-14 11:08:09,10.14,9.91,0.1,0.1,6.8,0.0,0.0,0.0,0.0,0.0,20.5,23.6,43.4,26.4,-128.7,-1.2,0.0,0.0,0.0,1.0,0.0,0.0,1.0,1.0,90.0,90.0,0
2025-04-14 11:08:10,10.14,9.93,0.1,0.1,6.5,0.0,0.0,0.0,0.0,0.0,20.5,23.6,43.4,26.4,-128.7,-1.3,0.0,0.0,0.0,1.0,0.0,0.0,1.0,1.0,90.0,90.0,0
2025-04-14 11:08:11,10.14,9.92,0.1,0.1,6.4,0.0,0.0,0.0,0.0,0.0,20.5,23.6,43.4,26.4,-128.7,-1.2,0.0,0.0,0.0,1.0,0.0,0.0,1.0,1.0,90.0,90.0,0
2025-04-14 11:08:12,10.16,9.91,0.1,0.1,6.7,0.0,0.0,0.0,0.0,0.0,20.5,23.6,43.4,26.4,-128.7,-1.2,0.0,0.0,0.0,1.0,0.0,0.0,1.0,1.0,90.0,90.0,0
2025-04-14 11:08:13,10.17,9.93,0.1,0.1,6.1,0.0,0.0,0.0,0.0,0.0,20.5,23.6,43.4,26.4,-128.7,-1.3,0.0,0.0,0.0,1.0,0.0,0.0,1.0,1.0,90.0,90.0,0
2025-04-14 11:08:14,10.17,9.93,0.1,0.1,6.8,0.0,0.0,0.0,0.0,0.0,20.5,23.6,43.4,26.4,-128.7,-1.2,0.0,0.0,0.0,1.0,0.0,0.0,1.0,1.0,90.0,90.0,0
2025-04-14 11:08:15,10.16,9.92,0.1,0.1,5.9,0.0,0.0,0.0,0.0,0.0,20.5,23.6,43.4,26.4,-128.7,-1.3,0.0,0.0,0.0,1.0,0.0,0.0,1.0,1.0,90.0,90.0,0
2025-04-14 11:08:16,10.14,9.93,0.1,0.1,6.6,0.0,0.0,0.0,0.0,0.0,20.5,23.6,43.4,26.4,-128.7,-1.3,0.0,0.0,0.0,1.0,0.0,0.0,1.0,1.0,90.0,90.0,0
2025-04-14 11:08:17,10.14,9.92,0.1,0.1,6.2,0.0,0.0,0.0,0.0,0.0,20.5,23.6,43.4,26.4,-128.7,-1.3,0.0,0.0,0.0,1.0,0.0,0.0,1.0,1.0,90.0,90.0,0
2025-04-14 11:08:18,10.14,9.94,0.1,0.1,6.7,0.0,0.0,0.0,0.0,0.0,20.5,23.6,43.4,26.4,-128.7,-1.3,0.0,0.0,0.0,1.0,0.0,0.0,1.0,1.0,90.0,90.0,0
2025-04-14 11:08:19,10.14,9.92,0.1,0.1,6.3,0.0,0.0,0.0,0.0,0.0,20.5,23.6,43.4,26.4,-128.7,-1.2,0.0,0.0,0.0,1.0,0.0,0.0,1.0,1.0,90.0,90.0,0
2025-04-14 11:08:20,10.17,9.92,0.1,0.1,6.2,0.0,0.0,0.0,0.0,0.0,20.5,23.6,43.4,26.4,-128.7,-1.3,0.0,0.0,0.0,1.0,0.0,0.0,1.0,1.0,90.0,90.0,0
2025-04-14 11:08:21,10.16,9.93,0.1,0.1,6.0,0.0,0.0,0.0,0.0,0.0,20.5,23.6,43.4,26.4,-128.7,-1.2,0.0,0.0,0.0,1.0,0.0,0.0,1.0,1.0,90.0,90.0,0
2025-04-14 11:08:22,10.17,9.92,0.1,0.1,7.2,0.0,0.0,0.0,0.0,0.0,20.5,23.6,43.4,26.4,-128.7,-1.3,0.0,0.0,0.0,1.0,0.0,0.0,1.0,1.0,90.0,90.0,0
2025-04-14 11:08:23,10.16,9.93,0.1,0.1,6.4,0.0,0.0,0.0,0.0,0.0,20.5,23.6,43.4,26.4,-128.7,-1.3,0.0,0.0,0.0,1.0,0.0,0.0,1.0,1.0,90.0,90.0,0
2025-04-14 11:08:24,10.14,9.91,0.1,0.1,6.2,0.0,0.0,0.0,0.0,0.0,20.5,23.6,43.3,26.4,-128.7,-1.2,0.0,0.0,0.0,1.0,0.0,0.0,1.0,1.0,90.0,90.0,0
2025-04-14 11:08:25,10.16,9.93,0.1,0.1,6.6,0.0,0.0,0.0,0.0,0.0,20.5,23.6,43.3,26.4,-128.7,-1.3,0.0,0.0,0.0,1.0,0.0,0.0,1.0,1.0,90.0,90.0,0
2025-04-14 11:08:26,10.14,9.93,0.1,0.1,6.7,0.0,0.0,0.0,0.0,0.0,20.5,23.6,43.3,26.4,-128.7,-1.3,0.0,0.0,0.0,1.0,0.0,0.0,1.0,1.0,90.0,90.0,0
2025-04-14 11:08:27,10.17,9.92,0.1,0.1,6.1,0.0,0.0,0.0,0.0,0.0,20.5,23.6,43.3,26.4,-128.7,-1.2,0.0,0.0,0.0,1.0,0.0,0.0,1.0,1.0,90.0,90.0,0
2025-04-14 11:08:28,10.16,9.93,0.1,0.1,6.3,0.0,0.0,0.0,0.0,0.0,20.5,23.6,43.3,26.4,-128.7,-1.3,0.0,0.0,0.0,1.0,0.0,0.0,1.0,1.0,90.0,90.0,0
2025-04-14 11:08:29,10.16,9.93,0.1,0.1,6.5,0.0,0.0,0.0,0.0,0.0,20.5,23.6,43.3,26.4,-128.7,-1.2,0.0,0.0,0.0,1.0,0.0,0.0,1.0,1.0,90.0,90.0,0
2025-04-14 11:08:30,10.16,9.93,0.1,0.1,7.0,0.0,0.0,0.0,0.0,0.0,20.5,23.6,43.3,26.4,-128.7,-1.3,0.0,0.0,0.0,1.0,0.0,0.0,1.0,1.0,90.0,90.0,0
2025-04-14 11:08:31,10.16,9.93,0.1,0.1,7.0,0.0,0.0,0.0,0.0,0.0,20.5,23.6,43.3,26.4,-128.7,-1.3,0.0,0.0,0.0,1.0,0.0,0.0,1.0,1.0,90.0,90.0,0
2025-04-14 11:08:32,10.16,9.92,0.1,0.1,6.7,0.0,0.0,0.0,0.0,0.0,20.5,23.6,43.3,26.4,-128.7,-1.3,0.0,0.0,0.0,1.0,0.0,0.0,1.0,1.0,90.0,90.0,0
2025-04-14 11:08:33,10.16,9.94,0.1,0.1,6.8,0.0,0.0,0.0,0.0,0.0,20.5,23.6,43.3,26.4,-128.7,-1.3,0.0,0.0,0.0,1.0,0.0,0.0,1.0,1.0,90.0,90.0,0
2025-04-14 11:08:34,10.17,9.93,0.1,0.1,6.5,0.0,0.0,0.0,0.0,0.0,20.5,23.6,43.3,26.4,-128.7,-1.2,0.0,0.0,0.0,1.0,0.0,0.0,1.0,1.0,90.0,90.0,0
2025-04-14 11:08:35,10.16,9.93,0.1,0.1,6.2,0.0,0.0,0.0,0.0,0.0,20.5,23.6,43.4,26.4,-128.7,-1.3,0.0,0.0,0.0,1.0,0.0,0.0,1.0,1.0,90.0,90.0,0
2025-04-14 11:08:36,10.16,9.93,0.1,0.1,7.0,0.0,0.0,0.0,0.0,0.0,20.5,23.6,43.4,26.4,-128.7,-1.2,0.0,0.0,0.0,1.0,0.0,0.0,1.0,1.0,90.0,90.0,0
2025-04-14 11:08:37,10.16,9.92,0.1,0.1,6.7,0.0,0.0,0.0,0.0,0.0,20.5,23.6,43.4,26.4,-128.7,-1.3,0.0,0.0,0.0,1.0,0.0,0.0,1.0,1.0,90.0,90.0,0
2025-04-14 11:08:38,10.16,9.93,0.1,0.1,6.9,0.0,0.0,0.0,0.0,0.0,20.5,23.6,43.4,26.4,-128.7,-1.3,0.0,0.0,0.0,1.0,0.0,0.0,1.0,1.0,90.0,90.0,0
2025-04-14 11:08:39,10.17,9.93,0.1,0.1,6.5,0.0,0.0,0.0,0.0,0.0,20.5,23.6,43.4,26.4,-128.7,-1.2,0.0,0.0,0.0,1.0,0.0,0.0,1.0,1.0,90.0,90.0,0
2025-04-14 11:08:40,10.16,9.93,0.1,0.1,6.9,0.0,0.0,0.0,0.0,0.0,20.5,23.6,43.4,26.4,-128.7,-1.3,0.0,0.0,0.0,1.0,0.0,0.0,1.0,1.0,90.0,90.0,0
2025-04-14 11:08:41,10.17,9.93,0.1,0.1,6.2,0.0,0.0,0.0,0.0,0.0,20.5,23.6,43.4,26.4,-128.7,-1.3,0.0,0.0,0.0,1.0,0.0,0.0,1.0,1.0,90.0,90.0,0
2025-04-14 11:08:42,10.16,9.93,0.1,0.1,6.3,0.0,0.0,0.0,0.0,0.0,20.5,23.6,43.4,26.4,-128.7,-1.3,0.0,0.0,0.0,1.0,0.0,0.0,1.0,1.0,90.0,90.0,0
2025-04-14 11:08:43,10.14,9.93,0.1,0.1,7.1,0.0,0.0,0.0,0.0,0.0,20.5,23.6,43.4,26.4,-128.7,-1.3,0.0,0.0,0.0,1.0,0.0,0.0,1.0,1.0,90.0,90.0,0
2025-04-14 11:08:44,10.16,9.93,0.1,0.1,6.0,0.0,0.0,0.0,0.0,0.0,20.5,23.6,43.4,26.4,-128.7,-1.2,0.0,0.0,0.0,1.0,0.0,0.0,1.0,1.0,90.0,90.0,0
2025-04-14 11:08:45,10.16,9.93,0.1,0.1,7.5,0.0,0.0,0.0,0.0,0.0,20.5,23.6,43.4,26.4,-128.7,-1.3,0.0,0.0,0.0,1.0,0.0,0.0,1.0,1.0,90.0,90.0,0
2025-04-14 11:08:46,10.17,9.94,0.1,0.1,6.6,0.0,0.0,0.0,0.0,0.0,20.5,23.6,43.4,26.4,-128.7,-1.3,0.0,0.0,0.0,1.0,0.0,0.0,1.0,1.0,90.0,90.0,0
2025-04-14 11:08:47,10.18,9.93,0.1,0.1,6.9,0.0,0.0,0.0,0.0,0.0,20.5,23.6,43.4,26.4,-128.7,-1.3,0.0,0.0,0.0,1.0,0.0,0.0,1.0,1.0,90.0,90.0,0
2025-04-14 11:08:48,10.17,9.93,0.1,0.1,6.6,0.0,0.0,0.0,0.0,0.0,20.5,23.6,43.4,26.4,-128.7,-1.3,0.0,0.0,0.0,1.0,0.0,0.0,1.0,1.0,90.0,90.0,0
2025-04-14 11:08:49,10.17,9.93,0.1,0.1,6.2,0.0,0.0,0.0,0.0,0.0,20.5,23.6,43.4,26.4,-128.7,-1.3,0.0,0.0,0.0,1.0,0.0,0.0,1.0,1.0,90.0,90.0,0
2025-04-14 11:08:50,10.16,9.93,0.1,0.1,6.5,0.0,0.0,0.0,0.0,0.0,20.5,23.6,43.4,26.4,-128.7,-1.3,0.0,0.0,0.0,1.0,0.0,0.0,1.0,1.0,90.0,90.0,0
2025-04-14 11:08:51,10.16,9.93,0.1,0.1,6.3,0.0,0.0,0.0,0.0,0.0,20.5,23.6,43.4,26.4,-128.7,-1.3,0.0,0.0,0.0,1.0,0.0,0.0,1.0,1.0,90.0,90.0,0
2025-04-14 11:08:52,10.14,9.93,0.1,0.1,6.3,0.0,0.0,0.0,0.0,0.0,20.5,23.6,43.4,26.4,-128.7,-1.3,0.0,0.0,0.0,1.0,0.0,0.0,1.0,1.0,90.0,90.0,0
2025-04-14 11:08:53,10.16,9.93,0.1,0.1,6.6,0.0,0.0,0.0,0.0,0.0,20.5,23.6,43.4,26.4,-128.7,-1.3,0.0,0.0,0.0,1.0,0.0,0.0,1.0,1.0,90.0,90.0,0
2025-04-14 11:08:54,10.17,9.93,0.1,0.1,6.6,0.0,0.0,0.0,0.0,0.0,20.5,23.6,43.4,26.4,-128.7,-1.3,0.0,0.0,0.0,1.0,0.0,0.0,1.0,1.0,90.0,90.0,0
2025-04-14 11:08:55,10.18,9.93,0.1,0.1,6.7,0.0,0.0,0.0,0.0,0.0,20.5,23.6,43.4,26.4,-128.7,-1.3,0.0,0.0,0.0,1.0,0.0,0.0,1.0,1.0,90.0,90.0,0
2025-04-14 11:08:56,10.17,9.93,0.1,0.1,6.9,0.0,0.0,0.0,0.0,0.0,20.5,23.6,43.4,26.4,-128.7,-1.3,0.0,0.0,0.0,1.0,0.0,0.0,1.0,1.0,90.0,90.0,0
2025-04-14 11:08:57,10.14,9.93,0.1,0.1,5.6,0.0,0.0,0.0,0.0,0.0,20.5,23.6,43.4,26.4,-128.7,-1.3,0.0,0.0,0.0,1.0,0.0,0.0,1.0,1.0,90.0,90.0,0
2025-04-14 11:08:58,10.16,9.94,0.1,0.1,7.0,0.0,0.0,0.0,0.0,0.0,20.5,23.6,43.4,26.4,-128.7,-1.3,0.0,0.0,0.0,1.0,0.0,0.0,1.0,1.0,90.0,90.0,0
2025-04-14 11:08:59,10.16,9.93,0.1,0.1,6.3,0.0,0.0,0.0,0.0,0.0,20.5,23.6,43.4,26.4,-128.7,-1.3,0.0,0.0,0.0,1.0,0.0,0.0,1.0,1.0,90.0,90.0,0
2025-04-14 11:09:00,10.14,9.93,0.1,0.1,6.6,0.0,0.0,0.0,0.0,0.0,20.5,23.6,43.4,26.4,-128.7,-1.3,0.0,0.0,0.0,1.0,0.0,0.0,1.0,1.0,90.0,90.0,0
2025-04-14 11:09:01,10.17,9.93,0.1,0.1,6.5,0.0,0.0,0.0,0.0,0.0,20.5,23.6,43.4,26.4,-128.7,-1.3,0.0,0.0,0.0,1.0,0.0,0.0,1.0,1.0,90.0,90.0,0
2025-04-14 11:09:02,10.18,9.93,0.1,0.1,6.6,0.0,0.0,0.0,0.0,0.0,20.5,23.6,43.4,26.4,-128.7,-1.3,0.0,0.0,0.0,1.0,0.0,0.0,1.0,1.0,90.0,90.0,0
2025-04-14 11:09:03,10.18,9.95,0.1,0.1,6.5,0.0,0.0,0.0,0.0,0.0,20.5,23.6,43.4,26.4,-128.7,-1.3,0.0,0.0,0.0,1.0,0.0,0.0,1.0,1.0,90.0,90.0,0
2025-04-14 11:09:04,10.17,9.93,0.1,0.1,6.9,0.0,0.0,0.0,0.0,0.0,20.5,23.6,43.4,26.4,-128.7,-1.3,0.0,0.0,0.0,1.0,0.0,0.0,1.0,1.0,90.0,90.0,0
2025-04-14 11:09:05,10.17,9.94,0.1,0.1,6.0,0.0,0.0,0.0,0.0,0.0,20.5,23.6,43.4,26.4,-128.7,-1.3,0.0,0.0,0.0,1.0,0.0,0.0,1.0,1.0,90.0,90.0,0
2025-04-14 11:09:06,10.16,9.93,0.1,0.1,7.1,0.0,0.0,0.0,0.0,0.0,20.5,23.6,43.4,26.4,-128.7,-1.3,0.0,0.0,0.0,1.0,0.0,0.0,1.0,1.0,90.0,90.0,0
2025-04-14 11:09:07,10.17,9.93,0.1,0.1,6.6,0.0,0.0,0.0,0.0,0.0,20.5,23.6,43.3,26.4,-128.7,-1.3,0.0,0.0,0.0,1.0,0.0,0.0,1.0,1.0,90.0,90.0,0
2025-04-14 11:09:08,10.17,9.94,0.1,0.1,6.5,0.0,0.0,0.0,0.0,0.0,20.5,23.6,43.3,26.4,-128.7,-1.3,0.0,0.0,0.0,1.0,0.0,0.0,1.0,1.0,90.0,90.0,0
2025-04-14 11:09:09,10.17,9.93,0.1,0.1,6.9,0.0,0.0,0.0,0.0,0.0,20.5,23.6,43.3,26.4,-128.7,-1.3,0.0,0.0,0.0,1.0,0.0,0.0,1.0,1.0,90.0,90.0,0
2025-04-14 11:09:10,10.17,9.94,0.1,0.1,6.5,0.0,0.0,0.0,0.0,0.0,20.5,23.6,43.3,26.4,-128.7,-1.3,0.0,0.0,0.0,1.0,0.0,0.0,1.0,1.0,90.0,90.0,0
2025-04-14 11:09:11,10.17,9.93,0.1,0.1,7.0,0.0,0.0,0.0,0.0,0.0,20.5,23.6,43.3,26.4,-128.7,-1.3,0.0,0.0,0.0,1.0,0.0,0.0,1.0,1.0,90.0,90.0,0
2025-04-14 11:09:12,10.17,9.93,0.1,0.1,6.8,0.0,0.0,0.0,0.0,0.0,20.5,23.6,43.3,26.4,-128.7,-1.3,0.0,0.0,0.0,1.0,0.0,0.0,1.0,1.0,90.0,90.0,0
2025-04-14 11:09:13,10.16,9.93,0.1,0.1,6.5,0.0,0.0,0.0,0.0,0.0,20.5,23.6,43.3,26.4,-128.7,-1.3,0.0,0.0,0.0,1.0,0.0,0.0,1.0,1.0,90.0,90.0,0
2025-04-14 11:09:14,10.17,9.93,0.1,0.1,6.8,0.0,0.0,0.0,0.0,0.0,20.5,23.6,43.3,26.4,-128.7,-1.3,0.0,0.0,0.0,1.0,0.0,0.0,1.0,1.0,90.0,90.0,0
2025-04-14 11:09:15,10.17,9.94,0.1,0.1,6.2,0.0,0.0,0.0,0.0,0.0,20.5,23.6,43.3,26.4,-128.7,-1.3,0.0,0.0,0.0,1.0,0.0,0.0,1.0,1.0,90.0,90.0,0
2025-04-14 11:09:16,10.16,9.93,0.1,0.1,6.5,0.0,0.0,0.0,0.0,0.0,20.5,23.6,43.3,26.4,-128.7,-1.3,0.0,0.0,0.0,1.0,0.0,0.0,1.0,1.0,90.0,90.0,0
2025-04-14 11:09:17,10.16,9.94,0.1,0.1,6.6,0.0,0.0,0.0,0.0,0.0,20.5,23.6,43.3,26.4,-128.7,-1.3,0.0,0.0,0.0,1.0,0.0,0.0,1.0,1.0,90.0,90.0,0
2025-04-14 11:09:18,10.16,9.93,0.1,0.1,6.2,0.0,0.0,0.0,0.0,0.0,20.5,23.6,43.3,26.4,-128.7,-1.3,0.0,0.0,0.0,1.0,0.0,0.0,1.0,1.0,90.0,90.0,0
2025-04-14 11:09:19,10.17,9.94,0.1,0.1,6.4,0.0,0.0,0.0,0.0,0.0,20.5,23.6,43.3,26.4,-128.7,-1.3,0.0,0.0,0.0,1.0,0.0,0.0,1.0,1.0,90.0,90.0,0
2025-04-14 11:09:20,10.17,9.93,0.1,0.1,6.4,0.0,0.0,0.0,0.0,0.0,20.5,23.6,43.3,26.4,-128.7,-1.3,0.0,0.0,0.0,1.0,0.0,0.0,1.0,1.0,90.0,90.0,0
2025-04-14 11:09:21,10.17,9.94,0.1,0.1,6.3,0.0,0.0,0.0,0.0,0.0,20.5,23.6,43.3,26.4,-128.7,-1.3,0.0,0.0,0.0,1.0,0.0,0.0,1.0,1.0,90.0,90.0,0
2025-04-14 11:09:22,10.17,9.93,0.1,0.1,6.2,0.0,0.0,0.0,0.0,0.0,20.5,23.6,43.3,26.4,-128.7,-1.3,0.0,0.0,0.0,1.0,0.0,0.0,1.0,1.0,90.0,90.0,0
2025-04-14 11:09:23,10.17,9.95,0.1,0.1,6.8,0.0,0.0,0.0,0.0,0.0,20.5,23.6,43.3,26.4,-128.7,-1.3,0.0,0.0,0.0,1.0,0.0,0.0,1.0,1.0,90.0,90.0,0
2025-04-14 11:09:24,10.19,9.93,0.1,0.1,5.5,0.0,0.0,0.0,0.0,0.0,20.5,23.6,43.3,26.4,-128.7,-1.3,0.0,0.0,0.0,1.0,0.0,0.0,1.0,1.0,90.0,90.0,0
2025-04-14 11:09:25,10.18,9.95,0.1,0.1,6.6,0.0,0.0,0.0,0.0,0.0,20.5,23.6,43.3,26.4,-128.7,-1.3,0.0,0.0,0.0,1.0,0.0,0.0,1.0,1.0,90.0,90.0,0
2025-04-14 11:09:26,10.18,9.93,0.1,0.1,6.9,0.0,0.0,0.0,0.0,0.0,20.6,23.6,43.3,26.4,-128.7,-1.3,0.0,0.0,0.0,1.0,0.0,0.0,1.0,1.0,90.0,90.0,0
2025-04-14 11:09:27,10.17,9.94,0.1,0.1,6.2,0.0,0.0,0.0,0.0,0.0,20.6,23.6,43.3,26.4,-128.7,-1.3,0.0,0.0,0.0,1.0,0.0,0.0,1.0,1.0,90.0,90.0,0
2025-04-14 11:09:28,10.16,9.93,0.1,0.1,7.1,0.0,0.0,0.0,0.0,0.0,20.6,23.6,43.3,26.4,-128.7,-1.3,0.0,0.0,0.0,1.0,0.0,0.0,1.0,1.0,90.0,90.0,0
2025-04-14 11:09:29,10.16,9.93,0.1,0.1,6.5,0.0,0.0,0.0,0.0,0.0,20.6,23.6,43.3,26.4,-128.7,-1.3,0.0,0.0,0.0,1.0,0.0,0.0,1.0,1.0,90.0,90.0,0
2025-04-14 11:09:30,10.17,9.94,0.1,0.1,6.3,0.0,0.0,0.0,0.0,0.0,20.6,23.6,43.3,26.4,-128.7,-1.3,0.0,0.0,0.0,1.0,0.0,0.0,1.0,1.0,90.0,90.0,0
2025-04-14 11:09:31,10.17,9.93,0.1,0.1,6.7,0.0,0.0,0.0,0.0,0.0,20.6,23.6,43.3,26.4,-128.7,-1.3,0.0,0.0,0.0,1.0,0.0,0.0,1.0,1.0,90.0,90.0,0
2025-04-14 11:09:32,10.17,9.95,0.1,0.1,6.4,0.0,0.0,0.0,0.0,0.0,20.6,23.6,43.3,26.4,-128.7,-1.3,0.0,0.0,0.0,1.0,0.0,0.0,1.0,1.0,90.0,90.0,0
2025-04-14 11:09:33,10.17,9.93,0.1,0.1,6.6,0.0,0.0,0.0,0.0,0.0,20.6,23.6,43.3,26.4,-128.7,-1.3,0.0,0.0,0.0,1.0,0.0,0.0,1.0,1.0,90.0,90.0,0
2025-04-14 11:09:34,10.19,9.95,0.1,0.1,7.0,0.0,0.0,0.0,0.0,0.0,20.6,23.6,43.3,26.4,-128.7,-1.3,0.0,0.0,0.0,1.0,0.0,0.0,1.0,1.0,90.0,90.0,0
2025-04-14 11:09:35,10.19,9.94,0.1,0.1,6.8,0.0,0.0,0.0,0.0,0.0,20.6,23.6,43.3,26.4,-128.7,-1.3,0.0,0.0,0.0,1.0,0.0,0.0,1.0,1.0,90.0,90.0,0
2025-04-14 11:09:36,10.19,9.95,0.1,0.1,7.0,0.0,0.0,0.0,0.0,0.0,20.6,23.7,43.3,26.4,-128.7,-1.3,0.0,0.0,0.0,1.0,0.0,0.0,1.0,1.0,90.0,90.0,0
2025-04-14 11:09:37,10.18,9.93,0.1,0.1,6.1,0.0,0.0,0.0,0.0,0.0,20.6,23.7,43.3,26.4,-128.7,-1.3,0.0,0.0,0.0,1.0,0.0,0.0,1.0,1.0,90.0,90.0,0
2025-04-14 11:09:38,10.18,9.95,0.1,0.1,6.9,0.0,0.0,0.0,0.0,0.0,20.6,23.7,43.3,26.4,-128.7,-1.3,0.0,0.0,0.0,1.0,0.0,0.0,1.0,1.0,90.0,90.0,0
2025-04-14 11:09:39,10.17,9.93,0.1,0.1,6.5,0.0,0.0,0.0,0.0,0.0,20.6,23.7,43.3,26.4,-128.7,-1.3,0.0,0.0,0.0,1.0,0.0,0.0,1.0,1.0,90.0,90.0,0
2025-04-14 11:09:40,10.18,9.95,0.1,0.1,6.1,0.0,0.0,0.0,0.0,0.0,20.6,23.7,43.3,26.4,-128.7,-1.3,0.0,0.0,0.0,1.0,0.0,0.0,1.0,1.0,90.0,90.0,0
2025-04-14 11:09:41,10.17,9.94,0.1,0.1,7.1,0.0,0.0,0.0,0.0,0.0,20.6,23.7,43.3,26.4,-128.7,-1.3,0.0,0.0,0.0,1.0,0.0,0.0,1.0,1.0,90.0,90.0,0
2025-04-14 11:09:42,10.17,9.95,0.1,0.1,6.1,0.0,0.0,0.0,0.0,0.0,20.6,23.7,43.3,26.4,-128.7,-1.3,0.0,0.0,0.0,1.0,0.0,0.0,1.0,1.0,90.0,90.0,0
2025-04-14 11:09:43,10.17,9.96,0.1,0.1,7.2,0.0,0.0,0.0,0.0,0.0,20.6,23.7,43.3,26.4,-128.7,-1.3,0.0,0.0,0.0,1.0,0.0,0.0,1.0,1.0,90.0,90.0,0
2025-04-14 11:09:44,10.17,9.95,0.1,0.1,6.3,0.0,0.0,0.0,0.0,0.0,20.6,23.7,43.3,26.4,-128.7,-1.4,0.0,0.0,0.0,1.0,0.0,0.0,1.0,1.0,90.0,90.0,0
2025-04-14 11:09:45,10.18,9.96,0.1,0.1,7.1,0.0,0.0,0.0,0.0,0.0,20.6,23.7,43.3,26.4,-128.7,-1.3,0.0,0.0,0.0,1.0,0.0,0.0,1.0,1.0,90.0,90.0,0
2025-04-14 11:09:46,10.17,9.93,0.1,0.1,6.3,0.0,0.0,0.0,0.0,0.0,20.6,23.7,43.3,26.3,-128.7,-1.4,0.0,0.0,0.0,1.0,0.0,0.0,1.0,1.0,90.0,90.0,0
2025-04-14 11:09:47,10.18,9.96,0.1,0.1,6.6,0.0,0.0,0.0,0.0,0.0,20.6,23.7,43.3,26.3,-128.7,-1.5,0.0,0.0,0.0,1.0,0.0,0.0,1.0,1.0,90.0,90.0,0
2025-04-14 11:09:48,10.17,9.93,0.1,0.1,6.4,0.0,0.0,0.0,0.0,0.0,20.6,23.7,43.3,26.3,-128.7,-1.4,0.0,0.0,0.0,1.0,0.0,0.0,1.0,1.0,90.0,90.0,0
2025-04-14 11:09:49,10.18,9.96,0.1,0.1,6.9,0.0,0.0,0.0,0.0,0.0,20.6,23.7,43.3,26.3,-128.7,-1.5,0.0,0.0,0.0,1.0,0.0,0.0,1.0,1.0,90.0,90.0,0
2025-04-14 11:09:50,10.18,9.93,0.1,0.1,6.2,0.0,0.0,0.0,0.0,0.0,20.6,23.7,43.3,26.3,-128.7,-1.4,0.0,0.0,0.0,1.0,0.0,0.0,1.0,1.0,90.0,90.0,0
2025-04-14 11:09:51,10.18,9.95,0.1,0.1,6.1,0.0,0.0,0.0,0.0,0.0,20.6,23.7,43.3,26.3,-128.7,-1.4,0.0,0.0,0.0,1.0,0.0,0.0,1.0,1.0,90.0,90.0,0
2025-04-14 11:09:52,10.18,9.94,0.1,0.1,6.8,0.0,0.0,0.0,0.0,0.0,20.6,23.7,43.3,26.3,-128.7,-1.4,0.0,0.0,0.0,1.0,0.0,0.0,1.0,1.0,90.0,90.0,0
2025-04-14 11:09:53,10.18,9.94,0.1,0.1,6.7,0.0,0.0,0.0,0.0,0.0,20.6,23.7,43.3,26.3,-128.7,-1.5,0.0,0.0,0.0,1.0,0.0,0.0,1.0,1.0,90.0,90.0,0
2025-04-14 11:09:54,10.17,9.94,0.1,0.1,6.7,0.0,0.0,0.0,0.0,0.0,20.6,23.7,43.3,26.3,-128.7,-1.4,0.0,0.0,0.0,1.0,0.0,0.0,1.0,1.0,90.0,90.0,0
2025-04-14 11:09:55,10.17,9.94,0.1,0.1,6.2,0.0,0.0,0.0,0.0,0.0,20.6,23.7,43.3,26.3,-128.7,-1.5,0.0,0.0,0.0,1.0,0.0,0.0,1.0,1.0,90.0,90.0,0
2025-04-14 11:09:56,10.17,9.94,0.1,0.1,6.4,0.0,0.0,0.0,0.0,0.0,20.6,23.7,43.3,26.3,-128.7,-1.4,0.0,0.0,0.0,1.0,0.0,0.0,1.0,1.0,90.0,90.0,0
2025-04-14 11:09:57,10.16,9.94,0.1,0.1,6.7,0.0,0.0,0.0,0.0,0.0,20.6,23.7,43.3,26.3,-128.7,-1.4,0.0,0.0,0.0,1.0,0.0,0.0,1.0,1.0,90.0,90.0,0
2025-04-14 11:09:58,10.17,9.96,0.1,0.1,6.6,0.0,0.0,0.0,0.0,0.0,20.6,23.7,43.3,26.3,-128.7,-1.5,0.0,0.0,0.0,1.0,0.0,0.0,1.0,1.0,90.0,90.0,0
2025-04-14 11:09:59,10.18,9.94,0.1,0.1,6.5,0.0,0.0,0.0,0.0,0.0,20.6,23.7,43.3,26.3,-128.7,-1.4,0.0,0.0,0.0,1.0,0.0,0.0,1.0,1.0,90.0,90.0,0
2025-04-14 11:10:00,10.18,9.95,0.1,0.1,6.5,0.0,0.0,0.0,0.0,0.0,20.6,23.7,43.3,26.3,-128.7,-1.4,0.0,0.0,0.0,1.0,0.0,0.0,1.0,1.0,90.0,90.0,0
2025-04-14 11:10:01,10.18,9.94,0.1,0.1,6.6,0.0,0.0,0.0,0.0,0.0,20.6,23.7,43.3,26.3,-128.7,-1.4,0.0,0.0,0.0,1.0,0.0,0.0,1.0,1.0,90.0,90.0,0
2025-04-14 11:10:02,10.18,9.96,0.1,0.1,6.4,0.0,0.0,0.0,0.0,0.0,20.6,23.7,43.3,26.3,-128.7,-1.4,0.0,0.0,0.0,1.0,0.0,0.0,1.0,1.0,90.0,90.0,0
2025-04-14 11:10:03,10.18,9.94,0.1,0.1,6.8,0.0,0.0,0.0,0.0,0.0,20.6,23.7,43.3,26.3,-128.7,-1.4,0.0,0.0,0.0,1.0,0.0,0.0,1.0,1.0,90.0,90.0,0
2025-04-14 11:10:04,10.18,9.95,0.1,0.1,6.1,0.0,0.0,0.0,0.0,0.0,20.6,23.7,43.3,26.3,-128.7,-1.4,0.0,0.0,0.0,1.0,0.0,0.0,1.0,1.0,90.0,90.0,0
2025-04-14 11:10:05,10.17,9.95,0.1,0.1,6.2,0.0,0.0,0.0,0.0,0.0,20.6,23.7,43.3,26.3,-128.7,-1.4,0.0,0.0,0.0,1.0,0.0,0.0,1.0,1.0,90.0,90.0,0
2025-04-14 11:10:06,10.17,9.94,0.1,0.1,6.0,0.0,0.0,0.0,0.0,0.0,20.6,23.7,43.3,26.3,-128.7,-1.4,0.0,0.0,0.0,1.0,0.0,0.0,1.0,1.0,90.0,90.0,0
2025-04-14 11:10:07,10.17,9.96,0.1,0.1,7.0,0.0,0.0,0.0,0.0,0.0,20.6,23.7,43.2,26.3,-128.7,-1.4,0.0,0.0,0.0,1.0,0.0,0.0,1.0,1.0,90.0,90.0,0
2025-04-14 11:10:08,10.17,9.94,0.1,0.1,6.1,0.0,0.0,0.0,0.0,0.0,20.6,23.7,43.2,26.3,-128.7,-1.4,0.0,0.0,0.0,1.0,0.0,0.0,1.0,1.0,90.0,90.0,0
2025-04-14 11:10:09,10.18,9.95,0.1,0.1,6.4,0.0,0.0,0.0,0.0,0.0,20.6,23.7,43.2,26.3,-128.7,-1.4,0.0,0.0,0.0,1.0,0.0,0.0,1.0,1.0,90.0,90.0,0
2025-04-14 11:10:10,10.18,9.94,0.1,0.1,6.5,0.0,0.0,0.0,0.0,0.0,20.6,23.7,43.2,26.3,-128.7,-1.4,0.0,0.0,0.0,1.0,0.0,0.0,1.0,1.0,90.0,90.0,0
2025-04-14 11:10:11,10.19,9.95,0.1,0.1,6.4,0.0,0.0,0.0,0.0,0.0,20.6,23.7,43.2,26.3,-128.7,-1.4,0.0,0.0,0.0,1.0,0.0,0.0,1.0,1.0,90.0,90.0,0
2025-04-14 11:10:12,10.19,9.94,0.1,0.1,6.2,0.0,0.0,0.0,0.0,0.0,20.6,23.7,43.2,26.3,-128.7,-1.4,0.0,0.0,0.0,1.0,0.0,0.0,1.0,1.0,90.0,90.0,0
2025-04-14 11:10:13,10.17,9.95,0.1,0.1,6.5,0.0,0.0,0.0,0.0,0.0,20.6,23.7,43.2,26.3,-128.7,-1.4,0.0,0.0,0.0,1.0,0.0,0.0,1.0,1.0,90.0,90.0,0
2025-04-14 11:10:14,10.17,9.94,0.1,0.1,6.7,0.0,0.0,0.0,0.0,0.0,20.6,23.7,43.2,26.3,-128.7,-1.4,0.0,0.0,0.0,1.0,0.0,0.0,1.0,1.0,90.0,90.0,0
2025-04-14 11:10:15,10.17,9.94,0.1,0.1,6.6,0.0,0.0,0.0,0.0,0.0,20.6,23.7,43.2,26.3,-128.7,-1.4,0.0,0.0,0.0,1.0,0.0,0.0,1.0,1.0,90.0,90.0,0
2025-04-14 11:10:16,10.18,9.96,0.1,0.1,6.8,0.0,0.0,0.0,0.0,0.0,20.6,23.7,43.2,26.3,-128.7,-1.4,0.0,0.0,0.0,1.0,0.0,0.0,1.0,1.0,90.0,90.0,0
2025-04-14 11:10:17,10.17,9.94,0.1,0.1,6.5,0.0,0.0,0.0,0.0,0.0,20.6,23.7,43.2,26.3,-128.7,-1.4,0.0,0.0,0.0,1.0,0.0,0.0,1.0,1.0,90.0,90.0,0
2025-04-14 11:10:18,10.17,9.96,0.1,0.1,7.4,0.0,0.0,0.0,0.0,0.0,20.6,23.7,43.2,26.3,-128.7,-1.5,0.0,0.0,0.0,1.0,0.0,0.0,1.0,1.0,90.0,90.0,0
2025-04-14 11:10:19,10.17,9.94,0.1,0.1,6.7,0.0,0.0,0.0,0.0,0.0,20.6,23.7,43.2,26.3,-128.7,-1.4,0.0,0.0,0.0,1.0,0.0,0.0,1.0,1.0,90.0,90.0,0
2025-04-14 11:10:20,10.19,9.96,0.1,0.1,6.4,0.0,0.0,0.0,0.0,0.0,20.6,23.7,43.2,26.3,-128.7,-1.5,0.0,0.0,0.0,1.0,0.0,0.0,1.0,1.0,90.0,90.0,0
2025-04-14 11:10:21,10.19,9.94,0.1,0.1,5.8,0.0,0.0,0.0,0.0,0.0,20.6,23.7,43.2,26.3,-128.7,-1.4,0.0,0.0,0.0,1.0,0.0,0.0,1.0,1.0,90.0,90.0,0
2025-04-14 11:10:22,10.19,9.94,0.1,0.1,6.6,0.0,0.0,0.0,0.0,0.0,20.6,23.7,43.2,26.3,-128.7,-1.5,0.0,0.0,0.0,1.0,0.0,0.0,1.0,1.0,90.0,90.0,0
2025-04-14 11:10:23,10.19,9.94,0.1,0.1,6.2,0.0,0.0,0.0,0.0,0.0,20.6,23.7,43.2,26.3,-128.7,-1.4,0.0,0.0,0.0,1.0,0.0,0.0,1.0,1.0,90.0,90.0,0
2025-04-14 11:10:24,10.18,9.94,0.1,0.1,6.4,0.0,0.0,0.0,0.0,0.0,20.6,23.7,43.2,26.3,-128.7,-1.5,0.0,0.0,0.0,1.0,0.0,0.0,1.0,1.0,90.0,90.0,0
2025-04-14 11:10:25,10.17,9.96,0.1,0.1,6.9,0.0,0.0,0.0,0.0,0.0,20.6,23.7,43.2,26.3,-128.7,-1.4,0.0,0.0,0.0,1.0,0.0,0.0,1.0,1.0,90.0,90.0,0
2025-04-14 11:10:26,10.18,9.94,0.1,0.1,6.2,0.0,0.0,0.0,0.0,0.0,20.6,23.7,43.2,26.3,-128.7,-1.4,0.0,0.0,0.0,1.0,0.0,0.0,1.0,1.0,90.0,90.0,0
2025-04-14 11:10:27,10.18,9.96,0.1,0.1,6.9,0.0,0.0,0.0,0.0,0.0,20.6,23.7,43.2,26.3,-128.7,-1.5,0.0,0.0,0.0,1.0,0.0,0.0,1.0,1.0,90.0,90.0,0
2025-04-14 11:10:28,10.18,9.95,0.1,0.1,6.3,0.0,0.0,0.0,0.0,0.0,20.6,23.7,43.2,26.3,-128.7,-1.4,0.0,0.0,0.0,1.0,0.0,0.0,1.0,1.0,90.0,90.0,0
2025-04-14 11:10:29,10.18,9.96,0.1,0.1,7.0,0.0,0.0,0.0,0.0,0.0,20.6,23.7,43.2,26.3,-128.7,-1.5,0.0,0.0,0.0,1.0,0.0,0.0,1.0,1.0,90.0,90.0,0
2025-04-14 11:10:30,10.17,9.95,0.1,0.1,6.1,0.0,0.0,0.0,0.0,0.0,20.6,23.7,43.2,26.3,-128.7,-1.4,0.0,0.0,0.0,1.0,0.0,0.0,1.0,1.0,90.0,90.0,0
2025-04-14 11:10:31,10.19,9.96,0.1,0.1,6.0,0.0,0.0,0.0,0.0,0.0,20.6,23.7,43.2,26.3,-128.7,-1.5,0.0,0.0,0.0,1.0,0.0,0.0,1.0,1.0,90.0,90.0,0
2025-04-14 11:10:32,10.19,9.94,0.1,0.1,5.9,0.0,0.0,0.0,0.0,0.0,20.6,23.7,43.2,26.3,-128.7,-1.4,0.0,0.0,0.0,1.0,0.0,0.0,1.0,1.0,90.0,90.0,0
2025-04-14 11:10:33,10.19,9.96,0.1,0.1,6.4,0.0,0.0,0.0,0.0,0.0,20.6,23.7,43.2,26.3,-128.7,-1.5,0.0,0.0,0.0,1.0,0.0,0.0,1.0,1.0,90.0,90.0,0
2025-04-14 11:10:34,10.19,9.94,0.1,0.1,6.5,0.0,0.0,0.0,0.0,0.0,20.6,23.7,43.2,26.3,-128.7,-1.4,0.0,0.0,0.0,1.0,0.0,0.0,1.0,1.0,90.0,90.0,0
2025-04-14 11:10:35,10.18,9.96,0.1,0.1,6.6,0.0,0.0,0.0,0.0,0.0,20.6,23.7,43.2,26.3,-128.7,-1.5,0.0,0.0,0.0,1.0,0.0,0.0,1.0,1.0,90.0,90.0,0
2025-04-14 11:10:36,10.18,9.94,0.1,0.1,7.0,0.0,0.0,0.0,0.0,0.0,20.6,23.7,43.2,26.3,-128.7,-1.4,0.0,0.0,0.0,1.0,0.0,0.0,1.0,1.0,90.0,90.0,0
2025-04-14 11:10:37,10.18,9.94,0.1,0.1,6.1,0.0,0.0,0.0,0.0,0.0,20.6,23.7,43.2,26.3,-128.7,-1.5,0.0,0.0,0.0,1.0,0.0,0.0,1.0,1.0,90.0,90.0,0
2025-04-14 11:10:38,10.19,9.94,0.1,0.1,6.6,0.0,0.0,0.0,0.0,0.0,20.6,23.7,43.2,26.3,-128.7,-1.4,0.0,0.0,0.0,1.0,0.0,0.0,1.0,1.0,90.0,90.0,0
2025-04-14 11:10:39,10.17,9.94,0.1,0.1,6.6,0.0,0.0,0.0,0.0,0.0,20.6,23.7,43.2,26.3,-128.7,-1.4,0.0,0.0,0.0,1.0,0.0,0.0,1.0,1.0,90.0,90.0,0
2025-04-14 11:10:40,10.18,9.96,0.1,0.1,7.1,0.0,0.0,0.0,0.0,0.0,20.6,23.7,43.2,26.3,-128.7,-1.4,0.0,0.0,0.0,1.0,0.0,0.0,1.0,1.0,90.0,90.0,0
2025-04-14 11:10:41,10.18,9.94,0.1,0.1,6.9,0.0,0.0,0.0,0.0,0.0,20.6,23.7,43.2,26.3,-128.7,-1.4,0.0,0.0,0.0,1.0,0.0,0.0,1.0,1.0,90.0,90.0,0
2025-04-14 11:10:42,10.19,9.96,0.1,0.1,7.2,0.0,0.0,0.0,0.0,0.0,20.6,23.7,43.2,26.3,-128.7,-1.5,0.0,0.0,0.0,1.0,0.0,0.0,1.0,1.0,90.0,90.0,0
2025-04-14 11:10:43,10.19,9.94,0.1,0.1,6.2,0.0,0.0,0.0,0.0,0.0,20.6,23.7,43.2,26.3,-128.7,-1.4,0.0,0.0,0.0,1.0,0.0,0.0,1.0,1.0,90.0,90.0,0
2025-04-14 11:10:44,10.19,9.94,0.1,0.1,6.6,0.0,0.0,0.0,0.0,0.0,20.6,23.7,43.3,26.3,-128.7,-1.5,0.0,0.0,0.0,1.0,0.0,0.0,1.0,1.0,90.0,90.0,0
2025-04-14 11:10:45,10.19,9.94,0.1,0.1,6.5,0.0,0.0,0.0,0.0,0.0,20.6,23.7,43.3,26.3,-128.7,-1.4,0.0,0.0,0.0,1.0,0.0,0.0,1.0,1.0,90.0,90.0,0
2025-04-14 11:10:46,10.18,9.94,0.1,0.1,6.9,0.0,0.0,0.0,0.0,0.0,20.6,23.7,43.3,26.3,-128.7,-1.5,0.0,0.0,0.0,1.0,0.0,0.0,1.0,1.0,90.0,90.0,0
2025-04-14 11:10:47,10.18,9.96,0.1,0.1,6.6,0.0,0.0,0.0,0.0,0.0,20.6,23.7,43.3,26.3,-128.7,-1.4,0.0,0.0,0.0,1.0,0.0,0.0,1.0,1.0,90.0,90.0,0
2025-04-14 11:10:48,10.18,9.95,0.1,0.1,7.1,0.0,0.0,0.0,0.0,0.0,20.6,23.7,43.3,26.3,-128.7,-1.4,0.0,0.0,0.0,1.0,0.0,0.0,1.0,1.0,90.0,90.0,0
2025-04-14 11:10:49,10.18,9.96,0.1,0.1,7.0,0.0,0.0,0.0,0.0,0.0,20.6,23.7,43.3,26.3,-128.7,-1.4,0.0,0.0,0.0,1.0,0.0,0.0,1.0,1.0,90.0,90.0,0
2025-04-14 11:10:50,10.19,9.94,0.1,0.1,6.6,0.0,0.0,0.0,0.0,0.0,20.6,23.7,43.3,26.3,-128.7,-1.4,0.0,0.0,0.0,1.0,0.0,0.0,1.0,1.0,90.0,90.0,0
2025-04-14 11:10:51,10.19,9.96,0.1,0.1,6.5,0.0,0.0,0.0,0.0,0.0,20.6,23.7,43.3,26.3,-128.7,-1.5,0.0,0.0,0.0,1.0,0.0,0.0,1.0,1.0,90.0,90.0,0
2025-04-14 11:10:52,10.19,9.95,0.1,0.1,6.7,0.0,0.0,0.0,0.0,0.0,20.6,23.7,43.3,26.3,-128.7,-1.4,0.0,0.0,0.0,1.0,0.0,0.0,1.0,1.0,90.0,90.0,0
2025-04-14 11:10:53,10.19,9.94,0.1,0.1,6.3,0.0,0.0,0.0,0.0,0.0,20.6,23.7,43.3,26.3,-128.7,-1.4,0.0,0.0,0.0,1.0,0.0,0.0,1.0,1.0,90.0,90.0,0
2025-04-14 11:10:54,10.18,9.96,0.1,0.1,6.9,0.0,0.0,0.0,0.0,0.0,20.6,23.7,43.3,26.3,-128.7,-1.5,0.0,0.0,0.0,1.0,0.0,0.0,1.0,1.0,90.0,90.0,0
2025-04-14 11:10:55,10.18,9.95,0.1,0.1,6.2,0.0,0.0,0.0,0.0,0.0,20.6,23.7,43.3,26.3,-128.7,-1.4,0.0,0.0,0.0,1.0,0.0,0.0,1.0,1.0,90.0,90.0,0
2025-04-14 11:10:56,10.18,9.96,0.1,0.1,6.8,0.0,0.0,0.0,0.0,0.0,20.6,23.7,43.3,26.3,-128.7,-1.5,0.0,0.0,0.0,1.0,0.0,0.0,1.0,1.0,90.0,90.0,0
2025-04-14 11:10:57,10.19,9.96,0.1,0.1,6.6,0.0,0.0,0.0,0.0,0.0,20.6,23.7,43.3,26.3,-128.7,-1.5,0.0,0.0,0.0,1.0,0.0,0.0,1.0,1.0,90.0,90.0,0
2025-04-14 11:10:58,10.19,9.94,0.1,0.1,6.6,0.0,0.0,0.0,0.0,0.0,20.6,23.7,43.3,26.3,-128.7,-1.4,0.0,0.0,0.0,1.0,0.0,0.0,1.0,1.0,90.0,90.0,0
2025-04-14 11:10:59,10.21,9.96,0.1,0.1,7.0,0.0,0.0,0.0,0.0,0.0,20.6,23.7,43.4,26.3,-128.7,-1.5,0.0,0.0,0.0,1.0,0.0,0.0,1.0,1.0,90.0,90.0,0
2025-04-14 11:11:00,10.22,9.95,0.1,0.1,6.7,0.0,0.0,0.0,0.0,0.0,20.6,23.7,43.4,26.3,-128.7,-1.5,0.0,0.0,0.0,1.0,0.0,0.0,1.0,1.0,90.0,90.0,0
2025-04-14 11:11:01,10.19,9.95,0.1,0.1,7.3,0.0,0.0,0.0,0.0,0.0,20.6,23.7,43.3,26.3,-128.7,-1.5,0.0,0.0,0.0,1.0,0.0,0.0,1.0,1.0,90.0,90.0,0
2025-04-14 11:11:02,10.18,9.96,0.1,0.1,6.5,0.0,0.0,0.0,0.0,0.0,20.6,23.7,43.3,26.3,-128.7,-1.5,0.0,0.0,0.0,1.0,0.0,0.0,1.0,1.0,90.0,90.0,0
2025-04-14 11:11:03,10.19,9.95,0.1,0.1,6.9,0.0,0.0,0.0,0.0,0.0,20.6,23.7,43.3,26.3,-128.7,-1.4,0.0,0.0,0.0,1.0,0.0,0.0,1.0,1.0,90.0,90.0,0
2025-04-14 11:11:04,10.19,9.96,0.1,0.1,6.9,0.0,0.0,0.0,0.0,0.0,20.6,23.7,43.3,26.3,-128.7,-1.5,0.0,0.0,0.0,1.0,0.0,0.0,1.0,1.0,90.0,90.0,0
2025-04-14 11:11:05,10.21,9.96,0.1,0.1,6.6,0.0,0.0,0.0,0.0,0.0,20.6,23.7,43.3,26.3,-128.7,-1.5,0.0,0.0,0.0,1.0,0.0,0.0,1.0,1.0,90.0,90.0,0
2025-04-14 11:11:06,10.19,9.96,0.1,0.1,6.6,0.0,0.0,0.0,0.0,0.0,20.6,23.7,43.3,26.3,-128.7,-1.4,0.0,0.0,0.0,1.0,0.0,0.0,1.0,1.0,90.0,90.0,0
2025-04-14 11:11:07,10.19,9.96,0.1,0.1,6.6,0.0,0.0,0.0,0.0,0.0,20.6,23.7,43.3,26.3,-128.7,-1.5,0.0,0.0,0.0,1.0,0.0,0.0,1.0,1.0,90.0,90.0,0
2025-04-14 11:11:08,10.18,9.96,0.1,0.1,6.8,0.0,0.0,0.0,0.0,0.0,20.6,23.7,43.3,26.3,-128.7,-1.5,0.0,0.0,0.0,1.0,0.0,0.0,1.0,1.0,90.0,90.0,0
2025-04-14 11:11:09,10.19,9.97,0.1,0.1,6.6,0.0,0.0,0.0,0.0,0.0,20.6,23.7,43.3,26.3,-128.7,-1.5,0.0,0.0,0.0,1.0,0.0,0.0,1.0,1.0,90.0,90.0,0
2025-04-14 11:11:10,10.19,9.96,0.1,0.1,6.7,0.0,0.0,0.0,0.0,0.0,20.6,23.7,43.3,26.3,-128.7,-1.5,0.0,0.0,0.0,1.0,0.0,0.0,1.0,1.0,90.0,90.0,0
2025-04-14 11:11:11,10.19,9.96,0.1,0.1,6.1,0.0,0.0,0.0,0.0,0.0,20.6,23.7,43.3,26.3,-128.7,-1.4,0.0,0.0,0.0,1.0,0.0,0.0,1.0,1.0,90.0,90.0,0
2025-04-14 11:11:12,10.19,9.96,0.1,0.1,6.6,0.0,0.0,0.0,0.0,0.0,20.6,23.7,43.3,26.3,-128.7,-1.5,0.0,0.0,0.0,1.0,0.0,0.0,1.0,1.0,90.0,90.0,0
2025-04-14 11:11:13,10.19,9.96,0.1,0.1,6.5,0.0,0.0,0.0,0.0,0.0,20.6,23.7,43.3,26.3,-128.7,-1.4,0.0,0.0,0.0,1.0,0.0,0.0,1.0,1.0,90.0,90.0,0
2025-04-14 11:11:14,10.19,9.96,0.1,0.1,6.4,0.0,0.0,0.0,0.0,0.0,20.6,23.7,43.3,26.3,-128.7,-1.5,0.0,0.0,0.0,1.0,0.0,0.0,1.0,1.0,90.0,90.0,0
2025-04-14 11:11:15,10.19,9.97,0.1,0.1,6.4,0.0,0.0,0.0,0.0,0.0,20.6,23.7,43.3,26.3,-128.7,-1.5,0.0,0.0,0.0,1.0,0.0,0.0,1.0,1.0,90.0,90.0,0
2025-04-14 11:11:16,10.19,9.96,0.1,0.1,7.0,0.0,0.0,0.0,0.0,0.0,20.6,23.7,43.3,26.3,-128.7,-1.5,0.0,0.0,0.0,1.0,0.0,0.0,1.0,1.0,90.0,90.0,0
2025-04-14 11:11:17,10.21,9.96,0.1,0.1,6.3,0.0,0.0,0.0,0.0,0.0,20.6,23.7,43.2,26.3,-128.7,-1.5,0.0,0.0,0.0,1.0,0.0,0.0,1.0,1.0,90.0,90.0,0
2025-04-14 11:11:18,10.21,9.96,0.1,0.1,6.9,0.0,0.0,0.0,0.0,0.0,20.6,23.7,43.2,26.3,-128.7,-1.5,0.0,0.0,0.0,1.0,0.0,0.0,1.0,1.0,90.0,90.0,0
2025-04-14 11:11:19,10.19,9.96,0.1,0.1,6.4,0.0,0.0,0.0,0.0,0.0,20.6,23.7,43.2,26.3,-128.7,-1.5,0.0,0.0,0.0,1.0,0.0,0.0,1.0,1.0,90.0,90.0,0
2025-04-14 11:11:20,10.21,9.97,0.1,0.1,7.0,0.0,0.0,0.0,0.0,0.0,20.6,23.7,43.2,26.3,-128.7,-1.5,0.0,0.0,0.0,1.0,0.0,0.0,1.0,1.0,90.0,90.0,0
2025-04-14 11:11:21,10.19,9.96,0.1,0.1,6.9,0.0,0.0,0.0,0.0,0.0,20.6,23.7,43.2,26.3,-128.7,-1.5,0.0,0.0,0.0,1.0,0.0,0.0,1.0,1.0,90.0,90.0,0
2025-04-14 11:11:22,10.18,9.96,0.1,0.1,6.3,0.0,0.0,0.0,0.0,0.0,20.6,23.7,43.2,26.3,-128.7,-1.5,0.0,0.0,0.0,1.0,0.0,0.0,1.0,1.0,90.0,90.0,0
2025-04-14 11:11:23,10.19,9.96,0.1,0.1,6.8,0.0,0.0,0.0,0.0,0.0,20.6,23.7,43.2,26.3,-128.7,-1.5,0.0,0.0,0.0,1.0,0.0,0.0,1.0,1.0,90.0,90.0,0
2025-04-14 11:11:24,10.19,9.96,0.1,0.1,6.1,0.0,0.0,0.0,0.0,0.0,20.6,23.7,43.2,26.3,-128.7,-1.5,0.0,0.0,0.0,1.0,0.0,0.0,1.0,1.0,90.0,90.0,0
2025-04-14 11:11:25,10.21,9.97,0.1,0.1,6.5,0.0,0.0,0.0,0.0,0.0,20.6,23.7,43.2,26.3,-128.7,-1.5,0.0,0.0,0.0,1.0,0.0,0.0,1.0,1.0,90.0,90.0,0
2025-04-14 11:11:26,10.21,9.95,0.1,0.1,6.0,0.0,0.0,0.0,0.0,0.0,20.6,23.7,43.2,26.3,-128.7,-1.5,0.0,0.0,0.0,1.0,0.0,0.0,1.0,1.0,90.0,90.0,0
2025-04-14 11:11:27,10.21,9.97,0.1,0.1,6.6,0.0,0.0,0.0,0.0,0.0,20.6,23.7,43.2,26.3,-128.7,-1.5,0.0,0.0,0.0,1.0,0.0,0.0,1.0,1.0,90.0,90.0,0
2025-04-14 11:11:28,10.18,9.96,0.1,0.1,6.4,0.0,0.0,0.0,0.0,0.0,20.6,23.7,43.2,26.3,-128.7,-1.5,0.0,0.0,0.0,1.0,0.0,0.0,1.0,1.0,90.0,90.0,0
2025-04-14 11:11:29,10.19,9.97,0.1,0.1,6.2,0.0,0.0,0.0,0.0,0.0,20.6,23.7,43.2,26.3,-128.7,-1.5,0.0,0.0,0.0,1.0,0.0,0.0,1.0,1.0,90.0,90.0,0
2025-04-14 11:11:30,10.18,9.96,0.1,0.1,5.9,0.0,0.0,0.0,0.0,0.0,20.6,23.7,43.2,26.3,-128.7,-1.5,0.0,0.0,0.0,1.0,0.0,0.0,1.0,1.0,90.0,90.0,0
2025-04-14 11:11:31,10.21,9.96,0.1,0.1,7.0,0.0,0.0,0.0,0.0,0.0,20.6,23.7,43.2,26.3,-128.7,-1.5,0.0,0.0,0.0,1.0,0.0,0.0,1.0,1.0,90.0,90.0,0
2025-04-14 11:11:32,10.21,9.96,0.1,0.1,6.2,0.0,0.0,0.0,0.0,0.0,20.6,23.7,43.2,26.3,-128.7,-1.5,0.0,0.0,0.0,1.0,0.0,0.0,1.0,1.0,90.0,90.0,0
2025-04-14 11:11:33,10.21,9.96,0.1,0.1,6.8,0.0,0.0,0.0,0.0,0.0,20.6,23.7,43.2,26.3,-128.7,-1.5,0.0,0.0,0.0,1.0,0.0,0.0,1.0,1.0,90.0,90.0,0
2025-04-14 11:11:34,10.21,9.97,0.1,0.1,6.5,0.0,0.0,0.0,0.0,0.0,20.6,23.7,43.2,26.3,-128.7,-1.5,0.0,0.0,0.0,1.0,0.0,0.0,1.0,1.0,90.0,90.0,0
2025-04-14 11:11:35,10.19,9.96,0.1,0.1,6.7,0.0,0.0,0.0,0.0,0.0,20.6,23.7,43.2,26.3,-128.7,-1.5,0.0,0.0,0.0,1.0,0.0,0.0,1.0,1.0,90.0,90.0,0
2025-04-14 11:11:36,10.19,9.96,0.1,0.1,6.4,0.0,0.0,0.0,0.0,0.0,20.6,23.7,43.2,26.3,-128.7,-1.5,0.0,0.0,0.0,1.0,0.0,0.0,1.0,1.0,90.0,90.0,0
2025-04-14 11:11:37,10.19,9.96,0.1,0.1,6.6,0.0,0.0,0.0,0.0,0.0,20.6,23.7,43.2,26.3,-128.7,-1.5,0.0,0.0,0.0,1.0,0.0,0.0,1.0,1.0,90.0,90.0,0
2025-04-14 11:11:38,10.19,9.96,0.1,0.1,6.6,0.0,0.0,0.0,0.0,0.0,20.6,23.7,43.2,26.3,-128.7,-1.5,0.0,0.0,0.0,1.0,0.0,0.0,1.0,1.0,90.0,90.0,0
2025-04-14 11:11:39,10.21,9.97,0.1,0.1,6.3,0.0,0.0,0.0,0.0,0.0,20.6,23.7,43.2,26.3,-128.7,-1.5,0.0,0.0,0.0,1.0,0.0,0.0,1.0,1.0,90.0,90.0,0
2025-04-14 11:11:40,10.21,9.96,0.1,0.1,6.7,0.0,0.0,0.0,0.0,0.0,20.6,23.7,43.2,26.3,-128.7,-1.5,0.0,0.0,0.0,1.0,0.0,0.0,1.0,1.0,90.0,90.0,0
2025-04-14 11:11:41,10.21,9.96,0.1,0.1,6.6,0.0,0.0,0.0,0.0,0.0,20.6,23.7,43.2,26.3,-128.7,-1.5,0.0,0.0,0.0,1.0,0.0,0.0,1.0,1.0,90.0,90.0,0
2025-04-14 11:11:42,10.19,9.96,0.1,0.1,7.0,0.0,0.0,0.0,0.0,0.0,20.6,23.7,43.2,26.3,-128.7,-1.5,0.0,0.0,0.0,1.0,0.0,0.0,1.0,1.0,90.0,90.0,0
2025-04-14 11:11:43,10.19,9.96,0.1,0.1,6.5,0.0,0.0,0.0,0.0,0.0,20.6,23.7,43.2,26.3,-128.7,-1.5,0.0,0.0,0.0,1.0,0.0,0.0,1.0,1.0,90.0,90.0,0
2025-04-14 11:11:44,10.19,9.97,0.1,0.1,6.6,0.0,0.0,0.0,0.0,0.0,20.6,23.7,43.2,26.3,-128.7,-1.5,0.0,0.0,0.0,1.0,0.0,0.0,1.0,1.0,90.0,90.0,0
2025-04-14 11:11:45,10.19,9.96,0.1,0.1,5.8,0.0,0.0,0.0,0.0,0.0,20.6,23.7,43.2,26.3,-128.7,-1.5,0.0,0.0,0.0,1.0,0.0,0.0,1.0,1.0,90.0,90.0,0
2025-04-14 11:11:46,10.19,9.97,0.1,0.1,6.5,0.0,0.0,0.0,0.0,0.0,20.6,23.7,43.2,26.3,-128.7,-1.5,0.0,0.0,0.0,1.0,0.0,0.0,1.0,1.0,90.0,90.0,0
2025-04-14 11:11:47,10.19,9.96,0.1,0.1,6.6,0.0,0.0,0.0,0.0,0.0,20.6,23.7,43.2,26.3,-128.7,-1.5,0.0,0.0,0.0,1.0,0.0,0.0,1.0,1.0,90.0,90.0,0
2025-04-14 11:11:48,10.19,9.96,0.1,0.1,6.1,0.0,0.0,0.0,0.0,0.0,20.6,23.7,43.2,26.3,-128.7,-1.5,0.0,0.0,0.0,1.0,0.0,0.0,1.0,1.0,90.0,90.0,0
2025-04-14 11:11:49,10.22,9.97,0.1,0.1,7.5,0.0,0.0,0.0,0.0,0.0,20.6,23.7,43.2,26.3,-128.7,-1.5,0.0,0.0,0.0,1.0,0.0,0.0,1.0,1.0,90.0,90.0,0
2025-04-14 11:11:50,10.21,9.96,0.1,0.1,6.3,0.0,0.0,0.0,0.0,0.0,20.6,23.7,43.2,26.3,-128.7,-1.5,0.0,0.0,0.0,1.0,0.0,0.0,1.0,1.0,90.0,90.0,0
2025-04-14 11:11:51,10.22,9.97,0.1,0.1,6.6,0.0,0.0,0.0,0.0,0.0,20.6,23.7,43.2,26.3,-128.7,-1.5,0.0,0.0,0.0,1.0,0.0,0.0,1.0,1.0,90.0,90.0,0
2025-04-14 11:11:52,10.21,9.96,0.1,0.1,6.1,0.0,0.0,0.0,0.0,0.0,20.6,23.7,43.2,26.3,-128.7,-1.5,0.0,0.0,0.0,1.0,0.0,0.0,1.0,1.0,90.0,90.0,0
2025-04-14 11:11:53,10.21,9.97,0.1,0.1,6.6,0.0,0.0,0.0,0.0,0.0,20.6,23.7,43.2,26.3,-128.7,-1.5,0.0,0.0,0.0,1.0,0.0,0.0,1.0,1.0,90.0,90.0,0
2025-04-14 11:11:54,10.19,9.96,0.1,0.1,6.3,0.0,0.0,0.0,0.0,0.0,20.6,23.7,43.2,26.3,-128.7,-1.5,0.0,0.0,0.0,1.0,0.0,0.0,1.0,1.0,90.0,90.0,0
2025-04-14 11:11:55,10.19,9.98,0.1,0.1,6.8,0.0,0.0,0.0,0.0,0.0,20.6,23.7,43.1,26.3,-128.7,-1.5,0.0,0.0,0.0,1.0,0.0,0.0,1.0,1.0,90.0,90.0,0
2025-04-14 11:11:56,10.19,9.96,0.1,0.1,6.4,0.0,0.0,0.0,0.0,0.0,20.6,23.7,43.1,26.3,-128.7,-1.5,0.0,0.0,0.0,1.0,0.0,0.0,1.0,1.0,90.0,90.0,0
2025-04-14 11:11:57,10.19,9.97,0.1,0.1,7.1,0.0,0.0,0.0,0.0,0.0,20.6,23.7,43.1,26.3,-128.7,-1.5,0.0,0.0,0.0,1.0,0.0,0.0,1.0,1.0,90.0,90.0,0
2025-04-14 11:11:58,10.19,9.96,0.1,0.1,7.0,0.0,0.0,0.0,0.0,0.0,20.6,23.7,43.1,26.3,-128.7,-1.5,0.0,0.0,0.0,1.0,0.0,0.0,1.0,1.0,90.0,90.0,0
2025-04-14 11:11:59,10.19,9.98,0.1,0.1,6.5,0.0,0.0,0.0,0.0,0.0,20.6,23.7,43.1,26.3,-128.7,-1.5,0.0,0.0,0.0,1.0,0.0,0.0,1.0,1.0,90.0,90.0,0
2025-04-14 11:12:00,10.21,9.96,0.1,0.1,6.8,0.0,0.0,0.0,0.0,0.0,20.6,23.7,43.2,26.3,-128.7,-1.5,0.0,0.0,0.0,1.0,0.0,0.0,1.0,1.0,90.0,90.0,0
2025-04-14 11:12:01,10.19,9.98,0.1,0.1,6.1,0.0,0.0,0.0,0.0,0.0,20.6,23.7,43.2,26.3,-128.7,-1.6,0.0,0.0,0.0,1.0,0.0,0.0,1.0,1.0,90.0,90.0,0
2025-04-14 11:12:02,10.21,9.97,0.1,0.1,6.9,0.0,0.0,0.0,0.0,0.0,20.6,23.7,43.2,26.3,-128.7,-1.5,0.0,0.0,0.0,1.0,0.0,0.0,1.0,1.0,90.0,90.0,0
2025-04-14 11:12:03,10.21,9.98,0.1,0.1,6.4,0.0,0.0,0.0,0.0,0.0,20.6,23.7,43.2,26.3,-128.7,-1.6,0.0,0.0,0.0,1.0,0.0,0.0,1.0,1.0,90.0,90.0,0
2025-04-14 11:12:04,10.22,9.97,0.1,0.1,6.9,0.0,0.0,0.0,0.0,0.0,20.6,23.7,43.2,26.3,-128.7,-1.5,0.0,0.0,0.0,1.0,0.0,0.0,1.0,1.0,90.0,90.0,0
2025-04-14 11:12:05,10.21,9.97,0.1,0.1,6.7,0.0,0.0,0.0,0.0,0.0,20.6,23.7,43.2,26.3,-128.7,-1.5,0.0,0.0,0.0,1.0,0.0,0.0,1.0,1.0,90.0,90.0,0
2025-04-14 11:12:06,10.21,9.97,0.1,0.1,6.7,0.0,0.0,0.0,0.0,0.0,20.6,23.7,43.2,26.3,-128.7,-1.5,0.0,0.0,0.0,1.0,0.0,0.0,1.0,1.0,90.0,90.0,0
2025-04-14 11:12:07,10.21,9.97,0.1,0.1,6.9,0.0,0.0,0.0,0.0,0.0,20.6,23.7,43.2,26.3,-128.7,-1.5,0.0,0.0,0.0,1.0,0.0,0.0,1.0,1.0,90.0,90.0,0
2025-04-14 11:12:08,10.22,9.97,0.1,0.1,6.4,0.0,0.0,0.0,0.0,0.0,20.6,23.7,43.1,26.3,-128.7,-1.5,0.0,0.0,0.0,1.0,0.0,0.0,1.0,1.0,90.0,90.0,0
2025-04-14 11:12:09,10.19,9.96,0.1,0.1,7.1,0.0,0.0,0.0,0.0,0.0,20.6,23.7,43.1,26.3,-128.7,-1.5,0.0,0.0,0.0,1.0,0.0,0.0,1.0,1.0,90.0,90.0,0
2025-04-14 11:12:10,10.19,9.98,0.1,0.1,6.6,0.0,0.0,0.0,0.0,0.0,20.6,23.7,43.1,26.3,-128.7,-1.5,0.0,0.0,0.0,1.0,0.0,0.0,1.0,1.0,90.0,90.0,0
2025-04-14 11:12:11,10.19,9.96,0.1,0.1,6.9,0.0,0.0,0.0,0.0,0.0,20.6,23.7,43.1,26.3,-128.7,-1.5,0.0,0.0,0.0,1.0,0.0,0.0,1.0,1.0,90.0,90.0,0
2025-04-14 11:12:12,10.19,9.98,0.1,0.1,6.4,0.0,0.0,0.0,0.0,0.0,20.6,23.7,43.1,26.3,-128.7,-1.5,0.0,0.0,0.0,1.0,0.0,0.0,1.0,1.0,90.0,90.0,0
2025-04-14 11:12:13,10.19,9.96,0.1,0.1,6.7,0.0,0.0,0.0,0.0,0.0,20.6,23.7,43.1,26.3,-128.7,-1.5,0.0,0.0,0.0,1.0,0.0,0.0,1.0,1.0,90.0,90.0,0
2025-04-14 11:12:14,10.21,9.98,0.1,0.1,6.8,0.0,0.0,0.0,0.0,0.0,20.6,23.7,43.1,26.3,-128.7,-1.5,0.0,0.0,0.0,1.0,0.0,0.0,1.0,1.0,90.0,90.0,0
2025-04-14 11:12:15,10.21,9.97,0.1,0.1,6.9,0.0,0.0,0.0,0.0,0.0,20.6,23.7,43.1,26.3,-128.7,-1.5,0.0,0.0,0.0,1.0,0.0,0.0,1.0,1.0,90.0,90.0,0
2025-04-14 11:12:16,10.21,9.99,0.1,0.1,6.6,0.0,0.0,0.0,0.0,0.0,20.6,23.7,43.1,26.3,-128.7,-1.6,0.0,0.0,0.0,1.0,0.0,0.0,1.0,1.0,90.0,90.0,0
2025-04-14 11:12:17,10.22,9.97,0.1,0.1,6.6,0.0,0.0,0.0,0.0,0.0,20.6,23.7,43.1,26.3,-128.7,-1.5,0.0,0.0,0.0,1.0,0.0,0.0,1.0,1.0,90.0,90.0,0
2025-04-14 11:12:18,10.22,9.97,0.1,0.1,6.1,0.0,0.0,0.0,0.0,0.0,20.6,23.7,43.1,26.3,-128.7,-1.6,0.0,0.0,0.0,1.0,0.0,0.0,1.0,1.0,90.0,90.0,0
2025-04-14 11:12:19,10.22,9.97,0.1,0.1,6.0,0.0,0.0,0.0,0.0,0.0,20.6,23.7,43.0,26.3,-128.7,-1.5,0.0,0.0,0.0,1.0,0.0,0.0,1.0,1.0,90.0,90.0,0
2025-04-14 11:12:20,10.21,9.97,0.1,0.1,6.2,0.0,0.0,0.0,0.0,0.0,20.6,23.7,43.0,26.3,-128.7,-1.5,0.0,0.0,0.0,1.0,0.0,0.0,1.0,1.0,90.0,90.0,0
2025-04-14 11:12:21,10.21,9.97,0.1,0.1,6.6,0.0,0.0,0.0,0.0,0.0,20.6,23.7,43.0,26.3,-128.7,-1.5,0.0,0.0,0.0,1.0,0.0,0.0,1.0,1.0,90.0,90.0,0
2025-04-14 11:12:22,10.21,9.97,0.1,0.1,6.2,0.0,0.0,0.0,0.0,0.0,20.6,23.7,43.0,26.3,-128.7,-1.5,0.0,0.0,0.0,1.0,0.0,0.0,1.0,1.0,90.0,90.0,0
2025-04-14 11:12:23,10.21,9.97,0.1,0.1,6.4,0.0,0.0,0.0,0.0,0.0,20.6,23.7,43.0,26.3,-128.7,-1.5,0.0,0.0,0.0,1.0,0.0,0.0,1.0,1.0,90.0,90.0,0
2025-04-14 11:12:24,10.19,9.96,0.1,0.1,6.1,0.0,0.0,0.0,0.0,0.0,20.6,23.7,43.0,26.3,-128.7,-1.5,0.0,0.0,0.0,1.0,0.0,0.0,1.0,1.0,90.0,90.0,0
2025-04-14 11:12:25,10.21,9.97,0.1,0.1,6.1,0.0,0.0,0.0,0.0,0.0,20.6,23.7,43.0,26.3,-128.7,-1.5,0.0,0.0,0.0,1.0,0.0,0.0,1.0,1.0,90.0,90.0,0
2025-04-14 11:12:26,10.21,9.96,0.1,0.1,6.4,0.0,0.0,0.0,0.0,0.0,20.6,23.7,43.0,26.3,-128.7,-1.5,0.0,0.0,0.0,1.0,0.0,0.0,1.0,1.0,90.0,90.0,0
2025-04-14 11:12:27,10.19,9.98,0.1,0.1,6.1,0.0,0.0,0.0,0.0,0.0,20.6,23.7,43.0,26.3,-128.7,-1.5,0.0,0.0,0.0,1.0,0.0,0.0,1.0,1.0,90.0,90.0,0
2025-04-14 11:12:28,10.22,9.97,0.1,0.1,6.7,0.0,0.0,0.0,0.0,0.0,20.6,23.7,43.0,26.3,-128.7,-1.5,0.0,0.0,0.0,1.0,0.0,0.0,1.0,1.0,90.0,90.0,0
2025-04-14 11:12:29,10.22,9.98,0.1,0.1,6.8,0.0,0.0,0.0,0.0,0.0,20.6,23.7,43.0,26.3,-128.7,-1.5,0.0,0.0,0.0,1.0,0.0,0.0,1.0,1.0,90.0,90.0,0
2025-04-14 11:12:30,10.22,9.97,0.1,0.1,6.2,0.0,0.0,0.0,0.0,0.0,20.6,23.7,43.0,26.3,-128.7,-1.5,0.0,0.0,0.0,1.0,0.0,0.0,1.0,1.0,90.0,90.0,0
2025-04-14 11:12:31,10.22,9.97,0.1,0.1,6.7,0.0,0.0,0.0,0.0,0.0,20.6,23.7,43.0,26.3,-128.7,-1.6,0.0,0.0,0.0,1.0,0.0,0.0,1.0,1.0,90.0,90.0,0
2025-04-14 11:12:32,10.22,9.98,0.1,0.1,6.5,0.0,0.0,0.0,0.0,0.0,20.6,23.7,43.0,26.3,-128.7,-1.5,0.0,0.0,0.0,1.0,0.0,0.0,1.0,1.0,90.0,90.0,0
2025-04-14 11:12:33,10.21,9.97,0.1,0.1,6.8,0.0,0.0,0.0,0.0,0.0,20.7,23.7,43.0,26.3,-128.7,-1.6,0.0,0.0,0.0,1.0,0.0,0.0,1.0,1.0,90.0,90.0,0
2025-04-14 11:12:34,10.21,9.98,0.1,0.1,6.6,0.0,0.0,0.0,0.0,0.0,20.7,23.7,43.0,26.3,-128.7,-1.5,0.0,0.0,0.0,1.0,0.0,0.0,1.0,1.0,90.0,90.0,0
2025-04-14 11:12:35,10.21,9.97,0.1,0.1,7.0,0.0,0.0,0.0,0.0,0.0,20.7,23.7,43.0,26.3,-128.7,-1.5,0.0,0.0,0.0,1.0,0.0,0.0,1.0,1.0,90.0,90.0,0
2025-04-14 11:12:36,10.19,9.99,0.1,0.1,6.2,0.0,0.0,0.0,0.0,0.0,20.7,23.7,43.0,26.3,-128.7,-1.5,0.0,0.0,0.0,1.0,0.0,0.0,1.0,1.0,90.0,90.0,0
2025-04-14 11:12:37,10.21,9.96,0.1,0.1,6.4,0.0,0.0,0.0,0.0,0.0,20.7,23.7,43.0,26.3,-128.7,-1.5,0.0,0.0,0.0,1.0,0.0,0.0,1.0,1.0,90.0,90.0,0
2025-04-14 11:12:38,10.21,9.99,0.1,0.1,5.9,0.0,0.0,0.0,0.0,0.0,20.7,23.7,43.0,26.3,-128.7,-1.6,0.0,0.0,0.0,1.0,0.0,0.0,1.0,1.0,90.0,90.0,0
2025-04-14 11:12:39,10.22,9.98,0.1,0.1,7.0,0.0,0.0,0.0,0.0,0.0,20.7,23.7,43.0,26.3,-128.7,-1.5,0.0,0.0,0.0,1.0,0.0,0.0,1.0,1.0,90.0,90.0,0
2025-04-14 11:12:40,10.22,9.99,0.1,0.1,6.1,0.0,0.0,0.0,0.0,0.0,20.7,23.7,43.0,26.3,-128.7,-1.6,0.0,0.0,0.0,1.0,0.0,0.0,1.0,1.0,90.0,90.0,0
2025-04-14 11:12:41,10.22,9.99,0.1,0.1,6.8,0.0,0.0,0.0,0.0,0.0,20.7,23.7,43.0,26.3,-128.7,-1.5,0.0,0.0,0.0,1.0,0.0,0.0,1.0,1.0,90.0,90.0,0
2025-04-14 11:12:42,10.22,9.97,0.1,0.1,6.5,0.0,0.0,0.0,0.0,0.0,20.7,23.7,43.0,26.3,-128.7,-1.5,0.0,0.0,0.0,1.0,0.0,0.0,1.0,1.0,90.0,90.0,0
2025-04-14 11:12:43,10.19,9.99,0.1,0.1,7.2,0.0,0.0,0.0,0.0,0.0,20.7,23.7,43.0,26.3,-128.7,-1.6,0.0,0.0,0.0,1.0,0.0,0.0,1.0,1.0,90.0,90.0,0
2025-04-14 11:12:44,10.19,9.97,0.1,0.1,5.9,0.0,0.0,0.0,0.0,0.0,20.7,23.7,43.0,26.3,-128.7,-1.5,0.0,0.0,0.0,1.0,0.0,0.0,1.0,1.0,90.0,90.0,0
2025-04-14 11:12:45,10.21,9.98,0.1,0.1,6.3,0.0,0.0,0.0,0.0,0.0,20.7,23.7,43.0,26.3,-128.7,-1.5,0.0,0.0,0.0,1.0,0.0,0.0,1.0,1.0,90.0,90.0,0
2025-04-14 11:12:46,10.21,9.97,0.1,0.1,7.1,0.0,0.0,0.0,0.0,0.0,20.7,23.7,43.0,26.3,-128.7,-1.5,0.0,0.0,0.0,1.0,0.0,0.0,1.0,1.0,90.0,90.0,0
2025-04-14 11:12:47,10.22,9.97,0.1,0.1,7.2,0.0,0.0,0.0,0.0,0.0,20.7,23.7,42.9,26.3,-128.7,-1.5,0.0,0.0,0.0,1.0,0.0,0.0,1.0,1.0,90.0,90.0,0
2025-04-14 11:12:48,10.22,9.98,0.1,0.1,6.4,0.0,0.0,0.0,0.0,0.0,20.7,23.7,42.9,26.3,-128.7,-1.6,0.0,0.0,0.0,1.0,0.0,0.0,1.0,1.0,90.0,90.0,0
2025-04-14 11:12:49,10.22,9.97,0.1,0.1,6.4,0.0,0.0,0.0,0.0,0.0,20.7,23.7,42.9,26.3,-128.7,-1.5,0.0,0.0,0.0,1.0,0.0,0.0,1.0,1.0,90.0,90.0,0
2025-04-14 11:12:50,10.22,9.98,0.1,0.1,6.5,0.0,0.0,0.0,0.0,0.0,20.7,23.7,42.9,26.3,-128.7,-1.6,0.0,0.0,0.0,1.0,0.0,0.0,1.0,1.0,90.0,90.0,0
2025-04-14 11:12:51,10.19,9.98,0.1,0.1,6.3,0.0,0.0,0.0,0.0,0.0,20.7,23.7,42.9,26.3,-128.7,-1.5,0.0,0.0,0.0,1.0,0.0,0.0,1.0,1.0,90.0,90.0,0
2025-04-14 11:12:52,10.19,9.97,0.1,0.1,6.2,0.0,0.0,0.0,0.0,0.0,20.7,23.7,42.9,26.3,-128.7,-1.5,0.0,0.0,0.0,1.0,0.0,0.0,1.0,1.0,90.0,90.0,0
2025-04-14 11:12:53,10.21,9.99,0.1,0.1,7.2,0.0,0.0,0.0,0.0,0.0,20.7,23.7,42.9,26.3,-128.7,-1.6,0.0,0.0,0.0,1.0,0.0,0.0,1.0,1.0,90.0,90.0,0
2025-04-14 11:12:54,10.22,9.99,0.1,0.1,6.4,0.0,0.0,0.0,0.0,0.0,20.7,23.7,42.9,26.3,-128.7,-1.5,0.0,0.0,0.0,1.0,0.0,0.0,1.0,1.0,90.0,90.0,0
2025-04-14 11:12:55,10.22,9.99,0.1,0.1,7.0,0.0,0.0,0.0,0.0,0.0,20.7,23.7,42.9,26.3,-128.7,-1.6,0.0,0.0,0.0,1.0,0.0,0.0,1.0,1.0,90.0,90.0,0
2025-04-14 11:12:56,10.22,9.99,0.1,0.1,6.4,0.0,0.0,0.0,0.0,0.0,20.7,23.7,42.9,26.3,-128.7,-1.5,0.0,0.0,0.0,1.0,0.0,0.0,1.0,1.0,90.0,90.0,0
2025-04-14 11:12:57,10.21,9.97,0.1,0.1,6.3,0.0,0.0,0.0,0.0,0.0,20.7,23.7,42.9,26.3,-128.7,-1.6,0.0,0.0,0.0,1.0,0.0,0.0,1.0,1.0,90.0,90.0,0
2025-04-14 11:12:58,10.21,9.99,0.1,0.1,6.7,0.0,0.0,0.0,0.0,0.0,20.7,23.7,42.9,26.3,-128.7,-1.6,0.0,0.0,0.0,1.0,0.0,0.0,1.0,1.0,90.0,90.0,0
2025-04-14 11:12:59,10.21,9.97,0.1,0.1,6.5,0.0,0.0,0.0,0.0,0.0,20.7,23.7,42.9,26.3,-128.7,-1.5,0.0,0.0,0.0,1.0,0.0,0.0,1.0,1.0,90.0,90.0,0
2025-04-14 11:13:00,10.22,9.99,0.1,0.1,6.8,0.0,0.0,0.0,0.0,0.0,20.7,23.7,42.8,26.3,-128.7,-1.6,0.0,0.0,0.0,1.0,0.0,0.0,1.0,1.0,90.0,90.0,0
2025-04-14 11:13:01,10.21,9.97,0.1,0.1,6.2,0.0,0.0,0.0,0.0,0.0,20.7,23.7,42.8,26.3,-128.7,-1.5,0.0,0.0,0.0,1.0,0.0,0.0,1.0,1.0,90.0,90.0,0
2025-04-14 11:13:02,10.21,9.98,0.1,0.1,7.0,0.0,0.0,0.0,0.0,0.0,20.7,23.7,42.8,26.3,-128.7,-1.6,0.0,0.0,0.0,1.0,0.0,0.0,1.0,1.0,90.0,90.0,0
2025-04-14 11:13:03,10.22,9.99,0.1,0.1,7.2,0.0,0.0,0.0,0.0,0.0,20.7,23.7,42.8,26.3,-128.7,-1.6,0.0,0.0,0.0,1.0,0.0,0.0,1.0,1.0,90.0,90.0,0
2025-04-14 11:13:04,10.21,9.98,0.1,0.1,6.5,0.0,0.0,0.0,0.0,0.0,20.7,23.7,42.8,26.3,-128.7,-1.5,0.0,0.0,0.0,1.0,0.0,0.0,1.0,1.0,90.0,90.0,0
2025-04-14 11:13:05,10.22,9.99,0.1,0.1,7.2,0.0,0.0,0.0,0.0,0.0,20.7,23.7,42.8,26.3,-128.7,-1.6,0.0,0.0,0.0,1.0,0.0,0.0,1.0,1.0,90.0,90.0,0
2025-04-14 11:13:06,10.21,9.98,0.1,0.1,6.1,0.0,0.0,0.0,0.0,0.0,20.7,23.7,42.8,26.3,-128.7,-1.5,0.0,0.0,0.0,1.0,0.0,0.0,1.0,1.0,90.0,90.0,0
2025-04-14 11:13:07,10.22,9.98,0.1,0.1,7.0,0.0,0.0,0.0,0.0,0.0,20.7,23.7,42.8,26.3,-128.7,-1.6,0.0,0.0,0.0,1.0,0.0,0.0,1.0,1.0,90.0,90.0,0
2025-04-14 11:13:08,10.22,9.99,0.1,0.1,6.4,0.0,0.0,0.0,0.0,0.0,20.7,23.7,42.8,26.3,-128.7,-1.6,0.0,0.0,0.0,1.0,0.0,0.0,1.0,1.0,90.0,90.0,0
2025-04-14 11:13:09,10.22,9.98,0.1,0.1,6.6,0.0,0.0,0.0,0.0,0.0,20.7,23.7,42.8,26.3,-128.7,-1.5,0.0,0.0,0.0,1.0,0.0,0.0,1.0,1.0,90.0,90.0,0
2025-04-14 11:13:10,10.22,9.99,0.1,0.1,6.4,0.0,0.0,0.0,0.0,0.0,20.7,23.7,42.8,26.3,-128.7,-1.6,0.0,0.0,0.0,1.0,0.0,0.0,1.0,1.0,90.0,90.0,0
2025-04-14 11:13:11,10.22,9.97,0.1,0.1,6.4,0.0,0.0,0.0,0.0,0.0,20.7,23.7,42.8,26.3,-128.7,-1.5,0.0,0.0,0.0,1.0,0.0,0.0,1.0,1.0,90.0,90.0,0
2025-04-14 11:13:12,10.21,9.98,0.1,0.1,6.8,0.0,0.0,0.0,0.0,0.0,20.7,23.7,42.8,26.3,-128.7,-1.6,0.0,0.0,0.0,1.0,0.0,0.0,1.0,1.0,90.0,90.0,0
2025-04-14 11:13:13,10.19,9.99,0.1,0.1,6.5,0.0,0.0,0.0,0.0,0.0,20.7,23.7,42.8,26.3,-128.7,-1.5,0.0,0.0,0.0,1.0,0.0,0.0,1.0,1.0,90.0,90.0,0
2025-04-14 11:13:14,10.21,9.97,0.1,0.1,6.8,0.0,0.0,0.0,0.0,0.0,20.7,23.7,42.8,26.3,-128.7,-1.5,0.0,0.0,0.0,1.0,0.0,0.0,1.0,1.0,90.0,90.0,0
2025-04-14 11:13:15,10.21,9.99,0.1,0.1,6.2,0.0,0.0,0.0,0.0,0.0,20.7,23.7,42.8,26.3,-128.7,-1.5,0.0,0.0,0.0,1.0,0.0,0.0,1.0,1.0,90.0,90.0,0
2025-04-14 11:13:16,10.23,9.97,0.1,0.1,7.3,0.0,0.0,0.0,0.0,0.0,20.7,23.7,42.8,26.3,-128.7,-1.5,0.0,0.0,0.0,1.0,0.0,0.0,1.0,1.0,90.0,90.0,0
2025-04-14 11:13:17,10.22,9.99,0.1,0.1,6.8,0.0,0.0,0.0,0.0,0.0,20.7,23.7,42.8,26.3,-128.7,-1.6,0.0,0.0,0.0,1.0,0.0,0.0,1.0,1.0,90.0,90.0,0
2025-04-14 11:13:18,10.22,9.99,0.1,0.1,6.8,0.0,0.0,0.0,0.0,0.0,20.7,23.7,42.8,26.3,-128.7,-1.5,0.0,0.0,0.0,1.0,0.0,0.0,1.0,1.0,90.0,90.0,0
2025-04-14 11:13:19,10.22,9.97,0.1,0.1,6.7,0.0,0.0,0.0,0.0,0.0,20.7,23.7,42.8,26.3,-128.7,-1.5,0.0,0.0,0.0,1.0,0.0,0.0,1.0,1.0,90.0,90.0,0
2025-04-14 11:13:20,10.21,9.99,0.1,0.1,6.5,0.0,0.0,0.0,0.0,0.0,20.7,23.7,42.8,26.3,-128.7,-1.5,0.0,0.0,0.0,1.0,0.0,0.0,1.0,1.0,90.0,90.0,0
2025-04-14 11:13:21,10.21,9.98,0.1,0.1,7.2,0.0,0.0,0.0,0.0,0.0,20.7,23.7,42.8,26.3,-128.7,-1.5,0.0,0.0,0.0,1.0,0.0,0.0,1.0,1.0,90.0,90.0,0
2025-04-14 11:13:22,10.22,9.98,0.1,0.1,6.6,0.0,0.0,0.0,0.0,0.0,20.7,23.7,42.9,26.3,-128.7,-1.5,0.0,0.0,0.0,1.0,0.0,0.0,1.0,1.0,90.0,90.0,0
2025-04-14 11:13:23,10.22,9.99,0.1,0.1,7.2,0.0,0.0,0.0,0.0,0.0,20.7,23.7,42.9,26.3,-128.7,-1.5,0.0,0.0,0.0,1.0,0.0,0.0,1.0,1.0,90.0,90.0,0
2025-04-14 11:13:24,10.22,9.97,0.1,0.1,6.3,0.0,0.0,0.0,0.0,0.0,20.7,23.7,42.9,26.3,-128.7,-1.5,0.0,0.0,0.0,1.0,0.0,0.0,1.0,1.0,90.0,90.0,0
2025-04-14 11:13:25,10.22,9.99,0.1,0.1,6.7,0.0,0.0,0.0,0.0,0.0,20.7,23.7,42.9,26.3,-128.7,-1.6,0.0,0.0,0.0,1.0,0.0,0.0,1.0,1.0,90.0,90.0,0
2025-04-14 11:13:26,10.22,9.99,0.1,0.1,6.5,0.0,0.0,0.0,0.0,0.0,20.7,23.7,42.8,26.3,-128.7,-1.5,0.0,0.0,0.0,1.0,0.0,0.0,1.0,1.0,90.0,90.0,0
2025-04-14 11:13:27,10.22,9.97,0.1,0.1,6.4,0.0,0.0,0.0,0.0,0.0,20.7,23.7,42.8,26.3,-128.7,-1.5,0.0,0.0,0.0,1.0,0.0,0.0,1.0,1.0,90.0,90.0,0
2025-04-14 11:13:28,10.23,9.99,0.1,0.1,6.6,0.0,0.0,0.0,0.0,0.0,20.7,23.7,42.8,26.3,-128.7,-1.6,0.0,0.0,0.0,1.0,0.0,0.0,1.0,1.0,90.0,90.0,0
2025-04-14 11:13:29,10.22,9.99,0.1,0.1,6.3,0.0,0.0,0.0,0.0,0.0,20.7,23.7,42.8,26.3,-128.7,-1.5,0.0,0.0,0.0,1.0,0.0,0.0,1.0,1.0,90.0,90.0,0
2025-04-14 11:13:30,10.22,9.98,0.1,0.1,6.7,0.0,0.0,0.0,0.0,0.0,20.7,23.7,42.8,26.3,-128.7,-1.6,0.0,0.0,0.0,1.0,0.0,0.0,1.0,1.0,90.0,90.0,0
2025-04-14 11:13:31,10.22,10.0,0.1,0.1,6.8,0.0,0.0,0.0,0.0,0.0,20.7,23.7,42.8,26.3,-128.7,-1.6,0.0,0.0,0.0,1.0,0.0,0.0,1.0,1.0,90.0,90.0,0
2025-04-14 11:13:32,10.22,9.99,0.1,0.1,6.9,0.0,0.0,0.0,0.0,0.0,20.7,23.7,42.8,26.3,-128.7,-1.6,0.0,0.0,0.0,1.0,0.0,0.0,1.0,1.0,90.0,90.0,0
2025-04-14 11:13:33,10.22,9.99,0.1,0.1,6.4,0.0,0.0,0.0,0.0,0.0,20.7,23.7,42.8,26.3,-128.7,-1.6,0.0,0.0,0.0,1.0,0.0,0.0,1.0,1.0,90.0,90.0,0
2025-04-14 11:13:34,10.21,9.99,0.1,0.1,6.3,0.0,0.0,0.0,0.0,0.0,20.7,23.7,42.7,26.3,-128.7,-1.6,0.0,0.0,0.0,1.0,0.0,0.0,1.0,1.0,90.0,90.0,0
2025-04-14 11:13:35,10.21,9.99,0.1,0.1,6.8,0.0,0.0,0.0,0.0,0.0,20.7,23.7,42.7,26.3,-128.7,-1.5,0.0,0.0,0.0,1.0,0.0,0.0,1.0,1.0,90.0,90.0,0
2025-04-14 11:13:36,10.19,9.98,0.1,0.1,6.4,0.0,0.0,0.0,0.0,0.0,20.7,23.7,42.7,26.3,-128.7,-1.6,0.0,0.0,0.0,1.0,0.0,0.0,1.0,1.0,90.0,90.0,0
2025-04-14 11:13:37,10.21,10.0,0.1,0.1,5.8,0.0,0.0,0.0,0.0,0.0,20.7,23.7,42.7,26.3,-128.7,-1.6,0.0,0.0,0.0,1.0,0.0,0.0,1.0,1.0,90.0,90.0,0
2025-04-14 11:13:38,10.22,9.97,0.1,0.1,7.1,0.0,0.0,0.0,0.0,0.0,20.7,23.7,42.7,26.3,-128.7,-1.6,0.0,0.0,0.0,1.0,0.0,0.0,1.0,1.0,90.0,90.0,0
2025-04-14 11:13:39,10.22,10.0,0.1,0.1,6.6,0.0,0.0,0.0,0.0,0.0,20.7,23.7,42.7,26.3,-128.7,-1.6,0.0,0.0,0.0,1.0,0.0,0.0,1.0,1.0,90.0,90.0,0
2025-04-14 11:13:40,10.22,9.99,0.1,0.1,6.2,0.0,0.0,0.0,0.0,0.0,20.7,23.7,42.7,26.3,-128.7,-1.6,0.0,0.0,0.0,1.0,0.0,0.0,1.0,1.0,90.0,90.0,0
2025-04-14 11:13:41,10.22,9.98,0.1,0.1,6.8,0.0,0.0,0.0,0.0,0.0,20.7,23.7,42.7,26.3,-128.7,-1.5,0.0,0.0,0.0,1.0,0.0,0.0,1.0,1.0,90.0,90.0,0
2025-04-14 11:13:42,10.22,9.99,0.1,0.1,6.5,0.0,0.0,0.0,0.0,0.0,20.7,23.7,42.7,26.3,-128.7,-1.6,0.0,0.0,0.0,1.0,0.0,0.0,1.0,1.0,90.0,90.0,0
2025-04-14 11:13:43,10.23,9.99,0.1,0.1,6.5,0.0,0.0,0.0,0.0,0.0,20.7,23.7,42.7,26.3,-128.7,-1.6,0.0,0.0,0.0,1.0,0.0,0.0,1.0,1.0,90.0,90.0,0
2025-04-14 11:13:44,10.22,9.98,0.1,0.1,6.8,0.0,0.0,0.0,0.0,0.0,20.7,23.7,42.7,26.3,-128.7,-1.5,0.0,0.0,0.0,1.0,0.0,0.0,1.0,1.0,90.0,90.0,0
2025-04-14 11:13:45,10.21,9.99,0.1,0.1,6.4,0.0,0.0,0.0,0.0,0.0,20.7,23.7,42.7,26.3,-128.7,-1.6,0.0,0.0,0.0,1.0,0.0,0.0,1.0,1.0,90.0,90.0,0
2025-04-14 11:13:46,10.22,9.99,0.1,0.1,6.6,0.0,0.0,0.0,0.0,0.0,20.7,23.7,42.7,26.3,-128.7,-1.5,0.0,0.0,0.0,1.0,0.0,0.0,1.0,1.0,90.0,90.0,0
2025-04-14 11:13:47,10.22,9.98,0.1,0.1,6.8,0.0,0.0,0.0,0.0,0.0,20.7,23.7,42.7,26.3,-128.7,-1.6,0.0,0.0,0.0,1.0,0.0,0.0,1.0,1.0,90.0,90.0,0
2025-04-14 11:13:48,10.23,9.99,0.1,0.1,6.4,0.0,0.0,0.0,0.0,0.0,20.7,23.7,42.7,26.3,-128.7,-1.6,0.0,0.0,0.0,1.0,0.0,0.0,1.0,1.0,90.0,90.0,0
2025-04-14 11:13:49,10.23,9.97,0.1,0.1,6.2,0.0,0.0,0.0,0.0,0.0,20.7,23.7,42.7,26.3,-128.7,-1.5,0.0,0.0,0.0,1.0,0.0,0.0,1.0,1.0,90.0,90.0,0
2025-04-14 11:13:50,10.21,9.98,0.1,0.1,6.7,0.0,0.0,0.0,0.0,0.0,20.7,23.7,42.7,26.3,-128.7,-1.6,0.0,0.0,0.0,1.0,0.0,0.0,1.0,1.0,90.0,90.0,0
2025-04-14 11:13:51,10.22,9.99,0.1,0.1,6.6,0.0,0.0,0.0,0.0,0.0,20.7,23.7,42.7,26.3,-128.7,-1.6,0.0,0.0,0.0,1.0,0.0,0.0,1.0,1.0,90.0,90.0,0
2025-04-14 11:13:52,10.22,9.99,0.1,0.1,7.1,0.0,0.0,0.0,0.0,0.0,20.7,23.7,42.7,26.3,-128.7,-1.6,0.0,0.0,0.0,1.0,0.0,0.0,1.0,1.0,90.0,90.0,0
2025-04-14 11:13:53,10.23,9.98,0.1,0.1,6.9,0.0,0.0,0.0,0.0,0.0,20.7,23.7,42.7,26.3,-128.7,-1.6,0.0,0.0,0.0,1.0,0.0,0.0,1.0,1.0,90.0,90.0,0
2025-04-14 11:13:54,10.22,10.0,0.1,0.1,6.7,0.0,0.0,0.0,0.0,0.0,20.7,23.7,42.7,26.3,-128.7,-1.6,0.0,0.0,0.0,1.0,0.0,0.0,1.0,1.0,90.0,90.0,0
2025-04-14 11:13:55,10.22,9.98,0.1,0.1,6.8,0.0,0.0,0.0,0.0,0.0,20.7,23.7,42.7,26.3,-128.7,-1.5,0.0,0.0,0.0,1.0,0.0,0.0,1.0,1.0,90.0,90.0,0
2025-04-14 11:13:56,10.22,9.99,0.1,0.1,7.1,0.0,0.0,0.0,0.0,0.0,20.7,23.7,42.7,26.3,-128.7,-1.6,0.0,0.0,0.0,1.0,0.0,0.0,1.0,1.0,90.0,90.0,0
2025-04-14 11:13:57,10.22,9.99,0.1,0.1,6.4,0.0,0.0,0.0,0.0,0.0,20.7,23.7,42.7,26.3,-128.7,-1.5,0.0,0.0,0.0,1.0,0.0,0.0,1.0,1.0,90.0,90.0,0
2025-04-14 11:13:58,10.23,9.99,0.1,0.1,6.3,0.0,0.0,0.0,0.0,0.0,20.7,23.7,42.7,26.3,-128.7,-1.5,0.0,0.0,0.0,1.0,0.0,0.0,1.0,1.0,90.0,90.0,0
2025-04-14 11:13:59,10.23,9.98,0.1,0.1,6.9,0.0,0.0,0.0,0.0,0.0,20.7,23.7,42.7,26.3,-128.7,-1.6,0.0,0.0,0.0,1.0,0.0,0.0,1.0,1.0,90.0,90.0,0
2025-04-14 11:14:00,10.22,10.0,0.1,0.1,6.6,0.0,0.0,0.0,0.0,0.0,20.7,23.7,42.8,26.3,-128.7,-1.6,0.0,0.0,0.0,1.0,0.0,0.0,1.0,1.0,90.0,90.0,0
2025-04-14 11:14:01,10.22,9.99,0.1,0.1,6.8,0.0,0.0,0.0,0.0,0.0,20.7,23.7,42.8,26.3,-128.7,-1.6,0.0,0.0,0.0,1.0,0.0,0.0,1.0,1.0,90.0,90.0,0
2025-04-14 11:14:02,10.22,9.98,0.1,0.1,7.0,0.0,0.0,0.0,0.0,0.0,20.7,23.7,42.8,26.3,-128.7,-1.6,0.0,0.0,0.0,1.0,0.0,0.0,1.0,1.0,90.0,90.0,0
2025-04-14 11:14:03,10.23,9.99,0.1,0.1,6.4,0.0,0.0,0.0,0.0,0.0,20.7,23.7,42.8,26.3,-128.7,-1.6,0.0,0.0,0.0,1.0,0.0,0.0,1.0,1.0,90.0,90.0,0
2025-04-14 11:14:04,10.23,10.0,0.1,0.1,6.6,0.0,0.0,0.0,0.0,0.0,20.7,23.7,42.8,26.3,-128.7,-1.6,0.0,0.0,0.0,1.0,0.0,0.0,1.0,1.0,90.0,90.0,0
2025-04-14 11:14:05,10.22,9.99,0.1,0.1,6.6,0.0,0.0,0.0,0.0,0.0,20.7,23.7,42.8,26.3,-128.7,-1.6,0.0,0.0,0.0,1.0,0.0,0.0,1.0,1.0,90.0,90.0,0
2025-04-14 11:14:06,10.22,9.99,0.1,0.1,6.0,0.0,0.0,0.0,0.0,0.0,20.7,23.7,42.8,26.3,-128.7,-1.5,0.0,0.0,0.0,1.0,0.0,0.0,1.0,1.0,90.0,90.0,0
2025-04-14 11:14:07,10.23,9.99,0.1,0.1,6.3,0.0,0.0,0.0,0.0,0.0,20.7,23.7,42.7,26.3,-128.7,-1.6,0.0,0.0,0.0,1.0,0.0,0.0,1.0,1.0,90.0,90.0,0
2025-04-14 11:14:08,10.23,9.98,0.1,0.1,6.2,0.0,0.0,0.0,0.0,0.0,20.7,23.7,42.7,26.3,-128.7,-1.6,0.0,0.0,0.0,1.0,0.0,0.0,1.0,1.0,90.0,90.0,0
2025-04-14 11:14:09,10.22,10.0,0.1,0.1,6.5,0.0,0.0,0.0,0.0,0.0,20.7,23.7,42.7,26.3,-128.7,-1.6,0.0,0.0,0.0,1.0,0.0,0.0,1.0,1.0,90.0,90.0,0
2025-04-14 11:14:10,10.22,9.99,0.1,0.1,6.6,0.0,0.0,0.0,0.0,0.0,20.7,23.7,42.7,26.3,-128.7,-1.5,0.0,0.0,0.0,1.0,0.0,0.0,1.0,1.0,90.0,90.0,0
2025-04-14 11:14:11,10.22,9.98,0.1,0.1,6.5,0.0,0.0,0.0,0.0,0.0,20.7,23.7,42.7,26.3,-128.7,-1.5,0.0,0.0,0.0,1.0,0.0,0.0,1.0,1.0,90.0,90.0,0
2025-04-14 11:14:12,10.23,10.0,0.1,0.1,6.6,0.0,0.0,0.0,0.0,0.0,20.7,23.7,42.7,26.3,-128.7,-1.6,0.0,0.0,0.0,1.0,0.0,0.0,1.0,1.0,90.0,90.0,0
2025-04-14 11:14:13,10.23,10.0,0.1,0.1,6.3,0.0,0.0,0.0,0.0,0.0,20.7,23.7,42.7,26.3,-128.7,-1.6,0.0,0.0,0.0,1.0,0.0,0.0,1.0,1.0,90.0,90.0,0
2025-04-14 11:14:14,10.22,9.99,0.1,0.1,6.2,0.0,0.0,0.0,0.0,0.0,20.7,23.7,42.7,26.3,-128.7,-1.6,0.0,0.0,0.0,1.0,0.0,0.0,1.0,1.0,90.0,90.0,0
2025-04-14 11:14:15,10.22,9.99,0.1,0.1,6.9,0.0,0.0,0.0,0.0,0.0,20.7,23.7,42.7,26.3,-128.7,-1.6,0.0,0.0,0.0,1.0,0.0,0.0,1.0,1.0,90.0,90.0,0
2025-04-14 11:14:16,10.23,10.0,0.1,0.1,7.0,0.0,0.0,0.0,0.0,0.0,20.7,23.7,42.7,26.3,-128.7,-1.6,0.0,0.0,0.0,1.0,0.0,0.0,1.0,1.0,90.0,90.0,0
2025-04-14 11:14:17,10.22,9.98,0.1,0.1,6.3,0.0,0.0,0.0,0.0,0.0,20.7,23.7,42.7,26.3,-128.7,-1.6,0.0,0.0,0.0,1.0,0.0,0.0,1.0,1.0,90.0,90.0,0
2025-04-14 11:14:18,10.22,10.0,0.1,0.1,6.7,0.0,0.0,0.0,0.0,0.0,20.7,23.7,42.7,26.3,-128.7,-1.6,0.0,0.0,0.0,1.0,0.0,0.0,1.0,1.0,90.0,90.0,0
2025-04-14 11:14:19,10.22,10.0,0.1,0.1,6.5,0.0,0.0,0.0,0.0,0.0,20.7,23.7,42.7,26.3,-128.7,-1.6,0.0,0.0,0.0,1.0,0.0,0.0,1.0,1.0,90.0,90.0,0
2025-04-14 11:14:20,10.23,9.99,0.1,0.1,5.9,0.0,0.0,0.0,0.0,0.0,20.7,23.7,42.7,26.3,-128.7,-1.6,0.0,0.0,0.0,1.0,0.0,0.0,1.0,1.0,90.0,90.0,0
2025-04-14 11:14:21,10.23,9.99,0.1,0.1,6.4,0.0,0.0,0.0,0.0,0.0,20.7,23.7,42.7,26.3,-128.7,-1.6,0.0,0.0,0.0,1.0,0.0,0.0,1.0,1.0,90.0,90.0,0
2025-04-14 11:14:22,10.22,10.0,0.1,0.1,6.7,0.0,0.0,0.0,0.0,0.0,20.7,23.7,42.7,26.3,-128.7,-1.6,0.0,0.0,0.0,1.0,0.0,0.0,1.0,1.0,90.0,90.0,0
2025-04-14 11:14:23,10.23,9.99,0.1,0.1,6.4,0.0,0.0,0.0,0.0,0.0,20.7,23.7,42.7,26.3,-128.7,-1.6,0.0,0.0,0.0,1.0,0.0,0.0,1.0,1.0,90.0,90.0,0
2025-04-14 11:14:24,10.23,9.99,0.1,0.1,6.3,0.0,0.0,0.0,0.0,0.0,20.7,23.7,42.7,26.3,-128.7,-1.6,0.0,0.0,0.0,1.0,0.0,0.0,1.0,1.0,90.0,90.0,0
2025-04-14 11:14:25,10.23,10.0,0.1,0.1,6.8,0.0,0.0,0.0,0.0,0.0,20.7,23.7,42.7,26.3,-128.7,-1.6,0.0,0.0,0.0,1.0,0.0,0.0,1.0,1.0,90.0,90.0,0
2025-04-14 11:14:26,10.23,9.99,0.1,0.1,6.6,0.0,0.0,0.0,0.0,0.0,20.7,23.7,42.7,26.3,-128.7,-1.6,0.0,0.0,0.0,1.0,0.0,0.0,1.0,1.0,90.0,90.0,0
2025-04-14 11:14:27,10.22,9.99,0.1,0.1,6.0,0.0,0.0,0.0,0.0,0.0,20.7,23.7,42.7,26.3,-128.7,-1.6,0.0,0.0,0.0,1.0,0.0,0.0,1.0,1.0,90.0,90.0,0
2025-04-14 11:14:28,10.22,10.0,0.1,0.1,6.3,0.0,0.0,0.0,0.0,0.0,20.7,23.7,42.8,26.3,-128.7,-1.6,0.0,0.0,0.0,1.0,0.0,0.0,1.0,1.0,90.0,90.0,0
2025-04-14 11:14:29,10.22,9.99,0.1,0.1,6.7,0.0,0.0,0.0,0.0,0.0,20.7,23.7,42.8,26.3,-128.7,-1.6,0.0,0.0,0.0,1.0,0.0,0.0,1.0,1.0,90.0,90.0,0
2025-04-14 11:14:30,10.22,10.0,0.1,0.1,6.6,0.0,0.0,0.0,0.0,0.0,20.7,23.7,42.8,26.3,-128.7,-1.6,0.0,0.0,0.0,1.0,0.0,0.0,1.0,1.0,90.0,90.0,0
2025-04-14 11:14:31,10.23,10.0,0.1,0.1,6.2,0.0,0.0,0.0,0.0,0.0,20.7,23.7,42.8,26.3,-128.7,-1.6,0.0,0.0,0.0,1.0,0.0,0.0,1.0,1.0,90.0,90.0,0
2025-04-14 11:14:32,10.23,9.99,0.1,0.1,6.7,0.0,0.0,0.0,0.0,0.0,20.7,23.7,42.8,26.3,-128.7,-1.6,0.0,0.0,0.0,1.0,0.0,0.0,1.0,1.0,90.0,90.0,0
2025-04-14 11:14:33,10.22,10.0,0.1,0.1,6.8,0.0,0.0,0.0,0.0,0.0,20.7,23.7,42.8,26.3,-128.7,-1.6,0.0,0.0,0.0,1.0,0.0,0.0,1.0,1.0,90.0,90.0,0
2025-04-14 11:14:34,10.22,10.0,0.1,0.1,6.1,0.0,0.0,0.0,0.0,0.0,20.7,23.7,42.8,26.3,-128.7,-1.6,0.0,0.0,0.0,1.0,0.0,0.0,1.0,1.0,90.0,90.0,0
2025-04-14 11:14:35,10.23,10.0,0.1,0.1,6.5,0.0,0.0,0.0,0.0,0.0,20.7,23.7,42.8,26.3,-128.7,-1.6,0.0,0.0,0.0,1.0,0.0,0.0,1.0,1.0,90.0,90.0,0
2025-04-14 11:14:36,10.24,10.0,0.1,0.1,6.6,0.0,0.0,0.0,0.0,0.0,20.7,23.7,42.8,26.3,-128.7,-1.6,0.0,0.0,0.0,1.0,0.0,0.0,1.0,1.0,90.0,90.0,0
2025-04-14 11:14:37,10.24,10.0,0.1,0.1,7.2,0.0,0.0,0.0,0.0,0.0,20.7,23.7,42.8,26.3,-128.7,-1.6,0.0,0.0,0.0,1.0,0.0,0.0,1.0,1.0,90.0,90.0,0
2025-04-14 11:14:38,10.22,9.98,0.1,0.1,6.2,0.0,0.0,0.0,0.0,0.0,20.7,23.7,42.8,26.3,-128.7,-1.6,0.0,0.0,0.0,1.0,0.0,0.0,1.0,1.0,90.0,90.0,0
2025-04-14 11:14:39,10.22,10.0,0.1,0.1,6.3,0.0,0.0,0.0,0.0,0.0,20.7,23.7,42.7,26.3,-128.7,-1.6,0.0,0.0,0.0,1.0,0.0,0.0,1.0,1.0,90.0,90.0,0
2025-04-14 11:14:40,10.23,9.99,0.1,0.1,6.6,0.0,0.0,0.0,0.0,0.0,20.7,23.7,42.7,26.3,-128.7,-1.6,0.0,0.0,0.0,1.0,0.0,0.0,1.0,1.0,90.0,90.0,0
2025-04-14 11:14:41,10.23,9.99,0.1,0.1,6.0,0.0,0.0,0.0,0.0,0.0,20.7,23.7,42.7,26.3,-128.7,-1.6,0.0,0.0,0.0,1.0,0.0,0.0,1.0,1.0,90.0,90.0,0
2025-04-14 11:14:42,10.23,10.0,0.1,0.1,6.2,0.0,0.0,0.0,0.0,0.0,20.7,23.7,42.7,26.3,-128.7,-1.6,0.0,0.0,0.0,1.0,0.0,0.0,1.0,1.0,90.0,90.0,0
2025-04-14 11:14:43,10.22,10.0,0.1,0.1,6.8,0.0,0.0,0.0,0.0,0.0,20.7,23.7,42.7,26.3,-128.7,-1.6,0.0,0.0,0.0,1.0,0.0,0.0,1.0,1.0,90.0,90.0,0
2025-04-14 11:14:44,10.22,9.99,0.1,0.1,6.4,0.0,0.0,0.0,0.0,0.0,20.7,23.7,42.7,26.3,-128.7,-1.6,0.0,0.0,0.0,1.0,0.0,0.0,1.0,1.0,90.0,90.0,0
2025-04-14 11:14:45,10.23,10.0,0.1,0.1,5.9,0.0,0.0,0.0,0.0,0.0,20.7,23.7,42.7,26.3,-128.7,-1.6,0.0,0.0,0.0,1.0,0.0,0.0,1.0,1.0,90.0,90.0,0
2025-04-14 11:14:46,10.23,9.99,0.1,0.1,7.1,0.0,0.0,0.0,0.0,0.0,20.7,23.7,42.7,26.3,-128.7,-1.6,0.0,0.0,0.0,1.0,0.0,0.0,1.0,1.0,90.0,90.0,0
2025-04-14 11:14:47,10.24,10.0,0.1,0.1,6.7,0.0,0.0,0.0,0.0,0.0,20.7,23.7,42.7,26.3,-128.7,-1.6,0.0,0.0,0.0,1.0,0.0,0.0,1.0,1.0,90.0,90.0,0
2025-04-14 11:14:48,10.23,10.0,0.1,0.1,6.4,0.0,0.0,0.0,0.0,0.0,20.7,23.7,42.6,26.3,-128.7,-1.6,0.0,0.0,0.0,1.0,0.0,0.0,1.0,1.0,90.0,90.0,0
2025-04-14 11:14:49,10.23,9.99,0.1,0.1,7.3,0.0,0.0,0.0,0.0,0.0,20.7,23.7,42.6,26.3,-128.7,-1.6,0.0,0.0,0.0,1.0,0.0,0.0,1.0,1.0,90.0,90.0,0
2025-04-14 11:14:50,10.22,10.0,0.1,0.1,6.3,0.0,0.0,0.0,0.0,0.0,20.7,23.7,42.6,26.3,-128.7,-1.6,0.0,0.0,0.0,1.0,0.0,0.0,1.0,1.0,90.0,90.0,0
2025-04-14 11:14:51,10.22,10.0,0.1,0.1,6.3,0.0,0.0,0.0,0.0,0.0,20.7,23.7,42.6,26.3,-128.7,-1.6,0.0,0.0,0.0,1.0,0.0,0.0,1.0,1.0,90.0,90.0,0
2025-04-14 11:14:52,10.23,9.99,0.1,0.1,7.1,0.0,0.0,0.0,0.0,0.0,20.7,23.7,42.7,26.3,-128.7,-1.6,0.0,0.0,0.0,1.0,0.0,0.0,1.0,1.0,90.0,90.0,0
2025-04-14 11:14:53,10.24,10.0,0.1,0.1,6.7,0.0,0.0,0.0,0.0,0.0,20.7,23.7,42.7,26.3,-128.7,-1.6,0.0,0.0,0.0,1.0,0.0,0.0,1.0,1.0,90.0,90.0,0
2025-04-14 11:14:54,10.22,9.99,0.1,0.1,6.2,0.0,0.0,0.0,0.0,0.0,20.7,23.7,42.7,26.3,-128.7,-1.6,0.0,0.0,0.0,1.0,0.0,0.0,1.0,1.0,90.0,90.0,0
2025-04-14 11:14:55,10.22,10.0,0.1,0.1,6.5,0.0,0.0,0.0,0.0,0.0,20.7,23.7,42.7,26.3,-128.7,-1.6,0.0,0.0,0.0,1.0,0.0,0.0,1.0,1.0,90.0,90.0,0
2025-04-14 11:14:56,10.22,10.0,0.1,0.1,6.6,0.0,0.0,0.0,0.0,0.0,20.7,23.7,42.7,26.3,-128.7,-1.6,0.0,0.0,0.0,1.0,0.0,0.0,1.0,1.0,90.0,90.0,0
2025-04-14 11:14:57,10.24,10.0,0.1,0.1,6.6,0.0,0.0,0.0,0.0,0.0,20.7,23.7,42.7,26.3,-128.7,-1.6,0.0,0.0,0.0,1.0,0.0,0.0,1.0,1.0,90.0,90.0,0
2025-04-14 11:14:58,10.24,10.0,0.1,0.1,6.5,0.0,0.0,0.0,0.0,0.0,20.7,23.7,42.6,26.3,-128.7,-1.6,0.0,0.0,0.0,1.0,0.0,0.0,1.0,1.0,90.0,90.0,0
2025-04-14 11:14:59,10.24,10.0,0.1,0.1,7.3,0.0,0.0,0.0,0.0,0.0,20.7,23.7,42.6,26.3,-128.7,-1.6,0.0,0.0,0.0,1.0,0.0,0.0,1.0,1.0,90.0,90.0,0
2025-04-14 11:15:00,10.24,9.99,0.1,0.1,7.1,0.0,0.0,0.0,0.0,0.0,20.7,23.7,42.6,26.3,-128.7,-1.6,0.0,0.0,0.0,1.0,0.0,0.0,1.0,1.0,90.0,90.0,0
2026-01-01 06:00:00,9.83,9.58,0.1,0.1,6.7,0.0,0.0,0.0,0.0,0.0,19.31,23.8,26.82,29.2,-128.7,2.8,0.0,0.0,0.0,1.0,0.0,0.0,1.0,1.0,90.0,90.0,1
2026-01-01 06:00:01,9.84,9.58,0.1,0.1,6.5,0.0,0.0,0.0,0.0,0.0,19.31,23.8,26.82,29.2,-128.7,2.7,0.0,0.0,0.0,1.0,0.0,0.0,1.0,1.0,90.0,90.0,1
2026-01-01 06:00:02,9.84,9.58,0.1,0.1,6.5,0.0,0.0,0.0,0.0,0.0,19.31,23.8,26.91,29.2,-128.7,2.8,0.0,0.0,0.0,1.0,0.0,0.0,1.0,1.0,90.0,90.0,1
2026-01-01 06:00:03,9.84,9.58,0.1,0.1,6.9,0.0,0.0,0.0,0.0,0.0,19.31,23.8,27.09,29.2,-128.7,2.8,0.0,0.0,0.0,1.0,0.0,0.0,1.0,1.0,90.0,90.0,1
2026-01-01 06:00:04,9.84,9.58,0.1,0.1,6.8,0.0,0.0,0.0,0.0,0.0,19.31,23.8,27.09,29.2,-128.7,2.8,0.0,0.0,0.0,1.0,0.0,0.0,1.0,1.0,90.0,90.0,1
2026-01-01 06:00:05,9.84,9.58,0.1,0.1,6.3,0.0,0.0,0.0,0.0,0.0,19.31,23.8,27.27,29.2,-128.7,2.8,0.0,0.0,0.0,1.0,0.0,0.0,1.0,1.0,90.0,90.0,1
2026-01-01 06:00:06,9.83,9.58,0.1,0.1,6.5,0.0,0.0,0.0,0.0,0.0,19.31,23.8,27.27,29.2,-128.7,2.8,0.0,0.0,0.0,1.0,0.0,0.0,1.0,1.0,90.0,90.0,1
2026-01-01 06:00:07,9.84,9.57,0.1,0.1,6.2,0.0,0.0,0.0,0.0,0.0,19.31,23.8,27.36,29.2,-128.7,2.8,0.0,0.0,0.0,1.0,0.0,0.0,1.0,1.0,90.0,90.0,1
2026-01-01 06:00:08,9.83,9.58,0.1,0.1,6.6,0.0,0.0,0.0,0.0,0.0,19.31,23.8,27.36,29.2,-128.7,2.8,0.0,0.0,0.0,1.0,0.0,0.0,1.0,1.0,90.0,90.0,1
2026-01-01 06:00:09,9.83,9.58,0.1,0.1,6.4,0.0,0.0,0.0,0.0,0.0,19.31,23.8,27.45,29.3,-128.7,2.9,0.0,0.0,0.0,1.0,0.0,0.0,1.0,1.0,90.0,90.0,1
2026-01-01 06:00:10,9.83,9.58,0.1,0.1,6.3,0.0,0.0,0.0,0.0,0.0,19.31,23.8,27.45,29.3,-128.7,2.9,0.0,0.0,0.0,1.0,0.0,0.0,1.0,1.0,90.0,90.0,1
2026-01-01 06:00:11,9.83,9.57,0.1,0.1,6.6,0.0,0.0,0.0,0.0,0.0,19.31,23.8,27.63,29.3,-128.7,2.9,0.0,0.0,0.0,1.0,0.0,0.0,1.0,1.0,90.0,90.0,1
2026-01-01 06:00:12,9.83,9.58,0.1,0.1,6.1,0.0,0.0,0.0,0.0,0.0,19.31,23.8,27.63,29.3,-128.7,2.9,0.0,0.0,0.0,1.0,0.0,0.0,1.0,1.0,90.0,90.0,1
2026-01-01 06:00:13,9.83,9.57,0.1,0.1,6.4,0.0,0.0,0.0,0.0,0.0,19.31,23.8,27.72,29.3,-128.7,2.9,0.0,0.0,0.0,1.0,0.0,0.0,1.0,1.0,90.0,90.0,1
2026-01-01 06:00:14,9.83,9.58,0.1,0.1,6.1,0.0,0.0,0.0,0.0,0.0,19.31,23.8,27.72,29.3,-128.7,2.9,0.0,0.0,0.0,1.0,0.0,0.0,1.0,1.0,90.0,90.0,1
2026-01-01 06:00:15,9.82,9.56,0.1,0.1,6.3,0.0,0.0,0.0,0.0,0.0,19.31,23.8,27.9,29.3,-128.7,2.9,0.0,0.0,0.0,1.0,0.0,0.0,1.0,1.0,90.0,90.0,1
2026-01-01 06:00:16,9.83,9.58,0.1,0.1,6.2,0.0,0.0,0.0,0.0,0.0,19.31,23.8,27.99,29.3,-128.7,2.9,0.0,0.0,0.0,1.0,0.0,0.0,1.0,1.0,90.0,90.0,1
2026-01-01 06:00:17,9.84,9.58,0.1,0.1,6.3,0.0,0.0,0.0,0.0,0.0,19.21,23.8,27.99,29.3,-128.7,2.9,0.0,0.0,0.0,1.0,0.0,0.0,1.0,1.0,90.0,90.0,1
2026-01-01 06:00:18,9.84,9.57,0.1,0.1,6.2,0.0,0.0,0.0,0.0,0.0,19.21,23.8,28.08,29.3,-128.7,2.9,0.0,0.0,0.0,1.0,0.0,0.0,1.0,1.0,90.0,90.0,1
2026-01-01 06:00:19,9.84,9.58,0.1,0.1,6.5,0.0,0.0,0.0,0.0,0.0,19.21,23.8,28.08,29.3,-128.7,2.9,0.0,0.0,0.0,1.0,0.0,0.0,1.0,1.0,90.0,90.0,1
2026-01-01 06:00:20,9.84,9.57,0.1,0.1,6.2,0.0,0.0,0.0,0.0,0.0,19.21,23.8,28.17,29.3,-128.7,2.9,0.0,0.0,0.0,1.0,0.0,0.0,1.0,1.0,90.0,90.0,1
2026-01-01 06:00:21,9.84,9.58,0.1,0.1,6.3,0.0,0.0,0.0,0.0,0.0,19.21,23.8,28.17,29.3,-128.7,2.9,0.0,0.0,0.0,1.0,0.0,0.0,1.0,1.0,90.0,90.0,1
2026-01-01 06:00:22,9.83,9.57,0.1,0.1,6.1,0.0,0.0,0.0,0.0,0.0,19.21,23.8,28.26,29.3,-128.7,2.9,0.0,0.0,0.0,1.0,0.0,0.0,1.0,1.0,90.0,90.0,1
2026-01-01 06:00:23,9.83,9.58,0.1,0.1,6.0,0.0,0.0,0.0,0.0,0.0,19.21,23.8,28.26,29.3,-128.7,2.9,0.0,0.0,0.0,1.0,0.0,0.0,1.0,1.0,90.0,90.0,1
2026-01-01 06:00:24,9.83,9.57,0.1,0.1,6.2,0.0,0.0,0.0,0.0,0.0,19.21,23.8,28.44,29.3,-128.7,2.9,0.0,0.0,0.0,1.0,0.0,0.0,1.0,1.0,90.0,90.0,1
2026-01-01 06:00:25,9.83,9.58,0.1,0.1,6.1,0.0,0.0,0.0,0.0,0.0,19.21,23.8,28.44,29.3,-128.7,2.9,0.0,0.0,0.0,1.0,0.0,0.0,1.0,1.0,90.0,90.0,1
2026-01-01 06:00:26,9.82,9.57,0.1,0.1,6.5,0.0,0.0,0.0,0.0,0.0,19.21,23.8,28.53,29.3,-128.7,2.9,0.0,0.0,0.0,1.0,0.0,0.0,1.0,1.0,90.0,90.0,1
2026-01-01 06:00:27,9.83,9.58,0.1,0.1,6.1,0.0,0.0,0.0,0.0,0.0,19.21,23.8,28.53,29.3,-128.7,2.9,0.0,0.0,0.0,1.0,0.0,0.0,1.0,1.0,90.0,90.0,1
2026-01-01 06:00:28,9.83,9.56,0.1,0.1,6.4,0.0,0.0,0.0,0.0,0.0,19.21,23.8,28.62,29.3,-128.7,2.9,0.0,0.0,0.0,1.0,0.0,0.0,1.0,1.0,90.0,90.0,1
2026-01-01 06:00:29,9.83,9.58,0.1,0.1,6.4,0.0,0.0,0.0,0.0,0.0,19.21,23.8,28.62,29.3,-128.7,2.9,0.0,0.0,0.0,1.0,0.0,0.0,1.0,1.0,90.0,90.0,1
2026-01-01 06:00:30,9.82,9.56,0.1,0.1,6.4,0.0,0.0,0.0,0.0,0.0,19.21,23.8,28.8,29.3,-128.7,2.9,0.0,0.0,0.0,1.0,0.0,0.0,1.0,1.0,90.0,90.0,1
2026-01-01 06:00:31,9.84,9.58,0.1,0.1,6.1,0.0,0.0,0.0,0.0,0.0,19.21,23.8,28.89,29.3,-128.7,2.9,0.0,0.0,0.0,1.0,0.0,0.0,1.0,1.0,90.0,90.0,1
2026-01-01 06:00:32,9.84,9.56,0.1,0.1,6.3,0.0,0.0,0.0,0.0,0.0,19.21,23.8,28.89,29.3,-128.7,2.9,0.0,0.0,0.0,1.0,0.0,0.0,1.0,1.0,90.0,90.0,1
2026-01-01 06:00:33,9.84,9.57,0.1,0.1,6.3,0.0,0.0,0.0,0.0,0.0,19.21,23.8,28.98,29.3,-128.7,2.9,0.0,0.0,0.0,1.0,0.0,0.0,1.0,1.0,90.0,90.0,1
2026-01-01 06:00:34,9.84,9.58,0.1,0.1,6.4,0.0,0.0,0.0,0.0,0.0,19.21,23.8,28.98,29.3,-128.7,2.9,0.0,0.0,0.0,1.0,0.0,0.0,1.0,1.0,90.0,90.0,1
2026-01-01 06:00:35,9.84,9.56,0.1,0.1,6.0,0.0,0.0,0.0,0.0,0.0,19.21,23.8,29.07,29.3,-128.7,2.9,0.0,0.0,0.0,1.0,0.0,0.0,1.0,1.0,90.0,90.0,1
2026-01-01 06:00:36,9.83,9.58,0.1,0.1,6.4,0.0,0.0,0.0,0.0,0.0,19.21,23.8,29.07,29.3,-128.7,2.9,0.0,0.0,0.0,1.0,0.0,0.0,1.0,1.0,90.0,90.0,1
2026-01-01 06:00:37,9.82,9.56,0.1,0.1,6.3,0.0,0.0,0.0,0.0,0.0,19.21,23.8,29.25,29.3,-128.7,2.9,0.0,0.0,0.0,1.0,0.0,0.0,1.0,1.0,90.0,90.0,1
2026-01-01 06:00:38,9.83,9.58,0.1,0.1,6.1,0.0,0.0,0.0,0.0,0.0,19.21,23.8,29.25,29.3,-128.7,2.9,0.0,0.0,0.0,1.0,0.0,0.0,1.0,1.0,90.0,90.0,1
2026-01-01 06:00:39,9.83,9.57,0.1,0.1,6.9,0.0,0.0,0.0,0.0,0.0,19.21,23.8,29.34,29.3,-128.7,2.9,0.0,0.0,0.0,1.0,0.0,0.0,1.0,1.0,90.0,90.0,1
2026-01-01 06:00:40,9.83,9.58,0.1,0.1,6.2,0.0,0.0,0.0,0.0,0.0,19.21,23.8,29.34,29.3,-128.7,2.9,0.0,0.0,0.0,1.0,0.0,0.0,1.0,1.0,90.0,90.0,1
2026-01-01 06:00:41,9.83,9.57,0.1,0.1,6.5,0.0,0.0,0.0,0.0,0.0,19.21,23.8,29.43,29.3,-128.7,2.9,0.0,0.0,0.0,1.0,0.0,0.0,1.0,1.0,90.0,90.0,1
2026-01-01 06:00:42,9.83,9.56,0.1,0.1,6.1,0.0,0.0,0.0,0.0,0.0,19.21,23.8,29.43,29.3,-128.7,2.9,0.0,0.0,0.0,1.0,0.0,0.0,1.0,1.0,90.0,90.0,1
2026-01-01 06:00:43,9.83,9.58,0.1,0.1,6.2,0.0,0.0,0.0,0.0,0.0,19.21,23.8,29.52,29.3,-128.7,2.9,0.0,0.0,0.0,1.0,0.0,0.0,1.0,1.0,90.0,90.0,1
2026-01-01 06:00:44,9.83,9.56,0.1,0.1,6.8,0.0,0.0,0.0,0.0,0.0,19.21,23.8,29.61,29.3,-128.7,2.9,0.0,0.0,0.0,1.0,0.0,0.0,1.0,1.0,90.0,90.0,1
2026-01-01 06:00:45,9.83,9.57,0.1,0.1,7.0,0.0,0.0,0.0,0.0,0.0,19.21,23.8,29.61,29.3,-128.7,2.9,0.0,0.0,0.0,1.0,0.0,0.0,1.0,1.0,90.0,90.0,1
2026-01-01 06:00:46,9.83,9.57,0.1,0.1,6.3,0.0,0.0,0.0,0.0,0.0,19.21,23.8,29.7,29.3,-128.7,2.9,0.0,0.0,0.0,1.0,0.0,0.0,1.0,1.0,90.0,90.0,1
2026-01-01 06:00:47,9.83,9.57,0.1,0.1,6.6,0.0,0.0,0.0,0.0,0.0,19.21,23.8,29.7,29.3,-128.7,2.9,0.0,0.0,0.0,1.0,0.0,0.0,1.0,1.0,90.0,90.0,1
2026-01-01 06:00:48,9.83,9.57,0.1,0.1,6.3,0.0,0.0,0.0,0.0,0.0,19.21,23.8,29.79,29.3,-128.7,2.9,0.0,0.0,0.0,1.0,0.0,0.0,1.0,1.0,90.0,90.0,1
2026-01-01 06:00:49,9.83,9.56,0.1,0.1,6.7,0.0,0.0,0.0,0.0,0.0,19.21,23.8,29.79,29.3,-128.7,2.9,0.0,0.0,0.0,1.0,0.0,0.0,1.0,1.0,90.0,90.0,1
2026-01-01 06:00:50,9.83,9.57,0.1,0.1,6.2,0.0,0.0,0.0,0.0,0.0,19.21,23.8,29.88,29.3,-128.7,2.9,0.0,0.0,0.0,1.0,0.0,0.0,1.0,1.0,90.0,90.0,1
2026-01-01 06:00:51,9.83,9.57,0.1,0.1,6.8,0.0,0.0,0.0,0.0,0.0,19.21,23.8,29.88,29.3,-128.7,3.0,0.0,0.0,0.0,1.0,0.0,0.0,1.0,1.0,90.0,90.0,1
2026-01-01 06:00:52,9.83,9.56,0.1,0.1,6.4,0.0,0.0,0.0,0.0,0.0,19.21,23.8,29.97,29.4,-128.7,3.0,0.0,0.0,0.0,1.0,0.0,0.0,1.0,1.0,90.0,90.0,1
2026-01-01 06:00:53,9.83,9.58,0.1,0.1,7.0,0.0,0.0,0.0,0.0,0.0,19.21,23.8,29.97,29.4,-128.7,3.0,0.0,0.0,0.0,1.0,0.0,0.0,1.0,1.0,90.0,90.0,1
2026-01-01 06:00:54,9.82,9.56,0.1,0.1,6.0,0.0,0.0,0.0,0.0,0.0,19.21,23.8,30.06,29.4,-128.7,3.0,0.0,0.0,0.0,1.0,0.0,0.0,1.0,1.0,90.0,90.0,1
2026-01-01 06:00:55,9.83,9.57,0.1,0.1,6.4,0.0,0.0,0.0,0.0,0.0,19.21,23.8,30.06,29.4,-128.7,3.0,0.0,0.0,0.0,1.0,0.0,0.0,1.0,1.0,90.0,90.0,1
2026-01-01 06:00:56,9.83,9.57,0.1,0.1,6.6,0.0,0.0,0.0,0.0,0.0,19.21,23.8,30.15,29.4,-128.7,3.0,0.0,0.0,0.0,1.0,0.0,0.0,1.0,1.0,90.0,90.0,1
2026-01-01 06:00:57,9.82,9.57,0.1,0.1,6.5,0.0,0.0,0.0,0.0,0.0,19.21,23.8,30.15,29.4,-128.7,3.0,0.0,0.0,0.0,1.0,0.0,0.0,1.0,1.0,90.0,90.0,1
2026-01-01 06:00:58,9.84,9.57,0.1,0.1,6.8,0.0,0.0,0.0,0.0,0.0,19.21,23.8,30.24,29.4,-128.7,3.1,0.0,0.0,0.0,1.0,0.0,0.0,1.0,1.0,90.0,90.0,1
2026-01-01 06:00:59,9.83,9.55,0.1,0.1,6.4,0.0,0.0,0.0,0.0,0.0,19.21,23.8,30.33,29.4,-128.7,3.0,0.0,0.0,0.0,1.0,0.0,0.0,1.0,1.0,90.0,90.0,1
2026-01-01 06:01:00,9.84,9.57,0.1,0.1,6.5,0.0,0.0,0.0,0.0,0.0,19.21,23.8,30.33,29.4,-128.7,3.0,0.0,0.0,0.0,1.0,0.0,0.0,1.0,1.0,90.0,90.0,1
2026-01-01 06:01:01,9.83,9.55,0.1,0.1,6.2,0.0,0.0,0.0,0.0,0.0,19.21,23.8,30.33,29.4,-128.7,3.0,0.0,0.0,0.0,1.0,0.0,0.0,1.0,1.0,90.0,90.0,1
2026-01-01 06:01:02,9.83,9.58,0.1,0.1,6.7,0.0,0.0,0.0,0.0,0.0,19.21,23.8,30.33,29.4,-128.7,3.0,0.0,0.0,0.0,1.0,0.0,0.0,1.0,1.0,90.0,90.0,1
2026-01-01 06:01:03,9.82,9.56,0.1,0.1,6.7,0.0,0.0,0.0,0.0,0.0,19.21,23.8,30.42,29.4,-128.7,3.0,0.0,0.0,0.0,1.0,0.0,0.0,1.0,1.0,90.0,90.0,1
2026-01-01 06:01:04,9.83,9.57,0.1,0.1,6.5,0.0,0.0,0.0,0.0,0.0,19.21,23.8,30.42,29.4,-128.7,3.0,0.0,0.0,0.0,1.0,0.0,0.0,1.0,1.0,90.0,90.0,1
2026-01-01 06:01:05,9.83,9.57,0.1,0.1,6.5,0.0,0.0,0.0,0.0,0.0,19.21,23.8,30.51,29.4,-128.7,3.0,0.0,0.0,0.0,1.0,0.0,0.0,1.0,1.0,90.0,90.0,1
2026-01-01 06:01:06,9.84,9.55,0.1,0.1,6.2,0.0,0.0,0.0,0.0,0.0,19.21,23.8,30.51,29.4,-128.7,3.0,0.0,0.0,0.0,1.0,0.0,0.0,1.0,1.0,90.0,90.0,1
2026-01-01 06:01:07,9.84,9.58,0.1,0.1,6.7,0.0,0.0,0.0,0.0,0.0,19.21,23.8,30.6,29.4,-128.7,3.0,0.0,0.0,0.0,1.0,0.0,0.0,1.0,1.0,90.0,90.0,1
2026-01-01 06:01:08,9.84,9.55,0.1,0.1,6.0,0.0,0.0,0.0,0.0,0.0,19.21,23.8,30.6,29.4,-128.7,3.1,0.0,0.0,0.0,1.0,0.0,0.0,1.0,1.0,90.0,90.0,1
2026-01-01 06:01:09,9.83,9.58,0.1,0.1,6.8,0.0,0.0,0.0,0.0,0.0,19.21,23.8,30.69,29.4,-128.7,3.0,0.0,0.0,0.0,1.0,0.0,0.0,1.0,1.0,90.0,90.0,1
2026-01-01 06:01:10,9.83,9.56,0.1,0.1,6.7,0.0,0.0,0.0,0.0,0.0,19.11,23.8,30.69,29.4,-128.7,3.1,0.0,0.0,0.0,1.0,0.0,0.0,1.0,1.0,90.0,90.0,1
2026-01-01 06:01:11,9.82,9.57,0.1,0.1,6.3,0.0,0.0,0.0,0.0,0.0,19.11,23.8,30.78,29.4,-128.7,3.0,0.0,0.0,0.0,1.0,0.0,0.0,1.0,1.0,90.0,90.0,1
2026-01-01 06:01:12,9.82,9.56,0.1,0.1,6.5,0.0,0.0,0.0,0.0,0.0,19.11,23.8,30.87,29.4,-128.7,3.1,0.0,0.0,0.0,1.0,0.0,0.0,1.0,1.0,90.0,90.0,1
2026-01-01 06:01:13,9.83,9.56,0.1,0.1,6.6,0.0,0.0,0.0,0.0,0.0,19.11,23.8,30.87,29.4,-128.7,3.0,0.0,0.0,0.0,1.0,0.0,0.0,1.0,1.0,90.0,90.0,1
2026-01-01 06:01:14,9.82,9.57,0.1,0.1,6.5,0.0,0.0,0.0,0.0,0.0,19.11,23.8,30.87,29.4,-128.7,3.0,0.0,0.0,0.0,1.0,0.0,0.0,1.0,1.0,90.0,90.0,1
2026-01-01 06:01:15,9.82,9.55,0.1,0.1,6.6,0.0,0.0,0.0,0.0,0.0,19.11,23.8,30.87,29.4,-128.7,3.0,0.0,0.0,0.0,1.0,0.0,0.0,1.0,1.0,90.0,90.0,1
2026-01-01 06:01:16,9.82,9.58,0.1,0.1,6.7,0.0,0.0,0.0,0.0,0.0,19.11,23.8,30.96,29.4,-128.7,3.0,0.0,0.0,0.0,1.0,0.0,0.0,1.0,1.0,90.0,90.0,1
2026-01-01 06:01:17,9.8,9.55,0.1,0.1,6.2,0.0,0.0,0.0,0.0,0.0,19.11,23.8,30.96,29.4,-128.7,3.1,0.0,0.0,0.0,1.0,0.0,0.0,1.0,1.0,90.0,90.0,1
2026-01-01 06:01:18,9.83,9.56,0.1,0.1,6.3,0.0,0.0,0.0,0.0,0.0,19.11,23.8,31.05,29.4,-128.7,3.0,0.0,0.0,0.0,1.0,0.0,0.0,1.0,1.0,90.0,90.0,1
2026-01-01 06:01:19,9.83,9.56,0.1,0.1,6.8,0.0,0.0,0.0,0.0,0.0,19.11,23.8,31.05,29.4,-128.7,3.0,0.0,0.0,0.0,1.0,0.0,0.0,1.0,1.0,90.0,90.0,1
2026-01-01 06:01:20,9.83,9.55,0.1,0.1,6.5,0.0,0.0,0.0,0.0,0.0,19.11,23.8,31.14,29.4,-128.7,3.0,0.0,0.0,0.0,1.0,0.0,0.0,1.0,1.0,90.0,90.0,1
2026-01-01 06:01:21,9.83,9.57,0.1,0.1,6.5,0.0,0.0,0.0,0.0,0.0,19.11,23.8,31.14,29.4,-128.7,3.1,0.0,0.0,0.0,1.0,0.0,0.0,1.0,1.0,90.0,90.0,1
2026-01-01 06:01:22,9.83,9.55,0.1,0.1,6.7,0.0,0.0,0.0,0.0,0.0,19.11,23.8,31.23,29.4,-128.7,3.1,0.0,0.0,0.0,1.0,0.0,0.0,1.0,1.0,90.0,90.0,1
2026-01-01 06:01:23,9.83,9.57,0.1,0.1,6.8,0.0,0.0,0.0,0.0,0.0,19.11,23.8,31.23,29.4,-128.7,3.1,0.0,0.0,0.0,1.0,0.0,0.0,1.0,1.0,90.0,90.0,1
2026-01-01 06:01:24,9.8,9.55,0.1,0.1,6.4,0.0,0.0,0.0,0.0,0.0,19.11,23.8,31.32,29.4,-128.7,3.0,0.0,0.0,0.0,1.0,0.0,0.0,1.0,1.0,90.0,90.0,1
2026-01-01 06:01:25,9.82,9.57,0.1,0.1,7.0,0.0,0.0,0.0,0.0,0.0,19.11,23.8,31.32,29.4,-128.7,3.0,0.0,0.0,0.0,1.0,0.0,0.0,1.0,1.0,90.0,90.0,1
2026-01-01 06:01:26,9.82,9.55,0.1,0.1,6.4,0.0,0.0,0.0,0.0,0.0,19.11,23.8,31.32,29.4,-128.7,3.1,0.0,0.0,0.0,1.0,0.0,0.0,1.0,1.0,90.0,90.0,1
2026-01-01 06:01:27,9.8,9.56,0.1,0.1,6.5,0.0,0.0,0.0,0.0,0.0,19.11,23.8,31.41,29.4,-128.7,3.0,0.0,0.0,0.0,1.0,0.0,0.0,1.0,1.0,90.0,90.0,1
2026-01-01 06:01:28,9.82,9.56,0.1,0.1,7.0,0.0,0.0,0.0,0.0,0.0,19.11,23.8,31.41,29.4,-128.7,3.0,0.0,0.0,0.0,1.0,0.0,0.0,1.0,1.0,90.0,90.0,1
2026-01-01 06:01:29,9.83,9.56,0.1,0.1,6.9,0.0,0.0,0.0,0.0,0.0,19.11,23.7,31.5,29.4,-128.7,3.0,0.0,0.0,0.0,1.0,0.0,0.0,1.0,1.0,90.0,90.0,1
2026-01-01 06:01:30,9.83,9.56,0.1,0.1,6.3,0.0,0.0,0.0,0.0,0.0,19.11,23.7,31.5,29.4,-128.7,3.1,0.0,0.0,0.0,1.0,0.0,0.0,1.0,1.0,90.0,90.0,1
2026-01-01 06:01:31,9.83,9.56,0.1,0.1,6.6,0.0,0.0,0.0,0.0,0.0,19.11,23.7,31.59,29.4,-128.7,3.0,0.0,0.0,0.0,1.0,0.0,0.0,1.0,1.0,90.0,90.0,1
2026-01-01 06:01:32,9.83,9.57,0.1,0.1,6.2,0.0,0.0,0.0,0.0,0.0,19.11,23.7,31.59,29.4,-128.7,3.0,0.0,0.0,0.0,1.0,0.0,0.0,1.0,1.0,90.0,90.0,1
2026-01-01 06:01:33,9.82,9.56,0.1,0.1,6.3,0.0,0.0,0.0,0.0,0.0,19.11,23.7,31.59,29.4,-128.7,3.0,0.0,0.0,0.0,1.0,0.0,0.0,1.0,1.0,90.0,90.0,1
2026-01-01 06:01:34,9.83,9.57,0.1,0.1,6.9,0.0,0.0,0.0,0.0,0.0,19.11,23.7,31.59,29.4,-128.7,3.0,0.0,0.0,0.0,1.0,0.0,0.0,1.0,1.0,90.0,90.0,1
2026-01-01 06:01:35,9.83,9.56,0.1,0.1,6.5,0.0,0.0,0.0,0.0,0.0,19.11,23.7,31.68,29.4,-128.7,3.1,0.0,0.0,0.0,1.0,0.0,0.0,1.0,1.0,90.0,90.0,1
2026-01-01 06:01:36,9.83,9.56,0.1,0.1,6.4,0.0,0.0,0.0,0.0,0.0,19.11,23.7,31.68,29.4,-128.7,3.0,0.0,0.0,0.0,1.0,0.0,0.0,1.0,1.0,90.0,90.0,1
2026-01-01 06:01:37,9.82,9.57,0.1,0.1,6.9,0.0,0.0,0.0,0.0,0.0,19.11,23.7,31.77,29.4,-128.7,3.1,0.0,0.0,0.0,1.0,0.0,0.0,1.0,1.0,90.0,90.0,1
2026-01-01 06:01:38,9.82,9.55,0.1,0.1,6.4,0.0,0.0,0.0,0.0,0.0,19.11,23.7,31.77,29.4,-128.7,3.0,0.0,0.0,0.0,1.0,0.0,0.0,1.0,1.0,90.0,90.0,1
2026-01-01 06:01:39,9.82,9.57,0.1,0.1,6.3,0.0,0.0,0.0,0.0,0.0,19.11,23.7,31.77,29.4,-128.7,3.0,0.0,0.0,0.0,1.0,0.0,0.0,1.0,1.0,90.0,90.0,1
2026-01-01 06:01:40,9.82,9.55,0.1,0.1,6.8,0.0,0.0,0.0,0.0,0.0,19.11,23.7,31.86,29.4,-128.7,3.1,0.0,0.0,0.0,1.0,0.0,0.0,1.0,1.0,90.0,90.0,1
2026-01-01 06:01:41,9.83,9.57,0.1,0.1,6.0,0.0,0.0,0.0,0.0,0.0,19.11,23.7,31.86,29.4,-128.7,3.0,0.0,0.0,0.0,1.0,0.0,0.0,1.0,1.0,90.0,90.0,1
2026-01-01 06:01:42,9.83,9.56,0.1,0.1,6.4,0.0,0.0,0.0,0.0,0.0,19.11,23.7,31.95,29.4,-128.7,3.0,0.0,0.0,0.0,1.0,0.0,0.0,1.0,1.0,90.0,90.0,1
2026-01-01 06:01:43,9.83,9.56,0.1,0.1,6.6,0.0,0.0,0.0,0.0,0.0,19.11,23.7,31.95,29.4,-128.7,3.0,0.0,0.0,0.0,1.0,0.0,0.0,1.0,1.0,90.0,90.0,1
2026-01-01 06:01:44,9.82,9.56,0.1,0.1,6.1,0.0,0.0,0.0,0.0,0.0,19.11,23.7,31.95,29.4,-128.7,3.1,0.0,0.0,0.0,1.0,0.0,0.0,1.0,1.0,90.0,90.0,1
2026-01-01 06:01:45,9.83,9.56,0.1,0.1,6.4,0.0,0.0,0.0,0.0,0.0,19.11,23.7,31.95,29.4,-128.7,3.0,0.0,0.0,0.0,1.0,0.0,0.0,1.0,1.0,90.0,90.0,1
2026-01-01 06:01:46,9.82,9.57,0.1,0.1,6.9,0.0,0.0,0.0,0.0,0.0,19.11,23.7,32.04,29.4,-128.7,3.0,0.0,0.0,0.0,1.0,0.0,0.0,1.0,1.0,90.0,90.0,1
2026-01-01 06:01:47,9.82,9.55,0.1,0.1,6.4,0.0,0.0,0.0,0.0,0.0,19.11,23.7,32.04,29.4,-128.7,3.0,0.0,0.0,0.0,1.0,0.0,0.0,1.0,1.0,90.0,90.0,1
2026-01-01 06:01:48,9.83,9.57,0.1,0.1,6.4,0.0,0.0,0.0,0.0,0.0,19.11,23.7,32.04,29.4,-128.7,3.0,0.0,0.0,0.0,1.0,0.0,0.0,1.0,1.0,90.0,90.0,1
2026-01-01 06:01:49,9.83,9.55,0.1,0.1,6.1,0.0,0.0,0.0,0.0,0.0,19.11,23.7,32.04,29.4,-128.7,3.0,0.0,0.0,0.0,1.0,0.0,0.0,1.0,1.0,90.0,90.0,1
2026-01-01 06:01:50,9.83,9.56,0.1,0.1,6.2,0.0,0.0,0.0,0.0,0.0,19.11,23.7,32.13,29.4,-128.7,3.0,0.0,0.0,0.0,1.0,0.0,0.0,1.0,1.0,90.0,90.0,1
2026-01-01 06:01:51,9.84,9.56,0.1,0.1,6.9,0.0,0.0,0.0,0.0,0.0,19.11,23.7,32.13,29.4,-128.7,3.0,0.0,0.0,0.0,1.0,0.0,0.0,1.0,1.0,90.0,90.0,1
2026-01-01 06:01:52,9.83,9.56,0.1,0.1,6.6,0.0,0.0,0.0,0.0,0.0,19.11,23.7,32.13,29.4,-128.7,3.0,0.0,0.0,0.0,1.0,0.0,0.0,1.0,1.0,90.0,90.0,1
2026-01-01 06:01:53,9.83,9.58,0.1,0.1,6.1,0.0,0.0,0.0,0.0,0.0,19.11,23.7,32.13,29.5,-128.7,3.2,0.0,0.0,0.0,1.0,0.0,0.0,1.0,1.0,90.0,90.0,1
2026-01-01 06:01:54,9.83,9.56,0.1,0.1,6.7,0.0,0.0,0.0,0.0,0.0,19.11,23.7,32.22,29.5,-128.7,3.1,0.0,0.0,0.0,1.0,0.0,0.0,1.0,1.0,90.0,90.0,1
2026-01-01 06:01:55,9.83,9.58,0.1,0.1,6.2,0.0,0.0,0.0,0.0,0.0,19.11,23.7,32.22,29.5,-128.7,3.1,0.0,0.0,0.0,1.0,0.0,0.0,1.0,1.0,90.0,90.0,1
2026-01-01 06:01:56,9.83,9.56,0.1,0.1,6.6,0.0,0.0,0.0,0.0,0.0,19.11,23.7,32.22,29.5,-128.7,3.1,0.0,0.0,0.0,1.0,0.0,0.0,1.0,1.0,90.0,90.0,1
2026-01-01 06:01:57,9.83,9.58,0.1,0.1,6.1,0.0,0.0,0.0,0.0,0.0,19.11,23.7,32.31,29.5,-128.7,3.1,0.0,0.0,0.0,1.0,0.0,0.0,1.0,1.0,90.0,90.0,1
2026-01-01 06:01:58,9.83,9.56,0.1,0.1,6.5,0.0,0.0,0.0,0.0,0.0,19.11,23.7,32.31,29.5,-128.7,3.1,0.0,0.0,0.0,1.0,0.0,0.0,1.0,1.0,90.0,90.0,1
2026-01-01 06:01:59,9.84,9.56,0.1,0.1,6.3,0.0,0.0,0.0,0.0,0.0,19.11,23.7,32.4,29.5,-128.7,3.1,0.0,0.0,0.0,1.0,0.0,0.0,1.0,1.0,90.0,90.0,1
2026-01-01 06:02:00,9.84,9.58,0.1,0.1,6.9,0.0,0.0,0.0,0.0,0.0,19.11,23.7,32.4,29.5,-128.7,3.1,0.0,0.0,0.0,1.0,0.0,0.0,1.0,1.0,90.0,90.0,1
2026-01-01 06:02:01,9.84,9.56,0.1,0.1,6.5,0.0,0.0,0.0,0.0,0.0,19.11,23.7,32.4,29.5,-128.7,3.1,0.0,0.0,0.0,1.0,0.0,0.0,1.0,1.0,90.0,90.0,1
2026-01-01 06:02:02,9.84,9.58,0.1,0.1,6.4,0.0,0.0,0.0,0.0,0.0,19.11,23.7,32.4,29.5,-128.7,3.1,0.0,0.0,0.0,1.0,0.0,0.0,1.0,1.0,90.0,90.0,1
2026-01-01 06:02:03,9.82,9.56,0.1,0.1,6.9,0.0,0.0,0.0,0.0,0.0,19.11,23.7,32.49,29.5,-128.7,3.1,0.0,0.0,0.0,1.0,0.0,0.0,1.0,1.0,90.0,90.0,1
2026-01-01 06:02:04,9.82,9.57,0.1,0.1,6.1,0.0,0.0,0.0,0.0,0.0,19.11,23.7,32.49,29.5,-128.7,3.1,0.0,0.0,0.0,1.0,0.0,0.0,1.0,1.0,90.0,90.0,1
2026-01-01 06:02:05,9.83,9.58,0.1,0.1,6.4,0.0,0.0,0.0,0.0,0.0,19.11,23.7,32.58,29.5,-128.7,3.1,0.0,0.0,0.0,1.0,0.0,0.0,1.0,1.0,90.0,90.0,1
2026-01-01 06:02:06,9.83,9.56,0.1,0.1,6.8,0.0,0.0,0.0,0.0,0.0,19.11,23.7,32.58,29.5,-128.7,3.1,0.0,0.0,0.0,1.0,0.0,0.0,1.0,1.0,90.0,90.0,1
2026-01-01 06:02:07,9.83,9.57,0.1,0.1,6.8,0.0,0.0,0.0,0.0,0.0,19.11,23.7,32.58,29.5,-128.7,3.1,0.0,0.0,0.0,1.0,0.0,0.0,1.0,1.0,90.0,90.0,1
2026-01-01 06:02:08,9.84,9.56,0.1,0.1,6.5,0.0,0.0,0.0,0.0,0.0,19.11,23.7,32.67,29.5,-128.7,3.1,0.0,0.0,0.0,1.0,0.0,0.0,1.0,1.0,90.0,90.0,1
2026-01-01 06:02:09,9.84,9.58,0.1,0.1,6.4,0.0,0.0,0.0,0.0,0.0,19.11,23.7,32.67,29.5,-128.7,3.1,0.0,0.0,0.0,1.0,0.0,0.0,1.0,1.0,90.0,90.0,1
2026-01-01 06:02:10,9.83,9.57,0.1,0.1,6.8,0.0,0.0,0.0,0.0,0.0,19.11,23.7,32.67,29.5,-128.7,3.1,0.0,0.0,0.0,1.0,0.0,0.0,1.0,1.0,90.0,90.0,1
2026-01-01 06:02:11,9.82,9.57,0.1,0.1,6.5,0.0,0.0,0.0,0.0,0.0,19.11,23.7,32.67,29.5,-128.7,3.1,0.0,0.0,0.0,1.0,0.0,0.0,1.0,1.0,90.0,90.0,1
2026-01-01 06:02:12,9.83,9.58,0.1,0.1,6.2,0.0,0.0,0.0,0.0,0.0,19.11,23.7,32.67,29.5,-128.7,3.1,0.0,0.0,0.0,1.0,0.0,0.0,1.0,1.0,90.0,90.0,1
2026-01-01 06:02:13,9.83,9.57,0.1,0.1,6.7,0.0,0.0,0.0,0.0,0.0,19.11,23.7,32.67,29.5,-128.7,3.1,0.0,0.0,0.0,1.0,0.0,0.0,1.0,1.0,90.0,90.0,1
2026-01-01 06:02:14,9.83,9.58,0.1,0.1,6.3,0.0,0.0,0.0,0.0,0.0,19.11,23.7,32.76,29.5,-128.7,3.1,0.0,0.0,0.0,1.0,0.0,0.0,1.0,1.0,90.0,90.0,1
2026-01-01 06:02:15,9.83,9.58,0.1,0.1,6.9,0.0,0.0,0.0,0.0,0.0,19.11,23.7,32.76,29.5,-128.7,3.1,0.0,0.0,0.0,1.0,0.0,0.0,1.0,1.0,90.0,90.0,1
2026-01-01 06:02:16,9.84,9.58,0.1,0.1,6.0,0.0,0.0,0.0,0.0,0.0,19.11,23.7,32.76,29.5,-128.7,3.1,0.0,0.0,0.0,1.0,0.0,0.0,1.0,1.0,90.0,90.0,1
2026-01-01 06:02:17,9.85,9.58,0.1,0.1,6.4,0.0,0.0,0.0,0.0,0.0,19.11,23.7,32.76,29.5,-128.7,3.1,0.0,0.0,0.0,1.0,0.0,0.0,1.0,1.0,90.0,90.0,1
2026-01-01 06:02:18,9.85,9.56,0.1,0.1,6.2,0.0,0.0,0.0,0.0,0.0,19.11,23.7,32.85,29.5,-128.7,3.1,0.0,0.0,0.0,1.0,0.0,0.0,1.0,1.0,90.0,90.0,1
2026-01-01 06:02:19,9.83,9.58,0.1,0.1,6.9,0.0,0.0,0.0,0.0,0.0,19.11,23.7,32.85,29.5,-128.7,3.1,0.0,0.0,0.0,1.0,0.0,0.0,1.0,1.0,90.0,90.0,1
2026-01-01 06:02:20,9.83,9.56,0.1,0.1,6.3,0.0,0.0,0.0,0.0,0.0,19.11,23.7,32.85,29.5,-128.7,3.1,0.0,0.0,0.0,1.0,0.0,0.0,1.0,1.0,90.0,90.0,1
2026-01-01 06:02:21,9.83,9.57,0.1,0.1,6.2,0.0,0.0,0.0,0.0,0.0,19.11,23.7,32.94,29.5,-128.7,3.1,0.0,0.0,0.0,1.0,0.0,0.0,1.0,1.0,90.0,90.0,1
2026-01-01 06:02:22,9.84,9.58,0.1,0.1,6.7,0.0,0.0,0.0,0.0,0.0,19.11,23.7,32.94,29.5,-128.7,3.1,0.0,0.0,0.0,1.0,0.0,0.0,1.0,1.0,90.0,90.0,1
2026-01-01 06:02:23,9.84,9.56,0.1,0.1,6.3,0.0,0.0,0.0,0.0,0.0,19.11,23.7,33.03,29.5,-128.7,3.1,0.0,0.0,0.0,1.0,0.0,0.0,1.0,1.0,90.0,90.0,1
2026-01-01 06:02:24,9.85,9.59,0.1,0.1,6.9,0.0,0.0,0.0,0.0,0.0,19.11,23.7,33.03,29.5,-128.7,3.1,0.0,0.0,0.0,1.0,0.0,0.0,1.0,1.0,90.0,90.0,1
2026-01-01 06:02:25,9.84,9.57,0.1,0.1,6.3,0.0,0.0,0.0,0.0,0.0,19.11,23.7,33.03,29.5,-128.7,3.1,0.0,0.0,0.0,1.0,0.0,0.0,1.0,1.0,90.0,90.0,1
2026-01-01 06:02:26,9.84,9.58,0.1,0.1,6.7,0.0,0.0,0.0,0.0,0.0,19.11,23.7,33.03,29.5,-128.7,3.1,0.0,0.0,0.0,1.0,0.0,0.0,1.0,1.0,90.0,90.0,1
2026-01-01 06:02:27,9.84,9.57,0.1,0.1,6.3,0.0,0.0,0.0,0.0,0.0,19.11,23.7,33.03,29.5,-128.7,3.1,0.0,0.0,0.0,1.0,0.0,0.0,1.0,1.0,90.0,90.0,1
2026-01-01 06:02:28,9.83,9.57,0.1,0.1,6.8,0.0,0.0,0.0,0.0,0.0,19.11,23.7,33.03,29.5,-128.7,3.1,0.0,0.0,0.0,1.0,0.0,0.0,1.0,1.0,90.0,90.0,1
2026-01-01 06:02:29,9.84,9.57,0.1,0.1,6.1,0.0,0.0,0.0,0.0,0.0,19.11,23.7,33.12,29.5,-128.7,3.1,0.0,0.0,0.0,1.0,0.0,0.0,1.0,1.0,90.0,90.0,1
2026-01-01 06:02:30,9.84,9.57,0.1,0.1,6.3,0.0,0.0,0.0,0.0,0.0,19.11,23.7,33.12,29.5,-128.7,3.1,0.0,0.0,0.0,1.0,0.0,0.0,1.0,1.0,90.0,90.0,1
2026-01-01 06:02:31,9.84,9.58,0.1,0.1,6.5,0.0,0.0,0.0,0.0,0.0,19.11,23.7,33.12,29.5,-128.7,3.1,0.0,0.0,0.0,1.0,0.0,0.0,1.0,1.0,90.0,90.0,1
2026-01-01 06:02:32,9.84,9.57,0.1,0.1,6.7,0.0,0.0,0.0,0.0,0.0,19.11,23.7,33.12,29.5,-128.7,3.1,0.0,0.0,0.0,1.0,0.0,0.0,1.0,1.0,90.0,90.0,1
2026-01-01 06:02:33,9.84,9.58,0.1,0.1,6.5,0.0,0.0,0.0,0.0,0.0,19.11,23.7,33.12,29.5,-128.7,3.1,0.0,0.0,0.0,1.0,0.0,0.0,1.0,1.0,90.0,90.0,1
2026-01-01 06:02:34,9.85,9.58,0.1,0.1,6.9,0.0,0.0,0.0,0.0,0.0,19.11,23.7,33.12,29.5,-128.7,3.1,0.0,0.0,0.0,1.0,0.0,0.0,1.0,1.0,90.0,90.0,1
2026-01-01 06:02:35,9.85,9.58,0.1,0.1,6.6,0.0,0.0,0.0,0.0,0.0,19.11,23.7,33.12,29.5,-128.7,3.1,0.0,0.0,0.0,1.0,0.0,0.0,1.0,1.0,90.0,90.0,1
2026-01-01 06:02:36,9.85,9.58,0.1,0.1,6.6,0.0,0.0,0.0,0.0,0.0,19.11,23.7,33.12,29.5,-128.7,3.1,0.0,0.0,0.0,1.0,0.0,0.0,1.0,1.0,90.0,90.0,1
2026-01-01 06:02:37,9.83,9.58,0.1,0.1,7.1,0.0,0.0,0.0,0.0,0.0,19.11,23.7,33.12,29.5,-128.7,3.1,0.0,0.0,0.0,1.0,0.0,0.0,1.0,1.0,90.0,90.0,1
2026-01-01 06:02:38,9.83,9.59,0.1,0.1,6.1,0.0,0.0,0.0,0.0,0.0,19.11,23.7,33.21,29.5,-128.7,3.1,0.0,0.0,0.0,1.0,0.0,0.0,1.0,1.0,90.0,90.0,1
2026-01-01 06:02:39,9.83,9.58,0.1,0.1,6.6,0.0,0.0,0.0,0.0,0.0,19.11,23.7,33.21,29.5,-128.7,3.1,0.0,0.0,0.0,1.0,0.0,0.0,1.0,1.0,90.0,90.0,1
2026-01-01 06:02:40,9.83,9.58,0.1,0.1,5.9,0.0,0.0,0.0,0.0,0.0,19.11,23.7,33.21,29.5,-128.7,3.1,0.0,0.0,0.0,1.0,0.0,0.0,1.0,1.0,90.0,90.0,1
2026-01-01 06:02:41,9.83,9.58,0.1,0.1,6.6,0.0,0.0,0.0,0.0,0.0,19.11,23.7,33.21,29.5,-128.7,3.1,0.0,0.0,0.0,1.0,0.0,0.0,1.0,1.0,90.0,90.0,1
2026-01-01 06:02:42,9.85,9.58,0.1,0.1,6.6,0.0,0.0,0.0,0.0,0.0,19.11,23.7,33.21,29.5,-128.7,3.1,0.0,0.0,0.0,1.0,0.0,0.0,1.0,1.0,90.0,90.0,1
2026-01-01 06:02:43,9.85,9.58,0.1,0.1,6.2,0.0,0.0,0.0,0.0,0.0,19.11,23.7,33.21,29.5,-128.7,3.1,0.0,0.0,0.0,1.0,0.0,0.0,1.0,1.0,90.0,90.0,1
2026-01-01 06:02:44,9.84,9.58,0.1,0.1,6.9,0.0,0.0,0.0,0.0,0.0,19.11,23.7,33.3,29.5,-128.7,3.1,0.0,0.0,0.0,1.0,0.0,0.0,1.0,1.0,90.0,90.0,1
2026-01-01 06:02:45,9.84,9.58,0.1,0.1,6.3,0.0,0.0,0.0,0.0,0.0,19.11,23.7,33.3,29.5,-128.7,3.0,0.0,0.0,0.0,1.0,0.0,0.0,1.0,1.0,90.0,90.0,1
2026-01-01 06:02:46,9.84,9.58,0.1,0.1,6.5,0.0,0.0,0.0,0.0,0.0,19.11,23.7,33.3,29.5,-128.7,3.1,0.0,0.0,0.0,1.0,0.0,0.0,1.0,1.0,90.0,90.0,1
2026-01-01 06:02:47,9.84,9.59,0.1,0.1,6.1,0.0,0.0,0.0,0.0,0.0,19.11,23.7,33.3,29.5,-128.7,3.0,0.0,0.0,0.0,1.0,0.0,0.0,1.0,1.0,90.0,90.0,1
2026-01-01 06:02:48,9.84,9.58,0.1,0.1,6.6,0.0,0.0,0.0,0.0,0.0,19.11,23.7,33.3,29.5,-128.7,3.1,0.0,0.0,0.0,1.0,0.0,0.0,1.0,1.0,90.0,90.0,1
2026-01-01 06:02:49,9.84,9.58,0.1,0.1,6.4,0.0,0.0,0.0,0.0,0.0,19.11,23.7,33.39,29.5,-128.7,3.1,0.0,0.0,0.0,1.0,0.0,0.0,1.0,1.0,90.0,90.0,1
2026-01-01 06:02:50,9.84,9.59,0.1,0.1,6.8,0.0,0.0,0.0,0.0,0.0,19.11,23.7,33.39,29.5,-128.7,3.1,0.0,0.0,0.0,1.0,0.0,0.0,1.0,1.0,90.0,90.0,1
2026-01-01 06:02:51,9.84,9.58,0.1,0.1,6.5,0.0,0.0,0.0,0.0,0.0,19.11,23.7,33.39,29.5,-128.7,3.1,0.0,0.0,0.0,1.0,0.0,0.0,1.0,1.0,90.0,90.0,1
2026-01-01 06:02:52,9.84,9.59,0.1,0.1,6.6,0.0,0.0,0.0,0.0,0.0,19.11,23.7,33.39,29.5,-128.7,3.0,0.0,0.0,0.0,1.0,0.0,0.0,1.0,1.0,90.0,90.0,1
2026-01-01 06:02:53,9.85,9.58,0.1,0.1,6.5,0.0,0.0,0.0,0.0,0.0,19.11,23.7,33.39,29.5,-128.7,3.1,0.0,0.0,0.0,1.0,0.0,0.0,1.0,1.0,90.0,90.0,1
2026-01-01 06:02:54,9.86,9.59,0.1,0.1,6.6,0.0,0.0,0.0,0.0,0.0,19.11,23.7,33.39,29.5,-128.7,3.0,0.0,0.0,0.0,1.0,0.0,0.0,1.0,1.0,90.0,90.0,1
2026-01-01 06:02:55,9.85,9.58,0.1,0.1,6.2,0.0,0.0,0.0,0.0,0.0,19.11,23.7,33.48,29.5,-128.7,3.1,0.0,0.0,0.0,1.0,0.0,0.0,1.0,1.0,90.0,90.0,1
2026-01-01 06:02:56,9.85,9.59,0.1,0.1,6.4,0.0,0.0,0.0,0.0,0.0,19.11,23.7,33.48,29.5,-128.7,3.0,0.0,0.0,0.0,1.0,0.0,0.0,1.0,1.0,90.0,90.0,1
2026-01-01 06:02:57,9.84,9.58,0.1,0.1,6.6,0.0,0.0,0.0,0.0,0.0,19.11,23.7,33.48,29.5,-128.7,3.1,0.0,0.0,0.0,1.0,0.0,0.0,1.0,1.0,90.0,90.0,1
2026-01-01 06:02:58,9.84,9.59,0.1,0.1,6.5,0.0,0.0,0.0,0.0,0.0,19.11,23.7,33.48,29.5,-128.7,3.0,0.0,0.0,0.0,1.0,0.0,0.0,1.0,1.0,90.0,90.0,1
2026-01-01 06:02:59,9.84,9.58,0.1,0.1,6.8,0.0,0.0,0.0,0.0,0.0,19.11,23.7,33.48,29.5,-128.7,3.1,0.0,0.0,0.0,1.0,0.0,0.0,1.0,1.0,90.0,90.0,1
2026-01-01 06:03:00,9.83,9.58,0.1,0.1,6.4,0.0,0.0,0.0,0.0,0.0,19.11,23.7,33.48,29.5,-128.7,3.1,0.0,0.0,0.0,1.0,0.0,0.0,1.0,1.0,90.0,90.0,1
2026-01-01 06:03:01,9.83,9.59,0.1,0.1,6.8,0.0,0.0,0.0,0.0,0.0,19.11,23.7,33.57,29.5,-128.7,3.1,0.0,0.0,0.0,1.0,0.0,0.0,1.0,1.0,90.0,90.0,1
2026-01-01 06:03:02,9.84,9.58,0.1,0.1,6.3,0.0,0.0,0.0,0.0,0.0,19.11,23.7,33.57,29.5,-128.7,3.0,0.0,0.0,0.0,1.0,0.0,0.0,1.0,1.0,90.0,90.0,1
2026-01-01 06:03:03,9.84,9.59,0.1,0.1,6.9,0.0,0.0,0.0,0.0,0.0,19.11,23.7,33.57,29.5,-128.7,3.0,0.0,0.0,0.0,1.0,0.0,0.0,1.0,1.0,90.0,90.0,1
2026-01-01 06:03:04,9.85,9.58,0.1,0.1,6.3,0.0,0.0,0.0,0.0,0.0,19.11,23.7,33.57,29.5,-128.7,3.0,0.0,0.0,0.0,1.0,0.0,0.0,1.0,1.0,90.0,90.0,1
2026-01-01 06:03:05,9.86,9.6,0.1,0.1,6.7,0.0,0.0,0.0,0.0,0.0,19.11,23.7,33.57,29.5,-128.7,3.0,0.0,0.0,0.0,1.0,0.0,0.0,1.0,1.0,90.0,90.0,1
2026-01-01 06:03:06,9.85,9.58,0.1,0.1,6.6,0.0,0.0,0.0,0.0,0.0,19.11,23.7,33.66,29.5,-128.7,3.1,0.0,0.0,0.0,1.0,0.0,0.0,1.0,1.0,90.0,90.0,1
2026-01-01 06:03:07,9.85,9.6,0.1,0.1,6.1,0.0,0.0,0.0,0.0,0.0,19.11,23.7,33.66,29.5,-128.7,3.0,0.0,0.0,0.0,1.0,0.0,0.0,1.0,1.0,90.0,90.0,1
2026-01-01 06:03:08,9.85,9.59,0.1,0.1,6.5,0.0,0.0,0.0,0.0,0.0,19.11,23.7,33.66,29.5,-128.7,3.1,0.0,0.0,0.0,1.0,0.0,0.0,1.0,1.0,90.0,90.0,1
2026-01-01 06:03:09,9.85,9.59,0.1,0.1,6.5,0.0,0.0,0.0,0.0,0.0,19.21,23.7,33.66,29.5,-128.7,3.0,0.0,0.0,0.0,1.0,0.0,0.0,1.0,1.0,90.0,90.0,1
2026-01-01 06:03:10,9.86,9.59,0.1,0.1,6.4,0.0,0.0,0.0,0.0,0.0,19.21,23.7,33.66,29.5,-128.7,3.0,0.0,0.0,0.0,1.0,0.0,0.0,1.0,1.0,90.0,90.0,1
2026-01-01 06:03:11,9.86,9.6,0.1,0.1,6.3,0.0,0.0,0.0,0.0,0.0,19.21,23.7,33.66,29.5,-128.7,3.0,0.0,0.0,0.0,1.0,0.0,0.0,1.0,1.0,90.0,90.0,1
2026-01-01 06:03:12,9.85,9.59,0.1,0.1,7.0,0.0,0.0,0.0,0.0,0.0,19.21,23.7,33.75,29.4,-128.7,3.0,0.0,0.0,0.0,1.0,0.0,0.0,1.0,1.0,90.0,90.0,1
2026-01-01 06:03:13,9.85,9.59,0.1,0.1,6.1,0.0,0.0,0.0,0.0,0.0,19.21,23.7,33.75,29.4,-128.7,2.9,0.0,0.0,0.0,1.0,0.0,0.0,1.0,1.0,90.0,90.0,1
2026-01-01 06:03:14,9.84,9.6,0.1,0.1,6.7,0.0,0.0,0.0,0.0,0.0,19.21,23.7,33.75,29.4,-128.7,2.9,0.0,0.0,0.0,1.0,0.0,0.0,1.0,1.0,90.0,90.0,1
2026-01-01 06:03:15,9.85,9.58,0.1,0.1,6.3,0.0,0.0,0.0,0.0,0.0,19.21,23.7,33.75,29.4,-128.7,2.9,0.0,0.0,0.0,1.0,0.0,0.0,1.0,1.0,90.0,90.0,1
2026-01-01 06:03:16,9.86,9.61,0.1,0.1,6.5,0.0,0.0,0.0,0.0,0.0,19.21,23.7,33.84,29.4,-128.7,2.9,0.0,0.0,0.0,1.0,0.0,0.0,1.0,1.0,90.0,90.0,1
2026-01-01 06:03:17,9.85,9.59,0.1,0.1,7.1,0.0,0.0,0.0,0.0,0.0,19.21,23.7,33.84,29.4,-128.7,2.9,0.0,0.0,0.0,1.0,0.0,0.0,1.0,1.0,90.0,90.0,1
2026-01-01 06:03:18,9.85,9.6,0.1,0.1,6.4,0.0,0.0,0.0,0.0,0.0,19.21,23.7,33.84,29.4,-128.7,2.9,0.0,0.0,0.0,1.0,0.0,0.0,1.0,1.0,90.0,90.0,1
2026-01-01 06:03:19,9.85,9.59,0.1,0.1,6.7,0.0,0.0,0.0,0.0,0.0,19.21,23.7,33.84,29.4,-128.7,2.9,0.0,0.0,0.0,1.0,0.0,0.0,1.0,1.0,90.0,90.0,1
2026-01-01 06:03:20,9.86,9.6,0.1,0.1,6.4,0.0,0.0,0.0,0.0,0.0,19.21,23.7,33.84,29.4,-128.7,2.9,0.0,0.0,0.0,1.0,0.0,0.0,1.0,1.0,90.0,90.0,1
2026-01-01 06:03:21,9.86,9.58,0.1,0.1,6.5,0.0,0.0,0.0,0.0,0.0,19.21,23.7,33.84,29.4,-128.7,2.9,0.0,0.0,0.0,1.0,0.0,0.0,1.0,1.0,90.0,90.0,1
2026-01-01 06:03:22,9.86,9.6,0.1,0.1,6.9,0.0,0.0,0.0,0.0,0.0,19.21,23.7,33.84,29.4,-128.7,2.9,0.0,0.0,0.0,1.0,0.0,0.0,1.0,1.0,90.0,90.0,1
2026-01-01 06:03:23,9.85,9.6,0.1,0.1,6.2,0.0,0.0,0.0,0.0,0.0,19.21,23.7,33.84,29.4,-128.7,2.9,0.0,0.0,0.0,1.0,0.0,0.0,1.0,1.0,90.0,90.0,1
2026-01-01 06:03:24,9.85,9.58,0.1,0.1,6.6,0.0,0.0,0.0,0.0,0.0,19.21,23.7,33.84,29.4,-128.7,2.9,0.0,0.0,0.0,1.0,0.0,0.0,1.0,1.0,90.0,90.0,1
2026-01-01 06:03:25,9.85,9.61,0.1,0.1,6.1,0.0,0.0,0.0,0.0,0.0,19.21,23.7,33.93,29.4,-128.7,2.9,0.0,0.0,0.0,1.0,0.0,0.0,1.0,1.0,90.0,90.0,1
2026-01-01 06:03:26,9.85,9.59,0.1,0.1,6.8,0.0,0.0,0.0,0.0,0.0,19.21,23.7,33.93,29.4,-128.7,2.9,0.0,0.0,0.0,1.0,0.0,0.0,1.0,1.0,90.0,90.0,1
2026-01-01 06:03:27,9.85,9.61,0.1,0.1,6.4,0.0,0.0,0.0,0.0,0.0,19.21,23.7,33.93,29.4,-128.7,2.9,0.0,0.0,0.0,1.0,0.0,0.0,1.0,1.0,90.0,90.0,1
2026-01-01 06:03:28,9.86,9.58,0.1,0.1,7.2,0.0,0.0,0.0,0.0,0.0,19.21,23.7,33.93,29.4,-128.7,2.9,0.0,0.0,0.0,1.0,0.0,0.0,1.0,1.0,90.0,90.0,1
2026-01-01 06:03:29,9.85,9.61,0.1,0.1,6.1,0.0,0.0,0.0,0.0,0.0,19.21,23.7,33.93,29.4,-128.7,2.9,0.0,0.0,0.0,1.0,0.0,0.0,1.0,1.0,90.0,90.0,1
2026-01-01 06:03:30,9.85,9.6,0.1,0.1,6.4,0.0,0.0,0.0,0.0,0.0,19.21,23.7,33.93,29.4,-128.7,2.9,0.0,0.0,0.0,1.0,0.0,0.0,1.0,1.0,90.0,90.0,1
2026-01-01 06:03:31,9.86,9.59,0.1,0.1,6.5,0.0,0.0,0.0,0.0,0.0,19.21,23.7,34.02,29.4,-128.7,2.9,0.0,0.0,0.0,1.0,0.0,0.0,1.0,1.0,90.0,90.0,1
2026-01-01 06:03:32,9.86,9.61,0.1,0.1,6.3,0.0,0.0,0.0,0.0,0.0,19.21,23.7,34.02,29.4,-128.7,2.9,0.0,0.0,0.0,1.0,0.0,0.0,1.0,1.0,90.0,90.0,1
2026-01-01 06:03:33,9.86,9.59,0.1,0.1,6.9,0.0,0.0,0.0,0.0,0.0,19.21,23.7,34.02,29.4,-128.7,2.9,0.0,0.0,0.0,1.0,0.0,0.0,1.0,1.0,90.0,90.0,1
2026-01-01 06:03:34,9.86,9.61,0.1,0.1,6.3,0.0,0.0,0.0,0.0,0.0,19.21,23.7,34.02,29.4,-128.7,2.9,0.0,0.0,0.0,1.0,0.0,0.0,1.0,1.0,90.0,90.0,1
2026-01-01 06:03:35,9.85,9.59,0.1,0.1,6.5,0.0,0.0,0.0,0.0,0.0,19.21,23.7,34.02,29.4,-128.7,2.9,0.0,0.0,0.0,1.0,0.0,0.0,1.0,1.0,90.0,90.0,1
2026-01-01 06:03:36,9.85,9.61,0.1,0.1,6.6,0.0,0.0,0.0,0.0,0.0,19.21,23.7,34.11,29.4,-128.7,2.9,0.0,0.0,0.0,1.0,0.0,0.0,1.0,1.0,90.0,90.0,1
2026-01-01 06:03:37,9.85,9.59,0.1,0.1,6.4,0.0,0.0,0.0,0.0,0.0,19.21,23.7,34.11,29.4,-128.7,2.9,0.0,0.0,0.0,1.0,0.0,0.0,1.0,1.0,90.0,90.0,1
2026-01-01 06:03:38,9.85,9.61,0.1,0.1,7.0,0.0,0.0,0.0,0.0,0.0,19.21,23.7,34.11,29.4,-128.7,2.9,0.0,0.0,0.0,1.0,0.0,0.0,1.0,1.0,90.0,90.0,1
2026-01-01 06:03:39,9.86,9.61,0.1,0.1,6.3,0.0,0.0,0.0,0.0,0.0,19.21,23.7,34.11,29.4,-128.7,2.9,0.0,0.0,0.0,1.0,0.0,0.0,1.0,1.0,90.0,90.0,1
2026-01-01 06:03:40,9.85,9.61,0.1,0.1,6.3,0.0,0.0,0.0,0.0,0.0,19.21,23.7,34.11,29.4,-128.7,2.9,0.0,0.0,0.0,1.0,0.0,0.0,1.0,1.0,90.0,90.0,1
2026-01-01 06:03:41,9.86,9.61,0.1,0.1,6.4,0.0,0.0,0.0,0.0,0.0,19.21,23.7,34.11,29.4,-128.7,2.9,0.0,0.0,0.0,1.0,0.0,0.0,1.0,1.0,90.0,90.0,1
2026-01-01 06:03:42,9.88,9.6,0.1,0.1,6.3,0.0,0.0,0.0,0.0,0.0,19.21,23.7,34.11,29.4,-128.7,2.9,0.0,0.0,0.0,1.0,0.0,0.0,1.0,1.0,90.0,90.0,1
2026-01-01 06:03:43,9.88,9.61,0.1,0.1,6.3,0.0,0.0,0.0,0.0,0.0,19.21,23.7,34.11,29.4,-128.7,2.9,0.0,0.0,0.0,1.0,0.0,0.0,1.0,1.0,90.0,90.0,1
2026-01-01 06:03:44,9.88,9.6,0.1,0.1,6.2,0.0,0.0,0.0,0.0,0.0,19.21,23.7,34.11,29.4,-128.7,2.8,0.0,0.0,0.0,1.0,0.0,0.0,1.0,1.0,90.0,90.0,1
2026-01-01 06:03:45,9.88,9.61,0.1,0.1,6.9,0.0,0.0,0.0,0.0,0.0,19.21,23.7,34.2,29.3,-128.7,2.8,0.0,0.0,0.0,1.0,0.0,0.0,1.0,1.0,90.0,90.0,1
2026-01-01 06:03:46,9.86,9.61,0.1,0.1,6.7,0.0,0.0,0.0,0.0,0.0,19.21,23.7,34.2,29.3,-128.7,2.8,0.0,0.0,0.0,1.0,0.0,0.0,1.0,1.0,90.0,90.0,1
2026-01-01 06:03:47,9.85,9.61,0.1,0.1,6.9,0.0,0.0,0.0,0.0,0.0,19.21,23.7,34.2,29.3,-128.7,2.8,0.0,0.0,0.0,1.0,0.0,0.0,1.0,1.0,90.0,90.0,1
2026-01-01 06:03:48,9.86,9.61,0.1,0.1,6.4,0.0,0.0,0.0,0.0,0.0,19.21,23.7,34.2,29.3,-128.7,2.8,0.0,0.0,0.0,1.0,0.0,0.0,1.0,1.0,90.0,90.0,1
2026-01-01 06:03:49,9.86,9.61,0.1,0.1,6.9,0.0,0.0,0.0,0.0,0.0,19.21,23.7,34.2,29.3,-128.7,2.8,0.0,0.0,0.0,1.0,0.0,0.0,1.0,1.0,90.0,90.0,1
2026-01-01 06:03:50,9.86,9.61,0.1,0.1,6.1,0.0,0.0,0.0,0.0,0.0,19.21,23.7,34.2,29.3,-128.7,2.7,0.0,0.0,0.0,1.0,0.0,0.0,1.0,1.0,90.0,90.0,1
2026-01-01 06:03:51,9.85,9.61,0.1,0.1,6.8,0.0,0.0,0.0,0.0,0.0,19.21,23.7,34.2,29.3,-128.7,2.8,0.0,0.0,0.0,1.0,0.0,0.0,1.0,1.0,90.0,90.0,1
2026-01-01 06:03:52,9.85,9.6,0.1,0.1,6.4,0.0,0.0,0.0,0.0,0.0,19.21,23.7,34.2,29.3,-128.7,2.8,0.0,0.0,0.0,1.0,0.0,0.0,1.0,1.0,90.0,90.0,1
2026-01-01 06:03:53,9.86,9.61,0.1,0.1,6.5,0.0,0.0,0.0,0.0,0.0,19.21,23.7,34.2,29.3,-128.7,2.8,0.0,0.0,0.0,1.0,0.0,0.0,1.0,1.0,90.0,90.0,1
2026-01-01 06:03:54,9.86,9.6,0.1,0.1,6.1,0.0,0.0,0.0,0.0,0.0,19.21,23.7,34.2,29.3,-128.7,2.8,0.0,0.0,0.0,1.0,0.0,0.0,1.0,1.0,90.0,90.0,1
2026-01-01 06:03:55,9.86,9.6,0.1,0.1,6.8,0.0,0.0,0.0,0.0,0.0,19.21,23.7,34.2,29.3,-128.7,2.8,0.0,0.0,0.0,1.0,0.0,0.0,1.0,1.0,90.0,90.0,1
2026-01-01 06:03:56,9.86,9.61,0.1,0.1,6.4,0.0,0.0,0.0,0.0,0.0,19.21,23.7,34.2,29.3,-128.7,2.8,0.0,0.0,0.0,1.0,0.0,0.0,1.0,1.0,90.0,90.0,1
2026-01-01 06:03:57,9.88,9.6,0.1,0.1,6.5,0.0,0.0,0.0,0.0,0.0,19.21,23.7,34.2,29.3,-128.7,2.7,0.0,0.0,0.0,1.0,0.0,0.0,1.0,1.0,90.0,90.0,1
2026-01-01 06:03:58,9.88,9.62,0.1,0.1,6.5,0.0,0.0,0.0,0.0,0.0,19.21,23.7,34.2,29.3,-128.7,2.8,0.0,0.0,0.0,1.0,0.0,0.0,1.0,1.0,90.0,90.0,1
2026-01-01 06:03:59,9.88,9.61,0.1,0.1,6.3,0.0,0.0,0.0,0.0,0.0,19.21,23.7,34.2,29.3,-128.7,2.7,0.0,0.0,0.0,1.0,0.0,0.0,1.0,1.0,90.0,90.0,1
2026-01-01 06:04:00,9.88,9.62,0.1,0.1,6.8,0.0,0.0,0.0,0.0,0.0,19.21,23.7,34.2,29.3,-128.7,2.8,0.0,0.0,0.0,1.0,0.0,0.0,1.0,1.0,90.0,90.0,1
2026-01-01 06:04:01,9.88,9.6,0.1,0.1,6.0,0.0,0.0,0.0,0.0,0.0,19.21,23.7,34.2,29.3,-128.7,2.8,0.0,0.0,0.0,1.0,0.0,0.0,1.0,1.0,90.0,90.0,1
2026-01-01 06:04:02,9.86,9.61,0.1,0.1,6.9,0.0,0.0,0.0,0.0,0.0,19.21,23.7,34.2,29.3,-128.7,2.8,0.0,0.0,0.0,1.0,0.0,0.0,1.0,1.0,90.0,90.0,1
2026-01-01 06:04:03,9.85,9.61,0.1,0.1,6.4,0.0,0.0,0.0,0.0,0.0,19.21,23.7,34.2,29.3,-128.7,2.8,0.0,0.0,0.0,1.0,0.0,0.0,1.0,1.0,90.0,90.0,1
2026-01-01 06:04:04,9.86,9.61,0.1,0.1,7.0,0.0,0.0,0.0,0.0,0.0,19.21,23.7,34.29,29.3,-128.7,2.8,0.0,0.0,0.0,1.0,0.0,0.0,1.0,1.0,90.0,90.0,1
2026-01-01 06:04:05,9.85,9.61,0.1,0.1,6.1,0.0,0.0,0.0,0.0,0.0,19.21,23.7,34.29,29.3,-128.7,2.8,0.0,0.0,0.0,1.0,0.0,0.0,1.0,1.0,90.0,90.0,1
2026-01-01 06:04:06,9.86,9.61,0.1,0.1,6.9,0.0,0.0,0.0,0.0,0.0,19.21,23.7,34.29,29.3,-128.7,2.8,0.0,0.0,0.0,1.0,0.0,0.0,1.0,1.0,90.0,90.0,1
2026-01-01 06:04:07,9.86,9.61,0.1,0.1,6.4,0.0,0.0,0.0,0.0,0.0,19.21,23.7,34.29,29.3,-128.7,2.8,0.0,0.0,0.0,1.0,0.0,0.0,1.0,1.0,90.0,90.0,1
2026-01-01 06:04:08,9.86,9.61,0.1,0.1,6.4,0.0,0.0,0.0,0.0,0.0,19.21,23.7,34.2,29.3,-128.7,2.8,0.0,0.0,0.0,1.0,0.0,0.0,1.0,1.0,90.0,90.0,1
2026-01-01 06:04:09,9.88,9.62,0.1,0.1,6.3,0.0,0.0,0.0,0.0,0.0,19.21,23.7,34.2,29.3,-128.7,2.8,0.0,0.0,0.0,1.0,0.0,0.0,1.0,1.0,90.0,90.0,1
2026-01-01 06:04:10,9.88,9.61,0.1,0.1,6.4,0.0,0.0,0.0,0.0,0.0,19.21,23.7,34.2,29.3,-128.7,2.8,0.0,0.0,0.0,1.0,0.0,0.0,1.0,1.0,90.0,90.0,1
2026-01-01 06:04:11,9.88,9.62,0.1,0.1,6.2,0.0,0.0,0.0,0.0,0.0,19.21,23.7,34.2,29.3,-128.7,2.8,0.0,0.0,0.0,1.0,0.0,0.0,1.0,1.0,90.0,90.0,1
2026-01-01 06:04:12,9.88,9.61,0.1,0.1,6.2,0.0,0.0,0.0,0.0,0.0,19.21,23.7,34.2,29.3,-128.7,2.7,0.0,0.0,0.0,1.0,0.0,0.0,1.0,1.0,90.0,90.0,1
2026-01-01 06:04:13,9.88,9.62,0.1,0.1,6.3,0.0,0.0,0.0,0.0,0.0,19.21,23.7,34.2,29.2,-128.7,2.7,0.0,0.0,0.0,1.0,0.0,0.0,1.0,1.0,90.0,90.0,1
2026-01-01 06:04:14,9.86,9.61,0.1,0.1,6.5,0.0,0.0,0.0,0.0,0.0,19.21,23.7,34.2,29.2,-128.7,2.7,0.0,0.0,0.0,1.0,0.0,0.0,1.0,1.0,90.0,90.0,1
2026-01-01 06:04:15,9.86,9.62,0.1,0.1,6.2,0.0,0.0,0.0,0.0,0.0,19.21,23.7,34.2,29.2,-128.7,2.7,0.0,0.0,0.0,1.0,0.0,0.0,1.0,1.0,90.0,90.0,1
2026-01-01 06:04:16,9.86,9.61,0.1,0.1,6.3,0.0,0.0,0.0,0.0,0.0,19.21,23.7,34.2,29.2,-128.7,2.7,0.0,0.0,0.0,1.0,0.0,0.0,1.0,1.0,90.0,90.0,1
2026-01-01 06:04:17,9.86,9.61,0.1,0.1,6.7,0.0,0.0,0.0,0.0,0.0,19.21,23.7,34.2,29.2,-128.7,2.7,0.0,0.0,0.0,1.0,0.0,0.0,1.0,1.0,90.0,90.0,1
2026-01-01 06:04:18,9.86,9.62,0.1,0.1,6.9,0.0,0.0,0.0,0.0,0.0,19.21,23.7,34.2,29.2,-128.7,2.7,0.0,0.0,0.0,1.0,0.0,0.0,1.0,1.0,90.0,90.0,1
2026-01-01 06:04:19,9.88,9.61,0.1,0.1,6.4,0.0,0.0,0.0,0.0,0.0,19.21,23.7,34.2,29.2,-128.7,2.6,0.0,0.0,0.0,1.0,0.0,0.0,1.0,1.0,90.0,90.0,1
2026-01-01 06:04:20,9.88,9.62,0.1,0.1,6.8,0.0,0.0,0.0,0.0,0.0,19.21,23.7,34.2,29.2,-128.7,2.7,0.0,0.0,0.0,1.0,0.0,0.0,1.0,1.0,90.0,90.0,1
2026-01-01 06:04:21,9.88,9.61,0.1,0.1,6.1,0.0,0.0,0.0,0.0,0.0,19.21,23.7,34.2,29.2,-128.7,2.6,0.0,0.0,0.0,1.0,0.0,0.0,1.0,1.0,90.0,90.0,1
2026-01-01 06:04:22,9.88,9.62,0.1,0.1,6.7,0.0,0.0,0.0,0.0,0.0,19.21,23.7,34.2,29.2,-128.7,2.7,0.0,0.0,0.0,1.0,0.0,0.0,1.0,1.0,90.0,90.0,1
2026-01-01 06:04:23,9.88,9.61,0.1,0.1,6.2,0.0,0.0,0.0,0.0,0.0,19.21,23.7,34.2,29.2,-128.7,2.6,0.0,0.0,0.0,1.0,0.0,0.0,1.0,1.0,90.0,90.0,1
2026-01-01 06:04:24,9.86,9.61,0.1,0.1,6.5,0.0,0.0,0.0,0.0,0.0,19.21,23.7,34.2,29.2,-128.7,2.7,0.0,0.0,0.0,1.0,0.0,0.0,1.0,1.0,90.0,90.0,1
2026-01-01 06:04:25,9.86,9.61,0.1,0.1,6.3,0.0,0.0,0.0,0.0,0.0,19.21,23.7,34.2,29.2,-128.7,2.7,0.0,0.0,0.0,1.0,0.0,0.0,1.0,1.0,90.0,90.0,1
2026-01-01 06:04:26,9.86,9.61,0.1,0.1,6.6,0.0,0.0,0.0,0.0,0.0,19.21,23.7,34.2,29.2,-128.7,2.7,0.0,0.0,0.0,1.0,0.0,0.0,1.0,1.0,90.0,90.0,1
2026-01-01 06:04:27,9.86,9.62,0.1,0.1,6.7,0.0,0.0,0.0,0.0,0.0,19.21,23.7,34.29,29.2,-128.7,2.6,0.0,0.0,0.0,1.0,0.0,0.0,1.0,1.0,90.0,90.0,1
2026-01-01 06:04:28,9.88,9.61,0.1,0.1,6.6,0.0,0.0,0.0,0.0,0.0,19.21,23.7,34.29,29.2,-128.7,2.6,0.0,0.0,0.0,1.0,0.0,0.0,1.0,1.0,90.0,90.0,1
2026-01-01 06:04:29,9.86,9.62,0.1,0.1,6.8,0.0,0.0,0.0,0.0,0.0,19.21,23.7,34.29,29.2,-128.7,2.7,0.0,0.0,0.0,1.0,0.0,0.0,1.0,1.0,90.0,90.0,1
2026-01-01 06:04:30,9.86,9.61,0.1,0.1,6.7,0.0,0.0,0.0,0.0,0.0,19.21,23.7,34.29,29.2,-128.7,2.6,0.0,0.0,0.0,1.0,0.0,0.0,1.0,1.0,90.0,90.0,1
2026-01-01 06:04:31,9.89,9.62,0.1,0.1,7.0,0.0,0.0,0.0,0.0,0.0,19.21,23.7,34.29,29.2,-128.7,2.7,0.0,0.0,0.0,1.0,0.0,0.0,1.0,1.0,90.0,90.0,1
2026-01-01 06:04:32,9.88,9.61,0.1,0.1,6.2,0.0,0.0,0.0,0.0,0.0,19.21,23.7,34.2,29.2,-128.7,2.6,0.0,0.0,0.0,1.0,0.0,0.0,1.0,1.0,90.0,90.0,1
2026-01-01 06:04:33,9.88,9.62,0.1,0.1,7.0,0.0,0.0,0.0,0.0,0.0,19.21,23.7,34.2,29.2,-128.7,2.7,0.0,0.0,0.0,1.0,0.0,0.0,1.0,1.0,90.0,90.0,1
2026-01-01 06:04:34,9.88,9.61,0.1,0.1,6.3,0.0,0.0,0.0,0.0,0.0,19.21,23.7,34.29,29.2,-128.7,2.7,0.0,0.0,0.0,1.0,0.0,0.0,1.0,1.0,90.0,90.0,1
2026-01-01 06:04:35,9.88,9.62,0.1,0.1,6.7,0.0,0.0,0.0,0.0,0.0,19.21,23.7,34.29,29.2,-128.7,2.7,0.0,0.0,0.0,1.0,0.0,0.0,1.0,1.0,90.0,90.0,1
2026-01-01 06:04:36,9.88,9.61,0.1,0.1,6.4,0.0,0.0,0.0,0.0,0.0,19.21,23.7,34.29,29.2,-128.7,2.6,0.0,0.0,0.0,1.0,0.0,0.0,1.0,1.0,90.0,90.0,1
2026-01-01 06:04:37,9.88,9.62,0.1,0.1,6.8,0.0,0.0,0.0,0.0,0.0,19.21,23.7,34.29,29.2,-128.7,2.7,0.0,0.0,0.0,1.0,0.0,0.0,1.0,1.0,90.0,90.0,1
2026-01-01 06:04:38,9.88,9.61,0.1,0.1,6.8,0.0,0.0,0.0,0.0,0.0,19.21,23.7,34.29,29.2,-128.7,2.6,0.0,0.0,0.0,1.0,0.0,0.0,1.0,1.0,90.0,90.0,1
2026-01-01 06:04:39,9.89,9.62,0.1,0.1,6.8,0.0,0.0,0.0,0.0,0.0,19.21,23.7,34.29,29.2,-128.7,2.7,0.0,0.0,0.0,1.0,0.0,0.0,1.0,1.0,90.0,90.0,1
2026-01-01 06:04:40,9.88,9.62,0.1,0.1,6.7,0.0,0.0,0.0,0.0,0.0,19.21,23.7,34.29,29.2,-128.7,2.6,0.0,0.0,0.0,1.0,0.0,0.0,1.0,1.0,90.0,90.0,1
2026-01-01 06:04:41,9.88,9.62,0.1,0.1,6.7,0.0,0.0,0.0,0.0,0.0,19.21,23.7,34.29,29.2,-128.7,2.7,0.0,0.0,0.0,1.0,0.0,0.0,1.0,1.0,90.0,90.0,1
2026-01-01 06:04:42,9.88,9.62,0.1,0.1,6.9,0.0,0.0,0.0,0.0,0.0,19.21,23.7,34.29,29.2,-128.7,2.6,0.0,0.0,0.0,1.0,0.0,0.0,1.0,1.0,90.0,90.0,1
2026-01-01 06:04:43,9.86,9.61,0.1,0.1,6.5,0.0,0.0,0.0,0.0,0.0,19.21,23.7,34.29,29.2,-128.7,2.7,0.0,0.0,0.0,1.0,0.0,0.0,1.0,1.0,90.0,90.0,1
2026-01-01 06:04:44,9.86,9.62,0.1,0.1,6.1,0.0,0.0,0.0,0.0,0.0,19.21,23.7,34.29,29.2,-128.7,2.6,0.0,0.0,0.0,1.0,0.0,0.0,1.0,1.0,90.0,90.0,1
2026-01-01 06:04:45,9.88,9.62,0.1,0.1,6.9,0.0,0.0,0.0,0.0,0.0,19.21,23.7,34.29,29.1,-128.7,2.5,0.0,0.0,0.0,1.0,0.0,0.0,1.0,1.0,90.0,90.0,1
2026-01-01 06:04:46,9.88,9.63,0.1,0.1,6.1,0.0,0.0,0.0,0.0,0.0,19.21,23.7,34.29,29.1,-128.7,2.6,0.0,0.0,0.0,1.0,0.0,0.0,1.0,1.0,90.0,90.0,1
2026-01-01 06:04:47,9.88,9.61,0.1,0.1,6.5,0.0,0.0,0.0,0.0,0.0,19.21,23.7,34.29,29.1,-128.7,2.5,0.0,0.0,0.0,1.0,0.0,0.0,1.0,1.0,90.0,90.0,1
2026-01-01 06:04:48,9.88,9.62,0.1,0.1,6.4,0.0,0.0,0.0,0.0,0.0,19.21,23.7,34.29,29.1,-128.7,2.6,0.0,0.0,0.0,1.0,0.0,0.0,1.0,1.0,90.0,90.0,1
2026-01-01 06:04:49,9.88,9.61,0.1,0.1,6.7,0.0,0.0,0.0,0.0,0.0,19.21,23.7,34.29,29.1,-128.7,2.5,0.0,0.0,0.0,1.0,0.0,0.0,1.0,1.0,90.0,90.0,1
2026-01-01 06:04:50,9.88,9.63,0.1,0.1,6.3,0.0,0.0,0.0,0.0,0.0,19.21,23.7,34.29,29.1,-128.7,2.5,0.0,0.0,0.0,1.0,0.0,0.0,1.0,1.0,90.0,90.0,1
2026-01-01 06:04:51,9.89,9.61,0.1,0.1,7.1,0.0,0.0,0.0,0.0,0.0,19.21,23.7,34.2,29.1,-128.7,2.5,0.0,0.0,0.0,1.0,0.0,0.0,1.0,1.0,90.0,90.0,1
2026-01-01 06:04:52,9.89,9.63,0.1,0.1,6.4,0.0,0.0,0.0,0.0,0.0,19.21,23.7,34.2,29.1,-128.7,2.5,0.0,0.0,0.0,1.0,0.0,0.0,1.0,1.0,90.0,90.0,1
2026-01-01 06:04:53,9.89,9.61,0.1,0.1,6.7,0.0,0.0,0.0,0.0,0.0,19.21,23.7,34.2,29.1,-128.7,2.5,0.0,0.0,0.0,1.0,0.0,0.0,1.0,1.0,90.0,90.0,1
2026-01-01 06:04:54,9.88,9.63,0.1,0.1,6.6,0.0,0.0,0.0,0.0,0.0,19.21,23.7,34.2,29.1,-128.7,2.6,0.0,0.0,0.0,1.0,0.0,0.0,1.0,1.0,90.0,90.0,1
2026-01-01 06:04:55,9.88,9.61,0.1,0.1,7.0,0.0,0.0,0.0,0.0,0.0,19.21,23.7,34.2,29.1,-128.7,2.5,0.0,0.0,0.0,1.0,0.0,0.0,1.0,1.0,90.0,90.0,1
2026-01-01 06:04:56,9.88,9.62,0.1,0.1,6.9,0.0,0.0,0.0,0.0,0.0,19.21,23.7,34.29,29.1,-128.7,2.6,0.0,0.0,0.0,1.0,0.0,0.0,1.0,1.0,90.0,90.0,1
2026-01-01 06:04:57,9.86,9.62,0.1,0.1,6.6,0.0,0.0,0.0,0.0,0.0,19.21,23.7,34.29,29.1,-128.7,2.5,0.0,0.0,0.0,1.0,0.0,0.0,1.0,1.0,90.0,90.0,1
2026-01-01 06:04:58,9.89,9.62,0.1,0.1,6.3,0.0,0.0,0.0,0.0,0.0,19.21,23.7,34.29,29.1,-128.7,2.6,0.0,0.0,0.0,1.0,0.0,0.0,1.0,1.0,90.0,90.0,1
2026-01-01 06:04:59,9.88,9.61,0.1,0.1,6.7,0.0,0.0,0.0,0.0,0.0,19.21,23.7,34.29,29.1,-128.7,2.5,0.0,0.0,0.0,1.0,0.0,0.0,1.0,1.0,90.0,90.0,1
2026-01-01 06:05:00,9.88,9.62,0.1,0.1,6.5,0.0,0.0,0.0,0.0,0.0,19.21,23.7,34.29,29.1,-128.7,2.6,0.0,0.0,0.0,1.0,0.0,0.0,1.0,1.0,90.0,90.0,1
2026-01-01 06:05:01,9.88,9.62,0.1,0.1,6.8,0.0,0.0,0.0,0.0,0.0,19.21,23.7,34.29,29.1,-128.7,2.5,0.0,0.0,0.0,1.0,0.0,0.0,1.0,1.0,90.0,90.0,1
2026-01-01 06:05:02,9.88,9.62,0.1,0.1,6.5,0.0,0.0,0.0,0.0,0.0,19.21,23.7,34.29,29.1,-128.7,2.6,0.0,0.0,0.0,1.0,0.0,0.0,1.0,1.0,90.0,90.0,1
2026-01-01 06:05:03,9.88,9.62,0.1,0.1,6.9,0.0,0.0,0.0,0.0,0.0,19.21,23.7,34.29,29.1,-128.7,2.5,0.0,0.0,0.0,1.0,0.0,0.0,1.0,1.0,90.0,90.0,1
2026-01-01 06:05:04,9.88,9.61,0.1,0.1,6.4,0.0,0.0,0.0,0.0,0.0,19.21,23.7,34.29,29.1,-128.7,2.6,0.0,0.0,0.0,1.0,0.0,0.0,1.0,1.0,90.0,90.0,1
2026-01-01 06:05:05,9.88,9.62,0.1,0.1,6.6,0.0,0.0,0.0,0.0,0.0,19.21,23.7,34.29,29.1,-128.7,2.5,0.0,0.0,0.0,1.0,0.0,0.0,1.0,1.0,90.0,90.0,1
2026-01-01 06:05:06,9.9,9.61,0.1,0.1,6.5,0.0,0.0,0.0,0.0,0.0,19.21,23.7,34.29,29.1,-128.7,2.6,0.0,0.0,0.0,1.0,0.0,0.0,1.0,1.0,90.0,90.0,1
2026-01-01 06:05:07,9.89,9.62,0.1,0.1,6.5,0.0,0.0,0.0,0.0,0.0,19.21,23.7,34.29,29.1,-128.7,2.6,0.0,0.0,0.0,1.0,0.0,0.0,1.0,1.0,90.0,90.0,1
2026-01-01 06:05:08,9.89,9.61,0.1,0.1,6.7,0.0,0.0,0.0,0.0,0.0,19.21,23.7,34.2,29.1,-128.7,2.5,0.0,0.0,0.0,1.0,0.0,0.0,1.0,1.0,90.0,90.0,1
2026-01-01 06:05:09,9.89,9.63,0.1,0.1,6.3,0.0,0.0,0.0,0.0,0.0,19.21,23.7,34.2,29.1,-128.7,2.5,0.0,0.0,0.0,1.0,0.0,0.0,1.0,1.0,90.0,90.0,1
2026-01-01 06:05:10,9.89,9.62,0.1,0.1,7.0,0.0,0.0,0.0,0.0,0.0,19.21,23.7,34.2,29.1,-128.7,2.5,0.0,0.0,0.0,1.0,0.0,0.0,1.0,1.0,90.0,90.0,1
2026-01-01 06:05:11,9.89,9.63,0.1,0.1,6.2,0.0,0.0,0.0,0.0,0.0,19.21,23.7,34.29,29.1,-128.7,2.5,0.0,0.0,0.0,1.0,0.0,0.0,1.0,1.0,90.0,90.0,1
2026-01-01 06:05:12,9.9,9.62,0.1,0.1,6.9,0.0,0.0,0.0,0.0,0.0,19.21,23.7,34.29,29.1,-128.7,2.5,0.0,0.0,0.0,1.0,0.0,0.0,1.0,1.0,90.0,90.0,1
2026-01-01 06:05:13,9.88,9.62,0.1,0.1,6.4,0.0,0.0,0.0,0.0,0.0,19.21,23.7,34.2,29.1,-128.7,2.6,0.0,0.0,0.0,1.0,0.0,0.0,1.0,1.0,90.0,90.0,1
2026-01-01 06:05:14,9.88,9.61,0.1,0.1,6.8,0.0,0.0,0.0,0.0,0.0,19.21,23.7,34.2,29.1,-128.7,2.4,0.0,0.0,0.0,1.0,0.0,0.0,1.0,1.0,90.0,90.0,1
2026-01-01 06:05:15,9.88,9.63,0.1,0.1,6.3,0.0,0.0,0.0,0.0,0.0,19.21,23.7,34.2,29.0,-128.7,2.5,0.0,0.0,0.0,1.0,0.0,0.0,1.0,1.0,90.0,90.0,1
2026-01-01 06:05:16,9.88,9.63,0.1,0.1,6.5,0.0,0.0,0.0,0.0,0.0,19.21,23.7,34.2,29.0,-128.7,2.4,0.0,0.0,0.0,1.0,0.0,0.0,1.0,1.0,90.0,90.0,1
2026-01-01 06:05:17,9.88,9.63,0.1,0.1,6.5,0.0,0.0,0.0,0.0,0.0,19.21,23.7,34.2,29.0,-128.7,2.5,0.0,0.0,0.0,1.0,0.0,0.0,1.0,1.0,90.0,90.0,1
2026-01-01 06:05:18,9.89,9.62,0.1,0.1,6.5,0.0,0.0,0.0,0.0,0.0,19.21,23.7,34.2,29.0,-128.7,2.4,0.0,0.0,0.0,1.0,0.0,0.0,1.0,1.0,90.0,90.0,1
2026-01-01 06:05:19,9.88,9.63,0.1,0.1,6.8,0.0,0.0,0.0,0.0,0.0,19.21,23.7,34.2,29.0,-128.7,2.5,0.0,0.0,0.0,1.0,0.0,0.0,1.0,1.0,90.0,90.0,1
2026-01-01 06:05:20,9.9,9.61,0.1,0.1,6.7,0.0,0.0,0.0,0.0,0.0,19.21,23.7,34.2,29.0,-128.7,2.4,0.0,0.0,0.0,1.0,0.0,0.0,1.0,1.0,90.0,90.0,1
2026-01-01 06:05:21,9.9,9.61,0.1,0.1,6.7,0.0,0.0,0.0,0.0,0.0,19.21,23.7,34.2,29.0,-128.7,2.5,0.0,0.0,0.0,1.0,0.0,0.0,1.0,1.0,90.0,90.0,1
2026-01-01 06:05:22,9.9,9.63,0.1,0.1,6.3,0.0,0.0,0.0,0.0,0.0,19.21,23.7,34.2,29.0,-128.7,2.5,0.0,0.0,0.0,1.0,0.0,0.0,1.0,1.0,90.0,90.0,1
2026-01-01 06:05:23,9.9,9.61,0.1,0.1,7.1,0.0,0.0,0.0,0.0,0.0,19.21,23.7,34.2,29.0,-128.7,2.4,0.0,0.0,0.0,1.0,0.0,0.0,1.0,1.0,90.0,90.0,1
2026-01-01 06:05:24,9.89,9.62,0.1,0.1,6.5,0.0,0.0,0.0,0.0,0.0,19.21,23.7,34.2,29.0,-128.7,2.5,0.0,0.0,0.0,1.0,0.0,0.0,1.0,1.0,90.0,90.0,1
2026-01-01 06:05:25,9.89,9.62,0.1,0.1,6.7,0.0,0.0,0.0,0.0,0.0,19.21,23.7,34.2,29.0,-128.7,2.4,0.0,0.0,0.0,1.0,0.0,0.0,1.0,1.0,90.0,90.0,1
2026-01-01 06:05:26,9.89,9.63,0.1,0.1,6.8,0.0,0.0,0.0,0.0,0.0,19.21,23.7,34.2,29.0,-128.7,2.5,0.0,0.0,0.0,1.0,0.0,0.0,1.0,1.0,90.0,90.0,1
2026-01-01 06:05:27,9.89,9.61,0.1,0.1,6.2,0.0,0.0,0.0,0.0,0.0,19.21,23.7,34.2,29.0,-128.7,2.4,0.0,0.0,0.0,1.0,0.0,0.0,1.0,1.0,90.0,90.0,1
2026-01-01 06:05:28,9.88,9.63,0.1,0.1,7.0,0.0,0.0,0.0,0.0,0.0,19.21,23.7,34.2,29.0,-128.7,2.4,0.0,0.0,0.0,1.0,0.0,0.0,1.0,1.0,90.0,90.0,1
2026-01-01 06:05:29,9.88,9.62,0.1,0.1,6.3,0.0,0.0,0.0,0.0,0.0,19.21,23.7,34.2,29.0,-128.7,2.4,0.0,0.0,0.0,1.0,0.0,0.0,1.0,1.0,90.0,90.0,1
2026-01-01 06:05:30,9.88,9.63,0.1,0.1,6.6,0.0,0.0,0.0,0.0,0.0,19.21,23.7,34.2,29.0,-128.7,2.4,0.0,0.0,0.0,1.0,0.0,0.0,1.0,1.0,90.0,90.0,1
2026-01-01 06:05:31,9.88,9.62,0.1,0.1,6.4,0.0,0.0,0.0,0.0,0.0,19.21,23.7,34.2,29.0,-128.7,2.4,0.0,0.0,0.0,1.0,0.0,0.0,1.0,1.0,90.0,90.0,1
2026-01-01 06:05:32,9.89,9.61,0.1,0.1,6.3,0.0,0.0,0.0,0.0,0.0,19.21,23.7,34.2,29.0,-128.7,2.4,0.0,0.0,0.0,1.0,0.0,0.0,1.0,1.0,90.0,90.0,1
2026-01-01 06:05:33,9.89,9.61,0.1,0.1,6.3,0.0,0.0,0.0,0.0,0.0,19.21,23.7,34.2,29.0,-128.7,2.4,0.0,0.0,0.0,1.0,0.0,0.0,1.0,1.0,90.0,90.0,1
2026-01-01 06:05:34,9.89,9.62,0.1,0.1,6.5,0.0,0.0,0.0,0.0,0.0,19.21,23.7,34.2,29.0,-128.7,2.4,0.0,0.0,0.0,1.0,0.0,0.0,1.0,1.0,90.0,90.0,1
2026-01-01 06:05:35,9.89,9.61,0.1,0.1,6.4,0.0,0.0,0.0,0.0,0.0,19.21,23.7,34.2,29.0,-128.7,2.4,0.0,0.0,0.0,1.0,0.0,0.0,1.0,1.0,90.0,90.0,1
2026-01-01 06:05:36,9.89,9.61,0.1,0.1,6.4,0.0,0.0,0.0,0.0,0.0,19.21,23.7,34.2,29.0,-128.7,2.4,0.0,0.0,0.0,1.0,0.0,0.0,1.0,1.0,90.0,90.0,1
2026-01-01 06:05:37,9.89,9.64,0.1,0.1,6.6,0.0,0.0,0.0,0.0,0.0,19.21,23.7,34.2,29.0,-128.7,2.4,0.0,0.0,0.0,1.0,0.0,0.0,1.0,1.0,90.0,90.0,1
2026-01-01 06:05:38,9.89,9.64,0.1,0.1,6.7,0.0,0.0,0.0,0.0,0.0,19.21,23.7,34.2,29.0,-128.7,2.4,0.0,0.0,0.0,1.0,0.0,0.0,1.0,1.0,90.0,90.0,1
2026-01-01 06:05:39,9.89,9.64,0.1,0.1,6.7,0.0,0.0,0.0,0.0,0.0,19.21,23.7,34.2,29.0,-128.7,2.5,0.0,0.0,0.0,1.0,0.0,0.0,1.0,1.0,90.0,90.0,1
2026-01-01 06:05:40,9.88,9.62,0.1,0.1,6.3,0.0,0.0,0.0,0.0,0.0,19.21,23.7,34.2,29.0,-128.7,2.4,0.0,0.0,0.0,1.0,0.0,0.0,1.0,1.0,90.0,90.0,1
2026-01-01 06:05:41,9.88,9.64,0.1,0.1,6.5,0.0,0.0,0.0,0.0,0.0,19.21,23.7,34.2,29.0,-128.7,2.4,0.0,0.0,0.0,1.0,0.0,0.0,1.0,1.0,90.0,90.0,1
2026-01-01 06:05:42,9.88,9.62,0.1,0.1,6.2,0.0,0.0,0.0,0.0,0.0,19.21,23.7,34.2,29.0,-128.7,2.4,0.0,0.0,0.0,1.0,0.0,0.0,1.0,1.0,90.0,90.0,1
2026-01-01 06:05:43,9.89,9.64,0.1,0.1,6.7,0.0,0.0,0.0,0.0,0.0,19.21,23.7,34.2,29.0,-128.7,2.4,0.0,0.0,0.0,1.0,0.0,0.0,1.0,1.0,90.0,90.0,1
2026-01-01 06:05:44,9.9,9.62,0.1,0.1,6.3,0.0,0.0,0.0,0.0,0.0,19.21,23.7,34.2,29.0,-128.7,2.4,0.0,0.0,0.0,1.0,0.0,0.0,1.0,1.0,90.0,90.0,1
2026-01-01 06:05:45,9.9,9.64,0.1,0.1,6.9,0.0,0.0,0.0,0.0,0.0,19.21,23.7,34.2,29.0,-128.7,2.4,0.0,0.0,0.0,1.0,0.0,0.0,1.0,1.0,90.0,90.0,1
2026-01-01 06:05:46,9.9,9.64,0.1,0.1,6.9,0.0,0.0,0.0,0.0,0.0,19.21,23.7,34.2,29.0,-128.7,2.4,0.0,0.0,0.0,1.0,0.0,0.0,1.0,1.0,90.0,90.0,1
2026-01-01 06:05:47,9.88,9.63,0.1,0.1,6.3,0.0,0.0,0.0,0.0,0.0,19.21,23.7,34.2,29.0,-128.7,2.3,0.0,0.0,0.0,1.0,0.0,0.0,1.0,1.0,90.0,90.0,1
2026-01-01 06:05:48,9.88,9.63,0.1,0.1,6.8,0.0,0.0,0.0,0.0,0.0,19.21,23.7,34.2,28.9,-128.7,2.3,0.0,0.0,0.0,1.0,0.0,0.0,1.0,1.0,90.0,90.0,1
2026-01-01 06:05:49,9.88,9.63,0.1,0.1,6.8,0.0,0.0,0.0,0.0,0.0,19.21,23.7,34.2,28.9,-128.7,2.3,0.0,0.0,0.0,1.0,0.0,0.0,1.0,1.0,90.0,90.0,1
2026-01-01 06:05:50,9.88,9.62,0.1,0.1,6.3,0.0,0.0,0.0,0.0,0.0,19.21,23.7,34.2,28.9,-128.7,2.3,0.0,0.0,0.0,1.0,0.0,0.0,1.0,1.0,90.0,90.0,1
2026-01-01 06:05:51,9.89,9.64,0.1,0.1,6.5,0.0,0.0,0.0,0.0,0.0,19.31,23.7,34.2,28.9,-128.7,2.3,0.0,0.0,0.0,1.0,0.0,0.0,1.0,1.0,90.0,90.0,1
2026-01-01 06:05:52,9.9,9.64,0.1,0.1,7.0,0.0,0.0,0.0,0.0,0.0,19.31,23.7,34.2,28.9,-128.7,2.3,0.0,0.0,0.0,1.0,0.0,0.0,1.0,1.0,90.0,90.0,1
2026-01-01 06:05:53,9.9,9.64,0.1,0.1,7.0,0.0,0.0,0.0,0.0,0.0,19.31,23.7,34.2,28.9,-128.7,2.3,0.0,0.0,0.0,1.0,0.0,0.0,1.0,1.0,90.0,90.0,1
2026-01-01 06:05:54,9.9,9.64,0.1,0.1,7.0,0.0,0.0,0.0,0.0,0.0,19.31,23.7,34.2,28.9,-128.7,2.3,0.0,0.0,0.0,1.0,0.0,0.0,1.0,1.0,90.0,90.0,1
2026-01-01 06:05:55,9.89,9.64,0.1,0.1,7.1,0.0,0.0,0.0,0.0,0.0,19.31,23.7,34.2,28.9,-128.7,2.3,0.0,0.0,0.0,1.0,0.0,0.0,1.0,1.0,90.0,90.0,1
2026-01-01 06:05:56,9.89,9.64,0.1,0.1,7.1,0.0,0.0,0.0,0.0,0.0,19.31,23.7,34.2,28.9,-128.7,2.3,0.0,0.0,0.0,1.0,0.0,0.0,1.0,1.0,90.0,90.0,1
2026-01-01 06:05:57,9.88,9.64,0.1,0.1,6.9,0.0,0.0,0.0,0.0,0.0,19.31,23.7,34.2,28.9,-128.7,2.3,0.0,0.0,0.0,1.0,0.0,0.0,1.0,1.0,90.0,90.0,1
2026-01-01 06:05:58,9.88,9.64,0.1,0.1,6.9,0.0,0.0,0.0,0.0,0.0,19.31,23.7,34.2,28.9,-128.7,2.3,0.0,0.0,0.0,1.0,0.0,0.0,1.0,1.0,90.0,90.0,1
2026-01-01 06:05:59,9.89,9.64,0.1,0.1,6.3,0.0,0.0,0.0,0.0,0.0,19.31,23.7,34.2,28.9,-128.7,2.3,0.0,0.0,0.0,1.0,0.0,0.0,1.0,1.0,90.0,90.0,1
2026-01-01 06:06:00,9.89,9.63,0.1,0.1,6.9,0.0,0.0,0.0,0.0,0.0,19.31,23.7,34.2,28.9,-128.7,2.3,0.0,0.0,0.0,1.0,0.0,0.0,1.0,1.0,90.0,90.0,1
2026-01-01 06:06:01,9.89,9.62,0.1,0.1,6.7,0.0,0.0,0.0,0.0,0.0,19.31,23.7,34.2,28.9,-128.7,2.3,0.0,0.0,0.0,1.0,0.0,0.0,1.0,1.0,90.0,90.0,1
2026-01-01 06:06:02,9.89,9.62,0.1,0.1,6.7,0.0,0.0,0.0,0.0,0.0,19.31,23.7,34.2,28.9,-128.7,2.3,0.0,0.0,0.0,1.0,0.0,0.0,1.0,1.0,90.0,90.0,1
2026-01-01 06:06:03,9.89,9.64,0.1,0.1,6.7,0.0,0.0,0.0,0.0,0.0,19.31,23.7,34.2,28.9,-128.7,2.3,0.0,0.0,0.0,1.0,0.0,0.0,1.0,1.0,90.0,90.0,1
2026-01-01 06:06:04,9.89,9.64,0.1,0.1,6.5,0.0,0.0,0.0,0.0,0.0,19.31,23.7,34.2,28.9,-128.7,2.3,0.0,0.0,0.0,1.0,0.0,0.0,1.0,1.0,90.0,90.0,1
2026-01-01 06:06:05,9.89,9.64,0.1,0.1,6.9,0.0,0.0,0.0,0.0,0.0,19.31,23.7,34.2,28.9,-128.7,2.3,0.0,0.0,0.0,1.0,0.0,0.0,1.0,1.0,90.0,90.0,1
2026-01-01 06:06:06,9.89,9.63,0.1,0.1,6.6,0.0,0.0,0.0,0.0,0.0,19.31,23.7,34.2,28.9,-128.7,2.3,0.0,0.0,0.0,1.0,0.0,0.0,1.0,1.0,90.0,90.0,1
2026-01-01 06:06:07,9.89,9.64,0.1,0.1,6.6,0.0,0.0,0.0,0.0,0.0,19.31,23.7,34.2,28.9,-128.7,2.3,0.0,0.0,0.0,1.0,0.0,0.0,1.0,1.0,90.0,90.0,1
2026-01-01 06:06:08,9.89,9.64,0.1,0.1,6.6,0.0,0.0,0.0,0.0,0.0,19.31,23.7,34.2,28.9,-128.7,2.3,0.0,0.0,0.0,1.0,0.0,0.0,1.0,1.0,90.0,90.0,1
2026-01-01 06:06:09,9.9,9.64,0.1,0.1,6.7,0.0,0.0,0.0,0.0,0.0,19.31,23.7,34.2,28.9,-128.7,2.3,0.0,0.0,0.0,1.0,0.0,0.0,1.0,1.0,90.0,90.0,1
2026-01-01 06:06:10,9.9,9.64,0.1,0.1,6.7,0.0,0.0,0.0,0.0,0.0,19.31,23.7,34.2,28.9,-128.7,2.3,0.0,0.0,0.0,1.0,0.0,0.0,1.0,1.0,90.0,90.0,1
2026-01-01 06:06:11,9.9,9.64,0.1,0.1,6.9,0.0,0.0,0.0,0.0,0.0,19.31,23.7,34.2,28.9,-128.7,2.3,0.0,0.0,0.0,1.0,0.0,0.0,1.0,1.0,90.0,90.0,1
2026-01-01 06:06:12,9.9,9.64,0.1,0.1,6.4,0.0,0.0,0.0,0.0,0.0,19.31,23.7,34.2,28.9,-128.7,2.3,0.0,0.0,0.0,1.0,0.0,0.0,1.0,1.0,90.0,90.0,1
2026-01-01 06:06:13,9.9,9.64,0.1,0.1,6.4,0.0,0.0,0.0,0.0,0.0,19.31,23.7,34.2,28.9,-128.7,2.3,0.0,0.0,0.0,1.0,0.0,0.0,1.0,1.0,90.0,90.0,1
2026-01-01 06:06:14,9.89,9.64,0.1,0.1,6.2,0.0,0.0,0.0,0.0,0.0,19.31,23.7,34.2,28.9,-128.7,2.3,0.0,0.0,0.0,1.0,0.0,0.0,1.0,1.0,90.0,90.0,1
2026-01-01 06:06:15,9.89,9.64,0.1,0.1,6.2,0.0,0.0,0.0,0.0,0.0,19.31,23.7,34.2,28.9,-128.7,2.3,0.0,0.0,0.0,1.0,0.0,0.0,1.0,1.0,90.0,90.0,1
2026-01-01 06:06:16,9.9,9.64,0.1,0.1,6.8,0.0,0.0,0.0,0.0,0.0,19.31,23.7,34.2,28.9,-128.7,2.2,0.0,0.0,0.0,1.0,0.0,0.0,1.0,1.0,90.0,90.0,1
2026-01-01 06:06:17,9.89,9.64,0.1,0.1,6.3,0.0,0.0,0.0,0.0,0.0,19.31,23.7,34.2,28.9,-128.7,2.3,0.0,0.0,0.0,1.0,0.0,0.0,1.0,1.0,90.0,90.0,1
2026-01-01 06:06:18,9.91,9.64,0.1,0.1,7.0,0.0,0.0,0.0,0.0,0.0,19.31,23.7,34.2,28.9,-128.7,2.3,0.0,0.0,0.0,1.0,0.0,0.0,1.0,1.0,90.0,90.0,1
2026-01-01 06:06:19,9.91,9.64,0.1,0.1,6.8,0.0,0.0,0.0,0.0,0.0,19.31,23.7,34.2,28.9,-128.7,2.3,0.0,0.0,0.0,1.0,0.0,0.0,1.0,1.0,90.0,90.0,1
2026-01-01 06:06:20,9.91,9.64,0.1,0.1,6.8,0.0,0.0,0.0,0.0,0.0,19.31,23.7,34.2,28.9,-128.7,2.3,0.0,0.0,0.0,1.0,0.0,0.0,1.0,1.0,90.0,90.0,1
2026-01-01 06:06:21,9.89,9.64,0.1,0.1,6.4,0.0,0.0,0.0,0.0,0.0,19.31,23.7,34.2,28.9,-128.7,2.1,0.0,0.0,0.0,1.0,0.0,0.0,1.0,1.0,90.0,90.0,1
2026-01-01 06:06:22,9.89,9.64,0.1,0.1,6.5,0.0,0.0,0.0,0.0,0.0,19.31,23.7,34.2,28.8,-128.7,2.2,0.0,0.0,0.0,1.0,0.0,0.0,1.0,1.0,90.0,90.0,1
2026-01-01 06:06:23,9.89,9.63,0.1,0.1,6.6,0.0,0.0,0.0,0.0,0.0,19.31,23.7,34.2,28.8,-128.7,2.2,0.0,0.0,0.0,1.0,0.0,0.0,1.0,1.0,90.0,90.0,1
2026-01-01 06:06:24,9.9,9.65,0.1,0.1,6.3,0.0,0.0,0.0,0.0,0.0,19.31,23.7,34.2,28.8,-128.7,2.1,0.0,0.0,0.0,1.0,0.0,0.0,1.0,1.0,90.0,90.0,1
2026-01-01 06:06:25,9.9,9.65,0.1,0.1,6.3,0.0,0.0,0.0,0.0,0.0,19.31,23.7,34.2,28.8,-128.7,2.2,0.0,0.0,0.0,1.0,0.0,0.0,1.0,1.0,90.0,90.0,1
2026-01-01 06:06:26,9.91,9.64,0.1,0.1,6.9,0.0,0.0,0.0,0.0,0.0,19.31,23.7,34.11,28.8,-128.7,2.2,0.0,0.0,0.0,1.0,0.0,0.0,1.0,1.0,90.0,90.0,1
2026-01-01 06:06:27,9.91,9.64,0.1,0.1,6.9,0.0,0.0,0.0,0.0,0.0,19.31,23.7,34.11,28.8,-128.7,2.2,0.0,0.0,0.0,1.0,0.0,0.0,1.0,1.0,90.0,90.0,1
2026-01-01 06:06:28,9.9,9.64,0.1,0.1,6.9,0.0,0.0,0.0,0.0,0.0,19.31,23.7,34.11,28.8,-128.7,2.2,0.0,0.0,0.0,1.0,0.0,0.0,1.0,1.0,90.0,90.0,1
2026-01-01 06:06:29,9.89,9.65,0.1,0.1,6.4,0.0,0.0,0.0,0.0,0.0,19.31,23.7,34.11,28.8,-128.7,2.2,0.0,0.0,0.0,1.0,0.0,0.0,1.0,1.0,90.0,90.0,1
2026-01-01 06:06:30,9.89,9.65,0.1,0.1,6.4,0.0,0.0,0.0,0.0,0.0,19.31,23.7,34.11,28.8,-128.7,2.2,0.0,0.0,0.0,1.0,0.0,0.0,1.0,1.0,90.0,90.0,1
2026-01-01 06:06:31,9.9,9.65,0.1,0.1,6.3,0.0,0.0,0.0,0.0,0.0,19.31,23.7,34.11,28.8,-128.7,2.1,0.0,0.0,0.0,1.0,0.0,0.0,1.0,1.0,90.0,90.0,1
2026-01-01 06:06:32,9.9,9.64,0.1,0.1,6.7,0.0,0.0,0.0,0.0,0.0,19.31,23.7,34.11,28.8,-128.7,2.2,0.0,0.0,0.0,1.0,0.0,0.0,1.0,1.0,90.0,90.0,1
2026-01-01 06:06:33,9.91,9.64,0.1,0.1,6.4,0.0,0.0,0.0,0.0,0.0,19.31,23.7,34.11,28.8,-128.7,2.2,0.0,0.0,0.0,1.0,0.0,0.0,1.0,1.0,90.0,90.0,1
2026-01-01 06:06:34,9.91,9.65,0.1,0.1,6.8,0.0,0.0,0.0,0.0,0.0,19.31,23.7,34.11,28.8,-128.7,2.1,0.0,0.0,0.0,1.0,0.0,0.0,1.0,1.0,90.0,90.0,1
2026-01-01 06:06:35,9.92,9.64,0.1,0.1,6.1,0.0,0.0,0.0,0.0,0.0,19.31,23.7,34.11,28.8,-128.7,2.2,0.0,0.0,0.0,1.0,0.0,0.0,1.0,1.0,90.0,90.0,1
2026-01-01 06:06:36,9.9,9.64,0.1,0.1,6.8,0.0,0.0,0.0,0.0,0.0,19.31,23.7,34.11,28.8,-128.7,2.1,0.0,0.0,0.0,1.0,0.0,0.0,1.0,1.0,90.0,90.0,1
2026-01-01 06:06:37,9.9,9.64,0.1,0.1,6.3,0.0,0.0,0.0,0.0,0.0,19.31,23.7,34.11,28.8,-128.7,2.2,0.0,0.0,0.0,1.0,0.0,0.0,1.0,1.0,90.0,90.0,1
2026-01-01 06:06:38,9.9,9.64,0.1,0.1,6.3,0.0,0.0,0.0,0.0,0.0,19.31,23.7,34.11,28.8,-128.7,2.1,0.0,0.0,0.0,1.0,0.0,0.0,1.0,1.0,90.0,90.0,1
2026-01-01 06:06:39,9.9,9.65,0.1,0.1,6.2,0.0,0.0,0.0,0.0,0.0,19.31,23.7,34.11,28.8,-128.7,2.2,0.0,0.0,0.0,1.0,0.0,0.0,1.0,1.0,90.0,90.0,1
2026-01-01 06:06:40,9.91,9.64,0.1,0.1,6.8,0.0,0.0,0.0,0.0,0.0,19.31,23.7,34.11,28.8,-128.7,2.2,0.0,0.0,0.0,1.0,0.0,0.0,1.0,1.0,90.0,90.0,1
2026-01-01 06:06:41,9.91,9.65,0.1,0.1,6.6,0.0,0.0,0.0,0.0,0.0,19.31,23.7,34.11,28.8,-128.7,2.1,0.0,0.0,0.0,1.0,0.0,0.0,1.0,1.0,90.0,90.0,1
2026-01-01 06:06:42,9.91,9.64,0.1,0.1,6.9,0.0,0.0,0.0,0.0,0.0,19.31,23.7,34.11,28.8,-128.7,2.2,0.0,0.0,0.0,1.0,0.0,0.0,1.0,1.0,90.0,90.0,1
2026-01-01 06:06:43,9.9,9.64,0.1,0.1,6.3,0.0,0.0,0.0,0.0,0.0,19.31,23.7,34.11,28.8,-128.7,2.1,0.0,0.0,0.0,1.0,0.0,0.0,1.0,1.0,90.0,90.0,1
2026-01-01 06:06:44,9.9,9.64,0.1,0.1,6.2,0.0,0.0,0.0,0.0,0.0,19.31,23.7,34.11,28.8,-128.7,2.2,0.0,0.0,0.0,1.0,0.0,0.0,1.0,1.0,90.0,90.0,1
2026-01-01 06:06:45,9.89,9.64,0.1,0.1,6.3,0.0,0.0,0.0,0.0,0.0,19.31,23.7,34.11,28.8,-128.7,2.1,0.0,0.0,0.0,1.0,0.0,0.0,1.0,1.0,90.0,90.0,1
2026-01-01 06:06:46,9.9,9.65,0.1,0.1,6.1,0.0,0.0,0.0,0.0,0.0,19.31,23.7,34.11,28.8,-128.7,2.2,0.0,0.0,0.0,1.0,0.0,0.0,1.0,1.0,90.0,90.0,1
2026-01-01 06:06:47,9.91,9.64,0.1,0.1,6.5,0.0,0.0,0.0,0.0,0.0,19.31,23.7,34.2,28.8,-128.7,2.2,0.0,0.0,0.0,1.0,0.0,0.0,1.0,1.0,90.0,90.0,1
2026-01-01 06:06:48,9.9,9.65,0.1,0.1,6.3,0.0,0.0,0.0,0.0,0.0,19.31,23.7,34.2,28.8,-128.7,2.1,0.0,0.0,0.0,1.0,0.0,0.0,1.0,1.0,90.0,90.0,1
2026-01-01 06:06:49,9.91,9.64,0.1,0.1,6.6,0.0,0.0,0.0,0.0,0.0,19.31,23.7,34.2,28.8,-128.7,2.1,0.0,0.0,0.0,1.0,0.0,0.0,1.0,1.0,90.0,90.0,1
2026-01-01 06:06:50,9.91,9.65,0.1,0.1,6.4,0.0,0.0,0.0,0.0,0.0,19.31,23.7,34.2,28.7,-128.7,2.0,0.0,0.0,0.0,1.0,0.0,0.0,1.0,1.0,90.0,90.0,1
2026-01-01 06:06:51,9.91,9.65,0.1,0.1,6.4,0.0,0.0,0.0,0.0,0.0,19.31,23.7,34.2,28.7,-128.7,2.0,0.0,0.0,0.0,1.0,0.0,0.0,1.0,1.0,90.0,90.0,1
2026-01-01 06:06:52,9.9,9.64,0.1,0.1,6.1,0.0,0.0,0.0,0.0,0.0,19.31,23.7,34.2,28.7,-128.7,2.1,0.0,0.0,0.0,1.0,0.0,0.0,1.0,1.0,90.0,90.0,1
2026-01-01 06:06:53,9.91,9.65,0.1,0.1,6.7,0.0,0.0,0.0,0.0,0.0,19.31,23.7,34.2,28.7,-128.7,2.0,0.0,0.0,0.0,1.0,0.0,0.0,1.0,1.0,90.0,90.0,1
2026-01-01 06:06:54,9.9,9.64,0.1,0.1,6.6,0.0,0.0,0.0,0.0,0.0,19.31,23.7,34.2,28.7,-128.7,2.1,0.0,0.0,0.0,1.0,0.0,0.0,1.0,1.0,90.0,90.0,1
2026-01-01 06:06:55,9.9,9.65,0.1,0.1,6.9,0.0,0.0,0.0,0.0,0.0,19.31,23.7,34.2,28.7,-128.7,2.0,0.0,0.0,0.0,1.0,0.0,0.0,1.0,1.0,90.0,90.0,1
2026-01-01 06:06:56,9.91,9.65,0.1,0.1,6.3,0.0,0.0,0.0,0.0,0.0,19.31,23.7,34.2,28.7,-128.7,2.0,0.0,0.0,0.0,1.0,0.0,0.0,1.0,1.0,90.0,90.0,1
2026-01-01 06:06:57,9.91,9.64,0.1,0.1,7.3,0.0,0.0,0.0,0.0,0.0,19.31,23.7,34.2,28.7,-128.7,2.0,0.0,0.0,0.0,1.0,0.0,0.0,1.0,1.0,90.0,90.0,1
2026-01-01 06:06:58,9.92,9.66,0.1,0.1,6.5,0.0,0.0,0.0,0.0,0.0,19.31,23.7,34.2,28.7,-128.7,2.0,0.0,0.0,0.0,1.0,0.0,0.0,1.0,1.0,90.0,90.0,1
2026-01-01 06:06:59,9.92,9.64,0.1,0.1,7.1,0.0,0.0,0.0,0.0,0.0,19.31,23.7,34.2,28.7,-128.7,2.1,0.0,0.0,0.0,1.0,0.0,0.0,1.0,1.0,90.0,90.0,1
2026-01-01 06:07:00,9.92,9.65,0.1,0.1,6.5,0.0,0.0,0.0,0.0,0.0,19.31,23.7,34.2,28.7,-128.7,2.0,0.0,0.0,0.0,1.0,0.0,0.0,1.0,1.0,90.0,90.0,1
2026-01-01 06:07:01,9.91,9.65,0.1,0.1,7.0,0.0,0.0,0.0,0.0,0.0,19.31,23.7,34.2,28.7,-128.7,2.1,0.0,0.0,0.0,1.0,0.0,0.0,1.0,1.0,90.0,90.0,1
2026-01-01 06:07:02,9.91,9.65,0.1,0.1,6.2,0.0,0.0,0.0,0.0,0.0,19.31,23.7,34.2,28.7,-128.7,2.0,0.0,0.0,0.0,1.0,0.0,0.0,1.0,1.0,90.0,90.0,1
2026-01-01 06:07:03,9.9,9.65,0.1,0.1,6.7,0.0,0.0,0.0,0.0,0.0,19.31,23.7,34.2,28.7,-128.7,2.0,0.0,0.0,0.0,1.0,0.0,0.0,1.0,1.0,90.0,90.0,1
2026-01-01 06:07:04,9.9,9.65,0.1,0.1,6.1,0.0,0.0,0.0,0.0,0.0,19.31,23.7,34.2,28.7,-128.7,2.0,0.0,0.0,0.0,1.0,0.0,0.0,1.0,1.0,90.0,90.0,1
2026-01-01 06:07:05,9.9,9.66,0.1,0.1,6.5,0.0,0.0,0.0,0.0,0.0,19.31,23.7,34.2,28.7,-128.7,2.0,0.0,0.0,0.0,1.0,0.0,0.0,1.0,1.0,90.0,90.0,1
2026-01-01 06:07:06,9.9,9.65,0.1,0.1,6.2,0.0,0.0,0.0,0.0,0.0,19.31,23.7,34.2,28.7,-128.7,2.0,0.0,0.0,0.0,1.0,0.0,0.0,1.0,1.0,90.0,90.0,1
2026-01-01 06:07:07,9.92,9.66,0.1,0.1,6.8,0.0,0.0,0.0,0.0,0.0,19.31,23.7,34.2,28.7,-128.7,2.0,0.0,0.0,0.0,1.0,0.0,0.0,1.0,1.0,90.0,90.0,1
2026-01-01 06:07:08,9.92,9.65,0.1,0.1,6.3,0.0,0.0,0.0,0.0,0.0,19.31,23.7,34.2,28.7,-128.7,2.1,0.0,0.0,0.0,1.0,0.0,0.0,1.0,1.0,90.0,90.0,1
2026-01-01 06:07:09,9.9,9.65,0.1,0.1,6.5,0.0,0.0,0.0,0.0,0.0,19.31,23.7,34.2,28.7,-128.7,2.0,0.0,0.0,0.0,1.0,0.0,0.0,1.0,1.0,90.0,90.0,1
2026-01-01 06:07:10,9.9,9.66,0.1,0.1,6.4,0.0,0.0,0.0,0.0,0.0,19.31,23.7,34.2,28.7,-128.7,2.0,0.0,0.0,0.0,1.0,0.0,0.0,1.0,1.0,90.0,90.0,1
2026-01-01 06:07:11,9.91,9.65,0.1,0.1,6.7,0.0,0.0,0.0,0.0,0.0,19.31,23.7,34.2,28.7,-128.7,1.9,0.0,0.0,0.0,1.0,0.0,0.0,1.0,1.0,90.0,90.0,1
2026-01-01 06:07:12,9.9,9.66,0.1,0.1,6.3,0.0,0.0,0.0,0.0,0.0,19.31,23.7,34.2,28.7,-128.7,1.9,0.0,0.0,0.0,1.0,0.0,0.0,1.0,1.0,90.0,90.0,1
2026-01-01 06:07:13,9.91,9.65,0.1,0.1,6.7,0.0,0.0,0.0,0.0,0.0,19.31,23.7,34.2,28.7,-128.7,2.0,0.0,0.0,0.0,1.0,0.0,0.0,1.0,1.0,90.0,90.0,1
2026-01-01 06:07:14,9.91,9.67,0.1,0.1,6.3,0.0,0.0,0.0,0.0,0.0,19.31,23.7,34.2,28.7,-128.7,1.9,0.0,0.0,0.0,1.0,0.0,0.0,1.0,1.0,90.0,90.0,1
2026-01-01 06:07:15,9.92,9.65,0.1,0.1,6.8,0.0,0.0,0.0,0.0,0.0,19.31,23.7,34.2,28.6,-128.7,1.9,0.0,0.0,0.0,1.0,0.0,0.0,1.0,1.0,90.0,90.0,1
2026-01-01 06:07:16,9.92,9.66,0.1,0.1,6.0,0.0,0.0,0.0,0.0,0.0,19.31,23.7,34.2,28.6,-128.7,1.8,0.0,0.0,0.0,1.0,0.0,0.0,1.0,1.0,90.0,90.0,1
2026-01-01 06:07:17,9.92,9.67,0.1,0.1,7.1,0.0,0.0,0.0,0.0,0.0,19.31,23.7,34.2,28.6,-128.7,1.9,0.0,0.0,0.0,1.0,0.0,0.0,1.0,1.0,90.0,90.0,1
2026-01-01 06:07:18,9.92,9.65,0.1,0.1,6.5,0.0,0.0,0.0,0.0,0.0,19.31,23.7,34.2,28.6,-128.7,1.9,0.0,0.0,0.0,1.0,0.0,0.0,1.0,1.0,90.0,90.0,1
2026-01-01 06:07:19,9.91,9.66,0.1,0.1,6.9,0.0,0.0,0.0,0.0,0.0,19.31,23.7,34.2,28.6,-128.7,1.8,0.0,0.0,0.0,1.0,0.0,0.0,1.0,1.0,90.0,90.0,1
2026-01-01 06:07:20,9.91,9.65,0.1,0.1,6.5,0.0,0.0,0.0,0.0,0.0,19.31,23.7,34.2,28.6,-128.7,2.0,0.0,0.0,0.0,1.0,0.0,0.0,1.0,1.0,90.0,90.0,1
2026-01-01 06:07:21,9.91,9.66,0.1,0.1,6.8,0.0,0.0,0.0,0.0,0.0,19.31,23.7,34.2,28.6,-128.7,1.8,0.0,0.0,0.0,1.0,0.0,0.0,1.0,1.0,90.0,90.0,1
2026-01-01 06:07:22,9.91,9.65,0.1,0.1,6.1,0.0,0.0,0.0,0.0,0.0,19.31,23.7,34.2,28.6,-128.7,2.0,0.0,0.0,0.0,1.0,0.0,0.0,1.0,1.0,90.0,90.0,1
2026-01-01 06:07:23,9.91,9.65,0.1,0.1,6.7,0.0,0.0,0.0,0.0,0.0,19.31,23.7,34.29,28.6,-128.7,1.9,0.0,0.0,0.0,1.0,0.0,0.0,1.0,1.0,90.0,90.0,1
2026-01-01 06:07:24,9.92,9.66,0.1,0.1,6.4,0.0,0.0,0.0,0.0,0.0,19.31,23.7,34.29,28.6,-128.7,1.9,0.0,0.0,0.0,1.0,0.0,0.0,1.0,1.0,90.0,90.0,1
2026-01-01 06:07:25,9.92,9.64,0.1,0.1,6.8,0.0,0.0,0.0,0.0,0.0,19.31,23.7,34.29,28.6,-128.7,1.9,0.0,0.0,0.0,1.0,0.0,0.0,1.0,1.0,90.0,90.0,1
2026-01-01 06:07:26,9.92,9.67,0.1,0.1,6.5,0.0,0.0,0.0,0.0,0.0,19.31,23.7,34.29,28.6,-128.7,1.8,0.0,0.0,0.0,1.0,0.0,0.0,1.0,1.0,90.0,90.0,1
2026-01-01 06:07:27,9.92,9.65,0.1,0.1,6.6,0.0,0.0,0.0,0.0,0.0,19.31,23.7,34.29,28.6,-128.7,1.9,0.0,0.0,0.0,1.0,0.0,0.0,1.0,1.0,90.0,90.0,1
2026-01-01 06:07:28,9.92,9.67,0.1,0.1,6.8,0.0,0.0,0.0,0.0,0.0,19.31,23.7,34.29,28.6,-128.7,1.8,0.0,0.0,0.0,1.0,0.0,0.0,1.0,1.0,90.0,90.0,1
2026-01-01 06:07:29,9.92,9.65,0.1,0.1,6.4,0.0,0.0,0.0,0.0,0.0,19.4,23.7,34.29,28.6,-128.7,1.9,0.0,0.0,0.0,1.0,0.0,0.0,1.0,1.0,90.0,90.0,1
2026-01-01 06:07:30,9.91,9.65,0.1,0.1,6.6,0.0,0.0,0.0,0.0,0.0,19.4,23.7,34.29,28.6,-128.7,1.8,0.0,0.0,0.0,1.0,0.0,0.0,1.0,1.0,90.0,90.0,1
2026-01-01 06:07:31,9.91,9.67,0.1,0.1,6.4,0.0,0.0,0.0,0.0,0.0,19.4,23.7,34.29,28.6,-128.7,1.8,0.0,0.0,0.0,1.0,0.0,0.0,1.0,1.0,90.0,90.0,1
2026-01-01 06:07:32,9.92,9.65,0.1,0.1,6.6,0.0,0.0,0.0,0.0,0.0,19.4,23.7,34.29,28.6,-128.7,1.9,0.0,0.0,0.0,1.0,0.0,0.0,1.0,1.0,90.0,90.0,1
2026-01-01 06:07:33,9.94,9.67,0.1,0.1,6.4,0.0,0.0,0.0,0.0,0.0,19.4,23.7,34.29,28.6,-128.7,1.8,0.0,0.0,0.0,1.0,0.0,0.0,1.0,1.0,90.0,90.0,1
2026-01-01 06:07:34,9.92,9.66,0.1,0.1,6.6,0.0,0.0,0.0,0.0,0.0,19.4,23.7,34.29,28.6,-128.7,1.9,0.0,0.0,0.0,1.0,0.0,0.0,1.0,1.0,90.0,90.0,1
2026-01-01 06:07:35,9.92,9.66,0.1,0.1,6.1,0.0,0.0,0.0,0.0,0.0,19.4,23.7,34.29,28.6,-128.7,1.9,0.0,0.0,0.0,1.0,0.0,0.0,1.0,1.0,90.0,90.0,1
2026-01-01 06:07:36,9.91,9.67,0.1,0.1,6.2,0.0,0.0,0.0,0.0,0.0,19.4,23.7,34.29,28.6,-128.7,1.8,0.0,0.0,0.0,1.0,0.0,0.0,1.0,1.0,90.0,90.0,1
2026-01-01 06:07:37,9.91,9.65,0.1,0.1,6.4,0.0,0.0,0.0,0.0,0.0,19.4,23.7,34.29,28.6,-128.7,1.9,0.0,0.0,0.0,1.0,0.0,0.0,1.0,1.0,90.0,90.0,1
2026-01-01 06:07:38,9.91,9.66,0.1,0.1,6.3,0.0,0.0,0.0,0.0,0.0,19.4,23.7,34.29,28.6,-128.7,1.8,0.0,0.0,0.0,1.0,0.0,0.0,1.0,1.0,90.0,90.0,1
2026-01-01 06:07:39,9.91,9.67,0.1,0.1,6.6,0.0,0.0,0.0,0.0,0.0,19.4,23.7,34.29,28.6,-128.7,1.9,0.0,0.0,0.0,1.0,0.0,0.0,1.0,1.0,90.0,90.0,1
2026-01-01 06:07:40,9.92,9.66,0.1,0.1,6.4,0.0,0.0,0.0,0.0,0.0,19.4,23.7,34.29,28.6,-128.7,1.8,0.0,0.0,0.0,1.0,0.0,0.0,1.0,1.0,90.0,90.0,1
2026-01-01 06:07:41,9.92,9.67,0.1,0.1,6.6,0.0,0.0,0.0,0.0,0.0,19.4,23.7,34.29,28.6,-128.7,1.8,0.0,0.0,0.0,1.0,0.0,0.0,1.0,1.0,90.0,90.0,1
2026-01-01 06:07:42,9.94,9.65,0.1,0.1,6.8,0.0,0.0,0.0,0.0,0.0,19.4,23.7,34.29,28.6,-128.7,1.9,0.0,0.0,0.0,1.0,0.0,0.0,1.0,1.0,90.0,90.0,1
2026-01-01 06:07:43,9.94,9.67,0.1,0.1,6.3,0.0,0.0,0.0,0.0,0.0,19.4,23.7,34.29,28.5,-128.7,1.7,0.0,0.0,0.0,1.0,0.0,0.0,1.0,1.0,90.0,90.0,1
2026-01-01 06:07:44,9.91,9.67,0.1,0.1,6.8,0.0,0.0,0.0,0.0,0.0,19.4,23.7,34.29,28.5,-128.7,1.8,0.0,0.0,0.0,1.0,0.0,0.0,1.0,1.0,90.0,90.0,1
2026-01-01 06:07:45,9.91,9.66,0.1,0.1,6.2,0.0,0.0,0.0,0.0,0.0,19.4,23.7,34.29,28.5,-128.7,1.7,0.0,0.0,0.0,1.0,0.0,0.0,1.0,1.0,90.0,90.0,1
2026-01-01 06:07:46,9.91,9.66,0.1,0.1,6.4,0.0,0.0,0.0,0.0,0.0,19.4,23.7,34.29,28.5,-128.7,1.8,0.0,0.0,0.0,1.0,0.0,0.0,1.0,1.0,90.0,90.0,1
2026-01-01 06:07:47,9.91,9.65,0.1,0.1,6.1,0.0,0.0,0.0,0.0,0.0,19.4,23.7,34.38,28.5,-128.7,1.8,0.0,0.0,0.0,1.0,0.0,0.0,1.0,1.0,90.0,90.0,1
2026-01-01 06:07:48,9.92,9.67,0.1,0.1,6.8,0.0,0.0,0.0,0.0,0.0,19.4,23.7,34.38,28.5,-128.7,1.8,0.0,0.0,0.0,1.0,0.0,0.0,1.0,1.0,90.0,90.0,1
2026-01-01 06:07:49,9.92,9.66,0.1,0.1,6.4,0.0,0.0,0.0,0.0,0.0,19.4,23.7,34.38,28.5,-128.7,1.8,0.0,0.0,0.0,1.0,0.0,0.0,1.0,1.0,90.0,90.0,1
2026-01-01 06:07:50,9.92,9.67,0.1,0.1,6.5,0.0,0.0,0.0,0.0,0.0,19.4,23.7,34.38,28.5,-128.7,1.7,0.0,0.0,0.0,1.0,0.0,0.0,1.0,1.0,90.0,90.0,1
2026-01-01 06:07:51,9.92,9.66,0.1,0.1,6.1,0.0,0.0,0.0,0.0,0.0,19.4,23.7,34.38,28.5,-128.7,1.7,0.0,0.0,0.0,1.0,0.0,0.0,1.0,1.0,90.0,90.0,1
2026-01-01 06:07:52,9.92,9.67,0.1,0.1,6.8,0.0,0.0,0.0,0.0,0.0,19.4,23.7,34.38,28.5,-128.7,1.7,0.0,0.0,0.0,1.0,0.0,0.0,1.0,1.0,90.0,90.0,1
2026-01-01 06:07:53,9.92,9.67,0.1,0.1,6.7,0.0,0.0,0.0,0.0,0.0,19.4,23.7,34.38,28.5,-128.7,1.7,0.0,0.0,0.0,1.0,0.0,0.0,1.0,1.0,90.0,90.0,1
2026-01-01 06:07:54,9.92,9.66,0.1,0.1,6.6,0.0,0.0,0.0,0.0,0.0,19.4,23.7,34.38,28.5,-128.7,1.7,0.0,0.0,0.0,1.0,0.0,0.0,1.0,1.0,90.0,90.0,1
2026-01-01 06:07:55,9.92,9.67,0.1,0.1,6.8,0.0,0.0,0.0,0.0,0.0,19.4,23.7,34.47,28.5,-128.7,1.7,0.0,0.0,0.0,1.0,0.0,0.0,1.0,1.0,90.0,90.0,1
2026-01-01 06:07:56,9.94,9.67,0.1,0.1,6.3,0.0,0.0,0.0,0.0,0.0,19.4,23.7,34.47,28.5,-128.7,1.8,0.0,0.0,0.0,1.0,0.0,0.0,1.0,1.0,90.0,90.0,1
2026-01-01 06:07:57,9.94,9.67,0.1,0.1,7.1,0.0,0.0,0.0,0.0,0.0,19.4,23.7,34.47,28.5,-128.7,1.7,0.0,0.0,0.0,1.0,0.0,0.0,1.0,1.0,90.0,90.0,1
2026-01-01 06:07:58,9.94,9.67,0.1,0.1,6.3,0.0,0.0,0.0,0.0,0.0,19.4,23.7,34.47,28.5,-128.7,1.7,0.0,0.0,0.0,1.0,0.0,0.0,1.0,1.0,90.0,90.0,1
2026-01-01 06:07:59,9.92,9.67,0.1,0.1,6.7,0.0,0.0,0.0,0.0,0.0,19.4,23.7,34.47,28.5,-128.7,1.8,0.0,0.0,0.0,1.0,0.0,0.0,1.0,1.0,90.0,90.0,1
2026-01-01 06:08:00,9.92,9.67,0.1,0.1,6.3,0.0,0.0,0.0,0.0,0.0,19.4,23.7,34.47,28.5,-128.7,1.7,0.0,0.0,0.0,1.0,0.0,0.0,1.0,1.0,90.0,90.0,1
2026-01-01 06:08:01,9.92,9.67,0.1,0.1,6.4,0.0,0.0,0.0,0.0,0.0,19.4,23.7,34.47,28.5,-128.7,1.8,0.0,0.0,0.0,1.0,0.0,0.0,1.0,1.0,90.0,90.0,1
2026-01-01 06:08:02,9.92,9.67,0.1,0.1,6.4,0.0,0.0,0.0,0.0,0.0,19.4,23.7,34.47,28.5,-128.7,1.7,0.0,0.0,0.0,1.0,0.0,0.0,1.0,1.0,90.0,90.0,1
2026-01-01 06:08:03,9.92,9.67,0.1,0.1,6.4,0.0,0.0,0.0,0.0,0.0,19.4,23.7,34.47,28.5,-128.7,1.7,0.0,0.0,0.0,1.0,0.0,0.0,1.0,1.0,90.0,90.0,1
2026-01-01 06:08:04,9.92,9.67,0.1,0.1,6.5,0.0,0.0,0.0,0.0,0.0,19.4,23.7,34.47,28.5,-128.7,1.7,0.0,0.0,0.0,1.0,0.0,0.0,1.0,1.0,90.0,90.0,1
2026-01-01 06:08:05,9.92,9.67,0.1,0.1,6.3,0.0,0.0,0.0,0.0,0.0,19.4,23.7,34.47,28.5,-128.7,1.7,0.0,0.0,0.0,1.0,0.0,0.0,1.0,1.0,90.0,90.0,1
2026-01-01 06:08:06,9.92,9.67,0.1,0.1,6.7,0.0,0.0,0.0,0.0,0.0,19.4,23.7,34.47,28.5,-128.7,1.7,0.0,0.0,0.0,1.0,0.0,0.0,1.0,1.0,90.0,90.0,1
2026-01-01 06:08:07,9.94,9.68,0.1,0.1,6.2,0.0,0.0,0.0,0.0,0.0,19.4,23.7,34.47,28.5,-128.7,1.7,0.0,0.0,0.0,1.0,0.0,0.0,1.0,1.0,90.0,90.0,1
2026-01-01 06:08:08,9.95,9.67,0.1,0.1,6.8,0.0,0.0,0.0,0.0,0.0,19.4,23.7,34.47,28.5,-128.7,1.7,0.0,0.0,0.0,1.0,0.0,0.0,1.0,1.0,90.0,90.0,1
2026-01-01 06:08:09,9.94,9.68,0.1,0.1,6.7,0.0,0.0,0.0,0.0,0.0,19.4,23.7,34.47,28.4,-128.7,1.6,0.0,0.0,0.0,1.0,0.0,0.0,1.0,1.0,90.0,90.0,1
2026-01-01 06:08:10,9.94,9.66,0.1,0.1,6.2,0.0,0.0,0.0,0.0,0.0,19.4,23.7,34.47,28.4,-128.7,1.6,0.0,0.0,0.0,1.0,0.0,0.0,1.0,1.0,90.0,90.0,1
2026-01-01 06:08:11,9.92,9.68,0.1,0.1,6.7,0.0,0.0,0.0,0.0,0.0,19.4,23.7,34.47,28.4,-128.7,1.6,0.0,0.0,0.0,1.0,0.0,0.0,1.0,1.0,90.0,90.0,1
2026-01-01 06:08:12,9.92,9.67,0.1,0.1,6.2,0.0,0.0,0.0,0.0,0.0,19.4,23.7,34.47,28.4,-128.7,1.6,0.0,0.0,0.0,1.0,0.0,0.0,1.0,1.0,90.0,90.0,1
2026-01-01 06:08:13,9.94,9.67,0.1,0.1,6.6,0.0,0.0,0.0,0.0,0.0,19.4,23.7,34.47,28.4,-128.7,1.6,0.0,0.0,0.0,1.0,0.0,0.0,1.0,1.0,90.0,90.0,1
2026-01-01 06:08:14,9.92,9.67,0.1,0.1,6.2,0.0,0.0,0.0,0.0,0.0,19.4,23.7,34.47,28.4,-128.7,1.6,0.0,0.0,0.0,1.0,0.0,0.0,1.0,1.0,90.0,90.0,1
2026-01-01 06:08:15,9.92,9.66,0.1,0.1,6.0,0.0,0.0,0.0,0.0,0.0,19.4,23.7,34.56,28.4,-128.7,1.6,0.0,0.0,0.0,1.0,0.0,0.0,1.0,1.0,90.0,90.0,1
2026-01-01 06:08:16,9.92,9.67,0.1,0.1,6.5,0.0,0.0,0.0,0.0,0.0,19.4,23.7,34.56,28.4,-128.7,1.6,0.0,0.0,0.0,1.0,0.0,0.0,1.0,1.0,90.0,90.0,1
2026-01-01 06:08:17,9.92,9.67,0.1,0.1,6.2,0.0,0.0,0.0,0.0,0.0,19.4,23.7,34.56,28.4,-128.7,1.6,0.0,0.0,0.0,1.0,0.0,0.0,1.0,1.0,90.0,90.0,1
2026-01-01 06:08:18,9.94,9.68,0.1,0.1,6.8,0.0,0.0,0.0,0.0,0.0,19.4,23.7,34.56,28.4,-128.7,1.6,0.0,0.0,0.0,1.0,0.0,0.0,1.0,1.0,90.0,90.0,1
2026-01-01 06:08:19,9.95,9.67,0.1,0.1,6.4,0.0,0.0,0.0,0.0,0.0,19.4,23.7,34.56,28.4,-128.7,1.6,0.0,0.0,0.0,1.0,0.0,0.0,1.0,1.0,90.0,90.0,1
2026-01-01 06:08:20,9.95,9.68,0.1,0.1,6.7,0.0,0.0,0.0,0.0,0.0,19.4,23.7,34.56,28.4,-128.7,1.6,0.0,0.0,0.0,1.0,0.0,0.0,1.0,1.0,90.0,90.0,1
2026-01-01 06:08:21,9.94,9.66,0.1,0.1,7.2,0.0,0.0,0.0,0.0,0.0,19.4,23.7,34.56,28.4,-128.7,1.7,0.0,0.0,0.0,1.0,0.0,0.0,1.0,1.0,90.0,90.0,1
2026-01-01 06:08:22,9.92,9.67,0.1,0.1,6.5,0.0,0.0,0.0,0.0,0.0,19.4,23.7,34.56,28.4,-128.7,1.6,0.0,0.0,0.0,1.0,0.0,0.0,1.0,1.0,90.0,90.0,1
2026-01-01 06:08:23,9.92,9.67,0.1,0.1,6.9,0.0,0.0,0.0,0.0,0.0,19.4,23.7,34.56,28.4,-128.7,1.6,0.0,0.0,0.0,1.0,0.0,0.0,1.0,1.0,90.0,90.0,1
2026-01-01 06:08:24,9.92,9.67,0.1,0.1,6.3,0.0,0.0,0.0,0.0,0.0,19.4,23.7,34.56,28.4,-128.7,1.6,0.0,0.0,0.0,1.0,0.0,0.0,1.0,1.0,90.0,90.0,1
2026-01-01 06:08:25,9.92,9.68,0.1,0.1,6.4,0.0,0.0,0.0,0.0,0.0,19.4,23.7,34.56,28.4,-128.7,1.6,0.0,0.0,0.0,1.0,0.0,0.0,1.0,1.0,90.0,90.0,1
2026-01-01 06:08:26,9.92,9.67,0.1,0.1,6.2,0.0,0.0,0.0,0.0,0.0,19.4,23.7,34.65,28.4,-128.7,1.6,0.0,0.0,0.0,1.0,0.0,0.0,1.0,1.0,90.0,90.0,1
2026-01-01 06:08:27,9.94,9.68,0.1,0.1,6.2,0.0,0.0,0.0,0.0,0.0,19.4,23.7,34.65,28.4,-128.7,1.6,0.0,0.0,0.0,1.0,0.0,0.0,1.0,1.0,90.0,90.0,1
2026-01-01 06:08:28,9.92,9.67,0.1,0.1,6.4,0.0,0.0,0.0,0.0,0.0,19.4,23.7,34.65,28.4,-128.7,1.6,0.0,0.0,0.0,1.0,0.0,0.0,1.0,1.0,90.0,90.0,1
2026-01-01 06:08:29,9.95,9.67,0.1,0.1,6.3,0.0,0.0,0.0,0.0,0.0,19.4,23.7,34.65,28.4,-128.7,1.6,0.0,0.0,0.0,1.0,0.0,0.0,1.0,1.0,90.0,90.0,1
2026-01-01 06:08:30,9.95,9.67,0.1,0.1,6.9,0.0,0.0,0.0,0.0,0.0,19.4,23.7,34.65,28.4,-128.7,1.7,0.0,0.0,0.0,1.0,0.0,0.0,1.0,1.0,90.0,90.0,1
2026-01-01 06:08:31,9.95,9.67,0.1,0.1,6.5,0.0,0.0,0.0,0.0,0.0,19.4,23.7,34.65,28.4,-128.7,1.6,0.0,0.0,0.0,1.0,0.0,0.0,1.0,1.0,90.0,90.0,1
2026-01-01 06:08:32,9.95,9.68,0.1,0.1,7.0,0.0,0.0,0.0,0.0,0.0,19.4,23.7,34.65,28.4,-128.7,1.6,0.0,0.0,0.0,1.0,0.0,0.0,1.0,1.0,90.0,90.0,1
2026-01-01 06:08:33,9.92,9.67,0.1,0.1,6.8,0.0,0.0,0.0,0.0,0.0,19.4,23.7,34.65,28.4,-128.7,1.6,0.0,0.0,0.0,1.0,0.0,0.0,1.0,1.0,90.0,90.0,1
2026-01-01 06:08:34,9.94,9.68,0.1,0.1,6.3,0.0,0.0,0.0,0.0,0.0,19.4,23.7,34.65,28.4,-128.7,1.6,0.0,0.0,0.0,1.0,0.0,0.0,1.0,1.0,90.0,90.0,1
2026-01-01 06:08:35,9.94,9.67,0.1,0.1,6.8,0.0,0.0,0.0,0.0,0.0,19.4,23.7,34.65,28.4,-128.7,1.6,0.0,0.0,0.0,1.0,0.0,0.0,1.0,1.0,90.0,90.0,1
2026-01-01 06:08:36,9.92,9.68,0.1,0.1,6.3,0.0,0.0,0.0,0.0,0.0,19.4,23.7,34.65,28.4,-128.7,1.6,0.0,0.0,0.0,1.0,0.0,0.0,1.0,1.0,90.0,90.0,1
2026-01-01 06:08:37,9.94,9.67,0.1,0.1,7.0,0.0,0.0,0.0,0.0,0.0,19.4,23.7,34.65,28.3,-128.7,1.5,0.0,0.0,0.0,1.0,0.0,0.0,1.0,1.0,90.0,90.0,1
2026-01-01 06:08:38,9.94,9.69,0.1,0.1,6.3,0.0,0.0,0.0,0.0,0.0,19.4,23.7,34.65,28.3,-128.7,1.5,0.0,0.0,0.0,1.0,0.0,0.0,1.0,1.0,90.0,90.0,1
2026-01-01 06:08:39,9.95,9.68,0.1,0.1,6.4,0.0,0.0,0.0,0.0,0.0,19.4,23.7,34.65,28.3,-128.7,1.5,0.0,0.0,0.0,1.0,0.0,0.0,1.0,1.0,90.0,90.0,1
2026-01-01 06:08:40,9.94,9.68,0.1,0.1,6.3,0.0,0.0,0.0,0.0,0.0,19.4,23.7,34.65,28.3,-128.7,1.5,0.0,0.0,0.0,1.0,0.0,0.0,1.0,1.0,90.0,90.0,1
2026-01-01 06:08:41,9.95,9.68,0.1,0.1,6.3,0.0,0.0,0.0,0.0,0.0,19.4,23.7,34.65,28.3,-128.7,1.5,0.0,0.0,0.0,1.0,0.0,0.0,1.0,1.0,90.0,90.0,1
2026-01-01 06:08:42,9.95,9.68,0.1,0.1,6.6,0.0,0.0,0.0,0.0,0.0,19.4,23.7,34.65,28.3,-128.7,1.5,0.0,0.0,0.0,1.0,0.0,0.0,1.0,1.0,90.0,90.0,1
2026-01-01 06:08:43,9.95,9.68,0.1,0.1,6.2,0.0,0.0,0.0,0.0,0.0,19.4,23.7,34.65,28.3,-128.7,1.5,0.0,0.0,0.0,1.0,0.0,0.0,1.0,1.0,90.0,90.0,1
2026-01-01 06:08:44,9.95,9.68,0.1,0.1,6.8,0.0,0.0,0.0,0.0,0.0,19.4,23.7,34.65,28.3,-128.7,1.5,0.0,0.0,0.0,1.0,0.0,0.0,1.0,1.0,90.0,90.0,1
2026-01-01 06:08:45,9.92,9.68,0.1,0.1,6.8,0.0,0.0,0.0,0.0,0.0,19.4,23.7,34.65,28.3,-128.7,1.5,0.0,0.0,0.0,1.0,0.0,0.0,1.0,1.0,90.0,90.0,1
2026-01-01 06:08:46,9.94,9.67,0.1,0.1,6.4,0.0,0.0,0.0,0.0,0.0,19.4,23.7,34.65,28.3,-128.7,1.5,0.0,0.0,0.0,1.0,0.0,0.0,1.0,1.0,90.0,90.0,1
2026-01-01 06:08:47,9.92,9.68,0.1,0.1,6.9,0.0,0.0,0.0,0.0,0.0,19.4,23.7,34.65,28.3,-128.7,1.5,0.0,0.0,0.0,1.0,0.0,0.0,1.0,1.0,90.0,90.0,1
2026-01-01 06:08:48,9.92,9.68,0.1,0.1,6.3,0.0,0.0,0.0,0.0,0.0,19.4,23.7,34.65,28.3,-128.7,1.5,0.0,0.0,0.0,1.0,0.0,0.0,1.0,1.0,90.0,90.0,1
2026-01-01 06:08:49,9.94,9.68,0.1,0.1,6.6,0.0,0.0,0.0,0.0,0.0,19.4,23.7,34.65,28.3,-128.7,1.5,0.0,0.0,0.0,1.0,0.0,0.0,1.0,1.0,90.0,90.0,1
2026-01-01 06:08:50,9.95,9.68,0.1,0.1,6.2,0.0,0.0,0.0,0.0,0.0,19.4,23.7,34.65,28.3,-128.7,1.5,0.0,0.0,0.0,1.0,0.0,0.0,1.0,1.0,90.0,90.0,1
2026-01-01 06:08:51,9.95,9.67,0.1,0.1,6.1,0.0,0.0,0.0,0.0,0.0,19.4,23.7,34.74,28.3,-128.7,1.5,0.0,0.0,0.0,1.0,0.0,0.0,1.0,1.0,90.0,90.0,1
2026-01-01 06:08:52,9.95,9.69,0.1,0.1,6.9,0.0,0.0,0.0,0.0,0.0,19.4,23.7,34.74,28.3,-128.7,1.5,0.0,0.0,0.0,1.0,0.0,0.0,1.0,1.0,90.0,90.0,1
2026-01-01 06:08:53,9.94,9.68,0.1,0.1,6.5,0.0,0.0,0.0,0.0,0.0,19.4,23.7,34.74,28.3,-128.7,1.5,0.0,0.0,0.0,1.0,0.0,0.0,1.0,1.0,90.0,90.0,1
2026-01-01 06:08:54,9.94,9.7,0.1,0.1,6.6,0.0,0.0,0.0,0.0,0.0,19.4,23.7,34.74,28.3,-128.7,1.5,0.0,0.0,0.0,1.0,0.0,0.0,1.0,1.0,90.0,90.0,1
2026-01-01 06:08:55,9.94,9.69,0.1,0.1,6.8,0.0,0.0,0.0,0.0,0.0,19.4,23.7,34.74,28.3,-128.7,1.5,0.0,0.0,0.0,1.0,0.0,0.0,1.0,1.0,90.0,90.0,1
2026-01-01 06:08:56,9.94,9.68,0.1,0.1,6.2,0.0,0.0,0.0,0.0,0.0,19.4,23.7,34.74,28.3,-128.7,1.4,0.0,0.0,0.0,1.0,0.0,0.0,1.0,1.0,90.0,90.0,1
2026-01-01 06:08:57,9.95,9.69,0.1,0.1,6.5,0.0,0.0,0.0,0.0,0.0,19.4,23.7,34.74,28.3,-128.7,1.5,0.0,0.0,0.0,1.0,0.0,0.0,1.0,1.0,90.0,90.0,1
2026-01-01 06:08:58,9.94,9.68,0.1,0.1,6.1,0.0,0.0,0.0,0.0,0.0,19.4,23.7,34.74,28.3,-128.7,1.4,0.0,0.0,0.0,1.0,0.0,0.0,1.0,1.0,90.0,90.0,1
2026-01-01 06:08:59,9.95,9.69,0.1,0.1,6.4,0.0,0.0,0.0,0.0,0.0,19.4,23.7,34.74,28.3,-128.7,1.4,0.0,0.0,0.0,1.0,0.0,0.0,1.0,1.0,90.0,90.0,1
2026-01-01 06:09:00,9.95,9.67,0.1,0.1,6.4,0.0,0.0,0.0,0.0,0.0,19.4,23.7,34.74,28.3,-128.7,1.5,0.0,0.0,0.0,1.0,0.0,0.0,1.0,1.0,90.0,90.0,1
2026-01-01 06:09:01,9.96,9.68,0.1,0.1,6.3,0.0,0.0,0.0,0.0,0.0,19.4,23.7,34.74,28.3,-128.7,1.5,0.0,0.0,0.0,1.0,0.0,0.0,1.0,1.0,90.0,90.0,1
2026-01-01 06:09:02,9.96,9.67,0.1,0.1,6.7,0.0,0.0,0.0,0.0,0.0,19.4,23.7,34.74,28.3,-128.7,1.5,0.0,0.0,0.0,1.0,0.0,0.0,1.0,1.0,90.0,90.0,1
2026-01-01 06:09:03,9.94,9.68,0.1,0.1,6.4,0.0,0.0,0.0,0.0,0.0,19.4,23.7,34.74,28.2,-128.7,1.4,0.0,0.0,0.0,1.0,0.0,0.0,1.0,1.0,90.0,90.0,1
2026-01-01 06:09:04,9.95,9.68,0.1,0.1,6.8,0.0,0.0,0.0,0.0,0.0,19.4,23.7,34.74,28.2,-128.7,1.4,0.0,0.0,0.0,1.0,0.0,0.0,1.0,1.0,90.0,90.0,1
2026-01-01 06:09:05,9.94,9.68,0.1,0.1,6.5,0.0,0.0,0.0,0.0,0.0,19.4,23.7,34.74,28.2,-128.7,1.4,0.0,0.0,0.0,1.0,0.0,0.0,1.0,1.0,90.0,90.0,1
2026-01-01 06:09:06,9.94,9.68,0.1,0.1,6.7,0.0,0.0,0.0,0.0,0.0,19.5,23.7,34.74,28.2,-128.7,1.4,0.0,0.0,0.0,1.0,0.0,0.0,1.0,1.0,90.0,90.0,1
2026-01-01 06:09:07,9.94,9.68,0.1,0.1,6.4,0.0,0.0,0.0,0.0,0.0,19.5,23.7,34.74,28.2,-128.7,1.4,0.0,0.0,0.0,1.0,0.0,0.0,1.0,1.0,90.0,90.0,1
2026-01-01 06:09:08,9.94,9.69,0.1,0.1,6.8,0.0,0.0,0.0,0.0,0.0,19.5,23.7,34.74,28.2,-128.7,1.4,0.0,0.0,0.0,1.0,0.0,0.0,1.0,1.0,90.0,90.0,1
2026-01-01 06:09:09,9.94,9.67,0.1,0.1,6.4,0.0,0.0,0.0,0.0,0.0,19.5,23.7,34.74,28.2,-128.7,1.4,0.0,0.0,0.0,1.0,0.0,0.0,1.0,1.0,90.0,90.0,1
2026-01-01 06:09:10,9.94,9.69,0.1,0.1,6.4,0.0,0.0,0.0,0.0,0.0,19.5,23.7,34.74,28.2,-128.7,1.4,0.0,0.0,0.0,1.0,0.0,0.0,1.0,1.0,90.0,90.0,1
2026-01-01 06:09:11,9.96,9.67,0.1,0.1,6.5,0.0,0.0,0.0,0.0,0.0,19.5,23.7,34.74,28.2,-128.7,1.4,0.0,0.0,0.0,1.0,0.0,0.0,1.0,1.0,90.0,90.0,1
2026-01-01 06:09:12,9.95,9.69,0.1,0.1,6.4,0.0,0.0,0.0,0.0,0.0,19.5,23.7,34.74,28.2,-128.7,1.4,0.0,0.0,0.0,1.0,0.0,0.0,1.0,1.0,90.0,90.0,1
2026-01-01 06:09:13,9.96,9.68,0.1,0.1,6.6,0.0,0.0,0.0,0.0,0.0,19.5,23.7,34.74,28.2,-128.7,1.4,0.0,0.0,0.0,1.0,0.0,0.0,1.0,1.0,90.0,90.0,1
2026-01-01 06:09:14,9.96,9.69,0.1,0.1,6.1,0.0,0.0,0.0,0.0,0.0,19.5,23.7,34.74,28.2,-128.7,1.4,0.0,0.0,0.0,1.0,0.0,0.0,1.0,1.0,90.0,90.0,1
2026-01-01 06:09:15,9.95,9.68,0.1,0.1,7.0,0.0,0.0,0.0,0.0,0.0,19.5,23.7,34.74,28.2,-128.7,1.4,0.0,0.0,0.0,1.0,0.0,0.0,1.0,1.0,90.0,90.0,1
2026-01-01 06:09:16,9.94,9.69,0.1,0.1,6.3,0.0,0.0,0.0,0.0,0.0,19.5,23.7,34.74,28.2,-128.7,1.4,0.0,0.0,0.0,1.0,0.0,0.0,1.0,1.0,90.0,90.0,1
2026-01-01 06:09:17,9.94,9.7,0.1,0.1,6.7,0.0,0.0,0.0,0.0,0.0,19.5,23.7,34.74,28.2,-128.7,1.4,0.0,0.0,0.0,1.0,0.0,0.0,1.0,1.0,90.0,90.0,1
2026-01-01 06:09:18,9.94,9.67,0.1,0.1,6.6,0.0,0.0,0.0,0.0,0.0,19.5,23.7,34.74,28.2,-128.7,1.4,0.0,0.0,0.0,1.0,0.0,0.0,1.0,1.0,90.0,90.0,1
2026-01-01 06:09:19,9.96,9.69,0.1,0.1,6.7,0.0,0.0,0.0,0.0,0.0,19.5,23.7,34.74,28.2,-128.7,1.3,0.0,0.0,0.0,1.0,0.0,0.0,1.0,1.0,90.0,90.0,1
2026-01-01 06:09:20,9.96,9.68,0.1,0.1,6.4,0.0,0.0,0.0,0.0,0.0,19.5,23.7,34.74,28.2,-128.7,1.4,0.0,0.0,0.0,1.0,0.0,0.0,1.0,1.0,90.0,90.0,1
2026-01-01 06:09:21,9.96,9.69,0.1,0.1,6.4,0.0,0.0,0.0,0.0,0.0,19.5,23.7,34.74,28.2,-128.7,1.4,0.0,0.0,0.0,1.0,0.0,0.0,1.0,1.0,90.0,90.0,1
2026-01-01 06:09:22,9.96,9.69,0.1,0.1,6.9,0.0,0.0,0.0,0.0,0.0,19.5,23.7,34.83,28.2,-128.7,1.4,0.0,0.0,0.0,1.0,0.0,0.0,1.0,1.0,90.0,90.0,1
2026-01-01 06:09:23,9.95,9.68,0.1,0.1,6.4,0.0,0.0,0.0,0.0,0.0,19.5,23.7,34.83,28.2,-128.7,1.4,0.0,0.0,0.0,1.0,0.0,0.0,1.0,1.0,90.0,90.0,1
2026-01-01 06:09:24,9.95,9.7,0.1,0.1,6.8,0.0,0.0,0.0,0.0,0.0,19.5,23.7,34.83,28.2,-128.7,1.3,0.0,0.0,0.0,1.0,0.0,0.0,1.0,1.0,90.0,90.0,1
2026-01-01 06:09:25,9.95,9.68,0.1,0.1,6.3,0.0,0.0,0.0,0.0,0.0,19.5,23.7,34.83,28.2,-128.7,1.4,0.0,0.0,0.0,1.0,0.0,0.0,1.0,1.0,90.0,90.0,1
2026-01-01 06:09:26,9.95,9.68,0.1,0.1,7.0,0.0,0.0,0.0,0.0,0.0,19.5,23.7,34.83,28.2,-128.7,1.3,0.0,0.0,0.0,1.0,0.0,0.0,1.0,1.0,90.0,90.0,1
2026-01-01 06:09:27,9.95,9.7,0.1,0.1,6.9,0.0,0.0,0.0,0.0,0.0,19.5,23.7,34.83,28.2,-128.7,1.4,0.0,0.0,0.0,1.0,0.0,0.0,1.0,1.0,90.0,90.0,1
2026-01-01 06:09:28,9.96,9.68,0.1,0.1,6.6,0.0,0.0,0.0,0.0,0.0,19.5,23.7,34.83,28.1,-128.7,1.2,0.0,0.0,0.0,1.0,0.0,0.0,1.0,1.0,90.0,90.0,1
2026-01-01 06:09:29,9.97,9.71,0.1,0.1,6.0,0.0,0.0,0.0,0.0,0.0,19.5,23.7,34.83,28.1,-128.7,1.3,0.0,0.0,0.0,1.0,0.0,0.0,1.0,1.0,90.0,90.0,1
2026-01-01 06:09:30,9.95,9.69,0.1,0.1,6.7,0.0,0.0,0.0,0.0,0.0,19.5,23.7,34.83,28.1,-128.7,1.3,0.0,0.0,0.0,1.0,0.0,0.0,1.0,1.0,90.0,90.0,1
2026-01-01 06:09:31,9.96,9.7,0.1,0.1,6.5,0.0,0.0,0.0,0.0,0.0,19.5,23.7,34.83,28.1,-128.7,1.2,0.0,0.0,0.0,1.0,0.0,0.0,1.0,1.0,90.0,90.0,1
2026-01-01 06:09:32,9.95,9.69,0.1,0.1,6.2,0.0,0.0,0.0,0.0,0.0,19.5,23.7,34.83,28.1,-128.7,1.3,0.0,0.0,0.0,1.0,0.0,0.0,1.0,1.0,90.0,90.0,1
2026-01-01 06:09:33,9.94,9.69,0.1,0.1,6.4,0.0,0.0,0.0,0.0,0.0,19.5,23.7,34.83,28.1,-128.7,1.3,0.0,0.0,0.0,1.0,0.0,0.0,1.0,1.0,90.0,90.0,1
2026-01-01 06:09:34,9.95,9.7,0.1,0.1,6.2,0.0,0.0,0.0,0.0,0.0,19.5,23.7,34.83,28.1,-128.7,1.2,0.0,0.0,0.0,1.0,0.0,0.0,1.0,1.0,90.0,90.0,1
2026-01-01 06:09:35,9.96,9.69,0.1,0.1,6.7,0.0,0.0,0.0,0.0,0.0,19.5,23.7,34.83,28.1,-128.7,1.3,0.0,0.0,0.0,1.0,0.0,0.0,1.0,1.0,90.0,90.0,1
2026-01-01 06:09:36,9.96,9.69,0.1,0.1,6.1,0.0,0.0,0.0,0.0,0.0,19.5,23.7,34.83,28.1,-128.7,1.2,0.0,0.0,0.0,1.0,0.0,0.0,1.0,1.0,90.0,90.0,1
2026-01-01 06:09:37,9.96,9.69,0.1,0.1,6.7,0.0,0.0,0.0,0.0,0.0,19.5,23.7,34.83,28.1,-128.7,1.3,0.0,0.0,0.0,1.0,0.0,0.0,1.0,1.0,90.0,90.0,1
2026-01-01 06:09:38,9.94,9.68,0.1,0.1,6.2,0.0,0.0,0.0,0.0,0.0,19.5,23.7,34.83,28.1,-128.7,1.3,0.0,0.0,0.0,1.0,0.0,0.0,1.0,1.0,90.0,90.0,1
2026-01-01 06:09:39,9.94,9.71,0.1,0.1,6.8,0.0,0.0,0.0,0.0,0.0,19.5,23.7,34.83,28.1,-128.7,1.2,0.0,0.0,0.0,1.0,0.0,0.0,1.0,1.0,90.0,90.0,1
2026-01-01 06:09:40,9.95,9.7,0.1,0.1,6.6,0.0,0.0,0.0,0.0,0.0,19.5,23.7,34.83,28.1,-128.7,1.3,0.0,0.0,0.0,1.0,0.0,0.0,1.0,1.0,90.0,90.0,1
2026-01-01 06:09:41,9.95,9.71,0.1,0.1,6.9,0.0,0.0,0.0,0.0,0.0,19.5,23.7,34.83,28.1,-128.7,1.2,0.0,0.0,0.0,1.0,0.0,0.0,1.0,1.0,90.0,90.0,1
2026-01-01 06:09:42,9.97,9.71,0.1,0.1,6.9,0.0,0.0,0.0,0.0,0.0,19.5,23.7,34.83,28.1,-128.7,1.3,0.0,0.0,0.0,1.0,0.0,0.0,1.0,1.0,90.0,90.0,1
2026-01-01 06:09:43,9.97,9.69,0.1,0.1,6.9,0.0,0.0,0.0,0.0,0.0,19.5,23.7,34.83,28.1,-128.7,1.2,0.0,0.0,0.0,1.0,0.0,0.0,1.0,1.0,90.0,90.0,1
2026-01-01 06:09:44,9.97,9.71,0.1,0.1,6.8,0.0,0.0,0.0,0.0,0.0,19.5,23.7,34.83,28.1,-128.7,1.2,0.0,0.0,0.0,1.0,0.0,0.0,1.0,1.0,90.0,90.0,1
2026-01-01 06:09:45,9.97,9.7,0.1,0.1,6.4,0.0,0.0,0.0,0.0,0.0,19.5,23.7,34.92,28.1,-128.7,1.2,0.0,0.0,0.0,1.0,0.0,0.0,1.0,1.0,90.0,90.0,1
2026-01-01 06:09:46,9.95,9.71,0.1,0.1,6.7,0.0,0.0,0.0,0.0,0.0,19.5,23.7,34.92,28.1,-128.7,1.2,0.0,0.0,0.0,1.0,0.0,0.0,1.0,1.0,90.0,90.0,1
2026-01-01 06:09:47,9.95,9.7,0.1,0.1,6.4,0.0,0.0,0.0,0.0,0.0,19.5,23.7,34.92,28.1,-128.7,1.2,0.0,0.0,0.0,1.0,0.0,0.0,1.0,1.0,90.0,90.0,1
2026-01-01 06:09:48,9.96,9.7,0.1,0.1,6.6,0.0,0.0,0.0,0.0,0.0,19.5,23.7,34.92,28.1,-128.7,1.2,0.0,0.0,0.0,1.0,0.0,0.0,1.0,1.0,90.0,90.0,1
2026-01-01 06:09:49,9.96,9.71,0.1,0.1,6.1,0.0,0.0,0.0,0.0,0.0,19.5,23.7,34.92,28.1,-128.7,1.2,0.0,0.0,0.0,1.0,0.0,0.0,1.0,1.0,90.0,90.0,1
2026-01-01 06:09:50,9.97,9.7,0.1,0.1,6.3,0.0,0.0,0.0,0.0,0.0,19.5,23.7,34.92,28.1,-128.7,1.2,0.0,0.0,0.0,1.0,0.0,0.0,1.0,1.0,90.0,90.0,1
2026-01-01 06:09:51,9.97,9.71,0.1,0.1,6.3,0.0,0.0,0.0,0.0,0.0,19.5,23.7,34.92,28.1,-128.7,1.2,0.0,0.0,0.0,1.0,0.0,0.0,1.0,1.0,90.0,90.0,1
2026-01-01 06:09:52,9.97,9.71,0.1,0.1,7.0,0.0,0.0,0.0,0.0,0.0,19.5,23.7,34.92,28.1,-128.7,1.2,0.0,0.0,0.0,1.0,0.0,0.0,1.0,1.0,90.0,90.0,1
2026-01-01 06:09:53,9.95,9.7,0.1,0.1,6.2,0.0,0.0,0.0,0.0,0.0,19.5,23.7,34.92,28.1,-128.7,1.2,0.0,0.0,0.0,1.0,0.0,0.0,1.0,1.0,90.0,90.0,1
2026-01-01 06:09:54,9.95,9.71,0.1,0.1,6.9,0.0,0.0,0.0,0.0,0.0,19.5,23.7,34.92,28.0,-128.7,1.1,0.0,0.0,0.0,1.0,0.0,0.0,1.0,1.0,90.0,90.0,1
2026-01-01 06:09:55,9.95,9.7,0.1,0.1,6.3,0.0,0.0,0.0,0.0,0.0,19.5,23.7,34.92,28.0,-128.7,1.2,0.0,0.0,0.0,1.0,0.0,0.0,1.0,1.0,90.0,90.0,1
2026-01-01 06:09:56,9.95,9.71,0.1,0.1,6.9,0.0,0.0,0.0,0.0,0.0,19.5,23.7,34.92,28.0,-128.7,1.1,0.0,0.0,0.0,1.0,0.0,0.0,1.0,1.0,90.0,90.0,1
2026-01-01 06:09:57,9.96,9.71,0.1,0.1,6.3,0.0,0.0,0.0,0.0,0.0,19.5,23.7,34.92,28.0,-128.7,1.1,0.0,0.0,0.0,1.0,0.0,0.0,1.0,1.0,90.0,90.0,1
2026-01-01 06:09:58,9.97,9.7,0.1,0.1,7.0,0.0,0.0,0.0,0.0,0.0,19.5,23.7,34.92,28.0,-128.7,1.1,0.0,0.0,0.0,1.0,0.0,0.0,1.0,1.0,90.0,90.0,1
2026-01-01 06:09:59,9.97,9.71,0.1,0.1,6.4,0.0,0.0,0.0,0.0,0.0,19.5,23.7,34.92,28.0,-128.7,1.1,0.0,0.0,0.0,1.0,0.0,0.0,1.0,1.0,90.0,90.0,1
2026-01-01 06:10:00,9.96,9.69,0.1,0.1,6.9,0.0,0.0,0.0,0.0,0.0,19.5,23.7,34.92,28.0,-128.7,1.1,0.0,0.0,0.0,1.0,0.0,0.0,1.0,1.0,90.0,90.0,1
2026-01-01 06:10:01,9.95,9.71,0.1,0.1,6.4,0.0,0.0,0.0,0.0,0.0,19.5,23.7,34.92,28.0,-128.7,1.1,0.0,0.0,0.0,1.0,0.0,0.0,1.0,1.0,90.0,90.0,1
2026-01-01 06:10:02,9.95,9.7,0.1,0.1,6.9,0.0,0.0,0.0,0.0,0.0,19.5,23.7,34.92,28.0,-128.7,1.1,0.0,0.0,0.0,1.0,0.0,0.0,1.0,1.0,90.0,90.0,1
2026-01-01 06:10:03,9.95,9.71,0.1,0.1,6.5,0.0,0.0,0.0,0.0,0.0,19.5,23.7,34.92,28.0,-128.7,1.1,0.0,0.0,0.0,1.0,0.0,0.0,1.0,1.0,90.0,90.0,1
2026-01-01 06:10:04,9.97,9.71,0.1,0.1,6.8,0.0,0.0,0.0,0.0,0.0,19.5,23.7,34.92,28.0,-128.7,1.1,0.0,0.0,0.0,1.0,0.0,0.0,1.0,1.0,90.0,90.0,1
2026-01-01 06:10:05,9.97,9.7,0.1,0.1,6.5,0.0,0.0,0.0,0.0,0.0,19.5,23.7,34.92,28.0,-128.7,1.1,0.0,0.0,0.0,1.0,0.0,0.0,1.0,1.0,90.0,90.0,1
2026-01-01 06:10:06,9.97,9.71,0.1,0.1,6.5,0.0,0.0,0.0,0.0,0.0,19.5,23.7,34.92,28.0,-128.7,1.1,0.0,0.0,0.0,1.0,0.0,0.0,1.0,1.0,90.0,90.0,1
2026-01-01 06:10:07,9.97,9.71,0.1,0.1,6.6,0.0,0.0,0.0,0.0,0.0,19.5,23.7,34.92,28.0,-128.7,1.1,0.0,0.0,0.0,1.0,0.0,0.0,1.0,1.0,90.0,90.0,1
2026-01-01 06:10:08,9.95,9.7,0.1,0.1,6.4,0.0,0.0,0.0,0.0,0.0,19.5,23.7,34.92,28.0,-128.7,1.1,0.0,0.0,0.0,1.0,0.0,0.0,1.0,1.0,90.0,90.0,1
2026-01-01 06:10:09,9.95,9.71,0.1,0.1,6.7,0.0,0.0,0.0,0.0,0.0,19.5,23.7,34.92,28.0,-128.7,1.1,0.0,0.0,0.0,1.0,0.0,0.0,1.0,1.0,90.0,90.0,1
2026-01-01 06:10:10,9.95,9.7,0.1,0.1,6.3,0.0,0.0,0.0,0.0,0.0,19.5,23.7,34.92,28.0,-128.7,1.1,0.0,0.0,0.0,1.0,0.0,0.0,1.0,1.0,90.0,90.0,1
2026-01-01 06:10:11,9.97,9.71,0.1,0.1,6.8,0.0,0.0,0.0,0.0,0.0,19.5,23.7,34.92,28.0,-128.7,1.1,0.0,0.0,0.0,1.0,0.0,0.0,1.0,1.0,90.0,90.0,1
2026-01-01 06:10:12,9.97,9.71,0.1,0.1,6.5,0.0,0.0,0.0,0.0,0.0,19.5,23.7,34.92,28.0,-128.7,1.1,0.0,0.0,0.0,1.0,0.0,0.0,1.0,1.0,90.0,90.0,1
2026-01-01 06:10:13,9.97,9.71,0.1,0.1,6.6,0.0,0.0,0.0,0.0,0.0,19.5,23.7,34.92,28.0,-128.7,1.1,0.0,0.0,0.0,1.0,0.0,0.0,1.0,1.0,90.0,90.0,1
2026-01-01 06:10:14,9.97,9.72,0.1,0.1,6.4,0.0,0.0,0.0,0.0,0.0,19.5,23.7,34.92,28.0,-128.7,1.1,0.0,0.0,0.0,1.0,0.0,0.0,1.0,1.0,90.0,90.0,1
2026-01-01 06:10:15,9.96,9.7,0.1,0.1,6.5,0.0,0.0,0.0,0.0,0.0,19.5,23.7,34.92,28.0,-128.7,1.1,0.0,0.0,0.0,1.0,0.0,0.0,1.0,1.0,90.0,90.0,1
2026-01-01 06:10:16,9.96,9.71,0.1,0.1,7.0,0.0,0.0,0.0,0.0,0.0,19.5,23.7,34.92,28.0,-128.7,1.1,0.0,0.0,0.0,1.0,0.0,0.0,1.0,1.0,90.0,90.0,1
2026-01-01 06:10:17,9.95,9.71,0.1,0.1,6.3,0.0,0.0,0.0,0.0,0.0,19.5,23.7,34.92,28.0,-128.7,1.1,0.0,0.0,0.0,1.0,0.0,0.0,1.0,1.0,90.0,90.0,1
2026-01-01 06:10:18,9.96,9.7,0.1,0.1,6.9,0.0,0.0,0.0,0.0,0.0,19.5,23.7,34.92,28.0,-128.7,1.1,0.0,0.0,0.0,1.0,0.0,0.0,1.0,1.0,90.0,90.0,1
2026-01-01 06:10:19,9.96,9.71,0.1,0.1,6.4,0.0,0.0,0.0,0.0,0.0,19.5,23.7,34.92,28.0,-128.7,1.1,0.0,0.0,0.0,1.0,0.0,0.0,1.0,1.0,90.0,90.0,1
2026-01-01 06:10:20,9.97,9.71,0.1,0.1,6.6,0.0,0.0,0.0,0.0,0.0,19.5,23.7,34.92,27.9,-128.7,1.0,0.0,0.0,0.0,1.0,0.0,0.0,1.0,1.0,90.0,90.0,1
2026-01-01 06:10:21,9.97,9.71,0.1,0.1,7.0,0.0,0.0,0.0,0.0,0.0,19.5,23.7,34.92,27.9,-128.7,1.0,0.0,0.0,0.0,1.0,0.0,0.0,1.0,1.0,90.0,90.0,1
2026-01-01 06:10:22,9.97,9.71,0.1,0.1,6.3,0.0,0.0,0.0,0.0,0.0,19.5,23.7,35.01,27.9,-128.7,1.0,0.0,0.0,0.0,1.0,0.0,0.0,1.0,1.0,90.0,90.0,1
2026-01-01 06:10:23,9.96,9.71,0.1,0.1,6.5,0.0,0.0,0.0,0.0,0.0,19.5,23.7,35.01,27.9,-128.7,1.0,0.0,0.0,0.0,1.0,0.0,0.0,1.0,1.0,90.0,90.0,1
2026-01-01 06:10:24,9.96,9.71,0.1,0.1,6.8,0.0,0.0,0.0,0.0,0.0,19.5,23.7,35.01,27.9,-128.7,1.0,0.0,0.0,0.0,1.0,0.0,0.0,1.0,1.0,90.0,90.0,1
2026-01-01 06:10:25,9.95,9.71,0.1,0.1,6.7,0.0,0.0,0.0,0.0,0.0,19.5,23.7,35.01,27.9,-128.7,1.0,0.0,0.0,0.0,1.0,0.0,0.0,1.0,1.0,90.0,90.0,1
2026-01-01 06:10:26,9.95,9.71,0.1,0.1,6.8,0.0,0.0,0.0,0.0,0.0,19.5,23.7,35.01,27.9,-128.7,1.0,0.0,0.0,0.0,1.0,0.0,0.0,1.0,1.0,90.0,90.0,1
2026-01-01 06:10:27,9.96,9.71,0.1,0.1,6.4,0.0,0.0,0.0,0.0,0.0,19.5,23.7,35.01,27.9,-128.7,1.0,0.0,0.0,0.0,1.0,0.0,0.0,1.0,1.0,90.0,90.0,1
2026-01-01 06:10:28,9.99,9.71,0.1,0.1,6.5,0.0,0.0,0.0,0.0,0.0,19.5,23.7,35.01,27.9,-128.7,1.0,0.0,0.0,0.0,1.0,0.0,0.0,1.0,1.0,90.0,90.0,1
2026-01-01 06:10:29,9.97,9.71,0.1,0.1,6.9,0.0,0.0,0.0,0.0,0.0,19.5,23.7,35.1,27.9,-128.7,1.0,0.0,0.0,0.0,1.0,0.0,0.0,1.0,1.0,90.0,90.0,1
2026-01-01 06:10:30,9.96,9.71,0.1,0.1,6.5,0.0,0.0,0.0,0.0,0.0,19.5,23.7,35.1,27.9,-128.7,1.0,0.0,0.0,0.0,1.0,0.0,0.0,1.0,1.0,90.0,90.0,1
2026-01-01 06:10:31,9.97,9.73,0.1,0.1,6.7,0.0,0.0,0.0,0.0,0.0,19.5,23.7,35.1,27.9,-128.7,1.0,0.0,0.0,0.0,1.0,0.0,0.0,1.0,1.0,90.0,90.0,1
2026-01-01 06:10:32,9.96,9.7,0.1,0.1,6.2,0.0,0.0,0.0,0.0,0.0,19.5,23.7,35.1,27.9,-128.7,1.0,0.0,0.0,0.0,1.0,0.0,0.0,1.0,1.0,90.0,90.0,1
2026-01-01 06:10:33,9.96,9.72,0.1,0.1,6.7,0.0,0.0,0.0,0.0,0.0,19.5,23.7,35.1,27.9,-128.7,1.0,0.0,0.0,0.0,1.0,0.0,0.0,1.0,1.0,90.0,90.0,1
2026-01-01 06:10:34,9.96,9.7,0.1,0.1,6.6,0.0,0.0,0.0,0.0,0.0,19.5,23.7,35.1,27.9,-128.7,1.0,0.0,0.0,0.0,1.0,0.0,0.0,1.0,1.0,90.0,90.0,1
2026-01-01 06:10:35,9.97,9.71,0.1,0.1,7.0,0.0,0.0,0.0,0.0,0.0,19.5,23.7,35.19,27.9,-128.7,1.0,0.0,0.0,0.0,1.0,0.0,0.0,1.0,1.0,90.0,90.0,1
2026-01-01 06:10:36,9.96,9.71,0.1,0.1,6.8,0.0,0.0,0.0,0.0,0.0,19.5,23.7,35.19,27.9,-128.7,1.0,0.0,0.0,0.0,1.0,0.0,0.0,1.0,1.0,90.0,90.0,1
2026-01-01 06:10:37,9.97,9.71,0.1,0.1,6.6,0.0,0.0,0.0,0.0,0.0,19.5,23.7,35.19,27.9,-128.7,1.0,0.0,0.0,0.0,1.0,0.0,0.0,1.0,1.0,90.0,90.0,1
2026-01-01 06:10:38,9.97,9.72,0.1,0.1,6.9,0.0,0.0,0.0,0.0,0.0,19.5,23.7,35.19,27.9,-128.7,1.0,0.0,0.0,0.0,1.0,0.0,0.0,1.0,1.0,90.0,90.0,1
2026-01-01 06:10:39,9.97,9.71,0.1,0.1,6.5,0.0,0.0,0.0,0.0,0.0,19.5,23.7,35.19,27.9,-128.7,1.0,0.0,0.0,0.0,1.0,0.0,0.0,1.0,1.0,90.0,90.0,1
2026-01-01 06:10:40,9.99,9.71,0.1,0.1,6.5,0.0,0.0,0.0,0.0,0.0,19.5,23.7,35.19,27.9,-128.7,1.0,0.0,0.0,0.0,1.0,0.0,0.0,1.0,1.0,90.0,90.0,1
2026-01-01 06:10:41,9.99,9.71,0.1,0.1,6.6,0.0,0.0,0.0,0.0,0.0,19.5,23.7,35.28,27.9,-128.7,1.0,0.0,0.0,0.0,1.0,0.0,0.0,1.0,1.0,90.0,90.0,1
2026-01-01 06:10:42,9.97,9.73,0.1,0.1,6.8,0.0,0.0,0.0,0.0,0.0,19.5,23.7,35.28,27.9,-128.7,1.0,0.0,0.0,0.0,1.0,0.0,0.0,1.0,1.0,90.0,90.0,1
2026-01-01 06:10:43,9.97,9.71,0.1,0.1,6.7,0.0,0.0,0.0,0.0,0.0,19.6,23.7,35.28,27.9,-128.7,1.0,0.0,0.0,0.0,1.0,0.0,0.0,1.0,1.0,90.0,90.0,1
2026-01-01 06:10:44,9.97,9.74,0.1,0.1,6.8,0.0,0.0,0.0,0.0,0.0,19.6,23.7,35.28,27.8,-128.7,0.8,0.0,0.0,0.0,1.0,0.0,0.0,1.0,1.0,90.0,90.0,1
2026-01-01 06:10:45,9.97,9.71,0.1,0.1,6.6,0.0,0.0,0.0,0.0,0.0,19.6,23.7,35.28,27.8,-128.7,0.9,0.0,0.0,0.0,1.0,0.0,0.0,1.0,1.0,90.0,90.0,1
2026-01-01 06:10:46,9.96,9.73,0.1,0.1,6.9,0.0,0.0,0.0,0.0,0.0,19.6,23.7,35.28,27.8,-128.7,0.9,0.0,0.0,0.0,1.0,0.0,0.0,1.0,1.0,90.0,90.0,1
2026-01-01 06:10:47,9.96,9.71,0.1,0.1,6.5,0.0,0.0,0.0,0.0,0.0,19.6,23.7,35.28,27.8,-128.7,0.9,0.0,0.0,0.0,1.0,0.0,0.0,1.0,1.0,90.0,90.0,1
2026-01-01 06:10:48,9.96,9.73,0.1,0.1,7.0,0.0,0.0,0.0,0.0,0.0,19.6,23.7,35.28,27.8,-128.7,0.9,0.0,0.0,0.0,1.0,0.0,0.0,1.0,1.0,90.0,90.0,1
2026-01-01 06:10:49,9.96,9.71,0.1,0.1,6.3,0.0,0.0,0.0,0.0,0.0,19.6,23.7,35.28,27.8,-128.7,0.9,0.0,0.0,0.0,1.0,0.0,0.0,1.0,1.0,90.0,90.0,1
2026-01-01 06:10:50,9.97,9.71,0.1,0.1,6.7,0.0,0.0,0.0,0.0,0.0,19.6,23.7,35.28,27.8,-128.7,0.9,0.0,0.0,0.0,1.0,0.0,0.0,1.0,1.0,90.0,90.0,1
2026-01-01 06:10:51,9.97,9.73,0.1,0.1,6.5,0.0,0.0,0.0,0.0,0.0,19.6,23.7,35.28,27.8,-128.7,0.9,0.0,0.0,0.0,1.0,0.0,0.0,1.0,1.0,90.0,90.0,1
2026-01-01 06:10:52,9.97,9.71,0.1,0.1,6.8,0.0,0.0,0.0,0.0,0.0,19.6,23.7,35.28,27.8,-128.7,0.9,0.0,0.0,0.0,1.0,0.0,0.0,1.0,1.0,90.0,90.0,1
2026-01-01 06:10:53,9.97,9.72,0.1,0.1,6.5,0.0,0.0,0.0,0.0,0.0,19.6,23.7,35.28,27.8,-128.7,0.9,0.0,0.0,0.0,1.0,0.0,0.0,1.0,1.0,90.0,90.0,1
2026-01-01 06:10:54,9.97,9.71,0.1,0.1,6.4,0.0,0.0,0.0,0.0,0.0,19.6,23.7,35.28,27.8,-128.7,0.9,0.0,0.0,0.0,1.0,0.0,0.0,1.0,1.0,90.0,90.0,1
2026-01-01 06:10:55,9.97,9.73,0.1,0.1,6.6,0.0,0.0,0.0,0.0,0.0,19.6,23.7,35.28,27.8,-128.7,0.8,0.0,0.0,0.0,1.0,0.0,0.0,1.0,1.0,90.0,90.0,1
2026-01-01 06:10:56,9.97,9.72,0.1,0.1,6.5,0.0,0.0,0.0,0.0,0.0,19.6,23.7,35.37,27.8,-128.7,0.9,0.0,0.0,0.0,1.0,0.0,0.0,1.0,1.0,90.0,90.0,1
2026-01-01 06:10:57,9.97,9.73,0.1,0.1,6.9,0.0,0.0,0.0,0.0,0.0,19.6,23.7,35.37,27.8,-128.7,0.8,0.0,0.0,0.0,1.0,0.0,0.0,1.0,1.0,90.0,90.0,1
2026-01-01 06:10:58,9.96,9.72,0.1,0.1,6.4,0.0,0.0,0.0,0.0,0.0,19.6,23.7,35.37,27.8,-128.7,0.9,0.0,0.0,0.0,1.0,0.0,0.0,1.0,1.0,90.0,90.0,1
2026-01-01 06:10:59,9.97,9.71,0.1,0.1,7.0,0.0,0.0,0.0,0.0,0.0,19.6,23.7,35.37,27.8,-128.7,0.8,0.0,0.0,0.0,1.0,0.0,0.0,1.0,1.0,90.0,90.0,1
2026-01-01 06:11:00,9.97,9.72,0.1,0.1,6.7,0.0,0.0,0.0,0.0,0.0,19.6,23.7,35.37,27.8,-128.7,0.9,0.0,0.0,0.0,1.0,0.0,0.0,1.0,1.0,90.0,90.0,1
2026-01-01 06:11:01,9.97,9.72,0.1,0.1,6.7,0.0,0.0,0.0,0.0,0.0,19.6,23.7,35.37,27.8,-128.7,0.8,0.0,0.0,0.0,1.0,0.0,0.0,1.0,1.0,90.0,90.0,1
2026-01-01 06:11:02,9.97,9.72,0.1,0.1,6.9,0.0,0.0,0.0,0.0,0.0,19.6,23.7,35.37,27.8,-128.7,0.9,0.0,0.0,0.0,1.0,0.0,0.0,1.0,1.0,90.0,90.0,1
2026-01-01 06:11:03,9.97,9.72,0.1,0.1,6.6,0.0,0.0,0.0,0.0,0.0,19.6,23.7,35.37,27.8,-128.7,0.9,0.0,0.0,0.0,1.0,0.0,0.0,1.0,1.0,90.0,90.0,1
2026-01-01 06:11:04,9.99,9.73,0.1,0.1,7.1,0.0,0.0,0.0,0.0,0.0,19.6,23.7,35.37,27.8,-128.7,0.9,0.0,0.0,0.0,1.0,0.0,0.0,1.0,1.0,90.0,90.0,1
2026-01-01 06:11:05,9.99,9.71,0.1,0.1,6.3,0.0,0.0,0.0,0.0,0.0,19.6,23.7,35.37,27.8,-128.7,0.9,0.0,0.0,0.0,1.0,0.0,0.0,1.0,1.0,90.0,90.0,1
2026-01-01 06:11:06,9.99,9.73,0.1,0.1,7.0,0.0,0.0,0.0,0.0,0.0,19.6,23.7,35.37,27.8,-128.7,0.9,0.0,0.0,0.0,1.0,0.0,0.0,1.0,1.0,90.0,90.0,1
2026-01-01 06:11:07,9.99,9.71,0.1,0.1,6.4,0.0,0.0,0.0,0.0,0.0,19.6,23.7,35.46,27.8,-128.7,0.8,0.0,0.0,0.0,1.0,0.0,0.0,1.0,1.0,90.0,90.0,1
2026-01-01 06:11:08,9.97,9.73,0.1,0.1,6.3,0.0,0.0,0.0,0.0,0.0,19.6,23.7,35.46,27.8,-128.7,0.8,0.0,0.0,0.0,1.0,0.0,0.0,1.0,1.0,90.0,90.0,1
2026-01-01 06:11:09,9.99,9.71,0.1,0.1,6.8,0.0,0.0,0.0,0.0,0.0,19.6,23.7,35.46,27.8,-128.7,0.9,0.0,0.0,0.0,1.0,0.0,0.0,1.0,1.0,90.0,90.0,1
2026-01-01 06:11:10,9.99,9.73,0.1,0.1,6.3,0.0,0.0,0.0,0.0,0.0,19.6,23.7,35.46,27.7,-128.7,0.7,0.0,0.0,0.0,1.0,0.0,0.0,1.0,1.0,90.0,90.0,1
2026-01-01 06:11:11,9.97,9.72,0.1,0.1,6.6,0.0,0.0,0.0,0.0,0.0,19.6,23.7,35.46,27.7,-128.7,0.8,0.0,0.0,0.0,1.0,0.0,0.0,1.0,1.0,90.0,90.0,1
2026-01-01 06:11:12,9.97,9.73,0.1,0.1,6.3,0.0,0.0,0.0,0.0,0.0,19.6,23.7,35.46,27.7,-128.7,0.7,0.0,0.0,0.0,1.0,0.0,0.0,1.0,1.0,90.0,90.0,1
2026-01-01 06:11:13,9.97,9.72,0.1,0.1,6.9,0.0,0.0,0.0,0.0,0.0,19.6,23.7,35.46,27.7,-128.7,0.8,0.0,0.0,0.0,1.0,0.0,0.0,1.0,1.0,90.0,90.0,1
2026-01-01 06:11:14,9.97,9.73,0.1,0.1,6.5,0.0,0.0,0.0,0.0,0.0,19.6,23.7,35.46,27.7,-128.7,0.7,0.0,0.0,0.0,1.0,0.0,0.0,1.0,1.0,90.0,90.0,1
2026-01-01 06:11:15,9.97,9.71,0.1,0.1,7.0,0.0,0.0,0.0,0.0,0.0,19.6,23.7,35.46,27.7,-128.7,0.8,0.0,0.0,0.0,1.0,0.0,0.0,1.0,1.0,90.0,90.0,1
2026-01-01 06:11:16,9.97,9.74,0.1,0.1,6.6,0.0,0.0,0.0,0.0,0.0,19.6,23.7,35.46,27.7,-128.7,0.7,0.0,0.0,0.0,1.0,0.0,0.0,1.0,1.0,90.0,90.0,1
2026-01-01 06:11:17,9.97,9.72,0.1,0.1,6.4,0.0,0.0,0.0,0.0,0.0,19.6,23.7,35.46,27.7,-128.7,0.8,0.0,0.0,0.0,1.0,0.0,0.0,1.0,1.0,90.0,90.0,1
2026-01-01 06:11:18,9.97,9.74,0.1,0.1,6.7,0.0,0.0,0.0,0.0,0.0,19.6,23.7,35.46,27.7,-128.7,0.7,0.0,0.0,0.0,1.0,0.0,0.0,1.0,1.0,90.0,90.0,1
2026-01-01 06:11:19,9.97,9.71,0.1,0.1,6.4,0.0,0.0,0.0,0.0,0.0,19.6,23.7,35.46,27.7,-128.7,0.8,0.0,0.0,0.0,1.0,0.0,0.0,1.0,1.0,90.0,90.0,1
2026-01-01 06:11:20,9.99,9.72,0.1,0.1,6.3,0.0,0.0,0.0,0.0,0.0,19.6,23.7,35.55,27.7,-128.7,0.7,0.0,0.0,0.0,1.0,0.0,0.0,1.0,1.0,90.0,90.0,1
2026-01-01 06:11:21,9.99,9.72,0.1,0.1,6.7,0.0,0.0,0.0,0.0,0.0,19.6,23.7,35.55,27.7,-128.7,0.8,0.0,0.0,0.0,1.0,0.0,0.0,1.0,1.0,90.0,90.0,1
2026-01-01 06:11:22,9.99,9.73,0.1,0.1,6.1,0.0,0.0,0.0,0.0,0.0,19.6,23.7,35.55,27.7,-128.7,0.7,0.0,0.0,0.0,1.0,0.0,0.0,1.0,1.0,90.0,90.0,1
2026-01-01 06:11:23,9.97,9.73,0.1,0.1,6.7,0.0,0.0,0.0,0.0,0.0,19.6,23.7,35.55,27.7,-128.7,0.8,0.0,0.0,0.0,1.0,0.0,0.0,1.0,1.0,90.0,90.0,1
2026-01-01 06:11:24,9.99,9.73,0.1,0.1,6.2,0.0,0.0,0.0,0.0,0.0,19.6,23.7,35.55,27.7,-128.7,0.7,0.0,0.0,0.0,1.0,0.0,0.0,1.0,1.0,90.0,90.0,1
2026-01-01 06:11:25,10.0,9.72,0.1,0.1,6.9,0.0,0.0,0.0,0.0,0.0,19.6,23.7,35.55,27.7,-128.7,0.8,0.0,0.0,0.0,1.0,0.0,0.0,1.0,1.0,90.0,90.0,1
2026-01-01 06:11:26,10.0,9.74,0.1,0.1,6.7,0.0,0.0,0.0,0.0,0.0,19.6,23.7,35.55,27.7,-128.7,0.7,0.0,0.0,0.0,1.0,0.0,0.0,1.0,1.0,90.0,90.0,1
2026-01-01 06:11:27,9.99,9.72,0.1,0.1,6.4,0.0,0.0,0.0,0.0,0.0,19.6,23.6,35.55,27.7,-128.7,0.7,0.0,0.0,0.0,1.0,0.0,0.0,1.0,1.0,90.0,90.0,1
2026-01-01 06:11:28,10.0,9.73,0.1,0.1,7.1,0.0,0.0,0.0,0.0,0.0,19.6,23.6,35.55,27.7,-128.7,0.7,0.0,0.0,0.0,1.0,0.0,0.0,1.0,1.0,90.0,90.0,1
2026-01-01 06:11:29,9.99,9.73,0.1,0.1,6.2,0.0,0.0,0.0,0.0,0.0,19.6,23.6,35.55,27.7,-128.7,0.8,0.0,0.0,0.0,1.0,0.0,0.0,1.0,1.0,90.0,90.0,1
2026-01-01 06:11:30,10.0,9.72,0.1,0.1,6.8,0.0,0.0,0.0,0.0,0.0,19.6,23.6,35.55,27.7,-128.7,0.7,0.0,0.0,0.0,1.0,0.0,0.0,1.0,1.0,90.0,90.0,1
2026-01-01 06:11:31,10.0,9.74,0.1,0.1,6.5,0.0,0.0,0.0,0.0,0.0,19.6,23.6,35.64,27.7,-128.7,0.8,0.0,0.0,0.0,1.0,0.0,0.0,1.0,1.0,90.0,90.0,1
2026-01-01 06:11:32,9.99,9.73,0.1,0.1,6.8,0.0,0.0,0.0,0.0,0.0,19.6,23.6,35.64,27.7,-128.7,0.7,0.0,0.0,0.0,1.0,0.0,0.0,1.0,1.0,90.0,90.0,1
2026-01-01 06:11:33,9.97,9.73,0.1,0.1,6.4,0.0,0.0,0.0,0.0,0.0,19.6,23.6,35.64,27.7,-128.7,0.7,0.0,0.0,0.0,1.0,0.0,0.0,1.0,1.0,90.0,90.0,1
2026-01-01 06:11:34,9.99,9.72,0.1,0.1,6.3,0.0,0.0,0.0,0.0,0.0,19.6,23.6,35.64,27.7,-128.7,0.8,0.0,0.0,0.0,1.0,0.0,0.0,1.0,1.0,90.0,90.0,1
2026-01-01 06:11:35,9.99,9.74,0.1,0.1,6.7,0.0,0.0,0.0,0.0,0.0,19.6,23.6,35.64,27.7,-128.7,0.7,0.0,0.0,0.0,1.0,0.0,0.0,1.0,1.0,90.0,90.0,1
2026-01-01 06:11:36,9.97,9.73,0.1,0.1,6.3,0.0,0.0,0.0,0.0,0.0,19.6,23.6,35.64,27.6,-128.7,0.6,0.0,0.0,0.0,1.0,0.0,0.0,1.0,1.0,90.0,90.0,1
2026-01-01 06:11:37,9.97,9.74,0.1,0.1,6.9,0.0,0.0,0.0,0.0,0.0,19.6,23.6,35.73,27.6,-128.7,0.6,0.0,0.0,0.0,1.0,0.0,0.0,1.0,1.0,90.0,90.0,1
2026-01-01 06:11:38,9.97,9.72,0.1,0.1,6.3,0.0,0.0,0.0,0.0,0.0,19.6,23.6,35.73,27.6,-128.7,0.7,0.0,0.0,0.0,1.0,0.0,0.0,1.0,1.0,90.0,90.0,1
2026-01-01 06:11:39,9.99,9.74,0.1,0.1,6.9,0.0,0.0,0.0,0.0,0.0,19.6,23.6,35.73,27.6,-128.7,0.6,0.0,0.0,0.0,1.0,0.0,0.0,1.0,1.0,90.0,90.0,1
2026-01-01 06:11:40,10.0,9.72,0.1,0.1,6.4,0.0,0.0,0.0,0.0,0.0,19.6,23.6,35.73,27.6,-128.7,0.6,0.0,0.0,0.0,1.0,0.0,0.0,1.0,1.0,90.0,90.0,1
2026-01-01 06:11:41,10.0,9.74,0.1,0.1,6.8,0.0,0.0,0.0,0.0,0.0,19.6,23.6,35.73,27.6,-128.7,0.6,0.0,0.0,0.0,1.0,0.0,0.0,1.0,1.0,90.0,90.0,1
2026-01-01 06:11:42,10.0,9.73,0.1,0.1,6.7,0.0,0.0,0.0,0.0,0.0,19.6,23.6,35.73,27.6,-128.7,0.6,0.0,0.0,0.0,1.0,0.0,0.0,1.0,1.0,90.0,90.0,1
2026-01-01 06:11:43,10.0,9.74,0.1,0.1,6.6,0.0,0.0,0.0,0.0,0.0,19.6,23.6,35.73,27.6,-128.7,0.6,0.0,0.0,0.0,1.0,0.0,0.0,1.0,1.0,90.0,90.0,1
2026-01-01 06:11:44,10.0,9.74,0.1,0.1,6.9,0.0,0.0,0.0,0.0,0.0,19.6,23.6,35.82,27.6,-128.7,0.6,0.0,0.0,0.0,1.0,0.0,0.0,1.0,1.0,90.0,90.0,1
2026-01-01 06:11:45,9.99,9.73,0.1,0.1,6.4,0.0,0.0,0.0,0.0,0.0,19.6,23.6,35.82,27.6,-128.7,0.6,0.0,0.0,0.0,1.0,0.0,0.0,1.0,1.0,90.0,90.0,1
2026-01-01 06:11:46,9.99,9.74,0.1,0.1,6.9,0.0,0.0,0.0,0.0,0.0,19.6,23.6,35.82,27.6,-128.7,0.6,0.0,0.0,0.0,1.0,0.0,0.0,1.0,1.0,90.0,90.0,1
2026-01-01 06:11:47,9.97,9.73,0.1,0.1,6.1,0.0,0.0,0.0,0.0,0.0,19.6,23.6,35.82,27.6,-128.7,0.6,0.0,0.0,0.0,1.0,0.0,0.0,1.0,1.0,90.0,90.0,1
2026-01-01 06:11:48,9.99,9.74,0.1,0.1,6.5,0.0,0.0,0.0,0.0,0.0,19.6,23.6,35.82,27.6,-128.7,0.6,0.0,0.0,0.0,1.0,0.0,0.0,1.0,1.0,90.0,90.0,1
2026-01-01 06:11:49,9.97,9.73,0.1,0.1,6.5,0.0,0.0,0.0,0.0,0.0,19.6,23.6,35.82,27.6,-128.7,0.6,0.0,0.0,0.0,1.0,0.0,0.0,1.0,1.0,90.0,90.0,1
2026-01-01 06:11:50,10.0,9.74,0.1,0.1,6.0,0.0,0.0,0.0,0.0,0.0,19.6,23.6,35.82,27.6,-128.7,0.6,0.0,0.0,0.0,1.0,0.0,0.0,1.0,1.0,90.0,90.0,1
2026-01-01 06:11:51,10.0,9.73,0.1,0.1,6.5,0.0,0.0,0.0,0.0,0.0,19.6,23.6,35.82,27.6,-128.7,0.7,0.0,0.0,0.0,1.0,0.0,0.0,1.0,1.0,90.0,90.0,1
2026-01-01 06:11:52,10.0,9.73,0.1,0.1,6.1,0.0,0.0,0.0,0.0,0.0,19.6,23.6,35.82,27.6,-128.7,0.6,0.0,0.0,0.0,1.0,0.0,0.0,1.0,1.0,90.0,90.0,1
2026-01-01 06:11:53,10.0,9.74,0.1,0.1,6.8,0.0,0.0,0.0,0.0,0.0,19.6,23.6,35.82,27.6,-128.7,0.6,0.0,0.0,0.0,1.0,0.0,0.0,1.0,1.0,90.0,90.0,1
2026-01-01 06:11:54,10.0,9.73,0.1,0.1,6.4,0.0,0.0,0.0,0.0,0.0,19.6,23.6,35.82,27.6,-128.7,0.6,0.0,0.0,0.0,1.0,0.0,0.0,1.0,1.0,90.0,90.0,1
2026-01-01 06:11:55,10.0,9.74,0.1,0.1,7.0,0.0,0.0,0.0,0.0,0.0,19.6,23.6,35.82,27.6,-128.7,0.6,0.0,0.0,0.0,1.0,0.0,0.0,1.0,1.0,90.0,90.0,1
2026-01-01 06:11:56,10.0,9.73,0.1,0.1,6.7,0.0,0.0,0.0,0.0,0.0,19.6,23.6,35.82,27.6,-128.7,0.6,0.0,0.0,0.0,1.0,0.0,0.0,1.0,1.0,90.0,90.0,1
2026-01-01 06:11:57,9.99,9.74,0.1,0.1,6.5,0.0,0.0,0.0,0.0,0.0,19.6,23.6,35.82,27.6,-128.7,0.6,0.0,0.0,0.0,1.0,0.0,0.0,1.0,1.0,90.0,90.0,1
2026-01-01 06:11:58,10.0,9.74,0.1,0.1,6.6,0.0,0.0,0.0,0.0,0.0,19.6,23.6,35.82,27.6,-128.7,0.6,0.0,0.0,0.0,1.0,0.0,0.0,1.0,1.0,90.0,90.0,1
2026-01-01 06:11:59,10.0,9.74,0.1,0.1,6.6,0.0,0.0,0.0,0.0,0.0,19.6,23.6,35.91,27.6,-128.7,0.6,0.0,0.0,0.0,1.0,0.0,0.0,1.0,1.0,90.0,90.0,1
2026-01-01 06:12:00,10.0,9.75,0.1,0.1,6.5,0.0,0.0,0.0,0.0,0.0,19.6,23.6,35.91,27.6,-128.7,0.6,0.0,0.0,0.0,1.0,0.0,0.0,1.0,1.0,90.0,90.0,1
2026-01-01 06:12:01,10.0,9.73,0.1,0.1,6.1,0.0,0.0,0.0,0.0,0.0,19.6,23.6,35.91,27.6,-128.7,0.6,0.0,0.0,0.0,1.0,0.0,0.0,1.0,1.0,90.0,90.0,1
2026-01-01 06:12:02,10.0,9.75,0.1,0.1,6.8,0.0,0.0,0.0,0.0,0.0,19.6,23.6,35.91,27.6,-128.7,0.6,0.0,0.0,0.0,1.0,0.0,0.0,1.0,1.0,90.0,90.0,1
2026-01-01 06:12:03,10.0,9.74,0.1,0.1,6.1,0.0,0.0,0.0,0.0,0.0,19.6,23.6,35.91,27.6,-128.7,0.6,0.0,0.0,0.0,1.0,0.0,0.0,1.0,1.0,90.0,90.0,1
2026-01-01 06:12:04,10.0,9.75,0.1,0.1,6.8,0.0,0.0,0.0,0.0,0.0,19.6,23.6,35.91,27.6,-128.7,0.6,0.0,0.0,0.0,1.0,0.0,0.0,1.0,1.0,90.0,90.0,1
2026-01-01 06:12:05,10.0,9.74,0.1,0.1,6.0,0.0,0.0,0.0,0.0,0.0,19.6,23.6,35.91,27.6,-128.7,0.6,0.0,0.0,0.0,1.0,0.0,0.0,1.0,1.0,90.0,90.0,1
2026-01-01 06:12:06,10.0,9.74,0.1,0.1,6.7,0.0,0.0,0.0,0.0,0.0,19.6,23.6,35.91,27.5,-128.7,0.5,0.0,0.0,0.0,1.0,0.0,0.0,1.0,1.0,90.0,90.0,1
2026-01-01 06:12:07,10.0,9.75,0.1,0.1,6.4,0.0,0.0,0.0,0.0,0.0,19.6,23.6,35.91,27.5,-128.7,0.5,0.0,0.0,0.0,1.0,0.0,0.0,1.0,1.0,90.0,90.0,1
2026-01-01 06:12:08,10.0,9.74,0.1,0.1,6.8,0.0,0.0,0.0,0.0,0.0,19.6,23.6,35.91,27.5,-128.7,0.5,0.0,0.0,0.0,1.0,0.0,0.0,1.0,1.0,90.0,90.0,1
2026-01-01 06:12:09,10.0,9.74,0.1,0.1,6.5,0.0,0.0,0.0,0.0,0.0,19.6,23.6,35.91,27.5,-128.7,0.5,0.0,0.0,0.0,1.0,0.0,0.0,1.0,1.0,90.0,90.0,1
2026-01-01 06:12:10,10.0,9.74,0.1,0.1,6.4,0.0,0.0,0.0,0.0,0.0,19.6,23.6,35.91,27.5,-128.7,0.5,0.0,0.0,0.0,1.0,0.0,0.0,1.0,1.0,90.0,90.0,1
2026-01-01 06:12:11,10.0,9.74,0.1,0.1,6.5,0.0,0.0,0.0,0.0,0.0,19.6,23.6,35.91,27.5,-128.7,0.5,0.0,0.0,0.0,1.0,0.0,0.0,1.0,1.0,90.0,90.0,1
2026-01-01 06:12:12,9.99,9.75,0.1,0.1,6.3,0.0,0.0,0.0,0.0,0.0,19.6,23.6,35.91,27.5,-128.7,0.5,0.0,0.0,0.0,1.0,0.0,0.0,1.0,1.0,90.0,90.0,1
2026-01-01 06:12:13,10.0,9.74,0.1,0.1,6.5,0.0,0.0,0.0,0.0,0.0,19.6,23.6,35.91,27.5,-128.7,0.5,0.0,0.0,0.0,1.0,0.0,0.0,1.0,1.0,90.0,90.0,1
2026-01-01 06:12:14,10.0,9.75,0.1,0.1,7.0,0.0,0.0,0.0,0.0,0.0,19.6,23.6,35.91,27.5,-128.7,0.4,0.0,0.0,0.0,1.0,0.0,0.0,1.0,1.0,90.0,90.0,1
2026-01-01 06:12:15,10.0,9.75,0.1,0.1,6.6,0.0,0.0,0.0,0.0,0.0,19.6,23.6,35.91,27.5,-128.7,0.5,0.0,0.0,0.0,1.0,0.0,0.0,1.0,1.0,90.0,90.0,1
2026-01-01 06:12:16,10.0,9.74,0.1,0.1,6.8,0.0,0.0,0.0,0.0,0.0,19.6,23.6,35.91,27.5,-128.7,0.5,0.0,0.0,0.0,1.0,0.0,0.0,1.0,1.0,90.0,90.0,1
2026-01-01 06:12:17,10.0,9.76,0.1,0.1,6.6,0.0,0.0,0.0,0.0,0.0,19.6,23.6,35.91,27.5,-128.7,0.5,0.0,0.0,0.0,1.0,0.0,0.0,1.0,1.0,90.0,90.0,1
2026-01-01 06:12:18,10.0,9.74,0.1,0.1,6.5,0.0,0.0,0.0,0.0,0.0,19.6,23.6,35.91,27.5,-128.7,0.5,0.0,0.0,0.0,1.0,0.0,0.0,1.0,1.0,90.0,90.0,1
2026-01-01 06:12:19,10.0,9.76,0.1,0.1,6.8,0.0,0.0,0.0,0.0,0.0,19.6,23.6,35.91,27.5,-128.7,0.4,0.0,0.0,0.0,1.0,0.0,0.0,1.0,1.0,90.0,90.0,1
2026-01-01 06:12:20,10.0,9.74,0.1,0.1,6.4,0.0,0.0,0.0,0.0,0.0,19.6,23.6,35.91,27.5,-128.7,0.5,0.0,0.0,0.0,1.0,0.0,0.0,1.0,1.0,90.0,90.0,1
2026-01-01 06:12:21,10.0,9.74,0.1,0.1,6.9,0.0,0.0,0.0,0.0,0.0,19.6,23.6,35.91,27.5,-128.7,0.5,0.0,0.0,0.0,1.0,0.0,0.0,1.0,1.0,90.0,90.0,1
2026-01-01 06:12:22,10.0,9.75,0.1,0.1,6.4,0.0,0.0,0.0,0.0,0.0,19.6,23.6,35.91,27.5,-128.7,0.5,0.0,0.0,0.0,1.0,0.0,0.0,1.0,1.0,90.0,90.0,1
2026-01-01 06:12:23,10.02,9.74,0.1,0.1,6.9,0.0,0.0,0.0,0.0,0.0,19.6,23.6,35.91,27.5,-128.7,0.5,0.0,0.0,0.0,1.0,0.0,0.0,1.0,1.0,90.0,90.0,1
2026-01-01 06:12:24,10.01,9.75,0.1,0.1,6.4,0.0,0.0,0.0,0.0,0.0,19.6,23.6,35.91,27.5,-128.7,0.5,0.0,0.0,0.0,1.0,0.0,0.0,1.0,1.0,90.0,90.0,1
2026-01-01 06:12:25,10.01,9.76,0.1,0.1,7.0,0.0,0.0,0.0,0.0,0.0,19.6,23.6,35.91,27.5,-128.7,0.5,0.0,0.0,0.0,1.0,0.0,0.0,1.0,1.0,90.0,90.0,1
2026-01-01 06:12:26,10.0,9.74,0.1,0.1,6.2,0.0,0.0,0.0,0.0,0.0,19.6,23.6,35.91,27.5,-128.7,0.5,0.0,0.0,0.0,1.0,0.0,0.0,1.0,1.0,90.0,90.0,1
2026-01-01 06:12:27,10.0,9.76,0.1,0.1,6.5,0.0,0.0,0.0,0.0,0.0,19.6,23.6,35.91,27.5,-128.7,0.4,0.0,0.0,0.0,1.0,0.0,0.0,1.0,1.0,90.0,90.0,1
2026-01-01 06:12:28,10.0,9.74,0.1,0.1,6.2,0.0,0.0,0.0,0.0,0.0,19.6,23.6,35.91,27.5,-128.7,0.5,0.0,0.0,0.0,1.0,0.0,0.0,1.0,1.0,90.0,90.0,1
2026-01-01 06:12:29,10.01,9.74,0.1,0.1,6.5,0.0,0.0,0.0,0.0,0.0,19.6,23.6,35.91,27.5,-128.7,0.4,0.0,0.0,0.0,1.0,0.0,0.0,1.0,1.0,90.0,90.0,1
2026-01-01 06:12:30,10.02,9.75,0.1,0.1,6.2,0.0,0.0,0.0,0.0,0.0,19.6,23.6,35.91,27.5,-128.7,0.5,0.0,0.0,0.0,1.0,0.0,0.0,1.0,1.0,90.0,90.0,1
2026-01-01 06:12:31,10.01,9.74,0.1,0.1,6.2,0.0,0.0,0.0,0.0,0.0,19.6,23.6,36.0,27.5,-128.7,0.4,0.0,0.0,0.0,1.0,0.0,0.0,1.0,1.0,90.0,90.0,1
2026-01-01 06:12:32,10.0,9.76,0.1,0.1,6.5,0.0,0.0,0.0,0.0,0.0,19.6,23.6,36.0,27.5,-128.7,0.5,0.0,0.0,0.0,1.0,0.0,0.0,1.0,1.0,90.0,90.0,1
2026-01-01 06:12:33,10.0,9.74,0.1,0.1,6.2,0.0,0.0,0.0,0.0,0.0,19.6,23.6,36.0,27.5,-128.7,0.5,0.0,0.0,0.0,1.0,0.0,0.0,1.0,1.0,90.0,90.0,1
2026-01-01 06:12:34,10.0,9.76,0.1,0.1,6.6,0.0,0.0,0.0,0.0,0.0,19.6,23.6,36.0,27.4,-128.7,0.3,0.0,0.0,0.0,1.0,0.0,0.0,1.0,1.0,90.0,90.0,1
2026-01-01 06:12:35,10.0,9.75,0.1,0.1,6.4,0.0,0.0,0.0,0.0,0.0,19.6,23.6,36.0,27.4,-128.7,0.3,0.0,0.0,0.0,1.0,0.0,0.0,1.0,1.0,90.0,90.0,1
2026-01-01 06:12:36,10.01,9.75,0.1,0.1,6.5,0.0,0.0,0.0,0.0,0.0,19.6,23.6,36.0,27.4,-128.7,0.4,0.0,0.0,0.0,1.0,0.0,0.0,1.0,1.0,90.0,90.0,1
2026-01-01 06:12:37,10.02,9.75,0.1,0.1,6.2,0.0,0.0,0.0,0.0,0.0,19.6,23.6,36.0,27.4,-128.7,0.3,0.0,0.0,0.0,1.0,0.0,0.0,1.0,1.0,90.0,90.0,1
2026-01-01 06:12:38,10.02,9.75,0.1,0.1,6.6,0.0,0.0,0.0,0.0,0.0,19.6,23.6,36.0,27.4,-128.7,0.4,0.0,0.0,0.0,1.0,0.0,0.0,1.0,1.0,90.0,90.0,1
2026-01-01 06:12:39,10.02,9.75,0.1,0.1,6.7,0.0,0.0,0.0,0.0,0.0,19.6,23.6,36.0,27.4,-128.7,0.3,0.0,0.0,0.0,1.0,0.0,0.0,1.0,1.0,90.0,90.0,1
2026-01-01 06:12:40,10.0,9.76,0.1,0.1,6.2,0.0,0.0,0.0,0.0,0.0,19.6,23.6,36.0,27.4,-128.7,0.4,0.0,0.0,0.0,1.0,0.0,0.0,1.0,1.0,90.0,90.0,1
2026-01-01 06:12:41,10.0,9.74,0.1,0.1,6.7,0.0,0.0,0.0,0.0,0.0,19.6,23.6,36.0,27.4,-128.7,0.4,0.0,0.0,0.0,1.0,0.0,0.0,1.0,1.0,90.0,90.0,1
2026-01-01 06:12:42,10.0,9.76,0.1,0.1,6.5,0.0,0.0,0.0,0.0,0.0,19.6,23.6,36.0,27.4,-128.7,0.3,0.0,0.0,0.0,1.0,0.0,0.0,1.0,1.0,90.0,90.0,1
2026-01-01 06:12:43,10.01,9.75,0.1,0.1,6.8,0.0,0.0,0.0,0.0,0.0,19.6,23.6,36.0,27.4,-128.7,0.4,0.0,0.0,0.0,1.0,0.0,0.0,1.0,1.0,90.0,90.0,1
2026-01-01 06:12:44,10.02,9.75,0.1,0.1,6.9,0.0,0.0,0.0,0.0,0.0,19.6,23.6,36.0,27.4,-128.7,0.4,0.0,0.0,0.0,1.0,0.0,0.0,1.0,1.0,90.0,90.0,1
2026-01-01 06:12:45,10.01,9.76,0.1,0.1,7.0,0.0,0.0,0.0,0.0,0.0,19.7,23.6,36.0,27.4,-128.7,0.3,0.0,0.0,0.0,1.0,0.0,0.0,1.0,1.0,90.0,90.0,1
2026-01-01 06:12:46,10.01,9.74,0.1,0.1,6.4,0.0,0.0,0.0,0.0,0.0,19.7,23.6,36.0,27.4,-128.7,0.4,0.0,0.0,0.0,1.0,0.0,0.0,1.0,1.0,90.0,90.0,1
2026-01-01 06:12:47,10.0,9.76,0.1,0.1,7.0,0.0,0.0,0.0,0.0,0.0,19.7,23.6,36.0,27.4,-128.7,0.3,0.0,0.0,0.0,1.0,0.0,0.0,1.0,1.0,90.0,90.0,1
2026-01-01 06:12:48,10.0,9.76,0.1,0.1,6.2,0.0,0.0,0.0,0.0,0.0,19.7,23.6,36.0,27.4,-128.7,0.4,0.0,0.0,0.0,1.0,0.0,0.0,1.0,1.0,90.0,90.0,1
2026-01-01 06:12:49,10.01,9.74,0.1,0.1,6.7,0.0,0.0,0.0,0.0,0.0,19.7,23.6,36.0,27.4,-128.7,0.4,0.0,0.0,0.0,1.0,0.0,0.0,1.0,1.0,90.0,90.0,1
2026-01-01 06:12:50,10.02,9.76,0.1,0.1,6.3,0.0,0.0,0.0,0.0,0.0,19.7,23.6,36.0,27.4,-128.7,0.3,0.0,0.0,0.0,1.0,0.0,0.0,1.0,1.0,90.0,90.0,1
2026-01-01 06:12:51,10.01,9.74,0.1,0.1,6.5,0.0,0.0,0.0,0.0,0.0,19.7,23.6,36.0,27.4,-128.7,0.4,0.0,0.0,0.0,1.0,0.0,0.0,1.0,1.0,90.0,90.0,1
2026-01-01 06:12:52,10.01,9.76,0.1,0.1,6.7,0.0,0.0,0.0,0.0,0.0,19.7,23.6,36.0,27.4,-128.7,0.3,0.0,0.0,0.0,1.0,0.0,0.0,1.0,1.0,90.0,90.0,1
2026-01-01 06:12:53,10.01,9.76,0.1,0.1,6.5,0.0,0.0,0.0,0.0,0.0,19.7,23.6,36.0,27.4,-128.7,0.4,0.0,0.0,0.0,1.0,0.0,0.0,1.0,1.0,90.0,90.0,1
2026-01-01 06:12:54,10.0,9.75,0.1,0.1,6.7,0.0,0.0,0.0,0.0,0.0,19.7,23.6,36.0,27.4,-128.7,0.4,0.0,0.0,0.0,1.0,0.0,0.0,1.0,1.0,90.0,90.0,1
2026-01-01 06:12:55,10.01,9.77,0.1,0.1,6.3,0.0,0.0,0.0,0.0,0.0,19.7,23.6,36.0,27.4,-128.7,0.3,0.0,0.0,0.0,1.0,0.0,0.0,1.0,1.0,90.0,90.0,1
2026-01-01 06:12:56,10.01,9.76,0.1,0.1,6.5,0.0,0.0,0.0,0.0,0.0,19.7,23.6,36.0,27.4,-128.7,0.4,0.0,0.0,0.0,1.0,0.0,0.0,1.0,1.0,90.0,90.0,1
2026-01-01 06:12:57,10.02,9.76,0.1,0.1,6.6,0.0,0.0,0.0,0.0,0.0,19.7,23.6,36.0,27.4,-128.7,0.3,0.0,0.0,0.0,1.0,0.0,0.0,1.0,1.0,90.0,90.0,1
2026-01-01 06:12:58,10.02,9.76,0.1,0.1,6.2,0.0,0.0,0.0,0.0,0.0,19.7,23.6,36.0,27.4,-128.7,0.3,0.0,0.0,0.0,1.0,0.0,0.0,1.0,1.0,90.0,90.0,1
2026-01-01 06:12:59,10.0,9.75,0.1,0.1,6.6,0.0,0.0,0.0,0.0,0.0,19.7,23.6,36.0,27.4,-128.7,0.4,0.0,0.0,0.0,1.0,0.0,0.0,1.0,1.0,90.0,90.0,1
2026-01-01 06:13:00,10.01,9.76,0.1,0.1,6.5,0.0,0.0,0.0,0.0,0.0,19.7,23.6,36.0,27.4,-128.7,0.3,0.0,0.0,0.0,1.0,0.0,0.0,1.0,1.0,90.0,90.0,1
2026-01-01 06:13:01,10.01,9.75,0.1,0.1,6.1,0.0,0.0,0.0,0.0,0.0,19.7,23.6,36.0,27.4,-128.7,0.4,0.0,0.0,0.0,1.0,0.0,0.0,1.0,1.0,90.0,90.0,1
2026-01-01 06:13:02,10.01,9.75,0.1,0.1,7.0,0.0,0.0,0.0,0.0,0.0,19.7,23.6,36.0,27.4,-128.7,0.3,0.0,0.0,0.0,1.0,0.0,0.0,1.0,1.0,90.0,90.0,1
2026-01-01 06:13:03,10.02,9.77,0.1,0.1,5.9,0.0,0.0,0.0,0.0,0.0,19.7,23.6,36.0,27.4,-128.7,0.4,0.0,0.0,0.0,1.0,0.0,0.0,1.0,1.0,90.0,90.0,1
2026-01-01 06:13:04,10.02,9.75,0.1,0.1,6.6,0.0,0.0,0.0,0.0,0.0,19.7,23.6,36.09,27.4,-128.7,0.4,0.0,0.0,0.0,1.0,0.0,0.0,1.0,1.0,90.0,90.0,1
2026-01-01 06:13:05,10.02,9.77,0.1,0.1,6.1,0.0,0.0,0.0,0.0,0.0,19.7,23.6,36.09,27.4,-128.7,0.3,0.0,0.0,0.0,1.0,0.0,0.0,1.0,1.0,90.0,90.0,1
2026-01-01 06:13:06,10.01,9.77,0.1,0.1,6.5,0.0,0.0,0.0,0.0,0.0,19.7,23.6,36.09,27.3,-128.7,0.2,0.0,0.0,0.0,1.0,0.0,0.0,1.0,1.0,90.0,90.0,1
2026-01-01 06:13:07,10.01,9.76,0.1,0.1,6.7,0.0,0.0,0.0,0.0,0.0,19.7,23.6,36.09,27.3,-128.7,0.2,0.0,0.0,0.0,1.0,0.0,0.0,1.0,1.0,90.0,90.0,1
2026-01-01 06:13:08,10.01,9.76,0.1,0.1,6.1,0.0,0.0,0.0,0.0,0.0,19.7,23.6,36.09,27.3,-128.7,0.2,0.0,0.0,0.0,1.0,0.0,0.0,1.0,1.0,90.0,90.0,1
2026-01-01 06:13:09,10.02,9.76,0.1,0.1,6.9,0.0,0.0,0.0,0.0,0.0,19.7,23.6,36.09,27.3,-128.7,0.3,0.0,0.0,0.0,1.0,0.0,0.0,1.0,1.0,90.0,90.0,1
2026-01-01 06:13:10,10.02,9.76,0.1,0.1,6.3,0.0,0.0,0.0,0.0,0.0,19.7,23.6,36.09,27.3,-128.7,0.2,0.0,0.0,0.0,1.0,0.0,0.0,1.0,1.0,90.0,90.0,1
2026-01-01 06:13:11,10.03,9.77,0.1,0.1,7.0,0.0,0.0,0.0,0.0,0.0,19.7,23.6,36.09,27.3,-128.7,0.2,0.0,0.0,0.0,1.0,0.0,0.0,1.0,1.0,90.0,90.0,1
2026-01-01 06:13:12,10.02,9.75,0.1,0.1,6.4,0.0,0.0,0.0,0.0,0.0,19.7,23.6,36.09,27.3,-128.7,0.2,0.0,0.0,0.0,1.0,0.0,0.0,1.0,1.0,90.0,90.0,1
2026-01-01 06:13:13,10.01,9.77,0.1,0.1,6.8,0.0,0.0,0.0,0.0,0.0,19.7,23.6,36.09,27.3,-128.7,0.2,0.0,0.0,0.0,1.0,0.0,0.0,1.0,1.0,90.0,90.0,1
2026-01-01 06:13:14,10.0,9.76,0.1,0.1,6.6,0.0,0.0,0.0,0.0,0.0,19.7,23.6,36.18,27.3,-128.7,0.2,0.0,0.0,0.0,1.0,0.0,0.0,1.0,1.0,90.0,90.0,1
2026-01-01 06:13:15,10.0,9.77,0.1,0.1,6.1,0.0,0.0,0.0,0.0,0.0,19.7,23.6,36.18,27.3,-128.7,0.2,0.0,0.0,0.0,1.0,0.0,0.0,1.0,1.0,90.0,90.0,1
2026-01-01 06:13:16,10.0,9.77,0.1,0.1,6.7,0.0,0.0,0.0,0.0,0.0,19.7,23.6,36.18,27.3,-128.7,0.2,0.0,0.0,0.0,1.0,0.0,0.0,1.0,1.0,90.0,90.0,1
2026-01-01 06:13:17,10.01,9.75,0.1,0.1,6.2,0.0,0.0,0.0,0.0,0.0,19.7,23.6,36.18,27.3,-128.7,0.2,0.0,0.0,0.0,1.0,0.0,0.0,1.0,1.0,90.0,90.0,1
2026-01-01 06:13:18,10.02,9.77,0.1,0.1,6.6,0.0,0.0,0.0,0.0,0.0,19.7,23.6,36.18,27.3,-128.7,0.2,0.0,0.0,0.0,1.0,0.0,0.0,1.0,1.0,90.0,90.0,1
2026-01-01 06:13:19,10.02,9.76,0.1,0.1,6.4,0.0,0.0,0.0,0.0,0.0,19.7,23.6,36.18,27.3,-128.7,0.2,0.0,0.0,0.0,1.0,0.0,0.0,1.0,1.0,90.0,90.0,1
2026-01-01 06:13:20,10.01,9.77,0.1,0.1,6.7,0.0,0.0,0.0,0.0,0.0,19.7,23.6,36.18,27.3,-128.7,0.2,0.0,0.0,0.0,1.0,0.0,0.0,1.0,1.0,90.0,90.0,1
2026-01-01 06:13:21,10.01,9.77,0.1,0.1,6.9,0.0,0.0,0.0,0.0,0.0,19.7,23.6,36.18,27.3,-128.7,0.2,0.0,0.0,0.0,1.0,0.0,0.0,1.0,1.0,90.0,90.0,1
2026-01-01 06:13:22,10.01,9.76,0.1,0.1,6.2,0.0,0.0,0.0,0.0,0.0,19.7,23.6,36.18,27.3,-128.7,0.2,0.0,0.0,0.0,1.0,0.0,0.0,1.0,1.0,90.0,90.0,1
2026-01-01 06:13:23,10.01,9.77,0.1,0.1,6.7,0.0,0.0,0.0,0.0,0.0,19.7,23.6,36.18,27.3,-128.7,0.2,0.0,0.0,0.0,1.0,0.0,0.0,1.0,1.0,90.0,90.0,1
2026-01-01 06:13:24,10.01,9.76,0.1,0.1,6.0,0.0,0.0,0.0,0.0,0.0,19.7,23.6,36.18,27.3,-128.7,0.3,0.0,0.0,0.0,1.0,0.0,0.0,1.0,1.0,90.0,90.0,1
2026-01-01 06:13:25,10.02,9.77,0.1,0.1,6.8,0.0,0.0,0.0,0.0,0.0,19.7,23.6,36.18,27.3,-128.7,0.2,0.0,0.0,0.0,1.0,0.0,0.0,1.0,1.0,90.0,90.0,1
2026-01-01 06:13:26,10.02,9.77,0.1,0.1,6.2,0.0,0.0,0.0,0.0,0.0,19.7,23.6,36.18,27.3,-128.7,0.2,0.0,0.0,0.0,1.0,0.0,0.0,1.0,1.0,90.0,90.0,1
2026-01-01 06:13:27,10.03,9.77,0.1,0.1,6.8,0.0,0.0,0.0,0.0,0.0,19.7,23.6,36.18,27.3,-128.7,0.2,0.0,0.0,0.0,1.0,0.0,0.0,1.0,1.0,90.0,90.0,1
2026-01-01 06:13:28,10.02,9.77,0.1,0.1,6.9,0.0,0.0,0.0,0.0,0.0,19.7,23.6,36.18,27.3,-128.7,0.2,0.0,0.0,0.0,1.0,0.0,0.0,1.0,1.0,90.0,90.0,1
2026-01-01 06:13:29,10.02,9.77,0.1,0.1,6.5,0.0,0.0,0.0,0.0,0.0,19.7,23.6,36.18,27.3,-128.7,0.2,0.0,0.0,0.0,1.0,0.0,0.0,1.0,1.0,90.0,90.0,1
2026-01-01 06:13:30,10.02,9.77,0.1,0.1,6.7,0.0,0.0,0.0,0.0,0.0,19.7,23.6,36.18,27.3,-128.7,0.2,0.0,0.0,0.0,1.0,0.0,0.0,1.0,1.0,90.0,90.0,1
2026-01-01 06:13:31,10.01,9.76,0.1,0.1,6.5,0.0,0.0,0.0,0.0,0.0,19.7,23.6,36.18,27.3,-128.7,0.2,0.0,0.0,0.0,1.0,0.0,0.0,1.0,1.0,90.0,90.0,1
2026-01-01 06:13:32,10.02,9.76,0.1,0.1,6.8,0.0,0.0,0.0,0.0,0.0,19.7,23.6,36.18,27.3,-128.7,0.2,0.0,0.0,0.0,1.0,0.0,0.0,1.0,1.0,90.0,90.0,1
2026-01-01 06:13:33,10.02,9.77,0.1,0.1,6.5,0.0,0.0,0.0,0.0,0.0,19.7,23.6,36.18,27.3,-128.7,0.2,0.0,0.0,0.0,1.0,0.0,0.0,1.0,1.0,90.0,90.0,1
2026-01-01 06:13:34,10.02,9.76,0.1,0.1,6.4,0.0,0.0,0.0,0.0,0.0,19.7,23.6,36.18,27.3,-128.7,0.2,0.0,0.0,0.0,1.0,0.0,0.0,1.0,1.0,90.0,90.0,1
2026-01-01 06:13:35,10.02,9.77,0.1,0.1,6.9,0.0,0.0,0.0,0.0,0.0,19.7,23.6,36.18,27.3,-128.7,0.2,0.0,0.0,0.0,1.0,0.0,0.0,1.0,1.0,90.0,90.0,1
2026-01-01 06:13:36,10.02,9.77,0.1,0.1,6.6,0.0,0.0,0.0,0.0,0.0,19.7,23.6,36.18,27.3,-128.7,0.2,0.0,0.0,0.0,1.0,0.0,0.0,1.0,1.0,90.0,90.0,1
2026-01-01 06:13:37,10.02,9.78,0.1,0.1,6.6,0.0,0.0,0.0,0.0,0.0,19.7,23.6,36.18,27.3,-128.7,0.2,0.0,0.0,0.0,1.0,0.0,0.0,1.0,1.0,90.0,90.0,1
2026-01-01 06:13:38,10.02,9.77,0.1,0.1,6.9,0.0,0.0,0.0,0.0,0.0,19.7,23.6,36.18,27.3,-128.7,0.2,0.0,0.0,0.0,1.0,0.0,0.0,1.0,1.0,90.0,90.0,1
2026-01-01 06:13:39,10.02,9.77,0.1,0.1,6.5,0.0,0.0,0.0,0.0,0.0,19.7,23.6,36.18,27.3,-128.7,0.2,0.0,0.0,0.0,1.0,0.0,0.0,1.0,1.0,90.0,90.0,1
2026-01-01 06:13:40,10.02,9.77,0.1,0.1,6.9,0.0,0.0,0.0,0.0,0.0,19.7,23.6,36.18,27.3,-128.7,0.2,0.0,0.0,0.0,1.0,0.0,0.0,1.0,1.0,90.0,90.0,1
2026-01-01 06:13:41,10.01,9.77,0.1,0.1,6.4,0.0,0.0,0.0,0.0,0.0,19.7,23.6,36.18,27.3,-128.7,0.2,0.0,0.0,0.0,1.0,0.0,0.0,1.0,1.0,90.0,90.0,1
2026-01-01 06:13:42,10.01,9.77,0.1,0.1,6.5,0.0,0.0,0.0,0.0,0.0,19.7,23.6,36.18,27.3,-128.7,0.2,0.0,0.0,0.0,1.0,0.0,0.0,1.0,1.0,90.0,90.0,1
2026-01-01 06:13:43,10.02,9.77,0.1,0.1,6.3,0.0,0.0,0.0,0.0,0.0,19.7,23.6,36.18,27.2,-128.7,0.1,0.0,0.0,0.0,1.0,0.0,0.0,1.0,1.0,90.0,90.0,1
2026-01-01 06:13:44,10.02,9.77,0.1,0.1,6.3,0.0,0.0,0.0,0.0,0.0,19.7,23.6,36.18,27.2,-128.7,0.1,0.0,0.0,0.0,1.0,0.0,0.0,1.0,1.0,90.0,90.0,1
2026-01-01 06:13:45,10.03,9.76,0.1,0.1,6.7,0.0,0.0,0.0,0.0,0.0,19.7,23.6,36.18,27.2,-128.7,0.1,0.0,0.0,0.0,1.0,0.0,0.0,1.0,1.0,90.0,90.0,1
2026-01-01 06:13:46,10.02,9.77,0.1,0.1,6.4,0.0,0.0,0.0,0.0,0.0,19.7,23.6,36.18,27.2,-128.7,0.1,0.0,0.0,0.0,1.0,0.0,0.0,1.0,1.0,90.0,90.0,1
2026-01-01 06:13:47,10.03,9.76,0.1,0.1,6.4,0.0,0.0,0.0,0.0,0.0,19.7,23.6,36.18,27.2,-128.7,0.1,0.0,0.0,0.0,1.0,0.0,0.0,1.0,1.0,90.0,90.0,1
2026-01-01 06:13:48,10.02,9.77,0.1,0.1,6.4,0.0,0.0,0.0,0.0,0.0,19.7,23.6,36.18,27.2,-128.7,0.1,0.0,0.0,0.0,1.0,0.0,0.0,1.0,1.0,90.0,90.0,1
2026-01-01 06:13:49,10.02,9.77,0.1,0.1,6.3,0.0,0.0,0.0,0.0,0.0,19.7,23.6,36.27,27.2,-128.7,0.1,0.0,0.0,0.0,1.0,0.0,0.0,1.0,1.0,90.0,90.0,1
2026-01-01 06:13:50,10.02,9.77,0.1,0.1,6.4,0.0,0.0,0.0,0.0,0.0,19.7,23.6,36.27,27.2,-128.7,0.1,0.0,0.0,0.0,1.0,0.0,0.0,1.0,1.0,90.0,90.0,1
2026-01-01 06:13:51,10.02,9.77,0.1,0.1,6.1,0.0,0.0,0.0,0.0,0.0,19.7,23.6,36.27,27.2,-128.7,0.1,0.0,0.0,0.0,1.0,0.0,0.0,1.0,1.0,90.0,90.0,1
2026-01-01 06:13:52,10.02,9.77,0.1,0.1,7.0,0.0,0.0,0.0,0.0,0.0,19.7,23.6,36.27,27.2,-128.7,0.1,0.0,0.0,0.0,1.0,0.0,0.0,1.0,1.0,90.0,90.0,1
2026-01-01 06:13:53,10.02,9.77,0.1,0.1,6.1,0.0,0.0,0.0,0.0,0.0,19.7,23.6,36.27,27.2,-128.7,0.1,0.0,0.0,0.0,1.0,0.0,0.0,1.0,1.0,90.0,90.0,1
2026-01-01 06:13:54,10.02,9.77,0.1,0.1,6.4,0.0,0.0,0.0,0.0,0.0,19.7,23.6,36.27,27.2,-128.7,0.1,0.0,0.0,0.0,1.0,0.0,0.0,1.0,1.0,90.0,90.0,1
2026-01-01 06:13:55,10.03,9.78,0.1,0.1,6.2,0.0,0.0,0.0,0.0,0.0,19.7,23.6,36.27,27.2,-128.7,0.1,0.0,0.0,0.0,1.0,0.0,0.0,1.0,1.0,90.0,90.0,1
2026-01-01 06:13:56,10.02,9.77,0.1,0.1,6.4,0.0,0.0,0.0,0.0,0.0,19.7,23.6,36.27,27.2,-128.7,0.1,0.0,0.0,0.0,1.0,0.0,0.0,1.0,1.0,90.0,90.0,1
2026-01-01 06:13:57,10.02,9.79,0.1,0.1,6.4,0.0,0.0,0.0,0.0,0.0,19.7,23.6,36.36,27.2,-128.7,0.1,0.0,0.0,0.0,1.0,0.0,0.0,1.0,1.0,90.0,90.0,1
2026-01-01 06:13:58,10.03,9.77,0.1,0.1,6.2,0.0,0.0,0.0,0.0,0.0,19.7,23.6,36.36,27.2,-128.7,0.1,0.0,0.0,0.0,1.0,0.0,0.0,1.0,1.0,90.0,90.0,1
2026-01-01 06:13:59,10.03,9.79,0.1,0.1,6.4,0.0,0.0,0.0,0.0,0.0,19.7,23.6,36.36,27.2,-128.7,0.0,0.0,0.0,0.0,1.0,0.0,0.0,1.0,1.0,90.0,90.0,1
2026-01-01 06:14:00,10.03,9.77,0.1,0.1,6.3,0.0,0.0,0.0,0.0,0.0,19.7,23.6,36.36,27.2,-128.7,0.1,0.0,0.0,0.0,1.0,0.0,0.0,1.0,1.0,90.0,90.0,1
2026-01-01 06:14:01,10.03,9.77,0.1,0.1,7.0,0.0,0.0,0.0,0.0,0.0,19.7,23.6,36.36,27.2,-128.7,0.1,0.0,0.0,0.0,1.0,0.0,0.0,1.0,1.0,90.0,90.0,1
2026-01-01 06:14:02,10.03,9.78,0.1,0.1,6.4,0.0,0.0,0.0,0.0,0.0,19.7,23.6,36.36,27.2,-128.7,0.1,0.0,0.0,0.0,1.0,0.0,0.0,1.0,1.0,90.0,90.0,1
2026-01-01 06:14:03,10.02,9.77,0.1,0.1,6.6,0.0,0.0,0.0,0.0,0.0,19.7,23.6,36.36,27.2,-128.7,0.0,0.0,0.0,0.0,1.0,0.0,0.0,1.0,1.0,90.0,90.0,1
2026-01-01 06:14:04,10.02,9.78,0.1,0.1,6.5,0.0,0.0,0.0,0.0,0.0,19.7,23.6,36.36,27.2,-128.7,0.1,0.0,0.0,0.0,1.0,0.0,0.0,1.0,1.0,90.0,90.0,1
2026-01-01 06:14:05,10.02,9.77,0.1,0.1,6.1,0.0,0.0,0.0,0.0,0.0,19.7,23.6,36.36,27.2,-128.7,0.0,0.0,0.0,0.0,1.0,0.0,0.0,1.0,1.0,90.0,90.0,1
2026-01-01 06:14:06,10.02,9.79,0.1,0.1,6.9,0.0,0.0,0.0,0.0,0.0,19.7,23.6,36.36,27.2,-128.7,0.1,0.0,0.0,0.0,1.0,0.0,0.0,1.0,1.0,90.0,90.0,1
2026-01-01 06:14:07,10.03,9.77,0.1,0.1,6.0,0.0,0.0,0.0,0.0,0.0,19.7,23.6,36.36,27.2,-128.7,0.1,0.0,0.0,0.0,1.0,0.0,0.0,1.0,1.0,90.0,90.0,1
2026-01-01 06:14:08,10.02,9.78,0.1,0.1,6.7,0.0,0.0,0.0,0.0,0.0,19.7,23.6,36.36,27.2,-128.7,0.1,0.0,0.0,0.0,1.0,0.0,0.0,1.0,1.0,90.0,90.0,1
2026-01-01 06:14:09,10.02,9.77,0.1,0.1,6.5,0.0,0.0,0.0,0.0,0.0,19.7,23.6,36.36,27.2,-128.7,0.1,0.0,0.0,0.0,1.0,0.0,0.0,1.0,1.0,90.0,90.0,1
2026-01-01 06:14:10,10.03,9.78,0.1,0.1,6.7,0.0,0.0,0.0,0.0,0.0,19.7,23.6,36.36,27.2,-128.7,0.1,0.0,0.0,0.0,1.0,0.0,0.0,1.0,1.0,90.0,90.0,1
2026-01-01 06:14:11,10.05,9.77,0.1,0.1,6.8,0.0,0.0,0.0,0.0,0.0,19.7,23.6,36.36,27.2,-128.7,0.1,0.0,0.0,0.0,1.0,0.0,0.0,1.0,1.0,90.0,90.0,1
2026-01-01 06:14:12,10.05,9.78,0.1,0.1,6.3,0.0,0.0,0.0,0.0,0.0,19.7,23.6,36.36,27.2,-128.7,0.0,0.0,0.0,0.0,1.0,0.0,0.0,1.0,1.0,90.0,90.0,1
2026-01-01 06:14:13,10.03,9.77,0.1,0.1,7.0,0.0,0.0,0.0,0.0,0.0,19.7,23.6,36.36,27.2,-128.7,0.1,0.0,0.0,0.0,1.0,0.0,0.0,1.0,1.0,90.0,90.0,1
2026-01-01 06:14:14,10.02,9.78,0.1,0.1,6.3,0.0,0.0,0.0,0.0,0.0,19.7,23.6,36.36,27.2,-128.7,0.1,0.0,0.0,0.0,1.0,0.0,0.0,1.0,1.0,90.0,90.0,1
2026-01-01 06:14:15,10.03,9.77,0.1,0.1,6.7,0.0,0.0,0.0,0.0,0.0,19.7,23.6,36.36,27.2,-128.7,0.1,0.0,0.0,0.0,1.0,0.0,0.0,1.0,1.0,90.0,90.0,1
2026-01-01 06:14:16,10.03,9.78,0.1,0.1,6.5,0.0,0.0,0.0,0.0,0.0,19.7,23.6,36.36,27.2,-128.7,0.0,0.0,0.0,0.0,1.0,0.0,0.0,1.0,1.0,90.0,90.0,1
2026-01-01 06:14:17,10.02,9.79,0.1,0.1,6.9,0.0,0.0,0.0,0.0,0.0,19.7,23.6,36.45,27.2,-128.7,0.1,0.0,0.0,0.0,1.0,0.0,0.0,1.0,1.0,90.0,90.0,1
2026-01-01 06:14:18,10.02,9.77,0.1,0.1,6.7,0.0,0.0,0.0,0.0,0.0,19.7,23.6,36.45,27.2,-128.7,0.0,0.0,0.0,0.0,1.0,0.0,0.0,1.0,1.0,90.0,90.0,1
2026-01-01 06:14:19,10.02,9.79,0.1,0.1,6.7,0.0,0.0,0.0,0.0,0.0,19.7,23.6,36.45,27.2,-128.7,0.1,0.0,0.0,0.0,1.0,0.0,0.0,1.0,1.0,90.0,90.0,1
2026-01-01 06:14:20,10.02,9.77,0.1,0.1,6.9,0.0,0.0,0.0,0.0,0.0,19.7,23.6,36.45,27.2,-128.7,0.0,0.0,0.0,0.0,1.0,0.0,0.0,1.0,1.0,90.0,90.0,1
2026-01-01 06:14:21,10.05,9.79,0.1,0.1,6.7,0.0,0.0,0.0,0.0,0.0,19.7,23.6,36.45,27.2,-128.7,0.0,0.0,0.0,0.0,1.0,0.0,0.0,1.0,1.0,90.0,90.0,1
2026-01-01 06:14:22,10.05,9.77,0.1,0.1,7.1,0.0,0.0,0.0,0.0,0.0,19.7,23.6,36.45,27.1,-128.7,0.0,0.0,0.0,0.0,1.0,0.0,0.0,1.0,1.0,90.0,90.0,1
2026-01-01 06:14:23,10.05,9.79,0.1,0.1,6.3,0.0,0.0,0.0,0.0,0.0,19.7,23.6,36.45,27.1,-128.7,-0.1,0.0,0.0,0.0,1.0,0.0,0.0,1.0,1.0,90.0,90.0,1
2026-01-01 06:14:24,10.05,9.78,0.1,0.1,6.9,0.0,0.0,0.0,0.0,0.0,19.7,23.6,36.45,27.1,-128.7,0.0,0.0,0.0,0.0,1.0,0.0,0.0,1.0,1.0,90.0,90.0,1
2026-01-01 06:14:25,10.05,9.79,0.1,0.1,6.4,0.0,0.0,0.0,0.0,0.0,19.7,23.6,36.54,27.1,-128.7,-0.1,0.0,0.0,0.0,1.0,0.0,0.0,1.0,1.0,90.0,90.0,1
2026-01-01 06:14:26,10.05,9.79,0.1,0.1,6.9,0.0,0.0,0.0,0.0,0.0,19.7,23.6,36.54,27.1,-128.7,0.0,0.0,0.0,0.0,1.0,0.0,0.0,1.0,1.0,90.0,90.0,1
2026-01-01 06:14:27,10.05,9.79,0.1,0.1,6.9,0.0,0.0,0.0,0.0,0.0,19.8,23.6,36.54,27.1,-128.7,-0.1,0.0,0.0,0.0,1.0,0.0,0.0,1.0,1.0,90.0,90.0,1
2026-01-01 06:14:28,10.02,9.79,0.1,0.1,6.4,0.0,0.0,0.0,0.0,0.0,19.8,23.6,36.54,27.1,-128.7,-0.1,0.0,0.0,0.0,1.0,0.0,0.0,1.0,1.0,90.0,90.0,1
2026-01-01 06:14:29,10.03,9.79,0.1,0.1,6.8,0.0,0.0,0.0,0.0,0.0,19.8,23.6,36.54,27.1,-128.7,-0.1,0.0,0.0,0.0,1.0,0.0,0.0,1.0,1.0,90.0,90.0,1
2026-01-01 06:14:30,10.02,9.79,0.1,0.1,6.7,0.0,0.0,0.0,0.0,0.0,19.8,23.6,36.54,27.1,-128.7,-0.1,0.0,0.0,0.0,1.0,0.0,0.0,1.0,1.0,90.0,90.0,1
2026-01-01 06:14:31,10.02,9.78,0.1,0.1,6.9,0.0,0.0,0.0,0.0,0.0,19.8,23.6,36.54,27.1,-128.7,0.0,0.0,0.0,0.0,1.0,0.0,0.0,1.0,1.0,90.0,90.0,1
2026-01-01 06:14:32,10.05,9.79,0.1,0.1,6.4,0.0,0.0,0.0,0.0,0.0,19.8,23.6,36.54,27.1,-128.7,-0.1,0.0,0.0,0.0,1.0,0.0,0.0,1.0,1.0,90.0,90.0,1
2026-01-01 06:14:33,10.05,9.77,0.1,0.1,6.8,0.0,0.0,0.0,0.0,0.0,19.8,23.6,36.54,27.1,-128.7,0.0,0.0,0.0,0.0,1.0,0.0,0.0,1.0,1.0,90.0,90.0,1
2026-01-01 06:14:34,10.03,9.79,0.1,0.1,6.3,0.0,0.0,0.0,0.0,0.0,19.8,23.6,36.54,27.1,-128.7,-0.1,0.0,0.0,0.0,1.0,0.0,0.0,1.0,1.0,90.0,90.0,1
2026-01-01 06:14:35,10.03,9.77,0.1,0.1,6.9,0.0,0.0,0.0,0.0,0.0,19.8,23.6,36.54,27.1,-128.7,0.0,0.0,0.0,0.0,1.0,0.0,0.0,1.0,1.0,90.0,90.0,1
2026-01-01 06:14:36,10.03,9.8,0.1,0.1,6.5,0.0,0.0,0.0,0.0,0.0,19.8,23.6,36.54,27.1,-128.7,-0.1,0.0,0.0,0.0,1.0,0.0,0.0,1.0,1.0,90.0,90.0,1
2026-01-01 06:14:37,10.05,9.78,0.1,0.1,6.8,0.0,0.0,0.0,0.0,0.0,19.8,23.6,36.54,27.1,-128.7,0.0,0.0,0.0,0.0,1.0,0.0,0.0,1.0,1.0,90.0,90.0,1
2026-01-01 06:14:38,10.05,9.8,0.1,0.1,6.5,0.0,0.0,0.0,0.0,0.0,19.8,23.6,36.54,27.1,-128.7,-0.1,0.0,0.0,0.0,1.0,0.0,0.0,1.0,1.0,90.0,90.0,1
2026-01-01 06:14:39,10.05,9.79,0.1,0.1,6.6,0.0,0.0,0.0,0.0,0.0,19.8,23.6,36.54,27.1,-128.7,0.0,0.0,0.0,0.0,1.0,0.0,0.0,1.0,1.0,90.0,90.0,1
2026-01-01 06:14:40,10.05,9.79,0.1,0.1,6.5,0.0,0.0,0.0,0.0,0.0,19.8,23.6,36.54,27.1,-128.7,-0.1,0.0,0.0,0.0,1.0,0.0,0.0,1.0,1.0,90.0,90.0,1
2026-01-01 06:14:41,10.03,9.8,0.1,0.1,6.4,0.0,0.0,0.0,0.0,0.0,19.8,23.6,36.54,27.1,-128.7,0.0,0.0,0.0,0.0,1.0,0.0,0.0,1.0,1.0,90.0,90.0,1
2026-01-01 06:14:42,10.02,9.78,0.1,0.1,6.7,0.0,0.0,0.0,0.0,0.0,19.8,23.6,36.54,27.1,-128.7,0.0,0.0,0.0,0.0,1.0,0.0,0.0,1.0,1.0,90.0,90.0,1
2026-01-01 06:14:43,10.03,9.79,0.1,0.1,6.6,0.0,0.0,0.0,0.0,0.0,19.8,23.6,36.54,27.1,-128.7,-0.1,0.0,0.0,0.0,1.0,0.0,0.0,1.0,1.0,90.0,90.0,1
2026-01-01 06:14:44,10.03,9.77,0.1,0.1,7.0,0.0,0.0,0.0,0.0,0.0,19.8,23.6,36.54,27.1,-128.7,0.0,0.0,0.0,0.0,1.0,0.0,0.0,1.0,1.0,90.0,90.0,1
2026-01-01 06:14:45,10.05,9.8,0.1,0.1,6.8,0.0,0.0,0.0,0.0,0.0,19.8,23.6,36.54,27.1,-128.7,-0.1,0.0,0.0,0.0,1.0,0.0,0.0,1.0,1.0,90.0,90.0,1
2026-01-01 06:14:46,10.05,9.79,0.1,0.1,6.7,0.0,0.0,0.0,0.0,0.0,19.8,23.6,36.54,27.1,-128.7,0.0,0.0,0.0,0.0,1.0,0.0,0.0,1.0,1.0,90.0,90.0,1
2026-01-01 06:14:47,10.05,9.78,0.1,0.1,6.7,0.0,0.0,0.0,0.0,0.0,19.8,23.6,36.54,27.1,-128.7,-0.1,0.0,0.0,0.0,1.0,0.0,0.0,1.0,1.0,90.0,90.0,1
2026-01-01 06:14:48,10.03,9.8,0.1,0.1,6.4,0.0,0.0,0.0,0.0,0.0,19.8,23.6,36.54,27.1,-128.7,0.0,0.0,0.0,0.0,1.0,0.0,0.0,1.0,1.0,90.0,90.0,1
2026-01-01 06:14:49,10.03,9.77,0.1,0.1,6.9,0.0,0.0,0.0,0.0,0.0,19.8,23.6,36.54,27.1,-128.7,-0.1,0.0,0.0,0.0,1.0,0.0,0.0,1.0,1.0,90.0,90.0,1
2026-01-01 06:14:50,10.03,9.8,0.1,0.1,6.4,0.0,0.0,0.0,0.0,0.0,19.8,23.6,36.54,27.1,-128.7,-0.1,0.0,0.0,0.0,1.0,0.0,0.0,1.0,1.0,90.0,90.0,1
2026-01-01 06:14:51,10.03,9.78,0.1,0.1,6.5,0.0,0.0,0.0,0.0,0.0,19.8,23.6,36.54,27.1,-128.7,-0.1,0.0,0.0,0.0,1.0,0.0,0.0,1.0,1.0,90.0,90.0,1
2026-01-01 06:14:52,10.03,9.8,0.1,0.1,6.4,0.0,0.0,0.0,0.0,0.0,19.8,23.6,36.54,27.1,-128.7,-0.1,0.0,0.0,0.0,1.0,0.0,0.0,1.0,1.0,90.0,90.0,1
2026-01-01 06:14:53,10.05,9.79,0.1,0.1,6.3,0.0,0.0,0.0,0.0,0.0,19.8,23.6,36.54,27.1,-128.7,-0.1,0.0,0.0,0.0,1.0,0.0,0.0,1.0,1.0,90.0,90.0,1
2026-01-01 06:14:54,10.05,9.79,0.1,0.1,6.8,0.0,0.0,0.0,0.0,0.0,19.8,23.6,36.54,27.1,-128.7,-0.1,0.0,0.0,0.0,1.0,0.0,0.0,1.0,1.0,90.0,90.0,1
2026-01-01 06:14:55,10.03,9.79,0.1,0.1,6.4,0.0,0.0,0.0,0.0,0.0,19.8,23.6,36.54,27.1,-128.7,-0.1,0.0,0.0,0.0,1.0,0.0,0.0,1.0,1.0,90.0,90.0,1
2026-01-01 06:14:56,10.05,9.79,0.1,0.1,6.7,0.0,0.0,0.0,0.0,0.0,19.8,23.6,36.54,27.1,-128.7,0.0,0.0,0.0,0.0,1.0,0.0,0.0,1.0,1.0,90.0,90.0,1
2026-01-01 06:14:57,10.05,9.8,0.1,0.1,6.3,0.0,0.0,0.0,0.0,0.0,19.8,23.6,36.54,27.1,-128.7,-0.1,0.0,0.0,0.0,1.0,0.0,0.0,1.0,1.0,90.0,90.0,1
2026-01-01 06:14:58,10.03,9.79,0.1,0.1,6.9,0.0,0.0,0.0,0.0,0.0,19.8,23.6,36.63,27.1,-128.7,-0.1,0.0,0.0,0.0,1.0,0.0,0.0,1.0,1.0,90.0,90.0,1
2026-01-01 06:14:59,10.03,9.79,0.1,0.1,6.4,0.0,0.0,0.0,0.0,0.0,19.8,23.6,36.63,27.1,-128.7,-0.1,0.0,0.0,0.0,1.0,0.0,0.0,1.0,1.0,90.0,90.0,1
2026-01-01 06:15:00,10.05,9.8,0.1,0.1,6.9,0.0,0.0,0.0,0.0,0.0,19.8,23.6,36.63,27.1,-128.7,-0.1,0.0,0.0,0.0,1.0,0.0,0.0,1.0,1.0,90.0,90.0,1
2026-01-01 06:15:01,10.05,9.79,0.1,0.1,6.6,0.0,0.0,0.0,0.0,0.0,19.8,23.6,36.63,27.1,-128.7,-0.1,0.0,0.0,0.0,1.0,0.0,0.0,1.0,1.0,90.0,90.0,1
2026-01-01 06:15:02,10.05,9.79,0.1,0.1,6.3,0.0,0.0,0.0,0.0,0.0,19.8,23.6,36.63,27.1,-128.7,-0.1,0.0,0.0,0.0,1.0,0.0,0.0,1.0,1.0,90.0,90.0,1
2026-01-01 06:15:03,10.03,9.8,0.1,0.1,6.9,0.0,0.0,0.0,0.0,0.0,19.8,23.6,36.63,27.1,-128.7,-0.1,0.0,0.0,0.0,1.0,0.0,0.0,1.0,1.0,90.0,90.0,1
2026-01-01 06:15:04,10.03,9.8,0.1,0.1,6.7,0.0,0.0,0.0,0.0,0.0,19.8,23.6,36.54,27.1,-128.7,-0.1,0.0,0.0,0.0,1.0,0.0,0.0,1.0,1.0,90.0,90.0,1
2026-01-01 06:15:05,10.03,9.8,0.1,0.1,6.6,0.0,0.0,0.0,0.0,0.0,19.8,23.6,36.54,27.0,-128.7,-0.2,0.0,0.0,0.0,1.0,0.0,0.0,1.0,1.0,90.0,90.0,1
2026-01-01 06:15:06,10.03,9.79,0.1,0.1,7.0,0.0,0.0,0.0,0.0,0.0,19.8,23.6,36.54,27.0,-128.7,-0.2,0.0,0.0,0.0,1.0,0.0,0.0,1.0,1.0,90.0,90.0,1
2026-01-01 06:15:07,10.05,9.8,0.1,0.1,6.4,0.0,0.0,0.0,0.0,0.0,19.8,23.6,36.54,27.0,-128.7,-0.2,0.0,0.0,0.0,1.0,0.0,0.0,1.0,1.0,90.0,90.0,1
2026-01-01 06:15:08,10.05,9.8,0.1,0.1,6.9,0.0,0.0,0.0,0.0,0.0,19.8,23.6,36.54,27.0,-128.7,-0.2,0.0,0.0,0.0,1.0,0.0,0.0,1.0,1.0,90.0,90.0,1
2026-01-01 06:15:09,10.06,9.79,0.1,0.1,6.5,0.0,0.0,0.0,0.0,0.0,19.8,23.6,36.54,27.0,-128.7,-0.2,0.0,0.0,0.0,1.0,0.0,0.0,1.0,1.0,90.0,90.0,1
2026-01-01 06:15:10,10.06,9.8,0.1,0.1,7.0,0.0,0.0,0.0,0.0,0.0,19.8,23.6,36.54,27.0,-128.7,-0.2,0.0,0.0,0.0,1.0,0.0,0.0,1.0,1.0,90.0,90.0,1
2026-01-01 06:15:11,10.05,9.79,0.1,0.1,6.0,0.0,0.0,0.0,0.0,0.0,19.8,23.6,36.54,27.0,-128.7,-0.2,0.0,0.0,0.0,1.0,0.0,0.0,1.0,1.0,90.0,90.0,1
2026-01-01 06:15:12,10.03,9.79,0.1,0.1,6.5,0.0,0.0,0.0,0.0,0.0,19.8,23.6,36.54,27.0,-128.7,-0.2,0.0,0.0,0.0,1.0,0.0,0.0,1.0,1.0,90.0,90.0,1
2026-01-01 06:15:13,10.05,9.8,0.1,0.1,6.5,0.0,0.0,0.0,0.0,0.0,19.8,23.6,36.54,27.0,-128.7,-0.2,0.0,0.0,0.0,1.0,0.0,0.0,1.0,1.0,90.0,90.0,1
2026-01-01 06:15:14,10.05,9.79,0.1,0.1,6.4,0.0,0.0,0.0,0.0,0.0,19.8,23.6,36.54,27.0,-128.7,-0.2,0.0,0.0,0.0,1.0,0.0,0.0,1.0,1.0,90.0,90.0,1
2026-01-01 06:15:15,10.06,9.8,0.1,0.1,6.3,0.0,0.0,0.0,0.0,0.0,19.8,23.6,36.54,27.0,-128.7,-0.2,0.0,0.0,0.0,1.0,0.0,0.0,1.0,1.0,90.0,90.0,1
2026-01-01 06:15:16,10.06,9.79,0.1,0.1,6.2,0.0,0.0,0.0,0.0,0.0,19.8,23.6,36.54,27.0,-128.7,-0.2,0.0,0.0,0.0,1.0,0.0,0.0,1.0,1.0,90.0,90.0,1
2026-01-01 06:15:17,10.05,9.79,0.1,0.1,6.5,0.0,0.0,0.0,0.0,0.0,19.8,23.6,36.54,27.0,-128.7,-0.2,0.0,0.0,0.0,1.0,0.0,0.0,1.0,1.0,90.0,90.0,1
2026-01-01 06:15:18,10.03,9.8,0.1,0.1,6.3,0.0,0.0,0.0,0.0,0.0,19.8,23.6,36.54,27.0,-128.7,-0.2,0.0,0.0,0.0,1.0,0.0,0.0,1.0,1.0,90.0,90.0,1
2026-01-01 06:15:19,10.05,9.79,0.1,0.1,6.8,0.0,0.0,0.0,0.0,0.0,19.8,23.6,36.54,27.0,-128.7,-0.2,0.0,0.0,0.0,1.0,0.0,0.0,1.0,1.0,90.0,90.0,1
2026-01-01 06:15:20,10.03,9.8,0.1,0.1,6.4,0.0,0.0,0.0,0.0,0.0,19.8,23.6,36.54,27.0,-128.7,-0.2,0.0,0.0,0.0,1.0,0.0,0.0,1.0,1.0,90.0,90.0,1
2026-01-01 06:15:21,10.05,9.8,0.1,0.1,6.7,0.0,0.0,0.0,0.0,0.0,19.8,23.6,36.54,27.0,-128.7,-0.2,0.0,0.0,0.0,1.0,0.0,0.0,1.0,1.0,90.0,90.0,1
2026-01-01 06:15:22,10.05,9.79,0.1,0.1,6.1,0.0,0.0,0.0,0.0,0.0,19.8,23.6,36.54,27.0,-128.7,-0.2,0.0,0.0,0.0,1.0,0.0,0.0,1.0,1.0,90.0,90.0,1
2026-01-01 06:15:23,10.05,9.8,0.1,0.1,6.5,0.0,0.0,0.0,0.0,0.0,19.8,23.6,36.54,27.0,-128.7,-0.2,0.0,0.0,0.0,1.0,0.0,0.0,1.0,1.0,90.0,90.0,1
2026-01-01 06:15:24,10.05,9.79,0.1,0.1,6.0,0.0,0.0,0.0,0.0,0.0,19.8,23.6,36.54,27.0,-128.7,-0.2,0.0,0.0,0.0,1.0,0.0,0.0,1.0,1.0,90.0,90.0,1
2026-01-01 06:15:25,10.05,9.8,0.1,0.1,6.3,0.0,0.0,0.0,0.0,0.0,19.8,23.6,36.54,27.0,-128.7,-0.2,0.0,0.0,0.0,1.0,0.0,0.0,1.0,1.0,90.0,90.0,1
2026-01-01 06:15:26,10.03,9.8,0.1,0.1,6.3,0.0,0.0,0.0,0.0,0.0,19.8,23.6,36.54,27.0,-128.7,-0.2,0.0,0.0,0.0,1.0,0.0,0.0,1.0,1.0,90.0,90.0,1
2026-01-01 06:15:27,10.05,9.79,0.1,0.1,6.5,0.0,0.0,0.0,0.0,0.0,19.8,23.6,36.54,27.0,-128.7,-0.2,0.0,0.0,0.0,1.0,0.0,0.0,1.0,1.0,90.0,90.0,1
2026-01-01 06:15:28,10.05,9.8,0.1,0.1,6.4,0.0,0.0,0.0,0.0,0.0,19.8,23.6,36.54,27.0,-128.7,-0.2,0.0,0.0,0.0,1.0,0.0,0.0,1.0,1.0,90.0,90.0,1
2026-01-01 06:15:29,10.05,9.8,0.1,0.1,6.3,0.0,0.0,0.0,0.0,0.0,19.8,23.6,36.54,27.0,-128.7,-0.2,0.0,0.0,0.0,1.0,0.0,0.0,1.0,1.0,90.0,90.0,1
2026-01-01 06:15:30,10.05,9.8,0.1,0.1,7.0,0.0,0.0,0.0,0.0,0.0,19.8,23.6,36.54,27.0,-128.7,-0.2,0.0,0.0,0.0,1.0,0.0,0.0,1.0,1.0,90.0,90.0,1
2026-01-01 06:15:31,10.05,9.8,0.1,0.1,6.2,0.0,0.0,0.0,0.0,0.0,19.8,23.6,36.54,27.0,-128.7,-0.2,0.0,0.0,0.0,1.0,0.0,0.0,1.0,1.0,90.0,90.0,1
2026-01-01 06:15:32,10.05,9.8,0.1,0.1,6.9,0.0,0.0,0.0,0.0,0.0,19.8,23.6,36.54,27.0,-128.7,-0.2,0.0,0.0,0.0,1.0,0.0,0.0,1.0,1.0,90.0,90.0,1
2026-01-01 06:15:33,10.05,9.8,0.1,0.1,6.1,0.0,0.0,0.0,0.0,0.0,19.8,23.6,36.54,27.0,-128.7,-0.2,0.0,0.0,0.0,1.0,0.0,0.0,1.0,1.0,90.0,90.0,1
2026-01-01 06:15:34,10.06,9.8,0.1,0.1,7.0,0.0,0.0,0.0,0.0,0.0,19.8,23.6,36.54,27.0,-128.7,-0.2,0.0,0.0,0.0,1.0,0.0,0.0,1.0,1.0,90.0,90.0,1
2026-01-01 06:15:35,10.06,9.79,0.1,0.1,6.3,0.0,0.0,0.0,0.0,0.0,19.8,23.6,36.54,27.0,-128.7,-0.2,0.0,0.0,0.0,1.0,0.0,0.0,1.0,1.0,90.0,90.0,1
2026-01-01 06:15:36,10.06,9.81,0.1,0.1,6.3,0.0,0.0,0.0,0.0,0.0,19.8,23.6,36.54,27.0,-128.7,-0.2,0.0,0.0,0.0,1.0,0.0,0.0,1.0,1.0,90.0,90.0,1
2026-01-01 06:15:37,10.05,9.8,0.1,0.1,6.5,0.0,0.0,0.0,0.0,0.0,19.8,23.6,36.54,27.0,-128.7,-0.2,0.0,0.0,0.0,1.0,0.0,0.0,1.0,1.0,90.0,90.0,1
2026-01-01 06:15:38,10.05,9.8,0.1,0.1,6.6,0.0,0.0,0.0,0.0,0.0,19.8,23.6,36.54,27.0,-128.7,-0.2,0.0,0.0,0.0,1.0,0.0,0.0,1.0,1.0,90.0,90.0,1
2026-01-01 06:15:39,10.05,9.8,0.1,0.1,6.5,0.0,0.0,0.0,0.0,0.0,19.8,23.6,36.54,27.0,-128.7,-0.2,0.0,0.0,0.0,1.0,0.0,0.0,1.0,1.0,90.0,90.0,1
2026-01-01 06:15:40,10.05,9.8,0.1,0.1,6.6,0.0,0.0,0.0,0.0,0.0,19.8,23.6,36.54,27.0,-128.7,-0.2,0.0,0.0,0.0,1.0,0.0,0.0,1.0,1.0,90.0,90.0,1
2026-01-01 06:15:41,10.07,9.8,0.1,0.1,6.6,0.0,0.0,0.0,0.0,0.0,19.8,23.6,36.54,27.0,-128.7,-0.2,0.0,0.0,0.0,1.0,0.0,0.0,1.0,1.0,90.0,90.0,1
2026-01-01 06:15:42,10.06,9.8,0.1,0.1,6.6,0.0,0.0,0.0,0.0,0.0,19.8,23.6,36.54,27.0,-128.7,-0.2,0.0,0.0,0.0,1.0,0.0,0.0,1.0,1.0,90.0,90.0,1
2026-01-01 06:15:43,10.05,9.8,0.1,0.1,7.1,0.0,0.0,0.0,0.0,0.0,19.8,23.6,36.54,27.0,-128.7,-0.2,0.0,0.0,0.0,1.0,0.0,0.0,1.0,1.0,90.0,90.0,1
2026-01-01 06:15:44,10.06,9.81,0.1,0.1,6.3,0.0,0.0,0.0,0.0,0.0,19.8,23.6,36.54,27.0,-128.7,-0.2,0.0,0.0,0.0,1.0,0.0,0.0,1.0,1.0,90.0,90.0,1
2026-01-01 06:15:45,10.05,9.79,0.1,0.1,6.8,0.0,0.0,0.0,0.0,0.0,19.8,23.6,36.54,27.0,-128.7,-0.2,0.0,0.0,0.0,1.0,0.0,0.0,1.0,1.0,90.0,90.0,1
2026-01-01 06:15:46,10.06,9.8,0.1,0.1,6.3,0.0,0.0,0.0,0.0,0.0,19.8,23.6,36.54,27.0,-128.7,-0.2,0.0,0.0,0.0,1.0,0.0,0.0,1.0,1.0,90.0,90.0,1
2026-01-01 06:15:47,10.06,9.8,0.1,0.1,6.7,0.0,0.0,0.0,0.0,0.0,19.8,23.6,36.54,27.0,-128.7,-0.2,0.0,0.0,0.0,1.0,0.0,0.0,1.0,1.0,90.0,90.0,1
2026-01-01 06:15:48,10.06,9.79,0.1,0.1,6.5,0.0,0.0,0.0,0.0,0.0,19.8,23.6,36.54,27.0,-128.7,-0.2,0.0,0.0,0.0,1.0,0.0,0.0,1.0,1.0,90.0,90.0,1
2026-01-01 06:15:49,10.06,9.81,0.1,0.1,6.6,0.0,0.0,0.0,0.0,0.0,19.8,23.6,36.54,27.0,-128.7,-0.2,0.0,0.0,0.0,1.0,0.0,0.0,1.0,1.0,90.0,90.0,1
2026-01-01 06:15:50,10.06,9.8,0.1,0.1,6.6,0.0,0.0,0.0,0.0,0.0,19.8,23.6,36.54,27.0,-128.7,-0.2,0.0,0.0,0.0,1.0,0.0,0.0,1.0,1.0,90.0,90.0,1
2026-01-01 06:15:51,10.05,9.8,0.1,0.1,6.4,0.0,0.0,0.0,0.0,0.0,19.8,23.6,36.54,27.0,-128.7,-0.3,0.0,0.0,0.0,1.0,0.0,0.0,1.0,1.0,90.0,90.0,1
2026-01-01 06:15:52,10.05,9.81,0.1,0.1,6.7,0.0,0.0,0.0,0.0,0.0,19.8,23.6,36.63,27.0,-128.7,-0.3,0.0,0.0,0.0,1.0,0.0,0.0,1.0,1.0,90.0,90.0,1
2026-01-01 06:15:53,10.05,9.8,0.1,0.1,6.4,0.0,0.0,0.0,0.0,0.0,19.8,23.6,36.63,27.0,-128.7,-0.2,0.0,0.0,0.0,1.0,0.0,0.0,1.0,1.0,90.0,90.0,1
2026-01-01 06:15:54,10.06,9.81,0.1,0.1,6.6,0.0,0.0,0.0,0.0,0.0,19.8,23.6,36.54,26.9,-128.7,-0.3,0.0,0.0,0.0,1.0,0.0,0.0,1.0,1.0,90.0,90.0,1
2026-01-01 06:15:55,10.06,9.8,0.1,0.1,6.7,0.0,0.0,0.0,0.0,0.0,19.8,23.6,36.54,26.9,-128.7,-0.3,0.0,0.0,0.0,1.0,0.0,0.0,1.0,1.0,90.0,90.0,1
2026-01-01 06:15:56,10.05,9.8,0.1,0.1,6.8,0.0,0.0,0.0,0.0,0.0,19.8,23.6,36.63,26.9,-128.7,-0.3,0.0,0.0,0.0,1.0,0.0,0.0,1.0,1.0,90.0,90.0,1
2026-01-01 06:15:57,10.05,9.82,0.1,0.1,6.3,0.0,0.0,0.0,0.0,0.0,19.8,23.6,36.63,26.9,-128.7,-0.3,0.0,0.0,0.0,1.0,0.0,0.0,1.0,1.0,90.0,90.0,1
2026-01-01 06:15:58,10.05,9.8,0.1,0.1,6.8,0.0,0.0,0.0,0.0,0.0,19.8,23.6,36.63,26.9,-128.7,-0.3,0.0,0.0,0.0,1.0,0.0,0.0,1.0,1.0,90.0,90.0,1
2026-01-01 06:15:59,10.06,9.81,0.1,0.1,6.5,0.0,0.0,0.0,0.0,0.0,19.8,23.6,36.63,26.9,-128.7,-0.4,0.0,0.0,0.0,1.0,0.0,0.0,1.0,1.0,90.0,90.0,1
2026-01-01 06:16:00,10.06,9.8,0.1,0.1,6.2,0.0,0.0,0.0,0.0,0.0,19.8,23.6,36.63,26.9,-128.7,-0.3,0.0,0.0,0.0,1.0,0.0,0.0,1.0,1.0,90.0,90.0,1
2026-01-01 06:16:01,10.06,9.8,0.1,0.1,6.8,0.0,0.0,0.0,0.0,0.0,19.8,23.6,36.63,26.9,-128.7,-0.3,0.0,0.0,0.0,1.0,0.0,0.0,1.0,1.0,90.0,90.0,1
2026-01-01 06:16:02,10.07,9.81,0.1,0.1,6.0,0.0,0.0,0.0,0.0,0.0,19.8,23.6,36.63,26.9,-128.7,-0.3,0.0,0.0,0.0,1.0,0.0,0.0,1.0,1.0,90.0,90.0,1
2026-01-01 06:16:03,10.05,9.81,0.1,0.1,6.9,0.0,0.0,0.0,0.0,0.0,19.8,23.6,36.63,26.9,-128.7,-0.3,0.0,0.0,0.0,1.0,0.0,0.0,1.0,1.0,90.0,90.0,1
2026-01-01 06:16:04,10.05,9.82,0.1,0.1,6.2,0.0,0.0,0.0,0.0,0.0,19.8,23.6,36.63,26.9,-128.7,-0.4,0.0,0.0,0.0,1.0,0.0,0.0,1.0,1.0,90.0,90.0,1
2026-01-01 06:16:05,10.05,9.82,0.1,0.1,7.1,0.0,0.0,0.0,0.0,0.0,19.8,23.6,36.63,26.9,-128.7,-0.3,0.0,0.0,0.0,1.0,0.0,0.0,1.0,1.0,90.0,90.0,1
2026-01-01 06:16:06,10.05,9.81,0.1,0.1,6.3,0.0,0.0,0.0,0.0,0.0,19.89,23.6,36.63,26.9,-128.7,-0.4,0.0,0.0,0.0,1.0,0.0,0.0,1.0,1.0,90.0,90.0,1
2026-01-01 06:16:07,10.07,9.82,0.1,0.1,7.0,0.0,0.0,0.0,0.0,0.0,19.89,23.6,36.63,26.9,-128.7,-0.4,0.0,0.0,0.0,1.0,0.0,0.0,1.0,1.0,90.0,90.0,1
2026-01-01 06:16:08,10.06,9.8,0.1,0.1,6.3,0.0,0.0,0.0,0.0,0.0,19.89,23.6,36.63,26.9,-128.7,-0.3,0.0,0.0,0.0,1.0,0.0,0.0,1.0,1.0,90.0,90.0,1
2026-01-01 06:16:09,10.07,9.82,0.1,0.1,6.9,0.0,0.0,0.0,0.0,0.0,19.89,23.6,36.63,26.9,-128.7,-0.4,0.0,0.0,0.0,1.0,0.0,0.0,1.0,1.0,90.0,90.0,1
2026-01-01 06:16:10,10.06,9.8,0.1,0.1,6.0,0.0,0.0,0.0,0.0,0.0,19.89,23.6,36.63,26.9,-128.7,-0.3,0.0,0.0,0.0,1.0,0.0,0.0,1.0,1.0,90.0,90.0,1
2026-01-01 06:16:11,10.05,9.81,0.1,0.1,6.6,0.0,0.0,0.0,0.0,0.0,19.89,23.6,36.63,26.9,-128.7,-0.3,0.0,0.0,0.0,1.0,0.0,0.0,1.0,1.0,90.0,90.0,1
2026-01-01 06:16:12,10.05,9.83,0.1,0.1,6.1,0.0,0.0,0.0,0.0,0.0,19.89,23.6,36.63,26.9,-128.7,-0.4,0.0,0.0,0.0,1.0,0.0,0.0,1.0,1.0,90.0,90.0,1
2026-01-01 06:16:13,10.05,9.8,0.1,0.1,6.7,0.0,0.0,0.0,0.0,0.0,19.89,23.6,36.63,26.9,-128.7,-0.3,0.0,0.0,0.0,1.0,0.0,0.0,1.0,1.0,90.0,90.0,1
2026-01-01 06:16:14,10.06,9.81,0.1,0.1,6.0,0.0,0.0,0.0,0.0,0.0,19.89,23.6,36.63,26.9,-128.7,-0.4,0.0,0.0,0.0,1.0,0.0,0.0,1.0,1.0,90.0,90.0,1
2026-01-01 06:16:15,10.07,9.82,0.1,0.1,6.8,0.0,0.0,0.0,0.0,0.0,19.89,23.6,36.72,26.9,-128.7,-0.4,0.0,0.0,0.0,1.0,0.0,0.0,1.0,1.0,90.0,90.0,1
2026-01-01 06:16:16,10.06,9.81,0.1,0.1,6.2,0.0,0.0,0.0,0.0,0.0,19.89,23.6,36.72,26.9,-128.7,-0.4,0.0,0.0,0.0,1.0,0.0,0.0,1.0,1.0,90.0,90.0,1
2026-01-01 06:16:17,10.07,9.83,0.1,0.1,6.5,0.0,0.0,0.0,0.0,0.0,19.89,23.6,36.72,26.9,-128.7,-0.4,0.0,0.0,0.0,1.0,0.0,0.0,1.0,1.0,90.0,90.0,1
2026-01-01 06:16:18,10.05,9.8,0.1,0.1,6.4,0.0,0.0,0.0,0.0,0.0,19.89,23.6,36.72,26.9,-128.7,-0.3,0.0,0.0,0.0,1.0,0.0,0.0,1.0,1.0,90.0,90.0,1
2026-01-01 06:16:19,10.05,9.83,0.1,0.1,7.3,0.0,0.0,0.0,0.0,0.0,19.89,23.6,36.72,26.9,-128.7,-0.4,0.0,0.0,0.0,1.0,0.0,0.0,1.0,1.0,90.0,90.0,1
2026-01-01 06:16:20,10.05,9.82,0.1,0.1,6.2,0.0,0.0,0.0,0.0,0.0,19.89,23.6,36.72,26.9,-128.7,-0.3,0.0,0.0,0.0,1.0,0.0,0.0,1.0,1.0,90.0,90.0,1
2026-01-01 06:16:21,10.05,9.81,0.1,0.1,6.4,0.0,0.0,0.0,0.0,0.0,19.89,23.6,36.72,26.9,-128.7,-0.4,0.0,0.0,0.0,1.0,0.0,0.0,1.0,1.0,90.0,90.0,1
2026-01-01 06:16:22,10.07,9.83,0.1,0.1,6.4,0.0,0.0,0.0,0.0,0.0,19.89,23.6,36.72,26.9,-128.7,-0.4,0.0,0.0,0.0,1.0,0.0,0.0,1.0,1.0,90.0,90.0,1
2026-01-01 06:16:23,10.07,9.81,0.1,0.1,6.3,0.0,0.0,0.0,0.0,0.0,19.89,23.6,36.72,26.9,-128.7,-0.3,0.0,0.0,0.0,1.0,0.0,0.0,1.0,1.0,90.0,90.0,1
2026-01-01 06:16:24,10.06,9.82,0.1,0.1,6.7,0.0,0.0,0.0,0.0,0.0,19.89,23.6,36.72,26.9,-128.7,-0.4,0.0,0.0,0.0,1.0,0.0,0.0,1.0,1.0,90.0,90.0,1
2026-01-01 06:16:25,10.06,9.81,0.1,0.1,6.3,0.0,0.0,0.0,0.0,0.0,19.89,23.6,36.72,26.9,-128.7,-0.3,0.0,0.0,0.0,1.0,0.0,0.0,1.0,1.0,90.0,90.0,1
2026-01-01 06:16:26,10.05,9.8,0.1,0.1,6.9,0.0,0.0,0.0,0.0,0.0,19.89,23.6,36.72,26.9,-128.7,-0.3,0.0,0.0,0.0,1.0,0.0,0.0,1.0,1.0,90.0,90.0,1
2026-01-01 06:16:27,10.05,9.82,0.1,0.1,6.5,0.0,0.0,0.0,0.0,0.0,19.89,23.6,36.72,26.9,-128.7,-0.3,0.0,0.0,0.0,1.0,0.0,0.0,1.0,1.0,90.0,90.0,1
2026-01-01 06:16:28,10.06,9.81,0.1,0.1,6.5,0.0,0.0,0.0,0.0,0.0,19.89,23.6,36.72,26.9,-128.7,-0.3,0.0,0.0,0.0,1.0,0.0,0.0,1.0,1.0,90.0,90.0,1
2026-01-01 06:16:29,10.06,9.82,0.1,0.1,6.3,0.0,0.0,0.0,0.0,0.0,19.89,23.6,36.72,26.9,-128.7,-0.4,0.0,0.0,0.0,1.0,0.0,0.0,1.0,1.0,90.0,90.0,1
2026-01-01 06:16:30,10.07,9.82,0.1,0.1,6.8,0.0,0.0,0.0,0.0,0.0,19.89,23.6,36.72,26.9,-128.7,-0.4,0.0,0.0,0.0,1.0,0.0,0.0,1.0,1.0,90.0,90.0,1
2026-01-01 06:16:31,10.06,9.8,0.1,0.1,7.0,0.0,0.0,0.0,0.0,0.0,19.89,23.6,36.72,26.9,-128.7,-0.3,0.0,0.0,0.0,1.0,0.0,0.0,1.0,1.0,90.0,90.0,1
2026-01-01 06:16:32,10.06,9.83,0.1,0.1,6.5,0.0,0.0,0.0,0.0,0.0,19.89,23.6,36.72,26.9,-128.7,-0.4,0.0,0.0,0.0,1.0,0.0,0.0,1.0,1.0,90.0,90.0,1
2026-01-01 06:16:33,10.06,9.8,0.1,0.1,6.5,0.0,0.0,0.0,0.0,0.0,19.89,23.6,36.72,26.9,-128.7,-0.3,0.0,0.0,0.0,1.0,0.0,0.0,1.0,1.0,90.0,90.0,1
2026-01-01 06:16:34,10.06,9.82,0.1,0.1,6.8,0.0,0.0,0.0,0.0,0.0,19.89,23.6,36.72,26.9,-128.7,-0.4,0.0,0.0,0.0,1.0,0.0,0.0,1.0,1.0,90.0,90.0,1
2026-01-01 06:16:35,10.06,9.82,0.1,0.1,5.8,0.0,0.0,0.0,0.0,0.0,19.89,23.6,36.72,26.9,-128.7,-0.3,0.0,0.0,0.0,1.0,0.0,0.0,1.0,1.0,90.0,90.0,1
2026-01-01 06:16:36,10.06,9.81,0.1,0.1,6.6,0.0,0.0,0.0,0.0,0.0,19.89,23.6,36.72,26.9,-128.7,-0.3,0.0,0.0,0.0,1.0,0.0,0.0,1.0,1.0,90.0,90.0,1
2026-01-01 06:16:37,10.07,9.83,0.1,0.1,6.1,0.0,0.0,0.0,0.0,0.0,19.89,23.6,36.63,26.9,-128.7,-0.4,0.0,0.0,0.0,1.0,0.0,0.0,1.0,1.0,90.0,90.0,1
2026-01-01 06:16:38,10.07,9.8,0.1,0.1,6.7,0.0,0.0,0.0,0.0,0.0,19.89,23.6,36.63,26.9,-128.7,-0.3,0.0,0.0,0.0,1.0,0.0,0.0,1.0,1.0,90.0,90.0,1
2026-01-01 06:16:39,10.06,9.82,0.1,0.1,6.3,0.0,0.0,0.0,0.0,0.0,19.89,23.6,36.63,26.9,-128.7,-0.4,0.0,0.0,0.0,1.0,0.0,0.0,1.0,1.0,90.0,90.0,1
2026-01-01 06:16:40,10.06,9.81,0.1,0.1,6.9,0.0,0.0,0.0,0.0,0.0,19.89,23.6,36.63,26.9,-128.7,-0.3,0.0,0.0,0.0,1.0,0.0,0.0,1.0,1.0,90.0,90.0,1
2026-01-01 06:16:41,10.06,9.8,0.1,0.1,6.3,0.0,0.0,0.0,0.0,0.0,19.89,23.6,36.63,26.9,-128.7,-0.4,0.0,0.0,0.0,1.0,0.0,0.0,1.0,1.0,90.0,90.0,1
2026-01-01 06:16:42,10.06,9.82,0.1,0.1,6.6,0.0,0.0,0.0,0.0,0.0,19.89,23.6,36.63,26.9,-128.7,-0.4,0.0,0.0,0.0,1.0,0.0,0.0,1.0,1.0,90.0,90.0,1
2026-01-01 06:16:43,10.07,9.81,0.1,0.1,6.1,0.0,0.0,0.0,0.0,0.0,19.89,23.6,36.72,26.9,-128.7,-0.3,0.0,0.0,0.0,1.0,0.0,0.0,1.0,1.0,90.0,90.0,1
2026-01-01 06:16:44,10.07,9.82,0.1,0.1,6.5,0.0,0.0,0.0,0.0,0.0,19.89,23.6,36.72,26.9,-128.7,-0.4,0.0,0.0,0.0,1.0,0.0,0.0,1.0,1.0,90.0,90.0,1
2026-01-01 06:16:45,10.07,9.82,0.1,0.1,7.2,0.0,0.0,0.0,0.0,0.0,19.89,23.6,36.72,26.9,-128.7,-0.3,0.0,0.0,0.0,1.0,0.0,0.0,1.0,1.0,90.0,90.0,1
2026-01-01 06:16:46,10.07,9.8,0.1,0.1,6.6,0.0,0.0,0.0,0.0,0.0,19.89,23.6,36.72,26.9,-128.7,-0.3,0.0,0.0,0.0,1.0,0.0,0.0,1.0,1.0,90.0,90.0,1
2026-01-01 06:16:47,10.06,9.82,0.1,0.1,6.8,0.0,0.0,0.0,0.0,0.0,19.89,23.6,36.72,26.9,-128.7,-0.3,0.0,0.0,0.0,1.0,0.0,0.0,1.0,1.0,90.0,90.0,1
2026-01-01 06:16:48,10.06,9.8,0.1,0.1,6.3,0.0,0.0,0.0,0.0,0.0,19.89,23.6,36.72,26.9,-128.7,-0.3,0.0,0.0,0.0,1.0,0.0,0.0,1.0,1.0,90.0,90.0,1
2026-01-01 06:16:49,10.06,9.83,0.1,0.1,6.4,0.0,0.0,0.0,0.0,0.0,19.89,23.6,36.72,26.9,-128.7,-0.4,0.0,0.0,0.0,1.0,0.0,0.0,1.0,1.0,90.0,90.0,1
2026-01-01 06:16:50,10.06,9.82,0.1,0.1,6.2,0.0,0.0,0.0,0.0,0.0,19.89,23.6,36.72,26.8,-128.7,-0.4,0.0,0.0,0.0,1.0,0.0,0.0,1.0,1.0,90.0,90.0,1
2026-01-01 06:16:51,10.07,9.81,0.1,0.1,6.5,0.0,0.0,0.0,0.0,0.0,19.89,23.6,36.72,26.8,-128.7,-0.5,0.0,0.0,0.0,1.0,0.0,0.0,1.0,1.0,90.0,90.0,1
2026-01-01 06:16:52,10.07,9.83,0.1,0.1,6.6,0.0,0.0,0.0,0.0,0.0,19.89,23.6,36.81,26.8,-128.7,-0.4,0.0,0.0,0.0,1.0,0.0,0.0,1.0,1.0,90.0,90.0,1
2026-01-01 06:16:53,10.07,9.81,0.1,0.1,6.3,0.0,0.0,0.0,0.0,0.0,19.89,23.6,36.81,26.8,-128.7,-0.5,0.0,0.0,0.0,1.0,0.0,0.0,1.0,1.0,90.0,90.0,1
2026-01-01 06:16:54,10.07,9.82,0.1,0.1,6.4,0.0,0.0,0.0,0.0,0.0,19.89,23.6,36.81,26.8,-128.7,-0.5,0.0,0.0,0.0,1.0,0.0,0.0,1.0,1.0,90.0,90.0,1
2026-01-01 06:16:55,10.06,9.81,0.1,0.1,6.4,0.0,0.0,0.0,0.0,0.0,19.89,23.6,36.81,26.8,-128.7,-0.4,0.0,0.0,0.0,1.0,0.0,0.0,1.0,1.0,90.0,90.0,1
2026-01-01 06:16:56,10.06,9.81,0.1,0.1,6.8,0.0,0.0,0.0,0.0,0.0,19.89,23.6,36.81,26.8,-128.7,-0.5,0.0,0.0,0.0,1.0,0.0,0.0,1.0,1.0,90.0,90.0,1
2026-01-01 06:16:57,10.06,9.82,0.1,0.1,6.2,0.0,0.0,0.0,0.0,0.0,19.89,23.6,36.81,26.8,-128.7,-0.5,0.0,0.0,0.0,1.0,0.0,0.0,1.0,1.0,90.0,90.0,1
2026-01-01 06:16:58,10.07,9.82,0.1,0.1,6.4,0.0,0.0,0.0,0.0,0.0,19.89,23.6,36.81,26.8,-128.7,-0.5,0.0,0.0,0.0,1.0,0.0,0.0,1.0,1.0,90.0,90.0,1
2026-01-01 06:16:59,10.07,9.82,0.1,0.1,6.5,0.0,0.0,0.0,0.0,0.0,19.89,23.6,36.81,26.8,-128.7,-0.5,0.0,0.0,0.0,1.0,0.0,0.0,1.0,1.0,90.0,90.0,1
2026-01-01 06:17:00,10.07,9.81,0.1,0.1,6.4,0.0,0.0,0.0,0.0,0.0,19.89,23.6,36.81,26.8,-128.7,-0.4,0.0,0.0,0.0,1.0,0.0,0.0,1.0,1.0,90.0,90.0,1
2026-01-01 06:17:01,10.06,9.82,0.1,0.1,7.0,0.0,0.0,0.0,0.0,0.0,19.89,23.6,36.81,26.8,-128.7,-0.5,0.0,0.0,0.0,1.0,0.0,0.0,1.0,1.0,90.0,90.0,1
2026-01-01 06:17:02,10.06,9.83,0.1,0.1,6.2,0.0,0.0,0.0,0.0,0.0,19.89,23.6,36.81,26.8,-128.7,-0.5,0.0,0.0,0.0,1.0,0.0,0.0,1.0,1.0,90.0,90.0,1
2026-01-01 06:17:03,10.06,9.81,0.1,0.1,6.7,0.0,0.0,0.0,0.0,0.0,19.89,23.6,36.9,26.8,-128.7,-0.4,0.0,0.0,0.0,1.0,0.0,0.0,1.0,1.0,90.0,90.0,1
2026-01-01 06:17:04,10.07,9.83,0.1,0.1,6.1,0.0,0.0,0.0,0.0,0.0,19.89,23.6,36.9,26.8,-128.7,-0.5,0.0,0.0,0.0,1.0,0.0,0.0,1.0,1.0,90.0,90.0,1
2026-01-01 06:17:05,10.07,9.83,0.1,0.1,6.5,0.0,0.0,0.0,0.0,0.0,19.89,23.6,36.9,26.8,-128.7,-0.4,0.0,0.0,0.0,1.0,0.0,0.0,1.0,1.0,90.0,90.0,1
2026-01-01 06:17:06,10.07,9.81,0.1,0.1,5.6,0.0,0.0,0.0,0.0,0.0,19.89,23.6,36.9,26.8,-128.7,-0.5,0.0,0.0,0.0,1.0,0.0,0.0,1.0,1.0,90.0,90.0,1
2026-01-01 06:17:07,10.06,9.83,0.1,0.1,6.8,0.0,0.0,0.0,0.0,0.0,19.89,23.6,36.9,26.8,-128.7,-0.5,0.0,0.0,0.0,1.0,0.0,0.0,1.0,1.0,90.0,90.0,1
2026-01-01 06:17:08,10.06,9.81,0.1,0.1,6.3,0.0,0.0,0.0,0.0,0.0,19.89,23.6,36.9,26.8,-128.7,-0.5,0.0,0.0,0.0,1.0,0.0,0.0,1.0,1.0,90.0,90.0,1
2026-01-01 06:17:09,10.07,9.83,0.1,0.1,7.3,0.0,0.0,0.0,0.0,0.0,19.89,23.6,36.9,26.8,-128.7,-0.5,0.0,0.0,0.0,1.0,0.0,0.0,1.0,1.0,90.0,90.0,1
2026-01-01 06:17:10,10.06,9.83,0.1,0.1,6.3,0.0,0.0,0.0,0.0,0.0,19.89,23.6,36.9,26.8,-128.7,-0.5,0.0,0.0,0.0,1.0,0.0,0.0,1.0,1.0,90.0,90.0,1
2026-01-01 06:17:11,10.08,9.83,0.1,0.1,6.6,0.0,0.0,0.0,0.0,0.0,19.89,23.6,36.99,26.8,-128.7,-0.5,0.0,0.0,0.0,1.0,0.0,0.0,1.0,1.0,90.0,90.0,1
2026-01-01 06:17:12,10.08,9.83,0.1,0.1,5.9,0.0,0.0,0.0,0.0,0.0,19.89,23.6,36.99,26.8,-128.7,-0.5,0.0,0.0,0.0,1.0,0.0,0.0,1.0,1.0,90.0,90.0,1
2026-01-01 06:17:13,10.08,9.83,0.1,0.1,6.9,0.0,0.0,0.0,0.0,0.0,19.89,23.6,36.99,26.8,-128.7,-0.5,0.0,0.0,0.0,1.0,0.0,0.0,1.0,1.0,90.0,90.0,1
2026-01-01 06:17:14,10.07,9.82,0.1,0.1,6.1,0.0,0.0,0.0,0.0,0.0,19.89,23.6,36.99,26.8,-128.7,-0.5,0.0,0.0,0.0,1.0,0.0,0.0,1.0,1.0,90.0,90.0,1
2026-01-01 06:17:15,10.06,9.83,0.1,0.1,6.8,0.0,0.0,0.0,0.0,0.0,19.89,23.6,36.99,26.8,-128.7,-0.5,0.0,0.0,0.0,1.0,0.0,0.0,1.0,1.0,90.0,90.0,1
2026-01-01 06:17:16,10.06,9.81,0.1,0.1,6.5,0.0,0.0,0.0,0.0,0.0,19.89,23.6,36.99,26.8,-128.7,-0.5,0.0,0.0,0.0,1.0,0.0,0.0,1.0,1.0,90.0,90.0,1
2026-01-01 06:17:17,10.06,9.83,0.1,0.1,7.1,0.0,0.0,0.0,0.0,0.0,19.89,23.6,36.99,26.8,-128.7,-0.5,0.0,0.0,0.0,1.0,0.0,0.0,1.0,1.0,90.0,90.0,1
2026-01-01 06:17:18,10.06,9.81,0.1,0.1,6.4,0.0,0.0,0.0,0.0,0.0,19.89,23.6,36.99,26.8,-128.7,-0.5,0.0,0.0,0.0,1.0,0.0,0.0,1.0,1.0,90.0,90.0,1
2026-01-01 06:17:19,10.07,9.82,0.1,0.1,6.7,0.0,0.0,0.0,0.0,0.0,19.89,23.6,36.99,26.8,-128.7,-0.5,0.0,0.0,0.0,1.0,0.0,0.0,1.0,1.0,90.0,90.0,1
2026-01-01 06:17:20,10.07,9.83,0.1,0.1,6.2,0.0,0.0,0.0,0.0,0.0,19.89,23.6,36.99,26.8,-128.7,-0.5,0.0,0.0,0.0,1.0,0.0,0.0,1.0,1.0,90.0,90.0,1
2026-01-01 06:17:21,10.07,9.82,0.1,0.1,6.7,0.0,0.0,0.0,0.0,0.0,19.89,23.6,36.99,26.8,-128.7,-0.5,0.0,0.0,0.0,1.0,0.0,0.0,1.0,1.0,90.0,90.0,1
2026-01-01 06:17:22,10.07,9.83,0.1,0.1,6.4,0.0,0.0,0.0,0.0,0.0,19.89,23.6,36.99,26.8,-128.7,-0.5,0.0,0.0,0.0,1.0,0.0,0.0,1.0,1.0,90.0,90.0,1
2026-01-01 06:17:23,10.06,9.83,0.1,0.1,6.9,0.0,0.0,0.0,0.0,0.0,19.89,23.6,36.99,26.8,-128.7,-0.5,0.0,0.0,0.0,1.0,0.0,0.0,1.0,1.0,90.0,90.0,1
2026-01-01 06:17:24,10.07,9.83,0.1,0.1,6.5,0.0,0.0,0.0,0.0,0.0,19.89,23.6,36.99,26.8,-128.7,-0.5,0.0,0.0,0.0,1.0,0.0,0.0,1.0,1.0,90.0,90.0,1
2026-01-01 06:17:25,10.07,9.83,0.1,0.1,6.4,0.0,0.0,0.0,0.0,0.0,19.89,23.6,36.99,26.8,-128.7,-0.5,0.0,0.0,0.0,1.0,0.0,0.0,1.0,1.0,90.0,90.0,1
2026-01-01 06:17:26,10.07,9.82,0.1,0.1,6.2,0.0,0.0,0.0,0.0,0.0,19.89,23.6,36.99,26.8,-128.7,-0.5,0.0,0.0,0.0,1.0,0.0,0.0,1.0,1.0,90.0,90.0,1
2026-01-01 06:17:27,10.07,9.83,0.1,0.1,6.6,0.0,0.0,0.0,0.0,0.0,19.89,23.6,36.99,26.8,-128.7,-0.6,0.0,0.0,0.0,1.0,0.0,0.0,1.0,1.0,90.0,90.0,1
2026-01-01 06:17:28,10.07,9.83,0.1,0.1,6.4,0.0,0.0,0.0,0.0,0.0,19.89,23.6,36.99,26.8,-128.7,-0.5,0.0,0.0,0.0,1.0,0.0,0.0,1.0,1.0,90.0,90.0,1
2026-01-01 06:17:29,10.07,9.82,0.1,0.1,6.8,0.0,0.0,0.0,0.0,0.0,19.89,23.6,36.99,26.8,-128.7,-0.5,0.0,0.0,0.0,1.0,0.0,0.0,1.0,1.0,90.0,90.0,1
2026-01-01 06:17:30,10.07,9.84,0.1,0.1,6.2,0.0,0.0,0.0,0.0,0.0,19.89,23.6,36.99,26.8,-128.7,-0.5,0.0,0.0,0.0,1.0,0.0,0.0,1.0,1.0,90.0,90.0,1
2026-01-01 06:17:31,10.07,9.83,0.1,0.1,6.8,0.0,0.0,0.0,0.0,0.0,19.89,23.6,36.99,26.8,-128.7,-0.5,0.0,0.0,0.0,1.0,0.0,0.0,1.0,1.0,90.0,90.0,1
2026-01-01 06:17:32,10.08,9.83,0.1,0.1,6.3,0.0,0.0,0.0,0.0,0.0,19.89,23.6,36.99,26.8,-128.7,-0.5,0.0,0.0,0.0,1.0,0.0,0.0,1.0,1.0,90.0,90.0,1
2026-01-01 06:17:33,10.08,9.83,0.1,0.1,6.8,0.0,0.0,0.0,0.0,0.0,19.89,23.6,36.99,26.8,-128.7,-0.5,0.0,0.0,0.0,1.0,0.0,0.0,1.0,1.0,90.0,90.0,1
2026-01-01 06:17:34,10.07,9.82,0.1,0.1,6.2,0.0,0.0,0.0,0.0,0.0,19.89,23.6,36.99,26.8,-128.7,-0.5,0.0,0.0,0.0,1.0,0.0,0.0,1.0,1.0,90.0,90.0,1
2026-01-01 06:17:35,10.06,9.84,0.1,0.1,6.7,0.0,0.0,0.0,0.0,0.0,19.89,23.6,36.99,26.8,-128.7,-0.6,0.0,0.0,0.0,1.0,0.0,0.0,1.0,1.0,90.0,90.0,1
2026-01-01 06:17:36,10.06,9.83,0.1,0.1,5.7,0.0,0.0,0.0,0.0,0.0,19.89,23.6,36.99,26.8,-128.7,-0.5,0.0,0.0,0.0,1.0,0.0,0.0,1.0,1.0,90.0,90.0,1
2026-01-01 06:17:37,10.07,9.83,0.1,0.1,6.9,0.0,0.0,0.0,0.0,0.0,19.89,23.6,36.99,26.8,-128.7,-0.5,0.0,0.0,0.0,1.0,0.0,0.0,1.0,1.0,90.0,90.0,1
2026-01-01 06:17:38,10.08,9.84,0.1,0.1,6.3,0.0,0.0,0.0,0.0,0.0,19.89,23.6,36.99,26.8,-128.7,-0.5,0.0,0.0,0.0,1.0,0.0,0.0,1.0,1.0,90.0,90.0,1
2026-01-01 06:17:39,10.1,9.83,0.1,0.1,6.8,0.0,0.0,0.0,0.0,0.0,19.89,23.6,37.08,26.8,-128.7,-0.5,0.0,0.0,0.0,1.0,0.0,0.0,1.0,1.0,90.0,90.0,1
2026-01-01 06:17:40,10.08,9.84,0.1,0.1,5.8,0.0,0.0,0.0,0.0,0.0,19.89,23.6,37.08,26.8,-128.7,-0.5,0.0,0.0,0.0,1.0,0.0,0.0,1.0,1.0,90.0,90.0,1
2026-01-01 06:17:41,10.07,9.83,0.1,0.1,6.5,0.0,0.0,0.0,0.0,0.0,19.89,23.6,37.08,26.8,-128.7,-0.5,0.0,0.0,0.0,1.0,0.0,0.0,1.0,1.0,90.0,90.0,1
2026-01-01 06:17:42,10.07,9.83,0.1,0.1,6.4,0.0,0.0,0.0,0.0,0.0,19.89,23.6,37.08,26.8,-128.7,-0.5,0.0,0.0,0.0,1.0,0.0,0.0,1.0,1.0,90.0,90.0,1
2026-01-01 06:17:43,10.07,9.84,0.1,0.1,5.9,0.0,0.0,0.0,0.0,0.0,19.89,23.6,37.08,26.8,-128.7,-0.6,0.0,0.0,0.0,1.0,0.0,0.0,1.0,1.0,90.0,90.0,1
2026-01-01 06:17:44,10.08,9.83,0.1,0.1,6.7,0.0,0.0,0.0,0.0,0.0,19.89,23.6,37.08,26.8,-128.7,-0.5,0.0,0.0,0.0,1.0,0.0,0.0,1.0,1.0,90.0,90.0,1
2026-01-01 06:17:45,10.08,9.83,0.1,0.1,6.1,0.0,0.0,0.0,0.0,0.0,19.89,23.6,37.08,26.8,-128.7,-0.6,0.0,0.0,0.0,1.0,0.0,0.0,1.0,1.0,90.0,90.0,1
2026-01-01 06:17:46,10.07,9.83,0.1,0.1,6.6,0.0,0.0,0.0,0.0,0.0,19.89,23.6,37.08,26.8,-128.7,-0.5,0.0,0.0,0.0,1.0,0.0,0.0,1.0,1.0,90.0,90.0,1
2026-01-01 06:17:47,10.07,9.82,0.1,0.1,6.3,0.0,0.0,0.0,0.0,0.0,19.89,23.6,37.08,26.8,-128.7,-0.6,0.0,0.0,0.0,1.0,0.0,0.0,1.0,1.0,90.0,90.0,1
2026-01-01 06:17:48,10.07,9.84,0.1,0.1,6.6,0.0,0.0,0.0,0.0,0.0,19.89,23.6,37.08,26.8,-128.7,-0.6,0.0,0.0,0.0,1.0,0.0,0.0,1.0,1.0,90.0,90.0,1
2026-01-01 06:17:49,10.07,9.83,0.1,0.1,6.4,0.0,0.0,0.0,0.0,0.0,19.89,23.6,37.08,26.8,-128.7,-0.5,0.0,0.0,0.0,1.0,0.0,0.0,1.0,1.0,90.0,90.0,1
2026-01-01 06:17:50,10.07,9.83,0.1,0.1,6.9,0.0,0.0,0.0,0.0,0.0,19.89,23.6,37.08,26.8,-128.7,-0.5,0.0,0.0,0.0,1.0,0.0,0.0,1.0,1.0,90.0,90.0,1
2026-01-01 06:17:51,10.07,9.83,0.1,0.1,6.5,0.0,0.0,0.0,0.0,0.0,19.89,23.6,37.08,26.7,-128.7,-0.7,0.0,0.0,0.0,1.0,0.0,0.0,1.0,1.0,90.0,90.0,1
2026-01-01 06:17:52,10.07,9.83,0.1,0.1,6.7,0.0,0.0,0.0,0.0,0.0,19.89,23.6,37.08,26.7,-128.7,-0.6,0.0,0.0,0.0,1.0,0.0,0.0,1.0,1.0,90.0,90.0,1
2026-01-01 06:17:53,10.07,9.83,0.1,0.1,6.6,0.0,0.0,0.0,0.0,0.0,19.89,23.6,37.08,26.7,-128.7,-0.6,0.0,0.0,0.0,1.0,0.0,0.0,1.0,1.0,90.0,90.0,1
2026-01-01 06:17:54,10.06,9.83,0.1,0.1,6.9,0.0,0.0,0.0,0.0,0.0,19.89,23.6,37.08,26.7,-128.7,-0.6,0.0,0.0,0.0,1.0,0.0,0.0,1.0,1.0,90.0,90.0,1
2026-01-01 06:17:55,10.07,9.83,0.1,0.1,6.7,0.0,0.0,0.0,0.0,0.0,19.89,23.6,37.08,26.7,-128.7,-0.7,0.0,0.0,0.0,1.0,0.0,0.0,1.0,1.0,90.0,90.0,1
2026-01-01 06:17:56,10.08,9.85,0.1,0.1,6.7,0.0,0.0,0.0,0.0,0.0,19.89,23.6,37.08,26.7,-128.7,-0.7,0.0,0.0,0.0,1.0,0.0,0.0,1.0,1.0,90.0,90.0,1
2026-01-01 06:17:57,10.1,9.83,0.1,0.1,6.9,0.0,0.0,0.0,0.0,0.0,19.89,23.6,37.08,26.7,-128.7,-0.6,0.0,0.0,0.0,1.0,0.0,0.0,1.0,1.0,90.0,90.0,1
2026-01-01 06:17:58,10.1,9.83,0.1,0.1,5.7,0.0,0.0,0.0,0.0,0.0,19.89,23.6,37.08,26.7,-128.7,-0.7,0.0,0.0,0.0,1.0,0.0,0.0,1.0,1.0,90.0,90.0,1
2026-01-01 06:17:59,10.08,9.85,0.1,0.1,6.5,0.0,0.0,0.0,0.0,0.0,19.89,23.6,37.08,26.7,-128.7,-0.6,0.0,0.0,0.0,1.0,0.0,0.0,1.0,1.0,90.0,90.0,1
2026-01-01 06:18:00,10.07,9.83,0.1,0.1,6.7,0.0,0.0,0.0,0.0,0.0,19.89,23.6,37.08,26.7,-128.7,-0.6,0.0,0.0,0.0,1.0,0.0,0.0,1.0,1.0,90.0,90.0,1
2026-01-01 06:18:01,10.07,9.84,0.1,0.1,6.4,0.0,0.0,0.0,0.0,0.0,19.89,23.6,37.08,26.7,-128.7,-0.6,0.0,0.0,0.0,1.0,0.0,0.0,1.0,1.0,90.0,90.0,1
2026-01-01 06:18:02,10.07,9.83,0.1,0.1,6.2,0.0,0.0,0.0,0.0,0.0,19.89,23.6,37.08,26.7,-128.7,-0.6,0.0,0.0,0.0,1.0,0.0,0.0,1.0,1.0,90.0,90.0,1
2026-01-01 06:18:03,10.07,9.84,0.1,0.1,6.8,0.0,0.0,0.0,0.0,0.0,19.89,23.6,37.08,26.7,-128.7,-0.7,0.0,0.0,0.0,1.0,0.0,0.0,1.0,1.0,90.0,90.0,1
2026-01-01 06:18:04,10.08,9.84,0.1,0.1,6.3,0.0,0.0,0.0,0.0,0.0,19.89,23.6,37.08,26.7,-128.7,-0.6,0.0,0.0,0.0,1.0,0.0,0.0,1.0,1.0,90.0,90.0,1
2026-01-01 06:18:05,10.1,9.84,0.1,0.1,7.1,0.0,0.0,0.0,0.0,0.0,19.89,23.6,37.08,26.7,-128.7,-0.6,0.0,0.0,0.0,1.0,0.0,0.0,1.0,1.0,90.0,90.0,1
2026-01-01 06:18:06,10.08,9.85,0.1,0.1,6.6,0.0,0.0,0.0,0.0,0.0,19.89,23.6,37.08,26.7,-128.7,-0.7,0.0,0.0,0.0,1.0,0.0,0.0,1.0,1.0,90.0,90.0,1
2026-01-01 06:18:07,10.07,9.83,0.1,0.1,6.8,0.0,0.0,0.0,0.0,0.0,19.89,23.6,37.08,26.7,-128.7,-0.6,0.0,0.0,0.0,1.0,0.0,0.0,1.0,1.0,90.0,90.0,1
2026-01-01 06:18:08,10.07,9.84,0.1,0.1,6.5,0.0,0.0,0.0,0.0,0.0,19.89,23.6,37.08,26.7,-128.7,-0.7,0.0,0.0,0.0,1.0,0.0,0.0,1.0,1.0,90.0,90.0,1
2026-01-01 06:18:09,10.07,9.84,0.1,0.1,6.6,0.0,0.0,0.0,0.0,0.0,19.89,23.6,37.17,26.7,-128.7,-0.6,0.0,0.0,0.0,1.0,0.0,0.0,1.0,1.0,90.0,90.0,1
2026-01-01 06:18:10,10.07,9.83,0.1,0.1,6.8,0.0,0.0,0.0,0.0,0.0,19.89,23.6,37.17,26.7,-128.7,-0.7,0.0,0.0,0.0,1.0,0.0,0.0,1.0,1.0,90.0,90.0,1
2026-01-01 06:18:11,10.08,9.84,0.1,0.1,6.6,0.0,0.0,0.0,0.0,0.0,19.89,23.6,37.17,26.7,-128.7,-0.7,0.0,0.0,0.0,1.0,0.0,0.0,1.0,1.0,90.0,90.0,1
2026-01-01 06:18:12,10.08,9.83,0.1,0.1,6.8,0.0,0.0,0.0,0.0,0.0,19.89,23.6,37.17,26.7,-128.7,-0.6,0.0,0.0,0.0,1.0,0.0,0.0,1.0,1.0,90.0,90.0,1
2026-01-01 06:18:13,10.08,9.84,0.1,0.1,6.3,0.0,0.0,0.0,0.0,0.0,19.89,23.6,37.17,26.7,-128.7,-0.7,0.0,0.0,0.0,1.0,0.0,0.0,1.0,1.0,90.0,90.0,1
2026-01-01 06:18:14,10.08,9.83,0.1,0.1,6.9,0.0,0.0,0.0,0.0,0.0,19.89,23.6,37.17,26.7,-128.7,-0.6,0.0,0.0,0.0,1.0,0.0,0.0,1.0,1.0,90.0,90.0,1
2026-01-01 06:18:15,10.07,9.83,0.1,0.1,6.6,0.0,0.0,0.0,0.0,0.0,19.89,23.6,37.17,26.7,-128.7,-0.6,0.0,0.0,0.0,1.0,0.0,0.0,1.0,1.0,90.0,90.0,1
2026-01-01 06:18:16,10.07,9.84,0.1,0.1,7.0,0.0,0.0,0.0,0.0,0.0,19.89,23.6,37.17,26.7,-128.7,-0.6,0.0,0.0,0.0,1.0,0.0,0.0,1.0,1.0,90.0,90.0,1
2026-01-01 06:18:17,10.07,9.84,0.1,0.1,6.6,0.0,0.0,0.0,0.0,0.0,19.89,23.6,37.17,26.7,-128.7,-0.6,0.0,0.0,0.0,1.0,0.0,0.0,1.0,1.0,90.0,90.0,1
2026-01-01 06:18:18,10.07,9.83,0.1,0.1,6.4,0.0,0.0,0.0,0.0,0.0,19.89,23.6,37.17,26.7,-128.7,-0.7,0.0,0.0,0.0,1.0,0.0,0.0,1.0,1.0,90.0,90.0,1
2026-01-01 06:18:19,10.1,9.85,0.1,0.1,6.6,0.0,0.0,0.0,0.0,0.0,19.89,23.6,37.17,26.7,-128.7,-0.7,0.0,0.0,0.0,1.0,0.0,0.0,1.0,1.0,90.0,90.0,1
2026-01-01 06:18:20,10.1,9.83,0.1,0.1,6.4,0.0,0.0,0.0,0.0,0.0,19.89,23.6,37.17,26.7,-128.7,-0.7,0.0,0.0,0.0,1.0,0.0,0.0,1.0,1.0,90.0,90.0,1
2026-01-01 06:18:21,10.08,9.84,0.1,0.1,6.6,0.0,0.0,0.0,0.0,0.0,19.89,23.6,37.17,26.7,-128.7,-0.7,0.0,0.0,0.0,1.0,0.0,0.0,1.0,1.0,90.0,90.0,1
2026-01-01 06:18:22,10.08,9.83,0.1,0.1,6.6,0.0,0.0,0.0,0.0,0.0,19.89,23.6,37.17,26.7,-128.7,-0.6,0.0,0.0,0.0,1.0,0.0,0.0,1.0,1.0,90.0,90.0,1
2026-01-01 06:18:23,10.07,9.84,0.1,0.1,6.4,0.0,0.0,0.0,0.0,0.0,19.89,23.6,37.17,26.7,-128.7,-0.7,0.0,0.0,0.0,1.0,0.0,0.0,1.0,1.0,90.0,90.0,1
2026-01-01 06:18:24,10.07,9.84,0.1,0.1,6.3,0.0,0.0,0.0,0.0,0.0,19.89,23.6,37.17,26.7,-128.7,-0.6,0.0,0.0,0.0,1.0,0.0,0.0,1.0,1.0,90.0,90.0,1
2026-01-01 06:18:25,10.07,9.83,0.1,0.1,6.3,0.0,0.0,0.0,0.0,0.0,19.89,23.6,37.17,26.7,-128.7,-0.7,0.0,0.0,0.0,1.0,0.0,0.0,1.0,1.0,90.0,90.0,1
2026-01-01 06:18:26,10.1,9.85,0.1,0.1,6.7,0.0,0.0,0.0,0.0,0.0,19.89,23.6,37.17,26.7,-128.7,-0.7,0.0,0.0,0.0,1.0,0.0,0.0,1.0,1.0,90.0,90.0,1
2026-01-01 06:18:27,10.1,9.83,0.1,0.1,6.3,0.0,0.0,0.0,0.0,0.0,19.89,23.6,37.26,26.7,-128.7,-0.6,0.0,0.0,0.0,1.0,0.0,0.0,1.0,1.0,90.0,90.0,1
2026-01-01 06:18:28,10.1,9.85,0.1,0.1,7.0,0.0,0.0,0.0,0.0,0.0,19.89,23.6,37.26,26.7,-128.7,-0.7,0.0,0.0,0.0,1.0,0.0,0.0,1.0,1.0,90.0,90.0,1
2026-01-01 06:18:29,10.08,9.83,0.1,0.1,6.3,0.0,0.0,0.0,0.0,0.0,19.89,23.6,37.26,26.7,-128.7,-0.6,0.0,0.0,0.0,1.0,0.0,0.0,1.0,1.0,90.0,90.0,1
2026-01-01 06:18:30,10.07,9.83,0.1,0.1,7.4,0.0,0.0,0.0,0.0,0.0,19.89,23.6,37.26,26.7,-128.7,-0.7,0.0,0.0,0.0,1.0,0.0,0.0,1.0,1.0,90.0,90.0,1
2026-01-01 06:18:31,10.07,9.85,0.1,0.1,6.3,0.0,0.0,0.0,0.0,0.0,19.89,23.6,37.26,26.7,-128.7,-0.7,0.0,0.0,0.0,1.0,0.0,0.0,1.0,1.0,90.0,90.0,1
2026-01-01 06:18:32,10.07,9.83,0.1,0.1,7.0,0.0,0.0,0.0,0.0,0.0,19.99,23.6,37.26,26.7,-128.7,-0.6,0.0,0.0,0.0,1.0,0.0,0.0,1.0,1.0,90.0,90.0,1
2026-01-01 06:18:33,10.07,9.85,0.1,0.1,6.4,0.0,0.0,0.0,0.0,0.0,19.99,23.6,37.26,26.7,-128.7,-0.7,0.0,0.0,0.0,1.0,0.0,0.0,1.0,1.0,90.0,90.0,1
2026-01-01 06:18:34,10.1,9.83,0.1,0.1,6.8,0.0,0.0,0.0,0.0,0.0,19.99,23.6,37.26,26.7,-128.7,-0.6,0.0,0.0,0.0,1.0,0.0,0.0,1.0,1.0,90.0,90.0,1
2026-01-01 06:18:35,10.1,9.85,0.1,0.1,6.6,0.0,0.0,0.0,0.0,0.0,19.99,23.6,37.26,26.7,-128.7,-0.7,0.0,0.0,0.0,1.0,0.0,0.0,1.0,1.0,90.0,90.0,1
2026-01-01 06:18:36,10.1,9.86,0.1,0.1,6.8,0.0,0.0,0.0,0.0,0.0,19.99,23.6,37.26,26.7,-128.7,-0.7,0.0,0.0,0.0,1.0,0.0,0.0,1.0,1.0,90.0,90.0,1
2026-01-01 06:18:37,10.1,9.84,0.1,0.1,6.9,0.0,0.0,0.0,0.0,0.0,19.99,23.6,37.26,26.7,-128.7,-0.7,0.0,0.0,0.0,1.0,0.0,0.0,1.0,1.0,90.0,90.0,1
2026-01-01 06:18:38,10.07,9.86,0.1,0.1,6.9,0.0,0.0,0.0,0.0,0.0,19.99,23.6,37.26,26.7,-128.7,-0.7,0.0,0.0,0.0,1.0,0.0,0.0,1.0,1.0,90.0,90.0,1
2026-01-01 06:18:39,10.07,9.84,0.1,0.1,6.7,0.0,0.0,0.0,0.0,0.0,19.99,23.6,37.26,26.7,-128.7,-0.7,0.0,0.0,0.0,1.0,0.0,0.0,1.0,1.0,90.0,90.0,1
2026-01-01 06:18:40,10.08,9.86,0.1,0.1,6.7,0.0,0.0,0.0,0.0,0.0,19.99,23.6,37.26,26.7,-128.7,-0.7,0.0,0.0,0.0,1.0,0.0,0.0,1.0,1.0,90.0,90.0,1
2026-01-01 06:18:41,10.08,9.84,0.1,0.1,6.9,0.0,0.0,0.0,0.0,0.0,19.99,23.6,37.26,26.7,-128.7,-0.7,0.0,0.0,0.0,1.0,0.0,0.0,1.0,1.0,90.0,90.0,1
2026-01-01 06:18:42,10.1,9.86,0.1,0.1,6.7,0.0,0.0,0.0,0.0,0.0,19.99,23.6,37.26,26.7,-128.7,-0.7,0.0,0.0,0.0,1.0,0.0,0.0,1.0,1.0,90.0,90.0,1
2026-01-01 06:18:43,10.1,9.84,0.1,0.1,7.3,0.0,0.0,0.0,0.0,0.0,19.99,23.6,37.26,26.7,-128.7,-0.7,0.0,0.0,0.0,1.0,0.0,0.0,1.0,1.0,90.0,90.0,1
2026-01-01 06:18:44,10.08,9.85,0.1,0.1,6.5,0.0,0.0,0.0,0.0,0.0,19.99,23.6,37.26,26.7,-128.7,-0.7,0.0,0.0,0.0,1.0,0.0,0.0,1.0,1.0,90.0,90.0,1
2026-01-01 06:18:45,10.1,9.86,0.1,0.1,7.3,0.0,0.0,0.0,0.0,0.0,19.99,23.6,37.26,26.7,-128.7,-0.7,0.0,0.0,0.0,1.0,0.0,0.0,1.0,1.0,90.0,90.0,1
2026-01-01 06:18:46,10.1,9.85,0.1,0.1,6.5,0.0,0.0,0.0,0.0,0.0,19.99,23.6,37.35,26.7,-128.7,-0.7,0.0,0.0,0.0,1.0,0.0,0.0,1.0,1.0,90.0,90.0,1
2026-01-01 06:18:47,10.1,9.87,0.1,0.1,6.8,0.0,0.0,0.0,0.0,0.0,19.99,23.6,37.35,26.7,-128.7,-0.7,0.0,0.0,0.0,1.0,0.0,0.0,1.0,1.0,90.0,90.0,1
2026-01-01 06:18:48,10.1,9.84,0.1,0.1,6.5,0.0,0.0,0.0,0.0,0.0,19.99,23.6,37.35,26.7,-128.7,-0.7,0.0,0.0,0.0,1.0,0.0,0.0,1.0,1.0,90.0,90.0,1
2026-01-01 06:18:49,10.08,9.86,0.1,0.1,6.5,0.0,0.0,0.0,0.0,0.0,19.99,23.6,37.35,26.7,-128.7,-0.7,0.0,0.0,0.0,1.0,0.0,0.0,1.0,1.0,90.0,90.0,1
2026-01-01 06:18:50,10.07,9.84,0.1,0.1,6.0,0.0,0.0,0.0,0.0,0.0,19.99,23.6,37.35,26.7,-128.7,-0.7,0.0,0.0,0.0,1.0,0.0,0.0,1.0,1.0,90.0,90.0,1
2026-01-01 06:18:51,10.08,9.87,0.1,0.1,6.6,0.0,0.0,0.0,0.0,0.0,19.99,23.6,37.35,26.7,-128.7,-0.8,0.0,0.0,0.0,1.0,0.0,0.0,1.0,1.0,90.0,90.0,1
2026-01-01 06:18:52,10.07,9.84,0.1,0.1,6.3,0.0,0.0,0.0,0.0,0.0,19.99,23.6,37.35,26.7,-128.7,-0.7,0.0,0.0,0.0,1.0,0.0,0.0,1.0,1.0,90.0,90.0,1
2026-01-01 06:18:53,10.08,9.86,0.1,0.1,7.0,0.0,0.0,0.0,0.0,0.0,19.99,23.6,37.35,26.7,-128.7,-0.8,0.0,0.0,0.0,1.0,0.0,0.0,1.0,1.0,90.0,90.0,1
2026-01-01 06:18:54,10.08,9.85,0.1,0.1,6.4,0.0,0.0,0.0,0.0,0.0,19.99,23.6,37.35,26.7,-128.7,-0.7,0.0,0.0,0.0,1.0,0.0,0.0,1.0,1.0,90.0,90.0,1
2026-01-01 06:18:55,10.08,9.85,0.1,0.1,6.8,0.0,0.0,0.0,0.0,0.0,19.99,23.6,37.35,26.7,-128.7,-0.8,0.0,0.0,0.0,1.0,0.0,0.0,1.0,1.0,90.0,90.0,1
2026-01-01 06:18:56,10.08,9.85,0.1,0.1,6.5,0.0,0.0,0.0,0.0,0.0,19.99,23.6,37.35,26.7,-128.7,-0.7,0.0,0.0,0.0,1.0,0.0,0.0,1.0,1.0,90.0,90.0,1
2026-01-01 06:18:57,10.1,9.85,0.1,0.1,6.5,0.0,0.0,0.0,0.0,0.0,19.99,23.6,37.35,26.7,-128.7,-0.7,0.0,0.0,0.0,1.0,0.0,0.0,1.0,1.0,90.0,90.0,1
2026-01-01 06:18:58,10.1,9.85,0.1,0.1,6.2,0.0,0.0,0.0,0.0,0.0,19.99,23.6,37.35,26.7,-128.7,-0.7,0.0,0.0,0.0,1.0,0.0,0.0,1.0,1.0,90.0,90.0,1
2026-01-01 06:18:59,10.1,9.85,0.1,0.1,7.1,0.0,0.0,0.0,0.0,0.0,19.99,23.6,37.26,26.7,-128.7,-0.7,0.0,0.0,0.0,1.0,0.0,0.0,1.0,1.0,90.0,90.0,1
2026-01-01 06:19:00,10.1,9.85,0.1,0.1,6.2,0.0,0.0,0.0,0.0,0.0,19.99,23.6,37.26,26.7,-128.7,-0.7,0.0,0.0,0.0,1.0,0.0,0.0,1.0,1.0,90.0,90.0,1
2026-01-01 06:19:01,10.1,9.84,0.1,0.1,6.5,0.0,0.0,0.0,0.0,0.0,19.99,23.6,37.26,26.7,-128.7,-0.7,0.0,0.0,0.0,1.0,0.0,0.0,1.0,1.0,90.0,90.0,1
2026-01-01 06:19:02,10.1,9.86,0.1,0.1,6.3,0.0,0.0,0.0,0.0,0.0,19.99,23.6,37.26,26.7,-128.7,-0.7,0.0,0.0,0.0,1.0,0.0,0.0,1.0,1.0,90.0,90.0,1
2026-01-01 06:19:03,10.1,9.85,0.1,0.1,6.6,0.0,0.0,0.0,0.0,0.0,19.99,23.6,37.26,26.7,-128.7,-0.7,0.0,0.0,0.0,1.0,0.0,0.0,1.0,1.0,90.0,90.0,1
2026-01-01 06:19:04,10.1,9.87,0.1,0.1,6.3,0.0,0.0,0.0,0.0,0.0,19.99,23.6,37.26,26.7,-128.7,-0.7,0.0,0.0,0.0,1.0,0.0,0.0,1.0,1.0,90.0,90.0,1
2026-01-01 06:19:05,10.08,9.85,0.1,0.1,6.4,0.0,0.0,0.0,0.0,0.0,19.99,23.6,37.26,26.7,-128.7,-0.7,0.0,0.0,0.0,1.0,0.0,0.0,1.0,1.0,90.0,90.0,1
2026-01-01 06:19:06,10.08,9.86,0.1,0.1,6.3,0.0,0.0,0.0,0.0,0.0,19.99,23.6,37.26,26.7,-128.7,-0.7,0.0,0.0,0.0,1.0,0.0,0.0,1.0,1.0,90.0,90.0,1
2026-01-01 06:19:07,10.08,9.85,0.1,0.1,6.8,0.0,0.0,0.0,0.0,0.0,19.99,23.6,37.26,26.7,-128.7,-0.7,0.0,0.0,0.0,1.0,0.0,0.0,1.0,1.0,90.0,90.0,1
2026-01-01 06:19:08,10.07,9.87,0.1,0.1,6.3,0.0,0.0,0.0,0.0,0.0,19.99,23.6,37.26,26.6,-128.7,-0.9,0.0,0.0,0.0,1.0,0.0,0.0,1.0,1.0,90.0,90.0,1
2026-01-01 06:19:09,10.08,9.85,0.1,0.1,6.7,0.0,0.0,0.0,0.0,0.0,19.99,23.6,37.26,26.6,-128.7,-0.8,0.0,0.0,0.0,1.0,0.0,0.0,1.0,1.0,90.0,90.0,1
2026-01-01 06:19:10,10.1,9.86,0.1,0.1,6.9,0.0,0.0,0.0,0.0,0.0,19.99,23.6,37.26,26.6,-128.7,-0.8,0.0,0.0,0.0,1.0,0.0,0.0,1.0,1.0,90.0,90.0,1
2026-01-01 06:19:11,10.1,9.85,0.1,0.1,6.9,0.0,0.0,0.0,0.0,0.0,19.99,23.6,37.26,26.6,-128.7,-0.8,0.0,0.0,0.0,1.0,0.0,0.0,1.0,1.0,90.0,90.0,1
2026-01-01 06:19:12,10.1,9.86,0.1,0.1,6.1,0.0,0.0,0.0,0.0,0.0,19.99,23.6,37.26,26.6,-128.7,-0.9,0.0,0.0,0.0,1.0,0.0,0.0,1.0,1.0,90.0,90.0,1
2026-01-01 06:19:13,10.11,9.85,0.1,0.1,6.9,0.0,0.0,0.0,0.0,0.0,19.99,23.6,37.26,26.6,-128.7,-0.8,0.0,0.0,0.0,1.0,0.0,0.0,1.0,1.0,90.0,90.0,1
2026-01-01 06:19:14,10.1,9.85,0.1,0.1,6.2,0.0,0.0,0.0,0.0,0.0,19.99,23.6,37.26,26.6,-128.7,-0.8,0.0,0.0,0.0,1.0,0.0,0.0,1.0,1.0,90.0,90.0,1
2026-01-01 06:19:15,10.1,9.86,0.1,0.1,6.2,0.0,0.0,0.0,0.0,0.0,19.99,23.6,37.26,26.6,-128.7,-0.8,0.0,0.0,0.0,1.0,0.0,0.0,1.0,1.0,90.0,90.0,1
2026-01-01 06:19:16,10.1,9.86,0.1,0.1,6.7,0.0,0.0,0.0,0.0,0.0,19.99,23.6,37.26,26.6,-128.7,-0.8,0.0,0.0,0.0,1.0,0.0,0.0,1.0,1.0,90.0,90.0,1
2026-01-01 06:19:17,10.08,9.86,0.1,0.1,6.8,0.0,0.0,0.0,0.0,0.0,19.99,23.6,37.26,26.6,-128.7,-0.8,0.0,0.0,0.0,1.0,0.0,0.0,1.0,1.0,90.0,90.0,1
2026-01-01 06:19:18,10.08,9.85,0.1,0.1,6.7,0.0,0.0,0.0,0.0,0.0,19.99,23.6,37.26,26.6,-128.7,-0.8,0.0,0.0,0.0,1.0,0.0,0.0,1.0,1.0,90.0,90.0,1
2026-01-01 06:19:19,10.07,9.87,0.1,0.1,6.7,0.0,0.0,0.0,0.0,0.0,19.99,23.6,37.26,26.6,-128.7,-0.8,0.0,0.0,0.0,1.0,0.0,0.0,1.0,1.0,90.0,90.0,1
2026-01-01 06:19:20,10.08,9.85,0.1,0.1,6.6,0.0,0.0,0.0,0.0,0.0,19.99,23.6,37.26,26.6,-128.7,-0.8,0.0,0.0,0.0,1.0,0.0,0.0,1.0,1.0,90.0,90.0,1
2026-01-01 06:19:21,10.08,9.87,0.1,0.1,7.0,0.0,0.0,0.0,0.0,0.0,19.99,23.6,37.26,26.6,-128.7,-0.9,0.0,0.0,0.0,1.0,0.0,0.0,1.0,1.0,90.0,90.0,1
2026-01-01 06:19:22,10.08,9.85,0.1,0.1,6.6,0.0,0.0,0.0,0.0,0.0,19.99,23.6,37.26,26.6,-128.7,-0.8,0.0,0.0,0.0,1.0,0.0,0.0,1.0,1.0,90.0,90.0,1
2026-01-01 06:19:23,10.1,9.86,0.1,0.1,6.3,0.0,0.0,0.0,0.0,0.0,19.99,23.6,37.26,26.6,-128.7,-0.9,0.0,0.0,0.0,1.0,0.0,0.0,1.0,1.0,90.0,90.0,1
2026-01-01 06:19:24,10.1,9.84,0.1,0.1,6.7,0.0,0.0,0.0,0.0,0.0,19.99,23.6,37.26,26.6,-128.7,-0.8,0.0,0.0,0.0,1.0,0.0,0.0,1.0,1.0,90.0,90.0,1
2026-01-01 06:19:25,10.1,9.86,0.1,0.1,6.3,0.0,0.0,0.0,0.0,0.0,19.99,23.6,37.26,26.6,-128.7,-0.9,0.0,0.0,0.0,1.0,0.0,0.0,1.0,1.0,90.0,90.0,1
2026-01-01 06:19:26,10.1,9.86,0.1,0.1,6.7,0.0,0.0,0.0,0.0,0.0,19.99,23.6,37.26,26.6,-128.7,-0.8,0.0,0.0,0.0,1.0,0.0,0.0,1.0,1.0,90.0,90.0,1
2026-01-01 06:19:27,10.1,9.85,0.1,0.1,6.5,0.0,0.0,0.0,0.0,0.0,19.99,23.6,37.26,26.6,-128.7,-0.8,0.0,0.0,0.0,1.0,0.0,0.0,1.0,1.0,90.0,90.0,1
2026-01-01 06:19:28,10.1,9.86,0.1,0.1,6.7,0.0,0.0,0.0,0.0,0.0,19.99,23.6,37.26,26.6,-128.7,-0.8,0.0,0.0,0.0,1.0,0.0,0.0,1.0,1.0,90.0,90.0,1
2026-01-01 06:19:29,10.1,9.85,0.1,0.1,6.3,0.0,0.0,0.0,0.0,0.0,19.99,23.6,37.26,26.6,-128.7,-0.8,0.0,0.0,0.0,1.0,0.0,0.0,1.0,1.0,90.0,90.0,1
2026-01-01 06:19:30,10.1,9.87,0.1,0.1,6.7,0.0,0.0,0.0,0.0,0.0,19.99,23.6,37.26,26.6,-128.7,-0.9,0.0,0.0,0.0,1.0,0.0,0.0,1.0,1.0,90.0,90.0,1
2026-01-01 06:19:31,10.08,9.86,0.1,0.1,6.3,0.0,0.0,0.0,0.0,0.0,19.99,23.6,37.26,26.6,-128.7,-0.8,0.0,0.0,0.0,1.0,0.0,0.0,1.0,1.0,90.0,90.0,1
2026-01-01 06:19:32,10.08,9.86,0.1,0.1,6.4,0.0,0.0,0.0,0.0,0.0,19.99,23.6,37.26,26.6,-128.7,-0.9,0.0,0.0,0.0,1.0,0.0,0.0,1.0,1.0,90.0,90.0,1
2026-01-01 06:19:33,10.1,9.87,0.1,0.1,6.3,0.0,0.0,0.0,0.0,0.0,19.99,23.6,37.35,26.6,-128.7,-0.8,0.0,0.0,0.0,1.0,0.0,0.0,1.0,1.0,90.0,90.0,1
2026-01-01 06:19:34,10.1,9.84,0.1,0.1,5.5,0.0,0.0,0.0,0.0,0.0,19.99,23.6,37.35,26.6,-128.7,-0.8,0.0,0.0,0.0,1.0,0.0,0.0,1.0,1.0,90.0,90.0,1
2026-01-01 06:19:35,10.1,9.87,0.1,0.1,6.4,0.0,0.0,0.0,0.0,0.0,19.99,23.6,37.35,26.6,-128.7,-0.9,0.0,0.0,0.0,1.0,0.0,0.0,1.0,1.0,90.0,90.0,1
2026-01-01 06:19:36,10.1,9.85,0.1,0.1,7.0,0.0,0.0,0.0,0.0,0.0,19.99,23.6,37.35,26.6,-128.7,-0.8,0.0,0.0,0.0,1.0,0.0,0.0,1.0,1.0,90.0,90.0,1
2026-01-01 06:19:37,10.1,9.86,0.1,0.1,6.2,0.0,0.0,0.0,0.0,0.0,19.99,23.6,37.35,26.6,-128.7,-0.8,0.0,0.0,0.0,1.0,0.0,0.0,1.0,1.0,90.0,90.0,1
2026-01-01 06:19:38,10.08,9.86,0.1,0.1,6.8,0.0,0.0,0.0,0.0,0.0,19.99,23.6,37.44,26.6,-128.7,-0.8,0.0,0.0,0.0,1.0,0.0,0.0,1.0,1.0,90.0,90.0,1
2026-01-01 06:19:39,10.1,9.85,0.1,0.1,6.1,0.0,0.0,0.0,0.0,0.0,19.99,23.6,37.44,26.6,-128.7,-0.8,0.0,0.0,0.0,1.0,0.0,0.0,1.0,1.0,90.0,90.0,1
2026-01-01 06:19:40,10.1,9.87,0.1,0.1,6.4,0.0,0.0,0.0,0.0,0.0,19.99,23.6,37.44,26.6,-128.7,-0.9,0.0,0.0,0.0,1.0,0.0,0.0,1.0,1.0,90.0,90.0,1
2026-01-01 06:19:41,10.1,9.86,0.1,0.1,6.4,0.0,0.0,0.0,0.0,0.0,19.99,23.6,37.44,26.6,-128.7,-0.8,0.0,0.0,0.0,1.0,0.0,0.0,1.0,1.0,90.0,90.0,1
2026-01-01 06:19:42,10.1,9.87,0.1,0.1,6.3,0.0,0.0,0.0,0.0,0.0,19.99,23.6,37.44,26.6,-128.7,-0.9,0.0,0.0,0.0,1.0,0.0,0.0,1.0,1.0,90.0,90.0,1
2026-01-01 06:19:43,10.1,9.87,0.1,0.1,5.7,0.0,0.0,0.0,0.0,0.0,19.99,23.6,37.44,26.6,-128.7,-0.9,0.0,0.0,0.0,1.0,0.0,0.0,1.0,1.0,90.0,90.0,1
2026-01-01 06:19:44,10.1,9.86,0.1,0.1,6.8,0.0,0.0,0.0,0.0,0.0,19.99,23.6,37.44,26.6,-128.7,-0.8,0.0,0.0,0.0,1.0,0.0,0.0,1.0,1.0,90.0,90.0,1
2026-01-01 06:19:45,10.1,9.87,0.1,0.1,6.2,0.0,0.0,0.0,0.0,0.0,19.99,23.6,37.44,26.6,-128.7,-0.9,0.0,0.0,0.0,1.0,0.0,0.0,1.0,1.0,90.0,90.0,1
2026-01-01 06:19:46,10.1,9.85,0.1,0.1,6.4,0.0,0.0,0.0,0.0,0.0,19.99,23.6,37.44,26.6,-128.7,-0.8,0.0,0.0,0.0,1.0,0.0,0.0,1.0,1.0,90.0,90.0,1
2026-01-01 06:19:47,10.1,9.86,0.1,0.1,6.4,0.0,0.0,0.0,0.0,0.0,19.99,23.6,37.44,26.6,-128.7,-0.9,0.0,0.0,0.0,1.0,0.0,0.0,1.0,1.0,90.0,90.0,1
2026-01-01 06:19:48,10.1,9.86,0.1,0.1,6.4,0.0,0.0,0.0,0.0,0.0,19.99,23.6,37.44,26.6,-128.7,-0.8,0.0,0.0,0.0,1.0,0.0,0.0,1.0,1.0,90.0,90.0,1
2026-01-01 06:19:49,10.11,9.85,0.1,0.1,6.6,0.0,0.0,0.0,0.0,0.0,19.99,23.6,37.53,26.6,-128.7,-0.8,0.0,0.0,0.0,1.0,0.0,0.0,1.0,1.0,90.0,90.0,1
2026-01-01 06:19:50,10.1,9.87,0.1,0.1,6.4,0.0,0.0,0.0,0.0,0.0,19.99,23.6,37.53,26.6,-128.7,-0.8,0.0,0.0,0.0,1.0,0.0,0.0,1.0,1.0,90.0,90.0,1
2026-01-01 06:19:51,10.11,9.85,0.1,0.1,6.7,0.0,0.0,0.0,0.0,0.0,19.99,23.6,37.53,26.6,-128.7,-0.8,0.0,0.0,0.0,1.0,0.0,0.0,1.0,1.0,90.0,90.0,1
2026-01-01 06:19:52,10.1,9.87,0.1,0.1,6.5,0.0,0.0,0.0,0.0,0.0,19.99,23.6,37.53,26.6,-128.7,-0.9,0.0,0.0,0.0,1.0,0.0,0.0,1.0,1.0,90.0,90.0,1
2026-01-01 06:19:53,10.1,9.86,0.1,0.1,6.9,0.0,0.0,0.0,0.0,0.0,19.99,23.6,37.53,26.6,-128.7,-0.8,0.0,0.0,0.0,1.0,0.0,0.0,1.0,1.0,90.0,90.0,1
2026-01-01 06:19:54,10.08,9.87,0.1,0.1,5.6,0.0,0.0,0.0,0.0,0.0,19.99,23.6,37.53,26.6,-128.7,-0.9,0.0,0.0,0.0,1.0,0.0,0.0,1.0,1.0,90.0,90.0,1
2026-01-01 06:19:55,10.1,9.87,0.1,0.1,6.5,0.0,0.0,0.0,0.0,0.0,19.99,23.6,37.53,26.6,-128.7,-0.8,0.0,0.0,0.0,1.0,0.0,0.0,1.0,1.0,90.0,90.0,1
2026-01-01 06:19:56,10.1,9.86,0.1,0.1,6.2,0.0,0.0,0.0,0.0,0.0,19.99,23.6,37.53,26.6,-128.7,-0.9,0.0,0.0,0.0,1.0,0.0,0.0,1.0,1.0,90.0,90.0,1
2026-01-01 06:19:57,10.11,9.87,0.1,0.1,6.9,0.0,0.0,0.0,0.0,0.0,19.99,23.6,37.62,26.6,-128.7,-0.9,0.0,0.0,0.0,1.0,0.0,0.0,1.0,1.0,90.0,90.0,1
2026-01-01 06:19:58,10.11,9.85,0.1,0.1,6.1,0.0,0.0,0.0,0.0,0.0,19.99,23.6,37.62,26.6,-128.7,-0.9,0.0,0.0,0.0,1.0,0.0,0.0,1.0,1.0,90.0,90.0,1
2026-01-01 06:19:59,10.11,9.87,0.1,0.1,6.9,0.0,0.0,0.0,0.0,0.0,19.99,23.6,37.62,26.6,-128.7,-0.9,0.0,0.0,0.0,1.0,0.0,0.0,1.0,1.0,90.0,90.0,1
2026-01-01 06:20:00,10.08,9.87,0.1,0.1,5.8,0.0,0.0,0.0,0.0,0.0,19.58,23.6,33.44,26.6,-128.7,-0.8,0.0,0.0,0.0,1.0,0.0,0.0,1.0,1.0,90.0,90.0,1
