datetime,hp_comp_1,lp_comp_1,comp_current_1,cond_current_1,fan_current_1,hp_comp_2,lp_comp_2,comp_current_2,cond_current_2,fan_current_2,return_air_temp,outdoor_temp,heater_temp,lp_plate_temp_1,lp_plate_temp_2,superheat_1,superheat_2,comp_start_1,cond_fan_start_1,fan_start_1,comp_start_2,cond_fan_start_2,fan_start_2,heater_start,EF1speed,EF2speed,label
2025-04-11 10:29:00,21.03,5.3,2.7,0.7,6.7,0.0,0.0,0.0,0.0,0.0,28.0,33.4,20.1,29.1,-128.7,21.3,0.0,1.0,1.0,1.0,0.0,0.0,1.0,0.0,90.0,90.0,0
2025-04-11 10:29:01,21.03,5.3,2.8,0.7,6.4,0.0,0.0,0.0,0.0,0.0,28.0,33.4,20.1,29.1,-128.7,21.3,0.0,1.0,1.0,1.0,0.0,0.0,1.0,0.0,90.0,90.0,0
2025-04-11 10:29:02,21.01,5.3,2.8,0.7,7.0,0.0,0.0,0.0,0.0,0.0,28.0,33.4,20.1,29.1,-128.7,21.3,0.0,1.0,1.0,1.0,0.0,0.0,1.0,0.0,90.0,90.0,0
2025-04-11 10:29:03,21.01,5.3,2.8,0.7,7.3,0.0,0.0,0.0,0.0,0.0,28.0,33.4,20.0,29.1,-128.7,21.3,0.0,1.0,1.0,1.0,0.0,0.0,1.0,0.0,90.0,90.0,0
2025-04-11 10:29:04,21.01,5.3,2.8,0.7,6.599999,0.0,0.0,0.0,0.0,0.0,28.0,33.4,20.0,29.1,-128.7,21.3,0.0,1.0,1.0,1.0,0.0,0.0,1.0,0.0,90.0,90.0,0
2025-04-11 10:29:05,21.02,5.309999,2.8,0.7,6.8,0.0,0.0,0.0,0.0,0.0,28.0,33.4,20.0,29.1,-128.7,21.3,0.0,1.0,1.0,1.0,0.0,0.0,1.0,0.0,90.0,90.0,0
2025-04-11 10:29:06,21.02,5.3,2.8,0.7,6.8,0.0,0.0,0.0,0.0,0.0,28.0,33.4,20.0,29.1,-128.7,21.3,0.0,1.0,1.0,1.0,0.0,0.0,1.0,0.0,90.0,90.0,0
2025-04-11 10:29:07,21.01,5.32,2.7,0.7,6.2,0.0,0.0,0.0,0.0,0.0,28.0,33.4,20.0,29.1,-128.7,21.2,0.0,1.0,1.0,1.0,0.0,0.0,1.0,0.0,90.0,90.0,0
2025-04-11 10:29:08,21.01,5.3,2.8,0.7,7.099999,0.0,0.0,0.0,0.0,0.0,28.0,33.4,19.9,29.1,-128.7,21.3,0.0,1.0,1.0,1.0,0.0,0.0,1.0,0.0,90.0,90.0,0
2025-04-11 10:29:09,21.03,5.3,2.8,0.7,6.8,0.0,0.0,0.0,0.0,0.0,28.0,33.4,19.9,29.1,-128.7,21.3,0.0,1.0,1.0,1.0,0.0,0.0,1.0,0.0,90.0,90.0,0
2025-04-11 10:29:10,21.03,5.3,2.7,0.7,6.7,0.0,0.0,0.0,0.0,0.0,28.0,33.4,19.9,29.1,-128.7,21.3,0.0,1.0,1.0,1.0,0.0,0.0,1.0,0.0,90.0,90.0,0
2025-04-11 10:29:11,21.05,5.3,2.8,0.7,6.7,0.0,0.0,0.0,0.0,0.0,28.0,33.4,19.9,29.1,-128.7,21.3,0.0,1.0,1.0,1.0,0.0,0.0,1.0,0.0,90.0,90.0,0
2025-04-11 10:29:12,21.05,5.3,2.8,0.7,7.0,0.0,0.0,0.0,0.0,0.0,28.0,33.4,19.9,29.1,-128.7,21.3,0.0,1.0,1.0,1.0,0.0,0.0,1.0,0.0,90.0,90.0,0
2025-04-11 10:29:13,21.02,5.3,2.8,0.7,7.5,0.0,0.0,0.0,0.0,0.0,28.0,33.4,19.9,29.1,-128.7,21.3,0.0,1.0,1.0,1.0,0.0,0.0,1.0,0.0,90.0,90.0,0
2025-04-11 10:29:14,21.03,5.3,2.8,0.7,7.099999,0.0,0.0,0.0,0.0,0.0,28.0,33.4,19.9,29.1,-128.7,21.3,0.0,1.0,1.0,1.0,0.0,0.0,1.0,0.0,90.0,90.0,0
2025-04-11 10:29:15,21.02,5.32,2.7,0.7,7.2,0.0,0.0,0.0,0.0,0.0,28.0,33.4,19.9,29.1,-128.7,21.3,0.0,1.0,1.0,1.0,0.0,0.0,1.0,0.0,90.0,90.0,0
2025-04-11 10:29:16,21.02,5.3,2.8,0.7,7.4,0.0,0.0,0.0,0.0,0.0,28.0,33.4,19.8,29.1,-128.7,21.3,0.0,1.0,1.0,1.0,0.0,0.0,1.0,0.0,90.0,90.0,0
2025-04-11 10:29:17,21.02,5.32,2.7,0.7,7.3,0.0,0.0,0.0,0.0,0.0,28.0,33.4,19.8,29.1,-128.7,21.3,0.0,1.0,1.0,1.0,0.0,0.0,1.0,0.0,90.0,90.0,0
2025-04-11 10:29:18,21.01,5.3,2.8,0.7,7.099999,0.0,0.0,0.0,0.0,0.0,28.0,33.4,19.8,29.1,-128.7,21.3,0.0,1.0,1.0,1.0,0.0,0.0,1.0,0.0,90.0,90.0,0
2025-04-11 10:29:19,21.02,5.309999,2.8,0.7,7.0,0.0,0.0,0.0,0.0,0.0,28.0,33.4,19.8,29.1,-128.7,21.3,0.0,1.0,1.0,1.0,0.0,0.0,1.0,0.0,90.0,90.0,0
2025-04-11 10:29:20,21.01,5.3,2.8,0.7,6.8,0.0,0.0,0.0,0.0,0.0,28.0,33.4,19.8,29.1,-128.7,21.3,0.0,1.0,1.0,1.0,0.0,0.0,1.0,0.0,90.0,90.0,0
2025-04-11 10:29:21,21.03,5.3,2.8,0.7,7.0,0.0,0.0,0.0,0.0,0.0,28.0,33.4,19.8,29.1,-128.7,21.2,0.0,1.0,1.0,1.0,0.0,0.0,1.0,0.0,90.0,90.0,0
2025-04-11 10:29:22,21.05,5.3,2.8,0.7,6.7,0.0,0.0,0.0,0.0,0.0,28.0,33.4,19.8,29.1,-128.7,21.3,0.0,1.0,1.0,1.0,0.0,0.0,1.0,0.0,90.0,90.0,0
2025-04-11 10:29:23,21.02,5.309999,2.8,0.7,6.599999,0.0,0.0,0.0,0.0,0.0,28.0,33.4,19.7,29.1,-128.7,21.2,0.0,1.0,1.0,1.0,0.0,0.0,1.0,0.0,90.0,90.0,0
2025-04-11 10:29:24,21.03,5.3,2.7,0.7,6.8,0.0,0.0,0.0,0.0,0.0,28.0,33.4,19.7,29.1,-128.7,21.3,0.0,1.0,1.0,1.0,0.0,0.0,1.0,0.0,90.0,90.0,0
2025-04-11 10:29:25,21.03,5.3,2.8,0.7,6.9,0.0,0.0,0.0,0.0,0.0,28.0,33.4,19.7,29.1,-128.7,21.3,0.0,1.0,1.0,1.0,0.0,0.0,1.0,0.0,90.0,90.0,0
2025-04-11 10:29:26,21.03,5.309999,2.7,0.7,7.099999,0.0,0.0,0.0,0.0,0.0,28.0,33.4,19.7,29.1,-128.7,21.3,0.0,1.0,1.0,1.0,0.0,0.0,1.0,0.0,90.0,90.0,0
2025-04-11 10:29:27,21.01,5.3,2.8,0.7,7.2,0.0,0.0,0.0,0.0,0.0,28.0,33.4,19.7,29.1,-128.7,21.3,0.0,1.0,1.0,1.0,0.0,0.0,1.0,0.0,90.0,90.0,0
2025-04-11 10:29:28,21.06,5.309999,2.8,0.7,7.599999,0.0,0.0,0.0,0.0,0.0,28.0,33.4,19.7,29.1,-128.7,21.2,0.0,1.0,1.0,1.0,0.0,0.0,1.0,0.0,90.0,90.0,0
2025-04-11 10:29:29,21.03,5.3,2.8,0.7,7.3,0.0,0.0,0.0,0.0,0.0,28.0,33.4,19.6,29.1,-128.7,21.2,0.0,1.0,1.0,1.0,0.0,0.0,1.0,0.0,90.0,90.0,0
2025-04-11 10:29:30,21.06,5.32,2.8,0.7,7.099999,0.0,0.0,0.0,0.0,0.0,28.0,33.4,19.6,29.1,-128.7,21.2,0.0,1.0,1.0,1.0,0.0,0.0,1.0,0.0,90.0,90.0,0
2025-04-11 10:29:31,21.03,5.3,2.8,0.7,7.599999,0.0,0.0,0.0,0.0,0.0,28.0,33.4,19.6,29.1,-128.7,21.3,0.0,1.0,1.0,1.0,0.0,0.0,1.0,0.0,90.0,90.0,0
2025-04-11 10:29:32,21.03,5.32,2.8,0.7,6.9,0.0,0.0,0.0,0.0,0.0,28.0,33.4,19.6,29.1,-128.7,21.2,0.0,1.0,1.0,1.0,0.0,0.0,1.0,0.0,90.0,90.0,0
2025-04-11 10:29:33,21.03,5.309999,2.7,0.7,6.9,0.0,0.0,0.0,0.0,0.0,28.0,33.4,19.6,29.1,-128.7,21.3,0.0,1.0,1.0,1.0,0.0,0.0,1.0,0.0,90.0,90.0,0
2025-04-11 10:29:34,21.05,5.309999,2.8,0.7,6.599999,0.0,0.0,0.0,0.0,0.0,28.0,33.4,19.6,29.0,-128.7,21.1,0.0,1.0,1.0,1.0,0.0,0.0,1.0,0.0,90.0,90.0,0
2025-04-11 10:29:35,21.03,5.33,2.8,0.7,6.8,0.0,0.0,0.0,0.0,0.0,28.0,33.4,19.6,29.0,-128.7,21.1,0.0,1.0,1.0,1.0,0.0,0.0,1.0,0.0,90.0,90.0,0
2025-04-11 10:29:36,21.05,5.309999,2.8,0.7,6.8,0.0,0.0,0.0,0.0,0.0,28.0,33.4,19.6,29.0,-128.7,21.2,0.0,1.0,1.0,1.0,0.0,0.0,1.0,0.0,90.0,90.0,0
2025-04-11 10:29:37,21.05,5.32,2.8,0.7,7.099999,0.0,0.0,0.0,0.0,0.0,28.0,33.4,19.6,29.0,-128.7,21.1,0.0,1.0,1.0,1.0,0.0,0.0,1.0,0.0,90.0,90.0,0
2025-04-11 10:29:38,21.06,5.32,2.8,0.7,7.5,0.0,0.0,0.0,0.0,0.0,28.0,33.4,19.5,29.0,-128.7,21.1,0.0,1.0,1.0,1.0,0.0,0.0,1.0,0.0,90.0,90.0,0
2025-04-11 10:29:39,21.03,5.32,2.7,0.7,7.2,0.0,0.0,0.0,0.0,0.0,28.0,33.4,19.5,29.0,-128.7,21.1,0.0,1.0,1.0,1.0,0.0,0.0,1.0,0.0,90.0,90.0,0
2025-04-11 10:29:40,21.03,5.309999,2.7,0.7,6.9,0.0,0.0,0.0,0.0,0.0,28.0,33.4,19.5,29.0,-128.7,21.2,0.0,1.0,1.0,1.0,0.0,0.0,1.0,0.0,90.0,90.0,0
2025-04-11 10:29:41,21.03,5.32,2.7,0.7,7.4,0.0,0.0,0.0,0.0,0.0,28.0,33.4,19.5,29.0,-128.7,21.0,0.0,1.0,1.0,1.0,0.0,0.0,1.0,0.0,90.0,90.0,0
2025-04-11 10:29:42,21.03,5.309999,2.8,0.7,6.8,0.0,0.0,0.0,0.0,0.0,28.0,33.4,19.5,29.0,-128.7,21.2,0.0,1.0,1.0,1.0,0.0,0.0,1.0,0.0,90.0,90.0,0
2025-04-11 10:29:43,21.03,5.309999,2.7,0.7,7.2,0.0,0.0,0.0,0.0,0.0,28.0,33.4,19.5,29.0,-128.7,21.1,0.0,1.0,1.0,1.0,0.0,0.0,1.0,0.0,90.0,90.0,0
2025-04-11 10:29:44,21.06,5.32,2.8,0.7,7.4,0.0,0.0,0.0,0.0,0.0,28.0,33.4,19.5,29.0,-128.7,21.2,0.0,1.0,1.0,1.0,0.0,0.0,1.0,0.0,90.0,90.0,0
2025-04-11 10:29:45,21.03,5.3,2.8,0.7,7.099999,0.0,0.0,0.0,0.0,0.0,28.0,33.4,19.5,29.0,-128.7,21.2,0.0,1.0,1.0,1.0,0.0,0.0,1.0,0.0,90.0,90.0,0
2025-04-11 10:29:46,21.06,5.33,2.8,0.7,7.2,0.0,0.0,0.0,0.0,0.0,28.0,33.4,19.4,29.0,-128.7,21.1,0.0,1.0,1.0,1.0,0.0,0.0,1.0,0.0,90.0,90.0,0
2025-04-11 10:29:47,21.05,5.3,2.8,0.7,6.9,0.0,0.0,0.0,0.0,0.0,28.0,33.4,19.4,29.0,-128.7,21.2,0.0,1.0,1.0,1.0,0.0,0.0,1.0,0.0,90.0,90.0,0
2025-04-11 10:29:48,21.03,5.32,2.8,0.7,7.099999,0.0,0.0,0.0,0.0,0.0,28.0,33.4,19.4,29.0,-128.7,21.1,0.0,1.0,1.0,1.0,0.0,0.0,1.0,0.0,90.0,90.0,0
2025-04-11 10:29:49,21.05,5.309999,2.8,0.7,7.0,0.0,0.0,0.0,0.0,0.0,28.0,33.4,19.4,29.0,-128.7,21.1,0.0,1.0,1.0,1.0,0.0,0.0,1.0,0.0,90.0,90.0,0
2025-04-11 10:29:50,21.05,5.32,2.8,0.7,7.5,0.0,0.0,0.0,0.0,0.0,28.0,33.4,19.4,29.0,-128.7,21.1,0.0,1.0,1.0,1.0,0.0,0.0,1.0,0.0,90.0,90.0,0
2025-04-11 10:29:51,21.05,5.32,2.8,0.7,6.9,0.0,0.0,0.0,0.0,0.0,28.0,33.4,19.4,29.0,-128.7,21.2,0.0,1.0,1.0,1.0,0.0,0.0,1.0,0.0,90.0,90.0,0
2025-04-11 10:29:52,21.03,5.33,2.8,0.7,7.0,0.0,0.0,0.0,0.0,0.0,28.0,33.4,19.3,29.0,-128.7,21.1,0.0,1.0,1.0,1.0,0.0,0.0,1.0,0.0,90.0,90.0,0
2025-04-11 10:29:53,21.03,5.33,2.8,0.7,7.0,0.0,0.0,0.0,0.0,0.0,28.0,33.4,19.3,29.0,-128.7,21.1,0.0,1.0,1.0,1.0,0.0,0.0,1.0,0.0,90.0,90.0,0
2025-04-11 10:29:54,21.06,5.309999,2.8,0.7,6.7,0.0,0.0,0.0,0.0,0.0,28.0,33.4,19.3,29.0,-128.7,21.1,0.0,1.0,1.0,1.0,0.0,0.0,1.0,0.0,90.0,90.0,0
2025-04-11 10:29:55,21.03,5.32,2.8,0.7,7.2,0.0,0.0,0.0,0.0,0.0,28.0,33.4,19.3,29.0,-128.7,21.1,0.0,1.0,1.0,1.0,0.0,0.0,1.0,0.0,90.0,90.0,0
2025-04-11 10:29:56,21.03,5.309999,2.8,0.7,6.5,0.0,0.0,0.0,0.0,0.0,28.0,33.4,19.3,29.0,-128.7,21.2,0.0,1.0,1.0,1.0,0.0,0.0,1.0,0.0,90.0,90.0,0
2025-04-11 10:29:57,21.03,5.32,2.8,0.7,6.5,0.0,0.0,0.0,0.0,0.0,28.0,33.4,19.3,29.0,-128.7,21.1,0.0,1.0,1.0,1.0,0.0,0.0,1.0,0.0,90.0,90.0,0
2025-04-11 10:29:58,21.06,5.3,2.8,0.7,6.5,0.0,0.0,0.0,0.0,0.0,28.0,33.4,19.3,29.0,-128.7,21.2,0.0,1.0,1.0,1.0,0.0,0.0,1.0,0.0,90.0,90.0,0
2025-04-11 10:29:59,21.05,5.3,2.8,0.7,7.099999,0.0,0.0,0.0,0.0,0.0,28.0,33.4,19.3,29.0,-128.7,21.2,0.0,1.0,1.0,1.0,0.0,0.0,1.0,0.0,90.0,90.0,0
2025-04-11 10:30:00,21.05,5.3,2.8,0.7,7.099999,0.0,0.0,0.0,0.0,0.0,28.0,33.4,19.3,29.0,-128.7,21.2,0.0,1.0,1.0,1.0,0.0,0.0,1.0,0.0,90.0,90.0,0
2025-04-11 10:30:01,21.02,5.3,2.8,0.7,7.0,0.0,0.0,0.0,0.0,0.0,28.0,33.4,19.3,29.0,-128.7,21.2,0.0,1.0,1.0,1.0,0.0,0.0,1.0,0.0,90.0,90.0,0
2025-04-11 10:30:02,21.03,5.32,2.8,0.7,7.4,0.0,0.0,0.0,0.0,0.0,28.0,33.4,19.2,29.0,-128.7,21.2,0.0,1.0,1.0,1.0,0.0,0.0,1.0,0.0,90.0,90.0,0
2025-04-11 10:30:03,21.03,5.32,2.8,0.7,7.099999,0.0,0.0,0.0,0.0,0.0,28.0,33.4,19.2,29.0,-128.7,21.2,0.0,1.0,1.0,1.0,0.0,0.0,1.0,0.0,90.0,90.0,0
2025-04-11 10:30:04,21.03,5.3,2.8,0.7,6.8,0.0,0.0,0.0,0.0,0.0,28.0,33.4,19.2,29.0,-128.7,21.2,0.0,1.0,1.0,1.0,0.0,0.0,1.0,0.0,90.0,90.0,0
2025-04-11 10:30:05,21.03,5.3,2.8,0.7,6.8,0.0,0.0,0.0,0.0,0.0,28.0,33.4,19.2,29.0,-128.7,21.2,0.0,1.0,1.0,1.0,0.0,0.0,1.0,0.0,90.0,90.0,0
2025-04-11 10:30:06,21.06,5.32,2.8,0.7,6.599999,0.0,0.0,0.0,0.0,0.0,28.0,33.4,19.2,29.0,-128.7,21.1,0.0,1.0,1.0,1.0,0.0,0.0,1.0,0.0,90.0,90.0,0
2025-04-11 10:30:07,21.06,5.309999,2.8,0.7,6.9,0.0,0.0,0.0,0.0,0.0,28.0,33.4,19.2,29.0,-128.7,21.2,0.0,1.0,1.0,1.0,0.0,0.0,1.0,0.0,90.0,90.0,0
2025-04-11 10:30:08,21.06,5.309999,2.8,0.7,6.9,0.0,0.0,0.0,0.0,0.0,28.0,33.4,19.2,29.0,-128.7,21.2,0.0,1.0,1.0,1.0,0.0,0.0,1.0,0.0,90.0,90.0,0
2025-04-11 10:30:09,21.05,5.3,2.8,0.7,7.4,0.0,0.0,0.0,0.0,0.0,28.0,33.4,19.1,28.9,-128.7,21.1,0.0,1.0,1.0,1.0,0.0,0.0,1.0,0.0,90.0,90.0,0
2025-04-11 10:30:10,21.05,5.3,2.8,0.7,7.4,0.0,0.0,0.0,0.0,0.0,28.0,33.4,19.1,28.9,-128.7,21.1,0.0,1.0,1.0,1.0,0.0,0.0,1.0,0.0,90.0,90.0,0
2025-04-11 10:30:11,21.06,5.3,2.8,0.7,6.7,0.0,0.0,0.0,0.0,0.0,28.0,33.4,19.1,28.9,-128.7,21.0,0.0,1.0,1.0,1.0,0.0,0.0,1.0,0.0,90.0,90.0,0
2025-04-11 10:30:12,21.06,5.3,2.8,0.7,6.7,0.0,0.0,0.0,0.0,0.0,28.0,33.4,19.1,28.9,-128.7,21.0,0.0,1.0,1.0,1.0,0.0,0.0,1.0,0.0,90.0,90.0,0
2025-04-11 10:30:13,21.07,5.309999,2.8,0.7,7.2,0.0,0.0,0.0,0.0,0.0,28.0,33.4,19.1,28.9,-128.7,21.1,0.0,1.0,1.0,1.0,0.0,0.0,1.0,0.0,90.0,90.0,0
2025-04-11 10:30:14,21.07,5.309999,2.8,0.7,7.2,0.0,0.0,0.0,0.0,0.0,28.0,33.4,19.1,28.9,-128.7,20.9,0.0,1.0,1.0,1.0,0.0,0.0,1.0,0.0,90.0,90.0,0
2025-04-11 10:30:15,21.06,5.309999,2.8,0.7,7.2,0.0,0.0,0.0,0.0,0.0,28.0,33.4,19.0,28.9,-128.7,21.1,0.0,1.0,1.0,1.0,0.0,0.0,1.0,0.0,90.0,90.0,0
2025-04-11 10:30:16,21.06,5.32,2.8,0.7,7.5,0.0,0.0,0.0,0.0,0.0,28.0,33.4,19.0,28.9,-128.7,20.9,0.0,1.0,1.0,1.0,0.0,0.0,1.0,0.0,90.0,90.0,0
2025-04-11 10:30:17,21.06,5.32,2.8,0.7,7.5,0.0,0.0,0.0,0.0,0.0,28.0,33.4,19.0,28.9,-128.7,20.9,0.0,1.0,1.0,1.0,0.0,0.0,1.0,0.0,90.0,90.0,0
2025-04-11 10:30:18,21.06,5.32,2.8,0.7,6.9,0.0,0.0,0.0,0.0,0.0,28.0,33.4,19.0,28.9,-128.7,20.9,0.0,1.0,1.0,1.0,0.0,0.0,1.0,0.0,90.0,90.0,0
2025-04-11 10:30:19,21.06,5.33,2.8,0.7,6.9,0.0,0.0,0.0,0.0,0.0,28.0,33.4,19.0,28.9,-128.7,21.1,0.0,1.0,1.0,1.0,0.0,0.0,1.0,0.0,90.0,90.0,0
2025-04-11 10:30:20,21.06,5.33,2.8,0.7,6.9,0.0,0.0,0.0,0.0,0.0,28.0,33.4,19.0,28.9,-128.7,21.1,0.0,1.0,1.0,1.0,0.0,0.0,1.0,0.0,90.0,90.0,0
2025-04-11 10:30:21,21.07,5.33,2.8,0.7,6.9,0.0,0.0,0.0,0.0,0.0,28.0,33.4,19.0,28.9,-128.7,20.9,0.0,1.0,1.0,1.0,0.0,0.0,1.0,0.0,90.0,90.0,0
2025-04-11 10:30:22,21.08,5.309999,2.8,0.7,6.7,0.0,0.0,0.0,0.0,0.0,28.0,33.4,19.0,28.9,-128.7,21.1,0.0,1.0,1.0,1.0,0.0,0.0,1.0,0.0,90.0,90.0,0
2025-04-11 10:30:23,21.07,5.32,2.8,0.7,6.5,0.0,0.0,0.0,0.0,0.0,28.0,33.4,19.0,28.9,-128.7,20.9,0.0,1.0,1.0,1.0,0.0,0.0,1.0,0.0,90.0,90.0,0
2025-04-11 10:30:24,21.07,5.32,2.8,0.7,6.5,0.0,0.0,0.0,0.0,0.0,28.0,33.4,19.0,28.9,-128.7,20.9,0.0,1.0,1.0,1.0,0.0,0.0,1.0,0.0,90.0,90.0,0
2025-04-11 10:30:25,21.06,5.33,2.8,0.7,6.7,0.0,0.0,0.0,0.0,0.0,28.0,33.4,18.9,28.9,-128.7,20.9,0.0,1.0,1.0,1.0,0.0,0.0,1.0,0.0,90.0,90.0,0
2025-04-11 10:30:26,21.07,5.33,2.8,0.7,6.8,0.0,0.0,0.0,0.0,0.0,28.0,33.4,18.9,28.9,-128.7,21.1,0.0,1.0,1.0,1.0,0.0,0.0,1.0,0.0,90.0,90.0,0
2025-04-11 10:30:27,21.06,5.32,2.8,0.7,6.599999,0.0,0.0,0.0,0.0,0.0,28.0,33.4,18.9,28.9,-128.7,21.0,0.0,1.0,1.0,1.0,0.0,0.0,1.0,0.0,90.0,90.0,0
2025-04-11 10:30:28,21.08,5.33,2.8,0.7,7.5,0.0,0.0,0.0,0.0,0.0,28.0,33.4,18.9,28.9,-128.7,21.0,0.0,1.0,1.0,1.0,0.0,0.0,1.0,0.0,90.0,90.0,0
2025-04-11 10:30:29,21.06,5.32,2.8,0.7,7.2,0.0,0.0,0.0,0.0,0.0,28.0,33.4,18.9,28.9,-128.7,21.0,0.0,1.0,1.0,1.0,0.0,0.0,1.0,0.0,90.0,90.0,0
2025-04-11 10:30:30,21.06,5.32,2.8,0.7,7.2,0.0,0.0,0.0,0.0,0.0,28.0,33.4,18.9,28.9,-128.7,21.0,0.0,1.0,1.0,1.0,0.0,0.0,1.0,0.0,90.0,90.0,0
2025-04-11 10:30:31,21.08,5.33,2.8,0.7,7.3,0.0,0.0,0.0,0.0,0.0,28.0,33.4,18.9,28.9,-128.7,21.0,0.0,1.0,1.0,1.0,0.0,0.0,1.0,0.0,90.0,90.0,0
2025-04-11 10:30:32,21.06,5.33,2.8,0.7,7.099999,0.0,0.0,0.0,0.0,0.0,28.0,33.4,18.9,28.9,-128.7,20.9,0.0,1.0,1.0,1.0,0.0,0.0,1.0,0.0,90.0,90.0,0
2025-04-11 10:30:33,21.06,5.33,2.8,0.7,7.099999,0.0,0.0,0.0,0.0,0.0,28.0,33.4,18.9,28.9,-128.7,20.9,0.0,1.0,1.0,1.0,0.0,0.0,1.0,0.0,90.0,90.0,0
2025-04-11 10:30:34,21.06,5.309999,2.8,0.7,7.2,0.0,0.0,0.0,0.0,0.0,28.0,33.5,18.8,28.9,-128.7,21.0,0.0,1.0,1.0,1.0,0.0,0.0,1.0,0.0,90.0,90.0,0
2025-04-11 10:30:35,21.07,5.33,2.8,0.7,6.4,0.0,0.0,0.0,0.0,0.0,28.0,33.5,18.8,28.9,-128.7,21.1,0.0,1.0,1.0,1.0,0.0,0.0,1.0,0.0,90.0,90.0,0
2025-04-11 10:30:36,21.07,5.309999,2.8,0.7,6.8,0.0,0.0,0.0,0.0,0.0,28.0,33.5,18.8,28.9,-128.7,21.0,0.0,1.0,1.0,1.0,0.0,0.0,1.0,0.0,90.0,90.0,0
2025-04-11 10:30:37,21.06,5.33,2.8,0.7,7.4,0.0,0.0,0.0,0.0,0.0,28.0,33.5,18.8,28.9,-128.7,20.9,0.0,1.0,1.0,1.0,0.0,0.0,1.0,0.0,90.0,90.0,0
2025-04-11 10:30:38,21.07,5.309999,2.8,0.7,6.599999,0.0,0.0,0.0,0.0,0.0,28.0,33.5,18.8,28.8,-128.7,21.0,0.0,1.0,1.0,1.0,0.0,0.0,1.0,0.0,90.0,90.0,0
2025-04-11 10:30:39,21.08,5.33,2.8,0.7,6.599999,0.0,0.0,0.0,0.0,0.0,28.0,33.5,18.8,28.8,-128.7,20.8,0.0,1.0,1.0,1.0,0.0,0.0,1.0,0.0,90.0,90.0,0
2025-04-11 10:30:40,21.06,5.33,2.8,0.7,6.7,0.0,0.0,0.0,0.0,0.0,28.0,33.5,18.8,28.8,-128.7,21.0,0.0,1.0,1.0,1.0,0.0,0.0,1.0,0.0,90.0,90.0,0
2025-04-11 10:30:41,21.06,5.33,2.8,0.7,7.099999,0.0,0.0,0.0,0.0,0.0,28.0,33.5,18.7,28.8,-128.7,20.8,0.0,1.0,1.0,1.0,0.0,0.0,1.0,0.0,90.0,90.0,0
2025-04-11 10:30:42,21.06,5.33,2.8,0.7,7.099999,0.0,0.0,0.0,0.0,0.0,28.0,33.5,18.7,28.8,-128.7,21.0,0.0,1.0,1.0,1.0,0.0,0.0,1.0,0.0,90.0,90.0,0
2025-04-11 10:30:43,21.06,5.309999,2.8,0.7,6.5,0.0,0.0,0.0,0.0,0.0,28.0,33.5,18.7,28.8,-128.7,20.9,0.0,1.0,1.0,1.0,0.0,0.0,1.0,0.0,90.0,90.0,0
2025-04-11 10:30:44,21.06,5.33,2.8,0.7,6.8,0.0,0.0,0.0,0.0,0.0,28.0,33.5,18.7,28.8,-128.7,20.8,0.0,1.0,1.0,1.0,0.0,0.0,1.0,0.0,90.0,90.0,0
2025-04-11 10:30:45,21.06,5.309999,2.8,0.7,7.3,0.0,0.0,0.0,0.0,0.0,28.0,33.5,18.7,28.8,-128.7,21.0,0.0,1.0,1.0,1.0,0.0,0.0,1.0,0.0,90.0,90.0,0
2025-04-11 10:30:46,21.06,5.33,2.8,0.7,6.8,0.0,0.0,0.0,0.0,0.0,28.0,33.5,18.7,28.8,-128.7,20.8,0.0,1.0,1.0,1.0,0.0,0.0,1.0,0.0,90.0,90.0,0
2025-04-11 10:30:47,21.06,5.32,2.8,0.7,7.0,0.0,0.0,0.0,0.0,0.0,28.0,33.5,18.7,28.8,-128.7,21.0,0.0,1.0,1.0,1.0,0.0,0.0,1.0,0.0,90.0,90.0,0
2025-04-11 10:30:48,21.03,5.33,2.8,0.7,7.5,0.0,0.0,0.0,0.0,0.0,28.0,33.5,18.7,28.8,-128.7,20.8,0.0,1.0,1.0,1.0,0.0,0.0,1.0,0.0,90.0,90.0,0
2025-04-11 10:30:49,21.02,5.32,2.8,0.7,7.3,0.0,0.0,0.0,0.0,0.0,28.0,33.5,18.7,28.8,-128.7,21.0,0.0,1.0,1.0,1.0,0.0,0.0,1.0,0.0,90.0,90.0,0
2025-04-11 10:30:50,21.03,5.309999,2.8,0.7,7.4,0.0,0.0,0.0,0.0,0.0,28.0,33.5,18.7,28.8,-128.7,20.9,0.0,1.0,1.0,1.0,0.0,0.0,1.0,0.0,90.0,90.0,0
2025-04-11 10:30:51,21.05,5.32,2.8,0.7,7.0,0.0,0.0,0.0,0.0,0.0,28.0,33.4,18.7,28.8,-128.7,20.9,0.0,1.0,1.0,1.0,0.0,0.0,1.0,0.0,90.0,90.0,0
2025-04-11 10:30:52,21.03,5.3,2.8,0.7,6.7,0.0,0.0,0.0,0.0,0.0,28.0,33.4,18.6,28.8,-128.7,21.0,0.0,1.0,1.0,1.0,0.0,0.0,1.0,0.0,90.0,90.0,0
2025-04-11 10:30:53,21.03,5.32,2.8,0.7,6.7,0.0,0.0,0.0,0.0,0.0,28.0,33.4,18.6,28.8,-128.7,20.9,0.0,1.0,1.0,1.0,0.0,0.0,1.0,0.0,90.0,90.0,0
2025-04-11 10:30:54,21.05,5.3,2.8,0.7,6.599999,0.0,0.0,0.0,0.0,0.0,28.0,33.4,18.6,28.8,-128.7,21.0,0.0,1.0,1.0,1.0,0.0,0.0,1.0,0.0,90.0,90.0,0
2025-04-11 10:30:55,21.05,5.32,2.8,0.7,7.0,0.0,0.0,0.0,0.0,0.0,28.0,33.4,18.6,28.8,-128.7,20.9,0.0,1.0,1.0,1.0,0.0,0.0,1.0,0.0,90.0,90.0,0
2025-04-11 10:30:56,21.03,5.3,2.8,0.7,7.099999,0.0,0.0,0.0,0.0,0.0,28.0,33.4,18.6,28.8,-128.7,21.0,0.0,1.0,1.0,1.0,0.0,0.0,1.0,0.0,90.0,90.0,0
2025-04-11 10:30:57,21.02,5.309999,2.8,0.7,6.9,0.0,0.0,0.0,0.0,0.0,28.0,33.4,18.6,28.8,-128.7,21.0,0.0,1.0,1.0,1.0,0.0,0.0,1.0,0.0,90.0,90.0,0
2025-04-11 10:30:58,21.02,5.3,2.8,0.7,6.7,0.0,0.0,0.0,0.0,0.0,28.0,33.4,18.6,28.8,-128.7,21.0,0.0,1.0,1.0,1.0,0.0,0.0,1.0,0.0,90.0,90.0,0
2025-04-11 10:30:59,21.03,5.309999,2.8,0.7,6.9,0.0,0.0,0.0,0.0,0.0,28.0,33.4,18.5,28.8,-128.7,20.9,0.0,1.0,1.0,1.0,0.0,0.0,1.0,0.0,90.0,90.0,0
2025-04-11 10:31:00,21.02,5.309999,2.8,0.7,7.0,0.0,0.0,0.0,0.0,0.0,28.0,33.4,18.5,28.8,-128.7,21.0,0.0,1.0,1.0,1.0,0.0,0.0,1.0,0.0,90.0,90.0,0
2025-04-11 10:31:01,21.02,5.3,2.8,0.7,7.099999,0.0,0.0,0.0,0.0,0.0,28.0,33.4,18.5,28.8,-128.7,21.0,0.0,1.0,1.0,1.0,0.0,0.0,1.0,0.0,90.0,90.0,0
2025-04-11 10:31:02,21.02,5.309999,2.8,0.7,7.2,0.0,0.0,0.0,0.0,0.0,28.0,33.4,18.5,28.8,-128.7,21.0,0.0,1.0,1.0,1.0,0.0,0.0,1.0,0.0,90.0,90.0,0
2025-04-11 10:31:03,21.03,5.3,2.8,0.7,7.099999,0.0,0.0,0.0,0.0,0.0,28.0,33.4,18.5,28.8,-128.7,21.0,0.0,1.0,1.0,1.0,0.0,0.0,1.0,0.0,90.0,90.0,0
2025-04-11 10:31:04,21.02,5.309999,2.7,0.7,7.7,0.0,0.0,0.0,0.0,0.0,28.0,33.4,18.5,28.8,-128.7,21.0,0.0,1.0,1.0,1.0,0.0,0.0,1.0,0.0,90.0,90.0,0
2025-04-11 10:31:05,21.02,5.309999,2.7,0.7,7.7,0.0,0.0,0.0,0.0,0.0,28.0,33.4,18.5,28.8,-128.7,21.0,0.0,1.0,1.0,1.0,0.0,0.0,1.0,0.0,90.0,90.0,0
2025-04-11 10:31:06,21.02,5.3,2.8,0.7,7.099999,0.0,0.0,0.0,0.0,0.0,28.0,33.4,18.5,28.8,-128.7,21.0,0.0,1.0,1.0,1.0,0.0,0.0,1.0,0.0,90.0,90.0,0
2025-04-11 10:31:07,21.01,5.309999,2.8,0.7,6.7,0.0,0.0,0.0,0.0,0.0,28.0,33.4,18.5,28.8,-128.7,21.0,0.0,1.0,1.0,1.0,0.0,0.0,1.0,0.0,90.0,90.0,0
2025-04-11 10:31:08,21.01,5.3,2.8,0.7,6.7,0.0,0.0,0.0,0.0,0.0,28.0,33.4,18.5,28.7,-128.7,20.9,0.0,1.0,1.0,1.0,0.0,0.0,1.0,0.0,90.0,90.0,0
2025-04-11 10:31:09,21.01,5.3,2.8,0.7,6.8,0.0,0.0,0.0,0.0,0.0,28.0,33.4,18.4,28.7,-128.7,20.9,0.0,1.0,1.0,1.0,0.0,0.0,1.0,0.0,90.0,90.0,0
2025-04-11 10:31:10,21.02,5.3,2.7,0.7,6.599999,0.0,0.0,0.0,0.0,0.0,28.0,33.4,18.4,28.7,-128.7,20.9,0.0,1.0,1.0,1.0,0.0,0.0,1.0,0.0,90.0,90.0,0
2025-04-11 10:31:11,21.02,5.309999,2.8,0.7,6.599999,0.0,0.0,0.0,0.0,0.0,28.0,33.4,18.4,28.7,-128.7,20.9,0.0,1.0,1.0,1.0,0.0,0.0,1.0,0.0,90.0,90.0,0
2025-04-11 10:31:12,21.02,5.3,2.8,0.7,6.8,0.0,0.0,0.0,0.0,0.0,28.0,33.4,18.4,28.7,-128.7,20.9,0.0,1.0,1.0,1.0,0.0,0.0,1.0,0.0,90.0,90.0,0
2025-04-11 10:31:13,21.0,5.3,2.8,0.7,6.9,0.0,0.0,0.0,0.0,0.0,28.0,33.4,18.4,28.7,-128.7,20.9,0.0,1.0,1.0,1.0,0.0,0.0,1.0,0.0,90.0,90.0,0
2025-04-11 10:31:14,21.01,5.3,2.8,0.7,7.2,0.0,0.0,0.0,0.0,0.0,28.0,33.4,18.4,28.7,-128.7,20.9,0.0,1.0,1.0,1.0,0.0,0.0,1.0,0.0,90.0,90.0,0
2025-04-11 10:31:15,21.02,5.3,2.8,0.7,7.7,0.0,0.0,0.0,0.0,0.0,28.0,33.4,18.4,28.7,-128.7,20.9,0.0,1.0,1.0,1.0,0.0,0.0,1.0,0.0,90.0,90.0,0
2025-04-11 10:31:16,21.02,5.3,2.8,0.7,7.7,0.0,0.0,0.0,0.0,0.0,28.0,33.4,18.4,28.7,-128.7,20.9,0.0,1.0,1.0,1.0,0.0,0.0,1.0,0.0,90.0,90.0,0
2025-04-11 10:31:17,21.02,5.3,2.8,0.7,6.9,0.0,0.0,0.0,0.0,0.0,28.0,33.4,18.4,28.7,-128.7,20.9,0.0,1.0,1.0,1.0,0.0,0.0,1.0,0.0,90.0,90.0,0
2025-04-11 10:31:18,21.03,5.309999,2.8,0.7,7.4,0.0,0.0,0.0,0.0,0.0,28.0,33.4,18.4,28.7,-128.7,20.9,0.0,1.0,1.0,1.0,0.0,0.0,1.0,0.0,90.0,90.0,0
2025-04-11 10:31:19,21.02,5.3,2.7,0.7,6.8,0.0,0.0,0.0,0.0,0.0,28.0,33.4,18.4,28.7,-128.7,20.9,0.0,1.0,1.0,1.0,0.0,0.0,1.0,0.0,90.0,90.0,0
2025-04-11 10:31:20,21.02,5.3,2.8,0.7,6.5,0.0,0.0,0.0,0.0,0.0,28.0,33.4,18.3,28.7,-128.7,20.9,0.0,1.0,1.0,1.0,0.0,0.0,1.0,0.0,90.0,90.0,0
2025-04-11 10:31:21,21.01,5.3,2.8,0.7,7.2,0.0,0.0,0.0,0.0,0.0,28.0,33.4,18.3,28.7,-128.7,20.9,0.0,1.0,1.0,1.0,0.0,0.0,1.0,0.0,90.0,90.0,0
2025-04-11 10:31:22,21.01,5.3,2.8,0.7,6.5,0.0,0.0,0.0,0.0,0.0,28.0,33.4,18.3,28.7,-128.7,20.9,0.0,1.0,1.0,1.0,0.0,0.0,1.0,0.0,90.0,90.0,0
2025-04-11 10:31:23,21.03,5.309999,2.8,0.7,6.599999,0.0,0.0,0.0,0.0,0.0,28.0,33.4,18.3,28.7,-128.7,20.9,0.0,1.0,1.0,1.0,0.0,0.0,1.0,0.0,90.0,90.0,0
2025-04-11 10:31:24,21.05,5.3,2.8,0.7,7.0,0.0,0.0,0.0,0.0,0.0,28.0,33.4,18.3,28.7,-128.7,20.8,0.0,1.0,1.0,1.0,0.0,0.0,1.0,0.0,90.0,90.0,0
2025-04-11 10:31:25,21.02,5.3,2.8,0.7,6.8,0.0,0.0,0.0,0.0,0.0,28.0,33.4,18.3,28.7,-128.7,20.9,0.0,1.0,1.0,1.0,0.0,0.0,1.0,0.0,90.0,90.0,0
2025-04-11 10:31:26,21.03,5.3,2.8,0.7,7.099999,0.0,0.0,0.0,0.0,0.0,28.0,33.4,18.3,28.7,-128.7,20.9,0.0,1.0,1.0,1.0,0.0,0.0,1.0,0.0,90.0,90.0,0
2025-04-11 10:31:27,21.02,5.309999,2.8,0.7,6.9,0.0,0.0,0.0,0.0,0.0,28.0,33.4,18.3,28.7,-128.7,20.9,0.0,1.0,1.0,1.0,0.0,0.0,1.0,0.0,90.0,90.0,0
2025-04-11 10:31:28,21.02,5.3,2.8,0.7,6.599999,0.0,0.0,0.0,0.0,0.0,28.0,33.4,18.3,28.7,-128.7,20.9,0.0,1.0,1.0,1.0,0.0,0.0,1.0,0.0,90.0,90.0,0
2025-04-11 10:31:29,21.03,5.309999,2.8,0.7,7.0,0.0,0.0,0.0,0.0,0.0,28.0,33.4,18.3,28.7,-128.7,20.9,0.0,1.0,1.0,1.0,0.0,0.0,1.0,0.0,90.0,90.0,0
2025-04-11 10:31:30,21.02,5.3,2.7,0.7,7.0,0.0,0.0,0.0,0.0,0.0,28.0,33.4,18.3,28.7,-128.7,20.9,0.0,1.0,1.0,1.0,0.0,0.0,1.0,0.0,90.0,90.0,0
2025-04-11 10:31:31,21.03,5.309999,2.8,0.7,7.2,0.0,0.0,0.0,0.0,0.0,28.0,33.4,18.3,28.7,-128.7,20.9,0.0,1.0,1.0,1.0,0.0,0.0,1.0,0.0,90.0,90.0,0
2025-04-11 10:31:32,21.03,5.3,2.8,0.7,7.0,0.0,0.0,0.0,0.0,0.0,28.0,33.4,18.3,28.7,-128.7,20.9,0.0,1.0,1.0,1.0,0.0,0.0,1.0,0.0,90.0,90.0,0
2025-04-11 10:31:33,21.02,5.3,2.8,0.7,6.7,0.0,0.0,0.0,0.0,0.0,28.0,33.4,18.3,28.7,-128.7,20.8,0.0,1.0,1.0,1.0,0.0,0.0,1.0,0.0,90.0,90.0,0
2025-04-11 10:31:34,21.02,5.309999,2.8,0.7,6.8,0.0,0.0,0.0,0.0,0.0,28.0,33.4,18.3,28.7,-128.7,20.9,0.0,1.0,1.0,1.0,0.0,0.0,1.0,0.0,90.0,90.0,0
2025-04-11 10:31:35,21.02,5.309999,2.8,0.7,6.8,0.0,0.0,0.0,0.0,0.0,28.0,33.4,18.2,28.7,-128.7,20.9,0.0,1.0,1.0,1.0,0.0,0.0,1.0,0.0,90.0,90.0,0
2025-04-11 10:31:36,21.02,5.309999,2.7,0.7,6.7,0.0,0.0,0.0,0.0,0.0,28.0,33.4,18.2,28.7,-128.7,20.9,0.0,1.0,1.0,1.0,0.0,0.0,1.0,0.0,90.0,90.0,0
2025-04-11 10:31:37,21.03,5.3,2.8,0.7,6.4,0.0,0.0,0.0,0.0,0.0,28.0,33.4,18.2,28.7,-128.7,20.9,0.0,1.0,1.0,1.0,0.0,0.0,1.0,0.0,90.0,90.0,0
2025-04-11 10:31:38,21.01,5.309999,2.7,0.7,6.599999,0.0,0.0,0.0,0.0,0.0,28.0,33.4,18.2,28.7,-128.7,20.9,0.0,1.0,1.0,1.0,0.0,0.0,1.0,0.0,90.0,90.0,0
2025-04-11 10:31:39,21.02,5.3,2.8,0.7,7.0,0.0,0.0,0.0,0.0,0.0,28.0,33.4,18.2,28.7,-128.7,20.9,0.0,1.0,1.0,1.0,0.0,0.0,1.0,0.0,90.0,90.0,0
2025-04-11 10:31:40,21.03,5.3,2.8,0.7,6.9,0.0,0.0,0.0,0.0,0.0,28.0,33.4,18.2,28.7,-128.7,20.9,0.0,1.0,1.0,1.0,0.0,0.0,1.0,0.0,90.0,90.0,0
2025-04-11 10:31:41,21.02,5.3,2.8,0.7,6.9,0.0,0.0,0.0,0.0,0.0,28.0,33.4,18.2,28.7,-128.7,20.9,0.0,1.0,1.0,1.0,0.0,0.0,1.0,0.0,90.0,90.0,0
2025-04-11 10:31:42,21.01,5.3,2.8,0.7,6.9,0.0,0.0,0.0,0.0,0.0,28.0,33.4,18.2,28.7,-128.7,20.8,0.0,1.0,1.0,1.0,0.0,0.0,1.0,0.0,90.0,90.0,0
2025-04-11 10:31:43,21.03,5.309999,2.8,0.7,6.599999,0.0,0.0,0.0,0.0,0.0,28.0,33.4,18.2,28.7,-128.7,20.9,0.0,1.0,1.0,1.0,0.0,0.0,1.0,0.0,90.0,90.0,0
2025-04-11 10:31:44,21.02,5.3,2.7,0.7,6.9,0.0,0.0,0.0,0.0,0.0,28.0,33.4,18.2,28.7,-128.7,20.9,0.0,1.0,1.0,1.0,0.0,0.0,1.0,0.0,90.0,90.0,0
2025-04-11 10:31:45,21.01,5.309999,2.8,0.7,6.2,0.0,0.0,0.0,0.0,0.0,28.0,33.4,18.2,28.7,-128.7,20.9,0.0,1.0,1.0,1.0,0.0,0.0,1.0,0.0,90.0,90.0,0
2025-04-11 10:31:46,21.01,5.309999,2.7,0.7,6.8,0.0,0.0,0.0,0.0,0.0,28.0,33.4,18.2,28.7,-128.7,20.9,0.0,1.0,1.0,1.0,0.0,0.0,1.0,0.0,90.0,90.0,0
2025-04-11 10:31:47,21.02,5.309999,2.7,0.7,7.4,0.0,0.0,0.0,0.0,0.0,28.0,33.4,18.2,28.7,-128.7,20.8,0.0,1.0,1.0,1.0,0.0,0.0,1.0,0.0,90.0,90.0,0
2025-04-11 10:31:48,21.02,5.3,2.8,0.7,7.099999,0.0,0.0,0.0,0.0,0.0,28.0,33.4,18.2,28.7,-128.7,20.9,0.0,1.0,1.0,1.0,0.0,0.0,1.0,0.0,90.0,90.0,0
2025-04-11 10:31:49,21.02,5.3,2.8,0.7,7.5,0.0,0.0,0.0,0.0,0.0,28.0,33.4,18.2,28.7,-128.7,20.9,0.0,1.0,1.0,1.0,0.0,0.0,1.0,0.0,90.0,90.0,0
2025-04-11 10:31:50,21.01,5.309999,2.8,0.7,7.2,0.0,0.0,0.0,0.0,0.0,28.0,33.4,18.2,28.7,-128.7,20.9,0.0,1.0,1.0,1.0,0.0,0.0,1.0,0.0,90.0,90.0,0
2025-04-11 10:31:51,21.03,5.3,2.8,0.7,7.5,0.0,0.0,0.0,0.0,0.0,28.0,33.4,18.2,28.7,-128.7,20.9,0.0,1.0,1.0,1.0,0.0,0.0,1.0,0.0,90.0,90.0,0
2025-04-11 10:31:52,21.02,5.32,2.8,0.7,6.9,0.0,0.0,0.0,0.0,0.0,28.0,33.4,18.2,28.7,-128.7,20.8,0.0,1.0,1.0,1.0,0.0,0.0,1.0,0.0,90.0,90.0,0
2025-04-11 10:31:53,21.01,5.3,2.8,0.7,6.599999,0.0,0.0,0.0,0.0,0.0,28.0,33.4,18.2,28.7,-128.7,20.9,0.0,1.0,1.0,1.0,0.0,0.0,1.0,0.0,90.0,90.0,0
2025-04-11 10:31:54,21.02,5.3,2.8,0.7,6.7,0.0,0.0,0.0,0.0,0.0,28.0,33.4,18.2,28.7,-128.7,20.8,0.0,1.0,1.0,1.0,0.0,0.0,1.0,0.0,90.0,90.0,0
2025-04-11 10:31:55,21.01,5.309999,2.8,0.7,7.0,0.0,0.0,0.0,0.0,0.0,28.0,33.4,18.2,28.7,-128.7,20.9,0.0,1.0,1.0,1.0,0.0,0.0,1.0,0.0,90.0,90.0,0
2025-04-11 10:31:56,21.01,5.3,2.7,0.7,6.7,0.0,0.0,0.0,0.0,0.0,28.0,33.3,18.2,28.7,-128.7,20.9,0.0,1.0,1.0,1.0,0.0,0.0,1.0,0.0,90.0,90.0,0
2025-04-11 10:31:57,21.01,5.32,2.8,0.7,6.5,0.0,0.0,0.0,0.0,0.0,28.0,33.3,18.2,28.7,-128.7,20.9,0.0,1.0,1.0,1.0,0.0,0.0,1.0,0.0,90.0,90.0,0
2025-04-11 10:31:58,21.02,5.3,2.8,0.7,6.7,0.0,0.0,0.0,0.0,0.0,28.0,33.3,18.2,28.7,-128.7,20.9,0.0,1.0,1.0,1.0,0.0,0.0,1.0,0.0,90.0,90.0,0
2025-04-11 10:31:59,21.0,5.309999,2.8,0.7,7.0,0.0,0.0,0.0,0.0,0.0,28.0,33.3,18.2,28.7,-128.7,20.8,0.0,1.0,1.0,1.0,0.0,0.0,1.0,0.0,90.0,90.0,0
2025-04-11 10:32:00,21.02,5.3,2.8,0.7,6.4,0.0,0.0,0.0,0.0,0.0,28.0,33.3,18.2,28.7,-128.7,20.9,0.0,1.0,1.0,1.0,0.0,0.0,1.0,0.0,90.0,90.0,0
2025-04-11 10:32:01,21.01,5.3,2.8,0.7,6.2,0.0,0.0,0.0,0.0,0.0,28.0,33.3,18.2,28.7,-128.7,20.8,0.0,1.0,1.0,1.0,0.0,0.0,1.0,0.0,90.0,90.0,0
2025-04-11 10:32:02,21.0,5.3,2.8,0.7,7.2,0.0,0.0,0.0,0.0,0.0,28.0,33.3,18.2,28.7,-128.7,20.9,0.0,1.0,1.0,1.0,0.0,0.0,1.0,0.0,90.0,90.0,0
2025-04-11 10:32:03,21.0,5.3,2.8,0.7,7.3,0.0,0.0,0.0,0.0,0.0,28.0,33.3,18.2,28.7,-128.7,20.8,0.0,1.0,1.0,1.0,0.0,0.0,1.0,0.0,90.0,90.0,0
2025-04-11 10:32:04,21.01,5.32,2.8,0.7,7.2,0.0,0.0,0.0,0.0,0.0,28.0,33.3,18.2,28.7,-128.7,20.9,0.0,1.0,1.0,1.0,0.0,0.0,1.0,0.0,90.0,90.0,0
2025-04-11 10:32:05,21.01,5.3,2.8,0.7,7.3,0.0,0.0,0.0,0.0,0.0,28.0,33.3,18.2,28.7,-128.7,20.9,0.0,1.0,1.0,1.0,0.0,0.0,1.0,0.0,90.0,90.0,0
2025-04-11 10:32:06,21.01,5.309999,2.8,0.7,6.599999,0.0,0.0,0.0,0.0,0.0,28.0,33.3,18.3,28.7,-128.7,20.9,0.0,1.0,1.0,1.0,0.0,0.0,1.0,0.0,90.0,90.0,0
2025-04-11 10:32:07,21.01,5.3,2.8,0.7,7.599999,0.0,0.0,0.0,0.0,0.0,28.0,33.3,18.3,28.7,-128.7,20.9,0.0,1.0,1.0,1.0,0.0,0.0,1.0,0.0,90.0,90.0,0
2025-04-11 10:32:08,20.99,5.32,2.8,0.7,7.5,0.0,0.0,0.0,0.0,0.0,28.0,33.3,18.3,28.7,-128.7,20.9,0.0,1.0,1.0,1.0,0.0,0.0,1.0,0.0,90.0,90.0,0
2025-04-11 10:32:09,21.01,5.3,2.8,0.7,7.3,0.0,0.0,0.0,0.0,0.0,28.0,33.3,18.3,28.7,-128.7,20.9,0.0,1.0,1.0,1.0,0.0,0.0,1.0,0.0,90.0,90.0,0
2025-04-11 10:32:10,21.01,5.3,2.8,0.7,6.599999,0.0,0.0,0.0,0.0,0.0,28.0,33.3,18.3,28.7,-128.7,20.9,0.0,1.0,1.0,1.0,0.0,0.0,1.0,0.0,90.0,90.0,0
2025-04-11 10:32:11,21.0,5.309999,2.8,0.7,7.3,0.0,0.0,0.0,0.0,0.0,28.0,33.3,18.3,28.7,-128.7,20.9,0.0,1.0,1.0,1.0,0.0,0.0,1.0,0.0,90.0,90.0,0
2025-04-11 10:32:12,20.99,5.3,2.7,0.7,6.5,0.0,0.0,0.0,0.0,0.0,28.0,33.3,18.3,28.7,-128.7,20.9,0.0,1.0,1.0,1.0,0.0,0.0,1.0,0.0,90.0,90.0,0
2025-04-11 10:32:13,21.0,5.309999,2.8,0.7,6.7,0.0,0.0,0.0,0.0,0.0,28.0,33.3,18.3,28.7,-128.7,20.9,0.0,1.0,1.0,1.0,0.0,0.0,1.0,0.0,90.0,90.0,0
2025-04-11 10:32:14,21.0,5.3,2.8,0.7,6.7,0.0,0.0,0.0,0.0,0.0,28.0,33.3,18.3,28.7,-128.7,20.9,0.0,1.0,1.0,1.0,0.0,0.0,1.0,0.0,90.0,90.0,0
2025-04-11 10:32:15,21.01,5.3,2.8,0.7,6.3,0.0,0.0,0.0,0.0,0.0,28.0,33.3,18.3,28.7,-128.7,20.9,0.0,1.0,1.0,1.0,0.0,0.0,1.0,0.0,90.0,90.0,0
2025-04-11 10:32:16,21.01,5.309999,2.8,0.7,6.3,0.0,0.0,0.0,0.0,0.0,28.0,33.3,18.3,28.7,-128.7,20.9,0.0,1.0,1.0,1.0,0.0,0.0,1.0,0.0,90.0,90.0,0
2025-04-11 10:32:17,21.01,5.3,2.8,0.7,7.2,0.0,0.0,0.0,0.0,0.0,28.0,33.3,18.3,28.7,-128.7,20.9,0.0,1.0,1.0,1.0,0.0,0.0,1.0,0.0,90.0,90.0,0
2025-04-11 10:32:18,21.02,5.32,2.8,0.7,7.9,0.0,0.0,0.0,0.0,0.0,28.0,33.3,18.4,28.7,-128.7,20.8,0.0,1.0,1.0,1.0,0.0,0.0,1.0,0.0,90.0,90.0,0
2025-04-11 10:32:19,21.01,5.309999,2.7,0.7,7.5,0.0,0.0,0.0,0.0,0.0,28.0,33.3,18.4,28.7,-128.7,20.9,0.0,1.0,1.0,1.0,0.0,0.0,1.0,0.0,90.0,90.0,0
2025-04-11 10:32:20,21.0,5.309999,2.8,0.7,7.3,0.0,0.0,0.0,0.0,0.0,28.0,33.3,18.4,28.7,-128.7,20.7,0.0,1.0,1.0,1.0,0.0,0.0,1.0,0.0,90.0,90.0,0
2025-04-11 10:32:21,21.01,5.32,2.8,0.7,7.3,0.0,0.0,0.0,0.0,0.0,28.0,33.3,18.4,28.7,-128.7,20.8,0.0,1.0,1.0,1.0,0.0,0.0,1.0,0.0,90.0,90.0,0
2025-04-11 10:32:22,21.0,5.309999,2.7,0.7,6.599999,0.0,0.0,0.0,0.0,0.0,28.0,33.3,18.4,28.7,-128.7,20.8,0.0,1.0,1.0,1.0,0.0,0.0,1.0,0.0,90.0,90.0,0
2025-04-11 10:32:23,21.01,5.33,2.8,0.7,6.8,0.0,0.0,0.0,0.0,0.0,28.0,33.3,18.4,28.7,-128.7,20.7,0.0,1.0,1.0,1.0,0.0,0.0,1.0,0.0,90.0,90.0,0
2025-04-11 10:32:24,21.01,5.3,2.8,0.7,6.9,0.0,0.0,0.0,0.0,0.0,28.0,33.4,18.4,28.7,-128.7,20.9,0.0,1.0,1.0,1.0,0.0,0.0,1.0,0.0,90.0,90.0,0
2025-04-11 10:32:25,21.01,5.309999,2.8,0.7,7.0,0.0,0.0,0.0,0.0,0.0,28.0,33.4,18.4,28.7,-128.7,20.7,0.0,1.0,1.0,1.0,0.0,0.0,1.0,0.0,90.0,90.0,0
2025-04-11 10:32:26,21.02,5.309999,2.8,0.7,7.5,0.0,0.0,0.0,0.0,0.0,28.0,33.4,18.4,28.7,-128.7,20.9,0.0,1.0,1.0,1.0,0.0,0.0,1.0,0.0,90.0,90.0,0
2025-04-11 10:32:27,21.01,5.309999,2.8,0.7,6.9,0.0,0.0,0.0,0.0,0.0,28.0,33.4,18.5,28.7,-128.7,20.8,0.0,1.0,1.0,1.0,0.0,0.0,1.0,0.0,90.0,90.0,0
2025-04-11 10:32:28,21.01,5.33,2.7,0.7,6.9,0.0,0.0,0.0,0.0,0.0,28.0,33.4,18.5,28.7,-128.7,20.8,0.0,1.0,1.0,1.0,0.0,0.0,1.0,0.0,90.0,90.0,0
2025-04-11 10:32:29,21.01,5.309999,2.8,0.7,7.0,0.0,0.0,0.0,0.0,0.0,28.0,33.4,18.5,28.7,-128.7,20.9,0.0,1.0,1.0,1.0,0.0,0.0,1.0,0.0,90.0,90.0,0
2025-04-11 10:32:30,21.01,5.32,2.8,0.7,7.0,0.0,0.0,0.0,0.0,0.0,28.0,33.4,18.5,28.7,-128.7,20.8,0.0,1.0,1.0,1.0,0.0,0.0,1.0,0.0,90.0,90.0,0
2025-04-11 10:32:31,21.0,5.309999,2.8,0.7,7.2,0.0,0.0,0.0,0.0,0.0,28.0,33.4,18.5,28.7,-128.7,20.9,0.0,1.0,1.0,1.0,0.0,0.0,1.0,0.0,90.0,90.0,0
2025-04-11 10:32:32,20.99,5.32,2.8,0.7,6.4,0.0,0.0,0.0,0.0,0.0,28.0,33.4,18.5,28.7,-128.7,20.8,0.0,1.0,1.0,1.0,0.0,0.0,1.0,0.0,90.0,90.0,0
2025-04-11 10:32:33,21.0,5.32,2.8,0.7,7.2,0.0,0.0,0.0,0.0,0.0,28.0,33.4,18.5,28.7,-128.7,20.8,0.0,1.0,1.0,1.0,0.0,0.0,1.0,0.0,90.0,90.0,0
2025-04-11 10:32:34,20.97,5.309999,2.8,0.7,6.7,0.0,0.0,0.0,0.0,0.0,28.0,33.4,18.5,28.7,-128.7,20.9,0.0,1.0,1.0,1.0,0.0,0.0,1.0,0.0,90.0,90.0,0
2025-04-11 10:32:35,21.02,5.33,2.8,0.7,6.8,0.0,0.0,0.0,0.0,0.0,28.0,33.4,18.5,28.7,-128.7,20.7,0.0,1.0,1.0,1.0,0.0,0.0,1.0,0.0,90.0,90.0,0
2025-04-11 10:32:36,21.0,5.32,2.8,0.7,7.0,0.0,0.0,0.0,0.0,0.0,28.0,33.4,18.6,28.7,-128.7,20.9,0.0,1.0,1.0,1.0,0.0,0.0,1.0,0.0,90.0,90.0,0
2025-04-11 10:32:37,21.01,5.309999,2.7,0.7,6.8,0.0,0.0,0.0,0.0,0.0,28.0,33.4,18.6,28.7,-128.7,20.7,0.0,1.0,1.0,1.0,0.0,0.0,1.0,0.0,90.0,90.0,0
2025-04-11 10:32:38,21.01,5.33,2.8,0.7,6.4,0.0,0.0,0.0,0.0,0.0,28.0,33.4,18.6,28.7,-128.7,20.7,0.0,1.0,1.0,1.0,0.0,0.0,1.0,0.0,90.0,90.0,0
2025-04-11 10:32:39,21.0,5.32,2.8,0.7,6.9,0.0,0.0,0.0,0.0,0.0,28.0,33.4,18.6,28.7,-128.7,20.8,0.0,1.0,1.0,1.0,0.0,0.0,1.0,0.0,90.0,90.0,0
2025-04-11 10:32:40,21.0,5.33,2.8,0.7,7.2,0.0,0.0,0.0,0.0,0.0,28.0,33.4,18.6,28.7,-128.7,20.7,0.0,1.0,1.0,1.0,0.0,0.0,1.0,0.0,90.0,90.0,0
2025-04-11 10:32:41,20.99,5.309999,2.8,0.7,7.099999,0.0,0.0,0.0,0.0,0.0,28.0,33.4,18.6,28.7,-128.7,20.9,0.0,1.0,1.0,1.0,0.0,0.0,1.0,0.0,90.0,90.0,0
2025-04-11 10:32:42,20.99,5.32,2.8,0.7,7.2,0.0,0.0,0.0,0.0,0.0,28.0,33.4,18.7,28.7,-128.7,20.7,0.0,1.0,1.0,1.0,0.0,0.0,1.0,0.0,90.0,90.0,0
2025-04-11 10:32:43,21.0,5.33,2.8,0.7,7.3,0.0,0.0,0.0,0.0,0.0,28.0,33.4,18.7,28.7,-128.7,20.8,0.0,1.0,1.0,1.0,0.0,0.0,1.0,0.0,90.0,90.0,0
2025-04-11 10:32:44,21.01,5.32,2.8,0.7,6.8,0.0,0.0,0.0,0.0,0.0,28.0,33.4,18.7,28.7,-128.7,20.8,0.0,1.0,1.0,1.0,0.0,0.0,1.0,0.0,90.0,90.0,0
2025-04-11 10:32:45,21.0,5.33,2.8,0.7,6.4,0.0,0.0,0.0,0.0,0.0,28.0,33.4,18.7,28.7,-128.7,20.8,0.0,1.0,1.0,1.0,0.0,0.0,1.0,0.0,90.0,90.0,0
2025-04-11 10:32:46,21.01,5.32,2.8,0.7,6.7,0.0,0.0,0.0,0.0,0.0,28.0,33.4,18.7,28.7,-128.7,20.8,0.0,1.0,1.0,1.0,0.0,0.0,1.0,0.0,90.0,90.0,0
2025-04-11 10:32:47,21.02,5.33,2.8,0.7,6.9,0.0,0.0,0.0,0.0,0.0,28.0,33.4,18.7,28.7,-128.7,20.7,0.0,1.0,1.0,1.0,0.0,0.0,1.0,0.0,90.0,90.0,0
2025-04-11 10:32:48,21.02,5.32,2.8,0.7,6.7,0.0,0.0,0.0,0.0,0.0,28.0,33.4,18.7,28.7,-128.7,20.8,0.0,1.0,1.0,1.0,0.0,0.0,1.0,0.0,90.0,90.0,0
2025-04-11 10:32:49,21.02,5.32,2.8,0.7,7.0,0.0,0.0,0.0,0.0,0.0,28.0,33.4,18.8,28.7,-128.7,20.7,0.0,1.0,1.0,1.0,0.0,0.0,1.0,0.0,90.0,90.0,0
2025-04-11 10:32:50,21.0,5.33,2.8,0.7,7.8,0.0,0.0,0.0,0.0,0.0,28.0,33.4,18.8,28.7,-128.7,20.7,0.0,1.0,1.0,1.0,0.0,0.0,1.0,0.0,90.0,90.0,0
2025-04-11 10:32:51,20.99,5.32,2.7,0.7,7.0,0.0,0.0,0.0,0.0,0.0,28.0,33.4,18.8,28.7,-128.7,20.8,0.0,1.0,1.0,1.0,0.0,0.0,1.0,0.0,90.0,90.0,0
2025-04-11 10:32:52,21.0,5.33,2.8,0.7,7.0,0.0,0.0,0.0,0.0,0.0,28.0,33.4,18.8,28.7,-128.7,20.7,0.0,1.0,1.0,1.0,0.0,0.0,1.0,0.0,90.0,90.0,0
2025-04-11 10:32:53,21.01,5.33,2.8,0.7,7.4,0.0,0.0,0.0,0.0,0.0,28.0,33.4,18.9,28.7,-128.7,20.8,0.0,1.0,1.0,1.0,0.0,0.0,1.0,0.0,90.0,90.0,0
2025-04-11 10:32:54,21.01,5.33,2.8,0.7,6.599999,0.0,0.0,0.0,0.0,0.0,28.0,33.4,18.9,28.7,-128.7,20.7,0.0,1.0,1.0,1.0,0.0,0.0,1.0,0.0,90.0,90.0,0
2025-04-11 10:32:55,21.01,5.33,2.8,0.7,6.7,0.0,0.0,0.0,0.0,0.0,28.0,33.4,18.9,28.7,-128.7,20.7,0.0,1.0,1.0,1.0,0.0,0.0,1.0,0.0,90.0,90.0,0
2025-04-11 10:32:56,21.01,5.32,2.8,0.7,6.8,0.0,0.0,0.0,0.0,0.0,28.0,33.4,18.9,28.7,-128.7,20.7,0.0,1.0,1.0,1.0,0.0,0.0,1.0,0.0,90.0,90.0,0
2025-04-11 10:32:57,21.01,5.33,2.8,0.7,6.2,0.0,0.0,0.0,0.0,0.0,28.0,33.4,18.9,28.7,-128.7,20.7,0.0,1.0,1.0,1.0,0.0,0.0,1.0,0.0,90.0,90.0,0
2025-04-11 10:32:58,21.02,5.32,2.8,0.7,7.0,0.0,0.0,0.0,0.0,0.0,28.0,33.4,18.9,28.7,-128.7,20.8,0.0,1.0,1.0,1.0,0.0,0.0,1.0,0.0,90.0,90.0,0
2025-04-11 10:32:59,21.0,5.33,2.8,0.7,7.4,0.0,0.0,0.0,0.0,0.0,28.0,33.4,19.0,28.7,-128.7,20.7,0.0,1.0,1.0,1.0,0.0,0.0,1.0,0.0,90.0,90.0,0
2025-04-11 10:33:00,21.0,5.33,2.7,0.7,7.0,0.0,0.0,0.0,0.0,0.0,28.0,33.4,19.0,28.7,-128.7,20.8,0.0,1.0,1.0,1.0,0.0,0.0,1.0,0.0,90.0,90.0,0
2025-04-11 10:33:01,21.0,5.33,2.8,0.7,7.2,0.0,0.0,0.0,0.0,0.0,28.0,33.4,19.0,28.7,-128.7,20.7,0.0,1.0,1.0,1.0,0.0,0.0,1.0,0.0,90.0,90.0,0
2025-04-11 10:33:02,21.0,5.33,2.8,0.7,7.3,0.0,0.0,0.0,0.0,0.0,28.0,33.4,19.1,28.7,-128.7,20.7,0.0,1.0,1.0,1.0,0.0,0.0,1.0,0.0,90.0,90.0,0
2025-04-11 10:33:03,21.0,5.33,2.8,0.7,6.7,0.0,0.0,0.0,0.0,0.0,28.1,33.4,19.1,28.7,-128.7,20.7,0.0,1.0,1.0,1.0,0.0,0.0,1.0,0.0,90.0,90.0,0
2025-04-11 10:33:04,21.02,5.34,2.8,0.7,7.0,0.0,0.0,0.0,0.0,0.0,28.1,33.4,19.1,28.7,-128.7,20.7,0.0,1.0,1.0,1.0,0.0,0.0,1.0,0.0,90.0,90.0,0
2025-04-11 10:33:05,21.01,5.32,2.8,0.7,7.099999,0.0,0.0,0.0,0.0,0.0,28.1,33.4,19.1,28.7,-128.7,20.7,0.0,1.0,1.0,1.0,0.0,0.0,1.0,0.0,90.0,90.0,0
2025-04-11 10:33:06,21.01,5.33,2.8,0.7,6.8,0.0,0.0,0.0,0.0,0.0,28.1,33.4,19.1,28.7,-128.7,20.7,0.0,1.0,1.0,1.0,0.0,0.0,1.0,0.0,90.0,90.0,0
2025-04-11 10:33:07,21.01,5.33,2.8,0.7,7.3,0.0,0.0,0.0,0.0,0.0,28.1,33.4,19.1,28.7,-128.7,20.8,0.0,1.0,1.0,1.0,0.0,0.0,1.0,0.0,90.0,90.0,0
2025-04-11 10:33:08,21.0,5.33,2.8,0.7,7.0,0.0,0.0,0.0,0.0,0.0,28.1,33.4,19.2,28.7,-128.7,20.7,0.0,1.0,1.0,1.0,0.0,0.0,1.0,0.0,90.0,90.0,0
2025-04-11 10:33:09,21.01,5.33,2.8,0.7,6.7,0.0,0.0,0.0,0.0,0.0,28.1,33.4,19.2,28.7,-128.7,20.7,0.0,1.0,1.0,1.0,0.0,0.0,1.0,0.0,90.0,90.0,0
2025-04-11 10:33:10,21.01,5.32,2.8,0.7,6.8,0.0,0.0,0.0,0.0,0.0,28.1,33.4,19.2,28.8,-128.7,20.8,0.0,1.0,1.0,1.0,0.0,0.0,1.0,0.0,90.0,90.0,0
2025-04-11 10:33:11,21.02,5.34,2.8,0.7,7.2,0.0,0.0,0.0,0.0,0.0,28.1,33.4,19.2,28.8,-128.7,20.8,0.0,1.0,1.0,1.0,0.0,0.0,1.0,0.0,90.0,90.0,0
2025-04-11 10:33:12,21.02,5.32,2.8,0.7,7.0,0.0,0.0,0.0,0.0,0.0,28.1,33.4,19.2,28.8,-128.7,20.8,0.0,1.0,1.0,1.0,0.0,0.0,1.0,0.0,90.0,90.0,0
2025-04-11 10:33:13,21.03,5.33,2.8,0.7,6.9,0.0,0.0,0.0,0.0,0.0,28.1,33.4,19.2,28.8,-128.7,20.8,0.0,1.0,1.0,1.0,0.0,0.0,1.0,0.0,90.0,90.0,0
2025-04-11 10:33:14,21.02,5.33,2.8,0.7,6.599999,0.0,0.0,0.0,0.0,0.0,28.1,33.4,19.3,28.8,-128.7,20.9,0.0,1.0,1.0,1.0,0.0,0.0,1.0,0.0,90.0,90.0,0
2025-04-11 10:33:15,21.02,5.33,2.7,0.7,6.599999,0.0,0.0,0.0,0.0,0.0,28.1,33.4,19.3,28.8,-128.7,20.8,0.0,1.0,1.0,1.0,0.0,0.0,1.0,0.0,90.0,90.0,0
2025-04-11 10:33:16,21.01,5.33,2.8,0.7,6.599999,0.0,0.0,0.0,0.0,0.0,28.1,33.4,19.3,28.8,-128.7,20.9,0.0,1.0,1.0,1.0,0.0,0.0,1.0,0.0,90.0,90.0,0
2025-04-11 10:33:17,21.01,5.32,2.8,0.7,7.0,0.0,0.0,0.0,0.0,0.0,28.1,33.4,19.3,28.8,-128.7,20.8,0.0,1.0,1.0,1.0,0.0,0.0,1.0,0.0,90.0,90.0,0
2025-04-11 10:33:18,21.02,5.33,2.8,0.7,6.7,0.0,0.0,0.0,0.0,0.0,28.1,33.4,19.3,28.8,-128.7,20.8,0.0,1.0,1.0,1.0,0.0,0.0,1.0,0.0,90.0,90.0,0
2025-04-11 10:33:19,21.02,5.33,2.8,0.7,7.5,0.0,0.0,0.0,0.0,0.0,28.1,33.4,19.4,28.8,-128.7,20.8,0.0,1.0,1.0,1.0,0.0,0.0,1.0,0.0,90.0,90.0,0
2025-04-11 10:33:20,21.01,5.34,2.8,0.7,7.099999,0.0,0.0,0.0,0.0,0.0,28.1,33.4,19.4,28.8,-128.7,20.8,0.0,1.0,1.0,1.0,0.0,0.0,1.0,0.0,90.0,90.0,0
2025-04-11 10:33:21,21.02,5.33,2.8,0.7,7.2,0.0,0.0,0.0,0.0,0.0,28.1,33.4,19.4,28.8,-128.7,20.9,0.0,1.0,1.0,1.0,0.0,0.0,1.0,0.0,90.0,90.0,0
2025-04-11 10:33:22,21.01,5.33,2.8,0.7,6.8,0.0,0.0,0.0,0.0,0.0,28.1,33.4,19.4,28.8,-128.7,20.8,0.0,1.0,1.0,1.0,0.0,0.0,1.0,0.0,90.0,90.0,0
2025-04-11 10:33:23,21.02,5.32,2.8,0.7,6.9,0.0,0.0,0.0,0.0,0.0,28.1,33.4,19.5,28.8,-128.7,20.9,0.0,1.0,1.0,1.0,0.0,0.0,1.0,0.0,90.0,90.0,0
2025-04-11 10:33:24,21.02,5.33,2.7,0.7,6.9,0.0,0.0,0.0,0.0,0.0,28.1,33.4,19.5,28.8,-128.7,20.8,0.0,1.0,1.0,1.0,0.0,0.0,1.0,0.0,90.0,90.0,0
2025-04-11 10:33:25,21.03,5.34,2.8,0.7,7.4,0.0,0.0,0.0,0.0,0.0,28.1,33.4,19.5,28.8,-128.7,20.8,0.0,1.0,1.0,1.0,0.0,0.0,1.0,0.0,90.0,90.0,0
2025-04-11 10:33:26,21.02,5.33,2.8,0.7,7.5,0.0,0.0,0.0,0.0,0.0,28.1,33.4,19.5,28.8,-128.7,20.8,0.0,1.0,1.0,1.0,0.0,0.0,1.0,0.0,90.0,90.0,0
2025-04-11 10:33:27,21.03,5.33,2.8,0.7,6.599999,0.0,0.0,0.0,0.0,0.0,28.1,33.4,19.5,28.8,-128.7,20.8,0.0,1.0,1.0,1.0,0.0,0.0,1.0,0.0,90.0,90.0,0
2025-04-11 10:33:28,21.01,5.32,2.8,0.7,6.9,0.0,0.0,0.0,0.0,0.0,28.1,33.4,19.5,28.8,-128.7,20.8,0.0,1.0,1.0,1.0,0.0,0.0,1.0,0.0,90.0,90.0,0
2025-04-11 10:33:29,21.02,5.34,2.8,0.7,6.9,0.0,0.0,0.0,0.0,0.0,28.1,33.4,19.6,28.8,-128.7,20.8,0.0,1.0,1.0,1.0,0.0,0.0,1.0,0.0,90.0,90.0,0
2025-04-11 10:33:30,21.05,5.33,2.8,0.7,7.3,0.0,0.0,0.0,0.0,0.0,28.1,33.4,19.6,28.8,-128.7,20.9,0.0,1.0,1.0,1.0,0.0,0.0,1.0,0.0,90.0,90.0,0
2025-04-11 10:33:31,21.05,5.33,2.8,0.7,6.9,0.0,0.0,0.0,0.0,0.0,28.1,33.4,19.6,28.8,-128.7,20.8,0.0,1.0,1.0,1.0,0.0,0.0,1.0,0.0,90.0,90.0,0
2025-04-11 10:33:32,21.05,5.33,2.8,0.7,6.8,0.0,0.0,0.0,0.0,0.0,28.1,33.4,19.6,28.8,-128.7,20.9,0.0,1.0,1.0,1.0,0.0,0.0,1.0,0.0,90.0,90.0,0
2025-04-11 10:33:33,21.03,5.32,2.7,0.7,6.9,0.0,0.0,0.0,0.0,0.0,28.1,33.4,19.6,28.8,-128.7,20.8,0.0,1.0,1.0,1.0,0.0,0.0,1.0,0.0,90.0,90.0,0
2025-04-11 10:33:34,21.03,5.33,2.8,0.7,7.0,0.0,0.0,0.0,0.0,0.0,28.1,33.4,19.7,28.8,-128.7,20.8,0.0,1.0,1.0,1.0,0.0,0.0,1.0,0.0,90.0,90.0,0
2025-04-11 10:33:35,21.05,5.32,2.8,0.7,6.7,0.0,0.0,0.0,0.0,0.0,28.1,33.4,19.7,28.8,-128.7,20.8,0.0,1.0,1.0,1.0,0.0,0.0,1.0,0.0,90.0,90.0,0
2025-04-11 10:33:36,21.03,5.33,2.8,0.7,6.3,0.0,0.0,0.0,0.0,0.0,28.1,33.4,19.7,28.8,-128.7,20.8,0.0,1.0,1.0,1.0,0.0,0.0,1.0,0.0,90.0,90.0,0
2025-04-11 10:33:37,21.03,5.32,2.8,0.7,6.7,0.0,0.0,0.0,0.0,0.0,28.1,33.4,19.7,28.8,-128.7,20.9,0.0,1.0,1.0,1.0,0.0,0.0,1.0,0.0,90.0,90.0,0
2025-04-11 10:33:38,21.06,5.33,2.8,0.7,7.2,0.0,0.0,0.0,0.0,0.0,28.1,33.4,19.7,28.8,-128.7,20.8,0.0,1.0,1.0,1.0,0.0,0.0,1.0,0.0,90.0,90.0,0
2025-04-11 10:33:39,21.05,5.32,2.8,0.7,6.599999,0.0,0.0,0.0,0.0,0.0,28.1,33.4,19.7,28.9,-128.7,21.0,0.0,1.0,1.0,1.0,0.0,0.0,1.0,0.0,90.0,90.0,0
2025-04-11 10:33:40,21.03,5.33,2.8,0.7,6.4,0.0,0.0,0.0,0.0,0.0,28.1,33.4,19.8,28.9,-128.7,20.9,0.0,1.0,1.0,1.0,0.0,0.0,1.0,0.0,90.0,90.0,0
2025-04-11 10:33:41,21.05,5.33,2.8,0.7,7.2,0.0,0.0,0.0,0.0,0.0,28.1,33.4,19.8,28.9,-128.7,21.0,0.0,1.0,1.0,1.0,0.0,0.0,1.0,0.0,90.0,90.0,0
2025-04-11 10:33:42,21.05,5.32,2.8,0.7,6.8,0.0,0.0,0.0,0.0,0.0,28.1,33.4,19.8,28.9,-128.7,20.9,0.0,1.0,1.0,1.0,0.0,0.0,1.0,0.0,90.0,90.0,0
2025-04-11 10:33:43,21.06,5.33,2.8,0.7,6.9,0.0,0.0,0.0,0.0,0.0,28.1,33.4,19.8,28.9,-128.7,21.0,0.0,1.0,1.0,1.0,0.0,0.0,1.0,0.0,90.0,90.0,0
2025-04-11 10:33:44,21.06,5.32,2.8,0.7,6.599999,0.0,0.0,0.0,0.0,0.0,28.1,33.4,19.8,28.9,-128.7,21.0,0.0,1.0,1.0,1.0,0.0,0.0,1.0,0.0,90.0,90.0,0
2025-04-11 10:33:45,21.06,5.33,2.8,0.7,7.0,0.0,0.0,0.0,0.0,0.0,28.1,33.4,19.8,28.9,-128.7,20.9,0.0,1.0,1.0,1.0,0.0,0.0,1.0,0.0,90.0,90.0,0
2025-04-11 10:33:46,21.06,5.32,2.8,0.7,6.5,0.0,0.0,0.0,0.0,0.0,28.1,33.4,19.8,28.9,-128.7,21.0,0.0,1.0,1.0,1.0,0.0,0.0,1.0,0.0,90.0,90.0,0
2025-04-11 10:33:47,21.06,5.33,2.8,0.7,6.599999,0.0,0.0,0.0,0.0,0.0,28.1,33.4,19.8,28.9,-128.7,20.9,0.0,1.0,1.0,1.0,0.0,0.0,1.0,0.0,90.0,90.0,0
2025-04-11 10:33:48,21.03,5.33,2.8,0.7,6.7,0.0,0.0,0.0,0.0,0.0,28.1,33.4,19.8,28.9,-128.7,21.0,0.0,1.0,1.0,1.0,0.0,0.0,1.0,0.0,90.0,90.0,0
2025-04-11 10:33:49,21.03,5.32,2.8,0.7,7.099999,0.0,0.0,0.0,0.0,0.0,28.1,33.4,19.9,28.9,-128.7,21.0,0.0,1.0,1.0,1.0,0.0,0.0,1.0,0.0,90.0,90.0,0
2025-04-11 10:33:50,21.03,5.33,2.8,0.7,7.0,0.0,0.0,0.0,0.0,0.0,28.1,33.4,19.9,28.9,-128.7,21.0,0.0,1.0,1.0,1.0,0.0,0.0,1.0,0.0,90.0,90.0,0
2025-04-11 10:33:51,21.05,5.309999,2.8,0.7,7.0,0.0,0.0,0.0,0.0,0.0,28.1,33.4,19.9,28.9,-128.7,21.0,0.0,1.0,1.0,1.0,0.0,0.0,1.0,0.0,90.0,90.0,0
2025-04-11 10:33:52,21.03,5.32,2.8,0.7,6.5,0.0,0.0,0.0,0.0,0.0,28.1,33.4,19.9,28.9,-128.7,20.9,0.0,1.0,1.0,1.0,0.0,0.0,1.0,0.0,90.0,90.0,0
2025-04-11 10:33:53,21.07,5.309999,2.8,0.7,7.3,0.0,0.0,0.0,0.0,0.0,28.1,33.4,19.9,28.9,-128.7,21.0,0.0,1.0,1.0,1.0,0.0,0.0,1.0,0.0,90.0,90.0,0
2025-04-11 10:33:54,21.03,5.33,2.8,0.7,7.3,0.0,0.0,0.0,0.0,0.0,28.1,33.4,19.9,28.9,-128.7,21.0,0.0,1.0,1.0,1.0,0.0,0.0,1.0,0.0,90.0,90.0,0
2025-04-11 10:33:55,21.06,5.33,2.8,0.7,6.9,0.0,0.0,0.0,0.0,0.0,28.1,33.4,20.0,28.9,-128.7,21.0,0.0,1.0,1.0,1.0,0.0,0.0,1.0,0.0,90.0,90.0,0
2025-04-11 10:33:56,21.05,5.32,2.8,0.7,7.0,0.0,0.0,0.0,0.0,0.0,28.1,33.4,20.0,28.9,-128.7,21.0,0.0,1.0,1.0,1.0,0.0,0.0,1.0,0.0,90.0,90.0,0
2025-04-11 10:33:57,21.03,5.33,2.8,0.7,7.3,0.0,0.0,0.0,0.0,0.0,28.1,33.4,20.0,28.9,-128.7,20.9,0.0,1.0,1.0,1.0,0.0,0.0,1.0,0.0,90.0,90.0,0
2025-04-11 10:33:58,21.03,5.32,2.7,0.7,6.9,0.0,0.0,0.0,0.0,0.0,28.1,33.4,20.0,28.9,-128.7,21.1,0.0,1.0,1.0,1.0,0.0,0.0,1.0,0.0,90.0,90.0,0
2025-04-11 10:33:59,21.03,5.33,2.8,0.7,7.099999,0.0,0.0,0.0,0.0,0.0,28.1,33.4,20.0,28.9,-128.7,20.9,0.0,1.0,1.0,1.0,0.0,0.0,1.0,0.0,90.0,90.0,0
2025-04-11 10:34:00,21.03,5.309999,2.8,0.7,6.9,0.0,0.0,0.0,0.0,0.0,28.1,33.4,20.0,28.9,-128.7,21.1,0.0,1.0,1.0,1.0,0.0,0.0,1.0,0.0,90.0,90.0,0
2025-04-11 10:34:01,21.05,5.32,2.8,0.7,7.099999,0.0,0.0,0.0,0.0,0.0,28.1,33.4,20.0,28.9,-128.7,21.0,0.0,1.0,1.0,1.0,0.0,0.0,1.0,0.0,90.0,90.0,0
2025-04-11 10:34:02,21.02,5.309999,2.8,0.7,7.3,0.0,0.0,0.0,0.0,0.0,28.1,33.4,20.1,28.9,-128.7,21.0,0.0,1.0,1.0,1.0,0.0,0.0,1.0,0.0,90.0,90.0,0
2025-04-11 10:34:03,21.02,5.32,2.8,0.7,6.5,0.0,0.0,0.0,0.0,0.0,28.1,33.4,20.1,28.9,-128.7,21.0,0.0,1.0,1.0,1.0,0.0,0.0,1.0,0.0,90.0,90.0,0
2025-04-11 10:34:04,21.06,5.32,2.8,0.7,6.8,0.0,0.0,0.0,0.0,0.0,28.1,33.4,20.1,28.9,-128.7,21.0,0.0,1.0,1.0,1.0,0.0,0.0,1.0,0.0,90.0,90.0,0
2025-04-11 10:34:05,21.03,5.309999,2.8,0.7,6.8,0.0,0.0,0.0,0.0,0.0,28.1,33.4,20.1,28.9,-128.7,21.0,0.0,1.0,1.0,1.0,0.0,0.0,1.0,0.0,90.0,90.0,0
2025-04-11 10:34:06,21.03,5.33,2.8,0.7,7.4,0.0,0.0,0.0,0.0,0.0,28.1,33.4,20.1,28.9,-128.7,21.0,0.0,1.0,1.0,1.0,0.0,0.0,1.0,0.0,90.0,90.0,0
2025-04-11 10:34:07,21.02,5.32,2.8,0.7,6.9,0.0,0.0,0.0,0.0,0.0,28.1,33.4,20.1,29.0,-128.7,21.2,0.0,1.0,1.0,1.0,0.0,0.0,1.0,0.0,90.0,90.0,0
2025-04-11 10:34:08,21.03,5.32,2.7,0.7,6.599999,0.0,0.0,0.0,0.0,0.0,28.1,33.4,20.1,29.0,-128.7,21.0,0.0,1.0,1.0,1.0,0.0,0.0,1.0,0.0,90.0,90.0,0
2025-04-11 10:34:09,21.05,5.32,2.7,0.7,6.599999,0.0,0.0,0.0,0.0,0.0,28.1,33.4,20.1,29.0,-128.7,21.1,0.0,1.0,1.0,1.0,0.0,0.0,1.0,0.0,90.0,90.0,0
2025-04-11 10:34:10,21.03,5.32,2.8,0.7,6.7,0.0,0.0,0.0,0.0,0.0,28.1,33.4,20.1,29.0,-128.7,21.1,0.0,1.0,1.0,1.0,0.0,0.0,1.0,0.0,90.0,90.0,0
2025-04-11 10:34:11,21.05,5.32,2.8,0.7,7.2,0.0,0.0,0.0,0.0,0.0,28.1,33.4,20.1,29.0,-128.7,21.0,0.0,1.0,1.0,1.0,0.0,0.0,1.0,0.0,90.0,90.0,0
2025-04-11 10:34:12,21.06,5.309999,2.8,0.7,7.2,0.0,0.0,0.0,0.0,0.0,28.1,33.4,20.1,29.0,-128.7,21.1,0.0,1.0,1.0,1.0,0.0,0.0,1.0,0.0,90.0,90.0,0
2025-04-11 10:34:13,21.03,5.32,2.8,0.7,6.9,0.0,0.0,0.0,0.0,0.0,28.1,33.4,20.1,29.0,-128.7,21.0,0.0,1.0,1.0,1.0,0.0,0.0,1.0,0.0,90.0,90.0,0
2025-04-11 10:34:14,21.03,5.309999,2.8,0.7,7.0,0.0,0.0,0.0,0.0,0.0,28.1,33.4,20.1,29.0,-128.7,21.2,0.0,1.0,1.0,1.0,0.0,0.0,1.0,0.0,90.0,90.0,0
2025-04-11 10:34:15,21.05,5.32,2.8,0.7,7.5,0.0,0.0,0.0,0.0,0.0,28.1,33.4,20.1,29.0,-128.7,21.0,0.0,1.0,1.0,1.0,0.0,0.0,1.0,0.0,90.0,90.0,0
2025-04-11 10:34:16,21.05,5.32,2.7,0.7,7.099999,0.0,0.0,0.0,0.0,0.0,28.1,33.4,20.1,29.0,-128.7,21.1,0.0,1.0,1.0,1.0,0.0,0.0,1.0,0.0,90.0,90.0,0
2025-04-11 10:34:17,21.05,5.32,2.7,0.7,7.4,0.0,0.0,0.0,0.0,0.0,28.1,33.4,20.2,29.0,-128.7,21.1,0.0,1.0,1.0,1.0,0.0,0.0,1.0,0.0,90.0,90.0,0
2025-04-11 10:34:18,21.03,5.32,2.7,0.7,7.0,0.0,0.0,0.0,0.0,0.0,28.1,33.4,20.2,29.0,-128.7,21.1,0.0,1.0,1.0,1.0,0.0,0.0,1.0,0.0,90.0,90.0,0
2025-04-11 10:34:19,21.03,5.309999,2.7,0.7,7.099999,0.0,0.0,0.0,0.0,0.0,28.1,33.4,20.2,29.0,-128.7,21.1,0.0,1.0,1.0,1.0,0.0,0.0,1.0,0.0,90.0,90.0,0
2025-04-11 10:34:20,21.05,5.32,2.8,0.7,7.2,0.0,0.0,0.0,0.0,0.0,28.1,33.4,20.2,29.0,-128.7,21.1,0.0,1.0,1.0,1.0,0.0,0.0,1.0,0.0,90.0,90.0,0
2025-04-11 10:34:21,21.06,5.309999,2.8,0.7,7.5,0.0,0.0,0.0,0.0,0.0,28.1,33.4,20.2,29.0,-128.7,21.2,0.0,1.0,1.0,1.0,0.0,0.0,1.0,0.0,90.0,90.0,0
2025-04-11 10:34:22,21.03,5.32,2.8,0.7,6.8,0.0,0.0,0.0,0.0,0.0,28.1,33.4,20.2,29.0,-128.7,21.0,0.0,1.0,1.0,1.0,0.0,0.0,1.0,0.0,90.0,90.0,0
2025-04-11 10:34:23,21.02,5.32,2.7,0.7,7.2,0.0,0.0,0.0,0.0,0.0,28.1,33.4,20.1,29.0,-128.7,21.2,0.0,1.0,1.0,1.0,0.0,0.0,1.0,0.0,90.0,90.0,0
2025-04-11 10:34:24,21.02,5.309999,2.8,0.7,7.2,0.0,0.0,0.0,0.0,0.0,28.1,33.4,20.1,29.0,-128.7,21.1,0.0,1.0,1.0,1.0,0.0,0.0,1.0,0.0,90.0,90.0,0
2025-04-11 10:34:25,21.03,5.32,2.8,0.7,6.7,0.0,0.0,0.0,0.0,0.0,28.1,33.4,20.1,29.0,-128.7,21.2,0.0,1.0,1.0,1.0,0.0,0.0,1.0,0.0,90.0,90.0,0
2025-04-11 10:34:26,21.03,5.309999,2.8,0.7,6.7,0.0,0.0,0.0,0.0,0.0,28.1,33.4,20.1,29.0,-128.7,21.2,0.0,1.0,1.0,1.0,0.0,0.0,1.0,0.0,90.0,90.0,0
2025-04-11 10:34:27,21.03,5.32,2.8,0.7,6.9,0.0,0.0,0.0,0.0,0.0,28.1,33.4,20.1,29.0,-128.7,21.1,0.0,1.0,1.0,1.0,0.0,0.0,1.0,0.0,90.0,90.0,0
2025-04-11 10:34:28,21.03,5.309999,2.8,0.7,7.099999,0.0,0.0,0.0,0.0,0.0,28.1,33.4,20.1,29.0,-128.7,21.2,0.0,1.0,1.0,1.0,0.0,0.0,1.0,0.0,90.0,90.0,0
2025-04-11 10:34:29,21.05,5.32,2.8,0.7,7.5,0.0,0.0,0.0,0.0,0.0,28.1,33.4,20.1,29.0,-128.7,21.1,0.0,1.0,1.0,1.0,0.0,0.0,1.0,0.0,90.0,90.0,0
2025-04-11 10:34:30,21.05,5.309999,2.8,0.7,7.0,0.0,0.0,0.0,0.0,0.0,28.1,33.4,20.0,29.0,-128.7,21.2,0.0,1.0,1.0,1.0,0.0,0.0,1.0,0.0,90.0,90.0,0
2025-04-11 10:34:31,21.02,5.309999,2.8,0.7,6.599999,0.0,0.0,0.0,0.0,0.0,28.1,33.4,20.0,29.0,-128.7,21.1,0.0,1.0,1.0,1.0,0.0,0.0,1.0,0.0,90.0,90.0,0
2025-04-11 10:34:32,21.06,5.32,2.8,0.7,6.599999,0.0,0.0,0.0,0.0,0.0,28.1,33.4,20.0,29.0,-128.7,21.1,0.0,1.0,1.0,1.0,0.0,0.0,1.0,0.0,90.0,90.0,0
2025-04-11 10:34:33,21.03,5.309999,2.8,0.7,7.3,0.0,0.0,0.0,0.0,0.0,28.1,33.4,20.0,29.0,-128.7,21.1,0.0,1.0,1.0,1.0,0.0,0.0,1.0,0.0,90.0,90.0,0
2025-04-11 10:34:34,21.01,5.33,2.7,0.7,7.4,0.0,0.0,0.0,0.0,0.0,28.1,33.4,20.0,29.0,-128.7,21.1,0.0,1.0,1.0,1.0,0.0,0.0,1.0,0.0,90.0,90.0,0
2025-04-11 10:34:35,21.02,5.3,2.8,0.7,6.8,0.0,0.0,0.0,0.0,0.0,28.1,33.3,20.0,29.0,-128.7,21.2,0.0,1.0,1.0,1.0,0.0,0.0,1.0,0.0,90.0,90.0,0
2025-04-11 10:34:36,21.02,5.33,2.8,0.7,6.8,0.0,0.0,0.0,0.0,0.0,28.1,33.3,20.0,29.0,-128.7,21.0,0.0,1.0,1.0,1.0,0.0,0.0,1.0,0.0,90.0,90.0,0
2025-04-11 10:34:37,21.02,5.3,2.8,0.7,6.599999,0.0,0.0,0.0,0.0,0.0,28.1,33.3,20.0,29.0,-128.7,21.2,0.0,1.0,1.0,1.0,0.0,0.0,1.0,0.0,90.0,90.0,0
2025-04-11 10:34:38,21.05,5.3,2.8,0.7,6.9,0.0,0.0,0.0,0.0,0.0,28.1,33.3,20.0,29.0,-128.7,21.1,0.0,1.0,1.0,1.0,0.0,0.0,1.0,0.0,90.0,90.0,0
2025-04-11 10:34:39,21.02,5.32,2.8,0.7,7.0,0.0,0.0,0.0,0.0,0.0,28.1,33.3,19.9,29.0,-128.7,21.2,0.0,1.0,1.0,1.0,0.0,0.0,1.0,0.0,90.0,90.0,0
2025-04-11 10:34:40,21.02,5.309999,2.8,0.7,6.7,0.0,0.0,0.0,0.0,0.0,28.1,33.3,19.9,29.0,-128.7,21.2,0.0,1.0,1.0,1.0,0.0,0.0,1.0,0.0,90.0,90.0,0
2025-04-11 10:34:41,21.0,5.309999,2.8,0.7,6.8,0.0,0.0,0.0,0.0,0.0,28.1,33.3,19.9,29.0,-128.7,21.2,0.0,1.0,1.0,1.0,0.0,0.0,1.0,0.0,90.0,90.0,0
2025-04-11 10:34:42,21.01,5.3,2.8,0.7,6.7,0.0,0.0,0.0,0.0,0.0,28.1,33.3,19.9,29.0,-128.7,21.2,0.0,1.0,1.0,1.0,0.0,0.0,1.0,0.0,90.0,90.0,0
2025-04-11 10:34:43,21.01,5.309999,2.8,0.7,7.4,0.0,0.0,0.0,0.0,0.0,28.1,33.3,19.9,29.0,-128.7,21.2,0.0,1.0,1.0,1.0,0.0,0.0,1.0,0.0,90.0,90.0,0
2025-04-11 10:34:44,21.01,5.3,2.7,0.7,6.599999,0.0,0.0,0.0,0.0,0.0,28.1,33.3,19.9,29.0,-128.7,21.2,0.0,1.0,1.0,1.0,0.0,0.0,1.0,0.0,90.0,90.0,0
2025-04-11 10:34:45,21.01,5.309999,2.7,0.7,6.8,0.0,0.0,0.0,0.0,0.0,28.1,33.3,19.9,29.1,-128.7,21.2,0.0,1.0,1.0,1.0,0.0,0.0,1.0,0.0,90.0,90.0,0
2025-04-11 10:34:46,21.01,5.3,3.0,0.7,6.9,0.0,0.0,0.0,0.0,0.0,28.1,33.3,19.9,29.1,-128.7,21.3,0.0,1.0,1.0,1.0,0.0,0.0,1.0,0.0,90.0,90.0,0
2025-04-11 10:34:47,21.02,5.3,2.8,0.7,6.5,0.0,0.0,0.0,0.0,0.0,28.1,33.3,19.9,29.1,-128.7,21.3,0.0,1.0,1.0,1.0,0.0,0.0,1.0,0.0,90.0,90.0,0
2025-04-11 10:34:48,21.01,5.3,2.8,0.7,6.8,0.0,0.0,0.0,0.0,0.0,28.1,33.3,19.9,29.1,-128.7,21.3,0.0,1.0,1.0,1.0,0.0,0.0,1.0,0.0,90.0,90.0,0
2025-04-11 10:34:49,21.01,5.3,2.8,0.7,6.5,0.0,0.0,0.0,0.0,0.0,28.1,33.3,19.8,29.1,-128.7,21.3,0.0,1.0,1.0,1.0,0.0,0.0,1.0,0.0,90.0,90.0,0
2025-04-11 10:34:50,21.01,5.3,2.8,0.7,7.2,0.0,0.0,0.0,0.0,0.0,28.1,33.3,19.8,29.1,-128.7,21.3,0.0,1.0,1.0,1.0,0.0,0.0,1.0,0.0,90.0,90.0,0
2025-04-11 10:34:51,21.0,5.3,2.8,0.7,7.5,0.0,0.0,0.0,0.0,0.0,28.1,33.3,19.8,29.1,-128.7,21.3,0.0,1.0,1.0,1.0,0.0,0.0,1.0,0.0,90.0,90.0,0
2025-04-11 10:34:52,21.0,5.3,2.7,0.7,7.2,0.0,0.0,0.0,0.0,0.0,28.1,33.3,19.8,29.1,-128.7,21.3,0.0,1.0,1.0,1.0,0.0,0.0,1.0,0.0,90.0,90.0,0
2025-04-11 10:34:53,21.01,5.29,2.7,0.7,7.0,0.0,0.0,0.0,0.0,0.0,28.1,33.3,19.8,29.1,-128.7,21.3,0.0,1.0,1.0,1.0,0.0,0.0,1.0,0.0,90.0,90.0,0
2025-04-11 10:34:54,21.01,5.309999,2.8,0.7,7.2,0.0,0.0,0.0,0.0,0.0,28.1,33.3,19.8,29.1,-128.7,21.3,0.0,1.0,1.0,1.0,0.0,0.0,1.0,0.0,90.0,90.0,0
2025-04-11 10:34:55,21.0,5.3,2.8,0.7,7.2,0.0,0.0,0.0,0.0,0.0,28.1,33.3,19.8,29.1,-128.7,21.3,0.0,1.0,1.0,1.0,0.0,0.0,1.0,0.0,90.0,90.0,0
2025-04-11 10:34:56,20.99,5.309999,2.8,0.7,6.8,0.0,0.0,0.0,0.0,0.0,28.1,33.3,19.8,29.1,-128.7,21.3,0.0,1.0,1.0,1.0,0.0,0.0,1.0,0.0,90.0,90.0,0
2025-04-11 10:34:57,21.0,5.29,2.8,0.7,6.8,0.0,0.0,0.0,0.0,0.0,28.1,33.3,19.8,29.1,-128.7,21.4,0.0,1.0,1.0,1.0,0.0,0.0,1.0,0.0,90.0,90.0,0
2025-04-11 10:34:58,20.99,5.3,2.7,0.7,6.4,0.0,0.0,0.0,0.0,0.0,28.1,33.3,19.8,29.1,-128.7,21.3,0.0,1.0,1.0,1.0,0.0,0.0,1.0,0.0,90.0,90.0,0
2025-04-11 10:34:59,21.0,5.29,2.8,0.7,6.599999,0.0,0.0,0.0,0.0,0.0,28.1,33.3,19.8,29.1,-128.7,21.4,0.0,1.0,1.0,1.0,0.0,0.0,1.0,0.0,90.0,90.0,0
2025-04-11 10:35:00,21.01,5.3,2.8,0.7,7.099999,0.0,0.0,0.0,0.0,0.0,28.1,33.3,19.8,29.1,-128.7,21.3,0.0,1.0,1.0,1.0,0.0,0.0,1.0,0.0,90.0,90.0,0
2025-04-11 10:35:01,21.01,5.29,2.8,0.7,6.9,0.0,0.0,0.0,0.0,0.0,28.1,33.3,19.8,29.1,-128.7,21.3,0.0,1.0,1.0,1.0,0.0,0.0,1.0,0.0,90.0,90.0,0
2025-04-11 10:35:02,21.01,5.3,2.8,0.7,6.8,0.0,0.0,0.0,0.0,0.0,28.1,33.3,19.7,29.1,-128.7,21.3,0.0,1.0,1.0,1.0,0.0,0.0,1.0,0.0,90.0,90.0,0
2025-04-11 10:35:03,21.0,5.3,2.7,0.7,6.9,0.0,0.0,0.0,0.0,0.0,28.1,33.3,19.7,29.1,-128.7,21.3,0.0,1.0,1.0,1.0,0.0,0.0,1.0,0.0,90.0,90.0,0
2025-04-11 10:35:04,21.01,5.3,2.8,0.7,6.7,0.0,0.0,0.0,0.0,0.0,28.1,33.3,19.7,29.1,-128.7,21.3,0.0,1.0,1.0,1.0,0.0,0.0,1.0,0.0,90.0,90.0,0
2025-04-11 10:35:05,21.02,5.309999,2.8,0.7,7.099999,0.0,0.0,0.0,0.0,0.0,28.1,33.3,19.7,29.1,-128.7,21.3,0.0,1.0,1.0,1.0,0.0,0.0,1.0,0.0,90.0,90.0,0
2025-04-11 10:35:06,21.02,5.29,2.7,0.7,6.7,0.0,0.0,0.0,0.0,0.0,28.1,33.3,19.7,29.1,-128.7,21.3,0.0,1.0,1.0,1.0,0.0,0.0,1.0,0.0,90.0,90.0,0
2025-04-11 10:35:07,21.01,5.3,2.8,0.7,7.5,0.0,0.0,0.0,0.0,0.0,28.1,33.3,19.7,29.1,-128.7,21.3,0.0,1.0,1.0,1.0,0.0,0.0,1.0,0.0,90.0,90.0,0
2025-04-11 10:35:08,21.02,5.29,2.8,0.7,7.2,0.0,0.0,0.0,0.0,0.0,28.1,33.3,19.7,29.1,-128.7,21.4,0.0,1.0,1.0,1.0,0.0,0.0,1.0,0.0,90.0,90.0,0
2025-04-11 10:35:09,21.01,5.3,2.8,0.7,7.3,0.0,0.0,0.0,0.0,0.0,28.1,33.3,19.7,29.1,-128.7,21.3,0.0,1.0,1.0,1.0,0.0,0.0,1.0,0.0,90.0,90.0,0
2025-04-11 10:35:10,21.01,5.29,2.8,0.7,6.9,0.0,0.0,0.0,0.0,0.0,28.1,33.3,19.7,29.1,-128.7,21.3,0.0,1.0,1.0,1.0,0.0,0.0,1.0,0.0,90.0,90.0,0
2025-04-11 10:35:11,21.01,5.3,2.7,0.7,6.7,0.0,0.0,0.0,0.0,0.0,28.1,33.3,19.7,29.1,-128.7,21.3,0.0,1.0,1.0,1.0,0.0,0.0,1.0,0.0,90.0,90.0,0
2025-04-11 10:35:12,21.01,5.3,2.7,0.7,6.7,0.0,0.0,0.0,0.0,0.0,28.1,33.3,19.7,29.1,-128.7,21.4,0.0,1.0,1.0,1.0,0.0,0.0,1.0,0.0,90.0,90.0,0
2025-04-11 10:35:13,21.02,5.3,2.7,0.7,7.099999,0.0,0.0,0.0,0.0,0.0,28.1,33.3,19.7,29.1,-128.7,21.3,0.0,1.0,1.0,1.0,0.0,0.0,1.0,0.0,90.0,90.0,0
2025-04-11 10:35:14,21.02,5.3,2.8,0.7,6.7,0.0,0.0,0.0,0.0,0.0,28.1,33.3,19.7,29.1,-128.7,21.3,0.0,1.0,1.0,1.0,0.0,0.0,1.0,0.0,90.0,90.0,0
2025-04-11 10:35:15,21.0,5.29,2.8,0.7,7.0,0.0,0.0,0.0,0.0,0.0,28.1,33.3,19.6,29.1,-128.7,21.3,0.0,1.0,1.0,1.0,0.0,0.0,1.0,0.0,90.0,90.0,0
2025-04-11 10:35:16,21.01,5.3,2.8,0.7,7.099999,0.0,0.0,0.0,0.0,0.0,28.1,33.3,19.6,29.1,-128.7,21.3,0.0,1.0,1.0,1.0,0.0,0.0,1.0,0.0,90.0,90.0,0
2025-04-11 10:35:17,21.0,5.3,2.8,0.7,7.2,0.0,0.0,0.0,0.0,0.0,28.1,33.3,19.6,29.1,-128.7,21.3,0.0,1.0,1.0,1.0,0.0,0.0,1.0,0.0,90.0,90.0,0
2025-04-11 10:35:18,20.99,5.309999,2.8,0.7,7.0,0.0,0.0,0.0,0.0,0.0,28.1,33.3,19.6,29.1,-128.7,21.3,0.0,1.0,1.0,1.0,0.0,0.0,1.0,0.0,90.0,90.0,0
2025-04-11 10:35:19,21.0,5.29,2.8,0.7,6.7,0.0,0.0,0.0,0.0,0.0,28.1,33.3,19.6,29.1,-128.7,21.3,0.0,1.0,1.0,1.0,0.0,0.0,1.0,0.0,90.0,90.0,0
2025-04-11 10:35:20,21.01,5.3,2.8,0.7,6.7,0.0,0.0,0.0,0.0,0.0,28.1,33.3,19.6,29.1,-128.7,21.3,0.0,1.0,1.0,1.0,0.0,0.0,1.0,0.0,90.0,90.0,0
2025-04-11 10:35:21,21.01,5.3,2.7,0.7,7.3,0.0,0.0,0.0,0.0,0.0,28.1,33.3,19.6,29.1,-128.7,21.3,0.0,1.0,1.0,1.0,0.0,0.0,1.0,0.0,90.0,90.0,0
2025-04-11 10:35:22,21.0,5.3,2.8,0.7,7.3,0.0,0.0,0.0,0.0,0.0,28.1,33.3,19.6,29.1,-128.7,21.4,0.0,1.0,1.0,1.0,0.0,0.0,1.0,0.0,90.0,90.0,0
2025-04-11 10:35:23,21.0,5.3,2.7,0.7,7.0,0.0,0.0,0.0,0.0,0.0,28.1,33.3,19.6,29.1,-128.7,21.3,0.0,1.0,1.0,1.0,0.0,0.0,1.0,0.0,90.0,90.0,0
2025-04-11 10:35:24,21.01,5.3,2.7,0.7,7.4,0.0,0.0,0.0,0.0,0.0,28.1,33.3,19.5,29.1,-128.7,21.3,0.0,1.0,1.0,1.0,0.0,0.0,1.0,0.0,90.0,90.0,0
2025-04-11 10:35:25,21.01,5.3,2.8,0.7,7.4,0.0,0.0,0.0,0.0,0.0,28.1,33.3,19.5,29.1,-128.7,21.3,0.0,1.0,1.0,1.0,0.0,0.0,1.0,0.0,90.0,90.0,0
2025-04-11 10:35:26,21.01,5.3,2.8,0.7,6.8,0.0,0.0,0.0,0.0,0.0,28.1,33.3,19.5,29.1,-128.7,21.4,0.0,1.0,1.0,1.0,0.0,0.0,1.0,0.0,90.0,90.0,0
2025-04-11 10:35:27,21.01,5.3,2.8,0.7,6.8,0.0,0.0,0.0,0.0,0.0,28.1,33.3,19.5,29.1,-128.7,21.3,0.0,1.0,1.0,1.0,0.0,0.0,1.0,0.0,90.0,90.0,0
2025-04-11 10:35:28,21.0,5.3,2.7,0.7,6.9,0.0,0.0,0.0,0.0,0.0,28.1,33.3,19.5,29.1,-128.7,21.4,0.0,1.0,1.0,1.0,0.0,0.0,1.0,0.0,90.0,90.0,0
2025-04-11 10:35:29,21.0,5.3,2.8,0.7,6.9,0.0,0.0,0.0,0.0,0.0,28.1,33.3,19.5,29.1,-128.7,21.3,0.0,1.0,1.0,1.0,0.0,0.0,1.0,0.0,90.0,90.0,0
2025-04-11 10:35:30,21.0,5.3,2.8,0.7,6.599999,0.0,0.0,0.0,0.0,0.0,28.1,33.3,19.4,29.1,-128.7,21.3,0.0,1.0,1.0,1.0,0.0,0.0,1.0,0.0,90.0,90.0,0
2025-04-11 10:35:31,21.01,5.3,2.8,0.7,6.8,0.0,0.0,0.0,0.0,0.0,28.1,33.3,19.4,29.1,-128.7,21.3,0.0,1.0,1.0,1.0,0.0,0.0,1.0,0.0,90.0,90.0,0
2025-04-11 10:35:32,21.01,5.3,2.7,0.7,6.9,0.0,0.0,0.0,0.0,0.0,28.1,33.3,19.4,29.1,-128.7,21.3,0.0,1.0,1.0,1.0,0.0,0.0,1.0,0.0,90.0,90.0,0
2025-04-11 10:35:33,21.01,5.3,2.8,0.7,7.4,0.0,0.0,0.0,0.0,0.0,28.1,33.3,19.4,29.1,-128.7,21.3,0.0,1.0,1.0,1.0,0.0,0.0,1.0,0.0,90.0,90.0,0
2025-04-11 10:35:34,21.0,5.3,2.8,0.7,7.5,0.0,0.0,0.0,0.0,0.0,28.1,33.3,19.4,29.1,-128.7,21.3,0.0,1.0,1.0,1.0,0.0,0.0,1.0,0.0,90.0,90.0,0
2025-04-11 10:35:35,21.0,5.3,2.8,0.7,7.5,0.0,0.0,0.0,0.0,0.0,28.1,33.3,19.4,29.1,-128.7,21.3,0.0,1.0,1.0,1.0,0.0,0.0,1.0,0.0,90.0,90.0,0
2025-04-11 10:35:36,21.01,5.3,2.8,0.7,7.599999,0.0,0.0,0.0,0.0,0.0,28.1,33.3,19.4,29.1,-128.7,21.4,0.0,1.0,1.0,1.0,0.0,0.0,1.0,0.0,90.0,90.0,0
2025-04-11 10:35:37,21.01,5.3,2.7,0.7,7.0,0.0,0.0,0.0,0.0,0.0,28.1,33.3,19.4,29.1,-128.7,21.3,0.0,1.0,1.0,1.0,0.0,0.0,1.0,0.0,90.0,90.0,0
2025-04-11 10:35:38,21.01,5.3,2.7,0.7,6.7,0.0,0.0,0.0,0.0,0.0,28.1,33.3,19.4,29.1,-128.7,21.3,0.0,1.0,1.0,1.0,0.0,0.0,1.0,0.0,90.0,90.0,0
2025-04-11 10:35:39,21.02,5.3,2.7,0.7,7.3,0.0,0.0,0.0,0.0,0.0,28.1,33.3,19.3,29.1,-128.7,21.3,0.0,1.0,1.0,1.0,0.0,0.0,1.0,0.0,90.0,90.0,0
2025-04-11 10:35:40,21.01,5.3,2.7,0.7,7.4,0.0,0.0,0.0,0.0,0.0,28.1,33.3,19.3,29.1,-128.7,21.3,0.0,1.0,1.0,1.0,0.0,0.0,1.0,0.0,90.0,90.0,0
2025-04-11 10:35:41,21.01,5.3,2.8,0.7,7.599999,0.0,0.0,0.0,0.0,0.0,28.1,33.3,19.3,29.1,-128.7,21.3,0.0,1.0,1.0,1.0,0.0,0.0,1.0,0.0,90.0,90.0,0
2025-04-11 10:35:42,21.01,5.3,2.8,0.7,7.2,0.0,0.0,0.0,0.0,0.0,28.1,33.3,19.3,29.1,-128.7,21.3,0.0,1.0,1.0,1.0,0.0,0.0,1.0,0.0,90.0,90.0,0
2025-04-11 10:35:43,21.02,5.29,2.8,0.7,7.3,0.0,0.0,0.0,0.0,0.0,28.1,33.3,19.3,29.1,-128.7,21.3,0.0,1.0,1.0,1.0,0.0,0.0,1.0,0.0,90.0,90.0,0
2025-04-11 10:35:44,21.03,5.3,2.7,0.7,7.099999,0.0,0.0,0.0,0.0,0.0,28.1,33.3,19.3,29.1,-128.7,21.3,0.0,1.0,1.0,1.0,0.0,0.0,1.0,0.0,90.0,90.0,0
2025-04-11 10:35:45,21.01,5.29,2.8,0.7,6.4,0.0,0.0,0.0,0.0,0.0,28.1,33.3,19.3,29.1,-128.7,21.3,0.0,1.0,1.0,1.0,0.0,0.0,1.0,0.0,90.0,90.0,0
2025-04-11 10:35:46,21.01,5.3,2.7,0.7,6.9,0.0,0.0,0.0,0.0,0.0,28.1,33.3,19.3,29.1,-128.7,21.3,0.0,1.0,1.0,1.0,0.0,0.0,1.0,0.0,90.0,90.0,0
2025-04-11 10:35:47,21.0,5.3,2.7,0.7,7.0,0.0,0.0,0.0,0.0,0.0,28.1,33.3,19.3,29.1,-128.7,21.3,0.0,1.0,1.0,1.0,0.0,0.0,1.0,0.0,90.0,90.0,0
2025-04-11 10:35:48,21.01,5.3,2.8,0.7,7.0,0.0,0.0,0.0,0.0,0.0,28.1,33.3,19.2,29.1,-128.7,21.3,0.0,1.0,1.0,1.0,0.0,0.0,1.0,0.0,90.0,90.0,0
2025-04-11 10:35:49,21.02,5.3,2.8,0.7,7.4,0.0,0.0,0.0,0.0,0.0,28.1,33.3,19.2,29.1,-128.7,21.3,0.0,1.0,1.0,1.0,0.0,0.0,1.0,0.0,90.0,90.0,0
2025-04-11 10:35:50,21.01,5.3,2.8,0.7,6.599999,0.0,0.0,0.0,0.0,0.0,28.1,33.3,19.2,29.1,-128.7,21.3,0.0,1.0,1.0,1.0,0.0,0.0,1.0,0.0,90.0,90.0,0
2025-04-11 10:35:51,21.01,5.3,2.8,0.7,7.2,0.0,0.0,0.0,0.0,0.0,28.1,33.3,19.2,29.1,-128.7,21.3,0.0,1.0,1.0,1.0,0.0,0.0,1.0,0.0,90.0,90.0,0
2025-04-11 10:35:52,21.01,5.3,2.8,0.7,7.0,0.0,0.0,0.0,0.0,0.0,28.1,33.3,19.2,29.1,-128.7,21.3,0.0,1.0,1.0,1.0,0.0,0.0,1.0,0.0,90.0,90.0,0
2025-04-11 10:35:53,21.02,5.3,2.8,0.7,7.5,0.0,0.0,0.0,0.0,0.0,28.1,33.3,19.2,29.1,-128.7,21.3,0.0,1.0,1.0,1.0,0.0,0.0,1.0,0.0,90.0,90.0,0
2025-04-11 10:35:54,21.03,5.3,2.8,0.7,7.2,0.0,0.0,0.0,0.0,0.0,28.1,33.3,19.2,29.0,-128.7,21.2,0.0,1.0,1.0,1.0,0.0,0.0,1.0,0.0,90.0,90.0,0
2025-04-11 10:35:55,21.01,5.3,2.8,0.7,7.099999,0.0,0.0,0.0,0.0,0.0,28.1,33.3,19.2,29.0,-128.7,21.2,0.0,1.0,1.0,1.0,0.0,0.0,1.0,0.0,90.0,90.0,0
2025-04-11 10:35:56,21.02,5.3,2.7,0.7,7.099999,0.0,0.0,0.0,0.0,0.0,28.1,33.3,19.1,29.0,-128.7,21.2,0.0,1.0,1.0,1.0,0.0,0.0,1.0,0.0,90.0,90.0,0
2025-04-11 10:35:57,21.02,5.3,2.8,0.7,6.7,0.0,0.0,0.0,0.0,0.0,28.1,33.3,19.1,29.0,-128.7,21.2,0.0,1.0,1.0,1.0,0.0,0.0,1.0,0.0,90.0,90.0,0
2025-04-11 10:35:58,21.01,5.3,2.8,0.7,6.7,0.0,0.0,0.0,0.0,0.0,28.1,33.3,19.1,29.0,-128.7,21.2,0.0,1.0,1.0,1.0,0.0,0.0,1.0,0.0,90.0,90.0,0
2025-04-11 10:35:59,21.02,5.3,2.7,0.7,7.4,0.0,0.0,0.0,0.0,0.0,28.1,33.3,19.1,29.0,-128.7,21.2,0.0,1.0,1.0,1.0,0.0,0.0,1.0,0.0,90.0,90.0,0
2025-04-11 10:36:00,21.01,5.3,2.8,0.7,7.0,0.0,0.0,0.0,0.0,0.0,28.1,33.3,19.1,29.0,-128.7,21.2,0.0,1.0,1.0,1.0,0.0,0.0,1.0,0.0,90.0,90.0,0
2025-04-11 10:36:01,21.01,5.3,2.8,0.7,6.5,0.0,0.0,0.0,0.0,0.0,28.1,33.3,19.1,29.0,-128.7,21.2,0.0,1.0,1.0,1.0,0.0,0.0,1.0,0.0,90.0,90.0,0
2025-04-11 10:36:02,21.01,5.3,2.8,0.7,6.5,0.0,0.0,0.0,0.0,0.0,28.1,33.3,19.0,29.0,-128.7,21.2,0.0,1.0,1.0,1.0,0.0,0.0,1.0,0.0,90.0,90.0,0
2025-04-11 10:36:03,21.0,5.3,2.8,0.7,6.5,0.0,0.0,0.0,0.0,0.0,28.1,33.4,19.0,29.0,-128.7,21.2,0.0,1.0,1.0,1.0,0.0,0.0,1.0,0.0,90.0,90.0,0
2025-04-11 10:36:04,21.02,5.3,2.8,0.7,7.099999,0.0,0.0,0.0,0.0,0.0,28.1,33.4,19.0,29.0,-128.7,21.2,0.0,1.0,1.0,1.0,0.0,0.0,1.0,0.0,90.0,90.0,0
2025-04-11 10:36:05,21.0,5.3,2.8,0.7,7.3,0.0,0.0,0.0,0.0,0.0,28.1,33.4,19.0,29.0,-128.7,21.2,0.0,1.0,1.0,1.0,0.0,0.0,1.0,0.0,90.0,90.0,0
2025-04-11 10:36:06,21.01,5.3,2.8,0.7,6.9,0.0,0.0,0.0,0.0,0.0,28.1,33.4,19.0,29.0,-128.7,21.2,0.0,1.0,1.0,1.0,0.0,0.0,1.0,0.0,90.0,90.0,0
2025-04-11 10:36:07,21.02,5.3,2.8,0.7,6.4,0.0,0.0,0.0,0.0,0.0,28.1,33.4,19.0,29.0,-128.7,21.2,0.0,1.0,1.0,1.0,0.0,0.0,1.0,0.0,90.0,90.0,0
2025-04-11 10:36:08,21.02,5.3,2.7,0.7,6.9,0.0,0.0,0.0,0.0,0.0,28.1,33.4,19.0,29.0,-128.7,21.2,0.0,1.0,1.0,1.0,0.0,0.0,1.0,0.0,90.0,90.0,0
2025-04-11 10:36:09,21.02,5.3,2.8,0.7,6.7,0.0,0.0,0.0,0.0,0.0,28.1,33.4,18.9,29.0,-128.7,21.2,0.0,1.0,1.0,1.0,0.0,0.0,1.0,0.0,90.0,90.0,0
2025-04-11 10:36:10,21.01,5.3,2.8,0.7,6.599999,0.0,0.0,0.0,0.0,0.0,28.1,33.4,18.9,29.0,-128.7,21.2,0.0,1.0,1.0,1.0,0.0,0.0,1.0,0.0,90.0,90.0,0
2025-04-11 10:36:11,21.01,5.3,2.8,0.7,6.8,0.0,0.0,0.0,0.0,0.0,28.1,33.4,18.9,29.0,-128.7,21.2,0.0,1.0,1.0,1.0,0.0,0.0,1.0,0.0,90.0,90.0,0
2025-04-11 10:36:12,21.01,5.3,2.8,0.7,7.5,0.0,0.0,0.0,0.0,0.0,28.1,33.3,18.9,29.0,-128.7,21.2,0.0,1.0,1.0,1.0,0.0,0.0,1.0,0.0,90.0,90.0,0
2025-04-11 10:36:13,21.01,5.3,2.8,0.7,7.2,0.0,0.0,0.0,0.0,0.0,28.1,33.3,18.9,29.0,-128.7,21.2,0.0,1.0,1.0,1.0,0.0,0.0,1.0,0.0,90.0,90.0,0
2025-04-11 10:36:14,21.02,5.3,2.7,0.7,7.3,0.0,0.0,0.0,0.0,0.0,28.1,33.3,18.9,29.0,-128.7,21.2,0.0,1.0,1.0,1.0,0.0,0.0,1.0,0.0,90.0,90.0,0
2025-04-11 10:36:15,21.03,5.3,2.8,0.7,6.8,0.0,0.0,0.0,0.0,0.0,28.1,33.3,18.9,29.0,-128.7,21.2,0.0,1.0,1.0,1.0,0.0,0.0,1.0,0.0,90.0,90.0,0
2025-04-11 10:36:16,21.02,5.3,2.7,0.7,7.0,0.0,0.0,0.0,0.0,0.0,28.1,33.3,18.9,29.0,-128.7,21.2,0.0,1.0,1.0,1.0,0.0,0.0,1.0,0.0,90.0,90.0,0
2025-04-11 10:36:17,21.01,5.3,2.8,0.7,7.2,0.0,0.0,0.0,0.0,0.0,28.1,33.3,18.9,29.0,-128.7,21.2,0.0,1.0,1.0,1.0,0.0,0.0,1.0,0.0,90.0,90.0,0
2025-04-11 10:36:18,21.02,5.3,2.7,0.7,7.599999,0.0,0.0,0.0,0.0,0.0,28.1,33.3,18.8,29.0,-128.7,21.2,0.0,1.0,1.0,1.0,0.0,0.0,1.0,0.0,90.0,90.0,0
2025-04-11 10:36:19,21.03,5.3,2.8,0.7,7.5,0.0,0.0,0.0,0.0,0.0,28.1,33.3,18.8,29.0,-128.7,21.2,0.0,1.0,1.0,1.0,0.0,0.0,1.0,0.0,90.0,90.0,0
2025-04-11 10:36:20,21.03,5.3,2.8,0.7,7.3,0.0,0.0,0.0,0.0,0.0,28.1,33.3,18.8,29.0,-128.7,21.2,0.0,1.0,1.0,1.0,0.0,0.0,1.0,0.0,90.0,90.0,0
2025-04-11 10:36:21,21.02,5.3,2.8,0.7,7.2,0.0,0.0,0.0,0.0,0.0,28.1,33.3,18.8,29.0,-128.7,21.2,0.0,1.0,1.0,1.0,0.0,0.0,1.0,0.0,90.0,90.0,0
2025-04-11 10:36:22,21.02,5.3,2.8,0.7,6.599999,0.0,0.0,0.0,0.0,0.0,28.1,33.3,18.8,29.0,-128.7,21.2,0.0,1.0,1.0,1.0,0.0,0.0,1.0,0.0,90.0,90.0,0
2025-04-11 10:36:23,21.01,5.3,2.8,0.7,6.5,0.0,0.0,0.0,0.0,0.0,28.1,33.3,18.8,29.0,-128.7,21.2,0.0,1.0,1.0,1.0,0.0,0.0,1.0,0.0,90.0,90.0,0
2025-04-11 10:36:24,21.01,5.3,2.7,0.7,6.5,0.0,0.0,0.0,0.0,0.0,28.1,33.3,18.8,29.0,-128.7,21.2,0.0,1.0,1.0,1.0,0.0,0.0,1.0,0.0,90.0,90.0,0
2025-04-11 10:36:25,21.02,5.3,2.8,0.7,6.7,0.0,0.0,0.0,0.0,0.0,28.1,33.3,18.8,29.0,-128.7,21.2,0.0,1.0,1.0,1.0,0.0,0.0,1.0,0.0,90.0,90.0,0
2025-04-11 10:36:26,21.01,5.3,2.7,0.7,6.9,0.0,0.0,0.0,0.0,0.0,28.1,33.3,18.8,29.0,-128.7,21.2,0.0,1.0,1.0,1.0,0.0,0.0,1.0,0.0,90.0,90.0,0
2025-04-11 10:36:27,21.03,5.3,2.8,0.7,7.2,0.0,0.0,0.0,0.0,0.0,28.1,33.3,18.8,29.0,-128.7,21.2,0.0,1.0,1.0,1.0,0.0,0.0,1.0,0.0,90.0,90.0,0
2025-04-11 10:36:28,21.01,5.309999,2.8,0.7,7.3,0.0,0.0,0.0,0.0,0.0,28.1,33.3,18.7,29.0,-128.7,21.2,0.0,1.0,1.0,1.0,0.0,0.0,1.0,0.0,90.0,90.0,0
2025-04-11 10:36:29,21.01,5.3,2.8,0.7,7.3,0.0,0.0,0.0,0.0,0.0,28.1,33.3,18.7,28.9,-128.7,21.1,0.0,1.0,1.0,1.0,0.0,0.0,1.0,0.0,90.0,90.0,0
2025-04-11 10:36:30,21.01,5.309999,2.8,0.7,7.4,0.0,0.0,0.0,0.0,0.0,28.1,33.3,18.7,28.9,-128.7,21.1,0.0,1.0,1.0,1.0,0.0,0.0,1.0,0.0,90.0,90.0,0
2025-04-11 10:36:31,21.02,5.3,2.8,0.7,7.0,0.0,0.0,0.0,0.0,0.0,28.1,33.3,18.7,28.9,-128.7,21.1,0.0,1.0,1.0,1.0,0.0,0.0,1.0,0.0,90.0,90.0,0
2025-04-11 10:36:32,21.02,5.309999,2.8,0.7,6.7,0.0,0.0,0.0,0.0,0.0,28.1,33.3,18.7,28.9,-128.7,21.1,0.0,1.0,1.0,1.0,0.0,0.0,1.0,0.0,90.0,90.0,0
2025-04-11 10:36:33,21.01,5.3,2.8,0.7,7.0,0.0,0.0,0.0,0.0,0.0,28.1,33.3,18.7,28.9,-128.7,21.1,0.0,1.0,1.0,1.0,0.0,0.0,1.0,0.0,90.0,90.0,0
2025-04-11 10:36:34,21.02,5.32,2.8,0.7,6.5,0.0,0.0,0.0,0.0,0.0,28.1,33.3,18.7,28.9,-128.7,21.1,0.0,1.0,1.0,1.0,0.0,0.0,1.0,0.0,90.0,90.0,0
2025-04-11 10:36:35,21.03,5.29,2.8,0.7,6.599999,0.0,0.0,0.0,0.0,0.0,28.1,33.3,18.7,28.9,-128.7,21.1,0.0,1.0,1.0,1.0,0.0,0.0,1.0,0.0,90.0,90.0,0
2025-04-11 10:36:36,21.03,5.309999,2.8,0.7,6.8,0.0,0.0,0.0,0.0,0.0,28.1,33.3,18.7,28.9,-128.7,21.1,0.0,1.0,1.0,1.0,0.0,0.0,1.0,0.0,90.0,90.0,0
2025-04-11 10:36:37,21.03,5.29,2.8,0.7,7.099999,0.0,0.0,0.0,0.0,0.0,28.1,33.3,18.7,28.9,-128.7,21.2,0.0,1.0,1.0,1.0,0.0,0.0,1.0,0.0,90.0,90.0,0
2025-04-11 10:36:38,21.03,5.3,2.8,0.7,7.099999,0.0,0.0,0.0,0.0,0.0,28.1,33.3,18.7,28.9,-128.7,21.1,0.0,1.0,1.0,1.0,0.0,0.0,1.0,0.0,90.0,90.0,0
2025-04-11 10:36:39,21.01,5.3,2.8,0.7,6.8,0.0,0.0,0.0,0.0,0.0,28.1,33.3,18.7,28.9,-128.7,21.1,0.0,1.0,1.0,1.0,0.0,0.0,1.0,0.0,90.0,90.0,0
2025-04-11 10:36:40,21.05,5.3,2.8,0.7,7.099999,0.0,0.0,0.0,0.0,0.0,28.1,33.3,18.7,28.9,-128.7,21.1,0.0,1.0,1.0,1.0,0.0,0.0,1.0,0.0,90.0,90.0,0
2025-04-11 10:36:41,21.03,5.3,2.8,0.7,6.9,0.0,0.0,0.0,0.0,0.0,28.1,33.3,18.7,28.9,-128.7,21.1,0.0,1.0,1.0,1.0,0.0,0.0,1.0,0.0,90.0,90.0,0
2025-04-11 10:36:42,21.02,5.3,2.7,0.7,7.0,0.0,0.0,0.0,0.0,0.0,28.1,33.3,18.7,28.9,-128.7,21.1,0.0,1.0,1.0,1.0,0.0,0.0,1.0,0.0,90.0,90.0,0
2025-04-11 10:36:43,21.03,5.3,2.8,0.7,7.5,0.0,0.0,0.0,0.0,0.0,28.1,33.3,18.6,28.9,-128.7,21.1,0.0,1.0,1.0,1.0,0.0,0.0,1.0,0.0,90.0,90.0,0
2025-04-11 10:36:44,21.03,5.3,2.7,0.7,7.7,0.0,0.0,0.0,0.0,0.0,28.1,33.3,18.6,28.9,-128.7,21.1,0.0,1.0,1.0,1.0,0.0,0.0,1.0,0.0,90.0,90.0,0
2025-04-11 10:36:45,21.03,5.3,2.7,0.7,7.4,0.0,0.0,0.0,0.0,0.0,28.1,33.3,18.6,28.9,-128.7,21.1,0.0,1.0,1.0,1.0,0.0,0.0,1.0,0.0,90.0,90.0,0
2025-04-11 10:36:46,21.01,5.3,2.8,0.7,7.0,0.0,0.0,0.0,0.0,0.0,28.1,33.4,18.6,28.9,-128.7,21.1,0.0,1.0,1.0,1.0,0.0,0.0,1.0,0.0,90.0,90.0,0
2025-04-11 10:36:47,21.02,5.29,2.8,0.7,6.7,0.0,0.0,0.0,0.0,0.0,28.1,33.4,18.6,28.9,-128.7,21.1,0.0,1.0,1.0,1.0,0.0,0.0,1.0,0.0,90.0,90.0,0
2025-04-11 10:36:48,21.02,5.3,2.8,0.7,6.9,0.0,0.0,0.0,0.0,0.0,28.1,33.4,18.6,28.9,-128.7,21.1,0.0,1.0,1.0,1.0,0.0,0.0,1.0,0.0,90.0,90.0,0
2025-04-11 10:36:49,21.02,5.3,2.8,0.7,6.3,0.0,0.0,0.0,0.0,0.0,28.1,33.4,18.6,28.9,-128.7,21.1,0.0,1.0,1.0,1.0,0.0,0.0,1.0,0.0,90.0,90.0,0
2025-04-11 10:36:50,21.03,5.3,2.8,0.7,6.9,0.0,0.0,0.0,0.0,0.0,28.1,33.4,18.6,28.9,-128.7,21.1,0.0,1.0,1.0,1.0,0.0,0.0,1.0,0.0,90.0,90.0,0
2025-04-11 10:36:51,21.03,5.3,2.8,0.7,7.2,0.0,0.0,0.0,0.0,0.0,28.1,33.4,18.6,28.9,-128.7,21.1,0.0,1.0,1.0,1.0,0.0,0.0,1.0,0.0,90.0,90.0,0
2025-04-11 10:36:52,21.02,5.3,2.7,0.7,6.7,0.0,0.0,0.0,0.0,0.0,28.1,33.4,18.6,28.9,-128.7,21.1,0.0,1.0,1.0,1.0,0.0,0.0,1.0,0.0,90.0,90.0,0
2025-04-11 10:36:53,21.03,5.3,2.8,0.7,7.2,0.0,0.0,0.0,0.0,0.0,28.1,33.4,18.6,28.9,-128.7,21.1,0.0,1.0,1.0,1.0,0.0,0.0,1.0,0.0,90.0,90.0,0
2025-04-11 10:36:54,21.05,5.3,2.8,0.7,6.9,0.0,0.0,0.0,0.0,0.0,28.1,33.4,18.6,28.9,-128.7,21.1,0.0,1.0,1.0,1.0,0.0,0.0,1.0,0.0,90.0,90.0,0
2025-04-11 10:36:55,21.06,5.3,2.8,0.7,6.9,0.0,0.0,0.0,0.0,0.0,28.1,33.4,18.6,28.9,-128.7,21.1,0.0,1.0,1.0,1.0,0.0,0.0,1.0,0.0,90.0,90.0,0
2025-04-11 10:36:56,21.03,5.3,2.8,0.7,7.4,0.0,0.0,0.0,0.0,0.0,28.1,33.4,18.6,28.9,-128.7,21.1,0.0,1.0,1.0,1.0,0.0,0.0,1.0,0.0,90.0,90.0,0
2025-04-11 10:36:57,21.05,5.309999,2.8,0.7,7.3,0.0,0.0,0.0,0.0,0.0,28.1,33.4,18.6,28.8,-128.7,21.0,0.0,1.0,1.0,1.0,0.0,0.0,1.0,0.0,90.0,90.0,0
2025-04-11 10:36:58,21.02,5.3,2.8,0.7,7.099999,0.0,0.0,0.0,0.0,0.0,28.0,33.4,18.6,28.8,-128.7,21.0,0.0,1.0,1.0,1.0,0.0,0.0,1.0,0.0,90.0,90.0,0
2025-04-11 10:36:59,21.02,5.309999,2.8,0.7,6.8,0.0,0.0,0.0,0.0,0.0,28.0,33.4,18.6,28.8,-128.7,21.0,0.0,1.0,1.0,1.0,0.0,0.0,1.0,0.0,90.0,90.0,0
2025-04-11 10:37:00,21.03,5.3,2.7,0.7,6.9,0.0,0.0,0.0,0.0,0.0,28.0,33.4,18.6,28.8,-128.7,21.0,0.0,1.0,1.0,1.0,0.0,0.0,1.0,0.0,90.0,90.0,0
2025-04-11 10:37:01,21.03,5.3,2.7,0.7,6.599999,0.0,0.0,0.0,0.0,0.0,28.0,33.4,18.6,28.8,-128.7,21.0,0.0,1.0,1.0,1.0,0.0,0.0,1.0,0.0,90.0,90.0,0
2025-04-11 10:37:02,21.02,5.309999,2.8,0.7,6.3,0.0,0.0,0.0,0.0,0.0,28.0,33.4,18.6,28.8,-128.7,21.0,0.0,1.0,1.0,1.0,0.0,0.0,1.0,0.0,90.0,90.0,0
2025-04-11 10:37:03,21.02,5.32,2.8,0.7,7.3,0.0,0.0,0.0,0.0,0.0,28.0,33.4,18.6,28.8,-128.7,21.0,0.0,1.0,1.0,1.0,0.0,0.0,1.0,0.0,90.0,90.0,0
2025-04-11 10:37:04,21.03,5.309999,2.8,0.7,7.0,0.0,0.0,0.0,0.0,0.0,28.0,33.4,18.6,28.8,-128.7,21.0,0.0,1.0,1.0,1.0,0.0,0.0,1.0,0.0,90.0,90.0,0
2025-04-11 10:37:05,21.03,5.309999,2.8,0.7,7.0,0.0,0.0,0.0,0.0,0.0,28.0,33.4,18.5,28.8,-128.7,21.0,0.0,1.0,1.0,1.0,0.0,0.0,1.0,0.0,90.0,90.0,0
2025-04-11 10:37:06,21.05,5.3,2.8,0.7,7.4,0.0,0.0,0.0,0.0,0.0,28.0,33.4,18.5,28.8,-128.7,21.0,0.0,1.0,1.0,1.0,0.0,0.0,1.0,0.0,90.0,90.0,0
2025-04-11 10:37:07,21.06,5.32,2.8,0.7,7.3,0.0,0.0,0.0,0.0,0.0,28.0,33.4,18.5,28.8,-128.7,21.0,0.0,1.0,1.0,1.0,0.0,0.0,1.0,0.0,90.0,90.0,0
2025-04-11 10:37:08,21.05,5.3,2.8,0.7,7.3,0.0,0.0,0.0,0.0,0.0,28.0,33.4,18.5,28.8,-128.7,21.0,0.0,1.0,1.0,1.0,0.0,0.0,1.0,0.0,90.0,90.0,0
2025-04-11 10:37:09,21.05,5.309999,2.8,0.7,6.9,0.0,0.0,0.0,0.0,0.0,28.0,33.4,18.5,28.8,-128.7,21.0,0.0,1.0,1.0,1.0,0.0,0.0,1.0,0.0,90.0,90.0,0
2025-04-11 10:37:10,21.02,5.3,2.7,0.7,6.599999,0.0,0.0,0.0,0.0,0.0,28.0,33.4,18.5,28.8,-128.7,21.0,0.0,1.0,1.0,1.0,0.0,0.0,1.0,0.0,90.0,90.0,0
2025-04-11 10:37:11,21.03,5.309999,2.8,0.7,7.4,0.0,0.0,0.0,0.0,0.0,28.0,33.4,18.5,28.8,-128.7,21.0,0.0,1.0,1.0,1.0,0.0,0.0,1.0,0.0,90.0,90.0,0
2025-04-11 10:37:12,21.03,5.3,2.8,0.7,7.2,0.0,0.0,0.0,0.0,0.0,28.0,33.4,18.5,28.8,-128.7,21.0,0.0,1.0,1.0,1.0,0.0,0.0,1.0,0.0,90.0,90.0,0
2025-04-11 10:37:13,21.03,5.309999,2.8,0.7,6.9,0.0,0.0,0.0,0.0,0.0,28.0,33.4,18.5,28.8,-128.7,21.0,0.0,1.0,1.0,1.0,0.0,0.0,1.0,0.0,90.0,90.0,0
2025-04-11 10:37:14,21.05,5.3,2.8,0.7,6.599999,0.0,0.0,0.0,0.0,0.0,28.0,33.4,18.5,28.8,-128.7,21.0,0.0,1.0,1.0,1.0,0.0,0.0,1.0,0.0,90.0,90.0,0
2025-04-11 10:37:15,21.05,5.3,2.8,0.7,6.7,0.0,0.0,0.0,0.0,0.0,28.0,33.4,18.5,28.8,-128.7,21.0,0.0,1.0,1.0,1.0,0.0,0.0,1.0,0.0,90.0,90.0,0
2025-04-11 10:37:16,21.02,5.3,2.8,0.7,6.8,0.0,0.0,0.0,0.0,0.0,28.0,33.4,18.5,28.8,-128.7,21.0,0.0,1.0,1.0,1.0,0.0,0.0,1.0,0.0,90.0,90.0,0
2025-04-11 10:37:17,21.01,5.309999,2.8,0.7,7.099999,0.0,0.0,0.0,0.0,0.0,28.0,33.4,18.5,28.8,-128.7,21.0,0.0,1.0,1.0,1.0,0.0,0.0,1.0,0.0,90.0,90.0,0
2025-04-11 10:37:18,21.02,5.3,2.8,0.7,6.9,0.0,0.0,0.0,0.0,0.0,28.0,33.4,18.5,28.8,-128.7,21.0,0.0,1.0,1.0,1.0,0.0,0.0,1.0,0.0,90.0,90.0,0
2025-04-11 10:37:19,21.02,5.3,2.8,0.7,7.599999,0.0,0.0,0.0,0.0,0.0,28.0,33.4,18.5,28.8,-128.7,21.0,0.0,1.0,1.0,1.0,0.0,0.0,1.0,0.0,90.0,90.0,0
2025-04-11 10:37:20,21.02,5.32,2.8,0.7,6.9,0.0,0.0,0.0,0.0,0.0,28.0,33.4,18.5,28.8,-128.7,21.0,0.0,1.0,1.0,1.0,0.0,0.0,1.0,0.0,90.0,90.0,0
2025-04-11 10:37:21,21.03,5.3,2.7,0.7,7.099999,0.0,0.0,0.0,0.0,0.0,28.0,33.4,18.5,28.7,-128.7,20.9,0.0,1.0,1.0,1.0,0.0,0.0,1.0,0.0,90.0,90.0,0
2025-04-11 10:37:22,21.01,5.32,2.8,0.7,6.599999,0.0,0.0,0.0,0.0,0.0,28.0,33.4,18.5,28.7,-128.7,20.9,0.0,1.0,1.0,1.0,0.0,0.0,1.0,0.0,90.0,90.0,0
2025-04-11 10:37:23,21.02,5.3,2.7,0.7,6.7,0.0,0.0,0.0,0.0,0.0,28.0,33.4,18.5,28.7,-128.7,20.9,0.0,1.0,1.0,1.0,0.0,0.0,1.0,0.0,90.0,90.0,0
2025-04-11 10:37:24,21.01,5.309999,2.8,0.7,6.5,0.0,0.0,0.0,0.0,0.0,28.0,33.4,18.5,28.7,-128.7,20.9,0.0,1.0,1.0,1.0,0.0,0.0,1.0,0.0,90.0,90.0,0
2025-04-11 10:37:25,21.0,5.3,2.8,0.7,6.5,0.0,0.0,0.0,0.0,0.0,28.0,33.4,18.5,28.7,-128.7,20.9,0.0,1.0,1.0,1.0,0.0,0.0,1.0,0.0,90.0,90.0,0
2025-04-11 10:37:26,21.02,5.309999,2.8,0.7,6.7,0.0,0.0,0.0,0.0,0.0,28.0,33.4,18.5,28.7,-128.7,20.8,0.0,1.0,1.0,1.0,0.0,0.0,1.0,0.0,90.0,90.0,0
2025-04-11 10:37:27,21.01,5.3,2.8,0.7,7.7,0.0,0.0,0.0,0.0,0.0,28.0,33.4,18.5,28.7,-128.7,20.9,0.0,1.0,1.0,1.0,0.0,0.0,1.0,0.0,90.0,90.0,0
2025-04-11 10:37:28,21.01,5.3,2.8,0.7,7.3,0.0,0.0,0.0,0.0,0.0,28.0,33.4,18.5,28.7,-128.7,20.9,0.0,1.0,1.0,1.0,0.0,0.0,1.0,0.0,90.0,90.0,0
2025-04-11 10:37:29,21.02,5.309999,2.8,0.7,7.2,0.0,0.0,0.0,0.0,0.0,28.0,33.4,18.5,28.7,-128.7,20.9,0.0,1.0,1.0,1.0,0.0,0.0,1.0,0.0,90.0,90.0,0
2025-04-11 10:37:30,21.02,5.3,2.8,0.7,7.0,0.0,0.0,0.0,0.0,0.0,28.0,33.4,18.5,28.7,-128.7,20.9,0.0,1.0,1.0,1.0,0.0,0.0,1.0,0.0,90.0,90.0,0
2025-04-11 10:37:31,21.02,5.309999,2.8,0.7,7.0,0.0,0.0,0.0,0.0,0.0,28.0,33.4,18.5,28.7,-128.7,20.9,0.0,1.0,1.0,1.0,0.0,0.0,1.0,0.0,90.0,90.0,0
2025-04-11 10:37:32,21.02,5.3,2.8,0.7,7.3,0.0,0.0,0.0,0.0,0.0,28.0,33.4,18.5,28.7,-128.7,20.9,0.0,1.0,1.0,1.0,0.0,0.0,1.0,0.0,90.0,90.0,0
2025-04-11 10:37:33,21.02,5.3,2.7,0.7,7.099999,0.0,0.0,0.0,0.0,0.0,28.0,33.4,18.5,28.7,-128.7,20.9,0.0,1.0,1.0,1.0,0.0,0.0,1.0,0.0,90.0,90.0,0
2025-04-11 10:37:34,21.01,5.3,2.8,0.7,7.3,0.0,0.0,0.0,0.0,0.0,28.0,33.4,18.5,28.7,-128.7,20.9,0.0,1.0,1.0,1.0,0.0,0.0,1.0,0.0,90.0,90.0,0
2025-04-11 10:37:35,21.02,5.3,2.8,0.7,7.099999,0.0,0.0,0.0,0.0,0.0,28.0,33.4,18.4,28.7,-128.7,20.9,0.0,1.0,1.0,1.0,0.0,0.0,1.0,0.0,90.0,90.0,0
2025-04-11 10:37:36,21.01,5.309999,2.7,0.7,7.2,0.0,0.0,0.0,0.0,0.0,28.0,33.4,18.4,28.7,-128.7,20.9,0.0,1.0,1.0,1.0,0.0,0.0,1.0,0.0,90.0,90.0,0
2025-04-11 10:37:37,21.01,5.3,2.8,0.7,6.7,0.0,0.0,0.0,0.0,0.0,28.0,33.4,18.4,28.7,-128.7,20.9,0.0,1.0,1.0,1.0,0.0,0.0,1.0,0.0,90.0,90.0,0
2025-04-11 10:37:38,21.01,5.309999,2.8,0.7,6.8,0.0,0.0,0.0,0.0,0.0,28.0,33.4,18.4,28.7,-128.7,20.9,0.0,1.0,1.0,1.0,0.0,0.0,1.0,0.0,90.0,90.0,0
2025-04-11 10:37:39,21.02,5.3,2.8,0.7,7.0,0.0,0.0,0.0,0.0,0.0,28.0,33.4,18.4,28.7,-128.7,20.9,0.0,1.0,1.0,1.0,0.0,0.0,1.0,0.0,90.0,90.0,0
2025-04-11 10:37:40,21.01,5.309999,2.8,0.7,6.7,0.0,0.0,0.0,0.0,0.0,28.0,33.4,18.4,28.7,-128.7,20.9,0.0,1.0,1.0,1.0,0.0,0.0,1.0,0.0,90.0,90.0,0
2025-04-11 10:37:41,21.01,5.3,2.7,0.7,7.0,0.0,0.0,0.0,0.0,0.0,28.0,33.4,18.4,28.7,-128.7,20.9,0.0,1.0,1.0,1.0,0.0,0.0,1.0,0.0,90.0,90.0,0
2025-04-11 10:37:42,21.0,5.309999,2.7,0.7,6.7,0.0,0.0,0.0,0.0,0.0,28.0,33.4,18.4,28.7,-128.7,20.8,0.0,1.0,1.0,1.0,0.0,0.0,1.0,0.0,90.0,90.0,0
2025-04-11 10:37:43,21.01,5.3,2.8,0.7,6.599999,0.0,0.0,0.0,0.0,0.0,28.0,33.4,18.4,28.7,-128.7,20.9,0.0,1.0,1.0,1.0,0.0,0.0,1.0,0.0,90.0,90.0,0
2025-04-11 10:37:44,21.01,5.3,2.8,0.7,6.8,0.0,0.0,0.0,0.0,0.0,28.0,33.4,18.4,28.7,-128.7,20.9,0.0,1.0,1.0,1.0,0.0,0.0,1.0,0.0,90.0,90.0,0
2025-04-11 10:37:45,21.01,5.32,2.8,0.7,6.9,0.0,0.0,0.0,0.0,0.0,28.0,33.4,18.4,28.7,-128.7,20.9,0.0,1.0,1.0,1.0,0.0,0.0,1.0,0.0,90.0,90.0,0
2025-04-11 10:37:46,21.02,5.3,2.8,0.7,7.3,0.0,0.0,0.0,0.0,0.0,28.0,33.4,18.4,28.7,-128.7,20.9,0.0,1.0,1.0,1.0,0.0,0.0,1.0,0.0,90.0,90.0,0
2025-04-11 10:37:47,21.03,5.32,2.7,0.7,6.9,0.0,0.0,0.0,0.0,0.0,28.0,33.4,18.4,28.7,-128.7,20.9,0.0,1.0,1.0,1.0,0.0,0.0,1.0,0.0,90.0,90.0,0
2025-04-11 10:37:48,21.03,5.3,2.8,0.7,7.2,0.0,0.0,0.0,0.0,0.0,28.0,33.4,18.4,28.7,-128.7,20.9,0.0,1.0,1.0,1.0,0.0,0.0,1.0,0.0,90.0,90.0,0
2025-04-11 10:37:49,21.03,5.32,2.8,0.7,7.5,0.0,0.0,0.0,0.0,0.0,28.0,33.4,18.4,28.7,-128.7,20.8,0.0,1.0,1.0,1.0,0.0,0.0,1.0,0.0,90.0,90.0,0
2025-04-11 10:37:50,21.02,5.3,2.7,0.7,6.599999,0.0,0.0,0.0,0.0,0.0,28.0,33.4,18.4,28.7,-128.7,20.9,0.0,1.0,1.0,1.0,0.0,0.0,1.0,0.0,90.0,90.0,0
2025-04-11 10:37:51,21.01,5.32,2.7,0.7,6.599999,0.0,0.0,0.0,0.0,0.0,28.0,33.4,18.4,28.6,-128.7,20.7,0.0,1.0,1.0,1.0,0.0,0.0,1.0,0.0,90.0,90.0,0
2025-04-11 10:37:52,21.03,5.32,2.8,0.7,7.4,0.0,0.0,0.0,0.0,0.0,28.0,33.4,18.4,28.6,-128.7,20.8,0.0,1.0,1.0,1.0,0.0,0.0,1.0,0.0,90.0,90.0,0
2025-04-11 10:37:53,21.03,5.309999,2.8,0.7,7.0,0.0,0.0,0.0,0.0,0.0,28.0,33.4,18.4,28.6,-128.7,20.8,0.0,1.0,1.0,1.0,0.0,0.0,1.0,0.0,90.0,90.0,0
2025-04-11 10:37:54,21.02,5.32,2.8,0.7,7.3,0.0,0.0,0.0,0.0,0.0,28.0,33.4,18.4,28.6,-128.7,20.8,0.0,1.0,1.0,1.0,0.0,0.0,1.0,0.0,90.0,90.0,0
2025-04-11 10:37:55,21.03,5.3,2.8,0.7,7.099999,0.0,0.0,0.0,0.0,0.0,28.0,33.4,18.4,28.6,-128.7,20.8,0.0,1.0,1.0,1.0,0.0,0.0,1.0,0.0,90.0,90.0,0
2025-04-11 10:37:56,21.05,5.33,2.8,0.7,6.5,0.0,0.0,0.0,0.0,0.0,28.0,33.4,18.4,28.6,-128.7,20.6,0.0,1.0,1.0,1.0,0.0,0.0,1.0,0.0,90.0,90.0,0
2025-04-11 10:37:57,21.03,5.3,2.8,0.7,6.599999,0.0,0.0,0.0,0.0,0.0,28.0,33.4,18.4,28.6,-128.7,20.8,0.0,1.0,1.0,1.0,0.0,0.0,1.0,0.0,90.0,90.0,0
2025-04-11 10:37:58,21.03,5.32,2.7,0.7,6.7,0.0,0.0,0.0,0.0,0.0,28.0,33.4,18.4,28.6,-128.7,20.7,0.0,1.0,1.0,1.0,0.0,0.0,1.0,0.0,90.0,90.0,0
2025-04-11 10:37:59,21.02,5.3,2.7,0.7,6.8,0.0,0.0,0.0,0.0,0.0,28.0,33.4,18.4,28.6,-128.7,20.8,0.0,1.0,1.0,1.0,0.0,0.0,1.0,0.0,90.0,90.0,0
2025-04-11 10:38:00,21.03,5.309999,2.8,0.7,7.099999,0.0,0.0,0.0,0.0,0.0,28.0,33.4,18.4,28.6,-128.7,20.7,0.0,1.0,1.0,1.0,0.0,0.0,1.0,0.0,90.0,90.0,0
2025-04-11 10:38:01,21.05,5.3,2.7,0.7,6.599999,0.0,0.0,0.0,0.0,0.0,28.0,33.4,18.4,28.6,-128.7,20.8,0.0,1.0,1.0,1.0,0.0,0.0,1.0,0.0,90.0,90.0,0
2025-04-11 10:38:02,21.03,5.3,2.8,0.7,7.3,0.0,0.0,0.0,0.0,0.0,28.0,33.4,18.4,28.6,-128.7,20.7,0.0,1.0,1.0,1.0,0.0,0.0,1.0,0.0,90.0,90.0,0
2025-04-11 10:38:03,21.05,5.32,2.8,0.7,7.099999,0.0,0.0,0.0,0.0,0.0,28.0,33.4,18.4,28.6,-128.7,20.8,0.0,1.0,1.0,1.0,0.0,0.0,1.0,0.0,90.0,90.0,0
2025-04-11 10:38:04,21.05,5.3,2.8,0.7,6.9,0.0,0.0,0.0,0.0,0.0,28.0,33.4,18.4,28.6,-128.7,20.8,0.0,1.0,1.0,1.0,0.0,0.0,1.0,0.0,90.0,90.0,0
2025-04-11 10:38:05,21.05,5.32,2.8,0.7,7.4,0.0,0.0,0.0,0.0,0.0,28.0,33.4,18.4,28.6,-128.7,20.8,0.0,1.0,1.0,1.0,0.0,0.0,1.0,0.0,90.0,90.0,0
2025-04-11 10:38:06,21.06,5.3,2.8,0.7,6.5,0.0,0.0,0.0,0.0,0.0,28.0,33.4,18.4,28.6,-128.7,20.8,0.0,1.0,1.0,1.0,0.0,0.0,1.0,0.0,90.0,90.0,0
2025-04-11 10:38:07,21.03,5.32,2.8,0.7,7.0,0.0,0.0,0.0,0.0,0.0,28.0,33.4,18.4,28.6,-128.7,20.8,0.0,1.0,1.0,1.0,0.0,0.0,1.0,0.0,90.0,90.0,0
2025-04-11 10:38:08,21.02,5.3,2.8,0.7,6.8,0.0,0.0,0.0,0.0,0.0,28.0,33.4,18.4,28.6,-128.7,20.8,0.0,1.0,1.0,1.0,0.0,0.0,1.0,0.0,90.0,90.0,0
2025-04-11 10:38:09,21.03,5.32,2.8,0.7,6.8,0.0,0.0,0.0,0.0,0.0,28.0,33.4,18.4,28.6,-128.7,20.7,0.0,1.0,1.0,1.0,0.0,0.0,1.0,0.0,90.0,90.0,0
2025-04-11 10:38:10,21.05,5.309999,2.8,0.7,7.5,0.0,0.0,0.0,0.0,0.0,28.0,33.4,18.4,28.6,-128.7,20.8,0.0,1.0,1.0,1.0,0.0,0.0,1.0,0.0,90.0,90.0,0
2025-04-11 10:38:11,21.03,5.309999,2.8,0.7,6.8,0.0,0.0,0.0,0.0,0.0,28.0,33.4,18.4,28.6,-128.7,20.7,0.0,1.0,1.0,1.0,0.0,0.0,1.0,0.0,90.0,90.0,0
2025-04-11 10:38:12,21.05,5.3,2.8,0.7,7.4,0.0,0.0,0.0,0.0,0.0,28.0,33.4,18.4,28.6,-128.7,20.8,0.0,1.0,1.0,1.0,0.0,0.0,1.0,0.0,90.0,90.0,0
2025-04-11 10:38:13,21.03,5.32,2.8,0.7,7.7,0.0,0.0,0.0,0.0,0.0,28.0,33.4,18.4,28.6,-128.7,20.8,0.0,1.0,1.0,1.0,0.0,0.0,1.0,0.0,90.0,90.0,0
2025-04-11 10:38:14,21.01,5.3,2.8,0.7,6.599999,0.0,0.0,0.0,0.0,0.0,28.0,33.4,18.4,28.6,-128.7,20.8,0.0,1.0,1.0,1.0,0.0,0.0,1.0,0.0,90.0,90.0,0
2025-04-11 10:38:15,21.02,5.32,2.8,0.7,7.0,0.0,0.0,0.0,0.0,0.0,28.0,33.4,18.4,28.6,-128.7,20.7,0.0,1.0,1.0,1.0,0.0,0.0,1.0,0.0,90.0,90.0,0
2025-04-11 10:38:16,21.01,5.3,2.7,0.7,6.7,0.0,0.0,0.0,0.0,0.0,28.0,33.4,18.4,28.6,-128.7,20.8,0.0,1.0,1.0,1.0,0.0,0.0,1.0,0.0,90.0,90.0,0
2025-04-11 10:38:17,21.03,5.3,2.8,0.7,7.599999,0.0,0.0,0.0,0.0,0.0,28.0,33.4,18.4,28.6,-128.7,20.7,0.0,1.0,1.0,1.0,0.0,0.0,1.0,0.0,90.0,90.0,0
2025-04-11 10:38:18,21.03,5.309999,2.7,0.7,6.9,0.0,0.0,0.0,0.0,0.0,28.0,33.4,18.4,28.6,-128.7,20.8,0.0,1.0,1.0,1.0,0.0,0.0,1.0,0.0,90.0,90.0,0
2025-04-11 10:38:19,21.03,5.3,2.7,0.7,7.4,0.0,0.0,0.0,0.0,0.0,28.0,33.4,18.4,28.6,-128.7,20.8,0.0,1.0,1.0,1.0,0.0,0.0,1.0,0.0,90.0,90.0,0
2025-04-11 10:38:20,21.05,5.309999,2.8,0.7,7.5,0.0,0.0,0.0,0.0,0.0,28.0,33.4,18.3,28.6,-128.7,20.8,0.0,1.0,1.0,1.0,0.0,0.0,1.0,0.0,90.0,90.0,0
2025-04-11 10:38:21,21.03,5.3,2.8,0.7,6.7,0.0,0.0,0.0,0.0,0.0,28.0,33.4,18.3,28.6,-128.7,20.8,0.0,1.0,1.0,1.0,0.0,0.0,1.0,0.0,90.0,90.0,0
2025-04-11 10:38:22,21.05,5.3,2.7,0.7,7.4,0.0,0.0,0.0,0.0,0.0,28.0,33.4,18.3,28.6,-128.7,20.8,0.0,1.0,1.0,1.0,0.0,0.0,1.0,0.0,90.0,90.0,0
2025-04-11 10:38:23,21.05,5.309999,2.8,0.7,6.4,0.0,0.0,0.0,0.0,0.0,28.0,33.4,18.3,28.6,-128.7,20.8,0.0,1.0,1.0,1.0,0.0,0.0,1.0,0.0,90.0,90.0,0
2025-04-11 10:38:24,21.06,5.3,2.8,0.7,6.7,0.0,0.0,0.0,0.0,0.0,28.0,33.4,18.3,28.6,-128.7,20.8,0.0,1.0,1.0,1.0,0.0,0.0,1.0,0.0,90.0,90.0,0
2025-04-11 10:38:25,21.06,5.3,2.8,0.7,6.9,0.0,0.0,0.0,0.0,0.0,28.0,33.4,18.3,28.6,-128.7,20.8,0.0,1.0,1.0,1.0,0.0,0.0,1.0,0.0,90.0,90.0,0
2025-04-11 10:38:26,21.03,5.3,2.8,0.7,6.7,0.0,0.0,0.0,0.0,0.0,28.0,33.4,18.3,28.6,-128.7,20.8,0.0,1.0,1.0,1.0,0.0,0.0,1.0,0.0,90.0,90.0,0
2025-04-11 10:38:27,21.02,5.3,2.8,0.7,7.7,0.0,0.0,0.0,0.0,0.0,28.0,33.4,18.3,28.6,-128.7,20.7,0.0,1.0,1.0,1.0,0.0,0.0,1.0,0.0,90.0,90.0,0
2025-04-11 10:38:28,21.02,5.309999,2.8,0.7,7.099999,0.0,0.0,0.0,0.0,0.0,28.0,33.4,18.3,28.6,-128.7,20.8,0.0,1.0,1.0,1.0,0.0,0.0,1.0,0.0,90.0,90.0,0
2025-04-11 10:38:29,21.02,5.3,2.7,0.7,7.099999,0.0,0.0,0.0,0.0,0.0,28.0,33.4,18.3,28.6,-128.7,20.8,0.0,1.0,1.0,1.0,0.0,0.0,1.0,0.0,90.0,90.0,0
2025-04-11 10:38:30,21.02,5.3,2.7,0.7,7.5,0.0,0.0,0.0,0.0,0.0,28.0,33.4,18.3,28.6,-128.7,20.8,0.0,1.0,1.0,1.0,0.0,0.0,1.0,0.0,90.0,90.0,0
2025-04-11 10:38:31,21.03,5.309999,2.7,0.7,7.0,0.0,0.0,0.0,0.0,0.0,28.0,33.4,18.3,28.6,-128.7,20.8,0.0,1.0,1.0,1.0,0.0,0.0,1.0,0.0,90.0,90.0,0
2025-04-11 10:38:32,21.03,5.3,2.8,0.7,6.7,0.0,0.0,0.0,0.0,0.0,28.0,33.4,18.3,28.6,-128.7,20.8,0.0,1.0,1.0,1.0,0.0,0.0,1.0,0.0,90.0,90.0,0
2025-04-11 10:38:33,21.02,5.3,2.7,0.7,6.7,0.0,0.0,0.0,0.0,0.0,28.0,33.4,18.3,28.6,-128.7,20.8,0.0,1.0,1.0,1.0,0.0,0.0,1.0,0.0,90.0,90.0,0
2025-04-11 10:38:34,21.03,5.3,2.8,0.7,6.7,0.0,0.0,0.0,0.0,0.0,28.0,33.4,18.3,28.6,-128.7,20.8,0.0,1.0,1.0,1.0,0.0,0.0,1.0,0.0,90.0,90.0,0
2025-04-11 10:38:35,21.06,5.3,2.7,0.7,7.0,0.0,0.0,0.0,0.0,0.0,28.0,33.4,18.3,28.6,-128.7,20.7,0.0,1.0,1.0,1.0,0.0,0.0,1.0,0.0,90.0,90.0,0
2025-04-11 10:38:36,21.05,5.3,2.8,0.7,6.5,0.0,0.0,0.0,0.0,0.0,28.0,33.4,18.3,28.6,-128.7,20.8,0.0,1.0,1.0,1.0,0.0,0.0,1.0,0.0,90.0,90.0,0
2025-04-11 10:38:37,21.05,5.3,2.8,0.7,7.2,0.0,0.0,0.0,0.0,0.0,28.0,33.4,18.3,28.6,-128.7,20.7,0.0,1.0,1.0,1.0,0.0,0.0,1.0,0.0,90.0,90.0,0
2025-04-11 10:38:38,21.05,5.309999,2.8,0.7,6.8,0.0,0.0,0.0,0.0,0.0,28.0,33.4,18.3,28.6,-128.7,20.8,0.0,1.0,1.0,1.0,0.0,0.0,1.0,0.0,90.0,90.0,0
2025-04-11 10:38:39,21.02,5.309999,2.8,0.7,6.5,0.0,0.0,0.0,0.0,0.0,28.0,33.4,18.3,28.6,-128.7,20.8,0.0,1.0,1.0,1.0,0.0,0.0,1.0,0.0,90.0,90.0,0
2025-04-11 10:38:40,21.03,5.309999,2.8,0.7,7.2,0.0,0.0,0.0,0.0,0.0,28.0,33.4,18.3,28.6,-128.7,20.8,0.0,1.0,1.0,1.0,0.0,0.0,1.0,0.0,90.0,90.0,0
2025-04-11 10:38:41,21.02,5.309999,2.8,0.7,6.7,0.0,0.0,0.0,0.0,0.0,28.0,33.5,18.3,28.6,-128.7,20.7,0.0,1.0,1.0,1.0,0.0,0.0,1.0,0.0,90.0,90.0,0
2025-04-11 10:38:42,21.01,5.309999,2.8,0.7,7.0,0.0,0.0,0.0,0.0,0.0,28.0,33.5,18.3,28.6,-128.7,20.8,0.0,1.0,1.0,1.0,0.0,0.0,1.0,0.0,90.0,90.0,0
2025-04-11 10:38:43,21.02,5.3,2.8,0.7,6.7,0.0,0.0,0.0,0.0,0.0,28.0,33.5,18.3,28.6,-128.7,20.7,0.0,1.0,1.0,1.0,0.0,0.0,1.0,0.0,90.0,90.0,0
2025-04-11 10:38:44,21.01,5.309999,2.7,0.7,7.0,0.0,0.0,0.0,0.0,0.0,28.0,33.5,18.3,28.6,-128.7,20.8,0.0,1.0,1.0,1.0,0.0,0.0,1.0,0.0,90.0,90.0,0
2025-04-11 10:38:45,21.02,5.3,2.7,0.7,7.099999,0.0,0.0,0.0,0.0,0.0,28.0,33.5,18.3,28.6,-128.7,20.7,0.0,1.0,1.0,1.0,0.0,0.0,1.0,0.0,90.0,90.0,0
2025-04-11 10:38:46,21.0,5.3,2.8,0.7,6.8,0.0,0.0,0.0,0.0,0.0,28.0,33.5,18.3,28.6,-128.7,20.8,0.0,1.0,1.0,1.0,0.0,0.0,1.0,0.0,90.0,90.0,0
2025-04-11 10:38:47,21.01,5.3,2.8,0.7,7.099999,0.0,0.0,0.0,0.0,0.0,28.0,33.5,18.3,28.6,-128.7,20.8,0.0,1.0,1.0,1.0,0.0,0.0,1.0,0.0,90.0,90.0,0
2025-04-11 10:38:48,21.03,5.3,2.8,0.7,7.2,0.0,0.0,0.0,0.0,0.0,28.0,33.5,18.3,28.6,-128.7,20.8,0.0,1.0,1.0,1.0,0.0,0.0,1.0,0.0,90.0,90.0,0
2025-04-11 10:38:49,21.03,5.309999,2.8,0.7,7.2,0.0,0.0,0.0,0.0,0.0,28.0,33.5,18.3,28.6,-128.7,20.8,0.0,1.0,1.0,1.0,0.0,0.0,1.0,0.0,90.0,90.0,0
2025-04-11 10:38:50,21.03,5.309999,2.8,0.7,6.599999,0.0,0.0,0.0,0.0,0.0,28.0,33.5,18.3,28.6,-128.7,20.8,0.0,1.0,1.0,1.0,0.0,0.0,1.0,0.0,90.0,90.0,0
2025-04-11 10:38:51,21.03,5.3,2.8,0.7,6.9,0.0,0.0,0.0,0.0,0.0,28.0,33.5,18.4,28.6,-128.7,20.8,0.0,1.0,1.0,1.0,0.0,0.0,1.0,0.0,90.0,90.0,0
2025-04-11 10:38:52,21.01,5.309999,2.8,0.7,6.7,0.0,0.0,0.0,0.0,0.0,28.0,33.5,18.4,28.6,-128.7,20.8,0.0,1.0,1.0,1.0,0.0,0.0,1.0,0.0,90.0,90.0,0
2025-04-11 10:38:53,21.01,5.3,2.8,0.7,7.7,0.0,0.0,0.0,0.0,0.0,28.0,33.5,18.4,28.6,-128.7,20.8,0.0,1.0,1.0,1.0,0.0,0.0,1.0,0.0,90.0,90.0,0
2025-04-11 10:38:54,21.02,5.309999,2.8,0.7,7.3,0.0,0.0,0.0,0.0,0.0,28.0,33.5,18.4,28.6,-128.7,20.8,0.0,1.0,1.0,1.0,0.0,0.0,1.0,0.0,90.0,90.0,0
2025-04-11 10:38:55,21.01,5.3,2.8,0.7,7.2,0.0,0.0,0.0,0.0,0.0,28.0,33.5,18.4,28.6,-128.7,20.8,0.0,1.0,1.0,1.0,0.0,0.0,1.0,0.0,90.0,90.0,0
2025-04-11 10:38:56,21.0,5.3,2.8,0.7,7.2,0.0,0.0,0.0,0.0,0.0,28.0,33.5,18.4,28.6,-128.7,20.8,0.0,1.0,1.0,1.0,0.0,0.0,1.0,0.0,90.0,90.0,0
2025-04-11 10:38:57,20.99,5.3,2.7,0.7,6.3,0.0,0.0,0.0,0.0,0.0,28.0,33.5,18.4,28.6,-128.7,20.8,0.0,1.0,1.0,1.0,0.0,0.0,1.0,0.0,90.0,90.0,0
2025-04-11 10:38:58,21.01,5.3,2.8,0.7,7.0,0.0,0.0,0.0,0.0,0.0,28.0,33.5,18.4,28.6,-128.7,20.8,0.0,1.0,1.0,1.0,0.0,0.0,1.0,0.0,90.0,90.0,0
2025-04-11 10:38:59,21.0,5.3,2.8,0.7,6.7,0.0,0.0,0.0,0.0,0.0,28.0,33.5,18.4,28.6,-128.7,20.8,0.0,1.0,1.0,1.0,0.0,0.0,1.0,0.0,90.0,90.0,0
2025-04-11 10:39:00,21.01,5.3,2.8,0.7,7.2,0.0,0.0,0.0,0.0,0.0,28.0,33.5,18.4,28.6,-128.7,20.8,0.0,1.0,1.0,1.0,0.0,0.0,1.0,0.0,90.0,90.0,0
2025-04-11 10:39:01,21.02,5.3,2.8,0.7,6.8,0.0,0.0,0.0,0.0,0.0,28.0,33.5,18.4,28.6,-128.7,20.8,0.0,1.0,1.0,1.0,0.0,0.0,1.0,0.0,90.0,90.0,0
2025-04-11 10:39:02,21.01,5.3,2.7,0.7,7.099999,0.0,0.0,0.0,0.0,0.0,28.0,33.5,18.4,28.6,-128.7,20.8,0.0,1.0,1.0,1.0,0.0,0.0,1.0,0.0,90.0,90.0,0
2025-04-11 10:39:03,21.01,5.309999,2.8,0.7,6.8,0.0,0.0,0.0,0.0,0.0,28.0,33.5,18.4,28.6,-128.7,20.8,0.0,1.0,1.0,1.0,0.0,0.0,1.0,0.0,90.0,90.0,0
2025-04-11 10:39:04,21.0,5.3,2.7,0.7,7.099999,0.0,0.0,0.0,0.0,0.0,28.0,33.5,18.4,28.6,-128.7,20.8,0.0,1.0,1.0,1.0,0.0,0.0,1.0,0.0,90.0,90.0,0
2025-04-11 10:39:05,21.0,5.309999,2.7,0.7,6.9,0.0,0.0,0.0,0.0,0.0,28.0,33.5,18.4,28.6,-128.7,20.8,0.0,1.0,1.0,1.0,0.0,0.0,1.0,0.0,90.0,90.0,0
2025-04-11 10:39:06,21.01,5.3,2.7,0.7,7.5,0.0,0.0,0.0,0.0,0.0,28.0,33.5,18.4,28.6,-128.7,20.8,0.0,1.0,1.0,1.0,0.0,0.0,1.0,0.0,90.0,90.0,0
2025-04-11 10:39:07,20.99,5.3,2.7,0.7,7.2,0.0,0.0,0.0,0.0,0.0,28.0,33.5,18.4,28.6,-128.7,20.8,0.0,1.0,1.0,1.0,0.0,0.0,1.0,0.0,90.0,90.0,0
2025-04-11 10:39:08,21.01,5.29,2.8,0.7,6.599999,0.0,0.0,0.0,0.0,0.0,28.0,33.5,18.4,28.6,-128.7,20.9,0.0,1.0,1.0,1.0,0.0,0.0,1.0,0.0,90.0,90.0,0
2025-04-11 10:39:09,20.99,5.3,2.8,0.7,6.7,0.0,0.0,0.0,0.0,0.0,28.0,33.5,18.4,28.6,-128.7,20.8,0.0,1.0,1.0,1.0,0.0,0.0,1.0,0.0,90.0,90.0,0
2025-04-11 10:39:10,21.0,5.3,2.8,0.7,6.7,0.0,0.0,0.0,0.0,0.0,28.0,33.5,18.4,28.6,-128.7,20.8,0.0,1.0,1.0,1.0,0.0,0.0,1.0,0.0,90.0,90.0,0
2025-04-11 10:39:11,20.99,5.309999,2.7,0.7,6.9,0.0,0.0,0.0,0.0,0.0,28.0,33.5,18.4,28.6,-128.7,20.8,0.0,1.0,1.0,1.0,0.0,0.0,1.0,0.0,90.0,90.0,0
2025-04-11 10:39:12,21.0,5.29,2.8,0.7,6.4,0.0,0.0,0.0,0.0,0.0,28.0,33.5,18.4,28.6,-128.7,20.8,0.0,1.0,1.0,1.0,0.0,0.0,1.0,0.0,90.0,90.0,0
2025-04-11 10:39:13,21.01,5.3,2.8,0.7,7.5,0.0,0.0,0.0,0.0,0.0,28.0,33.5,18.4,28.6,-128.7,20.8,0.0,1.0,1.0,1.0,0.0,0.0,1.0,0.0,90.0,90.0,0
2025-04-11 10:39:14,20.99,5.29,2.7,0.7,6.599999,0.0,0.0,0.0,0.0,0.0,28.0,33.5,18.4,28.6,-128.7,20.9,0.0,1.0,1.0,1.0,0.0,0.0,1.0,0.0,90.0,90.0,0
2025-04-11 10:39:15,21.0,5.3,2.8,0.7,7.3,0.0,0.0,0.0,0.0,0.0,28.0,33.5,18.4,28.6,-128.7,20.8,0.0,1.0,1.0,1.0,0.0,0.0,1.0,0.0,90.0,90.0,0
2025-04-11 10:39:16,21.0,5.29,2.8,0.7,6.5,0.0,0.0,0.0,0.0,0.0,28.0,33.5,18.4,28.6,-128.7,20.9,0.0,1.0,1.0,1.0,0.0,0.0,1.0,0.0,90.0,90.0,0
2025-04-11 10:39:17,21.0,5.309999,2.7,0.7,7.099999,0.0,0.0,0.0,0.0,0.0,28.0,33.5,18.4,28.6,-128.7,20.8,0.0,1.0,1.0,1.0,0.0,0.0,1.0,0.0,90.0,90.0,0
2025-04-11 10:39:18,21.0,5.29,2.8,0.7,6.7,0.0,0.0,0.0,0.0,0.0,28.0,33.5,18.4,28.6,-128.7,20.9,0.0,1.0,1.0,1.0,0.0,0.0,1.0,0.0,90.0,90.0,0
2025-04-11 10:39:19,20.97,5.309999,2.8,0.7,6.5,0.0,0.0,0.0,0.0,0.0,28.0,33.4,18.4,28.6,-128.7,20.8,0.0,1.0,1.0,1.0,0.0,0.0,1.0,0.0,90.0,90.0,0
2025-04-11 10:39:20,20.99,5.3,2.8,0.7,7.2,0.0,0.0,0.0,0.0,0.0,28.0,33.4,18.4,28.6,-128.7,20.9,0.0,1.0,1.0,1.0,0.0,0.0,1.0,0.0,90.0,90.0,0
2025-04-11 10:39:21,20.97,5.3,2.8,0.7,7.0,0.0,0.0,0.0,0.0,0.0,28.0,33.4,18.4,28.6,-128.7,20.8,0.0,1.0,1.0,1.0,0.0,0.0,1.0,0.0,90.0,90.0,0
2025-04-11 10:39:22,20.97,5.29,2.7,0.7,7.0,0.0,0.0,0.0,0.0,0.0,28.0,33.4,18.4,28.6,-128.7,20.9,0.0,1.0,1.0,1.0,0.0,0.0,1.0,0.0,90.0,90.0,0
2025-04-11 10:39:23,21.0,5.3,2.7,0.7,7.099999,0.0,0.0,0.0,0.0,0.0,28.0,33.4,18.4,28.6,-128.7,20.8,0.0,1.0,1.0,1.0,0.0,0.0,1.0,0.0,90.0,90.0,0
2025-04-11 10:39:24,20.99,5.3,2.7,0.7,6.9,0.0,0.0,0.0,0.0,0.0,28.0,33.4,18.4,28.6,-128.7,20.8,0.0,1.0,1.0,1.0,0.0,0.0,1.0,0.0,90.0,90.0,0
2025-04-11 10:39:25,20.99,5.3,2.8,0.7,6.8,0.0,0.0,0.0,0.0,0.0,28.0,33.4,18.4,28.6,-128.7,20.8,0.0,1.0,1.0,1.0,0.0,0.0,1.0,0.0,90.0,90.0,0
2025-04-11 10:39:26,20.99,5.29,2.7,0.7,7.0,0.0,0.0,0.0,0.0,0.0,28.0,33.4,18.4,28.6,-128.7,20.9,0.0,1.0,1.0,1.0,0.0,0.0,1.0,0.0,90.0,90.0,0
2025-04-11 10:39:27,20.97,5.309999,2.7,0.7,6.7,0.0,0.0,0.0,0.0,0.0,28.0,33.4,18.4,28.6,-128.7,20.8,0.0,1.0,1.0,1.0,0.0,0.0,1.0,0.0,90.0,90.0,0
2025-04-11 10:39:28,20.99,5.29,2.8,0.7,7.5,0.0,0.0,0.0,0.0,0.0,28.0,33.4,18.4,28.6,-128.7,20.9,0.0,1.0,1.0,1.0,0.0,0.0,1.0,0.0,90.0,90.0,0
2025-04-11 10:39:29,20.99,5.3,2.8,0.7,6.599999,0.0,0.0,0.0,0.0,0.0,28.0,33.4,18.5,28.6,-128.7,20.8,0.0,1.0,1.0,1.0,0.0,0.0,1.0,0.0,90.0,90.0,0
2025-04-11 10:39:30,21.0,5.3,2.8,0.7,7.599999,0.0,0.0,0.0,0.0,0.0,28.0,33.4,18.5,28.6,-128.7,20.9,0.0,1.0,1.0,1.0,0.0,0.0,1.0,0.0,90.0,90.0,0
2025-04-11 10:39:31,20.99,5.3,2.8,0.7,7.3,0.0,0.0,0.0,0.0,0.0,28.0,33.4,18.5,28.6,-128.7,20.8,0.0,1.0,1.0,1.0,0.0,0.0,1.0,0.0,90.0,90.0,0
2025-04-11 10:39:32,20.99,5.3,2.8,0.7,6.4,0.0,0.0,0.0,0.0,0.0,28.0,33.4,18.5,28.6,-128.7,20.9,0.0,1.0,1.0,1.0,0.0,0.0,1.0,0.0,90.0,90.0,0
2025-04-11 10:39:33,20.96,5.3,2.8,0.7,6.8,0.0,0.0,0.0,0.0,0.0,28.0,33.4,18.5,28.6,-128.7,20.8,0.0,1.0,1.0,1.0,0.0,0.0,1.0,0.0,90.0,90.0,0
2025-04-11 10:39:34,20.97,5.3,2.8,0.7,6.7,0.0,0.0,0.0,0.0,0.0,28.0,33.4,18.5,28.6,-128.7,20.8,0.0,1.0,1.0,1.0,0.0,0.0,1.0,0.0,90.0,90.0,0
2025-04-11 10:39:35,20.96,5.3,2.8,0.7,6.4,0.0,0.0,0.0,0.0,0.0,28.0,33.4,18.5,28.6,-128.7,20.8,0.0,1.0,1.0,1.0,0.0,0.0,1.0,0.0,90.0,90.0,0
2025-04-11 10:39:36,20.99,5.3,2.8,0.7,7.5,0.0,0.0,0.0,0.0,0.0,28.0,33.4,18.5,28.6,-128.7,20.9,0.0,1.0,1.0,1.0,0.0,0.0,1.0,0.0,90.0,90.0,0
2025-04-11 10:39:37,20.97,5.3,2.7,0.7,6.7,0.0,0.0,0.0,0.0,0.0,28.0,33.4,18.5,28.6,-128.7,20.8,0.0,1.0,1.0,1.0,0.0,0.0,1.0,0.0,90.0,90.0,0
2025-04-11 10:39:38,20.97,5.29,2.7,0.7,7.099999,0.0,0.0,0.0,0.0,0.0,28.0,33.4,18.6,28.6,-128.7,20.9,0.0,1.0,1.0,1.0,0.0,0.0,1.0,0.0,90.0,90.0,0
2025-04-11 10:39:39,20.96,5.3,2.7,0.7,6.8,0.0,0.0,0.0,0.0,0.0,28.0,33.4,18.6,28.6,-128.7,20.8,0.0,1.0,1.0,1.0,0.0,0.0,1.0,0.0,90.0,90.0,0
2025-04-11 10:39:40,20.96,5.309999,2.8,0.7,7.099999,0.0,0.0,0.0,0.0,0.0,28.0,33.4,18.6,28.6,-128.7,20.8,0.0,1.0,1.0,1.0,0.0,0.0,1.0,0.0,90.0,90.0,0
2025-04-11 10:39:41,20.96,5.3,2.8,0.7,6.9,0.0,0.0,0.0,0.0,0.0,28.0,33.4,18.6,28.6,-128.7,20.8,0.0,1.0,1.0,1.0,0.0,0.0,1.0,0.0,90.0,90.0,0
2025-04-11 10:39:42,20.97,5.309999,2.8,0.7,6.599999,0.0,0.0,0.0,0.0,0.0,28.0,33.4,18.6,28.6,-128.7,20.8,0.0,1.0,1.0,1.0,0.0,0.0,1.0,0.0,90.0,90.0,0
2025-04-11 10:39:43,20.96,5.3,2.8,0.7,7.3,0.0,0.0,0.0,0.0,0.0,28.0,33.4,18.6,28.6,-128.7,20.8,0.0,1.0,1.0,1.0,0.0,0.0,1.0,0.0,90.0,90.0,0
2025-04-11 10:39:44,20.96,5.309999,2.8,0.7,7.099999,0.0,0.0,0.0,0.0,0.0,28.0,33.4,18.6,28.6,-128.7,20.8,0.0,1.0,1.0,1.0,0.0,0.0,1.0,0.0,90.0,90.0,0
2025-04-11 10:39:45,20.97,5.29,2.7,0.7,7.0,0.0,0.0,0.0,0.0,0.0,28.0,33.4,18.7,28.6,-128.7,20.9,0.0,1.0,1.0,1.0,0.0,0.0,1.0,0.0,90.0,90.0,0
2025-04-11 10:39:46,20.96,5.32,2.8,0.7,7.2,0.0,0.0,0.0,0.0,0.0,28.0,33.4,18.7,28.6,-128.7,20.7,0.0,1.0,1.0,1.0,0.0,0.0,1.0,0.0,90.0,90.0,0
2025-04-11 10:39:47,20.96,5.309999,2.8,0.7,6.7,0.0,0.0,0.0,0.0,0.0,28.0,33.4,18.7,28.6,-128.7,20.8,0.0,1.0,1.0,1.0,0.0,0.0,1.0,0.0,90.0,90.0,0
2025-04-11 10:39:48,20.96,5.309999,2.8,0.7,6.3,0.0,0.0,0.0,0.0,0.0,28.0,33.4,18.7,28.6,-128.7,20.7,0.0,1.0,1.0,1.0,0.0,0.0,1.0,0.0,90.0,90.0,0
2025-04-11 10:39:49,20.96,5.32,2.7,0.7,7.3,0.0,0.0,0.0,0.0,0.0,28.0,33.4,18.7,28.6,-128.7,20.8,0.0,1.0,1.0,1.0,0.0,0.0,1.0,0.0,90.0,90.0,0
2025-04-11 10:39:50,20.97,5.3,2.8,0.7,7.599999,0.0,0.0,0.0,0.0,0.0,28.0,33.4,18.7,28.6,-128.7,20.8,0.0,1.0,1.0,1.0,0.0,0.0,1.0,0.0,90.0,90.0,0
2025-04-11 10:39:51,20.95,5.32,2.8,0.7,6.8,0.0,0.0,0.0,0.0,0.0,28.0,33.4,18.8,28.6,-128.7,20.7,0.0,1.0,1.0,1.0,0.0,0.0,1.0,0.0,90.0,90.0,0
2025-04-11 10:39:52,20.96,5.3,2.8,0.7,7.4,0.0,0.0,0.0,0.0,0.0,28.0,33.4,18.8,28.6,-128.7,20.8,0.0,1.0,1.0,1.0,0.0,0.0,1.0,0.0,90.0,90.0,0
2025-04-11 10:39:53,20.99,5.32,2.8,0.7,6.8,0.0,0.0,0.0,0.0,0.0,28.0,33.4,18.8,28.6,-128.7,20.7,0.0,1.0,1.0,1.0,0.0,0.0,1.0,0.0,90.0,90.0,0
2025-04-11 10:39:54,20.99,5.3,2.8,0.7,6.7,0.0,0.0,0.0,0.0,0.0,28.0,33.4,18.8,28.6,-128.7,20.8,0.0,1.0,1.0,1.0,0.0,0.0,1.0,0.0,90.0,90.0,0
2025-04-11 10:39:55,20.99,5.309999,2.8,0.7,7.099999,0.0,0.0,0.0,0.0,0.0,28.0,33.4,18.8,28.6,-128.7,20.7,0.0,1.0,1.0,1.0,0.0,0.0,1.0,0.0,90.0,90.0,0
2025-04-11 10:39:56,20.97,5.3,2.7,0.7,7.0,0.0,0.0,0.0,0.0,0.0,28.0,33.4,18.8,28.6,-128.7,20.8,0.0,1.0,1.0,1.0,0.0,0.0,1.0,0.0,90.0,90.0,0
2025-04-11 10:39:57,20.96,5.3,2.8,0.7,6.599999,0.0,0.0,0.0,0.0,0.0,28.0,33.4,18.9,28.6,-128.7,20.7,0.0,1.0,1.0,1.0,0.0,0.0,1.0,0.0,90.0,90.0,0
2025-04-11 10:39:58,20.96,5.32,2.7,0.7,6.9,0.0,0.0,0.0,0.0,0.0,28.0,33.4,18.9,28.7,-128.7,20.9,0.0,1.0,1.0,1.0,0.0,0.0,1.0,0.0,90.0,90.0,0
2025-04-11 10:39:59,20.96,5.3,2.7,0.7,6.7,0.0,0.0,0.0,0.0,0.0,28.0,33.4,18.9,28.7,-128.7,20.9,0.0,1.0,1.0,1.0,0.0,0.0,1.0,0.0,90.0,90.0,0
2025-04-11 10:40:00,20.97,5.32,2.8,0.7,6.5,0.0,0.0,0.0,0.0,0.0,28.0,33.4,18.9,28.7,-128.7,20.9,0.0,1.0,1.0,1.0,0.0,0.0,1.0,0.0,90.0,90.0,0
2025-04-11 10:40:01,20.99,5.3,2.8,0.7,7.0,0.0,0.0,0.0,0.0,0.0,28.0,33.4,18.9,28.7,-128.7,20.9,0.0,1.0,1.0,1.0,0.0,0.0,1.0,0.0,90.0,90.0,0
2025-04-11 10:40:02,20.99,5.309999,2.8,0.7,6.8,0.0,0.0,0.0,0.0,0.0,28.0,33.4,19.0,28.7,-128.7,20.7,0.0,1.0,1.0,1.0,0.0,0.0,1.0,0.0,90.0,90.0,0
2025-04-11 10:40:03,21.0,5.309999,2.8,0.7,7.4,0.0,0.0,0.0,0.0,0.0,28.0,33.4,19.0,28.7,-128.7,20.9,0.0,1.0,1.0,1.0,0.0,0.0,1.0,0.0,90.0,90.0,0
2025-04-11 10:40:04,20.99,5.32,2.8,0.7,6.9,0.0,0.0,0.0,0.0,0.0,28.0,33.4,19.0,28.7,-128.7,20.8,0.0,1.0,1.0,1.0,0.0,0.0,1.0,0.0,90.0,90.0,0
2025-04-11 10:40:05,20.99,5.32,2.8,0.7,6.7,0.0,0.0,0.0,0.0,0.0,28.0,33.4,19.0,28.7,-128.7,20.9,0.0,1.0,1.0,1.0,0.0,0.0,1.0,0.0,90.0,90.0,0
2025-04-11 10:40:06,20.97,5.3,2.8,0.7,6.4,0.0,0.0,0.0,0.0,0.0,28.0,33.4,19.0,28.7,-128.7,20.8,0.0,1.0,1.0,1.0,0.0,0.0,1.0,0.0,90.0,90.0,0
2025-04-11 10:40:07,20.96,5.32,2.7,0.7,7.3,0.0,0.0,0.0,0.0,0.0,28.0,33.4,19.0,28.7,-128.7,20.9,0.0,1.0,1.0,1.0,0.0,0.0,1.0,0.0,90.0,90.0,0
2025-04-11 10:40:08,20.96,5.3,2.8,0.7,6.7,0.0,0.0,0.0,0.0,0.0,28.0,33.4,19.0,28.7,-128.7,20.9,0.0,1.0,1.0,1.0,0.0,0.0,1.0,0.0,90.0,90.0,0
2025-04-11 10:40:09,20.97,5.32,2.7,0.7,7.2,0.0,0.0,0.0,0.0,0.0,28.0,33.4,19.0,28.7,-128.7,20.8,0.0,1.0,1.0,1.0,0.0,0.0,1.0,0.0,90.0,90.0,0
2025-04-11 10:40:10,20.99,5.309999,2.8,0.7,6.9,0.0,0.0,0.0,0.0,0.0,28.0,33.4,19.1,28.7,-128.7,20.9,0.0,1.0,1.0,1.0,0.0,0.0,1.0,0.0,90.0,90.0,0
2025-04-11 10:40:11,21.0,5.32,2.8,0.7,6.7,0.0,0.0,0.0,0.0,0.0,28.0,33.4,19.1,28.7,-128.7,20.7,0.0,1.0,1.0,1.0,0.0,0.0,1.0,0.0,90.0,90.0,0
2025-04-11 10:40:12,20.99,5.32,2.8,0.7,7.2,0.0,0.0,0.0,0.0,0.0,28.0,33.4,19.1,28.7,-128.7,20.9,0.0,1.0,1.0,1.0,0.0,0.0,1.0,0.0,90.0,90.0,0
2025-04-11 10:40:13,21.0,5.309999,2.8,0.7,6.9,0.0,0.0,0.0,0.0,0.0,28.0,33.4,19.1,28.7,-128.7,20.8,0.0,1.0,1.0,1.0,0.0,0.0,1.0,0.0,90.0,90.0,0
2025-04-11 10:40:14,20.99,5.32,2.8,0.7,6.5,0.0,0.0,0.0,0.0,0.0,28.0,33.4,19.1,28.7,-128.7,20.8,0.0,1.0,1.0,1.0,0.0,0.0,1.0,0.0,90.0,90.0,0
2025-04-11 10:40:15,20.97,5.3,2.8,0.7,6.599999,0.0,0.0,0.0,0.0,0.0,28.0,33.4,19.1,28.7,-128.7,20.8,0.0,1.0,1.0,1.0,0.0,0.0,1.0,0.0,90.0,90.0,0
2025-04-11 10:40:16,20.99,5.32,2.8,0.7,7.0,0.0,0.0,0.0,0.0,0.0,28.0,33.4,19.1,28.7,-128.7,20.7,0.0,1.0,1.0,1.0,0.0,0.0,1.0,0.0,90.0,90.0,0
2025-04-11 10:40:17,20.97,5.3,2.8,0.7,6.9,0.0,0.0,0.0,0.0,0.0,28.0,33.4,19.2,28.7,-128.7,20.9,0.0,1.0,1.0,1.0,0.0,0.0,1.0,0.0,90.0,90.0,0
2025-04-11 10:40:18,20.99,5.3,2.7,0.7,6.7,0.0,0.0,0.0,0.0,0.0,28.0,33.4,19.2,28.7,-128.7,20.8,0.0,1.0,1.0,1.0,0.0,0.0,1.0,0.0,90.0,90.0,0
2025-04-11 10:40:19,20.97,5.3,2.7,0.7,6.8,0.0,0.0,0.0,0.0,0.0,28.0,33.4,19.2,28.7,-128.7,20.9,0.0,1.0,1.0,1.0,0.0,0.0,1.0,0.0,90.0,90.0,0
2025-04-11 10:40:20,20.99,5.3,2.7,0.7,6.3,0.0,0.0,0.0,0.0,0.0,28.0,33.4,19.2,28.7,-128.7,20.8,0.0,1.0,1.0,1.0,0.0,0.0,1.0,0.0,90.0,90.0,0
2025-04-11 10:40:21,20.99,5.33,2.8,0.7,6.5,0.0,0.0,0.0,0.0,0.0,28.0,33.4,19.2,28.7,-128.7,20.9,0.0,1.0,1.0,1.0,0.0,0.0,1.0,0.0,90.0,90.0,0
2025-04-11 10:40:22,20.99,5.3,2.7,0.7,7.4,0.0,0.0,0.0,0.0,0.0,28.0,33.4,19.2,28.7,-128.7,20.9,0.0,1.0,1.0,1.0,0.0,0.0,1.0,0.0,90.0,90.0,0
2025-04-11 10:40:23,21.0,5.33,2.8,0.7,7.2,0.0,0.0,0.0,0.0,0.0,28.0,33.4,19.3,28.7,-128.7,20.9,0.0,1.0,1.0,1.0,0.0,0.0,1.0,0.0,90.0,90.0,0
2025-04-11 10:40:24,20.99,5.309999,2.8,0.7,6.5,0.0,0.0,0.0,0.0,0.0,28.0,33.4,19.3,28.7,-128.7,20.9,0.0,1.0,1.0,1.0,0.0,0.0,1.0,0.0,90.0,90.0,0
2025-04-11 10:40:25,20.99,5.32,2.8,0.7,7.099999,0.0,0.0,0.0,0.0,0.0,28.0,33.4,19.3,28.7,-128.7,20.8,0.0,1.0,1.0,1.0,0.0,0.0,1.0,0.0,90.0,90.0,0
2025-04-11 10:40:26,21.01,5.32,2.8,0.7,7.3,0.0,0.0,0.0,0.0,0.0,28.0,33.4,19.3,28.7,-128.7,20.9,0.0,1.0,1.0,1.0,0.0,0.0,1.0,0.0,90.0,90.0,0
2025-04-11 10:40:27,20.99,5.32,2.8,0.7,6.7,0.0,0.0,0.0,0.0,0.0,28.0,33.4,19.3,28.7,-128.7,20.8,0.0,1.0,1.0,1.0,0.0,0.0,1.0,0.0,90.0,90.0,0
2025-04-11 10:40:28,20.99,5.309999,2.8,0.7,6.599999,0.0,0.0,0.0,0.0,0.0,28.0,33.4,19.3,28.8,-128.7,21.0,0.0,1.0,1.0,1.0,0.0,0.0,1.0,0.0,90.0,90.0,0
2025-04-11 10:40:29,20.99,5.3,2.8,0.7,6.8,0.0,0.0,0.0,0.0,0.0,28.0,33.4,19.3,28.8,-128.7,21.0,0.0,1.0,1.0,1.0,0.0,0.0,1.0,0.0,90.0,90.0,0
2025-04-11 10:40:30,21.01,5.32,2.8,0.7,6.9,0.0,0.0,0.0,0.0,0.0,28.0,33.4,19.4,28.8,-128.7,20.9,0.0,1.0,1.0,1.0,0.0,0.0,1.0,0.0,90.0,90.0,0
2025-04-11 10:40:31,21.0,5.309999,2.7,0.7,6.8,0.0,0.0,0.0,0.0,0.0,28.0,33.4,19.4,28.8,-128.7,21.0,0.0,1.0,1.0,1.0,0.0,0.0,1.0,0.0,90.0,90.0,0
2025-04-11 10:40:32,21.0,5.32,2.7,0.7,7.099999,0.0,0.0,0.0,0.0,0.0,28.0,33.4,19.4,28.8,-128.7,20.9,0.0,1.0,1.0,1.0,0.0,0.0,1.0,0.0,90.0,90.0,0
2025-04-11 10:40:33,21.0,5.309999,2.7,0.7,7.099999,0.0,0.0,0.0,0.0,0.0,28.0,33.4,19.4,28.8,-128.7,20.9,0.0,1.0,1.0,1.0,0.0,0.0,1.0,0.0,90.0,90.0,0
2025-04-11 10:40:34,20.97,5.32,2.7,0.7,6.8,0.0,0.0,0.0,0.0,0.0,28.0,33.4,19.4,28.8,-128.7,20.9,0.0,1.0,1.0,1.0,0.0,0.0,1.0,0.0,90.0,90.0,0
2025-04-11 10:40:35,21.0,5.32,2.7,0.7,6.3,0.0,0.0,0.0,0.0,0.0,28.0,33.4,19.4,28.8,-128.7,20.9,0.0,1.0,1.0,1.0,0.0,0.0,1.0,0.0,90.0,90.0,0
2025-04-11 10:40:36,20.99,5.3,2.7,0.7,7.2,0.0,0.0,0.0,0.0,0.0,28.0,33.4,19.5,28.8,-128.7,21.0,0.0,1.0,1.0,1.0,0.0,0.0,1.0,0.0,90.0,90.0,0
2025-04-11 10:40:37,20.97,5.309999,2.8,0.7,6.7,0.0,0.0,0.0,0.0,0.0,28.0,33.4,19.5,28.8,-128.7,20.9,0.0,1.0,1.0,1.0,0.0,0.0,1.0,0.0,90.0,90.0,0
2025-04-11 10:40:38,20.99,5.309999,2.7,0.7,7.099999,0.0,0.0,0.0,0.0,0.0,28.0,33.4,19.5,28.8,-128.7,21.0,0.0,1.0,1.0,1.0,0.0,0.0,1.0,0.0,90.0,90.0,0
2025-04-11 10:40:39,20.99,5.309999,2.7,0.7,7.0,0.0,0.0,0.0,0.0,0.0,28.0,33.4,19.5,28.8,-128.7,20.9,0.0,1.0,1.0,1.0,0.0,0.0,1.0,0.0,90.0,90.0,0
2025-04-11 10:40:40,20.99,5.309999,2.7,0.7,7.099999,0.0,0.0,0.0,0.0,0.0,28.0,33.4,19.5,28.8,-128.7,20.9,0.0,1.0,1.0,1.0,0.0,0.0,1.0,0.0,90.0,90.0,0
2025-04-11 10:40:41,20.99,5.3,2.8,0.7,7.4,0.0,0.0,0.0,0.0,0.0,28.0,33.4,19.5,28.8,-128.7,21.0,0.0,1.0,1.0,1.0,0.0,0.0,1.0,0.0,90.0,90.0,0
2025-04-11 10:40:42,20.99,5.309999,2.8,0.7,6.5,0.0,0.0,0.0,0.0,0.0,28.0,33.4,19.5,28.8,-128.7,20.9,0.0,1.0,1.0,1.0,0.0,0.0,1.0,0.0,90.0,90.0,0
2025-04-11 10:40:43,20.99,5.3,2.8,0.7,6.5,0.0,0.0,0.0,0.0,0.0,28.0,33.4,19.5,28.8,-128.7,21.0,0.0,1.0,1.0,1.0,0.0,0.0,1.0,0.0,90.0,90.0,0
2025-04-11 10:40:44,20.99,5.3,2.8,0.7,7.0,0.0,0.0,0.0,0.0,0.0,28.0,33.4,19.5,28.8,-128.7,20.9,0.0,1.0,1.0,1.0,0.0,0.0,1.0,0.0,90.0,90.0,0
2025-04-11 10:40:45,21.01,5.309999,2.8,0.7,7.099999,0.0,0.0,0.0,0.0,0.0,28.0,33.4,19.5,28.8,-128.7,21.0,0.0,1.0,1.0,1.0,0.0,0.0,1.0,0.0,90.0,90.0,0
2025-04-11 10:40:46,20.99,5.3,2.8,0.7,7.099999,0.0,0.0,0.0,0.0,0.0,28.0,33.4,19.5,28.8,-128.7,21.0,0.0,1.0,1.0,1.0,0.0,0.0,1.0,0.0,90.0,90.0,0
2025-04-11 10:40:47,20.97,5.32,2.8,0.7,7.0,0.0,0.0,0.0,0.0,0.0,28.0,33.4,19.5,28.8,-128.7,21.0,0.0,1.0,1.0,1.0,0.0,0.0,1.0,0.0,90.0,90.0,0
2025-04-11 10:40:48,20.97,5.3,2.7,0.7,6.7,0.0,0.0,0.0,0.0,0.0,28.0,33.4,19.5,28.8,-128.7,21.0,0.0,1.0,1.0,1.0,0.0,0.0,1.0,0.0,90.0,90.0,0
2025-04-11 10:40:49,20.99,5.32,2.8,0.7,7.0,0.0,0.0,0.0,0.0,0.0,28.0,33.4,19.5,28.8,-128.7,20.9,0.0,1.0,1.0,1.0,0.0,0.0,1.0,0.0,90.0,90.0,0
2025-04-11 10:40:50,20.99,5.3,2.8,0.7,6.8,0.0,0.0,0.0,0.0,0.0,28.0,33.4,19.5,28.8,-128.7,21.0,0.0,1.0,1.0,1.0,0.0,0.0,1.0,0.0,90.0,90.0,0
2025-04-11 10:40:51,21.0,5.32,2.7,0.7,6.7,0.0,0.0,0.0,0.0,0.0,28.0,33.4,19.6,28.8,-128.7,20.9,0.0,1.0,1.0,1.0,0.0,0.0,1.0,0.0,90.0,90.0,0
2025-04-11 10:40:52,20.97,5.309999,2.8,0.7,7.5,0.0,0.0,0.0,0.0,0.0,28.0,33.4,19.6,28.9,-128.7,21.1,0.0,1.0,1.0,1.0,0.0,0.0,1.0,0.0,90.0,90.0,0
2025-04-11 10:40:53,21.0,5.309999,2.8,0.7,7.3,0.0,0.0,0.0,0.0,0.0,28.0,33.4,19.6,28.9,-128.7,21.0,0.0,1.0,1.0,1.0,0.0,0.0,1.0,0.0,90.0,90.0,0
2025-04-11 10:40:54,21.0,5.32,2.7,0.7,7.099999,0.0,0.0,0.0,0.0,0.0,28.0,33.4,19.6,28.9,-128.7,21.1,0.0,1.0,1.0,1.0,0.0,0.0,1.0,0.0,90.0,90.0,0
2025-04-11 10:40:55,20.97,5.3,2.8,0.7,7.099999,0.0,0.0,0.0,0.0,0.0,28.0,33.4,19.6,28.9,-128.7,21.1,0.0,1.0,1.0,1.0,0.0,0.0,1.0,0.0,90.0,90.0,0
2025-04-11 10:40:56,20.99,5.309999,2.8,0.7,6.599999,0.0,0.0,0.0,0.0,0.0,28.0,33.4,19.6,28.9,-128.7,21.0,0.0,1.0,1.0,1.0,0.0,0.0,1.0,0.0,90.0,90.0,0
2025-04-11 10:40:57,20.97,5.3,2.7,0.7,6.599999,0.0,0.0,0.0,0.0,0.0,28.0,33.4,19.6,28.9,-128.7,21.1,0.0,1.0,1.0,1.0,0.0,0.0,1.0,0.0,90.0,90.0,0
2025-04-11 10:40:58,20.96,5.309999,2.8,0.7,7.0,0.0,0.0,0.0,0.0,0.0,28.0,33.4,19.6,28.9,-128.7,21.1,0.0,1.0,1.0,1.0,0.0,0.0,1.0,0.0,90.0,90.0,0
2025-04-11 10:40:59,20.99,5.309999,2.7,0.7,7.2,0.0,0.0,0.0,0.0,0.0,28.0,33.4,19.6,28.9,-128.7,21.1,0.0,1.0,1.0,1.0,0.0,0.0,1.0,0.0,90.0,90.0,0
2025-04-11 10:41:00,20.99,5.3,2.8,0.7,7.599999,0.0,0.0,0.0,0.0,0.0,28.0,33.4,19.6,28.9,-128.7,21.1,0.0,1.0,1.0,1.0,0.0,0.0,1.0,0.0,90.0,90.0,0
2025-04-11 10:41:01,20.99,5.32,2.8,0.7,6.599999,0.0,0.0,0.0,0.0,0.0,28.0,33.3,19.6,28.9,-128.7,21.1,0.0,1.0,1.0,1.0,0.0,0.0,1.0,0.0,90.0,90.0,0
2025-04-11 10:41:02,21.0,5.3,2.8,0.7,6.9,0.0,0.0,0.0,0.0,0.0,28.0,33.3,19.6,28.9,-128.7,21.1,0.0,1.0,1.0,1.0,0.0,0.0,1.0,0.0,90.0,90.0,0
2025-04-11 10:41:03,20.99,5.32,2.8,0.7,6.7,0.0,0.0,0.0,0.0,0.0,28.0,33.3,19.6,28.9,-128.7,21.0,0.0,1.0,1.0,1.0,0.0,0.0,1.0,0.0,90.0,90.0,0
2025-04-11 10:41:04,20.97,5.3,2.8,0.7,6.5,0.0,0.0,0.0,0.0,0.0,28.0,33.3,19.6,28.9,-128.7,21.1,0.0,1.0,1.0,1.0,0.0,0.0,1.0,0.0,90.0,90.0,0
2025-04-11 10:41:05,20.99,5.309999,2.7,0.7,7.4,0.0,0.0,0.0,0.0,0.0,28.0,33.3,19.6,28.9,-128.7,21.1,0.0,1.0,1.0,1.0,0.0,0.0,1.0,0.0,90.0,90.0,0
2025-04-11 10:41:06,20.97,5.3,2.7,0.7,7.3,0.0,0.0,0.0,0.0,0.0,28.0,33.3,19.6,28.9,-128.7,21.1,0.0,1.0,1.0,1.0,0.0,0.0,1.0,0.0,90.0,90.0,0
2025-04-11 10:41:07,20.99,5.3,2.7,0.7,7.0,0.0,0.0,0.0,0.0,0.0,28.0,33.3,19.6,28.9,-128.7,21.1,0.0,1.0,1.0,1.0,0.0,0.0,1.0,0.0,90.0,90.0,0
2025-04-11 10:41:08,20.97,5.3,2.8,0.7,7.2,0.0,0.0,0.0,0.0,0.0,28.0,33.3,19.6,28.9,-128.7,21.1,0.0,1.0,1.0,1.0,0.0,0.0,1.0,0.0,90.0,90.0,0
2025-04-11 10:41:09,20.99,5.3,2.8,0.7,7.2,0.0,0.0,0.0,0.0,0.0,28.0,33.3,19.6,28.9,-128.7,21.1,0.0,1.0,1.0,1.0,0.0,0.0,1.0,0.0,90.0,90.0,0
2025-04-11 10:41:10,20.99,5.309999,2.8,0.7,7.099999,0.0,0.0,0.0,0.0,0.0,28.0,33.3,19.6,28.9,-128.7,21.1,0.0,1.0,1.0,1.0,0.0,0.0,1.0,0.0,90.0,90.0,0
2025-04-11 10:41:11,20.99,5.3,2.8,0.7,6.599999,0.0,0.0,0.0,0.0,0.0,28.0,33.3,19.6,28.9,-128.7,21.1,0.0,1.0,1.0,1.0,0.0,0.0,1.0,0.0,90.0,90.0,0
2025-04-11 10:41:12,20.96,5.32,2.8,0.7,6.599999,0.0,0.0,0.0,0.0,0.0,28.0,33.3,19.6,28.9,-128.7,21.1,0.0,1.0,1.0,1.0,0.0,0.0,1.0,0.0,90.0,90.0,0
2025-04-11 10:41:13,20.96,5.3,2.8,0.7,7.4,0.0,0.0,0.0,0.0,0.0,28.0,33.3,19.6,28.9,-128.7,21.1,0.0,1.0,1.0,1.0,0.0,0.0,1.0,0.0,90.0,90.0,0
2025-04-11 10:41:14,20.97,5.3,2.8,0.7,6.9,0.0,0.0,0.0,0.0,0.0,28.0,33.4,19.6,28.9,-128.7,21.1,0.0,1.0,1.0,1.0,0.0,0.0,1.0,0.0,90.0,90.0,0
2025-04-11 10:41:15,20.99,5.3,2.8,0.7,7.4,0.0,0.0,0.0,0.0,0.0,28.0,33.4,19.6,28.9,-128.7,21.1,0.0,1.0,1.0,1.0,0.0,0.0,1.0,0.0,90.0,90.0,0
2025-04-11 10:41:16,20.97,5.3,2.7,0.7,7.599999,0.0,0.0,0.0,0.0,0.0,28.0,33.4,19.6,28.9,-128.7,21.1,0.0,1.0,1.0,1.0,0.0,0.0,1.0,0.0,90.0,90.0,0
2025-04-11 10:41:17,20.99,5.309999,2.7,0.7,7.099999,0.0,0.0,0.0,0.0,0.0,28.0,33.4,19.6,28.9,-128.7,21.1,0.0,1.0,1.0,1.0,0.0,0.0,1.0,0.0,90.0,90.0,0
2025-04-11 10:41:18,20.96,5.3,2.8,0.7,6.9,0.0,0.0,0.0,0.0,0.0,28.0,33.4,19.6,28.9,-128.7,21.1,0.0,1.0,1.0,1.0,0.0,0.0,1.0,0.0,90.0,90.0,0
2025-04-11 10:41:19,21.0,5.309999,2.8,0.7,6.7,0.0,0.0,0.0,0.0,0.0,28.0,33.4,19.6,28.9,-128.7,21.1,0.0,1.0,1.0,1.0,0.0,0.0,1.0,0.0,90.0,90.0,0
2025-04-11 10:41:20,20.99,5.3,2.8,0.7,7.0,0.0,0.0,0.0,0.0,0.0,28.0,33.4,19.6,28.9,-128.7,21.1,0.0,1.0,1.0,1.0,0.0,0.0,1.0,0.0,90.0,90.0,0
2025-04-11 10:41:21,20.97,5.3,2.8,0.7,6.9,0.0,0.0,0.0,0.0,0.0,28.0,33.4,19.6,28.9,-128.7,21.1,0.0,1.0,1.0,1.0,0.0,0.0,1.0,0.0,90.0,90.0,0
2025-04-11 10:41:22,20.99,5.3,2.8,0.7,7.3,0.0,0.0,0.0,0.0,0.0,28.0,33.4,19.6,28.9,-128.7,21.1,0.0,1.0,1.0,1.0,0.0,0.0,1.0,0.0,90.0,90.0,0
2025-04-11 10:41:23,20.97,5.3,2.8,0.7,7.4,0.0,0.0,0.0,0.0,0.0,28.0,33.4,19.6,28.9,-128.7,21.1,0.0,1.0,1.0,1.0,0.0,0.0,1.0,0.0,90.0,90.0,0
2025-04-11 10:41:24,20.97,5.32,2.8,0.7,6.9,0.0,0.0,0.0,0.0,0.0,28.0,33.4,19.6,29.0,-128.7,21.2,0.0,1.0,1.0,1.0,0.0,0.0,1.0,0.0,90.0,90.0,0
2025-04-11 10:41:25,20.97,5.3,2.8,0.7,7.099999,0.0,0.0,0.0,0.0,0.0,28.0,33.4,19.6,29.0,-128.7,21.2,0.0,1.0,1.0,1.0,0.0,0.0,1.0,0.0,90.0,90.0,0
2025-04-11 10:41:26,20.97,5.309999,2.8,0.7,7.0,0.0,0.0,0.0,0.0,0.0,28.0,33.4,19.6,29.0,-128.7,21.2,0.0,1.0,1.0,1.0,0.0,0.0,1.0,0.0,90.0,90.0,0
2025-04-11 10:41:27,20.97,5.3,2.8,0.7,6.7,0.0,0.0,0.0,0.0,0.0,28.0,33.4,19.6,29.0,-128.7,21.2,0.0,1.0,1.0,1.0,0.0,0.0,1.0,0.0,90.0,90.0,0
2025-04-11 10:41:28,20.99,5.3,2.8,0.7,7.2,0.0,0.0,0.0,0.0,0.0,28.0,33.4,19.6,29.0,-128.7,21.2,0.0,1.0,1.0,1.0,0.0,0.0,1.0,0.0,90.0,90.0,0
2025-04-11 10:41:29,20.96,5.3,2.7,0.7,6.8,0.0,0.0,0.0,0.0,0.0,28.0,33.4,19.6,29.0,-128.7,21.3,0.0,1.0,1.0,1.0,0.0,0.0,1.0,0.0,90.0,90.0,0
2025-04-11 10:41:30,20.96,5.3,2.8,0.7,6.8,0.0,0.0,0.0,0.0,0.0,28.0,33.4,19.6,29.0,-128.7,21.2,0.0,1.0,1.0,1.0,0.0,0.0,1.0,0.0,90.0,90.0,0
2025-04-11 10:41:31,20.96,5.3,2.8,0.7,6.8,0.0,0.0,0.0,0.0,0.0,28.0,33.4,19.6,29.0,-128.7,21.2,0.0,1.0,1.0,1.0,0.0,0.0,1.0,0.0,90.0,90.0,0
2025-04-11 10:41:32,20.97,5.3,2.8,0.7,6.5,0.0,0.0,0.0,0.0,0.0,28.0,33.4,19.6,29.0,-128.7,21.2,0.0,1.0,1.0,1.0,0.0,0.0,1.0,0.0,90.0,90.0,0
2025-04-11 10:41:33,20.96,5.3,2.8,0.7,6.8,0.0,0.0,0.0,0.0,0.0,28.0,33.4,19.6,29.0,-128.7,21.2,0.0,1.0,1.0,1.0,0.0,0.0,1.0,0.0,90.0,90.0,0
2025-04-11 10:41:34,20.97,5.29,2.8,0.7,6.9,0.0,0.0,0.0,0.0,0.0,28.0,33.4,19.5,29.0,-128.7,21.3,0.0,1.0,1.0,1.0,0.0,0.0,1.0,0.0,90.0,90.0,0
2025-04-11 10:41:35,20.97,5.3,2.7,0.7,7.0,0.0,0.0,0.0,0.0,0.0,28.0,33.4,19.5,29.0,-128.7,21.2,0.0,1.0,1.0,1.0,0.0,0.0,1.0,0.0,90.0,90.0,0
2025-04-11 10:41:36,20.97,5.3,2.7,0.7,7.099999,0.0,0.0,0.0,0.0,0.0,28.0,33.4,19.5,29.0,-128.7,21.2,0.0,1.0,1.0,1.0,0.0,0.0,1.0,0.0,90.0,90.0,0
2025-04-11 10:41:37,20.95,5.3,2.8,0.7,6.8,0.0,0.0,0.0,0.0,0.0,28.0,33.4,19.5,29.0,-128.7,21.2,0.0,1.0,1.0,1.0,0.0,0.0,1.0,0.0,90.0,90.0,0
2025-04-11 10:41:38,20.95,5.3,2.8,0.7,7.099999,0.0,0.0,0.0,0.0,0.0,28.0,33.4,19.5,29.0,-128.7,21.2,0.0,1.0,1.0,1.0,0.0,0.0,1.0,0.0,90.0,90.0,0
2025-04-11 10:41:39,20.96,5.3,2.8,0.7,7.2,0.0,0.0,0.0,0.0,0.0,28.0,33.4,19.5,29.0,-128.7,21.2,0.0,1.0,1.0,1.0,0.0,0.0,1.0,0.0,90.0,90.0,0
2025-04-11 10:41:40,20.97,5.3,2.8,0.7,6.7,0.0,0.0,0.0,0.0,0.0,28.0,33.4,19.5,29.0,-128.7,21.2,0.0,1.0,1.0,1.0,0.0,0.0,1.0,0.0,90.0,90.0,0
2025-04-11 10:41:41,20.96,5.3,2.8,0.7,7.2,0.0,0.0,0.0,0.0,0.0,28.0,33.4,19.5,29.0,-128.7,21.2,0.0,1.0,1.0,1.0,0.0,0.0,1.0,0.0,90.0,90.0,0
2025-04-11 10:41:42,20.96,5.3,2.8,0.7,7.5,0.0,0.0,0.0,0.0,0.0,28.0,33.4,19.5,29.0,-128.7,21.2,0.0,1.0,1.0,1.0,0.0,0.0,1.0,0.0,90.0,90.0,0
2025-04-11 10:41:43,20.96,5.29,2.7,0.7,6.9,0.0,0.0,0.0,0.0,0.0,28.0,33.4,19.5,29.0,-128.7,21.2,0.0,1.0,1.0,1.0,0.0,0.0,1.0,0.0,90.0,90.0,0
2025-04-11 10:41:44,20.96,5.309999,2.7,0.7,7.2,0.0,0.0,0.0,0.0,0.0,28.0,33.4,19.5,29.0,-128.7,21.2,0.0,1.0,1.0,1.0,0.0,0.0,1.0,0.0,90.0,90.0,0
2025-04-11 10:41:45,20.96,5.3,2.8,0.7,7.099999,0.0,0.0,0.0,0.0,0.0,28.0,33.4,19.5,29.0,-128.7,21.2,0.0,1.0,1.0,1.0,0.0,0.0,1.0,0.0,90.0,90.0,0
2025-04-11 10:41:46,20.96,5.3,2.8,0.7,6.8,0.0,0.0,0.0,0.0,0.0,28.0,33.4,19.5,29.0,-128.7,21.2,0.0,1.0,1.0,1.0,0.0,0.0,1.0,0.0,90.0,90.0,0
2025-04-11 10:41:47,20.96,5.3,2.8,0.7,7.099999,0.0,0.0,0.0,0.0,0.0,28.0,33.4,19.5,29.0,-128.7,21.2,0.0,1.0,1.0,1.0,0.0,0.0,1.0,0.0,90.0,90.0,0
2025-04-11 10:41:48,20.97,5.3,2.8,0.7,6.5,0.0,0.0,0.0,0.0,0.0,28.0,33.4,19.5,29.0,-128.7,21.2,0.0,1.0,1.0,1.0,0.0,0.0,1.0,0.0,90.0,90.0,0
2025-04-11 10:41:49,20.96,5.3,2.8,0.7,7.5,0.0,0.0,0.0,0.0,0.0,28.0,33.4,19.5,29.0,-128.7,21.2,0.0,1.0,1.0,1.0,0.0,0.0,1.0,0.0,90.0,90.0,0
2025-04-11 10:41:50,20.97,5.3,2.8,0.7,6.7,0.0,0.0,0.0,0.0,0.0,28.0,33.4,19.4,29.0,-128.7,21.2,0.0,1.0,1.0,1.0,0.0,0.0,1.0,0.0,90.0,90.0,0
2025-04-11 10:41:51,20.97,5.32,2.8,0.7,6.8,0.0,0.0,0.0,0.0,0.0,28.0,33.4,19.4,29.0,-128.7,21.2,0.0,1.0,1.0,1.0,0.0,0.0,1.0,0.0,90.0,90.0,0
2025-04-11 10:41:52,20.97,5.3,2.8,0.7,7.2,0.0,0.0,0.0,0.0,0.0,28.0,33.4,19.4,29.0,-128.7,21.2,0.0,1.0,1.0,1.0,0.0,0.0,1.0,0.0,90.0,90.0,0
2025-04-11 10:41:53,20.97,5.309999,2.7,0.7,6.5,0.0,0.0,0.0,0.0,0.0,28.0,33.4,19.4,29.0,-128.7,21.2,0.0,1.0,1.0,1.0,0.0,0.0,1.0,0.0,90.0,90.0,0
2025-04-11 10:41:54,20.95,5.3,2.8,0.7,7.0,0.0,0.0,0.0,0.0,0.0,28.0,33.4,19.4,29.0,-128.7,21.2,0.0,1.0,1.0,1.0,0.0,0.0,1.0,0.0,90.0,90.0,0
2025-04-11 10:41:55,20.97,5.309999,2.8,0.7,7.599999,0.0,0.0,0.0,0.0,0.0,28.0,33.4,19.4,29.0,-128.7,21.2,0.0,1.0,1.0,1.0,0.0,0.0,1.0,0.0,90.0,90.0,0
2025-04-11 10:41:56,20.97,5.3,2.8,0.7,7.099999,0.0,0.0,0.0,0.0,0.0,28.0,33.4,19.4,29.0,-128.7,21.2,0.0,1.0,1.0,1.0,0.0,0.0,1.0,0.0,90.0,90.0,0
2025-04-11 10:41:57,20.99,5.3,2.8,0.7,7.5,0.0,0.0,0.0,0.0,0.0,28.0,33.4,19.4,29.0,-128.7,21.2,0.0,1.0,1.0,1.0,0.0,0.0,1.0,0.0,90.0,90.0,0
2025-04-11 10:41:58,20.97,5.3,2.7,0.7,6.8,0.0,0.0,0.0,0.0,0.0,28.0,33.4,19.4,29.0,-128.7,21.2,0.0,1.0,1.0,1.0,0.0,0.0,1.0,0.0,90.0,90.0,0
2025-04-11 10:41:59,20.97,5.3,2.7,0.7,7.0,0.0,0.0,0.0,0.0,0.0,28.0,33.4,19.4,29.0,-128.7,21.2,0.0,1.0,1.0,1.0,0.0,0.0,1.0,0.0,90.0,90.0,0
2025-04-11 10:42:00,20.97,5.309999,2.8,0.7,6.8,0.0,0.0,0.0,0.0,0.0,28.0,33.4,19.4,29.0,-128.7,21.2,0.0,1.0,1.0,1.0,0.0,0.0,1.0,0.0,90.0,90.0,0
2025-04-11 10:42:01,20.97,5.3,2.7,0.7,7.2,0.0,0.0,0.0,0.0,0.0,28.0,33.4,19.4,29.0,-128.7,21.2,0.0,1.0,1.0,1.0,0.0,0.0,1.0,0.0,90.0,90.0,0
2025-04-11 10:42:02,20.96,5.309999,2.7,0.7,6.4,0.0,0.0,0.0,0.0,0.0,28.0,33.4,19.4,29.0,-128.7,21.2,0.0,1.0,1.0,1.0,0.0,0.0,1.0,0.0,90.0,90.0,0
2025-04-11 10:42:03,20.97,5.3,2.8,0.7,7.0,0.0,0.0,0.0,0.0,0.0,28.0,33.4,19.4,29.0,-128.7,21.2,0.0,1.0,1.0,1.0,0.0,0.0,1.0,0.0,90.0,90.0,0
2025-04-11 10:42:04,20.97,5.309999,2.8,0.7,6.599999,0.0,0.0,0.0,0.0,0.0,28.0,33.4,19.4,29.0,-128.7,21.2,0.0,1.0,1.0,1.0,0.0,0.0,1.0,0.0,90.0,90.0,0
2025-04-11 10:42:05,20.99,5.309999,2.8,0.7,7.2,0.0,0.0,0.0,0.0,0.0,28.0,33.4,19.3,29.0,-128.7,21.2,0.0,1.0,1.0,1.0,0.0,0.0,1.0,0.0,90.0,90.0,0
2025-04-11 10:42:06,20.99,5.3,2.8,0.7,7.2,0.0,0.0,0.0,0.0,0.0,28.0,33.4,19.3,29.0,-128.7,21.2,0.0,1.0,1.0,1.0,0.0,0.0,1.0,0.0,90.0,90.0,0
2025-04-11 10:42:07,20.99,5.309999,2.8,0.7,7.0,0.0,0.0,0.0,0.0,0.0,28.0,33.4,19.3,29.0,-128.7,21.2,0.0,1.0,1.0,1.0,0.0,0.0,1.0,0.0,90.0,90.0,0
2025-04-11 10:42:08,20.97,5.3,2.8,0.7,7.099999,0.0,0.0,0.0,0.0,0.0,28.0,33.4,19.3,29.0,-128.7,21.2,0.0,1.0,1.0,1.0,0.0,0.0,1.0,0.0,90.0,90.0,0
2025-04-11 10:42:09,20.97,5.3,2.8,0.7,7.0,0.0,0.0,0.0,0.0,0.0,28.0,33.4,19.3,29.0,-128.7,21.2,0.0,1.0,1.0,1.0,0.0,0.0,1.0,0.0,90.0,90.0,0
2025-04-11 10:42:10,20.97,5.29,2.8,0.7,6.7,0.0,0.0,0.0,0.0,0.0,28.0,33.4,19.3,29.0,-128.7,21.2,0.0,1.0,1.0,1.0,0.0,0.0,1.0,0.0,90.0,90.0,0
2025-04-11 10:42:11,20.97,5.309999,2.7,0.7,6.9,0.0,0.0,0.0,0.0,0.0,28.0,33.4,19.2,29.0,-128.7,21.2,0.0,1.0,1.0,1.0,0.0,0.0,1.0,0.0,90.0,90.0,0
2025-04-11 10:42:12,20.99,5.3,2.8,0.7,7.2,0.0,0.0,0.0,0.0,0.0,28.0,33.4,19.2,29.0,-128.7,21.3,0.0,1.0,1.0,1.0,0.0,0.0,1.0,0.0,90.0,90.0,0
2025-04-11 10:42:13,21.0,5.3,2.8,0.7,7.5,0.0,0.0,0.0,0.0,0.0,28.0,33.4,19.2,29.0,-128.7,21.2,0.0,1.0,1.0,1.0,0.0,0.0,1.0,0.0,90.0,90.0,0
2025-04-11 10:42:14,20.99,5.3,2.8,0.7,6.599999,0.0,0.0,0.0,0.0,0.0,28.0,33.4,19.2,29.0,-128.7,21.3,0.0,1.0,1.0,1.0,0.0,0.0,1.0,0.0,90.0,90.0,0
2025-04-11 10:42:15,20.99,5.3,2.8,0.7,7.5,0.0,0.0,0.0,0.0,0.0,28.0,33.4,19.2,29.0,-128.7,21.2,0.0,1.0,1.0,1.0,0.0,0.0,1.0,0.0,90.0,90.0,0
2025-04-11 10:42:16,20.96,5.3,2.8,0.7,6.9,0.0,0.0,0.0,0.0,0.0,28.0,33.4,19.2,29.0,-128.7,21.2,0.0,1.0,1.0,1.0,0.0,0.0,1.0,0.0,90.0,90.0,0
2025-04-11 10:42:17,20.96,5.29,2.8,0.7,6.9,0.0,0.0,0.0,0.0,0.0,28.0,33.4,19.1,29.0,-128.7,21.2,0.0,1.0,1.0,1.0,0.0,0.0,1.0,0.0,90.0,90.0,0
2025-04-11 10:42:18,20.96,5.3,2.7,0.7,6.5,0.0,0.0,0.0,0.0,0.0,28.0,33.4,19.1,29.0,-128.7,21.2,0.0,1.0,1.0,1.0,0.0,0.0,1.0,0.0,90.0,90.0,0
2025-04-11 10:42:19,20.97,5.29,2.7,0.7,6.8,0.0,0.0,0.0,0.0,0.0,28.0,33.4,19.1,29.0,-128.7,21.3,0.0,1.0,1.0,1.0,0.0,0.0,1.0,0.0,90.0,90.0,0
2025-04-11 10:42:20,20.97,5.3,2.8,0.7,7.0,0.0,0.0,0.0,0.0,0.0,28.0,33.4,19.1,29.0,-128.7,21.2,0.0,1.0,1.0,1.0,0.0,0.0,1.0,0.0,90.0,90.0,0
2025-04-11 10:42:21,20.97,5.29,2.8,0.7,6.599999,0.0,0.0,0.0,0.0,0.0,28.0,33.4,19.1,29.0,-128.7,21.3,0.0,1.0,1.0,1.0,0.0,0.0,1.0,0.0,90.0,90.0,0
2025-04-11 10:42:22,20.96,5.3,2.8,0.7,7.5,0.0,0.0,0.0,0.0,0.0,28.0,33.4,19.0,29.0,-128.7,21.2,0.0,1.0,1.0,1.0,0.0,0.0,1.0,0.0,90.0,90.0,0
2025-04-11 10:42:23,20.99,5.3,2.8,0.7,7.0,0.0,0.0,0.0,0.0,0.0,28.0,33.4,19.0,29.0,-128.7,21.2,0.0,1.0,1.0,1.0,0.0,0.0,1.0,0.0,90.0,90.0,0
2025-04-11 10:42:24,20.96,5.29,2.8,0.7,6.9,0.0,0.0,0.0,0.0,0.0,28.0,33.4,19.0,29.0,-128.7,21.2,0.0,1.0,1.0,1.0,0.0,0.0,1.0,0.0,90.0,90.0,0
2025-04-11 10:42:25,20.97,5.3,2.8,0.7,7.099999,0.0,0.0,0.0,0.0,0.0,28.0,33.4,19.0,29.0,-128.7,21.2,0.0,1.0,1.0,1.0,0.0,0.0,1.0,0.0,90.0,90.0,0
2025-04-11 10:42:26,20.97,5.29,2.8,0.7,7.099999,0.0,0.0,0.0,0.0,0.0,28.0,33.4,19.0,29.0,-128.7,21.2,0.0,1.0,1.0,1.0,0.0,0.0,1.0,0.0,90.0,90.0,0
2025-04-11 10:42:27,20.97,5.3,2.7,0.7,6.599999,0.0,0.0,0.0,0.0,0.0,28.0,33.3,19.0,29.0,-128.7,21.2,0.0,1.0,1.0,1.0,0.0,0.0,1.0,0.0,90.0,90.0,0
2025-04-11 10:42:28,20.96,5.29,2.8,0.7,6.8,0.0,0.0,0.0,0.0,0.0,28.0,33.3,19.0,29.0,-128.7,21.3,0.0,1.0,1.0,1.0,0.0,0.0,1.0,0.0,90.0,90.0,0
2025-04-11 10:42:29,20.96,5.3,2.7,0.7,7.3,0.0,0.0,0.0,0.0,0.0,28.0,33.3,19.0,29.0,-128.7,21.2,0.0,1.0,1.0,1.0,0.0,0.0,1.0,0.0,90.0,90.0,0
2025-04-11 10:42:30,20.96,5.29,2.7,0.7,6.7,0.0,0.0,0.0,0.0,0.0,28.0,33.3,18.9,29.0,-128.7,21.3,0.0,1.0,1.0,1.0,0.0,0.0,1.0,0.0,90.0,90.0,0
2025-04-11 10:42:31,20.95,5.29,2.7,0.7,7.3,0.0,0.0,0.0,0.0,0.0,28.0,33.3,18.9,29.0,-128.7,21.2,0.0,1.0,1.0,1.0,0.0,0.0,1.0,0.0,90.0,90.0,0
2025-04-11 10:42:32,20.95,5.3,2.8,0.7,7.0,0.0,0.0,0.0,0.0,0.0,28.0,33.3,18.9,29.0,-128.7,21.3,0.0,1.0,1.0,1.0,0.0,0.0,1.0,0.0,90.0,90.0,0
2025-04-11 10:42:33,20.96,5.3,2.8,0.7,7.3,0.0,0.0,0.0,0.0,0.0,28.0,33.3,18.9,29.0,-128.7,21.2,0.0,1.0,1.0,1.0,0.0,0.0,1.0,0.0,90.0,90.0,0
2025-04-11 10:42:34,20.96,5.3,2.8,0.7,7.4,0.0,0.0,0.0,0.0,0.0,28.0,33.3,18.9,29.0,-128.7,21.3,0.0,1.0,1.0,1.0,0.0,0.0,1.0,0.0,90.0,90.0,0
2025-04-11 10:42:35,20.97,5.29,2.8,0.7,6.7,0.0,0.0,0.0,0.0,0.0,28.0,33.3,18.8,29.0,-128.7,21.3,0.0,1.0,1.0,1.0,0.0,0.0,1.0,0.0,90.0,90.0,0
2025-04-11 10:42:36,20.96,5.3,2.7,0.7,6.4,0.0,0.0,0.0,0.0,0.0,28.0,33.3,18.8,29.0,-128.7,21.2,0.0,1.0,1.0,1.0,0.0,0.0,1.0,0.0,90.0,90.0,0
2025-04-11 10:42:37,20.96,5.29,2.8,0.7,7.2,0.0,0.0,0.0,0.0,0.0,28.0,33.3,18.8,29.0,-128.7,21.3,0.0,1.0,1.0,1.0,0.0,0.0,1.0,0.0,90.0,90.0,0
2025-04-11 10:42:38,20.96,5.3,2.8,0.7,6.599999,0.0,0.0,0.0,0.0,0.0,28.0,33.3,18.8,29.0,-128.7,21.2,0.0,1.0,1.0,1.0,0.0,0.0,1.0,0.0,90.0,90.0,0
2025-04-11 10:42:39,20.96,5.3,2.8,0.7,7.4,0.0,0.0,0.0,0.0,0.0,28.0,33.3,18.8,29.0,-128.7,21.2,0.0,1.0,1.0,1.0,0.0,0.0,1.0,0.0,90.0,90.0,0
2025-04-11 10:42:40,20.97,5.3,2.8,0.7,7.099999,0.0,0.0,0.0,0.0,0.0,28.0,33.3,18.8,29.0,-128.7,21.2,0.0,1.0,1.0,1.0,0.0,0.0,1.0,0.0,90.0,90.0,0
2025-04-11 10:42:41,20.95,5.29,2.7,0.7,7.0,0.0,0.0,0.0,0.0,0.0,28.0,33.3,18.8,29.0,-128.7,21.2,0.0,1.0,1.0,1.0,0.0,0.0,1.0,0.0,90.0,90.0,0
2025-04-11 10:42:42,20.96,5.309999,2.8,0.7,6.599999,0.0,0.0,0.0,0.0,0.0,28.0,33.3,18.8,29.0,-128.7,21.2,0.0,1.0,1.0,1.0,0.0,0.0,1.0,0.0,90.0,90.0,0
2025-04-11 10:42:43,20.97,5.29,2.8,0.7,6.8,0.0,0.0,0.0,0.0,0.0,28.0,33.3,18.7,29.0,-128.7,21.3,0.0,1.0,1.0,1.0,0.0,0.0,1.0,0.0,90.0,90.0,0
2025-04-11 10:42:44,20.97,5.3,2.8,0.7,7.0,0.0,0.0,0.0,0.0,0.0,28.0,33.3,18.7,29.0,-128.7,21.2,0.0,1.0,1.0,1.0,0.0,0.0,1.0,0.0,90.0,90.0,0
2025-04-11 10:42:45,20.97,5.29,2.7,0.7,6.8,0.0,0.0,0.0,0.0,0.0,28.0,33.3,18.7,29.0,-128.7,21.3,0.0,1.0,1.0,1.0,0.0,0.0,1.0,0.0,90.0,90.0,0
2025-04-11 10:42:46,20.97,5.29,2.8,0.7,7.0,0.0,0.0,0.0,0.0,0.0,28.0,33.3,18.7,29.0,-128.7,21.2,0.0,1.0,1.0,1.0,0.0,0.0,1.0,0.0,90.0,90.0,0
2025-04-11 10:42:47,20.99,5.3,2.8,0.7,7.2,0.0,0.0,0.0,0.0,0.0,28.0,33.3,18.7,29.0,-128.7,21.2,0.0,1.0,1.0,1.0,0.0,0.0,1.0,0.0,90.0,90.0,0
2025-04-11 10:42:48,20.99,5.29,2.7,0.7,6.599999,0.0,0.0,0.0,0.0,0.0,28.0,33.3,18.7,29.0,-128.7,21.2,0.0,1.0,1.0,1.0,0.0,0.0,1.0,0.0,90.0,90.0,0
2025-04-11 10:42:49,21.0,5.3,2.8,0.7,7.099999,0.0,0.0,0.0,0.0,0.0,28.0,33.3,18.7,29.0,-128.7,21.3,0.0,1.0,1.0,1.0,0.0,0.0,1.0,0.0,90.0,90.0,0
2025-04-11 10:42:50,20.99,5.29,2.8,0.7,6.7,0.0,0.0,0.0,0.0,0.0,28.0,33.3,18.6,29.0,-128.7,21.3,0.0,1.0,1.0,1.0,0.0,0.0,1.0,0.0,90.0,90.0,0
2025-04-11 10:42:51,21.0,5.3,2.7,0.7,6.5,0.0,0.0,0.0,0.0,0.0,28.0,33.3,18.6,29.0,-128.7,21.2,0.0,1.0,1.0,1.0,0.0,0.0,1.0,0.0,90.0,90.0,0
2025-04-11 10:42:52,20.97,5.29,2.8,0.7,7.2,0.0,0.0,0.0,0.0,0.0,28.0,33.3,18.6,29.0,-128.7,21.2,0.0,1.0,1.0,1.0,0.0,0.0,1.0,0.0,90.0,90.0,0
2025-04-11 10:42:53,20.97,5.3,2.7,0.7,6.7,0.0,0.0,0.0,0.0,0.0,28.0,33.3,18.6,29.0,-128.7,21.2,0.0,1.0,1.0,1.0,0.0,0.0,1.0,0.0,90.0,90.0,0
2025-04-11 10:42:54,20.97,5.3,2.7,0.7,7.2,0.0,0.0,0.0,0.0,0.0,28.0,33.3,18.6,28.9,-128.7,21.1,0.0,1.0,1.0,1.0,0.0,0.0,1.0,0.0,90.0,90.0,0
2025-04-11 10:42:55,20.97,5.3,2.8,0.7,6.9,0.0,0.0,0.0,0.0,0.0,28.0,33.3,18.6,28.9,-128.7,21.1,0.0,1.0,1.0,1.0,0.0,0.0,1.0,0.0,90.0,90.0,0
2025-04-11 10:42:56,20.99,5.3,2.8,0.7,6.9,0.0,0.0,0.0,0.0,0.0,28.0,33.3,18.6,28.9,-128.7,21.1,0.0,1.0,1.0,1.0,0.0,0.0,1.0,0.0,90.0,90.0,0
2025-04-11 10:42:57,20.99,5.29,2.8,0.7,7.599999,0.0,0.0,0.0,0.0,0.0,28.0,33.3,18.6,28.9,-128.7,21.1,0.0,1.0,1.0,1.0,0.0,0.0,1.0,0.0,90.0,90.0,0
2025-04-11 10:42:58,20.97,5.3,2.7,0.7,6.8,0.0,0.0,0.0,0.0,0.0,28.0,33.3,18.5,28.9,-128.7,21.1,0.0,1.0,1.0,1.0,0.0,0.0,1.0,0.0,90.0,90.0,0
2025-04-11 10:42:59,20.96,5.28,2.8,0.7,6.9,0.0,0.0,0.0,0.0,0.0,28.0,33.3,18.5,28.9,-128.7,21.2,0.0,1.0,1.0,1.0,0.0,0.0,1.0,0.0,90.0,90.0,0
2025-04-11 10:43:00,20.97,5.3,2.8,0.7,6.7,0.0,0.0,0.0,0.0,0.0,28.0,33.3,18.5,28.9,-128.7,21.1,0.0,1.0,1.0,1.0,0.0,0.0,1.0,0.0,90.0,90.0,0
2025-04-11 10:43:01,20.96,5.28,2.8,0.7,6.599999,0.0,0.0,0.0,0.0,0.0,28.0,33.3,18.5,28.9,-128.7,21.2,0.0,1.0,1.0,1.0,0.0,0.0,1.0,0.0,90.0,90.0,0
2025-04-11 10:43:02,20.97,5.29,2.8,0.7,7.099999,0.0,0.0,0.0,0.0,0.0,28.0,33.3,18.5,28.9,-128.7,21.1,0.0,1.0,1.0,1.0,0.0,0.0,1.0,0.0,90.0,90.0,0
2025-04-11 10:43:03,20.96,5.29,2.8,0.7,7.099999,0.0,0.0,0.0,0.0,0.0,28.0,33.3,18.5,28.9,-128.7,21.2,0.0,1.0,1.0,1.0,0.0,0.0,1.0,0.0,90.0,90.0,0
2025-04-11 10:43:04,20.97,5.28,2.7,0.7,7.099999,0.0,0.0,0.0,0.0,0.0,28.0,33.3,18.5,28.9,-128.7,21.1,0.0,1.0,1.0,1.0,0.0,0.0,1.0,0.0,90.0,90.0,0
2025-04-11 10:43:05,20.99,5.3,2.7,0.7,7.099999,0.0,0.0,0.0,0.0,0.0,28.0,33.3,18.4,28.9,-128.7,21.2,0.0,1.0,1.0,1.0,0.0,0.0,1.0,0.0,90.0,90.0,0
2025-04-11 10:43:06,20.99,5.29,2.8,0.7,6.7,0.0,0.0,0.0,0.0,0.0,28.0,33.3,18.4,28.9,-128.7,21.1,0.0,1.0,1.0,1.0,0.0,0.0,1.0,0.0,90.0,90.0,0
2025-04-11 10:43:07,20.96,5.3,2.8,0.7,6.7,0.0,0.0,0.0,0.0,0.0,28.0,33.3,18.4,28.9,-128.7,21.1,0.0,1.0,1.0,1.0,0.0,0.0,1.0,0.0,90.0,90.0,0
2025-04-11 10:43:08,21.0,5.29,2.8,0.7,6.7,0.0,0.0,0.0,0.0,0.0,28.0,33.3,18.4,28.9,-128.7,21.2,0.0,1.0,1.0,1.0,0.0,0.0,1.0,0.0,90.0,90.0,0
2025-04-11 10:43:09,20.97,5.3,2.8,0.7,6.599999,0.0,0.0,0.0,0.0,0.0,28.0,33.3,18.4,28.9,-128.7,21.1,0.0,1.0,1.0,1.0,0.0,0.0,1.0,0.0,90.0,90.0,0
2025-04-11 10:43:10,20.96,5.29,2.8,0.7,7.3,0.0,0.0,0.0,0.0,0.0,28.0,33.3,18.4,28.9,-128.7,21.2,0.0,1.0,1.0,1.0,0.0,0.0,1.0,0.0,90.0,90.0,0
2025-04-11 10:43:11,20.97,5.29,2.8,0.7,6.3,0.0,0.0,0.0,0.0,0.0,28.0,33.3,18.4,28.9,-128.7,21.1,0.0,1.0,1.0,1.0,0.0,0.0,1.0,0.0,90.0,90.0,0
2025-04-11 10:43:12,20.96,5.3,2.7,0.7,7.4,0.0,0.0,0.0,0.0,0.0,28.0,33.3,18.4,28.9,-128.7,21.2,0.0,1.0,1.0,1.0,0.0,0.0,1.0,0.0,90.0,90.0,0
2025-04-11 10:43:13,20.97,5.28,2.8,0.7,6.9,0.0,0.0,0.0,0.0,0.0,28.0,33.3,18.4,28.9,-128.7,21.2,0.0,1.0,1.0,1.0,0.0,0.0,1.0,0.0,90.0,90.0,0
2025-04-11 10:43:14,20.99,5.3,2.8,0.7,6.8,0.0,0.0,0.0,0.0,0.0,28.0,33.3,18.3,28.9,-128.7,21.2,0.0,1.0,1.0,1.0,0.0,0.0,1.0,0.0,90.0,90.0,0
2025-04-11 10:43:15,20.99,5.29,2.8,0.7,7.2,0.0,0.0,0.0,0.0,0.0,28.0,33.3,18.3,28.9,-128.7,21.2,0.0,1.0,1.0,1.0,0.0,0.0,1.0,0.0,90.0,90.0,0
2025-04-11 10:43:16,20.97,5.3,2.8,0.7,6.8,0.0,0.0,0.0,0.0,0.0,28.0,33.3,18.3,28.9,-128.7,21.1,0.0,1.0,1.0,1.0,0.0,0.0,1.0,0.0,90.0,90.0,0
2025-04-11 10:43:17,20.96,5.3,2.8,0.7,7.2,0.0,0.0,0.0,0.0,0.0,28.0,33.3,18.3,28.9,-128.7,21.2,0.0,1.0,1.0,1.0,0.0,0.0,1.0,0.0,90.0,90.0,0
2025-04-11 10:43:18,20.95,5.3,2.8,0.7,6.9,0.0,0.0,0.0,0.0,0.0,28.0,33.3,18.3,28.9,-128.7,21.1,0.0,1.0,1.0,1.0,0.0,0.0,1.0,0.0,90.0,90.0,0
2025-04-11 10:43:19,20.96,5.3,2.8,0.7,6.9,0.0,0.0,0.0,0.0,0.0,28.0,33.3,18.3,28.9,-128.7,21.2,0.0,1.0,1.0,1.0,0.0,0.0,1.0,0.0,90.0,90.0,0
2025-04-11 10:43:20,20.99,5.3,2.8,0.7,7.2,0.0,0.0,0.0,0.0,0.0,28.0,33.3,18.3,28.9,-128.7,21.1,0.0,1.0,1.0,1.0,0.0,0.0,1.0,0.0,90.0,90.0,0
2025-04-11 10:43:21,20.97,5.3,2.8,0.7,6.599999,0.0,0.0,0.0,0.0,0.0,28.0,33.3,18.3,28.9,-128.7,21.1,0.0,1.0,1.0,1.0,0.0,0.0,1.0,0.0,90.0,90.0,0
2025-04-11 10:43:22,20.97,5.29,2.8,0.7,7.099999,0.0,0.0,0.0,0.0,0.0,28.0,33.3,18.2,28.9,-128.7,21.1,0.0,1.0,1.0,1.0,0.0,0.0,1.0,0.0,90.0,90.0,0
2025-04-11 10:43:23,20.96,5.3,2.8,0.7,6.5,0.0,0.0,0.0,0.0,0.0,28.0,33.3,18.2,28.9,-128.7,21.1,0.0,1.0,1.0,1.0,0.0,0.0,1.0,0.0,90.0,90.0,0
2025-04-11 10:43:24,20.96,5.29,2.7,0.7,6.9,0.0,0.0,0.0,0.0,0.0,28.0,33.3,18.2,28.9,-128.7,21.2,0.0,1.0,1.0,1.0,0.0,0.0,1.0,0.0,90.0,90.0,0
2025-04-11 10:43:25,20.96,5.3,2.7,0.7,7.2,0.0,0.0,0.0,0.0,0.0,28.0,33.3,18.2,28.9,-128.7,21.1,0.0,1.0,1.0,1.0,0.0,0.0,1.0,0.0,90.0,90.0,0
2025-04-11 10:43:26,20.96,5.29,2.8,0.7,6.7,0.0,0.0,0.0,0.0,0.0,28.0,33.3,18.2,28.9,-128.7,21.2,0.0,1.0,1.0,1.0,0.0,0.0,1.0,0.0,90.0,90.0,0
2025-04-11 10:43:27,20.96,5.29,2.8,0.7,7.0,0.0,0.0,0.0,0.0,0.0,28.0,33.3,18.2,28.9,-128.7,21.1,0.0,1.0,1.0,1.0,0.0,0.0,1.0,0.0,90.0,90.0,0
2025-04-11 10:43:28,20.99,5.3,2.8,0.7,7.2,0.0,0.0,0.0,0.0,0.0,28.0,33.3,18.2,28.9,-128.7,21.2,0.0,1.0,1.0,1.0,0.0,0.0,1.0,0.0,90.0,90.0,0
2025-04-11 10:43:29,20.97,5.3,2.8,0.7,6.8,0.0,0.0,0.0,0.0,0.0,28.0,33.3,18.1,28.8,-128.7,21.0,0.0,1.0,1.0,1.0,0.0,0.0,1.0,0.0,90.0,90.0,0
2025-04-11 10:43:30,20.99,5.3,2.8,0.7,7.0,0.0,0.0,0.0,0.0,0.0,28.0,33.3,18.1,28.8,-128.7,21.1,0.0,1.0,1.0,1.0,0.0,0.0,1.0,0.0,90.0,90.0,0
2025-04-11 10:43:31,20.99,5.29,2.8,0.7,6.7,0.0,0.0,0.0,0.0,0.0,28.0,33.3,18.1,28.8,-128.7,21.0,0.0,1.0,1.0,1.0,0.0,0.0,1.0,0.0,90.0,90.0,0
2025-04-11 10:43:32,20.99,5.3,2.8,0.7,6.3,0.0,0.0,0.0,0.0,0.0,28.0,33.3,18.1,28.8,-128.7,21.0,0.0,1.0,1.0,1.0,0.0,0.0,1.0,0.0,90.0,90.0,0
2025-04-11 10:43:33,20.99,5.29,2.7,0.7,7.2,0.0,0.0,0.0,0.0,0.0,28.0,33.3,18.1,28.8,-128.7,21.0,0.0,1.0,1.0,1.0,0.0,0.0,1.0,0.0,90.0,90.0,0
2025-04-11 10:43:34,20.99,5.3,2.8,0.7,6.7,0.0,0.0,0.0,0.0,0.0,28.0,33.3,18.1,28.8,-128.7,21.0,0.0,1.0,1.0,1.0,0.0,0.0,1.0,0.0,90.0,90.0,0
2025-04-11 10:43:35,21.0,5.29,2.8,0.7,7.5,0.0,0.0,0.0,0.0,0.0,28.0,33.3,18.1,28.8,-128.7,21.1,0.0,1.0,1.0,1.0,0.0,0.0,1.0,0.0,90.0,90.0,0
2025-04-11 10:43:36,21.0,5.3,2.8,0.7,7.5,0.0,0.0,0.0,0.0,0.0,28.0,33.3,18.1,28.8,-128.7,21.0,0.0,1.0,1.0,1.0,0.0,0.0,1.0,0.0,90.0,90.0,0
2025-04-11 10:43:37,21.0,5.29,2.8,0.7,7.2,0.0,0.0,0.0,0.0,0.0,28.0,33.3,18.1,28.8,-128.7,21.1,0.0,1.0,1.0,1.0,0.0,0.0,1.0,0.0,90.0,90.0,0
2025-04-11 10:43:38,20.99,5.3,2.7,0.7,7.2,0.0,0.0,0.0,0.0,0.0,28.0,33.3,18.1,28.8,-128.7,21.0,0.0,1.0,1.0,1.0,0.0,0.0,1.0,0.0,90.0,90.0,0
2025-04-11 10:43:39,21.01,5.3,2.8,0.7,6.9,0.0,0.0,0.0,0.0,0.0,28.0,33.3,18.0,28.8,-128.7,21.1,0.0,1.0,1.0,1.0,0.0,0.0,1.0,0.0,90.0,90.0,0
2025-04-11 10:43:40,20.99,5.3,2.8,0.7,7.3,0.0,0.0,0.0,0.0,0.0,28.0,33.4,18.0,28.8,-128.7,21.0,0.0,1.0,1.0,1.0,0.0,0.0,1.0,0.0,90.0,90.0,0
2025-04-11 10:43:41,20.99,5.29,2.8,0.7,6.599999,0.0,0.0,0.0,0.0,0.0,28.0,33.4,18.0,28.8,-128.7,21.1,0.0,1.0,1.0,1.0,0.0,0.0,1.0,0.0,90.0,90.0,0
2025-04-11 10:43:42,21.01,5.3,2.8,0.7,7.099999,0.0,0.0,0.0,0.0,0.0,28.0,33.4,18.0,28.8,-128.7,21.0,0.0,1.0,1.0,1.0,0.0,0.0,1.0,0.0,90.0,90.0,0
2025-04-11 10:43:43,21.0,5.29,2.7,0.7,6.9,0.0,0.0,0.0,0.0,0.0,28.0,33.4,18.0,28.8,-128.7,21.1,0.0,1.0,1.0,1.0,0.0,0.0,1.0,0.0,90.0,90.0,0
2025-04-11 10:43:44,21.0,5.3,2.7,0.7,7.2,0.0,0.0,0.0,0.0,0.0,28.0,33.4,18.0,28.8,-128.7,21.0,0.0,1.0,1.0,1.0,0.0,0.0,1.0,0.0,90.0,90.0,0
2025-04-11 10:43:45,20.99,5.3,2.7,0.7,7.099999,0.0,0.0,0.0,0.0,0.0,28.0,33.4,18.0,28.8,-128.7,21.1,0.0,1.0,1.0,1.0,0.0,0.0,1.0,0.0,90.0,90.0,0
2025-04-11 10:43:46,21.01,5.3,2.8,0.7,7.4,0.0,0.0,0.0,0.0,0.0,28.0,33.4,18.0,28.8,-128.7,21.0,0.0,1.0,1.0,1.0,0.0,0.0,1.0,0.0,90.0,90.0,0
2025-04-11 10:43:47,21.0,5.3,2.8,0.7,7.4,0.0,0.0,0.0,0.0,0.0,28.0,33.4,18.0,28.8,-128.7,21.0,0.0,1.0,1.0,1.0,0.0,0.0,1.0,0.0,90.0,90.0,0
2025-04-11 10:43:48,21.0,5.3,2.8,0.7,7.099999,0.0,0.0,0.0,0.0,0.0,28.0,33.4,18.0,28.8,-128.7,21.0,0.0,1.0,1.0,1.0,0.0,0.0,1.0,0.0,90.0,90.0,0
2025-04-11 10:43:49,21.02,5.3,2.8,0.7,7.599999,0.0,0.0,0.0,0.0,0.0,28.0,33.4,18.0,28.8,-128.7,21.0,0.0,1.0,1.0,1.0,0.0,0.0,1.0,0.0,90.0,90.0,0
2025-04-11 10:43:50,21.01,5.309999,2.8,0.7,7.099999,0.0,0.0,0.0,0.0,0.0,28.0,33.4,17.9,28.8,-128.7,21.0,0.0,1.0,1.0,1.0,0.0,0.0,1.0,0.0,90.0,90.0,0
2025-04-11 10:43:51,21.01,5.3,2.8,0.7,6.5,0.0,0.0,0.0,0.0,0.0,28.0,33.4,17.9,28.8,-128.7,21.0,0.0,1.0,1.0,1.0,0.0,0.0,1.0,0.0,90.0,90.0,0
2025-04-11 10:43:52,21.0,5.3,2.8,0.7,6.9,0.0,0.0,0.0,0.0,0.0,28.0,33.4,17.9,28.8,-128.7,21.0,0.0,1.0,1.0,1.0,0.0,0.0,1.0,0.0,90.0,90.0,0
2025-04-11 10:43:53,21.01,5.3,2.8,0.7,7.099999,0.0,0.0,0.0,0.0,0.0,28.0,33.4,17.9,28.7,-128.7,21.0,0.0,1.0,1.0,1.0,0.0,0.0,1.0,0.0,90.0,90.0,0
2025-04-11 10:43:54,21.02,5.3,2.8,0.7,6.5,0.0,0.0,0.0,0.0,0.0,28.0,33.4,17.9,28.7,-128.7,20.9,0.0,1.0,1.0,1.0,0.0,0.0,1.0,0.0,90.0,90.0,0
2025-04-11 10:43:55,21.02,5.3,2.8,0.7,7.4,0.0,0.0,0.0,0.0,0.0,28.0,33.4,17.9,28.7,-128.7,20.9,0.0,1.0,1.0,1.0,0.0,0.0,1.0,0.0,90.0,90.0,0
2025-04-11 10:43:56,21.02,5.3,2.8,0.7,6.9,0.0,0.0,0.0,0.0,0.0,28.0,33.4,17.9,28.7,-128.7,20.9,0.0,1.0,1.0,1.0,0.0,0.0,1.0,0.0,90.0,90.0,0
2025-04-11 10:43:57,21.0,5.3,2.8,0.7,7.2,0.0,0.0,0.0,0.0,0.0,28.0,33.4,17.9,28.7,-128.7,20.9,0.0,1.0,1.0,1.0,0.0,0.0,1.0,0.0,90.0,90.0,0
2025-04-11 10:43:58,20.99,5.32,2.8,0.7,6.7,0.0,0.0,0.0,0.0,0.0,28.0,33.4,17.9,28.7,-128.7,20.9,0.0,1.0,1.0,1.0,0.0,0.0,1.0,0.0,90.0,90.0,0
2025-04-11 10:43:59,21.01,5.3,2.8,0.7,7.4,0.0,0.0,0.0,0.0,0.0,28.0,33.4,17.9,28.7,-128.7,20.9,0.0,1.0,1.0,1.0,0.0,0.0,1.0,0.0,90.0,90.0,0
2025-04-11 10:44:00,21.0,5.3,2.7,0.7,6.7,0.0,0.0,0.0,0.0,0.0,28.0,33.4,17.9,28.7,-128.7,20.9,0.0,1.0,1.0,1.0,0.0,0.0,1.0,0.0,90.0,90.0,0
2025-04-11 10:44:01,21.02,5.309999,2.7,0.7,7.4,0.0,0.0,0.0,0.0,0.0,28.0,33.4,17.9,28.7,-128.7,20.9,0.0,1.0,1.0,1.0,0.0,0.0,1.0,0.0,90.0,90.0,0
2025-04-11 10:44:02,21.0,5.3,2.7,0.7,6.9,0.0,0.0,0.0,0.0,0.0,28.0,33.4,17.9,28.7,-128.7,20.9,0.0,1.0,1.0,1.0,0.0,0.0,1.0,0.0,90.0,90.0,0
2025-04-11 10:44:03,21.01,5.309999,2.7,0.7,7.0,0.0,0.0,0.0,0.0,0.0,28.0,33.4,17.8,28.7,-128.7,20.9,0.0,1.0,1.0,1.0,0.0,0.0,1.0,0.0,90.0,90.0,0
2025-04-11 10:44:04,21.0,5.3,2.8,0.7,6.8,0.0,0.0,0.0,0.0,0.0,28.0,33.4,17.8,28.7,-128.7,20.9,0.0,1.0,1.0,1.0,0.0,0.0,1.0,0.0,90.0,90.0,0
2025-04-11 10:44:05,21.02,5.309999,2.8,0.7,6.8,0.0,0.0,0.0,0.0,0.0,28.0,33.4,17.8,28.7,-128.7,20.9,0.0,1.0,1.0,1.0,0.0,0.0,1.0,0.0,90.0,90.0,0
2025-04-11 10:44:06,21.03,5.309999,2.8,0.7,7.3,0.0,0.0,0.0,0.0,0.0,28.0,33.4,17.8,28.7,-128.7,20.9,0.0,1.0,1.0,1.0,0.0,0.0,1.0,0.0,90.0,90.0,0
2025-04-11 10:44:07,21.02,5.3,2.8,0.7,6.8,0.0,0.0,0.0,0.0,0.0,28.0,33.4,17.8,28.7,-128.7,20.9,0.0,1.0,1.0,1.0,0.0,0.0,1.0,0.0,90.0,90.0,0
2025-04-11 10:44:08,21.03,5.3,2.8,0.7,7.4,0.0,0.0,0.0,0.0,0.0,28.0,33.4,17.8,28.7,-128.7,20.9,0.0,1.0,1.0,1.0,0.0,0.0,1.0,0.0,90.0,90.0,0
2025-04-11 10:44:09,21.01,5.3,2.8,0.7,6.599999,0.0,0.0,0.0,0.0,0.0,28.0,33.4,17.8,28.7,-128.7,20.9,0.0,1.0,1.0,1.0,0.0,0.0,1.0,0.0,90.0,90.0,0
2025-04-11 10:44:10,21.01,5.3,2.7,0.7,7.3,0.0,0.0,0.0,0.0,0.0,28.0,33.4,17.8,28.7,-128.7,20.9,0.0,1.0,1.0,1.0,0.0,0.0,1.0,0.0,90.0,90.0,0
2025-04-11 10:44:11,21.02,5.309999,2.8,0.7,7.4,0.0,0.0,0.0,0.0,0.0,28.0,33.4,17.8,28.7,-128.7,20.9,0.0,1.0,1.0,1.0,0.0,0.0,1.0,0.0,90.0,90.0,0
2025-04-11 10:44:12,21.02,5.3,2.7,0.7,6.7,0.0,0.0,0.0,0.0,0.0,28.0,33.4,17.8,28.7,-128.7,20.9,0.0,1.0,1.0,1.0,0.0,0.0,1.0,0.0,90.0,90.0,0
2025-04-11 10:44:13,21.03,5.309999,2.8,0.7,7.3,0.0,0.0,0.0,0.0,0.0,28.0,33.4,17.8,28.7,-128.7,20.9,0.0,1.0,1.0,1.0,0.0,0.0,1.0,0.0,90.0,90.0,0
2025-04-11 10:44:14,21.01,5.3,2.8,0.7,6.8,0.0,0.0,0.0,0.0,0.0,28.0,33.4,17.8,28.7,-128.7,20.9,0.0,1.0,1.0,1.0,0.0,0.0,1.0,0.0,90.0,90.0,0
2025-04-11 10:44:15,21.02,5.309999,2.8,0.7,7.3,0.0,0.0,0.0,0.0,0.0,28.0,33.4,17.8,28.7,-128.7,20.9,0.0,1.0,1.0,1.0,0.0,0.0,1.0,0.0,90.0,90.0,0
2025-04-11 10:44:16,21.03,5.3,2.8,0.7,7.2,0.0,0.0,0.0,0.0,0.0,28.0,33.4,17.8,28.7,-128.7,20.9,0.0,1.0,1.0,1.0,0.0,0.0,1.0,0.0,90.0,90.0,0
2025-04-11 10:44:17,21.01,5.32,2.8,0.7,6.599999,0.0,0.0,0.0,0.0,0.0,28.0,33.4,17.8,28.7,-128.7,20.9,0.0,1.0,1.0,1.0,0.0,0.0,1.0,0.0,90.0,90.0,0
2025-04-11 10:44:18,21.03,5.3,2.8,0.7,7.4,0.0,0.0,0.0,0.0,0.0,28.0,33.4,17.8,28.7,-128.7,20.9,0.0,1.0,1.0,1.0,0.0,0.0,1.0,0.0,90.0,90.0,0
2025-04-11 10:44:19,21.02,5.32,2.7,0.7,6.8,0.0,0.0,0.0,0.0,0.0,28.0,33.4,17.8,28.6,-128.7,20.7,0.0,1.0,1.0,1.0,0.0,0.0,1.0,0.0,90.0,90.0,0
2025-04-11 10:44:20,21.03,5.3,2.8,0.7,7.2,0.0,0.0,0.0,0.0,0.0,28.0,33.4,17.8,28.6,-128.7,20.8,0.0,1.0,1.0,1.0,0.0,0.0,1.0,0.0,90.0,90.0,0
2025-04-11 10:44:21,21.03,5.32,2.8,0.7,7.0,0.0,0.0,0.0,0.0,0.0,28.0,33.4,17.8,28.6,-128.7,20.8,0.0,1.0,1.0,1.0,0.0,0.0,1.0,0.0,90.0,90.0,0
2025-04-11 10:44:22,21.05,5.3,2.8,0.7,6.9,0.0,0.0,0.0,0.0,0.0,28.0,33.4,17.8,28.6,-128.7,20.8,0.0,1.0,1.0,1.0,0.0,0.0,1.0,0.0,90.0,90.0,0
2025-04-11 10:44:23,21.06,5.32,2.8,0.7,7.5,0.0,0.0,0.0,0.0,0.0,28.0,33.4,17.8,28.6,-128.7,20.8,0.0,1.0,1.0,1.0,0.0,0.0,1.0,0.0,90.0,90.0,0
2025-04-11 10:44:24,21.06,5.309999,2.8,0.7,7.0,0.0,0.0,0.0,0.0,0.0,28.0,33.4,17.8,28.6,-128.7,20.8,0.0,1.0,1.0,1.0,0.0,0.0,1.0,0.0,90.0,90.0,0
2025-04-11 10:44:25,21.06,5.32,2.8,0.7,6.9,0.0,0.0,0.0,0.0,0.0,28.0,33.4,17.8,28.6,-128.7,20.8,0.0,1.0,1.0,1.0,0.0,0.0,1.0,0.0,90.0,90.0,0
2025-04-11 10:44:26,21.03,5.3,2.8,0.7,7.4,0.0,0.0,0.0,0.0,0.0,28.0,33.4,17.8,28.6,-128.7,20.8,0.0,1.0,1.0,1.0,0.0,0.0,1.0,0.0,90.0,90.0,0
2025-04-11 10:44:27,21.03,5.33,2.8,0.7,7.4,0.0,0.0,0.0,0.0,0.0,28.0,33.4,17.8,28.6,-128.7,20.7,0.0,1.0,1.0,1.0,0.0,0.0,1.0,0.0,90.0,90.0,0
2025-04-11 10:44:28,21.03,5.3,2.7,0.7,6.7,0.0,0.0,0.0,0.0,0.0,28.0,33.4,17.8,28.6,-128.7,20.8,0.0,1.0,1.0,1.0,0.0,0.0,1.0,0.0,90.0,90.0,0
2025-04-11 10:44:29,21.05,5.32,2.8,0.7,7.4,0.0,0.0,0.0,0.0,0.0,28.0,33.4,17.8,28.6,-128.7,20.7,0.0,1.0,1.0,1.0,0.0,0.0,1.0,0.0,90.0,90.0,0
2025-04-11 10:44:30,21.05,5.3,2.8,0.7,7.099999,0.0,0.0,0.0,0.0,0.0,28.0,33.4,17.8,28.6,-128.7,20.8,0.0,1.0,1.0,1.0,0.0,0.0,1.0,0.0,90.0,90.0,0
2025-04-11 10:44:31,21.05,5.309999,2.8,0.7,7.0,0.0,0.0,0.0,0.0,0.0,28.0,33.4,17.8,28.6,-128.7,20.7,0.0,1.0,1.0,1.0,0.0,0.0,1.0,0.0,90.0,90.0,0
2025-04-11 10:44:32,21.05,5.3,2.8,0.7,6.599999,0.0,0.0,0.0,0.0,0.0,28.0,33.4,17.8,28.6,-128.7,20.8,0.0,1.0,1.0,1.0,0.0,0.0,1.0,0.0,90.0,90.0,0
2025-04-11 10:44:33,21.06,5.3,2.7,0.7,7.4,0.0,0.0,0.0,0.0,0.0,28.0,33.4,17.8,28.6,-128.7,20.8,0.0,1.0,1.0,1.0,0.0,0.0,1.0,0.0,90.0,90.0,0
2025-04-11 10:44:34,21.05,5.3,2.8,0.7,6.599999,0.0,0.0,0.0,0.0,0.0,28.0,33.4,17.8,28.6,-128.7,20.7,0.0,1.0,1.0,1.0,0.0,0.0,1.0,0.0,90.0,90.0,0
2025-04-11 10:44:35,21.06,5.32,2.8,0.7,6.9,0.0,0.0,0.0,0.0,0.0,28.0,33.4,17.8,28.6,-128.7,20.8,0.0,1.0,1.0,1.0,0.0,0.0,1.0,0.0,90.0,90.0,0
2025-04-11 10:44:36,21.05,5.3,2.7,0.7,7.5,0.0,0.0,0.0,0.0,0.0,28.0,33.4,17.8,28.6,-128.7,20.8,0.0,1.0,1.0,1.0,0.0,0.0,1.0,0.0,90.0,90.0,0
2025-04-11 10:44:37,21.05,5.32,2.8,0.7,6.599999,0.0,0.0,0.0,0.0,0.0,28.0,33.4,17.8,28.6,-128.7,20.8,0.0,1.0,1.0,1.0,0.0,0.0,1.0,0.0,90.0,90.0,0
2025-04-11 10:44:38,21.06,5.309999,2.8,0.7,7.0,0.0,0.0,0.0,0.0,0.0,28.0,33.4,17.8,28.6,-128.7,20.8,0.0,1.0,1.0,1.0,0.0,0.0,1.0,0.0,90.0,90.0,0
2025-04-11 10:44:39,21.06,5.32,2.8,0.7,6.9,0.0,0.0,0.0,0.0,0.0,28.0,33.4,17.8,28.6,-128.7,20.7,0.0,1.0,1.0,1.0,0.0,0.0,1.0,0.0,90.0,90.0,0
2025-04-11 10:44:40,21.06,5.309999,2.7,0.7,6.9,0.0,0.0,0.0,0.0,0.0,28.0,33.4,17.8,28.6,-128.7,20.8,0.0,1.0,1.0,1.0,0.0,0.0,1.0,0.0,90.0,90.0,0
2025-04-11 10:44:41,21.03,5.32,2.8,0.7,7.0,0.0,0.0,0.0,0.0,0.0,28.0,33.4,17.8,28.6,-128.7,20.8,0.0,1.0,1.0,1.0,0.0,0.0,1.0,0.0,90.0,90.0,0
2025-04-11 10:44:42,21.05,5.309999,2.8,0.7,6.7,0.0,0.0,0.0,0.0,0.0,28.0,33.4,17.8,28.6,-128.7,20.7,0.0,1.0,1.0,1.0,0.0,0.0,1.0,0.0,90.0,90.0,0
2025-04-11 10:44:43,21.05,5.32,2.7,0.7,7.0,0.0,0.0,0.0,0.0,0.0,28.0,33.4,17.8,28.6,-128.7,20.8,0.0,1.0,1.0,1.0,0.0,0.0,1.0,0.0,90.0,90.0,0
2025-04-11 10:44:44,21.06,5.3,2.8,0.7,7.599999,0.0,0.0,0.0,0.0,0.0,28.0,33.4,17.8,28.6,-128.7,20.7,0.0,1.0,1.0,1.0,0.0,0.0,1.0,0.0,90.0,90.0,0
2025-04-11 10:44:45,21.08,5.32,2.7,0.7,6.9,0.0,0.0,0.0,0.0,0.0,28.0,33.4,17.8,28.6,-128.7,20.7,0.0,1.0,1.0,1.0,0.0,0.0,1.0,0.0,90.0,90.0,0
2025-04-11 10:44:46,21.07,5.32,2.8,0.7,7.099999,0.0,0.0,0.0,0.0,0.0,28.0,33.4,17.8,28.6,-128.7,20.8,0.0,1.0,1.0,1.0,0.0,0.0,1.0,0.0,90.0,90.0,0
2025-04-11 10:44:47,21.08,5.33,2.8,0.7,6.9,0.0,0.0,0.0,0.0,0.0,28.0,33.4,17.8,28.6,-128.7,20.7,0.0,1.0,1.0,1.0,0.0,0.0,1.0,0.0,90.0,90.0,0
2025-04-11 10:44:48,21.08,5.32,2.8,0.7,6.8,0.0,0.0,0.0,0.0,0.0,28.0,33.4,17.7,28.6,-128.7,20.7,0.0,1.0,1.0,1.0,0.0,0.0,1.0,0.0,90.0,90.0,0
2025-04-11 10:44:49,21.07,5.33,2.8,0.7,6.9,0.0,0.0,0.0,0.0,0.0,28.0,33.4,17.7,28.6,-128.7,20.8,0.0,1.0,1.0,1.0,0.0,0.0,1.0,0.0,90.0,90.0,0
2025-04-11 10:44:50,21.08,5.309999,2.8,0.7,7.099999,0.0,0.0,0.0,0.0,0.0,28.0,33.4,17.7,28.6,-128.7,20.6,0.0,1.0,1.0,1.0,0.0,0.0,1.0,0.0,90.0,90.0,0
2025-04-11 10:44:51,21.06,5.32,2.8,0.7,7.4,0.0,0.0,0.0,0.0,0.0,28.0,33.4,17.7,28.6,-128.7,20.8,0.0,1.0,1.0,1.0,0.0,0.0,1.0,0.0,90.0,90.0,0
2025-04-11 10:44:52,21.07,5.309999,2.8,0.7,6.599999,0.0,0.0,0.0,0.0,0.0,28.0,33.4,17.7,28.6,-128.7,20.7,0.0,1.0,1.0,1.0,0.0,0.0,1.0,0.0,90.0,90.0,0
2025-04-11 10:44:53,21.06,5.32,2.7,0.7,6.5,0.0,0.0,0.0,0.0,0.0,28.0,33.4,17.8,28.6,-128.7,20.8,0.0,1.0,1.0,1.0,0.0,0.0,1.0,0.0,90.0,90.0,0
2025-04-11 10:44:54,21.06,5.32,2.7,0.7,6.9,0.0,0.0,0.0,0.0,0.0,28.0,33.4,17.8,28.6,-128.7,20.8,0.0,1.0,1.0,1.0,0.0,0.0,1.0,0.0,90.0,90.0,0
2025-04-11 10:44:55,21.08,5.309999,2.7,0.7,7.0,0.0,0.0,0.0,0.0,0.0,28.0,33.4,17.8,28.5,-128.7,20.7,0.0,1.0,1.0,1.0,0.0,0.0,1.0,0.0,90.0,90.0,0
2025-04-11 10:44:56,21.07,5.3,2.7,0.7,6.8,0.0,0.0,0.0,0.0,0.0,28.0,33.4,17.8,28.5,-128.7,20.6,0.0,1.0,1.0,1.0,0.0,0.0,1.0,0.0,90.0,90.0,0
2025-04-11 10:44:57,21.07,5.32,2.7,0.7,6.9,0.0,0.0,0.0,0.0,0.0,28.0,33.4,17.8,28.5,-128.7,20.7,0.0,1.0,1.0,1.0,0.0,0.0,1.0,0.0,90.0,90.0,0
2025-04-11 10:44:58,21.07,5.3,2.7,0.7,7.4,0.0,0.0,0.0,0.0,0.0,28.0,33.5,17.8,28.5,-128.7,20.6,0.0,1.0,1.0,1.0,0.0,0.0,1.0,0.0,90.0,90.0,0
2025-04-11 10:44:59,21.1,5.32,2.8,0.7,7.3,0.0,0.0,0.0,0.0,0.0,28.0,33.5,17.8,28.5,-128.7,20.7,0.0,1.0,1.0,1.0,0.0,0.0,1.0,0.0,90.0,90.0,0
2025-04-11 10:45:00,21.1,5.309999,2.8,0.7,6.7,0.0,0.0,0.0,0.0,0.0,28.0,33.5,17.8,28.5,-128.7,20.7,0.0,1.0,1.0,1.0,0.0,0.0,1.0,0.0,90.0,90.0,0
2025-04-11 10:45:01,21.1,5.309999,2.8,0.7,6.7,0.0,0.0,0.0,0.0,0.0,28.0,33.5,17.8,28.5,-128.7,20.7,0.0,1.0,1.0,1.0,0.0,0.0,1.0,0.0,90.0,90.0,0
2025-04-11 10:45:02,21.1,5.32,2.8,0.7,7.099999,0.0,0.0,0.0,0.0,0.0,28.0,33.5,17.8,28.5,-128.7,20.6,0.0,1.0,1.0,1.0,0.0,0.0,1.0,0.0,90.0,90.0,0
2025-04-11 10:45:03,21.08,5.309999,2.8,0.7,7.099999,0.0,0.0,0.0,0.0,0.0,28.0,33.5,17.8,28.5,-128.7,20.6,0.0,1.0,1.0,1.0,0.0,0.0,1.0,0.0,90.0,90.0,0
2025-04-11 10:45:04,21.07,5.32,2.8,0.7,6.7,0.0,0.0,0.0,0.0,0.0,28.0,33.5,17.8,28.5,-128.7,20.6,0.0,1.0,1.0,1.0,0.0,0.0,1.0,0.0,90.0,90.0,0
2025-04-11 10:45:05,21.07,5.32,2.8,0.7,7.2,0.0,0.0,0.0,0.0,0.0,28.0,33.5,17.8,28.5,-128.7,20.7,0.0,1.0,1.0,1.0,0.0,0.0,1.0,0.0,90.0,90.0,0
2025-04-11 10:45:06,21.08,5.33,2.8,0.7,7.099999,0.0,0.0,0.0,0.0,0.0,28.0,33.5,17.8,28.5,-128.7,20.5,0.0,1.0,1.0,1.0,0.0,0.0,1.0,0.0,90.0,90.0,0
2025-04-11 10:45:07,21.08,5.32,2.7,0.7,6.7,0.0,0.0,0.0,0.0,0.0,28.0,33.5,17.8,28.5,-128.7,20.7,0.0,1.0,1.0,1.0,0.0,0.0,1.0,0.0,90.0,90.0,0
2025-04-11 10:45:08,21.08,5.309999,2.7,0.7,6.5,0.0,0.0,0.0,0.0,0.0,28.0,33.5,17.8,28.5,-128.7,20.5,0.0,1.0,1.0,1.0,0.0,0.0,1.0,0.0,90.0,90.0,0
2025-04-11 10:45:09,21.08,5.32,2.8,0.7,7.2,0.0,0.0,0.0,0.0,0.0,28.0,33.5,17.8,28.5,-128.7,20.6,0.0,1.0,1.0,1.0,0.0,0.0,1.0,0.0,90.0,90.0,0
2025-04-11 10:45:10,21.11,5.32,2.8,0.7,7.5,0.0,0.0,0.0,0.0,0.0,28.0,33.5,17.8,28.5,-128.7,20.6,0.0,1.0,1.0,1.0,0.0,0.0,1.0,0.0,90.0,90.0,0
2025-04-11 10:45:11,21.1,5.309999,2.8,0.7,6.7,0.0,0.0,0.0,0.0,0.0,28.0,33.5,17.8,28.5,-128.7,20.7,0.0,1.0,1.0,1.0,0.0,0.0,1.0,0.0,90.0,90.0,0
2025-04-11 10:45:12,21.12,5.32,2.7,0.7,6.5,0.0,0.0,0.0,0.0,0.0,28.0,33.5,17.8,28.5,-128.7,20.5,0.0,1.0,1.0,1.0,0.0,0.0,1.0,0.0,90.0,90.0,0
2025-04-11 10:45:13,21.11,5.33,2.8,0.7,7.099999,0.0,0.0,0.0,0.0,0.0,28.0,33.5,17.8,28.5,-128.7,20.7,0.0,1.0,1.0,1.0,0.0,0.0,1.0,0.0,90.0,90.0,0
2025-04-11 10:45:14,21.11,5.309999,2.8,0.7,7.099999,0.0,0.0,0.0,0.0,0.0,28.0,33.5,17.8,28.5,-128.7,20.6,0.0,1.0,1.0,1.0,0.0,0.0,1.0,0.0,90.0,90.0,0
2025-04-11 10:45:15,21.1,5.32,2.7,0.7,6.7,0.0,0.0,0.0,0.0,0.0,28.0,33.5,17.8,28.5,-128.7,20.6,0.0,1.0,1.0,1.0,0.0,0.0,1.0,0.0,90.0,90.0,0
2025-04-11 10:45:16,21.08,5.32,2.8,0.7,6.599999,0.0,0.0,0.0,0.0,0.0,28.0,33.5,17.8,28.5,-128.7,20.5,0.0,1.0,1.0,1.0,0.0,0.0,1.0,0.0,90.0,90.0,0
2025-04-11 10:45:17,21.1,5.32,2.8,0.7,7.099999,0.0,0.0,0.0,0.0,0.0,28.0,33.5,17.8,28.5,-128.7,20.6,0.0,1.0,1.0,1.0,0.0,0.0,1.0,0.0,90.0,90.0,0
2025-04-11 10:45:18,21.1,5.32,2.8,0.7,6.5,0.0,0.0,0.0,0.0,0.0,28.0,33.5,17.8,28.5,-128.7,20.6,0.0,1.0,1.0,1.0,0.0,0.0,1.0,0.0,90.0,90.0,0
2025-04-11 10:45:19,21.1,5.32,2.8,0.7,6.599999,0.0,0.0,0.0,0.0,0.0,28.0,33.5,17.8,28.5,-128.7,20.6,0.0,1.0,1.0,1.0,0.0,0.0,1.0,0.0,90.0,90.0,0
2025-04-11 10:45:20,21.1,5.33,2.8,0.7,7.3,0.0,0.0,0.0,0.0,0.0,28.0,33.5,17.8,28.5,-128.7,20.5,0.0,1.0,1.0,1.0,0.0,0.0,1.0,0.0,90.0,90.0,0
2025-04-11 10:45:21,21.11,5.32,2.8,0.7,7.4,0.0,0.0,0.0,0.0,0.0,28.0,33.5,17.8,28.5,-128.7,20.7,0.0,1.0,1.0,1.0,0.0,0.0,1.0,0.0,90.0,90.0,0
2025-04-11 10:45:22,21.12,5.309999,2.8,0.7,6.8,0.0,0.0,0.0,0.0,0.0,28.0,33.5,17.8,28.5,-128.7,20.6,0.0,1.0,1.0,1.0,0.0,0.0,1.0,0.0,90.0,90.0,0
2025-04-11 10:45:23,21.11,5.33,2.7,0.7,7.0,0.0,0.0,0.0,0.0,0.0,28.0,33.5,17.8,28.5,-128.7,20.6,0.0,1.0,1.0,1.0,0.0,0.0,1.0,0.0,90.0,90.0,0
2025-04-11 10:45:24,21.12,5.309999,2.8,0.7,7.2,0.0,0.0,0.0,0.0,0.0,28.0,33.5,17.8,28.5,-128.7,20.6,0.0,1.0,1.0,1.0,0.0,0.0,1.0,0.0,90.0,90.0,0
2025-04-11 10:45:25,21.11,5.33,2.7,0.7,6.5,0.0,0.0,0.0,0.0,0.0,28.0,33.5,17.8,28.5,-128.7,20.7,0.0,1.0,1.0,1.0,0.0,0.0,1.0,0.0,90.0,90.0,0
2025-04-11 10:45:26,21.12,5.309999,2.8,0.7,7.2,0.0,0.0,0.0,0.0,0.0,28.0,33.5,17.8,28.5,-128.7,20.7,0.0,1.0,1.0,1.0,0.0,0.0,1.0,0.0,90.0,90.0,0
2025-04-11 10:45:27,21.13,5.33,2.7,0.7,7.0,0.0,0.0,0.0,0.0,0.0,28.0,33.5,17.8,28.5,-128.7,20.5,0.0,1.0,1.0,1.0,0.0,0.0,1.0,0.0,90.0,90.0,0
2025-04-11 10:45:28,21.12,5.32,2.8,0.7,7.0,0.0,0.0,0.0,0.0,0.0,28.0,33.5,17.8,28.5,-128.7,20.6,0.0,1.0,1.0,1.0,0.0,0.0,1.0,0.0,90.0,90.0,0
2025-04-11 10:45:29,21.12,5.32,2.8,0.7,6.599999,0.0,0.0,0.0,0.0,0.0,28.0,33.5,17.8,28.5,-128.7,20.6,0.0,1.0,1.0,1.0,0.0,0.0,1.0,0.0,90.0,90.0,0
2025-04-11 10:45:30,21.13,5.32,2.8,0.7,7.099999,0.0,0.0,0.0,0.0,0.0,28.0,33.5,17.8,28.5,-128.7,20.6,0.0,1.0,1.0,1.0,0.0,0.0,1.0,0.0,90.0,90.0,0
2025-04-11 10:45:31,21.11,5.33,2.8,0.7,6.7,0.0,0.0,0.0,0.0,0.0,28.0,33.5,17.8,28.5,-128.7,20.5,0.0,1.0,1.0,1.0,0.0,0.0,1.0,0.0,90.0,90.0,0
2025-04-11 10:45:32,21.14,5.32,2.8,0.7,7.099999,0.0,0.0,0.0,0.0,0.0,28.0,33.5,17.8,28.5,-128.7,20.7,0.0,1.0,1.0,1.0,0.0,0.0,1.0,0.0,90.0,90.0,0
2025-04-11 10:45:33,21.13,5.33,2.8,0.7,7.599999,0.0,0.0,0.0,0.0,0.0,28.0,33.5,17.8,28.5,-128.7,20.5,0.0,1.0,1.0,1.0,0.0,0.0,1.0,0.0,90.0,90.0,0
2025-04-11 10:45:34,21.13,5.32,2.8,0.7,6.9,0.0,0.0,0.0,0.0,0.0,28.0,33.5,17.8,28.5,-128.7,20.6,0.0,1.0,1.0,1.0,0.0,0.0,1.0,0.0,90.0,90.0,0
2025-04-11 10:45:35,21.13,5.33,2.8,0.7,7.099999,0.0,0.0,0.0,0.0,0.0,28.0,33.5,17.8,28.5,-128.7,20.5,0.0,1.0,1.0,1.0,0.0,0.0,1.0,0.0,90.0,90.0,0
2025-04-11 10:45:36,21.13,5.33,2.8,0.7,6.7,0.0,0.0,0.0,0.0,0.0,28.0,33.5,17.8,28.5,-128.7,20.5,0.0,1.0,1.0,1.0,0.0,0.0,1.0,0.0,90.0,90.0,0
2025-04-11 10:45:37,21.14,5.33,2.8,0.7,6.9,0.0,0.0,0.0,0.0,0.0,28.0,33.5,17.8,28.5,-128.7,20.5,0.0,1.0,1.0,1.0,0.0,0.0,1.0,0.0,90.0,90.0,0
2025-04-11 10:45:38,21.13,5.34,2.8,0.7,6.7,0.0,0.0,0.0,0.0,0.0,28.0,33.5,17.8,28.5,-128.7,20.5,0.0,1.0,1.0,1.0,0.0,0.0,1.0,0.0,90.0,90.0,0
2025-04-11 10:45:39,21.12,5.32,2.7,0.7,6.8,0.0,0.0,0.0,0.0,0.0,28.0,33.5,17.8,28.5,-128.7,20.5,0.0,1.0,1.0,1.0,0.0,0.0,1.0,0.0,90.0,90.0,0
2025-04-11 10:45:40,21.16,5.34,2.8,0.7,6.5,0.0,0.0,0.0,0.0,0.0,28.0,33.5,17.8,28.5,-128.7,20.5,0.0,1.0,1.0,1.0,0.0,0.0,1.0,0.0,90.0,90.0,0
2025-04-11 10:45:41,21.13,5.33,2.7,0.7,6.5,0.0,0.0,0.0,0.0,0.0,28.0,33.5,17.8,28.5,-128.7,20.5,0.0,1.0,1.0,1.0,0.0,0.0,1.0,0.0,90.0,90.0,0
2025-04-11 10:45:42,21.14,5.34,2.8,0.7,7.099999,0.0,0.0,0.0,0.0,0.0,28.0,33.5,17.8,28.5,-128.7,20.5,0.0,1.0,1.0,1.0,0.0,0.0,1.0,0.0,90.0,90.0,0
2025-04-11 10:45:43,21.16,5.33,2.7,0.7,6.7,0.0,0.0,0.0,0.0,0.0,28.0,33.5,17.8,28.5,-128.7,20.5,0.0,1.0,1.0,1.0,0.0,0.0,1.0,0.0,90.0,90.0,0
2025-04-11 10:45:44,21.14,5.34,2.8,0.7,7.3,0.0,0.0,0.0,0.0,0.0,28.0,33.5,17.8,28.5,-128.7,20.4,0.0,1.0,1.0,1.0,0.0,0.0,1.0,0.0,90.0,90.0,0
2025-04-11 10:45:45,21.17,5.33,2.7,0.7,7.2,0.0,0.0,0.0,0.0,0.0,28.0,33.5,17.8,28.5,-128.7,20.5,0.0,1.0,1.0,1.0,0.0,0.0,1.0,0.0,90.0,90.0,0
2025-04-11 10:45:46,21.16,5.34,2.8,0.7,6.7,0.0,0.0,0.0,0.0,0.0,28.0,33.5,17.9,28.5,-128.7,20.4,0.0,1.0,1.0,1.0,0.0,0.0,1.0,0.0,90.0,90.0,0
2025-04-11 10:45:47,21.17,5.33,2.8,0.7,6.8,0.0,0.0,0.0,0.0,0.0,28.0,33.5,17.9,28.5,-128.7,20.5,0.0,1.0,1.0,1.0,0.0,0.0,1.0,0.0,90.0,90.0,0
2025-04-11 10:45:48,21.17,5.34,2.8,0.7,7.0,0.0,0.0,0.0,0.0,0.0,28.0,33.5,17.9,28.5,-128.7,20.5,0.0,1.0,1.0,1.0,0.0,0.0,1.0,0.0,90.0,90.0,0
2025-04-11 10:45:49,21.17,5.33,2.8,0.7,6.4,0.0,0.0,0.0,0.0,0.0,28.0,33.5,17.9,28.5,-128.7,20.5,0.0,1.0,1.0,1.0,0.0,0.0,1.0,0.0,90.0,90.0,0
2025-04-11 10:45:50,21.18,5.34,2.8,0.7,6.9,0.0,0.0,0.0,0.0,0.0,28.0,33.5,17.9,28.5,-128.7,20.4,0.0,1.0,1.0,1.0,0.0,0.0,1.0,0.0,90.0,90.0,0
2025-04-11 10:45:51,21.17,5.33,2.8,0.7,7.0,0.0,0.0,0.0,0.0,0.0,28.0,33.5,17.9,28.5,-128.7,20.5,0.0,1.0,1.0,1.0,0.0,0.0,1.0,0.0,90.0,90.0,0
2025-04-11 10:45:52,21.17,5.34,2.8,0.7,6.5,0.0,0.0,0.0,0.0,0.0,28.0,33.5,17.9,28.5,-128.7,20.4,0.0,1.0,1.0,1.0,0.0,0.0,1.0,0.0,90.0,90.0,0
2025-04-11 10:45:53,21.16,5.33,2.8,0.7,7.0,0.0,0.0,0.0,0.0,0.0,28.0,33.5,17.9,28.5,-128.7,20.5,0.0,1.0,1.0,1.0,0.0,0.0,1.0,0.0,90.0,90.0,0
2025-04-11 10:45:54,21.17,5.33,2.8,0.7,6.4,0.0,0.0,0.0,0.0,0.0,28.0,33.5,17.9,28.5,-128.7,20.4,0.0,1.0,1.0,1.0,0.0,0.0,1.0,0.0,90.0,90.0,0
2025-04-11 10:45:55,21.17,5.34,2.8,0.7,6.7,0.0,0.0,0.0,0.0,0.0,28.0,33.5,17.9,28.5,-128.7,20.5,0.0,1.0,1.0,1.0,0.0,0.0,1.0,0.0,90.0,90.0,0
2025-04-11 10:45:56,21.17,5.349999,2.8,0.7,7.3,0.0,0.0,0.0,0.0,0.0,28.0,33.5,17.9,28.5,-128.7,20.5,0.0,1.0,1.0,1.0,0.0,0.0,1.0,0.0,90.0,90.0,0
2025-04-11 10:45:57,21.17,5.33,2.8,0.7,7.099999,0.0,0.0,0.0,0.0,0.0,28.0,33.5,18.0,28.5,-128.7,20.5,0.0,1.0,1.0,1.0,0.0,0.0,1.0,0.0,90.0,90.0,0
2025-04-11 10:45:58,21.17,5.349999,2.8,0.7,7.0,0.0,0.0,0.0,0.0,0.0,28.0,33.5,18.0,28.5,-128.7,20.5,0.0,1.0,1.0,1.0,0.0,0.0,1.0,0.0,90.0,90.0,0
2025-04-11 10:45:59,21.17,5.33,2.8,0.7,7.0,0.0,0.0,0.0,0.0,0.0,28.0,33.5,18.0,28.5,-128.7,20.5,0.0,1.0,1.0,1.0,0.0,0.0,1.0,0.0,90.0,90.0,0
2025-04-11 10:46:00,21.17,5.34,2.8,0.7,6.9,0.0,0.0,0.0,0.0,0.0,28.0,33.5,18.0,28.5,-128.7,20.5,0.0,1.0,1.0,1.0,0.0,0.0,1.0,0.0,90.0,90.0,0
2025-04-11 10:46:01,21.18,5.33,2.8,0.7,6.8,0.0,0.0,0.0,0.0,0.0,28.0,33.5,18.0,28.5,-128.7,20.5,0.0,1.0,1.0,1.0,0.0,0.0,1.0,0.0,90.0,90.0,0
2025-04-11 10:46:02,21.18,5.33,2.8,0.7,7.4,0.0,0.0,0.0,0.0,0.0,28.0,33.5,18.0,28.5,-128.7,20.4,0.0,1.0,1.0,1.0,0.0,0.0,1.0,0.0,90.0,90.0,0
2025-04-11 10:46:03,21.18,5.349999,2.8,0.7,6.9,0.0,0.0,0.0,0.0,0.0,28.0,33.5,18.0,28.5,-128.7,20.5,0.0,1.0,1.0,1.0,0.0,0.0,1.0,0.0,90.0,90.0,0
2025-04-11 10:46:04,21.18,5.34,2.8,0.7,7.0,0.0,0.0,0.0,0.0,0.0,28.0,33.5,18.0,28.5,-128.7,20.4,0.0,1.0,1.0,1.0,0.0,0.0,1.0,0.0,90.0,90.0,0
2025-04-11 10:46:05,21.18,5.349999,2.8,0.7,6.9,0.0,0.0,0.0,0.0,0.0,28.0,33.5,18.0,28.5,-128.7,20.5,0.0,1.0,1.0,1.0,0.0,0.0,1.0,0.0,90.0,90.0,0
2025-04-11 10:46:06,21.18,5.34,2.8,0.7,6.599999,0.0,0.0,0.0,0.0,0.0,28.0,33.5,18.1,28.5,-128.7,20.5,0.0,1.0,1.0,1.0,0.0,0.0,1.0,0.0,90.0,90.0,0
2025-04-11 10:46:07,21.18,5.34,2.8,0.7,6.599999,0.0,0.0,0.0,0.0,0.0,28.0,33.5,18.1,28.5,-128.7,20.5,0.0,1.0,1.0,1.0,0.0,0.0,1.0,0.0,90.0,90.0,0
2025-04-11 10:46:08,21.19,5.34,2.8,0.7,7.099999,0.0,0.0,0.0,0.0,0.0,28.0,33.5,18.1,28.5,-128.7,20.5,0.0,1.0,1.0,1.0,0.0,0.0,1.0,0.0,90.0,90.0,0
2025-04-11 10:46:09,21.18,5.34,2.8,0.7,7.099999,0.0,0.0,0.0,0.0,0.0,28.0,33.5,18.1,28.5,-128.7,20.5,0.0,1.0,1.0,1.0,0.0,0.0,1.0,0.0,90.0,90.0,0
2025-04-11 10:46:10,21.18,5.33,2.8,0.7,7.0,0.0,0.0,0.0,0.0,0.0,28.0,33.5,18.1,28.5,-128.7,20.5,0.0,1.0,1.0,1.0,0.0,0.0,1.0,0.0,90.0,90.0,0
2025-04-11 10:46:11,21.18,5.349999,2.8,0.7,7.5,0.0,0.0,0.0,0.0,0.0,28.0,33.5,18.1,28.5,-128.7,20.5,0.0,1.0,1.0,1.0,0.0,0.0,1.0,0.0,90.0,90.0,0
2025-04-11 10:46:12,21.18,5.33,2.8,0.7,6.4,0.0,0.0,0.0,0.0,0.0,28.0,33.5,18.2,28.5,-128.7,20.5,0.0,1.0,1.0,1.0,0.0,0.0,1.0,0.0,90.0,90.0,0
2025-04-11 10:46:13,21.17,5.349999,2.8,0.7,6.599999,0.0,0.0,0.0,0.0,0.0,28.0,33.5,18.2,28.5,-128.7,20.4,0.0,1.0,1.0,1.0,0.0,0.0,1.0,0.0,90.0,90.0,0
2025-04-11 10:46:14,21.18,5.33,2.8,0.7,7.0,0.0,0.0,0.0,0.0,0.0,28.0,33.5,18.2,28.5,-128.7,20.5,0.0,1.0,1.0,1.0,0.0,0.0,1.0,0.0,90.0,90.0,0
2025-04-11 10:46:15,21.18,5.349999,2.8,0.7,6.7,0.0,0.0,0.0,0.0,0.0,28.0,33.5,18.3,28.5,-128.7,20.4,0.0,1.0,1.0,1.0,0.0,0.0,1.0,0.0,90.0,90.0,0
2025-04-11 10:46:16,21.19,5.33,2.8,0.7,7.099999,0.0,0.0,0.0,0.0,0.0,28.0,33.5,18.3,28.5,-128.7,20.5,0.0,1.0,1.0,1.0,0.0,0.0,1.0,0.0,90.0,90.0,0
2025-04-11 10:46:17,21.18,5.349999,2.8,0.7,7.2,0.0,0.0,0.0,0.0,0.0,28.0,33.5,18.3,28.6,-128.7,20.5,0.0,1.0,1.0,1.0,0.0,0.0,1.0,0.0,90.0,90.0,0
2025-04-11 10:46:18,21.18,5.34,2.8,0.7,6.7,0.0,0.0,0.0,0.0,0.0,28.0,33.5,18.3,28.6,-128.7,20.6,0.0,1.0,1.0,1.0,0.0,0.0,1.0,0.0,90.0,90.0,0
2025-04-11 10:46:19,21.19,5.34,2.8,0.7,7.3,0.0,0.0,0.0,0.0,0.0,28.0,33.5,18.3,28.6,-128.7,20.5,0.0,1.0,1.0,1.0,0.0,0.0,1.0,0.0,90.0,90.0,0
2025-04-11 10:46:20,21.17,5.34,2.8,0.7,6.5,0.0,0.0,0.0,0.0,0.0,28.0,33.5,18.3,28.6,-128.7,20.6,0.0,1.0,1.0,1.0,0.0,0.0,1.0,0.0,90.0,90.0,0
2025-04-11 10:46:21,21.19,5.34,2.8,0.7,7.2,0.0,0.0,0.0,0.0,0.0,28.0,33.5,18.4,28.6,-128.7,20.5,0.0,1.0,1.0,1.0,0.0,0.0,1.0,0.0,90.0,90.0,0
2025-04-11 10:46:22,21.2,5.34,2.8,0.7,7.599999,0.0,0.0,0.0,0.0,0.0,28.0,33.5,18.4,28.6,-128.7,20.6,0.0,1.0,1.0,1.0,0.0,0.0,1.0,0.0,90.0,90.0,0
2025-04-11 10:46:23,21.19,5.33,2.8,0.7,7.4,0.0,0.0,0.0,0.0,0.0,28.0,33.5,18.4,28.6,-128.7,20.6,0.0,1.0,1.0,1.0,0.0,0.0,1.0,0.0,90.0,90.0,0
2025-04-11 10:46:24,21.2,5.33,2.8,0.7,7.3,0.0,0.0,0.0,0.0,0.0,28.0,33.5,18.4,28.6,-128.7,20.6,0.0,1.0,1.0,1.0,0.0,0.0,1.0,0.0,90.0,90.0,0
2025-04-11 10:46:25,21.18,5.33,2.8,0.7,7.2,0.0,0.0,0.0,0.0,0.0,28.0,33.5,18.4,28.6,-128.7,20.6,0.0,1.0,1.0,1.0,0.0,0.0,1.0,0.0,90.0,90.0,0
2025-04-11 10:46:26,21.18,5.349999,2.8,0.7,6.7,0.0,0.0,0.0,0.0,0.0,28.0,33.5,18.4,28.6,-128.7,20.5,0.0,1.0,1.0,1.0,0.0,0.0,1.0,0.0,90.0,90.0,0
2025-04-11 10:46:27,21.19,5.33,2.7,0.7,6.599999,0.0,0.0,0.0,0.0,0.0,28.0,33.5,18.4,28.6,-128.7,20.6,0.0,1.0,1.0,1.0,0.0,0.0,1.0,0.0,90.0,90.0,0
2025-04-11 10:46:28,21.18,5.36,2.8,0.7,7.099999,0.0,0.0,0.0,0.0,0.0,28.0,33.5,18.4,28.6,-128.7,20.5,0.0,1.0,1.0,1.0,0.0,0.0,1.0,0.0,90.0,90.0,0
2025-04-11 10:46:29,21.19,5.33,2.8,0.7,7.3,0.0,0.0,0.0,0.0,0.0,28.0,33.5,18.4,28.6,-128.7,20.6,0.0,1.0,1.0,1.0,0.0,0.0,1.0,0.0,90.0,90.0,0
2025-04-11 10:46:30,21.22,5.349999,2.8,0.7,6.5,0.0,0.0,0.0,0.0,0.0,28.0,33.5,18.4,28.6,-128.7,20.5,0.0,1.0,1.0,1.0,0.0,0.0,1.0,0.0,90.0,90.0,0
2025-04-11 10:46:31,21.2,5.34,2.8,0.7,6.7,0.0,0.0,0.0,0.0,0.0,28.0,33.5,18.4,28.6,-128.7,20.6,0.0,1.0,1.0,1.0,0.0,0.0,1.0,0.0,90.0,90.0,0
2025-04-11 10:46:32,21.2,5.349999,2.8,0.7,7.0,0.0,0.0,0.0,0.0,0.0,28.0,33.5,18.5,28.6,-128.7,20.5,0.0,1.0,1.0,1.0,0.0,0.0,1.0,0.0,90.0,90.0,0
2025-04-11 10:46:33,21.19,5.349999,2.8,0.7,7.4,0.0,0.0,0.0,0.0,0.0,28.0,33.5,18.5,28.6,-128.7,20.6,0.0,1.0,1.0,1.0,0.0,0.0,1.0,0.0,90.0,90.0,0
2025-04-11 10:46:34,21.19,5.34,2.8,0.7,6.5,0.0,0.0,0.0,0.0,0.0,28.0,33.5,18.5,28.6,-128.7,20.5,0.0,1.0,1.0,1.0,0.0,0.0,1.0,0.0,90.0,90.0,0
2025-04-11 10:46:35,21.19,5.36,2.8,0.7,6.9,0.0,0.0,0.0,0.0,0.0,28.0,33.5,18.5,28.6,-128.7,20.5,0.0,1.0,1.0,1.0,0.0,0.0,1.0,0.0,90.0,90.0,0
2025-04-11 10:46:36,21.19,5.34,2.8,0.7,6.9,0.0,0.0,0.0,0.0,0.0,28.0,33.5,18.5,28.6,-128.7,20.5,0.0,1.0,1.0,1.0,0.0,0.0,1.0,0.0,90.0,90.0,0
2025-04-11 10:46:37,21.2,5.36,2.8,0.7,7.4,0.0,0.0,0.0,0.0,0.0,28.0,33.5,18.5,28.6,-128.7,20.5,0.0,1.0,1.0,1.0,0.0,0.0,1.0,0.0,90.0,90.0,0
2025-04-11 10:46:38,21.2,5.34,2.8,0.7,7.099999,0.0,0.0,0.0,0.0,0.0,28.0,33.5,18.6,28.6,-128.7,20.5,0.0,1.0,1.0,1.0,0.0,0.0,1.0,0.0,90.0,90.0,0
2025-04-11 10:46:39,21.19,5.349999,2.8,0.7,6.9,0.0,0.0,0.0,0.0,0.0,28.0,33.5,18.6,28.6,-128.7,20.5,0.0,1.0,1.0,1.0,0.0,0.0,1.0,0.0,90.0,90.0,0
2025-04-11 10:46:40,21.18,5.33,2.8,0.7,7.2,0.0,0.0,0.0,0.0,0.0,28.0,33.5,18.6,28.6,-128.7,20.6,0.0,1.0,1.0,1.0,0.0,0.0,1.0,0.0,90.0,90.0,0
2025-04-11 10:46:41,21.19,5.349999,2.8,0.7,6.8,0.0,0.0,0.0,0.0,0.0,28.0,33.5,18.6,28.6,-128.7,20.5,0.0,1.0,1.0,1.0,0.0,0.0,1.0,0.0,90.0,90.0,0
2025-04-11 10:46:42,21.18,5.34,2.8,0.7,7.0,0.0,0.0,0.0,0.0,0.0,28.0,33.5,18.7,28.6,-128.7,20.6,0.0,1.0,1.0,1.0,0.0,0.0,1.0,0.0,90.0,90.0,0
2025-04-11 10:46:43,21.17,5.33,2.8,0.7,6.9,0.0,0.0,0.0,0.0,0.0,28.0,33.5,18.7,28.6,-128.7,20.5,0.0,1.0,1.0,1.0,0.0,0.0,1.0,0.0,90.0,90.0,0
2025-04-11 10:46:44,21.18,5.349999,2.8,0.7,7.0,0.0,0.0,0.0,0.0,0.0,28.0,33.5,18.7,28.6,-128.7,20.6,0.0,1.0,1.0,1.0,0.0,0.0,1.0,0.0,90.0,90.0,0
2025-04-11 10:46:45,21.18,5.33,2.8,0.7,7.2,0.0,0.0,0.0,0.0,0.0,28.0,33.6,18.8,28.6,-128.7,20.5,0.0,1.0,1.0,1.0,0.0,0.0,1.0,0.0,90.0,90.0,0
2025-04-11 10:46:46,21.18,5.349999,2.8,0.7,7.2,0.0,0.0,0.0,0.0,0.0,28.0,33.6,18.8,28.6,-128.7,20.5,0.0,1.0,1.0,1.0,0.0,0.0,1.0,0.0,90.0,90.0,0
2025-04-11 10:46:47,21.18,5.33,2.8,0.7,6.599999,0.0,0.0,0.0,0.0,0.0,28.0,33.6,18.8,28.6,-128.7,20.6,0.0,1.0,1.0,1.0,0.0,0.0,1.0,0.0,90.0,90.0,0
2025-04-11 10:46:48,21.17,5.349999,2.8,0.7,6.9,0.0,0.0,0.0,0.0,0.0,28.0,33.5,18.8,28.6,-128.7,20.5,0.0,1.0,1.0,1.0,0.0,0.0,1.0,0.0,90.0,90.0,0
2025-04-11 10:46:49,21.16,5.33,2.8,0.7,6.9,0.0,0.0,0.0,0.0,0.0,28.0,33.5,18.8,28.6,-128.7,20.6,0.0,1.0,1.0,1.0,0.0,0.0,1.0,0.0,90.0,90.0,0
2025-04-11 10:46:50,21.18,5.349999,2.8,0.7,6.3,0.0,0.0,0.0,0.0,0.0,28.0,33.5,18.8,28.6,-128.7,20.5,0.0,1.0,1.0,1.0,0.0,0.0,1.0,0.0,90.0,90.0,0
2025-04-11 10:46:51,21.17,5.349999,2.8,0.7,7.0,0.0,0.0,0.0,0.0,0.0,28.0,33.5,18.9,28.6,-128.7,20.6,0.0,1.0,1.0,1.0,0.0,0.0,1.0,0.0,90.0,90.0,0
2025-04-11 10:46:52,21.17,5.34,2.8,0.7,7.2,0.0,0.0,0.0,0.0,0.0,28.0,33.5,18.9,28.6,-128.7,20.6,0.0,1.0,1.0,1.0,0.0,0.0,1.0,0.0,90.0,90.0,0
2025-04-11 10:46:53,21.17,5.349999,2.8,0.7,7.0,0.0,0.0,0.0,0.0,0.0,28.0,33.5,18.9,28.7,-128.7,20.7,0.0,1.0,1.0,1.0,0.0,0.0,1.0,0.0,90.0,90.0,0
2025-04-11 10:46:54,21.18,5.33,2.8,0.7,7.0,0.0,0.0,0.0,0.0,0.0,28.0,33.5,18.9,28.7,-128.7,20.6,0.0,1.0,1.0,1.0,0.0,0.0,1.0,0.0,90.0,90.0,0
2025-04-11 10:46:55,21.18,5.349999,2.8,0.7,6.599999,0.0,0.0,0.0,0.0,0.0,28.0,33.5,19.0,28.7,-128.7,20.6,0.0,1.0,1.0,1.0,0.0,0.0,1.0,0.0,90.0,90.0,0
2025-04-11 10:46:56,21.17,5.33,2.8,0.7,7.4,0.0,0.0,0.0,0.0,0.0,28.0,33.5,19.0,28.7,-128.7,20.7,0.0,1.0,1.0,1.0,0.0,0.0,1.0,0.0,90.0,90.0,0
2025-04-11 10:46:57,21.17,5.34,2.8,0.7,7.2,0.0,0.0,0.0,0.0,0.0,28.0,33.5,19.0,28.7,-128.7,20.6,0.0,1.0,1.0,1.0,0.0,0.0,1.0,0.0,90.0,90.0,0
2025-04-11 10:46:58,21.17,5.34,2.8,0.7,7.2,0.0,0.0,0.0,0.0,0.0,28.0,33.5,19.1,28.7,-128.7,20.7,0.0,1.0,1.0,1.0,0.0,0.0,1.0,0.0,90.0,90.0,0
2025-04-11 10:46:59,21.18,5.33,2.8,0.7,6.7,0.0,0.0,0.0,0.0,0.0,28.0,33.5,19.1,28.7,-128.7,20.7,0.0,1.0,1.0,1.0,0.0,0.0,1.0,0.0,90.0,90.0,0
2025-04-11 10:47:00,21.18,5.34,2.8,0.7,7.8,0.0,0.0,0.0,0.0,0.0,28.0,33.5,19.1,28.7,-128.7,20.7,0.0,1.0,1.0,1.0,0.0,0.0,1.0,0.0,90.0,90.0,0
2025-04-11 10:47:01,21.19,5.33,2.8,0.7,7.3,0.0,0.0,0.0,0.0,0.0,28.0,33.5,19.1,28.7,-128.7,20.7,0.0,1.0,1.0,1.0,0.0,0.0,1.0,0.0,90.0,90.0,0
2025-04-11 10:47:02,21.2,5.33,2.8,0.7,6.8,0.0,0.0,0.0,0.0,0.0,28.0,33.5,19.2,28.7,-128.7,20.7,0.0,1.0,1.0,1.0,0.0,0.0,1.0,0.0,90.0,90.0,0
2025-04-11 10:47:03,21.18,5.33,2.8,0.7,7.5,0.0,0.0,0.0,0.0,0.0,28.0,33.5,19.2,28.7,-128.7,20.7,0.0,1.0,1.0,1.0,0.0,0.0,1.0,0.0,90.0,90.0,0
2025-04-11 10:47:04,21.18,5.33,2.8,0.7,6.9,0.0,0.0,0.0,0.0,0.0,28.0,33.5,19.3,28.7,-128.7,20.7,0.0,1.0,1.0,1.0,0.0,0.0,1.0,0.0,90.0,90.0,0
2025-04-11 10:47:05,21.18,5.33,2.8,0.7,6.9,0.0,0.0,0.0,0.0,0.0,28.0,33.5,19.3,28.7,-128.7,20.7,0.0,1.0,1.0,1.0,0.0,0.0,1.0,0.0,90.0,90.0,0
2025-04-11 10:47:06,21.19,5.33,2.7,0.7,6.4,0.0,0.0,0.0,0.0,0.0,28.0,33.5,19.3,28.7,-128.7,20.7,0.0,1.0,1.0,1.0,0.0,0.0,1.0,0.0,90.0,90.0,0
2025-04-11 10:47:07,21.19,5.33,2.8,0.7,6.8,0.0,0.0,0.0,0.0,0.0,28.0,33.5,19.3,28.7,-128.7,20.7,0.0,1.0,1.0,1.0,0.0,0.0,1.0,0.0,90.0,90.0,0
2025-04-11 10:47:08,21.19,5.33,2.8,0.7,7.2,0.0,0.0,0.0,0.0,0.0,28.0,33.5,19.4,28.7,-128.7,20.7,0.0,1.0,1.0,1.0,0.0,0.0,1.0,0.0,90.0,90.0,0
2025-04-11 10:47:09,21.19,5.33,2.8,0.7,7.0,0.0,0.0,0.0,0.0,0.0,28.0,33.5,19.4,28.7,-128.7,20.7,0.0,1.0,1.0,1.0,0.0,0.0,1.0,0.0,90.0,90.0,0
2025-04-11 10:47:10,21.19,5.34,2.8,0.7,7.2,0.0,0.0,0.0,0.0,0.0,28.0,33.5,19.4,28.7,-128.7,20.7,0.0,1.0,1.0,1.0,0.0,0.0,1.0,0.0,90.0,90.0,0
2025-04-11 10:47:11,21.18,5.33,2.8,0.7,7.099999,0.0,0.0,0.0,0.0,0.0,28.0,33.5,19.5,28.7,-128.7,20.7,0.0,1.0,1.0,1.0,0.0,0.0,1.0,0.0,90.0,90.0,0
2025-04-11 10:47:12,21.17,5.349999,2.8,0.7,7.3,0.0,0.0,0.0,0.0,0.0,28.0,33.5,19.5,28.7,-128.7,20.6,0.0,1.0,1.0,1.0,0.0,0.0,1.0,0.0,90.0,90.0,0
2025-04-11 10:47:13,21.17,5.33,2.7,0.7,7.0,0.0,0.0,0.0,0.0,0.0,28.0,33.5,19.5,28.7,-128.7,20.7,0.0,1.0,1.0,1.0,0.0,0.0,1.0,0.0,90.0,90.0,0
2025-04-11 10:47:14,21.18,5.349999,2.8,0.7,7.0,0.0,0.0,0.0,0.0,0.0,28.0,33.5,19.5,28.7,-128.7,20.6,0.0,1.0,1.0,1.0,0.0,0.0,1.0,0.0,90.0,90.0,0
2025-04-11 10:47:15,21.18,5.33,2.8,0.7,6.9,0.0,0.0,0.0,0.0,0.0,28.0,33.5,19.6,28.8,-128.7,20.8,0.0,1.0,1.0,1.0,0.0,0.0,1.0,0.0,90.0,90.0,0
2025-04-11 10:47:16,21.2,5.33,2.8,0.7,6.5,0.0,0.0,0.0,0.0,0.0,28.0,33.5,19.6,28.8,-128.7,20.8,0.0,1.0,1.0,1.0,0.0,0.0,1.0,0.0,90.0,90.0,0
2025-04-11 10:47:17,21.18,5.33,2.7,0.7,7.3,0.0,0.0,0.0,0.0,0.0,28.0,33.5,19.6,28.8,-128.7,20.8,0.0,1.0,1.0,1.0,0.0,0.0,1.0,0.0,90.0,90.0,0
2025-04-11 10:47:18,21.19,5.33,2.8,0.7,6.9,0.0,0.0,0.0,0.0,0.0,28.0,33.6,19.6,28.8,-128.7,20.8,0.0,1.0,1.0,1.0,0.0,0.0,1.0,0.0,90.0,90.0,0
2025-04-11 10:47:19,21.18,5.33,2.8,0.7,7.0,0.0,0.0,0.0,0.0,0.0,28.0,33.6,19.7,28.8,-128.7,20.8,0.0,1.0,1.0,1.0,0.0,0.0,1.0,0.0,90.0,90.0,0
2025-04-11 10:47:20,21.18,5.33,2.8,0.7,7.099999,0.0,0.0,0.0,0.0,0.0,28.0,33.6,19.7,28.8,-128.7,20.7,0.0,1.0,1.0,1.0,0.0,0.0,1.0,0.0,90.0,90.0,0
2025-04-11 10:47:21,21.17,5.33,2.8,0.7,6.9,0.0,0.0,0.0,0.0,0.0,28.0,33.6,19.7,28.8,-128.7,20.8,0.0,1.0,1.0,1.0,0.0,0.0,1.0,0.0,90.0,90.0,0
2025-04-11 10:47:22,21.18,5.33,2.8,0.7,6.599999,0.0,0.0,0.0,0.0,0.0,28.0,33.6,19.7,28.8,-128.7,20.8,0.0,1.0,1.0,1.0,0.0,0.0,1.0,0.0,90.0,90.0,0
2025-04-11 10:47:23,21.18,5.33,2.8,0.7,6.5,0.0,0.0,0.0,0.0,0.0,28.0,33.6,19.7,28.8,-128.7,20.8,0.0,1.0,1.0,1.0,0.0,0.0,1.0,0.0,90.0,90.0,0
2025-04-11 10:47:24,21.2,5.32,2.8,0.7,7.3,0.0,0.0,0.0,0.0,0.0,28.0,33.6,19.7,28.8,-128.7,20.8,0.0,1.0,1.0,1.0,0.0,0.0,1.0,0.0,90.0,90.0,0
2025-04-11 10:47:25,21.19,5.33,2.7,0.7,6.7,0.0,0.0,0.0,0.0,0.0,28.0,33.6,19.8,28.8,-128.7,20.8,0.0,1.0,1.0,1.0,0.0,0.0,1.0,0.0,90.0,90.0,0
2025-04-11 10:47:26,21.2,5.32,2.8,0.7,7.599999,0.0,0.0,0.0,0.0,0.0,28.0,33.6,19.8,28.8,-128.7,20.8,0.0,1.0,1.0,1.0,0.0,0.0,1.0,0.0,90.0,90.0,0
2025-04-11 10:47:27,21.18,5.34,2.8,0.7,6.7,0.0,0.0,0.0,0.0,0.0,28.0,33.6,19.8,28.8,-128.7,20.8,0.0,1.0,1.0,1.0,0.0,0.0,1.0,0.0,90.0,90.0,0
2025-04-11 10:47:28,21.18,5.33,2.8,0.7,7.3,0.0,0.0,0.0,0.0,0.0,28.0,33.6,19.8,28.8,-128.7,20.9,0.0,1.0,1.0,1.0,0.0,0.0,1.0,0.0,90.0,90.0,0
2025-04-11 10:47:29,21.18,5.33,2.8,0.7,7.0,0.0,0.0,0.0,0.0,0.0,28.0,33.6,19.8,28.8,-128.7,20.8,0.0,1.0,1.0,1.0,0.0,0.0,1.0,0.0,90.0,90.0,0
2025-04-11 10:47:30,21.18,5.32,2.8,0.7,7.0,0.0,0.0,0.0,0.0,0.0,28.0,33.6,19.8,28.8,-128.7,20.9,0.0,1.0,1.0,1.0,0.0,0.0,1.0,0.0,90.0,90.0,0
2025-04-11 10:47:31,21.18,5.33,2.8,0.7,7.2,0.0,0.0,0.0,0.0,0.0,28.0,33.6,19.8,28.8,-128.7,20.8,0.0,1.0,1.0,1.0,0.0,0.0,1.0,0.0,90.0,90.0,0
2025-04-11 10:47:32,21.18,5.33,2.8,0.7,6.599999,0.0,0.0,0.0,0.0,0.0,28.0,33.6,19.8,28.8,-128.7,20.9,0.0,1.0,1.0,1.0,0.0,0.0,1.0,0.0,90.0,90.0,0
2025-04-11 10:47:33,21.2,5.33,2.8,0.7,7.2,0.0,0.0,0.0,0.0,0.0,28.0,33.6,19.8,28.8,-128.7,20.8,0.0,1.0,1.0,1.0,0.0,0.0,1.0,0.0,90.0,90.0,0
2025-04-11 10:47:34,21.17,5.32,2.8,0.7,6.8,0.0,0.0,0.0,0.0,0.0,28.0,33.6,19.8,28.8,-128.7,20.8,0.0,1.0,1.0,1.0,0.0,0.0,1.0,0.0,90.0,90.0,0
2025-04-11 10:47:35,21.17,5.34,2.8,0.7,7.0,0.0,0.0,0.0,0.0,0.0,28.0,33.6,19.8,28.9,-128.7,20.9,0.0,1.0,1.0,1.0,0.0,0.0,1.0,0.0,90.0,90.0,0
2025-04-11 10:47:36,21.17,5.32,2.8,0.7,7.0,0.0,0.0,0.0,0.0,0.0,28.0,33.6,19.8,28.9,-128.7,21.0,0.0,1.0,1.0,1.0,0.0,0.0,1.0,0.0,90.0,90.0,0
2025-04-11 10:47:37,21.19,5.33,2.8,0.7,7.599999,0.0,0.0,0.0,0.0,0.0,28.0,33.6,19.8,28.9,-128.7,20.9,0.0,1.0,1.0,1.0,0.0,0.0,1.0,0.0,90.0,90.0,0
2025-04-11 10:47:38,21.2,5.33,2.8,0.7,7.0,0.0,0.0,0.0,0.0,0.0,28.0,33.6,19.8,28.9,-128.7,20.9,0.0,1.0,1.0,1.0,0.0,0.0,1.0,0.0,90.0,90.0,0
2025-04-11 10:47:39,21.19,5.33,2.7,0.7,7.099999,0.0,0.0,0.0,0.0,0.0,28.0,33.6,19.8,28.9,-128.7,20.9,0.0,1.0,1.0,1.0,0.0,0.0,1.0,0.0,90.0,90.0,0
2025-04-11 10:47:40,21.18,5.32,2.8,0.7,7.8,0.0,0.0,0.0,0.0,0.0,28.0,33.6,19.8,28.9,-128.7,20.9,0.0,1.0,1.0,1.0,0.0,0.0,1.0,0.0,90.0,90.0,0
2025-04-11 10:47:41,21.18,5.33,2.8,0.7,6.3,0.0,0.0,0.0,0.0,0.0,28.0,33.6,19.8,28.9,-128.7,20.9,0.0,1.0,1.0,1.0,0.0,0.0,1.0,0.0,90.0,90.0,0
2025-04-11 10:47:42,21.18,5.33,2.8,0.7,6.7,0.0,0.0,0.0,0.0,0.0,28.0,33.6,19.8,28.9,-128.7,20.9,0.0,1.0,1.0,1.0,0.0,0.0,1.0,0.0,90.0,90.0,0
2025-04-11 10:47:43,21.19,5.34,2.8,0.7,6.599999,0.0,0.0,0.0,0.0,0.0,28.0,33.6,19.7,28.9,-128.7,20.9,0.0,1.0,1.0,1.0,0.0,0.0,1.0,0.0,90.0,90.0,0
2025-04-11 10:47:44,21.2,5.33,2.7,0.7,7.3,0.0,0.0,0.0,0.0,0.0,28.0,33.6,19.7,28.9,-128.7,20.9,0.0,1.0,1.0,1.0,0.0,0.0,1.0,0.0,90.0,90.0,0
2025-04-11 10:47:45,21.18,5.34,2.8,0.7,6.8,0.0,0.0,0.0,0.0,0.0,28.0,33.6,19.7,28.9,-128.7,20.9,0.0,1.0,1.0,1.0,0.0,0.0,1.0,0.0,90.0,90.0,0
2025-04-11 10:47:46,21.2,5.33,2.8,0.7,7.099999,0.0,0.0,0.0,0.0,0.0,28.0,33.6,19.7,28.9,-128.7,20.9,0.0,1.0,1.0,1.0,0.0,0.0,1.0,0.0,90.0,90.0,0
2025-04-11 10:47:47,21.18,5.34,2.8,0.7,7.5,0.0,0.0,0.0,0.0,0.0,28.0,33.6,19.7,28.9,-128.7,20.9,0.0,1.0,1.0,1.0,0.0,0.0,1.0,0.0,90.0,90.0,0
2025-04-11 10:47:48,21.18,5.33,2.8,0.7,6.599999,0.0,0.0,0.0,0.0,0.0,28.0,33.6,19.7,28.9,-128.7,20.9,0.0,1.0,1.0,1.0,0.0,0.0,1.0,0.0,90.0,90.0,0
2025-04-11 10:47:49,21.19,5.34,2.8,0.7,7.2,0.0,0.0,0.0,0.0,0.0,28.0,33.6,19.7,28.9,-128.7,20.9,0.0,1.0,1.0,1.0,0.0,0.0,1.0,0.0,90.0,90.0,0
2025-04-11 10:47:50,21.22,5.33,2.8,0.7,6.5,0.0,0.0,0.0,0.0,0.0,28.0,33.6,19.7,28.9,-128.7,20.9,0.0,1.0,1.0,1.0,0.0,0.0,1.0,0.0,90.0,90.0,0
2025-04-11 10:47:51,21.22,5.349999,2.8,0.7,6.599999,0.0,0.0,0.0,0.0,0.0,28.0,33.6,19.7,28.9,-128.7,20.9,0.0,1.0,1.0,1.0,0.0,0.0,1.0,0.0,90.0,90.0,0
2025-04-11 10:47:52,21.22,5.33,2.8,0.7,7.0,0.0,0.0,0.0,0.0,0.0,28.0,33.6,19.7,28.9,-128.7,20.9,0.0,1.0,1.0,1.0,0.0,0.0,1.0,0.0,90.0,90.0,0
2025-04-11 10:47:53,21.2,5.349999,2.8,0.7,6.3,0.0,0.0,0.0,0.0,0.0,28.0,33.6,19.7,28.9,-128.7,20.8,0.0,1.0,1.0,1.0,0.0,0.0,1.0,0.0,90.0,90.0,0
2025-04-11 10:47:54,21.22,5.33,2.8,0.7,7.099999,0.0,0.0,0.0,0.0,0.0,28.0,33.6,19.7,28.9,-128.7,20.9,0.0,1.0,1.0,1.0,0.0,0.0,1.0,0.0,90.0,90.0,0
2025-04-11 10:47:55,21.23,5.349999,2.8,0.7,7.099999,0.0,0.0,0.0,0.0,0.0,28.0,33.6,19.7,28.9,-128.7,20.8,0.0,1.0,1.0,1.0,0.0,0.0,1.0,0.0,90.0,90.0,0
2025-04-11 10:47:56,21.22,5.33,2.8,0.7,6.9,0.0,0.0,0.0,0.0,0.0,28.0,33.6,19.7,28.9,-128.7,20.9,0.0,1.0,1.0,1.0,0.0,0.0,1.0,0.0,90.0,90.0,0
2025-04-11 10:47:57,21.24,5.34,2.8,0.7,7.2,0.0,0.0,0.0,0.0,0.0,28.0,33.7,19.7,28.9,-128.7,20.8,0.0,1.0,1.0,1.0,0.0,0.0,1.0,0.0,90.0,90.0,0
2025-04-11 10:47:58,21.22,5.33,2.8,0.7,6.8,0.0,0.0,0.0,0.0,0.0,28.0,33.7,19.7,29.0,-128.7,21.0,0.0,1.0,1.0,1.0,0.0,0.0,1.0,0.0,90.0,90.0,0
2025-04-11 10:47:59,21.2,5.349999,2.8,0.7,7.2,0.0,0.0,0.0,0.0,0.0,28.0,33.7,19.7,29.0,-128.7,21.0,0.0,1.0,1.0,1.0,0.0,0.0,1.0,0.0,90.0,90.0,0
2025-04-11 10:48:00,21.22,5.33,2.8,0.7,7.099999,0.0,0.0,0.0,0.0,0.0,28.0,33.7,19.7,29.0,-128.7,21.0,0.0,1.0,1.0,1.0,0.0,0.0,1.0,0.0,90.0,90.0,0
2025-04-11 10:48:01,21.23,5.349999,2.8,0.7,7.4,0.0,0.0,0.0,0.0,0.0,28.0,33.7,19.7,29.0,-128.7,21.0,0.0,1.0,1.0,1.0,0.0,0.0,1.0,0.0,90.0,90.0,0
2025-04-11 10:48:02,21.23,5.33,2.8,0.7,6.8,0.0,0.0,0.0,0.0,0.0,28.0,33.7,19.7,29.0,-128.7,21.0,0.0,1.0,1.0,1.0,0.0,0.0,1.0,0.0,90.0,90.0,0
2025-04-11 10:48:03,21.24,5.34,2.8,0.7,6.9,0.0,0.0,0.0,0.0,0.0,28.1,33.7,19.7,29.0,-128.7,21.0,0.0,1.0,1.0,1.0,0.0,0.0,1.0,0.0,90.0,90.0,0
2025-04-11 10:48:04,21.23,5.33,2.7,0.7,7.5,0.0,0.0,0.0,0.0,0.0,28.1,33.7,19.7,29.0,-128.7,21.0,0.0,1.0,1.0,1.0,0.0,0.0,1.0,0.0,90.0,90.0,0
2025-04-11 10:48:05,21.23,5.34,2.8,0.7,6.3,0.0,0.0,0.0,0.0,0.0,28.0,33.7,19.7,29.0,-128.7,20.9,0.0,1.0,1.0,1.0,0.0,0.0,1.0,0.0,90.0,90.0,0
2025-04-11 10:48:06,21.23,5.33,2.8,0.7,7.2,0.0,0.0,0.0,0.0,0.0,28.0,33.7,19.7,29.0,-128.7,21.0,0.0,1.0,1.0,1.0,0.0,0.0,1.0,0.0,90.0,90.0,0
2025-04-11 10:48:07,21.23,5.349999,2.8,0.7,6.599999,0.0,0.0,0.0,0.0,0.0,28.1,33.7,19.7,29.0,-128.7,20.9,0.0,1.0,1.0,1.0,0.0,0.0,1.0,0.0,90.0,90.0,0
2025-04-11 10:48:08,21.23,5.33,2.8,0.7,6.5,0.0,0.0,0.0,0.0,0.0,28.1,33.7,19.7,29.0,-128.7,21.0,0.0,1.0,1.0,1.0,0.0,0.0,1.0,0.0,90.0,90.0,0
2025-04-11 10:48:09,21.23,5.349999,2.8,0.7,6.9,0.0,0.0,0.0,0.0,0.0,28.1,33.7,19.7,29.0,-128.7,20.9,0.0,1.0,1.0,1.0,0.0,0.0,1.0,0.0,90.0,90.0,0
2025-04-11 10:48:10,21.24,5.33,2.8,0.7,7.0,0.0,0.0,0.0,0.0,0.0,28.1,33.7,19.7,29.0,-128.7,21.0,0.0,1.0,1.0,1.0,0.0,0.0,1.0,0.0,90.0,90.0,0
2025-04-11 10:48:11,21.23,5.34,2.8,0.7,7.0,0.0,0.0,0.0,0.0,0.0,28.1,33.7,19.7,29.0,-128.7,20.9,0.0,1.0,1.0,1.0,0.0,0.0,1.0,0.0,90.0,90.0,0
2025-04-11 10:48:12,21.22,5.34,2.8,0.7,7.4,0.0,0.0,0.0,0.0,0.0,28.1,33.7,19.7,29.0,-128.7,21.0,0.0,1.0,1.0,1.0,0.0,0.0,1.0,0.0,90.0,90.0,0
2025-04-11 10:48:13,21.22,5.34,2.8,0.7,7.0,0.0,0.0,0.0,0.0,0.0,28.1,33.7,19.7,29.0,-128.7,21.0,0.0,1.0,1.0,1.0,0.0,0.0,1.0,0.0,90.0,90.0,0
2025-04-11 10:48:14,21.23,5.33,2.8,0.7,7.3,0.0,0.0,0.0,0.0,0.0,28.1,33.7,19.7,29.0,-128.7,21.0,0.0,1.0,1.0,1.0,0.0,0.0,1.0,0.0,90.0,90.0,0
2025-04-11 10:48:15,21.23,5.34,2.8,0.7,7.099999,0.0,0.0,0.0,0.0,0.0,28.1,33.7,19.7,29.0,-128.7,21.0,0.0,1.0,1.0,1.0,0.0,0.0,1.0,0.0,90.0,90.0,0
2025-04-11 10:48:16,21.24,5.33,2.8,0.7,6.599999,0.0,0.0,0.0,0.0,0.0,28.1,33.7,19.7,29.0,-128.7,21.0,0.0,1.0,1.0,1.0,0.0,0.0,1.0,0.0,90.0,90.0,0
2025-04-11 10:48:17,21.24,5.34,2.8,0.7,6.8,0.0,0.0,0.0,0.0,0.0,28.1,33.7,19.7,29.0,-128.7,21.0,0.0,1.0,1.0,1.0,0.0,0.0,1.0,0.0,90.0,90.0,0
2025-04-11 10:48:18,21.24,5.34,2.8,0.7,7.099999,0.0,0.0,0.0,0.0,0.0,28.1,33.7,19.7,29.0,-128.7,21.0,0.0,1.0,1.0,1.0,0.0,0.0,1.0,0.0,90.0,90.0,0
2025-04-11 10:48:19,21.24,5.34,2.7,0.7,7.2,0.0,0.0,0.0,0.0,0.0,28.1,33.7,19.7,29.0,-128.7,21.0,0.0,1.0,1.0,1.0,0.0,0.0,1.0,0.0,90.0,90.0,0
2025-04-11 10:48:20,21.24,5.33,2.7,0.7,6.9,0.0,0.0,0.0,0.0,0.0,28.1,33.7,19.7,29.0,-128.7,20.9,0.0,1.0,1.0,1.0,0.0,0.0,1.0,0.0,90.0,90.0,0
2025-04-11 10:48:21,21.23,5.34,2.7,0.7,6.7,0.0,0.0,0.0,0.0,0.0,28.1,33.7,19.7,29.0,-128.7,21.0,0.0,1.0,1.0,1.0,0.0,0.0,1.0,0.0,90.0,90.0,0
2025-04-11 10:48:22,21.24,5.33,2.8,0.7,7.3,0.0,0.0,0.0,0.0,0.0,28.1,33.7,19.7,29.0,-128.7,21.0,0.0,1.0,1.0,1.0,0.0,0.0,1.0,0.0,90.0,90.0,0
2025-04-11 10:48:23,21.25,5.349999,2.8,0.7,7.599999,0.0,0.0,0.0,0.0,0.0,28.1,33.7,19.7,29.0,-128.7,20.9,0.0,1.0,1.0,1.0,0.0,0.0,1.0,0.0,90.0,90.0,0
2025-04-11 10:48:24,21.24,5.33,2.8,0.7,6.9,0.0,0.0,0.0,0.0,0.0,28.1,33.7,19.7,29.0,-128.7,21.0,0.0,1.0,1.0,1.0,0.0,0.0,1.0,0.0,90.0,90.0,0
2025-04-11 10:48:25,21.25,5.34,2.8,0.7,6.5,0.0,0.0,0.0,0.0,0.0,28.1,33.7,19.7,29.0,-128.7,20.9,0.0,1.0,1.0,1.0,0.0,0.0,1.0,0.0,90.0,90.0,0
2025-04-11 10:48:26,21.24,5.33,2.8,0.7,7.0,0.0,0.0,0.0,0.0,0.0,28.1,33.7,19.7,29.0,-128.7,21.0,0.0,1.0,1.0,1.0,0.0,0.0,1.0,0.0,90.0,90.0,0
2025-04-11 10:48:27,21.25,5.34,2.7,0.7,7.5,0.0,0.0,0.0,0.0,0.0,28.1,33.7,19.7,29.0,-128.7,21.0,0.0,1.0,1.0,1.0,0.0,0.0,1.0,0.0,90.0,90.0,0
2025-04-11 10:48:28,21.24,5.33,2.8,0.7,7.4,0.0,0.0,0.0,0.0,0.0,28.1,33.7,19.7,29.1,-128.7,21.1,0.0,1.0,1.0,1.0,0.0,0.0,1.0,0.0,90.0,90.0,0
2025-04-11 10:48:29,21.23,5.349999,2.8,0.7,7.4,0.0,0.0,0.0,0.0,0.0,28.1,33.7,19.7,29.1,-128.7,21.0,0.0,1.0,1.0,1.0,0.0,0.0,1.0,0.0,90.0,90.0,0
2025-04-11 10:48:30,21.24,5.349999,2.7,0.7,6.5,0.0,0.0,0.0,0.0,0.0,28.1,33.7,19.7,29.1,-128.7,21.1,0.0,1.0,1.0,1.0,0.0,0.0,1.0,0.0,90.0,90.0,0
2025-04-11 10:48:31,21.24,5.349999,2.8,0.7,6.7,0.0,0.0,0.0,0.0,0.0,28.1,33.7,19.7,29.1,-128.7,21.0,0.0,1.0,1.0,1.0,0.0,0.0,1.0,0.0,90.0,90.0,0
2025-04-11 10:48:32,21.24,5.349999,2.8,0.7,6.5,0.0,0.0,0.0,0.0,0.0,28.1,33.7,19.7,29.1,-128.7,21.0,0.0,1.0,1.0,1.0,0.0,0.0,1.0,0.0,90.0,90.0,0
2025-04-11 10:48:33,21.24,5.34,2.8,0.7,6.7,0.0,0.0,0.0,0.0,0.0,28.1,33.7,19.7,29.1,-128.7,21.1,0.0,1.0,1.0,1.0,0.0,0.0,1.0,0.0,90.0,90.0,0
2025-04-11 10:48:34,21.25,5.349999,2.7,0.7,6.3,0.0,0.0,0.0,0.0,0.0,28.1,33.7,19.6,29.1,-128.7,21.0,0.0,1.0,1.0,1.0,0.0,0.0,1.0,0.0,90.0,90.0,0
2025-04-11 10:48:35,21.24,5.349999,2.7,0.7,7.099999,0.0,0.0,0.0,0.0,0.0,28.1,33.7,19.6,29.1,-128.7,21.0,0.0,1.0,1.0,1.0,0.0,0.0,1.0,0.0,90.0,90.0,0
2025-04-11 10:48:36,21.27,5.349999,2.8,0.7,7.3,0.0,0.0,0.0,0.0,0.0,28.1,33.7,19.6,29.1,-128.7,21.0,0.0,1.0,1.0,1.0,0.0,0.0,1.0,0.0,90.0,90.0,0
2025-04-11 10:48:37,21.25,5.349999,2.8,0.7,7.099999,0.0,0.0,0.0,0.0,0.0,28.1,33.7,19.6,29.1,-128.7,21.1,0.0,1.0,1.0,1.0,0.0,0.0,1.0,0.0,90.0,90.0,0
2025-04-11 10:48:38,21.24,5.34,2.8,0.7,6.599999,0.0,0.0,0.0,0.0,0.0,28.1,33.7,19.6,29.1,-128.7,21.0,0.0,1.0,1.0,1.0,0.0,0.0,1.0,0.0,90.0,90.0,0
2025-04-11 10:48:39,21.25,5.34,2.8,0.7,6.5,0.0,0.0,0.0,0.0,0.0,28.1,33.7,19.6,29.1,-128.7,21.1,0.0,1.0,1.0,1.0,0.0,0.0,1.0,0.0,90.0,90.0,0
2025-04-11 10:48:40,21.24,5.349999,2.8,0.7,7.4,0.0,0.0,0.0,0.0,0.0,28.1,33.7,19.6,29.1,-128.7,21.0,0.0,1.0,1.0,1.0,0.0,0.0,1.0,0.0,90.0,90.0,0
2025-04-11 10:48:41,21.24,5.349999,2.8,0.7,6.8,0.0,0.0,0.0,0.0,0.0,28.1,33.7,19.6,29.1,-128.7,21.1,0.0,1.0,1.0,1.0,0.0,0.0,1.0,0.0,90.0,90.0,0
2025-04-11 10:48:42,21.24,5.349999,2.8,0.7,7.0,0.0,0.0,0.0,0.0,0.0,28.1,33.7,19.6,29.1,-128.7,21.0,0.0,1.0,1.0,1.0,0.0,0.0,1.0,0.0,90.0,90.0,0
2025-04-11 10:48:43,21.27,5.349999,2.8,0.7,7.0,0.0,0.0,0.0,0.0,0.0,28.1,33.7,19.5,29.1,-128.7,21.0,0.0,1.0,1.0,1.0,0.0,0.0,1.0,0.0,90.0,90.0,0
2025-04-11 10:48:44,21.27,5.34,2.8,0.7,6.9,0.0,0.0,0.0,0.0,0.0,28.1,33.7,19.5,29.1,-128.7,21.0,0.0,1.0,1.0,1.0,0.0,0.0,1.0,0.0,90.0,90.0,0
2025-04-11 10:48:45,21.25,5.349999,2.8,0.7,6.7,0.0,0.0,0.0,0.0,0.0,28.1,33.7,19.5,29.1,-128.7,21.0,0.0,1.0,1.0,1.0,0.0,0.0,1.0,0.0,90.0,90.0,0
2025-04-11 10:48:46,21.25,5.34,2.8,0.7,6.4,0.0,0.0,0.0,0.0,0.0,28.1,33.7,19.5,29.1,-128.7,21.1,0.0,1.0,1.0,1.0,0.0,0.0,1.0,0.0,90.0,90.0,0
2025-04-11 10:48:47,21.24,5.34,2.7,0.7,6.8,0.0,0.0,0.0,0.0,0.0,28.1,33.7,19.5,29.1,-128.7,21.0,0.0,1.0,1.0,1.0,0.0,0.0,1.0,0.0,90.0,90.0,0
2025-04-11 10:48:48,21.24,5.349999,2.7,0.7,6.9,0.0,0.0,0.0,0.0,0.0,28.1,33.7,19.5,29.1,-128.7,21.1,0.0,1.0,1.0,1.0,0.0,0.0,1.0,0.0,90.0,90.0,0
2025-04-11 10:48:49,21.24,5.33,2.8,0.7,7.5,0.0,0.0,0.0,0.0,0.0,28.1,33.7,19.5,29.1,-128.7,21.0,0.0,1.0,1.0,1.0,0.0,0.0,1.0,0.0,90.0,90.0,0
2025-04-11 10:48:50,21.25,5.34,2.8,0.7,6.5,0.0,0.0,0.0,0.0,0.0,28.1,33.7,19.5,29.1,-128.7,21.0,0.0,1.0,1.0,1.0,0.0,0.0,1.0,0.0,90.0,90.0,0
2025-04-11 10:48:51,21.27,5.33,2.8,0.7,6.5,0.0,0.0,0.0,0.0,0.0,28.1,33.7,19.5,29.1,-128.7,21.1,0.0,1.0,1.0,1.0,0.0,0.0,1.0,0.0,90.0,90.0,0
2025-04-11 10:48:52,21.25,5.34,2.7,0.7,7.2,0.0,0.0,0.0,0.0,0.0,28.1,33.7,19.5,29.1,-128.7,21.1,0.0,1.0,1.0,1.0,0.0,0.0,1.0,0.0,90.0,90.0,0
2025-04-11 10:48:53,21.25,5.33,2.7,0.7,6.599999,0.0,0.0,0.0,0.0,0.0,28.1,33.7,19.5,29.1,-128.7,21.1,0.0,1.0,1.0,1.0,0.0,0.0,1.0,0.0,90.0,90.0,0
2025-04-11 10:48:54,21.28,5.34,2.8,0.7,7.3,0.0,0.0,0.0,0.0,0.0,28.1,33.7,19.5,29.1,-128.7,21.1,0.0,1.0,1.0,1.0,0.0,0.0,1.0,0.0,90.0,90.0,0
2025-04-11 10:48:55,21.27,5.33,2.8,0.7,6.9,0.0,0.0,0.0,0.0,0.0,28.1,33.7,19.5,29.1,-128.7,21.1,0.0,1.0,1.0,1.0,0.0,0.0,1.0,0.0,90.0,90.0,0
2025-04-11 10:48:56,21.28,5.33,2.8,0.7,6.7,0.0,0.0,0.0,0.0,0.0,28.1,33.7,19.4,29.1,-128.7,21.1,0.0,1.0,1.0,1.0,0.0,0.0,1.0,0.0,90.0,90.0,0
2025-04-11 10:48:57,21.25,5.33,2.8,0.7,6.5,0.0,0.0,0.0,0.0,0.0,28.1,33.7,19.4,29.1,-128.7,21.1,0.0,1.0,1.0,1.0,0.0,0.0,1.0,0.0,90.0,90.0,0
2025-04-11 10:48:58,21.25,5.34,2.8,0.7,7.0,0.0,0.0,0.0,0.0,0.0,28.1,33.7,19.4,29.1,-128.7,21.1,0.0,1.0,1.0,1.0,0.0,0.0,1.0,0.0,90.0,90.0,0
2025-04-11 10:48:59,21.25,5.32,2.8,0.7,7.3,0.0,0.0,0.0,0.0,0.0,28.1,33.7,19.4,29.1,-128.7,21.2,0.0,1.0,1.0,1.0,0.0,0.0,1.0,0.0,90.0,90.0,0
2025-04-11 10:49:00,21.27,5.34,2.8,0.7,7.0,0.0,0.0,0.0,0.0,0.0,28.1,33.7,19.4,29.1,-128.7,21.1,0.0,1.0,1.0,1.0,0.0,0.0,1.0,0.0,90.0,90.0,0
2025-04-11 10:49:01,21.25,5.33,2.8,0.7,6.8,0.0,0.0,0.0,0.0,0.0,28.1,33.7,19.4,29.1,-128.7,21.2,0.0,1.0,1.0,1.0,0.0,0.0,1.0,0.0,90.0,90.0,0
2025-04-11 10:49:02,21.24,5.33,2.8,0.7,7.099999,0.0,0.0,0.0,0.0,0.0,28.1,33.7,19.4,29.1,-128.7,21.1,0.0,1.0,1.0,1.0,0.0,0.0,1.0,0.0,90.0,90.0,0
2025-04-11 10:49:03,21.25,5.33,2.8,0.7,6.9,0.0,0.0,0.0,0.0,0.0,28.1,33.7,19.3,29.1,-128.7,21.2,0.0,1.0,1.0,1.0,0.0,0.0,1.0,0.0,90.0,90.0,0
2025-04-11 10:49:04,21.24,5.33,2.8,0.7,7.0,0.0,0.0,0.0,0.0,0.0,28.1,33.7,19.3,29.1,-128.7,21.1,0.0,1.0,1.0,1.0,0.0,0.0,1.0,0.0,90.0,90.0,0
2025-04-11 10:49:05,21.25,5.33,2.8,0.7,7.2,0.0,0.0,0.0,0.0,0.0,28.1,33.7,19.3,29.1,-128.7,21.1,0.0,1.0,1.0,1.0,0.0,0.0,1.0,0.0,90.0,90.0,0
2025-04-11 10:49:06,21.28,5.33,2.8,0.7,6.8,0.0,0.0,0.0,0.0,0.0,28.0,33.7,19.3,29.1,-128.7,21.1,0.0,1.0,1.0,1.0,0.0,0.0,1.0,0.0,90.0,90.0,0
2025-04-11 10:49:07,21.24,5.33,2.8,0.7,6.5,0.0,0.0,0.0,0.0,0.0,28.0,33.7,19.3,29.1,-128.7,21.1,0.0,1.0,1.0,1.0,0.0,0.0,1.0,0.0,90.0,90.0,0
2025-04-11 10:49:08,21.25,5.33,2.8,0.7,6.9,0.0,0.0,0.0,0.0,0.0,28.0,33.7,19.3,29.1,-128.7,21.1,0.0,1.0,1.0,1.0,0.0,0.0,1.0,0.0,90.0,90.0,0
2025-04-11 10:49:09,21.27,5.33,2.8,0.7,6.3,0.0,0.0,0.0,0.0,0.0,28.0,33.7,19.3,29.1,-128.7,21.1,0.0,1.0,1.0,1.0,0.0,0.0,1.0,0.0,90.0,90.0,0
2025-04-11 10:49:10,21.25,5.33,2.8,0.7,6.7,0.0,0.0,0.0,0.0,0.0,28.0,33.7,19.3,29.1,-128.7,21.1,0.0,1.0,1.0,1.0,0.0,0.0,1.0,0.0,90.0,90.0,0
2025-04-11 10:49:11,21.27,5.34,2.8,0.7,7.4,0.0,0.0,0.0,0.0,0.0,28.0,33.7,19.2,29.1,-128.7,21.1,0.0,1.0,1.0,1.0,0.0,0.0,1.0,0.0,90.0,90.0,0
2025-04-11 10:49:12,21.27,5.33,2.7,0.7,7.099999,0.0,0.0,0.0,0.0,0.0,28.0,33.7,19.2,29.1,-128.7,21.1,0.0,1.0,1.0,1.0,0.0,0.0,1.0,0.0,90.0,90.0,0
2025-04-11 10:49:13,21.27,5.34,2.7,0.7,7.099999,0.0,0.0,0.0,0.0,0.0,28.0,33.7,19.2,29.1,-128.7,21.1,0.0,1.0,1.0,1.0,0.0,0.0,1.0,0.0,90.0,90.0,0
2025-04-11 10:49:14,21.28,5.33,2.8,0.7,7.0,0.0,0.0,0.0,0.0,0.0,28.0,33.7,19.2,29.1,-128.7,21.1,0.0,1.0,1.0,1.0,0.0,0.0,1.0,0.0,90.0,90.0,0
2025-04-11 10:49:15,21.28,5.34,2.8,0.7,7.2,0.0,0.0,0.0,0.0,0.0,28.0,33.7,19.2,29.1,-128.7,21.1,0.0,1.0,1.0,1.0,0.0,0.0,1.0,0.0,90.0,90.0,0
2025-04-11 10:49:16,21.28,5.33,2.8,0.7,6.5,0.0,0.0,0.0,0.0,0.0,28.0,33.7,19.2,29.1,-128.7,21.1,0.0,1.0,1.0,1.0,0.0,0.0,1.0,0.0,90.0,90.0,0
2025-04-11 10:49:17,21.28,5.34,2.8,0.7,6.8,0.0,0.0,0.0,0.0,0.0,28.0,33.7,19.2,29.1,-128.7,21.1,0.0,1.0,1.0,1.0,0.0,0.0,1.0,0.0,90.0,90.0,0
2025-04-11 10:49:18,21.28,5.33,2.8,0.7,7.099999,0.0,0.0,0.0,0.0,0.0,28.0,33.7,19.2,29.1,-128.7,21.1,0.0,1.0,1.0,1.0,0.0,0.0,1.0,0.0,90.0,90.0,0
2025-04-11 10:49:19,21.27,5.33,2.7,0.7,7.0,0.0,0.0,0.0,0.0,0.0,28.0,33.7,19.2,29.1,-128.7,21.1,0.0,1.0,1.0,1.0,0.0,0.0,1.0,0.0,90.0,90.0,0
2025-04-11 10:49:20,21.28,5.33,2.8,0.7,7.0,0.0,0.0,0.0,0.0,0.0,28.0,33.7,19.1,29.1,-128.7,21.2,0.0,1.0,1.0,1.0,0.0,0.0,1.0,0.0,90.0,90.0,0
2025-04-11 10:49:21,21.27,5.33,2.8,0.7,6.9,0.0,0.0,0.0,0.0,0.0,28.0,33.7,19.1,29.1,-128.7,21.1,0.0,1.0,1.0,1.0,0.0,0.0,1.0,0.0,90.0,90.0,0
2025-04-11 10:49:22,21.27,5.33,2.8,0.7,6.7,0.0,0.0,0.0,0.0,0.0,28.0,33.7,19.1,29.1,-128.7,21.1,0.0,1.0,1.0,1.0,0.0,0.0,1.0,0.0,90.0,90.0,0
2025-04-11 10:49:23,21.27,5.33,2.8,0.7,7.2,0.0,0.0,0.0,0.0,0.0,28.0,33.7,19.1,29.1,-128.7,21.1,0.0,1.0,1.0,1.0,0.0,0.0,1.0,0.0,90.0,90.0,0
2025-04-11 10:49:24,21.28,5.33,2.7,0.7,6.5,0.0,0.0,0.0,0.0,0.0,28.0,33.7,19.1,29.1,-128.7,21.1,0.0,1.0,1.0,1.0,0.0,0.0,1.0,0.0,90.0,90.0,0
2025-04-11 10:49:25,21.28,5.33,2.8,0.7,6.9,0.0,0.0,0.0,0.0,0.0,28.0,33.7,19.1,29.1,-128.7,21.1,0.0,1.0,1.0,1.0,0.0,0.0,1.0,0.0,90.0,90.0,0
2025-04-11 10:49:26,21.28,5.34,2.7,0.7,6.9,0.0,0.0,0.0,0.0,0.0,28.0,33.7,19.1,29.1,-128.7,21.1,0.0,1.0,1.0,1.0,0.0,0.0,1.0,0.0,90.0,90.0,0
2025-04-11 10:49:27,21.29,5.34,2.8,0.7,7.0,0.0,0.0,0.0,0.0,0.0,28.0,33.7,19.1,29.1,-128.7,21.1,0.0,1.0,1.0,1.0,0.0,0.0,1.0,0.0,90.0,90.0,0
2025-04-11 10:49:28,21.29,5.33,2.8,0.7,6.2,0.0,0.0,0.0,0.0,0.0,28.0,33.7,19.1,29.1,-128.7,21.0,0.0,1.0,1.0,1.0,0.0,0.0,1.0,0.0,90.0,90.0,0
2025-04-11 10:49:29,21.3,5.349999,2.8,0.7,7.599999,0.0,0.0,0.0,0.0,0.0,28.0,33.7,19.1,29.1,-128.7,21.1,0.0,1.0,1.0,1.0,0.0,0.0,1.0,0.0,90.0,90.0,0
2025-04-11 10:49:30,21.29,5.33,2.8,0.7,6.7,0.0,0.0,0.0,0.0,0.0,28.0,33.7,19.0,29.1,-128.7,21.1,0.0,1.0,1.0,1.0,0.0,0.0,1.0,0.0,90.0,90.0,0
2025-04-11 10:49:31,21.28,5.349999,2.8,0.7,7.3,0.0,0.0,0.0,0.0,0.0,28.0,33.8,19.0,29.1,-128.7,21.0,0.0,1.0,1.0,1.0,0.0,0.0,1.0,0.0,90.0,90.0,0
2025-04-11 10:49:32,21.29,5.33,2.8,0.7,7.5,0.0,0.0,0.0,0.0,0.0,28.0,33.8,19.0,29.1,-128.7,21.1,0.0,1.0,1.0,1.0,0.0,0.0,1.0,0.0,90.0,90.0,0
2025-04-11 10:49:33,21.3,5.349999,2.8,0.7,6.4,0.0,0.0,0.0,0.0,0.0,28.0,33.8,19.0,29.1,-128.7,21.0,0.0,1.0,1.0,1.0,0.0,0.0,1.0,0.0,90.0,90.0,0
2025-04-11 10:49:34,21.28,5.33,2.8,0.7,6.8,0.0,0.0,0.0,0.0,0.0,28.0,33.8,19.0,29.1,-128.7,21.1,0.0,1.0,1.0,1.0,0.0,0.0,1.0,0.0,90.0,90.0,0
2025-04-11 10:49:35,21.3,5.34,2.8,0.7,7.099999,0.0,0.0,0.0,0.0,0.0,28.0,33.8,18.9,29.1,-128.7,21.0,0.0,1.0,1.0,1.0,0.0,0.0,1.0,0.0,90.0,90.0,0
2025-04-11 10:49:36,21.29,5.349999,2.8,0.7,6.8,0.0,0.0,0.0,0.0,0.0,28.0,33.8,18.9,29.1,-128.7,21.1,0.0,1.0,1.0,1.0,0.0,0.0,1.0,0.0,90.0,90.0,0
2025-04-11 10:49:37,21.3,5.34,2.8,0.7,7.599999,0.0,0.0,0.0,0.0,0.0,28.0,33.8,18.9,29.1,-128.7,21.0,0.0,1.0,1.0,1.0,0.0,0.0,1.0,0.0,90.0,90.0,0
2025-04-11 10:49:38,21.29,5.349999,2.7,0.7,7.099999,0.0,0.0,0.0,0.0,0.0,28.0,33.8,18.9,29.1,-128.7,21.1,0.0,1.0,1.0,1.0,0.0,0.0,1.0,0.0,90.0,90.0,0
2025-04-11 10:49:39,21.3,5.34,2.8,0.7,7.099999,0.0,0.0,0.0,0.0,0.0,28.0,33.8,18.9,29.1,-128.7,21.1,0.0,1.0,1.0,1.0,0.0,0.0,1.0,0.0,90.0,90.0,0
2025-04-11 10:49:40,21.29,5.349999,2.7,0.7,7.5,0.0,0.0,0.0,0.0,0.0,28.0,33.8,18.9,29.1,-128.7,21.0,0.0,1.0,1.0,1.0,0.0,0.0,1.0,0.0,90.0,90.0,0
2025-04-11 10:49:41,21.3,5.34,2.8,0.7,6.9,0.0,0.0,0.0,0.0,0.0,28.0,33.8,18.9,29.1,-128.7,21.1,0.0,1.0,1.0,1.0,0.0,0.0,1.0,0.0,90.0,90.0,0
2025-04-11 10:49:42,21.29,5.349999,2.8,0.7,6.599999,0.0,0.0,0.0,0.0,0.0,28.0,33.8,18.9,29.1,-128.7,21.0,0.0,1.0,1.0,1.0,0.0,0.0,1.0,0.0,90.0,90.0,0
2025-04-11 10:49:43,21.29,5.349999,2.8,0.7,7.3,0.0,0.0,0.0,0.0,0.0,28.0,33.8,18.8,29.1,-128.7,21.1,0.0,1.0,1.0,1.0,0.0,0.0,1.0,0.0,90.0,90.0,0
2025-04-11 10:49:44,21.3,5.36,2.8,0.7,7.0,0.0,0.0,0.0,0.0,0.0,28.0,33.8,18.8,29.1,-128.7,21.0,0.0,1.0,1.0,1.0,0.0,0.0,1.0,0.0,90.0,90.0,0
2025-04-11 10:49:45,21.29,5.34,2.8,0.7,7.0,0.0,0.0,0.0,0.0,0.0,28.0,33.8,18.8,29.1,-128.7,21.1,0.0,1.0,1.0,1.0,0.0,0.0,1.0,0.0,90.0,90.0,0
2025-04-11 10:49:46,21.3,5.36,2.8,0.7,7.0,0.0,0.0,0.0,0.0,0.0,28.0,33.8,18.8,29.1,-128.7,21.0,0.0,1.0,1.0,1.0,0.0,0.0,1.0,0.0,90.0,90.0,0
2025-04-11 10:49:47,21.33,5.34,2.8,0.7,7.3,0.0,0.0,0.0,0.0,0.0,28.0,33.8,18.8,29.1,-128.7,21.0,0.0,1.0,1.0,1.0,0.0,0.0,1.0,0.0,90.0,90.0,0
2025-04-11 10:49:48,21.33,5.36,2.8,0.7,7.0,0.0,0.0,0.0,0.0,0.0,28.0,33.8,18.8,29.1,-128.7,21.0,0.0,1.0,1.0,1.0,0.0,0.0,1.0,0.0,90.0,90.0,0
2025-04-11 10:49:49,21.3,5.34,2.8,0.7,6.599999,0.0,0.0,0.0,0.0,0.0,28.0,33.8,18.8,29.1,-128.7,21.1,0.0,1.0,1.0,1.0,0.0,0.0,1.0,0.0,90.0,90.0,0
2025-04-11 10:49:50,21.31,5.349999,2.8,0.7,6.9,0.0,0.0,0.0,0.0,0.0,28.0,33.8,18.7,29.1,-128.7,21.0,0.0,1.0,1.0,1.0,0.0,0.0,1.0,0.0,90.0,90.0,0
2025-04-11 10:49:51,21.31,5.34,2.7,0.7,6.599999,0.0,0.0,0.0,0.0,0.0,28.0,33.8,18.7,29.1,-128.7,21.1,0.0,1.0,1.0,1.0,0.0,0.0,1.0,0.0,90.0,90.0,0
2025-04-11 10:49:52,21.3,5.33,2.8,0.7,7.099999,0.0,0.0,0.0,0.0,0.0,28.0,33.8,18.7,29.1,-128.7,21.0,0.0,1.0,1.0,1.0,0.0,0.0,1.0,0.0,90.0,90.0,0
2025-04-11 10:49:53,21.3,5.349999,2.7,0.7,7.4,0.0,0.0,0.0,0.0,0.0,28.0,33.8,18.7,29.1,-128.7,21.1,0.0,1.0,1.0,1.0,0.0,0.0,1.0,0.0,90.0,90.0,0
2025-04-11 10:49:54,21.3,5.33,2.7,0.7,6.5,0.0,0.0,0.0,0.0,0.0,28.0,33.8,18.7,29.0,-128.7,21.0,0.0,1.0,1.0,1.0,0.0,0.0,1.0,0.0,90.0,90.0,0
2025-04-11 10:49:55,21.3,5.349999,2.8,0.7,7.2,0.0,0.0,0.0,0.0,0.0,28.0,33.8,18.7,29.0,-128.7,21.0,0.0,1.0,1.0,1.0,0.0,0.0,1.0,0.0,90.0,90.0,0
2025-04-11 10:49:56,21.31,5.34,2.8,0.7,7.0,0.0,0.0,0.0,0.0,0.0,28.0,33.8,18.7,29.0,-128.7,21.0,0.0,1.0,1.0,1.0,0.0,0.0,1.0,0.0,90.0,90.0,0
2025-04-11 10:49:57,21.3,5.349999,2.8,0.7,6.4,0.0,0.0,0.0,0.0,0.0,28.0,33.8,18.7,29.0,-128.7,20.9,0.0,1.0,1.0,1.0,0.0,0.0,1.0,0.0,90.0,90.0,0
2025-04-11 10:49:58,21.31,5.33,2.8,0.7,7.2,0.0,0.0,0.0,0.0,0.0,28.0,33.8,18.6,29.0,-128.7,21.0,0.0,1.0,1.0,1.0,0.0,0.0,1.0,0.0,90.0,90.0,0
2025-04-11 10:49:59,21.3,5.34,2.8,0.7,6.9,0.0,0.0,0.0,0.0,0.0,28.0,33.8,18.6,29.0,-128.7,21.0,0.0,1.0,1.0,1.0,0.0,0.0,1.0,0.0,90.0,90.0,0
2025-04-11 10:50:00,21.29,5.33,2.8,0.7,7.0,0.0,0.0,0.0,0.0,0.0,28.0,33.8,18.6,29.0,-128.7,21.0,0.0,1.0,1.0,1.0,0.0,0.0,1.0,0.0,90.0,90.0,0
2025-04-11 10:50:01,21.29,5.34,2.8,0.7,7.3,0.0,0.0,0.0,0.0,0.0,28.0,33.8,18.6,29.0,-128.7,21.0,0.0,1.0,1.0,1.0,0.0,0.0,1.0,0.0,90.0,90.0,0
2025-04-11 10:50:02,21.3,5.33,2.8,0.7,6.599999,0.0,0.0,0.0,0.0,0.0,28.0,33.8,18.6,29.0,-128.7,21.0,0.0,1.0,1.0,1.0,0.0,0.0,1.0,0.0,90.0,90.0,0
2025-04-11 10:50:03,21.3,5.34,2.8,0.7,7.2,0.0,0.0,0.0,0.0,0.0,28.0,33.8,18.5,29.0,-128.7,21.0,0.0,1.0,1.0,1.0,0.0,0.0,1.0,0.0,90.0,90.0,0
2025-04-11 10:50:04,21.3,5.33,2.8,0.7,6.8,0.0,0.0,0.0,0.0,0.0,28.0,33.8,18.5,29.0,-128.7,21.0,0.0,1.0,1.0,1.0,0.0,0.0,1.0,0.0,90.0,90.0,0
2025-04-11 10:50:05,21.3,5.34,2.8,0.7,6.4,0.0,0.0,0.0,0.0,0.0,28.0,33.8,18.5,29.0,-128.7,21.0,0.0,1.0,1.0,1.0,0.0,0.0,1.0,0.0,90.0,90.0,0
2025-04-11 10:50:06,21.3,5.33,2.8,0.7,7.2,0.0,0.0,0.0,0.0,0.0,28.0,33.8,18.5,29.0,-128.7,21.0,0.0,1.0,1.0,1.0,0.0,0.0,1.0,0.0,90.0,90.0,0
2025-04-11 10:50:07,21.31,5.349999,2.8,0.7,6.599999,0.0,0.0,0.0,0.0,0.0,28.0,33.8,18.5,29.0,-128.7,20.9,0.0,1.0,1.0,1.0,0.0,0.0,1.0,0.0,90.0,90.0,0
2025-04-11 10:50:08,21.3,5.34,2.8,0.7,7.4,0.0,0.0,0.0,0.0,0.0,28.0,33.8,18.5,29.0,-128.7,21.0,0.0,1.0,1.0,1.0,0.0,0.0,1.0,0.0,90.0,90.0,0
2025-04-11 10:50:09,21.3,5.33,2.8,0.7,7.0,0.0,0.0,0.0,0.0,0.0,28.0,33.8,18.4,29.0,-128.7,20.9,0.0,1.0,1.0,1.0,0.0,0.0,1.0,0.0,90.0,90.0,0
2025-04-11 10:50:10,21.3,5.34,2.8,0.7,6.599999,0.0,0.0,0.0,0.0,0.0,28.0,33.8,18.4,29.0,-128.7,21.0,0.0,1.0,1.0,1.0,0.0,0.0,1.0,0.0,90.0,90.0,0
2025-04-11 10:50:11,21.31,5.33,2.8,0.7,7.099999,0.0,0.0,0.0,0.0,0.0,28.0,33.8,18.4,29.0,-128.7,20.9,0.0,1.0,1.0,1.0,0.0,0.0,1.0,0.0,90.0,90.0,0
2025-04-11 10:50:12,21.31,5.34,2.8,0.7,6.599999,0.0,0.0,0.0,0.0,0.0,28.0,33.8,18.4,29.0,-128.7,21.0,0.0,1.0,1.0,1.0,0.0,0.0,1.0,0.0,90.0,90.0,0
2025-04-11 10:50:13,21.31,5.33,2.8,0.7,6.7,0.0,0.0,0.0,0.0,0.0,28.0,33.8,18.4,29.0,-128.7,21.0,0.0,1.0,1.0,1.0,0.0,0.0,1.0,0.0,90.0,90.0,0
2025-04-11 10:50:14,21.33,5.34,2.8,0.7,7.4,0.0,0.0,0.0,0.0,0.0,28.0,33.8,18.3,29.0,-128.7,21.0,0.0,1.0,1.0,1.0,0.0,0.0,1.0,0.0,90.0,90.0,0
2025-04-11 10:50:15,21.31,5.33,2.7,0.7,6.9,0.0,0.0,0.0,0.0,0.0,28.0,33.8,18.3,29.0,-128.7,21.0,0.0,1.0,1.0,1.0,0.0,0.0,1.0,0.0,90.0,90.0,0
2025-04-11 10:50:16,21.35,5.34,2.8,0.7,7.5,0.0,0.0,0.0,0.0,0.0,28.0,33.8,18.3,29.0,-128.7,21.0,0.0,1.0,1.0,1.0,0.0,0.0,1.0,0.0,90.0,90.0,0
2025-04-11 10:50:17,21.33,5.33,2.8,0.7,7.099999,0.0,0.0,0.0,0.0,0.0,28.0,33.8,18.3,29.0,-128.7,21.0,0.0,1.0,1.0,1.0,0.0,0.0,1.0,0.0,90.0,90.0,0
2025-04-11 10:50:18,21.3,5.34,2.8,0.7,6.599999,0.0,0.0,0.0,0.0,0.0,28.0,33.8,18.3,29.0,-128.7,21.0,0.0,1.0,1.0,1.0,0.0,0.0,1.0,0.0,90.0,90.0,0
2025-04-11 10:50:19,21.3,5.33,2.8,0.7,6.9,0.0,0.0,0.0,0.0,0.0,28.0,33.8,18.3,29.0,-128.7,21.0,0.0,1.0,1.0,1.0,0.0,0.0,1.0,0.0,90.0,90.0,0
2025-04-11 10:50:20,21.31,5.34,2.8,0.7,6.8,0.0,0.0,0.0,0.0,0.0,28.0,33.8,18.2,29.0,-128.7,20.9,0.0,1.0,1.0,1.0,0.0,0.0,1.0,0.0,90.0,90.0,0
2025-04-11 10:50:21,21.33,5.33,2.7,0.7,6.7,0.0,0.0,0.0,0.0,0.0,28.0,33.8,18.2,29.0,-128.7,21.0,0.0,1.0,1.0,1.0,0.0,0.0,1.0,0.0,90.0,90.0,0
2025-04-11 10:50:22,21.33,5.349999,2.8,0.7,7.4,0.0,0.0,0.0,0.0,0.0,28.0,33.8,18.2,29.0,-128.7,20.9,0.0,1.0,1.0,1.0,0.0,0.0,1.0,0.0,90.0,90.0,0
2025-04-11 10:50:23,21.33,5.33,2.8,0.7,7.099999,0.0,0.0,0.0,0.0,0.0,28.0,33.8,18.2,29.0,-128.7,21.0,0.0,1.0,1.0,1.0,0.0,0.0,1.0,0.0,90.0,90.0,0
2025-04-11 10:50:24,21.33,5.33,2.8,0.7,7.099999,0.0,0.0,0.0,0.0,0.0,28.0,33.8,18.2,29.0,-128.7,21.0,0.0,1.0,1.0,1.0,0.0,0.0,1.0,0.0,90.0,90.0,0
2025-04-11 10:50:25,21.33,5.349999,2.8,0.7,7.099999,0.0,0.0,0.0,0.0,0.0,28.0,33.8,18.2,29.0,-128.7,21.0,0.0,1.0,1.0,1.0,0.0,0.0,1.0,0.0,90.0,90.0,0
2025-04-11 10:50:26,21.3,5.33,2.8,0.7,7.0,0.0,0.0,0.0,0.0,0.0,28.0,33.8,18.2,29.0,-128.7,21.0,0.0,1.0,1.0,1.0,0.0,0.0,1.0,0.0,90.0,90.0,0
2025-04-11 10:50:27,21.29,5.349999,2.8,0.7,7.0,0.0,0.0,0.0,0.0,0.0,28.0,33.8,18.1,28.9,-128.7,20.9,0.0,1.0,1.0,1.0,0.0,0.0,1.0,0.0,90.0,90.0,0
2025-04-11 10:50:28,21.3,5.33,2.8,0.7,6.5,0.0,0.0,0.0,0.0,0.0,28.0,33.8,18.1,28.9,-128.7,20.9,0.0,1.0,1.0,1.0,0.0,0.0,1.0,0.0,90.0,90.0,0
2025-04-11 10:50:29,21.31,5.349999,2.8,0.7,6.5,0.0,0.0,0.0,0.0,0.0,28.0,33.8,18.1,28.9,-128.7,20.8,0.0,1.0,1.0,1.0,0.0,0.0,1.0,0.0,90.0,90.0,0
2025-04-11 10:50:30,21.31,5.33,2.8,0.7,7.3,0.0,0.0,0.0,0.0,0.0,28.0,33.8,18.1,28.9,-128.7,20.9,0.0,1.0,1.0,1.0,0.0,0.0,1.0,0.0,90.0,90.0,0
2025-04-11 10:50:31,21.33,5.349999,2.8,0.7,7.0,0.0,0.0,0.0,0.0,0.0,28.0,33.8,18.1,28.9,-128.7,20.8,0.0,1.0,1.0,1.0,0.0,0.0,1.0,0.0,90.0,90.0,0
2025-04-11 10:50:32,21.33,5.33,2.8,0.7,7.2,0.0,0.0,0.0,0.0,0.0,28.0,33.8,18.1,28.9,-128.7,20.9,0.0,1.0,1.0,1.0,0.0,0.0,1.0,0.0,90.0,90.0,0
2025-04-11 10:50:33,21.33,5.34,2.8,0.7,7.2,0.0,0.0,0.0,0.0,0.0,28.0,33.8,18.1,28.9,-128.7,20.8,0.0,1.0,1.0,1.0,0.0,0.0,1.0,0.0,90.0,90.0,0
2025-04-11 10:50:34,21.33,5.34,2.7,0.7,6.8,0.0,0.0,0.0,0.0,0.0,28.0,33.8,18.1,28.9,-128.7,20.9,0.0,1.0,1.0,1.0,0.0,0.0,1.0,0.0,90.0,90.0,0
2025-04-11 10:50:35,21.3,5.349999,2.8,0.7,7.099999,0.0,0.0,0.0,0.0,0.0,28.0,33.8,18.0,28.9,-128.7,20.8,0.0,1.0,1.0,1.0,0.0,0.0,1.0,0.0,90.0,90.0,0
2025-04-11 10:50:36,21.33,5.34,2.8,0.7,6.8,0.0,0.0,0.0,0.0,0.0,28.0,33.8,18.0,28.9,-128.7,20.9,0.0,1.0,1.0,1.0,0.0,0.0,1.0,0.0,90.0,90.0,0
2025-04-11 10:50:37,21.33,5.349999,2.8,0.7,6.4,0.0,0.0,0.0,0.0,0.0,28.0,33.8,18.0,28.9,-128.7,20.8,0.0,1.0,1.0,1.0,0.0,0.0,1.0,0.0,90.0,90.0,0
2025-04-11 10:50:38,21.33,5.34,2.8,0.7,7.3,0.0,0.0,0.0,0.0,0.0,28.0,33.8,18.0,28.9,-128.7,20.9,0.0,1.0,1.0,1.0,0.0,0.0,1.0,0.0,90.0,90.0,0
2025-04-11 10:50:39,21.34,5.349999,2.8,0.7,6.8,0.0,0.0,0.0,0.0,0.0,28.0,33.8,18.0,28.9,-128.7,20.8,0.0,1.0,1.0,1.0,0.0,0.0,1.0,0.0,90.0,90.0,0
2025-04-11 10:50:40,21.34,5.349999,2.8,0.7,6.9,0.0,0.0,0.0,0.0,0.0,28.0,33.8,18.0,28.9,-128.7,20.9,0.0,1.0,1.0,1.0,0.0,0.0,1.0,0.0,90.0,90.0,0
2025-04-11 10:50:41,21.33,5.34,2.8,0.7,7.2,0.0,0.0,0.0,0.0,0.0,28.0,33.8,18.0,28.9,-128.7,20.8,0.0,1.0,1.0,1.0,0.0,0.0,1.0,0.0,90.0,90.0,0
2025-04-11 10:50:42,21.31,5.34,2.8,0.7,7.099999,0.0,0.0,0.0,0.0,0.0,28.0,33.8,18.0,28.9,-128.7,20.9,0.0,1.0,1.0,1.0,0.0,0.0,1.0,0.0,90.0,90.0,0
2025-04-11 10:50:43,21.33,5.34,2.8,0.7,6.9,0.0,0.0,0.0,0.0,0.0,28.0,33.8,18.0,28.9,-128.7,20.8,0.0,1.0,1.0,1.0,0.0,0.0,1.0,0.0,90.0,90.0,0
2025-04-11 10:50:44,21.33,5.349999,2.8,0.7,6.4,0.0,0.0,0.0,0.0,0.0,28.0,33.8,18.0,28.9,-128.7,20.9,0.0,1.0,1.0,1.0,0.0,0.0,1.0,0.0,90.0,90.0,0
2025-04-11 10:50:45,21.33,5.34,2.8,0.7,6.9,0.0,0.0,0.0,0.0,0.0,28.0,33.8,18.0,28.9,-128.7,20.9,0.0,1.0,1.0,1.0,0.0,0.0,1.0,0.0,90.0,90.0,0
2025-04-11 10:50:46,21.35,5.36,2.8,0.7,6.5,0.0,0.0,0.0,0.0,0.0,28.0,33.8,17.9,28.9,-128.7,20.8,0.0,1.0,1.0,1.0,0.0,0.0,1.0,0.0,90.0,90.0,0
2025-04-11 10:50:47,21.33,5.34,2.8,0.7,7.4,0.0,0.0,0.0,0.0,0.0,28.0,33.8,17.9,28.9,-128.7,20.9,0.0,1.0,1.0,1.0,0.0,0.0,1.0,0.0,90.0,90.0,0
2025-04-11 10:50:48,21.35,5.349999,2.8,0.7,7.2,0.0,0.0,0.0,0.0,0.0,28.0,33.8,17.9,28.9,-128.7,20.8,0.0,1.0,1.0,1.0,0.0,0.0,1.0,0.0,90.0,90.0,0
2025-04-11 10:50:49,21.35,5.34,2.7,0.7,7.0,0.0,0.0,0.0,0.0,0.0,28.0,33.8,17.9,28.9,-128.7,20.9,0.0,1.0,1.0,1.0,0.0,0.0,1.0,0.0,90.0,90.0,0
2025-04-11 10:50:50,21.33,5.349999,2.8,0.7,6.9,0.0,0.0,0.0,0.0,0.0,28.0,33.8,17.9,28.9,-128.7,20.8,0.0,1.0,1.0,1.0,0.0,0.0,1.0,0.0,90.0,90.0,0
2025-04-11 10:50:51,21.34,5.34,2.8,0.7,7.599999,0.0,0.0,0.0,0.0,0.0,28.0,33.8,17.9,28.9,-128.7,20.9,0.0,1.0,1.0,1.0,0.0,0.0,1.0,0.0,90.0,90.0,0
2025-04-11 10:50:52,21.33,5.349999,2.8,0.7,7.0,0.0,0.0,0.0,0.0,0.0,28.0,33.8,17.9,28.9,-128.7,20.8,0.0,1.0,1.0,1.0,0.0,0.0,1.0,0.0,90.0,90.0,0
2025-04-11 10:50:53,21.33,5.34,2.8,0.7,6.5,0.0,0.0,0.0,0.0,0.0,28.0,33.8,17.9,28.9,-128.7,20.9,0.0,1.0,1.0,1.0,0.0,0.0,1.0,0.0,90.0,90.0,0
2025-04-11 10:50:54,21.33,5.349999,2.8,0.7,6.8,0.0,0.0,0.0,0.0,0.0,28.0,33.8,17.9,28.9,-128.7,20.8,0.0,1.0,1.0,1.0,0.0,0.0,1.0,0.0,90.0,90.0,0
2025-04-11 10:50:55,21.35,5.34,2.8,0.7,7.099999,0.0,0.0,0.0,0.0,0.0,28.0,33.8,17.9,28.9,-128.7,20.9,0.0,1.0,1.0,1.0,0.0,0.0,1.0,0.0,90.0,90.0,0
2025-04-11 10:50:56,21.33,5.34,2.8,0.7,7.0,0.0,0.0,0.0,0.0,0.0,28.0,33.8,17.9,28.9,-128.7,20.9,0.0,1.0,1.0,1.0,0.0,0.0,1.0,0.0,90.0,90.0,0
2025-04-11 10:50:57,21.34,5.34,2.7,0.7,6.7,0.0,0.0,0.0,0.0,0.0,28.0,33.9,17.9,28.8,-128.7,20.8,0.0,1.0,1.0,1.0,0.0,0.0,1.0,0.0,90.0,90.0,0
2025-04-11 10:50:58,21.34,5.33,2.8,0.7,7.2,0.0,0.0,0.0,0.0,0.0,28.0,33.9,17.9,28.8,-128.7,20.8,0.0,1.0,1.0,1.0,0.0,0.0,1.0,0.0,90.0,90.0,0
2025-04-11 10:50:59,21.34,5.349999,2.7,0.7,6.7,0.0,0.0,0.0,0.0,0.0,28.0,33.9,17.8,28.8,-128.7,20.7,0.0,1.0,1.0,1.0,0.0,0.0,1.0,0.0,90.0,90.0,0
2025-04-11 10:51:00,21.33,5.33,2.8,0.7,6.3,0.0,0.0,0.0,0.0,0.0,28.0,33.9,17.8,28.8,-128.7,20.8,0.0,1.0,1.0,1.0,0.0,0.0,1.0,0.0,90.0,90.0,0
2025-04-11 10:51:01,21.33,5.349999,2.8,0.7,7.2,0.0,0.0,0.0,0.0,0.0,28.0,33.9,17.8,28.8,-128.7,20.7,0.0,1.0,1.0,1.0,0.0,0.0,1.0,0.0,90.0,90.0,0
2025-04-11 10:51:02,21.33,5.34,2.7,0.7,6.8,0.0,0.0,0.0,0.0,0.0,28.0,33.9,17.8,28.8,-128.7,20.8,0.0,1.0,1.0,1.0,0.0,0.0,1.0,0.0,90.0,90.0,0
2025-04-11 10:51:03,21.35,5.349999,2.7,0.7,6.599999,0.0,0.0,0.0,0.0,0.0,28.0,33.9,17.8,28.8,-128.7,20.7,0.0,1.0,1.0,1.0,0.0,0.0,1.0,0.0,90.0,90.0,0
2025-04-11 10:51:04,21.34,5.349999,2.8,0.7,7.099999,0.0,0.0,0.0,0.0,0.0,28.0,33.9,17.8,28.8,-128.7,20.8,0.0,1.0,1.0,1.0,0.0,0.0,1.0,0.0,90.0,90.0,0
2025-04-11 10:51:05,21.34,5.34,2.8,0.7,7.3,0.0,0.0,0.0,0.0,0.0,28.0,33.9,17.8,28.8,-128.7,20.7,0.0,1.0,1.0,1.0,0.0,0.0,1.0,0.0,90.0,90.0,0
2025-04-11 10:51:06,21.35,5.349999,2.8,0.7,7.3,0.0,0.0,0.0,0.0,0.0,28.0,33.9,17.8,28.8,-128.7,20.7,0.0,1.0,1.0,1.0,0.0,0.0,1.0,0.0,90.0,90.0,0
2025-04-11 10:51:07,21.36,5.34,2.8,0.7,6.8,0.0,0.0,0.0,0.0,0.0,28.0,33.9,17.8,28.8,-128.7,20.7,0.0,1.0,1.0,1.0,0.0,0.0,1.0,0.0,90.0,90.0,0
2025-04-11 10:51:08,21.35,5.36,2.8,0.7,7.3,0.0,0.0,0.0,0.0,0.0,28.0,33.9,17.8,28.8,-128.7,20.7,0.0,1.0,1.0,1.0,0.0,0.0,1.0,0.0,90.0,90.0,0
2025-04-11 10:51:09,21.36,5.34,2.8,0.7,6.8,0.0,0.0,0.0,0.0,0.0,28.0,33.9,17.8,28.8,-128.7,20.7,0.0,1.0,1.0,1.0,0.0,0.0,1.0,0.0,90.0,90.0,0
2025-04-11 10:51:10,21.36,5.36,2.8,0.7,6.7,0.0,0.0,0.0,0.0,0.0,28.0,33.9,17.8,28.8,-128.7,20.7,0.0,1.0,1.0,1.0,0.0,0.0,1.0,0.0,90.0,90.0,0
2025-04-11 10:51:11,21.35,5.349999,2.8,0.7,7.5,0.0,0.0,0.0,0.0,0.0,28.0,33.9,17.8,28.8,-128.7,20.7,0.0,1.0,1.0,1.0,0.0,0.0,1.0,0.0,90.0,90.0,0
2025-04-11 10:51:12,21.35,5.349999,2.8,0.7,7.099999,0.0,0.0,0.0,0.0,0.0,28.0,33.9,17.8,28.8,-128.7,20.7,0.0,1.0,1.0,1.0,0.0,0.0,1.0,0.0,90.0,90.0,0
2025-04-11 10:51:13,21.35,5.349999,2.7,0.7,7.0,0.0,0.0,0.0,0.0,0.0,28.0,33.9,17.8,28.8,-128.7,20.8,0.0,1.0,1.0,1.0,0.0,0.0,1.0,0.0,90.0,90.0,0
2025-04-11 10:51:14,21.33,5.349999,2.7,0.7,7.5,0.0,0.0,0.0,0.0,0.0,28.0,33.9,17.8,28.8,-128.7,20.7,0.0,1.0,1.0,1.0,0.0,0.0,1.0,0.0,90.0,90.0,0
2025-04-11 10:51:15,21.34,5.36,2.7,0.7,6.3,0.0,0.0,0.0,0.0,0.0,28.0,33.9,17.8,28.8,-128.7,20.7,0.0,1.0,1.0,1.0,0.0,0.0,1.0,0.0,90.0,90.0,0
2025-04-11 10:51:16,21.34,5.33,2.8,0.7,6.599999,0.0,0.0,0.0,0.0,0.0,28.0,33.9,17.8,28.8,-128.7,20.7,0.0,1.0,1.0,1.0,0.0,0.0,1.0,0.0,90.0,90.0,0
2025-04-11 10:51:17,21.35,5.349999,2.8,0.7,6.9,0.0,0.0,0.0,0.0,0.0,28.0,33.9,17.8,28.8,-128.7,20.7,0.0,1.0,1.0,1.0,0.0,0.0,1.0,0.0,90.0,90.0,0
2025-04-11 10:51:18,21.35,5.34,2.8,0.7,7.0,0.0,0.0,0.0,0.0,0.0,28.0,33.9,17.8,28.8,-128.7,20.8,0.0,1.0,1.0,1.0,0.0,0.0,1.0,0.0,90.0,90.0,0
2025-04-11 10:51:19,21.35,5.36,2.8,0.7,7.099999,0.0,0.0,0.0,0.0,0.0,28.0,33.9,17.8,28.8,-128.7,20.7,0.0,1.0,1.0,1.0,0.0,0.0,1.0,0.0,90.0,90.0,0
2025-04-11 10:51:20,21.34,5.349999,2.8,0.7,6.4,0.0,0.0,0.0,0.0,0.0,28.0,33.9,17.8,28.8,-128.7,20.7,0.0,1.0,1.0,1.0,0.0,0.0,1.0,0.0,90.0,90.0,0
2025-04-11 10:51:21,21.33,5.36,2.8,0.7,6.9,0.0,0.0,0.0,0.0,0.0,28.0,33.9,17.8,28.8,-128.7,20.7,0.0,1.0,1.0,1.0,0.0,0.0,1.0,0.0,90.0,90.0,0
2025-04-11 10:51:22,21.35,5.36,2.8,0.7,7.2,0.0,0.0,0.0,0.0,0.0,28.0,33.9,17.8,28.8,-128.7,20.8,0.0,1.0,1.0,1.0,0.0,0.0,1.0,0.0,90.0,90.0,0
2025-04-11 10:51:23,21.34,5.34,2.8,0.7,7.4,0.0,0.0,0.0,0.0,0.0,28.0,33.9,17.8,28.8,-128.7,20.7,0.0,1.0,1.0,1.0,0.0,0.0,1.0,0.0,90.0,90.0,0
2025-04-11 10:51:24,21.33,5.36,2.8,0.7,6.9,0.0,0.0,0.0,0.0,0.0,28.0,33.9,17.8,28.8,-128.7,20.7,0.0,1.0,1.0,1.0,0.0,0.0,1.0,0.0,90.0,90.0,0
2025-04-11 10:51:25,21.34,5.34,2.8,0.7,7.5,0.0,0.0,0.0,0.0,0.0,28.0,33.9,17.8,28.8,-128.7,20.7,0.0,1.0,1.0,1.0,0.0,0.0,1.0,0.0,90.0,90.0,0
2025-04-11 10:51:26,21.35,5.36,2.8,0.7,7.599999,0.0,0.0,0.0,0.0,0.0,28.0,33.9,17.8,28.8,-128.7,20.7,0.0,1.0,1.0,1.0,0.0,0.0,1.0,0.0,90.0,90.0,0
2025-04-11 10:51:27,21.34,5.34,2.8,0.7,6.7,0.0,0.0,0.0,0.0,0.0,28.0,33.9,17.8,28.8,-128.7,20.7,0.0,1.0,1.0,1.0,0.0,0.0,1.0,0.0,90.0,90.0,0
2025-04-11 10:51:28,21.35,5.36,2.8,0.7,6.8,0.0,0.0,0.0,0.0,0.0,28.0,33.9,17.8,28.8,-128.7,20.7,0.0,1.0,1.0,1.0,0.0,0.0,1.0,0.0,90.0,90.0,0
2025-04-11 10:51:29,21.34,5.36,2.8,0.7,7.2,0.0,0.0,0.0,0.0,0.0,28.0,33.9,17.8,28.8,-128.7,20.7,0.0,1.0,1.0,1.0,0.0,0.0,1.0,0.0,90.0,90.0,0
2025-04-11 10:51:30,21.35,5.36,2.8,0.7,7.3,0.0,0.0,0.0,0.0,0.0,28.0,33.9,17.8,28.8,-128.7,20.7,0.0,1.0,1.0,1.0,0.0,0.0,1.0,0.0,90.0,90.0,0
2025-04-11 10:51:31,21.34,5.36,2.8,0.7,6.7,0.0,0.0,0.0,0.0,0.0,28.0,33.9,17.8,28.8,-128.7,20.7,0.0,1.0,1.0,1.0,0.0,0.0,1.0,0.0,90.0,90.0,0
2025-04-11 10:51:32,21.34,5.34,2.8,0.7,6.5,0.0,0.0,0.0,0.0,0.0,28.0,33.9,17.8,28.8,-128.7,20.7,0.0,1.0,1.0,1.0,0.0,0.0,1.0,0.0,90.0,90.0,0
2025-04-11 10:51:33,21.33,5.36,2.8,0.7,6.599999,0.0,0.0,0.0,0.0,0.0,28.0,33.9,17.8,28.8,-128.7,20.7,0.0,1.0,1.0,1.0,0.0,0.0,1.0,0.0,90.0,90.0,0
2025-04-11 10:51:34,21.31,5.349999,2.8,0.7,6.9,0.0,0.0,0.0,0.0,0.0,28.0,33.9,17.8,28.7,-128.7,20.6,0.0,1.0,1.0,1.0,0.0,0.0,1.0,0.0,90.0,90.0,0
2025-04-11 10:51:35,21.35,5.36,2.8,0.7,7.099999,0.0,0.0,0.0,0.0,0.0,28.0,33.9,17.8,28.7,-128.7,20.6,0.0,1.0,1.0,1.0,0.0,0.0,1.0,0.0,90.0,90.0,0
2025-04-11 10:51:36,21.33,5.349999,2.8,0.7,6.9,0.0,0.0,0.0,0.0,0.0,28.0,33.9,17.8,28.7,-128.7,20.6,0.0,1.0,1.0,1.0,0.0,0.0,1.0,0.0,90.0,90.0,0
2025-04-11 10:51:37,21.33,5.36,2.8,0.7,7.3,0.0,0.0,0.0,0.0,0.0,28.0,33.9,17.8,28.7,-128.7,20.6,0.0,1.0,1.0,1.0,0.0,0.0,1.0,0.0,90.0,90.0,0
2025-04-11 10:51:38,21.33,5.36,2.8,0.7,7.3,0.0,0.0,0.0,0.0,0.0,28.0,33.9,17.8,28.7,-128.7,20.6,0.0,1.0,1.0,1.0,0.0,0.0,1.0,0.0,90.0,90.0,0
2025-04-11 10:51:39,21.33,5.349999,2.8,0.7,6.3,0.0,0.0,0.0,0.0,0.0,28.0,33.9,17.8,28.7,-128.7,20.6,0.0,1.0,1.0,1.0,0.0,0.0,1.0,0.0,90.0,90.0,0
2025-04-11 10:51:40,21.31,5.36,2.8,0.7,6.5,0.0,0.0,0.0,0.0,0.0,28.0,33.9,17.8,28.7,-128.7,20.6,0.0,1.0,1.0,1.0,0.0,0.0,1.0,0.0,90.0,90.0,0
2025-04-11 10:51:41,21.33,5.349999,2.8,0.7,7.3,0.0,0.0,0.0,0.0,0.0,28.0,33.9,17.8,28.7,-128.7,20.6,0.0,1.0,1.0,1.0,0.0,0.0,1.0,0.0,90.0,90.0,0
2025-04-11 10:51:42,21.34,5.36,2.8,0.7,6.3,0.0,0.0,0.0,0.0,0.0,28.0,33.9,17.8,28.7,-128.7,20.6,0.0,1.0,1.0,1.0,0.0,0.0,1.0,0.0,90.0,90.0,0
2025-04-11 10:51:43,21.31,5.34,2.8,0.7,6.8,0.0,0.0,0.0,0.0,0.0,28.0,33.9,17.8,28.7,-128.7,20.6,0.0,1.0,1.0,1.0,0.0,0.0,1.0,0.0,90.0,90.0,0
2025-04-11 10:51:44,21.35,5.349999,2.8,0.7,7.3,0.0,0.0,0.0,0.0,0.0,28.0,33.9,17.8,28.7,-128.7,20.6,0.0,1.0,1.0,1.0,0.0,0.0,1.0,0.0,90.0,90.0,0
2025-04-11 10:51:45,21.33,5.349999,2.8,0.7,6.9,0.0,0.0,0.0,0.0,0.0,28.0,33.9,17.8,28.7,-128.7,20.6,0.0,1.0,1.0,1.0,0.0,0.0,1.0,0.0,90.0,90.0,0
2025-04-11 10:51:46,21.33,5.34,2.8,0.7,6.599999,0.0,0.0,0.0,0.0,0.0,28.0,33.9,17.8,28.7,-128.7,20.6,0.0,1.0,1.0,1.0,0.0,0.0,1.0,0.0,90.0,90.0,0
2025-04-11 10:51:47,21.34,5.349999,2.8,0.7,7.0,0.0,0.0,0.0,0.0,0.0,28.0,33.9,17.8,28.7,-128.7,20.6,0.0,1.0,1.0,1.0,0.0,0.0,1.0,0.0,90.0,90.0,0
2025-04-11 10:51:48,21.33,5.34,2.8,0.7,6.9,0.0,0.0,0.0,0.0,0.0,28.0,33.9,17.8,28.7,-128.7,20.7,0.0,1.0,1.0,1.0,0.0,0.0,1.0,0.0,90.0,90.0,0
2025-04-11 10:51:49,21.33,5.349999,2.8,0.7,6.8,0.0,0.0,0.0,0.0,0.0,28.0,33.9,17.8,28.7,-128.7,20.6,0.0,1.0,1.0,1.0,0.0,0.0,1.0,0.0,90.0,90.0,0
2025-04-11 10:51:50,21.33,5.34,2.8,0.7,6.3,0.0,0.0,0.0,0.0,0.0,28.0,33.9,17.8,28.7,-128.7,20.6,0.0,1.0,1.0,1.0,0.0,0.0,1.0,0.0,90.0,90.0,0
2025-04-11 10:51:51,21.33,5.34,2.8,0.7,7.0,0.0,0.0,0.0,0.0,0.0,28.0,33.9,17.8,28.7,-128.7,20.6,0.0,1.0,1.0,1.0,0.0,0.0,1.0,0.0,90.0,90.0,0
2025-04-11 10:51:52,21.33,5.349999,2.8,0.7,7.4,0.0,0.0,0.0,0.0,0.0,28.0,33.9,17.8,28.7,-128.7,20.6,0.0,1.0,1.0,1.0,0.0,0.0,1.0,0.0,90.0,90.0,0
2025-04-11 10:51:53,21.33,5.34,2.8,0.7,7.099999,0.0,0.0,0.0,0.0,0.0,28.0,33.9,17.8,28.7,-128.7,20.7,0.0,1.0,1.0,1.0,0.0,0.0,1.0,0.0,90.0,90.0,0
2025-04-11 10:51:54,21.33,5.349999,2.8,0.7,7.7,0.0,0.0,0.0,0.0,0.0,28.0,33.9,17.8,28.7,-128.7,20.6,0.0,1.0,1.0,1.0,0.0,0.0,1.0,0.0,90.0,90.0,0
2025-04-11 10:51:55,21.31,5.34,2.8,0.7,6.599999,0.0,0.0,0.0,0.0,0.0,28.0,33.9,17.8,28.7,-128.7,20.7,0.0,1.0,1.0,1.0,0.0,0.0,1.0,0.0,90.0,90.0,0
2025-04-11 10:51:56,21.3,5.34,2.8,0.7,6.3,0.0,0.0,0.0,0.0,0.0,28.0,33.9,17.8,28.7,-128.7,20.6,0.0,1.0,1.0,1.0,0.0,0.0,1.0,0.0,90.0,90.0,0
2025-04-11 10:51:57,21.34,5.349999,2.8,0.7,7.099999,0.0,0.0,0.0,0.0,0.0,28.0,33.9,17.8,28.7,-128.7,20.7,0.0,1.0,1.0,1.0,0.0,0.0,1.0,0.0,90.0,90.0,0
2025-04-11 10:51:58,21.3,5.33,2.8,0.7,6.3,0.0,0.0,0.0,0.0,0.0,28.0,33.9,17.8,28.7,-128.7,20.6,0.0,1.0,1.0,1.0,0.0,0.0,1.0,0.0,90.0,90.0,0
2025-04-11 10:51:59,21.31,5.349999,2.8,0.7,6.4,0.0,0.0,0.0,0.0,0.0,28.0,33.9,17.8,28.7,-128.7,20.6,0.0,1.0,1.0,1.0,0.0,0.0,1.0,0.0,90.0,90.0,0
2025-04-11 10:52:00,21.3,5.33,2.8,0.7,6.599999,0.0,0.0,0.0,0.0,0.0,28.0,33.9,17.8,28.7,-128.7,20.7,0.0,1.0,1.0,1.0,0.0,0.0,1.0,0.0,90.0,90.0,0
2025-04-11 10:52:01,21.33,5.34,2.8,0.7,6.9,0.0,0.0,0.0,0.0,0.0,28.0,33.9,17.8,28.7,-128.7,20.6,0.0,1.0,1.0,1.0,0.0,0.0,1.0,0.0,90.0,90.0,0
2025-04-11 10:52:02,21.33,5.33,2.8,0.7,6.8,0.0,0.0,0.0,0.0,0.0,28.0,33.9,17.8,28.7,-128.7,20.7,0.0,1.0,1.0,1.0,0.0,0.0,1.0,0.0,90.0,90.0,0
2025-04-11 10:52:03,21.31,5.34,2.8,0.7,6.8,0.0,0.0,0.0,0.0,0.0,28.0,33.9,17.8,28.7,-128.7,20.6,0.0,1.0,1.0,1.0,0.0,0.0,1.0,0.0,90.0,90.0,0
2025-04-11 10:52:04,21.33,5.349999,2.7,0.7,6.9,0.0,0.0,0.0,0.0,0.0,28.0,33.9,17.8,28.7,-128.7,20.7,0.0,1.0,1.0,1.0,0.0,0.0,1.0,0.0,90.0,90.0,0
2025-04-11 10:52:05,21.34,5.34,2.8,0.7,7.4,0.0,0.0,0.0,0.0,0.0,28.0,33.9,17.8,28.7,-128.7,20.6,0.0,1.0,1.0,1.0,0.0,0.0,1.0,0.0,90.0,90.0,0
2025-04-11 10:52:06,21.33,5.349999,2.8,0.7,7.3,0.0,0.0,0.0,0.0,0.0,28.0,34.0,17.8,28.7,-128.7,20.6,0.0,1.0,1.0,1.0,0.0,0.0,1.0,0.0,90.0,90.0,0
2025-04-11 10:52:07,21.34,5.33,2.8,0.7,7.099999,0.0,0.0,0.0,0.0,0.0,28.0,34.0,17.8,28.7,-128.7,20.7,0.0,1.0,1.0,1.0,0.0,0.0,1.0,0.0,90.0,90.0,0
2025-04-11 10:52:08,21.33,5.349999,2.8,0.7,6.9,0.0,0.0,0.0,0.0,0.0,28.0,34.0,17.8,28.7,-128.7,20.6,0.0,1.0,1.0,1.0,0.0,0.0,1.0,0.0,90.0,90.0,0
2025-04-11 10:52:09,21.31,5.34,2.8,0.7,6.8,0.0,0.0,0.0,0.0,0.0,28.0,34.0,17.8,28.7,-128.7,20.7,0.0,1.0,1.0,1.0,0.0,0.0,1.0,0.0,90.0,90.0,0
2025-04-11 10:52:10,21.34,5.33,2.8,0.7,7.2,0.0,0.0,0.0,0.0,0.0,28.0,34.0,17.8,28.7,-128.7,20.7,0.0,1.0,1.0,1.0,0.0,0.0,1.0,0.0,90.0,90.0,0
2025-04-11 10:52:11,21.31,5.349999,2.8,0.7,7.0,0.0,0.0,0.0,0.0,0.0,27.9,34.0,17.8,28.7,-128.7,20.6,0.0,1.0,1.0,1.0,0.0,0.0,1.0,0.0,90.0,90.0,0
2025-04-11 10:52:12,21.3,5.33,2.8,0.7,6.2,0.0,0.0,0.0,0.0,0.0,27.9,34.0,17.8,28.7,-128.7,20.7,0.0,1.0,1.0,1.0,0.0,0.0,1.0,0.0,90.0,90.0,0
2025-04-11 10:52:13,21.3,5.34,2.8,0.7,6.7,0.0,0.0,0.0,0.0,0.0,27.9,33.9,17.8,28.7,-128.7,20.6,0.0,1.0,1.0,1.0,0.0,0.0,1.0,0.0,90.0,90.0,0
2025-04-11 10:52:14,21.31,5.34,2.8,0.7,7.3,0.0,0.0,0.0,0.0,0.0,27.9,33.9,17.9,28.7,-128.7,20.7,0.0,1.0,1.0,1.0,0.0,0.0,1.0,0.0,90.0,90.0,0
2025-04-11 10:52:15,21.31,5.33,2.8,0.7,6.9,0.0,0.0,0.0,0.0,0.0,27.9,33.9,17.9,28.7,-128.7,20.6,0.0,1.0,1.0,1.0,0.0,0.0,1.0,0.0,90.0,90.0,0
2025-04-11 10:52:16,21.31,5.349999,2.8,0.7,6.599999,0.0,0.0,0.0,0.0,0.0,27.9,33.9,17.9,28.7,-128.7,20.6,0.0,1.0,1.0,1.0,0.0,0.0,1.0,0.0,90.0,90.0,0
2025-04-11 10:52:17,21.33,5.34,2.8,0.7,7.2,0.0,0.0,0.0,0.0,0.0,27.9,33.9,17.8,28.7,-128.7,20.7,0.0,1.0,1.0,1.0,0.0,0.0,1.0,0.0,90.0,90.0,0
2025-04-11 10:52:18,21.31,5.349999,2.8,0.7,6.4,0.0,0.0,0.0,0.0,0.0,27.9,33.9,17.8,28.7,-128.7,20.6,0.0,1.0,1.0,1.0,0.0,0.0,1.0,0.0,90.0,90.0,0
2025-04-11 10:52:19,21.31,5.34,2.8,0.7,6.599999,0.0,0.0,0.0,0.0,0.0,27.9,33.9,17.8,28.7,-128.7,20.7,0.0,1.0,1.0,1.0,0.0,0.0,1.0,0.0,90.0,90.0,0
2025-04-11 10:52:20,21.34,5.34,2.8,0.7,7.099999,0.0,0.0,0.0,0.0,0.0,27.9,33.9,17.8,28.7,-128.7,20.6,0.0,1.0,1.0,1.0,0.0,0.0,1.0,0.0,90.0,90.0,0
2025-04-11 10:52:21,21.31,5.349999,2.8,0.7,6.9,0.0,0.0,0.0,0.0,0.0,27.9,33.9,17.8,28.7,-128.7,20.7,0.0,1.0,1.0,1.0,0.0,0.0,1.0,0.0,90.0,90.0,0
2025-04-11 10:52:22,21.3,5.34,2.8,0.7,6.5,0.0,0.0,0.0,0.0,0.0,27.9,33.9,17.8,28.7,-128.7,20.6,0.0,1.0,1.0,1.0,0.0,0.0,1.0,0.0,90.0,90.0,0
2025-04-11 10:52:23,21.31,5.349999,2.8,0.7,7.0,0.0,0.0,0.0,0.0,0.0,27.9,33.9,17.9,28.7,-128.7,20.6,0.0,1.0,1.0,1.0,0.0,0.0,1.0,0.0,90.0,90.0,0
2025-04-11 10:52:24,21.31,5.34,2.8,0.7,6.7,0.0,0.0,0.0,0.0,0.0,27.9,33.9,17.9,28.7,-128.7,20.7,0.0,1.0,1.0,1.0,0.0,0.0,1.0,0.0,90.0,90.0,0
2025-04-11 10:52:25,21.31,5.36,2.8,0.7,6.9,0.0,0.0,0.0,0.0,0.0,27.9,33.9,17.9,28.7,-128.7,20.6,0.0,1.0,1.0,1.0,0.0,0.0,1.0,0.0,90.0,90.0,0
2025-04-11 10:52:26,21.31,5.34,2.8,0.7,7.2,0.0,0.0,0.0,0.0,0.0,27.9,33.9,17.9,28.7,-128.7,20.7,0.0,1.0,1.0,1.0,0.0,0.0,1.0,0.0,90.0,90.0,0
2025-04-11 10:52:27,21.31,5.349999,2.7,0.7,6.8,0.0,0.0,0.0,0.0,0.0,27.9,33.9,17.9,28.7,-128.7,20.6,0.0,1.0,1.0,1.0,0.0,0.0,1.0,0.0,90.0,90.0,0
2025-04-11 10:52:28,21.31,5.349999,2.8,0.7,6.5,0.0,0.0,0.0,0.0,0.0,27.9,33.9,17.9,28.7,-128.7,20.7,0.0,1.0,1.0,1.0,0.0,0.0,1.0,0.0,90.0,90.0,0
2025-04-11 10:52:29,21.33,5.34,2.8,0.7,6.9,0.0,0.0,0.0,0.0,0.0,27.9,33.9,17.9,28.7,-128.7,20.6,0.0,1.0,1.0,1.0,0.0,0.0,1.0,0.0,90.0,90.0,0
2025-04-11 10:52:30,21.31,5.36,2.8,0.7,7.0,0.0,0.0,0.0,0.0,0.0,27.9,33.9,17.9,28.7,-128.7,20.7,0.0,1.0,1.0,1.0,0.0,0.0,1.0,0.0,90.0,90.0,0
2025-04-11 10:52:31,21.3,5.34,2.8,0.7,6.5,0.0,0.0,0.0,0.0,0.0,27.9,33.9,17.9,28.7,-128.7,20.7,0.0,1.0,1.0,1.0,0.0,0.0,1.0,0.0,90.0,90.0,0
2025-04-11 10:52:32,21.3,5.36,2.8,0.7,6.8,0.0,0.0,0.0,0.0,0.0,27.9,33.9,17.9,28.7,-128.7,20.6,0.0,1.0,1.0,1.0,0.0,0.0,1.0,0.0,90.0,90.0,0
2025-04-11 10:52:33,21.31,5.34,2.8,0.7,6.9,0.0,0.0,0.0,0.0,0.0,27.9,33.9,17.9,28.7,-128.7,20.6,0.0,1.0,1.0,1.0,0.0,0.0,1.0,0.0,90.0,90.0,0
2025-04-11 10:52:34,21.31,5.36,2.8,0.7,7.099999,0.0,0.0,0.0,0.0,0.0,27.9,33.9,17.9,28.7,-128.7,20.6,0.0,1.0,1.0,1.0,0.0,0.0,1.0,0.0,90.0,90.0,0
2025-04-11 10:52:35,21.3,5.349999,2.8,0.7,6.599999,0.0,0.0,0.0,0.0,0.0,27.9,33.9,17.9,28.7,-128.7,20.6,0.0,1.0,1.0,1.0,0.0,0.0,1.0,0.0,90.0,90.0,0
2025-04-11 10:52:36,21.31,5.349999,2.8,0.7,6.9,0.0,0.0,0.0,0.0,0.0,27.9,33.9,18.0,28.7,-128.7,20.6,0.0,1.0,1.0,1.0,0.0,0.0,1.0,0.0,90.0,90.0,0
2025-04-11 10:52:37,21.31,5.36,2.8,0.7,6.7,0.0,0.0,0.0,0.0,0.0,27.9,33.9,18.0,28.7,-128.7,20.6,0.0,1.0,1.0,1.0,0.0,0.0,1.0,0.0,90.0,90.0,0
2025-04-11 10:52:38,21.31,5.349999,2.8,0.7,6.7,0.0,0.0,0.0,0.0,0.0,27.9,33.9,18.0,28.7,-128.7,20.6,0.0,1.0,1.0,1.0,0.0,0.0,1.0,0.0,90.0,90.0,0
2025-04-11 10:52:39,21.33,5.36,2.8,0.7,7.2,0.0,0.0,0.0,0.0,0.0,27.9,33.9,18.0,28.7,-128.7,20.6,0.0,1.0,1.0,1.0,0.0,0.0,1.0,0.0,90.0,90.0,0
2025-04-11 10:52:40,21.33,5.36,2.8,0.7,6.5,0.0,0.0,0.0,0.0,0.0,27.9,33.9,18.0,28.7,-128.7,20.6,0.0,1.0,1.0,1.0,0.0,0.0,1.0,0.0,90.0,90.0,0
2025-04-11 10:52:41,21.33,5.349999,2.8,0.7,6.9,0.0,0.0,0.0,0.0,0.0,27.9,33.9,18.0,28.7,-128.7,20.6,0.0,1.0,1.0,1.0,0.0,0.0,1.0,0.0,90.0,90.0,0
2025-04-11 10:52:42,21.33,5.349999,2.8,0.7,6.8,0.0,0.0,0.0,0.0,0.0,27.9,33.9,18.0,28.7,-128.7,20.6,0.0,1.0,1.0,1.0,0.0,0.0,1.0,0.0,90.0,90.0,0
2025-04-11 10:52:43,21.33,5.36,2.8,0.7,6.7,0.0,0.0,0.0,0.0,0.0,27.9,33.9,18.0,28.7,-128.7,20.6,0.0,1.0,1.0,1.0,0.0,0.0,1.0,0.0,90.0,90.0,0
2025-04-11 10:52:44,21.3,5.36,2.8,0.7,7.099999,0.0,0.0,0.0,0.0,0.0,27.9,33.9,18.0,28.7,-128.7,20.6,0.0,1.0,1.0,1.0,0.0,0.0,1.0,0.0,90.0,90.0,0
2025-04-11 10:52:45,21.3,5.349999,2.8,0.7,6.8,0.0,0.0,0.0,0.0,0.0,27.9,33.9,18.1,28.7,-128.7,20.6,0.0,1.0,1.0,1.0,0.0,0.0,1.0,0.0,90.0,90.0,0
2025-04-11 10:52:46,21.3,5.349999,2.8,0.7,6.599999,0.0,0.0,0.0,0.0,0.0,27.9,33.9,18.1,28.7,-128.7,20.6,0.0,1.0,1.0,1.0,0.0,0.0,1.0,0.0,90.0,90.0,0
2025-04-11 10:52:47,21.3,5.349999,2.8,0.7,7.3,0.0,0.0,0.0,0.0,0.0,27.9,33.9,18.1,28.7,-128.7,20.6,0.0,1.0,1.0,1.0,0.0,0.0,1.0,0.0,90.0,90.0,0
2025-04-11 10:52:48,21.3,5.349999,2.8,0.7,6.9,0.0,0.0,0.0,0.0,0.0,27.9,33.9,18.1,28.7,-128.7,20.6,0.0,1.0,1.0,1.0,0.0,0.0,1.0,0.0,90.0,90.0,0
2025-04-11 10:52:49,21.3,5.36,2.8,0.7,6.7,0.0,0.0,0.0,0.0,0.0,27.9,33.9,18.1,28.7,-128.7,20.6,0.0,1.0,1.0,1.0,0.0,0.0,1.0,0.0,90.0,90.0,0
2025-04-11 10:52:50,21.3,5.349999,2.8,0.7,7.0,0.0,0.0,0.0,0.0,0.0,27.9,33.9,18.1,28.7,-128.7,20.6,0.0,1.0,1.0,1.0,0.0,0.0,1.0,0.0,90.0,90.0,0
2025-04-11 10:52:51,21.31,5.36,2.8,0.7,6.8,0.0,0.0,0.0,0.0,0.0,27.9,33.9,18.1,28.7,-128.7,20.6,0.0,1.0,1.0,1.0,0.0,0.0,1.0,0.0,90.0,90.0,0
2025-04-11 10:52:52,21.31,5.349999,2.8,0.7,6.7,0.0,0.0,0.0,0.0,0.0,27.9,33.9,18.1,28.7,-128.7,20.7,0.0,1.0,1.0,1.0,0.0,0.0,1.0,0.0,90.0,90.0,0
2025-04-11 10:52:53,21.3,5.36,2.8,0.7,6.9,0.0,0.0,0.0,0.0,0.0,27.9,33.9,18.1,28.7,-128.7,20.6,0.0,1.0,1.0,1.0,0.0,0.0,1.0,0.0,90.0,90.0,0
2025-04-11 10:52:54,21.33,5.349999,2.8,0.7,6.8,0.0,0.0,0.0,0.0,0.0,27.9,33.9,18.1,28.7,-128.7,20.7,0.0,1.0,1.0,1.0,0.0,0.0,1.0,0.0,90.0,90.0,0
2025-04-11 10:52:55,21.3,5.349999,2.8,0.7,7.2,0.0,0.0,0.0,0.0,0.0,27.9,33.9,18.1,28.7,-128.7,20.6,0.0,1.0,1.0,1.0,0.0,0.0,1.0,0.0,90.0,90.0,0
2025-04-11 10:52:56,21.29,5.36,2.8,0.7,6.9,0.0,0.0,0.0,0.0,0.0,27.9,33.9,18.1,28.8,-128.7,20.7,0.0,1.0,1.0,1.0,0.0,0.0,1.0,0.0,90.0,90.0,0
2025-04-11 10:52:57,21.3,5.34,2.8,0.7,7.0,0.0,0.0,0.0,0.0,0.0,27.9,33.9,18.2,28.8,-128.7,20.8,0.0,1.0,1.0,1.0,0.0,0.0,1.0,0.0,90.0,90.0,0
2025-04-11 10:52:58,21.3,5.349999,2.8,0.7,7.2,0.0,0.0,0.0,0.0,0.0,27.9,33.9,18.2,28.8,-128.7,20.7,0.0,1.0,1.0,1.0,0.0,0.0,1.0,0.0,90.0,90.0,0
2025-04-11 10:52:59,21.3,5.349999,2.8,0.7,6.5,0.0,0.0,0.0,0.0,0.0,27.9,33.9,18.2,28.8,-128.7,20.8,0.0,1.0,1.0,1.0,0.0,0.0,1.0,0.0,90.0,90.0,0
2025-04-11 10:53:00,21.3,5.36,2.8,0.7,7.0,0.0,0.0,0.0,0.0,0.0,27.9,33.9,18.2,28.8,-128.7,20.7,0.0,1.0,1.0,1.0,0.0,0.0,1.0,0.0,90.0,90.0,0
2025-04-11 10:53:01,21.3,5.33,2.8,0.7,6.9,0.0,0.0,0.0,0.0,0.0,27.9,33.9,18.2,28.8,-128.7,20.8,0.0,1.0,1.0,1.0,0.0,0.0,1.0,0.0,90.0,90.0,0
2025-04-11 10:53:02,21.28,5.349999,2.8,0.7,6.9,0.0,0.0,0.0,0.0,0.0,27.9,33.9,18.3,28.8,-128.7,20.7,0.0,1.0,1.0,1.0,0.0,0.0,1.0,0.0,90.0,90.0,0
2025-04-11 10:53:03,21.31,5.34,2.8,0.7,7.2,0.0,0.0,0.0,0.0,0.0,27.9,33.9,18.3,28.8,-128.7,20.8,0.0,1.0,1.0,1.0,0.0,0.0,1.0,0.0,90.0,90.0,0
2025-04-11 10:53:04,21.29,5.349999,2.8,0.7,6.5,0.0,0.0,0.0,0.0,0.0,27.9,34.0,18.3,28.8,-128.7,20.7,0.0,1.0,1.0,1.0,0.0,0.0,1.0,0.0,90.0,90.0,0
2025-04-11 10:53:05,21.3,5.349999,2.8,0.7,6.8,0.0,0.0,0.0,0.0,0.0,27.9,34.0,18.3,28.8,-128.7,20.7,0.0,1.0,1.0,1.0,0.0,0.0,1.0,0.0,90.0,90.0,0
2025-04-11 10:53:06,21.29,5.349999,2.8,0.7,6.8,0.0,0.0,0.0,0.0,0.0,27.9,34.0,18.3,28.8,-128.7,20.7,0.0,1.0,1.0,1.0,0.0,0.0,1.0,0.0,90.0,90.0,0
2025-04-11 10:53:07,21.3,5.349999,2.7,0.7,6.599999,0.0,0.0,0.0,0.0,0.0,28.0,34.0,18.3,28.8,-128.7,20.7,0.0,1.0,1.0,1.0,0.0,0.0,1.0,0.0,90.0,90.0,0
2025-04-11 10:53:08,21.3,5.349999,2.8,0.7,7.0,0.0,0.0,0.0,0.0,0.0,28.0,34.0,18.3,28.8,-128.7,20.7,0.0,1.0,1.0,1.0,0.0,0.0,1.0,0.0,90.0,90.0,0
2025-04-11 10:53:09,21.3,5.36,2.7,0.7,7.2,0.0,0.0,0.0,0.0,0.0,28.0,34.0,18.3,28.8,-128.7,20.7,0.0,1.0,1.0,1.0,0.0,0.0,1.0,0.0,90.0,90.0,0
2025-04-11 10:53:10,21.3,5.34,2.8,0.7,6.9,0.0,0.0,0.0,0.0,0.0,28.0,34.0,18.3,28.8,-128.7,20.8,0.0,1.0,1.0,1.0,0.0,0.0,1.0,0.0,90.0,90.0,0
2025-04-11 10:53:11,21.3,5.349999,2.8,0.7,6.7,0.0,0.0,0.0,0.0,0.0,28.0,34.0,18.3,28.8,-128.7,20.7,0.0,1.0,1.0,1.0,0.0,0.0,1.0,0.0,90.0,90.0,0
2025-04-11 10:53:12,21.3,5.349999,2.8,0.7,6.9,0.0,0.0,0.0,0.0,0.0,28.0,34.0,18.4,28.8,-128.7,20.8,0.0,1.0,1.0,1.0,0.0,0.0,1.0,0.0,90.0,90.0,0
2025-04-11 10:53:13,21.29,5.349999,2.8,0.7,6.7,0.0,0.0,0.0,0.0,0.0,28.0,34.0,18.4,28.8,-128.7,20.7,0.0,1.0,1.0,1.0,0.0,0.0,1.0,0.0,90.0,90.0,0
2025-04-11 10:53:14,21.3,5.349999,2.8,0.7,6.9,0.0,0.0,0.0,0.0,0.0,28.0,34.0,18.4,28.8,-128.7,20.8,0.0,1.0,1.0,1.0,0.0,0.0,1.0,0.0,90.0,90.0,0
2025-04-11 10:53:15,21.31,5.349999,2.8,0.7,7.5,0.0,0.0,0.0,0.0,0.0,28.0,34.0,18.4,28.8,-128.7,20.7,0.0,1.0,1.0,1.0,0.0,0.0,1.0,0.0,90.0,90.0,0
2025-04-11 10:53:16,21.3,5.36,2.8,0.7,7.0,0.0,0.0,0.0,0.0,0.0,28.0,34.0,18.4,28.8,-128.7,20.7,0.0,1.0,1.0,1.0,0.0,0.0,1.0,0.0,90.0,90.0,0
2025-04-11 10:53:17,21.31,5.349999,2.8,0.7,7.099999,0.0,0.0,0.0,0.0,0.0,28.0,34.0,18.5,28.8,-128.7,20.7,0.0,1.0,1.0,1.0,0.0,0.0,1.0,0.0,90.0,90.0,0
2025-04-11 10:53:18,21.31,5.36,2.7,0.7,7.5,0.0,0.0,0.0,0.0,0.0,28.0,34.0,18.5,28.8,-128.7,20.7,0.0,1.0,1.0,1.0,0.0,0.0,1.0,0.0,90.0,90.0,0
2025-04-11 10:53:19,21.31,5.349999,2.8,0.7,7.3,0.0,0.0,0.0,0.0,0.0,28.0,34.0,18.5,28.8,-128.7,20.8,0.0,1.0,1.0,1.0,0.0,0.0,1.0,0.0,90.0,90.0,0
2025-04-11 10:53:20,21.31,5.36,2.8,0.7,7.099999,0.0,0.0,0.0,0.0,0.0,28.0,34.0,18.5,28.8,-128.7,20.7,0.0,1.0,1.0,1.0,0.0,0.0,1.0,0.0,90.0,90.0,0
2025-04-11 10:53:21,21.33,5.36,2.8,0.7,7.4,0.0,0.0,0.0,0.0,0.0,28.0,34.0,18.5,28.8,-128.7,20.7,0.0,1.0,1.0,1.0,0.0,0.0,1.0,0.0,90.0,90.0,0
2025-04-11 10:53:22,21.31,5.36,2.8,0.7,7.0,0.0,0.0,0.0,0.0,0.0,28.0,34.0,18.5,28.8,-128.7,20.7,0.0,1.0,1.0,1.0,0.0,0.0,1.0,0.0,90.0,90.0,0
2025-04-11 10:53:23,21.33,5.36,2.8,0.7,7.3,0.0,0.0,0.0,0.0,0.0,28.0,34.0,18.6,28.8,-128.7,20.7,0.0,1.0,1.0,1.0,0.0,0.0,1.0,0.0,90.0,90.0,0
2025-04-11 10:53:24,21.33,5.36,2.8,0.7,7.5,0.0,0.0,0.0,0.0,0.0,28.0,34.0,18.6,28.8,-128.7,20.7,0.0,1.0,1.0,1.0,0.0,0.0,1.0,0.0,90.0,90.0,0
2025-04-11 10:53:25,21.33,5.36,2.8,0.7,6.7,0.0,0.0,0.0,0.0,0.0,28.0,34.0,18.6,28.8,-128.7,20.7,0.0,1.0,1.0,1.0,0.0,0.0,1.0,0.0,90.0,90.0,0
2025-04-11 10:53:26,21.34,5.36,2.7,0.7,7.2,0.0,0.0,0.0,0.0,0.0,28.0,34.0,18.6,28.8,-128.7,20.7,0.0,1.0,1.0,1.0,0.0,0.0,1.0,0.0,90.0,90.0,0
2025-04-11 10:53:27,21.35,5.37,2.8,0.7,7.0,0.0,0.0,0.0,0.0,0.0,28.0,34.0,18.7,28.8,-128.7,20.7,0.0,1.0,1.0,1.0,0.0,0.0,1.0,0.0,90.0,90.0,0
2025-04-11 10:53:28,21.35,5.36,2.8,0.7,7.0,0.0,0.0,0.0,0.0,0.0,28.0,34.0,18.7,28.8,-128.7,20.7,0.0,1.0,1.0,1.0,0.0,0.0,1.0,0.0,90.0,90.0,0
2025-04-11 10:53:29,21.34,5.37,2.8,0.7,7.0,0.0,0.0,0.0,0.0,0.0,28.0,34.0,18.7,28.8,-128.7,20.7,0.0,1.0,1.0,1.0,0.0,0.0,1.0,0.0,90.0,90.0,0
2025-04-11 10:53:30,21.34,5.36,2.8,0.7,7.2,0.0,0.0,0.0,0.0,0.0,28.0,34.0,18.7,28.8,-128.7,20.7,0.0,1.0,1.0,1.0,0.0,0.0,1.0,0.0,90.0,90.0,0
2025-04-11 10:53:31,21.33,5.36,2.8,0.7,7.4,0.0,0.0,0.0,0.0,0.0,28.0,34.0,18.7,28.8,-128.7,20.7,0.0,1.0,1.0,1.0,0.0,0.0,1.0,0.0,90.0,90.0,0
2025-04-11 10:53:32,21.35,5.36,2.8,0.7,7.3,0.0,0.0,0.0,0.0,0.0,28.0,34.0,18.8,28.9,-128.7,20.8,0.0,1.0,1.0,1.0,0.0,0.0,1.0,0.0,90.0,90.0,0
2025-04-11 10:53:33,21.33,5.36,2.8,0.7,7.0,0.0,0.0,0.0,0.0,0.0,28.0,34.0,18.8,28.9,-128.7,20.8,0.0,1.0,1.0,1.0,0.0,0.0,1.0,0.0,90.0,90.0,0
2025-04-11 10:53:34,21.35,5.37,2.8,0.7,6.599999,0.0,0.0,0.0,0.0,0.0,28.0,34.0,18.8,28.9,-128.7,20.7,0.0,1.0,1.0,1.0,0.0,0.0,1.0,0.0,90.0,90.0,0
2025-04-11 10:53:35,21.35,5.36,2.8,0.7,7.099999,0.0,0.0,0.0,0.0,0.0,28.0,34.0,18.8,28.9,-128.7,20.8,0.0,1.0,1.0,1.0,0.0,0.0,1.0,0.0,90.0,90.0,0
2025-04-11 10:53:36,21.35,5.37,2.8,0.7,7.7,0.0,0.0,0.0,0.0,0.0,28.0,34.0,18.9,28.9,-128.7,20.7,0.0,1.0,1.0,1.0,0.0,0.0,1.0,0.0,90.0,90.0,0
2025-04-11 10:53:37,21.33,5.36,2.8,0.7,6.7,0.0,0.0,0.0,0.0,0.0,28.0,34.0,18.9,28.9,-128.7,20.8,0.0,1.0,1.0,1.0,0.0,0.0,1.0,0.0,90.0,90.0,0
2025-04-11 10:53:38,21.35,5.36,2.8,0.7,7.3,0.0,0.0,0.0,0.0,0.0,28.0,34.0,18.9,28.9,-128.7,20.8,0.0,1.0,1.0,1.0,0.0,0.0,1.0,0.0,90.0,90.0,0
2025-04-11 10:53:39,21.36,5.37,2.8,0.7,7.2,0.0,0.0,0.0,0.0,0.0,28.0,34.0,18.9,28.9,-128.7,20.8,0.0,1.0,1.0,1.0,0.0,0.0,1.0,0.0,90.0,90.0,0
2025-04-11 10:53:40,21.35,5.36,2.8,0.7,7.0,0.0,0.0,0.0,0.0,0.0,28.0,34.0,19.0,28.9,-128.7,20.7,0.0,1.0,1.0,1.0,0.0,0.0,1.0,0.0,90.0,90.0,0
2025-04-11 10:53:41,21.34,5.38,2.8,0.7,7.5,0.0,0.0,0.0,0.0,0.0,28.0,34.0,19.0,28.9,-128.7,20.7,0.0,1.0,1.0,1.0,0.0,0.0,1.0,0.0,90.0,90.0,0
2025-04-11 10:53:42,21.35,5.36,2.8,0.7,7.3,0.0,0.0,0.0,0.0,0.0,28.0,34.0,19.0,28.9,-128.7,20.8,0.0,1.0,1.0,1.0,0.0,0.0,1.0,0.0,90.0,90.0,0
2025-04-11 10:53:43,21.35,5.37,2.8,0.7,7.099999,0.0,0.0,0.0,0.0,0.0,28.0,33.9,19.1,28.9,-128.7,20.7,0.0,1.0,1.0,1.0,0.0,0.0,1.0,0.0,90.0,90.0,0
2025-04-11 10:53:44,21.34,5.36,2.8,0.7,6.5,0.0,0.0,0.0,0.0,0.0,28.0,33.9,19.1,28.9,-128.7,20.8,0.0,1.0,1.0,1.0,0.0,0.0,1.0,0.0,90.0,90.0,0
2025-04-11 10:53:45,21.35,5.37,2.8,0.7,7.2,0.0,0.0,0.0,0.0,0.0,28.0,33.9,19.2,28.9,-128.7,20.7,0.0,1.0,1.0,1.0,0.0,0.0,1.0,0.0,90.0,90.0,0
2025-04-11 10:53:46,21.35,5.36,2.8,0.7,7.4,0.0,0.0,0.0,0.0,0.0,28.0,33.9,19.2,28.9,-128.7,20.8,0.0,1.0,1.0,1.0,0.0,0.0,1.0,0.0,90.0,90.0,0
2025-04-11 10:53:47,21.34,5.36,2.8,0.7,6.599999,0.0,0.0,0.0,0.0,0.0,28.0,33.9,19.2,28.9,-128.7,20.7,0.0,1.0,1.0,1.0,0.0,0.0,1.0,0.0,90.0,90.0,0
2025-04-11 10:53:48,21.36,5.36,2.8,0.7,6.7,0.0,0.0,0.0,0.0,0.0,28.0,33.9,19.2,28.9,-128.7,20.8,0.0,1.0,1.0,1.0,0.0,0.0,1.0,0.0,90.0,90.0,0
2025-04-11 10:53:49,21.35,5.36,2.8,0.7,7.099999,0.0,0.0,0.0,0.0,0.0,28.0,33.9,19.3,28.9,-128.7,20.8,0.0,1.0,1.0,1.0,0.0,0.0,1.0,0.0,90.0,90.0,0
2025-04-11 10:53:50,21.35,5.37,2.8,0.7,7.099999,0.0,0.0,0.0,0.0,0.0,28.0,33.9,19.3,28.9,-128.7,20.8,0.0,1.0,1.0,1.0,0.0,0.0,1.0,0.0,90.0,90.0,0
2025-04-11 10:53:51,21.33,5.36,2.8,0.7,6.8,0.0,0.0,0.0,0.0,0.0,28.0,33.9,19.3,28.9,-128.7,20.8,0.0,1.0,1.0,1.0,0.0,0.0,1.0,0.0,90.0,90.0,0
2025-04-11 10:53:52,21.34,5.36,2.8,0.7,7.099999,0.0,0.0,0.0,0.0,0.0,28.0,33.9,19.3,28.9,-128.7,20.8,0.0,1.0,1.0,1.0,0.0,0.0,1.0,0.0,90.0,90.0,0
2025-04-11 10:53:53,21.33,5.36,2.8,0.7,7.3,0.0,0.0,0.0,0.0,0.0,28.0,33.9,19.4,28.9,-128.7,20.8,0.0,1.0,1.0,1.0,0.0,0.0,1.0,0.0,90.0,90.0,0
2025-04-11 10:53:54,21.34,5.36,2.7,0.7,6.5,0.0,0.0,0.0,0.0,0.0,28.0,33.9,19.4,28.9,-128.7,20.8,0.0,1.0,1.0,1.0,0.0,0.0,1.0,0.0,90.0,90.0,0
2025-04-11 10:53:55,21.34,5.36,2.8,0.7,6.9,0.0,0.0,0.0,0.0,0.0,28.0,33.9,19.5,28.9,-128.7,20.8,0.0,1.0,1.0,1.0,0.0,0.0,1.0,0.0,90.0,90.0,0
2025-04-11 10:53:56,21.33,5.36,2.7,0.7,7.2,0.0,0.0,0.0,0.0,0.0,28.0,33.9,19.5,28.9,-128.7,20.8,0.0,1.0,1.0,1.0,0.0,0.0,1.0,0.0,90.0,90.0,0
2025-04-11 10:53:57,21.33,5.36,2.8,0.7,6.7,0.0,0.0,0.0,0.0,0.0,28.0,33.9,19.5,28.9,-128.7,20.8,0.0,1.0,1.0,1.0,0.0,0.0,1.0,0.0,90.0,90.0,0
2025-04-11 10:53:58,21.33,5.36,2.8,0.7,7.4,0.0,0.0,0.0,0.0,0.0,28.0,33.9,19.5,29.0,-128.7,20.9,0.0,1.0,1.0,1.0,0.0,0.0,1.0,0.0,90.0,90.0,0
2025-04-11 10:53:59,21.33,5.36,2.8,0.7,7.2,0.0,0.0,0.0,0.0,0.0,28.0,33.9,19.5,29.0,-128.7,20.9,0.0,1.0,1.0,1.0,0.0,0.0,1.0,0.0,90.0,90.0,0
2025-04-11 10:54:00,21.34,5.36,2.8,0.7,6.8,0.0,0.0,0.0,0.0,0.0,28.0,33.9,19.6,29.0,-128.7,20.9,0.0,1.0,1.0,1.0,0.0,0.0,1.0,0.0,90.0,90.0,0
2025-04-11 10:54:01,21.33,5.36,2.8,0.7,7.2,0.0,0.0,0.0,0.0,0.0,28.0,33.9,19.6,29.0,-128.7,20.9,0.0,1.0,1.0,1.0,0.0,0.0,1.0,0.0,90.0,90.0,0
2025-04-11 10:54:02,21.33,5.36,2.8,0.7,6.8,0.0,0.0,0.0,0.0,0.0,28.0,33.9,19.6,29.0,-128.7,20.9,0.0,1.0,1.0,1.0,0.0,0.0,1.0,0.0,90.0,90.0,0
2025-04-11 10:54:03,21.31,5.349999,2.8,0.7,6.5,0.0,0.0,0.0,0.0,0.0,28.0,33.9,19.6,29.0,-128.7,20.9,0.0,1.0,1.0,1.0,0.0,0.0,1.0,0.0,90.0,90.0,0
2025-04-11 10:54:04,21.34,5.36,2.8,0.7,7.3,0.0,0.0,0.0,0.0,0.0,28.0,33.9,19.7,29.0,-128.7,20.9,0.0,1.0,1.0,1.0,0.0,0.0,1.0,0.0,90.0,90.0,0
2025-04-11 10:54:05,21.33,5.349999,2.8,0.7,7.3,0.0,0.0,0.0,0.0,0.0,28.0,33.9,19.7,29.0,-128.7,20.9,0.0,1.0,1.0,1.0,0.0,0.0,1.0,0.0,90.0,90.0,0
2025-04-11 10:54:06,21.33,5.36,2.8,0.7,6.7,0.0,0.0,0.0,0.0,0.0,28.0,33.9,19.7,29.0,-128.7,20.9,0.0,1.0,1.0,1.0,0.0,0.0,1.0,0.0,90.0,90.0,0
2025-04-11 10:54:07,21.33,5.36,2.8,0.7,6.5,0.0,0.0,0.0,0.0,0.0,28.0,33.9,19.7,29.0,-128.7,20.9,0.0,1.0,1.0,1.0,0.0,0.0,1.0,0.0,90.0,90.0,0
2025-04-11 10:54:08,21.33,5.349999,2.8,0.7,7.3,0.0,0.0,0.0,0.0,0.0,28.0,33.9,19.7,29.0,-128.7,20.9,0.0,1.0,1.0,1.0,0.0,0.0,1.0,0.0,90.0,90.0,0
2025-04-11 10:54:09,21.31,5.36,2.8,0.7,6.4,0.0,0.0,0.0,0.0,0.0,28.0,33.9,19.8,29.0,-128.7,20.9,0.0,1.0,1.0,1.0,0.0,0.0,1.0,0.0,90.0,90.0,0
2025-04-11 10:54:10,21.33,5.349999,2.8,0.7,6.7,0.0,0.0,0.0,0.0,0.0,28.0,33.9,19.8,29.0,-128.7,20.9,0.0,1.0,1.0,1.0,0.0,0.0,1.0,0.0,90.0,90.0,0
2025-04-11 10:54:11,21.31,5.36,2.8,0.7,7.099999,0.0,0.0,0.0,0.0,0.0,28.0,33.9,19.8,29.0,-128.7,20.9,0.0,1.0,1.0,1.0,0.0,0.0,1.0,0.0,90.0,90.0,0
2025-04-11 10:54:12,21.3,5.34,2.8,0.7,6.599999,0.0,0.0,0.0,0.0,0.0,28.0,33.9,19.8,29.0,-128.7,21.0,0.0,1.0,1.0,1.0,0.0,0.0,1.0,0.0,90.0,90.0,0
2025-04-11 10:54:13,21.31,5.36,2.8,0.7,6.599999,0.0,0.0,0.0,0.0,0.0,28.0,33.9,19.8,29.0,-128.7,20.9,0.0,1.0,1.0,1.0,0.0,0.0,1.0,0.0,90.0,90.0,0
2025-04-11 10:54:14,21.31,5.349999,2.8,0.7,7.099999,0.0,0.0,0.0,0.0,0.0,28.0,33.9,19.8,29.0,-128.7,21.0,0.0,1.0,1.0,1.0,0.0,0.0,1.0,0.0,90.0,90.0,0
2025-04-11 10:54:15,21.3,5.36,2.8,0.7,6.7,0.0,0.0,0.0,0.0,0.0,28.0,33.9,19.8,29.0,-128.7,20.9,0.0,1.0,1.0,1.0,0.0,0.0,1.0,0.0,90.0,90.0,0
2025-04-11 10:54:16,21.3,5.349999,2.8,0.7,6.4,0.0,0.0,0.0,0.0,0.0,28.0,33.9,19.8,29.0,-128.7,21.0,0.0,1.0,1.0,1.0,0.0,0.0,1.0,0.0,90.0,90.0,0
2025-04-11 10:54:17,21.31,5.34,2.8,0.7,6.7,0.0,0.0,0.0,0.0,0.0,28.0,33.9,19.8,29.0,-128.7,20.9,0.0,1.0,1.0,1.0,0.0,0.0,1.0,0.0,90.0,90.0,0
2025-04-11 10:54:18,21.33,5.349999,2.8,0.7,7.3,0.0,0.0,0.0,0.0,0.0,28.0,33.9,19.8,29.0,-128.7,20.9,0.0,1.0,1.0,1.0,0.0,0.0,1.0,0.0,90.0,90.0,0
2025-04-11 10:54:19,21.33,5.33,2.8,0.7,7.0,0.0,0.0,0.0,0.0,0.0,28.0,33.9,19.8,29.0,-128.7,20.9,0.0,1.0,1.0,1.0,0.0,0.0,1.0,0.0,90.0,90.0,0
2025-04-11 10:54:20,21.3,5.36,2.8,0.7,6.8,0.0,0.0,0.0,0.0,0.0,28.0,33.9,19.8,29.1,-128.7,21.0,0.0,1.0,1.0,1.0,0.0,0.0,1.0,0.0,90.0,90.0,0
2025-04-11 10:54:21,21.31,5.34,2.8,0.7,7.4,0.0,0.0,0.0,0.0,0.0,28.0,33.9,19.9,29.1,-128.7,21.1,0.0,1.0,1.0,1.0,0.0,0.0,1.0,0.0,90.0,90.0,0
2025-04-11 10:54:22,21.3,5.349999,2.8,0.7,7.0,0.0,0.0,0.0,0.0,0.0,28.0,33.9,19.9,29.1,-128.7,21.0,0.0,1.0,1.0,1.0,0.0,0.0,1.0,0.0,90.0,90.0,0
2025-04-11 10:54:23,21.3,5.349999,2.8,0.7,7.099999,0.0,0.0,0.0,0.0,0.0,28.0,33.9,19.9,29.1,-128.7,21.1,0.0,1.0,1.0,1.0,0.0,0.0,1.0,0.0,90.0,90.0,0
2025-04-11 10:54:24,21.29,5.33,2.8,0.7,6.7,0.0,0.0,0.0,0.0,0.0,28.0,33.9,19.9,29.1,-128.7,21.0,0.0,1.0,1.0,1.0,0.0,0.0,1.0,0.0,90.0,90.0,0
2025-04-11 10:54:25,21.3,5.349999,2.8,0.7,6.8,0.0,0.0,0.0,0.0,0.0,28.0,33.9,19.9,29.1,-128.7,21.0,0.0,1.0,1.0,1.0,0.0,0.0,1.0,0.0,90.0,90.0,0
2025-04-11 10:54:26,21.33,5.34,2.8,0.7,7.2,0.0,0.0,0.0,0.0,0.0,28.0,33.9,19.9,29.1,-128.7,21.0,0.0,1.0,1.0,1.0,0.0,0.0,1.0,0.0,90.0,90.0,0
2025-04-11 10:54:27,21.3,5.349999,2.8,0.7,6.9,0.0,0.0,0.0,0.0,0.0,28.0,33.9,19.9,29.1,-128.7,21.0,0.0,1.0,1.0,1.0,0.0,0.0,1.0,0.0,90.0,90.0,0
2025-04-11 10:54:28,21.3,5.34,2.8,0.7,6.7,0.0,0.0,0.0,0.0,0.0,28.0,33.9,19.9,29.1,-128.7,21.1,0.0,1.0,1.0,1.0,0.0,0.0,1.0,0.0,90.0,90.0,0
2025-04-11 10:54:29,21.29,5.36,2.8,0.7,7.0,0.0,0.0,0.0,0.0,0.0,28.0,33.9,19.9,29.1,-128.7,21.0,0.0,1.0,1.0,1.0,0.0,0.0,1.0,0.0,90.0,90.0,0
2025-04-11 10:54:30,21.28,5.349999,2.8,0.7,7.3,0.0,0.0,0.0,0.0,0.0,28.0,33.9,19.9,29.1,-128.7,21.1,0.0,1.0,1.0,1.0,0.0,0.0,1.0,0.0,90.0,90.0,0
2025-04-11 10:54:31,21.29,5.34,2.8,0.7,7.0,0.0,0.0,0.0,0.0,0.0,28.0,33.9,19.9,29.1,-128.7,21.0,0.0,1.0,1.0,1.0,0.0,0.0,1.0,0.0,90.0,90.0,0
2025-04-11 10:54:32,21.28,5.36,2.8,0.7,6.7,0.0,0.0,0.0,0.0,0.0,28.0,33.9,19.9,29.1,-128.7,21.1,0.0,1.0,1.0,1.0,0.0,0.0,1.0,0.0,90.0,90.0,0
2025-04-11 10:54:33,21.29,5.34,2.8,0.7,7.099999,0.0,0.0,0.0,0.0,0.0,28.0,33.9,19.9,29.1,-128.7,21.0,0.0,1.0,1.0,1.0,0.0,0.0,1.0,0.0,90.0,90.0,0
2025-04-11 10:54:34,21.29,5.349999,2.8,0.7,7.3,0.0,0.0,0.0,0.0,0.0,28.0,33.9,19.9,29.1,-128.7,21.1,0.0,1.0,1.0,1.0,0.0,0.0,1.0,0.0,90.0,90.0,0
2025-04-11 10:54:35,21.29,5.34,2.8,0.7,6.5,0.0,0.0,0.0,0.0,0.0,28.0,33.9,19.9,29.1,-128.7,21.1,0.0,1.0,1.0,1.0,0.0,0.0,1.0,0.0,90.0,90.0,0
2025-04-11 10:54:36,21.28,5.349999,2.7,0.7,6.7,0.0,0.0,0.0,0.0,0.0,28.0,33.9,19.9,29.1,-128.7,21.0,0.0,1.0,1.0,1.0,0.0,0.0,1.0,0.0,90.0,90.0,0
2025-04-11 10:54:37,21.28,5.34,2.7,0.7,6.599999,0.0,0.0,0.0,0.0,0.0,28.0,33.9,19.9,29.1,-128.7,21.1,0.0,1.0,1.0,1.0,0.0,0.0,1.0,0.0,90.0,90.0,0
2025-04-11 10:54:38,21.29,5.349999,2.8,0.7,6.9,0.0,0.0,0.0,0.0,0.0,28.0,33.9,19.9,29.1,-128.7,21.0,0.0,1.0,1.0,1.0,0.0,0.0,1.0,0.0,90.0,90.0,0
2025-04-11 10:54:39,21.3,5.349999,2.7,0.7,7.4,0.0,0.0,0.0,0.0,0.0,28.0,33.9,19.9,29.1,-128.7,21.1,0.0,1.0,1.0,1.0,0.0,0.0,1.0,0.0,90.0,90.0,0
2025-04-11 10:54:40,21.29,5.33,2.8,0.7,7.3,0.0,0.0,0.0,0.0,0.0,28.0,33.9,19.9,29.1,-128.7,21.1,0.0,1.0,1.0,1.0,0.0,0.0,1.0,0.0,90.0,90.0,0
2025-04-11 10:54:41,21.28,5.349999,2.8,0.7,6.9,0.0,0.0,0.0,0.0,0.0,28.0,33.9,19.9,29.1,-128.7,21.1,0.0,1.0,1.0,1.0,0.0,0.0,1.0,0.0,90.0,90.0,0
2025-04-11 10:54:42,21.27,5.33,2.8,0.7,6.9,0.0,0.0,0.0,0.0,0.0,28.0,33.9,19.9,29.1,-128.7,21.1,0.0,1.0,1.0,1.0,0.0,0.0,1.0,0.0,90.0,90.0,0
2025-04-11 10:54:43,21.28,5.349999,2.8,0.7,6.599999,0.0,0.0,0.0,0.0,0.0,28.0,33.9,19.9,29.1,-128.7,21.0,0.0,1.0,1.0,1.0,0.0,0.0,1.0,0.0,90.0,90.0,0
2025-04-11 10:54:44,21.27,5.33,2.8,0.7,6.9,0.0,0.0,0.0,0.0,0.0,28.0,33.9,19.9,29.1,-128.7,21.1,0.0,1.0,1.0,1.0,0.0,0.0,1.0,0.0,90.0,90.0,0
2025-04-11 10:54:45,21.28,5.34,2.8,0.7,7.2,0.0,0.0,0.0,0.0,0.0,28.0,33.9,19.9,29.1,-128.7,21.1,0.0,1.0,1.0,1.0,0.0,0.0,1.0,0.0,90.0,90.0,0
2025-04-11 10:54:46,21.28,5.34,2.8,0.7,7.0,0.0,0.0,0.0,0.0,0.0,28.0,33.9,19.9,29.2,-128.7,21.2,0.0,1.0,1.0,1.0,0.0,0.0,1.0,0.0,90.0,90.0,0
2025-04-11 10:54:47,21.27,5.33,2.8,0.7,7.099999,0.0,0.0,0.0,0.0,0.0,28.0,33.9,19.9,29.2,-128.7,21.2,0.0,1.0,1.0,1.0,0.0,0.0,1.0,0.0,90.0,90.0,0
2025-04-11 10:54:48,21.28,5.349999,2.8,0.7,7.2,0.0,0.0,0.0,0.0,0.0,28.0,33.9,19.9,29.2,-128.7,21.1,0.0,1.0,1.0,1.0,0.0,0.0,1.0,0.0,90.0,90.0,0
2025-04-11 10:54:49,21.27,5.33,2.8,0.7,7.099999,0.0,0.0,0.0,0.0,0.0,28.0,33.9,19.9,29.2,-128.7,21.2,0.0,1.0,1.0,1.0,0.0,0.0,1.0,0.0,90.0,90.0,0
2025-04-11 10:54:50,21.27,5.349999,2.8,0.7,7.0,0.0,0.0,0.0,0.0,0.0,28.0,33.9,19.9,29.2,-128.7,21.1,0.0,1.0,1.0,1.0,0.0,0.0,1.0,0.0,90.0,90.0,0
2025-04-11 10:54:51,21.27,5.34,2.8,0.7,7.0,0.0,0.0,0.0,0.0,0.0,28.0,33.9,19.9,29.2,-128.7,21.2,0.0,1.0,1.0,1.0,0.0,0.0,1.0,0.0,90.0,90.0,0
2025-04-11 10:54:52,21.28,5.349999,2.8,0.7,7.4,0.0,0.0,0.0,0.0,0.0,28.0,33.9,19.9,29.2,-128.7,21.1,0.0,1.0,1.0,1.0,0.0,0.0,1.0,0.0,90.0,90.0,0
2025-04-11 10:54:53,21.28,5.34,2.8,0.7,7.2,0.0,0.0,0.0,0.0,0.0,28.0,33.9,19.9,29.2,-128.7,21.2,0.0,1.0,1.0,1.0,0.0,0.0,1.0,0.0,90.0,90.0,0
2025-04-11 10:54:54,21.28,5.34,2.8,0.7,6.599999,0.0,0.0,0.0,0.0,0.0,28.0,33.9,20.0,29.2,-128.7,21.2,0.0,1.0,1.0,1.0,0.0,0.0,1.0,0.0,90.0,90.0,0
2025-04-11 10:54:55,21.27,5.349999,2.8,0.7,6.9,0.0,0.0,0.0,0.0,0.0,28.0,33.9,20.0,29.2,-128.7,21.1,0.0,1.0,1.0,1.0,0.0,0.0,1.0,0.0,90.0,90.0,0
2025-04-11 10:54:56,21.28,5.34,2.8,0.7,6.9,0.0,0.0,0.0,0.0,0.0,28.0,33.9,20.0,29.2,-128.7,21.2,0.0,1.0,1.0,1.0,0.0,0.0,1.0,0.0,90.0,90.0,0
2025-04-11 10:54:57,21.28,5.349999,2.8,0.7,6.9,0.0,0.0,0.0,0.0,0.0,28.0,33.9,20.0,29.2,-128.7,21.1,0.0,1.0,1.0,1.0,0.0,0.0,1.0,0.0,90.0,90.0,0
2025-04-11 10:54:58,21.29,5.34,2.8,0.7,7.599999,0.0,0.0,0.0,0.0,0.0,28.0,33.9,20.0,29.2,-128.7,21.2,0.0,1.0,1.0,1.0,0.0,0.0,1.0,0.0,90.0,90.0,0
2025-04-11 10:54:59,21.29,5.349999,2.8,0.7,7.2,0.0,0.0,0.0,0.0,0.0,28.0,33.9,20.0,29.2,-128.7,21.1,0.0,1.0,1.0,1.0,0.0,0.0,1.0,0.0,90.0,90.0,0
2025-04-11 10:55:00,21.27,5.349999,2.8,0.7,6.5,0.0,0.0,0.0,0.0,0.0,28.0,33.9,20.0,29.2,-128.7,21.1,0.0,1.0,1.0,1.0,0.0,0.0,1.0,0.0,90.0,90.0,0
2025-04-11 10:55:01,21.28,5.34,2.8,0.7,6.5,0.0,0.0,0.0,0.0,0.0,28.0,33.9,20.0,29.2,-128.7,21.1,0.0,1.0,1.0,1.0,0.0,0.0,1.0,0.0,90.0,90.0,0
2025-04-11 10:55:02,21.28,5.349999,2.8,0.7,7.099999,0.0,0.0,0.0,0.0,0.0,28.0,33.9,20.0,29.2,-128.7,21.1,0.0,1.0,1.0,1.0,0.0,0.0,1.0,0.0,90.0,90.0,0
2025-04-11 10:55:03,21.28,5.34,2.8,0.7,7.2,0.0,0.0,0.0,0.0,0.0,28.0,33.9,20.0,29.2,-128.7,21.2,0.0,1.0,1.0,1.0,0.0,0.0,1.0,0.0,90.0,90.0,0
2025-04-11 10:55:04,21.28,5.349999,2.8,0.7,7.2,0.0,0.0,0.0,0.0,0.0,28.0,33.9,20.0,29.2,-128.7,21.1,0.0,1.0,1.0,1.0,0.0,0.0,1.0,0.0,90.0,90.0,0
2025-04-11 10:55:05,21.29,5.349999,2.8,0.7,7.3,0.0,0.0,0.0,0.0,0.0,28.0,33.9,20.0,29.2,-128.7,21.1,0.0,1.0,1.0,1.0,0.0,0.0,1.0,0.0,90.0,90.0,0
2025-04-11 10:55:06,21.29,5.349999,2.8,0.7,7.3,0.0,0.0,0.0,0.0,0.0,28.0,33.9,20.0,29.2,-128.7,21.1,0.0,1.0,1.0,1.0,0.0,0.0,1.0,0.0,90.0,90.0,0
2025-04-11 10:55:07,21.3,5.349999,2.8,0.7,7.3,0.0,0.0,0.0,0.0,0.0,28.0,33.9,20.0,29.2,-128.7,21.2,0.0,1.0,1.0,1.0,0.0,0.0,1.0,0.0,90.0,90.0,0
2025-04-11 10:55:08,21.28,5.349999,2.8,0.7,7.099999,0.0,0.0,0.0,0.0,0.0,28.0,33.9,20.0,29.2,-128.7,21.2,0.0,1.0,1.0,1.0,0.0,0.0,1.0,0.0,90.0,90.0,0
2025-04-11 10:55:09,21.28,5.349999,2.8,0.7,7.099999,0.0,0.0,0.0,0.0,0.0,28.0,33.9,20.0,29.2,-128.7,21.1,0.0,1.0,1.0,1.0,0.0,0.0,1.0,0.0,90.0,90.0,0
2025-04-11 10:55:10,21.28,5.349999,2.8,0.7,7.0,0.0,0.0,0.0,0.0,0.0,28.0,33.9,20.0,29.2,-128.7,21.1,0.0,1.0,1.0,1.0,0.0,0.0,1.0,0.0,90.0,90.0,0
2025-04-11 10:55:11,21.27,5.349999,2.8,0.7,7.0,0.0,0.0,0.0,0.0,0.0,28.0,33.9,20.0,29.2,-128.7,21.1,0.0,1.0,1.0,1.0,0.0,0.0,1.0,0.0,90.0,90.0,0
2025-04-11 10:55:12,21.28,5.33,2.8,0.7,7.0,0.0,0.0,0.0,0.0,0.0,28.0,33.9,20.0,29.2,-128.7,21.2,0.0,1.0,1.0,1.0,0.0,0.0,1.0,0.0,90.0,90.0,0
2025-04-11 10:55:13,21.28,5.34,2.8,0.7,7.2,0.0,0.0,0.0,0.0,0.0,28.0,33.9,20.0,29.2,-128.7,21.2,0.0,1.0,1.0,1.0,0.0,0.0,1.0,0.0,90.0,90.0,0
2025-04-11 10:55:14,21.28,5.34,2.8,0.7,7.2,0.0,0.0,0.0,0.0,0.0,28.0,33.9,20.0,29.2,-128.7,21.2,0.0,1.0,1.0,1.0,0.0,0.0,1.0,0.0,90.0,90.0,0
2025-04-11 10:55:15,21.29,5.349999,2.8,0.7,7.2,0.0,0.0,0.0,0.0,0.0,28.0,33.9,19.9,29.2,-128.7,21.1,0.0,1.0,1.0,1.0,0.0,0.0,1.0,0.0,90.0,90.0,0
2025-04-11 10:55:16,21.3,5.33,2.8,0.7,6.7,0.0,0.0,0.0,0.0,0.0,28.0,33.9,19.9,29.2,-128.7,21.2,0.0,1.0,1.0,1.0,0.0,0.0,1.0,0.0,90.0,90.0,0
2025-04-11 10:55:17,21.28,5.34,2.8,0.7,7.2,0.0,0.0,0.0,0.0,0.0,28.0,33.8,19.9,29.2,-128.7,21.2,0.0,1.0,1.0,1.0,0.0,0.0,1.0,0.0,90.0,90.0,0
2025-04-11 10:55:18,21.28,5.34,2.8,0.7,7.2,0.0,0.0,0.0,0.0,0.0,28.0,33.8,19.9,29.2,-128.7,21.2,0.0,1.0,1.0,1.0,0.0,0.0,1.0,0.0,90.0,90.0,0
2025-04-11 10:55:19,21.28,5.34,2.8,0.7,7.599999,0.0,0.0,0.0,0.0,0.0,28.0,33.8,19.9,29.2,-128.7,21.2,0.0,1.0,1.0,1.0,0.0,0.0,1.0,0.0,90.0,90.0,0
2025-04-11 10:55:20,21.28,5.349999,2.8,0.7,7.0,0.0,0.0,0.0,0.0,0.0,28.0,33.8,19.9,29.2,-128.7,21.2,0.0,1.0,1.0,1.0,0.0,0.0,1.0,0.0,90.0,90.0,0
2025-04-11 10:55:21,21.29,5.349999,2.8,0.7,6.8,0.0,0.0,0.0,0.0,0.0,28.0,33.8,19.9,29.3,-128.7,21.3,0.0,1.0,1.0,1.0,0.0,0.0,1.0,0.0,90.0,90.0,0
2025-04-11 10:55:22,21.28,5.33,2.8,0.7,6.9,0.0,0.0,0.0,0.0,0.0,28.0,33.8,19.9,29.3,-128.7,21.3,0.0,1.0,1.0,1.0,0.0,0.0,1.0,0.0,90.0,90.0,0
2025-04-11 10:55:23,21.28,5.33,2.8,0.7,6.9,0.0,0.0,0.0,0.0,0.0,28.0,33.8,19.9,29.3,-128.7,21.3,0.0,1.0,1.0,1.0,0.0,0.0,1.0,0.0,90.0,90.0,0
2025-04-11 10:55:24,21.29,5.34,2.8,0.7,7.2,0.0,0.0,0.0,0.0,0.0,28.0,33.8,19.9,29.3,-128.7,21.3,0.0,1.0,1.0,1.0,0.0,0.0,1.0,0.0,90.0,90.0,0
2025-04-11 10:55:25,21.25,5.34,2.8,0.7,6.7,0.0,0.0,0.0,0.0,0.0,28.0,33.8,19.8,29.3,-128.7,21.2,0.0,1.0,1.0,1.0,0.0,0.0,1.0,0.0,90.0,90.0,0
2025-04-11 10:55:26,21.27,5.33,2.8,0.7,6.599999,0.0,0.0,0.0,0.0,0.0,28.0,33.8,19.8,29.3,-128.7,21.3,0.0,1.0,1.0,1.0,0.0,0.0,1.0,0.0,90.0,90.0,0
2025-04-11 10:55:27,21.27,5.33,2.8,0.7,6.9,0.0,0.0,0.0,0.0,0.0,28.0,33.8,19.8,29.3,-128.7,21.3,0.0,1.0,1.0,1.0,0.0,0.0,1.0,0.0,90.0,90.0,0
2025-04-11 10:55:28,21.27,5.33,2.8,0.7,6.9,0.0,0.0,0.0,0.0,0.0,28.0,33.8,19.8,29.3,-128.7,21.3,0.0,1.0,1.0,1.0,0.0,0.0,1.0,0.0,90.0,90.0,0
2025-04-11 10:55:29,21.28,5.33,2.8,0.7,7.2,0.0,0.0,0.0,0.0,0.0,28.0,33.8,19.8,29.3,-128.7,21.3,0.0,1.0,1.0,1.0,0.0,0.0,1.0,0.0,90.0,90.0,0
2025-04-11 10:55:30,21.29,5.34,2.8,0.7,6.8,0.0,0.0,0.0,0.0,0.0,28.0,33.8,19.8,29.3,-128.7,21.3,0.0,1.0,1.0,1.0,0.0,0.0,1.0,0.0,90.0,90.0,0
2025-04-11 10:55:31,21.28,5.33,2.8,0.7,7.099999,0.0,0.0,0.0,0.0,0.0,28.0,33.8,19.8,29.3,-128.7,21.3,0.0,1.0,1.0,1.0,0.0,0.0,1.0,0.0,90.0,90.0,0
2025-04-11 10:55:32,21.28,5.33,2.8,0.7,7.099999,0.0,0.0,0.0,0.0,0.0,28.0,33.8,19.8,29.3,-128.7,21.3,0.0,1.0,1.0,1.0,0.0,0.0,1.0,0.0,90.0,90.0,0
2025-04-11 10:55:33,21.25,5.33,2.8,0.7,7.3,0.0,0.0,0.0,0.0,0.0,28.0,33.8,19.8,29.3,-128.7,21.3,0.0,1.0,1.0,1.0,0.0,0.0,1.0,0.0,90.0,90.0,0
2025-04-11 10:55:34,21.27,5.34,2.8,0.7,6.7,0.0,0.0,0.0,0.0,0.0,28.0,33.8,19.8,29.3,-128.7,21.3,0.0,1.0,1.0,1.0,0.0,0.0,1.0,0.0,90.0,90.0,0
2025-04-11 10:55:35,21.25,5.33,2.8,0.7,6.7,0.0,0.0,0.0,0.0,0.0,28.0,33.8,19.8,29.3,-128.7,21.3,0.0,1.0,1.0,1.0,0.0,0.0,1.0,0.0,90.0,90.0,0
2025-04-11 10:55:36,21.27,5.33,2.8,0.7,6.599999,0.0,0.0,0.0,0.0,0.0,28.0,33.8,19.7,29.3,-128.7,21.3,0.0,1.0,1.0,1.0,0.0,0.0,1.0,0.0,90.0,90.0,0
2025-04-11 10:55:37,21.25,5.349999,2.8,0.7,6.599999,0.0,0.0,0.0,0.0,0.0,28.0,33.8,19.7,29.3,-128.7,21.3,0.0,1.0,1.0,1.0,0.0,0.0,1.0,0.0,90.0,90.0,0
2025-04-11 10:55:38,21.25,5.349999,2.8,0.7,6.599999,0.0,0.0,0.0,0.0,0.0,28.0,33.8,19.7,29.3,-128.7,21.3,0.0,1.0,1.0,1.0,0.0,0.0,1.0,0.0,90.0,90.0,0
2025-04-11 10:55:39,21.27,5.349999,2.8,0.7,7.0,0.0,0.0,0.0,0.0,0.0,28.0,33.8,19.7,29.3,-128.7,21.3,0.0,1.0,1.0,1.0,0.0,0.0,1.0,0.0,90.0,90.0,0
2025-04-11 10:55:40,21.27,5.33,2.8,0.7,6.8,0.0,0.0,0.0,0.0,0.0,28.0,33.8,19.7,29.3,-128.7,21.3,0.0,1.0,1.0,1.0,0.0,0.0,1.0,0.0,90.0,90.0,0
2025-04-11 10:55:41,21.27,5.34,2.8,0.7,7.2,0.0,0.0,0.0,0.0,0.0,28.0,33.8,19.7,29.3,-128.7,21.3,0.0,1.0,1.0,1.0,0.0,0.0,1.0,0.0,90.0,90.0,0
2025-04-11 10:55:42,21.25,5.34,2.8,0.7,7.4,0.0,0.0,0.0,0.0,0.0,28.0,33.8,19.7,29.3,-128.7,21.3,0.0,1.0,1.0,1.0,0.0,0.0,1.0,0.0,90.0,90.0,0
2025-04-11 10:55:43,21.24,5.34,2.8,0.7,7.0,0.0,0.0,0.0,0.0,0.0,28.0,33.8,19.7,29.3,-128.7,21.3,0.0,1.0,1.0,1.0,0.0,0.0,1.0,0.0,90.0,90.0,0
2025-04-11 10:55:44,21.27,5.33,2.8,0.7,6.8,0.0,0.0,0.0,0.0,0.0,28.0,33.8,19.6,29.3,-128.7,21.3,0.0,1.0,1.0,1.0,0.0,0.0,1.0,0.0,90.0,90.0,0
2025-04-11 10:55:45,21.25,5.33,2.8,0.7,7.099999,0.0,0.0,0.0,0.0,0.0,28.0,33.8,19.6,29.3,-128.7,21.3,0.0,1.0,1.0,1.0,0.0,0.0,1.0,0.0,90.0,90.0,0
2025-04-11 10:55:46,21.27,5.34,2.8,0.7,7.4,0.0,0.0,0.0,0.0,0.0,28.0,33.8,19.6,29.3,-128.7,21.3,0.0,1.0,1.0,1.0,0.0,0.0,1.0,0.0,90.0,90.0,0
2025-04-11 10:55:47,21.28,5.33,2.8,0.7,6.7,0.0,0.0,0.0,0.0,0.0,28.0,33.8,19.6,29.3,-128.7,21.3,0.0,1.0,1.0,1.0,0.0,0.0,1.0,0.0,90.0,90.0,0
2025-04-11 10:55:48,21.27,5.349999,2.7,0.7,7.3,0.0,0.0,0.0,0.0,0.0,28.0,33.8,19.6,29.3,-128.7,21.3,0.0,1.0,1.0,1.0,0.0,0.0,1.0,0.0,90.0,90.0,0
2025-04-11 10:55:49,21.28,5.33,2.8,0.7,7.0,0.0,0.0,0.0,0.0,0.0,28.0,33.8,19.6,29.3,-128.7,21.3,0.0,1.0,1.0,1.0,0.0,0.0,1.0,0.0,90.0,90.0,0
2025-04-11 10:55:50,21.25,5.34,2.8,0.7,7.2,0.0,0.0,0.0,0.0,0.0,28.0,33.8,19.6,29.3,-128.7,21.3,0.0,1.0,1.0,1.0,0.0,0.0,1.0,0.0,90.0,90.0,0
2025-04-11 10:55:51,21.27,5.33,2.7,0.7,6.599999,0.0,0.0,0.0,0.0,0.0,28.0,33.8,19.6,29.3,-128.7,21.3,0.0,1.0,1.0,1.0,0.0,0.0,1.0,0.0,90.0,90.0,0
2025-04-11 10:55:52,21.27,5.33,2.8,0.7,6.9,0.0,0.0,0.0,0.0,0.0,28.0,33.8,19.6,29.3,-128.7,21.3,0.0,1.0,1.0,1.0,0.0,0.0,1.0,0.0,90.0,90.0,0
2025-04-11 10:55:53,21.28,5.33,2.8,0.7,7.0,0.0,0.0,0.0,0.0,0.0,28.0,33.8,19.5,29.3,-128.7,21.3,0.0,1.0,1.0,1.0,0.0,0.0,1.0,0.0,90.0,90.0,0
2025-04-11 10:55:54,21.28,5.349999,2.8,0.7,7.099999,0.0,0.0,0.0,0.0,0.0,28.0,33.8,19.5,29.3,-128.7,21.3,0.0,1.0,1.0,1.0,0.0,0.0,1.0,0.0,90.0,90.0,0
2025-04-11 10:55:55,21.28,5.349999,2.8,0.7,7.099999,0.0,0.0,0.0,0.0,0.0,28.0,33.8,19.5,29.3,-128.7,21.3,0.0,1.0,1.0,1.0,0.0,0.0,1.0,0.0,90.0,90.0,0
2025-04-11 10:55:56,21.25,5.34,2.8,0.7,6.8,0.0,0.0,0.0,0.0,0.0,28.0,33.8,19.5,29.3,-128.7,21.3,0.0,1.0,1.0,1.0,0.0,0.0,1.0,0.0,90.0,90.0,0
2025-04-11 10:55:57,21.24,5.33,2.8,0.7,6.599999,0.0,0.0,0.0,0.0,0.0,28.0,33.8,19.5,29.3,-128.7,21.3,0.0,1.0,1.0,1.0,0.0,0.0,1.0,0.0,90.0,90.0,0
2025-04-11 10:55:58,21.27,5.349999,2.8,0.7,6.3,0.0,0.0,0.0,0.0,0.0,28.0,33.8,19.5,29.3,-128.7,21.2,0.0,1.0,1.0,1.0,0.0,0.0,1.0,0.0,90.0,90.0,0
2025-04-11 10:55:59,21.27,5.33,2.8,0.7,6.8,0.0,0.0,0.0,0.0,0.0,28.0,33.8,19.5,29.3,-128.7,21.3,0.0,1.0,1.0,1.0,0.0,0.0,1.0,0.0,90.0,90.0,0
2025-04-11 10:56:00,21.27,5.33,2.8,0.7,6.3,0.0,0.0,0.0,0.0,0.0,28.0,33.8,19.4,29.3,-128.7,21.3,0.0,1.0,1.0,1.0,0.0,0.0,1.0,0.0,90.0,90.0,0
2025-04-11 10:56:01,21.25,5.33,2.8,0.7,7.099999,0.0,0.0,0.0,0.0,0.0,28.0,33.8,19.4,29.3,-128.7,21.3,0.0,1.0,1.0,1.0,0.0,0.0,1.0,0.0,90.0,90.0,0
2025-04-11 10:56:02,21.25,5.33,2.8,0.7,6.9,0.0,0.0,0.0,0.0,0.0,28.0,33.9,19.4,29.3,-128.7,21.3,0.0,1.0,1.0,1.0,0.0,0.0,1.0,0.0,90.0,90.0,0
2025-04-11 10:56:03,21.24,5.33,2.8,0.7,7.2,0.0,0.0,0.0,0.0,0.0,28.0,33.9,19.4,29.3,-128.7,21.3,0.0,1.0,1.0,1.0,0.0,0.0,1.0,0.0,90.0,90.0,0
2025-04-11 10:56:04,21.24,5.33,2.8,0.7,6.9,0.0,0.0,0.0,0.0,0.0,28.0,33.9,19.3,29.3,-128.7,21.3,0.0,1.0,1.0,1.0,0.0,0.0,1.0,0.0,90.0,90.0,0
2025-04-11 10:56:05,21.28,5.33,2.8,0.7,6.9,0.0,0.0,0.0,0.0,0.0,28.0,33.9,19.3,29.3,-128.7,21.3,0.0,1.0,1.0,1.0,0.0,0.0,1.0,0.0,90.0,90.0,0
2025-04-11 10:56:06,21.28,5.34,2.8,0.7,7.5,0.0,0.0,0.0,0.0,0.0,28.0,33.9,19.3,29.3,-128.7,21.3,0.0,1.0,1.0,1.0,0.0,0.0,1.0,0.0,90.0,90.0,0
2025-04-11 10:56:07,21.28,5.34,2.7,0.7,7.2,0.0,0.0,0.0,0.0,0.0,28.0,33.9,19.3,29.3,-128.7,21.3,0.0,1.0,1.0,1.0,0.0,0.0,1.0,0.0,90.0,90.0,0
2025-04-11 10:56:08,21.28,5.33,2.8,0.7,7.2,0.0,0.0,0.0,0.0,0.0,28.0,33.9,19.2,29.3,-128.7,21.3,0.0,1.0,1.0,1.0,0.0,0.0,1.0,0.0,90.0,90.0,0
2025-04-11 10:56:09,21.27,5.33,2.8,0.7,6.5,0.0,0.0,0.0,0.0,0.0,28.0,33.9,19.2,29.3,-128.7,21.3,0.0,1.0,1.0,1.0,0.0,0.0,1.0,0.0,90.0,90.0,0
2025-04-11 10:56:10,21.25,5.33,2.8,0.7,6.5,0.0,0.0,0.0,0.0,0.0,28.0,33.9,19.2,29.3,-128.7,21.3,0.0,1.0,1.0,1.0,0.0,0.0,1.0,0.0,90.0,90.0,0
2025-04-11 10:56:11,21.27,5.349999,2.8,0.7,7.099999,0.0,0.0,0.0,0.0,0.0,28.0,33.9,19.2,29.3,-128.7,21.3,0.0,1.0,1.0,1.0,0.0,0.0,1.0,0.0,90.0,90.0,0
2025-04-11 10:56:12,21.27,5.33,2.8,0.7,6.7,0.0,0.0,0.0,0.0,0.0,28.0,33.9,19.2,29.3,-128.7,21.3,0.0,1.0,1.0,1.0,0.0,0.0,1.0,0.0,90.0,90.0,0
2025-04-11 10:56:13,21.28,5.34,2.8,0.7,6.7,0.0,0.0,0.0,0.0,0.0,28.0,33.9,19.1,29.3,-128.7,21.3,0.0,1.0,1.0,1.0,0.0,0.0,1.0,0.0,90.0,90.0,0
2025-04-11 10:56:14,21.28,5.33,2.8,0.7,7.0,0.0,0.0,0.0,0.0,0.0,28.0,33.9,19.1,29.3,-128.7,21.3,0.0,1.0,1.0,1.0,0.0,0.0,1.0,0.0,90.0,90.0,0
2025-04-11 10:56:15,21.27,5.349999,2.8,0.7,7.099999,0.0,0.0,0.0,0.0,0.0,28.0,33.9,19.1,29.3,-128.7,21.2,0.0,1.0,1.0,1.0,0.0,0.0,1.0,0.0,90.0,90.0,0
2025-04-11 10:56:16,21.27,5.349999,2.8,0.7,7.099999,0.0,0.0,0.0,0.0,0.0,28.0,33.9,19.1,29.3,-128.7,21.3,0.0,1.0,1.0,1.0,0.0,0.0,1.0,0.0,90.0,90.0,0
2025-04-11 10:56:17,21.28,5.34,2.8,0.7,7.099999,0.0,0.0,0.0,0.0,0.0,28.0,33.9,19.0,29.3,-128.7,21.2,0.0,1.0,1.0,1.0,0.0,0.0,1.0,0.0,90.0,90.0,0
2025-04-11 10:56:18,21.24,5.34,2.8,0.7,6.9,0.0,0.0,0.0,0.0,0.0,28.0,33.9,19.0,29.3,-128.7,21.3,0.0,1.0,1.0,1.0,0.0,0.0,1.0,0.0,90.0,90.0,0
2025-04-11 10:56:19,21.24,5.34,2.8,0.7,6.9,0.0,0.0,0.0,0.0,0.0,28.0,33.9,19.0,29.3,-128.7,21.2,0.0,1.0,1.0,1.0,0.0,0.0,1.0,0.0,90.0,90.0,0
2025-04-11 10:56:20,21.25,5.349999,2.8,0.7,6.599999,0.0,0.0,0.0,0.0,0.0,28.0,33.9,19.0,29.3,-128.7,21.2,0.0,1.0,1.0,1.0,0.0,0.0,1.0,0.0,90.0,90.0,0
2025-04-11 10:56:21,21.25,5.349999,2.8,0.7,6.599999,0.0,0.0,0.0,0.0,0.0,28.0,33.9,19.0,29.3,-128.7,21.2,0.0,1.0,1.0,1.0,0.0,0.0,1.0,0.0,90.0,90.0,0
2025-04-11 10:56:22,21.27,5.349999,2.8,0.7,7.0,0.0,0.0,0.0,0.0,0.0,28.0,33.9,19.0,29.3,-128.7,21.2,0.0,1.0,1.0,1.0,0.0,0.0,1.0,0.0,90.0,90.0,0
2025-04-11 10:56:23,21.28,5.34,2.8,0.7,7.2,0.0,0.0,0.0,0.0,0.0,28.0,33.9,18.9,29.3,-128.7,21.3,0.0,1.0,1.0,1.0,0.0,0.0,1.0,0.0,90.0,90.0,0
2025-04-11 10:56:24,21.28,5.349999,2.8,0.7,7.0,0.0,0.0,0.0,0.0,0.0,28.0,33.9,18.9,29.3,-128.7,21.2,0.0,1.0,1.0,1.0,0.0,0.0,1.0,0.0,90.0,90.0,0
2025-04-11 10:56:25,21.28,5.34,2.8,0.7,7.099999,0.0,0.0,0.0,0.0,0.0,28.0,33.9,18.9,29.3,-128.7,21.3,0.0,1.0,1.0,1.0,0.0,0.0,1.0,0.0,90.0,90.0,0
2025-04-11 10:56:26,21.28,5.34,2.8,0.7,6.7,0.0,0.0,0.0,0.0,0.0,28.0,33.9,18.9,29.3,-128.7,21.2,0.0,1.0,1.0,1.0,0.0,0.0,1.0,0.0,90.0,90.0,0
2025-04-11 10:56:27,21.25,5.34,2.8,0.7,7.099999,0.0,0.0,0.0,0.0,0.0,28.0,33.9,18.9,29.3,-128.7,21.3,0.0,1.0,1.0,1.0,0.0,0.0,1.0,0.0,90.0,90.0,0
2025-04-11 10:56:28,21.27,5.34,2.8,0.7,7.0,0.0,0.0,0.0,0.0,0.0,28.0,33.9,18.8,29.3,-128.7,21.3,0.0,1.0,1.0,1.0,0.0,0.0,1.0,0.0,90.0,90.0,0
2025-04-11 10:56:29,21.25,5.34,2.8,0.7,7.2,0.0,0.0,0.0,0.0,0.0,28.0,33.9,18.8,29.3,-128.7,21.3,0.0,1.0,1.0,1.0,0.0,0.0,1.0,0.0,90.0,90.0,0
2025-04-11 10:56:30,21.25,5.33,2.8,0.7,6.3,0.0,0.0,0.0,0.0,0.0,28.0,33.9,18.8,29.3,-128.7,21.3,0.0,1.0,1.0,1.0,0.0,0.0,1.0,0.0,90.0,90.0,0
2025-04-11 10:56:31,21.27,5.34,2.8,0.7,6.5,0.0,0.0,0.0,0.0,0.0,28.0,33.9,18.8,29.3,-128.7,21.2,0.0,1.0,1.0,1.0,0.0,0.0,1.0,0.0,90.0,90.0,0
2025-04-11 10:56:32,21.27,5.33,2.8,0.7,7.2,0.0,0.0,0.0,0.0,0.0,28.0,33.9,18.8,29.3,-128.7,21.3,0.0,1.0,1.0,1.0,0.0,0.0,1.0,0.0,90.0,90.0,0
2025-04-11 10:56:33,21.28,5.349999,2.7,0.7,6.599999,0.0,0.0,0.0,0.0,0.0,28.0,33.9,18.8,29.3,-128.7,21.2,0.0,1.0,1.0,1.0,0.0,0.0,1.0,0.0,90.0,90.0,0
2025-04-11 10:56:34,21.29,5.33,2.8,0.7,7.4,0.0,0.0,0.0,0.0,0.0,28.0,33.9,18.7,29.3,-128.7,21.3,0.0,1.0,1.0,1.0,0.0,0.0,1.0,0.0,90.0,90.0,0
2025-04-11 10:56:35,21.28,5.349999,2.7,0.7,7.099999,0.0,0.0,0.0,0.0,0.0,28.0,33.9,18.7,29.3,-128.7,21.3,0.0,1.0,1.0,1.0,0.0,0.0,1.0,0.0,90.0,90.0,0
2025-04-11 10:56:36,21.3,5.33,2.8,0.7,7.2,0.0,0.0,0.0,0.0,0.0,28.0,33.9,18.7,29.3,-128.7,21.3,0.0,1.0,1.0,1.0,0.0,0.0,1.0,0.0,90.0,90.0,0
2025-04-11 10:56:37,21.28,5.349999,2.8,0.7,7.3,0.0,0.0,0.0,0.0,0.0,28.0,33.9,18.7,29.3,-128.7,21.2,0.0,1.0,1.0,1.0,0.0,0.0,1.0,0.0,90.0,90.0,0
2025-04-11 10:56:38,21.28,5.33,2.8,0.7,6.9,0.0,0.0,0.0,0.0,0.0,28.0,33.9,18.7,29.3,-128.7,21.3,0.0,1.0,1.0,1.0,0.0,0.0,1.0,0.0,90.0,90.0,0
2025-04-11 10:56:39,21.28,5.349999,2.8,0.7,6.8,0.0,0.0,0.0,0.0,0.0,28.0,33.9,18.7,29.3,-128.7,21.3,0.0,1.0,1.0,1.0,0.0,0.0,1.0,0.0,90.0,90.0,0
2025-04-11 10:56:40,21.3,5.349999,2.8,0.7,7.0,0.0,0.0,0.0,0.0,0.0,28.0,33.9,18.7,29.3,-128.7,21.3,0.0,1.0,1.0,1.0,0.0,0.0,1.0,0.0,90.0,90.0,0
2025-04-11 10:56:41,21.28,5.33,2.8,0.7,7.2,0.0,0.0,0.0,0.0,0.0,28.0,33.9,18.6,29.3,-128.7,21.3,0.0,1.0,1.0,1.0,0.0,0.0,1.0,0.0,90.0,90.0,0
2025-04-11 10:56:42,21.28,5.349999,2.8,0.7,6.7,0.0,0.0,0.0,0.0,0.0,28.0,33.9,18.6,29.3,-128.7,21.2,0.0,1.0,1.0,1.0,0.0,0.0,1.0,0.0,90.0,90.0,0
2025-04-11 10:56:43,21.29,5.33,2.8,0.7,7.0,0.0,0.0,0.0,0.0,0.0,28.0,33.9,18.6,29.2,-128.7,21.2,0.0,1.0,1.0,1.0,0.0,0.0,1.0,0.0,90.0,90.0,0
2025-04-11 10:56:44,21.28,5.349999,2.8,0.7,6.599999,0.0,0.0,0.0,0.0,0.0,28.0,33.9,18.6,29.2,-128.7,21.1,0.0,1.0,1.0,1.0,0.0,0.0,1.0,0.0,90.0,90.0,0
2025-04-11 10:56:45,21.29,5.33,2.8,0.7,6.9,0.0,0.0,0.0,0.0,0.0,28.0,33.9,18.6,29.2,-128.7,21.2,0.0,1.0,1.0,1.0,0.0,0.0,1.0,0.0,90.0,90.0,0
2025-04-11 10:56:46,21.28,5.36,2.7,0.7,6.599999,0.0,0.0,0.0,0.0,0.0,28.0,33.9,18.6,29.2,-128.7,21.1,0.0,1.0,1.0,1.0,0.0,0.0,1.0,0.0,90.0,90.0,0
2025-04-11 10:56:47,21.28,5.33,2.8,0.7,6.9,0.0,0.0,0.0,0.0,0.0,28.0,33.9,18.5,29.2,-128.7,21.2,0.0,1.0,1.0,1.0,0.0,0.0,1.0,0.0,90.0,90.0,0
2025-04-11 10:56:48,21.28,5.33,2.8,0.7,6.9,0.0,0.0,0.0,0.0,0.0,28.0,33.9,18.5,29.2,-128.7,21.1,0.0,1.0,1.0,1.0,0.0,0.0,1.0,0.0,90.0,90.0,0
2025-04-11 10:56:49,21.3,5.36,2.8,0.7,7.2,0.0,0.0,0.0,0.0,0.0,28.0,33.9,18.5,29.2,-128.7,21.1,0.0,1.0,1.0,1.0,0.0,0.0,1.0,0.0,90.0,90.0,0
2025-04-11 10:56:50,21.29,5.34,2.8,0.7,6.8,0.0,0.0,0.0,0.0,0.0,28.0,33.9,18.5,29.2,-128.7,21.2,0.0,1.0,1.0,1.0,0.0,0.0,1.0,0.0,90.0,90.0,0
2025-04-11 10:56:51,21.3,5.349999,2.8,0.7,6.7,0.0,0.0,0.0,0.0,0.0,28.0,33.9,18.5,29.2,-128.7,21.2,0.0,1.0,1.0,1.0,0.0,0.0,1.0,0.0,90.0,90.0,0
2025-04-11 10:56:52,21.29,5.34,2.8,0.7,6.7,0.0,0.0,0.0,0.0,0.0,28.0,33.9,18.5,29.2,-128.7,21.2,0.0,1.0,1.0,1.0,0.0,0.0,1.0,0.0,90.0,90.0,0
2025-04-11 10:56:53,21.28,5.349999,2.8,0.7,6.7,0.0,0.0,0.0,0.0,0.0,28.0,33.9,18.5,29.2,-128.7,21.1,0.0,1.0,1.0,1.0,0.0,0.0,1.0,0.0,90.0,90.0,0
2025-04-11 10:56:54,21.27,5.34,2.8,0.7,7.2,0.0,0.0,0.0,0.0,0.0,28.0,33.9,18.5,29.2,-128.7,21.2,0.0,1.0,1.0,1.0,0.0,0.0,1.0,0.0,90.0,90.0,0
2025-04-11 10:56:55,21.28,5.349999,2.8,0.7,6.9,0.0,0.0,0.0,0.0,0.0,28.0,33.9,18.5,29.2,-128.7,21.1,0.0,1.0,1.0,1.0,0.0,0.0,1.0,0.0,90.0,90.0,0
2025-04-11 10:56:56,21.27,5.34,2.8,0.7,7.2,0.0,0.0,0.0,0.0,0.0,28.0,33.9,18.4,29.2,-128.7,21.2,0.0,1.0,1.0,1.0,0.0,0.0,1.0,0.0,90.0,90.0,0
2025-04-11 10:56:57,21.28,5.34,2.8,0.7,7.4,0.0,0.0,0.0,0.0,0.0,28.0,33.9,18.4,29.2,-128.7,21.1,0.0,1.0,1.0,1.0,0.0,0.0,1.0,0.0,90.0,90.0,0
2025-04-11 10:56:58,21.29,5.34,2.8,0.7,6.8,0.0,0.0,0.0,0.0,0.0,28.0,33.9,18.4,29.2,-128.7,21.2,0.0,1.0,1.0,1.0,0.0,0.0,1.0,0.0,90.0,90.0,0
2025-04-11 10:56:59,21.29,5.33,2.8,0.7,6.9,0.0,0.0,0.0,0.0,0.0,28.0,33.9,18.4,29.2,-128.7,21.2,0.0,1.0,1.0,1.0,0.0,0.0,1.0,0.0,90.0,90.0,0
2025-04-11 10:57:00,21.3,5.349999,2.8,0.7,6.2,0.0,0.0,0.0,0.0,0.0,28.0,33.9,18.4,29.2,-128.7,21.2,0.0,1.0,1.0,1.0,0.0,0.0,1.0,0.0,90.0,90.0,0
2025-04-11 10:57:01,21.28,5.34,2.9,0.7,7.3,0.0,0.0,0.0,0.0,0.0,28.0,33.9,18.4,29.2,-128.7,21.1,0.0,1.0,1.0,1.0,0.0,0.0,1.0,0.0,90.0,90.0,0
2025-04-11 10:57:02,21.27,5.36,2.8,0.7,7.4,0.0,0.0,0.0,0.0,0.0,28.0,33.9,18.4,29.2,-128.7,21.1,0.0,1.0,1.0,1.0,0.0,0.0,1.0,0.0,90.0,90.0,0
2025-04-11 10:57:03,21.27,5.34,2.8,0.7,7.0,0.0,0.0,0.0,0.0,0.0,28.0,33.9,18.4,29.2,-128.7,21.2,0.0,1.0,1.0,1.0,0.0,0.0,1.0,0.0,90.0,90.0,0
2025-04-11 10:57:04,21.28,5.349999,2.8,0.7,7.099999,0.0,0.0,0.0,0.0,0.0,28.0,33.9,18.4,29.2,-128.7,21.1,0.0,1.0,1.0,1.0,0.0,0.0,1.0,0.0,90.0,90.0,0
2025-04-11 10:57:05,21.28,5.349999,2.8,0.7,7.099999,0.0,0.0,0.0,0.0,0.0,28.0,33.9,18.4,29.2,-128.7,21.2,0.0,1.0,1.0,1.0,0.0,0.0,1.0,0.0,90.0,90.0,0
2025-04-11 10:57:06,21.28,5.349999,2.8,0.7,6.5,0.0,0.0,0.0,0.0,0.0,28.0,33.9,18.4,29.2,-128.7,21.1,0.0,1.0,1.0,1.0,0.0,0.0,1.0,0.0,90.0,90.0,0
2025-04-11 10:57:07,21.28,5.34,2.8,0.7,6.599999,0.0,0.0,0.0,0.0,0.0,28.0,33.9,18.4,29.2,-128.7,21.2,0.0,1.0,1.0,1.0,0.0,0.0,1.0,0.0,90.0,90.0,0
2025-04-11 10:57:08,21.29,5.33,2.8,0.7,7.0,0.0,0.0,0.0,0.0,0.0,28.0,33.9,18.3,29.2,-128.7,21.1,0.0,1.0,1.0,1.0,0.0,0.0,1.0,0.0,90.0,90.0,0
2025-04-11 10:57:09,21.29,5.36,2.8,0.7,7.099999,0.0,0.0,0.0,0.0,0.0,28.0,33.9,18.3,29.2,-128.7,21.1,0.0,1.0,1.0,1.0,0.0,0.0,1.0,0.0,90.0,90.0,0
2025-04-11 10:57:10,21.27,5.34,2.8,0.7,6.7,0.0,0.0,0.0,0.0,0.0,28.0,33.9,18.3,29.2,-128.7,21.1,0.0,1.0,1.0,1.0,0.0,0.0,1.0,0.0,90.0,90.0,0
2025-04-11 10:57:11,21.28,5.349999,2.8,0.7,6.7,0.0,0.0,0.0,0.0,0.0,28.0,33.9,18.3,29.2,-128.7,21.1,0.0,1.0,1.0,1.0,0.0,0.0,1.0,0.0,90.0,90.0,0
2025-04-11 10:57:12,21.27,5.34,2.8,0.7,6.9,0.0,0.0,0.0,0.0,0.0,28.0,33.9,18.3,29.2,-128.7,21.2,0.0,1.0,1.0,1.0,0.0,0.0,1.0,0.0,90.0,90.0,0
2025-04-11 10:57:13,21.28,5.349999,2.8,0.7,7.5,0.0,0.0,0.0,0.0,0.0,28.0,33.9,18.3,29.2,-128.7,21.1,0.0,1.0,1.0,1.0,0.0,0.0,1.0,0.0,90.0,90.0,0
2025-04-11 10:57:14,21.28,5.34,2.8,0.7,6.8,0.0,0.0,0.0,0.0,0.0,28.0,33.9,18.3,29.2,-128.7,21.2,0.0,1.0,1.0,1.0,0.0,0.0,1.0,0.0,90.0,90.0,0
2025-04-11 10:57:15,21.28,5.349999,2.8,0.7,7.2,0.0,0.0,0.0,0.0,0.0,28.0,33.9,18.3,29.2,-128.7,21.1,0.0,1.0,1.0,1.0,0.0,0.0,1.0,0.0,90.0,90.0,0
2025-04-11 10:57:16,21.28,5.34,2.8,0.7,7.099999,0.0,0.0,0.0,0.0,0.0,28.0,33.9,18.3,29.2,-128.7,21.2,0.0,1.0,1.0,1.0,0.0,0.0,1.0,0.0,90.0,90.0,0
2025-04-11 10:57:17,21.27,5.34,2.8,0.7,6.7,0.0,0.0,0.0,0.0,0.0,28.0,33.9,18.3,29.2,-128.7,21.1,0.0,1.0,1.0,1.0,0.0,0.0,1.0,0.0,90.0,90.0,0
2025-04-11 10:57:18,21.28,5.34,2.8,0.7,6.9,0.0,0.0,0.0,0.0,0.0,28.0,33.9,18.3,29.2,-128.7,21.2,0.0,1.0,1.0,1.0,0.0,0.0,1.0,0.0,90.0,90.0,0
2025-04-11 10:57:19,21.3,5.349999,2.8,0.7,7.0,0.0,0.0,0.0,0.0,0.0,28.0,33.9,18.3,29.2,-128.7,21.1,0.0,1.0,1.0,1.0,0.0,0.0,1.0,0.0,90.0,90.0,0
2025-04-11 10:57:20,21.28,5.349999,2.8,0.7,7.3,0.0,0.0,0.0,0.0,0.0,28.0,33.9,18.3,29.2,-128.7,21.2,0.0,1.0,1.0,1.0,0.0,0.0,1.0,0.0,90.0,90.0,0
2025-04-11 10:57:21,21.3,5.34,2.8,0.7,7.099999,0.0,0.0,0.0,0.0,0.0,28.0,33.9,18.3,29.2,-128.7,21.2,0.0,1.0,1.0,1.0,0.0,0.0,1.0,0.0,90.0,90.0,0
2025-04-11 10:57:22,21.28,5.34,2.8,0.7,6.7,0.0,0.0,0.0,0.0,0.0,28.0,33.9,18.3,29.1,-128.7,21.0,0.0,1.0,1.0,1.0,0.0,0.0,1.0,0.0,90.0,90.0,0
2025-04-11 10:57:23,21.29,5.33,2.8,0.7,6.5,0.0,0.0,0.0,0.0,0.0,28.0,33.9,18.3,29.1,-128.7,21.1,0.0,1.0,1.0,1.0,0.0,0.0,1.0,0.0,90.0,90.0,0
2025-04-11 10:57:24,21.28,5.349999,2.8,0.7,6.9,0.0,0.0,0.0,0.0,0.0,28.0,33.9,18.2,29.1,-128.7,21.1,0.0,1.0,1.0,1.0,0.0,0.0,1.0,0.0,90.0,90.0,0
2025-04-11 10:57:25,21.27,5.33,2.8,0.7,6.8,0.0,0.0,0.0,0.0,0.0,28.0,33.9,18.2,29.1,-128.7,21.0,0.0,1.0,1.0,1.0,0.0,0.0,1.0,0.0,90.0,90.0,0
2025-04-11 10:57:26,21.29,5.349999,2.8,0.7,7.2,0.0,0.0,0.0,0.0,0.0,28.0,33.9,18.2,29.1,-128.7,21.0,0.0,1.0,1.0,1.0,0.0,0.0,1.0,0.0,90.0,90.0,0
2025-04-11 10:57:27,21.28,5.33,2.8,0.7,7.0,0.0,0.0,0.0,0.0,0.0,28.0,33.9,18.2,29.1,-128.7,21.1,0.0,1.0,1.0,1.0,0.0,0.0,1.0,0.0,90.0,90.0,0
2025-04-11 10:57:28,21.27,5.349999,2.8,0.7,7.2,0.0,0.0,0.0,0.0,0.0,28.0,33.9,18.2,29.1,-128.7,21.0,0.0,1.0,1.0,1.0,0.0,0.0,1.0,0.0,90.0,90.0,0
2025-04-11 10:57:29,21.27,5.349999,2.8,0.7,7.0,0.0,0.0,0.0,0.0,0.0,28.0,33.9,18.2,29.1,-128.7,21.1,0.0,1.0,1.0,1.0,0.0,0.0,1.0,0.0,90.0,90.0,0
2025-04-11 10:57:30,21.28,5.349999,2.8,0.7,6.5,0.0,0.0,0.0,0.0,0.0,28.0,33.9,18.2,29.1,-128.7,21.0,0.0,1.0,1.0,1.0,0.0,0.0,1.0,0.0,90.0,90.0,0
2025-04-11 10:57:31,21.27,5.349999,2.7,0.7,6.3,0.0,0.0,0.0,0.0,0.0,28.0,33.9,18.2,29.1,-128.7,21.0,0.0,1.0,1.0,1.0,0.0,0.0,1.0,0.0,90.0,90.0,0
2025-04-11 10:57:32,21.28,5.34,2.8,0.7,6.7,0.0,0.0,0.0,0.0,0.0,28.0,33.9,18.2,29.1,-128.7,21.1,0.0,1.0,1.0,1.0,0.0,0.0,1.0,0.0,90.0,90.0,0
2025-04-11 10:57:33,21.27,5.349999,2.8,0.7,7.099999,0.0,0.0,0.0,0.0,0.0,28.0,33.9,18.2,29.1,-128.7,21.0,0.0,1.0,1.0,1.0,0.0,0.0,1.0,0.0,90.0,90.0,0
2025-04-11 10:57:34,21.28,5.33,2.8,0.7,7.3,0.0,0.0,0.0,0.0,0.0,28.0,33.9,18.2,29.1,-128.7,21.1,0.0,1.0,1.0,1.0,0.0,0.0,1.0,0.0,90.0,90.0,0
2025-04-11 10:57:35,21.27,5.349999,2.8,0.7,7.5,0.0,0.0,0.0,0.0,0.0,28.0,33.9,18.2,29.1,-128.7,21.0,0.0,1.0,1.0,1.0,0.0,0.0,1.0,0.0,90.0,90.0,0
2025-04-11 10:57:36,21.24,5.33,2.8,0.7,7.5,0.0,0.0,0.0,0.0,0.0,28.0,33.9,18.2,29.1,-128.7,21.1,0.0,1.0,1.0,1.0,0.0,0.0,1.0,0.0,90.0,90.0,0
2025-04-11 10:57:37,21.25,5.349999,2.8,0.7,6.8,0.0,0.0,0.0,0.0,0.0,28.0,33.9,18.2,29.1,-128.7,21.0,0.0,1.0,1.0,1.0,0.0,0.0,1.0,0.0,90.0,90.0,0
2025-04-11 10:57:38,21.27,5.34,2.8,0.7,6.9,0.0,0.0,0.0,0.0,0.0,28.0,33.9,18.2,29.1,-128.7,21.1,0.0,1.0,1.0,1.0,0.0,0.0,1.0,0.0,90.0,90.0,0
2025-04-11 10:57:39,21.27,5.33,2.8,0.7,6.5,0.0,0.0,0.0,0.0,0.0,28.0,33.9,18.2,29.1,-128.7,21.1,0.0,1.0,1.0,1.0,0.0,0.0,1.0,0.0,90.0,90.0,0
2025-04-11 10:57:40,21.25,5.349999,2.8,0.7,6.5,0.0,0.0,0.0,0.0,0.0,28.0,33.9,18.2,29.1,-128.7,21.1,0.0,1.0,1.0,1.0,0.0,0.0,1.0,0.0,90.0,90.0,0
2025-04-11 10:57:41,21.27,5.33,2.8,0.7,6.8,0.0,0.0,0.0,0.0,0.0,28.0,33.9,18.2,29.1,-128.7,21.1,0.0,1.0,1.0,1.0,0.0,0.0,1.0,0.0,90.0,90.0,0
2025-04-11 10:57:42,21.27,5.349999,2.8,0.7,7.099999,0.0,0.0,0.0,0.0,0.0,28.0,33.9,18.2,29.1,-128.7,21.1,0.0,1.0,1.0,1.0,0.0,0.0,1.0,0.0,90.0,90.0,0
2025-04-11 10:57:43,21.28,5.33,2.8,0.7,7.2,0.0,0.0,0.0,0.0,0.0,28.0,33.9,18.2,29.1,-128.7,21.1,0.0,1.0,1.0,1.0,0.0,0.0,1.0,0.0,90.0,90.0,0
2025-04-11 10:57:44,21.29,5.349999,2.8,0.7,6.9,0.0,0.0,0.0,0.0,0.0,28.0,33.9,18.2,29.1,-128.7,21.0,0.0,1.0,1.0,1.0,0.0,0.0,1.0,0.0,90.0,90.0,0
2025-04-11 10:57:45,21.28,5.33,2.8,0.7,6.599999,0.0,0.0,0.0,0.0,0.0,28.0,33.9,18.2,29.1,-128.7,21.1,0.0,1.0,1.0,1.0,0.0,0.0,1.0,0.0,90.0,90.0,0
2025-04-11 10:57:46,21.27,5.349999,2.8,0.7,6.9,0.0,0.0,0.0,0.0,0.0,28.0,33.9,18.2,29.1,-128.7,21.0,0.0,1.0,1.0,1.0,0.0,0.0,1.0,0.0,90.0,90.0,0
2025-04-11 10:57:47,21.27,5.349999,2.8,0.7,6.8,0.0,0.0,0.0,0.0,0.0,28.0,33.9,18.2,29.1,-128.7,21.1,0.0,1.0,1.0,1.0,0.0,0.0,1.0,0.0,90.0,90.0,0
2025-04-11 10:57:48,21.27,5.34,2.8,0.7,7.0,0.0,0.0,0.0,0.0,0.0,28.0,33.9,18.2,29.1,-128.7,21.1,0.0,1.0,1.0,1.0,0.0,0.0,1.0,0.0,90.0,90.0,0
2025-04-11 10:57:49,21.25,5.36,2.8,0.7,6.3,0.0,0.0,0.0,0.0,0.0,28.0,33.9,18.2,29.1,-128.7,21.0,0.0,1.0,1.0,1.0,0.0,0.0,1.0,0.0,90.0,90.0,0
2025-04-11 10:57:50,21.27,5.33,2.8,0.7,6.4,0.0,0.0,0.0,0.0,0.0,28.0,33.9,18.2,29.1,-128.7,21.1,0.0,1.0,1.0,1.0,0.0,0.0,1.0,0.0,90.0,90.0,0
2025-04-11 10:57:51,21.25,5.36,2.8,0.7,6.599999,0.0,0.0,0.0,0.0,0.0,28.0,33.9,18.2,29.1,-128.7,21.0,0.0,1.0,1.0,1.0,0.0,0.0,1.0,0.0,90.0,90.0,0
2025-04-11 10:57:52,21.25,5.349999,2.8,0.7,7.099999,0.0,0.0,0.0,0.0,0.0,28.0,33.9,18.2,29.1,-128.7,21.1,0.0,1.0,1.0,1.0,0.0,0.0,1.0,0.0,90.0,90.0,0
2025-04-11 10:57:53,21.25,5.349999,2.8,0.7,6.599999,0.0,0.0,0.0,0.0,0.0,28.0,33.9,18.2,29.1,-128.7,21.0,0.0,1.0,1.0,1.0,0.0,0.0,1.0,0.0,90.0,90.0,0
2025-04-11 10:57:54,21.25,5.349999,2.8,0.7,6.599999,0.0,0.0,0.0,0.0,0.0,28.0,33.9,18.2,29.1,-128.7,21.1,0.0,1.0,1.0,1.0,0.0,0.0,1.0,0.0,90.0,90.0,0
2025-04-11 10:57:55,21.27,5.34,2.8,0.7,6.7,0.0,0.0,0.0,0.0,0.0,28.0,33.9,18.2,29.1,-128.7,21.0,0.0,1.0,1.0,1.0,0.0,0.0,1.0,0.0,90.0,90.0,0
2025-04-11 10:57:56,21.28,5.349999,2.8,0.7,7.099999,0.0,0.0,0.0,0.0,0.0,28.0,33.9,18.2,29.1,-128.7,21.0,0.0,1.0,1.0,1.0,0.0,0.0,1.0,0.0,90.0,90.0,0
2025-04-11 10:57:57,21.27,5.34,2.8,0.7,7.5,0.0,0.0,0.0,0.0,0.0,28.0,33.9,18.2,29.1,-128.7,21.0,0.0,1.0,1.0,1.0,0.0,0.0,1.0,0.0,90.0,90.0,0
2025-04-11 10:57:58,21.28,5.36,2.8,0.7,7.2,0.0,0.0,0.0,0.0,0.0,28.0,33.9,18.2,29.1,-128.7,21.0,0.0,1.0,1.0,1.0,0.0,0.0,1.0,0.0,90.0,90.0,0
2025-04-11 10:57:59,21.29,5.34,2.8,0.7,6.599999,0.0,0.0,0.0,0.0,0.0,28.0,33.9,18.2,29.1,-128.7,21.0,0.0,1.0,1.0,1.0,0.0,0.0,1.0,0.0,90.0,90.0,0
2025-04-11 10:58:00,21.29,5.349999,2.8,0.7,6.4,0.0,0.0,0.0,0.0,0.0,28.0,33.9,18.2,29.0,-128.7,20.9,0.0,1.0,1.0,1.0,0.0,0.0,1.0,0.0,90.0,90.0,0
2025-04-11 10:58:01,21.29,5.33,2.8,0.7,6.9,0.0,0.0,0.0,0.0,0.0,28.0,33.9,18.2,29.0,-128.7,21.0,0.0,1.0,1.0,1.0,0.0,0.0,1.0,0.0,90.0,90.0,0
2025-04-11 10:58:02,21.28,5.349999,2.7,0.7,6.7,0.0,0.0,0.0,0.0,0.0,28.0,33.9,18.2,29.0,-128.7,20.9,0.0,1.0,1.0,1.0,0.0,0.0,1.0,0.0,90.0,90.0,0
2025-04-11 10:58:03,21.27,5.34,2.8,0.7,7.099999,0.0,0.0,0.0,0.0,0.0,28.0,33.9,18.2,29.0,-128.7,21.0,0.0,1.0,1.0,1.0,0.0,0.0,1.0,0.0,90.0,90.0,0
2025-04-11 10:58:04,21.28,5.349999,2.7,0.7,7.5,0.0,0.0,0.0,0.0,0.0,28.0,33.9,18.2,29.0,-128.7,20.9,0.0,1.0,1.0,1.0,0.0,0.0,1.0,0.0,90.0,90.0,0
2025-04-11 10:58:05,21.27,5.349999,2.8,0.7,7.2,0.0,0.0,0.0,0.0,0.0,28.0,33.9,18.2,29.0,-128.7,21.0,0.0,1.0,1.0,1.0,0.0,0.0,1.0,0.0,90.0,90.0,0
2025-04-11 10:58:06,21.28,5.34,2.8,0.7,6.8,0.0,0.0,0.0,0.0,0.0,28.0,33.9,18.2,29.0,-128.7,20.9,0.0,1.0,1.0,1.0,0.0,0.0,1.0,0.0,90.0,90.0,0
2025-04-11 10:58:07,21.28,5.349999,2.8,0.7,7.0,0.0,0.0,0.0,0.0,0.0,28.0,33.9,18.2,29.0,-128.7,21.0,0.0,1.0,1.0,1.0,0.0,0.0,1.0,0.0,90.0,90.0,0
2025-04-11 10:58:08,21.28,5.34,2.8,0.7,7.4,0.0,0.0,0.0,0.0,0.0,28.0,33.9,18.2,29.0,-128.7,21.0,0.0,1.0,1.0,1.0,0.0,0.0,1.0,0.0,90.0,90.0,0
2025-04-11 10:58:09,21.29,5.349999,2.8,0.7,7.4,0.0,0.0,0.0,0.0,0.0,28.0,33.9,18.2,29.0,-128.7,20.9,0.0,1.0,1.0,1.0,0.0,0.0,1.0,0.0,90.0,90.0,0
2025-04-11 10:58:10,21.29,5.34,2.8,0.7,6.9,0.0,0.0,0.0,0.0,0.0,28.0,33.9,18.2,29.0,-128.7,21.0,0.0,1.0,1.0,1.0,0.0,0.0,1.0,0.0,90.0,90.0,0
2025-04-11 10:58:11,21.28,5.349999,2.8,0.7,6.8,0.0,0.0,0.0,0.0,0.0,28.0,33.9,18.2,29.0,-128.7,20.9,0.0,1.0,1.0,1.0,0.0,0.0,1.0,0.0,90.0,90.0,0
2025-04-11 10:58:12,21.25,5.34,2.8,0.7,6.5,0.0,0.0,0.0,0.0,0.0,28.0,33.9,18.2,29.0,-128.7,21.0,0.0,1.0,1.0,1.0,0.0,0.0,1.0,0.0,90.0,90.0,0
2025-04-11 10:58:13,21.27,5.34,2.8,0.7,6.4,0.0,0.0,0.0,0.0,0.0,28.0,33.9,18.2,29.0,-128.7,20.9,0.0,1.0,1.0,1.0,0.0,0.0,1.0,0.0,90.0,90.0,0
2025-04-11 10:58:14,21.27,5.34,2.8,0.7,7.099999,0.0,0.0,0.0,0.0,0.0,28.0,33.9,18.2,29.0,-128.7,21.0,0.0,1.0,1.0,1.0,0.0,0.0,1.0,0.0,90.0,90.0,0
2025-04-11 10:58:15,21.28,5.349999,2.8,0.7,7.0,0.0,0.0,0.0,0.0,0.0,28.0,33.9,18.2,29.0,-128.7,21.0,0.0,1.0,1.0,1.0,0.0,0.0,1.0,0.0,90.0,90.0,0
2025-04-11 10:58:16,21.27,5.33,2.8,0.7,7.0,0.0,0.0,0.0,0.0,0.0,28.0,33.9,18.2,29.0,-128.7,21.0,0.0,1.0,1.0,1.0,0.0,0.0,1.0,0.0,90.0,90.0,0
2025-04-11 10:58:17,21.25,5.349999,2.8,0.7,6.8,0.0,0.0,0.0,0.0,0.0,28.0,33.9,18.2,29.0,-128.7,20.9,0.0,1.0,1.0,1.0,0.0,0.0,1.0,0.0,90.0,90.0,0
2025-04-11 10:58:18,21.27,5.33,2.8,0.7,6.599999,0.0,0.0,0.0,0.0,0.0,28.0,33.9,18.2,29.0,-128.7,21.0,0.0,1.0,1.0,1.0,0.0,0.0,1.0,0.0,90.0,90.0,0
2025-04-11 10:58:19,21.27,5.349999,2.8,0.7,6.9,0.0,0.0,0.0,0.0,0.0,28.0,33.9,18.2,29.0,-128.7,20.9,0.0,1.0,1.0,1.0,0.0,0.0,1.0,0.0,90.0,90.0,0
2025-04-11 10:58:20,21.24,5.34,2.8,0.7,7.4,0.0,0.0,0.0,0.0,0.0,28.0,33.9,18.2,29.0,-128.7,21.0,0.0,1.0,1.0,1.0,0.0,0.0,1.0,0.0,90.0,90.0,0
2025-04-11 10:58:21,21.25,5.33,2.8,0.7,7.3,0.0,0.0,0.0,0.0,0.0,28.0,33.9,18.2,29.0,-128.7,20.9,0.0,1.0,1.0,1.0,0.0,0.0,1.0,0.0,90.0,90.0,0
2025-04-11 10:58:22,21.28,5.349999,2.8,0.7,6.5,0.0,0.0,0.0,0.0,0.0,28.0,33.9,18.3,29.0,-128.7,21.0,0.0,1.0,1.0,1.0,0.0,0.0,1.0,0.0,90.0,90.0,0
2025-04-11 10:58:23,21.27,5.33,2.8,0.7,6.7,0.0,0.0,0.0,0.0,0.0,28.0,33.9,18.3,29.0,-128.7,20.9,0.0,1.0,1.0,1.0,0.0,0.0,1.0,0.0,90.0,90.0,0
2025-04-11 10:58:24,21.29,5.34,2.8,0.7,6.599999,0.0,0.0,0.0,0.0,0.0,28.0,33.9,18.3,29.0,-128.7,21.0,0.0,1.0,1.0,1.0,0.0,0.0,1.0,0.0,90.0,90.0,0
2025-04-11 10:58:25,21.28,5.33,2.8,0.7,6.5,0.0,0.0,0.0,0.0,0.0,28.0,33.9,18.3,29.0,-128.7,21.0,0.0,1.0,1.0,1.0,0.0,0.0,1.0,0.0,90.0,90.0,0
2025-04-11 10:58:26,21.27,5.34,2.7,0.7,7.7,0.0,0.0,0.0,0.0,0.0,28.0,33.9,18.3,29.0,-128.7,21.0,0.0,1.0,1.0,1.0,0.0,0.0,1.0,0.0,90.0,90.0,0
2025-04-11 10:58:27,21.25,5.33,2.8,0.7,6.9,0.0,0.0,0.0,0.0,0.0,28.0,33.9,18.3,29.0,-128.7,21.0,0.0,1.0,1.0,1.0,0.0,0.0,1.0,0.0,90.0,90.0,0
2025-04-11 10:58:28,21.28,5.349999,2.8,0.7,7.2,0.0,0.0,0.0,0.0,0.0,28.0,33.9,18.3,29.0,-128.7,21.0,0.0,1.0,1.0,1.0,0.0,0.0,1.0,0.0,90.0,90.0,0
2025-04-11 10:58:29,21.28,5.33,2.8,0.7,7.099999,0.0,0.0,0.0,0.0,0.0,28.0,33.9,18.3,29.0,-128.7,21.0,0.0,1.0,1.0,1.0,0.0,0.0,1.0,0.0,90.0,90.0,0
2025-04-11 10:58:30,21.28,5.349999,2.8,0.7,7.099999,0.0,0.0,0.0,0.0,0.0,28.0,33.9,18.3,29.0,-128.7,21.0,0.0,1.0,1.0,1.0,0.0,0.0,1.0,0.0,90.0,90.0,0
2025-04-11 10:58:31,21.27,5.33,2.8,0.7,6.9,0.0,0.0,0.0,0.0,0.0,28.0,33.9,18.3,29.0,-128.7,21.0,0.0,1.0,1.0,1.0,0.0,0.0,1.0,0.0,90.0,90.0,0
2025-04-11 10:58:32,21.28,5.349999,2.8,0.7,7.0,0.0,0.0,0.0,0.0,0.0,28.0,33.9,18.3,29.0,-128.7,21.0,0.0,1.0,1.0,1.0,0.0,0.0,1.0,0.0,90.0,90.0,0
2025-04-11 10:58:33,21.25,5.33,2.8,0.7,7.4,0.0,0.0,0.0,0.0,0.0,28.0,33.9,18.3,29.0,-128.7,21.0,0.0,1.0,1.0,1.0,0.0,0.0,1.0,0.0,90.0,90.0,0
2025-04-11 10:58:34,21.24,5.34,2.8,0.7,7.0,0.0,0.0,0.0,0.0,0.0,28.0,33.9,18.3,29.0,-128.7,21.0,0.0,1.0,1.0,1.0,0.0,0.0,1.0,0.0,90.0,90.0,0
2025-04-11 10:58:35,21.24,5.34,2.8,0.7,7.099999,0.0,0.0,0.0,0.0,0.0,28.0,33.9,18.3,29.0,-128.7,21.0,0.0,1.0,1.0,1.0,0.0,0.0,1.0,0.0,90.0,90.0,0
2025-04-11 10:58:36,21.25,5.34,2.8,0.7,7.3,0.0,0.0,0.0,0.0,0.0,28.0,33.9,18.3,29.0,-128.7,21.0,0.0,1.0,1.0,1.0,0.0,0.0,1.0,0.0,90.0,90.0,0
2025-04-11 10:58:37,21.25,5.349999,2.8,0.7,6.8,0.0,0.0,0.0,0.0,0.0,28.0,33.9,18.3,29.0,-128.7,20.9,0.0,1.0,1.0,1.0,0.0,0.0,1.0,0.0,90.0,90.0,0
2025-04-11 10:58:38,21.27,5.33,2.8,0.7,6.5,0.0,0.0,0.0,0.0,0.0,28.0,33.9,18.3,29.0,-128.7,21.0,0.0,1.0,1.0,1.0,0.0,0.0,1.0,0.0,90.0,90.0,0
2025-04-11 10:58:39,21.27,5.349999,2.8,0.7,7.4,0.0,0.0,0.0,0.0,0.0,28.0,33.9,18.3,29.0,-128.7,20.9,0.0,1.0,1.0,1.0,0.0,0.0,1.0,0.0,90.0,90.0,0
2025-04-11 10:58:40,21.24,5.33,2.8,0.7,6.7,0.0,0.0,0.0,0.0,0.0,28.0,33.9,18.3,29.0,-128.7,21.0,0.0,1.0,1.0,1.0,0.0,0.0,1.0,0.0,90.0,90.0,0
2025-04-11 10:58:41,21.27,5.349999,2.8,0.7,6.7,0.0,0.0,0.0,0.0,0.0,28.0,33.9,18.3,29.0,-128.7,20.9,0.0,1.0,1.0,1.0,0.0,0.0,1.0,0.0,90.0,90.0,0
2025-04-11 10:58:42,21.25,5.33,2.8,0.7,6.5,0.0,0.0,0.0,0.0,0.0,28.0,33.9,18.3,29.0,-128.7,21.0,0.0,1.0,1.0,1.0,0.0,0.0,1.0,0.0,90.0,90.0,0
2025-04-11 10:58:43,21.23,5.349999,2.8,0.7,7.2,0.0,0.0,0.0,0.0,0.0,28.0,33.9,18.3,29.0,-128.7,20.9,0.0,1.0,1.0,1.0,0.0,0.0,1.0,0.0,90.0,90.0,0
2025-04-11 10:58:44,21.24,5.34,2.8,0.7,6.8,0.0,0.0,0.0,0.0,0.0,28.0,33.9,18.3,29.0,-128.7,21.0,0.0,1.0,1.0,1.0,0.0,0.0,1.0,0.0,90.0,90.0,0
2025-04-11 10:58:45,21.24,5.33,2.8,0.7,6.9,0.0,0.0,0.0,0.0,0.0,28.0,33.9,18.3,29.0,-128.7,20.9,0.0,1.0,1.0,1.0,0.0,0.0,1.0,0.0,90.0,90.0,0
2025-04-11 10:58:46,21.25,5.349999,2.8,0.7,7.3,0.0,0.0,0.0,0.0,0.0,28.0,33.9,18.3,29.0,-128.7,21.0,0.0,1.0,1.0,1.0,0.0,0.0,1.0,0.0,90.0,90.0,0
2025-04-11 10:58:47,21.24,5.33,2.8,0.7,6.9,0.0,0.0,0.0,0.0,0.0,28.0,33.9,18.4,29.0,-128.7,21.0,0.0,1.0,1.0,1.0,0.0,0.0,1.0,0.0,90.0,90.0,0
2025-04-11 10:58:48,21.25,5.36,2.8,0.7,6.8,0.0,0.0,0.0,0.0,0.0,28.0,33.9,18.4,29.0,-128.7,20.9,0.0,1.0,1.0,1.0,0.0,0.0,1.0,0.0,90.0,90.0,0
2025-04-11 10:58:49,21.23,5.34,2.8,0.7,7.2,0.0,0.0,0.0,0.0,0.0,28.0,33.9,18.4,29.0,-128.7,21.0,0.0,1.0,1.0,1.0,0.0,0.0,1.0,0.0,90.0,90.0,0
2025-04-11 10:58:50,21.24,5.34,2.8,0.7,7.2,0.0,0.0,0.0,0.0,0.0,28.0,33.9,18.4,29.0,-128.7,20.9,0.0,1.0,1.0,1.0,0.0,0.0,1.0,0.0,90.0,90.0,0
2025-04-11 10:58:51,21.23,5.34,2.8,0.7,6.8,0.0,0.0,0.0,0.0,0.0,28.0,33.9,18.4,29.0,-128.7,20.9,0.0,1.0,1.0,1.0,0.0,0.0,1.0,0.0,90.0,90.0,0
2025-04-11 10:58:52,21.24,5.349999,2.8,0.7,7.2,0.0,0.0,0.0,0.0,0.0,28.0,33.9,18.5,29.0,-128.7,20.9,0.0,1.0,1.0,1.0,0.0,0.0,1.0,0.0,90.0,90.0,0
2025-04-11 10:58:53,21.24,5.349999,2.8,0.7,7.0,0.0,0.0,0.0,0.0,0.0,28.0,33.9,18.5,29.0,-128.7,21.0,0.0,1.0,1.0,1.0,0.0,0.0,1.0,0.0,90.0,90.0,0
2025-04-11 10:58:54,21.23,5.33,2.8,0.7,7.2,0.0,0.0,0.0,0.0,0.0,28.0,33.9,18.5,29.0,-128.7,21.0,0.0,1.0,1.0,1.0,0.0,0.0,1.0,0.0,90.0,90.0,0
2025-04-11 10:58:55,21.23,5.349999,2.8,0.7,6.9,0.0,0.0,0.0,0.0,0.0,28.0,33.8,18.5,29.0,-128.7,20.9,0.0,1.0,1.0,1.0,0.0,0.0,1.0,0.0,90.0,90.0,0
2025-04-11 10:58:56,21.24,5.33,2.7,0.7,7.2,0.0,0.0,0.0,0.0,0.0,28.0,33.8,18.5,29.0,-128.7,21.0,0.0,1.0,1.0,1.0,0.0,0.0,1.0,0.0,90.0,90.0,0
2025-04-11 10:58:57,21.24,5.349999,2.7,0.7,7.3,0.0,0.0,0.0,0.0,0.0,28.0,33.8,18.5,29.0,-128.7,20.9,0.0,1.0,1.0,1.0,0.0,0.0,1.0,0.0,90.0,90.0,0
2025-04-11 10:58:58,21.24,5.34,2.8,0.7,7.2,0.0,0.0,0.0,0.0,0.0,28.0,33.8,18.5,29.0,-128.7,21.0,0.0,1.0,1.0,1.0,0.0,0.0,1.0,0.0,90.0,90.0,0
2025-04-11 10:58:59,21.25,5.34,2.7,0.7,7.2,0.0,0.0,0.0,0.0,0.0,28.0,33.8,18.5,29.0,-128.7,21.0,0.0,1.0,1.0,1.0,0.0,0.0,1.0,0.0,90.0,90.0,0
2025-04-11 10:59:00,21.24,5.349999,2.8,0.7,6.7,0.0,0.0,0.0,0.0,0.0,28.0,33.8,18.6,29.0,-128.7,21.0,0.0,1.0,1.0,1.0,0.0,0.0,1.0,0.0,90.0,90.0,0
2025-04-11 14:19:00,21.2,5.29,2.8,0.7,5.2,0.0,0.0,0.0,0.0,0.0,27.9,33.9,16.4,28.2,-128.7,20.5,0.0,1.0,1.0,1.0,0.0,0.0,1.0,0.0,82.0,82.0,0
2025-04-11 14:19:01,21.2,5.3,2.8,0.7,4.7,0.0,0.0,0.0,0.0,0.0,27.9,33.9,16.4,28.2,-128.7,20.4,0.0,1.0,1.0,1.0,0.0,0.0,1.0,0.0,82.0,82.0,0
2025-04-11 14:19:02,21.19,5.29,2.8,0.7,4.8,0.0,0.0,0.0,0.0,0.0,27.9,33.9,16.4,28.2,-128.7,20.5,0.0,1.0,1.0,1.0,0.0,0.0,1.0,0.0,82.0,82.0,0
2025-04-11 14:19:03,21.2,5.3,2.8,0.7,5.1,0.0,0.0,0.0,0.0,0.0,27.9,33.9,16.4,28.2,-128.7,20.4,0.0,1.0,1.0,1.0,0.0,0.0,1.0,0.0,82.0,82.0,0
2025-04-11 14:19:04,21.2,5.29,2.8,0.7,4.7,0.0,0.0,0.0,0.0,0.0,27.9,33.9,16.4,28.2,-128.7,20.5,0.0,1.0,1.0,1.0,0.0,0.0,1.0,0.0,82.0,82.0,0
2025-04-11 14:19:05,21.19,5.3,2.8,0.7,4.8,0.0,0.0,0.0,0.0,0.0,27.9,33.9,16.4,28.2,-128.7,20.4,0.0,1.0,1.0,1.0,0.0,0.0,1.0,0.0,82.0,82.0,0
2025-04-11 14:19:06,21.2,5.29,2.8,0.7,5.1,0.0,0.0,0.0,0.0,0.0,27.9,33.9,16.4,28.2,-128.7,20.5,0.0,1.0,1.0,1.0,0.0,0.0,1.0,0.0,82.0,82.0,0
2025-04-11 14:19:07,21.2,5.3,2.8,0.7,5.2,0.0,0.0,0.0,0.0,0.0,27.9,33.9,16.4,28.2,-128.7,20.4,0.0,1.0,1.0,1.0,0.0,0.0,1.0,0.0,82.0,82.0,0
2025-04-11 14:19:08,21.2,5.3,2.8,0.7,4.9,0.0,0.0,0.0,0.0,0.0,27.9,33.9,16.4,28.2,-128.7,20.4,0.0,1.0,1.0,1.0,0.0,0.0,1.0,0.0,82.0,82.0,0
2025-04-11 14:19:09,21.22,5.3,2.8,0.7,5.2,0.0,0.0,0.0,0.0,0.0,27.9,33.9,16.3,28.2,-128.7,20.5,0.0,1.0,1.0,1.0,0.0,0.0,1.0,0.0,82.0,82.0,0
2025-04-11 14:19:10,21.2,5.3,2.7,0.7,5.4,0.0,0.0,0.0,0.0,0.0,27.9,33.9,16.3,28.2,-128.7,20.4,0.0,1.0,1.0,1.0,0.0,0.0,1.0,0.0,82.0,82.0,0
2025-04-11 14:19:11,21.2,5.29,2.8,0.7,5.0,0.0,0.0,0.0,0.0,0.0,27.9,33.9,16.3,28.2,-128.7,20.5,0.0,1.0,1.0,1.0,0.0,0.0,1.0,0.0,82.0,82.0,0
2025-04-11 14:19:12,21.23,5.3,2.8,0.7,5.2,0.0,0.0,0.0,0.0,0.0,27.9,33.9,16.3,28.2,-128.7,20.4,0.0,1.0,1.0,1.0,0.0,0.0,1.0,0.0,82.0,82.0,0
2025-04-11 14:19:13,21.2,5.29,2.8,0.7,5.3,0.0,0.0,0.0,0.0,0.0,27.9,33.9,16.3,28.2,-128.7,20.5,0.0,1.0,1.0,1.0,0.0,0.0,1.0,0.0,82.0,82.0,0
2025-04-11 14:19:14,21.22,5.3,2.8,0.7,4.9,0.0,0.0,0.0,0.0,0.0,27.9,33.9,16.3,28.2,-128.7,20.4,0.0,1.0,1.0,1.0,0.0,0.0,1.0,0.0,82.0,82.0,0
2025-04-11 14:19:15,21.23,5.29,2.8,0.7,5.2,0.0,0.0,0.0,0.0,0.0,27.9,33.9,16.3,28.2,-128.7,20.5,0.0,1.0,1.0,1.0,0.0,0.0,1.0,0.0,82.0,82.0,0
2025-04-11 14:19:16,21.22,5.3,2.8,0.7,5.1,0.0,0.0,0.0,0.0,0.0,27.9,33.9,16.3,28.2,-128.7,20.4,0.0,1.0,1.0,1.0,0.0,0.0,1.0,0.0,82.0,82.0,0
2025-04-11 14:19:17,21.22,5.3,2.8,0.7,4.9,0.0,0.0,0.0,0.0,0.0,27.9,33.9,16.3,28.2,-128.7,20.5,0.0,1.0,1.0,1.0,0.0,0.0,1.0,0.0,82.0,82.0,0
2025-04-11 14:19:18,21.22,5.3,2.8,0.7,5.5,0.0,0.0,0.0,0.0,0.0,27.9,33.9,16.3,28.2,-128.7,20.4,0.0,1.0,1.0,1.0,0.0,0.0,1.0,0.0,82.0,82.0,0
2025-04-11 14:19:19,21.2,5.3,2.8,0.7,5.2,0.0,0.0,0.0,0.0,0.0,27.9,33.9,16.3,28.2,-128.7,20.5,0.0,1.0,1.0,1.0,0.0,0.0,1.0,0.0,82.0,82.0,0
2025-04-11 14:19:20,21.22,5.28,2.8,0.7,5.1,0.0,0.0,0.0,0.0,0.0,27.9,33.9,16.3,28.1,-128.7,20.3,0.0,1.0,1.0,1.0,0.0,0.0,1.0,0.0,82.0,82.0,0
2025-04-11 14:19:21,21.2,5.3,2.7,0.7,4.7,0.0,0.0,0.0,0.0,0.0,27.9,33.9,16.3,28.1,-128.7,20.3,0.0,1.0,1.0,1.0,0.0,0.0,1.0,0.0,82.0,82.0,0
2025-04-11 14:19:22,21.22,5.29,2.8,0.7,5.1,0.0,0.0,0.0,0.0,0.0,27.9,33.9,16.3,28.1,-128.7,20.4,0.0,1.0,1.0,1.0,0.0,0.0,1.0,0.0,82.0,82.0,0
2025-04-11 14:19:23,21.22,5.3,2.8,0.7,4.8,0.0,0.0,0.0,0.0,0.0,27.8,33.9,16.3,28.1,-128.7,20.3,0.0,1.0,1.0,1.0,0.0,0.0,1.0,0.0,82.0,82.0,0
2025-04-11 14:19:24,21.23,5.3,2.8,0.7,4.5,0.0,0.0,0.0,0.0,0.0,27.8,33.9,16.3,28.1,-128.7,20.4,0.0,1.0,1.0,1.0,0.0,0.0,1.0,0.0,82.0,82.0,0
2025-04-11 14:19:25,21.2,5.3,2.7,0.7,5.4,0.0,0.0,0.0,0.0,0.0,27.8,33.9,16.3,28.1,-128.7,20.3,0.0,1.0,1.0,1.0,0.0,0.0,1.0,0.0,82.0,82.0,0
2025-04-11 14:19:26,21.22,5.3,2.8,0.7,4.8,0.0,0.0,0.0,0.0,0.0,27.8,33.9,16.3,28.1,-128.7,20.3,0.0,1.0,1.0,1.0,0.0,0.0,1.0,0.0,82.0,82.0,0
2025-04-11 14:19:27,21.2,5.29,2.8,0.7,4.7,0.0,0.0,0.0,0.0,0.0,27.8,33.9,16.3,28.1,-128.7,20.3,0.0,1.0,1.0,1.0,0.0,0.0,1.0,0.0,82.0,82.0,0
2025-04-11 14:19:28,21.2,5.309999,2.8,0.7,4.8,0.0,0.0,0.0,0.0,0.0,27.8,33.9,16.3,28.1,-128.7,20.3,0.0,1.0,1.0,1.0,0.0,0.0,1.0,0.0,82.0,82.0,0
2025-04-11 14:19:29,21.2,5.29,2.7,0.7,4.7,0.0,0.0,0.0,0.0,0.0,27.8,33.9,16.3,28.1,-128.7,20.3,0.0,1.0,1.0,1.0,0.0,0.0,1.0,0.0,82.0,82.0,0
2025-04-11 14:19:30,21.23,5.3,2.8,0.7,4.7,0.0,0.0,0.0,0.0,0.0,27.8,33.9,16.3,28.1,-128.7,20.3,0.0,1.0,1.0,1.0,0.0,0.0,1.0,0.0,82.0,82.0,0
2025-04-11 14:19:31,21.22,5.29,2.8,0.7,4.8,0.0,0.0,0.0,0.0,0.0,27.8,33.9,16.3,28.1,-128.7,20.4,0.0,1.0,1.0,1.0,0.0,0.0,1.0,0.0,82.0,82.0,0
2025-04-11 14:19:32,21.23,5.3,2.8,0.7,4.8,0.0,0.0,0.0,0.0,0.0,27.8,33.9,16.3,28.1,-128.7,20.3,0.0,1.0,1.0,1.0,0.0,0.0,1.0,0.0,82.0,82.0,0
2025-04-11 14:19:33,21.2,5.3,2.8,0.7,5.1,0.0,0.0,0.0,0.0,0.0,27.8,33.9,16.3,28.1,-128.7,20.3,0.0,1.0,1.0,1.0,0.0,0.0,1.0,0.0,82.0,82.0,0
2025-04-11 14:19:34,21.22,5.29,2.8,0.7,4.9,0.0,0.0,0.0,0.0,0.0,27.8,33.9,16.3,28.1,-128.7,20.3,0.0,1.0,1.0,1.0,0.0,0.0,1.0,0.0,82.0,82.0,0
2025-04-11 14:19:35,21.2,5.3,2.8,0.7,5.4,0.0,0.0,0.0,0.0,0.0,27.8,33.9,16.3,28.1,-128.7,20.4,0.0,1.0,1.0,1.0,0.0,0.0,1.0,0.0,82.0,82.0,0
2025-04-11 14:19:36,21.18,5.29,2.8,0.7,5.1,0.0,0.0,0.0,0.0,0.0,27.8,33.9,16.3,28.1,-128.7,20.3,0.0,1.0,1.0,1.0,0.0,0.0,1.0,0.0,82.0,82.0,0
2025-04-11 14:19:37,21.19,5.3,2.8,0.7,5.2,0.0,0.0,0.0,0.0,0.0,27.8,33.9,16.3,28.1,-128.7,20.3,0.0,1.0,1.0,1.0,0.0,0.0,1.0,0.0,82.0,82.0,0
2025-04-11 14:19:38,21.19,5.29,2.8,0.7,5.1,0.0,0.0,0.0,0.0,0.0,27.8,33.9,16.3,28.1,-128.7,20.4,0.0,1.0,1.0,1.0,0.0,0.0,1.0,0.0,82.0,82.0,0
2025-04-11 14:19:39,21.19,5.3,2.8,0.7,5.3,0.0,0.0,0.0,0.0,0.0,27.8,33.9,16.3,28.1,-128.7,20.3,0.0,1.0,1.0,1.0,0.0,0.0,1.0,0.0,82.0,82.0,0
2025-04-11 14:19:40,21.18,5.29,2.7,0.7,4.6,0.0,0.0,0.0,0.0,0.0,27.8,33.9,16.3,28.1,-128.7,20.4,0.0,1.0,1.0,1.0,0.0,0.0,1.0,0.0,82.0,82.0,0
2025-04-11 14:19:41,21.2,5.3,2.8,0.7,4.9,0.0,0.0,0.0,0.0,0.0,27.8,33.9,16.3,28.1,-128.7,20.3,0.0,1.0,1.0,1.0,0.0,0.0,1.0,0.0,82.0,82.0,0
2025-04-11 14:19:42,21.18,5.3,2.7,0.7,4.9,0.0,0.0,0.0,0.0,0.0,27.8,33.9,16.3,28.1,-128.7,20.3,0.0,1.0,1.0,1.0,0.0,0.0,1.0,0.0,82.0,82.0,0
2025-04-11 14:19:43,21.2,5.28,2.8,0.7,4.7,0.0,0.0,0.0,0.0,0.0,27.8,33.9,16.3,28.1,-128.7,20.4,0.0,1.0,1.0,1.0,0.0,0.0,1.0,0.0,82.0,82.0,0
2025-04-11 14:19:44,21.19,5.3,2.8,0.7,4.7,0.0,0.0,0.0,0.0,0.0,27.8,33.9,16.3,28.1,-128.7,20.3,0.0,1.0,1.0,1.0,0.0,0.0,1.0,0.0,82.0,82.0,0
2025-04-11 14:19:45,21.2,5.29,2.8,0.7,4.7,0.0,0.0,0.0,0.0,0.0,27.8,33.9,16.3,28.1,-128.7,20.4,0.0,1.0,1.0,1.0,0.0,0.0,1.0,0.0,82.0,82.0,0
2025-04-11 14:19:46,21.19,5.3,2.8,0.7,5.0,0.0,0.0,0.0,0.0,0.0,27.8,33.9,16.3,28.0,-128.7,20.2,0.0,1.0,1.0,1.0,0.0,0.0,1.0,0.0,82.0,82.0,0
2025-04-11 14:19:47,21.2,5.29,2.8,0.7,4.9,0.0,0.0,0.0,0.0,0.0,27.8,33.9,16.3,28.0,-128.7,20.3,0.0,1.0,1.0,1.0,0.0,0.0,1.0,0.0,82.0,82.0,0
2025-04-11 14:19:48,21.19,5.3,2.8,0.7,5.2,0.0,0.0,0.0,0.0,0.0,27.8,33.9,16.3,28.0,-128.7,20.3,0.0,1.0,1.0,1.0,0.0,0.0,1.0,0.0,82.0,82.0,0
2025-04-11 14:19:49,21.2,5.3,2.8,0.7,5.1,0.0,0.0,0.0,0.0,0.0,27.8,33.9,16.3,28.0,-128.7,20.3,0.0,1.0,1.0,1.0,0.0,0.0,1.0,0.0,82.0,82.0,0
2025-04-11 14:19:50,21.2,5.29,2.7,0.7,5.3,0.0,0.0,0.0,0.0,0.0,27.8,33.9,16.3,28.0,-128.7,20.2,0.0,1.0,1.0,1.0,0.0,0.0,1.0,0.0,82.0,82.0,0
2025-04-11 14:19:51,21.22,5.3,2.8,0.7,5.2,0.0,0.0,0.0,0.0,0.0,27.8,33.9,16.3,28.0,-128.7,20.2,0.0,1.0,1.0,1.0,0.0,0.0,1.0,0.0,82.0,82.0,0
2025-04-11 14:19:52,21.22,5.29,2.8,0.7,5.2,0.0,0.0,0.0,0.0,0.0,27.8,33.9,16.3,28.0,-128.7,20.3,0.0,1.0,1.0,1.0,0.0,0.0,1.0,0.0,82.0,82.0,0
2025-04-11 14:19:53,21.22,5.3,2.8,0.7,5.2,0.0,0.0,0.0,0.0,0.0,27.8,33.9,16.3,28.0,-128.7,20.2,0.0,1.0,1.0,1.0,0.0,0.0,1.0,0.0,82.0,82.0,0
2025-04-11 14:19:54,21.2,5.3,2.8,0.7,4.9,0.0,0.0,0.0,0.0,0.0,27.8,33.9,16.3,28.0,-128.7,20.2,0.0,1.0,1.0,1.0,0.0,0.0,1.0,0.0,82.0,82.0,0
2025-04-11 14:19:55,21.2,5.3,2.8,0.7,4.8,0.0,0.0,0.0,0.0,0.0,27.8,33.9,16.3,28.0,-128.7,20.2,0.0,1.0,1.0,1.0,0.0,0.0,1.0,0.0,82.0,82.0,0
2025-04-11 14:19:56,21.22,5.29,2.8,0.7,4.5,0.0,0.0,0.0,0.0,0.0,27.8,33.9,16.3,28.0,-128.7,20.2,0.0,1.0,1.0,1.0,0.0,0.0,1.0,0.0,82.0,82.0,0
2025-04-11 14:19:57,21.19,5.3,2.8,0.7,4.6,0.0,0.0,0.0,0.0,0.0,27.8,33.9,16.3,28.0,-128.7,20.2,0.0,1.0,1.0,1.0,0.0,0.0,1.0,0.0,82.0,82.0,0
2025-04-11 14:19:58,21.2,5.3,2.8,0.7,4.7,0.0,0.0,0.0,0.0,0.0,27.8,33.9,16.3,28.0,-128.7,20.2,0.0,1.0,1.0,1.0,0.0,0.0,1.0,0.0,82.0,82.0,0
2025-04-11 14:19:59,21.2,5.29,2.8,0.7,4.7,0.0,0.0,0.0,0.0,0.0,27.8,33.9,16.3,28.0,-128.7,20.2,0.0,1.0,1.0,1.0,0.0,0.0,1.0,0.0,82.0,82.0,0
2025-04-11 14:20:00,21.2,5.3,2.8,0.7,4.9,0.0,0.0,0.0,0.0,0.0,27.8,33.9,16.3,28.0,-128.7,20.2,0.0,1.0,1.0,1.0,0.0,0.0,1.0,0.0,82.0,82.0,0
2025-04-11 14:20:01,21.2,5.3,2.8,0.7,5.0,0.0,0.0,0.0,0.0,0.0,27.8,33.9,16.3,28.0,-128.7,20.3,0.0,1.0,1.0,1.0,0.0,0.0,1.0,0.0,82.0,82.0,0
2025-04-11 14:20:02,21.2,5.3,2.8,0.7,5.4,0.0,0.0,0.0,0.0,0.0,27.8,33.9,16.3,28.0,-128.7,20.2,0.0,1.0,1.0,1.0,0.0,0.0,1.0,0.0,82.0,82.0,0
2025-04-11 14:20:03,21.19,5.29,2.8,0.7,4.7,0.0,0.0,0.0,0.0,0.0,27.8,33.9,16.3,28.0,-128.7,20.3,0.0,1.0,1.0,1.0,0.0,0.0,1.0,0.0,82.0,82.0,0
2025-04-11 14:20:04,21.23,5.29,2.8,0.7,4.9,0.0,0.0,0.0,0.0,0.0,27.8,33.9,16.3,28.0,-128.7,20.2,0.0,1.0,1.0,1.0,0.0,0.0,1.0,0.0,82.0,82.0,0
2025-04-11 14:20:05,21.24,5.3,2.7,0.7,4.6,0.0,0.0,0.0,0.0,0.0,27.8,33.9,16.3,28.0,-128.7,20.2,0.0,1.0,1.0,1.0,0.0,0.0,1.0,0.0,82.0,82.0,0
2025-04-11 14:20:06,21.2,5.3,2.8,0.7,4.5,0.0,0.0,0.0,0.0,0.0,27.8,33.9,16.3,28.0,-128.7,20.2,0.0,1.0,1.0,1.0,0.0,0.0,1.0,0.0,82.0,82.0,0
2025-04-11 14:20:07,21.22,5.309999,2.8,0.7,4.6,0.0,0.0,0.0,0.0,0.0,27.8,33.9,16.3,28.0,-128.7,20.2,0.0,1.0,1.0,1.0,0.0,0.0,1.0,0.0,82.0,82.0,0
2025-04-11 14:20:08,21.22,5.3,2.8,0.7,4.9,0.0,0.0,0.0,0.0,0.0,27.8,33.9,16.3,28.0,-128.7,20.2,0.0,1.0,1.0,1.0,0.0,0.0,1.0,0.0,82.0,82.0,0
2025-04-11 14:20:09,21.22,5.3,2.8,0.7,5.2,0.0,0.0,0.0,0.0,0.0,27.8,33.9,16.3,28.0,-128.7,20.2,0.0,1.0,1.0,1.0,0.0,0.0,1.0,0.0,82.0,82.0,0
2025-04-11 14:20:10,21.22,5.3,2.8,0.7,5.0,0.0,0.0,0.0,0.0,0.0,27.8,33.9,16.3,28.0,-128.7,20.2,0.0,1.0,1.0,1.0,0.0,0.0,1.0,0.0,82.0,82.0,0
2025-04-11 14:20:11,21.2,5.3,2.8,0.7,5.2,0.0,0.0,0.0,0.0,0.0,27.8,33.9,16.3,28.0,-128.7,20.2,0.0,1.0,1.0,1.0,0.0,0.0,1.0,0.0,82.0,82.0,0
2025-04-11 14:20:12,21.22,5.3,2.8,0.7,5.1,0.0,0.0,0.0,0.0,0.0,27.8,33.9,16.3,28.0,-128.7,20.2,0.0,1.0,1.0,1.0,0.0,0.0,1.0,0.0,82.0,82.0,0
2025-04-11 14:20:13,21.23,5.29,2.8,0.7,4.9,0.0,0.0,0.0,0.0,0.0,27.8,33.9,16.3,28.0,-128.7,20.3,0.0,1.0,1.0,1.0,0.0,0.0,1.0,0.0,82.0,82.0,0
2025-04-11 14:20:14,21.2,5.3,2.8,0.7,5.1,0.0,0.0,0.0,0.0,0.0,27.8,33.9,16.3,28.0,-128.7,20.2,0.0,1.0,1.0,1.0,0.0,0.0,1.0,0.0,82.0,82.0,0
2025-04-11 14:20:15,21.2,5.3,2.8,0.7,4.5,0.0,0.0,0.0,0.0,0.0,27.8,33.9,16.3,28.0,-128.7,20.2,0.0,1.0,1.0,1.0,0.0,0.0,1.0,0.0,82.0,82.0,0
2025-04-11 14:20:16,21.22,5.29,2.8,0.7,4.9,0.0,0.0,0.0,0.0,0.0,27.8,33.9,16.3,28.0,-128.7,20.2,0.0,1.0,1.0,1.0,0.0,0.0,1.0,0.0,82.0,82.0,0
2025-04-11 14:20:17,21.22,5.3,2.8,0.7,4.3,0.0,0.0,0.0,0.0,0.0,27.8,33.9,16.3,28.0,-128.7,20.3,0.0,1.0,1.0,1.0,0.0,0.0,1.0,0.0,82.0,82.0,0
2025-04-11 14:20:18,21.2,5.29,2.7,0.7,4.8,0.0,0.0,0.0,0.0,0.0,27.8,33.9,16.3,28.0,-128.7,20.3,0.0,1.0,1.0,1.0,0.0,0.0,1.0,0.0,82.0,82.0,0
2025-04-11 14:20:19,21.2,5.3,2.8,0.7,4.9,0.0,0.0,0.0,0.0,0.0,27.8,33.9,16.3,28.0,-128.7,20.2,0.0,1.0,1.0,1.0,0.0,0.0,1.0,0.0,82.0,82.0,0
2025-04-11 14:20:20,21.2,5.3,2.7,0.7,4.6,0.0,0.0,0.0,0.0,0.0,27.8,33.9,16.3,28.0,-128.7,20.2,0.0,1.0,1.0,1.0,0.0,0.0,1.0,0.0,82.0,82.0,0
2025-04-11 14:20:21,21.2,5.309999,2.8,0.7,5.0,0.0,0.0,0.0,0.0,0.0,27.8,33.9,16.3,28.0,-128.7,20.2,0.0,1.0,1.0,1.0,0.0,0.0,1.0,0.0,82.0,82.0,0
2025-04-11 14:20:22,21.2,5.3,2.8,0.7,4.6,0.0,0.0,0.0,0.0,0.0,27.8,33.9,16.3,28.0,-128.7,20.3,0.0,1.0,1.0,1.0,0.0,0.0,1.0,0.0,82.0,82.0,0
2025-04-11 14:20:23,21.19,5.3,2.8,0.7,5.1,0.0,0.0,0.0,0.0,0.0,27.8,33.9,16.3,28.0,-128.7,20.2,0.0,1.0,1.0,1.0,0.0,0.0,1.0,0.0,82.0,82.0,0
2025-04-11 14:20:24,21.19,5.309999,2.8,0.7,5.0,0.0,0.0,0.0,0.0,0.0,27.8,33.9,16.3,28.0,-128.7,20.2,0.0,1.0,1.0,1.0,0.0,0.0,1.0,0.0,82.0,82.0,0
2025-04-11 14:20:25,21.2,5.29,2.8,0.7,5.5,0.0,0.0,0.0,0.0,0.0,27.8,33.9,16.4,28.0,-128.7,20.2,0.0,1.0,1.0,1.0,0.0,0.0,1.0,0.0,82.0,82.0,0
2025-04-11 14:20:26,21.22,5.309999,2.8,0.7,5.2,0.0,0.0,0.0,0.0,0.0,27.8,33.9,16.4,28.0,-128.7,20.2,0.0,1.0,1.0,1.0,0.0,0.0,1.0,0.0,82.0,82.0,0
2025-04-11 14:20:27,21.22,5.3,2.8,0.7,5.0,0.0,0.0,0.0,0.0,0.0,27.8,33.9,16.4,28.0,-128.7,20.2,0.0,1.0,1.0,1.0,0.0,0.0,1.0,0.0,82.0,82.0,0
2025-04-11 14:20:28,21.2,5.309999,2.8,0.7,5.1,0.0,0.0,0.0,0.0,0.0,27.8,33.9,16.4,28.0,-128.7,20.2,0.0,1.0,1.0,1.0,0.0,0.0,1.0,0.0,82.0,82.0,0
2025-04-11 14:20:29,21.22,5.3,2.8,0.7,4.7,0.0,0.0,0.0,0.0,0.0,27.8,33.9,16.4,28.0,-128.7,20.2,0.0,1.0,1.0,1.0,0.0,0.0,1.0,0.0,82.0,82.0,0
2025-04-11 14:20:30,21.2,5.29,2.8,0.7,5.1,0.0,0.0,0.0,0.0,0.0,27.8,33.9,16.4,28.0,-128.7,20.2,0.0,1.0,1.0,1.0,0.0,0.0,1.0,0.0,82.0,82.0,0
2025-04-11 14:20:31,21.19,5.309999,2.8,0.7,4.7,0.0,0.0,0.0,0.0,0.0,27.8,33.9,16.4,28.0,-128.7,20.2,0.0,1.0,1.0,1.0,0.0,0.0,1.0,0.0,82.0,82.0,0
2025-04-11 14:20:32,21.2,5.3,2.8,0.7,4.6,0.0,0.0,0.0,0.0,0.0,27.8,33.9,16.4,28.0,-128.7,20.2,0.0,1.0,1.0,1.0,0.0,0.0,1.0,0.0,82.0,82.0,0
2025-04-11 14:20:33,21.18,5.3,2.8,0.7,4.9,0.0,0.0,0.0,0.0,0.0,27.8,33.9,16.4,28.0,-128.7,20.2,0.0,1.0,1.0,1.0,0.0,0.0,1.0,0.0,82.0,82.0,0
2025-04-11 14:20:34,21.19,5.3,2.8,0.7,4.7,0.0,0.0,0.0,0.0,0.0,27.8,33.9,16.4,28.0,-128.7,20.2,0.0,1.0,1.0,1.0,0.0,0.0,1.0,0.0,82.0,82.0,0
2025-04-11 14:20:35,21.2,5.3,2.8,0.7,5.2,0.0,0.0,0.0,0.0,0.0,27.8,33.9,16.4,28.0,-128.7,20.2,0.0,1.0,1.0,1.0,0.0,0.0,1.0,0.0,82.0,82.0,0
2025-04-11 14:20:36,21.19,5.32,2.8,0.7,5.1,0.0,0.0,0.0,0.0,0.0,27.8,33.9,16.5,28.0,-128.7,20.2,0.0,1.0,1.0,1.0,0.0,0.0,1.0,0.0,82.0,82.0,0
2025-04-11 14:20:37,21.2,5.3,2.8,0.7,5.0,0.0,0.0,0.0,0.0,0.0,27.8,33.9,16.5,28.0,-128.7,20.2,0.0,1.0,1.0,1.0,0.0,0.0,1.0,0.0,82.0,82.0,0
2025-04-11 14:20:38,21.2,5.3,2.8,0.7,5.4,0.0,0.0,0.0,0.0,0.0,27.8,33.9,16.5,28.0,-128.7,20.1,0.0,1.0,1.0,1.0,0.0,0.0,1.0,0.0,82.0,82.0,0
2025-04-11 14:20:39,21.22,5.3,2.7,0.7,4.7,0.0,0.0,0.0,0.0,0.0,27.8,33.9,16.5,28.0,-128.7,20.2,0.0,1.0,1.0,1.0,0.0,0.0,1.0,0.0,82.0,82.0,0
2025-04-11 14:20:40,21.2,5.3,2.8,0.7,4.9,0.0,0.0,0.0,0.0,0.0,27.8,33.9,16.5,28.0,-128.7,20.2,0.0,1.0,1.0,1.0,0.0,0.0,1.0,0.0,82.0,82.0,0
2025-04-11 14:20:41,21.22,5.309999,2.8,0.7,4.7,0.0,0.0,0.0,0.0,0.0,27.8,33.9,16.5,28.0,-128.7,20.2,0.0,1.0,1.0,1.0,0.0,0.0,1.0,0.0,82.0,82.0,0
2025-04-11 14:20:42,21.2,5.3,2.8,0.7,4.5,0.0,0.0,0.0,0.0,0.0,27.8,33.9,16.5,28.0,-128.7,20.2,0.0,1.0,1.0,1.0,0.0,0.0,1.0,0.0,82.0,82.0,0
2025-04-11 14:20:43,21.19,5.32,2.8,0.7,4.9,0.0,0.0,0.0,0.0,0.0,27.8,33.9,16.5,28.0,-128.7,20.1,0.0,1.0,1.0,1.0,0.0,0.0,1.0,0.0,82.0,82.0,0
2025-04-11 14:20:44,21.22,5.3,2.8,0.7,4.9,0.0,0.0,0.0,0.0,0.0,27.8,33.9,16.6,28.0,-128.7,20.2,0.0,1.0,1.0,1.0,0.0,0.0,1.0,0.0,82.0,82.0,0
2025-04-11 14:20:45,21.2,5.309999,2.8,0.7,4.8,0.0,0.0,0.0,0.0,0.0,27.8,33.9,16.6,28.0,-128.7,20.2,0.0,1.0,1.0,1.0,0.0,0.0,1.0,0.0,82.0,82.0,0
2025-04-11 14:20:46,21.18,5.32,2.7,0.7,4.7,0.0,0.0,0.0,0.0,0.0,27.8,33.9,16.6,28.0,-128.7,20.2,0.0,1.0,1.0,1.0,0.0,0.0,1.0,0.0,82.0,82.0,0
2025-04-11 14:20:47,21.2,5.3,2.7,0.7,5.1,0.0,0.0,0.0,0.0,0.0,27.8,33.9,16.6,28.0,-128.7,20.2,0.0,1.0,1.0,1.0,0.0,0.0,1.0,0.0,82.0,82.0,0
2025-04-11 14:20:48,21.2,5.32,2.8,0.7,5.0,0.0,0.0,0.0,0.0,0.0,27.8,33.9,16.5,28.0,-128.7,20.1,0.0,1.0,1.0,1.0,0.0,0.0,1.0,0.0,82.0,82.0,0
2025-04-11 14:20:49,21.2,5.3,2.8,0.7,5.2,0.0,0.0,0.0,0.0,0.0,27.8,33.9,16.5,28.0,-128.7,20.2,0.0,1.0,1.0,1.0,0.0,0.0,1.0,0.0,82.0,82.0,0
2025-04-11 14:20:50,21.2,5.3,2.8,0.7,5.4,0.0,0.0,0.0,0.0,0.0,27.8,33.9,16.5,28.0,-128.7,20.2,0.0,1.0,1.0,1.0,0.0,0.0,1.0,0.0,82.0,82.0,0
2025-04-11 14:20:51,21.22,5.3,2.8,0.7,5.0,0.0,0.0,0.0,0.0,0.0,27.8,33.9,16.5,28.0,-128.7,20.2,0.0,1.0,1.0,1.0,0.0,0.0,1.0,0.0,82.0,82.0,0
2025-04-11 14:20:52,21.22,5.3,2.8,0.7,5.0,0.0,0.0,0.0,0.0,0.0,27.8,33.9,16.5,28.0,-128.7,20.2,0.0,1.0,1.0,1.0,0.0,0.0,1.0,0.0,82.0,82.0,0
2025-04-11 14:20:53,21.2,5.309999,2.8,0.7,4.7,0.0,0.0,0.0,0.0,0.0,27.8,33.9,16.5,28.0,-128.7,20.2,0.0,1.0,1.0,1.0,0.0,0.0,1.0,0.0,82.0,82.0,0
2025-04-11 14:20:54,21.22,5.309999,2.8,0.7,4.6,0.0,0.0,0.0,0.0,0.0,27.9,33.9,16.5,28.0,-128.7,20.2,0.0,1.0,1.0,1.0,0.0,0.0,1.0,0.0,82.0,82.0,0
2025-04-11 14:20:55,21.2,5.3,2.8,0.7,4.6,0.0,0.0,0.0,0.0,0.0,27.9,33.9,16.5,28.0,-128.7,20.1,0.0,1.0,1.0,1.0,0.0,0.0,1.0,0.0,82.0,82.0,0
2025-04-11 14:20:56,21.2,5.3,2.8,0.7,5.1,0.0,0.0,0.0,0.0,0.0,27.9,33.9,16.5,28.0,-128.7,20.2,0.0,1.0,1.0,1.0,0.0,0.0,1.0,0.0,82.0,82.0,0
2025-04-11 14:20:57,21.2,5.3,2.8,0.7,4.9,0.0,0.0,0.0,0.0,0.0,27.9,33.9,16.5,28.0,-128.7,20.1,0.0,1.0,1.0,1.0,0.0,0.0,1.0,0.0,82.0,82.0,0
2025-04-11 14:20:58,21.22,5.309999,2.8,0.7,4.9,0.0,0.0,0.0,0.0,0.0,27.9,33.9,16.5,28.0,-128.7,20.2,0.0,1.0,1.0,1.0,0.0,0.0,1.0,0.0,82.0,82.0,0
2025-04-11 14:20:59,21.2,5.3,2.8,0.7,4.8,0.0,0.0,0.0,0.0,0.0,27.9,33.9,16.5,28.0,-128.7,20.2,0.0,1.0,1.0,1.0,0.0,0.0,1.0,0.0,82.0,82.0,0
2025-04-11 14:21:00,21.22,5.309999,2.8,0.7,4.7,0.0,0.0,0.0,0.0,0.0,27.9,33.9,16.5,28.0,-128.7,20.1,0.0,1.0,1.0,1.0,0.0,0.0,1.0,0.0,82.0,82.0,0
2025-04-11 14:21:01,21.23,5.3,2.8,0.7,5.1,0.0,0.0,0.0,0.0,0.0,27.9,33.9,16.5,28.0,-128.7,20.2,0.0,1.0,1.0,1.0,0.0,0.0,1.0,0.0,82.0,82.0,0
2025-04-11 14:21:02,21.23,5.33,2.8,0.7,4.6,0.0,0.0,0.0,0.0,0.0,27.9,33.9,16.5,28.0,-128.7,20.1,0.0,1.0,1.0,1.0,0.0,0.0,1.0,0.0,82.0,82.0,0
2025-04-11 14:21:03,21.22,5.32,2.8,0.7,4.8,0.0,0.0,0.0,0.0,0.0,27.9,33.9,16.5,28.0,-128.7,20.2,0.0,1.0,1.0,1.0,0.0,0.0,1.0,0.0,82.0,82.0,0
2025-04-11 14:21:04,21.22,5.309999,2.8,0.7,4.4,0.0,0.0,0.0,0.0,0.0,27.9,33.9,16.5,28.0,-128.7,20.1,0.0,1.0,1.0,1.0,0.0,0.0,1.0,0.0,82.0,82.0,0
2025-04-11 14:21:05,21.23,5.32,2.8,0.7,4.7,0.0,0.0,0.0,0.0,0.0,27.9,33.9,16.5,28.0,-128.7,20.1,0.0,1.0,1.0,1.0,0.0,0.0,1.0,0.0,82.0,82.0,0
2025-04-11 14:21:06,21.2,5.3,2.8,0.7,4.8,0.0,0.0,0.0,0.0,0.0,27.9,33.9,16.5,28.0,-128.7,20.1,0.0,1.0,1.0,1.0,0.0,0.0,1.0,0.0,82.0,82.0,0
2025-04-11 14:21:07,21.22,5.33,2.8,0.7,5.2,0.0,0.0,0.0,0.0,0.0,27.9,33.9,16.5,28.0,-128.7,20.1,0.0,1.0,1.0,1.0,0.0,0.0,1.0,0.0,82.0,82.0,0
2025-04-11 14:21:08,21.22,5.3,2.8,0.7,5.3,0.0,0.0,0.0,0.0,0.0,27.9,33.9,16.6,28.0,-128.7,20.2,0.0,1.0,1.0,1.0,0.0,0.0,1.0,0.0,82.0,82.0,0
2025-04-11 14:21:09,21.22,5.33,2.8,0.7,4.9,0.0,0.0,0.0,0.0,0.0,27.9,33.9,16.6,28.0,-128.7,20.0,0.0,1.0,1.0,1.0,0.0,0.0,1.0,0.0,82.0,82.0,0
2025-04-11 14:21:10,21.23,5.309999,2.8,0.7,5.1,0.0,0.0,0.0,0.0,0.0,27.9,33.9,16.6,28.1,-128.7,20.3,0.0,1.0,1.0,1.0,0.0,0.0,1.0,0.0,82.0,82.0,0
2025-04-11 14:21:11,21.22,5.309999,2.8,0.7,5.2,0.0,0.0,0.0,0.0,0.0,27.9,33.9,16.6,28.1,-128.7,20.2,0.0,1.0,1.0,1.0,0.0,0.0,1.0,0.0,82.0,82.0,0
2025-04-11 14:21:12,21.2,5.32,2.8,0.7,4.5,0.0,0.0,0.0,0.0,0.0,27.9,33.9,16.6,28.1,-128.7,20.3,0.0,1.0,1.0,1.0,0.0,0.0,1.0,0.0,82.0,82.0,0
2025-04-11 14:21:13,21.23,5.309999,2.8,0.7,4.9,0.0,0.0,0.0,0.0,0.0,27.9,33.9,16.6,28.1,-128.7,20.2,0.0,1.0,1.0,1.0,0.0,0.0,1.0,0.0,82.0,82.0,0
2025-04-11 14:21:14,21.23,5.33,2.8,0.7,5.2,0.0,0.0,0.0,0.0,0.0,27.9,33.9,16.6,28.1,-128.7,20.2,0.0,1.0,1.0,1.0,0.0,0.0,1.0,0.0,82.0,82.0,0
2025-04-11 14:21:15,21.22,5.309999,2.8,0.7,4.6,0.0,0.0,0.0,0.0,0.0,27.9,33.9,16.6,28.1,-128.7,20.3,0.0,1.0,1.0,1.0,0.0,0.0,1.0,0.0,82.0,82.0,0
2025-04-11 14:21:16,21.24,5.32,2.8,0.7,4.5,0.0,0.0,0.0,0.0,0.0,27.9,33.9,16.6,28.1,-128.7,20.2,0.0,1.0,1.0,1.0,0.0,0.0,1.0,0.0,82.0,82.0,0
2025-04-11 14:21:17,21.23,5.32,2.8,0.7,4.6,0.0,0.0,0.0,0.0,0.0,27.9,33.9,16.6,28.1,-128.7,20.2,0.0,1.0,1.0,1.0,0.0,0.0,1.0,0.0,82.0,82.0,0
2025-04-11 14:21:18,21.23,5.309999,2.8,0.7,5.4,0.0,0.0,0.0,0.0,0.0,27.9,33.9,16.6,28.1,-128.7,20.3,0.0,1.0,1.0,1.0,0.0,0.0,1.0,0.0,82.0,82.0,0
2025-04-11 14:21:19,21.22,5.32,2.8,0.7,4.9,0.0,0.0,0.0,0.0,0.0,27.9,33.9,16.7,28.1,-128.7,20.1,0.0,1.0,1.0,1.0,0.0,0.0,1.0,0.0,82.0,82.0,0
2025-04-11 14:21:20,21.23,5.309999,2.8,0.7,4.7,0.0,0.0,0.0,0.0,0.0,27.9,33.9,16.7,28.1,-128.7,20.3,0.0,1.0,1.0,1.0,0.0,0.0,1.0,0.0,82.0,82.0,0
2025-04-11 14:21:21,21.23,5.32,2.8,0.7,4.8,0.0,0.0,0.0,0.0,0.0,27.9,33.9,16.7,28.1,-128.7,20.1,0.0,1.0,1.0,1.0,0.0,0.0,1.0,0.0,82.0,82.0,0
2025-04-11 14:21:22,21.23,5.32,2.8,0.7,5.0,0.0,0.0,0.0,0.0,0.0,27.9,33.9,16.7,28.1,-128.7,20.2,0.0,1.0,1.0,1.0,0.0,0.0,1.0,0.0,82.0,82.0,0
2025-04-11 14:21:23,21.23,5.309999,2.8,0.7,5.1,0.0,0.0,0.0,0.0,0.0,27.9,33.9,16.7,28.1,-128.7,20.3,0.0,1.0,1.0,1.0,0.0,0.0,1.0,0.0,82.0,82.0,0
2025-04-11 14:21:24,21.24,5.33,2.8,0.7,4.6,0.0,0.0,0.0,0.0,0.0,27.9,33.9,16.7,28.1,-128.7,20.1,0.0,1.0,1.0,1.0,0.0,0.0,1.0,0.0,82.0,82.0,0
2025-04-11 14:21:25,21.23,5.309999,2.8,0.7,4.5,0.0,0.0,0.0,0.0,0.0,27.9,33.9,16.7,28.1,-128.7,20.3,0.0,1.0,1.0,1.0,0.0,0.0,1.0,0.0,82.0,82.0,0
2025-04-11 14:21:26,21.24,5.32,2.8,0.7,5.4,0.0,0.0,0.0,0.0,0.0,27.9,34.0,16.7,28.1,-128.7,20.2,0.0,1.0,1.0,1.0,0.0,0.0,1.0,0.0,82.0,82.0,0
2025-04-11 14:21:27,21.25,5.32,2.8,0.7,5.4,0.0,0.0,0.0,0.0,0.0,27.9,34.0,16.7,28.1,-128.7,20.3,0.0,1.0,1.0,1.0,0.0,0.0,1.0,0.0,82.0,82.0,0
2025-04-11 14:21:28,21.24,5.3,2.8,0.7,5.1,0.0,0.0,0.0,0.0,0.0,27.9,34.0,16.7,28.1,-128.7,20.2,0.0,1.0,1.0,1.0,0.0,0.0,1.0,0.0,82.0,82.0,0
2025-04-11 14:21:29,21.25,5.33,2.8,0.7,4.8,0.0,0.0,0.0,0.0,0.0,27.9,34.0,16.8,28.1,-128.7,20.2,0.0,1.0,1.0,1.0,0.0,0.0,1.0,0.0,82.0,82.0,0
2025-04-11 14:21:30,21.27,5.309999,2.8,0.7,4.9,0.0,0.0,0.0,0.0,0.0,27.9,34.0,16.8,28.1,-128.7,20.2,0.0,1.0,1.0,1.0,0.0,0.0,1.0,0.0,82.0,82.0,0
2025-04-11 14:21:31,21.24,5.32,2.8,0.7,5.0,0.0,0.0,0.0,0.0,0.0,27.9,34.0,16.8,28.1,-128.7,20.2,0.0,1.0,1.0,1.0,0.0,0.0,1.0,0.0,82.0,82.0,0
2025-04-11 14:21:32,21.24,5.309999,2.8,0.7,4.8,0.0,0.0,0.0,0.0,0.0,27.9,34.0,16.8,28.1,-128.7,20.3,0.0,1.0,1.0,1.0,0.0,0.0,1.0,0.0,82.0,82.0,0
2025-04-11 14:21:33,21.27,5.32,2.8,0.7,4.7,0.0,0.0,0.0,0.0,0.0,27.9,34.0,16.8,28.1,-128.7,20.2,0.0,1.0,1.0,1.0,0.0,0.0,1.0,0.0,82.0,82.0,0
2025-04-11 14:21:34,21.24,5.33,2.8,0.7,4.6,0.0,0.0,0.0,0.0,0.0,27.9,34.0,16.8,28.1,-128.7,20.2,0.0,1.0,1.0,1.0,0.0,0.0,1.0,0.0,82.0,82.0,0
2025-04-11 14:21:35,21.25,5.32,2.8,0.7,5.2,0.0,0.0,0.0,0.0,0.0,27.9,34.0,16.8,28.1,-128.7,20.2,0.0,1.0,1.0,1.0,0.0,0.0,1.0,0.0,82.0,82.0,0
2025-04-11 14:21:36,21.25,5.32,2.8,0.7,5.1,0.0,0.0,0.0,0.0,0.0,27.9,34.0,16.8,28.1,-128.7,20.1,0.0,1.0,1.0,1.0,0.0,0.0,1.0,0.0,82.0,82.0,0
2025-04-11 14:21:37,21.27,5.33,2.8,0.7,4.7,0.0,0.0,0.0,0.0,0.0,27.9,34.0,16.8,28.1,-128.7,20.2,0.0,1.0,1.0,1.0,0.0,0.0,1.0,0.0,82.0,82.0,0
2025-04-11 14:21:38,21.27,5.32,2.8,0.7,5.2,0.0,0.0,0.0,0.0,0.0,27.9,34.0,16.9,28.1,-128.7,20.1,0.0,1.0,1.0,1.0,0.0,0.0,1.0,0.0,82.0,82.0,0
2025-04-11 14:21:39,21.27,5.33,2.8,0.7,5.2,0.0,0.0,0.0,0.0,0.0,27.9,34.0,16.9,28.2,-128.7,20.1,0.0,1.0,1.0,1.0,0.0,0.0,1.0,0.0,82.0,82.0,0
2025-04-11 14:21:40,21.28,5.32,2.8,0.7,5.1,0.0,0.0,0.0,0.0,0.0,27.9,34.0,16.9,28.2,-128.7,20.3,0.0,1.0,1.0,1.0,0.0,0.0,1.0,0.0,82.0,82.0,0
2025-04-11 14:21:41,21.27,5.33,2.8,0.7,4.9,0.0,0.0,0.0,0.0,0.0,27.9,34.0,16.9,28.2,-128.7,20.2,0.0,1.0,1.0,1.0,0.0,0.0,1.0,0.0,82.0,82.0,0
2025-04-11 14:21:42,21.29,5.32,2.8,0.7,5.1,0.0,0.0,0.0,0.0,0.0,27.9,34.0,16.9,28.2,-128.7,20.3,0.0,1.0,1.0,1.0,0.0,0.0,1.0,0.0,82.0,82.0,0
2025-04-11 14:21:43,21.28,5.33,2.8,0.7,5.1,0.0,0.0,0.0,0.0,0.0,27.9,34.0,16.9,28.2,-128.7,20.2,0.0,1.0,1.0,1.0,0.0,0.0,1.0,0.0,82.0,82.0,0
2025-04-11 14:21:44,21.28,5.32,2.8,0.7,5.2,0.0,0.0,0.0,0.0,0.0,27.9,34.0,16.9,28.2,-128.7,20.3,0.0,1.0,1.0,1.0,0.0,0.0,1.0,0.0,82.0,82.0,0
2025-04-11 14:21:45,21.27,5.32,2.8,0.7,5.2,0.0,0.0,0.0,0.0,0.0,27.9,34.0,17.0,28.2,-128.7,20.2,0.0,1.0,1.0,1.0,0.0,0.0,1.0,0.0,82.0,82.0,0
2025-04-11 14:21:46,21.28,5.33,2.8,0.7,5.1,0.0,0.0,0.0,0.0,0.0,27.9,34.0,17.0,28.2,-128.7,20.2,0.0,1.0,1.0,1.0,0.0,0.0,1.0,0.0,82.0,82.0,0
2025-04-11 14:21:47,21.28,5.32,2.8,0.7,4.8,0.0,0.0,0.0,0.0,0.0,27.9,34.0,17.0,28.2,-128.7,20.3,0.0,1.0,1.0,1.0,0.0,0.0,1.0,0.0,82.0,82.0,0
2025-04-11 14:21:48,21.27,5.33,2.7,0.7,4.8,0.0,0.0,0.0,0.0,0.0,27.9,34.0,17.0,28.2,-128.7,20.2,0.0,1.0,1.0,1.0,0.0,0.0,1.0,0.0,82.0,82.0,0
2025-04-11 14:21:49,21.25,5.32,2.8,0.7,5.1,0.0,0.0,0.0,0.0,0.0,27.9,34.0,17.0,28.2,-128.7,20.3,0.0,1.0,1.0,1.0,0.0,0.0,1.0,0.0,82.0,82.0,0
2025-04-11 14:21:50,21.28,5.32,2.8,0.7,5.3,0.0,0.0,0.0,0.0,0.0,27.9,34.0,17.0,28.2,-128.7,20.3,0.0,1.0,1.0,1.0,0.0,0.0,1.0,0.0,82.0,82.0,0
2025-04-11 14:21:51,21.28,5.33,2.8,0.7,4.6,0.0,0.0,0.0,0.0,0.0,27.9,34.0,17.1,28.2,-128.7,20.2,0.0,1.0,1.0,1.0,0.0,0.0,1.0,0.0,82.0,82.0,0
2025-04-11 14:21:52,21.28,5.32,2.8,0.7,4.6,0.0,0.0,0.0,0.0,0.0,27.9,34.0,17.1,28.2,-128.7,20.3,0.0,1.0,1.0,1.0,0.0,0.0,1.0,0.0,82.0,82.0,0
2025-04-11 14:21:53,21.28,5.32,2.8,0.7,4.9,0.0,0.0,0.0,0.0,0.0,27.9,34.0,17.1,28.2,-128.7,20.2,0.0,1.0,1.0,1.0,0.0,0.0,1.0,0.0,82.0,82.0,0
2025-04-11 14:21:54,21.28,5.32,2.8,0.7,4.5,0.0,0.0,0.0,0.0,0.0,27.9,34.0,17.1,28.2,-128.7,20.4,0.0,1.0,1.0,1.0,0.0,0.0,1.0,0.0,82.0,82.0,0
2025-04-11 14:21:55,21.28,5.32,2.8,0.7,4.8,0.0,0.0,0.0,0.0,0.0,27.9,34.0,17.1,28.2,-128.7,20.3,0.0,1.0,1.0,1.0,0.0,0.0,1.0,0.0,82.0,82.0,0
2025-04-11 14:21:56,21.29,5.33,2.8,0.7,4.8,0.0,0.0,0.0,0.0,0.0,27.9,34.0,17.1,28.2,-128.7,20.2,0.0,1.0,1.0,1.0,0.0,0.0,1.0,0.0,82.0,82.0,0
2025-04-11 14:21:57,21.27,5.309999,2.8,0.7,4.8,0.0,0.0,0.0,0.0,0.0,27.9,34.0,17.1,28.2,-128.7,20.3,0.0,1.0,1.0,1.0,0.0,0.0,1.0,0.0,82.0,82.0,0
2025-04-11 14:21:58,21.27,5.33,2.8,0.7,4.5,0.0,0.0,0.0,0.0,0.0,27.9,34.0,17.1,28.2,-128.7,20.2,0.0,1.0,1.0,1.0,0.0,0.0,1.0,0.0,82.0,82.0,0
2025-04-11 14:21:59,21.28,5.32,2.8,0.7,4.6,0.0,0.0,0.0,0.0,0.0,27.9,34.0,17.1,28.2,-128.7,20.4,0.0,1.0,1.0,1.0,0.0,0.0,1.0,0.0,82.0,82.0,0
2025-04-11 14:22:00,21.28,5.32,2.8,0.7,5.4,0.0,0.0,0.0,0.0,0.0,27.9,34.0,17.1,28.3,-128.7,20.3,0.0,1.0,1.0,1.0,0.0,0.0,1.0,0.0,82.0,82.0,0
2025-04-11 14:22:01,21.28,5.32,2.8,0.7,5.0,0.0,0.0,0.0,0.0,0.0,27.9,34.0,17.1,28.3,-128.7,20.5,0.0,1.0,1.0,1.0,0.0,0.0,1.0,0.0,82.0,82.0,0
2025-04-11 14:22:02,21.28,5.309999,2.8,0.7,4.7,0.0,0.0,0.0,0.0,0.0,27.9,34.0,17.1,28.3,-128.7,20.5,0.0,1.0,1.0,1.0,0.0,0.0,1.0,0.0,82.0,82.0,0
2025-04-11 14:22:03,21.27,5.32,2.8,0.7,4.5,0.0,0.0,0.0,0.0,0.0,27.9,34.0,17.1,28.3,-128.7,20.3,0.0,1.0,1.0,1.0,0.0,0.0,1.0,0.0,82.0,82.0,0
2025-04-11 14:22:04,21.28,5.309999,2.8,0.7,5.1,0.0,0.0,0.0,0.0,0.0,27.9,34.0,17.1,28.3,-128.7,20.5,0.0,1.0,1.0,1.0,0.0,0.0,1.0,0.0,82.0,82.0,0
2025-04-11 14:22:05,21.27,5.32,2.8,0.7,4.8,0.0,0.0,0.0,0.0,0.0,27.9,34.0,17.1,28.3,-128.7,20.4,0.0,1.0,1.0,1.0,0.0,0.0,1.0,0.0,82.0,82.0,0
2025-04-11 14:22:06,21.28,5.33,2.8,0.7,4.6,0.0,0.0,0.0,0.0,0.0,27.9,34.0,17.1,28.3,-128.7,20.4,0.0,1.0,1.0,1.0,0.0,0.0,1.0,0.0,82.0,82.0,0
2025-04-11 14:22:07,21.3,5.309999,2.8,0.7,5.1,0.0,0.0,0.0,0.0,0.0,27.9,34.0,17.1,28.3,-128.7,20.5,0.0,1.0,1.0,1.0,0.0,0.0,1.0,0.0,82.0,82.0,0
2025-04-11 14:22:08,21.27,5.32,2.8,0.7,5.1,0.0,0.0,0.0,0.0,0.0,27.9,34.0,17.1,28.3,-128.7,20.4,0.0,1.0,1.0,1.0,0.0,0.0,1.0,0.0,82.0,82.0,0
2025-04-11 14:22:09,21.28,5.32,2.8,0.7,4.7,0.0,0.0,0.0,0.0,0.0,27.9,34.0,17.1,28.3,-128.7,20.5,0.0,1.0,1.0,1.0,0.0,0.0,1.0,0.0,82.0,82.0,0
2025-04-11 14:22:10,21.29,5.309999,2.8,0.7,5.3,0.0,0.0,0.0,0.0,0.0,27.9,34.0,17.1,28.3,-128.7,20.3,0.0,1.0,1.0,1.0,0.0,0.0,1.0,0.0,82.0,82.0,0
2025-04-11 14:22:11,21.28,5.33,2.8,0.7,5.0,0.0,0.0,0.0,0.0,0.0,27.9,34.0,17.1,28.3,-128.7,20.5,0.0,1.0,1.0,1.0,0.0,0.0,1.0,0.0,82.0,82.0,0
2025-04-11 14:22:12,21.27,5.3,2.8,0.7,4.8,0.0,0.0,0.0,0.0,0.0,27.9,34.0,17.2,28.3,-128.7,20.5,0.0,1.0,1.0,1.0,0.0,0.0,1.0,0.0,82.0,82.0,0
2025-04-11 14:22:13,21.27,5.32,2.8,0.7,5.0,0.0,0.0,0.0,0.0,0.0,27.9,34.0,17.2,28.3,-128.7,20.3,0.0,1.0,1.0,1.0,0.0,0.0,1.0,0.0,82.0,82.0,0
2025-04-11 14:22:14,21.27,5.309999,2.8,0.7,5.4,0.0,0.0,0.0,0.0,0.0,27.9,34.0,17.2,28.3,-128.7,20.5,0.0,1.0,1.0,1.0,0.0,0.0,1.0,0.0,82.0,82.0,0
2025-04-11 14:22:15,21.27,5.309999,2.8,0.7,5.0,0.0,0.0,0.0,0.0,0.0,27.9,34.0,17.2,28.3,-128.7,20.4,0.0,1.0,1.0,1.0,0.0,0.0,1.0,0.0,82.0,82.0,0
2025-04-11 14:22:16,21.27,5.33,2.8,0.7,4.7,0.0,0.0,0.0,0.0,0.0,27.9,34.0,17.2,28.3,-128.7,20.4,0.0,1.0,1.0,1.0,0.0,0.0,1.0,0.0,82.0,82.0,0
2025-04-11 14:22:17,21.25,5.309999,2.8,0.7,5.1,0.0,0.0,0.0,0.0,0.0,27.9,34.0,17.2,28.3,-128.7,20.4,0.0,1.0,1.0,1.0,0.0,0.0,1.0,0.0,82.0,82.0,0
2025-04-11 14:22:18,21.25,5.33,2.8,0.7,5.1,0.0,0.0,0.0,0.0,0.0,27.9,34.0,17.2,28.3,-128.7,20.4,0.0,1.0,1.0,1.0,0.0,0.0,1.0,0.0,82.0,82.0,0
2025-04-11 14:22:19,21.25,5.309999,2.8,0.7,4.7,0.0,0.0,0.0,0.0,0.0,27.9,34.0,17.3,28.3,-128.7,20.5,0.0,1.0,1.0,1.0,0.0,0.0,1.0,0.0,82.0,82.0,0
2025-04-11 14:22:20,21.27,5.32,2.8,0.7,5.2,0.0,0.0,0.0,0.0,0.0,27.9,34.0,17.3,28.3,-128.7,20.4,0.0,1.0,1.0,1.0,0.0,0.0,1.0,0.0,82.0,82.0,0
2025-04-11 14:22:21,21.25,5.32,2.8,0.7,5.2,0.0,0.0,0.0,0.0,0.0,27.9,34.0,17.3,28.3,-128.7,20.4,0.0,1.0,1.0,1.0,0.0,0.0,1.0,0.0,82.0,82.0,0
2025-04-11 14:22:22,21.25,5.309999,2.8,0.7,4.8,0.0,0.0,0.0,0.0,0.0,27.9,34.0,17.3,28.4,-128.7,20.6,0.0,1.0,1.0,1.0,0.0,0.0,1.0,0.0,82.0,82.0,0
2025-04-11 14:22:23,21.25,5.33,2.8,0.7,5.1,0.0,0.0,0.0,0.0,0.0,27.9,34.0,17.3,28.4,-128.7,20.4,0.0,1.0,1.0,1.0,0.0,0.0,1.0,0.0,82.0,82.0,0
2025-04-11 14:22:24,21.28,5.32,2.8,0.7,5.3,0.0,0.0,0.0,0.0,0.0,27.9,34.0,17.3,28.4,-128.7,20.5,0.0,1.0,1.0,1.0,0.0,0.0,1.0,0.0,82.0,82.0,0
2025-04-11 14:22:25,21.28,5.32,2.7,0.7,4.9,0.0,0.0,0.0,0.0,0.0,27.9,34.0,17.3,28.4,-128.7,20.4,0.0,1.0,1.0,1.0,0.0,0.0,1.0,0.0,82.0,82.0,0
2025-04-11 14:22:26,21.27,5.33,2.8,0.7,4.7,0.0,0.0,0.0,0.0,0.0,27.9,34.0,17.4,28.4,-128.7,20.4,0.0,1.0,1.0,1.0,0.0,0.0,1.0,0.0,82.0,82.0,0
2025-04-11 14:22:27,21.29,5.309999,2.8,0.7,5.2,0.0,0.0,0.0,0.0,0.0,27.9,34.0,17.4,28.4,-128.7,20.5,0.0,1.0,1.0,1.0,0.0,0.0,1.0,0.0,82.0,82.0,0
2025-04-11 14:22:28,21.28,5.33,2.7,0.7,5.1,0.0,0.0,0.0,0.0,0.0,27.9,34.0,17.4,28.4,-128.7,20.5,0.0,1.0,1.0,1.0,0.0,0.0,1.0,0.0,82.0,82.0,0
2025-04-11 14:22:29,21.29,5.3,2.8,0.7,4.7,0.0,0.0,0.0,0.0,0.0,27.9,34.0,17.4,28.4,-128.7,20.6,0.0,1.0,1.0,1.0,0.0,0.0,1.0,0.0,82.0,82.0,0
2025-04-11 14:22:30,21.28,5.33,2.8,0.7,5.4,0.0,0.0,0.0,0.0,0.0,27.9,34.0,17.4,28.4,-128.7,20.5,0.0,1.0,1.0,1.0,0.0,0.0,1.0,0.0,82.0,82.0,0
2025-04-11 14:22:31,21.28,5.309999,2.8,0.7,5.1,0.0,0.0,0.0,0.0,0.0,27.9,34.0,17.4,28.4,-128.7,20.6,0.0,1.0,1.0,1.0,0.0,0.0,1.0,0.0,82.0,82.0,0
2025-04-11 14:22:32,21.28,5.3,2.8,0.7,4.7,0.0,0.0,0.0,0.0,0.0,27.9,34.0,17.4,28.4,-128.7,20.5,0.0,1.0,1.0,1.0,0.0,0.0,1.0,0.0,82.0,82.0,0
2025-04-11 14:22:33,21.28,5.32,2.8,0.7,4.9,0.0,0.0,0.0,0.0,0.0,27.9,34.0,17.4,28.4,-128.7,20.6,0.0,1.0,1.0,1.0,0.0,0.0,1.0,0.0,82.0,82.0,0
2025-04-11 14:22:34,21.28,5.3,2.8,0.7,5.2,0.0,0.0,0.0,0.0,0.0,27.9,34.0,17.4,28.4,-128.7,20.5,0.0,1.0,1.0,1.0,0.0,0.0,1.0,0.0,82.0,82.0,0
2025-04-11 14:22:35,21.28,5.32,2.8,0.7,5.1,0.0,0.0,0.0,0.0,0.0,27.9,34.0,17.4,28.4,-128.7,20.4,0.0,1.0,1.0,1.0,0.0,0.0,1.0,0.0,82.0,82.0,0
2025-04-11 14:22:36,21.28,5.3,2.8,0.7,4.7,0.0,0.0,0.0,0.0,0.0,27.9,34.0,17.4,28.4,-128.7,20.6,0.0,1.0,1.0,1.0,0.0,0.0,1.0,0.0,82.0,82.0,0
2025-04-11 14:22:37,21.29,5.32,2.8,0.7,5.0,0.0,0.0,0.0,0.0,0.0,27.9,34.0,17.4,28.4,-128.7,20.5,0.0,1.0,1.0,1.0,0.0,0.0,1.0,0.0,82.0,82.0,0
2025-04-11 14:22:38,21.28,5.32,2.8,0.7,5.2,0.0,0.0,0.0,0.0,0.0,27.9,34.0,17.4,28.4,-128.7,20.6,0.0,1.0,1.0,1.0,0.0,0.0,1.0,0.0,82.0,82.0,0
2025-04-11 14:22:39,21.3,5.309999,2.8,0.7,4.9,0.0,0.0,0.0,0.0,0.0,27.9,34.0,17.4,28.4,-128.7,20.6,0.0,1.0,1.0,1.0,0.0,0.0,1.0,0.0,82.0,82.0,0
2025-04-11 14:22:40,21.29,5.32,2.8,0.7,5.0,0.0,0.0,0.0,0.0,0.0,27.9,34.0,17.4,28.4,-128.7,20.5,0.0,1.0,1.0,1.0,0.0,0.0,1.0,0.0,82.0,82.0,0
2025-04-11 14:22:41,21.28,5.32,2.8,0.7,5.1,0.0,0.0,0.0,0.0,0.0,27.9,34.0,17.4,28.4,-128.7,20.6,0.0,1.0,1.0,1.0,0.0,0.0,1.0,0.0,82.0,82.0,0
2025-04-11 14:22:42,21.29,5.309999,2.8,0.7,5.0,0.0,0.0,0.0,0.0,0.0,27.9,34.0,17.4,28.4,-128.7,20.5,0.0,1.0,1.0,1.0,0.0,0.0,1.0,0.0,82.0,82.0,0
2025-04-11 14:22:43,21.28,5.32,2.8,0.7,4.9,0.0,0.0,0.0,0.0,0.0,27.9,34.0,17.4,28.4,-128.7,20.6,0.0,1.0,1.0,1.0,0.0,0.0,1.0,0.0,82.0,82.0,0
2025-04-11 14:22:44,21.27,5.309999,2.8,0.7,5.2,0.0,0.0,0.0,0.0,0.0,27.9,34.0,17.4,28.4,-128.7,20.6,0.0,1.0,1.0,1.0,0.0,0.0,1.0,0.0,82.0,82.0,0
2025-04-11 14:22:45,21.27,5.33,2.8,0.7,5.0,0.0,0.0,0.0,0.0,0.0,27.9,34.0,17.4,28.4,-128.7,20.5,0.0,1.0,1.0,1.0,0.0,0.0,1.0,0.0,82.0,82.0,0
2025-04-11 14:22:46,21.28,5.32,2.8,0.7,4.8,0.0,0.0,0.0,0.0,0.0,27.9,34.0,17.4,28.4,-128.7,20.6,0.0,1.0,1.0,1.0,0.0,0.0,1.0,0.0,82.0,82.0,0
2025-04-11 14:22:47,21.27,5.33,2.8,0.7,5.1,0.0,0.0,0.0,0.0,0.0,27.9,34.0,17.4,28.4,-128.7,20.5,0.0,1.0,1.0,1.0,0.0,0.0,1.0,0.0,82.0,82.0,0
2025-04-11 14:22:48,21.28,5.32,2.8,0.7,5.1,0.0,0.0,0.0,0.0,0.0,27.9,34.0,17.4,28.4,-128.7,20.6,0.0,1.0,1.0,1.0,0.0,0.0,1.0,0.0,82.0,82.0,0
2025-04-11 14:22:49,21.28,5.3,2.8,0.7,4.8,0.0,0.0,0.0,0.0,0.0,27.9,34.0,17.3,28.4,-128.7,20.5,0.0,1.0,1.0,1.0,0.0,0.0,1.0,0.0,82.0,82.0,0
2025-04-11 14:22:50,21.28,5.33,2.8,0.7,5.0,0.0,0.0,0.0,0.0,0.0,27.9,34.0,17.3,28.4,-128.7,20.6,0.0,1.0,1.0,1.0,0.0,0.0,1.0,0.0,82.0,82.0,0
2025-04-11 14:22:51,21.28,5.3,2.8,0.7,5.0,0.0,0.0,0.0,0.0,0.0,27.9,34.0,17.3,28.4,-128.7,20.5,0.0,1.0,1.0,1.0,0.0,0.0,1.0,0.0,82.0,82.0,0
2025-04-11 14:22:52,21.28,5.32,2.8,0.7,4.9,0.0,0.0,0.0,0.0,0.0,27.9,34.0,17.3,28.5,-128.7,20.6,0.0,1.0,1.0,1.0,0.0,0.0,1.0,0.0,82.0,82.0,0
2025-04-11 14:22:53,21.28,5.3,2.8,0.7,4.6,0.0,0.0,0.0,0.0,0.0,27.9,34.0,17.3,28.5,-128.7,20.7,0.0,1.0,1.0,1.0,0.0,0.0,1.0,0.0,82.0,82.0,0
2025-04-11 14:22:54,21.27,5.32,2.8,0.7,5.2,0.0,0.0,0.0,0.0,0.0,27.9,34.0,17.3,28.5,-128.7,20.6,0.0,1.0,1.0,1.0,0.0,0.0,1.0,0.0,82.0,82.0,0
2025-04-11 14:22:55,21.27,5.309999,2.8,0.7,4.7,0.0,0.0,0.0,0.0,0.0,28.0,34.0,17.3,28.5,-128.7,20.7,0.0,1.0,1.0,1.0,0.0,0.0,1.0,0.0,82.0,82.0,0
2025-04-11 14:22:56,21.27,5.3,2.8,0.7,4.7,0.0,0.0,0.0,0.0,0.0,28.0,34.0,17.3,28.5,-128.7,20.7,0.0,1.0,1.0,1.0,0.0,0.0,1.0,0.0,82.0,82.0,0
2025-04-11 14:22:57,21.25,5.32,2.8,0.7,5.0,0.0,0.0,0.0,0.0,0.0,28.0,34.0,17.3,28.5,-128.7,20.7,0.0,1.0,1.0,1.0,0.0,0.0,1.0,0.0,82.0,82.0,0
2025-04-11 14:22:58,21.25,5.3,2.8,0.7,4.6,0.0,0.0,0.0,0.0,0.0,28.0,34.0,17.3,28.5,-128.7,20.7,0.0,1.0,1.0,1.0,0.0,0.0,1.0,0.0,82.0,82.0,0
2025-04-11 14:22:59,21.25,5.32,2.8,0.7,5.1,0.0,0.0,0.0,0.0,0.0,28.0,34.0,17.3,28.5,-128.7,20.6,0.0,1.0,1.0,1.0,0.0,0.0,1.0,0.0,82.0,82.0,0
2025-04-11 14:23:00,21.25,5.3,2.8,0.7,5.1,0.0,0.0,0.0,0.0,0.0,28.0,34.0,17.3,28.5,-128.7,20.7,0.0,1.0,1.0,1.0,0.0,0.0,1.0,0.0,82.0,82.0,0
2025-04-11 14:23:01,21.28,5.3,2.8,0.7,4.7,0.0,0.0,0.0,0.0,0.0,28.0,34.0,17.3,28.5,-128.7,20.7,0.0,1.0,1.0,1.0,0.0,0.0,1.0,0.0,82.0,82.0,0
2025-04-11 14:23:02,21.27,5.309999,2.8,0.7,5.2,0.0,0.0,0.0,0.0,0.0,28.0,34.0,17.3,28.5,-128.7,20.7,0.0,1.0,1.0,1.0,0.0,0.0,1.0,0.0,82.0,82.0,0
2025-04-11 14:23:03,21.28,5.3,2.8,0.7,4.8,0.0,0.0,0.0,0.0,0.0,28.0,34.0,17.3,28.5,-128.7,20.7,0.0,1.0,1.0,1.0,0.0,0.0,1.0,0.0,82.0,82.0,0
2025-04-11 14:23:04,21.28,5.309999,2.8,0.7,4.8,0.0,0.0,0.0,0.0,0.0,28.0,34.0,17.3,28.5,-128.7,20.7,0.0,1.0,1.0,1.0,0.0,0.0,1.0,0.0,82.0,82.0,0
2025-04-11 14:23:05,21.28,5.3,2.7,0.7,5.0,0.0,0.0,0.0,0.0,0.0,28.0,34.0,17.3,28.5,-128.7,20.7,0.0,1.0,1.0,1.0,0.0,0.0,1.0,0.0,82.0,82.0,0
2025-04-11 14:23:06,21.28,5.3,2.8,0.7,5.1,0.0,0.0,0.0,0.0,0.0,28.0,34.0,17.3,28.5,-128.7,20.7,0.0,1.0,1.0,1.0,0.0,0.0,1.0,0.0,82.0,82.0,0
2025-04-11 14:23:07,21.25,5.3,2.8,0.7,5.0,0.0,0.0,0.0,0.0,0.0,28.0,34.0,17.3,28.5,-128.7,20.7,0.0,1.0,1.0,1.0,0.0,0.0,1.0,0.0,82.0,82.0,0
2025-04-11 14:23:08,21.23,5.3,2.8,0.7,5.1,0.0,0.0,0.0,0.0,0.0,28.0,34.0,17.3,28.5,-128.7,20.7,0.0,1.0,1.0,1.0,0.0,0.0,1.0,0.0,82.0,82.0,0
2025-04-11 14:23:09,21.27,5.3,2.8,0.7,4.8,0.0,0.0,0.0,0.0,0.0,28.0,34.0,17.3,28.5,-128.7,20.7,0.0,1.0,1.0,1.0,0.0,0.0,1.0,0.0,82.0,82.0,0
2025-04-11 14:23:10,21.24,5.3,2.8,0.7,4.7,0.0,0.0,0.0,0.0,0.0,28.0,34.0,17.3,28.5,-128.7,20.8,0.0,1.0,1.0,1.0,0.0,0.0,1.0,0.0,82.0,82.0,0
2025-04-11 14:23:11,21.24,5.309999,2.8,0.7,5.0,0.0,0.0,0.0,0.0,0.0,28.0,34.0,17.3,28.5,-128.7,20.6,0.0,1.0,1.0,1.0,0.0,0.0,1.0,0.0,82.0,82.0,0
2025-04-11 14:23:12,21.24,5.3,2.8,0.7,4.6,0.0,0.0,0.0,0.0,0.0,28.0,34.0,17.3,28.5,-128.7,20.7,0.0,1.0,1.0,1.0,0.0,0.0,1.0,0.0,82.0,82.0,0
2025-04-11 14:23:13,21.25,5.3,2.8,0.7,4.5,0.0,0.0,0.0,0.0,0.0,28.0,34.0,17.2,28.5,-128.7,20.7,0.0,1.0,1.0,1.0,0.0,0.0,1.0,0.0,82.0,82.0,0
2025-04-11 14:23:14,21.25,5.309999,2.8,0.7,5.1,0.0,0.0,0.0,0.0,0.0,28.0,34.0,17.2,28.5,-128.7,20.7,0.0,1.0,1.0,1.0,0.0,0.0,1.0,0.0,82.0,82.0,0
2025-04-11 14:23:15,21.25,5.3,2.7,0.7,4.8,0.0,0.0,0.0,0.0,0.0,28.0,34.0,17.2,28.5,-128.7,20.7,0.0,1.0,1.0,1.0,0.0,0.0,1.0,0.0,82.0,82.0,0
2025-04-11 14:23:16,21.27,5.3,2.7,0.7,5.2,0.0,0.0,0.0,0.0,0.0,28.0,34.0,17.2,28.5,-128.7,20.7,0.0,1.0,1.0,1.0,0.0,0.0,1.0,0.0,82.0,82.0,0
2025-04-11 14:23:17,21.25,5.3,2.8,0.7,5.0,0.0,0.0,0.0,0.0,0.0,28.0,34.0,17.2,28.5,-128.7,20.7,0.0,1.0,1.0,1.0,0.0,0.0,1.0,0.0,82.0,82.0,0
2025-04-11 14:23:18,21.27,5.3,2.7,0.7,4.5,0.0,0.0,0.0,0.0,0.0,28.0,34.0,17.2,28.5,-128.7,20.7,0.0,1.0,1.0,1.0,0.0,0.0,1.0,0.0,82.0,82.0,0
2025-04-11 14:23:19,21.24,5.3,2.8,0.7,5.0,0.0,0.0,0.0,0.0,0.0,28.0,34.0,17.2,28.5,-128.7,20.7,0.0,1.0,1.0,1.0,0.0,0.0,1.0,0.0,82.0,82.0,0
2025-04-11 14:23:20,21.23,5.29,2.8,0.7,4.9,0.0,0.0,0.0,0.0,0.0,28.0,34.0,17.2,28.5,-128.7,20.7,0.0,1.0,1.0,1.0,0.0,0.0,1.0,0.0,82.0,82.0,0
2025-04-11 14:23:21,21.24,5.309999,2.8,0.7,4.5,0.0,0.0,0.0,0.0,0.0,28.0,34.0,17.2,28.5,-128.7,20.7,0.0,1.0,1.0,1.0,0.0,0.0,1.0,0.0,82.0,82.0,0
2025-04-11 14:23:22,21.24,5.29,2.8,0.7,4.9,0.0,0.0,0.0,0.0,0.0,28.0,34.0,17.2,28.5,-128.7,20.7,0.0,1.0,1.0,1.0,0.0,0.0,1.0,0.0,82.0,82.0,0
2025-04-11 14:23:23,21.24,5.3,2.8,0.7,4.8,0.0,0.0,0.0,0.0,0.0,28.0,34.0,17.2,28.5,-128.7,20.7,0.0,1.0,1.0,1.0,0.0,0.0,1.0,0.0,82.0,82.0,0
2025-04-11 14:23:24,21.25,5.3,2.8,0.7,4.5,0.0,0.0,0.0,0.0,0.0,28.0,34.0,17.2,28.5,-128.7,20.7,0.0,1.0,1.0,1.0,0.0,0.0,1.0,0.0,82.0,82.0,0
2025-04-11 14:23:25,21.27,5.3,2.8,0.7,5.2,0.0,0.0,0.0,0.0,0.0,28.0,34.0,17.2,28.5,-128.7,20.7,0.0,1.0,1.0,1.0,0.0,0.0,1.0,0.0,82.0,82.0,0
2025-04-11 14:23:26,21.27,5.3,2.7,0.7,5.0,0.0,0.0,0.0,0.0,0.0,28.0,34.0,17.2,28.5,-128.7,20.7,0.0,1.0,1.0,1.0,0.0,0.0,1.0,0.0,82.0,82.0,0
2025-04-11 14:23:27,21.27,5.3,2.8,0.7,5.1,0.0,0.0,0.0,0.0,0.0,28.0,34.0,17.2,28.5,-128.7,20.7,0.0,1.0,1.0,1.0,0.0,0.0,1.0,0.0,82.0,82.0,0
2025-04-11 14:23:28,21.28,5.3,2.8,0.7,5.1,0.0,0.0,0.0,0.0,0.0,28.0,34.0,17.2,28.5,-128.7,20.7,0.0,1.0,1.0,1.0,0.0,0.0,1.0,0.0,82.0,82.0,0
2025-04-11 14:23:29,21.27,5.3,2.8,0.7,4.5,0.0,0.0,0.0,0.0,0.0,28.0,34.0,17.2,28.5,-128.7,20.8,0.0,1.0,1.0,1.0,0.0,0.0,1.0,0.0,82.0,82.0,0
2025-04-11 14:23:30,21.27,5.3,2.8,0.7,4.7,0.0,0.0,0.0,0.0,0.0,28.0,34.0,17.2,28.5,-128.7,20.7,0.0,1.0,1.0,1.0,0.0,0.0,1.0,0.0,82.0,82.0,0
2025-04-11 14:23:31,21.27,5.3,2.8,0.7,5.0,0.0,0.0,0.0,0.0,0.0,28.0,34.0,17.2,28.5,-128.7,20.7,0.0,1.0,1.0,1.0,0.0,0.0,1.0,0.0,82.0,82.0,0
2025-04-11 14:23:32,21.25,5.29,2.8,0.7,4.5,0.0,0.0,0.0,0.0,0.0,28.0,34.0,17.2,28.5,-128.7,20.7,0.0,1.0,1.0,1.0,0.0,0.0,1.0,0.0,82.0,82.0,0
2025-04-11 14:23:33,21.23,5.3,2.8,0.7,4.7,0.0,0.0,0.0,0.0,0.0,28.0,34.0,17.2,28.5,-128.7,20.7,0.0,1.0,1.0,1.0,0.0,0.0,1.0,0.0,82.0,82.0,0
2025-04-11 14:23:34,21.25,5.29,2.8,0.7,5.0,0.0,0.0,0.0,0.0,0.0,28.0,34.0,17.2,28.5,-128.7,20.8,0.0,1.0,1.0,1.0,0.0,0.0,1.0,0.0,82.0,82.0,0
2025-04-11 14:23:35,21.25,5.3,2.8,0.7,4.5,0.0,0.0,0.0,0.0,0.0,28.0,34.0,17.2,28.5,-128.7,20.7,0.0,1.0,1.0,1.0,0.0,0.0,1.0,0.0,82.0,82.0,0
2025-04-11 14:23:36,21.25,5.29,2.8,0.7,4.6,0.0,0.0,0.0,0.0,0.0,28.0,34.0,17.1,28.5,-128.7,20.8,0.0,1.0,1.0,1.0,0.0,0.0,1.0,0.0,82.0,82.0,0
2025-04-11 14:23:37,21.25,5.29,2.8,0.7,5.2,0.0,0.0,0.0,0.0,0.0,28.0,34.0,17.1,28.5,-128.7,20.7,0.0,1.0,1.0,1.0,0.0,0.0,1.0,0.0,82.0,82.0,0
2025-04-11 14:23:38,21.25,5.3,2.7,0.7,5.3,0.0,0.0,0.0,0.0,0.0,28.0,34.0,17.1,28.5,-128.7,20.7,0.0,1.0,1.0,1.0,0.0,0.0,1.0,0.0,82.0,82.0,0
2025-04-11 14:23:39,21.25,5.29,2.8,0.7,5.0,0.0,0.0,0.0,0.0,0.0,28.0,34.0,17.1,28.5,-128.7,20.7,0.0,1.0,1.0,1.0,0.0,0.0,1.0,0.0,82.0,82.0,0
2025-04-11 14:23:40,21.25,5.3,2.8,0.7,5.4,0.0,0.0,0.0,0.0,0.0,28.0,34.0,17.1,28.5,-128.7,20.7,0.0,1.0,1.0,1.0,0.0,0.0,1.0,0.0,82.0,82.0,0
2025-04-11 14:23:41,21.27,5.29,2.8,0.7,5.2,0.0,0.0,0.0,0.0,0.0,28.0,34.0,17.1,28.5,-128.7,20.8,0.0,1.0,1.0,1.0,0.0,0.0,1.0,0.0,82.0,82.0,0
2025-04-11 14:23:42,21.25,5.3,2.8,0.7,4.5,0.0,0.0,0.0,0.0,0.0,28.0,34.0,17.1,28.5,-128.7,20.7,0.0,1.0,1.0,1.0,0.0,0.0,1.0,0.0,82.0,82.0,0
2025-04-11 14:23:43,21.24,5.3,2.8,0.7,5.1,0.0,0.0,0.0,0.0,0.0,28.0,34.0,17.1,28.5,-128.7,20.7,0.0,1.0,1.0,1.0,0.0,0.0,1.0,0.0,82.0,82.0,0
2025-04-11 14:23:44,21.25,5.29,2.8,0.7,5.1,0.0,0.0,0.0,0.0,0.0,28.0,34.0,17.1,28.5,-128.7,20.7,0.0,1.0,1.0,1.0,0.0,0.0,1.0,0.0,82.0,82.0,0
2025-04-11 14:23:45,21.24,5.309999,2.8,0.7,4.5,0.0,0.0,0.0,0.0,0.0,28.0,34.0,17.1,28.5,-128.7,20.8,0.0,1.0,1.0,1.0,0.0,0.0,1.0,0.0,82.0,82.0,0
2025-04-11 14:23:46,21.24,5.29,2.8,0.7,5.0,0.0,0.0,0.0,0.0,0.0,28.0,34.0,17.1,28.5,-128.7,20.7,0.0,1.0,1.0,1.0,0.0,0.0,1.0,0.0,82.0,82.0,0
2025-04-11 14:23:47,21.24,5.309999,2.8,0.7,5.1,0.0,0.0,0.0,0.0,0.0,28.0,34.0,17.1,28.5,-128.7,20.7,0.0,1.0,1.0,1.0,0.0,0.0,1.0,0.0,82.0,82.0,0
2025-04-11 14:23:48,21.25,5.29,2.8,0.7,4.7,0.0,0.0,0.0,0.0,0.0,28.0,34.0,17.1,28.5,-128.7,20.8,0.0,1.0,1.0,1.0,0.0,0.0,1.0,0.0,82.0,82.0,0
2025-04-11 14:23:49,21.25,5.3,2.7,0.7,5.3,0.0,0.0,0.0,0.0,0.0,28.0,34.0,17.0,28.5,-128.7,20.7,0.0,1.0,1.0,1.0,0.0,0.0,1.0,0.0,82.0,82.0,0
2025-04-11 14:23:50,21.27,5.3,2.8,0.7,4.7,0.0,0.0,0.0,0.0,0.0,28.0,34.0,17.0,28.5,-128.7,20.7,0.0,1.0,1.0,1.0,0.0,0.0,1.0,0.0,82.0,82.0,0
2025-04-11 14:23:51,21.25,5.3,2.8,0.7,4.6,0.0,0.0,0.0,0.0,0.0,28.0,34.0,17.0,28.5,-128.7,20.7,0.0,1.0,1.0,1.0,0.0,0.0,1.0,0.0,82.0,82.0,0
2025-04-11 14:23:52,21.25,5.3,2.8,0.7,4.9,0.0,0.0,0.0,0.0,0.0,28.0,34.0,17.0,28.5,-128.7,20.7,0.0,1.0,1.0,1.0,0.0,0.0,1.0,0.0,82.0,82.0,0
2025-04-11 14:23:53,21.27,5.3,2.8,0.7,5.2,0.0,0.0,0.0,0.0,0.0,28.0,34.0,17.0,28.5,-128.7,20.8,0.0,1.0,1.0,1.0,0.0,0.0,1.0,0.0,82.0,82.0,0
2025-04-11 14:23:54,21.27,5.3,2.8,0.7,5.0,0.0,0.0,0.0,0.0,0.0,28.0,34.0,17.0,28.5,-128.7,20.7,0.0,1.0,1.0,1.0,0.0,0.0,1.0,0.0,82.0,82.0,0
2025-04-11 14:23:55,21.25,5.3,2.8,0.7,5.3,0.0,0.0,0.0,0.0,0.0,28.0,34.0,17.0,28.5,-128.7,20.8,0.0,1.0,1.0,1.0,0.0,0.0,1.0,0.0,82.0,82.0,0
2025-04-11 14:23:56,21.25,5.3,2.8,0.7,4.6,0.0,0.0,0.0,0.0,0.0,28.0,34.0,17.0,28.5,-128.7,20.7,0.0,1.0,1.0,1.0,0.0,0.0,1.0,0.0,82.0,82.0,0
2025-04-11 14:23:57,21.25,5.3,2.8,0.7,4.8,0.0,0.0,0.0,0.0,0.0,28.0,34.0,17.0,28.5,-128.7,20.7,0.0,1.0,1.0,1.0,0.0,0.0,1.0,0.0,82.0,82.0,0
2025-04-11 14:23:58,21.25,5.3,2.8,0.7,5.4,0.0,0.0,0.0,0.0,0.0,28.0,34.0,17.0,28.5,-128.7,20.7,0.0,1.0,1.0,1.0,0.0,0.0,1.0,0.0,82.0,82.0,0
2025-04-11 14:23:59,21.25,5.3,2.8,0.7,4.6,0.0,0.0,0.0,0.0,0.0,28.0,34.0,17.0,28.5,-128.7,20.7,0.0,1.0,1.0,1.0,0.0,0.0,1.0,0.0,82.0,82.0,0
2025-04-11 14:24:00,21.25,5.3,2.8,0.7,4.7,0.0,0.0,0.0,0.0,0.0,28.0,34.0,16.9,28.5,-128.7,20.7,0.0,1.0,1.0,1.0,0.0,0.0,1.0,0.0,82.0,82.0,0
2025-04-11 14:24:01,21.25,5.3,2.8,0.7,5.1,0.0,0.0,0.0,0.0,0.0,28.0,34.0,16.9,28.5,-128.7,20.7,0.0,1.0,1.0,1.0,0.0,0.0,1.0,0.0,82.0,82.0,0
2025-04-11 14:24:02,21.24,5.3,2.8,0.7,4.6,0.0,0.0,0.0,0.0,0.0,28.0,34.0,16.9,28.5,-128.7,20.8,0.0,1.0,1.0,1.0,0.0,0.0,1.0,0.0,82.0,82.0,0
2025-04-11 14:24:03,21.25,5.3,2.8,0.7,5.2,0.0,0.0,0.0,0.0,0.0,28.0,34.0,16.9,28.5,-128.7,20.7,0.0,1.0,1.0,1.0,0.0,0.0,1.0,0.0,82.0,82.0,0
2025-04-11 14:24:04,21.24,5.309999,2.8,0.7,4.8,0.0,0.0,0.0,0.0,0.0,28.0,34.0,16.9,28.5,-128.7,20.7,0.0,1.0,1.0,1.0,0.0,0.0,1.0,0.0,82.0,82.0,0
2025-04-11 14:24:05,21.28,5.3,2.8,0.7,4.6,0.0,0.0,0.0,0.0,0.0,28.0,34.0,16.9,28.5,-128.7,20.7,0.0,1.0,1.0,1.0,0.0,0.0,1.0,0.0,82.0,82.0,0
2025-04-11 14:24:06,21.25,5.3,2.8,0.7,5.1,0.0,0.0,0.0,0.0,0.0,28.0,34.0,16.9,28.5,-128.7,20.7,0.0,1.0,1.0,1.0,0.0,0.0,1.0,0.0,82.0,82.0,0
2025-04-11 14:24:07,21.24,5.3,2.8,0.7,4.6,0.0,0.0,0.0,0.0,0.0,28.0,34.0,16.9,28.5,-128.7,20.7,0.0,1.0,1.0,1.0,0.0,0.0,1.0,0.0,82.0,82.0,0
2025-04-11 14:24:08,21.24,5.309999,2.8,0.7,4.9,0.0,0.0,0.0,0.0,0.0,28.0,34.0,16.9,28.5,-128.7,20.7,0.0,1.0,1.0,1.0,0.0,0.0,1.0,0.0,82.0,82.0,0
2025-04-11 14:24:09,21.27,5.3,2.8,0.7,5.0,0.0,0.0,0.0,0.0,0.0,28.0,34.0,16.9,28.5,-128.7,20.7,0.0,1.0,1.0,1.0,0.0,0.0,1.0,0.0,82.0,82.0,0
2025-04-11 14:24:10,21.27,5.3,2.8,0.7,4.7,0.0,0.0,0.0,0.0,0.0,28.0,34.0,16.9,28.5,-128.7,20.7,0.0,1.0,1.0,1.0,0.0,0.0,1.0,0.0,82.0,82.0,0
2025-04-11 14:24:11,21.27,5.3,2.8,0.7,5.1,0.0,0.0,0.0,0.0,0.0,28.0,34.0,16.8,28.5,-128.7,20.7,0.0,1.0,1.0,1.0,0.0,0.0,1.0,0.0,82.0,82.0,0
2025-04-11 14:24:12,21.27,5.3,2.8,0.7,4.7,0.0,0.0,0.0,0.0,0.0,28.0,34.0,16.8,28.5,-128.7,20.7,0.0,1.0,1.0,1.0,0.0,0.0,1.0,0.0,82.0,82.0,0
2025-04-11 14:24:13,21.25,5.3,2.7,0.7,4.6,0.0,0.0,0.0,0.0,0.0,28.0,34.0,16.8,28.5,-128.7,20.7,0.0,1.0,1.0,1.0,0.0,0.0,1.0,0.0,82.0,82.0,0
2025-04-11 14:24:14,21.27,5.3,2.8,0.7,5.0,0.0,0.0,0.0,0.0,0.0,28.0,34.0,16.8,28.5,-128.7,20.7,0.0,1.0,1.0,1.0,0.0,0.0,1.0,0.0,82.0,82.0,0
2025-04-11 14:24:15,21.25,5.309999,2.8,0.7,4.6,0.0,0.0,0.0,0.0,0.0,28.0,34.0,16.8,28.5,-128.7,20.7,0.0,1.0,1.0,1.0,0.0,0.0,1.0,0.0,82.0,82.0,0
2025-04-11 14:24:16,21.24,5.29,2.8,0.7,4.9,0.0,0.0,0.0,0.0,0.0,28.0,34.0,16.8,28.5,-128.7,20.7,0.0,1.0,1.0,1.0,0.0,0.0,1.0,0.0,82.0,82.0,0
2025-04-11 14:24:17,21.25,5.3,2.8,0.7,5.4,0.0,0.0,0.0,0.0,0.0,28.0,34.0,16.8,28.5,-128.7,20.7,0.0,1.0,1.0,1.0,0.0,0.0,1.0,0.0,82.0,82.0,0
2025-04-11 14:24:18,21.24,5.3,2.8,0.7,4.7,0.0,0.0,0.0,0.0,0.0,28.0,34.0,16.8,28.5,-128.7,20.7,0.0,1.0,1.0,1.0,0.0,0.0,1.0,0.0,82.0,82.0,0
2025-04-11 14:24:19,21.28,5.3,2.8,0.7,5.4,0.0,0.0,0.0,0.0,0.0,28.0,34.0,16.8,28.5,-128.7,20.7,0.0,1.0,1.0,1.0,0.0,0.0,1.0,0.0,82.0,82.0,0
2025-04-11 14:24:20,21.25,5.3,2.8,0.7,4.8,0.0,0.0,0.0,0.0,0.0,28.0,34.0,16.8,28.5,-128.7,20.8,0.0,1.0,1.0,1.0,0.0,0.0,1.0,0.0,82.0,82.0,0
2025-04-11 14:24:21,21.28,5.29,2.8,0.7,4.6,0.0,0.0,0.0,0.0,0.0,28.0,34.0,16.8,28.5,-128.7,20.8,0.0,1.0,1.0,1.0,0.0,0.0,1.0,0.0,82.0,82.0,0
2025-04-11 14:24:22,21.24,5.3,2.8,0.7,5.0,0.0,0.0,0.0,0.0,0.0,28.0,34.0,16.8,28.5,-128.7,20.7,0.0,1.0,1.0,1.0,0.0,0.0,1.0,0.0,82.0,82.0,0
2025-04-11 14:24:23,21.25,5.29,2.8,0.7,4.5,0.0,0.0,0.0,0.0,0.0,28.0,34.0,16.8,28.5,-128.7,20.8,0.0,1.0,1.0,1.0,0.0,0.0,1.0,0.0,82.0,82.0,0
2025-04-11 14:24:24,21.25,5.3,2.8,0.7,4.8,0.0,0.0,0.0,0.0,0.0,28.0,34.0,16.8,28.5,-128.7,20.7,0.0,1.0,1.0,1.0,0.0,0.0,1.0,0.0,82.0,82.0,0
2025-04-11 14:24:25,21.24,5.3,2.8,0.7,5.0,0.0,0.0,0.0,0.0,0.0,28.0,34.0,16.8,28.5,-128.7,20.8,0.0,1.0,1.0,1.0,0.0,0.0,1.0,0.0,82.0,82.0,0
2025-04-11 14:24:26,21.24,5.29,2.8,0.7,4.7,0.0,0.0,0.0,0.0,0.0,28.0,34.0,16.8,28.5,-128.7,20.7,0.0,1.0,1.0,1.0,0.0,0.0,1.0,0.0,82.0,82.0,0
2025-04-11 14:24:27,21.25,5.3,2.8,0.7,4.6,0.0,0.0,0.0,0.0,0.0,27.9,34.0,16.8,28.5,-128.7,20.8,0.0,1.0,1.0,1.0,0.0,0.0,1.0,0.0,82.0,82.0,0
2025-04-11 14:24:28,21.23,5.28,2.8,0.7,4.7,0.0,0.0,0.0,0.0,0.0,27.9,34.0,16.7,28.5,-128.7,20.8,0.0,1.0,1.0,1.0,0.0,0.0,1.0,0.0,82.0,82.0,0
2025-04-11 14:24:29,21.24,5.3,2.8,0.7,5.3,0.0,0.0,0.0,0.0,0.0,27.9,34.0,16.7,28.4,-128.7,20.6,0.0,1.0,1.0,1.0,0.0,0.0,1.0,0.0,82.0,82.0,0
2025-04-11 14:24:30,21.25,5.29,2.8,0.7,4.6,0.0,0.0,0.0,0.0,0.0,27.9,34.0,16.7,28.4,-128.7,20.7,0.0,1.0,1.0,1.0,0.0,0.0,1.0,0.0,82.0,82.0,0
2025-04-11 14:24:31,21.25,5.3,2.8,0.7,5.0,0.0,0.0,0.0,0.0,0.0,27.9,34.0,16.7,28.4,-128.7,20.6,0.0,1.0,1.0,1.0,0.0,0.0,1.0,0.0,82.0,82.0,0
2025-04-11 14:24:32,21.25,5.29,2.8,0.7,5.1,0.0,0.0,0.0,0.0,0.0,27.9,34.0,16.7,28.4,-128.7,20.7,0.0,1.0,1.0,1.0,0.0,0.0,1.0,0.0,82.0,82.0,0
2025-04-11 14:24:33,21.25,5.29,2.8,0.7,5.1,0.0,0.0,0.0,0.0,0.0,27.9,34.0,16.7,28.4,-128.7,20.7,0.0,1.0,1.0,1.0,0.0,0.0,1.0,0.0,82.0,82.0,0
2025-04-11 14:24:34,21.25,5.3,2.8,0.7,5.1,0.0,0.0,0.0,0.0,0.0,27.9,34.0,16.7,28.4,-128.7,20.6,0.0,1.0,1.0,1.0,0.0,0.0,1.0,0.0,82.0,82.0,0
2025-04-11 14:24:35,21.24,5.29,2.8,0.7,4.9,0.0,0.0,0.0,0.0,0.0,27.9,34.0,16.6,28.4,-128.7,20.7,0.0,1.0,1.0,1.0,0.0,0.0,1.0,0.0,82.0,82.0,0
2025-04-11 14:24:36,21.25,5.3,2.8,0.7,5.0,0.0,0.0,0.0,0.0,0.0,27.9,34.0,16.6,28.4,-128.7,20.6,0.0,1.0,1.0,1.0,0.0,0.0,1.0,0.0,82.0,82.0,0
2025-04-11 14:24:37,21.23,5.29,2.8,0.7,5.1,0.0,0.0,0.0,0.0,0.0,27.9,34.0,16.6,28.4,-128.7,20.6,0.0,1.0,1.0,1.0,0.0,0.0,1.0,0.0,82.0,82.0,0
2025-04-11 14:24:38,21.23,5.3,2.8,0.7,4.7,0.0,0.0,0.0,0.0,0.0,27.9,34.0,16.6,28.4,-128.7,20.6,0.0,1.0,1.0,1.0,0.0,0.0,1.0,0.0,82.0,82.0,0
2025-04-11 14:24:39,21.24,5.3,2.8,0.7,4.9,0.0,0.0,0.0,0.0,0.0,27.9,34.0,16.6,28.4,-128.7,20.6,0.0,1.0,1.0,1.0,0.0,0.0,1.0,0.0,82.0,82.0,0
2025-04-11 14:24:40,21.23,5.3,2.8,0.7,5.1,0.0,0.0,0.0,0.0,0.0,27.9,34.0,16.6,28.4,-128.7,20.6,0.0,1.0,1.0,1.0,0.0,0.0,1.0,0.0,82.0,82.0,0
2025-04-11 14:24:41,21.23,5.3,2.7,0.7,4.7,0.0,0.0,0.0,0.0,0.0,27.9,34.0,16.6,28.4,-128.7,20.6,0.0,1.0,1.0,1.0,0.0,0.0,1.0,0.0,82.0,82.0,0
2025-04-11 14:24:42,21.23,5.3,2.8,0.7,4.7,0.0,0.0,0.0,0.0,0.0,27.9,34.0,16.6,28.4,-128.7,20.7,0.0,1.0,1.0,1.0,0.0,0.0,1.0,0.0,82.0,82.0,0
2025-04-11 14:24:43,21.24,5.3,2.8,0.7,5.3,0.0,0.0,0.0,0.0,0.0,27.9,34.0,16.6,28.4,-128.7,20.6,0.0,1.0,1.0,1.0,0.0,0.0,1.0,0.0,82.0,82.0,0
2025-04-11 14:24:44,21.24,5.3,2.8,0.7,4.6,0.0,0.0,0.0,0.0,0.0,27.9,34.0,16.6,28.4,-128.7,20.6,0.0,1.0,1.0,1.0,0.0,0.0,1.0,0.0,82.0,82.0,0
2025-04-11 14:24:45,21.22,5.29,2.8,0.7,4.7,0.0,0.0,0.0,0.0,0.0,27.9,34.0,16.6,28.4,-128.7,20.7,0.0,1.0,1.0,1.0,0.0,0.0,1.0,0.0,82.0,82.0,0
2025-04-11 14:24:46,21.23,5.3,2.8,0.7,5.3,0.0,0.0,0.0,0.0,0.0,27.9,34.0,16.6,28.4,-128.7,20.6,0.0,1.0,1.0,1.0,0.0,0.0,1.0,0.0,82.0,82.0,0
2025-04-11 14:24:47,21.22,5.3,2.8,0.7,5.1,0.0,0.0,0.0,0.0,0.0,27.9,34.0,16.6,28.4,-128.7,20.7,0.0,1.0,1.0,1.0,0.0,0.0,1.0,0.0,82.0,82.0,0
2025-04-11 14:24:48,21.2,5.3,2.8,0.7,5.1,0.0,0.0,0.0,0.0,0.0,27.9,34.0,16.6,28.4,-128.7,20.6,0.0,1.0,1.0,1.0,0.0,0.0,1.0,0.0,82.0,82.0,0
2025-04-11 14:24:49,21.22,5.3,2.8,0.7,5.2,0.0,0.0,0.0,0.0,0.0,27.9,34.0,16.6,28.4,-128.7,20.7,0.0,1.0,1.0,1.0,0.0,0.0,1.0,0.0,82.0,82.0,0
2025-04-11 14:24:50,21.19,5.28,2.8,0.7,4.4,0.0,0.0,0.0,0.0,0.0,27.9,34.0,16.5,28.4,-128.7,20.6,0.0,1.0,1.0,1.0,0.0,0.0,1.0,0.0,82.0,82.0,0
2025-04-11 14:24:51,21.22,5.3,2.8,0.7,5.2,0.0,0.0,0.0,0.0,0.0,27.9,34.0,16.5,28.4,-128.7,20.7,0.0,1.0,1.0,1.0,0.0,0.0,1.0,0.0,82.0,82.0,0
2025-04-11 14:24:52,21.2,5.28,2.8,0.7,4.8,0.0,0.0,0.0,0.0,0.0,27.9,34.0,16.5,28.4,-128.7,20.6,0.0,1.0,1.0,1.0,0.0,0.0,1.0,0.0,82.0,82.0,0
2025-04-11 14:24:53,21.22,5.3,2.8,0.7,4.6,0.0,0.0,0.0,0.0,0.0,27.9,34.0,16.5,28.4,-128.7,20.6,0.0,1.0,1.0,1.0,0.0,0.0,1.0,0.0,82.0,82.0,0
2025-04-11 14:24:54,21.22,5.28,2.8,0.7,4.6,0.0,0.0,0.0,0.0,0.0,27.9,34.0,16.5,28.4,-128.7,20.7,0.0,1.0,1.0,1.0,0.0,0.0,1.0,0.0,82.0,82.0,0
2025-04-11 14:24:55,21.22,5.29,2.8,0.7,4.5,0.0,0.0,0.0,0.0,0.0,27.9,34.0,16.5,28.4,-128.7,20.7,0.0,1.0,1.0,1.0,0.0,0.0,1.0,0.0,82.0,82.0,0
2025-04-11 14:24:56,21.23,5.29,2.8,0.7,4.5,0.0,0.0,0.0,0.0,0.0,27.9,34.0,16.5,28.4,-128.7,20.7,0.0,1.0,1.0,1.0,0.0,0.0,1.0,0.0,82.0,82.0,0
2025-04-11 14:24:57,21.2,5.28,2.8,0.7,4.7,0.0,0.0,0.0,0.0,0.0,27.9,34.0,16.5,28.4,-128.7,20.7,0.0,1.0,1.0,1.0,0.0,0.0,1.0,0.0,82.0,82.0,0
2025-04-11 14:24:58,21.19,5.3,2.8,0.7,4.5,0.0,0.0,0.0,0.0,0.0,27.9,34.0,16.5,28.4,-128.7,20.6,0.0,1.0,1.0,1.0,0.0,0.0,1.0,0.0,82.0,82.0,0
2025-04-11 14:24:59,21.19,5.28,2.8,0.7,4.6,0.0,0.0,0.0,0.0,0.0,27.9,33.9,16.5,28.3,-128.7,20.7,0.0,1.0,1.0,1.0,0.0,0.0,1.0,0.0,82.0,82.0,0
2025-04-11 14:25:00,21.19,5.29,2.8,0.7,4.9,0.0,0.0,0.0,0.0,0.0,27.9,33.9,16.5,28.3,-128.7,20.5,0.0,1.0,1.0,1.0,0.0,0.0,1.0,0.0,82.0,82.0,0
2025-04-11 14:25:01,21.19,5.29,2.8,0.7,5.0,0.0,0.0,0.0,0.0,0.0,27.9,33.9,16.5,28.3,-128.7,20.6,0.0,1.0,1.0,1.0,0.0,0.0,1.0,0.0,82.0,82.0,0
2025-04-11 14:25:02,21.2,5.28,2.8,0.7,4.6,0.0,0.0,0.0,0.0,0.0,27.9,33.9,16.5,28.3,-128.7,20.6,0.0,1.0,1.0,1.0,0.0,0.0,1.0,0.0,82.0,82.0,0
2025-04-11 14:25:03,21.2,5.29,2.8,0.7,4.6,0.0,0.0,0.0,0.0,0.0,27.9,34.0,16.5,28.3,-128.7,20.5,0.0,1.0,1.0,1.0,0.0,0.0,1.0,0.0,82.0,82.0,0
2025-04-11 14:25:04,21.2,5.28,2.8,0.7,5.0,0.0,0.0,0.0,0.0,0.0,27.9,33.9,16.5,28.3,-128.7,20.6,0.0,1.0,1.0,1.0,0.0,0.0,1.0,0.0,82.0,82.0,0
2025-04-11 14:25:05,21.2,5.3,2.8,0.7,4.7,0.0,0.0,0.0,0.0,0.0,27.9,33.9,16.4,28.3,-128.7,20.5,0.0,1.0,1.0,1.0,0.0,0.0,1.0,0.0,82.0,82.0,0
2025-04-11 14:25:06,21.19,5.28,2.8,0.7,4.7,0.0,0.0,0.0,0.0,0.0,27.9,33.9,16.4,28.3,-128.7,20.7,0.0,1.0,1.0,1.0,0.0,0.0,1.0,0.0,82.0,82.0,0
2025-04-11 14:25:07,21.2,5.28,2.8,0.7,4.9,0.0,0.0,0.0,0.0,0.0,27.9,33.9,16.4,28.3,-128.7,20.6,0.0,1.0,1.0,1.0,0.0,0.0,1.0,0.0,82.0,82.0,0
2025-04-11 14:25:08,21.22,5.28,2.8,0.7,5.0,0.0,0.0,0.0,0.0,0.0,27.9,33.9,16.4,28.3,-128.7,20.7,0.0,1.0,1.0,1.0,0.0,0.0,1.0,0.0,82.0,82.0,0
2025-04-11 14:25:09,21.19,5.27,2.7,0.7,4.6,0.0,0.0,0.0,0.0,0.0,27.9,33.9,16.4,28.3,-128.7,20.7,0.0,1.0,1.0,1.0,0.0,0.0,1.0,0.0,82.0,82.0,0
2025-04-11 14:25:10,21.2,5.29,2.8,0.7,4.7,0.0,0.0,0.0,0.0,0.0,27.9,33.9,16.4,28.3,-128.7,20.6,0.0,1.0,1.0,1.0,0.0,0.0,1.0,0.0,82.0,82.0,0
2025-04-11 14:25:11,21.2,5.27,2.8,0.7,5.1,0.0,0.0,0.0,0.0,0.0,27.9,33.9,16.4,28.3,-128.7,20.7,0.0,1.0,1.0,1.0,0.0,0.0,1.0,0.0,82.0,82.0,0
2025-04-11 14:25:12,21.19,5.29,2.8,0.7,5.5,0.0,0.0,0.0,0.0,0.0,27.9,33.9,16.4,28.3,-128.7,20.5,0.0,1.0,1.0,1.0,0.0,0.0,1.0,0.0,82.0,82.0,0
2025-04-11 14:25:13,21.2,5.28,2.8,0.7,5.1,0.0,0.0,0.0,0.0,0.0,27.9,33.9,16.4,28.3,-128.7,20.7,0.0,1.0,1.0,1.0,0.0,0.0,1.0,0.0,82.0,82.0,0
2025-04-11 14:25:14,21.22,5.27,2.7,0.7,5.2,0.0,0.0,0.0,0.0,0.0,27.9,33.9,16.4,28.3,-128.7,20.6,0.0,1.0,1.0,1.0,0.0,0.0,1.0,0.0,82.0,82.0,0
2025-04-11 14:25:15,21.2,5.29,2.8,0.7,5.3,0.0,0.0,0.0,0.0,0.0,27.9,33.9,16.4,28.3,-128.7,20.6,0.0,1.0,1.0,1.0,0.0,0.0,1.0,0.0,82.0,82.0,0
2025-04-11 14:25:16,21.2,5.28,2.8,0.7,5.1,0.0,0.0,0.0,0.0,0.0,27.9,33.9,16.4,28.3,-128.7,20.7,0.0,1.0,1.0,1.0,0.0,0.0,1.0,0.0,82.0,82.0,0
2025-04-11 14:25:17,21.2,5.3,2.7,0.7,4.8,0.0,0.0,0.0,0.0,0.0,27.9,33.9,16.4,28.3,-128.7,20.6,0.0,1.0,1.0,1.0,0.0,0.0,1.0,0.0,82.0,82.0,0
2025-04-11 14:25:18,21.19,5.27,2.8,0.7,4.9,0.0,0.0,0.0,0.0,0.0,27.9,33.9,16.4,28.3,-128.7,20.7,0.0,1.0,1.0,1.0,0.0,0.0,1.0,0.0,82.0,82.0,0
2025-04-11 14:25:19,21.2,5.29,2.8,0.7,5.3,0.0,0.0,0.0,0.0,0.0,27.9,33.9,16.4,28.3,-128.7,20.5,0.0,1.0,1.0,1.0,0.0,0.0,1.0,0.0,82.0,82.0,0
2025-04-11 14:25:20,21.19,5.28,2.8,0.7,5.2,0.0,0.0,0.0,0.0,0.0,27.9,33.9,16.4,28.3,-128.7,20.6,0.0,1.0,1.0,1.0,0.0,0.0,1.0,0.0,82.0,82.0,0
2025-04-11 14:25:21,21.19,5.27,2.8,0.7,4.7,0.0,0.0,0.0,0.0,0.0,27.9,33.9,16.4,28.3,-128.7,20.6,0.0,1.0,1.0,1.0,0.0,0.0,1.0,0.0,82.0,82.0,0
2025-04-11 14:25:22,21.19,5.29,2.8,0.7,4.8,0.0,0.0,0.0,0.0,0.0,27.9,33.9,16.4,28.3,-128.7,20.6,0.0,1.0,1.0,1.0,0.0,0.0,1.0,0.0,82.0,82.0,0
2025-04-11 14:25:23,21.22,5.27,2.8,0.7,4.5,0.0,0.0,0.0,0.0,0.0,27.9,33.9,16.4,28.3,-128.7,20.6,0.0,1.0,1.0,1.0,0.0,0.0,1.0,0.0,82.0,82.0,0
2025-04-11 14:25:24,21.19,5.3,2.7,0.7,4.7,0.0,0.0,0.0,0.0,0.0,27.9,33.9,16.4,28.3,-128.7,20.6,0.0,1.0,1.0,1.0,0.0,0.0,1.0,0.0,82.0,82.0,0
2025-04-11 14:25:25,21.2,5.29,2.8,0.7,5.4,0.0,0.0,0.0,0.0,0.0,27.9,33.9,16.4,28.2,-128.7,20.5,0.0,1.0,1.0,1.0,0.0,0.0,1.0,0.0,82.0,82.0,0
2025-04-11 14:25:26,21.2,5.3,2.8,0.7,4.9,0.0,0.0,0.0,0.0,0.0,27.9,33.9,16.4,28.2,-128.7,20.4,0.0,1.0,1.0,1.0,0.0,0.0,1.0,0.0,82.0,82.0,0
2025-04-11 14:25:27,21.19,5.27,2.8,0.7,4.8,0.0,0.0,0.0,0.0,0.0,27.9,33.9,16.4,28.2,-128.7,20.6,0.0,1.0,1.0,1.0,0.0,0.0,1.0,0.0,82.0,82.0,0
2025-04-11 14:25:28,21.19,5.28,2.8,0.7,4.7,0.0,0.0,0.0,0.0,0.0,27.9,33.9,16.4,28.2,-128.7,20.5,0.0,1.0,1.0,1.0,0.0,0.0,1.0,0.0,82.0,82.0,0
2025-04-11 14:25:29,21.18,5.28,2.8,0.7,5.5,0.0,0.0,0.0,0.0,0.0,27.9,33.9,16.4,28.2,-128.7,20.5,0.0,1.0,1.0,1.0,0.0,0.0,1.0,0.0,82.0,82.0,0
2025-04-11 14:25:30,21.19,5.28,2.8,0.7,5.0,0.0,0.0,0.0,0.0,0.0,27.9,33.9,16.4,28.2,-128.7,20.5,0.0,1.0,1.0,1.0,0.0,0.0,1.0,0.0,82.0,82.0,0
2025-04-11 14:25:31,21.18,5.3,2.7,0.7,4.8,0.0,0.0,0.0,0.0,0.0,27.9,33.9,16.4,28.2,-128.7,20.5,0.0,1.0,1.0,1.0,0.0,0.0,1.0,0.0,82.0,82.0,0
2025-04-11 14:25:32,21.22,5.28,2.8,0.7,5.1,0.0,0.0,0.0,0.0,0.0,27.9,33.9,16.4,28.2,-128.7,20.5,0.0,1.0,1.0,1.0,0.0,0.0,1.0,0.0,82.0,82.0,0
2025-04-11 14:25:33,21.19,5.3,2.8,0.7,5.1,0.0,0.0,0.0,0.0,0.0,27.9,33.9,16.4,28.2,-128.7,20.4,0.0,1.0,1.0,1.0,0.0,0.0,1.0,0.0,82.0,82.0,0
2025-04-11 14:25:34,21.2,5.28,2.8,0.7,5.0,0.0,0.0,0.0,0.0,0.0,27.9,33.9,16.4,28.2,-128.7,20.5,0.0,1.0,1.0,1.0,0.0,0.0,1.0,0.0,82.0,82.0,0
2025-04-11 14:25:35,21.2,5.29,2.8,0.7,4.7,0.0,0.0,0.0,0.0,0.0,27.9,33.9,16.4,28.2,-128.7,20.5,0.0,1.0,1.0,1.0,0.0,0.0,1.0,0.0,82.0,82.0,0
2025-04-11 14:25:36,21.18,5.29,2.7,0.7,5.1,0.0,0.0,0.0,0.0,0.0,27.9,33.9,16.4,28.2,-128.7,20.5,0.0,1.0,1.0,1.0,0.0,0.0,1.0,0.0,82.0,82.0,0
2025-04-11 14:25:37,21.19,5.28,2.7,0.7,5.2,0.0,0.0,0.0,0.0,0.0,27.9,33.9,16.4,28.2,-128.7,20.5,0.0,1.0,1.0,1.0,0.0,0.0,1.0,0.0,82.0,82.0,0
2025-04-11 14:25:38,21.18,5.29,2.8,0.7,4.7,0.0,0.0,0.0,0.0,0.0,27.9,33.9,16.4,28.2,-128.7,20.5,0.0,1.0,1.0,1.0,0.0,0.0,1.0,0.0,82.0,82.0,0
2025-04-11 14:25:39,21.18,5.27,2.7,0.7,4.8,0.0,0.0,0.0,0.0,0.0,27.9,33.9,16.4,28.2,-128.7,20.6,0.0,1.0,1.0,1.0,0.0,0.0,1.0,0.0,82.0,82.0,0
2025-04-11 14:25:40,21.19,5.29,2.8,0.7,5.3,0.0,0.0,0.0,0.0,0.0,27.9,33.9,16.4,28.2,-128.7,20.5,0.0,1.0,1.0,1.0,0.0,0.0,1.0,0.0,82.0,82.0,0
2025-04-11 14:25:41,21.22,5.28,2.7,0.7,4.7,0.0,0.0,0.0,0.0,0.0,27.9,33.9,16.4,28.2,-128.7,20.6,0.0,1.0,1.0,1.0,0.0,0.0,1.0,0.0,82.0,82.0,0
2025-04-11 14:25:42,21.19,5.29,2.8,0.7,4.8,0.0,0.0,0.0,0.0,0.0,27.9,33.9,16.4,28.2,-128.7,20.5,0.0,1.0,1.0,1.0,0.0,0.0,1.0,0.0,82.0,82.0,0
2025-04-11 14:25:43,21.2,5.29,2.7,0.7,4.8,0.0,0.0,0.0,0.0,0.0,27.9,33.9,16.4,28.2,-128.7,20.5,0.0,1.0,1.0,1.0,0.0,0.0,1.0,0.0,82.0,82.0,0
2025-04-11 14:25:44,21.19,5.29,2.7,0.7,4.9,0.0,0.0,0.0,0.0,0.0,27.9,33.9,16.4,28.2,-128.7,20.5,0.0,1.0,1.0,1.0,0.0,0.0,1.0,0.0,82.0,82.0,0
2025-04-11 14:25:45,21.2,5.29,2.8,0.7,4.4,0.0,0.0,0.0,0.0,0.0,27.9,33.9,16.4,28.2,-128.7,20.5,0.0,1.0,1.0,1.0,0.0,0.0,1.0,0.0,82.0,82.0,0
2025-04-11 14:25:46,21.19,5.27,2.8,0.7,4.7,0.0,0.0,0.0,0.0,0.0,27.9,33.9,16.4,28.2,-128.7,20.5,0.0,1.0,1.0,1.0,0.0,0.0,1.0,0.0,82.0,82.0,0
2025-04-11 14:25:47,21.19,5.29,2.8,0.7,5.2,0.0,0.0,0.0,0.0,0.0,27.9,33.9,16.4,28.2,-128.7,20.5,0.0,1.0,1.0,1.0,0.0,0.0,1.0,0.0,82.0,82.0,0
2025-04-11 14:25:48,21.2,5.28,2.8,0.7,5.0,0.0,0.0,0.0,0.0,0.0,27.9,33.9,16.4,28.2,-128.7,20.6,0.0,1.0,1.0,1.0,0.0,0.0,1.0,0.0,82.0,82.0,0
2025-04-11 14:25:49,21.2,5.28,2.7,0.7,4.9,0.0,0.0,0.0,0.0,0.0,27.9,33.9,16.4,28.2,-128.7,20.5,0.0,1.0,1.0,1.0,0.0,0.0,1.0,0.0,82.0,82.0,0
2025-04-11 14:25:50,21.23,5.28,2.8,0.7,5.2,0.0,0.0,0.0,0.0,0.0,27.9,33.9,16.4,28.2,-128.7,20.5,0.0,1.0,1.0,1.0,0.0,0.0,1.0,0.0,82.0,82.0,0
2025-04-11 14:25:51,21.22,5.28,2.8,0.7,5.2,0.0,0.0,0.0,0.0,0.0,27.9,33.9,16.4,28.2,-128.7,20.5,0.0,1.0,1.0,1.0,0.0,0.0,1.0,0.0,82.0,82.0,0
2025-04-11 14:25:52,21.22,5.29,2.8,0.7,4.5,0.0,0.0,0.0,0.0,0.0,27.9,33.9,16.4,28.2,-128.7,20.5,0.0,1.0,1.0,1.0,0.0,0.0,1.0,0.0,82.0,82.0,0
2025-04-11 14:25:53,21.22,5.27,2.8,0.7,4.8,0.0,0.0,0.0,0.0,0.0,27.9,33.9,16.4,28.2,-128.7,20.5,0.0,1.0,1.0,1.0,0.0,0.0,1.0,0.0,82.0,82.0,0
2025-04-11 14:25:54,21.2,5.29,2.8,0.7,5.1,0.0,0.0,0.0,0.0,0.0,27.9,33.9,16.4,28.2,-128.7,20.5,0.0,1.0,1.0,1.0,0.0,0.0,1.0,0.0,82.0,82.0,0
2025-04-11 14:25:55,21.2,5.28,2.8,0.7,4.7,0.0,0.0,0.0,0.0,0.0,27.9,33.9,16.4,28.1,-128.7,20.5,0.0,1.0,1.0,1.0,0.0,0.0,1.0,0.0,82.0,82.0,0
2025-04-11 14:25:56,21.2,5.28,2.8,0.7,4.7,0.0,0.0,0.0,0.0,0.0,27.9,33.9,16.4,28.1,-128.7,20.3,0.0,1.0,1.0,1.0,0.0,0.0,1.0,0.0,82.0,82.0,0
2025-04-11 14:25:57,21.2,5.29,2.8,0.7,4.9,0.0,0.0,0.0,0.0,0.0,27.9,33.9,16.4,28.1,-128.7,20.4,0.0,1.0,1.0,1.0,0.0,0.0,1.0,0.0,82.0,82.0,0
2025-04-11 14:25:58,21.2,5.27,2.8,0.7,4.8,0.0,0.0,0.0,0.0,0.0,27.9,33.9,16.4,28.1,-128.7,20.4,0.0,1.0,1.0,1.0,0.0,0.0,1.0,0.0,82.0,82.0,0
2025-04-11 14:25:59,21.22,5.29,2.7,0.7,4.6,0.0,0.0,0.0,0.0,0.0,27.9,33.9,16.4,28.1,-128.7,20.3,0.0,1.0,1.0,1.0,0.0,0.0,1.0,0.0,82.0,82.0,0
2025-04-11 14:26:00,21.2,5.28,2.8,0.7,4.6,0.0,0.0,0.0,0.0,0.0,27.9,33.9,16.4,28.1,-128.7,20.5,0.0,1.0,1.0,1.0,0.0,0.0,1.0,0.0,82.0,82.0,0
2025-04-11 14:26:01,21.2,5.3,2.8,0.7,5.2,0.0,0.0,0.0,0.0,0.0,27.9,33.9,16.4,28.1,-128.7,20.3,0.0,1.0,1.0,1.0,0.0,0.0,1.0,0.0,82.0,82.0,0
2025-04-11 14:26:02,21.22,5.3,2.8,0.7,4.9,0.0,0.0,0.0,0.0,0.0,27.9,33.9,16.4,28.1,-128.7,20.4,0.0,1.0,1.0,1.0,0.0,0.0,1.0,0.0,82.0,82.0,0
2025-04-11 14:26:03,21.2,5.28,2.8,0.7,4.7,0.0,0.0,0.0,0.0,0.0,27.9,33.9,16.4,28.1,-128.7,20.3,0.0,1.0,1.0,1.0,0.0,0.0,1.0,0.0,82.0,82.0,0
2025-04-11 14:26:04,21.2,5.3,2.8,0.7,5.0,0.0,0.0,0.0,0.0,0.0,27.9,33.9,16.4,28.1,-128.7,20.4,0.0,1.0,1.0,1.0,0.0,0.0,1.0,0.0,82.0,82.0,0
2025-04-11 14:26:05,21.2,5.29,2.8,0.7,5.0,0.0,0.0,0.0,0.0,0.0,27.9,33.9,16.4,28.1,-128.7,20.4,0.0,1.0,1.0,1.0,0.0,0.0,1.0,0.0,82.0,82.0,0
2025-04-11 14:26:06,21.2,5.3,2.8,0.7,4.8,0.0,0.0,0.0,0.0,0.0,27.9,33.9,16.4,28.1,-128.7,20.3,0.0,1.0,1.0,1.0,0.0,0.0,1.0,0.0,82.0,82.0,0
2025-04-11 14:26:07,21.2,5.28,2.8,0.7,5.1,0.0,0.0,0.0,0.0,0.0,27.9,33.9,16.4,28.1,-128.7,20.4,0.0,1.0,1.0,1.0,0.0,0.0,1.0,0.0,82.0,82.0,0
2025-04-11 14:26:08,21.2,5.3,2.8,0.7,5.2,0.0,0.0,0.0,0.0,0.0,27.9,33.9,16.4,28.1,-128.7,20.3,0.0,1.0,1.0,1.0,0.0,0.0,1.0,0.0,82.0,82.0,0
2025-04-11 14:26:09,21.2,5.3,2.8,0.7,5.0,0.0,0.0,0.0,0.0,0.0,27.9,33.9,16.4,28.1,-128.7,20.4,0.0,1.0,1.0,1.0,0.0,0.0,1.0,0.0,82.0,82.0,0
2025-04-11 14:26:10,21.2,5.29,2.8,0.7,4.5,0.0,0.0,0.0,0.0,0.0,27.9,33.9,16.4,28.1,-128.7,20.4,0.0,1.0,1.0,1.0,0.0,0.0,1.0,0.0,82.0,82.0,0
2025-04-11 14:26:11,21.22,5.3,2.8,0.7,5.3,0.0,0.0,0.0,0.0,0.0,27.9,33.9,16.4,28.1,-128.7,20.4,0.0,1.0,1.0,1.0,0.0,0.0,1.0,0.0,82.0,82.0,0
2025-04-11 14:26:12,21.2,5.29,2.8,0.7,5.2,0.0,0.0,0.0,0.0,0.0,27.9,33.9,16.4,28.1,-128.7,20.4,0.0,1.0,1.0,1.0,0.0,0.0,1.0,0.0,82.0,82.0,0
2025-04-11 14:26:13,21.22,5.3,2.8,0.7,5.0,0.0,0.0,0.0,0.0,0.0,27.9,33.9,16.4,28.1,-128.7,20.3,0.0,1.0,1.0,1.0,0.0,0.0,1.0,0.0,82.0,82.0,0
2025-04-11 14:26:14,21.22,5.29,2.8,0.7,5.0,0.0,0.0,0.0,0.0,0.0,27.9,33.9,16.4,28.1,-128.7,20.4,0.0,1.0,1.0,1.0,0.0,0.0,1.0,0.0,82.0,82.0,0
2025-04-11 14:26:15,21.2,5.29,2.8,0.7,5.1,0.0,0.0,0.0,0.0,0.0,27.9,33.9,16.4,28.1,-128.7,20.4,0.0,1.0,1.0,1.0,0.0,0.0,1.0,0.0,82.0,82.0,0
2025-04-11 14:26:16,21.2,5.3,2.8,0.7,4.8,0.0,0.0,0.0,0.0,0.0,27.9,33.9,16.4,28.1,-128.7,20.4,0.0,1.0,1.0,1.0,0.0,0.0,1.0,0.0,82.0,82.0,0
2025-04-11 14:26:17,21.19,5.29,2.8,0.7,4.7,0.0,0.0,0.0,0.0,0.0,27.9,33.9,16.4,28.1,-128.7,20.4,0.0,1.0,1.0,1.0,0.0,0.0,1.0,0.0,82.0,82.0,0
2025-04-11 14:26:18,21.2,5.29,2.8,0.7,5.2,0.0,0.0,0.0,0.0,0.0,27.9,33.9,16.5,28.1,-128.7,20.3,0.0,1.0,1.0,1.0,0.0,0.0,1.0,0.0,82.0,82.0,0
2025-04-11 14:26:19,21.2,5.29,2.8,0.7,5.2,0.0,0.0,0.0,0.0,0.0,27.9,33.9,16.5,28.1,-128.7,20.4,0.0,1.0,1.0,1.0,0.0,0.0,1.0,0.0,82.0,82.0,0
2025-04-11 14:26:20,21.22,5.29,2.8,0.7,4.6,0.0,0.0,0.0,0.0,0.0,27.9,33.9,16.5,28.1,-128.7,20.3,0.0,1.0,1.0,1.0,0.0,0.0,1.0,0.0,82.0,82.0,0
2025-04-11 14:26:21,21.2,5.29,2.8,0.7,5.1,0.0,0.0,0.0,0.0,0.0,27.9,33.9,16.5,28.1,-128.7,20.4,0.0,1.0,1.0,1.0,0.0,0.0,1.0,0.0,82.0,82.0,0
2025-04-11 14:26:22,21.22,5.29,2.8,0.7,5.3,0.0,0.0,0.0,0.0,0.0,27.9,33.9,16.5,28.1,-128.7,20.4,0.0,1.0,1.0,1.0,0.0,0.0,1.0,0.0,82.0,82.0,0
2025-04-11 14:26:23,21.22,5.3,2.8,0.7,4.9,0.0,0.0,0.0,0.0,0.0,27.9,33.9,16.5,28.1,-128.7,20.3,0.0,1.0,1.0,1.0,0.0,0.0,1.0,0.0,82.0,82.0,0
2025-04-11 14:26:24,21.22,5.29,2.8,0.7,4.8,0.0,0.0,0.0,0.0,0.0,27.9,33.9,16.5,28.1,-128.7,20.4,0.0,1.0,1.0,1.0,0.0,0.0,1.0,0.0,82.0,82.0,0
2025-04-11 14:26:25,21.2,5.3,2.8,0.7,5.1,0.0,0.0,0.0,0.0,0.0,27.9,33.9,16.5,28.1,-128.7,20.3,0.0,1.0,1.0,1.0,0.0,0.0,1.0,0.0,82.0,82.0,0
2025-04-11 14:26:26,21.2,5.3,2.8,0.7,5.4,0.0,0.0,0.0,0.0,0.0,27.9,33.9,16.5,28.1,-128.7,20.4,0.0,1.0,1.0,1.0,0.0,0.0,1.0,0.0,82.0,82.0,0
2025-04-11 14:26:27,21.2,5.3,2.8,0.7,4.9,0.0,0.0,0.0,0.0,0.0,27.9,33.9,16.5,28.1,-128.7,20.3,0.0,1.0,1.0,1.0,0.0,0.0,1.0,0.0,82.0,82.0,0
2025-04-11 14:26:28,21.22,5.3,2.8,0.7,5.0,0.0,0.0,0.0,0.0,0.0,27.9,33.9,16.5,28.1,-128.7,20.4,0.0,1.0,1.0,1.0,0.0,0.0,1.0,0.0,82.0,82.0,0
2025-04-11 14:26:29,21.19,5.29,2.8,0.7,5.2,0.0,0.0,0.0,0.0,0.0,27.9,33.9,16.5,28.1,-128.7,20.4,0.0,1.0,1.0,1.0,0.0,0.0,1.0,0.0,82.0,82.0,0
2025-04-11 14:26:30,21.2,5.3,2.8,0.7,4.9,0.0,0.0,0.0,0.0,0.0,27.9,33.9,16.5,28.1,-128.7,20.4,0.0,1.0,1.0,1.0,0.0,0.0,1.0,0.0,82.0,82.0,0
2025-04-11 14:26:31,21.23,5.29,2.8,0.7,5.2,0.0,0.0,0.0,0.0,0.0,27.9,33.9,16.5,28.1,-128.7,20.4,0.0,1.0,1.0,1.0,0.0,0.0,1.0,0.0,82.0,82.0,0
2025-04-11 14:26:32,21.22,5.3,2.8,0.7,5.1,0.0,0.0,0.0,0.0,0.0,27.9,33.9,16.5,28.1,-128.7,20.3,0.0,1.0,1.0,1.0,0.0,0.0,1.0,0.0,82.0,82.0,0
2025-04-11 14:26:33,21.2,5.29,2.8,0.7,4.8,0.0,0.0,0.0,0.0,0.0,27.9,33.9,16.5,28.1,-128.7,20.4,0.0,1.0,1.0,1.0,0.0,0.0,1.0,0.0,82.0,82.0,0
2025-04-11 14:26:34,21.2,5.29,2.8,0.7,5.0,0.0,0.0,0.0,0.0,0.0,27.9,33.9,16.5,28.1,-128.7,20.3,0.0,1.0,1.0,1.0,0.0,0.0,1.0,0.0,82.0,82.0,0
2025-04-11 14:26:35,21.2,5.3,2.8,0.7,5.0,0.0,0.0,0.0,0.0,0.0,27.9,33.9,16.5,28.1,-128.7,20.3,0.0,1.0,1.0,1.0,0.0,0.0,1.0,0.0,82.0,82.0,0
2025-04-11 14:26:36,21.2,5.29,2.8,0.7,4.6,0.0,0.0,0.0,0.0,0.0,27.9,33.9,16.5,28.1,-128.7,20.4,0.0,1.0,1.0,1.0,0.0,0.0,1.0,0.0,82.0,82.0,0
2025-04-11 14:26:37,21.22,5.3,2.8,0.7,5.1,0.0,0.0,0.0,0.0,0.0,27.9,33.9,16.5,28.1,-128.7,20.3,0.0,1.0,1.0,1.0,0.0,0.0,1.0,0.0,82.0,82.0,0
2025-04-11 14:26:38,21.22,5.29,2.8,0.7,4.8,0.0,0.0,0.0,0.0,0.0,27.9,33.9,16.5,28.1,-128.7,20.4,0.0,1.0,1.0,1.0,0.0,0.0,1.0,0.0,82.0,82.0,0
2025-04-11 14:26:39,21.2,5.3,2.8,0.7,4.5,0.0,0.0,0.0,0.0,0.0,27.9,33.9,16.5,28.1,-128.7,20.3,0.0,1.0,1.0,1.0,0.0,0.0,1.0,0.0,82.0,82.0,0
2025-04-11 14:26:40,21.2,5.3,2.8,0.7,5.1,0.0,0.0,0.0,0.0,0.0,27.9,33.9,16.5,28.1,-128.7,20.3,0.0,1.0,1.0,1.0,0.0,0.0,1.0,0.0,82.0,82.0,0
2025-04-11 14:26:41,21.22,5.3,2.8,0.7,4.8,0.0,0.0,0.0,0.0,0.0,27.9,33.9,16.5,28.1,-128.7,20.3,0.0,1.0,1.0,1.0,0.0,0.0,1.0,0.0,82.0,82.0,0
2025-04-11 14:26:42,21.19,5.3,2.7,0.7,4.6,0.0,0.0,0.0,0.0,0.0,27.9,33.9,16.5,28.1,-128.7,20.3,0.0,1.0,1.0,1.0,0.0,0.0,1.0,0.0,82.0,82.0,0
2025-04-11 14:26:43,21.19,5.29,2.8,0.7,4.9,0.0,0.0,0.0,0.0,0.0,27.9,33.9,16.5,28.1,-128.7,20.4,0.0,1.0,1.0,1.0,0.0,0.0,1.0,0.0,82.0,82.0,0
2025-04-11 14:26:44,21.2,5.3,2.7,0.7,4.5,0.0,0.0,0.0,0.0,0.0,27.9,33.9,16.5,28.1,-128.7,20.3,0.0,1.0,1.0,1.0,0.0,0.0,1.0,0.0,82.0,82.0,0
2025-04-11 14:26:45,21.2,5.3,2.8,0.7,4.7,0.0,0.0,0.0,0.0,0.0,27.9,33.9,16.5,28.1,-128.7,20.3,0.0,1.0,1.0,1.0,0.0,0.0,1.0,0.0,82.0,82.0,0
2025-04-11 14:26:46,21.2,5.29,2.8,0.7,4.9,0.0,0.0,0.0,0.0,0.0,27.9,33.9,16.5,28.1,-128.7,20.3,0.0,1.0,1.0,1.0,0.0,0.0,1.0,0.0,82.0,82.0,0
2025-04-11 14:26:47,21.22,5.3,2.8,0.7,4.7,0.0,0.0,0.0,0.0,0.0,27.9,33.9,16.5,28.0,-128.7,20.2,0.0,1.0,1.0,1.0,0.0,0.0,1.0,0.0,82.0,82.0,0
2025-04-11 14:26:48,21.19,5.29,2.8,0.7,4.4,0.0,0.0,0.0,0.0,0.0,27.9,33.9,16.5,28.0,-128.7,20.3,0.0,1.0,1.0,1.0,0.0,0.0,1.0,0.0,82.0,82.0,0
2025-04-11 14:26:49,21.2,5.3,2.8,0.7,4.8,0.0,0.0,0.0,0.0,0.0,27.9,33.9,16.5,28.0,-128.7,20.2,0.0,1.0,1.0,1.0,0.0,0.0,1.0,0.0,82.0,82.0,0
2025-04-11 14:26:50,21.22,5.29,2.7,0.7,4.9,0.0,0.0,0.0,0.0,0.0,27.9,33.9,16.5,28.0,-128.7,20.3,0.0,1.0,1.0,1.0,0.0,0.0,1.0,0.0,82.0,82.0,0
2025-04-11 14:26:51,21.2,5.29,2.8,0.7,4.6,0.0,0.0,0.0,0.0,0.0,27.9,33.9,16.5,28.0,-128.7,20.2,0.0,1.0,1.0,1.0,0.0,0.0,1.0,0.0,82.0,82.0,0
2025-04-11 14:26:52,21.2,5.3,2.8,0.7,4.6,0.0,0.0,0.0,0.0,0.0,27.9,33.9,16.5,28.0,-128.7,20.3,0.0,1.0,1.0,1.0,0.0,0.0,1.0,0.0,82.0,82.0,0
2025-04-11 14:26:53,21.2,5.29,2.8,0.7,5.3,0.0,0.0,0.0,0.0,0.0,27.9,33.9,16.5,28.0,-128.7,20.3,0.0,1.0,1.0,1.0,0.0,0.0,1.0,0.0,82.0,82.0,0
2025-04-11 14:26:54,21.2,5.3,2.7,0.7,4.7,0.0,0.0,0.0,0.0,0.0,27.9,33.9,16.5,28.0,-128.7,20.2,0.0,1.0,1.0,1.0,0.0,0.0,1.0,0.0,82.0,82.0,0
2025-04-11 14:26:55,21.2,5.29,2.8,0.7,5.0,0.0,0.0,0.0,0.0,0.0,27.9,33.9,16.5,28.0,-128.7,20.2,0.0,1.0,1.0,1.0,0.0,0.0,1.0,0.0,82.0,82.0,0
2025-04-11 14:26:56,21.19,5.3,2.8,0.7,5.3,0.0,0.0,0.0,0.0,0.0,27.9,33.9,16.5,28.0,-128.7,20.2,0.0,1.0,1.0,1.0,0.0,0.0,1.0,0.0,82.0,82.0,0
2025-04-11 14:26:57,21.2,5.3,2.8,0.7,4.7,0.0,0.0,0.0,0.0,0.0,27.9,33.9,16.5,28.0,-128.7,20.2,0.0,1.0,1.0,1.0,0.0,0.0,1.0,0.0,82.0,82.0,0
2025-04-11 14:26:58,21.2,5.3,2.8,0.7,5.1,0.0,0.0,0.0,0.0,0.0,27.9,33.9,16.5,28.0,-128.7,20.2,0.0,1.0,1.0,1.0,0.0,0.0,1.0,0.0,82.0,82.0,0
2025-04-11 14:26:59,21.2,5.3,2.8,0.7,5.2,0.0,0.0,0.0,0.0,0.0,27.9,33.9,16.5,28.0,-128.7,20.2,0.0,1.0,1.0,1.0,0.0,0.0,1.0,0.0,82.0,82.0,0
2025-04-11 14:27:00,21.19,5.3,2.8,0.7,4.5,0.0,0.0,0.0,0.0,0.0,27.9,33.9,16.5,28.0,-128.7,20.2,0.0,1.0,1.0,1.0,0.0,0.0,1.0,0.0,82.0,82.0,0
2025-04-11 14:27:01,21.2,5.3,2.8,0.7,5.2,0.0,0.0,0.0,0.0,0.0,27.9,33.9,16.5,28.0,-128.7,20.2,0.0,1.0,1.0,1.0,0.0,0.0,1.0,0.0,82.0,82.0,0
2025-04-11 14:27:02,21.22,5.3,2.8,0.7,5.0,0.0,0.0,0.0,0.0,0.0,27.9,33.9,16.5,28.0,-128.7,20.2,0.0,1.0,1.0,1.0,0.0,0.0,1.0,0.0,82.0,82.0,0
2025-04-11 14:27:03,21.2,5.29,2.7,0.7,4.5,0.0,0.0,0.0,0.0,0.0,27.9,33.9,16.5,28.0,-128.7,20.3,0.0,1.0,1.0,1.0,0.0,0.0,1.0,0.0,82.0,82.0,0
2025-04-11 14:27:04,21.2,5.3,2.8,0.7,4.9,0.0,0.0,0.0,0.0,0.0,27.9,33.9,16.6,28.0,-128.7,20.2,0.0,1.0,1.0,1.0,0.0,0.0,1.0,0.0,82.0,82.0,0
2025-04-11 14:27:05,21.19,5.29,2.8,0.7,4.6,0.0,0.0,0.0,0.0,0.0,27.9,33.9,16.6,28.0,-128.7,20.3,0.0,1.0,1.0,1.0,0.0,0.0,1.0,0.0,82.0,82.0,0
2025-04-11 14:27:06,21.2,5.3,2.8,0.7,4.6,0.0,0.0,0.0,0.0,0.0,27.9,33.9,16.6,28.0,-128.7,20.2,0.0,1.0,1.0,1.0,0.0,0.0,1.0,0.0,82.0,82.0,0
2025-04-11 14:27:07,21.2,5.3,2.8,0.7,5.1,0.0,0.0,0.0,0.0,0.0,27.9,33.9,16.6,28.0,-128.7,20.3,0.0,1.0,1.0,1.0,0.0,0.0,1.0,0.0,82.0,82.0,0
2025-04-11 14:27:08,21.2,5.29,2.8,0.7,4.7,0.0,0.0,0.0,0.0,0.0,27.9,33.9,16.6,28.0,-128.7,20.2,0.0,1.0,1.0,1.0,0.0,0.0,1.0,0.0,82.0,82.0,0
2025-04-11 14:27:09,21.22,5.3,2.8,0.7,5.2,0.0,0.0,0.0,0.0,0.0,27.9,33.9,16.6,28.0,-128.7,20.3,0.0,1.0,1.0,1.0,0.0,0.0,1.0,0.0,82.0,82.0,0
2025-04-11 14:27:10,21.2,5.29,2.7,0.7,5.3,0.0,0.0,0.0,0.0,0.0,27.9,33.9,16.6,28.0,-128.7,20.3,0.0,1.0,1.0,1.0,0.0,0.0,1.0,0.0,82.0,82.0,0
2025-04-11 14:27:11,21.23,5.309999,2.8,0.7,4.7,0.0,0.0,0.0,0.0,0.0,27.9,33.9,16.6,28.0,-128.7,20.2,0.0,1.0,1.0,1.0,0.0,0.0,1.0,0.0,82.0,82.0,0
2025-04-11 14:27:12,21.22,5.29,2.8,0.7,4.8,0.0,0.0,0.0,0.0,0.0,27.9,33.9,16.6,28.0,-128.7,20.3,0.0,1.0,1.0,1.0,0.0,0.0,1.0,0.0,82.0,82.0,0
2025-04-11 14:27:13,21.2,5.3,2.8,0.7,5.0,0.0,0.0,0.0,0.0,0.0,27.9,33.9,16.6,28.0,-128.7,20.2,0.0,1.0,1.0,1.0,0.0,0.0,1.0,0.0,82.0,82.0,0
2025-04-11 14:27:14,21.23,5.3,2.8,0.7,4.8,0.0,0.0,0.0,0.0,0.0,27.9,33.9,16.7,28.0,-128.7,20.2,0.0,1.0,1.0,1.0,0.0,0.0,1.0,0.0,82.0,82.0,0
2025-04-11 14:27:15,21.2,5.3,2.8,0.7,5.2,0.0,0.0,0.0,0.0,0.0,27.9,33.9,16.7,28.0,-128.7,20.2,0.0,1.0,1.0,1.0,0.0,0.0,1.0,0.0,82.0,82.0,0
2025-04-11 14:27:16,21.2,5.3,2.8,0.7,4.6,0.0,0.0,0.0,0.0,0.0,27.9,33.9,16.7,28.0,-128.7,20.2,0.0,1.0,1.0,1.0,0.0,0.0,1.0,0.0,82.0,82.0,0
2025-04-11 14:27:17,21.2,5.3,2.8,0.7,4.6,0.0,0.0,0.0,0.0,0.0,27.9,33.9,16.7,28.0,-128.7,20.2,0.0,1.0,1.0,1.0,0.0,0.0,1.0,0.0,82.0,82.0,0
2025-04-11 14:27:18,21.2,5.3,2.8,0.7,5.1,0.0,0.0,0.0,0.0,0.0,27.9,33.9,16.7,28.0,-128.7,20.2,0.0,1.0,1.0,1.0,0.0,0.0,1.0,0.0,82.0,82.0,0
2025-04-11 14:27:19,21.22,5.309999,2.8,0.7,4.9,0.0,0.0,0.0,0.0,0.0,27.9,33.9,16.7,28.0,-128.7,20.2,0.0,1.0,1.0,1.0,0.0,0.0,1.0,0.0,82.0,82.0,0
2025-04-11 14:27:20,21.22,5.3,2.8,0.7,5.1,0.0,0.0,0.0,0.0,0.0,27.9,33.9,16.7,28.0,-128.7,20.2,0.0,1.0,1.0,1.0,0.0,0.0,1.0,0.0,82.0,82.0,0
2025-04-11 14:27:21,21.23,5.32,2.8,0.7,5.0,0.0,0.0,0.0,0.0,0.0,27.9,33.9,16.8,28.0,-128.7,20.2,0.0,1.0,1.0,1.0,0.0,0.0,1.0,0.0,82.0,82.0,0
2025-04-11 14:27:22,21.22,5.309999,2.7,0.7,4.8,0.0,0.0,0.0,0.0,0.0,27.9,33.9,16.8,28.0,-128.7,20.2,0.0,1.0,1.0,1.0,0.0,0.0,1.0,0.0,82.0,82.0,0
2025-04-11 14:27:23,21.23,5.3,2.8,0.7,4.5,0.0,0.0,0.0,0.0,0.0,27.9,33.9,16.8,28.0,-128.7,20.2,0.0,1.0,1.0,1.0,0.0,0.0,1.0,0.0,82.0,82.0,0
2025-04-11 14:27:24,21.2,5.309999,2.8,0.7,4.7,0.0,0.0,0.0,0.0,0.0,27.9,33.9,16.8,28.0,-128.7,20.2,0.0,1.0,1.0,1.0,0.0,0.0,1.0,0.0,82.0,82.0,0
2025-04-11 14:27:25,21.2,5.3,2.8,0.7,5.1,0.0,0.0,0.0,0.0,0.0,27.9,33.9,16.8,28.1,-128.7,20.3,0.0,1.0,1.0,1.0,0.0,0.0,1.0,0.0,82.0,82.0,0
2025-04-11 14:27:26,21.22,5.309999,2.8,0.7,5.3,0.0,0.0,0.0,0.0,0.0,27.9,33.9,16.8,28.1,-128.7,20.3,0.0,1.0,1.0,1.0,0.0,0.0,1.0,0.0,82.0,82.0,0
2025-04-11 14:27:27,21.22,5.3,2.8,0.7,4.9,0.0,0.0,0.0,0.0,0.0,27.9,33.9,16.8,28.1,-128.7,20.3,0.0,1.0,1.0,1.0,0.0,0.0,1.0,0.0,82.0,82.0,0
2025-04-11 14:27:28,21.23,5.3,2.8,0.7,5.1,0.0,0.0,0.0,0.0,0.0,27.9,33.9,16.8,28.1,-128.7,20.3,0.0,1.0,1.0,1.0,0.0,0.0,1.0,0.0,82.0,82.0,0
2025-04-11 14:27:29,21.2,5.3,2.8,0.7,5.0,0.0,0.0,0.0,0.0,0.0,27.9,33.9,16.9,28.1,-128.7,20.3,0.0,1.0,1.0,1.0,0.0,0.0,1.0,0.0,82.0,82.0,0
2025-04-11 14:27:30,21.23,5.3,2.8,0.7,4.5,0.0,0.0,0.0,0.0,0.0,27.9,33.9,16.9,28.1,-128.7,20.3,0.0,1.0,1.0,1.0,0.0,0.0,1.0,0.0,82.0,82.0,0
2025-04-11 14:27:31,21.23,5.309999,2.8,0.7,5.1,0.0,0.0,0.0,0.0,0.0,27.9,33.9,16.9,28.1,-128.7,20.3,0.0,1.0,1.0,1.0,0.0,0.0,1.0,0.0,82.0,82.0,0
2025-04-11 14:27:32,21.23,5.3,2.8,0.7,4.6,0.0,0.0,0.0,0.0,0.0,27.9,33.9,16.9,28.1,-128.7,20.3,0.0,1.0,1.0,1.0,0.0,0.0,1.0,0.0,82.0,82.0,0
2025-04-11 14:27:33,21.22,5.32,2.8,0.7,5.0,0.0,0.0,0.0,0.0,0.0,27.9,33.9,16.9,28.1,-128.7,20.3,0.0,1.0,1.0,1.0,0.0,0.0,1.0,0.0,82.0,82.0,0
2025-04-11 14:27:34,21.2,5.3,2.8,0.7,5.3,0.0,0.0,0.0,0.0,0.0,27.9,33.9,17.0,28.1,-128.7,20.3,0.0,1.0,1.0,1.0,0.0,0.0,1.0,0.0,82.0,82.0,0
2025-04-11 14:27:35,21.23,5.32,2.8,0.7,4.5,0.0,0.0,0.0,0.0,0.0,27.9,33.9,17.0,28.1,-128.7,20.3,0.0,1.0,1.0,1.0,0.0,0.0,1.0,0.0,82.0,82.0,0
2025-04-11 14:27:36,21.22,5.3,2.8,0.7,4.6,0.0,0.0,0.0,0.0,0.0,27.9,33.9,17.0,28.1,-128.7,20.3,0.0,1.0,1.0,1.0,0.0,0.0,1.0,0.0,82.0,82.0,0
2025-04-11 14:27:37,21.24,5.3,2.8,0.7,5.4,0.0,0.0,0.0,0.0,0.0,27.9,33.9,17.0,28.1,-128.7,20.3,0.0,1.0,1.0,1.0,0.0,0.0,1.0,0.0,82.0,82.0,0
2025-04-11 14:27:38,21.24,5.32,2.8,0.7,5.1,0.0,0.0,0.0,0.0,0.0,27.9,33.9,17.0,28.1,-128.7,20.3,0.0,1.0,1.0,1.0,0.0,0.0,1.0,0.0,82.0,82.0,0
2025-04-11 14:27:39,21.23,5.3,2.7,0.7,4.7,0.0,0.0,0.0,0.0,0.0,27.9,33.9,17.0,28.1,-128.7,20.3,0.0,1.0,1.0,1.0,0.0,0.0,1.0,0.0,82.0,82.0,0
2025-04-11 14:27:40,21.24,5.32,2.8,0.7,5.1,0.0,0.0,0.0,0.0,0.0,27.9,33.9,17.0,28.1,-128.7,20.3,0.0,1.0,1.0,1.0,0.0,0.0,1.0,0.0,82.0,82.0,0
2025-04-11 14:27:41,21.23,5.309999,2.8,0.7,5.4,0.0,0.0,0.0,0.0,0.0,27.9,33.9,17.0,28.1,-128.7,20.3,0.0,1.0,1.0,1.0,0.0,0.0,1.0,0.0,82.0,82.0,0
2025-04-11 14:27:42,21.22,5.32,2.8,0.7,4.9,0.0,0.0,0.0,0.0,0.0,27.9,33.9,17.1,28.1,-128.7,20.3,0.0,1.0,1.0,1.0,0.0,0.0,1.0,0.0,82.0,82.0,0
2025-04-11 14:27:43,21.23,5.3,2.8,0.7,5.2,0.0,0.0,0.0,0.0,0.0,27.9,33.9,17.1,28.1,-128.7,20.3,0.0,1.0,1.0,1.0,0.0,0.0,1.0,0.0,82.0,82.0,0
2025-04-11 14:27:44,21.22,5.309999,2.8,0.7,5.2,0.0,0.0,0.0,0.0,0.0,27.9,33.9,17.1,28.1,-128.7,20.2,0.0,1.0,1.0,1.0,0.0,0.0,1.0,0.0,82.0,82.0,0
2025-04-11 14:27:45,21.22,5.309999,2.8,0.7,4.7,0.0,0.0,0.0,0.0,0.0,27.9,33.9,17.1,28.1,-128.7,20.3,0.0,1.0,1.0,1.0,0.0,0.0,1.0,0.0,82.0,82.0,0
2025-04-11 14:27:46,21.23,5.309999,2.7,0.7,5.1,0.0,0.0,0.0,0.0,0.0,27.9,33.9,17.1,28.1,-128.7,20.2,0.0,1.0,1.0,1.0,0.0,0.0,1.0,0.0,82.0,82.0,0
2025-04-11 14:27:47,21.24,5.32,2.8,0.7,5.3,0.0,0.0,0.0,0.0,0.0,27.9,33.9,17.2,28.1,-128.7,20.3,0.0,1.0,1.0,1.0,0.0,0.0,1.0,0.0,82.0,82.0,0
2025-04-11 14:27:48,21.22,5.3,2.8,0.7,4.7,0.0,0.0,0.0,0.0,0.0,27.9,33.9,17.2,28.1,-128.7,20.3,0.0,1.0,1.0,1.0,0.0,0.0,1.0,0.0,82.0,82.0,0
2025-04-11 14:27:49,21.23,5.32,2.8,0.7,5.2,0.0,0.0,0.0,0.0,0.0,27.9,33.9,17.2,28.1,-128.7,20.3,0.0,1.0,1.0,1.0,0.0,0.0,1.0,0.0,82.0,82.0,0
2025-04-11 14:27:50,21.22,5.309999,2.8,0.7,5.1,0.0,0.0,0.0,0.0,0.0,27.9,33.9,17.2,28.1,-128.7,20.3,0.0,1.0,1.0,1.0,0.0,0.0,1.0,0.0,82.0,82.0,0
2025-04-11 14:27:51,21.23,5.32,2.8,0.7,4.7,0.0,0.0,0.0,0.0,0.0,27.9,33.9,17.2,28.1,-128.7,20.2,0.0,1.0,1.0,1.0,0.0,0.0,1.0,0.0,82.0,82.0,0
2025-04-11 14:27:52,21.23,5.3,2.8,0.7,4.5,0.0,0.0,0.0,0.0,0.0,27.9,33.9,17.2,28.1,-128.7,20.3,0.0,1.0,1.0,1.0,0.0,0.0,1.0,0.0,82.0,82.0,0
2025-04-11 14:27:53,21.22,5.3,2.8,0.7,4.9,0.0,0.0,0.0,0.0,0.0,27.9,33.9,17.2,28.1,-128.7,20.3,0.0,1.0,1.0,1.0,0.0,0.0,1.0,0.0,82.0,82.0,0
2025-04-11 14:27:54,21.23,5.32,2.8,0.7,4.9,0.0,0.0,0.0,0.0,0.0,27.9,33.9,17.2,28.1,-128.7,20.3,0.0,1.0,1.0,1.0,0.0,0.0,1.0,0.0,82.0,82.0,0
2025-04-11 14:27:55,21.23,5.3,2.8,0.7,5.1,0.0,0.0,0.0,0.0,0.0,27.9,33.9,17.2,28.1,-128.7,20.3,0.0,1.0,1.0,1.0,0.0,0.0,1.0,0.0,82.0,82.0,0
2025-04-11 14:27:56,21.23,5.32,2.8,0.7,5.3,0.0,0.0,0.0,0.0,0.0,27.9,33.9,17.2,28.1,-128.7,20.3,0.0,1.0,1.0,1.0,0.0,0.0,1.0,0.0,82.0,82.0,0
2025-04-11 14:27:57,21.23,5.3,2.8,0.7,4.9,0.0,0.0,0.0,0.0,0.0,27.9,33.9,17.3,28.1,-128.7,20.3,0.0,1.0,1.0,1.0,0.0,0.0,1.0,0.0,82.0,82.0,0
2025-04-11 14:27:58,21.22,5.309999,2.8,0.7,5.1,0.0,0.0,0.0,0.0,0.0,27.9,33.9,17.3,28.1,-128.7,20.3,0.0,1.0,1.0,1.0,0.0,0.0,1.0,0.0,82.0,82.0,0
2025-04-11 14:27:59,21.22,5.3,2.8,0.7,5.3,0.0,0.0,0.0,0.0,0.0,27.9,33.9,17.3,28.1,-128.7,20.3,0.0,1.0,1.0,1.0,0.0,0.0,1.0,0.0,82.0,82.0,0
2025-04-11 14:28:00,21.23,5.3,2.8,0.7,4.7,0.0,0.0,0.0,0.0,0.0,27.9,33.9,17.3,28.1,-128.7,20.3,0.0,1.0,1.0,1.0,0.0,0.0,1.0,0.0,82.0,82.0,0
2025-04-11 14:28:01,21.22,5.32,2.8,0.7,4.5,0.0,0.0,0.0,0.0,0.0,27.9,33.9,17.3,28.1,-128.7,20.3,0.0,1.0,1.0,1.0,0.0,0.0,1.0,0.0,82.0,82.0,0
2025-04-11 14:28:02,21.22,5.309999,2.8,0.7,4.9,0.0,0.0,0.0,0.0,0.0,27.9,33.9,17.3,28.1,-128.7,20.3,0.0,1.0,1.0,1.0,0.0,0.0,1.0,0.0,82.0,82.0,0
2025-04-11 14:28:03,21.23,5.32,2.8,0.7,4.5,0.0,0.0,0.0,0.0,0.0,27.9,33.9,17.3,28.1,-128.7,20.2,0.0,1.0,1.0,1.0,0.0,0.0,1.0,0.0,82.0,82.0,0
2025-04-11 14:28:04,21.22,5.3,2.8,0.7,5.0,0.0,0.0,0.0,0.0,0.0,27.9,33.9,17.3,28.1,-128.7,20.3,0.0,1.0,1.0,1.0,0.0,0.0,1.0,0.0,82.0,82.0,0
2025-04-11 14:28:05,21.23,5.32,2.7,0.7,5.0,0.0,0.0,0.0,0.0,0.0,27.9,33.9,17.3,28.1,-128.7,20.2,0.0,1.0,1.0,1.0,0.0,0.0,1.0,0.0,82.0,82.0,0
2025-04-11 14:28:06,21.23,5.3,2.8,0.7,4.9,0.0,0.0,0.0,0.0,0.0,27.9,33.9,17.3,28.1,-128.7,20.3,0.0,1.0,1.0,1.0,0.0,0.0,1.0,0.0,82.0,82.0,0
2025-04-11 14:28:07,21.23,5.309999,2.8,0.7,5.0,0.0,0.0,0.0,0.0,0.0,27.9,33.9,17.3,28.1,-128.7,20.3,0.0,1.0,1.0,1.0,0.0,0.0,1.0,0.0,82.0,82.0,0
2025-04-11 14:28:08,21.23,5.3,2.8,0.7,5.0,0.0,0.0,0.0,0.0,0.0,27.9,33.9,17.3,28.1,-128.7,20.3,0.0,1.0,1.0,1.0,0.0,0.0,1.0,0.0,82.0,82.0,0
2025-04-11 14:28:09,21.23,5.3,2.8,0.7,4.6,0.0,0.0,0.0,0.0,0.0,27.9,33.9,17.3,28.1,-128.7,20.3,0.0,1.0,1.0,1.0,0.0,0.0,1.0,0.0,82.0,82.0,0
2025-04-11 14:28:10,21.23,5.3,2.8,0.7,5.1,0.0,0.0,0.0,0.0,0.0,27.9,33.9,17.3,28.1,-128.7,20.3,0.0,1.0,1.0,1.0,0.0,0.0,1.0,0.0,82.0,82.0,0
2025-04-11 14:28:11,21.23,5.3,2.8,0.7,4.6,0.0,0.0,0.0,0.0,0.0,27.9,33.9,17.3,28.2,-128.7,20.4,0.0,1.0,1.0,1.0,0.0,0.0,1.0,0.0,82.0,82.0,0
2025-04-11 14:28:12,21.22,5.32,2.8,0.7,4.5,0.0,0.0,0.0,0.0,0.0,27.9,33.9,17.4,28.2,-128.7,20.3,0.0,1.0,1.0,1.0,0.0,0.0,1.0,0.0,82.0,82.0,0
2025-04-11 14:28:13,21.2,5.3,2.8,0.7,5.3,0.0,0.0,0.0,0.0,0.0,27.9,33.9,17.4,28.2,-128.7,20.4,0.0,1.0,1.0,1.0,0.0,0.0,1.0,0.0,82.0,82.0,0
2025-04-11 14:28:14,21.2,5.32,2.8,0.7,4.5,0.0,0.0,0.0,0.0,0.0,27.9,33.9,17.4,28.2,-128.7,20.3,0.0,1.0,1.0,1.0,0.0,0.0,1.0,0.0,82.0,82.0,0
2025-04-11 14:28:15,21.22,5.3,2.8,0.7,5.1,0.0,0.0,0.0,0.0,0.0,27.9,33.9,17.4,28.2,-128.7,20.4,0.0,1.0,1.0,1.0,0.0,0.0,1.0,0.0,82.0,82.0,0
2025-04-11 14:28:16,21.22,5.309999,2.7,0.7,5.1,0.0,0.0,0.0,0.0,0.0,27.9,33.9,17.4,28.2,-128.7,20.4,0.0,1.0,1.0,1.0,0.0,0.0,1.0,0.0,82.0,82.0,0
2025-04-11 14:28:17,21.23,5.309999,2.8,0.7,4.5,0.0,0.0,0.0,0.0,0.0,27.9,33.9,17.5,28.2,-128.7,20.4,0.0,1.0,1.0,1.0,0.0,0.0,1.0,0.0,82.0,82.0,0
2025-04-11 14:28:18,21.2,5.3,2.8,0.7,5.1,0.0,0.0,0.0,0.0,0.0,27.9,33.9,17.5,28.2,-128.7,20.4,0.0,1.0,1.0,1.0,0.0,0.0,1.0,0.0,82.0,82.0,0
2025-04-11 14:28:19,21.23,5.32,2.8,0.7,5.2,0.0,0.0,0.0,0.0,0.0,27.9,33.9,17.5,28.2,-128.7,20.4,0.0,1.0,1.0,1.0,0.0,0.0,1.0,0.0,82.0,82.0,0
2025-04-11 14:28:20,21.2,5.3,2.8,0.7,4.8,0.0,0.0,0.0,0.0,0.0,27.9,33.9,17.5,28.2,-128.7,20.4,0.0,1.0,1.0,1.0,0.0,0.0,1.0,0.0,82.0,82.0,0
2025-04-11 14:28:21,21.19,5.32,2.8,0.7,5.3,0.0,0.0,0.0,0.0,0.0,27.9,33.9,17.5,28.2,-128.7,20.4,0.0,1.0,1.0,1.0,0.0,0.0,1.0,0.0,82.0,82.0,0
2025-04-11 14:28:22,21.19,5.3,2.7,0.7,5.1,0.0,0.0,0.0,0.0,0.0,27.9,33.9,17.5,28.2,-128.7,20.4,0.0,1.0,1.0,1.0,0.0,0.0,1.0,0.0,82.0,82.0,0
2025-04-11 14:28:23,21.2,5.309999,2.8,0.7,4.7,0.0,0.0,0.0,0.0,0.0,27.9,33.9,17.6,28.2,-128.7,20.4,0.0,1.0,1.0,1.0,0.0,0.0,1.0,0.0,82.0,82.0,0
2025-04-11 14:28:24,21.2,5.3,2.7,0.7,4.7,0.0,0.0,0.0,0.0,0.0,27.9,33.9,17.6,28.2,-128.7,20.4,0.0,1.0,1.0,1.0,0.0,0.0,1.0,0.0,82.0,82.0,0
2025-04-11 14:28:25,21.22,5.3,2.8,0.7,5.3,0.0,0.0,0.0,0.0,0.0,27.9,33.9,17.6,28.2,-128.7,20.4,0.0,1.0,1.0,1.0,0.0,0.0,1.0,0.0,82.0,82.0,0
2025-04-11 14:28:26,21.2,5.3,2.7,0.7,4.8,0.0,0.0,0.0,0.0,0.0,27.9,33.9,17.6,28.2,-128.7,20.4,0.0,1.0,1.0,1.0,0.0,0.0,1.0,0.0,82.0,82.0,0
2025-04-11 14:28:27,21.23,5.3,2.8,0.7,4.6,0.0,0.0,0.0,0.0,0.0,27.9,33.9,17.6,28.2,-128.7,20.4,0.0,1.0,1.0,1.0,0.0,0.0,1.0,0.0,82.0,82.0,0
2025-04-11 14:28:28,21.19,5.3,2.8,0.7,5.0,0.0,0.0,0.0,0.0,0.0,27.9,33.9,17.7,28.2,-128.7,20.4,0.0,1.0,1.0,1.0,0.0,0.0,1.0,0.0,82.0,82.0,0
2025-04-11 14:28:29,21.2,5.3,2.8,0.7,4.6,0.0,0.0,0.0,0.0,0.0,27.9,33.9,17.7,28.2,-128.7,20.4,0.0,1.0,1.0,1.0,0.0,0.0,1.0,0.0,82.0,82.0,0
2025-04-11 14:28:30,21.19,5.3,2.8,0.7,4.7,0.0,0.0,0.0,0.0,0.0,27.9,33.9,17.7,28.2,-128.7,20.4,0.0,1.0,1.0,1.0,0.0,0.0,1.0,0.0,82.0,82.0,0
2025-04-11 14:28:31,21.2,5.3,2.8,0.7,4.8,0.0,0.0,0.0,0.0,0.0,27.9,33.9,17.7,28.2,-128.7,20.4,0.0,1.0,1.0,1.0,0.0,0.0,1.0,0.0,82.0,82.0,0
2025-04-11 14:28:32,21.2,5.3,2.7,0.7,5.4,0.0,0.0,0.0,0.0,0.0,27.9,33.9,17.7,28.2,-128.7,20.4,0.0,1.0,1.0,1.0,0.0,0.0,1.0,0.0,82.0,82.0,0
2025-04-11 14:28:33,21.2,5.3,2.8,0.7,5.1,0.0,0.0,0.0,0.0,0.0,27.9,33.9,17.7,28.2,-128.7,20.4,0.0,1.0,1.0,1.0,0.0,0.0,1.0,0.0,82.0,82.0,0
2025-04-11 14:28:34,21.2,5.3,2.8,0.7,5.8,0.0,0.0,0.0,0.0,0.0,27.9,33.9,17.8,28.2,-128.7,20.5,0.0,1.0,1.0,1.0,0.0,0.0,1.0,0.0,82.0,82.0,0
2025-04-11 14:28:35,21.18,5.3,2.8,0.7,4.7,0.0,0.0,0.0,0.0,0.0,27.9,33.9,17.8,28.2,-128.7,20.4,0.0,1.0,1.0,1.0,0.0,0.0,1.0,0.0,82.0,82.0,0
2025-04-11 14:28:36,21.2,5.3,2.8,0.7,4.9,0.0,0.0,0.0,0.0,0.0,27.9,33.9,17.8,28.3,-128.7,20.6,0.0,1.0,1.0,1.0,0.0,0.0,1.0,0.0,82.0,82.0,0
2025-04-11 14:28:37,21.19,5.3,2.8,0.7,4.8,0.0,0.0,0.0,0.0,0.0,27.9,33.9,17.8,28.3,-128.7,20.5,0.0,1.0,1.0,1.0,0.0,0.0,1.0,0.0,82.0,82.0,0
2025-04-11 14:28:38,21.19,5.3,2.8,0.7,4.7,0.0,0.0,0.0,0.0,0.0,27.9,33.9,17.8,28.3,-128.7,20.5,0.0,1.0,1.0,1.0,0.0,0.0,1.0,0.0,82.0,82.0,0
2025-04-11 14:28:39,21.19,5.3,2.8,0.7,4.8,0.0,0.0,0.0,0.0,0.0,27.9,33.9,17.8,28.3,-128.7,20.5,0.0,1.0,1.0,1.0,0.0,0.0,1.0,0.0,82.0,82.0,0
2025-04-11 14:28:40,21.19,5.3,2.8,0.7,4.6,0.0,0.0,0.0,0.0,0.0,27.9,33.9,17.8,28.3,-128.7,20.5,0.0,1.0,1.0,1.0,0.0,0.0,1.0,0.0,82.0,82.0,0
2025-04-11 14:28:41,21.19,5.29,2.8,0.7,5.3,0.0,0.0,0.0,0.0,0.0,27.9,33.9,17.8,28.3,-128.7,20.6,0.0,1.0,1.0,1.0,0.0,0.0,1.0,0.0,82.0,82.0,0
2025-04-11 14:28:42,21.19,5.3,2.8,0.7,5.1,0.0,0.0,0.0,0.0,0.0,27.9,33.9,17.9,28.3,-128.7,20.5,0.0,1.0,1.0,1.0,0.0,0.0,1.0,0.0,82.0,82.0,0
2025-04-11 14:28:43,21.18,5.29,2.8,0.7,4.7,0.0,0.0,0.0,0.0,0.0,27.9,33.9,17.9,28.3,-128.7,20.6,0.0,1.0,1.0,1.0,0.0,0.0,1.0,0.0,82.0,82.0,0
2025-04-11 14:28:44,21.2,5.3,2.8,0.7,4.9,0.0,0.0,0.0,0.0,0.0,27.9,33.9,17.9,28.3,-128.7,20.5,0.0,1.0,1.0,1.0,0.0,0.0,1.0,0.0,82.0,82.0,0
2025-04-11 14:28:45,21.18,5.3,2.8,0.7,4.8,0.0,0.0,0.0,0.0,0.0,27.9,33.9,17.9,28.3,-128.7,20.6,0.0,1.0,1.0,1.0,0.0,0.0,1.0,0.0,82.0,82.0,0
2025-04-11 14:28:46,21.18,5.29,2.8,0.7,4.6,0.0,0.0,0.0,0.0,0.0,27.9,33.9,17.9,28.3,-128.7,20.5,0.0,1.0,1.0,1.0,0.0,0.0,1.0,0.0,82.0,82.0,0
2025-04-11 14:28:47,21.18,5.3,2.8,0.7,4.9,0.0,0.0,0.0,0.0,0.0,27.9,33.9,17.9,28.3,-128.7,20.5,0.0,1.0,1.0,1.0,0.0,0.0,1.0,0.0,82.0,82.0,0
2025-04-11 14:28:48,21.19,5.29,2.8,0.7,4.8,0.0,0.0,0.0,0.0,0.0,27.9,33.9,17.9,28.3,-128.7,20.6,0.0,1.0,1.0,1.0,0.0,0.0,1.0,0.0,82.0,82.0,0
2025-04-11 14:28:49,21.18,5.3,2.8,0.7,4.7,0.0,0.0,0.0,0.0,0.0,27.9,33.9,17.9,28.3,-128.7,20.5,0.0,1.0,1.0,1.0,0.0,0.0,1.0,0.0,82.0,82.0,0
2025-04-11 14:28:50,21.19,5.29,2.7,0.7,4.9,0.0,0.0,0.0,0.0,0.0,27.9,33.9,17.9,28.3,-128.7,20.6,0.0,1.0,1.0,1.0,0.0,0.0,1.0,0.0,82.0,82.0,0
2025-04-11 14:28:51,21.18,5.3,2.8,0.7,4.9,0.0,0.0,0.0,0.0,0.0,27.9,33.9,17.9,28.3,-128.7,20.5,0.0,1.0,1.0,1.0,0.0,0.0,1.0,0.0,82.0,82.0,0
2025-04-11 14:28:52,21.16,5.3,2.8,0.7,4.6,0.0,0.0,0.0,0.0,0.0,27.9,33.9,17.9,28.3,-128.7,20.6,0.0,1.0,1.0,1.0,0.0,0.0,1.0,0.0,82.0,82.0,0
2025-04-11 14:28:53,21.18,5.29,2.8,0.7,4.9,0.0,0.0,0.0,0.0,0.0,27.9,33.9,17.9,28.3,-128.7,20.5,0.0,1.0,1.0,1.0,0.0,0.0,1.0,0.0,82.0,82.0,0
2025-04-11 14:28:54,21.18,5.3,2.8,0.7,4.7,0.0,0.0,0.0,0.0,0.0,27.9,33.9,17.9,28.3,-128.7,20.6,0.0,1.0,1.0,1.0,0.0,0.0,1.0,0.0,82.0,82.0,0
2025-04-11 14:28:55,21.18,5.29,2.8,0.7,4.6,0.0,0.0,0.0,0.0,0.0,28.0,33.9,17.9,28.3,-128.7,20.6,0.0,1.0,1.0,1.0,0.0,0.0,1.0,0.0,82.0,82.0,0
2025-04-11 14:28:56,21.18,5.309999,2.8,0.7,5.0,0.0,0.0,0.0,0.0,0.0,28.0,33.9,17.9,28.4,-128.7,20.6,0.0,1.0,1.0,1.0,0.0,0.0,1.0,0.0,82.0,82.0,0
2025-04-11 14:28:57,21.18,5.29,2.8,0.7,4.6,0.0,0.0,0.0,0.0,0.0,28.0,33.9,17.9,28.4,-128.7,20.7,0.0,1.0,1.0,1.0,0.0,0.0,1.0,0.0,82.0,82.0,0
2025-04-11 14:28:58,21.17,5.3,2.8,0.7,5.2,0.0,0.0,0.0,0.0,0.0,28.0,33.9,17.9,28.4,-128.7,20.6,0.0,1.0,1.0,1.0,0.0,0.0,1.0,0.0,82.0,82.0,0
2025-04-11 14:28:59,21.18,5.3,2.7,0.7,4.9,0.0,0.0,0.0,0.0,0.0,28.0,33.9,17.9,28.4,-128.7,20.7,0.0,1.0,1.0,1.0,0.0,0.0,1.0,0.0,82.0,82.0,0
2025-04-11 14:29:00,21.16,5.29,2.7,0.7,4.7,0.0,0.0,0.0,0.0,0.0,28.0,33.9,17.9,28.4,-128.7,20.6,0.0,1.0,1.0,1.0,0.0,0.0,1.0,0.0,82.0,82.0,0
2025-04-11 14:29:01,21.17,5.3,2.8,0.7,5.3,0.0,0.0,0.0,0.0,0.0,28.0,33.9,17.9,28.4,-128.7,20.7,0.0,1.0,1.0,1.0,0.0,0.0,1.0,0.0,82.0,82.0,0
2025-04-11 14:29:02,21.18,5.28,2.8,0.7,4.5,0.0,0.0,0.0,0.0,0.0,28.0,33.9,18.0,28.4,-128.7,20.7,0.0,1.0,1.0,1.0,0.0,0.0,1.0,0.0,82.0,82.0,0
2025-04-11 14:29:03,21.18,5.3,2.8,0.7,4.6,0.0,0.0,0.0,0.0,0.0,28.0,33.9,18.0,28.4,-128.7,20.6,0.0,1.0,1.0,1.0,0.0,0.0,1.0,0.0,82.0,82.0,0
2025-04-11 14:29:04,21.18,5.29,2.8,0.7,5.1,0.0,0.0,0.0,0.0,0.0,28.0,33.9,18.0,28.4,-128.7,20.7,0.0,1.0,1.0,1.0,0.0,0.0,1.0,0.0,82.0,82.0,0
2025-04-11 14:29:05,21.19,5.3,2.8,0.7,4.5,0.0,0.0,0.0,0.0,0.0,28.0,33.9,18.0,28.4,-128.7,20.6,0.0,1.0,1.0,1.0,0.0,0.0,1.0,0.0,82.0,82.0,0
2025-04-11 14:29:06,21.18,5.28,2.8,0.7,4.6,0.0,0.0,0.0,0.0,0.0,28.0,33.9,18.0,28.4,-128.7,20.8,0.0,1.0,1.0,1.0,0.0,0.0,1.0,0.0,82.0,82.0,0
2025-04-11 14:29:07,21.18,5.29,2.8,0.7,4.9,0.0,0.0,0.0,0.0,0.0,28.0,33.9,18.0,28.4,-128.7,20.7,0.0,1.0,1.0,1.0,0.0,0.0,1.0,0.0,82.0,82.0,0
2025-04-11 14:29:08,21.17,5.3,2.8,0.7,4.9,0.0,0.0,0.0,0.0,0.0,28.0,33.9,18.1,28.4,-128.7,20.7,0.0,1.0,1.0,1.0,0.0,0.0,1.0,0.0,82.0,82.0,0
2025-04-11 14:29:09,21.17,5.29,2.8,0.7,5.2,0.0,0.0,0.0,0.0,0.0,28.0,33.9,18.1,28.4,-128.7,20.6,0.0,1.0,1.0,1.0,0.0,0.0,1.0,0.0,82.0,82.0,0
2025-04-11 14:29:10,21.18,5.3,2.8,0.7,4.6,0.0,0.0,0.0,0.0,0.0,28.0,33.9,18.1,28.4,-128.7,20.6,0.0,1.0,1.0,1.0,0.0,0.0,1.0,0.0,82.0,82.0,0
2025-04-11 14:29:11,21.19,5.29,2.8,0.7,4.9,0.0,0.0,0.0,0.0,0.0,28.0,33.9,18.2,28.4,-128.7,20.7,0.0,1.0,1.0,1.0,0.0,0.0,1.0,0.0,82.0,82.0,0
2025-04-11 14:29:12,21.18,5.3,2.8,0.7,5.1,0.0,0.0,0.0,0.0,0.0,28.0,33.9,18.2,28.4,-128.7,20.6,0.0,1.0,1.0,1.0,0.0,0.0,1.0,0.0,82.0,82.0,0
2025-04-11 14:29:13,21.18,5.29,2.8,0.7,4.7,0.0,0.0,0.0,0.0,0.0,28.0,33.9,18.2,28.4,-128.7,20.7,0.0,1.0,1.0,1.0,0.0,0.0,1.0,0.0,82.0,82.0,0
2025-04-11 14:29:14,21.18,5.3,2.8,0.7,4.5,0.0,0.0,0.0,0.0,0.0,28.0,33.9,18.2,28.4,-128.7,20.6,0.0,1.0,1.0,1.0,0.0,0.0,1.0,0.0,82.0,82.0,0
2025-04-11 14:29:15,21.18,5.29,2.8,0.7,5.1,0.0,0.0,0.0,0.0,0.0,28.0,33.9,18.2,28.4,-128.7,20.7,0.0,1.0,1.0,1.0,0.0,0.0,1.0,0.0,82.0,82.0,0
2025-04-11 14:29:16,21.18,5.29,2.8,0.7,4.6,0.0,0.0,0.0,0.0,0.0,28.0,33.9,18.2,28.4,-128.7,20.6,0.0,1.0,1.0,1.0,0.0,0.0,1.0,0.0,82.0,82.0,0
2025-04-11 14:29:17,21.18,5.3,2.7,0.7,5.2,0.0,0.0,0.0,0.0,0.0,28.0,33.9,18.2,28.4,-128.7,20.7,0.0,1.0,1.0,1.0,0.0,0.0,1.0,0.0,82.0,82.0,0
2025-04-11 14:29:18,21.18,5.3,2.8,0.7,5.1,0.0,0.0,0.0,0.0,0.0,28.0,33.9,18.2,28.4,-128.7,20.6,0.0,1.0,1.0,1.0,0.0,0.0,1.0,0.0,82.0,82.0,0
2025-04-11 14:29:19,21.19,5.3,2.8,0.7,4.8,0.0,0.0,0.0,0.0,0.0,28.0,33.9,18.2,28.5,-128.7,20.8,0.0,1.0,1.0,1.0,0.0,0.0,1.0,0.0,82.0,82.0,0
2025-04-11 14:29:20,21.18,5.29,2.8,0.7,4.8,0.0,0.0,0.0,0.0,0.0,28.0,33.9,18.2,28.5,-128.7,20.8,0.0,1.0,1.0,1.0,0.0,0.0,1.0,0.0,82.0,82.0,0
2025-04-11 14:29:21,21.18,5.3,2.8,0.7,4.6,0.0,0.0,0.0,0.0,0.0,28.0,33.9,18.2,28.5,-128.7,20.7,0.0,1.0,1.0,1.0,0.0,0.0,1.0,0.0,82.0,82.0,0
2025-04-11 14:29:22,21.19,5.29,2.7,0.7,4.7,0.0,0.0,0.0,0.0,0.0,28.0,33.9,18.2,28.5,-128.7,20.8,0.0,1.0,1.0,1.0,0.0,0.0,1.0,0.0,82.0,82.0,0
2025-04-11 14:29:23,21.18,5.3,2.8,0.7,4.6,0.0,0.0,0.0,0.0,0.0,28.0,33.9,18.2,28.5,-128.7,20.7,0.0,1.0,1.0,1.0,0.0,0.0,1.0,0.0,82.0,82.0,0
2025-04-11 14:29:24,21.18,5.3,2.8,0.7,5.1,0.0,0.0,0.0,0.0,0.0,28.0,33.9,18.2,28.5,-128.7,20.8,0.0,1.0,1.0,1.0,0.0,0.0,1.0,0.0,82.0,82.0,0
2025-04-11 14:29:25,21.19,5.29,2.8,0.7,5.2,0.0,0.0,0.0,0.0,0.0,28.0,33.9,18.2,28.5,-128.7,20.7,0.0,1.0,1.0,1.0,0.0,0.0,1.0,0.0,82.0,82.0,0
2025-04-11 14:29:26,21.18,5.3,2.8,0.7,5.0,0.0,0.0,0.0,0.0,0.0,28.0,33.9,18.2,28.5,-128.7,20.8,0.0,1.0,1.0,1.0,0.0,0.0,1.0,0.0,82.0,82.0,0
2025-04-11 14:29:27,21.2,5.29,2.8,0.7,4.9,0.0,0.0,0.0,0.0,0.0,28.0,33.9,18.2,28.5,-128.7,20.8,0.0,1.0,1.0,1.0,0.0,0.0,1.0,0.0,82.0,82.0,0
2025-04-11 14:29:28,21.2,5.3,2.8,0.7,4.7,0.0,0.0,0.0,0.0,0.0,28.0,33.9,18.2,28.5,-128.7,20.7,0.0,1.0,1.0,1.0,0.0,0.0,1.0,0.0,82.0,82.0,0
2025-04-11 14:29:29,21.2,5.29,2.8,0.7,4.5,0.0,0.0,0.0,0.0,0.0,28.0,33.9,18.2,28.5,-128.7,20.8,0.0,1.0,1.0,1.0,0.0,0.0,1.0,0.0,82.0,82.0,0
2025-04-11 14:29:30,21.2,5.3,2.7,0.7,4.6,0.0,0.0,0.0,0.0,0.0,28.0,33.9,18.2,28.5,-128.7,20.7,0.0,1.0,1.0,1.0,0.0,0.0,1.0,0.0,82.0,82.0,0
2025-04-11 14:29:31,21.19,5.3,2.8,0.7,4.9,0.0,0.0,0.0,0.0,0.0,28.0,33.9,18.2,28.5,-128.7,20.8,0.0,1.0,1.0,1.0,0.0,0.0,1.0,0.0,82.0,82.0,0
2025-04-11 14:29:32,21.18,5.3,2.7,0.7,5.1,0.0,0.0,0.0,0.0,0.0,28.0,33.9,18.2,28.5,-128.7,20.7,0.0,1.0,1.0,1.0,0.0,0.0,1.0,0.0,82.0,82.0,0
2025-04-11 14:29:33,21.2,5.3,2.7,0.7,5.2,0.0,0.0,0.0,0.0,0.0,28.0,33.9,18.2,28.5,-128.7,20.8,0.0,1.0,1.0,1.0,0.0,0.0,1.0,0.0,82.0,82.0,0
2025-04-11 14:29:34,21.2,5.29,2.8,0.7,4.7,0.0,0.0,0.0,0.0,0.0,28.0,33.9,18.2,28.5,-128.7,20.7,0.0,1.0,1.0,1.0,0.0,0.0,1.0,0.0,82.0,82.0,0
2025-04-11 14:29:35,21.2,5.3,2.8,0.7,4.5,0.0,0.0,0.0,0.0,0.0,28.0,33.9,18.2,28.5,-128.7,20.7,0.0,1.0,1.0,1.0,0.0,0.0,1.0,0.0,82.0,82.0,0
2025-04-11 14:29:36,21.22,5.3,2.8,0.7,5.0,0.0,0.0,0.0,0.0,0.0,28.0,33.9,18.2,28.5,-128.7,20.7,0.0,1.0,1.0,1.0,0.0,0.0,1.0,0.0,82.0,82.0,0
2025-04-11 14:29:37,21.22,5.3,2.7,0.7,5.4,0.0,0.0,0.0,0.0,0.0,28.0,33.9,18.2,28.5,-128.7,20.7,0.0,1.0,1.0,1.0,0.0,0.0,1.0,0.0,82.0,82.0,0
2025-04-11 14:29:38,21.2,5.3,2.8,0.7,5.2,0.0,0.0,0.0,0.0,0.0,28.0,33.9,18.2,28.5,-128.7,20.7,0.0,1.0,1.0,1.0,0.0,0.0,1.0,0.0,82.0,82.0,0
2025-04-11 14:29:39,21.23,5.29,2.8,0.7,4.9,0.0,0.0,0.0,0.0,0.0,28.0,33.9,18.2,28.5,-128.7,20.7,0.0,1.0,1.0,1.0,0.0,0.0,1.0,0.0,82.0,82.0,0
2025-04-11 14:29:40,21.2,5.3,2.8,0.7,5.0,0.0,0.0,0.0,0.0,0.0,28.0,33.9,18.2,28.5,-128.7,20.7,0.0,1.0,1.0,1.0,0.0,0.0,1.0,0.0,82.0,82.0,0
2025-04-11 14:29:41,21.19,5.3,2.8,0.7,5.4,0.0,0.0,0.0,0.0,0.0,28.0,33.9,18.1,28.5,-128.7,20.8,0.0,1.0,1.0,1.0,0.0,0.0,1.0,0.0,82.0,82.0,0
2025-04-11 14:29:42,21.19,5.3,2.8,0.7,4.7,0.0,0.0,0.0,0.0,0.0,28.0,33.9,18.1,28.5,-128.7,20.7,0.0,1.0,1.0,1.0,0.0,0.0,1.0,0.0,82.0,82.0,0
2025-04-11 14:29:43,21.2,5.3,2.8,0.7,4.6,0.0,0.0,0.0,0.0,0.0,28.0,33.9,18.1,28.5,-128.7,20.7,0.0,1.0,1.0,1.0,0.0,0.0,1.0,0.0,82.0,82.0,0
2025-04-11 14:29:44,21.2,5.29,2.8,0.7,4.8,0.0,0.0,0.0,0.0,0.0,28.0,33.9,18.1,28.5,-128.7,20.7,0.0,1.0,1.0,1.0,0.0,0.0,1.0,0.0,82.0,82.0,0
2025-04-11 14:29:45,21.2,5.3,2.8,0.7,4.7,0.0,0.0,0.0,0.0,0.0,28.0,33.9,18.0,28.5,-128.7,20.7,0.0,1.0,1.0,1.0,0.0,0.0,1.0,0.0,82.0,82.0,0
2025-04-11 14:29:46,21.18,5.3,2.8,0.7,4.5,0.0,0.0,0.0,0.0,0.0,28.0,33.9,18.0,28.5,-128.7,20.8,0.0,1.0,1.0,1.0,0.0,0.0,1.0,0.0,82.0,82.0,0
2025-04-11 14:29:47,21.19,5.3,2.8,0.7,5.1,0.0,0.0,0.0,0.0,0.0,28.0,33.9,18.0,28.5,-128.7,20.7,0.0,1.0,1.0,1.0,0.0,0.0,1.0,0.0,82.0,82.0,0
2025-04-11 14:29:48,21.19,5.3,2.8,0.7,5.1,0.0,0.0,0.0,0.0,0.0,28.0,33.9,18.0,28.5,-128.7,20.8,0.0,1.0,1.0,1.0,0.0,0.0,1.0,0.0,82.0,82.0,0
2025-04-11 14:29:49,21.22,5.29,2.8,0.7,5.4,0.0,0.0,0.0,0.0,0.0,28.0,33.9,18.0,28.5,-128.7,20.7,0.0,1.0,1.0,1.0,0.0,0.0,1.0,0.0,82.0,82.0,0
2025-04-11 14:29:50,21.19,5.3,2.8,0.7,5.1,0.0,0.0,0.0,0.0,0.0,28.0,33.9,18.0,28.5,-128.7,20.7,0.0,1.0,1.0,1.0,0.0,0.0,1.0,0.0,82.0,82.0,0
2025-04-11 14:29:51,21.19,5.3,2.8,0.7,4.5,0.0,0.0,0.0,0.0,0.0,28.0,33.9,17.9,28.5,-128.7,20.8,0.0,1.0,1.0,1.0,0.0,0.0,1.0,0.0,82.0,82.0,0
2025-04-11 14:29:52,21.19,5.3,2.7,0.7,4.9,0.0,0.0,0.0,0.0,0.0,28.0,33.9,17.9,28.5,-128.7,20.8,0.0,1.0,1.0,1.0,0.0,0.0,1.0,0.0,82.0,82.0,0
2025-04-11 14:29:53,21.18,5.3,2.8,0.7,4.6,0.0,0.0,0.0,0.0,0.0,28.0,33.9,17.9,28.5,-128.7,20.7,0.0,1.0,1.0,1.0,0.0,0.0,1.0,0.0,82.0,82.0,0
2025-04-11 14:29:54,21.19,5.3,2.7,0.7,4.8,0.0,0.0,0.0,0.0,0.0,28.0,33.9,17.9,28.6,-128.7,20.8,0.0,1.0,1.0,1.0,0.0,0.0,1.0,0.0,82.0,82.0,0
2025-04-11 14:29:55,21.19,5.3,2.7,0.7,5.1,0.0,0.0,0.0,0.0,0.0,28.0,33.9,17.9,28.6,-128.7,20.8,0.0,1.0,1.0,1.0,0.0,0.0,1.0,0.0,82.0,82.0,0
2025-04-11 14:29:56,21.18,5.3,2.8,0.7,5.0,0.0,0.0,0.0,0.0,0.0,28.0,33.9,17.9,28.6,-128.7,20.9,0.0,1.0,1.0,1.0,0.0,0.0,1.0,0.0,82.0,82.0,0
2025-04-11 14:29:57,21.18,5.29,2.8,0.7,5.3,0.0,0.0,0.0,0.0,0.0,28.0,33.9,17.9,28.6,-128.7,20.8,0.0,1.0,1.0,1.0,0.0,0.0,1.0,0.0,82.0,82.0,0
2025-04-11 14:29:58,21.19,5.3,2.8,0.7,5.1,0.0,0.0,0.0,0.0,0.0,28.0,33.9,17.8,28.6,-128.7,20.8,0.0,1.0,1.0,1.0,0.0,0.0,1.0,0.0,82.0,82.0,0
2025-04-11 14:29:59,21.2,5.28,2.8,0.7,4.9,0.0,0.0,0.0,0.0,0.0,28.0,33.9,17.8,28.6,-128.7,20.9,0.0,1.0,1.0,1.0,0.0,0.0,1.0,0.0,82.0,82.0,0
2025-04-11 14:30:00,21.19,5.3,2.8,0.7,5.2,0.0,0.0,0.0,0.0,0.0,28.0,33.9,17.8,28.6,-128.7,20.8,0.0,1.0,1.0,1.0,0.0,0.0,1.0,0.0,82.0,82.0,0
2025-04-11 14:30:01,21.2,5.3,2.8,0.7,5.2,0.0,0.0,0.0,0.0,0.0,28.0,33.9,17.8,28.6,-128.7,20.8,0.0,1.0,1.0,1.0,0.0,0.0,1.0,0.0,82.0,82.0,0
2025-04-11 14:30:02,21.22,5.3,2.8,0.7,4.6,0.0,0.0,0.0,0.0,0.0,28.0,33.9,17.8,28.6,-128.7,20.8,0.0,1.0,1.0,1.0,0.0,0.0,1.0,0.0,82.0,82.0,0
2025-04-11 14:30:03,21.2,5.3,2.8,0.7,5.1,0.0,0.0,0.0,0.0,0.0,28.0,33.9,17.8,28.6,-128.7,20.8,0.0,1.0,1.0,1.0,0.0,0.0,1.0,0.0,82.0,82.0,0
2025-04-11 14:30:04,21.2,5.3,2.8,0.7,4.6,0.0,0.0,0.0,0.0,0.0,28.0,33.9,17.8,28.6,-128.7,20.9,0.0,1.0,1.0,1.0,0.0,0.0,1.0,0.0,82.0,82.0,0
2025-04-11 14:30:05,21.22,5.3,2.8,0.7,4.9,0.0,0.0,0.0,0.0,0.0,28.0,33.9,17.7,28.6,-128.7,20.8,0.0,1.0,1.0,1.0,0.0,0.0,1.0,0.0,82.0,82.0,0
2025-04-11 14:30:06,21.19,5.3,2.8,0.7,5.0,0.0,0.0,0.0,0.0,0.0,28.0,33.9,17.7,28.6,-128.7,20.9,0.0,1.0,1.0,1.0,0.0,0.0,1.0,0.0,82.0,82.0,0
2025-04-11 14:30:07,21.2,5.3,2.7,0.7,4.5,0.0,0.0,0.0,0.0,0.0,28.0,33.9,17.7,28.6,-128.7,20.8,0.0,1.0,1.0,1.0,0.0,0.0,1.0,0.0,82.0,82.0,0
2025-04-11 14:30:08,21.22,5.309999,2.8,0.7,4.8,0.0,0.0,0.0,0.0,0.0,28.0,33.9,17.7,28.6,-128.7,20.8,0.0,1.0,1.0,1.0,0.0,0.0,1.0,0.0,82.0,82.0,0
2025-04-11 14:30:09,21.22,5.3,2.8,0.7,4.5,0.0,0.0,0.0,0.0,0.0,28.0,33.9,17.7,28.6,-128.7,20.9,0.0,1.0,1.0,1.0,0.0,0.0,1.0,0.0,82.0,82.0,0
2025-04-11 14:30:10,21.23,5.309999,2.8,0.7,5.4,0.0,0.0,0.0,0.0,0.0,28.0,33.9,17.7,28.6,-128.7,20.8,0.0,1.0,1.0,1.0,0.0,0.0,1.0,0.0,82.0,82.0,0
2025-04-11 14:30:11,21.2,5.3,2.7,0.7,4.7,0.0,0.0,0.0,0.0,0.0,28.0,33.9,17.7,28.6,-128.7,20.9,0.0,1.0,1.0,1.0,0.0,0.0,1.0,0.0,82.0,82.0,0
2025-04-11 14:30:12,21.22,5.3,2.8,0.7,5.1,0.0,0.0,0.0,0.0,0.0,28.0,33.9,17.7,28.6,-128.7,20.8,0.0,1.0,1.0,1.0,0.0,0.0,1.0,0.0,82.0,82.0,0
2025-04-11 14:30:13,21.23,5.3,2.7,0.7,5.1,0.0,0.0,0.0,0.0,0.0,28.0,33.9,17.7,28.6,-128.7,20.8,0.0,1.0,1.0,1.0,0.0,0.0,1.0,0.0,82.0,82.0,0
2025-04-11 14:30:14,21.23,5.3,2.8,0.7,4.4,0.0,0.0,0.0,0.0,0.0,28.0,33.9,17.7,28.6,-128.7,20.8,0.0,1.0,1.0,1.0,0.0,0.0,1.0,0.0,82.0,82.0,0
2025-04-11 14:30:15,21.22,5.3,2.8,0.7,4.6,0.0,0.0,0.0,0.0,0.0,28.0,33.9,17.7,28.6,-128.7,20.8,0.0,1.0,1.0,1.0,0.0,0.0,1.0,0.0,82.0,82.0,0
2025-04-11 14:30:16,21.2,5.3,2.8,0.7,5.2,0.0,0.0,0.0,0.0,0.0,28.0,33.9,17.7,28.6,-128.7,20.9,0.0,1.0,1.0,1.0,0.0,0.0,1.0,0.0,82.0,82.0,0
2025-04-11 14:30:17,21.24,5.3,2.8,0.7,5.1,0.0,0.0,0.0,0.0,0.0,28.0,33.9,17.7,28.6,-128.7,20.8,0.0,1.0,1.0,1.0,0.0,0.0,1.0,0.0,82.0,82.0,0
2025-04-11 14:30:18,21.23,5.3,2.8,0.7,5.4,0.0,0.0,0.0,0.0,0.0,28.0,33.9,17.7,28.6,-128.7,20.8,0.0,1.0,1.0,1.0,0.0,0.0,1.0,0.0,82.0,82.0,0
2025-04-11 14:30:19,21.22,5.3,2.8,0.7,5.0,0.0,0.0,0.0,0.0,0.0,28.0,33.9,17.6,28.6,-128.7,20.8,0.0,1.0,1.0,1.0,0.0,0.0,1.0,0.0,82.0,82.0,0
2025-04-11 14:30:20,21.2,5.3,2.8,0.7,4.8,0.0,0.0,0.0,0.0,0.0,28.0,33.9,17.6,28.6,-128.7,20.8,0.0,1.0,1.0,1.0,0.0,0.0,1.0,0.0,82.0,82.0,0
2025-04-11 14:30:21,21.2,5.3,2.7,0.7,4.6,0.0,0.0,0.0,0.0,0.0,28.0,33.9,17.6,28.6,-128.7,20.9,0.0,1.0,1.0,1.0,0.0,0.0,1.0,0.0,82.0,82.0,0
2025-04-11 14:30:22,21.22,5.29,2.8,0.7,4.7,0.0,0.0,0.0,0.0,0.0,28.0,33.9,17.6,28.6,-128.7,20.8,0.0,1.0,1.0,1.0,0.0,0.0,1.0,0.0,82.0,82.0,0
2025-04-11 14:30:23,21.22,5.309999,2.8,0.7,5.3,0.0,0.0,0.0,0.0,0.0,28.0,33.9,17.6,28.6,-128.7,20.8,0.0,1.0,1.0,1.0,0.0,0.0,1.0,0.0,82.0,82.0,0
2025-04-11 14:30:24,21.23,5.3,2.8,0.7,5.2,0.0,0.0,0.0,0.0,0.0,28.0,33.9,17.6,28.6,-128.7,20.8,0.0,1.0,1.0,1.0,0.0,0.0,1.0,0.0,82.0,82.0,0
2025-04-11 14:30:25,21.23,5.3,2.8,0.7,4.7,0.0,0.0,0.0,0.0,0.0,28.0,33.9,17.6,28.6,-128.7,20.8,0.0,1.0,1.0,1.0,0.0,0.0,1.0,0.0,82.0,82.0,0
2025-04-11 14:30:26,21.22,5.3,2.8,0.7,4.6,0.0,0.0,0.0,0.0,0.0,28.0,33.9,17.6,28.6,-128.7,20.8,0.0,1.0,1.0,1.0,0.0,0.0,1.0,0.0,82.0,82.0,0
2025-04-11 14:30:27,21.24,5.3,2.8,0.7,5.3,0.0,0.0,0.0,0.0,0.0,28.0,33.9,17.6,28.6,-128.7,20.8,0.0,1.0,1.0,1.0,0.0,0.0,1.0,0.0,82.0,82.0,0
2025-04-11 14:30:28,21.22,5.3,2.8,0.7,5.1,0.0,0.0,0.0,0.0,0.0,28.0,33.9,17.5,28.6,-128.7,20.8,0.0,1.0,1.0,1.0,0.0,0.0,1.0,0.0,82.0,82.0,0
2025-04-11 14:30:29,21.22,5.3,2.7,0.7,5.4,0.0,0.0,0.0,0.0,0.0,28.0,33.9,17.5,28.6,-128.7,20.8,0.0,1.0,1.0,1.0,0.0,0.0,1.0,0.0,82.0,82.0,0
2025-04-11 14:30:30,21.22,5.29,2.7,0.7,4.6,0.0,0.0,0.0,0.0,0.0,28.0,33.9,17.5,28.6,-128.7,20.8,0.0,1.0,1.0,1.0,0.0,0.0,1.0,0.0,82.0,82.0,0
2025-04-11 14:30:31,21.22,5.3,2.8,0.7,5.1,0.0,0.0,0.0,0.0,0.0,28.0,33.9,17.5,28.6,-128.7,20.8,0.0,1.0,1.0,1.0,0.0,0.0,1.0,0.0,82.0,82.0,0
2025-04-11 14:30:32,21.22,5.29,2.8,0.7,4.8,0.0,0.0,0.0,0.0,0.0,28.0,33.9,17.5,28.6,-128.7,20.9,0.0,1.0,1.0,1.0,0.0,0.0,1.0,0.0,82.0,82.0,0
2025-04-11 14:30:33,21.22,5.3,2.8,0.7,4.7,0.0,0.0,0.0,0.0,0.0,28.0,33.9,17.5,28.6,-128.7,20.8,0.0,1.0,1.0,1.0,0.0,0.0,1.0,0.0,82.0,82.0,0
2025-04-11 14:30:34,21.22,5.29,2.8,0.7,5.1,0.0,0.0,0.0,0.0,0.0,28.0,33.9,17.5,28.6,-128.7,20.9,0.0,1.0,1.0,1.0,0.0,0.0,1.0,0.0,82.0,82.0,0
2025-04-11 14:30:35,21.2,5.29,2.8,0.7,5.2,0.0,0.0,0.0,0.0,0.0,28.0,33.9,17.4,28.5,-128.7,20.7,0.0,1.0,1.0,1.0,0.0,0.0,1.0,0.0,82.0,82.0,0
2025-04-11 14:30:36,21.22,5.29,2.8,0.7,4.7,0.0,0.0,0.0,0.0,0.0,28.0,33.9,17.4,28.5,-128.7,20.8,0.0,1.0,1.0,1.0,0.0,0.0,1.0,0.0,82.0,82.0,0
2025-04-11 14:30:37,21.22,5.29,2.8,0.7,4.9,0.0,0.0,0.0,0.0,0.0,28.0,33.9,17.4,28.5,-128.7,20.8,0.0,1.0,1.0,1.0,0.0,0.0,1.0,0.0,82.0,82.0,0
2025-04-11 14:30:38,21.23,5.29,2.8,0.7,4.6,0.0,0.0,0.0,0.0,0.0,28.0,33.9,17.4,28.5,-128.7,20.7,0.0,1.0,1.0,1.0,0.0,0.0,1.0,0.0,82.0,82.0,0
2025-04-11 14:30:39,21.22,5.3,2.8,0.7,4.5,0.0,0.0,0.0,0.0,0.0,28.0,33.9,17.4,28.5,-128.7,20.7,0.0,1.0,1.0,1.0,0.0,0.0,1.0,0.0,82.0,82.0,0
2025-04-11 14:30:40,21.23,5.28,2.8,0.7,4.5,0.0,0.0,0.0,0.0,0.0,28.0,33.9,17.4,28.5,-128.7,20.8,0.0,1.0,1.0,1.0,0.0,0.0,1.0,0.0,82.0,82.0,0
2025-04-11 14:30:41,21.23,5.3,2.8,0.7,5.1,0.0,0.0,0.0,0.0,0.0,28.0,33.9,17.4,28.5,-128.7,20.7,0.0,1.0,1.0,1.0,0.0,0.0,1.0,0.0,82.0,82.0,0
2025-04-11 14:30:42,21.23,5.3,2.8,0.7,5.0,0.0,0.0,0.0,0.0,0.0,28.0,33.9,17.4,28.5,-128.7,20.8,0.0,1.0,1.0,1.0,0.0,0.0,1.0,0.0,82.0,82.0,0
2025-04-11 14:30:43,21.23,5.29,2.8,0.7,5.0,0.0,0.0,0.0,0.0,0.0,28.0,33.9,17.3,28.5,-128.7,20.8,0.0,1.0,1.0,1.0,0.0,0.0,1.0,0.0,82.0,82.0,0
2025-04-11 14:30:44,21.23,5.3,2.8,0.7,5.3,0.0,0.0,0.0,0.0,0.0,28.0,33.9,17.3,28.5,-128.7,20.8,0.0,1.0,1.0,1.0,0.0,0.0,1.0,0.0,82.0,82.0,0
2025-04-11 14:30:45,21.2,5.29,2.8,0.7,4.6,0.0,0.0,0.0,0.0,0.0,28.0,33.9,17.3,28.5,-128.7,20.8,0.0,1.0,1.0,1.0,0.0,0.0,1.0,0.0,82.0,82.0,0
2025-04-11 14:30:46,21.2,5.29,2.8,0.7,4.8,0.0,0.0,0.0,0.0,0.0,28.0,33.9,17.3,28.5,-128.7,20.7,0.0,1.0,1.0,1.0,0.0,0.0,1.0,0.0,82.0,82.0,0
2025-04-11 14:30:47,21.22,5.3,2.8,0.7,4.4,0.0,0.0,0.0,0.0,0.0,28.0,33.9,17.3,28.5,-128.7,20.8,0.0,1.0,1.0,1.0,0.0,0.0,1.0,0.0,82.0,82.0,0
2025-04-11 14:30:48,21.2,5.28,2.8,0.7,4.7,0.0,0.0,0.0,0.0,0.0,28.0,33.9,17.3,28.5,-128.7,20.8,0.0,1.0,1.0,1.0,0.0,0.0,1.0,0.0,82.0,82.0,0
2025-04-11 14:30:49,21.2,5.3,2.8,0.7,5.2,0.0,0.0,0.0,0.0,0.0,28.0,33.9,17.3,28.5,-128.7,20.7,0.0,1.0,1.0,1.0,0.0,0.0,1.0,0.0,82.0,82.0,0
2025-04-11 14:30:50,21.22,5.29,2.8,0.7,5.2,0.0,0.0,0.0,0.0,0.0,28.0,33.9,17.2,28.5,-128.7,20.8,0.0,1.0,1.0,1.0,0.0,0.0,1.0,0.0,82.0,82.0,0
2025-04-11 14:30:51,21.2,5.29,2.8,0.7,4.9,0.0,0.0,0.0,0.0,0.0,28.0,33.9,17.2,28.5,-128.7,20.8,0.0,1.0,1.0,1.0,0.0,0.0,1.0,0.0,82.0,82.0,0
2025-04-11 14:30:52,21.18,5.29,2.8,0.7,5.2,0.0,0.0,0.0,0.0,0.0,28.0,33.9,17.2,28.5,-128.7,20.7,0.0,1.0,1.0,1.0,0.0,0.0,1.0,0.0,82.0,82.0,0
2025-04-11 14:30:53,21.18,5.3,2.8,0.7,4.7,0.0,0.0,0.0,0.0,0.0,28.0,33.9,17.2,28.5,-128.7,20.8,0.0,1.0,1.0,1.0,0.0,0.0,1.0,0.0,82.0,82.0,0
2025-04-11 14:30:54,21.19,5.28,2.8,0.7,4.8,0.0,0.0,0.0,0.0,0.0,28.0,33.9,17.2,28.5,-128.7,20.7,0.0,1.0,1.0,1.0,0.0,0.0,1.0,0.0,82.0,82.0,0
2025-04-11 14:30:55,21.22,5.3,2.8,0.7,4.7,0.0,0.0,0.0,0.0,0.0,28.0,33.9,17.2,28.5,-128.7,20.8,0.0,1.0,1.0,1.0,0.0,0.0,1.0,0.0,82.0,82.0,0
2025-04-11 14:30:56,21.2,5.29,2.8,0.7,4.8,0.0,0.0,0.0,0.0,0.0,28.0,33.9,17.2,28.5,-128.7,20.8,0.0,1.0,1.0,1.0,0.0,0.0,1.0,0.0,82.0,82.0,0
2025-04-11 14:30:57,21.2,5.29,2.7,0.7,5.2,0.0,0.0,0.0,0.0,0.0,28.0,33.9,17.2,28.5,-128.7,20.8,0.0,1.0,1.0,1.0,0.0,0.0,1.0,0.0,82.0,82.0,0
2025-04-11 14:30:58,21.22,5.29,2.7,0.7,5.0,0.0,0.0,0.0,0.0,0.0,28.0,33.9,17.2,28.5,-128.7,20.8,0.0,1.0,1.0,1.0,0.0,0.0,1.0,0.0,82.0,82.0,0
2025-04-11 14:30:59,21.2,5.28,2.8,0.7,5.2,0.0,0.0,0.0,0.0,0.0,28.0,33.9,17.2,28.5,-128.7,20.8,0.0,1.0,1.0,1.0,0.0,0.0,1.0,0.0,82.0,82.0,0
2025-04-11 14:31:00,21.22,5.28,2.8,0.7,5.6,0.0,0.0,0.0,0.0,0.0,28.0,33.9,17.1,28.5,-128.7,20.8,0.0,1.0,1.0,1.0,0.0,0.0,1.0,0.0,82.0,82.0,0
2025-04-11 14:31:01,21.22,5.29,2.8,0.7,5.1,0.0,0.0,0.0,0.0,0.0,28.0,33.9,17.1,28.5,-128.7,20.9,0.0,1.0,1.0,1.0,0.0,0.0,1.0,0.0,82.0,82.0,0
2025-04-11 14:31:02,21.2,5.27,2.8,0.7,5.1,0.0,0.0,0.0,0.0,0.0,28.0,33.9,17.1,28.5,-128.7,20.8,0.0,1.0,1.0,1.0,0.0,0.0,1.0,0.0,82.0,82.0,0
2025-04-11 14:31:03,21.22,5.3,2.8,0.7,4.8,0.0,0.0,0.0,0.0,0.0,28.0,33.9,17.1,28.5,-128.7,20.8,0.0,1.0,1.0,1.0,0.0,0.0,1.0,0.0,82.0,82.0,0
2025-04-11 14:31:04,21.22,5.28,2.8,0.7,4.5,0.0,0.0,0.0,0.0,0.0,28.0,33.9,17.1,28.5,-128.7,20.8,0.0,1.0,1.0,1.0,0.0,0.0,1.0,0.0,82.0,82.0,0
2025-04-11 14:31:05,21.22,5.29,2.8,0.7,4.3,0.0,0.0,0.0,0.0,0.0,28.0,33.9,17.1,28.5,-128.7,20.8,0.0,1.0,1.0,1.0,0.0,0.0,1.0,0.0,82.0,82.0,0
2025-04-11 14:31:06,21.22,5.29,2.8,0.7,4.8,0.0,0.0,0.0,0.0,0.0,28.0,33.9,17.1,28.5,-128.7,20.8,0.0,1.0,1.0,1.0,0.0,0.0,1.0,0.0,82.0,82.0,0
2025-04-11 14:31:07,21.22,5.28,2.8,0.7,5.2,0.0,0.0,0.0,0.0,0.0,28.0,33.9,17.1,28.5,-128.7,20.8,0.0,1.0,1.0,1.0,0.0,0.0,1.0,0.0,82.0,82.0,0
2025-04-11 14:31:08,21.23,5.29,2.8,0.7,5.1,0.0,0.0,0.0,0.0,0.0,28.0,33.9,17.1,28.5,-128.7,20.8,0.0,1.0,1.0,1.0,0.0,0.0,1.0,0.0,82.0,82.0,0
2025-04-11 14:31:09,21.22,5.28,2.8,0.7,4.8,0.0,0.0,0.0,0.0,0.0,28.0,33.9,17.1,28.5,-128.7,20.9,0.0,1.0,1.0,1.0,0.0,0.0,1.0,0.0,82.0,82.0,0
2025-04-11 14:31:10,21.22,5.28,2.8,0.7,5.3,0.0,0.0,0.0,0.0,0.0,28.0,33.9,17.1,28.5,-128.7,20.8,0.0,1.0,1.0,1.0,0.0,0.0,1.0,0.0,82.0,82.0,0
2025-04-11 14:31:11,21.23,5.29,2.8,0.7,4.7,0.0,0.0,0.0,0.0,0.0,28.0,33.9,17.0,28.5,-128.7,20.9,0.0,1.0,1.0,1.0,0.0,0.0,1.0,0.0,82.0,82.0,0
2025-04-11 14:31:12,21.22,5.27,2.8,0.7,5.1,0.0,0.0,0.0,0.0,0.0,27.9,33.9,17.0,28.4,-128.7,20.8,0.0,1.0,1.0,1.0,0.0,0.0,1.0,0.0,82.0,82.0,0
2025-04-11 14:31:13,21.2,5.3,2.8,0.7,4.6,0.0,0.0,0.0,0.0,0.0,27.9,33.9,17.0,28.4,-128.7,20.6,0.0,1.0,1.0,1.0,0.0,0.0,1.0,0.0,82.0,82.0,0
2025-04-11 14:31:14,21.2,5.28,2.8,0.7,4.7,0.0,0.0,0.0,0.0,0.0,27.9,33.9,17.0,28.4,-128.7,20.7,0.0,1.0,1.0,1.0,0.0,0.0,1.0,0.0,82.0,82.0,0
2025-04-11 14:31:15,21.19,5.29,2.8,0.7,4.6,0.0,0.0,0.0,0.0,0.0,27.9,33.9,17.0,28.4,-128.7,20.7,0.0,1.0,1.0,1.0,0.0,0.0,1.0,0.0,82.0,82.0,0
2025-04-11 14:31:16,21.19,5.28,2.8,0.7,4.7,0.0,0.0,0.0,0.0,0.0,27.9,33.9,17.0,28.4,-128.7,20.7,0.0,1.0,1.0,1.0,0.0,0.0,1.0,0.0,82.0,82.0,0
2025-04-11 14:31:17,21.19,5.28,2.7,0.7,4.6,0.0,0.0,0.0,0.0,0.0,27.9,33.9,17.0,28.4,-128.7,20.7,0.0,1.0,1.0,1.0,0.0,0.0,1.0,0.0,82.0,82.0,0
2025-04-11 14:31:18,21.2,5.29,2.7,0.7,4.8,0.0,0.0,0.0,0.0,0.0,27.9,33.9,16.9,28.4,-128.7,20.6,0.0,1.0,1.0,1.0,0.0,0.0,1.0,0.0,82.0,82.0,0
2025-04-11 14:31:19,21.2,5.29,2.8,0.7,4.5,0.0,0.0,0.0,0.0,0.0,27.9,33.9,16.9,28.4,-128.7,20.7,0.0,1.0,1.0,1.0,0.0,0.0,1.0,0.0,82.0,82.0,0
2025-04-11 14:31:20,21.22,5.29,2.8,0.7,5.1,0.0,0.0,0.0,0.0,0.0,27.9,33.9,16.9,28.4,-128.7,20.7,0.0,1.0,1.0,1.0,0.0,0.0,1.0,0.0,82.0,82.0,0
2025-04-11 14:31:21,21.2,5.29,2.8,0.7,4.7,0.0,0.0,0.0,0.0,0.0,27.9,33.9,16.9,28.4,-128.7,20.7,0.0,1.0,1.0,1.0,0.0,0.0,1.0,0.0,82.0,82.0,0
2025-04-11 14:31:22,21.2,5.28,2.8,0.7,5.1,0.0,0.0,0.0,0.0,0.0,27.9,33.9,16.9,28.4,-128.7,20.7,0.0,1.0,1.0,1.0,0.0,0.0,1.0,0.0,82.0,82.0,0
2025-04-11 14:31:23,21.19,5.3,2.7,0.7,5.2,0.0,0.0,0.0,0.0,0.0,27.9,33.9,16.9,28.4,-128.7,20.6,0.0,1.0,1.0,1.0,0.0,0.0,1.0,0.0,82.0,82.0,0
2025-04-11 14:31:24,21.2,5.3,2.8,0.7,5.3,0.0,0.0,0.0,0.0,0.0,27.9,33.9,16.9,28.4,-128.7,20.7,0.0,1.0,1.0,1.0,0.0,0.0,1.0,0.0,82.0,82.0,0
2025-04-11 14:31:25,21.19,5.3,2.8,0.7,4.8,0.0,0.0,0.0,0.0,0.0,27.9,33.9,16.9,28.4,-128.7,20.6,0.0,1.0,1.0,1.0,0.0,0.0,1.0,0.0,82.0,82.0,0
2025-04-11 14:31:26,21.22,5.3,2.7,0.7,5.2,0.0,0.0,0.0,0.0,0.0,27.9,33.9,16.9,28.4,-128.7,20.7,0.0,1.0,1.0,1.0,0.0,0.0,1.0,0.0,82.0,82.0,0
2025-04-11 14:31:27,21.22,5.28,2.8,0.7,4.6,0.0,0.0,0.0,0.0,0.0,27.9,33.9,16.9,28.4,-128.7,20.7,0.0,1.0,1.0,1.0,0.0,0.0,1.0,0.0,82.0,82.0,0
2025-04-11 14:31:28,21.2,5.3,2.8,0.7,5.4,0.0,0.0,0.0,0.0,0.0,27.9,33.9,16.8,28.4,-128.7,20.6,0.0,1.0,1.0,1.0,0.0,0.0,1.0,0.0,82.0,82.0,0
2025-04-11 14:31:29,21.19,5.29,2.8,0.7,4.7,0.0,0.0,0.0,0.0,0.0,27.9,33.9,16.8,28.4,-128.7,20.7,0.0,1.0,1.0,1.0,0.0,0.0,1.0,0.0,82.0,82.0,0
2025-04-11 14:31:30,21.2,5.29,2.8,0.7,4.8,0.0,0.0,0.0,0.0,0.0,27.9,33.9,16.8,28.4,-128.7,20.7,0.0,1.0,1.0,1.0,0.0,0.0,1.0,0.0,82.0,82.0,0
2025-04-11 14:31:31,21.2,5.3,2.8,0.7,4.8,0.0,0.0,0.0,0.0,0.0,27.9,33.9,16.8,28.4,-128.7,20.7,0.0,1.0,1.0,1.0,0.0,0.0,1.0,0.0,82.0,82.0,0
2025-04-11 14:31:32,21.22,5.28,2.8,0.7,4.5,0.0,0.0,0.0,0.0,0.0,27.9,33.9,16.8,28.4,-128.7,20.7,0.0,1.0,1.0,1.0,0.0,0.0,1.0,0.0,82.0,82.0,0
2025-04-11 14:31:33,21.22,5.29,2.8,0.7,4.6,0.0,0.0,0.0,0.0,0.0,27.9,33.9,16.8,28.4,-128.7,20.7,0.0,1.0,1.0,1.0,0.0,0.0,1.0,0.0,82.0,82.0,0
2025-04-11 14:31:34,21.2,5.29,2.8,0.7,4.8,0.0,0.0,0.0,0.0,0.0,27.9,33.9,16.8,28.4,-128.7,20.7,0.0,1.0,1.0,1.0,0.0,0.0,1.0,0.0,82.0,82.0,0
2025-04-11 14:31:35,21.2,5.28,2.8,0.7,5.1,0.0,0.0,0.0,0.0,0.0,27.9,33.9,16.8,28.4,-128.7,20.6,0.0,1.0,1.0,1.0,0.0,0.0,1.0,0.0,82.0,82.0,0
2025-04-11 14:31:36,21.23,5.3,2.8,0.7,4.9,0.0,0.0,0.0,0.0,0.0,27.9,33.9,16.8,28.4,-128.7,20.6,0.0,1.0,1.0,1.0,0.0,0.0,1.0,0.0,82.0,82.0,0
2025-04-11 14:31:37,21.2,5.27,2.8,0.7,5.2,0.0,0.0,0.0,0.0,0.0,27.9,33.9,16.7,28.3,-128.7,20.7,0.0,1.0,1.0,1.0,0.0,0.0,1.0,0.0,82.0,82.0,0
2025-04-11 14:31:38,21.2,5.28,2.8,0.7,5.2,0.0,0.0,0.0,0.0,0.0,27.9,33.9,16.7,28.3,-128.7,20.6,0.0,1.0,1.0,1.0,0.0,0.0,1.0,0.0,82.0,82.0,0
2025-04-11 14:31:39,21.2,5.28,2.8,0.7,5.0,0.0,0.0,0.0,0.0,0.0,27.9,33.9,16.7,28.3,-128.7,20.6,0.0,1.0,1.0,1.0,0.0,0.0,1.0,0.0,82.0,82.0,0
2025-04-11 14:31:40,21.2,5.29,2.7,0.7,4.5,0.0,0.0,0.0,0.0,0.0,27.9,33.9,16.7,28.3,-128.7,20.6,0.0,1.0,1.0,1.0,0.0,0.0,1.0,0.0,82.0,82.0,0
2025-04-11 14:31:41,21.22,5.29,2.8,0.7,4.7,0.0,0.0,0.0,0.0,0.0,27.9,33.9,16.7,28.3,-128.7,20.6,0.0,1.0,1.0,1.0,0.0,0.0,1.0,0.0,82.0,82.0,0
2025-04-11 14:31:42,21.22,5.28,2.8,0.7,4.7,0.0,0.0,0.0,0.0,0.0,27.9,33.9,16.7,28.3,-128.7,20.7,0.0,1.0,1.0,1.0,0.0,0.0,1.0,0.0,82.0,82.0,0
2025-04-11 14:31:43,21.23,5.28,2.8,0.7,4.8,0.0,0.0,0.0,0.0,0.0,27.9,33.9,16.7,28.3,-128.7,20.6,0.0,1.0,1.0,1.0,0.0,0.0,1.0,0.0,82.0,82.0,0
2025-04-11 14:31:44,21.23,5.29,2.8,0.7,4.9,0.0,0.0,0.0,0.0,0.0,27.9,33.9,16.6,28.3,-128.7,20.6,0.0,1.0,1.0,1.0,0.0,0.0,1.0,0.0,82.0,82.0,0
2025-04-11 14:31:45,21.22,5.27,2.8,0.7,4.7,0.0,0.0,0.0,0.0,0.0,27.9,33.9,16.6,28.3,-128.7,20.7,0.0,1.0,1.0,1.0,0.0,0.0,1.0,0.0,82.0,82.0,0
2025-04-11 14:31:46,21.22,5.3,2.8,0.7,5.1,0.0,0.0,0.0,0.0,0.0,27.9,33.9,16.6,28.3,-128.7,20.6,0.0,1.0,1.0,1.0,0.0,0.0,1.0,0.0,82.0,82.0,0
2025-04-11 14:31:47,21.23,5.29,2.8,0.7,5.0,0.0,0.0,0.0,0.0,0.0,27.9,33.9,16.6,28.3,-128.7,20.7,0.0,1.0,1.0,1.0,0.0,0.0,1.0,0.0,82.0,82.0,0
2025-04-11 14:31:48,21.23,5.29,2.8,0.7,5.3,0.0,0.0,0.0,0.0,0.0,27.9,33.9,16.6,28.3,-128.7,20.6,0.0,1.0,1.0,1.0,0.0,0.0,1.0,0.0,82.0,82.0,0
2025-04-11 14:31:49,21.22,5.3,2.8,0.7,5.2,0.0,0.0,0.0,0.0,0.0,27.9,33.9,16.6,28.3,-128.7,20.6,0.0,1.0,1.0,1.0,0.0,0.0,1.0,0.0,82.0,82.0,0
2025-04-11 14:31:50,21.23,5.29,2.8,0.7,5.1,0.0,0.0,0.0,0.0,0.0,27.9,33.9,16.6,28.3,-128.7,20.6,0.0,1.0,1.0,1.0,0.0,0.0,1.0,0.0,82.0,82.0,0
2025-04-11 14:31:51,21.22,5.29,2.8,0.7,5.0,0.0,0.0,0.0,0.0,0.0,27.9,33.9,16.6,28.3,-128.7,20.6,0.0,1.0,1.0,1.0,0.0,0.0,1.0,0.0,82.0,82.0,0
2025-04-11 14:31:52,21.22,5.3,2.8,0.7,4.7,0.0,0.0,0.0,0.0,0.0,27.9,33.9,16.6,28.3,-128.7,20.5,0.0,1.0,1.0,1.0,0.0,0.0,1.0,0.0,82.0,82.0,0
2025-04-11 14:31:53,21.2,5.28,2.7,0.7,4.7,0.0,0.0,0.0,0.0,0.0,27.9,33.9,16.6,28.3,-128.7,20.6,0.0,1.0,1.0,1.0,0.0,0.0,1.0,0.0,82.0,82.0,0
2025-04-11 14:31:54,21.2,5.3,2.8,0.7,4.9,0.0,0.0,0.0,0.0,0.0,27.9,33.9,16.5,28.3,-128.7,20.5,0.0,1.0,1.0,1.0,0.0,0.0,1.0,0.0,82.0,82.0,0
2025-04-11 14:31:55,21.2,5.29,2.8,0.7,5.2,0.0,0.0,0.0,0.0,0.0,27.9,33.9,16.5,28.3,-128.7,20.6,0.0,1.0,1.0,1.0,0.0,0.0,1.0,0.0,82.0,82.0,0
2025-04-11 14:31:56,21.2,5.29,2.8,0.7,5.3,0.0,0.0,0.0,0.0,0.0,27.9,33.9,16.5,28.3,-128.7,20.5,0.0,1.0,1.0,1.0,0.0,0.0,1.0,0.0,82.0,82.0,0
2025-04-11 14:31:57,21.2,5.29,2.8,0.7,4.9,0.0,0.0,0.0,0.0,0.0,27.9,33.9,16.5,28.3,-128.7,20.5,0.0,1.0,1.0,1.0,0.0,0.0,1.0,0.0,82.0,82.0,0
2025-04-11 14:31:58,21.2,5.29,2.8,0.7,5.2,0.0,0.0,0.0,0.0,0.0,27.9,33.9,16.5,28.3,-128.7,20.6,0.0,1.0,1.0,1.0,0.0,0.0,1.0,0.0,82.0,82.0,0
2025-04-11 14:31:59,21.2,5.29,2.8,0.7,4.6,0.0,0.0,0.0,0.0,0.0,27.9,33.9,16.5,28.2,-128.7,20.4,0.0,1.0,1.0,1.0,0.0,0.0,1.0,0.0,82.0,82.0,0
2025-04-11 14:32:00,21.22,5.3,2.8,0.7,4.8,0.0,0.0,0.0,0.0,0.0,27.9,33.9,16.5,28.2,-128.7,20.4,0.0,1.0,1.0,1.0,0.0,0.0,1.0,0.0,82.0,82.0,0
2025-04-11 14:32:01,21.23,5.29,2.8,0.7,4.7,0.0,0.0,0.0,0.0,0.0,27.9,33.9,16.4,28.2,-128.7,20.5,0.0,1.0,1.0,1.0,0.0,0.0,1.0,0.0,82.0,82.0,0
2025-04-11 14:32:02,21.23,5.3,2.8,0.7,4.7,0.0,0.0,0.0,0.0,0.0,27.9,33.9,16.4,28.2,-128.7,20.4,0.0,1.0,1.0,1.0,0.0,0.0,1.0,0.0,82.0,82.0,0
2025-04-11 14:32:03,21.24,5.29,2.8,0.7,5.0,0.0,0.0,0.0,0.0,0.0,27.9,33.9,16.4,28.2,-128.7,20.5,0.0,1.0,1.0,1.0,0.0,0.0,1.0,0.0,82.0,82.0,0
2025-04-11 14:32:04,21.23,5.28,2.8,0.7,5.1,0.0,0.0,0.0,0.0,0.0,27.9,33.9,16.4,28.2,-128.7,20.4,0.0,1.0,1.0,1.0,0.0,0.0,1.0,0.0,82.0,82.0,0
2025-04-11 14:32:05,21.2,5.3,2.8,0.7,5.1,0.0,0.0,0.0,0.0,0.0,27.9,33.9,16.4,28.2,-128.7,20.5,0.0,1.0,1.0,1.0,0.0,0.0,1.0,0.0,82.0,82.0,0
2025-04-11 14:32:06,21.24,5.28,2.8,0.7,5.1,0.0,0.0,0.0,0.0,0.0,27.9,33.9,16.4,28.2,-128.7,20.5,0.0,1.0,1.0,1.0,0.0,0.0,1.0,0.0,82.0,82.0,0
2025-04-11 14:32:07,21.23,5.3,2.8,0.7,5.2,0.0,0.0,0.0,0.0,0.0,27.9,33.9,16.4,28.2,-128.7,20.4,0.0,1.0,1.0,1.0,0.0,0.0,1.0,0.0,82.0,82.0,0
2025-04-11 14:32:08,21.23,5.29,2.8,0.7,5.2,0.0,0.0,0.0,0.0,0.0,27.9,33.9,16.4,28.2,-128.7,20.5,0.0,1.0,1.0,1.0,0.0,0.0,1.0,0.0,82.0,82.0,0
2025-04-11 14:32:09,21.23,5.29,2.8,0.7,5.1,0.0,0.0,0.0,0.0,0.0,27.9,33.9,16.4,28.2,-128.7,20.5,0.0,1.0,1.0,1.0,0.0,0.0,1.0,0.0,82.0,82.0,0
2025-04-11 14:32:10,21.22,5.3,2.8,0.7,4.5,0.0,0.0,0.0,0.0,0.0,27.9,33.9,16.4,28.2,-128.7,20.4,0.0,1.0,1.0,1.0,0.0,0.0,1.0,0.0,82.0,82.0,0
2025-04-11 14:32:11,21.23,5.28,2.8,0.7,4.7,0.0,0.0,0.0,0.0,0.0,27.9,33.9,16.4,28.2,-128.7,20.5,0.0,1.0,1.0,1.0,0.0,0.0,1.0,0.0,82.0,82.0,0
2025-04-11 14:32:12,21.23,5.3,2.8,0.7,4.5,0.0,0.0,0.0,0.0,0.0,27.9,33.9,16.4,28.2,-128.7,20.4,0.0,1.0,1.0,1.0,0.0,0.0,1.0,0.0,82.0,82.0,0
2025-04-11 14:32:13,21.24,5.3,2.8,0.7,4.8,0.0,0.0,0.0,0.0,0.0,27.9,33.9,16.4,28.2,-128.7,20.5,0.0,1.0,1.0,1.0,0.0,0.0,1.0,0.0,82.0,82.0,0
2025-04-11 14:32:14,21.25,5.28,2.8,0.7,4.7,0.0,0.0,0.0,0.0,0.0,27.9,33.9,16.3,28.2,-128.7,20.5,0.0,1.0,1.0,1.0,0.0,0.0,1.0,0.0,82.0,82.0,0
2025-04-11 14:32:15,21.22,5.3,2.8,0.7,4.6,0.0,0.0,0.0,0.0,0.0,27.9,33.9,16.3,28.2,-128.7,20.4,0.0,1.0,1.0,1.0,0.0,0.0,1.0,0.0,82.0,82.0,0
2025-04-11 14:32:16,21.23,5.29,2.8,0.7,4.9,0.0,0.0,0.0,0.0,0.0,27.9,33.9,16.3,28.2,-128.7,20.5,0.0,1.0,1.0,1.0,0.0,0.0,1.0,0.0,82.0,82.0,0
2025-04-11 14:32:17,21.24,5.29,2.8,0.7,5.0,0.0,0.0,0.0,0.0,0.0,27.9,33.9,16.3,28.2,-128.7,20.4,0.0,1.0,1.0,1.0,0.0,0.0,1.0,0.0,82.0,82.0,0
2025-04-11 14:32:18,21.22,5.3,2.8,0.7,5.4,0.0,0.0,0.0,0.0,0.0,27.9,33.9,16.3,28.1,-128.7,20.3,0.0,1.0,1.0,1.0,0.0,0.0,1.0,0.0,82.0,82.0,0
2025-04-11 14:32:19,21.22,5.29,2.8,0.7,5.0,0.0,0.0,0.0,0.0,0.0,27.9,33.9,16.3,28.1,-128.7,20.4,0.0,1.0,1.0,1.0,0.0,0.0,1.0,0.0,82.0,82.0,0
2025-04-11 14:32:20,21.22,5.3,2.7,0.7,5.1,0.0,0.0,0.0,0.0,0.0,27.9,33.9,16.3,28.1,-128.7,20.3,0.0,1.0,1.0,1.0,0.0,0.0,1.0,0.0,82.0,82.0,0
2025-04-11 14:32:21,21.2,5.3,2.8,0.7,5.2,0.0,0.0,0.0,0.0,0.0,27.9,33.9,16.3,28.1,-128.7,20.4,0.0,1.0,1.0,1.0,0.0,0.0,1.0,0.0,82.0,82.0,0
2025-04-11 14:32:22,21.22,5.27,2.8,0.7,5.5,0.0,0.0,0.0,0.0,0.0,27.9,33.9,16.3,28.1,-128.7,20.4,0.0,1.0,1.0,1.0,0.0,0.0,1.0,0.0,82.0,82.0,0
2025-04-11 14:32:23,21.2,5.3,2.8,0.7,4.6,0.0,0.0,0.0,0.0,0.0,27.9,33.9,16.3,28.1,-128.7,20.4,0.0,1.0,1.0,1.0,0.0,0.0,1.0,0.0,82.0,82.0,0
2025-04-11 14:32:24,21.2,5.29,2.8,0.7,4.9,0.0,0.0,0.0,0.0,0.0,27.9,33.9,16.3,28.1,-128.7,20.4,0.0,1.0,1.0,1.0,0.0,0.0,1.0,0.0,82.0,82.0,0
2025-04-11 14:32:25,21.2,5.29,2.8,0.7,4.9,0.0,0.0,0.0,0.0,0.0,27.9,33.9,16.3,28.1,-128.7,20.3,0.0,1.0,1.0,1.0,0.0,0.0,1.0,0.0,82.0,82.0,0
2025-04-11 14:32:26,21.2,5.29,2.8,0.7,4.5,0.0,0.0,0.0,0.0,0.0,27.9,33.9,16.3,28.1,-128.7,20.4,0.0,1.0,1.0,1.0,0.0,0.0,1.0,0.0,82.0,82.0,0
2025-04-11 14:32:27,21.22,5.28,2.8,0.7,4.6,0.0,0.0,0.0,0.0,0.0,27.9,33.9,16.3,28.1,-128.7,20.4,0.0,1.0,1.0,1.0,0.0,0.0,1.0,0.0,82.0,82.0,0
2025-04-11 14:32:28,21.2,5.29,2.8,0.7,4.7,0.0,0.0,0.0,0.0,0.0,27.9,33.9,16.3,28.1,-128.7,20.3,0.0,1.0,1.0,1.0,0.0,0.0,1.0,0.0,82.0,82.0,0
2025-04-11 14:32:29,21.22,5.29,2.8,0.7,5.1,0.0,0.0,0.0,0.0,0.0,27.9,33.9,16.3,28.1,-128.7,20.4,0.0,1.0,1.0,1.0,0.0,0.0,1.0,0.0,82.0,82.0,0
2025-04-11 14:32:30,21.24,5.27,2.8,0.7,5.0,0.0,0.0,0.0,0.0,0.0,27.9,33.9,16.3,28.1,-128.7,20.4,0.0,1.0,1.0,1.0,0.0,0.0,1.0,0.0,82.0,82.0,0
2025-04-11 14:32:31,21.23,5.3,2.8,0.7,5.1,0.0,0.0,0.0,0.0,0.0,27.9,33.9,16.3,28.1,-128.7,20.4,0.0,1.0,1.0,1.0,0.0,0.0,1.0,0.0,82.0,82.0,0
2025-04-11 14:32:32,21.23,5.29,2.8,0.7,5.4,0.0,0.0,0.0,0.0,0.0,27.9,33.9,16.3,28.1,-128.7,20.4,0.0,1.0,1.0,1.0,0.0,0.0,1.0,0.0,82.0,82.0,0
2025-04-11 14:32:33,21.24,5.29,2.8,0.7,4.9,0.0,0.0,0.0,0.0,0.0,27.9,33.9,16.3,28.1,-128.7,20.4,0.0,1.0,1.0,1.0,0.0,0.0,1.0,0.0,82.0,82.0,0
2025-04-11 14:32:34,21.22,5.29,2.8,0.7,5.2,0.0,0.0,0.0,0.0,0.0,27.9,33.9,16.3,28.1,-128.7,20.4,0.0,1.0,1.0,1.0,0.0,0.0,1.0,0.0,82.0,82.0,0
2025-04-11 14:32:35,21.22,5.28,2.8,0.7,4.5,0.0,0.0,0.0,0.0,0.0,27.9,33.9,16.3,28.1,-128.7,20.4,0.0,1.0,1.0,1.0,0.0,0.0,1.0,0.0,82.0,82.0,0
2025-04-11 14:32:36,21.22,5.3,2.7,0.7,4.8,0.0,0.0,0.0,0.0,0.0,27.9,33.9,16.3,28.1,-128.7,20.4,0.0,1.0,1.0,1.0,0.0,0.0,1.0,0.0,82.0,82.0,0
2025-04-11 14:32:37,21.22,5.3,2.7,0.7,4.6,0.0,0.0,0.0,0.0,0.0,27.9,33.9,16.3,28.1,-128.7,20.4,0.0,1.0,1.0,1.0,0.0,0.0,1.0,0.0,82.0,82.0,0
2025-04-11 14:32:38,21.2,5.3,2.8,0.7,5.2,0.0,0.0,0.0,0.0,0.0,27.9,33.9,16.3,28.1,-128.7,20.3,0.0,1.0,1.0,1.0,0.0,0.0,1.0,0.0,82.0,82.0,0
2025-04-11 14:32:39,21.22,5.3,2.8,0.7,5.1,0.0,0.0,0.0,0.0,0.0,27.9,33.9,16.2,28.1,-128.7,20.4,0.0,1.0,1.0,1.0,0.0,0.0,1.0,0.0,82.0,82.0,0
2025-04-11 14:32:40,21.22,5.28,2.8,0.7,5.0,0.0,0.0,0.0,0.0,0.0,27.9,33.9,16.2,28.0,-128.7,20.3,0.0,1.0,1.0,1.0,0.0,0.0,1.0,0.0,82.0,82.0,0
2025-04-11 14:32:41,21.2,5.3,2.8,0.7,5.2,0.0,0.0,0.0,0.0,0.0,27.9,33.9,16.2,28.0,-128.7,20.2,0.0,1.0,1.0,1.0,0.0,0.0,1.0,0.0,82.0,82.0,0
2025-04-11 14:32:42,21.2,5.29,2.8,0.7,4.7,0.0,0.0,0.0,0.0,0.0,27.9,33.9,16.2,28.0,-128.7,20.3,0.0,1.0,1.0,1.0,0.0,0.0,1.0,0.0,82.0,82.0,0
2025-04-11 14:32:43,21.22,5.29,2.8,0.7,4.6,0.0,0.0,0.0,0.0,0.0,27.9,33.9,16.2,28.0,-128.7,20.3,0.0,1.0,1.0,1.0,0.0,0.0,1.0,0.0,82.0,82.0,0
2025-04-11 14:32:44,21.22,5.3,2.8,0.7,4.5,0.0,0.0,0.0,0.0,0.0,27.9,33.9,16.2,28.0,-128.7,20.2,0.0,1.0,1.0,1.0,0.0,0.0,1.0,0.0,82.0,82.0,0
2025-04-11 14:32:45,21.2,5.29,2.7,0.7,4.7,0.0,0.0,0.0,0.0,0.0,27.9,33.9,16.2,28.0,-128.7,20.3,0.0,1.0,1.0,1.0,0.0,0.0,1.0,0.0,82.0,82.0,0
2025-04-11 14:32:46,21.22,5.29,2.7,0.7,5.1,0.0,0.0,0.0,0.0,0.0,27.9,33.9,16.2,28.0,-128.7,20.2,0.0,1.0,1.0,1.0,0.0,0.0,1.0,0.0,82.0,82.0,0
2025-04-11 14:32:47,21.2,5.3,2.7,0.7,4.7,0.0,0.0,0.0,0.0,0.0,27.9,33.9,16.2,28.0,-128.7,20.3,0.0,1.0,1.0,1.0,0.0,0.0,1.0,0.0,82.0,82.0,0
2025-04-11 14:32:48,21.2,5.28,2.8,0.7,5.1,0.0,0.0,0.0,0.0,0.0,27.9,33.9,16.2,28.0,-128.7,20.3,0.0,1.0,1.0,1.0,0.0,0.0,1.0,0.0,82.0,82.0,0
2025-04-11 14:32:49,21.23,5.3,2.8,0.7,5.0,0.0,0.0,0.0,0.0,0.0,27.9,33.9,16.2,28.0,-128.7,20.2,0.0,1.0,1.0,1.0,0.0,0.0,1.0,0.0,82.0,82.0,0
2025-04-11 14:32:50,21.2,5.29,2.8,0.7,5.2,0.0,0.0,0.0,0.0,0.0,27.9,33.9,16.2,28.0,-128.7,20.3,0.0,1.0,1.0,1.0,0.0,0.0,1.0,0.0,82.0,82.0,0
2025-04-11 14:32:51,21.2,5.28,2.8,0.7,5.1,0.0,0.0,0.0,0.0,0.0,27.9,33.9,16.2,28.0,-128.7,20.3,0.0,1.0,1.0,1.0,0.0,0.0,1.0,0.0,82.0,82.0,0
2025-04-11 14:32:52,21.2,5.29,2.8,0.7,4.7,0.0,0.0,0.0,0.0,0.0,27.9,33.9,16.2,28.0,-128.7,20.3,0.0,1.0,1.0,1.0,0.0,0.0,1.0,0.0,82.0,82.0,0
2025-04-11 14:32:53,21.22,5.29,2.8,0.7,5.2,0.0,0.0,0.0,0.0,0.0,27.9,33.9,16.2,28.0,-128.7,20.3,0.0,1.0,1.0,1.0,0.0,0.0,1.0,0.0,82.0,82.0,0
2025-04-11 14:32:54,21.23,5.29,2.8,0.7,4.6,0.0,0.0,0.0,0.0,0.0,27.9,33.9,16.2,28.0,-128.7,20.2,0.0,1.0,1.0,1.0,0.0,0.0,1.0,0.0,82.0,82.0,0
2025-04-11 14:32:55,21.22,5.3,2.7,0.7,4.7,0.0,0.0,0.0,0.0,0.0,27.9,33.9,16.2,28.0,-128.7,20.3,0.0,1.0,1.0,1.0,0.0,0.0,1.0,0.0,82.0,82.0,0
2025-04-11 14:32:56,21.23,5.28,2.8,0.7,4.5,0.0,0.0,0.0,0.0,0.0,27.9,33.9,16.2,28.0,-128.7,20.3,0.0,1.0,1.0,1.0,0.0,0.0,1.0,0.0,82.0,82.0,0
2025-04-11 14:32:57,21.22,5.3,2.8,0.7,5.1,0.0,0.0,0.0,0.0,0.0,27.9,33.9,16.2,28.0,-128.7,20.3,0.0,1.0,1.0,1.0,0.0,0.0,1.0,0.0,82.0,82.0,0
2025-04-11 14:32:58,21.23,5.27,2.8,0.7,5.0,0.0,0.0,0.0,0.0,0.0,27.9,33.9,16.2,28.0,-128.7,20.4,0.0,1.0,1.0,1.0,0.0,0.0,1.0,0.0,82.0,82.0,0
2025-04-11 14:32:59,21.23,5.3,2.8,0.7,5.3,0.0,0.0,0.0,0.0,0.0,27.9,33.9,16.2,28.0,-128.7,20.2,0.0,1.0,1.0,1.0,0.0,0.0,1.0,0.0,82.0,82.0,0
2025-04-11 14:33:00,21.22,5.29,2.8,0.7,5.2,0.0,0.0,0.0,0.0,0.0,27.9,33.9,16.2,28.0,-128.7,20.3,0.0,1.0,1.0,1.0,0.0,0.0,1.0,0.0,82.0,82.0,0
2025-04-11 14:33:01,21.2,5.3,2.8,0.7,4.9,0.0,0.0,0.0,0.0,0.0,27.9,33.9,16.2,28.0,-128.7,20.2,0.0,1.0,1.0,1.0,0.0,0.0,1.0,0.0,82.0,82.0,0
2025-04-11 14:33:02,21.22,5.3,2.8,0.7,5.4,0.0,0.0,0.0,0.0,0.0,27.9,33.9,16.2,28.0,-128.7,20.3,0.0,1.0,1.0,1.0,0.0,0.0,1.0,0.0,82.0,82.0,0
2025-04-11 14:33:03,21.2,5.28,2.8,0.7,4.8,0.0,0.0,0.0,0.0,0.0,27.9,33.9,16.2,28.0,-128.7,20.3,0.0,1.0,1.0,1.0,0.0,0.0,1.0,0.0,82.0,82.0,0
2025-04-11 14:33:04,21.22,5.3,2.7,0.7,5.0,0.0,0.0,0.0,0.0,0.0,27.9,33.9,16.2,28.0,-128.7,20.2,0.0,1.0,1.0,1.0,0.0,0.0,1.0,0.0,82.0,82.0,0
2025-04-11 14:33:05,21.22,5.28,2.7,0.7,4.7,0.0,0.0,0.0,0.0,0.0,27.9,33.9,16.2,28.0,-128.7,20.3,0.0,1.0,1.0,1.0,0.0,0.0,1.0,0.0,82.0,82.0,0
2025-04-11 14:33:06,21.23,5.3,2.8,0.7,5.1,0.0,0.0,0.0,0.0,0.0,27.9,33.9,16.2,28.0,-128.7,20.2,0.0,1.0,1.0,1.0,0.0,0.0,1.0,0.0,82.0,82.0,0
2025-04-11 14:33:07,21.23,5.29,2.8,0.7,4.6,0.0,0.0,0.0,0.0,0.0,27.9,33.9,16.2,28.0,-128.7,20.3,0.0,1.0,1.0,1.0,0.0,0.0,1.0,0.0,82.0,82.0,0
2025-04-11 14:33:08,21.22,5.29,2.7,0.7,5.1,0.0,0.0,0.0,0.0,0.0,27.9,33.9,16.2,27.9,-128.7,20.2,0.0,1.0,1.0,1.0,0.0,0.0,1.0,0.0,82.0,82.0,0
2025-04-11 14:33:09,21.2,5.3,2.8,0.7,4.8,0.0,0.0,0.0,0.0,0.0,27.9,33.9,16.2,27.9,-128.7,20.1,0.0,1.0,1.0,1.0,0.0,0.0,1.0,0.0,82.0,82.0,0
2025-04-11 14:33:10,21.19,5.29,2.7,0.7,5.1,0.0,0.0,0.0,0.0,0.0,27.9,33.9,16.2,27.9,-128.7,20.2,0.0,1.0,1.0,1.0,0.0,0.0,1.0,0.0,82.0,82.0,0
2025-04-11 14:33:11,21.22,5.29,2.7,0.7,4.9,0.0,0.0,0.0,0.0,0.0,27.9,33.9,16.2,27.9,-128.7,20.1,0.0,1.0,1.0,1.0,0.0,0.0,1.0,0.0,82.0,82.0,0
2025-04-11 14:33:12,21.2,5.3,2.8,0.7,5.1,0.0,0.0,0.0,0.0,0.0,27.9,33.9,16.2,27.9,-128.7,20.2,0.0,1.0,1.0,1.0,0.0,0.0,1.0,0.0,82.0,82.0,0
2025-04-11 14:33:13,21.2,5.29,2.8,0.7,5.1,0.0,0.0,0.0,0.0,0.0,27.9,33.9,16.2,27.9,-128.7,20.2,0.0,1.0,1.0,1.0,0.0,0.0,1.0,0.0,82.0,82.0,0
2025-04-11 14:33:14,21.2,5.3,2.8,0.7,5.0,0.0,0.0,0.0,0.0,0.0,27.9,33.9,16.2,27.9,-128.7,20.1,0.0,1.0,1.0,1.0,0.0,0.0,1.0,0.0,82.0,82.0,0
2025-04-11 14:33:15,21.22,5.29,2.7,0.7,5.2,0.0,0.0,0.0,0.0,0.0,27.9,33.9,16.2,27.9,-128.7,20.2,0.0,1.0,1.0,1.0,0.0,0.0,1.0,0.0,82.0,82.0,0
2025-04-11 14:33:16,21.22,5.3,2.8,0.7,4.8,0.0,0.0,0.0,0.0,0.0,27.9,33.9,16.2,27.9,-128.7,20.1,0.0,1.0,1.0,1.0,0.0,0.0,1.0,0.0,82.0,82.0,0
2025-04-11 14:33:17,21.22,5.28,2.8,0.7,4.6,0.0,0.0,0.0,0.0,0.0,27.9,33.9,16.2,27.9,-128.7,20.2,0.0,1.0,1.0,1.0,0.0,0.0,1.0,0.0,82.0,82.0,0
2025-04-11 14:33:18,21.22,5.28,2.8,0.7,4.6,0.0,0.0,0.0,0.0,0.0,27.9,33.9,16.2,27.9,-128.7,20.1,0.0,1.0,1.0,1.0,0.0,0.0,1.0,0.0,82.0,82.0,0
2025-04-11 14:33:19,21.2,5.29,2.7,0.7,4.9,0.0,0.0,0.0,0.0,0.0,27.9,33.9,16.2,27.9,-128.7,20.3,0.0,1.0,1.0,1.0,0.0,0.0,1.0,0.0,82.0,82.0,0
2025-04-11 14:33:20,21.23,5.27,2.8,0.7,4.7,0.0,0.0,0.0,0.0,0.0,27.9,33.9,16.2,27.9,-128.7,20.2,0.0,1.0,1.0,1.0,0.0,0.0,1.0,0.0,82.0,82.0,0
2025-04-11 14:33:21,21.2,5.3,2.8,0.7,4.9,0.0,0.0,0.0,0.0,0.0,27.9,33.9,16.2,27.9,-128.7,20.2,0.0,1.0,1.0,1.0,0.0,0.0,1.0,0.0,82.0,82.0,0
2025-04-11 14:33:22,21.22,5.27,2.7,0.7,4.9,0.0,0.0,0.0,0.0,0.0,27.9,33.9,16.2,27.9,-128.7,20.3,0.0,1.0,1.0,1.0,0.0,0.0,1.0,0.0,82.0,82.0,0
2025-04-11 14:33:23,21.2,5.3,2.8,0.7,4.6,0.0,0.0,0.0,0.0,0.0,27.9,33.9,16.2,27.9,-128.7,20.1,0.0,1.0,1.0,1.0,0.0,0.0,1.0,0.0,82.0,82.0,0
2025-04-11 14:33:24,21.2,5.3,2.8,0.7,4.7,0.0,0.0,0.0,0.0,0.0,27.9,33.9,16.2,27.9,-128.7,20.2,0.0,1.0,1.0,1.0,0.0,0.0,1.0,0.0,82.0,82.0,0
2025-04-11 14:33:25,21.22,5.28,2.7,0.7,5.1,0.0,0.0,0.0,0.0,0.0,27.9,33.9,16.2,27.9,-128.7,20.2,0.0,1.0,1.0,1.0,0.0,0.0,1.0,0.0,82.0,82.0,0
2025-04-11 14:33:26,21.23,5.28,2.8,0.7,4.9,0.0,0.0,0.0,0.0,0.0,27.9,33.9,16.2,27.9,-128.7,20.2,0.0,1.0,1.0,1.0,0.0,0.0,1.0,0.0,82.0,82.0,0
2025-04-11 14:33:27,21.23,5.28,2.8,0.7,5.2,0.0,0.0,0.0,0.0,0.0,27.9,33.9,16.2,27.9,-128.7,20.2,0.0,1.0,1.0,1.0,0.0,0.0,1.0,0.0,82.0,82.0,0
2025-04-11 14:33:28,21.22,5.3,2.7,0.7,4.8,0.0,0.0,0.0,0.0,0.0,27.9,33.9,16.2,27.9,-128.7,20.2,0.0,1.0,1.0,1.0,0.0,0.0,1.0,0.0,82.0,82.0,0
2025-04-11 14:33:29,21.23,5.28,2.7,0.7,5.1,0.0,0.0,0.0,0.0,0.0,27.9,33.9,16.2,27.9,-128.7,20.2,0.0,1.0,1.0,1.0,0.0,0.0,1.0,0.0,82.0,82.0,0
2025-04-11 14:33:30,21.23,5.29,2.7,0.7,4.3,0.0,0.0,0.0,0.0,0.0,27.9,33.9,16.2,27.9,-128.7,20.2,0.0,1.0,1.0,1.0,0.0,0.0,1.0,0.0,82.0,82.0,0
2025-04-11 14:33:31,21.23,5.29,2.8,0.7,4.7,0.0,0.0,0.0,0.0,0.0,27.9,33.9,16.2,27.9,-128.7,20.2,0.0,1.0,1.0,1.0,0.0,0.0,1.0,0.0,82.0,82.0,0
2025-04-11 14:33:32,21.2,5.28,2.8,0.7,4.7,0.0,0.0,0.0,0.0,0.0,27.9,33.9,16.2,27.9,-128.7,20.2,0.0,1.0,1.0,1.0,0.0,0.0,1.0,0.0,82.0,82.0,0
2025-04-11 14:33:33,21.2,5.29,2.7,0.7,4.9,0.0,0.0,0.0,0.0,0.0,27.9,33.9,16.2,27.9,-128.7,20.2,0.0,1.0,1.0,1.0,0.0,0.0,1.0,0.0,82.0,82.0,0
2025-04-11 14:33:34,21.2,5.28,2.8,0.7,4.7,0.0,0.0,0.0,0.0,0.0,27.9,33.9,16.2,27.9,-128.7,20.2,0.0,1.0,1.0,1.0,0.0,0.0,1.0,0.0,82.0,82.0,0
2025-04-11 14:33:35,21.22,5.29,2.8,0.7,4.9,0.0,0.0,0.0,0.0,0.0,27.9,33.9,16.2,27.9,-128.7,20.1,0.0,1.0,1.0,1.0,0.0,0.0,1.0,0.0,82.0,82.0,0
2025-04-11 14:33:36,21.23,5.28,2.8,0.7,4.6,0.0,0.0,0.0,0.0,0.0,27.9,33.9,16.2,27.9,-128.7,20.2,0.0,1.0,1.0,1.0,0.0,0.0,1.0,0.0,82.0,82.0,0
2025-04-11 14:33:37,21.2,5.29,2.8,0.7,4.8,0.0,0.0,0.0,0.0,0.0,27.9,33.9,16.2,27.9,-128.7,20.1,0.0,1.0,1.0,1.0,0.0,0.0,1.0,0.0,82.0,82.0,0
2025-04-11 14:33:38,21.23,5.29,2.8,0.7,4.5,0.0,0.0,0.0,0.0,0.0,27.9,33.9,16.2,27.9,-128.7,20.2,0.0,1.0,1.0,1.0,0.0,0.0,1.0,0.0,82.0,82.0,0
2025-04-11 14:33:39,21.2,5.28,2.8,0.7,5.2,0.0,0.0,0.0,0.0,0.0,27.9,33.9,16.2,27.9,-128.7,20.2,0.0,1.0,1.0,1.0,0.0,0.0,1.0,0.0,82.0,82.0,0
2025-04-11 14:33:40,21.2,5.3,2.8,0.7,4.8,0.0,0.0,0.0,0.0,0.0,27.9,33.9,16.2,27.9,-128.7,20.2,0.0,1.0,1.0,1.0,0.0,0.0,1.0,0.0,82.0,82.0,0
2025-04-11 14:33:41,21.19,5.29,2.7,0.7,5.0,0.0,0.0,0.0,0.0,0.0,27.9,33.9,16.2,27.9,-128.7,20.2,0.0,1.0,1.0,1.0,0.0,0.0,1.0,0.0,82.0,82.0,0
2025-04-11 14:33:42,21.2,5.29,2.8,0.7,5.0,0.0,0.0,0.0,0.0,0.0,27.9,33.9,16.2,27.9,-128.7,20.2,0.0,1.0,1.0,1.0,0.0,0.0,1.0,0.0,82.0,82.0,0
2025-04-11 14:33:43,21.2,5.28,2.7,0.7,4.9,0.0,0.0,0.0,0.0,0.0,27.9,33.9,16.2,27.9,-128.7,20.2,0.0,1.0,1.0,1.0,0.0,0.0,1.0,0.0,82.0,82.0,0
2025-04-11 14:33:44,21.22,5.29,2.7,0.7,5.1,0.0,0.0,0.0,0.0,0.0,27.9,33.9,16.2,27.9,-128.7,20.1,0.0,1.0,1.0,1.0,0.0,0.0,1.0,0.0,82.0,82.0,0
2025-04-11 14:33:45,21.18,5.29,2.8,0.7,5.1,0.0,0.0,0.0,0.0,0.0,27.9,33.9,16.2,27.9,-128.7,20.2,0.0,1.0,1.0,1.0,0.0,0.0,1.0,0.0,82.0,82.0,0
2025-04-11 14:33:46,21.19,5.29,2.8,0.7,5.0,0.0,0.0,0.0,0.0,0.0,27.9,33.9,16.2,27.9,-128.7,20.2,0.0,1.0,1.0,1.0,0.0,0.0,1.0,0.0,82.0,82.0,0
2025-04-11 14:33:47,21.19,5.29,2.8,0.7,5.1,0.0,0.0,0.0,0.0,0.0,27.9,33.9,16.2,27.9,-128.7,20.2,0.0,1.0,1.0,1.0,0.0,0.0,1.0,0.0,82.0,82.0,0
2025-04-11 14:33:48,21.19,5.28,2.8,0.7,5.0,0.0,0.0,0.0,0.0,0.0,27.9,33.9,16.2,27.9,-128.7,20.2,0.0,1.0,1.0,1.0,0.0,0.0,1.0,0.0,82.0,82.0,0
2025-04-11 14:33:49,21.19,5.29,2.8,0.7,5.2,0.0,0.0,0.0,0.0,0.0,27.9,33.9,16.2,27.9,-128.7,20.1,0.0,1.0,1.0,1.0,0.0,0.0,1.0,0.0,82.0,82.0,0
2025-04-11 14:33:50,21.2,5.28,2.8,0.7,4.9,0.0,0.0,0.0,0.0,0.0,27.9,33.9,16.2,27.9,-128.7,20.2,0.0,1.0,1.0,1.0,0.0,0.0,1.0,0.0,82.0,82.0,0
2025-04-11 14:33:51,21.2,5.29,2.8,0.7,4.5,0.0,0.0,0.0,0.0,0.0,27.9,33.9,16.2,27.9,-128.7,20.1,0.0,1.0,1.0,1.0,0.0,0.0,1.0,0.0,82.0,82.0,0
2025-04-11 14:33:52,21.22,5.29,2.8,0.7,5.1,0.0,0.0,0.0,0.0,0.0,27.9,33.9,16.2,27.9,-128.7,20.2,0.0,1.0,1.0,1.0,0.0,0.0,1.0,0.0,82.0,82.0,0
2025-04-11 14:33:53,21.2,5.28,2.8,0.7,4.5,0.0,0.0,0.0,0.0,0.0,27.9,33.9,16.2,27.9,-128.7,20.2,0.0,1.0,1.0,1.0,0.0,0.0,1.0,0.0,82.0,82.0,0
2025-04-11 14:33:54,21.19,5.28,2.8,0.7,4.7,0.0,0.0,0.0,0.0,0.0,27.9,33.9,16.2,27.9,-128.7,20.3,0.0,1.0,1.0,1.0,0.0,0.0,1.0,0.0,82.0,82.0,0
2025-04-11 14:33:55,21.2,5.27,2.8,0.7,4.6,0.0,0.0,0.0,0.0,0.0,27.9,33.9,16.2,27.9,-128.7,20.2,0.0,1.0,1.0,1.0,0.0,0.0,1.0,0.0,82.0,82.0,0
2025-04-11 14:33:56,21.18,5.29,2.8,0.7,4.8,0.0,0.0,0.0,0.0,0.0,27.9,33.9,16.2,27.9,-128.7,20.2,0.0,1.0,1.0,1.0,0.0,0.0,1.0,0.0,82.0,82.0,0
2025-04-11 14:33:57,21.18,5.28,2.8,0.7,4.7,0.0,0.0,0.0,0.0,0.0,27.9,33.9,16.2,27.9,-128.7,20.2,0.0,1.0,1.0,1.0,0.0,0.0,1.0,0.0,82.0,82.0,0
2025-04-11 14:33:58,21.2,5.29,2.8,0.7,4.7,0.0,0.0,0.0,0.0,0.0,27.9,33.9,16.2,27.9,-128.7,20.2,0.0,1.0,1.0,1.0,0.0,0.0,1.0,0.0,82.0,82.0,0
2025-04-11 14:33:59,21.22,5.27,2.7,0.7,4.6,0.0,0.0,0.0,0.0,0.0,27.9,33.9,16.2,27.9,-128.7,20.3,0.0,1.0,1.0,1.0,0.0,0.0,1.0,0.0,82.0,82.0,0
2025-04-11 14:34:00,21.22,5.29,2.7,0.7,4.6,0.0,0.0,0.0,0.0,0.0,27.9,33.9,16.2,27.9,-128.7,20.2,0.0,1.0,1.0,1.0,0.0,0.0,1.0,0.0,82.0,82.0,0
2025-04-11 14:34:01,21.19,5.28,2.7,0.7,4.6,0.0,0.0,0.0,0.0,0.0,27.9,33.9,16.2,27.9,-128.7,20.2,0.0,1.0,1.0,1.0,0.0,0.0,1.0,0.0,82.0,82.0,0
2025-04-11 14:34:02,21.2,5.28,2.7,0.7,4.6,0.0,0.0,0.0,0.0,0.0,27.9,33.9,16.2,27.9,-128.7,20.2,0.0,1.0,1.0,1.0,0.0,0.0,1.0,0.0,82.0,82.0,0
2025-04-11 14:34:03,21.22,5.28,2.8,0.7,4.6,0.0,0.0,0.0,0.0,0.0,27.9,33.9,16.2,27.9,-128.7,20.2,0.0,1.0,1.0,1.0,0.0,0.0,1.0,0.0,82.0,82.0,0
2025-04-11 14:34:04,21.23,5.28,2.8,0.7,5.1,0.0,0.0,0.0,0.0,0.0,27.9,33.9,16.2,27.9,-128.7,20.2,0.0,1.0,1.0,1.0,0.0,0.0,1.0,0.0,82.0,82.0,0
2025-04-11 14:34:05,21.2,5.29,2.8,0.7,4.6,0.0,0.0,0.0,0.0,0.0,27.9,33.9,16.2,27.9,-128.7,20.3,0.0,1.0,1.0,1.0,0.0,0.0,1.0,0.0,82.0,82.0,0
2025-04-11 14:34:06,21.2,5.28,2.8,0.7,4.8,0.0,0.0,0.0,0.0,0.0,27.9,33.9,16.2,27.9,-128.7,20.2,0.0,1.0,1.0,1.0,0.0,0.0,1.0,0.0,82.0,82.0,0
2025-04-11 14:34:07,21.2,5.29,2.8,0.7,4.8,0.0,0.0,0.0,0.0,0.0,27.9,33.9,16.2,27.9,-128.7,20.2,0.0,1.0,1.0,1.0,0.0,0.0,1.0,0.0,82.0,82.0,0
2025-04-11 14:34:08,21.19,5.27,2.8,0.7,4.7,0.0,0.0,0.0,0.0,0.0,27.9,33.9,16.2,27.9,-128.7,20.2,0.0,1.0,1.0,1.0,0.0,0.0,1.0,0.0,82.0,82.0,0
2025-04-11 14:34:09,21.2,5.29,2.8,0.7,5.0,0.0,0.0,0.0,0.0,0.0,27.9,33.9,16.2,27.9,-128.7,20.3,0.0,1.0,1.0,1.0,0.0,0.0,1.0,0.0,82.0,82.0,0
2025-04-11 14:34:10,21.2,5.27,2.8,0.7,4.5,0.0,0.0,0.0,0.0,0.0,27.9,33.9,16.2,27.9,-128.7,20.3,0.0,1.0,1.0,1.0,0.0,0.0,1.0,0.0,82.0,82.0,0
2025-04-11 14:34:11,21.2,5.29,2.8,0.7,5.0,0.0,0.0,0.0,0.0,0.0,27.9,33.9,16.2,27.9,-128.7,20.2,0.0,1.0,1.0,1.0,0.0,0.0,1.0,0.0,82.0,82.0,0
2025-04-11 14:34:12,21.2,5.27,2.8,0.7,4.7,0.0,0.0,0.0,0.0,0.0,27.9,33.9,16.2,27.9,-128.7,20.3,0.0,1.0,1.0,1.0,0.0,0.0,1.0,0.0,82.0,82.0,0
2025-04-11 14:34:13,21.22,5.27,2.8,0.7,4.6,0.0,0.0,0.0,0.0,0.0,27.9,33.9,16.2,27.9,-128.7,20.2,0.0,1.0,1.0,1.0,0.0,0.0,1.0,0.0,82.0,82.0,0
2025-04-11 14:34:14,21.22,5.27,2.8,0.7,5.2,0.0,0.0,0.0,0.0,0.0,27.9,33.9,16.2,27.9,-128.7,20.3,0.0,1.0,1.0,1.0,0.0,0.0,1.0,0.0,82.0,82.0,0
2025-04-11 14:34:15,21.19,5.26,2.8,0.7,4.7,0.0,0.0,0.0,0.0,0.0,27.9,33.9,16.2,27.9,-128.7,20.2,0.0,1.0,1.0,1.0,0.0,0.0,1.0,0.0,82.0,82.0,0
2025-04-11 14:34:16,21.2,5.29,2.8,0.7,5.0,0.0,0.0,0.0,0.0,0.0,27.9,33.9,16.2,27.9,-128.7,20.3,0.0,1.0,1.0,1.0,0.0,0.0,1.0,0.0,82.0,82.0,0
2025-04-11 14:34:17,21.2,5.27,2.8,0.7,4.8,0.0,0.0,0.0,0.0,0.0,27.9,33.9,16.2,27.9,-128.7,20.3,0.0,1.0,1.0,1.0,0.0,0.0,1.0,0.0,82.0,82.0,0
2025-04-11 14:34:18,21.2,5.28,2.8,0.7,5.1,0.0,0.0,0.0,0.0,0.0,27.9,33.9,16.2,27.9,-128.7,20.2,0.0,1.0,1.0,1.0,0.0,0.0,1.0,0.0,82.0,82.0,0
2025-04-11 14:34:19,21.19,5.26,2.8,0.7,5.2,0.0,0.0,0.0,0.0,0.0,27.9,33.9,16.2,27.9,-128.7,20.3,0.0,1.0,1.0,1.0,0.0,0.0,1.0,0.0,82.0,82.0,0
2025-04-11 14:34:20,21.2,5.28,2.8,0.7,4.9,0.0,0.0,0.0,0.0,0.0,27.9,33.9,16.2,27.9,-128.7,20.2,0.0,1.0,1.0,1.0,0.0,0.0,1.0,0.0,82.0,82.0,0
2025-04-11 14:34:21,21.19,5.27,2.8,0.7,5.3,0.0,0.0,0.0,0.0,0.0,27.9,33.9,16.2,27.9,-128.7,20.3,0.0,1.0,1.0,1.0,0.0,0.0,1.0,0.0,82.0,82.0,0
2025-04-11 14:34:22,21.2,5.28,2.8,0.7,4.9,0.0,0.0,0.0,0.0,0.0,27.9,33.9,16.2,27.9,-128.7,20.2,0.0,1.0,1.0,1.0,0.0,0.0,1.0,0.0,82.0,82.0,0
2025-04-11 14:34:23,21.2,5.28,2.8,0.7,5.1,0.0,0.0,0.0,0.0,0.0,27.9,33.9,16.2,27.9,-128.7,20.3,0.0,1.0,1.0,1.0,0.0,0.0,1.0,0.0,82.0,82.0,0
2025-04-11 14:34:24,21.19,5.26,2.8,0.7,5.2,0.0,0.0,0.0,0.0,0.0,27.9,33.9,16.2,27.9,-128.7,20.2,0.0,1.0,1.0,1.0,0.0,0.0,1.0,0.0,82.0,82.0,0
2025-04-11 14:34:25,21.2,5.28,2.8,0.7,5.1,0.0,0.0,0.0,0.0,0.0,27.9,33.9,16.2,27.9,-128.7,20.3,0.0,1.0,1.0,1.0,0.0,0.0,1.0,0.0,82.0,82.0,0
2025-04-11 14:34:26,21.22,5.27,2.8,0.7,5.0,0.0,0.0,0.0,0.0,0.0,27.9,33.9,16.2,27.9,-128.7,20.3,0.0,1.0,1.0,1.0,0.0,0.0,1.0,0.0,82.0,82.0,0
2025-04-11 14:34:27,21.19,5.29,2.8,0.7,4.8,0.0,0.0,0.0,0.0,0.0,27.9,33.9,16.2,27.9,-128.7,20.2,0.0,1.0,1.0,1.0,0.0,0.0,1.0,0.0,82.0,82.0,0
2025-04-11 14:34:28,21.2,5.27,2.8,0.7,5.1,0.0,0.0,0.0,0.0,0.0,27.9,33.9,16.2,27.9,-128.7,20.3,0.0,1.0,1.0,1.0,0.0,0.0,1.0,0.0,82.0,82.0,0
2025-04-11 14:34:29,21.19,5.29,2.8,0.7,4.7,0.0,0.0,0.0,0.0,0.0,27.9,33.9,16.2,27.9,-128.7,20.2,0.0,1.0,1.0,1.0,0.0,0.0,1.0,0.0,82.0,82.0,0
2025-04-11 14:34:30,21.22,5.29,2.8,0.7,5.2,0.0,0.0,0.0,0.0,0.0,27.9,33.9,16.2,27.9,-128.7,20.3,0.0,1.0,1.0,1.0,0.0,0.0,1.0,0.0,82.0,82.0,0
2025-04-11 14:34:31,21.19,5.27,2.8,0.7,5.0,0.0,0.0,0.0,0.0,0.0,27.9,33.9,16.2,27.9,-128.7,20.2,0.0,1.0,1.0,1.0,0.0,0.0,1.0,0.0,82.0,82.0,0
2025-04-11 14:34:32,21.19,5.29,2.8,0.7,4.5,0.0,0.0,0.0,0.0,0.0,27.9,33.9,16.2,27.9,-128.7,20.3,0.0,1.0,1.0,1.0,0.0,0.0,1.0,0.0,82.0,82.0,0
2025-04-11 14:34:33,21.19,5.27,2.8,0.7,5.1,0.0,0.0,0.0,0.0,0.0,27.9,33.9,16.2,27.9,-128.7,20.3,0.0,1.0,1.0,1.0,0.0,0.0,1.0,0.0,82.0,82.0,0
2025-04-11 14:34:34,21.22,5.29,2.7,0.7,4.6,0.0,0.0,0.0,0.0,0.0,27.9,33.9,16.2,27.9,-128.7,20.2,0.0,1.0,1.0,1.0,0.0,0.0,1.0,0.0,82.0,82.0,0
2025-04-11 14:34:35,21.2,5.27,2.7,0.7,4.8,0.0,0.0,0.0,0.0,0.0,27.9,33.9,16.2,27.9,-128.7,20.3,0.0,1.0,1.0,1.0,0.0,0.0,1.0,0.0,82.0,82.0,0
2025-04-11 14:34:36,21.2,5.29,2.8,0.7,4.6,0.0,0.0,0.0,0.0,0.0,27.9,33.9,16.2,27.9,-128.7,20.2,0.0,1.0,1.0,1.0,0.0,0.0,1.0,0.0,82.0,82.0,0
2025-04-11 14:34:37,21.19,5.27,2.8,0.7,4.7,0.0,0.0,0.0,0.0,0.0,27.9,33.9,16.2,27.9,-128.7,20.3,0.0,1.0,1.0,1.0,0.0,0.0,1.0,0.0,82.0,82.0,0
2025-04-11 14:34:38,21.2,5.27,2.8,0.7,4.7,0.0,0.0,0.0,0.0,0.0,27.9,33.9,16.2,27.9,-128.7,20.2,0.0,1.0,1.0,1.0,0.0,0.0,1.0,0.0,82.0,82.0,0
2025-04-11 14:34:39,21.2,5.29,2.8,0.7,4.8,0.0,0.0,0.0,0.0,0.0,27.9,33.9,16.2,27.9,-128.7,20.2,0.0,1.0,1.0,1.0,0.0,0.0,1.0,0.0,82.0,82.0,0
2025-04-11 14:34:40,21.19,5.27,2.8,0.7,4.8,0.0,0.0,0.0,0.0,0.0,27.9,33.9,16.2,27.9,-128.7,20.3,0.0,1.0,1.0,1.0,0.0,0.0,1.0,0.0,82.0,82.0,0
2025-04-11 14:34:41,21.19,5.29,2.8,0.7,4.5,0.0,0.0,0.0,0.0,0.0,27.9,33.9,16.2,27.9,-128.7,20.2,0.0,1.0,1.0,1.0,0.0,0.0,1.0,0.0,82.0,82.0,0
2025-04-11 14:34:42,21.2,5.27,2.7,0.7,4.7,0.0,0.0,0.0,0.0,0.0,27.9,33.9,16.2,27.9,-128.7,20.2,0.0,1.0,1.0,1.0,0.0,0.0,1.0,0.0,82.0,82.0,0
2025-04-11 14:34:43,21.2,5.28,2.7,0.7,4.6,0.0,0.0,0.0,0.0,0.0,27.9,33.9,16.2,27.9,-128.7,20.2,0.0,1.0,1.0,1.0,0.0,0.0,1.0,0.0,82.0,82.0,0
2025-04-11 14:34:44,21.2,5.28,2.8,0.7,4.8,0.0,0.0,0.0,0.0,0.0,27.8,33.9,16.2,27.9,-128.7,20.2,0.0,1.0,1.0,1.0,0.0,0.0,1.0,0.0,82.0,82.0,0
2025-04-11 14:34:45,21.2,5.27,2.8,0.7,4.6,0.0,0.0,0.0,0.0,0.0,27.8,33.9,16.2,27.9,-128.7,20.2,0.0,1.0,1.0,1.0,0.0,0.0,1.0,0.0,82.0,82.0,0
2025-04-11 14:34:46,21.19,5.29,2.8,0.7,4.6,0.0,0.0,0.0,0.0,0.0,27.8,33.9,16.2,27.9,-128.7,20.2,0.0,1.0,1.0,1.0,0.0,0.0,1.0,0.0,82.0,82.0,0
2025-04-11 14:34:47,21.19,5.28,2.8,0.7,5.0,0.0,0.0,0.0,0.0,0.0,27.8,33.9,16.2,27.9,-128.7,20.2,0.0,1.0,1.0,1.0,0.0,0.0,1.0,0.0,82.0,82.0,0
2025-04-11 14:34:48,21.18,5.3,2.8,0.7,4.8,0.0,0.0,0.0,0.0,0.0,27.8,33.9,16.2,27.9,-128.7,20.2,0.0,1.0,1.0,1.0,0.0,0.0,1.0,0.0,82.0,82.0,0
2025-04-11 14:34:49,21.19,5.27,2.8,0.7,5.1,0.0,0.0,0.0,0.0,0.0,27.8,33.9,16.2,27.9,-128.7,20.3,0.0,1.0,1.0,1.0,0.0,0.0,1.0,0.0,82.0,82.0,0
2025-04-11 14:34:50,21.19,5.29,2.8,0.7,4.5,0.0,0.0,0.0,0.0,0.0,27.8,33.9,16.2,27.9,-128.7,20.2,0.0,1.0,1.0,1.0,0.0,0.0,1.0,0.0,82.0,82.0,0
2025-04-11 14:34:51,21.22,5.28,2.8,0.7,4.9,0.0,0.0,0.0,0.0,0.0,27.8,33.9,16.2,27.9,-128.7,20.2,0.0,1.0,1.0,1.0,0.0,0.0,1.0,0.0,82.0,82.0,0
2025-04-11 14:34:52,21.19,5.28,2.7,0.7,4.7,0.0,0.0,0.0,0.0,0.0,27.8,33.9,16.2,27.9,-128.7,20.2,0.0,1.0,1.0,1.0,0.0,0.0,1.0,0.0,82.0,82.0,0
2025-04-11 14:34:53,21.22,5.29,2.8,0.7,5.1,0.0,0.0,0.0,0.0,0.0,27.8,33.9,16.2,27.9,-128.7,20.2,0.0,1.0,1.0,1.0,0.0,0.0,1.0,0.0,82.0,82.0,0
2025-04-11 14:34:54,21.2,5.28,2.8,0.7,4.9,0.0,0.0,0.0,0.0,0.0,27.8,33.9,16.2,27.9,-128.7,20.2,0.0,1.0,1.0,1.0,0.0,0.0,1.0,0.0,82.0,82.0,0
2025-04-11 14:34:55,21.19,5.29,2.8,0.7,5.1,0.0,0.0,0.0,0.0,0.0,27.8,33.9,16.2,27.9,-128.7,20.1,0.0,1.0,1.0,1.0,0.0,0.0,1.0,0.0,82.0,82.0,0
2025-04-11 14:34:56,21.2,5.28,2.8,0.7,4.8,0.0,0.0,0.0,0.0,0.0,27.8,33.9,16.2,27.9,-128.7,20.2,0.0,1.0,1.0,1.0,0.0,0.0,1.0,0.0,82.0,82.0,0
2025-04-11 14:34:57,21.19,5.29,2.8,0.7,5.1,0.0,0.0,0.0,0.0,0.0,27.8,33.9,16.2,27.9,-128.7,20.2,0.0,1.0,1.0,1.0,0.0,0.0,1.0,0.0,82.0,82.0,0
2025-04-11 14:34:58,21.18,5.29,2.8,0.7,4.5,0.0,0.0,0.0,0.0,0.0,27.8,33.9,16.2,27.9,-128.7,20.2,0.0,1.0,1.0,1.0,0.0,0.0,1.0,0.0,82.0,82.0,0
2025-04-11 14:34:59,21.22,5.29,2.8,0.7,4.9,0.0,0.0,0.0,0.0,0.0,27.8,33.9,16.2,27.9,-128.7,20.2,0.0,1.0,1.0,1.0,0.0,0.0,1.0,0.0,82.0,82.0,0
2025-04-11 14:35:00,21.2,5.29,2.8,0.7,4.5,0.0,0.0,0.0,0.0,0.0,27.8,33.9,16.2,27.9,-128.7,20.2,0.0,1.0,1.0,1.0,0.0,0.0,1.0,0.0,82.0,82.0,0
2025-04-11 14:35:01,21.2,5.29,2.8,0.7,4.9,0.0,0.0,0.0,0.0,0.0,27.8,33.9,16.2,27.9,-128.7,20.2,0.0,1.0,1.0,1.0,0.0,0.0,1.0,0.0,82.0,82.0,0
2025-04-11 14:35:02,21.2,5.29,2.8,0.7,4.7,0.0,0.0,0.0,0.0,0.0,27.8,33.9,16.2,27.9,-128.7,20.2,0.0,1.0,1.0,1.0,0.0,0.0,1.0,0.0,82.0,82.0,0
2025-04-11 14:35:03,21.2,5.28,2.8,0.7,4.7,0.0,0.0,0.0,0.0,0.0,27.8,33.9,16.2,27.9,-128.7,20.3,0.0,1.0,1.0,1.0,0.0,0.0,1.0,0.0,82.0,82.0,0
2025-04-11 14:35:04,21.2,5.28,2.8,0.7,4.7,0.0,0.0,0.0,0.0,0.0,27.8,33.9,16.2,27.9,-128.7,20.2,0.0,1.0,1.0,1.0,0.0,0.0,1.0,0.0,82.0,82.0,0
2025-04-11 14:35:05,21.2,5.29,2.8,0.7,4.6,0.0,0.0,0.0,0.0,0.0,27.8,33.9,16.2,27.9,-128.7,20.3,0.0,1.0,1.0,1.0,0.0,0.0,1.0,0.0,82.0,82.0,0
2025-04-11 14:35:06,21.2,5.28,2.8,0.7,4.6,0.0,0.0,0.0,0.0,0.0,27.8,33.9,16.2,27.9,-128.7,20.2,0.0,1.0,1.0,1.0,0.0,0.0,1.0,0.0,82.0,82.0,0
2025-04-11 14:35:07,21.2,5.29,2.8,0.7,4.7,0.0,0.0,0.0,0.0,0.0,27.8,33.9,16.2,27.9,-128.7,20.2,0.0,1.0,1.0,1.0,0.0,0.0,1.0,0.0,82.0,82.0,0
2025-04-11 14:35:08,21.22,5.27,2.7,0.7,5.1,0.0,0.0,0.0,0.0,0.0,27.8,33.9,16.1,27.9,-128.7,20.2,0.0,1.0,1.0,1.0,0.0,0.0,1.0,0.0,82.0,82.0,0
2025-04-11 14:35:09,21.2,5.29,2.7,0.7,4.7,0.0,0.0,0.0,0.0,0.0,27.8,33.9,16.1,27.9,-128.7,20.2,0.0,1.0,1.0,1.0,0.0,0.0,1.0,0.0,82.0,82.0,0
2025-04-11 14:35:10,21.2,5.27,2.8,0.7,5.1,0.0,0.0,0.0,0.0,0.0,27.8,33.9,16.1,27.9,-128.7,20.3,0.0,1.0,1.0,1.0,0.0,0.0,1.0,0.0,82.0,82.0,0
2025-04-11 14:35:11,21.19,5.28,2.8,0.7,4.8,0.0,0.0,0.0,0.0,0.0,27.8,33.9,16.2,27.9,-128.7,20.2,0.0,1.0,1.0,1.0,0.0,0.0,1.0,0.0,82.0,82.0,0
2025-04-11 14:35:12,21.2,5.29,2.8,0.7,4.7,0.0,0.0,0.0,0.0,0.0,27.8,33.9,16.2,27.9,-128.7,20.3,0.0,1.0,1.0,1.0,0.0,0.0,1.0,0.0,82.0,82.0,0
2025-04-11 14:35:13,21.2,5.28,2.8,0.7,5.0,0.0,0.0,0.0,0.0,0.0,27.8,33.9,16.2,27.9,-128.7,20.2,0.0,1.0,1.0,1.0,0.0,0.0,1.0,0.0,82.0,82.0,0
2025-04-11 14:35:14,21.19,5.29,2.8,0.7,5.3,0.0,0.0,0.0,0.0,0.0,27.8,33.9,16.2,27.9,-128.7,20.2,0.0,1.0,1.0,1.0,0.0,0.0,1.0,0.0,82.0,82.0,0
2025-04-11 14:35:15,21.19,5.27,2.8,0.7,4.8,0.0,0.0,0.0,0.0,0.0,27.8,33.9,16.2,27.9,-128.7,20.3,0.0,1.0,1.0,1.0,0.0,0.0,1.0,0.0,82.0,82.0,0
2025-04-11 14:35:16,21.22,5.3,2.8,0.7,5.3,0.0,0.0,0.0,0.0,0.0,27.8,33.9,16.2,27.9,-128.7,20.1,0.0,1.0,1.0,1.0,0.0,0.0,1.0,0.0,82.0,82.0,0
2025-04-11 14:35:17,21.2,5.28,2.8,0.7,4.7,0.0,0.0,0.0,0.0,0.0,27.8,33.9,16.2,27.9,-128.7,20.2,0.0,1.0,1.0,1.0,0.0,0.0,1.0,0.0,82.0,82.0,0
2025-04-11 14:35:18,21.2,5.28,2.8,0.7,5.0,0.0,0.0,0.0,0.0,0.0,27.8,33.9,16.2,27.9,-128.7,20.1,0.0,1.0,1.0,1.0,0.0,0.0,1.0,0.0,82.0,82.0,0
2025-04-11 14:35:19,21.2,5.3,2.8,0.7,4.7,0.0,0.0,0.0,0.0,0.0,27.8,33.9,16.2,27.9,-128.7,20.2,0.0,1.0,1.0,1.0,0.0,0.0,1.0,0.0,82.0,82.0,0
2025-04-11 14:35:20,21.2,5.28,2.8,0.7,4.8,0.0,0.0,0.0,0.0,0.0,27.8,33.9,16.2,27.9,-128.7,20.2,0.0,1.0,1.0,1.0,0.0,0.0,1.0,0.0,82.0,82.0,0
2025-04-11 14:35:21,21.2,5.3,2.8,0.7,4.9,0.0,0.0,0.0,0.0,0.0,27.8,33.9,16.2,27.9,-128.7,20.2,0.0,1.0,1.0,1.0,0.0,0.0,1.0,0.0,82.0,82.0,0
2025-04-11 14:35:22,21.2,5.28,2.8,0.7,4.7,0.0,0.0,0.0,0.0,0.0,27.8,33.9,16.2,27.9,-128.7,20.3,0.0,1.0,1.0,1.0,0.0,0.0,1.0,0.0,82.0,82.0,0
2025-04-11 14:35:23,21.19,5.3,2.8,0.7,5.1,0.0,0.0,0.0,0.0,0.0,27.8,33.9,16.2,27.9,-128.7,20.1,0.0,1.0,1.0,1.0,0.0,0.0,1.0,0.0,82.0,82.0,0
2025-04-11 14:35:24,21.2,5.29,2.8,0.7,5.1,0.0,0.0,0.0,0.0,0.0,27.8,33.9,16.2,27.9,-128.7,20.2,0.0,1.0,1.0,1.0,0.0,0.0,1.0,0.0,82.0,82.0,0
2025-04-11 14:35:25,21.22,5.3,2.8,0.7,5.2,0.0,0.0,0.0,0.0,0.0,27.8,33.9,16.2,27.9,-128.7,20.1,0.0,1.0,1.0,1.0,0.0,0.0,1.0,0.0,82.0,82.0,0
2025-04-11 14:35:26,21.18,5.3,2.8,0.7,5.0,0.0,0.0,0.0,0.0,0.0,27.8,33.9,16.2,27.9,-128.7,20.2,0.0,1.0,1.0,1.0,0.0,0.0,1.0,0.0,82.0,82.0,0
2025-04-11 14:35:27,21.2,5.28,2.8,0.7,5.2,0.0,0.0,0.0,0.0,0.0,27.8,33.9,16.2,27.9,-128.7,20.2,0.0,1.0,1.0,1.0,0.0,0.0,1.0,0.0,82.0,82.0,0
2025-04-11 14:35:28,21.19,5.29,2.8,0.7,4.7,0.0,0.0,0.0,0.0,0.0,27.8,33.9,16.2,27.9,-128.7,20.1,0.0,1.0,1.0,1.0,0.0,0.0,1.0,0.0,82.0,82.0,0
2025-04-11 14:35:29,21.19,5.29,2.8,0.7,4.8,0.0,0.0,0.0,0.0,0.0,27.8,33.9,16.2,27.9,-128.7,20.2,0.0,1.0,1.0,1.0,0.0,0.0,1.0,0.0,82.0,82.0,0
2025-04-11 14:35:30,21.19,5.29,2.8,0.7,4.6,0.0,0.0,0.0,0.0,0.0,27.8,33.9,16.2,27.9,-128.7,20.2,0.0,1.0,1.0,1.0,0.0,0.0,1.0,0.0,82.0,82.0,0
2025-04-11 14:35:31,21.19,5.29,2.8,0.7,4.6,0.0,0.0,0.0,0.0,0.0,27.8,33.9,16.2,27.9,-128.7,20.2,0.0,1.0,1.0,1.0,0.0,0.0,1.0,0.0,82.0,82.0,0
2025-04-11 14:35:32,21.19,5.28,2.8,0.7,4.6,0.0,0.0,0.0,0.0,0.0,27.8,33.9,16.2,27.9,-128.7,20.2,0.0,1.0,1.0,1.0,0.0,0.0,1.0,0.0,82.0,82.0,0
2025-04-11 14:35:33,21.2,5.3,2.8,0.7,5.0,0.0,0.0,0.0,0.0,0.0,27.8,33.9,16.2,27.9,-128.7,20.2,0.0,1.0,1.0,1.0,0.0,0.0,1.0,0.0,82.0,82.0,0
2025-04-11 14:35:34,21.2,5.28,2.8,0.7,4.7,0.0,0.0,0.0,0.0,0.0,27.8,33.9,16.2,27.9,-128.7,20.2,0.0,1.0,1.0,1.0,0.0,0.0,1.0,0.0,82.0,82.0,0
2025-04-11 14:35:35,21.2,5.3,2.7,0.7,5.0,0.0,0.0,0.0,0.0,0.0,27.8,33.9,16.2,27.9,-128.7,20.1,0.0,1.0,1.0,1.0,0.0,0.0,1.0,0.0,82.0,82.0,0
2025-04-11 14:35:36,21.19,5.28,2.8,0.7,5.0,0.0,0.0,0.0,0.0,0.0,27.8,33.9,16.2,27.9,-128.7,20.2,0.0,1.0,1.0,1.0,0.0,0.0,1.0,0.0,82.0,82.0,0
2025-04-11 14:35:37,21.2,5.29,2.8,0.7,5.1,0.0,0.0,0.0,0.0,0.0,27.8,33.9,16.2,27.9,-128.7,20.1,0.0,1.0,1.0,1.0,0.0,0.0,1.0,0.0,82.0,82.0,0
2025-04-11 14:35:38,21.2,5.29,2.7,0.7,5.0,0.0,0.0,0.0,0.0,0.0,27.8,33.9,16.2,27.9,-128.7,20.2,0.0,1.0,1.0,1.0,0.0,0.0,1.0,0.0,82.0,82.0,0
2025-04-11 14:35:39,21.22,5.29,2.8,0.7,4.8,0.0,0.0,0.0,0.0,0.0,27.8,33.9,16.2,27.9,-128.7,20.2,0.0,1.0,1.0,1.0,0.0,0.0,1.0,0.0,82.0,82.0,0
2025-04-11 14:35:40,21.2,5.3,2.8,0.7,5.0,0.0,0.0,0.0,0.0,0.0,27.8,33.9,16.2,27.9,-128.7,20.2,0.0,1.0,1.0,1.0,0.0,0.0,1.0,0.0,82.0,82.0,0
2025-04-11 14:35:41,21.23,5.29,2.8,0.7,4.6,0.0,0.0,0.0,0.0,0.0,27.8,33.9,16.2,27.9,-128.7,20.2,0.0,1.0,1.0,1.0,0.0,0.0,1.0,0.0,82.0,82.0,0
2025-04-11 14:35:42,21.23,5.3,2.8,0.7,4.8,0.0,0.0,0.0,0.0,0.0,27.8,33.9,16.2,27.9,-128.7,20.1,0.0,1.0,1.0,1.0,0.0,0.0,1.0,0.0,82.0,82.0,0
2025-04-11 14:35:43,21.2,5.29,2.8,0.7,4.6,0.0,0.0,0.0,0.0,0.0,27.8,33.9,16.2,27.9,-128.7,20.2,0.0,1.0,1.0,1.0,0.0,0.0,1.0,0.0,82.0,82.0,0
2025-04-11 14:35:44,21.22,5.3,2.8,0.7,5.0,0.0,0.0,0.0,0.0,0.0,27.8,33.9,16.2,27.9,-128.7,20.1,0.0,1.0,1.0,1.0,0.0,0.0,1.0,0.0,82.0,82.0,0
2025-04-11 14:35:45,21.19,5.29,2.8,0.7,5.0,0.0,0.0,0.0,0.0,0.0,27.8,33.9,16.2,27.9,-128.7,20.2,0.0,1.0,1.0,1.0,0.0,0.0,1.0,0.0,82.0,82.0,0
2025-04-11 14:35:46,21.2,5.3,2.8,0.7,5.2,0.0,0.0,0.0,0.0,0.0,27.8,33.9,16.2,27.9,-128.7,20.1,0.0,1.0,1.0,1.0,0.0,0.0,1.0,0.0,82.0,82.0,0
2025-04-11 14:35:47,21.22,5.3,2.8,0.7,4.7,0.0,0.0,0.0,0.0,0.0,27.8,33.9,16.2,27.9,-128.7,20.1,0.0,1.0,1.0,1.0,0.0,0.0,1.0,0.0,82.0,82.0,0
2025-04-11 14:35:48,21.24,5.28,2.8,0.7,4.9,0.0,0.0,0.0,0.0,0.0,27.8,33.9,16.2,27.9,-128.7,20.2,0.0,1.0,1.0,1.0,0.0,0.0,1.0,0.0,82.0,82.0,0
2025-04-11 14:35:49,21.22,5.3,2.7,0.7,5.1,0.0,0.0,0.0,0.0,0.0,27.8,33.9,16.2,27.9,-128.7,20.1,0.0,1.0,1.0,1.0,0.0,0.0,1.0,0.0,82.0,82.0,0
2025-04-11 14:35:50,21.23,5.28,2.8,0.7,4.6,0.0,0.0,0.0,0.0,0.0,27.8,33.9,16.2,27.9,-128.7,20.2,0.0,1.0,1.0,1.0,0.0,0.0,1.0,0.0,82.0,82.0,0
2025-04-11 14:35:51,21.22,5.29,2.8,0.7,4.6,0.0,0.0,0.0,0.0,0.0,27.8,33.9,16.2,27.9,-128.7,20.1,0.0,1.0,1.0,1.0,0.0,0.0,1.0,0.0,82.0,82.0,0
2025-04-11 14:35:52,21.2,5.29,2.8,0.7,4.4,0.0,0.0,0.0,0.0,0.0,27.8,33.9,16.2,27.9,-128.7,20.2,0.0,1.0,1.0,1.0,0.0,0.0,1.0,0.0,82.0,82.0,0
2025-04-11 14:35:53,21.22,5.29,2.8,0.7,4.6,0.0,0.0,0.0,0.0,0.0,27.8,33.9,16.2,27.9,-128.7,20.2,0.0,1.0,1.0,1.0,0.0,0.0,1.0,0.0,82.0,82.0,0
2025-04-11 14:35:54,21.22,5.3,2.8,0.7,5.0,0.0,0.0,0.0,0.0,0.0,27.8,33.9,16.2,27.9,-128.7,20.2,0.0,1.0,1.0,1.0,0.0,0.0,1.0,0.0,82.0,82.0,0
2025-04-11 14:35:55,21.22,5.28,2.7,0.7,5.1,0.0,0.0,0.0,0.0,0.0,27.8,33.9,16.2,27.9,-128.7,20.2,0.0,1.0,1.0,1.0,0.0,0.0,1.0,0.0,82.0,82.0,0
2025-04-11 14:35:56,21.23,5.3,2.8,0.7,4.9,0.0,0.0,0.0,0.0,0.0,27.8,33.9,16.3,27.9,-128.7,20.1,0.0,1.0,1.0,1.0,0.0,0.0,1.0,0.0,82.0,82.0,0
2025-04-11 14:35:57,21.2,5.29,2.8,0.7,4.8,0.0,0.0,0.0,0.0,0.0,27.8,33.9,16.3,27.9,-128.7,20.2,0.0,1.0,1.0,1.0,0.0,0.0,1.0,0.0,82.0,82.0,0
2025-04-11 14:35:58,21.22,5.3,2.8,0.7,4.6,0.0,0.0,0.0,0.0,0.0,27.8,33.9,16.3,27.9,-128.7,20.1,0.0,1.0,1.0,1.0,0.0,0.0,1.0,0.0,82.0,82.0,0
2025-04-11 14:35:59,21.22,5.29,2.7,0.7,4.8,0.0,0.0,0.0,0.0,0.0,27.8,33.9,16.3,27.9,-128.7,20.2,0.0,1.0,1.0,1.0,0.0,0.0,1.0,0.0,82.0,82.0,0
2025-04-11 14:36:00,21.22,5.28,2.8,0.7,5.1,0.0,0.0,0.0,0.0,0.0,27.8,33.9,16.3,27.9,-128.7,20.1,0.0,1.0,1.0,1.0,0.0,0.0,1.0,0.0,82.0,82.0,0
2025-04-11 14:36:01,21.2,5.3,2.8,0.7,5.0,0.0,0.0,0.0,0.0,0.0,27.8,33.9,16.3,27.9,-128.7,20.2,0.0,1.0,1.0,1.0,0.0,0.0,1.0,0.0,82.0,82.0,0
2025-04-11 14:36:02,21.19,5.28,2.7,0.7,4.8,0.0,0.0,0.0,0.0,0.0,27.8,33.9,16.3,27.9,-128.7,20.2,0.0,1.0,1.0,1.0,0.0,0.0,1.0,0.0,82.0,82.0,0
2025-04-11 14:36:03,21.2,5.3,2.8,0.7,5.2,0.0,0.0,0.0,0.0,0.0,27.8,33.9,16.3,27.9,-128.7,20.1,0.0,1.0,1.0,1.0,0.0,0.0,1.0,0.0,82.0,82.0,0
2025-04-11 14:36:04,21.22,5.29,2.8,0.7,5.1,0.0,0.0,0.0,0.0,0.0,27.8,33.9,16.3,27.9,-128.7,20.2,0.0,1.0,1.0,1.0,0.0,0.0,1.0,0.0,82.0,82.0,0
2025-04-11 14:36:05,21.23,5.3,2.8,0.7,5.2,0.0,0.0,0.0,0.0,0.0,27.8,33.9,16.3,27.9,-128.7,20.1,0.0,1.0,1.0,1.0,0.0,0.0,1.0,0.0,82.0,82.0,0
2025-04-11 14:36:06,21.2,5.3,2.7,0.7,5.3,0.0,0.0,0.0,0.0,0.0,27.8,33.9,16.3,27.9,-128.7,20.2,0.0,1.0,1.0,1.0,0.0,0.0,1.0,0.0,82.0,82.0,0
2025-04-11 14:36:07,21.22,5.28,2.8,0.7,4.9,0.0,0.0,0.0,0.0,0.0,27.8,33.9,16.3,27.9,-128.7,20.2,0.0,1.0,1.0,1.0,0.0,0.0,1.0,0.0,82.0,82.0,0
2025-04-11 14:36:08,21.22,5.3,2.8,0.7,4.5,0.0,0.0,0.0,0.0,0.0,27.8,33.9,16.3,27.9,-128.7,20.2,0.0,1.0,1.0,1.0,0.0,0.0,1.0,0.0,82.0,82.0,0
2025-04-11 14:36:09,21.22,5.29,2.8,0.7,4.7,0.0,0.0,0.0,0.0,0.0,27.8,33.9,16.3,27.9,-128.7,20.2,0.0,1.0,1.0,1.0,0.0,0.0,1.0,0.0,82.0,82.0,0
2025-04-11 14:36:10,21.22,5.3,2.8,0.7,4.7,0.0,0.0,0.0,0.0,0.0,27.8,33.9,16.3,27.9,-128.7,20.1,0.0,1.0,1.0,1.0,0.0,0.0,1.0,0.0,82.0,82.0,0
2025-04-11 14:36:11,21.2,5.29,2.8,0.7,4.6,0.0,0.0,0.0,0.0,0.0,27.8,33.9,16.4,27.9,-128.7,20.2,0.0,1.0,1.0,1.0,0.0,0.0,1.0,0.0,82.0,82.0,0
2025-04-11 14:36:12,21.22,5.3,2.8,0.7,5.2,0.0,0.0,0.0,0.0,0.0,27.8,33.9,16.4,27.9,-128.7,20.2,0.0,1.0,1.0,1.0,0.0,0.0,1.0,0.0,82.0,82.0,0
2025-04-11 14:36:13,21.22,5.3,2.8,0.7,4.5,0.0,0.0,0.0,0.0,0.0,27.8,33.9,16.4,27.9,-128.7,20.2,0.0,1.0,1.0,1.0,0.0,0.0,1.0,0.0,82.0,82.0,0
2025-04-11 14:36:14,21.2,5.29,2.8,0.7,5.3,0.0,0.0,0.0,0.0,0.0,27.8,33.9,16.4,27.9,-128.7,20.2,0.0,1.0,1.0,1.0,0.0,0.0,1.0,0.0,82.0,82.0,0
2025-04-11 14:36:15,21.2,5.3,2.8,0.7,4.9,0.0,0.0,0.0,0.0,0.0,27.8,33.9,16.4,27.9,-128.7,20.1,0.0,1.0,1.0,1.0,0.0,0.0,1.0,0.0,82.0,82.0,0
2025-04-11 14:36:16,21.22,5.28,2.8,0.7,5.0,0.0,0.0,0.0,0.0,0.0,27.8,33.9,16.4,27.9,-128.7,20.2,0.0,1.0,1.0,1.0,0.0,0.0,1.0,0.0,82.0,82.0,0
2025-04-11 14:36:17,21.19,5.29,2.8,0.7,4.7,0.0,0.0,0.0,0.0,0.0,27.8,33.9,16.4,27.9,-128.7,20.1,0.0,1.0,1.0,1.0,0.0,0.0,1.0,0.0,82.0,82.0,0
2025-04-11 14:36:18,21.2,5.29,2.8,0.7,5.1,0.0,0.0,0.0,0.0,0.0,27.8,33.9,16.4,27.9,-128.7,20.2,0.0,1.0,1.0,1.0,0.0,0.0,1.0,0.0,82.0,82.0,0
2025-04-11 14:36:19,21.2,5.29,2.8,0.7,4.6,0.0,0.0,0.0,0.0,0.0,27.8,33.9,16.4,27.9,-128.7,20.1,0.0,1.0,1.0,1.0,0.0,0.0,1.0,0.0,82.0,82.0,0
2025-04-11 14:36:20,21.19,5.3,2.8,0.7,5.0,0.0,0.0,0.0,0.0,0.0,27.8,33.9,16.4,27.9,-128.7,20.1,0.0,1.0,1.0,1.0,0.0,0.0,1.0,0.0,82.0,82.0,0
2025-04-11 14:36:21,21.2,5.28,2.8,0.7,4.7,0.0,0.0,0.0,0.0,0.0,27.8,33.9,16.4,27.9,-128.7,20.2,0.0,1.0,1.0,1.0,0.0,0.0,1.0,0.0,82.0,82.0,0
2025-04-11 14:36:22,21.2,5.29,2.8,0.7,4.8,0.0,0.0,0.0,0.0,0.0,27.8,33.9,16.4,27.9,-128.7,20.1,0.0,1.0,1.0,1.0,0.0,0.0,1.0,0.0,82.0,82.0,0
2025-04-11 14:36:23,21.19,5.29,2.8,0.7,4.7,0.0,0.0,0.0,0.0,0.0,27.8,33.9,16.4,27.9,-128.7,20.2,0.0,1.0,1.0,1.0,0.0,0.0,1.0,0.0,82.0,82.0,0
2025-04-11 14:36:24,21.19,5.29,2.7,0.7,4.7,0.0,0.0,0.0,0.0,0.0,27.8,33.9,16.4,27.9,-128.7,20.1,0.0,1.0,1.0,1.0,0.0,0.0,1.0,0.0,82.0,82.0,0
2025-04-11 14:36:25,21.19,5.29,2.7,0.7,4.5,0.0,0.0,0.0,0.0,0.0,27.8,33.9,16.4,27.9,-128.7,20.2,0.0,1.0,1.0,1.0,0.0,0.0,1.0,0.0,82.0,82.0,0
2025-04-11 14:36:26,21.19,5.29,2.7,0.7,4.7,0.0,0.0,0.0,0.0,0.0,27.8,33.9,16.4,27.9,-128.7,20.1,0.0,1.0,1.0,1.0,0.0,0.0,1.0,0.0,82.0,82.0,0
2025-04-11 14:36:27,21.18,5.3,2.8,0.7,4.5,0.0,0.0,0.0,0.0,0.0,27.8,33.9,16.4,27.9,-128.7,20.1,0.0,1.0,1.0,1.0,0.0,0.0,1.0,0.0,82.0,82.0,0
2025-04-11 14:36:28,21.17,5.28,2.8,0.7,4.8,0.0,0.0,0.0,0.0,0.0,27.8,33.9,16.4,27.9,-128.7,20.2,0.0,1.0,1.0,1.0,0.0,0.0,1.0,0.0,82.0,82.0,0
2025-04-11 14:36:29,21.19,5.29,2.8,0.7,4.6,0.0,0.0,0.0,0.0,0.0,27.8,33.9,16.4,27.9,-128.7,20.1,0.0,1.0,1.0,1.0,0.0,0.0,1.0,0.0,82.0,82.0,0
2025-04-11 14:36:30,21.2,5.29,2.8,0.7,4.9,0.0,0.0,0.0,0.0,0.0,27.8,33.9,16.4,27.9,-128.7,20.2,0.0,1.0,1.0,1.0,0.0,0.0,1.0,0.0,82.0,82.0,0
2025-04-11 14:36:31,21.2,5.29,2.8,0.7,5.2,0.0,0.0,0.0,0.0,0.0,27.8,33.9,16.4,27.9,-128.7,20.2,0.0,1.0,1.0,1.0,0.0,0.0,1.0,0.0,82.0,82.0,0
2025-04-11 14:36:32,21.2,5.3,2.8,0.7,4.9,0.0,0.0,0.0,0.0,0.0,27.8,33.9,16.5,27.9,-128.7,20.2,0.0,1.0,1.0,1.0,0.0,0.0,1.0,0.0,82.0,82.0,0
2025-04-11 14:36:33,21.2,5.28,2.8,0.7,5.3,0.0,0.0,0.0,0.0,0.0,27.8,33.9,16.5,27.9,-128.7,20.2,0.0,1.0,1.0,1.0,0.0,0.0,1.0,0.0,82.0,82.0,0
2025-04-11 14:36:34,21.18,5.29,2.8,0.7,5.2,0.0,0.0,0.0,0.0,0.0,27.8,33.9,16.5,27.9,-128.7,20.2,0.0,1.0,1.0,1.0,0.0,0.0,1.0,0.0,82.0,82.0,0
2025-04-11 14:36:35,21.17,5.28,2.7,0.7,5.1,0.0,0.0,0.0,0.0,0.0,27.8,33.9,16.5,27.9,-128.7,20.2,0.0,1.0,1.0,1.0,0.0,0.0,1.0,0.0,82.0,82.0,0
2025-04-11 14:36:36,21.17,5.29,2.8,0.7,5.4,0.0,0.0,0.0,0.0,0.0,27.8,33.9,16.5,27.9,-128.7,20.1,0.0,1.0,1.0,1.0,0.0,0.0,1.0,0.0,82.0,82.0,0
2025-04-11 14:36:37,21.18,5.28,2.8,0.7,4.9,0.0,0.0,0.0,0.0,0.0,27.8,33.9,16.5,27.9,-128.7,20.2,0.0,1.0,1.0,1.0,0.0,0.0,1.0,0.0,82.0,82.0,0
2025-04-11 14:36:38,21.18,5.28,2.8,0.7,4.7,0.0,0.0,0.0,0.0,0.0,27.8,33.9,16.5,27.9,-128.7,20.2,0.0,1.0,1.0,1.0,0.0,0.0,1.0,0.0,82.0,82.0,0
2025-04-11 14:36:39,21.19,5.3,2.7,0.7,4.7,0.0,0.0,0.0,0.0,0.0,27.8,33.9,16.5,27.9,-128.7,20.2,0.0,1.0,1.0,1.0,0.0,0.0,1.0,0.0,82.0,82.0,0
2025-04-11 14:36:40,21.18,5.27,2.8,0.7,4.6,0.0,0.0,0.0,0.0,0.0,27.8,33.9,16.5,27.9,-128.7,20.2,0.0,1.0,1.0,1.0,0.0,0.0,1.0,0.0,82.0,82.0,0
2025-04-11 14:36:41,21.18,5.29,2.8,0.7,5.1,0.0,0.0,0.0,0.0,0.0,27.8,33.9,16.5,27.9,-128.7,20.2,0.0,1.0,1.0,1.0,0.0,0.0,1.0,0.0,82.0,82.0,0
2025-04-11 14:36:42,21.17,5.28,2.8,0.7,4.7,0.0,0.0,0.0,0.0,0.0,27.8,33.9,16.5,27.9,-128.7,20.2,0.0,1.0,1.0,1.0,0.0,0.0,1.0,0.0,82.0,82.0,0
2025-04-11 14:36:43,21.18,5.29,2.8,0.7,4.7,0.0,0.0,0.0,0.0,0.0,27.8,33.9,16.5,27.9,-128.7,20.2,0.0,1.0,1.0,1.0,0.0,0.0,1.0,0.0,82.0,82.0,0
2025-04-11 14:36:44,21.18,5.29,2.8,0.7,4.5,0.0,0.0,0.0,0.0,0.0,27.8,33.9,16.5,27.9,-128.7,20.2,0.0,1.0,1.0,1.0,0.0,0.0,1.0,0.0,82.0,82.0,0
2025-04-11 14:36:45,21.18,5.29,2.8,0.7,4.9,0.0,0.0,0.0,0.0,0.0,27.8,33.9,16.6,27.9,-128.7,20.2,0.0,1.0,1.0,1.0,0.0,0.0,1.0,0.0,82.0,82.0,0
2025-04-11 14:36:46,21.18,5.3,2.8,0.7,4.5,0.0,0.0,0.0,0.0,0.0,27.8,33.9,16.6,27.9,-128.7,20.2,0.0,1.0,1.0,1.0,0.0,0.0,1.0,0.0,82.0,82.0,0
2025-04-11 14:36:47,21.2,5.28,2.8,0.7,5.1,0.0,0.0,0.0,0.0,0.0,27.8,33.9,16.6,27.9,-128.7,20.2,0.0,1.0,1.0,1.0,0.0,0.0,1.0,0.0,82.0,82.0,0
2025-04-11 14:36:48,21.18,5.29,2.8,0.7,4.7,0.0,0.0,0.0,0.0,0.0,27.8,33.9,16.6,27.9,-128.7,20.2,0.0,1.0,1.0,1.0,0.0,0.0,1.0,0.0,82.0,82.0,0
2025-04-11 14:36:49,21.18,5.28,2.7,0.7,5.1,0.0,0.0,0.0,0.0,0.0,27.8,33.9,16.6,27.9,-128.7,20.2,0.0,1.0,1.0,1.0,0.0,0.0,1.0,0.0,82.0,82.0,0
2025-04-11 14:36:50,21.17,5.29,2.8,0.7,5.1,0.0,0.0,0.0,0.0,0.0,27.8,33.9,16.6,27.9,-128.7,20.1,0.0,1.0,1.0,1.0,0.0,0.0,1.0,0.0,82.0,82.0,0
2025-04-11 14:36:51,21.17,5.28,2.7,0.7,5.2,0.0,0.0,0.0,0.0,0.0,27.8,33.9,16.6,27.9,-128.7,20.2,0.0,1.0,1.0,1.0,0.0,0.0,1.0,0.0,82.0,82.0,0
2025-04-11 14:36:52,21.18,5.28,2.7,0.7,5.1,0.0,0.0,0.0,0.0,0.0,27.8,33.9,16.6,27.9,-128.7,20.2,0.0,1.0,1.0,1.0,0.0,0.0,1.0,0.0,82.0,82.0,0
2025-04-11 14:36:53,21.17,5.29,2.8,0.7,4.9,0.0,0.0,0.0,0.0,0.0,27.8,33.9,16.6,27.9,-128.7,20.2,0.0,1.0,1.0,1.0,0.0,0.0,1.0,0.0,82.0,82.0,0
2025-04-11 14:36:54,21.18,5.28,2.8,0.7,5.3,0.0,0.0,0.0,0.0,0.0,27.8,33.8,16.7,28.0,-128.7,20.3,0.0,1.0,1.0,1.0,0.0,0.0,1.0,0.0,82.0,82.0,0
2025-04-11 14:36:55,21.18,5.29,2.8,0.7,4.9,0.0,0.0,0.0,0.0,0.0,27.8,33.8,16.7,28.0,-128.7,20.3,0.0,1.0,1.0,1.0,0.0,0.0,1.0,0.0,82.0,82.0,0
2025-04-11 14:36:56,21.19,5.29,2.8,0.7,5.3,0.0,0.0,0.0,0.0,0.0,27.8,33.8,16.7,28.0,-128.7,20.3,0.0,1.0,1.0,1.0,0.0,0.0,1.0,0.0,82.0,82.0,0
2025-04-11 14:36:57,21.18,5.28,2.8,0.7,4.9,0.0,0.0,0.0,0.0,0.0,27.8,33.8,16.7,28.0,-128.7,20.2,0.0,1.0,1.0,1.0,0.0,0.0,1.0,0.0,82.0,82.0,0
2025-04-11 14:36:58,21.18,5.29,2.8,0.7,5.1,0.0,0.0,0.0,0.0,0.0,27.8,33.8,16.7,28.0,-128.7,20.3,0.0,1.0,1.0,1.0,0.0,0.0,1.0,0.0,82.0,82.0,0
2025-04-11 14:36:59,21.18,5.28,2.8,0.7,4.9,0.0,0.0,0.0,0.0,0.0,27.8,33.8,16.7,28.0,-128.7,20.3,0.0,1.0,1.0,1.0,0.0,0.0,1.0,0.0,82.0,82.0,0
2025-04-11 14:37:00,21.18,5.3,2.8,0.7,5.1,0.0,0.0,0.0,0.0,0.0,27.8,33.8,16.7,28.0,-128.7,20.2,0.0,1.0,1.0,1.0,0.0,0.0,1.0,0.0,82.0,82.0,0
2025-04-11 14:37:01,21.18,5.28,2.8,0.7,5.0,0.0,0.0,0.0,0.0,0.0,27.8,33.8,16.7,28.0,-128.7,20.3,0.0,1.0,1.0,1.0,0.0,0.0,1.0,0.0,82.0,82.0,0
2025-04-11 14:37:02,21.17,5.29,2.8,0.7,5.2,0.0,0.0,0.0,0.0,0.0,27.8,33.8,16.7,28.0,-128.7,20.2,0.0,1.0,1.0,1.0,0.0,0.0,1.0,0.0,82.0,82.0,0
2025-04-11 14:37:03,21.18,5.3,2.8,0.7,5.1,0.0,0.0,0.0,0.0,0.0,27.8,33.8,16.8,28.0,-128.7,20.3,0.0,1.0,1.0,1.0,0.0,0.0,1.0,0.0,82.0,82.0,0
2025-04-11 14:37:04,21.2,5.3,2.8,0.7,4.6,0.0,0.0,0.0,0.0,0.0,27.8,33.8,16.8,28.0,-128.7,20.2,0.0,1.0,1.0,1.0,0.0,0.0,1.0,0.0,82.0,82.0,0
2025-04-11 14:37:05,21.19,5.3,2.8,0.7,4.6,0.0,0.0,0.0,0.0,0.0,27.8,33.8,16.8,28.0,-128.7,20.3,0.0,1.0,1.0,1.0,0.0,0.0,1.0,0.0,82.0,82.0,0
2025-04-11 14:37:06,21.18,5.28,2.8,0.7,4.5,0.0,0.0,0.0,0.0,0.0,27.8,33.8,16.8,28.0,-128.7,20.3,0.0,1.0,1.0,1.0,0.0,0.0,1.0,0.0,82.0,82.0,0
2025-04-11 14:37:07,21.18,5.3,2.8,0.7,4.5,0.0,0.0,0.0,0.0,0.0,27.8,33.8,16.8,28.0,-128.7,20.2,0.0,1.0,1.0,1.0,0.0,0.0,1.0,0.0,82.0,82.0,0
2025-04-11 14:37:08,21.17,5.3,2.8,0.7,4.7,0.0,0.0,0.0,0.0,0.0,27.8,33.8,16.8,28.0,-128.7,20.2,0.0,1.0,1.0,1.0,0.0,0.0,1.0,0.0,82.0,82.0,0
2025-04-11 14:37:09,21.18,5.3,2.8,0.7,4.6,0.0,0.0,0.0,0.0,0.0,27.8,33.8,16.8,28.0,-128.7,20.2,0.0,1.0,1.0,1.0,0.0,0.0,1.0,0.0,82.0,82.0,0
2025-04-11 14:37:10,21.18,5.3,2.8,0.7,4.9,0.0,0.0,0.0,0.0,0.0,27.8,33.8,16.8,28.0,-128.7,20.2,0.0,1.0,1.0,1.0,0.0,0.0,1.0,0.0,82.0,82.0,0
2025-04-11 14:37:11,21.16,5.29,2.8,0.7,4.8,0.0,0.0,0.0,0.0,0.0,27.8,33.8,16.8,28.0,-128.7,20.3,0.0,1.0,1.0,1.0,0.0,0.0,1.0,0.0,82.0,82.0,0
2025-04-11 14:37:12,21.17,5.3,2.8,0.7,5.2,0.0,0.0,0.0,0.0,0.0,27.8,33.8,16.8,28.0,-128.7,20.2,0.0,1.0,1.0,1.0,0.0,0.0,1.0,0.0,82.0,82.0,0
2025-04-11 14:37:13,21.18,5.3,2.8,0.7,4.8,0.0,0.0,0.0,0.0,0.0,27.8,33.8,16.8,28.0,-128.7,20.3,0.0,1.0,1.0,1.0,0.0,0.0,1.0,0.0,82.0,82.0,0
2025-04-11 14:37:14,21.19,5.3,2.8,0.7,5.2,0.0,0.0,0.0,0.0,0.0,27.8,33.9,16.8,28.0,-128.7,20.2,0.0,1.0,1.0,1.0,0.0,0.0,1.0,0.0,82.0,82.0,0
2025-04-11 14:37:15,21.18,5.3,2.8,0.7,5.0,0.0,0.0,0.0,0.0,0.0,27.8,33.9,16.9,28.0,-128.7,20.2,0.0,1.0,1.0,1.0,0.0,0.0,1.0,0.0,82.0,82.0,0
2025-04-11 14:37:16,21.18,5.29,2.8,0.7,4.7,0.0,0.0,0.0,0.0,0.0,27.8,33.9,16.9,28.0,-128.7,20.2,0.0,1.0,1.0,1.0,0.0,0.0,1.0,0.0,82.0,82.0,0
2025-04-11 14:37:17,21.18,5.309999,2.7,0.7,4.9,0.0,0.0,0.0,0.0,0.0,27.8,33.9,16.9,28.0,-128.7,20.2,0.0,1.0,1.0,1.0,0.0,0.0,1.0,0.0,82.0,82.0,0
2025-04-11 14:37:18,21.18,5.3,2.8,0.7,4.6,0.0,0.0,0.0,0.0,0.0,27.8,33.9,16.9,28.0,-128.7,20.2,0.0,1.0,1.0,1.0,0.0,0.0,1.0,0.0,82.0,82.0,0
2025-04-11 14:37:19,21.18,5.29,2.8,0.7,4.7,0.0,0.0,0.0,0.0,0.0,27.8,33.9,16.9,28.0,-128.7,20.2,0.0,1.0,1.0,1.0,0.0,0.0,1.0,0.0,82.0,82.0,0
2025-04-11 14:37:20,21.19,5.3,2.8,0.7,5.0,0.0,0.0,0.0,0.0,0.0,27.8,33.9,17.0,28.0,-128.7,20.2,0.0,1.0,1.0,1.0,0.0,0.0,1.0,0.0,82.0,82.0,0
2025-04-11 14:37:21,21.18,5.3,2.8,0.7,4.5,0.0,0.0,0.0,0.0,0.0,27.8,33.9,17.0,28.0,-128.7,20.2,0.0,1.0,1.0,1.0,0.0,0.0,1.0,0.0,82.0,82.0,0
2025-04-11 14:37:22,21.19,5.309999,2.8,0.7,5.1,0.0,0.0,0.0,0.0,0.0,27.8,33.9,17.0,28.0,-128.7,20.2,0.0,1.0,1.0,1.0,0.0,0.0,1.0,0.0,82.0,82.0,0
2025-04-11 14:37:23,21.2,5.3,2.8,0.7,5.0,0.0,0.0,0.0,0.0,0.0,27.8,33.8,17.0,28.0,-128.7,20.2,0.0,1.0,1.0,1.0,0.0,0.0,1.0,0.0,82.0,82.0,0
2025-04-11 14:37:24,21.19,5.3,2.8,0.7,4.9,0.0,0.0,0.0,0.0,0.0,27.8,33.8,17.0,28.0,-128.7,20.2,0.0,1.0,1.0,1.0,0.0,0.0,1.0,0.0,82.0,82.0,0
2025-04-11 14:37:25,21.19,5.3,2.8,0.7,4.7,0.0,0.0,0.0,0.0,0.0,27.8,33.8,17.0,28.0,-128.7,20.2,0.0,1.0,1.0,1.0,0.0,0.0,1.0,0.0,82.0,82.0,0
2025-04-11 14:37:26,21.18,5.3,2.8,0.7,4.9,0.0,0.0,0.0,0.0,0.0,27.8,33.8,17.0,28.0,-128.7,20.2,0.0,1.0,1.0,1.0,0.0,0.0,1.0,0.0,82.0,82.0,0
2025-04-11 14:37:27,21.17,5.309999,2.8,0.7,4.5,0.0,0.0,0.0,0.0,0.0,27.8,33.9,17.0,28.1,-128.7,20.3,0.0,1.0,1.0,1.0,0.0,0.0,1.0,0.0,82.0,82.0,0
2025-04-11 14:37:28,21.18,5.3,2.8,0.7,4.6,0.0,0.0,0.0,0.0,0.0,27.8,33.9,17.0,28.1,-128.7,20.3,0.0,1.0,1.0,1.0,0.0,0.0,1.0,0.0,82.0,82.0,0
2025-04-11 14:37:29,21.2,5.309999,2.8,0.7,4.7,0.0,0.0,0.0,0.0,0.0,27.8,33.9,17.0,28.1,-128.7,20.2,0.0,1.0,1.0,1.0,0.0,0.0,1.0,0.0,82.0,82.0,0
2025-04-11 14:37:30,21.19,5.309999,2.8,0.7,4.7,0.0,0.0,0.0,0.0,0.0,27.8,33.9,17.1,28.1,-128.7,20.3,0.0,1.0,1.0,1.0,0.0,0.0,1.0,0.0,82.0,82.0,0
2025-04-11 14:37:31,21.22,5.3,2.8,0.7,4.9,0.0,0.0,0.0,0.0,0.0,27.8,33.9,17.1,28.1,-128.7,20.2,0.0,1.0,1.0,1.0,0.0,0.0,1.0,0.0,82.0,82.0,0
2025-04-11 14:37:32,21.22,5.32,2.8,0.7,4.4,0.0,0.0,0.0,0.0,0.0,27.8,33.9,17.1,28.1,-128.7,20.2,0.0,1.0,1.0,1.0,0.0,0.0,1.0,0.0,82.0,82.0,0
2025-04-11 14:37:33,21.2,5.3,2.8,0.7,5.1,0.0,0.0,0.0,0.0,0.0,27.8,33.9,17.1,28.1,-128.7,20.3,0.0,1.0,1.0,1.0,0.0,0.0,1.0,0.0,82.0,82.0,0
2025-04-11 14:37:34,21.2,5.309999,2.8,0.7,4.9,0.0,0.0,0.0,0.0,0.0,27.8,33.9,17.1,28.1,-128.7,20.2,0.0,1.0,1.0,1.0,0.0,0.0,1.0,0.0,82.0,82.0,0
2025-04-11 14:37:35,21.2,5.309999,2.8,0.7,5.1,0.0,0.0,0.0,0.0,0.0,27.8,33.9,17.2,28.1,-128.7,20.3,0.0,1.0,1.0,1.0,0.0,0.0,1.0,0.0,82.0,82.0,0
2025-04-11 14:37:36,21.22,5.32,2.8,0.7,5.1,0.0,0.0,0.0,0.0,0.0,27.8,33.9,17.2,28.1,-128.7,20.1,0.0,1.0,1.0,1.0,0.0,0.0,1.0,0.0,82.0,82.0,0
2025-04-11 14:37:37,21.23,5.32,2.8,0.7,4.7,0.0,0.0,0.0,0.0,0.0,27.8,33.9,17.2,28.1,-128.7,20.3,0.0,1.0,1.0,1.0,0.0,0.0,1.0,0.0,82.0,82.0,0
2025-04-11 14:37:38,21.22,5.309999,2.8,0.7,5.3,0.0,0.0,0.0,0.0,0.0,27.9,33.9,17.2,28.1,-128.7,20.3,0.0,1.0,1.0,1.0,0.0,0.0,1.0,0.0,82.0,82.0,0
2025-04-11 14:37:39,21.22,5.33,2.8,0.7,4.5,0.0,0.0,0.0,0.0,0.0,27.9,33.9,17.3,28.1,-128.7,20.1,0.0,1.0,1.0,1.0,0.0,0.0,1.0,0.0,82.0,82.0,0
2025-04-11 14:37:40,21.23,5.309999,2.8,0.7,4.6,0.0,0.0,0.0,0.0,0.0,27.9,33.9,17.3,28.1,-128.7,20.1,0.0,1.0,1.0,1.0,0.0,0.0,1.0,0.0,82.0,82.0,0
2025-04-11 14:37:41,21.22,5.33,2.8,0.7,4.6,0.0,0.0,0.0,0.0,0.0,27.9,33.9,17.3,28.1,-128.7,20.1,0.0,1.0,1.0,1.0,0.0,0.0,1.0,0.0,82.0,82.0,0
2025-04-11 14:37:42,21.2,5.32,2.8,0.7,4.8,0.0,0.0,0.0,0.0,0.0,27.9,33.9,17.3,28.1,-128.7,20.2,0.0,1.0,1.0,1.0,0.0,0.0,1.0,0.0,82.0,82.0,0
2025-04-11 14:37:43,21.2,5.32,2.8,0.7,4.7,0.0,0.0,0.0,0.0,0.0,27.9,33.9,17.3,28.1,-128.7,20.1,0.0,1.0,1.0,1.0,0.0,0.0,1.0,0.0,82.0,82.0,0
2025-04-11 14:37:44,21.22,5.32,2.8,0.7,4.9,0.0,0.0,0.0,0.0,0.0,27.9,33.9,17.3,28.1,-128.7,20.3,0.0,1.0,1.0,1.0,0.0,0.0,1.0,0.0,82.0,82.0,0
2025-04-11 14:37:45,21.23,5.309999,2.8,0.7,4.7,0.0,0.0,0.0,0.0,0.0,27.9,33.9,17.4,28.1,-128.7,20.2,0.0,1.0,1.0,1.0,0.0,0.0,1.0,0.0,82.0,82.0,0
2025-04-11 14:37:46,21.23,5.33,2.8,0.7,5.2,0.0,0.0,0.0,0.0,0.0,27.9,33.9,17.4,28.1,-128.7,20.2,0.0,1.0,1.0,1.0,0.0,0.0,1.0,0.0,82.0,82.0,0
2025-04-11 14:37:47,21.23,5.309999,2.8,0.7,5.1,0.0,0.0,0.0,0.0,0.0,27.9,33.9,17.4,28.1,-128.7,20.2,0.0,1.0,1.0,1.0,0.0,0.0,1.0,0.0,82.0,82.0,0
2025-04-11 14:37:48,21.24,5.33,2.8,0.7,4.7,0.0,0.0,0.0,0.0,0.0,27.9,33.9,17.5,28.1,-128.7,20.1,0.0,1.0,1.0,1.0,0.0,0.0,1.0,0.0,82.0,82.0,0
2025-04-11 14:37:49,21.25,5.32,2.8,0.7,5.1,0.0,0.0,0.0,0.0,0.0,27.9,33.9,17.5,28.1,-128.7,20.3,0.0,1.0,1.0,1.0,0.0,0.0,1.0,0.0,82.0,82.0,0
2025-04-11 14:37:50,21.25,5.309999,2.8,0.7,4.5,0.0,0.0,0.0,0.0,0.0,27.9,33.9,17.5,28.1,-128.7,20.1,0.0,1.0,1.0,1.0,0.0,0.0,1.0,0.0,82.0,82.0,0
2025-04-11 14:37:51,21.24,5.33,2.8,0.7,4.9,0.0,0.0,0.0,0.0,0.0,27.9,33.9,17.5,28.1,-128.7,20.2,0.0,1.0,1.0,1.0,0.0,0.0,1.0,0.0,82.0,82.0,0
2025-04-11 14:37:52,21.23,5.33,2.8,0.7,5.2,0.0,0.0,0.0,0.0,0.0,27.9,33.9,17.5,28.2,-128.7,20.2,0.0,1.0,1.0,1.0,0.0,0.0,1.0,0.0,82.0,82.0,0
2025-04-11 14:37:53,21.25,5.33,2.8,0.7,5.0,0.0,0.0,0.0,0.0,0.0,27.9,33.9,17.5,28.2,-128.7,20.3,0.0,1.0,1.0,1.0,0.0,0.0,1.0,0.0,82.0,82.0,0
2025-04-11 14:37:54,21.27,5.32,2.8,0.7,5.1,0.0,0.0,0.0,0.0,0.0,27.9,33.9,17.6,28.2,-128.7,20.3,0.0,1.0,1.0,1.0,0.0,0.0,1.0,0.0,82.0,82.0,0
2025-04-11 14:37:55,21.25,5.33,2.8,0.7,4.5,0.0,0.0,0.0,0.0,0.0,27.9,33.9,17.6,28.2,-128.7,20.2,0.0,1.0,1.0,1.0,0.0,0.0,1.0,0.0,82.0,82.0,0
2025-04-11 14:37:56,21.25,5.309999,2.8,0.7,5.1,0.0,0.0,0.0,0.0,0.0,27.9,33.9,17.6,28.2,-128.7,20.4,0.0,1.0,1.0,1.0,0.0,0.0,1.0,0.0,82.0,82.0,0
2025-04-11 14:37:57,21.28,5.33,2.8,0.7,5.6,0.0,0.0,0.0,0.0,0.0,27.9,33.9,17.6,28.2,-128.7,20.2,0.0,1.0,1.0,1.0,0.0,0.0,1.0,0.0,82.0,82.0,0
2025-04-11 14:37:58,21.25,5.32,2.8,0.7,5.2,0.0,0.0,0.0,0.0,0.0,27.9,33.9,17.6,28.2,-128.7,20.3,0.0,1.0,1.0,1.0,0.0,0.0,1.0,0.0,82.0,82.0,0
2025-04-11 14:37:59,21.27,5.33,2.8,0.7,5.1,0.0,0.0,0.0,0.0,0.0,27.9,33.9,17.7,28.2,-128.7,20.2,0.0,1.0,1.0,1.0,0.0,0.0,1.0,0.0,82.0,82.0,0
2025-04-11 14:38:00,21.24,5.33,2.8,0.7,4.8,0.0,0.0,0.0,0.0,0.0,27.9,33.9,17.7,28.2,-128.7,20.3,0.0,1.0,1.0,1.0,0.0,0.0,1.0,0.0,82.0,82.0,0
2025-04-11 14:38:01,21.25,5.309999,2.8,0.7,5.2,0.0,0.0,0.0,0.0,0.0,27.9,33.9,17.7,28.2,-128.7,20.2,0.0,1.0,1.0,1.0,0.0,0.0,1.0,0.0,82.0,82.0,0
2025-04-11 14:38:02,21.27,5.33,2.7,0.7,5.1,0.0,0.0,0.0,0.0,0.0,27.9,33.9,17.7,28.2,-128.7,20.2,0.0,1.0,1.0,1.0,0.0,0.0,1.0,0.0,82.0,82.0,0
2025-04-11 14:38:03,21.27,5.309999,2.8,0.7,5.1,0.0,0.0,0.0,0.0,0.0,27.9,33.9,17.7,28.2,-128.7,20.4,0.0,1.0,1.0,1.0,0.0,0.0,1.0,0.0,82.0,82.0,0
2025-04-11 14:38:04,21.28,5.33,2.8,0.7,5.0,0.0,0.0,0.0,0.0,0.0,27.9,33.9,17.7,28.2,-128.7,20.2,0.0,1.0,1.0,1.0,0.0,0.0,1.0,0.0,82.0,82.0,0
2025-04-11 14:38:05,21.28,5.309999,2.8,0.7,4.5,0.0,0.0,0.0,0.0,0.0,27.9,33.9,17.8,28.2,-128.7,20.4,0.0,1.0,1.0,1.0,0.0,0.0,1.0,0.0,82.0,82.0,0
2025-04-11 14:38:06,21.27,5.33,2.8,0.7,5.2,0.0,0.0,0.0,0.0,0.0,27.9,33.9,17.8,28.2,-128.7,20.2,0.0,1.0,1.0,1.0,0.0,0.0,1.0,0.0,82.0,82.0,0
2025-04-11 14:38:07,21.25,5.309999,2.7,0.7,5.1,0.0,0.0,0.0,0.0,0.0,27.9,33.9,17.8,28.2,-128.7,20.4,0.0,1.0,1.0,1.0,0.0,0.0,1.0,0.0,82.0,82.0,0
2025-04-11 14:38:08,21.27,5.32,2.8,0.7,5.2,0.0,0.0,0.0,0.0,0.0,27.9,33.9,17.8,28.2,-128.7,20.2,0.0,1.0,1.0,1.0,0.0,0.0,1.0,0.0,82.0,82.0,0
2025-04-11 14:38:09,21.25,5.32,2.8,0.7,5.2,0.0,0.0,0.0,0.0,0.0,27.9,33.9,17.8,28.2,-128.7,20.4,0.0,1.0,1.0,1.0,0.0,0.0,1.0,0.0,82.0,82.0,0
2025-04-11 14:38:10,21.25,5.32,2.7,0.7,4.8,0.0,0.0,0.0,0.0,0.0,27.9,33.9,17.8,28.3,-128.7,20.4,0.0,1.0,1.0,1.0,0.0,0.0,1.0,0.0,82.0,82.0,0
2025-04-11 14:38:11,21.23,5.309999,2.8,0.7,5.1,0.0,0.0,0.0,0.0,0.0,27.9,33.9,17.8,28.3,-128.7,20.5,0.0,1.0,1.0,1.0,0.0,0.0,1.0,0.0,82.0,82.0,0
2025-04-11 14:38:12,21.23,5.32,2.8,0.7,5.2,0.0,0.0,0.0,0.0,0.0,27.9,33.9,17.8,28.3,-128.7,20.4,0.0,1.0,1.0,1.0,0.0,0.0,1.0,0.0,82.0,82.0,0
2025-04-11 14:38:13,21.23,5.3,2.8,0.7,4.7,0.0,0.0,0.0,0.0,0.0,27.9,33.9,17.9,28.3,-128.7,20.5,0.0,1.0,1.0,1.0,0.0,0.0,1.0,0.0,82.0,82.0,0
2025-04-11 14:38:14,21.24,5.32,2.8,0.7,5.2,0.0,0.0,0.0,0.0,0.0,27.9,33.9,17.9,28.3,-128.7,20.4,0.0,1.0,1.0,1.0,0.0,0.0,1.0,0.0,82.0,82.0,0
2025-04-11 14:38:15,21.27,5.309999,2.8,0.7,4.6,0.0,0.0,0.0,0.0,0.0,27.9,33.9,17.9,28.3,-128.7,20.5,0.0,1.0,1.0,1.0,0.0,0.0,1.0,0.0,82.0,82.0,0
2025-04-11 14:38:16,21.25,5.309999,2.8,0.7,4.6,0.0,0.0,0.0,0.0,0.0,27.9,33.9,17.9,28.3,-128.7,20.4,0.0,1.0,1.0,1.0,0.0,0.0,1.0,0.0,82.0,82.0,0
2025-04-11 14:38:17,21.27,5.3,2.8,0.7,5.1,0.0,0.0,0.0,0.0,0.0,27.9,33.9,17.9,28.3,-128.7,20.5,0.0,1.0,1.0,1.0,0.0,0.0,1.0,0.0,82.0,82.0,0
2025-04-11 14:38:18,21.25,5.309999,2.8,0.7,4.8,0.0,0.0,0.0,0.0,0.0,27.9,33.9,17.9,28.3,-128.7,20.4,0.0,1.0,1.0,1.0,0.0,0.0,1.0,0.0,82.0,82.0,0
2025-04-11 14:38:19,21.25,5.3,2.8,0.7,5.0,0.0,0.0,0.0,0.0,0.0,27.9,33.9,17.9,28.3,-128.7,20.5,0.0,1.0,1.0,1.0,0.0,0.0,1.0,0.0,82.0,82.0,0
2025-04-11 14:38:20,21.25,5.32,2.8,0.7,4.6,0.0,0.0,0.0,0.0,0.0,27.9,33.9,17.9,28.3,-128.7,20.4,0.0,1.0,1.0,1.0,0.0,0.0,1.0,0.0,82.0,82.0,0
2025-04-11 14:38:21,21.25,5.3,2.8,0.7,4.9,0.0,0.0,0.0,0.0,0.0,27.9,33.9,17.9,28.3,-128.7,20.5,0.0,1.0,1.0,1.0,0.0,0.0,1.0,0.0,82.0,82.0,0
2025-04-11 14:38:22,21.24,5.309999,2.8,0.7,5.2,0.0,0.0,0.0,0.0,0.0,27.9,33.9,17.9,28.3,-128.7,20.5,0.0,1.0,1.0,1.0,0.0,0.0,1.0,0.0,82.0,82.0,0
2025-04-11 14:38:23,21.24,5.3,2.8,0.7,4.9,0.0,0.0,0.0,0.0,0.0,27.9,33.9,17.9,28.3,-128.7,20.6,0.0,1.0,1.0,1.0,0.0,0.0,1.0,0.0,82.0,82.0,0
2025-04-11 14:38:24,21.25,5.3,2.8,0.7,5.2,0.0,0.0,0.0,0.0,0.0,27.9,33.9,17.9,28.3,-128.7,20.5,0.0,1.0,1.0,1.0,0.0,0.0,1.0,0.0,82.0,82.0,0
2025-04-11 14:38:25,21.24,5.3,2.7,0.7,5.0,0.0,0.0,0.0,0.0,0.0,27.9,33.9,17.9,28.3,-128.7,20.5,0.0,1.0,1.0,1.0,0.0,0.0,1.0,0.0,82.0,82.0,0
2025-04-11 14:38:26,21.25,5.309999,2.8,0.7,5.1,0.0,0.0,0.0,0.0,0.0,27.9,33.9,17.9,28.3,-128.7,20.5,0.0,1.0,1.0,1.0,0.0,0.0,1.0,0.0,82.0,82.0,0
2025-04-11 14:38:27,21.24,5.3,2.8,0.7,5.0,0.0,0.0,0.0,0.0,0.0,27.9,33.9,17.9,28.3,-128.7,20.5,0.0,1.0,1.0,1.0,0.0,0.0,1.0,0.0,82.0,82.0,0
2025-04-11 14:38:28,21.28,5.32,2.7,0.7,5.3,0.0,0.0,0.0,0.0,0.0,27.9,33.9,17.9,28.3,-128.7,20.5,0.0,1.0,1.0,1.0,0.0,0.0,1.0,0.0,82.0,82.0,0
2025-04-11 14:38:29,21.28,5.3,2.8,0.7,5.4,0.0,0.0,0.0,0.0,0.0,27.9,33.9,17.9,28.3,-128.7,20.5,0.0,1.0,1.0,1.0,0.0,0.0,1.0,0.0,82.0,82.0,0
2025-04-11 14:38:30,21.28,5.309999,2.8,0.7,5.4,0.0,0.0,0.0,0.0,0.0,27.9,33.9,17.9,28.3,-128.7,20.6,0.0,1.0,1.0,1.0,0.0,0.0,1.0,0.0,82.0,82.0,0
2025-04-11 14:38:31,21.28,5.3,2.8,0.7,4.8,0.0,0.0,0.0,0.0,0.0,27.9,33.9,17.9,28.4,-128.7,20.6,0.0,1.0,1.0,1.0,0.0,0.0,1.0,0.0,82.0,82.0,0
2025-04-11 14:38:32,21.25,5.3,2.8,0.7,4.7,0.0,0.0,0.0,0.0,0.0,27.9,33.9,17.9,28.4,-128.7,20.6,0.0,1.0,1.0,1.0,0.0,0.0,1.0,0.0,82.0,82.0,0
2025-04-11 14:38:33,21.24,5.3,2.8,0.7,4.6,0.0,0.0,0.0,0.0,0.0,27.9,33.9,17.9,28.4,-128.7,20.6,0.0,1.0,1.0,1.0,0.0,0.0,1.0,0.0,82.0,82.0,0
2025-04-11 14:38:34,21.25,5.32,2.7,0.7,4.8,0.0,0.0,0.0,0.0,0.0,27.9,33.9,17.9,28.4,-128.7,20.6,0.0,1.0,1.0,1.0,0.0,0.0,1.0,0.0,82.0,82.0,0
2025-04-11 14:38:35,21.25,5.3,2.8,0.7,4.5,0.0,0.0,0.0,0.0,0.0,27.9,33.9,17.9,28.4,-128.7,20.6,0.0,1.0,1.0,1.0,0.0,0.0,1.0,0.0,82.0,82.0,0
2025-04-11 14:38:36,21.24,5.309999,2.8,0.7,4.8,0.0,0.0,0.0,0.0,0.0,27.9,33.9,17.9,28.4,-128.7,20.6,0.0,1.0,1.0,1.0,0.0,0.0,1.0,0.0,82.0,82.0,0
2025-04-11 14:38:37,21.24,5.3,2.8,0.7,4.7,0.0,0.0,0.0,0.0,0.0,27.9,33.9,18.0,28.4,-128.7,20.6,0.0,1.0,1.0,1.0,0.0,0.0,1.0,0.0,82.0,82.0,0
2025-04-11 14:38:38,21.27,5.3,2.8,0.7,4.9,0.0,0.0,0.0,0.0,0.0,27.9,33.9,18.0,28.4,-128.7,20.6,0.0,1.0,1.0,1.0,0.0,0.0,1.0,0.0,82.0,82.0,0
2025-04-11 14:38:39,21.24,5.3,2.8,0.7,4.7,0.0,0.0,0.0,0.0,0.0,27.9,33.9,18.0,28.4,-128.7,20.6,0.0,1.0,1.0,1.0,0.0,0.0,1.0,0.0,82.0,82.0,0
2025-04-11 14:38:40,21.27,5.3,2.8,0.7,5.0,0.0,0.0,0.0,0.0,0.0,27.9,33.9,18.0,28.4,-128.7,20.6,0.0,1.0,1.0,1.0,0.0,0.0,1.0,0.0,82.0,82.0,0
2025-04-11 14:38:41,21.25,5.29,2.8,0.7,4.7,0.0,0.0,0.0,0.0,0.0,27.9,33.9,18.0,28.4,-128.7,20.6,0.0,1.0,1.0,1.0,0.0,0.0,1.0,0.0,82.0,82.0,0
2025-04-11 14:38:42,21.24,5.309999,2.8,0.7,4.9,0.0,0.0,0.0,0.0,0.0,27.9,33.9,18.0,28.4,-128.7,20.6,0.0,1.0,1.0,1.0,0.0,0.0,1.0,0.0,82.0,82.0,0
2025-04-11 14:38:43,21.24,5.3,2.8,0.7,4.6,0.0,0.0,0.0,0.0,0.0,27.9,33.9,18.0,28.4,-128.7,20.6,0.0,1.0,1.0,1.0,0.0,0.0,1.0,0.0,82.0,82.0,0
2025-04-11 14:38:44,21.24,5.3,2.8,0.7,5.1,0.0,0.0,0.0,0.0,0.0,27.9,33.9,18.0,28.4,-128.7,20.6,0.0,1.0,1.0,1.0,0.0,0.0,1.0,0.0,82.0,82.0,0
2025-04-11 14:38:45,21.25,5.3,2.8,0.7,5.2,0.0,0.0,0.0,0.0,0.0,27.9,33.9,18.0,28.4,-128.7,20.6,0.0,1.0,1.0,1.0,0.0,0.0,1.0,0.0,82.0,82.0,0
2025-04-11 14:38:46,21.23,5.3,2.7,0.7,5.2,0.0,0.0,0.0,0.0,0.0,27.9,33.9,18.0,28.4,-128.7,20.6,0.0,1.0,1.0,1.0,0.0,0.0,1.0,0.0,82.0,82.0,0
2025-04-11 14:38:47,21.24,5.3,2.7,0.7,5.1,0.0,0.0,0.0,0.0,0.0,27.9,33.9,18.0,28.4,-128.7,20.6,0.0,1.0,1.0,1.0,0.0,0.0,1.0,0.0,82.0,82.0,0
2025-04-11 14:38:48,21.23,5.3,2.8,0.7,5.1,0.0,0.0,0.0,0.0,0.0,27.9,33.9,18.0,28.4,-128.7,20.6,0.0,1.0,1.0,1.0,0.0,0.0,1.0,0.0,82.0,82.0,0
2025-04-11 14:38:49,21.25,5.3,2.8,0.7,5.2,0.0,0.0,0.0,0.0,0.0,27.9,33.9,18.0,28.4,-128.7,20.6,0.0,1.0,1.0,1.0,0.0,0.0,1.0,0.0,82.0,82.0,0
2025-04-11 14:38:50,21.27,5.3,2.8,0.7,5.1,0.0,0.0,0.0,0.0,0.0,27.9,33.9,18.0,28.4,-128.7,20.6,0.0,1.0,1.0,1.0,0.0,0.0,1.0,0.0,82.0,82.0,0
2025-04-11 14:38:51,21.24,5.3,2.8,0.7,5.2,0.0,0.0,0.0,0.0,0.0,27.9,33.9,18.0,28.4,-128.7,20.6,0.0,1.0,1.0,1.0,0.0,0.0,1.0,0.0,82.0,82.0,0
2025-04-11 14:38:52,21.24,5.29,2.8,0.7,4.8,0.0,0.0,0.0,0.0,0.0,27.9,33.9,18.0,28.4,-128.7,20.7,0.0,1.0,1.0,1.0,0.0,0.0,1.0,0.0,82.0,82.0,0
2025-04-11 14:38:53,21.24,5.3,2.8,0.7,5.2,0.0,0.0,0.0,0.0,0.0,27.9,33.9,18.0,28.5,-128.7,20.7,0.0,1.0,1.0,1.0,0.0,0.0,1.0,0.0,82.0,82.0,0
2025-04-11 14:38:54,21.24,5.29,2.8,0.7,4.7,0.0,0.0,0.0,0.0,0.0,27.9,33.9,18.0,28.5,-128.7,20.8,0.0,1.0,1.0,1.0,0.0,0.0,1.0,0.0,82.0,82.0,0
2025-04-11 14:38:55,21.23,5.29,2.7,0.7,5.1,0.0,0.0,0.0,0.0,0.0,27.9,33.9,18.0,28.5,-128.7,20.8,0.0,1.0,1.0,1.0,0.0,0.0,1.0,0.0,82.0,82.0,0
2025-04-11 14:38:56,21.23,5.29,2.8,0.7,4.7,0.0,0.0,0.0,0.0,0.0,27.9,33.9,18.0,28.5,-128.7,20.8,0.0,1.0,1.0,1.0,0.0,0.0,1.0,0.0,82.0,82.0,0
2025-04-11 14:38:57,21.23,5.3,2.8,0.7,5.0,0.0,0.0,0.0,0.0,0.0,27.9,33.9,18.0,28.5,-128.7,20.7,0.0,1.0,1.0,1.0,0.0,0.0,1.0,0.0,82.0,82.0,0
2025-04-11 14:38:58,21.23,5.3,2.8,0.7,4.9,0.0,0.0,0.0,0.0,0.0,27.9,33.9,18.0,28.5,-128.7,20.8,0.0,1.0,1.0,1.0,0.0,0.0,1.0,0.0,82.0,82.0,0
2025-04-11 14:38:59,21.24,5.3,2.8,0.7,4.9,0.0,0.0,0.0,0.0,0.0,27.9,33.9,18.0,28.5,-128.7,20.8,0.0,1.0,1.0,1.0,0.0,0.0,1.0,0.0,82.0,82.0,0
2025-04-11 14:39:00,21.24,5.29,2.8,0.7,4.7,0.0,0.0,0.0,0.0,0.0,27.9,33.9,18.0,28.5,-128.7,20.8,0.0,1.0,1.0,1.0,0.0,0.0,1.0,0.0,82.0,82.0,0
2025-04-11 14:39:01,21.23,5.3,2.8,0.7,4.7,0.0,0.0,0.0,0.0,0.0,27.9,33.9,18.0,28.5,-128.7,20.8,0.0,1.0,1.0,1.0,0.0,0.0,1.0,0.0,82.0,82.0,0
2025-04-11 14:39:02,21.23,5.28,2.8,0.7,4.7,0.0,0.0,0.0,0.0,0.0,27.9,33.9,18.0,28.5,-128.7,20.8,0.0,1.0,1.0,1.0,0.0,0.0,1.0,0.0,82.0,82.0,0
2025-04-11 14:39:03,21.23,5.3,2.8,0.7,4.6,0.0,0.0,0.0,0.0,0.0,27.9,33.9,18.0,28.5,-128.7,20.7,0.0,1.0,1.0,1.0,0.0,0.0,1.0,0.0,82.0,82.0,0
2025-04-11 14:39:04,21.23,5.29,2.8,0.7,4.4,0.0,0.0,0.0,0.0,0.0,27.9,33.9,18.0,28.5,-128.7,20.8,0.0,1.0,1.0,1.0,0.0,0.0,1.0,0.0,82.0,82.0,0
2025-04-11 14:39:05,21.23,5.29,2.8,0.7,4.8,0.0,0.0,0.0,0.0,0.0,27.9,33.9,17.9,28.5,-128.7,20.7,0.0,1.0,1.0,1.0,0.0,0.0,1.0,0.0,82.0,82.0,0
2025-04-11 14:39:06,21.23,5.28,2.8,0.7,4.8,0.0,0.0,0.0,0.0,0.0,27.9,33.9,17.9,28.5,-128.7,20.8,0.0,1.0,1.0,1.0,0.0,0.0,1.0,0.0,82.0,82.0,0
2025-04-11 14:39:07,21.22,5.3,2.8,0.7,4.7,0.0,0.0,0.0,0.0,0.0,27.9,33.9,17.9,28.5,-128.7,20.7,0.0,1.0,1.0,1.0,0.0,0.0,1.0,0.0,82.0,82.0,0
2025-04-11 14:39:08,21.24,5.28,2.8,0.7,4.9,0.0,0.0,0.0,0.0,0.0,27.9,33.9,17.9,28.5,-128.7,20.7,0.0,1.0,1.0,1.0,0.0,0.0,1.0,0.0,82.0,82.0,0
2025-04-11 14:39:09,21.22,5.3,2.8,0.7,4.6,0.0,0.0,0.0,0.0,0.0,27.9,33.9,17.9,28.5,-128.7,20.7,0.0,1.0,1.0,1.0,0.0,0.0,1.0,0.0,82.0,82.0,0
2025-04-11 14:39:10,21.24,5.29,2.8,0.7,4.8,0.0,0.0,0.0,0.0,0.0,27.9,33.9,17.9,28.5,-128.7,20.7,0.0,1.0,1.0,1.0,0.0,0.0,1.0,0.0,82.0,82.0,0
2025-04-11 14:39:11,21.23,5.3,2.8,0.7,5.0,0.0,0.0,0.0,0.0,0.0,27.9,33.9,17.9,28.5,-128.7,20.8,0.0,1.0,1.0,1.0,0.0,0.0,1.0,0.0,82.0,82.0,0
2025-04-11 14:39:12,21.23,5.3,2.8,0.7,5.0,0.0,0.0,0.0,0.0,0.0,27.9,33.9,17.9,28.5,-128.7,20.8,0.0,1.0,1.0,1.0,0.0,0.0,1.0,0.0,82.0,82.0,0
2025-04-11 14:39:13,21.23,5.3,2.8,0.7,5.0,0.0,0.0,0.0,0.0,0.0,27.9,33.9,17.9,28.5,-128.7,20.8,0.0,1.0,1.0,1.0,0.0,0.0,1.0,0.0,82.0,82.0,0
2025-04-11 14:39:14,21.22,5.29,2.8,0.7,4.6,0.0,0.0,0.0,0.0,0.0,27.9,33.9,17.9,28.5,-128.7,20.7,0.0,1.0,1.0,1.0,0.0,0.0,1.0,0.0,82.0,82.0,0
2025-04-11 14:39:15,21.2,5.3,2.8,0.7,5.2,0.0,0.0,0.0,0.0,0.0,27.9,33.9,17.9,28.5,-128.7,20.7,0.0,1.0,1.0,1.0,0.0,0.0,1.0,0.0,82.0,82.0,0
2025-04-11 14:39:16,21.2,5.29,2.8,0.7,4.8,0.0,0.0,0.0,0.0,0.0,27.9,33.9,17.9,28.5,-128.7,20.8,0.0,1.0,1.0,1.0,0.0,0.0,1.0,0.0,82.0,82.0,0
2025-04-11 14:39:17,21.22,5.29,2.8,0.7,4.7,0.0,0.0,0.0,0.0,0.0,27.9,33.9,17.9,28.5,-128.7,20.7,0.0,1.0,1.0,1.0,0.0,0.0,1.0,0.0,82.0,82.0,0
2025-04-11 14:39:18,21.23,5.3,2.8,0.7,4.9,0.0,0.0,0.0,0.0,0.0,27.9,33.9,17.8,28.5,-128.7,20.8,0.0,1.0,1.0,1.0,0.0,0.0,1.0,0.0,82.0,82.0,0
2025-04-11 14:39:19,21.23,5.3,2.8,0.7,4.8,0.0,0.0,0.0,0.0,0.0,27.9,33.9,17.8,28.5,-128.7,20.7,0.0,1.0,1.0,1.0,0.0,0.0,1.0,0.0,82.0,82.0,0
2025-04-11 14:39:20,21.2,5.3,2.8,0.7,4.6,0.0,0.0,0.0,0.0,0.0,27.9,33.9,17.8,28.5,-128.7,20.8,0.0,1.0,1.0,1.0,0.0,0.0,1.0,0.0,82.0,82.0,0
2025-04-11 14:39:21,21.22,5.29,2.7,0.7,4.8,0.0,0.0,0.0,0.0,0.0,27.9,33.9,17.8,28.5,-128.7,20.8,0.0,1.0,1.0,1.0,0.0,0.0,1.0,0.0,82.0,82.0,0
2025-04-11 14:39:22,21.22,5.29,2.7,0.7,5.1,0.0,0.0,0.0,0.0,0.0,27.9,33.9,17.8,28.5,-128.7,20.8,0.0,1.0,1.0,1.0,0.0,0.0,1.0,0.0,82.0,82.0,0
2025-04-11 14:39:23,21.22,5.28,2.7,0.7,4.8,0.0,0.0,0.0,0.0,0.0,27.9,33.9,17.8,28.5,-128.7,20.8,0.0,1.0,1.0,1.0,0.0,0.0,1.0,0.0,82.0,82.0,0
2025-04-11 14:39:24,21.23,5.29,2.8,0.7,5.1,0.0,0.0,0.0,0.0,0.0,27.9,33.9,17.8,28.5,-128.7,20.9,0.0,1.0,1.0,1.0,0.0,0.0,1.0,0.0,82.0,82.0,0
2025-04-11 14:39:25,21.2,5.28,2.8,0.7,4.8,0.0,0.0,0.0,0.0,0.0,27.9,33.9,17.8,28.6,-128.7,20.9,0.0,1.0,1.0,1.0,0.0,0.0,1.0,0.0,82.0,82.0,0
2025-04-11 14:39:26,21.2,5.3,2.8,0.7,5.1,0.0,0.0,0.0,0.0,0.0,27.9,33.9,17.8,28.6,-128.7,21.0,0.0,1.0,1.0,1.0,0.0,0.0,1.0,0.0,82.0,82.0,0
2025-04-11 14:39:27,21.22,5.27,2.8,0.7,4.6,0.0,0.0,0.0,0.0,0.0,27.9,33.9,17.8,28.6,-128.7,21.0,0.0,1.0,1.0,1.0,0.0,0.0,1.0,0.0,82.0,82.0,0
2025-04-11 14:39:28,21.22,5.29,2.8,0.7,4.7,0.0,0.0,0.0,0.0,0.0,27.9,33.9,17.8,28.6,-128.7,20.9,0.0,1.0,1.0,1.0,0.0,0.0,1.0,0.0,82.0,82.0,0
2025-04-11 14:39:29,21.2,5.28,2.8,0.7,4.6,0.0,0.0,0.0,0.0,0.0,27.9,33.9,17.8,28.6,-128.7,20.9,0.0,1.0,1.0,1.0,0.0,0.0,1.0,0.0,82.0,82.0,0
2025-04-11 14:39:30,21.2,5.29,2.8,0.7,4.7,0.0,0.0,0.0,0.0,0.0,27.9,33.9,17.8,28.6,-128.7,20.9,0.0,1.0,1.0,1.0,0.0,0.0,1.0,0.0,82.0,82.0,0
2025-04-11 14:39:31,21.2,5.27,2.8,0.7,4.7,0.0,0.0,0.0,0.0,0.0,27.9,33.9,17.7,28.6,-128.7,20.9,0.0,1.0,1.0,1.0,0.0,0.0,1.0,0.0,82.0,82.0,0
2025-04-11 14:39:32,21.22,5.29,2.8,0.7,5.0,0.0,0.0,0.0,0.0,0.0,27.9,33.9,17.7,28.6,-128.7,20.8,0.0,1.0,1.0,1.0,0.0,0.0,1.0,0.0,82.0,82.0,0
2025-04-11 14:39:33,21.22,5.28,2.8,0.7,4.6,0.0,0.0,0.0,0.0,0.0,27.9,33.9,17.7,28.6,-128.7,20.8,0.0,1.0,1.0,1.0,0.0,0.0,1.0,0.0,82.0,82.0,0
2025-04-11 14:39:34,21.19,5.3,2.8,0.7,4.9,0.0,0.0,0.0,0.0,0.0,27.9,33.9,17.7,28.6,-128.7,20.8,0.0,1.0,1.0,1.0,0.0,0.0,1.0,0.0,82.0,82.0,0
2025-04-11 14:39:35,21.2,5.28,2.8,0.7,4.8,0.0,0.0,0.0,0.0,0.0,27.9,33.9,17.7,28.6,-128.7,20.9,0.0,1.0,1.0,1.0,0.0,0.0,1.0,0.0,82.0,82.0,0
2025-04-11 14:39:36,21.19,5.29,2.7,0.7,5.0,0.0,0.0,0.0,0.0,0.0,27.9,33.9,17.7,28.6,-128.7,20.9,0.0,1.0,1.0,1.0,0.0,0.0,1.0,0.0,82.0,82.0,0
2025-04-11 14:39:37,21.19,5.27,2.8,0.7,4.5,0.0,0.0,0.0,0.0,0.0,27.9,33.9,17.7,28.6,-128.7,20.9,0.0,1.0,1.0,1.0,0.0,0.0,1.0,0.0,82.0,82.0,0
2025-04-11 14:39:38,21.22,5.3,2.7,0.7,4.9,0.0,0.0,0.0,0.0,0.0,27.9,33.9,17.7,28.6,-128.7,20.9,0.0,1.0,1.0,1.0,0.0,0.0,1.0,0.0,82.0,82.0,0
2025-04-11 14:39:39,21.2,5.28,2.8,0.7,4.6,0.0,0.0,0.0,0.0,0.0,27.9,33.9,17.7,28.6,-128.7,20.9,0.0,1.0,1.0,1.0,0.0,0.0,1.0,0.0,82.0,82.0,0
2025-04-11 14:39:40,21.2,5.3,2.8,0.7,4.9,0.0,0.0,0.0,0.0,0.0,27.9,33.9,17.7,28.6,-128.7,20.9,0.0,1.0,1.0,1.0,0.0,0.0,1.0,0.0,82.0,82.0,0
2025-04-11 14:39:41,21.2,5.28,2.8,0.7,5.2,0.0,0.0,0.0,0.0,0.0,27.9,33.9,17.7,28.6,-128.7,20.8,0.0,1.0,1.0,1.0,0.0,0.0,1.0,0.0,82.0,82.0,0
2025-04-11 14:39:42,21.22,5.3,2.8,0.7,5.1,0.0,0.0,0.0,0.0,0.0,27.9,33.9,17.7,28.6,-128.7,21.0,0.0,1.0,1.0,1.0,0.0,0.0,1.0,0.0,82.0,82.0,0
2025-04-11 14:39:43,21.23,5.28,2.8,0.7,5.2,0.0,0.0,0.0,0.0,0.0,27.9,33.9,17.7,28.6,-128.7,21.0,0.0,1.0,1.0,1.0,0.0,0.0,1.0,0.0,82.0,82.0,0
2025-04-11 14:39:44,21.23,5.29,2.7,0.7,5.3,0.0,0.0,0.0,0.0,0.0,27.9,33.9,17.7,28.6,-128.7,20.9,0.0,1.0,1.0,1.0,0.0,0.0,1.0,0.0,82.0,82.0,0
2025-04-11 14:39:45,21.2,5.27,2.8,0.7,4.8,0.0,0.0,0.0,0.0,0.0,27.9,33.9,17.7,28.6,-128.7,20.9,0.0,1.0,1.0,1.0,0.0,0.0,1.0,0.0,82.0,82.0,0
2025-04-11 14:39:46,21.22,5.3,2.8,0.7,5.1,0.0,0.0,0.0,0.0,0.0,27.9,33.9,17.7,28.6,-128.7,20.9,0.0,1.0,1.0,1.0,0.0,0.0,1.0,0.0,82.0,82.0,0
2025-04-11 14:39:47,21.2,5.28,2.8,0.7,4.6,0.0,0.0,0.0,0.0,0.0,27.9,33.9,17.7,28.6,-128.7,20.8,0.0,1.0,1.0,1.0,0.0,0.0,1.0,0.0,82.0,82.0,0
2025-04-11 14:39:48,21.22,5.3,2.7,0.7,4.7,0.0,0.0,0.0,0.0,0.0,27.9,33.9,17.7,28.6,-128.7,20.8,0.0,1.0,1.0,1.0,0.0,0.0,1.0,0.0,82.0,82.0,0
2025-04-11 14:39:49,21.22,5.28,2.8,0.7,4.8,0.0,0.0,0.0,0.0,0.0,27.9,33.9,17.7,28.6,-128.7,20.8,0.0,1.0,1.0,1.0,0.0,0.0,1.0,0.0,82.0,82.0,0
2025-04-11 14:39:50,21.2,5.3,2.8,0.7,5.0,0.0,0.0,0.0,0.0,0.0,27.9,33.9,17.6,28.6,-128.7,20.8,0.0,1.0,1.0,1.0,0.0,0.0,1.0,0.0,82.0,82.0,0
2025-04-11 14:39:51,21.2,5.27,2.8,0.7,4.8,0.0,0.0,0.0,0.0,0.0,27.9,34.0,17.6,28.6,-128.7,20.8,0.0,1.0,1.0,1.0,0.0,0.0,1.0,0.0,82.0,82.0,0
2025-04-11 14:39:52,21.23,5.3,2.8,0.7,5.2,0.0,0.0,0.0,0.0,0.0,27.9,34.0,17.6,28.6,-128.7,20.8,0.0,1.0,1.0,1.0,0.0,0.0,1.0,0.0,82.0,82.0,0
2025-04-11 14:39:53,21.2,5.28,2.8,0.7,4.9,0.0,0.0,0.0,0.0,0.0,27.9,34.0,17.6,28.6,-128.7,20.8,0.0,1.0,1.0,1.0,0.0,0.0,1.0,0.0,82.0,82.0,0
2025-04-11 14:39:54,21.23,5.3,2.8,0.7,5.0,0.0,0.0,0.0,0.0,0.0,27.9,34.0,17.6,28.6,-128.7,20.9,0.0,1.0,1.0,1.0,0.0,0.0,1.0,0.0,82.0,82.0,0
2025-04-11 14:39:55,21.23,5.29,2.8,0.7,5.1,0.0,0.0,0.0,0.0,0.0,27.9,34.0,17.6,28.6,-128.7,20.8,0.0,1.0,1.0,1.0,0.0,0.0,1.0,0.0,82.0,82.0,0
2025-04-11 14:39:56,21.22,5.3,2.8,0.7,4.4,0.0,0.0,0.0,0.0,0.0,27.9,34.0,17.6,28.6,-128.7,20.9,0.0,1.0,1.0,1.0,0.0,0.0,1.0,0.0,82.0,82.0,0
2025-04-11 14:39:57,21.23,5.28,2.8,0.7,4.7,0.0,0.0,0.0,0.0,0.0,27.9,34.0,17.6,28.6,-128.7,20.8,0.0,1.0,1.0,1.0,0.0,0.0,1.0,0.0,82.0,82.0,0
2025-04-11 14:39:58,21.2,5.3,2.8,0.7,4.7,0.0,0.0,0.0,0.0,0.0,27.9,34.0,17.6,28.6,-128.7,20.9,0.0,1.0,1.0,1.0,0.0,0.0,1.0,0.0,82.0,82.0,0
2025-04-11 14:39:59,21.23,5.29,2.8,0.7,4.6,0.0,0.0,0.0,0.0,0.0,27.9,34.0,17.6,28.6,-128.7,20.8,0.0,1.0,1.0,1.0,0.0,0.0,1.0,0.0,82.0,82.0,0
2025-04-11 14:40:00,21.2,5.3,2.8,0.7,5.1,0.0,0.0,0.0,0.0,0.0,27.9,34.0,17.6,28.6,-128.7,20.9,0.0,1.0,1.0,1.0,0.0,0.0,1.0,0.0,82.0,82.0,0
2025-04-11 14:40:01,21.23,5.28,2.8,0.7,4.8,0.0,0.0,0.0,0.0,0.0,27.9,34.0,17.6,28.6,-128.7,20.8,0.0,1.0,1.0,1.0,0.0,0.0,1.0,0.0,82.0,82.0,0
2025-04-11 14:40:02,21.2,5.29,2.8,0.7,5.2,0.0,0.0,0.0,0.0,0.0,27.9,34.0,17.6,28.6,-128.7,20.9,0.0,1.0,1.0,1.0,0.0,0.0,1.0,0.0,82.0,82.0,0
2025-04-11 14:40:03,21.2,5.28,2.8,0.7,5.1,0.0,0.0,0.0,0.0,0.0,27.9,34.0,17.6,28.6,-128.7,20.9,0.0,1.0,1.0,1.0,0.0,0.0,1.0,0.0,82.0,82.0,0
2025-04-11 14:40:04,21.2,5.29,2.8,0.7,5.1,0.0,0.0,0.0,0.0,0.0,27.9,34.0,17.5,28.6,-128.7,20.9,0.0,1.0,1.0,1.0,0.0,0.0,1.0,0.0,82.0,82.0,0
2025-04-11 14:40:05,21.2,5.28,2.8,0.7,5.3,0.0,0.0,0.0,0.0,0.0,27.9,34.0,17.5,28.6,-128.7,20.9,0.0,1.0,1.0,1.0,0.0,0.0,1.0,0.0,82.0,82.0,0
2025-04-11 14:40:06,21.22,5.29,2.8,0.7,4.6,0.0,0.0,0.0,0.0,0.0,27.9,34.0,17.5,28.6,-128.7,20.9,0.0,1.0,1.0,1.0,0.0,0.0,1.0,0.0,82.0,82.0,0
2025-04-11 14:40:07,21.22,5.3,2.7,0.7,4.9,0.0,0.0,0.0,0.0,0.0,27.9,34.0,17.5,28.6,-128.7,20.9,0.0,1.0,1.0,1.0,0.0,0.0,1.0,0.0,82.0,82.0,0
2025-04-11 14:40:08,21.22,5.28,2.8,0.7,4.6,0.0,0.0,0.0,0.0,0.0,27.9,34.0,17.5,28.6,-128.7,21.0,0.0,1.0,1.0,1.0,0.0,0.0,1.0,0.0,82.0,82.0,0
2025-04-11 14:40:09,21.23,5.28,2.8,0.7,4.6,0.0,0.0,0.0,0.0,0.0,27.9,34.0,17.5,28.6,-128.7,20.8,0.0,1.0,1.0,1.0,0.0,0.0,1.0,0.0,82.0,82.0,0
2025-04-11 14:40:10,21.24,5.28,2.8,0.7,4.7,0.0,0.0,0.0,0.0,0.0,27.9,34.0,17.5,28.6,-128.7,20.9,0.0,1.0,1.0,1.0,0.0,0.0,1.0,0.0,82.0,82.0,0
2025-04-11 14:40:11,21.24,5.29,2.8,0.7,4.8,0.0,0.0,0.0,0.0,0.0,27.9,34.0,17.5,28.6,-128.7,20.9,0.0,1.0,1.0,1.0,0.0,0.0,1.0,0.0,82.0,82.0,0
2025-04-11 14:40:12,21.24,5.28,2.8,0.7,4.7,0.0,0.0,0.0,0.0,0.0,27.9,34.0,17.5,28.6,-128.7,20.9,0.0,1.0,1.0,1.0,0.0,0.0,1.0,0.0,82.0,82.0,0
2025-04-11 14:40:13,21.23,5.29,2.8,0.7,4.6,0.0,0.0,0.0,0.0,0.0,27.9,34.0,17.5,28.6,-128.7,20.9,0.0,1.0,1.0,1.0,0.0,0.0,1.0,0.0,82.0,82.0,0
2025-04-11 14:40:14,21.23,5.29,2.8,0.7,4.7,0.0,0.0,0.0,0.0,0.0,27.9,34.0,17.5,28.6,-128.7,20.9,0.0,1.0,1.0,1.0,0.0,0.0,1.0,0.0,82.0,82.0,0
2025-04-11 14:40:15,21.23,5.29,2.7,0.7,4.7,0.0,0.0,0.0,0.0,0.0,27.9,34.0,17.5,28.6,-128.7,20.9,0.0,1.0,1.0,1.0,0.0,0.0,1.0,0.0,82.0,82.0,0
2025-04-11 14:40:16,21.24,5.29,2.8,0.7,5.1,0.0,0.0,0.0,0.0,0.0,27.9,34.0,17.4,28.6,-128.7,20.8,0.0,1.0,1.0,1.0,0.0,0.0,1.0,0.0,82.0,82.0,0
2025-04-11 14:40:17,21.23,5.3,2.8,0.7,4.9,0.0,0.0,0.0,0.0,0.0,27.9,34.0,17.4,28.6,-128.7,20.9,0.0,1.0,1.0,1.0,0.0,0.0,1.0,0.0,82.0,82.0,0
2025-04-11 14:40:18,21.22,5.28,2.8,0.7,5.2,0.0,0.0,0.0,0.0,0.0,27.9,34.0,17.4,28.6,-128.7,20.9,0.0,1.0,1.0,1.0,0.0,0.0,1.0,0.0,82.0,82.0,0
2025-04-11 14:40:19,21.23,5.3,2.8,0.7,5.0,0.0,0.0,0.0,0.0,0.0,27.9,34.0,17.4,28.6,-128.7,20.9,0.0,1.0,1.0,1.0,0.0,0.0,1.0,0.0,82.0,82.0,0
2025-04-11 14:40:20,21.23,5.28,2.8,0.7,5.2,0.0,0.0,0.0,0.0,0.0,27.9,34.0,17.4,28.6,-128.7,20.8,0.0,1.0,1.0,1.0,0.0,0.0,1.0,0.0,82.0,82.0,0
2025-04-11 14:40:21,21.22,5.29,2.8,0.7,5.2,0.0,0.0,0.0,0.0,0.0,27.9,34.0,17.4,28.6,-128.7,20.9,0.0,1.0,1.0,1.0,0.0,0.0,1.0,0.0,82.0,82.0,0
2025-04-11 14:40:22,21.25,5.29,2.8,0.7,5.1,0.0,0.0,0.0,0.0,0.0,27.9,34.0,17.4,28.6,-128.7,20.8,0.0,1.0,1.0,1.0,0.0,0.0,1.0,0.0,82.0,82.0,0
2025-04-11 14:40:23,21.24,5.29,2.7,0.7,4.9,0.0,0.0,0.0,0.0,0.0,27.9,34.0,17.4,28.5,-128.7,20.8,0.0,1.0,1.0,1.0,0.0,0.0,1.0,0.0,82.0,82.0,0
2025-04-11 14:40:24,21.24,5.29,2.8,0.7,5.2,0.0,0.0,0.0,0.0,0.0,27.9,34.0,17.4,28.5,-128.7,20.8,0.0,1.0,1.0,1.0,0.0,0.0,1.0,0.0,82.0,82.0,0
2025-04-11 14:40:25,21.22,5.28,2.8,0.7,4.6,0.0,0.0,0.0,0.0,0.0,27.9,34.0,17.3,28.5,-128.7,20.8,0.0,1.0,1.0,1.0,0.0,0.0,1.0,0.0,82.0,82.0,0
2025-04-11 14:40:26,21.23,5.3,2.8,0.7,4.8,0.0,0.0,0.0,0.0,0.0,27.9,34.0,17.3,28.5,-128.7,20.8,0.0,1.0,1.0,1.0,0.0,0.0,1.0,0.0,82.0,82.0,0
2025-04-11 14:40:27,21.24,5.27,2.8,0.7,4.6,0.0,0.0,0.0,0.0,0.0,27.9,34.0,17.3,28.5,-128.7,20.8,0.0,1.0,1.0,1.0,0.0,0.0,1.0,0.0,82.0,82.0,0
2025-04-11 14:40:28,21.25,5.3,2.8,0.7,4.8,0.0,0.0,0.0,0.0,0.0,27.9,34.0,17.3,28.5,-128.7,20.9,0.0,1.0,1.0,1.0,0.0,0.0,1.0,0.0,82.0,82.0,0
2025-04-11 14:40:29,21.25,5.27,2.8,0.7,4.7,0.0,0.0,0.0,0.0,0.0,27.9,34.0,17.3,28.5,-128.7,20.8,0.0,1.0,1.0,1.0,0.0,0.0,1.0,0.0,82.0,82.0,0
2025-04-11 14:40:30,21.24,5.3,2.8,0.7,4.9,0.0,0.0,0.0,0.0,0.0,27.9,34.0,17.3,28.5,-128.7,20.8,0.0,1.0,1.0,1.0,0.0,0.0,1.0,0.0,82.0,82.0,0
2025-04-11 14:40:31,21.23,5.28,2.8,0.7,4.6,0.0,0.0,0.0,0.0,0.0,27.9,34.0,17.3,28.5,-128.7,20.8,0.0,1.0,1.0,1.0,0.0,0.0,1.0,0.0,82.0,82.0,0
2025-04-11 14:40:32,21.24,5.29,2.7,0.7,5.0,0.0,0.0,0.0,0.0,0.0,27.9,34.0,17.3,28.5,-128.7,20.8,0.0,1.0,1.0,1.0,0.0,0.0,1.0,0.0,82.0,82.0,0
2025-04-11 14:40:33,21.23,5.28,2.8,0.7,4.5,0.0,0.0,0.0,0.0,0.0,27.9,34.0,17.3,28.5,-128.7,20.8,0.0,1.0,1.0,1.0,0.0,0.0,1.0,0.0,82.0,82.0,0
2025-04-11 14:40:34,21.24,5.29,2.7,0.7,5.1,0.0,0.0,0.0,0.0,0.0,27.9,34.0,17.2,28.5,-128.7,20.8,0.0,1.0,1.0,1.0,0.0,0.0,1.0,0.0,82.0,82.0,0
2025-04-11 14:40:35,21.23,5.28,2.8,0.7,4.9,0.0,0.0,0.0,0.0,0.0,27.9,34.0,17.2,28.5,-128.7,20.7,0.0,1.0,1.0,1.0,0.0,0.0,1.0,0.0,82.0,82.0,0
2025-04-11 14:40:36,21.23,5.3,2.8,0.7,5.1,0.0,0.0,0.0,0.0,0.0,27.9,34.0,17.2,28.5,-128.7,20.8,0.0,1.0,1.0,1.0,0.0,0.0,1.0,0.0,82.0,82.0,0
2025-04-11 14:40:37,21.24,5.27,2.8,0.7,4.6,0.0,0.0,0.0,0.0,0.0,27.9,34.0,17.2,28.5,-128.7,20.7,0.0,1.0,1.0,1.0,0.0,0.0,1.0,0.0,82.0,82.0,0
2025-04-11 14:40:38,21.23,5.29,2.8,0.7,4.7,0.0,0.0,0.0,0.0,0.0,27.9,34.0,17.2,28.5,-128.7,20.8,0.0,1.0,1.0,1.0,0.0,0.0,1.0,0.0,82.0,82.0,0
2025-04-11 14:40:39,21.23,5.29,2.8,0.7,4.7,0.0,0.0,0.0,0.0,0.0,27.9,34.0,17.2,28.5,-128.7,20.7,0.0,1.0,1.0,1.0,0.0,0.0,1.0,0.0,82.0,82.0,0
2025-04-11 14:40:40,21.23,5.29,2.8,0.7,5.0,0.0,0.0,0.0,0.0,0.0,27.9,34.0,17.2,28.5,-128.7,20.8,0.0,1.0,1.0,1.0,0.0,0.0,1.0,0.0,82.0,82.0,0
2025-04-11 14:40:41,21.23,5.28,2.7,0.7,4.6,0.0,0.0,0.0,0.0,0.0,27.9,34.0,17.2,28.5,-128.7,20.7,0.0,1.0,1.0,1.0,0.0,0.0,1.0,0.0,82.0,82.0,0
2025-04-11 14:40:42,21.23,5.3,2.8,0.7,4.8,0.0,0.0,0.0,0.0,0.0,27.9,34.0,17.1,28.5,-128.7,20.8,0.0,1.0,1.0,1.0,0.0,0.0,1.0,0.0,82.0,82.0,0
2025-04-11 14:40:43,21.23,5.28,2.8,0.7,4.6,0.0,0.0,0.0,0.0,0.0,27.9,34.0,17.1,28.5,-128.7,20.8,0.0,1.0,1.0,1.0,0.0,0.0,1.0,0.0,82.0,82.0,0
2025-04-11 14:40:44,21.25,5.3,2.8,0.7,4.8,0.0,0.0,0.0,0.0,0.0,27.9,34.0,17.1,28.5,-128.7,20.9,0.0,1.0,1.0,1.0,0.0,0.0,1.0,0.0,82.0,82.0,0
2025-04-11 14:40:45,21.23,5.27,2.8,0.7,4.5,0.0,0.0,0.0,0.0,0.0,27.9,34.0,17.1,28.5,-128.7,20.7,0.0,1.0,1.0,1.0,0.0,0.0,1.0,0.0,82.0,82.0,0
2025-04-11 14:40:46,21.25,5.3,2.8,0.7,4.9,0.0,0.0,0.0,0.0,0.0,27.9,34.0,17.1,28.5,-128.7,20.8,0.0,1.0,1.0,1.0,0.0,0.0,1.0,0.0,82.0,82.0,0
2025-04-11 14:40:47,21.23,5.29,2.8,0.7,4.8,0.0,0.0,0.0,0.0,0.0,27.9,34.0,17.1,28.5,-128.7,20.7,0.0,1.0,1.0,1.0,0.0,0.0,1.0,0.0,82.0,82.0,0
2025-04-11 14:40:48,21.22,5.29,2.8,0.7,5.2,0.0,0.0,0.0,0.0,0.0,27.9,34.0,17.1,28.5,-128.7,20.8,0.0,1.0,1.0,1.0,0.0,0.0,1.0,0.0,82.0,82.0,0
2025-04-11 14:40:49,21.22,5.29,2.8,0.7,5.0,0.0,0.0,0.0,0.0,0.0,27.9,34.0,17.0,28.5,-128.7,20.7,0.0,1.0,1.0,1.0,0.0,0.0,1.0,0.0,82.0,82.0,0
2025-04-11 14:40:50,21.23,5.29,2.8,0.7,5.3,0.0,0.0,0.0,0.0,0.0,27.9,34.0,17.0,28.5,-128.7,20.8,0.0,1.0,1.0,1.0,0.0,0.0,1.0,0.0,82.0,82.0,0
2025-04-11 14:40:51,21.23,5.28,2.8,0.7,5.2,0.0,0.0,0.0,0.0,0.0,27.9,34.0,17.0,28.5,-128.7,20.7,0.0,1.0,1.0,1.0,0.0,0.0,1.0,0.0,82.0,82.0,0
2025-04-11 14:40:52,21.23,5.28,2.7,0.7,4.9,0.0,0.0,0.0,0.0,0.0,27.9,34.0,17.0,28.5,-128.7,20.8,0.0,1.0,1.0,1.0,0.0,0.0,1.0,0.0,82.0,82.0,0
2025-04-11 14:40:53,21.23,5.28,2.7,0.7,4.9,0.0,0.0,0.0,0.0,0.0,27.9,34.0,17.0,28.5,-128.7,20.7,0.0,1.0,1.0,1.0,0.0,0.0,1.0,0.0,82.0,82.0,0
2025-04-11 14:40:54,21.22,5.29,2.8,0.7,5.0,0.0,0.0,0.0,0.0,0.0,27.9,34.0,17.0,28.5,-128.7,20.8,0.0,1.0,1.0,1.0,0.0,0.0,1.0,0.0,82.0,82.0,0
2025-04-11 14:40:55,21.25,5.28,2.8,0.7,4.5,0.0,0.0,0.0,0.0,0.0,27.9,34.0,17.0,28.4,-128.7,20.6,0.0,1.0,1.0,1.0,0.0,0.0,1.0,0.0,82.0,82.0,0
2025-04-11 14:40:56,21.25,5.29,2.8,0.7,5.2,0.0,0.0,0.0,0.0,0.0,27.9,34.0,17.0,28.4,-128.7,20.7,0.0,1.0,1.0,1.0,0.0,0.0,1.0,0.0,82.0,82.0,0
2025-04-11 14:40:57,21.24,5.28,2.8,0.7,4.5,0.0,0.0,0.0,0.0,0.0,27.9,34.0,17.0,28.4,-128.7,20.7,0.0,1.0,1.0,1.0,0.0,0.0,1.0,0.0,82.0,82.0,0
2025-04-11 14:40:58,21.24,5.29,2.8,0.7,4.6,0.0,0.0,0.0,0.0,0.0,27.9,34.0,17.0,28.4,-128.7,20.7,0.0,1.0,1.0,1.0,0.0,0.0,1.0,0.0,82.0,82.0,0
2025-04-11 14:40:59,21.24,5.28,2.8,0.7,5.1,0.0,0.0,0.0,0.0,0.0,27.9,34.0,16.9,28.4,-128.7,20.7,0.0,1.0,1.0,1.0,0.0,0.0,1.0,0.0,82.0,82.0,0
2025-04-11 14:41:00,21.24,5.28,2.8,0.7,4.8,0.0,0.0,0.0,0.0,0.0,27.9,34.0,16.9,28.4,-128.7,20.8,0.0,1.0,1.0,1.0,0.0,0.0,1.0,0.0,82.0,82.0,0
2025-04-11 14:41:01,21.24,5.27,2.8,0.7,5.0,0.0,0.0,0.0,0.0,0.0,27.9,34.0,16.9,28.4,-128.7,20.6,0.0,1.0,1.0,1.0,0.0,0.0,1.0,0.0,82.0,82.0,0
2025-04-11 14:41:02,21.23,5.3,2.8,0.7,4.7,0.0,0.0,0.0,0.0,0.0,27.9,34.0,16.9,28.4,-128.7,20.7,0.0,1.0,1.0,1.0,0.0,0.0,1.0,0.0,82.0,82.0,0
2025-04-11 14:41:03,21.23,5.27,2.8,0.7,4.6,0.0,0.0,0.0,0.0,0.0,27.9,34.0,16.9,28.4,-128.7,20.7,0.0,1.0,1.0,1.0,0.0,0.0,1.0,0.0,82.0,82.0,0
2025-04-11 14:41:04,21.22,5.28,2.8,0.7,4.9,0.0,0.0,0.0,0.0,0.0,27.9,34.0,16.9,28.4,-128.7,20.8,0.0,1.0,1.0,1.0,0.0,0.0,1.0,0.0,82.0,82.0,0
2025-04-11 14:41:05,21.23,5.29,2.7,0.7,4.5,0.0,0.0,0.0,0.0,0.0,27.9,34.0,16.9,28.4,-128.7,20.7,0.0,1.0,1.0,1.0,0.0,0.0,1.0,0.0,82.0,82.0,0
2025-04-11 14:41:06,21.23,5.29,2.7,0.7,4.5,0.0,0.0,0.0,0.0,0.0,27.9,34.0,16.9,28.4,-128.7,20.8,0.0,1.0,1.0,1.0,0.0,0.0,1.0,0.0,82.0,82.0,0
2025-04-11 14:41:07,21.24,5.28,2.8,0.7,4.7,0.0,0.0,0.0,0.0,0.0,27.9,34.0,16.9,28.4,-128.7,20.7,0.0,1.0,1.0,1.0,0.0,0.0,1.0,0.0,82.0,82.0,0
2025-04-11 14:41:08,21.23,5.29,2.8,0.7,5.0,0.0,0.0,0.0,0.0,0.0,27.9,34.0,16.8,28.4,-128.7,20.7,0.0,1.0,1.0,1.0,0.0,0.0,1.0,0.0,82.0,82.0,0
2025-04-11 14:41:09,21.24,5.27,2.8,0.7,4.7,0.0,0.0,0.0,0.0,0.0,27.9,34.0,16.8,28.4,-128.7,20.7,0.0,1.0,1.0,1.0,0.0,0.0,1.0,0.0,82.0,82.0,0
2025-04-11 14:41:10,21.25,5.28,2.8,0.7,5.1,0.0,0.0,0.0,0.0,0.0,27.9,34.0,16.8,28.4,-128.7,20.7,0.0,1.0,1.0,1.0,0.0,0.0,1.0,0.0,82.0,82.0,0
2025-04-11 14:41:11,21.25,5.28,2.8,0.7,5.1,0.0,0.0,0.0,0.0,0.0,27.9,34.0,16.8,28.4,-128.7,20.7,0.0,1.0,1.0,1.0,0.0,0.0,1.0,0.0,82.0,82.0,0
2025-04-11 14:41:12,21.28,5.28,2.8,0.7,4.6,0.0,0.0,0.0,0.0,0.0,27.9,34.0,16.8,28.4,-128.7,20.8,0.0,1.0,1.0,1.0,0.0,0.0,1.0,0.0,82.0,82.0,0
2025-04-11 14:41:13,21.23,5.28,2.8,0.7,5.0,0.0,0.0,0.0,0.0,0.0,27.9,34.0,16.8,28.4,-128.7,20.7,0.0,1.0,1.0,1.0,0.0,0.0,1.0,0.0,82.0,82.0,0
2025-04-11 14:41:14,21.23,5.28,2.8,0.7,5.0,0.0,0.0,0.0,0.0,0.0,27.9,34.0,16.8,28.4,-128.7,20.7,0.0,1.0,1.0,1.0,0.0,0.0,1.0,0.0,82.0,82.0,0
2025-04-11 14:41:15,21.24,5.29,2.8,0.7,4.6,0.0,0.0,0.0,0.0,0.0,27.9,34.0,16.8,28.4,-128.7,20.6,0.0,1.0,1.0,1.0,0.0,0.0,1.0,0.0,82.0,82.0,0
2025-04-11 14:41:16,21.23,5.29,2.8,0.7,5.0,0.0,0.0,0.0,0.0,0.0,27.9,34.0,16.8,28.4,-128.7,20.8,0.0,1.0,1.0,1.0,0.0,0.0,1.0,0.0,82.0,82.0,0
2025-04-11 14:41:17,21.24,5.28,2.7,0.7,5.2,0.0,0.0,0.0,0.0,0.0,27.9,34.0,16.7,28.4,-128.7,20.7,0.0,1.0,1.0,1.0,0.0,0.0,1.0,0.0,82.0,82.0,0
2025-04-11 14:41:18,21.23,5.29,2.8,0.7,5.0,0.0,0.0,0.0,0.0,0.0,27.9,34.0,16.7,28.4,-128.7,20.6,0.0,1.0,1.0,1.0,0.0,0.0,1.0,0.0,82.0,82.0,0
2025-04-11 14:41:19,21.22,5.28,2.8,0.7,5.2,0.0,0.0,0.0,0.0,0.0,27.9,34.0,16.7,28.3,-128.7,20.6,0.0,1.0,1.0,1.0,0.0,0.0,1.0,0.0,82.0,82.0,0
2025-04-11 14:41:20,21.24,5.29,2.8,0.7,5.0,0.0,0.0,0.0,0.0,0.0,27.9,34.0,16.7,28.3,-128.7,20.6,0.0,1.0,1.0,1.0,0.0,0.0,1.0,0.0,82.0,82.0,0
2025-04-11 14:41:21,21.25,5.28,2.8,0.7,4.9,0.0,0.0,0.0,0.0,0.0,27.9,34.0,16.7,28.3,-128.7,20.6,0.0,1.0,1.0,1.0,0.0,0.0,1.0,0.0,82.0,82.0,0
2025-04-11 14:41:22,21.25,5.28,2.8,0.7,4.9,0.0,0.0,0.0,0.0,0.0,27.9,34.0,16.7,28.3,-128.7,20.6,0.0,1.0,1.0,1.0,0.0,0.0,1.0,0.0,82.0,82.0,0
2025-04-11 14:41:23,21.25,5.3,2.7,0.7,4.8,0.0,0.0,0.0,0.0,0.0,27.9,34.0,16.7,28.3,-128.7,20.6,0.0,1.0,1.0,1.0,0.0,0.0,1.0,0.0,82.0,82.0,0
2025-04-11 14:41:24,21.25,5.29,2.8,0.7,4.9,0.0,0.0,0.0,0.0,0.0,27.9,34.0,16.7,28.3,-128.7,20.7,0.0,1.0,1.0,1.0,0.0,0.0,1.0,0.0,82.0,82.0,0
2025-04-11 14:41:25,21.25,5.29,2.8,0.7,4.9,0.0,0.0,0.0,0.0,0.0,27.9,34.0,16.7,28.3,-128.7,20.7,0.0,1.0,1.0,1.0,0.0,0.0,1.0,0.0,82.0,82.0,0
2025-04-11 14:41:26,21.27,5.28,2.8,0.7,5.2,0.0,0.0,0.0,0.0,0.0,27.9,34.0,16.7,28.3,-128.7,20.6,0.0,1.0,1.0,1.0,0.0,0.0,1.0,0.0,82.0,82.0,0
2025-04-11 14:41:27,21.27,5.28,2.8,0.7,5.2,0.0,0.0,0.0,0.0,0.0,27.9,34.0,16.7,28.3,-128.7,20.7,0.0,1.0,1.0,1.0,0.0,0.0,1.0,0.0,82.0,82.0,0
2025-04-11 14:41:28,21.27,5.27,2.8,0.7,5.1,0.0,0.0,0.0,0.0,0.0,27.9,34.0,16.6,28.3,-128.7,20.6,0.0,1.0,1.0,1.0,0.0,0.0,1.0,0.0,82.0,82.0,0
2025-04-11 14:41:29,21.24,5.27,2.8,0.7,5.0,0.0,0.0,0.0,0.0,0.0,27.9,34.0,16.6,28.3,-128.7,20.7,0.0,1.0,1.0,1.0,0.0,0.0,1.0,0.0,82.0,82.0,0
2025-04-11 14:41:30,21.24,5.27,2.8,0.7,5.0,0.0,0.0,0.0,0.0,0.0,27.9,34.0,16.6,28.3,-128.7,20.6,0.0,1.0,1.0,1.0,0.0,0.0,1.0,0.0,82.0,82.0,0
2025-04-11 14:41:31,21.23,5.29,2.8,0.7,4.7,0.0,0.0,0.0,0.0,0.0,27.9,34.0,16.6,28.3,-128.7,20.6,0.0,1.0,1.0,1.0,0.0,0.0,1.0,0.0,82.0,82.0,0
2025-04-11 14:41:32,21.24,5.29,2.8,0.7,5.1,0.0,0.0,0.0,0.0,0.0,27.9,34.0,16.6,28.3,-128.7,20.6,0.0,1.0,1.0,1.0,0.0,0.0,1.0,0.0,82.0,82.0,0
2025-04-11 14:41:33,21.24,5.29,2.8,0.7,5.1,0.0,0.0,0.0,0.0,0.0,27.9,34.0,16.6,28.3,-128.7,20.7,0.0,1.0,1.0,1.0,0.0,0.0,1.0,0.0,82.0,82.0,0
2025-04-11 14:41:34,21.24,5.27,2.7,0.7,5.0,0.0,0.0,0.0,0.0,0.0,27.9,34.0,16.6,28.3,-128.7,20.5,0.0,1.0,1.0,1.0,0.0,0.0,1.0,0.0,82.0,82.0,0
2025-04-11 14:41:35,21.23,5.3,2.7,0.7,5.0,0.0,0.0,0.0,0.0,0.0,27.9,34.0,16.6,28.3,-128.7,20.6,0.0,1.0,1.0,1.0,0.0,0.0,1.0,0.0,82.0,82.0,0
2025-04-11 14:41:36,21.22,5.27,2.8,0.7,4.9,0.0,0.0,0.0,0.0,0.0,27.9,34.0,16.6,28.3,-128.7,20.6,0.0,1.0,1.0,1.0,0.0,0.0,1.0,0.0,82.0,82.0,0
2025-04-11 14:41:37,21.25,5.28,2.8,0.7,5.4,0.0,0.0,0.0,0.0,0.0,27.9,34.0,16.6,28.3,-128.7,20.7,0.0,1.0,1.0,1.0,0.0,0.0,1.0,0.0,82.0,82.0,0
2025-04-11 14:41:38,21.25,5.28,2.8,0.7,5.4,0.0,0.0,0.0,0.0,0.0,27.9,34.0,16.6,28.3,-128.7,20.6,0.0,1.0,1.0,1.0,0.0,0.0,1.0,0.0,82.0,82.0,0
2025-04-11 14:41:39,21.23,5.28,2.8,0.7,5.1,0.0,0.0,0.0,0.0,0.0,27.9,34.0,16.5,28.3,-128.7,20.7,0.0,1.0,1.0,1.0,0.0,0.0,1.0,0.0,82.0,82.0,0
2025-04-11 14:41:40,21.23,5.3,2.8,0.7,4.7,0.0,0.0,0.0,0.0,0.0,27.9,34.0,16.5,28.3,-128.7,20.6,0.0,1.0,1.0,1.0,0.0,0.0,1.0,0.0,82.0,82.0,0
2025-04-11 14:41:41,21.23,5.3,2.8,0.7,4.7,0.0,0.0,0.0,0.0,0.0,27.9,34.0,16.5,28.3,-128.7,20.6,0.0,1.0,1.0,1.0,0.0,0.0,1.0,0.0,82.0,82.0,0
2025-04-11 14:41:42,21.24,5.29,2.7,0.7,4.9,0.0,0.0,0.0,0.0,0.0,27.9,34.0,16.5,28.2,-128.7,20.5,0.0,1.0,1.0,1.0,0.0,0.0,1.0,0.0,82.0,82.0,0
2025-04-11 14:41:43,21.24,5.29,2.7,0.7,4.9,0.0,0.0,0.0,0.0,0.0,27.9,34.0,16.5,28.2,-128.7,20.6,0.0,1.0,1.0,1.0,0.0,0.0,1.0,0.0,82.0,82.0,0
2025-04-11 14:41:44,21.24,5.28,2.8,0.7,5.1,0.0,0.0,0.0,0.0,0.0,27.9,34.0,16.5,28.2,-128.7,20.5,0.0,1.0,1.0,1.0,0.0,0.0,1.0,0.0,82.0,82.0,0
2025-04-11 14:41:45,21.23,5.28,2.8,0.7,4.8,0.0,0.0,0.0,0.0,0.0,27.9,34.0,16.5,28.2,-128.7,20.5,0.0,1.0,1.0,1.0,0.0,0.0,1.0,0.0,82.0,82.0,0
2025-04-11 14:41:46,21.22,5.27,2.8,0.7,4.5,0.0,0.0,0.0,0.0,0.0,27.9,34.0,16.5,28.2,-128.7,20.5,0.0,1.0,1.0,1.0,0.0,0.0,1.0,0.0,82.0,82.0,0
2025-04-11 14:41:47,21.22,5.28,2.8,0.7,4.6,0.0,0.0,0.0,0.0,0.0,27.9,34.0,16.5,28.2,-128.7,20.5,0.0,1.0,1.0,1.0,0.0,0.0,1.0,0.0,82.0,82.0,0
2025-04-11 14:41:48,21.23,5.29,2.8,0.7,5.0,0.0,0.0,0.0,0.0,0.0,27.9,34.0,16.5,28.2,-128.7,20.5,0.0,1.0,1.0,1.0,0.0,0.0,1.0,0.0,82.0,82.0,0
2025-04-11 14:41:49,21.23,5.29,2.8,0.7,5.0,0.0,0.0,0.0,0.0,0.0,27.9,34.0,16.5,28.2,-128.7,20.5,0.0,1.0,1.0,1.0,0.0,0.0,1.0,0.0,82.0,82.0,0
2025-04-11 14:41:50,21.23,5.28,2.7,0.7,4.5,0.0,0.0,0.0,0.0,0.0,27.9,34.0,16.5,28.2,-128.7,20.5,0.0,1.0,1.0,1.0,0.0,0.0,1.0,0.0,82.0,82.0,0
2025-04-11 14:41:51,21.24,5.28,2.8,0.7,5.2,0.0,0.0,0.0,0.0,0.0,27.9,34.0,16.5,28.2,-128.7,20.6,0.0,1.0,1.0,1.0,0.0,0.0,1.0,0.0,82.0,82.0,0
2025-04-11 14:41:52,21.22,5.27,2.8,0.7,4.8,0.0,0.0,0.0,0.0,0.0,27.9,34.0,16.5,28.2,-128.7,20.5,0.0,1.0,1.0,1.0,0.0,0.0,1.0,0.0,82.0,82.0,0
2025-04-11 14:41:53,21.25,5.29,2.8,0.7,4.7,0.0,0.0,0.0,0.0,0.0,27.9,34.0,16.4,28.2,-128.7,20.6,0.0,1.0,1.0,1.0,0.0,0.0,1.0,0.0,82.0,82.0,0
2025-04-11 14:41:54,21.24,5.27,2.8,0.7,4.7,0.0,0.0,0.0,0.0,0.0,27.9,34.0,16.4,28.2,-128.7,20.5,0.0,1.0,1.0,1.0,0.0,0.0,1.0,0.0,82.0,82.0,0
2025-04-11 14:41:55,21.24,5.28,2.8,0.7,5.1,0.0,0.0,0.0,0.0,0.0,27.9,34.0,16.4,28.2,-128.7,20.6,0.0,1.0,1.0,1.0,0.0,0.0,1.0,0.0,82.0,82.0,0
2025-04-11 14:41:56,21.23,5.28,2.8,0.7,4.5,0.0,0.0,0.0,0.0,0.0,27.9,34.0,16.4,28.2,-128.7,20.5,0.0,1.0,1.0,1.0,0.0,0.0,1.0,0.0,82.0,82.0,0
2025-04-11 14:41:57,21.23,5.28,2.7,0.7,5.2,0.0,0.0,0.0,0.0,0.0,27.9,34.0,16.4,28.2,-128.7,20.5,0.0,1.0,1.0,1.0,0.0,0.0,1.0,0.0,82.0,82.0,0
2025-04-11 14:41:58,21.23,5.27,2.8,0.7,4.7,0.0,0.0,0.0,0.0,0.0,27.9,34.0,16.4,28.2,-128.7,20.5,0.0,1.0,1.0,1.0,0.0,0.0,1.0,0.0,82.0,82.0,0
2025-04-11 14:41:59,21.23,5.27,2.8,0.7,5.0,0.0,0.0,0.0,0.0,0.0,27.9,34.0,16.4,28.2,-128.7,20.6,0.0,1.0,1.0,1.0,0.0,0.0,1.0,0.0,82.0,82.0,0
2025-04-11 14:42:00,21.23,5.29,2.8,0.7,5.2,0.0,0.0,0.0,0.0,0.0,27.9,34.0,16.4,28.2,-128.7,20.5,0.0,1.0,1.0,1.0,0.0,0.0,1.0,0.0,82.0,82.0,0
2025-04-11 14:42:01,21.23,5.29,2.8,0.7,4.9,0.0,0.0,0.0,0.0,0.0,27.9,34.0,16.4,28.2,-128.7,20.6,0.0,1.0,1.0,1.0,0.0,0.0,1.0,0.0,82.0,82.0,0
2025-04-11 14:42:02,21.22,5.27,2.8,0.7,5.2,0.0,0.0,0.0,0.0,0.0,27.9,34.0,16.4,28.2,-128.7,20.5,0.0,1.0,1.0,1.0,0.0,0.0,1.0,0.0,82.0,82.0,0
2025-04-11 14:42:03,21.22,5.29,2.8,0.7,5.1,0.0,0.0,0.0,0.0,0.0,27.9,34.0,16.4,28.2,-128.7,20.5,0.0,1.0,1.0,1.0,0.0,0.0,1.0,0.0,82.0,82.0,0
2025-04-11 14:42:04,21.23,5.27,2.8,0.7,5.1,0.0,0.0,0.0,0.0,0.0,27.9,34.0,16.4,28.2,-128.7,20.5,0.0,1.0,1.0,1.0,0.0,0.0,1.0,0.0,82.0,82.0,0
2025-04-11 14:42:05,21.24,5.29,2.7,0.7,4.8,0.0,0.0,0.0,0.0,0.0,27.9,34.0,16.4,28.2,-128.7,20.6,0.0,1.0,1.0,1.0,0.0,0.0,1.0,0.0,82.0,82.0,0
2025-04-11 14:42:06,21.24,5.29,2.7,0.7,4.8,0.0,0.0,0.0,0.0,0.0,27.9,34.0,16.4,28.2,-128.7,20.4,0.0,1.0,1.0,1.0,0.0,0.0,1.0,0.0,82.0,82.0,0
2025-04-11 14:42:07,21.25,5.29,2.8,0.7,4.9,0.0,0.0,0.0,0.0,0.0,27.9,34.0,16.4,28.1,-128.7,20.4,0.0,1.0,1.0,1.0,0.0,0.0,1.0,0.0,82.0,82.0,0
2025-04-11 14:42:08,21.25,5.29,2.8,0.7,4.9,0.0,0.0,0.0,0.0,0.0,27.9,34.0,16.4,28.1,-128.7,20.5,0.0,1.0,1.0,1.0,0.0,0.0,1.0,0.0,82.0,82.0,0
2025-04-11 14:42:09,21.25,5.3,2.8,0.7,5.2,0.0,0.0,0.0,0.0,0.0,27.9,34.0,16.3,28.1,-128.7,20.3,0.0,1.0,1.0,1.0,0.0,0.0,1.0,0.0,82.0,82.0,0
2025-04-11 14:42:10,21.27,5.28,2.8,0.7,4.8,0.0,0.0,0.0,0.0,0.0,27.9,34.0,16.3,28.1,-128.7,20.4,0.0,1.0,1.0,1.0,0.0,0.0,1.0,0.0,82.0,82.0,0
2025-04-11 14:42:11,21.25,5.29,2.8,0.7,5.2,0.0,0.0,0.0,0.0,0.0,27.9,34.0,16.3,28.1,-128.7,20.4,0.0,1.0,1.0,1.0,0.0,0.0,1.0,0.0,82.0,82.0,0
2025-04-11 14:42:12,21.27,5.29,2.8,0.7,5.0,0.0,0.0,0.0,0.0,0.0,27.9,34.0,16.3,28.1,-128.7,20.4,0.0,1.0,1.0,1.0,0.0,0.0,1.0,0.0,82.0,82.0,0
2025-04-11 14:42:13,21.25,5.29,2.8,0.7,4.4,0.0,0.0,0.0,0.0,0.0,27.9,34.0,16.3,28.1,-128.7,20.3,0.0,1.0,1.0,1.0,0.0,0.0,1.0,0.0,82.0,82.0,0
2025-04-11 14:42:14,21.24,5.29,2.7,0.7,4.8,0.0,0.0,0.0,0.0,0.0,27.9,34.0,16.3,28.1,-128.7,20.4,0.0,1.0,1.0,1.0,0.0,0.0,1.0,0.0,82.0,82.0,0
2025-04-11 14:42:15,21.25,5.29,2.7,0.7,4.2,0.0,0.0,0.0,0.0,0.0,27.9,34.0,16.3,28.1,-128.7,20.4,0.0,1.0,1.0,1.0,0.0,0.0,1.0,0.0,82.0,82.0,0
2025-04-11 14:42:16,21.25,5.3,2.8,0.7,5.0,0.0,0.0,0.0,0.0,0.0,27.9,34.0,16.3,28.1,-128.7,20.4,0.0,1.0,1.0,1.0,0.0,0.0,1.0,0.0,82.0,82.0,0
2025-04-11 14:42:17,21.27,5.29,2.8,0.7,4.7,0.0,0.0,0.0,0.0,0.0,27.9,34.0,16.3,28.1,-128.7,20.4,0.0,1.0,1.0,1.0,0.0,0.0,1.0,0.0,82.0,82.0,0
2025-04-11 14:42:18,21.25,5.3,2.8,0.7,4.5,0.0,0.0,0.0,0.0,0.0,27.9,34.0,16.3,28.1,-128.7,20.4,0.0,1.0,1.0,1.0,0.0,0.0,1.0,0.0,82.0,82.0,0
2025-04-11 14:42:19,21.24,5.28,2.8,0.7,5.0,0.0,0.0,0.0,0.0,0.0,27.9,34.0,16.3,28.1,-128.7,20.4,0.0,1.0,1.0,1.0,0.0,0.0,1.0,0.0,82.0,82.0,0
2025-04-11 14:42:20,21.24,5.3,2.8,0.7,4.4,0.0,0.0,0.0,0.0,0.0,27.9,34.0,16.3,28.1,-128.7,20.4,0.0,1.0,1.0,1.0,0.0,0.0,1.0,0.0,82.0,82.0,0
2025-04-11 14:42:21,21.24,5.28,2.8,0.7,5.3,0.0,0.0,0.0,0.0,0.0,27.9,34.0,16.3,28.1,-128.7,20.4,0.0,1.0,1.0,1.0,0.0,0.0,1.0,0.0,82.0,82.0,0
2025-04-11 14:42:22,21.25,5.3,2.7,0.7,4.7,0.0,0.0,0.0,0.0,0.0,27.9,34.0,16.3,28.1,-128.7,20.3,0.0,1.0,1.0,1.0,0.0,0.0,1.0,0.0,82.0,82.0,0
2025-04-11 14:42:23,21.24,5.28,2.8,0.7,4.7,0.0,0.0,0.0,0.0,0.0,27.9,34.0,16.3,28.1,-128.7,20.4,0.0,1.0,1.0,1.0,0.0,0.0,1.0,0.0,82.0,82.0,0
2025-04-11 14:42:24,21.24,5.29,2.8,0.7,4.5,0.0,0.0,0.0,0.0,0.0,27.9,34.0,16.3,28.1,-128.7,20.3,0.0,1.0,1.0,1.0,0.0,0.0,1.0,0.0,82.0,82.0,0
2025-04-11 14:42:25,21.24,5.28,2.8,0.7,4.9,0.0,0.0,0.0,0.0,0.0,27.9,34.0,16.3,28.1,-128.7,20.5,0.0,1.0,1.0,1.0,0.0,0.0,1.0,0.0,82.0,82.0,0
2025-04-11 14:42:26,21.24,5.29,2.8,0.7,4.6,0.0,0.0,0.0,0.0,0.0,27.9,34.0,16.3,28.1,-128.7,20.3,0.0,1.0,1.0,1.0,0.0,0.0,1.0,0.0,82.0,82.0,0
2025-04-11 14:42:27,21.24,5.28,2.8,0.7,4.3,0.0,0.0,0.0,0.0,0.0,27.9,34.0,16.3,28.1,-128.7,20.4,0.0,1.0,1.0,1.0,0.0,0.0,1.0,0.0,82.0,82.0,0
2025-04-11 14:42:28,21.25,5.29,2.7,0.7,5.0,0.0,0.0,0.0,0.0,0.0,27.9,34.0,16.3,28.1,-128.7,20.4,0.0,1.0,1.0,1.0,0.0,0.0,1.0,0.0,82.0,82.0,0
2025-04-11 14:42:29,21.25,5.29,2.8,0.7,4.9,0.0,0.0,0.0,0.0,0.0,27.9,34.0,16.3,28.1,-128.7,20.4,0.0,1.0,1.0,1.0,0.0,0.0,1.0,0.0,82.0,82.0,0
2025-04-11 14:42:30,21.23,5.3,2.8,0.7,5.1,0.0,0.0,0.0,0.0,0.0,27.9,34.0,16.3,28.1,-128.7,20.4,0.0,1.0,1.0,1.0,0.0,0.0,1.0,0.0,82.0,82.0,0
2025-04-11 14:42:31,21.24,5.29,2.8,0.7,4.4,0.0,0.0,0.0,0.0,0.0,27.9,34.0,16.3,28.1,-128.7,20.4,0.0,1.0,1.0,1.0,0.0,0.0,1.0,0.0,82.0,82.0,0
2025-04-11 14:42:32,21.25,5.29,2.8,0.7,4.9,0.0,0.0,0.0,0.0,0.0,27.9,34.0,16.3,28.1,-128.7,20.3,0.0,1.0,1.0,1.0,0.0,0.0,1.0,0.0,82.0,82.0,0
2025-04-11 14:42:33,21.24,5.28,2.8,0.7,5.2,0.0,0.0,0.0,0.0,0.0,27.9,34.0,16.3,28.1,-128.7,20.4,0.0,1.0,1.0,1.0,0.0,0.0,1.0,0.0,82.0,82.0,0
2025-04-11 14:42:34,21.24,5.28,2.8,0.7,5.2,0.0,0.0,0.0,0.0,0.0,27.9,34.0,16.3,28.1,-128.7,20.4,0.0,1.0,1.0,1.0,0.0,0.0,1.0,0.0,82.0,82.0,0
2025-04-11 14:42:35,21.24,5.29,2.8,0.7,5.1,0.0,0.0,0.0,0.0,0.0,27.9,34.0,16.3,28.1,-128.7,20.5,0.0,1.0,1.0,1.0,0.0,0.0,1.0,0.0,82.0,82.0,0
2025-04-11 14:42:36,21.23,5.28,2.8,0.7,4.5,0.0,0.0,0.0,0.0,0.0,27.9,34.0,16.3,28.1,-128.7,20.4,0.0,1.0,1.0,1.0,0.0,0.0,1.0,0.0,82.0,82.0,0
2025-04-11 14:42:37,21.23,5.3,2.8,0.7,5.4,0.0,0.0,0.0,0.0,0.0,27.9,34.0,16.3,28.1,-128.7,20.3,0.0,1.0,1.0,1.0,0.0,0.0,1.0,0.0,82.0,82.0,0
2025-04-11 14:42:38,21.24,5.27,2.7,0.7,5.2,0.0,0.0,0.0,0.0,0.0,27.9,34.0,16.3,28.1,-128.7,20.5,0.0,1.0,1.0,1.0,0.0,0.0,1.0,0.0,82.0,82.0,0
2025-04-11 14:42:39,21.23,5.29,2.7,0.7,5.2,0.0,0.0,0.0,0.0,0.0,27.9,34.0,16.3,28.1,-128.7,20.3,0.0,1.0,1.0,1.0,0.0,0.0,1.0,0.0,82.0,82.0,0
2025-04-11 14:42:40,21.23,5.28,2.8,0.7,5.1,0.0,0.0,0.0,0.0,0.0,27.9,34.0,16.3,28.1,-128.7,20.4,0.0,1.0,1.0,1.0,0.0,0.0,1.0,0.0,82.0,82.0,0
2025-04-11 14:42:41,21.2,5.28,2.8,0.7,5.1,0.0,0.0,0.0,0.0,0.0,27.9,34.0,16.3,28.1,-128.7,20.3,0.0,1.0,1.0,1.0,0.0,0.0,1.0,0.0,82.0,82.0,0
2025-04-11 14:42:42,21.22,5.29,2.8,0.7,4.9,0.0,0.0,0.0,0.0,0.0,27.9,34.0,16.3,28.0,-128.7,20.3,0.0,1.0,1.0,1.0,0.0,0.0,1.0,0.0,82.0,82.0,0
2025-04-11 14:42:43,21.2,5.28,2.8,0.7,5.2,0.0,0.0,0.0,0.0,0.0,27.9,34.0,16.3,28.0,-128.7,20.3,0.0,1.0,1.0,1.0,0.0,0.0,1.0,0.0,82.0,82.0,0
2025-04-11 14:42:44,21.2,5.3,2.8,0.7,4.7,0.0,0.0,0.0,0.0,0.0,27.9,34.0,16.3,28.0,-128.7,20.3,0.0,1.0,1.0,1.0,0.0,0.0,1.0,0.0,82.0,82.0,0
2025-04-11 14:42:45,21.23,5.28,2.8,0.7,4.9,0.0,0.0,0.0,0.0,0.0,27.9,34.0,16.3,28.0,-128.7,20.3,0.0,1.0,1.0,1.0,0.0,0.0,1.0,0.0,82.0,82.0,0
2025-04-11 14:42:46,21.23,5.29,2.8,0.7,5.1,0.0,0.0,0.0,0.0,0.0,27.9,34.0,16.3,28.0,-128.7,20.2,0.0,1.0,1.0,1.0,0.0,0.0,1.0,0.0,82.0,82.0,0
2025-04-11 14:42:47,21.22,5.28,2.8,0.7,4.7,0.0,0.0,0.0,0.0,0.0,27.8,34.0,16.3,28.0,-128.7,20.3,0.0,1.0,1.0,1.0,0.0,0.0,1.0,0.0,82.0,82.0,0
2025-04-11 14:42:48,21.23,5.29,2.8,0.7,4.9,0.0,0.0,0.0,0.0,0.0,27.8,34.0,16.3,28.0,-128.7,20.2,0.0,1.0,1.0,1.0,0.0,0.0,1.0,0.0,82.0,82.0,0
2025-04-11 14:42:49,21.2,5.3,2.8,0.7,5.2,0.0,0.0,0.0,0.0,0.0,27.8,34.0,16.3,28.0,-128.7,20.3,0.0,1.0,1.0,1.0,0.0,0.0,1.0,0.0,82.0,82.0,0
2025-04-11 14:42:50,21.2,5.28,2.8,0.7,4.6,0.0,0.0,0.0,0.0,0.0,27.8,34.0,16.3,28.0,-128.7,20.3,0.0,1.0,1.0,1.0,0.0,0.0,1.0,0.0,82.0,82.0,0
2025-04-11 14:42:51,21.22,5.3,2.8,0.7,4.9,0.0,0.0,0.0,0.0,0.0,27.8,34.0,16.3,28.0,-128.7,20.3,0.0,1.0,1.0,1.0,0.0,0.0,1.0,0.0,82.0,82.0,0
2025-04-11 14:42:52,21.22,5.27,2.8,0.7,5.0,0.0,0.0,0.0,0.0,0.0,27.8,34.0,16.3,28.0,-128.7,20.3,0.0,1.0,1.0,1.0,0.0,0.0,1.0,0.0,82.0,82.0,0
2025-04-11 14:42:53,21.23,5.3,2.7,0.7,4.7,0.0,0.0,0.0,0.0,0.0,27.8,34.0,16.3,28.0,-128.7,20.3,0.0,1.0,1.0,1.0,0.0,0.0,1.0,0.0,82.0,82.0,0
2025-04-11 14:42:54,21.23,5.28,2.8,0.7,4.8,0.0,0.0,0.0,0.0,0.0,27.8,34.0,16.3,28.0,-128.7,20.3,0.0,1.0,1.0,1.0,0.0,0.0,1.0,0.0,82.0,82.0,0
2025-04-11 14:42:55,21.23,5.29,2.8,0.7,5.3,0.0,0.0,0.0,0.0,0.0,27.8,34.0,16.3,28.0,-128.7,20.3,0.0,1.0,1.0,1.0,0.0,0.0,1.0,0.0,82.0,82.0,0
2025-04-11 14:42:56,21.22,5.29,2.8,0.7,4.6,0.0,0.0,0.0,0.0,0.0,27.8,34.0,16.3,28.0,-128.7,20.3,0.0,1.0,1.0,1.0,0.0,0.0,1.0,0.0,82.0,82.0,0
2025-04-11 14:42:57,21.2,5.27,2.8,0.7,4.6,0.0,0.0,0.0,0.0,0.0,27.8,34.0,16.3,28.0,-128.7,20.3,0.0,1.0,1.0,1.0,0.0,0.0,1.0,0.0,82.0,82.0,0
2025-04-11 14:42:58,21.22,5.3,2.8,0.7,4.8,0.0,0.0,0.0,0.0,0.0,27.8,34.0,16.3,28.0,-128.7,20.3,0.0,1.0,1.0,1.0,0.0,0.0,1.0,0.0,82.0,82.0,0
2025-04-11 14:42:59,21.2,5.27,2.8,0.7,4.8,0.0,0.0,0.0,0.0,0.0,27.8,34.0,16.3,28.0,-128.7,20.3,0.0,1.0,1.0,1.0,0.0,0.0,1.0,0.0,82.0,82.0,0
2025-04-11 14:43:00,21.22,5.29,2.8,0.7,4.7,0.0,0.0,0.0,0.0,0.0,27.8,34.0,16.3,28.0,-128.7,20.3,0.0,1.0,1.0,1.0,0.0,0.0,1.0,0.0,82.0,82.0,0
2025-04-11 14:43:01,21.22,5.27,2.8,0.7,5.0,0.0,0.0,0.0,0.0,0.0,27.8,34.0,16.3,28.0,-128.7,20.4,0.0,1.0,1.0,1.0,0.0,0.0,1.0,0.0,82.0,82.0,0
2025-04-11 14:43:02,21.23,5.29,2.8,0.7,5.0,0.0,0.0,0.0,0.0,0.0,27.8,34.0,16.3,28.0,-128.7,20.3,0.0,1.0,1.0,1.0,0.0,0.0,1.0,0.0,82.0,82.0,0
2025-04-11 14:43:03,21.22,5.28,2.8,0.7,4.6,0.0,0.0,0.0,0.0,0.0,27.8,34.0,16.3,28.0,-128.7,20.3,0.0,1.0,1.0,1.0,0.0,0.0,1.0,0.0,82.0,82.0,0
2025-04-11 14:43:04,21.23,5.27,2.8,0.7,4.3,0.0,0.0,0.0,0.0,0.0,27.8,34.0,16.3,28.0,-128.7,20.3,0.0,1.0,1.0,1.0,0.0,0.0,1.0,0.0,82.0,82.0,0
2025-04-11 14:43:05,21.2,5.3,2.8,0.7,4.6,0.0,0.0,0.0,0.0,0.0,27.8,34.0,16.3,28.0,-128.7,20.3,0.0,1.0,1.0,1.0,0.0,0.0,1.0,0.0,82.0,82.0,0
2025-04-11 14:43:06,21.2,5.28,2.8,0.7,4.8,0.0,0.0,0.0,0.0,0.0,27.8,34.0,16.3,28.0,-128.7,20.3,0.0,1.0,1.0,1.0,0.0,0.0,1.0,0.0,82.0,82.0,0
2025-04-11 14:43:07,21.22,5.29,2.8,0.7,4.7,0.0,0.0,0.0,0.0,0.0,27.8,34.0,16.3,28.0,-128.7,20.3,0.0,1.0,1.0,1.0,0.0,0.0,1.0,0.0,82.0,82.0,0
2025-04-11 14:43:08,21.22,5.28,2.8,0.7,4.5,0.0,0.0,0.0,0.0,0.0,27.8,34.0,16.3,28.0,-128.7,20.3,0.0,1.0,1.0,1.0,0.0,0.0,1.0,0.0,82.0,82.0,0
2025-04-11 14:43:09,21.23,5.29,2.7,0.7,5.2,0.0,0.0,0.0,0.0,0.0,27.8,34.0,16.3,28.0,-128.7,20.3,0.0,1.0,1.0,1.0,0.0,0.0,1.0,0.0,82.0,82.0,0
2025-04-11 14:43:10,21.24,5.29,2.8,0.7,4.9,0.0,0.0,0.0,0.0,0.0,27.8,34.0,16.3,28.0,-128.7,20.3,0.0,1.0,1.0,1.0,0.0,0.0,1.0,0.0,82.0,82.0,0
2025-04-11 14:43:11,21.23,5.28,2.7,0.7,4.8,0.0,0.0,0.0,0.0,0.0,27.8,34.0,16.3,28.0,-128.7,20.3,0.0,1.0,1.0,1.0,0.0,0.0,1.0,0.0,82.0,82.0,0
2025-04-11 14:43:12,21.24,5.28,2.8,0.7,5.3,0.0,0.0,0.0,0.0,0.0,27.8,34.0,16.3,28.0,-128.7,20.3,0.0,1.0,1.0,1.0,0.0,0.0,1.0,0.0,82.0,82.0,0
2025-04-11 14:43:13,21.23,5.28,2.8,0.7,5.1,0.0,0.0,0.0,0.0,0.0,27.8,34.0,16.3,28.0,-128.7,20.3,0.0,1.0,1.0,1.0,0.0,0.0,1.0,0.0,82.0,82.0,0
2025-04-11 14:43:14,21.24,5.29,2.8,0.7,5.0,0.0,0.0,0.0,0.0,0.0,27.8,34.0,16.3,28.0,-128.7,20.3,0.0,1.0,1.0,1.0,0.0,0.0,1.0,0.0,82.0,82.0,0
2025-04-11 14:43:15,21.25,5.28,2.8,0.7,4.9,0.0,0.0,0.0,0.0,0.0,27.8,34.0,16.3,28.0,-128.7,20.3,0.0,1.0,1.0,1.0,0.0,0.0,1.0,0.0,82.0,82.0,0
2025-04-11 14:43:16,21.24,5.3,2.8,0.7,5.0,0.0,0.0,0.0,0.0,0.0,27.8,34.0,16.3,28.0,-128.7,20.2,0.0,1.0,1.0,1.0,0.0,0.0,1.0,0.0,82.0,82.0,0
2025-04-11 14:43:17,21.25,5.28,2.7,0.7,4.8,0.0,0.0,0.0,0.0,0.0,27.8,34.0,16.3,28.0,-128.7,20.3,0.0,1.0,1.0,1.0,0.0,0.0,1.0,0.0,82.0,82.0,0
2025-04-11 14:43:18,21.23,5.3,2.8,0.7,4.7,0.0,0.0,0.0,0.0,0.0,27.8,34.0,16.3,28.0,-128.7,20.2,0.0,1.0,1.0,1.0,0.0,0.0,1.0,0.0,82.0,82.0,0
2025-04-11 14:43:19,21.23,5.28,2.8,0.7,4.6,0.0,0.0,0.0,0.0,0.0,27.8,34.0,16.3,28.0,-128.7,20.3,0.0,1.0,1.0,1.0,0.0,0.0,1.0,0.0,82.0,82.0,0
2025-04-11 14:43:20,21.23,5.3,2.8,0.7,5.0,0.0,0.0,0.0,0.0,0.0,27.8,34.0,16.3,28.0,-128.7,20.2,0.0,1.0,1.0,1.0,0.0,0.0,1.0,0.0,82.0,82.0,0
2025-04-11 14:43:21,21.24,5.29,2.8,0.7,4.6,0.0,0.0,0.0,0.0,0.0,27.8,34.0,16.3,28.0,-128.7,20.3,0.0,1.0,1.0,1.0,0.0,0.0,1.0,0.0,82.0,82.0,0
2025-04-11 14:43:22,21.24,5.29,2.8,0.7,4.7,0.0,0.0,0.0,0.0,0.0,27.8,34.0,16.3,28.0,-128.7,20.2,0.0,1.0,1.0,1.0,0.0,0.0,1.0,0.0,82.0,82.0,0
2025-04-11 14:43:23,21.25,5.3,2.8,0.7,4.8,0.0,0.0,0.0,0.0,0.0,27.8,34.0,16.3,28.0,-128.7,20.2,0.0,1.0,1.0,1.0,0.0,0.0,1.0,0.0,82.0,82.0,0
2025-04-11 14:43:24,21.23,5.29,2.8,0.7,4.8,0.0,0.0,0.0,0.0,0.0,27.8,34.0,16.3,28.0,-128.7,20.2,0.0,1.0,1.0,1.0,0.0,0.0,1.0,0.0,82.0,82.0,0
2025-04-11 14:43:25,21.22,5.3,2.8,0.7,5.0,0.0,0.0,0.0,0.0,0.0,27.8,34.0,16.4,28.0,-128.7,20.2,0.0,1.0,1.0,1.0,0.0,0.0,1.0,0.0,82.0,82.0,0
2025-04-11 14:43:26,21.23,5.29,2.8,0.7,4.8,0.0,0.0,0.0,0.0,0.0,27.8,34.0,16.4,28.0,-128.7,20.2,0.0,1.0,1.0,1.0,0.0,0.0,1.0,0.0,82.0,82.0,0
2025-04-11 14:43:27,21.23,5.3,2.8,0.7,4.6,0.0,0.0,0.0,0.0,0.0,27.8,34.0,16.4,28.0,-128.7,20.2,0.0,1.0,1.0,1.0,0.0,0.0,1.0,0.0,82.0,82.0,0
2025-04-11 14:43:28,21.24,5.29,2.8,0.7,4.7,0.0,0.0,0.0,0.0,0.0,27.8,34.0,16.4,28.0,-128.7,20.3,0.0,1.0,1.0,1.0,0.0,0.0,1.0,0.0,82.0,82.0,0
2025-04-11 14:43:29,21.23,5.3,2.8,0.7,5.2,0.0,0.0,0.0,0.0,0.0,27.8,34.0,16.4,28.0,-128.7,20.2,0.0,1.0,1.0,1.0,0.0,0.0,1.0,0.0,82.0,82.0,0
2025-04-11 14:43:30,21.25,5.29,2.8,0.7,5.2,0.0,0.0,0.0,0.0,0.0,27.8,34.0,16.4,28.0,-128.7,20.3,0.0,1.0,1.0,1.0,0.0,0.0,1.0,0.0,82.0,82.0,0
2025-04-11 14:43:31,21.23,5.3,2.8,0.7,4.7,0.0,0.0,0.0,0.0,0.0,27.8,34.0,16.4,28.0,-128.7,20.2,0.0,1.0,1.0,1.0,0.0,0.0,1.0,0.0,82.0,82.0,0
2025-04-11 14:43:32,21.23,5.29,2.8,0.7,5.0,0.0,0.0,0.0,0.0,0.0,27.8,34.0,16.4,28.0,-128.7,20.2,0.0,1.0,1.0,1.0,0.0,0.0,1.0,0.0,82.0,82.0,0
2025-04-11 14:43:33,21.23,5.3,2.8,0.7,5.3,0.0,0.0,0.0,0.0,0.0,27.8,34.0,16.4,28.0,-128.7,20.2,0.0,1.0,1.0,1.0,0.0,0.0,1.0,0.0,82.0,82.0,0
2025-04-11 14:43:34,21.24,5.29,2.8,0.7,4.7,0.0,0.0,0.0,0.0,0.0,27.8,34.0,16.4,28.0,-128.7,20.2,0.0,1.0,1.0,1.0,0.0,0.0,1.0,0.0,82.0,82.0,0
2025-04-11 14:43:35,21.23,5.3,2.8,0.7,5.1,0.0,0.0,0.0,0.0,0.0,27.8,34.0,16.4,28.0,-128.7,20.2,0.0,1.0,1.0,1.0,0.0,0.0,1.0,0.0,82.0,82.0,0
2025-04-11 14:43:36,21.23,5.3,2.8,0.7,5.2,0.0,0.0,0.0,0.0,0.0,27.8,34.0,16.5,28.0,-128.7,20.3,0.0,1.0,1.0,1.0,0.0,0.0,1.0,0.0,82.0,82.0,0
2025-04-11 14:43:37,21.24,5.3,2.8,0.7,4.7,0.0,0.0,0.0,0.0,0.0,27.8,34.0,16.5,28.0,-128.7,20.2,0.0,1.0,1.0,1.0,0.0,0.0,1.0,0.0,82.0,82.0,0
2025-04-11 14:43:38,21.24,5.3,2.8,0.7,5.1,0.0,0.0,0.0,0.0,0.0,27.8,34.0,16.5,28.0,-128.7,20.3,0.0,1.0,1.0,1.0,0.0,0.0,1.0,0.0,82.0,82.0,0
2025-04-11 14:43:39,21.24,5.3,2.8,0.7,5.3,0.0,0.0,0.0,0.0,0.0,27.8,34.0,16.5,28.0,-128.7,20.2,0.0,1.0,1.0,1.0,0.0,0.0,1.0,0.0,82.0,82.0,0
2025-04-11 14:43:40,21.25,5.3,2.8,0.7,4.7,0.0,0.0,0.0,0.0,0.0,27.8,34.0,16.5,28.0,-128.7,20.2,0.0,1.0,1.0,1.0,0.0,0.0,1.0,0.0,82.0,82.0,0
2025-04-11 14:43:41,21.24,5.3,2.8,0.7,5.4,0.0,0.0,0.0,0.0,0.0,27.8,34.0,16.5,28.0,-128.7,20.2,0.0,1.0,1.0,1.0,0.0,0.0,1.0,0.0,82.0,82.0,0
2025-04-11 14:43:42,21.23,5.3,2.8,0.7,5.1,0.0,0.0,0.0,0.0,0.0,27.8,34.0,16.5,28.0,-128.7,20.2,0.0,1.0,1.0,1.0,0.0,0.0,1.0,0.0,82.0,82.0,0
2025-04-11 14:43:43,21.24,5.3,2.8,0.7,5.0,0.0,0.0,0.0,0.0,0.0,27.8,34.0,16.5,28.0,-128.7,20.2,0.0,1.0,1.0,1.0,0.0,0.0,1.0,0.0,82.0,82.0,0
2025-04-11 14:43:44,21.24,5.3,2.7,0.7,4.8,0.0,0.0,0.0,0.0,0.0,27.8,34.0,16.6,28.0,-128.7,20.2,0.0,1.0,1.0,1.0,0.0,0.0,1.0,0.0,82.0,82.0,0
2025-04-11 14:43:45,21.25,5.3,2.8,0.7,4.9,0.0,0.0,0.0,0.0,0.0,27.8,34.0,16.6,28.0,-128.7,20.2,0.0,1.0,1.0,1.0,0.0,0.0,1.0,0.0,82.0,82.0,0
2025-04-11 14:43:46,21.24,5.309999,2.7,0.7,5.1,0.0,0.0,0.0,0.0,0.0,27.8,34.0,16.6,28.0,-128.7,20.2,0.0,1.0,1.0,1.0,0.0,0.0,1.0,0.0,82.0,82.0,0
2025-04-11 14:43:47,21.24,5.29,2.8,0.7,4.7,0.0,0.0,0.0,0.0,0.0,27.8,34.0,16.6,28.0,-128.7,20.2,0.0,1.0,1.0,1.0,0.0,0.0,1.0,0.0,82.0,82.0,0
2025-04-11 14:43:48,21.25,5.309999,2.7,0.7,4.5,0.0,0.0,0.0,0.0,0.0,27.8,34.0,16.6,28.0,-128.7,20.2,0.0,1.0,1.0,1.0,0.0,0.0,1.0,0.0,82.0,82.0,0
2025-04-11 14:43:49,21.24,5.29,2.8,0.7,5.1,0.0,0.0,0.0,0.0,0.0,27.8,34.0,16.6,28.0,-128.7,20.3,0.0,1.0,1.0,1.0,0.0,0.0,1.0,0.0,82.0,82.0,0
2025-04-11 14:43:50,21.24,5.309999,2.8,0.7,4.6,0.0,0.0,0.0,0.0,0.0,27.8,34.0,16.6,28.0,-128.7,20.2,0.0,1.0,1.0,1.0,0.0,0.0,1.0,0.0,82.0,82.0,0
2025-04-11 14:43:51,21.24,5.29,2.8,0.7,4.5,0.0,0.0,0.0,0.0,0.0,27.8,34.0,16.7,28.0,-128.7,20.2,0.0,1.0,1.0,1.0,0.0,0.0,1.0,0.0,82.0,82.0,0
2025-04-11 14:43:52,21.25,5.3,2.8,0.7,4.7,0.0,0.0,0.0,0.0,0.0,27.8,34.0,16.7,28.0,-128.7,20.2,0.0,1.0,1.0,1.0,0.0,0.0,1.0,0.0,82.0,82.0,0
2025-04-11 14:43:53,21.25,5.3,2.7,0.7,5.1,0.0,0.0,0.0,0.0,0.0,27.8,34.0,16.7,28.0,-128.7,20.2,0.0,1.0,1.0,1.0,0.0,0.0,1.0,0.0,82.0,82.0,0
2025-04-11 14:43:54,21.24,5.29,2.8,0.7,4.7,0.0,0.0,0.0,0.0,0.0,27.8,34.0,16.7,28.0,-128.7,20.2,0.0,1.0,1.0,1.0,0.0,0.0,1.0,0.0,82.0,82.0,0
2025-04-11 14:43:55,21.24,5.32,2.8,0.7,4.7,0.0,0.0,0.0,0.0,0.0,27.8,34.0,16.7,28.0,-128.7,20.1,0.0,1.0,1.0,1.0,0.0,0.0,1.0,0.0,82.0,82.0,0
2025-04-11 14:43:56,21.25,5.3,2.8,0.7,5.1,0.0,0.0,0.0,0.0,0.0,27.8,34.0,16.7,28.0,-128.7,20.2,0.0,1.0,1.0,1.0,0.0,0.0,1.0,0.0,82.0,82.0,0
2025-04-11 14:43:57,21.25,5.309999,2.8,0.7,4.7,0.0,0.0,0.0,0.0,0.0,27.8,34.0,16.8,28.0,-128.7,20.2,0.0,1.0,1.0,1.0,0.0,0.0,1.0,0.0,82.0,82.0,0
2025-04-11 14:43:58,21.24,5.3,2.8,0.7,4.7,0.0,0.0,0.0,0.0,0.0,27.8,34.0,16.8,28.0,-128.7,20.2,0.0,1.0,1.0,1.0,0.0,0.0,1.0,0.0,82.0,82.0,0
2025-04-11 14:43:59,21.27,5.309999,2.8,0.7,4.9,0.0,0.0,0.0,0.0,0.0,27.8,34.0,16.8,28.0,-128.7,20.2,0.0,1.0,1.0,1.0,0.0,0.0,1.0,0.0,82.0,82.0,0
2025-04-11 14:44:00,21.27,5.309999,2.8,0.7,4.6,0.0,0.0,0.0,0.0,0.0,27.8,34.0,16.8,28.1,-128.7,20.3,0.0,1.0,1.0,1.0,0.0,0.0,1.0,0.0,82.0,82.0,0
2025-04-11 14:44:01,21.27,5.3,2.8,0.7,4.7,0.0,0.0,0.0,0.0,0.0,27.8,34.0,16.8,28.1,-128.7,20.3,0.0,1.0,1.0,1.0,0.0,0.0,1.0,0.0,82.0,82.0,0
2025-04-11 14:44:02,21.27,5.309999,2.8,0.7,5.2,0.0,0.0,0.0,0.0,0.0,27.8,34.0,16.9,28.1,-128.7,20.3,0.0,1.0,1.0,1.0,0.0,0.0,1.0,0.0,82.0,82.0,0
2025-04-11 14:44:03,21.24,5.3,2.8,0.7,4.5,0.0,0.0,0.0,0.0,0.0,27.9,34.0,16.9,28.1,-128.7,20.3,0.0,1.0,1.0,1.0,0.0,0.0,1.0,0.0,82.0,82.0,0
2025-04-11 14:44:04,21.24,5.309999,2.8,0.7,4.5,0.0,0.0,0.0,0.0,0.0,27.9,34.0,16.9,28.1,-128.7,20.2,0.0,1.0,1.0,1.0,0.0,0.0,1.0,0.0,82.0,82.0,0
2025-04-11 14:44:05,21.25,5.309999,2.8,0.7,4.5,0.0,0.0,0.0,0.0,0.0,27.9,34.0,16.9,28.1,-128.7,20.2,0.0,1.0,1.0,1.0,0.0,0.0,1.0,0.0,82.0,82.0,0
2025-04-11 14:44:06,21.25,5.3,2.8,0.7,4.8,0.0,0.0,0.0,0.0,0.0,27.9,34.0,17.0,28.1,-128.7,20.3,0.0,1.0,1.0,1.0,0.0,0.0,1.0,0.0,82.0,82.0,0
2025-04-11 14:44:07,21.25,5.32,2.8,0.7,4.6,0.0,0.0,0.0,0.0,0.0,27.9,34.0,17.0,28.1,-128.7,20.2,0.0,1.0,1.0,1.0,0.0,0.0,1.0,0.0,82.0,82.0,0
2025-04-11 14:44:08,21.27,5.309999,2.7,0.7,4.6,0.0,0.0,0.0,0.0,0.0,27.9,34.0,17.0,28.1,-128.7,20.3,0.0,1.0,1.0,1.0,0.0,0.0,1.0,0.0,82.0,82.0,0
2025-04-11 14:44:09,21.25,5.33,2.8,0.7,4.9,0.0,0.0,0.0,0.0,0.0,27.9,34.0,17.0,28.1,-128.7,20.2,0.0,1.0,1.0,1.0,0.0,0.0,1.0,0.0,82.0,82.0,0
2025-04-11 14:44:10,21.27,5.309999,2.8,0.7,4.7,0.0,0.0,0.0,0.0,0.0,27.9,34.0,17.0,28.1,-128.7,20.3,0.0,1.0,1.0,1.0,0.0,0.0,1.0,0.0,82.0,82.0,0
2025-04-11 14:44:11,21.24,5.309999,2.8,0.7,4.7,0.0,0.0,0.0,0.0,0.0,27.9,34.0,17.0,28.1,-128.7,20.2,0.0,1.0,1.0,1.0,0.0,0.0,1.0,0.0,82.0,82.0,0
2025-04-11 14:44:12,21.24,5.32,2.8,0.7,4.7,0.0,0.0,0.0,0.0,0.0,27.9,34.0,17.1,28.1,-128.7,20.3,0.0,1.0,1.0,1.0,0.0,0.0,1.0,0.0,82.0,82.0,0
2025-04-11 14:44:13,21.25,5.309999,2.8,0.7,4.5,0.0,0.0,0.0,0.0,0.0,27.9,34.0,17.1,28.1,-128.7,20.3,0.0,1.0,1.0,1.0,0.0,0.0,1.0,0.0,82.0,82.0,0
2025-04-11 14:44:14,21.25,5.33,2.8,0.7,4.7,0.0,0.0,0.0,0.0,0.0,27.9,34.0,17.1,28.1,-128.7,20.2,0.0,1.0,1.0,1.0,0.0,0.0,1.0,0.0,82.0,82.0,0
2025-04-11 14:44:15,21.27,5.309999,2.8,0.7,5.2,0.0,0.0,0.0,0.0,0.0,27.9,34.0,17.1,28.1,-128.7,20.3,0.0,1.0,1.0,1.0,0.0,0.0,1.0,0.0,82.0,82.0,0
2025-04-11 14:44:16,21.28,5.32,2.8,0.7,5.0,0.0,0.0,0.0,0.0,0.0,27.9,34.0,17.1,28.1,-128.7,20.2,0.0,1.0,1.0,1.0,0.0,0.0,1.0,0.0,82.0,82.0,0
2025-04-11 14:44:17,21.28,5.3,2.8,0.7,4.6,0.0,0.0,0.0,0.0,0.0,27.9,34.0,17.1,28.1,-128.7,20.3,0.0,1.0,1.0,1.0,0.0,0.0,1.0,0.0,82.0,82.0,0
2025-04-11 14:44:18,21.27,5.309999,2.7,0.7,5.0,0.0,0.0,0.0,0.0,0.0,27.9,34.0,17.1,28.1,-128.7,20.2,0.0,1.0,1.0,1.0,0.0,0.0,1.0,0.0,82.0,82.0,0
2025-04-11 14:44:19,21.25,5.32,2.8,0.7,4.9,0.0,0.0,0.0,0.0,0.0,27.9,34.0,17.1,28.1,-128.7,20.3,0.0,1.0,1.0,1.0,0.0,0.0,1.0,0.0,82.0,82.0,0
2025-04-11 14:44:20,21.24,5.309999,2.8,0.7,4.7,0.0,0.0,0.0,0.0,0.0,27.9,34.0,17.1,28.1,-128.7,20.2,0.0,1.0,1.0,1.0,0.0,0.0,1.0,0.0,82.0,82.0,0
2025-04-11 14:44:21,21.27,5.32,2.8,0.7,4.5,0.0,0.0,0.0,0.0,0.0,27.9,34.0,17.2,28.1,-128.7,20.2,0.0,1.0,1.0,1.0,0.0,0.0,1.0,0.0,82.0,82.0,0
2025-04-11 14:44:22,21.28,5.309999,2.8,0.7,5.2,0.0,0.0,0.0,0.0,0.0,27.9,34.0,17.2,28.1,-128.7,20.3,0.0,1.0,1.0,1.0,0.0,0.0,1.0,0.0,82.0,82.0,0
2025-04-11 14:44:23,21.27,5.309999,2.8,0.7,4.9,0.0,0.0,0.0,0.0,0.0,27.9,34.0,17.2,28.1,-128.7,20.2,0.0,1.0,1.0,1.0,0.0,0.0,1.0,0.0,82.0,82.0,0
2025-04-11 14:44:24,21.28,5.309999,2.8,0.7,4.5,0.0,0.0,0.0,0.0,0.0,27.9,34.0,17.2,28.1,-128.7,20.3,0.0,1.0,1.0,1.0,0.0,0.0,1.0,0.0,82.0,82.0,0
2025-04-11 14:44:25,21.27,5.32,2.8,0.7,5.2,0.0,0.0,0.0,0.0,0.0,27.9,34.0,17.2,28.1,-128.7,20.3,0.0,1.0,1.0,1.0,0.0,0.0,1.0,0.0,82.0,82.0,0
2025-04-11 14:44:26,21.28,5.309999,2.8,0.7,4.7,0.0,0.0,0.0,0.0,0.0,27.9,34.0,17.2,28.1,-128.7,20.2,0.0,1.0,1.0,1.0,0.0,0.0,1.0,0.0,82.0,82.0,0
2025-04-11 14:44:27,21.27,5.33,2.7,0.7,4.7,0.0,0.0,0.0,0.0,0.0,27.9,34.0,17.2,28.1,-128.7,20.2,0.0,1.0,1.0,1.0,0.0,0.0,1.0,0.0,82.0,82.0,0
2025-04-11 14:44:28,21.29,5.309999,2.8,0.7,5.2,0.0,0.0,0.0,0.0,0.0,27.9,34.0,17.2,28.1,-128.7,20.2,0.0,1.0,1.0,1.0,0.0,0.0,1.0,0.0,82.0,82.0,0
2025-04-11 14:44:29,21.3,5.32,2.8,0.7,5.1,0.0,0.0,0.0,0.0,0.0,27.9,34.0,17.2,28.1,-128.7,20.2,0.0,1.0,1.0,1.0,0.0,0.0,1.0,0.0,82.0,82.0,0
2025-04-11 14:44:30,21.27,5.309999,2.8,0.7,4.9,0.0,0.0,0.0,0.0,0.0,27.9,34.0,17.3,28.1,-128.7,20.3,0.0,1.0,1.0,1.0,0.0,0.0,1.0,0.0,82.0,82.0,0
2025-04-11 14:44:31,21.27,5.33,2.8,0.7,5.0,0.0,0.0,0.0,0.0,0.0,27.9,34.0,17.3,28.1,-128.7,20.1,0.0,1.0,1.0,1.0,0.0,0.0,1.0,0.0,82.0,82.0,0
2025-04-11 14:44:32,21.27,5.309999,2.8,0.7,5.1,0.0,0.0,0.0,0.0,0.0,27.9,34.0,17.3,28.1,-128.7,20.3,0.0,1.0,1.0,1.0,0.0,0.0,1.0,0.0,82.0,82.0,0
2025-04-11 14:44:33,21.28,5.32,2.8,0.7,5.0,0.0,0.0,0.0,0.0,0.0,27.9,34.0,17.3,28.1,-128.7,20.1,0.0,1.0,1.0,1.0,0.0,0.0,1.0,0.0,82.0,82.0,0
2025-04-11 14:44:34,21.29,5.309999,2.8,0.7,5.0,0.0,0.0,0.0,0.0,0.0,27.9,34.0,17.4,28.1,-128.7,20.2,0.0,1.0,1.0,1.0,0.0,0.0,1.0,0.0,82.0,82.0,0
2025-04-11 14:44:35,21.27,5.33,2.7,0.7,5.2,0.0,0.0,0.0,0.0,0.0,27.9,34.0,17.4,28.1,-128.7,20.1,0.0,1.0,1.0,1.0,0.0,0.0,1.0,0.0,82.0,82.0,0
2025-04-11 14:44:36,21.28,5.309999,2.8,0.7,4.7,0.0,0.0,0.0,0.0,0.0,27.9,34.0,17.4,28.2,-128.7,20.4,0.0,1.0,1.0,1.0,0.0,0.0,1.0,0.0,82.0,82.0,0
2025-04-11 14:44:37,21.27,5.33,2.8,0.7,4.5,0.0,0.0,0.0,0.0,0.0,27.9,34.0,17.4,28.2,-128.7,20.2,0.0,1.0,1.0,1.0,0.0,0.0,1.0,0.0,82.0,82.0,0
2025-04-11 14:44:38,21.28,5.32,2.8,0.7,5.1,0.0,0.0,0.0,0.0,0.0,27.9,34.0,17.4,28.2,-128.7,20.4,0.0,1.0,1.0,1.0,0.0,0.0,1.0,0.0,82.0,82.0,0
2025-04-11 14:44:39,21.29,5.33,2.8,0.7,4.8,0.0,0.0,0.0,0.0,0.0,27.9,34.0,17.4,28.2,-128.7,20.2,0.0,1.0,1.0,1.0,0.0,0.0,1.0,0.0,82.0,82.0,0
2025-04-11 14:44:40,21.28,5.32,2.8,0.7,4.5,0.0,0.0,0.0,0.0,0.0,27.9,34.0,17.5,28.2,-128.7,20.4,0.0,1.0,1.0,1.0,0.0,0.0,1.0,0.0,82.0,82.0,0
2025-04-11 14:44:41,21.29,5.32,2.8,0.7,5.3,0.0,0.0,0.0,0.0,0.0,27.9,34.0,17.5,28.2,-128.7,20.3,0.0,1.0,1.0,1.0,0.0,0.0,1.0,0.0,82.0,82.0,0
2025-04-11 14:44:42,21.28,5.32,2.8,0.7,5.1,0.0,0.0,0.0,0.0,0.0,27.9,34.0,17.5,28.2,-128.7,20.4,0.0,1.0,1.0,1.0,0.0,0.0,1.0,0.0,82.0,82.0,0
2025-04-11 14:44:43,21.3,5.309999,2.8,0.7,4.5,0.0,0.0,0.0,0.0,0.0,27.9,34.0,17.5,28.2,-128.7,20.2,0.0,1.0,1.0,1.0,0.0,0.0,1.0,0.0,82.0,82.0,0
2025-04-11 14:44:44,21.28,5.32,2.7,0.7,4.8,0.0,0.0,0.0,0.0,0.0,27.9,34.0,17.5,28.2,-128.7,20.3,0.0,1.0,1.0,1.0,0.0,0.0,1.0,0.0,82.0,82.0,0
2025-04-11 14:44:45,21.28,5.309999,2.8,0.7,4.9,0.0,0.0,0.0,0.0,0.0,27.9,34.0,17.5,28.2,-128.7,20.2,0.0,1.0,1.0,1.0,0.0,0.0,1.0,0.0,82.0,82.0,0
2025-04-11 14:44:46,21.29,5.32,2.8,0.7,4.6,0.0,0.0,0.0,0.0,0.0,27.9,34.0,17.5,28.2,-128.7,20.3,0.0,1.0,1.0,1.0,0.0,0.0,1.0,0.0,82.0,82.0,0
2025-04-11 14:44:47,21.27,5.32,2.8,0.7,4.7,0.0,0.0,0.0,0.0,0.0,27.9,34.0,17.6,28.2,-128.7,20.4,0.0,1.0,1.0,1.0,0.0,0.0,1.0,0.0,82.0,82.0,0
2025-04-11 14:44:48,21.25,5.32,2.8,0.7,4.9,0.0,0.0,0.0,0.0,0.0,27.9,34.0,17.6,28.2,-128.7,20.3,0.0,1.0,1.0,1.0,0.0,0.0,1.0,0.0,82.0,82.0,0
2025-04-11 14:44:49,21.28,5.309999,2.7,0.7,4.6,0.0,0.0,0.0,0.0,0.0,27.9,34.0,17.6,28.2,-128.7,20.4,0.0,1.0,1.0,1.0,0.0,0.0,1.0,0.0,82.0,82.0,0
2025-04-11 14:44:50,21.27,5.32,2.8,0.7,4.6,0.0,0.0,0.0,0.0,0.0,27.9,34.0,17.6,28.2,-128.7,20.2,0.0,1.0,1.0,1.0,0.0,0.0,1.0,0.0,82.0,82.0,0
2025-04-11 14:44:51,21.28,5.309999,2.8,0.7,4.8,0.0,0.0,0.0,0.0,0.0,27.9,34.0,17.6,28.2,-128.7,20.4,0.0,1.0,1.0,1.0,0.0,0.0,1.0,0.0,82.0,82.0,0
2025-04-11 14:44:52,21.27,5.32,2.8,0.7,4.3,0.0,0.0,0.0,0.0,0.0,27.9,34.0,17.6,28.2,-128.7,20.3,0.0,1.0,1.0,1.0,0.0,0.0,1.0,0.0,82.0,82.0,0
2025-04-11 14:44:53,21.25,5.309999,2.7,0.7,4.6,0.0,0.0,0.0,0.0,0.0,27.9,34.0,17.6,28.2,-128.7,20.4,0.0,1.0,1.0,1.0,0.0,0.0,1.0,0.0,82.0,82.0,0
2025-04-11 14:44:54,21.25,5.32,2.8,0.7,5.3,0.0,0.0,0.0,0.0,0.0,27.9,34.0,17.6,28.2,-128.7,20.3,0.0,1.0,1.0,1.0,0.0,0.0,1.0,0.0,82.0,82.0,0
2025-04-11 14:44:55,21.25,5.3,2.7,0.7,4.8,0.0,0.0,0.0,0.0,0.0,27.9,34.0,17.6,28.2,-128.7,20.4,0.0,1.0,1.0,1.0,0.0,0.0,1.0,0.0,82.0,82.0,0
2025-04-11 14:44:56,21.28,5.309999,2.8,0.7,4.7,0.0,0.0,0.0,0.0,0.0,27.9,34.0,17.7,28.2,-128.7,20.4,0.0,1.0,1.0,1.0,0.0,0.0,1.0,0.0,82.0,82.0,0
2025-04-11 14:44:57,21.27,5.309999,2.8,0.7,4.8,0.0,0.0,0.0,0.0,0.0,27.9,34.0,17.7,28.2,-128.7,20.4,0.0,1.0,1.0,1.0,0.0,0.0,1.0,0.0,82.0,82.0,0
2025-04-11 14:44:58,21.28,5.309999,2.8,0.7,4.8,0.0,0.0,0.0,0.0,0.0,27.9,34.0,17.7,28.3,-128.7,20.5,0.0,1.0,1.0,1.0,0.0,0.0,1.0,0.0,82.0,82.0,0
2025-04-11 14:44:59,21.28,5.309999,2.8,0.7,4.5,0.0,0.0,0.0,0.0,0.0,27.9,34.0,17.7,28.3,-128.7,20.5,0.0,1.0,1.0,1.0,0.0,0.0,1.0,0.0,82.0,82.0,0
2025-04-11 14:45:00,21.28,5.3,2.7,0.7,4.8,0.0,0.0,0.0,0.0,0.0,27.9,34.0,17.7,28.3,-128.7,20.5,0.0,1.0,1.0,1.0,0.0,0.0,1.0,0.0,82.0,82.0,0
2025-04-11 14:45:01,21.28,5.309999,2.8,0.7,4.5,0.0,0.0,0.0,0.0,0.0,27.9,34.0,17.7,28.3,-128.7,20.5,0.0,1.0,1.0,1.0,0.0,0.0,1.0,0.0,82.0,82.0,0
2025-04-11 14:45:02,21.29,5.3,2.8,0.7,4.8,0.0,0.0,0.0,0.0,0.0,27.9,34.0,17.8,28.3,-128.7,20.5,0.0,1.0,1.0,1.0,0.0,0.0,1.0,0.0,82.0,82.0,0
2025-04-11 14:45:03,21.29,5.309999,2.8,0.7,4.9,0.0,0.0,0.0,0.0,0.0,27.9,34.0,17.8,28.3,-128.7,20.5,0.0,1.0,1.0,1.0,0.0,0.0,1.0,0.0,82.0,82.0,0
2025-04-11 14:45:04,21.28,5.3,2.8,0.7,5.2,0.0,0.0,0.0,0.0,0.0,27.9,34.0,17.8,28.3,-128.7,20.5,0.0,1.0,1.0,1.0,0.0,0.0,1.0,0.0,82.0,82.0,0
2025-04-11 14:45:05,21.27,5.3,2.8,0.7,4.9,0.0,0.0,0.0,0.0,0.0,27.9,34.0,17.8,28.3,-128.7,20.5,0.0,1.0,1.0,1.0,0.0,0.0,1.0,0.0,82.0,82.0,0
2025-04-11 14:45:06,21.27,5.3,2.8,0.7,5.1,0.0,0.0,0.0,0.0,0.0,27.9,34.0,17.9,28.3,-128.7,20.5,0.0,1.0,1.0,1.0,0.0,0.0,1.0,0.0,82.0,82.0,0
2025-04-11 14:45:07,21.28,5.309999,2.8,0.7,4.7,0.0,0.0,0.0,0.0,0.0,27.9,34.0,17.9,28.3,-128.7,20.5,0.0,1.0,1.0,1.0,0.0,0.0,1.0,0.0,82.0,82.0,0
2025-04-11 14:45:08,21.28,5.3,2.7,0.7,4.7,0.0,0.0,0.0,0.0,0.0,27.9,34.0,17.9,28.3,-128.7,20.5,0.0,1.0,1.0,1.0,0.0,0.0,1.0,0.0,82.0,82.0,0
2025-04-11 14:45:09,21.28,5.309999,2.8,0.7,5.2,0.0,0.0,0.0,0.0,0.0,27.9,34.0,17.9,28.3,-128.7,20.5,0.0,1.0,1.0,1.0,0.0,0.0,1.0,0.0,82.0,82.0,0
2025-04-11 14:45:10,21.27,5.3,2.7,0.7,4.7,0.0,0.0,0.0,0.0,0.0,27.9,34.0,17.9,28.3,-128.7,20.5,0.0,1.0,1.0,1.0,0.0,0.0,1.0,0.0,82.0,82.0,0
2025-04-11 14:45:11,21.28,5.32,2.8,0.7,4.9,0.0,0.0,0.0,0.0,0.0,27.9,34.1,17.9,28.3,-128.7,20.4,0.0,1.0,1.0,1.0,0.0,0.0,1.0,0.0,82.0,82.0,0
2025-04-11 14:45:12,21.27,5.3,2.8,0.7,5.0,0.0,0.0,0.0,0.0,0.0,27.9,34.1,17.9,28.3,-128.7,20.5,0.0,1.0,1.0,1.0,0.0,0.0,1.0,0.0,82.0,82.0,0
2025-04-11 14:45:13,21.28,5.32,2.8,0.7,4.5,0.0,0.0,0.0,0.0,0.0,27.9,34.1,17.9,28.3,-128.7,20.5,0.0,1.0,1.0,1.0,0.0,0.0,1.0,0.0,82.0,82.0,0
2025-04-11 14:45:14,21.29,5.3,2.8,0.7,4.7,0.0,0.0,0.0,0.0,0.0,27.9,34.1,17.9,28.3,-128.7,20.5,0.0,1.0,1.0,1.0,0.0,0.0,1.0,0.0,82.0,82.0,0
2025-04-11 14:45:15,21.28,5.309999,2.8,0.7,5.0,0.0,0.0,0.0,0.0,0.0,27.9,34.1,18.0,28.3,-128.7,20.4,0.0,1.0,1.0,1.0,0.0,0.0,1.0,0.0,82.0,82.0,0
2025-04-11 14:45:16,21.3,5.3,2.8,0.7,4.6,0.0,0.0,0.0,0.0,0.0,27.9,34.1,18.0,28.3,-128.7,20.5,0.0,1.0,1.0,1.0,0.0,0.0,1.0,0.0,82.0,82.0,0
2025-04-11 14:45:17,21.28,5.3,2.8,0.7,5.0,0.0,0.0,0.0,0.0,0.0,27.9,34.1,18.0,28.3,-128.7,20.4,0.0,1.0,1.0,1.0,0.0,0.0,1.0,0.0,82.0,82.0,0
2025-04-11 14:45:18,21.29,5.309999,2.8,0.7,5.2,0.0,0.0,0.0,0.0,0.0,27.9,34.1,18.0,28.3,-128.7,20.5,0.0,1.0,1.0,1.0,0.0,0.0,1.0,0.0,82.0,82.0,0
2025-04-11 14:45:19,21.27,5.3,2.8,0.7,4.8,0.0,0.0,0.0,0.0,0.0,27.9,34.1,18.0,28.4,-128.7,20.6,0.0,1.0,1.0,1.0,0.0,0.0,1.0,0.0,82.0,82.0,0
2025-04-11 14:45:20,21.29,5.32,2.8,0.7,5.1,0.0,0.0,0.0,0.0,0.0,27.9,34.1,18.0,28.4,-128.7,20.5,0.0,1.0,1.0,1.0,0.0,0.0,1.0,0.0,82.0,82.0,0
2025-04-11 14:45:21,21.3,5.3,2.8,0.7,4.8,0.0,0.0,0.0,0.0,0.0,27.9,34.1,18.0,28.4,-128.7,20.6,0.0,1.0,1.0,1.0,0.0,0.0,1.0,0.0,82.0,82.0,0
2025-04-11 14:45:22,21.29,5.309999,2.8,0.7,4.4,0.0,0.0,0.0,0.0,0.0,27.9,34.1,18.0,28.4,-128.7,20.5,0.0,1.0,1.0,1.0,0.0,0.0,1.0,0.0,82.0,82.0,0
2025-04-11 14:45:23,21.28,5.309999,2.8,0.7,4.9,0.0,0.0,0.0,0.0,0.0,27.9,34.1,18.0,28.4,-128.7,20.6,0.0,1.0,1.0,1.0,0.0,0.0,1.0,0.0,82.0,82.0,0
2025-04-11 14:45:24,21.29,5.309999,2.8,0.7,4.7,0.0,0.0,0.0,0.0,0.0,27.9,34.1,18.0,28.4,-128.7,20.5,0.0,1.0,1.0,1.0,0.0,0.0,1.0,0.0,82.0,82.0,0
2025-04-11 14:45:25,21.29,5.32,2.8,0.7,4.6,0.0,0.0,0.0,0.0,0.0,27.9,34.1,18.0,28.4,-128.7,20.6,0.0,1.0,1.0,1.0,0.0,0.0,1.0,0.0,82.0,82.0,0
2025-04-11 14:45:26,21.29,5.309999,2.7,0.7,4.8,0.0,0.0,0.0,0.0,0.0,27.9,34.1,18.1,28.4,-128.7,20.6,0.0,1.0,1.0,1.0,0.0,0.0,1.0,0.0,82.0,82.0,0
2025-04-11 14:45:27,21.3,5.32,2.8,0.7,4.7,0.0,0.0,0.0,0.0,0.0,27.9,34.1,18.1,28.4,-128.7,20.5,0.0,1.0,1.0,1.0,0.0,0.0,1.0,0.0,82.0,82.0,0
2025-04-11 14:45:28,21.3,5.309999,2.8,0.7,4.6,0.0,0.0,0.0,0.0,0.0,27.9,34.1,18.1,28.4,-128.7,20.6,0.0,1.0,1.0,1.0,0.0,0.0,1.0,0.0,82.0,82.0,0
2025-04-11 14:45:29,21.3,5.32,2.8,0.7,4.8,0.0,0.0,0.0,0.0,0.0,27.9,34.1,18.1,28.4,-128.7,20.5,0.0,1.0,1.0,1.0,0.0,0.0,1.0,0.0,82.0,82.0,0
2025-04-11 14:45:30,21.31,5.3,2.8,0.7,4.8,0.0,0.0,0.0,0.0,0.0,27.9,34.1,18.1,28.4,-128.7,20.6,0.0,1.0,1.0,1.0,0.0,0.0,1.0,0.0,82.0,82.0,0
2025-04-11 14:45:31,21.29,5.32,2.8,0.7,4.7,0.0,0.0,0.0,0.0,0.0,27.9,34.1,18.1,28.4,-128.7,20.5,0.0,1.0,1.0,1.0,0.0,0.0,1.0,0.0,82.0,82.0,0
2025-04-11 14:45:32,21.29,5.32,2.8,0.7,4.8,0.0,0.0,0.0,0.0,0.0,27.9,34.1,18.1,28.4,-128.7,20.6,0.0,1.0,1.0,1.0,0.0,0.0,1.0,0.0,82.0,82.0,0
2025-04-11 14:45:33,21.3,5.32,2.8,0.7,4.9,0.0,0.0,0.0,0.0,0.0,27.9,34.1,18.1,28.4,-128.7,20.4,0.0,1.0,1.0,1.0,0.0,0.0,1.0,0.0,82.0,82.0,0
2025-04-11 14:45:34,21.3,5.32,2.8,0.7,4.6,0.0,0.0,0.0,0.0,0.0,27.9,34.1,18.1,28.4,-128.7,20.5,0.0,1.0,1.0,1.0,0.0,0.0,1.0,0.0,82.0,82.0,0
2025-04-11 14:45:35,21.3,5.32,2.8,0.7,4.6,0.0,0.0,0.0,0.0,0.0,27.9,34.1,18.1,28.4,-128.7,20.6,0.0,1.0,1.0,1.0,0.0,0.0,1.0,0.0,82.0,82.0,0
2025-04-11 14:45:36,21.3,5.33,2.8,0.7,5.3,0.0,0.0,0.0,0.0,0.0,27.9,34.1,18.1,28.4,-128.7,20.5,0.0,1.0,1.0,1.0,0.0,0.0,1.0,0.0,82.0,82.0,0
2025-04-11 14:45:37,21.29,5.3,2.7,0.7,4.7,0.0,0.0,0.0,0.0,0.0,27.9,34.1,18.1,28.4,-128.7,20.6,0.0,1.0,1.0,1.0,0.0,0.0,1.0,0.0,82.0,82.0,0
2025-04-11 14:45:38,21.31,5.32,2.8,0.7,4.7,0.0,0.0,0.0,0.0,0.0,27.9,34.1,18.1,28.4,-128.7,20.5,0.0,1.0,1.0,1.0,0.0,0.0,1.0,0.0,82.0,82.0,0
2025-04-11 14:45:39,21.3,5.309999,2.8,0.7,4.7,0.0,0.0,0.0,0.0,0.0,27.9,34.1,18.1,28.5,-128.7,20.7,0.0,1.0,1.0,1.0,0.0,0.0,1.0,0.0,82.0,82.0,0
2025-04-11 14:45:40,21.3,5.32,2.8,0.7,4.8,0.0,0.0,0.0,0.0,0.0,27.9,34.1,18.1,28.5,-128.7,20.6,0.0,1.0,1.0,1.0,0.0,0.0,1.0,0.0,82.0,82.0,0
2025-04-11 14:45:41,21.31,5.309999,2.8,0.7,4.5,0.0,0.0,0.0,0.0,0.0,27.9,34.1,18.1,28.5,-128.7,20.7,0.0,1.0,1.0,1.0,0.0,0.0,1.0,0.0,82.0,82.0,0
2025-04-11 14:45:42,21.3,5.309999,2.8,0.7,4.6,0.0,0.0,0.0,0.0,0.0,27.9,34.1,18.1,28.5,-128.7,20.6,0.0,1.0,1.0,1.0,0.0,0.0,1.0,0.0,82.0,82.0,0
2025-04-11 14:45:43,21.33,5.32,2.8,0.7,4.8,0.0,0.0,0.0,0.0,0.0,27.9,34.1,18.1,28.5,-128.7,20.6,0.0,1.0,1.0,1.0,0.0,0.0,1.0,0.0,82.0,82.0,0
2025-04-11 14:45:44,21.3,5.32,2.8,0.7,4.8,0.0,0.0,0.0,0.0,0.0,27.9,34.1,18.1,28.5,-128.7,20.6,0.0,1.0,1.0,1.0,0.0,0.0,1.0,0.0,82.0,82.0,0
2025-04-11 14:45:45,21.33,5.33,2.8,0.7,4.7,0.0,0.0,0.0,0.0,0.0,27.9,34.1,18.1,28.5,-128.7,20.6,0.0,1.0,1.0,1.0,0.0,0.0,1.0,0.0,82.0,82.0,0
2025-04-11 14:45:46,21.3,5.32,2.8,0.7,5.0,0.0,0.0,0.0,0.0,0.0,27.9,34.1,18.1,28.5,-128.7,20.6,0.0,1.0,1.0,1.0,0.0,0.0,1.0,0.0,82.0,82.0,0
2025-04-11 14:45:47,21.3,5.33,2.8,0.7,4.6,0.0,0.0,0.0,0.0,0.0,27.9,34.1,18.1,28.5,-128.7,20.6,0.0,1.0,1.0,1.0,0.0,0.0,1.0,0.0,82.0,82.0,0
2025-04-11 14:45:48,21.31,5.309999,2.8,0.7,4.5,0.0,0.0,0.0,0.0,0.0,27.9,34.1,18.1,28.5,-128.7,20.7,0.0,1.0,1.0,1.0,0.0,0.0,1.0,0.0,82.0,82.0,0
2025-04-11 14:45:49,21.33,5.33,2.8,0.7,5.2,0.0,0.0,0.0,0.0,0.0,27.9,34.1,18.1,28.5,-128.7,20.5,0.0,1.0,1.0,1.0,0.0,0.0,1.0,0.0,82.0,82.0,0
2025-04-11 14:45:50,21.31,5.309999,2.8,0.7,5.2,0.0,0.0,0.0,0.0,0.0,27.9,34.1,18.1,28.5,-128.7,20.7,0.0,1.0,1.0,1.0,0.0,0.0,1.0,0.0,82.0,82.0,0
2025-04-11 14:45:51,21.31,5.33,2.8,0.7,4.6,0.0,0.0,0.0,0.0,0.0,27.9,34.1,18.1,28.5,-128.7,20.5,0.0,1.0,1.0,1.0,0.0,0.0,1.0,0.0,82.0,82.0,0
2025-04-11 14:45:52,21.3,5.309999,2.8,0.7,5.1,0.0,0.0,0.0,0.0,0.0,27.9,34.1,18.1,28.5,-128.7,20.7,0.0,1.0,1.0,1.0,0.0,0.0,1.0,0.0,82.0,82.0,0
2025-04-11 14:45:53,21.33,5.33,2.8,0.7,5.0,0.0,0.0,0.0,0.0,0.0,27.9,34.1,18.1,28.5,-128.7,20.5,0.0,1.0,1.0,1.0,0.0,0.0,1.0,0.0,82.0,82.0,0
2025-04-11 14:45:54,21.31,5.32,2.8,0.7,4.7,0.0,0.0,0.0,0.0,0.0,27.9,34.1,18.1,28.5,-128.7,20.7,0.0,1.0,1.0,1.0,0.0,0.0,1.0,0.0,82.0,82.0,0
2025-04-11 14:45:55,21.33,5.32,2.8,0.7,4.9,0.0,0.0,0.0,0.0,0.0,27.9,34.1,18.1,28.5,-128.7,20.5,0.0,1.0,1.0,1.0,0.0,0.0,1.0,0.0,82.0,82.0,0
2025-04-11 14:45:56,21.33,5.32,2.8,0.7,4.9,0.0,0.0,0.0,0.0,0.0,27.9,34.1,18.1,28.5,-128.7,20.7,0.0,1.0,1.0,1.0,0.0,0.0,1.0,0.0,82.0,82.0,0
2025-04-11 14:45:57,21.33,5.32,2.8,0.7,5.0,0.0,0.0,0.0,0.0,0.0,27.9,34.1,18.1,28.5,-128.7,20.6,0.0,1.0,1.0,1.0,0.0,0.0,1.0,0.0,82.0,82.0,0
2025-04-11 14:45:58,21.34,5.32,2.8,0.7,4.9,0.0,0.0,0.0,0.0,0.0,27.9,34.1,18.1,28.5,-128.7,20.6,0.0,1.0,1.0,1.0,0.0,0.0,1.0,0.0,82.0,82.0,0
2025-04-11 14:45:59,21.34,5.32,2.8,0.7,5.3,0.0,0.0,0.0,0.0,0.0,27.9,34.1,18.1,28.5,-128.7,20.6,0.0,1.0,1.0,1.0,0.0,0.0,1.0,0.0,82.0,82.0,0
2025-04-11 14:46:00,21.35,5.32,2.8,0.7,5.1,0.0,0.0,0.0,0.0,0.0,27.9,34.1,18.1,28.5,-128.7,20.6,0.0,1.0,1.0,1.0,0.0,0.0,1.0,0.0,82.0,82.0,0
2025-04-11 14:46:01,21.34,5.309999,2.8,0.7,5.2,0.0,0.0,0.0,0.0,0.0,27.9,34.1,18.1,28.5,-128.7,20.6,0.0,1.0,1.0,1.0,0.0,0.0,1.0,0.0,82.0,82.0,0
2025-04-11 14:46:02,21.31,5.32,2.8,0.7,4.8,0.0,0.0,0.0,0.0,0.0,27.9,34.1,18.1,28.5,-128.7,20.6,0.0,1.0,1.0,1.0,0.0,0.0,1.0,0.0,82.0,82.0,0
2025-04-11 14:46:03,21.31,5.32,2.8,0.7,5.1,0.0,0.0,0.0,0.0,0.0,27.9,34.1,18.1,28.5,-128.7,20.5,0.0,1.0,1.0,1.0,0.0,0.0,1.0,0.0,82.0,82.0,0
2025-04-11 14:46:04,21.3,5.33,2.8,0.7,5.1,0.0,0.0,0.0,0.0,0.0,27.9,34.1,18.1,28.5,-128.7,20.6,0.0,1.0,1.0,1.0,0.0,0.0,1.0,0.0,82.0,82.0,0
2025-04-11 14:46:05,21.3,5.309999,2.8,0.7,4.7,0.0,0.0,0.0,0.0,0.0,27.9,34.1,18.1,28.6,-128.7,20.6,0.0,1.0,1.0,1.0,0.0,0.0,1.0,0.0,82.0,82.0,0
2025-04-11 14:46:06,21.31,5.32,2.8,0.7,5.1,0.0,0.0,0.0,0.0,0.0,27.9,34.1,18.1,28.6,-128.7,20.7,0.0,1.0,1.0,1.0,0.0,0.0,1.0,0.0,82.0,82.0,0
2025-04-11 14:46:07,21.31,5.309999,2.8,0.7,5.3,0.0,0.0,0.0,0.0,0.0,27.9,34.1,18.1,28.6,-128.7,20.8,0.0,1.0,1.0,1.0,0.0,0.0,1.0,0.0,82.0,82.0,0
2025-04-11 14:46:08,21.33,5.33,2.8,0.7,4.7,0.0,0.0,0.0,0.0,0.0,27.9,34.1,18.1,28.6,-128.7,20.7,0.0,1.0,1.0,1.0,0.0,0.0,1.0,0.0,82.0,82.0,0
2025-04-11 14:46:09,21.3,5.309999,2.8,0.7,4.9,0.0,0.0,0.0,0.0,0.0,27.9,34.1,18.1,28.6,-128.7,20.8,0.0,1.0,1.0,1.0,0.0,0.0,1.0,0.0,82.0,82.0,0
2025-04-11 14:46:10,21.33,5.309999,2.8,0.7,5.1,0.0,0.0,0.0,0.0,0.0,27.9,34.1,18.1,28.6,-128.7,20.7,0.0,1.0,1.0,1.0,0.0,0.0,1.0,0.0,82.0,82.0,0
2025-04-11 14:46:11,21.35,5.3,2.8,0.7,4.5,0.0,0.0,0.0,0.0,0.0,27.9,34.1,18.0,28.6,-128.7,20.8,0.0,1.0,1.0,1.0,0.0,0.0,1.0,0.0,82.0,82.0,0
2025-04-11 14:46:12,21.33,5.32,2.8,0.7,4.9,0.0,0.0,0.0,0.0,0.0,27.9,34.1,18.0,28.6,-128.7,20.8,0.0,1.0,1.0,1.0,0.0,0.0,1.0,0.0,82.0,82.0,0
2025-04-11 14:46:13,21.33,5.3,2.8,0.7,5.2,0.0,0.0,0.0,0.0,0.0,27.9,34.1,18.0,28.6,-128.7,20.8,0.0,1.0,1.0,1.0,0.0,0.0,1.0,0.0,82.0,82.0,0
2025-04-11 14:46:14,21.33,5.32,2.7,0.7,5.3,0.0,0.0,0.0,0.0,0.0,27.9,34.1,18.0,28.6,-128.7,20.7,0.0,1.0,1.0,1.0,0.0,0.0,1.0,0.0,82.0,82.0,0
2025-04-11 14:46:15,21.31,5.3,2.8,0.7,4.7,0.0,0.0,0.0,0.0,0.0,27.9,34.1,18.0,28.6,-128.7,20.8,0.0,1.0,1.0,1.0,0.0,0.0,1.0,0.0,82.0,82.0,0
2025-04-11 14:46:16,21.34,5.32,2.8,0.7,4.9,0.0,0.0,0.0,0.0,0.0,27.9,34.1,18.0,28.6,-128.7,20.7,0.0,1.0,1.0,1.0,0.0,0.0,1.0,0.0,82.0,82.0,0
2025-04-11 14:46:17,21.34,5.309999,2.8,0.7,5.3,0.0,0.0,0.0,0.0,0.0,27.9,34.1,18.0,28.6,-128.7,20.8,0.0,1.0,1.0,1.0,0.0,0.0,1.0,0.0,82.0,82.0,0
2025-04-11 14:46:18,21.33,5.33,2.8,0.7,4.7,0.0,0.0,0.0,0.0,0.0,27.9,34.1,18.0,28.6,-128.7,20.6,0.0,1.0,1.0,1.0,0.0,0.0,1.0,0.0,82.0,82.0,0
2025-04-11 14:46:19,21.3,5.32,2.8,0.7,5.3,0.0,0.0,0.0,0.0,0.0,27.9,34.1,18.0,28.6,-128.7,20.8,0.0,1.0,1.0,1.0,0.0,0.0,1.0,0.0,82.0,82.0,0
2025-04-11 14:46:20,21.31,5.3,2.8,0.7,5.3,0.0,0.0,0.0,0.0,0.0,27.9,34.1,18.0,28.6,-128.7,20.8,0.0,1.0,1.0,1.0,0.0,0.0,1.0,0.0,82.0,82.0,0
2025-04-11 14:46:21,21.3,5.309999,2.8,0.7,4.8,0.0,0.0,0.0,0.0,0.0,27.9,34.1,18.0,28.6,-128.7,20.8,0.0,1.0,1.0,1.0,0.0,0.0,1.0,0.0,82.0,82.0,0
2025-04-11 14:46:22,21.31,5.309999,2.8,0.7,5.2,0.0,0.0,0.0,0.0,0.0,27.9,34.1,18.0,28.6,-128.7,20.7,0.0,1.0,1.0,1.0,0.0,0.0,1.0,0.0,82.0,82.0,0
2025-04-11 14:46:23,21.33,5.309999,2.8,0.7,5.6,0.0,0.0,0.0,0.0,0.0,27.9,34.1,18.0,28.6,-128.7,20.8,0.0,1.0,1.0,1.0,0.0,0.0,1.0,0.0,82.0,82.0,0
2025-04-11 14:46:24,21.33,5.3,2.8,0.7,4.9,0.0,0.0,0.0,0.0,0.0,27.9,34.1,18.0,28.6,-128.7,20.8,0.0,1.0,1.0,1.0,0.0,0.0,1.0,0.0,82.0,82.0,0
2025-04-11 14:46:25,21.31,5.309999,2.8,0.7,5.0,0.0,0.0,0.0,0.0,0.0,27.9,34.1,18.0,28.6,-128.7,20.8,0.0,1.0,1.0,1.0,0.0,0.0,1.0,0.0,82.0,82.0,0
2025-04-11 14:46:26,21.31,5.3,2.8,0.7,5.1,0.0,0.0,0.0,0.0,0.0,27.9,34.1,18.0,28.6,-128.7,20.8,0.0,1.0,1.0,1.0,0.0,0.0,1.0,0.0,82.0,82.0,0
2025-04-11 14:46:27,21.3,5.32,2.8,0.7,4.7,0.0,0.0,0.0,0.0,0.0,27.9,34.1,18.0,28.6,-128.7,20.8,0.0,1.0,1.0,1.0,0.0,0.0,1.0,0.0,82.0,82.0,0
2025-04-11 14:46:28,21.33,5.3,2.8,0.7,5.2,0.0,0.0,0.0,0.0,0.0,27.9,34.1,18.0,28.6,-128.7,20.8,0.0,1.0,1.0,1.0,0.0,0.0,1.0,0.0,82.0,82.0,0
2025-04-11 14:46:29,21.33,5.309999,2.8,0.7,5.1,0.0,0.0,0.0,0.0,0.0,27.9,34.1,18.0,28.6,-128.7,20.8,0.0,1.0,1.0,1.0,0.0,0.0,1.0,0.0,82.0,82.0,0
2025-04-11 14:46:30,21.31,5.3,2.8,0.7,4.8,0.0,0.0,0.0,0.0,0.0,27.9,34.1,18.0,28.6,-128.7,20.8,0.0,1.0,1.0,1.0,0.0,0.0,1.0,0.0,82.0,82.0,0
2025-04-11 14:46:31,21.31,5.32,2.8,0.7,4.7,0.0,0.0,0.0,0.0,0.0,27.9,34.1,18.0,28.6,-128.7,20.7,0.0,1.0,1.0,1.0,0.0,0.0,1.0,0.0,82.0,82.0,0
2025-04-11 14:46:32,21.33,5.3,2.8,0.7,5.1,0.0,0.0,0.0,0.0,0.0,27.9,34.1,17.9,28.6,-128.7,20.8,0.0,1.0,1.0,1.0,0.0,0.0,1.0,0.0,82.0,82.0,0
2025-04-11 14:46:33,21.33,5.309999,2.8,0.7,4.7,0.0,0.0,0.0,0.0,0.0,27.9,34.1,17.9,28.6,-128.7,20.8,0.0,1.0,1.0,1.0,0.0,0.0,1.0,0.0,82.0,82.0,0
2025-04-11 14:46:34,21.33,5.309999,2.8,0.7,4.6,0.0,0.0,0.0,0.0,0.0,27.9,34.1,17.9,28.6,-128.7,20.9,0.0,1.0,1.0,1.0,0.0,0.0,1.0,0.0,82.0,82.0,0
2025-04-11 14:46:35,21.33,5.309999,2.8,0.7,5.0,0.0,0.0,0.0,0.0,0.0,27.9,34.1,17.9,28.6,-128.7,20.7,0.0,1.0,1.0,1.0,0.0,0.0,1.0,0.0,82.0,82.0,0
2025-04-11 14:46:36,21.31,5.3,2.8,0.7,4.6,0.0,0.0,0.0,0.0,0.0,27.9,34.1,17.9,28.6,-128.7,20.8,0.0,1.0,1.0,1.0,0.0,0.0,1.0,0.0,82.0,82.0,0
2025-04-11 14:46:37,21.3,5.3,2.8,0.7,4.5,0.0,0.0,0.0,0.0,0.0,27.9,34.1,17.9,28.6,-128.7,20.8,0.0,1.0,1.0,1.0,0.0,0.0,1.0,0.0,82.0,82.0,0
2025-04-11 14:46:38,21.31,5.3,2.8,0.7,5.1,0.0,0.0,0.0,0.0,0.0,27.9,34.2,17.9,28.6,-128.7,20.8,0.0,1.0,1.0,1.0,0.0,0.0,1.0,0.0,82.0,82.0,0
2025-04-11 14:46:39,21.3,5.3,2.7,0.7,4.6,0.0,0.0,0.0,0.0,0.0,27.9,34.2,17.9,28.6,-128.7,20.8,0.0,1.0,1.0,1.0,0.0,0.0,1.0,0.0,82.0,82.0,0
2025-04-11 14:46:40,21.3,5.3,2.8,0.7,4.9,0.0,0.0,0.0,0.0,0.0,27.9,34.2,17.9,28.6,-128.7,20.8,0.0,1.0,1.0,1.0,0.0,0.0,1.0,0.0,82.0,82.0,0
2025-04-11 14:46:41,21.29,5.3,2.8,0.7,5.2,0.0,0.0,0.0,0.0,0.0,27.9,34.2,17.9,28.6,-128.7,20.8,0.0,1.0,1.0,1.0,0.0,0.0,1.0,0.0,82.0,82.0,0
2025-04-11 14:46:42,21.3,5.3,2.8,0.7,4.7,0.0,0.0,0.0,0.0,0.0,27.9,34.2,17.9,28.6,-128.7,20.8,0.0,1.0,1.0,1.0,0.0,0.0,1.0,0.0,82.0,82.0,0
2025-04-11 14:46:43,21.3,5.3,2.8,0.7,4.8,0.0,0.0,0.0,0.0,0.0,27.9,34.2,17.9,28.6,-128.7,20.8,0.0,1.0,1.0,1.0,0.0,0.0,1.0,0.0,82.0,82.0,0
2025-04-11 14:46:44,21.3,5.309999,2.8,0.7,5.2,0.0,0.0,0.0,0.0,0.0,27.9,34.2,17.9,28.6,-128.7,20.8,0.0,1.0,1.0,1.0,0.0,0.0,1.0,0.0,82.0,82.0,0
2025-04-11 14:46:45,21.3,5.3,2.8,0.7,5.1,0.0,0.0,0.0,0.0,0.0,27.9,34.2,17.9,28.6,-128.7,20.8,0.0,1.0,1.0,1.0,0.0,0.0,1.0,0.0,82.0,82.0,0
2025-04-11 14:46:46,21.31,5.309999,2.8,0.7,5.2,0.0,0.0,0.0,0.0,0.0,27.9,34.2,17.9,28.6,-128.7,20.8,0.0,1.0,1.0,1.0,0.0,0.0,1.0,0.0,82.0,82.0,0
2025-04-11 14:46:47,21.3,5.3,2.7,0.7,5.3,0.0,0.0,0.0,0.0,0.0,27.9,34.2,17.8,28.6,-128.7,20.8,0.0,1.0,1.0,1.0,0.0,0.0,1.0,0.0,82.0,82.0,0
2025-04-11 14:46:48,21.3,5.309999,2.8,0.7,4.8,0.0,0.0,0.0,0.0,0.0,27.9,34.2,17.8,28.6,-128.7,20.8,0.0,1.0,1.0,1.0,0.0,0.0,1.0,0.0,82.0,82.0,0
2025-04-11 14:46:49,21.3,5.3,2.8,0.7,5.2,0.0,0.0,0.0,0.0,0.0,27.9,34.2,17.8,28.6,-128.7,20.8,0.0,1.0,1.0,1.0,0.0,0.0,1.0,0.0,82.0,82.0,0
2025-04-11 14:46:50,21.31,5.3,2.8,0.7,5.1,0.0,0.0,0.0,0.0,0.0,27.9,34.2,17.8,28.6,-128.7,20.8,0.0,1.0,1.0,1.0,0.0,0.0,1.0,0.0,82.0,82.0,0
2025-04-11 14:46:51,21.3,5.309999,2.8,0.7,4.7,0.0,0.0,0.0,0.0,0.0,27.9,34.2,17.8,28.6,-128.7,20.8,0.0,1.0,1.0,1.0,0.0,0.0,1.0,0.0,82.0,82.0,0
2025-04-11 14:46:52,21.3,5.29,2.8,0.7,5.0,0.0,0.0,0.0,0.0,0.0,27.9,34.2,17.8,28.6,-128.7,20.8,0.0,1.0,1.0,1.0,0.0,0.0,1.0,0.0,82.0,82.0,0
2025-04-11 14:46:53,21.33,5.309999,2.8,0.7,4.7,0.0,0.0,0.0,0.0,0.0,27.9,34.2,17.8,28.6,-128.7,20.8,0.0,1.0,1.0,1.0,0.0,0.0,1.0,0.0,82.0,82.0,0
2025-04-11 14:46:54,21.33,5.3,2.8,0.7,4.5,0.0,0.0,0.0,0.0,0.0,27.9,34.2,17.8,28.6,-128.7,20.8,0.0,1.0,1.0,1.0,0.0,0.0,1.0,0.0,82.0,82.0,0
2025-04-11 14:46:55,21.33,5.3,2.8,0.7,4.9,0.0,0.0,0.0,0.0,0.0,27.9,34.2,17.8,28.6,-128.7,20.8,0.0,1.0,1.0,1.0,0.0,0.0,1.0,0.0,82.0,82.0,0
2025-04-11 14:46:56,21.33,5.3,2.8,0.7,5.1,0.0,0.0,0.0,0.0,0.0,27.9,34.2,17.8,28.6,-128.7,20.8,0.0,1.0,1.0,1.0,0.0,0.0,1.0,0.0,82.0,82.0,0
2025-04-11 14:46:57,21.3,5.3,2.8,0.7,4.8,0.0,0.0,0.0,0.0,0.0,27.9,34.2,17.8,28.6,-128.7,20.8,0.0,1.0,1.0,1.0,0.0,0.0,1.0,0.0,82.0,82.0,0
2025-04-11 14:46:58,21.33,5.3,2.8,0.7,5.0,0.0,0.0,0.0,0.0,0.0,27.9,34.2,17.8,28.6,-128.7,20.8,0.0,1.0,1.0,1.0,0.0,0.0,1.0,0.0,82.0,82.0,0
2025-04-11 14:46:59,21.33,5.3,2.8,0.7,5.0,0.0,0.0,0.0,0.0,0.0,27.9,34.2,17.8,28.6,-128.7,20.8,0.0,1.0,1.0,1.0,0.0,0.0,1.0,0.0,82.0,82.0,0
2025-04-11 14:47:00,21.34,5.309999,2.8,0.7,4.9,0.0,0.0,0.0,0.0,0.0,27.9,34.2,17.8,28.6,-128.7,20.8,0.0,1.0,1.0,1.0,0.0,0.0,1.0,0.0,82.0,82.0,0
2025-04-11 14:47:01,21.35,5.3,2.8,0.7,5.3,0.0,0.0,0.0,0.0,0.0,27.9,34.2,17.7,28.6,-128.7,20.8,0.0,1.0,1.0,1.0,0.0,0.0,1.0,0.0,82.0,82.0,0
2025-04-11 14:47:02,21.34,5.309999,2.8,0.7,4.9,0.0,0.0,0.0,0.0,0.0,27.9,34.2,17.7,28.6,-128.7,20.8,0.0,1.0,1.0,1.0,0.0,0.0,1.0,0.0,82.0,82.0,0
2025-04-11 14:47:03,21.33,5.3,2.8,0.7,4.5,0.0,0.0,0.0,0.0,0.0,27.9,34.2,17.7,28.6,-128.7,20.8,0.0,1.0,1.0,1.0,0.0,0.0,1.0,0.0,82.0,82.0,0
2025-04-11 14:47:04,21.33,5.309999,2.8,0.7,5.2,0.0,0.0,0.0,0.0,0.0,27.9,34.2,17.7,28.6,-128.7,20.7,0.0,1.0,1.0,1.0,0.0,0.0,1.0,0.0,82.0,82.0,0
2025-04-11 14:47:05,21.33,5.3,2.8,0.7,5.0,0.0,0.0,0.0,0.0,0.0,27.9,34.2,17.7,28.6,-128.7,20.8,0.0,1.0,1.0,1.0,0.0,0.0,1.0,0.0,82.0,82.0,0
2025-04-11 14:47:06,21.35,5.3,2.8,0.7,4.6,0.0,0.0,0.0,0.0,0.0,27.9,34.2,17.7,28.6,-128.7,20.8,0.0,1.0,1.0,1.0,0.0,0.0,1.0,0.0,82.0,82.0,0
2025-04-11 14:47:07,21.34,5.3,2.8,0.7,5.4,0.0,0.0,0.0,0.0,0.0,27.9,34.2,17.7,28.6,-128.7,20.8,0.0,1.0,1.0,1.0,0.0,0.0,1.0,0.0,82.0,82.0,0
2025-04-11 14:47:08,21.33,5.3,2.8,0.7,5.0,0.0,0.0,0.0,0.0,0.0,27.9,34.2,17.7,28.6,-128.7,20.7,0.0,1.0,1.0,1.0,0.0,0.0,1.0,0.0,82.0,82.0,0
2025-04-11 14:47:09,21.33,5.309999,2.8,0.7,4.7,0.0,0.0,0.0,0.0,0.0,27.9,34.2,17.6,28.6,-128.7,20.8,0.0,1.0,1.0,1.0,0.0,0.0,1.0,0.0,82.0,82.0,0
2025-04-11 14:47:10,21.33,5.3,2.7,0.7,4.6,0.0,0.0,0.0,0.0,0.0,27.9,34.2,17.6,28.6,-128.7,20.7,0.0,1.0,1.0,1.0,0.0,0.0,1.0,0.0,82.0,82.0,0
2025-04-11 14:47:11,21.33,5.309999,2.8,0.7,5.1,0.0,0.0,0.0,0.0,0.0,27.9,34.2,17.6,28.6,-128.7,20.8,0.0,1.0,1.0,1.0,0.0,0.0,1.0,0.0,82.0,82.0,0
2025-04-11 14:47:12,21.33,5.309999,2.8,0.7,5.1,0.0,0.0,0.0,0.0,0.0,27.9,34.2,17.6,28.6,-128.7,20.8,0.0,1.0,1.0,1.0,0.0,0.0,1.0,0.0,82.0,82.0,0
2025-04-11 14:47:13,21.34,5.32,2.8,0.7,4.7,0.0,0.0,0.0,0.0,0.0,27.9,34.2,17.6,28.6,-128.7,20.8,0.0,1.0,1.0,1.0,0.0,0.0,1.0,0.0,82.0,82.0,0
2025-04-11 14:47:14,21.33,5.3,2.8,0.7,5.1,0.0,0.0,0.0,0.0,0.0,27.9,34.2,17.6,28.6,-128.7,20.8,0.0,1.0,1.0,1.0,0.0,0.0,1.0,0.0,82.0,82.0,0
2025-04-11 14:47:15,21.31,5.32,2.8,0.7,4.9,0.0,0.0,0.0,0.0,0.0,27.9,34.2,17.6,28.6,-128.7,20.8,0.0,1.0,1.0,1.0,0.0,0.0,1.0,0.0,82.0,82.0,0
2025-04-11 14:47:16,21.33,5.3,2.8,0.7,4.6,0.0,0.0,0.0,0.0,0.0,27.9,34.2,17.6,28.6,-128.7,20.8,0.0,1.0,1.0,1.0,0.0,0.0,1.0,0.0,82.0,82.0,0
2025-04-11 14:47:17,21.35,5.32,2.7,0.7,5.3,0.0,0.0,0.0,0.0,0.0,27.9,34.2,17.6,28.6,-128.7,20.8,0.0,1.0,1.0,1.0,0.0,0.0,1.0,0.0,82.0,82.0,0
2025-04-11 14:47:18,21.34,5.3,2.8,0.7,5.2,0.0,0.0,0.0,0.0,0.0,27.9,34.2,17.5,28.6,-128.7,20.8,0.0,1.0,1.0,1.0,0.0,0.0,1.0,0.0,82.0,82.0,0
2025-04-11 14:47:19,21.35,5.32,2.7,0.7,4.7,0.0,0.0,0.0,0.0,0.0,27.9,34.2,17.5,28.6,-128.7,20.7,0.0,1.0,1.0,1.0,0.0,0.0,1.0,0.0,82.0,82.0,0
2025-04-11 14:47:20,21.35,5.3,2.8,0.7,5.2,0.0,0.0,0.0,0.0,0.0,27.9,34.2,17.5,28.6,-128.7,20.8,0.0,1.0,1.0,1.0,0.0,0.0,1.0,0.0,82.0,82.0,0
2025-04-11 14:47:21,21.35,5.32,2.8,0.7,5.2,0.0,0.0,0.0,0.0,0.0,27.9,34.2,17.5,28.6,-128.7,20.7,0.0,1.0,1.0,1.0,0.0,0.0,1.0,0.0,82.0,82.0,0
2025-04-11 14:47:22,21.35,5.3,2.8,0.7,4.9,0.0,0.0,0.0,0.0,0.0,27.9,34.2,17.5,28.6,-128.7,20.8,0.0,1.0,1.0,1.0,0.0,0.0,1.0,0.0,82.0,82.0,0
2025-04-11 14:47:23,21.35,5.32,2.8,0.7,4.7,0.0,0.0,0.0,0.0,0.0,27.9,34.2,17.5,28.6,-128.7,20.7,0.0,1.0,1.0,1.0,0.0,0.0,1.0,0.0,82.0,82.0,0
2025-04-11 14:47:24,21.34,5.3,2.8,0.7,5.0,0.0,0.0,0.0,0.0,0.0,27.9,34.2,17.5,28.6,-128.7,20.8,0.0,1.0,1.0,1.0,0.0,0.0,1.0,0.0,82.0,82.0,0
2025-04-11 14:47:25,21.33,5.32,2.8,0.7,4.5,0.0,0.0,0.0,0.0,0.0,27.9,34.2,17.5,28.6,-128.7,20.7,0.0,1.0,1.0,1.0,0.0,0.0,1.0,0.0,82.0,82.0,0
2025-04-11 14:47:26,21.35,5.3,2.8,0.7,4.6,0.0,0.0,0.0,0.0,0.0,27.9,34.2,17.4,28.6,-128.7,20.8,0.0,1.0,1.0,1.0,0.0,0.0,1.0,0.0,82.0,82.0,0
2025-04-11 14:47:27,21.35,5.32,2.8,0.7,4.7,0.0,0.0,0.0,0.0,0.0,27.9,34.2,17.4,28.6,-128.7,20.8,0.0,1.0,1.0,1.0,0.0,0.0,1.0,0.0,82.0,82.0,0
2025-04-11 14:47:28,21.34,5.3,2.8,0.7,4.3,0.0,0.0,0.0,0.0,0.0,27.9,34.2,17.4,28.6,-128.7,20.8,0.0,1.0,1.0,1.0,0.0,0.0,1.0,0.0,82.0,82.0,0
2025-04-11 14:47:29,21.35,5.309999,2.8,0.7,4.6,0.0,0.0,0.0,0.0,0.0,27.9,34.2,17.4,28.6,-128.7,20.8,0.0,1.0,1.0,1.0,0.0,0.0,1.0,0.0,82.0,82.0,0
2025-04-11 14:47:30,21.35,5.3,2.8,0.7,5.0,0.0,0.0,0.0,0.0,0.0,27.9,34.2,17.4,28.6,-128.7,20.8,0.0,1.0,1.0,1.0,0.0,0.0,1.0,0.0,82.0,82.0,0
2025-04-11 14:47:31,21.35,5.32,2.8,0.7,4.8,0.0,0.0,0.0,0.0,0.0,27.9,34.2,17.4,28.6,-128.7,20.7,0.0,1.0,1.0,1.0,0.0,0.0,1.0,0.0,82.0,82.0,0
2025-04-11 14:47:32,21.34,5.3,2.8,0.7,5.1,0.0,0.0,0.0,0.0,0.0,27.9,34.2,17.4,28.6,-128.7,20.8,0.0,1.0,1.0,1.0,0.0,0.0,1.0,0.0,82.0,82.0,0
2025-04-11 14:47:33,21.36,5.32,2.9,0.7,5.2,0.0,0.0,0.0,0.0,0.0,27.9,34.2,17.3,28.6,-128.7,20.8,0.0,1.0,1.0,1.0,0.0,0.0,1.0,0.0,82.0,82.0,0
2025-04-11 14:47:34,21.35,5.3,2.8,0.7,4.6,0.0,0.0,0.0,0.0,0.0,27.9,34.2,17.3,28.6,-128.7,20.8,0.0,1.0,1.0,1.0,0.0,0.0,1.0,0.0,82.0,82.0,0
2025-04-11 14:47:35,21.35,5.32,2.8,0.7,5.4,0.0,0.0,0.0,0.0,0.0,27.9,34.2,17.3,28.6,-128.7,20.8,0.0,1.0,1.0,1.0,0.0,0.0,1.0,0.0,82.0,82.0,0
2025-04-11 14:47:36,21.36,5.3,2.8,0.7,4.2,0.0,0.0,0.0,0.0,0.0,27.9,34.2,17.3,28.6,-128.7,20.8,0.0,1.0,1.0,1.0,0.0,0.0,1.0,0.0,82.0,82.0,0
2025-04-11 14:47:37,21.36,5.32,2.8,0.7,4.8,0.0,0.0,0.0,0.0,0.0,27.9,34.2,17.3,28.6,-128.7,20.7,0.0,1.0,1.0,1.0,0.0,0.0,1.0,0.0,82.0,82.0,0
2025-04-11 14:47:38,21.35,5.309999,2.8,0.7,5.1,0.0,0.0,0.0,0.0,0.0,27.9,34.2,17.3,28.6,-128.7,20.8,0.0,1.0,1.0,1.0,0.0,0.0,1.0,0.0,82.0,82.0,0
2025-04-11 14:47:39,21.36,5.309999,2.8,0.7,4.6,0.0,0.0,0.0,0.0,0.0,27.9,34.2,17.3,28.6,-128.7,20.7,0.0,1.0,1.0,1.0,0.0,0.0,1.0,0.0,82.0,82.0,0
2025-04-11 14:47:40,21.36,5.3,2.8,0.7,5.2,0.0,0.0,0.0,0.0,0.0,27.9,34.2,17.3,28.6,-128.7,20.8,0.0,1.0,1.0,1.0,0.0,0.0,1.0,0.0,82.0,82.0,0
2025-04-11 14:47:41,21.35,5.32,2.8,0.7,4.7,0.0,0.0,0.0,0.0,0.0,27.9,34.2,17.2,28.6,-128.7,20.6,0.0,1.0,1.0,1.0,0.0,0.0,1.0,0.0,82.0,82.0,0
2025-04-11 14:47:42,21.35,5.32,2.8,0.7,4.7,0.0,0.0,0.0,0.0,0.0,27.9,34.2,17.2,28.5,-128.7,20.6,0.0,1.0,1.0,1.0,0.0,0.0,1.0,0.0,82.0,82.0,0
2025-04-11 14:47:43,21.38,5.32,2.8,0.7,4.9,0.0,0.0,0.0,0.0,0.0,27.9,34.2,17.2,28.5,-128.7,20.6,0.0,1.0,1.0,1.0,0.0,0.0,1.0,0.0,82.0,82.0,0
2025-04-11 14:47:44,21.36,5.3,2.8,0.7,4.6,0.0,0.0,0.0,0.0,0.0,27.9,34.2,17.2,28.5,-128.7,20.7,0.0,1.0,1.0,1.0,0.0,0.0,1.0,0.0,82.0,82.0,0
2025-04-11 14:47:45,21.39,5.32,2.8,0.7,4.5,0.0,0.0,0.0,0.0,0.0,27.9,34.2,17.2,28.5,-128.7,20.5,0.0,1.0,1.0,1.0,0.0,0.0,1.0,0.0,82.0,82.0,0
2025-04-11 14:47:46,21.38,5.32,2.8,0.7,5.1,0.0,0.0,0.0,0.0,0.0,27.9,34.2,17.2,28.5,-128.7,20.7,0.0,1.0,1.0,1.0,0.0,0.0,1.0,0.0,82.0,82.0,0
2025-04-11 14:47:47,21.38,5.32,2.8,0.7,4.7,0.0,0.0,0.0,0.0,0.0,27.9,34.2,17.2,28.5,-128.7,20.6,0.0,1.0,1.0,1.0,0.0,0.0,1.0,0.0,82.0,82.0,0
2025-04-11 14:47:48,21.39,5.309999,2.7,0.7,5.0,0.0,0.0,0.0,0.0,0.0,27.9,34.2,17.1,28.5,-128.7,20.7,0.0,1.0,1.0,1.0,0.0,0.0,1.0,0.0,82.0,82.0,0
2025-04-11 14:47:49,21.4,5.32,2.7,0.7,5.1,0.0,0.0,0.0,0.0,0.0,27.9,34.2,17.1,28.5,-128.7,20.6,0.0,1.0,1.0,1.0,0.0,0.0,1.0,0.0,82.0,82.0,0
2025-04-11 14:47:50,21.4,5.309999,2.8,0.7,5.0,0.0,0.0,0.0,0.0,0.0,27.9,34.2,17.1,28.5,-128.7,20.7,0.0,1.0,1.0,1.0,0.0,0.0,1.0,0.0,82.0,82.0,0
2025-04-11 14:47:51,21.38,5.32,2.8,0.7,5.0,0.0,0.0,0.0,0.0,0.0,27.9,34.2,17.1,28.5,-128.7,20.6,0.0,1.0,1.0,1.0,0.0,0.0,1.0,0.0,82.0,82.0,0
2025-04-11 14:47:52,21.38,5.3,2.8,0.7,5.1,0.0,0.0,0.0,0.0,0.0,27.9,34.2,17.1,28.5,-128.7,20.7,0.0,1.0,1.0,1.0,0.0,0.0,1.0,0.0,82.0,82.0,0
2025-04-11 14:47:53,21.36,5.32,2.8,0.7,4.6,0.0,0.0,0.0,0.0,0.0,27.9,34.2,17.1,28.5,-128.7,20.5,0.0,1.0,1.0,1.0,0.0,0.0,1.0,0.0,82.0,82.0,0
2025-04-11 14:47:54,21.38,5.3,2.8,0.7,5.3,0.0,0.0,0.0,0.0,0.0,27.9,34.2,17.1,28.5,-128.7,20.7,0.0,1.0,1.0,1.0,0.0,0.0,1.0,0.0,82.0,82.0,0
2025-04-11 14:47:55,21.39,5.32,2.8,0.7,5.1,0.0,0.0,0.0,0.0,0.0,27.9,34.2,17.1,28.5,-128.7,20.6,0.0,1.0,1.0,1.0,0.0,0.0,1.0,0.0,82.0,82.0,0
2025-04-11 14:47:56,21.39,5.309999,2.8,0.7,4.9,0.0,0.0,0.0,0.0,0.0,27.9,34.2,17.0,28.5,-128.7,20.7,0.0,1.0,1.0,1.0,0.0,0.0,1.0,0.0,82.0,82.0,0
2025-04-11 14:47:57,21.39,5.32,2.8,0.7,4.5,0.0,0.0,0.0,0.0,0.0,27.9,34.2,17.0,28.5,-128.7,20.6,0.0,1.0,1.0,1.0,0.0,0.0,1.0,0.0,82.0,82.0,0
2025-04-11 14:47:58,21.39,5.3,2.8,0.7,5.4,0.0,0.0,0.0,0.0,0.0,27.9,34.2,17.0,28.5,-128.7,20.7,0.0,1.0,1.0,1.0,0.0,0.0,1.0,0.0,82.0,82.0,0
2025-04-11 14:47:59,21.39,5.33,2.8,0.7,4.6,0.0,0.0,0.0,0.0,0.0,27.9,34.2,17.0,28.5,-128.7,20.6,0.0,1.0,1.0,1.0,0.0,0.0,1.0,0.0,82.0,82.0,0
2025-04-11 14:48:00,21.4,5.3,2.7,0.7,4.6,0.0,0.0,0.0,0.0,0.0,27.9,34.2,17.0,28.5,-128.7,20.7,0.0,1.0,1.0,1.0,0.0,0.0,1.0,0.0,82.0,82.0,0
2025-04-11 14:48:01,21.36,5.33,2.8,0.7,5.2,0.0,0.0,0.0,0.0,0.0,27.9,34.2,17.0,28.5,-128.7,20.6,0.0,1.0,1.0,1.0,0.0,0.0,1.0,0.0,82.0,82.0,0
2025-04-11 14:48:02,21.38,5.309999,2.8,0.7,4.7,0.0,0.0,0.0,0.0,0.0,27.9,34.2,17.0,28.5,-128.7,20.7,0.0,1.0,1.0,1.0,0.0,0.0,1.0,0.0,82.0,82.0,0
2025-04-11 14:48:03,21.36,5.32,2.8,0.7,4.6,0.0,0.0,0.0,0.0,0.0,27.9,34.2,17.0,28.5,-128.7,20.6,0.0,1.0,1.0,1.0,0.0,0.0,1.0,0.0,82.0,82.0,0
2025-04-11 14:48:04,21.38,5.3,2.8,0.7,4.7,0.0,0.0,0.0,0.0,0.0,27.9,34.2,17.0,28.5,-128.7,20.6,0.0,1.0,1.0,1.0,0.0,0.0,1.0,0.0,82.0,82.0,0
2025-04-11 14:48:05,21.4,5.32,2.8,0.7,4.7,0.0,0.0,0.0,0.0,0.0,27.9,34.2,17.0,28.5,-128.7,20.7,0.0,1.0,1.0,1.0,0.0,0.0,1.0,0.0,82.0,82.0,0
2025-04-11 14:48:06,21.39,5.3,2.8,0.7,4.8,0.0,0.0,0.0,0.0,0.0,27.9,34.2,17.0,28.5,-128.7,20.7,0.0,1.0,1.0,1.0,0.0,0.0,1.0,0.0,82.0,82.0,0
2025-04-11 14:48:07,21.4,5.32,2.8,0.7,4.9,0.0,0.0,0.0,0.0,0.0,27.9,34.2,16.9,28.5,-128.7,20.6,0.0,1.0,1.0,1.0,0.0,0.0,1.0,0.0,82.0,82.0,0
2025-04-11 14:48:08,21.4,5.3,2.8,0.7,4.7,0.0,0.0,0.0,0.0,0.0,27.9,34.2,16.9,28.5,-128.7,20.7,0.0,1.0,1.0,1.0,0.0,0.0,1.0,0.0,82.0,82.0,0
2025-04-11 14:48:09,21.41,5.32,2.8,0.7,4.8,0.0,0.0,0.0,0.0,0.0,27.9,34.2,16.9,28.5,-128.7,20.6,0.0,1.0,1.0,1.0,0.0,0.0,1.0,0.0,82.0,82.0,0
2025-04-11 14:48:10,21.4,5.309999,2.8,0.7,4.5,0.0,0.0,0.0,0.0,0.0,27.9,34.2,16.9,28.4,-128.7,20.6,0.0,1.0,1.0,1.0,0.0,0.0,1.0,0.0,82.0,82.0,0
2025-04-11 14:48:11,21.41,5.32,2.8,0.7,5.2,0.0,0.0,0.0,0.0,0.0,27.9,34.2,16.9,28.4,-128.7,20.5,0.0,1.0,1.0,1.0,0.0,0.0,1.0,0.0,82.0,82.0,0
2025-04-11 14:48:12,21.4,5.309999,2.8,0.7,5.2,0.0,0.0,0.0,0.0,0.0,27.9,34.2,16.9,28.4,-128.7,20.5,0.0,1.0,1.0,1.0,0.0,0.0,1.0,0.0,82.0,82.0,0
2025-04-11 14:48:13,21.39,5.33,2.8,0.7,4.6,0.0,0.0,0.0,0.0,0.0,27.9,34.2,16.9,28.4,-128.7,20.6,0.0,1.0,1.0,1.0,0.0,0.0,1.0,0.0,82.0,82.0,0
2025-04-11 14:48:14,21.4,5.3,2.8,0.7,4.7,0.0,0.0,0.0,0.0,0.0,27.9,34.2,16.8,28.4,-128.7,20.5,0.0,1.0,1.0,1.0,0.0,0.0,1.0,0.0,82.0,82.0,0
2025-04-11 14:48:15,21.39,5.32,2.8,0.7,4.9,0.0,0.0,0.0,0.0,0.0,27.9,34.2,16.8,28.4,-128.7,20.5,0.0,1.0,1.0,1.0,0.0,0.0,1.0,0.0,82.0,82.0,0
2025-04-11 14:48:16,21.39,5.309999,2.8,0.7,4.6,0.0,0.0,0.0,0.0,0.0,27.9,34.2,16.8,28.4,-128.7,20.5,0.0,1.0,1.0,1.0,0.0,0.0,1.0,0.0,82.0,82.0,0
2025-04-11 14:48:17,21.4,5.309999,2.8,0.7,4.7,0.0,0.0,0.0,0.0,0.0,27.9,34.2,16.8,28.4,-128.7,20.5,0.0,1.0,1.0,1.0,0.0,0.0,1.0,0.0,82.0,82.0,0
2025-04-11 14:48:18,21.39,5.3,2.7,0.7,4.7,0.0,0.0,0.0,0.0,0.0,27.9,34.2,16.8,28.4,-128.7,20.5,0.0,1.0,1.0,1.0,0.0,0.0,1.0,0.0,82.0,82.0,0
2025-04-11 14:48:19,21.38,5.309999,2.8,0.7,5.2,0.0,0.0,0.0,0.0,0.0,27.9,34.2,16.8,28.4,-128.7,20.6,0.0,1.0,1.0,1.0,0.0,0.0,1.0,0.0,82.0,82.0,0
2025-04-11 14:48:20,21.4,5.309999,2.8,0.7,4.7,0.0,0.0,0.0,0.0,0.0,27.9,34.2,16.8,28.4,-128.7,20.4,0.0,1.0,1.0,1.0,0.0,0.0,1.0,0.0,82.0,82.0,0
2025-04-11 14:48:21,21.41,5.32,2.7,0.7,4.6,0.0,0.0,0.0,0.0,0.0,27.9,34.2,16.8,28.4,-128.7,20.6,0.0,1.0,1.0,1.0,0.0,0.0,1.0,0.0,82.0,82.0,0
2025-04-11 14:48:22,21.39,5.309999,2.8,0.7,5.2,0.0,0.0,0.0,0.0,0.0,27.9,34.2,16.8,28.4,-128.7,20.5,0.0,1.0,1.0,1.0,0.0,0.0,1.0,0.0,82.0,82.0,0
2025-04-11 14:48:23,21.4,5.309999,2.8,0.7,4.8,0.0,0.0,0.0,0.0,0.0,27.9,34.2,16.8,28.4,-128.7,20.6,0.0,1.0,1.0,1.0,0.0,0.0,1.0,0.0,82.0,82.0,0
2025-04-11 14:48:24,21.39,5.32,2.8,0.7,4.8,0.0,0.0,0.0,0.0,0.0,27.9,34.2,16.8,28.4,-128.7,20.5,0.0,1.0,1.0,1.0,0.0,0.0,1.0,0.0,82.0,82.0,0
2025-04-11 14:48:25,21.38,5.3,2.8,0.7,5.0,0.0,0.0,0.0,0.0,0.0,27.9,34.2,16.8,28.4,-128.7,20.6,0.0,1.0,1.0,1.0,0.0,0.0,1.0,0.0,82.0,82.0,0
2025-04-11 14:48:26,21.4,5.32,2.8,0.7,5.3,0.0,0.0,0.0,0.0,0.0,27.9,34.2,16.8,28.4,-128.7,20.5,0.0,1.0,1.0,1.0,0.0,0.0,1.0,0.0,82.0,82.0,0
2025-04-11 14:48:27,21.39,5.32,2.8,0.7,4.9,0.0,0.0,0.0,0.0,0.0,27.9,34.2,16.8,28.4,-128.7,20.6,0.0,1.0,1.0,1.0,0.0,0.0,1.0,0.0,82.0,82.0,0
2025-04-11 14:48:28,21.39,5.32,2.8,0.7,5.1,0.0,0.0,0.0,0.0,0.0,27.9,34.2,16.8,28.4,-128.7,20.5,0.0,1.0,1.0,1.0,0.0,0.0,1.0,0.0,82.0,82.0,0
2025-04-11 14:48:29,21.39,5.309999,2.8,0.7,5.0,0.0,0.0,0.0,0.0,0.0,27.9,34.2,16.7,28.4,-128.7,20.6,0.0,1.0,1.0,1.0,0.0,0.0,1.0,0.0,82.0,82.0,0
2025-04-11 14:48:30,21.4,5.32,2.8,0.7,4.7,0.0,0.0,0.0,0.0,0.0,27.9,34.2,16.7,28.4,-128.7,20.5,0.0,1.0,1.0,1.0,0.0,0.0,1.0,0.0,82.0,82.0,0
2025-04-11 14:48:31,21.4,5.3,2.8,0.7,5.2,0.0,0.0,0.0,0.0,0.0,27.9,34.2,16.7,28.4,-128.7,20.6,0.0,1.0,1.0,1.0,0.0,0.0,1.0,0.0,82.0,82.0,0
2025-04-11 14:48:32,21.4,5.33,2.8,0.7,4.9,0.0,0.0,0.0,0.0,0.0,27.9,34.2,16.7,28.4,-128.7,20.5,0.0,1.0,1.0,1.0,0.0,0.0,1.0,0.0,82.0,82.0,0
2025-04-11 14:48:33,21.39,5.3,2.8,0.7,4.7,0.0,0.0,0.0,0.0,0.0,27.9,34.2,16.7,28.4,-128.7,20.6,0.0,1.0,1.0,1.0,0.0,0.0,1.0,0.0,82.0,82.0,0
2025-04-11 14:48:34,21.38,5.309999,2.8,0.7,4.6,0.0,0.0,0.0,0.0,0.0,27.9,34.2,16.7,28.4,-128.7,20.5,0.0,1.0,1.0,1.0,0.0,0.0,1.0,0.0,82.0,82.0,0
2025-04-11 14:48:35,21.38,5.3,2.8,0.7,5.5,0.0,0.0,0.0,0.0,0.0,27.9,34.2,16.7,28.4,-128.7,20.6,0.0,1.0,1.0,1.0,0.0,0.0,1.0,0.0,82.0,82.0,0
2025-04-11 14:48:36,21.39,5.32,2.8,0.7,4.7,0.0,0.0,0.0,0.0,0.0,27.9,34.2,16.7,28.4,-128.7,20.6,0.0,1.0,1.0,1.0,0.0,0.0,1.0,0.0,82.0,82.0,0
2025-04-11 14:48:37,21.39,5.3,2.8,0.7,4.7,0.0,0.0,0.0,0.0,0.0,27.9,34.2,16.7,28.4,-128.7,20.6,0.0,1.0,1.0,1.0,0.0,0.0,1.0,0.0,82.0,82.0,0
2025-04-11 14:48:38,21.4,5.33,2.8,0.7,5.0,0.0,0.0,0.0,0.0,0.0,27.9,34.2,16.7,28.4,-128.7,20.5,0.0,1.0,1.0,1.0,0.0,0.0,1.0,0.0,82.0,82.0,0
2025-04-11 14:48:39,21.39,5.3,2.8,0.7,5.0,0.0,0.0,0.0,0.0,0.0,27.9,34.2,16.7,28.4,-128.7,20.6,0.0,1.0,1.0,1.0,0.0,0.0,1.0,0.0,82.0,82.0,0
2025-04-11 14:48:40,21.39,5.32,2.8,0.7,5.3,0.0,0.0,0.0,0.0,0.0,27.9,34.2,16.6,28.3,-128.7,20.4,0.0,1.0,1.0,1.0,0.0,0.0,1.0,0.0,82.0,82.0,0
2025-04-11 14:48:41,21.4,5.3,2.8,0.7,4.7,0.0,0.0,0.0,0.0,0.0,27.9,34.2,16.6,28.3,-128.7,20.5,0.0,1.0,1.0,1.0,0.0,0.0,1.0,0.0,82.0,82.0,0
2025-04-11 14:48:42,21.4,5.32,2.8,0.7,4.6,0.0,0.0,0.0,0.0,0.0,27.9,34.2,16.6,28.3,-128.7,20.4,0.0,1.0,1.0,1.0,0.0,0.0,1.0,0.0,82.0,82.0,0
2025-04-11 14:48:43,21.39,5.3,2.8,0.7,5.1,0.0,0.0,0.0,0.0,0.0,27.9,34.2,16.6,28.3,-128.7,20.5,0.0,1.0,1.0,1.0,0.0,0.0,1.0,0.0,82.0,82.0,0
2025-04-11 14:48:44,21.38,5.32,2.8,0.7,4.8,0.0,0.0,0.0,0.0,0.0,27.9,34.2,16.6,28.3,-128.7,20.5,0.0,1.0,1.0,1.0,0.0,0.0,1.0,0.0,82.0,82.0,0
2025-04-11 14:48:45,21.38,5.3,2.8,0.7,5.3,0.0,0.0,0.0,0.0,0.0,27.9,34.2,16.6,28.3,-128.7,20.5,0.0,1.0,1.0,1.0,0.0,0.0,1.0,0.0,82.0,82.0,0
2025-04-11 14:48:46,21.38,5.32,2.8,0.7,5.1,0.0,0.0,0.0,0.0,0.0,27.9,34.2,16.6,28.3,-128.7,20.5,0.0,1.0,1.0,1.0,0.0,0.0,1.0,0.0,82.0,82.0,0
2025-04-11 14:48:47,21.4,5.3,2.8,0.7,4.6,0.0,0.0,0.0,0.0,0.0,27.9,34.2,16.6,28.3,-128.7,20.4,0.0,1.0,1.0,1.0,0.0,0.0,1.0,0.0,82.0,82.0,0
2025-04-11 14:48:48,21.38,5.309999,2.8,0.7,5.1,0.0,0.0,0.0,0.0,0.0,27.9,34.2,16.6,28.3,-128.7,20.5,0.0,1.0,1.0,1.0,0.0,0.0,1.0,0.0,82.0,82.0,0
2025-04-11 14:48:49,21.39,5.3,2.8,0.7,5.2,0.0,0.0,0.0,0.0,0.0,27.9,34.2,16.6,28.3,-128.7,20.5,0.0,1.0,1.0,1.0,0.0,0.0,1.0,0.0,82.0,82.0,0
2025-04-11 14:48:50,21.39,5.3,2.8,0.7,4.7,0.0,0.0,0.0,0.0,0.0,27.9,34.2,16.6,28.3,-128.7,20.5,0.0,1.0,1.0,1.0,0.0,0.0,1.0,0.0,82.0,82.0,0
2025-04-11 14:48:51,21.4,5.3,2.8,0.7,5.0,0.0,0.0,0.0,0.0,0.0,27.9,34.2,16.6,28.3,-128.7,20.5,0.0,1.0,1.0,1.0,0.0,0.0,1.0,0.0,82.0,82.0,0
2025-04-11 14:48:52,21.4,5.32,2.8,0.7,5.0,0.0,0.0,0.0,0.0,0.0,27.9,34.2,16.6,28.3,-128.7,20.5,0.0,1.0,1.0,1.0,0.0,0.0,1.0,0.0,82.0,82.0,0
2025-04-11 14:48:53,21.4,5.3,2.8,0.7,4.6,0.0,0.0,0.0,0.0,0.0,27.9,34.2,16.6,28.3,-128.7,20.4,0.0,1.0,1.0,1.0,0.0,0.0,1.0,0.0,82.0,82.0,0
2025-04-11 14:48:54,21.38,5.309999,2.8,0.7,4.9,0.0,0.0,0.0,0.0,0.0,27.9,34.2,16.6,28.3,-128.7,20.5,0.0,1.0,1.0,1.0,0.0,0.0,1.0,0.0,82.0,82.0,0
2025-04-11 14:48:55,21.38,5.3,2.8,0.7,5.1,0.0,0.0,0.0,0.0,0.0,27.9,34.2,16.6,28.3,-128.7,20.5,0.0,1.0,1.0,1.0,0.0,0.0,1.0,0.0,82.0,82.0,0
2025-04-11 14:48:56,21.38,5.3,2.8,0.7,4.6,0.0,0.0,0.0,0.0,0.0,27.9,34.2,16.6,28.3,-128.7,20.5,0.0,1.0,1.0,1.0,0.0,0.0,1.0,0.0,82.0,82.0,0
2025-04-11 14:48:57,21.4,5.309999,2.8,0.7,5.2,0.0,0.0,0.0,0.0,0.0,27.9,34.2,16.6,28.3,-128.7,20.5,0.0,1.0,1.0,1.0,0.0,0.0,1.0,0.0,82.0,82.0,0
2025-04-11 14:48:58,21.39,5.3,2.8,0.7,4.9,0.0,0.0,0.0,0.0,0.0,27.9,34.2,16.6,28.3,-128.7,20.5,0.0,1.0,1.0,1.0,0.0,0.0,1.0,0.0,82.0,82.0,0
2025-04-11 14:48:59,21.38,5.3,2.7,0.7,4.6,0.0,0.0,0.0,0.0,0.0,27.9,34.2,16.6,28.3,-128.7,20.4,0.0,1.0,1.0,1.0,0.0,0.0,1.0,0.0,82.0,82.0,0
2025-04-11 14:49:00,21.39,5.309999,2.8,0.7,4.7,0.0,0.0,0.0,0.0,0.0,27.9,34.2,16.6,28.3,-128.7,20.5,0.0,1.0,1.0,1.0,0.0,0.0,1.0,0.0,82.0,82.0,0
2025-04-11 15:46:00,25.75,5.94,3.1,0.7,7.599999,0.0,0.0,0.0,0.0,0.0,27.9,41.5,19.8,31.8,-128.7,20.7,0.0,1.0,1.0,1.0,0.0,0.0,1.0,0.0,90.0,90.0,0
2025-04-11 15:46:01,25.76,5.94,3.1,0.7,7.2,0.0,0.0,0.0,0.0,0.0,27.9,41.5,19.8,31.8,-128.7,20.7,0.0,1.0,1.0,1.0,0.0,0.0,1.0,0.0,90.0,90.0,0
2025-04-11 15:46:02,25.78,5.94,3.1,0.7,7.0,0.0,0.0,0.0,0.0,0.0,27.9,41.5,19.8,31.8,-128.7,20.7,0.0,1.0,1.0,1.0,0.0,0.0,1.0,0.0,90.0,90.0,0
2025-04-11 15:46:03,25.77,5.94,3.1,0.7,7.3,0.0,0.0,0.0,0.0,0.0,27.9,41.5,19.8,31.8,-128.7,20.7,0.0,1.0,1.0,1.0,0.0,0.0,1.0,0.0,90.0,90.0,0
2025-04-11 15:46:04,25.76,5.93,3.0,0.7,7.099999,0.0,0.0,0.0,0.0,0.0,27.9,41.5,19.8,31.8,-128.7,20.8,0.0,1.0,1.0,1.0,0.0,0.0,1.0,0.0,90.0,90.0,0
2025-04-11 15:46:05,25.76,5.94,3.1,0.7,7.8,0.0,0.0,0.0,0.0,0.0,27.9,41.5,19.7,31.8,-128.7,20.7,0.0,1.0,1.0,1.0,0.0,0.0,1.0,0.0,90.0,90.0,0
2025-04-11 15:46:06,25.76,5.94,3.1,0.7,7.5,0.0,0.0,0.0,0.0,0.0,27.9,41.5,19.7,31.8,-128.7,20.7,0.0,1.0,1.0,1.0,0.0,0.0,1.0,0.0,90.0,90.0,0
2025-04-11 15:46:07,25.78,5.95,3.1,0.7,7.2,0.0,0.0,0.0,0.0,0.0,27.9,41.5,19.7,31.8,-128.7,20.7,0.0,1.0,1.0,1.0,0.0,0.0,1.0,0.0,90.0,90.0,0
2025-04-11 15:46:08,25.8,5.94,3.1,0.7,7.599999,0.0,0.0,0.0,0.0,0.0,27.9,41.6,19.7,31.8,-128.7,20.7,0.0,1.0,1.0,1.0,0.0,0.0,1.0,0.0,90.0,90.0,0
2025-04-11 15:46:09,25.8,5.95,3.1,0.7,6.9,0.0,0.0,0.0,0.0,0.0,27.9,41.6,19.7,31.8,-128.7,20.7,0.0,1.0,1.0,1.0,0.0,0.0,1.0,0.0,90.0,90.0,0
2025-04-11 15:46:10,25.81,5.95,3.1,0.7,7.9,0.0,0.0,0.0,0.0,0.0,27.9,41.6,19.7,31.8,-128.7,20.7,0.0,1.0,1.0,1.0,0.0,0.0,1.0,0.0,90.0,90.0,0
2025-04-11 15:46:11,25.78,5.94,3.1,0.7,7.7,0.0,0.0,0.0,0.0,0.0,27.9,41.6,19.7,31.8,-128.7,20.7,0.0,1.0,1.0,1.0,0.0,0.0,1.0,0.0,90.0,90.0,0
2025-04-11 15:46:12,25.78,5.95,3.1,0.7,7.5,0.0,0.0,0.0,0.0,0.0,27.9,41.6,19.7,31.9,-128.7,20.8,0.0,1.0,1.0,1.0,0.0,0.0,1.0,0.0,90.0,90.0,0
2025-04-11 15:46:13,25.8,5.94,3.1,0.7,8.099999,0.0,0.0,0.0,0.0,0.0,27.9,41.6,19.7,31.9,-128.7,20.8,0.0,1.0,1.0,1.0,0.0,0.0,1.0,0.0,90.0,90.0,0
2025-04-11 15:46:14,25.82,5.95,3.1,0.7,7.599999,0.0,0.0,0.0,0.0,0.0,27.9,41.6,19.7,31.9,-128.7,20.8,0.0,1.0,1.0,1.0,0.0,0.0,1.0,0.0,90.0,90.0,0
2025-04-11 15:46:15,25.82,5.94,3.1,0.7,7.5,0.0,0.0,0.0,0.0,0.0,27.9,41.6,19.7,31.9,-128.7,20.8,0.0,1.0,1.0,1.0,0.0,0.0,1.0,0.0,90.0,90.0,0
2025-04-11 15:46:16,25.8,5.95,3.1,0.7,7.7,0.0,0.0,0.0,0.0,0.0,27.9,41.6,19.7,31.9,-128.7,20.8,0.0,1.0,1.0,1.0,0.0,0.0,1.0,0.0,90.0,90.0,0
2025-04-11 15:46:17,25.81,5.95,3.1,0.7,8.099999,0.0,0.0,0.0,0.0,0.0,27.9,41.6,19.7,31.9,-128.7,20.8,0.0,1.0,1.0,1.0,0.0,0.0,1.0,0.0,90.0,90.0,0
2025-04-11 15:46:18,25.81,5.94,3.1,0.7,7.8,0.0,0.0,0.0,0.0,0.0,27.9,41.6,19.6,31.9,-128.7,20.8,0.0,1.0,1.0,1.0,0.0,0.0,1.0,0.0,90.0,90.0,0
2025-04-11 15:46:19,25.82,5.95,3.1,0.7,7.8,0.0,0.0,0.0,0.0,0.0,27.9,41.6,19.6,31.9,-128.7,20.8,0.0,1.0,1.0,1.0,0.0,0.0,1.0,0.0,90.0,90.0,0
2025-04-11 15:46:20,25.81,5.94,3.1,0.7,7.8,0.0,0.0,0.0,0.0,0.0,27.9,41.6,19.6,31.9,-128.7,20.8,0.0,1.0,1.0,1.0,0.0,0.0,1.0,0.0,90.0,90.0,0
2025-04-11 15:46:21,25.83,5.94,3.1,0.7,7.7,0.0,0.0,0.0,0.0,0.0,27.9,41.6,19.6,31.9,-128.7,20.8,0.0,1.0,1.0,1.0,0.0,0.0,1.0,0.0,90.0,90.0,0
2025-04-11 15:46:22,25.84,5.95,3.1,0.7,7.8,0.0,0.0,0.0,0.0,0.0,27.9,41.6,19.6,31.9,-128.7,20.8,0.0,1.0,1.0,1.0,0.0,0.0,1.0,0.0,90.0,90.0,0
2025-04-11 15:46:23,25.86,5.94,3.1,0.7,7.8,0.0,0.0,0.0,0.0,0.0,27.9,41.6,19.6,31.9,-128.7,20.8,0.0,1.0,1.0,1.0,0.0,0.0,1.0,0.0,90.0,90.0,0
2025-04-11 15:46:24,25.83,5.94,3.1,0.7,7.5,0.0,0.0,0.0,0.0,0.0,27.9,41.6,19.6,31.9,-128.7,20.8,0.0,1.0,1.0,1.0,0.0,0.0,1.0,0.0,90.0,90.0,0
2025-04-11 15:46:25,25.82,5.94,3.1,0.7,7.3,0.0,0.0,0.0,0.0,0.0,27.9,41.7,19.6,31.9,-128.7,20.8,0.0,1.0,1.0,1.0,0.0,0.0,1.0,0.0,90.0,90.0,0
2025-04-11 15:46:26,25.81,5.95,3.1,0.7,7.4,0.0,0.0,0.0,0.0,0.0,27.9,41.7,19.6,31.9,-128.7,20.8,0.0,1.0,1.0,1.0,0.0,0.0,1.0,0.0,90.0,90.0,0
2025-04-11 15:46:27,25.82,5.94,3.1,0.7,7.599999,0.0,0.0,0.0,0.0,0.0,27.9,41.7,19.6,31.9,-128.7,20.8,0.0,1.0,1.0,1.0,0.0,0.0,1.0,0.0,90.0,90.0,0
2025-04-11 15:46:28,25.83,5.94,3.1,0.7,7.2,0.0,0.0,0.0,0.0,0.0,27.9,41.7,19.6,31.9,-128.7,20.8,0.0,1.0,1.0,1.0,0.0,0.0,1.0,0.0,90.0,90.0,0
2025-04-11 15:46:29,25.84,5.94,3.1,0.7,7.9,0.0,0.0,0.0,0.0,0.0,27.9,41.7,19.6,32.0,-128.7,20.9,0.0,1.0,1.0,1.0,0.0,0.0,1.0,0.0,90.0,90.0,0
2025-04-11 15:46:30,25.84,5.94,3.1,0.7,7.7,0.0,0.0,0.0,0.0,0.0,27.9,41.7,19.6,32.0,-128.7,20.9,0.0,1.0,1.0,1.0,0.0,0.0,1.0,0.0,90.0,90.0,0
2025-04-11 15:46:31,25.82,5.94,3.1,0.7,7.2,0.0,0.0,0.0,0.0,0.0,27.9,41.7,19.6,32.0,-128.7,20.9,0.0,1.0,1.0,1.0,0.0,0.0,1.0,0.0,90.0,90.0,0
2025-04-11 15:46:32,25.83,5.94,3.1,0.7,6.9,0.0,0.0,0.0,0.0,0.0,27.9,41.7,19.6,32.0,-128.7,20.9,0.0,1.0,1.0,1.0,0.0,0.0,1.0,0.0,90.0,90.0,0
2025-04-11 15:46:33,25.84,5.94,3.1,0.7,7.2,0.0,0.0,0.0,0.0,0.0,27.9,41.7,19.6,32.0,-128.7,20.9,0.0,1.0,1.0,1.0,0.0,0.0,1.0,0.0,90.0,90.0,0
2025-04-11 15:46:34,25.84,5.94,3.1,0.7,7.4,0.0,0.0,0.0,0.0,0.0,27.9,41.7,19.6,32.0,-128.7,20.9,0.0,1.0,1.0,1.0,0.0,0.0,1.0,0.0,90.0,90.0,0
2025-04-11 15:46:35,25.84,5.94,3.1,0.7,7.0,0.0,0.0,0.0,0.0,0.0,27.9,41.7,19.6,32.0,-128.7,20.9,0.0,1.0,1.0,1.0,0.0,0.0,1.0,0.0,90.0,90.0,0
2025-04-11 15:46:36,25.84,5.95,3.1,0.7,6.9,0.0,0.0,0.0,0.0,0.0,27.9,41.7,19.6,32.0,-128.7,20.9,0.0,1.0,1.0,1.0,0.0,0.0,1.0,0.0,90.0,90.0,0
2025-04-11 15:46:37,25.88,5.94,3.1,0.7,7.7,0.0,0.0,0.0,0.0,0.0,27.9,41.7,19.5,32.0,-128.7,20.9,0.0,1.0,1.0,1.0,0.0,0.0,1.0,0.0,90.0,90.0,0
2025-04-11 15:46:38,25.88,5.94,3.1,0.7,7.099999,0.0,0.0,0.0,0.0,0.0,27.9,41.7,19.5,32.0,-128.7,20.9,0.0,1.0,1.0,1.0,0.0,0.0,1.0,0.0,90.0,90.0,0
2025-04-11 15:46:39,25.87,5.95,3.1,0.7,7.099999,0.0,0.0,0.0,0.0,0.0,27.9,41.7,19.5,32.0,-128.7,20.9,0.0,1.0,1.0,1.0,0.0,0.0,1.0,0.0,90.0,90.0,0
2025-04-11 15:46:40,25.84,5.94,3.1,0.7,7.7,0.0,0.0,0.0,0.0,0.0,27.9,41.7,19.5,32.0,-128.7,20.9,0.0,1.0,1.0,1.0,0.0,0.0,1.0,0.0,90.0,90.0,0
2025-04-11 15:46:41,25.84,5.94,3.1,0.7,7.599999,0.0,0.0,0.0,0.0,0.0,27.9,41.7,19.5,32.0,-128.7,20.9,0.0,1.0,1.0,1.0,0.0,0.0,1.0,0.0,90.0,90.0,0
2025-04-11 15:46:42,25.86,5.94,3.1,0.7,7.0,0.0,0.0,0.0,0.0,0.0,27.9,41.7,19.5,32.0,-128.7,20.9,0.0,1.0,1.0,1.0,0.0,0.0,1.0,0.0,90.0,90.0,0
2025-04-11 15:46:43,25.88,5.94,3.1,0.7,7.0,0.0,0.0,0.0,0.0,0.0,27.9,41.7,19.5,32.0,-128.7,21.0,0.0,1.0,1.0,1.0,0.0,0.0,1.0,0.0,90.0,90.0,0
2025-04-11 15:46:44,25.86,5.95,3.1,0.7,7.2,0.0,0.0,0.0,0.0,0.0,27.9,41.7,19.5,32.0,-128.7,20.9,0.0,1.0,1.0,1.0,0.0,0.0,1.0,0.0,90.0,90.0,0
2025-04-11 15:46:45,25.87,5.94,3.1,0.7,7.099999,0.0,0.0,0.0,0.0,0.0,27.9,41.8,19.5,32.0,-128.7,20.9,0.0,1.0,1.0,1.0,0.0,0.0,1.0,0.0,90.0,90.0,0
2025-04-11 15:46:46,25.88,5.95,3.1,0.7,7.7,0.0,0.0,0.0,0.0,0.0,27.9,41.8,19.5,32.0,-128.7,20.9,0.0,1.0,1.0,1.0,0.0,0.0,1.0,0.0,90.0,90.0,0
2025-04-11 15:46:47,25.88,5.94,3.1,0.7,7.3,0.0,0.0,0.0,0.0,0.0,27.9,41.8,19.5,32.0,-128.7,20.9,0.0,1.0,1.0,1.0,0.0,0.0,1.0,0.0,90.0,90.0,0
2025-04-11 15:46:48,25.87,5.94,3.1,0.7,6.8,0.0,0.0,0.0,0.0,0.0,27.9,41.8,19.5,32.0,-128.7,20.9,0.0,1.0,1.0,1.0,0.0,0.0,1.0,0.0,90.0,90.0,0
2025-04-11 15:46:49,25.88,5.96,3.1,0.7,7.7,0.0,0.0,0.0,0.0,0.0,27.9,41.8,19.5,32.1,-128.7,20.9,0.0,1.0,1.0,1.0,0.0,0.0,1.0,0.0,90.0,90.0,0
2025-04-11 15:46:50,25.89,5.94,3.1,0.7,7.2,0.0,0.0,0.0,0.0,0.0,27.9,41.8,19.5,32.1,-128.7,21.0,0.0,1.0,1.0,1.0,0.0,0.0,1.0,0.0,90.0,90.0,0
2025-04-11 15:46:51,25.89,5.95,3.2,0.7,7.7,0.0,0.0,0.0,0.0,0.0,27.9,41.8,19.5,32.1,-128.7,21.0,0.0,1.0,1.0,1.0,0.0,0.0,1.0,0.0,90.0,90.0,0
2025-04-11 15:46:52,25.89,5.94,3.1,0.7,7.4,0.0,0.0,0.0,0.0,0.0,27.9,41.8,19.5,32.1,-128.7,21.0,0.0,1.0,1.0,1.0,0.0,0.0,1.0,0.0,90.0,90.0,0
2025-04-11 15:46:53,25.89,5.95,3.1,0.7,7.2,0.0,0.0,0.0,0.0,0.0,27.9,41.8,19.5,32.1,-128.7,21.0,0.0,1.0,1.0,1.0,0.0,0.0,1.0,0.0,90.0,90.0,0
2025-04-11 15:46:54,25.88,5.95,3.1,0.7,7.3,0.0,0.0,0.0,0.0,0.0,27.9,41.8,19.5,32.1,-128.7,21.0,0.0,1.0,1.0,1.0,0.0,0.0,1.0,0.0,90.0,90.0,0
2025-04-11 15:46:55,25.88,5.94,3.1,0.7,7.099999,0.0,0.0,0.0,0.0,0.0,27.9,41.8,19.5,32.1,-128.7,21.0,0.0,1.0,1.0,1.0,0.0,0.0,1.0,0.0,90.0,90.0,0
2025-04-11 15:46:56,25.89,5.96,3.1,0.7,7.5,0.0,0.0,0.0,0.0,0.0,27.9,41.8,19.5,32.1,-128.7,21.0,0.0,1.0,1.0,1.0,0.0,0.0,1.0,0.0,90.0,90.0,0
2025-04-11 15:46:57,25.89,5.94,3.2,0.7,8.099999,0.0,0.0,0.0,0.0,0.0,27.9,41.8,19.5,32.1,-128.7,21.0,0.0,1.0,1.0,1.0,0.0,0.0,1.0,0.0,90.0,90.0,0
2025-04-11 15:46:58,25.92,5.94,3.1,0.7,7.3,0.0,0.0,0.0,0.0,0.0,27.9,41.8,19.5,32.1,-128.7,21.0,0.0,1.0,1.0,1.0,0.0,0.0,1.0,0.0,90.0,90.0,0
2025-04-11 15:46:59,25.9,5.95,3.1,0.7,7.9,0.0,0.0,0.0,0.0,0.0,27.9,41.8,19.4,32.1,-128.7,21.0,0.0,1.0,1.0,1.0,0.0,0.0,1.0,0.0,90.0,90.0,0
2025-04-11 15:47:00,25.9,5.94,3.1,0.7,7.599999,0.0,0.0,0.0,0.0,0.0,27.9,41.8,19.4,32.1,-128.7,21.0,0.0,1.0,1.0,1.0,0.0,0.0,1.0,0.0,90.0,90.0,0
2025-04-11 15:47:01,25.92,5.95,3.1,0.7,6.9,0.0,0.0,0.0,0.0,0.0,27.9,41.8,19.4,32.1,-128.7,21.0,0.0,1.0,1.0,1.0,0.0,0.0,1.0,0.0,90.0,90.0,0
2025-04-11 15:47:02,25.92,5.95,3.1,0.7,7.7,0.0,0.0,0.0,0.0,0.0,27.9,41.8,19.4,32.1,-128.7,21.0,0.0,1.0,1.0,1.0,0.0,0.0,1.0,0.0,90.0,90.0,0
2025-04-11 15:47:03,25.9,5.95,3.1,0.7,7.099999,0.0,0.0,0.0,0.0,0.0,27.9,41.8,19.4,32.1,-128.7,21.0,0.0,1.0,1.0,1.0,0.0,0.0,1.0,0.0,90.0,90.0,0
2025-04-11 15:47:04,25.88,5.94,3.1,0.7,7.0,0.0,0.0,0.0,0.0,0.0,27.9,41.8,19.4,32.1,-128.7,21.0,0.0,1.0,1.0,1.0,0.0,0.0,1.0,0.0,90.0,90.0,0
2025-04-11 15:47:05,25.89,5.94,3.1,0.7,7.4,0.0,0.0,0.0,0.0,0.0,27.9,41.8,19.4,32.1,-128.7,21.0,0.0,1.0,1.0,1.0,0.0,0.0,1.0,0.0,90.0,90.0,0
2025-04-11 15:47:06,25.9,5.95,3.1,0.7,7.2,0.0,0.0,0.0,0.0,0.0,27.9,41.8,19.4,32.1,-128.7,21.0,0.0,1.0,1.0,1.0,0.0,0.0,1.0,0.0,90.0,90.0,0
2025-04-11 15:47:07,25.89,5.94,3.1,0.7,7.599999,0.0,0.0,0.0,0.0,0.0,27.9,41.8,19.4,32.1,-128.7,21.0,0.0,1.0,1.0,1.0,0.0,0.0,1.0,0.0,90.0,90.0,0
2025-04-11 15:47:08,25.89,5.94,3.1,0.7,7.8,0.0,0.0,0.0,0.0,0.0,27.9,41.8,19.4,32.1,-128.7,21.0,0.0,1.0,1.0,1.0,0.0,0.0,1.0,0.0,90.0,90.0,0
2025-04-11 15:47:09,25.89,5.94,3.1,0.7,8.099999,0.0,0.0,0.0,0.0,0.0,27.9,41.8,19.4,32.1,-128.7,21.0,0.0,1.0,1.0,1.0,0.0,0.0,1.0,0.0,90.0,90.0,0
2025-04-11 15:47:10,25.89,5.94,3.1,0.7,7.2,0.0,0.0,0.0,0.0,0.0,27.9,41.8,19.4,32.1,-128.7,21.0,0.0,1.0,1.0,1.0,0.0,0.0,1.0,0.0,90.0,90.0,0
2025-04-11 15:47:11,25.9,5.94,3.1,0.7,7.599999,0.0,0.0,0.0,0.0,0.0,27.9,41.8,19.4,32.1,-128.7,21.0,0.0,1.0,1.0,1.0,0.0,0.0,1.0,0.0,90.0,90.0,0
2025-04-11 15:47:12,25.88,5.93,3.1,0.7,7.7,0.0,0.0,0.0,0.0,0.0,27.9,41.8,19.4,32.1,-128.7,21.0,0.0,1.0,1.0,1.0,0.0,0.0,1.0,0.0,90.0,90.0,0
2025-04-11 15:47:13,25.9,5.94,3.1,0.7,7.5,0.0,0.0,0.0,0.0,0.0,27.9,41.8,19.4,32.1,-128.7,21.0,0.0,1.0,1.0,1.0,0.0,0.0,1.0,0.0,90.0,90.0,0
2025-04-11 15:47:14,25.9,5.94,3.1,0.7,7.4,0.0,0.0,0.0,0.0,0.0,27.9,41.8,19.4,32.1,-128.7,21.0,0.0,1.0,1.0,1.0,0.0,0.0,1.0,0.0,90.0,90.0,0
2025-04-11 15:47:15,25.92,5.93,3.1,0.7,7.7,0.0,0.0,0.0,0.0,0.0,27.9,41.8,19.4,32.1,-128.7,21.0,0.0,1.0,1.0,1.0,0.0,0.0,1.0,0.0,90.0,90.0,0
2025-04-11 15:47:16,25.9,5.94,3.1,0.7,7.4,0.0,0.0,0.0,0.0,0.0,27.9,41.8,19.4,32.1,-128.7,21.0,0.0,1.0,1.0,1.0,0.0,0.0,1.0,0.0,90.0,90.0,0
2025-04-11 15:47:17,25.89,5.94,3.1,0.7,7.8,0.0,0.0,0.0,0.0,0.0,27.9,41.9,19.4,32.1,-128.7,21.1,0.0,1.0,1.0,1.0,0.0,0.0,1.0,0.0,90.0,90.0,0
2025-04-11 15:47:18,25.88,5.93,3.1,0.7,7.8,0.0,0.0,0.0,0.0,0.0,27.9,41.9,19.4,32.1,-128.7,21.1,0.0,1.0,1.0,1.0,0.0,0.0,1.0,0.0,90.0,90.0,0
2025-04-11 15:47:19,25.88,5.94,3.1,0.7,7.7,0.0,0.0,0.0,0.0,0.0,27.9,41.9,19.4,32.1,-128.7,21.0,0.0,1.0,1.0,1.0,0.0,0.0,1.0,0.0,90.0,90.0,0
2025-04-11 15:47:20,25.89,5.93,3.1,0.7,7.7,0.0,0.0,0.0,0.0,0.0,27.9,41.9,19.4,32.1,-128.7,21.1,0.0,1.0,1.0,1.0,0.0,0.0,1.0,0.0,90.0,90.0,0
2025-04-11 15:47:21,25.89,5.94,3.2,0.7,7.3,0.0,0.0,0.0,0.0,0.0,27.9,41.9,19.3,32.1,-128.7,21.1,0.0,1.0,1.0,1.0,0.0,0.0,1.0,0.0,90.0,90.0,0
2025-04-11 15:47:22,25.9,5.92,3.1,0.7,7.9,0.0,0.0,0.0,0.0,0.0,27.9,41.9,19.3,32.1,-128.7,21.1,0.0,1.0,1.0,1.0,0.0,0.0,1.0,0.0,90.0,90.0,0
2025-04-11 15:47:23,25.89,5.93,3.1,0.7,7.2,0.0,0.0,0.0,0.0,0.0,27.9,41.9,19.3,32.1,-128.7,21.1,0.0,1.0,1.0,1.0,0.0,0.0,1.0,0.0,90.0,90.0,0
2025-04-11 15:47:24,25.93,5.94,3.1,0.7,7.7,0.0,0.0,0.0,0.0,0.0,27.9,41.9,19.3,32.1,-128.7,21.0,0.0,1.0,1.0,1.0,0.0,0.0,1.0,0.0,90.0,90.0,0
2025-04-11 15:47:25,25.92,5.91,3.1,0.7,7.0,0.0,0.0,0.0,0.0,0.0,27.9,41.9,19.3,32.1,-128.7,21.2,0.0,1.0,1.0,1.0,0.0,0.0,1.0,0.0,90.0,90.0,0
2025-04-11 15:47:26,25.9,5.93,3.1,0.7,7.5,0.0,0.0,0.0,0.0,0.0,27.9,41.9,19.3,32.1,-128.7,21.1,0.0,1.0,1.0,1.0,0.0,0.0,1.0,0.0,90.0,90.0,0
2025-04-11 15:47:27,25.9,5.92,3.1,0.7,7.2,0.0,0.0,0.0,0.0,0.0,27.9,41.9,19.3,32.1,-128.7,21.1,0.0,1.0,1.0,1.0,0.0,0.0,1.0,0.0,90.0,90.0,0
2025-04-11 15:47:28,25.92,5.92,3.1,0.7,7.3,0.0,0.0,0.0,0.0,0.0,27.9,41.9,19.3,32.1,-128.7,21.1,0.0,1.0,1.0,1.0,0.0,0.0,1.0,0.0,90.0,90.0,0
2025-04-11 15:47:29,25.89,5.91,3.1,0.7,7.099999,0.0,0.0,0.0,0.0,0.0,27.9,41.9,19.3,32.1,-128.7,21.1,0.0,1.0,1.0,1.0,0.0,0.0,1.0,0.0,90.0,90.0,0
2025-04-11 15:47:30,25.89,5.91,3.1,0.7,7.5,0.0,0.0,0.0,0.0,0.0,27.9,41.9,19.3,32.1,-128.7,21.2,0.0,1.0,1.0,1.0,0.0,0.0,1.0,0.0,90.0,90.0,0
2025-04-11 15:47:31,25.87,5.93,3.1,0.7,7.599999,0.0,0.0,0.0,0.0,0.0,27.9,41.9,19.3,32.1,-128.7,21.1,0.0,1.0,1.0,1.0,0.0,0.0,1.0,0.0,90.0,90.0,0
2025-04-11 15:47:32,25.88,5.91,3.1,0.7,7.7,0.0,0.0,0.0,0.0,0.0,27.9,41.9,19.3,32.1,-128.7,21.2,0.0,1.0,1.0,1.0,0.0,0.0,1.0,0.0,90.0,90.0,0
2025-04-11 15:47:33,25.9,5.93,3.1,0.7,7.4,0.0,0.0,0.0,0.0,0.0,27.9,41.9,19.3,32.1,-128.7,21.1,0.0,1.0,1.0,1.0,0.0,0.0,1.0,0.0,90.0,90.0,0
2025-04-11 15:47:34,25.9,5.92,3.1,0.7,7.599999,0.0,0.0,0.0,0.0,0.0,27.9,41.9,19.2,32.1,-128.7,21.1,0.0,1.0,1.0,1.0,0.0,0.0,1.0,0.0,90.0,90.0,0
2025-04-11 15:47:35,25.9,5.92,3.1,0.7,7.2,0.0,0.0,0.0,0.0,0.0,27.9,41.9,19.2,32.1,-128.7,21.1,0.0,1.0,1.0,1.0,0.0,0.0,1.0,0.0,90.0,90.0,0
2025-04-11 15:47:36,25.88,5.92,3.1,0.7,7.2,0.0,0.0,0.0,0.0,0.0,27.9,41.9,19.2,32.1,-128.7,21.1,0.0,1.0,1.0,1.0,0.0,0.0,1.0,0.0,90.0,90.0,0
2025-04-11 15:47:37,25.89,5.91,3.1,0.7,7.9,0.0,0.0,0.0,0.0,0.0,27.9,41.9,19.2,32.1,-128.7,21.2,0.0,1.0,1.0,1.0,0.0,0.0,1.0,0.0,90.0,90.0,0
2025-04-11 15:47:38,25.9,5.93,3.1,0.7,7.599999,0.0,0.0,0.0,0.0,0.0,27.9,41.9,19.2,32.1,-128.7,21.1,0.0,1.0,1.0,1.0,0.0,0.0,1.0,0.0,90.0,90.0,0
2025-04-11 15:47:39,25.92,5.91,3.1,0.7,7.099999,0.0,0.0,0.0,0.0,0.0,27.9,41.9,19.2,32.1,-128.7,21.1,0.0,1.0,1.0,1.0,0.0,0.0,1.0,0.0,90.0,90.0,0
2025-04-11 15:47:40,25.93,5.93,3.1,0.7,7.8,0.0,0.0,0.0,0.0,0.0,27.9,41.9,19.2,32.1,-128.7,21.1,0.0,1.0,1.0,1.0,0.0,0.0,1.0,0.0,90.0,90.0,0
2025-04-11 15:47:41,25.92,5.92,3.1,0.7,7.9,0.0,0.0,0.0,0.0,0.0,27.9,41.9,19.2,32.1,-128.7,21.0,0.0,1.0,1.0,1.0,0.0,0.0,1.0,0.0,90.0,90.0,0
2025-04-11 15:47:42,25.92,5.92,3.1,0.7,7.599999,0.0,0.0,0.0,0.0,0.0,27.9,41.9,19.2,32.1,-128.7,21.2,0.0,1.0,1.0,1.0,0.0,0.0,1.0,0.0,90.0,90.0,0
2025-04-11 15:47:43,25.94,5.93,3.1,0.7,7.9,0.0,0.0,0.0,0.0,0.0,27.9,41.9,19.2,32.1,-128.7,21.1,0.0,1.0,1.0,1.0,0.0,0.0,1.0,0.0,90.0,90.0,0
2025-04-11 15:47:44,25.93,5.93,3.1,0.7,7.8,0.0,0.0,0.0,0.0,0.0,27.9,41.9,19.1,32.1,-128.7,21.1,0.0,1.0,1.0,1.0,0.0,0.0,1.0,0.0,90.0,90.0,0
2025-04-11 15:47:45,25.93,5.93,3.1,0.7,7.3,0.0,0.0,0.0,0.0,0.0,27.9,42.0,19.1,32.1,-128.7,21.0,0.0,1.0,1.0,1.0,0.0,0.0,1.0,0.0,90.0,90.0,0
2025-04-11 15:47:46,25.92,5.93,3.1,0.7,7.599999,0.0,0.0,0.0,0.0,0.0,27.9,42.0,19.1,32.1,-128.7,21.1,0.0,1.0,1.0,1.0,0.0,0.0,1.0,0.0,90.0,90.0,0
2025-04-11 15:47:47,25.92,5.92,3.1,0.7,7.7,0.0,0.0,0.0,0.0,0.0,27.9,42.0,19.1,32.1,-128.7,21.1,0.0,1.0,1.0,1.0,0.0,0.0,1.0,0.0,90.0,90.0,0
2025-04-11 15:47:48,25.94,5.94,3.1,0.7,7.8,0.0,0.0,0.0,0.0,0.0,27.9,42.0,19.1,32.1,-128.7,21.0,0.0,1.0,1.0,1.0,0.0,0.0,1.0,0.0,90.0,90.0,0
2025-04-11 15:47:49,25.95,5.93,3.1,0.7,7.5,0.0,0.0,0.0,0.0,0.0,27.9,42.0,19.1,32.1,-128.7,21.1,0.0,1.0,1.0,1.0,0.0,0.0,1.0,0.0,90.0,90.0,0
2025-04-11 15:47:50,25.95,5.94,3.1,0.7,7.599999,0.0,0.0,0.0,0.0,0.0,27.9,42.0,19.1,32.1,-128.7,21.1,0.0,1.0,1.0,1.0,0.0,0.0,1.0,0.0,90.0,90.0,0
2025-04-11 15:47:51,25.95,5.93,3.1,0.7,8.0,0.0,0.0,0.0,0.0,0.0,27.9,42.0,19.1,32.1,-128.7,21.1,0.0,1.0,1.0,1.0,0.0,0.0,1.0,0.0,90.0,90.0,0
2025-04-11 15:47:52,25.97,5.94,3.1,0.7,7.599999,0.0,0.0,0.0,0.0,0.0,27.9,42.0,19.1,32.1,-128.7,21.0,0.0,1.0,1.0,1.0,0.0,0.0,1.0,0.0,90.0,90.0,0
2025-04-11 15:47:53,25.97,5.94,3.1,0.7,7.7,0.0,0.0,0.0,0.0,0.0,27.9,42.0,19.0,32.1,-128.7,21.0,0.0,1.0,1.0,1.0,0.0,0.0,1.0,0.0,90.0,90.0,0
2025-04-11 15:47:54,25.99,5.94,3.1,0.7,7.7,0.0,0.0,0.0,0.0,0.0,27.9,42.0,19.0,32.1,-128.7,21.0,0.0,1.0,1.0,1.0,0.0,0.0,1.0,0.0,90.0,90.0,0
2025-04-11 15:47:55,26.01,5.94,3.1,0.7,7.4,0.0,0.0,0.0,0.0,0.0,27.9,42.0,19.0,32.1,-128.7,21.0,0.0,1.0,1.0,1.0,0.0,0.0,1.0,0.0,90.0,90.0,0
2025-04-11 15:47:56,25.99,5.94,3.1,0.7,7.2,0.0,0.0,0.0,0.0,0.0,27.9,42.0,19.0,32.1,-128.7,21.0,0.0,1.0,1.0,1.0,0.0,0.0,1.0,0.0,90.0,90.0,0
2025-04-11 15:47:57,25.99,5.94,3.1,0.7,7.4,0.0,0.0,0.0,0.0,0.0,27.9,42.0,19.0,32.1,-128.7,21.0,0.0,1.0,1.0,1.0,0.0,0.0,1.0,0.0,90.0,90.0,0
2025-04-11 15:47:58,25.98,5.94,3.1,0.7,7.3,0.0,0.0,0.0,0.0,0.0,27.9,42.1,19.0,32.1,-128.7,21.0,0.0,1.0,1.0,1.0,0.0,0.0,1.0,0.0,90.0,90.0,0
2025-04-11 15:47:59,25.99,5.95,3.1,0.7,7.599999,0.0,0.0,0.0,0.0,0.0,27.9,42.1,19.0,32.1,-128.7,21.0,0.0,1.0,1.0,1.0,0.0,0.0,1.0,0.0,90.0,90.0,0
2025-04-11 15:48:00,26.0,5.94,3.1,0.7,7.2,0.0,0.0,0.0,0.0,0.0,27.9,42.1,19.0,32.1,-128.7,21.0,0.0,1.0,1.0,1.0,0.0,0.0,1.0,0.0,90.0,90.0,0
2025-04-11 15:48:01,25.99,5.94,3.1,0.7,7.099999,0.0,0.0,0.0,0.0,0.0,27.9,42.1,19.0,32.1,-128.7,21.0,0.0,1.0,1.0,1.0,0.0,0.0,1.0,0.0,90.0,90.0,0
2025-04-11 15:48:02,26.0,5.95,3.1,0.7,7.4,0.0,0.0,0.0,0.0,0.0,27.9,42.1,18.9,32.0,-128.7,20.9,0.0,1.0,1.0,1.0,0.0,0.0,1.0,0.0,90.0,90.0,0
2025-04-11 15:48:03,26.01,5.94,3.1,0.7,7.099999,0.0,0.0,0.0,0.0,0.0,27.9,42.1,18.9,32.0,-128.7,20.9,0.0,1.0,1.0,1.0,0.0,0.0,1.0,0.0,90.0,90.0,0
2025-04-11 15:48:04,26.01,5.95,3.1,0.7,7.599999,0.0,0.0,0.0,0.0,0.0,27.9,42.1,18.9,32.0,-128.7,20.9,0.0,1.0,1.0,1.0,0.0,0.0,1.0,0.0,90.0,90.0,0
2025-04-11 15:48:05,26.03,5.94,3.1,0.7,7.2,0.0,0.0,0.0,0.0,0.0,27.9,42.1,18.9,32.0,-128.7,20.9,0.0,1.0,1.0,1.0,0.0,0.0,1.0,0.0,90.0,90.0,0
2025-04-11 15:48:06,26.03,5.95,3.1,0.7,7.9,0.0,0.0,0.0,0.0,0.0,27.9,42.1,18.9,32.0,-128.7,20.9,0.0,1.0,1.0,1.0,0.0,0.0,1.0,0.0,90.0,90.0,0
2025-04-11 15:48:07,26.03,5.95,3.1,0.7,7.3,0.0,0.0,0.0,0.0,0.0,27.9,42.1,18.9,32.0,-128.7,20.8,0.0,1.0,1.0,1.0,0.0,0.0,1.0,0.0,90.0,90.0,0
2025-04-11 15:48:08,26.04,5.95,3.1,0.7,7.0,0.0,0.0,0.0,0.0,0.0,27.9,42.1,18.9,32.0,-128.7,20.9,0.0,1.0,1.0,1.0,0.0,0.0,1.0,0.0,90.0,90.0,0
2025-04-11 15:48:09,26.05,5.96,3.1,0.7,8.0,0.0,0.0,0.0,0.0,0.0,27.9,42.1,18.9,32.0,-128.7,20.8,0.0,1.0,1.0,1.0,0.0,0.0,1.0,0.0,90.0,90.0,0
2025-04-11 15:48:10,26.06,5.94,3.1,0.7,7.9,0.0,0.0,0.0,0.0,0.0,27.9,42.1,18.9,32.0,-128.7,20.9,0.0,1.0,1.0,1.0,0.0,0.0,1.0,0.0,90.0,90.0,0
2025-04-11 15:48:11,26.04,5.97,3.1,0.7,7.7,0.0,0.0,0.0,0.0,0.0,27.9,42.1,18.9,32.0,-128.7,20.8,0.0,1.0,1.0,1.0,0.0,0.0,1.0,0.0,90.0,90.0,0
2025-04-11 15:48:12,26.04,5.96,3.1,0.7,7.8,0.0,0.0,0.0,0.0,0.0,27.9,42.1,18.9,32.0,-128.7,20.8,0.0,1.0,1.0,1.0,0.0,0.0,1.0,0.0,90.0,90.0,0
2025-04-11 15:48:13,26.06,5.95,3.1,0.7,7.2,0.0,0.0,0.0,0.0,0.0,27.9,42.1,18.9,32.0,-128.7,20.8,0.0,1.0,1.0,1.0,0.0,0.0,1.0,0.0,90.0,90.0,0
2025-04-11 15:48:14,26.06,5.97,3.1,0.7,7.8,0.0,0.0,0.0,0.0,0.0,27.9,42.1,18.8,32.0,-128.7,20.8,0.0,1.0,1.0,1.0,0.0,0.0,1.0,0.0,90.0,90.0,0
2025-04-11 15:48:15,26.09,5.96,3.1,0.7,7.4,0.0,0.0,0.0,0.0,0.0,27.9,42.2,18.8,32.0,-128.7,20.9,0.0,1.0,1.0,1.0,0.0,0.0,1.0,0.0,90.0,90.0,0
2025-04-11 15:48:16,26.1,5.97,3.1,0.7,7.599999,0.0,0.0,0.0,0.0,0.0,27.9,42.2,18.8,32.0,-128.7,20.8,0.0,1.0,1.0,1.0,0.0,0.0,1.0,0.0,90.0,90.0,0
2025-04-11 15:48:17,26.09,5.96,3.1,0.7,7.5,0.0,0.0,0.0,0.0,0.0,27.9,42.2,18.8,32.0,-128.7,20.8,0.0,1.0,1.0,1.0,0.0,0.0,1.0,0.0,90.0,90.0,0
2025-04-11 15:48:18,26.08,5.97,3.1,0.7,7.9,0.0,0.0,0.0,0.0,0.0,27.9,42.2,18.8,32.0,-128.7,20.8,0.0,1.0,1.0,1.0,0.0,0.0,1.0,0.0,90.0,90.0,0
2025-04-11 15:48:19,26.09,5.95,3.1,0.7,7.5,0.0,0.0,0.0,0.0,0.0,27.9,42.2,18.8,32.0,-128.7,20.9,0.0,1.0,1.0,1.0,0.0,0.0,1.0,0.0,90.0,90.0,0
2025-04-11 15:48:20,26.11,5.97,3.1,0.7,7.0,0.0,0.0,0.0,0.0,0.0,27.9,42.2,18.8,32.0,-128.7,20.9,0.0,1.0,1.0,1.0,0.0,0.0,1.0,0.0,90.0,90.0,0
2025-04-11 15:48:21,26.11,5.97,3.1,0.7,7.5,0.0,0.0,0.0,0.0,0.0,27.9,42.2,18.8,32.0,-128.7,20.8,0.0,1.0,1.0,1.0,0.0,0.0,1.0,0.0,90.0,90.0,0
2025-04-11 15:48:22,26.11,5.95,3.1,0.7,7.4,0.0,0.0,0.0,0.0,0.0,27.9,42.2,18.8,32.0,-128.7,20.8,0.0,1.0,1.0,1.0,0.0,0.0,1.0,0.0,90.0,90.0,0
2025-04-11 15:48:23,26.11,5.96,3.1,0.7,7.3,0.0,0.0,0.0,0.0,0.0,27.9,42.2,18.8,32.0,-128.7,20.8,0.0,1.0,1.0,1.0,0.0,0.0,1.0,0.0,90.0,90.0,0
2025-04-11 15:48:24,26.11,5.96,3.1,0.7,7.4,0.0,0.0,0.0,0.0,0.0,27.9,42.2,18.8,32.0,-128.7,20.8,0.0,1.0,1.0,1.0,0.0,0.0,1.0,0.0,90.0,90.0,0
2025-04-11 15:48:25,26.11,5.97,3.1,0.7,7.099999,0.0,0.0,0.0,0.0,0.0,27.9,42.2,18.7,32.0,-128.7,20.8,0.0,1.0,1.0,1.0,0.0,0.0,1.0,0.0,90.0,90.0,0
2025-04-11 15:48:26,26.12,5.95,3.1,0.7,7.4,0.0,0.0,0.0,0.0,0.0,27.9,42.3,18.7,31.9,-128.7,20.7,0.0,1.0,1.0,1.0,0.0,0.0,1.0,0.0,90.0,90.0,0
2025-04-11 15:48:27,26.15,5.97,3.1,0.7,7.599999,0.0,0.0,0.0,0.0,0.0,27.9,42.3,18.7,31.9,-128.7,20.7,0.0,1.0,1.0,1.0,0.0,0.0,1.0,0.0,90.0,90.0,0
2025-04-11 15:48:28,26.14,5.97,3.1,0.7,7.4,0.0,0.0,0.0,0.0,0.0,27.9,42.3,18.7,31.9,-128.7,20.6,0.0,1.0,1.0,1.0,0.0,0.0,1.0,0.0,90.0,90.0,0
2025-04-11 15:48:29,26.14,5.97,3.2,0.7,7.4,0.0,0.0,0.0,0.0,0.0,27.9,42.3,18.7,31.9,-128.7,20.7,0.0,1.0,1.0,1.0,0.0,0.0,1.0,0.0,90.0,90.0,0
2025-04-11 15:48:30,26.15,5.97,3.2,0.7,8.0,0.0,0.0,0.0,0.0,0.0,27.9,42.3,18.7,31.9,-128.7,20.7,0.0,1.0,1.0,1.0,0.0,0.0,1.0,0.0,90.0,90.0,0
2025-04-11 15:48:31,26.17,5.96,3.1,0.7,7.5,0.0,0.0,0.0,0.0,0.0,27.9,42.3,18.7,31.9,-128.7,20.7,0.0,1.0,1.0,1.0,0.0,0.0,1.0,0.0,90.0,90.0,0
2025-04-11 15:48:32,26.16,5.97,3.2,0.7,6.9,0.0,0.0,0.0,0.0,0.0,27.9,42.3,18.7,31.9,-128.7,20.7,0.0,1.0,1.0,1.0,0.0,0.0,1.0,0.0,90.0,90.0,0
2025-04-11 15:48:33,26.19,5.97,3.1,0.7,7.2,0.0,0.0,0.0,0.0,0.0,27.9,42.3,18.7,31.9,-128.7,20.7,0.0,1.0,1.0,1.0,0.0,0.0,1.0,0.0,90.0,90.0,0
2025-04-11 15:48:34,26.17,5.97,3.1,0.7,7.599999,0.0,0.0,0.0,0.0,0.0,27.9,42.3,18.7,31.9,-128.7,20.7,0.0,1.0,1.0,1.0,0.0,0.0,1.0,0.0,90.0,90.0,0
2025-04-11 15:48:35,26.17,5.97,3.1,0.7,7.4,0.0,0.0,0.0,0.0,0.0,27.9,42.3,18.7,31.9,-128.7,20.6,0.0,1.0,1.0,1.0,0.0,0.0,1.0,0.0,90.0,90.0,0
2025-04-11 15:48:36,26.16,5.97,3.1,0.7,7.099999,0.0,0.0,0.0,0.0,0.0,27.9,42.3,18.6,31.9,-128.7,20.7,0.0,1.0,1.0,1.0,0.0,0.0,1.0,0.0,90.0,90.0,0
2025-04-11 15:48:37,26.17,5.98,3.1,0.7,7.8,0.0,0.0,0.0,0.0,0.0,27.9,42.3,18.6,31.9,-128.7,20.7,0.0,1.0,1.0,1.0,0.0,0.0,1.0,0.0,90.0,90.0,0
2025-04-11 15:48:38,26.19,5.97,3.1,0.7,7.7,0.0,0.0,0.0,0.0,0.0,27.9,42.3,18.6,31.9,-128.7,20.7,0.0,1.0,1.0,1.0,0.0,0.0,1.0,0.0,90.0,90.0,0
2025-04-11 15:48:39,26.19,5.98,3.1,0.7,7.0,0.0,0.0,0.0,0.0,0.0,27.9,42.3,18.6,31.9,-128.7,20.7,0.0,1.0,1.0,1.0,0.0,0.0,1.0,0.0,90.0,90.0,0
2025-04-11 15:48:40,26.19,5.97,3.1,0.7,7.4,0.0,0.0,0.0,0.0,0.0,27.9,42.3,18.6,31.9,-128.7,20.7,0.0,1.0,1.0,1.0,0.0,0.0,1.0,0.0,90.0,90.0,0
2025-04-11 15:48:41,26.2,5.97,3.2,0.7,7.8,0.0,0.0,0.0,0.0,0.0,27.9,42.3,18.6,31.9,-128.7,20.7,0.0,1.0,1.0,1.0,0.0,0.0,1.0,0.0,90.0,90.0,0
2025-04-11 15:48:42,26.16,5.97,3.1,0.7,7.5,0.0,0.0,0.0,0.0,0.0,27.9,42.3,18.6,31.9,-128.7,20.7,0.0,1.0,1.0,1.0,0.0,0.0,1.0,0.0,90.0,90.0,0
2025-04-11 15:48:43,26.16,5.97,3.2,0.7,7.599999,0.0,0.0,0.0,0.0,0.0,27.9,42.3,18.6,31.9,-128.7,20.7,0.0,1.0,1.0,1.0,0.0,0.0,1.0,0.0,90.0,90.0,0
2025-04-11 15:48:44,26.14,5.97,3.1,0.7,7.3,0.0,0.0,0.0,0.0,0.0,27.9,42.3,18.6,31.9,-128.7,20.7,0.0,1.0,1.0,1.0,0.0,0.0,1.0,0.0,90.0,90.0,0
2025-04-11 15:48:45,26.15,5.96,3.1,0.7,7.7,0.0,0.0,0.0,0.0,0.0,27.9,42.3,18.5,31.8,-128.7,20.6,0.0,1.0,1.0,1.0,0.0,0.0,1.0,0.0,90.0,90.0,0
2025-04-11 15:48:46,26.16,5.97,3.1,0.7,7.099999,0.0,0.0,0.0,0.0,0.0,27.9,42.3,18.5,31.8,-128.7,20.6,0.0,1.0,1.0,1.0,0.0,0.0,1.0,0.0,90.0,90.0,0
2025-04-11 15:48:47,26.14,5.96,3.1,0.7,7.099999,0.0,0.0,0.0,0.0,0.0,27.9,42.3,18.5,31.8,-128.7,20.6,0.0,1.0,1.0,1.0,0.0,0.0,1.0,0.0,90.0,90.0,0
2025-04-11 15:48:48,26.14,5.97,3.1,0.7,7.9,0.0,0.0,0.0,0.0,0.0,27.9,42.3,18.5,31.8,-128.7,20.6,0.0,1.0,1.0,1.0,0.0,0.0,1.0,0.0,90.0,90.0,0
2025-04-11 15:48:49,26.12,5.96,3.1,0.7,7.599999,0.0,0.0,0.0,0.0,0.0,27.9,42.3,18.5,31.8,-128.7,20.6,0.0,1.0,1.0,1.0,0.0,0.0,1.0,0.0,90.0,90.0,0
2025-04-11 15:48:50,26.14,5.95,3.1,0.7,7.3,0.0,0.0,0.0,0.0,0.0,27.9,42.3,18.5,31.8,-128.7,20.7,0.0,1.0,1.0,1.0,0.0,0.0,1.0,0.0,90.0,90.0,0
2025-04-11 15:48:51,26.14,5.97,3.1,0.7,8.099999,0.0,0.0,0.0,0.0,0.0,27.9,42.3,18.5,31.8,-128.7,20.6,0.0,1.0,1.0,1.0,0.0,0.0,1.0,0.0,90.0,90.0,0
2025-04-11 15:48:52,26.14,5.95,3.1,0.7,7.3,0.0,0.0,0.0,0.0,0.0,27.9,42.3,18.5,31.8,-128.7,20.6,0.0,1.0,1.0,1.0,0.0,0.0,1.0,0.0,90.0,90.0,0
2025-04-11 15:48:53,26.15,5.96,3.1,0.7,7.5,0.0,0.0,0.0,0.0,0.0,27.9,42.3,18.5,31.8,-128.7,20.6,0.0,1.0,1.0,1.0,0.0,0.0,1.0,0.0,90.0,90.0,0
2025-04-11 15:48:54,26.14,5.95,3.1,0.7,7.9,0.0,0.0,0.0,0.0,0.0,27.9,42.3,18.5,31.8,-128.7,20.6,0.0,1.0,1.0,1.0,0.0,0.0,1.0,0.0,90.0,90.0,0
2025-04-11 15:48:55,26.12,5.96,3.2,0.7,7.7,0.0,0.0,0.0,0.0,0.0,27.9,42.3,18.5,31.8,-128.7,20.7,0.0,1.0,1.0,1.0,0.0,0.0,1.0,0.0,90.0,90.0,0
2025-04-11 15:48:56,26.14,5.95,3.1,0.7,7.7,0.0,0.0,0.0,0.0,0.0,27.9,42.3,18.5,31.8,-128.7,20.6,0.0,1.0,1.0,1.0,0.0,0.0,1.0,0.0,90.0,90.0,0
2025-04-11 15:48:57,26.15,5.95,3.1,0.7,7.599999,0.0,0.0,0.0,0.0,0.0,27.9,42.3,18.5,31.8,-128.7,20.7,0.0,1.0,1.0,1.0,0.0,0.0,1.0,0.0,90.0,90.0,0
2025-04-11 15:48:58,26.16,5.96,3.1,0.7,7.2,0.0,0.0,0.0,0.0,0.0,27.9,42.3,18.4,31.8,-128.7,20.7,0.0,1.0,1.0,1.0,0.0,0.0,1.0,0.0,90.0,90.0,0
2025-04-11 15:48:59,26.15,5.94,3.1,0.7,7.2,0.0,0.0,0.0,0.0,0.0,27.9,42.3,18.4,31.8,-128.7,20.7,0.0,1.0,1.0,1.0,0.0,0.0,1.0,0.0,90.0,90.0,0
2025-04-11 15:49:00,26.14,5.95,3.2,0.7,7.2,0.0,0.0,0.0,0.0,0.0,27.9,42.3,18.4,31.8,-128.7,20.7,0.0,1.0,1.0,1.0,0.0,0.0,1.0,0.0,90.0,90.0,0
2025-04-11 15:49:01,26.14,5.95,3.1,0.7,7.4,0.0,0.0,0.0,0.0,0.0,27.9,42.3,18.4,31.8,-128.7,20.7,0.0,1.0,1.0,1.0,0.0,0.0,1.0,0.0,90.0,90.0,0
2025-04-11 15:49:02,26.12,5.94,3.1,0.7,7.8,0.0,0.0,0.0,0.0,0.0,27.9,42.3,18.4,31.8,-128.7,20.7,0.0,1.0,1.0,1.0,0.0,0.0,1.0,0.0,90.0,90.0,0
2025-04-11 15:49:03,26.12,5.94,3.1,0.7,7.099999,0.0,0.0,0.0,0.0,0.0,27.9,42.3,18.4,31.8,-128.7,20.7,0.0,1.0,1.0,1.0,0.0,0.0,1.0,0.0,90.0,90.0,0
2025-04-11 15:49:04,26.14,5.94,3.1,0.7,7.099999,0.0,0.0,0.0,0.0,0.0,27.9,42.3,18.4,31.8,-128.7,20.7,0.0,1.0,1.0,1.0,0.0,0.0,1.0,0.0,90.0,90.0,0
2025-04-11 15:49:05,26.14,5.95,3.1,0.7,7.4,0.0,0.0,0.0,0.0,0.0,27.9,42.3,18.4,31.7,-128.7,20.7,0.0,1.0,1.0,1.0,0.0,0.0,1.0,0.0,90.0,90.0,0
2025-04-11 15:49:06,26.14,5.94,3.1,0.7,7.2,0.0,0.0,0.0,0.0,0.0,27.9,42.3,18.4,31.7,-128.7,20.6,0.0,1.0,1.0,1.0,0.0,0.0,1.0,0.0,90.0,90.0,0
2025-04-11 15:49:07,26.15,5.94,3.1,0.7,7.099999,0.0,0.0,0.0,0.0,0.0,27.9,42.3,18.4,31.7,-128.7,20.6,0.0,1.0,1.0,1.0,0.0,0.0,1.0,0.0,90.0,90.0,0
2025-04-11 15:49:08,26.12,5.94,3.1,0.7,7.5,0.0,0.0,0.0,0.0,0.0,27.9,42.3,18.4,31.7,-128.7,20.6,0.0,1.0,1.0,1.0,0.0,0.0,1.0,0.0,90.0,90.0,0
2025-04-11 15:49:09,26.1,5.94,3.1,0.7,6.9,0.0,0.0,0.0,0.0,0.0,27.9,42.3,18.4,31.7,-128.7,20.6,0.0,1.0,1.0,1.0,0.0,0.0,1.0,0.0,90.0,90.0,0
2025-04-11 15:49:10,26.1,5.95,3.1,0.7,7.3,0.0,0.0,0.0,0.0,0.0,27.9,42.3,18.4,31.7,-128.7,20.6,0.0,1.0,1.0,1.0,0.0,0.0,1.0,0.0,90.0,90.0,0
2025-04-11 15:49:11,26.11,5.94,3.1,0.7,8.0,0.0,0.0,0.0,0.0,0.0,27.9,42.3,18.4,31.7,-128.7,20.7,0.0,1.0,1.0,1.0,0.0,0.0,1.0,0.0,90.0,90.0,0
2025-04-11 15:49:12,26.12,5.94,3.1,0.7,7.5,0.0,0.0,0.0,0.0,0.0,27.9,42.3,18.4,31.7,-128.7,20.6,0.0,1.0,1.0,1.0,0.0,0.0,1.0,0.0,90.0,90.0,0
2025-04-11 15:49:13,26.12,5.94,3.1,0.7,7.8,0.0,0.0,0.0,0.0,0.0,27.9,42.3,18.4,31.7,-128.7,20.6,0.0,1.0,1.0,1.0,0.0,0.0,1.0,0.0,90.0,90.0,0
2025-04-11 15:49:14,26.12,5.94,3.1,0.7,7.5,0.0,0.0,0.0,0.0,0.0,27.9,42.3,18.4,31.7,-128.7,20.7,0.0,1.0,1.0,1.0,0.0,0.0,1.0,0.0,90.0,90.0,0
2025-04-11 15:49:15,26.1,5.94,3.2,0.7,6.7,0.0,0.0,0.0,0.0,0.0,27.9,42.3,18.4,31.7,-128.7,20.6,0.0,1.0,1.0,1.0,0.0,0.0,1.0,0.0,90.0,90.0,0
2025-04-11 15:49:16,26.1,5.94,3.1,0.7,7.8,0.0,0.0,0.0,0.0,0.0,27.9,42.3,18.4,31.7,-128.7,20.7,0.0,1.0,1.0,1.0,0.0,0.0,1.0,0.0,90.0,90.0,0
2025-04-11 15:49:17,26.11,5.94,3.1,0.7,7.0,0.0,0.0,0.0,0.0,0.0,27.9,42.3,18.3,31.7,-128.7,20.6,0.0,1.0,1.0,1.0,0.0,0.0,1.0,0.0,90.0,90.0,0
2025-04-11 15:49:18,26.11,5.93,3.1,0.7,7.9,0.0,0.0,0.0,0.0,0.0,27.9,42.3,18.3,31.7,-128.7,20.7,0.0,1.0,1.0,1.0,0.0,0.0,1.0,0.0,90.0,90.0,0
2025-04-11 15:49:19,26.12,5.94,3.1,0.7,7.099999,0.0,0.0,0.0,0.0,0.0,27.9,42.3,18.3,31.7,-128.7,20.6,0.0,1.0,1.0,1.0,0.0,0.0,1.0,0.0,90.0,90.0,0
2025-04-11 15:49:20,26.11,5.93,3.2,0.7,7.9,0.0,0.0,0.0,0.0,0.0,27.9,42.3,18.3,31.7,-128.7,20.7,0.0,1.0,1.0,1.0,0.0,0.0,1.0,0.0,90.0,90.0,0
2025-04-11 15:49:21,26.09,5.94,3.2,0.7,7.7,0.0,0.0,0.0,0.0,0.0,27.9,42.3,18.3,31.7,-128.7,20.6,0.0,1.0,1.0,1.0,0.0,0.0,1.0,0.0,90.0,90.0,0
2025-04-11 15:49:22,26.11,5.94,3.1,0.7,7.2,0.0,0.0,0.0,0.0,0.0,27.9,42.3,18.3,31.7,-128.7,20.6,0.0,1.0,1.0,1.0,0.0,0.0,1.0,0.0,90.0,90.0,0
2025-04-11 15:49:23,26.12,5.94,3.2,0.7,7.9,0.0,0.0,0.0,0.0,0.0,27.9,42.3,18.3,31.7,-128.7,20.7,0.0,1.0,1.0,1.0,0.0,0.0,1.0,0.0,90.0,90.0,0
2025-04-11 15:49:24,26.14,5.93,3.1,0.7,7.2,0.0,0.0,0.0,0.0,0.0,27.9,42.3,18.3,31.7,-128.7,20.6,0.0,1.0,1.0,1.0,0.0,0.0,1.0,0.0,90.0,90.0,0
2025-04-11 15:49:25,26.11,5.94,3.1,0.7,7.4,0.0,0.0,0.0,0.0,0.0,27.9,42.3,18.3,31.7,-128.7,20.6,0.0,1.0,1.0,1.0,0.0,0.0,1.0,0.0,90.0,90.0,0
2025-04-11 15:49:26,26.1,5.94,3.1,0.7,7.099999,0.0,0.0,0.0,0.0,0.0,27.9,42.3,18.3,31.7,-128.7,20.6,0.0,1.0,1.0,1.0,0.0,0.0,1.0,0.0,90.0,90.0,0
2025-04-11 15:49:27,26.1,5.93,3.2,0.7,7.2,0.0,0.0,0.0,0.0,0.0,27.9,42.3,18.3,31.7,-128.7,20.7,0.0,1.0,1.0,1.0,0.0,0.0,1.0,0.0,90.0,90.0,0
2025-04-11 15:49:28,26.1,5.94,3.1,0.7,7.5,0.0,0.0,0.0,0.0,0.0,27.9,42.3,18.3,31.7,-128.7,20.6,0.0,1.0,1.0,1.0,0.0,0.0,1.0,0.0,90.0,90.0,0
2025-04-11 15:49:29,26.12,5.93,3.1,0.7,7.3,0.0,0.0,0.0,0.0,0.0,27.9,42.3,18.3,31.7,-128.7,20.7,0.0,1.0,1.0,1.0,0.0,0.0,1.0,0.0,90.0,90.0,0
2025-04-11 15:49:30,26.12,5.94,3.1,0.7,8.0,0.0,0.0,0.0,0.0,0.0,27.9,42.3,18.3,31.7,-128.7,20.6,0.0,1.0,1.0,1.0,0.0,0.0,1.0,0.0,90.0,90.0,0
2025-04-11 15:49:31,26.11,5.93,3.1,0.7,7.7,0.0,0.0,0.0,0.0,0.0,27.9,42.4,18.3,31.7,-128.7,20.6,0.0,1.0,1.0,1.0,0.0,0.0,1.0,0.0,90.0,90.0,0
2025-04-11 15:49:32,26.1,5.94,3.1,0.7,7.599999,0.0,0.0,0.0,0.0,0.0,27.9,42.4,18.3,31.6,-128.7,20.6,0.0,1.0,1.0,1.0,0.0,0.0,1.0,0.0,90.0,90.0,0
2025-04-11 15:49:33,26.1,5.94,3.1,0.7,7.3,0.0,0.0,0.0,0.0,0.0,27.9,42.4,18.3,31.6,-128.7,20.5,0.0,1.0,1.0,1.0,0.0,0.0,1.0,0.0,90.0,90.0,0
2025-04-11 15:49:34,26.11,5.94,3.1,0.7,7.2,0.0,0.0,0.0,0.0,0.0,27.9,42.4,18.3,31.6,-128.7,20.6,0.0,1.0,1.0,1.0,0.0,0.0,1.0,0.0,90.0,90.0,0
2025-04-11 15:49:35,26.11,5.94,3.2,0.7,7.7,0.0,0.0,0.0,0.0,0.0,27.9,42.4,18.3,31.6,-128.7,20.5,0.0,1.0,1.0,1.0,0.0,0.0,1.0,0.0,90.0,90.0,0
2025-04-11 15:49:36,26.12,5.93,3.1,0.7,7.4,0.0,0.0,0.0,0.0,0.0,27.9,42.4,18.3,31.6,-128.7,20.6,0.0,1.0,1.0,1.0,0.0,0.0,1.0,0.0,90.0,90.0,0
2025-04-11 15:49:37,26.11,5.94,3.1,0.7,7.599999,0.0,0.0,0.0,0.0,0.0,27.9,42.4,18.3,31.6,-128.7,20.6,0.0,1.0,1.0,1.0,0.0,0.0,1.0,0.0,90.0,90.0,0
2025-04-11 15:49:38,26.09,5.93,3.1,0.7,7.2,0.0,0.0,0.0,0.0,0.0,27.9,42.4,18.3,31.6,-128.7,20.6,0.0,1.0,1.0,1.0,0.0,0.0,1.0,0.0,90.0,90.0,0
2025-04-11 15:49:39,26.09,5.94,3.1,0.7,7.8,0.0,0.0,0.0,0.0,0.0,27.9,42.4,18.3,31.6,-128.7,20.6,0.0,1.0,1.0,1.0,0.0,0.0,1.0,0.0,90.0,90.0,0
2025-04-11 15:49:40,26.12,5.94,3.1,0.7,7.7,0.0,0.0,0.0,0.0,0.0,27.9,42.4,18.3,31.6,-128.7,20.5,0.0,1.0,1.0,1.0,0.0,0.0,1.0,0.0,90.0,90.0,0
2025-04-11 15:49:41,26.11,5.93,3.1,0.7,7.4,0.0,0.0,0.0,0.0,0.0,27.9,42.4,18.3,31.6,-128.7,20.6,0.0,1.0,1.0,1.0,0.0,0.0,1.0,0.0,90.0,90.0,0
2025-04-11 15:49:42,26.14,5.94,3.1,0.7,7.4,0.0,0.0,0.0,0.0,0.0,27.9,42.4,18.3,31.6,-128.7,20.5,0.0,1.0,1.0,1.0,0.0,0.0,1.0,0.0,90.0,90.0,0
2025-04-11 15:49:43,26.12,5.94,3.1,0.7,7.4,0.0,0.0,0.0,0.0,0.0,27.9,42.4,18.3,31.6,-128.7,20.5,0.0,1.0,1.0,1.0,0.0,0.0,1.0,0.0,90.0,90.0,0
2025-04-11 15:49:44,26.12,5.94,3.2,0.7,7.099999,0.0,0.0,0.0,0.0,0.0,27.9,42.4,18.3,31.6,-128.7,20.5,0.0,1.0,1.0,1.0,0.0,0.0,1.0,0.0,90.0,90.0,0
2025-04-11 15:49:45,26.12,5.94,3.1,0.7,7.3,0.0,0.0,0.0,0.0,0.0,27.9,42.4,18.3,31.6,-128.7,20.5,0.0,1.0,1.0,1.0,0.0,0.0,1.0,0.0,90.0,90.0,0
2025-04-11 15:49:46,26.14,5.95,3.1,0.7,7.9,0.0,0.0,0.0,0.0,0.0,27.9,42.4,18.3,31.6,-128.7,20.5,0.0,1.0,1.0,1.0,0.0,0.0,1.0,0.0,90.0,90.0,0
2025-04-11 15:49:47,26.16,5.94,3.1,0.7,7.8,0.0,0.0,0.0,0.0,0.0,27.9,42.4,18.3,31.6,-128.7,20.5,0.0,1.0,1.0,1.0,0.0,0.0,1.0,0.0,90.0,90.0,0
2025-04-11 15:49:48,26.14,5.95,3.1,0.7,7.099999,0.0,0.0,0.0,0.0,0.0,27.9,42.4,18.3,31.6,-128.7,20.5,0.0,1.0,1.0,1.0,0.0,0.0,1.0,0.0,90.0,90.0,0
2025-04-11 15:49:49,26.14,5.95,3.1,0.7,7.099999,0.0,0.0,0.0,0.0,0.0,27.9,42.4,18.3,31.6,-128.7,20.4,0.0,1.0,1.0,1.0,0.0,0.0,1.0,0.0,90.0,90.0,0
2025-04-11 15:49:50,26.14,5.94,3.1,0.7,8.099999,0.0,0.0,0.0,0.0,0.0,27.9,42.4,18.3,31.6,-128.7,20.5,0.0,1.0,1.0,1.0,0.0,0.0,1.0,0.0,90.0,90.0,0
2025-04-11 15:49:51,26.15,5.95,3.1,0.7,7.7,0.0,0.0,0.0,0.0,0.0,27.9,42.4,18.3,31.6,-128.7,20.5,0.0,1.0,1.0,1.0,0.0,0.0,1.0,0.0,90.0,90.0,0
2025-04-11 15:49:52,26.14,5.96,3.1,0.7,7.099999,0.0,0.0,0.0,0.0,0.0,27.9,42.4,18.3,31.6,-128.7,20.4,0.0,1.0,1.0,1.0,0.0,0.0,1.0,0.0,90.0,90.0,0
2025-04-11 15:49:53,26.15,5.96,3.1,0.7,7.2,0.0,0.0,0.0,0.0,0.0,27.9,42.4,18.3,31.6,-128.7,20.5,0.0,1.0,1.0,1.0,0.0,0.0,1.0,0.0,90.0,90.0,0
2025-04-11 15:49:54,26.14,5.94,3.1,0.7,7.5,0.0,0.0,0.0,0.0,0.0,27.9,42.4,18.3,31.6,-128.7,20.5,0.0,1.0,1.0,1.0,0.0,0.0,1.0,0.0,90.0,90.0,0
2025-04-11 15:49:55,26.15,5.96,3.1,0.7,7.4,0.0,0.0,0.0,0.0,0.0,27.9,42.4,18.3,31.6,-128.7,20.5,0.0,1.0,1.0,1.0,0.0,0.0,1.0,0.0,90.0,90.0,0
2025-04-11 15:49:56,26.15,5.95,3.1,0.7,7.4,0.0,0.0,0.0,0.0,0.0,27.9,42.4,18.3,31.6,-128.7,20.5,0.0,1.0,1.0,1.0,0.0,0.0,1.0,0.0,90.0,90.0,0
2025-04-11 15:49:57,26.14,5.94,3.1,0.7,7.7,0.0,0.0,0.0,0.0,0.0,27.9,42.4,18.3,31.6,-128.7,20.5,0.0,1.0,1.0,1.0,0.0,0.0,1.0,0.0,90.0,90.0,0
2025-04-11 15:49:58,26.14,5.96,3.1,0.7,7.7,0.0,0.0,0.0,0.0,0.0,27.9,42.4,18.3,31.6,-128.7,20.4,0.0,1.0,1.0,1.0,0.0,0.0,1.0,0.0,90.0,90.0,0
2025-04-11 15:49:59,26.14,5.94,3.1,0.7,7.2,0.0,0.0,0.0,0.0,0.0,27.9,42.4,18.3,31.6,-128.7,20.5,0.0,1.0,1.0,1.0,0.0,0.0,1.0,0.0,90.0,90.0,0
2025-04-11 15:50:00,26.14,5.96,3.1,0.7,7.099999,0.0,0.0,0.0,0.0,0.0,27.9,42.4,18.3,31.6,-128.7,20.4,0.0,1.0,1.0,1.0,0.0,0.0,1.0,0.0,90.0,90.0,0
2025-04-11 15:50:01,26.16,5.94,3.1,0.7,7.8,0.0,0.0,0.0,0.0,0.0,27.9,42.4,18.3,31.6,-128.7,20.5,0.0,1.0,1.0,1.0,0.0,0.0,1.0,0.0,90.0,90.0,0
2025-04-11 15:50:02,26.14,5.96,3.2,0.7,7.8,0.0,0.0,0.0,0.0,0.0,27.9,42.4,18.2,31.6,-128.7,20.5,0.0,1.0,1.0,1.0,0.0,0.0,1.0,0.0,90.0,90.0,0
2025-04-11 15:50:03,26.15,5.95,3.1,0.7,7.2,0.0,0.0,0.0,0.0,0.0,27.9,42.4,18.2,31.6,-128.7,20.4,0.0,1.0,1.0,1.0,0.0,0.0,1.0,0.0,90.0,90.0,0
2025-04-11 15:50:04,26.15,5.95,3.1,0.7,7.2,0.0,0.0,0.0,0.0,0.0,27.9,42.4,18.2,31.6,-128.7,20.4,0.0,1.0,1.0,1.0,0.0,0.0,1.0,0.0,90.0,90.0,0
2025-04-11 15:50:05,26.14,5.96,3.2,0.7,7.4,0.0,0.0,0.0,0.0,0.0,27.9,42.4,18.2,31.6,-128.7,20.4,0.0,1.0,1.0,1.0,0.0,0.0,1.0,0.0,90.0,90.0,0
2025-04-11 15:50:06,26.12,5.95,3.1,0.7,7.099999,0.0,0.0,0.0,0.0,0.0,27.9,42.4,18.2,31.6,-128.7,20.5,0.0,1.0,1.0,1.0,0.0,0.0,1.0,0.0,90.0,90.0,0
2025-04-11 15:50:07,26.15,5.97,3.1,0.7,7.9,0.0,0.0,0.0,0.0,0.0,27.9,42.4,18.2,31.6,-128.7,20.4,0.0,1.0,1.0,1.0,0.0,0.0,1.0,0.0,90.0,90.0,0
2025-04-11 15:50:08,26.14,5.95,3.1,0.7,7.099999,0.0,0.0,0.0,0.0,0.0,27.9,42.4,18.2,31.6,-128.7,20.5,0.0,1.0,1.0,1.0,0.0,0.0,1.0,0.0,90.0,90.0,0
2025-04-11 15:50:09,26.14,5.95,3.1,0.7,7.599999,0.0,0.0,0.0,0.0,0.0,27.9,42.4,18.2,31.6,-128.7,20.5,0.0,1.0,1.0,1.0,0.0,0.0,1.0,0.0,90.0,90.0,0
2025-04-11 15:50:10,26.11,5.95,3.1,0.7,7.7,0.0,0.0,0.0,0.0,0.0,27.9,42.4,18.2,31.6,-128.7,20.5,0.0,1.0,1.0,1.0,0.0,0.0,1.0,0.0,90.0,90.0,0
2025-04-11 15:50:11,26.12,5.95,3.1,0.7,7.099999,0.0,0.0,0.0,0.0,0.0,27.9,42.4,18.2,31.6,-128.7,20.5,0.0,1.0,1.0,1.0,0.0,0.0,1.0,0.0,90.0,90.0,0
2025-04-11 15:50:12,26.14,5.94,3.1,0.7,7.4,0.0,0.0,0.0,0.0,0.0,27.9,42.4,18.2,31.6,-128.7,20.4,0.0,1.0,1.0,1.0,0.0,0.0,1.0,0.0,90.0,90.0,0
2025-04-11 15:50:13,26.14,5.96,3.1,0.7,7.3,0.0,0.0,0.0,0.0,0.0,27.9,42.4,18.2,31.6,-128.7,20.5,0.0,1.0,1.0,1.0,0.0,0.0,1.0,0.0,90.0,90.0,0
2025-04-11 15:50:14,26.14,5.96,3.1,0.7,7.2,0.0,0.0,0.0,0.0,0.0,27.9,42.4,18.2,31.6,-128.7,20.4,0.0,1.0,1.0,1.0,0.0,0.0,1.0,0.0,90.0,90.0,0
2025-04-11 15:50:15,26.12,5.94,3.1,0.7,6.8,0.0,0.0,0.0,0.0,0.0,27.9,42.4,18.3,31.6,-128.7,20.5,0.0,1.0,1.0,1.0,0.0,0.0,1.0,0.0,90.0,90.0,0
2025-04-11 15:50:16,26.14,5.97,3.1,0.7,7.599999,0.0,0.0,0.0,0.0,0.0,27.9,42.4,18.3,31.6,-128.7,20.4,0.0,1.0,1.0,1.0,0.0,0.0,1.0,0.0,90.0,90.0,0
2025-04-11 15:50:17,26.14,5.95,3.1,0.7,8.0,0.0,0.0,0.0,0.0,0.0,27.9,42.4,18.3,31.6,-128.7,20.5,0.0,1.0,1.0,1.0,0.0,0.0,1.0,0.0,90.0,90.0,0
2025-04-11 15:50:18,26.15,5.96,3.1,0.7,7.2,0.0,0.0,0.0,0.0,0.0,27.9,42.4,18.3,31.6,-128.7,20.4,0.0,1.0,1.0,1.0,0.0,0.0,1.0,0.0,90.0,90.0,0
2025-04-11 15:50:19,26.16,5.94,3.1,0.7,7.099999,0.0,0.0,0.0,0.0,0.0,27.9,42.4,18.3,31.6,-128.7,20.5,0.0,1.0,1.0,1.0,0.0,0.0,1.0,0.0,90.0,90.0,0
2025-04-11 15:50:20,26.15,5.95,3.1,0.7,7.7,0.0,0.0,0.0,0.0,0.0,27.9,42.4,18.3,31.6,-128.7,20.5,0.0,1.0,1.0,1.0,0.0,0.0,1.0,0.0,90.0,90.0,0
2025-04-11 15:50:21,26.12,5.94,3.1,0.7,6.8,0.0,0.0,0.0,0.0,0.0,27.9,42.4,18.3,31.6,-128.7,20.4,0.0,1.0,1.0,1.0,0.0,0.0,1.0,0.0,90.0,90.0,0
2025-04-11 15:50:22,26.12,5.94,3.1,0.7,7.4,0.0,0.0,0.0,0.0,0.0,27.9,42.4,18.3,31.6,-128.7,20.5,0.0,1.0,1.0,1.0,0.0,0.0,1.0,0.0,90.0,90.0,0
2025-04-11 15:50:23,26.12,5.96,3.1,0.7,7.9,0.0,0.0,0.0,0.0,0.0,27.9,42.4,18.3,31.6,-128.7,20.4,0.0,1.0,1.0,1.0,0.0,0.0,1.0,0.0,90.0,90.0,0
2025-04-11 15:50:24,26.14,5.95,3.1,0.7,7.3,0.0,0.0,0.0,0.0,0.0,27.9,42.4,18.3,31.6,-128.7,20.5,0.0,1.0,1.0,1.0,0.0,0.0,1.0,0.0,90.0,90.0,0
2025-04-11 15:50:25,26.15,5.96,3.1,0.7,7.2,0.0,0.0,0.0,0.0,0.0,27.9,42.4,18.3,31.6,-128.7,20.4,0.0,1.0,1.0,1.0,0.0,0.0,1.0,0.0,90.0,90.0,0
2025-04-11 15:50:26,26.16,5.95,3.1,0.7,7.099999,0.0,0.0,0.0,0.0,0.0,27.9,42.4,18.3,31.6,-128.7,20.5,0.0,1.0,1.0,1.0,0.0,0.0,1.0,0.0,90.0,90.0,0
2025-04-11 15:50:27,26.14,5.96,3.1,0.7,7.3,0.0,0.0,0.0,0.0,0.0,27.9,42.4,18.3,31.6,-128.7,20.4,0.0,1.0,1.0,1.0,0.0,0.0,1.0,0.0,90.0,90.0,0
2025-04-11 15:50:28,26.14,5.96,3.1,0.7,7.8,0.0,0.0,0.0,0.0,0.0,27.9,42.4,18.3,31.6,-128.7,20.4,0.0,1.0,1.0,1.0,0.0,0.0,1.0,0.0,90.0,90.0,0
2025-04-11 15:50:29,26.14,5.97,3.1,0.7,7.7,0.0,0.0,0.0,0.0,0.0,27.9,42.5,18.3,31.6,-128.7,20.5,0.0,1.0,1.0,1.0,0.0,0.0,1.0,0.0,90.0,90.0,0
2025-04-11 15:50:30,26.15,5.97,3.1,0.7,7.0,0.0,0.0,0.0,0.0,0.0,27.9,42.5,18.3,31.6,-128.7,20.4,0.0,1.0,1.0,1.0,0.0,0.0,1.0,0.0,90.0,90.0,0
2025-04-11 15:50:31,26.15,5.95,3.1,0.7,7.599999,0.0,0.0,0.0,0.0,0.0,27.9,42.5,18.3,31.6,-128.7,20.5,0.0,1.0,1.0,1.0,0.0,0.0,1.0,0.0,90.0,90.0,0
2025-04-11 15:50:32,26.15,5.97,3.1,0.7,7.3,0.0,0.0,0.0,0.0,0.0,27.9,42.5,18.3,31.6,-128.7,20.4,0.0,1.0,1.0,1.0,0.0,0.0,1.0,0.0,90.0,90.0,0
2025-04-11 15:50:33,26.14,5.96,3.1,0.7,7.099999,0.0,0.0,0.0,0.0,0.0,27.9,42.5,18.3,31.6,-128.7,20.4,0.0,1.0,1.0,1.0,0.0,0.0,1.0,0.0,90.0,90.0,0
2025-04-11 15:50:34,26.14,5.97,3.1,0.7,7.7,0.0,0.0,0.0,0.0,0.0,27.9,42.5,18.3,31.6,-128.7,20.5,0.0,1.0,1.0,1.0,0.0,0.0,1.0,0.0,90.0,90.0,0
2025-04-11 15:50:35,26.16,5.96,3.1,0.7,7.2,0.0,0.0,0.0,0.0,0.0,27.9,42.5,18.3,31.6,-128.7,20.4,0.0,1.0,1.0,1.0,0.0,0.0,1.0,0.0,90.0,90.0,0
2025-04-11 15:50:36,26.19,5.96,3.1,0.7,7.0,0.0,0.0,0.0,0.0,0.0,27.9,42.5,18.3,31.6,-128.7,20.4,0.0,1.0,1.0,1.0,0.0,0.0,1.0,0.0,90.0,90.0,0
2025-04-11 15:50:37,26.16,5.97,3.1,0.7,7.4,0.0,0.0,0.0,0.0,0.0,27.9,42.5,18.3,31.6,-128.7,20.4,0.0,1.0,1.0,1.0,0.0,0.0,1.0,0.0,90.0,90.0,0
2025-04-11 15:50:38,26.16,5.97,3.1,0.7,7.599999,0.0,0.0,0.0,0.0,0.0,27.9,42.4,18.3,31.6,-128.7,20.5,0.0,1.0,1.0,1.0,0.0,0.0,1.0,0.0,90.0,90.0,0
2025-04-11 15:50:39,26.15,5.97,3.1,0.7,7.0,0.0,0.0,0.0,0.0,0.0,27.9,42.4,18.4,31.6,-128.7,20.4,0.0,1.0,1.0,1.0,0.0,0.0,1.0,0.0,90.0,90.0,0
2025-04-11 15:50:40,26.17,5.96,3.1,0.7,7.599999,0.0,0.0,0.0,0.0,0.0,27.9,42.4,18.4,31.6,-128.7,20.4,0.0,1.0,1.0,1.0,0.0,0.0,1.0,0.0,90.0,90.0,0
2025-04-11 15:50:41,26.17,5.97,3.1,0.7,7.3,0.0,0.0,0.0,0.0,0.0,27.9,42.4,18.4,31.6,-128.7,20.4,0.0,1.0,1.0,1.0,0.0,0.0,1.0,0.0,90.0,90.0,0
2025-04-11 15:50:42,26.2,5.96,3.2,0.7,7.3,0.0,0.0,0.0,0.0,0.0,27.9,42.4,18.4,31.6,-128.7,20.4,0.0,1.0,1.0,1.0,0.0,0.0,1.0,0.0,90.0,90.0,0
2025-04-11 15:50:43,26.19,5.97,3.1,0.7,7.4,0.0,0.0,0.0,0.0,0.0,27.9,42.4,18.4,31.6,-128.7,20.4,0.0,1.0,1.0,1.0,0.0,0.0,1.0,0.0,90.0,90.0,0
2025-04-11 15:50:44,26.17,5.97,3.1,0.7,6.9,0.0,0.0,0.0,0.0,0.0,27.9,42.4,18.4,31.6,-128.7,20.4,0.0,1.0,1.0,1.0,0.0,0.0,1.0,0.0,90.0,90.0,0
2025-04-11 15:50:45,26.17,5.97,3.1,0.7,7.0,0.0,0.0,0.0,0.0,0.0,27.9,42.4,18.4,31.6,-128.7,20.4,0.0,1.0,1.0,1.0,0.0,0.0,1.0,0.0,90.0,90.0,0
2025-04-11 15:50:46,26.2,5.97,3.1,0.7,8.0,0.0,0.0,0.0,0.0,0.0,27.9,42.4,18.4,31.6,-128.7,20.4,0.0,1.0,1.0,1.0,0.0,0.0,1.0,0.0,90.0,90.0,0
2025-04-11 15:50:47,26.2,5.97,3.1,0.7,7.099999,0.0,0.0,0.0,0.0,0.0,27.9,42.4,18.4,31.6,-128.7,20.4,0.0,1.0,1.0,1.0,0.0,0.0,1.0,0.0,90.0,90.0,0
2025-04-11 15:50:48,26.22,5.96,3.1,0.7,7.099999,0.0,0.0,0.0,0.0,0.0,27.9,42.4,18.4,31.6,-128.7,20.4,0.0,1.0,1.0,1.0,0.0,0.0,1.0,0.0,90.0,90.0,0
2025-04-11 15:50:49,26.21,5.98,3.1,0.7,7.099999,0.0,0.0,0.0,0.0,0.0,27.9,42.4,18.4,31.6,-128.7,20.4,0.0,1.0,1.0,1.0,0.0,0.0,1.0,0.0,90.0,90.0,0
2025-04-11 15:50:50,26.2,5.97,3.1,0.7,7.5,0.0,0.0,0.0,0.0,0.0,27.9,42.4,18.4,31.6,-128.7,20.4,0.0,1.0,1.0,1.0,0.0,0.0,1.0,0.0,90.0,90.0,0
2025-04-11 15:50:51,26.2,5.98,3.1,0.7,7.599999,0.0,0.0,0.0,0.0,0.0,27.9,42.4,18.4,31.6,-128.7,20.4,0.0,1.0,1.0,1.0,0.0,0.0,1.0,0.0,90.0,90.0,0
2025-04-11 15:50:52,26.22,5.97,3.1,0.7,7.5,0.0,0.0,0.0,0.0,0.0,27.9,42.4,18.5,31.6,-128.7,20.4,0.0,1.0,1.0,1.0,0.0,0.0,1.0,0.0,90.0,90.0,0
2025-04-11 15:50:53,26.21,5.98,3.1,0.7,8.0,0.0,0.0,0.0,0.0,0.0,27.9,42.4,18.5,31.6,-128.7,20.4,0.0,1.0,1.0,1.0,0.0,0.0,1.0,0.0,90.0,90.0,0
2025-04-11 15:50:54,26.21,5.98,3.1,0.7,7.5,0.0,0.0,0.0,0.0,0.0,27.9,42.4,18.5,31.6,-128.7,20.3,0.0,1.0,1.0,1.0,0.0,0.0,1.0,0.0,90.0,90.0,0
2025-04-11 15:50:55,26.23,5.98,3.1,0.7,6.7,0.0,0.0,0.0,0.0,0.0,27.9,42.5,18.5,31.6,-128.7,20.3,0.0,1.0,1.0,1.0,0.0,0.0,1.0,0.0,90.0,90.0,0
2025-04-11 15:50:56,26.23,5.97,3.1,0.7,7.2,0.0,0.0,0.0,0.0,0.0,27.9,42.5,18.5,31.6,-128.7,20.3,0.0,1.0,1.0,1.0,0.0,0.0,1.0,0.0,90.0,90.0,0
2025-04-11 15:50:57,26.25,5.97,3.1,0.7,7.7,0.0,0.0,0.0,0.0,0.0,27.9,42.5,18.5,31.6,-128.7,20.4,0.0,1.0,1.0,1.0,0.0,0.0,1.0,0.0,90.0,90.0,0
2025-04-11 15:50:58,26.23,5.98,3.1,0.7,7.9,0.0,0.0,0.0,0.0,0.0,27.9,42.5,18.5,31.6,-128.7,20.3,0.0,1.0,1.0,1.0,0.0,0.0,1.0,0.0,90.0,90.0,0
2025-04-11 15:50:59,26.22,5.99,3.2,0.7,7.2,0.0,0.0,0.0,0.0,0.0,27.9,42.5,18.5,31.7,-128.7,20.4,0.0,1.0,1.0,1.0,0.0,0.0,1.0,0.0,90.0,90.0,0
2025-04-11 15:51:00,26.25,5.99,3.1,0.7,7.0,0.0,0.0,0.0,0.0,0.0,27.9,42.5,18.5,31.7,-128.7,20.3,0.0,1.0,1.0,1.0,0.0,0.0,1.0,0.0,90.0,90.0,0
2025-04-11 15:51:01,26.28,5.99,3.1,0.7,7.9,0.0,0.0,0.0,0.0,0.0,27.9,42.5,18.5,31.7,-128.7,20.4,0.0,1.0,1.0,1.0,0.0,0.0,1.0,0.0,90.0,90.0,0
2025-04-11 15:51:02,26.28,6.0,3.1,0.7,7.7,0.0,0.0,0.0,0.0,0.0,27.9,42.5,18.5,31.7,-128.7,20.3,0.0,1.0,1.0,1.0,0.0,0.0,1.0,0.0,90.0,90.0,0
2025-04-11 15:51:03,26.27,6.0,3.1,0.7,7.099999,0.0,0.0,0.0,0.0,0.0,27.9,42.5,18.5,31.7,-128.7,20.3,0.0,1.0,1.0,1.0,0.0,0.0,1.0,0.0,90.0,90.0,0
2025-04-11 15:51:04,26.28,6.0,3.2,0.7,7.5,0.0,0.0,0.0,0.0,0.0,27.9,42.5,18.5,31.7,-128.7,20.3,0.0,1.0,1.0,1.0,0.0,0.0,1.0,0.0,90.0,90.0,0
2025-04-11 15:51:05,26.3,6.0,3.2,0.7,7.7,0.0,0.0,0.0,0.0,0.0,27.9,42.5,18.5,31.7,-128.7,20.4,0.0,1.0,1.0,1.0,0.0,0.0,1.0,0.0,90.0,90.0,0
2025-04-11 15:51:06,26.31,6.0,3.1,0.7,7.0,0.0,0.0,0.0,0.0,0.0,27.9,42.5,18.5,31.7,-128.7,20.3,0.0,1.0,1.0,1.0,0.0,0.0,1.0,0.0,90.0,90.0,0
2025-04-11 15:51:07,26.31,6.0,3.2,0.7,7.2,0.0,0.0,0.0,0.0,0.0,27.9,42.5,18.5,31.7,-128.7,20.3,0.0,1.0,1.0,1.0,0.0,0.0,1.0,0.0,90.0,90.0,0
2025-04-11 15:51:08,26.31,6.0,3.1,0.7,7.9,0.0,0.0,0.0,0.0,0.0,27.9,42.5,18.5,31.7,-128.7,20.3,0.0,1.0,1.0,1.0,0.0,0.0,1.0,0.0,90.0,90.0,0
2025-04-11 15:51:09,26.32,6.0,3.1,0.7,6.9,0.0,0.0,0.0,0.0,0.0,27.9,42.5,18.5,31.7,-128.7,20.3,0.0,1.0,1.0,1.0,0.0,0.0,1.0,0.0,90.0,90.0,0
2025-04-11 15:51:10,26.34,6.0,3.1,0.7,7.9,0.0,0.0,0.0,0.0,0.0,27.9,42.5,18.5,31.7,-128.7,20.3,0.0,1.0,1.0,1.0,0.0,0.0,1.0,0.0,90.0,90.0,0
2025-04-11 15:51:11,26.31,6.0,3.1,0.7,7.7,0.0,0.0,0.0,0.0,0.0,27.9,42.5,18.5,31.7,-128.7,20.3,0.0,1.0,1.0,1.0,0.0,0.0,1.0,0.0,90.0,90.0,0
2025-04-11 15:51:12,26.36,6.01,3.1,0.7,7.4,0.0,0.0,0.0,0.0,0.0,27.9,42.6,18.5,31.7,-128.7,20.3,0.0,1.0,1.0,1.0,0.0,0.0,1.0,0.0,90.0,90.0,0
2025-04-11 15:51:13,26.37,6.0,3.1,0.7,7.3,0.0,0.0,0.0,0.0,0.0,27.9,42.6,18.5,31.7,-128.7,20.3,0.0,1.0,1.0,1.0,0.0,0.0,1.0,0.0,90.0,90.0,0
2025-04-11 15:51:14,26.36,6.02,3.1,0.7,7.0,0.0,0.0,0.0,0.0,0.0,27.9,42.6,18.5,31.7,-128.7,20.2,0.0,1.0,1.0,1.0,0.0,0.0,1.0,0.0,90.0,90.0,0
2025-04-11 15:51:15,26.34,6.01,3.2,0.7,7.3,0.0,0.0,0.0,0.0,0.0,27.9,42.6,18.5,31.7,-128.7,20.3,0.0,1.0,1.0,1.0,0.0,0.0,1.0,0.0,90.0,90.0,0
2025-04-11 15:51:16,26.33,6.02,3.2,0.7,7.5,0.0,0.0,0.0,0.0,0.0,27.9,42.6,18.6,31.7,-128.7,20.2,0.0,1.0,1.0,1.0,0.0,0.0,1.0,0.0,90.0,90.0,0
2025-04-11 15:51:17,26.37,6.02,3.1,0.7,7.4,0.0,0.0,0.0,0.0,0.0,27.9,42.6,18.6,31.7,-128.7,20.2,0.0,1.0,1.0,1.0,0.0,0.0,1.0,0.0,90.0,90.0,0
2025-04-11 15:51:18,26.37,6.02,3.1,0.7,7.7,0.0,0.0,0.0,0.0,0.0,27.9,42.6,18.6,31.7,-128.7,20.2,0.0,1.0,1.0,1.0,0.0,0.0,1.0,0.0,90.0,90.0,0
2025-04-11 15:51:19,26.38,6.02,3.1,0.7,7.4,0.0,0.0,0.0,0.0,0.0,27.9,42.6,18.6,31.7,-128.7,20.2,0.0,1.0,1.0,1.0,0.0,0.0,1.0,0.0,90.0,90.0,0
2025-04-11 15:51:20,26.38,6.03,3.1,0.7,8.099999,0.0,0.0,0.0,0.0,0.0,27.9,42.6,18.6,31.7,-128.7,20.2,0.0,1.0,1.0,1.0,0.0,0.0,1.0,0.0,90.0,90.0,0
2025-04-11 15:51:21,26.36,6.02,3.1,0.7,7.3,0.0,0.0,0.0,0.0,0.0,27.9,42.6,18.6,31.7,-128.7,20.2,0.0,1.0,1.0,1.0,0.0,0.0,1.0,0.0,90.0,90.0,0
2025-04-11 15:51:22,26.38,6.04,3.2,0.7,7.5,0.0,0.0,0.0,0.0,0.0,27.9,42.6,18.6,31.7,-128.7,20.1,0.0,1.0,1.0,1.0,0.0,0.0,1.0,0.0,90.0,90.0,0
2025-04-11 15:51:23,26.37,6.02,3.2,0.7,7.3,0.0,0.0,0.0,0.0,0.0,27.9,42.6,18.6,31.7,-128.7,20.2,0.0,1.0,1.0,1.0,0.0,0.0,1.0,0.0,90.0,90.0,0
2025-04-11 15:51:24,26.37,6.04,3.1,0.7,7.3,0.0,0.0,0.0,0.0,0.0,27.9,42.6,18.6,31.7,-128.7,20.1,0.0,1.0,1.0,1.0,0.0,0.0,1.0,0.0,90.0,90.0,0
2025-04-11 15:51:25,26.37,6.03,3.1,0.7,7.9,0.0,0.0,0.0,0.0,0.0,27.9,42.6,18.6,31.7,-128.7,20.2,0.0,1.0,1.0,1.0,0.0,0.0,1.0,0.0,90.0,90.0,0
2025-04-11 15:51:26,26.38,6.04,3.1,0.7,7.4,0.0,0.0,0.0,0.0,0.0,27.9,42.6,18.6,31.7,-128.7,20.1,0.0,1.0,1.0,1.0,0.0,0.0,1.0,0.0,90.0,90.0,0
2025-04-11 15:51:27,26.39,6.04,3.1,0.7,7.8,0.0,0.0,0.0,0.0,0.0,27.9,42.6,18.6,31.8,-128.7,20.3,0.0,1.0,1.0,1.0,0.0,0.0,1.0,0.0,90.0,90.0,0
2025-04-11 15:51:28,26.38,6.04,3.1,0.7,7.2,0.0,0.0,0.0,0.0,0.0,27.9,42.6,18.6,31.8,-128.7,20.2,0.0,1.0,1.0,1.0,0.0,0.0,1.0,0.0,90.0,90.0,0
2025-04-11 15:51:29,26.38,6.03,3.1,0.7,7.9,0.0,0.0,0.0,0.0,0.0,27.9,42.6,18.6,31.8,-128.7,20.2,0.0,1.0,1.0,1.0,0.0,0.0,1.0,0.0,90.0,90.0,0
2025-04-11 15:51:30,26.37,6.05,3.2,0.7,7.3,0.0,0.0,0.0,0.0,0.0,27.9,42.6,18.6,31.8,-128.7,20.2,0.0,1.0,1.0,1.0,0.0,0.0,1.0,0.0,90.0,90.0,0
2025-04-11 15:51:31,26.39,6.03,3.1,0.7,7.5,0.0,0.0,0.0,0.0,0.0,27.9,42.6,18.6,31.8,-128.7,20.2,0.0,1.0,1.0,1.0,0.0,0.0,1.0,0.0,90.0,90.0,0
2025-04-11 15:51:32,26.38,6.04,3.1,0.7,7.9,0.0,0.0,0.0,0.0,0.0,27.9,42.6,18.6,31.8,-128.7,20.2,0.0,1.0,1.0,1.0,0.0,0.0,1.0,0.0,90.0,90.0,0
2025-04-11 15:51:33,26.39,6.03,3.1,0.7,7.099999,0.0,0.0,0.0,0.0,0.0,27.9,42.6,18.7,31.8,-128.7,20.3,0.0,1.0,1.0,1.0,0.0,0.0,1.0,0.0,90.0,90.0,0
2025-04-11 15:51:34,26.42,6.04,3.1,0.7,7.3,0.0,0.0,0.0,0.0,0.0,27.9,42.6,18.7,31.8,-128.7,20.2,0.0,1.0,1.0,1.0,0.0,0.0,1.0,0.0,90.0,90.0,0
2025-04-11 15:51:35,26.42,6.04,3.1,0.7,7.9,0.0,0.0,0.0,0.0,0.0,27.9,42.6,18.7,31.8,-128.7,20.2,0.0,1.0,1.0,1.0,0.0,0.0,1.0,0.0,90.0,90.0,0
2025-04-11 15:51:36,26.42,6.04,3.1,0.7,7.7,0.0,0.0,0.0,0.0,0.0,27.9,42.6,18.7,31.8,-128.7,20.2,0.0,1.0,1.0,1.0,0.0,0.0,1.0,0.0,90.0,90.0,0
2025-04-11 15:51:37,26.41,6.04,3.2,0.7,7.599999,0.0,0.0,0.0,0.0,0.0,27.9,42.6,18.7,31.8,-128.7,20.2,0.0,1.0,1.0,1.0,0.0,0.0,1.0,0.0,90.0,90.0,0
2025-04-11 15:51:38,26.42,6.04,3.1,0.7,7.0,0.0,0.0,0.0,0.0,0.0,27.9,42.6,18.7,31.8,-128.7,20.3,0.0,1.0,1.0,1.0,0.0,0.0,1.0,0.0,90.0,90.0,0
2025-04-11 15:51:39,26.43,6.04,3.1,0.7,7.7,0.0,0.0,0.0,0.0,0.0,27.9,42.6,18.7,31.8,-128.7,20.2,0.0,1.0,1.0,1.0,0.0,0.0,1.0,0.0,90.0,90.0,0
2025-04-11 15:51:40,26.43,6.04,3.2,0.7,7.599999,0.0,0.0,0.0,0.0,0.0,27.9,42.6,18.7,31.8,-128.7,20.2,0.0,1.0,1.0,1.0,0.0,0.0,1.0,0.0,90.0,90.0,0
2025-04-11 15:51:41,26.43,6.05,3.2,0.7,7.5,0.0,0.0,0.0,0.0,0.0,27.9,42.6,18.7,31.8,-128.7,20.2,0.0,1.0,1.0,1.0,0.0,0.0,1.0,0.0,90.0,90.0,0
2025-04-11 15:51:42,26.41,6.03,3.2,0.7,7.0,0.0,0.0,0.0,0.0,0.0,27.9,42.6,18.7,31.8,-128.7,20.2,0.0,1.0,1.0,1.0,0.0,0.0,1.0,0.0,90.0,90.0,0
2025-04-11 15:51:43,26.41,6.04,3.2,0.7,7.7,0.0,0.0,0.0,0.0,0.0,27.9,42.6,18.8,31.8,-128.7,20.2,0.0,1.0,1.0,1.0,0.0,0.0,1.0,0.0,90.0,90.0,0
2025-04-11 15:51:44,26.43,6.03,3.2,0.7,7.7,0.0,0.0,0.0,0.0,0.0,27.9,42.6,18.8,31.8,-128.7,20.2,0.0,1.0,1.0,1.0,0.0,0.0,1.0,0.0,90.0,90.0,0
2025-04-11 15:51:45,26.44,6.03,3.1,0.7,7.0,0.0,0.0,0.0,0.0,0.0,27.9,42.6,18.8,31.8,-128.7,20.2,0.0,1.0,1.0,1.0,0.0,0.0,1.0,0.0,90.0,90.0,0
2025-04-11 15:51:46,26.44,6.04,3.2,0.7,7.0,0.0,0.0,0.0,0.0,0.0,27.9,42.6,18.8,31.8,-128.7,20.2,0.0,1.0,1.0,1.0,0.0,0.0,1.0,0.0,90.0,90.0,0
2025-04-11 15:51:47,26.43,6.04,3.2,0.7,7.8,0.0,0.0,0.0,0.0,0.0,27.9,42.6,18.8,31.8,-128.7,20.2,0.0,1.0,1.0,1.0,0.0,0.0,1.0,0.0,90.0,90.0,0
2025-04-11 15:51:48,26.42,6.04,3.2,0.7,7.7,0.0,0.0,0.0,0.0,0.0,27.9,42.6,18.9,31.9,-128.7,20.3,0.0,1.0,1.0,1.0,0.0,0.0,1.0,0.0,90.0,90.0,0
2025-04-11 15:51:49,26.43,6.03,3.1,0.7,7.5,0.0,0.0,0.0,0.0,0.0,27.9,42.6,18.9,31.9,-128.7,20.4,0.0,1.0,1.0,1.0,0.0,0.0,1.0,0.0,90.0,90.0,0
2025-04-11 15:51:50,26.44,6.04,3.1,0.7,7.2,0.0,0.0,0.0,0.0,0.0,27.9,42.6,18.9,31.9,-128.7,20.3,0.0,1.0,1.0,1.0,0.0,0.0,1.0,0.0,90.0,90.0,0
2025-04-11 15:51:51,26.44,6.04,3.1,0.7,7.3,0.0,0.0,0.0,0.0,0.0,27.9,42.6,18.9,31.9,-128.7,20.3,0.0,1.0,1.0,1.0,0.0,0.0,1.0,0.0,90.0,90.0,0
2025-04-11 15:51:52,26.43,6.03,3.2,0.7,7.7,0.0,0.0,0.0,0.0,0.0,27.9,42.6,18.9,31.9,-128.7,20.3,0.0,1.0,1.0,1.0,0.0,0.0,1.0,0.0,90.0,90.0,0
2025-04-11 15:51:53,26.41,6.04,3.2,0.7,8.0,0.0,0.0,0.0,0.0,0.0,27.9,42.6,18.9,31.9,-128.7,20.3,0.0,1.0,1.0,1.0,0.0,0.0,1.0,0.0,90.0,90.0,0
2025-04-11 15:51:54,26.43,6.03,3.2,0.7,7.3,0.0,0.0,0.0,0.0,0.0,27.9,42.6,18.9,31.9,-128.7,20.4,0.0,1.0,1.0,1.0,0.0,0.0,1.0,0.0,90.0,90.0,0
2025-04-11 15:51:55,26.44,6.04,3.1,0.7,7.0,0.0,0.0,0.0,0.0,0.0,27.9,42.6,18.9,31.9,-128.7,20.3,0.0,1.0,1.0,1.0,0.0,0.0,1.0,0.0,90.0,90.0,0
2025-04-11 15:51:56,26.43,6.03,3.1,0.7,7.3,0.0,0.0,0.0,0.0,0.0,27.9,42.6,19.0,31.9,-128.7,20.3,0.0,1.0,1.0,1.0,0.0,0.0,1.0,0.0,90.0,90.0,0
2025-04-11 15:51:57,26.43,6.04,3.1,0.7,7.5,0.0,0.0,0.0,0.0,0.0,27.9,42.6,19.0,31.9,-128.7,20.4,0.0,1.0,1.0,1.0,0.0,0.0,1.0,0.0,90.0,90.0,0
2025-04-11 15:51:58,26.41,6.03,3.2,0.7,7.599999,0.0,0.0,0.0,0.0,0.0,27.9,42.6,19.0,31.9,-128.7,20.3,0.0,1.0,1.0,1.0,0.0,0.0,1.0,0.0,90.0,90.0,0
2025-04-11 15:51:59,26.41,6.03,3.1,0.7,7.4,0.0,0.0,0.0,0.0,0.0,27.9,42.6,19.0,31.9,-128.7,20.4,0.0,1.0,1.0,1.0,0.0,0.0,1.0,0.0,90.0,90.0,0
2025-04-11 15:52:00,26.42,6.04,3.2,0.7,8.299999,0.0,0.0,0.0,0.0,0.0,27.9,42.6,19.0,31.9,-128.7,20.3,0.0,1.0,1.0,1.0,0.0,0.0,1.0,0.0,90.0,90.0,0
2025-04-11 15:52:01,26.43,6.02,3.2,0.7,7.099999,0.0,0.0,0.0,0.0,0.0,27.9,42.6,19.0,31.9,-128.7,20.4,0.0,1.0,1.0,1.0,0.0,0.0,1.0,0.0,90.0,90.0,0
2025-04-11 15:52:02,26.43,6.04,3.2,0.7,7.0,0.0,0.0,0.0,0.0,0.0,27.9,42.6,19.0,31.9,-128.7,20.3,0.0,1.0,1.0,1.0,0.0,0.0,1.0,0.0,90.0,90.0,0
2025-04-11 15:52:03,26.41,6.02,3.2,0.7,7.0,0.0,0.0,0.0,0.0,0.0,27.9,42.6,19.0,31.9,-128.7,20.4,0.0,1.0,1.0,1.0,0.0,0.0,1.0,0.0,90.0,90.0,0
2025-04-11 15:52:04,26.39,6.03,3.1,0.7,7.599999,0.0,0.0,0.0,0.0,0.0,27.9,42.6,19.0,31.9,-128.7,20.4,0.0,1.0,1.0,1.0,0.0,0.0,1.0,0.0,90.0,90.0,0
2025-04-11 15:52:05,26.42,6.01,3.2,0.7,7.599999,0.0,0.0,0.0,0.0,0.0,27.9,42.6,19.1,32.0,-128.7,20.5,0.0,1.0,1.0,1.0,0.0,0.0,1.0,0.0,90.0,90.0,0
2025-04-11 15:52:06,26.42,6.02,3.2,0.7,7.099999,0.0,0.0,0.0,0.0,0.0,27.9,42.7,19.1,32.0,-128.7,20.6,0.0,1.0,1.0,1.0,0.0,0.0,1.0,0.0,90.0,90.0,0
2025-04-11 15:52:07,26.41,6.02,3.2,0.7,7.099999,0.0,0.0,0.0,0.0,0.0,27.9,42.7,19.1,32.0,-128.7,20.5,0.0,1.0,1.0,1.0,0.0,0.0,1.0,0.0,90.0,90.0,0
2025-04-11 15:52:08,26.41,6.01,3.2,0.7,7.4,0.0,0.0,0.0,0.0,0.0,27.9,42.7,19.1,32.0,-128.7,20.6,0.0,1.0,1.0,1.0,0.0,0.0,1.0,0.0,90.0,90.0,0
2025-04-11 15:52:09,26.39,6.03,3.1,0.7,7.7,0.0,0.0,0.0,0.0,0.0,27.9,42.7,19.1,32.0,-128.7,20.5,0.0,1.0,1.0,1.0,0.0,0.0,1.0,0.0,90.0,90.0,0
2025-04-11 15:52:10,26.41,6.0,3.1,0.7,7.4,0.0,0.0,0.0,0.0,0.0,27.9,42.7,19.1,32.0,-128.7,20.6,0.0,1.0,1.0,1.0,0.0,0.0,1.0,0.0,90.0,90.0,0
2025-04-11 15:52:11,26.42,6.01,3.2,0.7,7.2,0.0,0.0,0.0,0.0,0.0,27.9,42.7,19.1,32.0,-128.7,20.6,0.0,1.0,1.0,1.0,0.0,0.0,1.0,0.0,90.0,90.0,0
2025-04-11 15:52:12,26.42,6.0,3.1,0.7,6.9,0.0,0.0,0.0,0.0,0.0,27.9,42.7,19.2,32.0,-128.7,20.6,0.0,1.0,1.0,1.0,0.0,0.0,1.0,0.0,90.0,90.0,0
2025-04-11 15:52:13,26.41,6.0,3.2,0.7,8.0,0.0,0.0,0.0,0.0,0.0,27.9,42.7,19.2,32.0,-128.7,20.6,0.0,1.0,1.0,1.0,0.0,0.0,1.0,0.0,90.0,90.0,0
2025-04-11 15:52:14,26.39,6.0,3.2,0.7,7.599999,0.0,0.0,0.0,0.0,0.0,27.9,42.7,19.2,32.0,-128.7,20.5,0.0,1.0,1.0,1.0,0.0,0.0,1.0,0.0,90.0,90.0,0
2025-04-11 15:52:15,26.41,6.01,3.2,0.7,7.4,0.0,0.0,0.0,0.0,0.0,27.9,42.7,19.2,32.0,-128.7,20.6,0.0,1.0,1.0,1.0,0.0,0.0,1.0,0.0,90.0,90.0,0
2025-04-11 15:52:16,26.43,6.02,3.2,0.7,7.099999,0.0,0.0,0.0,0.0,0.0,27.9,42.7,19.2,32.0,-128.7,20.6,0.0,1.0,1.0,1.0,0.0,0.0,1.0,0.0,90.0,90.0,0
2025-04-11 15:52:17,26.43,6.0,3.1,0.7,7.4,0.0,0.0,0.0,0.0,0.0,27.9,42.7,19.2,32.0,-128.7,20.6,0.0,1.0,1.0,1.0,0.0,0.0,1.0,0.0,90.0,90.0,0
2025-04-11 15:52:18,26.41,6.01,3.1,0.7,7.5,0.0,0.0,0.0,0.0,0.0,27.9,42.7,19.2,32.1,-128.7,20.7,0.0,1.0,1.0,1.0,0.0,0.0,1.0,0.0,90.0,90.0,0
2025-04-11 15:52:19,26.41,6.0,3.1,0.7,7.8,0.0,0.0,0.0,0.0,0.0,27.9,42.7,19.2,32.1,-128.7,20.7,0.0,1.0,1.0,1.0,0.0,0.0,1.0,0.0,90.0,90.0,0
2025-04-11 15:52:20,26.42,6.0,3.1,0.7,7.4,0.0,0.0,0.0,0.0,0.0,27.9,42.7,19.3,32.1,-128.7,20.7,0.0,1.0,1.0,1.0,0.0,0.0,1.0,0.0,90.0,90.0,0
2025-04-11 15:52:21,26.42,6.01,3.2,0.7,7.599999,0.0,0.0,0.0,0.0,0.0,27.9,42.7,19.3,32.1,-128.7,20.7,0.0,1.0,1.0,1.0,0.0,0.0,1.0,0.0,90.0,90.0,0
2025-04-11 15:52:22,26.43,6.0,3.1,0.7,7.3,0.0,0.0,0.0,0.0,0.0,27.9,42.7,19.3,32.1,-128.7,20.7,0.0,1.0,1.0,1.0,0.0,0.0,1.0,0.0,90.0,90.0,0
2025-04-11 15:52:23,26.41,6.01,3.2,0.7,7.4,0.0,0.0,0.0,0.0,0.0,27.9,42.7,19.3,32.1,-128.7,20.6,0.0,1.0,1.0,1.0,0.0,0.0,1.0,0.0,90.0,90.0,0
2025-04-11 15:52:24,26.39,6.0,3.2,0.7,7.5,0.0,0.0,0.0,0.0,0.0,27.9,42.7,19.3,32.1,-128.7,20.7,0.0,1.0,1.0,1.0,0.0,0.0,1.0,0.0,90.0,90.0,0
2025-04-11 15:52:25,26.41,6.02,3.1,0.7,7.8,0.0,0.0,0.0,0.0,0.0,28.0,42.7,19.4,32.1,-128.7,20.7,0.0,1.0,1.0,1.0,0.0,0.0,1.0,0.0,90.0,90.0,0
2025-04-11 15:52:26,26.42,6.0,3.2,0.7,7.7,0.0,0.0,0.0,0.0,0.0,28.0,42.7,19.4,32.1,-128.7,20.7,0.0,1.0,1.0,1.0,0.0,0.0,1.0,0.0,90.0,90.0,0
2025-04-11 15:52:27,26.43,6.0,3.2,0.7,7.5,0.0,0.0,0.0,0.0,0.0,28.0,42.8,19.4,32.1,-128.7,20.7,0.0,1.0,1.0,1.0,0.0,0.0,1.0,0.0,90.0,90.0,0
2025-04-11 15:52:28,26.44,6.01,3.1,0.7,7.599999,0.0,0.0,0.0,0.0,0.0,28.0,42.8,19.4,32.1,-128.7,20.7,0.0,1.0,1.0,1.0,0.0,0.0,1.0,0.0,90.0,90.0,0
2025-04-11 15:52:29,26.42,6.0,3.2,0.7,7.4,0.0,0.0,0.0,0.0,0.0,28.0,42.8,19.4,32.1,-128.7,20.7,0.0,1.0,1.0,1.0,0.0,0.0,1.0,0.0,90.0,90.0,0
2025-04-11 15:52:30,26.43,6.01,3.1,0.7,7.7,0.0,0.0,0.0,0.0,0.0,28.0,42.8,19.4,32.1,-128.7,20.7,0.0,1.0,1.0,1.0,0.0,0.0,1.0,0.0,90.0,90.0,0
2025-04-11 15:52:31,26.45,6.0,3.2,0.7,7.8,0.0,0.0,0.0,0.0,0.0,28.0,42.8,19.4,32.2,-128.7,20.8,0.0,1.0,1.0,1.0,0.0,0.0,1.0,0.0,90.0,90.0,0
2025-04-11 15:52:32,26.45,6.01,3.1,0.7,7.0,0.0,0.0,0.0,0.0,0.0,28.0,42.8,19.4,32.2,-128.7,20.8,0.0,1.0,1.0,1.0,0.0,0.0,1.0,0.0,90.0,90.0,0
2025-04-11 15:52:33,26.45,6.01,3.1,0.7,7.5,0.0,0.0,0.0,0.0,0.0,28.0,42.8,19.4,32.2,-128.7,20.7,0.0,1.0,1.0,1.0,0.0,0.0,1.0,0.0,90.0,90.0,0
2025-04-11 15:52:34,26.45,6.02,3.1,0.7,7.099999,0.0,0.0,0.0,0.0,0.0,28.0,42.8,19.4,32.2,-128.7,20.8,0.0,1.0,1.0,1.0,0.0,0.0,1.0,0.0,90.0,90.0,0
2025-04-11 15:52:35,26.45,6.01,3.2,0.7,7.7,0.0,0.0,0.0,0.0,0.0,28.0,42.8,19.5,32.2,-128.7,20.7,0.0,1.0,1.0,1.0,0.0,0.0,1.0,0.0,90.0,90.0,0
2025-04-11 15:52:36,26.45,6.0,3.2,0.7,7.7,0.0,0.0,0.0,0.0,0.0,28.0,42.8,19.5,32.2,-128.7,20.8,0.0,1.0,1.0,1.0,0.0,0.0,1.0,0.0,90.0,90.0,0
2025-04-11 15:52:37,26.48,6.02,3.1,0.7,7.2,0.0,0.0,0.0,0.0,0.0,28.0,42.8,19.5,32.2,-128.7,20.8,0.0,1.0,1.0,1.0,0.0,0.0,1.0,0.0,90.0,90.0,0
2025-04-11 15:52:38,26.48,6.01,3.2,0.7,7.7,0.0,0.0,0.0,0.0,0.0,28.0,42.8,19.5,32.2,-128.7,20.8,0.0,1.0,1.0,1.0,0.0,0.0,1.0,0.0,90.0,90.0,0
2025-04-11 15:52:39,26.47,6.02,3.2,0.7,6.8,0.0,0.0,0.0,0.0,0.0,28.0,42.8,19.5,32.2,-128.7,20.8,0.0,1.0,1.0,1.0,0.0,0.0,1.0,0.0,90.0,90.0,0
2025-04-11 15:52:40,26.48,6.02,3.1,0.7,7.099999,0.0,0.0,0.0,0.0,0.0,28.0,42.8,19.5,32.2,-128.7,20.7,0.0,1.0,1.0,1.0,0.0,0.0,1.0,0.0,90.0,90.0,0
2025-04-11 15:52:41,26.5,6.01,3.2,0.7,7.599999,0.0,0.0,0.0,0.0,0.0,28.0,42.8,19.5,32.2,-128.7,20.8,0.0,1.0,1.0,1.0,0.0,0.0,1.0,0.0,90.0,90.0,0
2025-04-11 15:52:42,26.5,6.02,3.2,0.7,7.0,0.0,0.0,0.0,0.0,0.0,28.0,42.9,19.5,32.2,-128.7,20.7,0.0,1.0,1.0,1.0,0.0,0.0,1.0,0.0,90.0,90.0,0
2025-04-11 15:52:43,26.5,6.02,3.2,0.7,7.5,0.0,0.0,0.0,0.0,0.0,28.0,42.9,19.5,32.2,-128.7,20.7,0.0,1.0,1.0,1.0,0.0,0.0,1.0,0.0,90.0,90.0,0
2025-04-11 15:52:44,26.49,6.03,3.1,0.7,7.4,0.0,0.0,0.0,0.0,0.0,28.0,42.9,19.5,32.3,-128.7,20.8,0.0,1.0,1.0,1.0,0.0,0.0,1.0,0.0,90.0,90.0,0
2025-04-11 15:52:45,26.49,6.02,3.2,0.7,7.599999,0.0,0.0,0.0,0.0,0.0,28.0,42.9,19.5,32.3,-128.7,20.8,0.0,1.0,1.0,1.0,0.0,0.0,1.0,0.0,90.0,90.0,0
2025-04-11 15:52:46,26.53,6.03,3.2,0.7,7.2,0.0,0.0,0.0,0.0,0.0,28.0,42.9,19.5,32.3,-128.7,20.8,0.0,1.0,1.0,1.0,0.0,0.0,1.0,0.0,90.0,90.0,0
2025-04-11 15:52:47,26.54,6.03,3.1,0.7,7.8,0.0,0.0,0.0,0.0,0.0,28.0,42.9,19.5,32.3,-128.7,20.7,0.0,1.0,1.0,1.0,0.0,0.0,1.0,0.0,90.0,90.0,0
2025-04-11 15:52:48,26.52,6.04,3.2,0.7,7.2,0.0,0.0,0.0,0.0,0.0,28.0,42.9,19.5,32.3,-128.7,20.7,0.0,1.0,1.0,1.0,0.0,0.0,1.0,0.0,90.0,90.0,0
2025-04-11 15:52:49,26.5,6.03,3.2,0.7,7.4,0.0,0.0,0.0,0.0,0.0,28.0,42.9,19.5,32.3,-128.7,20.8,0.0,1.0,1.0,1.0,0.0,0.0,1.0,0.0,90.0,90.0,0
2025-04-11 15:52:50,26.52,6.03,3.1,0.7,7.8,0.0,0.0,0.0,0.0,0.0,28.0,42.9,19.5,32.3,-128.7,20.8,0.0,1.0,1.0,1.0,0.0,0.0,1.0,0.0,90.0,90.0,0
2025-04-11 15:52:51,26.53,6.04,3.1,0.7,7.4,0.0,0.0,0.0,0.0,0.0,28.0,42.9,19.5,32.3,-128.7,20.7,0.0,1.0,1.0,1.0,0.0,0.0,1.0,0.0,90.0,90.0,0
2025-04-11 15:52:52,26.52,6.04,3.2,0.7,7.3,0.0,0.0,0.0,0.0,0.0,28.0,42.9,19.5,32.3,-128.7,20.8,0.0,1.0,1.0,1.0,0.0,0.0,1.0,0.0,90.0,90.0,0
2025-04-11 15:52:53,26.53,6.04,3.2,0.7,7.4,0.0,0.0,0.0,0.0,0.0,28.0,42.9,19.5,32.3,-128.7,20.7,0.0,1.0,1.0,1.0,0.0,0.0,1.0,0.0,90.0,90.0,0
2025-04-11 15:52:54,26.53,6.04,3.1,0.7,7.099999,0.0,0.0,0.0,0.0,0.0,28.0,42.9,19.5,32.3,-128.7,20.7,0.0,1.0,1.0,1.0,0.0,0.0,1.0,0.0,90.0,90.0,0
2025-04-11 15:52:55,26.53,6.05,3.1,0.7,7.4,0.0,0.0,0.0,0.0,0.0,28.0,42.9,19.5,32.4,-128.7,20.8,0.0,1.0,1.0,1.0,0.0,0.0,1.0,0.0,90.0,90.0,0
2025-04-11 15:52:56,26.53,6.04,3.2,0.7,7.3,0.0,0.0,0.0,0.0,0.0,28.0,42.9,19.5,32.4,-128.7,20.8,0.0,1.0,1.0,1.0,0.0,0.0,1.0,0.0,90.0,90.0,0
2025-04-11 15:52:57,26.55,6.04,3.2,0.7,7.5,0.0,0.0,0.0,0.0,0.0,28.0,42.9,19.5,32.4,-128.7,20.8,0.0,1.0,1.0,1.0,0.0,0.0,1.0,0.0,90.0,90.0,0
2025-04-11 15:52:58,26.54,6.04,3.2,0.7,7.599999,0.0,0.0,0.0,0.0,0.0,28.0,42.9,19.5,32.4,-128.7,20.8,0.0,1.0,1.0,1.0,0.0,0.0,1.0,0.0,90.0,90.0,0
2025-04-11 15:52:59,26.56,6.04,3.1,0.7,7.599999,0.0,0.0,0.0,0.0,0.0,28.0,42.9,19.5,32.4,-128.7,20.8,0.0,1.0,1.0,1.0,0.0,0.0,1.0,0.0,90.0,90.0,0
2025-04-11 15:53:00,26.55,6.04,3.1,0.7,7.2,0.0,0.0,0.0,0.0,0.0,28.0,42.9,19.5,32.4,-128.7,20.8,0.0,1.0,1.0,1.0,0.0,0.0,1.0,0.0,90.0,90.0,0
2025-04-11 15:53:01,26.53,6.04,3.2,0.7,7.099999,0.0,0.0,0.0,0.0,0.0,28.0,42.9,19.5,32.4,-128.7,20.8,0.0,1.0,1.0,1.0,0.0,0.0,1.0,0.0,90.0,90.0,0
2025-04-11 15:53:02,26.54,6.05,3.1,0.7,7.599999,0.0,0.0,0.0,0.0,0.0,28.0,42.9,19.5,32.4,-128.7,20.8,0.0,1.0,1.0,1.0,0.0,0.0,1.0,0.0,90.0,90.0,0
2025-04-11 15:53:03,26.55,6.04,3.1,0.7,7.599999,0.0,0.0,0.0,0.0,0.0,28.0,42.9,19.5,32.4,-128.7,20.8,0.0,1.0,1.0,1.0,0.0,0.0,1.0,0.0,90.0,90.0,0
2025-04-11 15:53:04,26.56,6.05,3.2,0.7,7.2,0.0,0.0,0.0,0.0,0.0,28.0,42.9,19.5,32.4,-128.7,20.8,0.0,1.0,1.0,1.0,0.0,0.0,1.0,0.0,90.0,90.0,0
2025-04-11 15:53:05,26.55,6.04,3.1,0.7,7.3,0.0,0.0,0.0,0.0,0.0,28.0,42.9,19.5,32.4,-128.7,20.8,0.0,1.0,1.0,1.0,0.0,0.0,1.0,0.0,90.0,90.0,0
2025-04-11 15:53:06,26.53,6.05,3.2,0.7,7.599999,0.0,0.0,0.0,0.0,0.0,28.0,42.9,19.5,32.4,-128.7,20.8,0.0,1.0,1.0,1.0,0.0,0.0,1.0,0.0,90.0,90.0,0
2025-04-11 15:53:07,26.53,6.04,3.1,0.7,7.0,0.0,0.0,0.0,0.0,0.0,28.0,42.9,19.5,32.4,-128.7,20.8,0.0,1.0,1.0,1.0,0.0,0.0,1.0,0.0,90.0,90.0,0
2025-04-11 15:53:08,26.55,6.04,3.1,0.7,7.4,0.0,0.0,0.0,0.0,0.0,28.0,42.9,19.5,32.4,-128.7,20.8,0.0,1.0,1.0,1.0,0.0,0.0,1.0,0.0,90.0,90.0,0
2025-04-11 15:53:09,26.58,6.05,3.2,0.7,8.099999,0.0,0.0,0.0,0.0,0.0,28.0,42.9,19.5,32.4,-128.7,20.8,0.0,1.0,1.0,1.0,0.0,0.0,1.0,0.0,90.0,90.0,0
2025-04-11 15:53:10,26.56,6.05,3.1,0.7,7.5,0.0,0.0,0.0,0.0,0.0,28.0,42.9,19.5,32.5,-128.7,20.8,0.0,1.0,1.0,1.0,0.0,0.0,1.0,0.0,90.0,90.0,0
2025-04-11 15:53:11,26.55,6.059999,3.2,0.7,7.099999,0.0,0.0,0.0,0.0,0.0,28.0,42.9,19.5,32.5,-128.7,20.8,0.0,1.0,1.0,1.0,0.0,0.0,1.0,0.0,90.0,90.0,0
2025-04-11 15:53:12,26.54,6.04,3.1,0.7,7.599999,0.0,0.0,0.0,0.0,0.0,28.0,42.9,19.5,32.5,-128.7,20.9,0.0,1.0,1.0,1.0,0.0,0.0,1.0,0.0,90.0,90.0,0
2025-04-11 15:53:13,26.55,6.04,3.1,0.7,7.3,0.0,0.0,0.0,0.0,0.0,28.0,42.9,19.5,32.5,-128.7,20.9,0.0,1.0,1.0,1.0,0.0,0.0,1.0,0.0,90.0,90.0,0
2025-04-11 15:53:14,26.55,6.04,3.2,0.7,7.099999,0.0,0.0,0.0,0.0,0.0,28.0,42.9,19.5,32.5,-128.7,20.9,0.0,1.0,1.0,1.0,0.0,0.0,1.0,0.0,90.0,90.0,0
2025-04-11 15:53:15,26.55,6.05,3.1,0.7,7.9,0.0,0.0,0.0,0.0,0.0,28.0,42.9,19.5,32.5,-128.7,20.9,0.0,1.0,1.0,1.0,0.0,0.0,1.0,0.0,90.0,90.0,0
2025-04-11 15:53:16,26.59,6.04,3.2,0.7,7.5,0.0,0.0,0.0,0.0,0.0,28.0,42.9,19.5,32.5,-128.7,20.9,0.0,1.0,1.0,1.0,0.0,0.0,1.0,0.0,90.0,90.0,0
2025-04-11 15:53:17,26.59,6.05,3.1,0.7,7.4,0.0,0.0,0.0,0.0,0.0,28.0,42.9,19.5,32.5,-128.7,20.9,0.0,1.0,1.0,1.0,0.0,0.0,1.0,0.0,90.0,90.0,0
2025-04-11 15:53:18,26.58,6.04,3.1,0.7,7.7,0.0,0.0,0.0,0.0,0.0,28.0,42.9,19.4,32.5,-128.7,20.9,0.0,1.0,1.0,1.0,0.0,0.0,1.0,0.0,90.0,90.0,0
2025-04-11 15:53:19,26.58,6.05,3.1,0.7,7.599999,0.0,0.0,0.0,0.0,0.0,28.0,42.9,19.4,32.5,-128.7,20.9,0.0,1.0,1.0,1.0,0.0,0.0,1.0,0.0,90.0,90.0,0
2025-04-11 15:53:20,26.59,6.04,3.1,0.7,7.599999,0.0,0.0,0.0,0.0,0.0,28.0,42.9,19.4,32.5,-128.7,20.9,0.0,1.0,1.0,1.0,0.0,0.0,1.0,0.0,90.0,90.0,0
2025-04-11 15:53:21,26.63,6.05,3.2,0.7,7.599999,0.0,0.0,0.0,0.0,0.0,28.0,42.9,19.4,32.5,-128.7,20.9,0.0,1.0,1.0,1.0,0.0,0.0,1.0,0.0,90.0,90.0,0
2025-04-11 15:53:22,26.6,6.04,3.2,0.7,7.3,0.0,0.0,0.0,0.0,0.0,28.0,42.9,19.4,32.5,-128.7,20.9,0.0,1.0,1.0,1.0,0.0,0.0,1.0,0.0,90.0,90.0,0
2025-04-11 15:53:23,26.61,6.05,3.1,0.7,7.2,0.0,0.0,0.0,0.0,0.0,28.0,43.0,19.4,32.5,-128.7,20.9,0.0,1.0,1.0,1.0,0.0,0.0,1.0,0.0,90.0,90.0,0
2025-04-11 15:53:24,26.64,6.04,3.2,0.7,7.5,0.0,0.0,0.0,0.0,0.0,28.0,43.0,19.4,32.5,-128.7,20.9,0.0,1.0,1.0,1.0,0.0,0.0,1.0,0.0,90.0,90.0,0
2025-04-11 15:53:25,26.64,6.05,3.1,0.7,7.8,0.0,0.0,0.0,0.0,0.0,28.0,43.0,19.4,32.5,-128.7,20.9,0.0,1.0,1.0,1.0,0.0,0.0,1.0,0.0,90.0,90.0,0
2025-04-11 15:53:26,26.61,6.04,3.2,0.7,7.2,0.0,0.0,0.0,0.0,0.0,28.0,43.0,19.4,32.5,-128.7,20.9,0.0,1.0,1.0,1.0,0.0,0.0,1.0,0.0,90.0,90.0,0
2025-04-11 15:53:27,26.61,6.04,3.1,0.7,7.7,0.0,0.0,0.0,0.0,0.0,28.0,43.0,19.4,32.5,-128.7,20.9,0.0,1.0,1.0,1.0,0.0,0.0,1.0,0.0,90.0,90.0,0
2025-04-11 15:53:28,26.64,6.059999,3.1,0.7,7.8,0.0,0.0,0.0,0.0,0.0,28.0,43.0,19.4,32.5,-128.7,20.8,0.0,1.0,1.0,1.0,0.0,0.0,1.0,0.0,90.0,90.0,0
2025-04-11 15:53:29,26.63,6.04,3.2,0.7,7.3,0.0,0.0,0.0,0.0,0.0,28.0,43.0,19.4,32.5,-128.7,20.9,0.0,1.0,1.0,1.0,0.0,0.0,1.0,0.0,90.0,90.0,0
2025-04-11 15:53:30,26.64,6.059999,3.1,0.7,7.2,0.0,0.0,0.0,0.0,0.0,28.0,43.0,19.4,32.6,-128.7,20.9,0.0,1.0,1.0,1.0,0.0,0.0,1.0,0.0,90.0,90.0,0
2025-04-11 15:53:31,26.63,6.05,3.2,0.7,7.099999,0.0,0.0,0.0,0.0,0.0,28.0,43.0,19.4,32.6,-128.7,21.0,0.0,1.0,1.0,1.0,0.0,0.0,1.0,0.0,90.0,90.0,0
2025-04-11 15:53:32,26.63,6.059999,3.2,0.7,7.2,0.0,0.0,0.0,0.0,0.0,28.0,42.9,19.4,32.6,-128.7,20.9,0.0,1.0,1.0,1.0,0.0,0.0,1.0,0.0,90.0,90.0,0
2025-04-11 15:53:33,26.64,6.05,3.2,0.7,7.8,0.0,0.0,0.0,0.0,0.0,28.0,42.9,19.4,32.6,-128.7,21.0,0.0,1.0,1.0,1.0,0.0,0.0,1.0,0.0,90.0,90.0,0
2025-04-11 15:53:34,26.65,6.059999,3.2,0.7,7.9,0.0,0.0,0.0,0.0,0.0,28.0,43.0,19.4,32.6,-128.7,21.0,0.0,1.0,1.0,1.0,0.0,0.0,1.0,0.0,90.0,90.0,0
2025-04-11 15:53:35,26.65,6.05,3.2,0.7,7.3,0.0,0.0,0.0,0.0,0.0,28.0,43.0,19.4,32.6,-128.7,21.0,0.0,1.0,1.0,1.0,0.0,0.0,1.0,0.0,90.0,90.0,0
2025-04-11 15:53:36,26.65,6.059999,3.2,0.7,7.5,0.0,0.0,0.0,0.0,0.0,28.0,43.0,19.4,32.6,-128.7,21.0,0.0,1.0,1.0,1.0,0.0,0.0,1.0,0.0,90.0,90.0,0
2025-04-11 15:53:37,26.64,6.05,3.2,0.7,7.5,0.0,0.0,0.0,0.0,0.0,28.0,43.0,19.4,32.6,-128.7,21.0,0.0,1.0,1.0,1.0,0.0,0.0,1.0,0.0,90.0,90.0,0
2025-04-11 15:53:38,26.65,6.04,3.1,0.7,7.2,0.0,0.0,0.0,0.0,0.0,28.0,42.9,19.4,32.6,-128.7,21.0,0.0,1.0,1.0,1.0,0.0,0.0,1.0,0.0,90.0,90.0,0
2025-04-11 15:53:39,26.65,6.05,3.2,0.7,7.099999,0.0,0.0,0.0,0.0,0.0,28.0,42.9,19.4,32.6,-128.7,20.9,0.0,1.0,1.0,1.0,0.0,0.0,1.0,0.0,90.0,90.0,0
2025-04-11 15:53:40,26.65,6.04,3.2,0.7,7.5,0.0,0.0,0.0,0.0,0.0,28.0,42.9,19.4,32.6,-128.7,21.0,0.0,1.0,1.0,1.0,0.0,0.0,1.0,0.0,90.0,90.0,0
2025-04-11 15:53:41,26.65,6.05,3.2,0.7,7.8,0.0,0.0,0.0,0.0,0.0,28.0,42.9,19.4,32.6,-128.7,21.0,0.0,1.0,1.0,1.0,0.0,0.0,1.0,0.0,90.0,90.0,0
2025-04-11 15:53:42,26.64,6.05,3.2,0.7,7.7,0.0,0.0,0.0,0.0,0.0,28.0,42.9,19.4,32.6,-128.7,21.0,0.0,1.0,1.0,1.0,0.0,0.0,1.0,0.0,90.0,90.0,0
2025-04-11 15:53:43,26.65,6.059999,3.2,0.7,7.599999,0.0,0.0,0.0,0.0,0.0,28.0,42.9,19.4,32.6,-128.7,21.0,0.0,1.0,1.0,1.0,0.0,0.0,1.0,0.0,90.0,90.0,0
2025-04-11 15:53:44,26.64,6.04,3.2,0.7,8.2,0.0,0.0,0.0,0.0,0.0,28.0,42.9,19.4,32.6,-128.7,21.0,0.0,1.0,1.0,1.0,0.0,0.0,1.0,0.0,90.0,90.0,0
2025-04-11 15:53:45,26.64,6.05,3.1,0.7,7.5,0.0,0.0,0.0,0.0,0.0,28.0,42.9,19.4,32.6,-128.7,21.0,0.0,1.0,1.0,1.0,0.0,0.0,1.0,0.0,90.0,90.0,0
2025-04-11 15:53:46,26.66,6.04,3.2,0.7,7.099999,0.0,0.0,0.0,0.0,0.0,28.0,42.9,19.4,32.6,-128.7,21.0,0.0,1.0,1.0,1.0,0.0,0.0,1.0,0.0,90.0,90.0,0
2025-04-11 15:53:47,26.67,6.04,3.1,0.7,8.099999,0.0,0.0,0.0,0.0,0.0,28.0,42.9,19.4,32.6,-128.7,21.0,0.0,1.0,1.0,1.0,0.0,0.0,1.0,0.0,90.0,90.0,0
2025-04-11 15:53:48,26.66,6.05,3.1,0.7,7.9,0.0,0.0,0.0,0.0,0.0,28.0,42.9,19.4,32.6,-128.7,21.0,0.0,1.0,1.0,1.0,0.0,0.0,1.0,0.0,90.0,90.0,0
2025-04-11 15:53:49,26.65,6.04,3.2,0.7,7.099999,0.0,0.0,0.0,0.0,0.0,28.0,42.9,19.4,32.6,-128.7,21.0,0.0,1.0,1.0,1.0,0.0,0.0,1.0,0.0,90.0,90.0,0
2025-04-11 15:53:50,26.65,6.04,3.1,0.7,7.7,0.0,0.0,0.0,0.0,0.0,28.0,42.9,19.4,32.6,-128.7,21.0,0.0,1.0,1.0,1.0,0.0,0.0,1.0,0.0,90.0,90.0,0
2025-04-11 15:53:51,26.69,6.04,3.2,0.7,7.5,0.0,0.0,0.0,0.0,0.0,28.0,42.9,19.4,32.6,-128.7,21.0,0.0,1.0,1.0,1.0,0.0,0.0,1.0,0.0,90.0,90.0,0
2025-04-11 15:53:52,26.67,6.05,3.2,0.7,7.5,0.0,0.0,0.0,0.0,0.0,28.0,42.9,19.4,32.6,-128.7,21.0,0.0,1.0,1.0,1.0,0.0,0.0,1.0,0.0,90.0,90.0,0
2025-04-11 15:53:53,26.66,6.04,3.2,0.7,7.0,0.0,0.0,0.0,0.0,0.0,28.0,42.9,19.3,32.6,-128.7,21.0,0.0,1.0,1.0,1.0,0.0,0.0,1.0,0.0,90.0,90.0,0
2025-04-11 15:53:54,26.65,6.05,3.1,0.7,7.7,0.0,0.0,0.0,0.0,0.0,28.0,42.9,19.3,32.6,-128.7,21.0,0.0,1.0,1.0,1.0,0.0,0.0,1.0,0.0,90.0,90.0,0
2025-04-11 15:53:55,26.67,6.03,3.1,0.7,7.4,0.0,0.0,0.0,0.0,0.0,28.0,42.9,19.3,32.6,-128.7,21.1,0.0,1.0,1.0,1.0,0.0,0.0,1.0,0.0,90.0,90.0,0
2025-04-11 15:53:56,26.64,6.05,3.2,0.7,7.7,0.0,0.0,0.0,0.0,0.0,28.0,42.9,19.3,32.6,-128.7,21.0,0.0,1.0,1.0,1.0,0.0,0.0,1.0,0.0,90.0,90.0,0
2025-04-11 15:53:57,26.64,6.04,3.2,0.7,7.5,0.0,0.0,0.0,0.0,0.0,28.0,42.9,19.3,32.6,-128.7,21.0,0.0,1.0,1.0,1.0,0.0,0.0,1.0,0.0,90.0,90.0,0
2025-04-11 15:53:58,26.66,6.04,3.1,0.7,7.9,0.0,0.0,0.0,0.0,0.0,28.0,42.9,19.3,32.6,-128.7,21.0,0.0,1.0,1.0,1.0,0.0,0.0,1.0,0.0,90.0,90.0,0
2025-04-11 15:53:59,26.65,6.04,3.1,0.7,7.2,0.0,0.0,0.0,0.0,0.0,28.0,42.9,19.3,32.6,-128.7,21.0,0.0,1.0,1.0,1.0,0.0,0.0,1.0,0.0,90.0,90.0,0
2025-04-11 15:54:00,26.66,6.04,3.1,0.7,7.0,0.0,0.0,0.0,0.0,0.0,28.0,43.0,19.3,32.6,-128.7,21.0,0.0,1.0,1.0,1.0,0.0,0.0,1.0,0.0,90.0,90.0,0
2025-04-11 15:54:01,26.64,6.04,3.2,0.7,8.2,0.0,0.0,0.0,0.0,0.0,28.0,43.0,19.3,32.6,-128.7,21.0,0.0,1.0,1.0,1.0,0.0,0.0,1.0,0.0,90.0,90.0,0
2025-04-11 15:54:02,26.64,6.04,3.2,0.7,7.599999,0.0,0.0,0.0,0.0,0.0,28.0,43.0,19.3,32.6,-128.7,21.1,0.0,1.0,1.0,1.0,0.0,0.0,1.0,0.0,90.0,90.0,0
2025-04-11 15:54:03,26.65,6.03,3.1,0.7,7.099999,0.0,0.0,0.0,0.0,0.0,28.0,43.0,19.3,32.6,-128.7,21.0,0.0,1.0,1.0,1.0,0.0,0.0,1.0,0.0,90.0,90.0,0
2025-04-11 15:54:04,26.64,6.03,3.2,0.7,7.2,0.0,0.0,0.0,0.0,0.0,28.0,43.0,19.3,32.6,-128.7,21.1,0.0,1.0,1.0,1.0,0.0,0.0,1.0,0.0,90.0,90.0,0
2025-04-11 15:54:05,26.64,6.04,3.1,0.7,7.7,0.0,0.0,0.0,0.0,0.0,28.0,43.0,19.3,32.6,-128.7,21.0,0.0,1.0,1.0,1.0,0.0,0.0,1.0,0.0,90.0,90.0,0
2025-04-11 15:54:06,26.64,6.02,3.1,0.7,7.7,0.0,0.0,0.0,0.0,0.0,28.0,43.0,19.3,32.6,-128.7,21.1,0.0,1.0,1.0,1.0,0.0,0.0,1.0,0.0,90.0,90.0,0
2025-04-11 15:54:07,26.6,6.03,3.1,0.7,7.5,0.0,0.0,0.0,0.0,0.0,28.0,43.0,19.3,32.6,-128.7,21.0,0.0,1.0,1.0,1.0,0.0,0.0,1.0,0.0,90.0,90.0,0
2025-04-11 15:54:08,26.61,6.02,3.1,0.7,7.8,0.0,0.0,0.0,0.0,0.0,28.0,43.0,19.2,32.6,-128.7,21.1,0.0,1.0,1.0,1.0,0.0,0.0,1.0,0.0,90.0,90.0,0
2025-04-11 15:54:09,26.61,6.04,3.1,0.7,7.4,0.0,0.0,0.0,0.0,0.0,28.0,43.0,19.2,32.6,-128.7,21.1,0.0,1.0,1.0,1.0,0.0,0.0,1.0,0.0,90.0,90.0,0
2025-04-11 15:54:10,26.61,6.02,3.1,0.7,7.5,0.0,0.0,0.0,0.0,0.0,28.0,43.0,19.2,32.6,-128.7,21.1,0.0,1.0,1.0,1.0,0.0,0.0,1.0,0.0,90.0,90.0,0
2025-04-11 15:54:11,26.63,6.04,3.1,0.7,7.5,0.0,0.0,0.0,0.0,0.0,28.0,43.0,19.2,32.6,-128.7,21.1,0.0,1.0,1.0,1.0,0.0,0.0,1.0,0.0,90.0,90.0,0
2025-04-11 15:54:12,26.63,6.02,3.2,0.7,7.7,0.0,0.0,0.0,0.0,0.0,28.0,43.0,19.2,32.6,-128.7,21.0,0.0,1.0,1.0,1.0,0.0,0.0,1.0,0.0,90.0,90.0,0
2025-04-11 15:54:13,26.63,6.02,3.1,0.7,7.7,0.0,0.0,0.0,0.0,0.0,28.0,43.0,19.2,32.6,-128.7,21.1,0.0,1.0,1.0,1.0,0.0,0.0,1.0,0.0,90.0,90.0,0
2025-04-11 15:54:14,26.6,6.02,3.2,0.7,7.7,0.0,0.0,0.0,0.0,0.0,28.0,43.0,19.2,32.6,-128.7,21.1,0.0,1.0,1.0,1.0,0.0,0.0,1.0,0.0,90.0,90.0,0
2025-04-11 15:54:15,26.61,6.02,3.1,0.7,8.0,0.0,0.0,0.0,0.0,0.0,28.0,43.0,19.2,32.6,-128.7,21.1,0.0,1.0,1.0,1.0,0.0,0.0,1.0,0.0,90.0,90.0,0
2025-04-11 15:54:16,26.63,6.03,3.1,0.7,7.099999,0.0,0.0,0.0,0.0,0.0,28.0,43.0,19.2,32.6,-128.7,21.0,0.0,1.0,1.0,1.0,0.0,0.0,1.0,0.0,90.0,90.0,0
2025-04-11 15:54:17,26.6,6.02,3.1,0.7,7.2,0.0,0.0,0.0,0.0,0.0,28.0,42.9,19.2,32.6,-128.7,21.1,0.0,1.0,1.0,1.0,0.0,0.0,1.0,0.0,90.0,90.0,0
2025-04-11 15:54:18,26.6,6.02,3.1,0.7,7.2,0.0,0.0,0.0,0.0,0.0,28.0,42.9,19.2,32.6,-128.7,21.1,0.0,1.0,1.0,1.0,0.0,0.0,1.0,0.0,90.0,90.0,0
2025-04-11 15:54:19,26.6,6.02,3.2,0.7,7.099999,0.0,0.0,0.0,0.0,0.0,28.0,42.9,19.2,32.6,-128.7,21.1,0.0,1.0,1.0,1.0,0.0,0.0,1.0,0.0,90.0,90.0,0
2025-04-11 15:54:20,26.6,6.01,3.2,0.7,7.4,0.0,0.0,0.0,0.0,0.0,28.0,42.9,19.2,32.6,-128.7,21.2,0.0,1.0,1.0,1.0,0.0,0.0,1.0,0.0,90.0,90.0,0
2025-04-11 15:54:21,26.6,6.02,3.1,0.7,7.7,0.0,0.0,0.0,0.0,0.0,28.0,42.9,19.2,32.6,-128.7,21.1,0.0,1.0,1.0,1.0,0.0,0.0,1.0,0.0,90.0,90.0,0
2025-04-11 15:54:22,26.58,6.0,3.1,0.7,7.2,0.0,0.0,0.0,0.0,0.0,28.0,42.9,19.2,32.6,-128.7,21.2,0.0,1.0,1.0,1.0,0.0,0.0,1.0,0.0,90.0,90.0,0
2025-04-11 15:54:23,26.58,6.02,3.1,0.7,7.099999,0.0,0.0,0.0,0.0,0.0,28.0,42.9,19.1,32.6,-128.7,21.2,0.0,1.0,1.0,1.0,0.0,0.0,1.0,0.0,90.0,90.0,0
2025-04-11 15:54:24,26.58,6.01,3.2,0.7,7.9,0.0,0.0,0.0,0.0,0.0,28.0,42.9,19.1,32.6,-128.7,21.2,0.0,1.0,1.0,1.0,0.0,0.0,1.0,0.0,90.0,90.0,0
2025-04-11 15:54:25,26.59,6.01,3.1,0.7,7.4,0.0,0.0,0.0,0.0,0.0,28.0,42.9,19.1,32.6,-128.7,21.2,0.0,1.0,1.0,1.0,0.0,0.0,1.0,0.0,90.0,90.0,0
2025-04-11 15:54:26,26.6,6.02,3.1,0.7,7.2,0.0,0.0,0.0,0.0,0.0,28.0,42.9,19.1,32.6,-128.7,21.2,0.0,1.0,1.0,1.0,0.0,0.0,1.0,0.0,90.0,90.0,0
2025-04-11 15:54:27,26.56,6.0,3.2,0.7,7.7,0.0,0.0,0.0,0.0,0.0,28.0,42.9,19.1,32.6,-128.7,21.2,0.0,1.0,1.0,1.0,0.0,0.0,1.0,0.0,90.0,90.0,0
2025-04-11 15:54:28,26.55,6.02,3.1,0.7,7.599999,0.0,0.0,0.0,0.0,0.0,28.0,42.9,19.1,32.6,-128.7,21.2,0.0,1.0,1.0,1.0,0.0,0.0,1.0,0.0,90.0,90.0,0
2025-04-11 15:54:29,26.56,6.0,3.1,0.7,7.9,0.0,0.0,0.0,0.0,0.0,28.0,42.9,19.1,32.6,-128.7,21.2,0.0,1.0,1.0,1.0,0.0,0.0,1.0,0.0,90.0,90.0,0
2025-04-11 15:54:30,26.56,6.01,3.2,0.7,7.2,0.0,0.0,0.0,0.0,0.0,28.0,42.9,19.1,32.6,-128.7,21.2,0.0,1.0,1.0,1.0,0.0,0.0,1.0,0.0,90.0,90.0,0
2025-04-11 15:54:31,26.58,6.0,3.1,0.7,7.4,0.0,0.0,0.0,0.0,0.0,28.0,42.9,19.1,32.6,-128.7,21.2,0.0,1.0,1.0,1.0,0.0,0.0,1.0,0.0,90.0,90.0,0
2025-04-11 15:54:32,26.56,6.0,3.2,0.7,7.4,0.0,0.0,0.0,0.0,0.0,28.0,42.9,19.1,32.6,-128.7,21.2,0.0,1.0,1.0,1.0,0.0,0.0,1.0,0.0,90.0,90.0,0
2025-04-11 15:54:33,26.55,6.0,3.1,0.7,7.5,0.0,0.0,0.0,0.0,0.0,28.0,42.9,19.1,32.6,-128.7,21.2,0.0,1.0,1.0,1.0,0.0,0.0,1.0,0.0,90.0,90.0,0
2025-04-11 15:54:34,26.55,5.99,3.1,0.7,7.5,0.0,0.0,0.0,0.0,0.0,28.0,42.9,19.1,32.6,-128.7,21.2,0.0,1.0,1.0,1.0,0.0,0.0,1.0,0.0,90.0,90.0,0
2025-04-11 15:54:35,26.59,6.0,3.2,0.7,7.7,0.0,0.0,0.0,0.0,0.0,28.0,42.9,19.1,32.6,-128.7,21.2,0.0,1.0,1.0,1.0,0.0,0.0,1.0,0.0,90.0,90.0,0
2025-04-11 15:54:36,26.55,6.0,3.1,0.7,7.9,0.0,0.0,0.0,0.0,0.0,28.0,42.9,19.1,32.6,-128.7,21.3,0.0,1.0,1.0,1.0,0.0,0.0,1.0,0.0,90.0,90.0,0
2025-04-11 15:54:37,26.53,5.99,3.2,0.7,7.099999,0.0,0.0,0.0,0.0,0.0,28.0,42.9,19.1,32.6,-128.7,21.3,0.0,1.0,1.0,1.0,0.0,0.0,1.0,0.0,90.0,90.0,0
2025-04-11 15:54:38,26.53,6.0,3.2,0.7,7.2,0.0,0.0,0.0,0.0,0.0,28.0,42.9,19.1,32.6,-128.7,21.3,0.0,1.0,1.0,1.0,0.0,0.0,1.0,0.0,90.0,90.0,0
2025-04-11 15:54:39,26.53,5.99,3.1,0.7,7.8,0.0,0.0,0.0,0.0,0.0,28.0,42.9,19.1,32.6,-128.7,21.3,0.0,1.0,1.0,1.0,0.0,0.0,1.0,0.0,90.0,90.0,0
2025-04-11 15:54:40,26.54,6.0,3.1,0.7,7.7,0.0,0.0,0.0,0.0,0.0,28.0,42.9,19.0,32.6,-128.7,21.3,0.0,1.0,1.0,1.0,0.0,0.0,1.0,0.0,90.0,90.0,0
2025-04-11 15:54:41,26.54,5.99,3.1,0.7,7.2,0.0,0.0,0.0,0.0,0.0,28.0,42.8,19.0,32.6,-128.7,21.2,0.0,1.0,1.0,1.0,0.0,0.0,1.0,0.0,90.0,90.0,0
2025-04-11 15:54:42,26.52,5.99,3.2,0.7,7.599999,0.0,0.0,0.0,0.0,0.0,28.0,42.8,19.0,32.6,-128.7,21.3,0.0,1.0,1.0,1.0,0.0,0.0,1.0,0.0,90.0,90.0,0
2025-04-11 15:54:43,26.52,5.99,3.2,0.7,8.0,0.0,0.0,0.0,0.0,0.0,28.0,42.8,19.0,32.6,-128.7,21.3,0.0,1.0,1.0,1.0,0.0,0.0,1.0,0.0,90.0,90.0,0
2025-04-11 15:54:44,26.5,5.98,3.2,0.7,7.099999,0.0,0.0,0.0,0.0,0.0,28.0,42.8,19.0,32.6,-128.7,21.3,0.0,1.0,1.0,1.0,0.0,0.0,1.0,0.0,90.0,90.0,0
2025-04-11 15:54:45,26.52,5.99,3.1,0.7,7.4,0.0,0.0,0.0,0.0,0.0,28.0,42.8,19.0,32.6,-128.7,21.3,0.0,1.0,1.0,1.0,0.0,0.0,1.0,0.0,90.0,90.0,0
2025-04-11 15:54:46,26.49,5.99,3.1,0.7,7.599999,0.0,0.0,0.0,0.0,0.0,28.0,42.8,19.0,32.6,-128.7,21.3,0.0,1.0,1.0,1.0,0.0,0.0,1.0,0.0,90.0,90.0,0
2025-04-11 15:54:47,26.5,5.97,3.1,0.7,7.3,0.0,0.0,0.0,0.0,0.0,28.0,42.8,19.0,32.6,-128.7,21.4,0.0,1.0,1.0,1.0,0.0,0.0,1.0,0.0,90.0,90.0,0
2025-04-11 15:54:48,26.49,5.98,3.1,0.7,7.4,0.0,0.0,0.0,0.0,0.0,28.0,42.8,19.0,32.6,-128.7,21.3,0.0,1.0,1.0,1.0,0.0,0.0,1.0,0.0,90.0,90.0,0
2025-04-11 15:54:49,26.5,5.98,3.1,0.7,7.8,0.0,0.0,0.0,0.0,0.0,28.0,42.8,19.0,32.6,-128.7,21.3,0.0,1.0,1.0,1.0,0.0,0.0,1.0,0.0,90.0,90.0,0
2025-04-11 15:54:50,26.48,5.99,3.2,0.7,7.7,0.0,0.0,0.0,0.0,0.0,28.0,42.8,19.0,32.6,-128.7,21.3,0.0,1.0,1.0,1.0,0.0,0.0,1.0,0.0,90.0,90.0,0
2025-04-11 15:54:51,26.45,5.97,3.2,0.7,7.2,0.0,0.0,0.0,0.0,0.0,28.0,42.8,19.0,32.6,-128.7,21.3,0.0,1.0,1.0,1.0,0.0,0.0,1.0,0.0,90.0,90.0,0
2025-04-11 15:54:52,26.47,5.98,3.1,0.7,7.2,0.0,0.0,0.0,0.0,0.0,28.0,42.8,19.0,32.6,-128.7,21.3,0.0,1.0,1.0,1.0,0.0,0.0,1.0,0.0,90.0,90.0,0
2025-04-11 15:54:53,26.48,5.98,3.1,0.7,7.0,0.0,0.0,0.0,0.0,0.0,28.0,42.8,19.0,32.6,-128.7,21.4,0.0,1.0,1.0,1.0,0.0,0.0,1.0,0.0,90.0,90.0,0
2025-04-11 15:54:54,26.47,5.97,3.1,0.7,7.7,0.0,0.0,0.0,0.0,0.0,28.0,42.8,19.0,32.6,-128.7,21.4,0.0,1.0,1.0,1.0,0.0,0.0,1.0,0.0,90.0,90.0,0
2025-04-11 15:54:55,26.45,5.99,3.2,0.7,8.2,0.0,0.0,0.0,0.0,0.0,28.0,42.8,19.0,32.6,-128.7,21.4,0.0,1.0,1.0,1.0,0.0,0.0,1.0,0.0,90.0,90.0,0
2025-04-11 15:54:56,26.43,5.97,3.1,0.7,7.4,0.0,0.0,0.0,0.0,0.0,28.0,42.7,19.0,32.6,-128.7,21.4,0.0,1.0,1.0,1.0,0.0,0.0,1.0,0.0,90.0,90.0,0
2025-04-11 15:54:57,26.45,5.97,3.1,0.7,7.2,0.0,0.0,0.0,0.0,0.0,28.0,42.7,18.9,32.6,-128.7,21.3,0.0,1.0,1.0,1.0,0.0,0.0,1.0,0.0,90.0,90.0,0
2025-04-11 15:54:58,26.44,5.97,3.1,0.7,6.9,0.0,0.0,0.0,0.0,0.0,28.0,42.7,18.9,32.6,-128.7,21.4,0.0,1.0,1.0,1.0,0.0,0.0,1.0,0.0,90.0,90.0,0
2025-04-11 15:54:59,26.43,5.97,3.2,0.7,7.5,0.0,0.0,0.0,0.0,0.0,28.0,42.7,18.9,32.6,-128.7,21.4,0.0,1.0,1.0,1.0,0.0,0.0,1.0,0.0,90.0,90.0,0
2025-04-11 15:55:00,26.45,5.99,3.1,0.7,7.599999,0.0,0.0,0.0,0.0,0.0,28.0,42.7,18.9,32.6,-128.7,21.4,0.0,1.0,1.0,1.0,0.0,0.0,1.0,0.0,90.0,90.0,0
2025-04-11 15:55:01,26.44,5.97,3.1,0.7,7.4,0.0,0.0,0.0,0.0,0.0,28.0,42.7,18.9,32.6,-128.7,21.4,0.0,1.0,1.0,1.0,0.0,0.0,1.0,0.0,90.0,90.0,0
2025-04-11 15:55:02,26.45,5.97,3.1,0.7,7.599999,0.0,0.0,0.0,0.0,0.0,28.0,42.7,18.9,32.6,-128.7,21.4,0.0,1.0,1.0,1.0,0.0,0.0,1.0,0.0,90.0,90.0,0
2025-04-11 15:55:03,26.44,5.98,3.1,0.7,7.7,0.0,0.0,0.0,0.0,0.0,28.0,42.7,18.9,32.6,-128.7,21.3,0.0,1.0,1.0,1.0,0.0,0.0,1.0,0.0,90.0,90.0,0
2025-04-11 15:55:04,26.43,5.97,3.1,0.7,7.3,0.0,0.0,0.0,0.0,0.0,28.0,42.7,18.9,32.6,-128.7,21.4,0.0,1.0,1.0,1.0,0.0,0.0,1.0,0.0,90.0,90.0,0
2025-04-11 15:55:05,26.44,5.98,3.1,0.7,7.099999,0.0,0.0,0.0,0.0,0.0,28.0,42.7,18.9,32.6,-128.7,21.3,0.0,1.0,1.0,1.0,0.0,0.0,1.0,0.0,90.0,90.0,0
2025-04-11 15:55:06,26.44,5.97,3.1,0.7,7.099999,0.0,0.0,0.0,0.0,0.0,28.0,42.7,18.9,32.6,-128.7,21.4,0.0,1.0,1.0,1.0,0.0,0.0,1.0,0.0,90.0,90.0,0
2025-04-11 15:55:07,26.44,5.97,3.1,0.7,7.7,0.0,0.0,0.0,0.0,0.0,28.0,42.7,18.9,32.6,-128.7,21.3,0.0,1.0,1.0,1.0,0.0,0.0,1.0,0.0,90.0,90.0,0
2025-04-11 15:55:08,26.43,5.97,3.1,0.7,7.7,0.0,0.0,0.0,0.0,0.0,28.0,42.7,18.9,32.6,-128.7,21.4,0.0,1.0,1.0,1.0,0.0,0.0,1.0,0.0,90.0,90.0,0
2025-04-11 15:55:09,26.42,5.97,3.1,0.7,7.0,0.0,0.0,0.0,0.0,0.0,28.0,42.7,18.9,32.6,-128.7,21.4,0.0,1.0,1.0,1.0,0.0,0.0,1.0,0.0,90.0,90.0,0
2025-04-11 15:55:10,26.41,5.98,3.1,0.7,7.099999,0.0,0.0,0.0,0.0,0.0,28.0,42.7,18.9,32.6,-128.7,21.3,0.0,1.0,1.0,1.0,0.0,0.0,1.0,0.0,90.0,90.0,0
2025-04-11 15:55:11,26.41,5.97,3.1,0.7,7.3,0.0,0.0,0.0,0.0,0.0,28.0,42.7,18.9,32.5,-128.7,21.3,0.0,1.0,1.0,1.0,0.0,0.0,1.0,0.0,90.0,90.0,0
2025-04-11 15:55:12,26.42,5.97,3.2,0.7,7.599999,0.0,0.0,0.0,0.0,0.0,28.0,42.7,18.9,32.5,-128.7,21.3,0.0,1.0,1.0,1.0,0.0,0.0,1.0,0.0,90.0,90.0,0
2025-04-11 15:55:13,26.41,5.97,3.1,0.7,7.4,0.0,0.0,0.0,0.0,0.0,28.0,42.6,18.9,32.5,-128.7,21.3,0.0,1.0,1.0,1.0,0.0,0.0,1.0,0.0,90.0,90.0,0
2025-04-11 15:55:14,26.39,5.96,3.1,0.7,7.5,0.0,0.0,0.0,0.0,0.0,28.0,42.6,18.9,32.5,-128.7,21.3,0.0,1.0,1.0,1.0,0.0,0.0,1.0,0.0,90.0,90.0,0
2025-04-11 15:55:15,26.41,5.98,3.1,0.7,7.599999,0.0,0.0,0.0,0.0,0.0,28.0,42.6,18.9,32.5,-128.7,21.3,0.0,1.0,1.0,1.0,0.0,0.0,1.0,0.0,90.0,90.0,0
2025-04-11 15:55:16,26.39,5.97,3.1,0.7,7.2,0.0,0.0,0.0,0.0,0.0,28.0,42.6,18.9,32.5,-128.7,21.3,0.0,1.0,1.0,1.0,0.0,0.0,1.0,0.0,90.0,90.0,0
2025-04-11 15:55:17,26.37,5.97,3.2,0.7,7.5,0.0,0.0,0.0,0.0,0.0,28.0,42.6,18.8,32.5,-128.7,21.2,0.0,1.0,1.0,1.0,0.0,0.0,1.0,0.0,90.0,90.0,0
2025-04-11 15:55:18,26.37,5.97,3.2,0.7,7.9,0.0,0.0,0.0,0.0,0.0,28.0,42.6,18.8,32.5,-128.7,21.3,0.0,1.0,1.0,1.0,0.0,0.0,1.0,0.0,90.0,90.0,0
2025-04-11 15:55:19,26.38,5.97,3.1,0.7,7.3,0.0,0.0,0.0,0.0,0.0,28.0,42.6,18.8,32.5,-128.7,21.3,0.0,1.0,1.0,1.0,0.0,0.0,1.0,0.0,90.0,90.0,0
2025-04-11 15:55:20,26.39,5.97,3.2,0.7,6.9,0.0,0.0,0.0,0.0,0.0,28.0,42.6,18.8,32.5,-128.7,21.3,0.0,1.0,1.0,1.0,0.0,0.0,1.0,0.0,90.0,90.0,0
2025-04-11 15:55:21,26.38,5.97,3.1,0.7,7.2,0.0,0.0,0.0,0.0,0.0,28.0,42.6,18.8,32.5,-128.7,21.3,0.0,1.0,1.0,1.0,0.0,0.0,1.0,0.0,90.0,90.0,0
2025-04-11 15:55:22,26.36,5.97,3.1,0.7,7.8,0.0,0.0,0.0,0.0,0.0,28.0,42.6,18.8,32.5,-128.7,21.3,0.0,1.0,1.0,1.0,0.0,0.0,1.0,0.0,90.0,90.0,0
2025-04-11 15:55:23,26.34,5.97,3.1,0.7,7.599999,0.0,0.0,0.0,0.0,0.0,28.0,42.6,18.8,32.5,-128.7,21.3,0.0,1.0,1.0,1.0,0.0,0.0,1.0,0.0,90.0,90.0,0
2025-04-11 15:55:24,26.36,5.96,3.1,0.7,7.3,0.0,0.0,0.0,0.0,0.0,28.0,42.6,18.8,32.5,-128.7,21.3,0.0,1.0,1.0,1.0,0.0,0.0,1.0,0.0,90.0,90.0,0
2025-04-11 15:55:25,26.36,5.97,3.1,0.7,7.5,0.0,0.0,0.0,0.0,0.0,28.0,42.6,18.8,32.5,-128.7,21.3,0.0,1.0,1.0,1.0,0.0,0.0,1.0,0.0,90.0,90.0,0
2025-04-11 15:55:26,26.33,5.97,3.2,0.7,7.099999,0.0,0.0,0.0,0.0,0.0,28.0,42.6,18.8,32.5,-128.7,21.3,0.0,1.0,1.0,1.0,0.0,0.0,1.0,0.0,90.0,90.0,0
2025-04-11 15:55:27,26.34,5.97,3.1,0.7,7.4,0.0,0.0,0.0,0.0,0.0,28.0,42.6,18.8,32.5,-128.7,21.3,0.0,1.0,1.0,1.0,0.0,0.0,1.0,0.0,90.0,90.0,0
2025-04-11 15:55:28,26.36,5.97,3.1,0.7,7.2,0.0,0.0,0.0,0.0,0.0,28.0,42.5,18.8,32.5,-128.7,21.3,0.0,1.0,1.0,1.0,0.0,0.0,1.0,0.0,90.0,90.0,0
2025-04-11 15:55:29,26.36,5.96,3.1,0.7,7.599999,0.0,0.0,0.0,0.0,0.0,28.0,42.5,18.8,32.5,-128.7,21.3,0.0,1.0,1.0,1.0,0.0,0.0,1.0,0.0,90.0,90.0,0
2025-04-11 15:55:30,26.33,5.97,3.1,0.7,8.0,0.0,0.0,0.0,0.0,0.0,28.0,42.5,18.8,32.5,-128.7,21.3,0.0,1.0,1.0,1.0,0.0,0.0,1.0,0.0,90.0,90.0,0
2025-04-11 15:55:31,26.31,5.96,3.2,0.7,7.7,0.0,0.0,0.0,0.0,0.0,28.0,42.5,18.8,32.5,-128.7,21.3,0.0,1.0,1.0,1.0,0.0,0.0,1.0,0.0,90.0,90.0,0
2025-04-11 15:55:32,26.31,5.96,3.1,0.7,7.9,0.0,0.0,0.0,0.0,0.0,28.0,42.5,18.8,32.5,-128.7,21.3,0.0,1.0,1.0,1.0,0.0,0.0,1.0,0.0,90.0,90.0,0
2025-04-11 15:55:33,26.32,5.96,3.2,0.7,6.8,0.0,0.0,0.0,0.0,0.0,28.0,42.5,18.8,32.5,-128.7,21.4,0.0,1.0,1.0,1.0,0.0,0.0,1.0,0.0,90.0,90.0,0
2025-04-11 15:55:34,26.33,5.96,3.1,0.7,7.4,0.0,0.0,0.0,0.0,0.0,28.0,42.5,18.8,32.5,-128.7,21.3,0.0,1.0,1.0,1.0,0.0,0.0,1.0,0.0,90.0,90.0,0
2025-04-11 15:55:35,26.32,5.96,3.1,0.7,7.5,0.0,0.0,0.0,0.0,0.0,28.0,42.5,18.8,32.5,-128.7,21.4,0.0,1.0,1.0,1.0,0.0,0.0,1.0,0.0,90.0,90.0,0
2025-04-11 15:55:36,26.31,5.95,3.1,0.7,8.0,0.0,0.0,0.0,0.0,0.0,28.0,42.5,18.7,32.5,-128.7,21.4,0.0,1.0,1.0,1.0,0.0,0.0,1.0,0.0,90.0,90.0,0
2025-04-11 15:55:37,26.32,5.96,3.1,0.7,7.3,0.0,0.0,0.0,0.0,0.0,28.0,42.5,18.7,32.5,-128.7,21.3,0.0,1.0,1.0,1.0,0.0,0.0,1.0,0.0,90.0,90.0,0
2025-04-11 15:55:38,26.31,5.96,3.1,0.7,7.8,0.0,0.0,0.0,0.0,0.0,28.0,42.5,18.7,32.5,-128.7,21.3,0.0,1.0,1.0,1.0,0.0,0.0,1.0,0.0,90.0,90.0,0
2025-04-11 15:55:39,26.3,5.95,3.2,0.7,7.7,0.0,0.0,0.0,0.0,0.0,28.0,42.5,18.7,32.5,-128.7,21.3,0.0,1.0,1.0,1.0,0.0,0.0,1.0,0.0,90.0,90.0,0
2025-04-11 15:55:40,26.3,5.97,3.1,0.7,7.099999,0.0,0.0,0.0,0.0,0.0,28.0,42.5,18.7,32.5,-128.7,21.3,0.0,1.0,1.0,1.0,0.0,0.0,1.0,0.0,90.0,90.0,0
2025-04-11 15:55:41,26.3,5.95,3.1,0.7,7.7,0.0,0.0,0.0,0.0,0.0,28.0,42.5,18.7,32.5,-128.7,21.4,0.0,1.0,1.0,1.0,0.0,0.0,1.0,0.0,90.0,90.0,0
2025-04-11 15:55:42,26.32,5.96,3.1,0.7,7.099999,0.0,0.0,0.0,0.0,0.0,28.0,42.5,18.7,32.5,-128.7,21.3,0.0,1.0,1.0,1.0,0.0,0.0,1.0,0.0,90.0,90.0,0
2025-04-11 15:55:43,26.31,5.97,3.1,0.7,7.3,0.0,0.0,0.0,0.0,0.0,28.0,42.5,18.7,32.5,-128.7,21.4,0.0,1.0,1.0,1.0,0.0,0.0,1.0,0.0,90.0,90.0,0
2025-04-11 15:55:44,26.28,5.94,3.1,0.7,7.4,0.0,0.0,0.0,0.0,0.0,28.0,42.5,18.7,32.5,-128.7,21.3,0.0,1.0,1.0,1.0,0.0,0.0,1.0,0.0,90.0,90.0,0
2025-04-11 15:55:45,26.27,5.96,3.1,0.7,7.599999,0.0,0.0,0.0,0.0,0.0,28.0,42.5,18.7,32.5,-128.7,21.4,0.0,1.0,1.0,1.0,0.0,0.0,1.0,0.0,90.0,90.0,0
2025-04-11 15:55:46,26.28,5.96,3.1,0.7,7.0,0.0,0.0,0.0,0.0,0.0,28.0,42.5,18.7,32.5,-128.7,21.3,0.0,1.0,1.0,1.0,0.0,0.0,1.0,0.0,90.0,90.0,0
2025-04-11 15:55:47,26.26,5.97,3.1,0.7,6.9,0.0,0.0,0.0,0.0,0.0,28.0,42.5,18.7,32.4,-128.7,21.2,0.0,1.0,1.0,1.0,0.0,0.0,1.0,0.0,90.0,90.0,0
2025-04-11 15:55:48,26.26,5.97,3.1,0.7,7.7,0.0,0.0,0.0,0.0,0.0,28.0,42.5,18.7,32.4,-128.7,21.3,0.0,1.0,1.0,1.0,0.0,0.0,1.0,0.0,90.0,90.0,0
2025-04-11 15:55:49,26.25,5.95,3.1,0.7,7.0,0.0,0.0,0.0,0.0,0.0,28.0,42.5,18.7,32.4,-128.7,21.2,0.0,1.0,1.0,1.0,0.0,0.0,1.0,0.0,90.0,90.0,0
2025-04-11 15:55:50,26.27,5.97,3.1,0.7,7.599999,0.0,0.0,0.0,0.0,0.0,28.0,42.5,18.7,32.4,-128.7,21.3,0.0,1.0,1.0,1.0,0.0,0.0,1.0,0.0,90.0,90.0,0
2025-04-11 15:55:51,26.25,5.95,3.1,0.7,6.9,0.0,0.0,0.0,0.0,0.0,28.0,42.5,18.7,32.4,-128.7,21.3,0.0,1.0,1.0,1.0,0.0,0.0,1.0,0.0,90.0,90.0,0
2025-04-11 15:55:52,26.26,5.96,3.1,0.7,7.599999,0.0,0.0,0.0,0.0,0.0,28.0,42.5,18.7,32.4,-128.7,21.2,0.0,1.0,1.0,1.0,0.0,0.0,1.0,0.0,90.0,90.0,0
2025-04-11 15:55:53,26.25,5.95,3.1,0.7,7.8,0.0,0.0,0.0,0.0,0.0,28.0,42.5,18.7,32.4,-128.7,21.3,0.0,1.0,1.0,1.0,0.0,0.0,1.0,0.0,90.0,90.0,0
2025-04-11 15:55:54,26.23,5.94,3.1,0.7,7.2,0.0,0.0,0.0,0.0,0.0,28.0,42.5,18.6,32.4,-128.7,21.2,0.0,1.0,1.0,1.0,0.0,0.0,1.0,0.0,90.0,90.0,0
2025-04-11 15:55:55,26.26,5.96,3.1,0.7,7.099999,0.0,0.0,0.0,0.0,0.0,28.0,42.5,18.6,32.4,-128.7,21.3,0.0,1.0,1.0,1.0,0.0,0.0,1.0,0.0,90.0,90.0,0
2025-04-11 15:55:56,26.23,5.95,3.1,0.7,7.599999,0.0,0.0,0.0,0.0,0.0,28.0,42.4,18.6,32.4,-128.7,21.2,0.0,1.0,1.0,1.0,0.0,0.0,1.0,0.0,90.0,90.0,0
2025-04-11 15:55:57,26.26,5.97,3.1,0.7,7.2,0.0,0.0,0.0,0.0,0.0,28.0,42.4,18.6,32.4,-128.7,21.2,0.0,1.0,1.0,1.0,0.0,0.0,1.0,0.0,90.0,90.0,0
2025-04-11 15:55:58,26.25,5.94,3.1,0.7,7.4,0.0,0.0,0.0,0.0,0.0,28.0,42.4,18.6,32.4,-128.7,21.3,0.0,1.0,1.0,1.0,0.0,0.0,1.0,0.0,90.0,90.0,0
2025-04-11 15:55:59,26.23,5.95,3.1,0.7,7.4,0.0,0.0,0.0,0.0,0.0,28.0,42.4,18.6,32.4,-128.7,21.3,0.0,1.0,1.0,1.0,0.0,0.0,1.0,0.0,90.0,90.0,0
2025-04-11 15:56:00,26.22,5.96,3.1,0.7,7.4,0.0,0.0,0.0,0.0,0.0,28.0,42.4,18.6,32.4,-128.7,21.3,0.0,1.0,1.0,1.0,0.0,0.0,1.0,0.0,90.0,90.0,0
2025-04-11 15:56:01,26.23,5.94,3.1,0.7,7.599999,0.0,0.0,0.0,0.0,0.0,28.0,42.4,18.6,32.4,-128.7,21.2,0.0,1.0,1.0,1.0,0.0,0.0,1.0,0.0,90.0,90.0,0
2025-04-11 15:56:02,26.23,5.96,3.1,0.7,7.5,0.0,0.0,0.0,0.0,0.0,28.0,42.4,18.6,32.4,-128.7,21.2,0.0,1.0,1.0,1.0,0.0,0.0,1.0,0.0,90.0,90.0,0
2025-04-11 15:56:03,26.22,5.95,3.1,0.7,6.9,0.0,0.0,0.0,0.0,0.0,28.0,42.4,18.6,32.4,-128.7,21.3,0.0,1.0,1.0,1.0,0.0,0.0,1.0,0.0,90.0,90.0,0
2025-04-11 15:56:04,26.21,5.96,3.1,0.7,7.599999,0.0,0.0,0.0,0.0,0.0,28.0,42.4,18.6,32.4,-128.7,21.3,0.0,1.0,1.0,1.0,0.0,0.0,1.0,0.0,90.0,90.0,0
2025-04-11 15:56:05,26.22,5.96,3.1,0.7,7.5,0.0,0.0,0.0,0.0,0.0,28.0,42.4,18.6,32.4,-128.7,21.3,0.0,1.0,1.0,1.0,0.0,0.0,1.0,0.0,90.0,90.0,0
2025-04-11 15:56:06,26.2,5.95,3.1,0.7,7.4,0.0,0.0,0.0,0.0,0.0,28.0,42.4,18.6,32.4,-128.7,21.3,0.0,1.0,1.0,1.0,0.0,0.0,1.0,0.0,90.0,90.0,0
2025-04-11 15:56:07,26.19,5.95,3.1,0.7,7.599999,0.0,0.0,0.0,0.0,0.0,28.0,42.4,18.6,32.4,-128.7,21.3,0.0,1.0,1.0,1.0,0.0,0.0,1.0,0.0,90.0,90.0,0
2025-04-11 15:56:08,26.19,5.95,3.1,0.7,7.9,0.0,0.0,0.0,0.0,0.0,28.0,42.4,18.6,32.4,-128.7,21.3,0.0,1.0,1.0,1.0,0.0,0.0,1.0,0.0,90.0,90.0,0
2025-04-11 15:56:09,26.2,5.94,3.1,0.7,7.599999,0.0,0.0,0.0,0.0,0.0,28.0,42.3,18.6,32.4,-128.7,21.3,0.0,1.0,1.0,1.0,0.0,0.0,1.0,0.0,90.0,90.0,0
2025-04-11 15:56:10,26.19,5.96,3.1,0.7,7.4,0.0,0.0,0.0,0.0,0.0,28.0,42.3,18.6,32.4,-128.7,21.3,0.0,1.0,1.0,1.0,0.0,0.0,1.0,0.0,90.0,90.0,0
2025-04-11 15:56:11,26.19,5.94,3.1,0.7,7.5,0.0,0.0,0.0,0.0,0.0,28.0,42.3,18.5,32.4,-128.7,21.3,0.0,1.0,1.0,1.0,0.0,0.0,1.0,0.0,90.0,90.0,0
2025-04-11 15:56:12,26.2,5.94,3.1,0.7,7.8,0.0,0.0,0.0,0.0,0.0,28.0,42.3,18.5,32.4,-128.7,21.3,0.0,1.0,1.0,1.0,0.0,0.0,1.0,0.0,90.0,90.0,0
2025-04-11 15:56:13,26.19,5.95,3.1,0.7,7.2,0.0,0.0,0.0,0.0,0.0,28.0,42.3,18.5,32.4,-128.7,21.3,0.0,1.0,1.0,1.0,0.0,0.0,1.0,0.0,90.0,90.0,0
2025-04-11 15:56:14,26.19,5.94,3.1,0.7,7.3,0.0,0.0,0.0,0.0,0.0,28.0,42.3,18.5,32.4,-128.7,21.3,0.0,1.0,1.0,1.0,0.0,0.0,1.0,0.0,90.0,90.0,0
2025-04-11 15:56:15,26.17,5.95,3.1,0.7,8.0,0.0,0.0,0.0,0.0,0.0,28.0,42.3,18.5,32.4,-128.7,21.3,0.0,1.0,1.0,1.0,0.0,0.0,1.0,0.0,90.0,90.0,0
2025-04-11 15:56:16,26.14,5.94,3.1,0.7,7.2,0.0,0.0,0.0,0.0,0.0,28.0,42.3,18.5,32.4,-128.7,21.3,0.0,1.0,1.0,1.0,0.0,0.0,1.0,0.0,90.0,90.0,0
2025-04-11 15:56:17,26.14,5.94,3.1,0.7,7.599999,0.0,0.0,0.0,0.0,0.0,28.0,42.3,18.5,32.4,-128.7,21.2,0.0,1.0,1.0,1.0,0.0,0.0,1.0,0.0,90.0,90.0,0
2025-04-11 15:56:18,26.15,5.94,3.1,0.7,7.8,0.0,0.0,0.0,0.0,0.0,28.0,42.3,18.5,32.4,-128.7,21.3,0.0,1.0,1.0,1.0,0.0,0.0,1.0,0.0,90.0,90.0,0
2025-04-11 15:56:19,26.14,5.94,3.1,0.7,7.599999,0.0,0.0,0.0,0.0,0.0,28.0,42.3,18.5,32.4,-128.7,21.3,0.0,1.0,1.0,1.0,0.0,0.0,1.0,0.0,90.0,90.0,0
2025-04-11 15:56:20,26.14,5.95,3.1,0.7,8.0,0.0,0.0,0.0,0.0,0.0,28.0,42.3,18.5,32.4,-128.7,21.3,0.0,1.0,1.0,1.0,0.0,0.0,1.0,0.0,90.0,90.0,0
2025-04-11 15:56:21,26.14,5.94,3.1,0.7,7.7,0.0,0.0,0.0,0.0,0.0,28.0,42.3,18.5,32.4,-128.7,21.3,0.0,1.0,1.0,1.0,0.0,0.0,1.0,0.0,90.0,90.0,0
2025-04-11 15:56:22,26.15,5.94,3.1,0.7,7.2,0.0,0.0,0.0,0.0,0.0,28.0,42.3,18.5,32.4,-128.7,21.3,0.0,1.0,1.0,1.0,0.0,0.0,1.0,0.0,90.0,90.0,0
2025-04-11 15:56:23,26.15,5.94,3.1,0.7,7.0,0.0,0.0,0.0,0.0,0.0,28.0,42.3,18.5,32.4,-128.7,21.3,0.0,1.0,1.0,1.0,0.0,0.0,1.0,0.0,90.0,90.0,0
2025-04-11 15:56:24,26.14,5.94,3.1,0.7,7.4,0.0,0.0,0.0,0.0,0.0,28.0,42.3,18.5,32.4,-128.7,21.3,0.0,1.0,1.0,1.0,0.0,0.0,1.0,0.0,90.0,90.0,0
2025-04-11 15:56:25,26.12,5.94,3.1,0.7,7.8,0.0,0.0,0.0,0.0,0.0,28.0,42.3,18.5,32.4,-128.7,21.2,0.0,1.0,1.0,1.0,0.0,0.0,1.0,0.0,90.0,90.0,0
2025-04-11 15:56:26,26.11,5.94,3.1,0.7,7.599999,0.0,0.0,0.0,0.0,0.0,28.0,42.3,18.5,32.3,-128.7,21.2,0.0,1.0,1.0,1.0,0.0,0.0,1.0,0.0,90.0,90.0,0
2025-04-11 15:56:27,26.14,5.95,3.1,0.7,7.7,0.0,0.0,0.0,0.0,0.0,28.0,42.3,18.5,32.3,-128.7,21.2,0.0,1.0,1.0,1.0,0.0,0.0,1.0,0.0,90.0,90.0,0
2025-04-11 15:56:28,26.14,5.94,3.1,0.7,7.3,0.0,0.0,0.0,0.0,0.0,28.0,42.3,18.5,32.3,-128.7,21.2,0.0,1.0,1.0,1.0,0.0,0.0,1.0,0.0,90.0,90.0,0
2025-04-11 15:56:29,26.14,5.94,3.1,0.7,7.5,0.0,0.0,0.0,0.0,0.0,28.0,42.3,18.5,32.3,-128.7,21.2,0.0,1.0,1.0,1.0,0.0,0.0,1.0,0.0,90.0,90.0,0
2025-04-11 15:56:30,26.14,5.94,3.1,0.7,7.5,0.0,0.0,0.0,0.0,0.0,28.0,42.3,18.5,32.3,-128.7,21.2,0.0,1.0,1.0,1.0,0.0,0.0,1.0,0.0,90.0,90.0,0
2025-04-11 15:56:31,26.1,5.94,3.1,0.7,7.8,0.0,0.0,0.0,0.0,0.0,28.0,42.3,18.5,32.3,-128.7,21.2,0.0,1.0,1.0,1.0,0.0,0.0,1.0,0.0,90.0,90.0,0
2025-04-11 15:56:32,26.12,5.95,3.1,0.7,7.099999,0.0,0.0,0.0,0.0,0.0,28.0,42.3,18.5,32.3,-128.7,21.2,0.0,1.0,1.0,1.0,0.0,0.0,1.0,0.0,90.0,90.0,0
2025-04-11 15:56:33,26.12,5.94,3.1,0.7,7.4,0.0,0.0,0.0,0.0,0.0,28.0,42.3,18.5,32.3,-128.7,21.2,0.0,1.0,1.0,1.0,0.0,0.0,1.0,0.0,90.0,90.0,0
2025-04-11 15:56:34,26.1,5.95,3.1,0.7,7.4,0.0,0.0,0.0,0.0,0.0,28.0,42.3,18.5,32.3,-128.7,21.2,0.0,1.0,1.0,1.0,0.0,0.0,1.0,0.0,90.0,90.0,0
2025-04-11 15:56:35,26.11,5.94,3.1,0.7,7.5,0.0,0.0,0.0,0.0,0.0,28.0,42.3,18.5,32.3,-128.7,21.2,0.0,1.0,1.0,1.0,0.0,0.0,1.0,0.0,90.0,90.0,0
2025-04-11 15:56:36,26.12,5.94,3.1,0.7,7.5,0.0,0.0,0.0,0.0,0.0,28.0,42.3,18.5,32.3,-128.7,21.2,0.0,1.0,1.0,1.0,0.0,0.0,1.0,0.0,90.0,90.0,0
2025-04-11 15:56:37,26.12,5.94,3.1,0.7,7.5,0.0,0.0,0.0,0.0,0.0,28.0,42.3,18.5,32.3,-128.7,21.2,0.0,1.0,1.0,1.0,0.0,0.0,1.0,0.0,90.0,90.0,0
2025-04-11 15:56:38,26.12,5.94,3.1,0.7,7.7,0.0,0.0,0.0,0.0,0.0,28.0,42.3,18.5,32.3,-128.7,21.2,0.0,1.0,1.0,1.0,0.0,0.0,1.0,0.0,90.0,90.0,0
2025-04-11 15:56:39,26.11,5.96,3.1,0.7,7.9,0.0,0.0,0.0,0.0,0.0,28.0,42.3,18.5,32.3,-128.7,21.2,0.0,1.0,1.0,1.0,0.0,0.0,1.0,0.0,90.0,90.0,0
2025-04-11 15:56:40,26.11,5.95,3.1,0.7,7.7,0.0,0.0,0.0,0.0,0.0,28.0,42.3,18.5,32.3,-128.7,21.2,0.0,1.0,1.0,1.0,0.0,0.0,1.0,0.0,90.0,90.0,0
2025-04-11 15:56:41,26.14,5.94,3.1,0.7,7.2,0.0,0.0,0.0,0.0,0.0,28.0,42.3,18.5,32.3,-128.7,21.2,0.0,1.0,1.0,1.0,0.0,0.0,1.0,0.0,90.0,90.0,0
2025-04-11 15:56:42,26.14,5.94,3.1,0.7,7.4,0.0,0.0,0.0,0.0,0.0,28.0,42.3,18.5,32.3,-128.7,21.2,0.0,1.0,1.0,1.0,0.0,0.0,1.0,0.0,90.0,90.0,0
2025-04-11 15:56:43,26.14,5.94,3.1,0.7,7.4,0.0,0.0,0.0,0.0,0.0,28.0,42.3,18.5,32.3,-128.7,21.2,0.0,1.0,1.0,1.0,0.0,0.0,1.0,0.0,90.0,90.0,0
2025-04-11 15:56:44,26.14,5.95,3.1,0.7,7.3,0.0,0.0,0.0,0.0,0.0,28.0,42.3,18.5,32.3,-128.7,21.2,0.0,1.0,1.0,1.0,0.0,0.0,1.0,0.0,90.0,90.0,0
2025-04-11 15:56:45,26.14,5.95,3.1,0.7,7.3,0.0,0.0,0.0,0.0,0.0,28.0,42.3,18.5,32.3,-128.7,21.1,0.0,1.0,1.0,1.0,0.0,0.0,1.0,0.0,90.0,90.0,0
2025-04-11 15:56:46,26.12,5.96,3.1,0.7,7.599999,0.0,0.0,0.0,0.0,0.0,28.0,42.3,18.5,32.3,-128.7,21.2,0.0,1.0,1.0,1.0,0.0,0.0,1.0,0.0,90.0,90.0,0
2025-04-11 15:56:47,26.1,5.94,3.1,0.7,7.4,0.0,0.0,0.0,0.0,0.0,28.0,42.3,18.5,32.3,-128.7,21.2,0.0,1.0,1.0,1.0,0.0,0.0,1.0,0.0,90.0,90.0,0
2025-04-11 15:56:48,26.11,5.95,3.1,0.7,7.2,0.0,0.0,0.0,0.0,0.0,28.0,42.3,18.5,32.3,-128.7,21.2,0.0,1.0,1.0,1.0,0.0,0.0,1.0,0.0,90.0,90.0,0
2025-04-11 15:56:49,26.11,5.95,3.1,0.7,7.2,0.0,0.0,0.0,0.0,0.0,28.0,42.3,18.5,32.3,-128.7,21.2,0.0,1.0,1.0,1.0,0.0,0.0,1.0,0.0,90.0,90.0,0
2025-04-11 15:56:50,26.1,5.95,3.1,0.7,8.0,0.0,0.0,0.0,0.0,0.0,28.0,42.3,18.5,32.3,-128.7,21.2,0.0,1.0,1.0,1.0,0.0,0.0,1.0,0.0,90.0,90.0,0
2025-04-11 15:56:51,26.1,5.95,3.1,0.7,8.0,0.0,0.0,0.0,0.0,0.0,28.0,42.3,18.5,32.3,-128.7,21.2,0.0,1.0,1.0,1.0,0.0,0.0,1.0,0.0,90.0,90.0,0
2025-04-11 15:56:52,26.12,5.96,3.1,0.7,7.0,0.0,0.0,0.0,0.0,0.0,28.0,42.3,18.5,32.3,-128.7,21.1,0.0,1.0,1.0,1.0,0.0,0.0,1.0,0.0,90.0,90.0,0
2025-04-11 15:56:53,26.12,5.96,3.1,0.7,7.0,0.0,0.0,0.0,0.0,0.0,28.0,42.3,18.5,32.3,-128.7,21.2,0.0,1.0,1.0,1.0,0.0,0.0,1.0,0.0,90.0,90.0,0
2025-04-11 15:56:54,26.09,5.96,3.1,0.7,7.0,0.0,0.0,0.0,0.0,0.0,28.0,42.3,18.5,32.3,-128.7,21.1,0.0,1.0,1.0,1.0,0.0,0.0,1.0,0.0,90.0,90.0,0
2025-04-11 15:56:55,26.09,5.96,3.1,0.7,7.0,0.0,0.0,0.0,0.0,0.0,28.0,42.3,18.5,32.3,-128.7,21.2,0.0,1.0,1.0,1.0,0.0,0.0,1.0,0.0,90.0,90.0,0
2025-04-11 15:56:56,26.11,5.94,3.1,0.7,7.0,0.0,0.0,0.0,0.0,0.0,28.0,42.3,18.5,32.3,-128.7,21.2,0.0,1.0,1.0,1.0,0.0,0.0,1.0,0.0,90.0,90.0,0
2025-04-11 15:56:57,26.11,5.95,3.1,0.7,6.9,0.0,0.0,0.0,0.0,0.0,28.0,42.3,18.5,32.3,-128.7,21.2,0.0,1.0,1.0,1.0,0.0,0.0,1.0,0.0,90.0,90.0,0
2025-04-11 15:56:58,26.11,5.94,3.1,0.7,8.099999,0.0,0.0,0.0,0.0,0.0,28.0,42.3,18.5,32.3,-128.7,21.2,0.0,1.0,1.0,1.0,0.0,0.0,1.0,0.0,90.0,90.0,0
2025-04-11 15:56:59,26.09,5.97,3.1,0.7,7.599999,0.0,0.0,0.0,0.0,0.0,28.0,42.2,18.5,32.3,-128.7,21.1,0.0,1.0,1.0,1.0,0.0,0.0,1.0,0.0,90.0,90.0,0
2025-04-11 15:57:00,26.09,5.97,3.1,0.7,7.599999,0.0,0.0,0.0,0.0,0.0,28.0,42.2,18.5,32.3,-128.7,21.2,0.0,1.0,1.0,1.0,0.0,0.0,1.0,0.0,90.0,90.0,0
2025-04-11 15:57:01,26.12,5.95,3.1,0.7,7.5,0.0,0.0,0.0,0.0,0.0,28.0,42.2,18.5,32.3,-128.7,21.2,0.0,1.0,1.0,1.0,0.0,0.0,1.0,0.0,90.0,90.0,0
2025-04-11 15:57:02,26.12,5.95,3.1,0.7,7.5,0.0,0.0,0.0,0.0,0.0,28.0,42.2,18.5,32.3,-128.7,21.1,0.0,1.0,1.0,1.0,0.0,0.0,1.0,0.0,90.0,90.0,0
2025-04-11 15:57:03,26.09,5.94,3.1,0.7,7.2,0.0,0.0,0.0,0.0,0.0,28.0,42.2,18.5,32.3,-128.7,21.2,0.0,1.0,1.0,1.0,0.0,0.0,1.0,0.0,90.0,90.0,0
2025-04-11 15:57:04,26.08,5.96,3.1,0.7,7.599999,0.0,0.0,0.0,0.0,0.0,28.0,42.2,18.5,32.3,-128.7,21.1,0.0,1.0,1.0,1.0,0.0,0.0,1.0,0.0,90.0,90.0,0
2025-04-11 15:57:05,26.08,5.95,3.1,0.7,8.0,0.0,0.0,0.0,0.0,0.0,28.0,42.2,18.5,32.3,-128.7,21.2,0.0,1.0,1.0,1.0,0.0,0.0,1.0,0.0,90.0,90.0,0
2025-04-11 15:57:06,26.1,5.95,3.1,0.7,7.599999,0.0,0.0,0.0,0.0,0.0,28.0,42.2,18.5,32.3,-128.7,21.2,0.0,1.0,1.0,1.0,0.0,0.0,1.0,0.0,90.0,90.0,0
2025-04-11 15:57:07,26.11,5.95,3.1,0.7,7.599999,0.0,0.0,0.0,0.0,0.0,28.0,42.2,18.5,32.3,-128.7,21.1,0.0,1.0,1.0,1.0,0.0,0.0,1.0,0.0,90.0,90.0,0
2025-04-11 15:57:08,26.09,5.95,3.1,0.7,7.599999,0.0,0.0,0.0,0.0,0.0,28.0,42.2,18.5,32.3,-128.7,21.2,0.0,1.0,1.0,1.0,0.0,0.0,1.0,0.0,90.0,90.0,0
2025-04-11 15:57:09,26.08,5.96,3.1,0.7,7.099999,0.0,0.0,0.0,0.0,0.0,28.0,42.2,18.5,32.3,-128.7,21.1,0.0,1.0,1.0,1.0,0.0,0.0,1.0,0.0,90.0,90.0,0
2025-04-11 15:57:10,26.09,5.94,3.1,0.7,7.599999,0.0,0.0,0.0,0.0,0.0,28.0,42.2,18.5,32.3,-128.7,21.2,0.0,1.0,1.0,1.0,0.0,0.0,1.0,0.0,90.0,90.0,0
2025-04-11 15:57:11,26.09,5.96,3.1,0.7,7.099999,0.0,0.0,0.0,0.0,0.0,28.0,42.2,18.5,32.3,-128.7,21.2,0.0,1.0,1.0,1.0,0.0,0.0,1.0,0.0,90.0,90.0,0
2025-04-11 15:57:12,26.09,5.96,3.1,0.7,7.099999,0.0,0.0,0.0,0.0,0.0,28.0,42.2,18.5,32.3,-128.7,21.2,0.0,1.0,1.0,1.0,0.0,0.0,1.0,0.0,90.0,90.0,0
2025-04-11 15:57:13,26.09,5.94,3.1,0.7,7.4,0.0,0.0,0.0,0.0,0.0,28.0,42.2,18.5,32.3,-128.7,21.2,0.0,1.0,1.0,1.0,0.0,0.0,1.0,0.0,90.0,90.0,0
2025-04-11 15:57:14,26.08,5.94,3.0,0.7,7.0,0.0,0.0,0.0,0.0,0.0,28.0,42.2,18.5,32.3,-128.7,21.1,0.0,1.0,1.0,1.0,0.0,0.0,1.0,0.0,90.0,90.0,0
2025-04-11 15:57:15,26.09,5.95,3.1,0.7,7.5,0.0,0.0,0.0,0.0,0.0,28.0,42.2,18.5,32.3,-128.7,21.2,0.0,1.0,1.0,1.0,0.0,0.0,1.0,0.0,90.0,90.0,0
2025-04-11 15:57:16,26.08,5.96,3.1,0.7,7.4,0.0,0.0,0.0,0.0,0.0,28.0,42.2,18.5,32.3,-128.7,21.1,0.0,1.0,1.0,1.0,0.0,0.0,1.0,0.0,90.0,90.0,0
2025-04-11 15:57:17,26.08,5.95,3.0,0.7,7.4,0.0,0.0,0.0,0.0,0.0,28.0,42.2,18.5,32.3,-128.7,21.1,0.0,1.0,1.0,1.0,0.0,0.0,1.0,0.0,90.0,90.0,0
2025-04-11 15:57:18,26.08,5.96,3.1,0.7,7.3,0.0,0.0,0.0,0.0,0.0,28.0,42.2,18.6,32.3,-128.7,21.1,0.0,1.0,1.0,1.0,0.0,0.0,1.0,0.0,90.0,90.0,0
2025-04-11 15:57:19,26.06,5.96,3.1,0.7,7.9,0.0,0.0,0.0,0.0,0.0,28.0,42.2,18.6,32.3,-128.7,21.1,0.0,1.0,1.0,1.0,0.0,0.0,1.0,0.0,90.0,90.0,0
2025-04-11 15:57:20,26.08,5.96,3.1,0.7,7.599999,0.0,0.0,0.0,0.0,0.0,28.0,42.2,18.6,32.3,-128.7,21.1,0.0,1.0,1.0,1.0,0.0,0.0,1.0,0.0,90.0,90.0,0
2025-04-11 15:57:21,26.08,5.97,3.1,0.7,7.099999,0.0,0.0,0.0,0.0,0.0,28.0,42.2,18.6,32.3,-128.7,21.1,0.0,1.0,1.0,1.0,0.0,0.0,1.0,0.0,90.0,90.0,0
2025-04-11 15:57:22,26.09,5.96,3.1,0.7,7.3,0.0,0.0,0.0,0.0,0.0,28.0,42.2,18.6,32.3,-128.7,21.2,0.0,1.0,1.0,1.0,0.0,0.0,1.0,0.0,90.0,90.0,0
2025-04-11 15:57:23,26.09,5.97,3.1,0.7,7.3,0.0,0.0,0.0,0.0,0.0,28.0,42.2,18.6,32.3,-128.7,21.1,0.0,1.0,1.0,1.0,0.0,0.0,1.0,0.0,90.0,90.0,0
2025-04-11 15:57:24,26.08,5.95,3.1,0.7,7.5,0.0,0.0,0.0,0.0,0.0,28.0,42.1,18.6,32.3,-128.7,21.1,0.0,1.0,1.0,1.0,0.0,0.0,1.0,0.0,90.0,90.0,0
2025-04-11 15:57:25,26.1,5.97,3.1,0.7,7.5,0.0,0.0,0.0,0.0,0.0,28.0,42.1,18.6,32.3,-128.7,21.2,0.0,1.0,1.0,1.0,0.0,0.0,1.0,0.0,90.0,90.0,0
2025-04-11 15:57:26,26.1,5.97,3.1,0.7,7.5,0.0,0.0,0.0,0.0,0.0,28.0,42.1,18.6,32.3,-128.7,21.1,0.0,1.0,1.0,1.0,0.0,0.0,1.0,0.0,90.0,90.0,0
2025-04-11 15:57:27,26.05,5.95,3.1,0.7,7.8,0.0,0.0,0.0,0.0,0.0,28.0,42.1,18.6,32.3,-128.7,21.1,0.0,1.0,1.0,1.0,0.0,0.0,1.0,0.0,90.0,90.0,0
2025-04-11 15:57:28,26.05,5.97,3.1,0.7,7.4,0.0,0.0,0.0,0.0,0.0,28.0,42.1,18.6,32.3,-128.7,21.1,0.0,1.0,1.0,1.0,0.0,0.0,1.0,0.0,90.0,90.0,0
2025-04-11 15:57:29,26.05,5.96,3.1,0.7,7.099999,0.0,0.0,0.0,0.0,0.0,28.0,42.1,18.6,32.3,-128.7,21.1,0.0,1.0,1.0,1.0,0.0,0.0,1.0,0.0,90.0,90.0,0
2025-04-11 15:57:30,26.09,5.97,3.1,0.7,7.599999,0.0,0.0,0.0,0.0,0.0,28.0,42.1,18.6,32.3,-128.7,21.1,0.0,1.0,1.0,1.0,0.0,0.0,1.0,0.0,90.0,90.0,0
2025-04-11 15:57:31,26.08,5.97,3.1,0.7,7.099999,0.0,0.0,0.0,0.0,0.0,28.0,42.1,18.6,32.3,-128.7,21.1,0.0,1.0,1.0,1.0,0.0,0.0,1.0,0.0,90.0,90.0,0
2025-04-11 15:57:32,26.06,5.97,3.1,0.7,7.0,0.0,0.0,0.0,0.0,0.0,28.0,42.1,18.6,32.3,-128.7,21.1,0.0,1.0,1.0,1.0,0.0,0.0,1.0,0.0,90.0,90.0,0
2025-04-11 15:57:33,26.06,5.97,3.1,0.7,7.0,0.0,0.0,0.0,0.0,0.0,28.0,42.1,18.6,32.3,-128.7,21.1,0.0,1.0,1.0,1.0,0.0,0.0,1.0,0.0,90.0,90.0,0
2025-04-11 15:57:34,26.08,5.97,3.1,0.7,7.2,0.0,0.0,0.0,0.0,0.0,28.0,42.1,18.6,32.3,-128.7,21.1,0.0,1.0,1.0,1.0,0.0,0.0,1.0,0.0,90.0,90.0,0
2025-04-11 15:57:35,26.08,5.97,3.0,0.7,7.2,0.0,0.0,0.0,0.0,0.0,28.0,42.1,18.6,32.3,-128.7,21.1,0.0,1.0,1.0,1.0,0.0,0.0,1.0,0.0,90.0,90.0,0
2025-04-11 15:57:36,26.08,5.96,3.1,0.7,8.2,0.0,0.0,0.0,0.0,0.0,28.0,42.1,18.6,32.3,-128.7,21.1,0.0,1.0,1.0,1.0,0.0,0.0,1.0,0.0,90.0,90.0,0
2025-04-11 15:57:37,26.09,5.97,3.1,0.7,7.2,0.0,0.0,0.0,0.0,0.0,28.0,42.1,18.6,32.3,-128.7,21.1,0.0,1.0,1.0,1.0,0.0,0.0,1.0,0.0,90.0,90.0,0
2025-04-11 15:57:38,26.08,5.96,3.0,0.7,7.5,0.0,0.0,0.0,0.0,0.0,28.0,42.1,18.7,32.3,-128.7,21.1,0.0,1.0,1.0,1.0,0.0,0.0,1.0,0.0,90.0,90.0,0
2025-04-11 15:57:39,26.08,5.97,3.1,0.7,7.2,0.0,0.0,0.0,0.0,0.0,28.0,42.1,18.7,32.3,-128.7,21.1,0.0,1.0,1.0,1.0,0.0,0.0,1.0,0.0,90.0,90.0,0
2025-04-11 15:57:40,26.08,5.97,3.1,0.7,7.099999,0.0,0.0,0.0,0.0,0.0,28.0,42.1,18.7,32.3,-128.7,21.1,0.0,1.0,1.0,1.0,0.0,0.0,1.0,0.0,90.0,90.0,0
2025-04-11 15:57:41,26.08,5.96,3.1,0.7,7.8,0.0,0.0,0.0,0.0,0.0,28.0,42.1,18.7,32.3,-128.7,21.1,0.0,1.0,1.0,1.0,0.0,0.0,1.0,0.0,90.0,90.0,0
2025-04-11 15:57:42,26.05,5.97,3.1,0.7,8.0,0.0,0.0,0.0,0.0,0.0,28.0,42.1,18.7,32.3,-128.7,21.1,0.0,1.0,1.0,1.0,0.0,0.0,1.0,0.0,90.0,90.0,0
2025-04-11 15:57:43,26.05,5.97,3.1,0.7,7.599999,0.0,0.0,0.0,0.0,0.0,28.0,42.0,18.7,32.3,-128.7,21.1,0.0,1.0,1.0,1.0,0.0,0.0,1.0,0.0,90.0,90.0,0
2025-04-11 15:57:44,26.05,5.97,3.1,0.7,7.9,0.0,0.0,0.0,0.0,0.0,28.0,42.0,18.7,32.3,-128.7,21.1,0.0,1.0,1.0,1.0,0.0,0.0,1.0,0.0,90.0,90.0,0
2025-04-11 15:57:45,26.09,5.96,3.1,0.7,7.5,0.0,0.0,0.0,0.0,0.0,28.0,42.0,18.7,32.3,-128.7,21.1,0.0,1.0,1.0,1.0,0.0,0.0,1.0,0.0,90.0,90.0,0
2025-04-11 15:57:46,26.09,5.97,3.1,0.7,7.2,0.0,0.0,0.0,0.0,0.0,28.0,42.0,18.7,32.3,-128.7,21.1,0.0,1.0,1.0,1.0,0.0,0.0,1.0,0.0,90.0,90.0,0
2025-04-11 15:57:47,26.08,5.97,3.1,0.7,7.2,0.0,0.0,0.0,0.0,0.0,28.0,42.0,18.7,32.3,-128.7,21.1,0.0,1.0,1.0,1.0,0.0,0.0,1.0,0.0,90.0,90.0,0
2025-04-11 15:57:48,26.06,5.96,3.1,0.7,7.599999,0.0,0.0,0.0,0.0,0.0,28.0,42.0,18.7,32.3,-128.7,21.1,0.0,1.0,1.0,1.0,0.0,0.0,1.0,0.0,90.0,90.0,0
2025-04-11 15:57:49,26.05,5.97,3.1,0.7,7.7,0.0,0.0,0.0,0.0,0.0,28.0,42.0,18.7,32.3,-128.7,21.0,0.0,1.0,1.0,1.0,0.0,0.0,1.0,0.0,90.0,90.0,0
2025-04-11 15:57:50,26.06,5.96,3.1,0.7,7.5,0.0,0.0,0.0,0.0,0.0,28.0,42.0,18.7,32.3,-128.7,21.1,0.0,1.0,1.0,1.0,0.0,0.0,1.0,0.0,90.0,90.0,0
2025-04-11 15:57:51,26.09,5.98,3.1,0.7,7.5,0.0,0.0,0.0,0.0,0.0,28.0,42.0,18.8,32.4,-128.7,21.2,0.0,1.0,1.0,1.0,0.0,0.0,1.0,0.0,90.0,90.0,0
2025-04-11 15:57:52,26.1,5.97,3.1,0.7,7.599999,0.0,0.0,0.0,0.0,0.0,28.0,42.0,18.8,32.4,-128.7,21.2,0.0,1.0,1.0,1.0,0.0,0.0,1.0,0.0,90.0,90.0,0
2025-04-11 15:57:53,26.09,5.97,3.1,0.7,7.599999,0.0,0.0,0.0,0.0,0.0,28.0,42.0,18.8,32.4,-128.7,21.2,0.0,1.0,1.0,1.0,0.0,0.0,1.0,0.0,90.0,90.0,0
2025-04-11 15:57:54,26.08,5.97,3.1,0.7,7.8,0.0,0.0,0.0,0.0,0.0,28.0,42.0,18.8,32.4,-128.7,21.2,0.0,1.0,1.0,1.0,0.0,0.0,1.0,0.0,90.0,90.0,0
2025-04-11 15:57:55,26.1,5.97,3.1,0.7,7.599999,0.0,0.0,0.0,0.0,0.0,28.0,42.0,18.8,32.4,-128.7,21.2,0.0,1.0,1.0,1.0,0.0,0.0,1.0,0.0,90.0,90.0,0
2025-04-11 15:57:56,26.06,5.98,3.1,0.7,7.0,0.0,0.0,0.0,0.0,0.0,28.0,42.0,18.8,32.4,-128.7,21.1,0.0,1.0,1.0,1.0,0.0,0.0,1.0,0.0,90.0,90.0,0
2025-04-11 15:57:57,26.08,5.97,3.1,0.7,7.599999,0.0,0.0,0.0,0.0,0.0,28.0,42.0,18.8,32.4,-128.7,21.2,0.0,1.0,1.0,1.0,0.0,0.0,1.0,0.0,90.0,90.0,0
2025-04-11 15:57:58,26.06,5.97,3.1,0.7,6.9,0.0,0.0,0.0,0.0,0.0,28.0,42.0,18.8,32.4,-128.7,21.2,0.0,1.0,1.0,1.0,0.0,0.0,1.0,0.0,90.0,90.0,0
2025-04-11 15:57:59,26.06,5.97,3.1,0.7,8.0,0.0,0.0,0.0,0.0,0.0,28.0,42.0,18.8,32.4,-128.7,21.2,0.0,1.0,1.0,1.0,0.0,0.0,1.0,0.0,90.0,90.0,0
2025-04-11 15:58:00,26.09,5.98,3.1,0.7,7.599999,0.0,0.0,0.0,0.0,0.0,28.0,42.0,18.8,32.4,-128.7,21.2,0.0,1.0,1.0,1.0,0.0,0.0,1.0,0.0,90.0,90.0,0
2025-04-11 15:58:01,26.08,5.97,3.1,0.7,7.3,0.0,0.0,0.0,0.0,0.0,28.0,42.0,18.9,32.4,-128.7,21.1,0.0,1.0,1.0,1.0,0.0,0.0,1.0,0.0,90.0,90.0,0
2025-04-11 15:58:02,26.09,5.98,3.1,0.7,8.0,0.0,0.0,0.0,0.0,0.0,28.0,42.0,18.9,32.4,-128.7,21.2,0.0,1.0,1.0,1.0,0.0,0.0,1.0,0.0,90.0,90.0,0
2025-04-11 15:58:03,26.08,5.97,3.1,0.7,7.5,0.0,0.0,0.0,0.0,0.0,28.0,42.0,18.9,32.4,-128.7,21.1,0.0,1.0,1.0,1.0,0.0,0.0,1.0,0.0,90.0,90.0,0
2025-04-11 15:58:04,26.05,5.97,3.1,0.7,7.599999,0.0,0.0,0.0,0.0,0.0,28.0,42.0,18.9,32.4,-128.7,21.2,0.0,1.0,1.0,1.0,0.0,0.0,1.0,0.0,90.0,90.0,0
2025-04-11 15:58:05,26.06,5.99,3.1,0.7,7.3,0.0,0.0,0.0,0.0,0.0,28.0,42.0,18.9,32.4,-128.7,21.1,0.0,1.0,1.0,1.0,0.0,0.0,1.0,0.0,90.0,90.0,0
2025-04-11 15:58:06,26.08,5.97,3.1,0.7,7.4,0.0,0.0,0.0,0.0,0.0,28.0,42.0,18.9,32.4,-128.7,21.2,0.0,1.0,1.0,1.0,0.0,0.0,1.0,0.0,90.0,90.0,0
2025-04-11 15:58:07,26.09,5.99,3.1,0.7,7.4,0.0,0.0,0.0,0.0,0.0,28.0,42.0,18.9,32.4,-128.7,21.1,0.0,1.0,1.0,1.0,0.0,0.0,1.0,0.0,90.0,90.0,0
2025-04-11 15:58:08,26.08,5.98,3.1,0.7,7.0,0.0,0.0,0.0,0.0,0.0,28.0,42.0,19.0,32.4,-128.7,21.2,0.0,1.0,1.0,1.0,0.0,0.0,1.0,0.0,90.0,90.0,0
2025-04-11 15:58:09,26.06,5.97,3.1,0.7,7.5,0.0,0.0,0.0,0.0,0.0,28.0,42.0,19.0,32.4,-128.7,21.1,0.0,1.0,1.0,1.0,0.0,0.0,1.0,0.0,90.0,90.0,0
2025-04-11 15:58:10,26.06,5.98,3.2,0.7,7.099999,0.0,0.0,0.0,0.0,0.0,28.0,42.0,19.0,32.4,-128.7,21.1,0.0,1.0,1.0,1.0,0.0,0.0,1.0,0.0,90.0,90.0,0
2025-04-11 15:58:11,26.06,5.98,3.1,0.7,8.0,0.0,0.0,0.0,0.0,0.0,28.0,42.0,19.0,32.4,-128.7,21.2,0.0,1.0,1.0,1.0,0.0,0.0,1.0,0.0,90.0,90.0,0
2025-04-11 15:58:12,26.09,5.98,3.1,0.7,7.9,0.0,0.0,0.0,0.0,0.0,28.0,42.0,19.0,32.4,-128.7,21.1,0.0,1.0,1.0,1.0,0.0,0.0,1.0,0.0,90.0,90.0,0
2025-04-11 15:58:13,26.1,5.97,3.1,0.7,7.099999,0.0,0.0,0.0,0.0,0.0,28.0,42.0,19.1,32.4,-128.7,21.2,0.0,1.0,1.0,1.0,0.0,0.0,1.0,0.0,90.0,90.0,0
2025-04-11 15:58:14,26.09,5.99,3.1,0.7,7.4,0.0,0.0,0.0,0.0,0.0,28.0,42.0,19.1,32.4,-128.7,21.1,0.0,1.0,1.0,1.0,0.0,0.0,1.0,0.0,90.0,90.0,0
2025-04-11 15:58:15,26.08,5.97,3.1,0.7,7.2,0.0,0.0,0.0,0.0,0.0,28.0,42.0,19.1,32.4,-128.7,21.1,0.0,1.0,1.0,1.0,0.0,0.0,1.0,0.0,90.0,90.0,0
2025-04-11 15:58:16,26.09,5.98,3.1,0.7,7.4,0.0,0.0,0.0,0.0,0.0,28.0,42.0,19.1,32.4,-128.7,21.1,0.0,1.0,1.0,1.0,0.0,0.0,1.0,0.0,90.0,90.0,0
2025-04-11 15:58:17,26.08,5.98,3.1,0.7,8.0,0.0,0.0,0.0,0.0,0.0,28.0,42.0,19.1,32.4,-128.7,21.1,0.0,1.0,1.0,1.0,0.0,0.0,1.0,0.0,90.0,90.0,0
2025-04-11 15:58:18,26.09,5.97,3.1,0.7,7.3,0.0,0.0,0.0,0.0,0.0,28.0,42.0,19.1,32.4,-128.7,21.2,0.0,1.0,1.0,1.0,0.0,0.0,1.0,0.0,90.0,90.0,0
2025-04-11 15:58:19,26.08,5.97,3.1,0.7,6.9,0.0,0.0,0.0,0.0,0.0,28.0,42.0,19.2,32.4,-128.7,21.1,0.0,1.0,1.0,1.0,0.0,0.0,1.0,0.0,90.0,90.0,0
2025-04-11 15:58:20,26.08,5.97,3.1,0.7,7.0,0.0,0.0,0.0,0.0,0.0,28.0,42.0,19.2,32.4,-128.7,21.2,0.0,1.0,1.0,1.0,0.0,0.0,1.0,0.0,90.0,90.0,0
2025-04-11 15:58:21,26.09,5.98,3.1,0.7,8.0,0.0,0.0,0.0,0.0,0.0,28.0,42.0,19.2,32.4,-128.7,21.1,0.0,1.0,1.0,1.0,0.0,0.0,1.0,0.0,90.0,90.0,0
2025-04-11 15:58:22,26.08,5.97,3.1,0.7,7.3,0.0,0.0,0.0,0.0,0.0,28.1,42.0,19.2,32.5,-128.7,21.3,0.0,1.0,1.0,1.0,0.0,0.0,1.0,0.0,90.0,90.0,0
2025-04-11 15:58:23,26.08,5.98,3.1,0.7,7.099999,0.0,0.0,0.0,0.0,0.0,28.1,42.0,19.3,32.5,-128.7,21.3,0.0,1.0,1.0,1.0,0.0,0.0,1.0,0.0,90.0,90.0,0
2025-04-11 15:58:24,26.08,5.97,3.1,0.7,7.599999,0.0,0.0,0.0,0.0,0.0,28.1,42.0,19.3,32.5,-128.7,21.3,0.0,1.0,1.0,1.0,0.0,0.0,1.0,0.0,90.0,90.0,0
2025-04-11 15:58:25,26.08,5.98,3.1,0.7,7.7,0.0,0.0,0.0,0.0,0.0,28.1,42.0,19.3,32.5,-128.7,21.2,0.0,1.0,1.0,1.0,0.0,0.0,1.0,0.0,90.0,90.0,0
2025-04-11 15:58:26,26.06,5.98,3.1,0.7,7.599999,0.0,0.0,0.0,0.0,0.0,28.1,42.0,19.3,32.5,-128.7,21.2,0.0,1.0,1.0,1.0,0.0,0.0,1.0,0.0,90.0,90.0,0
2025-04-11 15:58:27,26.08,5.97,3.1,0.7,7.3,0.0,0.0,0.0,0.0,0.0,28.1,42.0,19.3,32.5,-128.7,21.3,0.0,1.0,1.0,1.0,0.0,0.0,1.0,0.0,90.0,90.0,0
2025-04-11 15:58:28,26.08,5.98,3.1,0.7,7.4,0.0,0.0,0.0,0.0,0.0,28.1,42.0,19.4,32.5,-128.7,21.2,0.0,1.0,1.0,1.0,0.0,0.0,1.0,0.0,90.0,90.0,0
2025-04-11 15:58:29,26.06,5.97,3.1,0.7,7.5,0.0,0.0,0.0,0.0,0.0,28.1,42.0,19.4,32.5,-128.7,21.3,0.0,1.0,1.0,1.0,0.0,0.0,1.0,0.0,90.0,90.0,0
2025-04-11 15:58:30,26.06,5.97,3.1,0.7,7.3,0.0,0.0,0.0,0.0,0.0,28.1,42.0,19.4,32.5,-128.7,21.3,0.0,1.0,1.0,1.0,0.0,0.0,1.0,0.0,90.0,90.0,0
2025-04-11 15:58:31,26.05,5.97,3.1,0.7,7.4,0.0,0.0,0.0,0.0,0.0,28.1,42.0,19.4,32.5,-128.7,21.2,0.0,1.0,1.0,1.0,0.0,0.0,1.0,0.0,90.0,90.0,0
2025-04-11 15:58:32,26.08,5.98,3.1,0.7,7.4,0.0,0.0,0.0,0.0,0.0,28.1,42.0,19.5,32.5,-128.7,21.3,0.0,1.0,1.0,1.0,0.0,0.0,1.0,0.0,90.0,90.0,0
2025-04-11 15:58:33,26.09,5.97,3.1,0.7,7.9,0.0,0.0,0.0,0.0,0.0,28.1,42.0,19.5,32.5,-128.7,21.3,0.0,1.0,1.0,1.0,0.0,0.0,1.0,0.0,90.0,90.0,0
2025-04-11 15:58:34,26.1,5.97,3.1,0.7,7.099999,0.0,0.0,0.0,0.0,0.0,28.1,42.0,19.5,32.5,-128.7,21.2,0.0,1.0,1.0,1.0,0.0,0.0,1.0,0.0,90.0,90.0,0
2025-04-11 15:58:35,26.06,5.98,3.1,0.7,7.5,0.0,0.0,0.0,0.0,0.0,28.1,42.0,19.5,32.5,-128.7,21.2,0.0,1.0,1.0,1.0,0.0,0.0,1.0,0.0,90.0,90.0,0
2025-04-11 15:58:36,26.05,5.97,3.1,0.7,7.2,0.0,0.0,0.0,0.0,0.0,28.1,42.0,19.5,32.5,-128.7,21.3,0.0,1.0,1.0,1.0,0.0,0.0,1.0,0.0,90.0,90.0,0
2025-04-11 15:58:37,26.06,5.99,3.1,0.7,7.099999,0.0,0.0,0.0,0.0,0.0,28.1,42.0,19.5,32.5,-128.7,21.2,0.0,1.0,1.0,1.0,0.0,0.0,1.0,0.0,90.0,90.0,0
2025-04-11 15:58:38,26.06,5.97,3.1,0.7,8.0,0.0,0.0,0.0,0.0,0.0,28.1,42.0,19.5,32.5,-128.7,21.3,0.0,1.0,1.0,1.0,0.0,0.0,1.0,0.0,90.0,90.0,0
2025-04-11 15:58:39,26.09,5.98,3.1,0.7,7.7,0.0,0.0,0.0,0.0,0.0,28.1,42.0,19.5,32.5,-128.7,21.3,0.0,1.0,1.0,1.0,0.0,0.0,1.0,0.0,90.0,90.0,0
2025-04-11 15:58:40,26.08,5.97,3.1,0.7,7.8,0.0,0.0,0.0,0.0,0.0,28.1,42.0,19.5,32.5,-128.7,21.3,0.0,1.0,1.0,1.0,0.0,0.0,1.0,0.0,90.0,90.0,0
2025-04-11 15:58:41,26.08,5.98,3.0,0.7,7.4,0.0,0.0,0.0,0.0,0.0,28.1,42.0,19.6,32.5,-128.7,21.2,0.0,1.0,1.0,1.0,0.0,0.0,1.0,0.0,90.0,90.0,0
2025-04-11 15:58:42,26.05,5.97,3.1,0.7,7.4,0.0,0.0,0.0,0.0,0.0,28.1,42.0,19.6,32.5,-128.7,21.3,0.0,1.0,1.0,1.0,0.0,0.0,1.0,0.0,90.0,90.0,0
2025-04-11 15:58:43,26.05,5.98,3.1,0.7,7.9,0.0,0.0,0.0,0.0,0.0,28.1,42.0,19.6,32.5,-128.7,21.2,0.0,1.0,1.0,1.0,0.0,0.0,1.0,0.0,90.0,90.0,0
2025-04-11 15:58:44,26.05,5.97,3.1,0.7,7.0,0.0,0.0,0.0,0.0,0.0,28.1,42.0,19.6,32.5,-128.7,21.2,0.0,1.0,1.0,1.0,0.0,0.0,1.0,0.0,90.0,90.0,0
2025-04-11 15:58:45,26.06,5.98,3.1,0.7,7.8,0.0,0.0,0.0,0.0,0.0,28.1,42.0,19.6,32.6,-128.7,21.3,0.0,1.0,1.0,1.0,0.0,0.0,1.0,0.0,90.0,90.0,0
2025-04-11 15:58:46,26.06,5.97,3.1,0.7,7.7,0.0,0.0,0.0,0.0,0.0,28.1,42.0,19.6,32.6,-128.7,21.4,0.0,1.0,1.0,1.0,0.0,0.0,1.0,0.0,90.0,90.0,0
2025-04-11 15:58:47,26.06,5.98,3.1,0.7,7.5,0.0,0.0,0.0,0.0,0.0,28.1,42.0,19.6,32.6,-128.7,21.4,0.0,1.0,1.0,1.0,0.0,0.0,1.0,0.0,90.0,90.0,0
2025-04-11 15:58:48,26.05,5.97,3.1,0.7,8.0,0.0,0.0,0.0,0.0,0.0,28.1,42.0,19.6,32.6,-128.7,21.4,0.0,1.0,1.0,1.0,0.0,0.0,1.0,0.0,90.0,90.0,0
2025-04-11 15:58:49,26.04,5.97,3.1,0.7,7.5,0.0,0.0,0.0,0.0,0.0,28.1,42.0,19.7,32.6,-128.7,21.4,0.0,1.0,1.0,1.0,0.0,0.0,1.0,0.0,90.0,90.0,0
2025-04-11 15:58:50,26.04,5.97,3.0,0.7,7.4,0.0,0.0,0.0,0.0,0.0,28.1,42.0,19.7,32.6,-128.7,21.3,0.0,1.0,1.0,1.0,0.0,0.0,1.0,0.0,90.0,90.0,0
2025-04-11 15:58:51,26.04,5.97,3.1,0.7,7.2,0.0,0.0,0.0,0.0,0.0,28.1,42.0,19.7,32.6,-128.7,21.4,0.0,1.0,1.0,1.0,0.0,0.0,1.0,0.0,90.0,90.0,0
2025-04-11 15:58:52,26.09,5.97,3.1,0.7,8.099999,0.0,0.0,0.0,0.0,0.0,28.1,41.9,19.7,32.6,-128.7,21.4,0.0,1.0,1.0,1.0,0.0,0.0,1.0,0.0,90.0,90.0,0
2025-04-11 15:58:53,26.04,5.97,3.1,0.7,7.4,0.0,0.0,0.0,0.0,0.0,28.1,41.9,19.7,32.6,-128.7,21.4,0.0,1.0,1.0,1.0,0.0,0.0,1.0,0.0,90.0,90.0,0
2025-04-11 15:58:54,26.05,5.97,3.1,0.7,6.9,0.0,0.0,0.0,0.0,0.0,28.1,41.9,19.7,32.6,-128.7,21.4,0.0,1.0,1.0,1.0,0.0,0.0,1.0,0.0,90.0,90.0,0
2025-04-11 15:58:55,26.04,5.97,3.1,0.7,7.3,0.0,0.0,0.0,0.0,0.0,28.1,41.9,19.7,32.6,-128.7,21.4,0.0,1.0,1.0,1.0,0.0,0.0,1.0,0.0,90.0,90.0,0
2025-04-11 15:58:56,26.05,5.97,3.1,0.7,7.2,0.0,0.0,0.0,0.0,0.0,28.1,41.9,19.7,32.6,-128.7,21.4,0.0,1.0,1.0,1.0,0.0,0.0,1.0,0.0,90.0,90.0,0
2025-04-11 15:58:57,26.05,5.96,3.1,0.7,7.2,0.0,0.0,0.0,0.0,0.0,28.1,41.9,19.7,32.6,-128.7,21.4,0.0,1.0,1.0,1.0,0.0,0.0,1.0,0.0,90.0,90.0,0
2025-04-11 15:58:58,26.03,5.96,3.1,0.7,7.0,0.0,0.0,0.0,0.0,0.0,28.1,41.9,19.8,32.6,-128.7,21.4,0.0,1.0,1.0,1.0,0.0,0.0,1.0,0.0,90.0,90.0,0
2025-04-11 15:58:59,26.04,5.96,3.1,0.7,7.4,0.0,0.0,0.0,0.0,0.0,28.1,41.9,19.8,32.6,-128.7,21.4,0.0,1.0,1.0,1.0,0.0,0.0,1.0,0.0,90.0,90.0,0
2025-04-11 15:59:00,26.04,5.96,3.1,0.7,6.9,0.0,0.0,0.0,0.0,0.0,28.1,41.9,19.8,32.6,-128.7,21.4,0.0,1.0,1.0,1.0,0.0,0.0,1.0,0.0,90.0,90.0,0
2025-04-11 15:59:01,26.04,5.96,3.1,0.7,7.2,0.0,0.0,0.0,0.0,0.0,28.1,41.9,19.8,32.6,-128.7,21.4,0.0,1.0,1.0,1.0,0.0,0.0,1.0,0.0,90.0,90.0,0
2025-04-11 15:59:02,26.04,5.97,3.1,0.7,7.2,0.0,0.0,0.0,0.0,0.0,28.1,41.9,19.8,32.6,-128.7,21.4,0.0,1.0,1.0,1.0,0.0,0.0,1.0,0.0,90.0,90.0,0
2025-04-11 15:59:03,26.03,5.96,3.1,0.7,7.3,0.0,0.0,0.0,0.0,0.0,28.1,41.9,19.8,32.6,-128.7,21.4,0.0,1.0,1.0,1.0,0.0,0.0,1.0,0.0,90.0,90.0,0
2025-04-11 15:59:04,26.01,5.97,3.1,0.7,7.0,0.0,0.0,0.0,0.0,0.0,28.1,41.9,19.8,32.6,-128.7,21.4,0.0,1.0,1.0,1.0,0.0,0.0,1.0,0.0,90.0,90.0,0
2025-04-11 15:59:05,26.0,5.96,3.1,0.7,7.3,0.0,0.0,0.0,0.0,0.0,28.1,41.9,19.8,32.6,-128.7,21.4,0.0,1.0,1.0,1.0,0.0,0.0,1.0,0.0,90.0,90.0,0
2025-04-11 15:59:06,26.03,5.96,3.1,0.7,7.4,0.0,0.0,0.0,0.0,0.0,28.1,41.9,19.8,32.6,-128.7,21.4,0.0,1.0,1.0,1.0,0.0,0.0,1.0,0.0,90.0,90.0,0
2025-04-11 15:59:07,26.04,5.96,3.1,0.7,7.3,0.0,0.0,0.0,0.0,0.0,28.1,41.9,19.8,32.7,-128.7,21.6,0.0,1.0,1.0,1.0,0.0,0.0,1.0,0.0,90.0,90.0,0
2025-04-11 15:59:08,26.01,5.97,3.1,0.7,7.4,0.0,0.0,0.0,0.0,0.0,28.1,41.9,19.8,32.7,-128.7,21.5,0.0,1.0,1.0,1.0,0.0,0.0,1.0,0.0,90.0,90.0,0
2025-04-11 15:59:09,26.04,5.97,3.1,0.7,7.099999,0.0,0.0,0.0,0.0,0.0,28.1,41.9,19.8,32.7,-128.7,21.5,0.0,1.0,1.0,1.0,0.0,0.0,1.0,0.0,90.0,90.0,0
2025-04-11 15:59:10,26.03,5.97,3.1,0.7,6.9,0.0,0.0,0.0,0.0,0.0,28.1,41.9,19.8,32.7,-128.7,21.5,0.0,1.0,1.0,1.0,0.0,0.0,1.0,0.0,90.0,90.0,0
2025-04-11 15:59:11,26.01,5.96,3.1,0.7,7.2,0.0,0.0,0.0,0.0,0.0,28.1,41.9,19.8,32.7,-128.7,21.5,0.0,1.0,1.0,1.0,0.0,0.0,1.0,0.0,90.0,90.0,0
2025-04-11 15:59:12,26.04,5.97,3.1,0.7,7.4,0.0,0.0,0.0,0.0,0.0,28.1,41.9,19.8,32.7,-128.7,21.5,0.0,1.0,1.0,1.0,0.0,0.0,1.0,0.0,90.0,90.0,0
2025-04-11 15:59:13,26.01,5.96,3.1,0.7,7.5,0.0,0.0,0.0,0.0,0.0,28.1,41.9,19.9,32.7,-128.7,21.5,0.0,1.0,1.0,1.0,0.0,0.0,1.0,0.0,90.0,90.0,0
2025-04-11 15:59:14,26.03,5.97,3.1,0.7,7.2,0.0,0.0,0.0,0.0,0.0,28.1,41.9,19.9,32.7,-128.7,21.5,0.0,1.0,1.0,1.0,0.0,0.0,1.0,0.0,90.0,90.0,0
2025-04-11 15:59:15,26.03,5.95,3.1,0.7,7.0,0.0,0.0,0.0,0.0,0.0,28.1,41.9,19.8,32.7,-128.7,21.6,0.0,1.0,1.0,1.0,0.0,0.0,1.0,0.0,90.0,90.0,0
2025-04-11 15:59:16,26.04,5.97,3.1,0.7,7.599999,0.0,0.0,0.0,0.0,0.0,28.1,41.9,19.8,32.7,-128.7,21.5,0.0,1.0,1.0,1.0,0.0,0.0,1.0,0.0,90.0,90.0,0
2025-04-11 15:59:17,26.05,5.96,3.1,0.7,7.3,0.0,0.0,0.0,0.0,0.0,28.1,41.9,19.8,32.7,-128.7,21.6,0.0,1.0,1.0,1.0,0.0,0.0,1.0,0.0,90.0,90.0,0
2025-04-11 15:59:18,26.04,5.97,3.1,0.7,7.0,0.0,0.0,0.0,0.0,0.0,28.1,41.9,19.8,32.7,-128.7,21.5,0.0,1.0,1.0,1.0,0.0,0.0,1.0,0.0,90.0,90.0,0
2025-04-11 15:59:19,26.05,5.96,3.1,0.7,7.5,0.0,0.0,0.0,0.0,0.0,28.1,41.9,19.8,32.7,-128.7,21.6,0.0,1.0,1.0,1.0,0.0,0.0,1.0,0.0,90.0,90.0,0
2025-04-11 15:59:20,26.01,5.97,3.1,0.7,7.9,0.0,0.0,0.0,0.0,0.0,28.1,41.9,19.9,32.7,-128.7,21.5,0.0,1.0,1.0,1.0,0.0,0.0,1.0,0.0,90.0,90.0,0
2025-04-11 15:59:21,26.01,5.95,3.1,0.7,7.8,0.0,0.0,0.0,0.0,0.0,28.1,41.9,19.9,32.7,-128.7,21.6,0.0,1.0,1.0,1.0,0.0,0.0,1.0,0.0,90.0,90.0,0
2025-04-11 15:59:22,26.03,5.97,3.1,0.7,7.3,0.0,0.0,0.0,0.0,0.0,28.1,41.9,19.9,32.7,-128.7,21.5,0.0,1.0,1.0,1.0,0.0,0.0,1.0,0.0,90.0,90.0,0
2025-04-11 15:59:23,26.01,5.95,3.1,0.7,7.8,0.0,0.0,0.0,0.0,0.0,28.1,41.9,19.9,32.7,-128.7,21.6,0.0,1.0,1.0,1.0,0.0,0.0,1.0,0.0,90.0,90.0,0
2025-04-11 15:59:24,26.03,5.97,3.1,0.7,7.2,0.0,0.0,0.0,0.0,0.0,28.1,41.9,19.9,32.7,-128.7,21.5,0.0,1.0,1.0,1.0,0.0,0.0,1.0,0.0,90.0,90.0,0
2025-04-11 15:59:25,26.03,5.95,3.1,0.7,7.5,0.0,0.0,0.0,0.0,0.0,28.1,41.9,19.9,32.7,-128.7,21.5,0.0,1.0,1.0,1.0,0.0,0.0,1.0,0.0,90.0,90.0,0
2025-04-11 15:59:26,26.01,5.97,3.1,0.7,7.7,0.0,0.0,0.0,0.0,0.0,28.1,41.9,19.9,32.7,-128.7,21.5,0.0,1.0,1.0,1.0,0.0,0.0,1.0,0.0,90.0,90.0,0
2025-04-11 15:59:27,26.05,5.96,3.1,0.7,7.0,0.0,0.0,0.0,0.0,0.0,28.1,41.9,19.9,32.7,-128.7,21.6,0.0,1.0,1.0,1.0,0.0,0.0,1.0,0.0,90.0,90.0,0
2025-04-11 15:59:28,26.01,5.97,3.1,0.7,7.8,0.0,0.0,0.0,0.0,0.0,28.1,41.9,19.9,32.7,-128.7,21.5,0.0,1.0,1.0,1.0,0.0,0.0,1.0,0.0,90.0,90.0,0
2025-04-11 15:59:29,26.0,5.96,3.1,0.7,7.3,0.0,0.0,0.0,0.0,0.0,28.1,41.9,19.9,32.7,-128.7,21.6,0.0,1.0,1.0,1.0,0.0,0.0,1.0,0.0,90.0,90.0,0
2025-04-11 15:59:30,26.01,5.97,3.1,0.7,7.099999,0.0,0.0,0.0,0.0,0.0,28.1,41.9,19.9,32.7,-128.7,21.5,0.0,1.0,1.0,1.0,0.0,0.0,1.0,0.0,90.0,90.0,0
2025-04-11 15:59:31,26.01,5.96,3.1,0.7,7.099999,0.0,0.0,0.0,0.0,0.0,28.1,41.9,19.9,32.8,-128.7,21.6,0.0,1.0,1.0,1.0,0.0,0.0,1.0,0.0,90.0,90.0,0
2025-04-11 15:59:32,26.01,5.97,3.1,0.7,6.9,0.0,0.0,0.0,0.0,0.0,28.1,41.9,19.9,32.8,-128.7,21.6,0.0,1.0,1.0,1.0,0.0,0.0,1.0,0.0,90.0,90.0,0
2025-04-11 15:59:33,26.03,5.95,3.1,0.7,7.8,0.0,0.0,0.0,0.0,0.0,28.1,41.9,19.9,32.8,-128.7,21.6,0.0,1.0,1.0,1.0,0.0,0.0,1.0,0.0,90.0,90.0,0
2025-04-11 15:59:34,26.01,5.97,3.0,0.7,7.599999,0.0,0.0,0.0,0.0,0.0,28.1,41.9,19.9,32.8,-128.7,21.6,0.0,1.0,1.0,1.0,0.0,0.0,1.0,0.0,90.0,90.0,0
2025-04-11 15:59:35,26.0,5.96,3.1,0.7,7.7,0.0,0.0,0.0,0.0,0.0,28.1,41.9,19.9,32.8,-128.7,21.7,0.0,1.0,1.0,1.0,0.0,0.0,1.0,0.0,90.0,90.0,0
2025-04-11 15:59:36,25.99,5.97,3.1,0.7,7.599999,0.0,0.0,0.0,0.0,0.0,28.1,41.9,19.9,32.8,-128.7,21.6,0.0,1.0,1.0,1.0,0.0,0.0,1.0,0.0,90.0,90.0,0
2025-04-11 15:59:37,26.0,5.95,3.1,0.7,7.5,0.0,0.0,0.0,0.0,0.0,28.1,41.9,19.9,32.8,-128.7,21.7,0.0,1.0,1.0,1.0,0.0,0.0,1.0,0.0,90.0,90.0,0
2025-04-11 15:59:38,26.0,5.97,3.1,0.7,7.7,0.0,0.0,0.0,0.0,0.0,28.1,41.9,19.9,32.8,-128.7,21.6,0.0,1.0,1.0,1.0,0.0,0.0,1.0,0.0,90.0,90.0,0
2025-04-11 15:59:39,26.01,5.95,3.1,0.7,7.2,0.0,0.0,0.0,0.0,0.0,28.1,41.9,19.9,32.8,-128.7,21.7,0.0,1.0,1.0,1.0,0.0,0.0,1.0,0.0,90.0,90.0,0
2025-04-11 15:59:40,26.01,5.97,3.1,0.7,7.2,0.0,0.0,0.0,0.0,0.0,28.1,41.9,19.9,32.8,-128.7,21.6,0.0,1.0,1.0,1.0,0.0,0.0,1.0,0.0,90.0,90.0,0
2025-04-11 15:59:41,25.99,5.95,3.1,0.7,7.2,0.0,0.0,0.0,0.0,0.0,28.1,41.9,19.9,32.8,-128.7,21.6,0.0,1.0,1.0,1.0,0.0,0.0,1.0,0.0,90.0,90.0,0
2025-04-11 15:59:42,25.99,5.97,3.1,0.7,7.0,0.0,0.0,0.0,0.0,0.0,28.1,41.9,19.9,32.8,-128.7,21.6,0.0,1.0,1.0,1.0,0.0,0.0,1.0,0.0,90.0,90.0,0
2025-04-11 15:59:43,26.0,5.95,3.1,0.7,7.7,0.0,0.0,0.0,0.0,0.0,28.1,41.9,19.9,32.8,-128.7,21.7,0.0,1.0,1.0,1.0,0.0,0.0,1.0,0.0,90.0,90.0,0
2025-04-11 15:59:44,25.99,5.97,3.1,0.7,7.7,0.0,0.0,0.0,0.0,0.0,28.1,41.8,19.9,32.8,-128.7,21.6,0.0,1.0,1.0,1.0,0.0,0.0,1.0,0.0,90.0,90.0,0
2025-04-11 15:59:45,25.99,5.96,3.1,0.7,7.7,0.0,0.0,0.0,0.0,0.0,28.1,41.8,19.9,32.8,-128.7,21.6,0.0,1.0,1.0,1.0,0.0,0.0,1.0,0.0,90.0,90.0,0
2025-04-11 15:59:46,26.0,5.96,3.1,0.7,7.4,0.0,0.0,0.0,0.0,0.0,28.1,41.8,19.9,32.8,-128.7,21.6,0.0,1.0,1.0,1.0,0.0,0.0,1.0,0.0,90.0,90.0,0
2025-04-11 15:59:47,26.0,5.95,3.1,0.7,7.2,0.0,0.0,0.0,0.0,0.0,28.1,41.8,19.9,32.8,-128.7,21.6,0.0,1.0,1.0,1.0,0.0,0.0,1.0,0.0,90.0,90.0,0
2025-04-11 15:59:48,26.01,5.97,3.1,0.7,7.5,0.0,0.0,0.0,0.0,0.0,28.1,41.8,19.9,32.8,-128.7,21.6,0.0,1.0,1.0,1.0,0.0,0.0,1.0,0.0,90.0,90.0,0
2025-04-11 15:59:49,26.0,5.95,3.1,0.7,8.0,0.0,0.0,0.0,0.0,0.0,28.1,41.8,19.9,32.8,-128.7,21.7,0.0,1.0,1.0,1.0,0.0,0.0,1.0,0.0,90.0,90.0,0
2025-04-11 15:59:50,26.0,5.97,3.1,0.7,7.5,0.0,0.0,0.0,0.0,0.0,28.1,41.8,19.9,32.8,-128.7,21.6,0.0,1.0,1.0,1.0,0.0,0.0,1.0,0.0,90.0,90.0,0
2025-04-11 15:59:51,26.0,5.96,3.1,0.7,7.8,0.0,0.0,0.0,0.0,0.0,28.1,41.8,19.9,32.8,-128.7,21.6,0.0,1.0,1.0,1.0,0.0,0.0,1.0,0.0,90.0,90.0,0
2025-04-11 15:59:52,25.98,5.96,3.1,0.7,7.2,0.0,0.0,0.0,0.0,0.0,28.1,41.8,19.9,32.8,-128.7,21.6,0.0,1.0,1.0,1.0,0.0,0.0,1.0,0.0,90.0,90.0,0
2025-04-11 15:59:53,25.98,5.96,3.1,0.7,7.4,0.0,0.0,0.0,0.0,0.0,28.1,41.8,19.9,32.8,-128.7,21.6,0.0,1.0,1.0,1.0,0.0,0.0,1.0,0.0,90.0,90.0,0
2025-04-11 15:59:54,25.98,5.95,3.1,0.7,6.9,0.0,0.0,0.0,0.0,0.0,28.1,41.8,19.9,32.8,-128.7,21.7,0.0,1.0,1.0,1.0,0.0,0.0,1.0,0.0,90.0,90.0,0
2025-04-11 15:59:55,25.97,5.97,3.1,0.7,7.0,0.0,0.0,0.0,0.0,0.0,28.1,41.8,19.9,32.8,-128.7,21.6,0.0,1.0,1.0,1.0,0.0,0.0,1.0,0.0,90.0,90.0,0
2025-04-11 15:59:56,25.98,5.95,3.1,0.7,7.3,0.0,0.0,0.0,0.0,0.0,28.1,41.8,19.9,32.8,-128.7,21.7,0.0,1.0,1.0,1.0,0.0,0.0,1.0,0.0,90.0,90.0,0
2025-04-11 15:59:57,25.97,5.97,3.1,0.7,7.0,0.0,0.0,0.0,0.0,0.0,28.1,41.8,19.9,32.8,-128.7,21.6,0.0,1.0,1.0,1.0,0.0,0.0,1.0,0.0,90.0,90.0,0
2025-04-11 15:59:58,25.98,5.94,3.1,0.7,7.0,0.0,0.0,0.0,0.0,0.0,28.1,41.8,19.9,32.8,-128.7,21.6,0.0,1.0,1.0,1.0,0.0,0.0,1.0,0.0,90.0,90.0,0
2025-04-11 15:59:59,25.98,5.96,3.1,0.7,7.4,0.0,0.0,0.0,0.0,0.0,28.1,41.8,19.9,32.8,-128.7,21.7,0.0,1.0,1.0,1.0,0.0,0.0,1.0,0.0,90.0,90.0,0
2025-04-11 16:00:00,25.95,5.96,3.1,0.7,7.5,0.0,0.0,0.0,0.0,0.0,28.1,41.8,19.9,32.8,-128.7,21.7,0.0,1.0,1.0,1.0,0.0,0.0,1.0,0.0,90.0,90.0,0
2025-04-11 16:00:01,25.95,5.95,3.1,0.7,7.2,0.0,0.0,0.0,0.0,0.0,28.1,41.7,19.9,32.8,-128.7,21.7,0.0,1.0,1.0,1.0,0.0,0.0,1.0,0.0,90.0,90.0,0
2025-04-11 16:00:02,25.95,5.96,3.1,0.7,7.099999,0.0,0.0,0.0,0.0,0.0,28.1,41.7,19.9,32.8,-128.7,21.6,0.0,1.0,1.0,1.0,0.0,0.0,1.0,0.0,90.0,90.0,0
2025-04-11 16:00:03,25.98,5.94,3.1,0.7,7.099999,0.0,0.0,0.0,0.0,0.0,28.1,41.7,19.9,32.8,-128.7,21.7,0.0,1.0,1.0,1.0,0.0,0.0,1.0,0.0,90.0,90.0,0
2025-04-11 16:00:04,25.99,5.96,3.1,0.7,7.8,0.0,0.0,0.0,0.0,0.0,28.1,41.7,19.9,32.8,-128.7,21.6,0.0,1.0,1.0,1.0,0.0,0.0,1.0,0.0,90.0,90.0,0
2025-04-11 16:00:05,25.98,5.94,3.1,0.7,7.099999,0.0,0.0,0.0,0.0,0.0,28.1,41.7,19.9,32.8,-128.7,21.7,0.0,1.0,1.0,1.0,0.0,0.0,1.0,0.0,90.0,90.0,0
2025-04-11 16:00:06,25.97,5.95,3.1,0.7,7.3,0.0,0.0,0.0,0.0,0.0,28.1,41.7,19.9,32.8,-128.7,21.7,0.0,1.0,1.0,1.0,0.0,0.0,1.0,0.0,90.0,90.0,0
2025-04-11 16:00:07,25.94,5.94,3.1,0.7,7.3,0.0,0.0,0.0,0.0,0.0,28.1,41.7,19.8,32.8,-128.7,21.7,0.0,1.0,1.0,1.0,0.0,0.0,1.0,0.0,90.0,90.0,0
2025-04-11 16:00:08,25.97,5.94,3.1,0.7,7.2,0.0,0.0,0.0,0.0,0.0,28.1,41.7,19.8,32.8,-128.7,21.7,0.0,1.0,1.0,1.0,0.0,0.0,1.0,0.0,90.0,90.0,0
2025-04-11 16:00:09,25.97,5.94,3.1,0.7,7.099999,0.0,0.0,0.0,0.0,0.0,28.1,41.7,19.8,32.8,-128.7,21.7,0.0,1.0,1.0,1.0,0.0,0.0,1.0,0.0,90.0,90.0,0
2025-04-11 16:00:10,25.94,5.94,3.1,0.7,7.3,0.0,0.0,0.0,0.0,0.0,28.1,41.7,19.8,32.8,-128.7,21.7,0.0,1.0,1.0,1.0,0.0,0.0,1.0,0.0,90.0,90.0,0
2025-04-11 16:00:11,25.94,5.95,3.1,0.7,8.0,0.0,0.0,0.0,0.0,0.0,28.1,41.7,19.8,32.8,-128.7,21.7,0.0,1.0,1.0,1.0,0.0,0.0,1.0,0.0,90.0,90.0,0
2025-04-11 16:00:12,25.93,5.93,3.1,0.7,7.8,0.0,0.0,0.0,0.0,0.0,28.1,41.7,19.8,32.8,-128.7,21.7,0.0,1.0,1.0,1.0,0.0,0.0,1.0,0.0,90.0,90.0,0
2025-04-11 16:00:13,25.94,5.94,3.1,0.7,8.0,0.0,0.0,0.0,0.0,0.0,28.1,41.7,19.8,32.8,-128.7,21.7,0.0,1.0,1.0,1.0,0.0,0.0,1.0,0.0,90.0,90.0,0
2025-04-11 16:00:14,25.95,5.94,3.1,0.7,7.9,0.0,0.0,0.0,0.0,0.0,28.1,41.7,19.8,32.8,-128.7,21.7,0.0,1.0,1.0,1.0,0.0,0.0,1.0,0.0,90.0,90.0,0
2025-04-11 16:00:15,25.95,5.94,3.1,0.7,7.3,0.0,0.0,0.0,0.0,0.0,28.1,41.7,19.8,32.8,-128.7,21.8,0.0,1.0,1.0,1.0,0.0,0.0,1.0,0.0,90.0,90.0,0
2025-04-11 16:00:16,25.94,5.94,3.1,0.7,7.8,0.0,0.0,0.0,0.0,0.0,28.1,41.7,19.8,32.8,-128.7,21.7,0.0,1.0,1.0,1.0,0.0,0.0,1.0,0.0,90.0,90.0,0
2025-04-11 16:00:17,25.93,5.94,3.1,0.7,7.2,0.0,0.0,0.0,0.0,0.0,28.1,41.7,19.8,32.8,-128.7,21.8,0.0,1.0,1.0,1.0,0.0,0.0,1.0,0.0,90.0,90.0,0
2025-04-11 16:00:18,25.93,5.94,3.0,0.7,7.0,0.0,0.0,0.0,0.0,0.0,28.1,41.7,19.8,32.8,-128.7,21.7,0.0,1.0,1.0,1.0,0.0,0.0,1.0,0.0,90.0,90.0,0
2025-04-11 16:00:19,25.94,5.94,3.1,0.7,7.0,0.0,0.0,0.0,0.0,0.0,28.1,41.7,19.8,32.8,-128.7,21.7,0.0,1.0,1.0,1.0,0.0,0.0,1.0,0.0,90.0,90.0,0
2025-04-11 16:00:20,25.97,5.95,3.1,0.7,7.2,0.0,0.0,0.0,0.0,0.0,28.1,41.7,19.8,32.8,-128.7,21.8,0.0,1.0,1.0,1.0,0.0,0.0,1.0,0.0,90.0,90.0,0
2025-04-11 16:00:21,25.95,5.93,3.1,0.7,7.0,0.0,0.0,0.0,0.0,0.0,28.1,41.7,19.8,32.8,-128.7,21.8,0.0,1.0,1.0,1.0,0.0,0.0,1.0,0.0,90.0,90.0,0
2025-04-11 16:00:22,25.92,5.94,3.1,0.7,7.599999,0.0,0.0,0.0,0.0,0.0,28.1,41.7,19.8,32.8,-128.7,21.7,0.0,1.0,1.0,1.0,0.0,0.0,1.0,0.0,90.0,90.0,0
2025-04-11 16:00:23,25.97,5.94,3.1,0.7,7.099999,0.0,0.0,0.0,0.0,0.0,28.1,41.7,19.8,32.8,-128.7,21.7,0.0,1.0,1.0,1.0,0.0,0.0,1.0,0.0,90.0,90.0,0
2025-04-11 16:00:24,25.93,5.93,3.1,0.7,7.3,0.0,0.0,0.0,0.0,0.0,28.1,41.7,19.8,32.8,-128.7,21.8,0.0,1.0,1.0,1.0,0.0,0.0,1.0,0.0,90.0,90.0,0
2025-04-11 16:00:25,25.93,5.93,3.1,0.7,7.5,0.0,0.0,0.0,0.0,0.0,28.1,41.7,19.8,32.8,-128.7,21.7,0.0,1.0,1.0,1.0,0.0,0.0,1.0,0.0,90.0,90.0,0
2025-04-11 16:00:26,25.93,5.93,3.1,0.7,7.599999,0.0,0.0,0.0,0.0,0.0,28.1,41.7,19.7,32.8,-128.7,21.8,0.0,1.0,1.0,1.0,0.0,0.0,1.0,0.0,90.0,90.0,0
2025-04-11 16:00:27,25.92,5.94,3.1,0.7,7.599999,0.0,0.0,0.0,0.0,0.0,28.1,41.7,19.7,32.8,-128.7,21.8,0.0,1.0,1.0,1.0,0.0,0.0,1.0,0.0,90.0,90.0,0
2025-04-11 16:00:28,25.93,5.92,3.1,0.7,7.8,0.0,0.0,0.0,0.0,0.0,28.1,41.7,19.7,32.8,-128.7,21.7,0.0,1.0,1.0,1.0,0.0,0.0,1.0,0.0,90.0,90.0,0
2025-04-11 16:00:29,25.92,5.94,3.1,0.7,7.7,0.0,0.0,0.0,0.0,0.0,28.1,41.6,19.7,32.8,-128.7,21.8,0.0,1.0,1.0,1.0,0.0,0.0,1.0,0.0,90.0,90.0,0
2025-04-11 16:00:30,25.93,5.93,3.1,0.7,7.4,0.0,0.0,0.0,0.0,0.0,28.1,41.6,19.7,32.8,-128.7,21.8,0.0,1.0,1.0,1.0,0.0,0.0,1.0,0.0,90.0,90.0,0
2025-04-11 16:00:31,25.93,5.94,3.1,0.7,8.099999,0.0,0.0,0.0,0.0,0.0,28.1,41.6,19.7,32.8,-128.7,21.7,0.0,1.0,1.0,1.0,0.0,0.0,1.0,0.0,90.0,90.0,0
2025-04-11 16:00:32,25.9,5.94,3.1,0.7,7.2,0.0,0.0,0.0,0.0,0.0,28.1,41.6,19.7,32.8,-128.7,21.7,0.0,1.0,1.0,1.0,0.0,0.0,1.0,0.0,90.0,90.0,0
2025-04-11 16:00:33,25.93,5.93,3.1,0.7,7.3,0.0,0.0,0.0,0.0,0.0,28.1,41.6,19.7,32.8,-128.7,21.8,0.0,1.0,1.0,1.0,0.0,0.0,1.0,0.0,90.0,90.0,0
2025-04-11 16:00:34,25.92,5.94,3.1,0.7,7.7,0.0,0.0,0.0,0.0,0.0,28.1,41.6,19.7,32.8,-128.7,21.7,0.0,1.0,1.0,1.0,0.0,0.0,1.0,0.0,90.0,90.0,0
2025-04-11 16:00:35,25.94,5.93,3.1,0.7,7.099999,0.0,0.0,0.0,0.0,0.0,28.1,41.6,19.7,32.8,-128.7,21.8,0.0,1.0,1.0,1.0,0.0,0.0,1.0,0.0,90.0,90.0,0
2025-04-11 16:00:36,25.95,5.94,3.1,0.7,7.7,0.0,0.0,0.0,0.0,0.0,28.1,41.6,19.7,32.8,-128.7,21.7,0.0,1.0,1.0,1.0,0.0,0.0,1.0,0.0,90.0,90.0,0
2025-04-11 16:00:37,25.93,5.92,3.1,0.7,7.8,0.0,0.0,0.0,0.0,0.0,28.1,41.6,19.7,32.8,-128.7,21.8,0.0,1.0,1.0,1.0,0.0,0.0,1.0,0.0,90.0,90.0,0
2025-04-11 16:00:38,25.93,5.94,3.1,0.7,7.4,0.0,0.0,0.0,0.0,0.0,28.1,41.6,19.7,32.8,-128.7,21.8,0.0,1.0,1.0,1.0,0.0,0.0,1.0,0.0,90.0,90.0,0
2025-04-11 16:00:39,25.9,5.92,3.1,0.7,7.4,0.0,0.0,0.0,0.0,0.0,28.1,41.6,19.6,32.8,-128.7,21.8,0.0,1.0,1.0,1.0,0.0,0.0,1.0,0.0,90.0,90.0,0
2025-04-11 16:00:40,25.9,5.94,3.0,0.7,7.8,0.0,0.0,0.0,0.0,0.0,28.1,41.6,19.6,32.8,-128.7,21.7,0.0,1.0,1.0,1.0,0.0,0.0,1.0,0.0,90.0,90.0,0
2025-04-11 16:00:41,25.92,5.93,3.1,0.7,7.7,0.0,0.0,0.0,0.0,0.0,28.1,41.6,19.6,32.8,-128.7,21.8,0.0,1.0,1.0,1.0,0.0,0.0,1.0,0.0,90.0,90.0,0
2025-04-11 16:00:42,25.93,5.93,3.1,0.7,7.2,0.0,0.0,0.0,0.0,0.0,28.1,41.6,19.6,32.8,-128.7,21.7,0.0,1.0,1.0,1.0,0.0,0.0,1.0,0.0,90.0,90.0,0
2025-04-11 16:00:43,25.92,5.93,3.1,0.7,7.3,0.0,0.0,0.0,0.0,0.0,28.1,41.6,19.6,32.8,-128.7,21.7,0.0,1.0,1.0,1.0,0.0,0.0,1.0,0.0,90.0,90.0,0
2025-04-11 16:00:44,25.92,5.94,3.1,0.7,7.4,0.0,0.0,0.0,0.0,0.0,28.1,41.6,19.6,32.8,-128.7,21.8,0.0,1.0,1.0,1.0,0.0,0.0,1.0,0.0,90.0,90.0,0
2025-04-11 16:00:45,25.9,5.94,3.1,0.7,7.2,0.0,0.0,0.0,0.0,0.0,28.1,41.6,19.6,32.8,-128.7,21.7,0.0,1.0,1.0,1.0,0.0,0.0,1.0,0.0,90.0,90.0,0
2025-04-11 16:00:46,25.89,5.93,3.1,0.7,7.2,0.0,0.0,0.0,0.0,0.0,28.1,41.6,19.6,32.8,-128.7,21.8,0.0,1.0,1.0,1.0,0.0,0.0,1.0,0.0,90.0,90.0,0
2025-04-11 16:00:47,25.9,5.93,3.1,0.7,8.0,0.0,0.0,0.0,0.0,0.0,28.1,41.6,19.6,32.8,-128.7,21.7,0.0,1.0,1.0,1.0,0.0,0.0,1.0,0.0,90.0,90.0,0
2025-04-11 16:00:48,25.92,5.93,3.1,0.7,7.099999,0.0,0.0,0.0,0.0,0.0,28.1,41.6,19.6,32.8,-128.7,21.8,0.0,1.0,1.0,1.0,0.0,0.0,1.0,0.0,90.0,90.0,0
2025-04-11 16:00:49,25.9,5.94,3.1,0.7,7.2,0.0,0.0,0.0,0.0,0.0,28.1,41.6,19.6,32.8,-128.7,21.7,0.0,1.0,1.0,1.0,0.0,0.0,1.0,0.0,90.0,90.0,0
2025-04-11 16:00:50,25.92,5.93,3.1,0.7,7.7,0.0,0.0,0.0,0.0,0.0,28.1,41.6,19.6,32.8,-128.7,21.8,0.0,1.0,1.0,1.0,0.0,0.0,1.0,0.0,90.0,90.0,0
2025-04-11 16:00:51,25.89,5.94,3.1,0.7,7.7,0.0,0.0,0.0,0.0,0.0,28.1,41.6,19.6,32.8,-128.7,21.7,0.0,1.0,1.0,1.0,0.0,0.0,1.0,0.0,90.0,90.0,0
2025-04-11 16:00:52,25.89,5.93,3.1,0.7,7.599999,0.0,0.0,0.0,0.0,0.0,28.1,41.6,19.5,32.8,-128.7,21.8,0.0,1.0,1.0,1.0,0.0,0.0,1.0,0.0,90.0,90.0,0
2025-04-11 16:00:53,25.89,5.94,3.1,0.7,8.2,0.0,0.0,0.0,0.0,0.0,28.1,41.6,19.5,32.8,-128.7,21.7,0.0,1.0,1.0,1.0,0.0,0.0,1.0,0.0,90.0,90.0,0
2025-04-11 16:00:54,25.9,5.93,3.1,0.7,7.599999,0.0,0.0,0.0,0.0,0.0,28.1,41.6,19.5,32.8,-128.7,21.8,0.0,1.0,1.0,1.0,0.0,0.0,1.0,0.0,90.0,90.0,0
2025-04-11 16:00:55,25.92,5.94,3.1,0.7,7.4,0.0,0.0,0.0,0.0,0.0,28.1,41.6,19.5,32.8,-128.7,21.7,0.0,1.0,1.0,1.0,0.0,0.0,1.0,0.0,90.0,90.0,0
2025-04-11 16:00:56,25.89,5.93,3.1,0.7,8.0,0.0,0.0,0.0,0.0,0.0,28.1,41.6,19.5,32.8,-128.7,21.7,0.0,1.0,1.0,1.0,0.0,0.0,1.0,0.0,90.0,90.0,0
2025-04-11 16:00:57,25.88,5.94,3.1,0.7,8.099999,0.0,0.0,0.0,0.0,0.0,28.1,41.5,19.5,32.8,-128.7,21.8,0.0,1.0,1.0,1.0,0.0,0.0,1.0,0.0,90.0,90.0,0
2025-04-11 16:00:58,25.88,5.93,3.1,0.7,7.8,0.0,0.0,0.0,0.0,0.0,28.1,41.5,19.5,32.8,-128.7,21.8,0.0,1.0,1.0,1.0,0.0,0.0,1.0,0.0,90.0,90.0,0
2025-04-11 16:00:59,25.87,5.94,3.1,0.7,7.099999,0.0,0.0,0.0,0.0,0.0,28.1,41.5,19.5,32.8,-128.7,21.7,0.0,1.0,1.0,1.0,0.0,0.0,1.0,0.0,90.0,90.0,0
2025-04-11 16:01:00,25.87,5.93,3.1,0.7,7.7,0.0,0.0,0.0,0.0,0.0,28.1,41.5,19.5,32.8,-128.7,21.8,0.0,1.0,1.0,1.0,0.0,0.0,1.0,0.0,90.0,90.0,0
2025-04-11 16:01:01,25.89,5.93,3.1,0.7,7.5,0.0,0.0,0.0,0.0,0.0,28.1,41.5,19.5,32.8,-128.7,21.8,0.0,1.0,1.0,1.0,0.0,0.0,1.0,0.0,90.0,90.0,0
2025-04-11 16:01:02,25.88,5.93,3.1,0.7,7.099999,0.0,0.0,0.0,0.0,0.0,28.1,41.5,19.5,32.8,-128.7,21.7,0.0,1.0,1.0,1.0,0.0,0.0,1.0,0.0,90.0,90.0,0
2025-04-11 16:01:03,25.88,5.91,3.1,0.7,7.4,0.0,0.0,0.0,0.0,0.0,28.1,41.5,19.5,32.8,-128.7,21.9,0.0,1.0,1.0,1.0,0.0,0.0,1.0,0.0,90.0,90.0,0
2025-04-11 16:01:04,25.86,5.92,3.1,0.7,7.0,0.0,0.0,0.0,0.0,0.0,28.1,41.5,19.5,32.8,-128.7,21.8,0.0,1.0,1.0,1.0,0.0,0.0,1.0,0.0,90.0,90.0,0
2025-04-11 16:01:05,25.86,5.92,3.1,0.7,7.099999,0.0,0.0,0.0,0.0,0.0,28.1,41.5,19.4,32.7,-128.7,21.8,0.0,1.0,1.0,1.0,0.0,0.0,1.0,0.0,90.0,90.0,0
2025-04-11 16:01:06,25.84,5.94,3.1,0.7,7.599999,0.0,0.0,0.0,0.0,0.0,28.1,41.5,19.4,32.7,-128.7,21.7,0.0,1.0,1.0,1.0,0.0,0.0,1.0,0.0,90.0,90.0,0
2025-04-11 16:01:07,25.86,5.91,3.1,0.7,7.8,0.0,0.0,0.0,0.0,0.0,28.1,41.5,19.4,32.7,-128.7,21.7,0.0,1.0,1.0,1.0,0.0,0.0,1.0,0.0,90.0,90.0,0
2025-04-11 16:01:08,25.87,5.93,3.1,0.7,7.599999,0.0,0.0,0.0,0.0,0.0,28.1,41.5,19.4,32.7,-128.7,21.7,0.0,1.0,1.0,1.0,0.0,0.0,1.0,0.0,90.0,90.0,0
2025-04-11 16:01:09,25.87,5.92,3.1,0.7,7.7,0.0,0.0,0.0,0.0,0.0,28.1,41.5,19.4,32.7,-128.7,21.7,0.0,1.0,1.0,1.0,0.0,0.0,1.0,0.0,90.0,90.0,0
2025-04-11 16:01:10,25.86,5.93,3.1,0.7,7.7,0.0,0.0,0.0,0.0,0.0,28.1,41.5,19.4,32.7,-128.7,21.7,0.0,1.0,1.0,1.0,0.0,0.0,1.0,0.0,90.0,90.0,0
2025-04-11 16:01:11,25.84,5.92,3.1,0.7,7.9,0.0,0.0,0.0,0.0,0.0,28.1,41.5,19.4,32.7,-128.7,21.7,0.0,1.0,1.0,1.0,0.0,0.0,1.0,0.0,90.0,90.0,0
2025-04-11 16:01:12,25.83,5.93,3.1,0.7,7.099999,0.0,0.0,0.0,0.0,0.0,28.1,41.5,19.4,32.7,-128.7,21.7,0.0,1.0,1.0,1.0,0.0,0.0,1.0,0.0,90.0,90.0,0
2025-04-11 16:01:13,25.86,5.91,3.1,0.7,7.4,0.0,0.0,0.0,0.0,0.0,28.1,41.5,19.4,32.7,-128.7,21.7,0.0,1.0,1.0,1.0,0.0,0.0,1.0,0.0,90.0,90.0,0
2025-04-11 16:01:14,25.87,5.93,3.1,0.7,7.4,0.0,0.0,0.0,0.0,0.0,28.1,41.5,19.4,32.7,-128.7,21.7,0.0,1.0,1.0,1.0,0.0,0.0,1.0,0.0,90.0,90.0,0
2025-04-11 16:01:15,25.87,5.91,3.1,0.7,7.2,0.0,0.0,0.0,0.0,0.0,28.1,41.5,19.4,32.7,-128.7,21.7,0.0,1.0,1.0,1.0,0.0,0.0,1.0,0.0,90.0,90.0,0
2025-04-11 16:01:16,25.86,5.93,3.1,0.7,7.3,0.0,0.0,0.0,0.0,0.0,28.1,41.4,19.3,32.7,-128.7,21.7,0.0,1.0,1.0,1.0,0.0,0.0,1.0,0.0,90.0,90.0,0
2025-04-11 16:01:17,25.84,5.91,3.1,0.7,7.0,0.0,0.0,0.0,0.0,0.0,28.1,41.4,19.3,32.7,-128.7,21.7,0.0,1.0,1.0,1.0,0.0,0.0,1.0,0.0,90.0,90.0,0
2025-04-11 16:01:18,25.83,5.92,3.1,0.7,7.2,0.0,0.0,0.0,0.0,0.0,28.1,41.4,19.3,32.7,-128.7,21.8,0.0,1.0,1.0,1.0,0.0,0.0,1.0,0.0,90.0,90.0,0
2025-04-11 16:01:19,25.86,5.92,3.1,0.7,7.2,0.0,0.0,0.0,0.0,0.0,28.1,41.4,19.3,32.7,-128.7,21.7,0.0,1.0,1.0,1.0,0.0,0.0,1.0,0.0,90.0,90.0,0
2025-04-11 16:01:20,25.86,5.92,3.1,0.7,7.4,0.0,0.0,0.0,0.0,0.0,28.1,41.4,19.3,32.7,-128.7,21.8,0.0,1.0,1.0,1.0,0.0,0.0,1.0,0.0,90.0,90.0,0
2025-04-11 16:01:21,25.88,5.92,3.1,0.7,7.8,0.0,0.0,0.0,0.0,0.0,28.1,41.4,19.3,32.7,-128.7,21.7,0.0,1.0,1.0,1.0,0.0,0.0,1.0,0.0,90.0,90.0,0
2025-04-11 16:01:22,25.88,5.93,3.1,0.7,7.8,0.0,0.0,0.0,0.0,0.0,28.1,41.4,19.3,32.7,-128.7,21.7,0.0,1.0,1.0,1.0,0.0,0.0,1.0,0.0,90.0,90.0,0
2025-04-11 16:01:23,25.84,5.91,3.1,0.7,7.5,0.0,0.0,0.0,0.0,0.0,28.1,41.4,19.3,32.7,-128.7,21.7,0.0,1.0,1.0,1.0,0.0,0.0,1.0,0.0,90.0,90.0,0
2025-04-11 16:01:24,25.86,5.93,3.1,0.7,7.3,0.0,0.0,0.0,0.0,0.0,28.1,41.4,19.3,32.7,-128.7,21.7,0.0,1.0,1.0,1.0,0.0,0.0,1.0,0.0,90.0,90.0,0
2025-04-11 16:01:25,25.87,5.92,3.1,0.7,7.2,0.0,0.0,0.0,0.0,0.0,28.1,41.5,19.3,32.7,-128.7,21.7,0.0,1.0,1.0,1.0,0.0,0.0,1.0,0.0,90.0,90.0,0
2025-04-11 16:01:26,25.86,5.93,3.1,0.7,7.8,0.0,0.0,0.0,0.0,0.0,28.1,41.5,19.3,32.7,-128.7,21.7,0.0,1.0,1.0,1.0,0.0,0.0,1.0,0.0,90.0,90.0,0
2025-04-11 16:01:27,25.86,5.92,3.1,0.7,7.099999,0.0,0.0,0.0,0.0,0.0,28.1,41.5,19.3,32.6,-128.7,21.5,0.0,1.0,1.0,1.0,0.0,0.0,1.0,0.0,90.0,90.0,0
2025-04-11 16:01:28,25.84,5.92,3.1,0.7,7.099999,0.0,0.0,0.0,0.0,0.0,28.1,41.5,19.3,32.6,-128.7,21.6,0.0,1.0,1.0,1.0,0.0,0.0,1.0,0.0,90.0,90.0,0
2025-04-11 16:01:29,25.84,5.92,3.1,0.7,6.9,0.0,0.0,0.0,0.0,0.0,28.1,41.5,19.3,32.6,-128.7,21.6,0.0,1.0,1.0,1.0,0.0,0.0,1.0,0.0,90.0,90.0,0
2025-04-11 16:01:30,25.84,5.92,3.1,0.7,7.2,0.0,0.0,0.0,0.0,0.0,28.1,41.5,19.3,32.6,-128.7,21.6,0.0,1.0,1.0,1.0,0.0,0.0,1.0,0.0,90.0,90.0,0
2025-04-11 16:01:31,25.86,5.93,3.1,0.7,7.3,0.0,0.0,0.0,0.0,0.0,28.1,41.5,19.3,32.6,-128.7,21.5,0.0,1.0,1.0,1.0,0.0,0.0,1.0,0.0,90.0,90.0,0
2025-04-11 16:01:32,25.87,5.94,3.1,0.7,7.099999,0.0,0.0,0.0,0.0,0.0,28.1,41.5,19.3,32.6,-128.7,21.6,0.0,1.0,1.0,1.0,0.0,0.0,1.0,0.0,90.0,90.0,0
2025-04-11 16:01:33,25.86,5.93,3.1,0.7,7.599999,0.0,0.0,0.0,0.0,0.0,28.1,41.5,19.2,32.6,-128.7,21.5,0.0,1.0,1.0,1.0,0.0,0.0,1.0,0.0,90.0,90.0,0
2025-04-11 16:01:34,25.84,5.94,3.1,0.7,7.2,0.0,0.0,0.0,0.0,0.0,28.1,41.5,19.2,32.6,-128.7,21.6,0.0,1.0,1.0,1.0,0.0,0.0,1.0,0.0,90.0,90.0,0
2025-04-11 16:01:35,25.84,5.92,3.1,0.7,7.0,0.0,0.0,0.0,0.0,0.0,28.1,41.5,19.2,32.6,-128.7,21.6,0.0,1.0,1.0,1.0,0.0,0.0,1.0,0.0,90.0,90.0,0
2025-04-11 16:01:36,25.83,5.93,3.1,0.7,7.5,0.0,0.0,0.0,0.0,0.0,28.1,41.5,19.2,32.6,-128.7,21.6,0.0,1.0,1.0,1.0,0.0,0.0,1.0,0.0,90.0,90.0,0
2025-04-11 16:01:37,25.86,5.93,3.1,0.7,7.2,0.0,0.0,0.0,0.0,0.0,28.1,41.5,19.2,32.6,-128.7,21.6,0.0,1.0,1.0,1.0,0.0,0.0,1.0,0.0,90.0,90.0,0
2025-04-11 16:01:38,25.86,5.93,3.1,0.7,7.2,0.0,0.0,0.0,0.0,0.0,28.1,41.5,19.2,32.6,-128.7,21.6,0.0,1.0,1.0,1.0,0.0,0.0,1.0,0.0,90.0,90.0,0
2025-04-11 16:01:39,25.86,5.93,3.1,0.7,7.599999,0.0,0.0,0.0,0.0,0.0,28.1,41.5,19.2,32.6,-128.7,21.6,0.0,1.0,1.0,1.0,0.0,0.0,1.0,0.0,90.0,90.0,0
2025-04-11 16:01:40,25.87,5.93,3.1,0.7,7.7,0.0,0.0,0.0,0.0,0.0,28.1,41.5,19.2,32.6,-128.7,21.6,0.0,1.0,1.0,1.0,0.0,0.0,1.0,0.0,90.0,90.0,0
2025-04-11 16:01:41,25.84,5.93,3.1,0.7,7.3,0.0,0.0,0.0,0.0,0.0,28.1,41.5,19.2,32.6,-128.7,21.5,0.0,1.0,1.0,1.0,0.0,0.0,1.0,0.0,90.0,90.0,0
2025-04-11 16:01:42,25.83,5.93,3.1,0.7,7.4,0.0,0.0,0.0,0.0,0.0,28.1,41.5,19.2,32.6,-128.7,21.6,0.0,1.0,1.0,1.0,0.0,0.0,1.0,0.0,90.0,90.0,0
2025-04-11 16:01:43,25.84,5.93,3.1,0.7,7.7,0.0,0.0,0.0,0.0,0.0,28.1,41.5,19.2,32.6,-128.7,21.5,0.0,1.0,1.0,1.0,0.0,0.0,1.0,0.0,90.0,90.0,0
2025-04-11 16:01:44,25.84,5.93,3.1,0.7,7.7,0.0,0.0,0.0,0.0,0.0,28.1,41.5,19.1,32.6,-128.7,21.6,0.0,1.0,1.0,1.0,0.0,0.0,1.0,0.0,90.0,90.0,0
2025-04-11 16:01:45,25.84,5.93,3.1,0.7,7.2,0.0,0.0,0.0,0.0,0.0,28.1,41.5,19.1,32.6,-128.7,21.5,0.0,1.0,1.0,1.0,0.0,0.0,1.0,0.0,90.0,90.0,0
2025-04-11 16:01:46,25.84,5.93,3.1,0.7,7.2,0.0,0.0,0.0,0.0,0.0,28.1,41.5,19.1,32.6,-128.7,21.6,0.0,1.0,1.0,1.0,0.0,0.0,1.0,0.0,90.0,90.0,0
2025-04-11 16:01:47,25.84,5.94,3.1,0.7,7.7,0.0,0.0,0.0,0.0,0.0,28.1,41.4,19.1,32.6,-128.7,21.5,0.0,1.0,1.0,1.0,0.0,0.0,1.0,0.0,90.0,90.0,0
2025-04-11 16:01:48,25.83,5.93,3.1,0.7,7.3,0.0,0.0,0.0,0.0,0.0,28.1,41.4,19.1,32.5,-128.7,21.5,0.0,1.0,1.0,1.0,0.0,0.0,1.0,0.0,90.0,90.0,0
2025-04-11 16:01:49,25.84,5.94,3.1,0.7,7.2,0.0,0.0,0.0,0.0,0.0,28.1,41.4,19.1,32.5,-128.7,21.4,0.0,1.0,1.0,1.0,0.0,0.0,1.0,0.0,90.0,90.0,0
2025-04-11 16:01:50,25.84,5.93,3.1,0.7,7.4,0.0,0.0,0.0,0.0,0.0,28.1,41.4,19.1,32.5,-128.7,21.5,0.0,1.0,1.0,1.0,0.0,0.0,1.0,0.0,90.0,90.0,0
2025-04-11 16:01:51,25.83,5.94,3.1,0.7,7.599999,0.0,0.0,0.0,0.0,0.0,28.1,41.4,19.1,32.5,-128.7,21.4,0.0,1.0,1.0,1.0,0.0,0.0,1.0,0.0,90.0,90.0,0
2025-04-11 16:01:52,25.83,5.93,3.1,0.7,7.0,0.0,0.0,0.0,0.0,0.0,28.1,41.4,19.1,32.5,-128.7,21.5,0.0,1.0,1.0,1.0,0.0,0.0,1.0,0.0,90.0,90.0,0
2025-04-11 16:01:53,25.82,5.93,3.1,0.7,7.4,0.0,0.0,0.0,0.0,0.0,28.1,41.4,19.1,32.5,-128.7,21.5,0.0,1.0,1.0,1.0,0.0,0.0,1.0,0.0,90.0,90.0,0
2025-04-11 16:01:54,25.84,5.93,3.1,0.7,7.4,0.0,0.0,0.0,0.0,0.0,28.1,41.4,19.1,32.5,-128.7,21.6,0.0,1.0,1.0,1.0,0.0,0.0,1.0,0.0,90.0,90.0,0
2025-04-11 16:01:55,25.86,5.93,3.1,0.7,7.8,0.0,0.0,0.0,0.0,0.0,28.1,41.4,19.0,32.5,-128.7,21.5,0.0,1.0,1.0,1.0,0.0,0.0,1.0,0.0,90.0,90.0,0
2025-04-11 16:01:56,25.86,5.92,3.1,0.7,7.5,0.0,0.0,0.0,0.0,0.0,28.1,41.4,19.0,32.5,-128.7,21.5,0.0,1.0,1.0,1.0,0.0,0.0,1.0,0.0,90.0,90.0,0
2025-04-11 16:01:57,25.84,5.94,3.1,0.7,7.3,0.0,0.0,0.0,0.0,0.0,28.1,41.4,19.0,32.5,-128.7,21.4,0.0,1.0,1.0,1.0,0.0,0.0,1.0,0.0,90.0,90.0,0
2025-04-11 16:01:58,25.82,5.92,3.1,0.7,8.099999,0.0,0.0,0.0,0.0,0.0,28.1,41.4,19.0,32.5,-128.7,21.5,0.0,1.0,1.0,1.0,0.0,0.0,1.0,0.0,90.0,90.0,0
2025-04-11 16:01:59,25.82,5.93,3.1,0.7,7.8,0.0,0.0,0.0,0.0,0.0,28.1,41.4,19.0,32.5,-128.7,21.5,0.0,1.0,1.0,1.0,0.0,0.0,1.0,0.0,90.0,90.0,0
2025-04-11 16:02:00,25.83,5.92,3.0,0.7,7.2,0.0,0.0,0.0,0.0,0.0,28.1,41.4,19.0,32.5,-128.7,21.5,0.0,1.0,1.0,1.0,0.0,0.0,1.0,0.0,90.0,90.0,0
2025-04-11 16:02:01,25.84,5.94,3.1,0.7,7.8,0.0,0.0,0.0,0.0,0.0,28.1,41.4,19.0,32.5,-128.7,21.4,0.0,1.0,1.0,1.0,0.0,0.0,1.0,0.0,90.0,90.0,0
2025-04-11 16:02:02,25.86,5.92,3.1,0.7,7.2,0.0,0.0,0.0,0.0,0.0,28.1,41.4,19.0,32.5,-128.7,21.5,0.0,1.0,1.0,1.0,0.0,0.0,1.0,0.0,90.0,90.0,0
2025-04-11 16:02:03,25.84,5.94,3.1,0.7,7.9,0.0,0.0,0.0,0.0,0.0,28.1,41.4,19.0,32.5,-128.7,21.5,0.0,1.0,1.0,1.0,0.0,0.0,1.0,0.0,90.0,90.0,0
2025-04-11 16:02:04,25.86,5.92,3.1,0.7,7.5,0.0,0.0,0.0,0.0,0.0,28.1,41.4,19.0,32.5,-128.7,21.5,0.0,1.0,1.0,1.0,0.0,0.0,1.0,0.0,90.0,90.0,0
2025-04-11 16:02:05,25.83,5.94,3.1,0.7,7.7,0.0,0.0,0.0,0.0,0.0,28.1,41.4,19.0,32.5,-128.7,21.4,0.0,1.0,1.0,1.0,0.0,0.0,1.0,0.0,90.0,90.0,0
2025-04-11 16:02:06,25.83,5.92,3.1,0.7,7.8,0.0,0.0,0.0,0.0,0.0,28.1,41.4,19.0,32.5,-128.7,21.5,0.0,1.0,1.0,1.0,0.0,0.0,1.0,0.0,90.0,90.0,0
2025-04-11 16:02:07,25.84,5.92,3.0,0.7,7.099999,0.0,0.0,0.0,0.0,0.0,28.0,41.4,18.9,32.5,-128.7,21.5,0.0,1.0,1.0,1.0,0.0,0.0,1.0,0.0,90.0,90.0,0
2025-04-11 16:02:08,25.83,5.93,3.1,0.7,7.4,0.0,0.0,0.0,0.0,0.0,28.0,41.4,18.9,32.4,-128.7,21.4,0.0,1.0,1.0,1.0,0.0,0.0,1.0,0.0,90.0,90.0,0
2025-04-11 16:02:09,25.84,5.92,3.1,0.7,7.599999,0.0,0.0,0.0,0.0,0.0,28.0,41.4,18.9,32.4,-128.7,21.4,0.0,1.0,1.0,1.0,0.0,0.0,1.0,0.0,90.0,90.0,0
2025-04-11 16:02:10,25.87,5.93,3.1,0.7,7.9,0.0,0.0,0.0,0.0,0.0,28.0,41.5,18.9,32.4,-128.7,21.3,0.0,1.0,1.0,1.0,0.0,0.0,1.0,0.0,90.0,90.0,0
2025-04-11 16:02:11,25.87,5.92,3.1,0.7,7.4,0.0,0.0,0.0,0.0,0.0,28.0,41.5,18.9,32.4,-128.7,21.5,0.0,1.0,1.0,1.0,0.0,0.0,1.0,0.0,90.0,90.0,0
2025-04-11 16:02:12,25.88,5.93,3.1,0.7,7.599999,0.0,0.0,0.0,0.0,0.0,28.0,41.5,18.9,32.4,-128.7,21.4,0.0,1.0,1.0,1.0,0.0,0.0,1.0,0.0,90.0,90.0,0
2025-04-11 16:02:13,25.87,5.92,3.1,0.7,7.3,0.0,0.0,0.0,0.0,0.0,28.0,41.5,18.9,32.4,-128.7,21.4,0.0,1.0,1.0,1.0,0.0,0.0,1.0,0.0,90.0,90.0,0
2025-04-11 16:02:14,25.86,5.94,3.1,0.7,7.8,0.0,0.0,0.0,0.0,0.0,28.0,41.5,18.9,32.4,-128.7,21.3,0.0,1.0,1.0,1.0,0.0,0.0,1.0,0.0,90.0,90.0,0
2025-04-11 16:02:15,25.83,5.92,3.1,0.7,7.599999,0.0,0.0,0.0,0.0,0.0,28.0,41.5,18.9,32.4,-128.7,21.4,0.0,1.0,1.0,1.0,0.0,0.0,1.0,0.0,90.0,90.0,0
2025-04-11 16:02:16,25.83,5.93,3.1,0.7,8.0,0.0,0.0,0.0,0.0,0.0,28.0,41.5,18.9,32.4,-128.7,21.4,0.0,1.0,1.0,1.0,0.0,0.0,1.0,0.0,90.0,90.0,0
2025-04-11 16:02:17,25.84,5.93,3.1,0.7,7.8,0.0,0.0,0.0,0.0,0.0,28.0,41.5,18.9,32.4,-128.7,21.4,0.0,1.0,1.0,1.0,0.0,0.0,1.0,0.0,90.0,90.0,0
2025-04-11 16:02:18,25.86,5.91,3.1,0.7,7.5,0.0,0.0,0.0,0.0,0.0,28.0,41.5,18.8,32.4,-128.7,21.5,0.0,1.0,1.0,1.0,0.0,0.0,1.0,0.0,90.0,90.0,0
2025-04-11 16:02:19,25.87,5.93,3.0,0.7,7.7,0.0,0.0,0.0,0.0,0.0,28.0,41.5,18.8,32.4,-128.7,21.3,0.0,1.0,1.0,1.0,0.0,0.0,1.0,0.0,90.0,90.0,0
2025-04-11 16:02:20,25.84,5.91,3.1,0.7,7.099999,0.0,0.0,0.0,0.0,0.0,28.0,41.5,18.8,32.4,-128.7,21.5,0.0,1.0,1.0,1.0,0.0,0.0,1.0,0.0,90.0,90.0,0
2025-04-11 16:02:21,25.84,5.93,3.1,0.7,7.4,0.0,0.0,0.0,0.0,0.0,28.0,41.4,18.8,32.4,-128.7,21.4,0.0,1.0,1.0,1.0,0.0,0.0,1.0,0.0,90.0,90.0,0
2025-04-11 16:02:22,25.86,5.91,3.1,0.7,7.0,0.0,0.0,0.0,0.0,0.0,28.0,41.4,18.8,32.4,-128.7,21.4,0.0,1.0,1.0,1.0,0.0,0.0,1.0,0.0,90.0,90.0,0
2025-04-11 16:02:23,25.84,5.93,3.1,0.7,7.4,0.0,0.0,0.0,0.0,0.0,28.0,41.4,18.8,32.4,-128.7,21.4,0.0,1.0,1.0,1.0,0.0,0.0,1.0,0.0,90.0,90.0,0
2025-04-11 16:02:24,25.87,5.92,3.1,0.7,7.4,0.0,0.0,0.0,0.0,0.0,28.0,41.4,18.8,32.4,-128.7,21.4,0.0,1.0,1.0,1.0,0.0,0.0,1.0,0.0,90.0,90.0,0
2025-04-11 16:02:25,25.84,5.92,3.1,0.7,8.0,0.0,0.0,0.0,0.0,0.0,28.0,41.4,18.8,32.4,-128.7,21.4,0.0,1.0,1.0,1.0,0.0,0.0,1.0,0.0,90.0,90.0,0
2025-04-11 16:02:26,25.84,5.93,3.1,0.7,7.099999,0.0,0.0,0.0,0.0,0.0,28.0,41.4,18.8,32.4,-128.7,21.4,0.0,1.0,1.0,1.0,0.0,0.0,1.0,0.0,90.0,90.0,0
2025-04-11 16:02:27,25.86,5.91,3.1,0.7,7.7,0.0,0.0,0.0,0.0,0.0,28.0,41.4,18.8,32.4,-128.7,21.5,0.0,1.0,1.0,1.0,0.0,0.0,1.0,0.0,90.0,90.0,0
2025-04-11 16:02:28,25.84,5.93,3.1,0.7,7.2,0.0,0.0,0.0,0.0,0.0,28.0,41.4,18.8,32.4,-128.7,21.4,0.0,1.0,1.0,1.0,0.0,0.0,1.0,0.0,90.0,90.0,0
2025-04-11 16:02:29,25.86,5.92,3.1,0.7,7.3,0.0,0.0,0.0,0.0,0.0,28.0,41.4,18.8,32.3,-128.7,21.3,0.0,1.0,1.0,1.0,0.0,0.0,1.0,0.0,90.0,90.0,0
2025-04-11 16:02:30,25.84,5.94,3.1,0.7,6.9,0.0,0.0,0.0,0.0,0.0,28.0,41.4,18.8,32.3,-128.7,21.3,0.0,1.0,1.0,1.0,0.0,0.0,1.0,0.0,90.0,90.0,0
2025-04-11 16:02:31,25.86,5.92,3.1,0.7,7.8,0.0,0.0,0.0,0.0,0.0,28.0,41.4,18.8,32.3,-128.7,21.3,0.0,1.0,1.0,1.0,0.0,0.0,1.0,0.0,90.0,90.0,0
2025-04-11 16:02:32,25.84,5.93,3.1,0.7,7.7,0.0,0.0,0.0,0.0,0.0,28.0,41.4,18.8,32.3,-128.7,21.3,0.0,1.0,1.0,1.0,0.0,0.0,1.0,0.0,90.0,90.0,0
2025-04-11 16:02:33,25.86,5.92,3.1,0.7,7.9,0.0,0.0,0.0,0.0,0.0,28.0,41.4,18.7,32.3,-128.7,21.3,0.0,1.0,1.0,1.0,0.0,0.0,1.0,0.0,90.0,90.0,0
2025-04-11 16:02:34,25.84,5.92,3.0,0.7,7.5,0.0,0.0,0.0,0.0,0.0,28.0,41.4,18.7,32.3,-128.7,21.3,0.0,1.0,1.0,1.0,0.0,0.0,1.0,0.0,90.0,90.0,0
2025-04-11 16:02:35,25.87,5.93,3.1,0.7,7.7,0.0,0.0,0.0,0.0,0.0,28.0,41.4,18.7,32.3,-128.7,21.2,0.0,1.0,1.0,1.0,0.0,0.0,1.0,0.0,90.0,90.0,0
2025-04-11 16:02:36,25.84,5.91,3.1,0.7,8.0,0.0,0.0,0.0,0.0,0.0,28.0,41.4,18.7,32.3,-128.7,21.4,0.0,1.0,1.0,1.0,0.0,0.0,1.0,0.0,90.0,90.0,0
2025-04-11 16:02:37,25.86,5.92,3.1,0.7,7.5,0.0,0.0,0.0,0.0,0.0,28.0,41.4,18.7,32.3,-128.7,21.3,0.0,1.0,1.0,1.0,0.0,0.0,1.0,0.0,90.0,90.0,0
2025-04-11 16:02:38,25.87,5.92,3.1,0.7,7.8,0.0,0.0,0.0,0.0,0.0,28.0,41.4,18.7,32.3,-128.7,21.3,0.0,1.0,1.0,1.0,0.0,0.0,1.0,0.0,90.0,90.0,0
2025-04-11 16:02:39,25.84,5.93,3.1,0.7,7.2,0.0,0.0,0.0,0.0,0.0,28.0,41.4,18.7,32.3,-128.7,21.4,0.0,1.0,1.0,1.0,0.0,0.0,1.0,0.0,90.0,90.0,0
2025-04-11 16:02:40,25.86,5.91,3.1,0.7,8.0,0.0,0.0,0.0,0.0,0.0,28.0,41.4,18.7,32.3,-128.7,21.3,0.0,1.0,1.0,1.0,0.0,0.0,1.0,0.0,90.0,90.0,0
2025-04-11 16:02:41,25.84,5.91,3.1,0.7,7.3,0.0,0.0,0.0,0.0,0.0,28.0,41.4,18.7,32.3,-128.7,21.3,0.0,1.0,1.0,1.0,0.0,0.0,1.0,0.0,90.0,90.0,0
2025-04-11 16:02:42,25.84,5.93,3.0,0.7,7.9,0.0,0.0,0.0,0.0,0.0,28.0,41.4,18.7,32.3,-128.7,21.3,0.0,1.0,1.0,1.0,0.0,0.0,1.0,0.0,90.0,90.0,0
2025-04-11 16:02:43,25.86,5.91,3.1,0.7,7.0,0.0,0.0,0.0,0.0,0.0,28.0,41.4,18.7,32.3,-128.7,21.3,0.0,1.0,1.0,1.0,0.0,0.0,1.0,0.0,90.0,90.0,0
2025-04-11 16:02:44,25.88,5.93,3.1,0.7,8.0,0.0,0.0,0.0,0.0,0.0,28.0,41.4,18.7,32.3,-128.7,21.3,0.0,1.0,1.0,1.0,0.0,0.0,1.0,0.0,90.0,90.0,0
2025-04-11 16:02:45,25.88,5.93,3.1,0.7,7.2,0.0,0.0,0.0,0.0,0.0,28.0,41.4,18.7,32.3,-128.7,21.3,0.0,1.0,1.0,1.0,0.0,0.0,1.0,0.0,90.0,90.0,0
2025-04-11 16:02:46,25.88,5.91,3.1,0.7,8.0,0.0,0.0,0.0,0.0,0.0,28.0,41.4,18.7,32.3,-128.7,21.4,0.0,1.0,1.0,1.0,0.0,0.0,1.0,0.0,90.0,90.0,0
2025-04-11 16:02:47,25.87,5.94,3.1,0.7,7.099999,0.0,0.0,0.0,0.0,0.0,28.0,41.4,18.7,32.3,-128.7,21.3,0.0,1.0,1.0,1.0,0.0,0.0,1.0,0.0,90.0,90.0,0
2025-04-11 16:02:48,25.84,5.92,3.1,0.7,7.8,0.0,0.0,0.0,0.0,0.0,28.0,41.4,18.7,32.3,-128.7,21.3,0.0,1.0,1.0,1.0,0.0,0.0,1.0,0.0,90.0,90.0,0
2025-04-11 16:02:49,25.84,5.93,3.1,0.7,7.4,0.0,0.0,0.0,0.0,0.0,28.0,41.4,18.7,32.3,-128.7,21.3,0.0,1.0,1.0,1.0,0.0,0.0,1.0,0.0,90.0,90.0,0
2025-04-11 16:02:50,25.84,5.92,3.1,0.7,7.2,0.0,0.0,0.0,0.0,0.0,28.0,41.4,18.7,32.3,-128.7,21.3,0.0,1.0,1.0,1.0,0.0,0.0,1.0,0.0,90.0,90.0,0
2025-04-11 16:02:51,25.84,5.93,3.1,0.7,7.3,0.0,0.0,0.0,0.0,0.0,28.0,41.4,18.7,32.3,-128.7,21.3,0.0,1.0,1.0,1.0,0.0,0.0,1.0,0.0,90.0,90.0,0
2025-04-11 16:02:52,25.86,5.93,3.1,0.7,7.3,0.0,0.0,0.0,0.0,0.0,28.0,41.4,18.7,32.3,-128.7,21.3,0.0,1.0,1.0,1.0,0.0,0.0,1.0,0.0,90.0,90.0,0
2025-04-11 16:02:53,25.87,5.92,3.1,0.7,7.4,0.0,0.0,0.0,0.0,0.0,28.0,41.5,18.7,32.2,-128.7,21.2,0.0,1.0,1.0,1.0,0.0,0.0,1.0,0.0,90.0,90.0,0
2025-04-11 16:02:54,25.88,5.93,3.1,0.7,7.4,0.0,0.0,0.0,0.0,0.0,28.0,41.5,18.7,32.2,-128.7,21.2,0.0,1.0,1.0,1.0,0.0,0.0,1.0,0.0,90.0,90.0,0
2025-04-11 16:02:55,25.88,5.92,3.1,0.7,7.2,0.0,0.0,0.0,0.0,0.0,28.0,41.5,18.7,32.2,-128.7,21.2,0.0,1.0,1.0,1.0,0.0,0.0,1.0,0.0,90.0,90.0,0
2025-04-11 16:02:56,25.88,5.93,3.1,0.7,7.4,0.0,0.0,0.0,0.0,0.0,28.0,41.5,18.7,32.2,-128.7,21.2,0.0,1.0,1.0,1.0,0.0,0.0,1.0,0.0,90.0,90.0,0
2025-04-11 16:02:57,25.88,5.91,3.1,0.7,7.2,0.0,0.0,0.0,0.0,0.0,28.0,41.5,18.7,32.2,-128.7,21.2,0.0,1.0,1.0,1.0,0.0,0.0,1.0,0.0,90.0,90.0,0
2025-04-11 16:02:58,25.89,5.93,3.1,0.7,7.7,0.0,0.0,0.0,0.0,0.0,28.0,41.5,18.7,32.2,-128.7,21.2,0.0,1.0,1.0,1.0,0.0,0.0,1.0,0.0,90.0,90.0,0
2025-04-11 16:02:59,25.88,5.93,3.1,0.7,7.4,0.0,0.0,0.0,0.0,0.0,28.0,41.5,18.7,32.2,-128.7,21.1,0.0,1.0,1.0,1.0,0.0,0.0,1.0,0.0,90.0,90.0,0
2025-04-11 16:03:00,25.89,5.93,3.1,0.7,7.7,0.0,0.0,0.0,0.0,0.0,28.0,41.5,18.7,32.2,-128.7,21.2,0.0,1.0,1.0,1.0,0.0,0.0,1.0,0.0,90.0,90.0,0
2025-04-11 16:03:01,25.88,5.94,3.1,0.7,7.8,0.0,0.0,0.0,0.0,0.0,28.0,41.5,18.7,32.2,-128.7,21.1,0.0,1.0,1.0,1.0,0.0,0.0,1.0,0.0,90.0,90.0,0
2025-04-11 16:03:02,25.88,5.92,3.1,0.7,7.0,0.0,0.0,0.0,0.0,0.0,28.0,41.5,18.7,32.2,-128.7,21.1,0.0,1.0,1.0,1.0,0.0,0.0,1.0,0.0,90.0,90.0,0
2025-04-11 16:03:03,25.88,5.94,3.1,0.7,7.3,0.0,0.0,0.0,0.0,0.0,28.0,41.5,18.7,32.2,-128.7,21.1,0.0,1.0,1.0,1.0,0.0,0.0,1.0,0.0,90.0,90.0,0
2025-04-11 16:03:04,25.9,5.93,3.1,0.7,7.599999,0.0,0.0,0.0,0.0,0.0,28.0,41.5,18.7,32.2,-128.7,21.2,0.0,1.0,1.0,1.0,0.0,0.0,1.0,0.0,90.0,90.0,0
2025-04-11 16:03:05,25.9,5.94,3.0,0.7,7.4,0.0,0.0,0.0,0.0,0.0,28.0,41.5,18.7,32.2,-128.7,21.1,0.0,1.0,1.0,1.0,0.0,0.0,1.0,0.0,90.0,90.0,0
2025-04-11 16:03:06,25.89,5.94,3.1,0.7,7.3,0.0,0.0,0.0,0.0,0.0,28.0,41.5,18.7,32.2,-128.7,21.1,0.0,1.0,1.0,1.0,0.0,0.0,1.0,0.0,90.0,90.0,0
2025-04-11 16:03:07,25.89,5.94,3.1,0.7,7.7,0.0,0.0,0.0,0.0,0.0,28.0,41.5,18.7,32.2,-128.7,21.2,0.0,1.0,1.0,1.0,0.0,0.0,1.0,0.0,90.0,90.0,0
2025-04-11 16:03:08,25.9,5.95,3.0,0.7,7.2,0.0,0.0,0.0,0.0,0.0,28.0,41.5,18.7,32.2,-128.7,21.1,0.0,1.0,1.0,1.0,0.0,0.0,1.0,0.0,90.0,90.0,0
2025-04-11 16:03:09,25.93,5.94,3.1,0.7,7.2,0.0,0.0,0.0,0.0,0.0,28.0,41.5,18.7,32.2,-128.7,21.1,0.0,1.0,1.0,1.0,0.0,0.0,1.0,0.0,90.0,90.0,0
2025-04-11 16:03:10,25.94,5.95,3.1,0.7,7.8,0.0,0.0,0.0,0.0,0.0,28.0,41.5,18.7,32.2,-128.7,21.1,0.0,1.0,1.0,1.0,0.0,0.0,1.0,0.0,90.0,90.0,0
2025-04-11 16:03:11,25.95,5.94,3.1,0.7,7.7,0.0,0.0,0.0,0.0,0.0,28.0,41.5,18.7,32.2,-128.7,21.1,0.0,1.0,1.0,1.0,0.0,0.0,1.0,0.0,90.0,90.0,0
2025-04-11 16:03:12,25.94,5.95,3.1,0.7,7.7,0.0,0.0,0.0,0.0,0.0,28.0,41.5,18.7,32.2,-128.7,21.1,0.0,1.0,1.0,1.0,0.0,0.0,1.0,0.0,90.0,90.0,0
2025-04-11 16:03:13,25.93,5.95,3.1,0.7,8.0,0.0,0.0,0.0,0.0,0.0,28.0,41.6,18.7,32.2,-128.7,21.1,0.0,1.0,1.0,1.0,0.0,0.0,1.0,0.0,90.0,90.0,0
2025-04-11 16:03:14,25.95,5.95,3.1,0.7,7.2,0.0,0.0,0.0,0.0,0.0,28.0,41.6,18.7,32.2,-128.7,21.1,0.0,1.0,1.0,1.0,0.0,0.0,1.0,0.0,90.0,90.0,0
2025-04-11 16:03:15,25.93,5.96,3.1,0.7,7.599999,0.0,0.0,0.0,0.0,0.0,28.0,41.6,18.7,32.2,-128.7,21.0,0.0,1.0,1.0,1.0,0.0,0.0,1.0,0.0,90.0,90.0,0
2025-04-11 16:03:16,25.94,5.94,3.1,0.7,7.5,0.0,0.0,0.0,0.0,0.0,28.0,41.6,18.8,32.2,-128.7,21.1,0.0,1.0,1.0,1.0,0.0,0.0,1.0,0.0,90.0,90.0,0
2025-04-11 16:03:17,25.93,5.95,3.1,0.7,7.2,0.0,0.0,0.0,0.0,0.0,28.0,41.6,18.8,32.2,-128.7,21.0,0.0,1.0,1.0,1.0,0.0,0.0,1.0,0.0,90.0,90.0,0
2025-04-11 16:03:18,25.93,5.94,3.1,0.7,7.9,0.0,0.0,0.0,0.0,0.0,28.0,41.6,18.8,32.2,-128.7,21.1,0.0,1.0,1.0,1.0,0.0,0.0,1.0,0.0,90.0,90.0,0
2025-04-11 16:03:19,25.94,5.96,3.1,0.7,7.2,0.0,0.0,0.0,0.0,0.0,28.0,41.6,18.8,32.2,-128.7,21.0,0.0,1.0,1.0,1.0,0.0,0.0,1.0,0.0,90.0,90.0,0
2025-04-11 16:03:20,25.94,5.94,3.1,0.7,7.7,0.0,0.0,0.0,0.0,0.0,28.0,41.6,18.8,32.2,-128.7,21.1,0.0,1.0,1.0,1.0,0.0,0.0,1.0,0.0,90.0,90.0,0
2025-04-11 16:03:21,25.95,5.96,3.1,0.7,7.8,0.0,0.0,0.0,0.0,0.0,28.0,41.6,18.8,32.2,-128.7,21.0,0.0,1.0,1.0,1.0,0.0,0.0,1.0,0.0,90.0,90.0,0
2025-04-11 16:03:22,25.95,5.95,3.1,0.7,7.599999,0.0,0.0,0.0,0.0,0.0,28.0,41.6,18.8,32.2,-128.7,21.0,0.0,1.0,1.0,1.0,0.0,0.0,1.0,0.0,90.0,90.0,0
2025-04-11 16:03:23,25.98,5.95,3.1,0.7,7.5,0.0,0.0,0.0,0.0,0.0,28.0,41.6,18.8,32.2,-128.7,21.1,0.0,1.0,1.0,1.0,0.0,0.0,1.0,0.0,90.0,90.0,0
2025-04-11 16:03:24,25.97,5.96,3.1,0.7,7.2,0.0,0.0,0.0,0.0,0.0,28.0,41.6,18.8,32.2,-128.7,21.0,0.0,1.0,1.0,1.0,0.0,0.0,1.0,0.0,90.0,90.0,0
2025-04-11 16:03:25,25.98,5.96,3.1,0.7,7.8,0.0,0.0,0.0,0.0,0.0,28.0,41.6,18.8,32.2,-128.7,21.0,0.0,1.0,1.0,1.0,0.0,0.0,1.0,0.0,90.0,90.0,0
2025-04-11 16:03:26,25.99,5.96,3.1,0.7,6.9,0.0,0.0,0.0,0.0,0.0,28.0,41.6,18.8,32.2,-128.7,21.0,0.0,1.0,1.0,1.0,0.0,0.0,1.0,0.0,90.0,90.0,0
2025-04-11 16:03:27,25.99,5.96,3.1,0.7,7.5,0.0,0.0,0.0,0.0,0.0,28.0,41.6,18.7,32.2,-128.7,21.1,0.0,1.0,1.0,1.0,0.0,0.0,1.0,0.0,90.0,90.0,0
2025-04-11 16:03:28,25.99,5.96,3.1,0.7,7.599999,0.0,0.0,0.0,0.0,0.0,28.0,41.6,18.7,32.2,-128.7,21.0,0.0,1.0,1.0,1.0,0.0,0.0,1.0,0.0,90.0,90.0,0
2025-04-11 16:03:29,25.99,5.95,3.1,0.7,7.3,0.0,0.0,0.0,0.0,0.0,28.0,41.6,18.7,32.2,-128.7,21.1,0.0,1.0,1.0,1.0,0.0,0.0,1.0,0.0,90.0,90.0,0
2025-04-11 16:03:30,25.98,5.97,3.1,0.7,8.099999,0.0,0.0,0.0,0.0,0.0,28.0,41.6,18.7,32.2,-128.7,21.0,0.0,1.0,1.0,1.0,0.0,0.0,1.0,0.0,90.0,90.0,0
2025-04-11 16:03:31,25.99,5.95,3.1,0.7,7.5,0.0,0.0,0.0,0.0,0.0,28.0,41.6,18.7,32.2,-128.7,21.1,0.0,1.0,1.0,1.0,0.0,0.0,1.0,0.0,90.0,90.0,0
2025-04-11 16:03:32,26.0,5.97,3.1,0.7,7.0,0.0,0.0,0.0,0.0,0.0,28.0,41.6,18.8,32.2,-128.7,21.0,0.0,1.0,1.0,1.0,0.0,0.0,1.0,0.0,90.0,90.0,0
2025-04-11 16:03:33,26.0,5.96,3.1,0.7,7.2,0.0,0.0,0.0,0.0,0.0,28.0,41.6,18.8,32.2,-128.7,21.0,0.0,1.0,1.0,1.0,0.0,0.0,1.0,0.0,90.0,90.0,0
2025-04-11 16:03:34,26.01,5.96,3.0,0.7,7.2,0.0,0.0,0.0,0.0,0.0,28.0,41.7,18.8,32.2,-128.7,21.0,0.0,1.0,1.0,1.0,0.0,0.0,1.0,0.0,90.0,90.0,0
2025-04-11 16:03:35,26.0,5.96,3.1,0.7,7.099999,0.0,0.0,0.0,0.0,0.0,28.0,41.7,18.8,32.2,-128.7,21.0,0.0,1.0,1.0,1.0,0.0,0.0,1.0,0.0,90.0,90.0,0
2025-04-11 16:03:36,25.99,5.96,3.1,0.7,7.4,0.0,0.0,0.0,0.0,0.0,28.0,41.7,18.8,32.2,-128.7,21.1,0.0,1.0,1.0,1.0,0.0,0.0,1.0,0.0,90.0,90.0,0
2025-04-11 16:03:37,25.99,5.97,3.1,0.7,7.7,0.0,0.0,0.0,0.0,0.0,28.0,41.7,18.8,32.2,-128.7,21.0,0.0,1.0,1.0,1.0,0.0,0.0,1.0,0.0,90.0,90.0,0
2025-04-11 16:03:38,26.01,5.96,3.1,0.7,7.8,0.0,0.0,0.0,0.0,0.0,28.0,41.7,18.8,32.2,-128.7,21.0,0.0,1.0,1.0,1.0,0.0,0.0,1.0,0.0,90.0,90.0,0
2025-04-11 16:03:39,26.01,5.97,3.1,0.7,7.2,0.0,0.0,0.0,0.0,0.0,28.0,41.7,18.8,32.2,-128.7,21.0,0.0,1.0,1.0,1.0,0.0,0.0,1.0,0.0,90.0,90.0,0
2025-04-11 16:03:40,26.04,5.95,3.1,0.7,7.2,0.0,0.0,0.0,0.0,0.0,28.0,41.7,18.8,32.2,-128.7,21.1,0.0,1.0,1.0,1.0,0.0,0.0,1.0,0.0,90.0,90.0,0
2025-04-11 16:03:41,26.01,5.96,3.1,0.7,7.599999,0.0,0.0,0.0,0.0,0.0,28.0,41.7,18.8,32.2,-128.7,21.1,0.0,1.0,1.0,1.0,0.0,0.0,1.0,0.0,90.0,90.0,0
2025-04-11 16:03:42,26.01,5.97,3.1,0.7,7.599999,0.0,0.0,0.0,0.0,0.0,28.0,41.7,18.8,32.2,-128.7,21.0,0.0,1.0,1.0,1.0,0.0,0.0,1.0,0.0,90.0,90.0,0
2025-04-11 16:03:43,26.04,5.96,3.1,0.7,7.8,0.0,0.0,0.0,0.0,0.0,28.0,41.7,18.8,32.2,-128.7,21.0,0.0,1.0,1.0,1.0,0.0,0.0,1.0,0.0,90.0,90.0,0
2025-04-11 16:03:44,26.04,5.97,3.1,0.7,7.4,0.0,0.0,0.0,0.0,0.0,28.0,41.7,18.8,32.2,-128.7,21.0,0.0,1.0,1.0,1.0,0.0,0.0,1.0,0.0,90.0,90.0,0
2025-04-11 16:03:45,26.04,5.96,3.1,0.7,7.0,0.0,0.0,0.0,0.0,0.0,28.0,41.7,18.8,32.2,-128.7,21.0,0.0,1.0,1.0,1.0,0.0,0.0,1.0,0.0,90.0,90.0,0
2025-04-11 16:03:46,26.04,5.97,3.1,0.7,7.3,0.0,0.0,0.0,0.0,0.0,28.0,41.7,18.8,32.2,-128.7,21.0,0.0,1.0,1.0,1.0,0.0,0.0,1.0,0.0,90.0,90.0,0
2025-04-11 16:03:47,26.06,5.96,3.1,0.7,7.3,0.0,0.0,0.0,0.0,0.0,28.0,41.8,18.9,32.2,-128.7,21.0,0.0,1.0,1.0,1.0,0.0,0.0,1.0,0.0,90.0,90.0,0
2025-04-11 16:03:48,26.09,5.97,3.1,0.7,7.3,0.0,0.0,0.0,0.0,0.0,28.0,41.8,18.9,32.2,-128.7,21.0,0.0,1.0,1.0,1.0,0.0,0.0,1.0,0.0,90.0,90.0,0
2025-04-11 16:03:49,26.08,5.97,3.1,0.7,7.3,0.0,0.0,0.0,0.0,0.0,28.0,41.8,18.9,32.2,-128.7,21.0,0.0,1.0,1.0,1.0,0.0,0.0,1.0,0.0,90.0,90.0,0
2025-04-11 16:03:50,26.06,5.97,3.1,0.7,7.5,0.0,0.0,0.0,0.0,0.0,28.0,41.8,18.9,32.2,-128.7,21.0,0.0,1.0,1.0,1.0,0.0,0.0,1.0,0.0,90.0,90.0,0
2025-04-11 16:03:51,26.05,5.99,3.1,0.7,7.0,0.0,0.0,0.0,0.0,0.0,28.0,41.8,18.9,32.2,-128.7,20.9,0.0,1.0,1.0,1.0,0.0,0.0,1.0,0.0,90.0,90.0,0
2025-04-11 16:03:52,26.08,5.97,3.1,0.7,7.4,0.0,0.0,0.0,0.0,0.0,28.0,41.8,18.9,32.2,-128.7,21.0,0.0,1.0,1.0,1.0,0.0,0.0,1.0,0.0,90.0,90.0,0
2025-04-11 16:03:53,26.08,5.97,3.0,0.7,7.9,0.0,0.0,0.0,0.0,0.0,28.0,41.8,18.9,32.2,-128.7,20.9,0.0,1.0,1.0,1.0,0.0,0.0,1.0,0.0,90.0,90.0,0
2025-04-11 16:03:54,26.09,5.97,3.1,0.7,7.4,0.0,0.0,0.0,0.0,0.0,28.0,41.8,18.9,32.2,-128.7,21.0,0.0,1.0,1.0,1.0,0.0,0.0,1.0,0.0,90.0,90.0,0
2025-04-11 16:03:55,26.11,5.99,3.1,0.7,7.2,0.0,0.0,0.0,0.0,0.0,28.0,41.8,18.9,32.2,-128.7,21.0,0.0,1.0,1.0,1.0,0.0,0.0,1.0,0.0,90.0,90.0,0
2025-04-11 16:03:56,26.1,5.99,3.1,0.7,7.8,0.0,0.0,0.0,0.0,0.0,28.0,41.8,18.9,32.2,-128.7,20.9,0.0,1.0,1.0,1.0,0.0,0.0,1.0,0.0,90.0,90.0,0
2025-04-11 16:03:57,26.1,5.98,3.1,0.7,7.9,0.0,0.0,0.0,0.0,0.0,28.0,41.8,18.9,32.2,-128.7,21.0,0.0,1.0,1.0,1.0,0.0,0.0,1.0,0.0,90.0,90.0,0
2025-04-11 16:03:58,26.08,5.99,3.1,0.7,7.5,0.0,0.0,0.0,0.0,0.0,28.0,41.8,18.9,32.2,-128.7,20.9,0.0,1.0,1.0,1.0,0.0,0.0,1.0,0.0,90.0,90.0,0
2025-04-11 16:03:59,26.09,5.97,3.1,0.7,7.2,0.0,0.0,0.0,0.0,0.0,28.0,41.8,18.9,32.2,-128.7,20.9,0.0,1.0,1.0,1.0,0.0,0.0,1.0,0.0,90.0,90.0,0
2025-04-11 16:04:00,26.08,5.99,3.1,0.7,7.4,0.0,0.0,0.0,0.0,0.0,28.0,41.8,19.0,32.2,-128.7,20.9,0.0,1.0,1.0,1.0,0.0,0.0,1.0,0.0,90.0,90.0,0
2025-04-11 16:04:01,26.09,5.98,3.1,0.7,7.7,0.0,0.0,0.0,0.0,0.0,28.0,41.8,19.0,32.2,-128.7,20.9,0.0,1.0,1.0,1.0,0.0,0.0,1.0,0.0,90.0,90.0,0
2025-04-11 16:04:02,26.1,5.99,3.1,0.7,7.7,0.0,0.0,0.0,0.0,0.0,28.0,41.8,19.0,32.2,-128.7,20.9,0.0,1.0,1.0,1.0,0.0,0.0,1.0,0.0,90.0,90.0,0
2025-04-11 16:04:03,26.09,5.98,3.1,0.7,7.8,0.0,0.0,0.0,0.0,0.0,28.0,41.8,19.0,32.2,-128.7,20.9,0.0,1.0,1.0,1.0,0.0,0.0,1.0,0.0,90.0,90.0,0
2025-04-11 16:04:04,26.11,5.98,3.1,0.7,7.099999,0.0,0.0,0.0,0.0,0.0,28.0,41.8,19.0,32.2,-128.7,20.9,0.0,1.0,1.0,1.0,0.0,0.0,1.0,0.0,90.0,90.0,0
2025-04-11 16:04:05,26.14,5.99,3.1,0.7,7.099999,0.0,0.0,0.0,0.0,0.0,28.0,41.8,19.0,32.2,-128.7,20.8,0.0,1.0,1.0,1.0,0.0,0.0,1.0,0.0,90.0,90.0,0
2025-04-11 16:04:06,26.11,5.98,3.1,0.7,8.0,0.0,0.0,0.0,0.0,0.0,28.0,41.8,19.0,32.2,-128.7,20.9,0.0,1.0,1.0,1.0,0.0,0.0,1.0,0.0,90.0,90.0,0
2025-04-11 16:04:07,26.11,6.0,3.1,0.7,7.599999,0.0,0.0,0.0,0.0,0.0,28.0,41.8,19.0,32.2,-128.7,20.9,0.0,1.0,1.0,1.0,0.0,0.0,1.0,0.0,90.0,90.0,0
2025-04-11 16:04:08,26.12,5.98,3.1,0.7,7.3,0.0,0.0,0.0,0.0,0.0,28.0,41.8,19.0,32.2,-128.7,20.9,0.0,1.0,1.0,1.0,0.0,0.0,1.0,0.0,90.0,90.0,0
2025-04-11 16:04:09,26.12,6.0,3.1,0.7,7.8,0.0,0.0,0.0,0.0,0.0,28.0,41.8,19.0,32.2,-128.7,20.9,0.0,1.0,1.0,1.0,0.0,0.0,1.0,0.0,90.0,90.0,0
2025-04-11 16:04:10,26.15,5.99,3.1,0.7,7.9,0.0,0.0,0.0,0.0,0.0,28.0,41.8,19.0,32.2,-128.7,20.9,0.0,1.0,1.0,1.0,0.0,0.0,1.0,0.0,90.0,90.0,0
2025-04-11 16:04:11,26.14,5.99,3.1,0.7,7.4,0.0,0.0,0.0,0.0,0.0,28.0,41.8,19.0,32.2,-128.7,20.9,0.0,1.0,1.0,1.0,0.0,0.0,1.0,0.0,90.0,90.0,0
2025-04-11 16:04:12,26.12,6.0,3.1,0.7,7.4,0.0,0.0,0.0,0.0,0.0,28.0,41.8,19.0,32.2,-128.7,20.8,0.0,1.0,1.0,1.0,0.0,0.0,1.0,0.0,90.0,90.0,0
2025-04-11 16:04:13,26.14,5.99,3.1,0.7,7.599999,0.0,0.0,0.0,0.0,0.0,28.0,41.8,19.1,32.2,-128.7,20.9,0.0,1.0,1.0,1.0,0.0,0.0,1.0,0.0,90.0,90.0,0
2025-04-11 16:04:14,26.14,6.0,3.1,0.7,7.7,0.0,0.0,0.0,0.0,0.0,28.0,41.8,19.1,32.2,-128.7,20.8,0.0,1.0,1.0,1.0,0.0,0.0,1.0,0.0,90.0,90.0,0
2025-04-11 16:04:15,26.16,5.99,3.1,0.7,7.2,0.0,0.0,0.0,0.0,0.0,28.0,41.8,19.1,32.2,-128.7,20.9,0.0,1.0,1.0,1.0,0.0,0.0,1.0,0.0,90.0,90.0,0
2025-04-11 16:04:16,26.16,6.0,3.1,0.7,6.8,0.0,0.0,0.0,0.0,0.0,28.0,41.8,19.1,32.2,-128.7,20.8,0.0,1.0,1.0,1.0,0.0,0.0,1.0,0.0,90.0,90.0,0
2025-04-11 16:04:17,26.14,5.99,3.1,0.7,7.3,0.0,0.0,0.0,0.0,0.0,28.0,41.8,19.1,32.2,-128.7,20.9,0.0,1.0,1.0,1.0,0.0,0.0,1.0,0.0,90.0,90.0,0
2025-04-11 16:04:18,26.14,6.0,3.1,0.7,7.2,0.0,0.0,0.0,0.0,0.0,28.0,41.8,19.1,32.2,-128.7,20.9,0.0,1.0,1.0,1.0,0.0,0.0,1.0,0.0,90.0,90.0,0
2025-04-11 16:04:19,26.12,5.99,3.1,0.7,7.3,0.0,0.0,0.0,0.0,0.0,28.0,41.8,19.1,32.2,-128.7,20.9,0.0,1.0,1.0,1.0,0.0,0.0,1.0,0.0,90.0,90.0,0
2025-04-11 16:04:20,26.12,6.0,3.1,0.7,7.099999,0.0,0.0,0.0,0.0,0.0,28.0,41.8,19.1,32.2,-128.7,20.8,0.0,1.0,1.0,1.0,0.0,0.0,1.0,0.0,90.0,90.0,0
2025-04-11 16:04:21,26.15,6.0,3.1,0.7,7.4,0.0,0.0,0.0,0.0,0.0,28.0,41.8,19.1,32.2,-128.7,20.8,0.0,1.0,1.0,1.0,0.0,0.0,1.0,0.0,90.0,90.0,0
2025-04-11 16:04:22,26.15,6.0,3.1,0.7,7.099999,0.0,0.0,0.0,0.0,0.0,28.0,41.8,19.1,32.2,-128.7,20.9,0.0,1.0,1.0,1.0,0.0,0.0,1.0,0.0,90.0,90.0,0
2025-04-11 16:04:23,26.15,6.0,3.1,0.7,7.4,0.0,0.0,0.0,0.0,0.0,28.0,41.8,19.1,32.2,-128.7,20.8,0.0,1.0,1.0,1.0,0.0,0.0,1.0,0.0,90.0,90.0,0
2025-04-11 16:04:24,26.16,5.99,3.1,0.7,7.599999,0.0,0.0,0.0,0.0,0.0,28.0,41.8,19.1,32.2,-128.7,20.9,0.0,1.0,1.0,1.0,0.0,0.0,1.0,0.0,90.0,90.0,0
2025-04-11 16:04:25,26.12,6.0,3.1,0.7,7.5,0.0,0.0,0.0,0.0,0.0,28.0,41.8,19.2,32.2,-128.7,20.8,0.0,1.0,1.0,1.0,0.0,0.0,1.0,0.0,90.0,90.0,0
2025-04-11 16:04:26,26.14,5.99,3.1,0.7,7.9,0.0,0.0,0.0,0.0,0.0,28.0,41.8,19.2,32.2,-128.7,20.8,0.0,1.0,1.0,1.0,0.0,0.0,1.0,0.0,90.0,90.0,0
2025-04-11 16:04:27,26.14,6.0,3.1,0.7,7.099999,0.0,0.0,0.0,0.0,0.0,28.0,41.8,19.2,32.2,-128.7,20.8,0.0,1.0,1.0,1.0,0.0,0.0,1.0,0.0,90.0,90.0,0
2025-04-11 16:04:28,26.12,5.99,3.1,0.7,7.099999,0.0,0.0,0.0,0.0,0.0,28.0,41.8,19.2,32.2,-128.7,20.9,0.0,1.0,1.0,1.0,0.0,0.0,1.0,0.0,90.0,90.0,0
2025-04-11 16:04:29,26.14,6.0,3.1,0.7,7.599999,0.0,0.0,0.0,0.0,0.0,28.0,41.8,19.2,32.2,-128.7,20.8,0.0,1.0,1.0,1.0,0.0,0.0,1.0,0.0,90.0,90.0,0
2025-04-11 16:04:30,26.14,5.99,3.1,0.7,7.4,0.0,0.0,0.0,0.0,0.0,28.0,41.8,19.2,32.2,-128.7,20.8,0.0,1.0,1.0,1.0,0.0,0.0,1.0,0.0,90.0,90.0,0
2025-04-11 16:04:31,26.14,6.0,3.1,0.7,7.3,0.0,0.0,0.0,0.0,0.0,28.0,41.8,19.2,32.2,-128.7,20.8,0.0,1.0,1.0,1.0,0.0,0.0,1.0,0.0,90.0,90.0,0
2025-04-11 16:04:32,26.12,5.99,3.1,0.7,7.099999,0.0,0.0,0.0,0.0,0.0,28.0,41.8,19.3,32.2,-128.7,20.8,0.0,1.0,1.0,1.0,0.0,0.0,1.0,0.0,90.0,90.0,0
2025-04-11 16:04:33,26.14,5.99,3.1,0.7,6.9,0.0,0.0,0.0,0.0,0.0,28.0,41.8,19.3,32.2,-128.7,20.9,0.0,1.0,1.0,1.0,0.0,0.0,1.0,0.0,90.0,90.0,0
2025-04-11 16:04:34,26.15,6.0,3.1,0.7,7.099999,0.0,0.0,0.0,0.0,0.0,28.0,41.8,19.3,32.2,-128.7,20.8,0.0,1.0,1.0,1.0,0.0,0.0,1.0,0.0,90.0,90.0,0
2025-04-11 16:04:35,26.14,6.0,3.1,0.7,7.2,0.0,0.0,0.0,0.0,0.0,28.0,41.8,19.3,32.2,-128.7,20.9,0.0,1.0,1.0,1.0,0.0,0.0,1.0,0.0,90.0,90.0,0
2025-04-11 16:04:36,26.12,5.99,3.1,0.7,7.8,0.0,0.0,0.0,0.0,0.0,28.0,41.8,19.3,32.2,-128.7,20.8,0.0,1.0,1.0,1.0,0.0,0.0,1.0,0.0,90.0,90.0,0
2025-04-11 16:04:37,26.12,6.0,3.1,0.7,7.8,0.0,0.0,0.0,0.0,0.0,28.0,41.8,19.3,32.2,-128.7,20.9,0.0,1.0,1.0,1.0,0.0,0.0,1.0,0.0,90.0,90.0,0
2025-04-11 16:04:38,26.15,5.99,3.1,0.7,7.8,0.0,0.0,0.0,0.0,0.0,28.0,41.8,19.3,32.2,-128.7,20.8,0.0,1.0,1.0,1.0,0.0,0.0,1.0,0.0,90.0,90.0,0
2025-04-11 16:04:39,26.15,5.99,3.1,0.7,7.5,0.0,0.0,0.0,0.0,0.0,28.1,41.8,19.3,32.3,-128.7,21.0,0.0,1.0,1.0,1.0,0.0,0.0,1.0,0.0,90.0,90.0,0
2025-04-11 16:04:40,26.14,6.0,3.1,0.7,7.4,0.0,0.0,0.0,0.0,0.0,28.1,41.8,19.3,32.3,-128.7,20.9,0.0,1.0,1.0,1.0,0.0,0.0,1.0,0.0,90.0,90.0,0
2025-04-11 16:04:41,26.14,6.0,3.1,0.7,7.8,0.0,0.0,0.0,0.0,0.0,28.1,41.8,19.4,32.3,-128.7,21.0,0.0,1.0,1.0,1.0,0.0,0.0,1.0,0.0,90.0,90.0,0
2025-04-11 16:04:42,26.12,6.0,3.1,0.7,6.9,0.0,0.0,0.0,0.0,0.0,28.1,41.8,19.4,32.3,-128.7,20.9,0.0,1.0,1.0,1.0,0.0,0.0,1.0,0.0,90.0,90.0,0
2025-04-11 16:04:43,26.12,5.99,3.1,0.7,7.0,0.0,0.0,0.0,0.0,0.0,28.1,41.8,19.4,32.3,-128.7,21.0,0.0,1.0,1.0,1.0,0.0,0.0,1.0,0.0,90.0,90.0,0
2025-04-11 16:04:44,26.14,5.98,3.1,0.7,7.3,0.0,0.0,0.0,0.0,0.0,28.1,41.8,19.4,32.3,-128.7,21.0,0.0,1.0,1.0,1.0,0.0,0.0,1.0,0.0,90.0,90.0,0
2025-04-11 16:04:45,26.11,5.98,3.1,0.7,7.599999,0.0,0.0,0.0,0.0,0.0,28.1,41.8,19.4,32.3,-128.7,21.1,0.0,1.0,1.0,1.0,0.0,0.0,1.0,0.0,90.0,90.0,0
2025-04-11 16:04:46,26.11,5.98,3.1,0.7,7.3,0.0,0.0,0.0,0.0,0.0,28.1,41.8,19.4,32.3,-128.7,21.0,0.0,1.0,1.0,1.0,0.0,0.0,1.0,0.0,90.0,90.0,0
2025-04-11 16:04:47,26.11,5.97,3.0,0.7,7.0,0.0,0.0,0.0,0.0,0.0,28.1,41.8,19.4,32.3,-128.7,21.1,0.0,1.0,1.0,1.0,0.0,0.0,1.0,0.0,90.0,90.0,0
2025-04-11 16:04:48,26.12,5.99,3.1,0.7,7.099999,0.0,0.0,0.0,0.0,0.0,28.1,41.8,19.4,32.3,-128.7,21.0,0.0,1.0,1.0,1.0,0.0,0.0,1.0,0.0,90.0,90.0,0
2025-04-11 16:04:49,26.14,5.97,3.1,0.7,6.9,0.0,0.0,0.0,0.0,0.0,28.1,41.8,19.5,32.3,-128.7,21.1,0.0,1.0,1.0,1.0,0.0,0.0,1.0,0.0,90.0,90.0,0
2025-04-11 16:04:50,26.11,5.98,3.1,0.7,7.0,0.0,0.0,0.0,0.0,0.0,28.1,41.8,19.5,32.3,-128.7,21.0,0.0,1.0,1.0,1.0,0.0,0.0,1.0,0.0,90.0,90.0,0
2025-04-11 16:04:51,26.1,5.97,3.1,0.7,7.4,0.0,0.0,0.0,0.0,0.0,28.1,41.8,19.5,32.3,-128.7,21.1,0.0,1.0,1.0,1.0,0.0,0.0,1.0,0.0,90.0,90.0,0
2025-04-11 16:04:52,26.1,5.97,3.1,0.7,7.2,0.0,0.0,0.0,0.0,0.0,28.1,41.8,19.5,32.3,-128.7,21.1,0.0,1.0,1.0,1.0,0.0,0.0,1.0,0.0,90.0,90.0,0
2025-04-11 16:04:53,26.1,5.97,3.1,0.7,7.2,0.0,0.0,0.0,0.0,0.0,28.1,41.8,19.5,32.3,-128.7,21.0,0.0,1.0,1.0,1.0,0.0,0.0,1.0,0.0,90.0,90.0,0
2025-04-11 16:04:54,26.09,5.97,3.1,0.7,7.599999,0.0,0.0,0.0,0.0,0.0,28.1,41.8,19.6,32.3,-128.7,21.1,0.0,1.0,1.0,1.0,0.0,0.0,1.0,0.0,90.0,90.0,0
2025-04-11 16:04:55,26.11,5.97,3.1,0.7,7.0,0.0,0.0,0.0,0.0,0.0,28.1,41.8,19.6,32.3,-128.7,21.1,0.0,1.0,1.0,1.0,0.0,0.0,1.0,0.0,90.0,90.0,0
2025-04-11 16:04:56,26.1,5.97,3.1,0.7,7.8,0.0,0.0,0.0,0.0,0.0,28.1,41.8,19.6,32.3,-128.7,21.1,0.0,1.0,1.0,1.0,0.0,0.0,1.0,0.0,90.0,90.0,0
2025-04-11 16:04:57,26.12,5.97,3.1,0.7,7.5,0.0,0.0,0.0,0.0,0.0,28.1,41.8,19.6,32.3,-128.7,21.1,0.0,1.0,1.0,1.0,0.0,0.0,1.0,0.0,90.0,90.0,0
2025-04-11 16:04:58,26.12,5.96,3.1,0.7,7.2,0.0,0.0,0.0,0.0,0.0,28.1,41.8,19.7,32.3,-128.7,21.1,0.0,1.0,1.0,1.0,0.0,0.0,1.0,0.0,90.0,90.0,0
2025-04-11 16:04:59,26.09,5.97,3.1,0.7,7.3,0.0,0.0,0.0,0.0,0.0,28.1,41.8,19.7,32.3,-128.7,21.1,0.0,1.0,1.0,1.0,0.0,0.0,1.0,0.0,90.0,90.0,0
2025-04-11 16:05:00,26.09,5.97,3.1,0.7,7.099999,0.0,0.0,0.0,0.0,0.0,28.1,41.8,19.7,32.3,-128.7,21.1,0.0,1.0,1.0,1.0,0.0,0.0,1.0,0.0,90.0,90.0,0
2025-04-11 16:05:01,26.06,5.97,3.1,0.7,7.2,0.0,0.0,0.0,0.0,0.0,28.1,41.8,19.7,32.3,-128.7,21.1,0.0,1.0,1.0,1.0,0.0,0.0,1.0,0.0,90.0,90.0,0
2025-04-11 16:05:02,26.08,5.97,3.1,0.7,7.8,0.0,0.0,0.0,0.0,0.0,28.1,41.8,19.7,32.4,-128.7,21.2,0.0,1.0,1.0,1.0,0.0,0.0,1.0,0.0,90.0,90.0,0
2025-04-11 16:05:03,26.09,5.97,3.1,0.7,7.2,0.0,0.0,0.0,0.0,0.0,28.1,41.8,19.7,32.4,-128.7,21.2,0.0,1.0,1.0,1.0,0.0,0.0,1.0,0.0,90.0,90.0,0
2025-04-11 16:05:04,26.09,5.97,3.1,0.7,7.8,0.0,0.0,0.0,0.0,0.0,28.1,41.8,19.8,32.4,-128.7,21.2,0.0,1.0,1.0,1.0,0.0,0.0,1.0,0.0,90.0,90.0,0
2025-04-11 16:05:05,26.09,5.96,3.1,0.7,7.5,0.0,0.0,0.0,0.0,0.0,28.1,41.9,19.8,32.4,-128.7,21.2,0.0,1.0,1.0,1.0,0.0,0.0,1.0,0.0,90.0,90.0,0
2025-04-11 16:05:06,26.09,5.97,3.1,0.7,7.9,0.0,0.0,0.0,0.0,0.0,28.1,41.9,19.8,32.4,-128.7,21.2,0.0,1.0,1.0,1.0,0.0,0.0,1.0,0.0,90.0,90.0,0
2025-04-11 16:05:07,26.08,5.96,3.1,0.7,7.2,0.0,0.0,0.0,0.0,0.0,28.1,41.9,19.8,32.4,-128.7,21.2,0.0,1.0,1.0,1.0,0.0,0.0,1.0,0.0,90.0,90.0,0
2025-04-11 16:05:08,26.09,5.96,3.1,0.7,7.5,0.0,0.0,0.0,0.0,0.0,28.1,41.9,19.8,32.4,-128.7,21.2,0.0,1.0,1.0,1.0,0.0,0.0,1.0,0.0,90.0,90.0,0
2025-04-11 16:05:09,26.1,5.96,3.1,0.7,7.099999,0.0,0.0,0.0,0.0,0.0,28.1,41.9,19.9,32.4,-128.7,21.2,0.0,1.0,1.0,1.0,0.0,0.0,1.0,0.0,90.0,90.0,0
2025-04-11 16:05:10,26.1,5.95,3.1,0.7,7.7,0.0,0.0,0.0,0.0,0.0,28.1,41.9,19.9,32.4,-128.7,21.3,0.0,1.0,1.0,1.0,0.0,0.0,1.0,0.0,90.0,90.0,0
2025-04-11 16:05:11,26.09,5.96,3.1,0.7,7.3,0.0,0.0,0.0,0.0,0.0,28.1,41.9,19.9,32.4,-128.7,21.2,0.0,1.0,1.0,1.0,0.0,0.0,1.0,0.0,90.0,90.0,0
2025-04-11 16:05:12,26.09,5.95,3.1,0.7,7.8,0.0,0.0,0.0,0.0,0.0,28.1,41.9,19.9,32.4,-128.7,21.3,0.0,1.0,1.0,1.0,0.0,0.0,1.0,0.0,90.0,90.0,0
2025-04-11 16:05:13,26.08,5.96,3.0,0.7,7.2,0.0,0.0,0.0,0.0,0.0,28.1,41.9,19.9,32.4,-128.7,21.2,0.0,1.0,1.0,1.0,0.0,0.0,1.0,0.0,90.0,90.0,0
2025-04-11 16:05:14,26.09,5.94,3.1,0.7,7.599999,0.0,0.0,0.0,0.0,0.0,28.1,41.9,19.9,32.4,-128.7,21.2,0.0,1.0,1.0,1.0,0.0,0.0,1.0,0.0,90.0,90.0,0
2025-04-11 16:05:15,26.09,5.96,3.1,0.7,7.0,0.0,0.0,0.0,0.0,0.0,28.1,41.9,20.0,32.4,-128.7,21.3,0.0,1.0,1.0,1.0,0.0,0.0,1.0,0.0,90.0,90.0,0
2025-04-11 16:05:16,26.09,5.96,3.1,0.7,7.5,0.0,0.0,0.0,0.0,0.0,28.1,41.9,20.0,32.4,-128.7,21.2,0.0,1.0,1.0,1.0,0.0,0.0,1.0,0.0,90.0,90.0,0
2025-04-11 16:05:17,26.09,5.95,3.1,0.7,7.599999,0.0,0.0,0.0,0.0,0.0,28.1,41.9,20.0,32.4,-128.7,21.3,0.0,1.0,1.0,1.0,0.0,0.0,1.0,0.0,90.0,90.0,0
2025-04-11 16:05:18,26.09,5.97,3.1,0.7,7.8,0.0,0.0,0.0,0.0,0.0,28.1,41.9,20.0,32.4,-128.7,21.2,0.0,1.0,1.0,1.0,0.0,0.0,1.0,0.0,90.0,90.0,0
2025-04-11 16:05:19,26.11,5.95,3.1,0.7,7.4,0.0,0.0,0.0,0.0,0.0,28.1,41.9,20.0,32.4,-128.7,21.3,0.0,1.0,1.0,1.0,0.0,0.0,1.0,0.0,90.0,90.0,0
2025-04-11 16:05:20,26.09,5.96,3.1,0.7,7.8,0.0,0.0,0.0,0.0,0.0,28.1,41.9,20.0,32.5,-128.7,21.3,0.0,1.0,1.0,1.0,0.0,0.0,1.0,0.0,90.0,90.0,0
2025-04-11 16:05:21,26.09,5.95,3.1,0.7,7.2,0.0,0.0,0.0,0.0,0.0,28.1,41.9,20.0,32.5,-128.7,21.4,0.0,1.0,1.0,1.0,0.0,0.0,1.0,0.0,90.0,90.0,0
2025-04-11 16:05:22,26.06,5.97,3.1,0.7,7.9,0.0,0.0,0.0,0.0,0.0,28.1,41.9,20.0,32.5,-128.7,21.4,0.0,1.0,1.0,1.0,0.0,0.0,1.0,0.0,90.0,90.0,0
2025-04-11 16:05:23,26.09,5.95,3.0,0.7,7.3,0.0,0.0,0.0,0.0,0.0,28.1,41.9,20.0,32.5,-128.7,21.3,0.0,1.0,1.0,1.0,0.0,0.0,1.0,0.0,90.0,90.0,0
2025-04-11 16:05:24,26.1,5.96,3.1,0.7,7.3,0.0,0.0,0.0,0.0,0.0,28.1,41.9,20.0,32.5,-128.7,21.3,0.0,1.0,1.0,1.0,0.0,0.0,1.0,0.0,90.0,90.0,0
2025-04-11 16:05:25,26.11,5.97,3.1,0.7,7.5,0.0,0.0,0.0,0.0,0.0,28.1,41.9,20.0,32.5,-128.7,21.3,0.0,1.0,1.0,1.0,0.0,0.0,1.0,0.0,90.0,90.0,0
2025-04-11 16:05:26,26.1,5.95,3.1,0.7,7.7,0.0,0.0,0.0,0.0,0.0,28.1,41.9,20.0,32.5,-128.7,21.3,0.0,1.0,1.0,1.0,0.0,0.0,1.0,0.0,90.0,90.0,0
2025-04-11 16:05:27,26.1,5.97,3.1,0.7,7.2,0.0,0.0,0.0,0.0,0.0,28.1,41.9,20.0,32.5,-128.7,21.3,0.0,1.0,1.0,1.0,0.0,0.0,1.0,0.0,90.0,90.0,0
2025-04-11 16:05:28,26.11,5.96,3.1,0.7,7.9,0.0,0.0,0.0,0.0,0.0,28.1,41.9,20.0,32.5,-128.7,21.3,0.0,1.0,1.0,1.0,0.0,0.0,1.0,0.0,90.0,90.0,0
2025-04-11 16:05:29,26.09,5.97,3.1,0.7,7.2,0.0,0.0,0.0,0.0,0.0,28.1,41.9,20.0,32.5,-128.7,21.3,0.0,1.0,1.0,1.0,0.0,0.0,1.0,0.0,90.0,90.0,0
2025-04-11 16:05:30,26.1,5.97,3.1,0.7,7.9,0.0,0.0,0.0,0.0,0.0,28.1,41.9,20.1,32.5,-128.7,21.3,0.0,1.0,1.0,1.0,0.0,0.0,1.0,0.0,90.0,90.0,0
2025-04-11 16:05:31,26.11,5.96,3.1,0.7,7.4,0.0,0.0,0.0,0.0,0.0,28.1,41.9,20.1,32.5,-128.7,21.4,0.0,1.0,1.0,1.0,0.0,0.0,1.0,0.0,90.0,90.0,0
2025-04-11 16:05:32,26.11,5.96,3.1,0.7,7.599999,0.0,0.0,0.0,0.0,0.0,28.1,41.9,20.1,32.5,-128.7,21.3,0.0,1.0,1.0,1.0,0.0,0.0,1.0,0.0,90.0,90.0,0
2025-04-11 16:05:33,26.11,5.96,3.1,0.7,8.099999,0.0,0.0,0.0,0.0,0.0,28.1,41.9,20.1,32.5,-128.7,21.3,0.0,1.0,1.0,1.0,0.0,0.0,1.0,0.0,90.0,90.0,0
2025-04-11 16:05:34,26.15,5.97,3.1,0.7,7.599999,0.0,0.0,0.0,0.0,0.0,28.1,41.9,20.1,32.5,-128.7,21.3,0.0,1.0,1.0,1.0,0.0,0.0,1.0,0.0,90.0,90.0,0
2025-04-11 16:05:35,26.1,5.95,3.1,0.7,7.7,0.0,0.0,0.0,0.0,0.0,28.1,41.9,20.1,32.5,-128.7,21.4,0.0,1.0,1.0,1.0,0.0,0.0,1.0,0.0,90.0,90.0,0
2025-04-11 16:05:36,26.1,5.97,3.1,0.7,7.2,0.0,0.0,0.0,0.0,0.0,28.1,41.9,20.1,32.5,-128.7,21.3,0.0,1.0,1.0,1.0,0.0,0.0,1.0,0.0,90.0,90.0,0
2025-04-11 16:05:37,26.08,5.96,3.1,0.7,7.3,0.0,0.0,0.0,0.0,0.0,28.1,41.9,20.1,32.5,-128.7,21.3,0.0,1.0,1.0,1.0,0.0,0.0,1.0,0.0,90.0,90.0,0
2025-04-11 16:05:38,26.09,5.96,3.1,0.7,7.4,0.0,0.0,0.0,0.0,0.0,28.1,41.9,20.1,32.5,-128.7,21.3,0.0,1.0,1.0,1.0,0.0,0.0,1.0,0.0,90.0,90.0,0
2025-04-11 16:05:39,26.1,5.96,3.1,0.7,6.8,0.0,0.0,0.0,0.0,0.0,28.1,41.9,20.1,32.5,-128.7,21.3,0.0,1.0,1.0,1.0,0.0,0.0,1.0,0.0,90.0,90.0,0
2025-04-11 16:05:40,26.11,5.96,3.1,0.7,7.4,0.0,0.0,0.0,0.0,0.0,28.1,41.9,20.1,32.5,-128.7,21.4,0.0,1.0,1.0,1.0,0.0,0.0,1.0,0.0,90.0,90.0,0
2025-04-11 16:05:41,26.1,5.97,3.1,0.7,7.099999,0.0,0.0,0.0,0.0,0.0,28.1,41.9,20.0,32.6,-128.7,21.4,0.0,1.0,1.0,1.0,0.0,0.0,1.0,0.0,90.0,90.0,0
2025-04-11 16:05:42,26.09,5.96,3.1,0.7,7.7,0.0,0.0,0.0,0.0,0.0,28.1,41.9,20.0,32.6,-128.7,21.4,0.0,1.0,1.0,1.0,0.0,0.0,1.0,0.0,90.0,90.0,0
2025-04-11 16:05:43,26.09,5.97,3.1,0.7,7.0,0.0,0.0,0.0,0.0,0.0,28.1,41.9,20.0,32.6,-128.7,21.4,0.0,1.0,1.0,1.0,0.0,0.0,1.0,0.0,90.0,90.0,0
2025-04-11 16:05:44,26.11,5.96,3.1,0.7,7.8,0.0,0.0,0.0,0.0,0.0,28.1,41.9,20.0,32.6,-128.7,21.4,0.0,1.0,1.0,1.0,0.0,0.0,1.0,0.0,90.0,90.0,0
2025-04-11 16:05:45,26.11,5.97,3.1,0.7,7.5,0.0,0.0,0.0,0.0,0.0,28.1,41.9,20.0,32.6,-128.7,21.4,0.0,1.0,1.0,1.0,0.0,0.0,1.0,0.0,90.0,90.0,0
2025-04-11 16:05:46,26.11,5.98,3.1,0.7,7.4,0.0,0.0,0.0,0.0,0.0,28.1,41.9,20.0,32.6,-128.7,21.4,0.0,1.0,1.0,1.0,0.0,0.0,1.0,0.0,90.0,90.0,0
2025-04-11 16:05:47,26.12,5.96,3.1,0.7,7.099999,0.0,0.0,0.0,0.0,0.0,28.1,41.9,20.0,32.6,-128.7,21.4,0.0,1.0,1.0,1.0,0.0,0.0,1.0,0.0,90.0,90.0,0
2025-04-11 16:05:48,26.11,5.97,3.1,0.7,7.0,0.0,0.0,0.0,0.0,0.0,28.1,41.9,20.0,32.6,-128.7,21.4,0.0,1.0,1.0,1.0,0.0,0.0,1.0,0.0,90.0,90.0,0
2025-04-11 16:05:49,26.09,5.97,3.1,0.7,7.599999,0.0,0.0,0.0,0.0,0.0,28.1,41.9,20.0,32.6,-128.7,21.4,0.0,1.0,1.0,1.0,0.0,0.0,1.0,0.0,90.0,90.0,0
2025-04-11 16:05:50,26.1,5.97,3.1,0.7,7.4,0.0,0.0,0.0,0.0,0.0,28.1,41.9,20.0,32.6,-128.7,21.4,0.0,1.0,1.0,1.0,0.0,0.0,1.0,0.0,90.0,90.0,0
2025-04-11 16:05:51,26.11,5.96,3.1,0.7,7.7,0.0,0.0,0.0,0.0,0.0,28.1,41.9,20.0,32.6,-128.7,21.4,0.0,1.0,1.0,1.0,0.0,0.0,1.0,0.0,90.0,90.0,0
2025-04-11 16:05:52,26.11,5.97,3.1,0.7,7.8,0.0,0.0,0.0,0.0,0.0,28.1,41.9,20.0,32.6,-128.7,21.4,0.0,1.0,1.0,1.0,0.0,0.0,1.0,0.0,90.0,90.0,0
2025-04-11 16:05:53,26.09,5.97,3.1,0.7,7.8,0.0,0.0,0.0,0.0,0.0,28.1,41.9,20.0,32.6,-128.7,21.4,0.0,1.0,1.0,1.0,0.0,0.0,1.0,0.0,90.0,90.0,0
2025-04-11 16:05:54,26.11,5.96,3.1,0.7,7.9,0.0,0.0,0.0,0.0,0.0,28.1,41.9,20.0,32.6,-128.7,21.4,0.0,1.0,1.0,1.0,0.0,0.0,1.0,0.0,90.0,90.0,0
2025-04-11 16:05:55,26.11,5.97,3.1,0.7,7.2,0.0,0.0,0.0,0.0,0.0,28.1,41.9,20.0,32.6,-128.7,21.4,0.0,1.0,1.0,1.0,0.0,0.0,1.0,0.0,90.0,90.0,0
2025-04-11 16:05:56,26.11,5.97,3.1,0.7,7.599999,0.0,0.0,0.0,0.0,0.0,28.1,41.9,20.0,32.6,-128.7,21.4,0.0,1.0,1.0,1.0,0.0,0.0,1.0,0.0,90.0,90.0,0
2025-04-11 16:05:57,26.1,5.97,3.1,0.7,7.0,0.0,0.0,0.0,0.0,0.0,28.1,41.9,20.0,32.6,-128.7,21.4,0.0,1.0,1.0,1.0,0.0,0.0,1.0,0.0,90.0,90.0,0
2025-04-11 16:05:58,26.1,5.96,3.1,0.7,7.2,0.0,0.0,0.0,0.0,0.0,28.1,41.9,20.0,32.6,-128.7,21.4,0.0,1.0,1.0,1.0,0.0,0.0,1.0,0.0,90.0,90.0,0
2025-04-11 16:05:59,26.09,5.97,3.1,0.7,7.7,0.0,0.0,0.0,0.0,0.0,28.1,41.9,20.0,32.6,-128.7,21.4,0.0,1.0,1.0,1.0,0.0,0.0,1.0,0.0,90.0,90.0,0
2025-04-11 16:06:00,26.1,5.97,3.1,0.7,7.0,0.0,0.0,0.0,0.0,0.0,28.1,41.9,20.0,32.6,-128.7,21.4,0.0,1.0,1.0,1.0,0.0,0.0,1.0,0.0,90.0,90.0,0
2025-04-11 16:06:01,26.12,5.96,3.1,0.7,8.0,0.0,0.0,0.0,0.0,0.0,28.1,41.9,20.0,32.6,-128.7,21.4,0.0,1.0,1.0,1.0,0.0,0.0,1.0,0.0,90.0,90.0,0
2025-04-11 16:06:02,26.11,5.97,3.1,0.7,7.2,0.0,0.0,0.0,0.0,0.0,28.1,41.9,20.0,32.6,-128.7,21.4,0.0,1.0,1.0,1.0,0.0,0.0,1.0,0.0,90.0,90.0,0
2025-04-11 16:06:03,26.1,5.96,3.1,0.7,7.7,0.0,0.0,0.0,0.0,0.0,28.1,41.9,20.0,32.6,-128.7,21.4,0.0,1.0,1.0,1.0,0.0,0.0,1.0,0.0,90.0,90.0,0
2025-04-11 16:06:04,26.08,5.97,3.1,0.7,7.8,0.0,0.0,0.0,0.0,0.0,28.1,41.9,19.9,32.6,-128.7,21.4,0.0,1.0,1.0,1.0,0.0,0.0,1.0,0.0,90.0,90.0,0
2025-04-11 16:06:05,26.09,5.96,3.1,0.7,7.5,0.0,0.0,0.0,0.0,0.0,28.1,41.9,19.9,32.6,-128.7,21.4,0.0,1.0,1.0,1.0,0.0,0.0,1.0,0.0,90.0,90.0,0
2025-04-11 16:06:06,26.09,5.97,3.1,0.7,7.599999,0.0,0.0,0.0,0.0,0.0,28.1,41.9,19.9,32.6,-128.7,21.4,0.0,1.0,1.0,1.0,0.0,0.0,1.0,0.0,90.0,90.0,0
2025-04-11 16:06:07,26.1,5.97,3.1,0.7,7.3,0.0,0.0,0.0,0.0,0.0,28.1,42.0,19.9,32.6,-128.7,21.4,0.0,1.0,1.0,1.0,0.0,0.0,1.0,0.0,90.0,90.0,0
2025-04-11 16:06:08,26.11,5.96,3.1,0.7,7.5,0.0,0.0,0.0,0.0,0.0,28.1,42.0,19.9,32.6,-128.7,21.5,0.0,1.0,1.0,1.0,0.0,0.0,1.0,0.0,90.0,90.0,0
2025-04-11 16:06:09,26.11,5.97,3.1,0.7,7.2,0.0,0.0,0.0,0.0,0.0,28.1,42.0,19.9,32.7,-128.7,21.5,0.0,1.0,1.0,1.0,0.0,0.0,1.0,0.0,90.0,90.0,0
2025-04-11 16:06:10,26.11,5.95,3.1,0.7,7.0,0.0,0.0,0.0,0.0,0.0,28.1,42.0,19.9,32.7,-128.7,21.5,0.0,1.0,1.0,1.0,0.0,0.0,1.0,0.0,90.0,90.0,0
2025-04-11 16:06:11,26.11,5.97,3.1,0.7,7.4,0.0,0.0,0.0,0.0,0.0,28.1,42.0,19.9,32.7,-128.7,21.6,0.0,1.0,1.0,1.0,0.0,0.0,1.0,0.0,90.0,90.0,0
2025-04-11 16:06:12,26.11,5.96,3.1,0.7,7.0,0.0,0.0,0.0,0.0,0.0,28.1,42.0,19.9,32.7,-128.7,21.5,0.0,1.0,1.0,1.0,0.0,0.0,1.0,0.0,90.0,90.0,0
2025-04-11 16:06:13,26.11,5.97,3.1,0.7,7.8,0.0,0.0,0.0,0.0,0.0,28.1,42.0,19.9,32.7,-128.7,21.5,0.0,1.0,1.0,1.0,0.0,0.0,1.0,0.0,90.0,90.0,0
2025-04-11 16:06:14,26.12,5.96,3.1,0.7,7.5,0.0,0.0,0.0,0.0,0.0,28.1,42.0,19.9,32.7,-128.7,21.5,0.0,1.0,1.0,1.0,0.0,0.0,1.0,0.0,90.0,90.0,0
2025-04-11 16:06:15,26.11,5.96,3.1,0.7,7.3,0.0,0.0,0.0,0.0,0.0,28.1,42.0,19.9,32.7,-128.7,21.5,0.0,1.0,1.0,1.0,0.0,0.0,1.0,0.0,90.0,90.0,0
2025-04-11 16:06:16,26.14,5.97,3.1,0.7,8.0,0.0,0.0,0.0,0.0,0.0,28.1,42.0,19.9,32.7,-128.7,21.5,0.0,1.0,1.0,1.0,0.0,0.0,1.0,0.0,90.0,90.0,0
2025-04-11 16:06:17,26.12,5.95,3.1,0.7,7.3,0.0,0.0,0.0,0.0,0.0,28.1,42.0,19.9,32.7,-128.7,21.6,0.0,1.0,1.0,1.0,0.0,0.0,1.0,0.0,90.0,90.0,0
2025-04-11 16:06:18,26.11,5.97,3.1,0.7,7.2,0.0,0.0,0.0,0.0,0.0,28.1,42.0,19.8,32.7,-128.7,21.5,0.0,1.0,1.0,1.0,0.0,0.0,1.0,0.0,90.0,90.0,0
2025-04-11 16:06:19,26.11,5.96,3.1,0.7,6.9,0.0,0.0,0.0,0.0,0.0,28.1,42.0,19.8,32.7,-128.7,21.5,0.0,1.0,1.0,1.0,0.0,0.0,1.0,0.0,90.0,90.0,0
2025-04-11 16:06:20,26.1,5.97,3.1,0.7,7.0,0.0,0.0,0.0,0.0,0.0,28.1,42.0,19.8,32.7,-128.7,21.5,0.0,1.0,1.0,1.0,0.0,0.0,1.0,0.0,90.0,90.0,0
2025-04-11 16:06:21,26.12,5.97,3.1,0.7,7.5,0.0,0.0,0.0,0.0,0.0,28.1,42.0,19.8,32.7,-128.7,21.5,0.0,1.0,1.0,1.0,0.0,0.0,1.0,0.0,90.0,90.0,0
2025-04-11 16:06:22,26.14,5.97,3.1,0.7,8.0,0.0,0.0,0.0,0.0,0.0,28.1,42.0,19.8,32.7,-128.7,21.5,0.0,1.0,1.0,1.0,0.0,0.0,1.0,0.0,90.0,90.0,0
2025-04-11 16:06:23,26.14,5.97,3.1,0.7,8.0,0.0,0.0,0.0,0.0,0.0,28.1,42.0,19.8,32.7,-128.7,21.5,0.0,1.0,1.0,1.0,0.0,0.0,1.0,0.0,90.0,90.0,0
2025-04-11 16:06:24,26.11,5.96,3.1,0.7,7.599999,0.0,0.0,0.0,0.0,0.0,28.1,42.0,19.8,32.7,-128.7,21.5,0.0,1.0,1.0,1.0,0.0,0.0,1.0,0.0,90.0,90.0,0
2025-04-11 16:06:25,26.11,5.97,3.1,0.7,7.599999,0.0,0.0,0.0,0.0,0.0,28.1,42.0,19.8,32.7,-128.7,21.5,0.0,1.0,1.0,1.0,0.0,0.0,1.0,0.0,90.0,90.0,0
2025-04-11 16:06:26,26.1,5.96,3.1,0.7,7.8,0.0,0.0,0.0,0.0,0.0,28.1,42.0,19.8,32.7,-128.7,21.6,0.0,1.0,1.0,1.0,0.0,0.0,1.0,0.0,90.0,90.0,0
2025-04-11 16:06:27,26.11,5.97,3.1,0.7,7.599999,0.0,0.0,0.0,0.0,0.0,28.1,42.0,19.8,32.7,-128.7,21.5,0.0,1.0,1.0,1.0,0.0,0.0,1.0,0.0,90.0,90.0,0
2025-04-11 16:06:28,26.1,5.95,3.1,0.7,7.2,0.0,0.0,0.0,0.0,0.0,28.1,42.0,19.8,32.7,-128.7,21.5,0.0,1.0,1.0,1.0,0.0,0.0,1.0,0.0,90.0,90.0,0
2025-04-11 16:06:29,26.09,5.97,3.1,0.7,7.4,0.0,0.0,0.0,0.0,0.0,28.1,42.0,19.8,32.7,-128.7,21.5,0.0,1.0,1.0,1.0,0.0,0.0,1.0,0.0,90.0,90.0,0
2025-04-11 16:06:30,26.1,5.96,3.1,0.7,7.2,0.0,0.0,0.0,0.0,0.0,28.1,42.0,19.8,32.7,-128.7,21.5,0.0,1.0,1.0,1.0,0.0,0.0,1.0,0.0,90.0,90.0,0
2025-04-11 16:06:31,26.09,5.96,3.1,0.7,7.2,0.0,0.0,0.0,0.0,0.0,28.1,42.0,19.7,32.7,-128.7,21.5,0.0,1.0,1.0,1.0,0.0,0.0,1.0,0.0,90.0,90.0,0
2025-04-11 16:06:32,26.1,5.97,3.1,0.7,7.2,0.0,0.0,0.0,0.0,0.0,28.1,42.0,19.7,32.7,-128.7,21.5,0.0,1.0,1.0,1.0,0.0,0.0,1.0,0.0,90.0,90.0,0
2025-04-11 16:06:33,26.09,5.95,3.1,0.7,7.099999,0.0,0.0,0.0,0.0,0.0,28.1,42.0,19.7,32.7,-128.7,21.6,0.0,1.0,1.0,1.0,0.0,0.0,1.0,0.0,90.0,90.0,0
2025-04-11 16:06:34,26.1,5.97,3.1,0.7,7.0,0.0,0.0,0.0,0.0,0.0,28.1,42.0,19.7,32.7,-128.7,21.5,0.0,1.0,1.0,1.0,0.0,0.0,1.0,0.0,90.0,90.0,0
2025-04-11 16:06:35,26.09,5.94,3.1,0.7,7.8,0.0,0.0,0.0,0.0,0.0,28.1,42.0,19.7,32.7,-128.7,21.6,0.0,1.0,1.0,1.0,0.0,0.0,1.0,0.0,90.0,90.0,0
2025-04-11 16:06:36,26.09,5.96,3.1,0.7,7.099999,0.0,0.0,0.0,0.0,0.0,28.1,42.0,19.7,32.7,-128.7,21.5,0.0,1.0,1.0,1.0,0.0,0.0,1.0,0.0,90.0,90.0,0
2025-04-11 16:06:37,26.09,5.95,3.1,0.7,7.8,0.0,0.0,0.0,0.0,0.0,28.1,42.0,19.7,32.7,-128.7,21.6,0.0,1.0,1.0,1.0,0.0,0.0,1.0,0.0,90.0,90.0,0
2025-04-11 16:06:38,26.09,5.97,3.1,0.7,7.2,0.0,0.0,0.0,0.0,0.0,28.1,42.0,19.7,32.7,-128.7,21.6,0.0,1.0,1.0,1.0,0.0,0.0,1.0,0.0,90.0,90.0,0
2025-04-11 16:06:39,26.09,5.95,3.1,0.7,7.599999,0.0,0.0,0.0,0.0,0.0,28.1,42.0,19.7,32.7,-128.7,21.5,0.0,1.0,1.0,1.0,0.0,0.0,1.0,0.0,90.0,90.0,0
2025-04-11 16:06:40,26.09,5.95,3.1,0.7,7.7,0.0,0.0,0.0,0.0,0.0,28.1,42.1,19.7,32.7,-128.7,21.6,0.0,1.0,1.0,1.0,0.0,0.0,1.0,0.0,90.0,90.0,0
2025-04-11 16:06:41,26.08,5.95,3.1,0.7,8.0,0.0,0.0,0.0,0.0,0.0,28.1,42.1,19.6,32.7,-128.7,21.5,0.0,1.0,1.0,1.0,0.0,0.0,1.0,0.0,90.0,90.0,0
2025-04-11 16:06:42,26.09,5.94,3.1,0.7,7.8,0.0,0.0,0.0,0.0,0.0,28.1,42.1,19.6,32.7,-128.7,21.6,0.0,1.0,1.0,1.0,0.0,0.0,1.0,0.0,90.0,90.0,0
2025-04-11 16:06:43,26.09,5.95,3.1,0.7,7.4,0.0,0.0,0.0,0.0,0.0,28.1,42.1,19.6,32.7,-128.7,21.6,0.0,1.0,1.0,1.0,0.0,0.0,1.0,0.0,90.0,90.0,0
2025-04-11 16:06:44,26.08,5.95,3.1,0.7,7.7,0.0,0.0,0.0,0.0,0.0,28.1,42.1,19.6,32.7,-128.7,21.6,0.0,1.0,1.0,1.0,0.0,0.0,1.0,0.0,90.0,90.0,0
2025-04-11 16:06:45,26.09,5.96,3.1,0.7,7.2,0.0,0.0,0.0,0.0,0.0,28.1,42.1,19.6,32.7,-128.7,21.6,0.0,1.0,1.0,1.0,0.0,0.0,1.0,0.0,90.0,90.0,0
2025-04-11 16:06:46,26.09,5.95,3.1,0.7,7.5,0.0,0.0,0.0,0.0,0.0,28.1,42.1,19.6,32.7,-128.7,21.6,0.0,1.0,1.0,1.0,0.0,0.0,1.0,0.0,90.0,90.0,0
2025-04-11 16:06:47,26.1,5.94,3.1,0.7,7.2,0.0,0.0,0.0,0.0,0.0,28.1,42.1,19.6,32.7,-128.7,21.6,0.0,1.0,1.0,1.0,0.0,0.0,1.0,0.0,90.0,90.0,0
2025-04-11 16:06:48,26.09,5.94,3.1,0.7,7.2,0.0,0.0,0.0,0.0,0.0,28.1,42.0,19.5,32.7,-128.7,21.6,0.0,1.0,1.0,1.0,0.0,0.0,1.0,0.0,90.0,90.0,0
2025-04-11 16:06:49,26.09,5.96,3.1,0.7,7.2,0.0,0.0,0.0,0.0,0.0,28.1,42.0,19.5,32.7,-128.7,21.6,0.0,1.0,1.0,1.0,0.0,0.0,1.0,0.0,90.0,90.0,0
2025-04-11 16:06:50,26.06,5.94,3.1,0.7,7.099999,0.0,0.0,0.0,0.0,0.0,28.1,42.0,19.5,32.7,-128.7,21.7,0.0,1.0,1.0,1.0,0.0,0.0,1.0,0.0,90.0,90.0,0
2025-04-11 16:06:51,26.06,5.95,3.1,0.7,7.9,0.0,0.0,0.0,0.0,0.0,28.1,42.0,19.5,32.7,-128.7,21.6,0.0,1.0,1.0,1.0,0.0,0.0,1.0,0.0,90.0,90.0,0
2025-04-11 16:06:52,26.08,5.93,3.1,0.7,7.099999,0.0,0.0,0.0,0.0,0.0,28.1,42.0,19.5,32.7,-128.7,21.7,0.0,1.0,1.0,1.0,0.0,0.0,1.0,0.0,90.0,90.0,0
2025-04-11 16:06:53,26.08,5.95,3.1,0.7,7.9,0.0,0.0,0.0,0.0,0.0,28.1,42.0,19.5,32.7,-128.7,21.6,0.0,1.0,1.0,1.0,0.0,0.0,1.0,0.0,90.0,90.0,0
2025-04-11 16:06:54,26.09,5.94,3.0,0.7,7.8,0.0,0.0,0.0,0.0,0.0,28.1,42.0,19.5,32.7,-128.7,21.6,0.0,1.0,1.0,1.0,0.0,0.0,1.0,0.0,90.0,90.0,0
2025-04-11 16:06:55,26.06,5.94,3.1,0.7,7.2,0.0,0.0,0.0,0.0,0.0,28.1,42.0,19.5,32.7,-128.7,21.6,0.0,1.0,1.0,1.0,0.0,0.0,1.0,0.0,90.0,90.0,0
2025-04-11 16:06:56,26.06,5.93,3.1,0.7,7.8,0.0,0.0,0.0,0.0,0.0,28.1,42.0,19.5,32.7,-128.7,21.6,0.0,1.0,1.0,1.0,0.0,0.0,1.0,0.0,90.0,90.0,0
2025-04-11 16:06:57,26.06,5.95,3.1,0.7,7.2,0.0,0.0,0.0,0.0,0.0,28.1,42.0,19.5,32.7,-128.7,21.6,0.0,1.0,1.0,1.0,0.0,0.0,1.0,0.0,90.0,90.0,0
2025-04-11 16:06:58,26.06,5.94,3.1,0.7,7.0,0.0,0.0,0.0,0.0,0.0,28.1,42.0,19.4,32.7,-128.7,21.6,0.0,1.0,1.0,1.0,0.0,0.0,1.0,0.0,90.0,90.0,0
2025-04-11 16:06:59,26.08,5.94,3.1,0.7,7.4,0.0,0.0,0.0,0.0,0.0,28.1,42.0,19.4,32.7,-128.7,21.7,0.0,1.0,1.0,1.0,0.0,0.0,1.0,0.0,90.0,90.0,0
2025-04-11 16:07:00,26.05,5.94,3.1,0.7,7.5,0.0,0.0,0.0,0.0,0.0,28.1,42.0,19.4,32.7,-128.7,21.6,0.0,1.0,1.0,1.0,0.0,0.0,1.0,0.0,90.0,90.0,0
2025-04-11 16:07:01,26.06,5.95,3.1,0.7,7.599999,0.0,0.0,0.0,0.0,0.0,28.1,42.0,19.4,32.7,-128.7,21.6,0.0,1.0,1.0,1.0,0.0,0.0,1.0,0.0,90.0,90.0,0
2025-04-11 16:07:02,26.06,5.94,3.1,0.7,7.9,0.0,0.0,0.0,0.0,0.0,28.1,42.0,19.4,32.7,-128.7,21.6,0.0,1.0,1.0,1.0,0.0,0.0,1.0,0.0,90.0,90.0,0
2025-04-11 16:07:03,26.05,5.94,3.1,0.7,7.2,0.0,0.0,0.0,0.0,0.0,28.1,42.0,19.4,32.7,-128.7,21.6,0.0,1.0,1.0,1.0,0.0,0.0,1.0,0.0,90.0,90.0,0
2025-04-11 16:07:04,26.08,5.94,3.1,0.7,7.599999,0.0,0.0,0.0,0.0,0.0,28.1,42.0,19.4,32.7,-128.7,21.6,0.0,1.0,1.0,1.0,0.0,0.0,1.0,0.0,90.0,90.0,0
2025-04-11 16:07:05,26.08,5.94,3.1,0.7,7.2,0.0,0.0,0.0,0.0,0.0,28.1,42.0,19.4,32.6,-128.7,21.5,0.0,1.0,1.0,1.0,0.0,0.0,1.0,0.0,90.0,90.0,0
2025-04-11 16:07:06,26.09,5.94,3.1,0.7,7.3,0.0,0.0,0.0,0.0,0.0,28.1,42.1,19.4,32.6,-128.7,21.5,0.0,1.0,1.0,1.0,0.0,0.0,1.0,0.0,90.0,90.0,0
2025-04-11 16:07:07,26.1,5.95,3.1,0.7,7.3,0.0,0.0,0.0,0.0,0.0,28.1,42.1,19.3,32.6,-128.7,21.5,0.0,1.0,1.0,1.0,0.0,0.0,1.0,0.0,90.0,90.0,0
2025-04-11 16:07:08,26.09,5.94,3.1,0.7,7.2,0.0,0.0,0.0,0.0,0.0,28.1,42.1,19.3,32.6,-128.7,21.5,0.0,1.0,1.0,1.0,0.0,0.0,1.0,0.0,90.0,90.0,0
2025-04-11 16:07:09,26.09,5.95,3.1,0.7,7.7,0.0,0.0,0.0,0.0,0.0,28.1,42.1,19.3,32.6,-128.7,21.5,0.0,1.0,1.0,1.0,0.0,0.0,1.0,0.0,90.0,90.0,0
2025-04-11 16:07:10,26.1,5.94,3.1,0.7,7.4,0.0,0.0,0.0,0.0,0.0,28.1,42.1,19.3,32.6,-128.7,21.5,0.0,1.0,1.0,1.0,0.0,0.0,1.0,0.0,90.0,90.0,0
2025-04-11 16:07:11,26.08,5.94,3.1,0.7,8.0,0.0,0.0,0.0,0.0,0.0,28.1,42.1,19.3,32.6,-128.7,21.5,0.0,1.0,1.0,1.0,0.0,0.0,1.0,0.0,90.0,90.0,0
2025-04-11 16:07:12,26.1,5.95,3.1,0.7,7.8,0.0,0.0,0.0,0.0,0.0,28.1,42.1,19.3,32.6,-128.7,21.5,0.0,1.0,1.0,1.0,0.0,0.0,1.0,0.0,90.0,90.0,0
2025-04-11 16:07:13,26.1,5.94,3.1,0.7,7.7,0.0,0.0,0.0,0.0,0.0,28.1,42.1,19.3,32.6,-128.7,21.5,0.0,1.0,1.0,1.0,0.0,0.0,1.0,0.0,90.0,90.0,0
2025-04-11 16:07:14,26.1,5.94,3.1,0.7,7.7,0.0,0.0,0.0,0.0,0.0,28.1,42.1,19.3,32.6,-128.7,21.5,0.0,1.0,1.0,1.0,0.0,0.0,1.0,0.0,90.0,90.0,0
2025-04-11 16:07:15,26.11,5.94,3.1,0.7,7.2,0.0,0.0,0.0,0.0,0.0,28.1,42.1,19.3,32.6,-128.7,21.5,0.0,1.0,1.0,1.0,0.0,0.0,1.0,0.0,90.0,90.0,0
2025-04-11 16:07:16,26.12,5.94,3.1,0.7,7.599999,0.0,0.0,0.0,0.0,0.0,28.1,42.1,19.2,32.6,-128.7,21.4,0.0,1.0,1.0,1.0,0.0,0.0,1.0,0.0,90.0,90.0,0
2025-04-11 16:07:17,26.1,5.94,3.1,0.7,7.7,0.0,0.0,0.0,0.0,0.0,28.1,42.1,19.2,32.6,-128.7,21.5,0.0,1.0,1.0,1.0,0.0,0.0,1.0,0.0,90.0,90.0,0
2025-04-11 16:07:18,26.09,5.95,3.1,0.7,7.0,0.0,0.0,0.0,0.0,0.0,28.1,42.1,19.2,32.6,-128.7,21.5,0.0,1.0,1.0,1.0,0.0,0.0,1.0,0.0,90.0,90.0,0
2025-04-11 16:07:19,26.1,5.95,3.1,0.7,7.599999,0.0,0.0,0.0,0.0,0.0,28.1,42.1,19.2,32.6,-128.7,21.5,0.0,1.0,1.0,1.0,0.0,0.0,1.0,0.0,90.0,90.0,0
2025-04-11 16:07:20,26.11,5.96,3.1,0.7,8.2,0.0,0.0,0.0,0.0,0.0,28.1,42.1,19.2,32.6,-128.7,21.5,0.0,1.0,1.0,1.0,0.0,0.0,1.0,0.0,90.0,90.0,0
2025-04-11 16:07:21,26.11,5.94,3.1,0.7,7.599999,0.0,0.0,0.0,0.0,0.0,28.1,42.1,19.2,32.6,-128.7,21.5,0.0,1.0,1.0,1.0,0.0,0.0,1.0,0.0,90.0,90.0,0
2025-04-11 16:07:22,26.12,5.96,3.1,0.7,7.599999,0.0,0.0,0.0,0.0,0.0,28.1,42.1,19.2,32.6,-128.7,21.5,0.0,1.0,1.0,1.0,0.0,0.0,1.0,0.0,90.0,90.0,0
2025-04-11 16:07:23,26.11,5.95,3.1,0.7,7.2,0.0,0.0,0.0,0.0,0.0,28.1,42.1,19.2,32.6,-128.7,21.5,0.0,1.0,1.0,1.0,0.0,0.0,1.0,0.0,90.0,90.0,0
2025-04-11 16:07:24,26.11,5.94,3.1,0.7,7.4,0.0,0.0,0.0,0.0,0.0,28.1,42.1,19.1,32.6,-128.7,21.4,0.0,1.0,1.0,1.0,0.0,0.0,1.0,0.0,90.0,90.0,0
2025-04-11 16:07:25,26.12,5.96,3.1,0.7,7.4,0.0,0.0,0.0,0.0,0.0,28.1,42.1,19.1,32.6,-128.7,21.5,0.0,1.0,1.0,1.0,0.0,0.0,1.0,0.0,90.0,90.0,0
2025-04-11 16:07:26,26.12,5.95,3.1,0.7,8.0,0.0,0.0,0.0,0.0,0.0,28.1,42.1,19.1,32.6,-128.7,21.4,0.0,1.0,1.0,1.0,0.0,0.0,1.0,0.0,90.0,90.0,0
2025-04-11 16:07:27,26.12,5.95,3.1,0.7,7.599999,0.0,0.0,0.0,0.0,0.0,28.1,42.1,19.1,32.6,-128.7,21.5,0.0,1.0,1.0,1.0,0.0,0.0,1.0,0.0,90.0,90.0,0
2025-04-11 16:07:28,26.15,5.96,3.1,0.7,7.7,0.0,0.0,0.0,0.0,0.0,28.1,42.1,19.1,32.6,-128.7,21.4,0.0,1.0,1.0,1.0,0.0,0.0,1.0,0.0,90.0,90.0,0
2025-04-11 16:07:29,26.16,5.96,3.1,0.7,8.0,0.0,0.0,0.0,0.0,0.0,28.1,42.1,19.1,32.6,-128.7,21.4,0.0,1.0,1.0,1.0,0.0,0.0,1.0,0.0,90.0,90.0,0
2025-04-11 16:07:30,26.16,5.96,3.1,0.7,7.099999,0.0,0.0,0.0,0.0,0.0,28.1,42.1,19.1,32.6,-128.7,21.4,0.0,1.0,1.0,1.0,0.0,0.0,1.0,0.0,90.0,90.0,0
2025-04-11 16:07:31,26.15,5.96,3.1,0.7,7.2,0.0,0.0,0.0,0.0,0.0,28.1,42.1,19.0,32.6,-128.7,21.4,0.0,1.0,1.0,1.0,0.0,0.0,1.0,0.0,90.0,90.0,0
2025-04-11 16:07:32,26.14,5.97,3.1,0.7,7.7,0.0,0.0,0.0,0.0,0.0,28.0,42.1,19.0,32.6,-128.7,21.4,0.0,1.0,1.0,1.0,0.0,0.0,1.0,0.0,90.0,90.0,0
2025-04-11 16:07:33,26.12,5.96,3.1,0.7,7.5,0.0,0.0,0.0,0.0,0.0,28.0,42.1,19.0,32.5,-128.7,21.4,0.0,1.0,1.0,1.0,0.0,0.0,1.0,0.0,90.0,90.0,0
2025-04-11 16:07:34,26.16,5.95,3.0,0.7,7.599999,0.0,0.0,0.0,0.0,0.0,28.0,42.1,19.0,32.5,-128.7,21.3,0.0,1.0,1.0,1.0,0.0,0.0,1.0,0.0,90.0,90.0,0
2025-04-11 16:07:35,26.15,5.96,3.1,0.7,7.0,0.0,0.0,0.0,0.0,0.0,28.0,42.1,19.0,32.5,-128.7,21.4,0.0,1.0,1.0,1.0,0.0,0.0,1.0,0.0,90.0,90.0,0
2025-04-11 16:07:36,26.16,5.96,3.1,0.7,7.599999,0.0,0.0,0.0,0.0,0.0,28.0,42.1,19.0,32.5,-128.7,21.3,0.0,1.0,1.0,1.0,0.0,0.0,1.0,0.0,90.0,90.0,0
2025-04-11 16:07:37,26.19,5.96,3.1,0.7,7.7,0.0,0.0,0.0,0.0,0.0,28.0,42.1,19.0,32.5,-128.7,21.4,0.0,1.0,1.0,1.0,0.0,0.0,1.0,0.0,90.0,90.0,0
2025-04-11 16:07:38,26.16,5.97,3.1,0.7,7.3,0.0,0.0,0.0,0.0,0.0,28.0,42.1,19.0,32.5,-128.7,21.3,0.0,1.0,1.0,1.0,0.0,0.0,1.0,0.0,90.0,90.0,0
2025-04-11 16:07:39,26.15,5.96,3.1,0.7,7.8,0.0,0.0,0.0,0.0,0.0,28.0,42.1,19.0,32.5,-128.7,21.3,0.0,1.0,1.0,1.0,0.0,0.0,1.0,0.0,90.0,90.0,0
2025-04-11 16:07:40,26.17,5.97,3.1,0.7,7.599999,0.0,0.0,0.0,0.0,0.0,28.0,42.1,19.0,32.5,-128.7,21.3,0.0,1.0,1.0,1.0,0.0,0.0,1.0,0.0,90.0,90.0,0
2025-04-11 16:07:41,26.16,5.97,3.1,0.7,7.7,0.0,0.0,0.0,0.0,0.0,28.0,42.1,18.9,32.5,-128.7,21.3,0.0,1.0,1.0,1.0,0.0,0.0,1.0,0.0,90.0,90.0,0
2025-04-11 16:07:42,26.17,5.97,3.1,0.7,7.2,0.0,0.0,0.0,0.0,0.0,28.0,42.1,18.9,32.5,-128.7,21.3,0.0,1.0,1.0,1.0,0.0,0.0,1.0,0.0,90.0,90.0,0
2025-04-11 16:07:43,26.17,5.97,3.1,0.7,7.099999,0.0,0.0,0.0,0.0,0.0,28.0,42.1,18.9,32.5,-128.7,21.3,0.0,1.0,1.0,1.0,0.0,0.0,1.0,0.0,90.0,90.0,0
2025-04-11 16:07:44,26.17,5.97,3.1,0.7,7.9,0.0,0.0,0.0,0.0,0.0,28.0,42.1,18.9,32.5,-128.7,21.3,0.0,1.0,1.0,1.0,0.0,0.0,1.0,0.0,90.0,90.0,0
2025-04-11 16:07:45,26.21,5.96,3.0,0.7,7.2,0.0,0.0,0.0,0.0,0.0,28.0,42.1,18.9,32.5,-128.7,21.3,0.0,1.0,1.0,1.0,0.0,0.0,1.0,0.0,90.0,90.0,0
2025-04-11 16:07:46,26.19,5.97,3.1,0.7,7.599999,0.0,0.0,0.0,0.0,0.0,28.0,42.2,18.9,32.5,-128.7,21.3,0.0,1.0,1.0,1.0,0.0,0.0,1.0,0.0,90.0,90.0,0
2025-04-11 16:07:47,26.17,5.96,3.1,0.7,7.8,0.0,0.0,0.0,0.0,0.0,28.0,42.2,18.9,32.5,-128.7,21.3,0.0,1.0,1.0,1.0,0.0,0.0,1.0,0.0,90.0,90.0,0
2025-04-11 16:07:48,26.19,5.96,3.1,0.7,7.099999,0.0,0.0,0.0,0.0,0.0,28.0,42.2,18.8,32.5,-128.7,21.4,0.0,1.0,1.0,1.0,0.0,0.0,1.0,0.0,90.0,90.0,0
2025-04-11 16:07:49,26.2,5.97,3.1,0.7,7.099999,0.0,0.0,0.0,0.0,0.0,28.0,42.2,18.8,32.5,-128.7,21.3,0.0,1.0,1.0,1.0,0.0,0.0,1.0,0.0,90.0,90.0,0
2025-04-11 16:07:50,26.2,5.96,3.1,0.7,7.3,0.0,0.0,0.0,0.0,0.0,28.0,42.2,18.8,32.5,-128.7,21.3,0.0,1.0,1.0,1.0,0.0,0.0,1.0,0.0,90.0,90.0,0
2025-04-11 16:07:51,26.21,5.97,3.1,0.7,7.2,0.0,0.0,0.0,0.0,0.0,28.0,42.2,18.8,32.4,-128.7,21.2,0.0,1.0,1.0,1.0,0.0,0.0,1.0,0.0,90.0,90.0,0
2025-04-11 16:07:52,26.2,5.96,3.1,0.7,7.7,0.0,0.0,0.0,0.0,0.0,28.0,42.2,18.8,32.4,-128.7,21.2,0.0,1.0,1.0,1.0,0.0,0.0,1.0,0.0,90.0,90.0,0
2025-04-11 16:07:53,26.2,5.97,3.1,0.7,7.0,0.0,0.0,0.0,0.0,0.0,28.0,42.2,18.8,32.4,-128.7,21.2,0.0,1.0,1.0,1.0,0.0,0.0,1.0,0.0,90.0,90.0,0
2025-04-11 16:07:54,26.22,5.96,3.1,0.7,7.7,0.0,0.0,0.0,0.0,0.0,28.0,42.2,18.8,32.4,-128.7,21.2,0.0,1.0,1.0,1.0,0.0,0.0,1.0,0.0,90.0,90.0,0
2025-04-11 16:07:55,26.2,5.97,3.1,0.7,7.7,0.0,0.0,0.0,0.0,0.0,28.0,42.2,18.8,32.4,-128.7,21.2,0.0,1.0,1.0,1.0,0.0,0.0,1.0,0.0,90.0,90.0,0
2025-04-11 16:07:56,26.2,5.97,3.1,0.7,7.599999,0.0,0.0,0.0,0.0,0.0,28.0,42.2,18.8,32.4,-128.7,21.2,0.0,1.0,1.0,1.0,0.0,0.0,1.0,0.0,90.0,90.0,0
2025-04-11 16:07:57,26.17,5.96,3.1,0.7,8.099999,0.0,0.0,0.0,0.0,0.0,28.0,42.2,18.7,32.4,-128.7,21.2,0.0,1.0,1.0,1.0,0.0,0.0,1.0,0.0,90.0,90.0,0
2025-04-11 16:07:58,26.19,5.97,3.1,0.7,7.2,0.0,0.0,0.0,0.0,0.0,28.0,42.2,18.7,32.4,-128.7,21.2,0.0,1.0,1.0,1.0,0.0,0.0,1.0,0.0,90.0,90.0,0
2025-04-11 16:07:59,26.21,5.96,3.1,0.7,7.2,0.0,0.0,0.0,0.0,0.0,28.0,42.2,18.7,32.4,-128.7,21.2,0.0,1.0,1.0,1.0,0.0,0.0,1.0,0.0,90.0,90.0,0
2025-04-11 16:08:00,26.21,5.97,3.1,0.7,7.2,0.0,0.0,0.0,0.0,0.0,28.0,42.2,18.7,32.4,-128.7,21.2,0.0,1.0,1.0,1.0,0.0,0.0,1.0,0.0,90.0,90.0,0
2025-04-11 16:08:01,26.21,5.96,3.1,0.7,7.099999,0.0,0.0,0.0,0.0,0.0,28.0,42.2,18.7,32.4,-128.7,21.2,0.0,1.0,1.0,1.0,0.0,0.0,1.0,0.0,90.0,90.0,0
2025-04-11 16:08:02,26.2,5.96,3.1,0.7,7.5,0.0,0.0,0.0,0.0,0.0,28.0,42.2,18.7,32.4,-128.7,21.3,0.0,1.0,1.0,1.0,0.0,0.0,1.0,0.0,90.0,90.0,0
2025-04-11 16:08:03,26.2,5.96,3.1,0.7,7.099999,0.0,0.0,0.0,0.0,0.0,28.0,42.2,18.7,32.4,-128.7,21.2,0.0,1.0,1.0,1.0,0.0,0.0,1.0,0.0,90.0,90.0,0
2025-04-11 16:08:04,26.21,5.96,3.0,0.7,7.9,0.0,0.0,0.0,0.0,0.0,28.0,42.2,18.7,32.4,-128.7,21.3,0.0,1.0,1.0,1.0,0.0,0.0,1.0,0.0,90.0,90.0,0
2025-04-11 16:08:05,26.22,5.97,3.1,0.7,7.5,0.0,0.0,0.0,0.0,0.0,28.0,42.2,18.7,32.4,-128.7,21.2,0.0,1.0,1.0,1.0,0.0,0.0,1.0,0.0,90.0,90.0,0
2025-04-11 16:08:06,26.22,5.95,3.1,0.7,7.3,0.0,0.0,0.0,0.0,0.0,28.0,42.2,18.7,32.4,-128.7,21.2,0.0,1.0,1.0,1.0,0.0,0.0,1.0,0.0,90.0,90.0,0
2025-04-11 16:08:07,26.21,5.96,3.1,0.7,7.599999,0.0,0.0,0.0,0.0,0.0,28.0,42.2,18.7,32.4,-128.7,21.2,0.0,1.0,1.0,1.0,0.0,0.0,1.0,0.0,90.0,90.0,0
2025-04-11 16:08:08,26.21,5.96,3.1,0.7,7.3,0.0,0.0,0.0,0.0,0.0,28.0,42.2,18.7,32.3,-128.7,21.1,0.0,1.0,1.0,1.0,0.0,0.0,1.0,0.0,90.0,90.0,0
2025-04-11 16:08:09,26.19,5.95,3.1,0.7,7.599999,0.0,0.0,0.0,0.0,0.0,28.0,42.2,18.6,32.3,-128.7,21.2,0.0,1.0,1.0,1.0,0.0,0.0,1.0,0.0,90.0,90.0,0
2025-04-11 16:08:10,26.21,5.97,3.1,0.7,7.2,0.0,0.0,0.0,0.0,0.0,28.0,42.2,18.6,32.3,-128.7,21.1,0.0,1.0,1.0,1.0,0.0,0.0,1.0,0.0,90.0,90.0,0
2025-04-11 16:08:11,26.2,5.95,3.1,0.7,7.4,0.0,0.0,0.0,0.0,0.0,28.0,42.2,18.6,32.3,-128.7,21.2,0.0,1.0,1.0,1.0,0.0,0.0,1.0,0.0,90.0,90.0,0
2025-04-11 16:08:12,26.19,5.96,3.1,0.7,7.0,0.0,0.0,0.0,0.0,0.0,28.0,42.2,18.6,32.3,-128.7,21.1,0.0,1.0,1.0,1.0,0.0,0.0,1.0,0.0,90.0,90.0,0
2025-04-11 16:08:13,26.19,5.95,3.1,0.7,7.8,0.0,0.0,0.0,0.0,0.0,28.0,42.2,18.6,32.3,-128.7,21.2,0.0,1.0,1.0,1.0,0.0,0.0,1.0,0.0,90.0,90.0,0
2025-04-11 16:08:14,26.21,5.96,3.1,0.7,7.8,0.0,0.0,0.0,0.0,0.0,28.0,42.2,18.6,32.3,-128.7,21.2,0.0,1.0,1.0,1.0,0.0,0.0,1.0,0.0,90.0,90.0,0
2025-04-11 16:08:15,26.2,5.95,3.1,0.7,8.0,0.0,0.0,0.0,0.0,0.0,28.0,42.2,18.6,32.3,-128.7,21.1,0.0,1.0,1.0,1.0,0.0,0.0,1.0,0.0,90.0,90.0,0
2025-04-11 16:08:16,26.21,5.94,3.1,0.7,8.0,0.0,0.0,0.0,0.0,0.0,28.0,42.2,18.6,32.3,-128.7,21.2,0.0,1.0,1.0,1.0,0.0,0.0,1.0,0.0,90.0,90.0,0
2025-04-11 16:08:17,26.2,5.96,3.1,0.7,7.8,0.0,0.0,0.0,0.0,0.0,28.0,42.2,18.6,32.3,-128.7,21.2,0.0,1.0,1.0,1.0,0.0,0.0,1.0,0.0,90.0,90.0,0
2025-04-11 16:08:18,26.2,5.94,3.1,0.7,7.5,0.0,0.0,0.0,0.0,0.0,28.0,42.2,18.5,32.3,-128.7,21.2,0.0,1.0,1.0,1.0,0.0,0.0,1.0,0.0,90.0,90.0,0
2025-04-11 16:08:19,26.19,5.95,3.1,0.7,7.2,0.0,0.0,0.0,0.0,0.0,28.0,42.2,18.5,32.3,-128.7,21.2,0.0,1.0,1.0,1.0,0.0,0.0,1.0,0.0,90.0,90.0,0
2025-04-11 16:08:20,26.2,5.94,3.1,0.7,7.7,0.0,0.0,0.0,0.0,0.0,28.0,42.2,18.5,32.3,-128.7,21.1,0.0,1.0,1.0,1.0,0.0,0.0,1.0,0.0,90.0,90.0,0
2025-04-11 16:08:21,26.19,5.94,3.1,0.7,6.9,0.0,0.0,0.0,0.0,0.0,28.0,42.2,18.5,32.2,-128.7,21.1,0.0,1.0,1.0,1.0,0.0,0.0,1.0,0.0,90.0,90.0,0
2025-04-11 16:08:22,26.2,5.95,3.1,0.7,7.3,0.0,0.0,0.0,0.0,0.0,28.0,42.2,18.5,32.2,-128.7,21.0,0.0,1.0,1.0,1.0,0.0,0.0,1.0,0.0,90.0,90.0,0
2025-04-11 16:08:23,26.21,5.94,3.1,0.7,7.4,0.0,0.0,0.0,0.0,0.0,28.0,42.2,18.5,32.2,-128.7,21.1,0.0,1.0,1.0,1.0,0.0,0.0,1.0,0.0,90.0,90.0,0
2025-04-11 16:08:24,26.21,5.96,3.1,0.7,7.7,0.0,0.0,0.0,0.0,0.0,28.0,42.2,18.5,32.2,-128.7,21.1,0.0,1.0,1.0,1.0,0.0,0.0,1.0,0.0,90.0,90.0,0
2025-04-11 16:08:25,26.21,5.95,3.1,0.7,7.7,0.0,0.0,0.0,0.0,0.0,28.0,42.2,18.5,32.2,-128.7,21.1,0.0,1.0,1.0,1.0,0.0,0.0,1.0,0.0,90.0,90.0,0
2025-04-11 16:08:26,26.16,5.94,3.1,0.7,7.5,0.0,0.0,0.0,0.0,0.0,28.0,42.2,18.5,32.2,-128.7,21.1,0.0,1.0,1.0,1.0,0.0,0.0,1.0,0.0,90.0,90.0,0
2025-04-11 16:08:27,26.17,5.95,3.1,0.7,7.4,0.0,0.0,0.0,0.0,0.0,28.0,42.2,18.5,32.2,-128.7,21.1,0.0,1.0,1.0,1.0,0.0,0.0,1.0,0.0,90.0,90.0,0
2025-04-11 16:08:28,26.19,5.94,3.1,0.7,7.7,0.0,0.0,0.0,0.0,0.0,28.0,42.2,18.5,32.2,-128.7,21.1,0.0,1.0,1.0,1.0,0.0,0.0,1.0,0.0,90.0,90.0,0
2025-04-11 16:08:29,26.19,5.95,3.1,0.7,7.099999,0.0,0.0,0.0,0.0,0.0,28.0,42.2,18.4,32.2,-128.7,21.1,0.0,1.0,1.0,1.0,0.0,0.0,1.0,0.0,90.0,90.0,0
2025-04-11 16:08:30,26.2,5.94,3.1,0.7,7.3,0.0,0.0,0.0,0.0,0.0,28.0,42.2,18.4,32.2,-128.7,21.1,0.0,1.0,1.0,1.0,0.0,0.0,1.0,0.0,90.0,90.0,0
2025-04-11 16:08:31,26.19,5.94,3.1,0.7,7.3,0.0,0.0,0.0,0.0,0.0,28.0,42.2,18.4,32.2,-128.7,21.1,0.0,1.0,1.0,1.0,0.0,0.0,1.0,0.0,90.0,90.0,0
2025-04-11 16:08:32,26.17,5.94,3.1,0.7,7.5,0.0,0.0,0.0,0.0,0.0,28.0,42.2,18.4,32.2,-128.7,21.1,0.0,1.0,1.0,1.0,0.0,0.0,1.0,0.0,90.0,90.0,0
2025-04-11 16:08:33,26.19,5.95,3.1,0.7,7.7,0.0,0.0,0.0,0.0,0.0,28.0,42.2,18.4,32.2,-128.7,21.1,0.0,1.0,1.0,1.0,0.0,0.0,1.0,0.0,90.0,90.0,0
2025-04-11 16:08:34,26.2,5.95,3.1,0.7,7.8,0.0,0.0,0.0,0.0,0.0,28.0,42.2,18.4,32.2,-128.7,21.1,0.0,1.0,1.0,1.0,0.0,0.0,1.0,0.0,90.0,90.0,0
2025-04-11 16:08:35,26.19,5.94,3.1,0.7,7.4,0.0,0.0,0.0,0.0,0.0,28.0,42.2,18.4,32.2,-128.7,21.1,0.0,1.0,1.0,1.0,0.0,0.0,1.0,0.0,90.0,90.0,0
2025-04-11 16:08:36,26.21,5.95,3.1,0.7,8.099999,0.0,0.0,0.0,0.0,0.0,28.0,42.2,18.4,32.1,-128.7,21.0,0.0,1.0,1.0,1.0,0.0,0.0,1.0,0.0,90.0,90.0,0
2025-04-11 16:08:37,26.21,5.94,3.1,0.7,7.4,0.0,0.0,0.0,0.0,0.0,28.0,42.2,18.4,32.1,-128.7,21.0,0.0,1.0,1.0,1.0,0.0,0.0,1.0,0.0,90.0,90.0,0
2025-04-11 16:08:38,26.21,5.95,3.1,0.7,7.4,0.0,0.0,0.0,0.0,0.0,28.0,42.2,18.4,32.1,-128.7,21.0,0.0,1.0,1.0,1.0,0.0,0.0,1.0,0.0,90.0,90.0,0
2025-04-11 16:08:39,26.22,5.94,3.1,0.7,7.4,0.0,0.0,0.0,0.0,0.0,28.0,42.2,18.4,32.1,-128.7,21.0,0.0,1.0,1.0,1.0,0.0,0.0,1.0,0.0,90.0,90.0,0
2025-04-11 16:08:40,26.21,5.96,3.1,0.7,7.3,0.0,0.0,0.0,0.0,0.0,28.0,42.2,18.4,32.1,-128.7,21.0,0.0,1.0,1.0,1.0,0.0,0.0,1.0,0.0,90.0,90.0,0
2025-04-11 16:08:41,26.21,5.94,3.1,0.7,8.099999,0.0,0.0,0.0,0.0,0.0,28.0,42.2,18.4,32.1,-128.7,21.0,0.0,1.0,1.0,1.0,0.0,0.0,1.0,0.0,90.0,90.0,0
2025-04-11 16:08:42,26.21,5.95,3.1,0.7,7.8,0.0,0.0,0.0,0.0,0.0,28.0,42.2,18.4,32.1,-128.7,21.0,0.0,1.0,1.0,1.0,0.0,0.0,1.0,0.0,90.0,90.0,0
2025-04-11 16:08:43,26.2,5.94,3.1,0.7,7.599999,0.0,0.0,0.0,0.0,0.0,28.0,42.2,18.4,32.1,-128.7,21.0,0.0,1.0,1.0,1.0,0.0,0.0,1.0,0.0,90.0,90.0,0
2025-04-11 16:08:44,26.2,5.95,3.1,0.7,7.7,0.0,0.0,0.0,0.0,0.0,28.0,42.2,18.3,32.1,-128.7,21.0,0.0,1.0,1.0,1.0,0.0,0.0,1.0,0.0,90.0,90.0,0
2025-04-11 16:08:45,26.21,5.94,3.1,0.7,7.099999,0.0,0.0,0.0,0.0,0.0,28.0,42.2,18.3,32.1,-128.7,21.0,0.0,1.0,1.0,1.0,0.0,0.0,1.0,0.0,90.0,90.0,0
2025-04-11 16:08:46,26.2,5.95,3.1,0.7,7.599999,0.0,0.0,0.0,0.0,0.0,28.0,42.2,18.3,32.1,-128.7,21.0,0.0,1.0,1.0,1.0,0.0,0.0,1.0,0.0,90.0,90.0,0
2025-04-11 16:08:47,26.21,5.96,3.1,0.7,7.0,0.0,0.0,0.0,0.0,0.0,28.0,42.2,18.3,32.1,-128.7,20.9,0.0,1.0,1.0,1.0,0.0,0.0,1.0,0.0,90.0,90.0,0
2025-04-11 16:08:48,26.21,5.96,3.1,0.7,7.099999,0.0,0.0,0.0,0.0,0.0,28.0,42.2,18.3,32.1,-128.7,21.0,0.0,1.0,1.0,1.0,0.0,0.0,1.0,0.0,90.0,90.0,0
2025-04-11 16:08:49,26.21,5.95,3.1,0.7,6.7,0.0,0.0,0.0,0.0,0.0,28.0,42.2,18.3,32.1,-128.7,21.0,0.0,1.0,1.0,1.0,0.0,0.0,1.0,0.0,90.0,90.0,0
2025-04-11 16:08:50,26.19,5.96,3.1,0.7,7.099999,0.0,0.0,0.0,0.0,0.0,28.0,42.2,18.3,32.1,-128.7,21.0,0.0,1.0,1.0,1.0,0.0,0.0,1.0,0.0,90.0,90.0,0
2025-04-11 16:08:51,26.19,5.94,3.1,0.7,7.0,0.0,0.0,0.0,0.0,0.0,28.0,42.2,18.3,32.1,-128.7,20.9,0.0,1.0,1.0,1.0,0.0,0.0,1.0,0.0,90.0,90.0,0
2025-04-11 16:08:52,26.2,5.95,3.1,0.7,6.8,0.0,0.0,0.0,0.0,0.0,28.0,42.2,18.3,32.1,-128.7,21.0,0.0,1.0,1.0,1.0,0.0,0.0,1.0,0.0,90.0,90.0,0
2025-04-11 16:08:53,26.21,5.94,3.1,0.7,7.7,0.0,0.0,0.0,0.0,0.0,28.0,42.2,18.3,32.0,-128.7,20.8,0.0,1.0,1.0,1.0,0.0,0.0,1.0,0.0,90.0,90.0,0
2025-04-11 16:08:54,26.21,5.96,3.1,0.7,7.2,0.0,0.0,0.0,0.0,0.0,28.0,42.2,18.3,32.0,-128.7,20.9,0.0,1.0,1.0,1.0,0.0,0.0,1.0,0.0,90.0,90.0,0
2025-04-11 16:08:55,26.21,5.95,3.1,0.7,7.8,0.0,0.0,0.0,0.0,0.0,28.0,42.2,18.3,32.0,-128.7,20.9,0.0,1.0,1.0,1.0,0.0,0.0,1.0,0.0,90.0,90.0,0
2025-04-11 16:08:56,26.2,5.94,3.1,0.7,7.2,0.0,0.0,0.0,0.0,0.0,28.0,42.2,18.3,32.0,-128.7,20.9,0.0,1.0,1.0,1.0,0.0,0.0,1.0,0.0,90.0,90.0,0
2025-04-11 16:08:57,26.2,5.95,3.1,0.7,7.4,0.0,0.0,0.0,0.0,0.0,28.0,42.2,18.3,32.0,-128.7,20.9,0.0,1.0,1.0,1.0,0.0,0.0,1.0,0.0,90.0,90.0,0
2025-04-11 16:08:58,26.2,5.95,3.1,0.7,7.599999,0.0,0.0,0.0,0.0,0.0,28.0,42.2,18.3,32.0,-128.7,20.9,0.0,1.0,1.0,1.0,0.0,0.0,1.0,0.0,90.0,90.0,0
2025-04-11 16:08:59,26.2,5.94,3.1,0.7,7.099999,0.0,0.0,0.0,0.0,0.0,28.0,42.2,18.3,32.0,-128.7,20.8,0.0,1.0,1.0,1.0,0.0,0.0,1.0,0.0,90.0,90.0,0
2025-04-11 16:09:00,26.2,5.94,3.1,0.7,7.7,0.0,0.0,0.0,0.0,0.0,28.0,42.2,18.3,32.0,-128.7,20.9,0.0,1.0,1.0,1.0,0.0,0.0,1.0,0.0,90.0,90.0,0
2025-04-11 16:09:01,26.17,5.94,3.1,0.7,7.8,0.0,0.0,0.0,0.0,0.0,28.0,42.2,18.3,32.0,-128.7,20.8,0.0,1.0,1.0,1.0,0.0,0.0,1.0,0.0,90.0,90.0,0
2025-04-11 16:09:02,26.2,5.95,3.1,0.7,7.2,0.0,0.0,0.0,0.0,0.0,28.0,42.2,18.3,32.0,-128.7,20.9,0.0,1.0,1.0,1.0,0.0,0.0,1.0,0.0,90.0,90.0,0
2025-04-11 16:09:03,26.2,5.95,3.1,0.7,7.7,0.0,0.0,0.0,0.0,0.0,28.0,42.2,18.3,32.0,-128.7,20.9,0.0,1.0,1.0,1.0,0.0,0.0,1.0,0.0,90.0,90.0,0
2025-04-11 16:09:04,26.2,5.95,3.1,0.7,7.2,0.0,0.0,0.0,0.0,0.0,28.0,42.2,18.3,32.0,-128.7,20.9,0.0,1.0,1.0,1.0,0.0,0.0,1.0,0.0,90.0,90.0,0
2025-04-11 16:09:05,26.19,5.96,3.1,0.7,7.8,0.0,0.0,0.0,0.0,0.0,28.0,42.2,18.2,32.0,-128.7,20.8,0.0,1.0,1.0,1.0,0.0,0.0,1.0,0.0,90.0,90.0,0
2025-04-11 16:09:06,26.19,5.95,3.1,0.7,7.099999,0.0,0.0,0.0,0.0,0.0,28.0,42.2,18.2,32.0,-128.7,20.9,0.0,1.0,1.0,1.0,0.0,0.0,1.0,0.0,90.0,90.0,0
2025-04-11 16:09:07,26.19,5.95,3.1,0.7,7.9,0.0,0.0,0.0,0.0,0.0,28.0,42.2,18.2,32.0,-128.7,20.8,0.0,1.0,1.0,1.0,0.0,0.0,1.0,0.0,90.0,90.0,0
2025-04-11 16:09:08,26.21,5.94,3.1,0.7,7.2,0.0,0.0,0.0,0.0,0.0,28.0,42.2,18.2,32.0,-128.7,20.9,0.0,1.0,1.0,1.0,0.0,0.0,1.0,0.0,90.0,90.0,0
2025-04-11 16:09:09,26.22,5.95,3.1,0.7,7.5,0.0,0.0,0.0,0.0,0.0,28.0,42.2,18.2,32.0,-128.7,20.8,0.0,1.0,1.0,1.0,0.0,0.0,1.0,0.0,90.0,90.0,0
2025-04-11 16:09:10,26.21,5.96,3.1,0.7,7.2,0.0,0.0,0.0,0.0,0.0,28.0,42.2,18.2,32.0,-128.7,20.9,0.0,1.0,1.0,1.0,0.0,0.0,1.0,0.0,90.0,90.0,0
2025-04-11 16:09:11,26.23,5.95,3.1,0.7,7.0,0.0,0.0,0.0,0.0,0.0,28.0,42.2,18.2,32.0,-128.7,20.8,0.0,1.0,1.0,1.0,0.0,0.0,1.0,0.0,90.0,90.0,0
2025-04-11 16:09:12,26.23,5.96,3.1,0.7,7.4,0.0,0.0,0.0,0.0,0.0,28.0,42.2,18.2,32.0,-128.7,20.9,0.0,1.0,1.0,1.0,0.0,0.0,1.0,0.0,90.0,90.0,0
2025-04-11 16:09:13,26.23,5.96,3.1,0.7,7.5,0.0,0.0,0.0,0.0,0.0,28.0,42.2,18.2,32.0,-128.7,20.8,0.0,1.0,1.0,1.0,0.0,0.0,1.0,0.0,90.0,90.0,0
2025-04-11 16:09:14,26.22,5.95,3.1,0.7,7.7,0.0,0.0,0.0,0.0,0.0,28.0,42.2,18.2,31.9,-128.7,20.8,0.0,1.0,1.0,1.0,0.0,0.0,1.0,0.0,90.0,90.0,0
2025-04-11 16:09:15,26.22,5.96,3.1,0.7,7.4,0.0,0.0,0.0,0.0,0.0,28.0,42.2,18.2,31.9,-128.7,20.7,0.0,1.0,1.0,1.0,0.0,0.0,1.0,0.0,90.0,90.0,0
2025-04-11 16:09:16,26.23,5.95,3.1,0.7,7.4,0.0,0.0,0.0,0.0,0.0,28.0,42.2,18.2,31.9,-128.7,20.7,0.0,1.0,1.0,1.0,0.0,0.0,1.0,0.0,90.0,90.0,0
2025-04-11 16:09:17,26.26,5.96,3.1,0.7,7.8,0.0,0.0,0.0,0.0,0.0,28.0,42.2,18.2,31.9,-128.7,20.7,0.0,1.0,1.0,1.0,0.0,0.0,1.0,0.0,90.0,90.0,0
2025-04-11 16:09:18,26.25,5.95,3.1,0.7,7.2,0.0,0.0,0.0,0.0,0.0,28.0,42.2,18.2,31.9,-128.7,20.8,0.0,1.0,1.0,1.0,0.0,0.0,1.0,0.0,90.0,90.0,0
2025-04-11 16:09:19,26.23,5.96,3.1,0.7,7.3,0.0,0.0,0.0,0.0,0.0,28.0,42.2,18.2,31.9,-128.7,20.7,0.0,1.0,1.0,1.0,0.0,0.0,1.0,0.0,90.0,90.0,0
2025-04-11 16:09:20,26.21,5.96,3.1,0.7,7.7,0.0,0.0,0.0,0.0,0.0,28.0,42.2,18.2,31.9,-128.7,20.8,0.0,1.0,1.0,1.0,0.0,0.0,1.0,0.0,90.0,90.0,0
2025-04-11 16:09:21,26.26,5.97,3.1,0.7,7.9,0.0,0.0,0.0,0.0,0.0,28.0,42.2,18.2,31.9,-128.7,20.7,0.0,1.0,1.0,1.0,0.0,0.0,1.0,0.0,90.0,90.0,0
2025-04-11 16:09:22,26.25,5.96,3.1,0.7,7.599999,0.0,0.0,0.0,0.0,0.0,28.0,42.2,18.2,31.9,-128.7,20.7,0.0,1.0,1.0,1.0,0.0,0.0,1.0,0.0,90.0,90.0,0
2025-04-11 16:09:23,26.23,5.97,3.1,0.7,7.7,0.0,0.0,0.0,0.0,0.0,28.0,42.2,18.2,31.9,-128.7,20.7,0.0,1.0,1.0,1.0,0.0,0.0,1.0,0.0,90.0,90.0,0
2025-04-11 16:09:24,26.23,5.96,3.1,0.7,7.0,0.0,0.0,0.0,0.0,0.0,28.0,42.2,18.2,31.9,-128.7,20.7,0.0,1.0,1.0,1.0,0.0,0.0,1.0,0.0,90.0,90.0,0
2025-04-11 16:09:25,26.23,5.97,3.1,0.7,7.7,0.0,0.0,0.0,0.0,0.0,28.0,42.2,18.2,31.9,-128.7,20.7,0.0,1.0,1.0,1.0,0.0,0.0,1.0,0.0,90.0,90.0,0
2025-04-11 16:09:26,26.21,5.96,3.1,0.7,7.599999,0.0,0.0,0.0,0.0,0.0,28.0,42.2,18.2,31.9,-128.7,20.7,0.0,1.0,1.0,1.0,0.0,0.0,1.0,0.0,90.0,90.0,0
2025-04-11 16:09:27,26.25,5.97,3.1,0.7,8.0,0.0,0.0,0.0,0.0,0.0,28.0,42.2,18.2,31.9,-128.7,20.7,0.0,1.0,1.0,1.0,0.0,0.0,1.0,0.0,90.0,90.0,0
2025-04-11 16:09:28,26.22,5.97,3.1,0.7,7.7,0.0,0.0,0.0,0.0,0.0,28.0,42.2,18.2,31.9,-128.7,20.7,0.0,1.0,1.0,1.0,0.0,0.0,1.0,0.0,90.0,90.0,0
2025-04-11 16:09:29,26.22,5.97,3.1,0.7,7.099999,0.0,0.0,0.0,0.0,0.0,28.0,42.2,18.2,31.9,-128.7,20.7,0.0,1.0,1.0,1.0,0.0,0.0,1.0,0.0,90.0,90.0,0
2025-04-11 16:09:30,26.23,5.96,3.0,0.7,7.2,0.0,0.0,0.0,0.0,0.0,28.0,42.2,18.2,31.9,-128.7,20.7,0.0,1.0,1.0,1.0,0.0,0.0,1.0,0.0,90.0,90.0,0
2025-04-11 16:09:31,26.23,5.97,3.1,0.7,7.7,0.0,0.0,0.0,0.0,0.0,28.0,42.2,18.2,31.9,-128.7,20.7,0.0,1.0,1.0,1.0,0.0,0.0,1.0,0.0,90.0,90.0,0
2025-04-11 16:09:32,26.23,5.96,3.1,0.7,8.0,0.0,0.0,0.0,0.0,0.0,28.0,42.2,18.2,31.9,-128.7,20.7,0.0,1.0,1.0,1.0,0.0,0.0,1.0,0.0,90.0,90.0,0
2025-04-11 16:09:33,26.23,5.97,3.1,0.7,7.9,0.0,0.0,0.0,0.0,0.0,28.0,42.2,18.2,31.9,-128.7,20.7,0.0,1.0,1.0,1.0,0.0,0.0,1.0,0.0,90.0,90.0,0
2025-04-11 16:09:34,26.21,5.96,3.1,0.7,7.8,0.0,0.0,0.0,0.0,0.0,28.0,42.2,18.2,31.9,-128.7,20.7,0.0,1.0,1.0,1.0,0.0,0.0,1.0,0.0,90.0,90.0,0
2025-04-11 16:09:35,26.2,5.97,3.1,0.7,6.8,0.0,0.0,0.0,0.0,0.0,28.0,42.2,18.2,31.9,-128.7,20.7,0.0,1.0,1.0,1.0,0.0,0.0,1.0,0.0,90.0,90.0,0
2025-04-11 16:09:36,26.23,5.97,3.1,0.7,7.4,0.0,0.0,0.0,0.0,0.0,28.0,42.2,18.2,31.9,-128.7,20.7,0.0,1.0,1.0,1.0,0.0,0.0,1.0,0.0,90.0,90.0,0
2025-04-11 16:09:37,26.22,5.97,3.1,0.7,7.099999,0.0,0.0,0.0,0.0,0.0,28.0,42.2,18.2,31.9,-128.7,20.7,0.0,1.0,1.0,1.0,0.0,0.0,1.0,0.0,90.0,90.0,0
2025-04-11 16:09:38,26.23,5.96,3.1,0.7,7.8,0.0,0.0,0.0,0.0,0.0,28.0,42.2,18.2,31.9,-128.7,20.7,0.0,1.0,1.0,1.0,0.0,0.0,1.0,0.0,90.0,90.0,0
2025-04-11 16:09:39,26.23,5.98,3.1,0.7,7.8,0.0,0.0,0.0,0.0,0.0,28.0,42.3,18.2,31.9,-128.7,20.7,0.0,1.0,1.0,1.0,0.0,0.0,1.0,0.0,90.0,90.0,0
2025-04-11 16:09:40,26.22,5.96,3.1,0.7,7.0,0.0,0.0,0.0,0.0,0.0,28.0,42.3,18.2,31.9,-128.7,20.7,0.0,1.0,1.0,1.0,0.0,0.0,1.0,0.0,90.0,90.0,0
2025-04-11 16:09:41,26.25,5.97,3.1,0.7,7.3,0.0,0.0,0.0,0.0,0.0,28.0,42.3,18.2,31.9,-128.7,20.7,0.0,1.0,1.0,1.0,0.0,0.0,1.0,0.0,90.0,90.0,0
2025-04-11 16:09:42,26.23,5.97,3.1,0.7,7.4,0.0,0.0,0.0,0.0,0.0,28.0,42.3,18.1,31.9,-128.7,20.7,0.0,1.0,1.0,1.0,0.0,0.0,1.0,0.0,90.0,90.0,0
2025-04-11 16:09:43,26.22,5.97,3.1,0.7,7.7,0.0,0.0,0.0,0.0,0.0,28.0,42.3,18.1,31.9,-128.7,20.7,0.0,1.0,1.0,1.0,0.0,0.0,1.0,0.0,90.0,90.0,0
2025-04-11 16:09:44,26.22,5.97,3.1,0.7,7.5,0.0,0.0,0.0,0.0,0.0,28.0,42.3,18.1,31.9,-128.7,20.7,0.0,1.0,1.0,1.0,0.0,0.0,1.0,0.0,90.0,90.0,0
2025-04-11 16:09:45,26.22,5.97,3.1,0.7,7.4,0.0,0.0,0.0,0.0,0.0,28.0,42.3,18.1,31.9,-128.7,20.7,0.0,1.0,1.0,1.0,0.0,0.0,1.0,0.0,90.0,90.0,0
2025-04-11 16:09:46,26.23,5.96,3.1,0.7,8.0,0.0,0.0,0.0,0.0,0.0,28.0,42.3,18.1,31.9,-128.7,20.7,0.0,1.0,1.0,1.0,0.0,0.0,1.0,0.0,90.0,90.0,0
2025-04-11 16:09:47,26.23,5.97,3.0,0.7,6.8,0.0,0.0,0.0,0.0,0.0,28.0,42.3,18.1,31.9,-128.7,20.7,0.0,1.0,1.0,1.0,0.0,0.0,1.0,0.0,90.0,90.0,0
2025-04-11 16:09:48,26.23,5.96,3.1,0.7,7.3,0.0,0.0,0.0,0.0,0.0,28.0,42.3,18.1,31.9,-128.7,20.7,0.0,1.0,1.0,1.0,0.0,0.0,1.0,0.0,90.0,90.0,0
2025-04-11 16:09:49,26.21,5.97,3.1,0.7,8.099999,0.0,0.0,0.0,0.0,0.0,28.0,42.3,18.1,31.9,-128.7,20.7,0.0,1.0,1.0,1.0,0.0,0.0,1.0,0.0,90.0,90.0,0
2025-04-11 16:09:50,26.22,5.97,3.1,0.7,7.7,0.0,0.0,0.0,0.0,0.0,28.0,42.3,18.1,31.9,-128.7,20.7,0.0,1.0,1.0,1.0,0.0,0.0,1.0,0.0,90.0,90.0,0
2025-04-11 16:09:51,26.22,5.97,3.1,0.7,7.3,0.0,0.0,0.0,0.0,0.0,28.0,42.3,18.1,31.9,-128.7,20.7,0.0,1.0,1.0,1.0,0.0,0.0,1.0,0.0,90.0,90.0,0
2025-04-11 16:09:52,26.22,5.97,3.1,0.7,7.3,0.0,0.0,0.0,0.0,0.0,28.0,42.3,18.1,31.9,-128.7,20.7,0.0,1.0,1.0,1.0,0.0,0.0,1.0,0.0,90.0,90.0,0
2025-04-11 16:09:53,26.22,5.96,3.1,0.7,7.2,0.0,0.0,0.0,0.0,0.0,28.0,42.3,18.1,31.9,-128.7,20.7,0.0,1.0,1.0,1.0,0.0,0.0,1.0,0.0,90.0,90.0,0
2025-04-11 16:09:54,26.22,5.97,3.1,0.7,7.8,0.0,0.0,0.0,0.0,0.0,28.0,42.3,18.1,31.9,-128.7,20.7,0.0,1.0,1.0,1.0,0.0,0.0,1.0,0.0,90.0,90.0,0
2025-04-11 16:09:55,26.23,5.97,3.1,0.7,7.099999,0.0,0.0,0.0,0.0,0.0,28.0,42.3,18.1,31.8,-128.7,20.6,0.0,1.0,1.0,1.0,0.0,0.0,1.0,0.0,90.0,90.0,0
2025-04-11 16:09:56,26.21,5.97,3.1,0.7,7.7,0.0,0.0,0.0,0.0,0.0,28.0,42.3,18.1,31.8,-128.7,20.6,0.0,1.0,1.0,1.0,0.0,0.0,1.0,0.0,90.0,90.0,0
2025-04-11 16:09:57,26.2,5.97,3.1,0.7,7.7,0.0,0.0,0.0,0.0,0.0,28.0,42.3,18.1,31.8,-128.7,20.6,0.0,1.0,1.0,1.0,0.0,0.0,1.0,0.0,90.0,90.0,0
2025-04-11 16:09:58,26.21,5.97,3.1,0.7,7.4,0.0,0.0,0.0,0.0,0.0,28.0,42.3,18.1,31.8,-128.7,20.6,0.0,1.0,1.0,1.0,0.0,0.0,1.0,0.0,90.0,90.0,0
2025-04-11 16:09:59,26.22,5.96,3.1,0.7,8.0,0.0,0.0,0.0,0.0,0.0,28.0,42.3,18.1,31.8,-128.7,20.6,0.0,1.0,1.0,1.0,0.0,0.0,1.0,0.0,90.0,90.0,0
2025-04-11 16:10:00,26.21,5.97,3.1,0.7,7.2,0.0,0.0,0.0,0.0,0.0,28.0,42.3,18.1,31.8,-128.7,20.6,0.0,1.0,1.0,1.0,0.0,0.0,1.0,0.0,90.0,90.0,0
2025-04-11 16:10:01,26.21,5.96,3.0,0.7,7.3,0.0,0.0,0.0,0.0,0.0,28.0,42.3,18.1,31.8,-128.7,20.6,0.0,1.0,1.0,1.0,0.0,0.0,1.0,0.0,90.0,90.0,0
2025-04-11 16:10:02,26.2,5.96,3.1,0.7,7.5,0.0,0.0,0.0,0.0,0.0,28.0,42.3,18.2,31.8,-128.7,20.6,0.0,1.0,1.0,1.0,0.0,0.0,1.0,0.0,90.0,90.0,0
2025-04-11 16:10:03,26.2,5.96,3.1,0.7,7.4,0.0,0.0,0.0,0.0,0.0,28.0,42.3,18.2,31.8,-128.7,20.6,0.0,1.0,1.0,1.0,0.0,0.0,1.0,0.0,90.0,90.0,0
2025-04-11 16:10:04,26.21,5.97,3.1,0.7,7.599999,0.0,0.0,0.0,0.0,0.0,28.0,42.3,18.2,31.8,-128.7,20.6,0.0,1.0,1.0,1.0,0.0,0.0,1.0,0.0,90.0,90.0,0
2025-04-11 16:10:05,26.22,5.96,3.0,0.7,7.2,0.0,0.0,0.0,0.0,0.0,28.0,42.3,18.2,31.8,-128.7,20.6,0.0,1.0,1.0,1.0,0.0,0.0,1.0,0.0,90.0,90.0,0
2025-04-11 16:10:06,26.2,5.96,3.1,0.7,7.8,0.0,0.0,0.0,0.0,0.0,28.0,42.3,18.2,31.8,-128.7,20.6,0.0,1.0,1.0,1.0,0.0,0.0,1.0,0.0,90.0,90.0,0
2025-04-11 16:10:07,26.21,5.97,3.0,0.7,7.9,0.0,0.0,0.0,0.0,0.0,28.0,42.3,18.2,31.8,-128.7,20.6,0.0,1.0,1.0,1.0,0.0,0.0,1.0,0.0,90.0,90.0,0
2025-04-11 16:10:08,26.2,5.95,3.1,0.7,7.7,0.0,0.0,0.0,0.0,0.0,28.0,42.3,18.2,31.8,-128.7,20.6,0.0,1.0,1.0,1.0,0.0,0.0,1.0,0.0,90.0,90.0,0
2025-04-11 16:10:09,26.2,5.97,3.1,0.7,7.599999,0.0,0.0,0.0,0.0,0.0,28.0,42.3,18.2,31.8,-128.7,20.6,0.0,1.0,1.0,1.0,0.0,0.0,1.0,0.0,90.0,90.0,0
2025-04-11 16:10:10,26.2,5.96,3.1,0.7,7.099999,0.0,0.0,0.0,0.0,0.0,28.0,42.3,18.2,31.8,-128.7,20.6,0.0,1.0,1.0,1.0,0.0,0.0,1.0,0.0,90.0,90.0,0
2025-04-11 16:10:11,26.2,5.96,3.1,0.7,7.4,0.0,0.0,0.0,0.0,0.0,28.0,42.3,18.2,31.8,-128.7,20.7,0.0,1.0,1.0,1.0,0.0,0.0,1.0,0.0,90.0,90.0,0
2025-04-11 16:10:12,26.19,5.96,3.1,0.7,7.3,0.0,0.0,0.0,0.0,0.0,28.0,42.3,18.2,31.8,-128.7,20.6,0.0,1.0,1.0,1.0,0.0,0.0,1.0,0.0,90.0,90.0,0
2025-04-11 16:10:13,26.2,5.95,3.1,0.7,7.4,0.0,0.0,0.0,0.0,0.0,28.0,42.3,18.2,31.8,-128.7,20.6,0.0,1.0,1.0,1.0,0.0,0.0,1.0,0.0,90.0,90.0,0
2025-04-11 16:10:14,26.2,5.96,3.1,0.7,7.3,0.0,0.0,0.0,0.0,0.0,28.0,42.3,18.2,31.8,-128.7,20.6,0.0,1.0,1.0,1.0,0.0,0.0,1.0,0.0,90.0,90.0,0
2025-04-11 16:10:15,26.2,5.95,3.1,0.7,8.0,0.0,0.0,0.0,0.0,0.0,28.0,42.3,18.2,31.8,-128.7,20.7,0.0,1.0,1.0,1.0,0.0,0.0,1.0,0.0,90.0,90.0,0
2025-04-11 16:10:16,26.19,5.96,3.1,0.7,7.4,0.0,0.0,0.0,0.0,0.0,28.0,42.3,18.2,31.8,-128.7,20.7,0.0,1.0,1.0,1.0,0.0,0.0,1.0,0.0,90.0,90.0,0
2025-04-11 16:10:17,26.17,5.96,3.1,0.7,7.9,0.0,0.0,0.0,0.0,0.0,28.0,42.2,18.2,31.8,-128.7,20.6,0.0,1.0,1.0,1.0,0.0,0.0,1.0,0.0,90.0,90.0,0
2025-04-11 16:10:18,26.16,5.96,3.1,0.7,7.7,0.0,0.0,0.0,0.0,0.0,28.0,42.2,18.2,31.8,-128.7,20.7,0.0,1.0,1.0,1.0,0.0,0.0,1.0,0.0,90.0,90.0,0
2025-04-11 16:10:19,26.17,5.96,3.1,0.7,7.2,0.0,0.0,0.0,0.0,0.0,28.0,42.2,18.2,31.8,-128.7,20.6,0.0,1.0,1.0,1.0,0.0,0.0,1.0,0.0,90.0,90.0,0
2025-04-11 16:10:20,26.2,5.94,3.1,0.7,7.4,0.0,0.0,0.0,0.0,0.0,28.0,42.2,18.2,31.8,-128.7,20.7,0.0,1.0,1.0,1.0,0.0,0.0,1.0,0.0,90.0,90.0,0
2025-04-11 16:10:21,26.2,5.97,3.1,0.7,7.3,0.0,0.0,0.0,0.0,0.0,28.0,42.2,18.2,31.8,-128.7,20.6,0.0,1.0,1.0,1.0,0.0,0.0,1.0,0.0,90.0,90.0,0
2025-04-11 16:10:22,26.17,5.94,3.1,0.7,7.099999,0.0,0.0,0.0,0.0,0.0,28.0,42.2,18.2,31.8,-128.7,20.7,0.0,1.0,1.0,1.0,0.0,0.0,1.0,0.0,90.0,90.0,0
2025-04-11 16:10:23,26.16,5.96,3.1,0.7,7.599999,0.0,0.0,0.0,0.0,0.0,28.0,42.2,18.2,31.8,-128.7,20.7,0.0,1.0,1.0,1.0,0.0,0.0,1.0,0.0,90.0,90.0,0
2025-04-11 16:10:24,26.15,5.96,3.1,0.7,7.5,0.0,0.0,0.0,0.0,0.0,28.0,42.2,18.2,31.8,-128.7,20.7,0.0,1.0,1.0,1.0,0.0,0.0,1.0,0.0,90.0,90.0,0
2025-04-11 16:10:25,26.17,5.96,3.1,0.7,6.9,0.0,0.0,0.0,0.0,0.0,28.0,42.2,18.2,31.8,-128.7,20.7,0.0,1.0,1.0,1.0,0.0,0.0,1.0,0.0,90.0,90.0,0
2025-04-11 16:10:26,26.15,5.96,3.1,0.7,7.9,0.0,0.0,0.0,0.0,0.0,28.0,42.2,18.2,31.8,-128.7,20.6,0.0,1.0,1.0,1.0,0.0,0.0,1.0,0.0,90.0,90.0,0
2025-04-11 16:10:27,26.16,5.95,3.1,0.7,7.7,0.0,0.0,0.0,0.0,0.0,28.0,42.2,18.2,31.8,-128.7,20.7,0.0,1.0,1.0,1.0,0.0,0.0,1.0,0.0,90.0,90.0,0
2025-04-11 16:10:28,26.15,5.97,3.1,0.7,7.099999,0.0,0.0,0.0,0.0,0.0,28.0,42.2,18.2,31.9,-128.7,20.7,0.0,1.0,1.0,1.0,0.0,0.0,1.0,0.0,90.0,90.0,0
2025-04-11 16:10:29,26.16,5.94,3.1,0.7,7.599999,0.0,0.0,0.0,0.0,0.0,28.0,42.2,18.2,31.9,-128.7,20.8,0.0,1.0,1.0,1.0,0.0,0.0,1.0,0.0,90.0,90.0,0
2025-04-11 16:10:30,26.17,5.95,3.1,0.7,7.8,0.0,0.0,0.0,0.0,0.0,28.0,42.2,18.3,31.9,-128.7,20.8,0.0,1.0,1.0,1.0,0.0,0.0,1.0,0.0,90.0,90.0,0
2025-04-11 16:10:31,26.19,5.95,3.1,0.7,7.099999,0.0,0.0,0.0,0.0,0.0,28.0,42.2,18.3,31.9,-128.7,20.8,0.0,1.0,1.0,1.0,0.0,0.0,1.0,0.0,90.0,90.0,0
2025-04-11 16:10:32,26.17,5.95,3.1,0.7,7.5,0.0,0.0,0.0,0.0,0.0,28.0,42.2,18.3,31.9,-128.7,20.8,0.0,1.0,1.0,1.0,0.0,0.0,1.0,0.0,90.0,90.0,0
2025-04-11 16:10:33,26.19,5.96,3.1,0.7,7.8,0.0,0.0,0.0,0.0,0.0,28.0,42.2,18.3,31.9,-128.7,20.7,0.0,1.0,1.0,1.0,0.0,0.0,1.0,0.0,90.0,90.0,0
2025-04-11 16:10:34,26.17,5.95,3.1,0.7,6.8,0.0,0.0,0.0,0.0,0.0,28.0,42.2,18.3,31.9,-128.7,20.8,0.0,1.0,1.0,1.0,0.0,0.0,1.0,0.0,90.0,90.0,0
2025-04-11 16:10:35,26.2,5.96,3.1,0.7,7.4,0.0,0.0,0.0,0.0,0.0,28.0,42.2,18.3,31.9,-128.7,20.7,0.0,1.0,1.0,1.0,0.0,0.0,1.0,0.0,90.0,90.0,0
2025-04-11 16:10:36,26.19,5.95,3.1,0.7,7.2,0.0,0.0,0.0,0.0,0.0,28.0,42.2,18.3,31.9,-128.7,20.8,0.0,1.0,1.0,1.0,0.0,0.0,1.0,0.0,90.0,90.0,0
2025-04-11 16:10:37,26.17,5.96,3.1,0.7,7.4,0.0,0.0,0.0,0.0,0.0,28.0,42.3,18.3,31.9,-128.7,20.8,0.0,1.0,1.0,1.0,0.0,0.0,1.0,0.0,90.0,90.0,0
2025-04-11 16:10:38,26.17,5.95,3.1,0.7,7.7,0.0,0.0,0.0,0.0,0.0,28.0,42.3,18.3,31.9,-128.7,20.7,0.0,1.0,1.0,1.0,0.0,0.0,1.0,0.0,90.0,90.0,0
2025-04-11 16:10:39,26.19,5.95,3.1,0.7,7.3,0.0,0.0,0.0,0.0,0.0,28.0,42.3,18.3,31.9,-128.7,20.8,0.0,1.0,1.0,1.0,0.0,0.0,1.0,0.0,90.0,90.0,0
2025-04-11 16:10:40,26.2,5.96,3.1,0.7,7.7,0.0,0.0,0.0,0.0,0.0,28.0,42.3,18.3,31.9,-128.7,20.7,0.0,1.0,1.0,1.0,0.0,0.0,1.0,0.0,90.0,90.0,0
2025-04-11 16:10:41,26.19,5.94,3.1,0.7,7.3,0.0,0.0,0.0,0.0,0.0,28.0,42.3,18.3,31.9,-128.7,20.8,0.0,1.0,1.0,1.0,0.0,0.0,1.0,0.0,90.0,90.0,0
2025-04-11 16:10:42,26.16,5.96,3.1,0.7,7.0,0.0,0.0,0.0,0.0,0.0,28.0,42.3,18.3,31.9,-128.7,20.7,0.0,1.0,1.0,1.0,0.0,0.0,1.0,0.0,90.0,90.0,0
2025-04-11 16:10:43,26.17,5.95,3.1,0.7,7.599999,0.0,0.0,0.0,0.0,0.0,28.0,42.3,18.4,31.9,-128.7,20.8,0.0,1.0,1.0,1.0,0.0,0.0,1.0,0.0,90.0,90.0,0
2025-04-11 16:10:44,26.16,5.97,3.1,0.7,7.7,0.0,0.0,0.0,0.0,0.0,28.0,42.3,18.4,31.9,-128.7,20.8,0.0,1.0,1.0,1.0,0.0,0.0,1.0,0.0,90.0,90.0,0
2025-04-11 16:10:45,26.17,5.96,3.1,0.7,7.4,0.0,0.0,0.0,0.0,0.0,28.0,42.3,18.4,31.9,-128.7,20.7,0.0,1.0,1.0,1.0,0.0,0.0,1.0,0.0,90.0,90.0,0
2025-04-11 16:10:46,26.17,5.95,3.1,0.7,7.3,0.0,0.0,0.0,0.0,0.0,28.0,42.3,18.4,31.9,-128.7,20.8,0.0,1.0,1.0,1.0,0.0,0.0,1.0,0.0,90.0,90.0,0
2025-04-11 16:10:47,26.19,5.96,3.1,0.7,7.2,0.0,0.0,0.0,0.0,0.0,28.0,42.3,18.4,31.9,-128.7,20.7,0.0,1.0,1.0,1.0,0.0,0.0,1.0,0.0,90.0,90.0,0
2025-04-11 16:10:48,26.17,5.95,3.1,0.7,7.3,0.0,0.0,0.0,0.0,0.0,28.0,42.3,18.4,31.9,-128.7,20.7,0.0,1.0,1.0,1.0,0.0,0.0,1.0,0.0,90.0,90.0,0
2025-04-11 16:10:49,26.17,5.97,3.1,0.7,7.4,0.0,0.0,0.0,0.0,0.0,28.0,42.3,18.4,31.9,-128.7,20.7,0.0,1.0,1.0,1.0,0.0,0.0,1.0,0.0,90.0,90.0,0
2025-04-11 16:10:50,26.17,5.96,3.1,0.7,7.0,0.0,0.0,0.0,0.0,0.0,28.0,42.3,18.4,31.9,-128.7,20.7,0.0,1.0,1.0,1.0,0.0,0.0,1.0,0.0,90.0,90.0,0
2025-04-11 16:10:51,26.19,5.96,3.1,0.7,7.8,0.0,0.0,0.0,0.0,0.0,28.0,42.3,18.4,31.9,-128.7,20.7,0.0,1.0,1.0,1.0,0.0,0.0,1.0,0.0,90.0,90.0,0
2025-04-11 16:10:52,26.19,5.97,3.1,0.7,7.4,0.0,0.0,0.0,0.0,0.0,28.0,42.3,18.4,31.9,-128.7,20.7,0.0,1.0,1.0,1.0,0.0,0.0,1.0,0.0,90.0,90.0,0
2025-04-11 16:10:53,26.2,5.96,3.0,0.7,7.7,0.0,0.0,0.0,0.0,0.0,28.0,42.3,18.5,31.9,-128.7,20.7,0.0,1.0,1.0,1.0,0.0,0.0,1.0,0.0,90.0,90.0,0
2025-04-11 16:10:54,26.19,5.97,3.1,0.7,7.2,0.0,0.0,0.0,0.0,0.0,28.0,42.3,18.5,31.9,-128.7,20.6,0.0,1.0,1.0,1.0,0.0,0.0,1.0,0.0,90.0,90.0,0
2025-04-11 16:10:55,26.21,5.97,3.1,0.7,7.8,0.0,0.0,0.0,0.0,0.0,28.0,42.3,18.5,31.9,-128.7,20.7,0.0,1.0,1.0,1.0,0.0,0.0,1.0,0.0,90.0,90.0,0
2025-04-11 16:10:56,26.19,5.97,3.1,0.7,7.9,0.0,0.0,0.0,0.0,0.0,28.0,42.3,18.5,31.9,-128.7,20.7,0.0,1.0,1.0,1.0,0.0,0.0,1.0,0.0,90.0,90.0,0
2025-04-11 16:10:57,26.2,5.96,3.1,0.7,7.7,0.0,0.0,0.0,0.0,0.0,28.0,42.3,18.5,31.9,-128.7,20.7,0.0,1.0,1.0,1.0,0.0,0.0,1.0,0.0,90.0,90.0,0
2025-04-11 16:10:58,26.2,5.98,3.1,0.7,8.0,0.0,0.0,0.0,0.0,0.0,28.0,42.3,18.5,31.9,-128.7,20.7,0.0,1.0,1.0,1.0,0.0,0.0,1.0,0.0,90.0,90.0,0
2025-04-11 16:10:59,26.2,5.97,3.1,0.7,7.5,0.0,0.0,0.0,0.0,0.0,28.0,42.3,18.5,31.9,-128.7,20.7,0.0,1.0,1.0,1.0,0.0,0.0,1.0,0.0,90.0,90.0,0
2025-04-11 16:11:00,26.21,5.98,3.1,0.7,7.099999,0.0,0.0,0.0,0.0,0.0,28.0,42.3,18.5,31.9,-128.7,20.6,0.0,1.0,1.0,1.0,0.0,0.0,1.0,0.0,90.0,90.0,0
2025-04-11 16:11:01,26.25,5.97,3.1,0.7,7.9,0.0,0.0,0.0,0.0,0.0,28.0,42.3,18.5,31.9,-128.7,20.7,0.0,1.0,1.0,1.0,0.0,0.0,1.0,0.0,90.0,90.0,0
2025-04-11 16:11:02,26.21,5.98,3.1,0.7,7.8,0.0,0.0,0.0,0.0,0.0,28.0,42.3,18.5,32.0,-128.7,20.8,0.0,1.0,1.0,1.0,0.0,0.0,1.0,0.0,90.0,90.0,0
2025-04-11 16:11:03,26.23,5.98,3.1,0.7,7.2,0.0,0.0,0.0,0.0,0.0,28.0,42.3,18.5,32.0,-128.7,20.7,0.0,1.0,1.0,1.0,0.0,0.0,1.0,0.0,90.0,90.0,0
2025-04-11 16:11:04,26.21,5.98,3.1,0.7,7.2,0.0,0.0,0.0,0.0,0.0,28.0,42.3,18.5,32.0,-128.7,20.8,0.0,1.0,1.0,1.0,0.0,0.0,1.0,0.0,90.0,90.0,0
2025-04-11 16:11:05,26.21,5.99,3.1,0.7,7.8,0.0,0.0,0.0,0.0,0.0,28.0,42.3,18.5,32.0,-128.7,20.7,0.0,1.0,1.0,1.0,0.0,0.0,1.0,0.0,90.0,90.0,0
2025-04-11 16:11:06,26.23,5.98,3.1,0.7,7.7,0.0,0.0,0.0,0.0,0.0,28.0,42.3,18.6,32.0,-128.7,20.7,0.0,1.0,1.0,1.0,0.0,0.0,1.0,0.0,90.0,90.0,0
2025-04-11 16:11:07,26.23,5.99,3.1,0.7,7.3,0.0,0.0,0.0,0.0,0.0,28.0,42.3,18.6,32.0,-128.7,20.7,0.0,1.0,1.0,1.0,0.0,0.0,1.0,0.0,90.0,90.0,0
2025-04-11 16:11:08,26.25,5.97,3.1,0.7,7.3,0.0,0.0,0.0,0.0,0.0,28.0,42.3,18.6,32.0,-128.7,20.7,0.0,1.0,1.0,1.0,0.0,0.0,1.0,0.0,90.0,90.0,0
2025-04-11 16:11:09,26.23,6.0,3.1,0.7,7.099999,0.0,0.0,0.0,0.0,0.0,28.0,42.3,18.6,32.0,-128.7,20.6,0.0,1.0,1.0,1.0,0.0,0.0,1.0,0.0,90.0,90.0,0
2025-04-11 16:11:10,26.23,5.98,3.1,0.7,7.4,0.0,0.0,0.0,0.0,0.0,28.0,42.3,18.6,32.0,-128.7,20.7,0.0,1.0,1.0,1.0,0.0,0.0,1.0,0.0,90.0,90.0,0
2025-04-11 16:11:11,26.21,5.99,3.0,0.7,8.0,0.0,0.0,0.0,0.0,0.0,28.0,42.3,18.6,32.0,-128.7,20.7,0.0,1.0,1.0,1.0,0.0,0.0,1.0,0.0,90.0,90.0,0
2025-04-11 16:11:12,26.23,5.99,3.1,0.7,7.4,0.0,0.0,0.0,0.0,0.0,28.0,42.3,18.6,32.0,-128.7,20.7,0.0,1.0,1.0,1.0,0.0,0.0,1.0,0.0,90.0,90.0,0
2025-04-11 16:11:13,26.25,5.99,3.1,0.7,7.2,0.0,0.0,0.0,0.0,0.0,28.0,42.3,18.7,32.0,-128.7,20.7,0.0,1.0,1.0,1.0,0.0,0.0,1.0,0.0,90.0,90.0,0
2025-04-11 16:11:14,26.26,5.99,3.1,0.7,7.7,0.0,0.0,0.0,0.0,0.0,28.0,42.3,18.7,32.0,-128.7,20.6,0.0,1.0,1.0,1.0,0.0,0.0,1.0,0.0,90.0,90.0,0
2025-04-11 16:11:15,26.25,5.99,3.1,0.7,7.0,0.0,0.0,0.0,0.0,0.0,28.0,42.3,18.7,32.0,-128.7,20.7,0.0,1.0,1.0,1.0,0.0,0.0,1.0,0.0,90.0,90.0,0
2025-04-11 16:11:16,26.25,6.0,3.1,0.7,7.8,0.0,0.0,0.0,0.0,0.0,28.0,42.3,18.7,32.0,-128.7,20.6,0.0,1.0,1.0,1.0,0.0,0.0,1.0,0.0,90.0,90.0,0
2025-04-11 16:11:17,26.27,6.0,3.1,0.7,7.5,0.0,0.0,0.0,0.0,0.0,28.0,42.3,18.7,32.0,-128.7,20.7,0.0,1.0,1.0,1.0,0.0,0.0,1.0,0.0,90.0,90.0,0
2025-04-11 16:11:18,26.26,6.0,3.1,0.7,7.099999,0.0,0.0,0.0,0.0,0.0,28.0,42.3,18.7,32.0,-128.7,20.6,0.0,1.0,1.0,1.0,0.0,0.0,1.0,0.0,90.0,90.0,0
2025-04-11 16:11:19,26.27,5.99,3.1,0.7,7.0,0.0,0.0,0.0,0.0,0.0,28.0,42.3,18.7,32.0,-128.7,20.6,0.0,1.0,1.0,1.0,0.0,0.0,1.0,0.0,90.0,90.0,0
2025-04-11 16:11:20,26.28,6.0,3.1,0.7,7.4,0.0,0.0,0.0,0.0,0.0,28.0,42.3,18.7,32.0,-128.7,20.6,0.0,1.0,1.0,1.0,0.0,0.0,1.0,0.0,90.0,90.0,0
2025-04-11 16:11:21,26.27,6.0,3.1,0.7,6.9,0.0,0.0,0.0,0.0,0.0,28.0,42.3,18.8,32.0,-128.7,20.6,0.0,1.0,1.0,1.0,0.0,0.0,1.0,0.0,90.0,90.0,0
2025-04-11 16:11:22,26.28,6.0,3.2,0.7,7.599999,0.0,0.0,0.0,0.0,0.0,28.0,42.3,18.8,32.1,-128.7,20.7,0.0,1.0,1.0,1.0,0.0,0.0,1.0,0.0,90.0,90.0,0
2025-04-11 16:11:23,26.27,6.01,3.1,0.7,7.5,0.0,0.0,0.0,0.0,0.0,28.0,42.3,18.8,32.1,-128.7,20.7,0.0,1.0,1.0,1.0,0.0,0.0,1.0,0.0,90.0,90.0,0
2025-04-11 16:11:24,26.31,6.0,3.1,0.7,7.5,0.0,0.0,0.0,0.0,0.0,28.0,42.3,18.8,32.1,-128.7,20.7,0.0,1.0,1.0,1.0,0.0,0.0,1.0,0.0,90.0,90.0,0
2025-04-11 16:11:25,26.31,6.0,3.1,0.7,7.5,0.0,0.0,0.0,0.0,0.0,28.0,42.3,18.8,32.1,-128.7,20.7,0.0,1.0,1.0,1.0,0.0,0.0,1.0,0.0,90.0,90.0,0
2025-04-11 16:11:26,26.3,6.0,3.1,0.7,7.8,0.0,0.0,0.0,0.0,0.0,28.0,42.3,18.9,32.1,-128.7,20.7,0.0,1.0,1.0,1.0,0.0,0.0,1.0,0.0,90.0,90.0,0
2025-04-11 16:11:27,26.28,6.01,3.1,0.7,7.2,0.0,0.0,0.0,0.0,0.0,28.0,42.3,18.9,32.1,-128.7,20.7,0.0,1.0,1.0,1.0,0.0,0.0,1.0,0.0,90.0,90.0,0
2025-04-11 16:11:28,26.26,6.0,3.1,0.7,7.099999,0.0,0.0,0.0,0.0,0.0,28.0,42.3,18.9,32.1,-128.7,20.7,0.0,1.0,1.0,1.0,0.0,0.0,1.0,0.0,90.0,90.0,0
2025-04-11 16:11:29,26.26,6.0,3.1,0.7,7.099999,0.0,0.0,0.0,0.0,0.0,28.0,42.3,18.9,32.1,-128.7,20.7,0.0,1.0,1.0,1.0,0.0,0.0,1.0,0.0,90.0,90.0,0
2025-04-11 16:11:30,26.3,6.0,3.1,0.7,7.3,0.0,0.0,0.0,0.0,0.0,28.0,42.3,18.9,32.1,-128.7,20.7,0.0,1.0,1.0,1.0,0.0,0.0,1.0,0.0,90.0,90.0,0
2025-04-11 16:11:31,26.3,6.01,3.2,0.7,7.0,0.0,0.0,0.0,0.0,0.0,28.0,42.4,18.9,32.1,-128.7,20.7,0.0,1.0,1.0,1.0,0.0,0.0,1.0,0.0,90.0,90.0,0
2025-04-11 16:11:32,26.3,6.01,3.1,0.7,7.8,0.0,0.0,0.0,0.0,0.0,28.0,42.4,19.0,32.1,-128.7,20.6,0.0,1.0,1.0,1.0,0.0,0.0,1.0,0.0,90.0,90.0,0
2025-04-11 16:11:33,26.28,6.01,3.1,0.7,7.2,0.0,0.0,0.0,0.0,0.0,28.0,42.4,19.0,32.1,-128.7,20.7,0.0,1.0,1.0,1.0,0.0,0.0,1.0,0.0,90.0,90.0,0
2025-04-11 16:11:34,26.3,6.0,3.1,0.7,7.8,0.0,0.0,0.0,0.0,0.0,28.0,42.4,19.0,32.1,-128.7,20.6,0.0,1.0,1.0,1.0,0.0,0.0,1.0,0.0,90.0,90.0,0
2025-04-11 16:11:35,26.3,6.0,3.0,0.7,7.7,0.0,0.0,0.0,0.0,0.0,28.0,42.4,19.0,32.1,-128.7,20.7,0.0,1.0,1.0,1.0,0.0,0.0,1.0,0.0,90.0,90.0,0
2025-04-11 16:11:36,26.31,6.01,3.1,0.7,7.2,0.0,0.0,0.0,0.0,0.0,28.0,42.4,19.0,32.1,-128.7,20.7,0.0,1.0,1.0,1.0,0.0,0.0,1.0,0.0,90.0,90.0,0
2025-04-11 16:11:37,26.31,6.0,3.1,0.7,7.2,0.0,0.0,0.0,0.0,0.0,28.0,42.4,19.1,32.1,-128.7,20.7,0.0,1.0,1.0,1.0,0.0,0.0,1.0,0.0,90.0,90.0,0
2025-04-11 16:11:38,26.3,6.02,3.1,0.7,7.4,0.0,0.0,0.0,0.0,0.0,28.0,42.4,19.1,32.1,-128.7,20.7,0.0,1.0,1.0,1.0,0.0,0.0,1.0,0.0,90.0,90.0,0
2025-04-11 16:11:39,26.28,6.0,3.2,0.7,7.599999,0.0,0.0,0.0,0.0,0.0,28.0,42.4,19.1,32.1,-128.7,20.7,0.0,1.0,1.0,1.0,0.0,0.0,1.0,0.0,90.0,90.0,0
2025-04-11 16:11:40,26.27,6.0,3.1,0.7,7.7,0.0,0.0,0.0,0.0,0.0,28.0,42.4,19.1,32.1,-128.7,20.7,0.0,1.0,1.0,1.0,0.0,0.0,1.0,0.0,90.0,90.0,0
2025-04-11 16:11:41,26.28,6.0,3.1,0.7,6.7,0.0,0.0,0.0,0.0,0.0,28.0,42.4,19.1,32.2,-128.7,20.8,0.0,1.0,1.0,1.0,0.0,0.0,1.0,0.0,90.0,90.0,0
2025-04-11 16:11:42,26.28,6.01,3.1,0.7,7.099999,0.0,0.0,0.0,0.0,0.0,28.0,42.4,19.1,32.2,-128.7,20.8,0.0,1.0,1.0,1.0,0.0,0.0,1.0,0.0,90.0,90.0,0
2025-04-11 16:11:43,26.3,6.0,3.1,0.7,7.8,0.0,0.0,0.0,0.0,0.0,28.0,42.4,19.1,32.2,-128.7,20.8,0.0,1.0,1.0,1.0,0.0,0.0,1.0,0.0,90.0,90.0,0
2025-04-11 16:11:44,26.3,6.01,3.1,0.7,7.3,0.0,0.0,0.0,0.0,0.0,28.0,42.4,19.1,32.2,-128.7,20.8,0.0,1.0,1.0,1.0,0.0,0.0,1.0,0.0,90.0,90.0,0
2025-04-11 16:11:45,26.27,6.0,3.1,0.7,7.4,0.0,0.0,0.0,0.0,0.0,28.0,42.4,19.2,32.2,-128.7,20.8,0.0,1.0,1.0,1.0,0.0,0.0,1.0,0.0,90.0,90.0,0
2025-04-11 16:11:46,26.26,6.0,3.1,0.7,7.8,0.0,0.0,0.0,0.0,0.0,28.0,42.3,19.2,32.2,-128.7,20.8,0.0,1.0,1.0,1.0,0.0,0.0,1.0,0.0,90.0,90.0,0
2025-04-11 16:11:47,26.28,6.0,3.1,0.7,7.4,0.0,0.0,0.0,0.0,0.0,28.0,42.3,19.2,32.2,-128.7,20.8,0.0,1.0,1.0,1.0,0.0,0.0,1.0,0.0,90.0,90.0,0
2025-04-11 16:11:48,26.28,5.99,3.1,0.7,7.4,0.0,0.0,0.0,0.0,0.0,28.0,42.3,19.2,32.2,-128.7,20.8,0.0,1.0,1.0,1.0,0.0,0.0,1.0,0.0,90.0,90.0,0
2025-04-11 16:11:49,26.28,6.01,3.1,0.7,7.0,0.0,0.0,0.0,0.0,0.0,28.0,42.3,19.2,32.2,-128.7,20.8,0.0,1.0,1.0,1.0,0.0,0.0,1.0,0.0,90.0,90.0,0
2025-04-11 16:11:50,26.28,5.99,3.1,0.7,7.5,0.0,0.0,0.0,0.0,0.0,28.0,42.3,19.2,32.2,-128.7,20.9,0.0,1.0,1.0,1.0,0.0,0.0,1.0,0.0,90.0,90.0,0
2025-04-11 16:11:51,26.28,6.0,3.1,0.7,7.9,0.0,0.0,0.0,0.0,0.0,28.0,42.3,19.3,32.2,-128.7,20.8,0.0,1.0,1.0,1.0,0.0,0.0,1.0,0.0,90.0,90.0,0
2025-04-11 16:11:52,26.27,5.99,3.1,0.7,7.0,0.0,0.0,0.0,0.0,0.0,28.0,42.4,19.3,32.2,-128.7,20.9,0.0,1.0,1.0,1.0,0.0,0.0,1.0,0.0,90.0,90.0,0
2025-04-11 16:11:53,26.28,6.0,3.1,0.7,7.099999,0.0,0.0,0.0,0.0,0.0,28.0,42.4,19.3,32.2,-128.7,20.8,0.0,1.0,1.0,1.0,0.0,0.0,1.0,0.0,90.0,90.0,0
2025-04-11 16:11:54,26.31,5.98,3.2,0.7,7.3,0.0,0.0,0.0,0.0,0.0,28.0,42.4,19.3,32.2,-128.7,20.9,0.0,1.0,1.0,1.0,0.0,0.0,1.0,0.0,90.0,90.0,0
2025-04-11 16:11:55,26.3,5.99,3.1,0.7,7.8,0.0,0.0,0.0,0.0,0.0,28.0,42.4,19.3,32.2,-128.7,20.9,0.0,1.0,1.0,1.0,0.0,0.0,1.0,0.0,90.0,90.0,0
2025-04-11 16:11:56,26.3,5.98,3.1,0.7,7.599999,0.0,0.0,0.0,0.0,0.0,28.0,42.4,19.3,32.3,-128.7,21.0,0.0,1.0,1.0,1.0,0.0,0.0,1.0,0.0,90.0,90.0,0
2025-04-11 16:11:57,26.28,6.0,3.1,0.7,7.3,0.0,0.0,0.0,0.0,0.0,28.0,42.4,19.3,32.3,-128.7,21.0,0.0,1.0,1.0,1.0,0.0,0.0,1.0,0.0,90.0,90.0,0
2025-04-11 16:11:58,26.31,5.98,3.1,0.7,7.5,0.0,0.0,0.0,0.0,0.0,28.0,42.4,19.4,32.3,-128.7,21.0,0.0,1.0,1.0,1.0,0.0,0.0,1.0,0.0,90.0,90.0,0
2025-04-11 16:11:59,26.28,5.99,3.1,0.7,7.5,0.0,0.0,0.0,0.0,0.0,28.0,42.4,19.4,32.3,-128.7,21.0,0.0,1.0,1.0,1.0,0.0,0.0,1.0,0.0,90.0,90.0,0
2025-04-11 16:12:00,26.28,5.98,3.1,0.7,7.3,0.0,0.0,0.0,0.0,0.0,28.0,42.4,19.4,32.3,-128.7,21.0,0.0,1.0,1.0,1.0,0.0,0.0,1.0,0.0,90.0,90.0,0
2025-04-11 16:12:01,26.3,6.0,3.1,0.7,7.3,0.0,0.0,0.0,0.0,0.0,28.0,42.4,19.4,32.3,-128.7,21.0,0.0,1.0,1.0,1.0,0.0,0.0,1.0,0.0,90.0,90.0,0
2025-04-11 16:12:02,26.28,5.99,3.1,0.7,7.4,0.0,0.0,0.0,0.0,0.0,28.0,42.4,19.4,32.3,-128.7,21.0,0.0,1.0,1.0,1.0,0.0,0.0,1.0,0.0,90.0,90.0,0
2025-04-11 16:12:03,26.3,5.99,3.1,0.7,7.599999,0.0,0.0,0.0,0.0,0.0,28.0,42.4,19.4,32.3,-128.7,21.0,0.0,1.0,1.0,1.0,0.0,0.0,1.0,0.0,90.0,90.0,0
2025-04-11 16:12:04,26.31,5.97,3.1,0.7,7.5,0.0,0.0,0.0,0.0,0.0,28.0,42.4,19.4,32.3,-128.7,21.0,0.0,1.0,1.0,1.0,0.0,0.0,1.0,0.0,90.0,90.0,0
2025-04-11 16:12:05,26.28,5.99,3.1,0.7,7.2,0.0,0.0,0.0,0.0,0.0,28.0,42.4,19.5,32.3,-128.7,21.0,0.0,1.0,1.0,1.0,0.0,0.0,1.0,0.0,90.0,90.0,0
2025-04-11 16:12:06,26.28,5.98,3.1,0.7,7.5,0.0,0.0,0.0,0.0,0.0,28.0,42.4,19.5,32.3,-128.7,21.0,0.0,1.0,1.0,1.0,0.0,0.0,1.0,0.0,90.0,90.0,0
2025-04-11 16:12:07,26.28,5.99,3.1,0.7,7.2,0.0,0.0,0.0,0.0,0.0,28.0,42.4,19.5,32.3,-128.7,21.1,0.0,1.0,1.0,1.0,0.0,0.0,1.0,0.0,90.0,90.0,0
2025-04-11 16:12:08,26.28,5.98,3.1,0.7,7.0,0.0,0.0,0.0,0.0,0.0,28.0,42.4,19.5,32.3,-128.7,21.0,0.0,1.0,1.0,1.0,0.0,0.0,1.0,0.0,90.0,90.0,0
2025-04-11 16:12:09,26.31,5.99,3.1,0.7,7.2,0.0,0.0,0.0,0.0,0.0,28.0,42.4,19.5,32.3,-128.7,21.0,0.0,1.0,1.0,1.0,0.0,0.0,1.0,0.0,90.0,90.0,0
2025-04-11 16:12:10,26.31,5.99,3.1,0.7,7.599999,0.0,0.0,0.0,0.0,0.0,28.0,42.4,19.5,32.3,-128.7,21.0,0.0,1.0,1.0,1.0,0.0,0.0,1.0,0.0,90.0,90.0,0
2025-04-11 16:12:11,26.3,5.99,3.1,0.7,7.099999,0.0,0.0,0.0,0.0,0.0,28.0,42.4,19.5,32.4,-128.7,21.2,0.0,1.0,1.0,1.0,0.0,0.0,1.0,0.0,90.0,90.0,0
2025-04-11 16:12:12,26.3,5.99,3.1,0.7,7.8,0.0,0.0,0.0,0.0,0.0,28.0,42.4,19.5,32.4,-128.7,21.1,0.0,1.0,1.0,1.0,0.0,0.0,1.0,0.0,90.0,90.0,0
2025-04-11 16:12:13,26.3,5.99,3.1,0.7,7.7,0.0,0.0,0.0,0.0,0.0,28.0,42.4,19.5,32.4,-128.7,21.2,0.0,1.0,1.0,1.0,0.0,0.0,1.0,0.0,90.0,90.0,0
2025-04-11 16:12:14,26.28,5.98,3.1,0.7,7.599999,0.0,0.0,0.0,0.0,0.0,28.0,42.4,19.5,32.4,-128.7,21.1,0.0,1.0,1.0,1.0,0.0,0.0,1.0,0.0,90.0,90.0,0
2025-04-11 16:12:15,26.27,6.0,3.1,0.7,7.4,0.0,0.0,0.0,0.0,0.0,28.0,42.4,19.5,32.4,-128.7,21.1,0.0,1.0,1.0,1.0,0.0,0.0,1.0,0.0,90.0,90.0,0
2025-04-11 16:12:16,26.3,5.99,3.1,0.7,7.2,0.0,0.0,0.0,0.0,0.0,28.0,42.4,19.5,32.4,-128.7,21.1,0.0,1.0,1.0,1.0,0.0,0.0,1.0,0.0,90.0,90.0,0
2025-04-11 16:12:17,26.32,5.99,3.1,0.7,7.7,0.0,0.0,0.0,0.0,0.0,28.0,42.4,19.5,32.4,-128.7,21.1,0.0,1.0,1.0,1.0,0.0,0.0,1.0,0.0,90.0,90.0,0
2025-04-11 16:12:18,26.31,5.99,3.1,0.7,8.0,0.0,0.0,0.0,0.0,0.0,28.0,42.4,19.5,32.4,-128.7,21.1,0.0,1.0,1.0,1.0,0.0,0.0,1.0,0.0,90.0,90.0,0
2025-04-11 16:12:19,26.3,6.0,3.1,0.7,7.599999,0.0,0.0,0.0,0.0,0.0,28.0,42.4,19.5,32.4,-128.7,21.1,0.0,1.0,1.0,1.0,0.0,0.0,1.0,0.0,90.0,90.0,0
2025-04-11 16:12:20,26.3,5.99,3.1,0.7,7.099999,0.0,0.0,0.0,0.0,0.0,28.0,42.4,19.5,32.4,-128.7,21.1,0.0,1.0,1.0,1.0,0.0,0.0,1.0,0.0,90.0,90.0,0
2025-04-11 16:12:21,26.31,6.0,3.1,0.7,7.2,0.0,0.0,0.0,0.0,0.0,28.0,42.4,19.5,32.4,-128.7,21.1,0.0,1.0,1.0,1.0,0.0,0.0,1.0,0.0,90.0,90.0,0
2025-04-11 16:12:22,26.3,5.99,3.1,0.7,7.7,0.0,0.0,0.0,0.0,0.0,28.0,42.4,19.5,32.4,-128.7,21.1,0.0,1.0,1.0,1.0,0.0,0.0,1.0,0.0,90.0,90.0,0
2025-04-11 16:12:23,26.28,6.0,3.1,0.7,7.599999,0.0,0.0,0.0,0.0,0.0,28.0,42.4,19.5,32.4,-128.7,21.1,0.0,1.0,1.0,1.0,0.0,0.0,1.0,0.0,90.0,90.0,0
2025-04-11 16:12:24,26.28,5.99,3.1,0.7,7.2,0.0,0.0,0.0,0.0,0.0,28.0,42.4,19.5,32.4,-128.7,21.1,0.0,1.0,1.0,1.0,0.0,0.0,1.0,0.0,90.0,90.0,0
2025-04-11 16:12:25,26.32,5.99,3.1,0.7,7.4,0.0,0.0,0.0,0.0,0.0,28.0,42.4,19.5,32.4,-128.7,21.1,0.0,1.0,1.0,1.0,0.0,0.0,1.0,0.0,90.0,90.0,0
2025-04-11 16:12:26,26.33,5.98,3.1,0.7,7.0,0.0,0.0,0.0,0.0,0.0,28.0,42.4,19.5,32.4,-128.7,21.1,0.0,1.0,1.0,1.0,0.0,0.0,1.0,0.0,90.0,90.0,0
2025-04-11 16:12:27,26.31,6.0,3.1,0.7,7.8,0.0,0.0,0.0,0.0,0.0,28.0,42.4,19.5,32.4,-128.7,21.1,0.0,1.0,1.0,1.0,0.0,0.0,1.0,0.0,90.0,90.0,0
2025-04-11 16:12:28,26.32,5.99,3.1,0.7,7.8,0.0,0.0,0.0,0.0,0.0,28.0,42.4,19.5,32.5,-128.7,21.2,0.0,1.0,1.0,1.0,0.0,0.0,1.0,0.0,90.0,90.0,0
2025-04-11 16:12:29,26.32,6.0,3.1,0.7,7.7,0.0,0.0,0.0,0.0,0.0,28.0,42.4,19.5,32.5,-128.7,21.1,0.0,1.0,1.0,1.0,0.0,0.0,1.0,0.0,90.0,90.0,0
2025-04-11 16:12:30,26.32,5.99,3.1,0.7,7.3,0.0,0.0,0.0,0.0,0.0,28.0,42.4,19.5,32.5,-128.7,21.2,0.0,1.0,1.0,1.0,0.0,0.0,1.0,0.0,90.0,90.0,0
2025-04-11 16:12:31,26.3,6.0,3.1,0.7,7.2,0.0,0.0,0.0,0.0,0.0,28.0,42.4,19.5,32.5,-128.7,21.2,0.0,1.0,1.0,1.0,0.0,0.0,1.0,0.0,90.0,90.0,0
2025-04-11 16:12:32,26.3,5.99,3.1,0.7,7.9,0.0,0.0,0.0,0.0,0.0,28.0,42.4,19.5,32.5,-128.7,21.2,0.0,1.0,1.0,1.0,0.0,0.0,1.0,0.0,90.0,90.0,0
2025-04-11 16:12:33,26.31,6.0,3.1,0.7,7.7,0.0,0.0,0.0,0.0,0.0,28.0,42.4,19.5,32.5,-128.7,21.2,0.0,1.0,1.0,1.0,0.0,0.0,1.0,0.0,90.0,90.0,0
2025-04-11 16:12:34,26.33,5.99,3.1,0.7,6.9,0.0,0.0,0.0,0.0,0.0,28.0,42.4,19.5,32.5,-128.7,21.2,0.0,1.0,1.0,1.0,0.0,0.0,1.0,0.0,90.0,90.0,0
2025-04-11 16:12:35,26.32,6.0,3.1,0.7,7.8,0.0,0.0,0.0,0.0,0.0,28.0,42.4,19.5,32.5,-128.7,21.2,0.0,1.0,1.0,1.0,0.0,0.0,1.0,0.0,90.0,90.0,0
2025-04-11 16:12:36,26.31,5.99,3.1,0.7,7.5,0.0,0.0,0.0,0.0,0.0,28.0,42.4,19.5,32.5,-128.7,21.1,0.0,1.0,1.0,1.0,0.0,0.0,1.0,0.0,90.0,90.0,0
2025-04-11 16:12:37,26.3,6.0,3.1,0.7,8.0,0.0,0.0,0.0,0.0,0.0,28.0,42.4,19.5,32.5,-128.7,21.2,0.0,1.0,1.0,1.0,0.0,0.0,1.0,0.0,90.0,90.0,0
2025-04-11 16:12:38,26.32,5.99,3.1,0.7,7.4,0.0,0.0,0.0,0.0,0.0,28.0,42.4,19.5,32.5,-128.7,21.2,0.0,1.0,1.0,1.0,0.0,0.0,1.0,0.0,90.0,90.0,0
2025-04-11 16:12:39,26.32,6.0,3.1,0.7,7.3,0.0,0.0,0.0,0.0,0.0,28.0,42.4,19.4,32.5,-128.7,21.1,0.0,1.0,1.0,1.0,0.0,0.0,1.0,0.0,90.0,90.0,0
2025-04-11 16:12:40,26.31,6.0,3.2,0.7,7.3,0.0,0.0,0.0,0.0,0.0,28.0,42.4,19.4,32.5,-128.7,21.1,0.0,1.0,1.0,1.0,0.0,0.0,1.0,0.0,90.0,90.0,0
2025-04-11 16:12:41,26.31,6.0,3.0,0.7,7.4,0.0,0.0,0.0,0.0,0.0,28.0,42.4,19.4,32.5,-128.7,21.2,0.0,1.0,1.0,1.0,0.0,0.0,1.0,0.0,90.0,90.0,0
2025-04-11 16:12:42,26.31,5.99,3.1,0.7,7.2,0.0,0.0,0.0,0.0,0.0,28.0,42.4,19.4,32.5,-128.7,21.2,0.0,1.0,1.0,1.0,0.0,0.0,1.0,0.0,90.0,90.0,0
2025-04-11 16:12:43,26.34,6.0,3.1,0.7,7.8,0.0,0.0,0.0,0.0,0.0,28.0,42.4,19.4,32.5,-128.7,21.2,0.0,1.0,1.0,1.0,0.0,0.0,1.0,0.0,90.0,90.0,0
2025-04-11 16:12:44,26.31,5.99,3.1,0.7,7.4,0.0,0.0,0.0,0.0,0.0,28.0,42.4,19.4,32.5,-128.7,21.2,0.0,1.0,1.0,1.0,0.0,0.0,1.0,0.0,90.0,90.0,0
2025-04-11 16:12:45,26.3,5.99,3.1,0.7,7.5,0.0,0.0,0.0,0.0,0.0,28.0,42.4,19.4,32.5,-128.7,21.2,0.0,1.0,1.0,1.0,0.0,0.0,1.0,0.0,90.0,90.0,0
2025-04-11 16:12:46,26.3,5.99,3.1,0.7,7.4,0.0,0.0,0.0,0.0,0.0,28.0,42.4,19.4,32.5,-128.7,21.2,0.0,1.0,1.0,1.0,0.0,0.0,1.0,0.0,90.0,90.0,0
2025-04-11 16:12:47,26.31,5.99,3.1,0.7,7.599999,0.0,0.0,0.0,0.0,0.0,28.0,42.4,19.4,32.5,-128.7,21.2,0.0,1.0,1.0,1.0,0.0,0.0,1.0,0.0,90.0,90.0,0
2025-04-11 16:12:48,26.33,6.0,3.1,0.7,7.4,0.0,0.0,0.0,0.0,0.0,28.0,42.4,19.4,32.5,-128.7,21.1,0.0,1.0,1.0,1.0,0.0,0.0,1.0,0.0,90.0,90.0,0
2025-04-11 16:12:49,26.32,5.99,3.1,0.7,7.2,0.0,0.0,0.0,0.0,0.0,28.0,42.4,19.4,32.5,-128.7,21.2,0.0,1.0,1.0,1.0,0.0,0.0,1.0,0.0,90.0,90.0,0
2025-04-11 16:12:50,26.32,5.99,3.1,0.7,7.099999,0.0,0.0,0.0,0.0,0.0,28.0,42.4,19.4,32.6,-128.7,21.2,0.0,1.0,1.0,1.0,0.0,0.0,1.0,0.0,90.0,90.0,0
2025-04-11 16:12:51,26.31,5.98,3.1,0.7,7.4,0.0,0.0,0.0,0.0,0.0,28.0,42.4,19.4,32.6,-128.7,21.3,0.0,1.0,1.0,1.0,0.0,0.0,1.0,0.0,90.0,90.0,0
2025-04-11 16:12:52,26.3,5.99,3.1,0.7,7.4,0.0,0.0,0.0,0.0,0.0,28.0,42.4,19.4,32.6,-128.7,21.3,0.0,1.0,1.0,1.0,0.0,0.0,1.0,0.0,90.0,90.0,0
2025-04-11 16:12:53,26.33,5.98,3.1,0.7,7.8,0.0,0.0,0.0,0.0,0.0,28.0,42.4,19.4,32.6,-128.7,21.3,0.0,1.0,1.0,1.0,0.0,0.0,1.0,0.0,90.0,90.0,0
2025-04-11 16:12:54,26.32,6.0,3.1,0.7,7.099999,0.0,0.0,0.0,0.0,0.0,28.0,42.4,19.4,32.6,-128.7,21.2,0.0,1.0,1.0,1.0,0.0,0.0,1.0,0.0,90.0,90.0,0
2025-04-11 16:12:55,26.33,5.98,3.1,0.7,7.9,0.0,0.0,0.0,0.0,0.0,28.0,42.4,19.4,32.6,-128.7,21.3,0.0,1.0,1.0,1.0,0.0,0.0,1.0,0.0,90.0,90.0,0
2025-04-11 16:12:56,26.32,5.99,3.1,0.7,7.599999,0.0,0.0,0.0,0.0,0.0,28.0,42.4,19.4,32.6,-128.7,21.3,0.0,1.0,1.0,1.0,0.0,0.0,1.0,0.0,90.0,90.0,0
2025-04-11 16:12:57,26.31,5.98,3.1,0.7,7.4,0.0,0.0,0.0,0.0,0.0,28.0,42.4,19.4,32.6,-128.7,21.3,0.0,1.0,1.0,1.0,0.0,0.0,1.0,0.0,90.0,90.0,0
2025-04-11 16:12:58,26.34,5.98,3.1,0.7,7.2,0.0,0.0,0.0,0.0,0.0,28.0,42.4,19.4,32.6,-128.7,21.3,0.0,1.0,1.0,1.0,0.0,0.0,1.0,0.0,90.0,90.0,0
2025-04-11 16:12:59,26.32,5.97,3.1,0.7,7.4,0.0,0.0,0.0,0.0,0.0,28.0,42.4,19.4,32.6,-128.7,21.3,0.0,1.0,1.0,1.0,0.0,0.0,1.0,0.0,90.0,90.0,0
2025-04-11 16:13:00,26.33,5.99,3.1,0.7,7.599999,0.0,0.0,0.0,0.0,0.0,28.0,42.4,19.4,32.6,-128.7,21.4,0.0,1.0,1.0,1.0,0.0,0.0,1.0,0.0,90.0,90.0,0
2025-04-11 16:13:01,26.32,5.98,3.0,0.7,7.599999,0.0,0.0,0.0,0.0,0.0,28.0,42.4,19.4,32.6,-128.7,21.3,0.0,1.0,1.0,1.0,0.0,0.0,1.0,0.0,90.0,90.0,0
2025-04-11 16:13:02,26.32,5.98,3.1,0.7,6.9,0.0,0.0,0.0,0.0,0.0,28.0,42.4,19.4,32.6,-128.7,21.4,0.0,1.0,1.0,1.0,0.0,0.0,1.0,0.0,90.0,90.0,0
2025-04-11 16:13:03,26.34,5.98,3.1,0.7,7.4,0.0,0.0,0.0,0.0,0.0,28.0,42.4,19.3,32.6,-128.7,21.3,0.0,1.0,1.0,1.0,0.0,0.0,1.0,0.0,90.0,90.0,0
2025-04-11 16:13:04,26.33,5.98,3.1,0.7,7.599999,0.0,0.0,0.0,0.0,0.0,28.0,42.4,19.3,32.6,-128.7,21.4,0.0,1.0,1.0,1.0,0.0,0.0,1.0,0.0,90.0,90.0,0
2025-04-11 16:13:05,26.33,6.0,3.1,0.7,7.9,0.0,0.0,0.0,0.0,0.0,28.0,42.4,19.3,32.6,-128.7,21.3,0.0,1.0,1.0,1.0,0.0,0.0,1.0,0.0,90.0,90.0,0
2025-04-11 16:13:06,26.33,5.97,3.1,0.7,7.7,0.0,0.0,0.0,0.0,0.0,28.0,42.4,19.3,32.6,-128.7,21.4,0.0,1.0,1.0,1.0,0.0,0.0,1.0,0.0,90.0,90.0,0
2025-04-11 16:13:07,26.34,6.0,3.1,0.7,7.4,0.0,0.0,0.0,0.0,0.0,28.0,42.4,19.3,32.6,-128.7,21.2,0.0,1.0,1.0,1.0,0.0,0.0,1.0,0.0,90.0,90.0,0
2025-04-11 16:13:08,26.36,5.99,3.1,0.7,7.2,0.0,0.0,0.0,0.0,0.0,28.0,42.4,19.3,32.6,-128.7,21.3,0.0,1.0,1.0,1.0,0.0,0.0,1.0,0.0,90.0,90.0,0
2025-04-11 16:13:09,26.36,6.0,3.1,0.7,7.0,0.0,0.0,0.0,0.0,0.0,28.0,42.4,19.3,32.6,-128.7,21.3,0.0,1.0,1.0,1.0,0.0,0.0,1.0,0.0,90.0,90.0,0
2025-04-11 16:13:10,26.34,5.99,3.1,0.7,7.8,0.0,0.0,0.0,0.0,0.0,28.0,42.4,19.3,32.6,-128.7,21.3,0.0,1.0,1.0,1.0,0.0,0.0,1.0,0.0,90.0,90.0,0
2025-04-11 16:13:11,26.33,6.0,3.1,0.7,7.9,0.0,0.0,0.0,0.0,0.0,28.0,42.4,19.3,32.6,-128.7,21.3,0.0,1.0,1.0,1.0,0.0,0.0,1.0,0.0,90.0,90.0,0
2025-04-11 16:13:12,26.32,5.98,3.1,0.7,7.4,0.0,0.0,0.0,0.0,0.0,28.0,42.4,19.3,32.6,-128.7,21.3,0.0,1.0,1.0,1.0,0.0,0.0,1.0,0.0,90.0,90.0,0
2025-04-11 16:13:13,26.33,5.99,3.1,0.7,7.599999,0.0,0.0,0.0,0.0,0.0,28.0,42.4,19.3,32.6,-128.7,21.3,0.0,1.0,1.0,1.0,0.0,0.0,1.0,0.0,90.0,90.0,0
2025-04-11 16:13:14,26.37,5.99,3.2,0.7,7.099999,0.0,0.0,0.0,0.0,0.0,28.0,42.4,19.3,32.6,-128.7,21.3,0.0,1.0,1.0,1.0,0.0,0.0,1.0,0.0,90.0,90.0,0
2025-04-11 16:13:15,26.36,5.98,3.1,0.7,7.4,0.0,0.0,0.0,0.0,0.0,28.0,42.4,19.3,32.6,-128.7,21.3,0.0,1.0,1.0,1.0,0.0,0.0,1.0,0.0,90.0,90.0,0
2025-04-11 16:13:16,26.34,6.0,3.1,0.7,7.5,0.0,0.0,0.0,0.0,0.0,28.0,42.4,19.3,32.6,-128.7,21.2,0.0,1.0,1.0,1.0,0.0,0.0,1.0,0.0,90.0,90.0,0
2025-04-11 16:13:17,26.34,5.98,3.1,0.7,7.599999,0.0,0.0,0.0,0.0,0.0,28.0,42.4,19.3,32.6,-128.7,21.4,0.0,1.0,1.0,1.0,0.0,0.0,1.0,0.0,90.0,90.0,0
2025-04-11 16:13:18,26.34,5.99,3.1,0.7,7.0,0.0,0.0,0.0,0.0,0.0,28.0,42.4,19.2,32.6,-128.7,21.2,0.0,1.0,1.0,1.0,0.0,0.0,1.0,0.0,90.0,90.0,0
2025-04-11 16:13:19,26.34,5.98,3.1,0.7,7.3,0.0,0.0,0.0,0.0,0.0,28.0,42.4,19.2,32.6,-128.7,21.3,0.0,1.0,1.0,1.0,0.0,0.0,1.0,0.0,90.0,90.0,0
2025-04-11 16:13:20,26.37,6.0,3.1,0.7,7.4,0.0,0.0,0.0,0.0,0.0,28.0,42.4,19.2,32.6,-128.7,21.3,0.0,1.0,1.0,1.0,0.0,0.0,1.0,0.0,90.0,90.0,0
2025-04-11 16:13:21,26.34,5.98,3.1,0.7,7.3,0.0,0.0,0.0,0.0,0.0,28.0,42.4,19.2,32.6,-128.7,21.3,0.0,1.0,1.0,1.0,0.0,0.0,1.0,0.0,90.0,90.0,0
2025-04-11 16:13:22,26.34,5.99,3.1,0.7,7.3,0.0,0.0,0.0,0.0,0.0,28.0,42.4,19.2,32.6,-128.7,21.3,0.0,1.0,1.0,1.0,0.0,0.0,1.0,0.0,90.0,90.0,0
2025-04-11 16:13:23,26.34,5.99,3.1,0.7,8.099999,0.0,0.0,0.0,0.0,0.0,28.0,42.4,19.2,32.6,-128.7,21.3,0.0,1.0,1.0,1.0,0.0,0.0,1.0,0.0,90.0,90.0,0
2025-04-11 16:13:24,26.34,5.99,3.1,0.7,8.2,0.0,0.0,0.0,0.0,0.0,28.0,42.4,19.2,32.6,-128.7,21.3,0.0,1.0,1.0,1.0,0.0,0.0,1.0,0.0,90.0,90.0,0
2025-04-11 16:13:25,26.37,5.99,3.1,0.7,7.2,0.0,0.0,0.0,0.0,0.0,28.0,42.4,19.2,32.6,-128.7,21.2,0.0,1.0,1.0,1.0,0.0,0.0,1.0,0.0,90.0,90.0,0
2025-04-11 16:13:26,26.36,5.99,3.1,0.7,7.4,0.0,0.0,0.0,0.0,0.0,28.0,42.4,19.2,32.6,-128.7,21.3,0.0,1.0,1.0,1.0,0.0,0.0,1.0,0.0,90.0,90.0,0
2025-04-11 16:13:27,26.34,5.99,3.1,0.7,7.2,0.0,0.0,0.0,0.0,0.0,28.0,42.4,19.2,32.6,-128.7,21.2,0.0,1.0,1.0,1.0,0.0,0.0,1.0,0.0,90.0,90.0,0
2025-04-11 16:13:28,26.33,5.98,3.1,0.7,6.9,0.0,0.0,0.0,0.0,0.0,28.0,42.4,19.2,32.6,-128.7,21.3,0.0,1.0,1.0,1.0,0.0,0.0,1.0,0.0,90.0,90.0,0
2025-04-11 16:13:29,26.32,5.99,3.1,0.7,7.3,0.0,0.0,0.0,0.0,0.0,28.0,42.4,19.1,32.6,-128.7,21.2,0.0,1.0,1.0,1.0,0.0,0.0,1.0,0.0,90.0,90.0,0
2025-04-11 16:13:30,26.33,5.97,3.1,0.7,7.5,0.0,0.0,0.0,0.0,0.0,28.0,42.4,19.1,32.6,-128.7,21.3,0.0,1.0,1.0,1.0,0.0,0.0,1.0,0.0,90.0,90.0,0
2025-04-11 16:13:31,26.33,5.99,3.1,0.7,7.9,0.0,0.0,0.0,0.0,0.0,28.0,42.4,19.1,32.6,-128.7,21.3,0.0,1.0,1.0,1.0,0.0,0.0,1.0,0.0,90.0,90.0,0
2025-04-11 16:13:32,26.34,5.97,3.1,0.7,7.4,0.0,0.0,0.0,0.0,0.0,28.0,42.4,19.1,32.6,-128.7,21.3,0.0,1.0,1.0,1.0,0.0,0.0,1.0,0.0,90.0,90.0,0
2025-04-11 16:13:33,26.33,5.98,3.1,0.7,7.4,0.0,0.0,0.0,0.0,0.0,28.0,42.4,19.1,32.6,-128.7,21.3,0.0,1.0,1.0,1.0,0.0,0.0,1.0,0.0,90.0,90.0,0
2025-04-11 16:13:34,26.32,5.98,3.1,0.7,7.8,0.0,0.0,0.0,0.0,0.0,28.0,42.4,19.1,32.6,-128.7,21.3,0.0,1.0,1.0,1.0,0.0,0.0,1.0,0.0,90.0,90.0,0
2025-04-11 16:13:35,26.34,5.98,3.1,0.7,7.8,0.0,0.0,0.0,0.0,0.0,28.0,42.4,19.1,32.6,-128.7,21.4,0.0,1.0,1.0,1.0,0.0,0.0,1.0,0.0,90.0,90.0,0
2025-04-11 16:13:36,26.36,5.99,3.1,0.7,7.3,0.0,0.0,0.0,0.0,0.0,28.0,42.4,19.1,32.6,-128.7,21.3,0.0,1.0,1.0,1.0,0.0,0.0,1.0,0.0,90.0,90.0,0
2025-04-11 16:13:37,26.37,5.97,3.1,0.7,7.5,0.0,0.0,0.0,0.0,0.0,28.0,42.4,19.1,32.6,-128.7,21.4,0.0,1.0,1.0,1.0,0.0,0.0,1.0,0.0,90.0,90.0,0
2025-04-11 16:13:38,26.37,5.97,3.1,0.7,7.4,0.0,0.0,0.0,0.0,0.0,28.0,42.4,19.1,32.6,-128.7,21.3,0.0,1.0,1.0,1.0,0.0,0.0,1.0,0.0,90.0,90.0,0
2025-04-11 16:13:39,26.34,5.97,3.1,0.7,8.099999,0.0,0.0,0.0,0.0,0.0,28.0,42.4,19.1,32.6,-128.7,21.4,0.0,1.0,1.0,1.0,0.0,0.0,1.0,0.0,90.0,90.0,0
2025-04-11 16:13:40,26.34,5.99,3.1,0.7,7.9,0.0,0.0,0.0,0.0,0.0,28.0,42.4,19.1,32.6,-128.7,21.3,0.0,1.0,1.0,1.0,0.0,0.0,1.0,0.0,90.0,90.0,0
2025-04-11 16:13:41,26.33,5.97,3.1,0.7,7.8,0.0,0.0,0.0,0.0,0.0,28.0,42.4,19.1,32.6,-128.7,21.4,0.0,1.0,1.0,1.0,0.0,0.0,1.0,0.0,90.0,90.0,0
2025-04-11 16:13:42,26.37,5.99,3.1,0.7,7.3,0.0,0.0,0.0,0.0,0.0,28.0,42.4,19.0,32.6,-128.7,21.4,0.0,1.0,1.0,1.0,0.0,0.0,1.0,0.0,90.0,90.0,0
2025-04-11 16:13:43,26.36,5.97,3.1,0.7,7.2,0.0,0.0,0.0,0.0,0.0,28.0,42.4,19.0,32.6,-128.7,21.4,0.0,1.0,1.0,1.0,0.0,0.0,1.0,0.0,90.0,90.0,0
2025-04-11 16:13:44,26.36,5.99,3.1,0.7,7.8,0.0,0.0,0.0,0.0,0.0,28.0,42.4,19.0,32.6,-128.7,21.3,0.0,1.0,1.0,1.0,0.0,0.0,1.0,0.0,90.0,90.0,0
2025-04-11 16:13:45,26.34,5.98,3.1,0.7,7.7,0.0,0.0,0.0,0.0,0.0,28.0,42.4,19.0,32.6,-128.7,21.3,0.0,1.0,1.0,1.0,0.0,0.0,1.0,0.0,90.0,90.0,0
2025-04-11 16:13:46,26.33,5.99,3.1,0.7,7.8,0.0,0.0,0.0,0.0,0.0,28.0,42.4,19.0,32.6,-128.7,21.3,0.0,1.0,1.0,1.0,0.0,0.0,1.0,0.0,90.0,90.0,0
2025-04-11 16:13:47,26.34,5.98,3.1,0.7,7.099999,0.0,0.0,0.0,0.0,0.0,28.0,42.4,19.0,32.6,-128.7,21.3,0.0,1.0,1.0,1.0,0.0,0.0,1.0,0.0,90.0,90.0,0
2025-04-11 16:13:48,26.36,5.99,3.1,0.7,7.2,0.0,0.0,0.0,0.0,0.0,28.0,42.4,19.0,32.6,-128.7,21.3,0.0,1.0,1.0,1.0,0.0,0.0,1.0,0.0,90.0,90.0,0
2025-04-11 16:13:49,26.38,5.98,3.1,0.7,7.7,0.0,0.0,0.0,0.0,0.0,28.0,42.4,19.0,32.6,-128.7,21.3,0.0,1.0,1.0,1.0,0.0,0.0,1.0,0.0,90.0,90.0,0
2025-04-11 16:13:50,26.36,5.98,3.1,0.7,7.7,0.0,0.0,0.0,0.0,0.0,28.0,42.4,19.0,32.6,-128.7,21.4,0.0,1.0,1.0,1.0,0.0,0.0,1.0,0.0,90.0,90.0,0
2025-04-11 16:13:51,26.37,5.99,3.2,0.7,7.599999,0.0,0.0,0.0,0.0,0.0,28.0,42.5,19.0,32.6,-128.7,21.3,0.0,1.0,1.0,1.0,0.0,0.0,1.0,0.0,90.0,90.0,0
2025-04-11 16:13:52,26.37,5.98,3.1,0.7,7.099999,0.0,0.0,0.0,0.0,0.0,28.0,42.5,19.0,32.6,-128.7,21.4,0.0,1.0,1.0,1.0,0.0,0.0,1.0,0.0,90.0,90.0,0
2025-04-11 16:13:53,26.37,5.99,3.1,0.7,7.2,0.0,0.0,0.0,0.0,0.0,28.0,42.5,19.0,32.6,-128.7,21.3,0.0,1.0,1.0,1.0,0.0,0.0,1.0,0.0,90.0,90.0,0
2025-04-11 16:13:54,26.39,5.97,3.1,0.7,7.599999,0.0,0.0,0.0,0.0,0.0,28.0,42.5,19.0,32.6,-128.7,21.4,0.0,1.0,1.0,1.0,0.0,0.0,1.0,0.0,90.0,90.0,0
2025-04-11 16:13:55,26.38,5.99,3.1,0.7,7.9,0.0,0.0,0.0,0.0,0.0,28.0,42.5,19.0,32.6,-128.7,21.3,0.0,1.0,1.0,1.0,0.0,0.0,1.0,0.0,90.0,90.0,0
2025-04-11 16:13:56,26.37,5.98,3.1,0.7,7.9,0.0,0.0,0.0,0.0,0.0,28.0,42.5,18.9,32.6,-128.7,21.3,0.0,1.0,1.0,1.0,0.0,0.0,1.0,0.0,90.0,90.0,0
2025-04-11 16:13:57,26.37,5.98,3.1,0.7,7.4,0.0,0.0,0.0,0.0,0.0,28.0,42.5,18.9,32.6,-128.7,21.3,0.0,1.0,1.0,1.0,0.0,0.0,1.0,0.0,90.0,90.0,0
2025-04-11 16:13:58,26.38,5.98,3.1,0.7,7.3,0.0,0.0,0.0,0.0,0.0,28.0,42.5,18.9,32.6,-128.7,21.3,0.0,1.0,1.0,1.0,0.0,0.0,1.0,0.0,90.0,90.0,0
2025-04-11 16:13:59,26.39,5.98,3.1,0.7,8.2,0.0,0.0,0.0,0.0,0.0,28.0,42.5,18.9,32.6,-128.7,21.3,0.0,1.0,1.0,1.0,0.0,0.0,1.0,0.0,90.0,90.0,0
2025-04-11 16:14:00,26.37,5.97,3.1,0.7,7.7,0.0,0.0,0.0,0.0,0.0,28.0,42.5,18.9,32.6,-128.7,21.3,0.0,1.0,1.0,1.0,0.0,0.0,1.0,0.0,90.0,90.0,0
2025-04-11 16:14:01,26.38,5.98,3.1,0.7,7.8,0.0,0.0,0.0,0.0,0.0,28.0,42.5,18.9,32.6,-128.7,21.3,0.0,1.0,1.0,1.0,0.0,0.0,1.0,0.0,90.0,90.0,0
2025-04-11 16:14:02,26.36,6.0,3.1,0.7,7.2,0.0,0.0,0.0,0.0,0.0,28.0,42.5,18.9,32.6,-128.7,21.3,0.0,1.0,1.0,1.0,0.0,0.0,1.0,0.0,90.0,90.0,0
2025-04-11 16:14:03,26.38,5.97,3.1,0.7,7.099999,0.0,0.0,0.0,0.0,0.0,28.0,42.5,18.9,32.6,-128.7,21.4,0.0,1.0,1.0,1.0,0.0,0.0,1.0,0.0,90.0,90.0,0
2025-04-11 16:14:04,26.38,5.98,3.1,0.7,8.0,0.0,0.0,0.0,0.0,0.0,28.0,42.5,18.9,32.6,-128.7,21.3,0.0,1.0,1.0,1.0,0.0,0.0,1.0,0.0,90.0,90.0,0
2025-04-11 16:14:05,26.41,5.99,3.1,0.7,7.7,0.0,0.0,0.0,0.0,0.0,28.0,42.5,18.9,32.6,-128.7,21.3,0.0,1.0,1.0,1.0,0.0,0.0,1.0,0.0,90.0,90.0,0
2025-04-11 16:14:06,26.41,5.99,3.1,0.7,7.8,0.0,0.0,0.0,0.0,0.0,28.0,42.5,18.9,32.6,-128.7,21.4,0.0,1.0,1.0,1.0,0.0,0.0,1.0,0.0,90.0,90.0,0
2025-04-11 16:14:07,26.38,5.98,3.1,0.7,7.0,0.0,0.0,0.0,0.0,0.0,28.0,42.5,18.8,32.6,-128.7,21.3,0.0,1.0,1.0,1.0,0.0,0.0,1.0,0.0,90.0,90.0,0
2025-04-11 16:14:08,26.37,5.97,3.1,0.7,7.4,0.0,0.0,0.0,0.0,0.0,28.0,42.5,18.8,32.6,-128.7,21.4,0.0,1.0,1.0,1.0,0.0,0.0,1.0,0.0,90.0,90.0,0
2025-04-11 16:14:09,26.39,5.99,3.1,0.7,7.7,0.0,0.0,0.0,0.0,0.0,28.0,42.5,18.8,32.6,-128.7,21.3,0.0,1.0,1.0,1.0,0.0,0.0,1.0,0.0,90.0,90.0,0
2025-04-11 16:14:10,26.38,5.97,3.1,0.7,7.3,0.0,0.0,0.0,0.0,0.0,28.0,42.5,18.8,32.6,-128.7,21.3,0.0,1.0,1.0,1.0,0.0,0.0,1.0,0.0,90.0,90.0,0
2025-04-11 16:14:11,26.39,5.98,3.1,0.7,7.0,0.0,0.0,0.0,0.0,0.0,28.0,42.5,18.8,32.6,-128.7,21.3,0.0,1.0,1.0,1.0,0.0,0.0,1.0,0.0,90.0,90.0,0
2025-04-11 16:14:12,26.39,5.97,3.1,0.7,7.099999,0.0,0.0,0.0,0.0,0.0,28.0,42.5,18.8,32.6,-128.7,21.3,0.0,1.0,1.0,1.0,0.0,0.0,1.0,0.0,90.0,90.0,0
2025-04-11 16:14:13,26.36,5.97,3.1,0.7,7.8,0.0,0.0,0.0,0.0,0.0,28.0,42.5,18.8,32.6,-128.7,21.4,0.0,1.0,1.0,1.0,0.0,0.0,1.0,0.0,90.0,90.0,0
2025-04-11 16:14:14,26.38,6.0,3.1,0.7,7.2,0.0,0.0,0.0,0.0,0.0,28.0,42.5,18.8,32.5,-128.7,21.2,0.0,1.0,1.0,1.0,0.0,0.0,1.0,0.0,90.0,90.0,0
2025-04-11 16:14:15,26.37,5.97,3.1,0.7,7.2,0.0,0.0,0.0,0.0,0.0,28.0,42.5,18.8,32.5,-128.7,21.3,0.0,1.0,1.0,1.0,0.0,0.0,1.0,0.0,90.0,90.0,0
2025-04-11 16:14:16,26.36,5.98,3.1,0.7,7.7,0.0,0.0,0.0,0.0,0.0,28.0,42.5,18.7,32.5,-128.7,21.2,0.0,1.0,1.0,1.0,0.0,0.0,1.0,0.0,90.0,90.0,0
2025-04-11 16:14:17,26.36,5.97,3.1,0.7,7.8,0.0,0.0,0.0,0.0,0.0,28.0,42.6,18.7,32.5,-128.7,21.3,0.0,1.0,1.0,1.0,0.0,0.0,1.0,0.0,90.0,90.0,0
2025-04-11 16:14:18,26.36,5.97,3.1,0.7,7.8,0.0,0.0,0.0,0.0,0.0,28.0,42.6,18.7,32.5,-128.7,21.3,0.0,1.0,1.0,1.0,0.0,0.0,1.0,0.0,90.0,90.0,0
2025-04-11 16:14:19,26.37,5.97,3.1,0.7,7.2,0.0,0.0,0.0,0.0,0.0,28.0,42.5,18.7,32.5,-128.7,21.3,0.0,1.0,1.0,1.0,0.0,0.0,1.0,0.0,90.0,90.0,0
2025-04-11 16:14:20,26.37,5.97,3.1,0.7,7.599999,0.0,0.0,0.0,0.0,0.0,28.0,42.5,18.7,32.5,-128.7,21.3,0.0,1.0,1.0,1.0,0.0,0.0,1.0,0.0,90.0,90.0,0
2025-04-11 16:14:21,26.34,5.97,3.1,0.7,7.4,0.0,0.0,0.0,0.0,0.0,28.0,42.5,18.7,32.5,-128.7,21.3,0.0,1.0,1.0,1.0,0.0,0.0,1.0,0.0,90.0,90.0,0
2025-04-11 16:14:22,26.33,5.96,3.1,0.7,7.3,0.0,0.0,0.0,0.0,0.0,28.0,42.5,18.7,32.5,-128.7,21.3,0.0,1.0,1.0,1.0,0.0,0.0,1.0,0.0,90.0,90.0,0
2025-04-11 16:14:23,26.33,5.97,3.1,0.7,7.9,0.0,0.0,0.0,0.0,0.0,28.0,42.5,18.7,32.5,-128.7,21.3,0.0,1.0,1.0,1.0,0.0,0.0,1.0,0.0,90.0,90.0,0
2025-04-11 16:14:24,26.36,5.97,3.1,0.7,7.599999,0.0,0.0,0.0,0.0,0.0,28.0,42.5,18.7,32.5,-128.7,21.3,0.0,1.0,1.0,1.0,0.0,0.0,1.0,0.0,90.0,90.0,0
2025-04-11 16:14:25,26.36,5.96,3.1,0.7,7.4,0.0,0.0,0.0,0.0,0.0,28.0,42.5,18.7,32.5,-128.7,21.3,0.0,1.0,1.0,1.0,0.0,0.0,1.0,0.0,90.0,90.0,0
2025-04-11 16:14:26,26.36,5.97,3.1,0.7,7.4,0.0,0.0,0.0,0.0,0.0,28.0,42.5,18.7,32.5,-128.7,21.3,0.0,1.0,1.0,1.0,0.0,0.0,1.0,0.0,90.0,90.0,0
2025-04-11 16:14:27,26.33,5.96,3.1,0.7,7.7,0.0,0.0,0.0,0.0,0.0,28.0,42.5,18.6,32.5,-128.7,21.3,0.0,1.0,1.0,1.0,0.0,0.0,1.0,0.0,90.0,90.0,0
2025-04-11 16:14:28,26.33,5.97,3.1,0.7,7.3,0.0,0.0,0.0,0.0,0.0,28.0,42.5,18.6,32.5,-128.7,21.3,0.0,1.0,1.0,1.0,0.0,0.0,1.0,0.0,90.0,90.0,0
2025-04-11 16:14:29,26.33,5.96,3.1,0.7,7.3,0.0,0.0,0.0,0.0,0.0,28.0,42.5,18.6,32.5,-128.7,21.3,0.0,1.0,1.0,1.0,0.0,0.0,1.0,0.0,90.0,90.0,0
2025-04-11 16:14:30,26.34,5.97,3.1,0.7,7.599999,0.0,0.0,0.0,0.0,0.0,28.0,42.5,18.6,32.5,-128.7,21.3,0.0,1.0,1.0,1.0,0.0,0.0,1.0,0.0,90.0,90.0,0
2025-04-11 16:14:31,26.34,5.97,3.1,0.7,7.3,0.0,0.0,0.0,0.0,0.0,28.0,42.5,18.6,32.5,-128.7,21.3,0.0,1.0,1.0,1.0,0.0,0.0,1.0,0.0,90.0,90.0,0
2025-04-11 16:14:32,26.33,5.96,3.1,0.7,8.299999,0.0,0.0,0.0,0.0,0.0,28.0,42.5,18.6,32.5,-128.7,21.3,0.0,1.0,1.0,1.0,0.0,0.0,1.0,0.0,90.0,90.0,0
2025-04-11 16:14:33,26.34,5.97,3.1,0.7,7.8,0.0,0.0,0.0,0.0,0.0,28.0,42.5,18.6,32.5,-128.7,21.3,0.0,1.0,1.0,1.0,0.0,0.0,1.0,0.0,90.0,90.0,0
2025-04-11 16:14:34,26.36,5.95,3.1,0.7,7.5,0.0,0.0,0.0,0.0,0.0,28.0,42.5,18.6,32.5,-128.7,21.4,0.0,1.0,1.0,1.0,0.0,0.0,1.0,0.0,90.0,90.0,0
2025-04-11 16:14:35,26.34,5.97,3.1,0.7,7.7,0.0,0.0,0.0,0.0,0.0,28.0,42.5,18.6,32.5,-128.7,21.3,0.0,1.0,1.0,1.0,0.0,0.0,1.0,0.0,90.0,90.0,0
2025-04-11 16:14:36,26.33,5.96,3.1,0.7,6.8,0.0,0.0,0.0,0.0,0.0,28.0,42.5,18.6,32.4,-128.7,21.2,0.0,1.0,1.0,1.0,0.0,0.0,1.0,0.0,90.0,90.0,0
2025-04-11 16:14:37,26.32,5.96,3.1,0.7,7.2,0.0,0.0,0.0,0.0,0.0,28.0,42.5,18.5,32.4,-128.7,21.3,0.0,1.0,1.0,1.0,0.0,0.0,1.0,0.0,90.0,90.0,0
2025-04-11 16:14:38,26.32,5.96,3.1,0.7,7.4,0.0,0.0,0.0,0.0,0.0,28.0,42.5,18.5,32.4,-128.7,21.2,0.0,1.0,1.0,1.0,0.0,0.0,1.0,0.0,90.0,90.0,0
2025-04-11 16:14:39,26.34,5.95,3.1,0.7,8.299999,0.0,0.0,0.0,0.0,0.0,28.0,42.5,18.5,32.4,-128.7,21.3,0.0,1.0,1.0,1.0,0.0,0.0,1.0,0.0,90.0,90.0,0
2025-04-11 16:14:40,26.33,5.96,3.1,0.7,7.7,0.0,0.0,0.0,0.0,0.0,28.0,42.5,18.5,32.4,-128.7,21.2,0.0,1.0,1.0,1.0,0.0,0.0,1.0,0.0,90.0,90.0,0
2025-04-11 16:14:41,26.33,5.95,3.1,0.7,7.7,0.0,0.0,0.0,0.0,0.0,28.0,42.5,18.5,32.4,-128.7,21.3,0.0,1.0,1.0,1.0,0.0,0.0,1.0,0.0,90.0,90.0,0
2025-04-11 16:14:42,26.32,5.96,3.1,0.7,7.2,0.0,0.0,0.0,0.0,0.0,28.0,42.5,18.5,32.4,-128.7,21.2,0.0,1.0,1.0,1.0,0.0,0.0,1.0,0.0,90.0,90.0,0
2025-04-11 16:14:43,26.32,5.95,3.1,0.7,7.5,0.0,0.0,0.0,0.0,0.0,28.0,42.5,18.5,32.4,-128.7,21.2,0.0,1.0,1.0,1.0,0.0,0.0,1.0,0.0,90.0,90.0,0
2025-04-11 16:14:44,26.34,5.96,3.1,0.7,7.4,0.0,0.0,0.0,0.0,0.0,28.0,42.5,18.5,32.4,-128.7,21.2,0.0,1.0,1.0,1.0,0.0,0.0,1.0,0.0,90.0,90.0,0
2025-04-11 16:14:45,26.36,5.96,3.1,0.7,7.2,0.0,0.0,0.0,0.0,0.0,28.0,42.5,18.5,32.4,-128.7,21.2,0.0,1.0,1.0,1.0,0.0,0.0,1.0,0.0,90.0,90.0,0
2025-04-11 16:14:46,26.34,5.94,3.1,0.7,7.3,0.0,0.0,0.0,0.0,0.0,28.0,42.5,18.4,32.4,-128.7,21.3,0.0,1.0,1.0,1.0,0.0,0.0,1.0,0.0,90.0,90.0,0
2025-04-11 16:14:47,26.32,5.96,3.1,0.7,7.099999,0.0,0.0,0.0,0.0,0.0,28.0,42.5,18.4,32.4,-128.7,21.2,0.0,1.0,1.0,1.0,0.0,0.0,1.0,0.0,90.0,90.0,0
2025-04-11 16:14:48,26.31,5.96,3.1,0.7,8.099999,0.0,0.0,0.0,0.0,0.0,28.0,42.5,18.4,32.4,-128.7,21.2,0.0,1.0,1.0,1.0,0.0,0.0,1.0,0.0,90.0,90.0,0
2025-04-11 16:14:49,26.32,5.97,3.1,0.7,7.2,0.0,0.0,0.0,0.0,0.0,28.0,42.5,18.4,32.4,-128.7,21.2,0.0,1.0,1.0,1.0,0.0,0.0,1.0,0.0,90.0,90.0,0
2025-04-11 16:14:50,26.32,5.94,3.1,0.7,7.599999,0.0,0.0,0.0,0.0,0.0,28.0,42.5,18.4,32.4,-128.7,21.3,0.0,1.0,1.0,1.0,0.0,0.0,1.0,0.0,90.0,90.0,0
2025-04-11 16:14:51,26.33,5.97,3.1,0.7,7.8,0.0,0.0,0.0,0.0,0.0,28.0,42.5,18.4,32.4,-128.7,21.2,0.0,1.0,1.0,1.0,0.0,0.0,1.0,0.0,90.0,90.0,0
2025-04-11 16:14:52,26.32,5.95,3.1,0.7,7.599999,0.0,0.0,0.0,0.0,0.0,28.0,42.5,18.4,32.4,-128.7,21.2,0.0,1.0,1.0,1.0,0.0,0.0,1.0,0.0,90.0,90.0,0
2025-04-11 16:14:53,26.3,5.95,3.1,0.7,7.8,0.0,0.0,0.0,0.0,0.0,28.0,42.5,18.4,32.4,-128.7,21.3,0.0,1.0,1.0,1.0,0.0,0.0,1.0,0.0,90.0,90.0,0
2025-04-11 16:14:54,26.31,5.95,3.1,0.7,7.8,0.0,0.0,0.0,0.0,0.0,28.0,42.5,18.4,32.4,-128.7,21.3,0.0,1.0,1.0,1.0,0.0,0.0,1.0,0.0,90.0,90.0,0
2025-04-11 16:14:55,26.32,5.96,3.1,0.7,8.0,0.0,0.0,0.0,0.0,0.0,28.0,42.5,18.4,32.3,-128.7,21.2,0.0,1.0,1.0,1.0,0.0,0.0,1.0,0.0,90.0,90.0,0
2025-04-11 16:14:56,26.33,5.95,3.1,0.7,7.7,0.0,0.0,0.0,0.0,0.0,28.0,42.5,18.4,32.3,-128.7,21.2,0.0,1.0,1.0,1.0,0.0,0.0,1.0,0.0,90.0,90.0,0
2025-04-11 16:14:57,26.33,5.95,3.1,0.7,7.099999,0.0,0.0,0.0,0.0,0.0,28.0,42.5,18.4,32.3,-128.7,21.2,0.0,1.0,1.0,1.0,0.0,0.0,1.0,0.0,90.0,90.0,0
2025-04-11 16:14:58,26.31,5.94,3.1,0.7,7.3,0.0,0.0,0.0,0.0,0.0,28.0,42.5,18.4,32.3,-128.7,21.1,0.0,1.0,1.0,1.0,0.0,0.0,1.0,0.0,90.0,90.0,0
2025-04-11 16:14:59,26.31,5.95,3.1,0.7,7.3,0.0,0.0,0.0,0.0,0.0,28.0,42.5,18.3,32.3,-128.7,21.2,0.0,1.0,1.0,1.0,0.0,0.0,1.0,0.0,90.0,90.0,0
2025-04-11 16:15:00,26.31,5.94,3.1,0.7,7.2,0.0,0.0,0.0,0.0,0.0,28.0,42.5,18.3,32.3,-128.7,21.2,0.0,1.0,1.0,1.0,0.0,0.0,1.0,0.0,90.0,90.0,0
2025-04-11 16:15:01,26.31,5.94,3.1,0.7,7.599999,0.0,0.0,0.0,0.0,0.0,28.0,42.5,18.3,32.3,-128.7,21.2,0.0,1.0,1.0,1.0,0.0,0.0,1.0,0.0,90.0,90.0,0
2025-04-11 16:15:02,26.32,5.94,3.1,0.7,7.099999,0.0,0.0,0.0,0.0,0.0,28.0,42.5,18.3,32.3,-128.7,21.2,0.0,1.0,1.0,1.0,0.0,0.0,1.0,0.0,90.0,90.0,0
2025-04-11 16:15:03,26.31,5.94,3.1,0.7,8.099999,0.0,0.0,0.0,0.0,0.0,28.0,42.5,18.3,32.3,-128.7,21.2,0.0,1.0,1.0,1.0,0.0,0.0,1.0,0.0,90.0,90.0,0
2025-04-11 16:15:04,26.3,5.94,3.1,0.7,7.9,0.0,0.0,0.0,0.0,0.0,28.0,42.5,18.3,32.3,-128.7,21.2,0.0,1.0,1.0,1.0,0.0,0.0,1.0,0.0,90.0,90.0,0
2025-04-11 16:15:05,26.31,5.94,3.1,0.7,7.7,0.0,0.0,0.0,0.0,0.0,28.0,42.5,18.3,32.3,-128.7,21.2,0.0,1.0,1.0,1.0,0.0,0.0,1.0,0.0,90.0,90.0,0
2025-04-11 16:15:06,26.32,5.94,3.1,0.7,7.599999,0.0,0.0,0.0,0.0,0.0,28.0,42.5,18.3,32.3,-128.7,21.2,0.0,1.0,1.0,1.0,0.0,0.0,1.0,0.0,90.0,90.0,0
2025-04-11 16:15:07,26.32,5.94,3.1,0.7,7.3,0.0,0.0,0.0,0.0,0.0,28.0,42.5,18.3,32.3,-128.7,21.2,0.0,1.0,1.0,1.0,0.0,0.0,1.0,0.0,90.0,90.0,0
2025-04-11 16:15:08,26.31,5.96,3.1,0.7,7.4,0.0,0.0,0.0,0.0,0.0,28.0,42.5,18.3,32.3,-128.7,21.1,0.0,1.0,1.0,1.0,0.0,0.0,1.0,0.0,90.0,90.0,0
2025-04-11 16:15:09,26.3,5.94,3.1,0.7,7.4,0.0,0.0,0.0,0.0,0.0,28.0,42.5,18.3,32.3,-128.7,21.2,0.0,1.0,1.0,1.0,0.0,0.0,1.0,0.0,90.0,90.0,0
2025-04-11 16:15:10,26.28,5.96,3.1,0.7,7.2,0.0,0.0,0.0,0.0,0.0,28.0,42.5,18.3,32.3,-128.7,21.1,0.0,1.0,1.0,1.0,0.0,0.0,1.0,0.0,90.0,90.0,0
2025-04-11 16:15:11,26.31,5.94,3.1,0.7,7.2,0.0,0.0,0.0,0.0,0.0,28.0,42.5,18.3,32.3,-128.7,21.2,0.0,1.0,1.0,1.0,0.0,0.0,1.0,0.0,90.0,90.0,0
2025-04-11 16:15:12,26.32,5.95,3.1,0.7,7.599999,0.0,0.0,0.0,0.0,0.0,28.0,42.5,18.2,32.3,-128.7,21.2,0.0,1.0,1.0,1.0,0.0,0.0,1.0,0.0,90.0,90.0,0
2025-04-11 16:15:13,26.32,5.94,3.1,0.7,7.7,0.0,0.0,0.0,0.0,0.0,28.0,42.5,18.2,32.3,-128.7,21.2,0.0,1.0,1.0,1.0,0.0,0.0,1.0,0.0,90.0,90.0,0
2025-04-11 16:15:14,26.3,5.96,3.1,0.7,7.7,0.0,0.0,0.0,0.0,0.0,28.0,42.5,18.2,32.2,-128.7,21.1,0.0,1.0,1.0,1.0,0.0,0.0,1.0,0.0,90.0,90.0,0
2025-04-11 16:15:15,26.3,5.95,3.1,0.7,7.2,0.0,0.0,0.0,0.0,0.0,28.0,42.5,18.2,32.2,-128.7,21.1,0.0,1.0,1.0,1.0,0.0,0.0,1.0,0.0,90.0,90.0,0
2025-04-11 16:15:16,26.32,5.95,3.1,0.7,7.599999,0.0,0.0,0.0,0.0,0.0,28.0,42.5,18.2,32.2,-128.7,21.1,0.0,1.0,1.0,1.0,0.0,0.0,1.0,0.0,90.0,90.0,0
2025-04-11 16:15:17,26.32,5.94,3.1,0.7,7.2,0.0,0.0,0.0,0.0,0.0,28.0,42.5,18.2,32.2,-128.7,21.0,0.0,1.0,1.0,1.0,0.0,0.0,1.0,0.0,90.0,90.0,0
2025-04-11 16:15:18,26.34,5.95,3.1,0.7,7.099999,0.0,0.0,0.0,0.0,0.0,28.0,42.5,18.2,32.2,-128.7,21.1,0.0,1.0,1.0,1.0,0.0,0.0,1.0,0.0,90.0,90.0,0
2025-04-11 16:15:19,26.33,5.95,3.1,0.7,7.4,0.0,0.0,0.0,0.0,0.0,28.0,42.5,18.2,32.2,-128.7,21.0,0.0,1.0,1.0,1.0,0.0,0.0,1.0,0.0,90.0,90.0,0
2025-04-11 16:15:20,26.31,5.95,3.1,0.7,7.099999,0.0,0.0,0.0,0.0,0.0,28.0,42.5,18.2,32.2,-128.7,21.0,0.0,1.0,1.0,1.0,0.0,0.0,1.0,0.0,90.0,90.0,0
2025-04-11 16:15:21,26.3,5.95,3.1,0.7,7.4,0.0,0.0,0.0,0.0,0.0,28.0,42.6,18.2,32.2,-128.7,21.1,0.0,1.0,1.0,1.0,0.0,0.0,1.0,0.0,90.0,90.0,0
2025-04-11 16:15:22,26.3,5.95,3.1,0.7,7.5,0.0,0.0,0.0,0.0,0.0,28.0,42.6,18.2,32.2,-128.7,21.1,0.0,1.0,1.0,1.0,0.0,0.0,1.0,0.0,90.0,90.0,0
2025-04-11 16:15:23,26.32,5.97,3.1,0.7,7.2,0.0,0.0,0.0,0.0,0.0,28.0,42.6,18.2,32.2,-128.7,21.0,0.0,1.0,1.0,1.0,0.0,0.0,1.0,0.0,90.0,90.0,0
2025-04-11 16:15:24,26.31,5.96,3.1,0.7,8.0,0.0,0.0,0.0,0.0,0.0,28.0,42.6,18.2,32.2,-128.7,21.1,0.0,1.0,1.0,1.0,0.0,0.0,1.0,0.0,90.0,90.0,0
2025-04-11 16:15:25,26.32,5.96,3.1,0.7,7.3,0.0,0.0,0.0,0.0,0.0,28.0,42.6,18.2,32.2,-128.7,21.0,0.0,1.0,1.0,1.0,0.0,0.0,1.0,0.0,90.0,90.0,0
2025-04-11 16:15:26,26.32,5.95,3.1,0.7,7.4,0.0,0.0,0.0,0.0,0.0,28.0,42.6,18.2,32.2,-128.7,21.1,0.0,1.0,1.0,1.0,0.0,0.0,1.0,0.0,90.0,90.0,0
2025-04-11 16:15:27,26.3,5.97,3.1,0.7,7.2,0.0,0.0,0.0,0.0,0.0,28.0,42.6,18.1,32.2,-128.7,21.0,0.0,1.0,1.0,1.0,0.0,0.0,1.0,0.0,90.0,90.0,0
2025-04-11 16:15:28,26.31,5.96,3.1,0.7,7.3,0.0,0.0,0.0,0.0,0.0,28.0,42.5,18.1,32.2,-128.7,21.0,0.0,1.0,1.0,1.0,0.0,0.0,1.0,0.0,90.0,90.0,0
2025-04-11 16:15:29,26.33,5.97,3.1,0.7,8.0,0.0,0.0,0.0,0.0,0.0,28.0,42.5,18.1,32.2,-128.7,21.1,0.0,1.0,1.0,1.0,0.0,0.0,1.0,0.0,90.0,90.0,0
2025-04-11 16:15:30,26.33,5.95,3.1,0.7,7.4,0.0,0.0,0.0,0.0,0.0,28.0,42.5,18.1,32.2,-128.7,21.0,0.0,1.0,1.0,1.0,0.0,0.0,1.0,0.0,90.0,90.0,0
2025-04-11 16:15:31,26.32,5.96,3.1,0.7,7.8,0.0,0.0,0.0,0.0,0.0,28.0,42.5,18.1,32.2,-128.7,21.0,0.0,1.0,1.0,1.0,0.0,0.0,1.0,0.0,90.0,90.0,0
2025-04-11 16:15:32,26.31,5.96,3.1,0.7,8.0,0.0,0.0,0.0,0.0,0.0,28.0,42.5,18.1,32.2,-128.7,21.0,0.0,1.0,1.0,1.0,0.0,0.0,1.0,0.0,90.0,90.0,0
2025-04-11 16:15:33,26.3,5.95,3.1,0.7,7.099999,0.0,0.0,0.0,0.0,0.0,28.0,42.5,18.1,32.2,-128.7,21.1,0.0,1.0,1.0,1.0,0.0,0.0,1.0,0.0,90.0,90.0,0
2025-04-11 16:15:34,26.32,5.95,3.1,0.7,7.5,0.0,0.0,0.0,0.0,0.0,28.0,42.6,18.1,32.2,-128.7,21.0,0.0,1.0,1.0,1.0,0.0,0.0,1.0,0.0,90.0,90.0,0
2025-04-11 16:15:35,26.33,5.96,3.1,0.7,7.4,0.0,0.0,0.0,0.0,0.0,28.0,42.6,18.1,32.2,-128.7,21.1,0.0,1.0,1.0,1.0,0.0,0.0,1.0,0.0,90.0,90.0,0
2025-04-11 16:15:36,26.33,5.96,3.1,0.7,7.3,0.0,0.0,0.0,0.0,0.0,28.0,42.6,18.1,32.1,-128.7,20.9,0.0,1.0,1.0,1.0,0.0,0.0,1.0,0.0,90.0,90.0,0
2025-04-11 16:15:37,26.32,5.95,3.1,0.7,8.0,0.0,0.0,0.0,0.0,0.0,28.0,42.6,18.1,32.1,-128.7,21.0,0.0,1.0,1.0,1.0,0.0,0.0,1.0,0.0,90.0,90.0,0
2025-04-11 16:15:38,26.32,5.97,3.1,0.7,7.7,0.0,0.0,0.0,0.0,0.0,28.0,42.6,18.1,32.1,-128.7,20.9,0.0,1.0,1.0,1.0,0.0,0.0,1.0,0.0,90.0,90.0,0
2025-04-11 16:15:39,26.33,5.96,3.1,0.7,8.0,0.0,0.0,0.0,0.0,0.0,28.0,42.6,18.1,32.1,-128.7,20.9,0.0,1.0,1.0,1.0,0.0,0.0,1.0,0.0,90.0,90.0,0
2025-04-11 16:15:40,26.33,5.97,3.1,0.7,7.599999,0.0,0.0,0.0,0.0,0.0,28.0,42.6,18.1,32.1,-128.7,20.9,0.0,1.0,1.0,1.0,0.0,0.0,1.0,0.0,90.0,90.0,0
2025-04-11 16:15:41,26.36,5.95,3.1,0.7,7.3,0.0,0.0,0.0,0.0,0.0,27.9,42.6,18.1,32.1,-128.7,21.0,0.0,1.0,1.0,1.0,0.0,0.0,1.0,0.0,90.0,90.0,0
2025-04-11 16:15:42,26.36,5.96,3.1,0.7,7.599999,0.0,0.0,0.0,0.0,0.0,27.9,42.6,18.1,32.1,-128.7,20.9,0.0,1.0,1.0,1.0,0.0,0.0,1.0,0.0,90.0,90.0,0
2025-04-11 16:15:43,26.34,5.96,3.1,0.7,7.099999,0.0,0.0,0.0,0.0,0.0,27.9,42.6,18.1,32.1,-128.7,20.9,0.0,1.0,1.0,1.0,0.0,0.0,1.0,0.0,90.0,90.0,0
2025-04-11 16:15:44,26.33,5.97,3.1,0.7,7.8,0.0,0.0,0.0,0.0,0.0,27.9,42.6,18.1,32.1,-128.7,20.9,0.0,1.0,1.0,1.0,0.0,0.0,1.0,0.0,90.0,90.0,0
2025-04-11 16:15:45,26.32,5.95,3.1,0.7,7.2,0.0,0.0,0.0,0.0,0.0,27.9,42.6,18.1,32.1,-128.7,20.9,0.0,1.0,1.0,1.0,0.0,0.0,1.0,0.0,90.0,90.0,0
2025-04-11 16:15:46,26.33,5.97,3.1,0.7,7.5,0.0,0.0,0.0,0.0,0.0,27.9,42.6,18.1,32.1,-128.7,20.9,0.0,1.0,1.0,1.0,0.0,0.0,1.0,0.0,90.0,90.0,0
2025-04-11 16:15:47,26.33,5.96,3.1,0.7,7.2,0.0,0.0,0.0,0.0,0.0,27.9,42.6,18.1,32.1,-128.7,20.9,0.0,1.0,1.0,1.0,0.0,0.0,1.0,0.0,90.0,90.0,0
2025-04-11 16:15:48,26.34,5.97,3.1,0.7,7.2,0.0,0.0,0.0,0.0,0.0,27.9,42.6,18.1,32.1,-128.7,20.9,0.0,1.0,1.0,1.0,0.0,0.0,1.0,0.0,90.0,90.0,0
2025-04-11 16:15:49,26.36,5.96,3.1,0.7,7.7,0.0,0.0,0.0,0.0,0.0,27.9,42.6,18.0,32.1,-128.7,20.9,0.0,1.0,1.0,1.0,0.0,0.0,1.0,0.0,90.0,90.0,0
2025-04-11 16:15:50,26.37,5.97,3.1,0.7,7.5,0.0,0.0,0.0,0.0,0.0,27.9,42.6,18.0,32.1,-128.7,20.9,0.0,1.0,1.0,1.0,0.0,0.0,1.0,0.0,90.0,90.0,0
2025-04-11 16:15:51,26.37,5.97,3.1,0.7,7.2,0.0,0.0,0.0,0.0,0.0,27.9,42.6,18.0,32.1,-128.7,20.9,0.0,1.0,1.0,1.0,0.0,0.0,1.0,0.0,90.0,90.0,0
2025-04-11 16:15:52,26.34,5.97,3.1,0.7,7.9,0.0,0.0,0.0,0.0,0.0,27.9,42.6,18.0,32.1,-128.7,20.9,0.0,1.0,1.0,1.0,0.0,0.0,1.0,0.0,90.0,90.0,0
2025-04-11 16:15:53,26.34,5.98,3.1,0.7,7.599999,0.0,0.0,0.0,0.0,0.0,27.9,42.6,18.0,32.1,-128.7,20.9,0.0,1.0,1.0,1.0,0.0,0.0,1.0,0.0,90.0,90.0,0
2025-04-11 16:15:54,26.36,5.97,3.1,0.7,6.9,0.0,0.0,0.0,0.0,0.0,27.9,42.6,18.0,32.1,-128.7,20.9,0.0,1.0,1.0,1.0,0.0,0.0,1.0,0.0,90.0,90.0,0
2025-04-11 16:15:55,26.36,5.97,3.1,0.7,7.7,0.0,0.0,0.0,0.0,0.0,27.9,42.6,18.0,32.1,-128.7,20.8,0.0,1.0,1.0,1.0,0.0,0.0,1.0,0.0,90.0,90.0,0
2025-04-11 16:15:56,26.38,5.97,3.1,0.7,7.5,0.0,0.0,0.0,0.0,0.0,27.9,42.6,18.0,32.1,-128.7,20.9,0.0,1.0,1.0,1.0,0.0,0.0,1.0,0.0,90.0,90.0,0
2025-04-11 16:15:57,26.37,5.97,3.1,0.7,7.7,0.0,0.0,0.0,0.0,0.0,27.9,42.6,18.0,32.1,-128.7,20.9,0.0,1.0,1.0,1.0,0.0,0.0,1.0,0.0,90.0,90.0,0
2025-04-11 16:15:58,26.36,5.97,3.1,0.7,7.599999,0.0,0.0,0.0,0.0,0.0,27.9,42.6,18.0,32.1,-128.7,20.9,0.0,1.0,1.0,1.0,0.0,0.0,1.0,0.0,90.0,90.0,0
2025-04-11 16:15:59,26.34,5.98,3.1,0.7,7.4,0.0,0.0,0.0,0.0,0.0,27.9,42.6,18.0,32.1,-128.7,20.9,0.0,1.0,1.0,1.0,0.0,0.0,1.0,0.0,90.0,90.0,0
2025-04-11 16:16:00,26.36,5.97,3.1,0.7,7.4,0.0,0.0,0.0,0.0,0.0,27.9,42.6,18.0,32.0,-128.7,20.8,0.0,1.0,1.0,1.0,0.0,0.0,1.0,0.0,90.0,90.0,0
