DateTime,hp_comp_1,lp_comp_1,comp_current_1,cond_current_1,fan_current_1,hp_comp_2,lp_comp_2,comp_current_2,cond_current_2,fan_current_2,return_air_temp,outdoor_temp,heater_temp,lp_plate_temp_1,lp_plate_temp_2,superheat_1,superheat_2,comp_start_1,cond_fan_start_1,fan_start_1,comp_start_2,cond_fan_start_2,fan_start_2,heater_start,EF1speed,EF2speed,label
2025-04-11 15:46:00,25.75,5.94,3.1,0.7,7.599999,0.0,0.0,0.0,0.0,0.0,27.9,41.5,19.8,31.8,-128.7,20.7,0.0,1.0,1.0,1.0,0.0,0.0,1.0,0.0,90.0,90.0,1
2025-04-11 15:46:01,25.76,5.94,3.1,0.7,7.2,0.0,0.0,0.0,0.0,0.0,27.9,41.5,19.8,31.8,-128.7,20.7,0.0,1.0,1.0,1.0,0.0,0.0,1.0,0.0,90.0,90.0,1
2025-04-11 15:46:02,25.78,5.94,3.1,0.7,7.0,0.0,0.0,0.0,0.0,0.0,27.9,41.5,19.8,31.8,-128.7,20.7,0.0,1.0,1.0,1.0,0.0,0.0,1.0,0.0,90.0,90.0,1
2025-04-11 15:46:03,25.77,5.94,3.1,0.7,7.3,0.0,0.0,0.0,0.0,0.0,27.9,41.5,19.8,31.8,-128.7,20.7,0.0,1.0,1.0,1.0,0.0,0.0,1.0,0.0,90.0,90.0,1
2025-04-11 15:46:04,25.76,5.93,3.0,0.7,7.099999,0.0,0.0,0.0,0.0,0.0,27.9,41.5,19.8,31.8,-128.7,20.8,0.0,1.0,1.0,1.0,0.0,0.0,1.0,0.0,90.0,90.0,1
2025-04-11 15:46:05,25.76,5.94,3.1,0.7,7.8,0.0,0.0,0.0,0.0,0.0,27.9,41.5,19.7,31.8,-128.7,20.7,0.0,1.0,1.0,1.0,0.0,0.0,1.0,0.0,90.0,90.0,1
2025-04-11 15:46:06,25.76,5.94,3.1,0.7,7.5,0.0,0.0,0.0,0.0,0.0,27.9,41.5,19.7,31.8,-128.7,20.7,0.0,1.0,1.0,1.0,0.0,0.0,1.0,0.0,90.0,90.0,1
2025-04-11 15:46:07,25.78,5.95,3.1,0.7,7.2,0.0,0.0,0.0,0.0,0.0,27.9,41.5,19.7,31.8,-128.7,20.7,0.0,1.0,1.0,1.0,0.0,0.0,1.0,0.0,90.0,90.0,1
2025-04-11 15:46:08,25.8,5.94,3.1,0.7,7.599999,0.0,0.0,0.0,0.0,0.0,27.9,41.6,19.7,31.8,-128.7,20.7,0.0,1.0,1.0,1.0,0.0,0.0,1.0,0.0,90.0,90.0,1
2025-04-11 15:46:09,25.8,5.95,3.1,0.7,6.9,0.0,0.0,0.0,0.0,0.0,27.9,41.6,19.7,31.8,-128.7,20.7,0.0,1.0,1.0,1.0,0.0,0.0,1.0,0.0,90.0,90.0,1
2025-04-11 15:46:10,25.81,5.95,3.1,0.7,7.9,0.0,0.0,0.0,0.0,0.0,27.9,41.6,19.7,31.8,-128.7,20.7,0.0,1.0,1.0,1.0,0.0,0.0,1.0,0.0,90.0,90.0,1
2025-04-11 15:46:11,25.78,5.94,3.1,0.7,7.7,0.0,0.0,0.0,0.0,0.0,27.9,41.6,19.7,31.8,-128.7,20.7,0.0,1.0,1.0,1.0,0.0,0.0,1.0,0.0,90.0,90.0,1
2025-04-11 15:46:12,25.78,5.95,3.1,0.7,7.5,0.0,0.0,0.0,0.0,0.0,27.9,41.6,19.7,31.9,-128.7,20.8,0.0,1.0,1.0,1.0,0.0,0.0,1.0,0.0,90.0,90.0,1
2025-04-11 15:46:13,25.8,5.94,3.1,0.7,8.099999,0.0,0.0,0.0,0.0,0.0,27.9,41.6,19.7,31.9,-128.7,20.8,0.0,1.0,1.0,1.0,0.0,0.0,1.0,0.0,90.0,90.0,1
2025-04-11 15:46:14,25.82,5.95,3.1,0.7,7.599999,0.0,0.0,0.0,0.0,0.0,27.9,41.6,19.7,31.9,-128.7,20.8,0.0,1.0,1.0,1.0,0.0,0.0,1.0,0.0,90.0,90.0,1
2025-04-11 15:46:15,25.82,5.94,3.1,0.7,7.5,0.0,0.0,0.0,0.0,0.0,27.9,41.6,19.7,31.9,-128.7,20.8,0.0,1.0,1.0,1.0,0.0,0.0,1.0,0.0,90.0,90.0,1
2025-04-11 15:46:16,25.8,5.95,3.1,0.7,7.7,0.0,0.0,0.0,0.0,0.0,27.9,41.6,19.7,31.9,-128.7,20.8,0.0,1.0,1.0,1.0,0.0,0.0,1.0,0.0,90.0,90.0,1
2025-04-11 15:46:17,25.81,5.95,3.1,0.7,8.099999,0.0,0.0,0.0,0.0,0.0,27.9,41.6,19.7,31.9,-128.7,20.8,0.0,1.0,1.0,1.0,0.0,0.0,1.0,0.0,90.0,90.0,1
2025-04-11 15:46:18,25.81,5.94,3.1,0.7,7.8,0.0,0.0,0.0,0.0,0.0,27.9,41.6,19.6,31.9,-128.7,20.8,0.0,1.0,1.0,1.0,0.0,0.0,1.0,0.0,90.0,90.0,1
2025-04-11 15:46:19,25.82,5.95,3.1,0.7,7.8,0.0,0.0,0.0,0.0,0.0,27.9,41.6,19.6,31.9,-128.7,20.8,0.0,1.0,1.0,1.0,0.0,0.0,1.0,0.0,90.0,90.0,1
2025-04-11 15:46:20,25.81,5.94,3.1,0.7,7.8,0.0,0.0,0.0,0.0,0.0,27.9,41.6,19.6,31.9,-128.7,20.8,0.0,1.0,1.0,1.0,0.0,0.0,1.0,0.0,90.0,90.0,1
2025-04-11 15:46:21,25.83,5.94,3.1,0.7,7.7,0.0,0.0,0.0,0.0,0.0,27.9,41.6,19.6,31.9,-128.7,20.8,0.0,1.0,1.0,1.0,0.0,0.0,1.0,0.0,90.0,90.0,1
2025-04-11 15:46:22,25.84,5.95,3.1,0.7,7.8,0.0,0.0,0.0,0.0,0.0,27.9,41.6,19.6,31.9,-128.7,20.8,0.0,1.0,1.0,1.0,0.0,0.0,1.0,0.0,90.0,90.0,1
2025-04-11 15:46:23,25.86,5.94,3.1,0.7,7.8,0.0,0.0,0.0,0.0,0.0,27.9,41.6,19.6,31.9,-128.7,20.8,0.0,1.0,1.0,1.0,0.0,0.0,1.0,0.0,90.0,90.0,1
2025-04-11 15:46:24,25.83,5.94,3.1,0.7,7.5,0.0,0.0,0.0,0.0,0.0,27.9,41.6,19.6,31.9,-128.7,20.8,0.0,1.0,1.0,1.0,0.0,0.0,1.0,0.0,90.0,90.0,1
2025-04-11 15:46:25,25.82,5.94,3.1,0.7,7.3,0.0,0.0,0.0,0.0,0.0,27.9,41.7,19.6,31.9,-128.7,20.8,0.0,1.0,1.0,1.0,0.0,0.0,1.0,0.0,90.0,90.0,1
2025-04-11 15:46:26,25.81,5.95,3.1,0.7,7.4,0.0,0.0,0.0,0.0,0.0,27.9,41.7,19.6,31.9,-128.7,20.8,0.0,1.0,1.0,1.0,0.0,0.0,1.0,0.0,90.0,90.0,1
2025-04-11 15:46:27,25.82,5.94,3.1,0.7,7.599999,0.0,0.0,0.0,0.0,0.0,27.9,41.7,19.6,31.9,-128.7,20.8,0.0,1.0,1.0,1.0,0.0,0.0,1.0,0.0,90.0,90.0,1
2025-04-11 15:46:28,25.83,5.94,3.1,0.7,7.2,0.0,0.0,0.0,0.0,0.0,27.9,41.7,19.6,31.9,-128.7,20.8,0.0,1.0,1.0,1.0,0.0,0.0,1.0,0.0,90.0,90.0,1
2025-04-11 15:46:29,25.84,5.94,3.1,0.7,7.9,0.0,0.0,0.0,0.0,0.0,27.9,41.7,19.6,32.0,-128.7,20.9,0.0,1.0,1.0,1.0,0.0,0.0,1.0,0.0,90.0,90.0,1
2025-04-11 15:46:30,25.84,5.94,3.1,0.7,7.7,0.0,0.0,0.0,0.0,0.0,27.9,41.7,19.6,32.0,-128.7,20.9,0.0,1.0,1.0,1.0,0.0,0.0,1.0,0.0,90.0,90.0,1
2025-04-11 15:46:31,25.82,5.94,3.1,0.7,7.2,0.0,0.0,0.0,0.0,0.0,27.9,41.7,19.6,32.0,-128.7,20.9,0.0,1.0,1.0,1.0,0.0,0.0,1.0,0.0,90.0,90.0,1
2025-04-11 15:46:32,25.83,5.94,3.1,0.7,6.9,0.0,0.0,0.0,0.0,0.0,27.9,41.7,19.6,32.0,-128.7,20.9,0.0,1.0,1.0,1.0,0.0,0.0,1.0,0.0,90.0,90.0,1
2025-04-11 15:46:33,25.84,5.94,3.1,0.7,7.2,0.0,0.0,0.0,0.0,0.0,27.9,41.7,19.6,32.0,-128.7,20.9,0.0,1.0,1.0,1.0,0.0,0.0,1.0,0.0,90.0,90.0,1
2025-04-11 15:46:34,25.84,5.94,3.1,0.7,7.4,0.0,0.0,0.0,0.0,0.0,27.9,41.7,19.6,32.0,-128.7,20.9,0.0,1.0,1.0,1.0,0.0,0.0,1.0,0.0,90.0,90.0,1
2025-04-11 15:46:35,25.84,5.94,3.1,0.7,7.0,0.0,0.0,0.0,0.0,0.0,27.9,41.7,19.6,32.0,-128.7,20.9,0.0,1.0,1.0,1.0,0.0,0.0,1.0,0.0,90.0,90.0,1
2025-04-11 15:46:36,25.84,5.95,3.1,0.7,6.9,0.0,0.0,0.0,0.0,0.0,27.9,41.7,19.6,32.0,-128.7,20.9,0.0,1.0,1.0,1.0,0.0,0.0,1.0,0.0,90.0,90.0,1
2025-04-11 15:46:37,25.88,5.94,3.1,0.7,7.7,0.0,0.0,0.0,0.0,0.0,27.9,41.7,19.5,32.0,-128.7,20.9,0.0,1.0,1.0,1.0,0.0,0.0,1.0,0.0,90.0,90.0,1
2025-04-11 15:46:38,25.88,5.94,3.1,0.7,7.099999,0.0,0.0,0.0,0.0,0.0,27.9,41.7,19.5,32.0,-128.7,20.9,0.0,1.0,1.0,1.0,0.0,0.0,1.0,0.0,90.0,90.0,1
2025-04-11 15:46:39,25.87,5.95,3.1,0.7,7.099999,0.0,0.0,0.0,0.0,0.0,27.9,41.7,19.5,32.0,-128.7,20.9,0.0,1.0,1.0,1.0,0.0,0.0,1.0,0.0,90.0,90.0,1
2025-04-11 15:46:40,25.84,5.94,3.1,0.7,7.7,0.0,0.0,0.0,0.0,0.0,27.9,41.7,19.5,32.0,-128.7,20.9,0.0,1.0,1.0,1.0,0.0,0.0,1.0,0.0,90.0,90.0,1
2025-04-11 15:46:41,25.84,5.94,3.1,0.7,7.599999,0.0,0.0,0.0,0.0,0.0,27.9,41.7,19.5,32.0,-128.7,20.9,0.0,1.0,1.0,1.0,0.0,0.0,1.0,0.0,90.0,90.0,1
2025-04-11 15:46:42,25.86,5.94,3.1,0.7,7.0,0.0,0.0,0.0,0.0,0.0,27.9,41.7,19.5,32.0,-128.7,20.9,0.0,1.0,1.0,1.0,0.0,0.0,1.0,0.0,90.0,90.0,1
2025-04-11 15:46:43,25.88,5.94,3.1,0.7,7.0,0.0,0.0,0.0,0.0,0.0,27.9,41.7,19.5,32.0,-128.7,21.0,0.0,1.0,1.0,1.0,0.0,0.0,1.0,0.0,90.0,90.0,1
2025-04-11 15:46:44,25.86,5.95,3.1,0.7,7.2,0.0,0.0,0.0,0.0,0.0,27.9,41.7,19.5,32.0,-128.7,20.9,0.0,1.0,1.0,1.0,0.0,0.0,1.0,0.0,90.0,90.0,1
2025-04-11 15:46:45,25.87,5.94,3.1,0.7,7.099999,0.0,0.0,0.0,0.0,0.0,27.9,41.8,19.5,32.0,-128.7,20.9,0.0,1.0,1.0,1.0,0.0,0.0,1.0,0.0,90.0,90.0,1
2025-04-11 15:46:46,25.88,5.95,3.1,0.7,7.7,0.0,0.0,0.0,0.0,0.0,27.9,41.8,19.5,32.0,-128.7,20.9,0.0,1.0,1.0,1.0,0.0,0.0,1.0,0.0,90.0,90.0,1
2025-04-11 15:46:47,25.88,5.94,3.1,0.7,7.3,0.0,0.0,0.0,0.0,0.0,27.9,41.8,19.5,32.0,-128.7,20.9,0.0,1.0,1.0,1.0,0.0,0.0,1.0,0.0,90.0,90.0,1
2025-04-11 15:46:48,25.87,5.94,3.1,0.7,6.8,0.0,0.0,0.0,0.0,0.0,27.9,41.8,19.5,32.0,-128.7,20.9,0.0,1.0,1.0,1.0,0.0,0.0,1.0,0.0,90.0,90.0,1
2025-04-11 15:46:49,25.88,5.96,3.1,0.7,7.7,0.0,0.0,0.0,0.0,0.0,27.9,41.8,19.5,32.1,-128.7,20.9,0.0,1.0,1.0,1.0,0.0,0.0,1.0,0.0,90.0,90.0,1
2025-04-11 15:46:50,25.89,5.94,3.1,0.7,7.2,0.0,0.0,0.0,0.0,0.0,27.9,41.8,19.5,32.1,-128.7,21.0,0.0,1.0,1.0,1.0,0.0,0.0,1.0,0.0,90.0,90.0,1
2025-04-11 15:46:51,25.89,5.95,3.2,0.7,7.7,0.0,0.0,0.0,0.0,0.0,27.9,41.8,19.5,32.1,-128.7,21.0,0.0,1.0,1.0,1.0,0.0,0.0,1.0,0.0,90.0,90.0,1
2025-04-11 15:46:52,25.89,5.94,3.1,0.7,7.4,0.0,0.0,0.0,0.0,0.0,27.9,41.8,19.5,32.1,-128.7,21.0,0.0,1.0,1.0,1.0,0.0,0.0,1.0,0.0,90.0,90.0,1
2025-04-11 15:46:53,25.89,5.95,3.1,0.7,7.2,0.0,0.0,0.0,0.0,0.0,27.9,41.8,19.5,32.1,-128.7,21.0,0.0,1.0,1.0,1.0,0.0,0.0,1.0,0.0,90.0,90.0,1
2025-04-11 15:46:54,25.88,5.95,3.1,0.7,7.3,0.0,0.0,0.0,0.0,0.0,27.9,41.8,19.5,32.1,-128.7,21.0,0.0,1.0,1.0,1.0,0.0,0.0,1.0,0.0,90.0,90.0,1
2025-04-11 15:46:55,25.88,5.94,3.1,0.7,7.099999,0.0,0.0,0.0,0.0,0.0,27.9,41.8,19.5,32.1,-128.7,21.0,0.0,1.0,1.0,1.0,0.0,0.0,1.0,0.0,90.0,90.0,1
2025-04-11 15:46:56,25.89,5.96,3.1,0.7,7.5,0.0,0.0,0.0,0.0,0.0,27.9,41.8,19.5,32.1,-128.7,21.0,0.0,1.0,1.0,1.0,0.0,0.0,1.0,0.0,90.0,90.0,1
2025-04-11 15:46:57,25.89,5.94,3.2,0.7,8.099999,0.0,0.0,0.0,0.0,0.0,27.9,41.8,19.5,32.1,-128.7,21.0,0.0,1.0,1.0,1.0,0.0,0.0,1.0,0.0,90.0,90.0,1
2025-04-11 15:46:58,25.92,5.94,3.1,0.7,7.3,0.0,0.0,0.0,0.0,0.0,27.9,41.8,19.5,32.1,-128.7,21.0,0.0,1.0,1.0,1.0,0.0,0.0,1.0,0.0,90.0,90.0,1
2025-04-11 15:46:59,25.9,5.95,3.1,0.7,7.9,0.0,0.0,0.0,0.0,0.0,27.9,41.8,19.4,32.1,-128.7,21.0,0.0,1.0,1.0,1.0,0.0,0.0,1.0,0.0,90.0,90.0,1
2025-04-11 15:47:00,25.9,5.94,3.1,0.7,7.599999,0.0,0.0,0.0,0.0,0.0,27.9,41.8,19.4,32.1,-128.7,21.0,0.0,1.0,1.0,1.0,0.0,0.0,1.0,0.0,90.0,90.0,1
2025-04-11 15:47:01,25.92,5.95,3.1,0.7,6.9,0.0,0.0,0.0,0.0,0.0,27.9,41.8,19.4,32.1,-128.7,21.0,0.0,1.0,1.0,1.0,0.0,0.0,1.0,0.0,90.0,90.0,1
2025-04-11 15:47:02,25.92,5.95,3.1,0.7,7.7,0.0,0.0,0.0,0.0,0.0,27.9,41.8,19.4,32.1,-128.7,21.0,0.0,1.0,1.0,1.0,0.0,0.0,1.0,0.0,90.0,90.0,1
2025-04-11 15:47:03,25.9,5.95,3.1,0.7,7.099999,0.0,0.0,0.0,0.0,0.0,27.9,41.8,19.4,32.1,-128.7,21.0,0.0,1.0,1.0,1.0,0.0,0.0,1.0,0.0,90.0,90.0,1
2025-04-11 15:47:04,25.88,5.94,3.1,0.7,7.0,0.0,0.0,0.0,0.0,0.0,27.9,41.8,19.4,32.1,-128.7,21.0,0.0,1.0,1.0,1.0,0.0,0.0,1.0,0.0,90.0,90.0,1
2025-04-11 15:47:05,25.89,5.94,3.1,0.7,7.4,0.0,0.0,0.0,0.0,0.0,27.9,41.8,19.4,32.1,-128.7,21.0,0.0,1.0,1.0,1.0,0.0,0.0,1.0,0.0,90.0,90.0,1
2025-04-11 15:47:06,25.9,5.95,3.1,0.7,7.2,0.0,0.0,0.0,0.0,0.0,27.9,41.8,19.4,32.1,-128.7,21.0,0.0,1.0,1.0,1.0,0.0,0.0,1.0,0.0,90.0,90.0,1
2025-04-11 15:47:07,25.89,5.94,3.1,0.7,7.599999,0.0,0.0,0.0,0.0,0.0,27.9,41.8,19.4,32.1,-128.7,21.0,0.0,1.0,1.0,1.0,0.0,0.0,1.0,0.0,90.0,90.0,1
2025-04-11 15:47:08,25.89,5.94,3.1,0.7,7.8,0.0,0.0,0.0,0.0,0.0,27.9,41.8,19.4,32.1,-128.7,21.0,0.0,1.0,1.0,1.0,0.0,0.0,1.0,0.0,90.0,90.0,1
2025-04-11 15:47:09,25.89,5.94,3.1,0.7,8.099999,0.0,0.0,0.0,0.0,0.0,27.9,41.8,19.4,32.1,-128.7,21.0,0.0,1.0,1.0,1.0,0.0,0.0,1.0,0.0,90.0,90.0,1
2025-04-11 15:47:10,25.89,5.94,3.1,0.7,7.2,0.0,0.0,0.0,0.0,0.0,27.9,41.8,19.4,32.1,-128.7,21.0,0.0,1.0,1.0,1.0,0.0,0.0,1.0,0.0,90.0,90.0,1
2025-04-11 15:47:11,25.9,5.94,3.1,0.7,7.599999,0.0,0.0,0.0,0.0,0.0,27.9,41.8,19.4,32.1,-128.7,21.0,0.0,1.0,1.0,1.0,0.0,0.0,1.0,0.0,90.0,90.0,1
2025-04-11 15:47:12,25.88,5.93,3.1,0.7,7.7,0.0,0.0,0.0,0.0,0.0,27.9,41.8,19.4,32.1,-128.7,21.0,0.0,1.0,1.0,1.0,0.0,0.0,1.0,0.0,90.0,90.0,1
2025-04-11 15:47:13,25.9,5.94,3.1,0.7,7.5,0.0,0.0,0.0,0.0,0.0,27.9,41.8,19.4,32.1,-128.7,21.0,0.0,1.0,1.0,1.0,0.0,0.0,1.0,0.0,90.0,90.0,1
2025-04-11 15:47:14,25.9,5.94,3.1,0.7,7.4,0.0,0.0,0.0,0.0,0.0,27.9,41.8,19.4,32.1,-128.7,21.0,0.0,1.0,1.0,1.0,0.0,0.0,1.0,0.0,90.0,90.0,1
2025-04-11 15:47:15,25.92,5.93,3.1,0.7,7.7,0.0,0.0,0.0,0.0,0.0,27.9,41.8,19.4,32.1,-128.7,21.0,0.0,1.0,1.0,1.0,0.0,0.0,1.0,0.0,90.0,90.0,1
2025-04-11 15:47:16,25.9,5.94,3.1,0.7,7.4,0.0,0.0,0.0,0.0,0.0,27.9,41.8,19.4,32.1,-128.7,21.0,0.0,1.0,1.0,1.0,0.0,0.0,1.0,0.0,90.0,90.0,1
2025-04-11 15:47:17,25.89,5.94,3.1,0.7,7.8,0.0,0.0,0.0,0.0,0.0,27.9,41.9,19.4,32.1,-128.7,21.1,0.0,1.0,1.0,1.0,0.0,0.0,1.0,0.0,90.0,90.0,1
2025-04-11 15:47:18,25.88,5.93,3.1,0.7,7.8,0.0,0.0,0.0,0.0,0.0,27.9,41.9,19.4,32.1,-128.7,21.1,0.0,1.0,1.0,1.0,0.0,0.0,1.0,0.0,90.0,90.0,1
2025-04-11 15:47:19,25.88,5.94,3.1,0.7,7.7,0.0,0.0,0.0,0.0,0.0,27.9,41.9,19.4,32.1,-128.7,21.0,0.0,1.0,1.0,1.0,0.0,0.0,1.0,0.0,90.0,90.0,1
2025-04-11 15:47:20,25.89,5.93,3.1,0.7,7.7,0.0,0.0,0.0,0.0,0.0,27.9,41.9,19.4,32.1,-128.7,21.1,0.0,1.0,1.0,1.0,0.0,0.0,1.0,0.0,90.0,90.0,1
2025-04-11 15:47:21,25.89,5.94,3.2,0.7,7.3,0.0,0.0,0.0,0.0,0.0,27.9,41.9,19.3,32.1,-128.7,21.1,0.0,1.0,1.0,1.0,0.0,0.0,1.0,0.0,90.0,90.0,1
2025-04-11 15:47:22,25.9,5.92,3.1,0.7,7.9,0.0,0.0,0.0,0.0,0.0,27.9,41.9,19.3,32.1,-128.7,21.1,0.0,1.0,1.0,1.0,0.0,0.0,1.0,0.0,90.0,90.0,1
2025-04-11 15:47:23,25.89,5.93,3.1,0.7,7.2,0.0,0.0,0.0,0.0,0.0,27.9,41.9,19.3,32.1,-128.7,21.1,0.0,1.0,1.0,1.0,0.0,0.0,1.0,0.0,90.0,90.0,1
2025-04-11 15:47:24,25.93,5.94,3.1,0.7,7.7,0.0,0.0,0.0,0.0,0.0,27.9,41.9,19.3,32.1,-128.7,21.0,0.0,1.0,1.0,1.0,0.0,0.0,1.0,0.0,90.0,90.0,1
2025-04-11 15:47:25,25.92,5.91,3.1,0.7,7.0,0.0,0.0,0.0,0.0,0.0,27.9,41.9,19.3,32.1,-128.7,21.2,0.0,1.0,1.0,1.0,0.0,0.0,1.0,0.0,90.0,90.0,1
2025-04-11 15:47:26,25.9,5.93,3.1,0.7,7.5,0.0,0.0,0.0,0.0,0.0,27.9,41.9,19.3,32.1,-128.7,21.1,0.0,1.0,1.0,1.0,0.0,0.0,1.0,0.0,90.0,90.0,1
2025-04-11 15:47:27,25.9,5.92,3.1,0.7,7.2,0.0,0.0,0.0,0.0,0.0,27.9,41.9,19.3,32.1,-128.7,21.1,0.0,1.0,1.0,1.0,0.0,0.0,1.0,0.0,90.0,90.0,1
2025-04-11 15:47:28,25.92,5.92,3.1,0.7,7.3,0.0,0.0,0.0,0.0,0.0,27.9,41.9,19.3,32.1,-128.7,21.1,0.0,1.0,1.0,1.0,0.0,0.0,1.0,0.0,90.0,90.0,1
2025-04-11 15:47:29,25.89,5.91,3.1,0.7,7.099999,0.0,0.0,0.0,0.0,0.0,27.9,41.9,19.3,32.1,-128.7,21.1,0.0,1.0,1.0,1.0,0.0,0.0,1.0,0.0,90.0,90.0,1
2025-04-11 15:47:30,25.89,5.91,3.1,0.7,7.5,0.0,0.0,0.0,0.0,0.0,27.9,41.9,19.3,32.1,-128.7,21.2,0.0,1.0,1.0,1.0,0.0,0.0,1.0,0.0,90.0,90.0,1
2025-04-11 15:47:31,25.87,5.93,3.1,0.7,7.599999,0.0,0.0,0.0,0.0,0.0,27.9,41.9,19.3,32.1,-128.7,21.1,0.0,1.0,1.0,1.0,0.0,0.0,1.0,0.0,90.0,90.0,1
2025-04-11 15:47:32,25.88,5.91,3.1,0.7,7.7,0.0,0.0,0.0,0.0,0.0,27.9,41.9,19.3,32.1,-128.7,21.2,0.0,1.0,1.0,1.0,0.0,0.0,1.0,0.0,90.0,90.0,1
2025-04-11 15:47:33,25.9,5.93,3.1,0.7,7.4,0.0,0.0,0.0,0.0,0.0,27.9,41.9,19.3,32.1,-128.7,21.1,0.0,1.0,1.0,1.0,0.0,0.0,1.0,0.0,90.0,90.0,1
2025-04-11 15:47:34,25.9,5.92,3.1,0.7,7.599999,0.0,0.0,0.0,0.0,0.0,27.9,41.9,19.2,32.1,-128.7,21.1,0.0,1.0,1.0,1.0,0.0,0.0,1.0,0.0,90.0,90.0,1
2025-04-11 15:47:35,25.9,5.92,3.1,0.7,7.2,0.0,0.0,0.0,0.0,0.0,27.9,41.9,19.2,32.1,-128.7,21.1,0.0,1.0,1.0,1.0,0.0,0.0,1.0,0.0,90.0,90.0,1
2025-04-11 15:47:36,25.88,5.92,3.1,0.7,7.2,0.0,0.0,0.0,0.0,0.0,27.9,41.9,19.2,32.1,-128.7,21.1,0.0,1.0,1.0,1.0,0.0,0.0,1.0,0.0,90.0,90.0,1
2025-04-11 15:47:37,25.89,5.91,3.1,0.7,7.9,0.0,0.0,0.0,0.0,0.0,27.9,41.9,19.2,32.1,-128.7,21.2,0.0,1.0,1.0,1.0,0.0,0.0,1.0,0.0,90.0,90.0,1
2025-04-11 15:47:38,25.9,5.93,3.1,0.7,7.599999,0.0,0.0,0.0,0.0,0.0,27.9,41.9,19.2,32.1,-128.7,21.1,0.0,1.0,1.0,1.0,0.0,0.0,1.0,0.0,90.0,90.0,1
2025-04-11 15:47:39,25.92,5.91,3.1,0.7,7.099999,0.0,0.0,0.0,0.0,0.0,27.9,41.9,19.2,32.1,-128.7,21.1,0.0,1.0,1.0,1.0,0.0,0.0,1.0,0.0,90.0,90.0,1
2025-04-11 15:47:40,25.93,5.93,3.1,0.7,7.8,0.0,0.0,0.0,0.0,0.0,27.9,41.9,19.2,32.1,-128.7,21.1,0.0,1.0,1.0,1.0,0.0,0.0,1.0,0.0,90.0,90.0,1
2025-04-11 15:47:41,25.92,5.92,3.1,0.7,7.9,0.0,0.0,0.0,0.0,0.0,27.9,41.9,19.2,32.1,-128.7,21.0,0.0,1.0,1.0,1.0,0.0,0.0,1.0,0.0,90.0,90.0,1
2025-04-11 15:47:42,25.92,5.92,3.1,0.7,7.599999,0.0,0.0,0.0,0.0,0.0,27.9,41.9,19.2,32.1,-128.7,21.2,0.0,1.0,1.0,1.0,0.0,0.0,1.0,0.0,90.0,90.0,1
2025-04-11 15:47:43,25.94,5.93,3.1,0.7,7.9,0.0,0.0,0.0,0.0,0.0,27.9,41.9,19.2,32.1,-128.7,21.1,0.0,1.0,1.0,1.0,0.0,0.0,1.0,0.0,90.0,90.0,1
2025-04-11 15:47:44,25.93,5.93,3.1,0.7,7.8,0.0,0.0,0.0,0.0,0.0,27.9,41.9,19.1,32.1,-128.7,21.1,0.0,1.0,1.0,1.0,0.0,0.0,1.0,0.0,90.0,90.0,1
2025-04-11 15:47:45,25.93,5.93,3.1,0.7,7.3,0.0,0.0,0.0,0.0,0.0,27.9,42.0,19.1,32.1,-128.7,21.0,0.0,1.0,1.0,1.0,0.0,0.0,1.0,0.0,90.0,90.0,1
2025-04-11 15:47:46,25.92,5.93,3.1,0.7,7.599999,0.0,0.0,0.0,0.0,0.0,27.9,42.0,19.1,32.1,-128.7,21.1,0.0,1.0,1.0,1.0,0.0,0.0,1.0,0.0,90.0,90.0,1
2025-04-11 15:47:47,25.92,5.92,3.1,0.7,7.7,0.0,0.0,0.0,0.0,0.0,27.9,42.0,19.1,32.1,-128.7,21.1,0.0,1.0,1.0,1.0,0.0,0.0,1.0,0.0,90.0,90.0,1
2025-04-11 15:47:48,25.94,5.94,3.1,0.7,7.8,0.0,0.0,0.0,0.0,0.0,27.9,42.0,19.1,32.1,-128.7,21.0,0.0,1.0,1.0,1.0,0.0,0.0,1.0,0.0,90.0,90.0,1
2025-04-11 15:47:49,25.95,5.93,3.1,0.7,7.5,0.0,0.0,0.0,0.0,0.0,27.9,42.0,19.1,32.1,-128.7,21.1,0.0,1.0,1.0,1.0,0.0,0.0,1.0,0.0,90.0,90.0,1
2025-04-11 15:47:50,25.95,5.94,3.1,0.7,7.599999,0.0,0.0,0.0,0.0,0.0,27.9,42.0,19.1,32.1,-128.7,21.1,0.0,1.0,1.0,1.0,0.0,0.0,1.0,0.0,90.0,90.0,1
2025-04-11 15:47:51,25.95,5.93,3.1,0.7,8.0,0.0,0.0,0.0,0.0,0.0,27.9,42.0,19.1,32.1,-128.7,21.1,0.0,1.0,1.0,1.0,0.0,0.0,1.0,0.0,90.0,90.0,1
2025-04-11 15:47:52,25.97,5.94,3.1,0.7,7.599999,0.0,0.0,0.0,0.0,0.0,27.9,42.0,19.1,32.1,-128.7,21.0,0.0,1.0,1.0,1.0,0.0,0.0,1.0,0.0,90.0,90.0,1
2025-04-11 15:47:53,25.97,5.94,3.1,0.7,7.7,0.0,0.0,0.0,0.0,0.0,27.9,42.0,19.0,32.1,-128.7,21.0,0.0,1.0,1.0,1.0,0.0,0.0,1.0,0.0,90.0,90.0,1
2025-04-11 15:47:54,25.99,5.94,3.1,0.7,7.7,0.0,0.0,0.0,0.0,0.0,27.9,42.0,19.0,32.1,-128.7,21.0,0.0,1.0,1.0,1.0,0.0,0.0,1.0,0.0,90.0,90.0,1
2025-04-11 15:47:55,26.01,5.94,3.1,0.7,7.4,0.0,0.0,0.0,0.0,0.0,27.9,42.0,19.0,32.1,-128.7,21.0,0.0,1.0,1.0,1.0,0.0,0.0,1.0,0.0,90.0,90.0,1
2025-04-11 15:47:56,25.99,5.94,3.1,0.7,7.2,0.0,0.0,0.0,0.0,0.0,27.9,42.0,19.0,32.1,-128.7,21.0,0.0,1.0,1.0,1.0,0.0,0.0,1.0,0.0,90.0,90.0,1
2025-04-11 15:47:57,25.99,5.94,3.1,0.7,7.4,0.0,0.0,0.0,0.0,0.0,27.9,42.0,19.0,32.1,-128.7,21.0,0.0,1.0,1.0,1.0,0.0,0.0,1.0,0.0,90.0,90.0,1
2025-04-11 15:47:58,25.98,5.94,3.1,0.7,7.3,0.0,0.0,0.0,0.0,0.0,27.9,42.1,19.0,32.1,-128.7,21.0,0.0,1.0,1.0,1.0,0.0,0.0,1.0,0.0,90.0,90.0,1
2025-04-11 15:47:59,25.99,5.95,3.1,0.7,7.599999,0.0,0.0,0.0,0.0,0.0,27.9,42.1,19.0,32.1,-128.7,21.0,0.0,1.0,1.0,1.0,0.0,0.0,1.0,0.0,90.0,90.0,1
2025-04-11 15:48:00,26.0,5.94,3.1,0.7,7.2,0.0,0.0,0.0,0.0,0.0,27.9,42.1,19.0,32.1,-128.7,21.0,0.0,1.0,1.0,1.0,0.0,0.0,1.0,0.0,90.0,90.0,1
2025-04-11 15:48:01,25.99,5.94,3.1,0.7,7.099999,0.0,0.0,0.0,0.0,0.0,27.9,42.1,19.0,32.1,-128.7,21.0,0.0,1.0,1.0,1.0,0.0,0.0,1.0,0.0,90.0,90.0,1
2025-04-11 15:48:02,26.0,5.95,3.1,0.7,7.4,0.0,0.0,0.0,0.0,0.0,27.9,42.1,18.9,32.0,-128.7,20.9,0.0,1.0,1.0,1.0,0.0,0.0,1.0,0.0,90.0,90.0,1
2025-04-11 15:48:03,26.01,5.94,3.1,0.7,7.099999,0.0,0.0,0.0,0.0,0.0,27.9,42.1,18.9,32.0,-128.7,20.9,0.0,1.0,1.0,1.0,0.0,0.0,1.0,0.0,90.0,90.0,1
2025-04-11 15:48:04,26.01,5.95,3.1,0.7,7.599999,0.0,0.0,0.0,0.0,0.0,27.9,42.1,18.9,32.0,-128.7,20.9,0.0,1.0,1.0,1.0,0.0,0.0,1.0,0.0,90.0,90.0,1
2025-04-11 15:48:05,26.03,5.94,3.1,0.7,7.2,0.0,0.0,0.0,0.0,0.0,27.9,42.1,18.9,32.0,-128.7,20.9,0.0,1.0,1.0,1.0,0.0,0.0,1.0,0.0,90.0,90.0,1
2025-04-11 15:48:06,26.03,5.95,3.1,0.7,7.9,0.0,0.0,0.0,0.0,0.0,27.9,42.1,18.9,32.0,-128.7,20.9,0.0,1.0,1.0,1.0,0.0,0.0,1.0,0.0,90.0,90.0,1
2025-04-11 15:48:07,26.03,5.95,3.1,0.7,7.3,0.0,0.0,0.0,0.0,0.0,27.9,42.1,18.9,32.0,-128.7,20.8,0.0,1.0,1.0,1.0,0.0,0.0,1.0,0.0,90.0,90.0,1
2025-04-11 15:48:08,26.04,5.95,3.1,0.7,7.0,0.0,0.0,0.0,0.0,0.0,27.9,42.1,18.9,32.0,-128.7,20.9,0.0,1.0,1.0,1.0,0.0,0.0,1.0,0.0,90.0,90.0,1
2025-04-11 15:48:09,26.05,5.96,3.1,0.7,8.0,0.0,0.0,0.0,0.0,0.0,27.9,42.1,18.9,32.0,-128.7,20.8,0.0,1.0,1.0,1.0,0.0,0.0,1.0,0.0,90.0,90.0,1
2025-04-11 15:48:10,26.06,5.94,3.1,0.7,7.9,0.0,0.0,0.0,0.0,0.0,27.9,42.1,18.9,32.0,-128.7,20.9,0.0,1.0,1.0,1.0,0.0,0.0,1.0,0.0,90.0,90.0,1
2025-04-11 15:48:11,26.04,5.97,3.1,0.7,7.7,0.0,0.0,0.0,0.0,0.0,27.9,42.1,18.9,32.0,-128.7,20.8,0.0,1.0,1.0,1.0,0.0,0.0,1.0,0.0,90.0,90.0,1
2025-04-11 15:48:12,26.04,5.96,3.1,0.7,7.8,0.0,0.0,0.0,0.0,0.0,27.9,42.1,18.9,32.0,-128.7,20.8,0.0,1.0,1.0,1.0,0.0,0.0,1.0,0.0,90.0,90.0,1
2025-04-11 15:48:13,26.06,5.95,3.1,0.7,7.2,0.0,0.0,0.0,0.0,0.0,27.9,42.1,18.9,32.0,-128.7,20.8,0.0,1.0,1.0,1.0,0.0,0.0,1.0,0.0,90.0,90.0,1
2025-04-11 15:48:14,26.06,5.97,3.1,0.7,7.8,0.0,0.0,0.0,0.0,0.0,27.9,42.1,18.8,32.0,-128.7,20.8,0.0,1.0,1.0,1.0,0.0,0.0,1.0,0.0,90.0,90.0,1
2025-04-11 15:48:15,26.09,5.96,3.1,0.7,7.4,0.0,0.0,0.0,0.0,0.0,27.9,42.2,18.8,32.0,-128.7,20.9,0.0,1.0,1.0,1.0,0.0,0.0,1.0,0.0,90.0,90.0,1
2025-04-11 15:48:16,26.1,5.97,3.1,0.7,7.599999,0.0,0.0,0.0,0.0,0.0,27.9,42.2,18.8,32.0,-128.7,20.8,0.0,1.0,1.0,1.0,0.0,0.0,1.0,0.0,90.0,90.0,1
2025-04-11 15:48:17,26.09,5.96,3.1,0.7,7.5,0.0,0.0,0.0,0.0,0.0,27.9,42.2,18.8,32.0,-128.7,20.8,0.0,1.0,1.0,1.0,0.0,0.0,1.0,0.0,90.0,90.0,1
2025-04-11 15:48:18,26.08,5.97,3.1,0.7,7.9,0.0,0.0,0.0,0.0,0.0,27.9,42.2,18.8,32.0,-128.7,20.8,0.0,1.0,1.0,1.0,0.0,0.0,1.0,0.0,90.0,90.0,1
2025-04-11 15:48:19,26.09,5.95,3.1,0.7,7.5,0.0,0.0,0.0,0.0,0.0,27.9,42.2,18.8,32.0,-128.7,20.9,0.0,1.0,1.0,1.0,0.0,0.0,1.0,0.0,90.0,90.0,1
2025-04-11 15:48:20,26.11,5.97,3.1,0.7,7.0,0.0,0.0,0.0,0.0,0.0,27.9,42.2,18.8,32.0,-128.7,20.9,0.0,1.0,1.0,1.0,0.0,0.0,1.0,0.0,90.0,90.0,1
2025-04-11 15:48:21,26.11,5.97,3.1,0.7,7.5,0.0,0.0,0.0,0.0,0.0,27.9,42.2,18.8,32.0,-128.7,20.8,0.0,1.0,1.0,1.0,0.0,0.0,1.0,0.0,90.0,90.0,1
2025-04-11 15:48:22,26.11,5.95,3.1,0.7,7.4,0.0,0.0,0.0,0.0,0.0,27.9,42.2,18.8,32.0,-128.7,20.8,0.0,1.0,1.0,1.0,0.0,0.0,1.0,0.0,90.0,90.0,1
2025-04-11 15:48:23,26.11,5.96,3.1,0.7,7.3,0.0,0.0,0.0,0.0,0.0,27.9,42.2,18.8,32.0,-128.7,20.8,0.0,1.0,1.0,1.0,0.0,0.0,1.0,0.0,90.0,90.0,1
2025-04-11 15:48:24,26.11,5.96,3.1,0.7,7.4,0.0,0.0,0.0,0.0,0.0,27.9,42.2,18.8,32.0,-128.7,20.8,0.0,1.0,1.0,1.0,0.0,0.0,1.0,0.0,90.0,90.0,1
2025-04-11 15:48:25,26.11,5.97,3.1,0.7,7.099999,0.0,0.0,0.0,0.0,0.0,27.9,42.2,18.7,32.0,-128.7,20.8,0.0,1.0,1.0,1.0,0.0,0.0,1.0,0.0,90.0,90.0,1
2025-04-11 15:48:26,26.12,5.95,3.1,0.7,7.4,0.0,0.0,0.0,0.0,0.0,27.9,42.3,18.7,31.9,-128.7,20.7,0.0,1.0,1.0,1.0,0.0,0.0,1.0,0.0,90.0,90.0,1
2025-04-11 15:48:27,26.15,5.97,3.1,0.7,7.599999,0.0,0.0,0.0,0.0,0.0,27.9,42.3,18.7,31.9,-128.7,20.7,0.0,1.0,1.0,1.0,0.0,0.0,1.0,0.0,90.0,90.0,1
2025-04-11 15:48:28,26.14,5.97,3.1,0.7,7.4,0.0,0.0,0.0,0.0,0.0,27.9,42.3,18.7,31.9,-128.7,20.6,0.0,1.0,1.0,1.0,0.0,0.0,1.0,0.0,90.0,90.0,1
2025-04-11 15:48:29,26.14,5.97,3.2,0.7,7.4,0.0,0.0,0.0,0.0,0.0,27.9,42.3,18.7,31.9,-128.7,20.7,0.0,1.0,1.0,1.0,0.0,0.0,1.0,0.0,90.0,90.0,1
2025-04-11 15:48:30,26.15,5.97,3.2,0.7,8.0,0.0,0.0,0.0,0.0,0.0,27.9,42.3,18.7,31.9,-128.7,20.7,0.0,1.0,1.0,1.0,0.0,0.0,1.0,0.0,90.0,90.0,1
2025-04-11 15:48:31,26.17,5.96,3.1,0.7,7.5,0.0,0.0,0.0,0.0,0.0,27.9,42.3,18.7,31.9,-128.7,20.7,0.0,1.0,1.0,1.0,0.0,0.0,1.0,0.0,90.0,90.0,1
2025-04-11 15:48:32,26.16,5.97,3.2,0.7,6.9,0.0,0.0,0.0,0.0,0.0,27.9,42.3,18.7,31.9,-128.7,20.7,0.0,1.0,1.0,1.0,0.0,0.0,1.0,0.0,90.0,90.0,1
2025-04-11 15:48:33,26.19,5.97,3.1,0.7,7.2,0.0,0.0,0.0,0.0,0.0,27.9,42.3,18.7,31.9,-128.7,20.7,0.0,1.0,1.0,1.0,0.0,0.0,1.0,0.0,90.0,90.0,1
2025-04-11 15:48:34,26.17,5.97,3.1,0.7,7.599999,0.0,0.0,0.0,0.0,0.0,27.9,42.3,18.7,31.9,-128.7,20.7,0.0,1.0,1.0,1.0,0.0,0.0,1.0,0.0,90.0,90.0,1
2025-04-11 15:48:35,26.17,5.97,3.1,0.7,7.4,0.0,0.0,0.0,0.0,0.0,27.9,42.3,18.7,31.9,-128.7,20.6,0.0,1.0,1.0,1.0,0.0,0.0,1.0,0.0,90.0,90.0,1
2025-04-11 15:48:36,26.16,5.97,3.1,0.7,7.099999,0.0,0.0,0.0,0.0,0.0,27.9,42.3,18.6,31.9,-128.7,20.7,0.0,1.0,1.0,1.0,0.0,0.0,1.0,0.0,90.0,90.0,1
2025-04-11 15:48:37,26.17,5.98,3.1,0.7,7.8,0.0,0.0,0.0,0.0,0.0,27.9,42.3,18.6,31.9,-128.7,20.7,0.0,1.0,1.0,1.0,0.0,0.0,1.0,0.0,90.0,90.0,1
2025-04-11 15:48:38,26.19,5.97,3.1,0.7,7.7,0.0,0.0,0.0,0.0,0.0,27.9,42.3,18.6,31.9,-128.7,20.7,0.0,1.0,1.0,1.0,0.0,0.0,1.0,0.0,90.0,90.0,1
2025-04-11 15:48:39,26.19,5.98,3.1,0.7,7.0,0.0,0.0,0.0,0.0,0.0,27.9,42.3,18.6,31.9,-128.7,20.7,0.0,1.0,1.0,1.0,0.0,0.0,1.0,0.0,90.0,90.0,1
2025-04-11 15:48:40,26.19,5.97,3.1,0.7,7.4,0.0,0.0,0.0,0.0,0.0,27.9,42.3,18.6,31.9,-128.7,20.7,0.0,1.0,1.0,1.0,0.0,0.0,1.0,0.0,90.0,90.0,1
2025-04-11 15:48:41,26.2,5.97,3.2,0.7,7.8,0.0,0.0,0.0,0.0,0.0,27.9,42.3,18.6,31.9,-128.7,20.7,0.0,1.0,1.0,1.0,0.0,0.0,1.0,0.0,90.0,90.0,1
2025-04-11 15:48:42,26.16,5.97,3.1,0.7,7.5,0.0,0.0,0.0,0.0,0.0,27.9,42.3,18.6,31.9,-128.7,20.7,0.0,1.0,1.0,1.0,0.0,0.0,1.0,0.0,90.0,90.0,1
2025-04-11 15:48:43,26.16,5.97,3.2,0.7,7.599999,0.0,0.0,0.0,0.0,0.0,27.9,42.3,18.6,31.9,-128.7,20.7,0.0,1.0,1.0,1.0,0.0,0.0,1.0,0.0,90.0,90.0,1
2025-04-11 15:48:44,26.14,5.97,3.1,0.7,7.3,0.0,0.0,0.0,0.0,0.0,27.9,42.3,18.6,31.9,-128.7,20.7,0.0,1.0,1.0,1.0,0.0,0.0,1.0,0.0,90.0,90.0,1
2025-04-11 15:48:45,26.15,5.96,3.1,0.7,7.7,0.0,0.0,0.0,0.0,0.0,27.9,42.3,18.5,31.8,-128.7,20.6,0.0,1.0,1.0,1.0,0.0,0.0,1.0,0.0,90.0,90.0,1
2025-04-11 15:48:46,26.16,5.97,3.1,0.7,7.099999,0.0,0.0,0.0,0.0,0.0,27.9,42.3,18.5,31.8,-128.7,20.6,0.0,1.0,1.0,1.0,0.0,0.0,1.0,0.0,90.0,90.0,1
2025-04-11 15:48:47,26.14,5.96,3.1,0.7,7.099999,0.0,0.0,0.0,0.0,0.0,27.9,42.3,18.5,31.8,-128.7,20.6,0.0,1.0,1.0,1.0,0.0,0.0,1.0,0.0,90.0,90.0,1
2025-04-11 15:48:48,26.14,5.97,3.1,0.7,7.9,0.0,0.0,0.0,0.0,0.0,27.9,42.3,18.5,31.8,-128.7,20.6,0.0,1.0,1.0,1.0,0.0,0.0,1.0,0.0,90.0,90.0,1
2025-04-11 15:48:49,26.12,5.96,3.1,0.7,7.599999,0.0,0.0,0.0,0.0,0.0,27.9,42.3,18.5,31.8,-128.7,20.6,0.0,1.0,1.0,1.0,0.0,0.0,1.0,0.0,90.0,90.0,1
2025-04-11 15:48:50,26.14,5.95,3.1,0.7,7.3,0.0,0.0,0.0,0.0,0.0,27.9,42.3,18.5,31.8,-128.7,20.7,0.0,1.0,1.0,1.0,0.0,0.0,1.0,0.0,90.0,90.0,1
2025-04-11 15:48:51,26.14,5.97,3.1,0.7,8.099999,0.0,0.0,0.0,0.0,0.0,27.9,42.3,18.5,31.8,-128.7,20.6,0.0,1.0,1.0,1.0,0.0,0.0,1.0,0.0,90.0,90.0,1
2025-04-11 15:48:52,26.14,5.95,3.1,0.7,7.3,0.0,0.0,0.0,0.0,0.0,27.9,42.3,18.5,31.8,-128.7,20.6,0.0,1.0,1.0,1.0,0.0,0.0,1.0,0.0,90.0,90.0,1
2025-04-11 15:48:53,26.15,5.96,3.1,0.7,7.5,0.0,0.0,0.0,0.0,0.0,27.9,42.3,18.5,31.8,-128.7,20.6,0.0,1.0,1.0,1.0,0.0,0.0,1.0,0.0,90.0,90.0,1
2025-04-11 15:48:54,26.14,5.95,3.1,0.7,7.9,0.0,0.0,0.0,0.0,0.0,27.9,42.3,18.5,31.8,-128.7,20.6,0.0,1.0,1.0,1.0,0.0,0.0,1.0,0.0,90.0,90.0,1
2025-04-11 15:48:55,26.12,5.96,3.2,0.7,7.7,0.0,0.0,0.0,0.0,0.0,27.9,42.3,18.5,31.8,-128.7,20.7,0.0,1.0,1.0,1.0,0.0,0.0,1.0,0.0,90.0,90.0,1
2025-04-11 15:48:56,26.14,5.95,3.1,0.7,7.7,0.0,0.0,0.0,0.0,0.0,27.9,42.3,18.5,31.8,-128.7,20.6,0.0,1.0,1.0,1.0,0.0,0.0,1.0,0.0,90.0,90.0,1
2025-04-11 15:48:57,26.15,5.95,3.1,0.7,7.599999,0.0,0.0,0.0,0.0,0.0,27.9,42.3,18.5,31.8,-128.7,20.7,0.0,1.0,1.0,1.0,0.0,0.0,1.0,0.0,90.0,90.0,1
2025-04-11 15:48:58,26.16,5.96,3.1,0.7,7.2,0.0,0.0,0.0,0.0,0.0,27.9,42.3,18.4,31.8,-128.7,20.7,0.0,1.0,1.0,1.0,0.0,0.0,1.0,0.0,90.0,90.0,1
2025-04-11 15:48:59,26.15,5.94,3.1,0.7,7.2,0.0,0.0,0.0,0.0,0.0,27.9,42.3,18.4,31.8,-128.7,20.7,0.0,1.0,1.0,1.0,0.0,0.0,1.0,0.0,90.0,90.0,1
2025-04-11 15:49:00,26.14,5.95,3.2,0.7,7.2,0.0,0.0,0.0,0.0,0.0,27.9,42.3,18.4,31.8,-128.7,20.7,0.0,1.0,1.0,1.0,0.0,0.0,1.0,0.0,90.0,90.0,1
2025-04-11 15:49:01,26.14,5.95,3.1,0.7,7.4,0.0,0.0,0.0,0.0,0.0,27.9,42.3,18.4,31.8,-128.7,20.7,0.0,1.0,1.0,1.0,0.0,0.0,1.0,0.0,90.0,90.0,1
2025-04-11 15:49:02,26.12,5.94,3.1,0.7,7.8,0.0,0.0,0.0,0.0,0.0,27.9,42.3,18.4,31.8,-128.7,20.7,0.0,1.0,1.0,1.0,0.0,0.0,1.0,0.0,90.0,90.0,1
2025-04-11 15:49:03,26.12,5.94,3.1,0.7,7.099999,0.0,0.0,0.0,0.0,0.0,27.9,42.3,18.4,31.8,-128.7,20.7,0.0,1.0,1.0,1.0,0.0,0.0,1.0,0.0,90.0,90.0,1
2025-04-11 15:49:04,26.14,5.94,3.1,0.7,7.099999,0.0,0.0,0.0,0.0,0.0,27.9,42.3,18.4,31.8,-128.7,20.7,0.0,1.0,1.0,1.0,0.0,0.0,1.0,0.0,90.0,90.0,1
2025-04-11 15:49:05,26.14,5.95,3.1,0.7,7.4,0.0,0.0,0.0,0.0,0.0,27.9,42.3,18.4,31.7,-128.7,20.7,0.0,1.0,1.0,1.0,0.0,0.0,1.0,0.0,90.0,90.0,1
2025-04-11 15:49:06,26.14,5.94,3.1,0.7,7.2,0.0,0.0,0.0,0.0,0.0,27.9,42.3,18.4,31.7,-128.7,20.6,0.0,1.0,1.0,1.0,0.0,0.0,1.0,0.0,90.0,90.0,1
2025-04-11 15:49:07,26.15,5.94,3.1,0.7,7.099999,0.0,0.0,0.0,0.0,0.0,27.9,42.3,18.4,31.7,-128.7,20.6,0.0,1.0,1.0,1.0,0.0,0.0,1.0,0.0,90.0,90.0,1
2025-04-11 15:49:08,26.12,5.94,3.1,0.7,7.5,0.0,0.0,0.0,0.0,0.0,27.9,42.3,18.4,31.7,-128.7,20.6,0.0,1.0,1.0,1.0,0.0,0.0,1.0,0.0,90.0,90.0,1
2025-04-11 15:49:09,26.1,5.94,3.1,0.7,6.9,0.0,0.0,0.0,0.0,0.0,27.9,42.3,18.4,31.7,-128.7,20.6,0.0,1.0,1.0,1.0,0.0,0.0,1.0,0.0,90.0,90.0,1
2025-04-11 15:49:10,26.1,5.95,3.1,0.7,7.3,0.0,0.0,0.0,0.0,0.0,27.9,42.3,18.4,31.7,-128.7,20.6,0.0,1.0,1.0,1.0,0.0,0.0,1.0,0.0,90.0,90.0,1
2025-04-11 15:49:11,26.11,5.94,3.1,0.7,8.0,0.0,0.0,0.0,0.0,0.0,27.9,42.3,18.4,31.7,-128.7,20.7,0.0,1.0,1.0,1.0,0.0,0.0,1.0,0.0,90.0,90.0,1
2025-04-11 15:49:12,26.12,5.94,3.1,0.7,7.5,0.0,0.0,0.0,0.0,0.0,27.9,42.3,18.4,31.7,-128.7,20.6,0.0,1.0,1.0,1.0,0.0,0.0,1.0,0.0,90.0,90.0,1
2025-04-11 15:49:13,26.12,5.94,3.1,0.7,7.8,0.0,0.0,0.0,0.0,0.0,27.9,42.3,18.4,31.7,-128.7,20.6,0.0,1.0,1.0,1.0,0.0,0.0,1.0,0.0,90.0,90.0,1
2025-04-11 15:49:14,26.12,5.94,3.1,0.7,7.5,0.0,0.0,0.0,0.0,0.0,27.9,42.3,18.4,31.7,-128.7,20.7,0.0,1.0,1.0,1.0,0.0,0.0,1.0,0.0,90.0,90.0,1
2025-04-11 15:49:15,26.1,5.94,3.2,0.7,6.7,0.0,0.0,0.0,0.0,0.0,27.9,42.3,18.4,31.7,-128.7,20.6,0.0,1.0,1.0,1.0,0.0,0.0,1.0,0.0,90.0,90.0,1
2025-04-11 15:49:16,26.1,5.94,3.1,0.7,7.8,0.0,0.0,0.0,0.0,0.0,27.9,42.3,18.4,31.7,-128.7,20.7,0.0,1.0,1.0,1.0,0.0,0.0,1.0,0.0,90.0,90.0,1
2025-04-11 15:49:17,26.11,5.94,3.1,0.7,7.0,0.0,0.0,0.0,0.0,0.0,27.9,42.3,18.3,31.7,-128.7,20.6,0.0,1.0,1.0,1.0,0.0,0.0,1.0,0.0,90.0,90.0,1
2025-04-11 15:49:18,26.11,5.93,3.1,0.7,7.9,0.0,0.0,0.0,0.0,0.0,27.9,42.3,18.3,31.7,-128.7,20.7,0.0,1.0,1.0,1.0,0.0,0.0,1.0,0.0,90.0,90.0,1
2025-04-11 15:49:19,26.12,5.94,3.1,0.7,7.099999,0.0,0.0,0.0,0.0,0.0,27.9,42.3,18.3,31.7,-128.7,20.6,0.0,1.0,1.0,1.0,0.0,0.0,1.0,0.0,90.0,90.0,1
2025-04-11 15:49:20,26.11,5.93,3.2,0.7,7.9,0.0,0.0,0.0,0.0,0.0,27.9,42.3,18.3,31.7,-128.7,20.7,0.0,1.0,1.0,1.0,0.0,0.0,1.0,0.0,90.0,90.0,1
2025-04-11 15:49:21,26.09,5.94,3.2,0.7,7.7,0.0,0.0,0.0,0.0,0.0,27.9,42.3,18.3,31.7,-128.7,20.6,0.0,1.0,1.0,1.0,0.0,0.0,1.0,0.0,90.0,90.0,1
2025-04-11 15:49:22,26.11,5.94,3.1,0.7,7.2,0.0,0.0,0.0,0.0,0.0,27.9,42.3,18.3,31.7,-128.7,20.6,0.0,1.0,1.0,1.0,0.0,0.0,1.0,0.0,90.0,90.0,1
2025-04-11 15:49:23,26.12,5.94,3.2,0.7,7.9,0.0,0.0,0.0,0.0,0.0,27.9,42.3,18.3,31.7,-128.7,20.7,0.0,1.0,1.0,1.0,0.0,0.0,1.0,0.0,90.0,90.0,1
2025-04-11 15:49:24,26.14,5.93,3.1,0.7,7.2,0.0,0.0,0.0,0.0,0.0,27.9,42.3,18.3,31.7,-128.7,20.6,0.0,1.0,1.0,1.0,0.0,0.0,1.0,0.0,90.0,90.0,1
2025-04-11 15:49:25,26.11,5.94,3.1,0.7,7.4,0.0,0.0,0.0,0.0,0.0,27.9,42.3,18.3,31.7,-128.7,20.6,0.0,1.0,1.0,1.0,0.0,0.0,1.0,0.0,90.0,90.0,1
2025-04-11 15:49:26,26.1,5.94,3.1,0.7,7.099999,0.0,0.0,0.0,0.0,0.0,27.9,42.3,18.3,31.7,-128.7,20.6,0.0,1.0,1.0,1.0,0.0,0.0,1.0,0.0,90.0,90.0,1
2025-04-11 15:49:27,26.1,5.93,3.2,0.7,7.2,0.0,0.0,0.0,0.0,0.0,27.9,42.3,18.3,31.7,-128.7,20.7,0.0,1.0,1.0,1.0,0.0,0.0,1.0,0.0,90.0,90.0,1
2025-04-11 15:49:28,26.1,5.94,3.1,0.7,7.5,0.0,0.0,0.0,0.0,0.0,27.9,42.3,18.3,31.7,-128.7,20.6,0.0,1.0,1.0,1.0,0.0,0.0,1.0,0.0,90.0,90.0,1
2025-04-11 15:49:29,26.12,5.93,3.1,0.7,7.3,0.0,0.0,0.0,0.0,0.0,27.9,42.3,18.3,31.7,-128.7,20.7,0.0,1.0,1.0,1.0,0.0,0.0,1.0,0.0,90.0,90.0,1
2025-04-11 15:49:30,26.12,5.94,3.1,0.7,8.0,0.0,0.0,0.0,0.0,0.0,27.9,42.3,18.3,31.7,-128.7,20.6,0.0,1.0,1.0,1.0,0.0,0.0,1.0,0.0,90.0,90.0,1
2025-04-11 15:49:31,26.11,5.93,3.1,0.7,7.7,0.0,0.0,0.0,0.0,0.0,27.9,42.4,18.3,31.7,-128.7,20.6,0.0,1.0,1.0,1.0,0.0,0.0,1.0,0.0,90.0,90.0,1
2025-04-11 15:49:32,26.1,5.94,3.1,0.7,7.599999,0.0,0.0,0.0,0.0,0.0,27.9,42.4,18.3,31.6,-128.7,20.6,0.0,1.0,1.0,1.0,0.0,0.0,1.0,0.0,90.0,90.0,1
2025-04-11 15:49:33,26.1,5.94,3.1,0.7,7.3,0.0,0.0,0.0,0.0,0.0,27.9,42.4,18.3,31.6,-128.7,20.5,0.0,1.0,1.0,1.0,0.0,0.0,1.0,0.0,90.0,90.0,1
2025-04-11 15:49:34,26.11,5.94,3.1,0.7,7.2,0.0,0.0,0.0,0.0,0.0,27.9,42.4,18.3,31.6,-128.7,20.6,0.0,1.0,1.0,1.0,0.0,0.0,1.0,0.0,90.0,90.0,1
2025-04-11 15:49:35,26.11,5.94,3.2,0.7,7.7,0.0,0.0,0.0,0.0,0.0,27.9,42.4,18.3,31.6,-128.7,20.5,0.0,1.0,1.0,1.0,0.0,0.0,1.0,0.0,90.0,90.0,1
2025-04-11 15:49:36,26.12,5.93,3.1,0.7,7.4,0.0,0.0,0.0,0.0,0.0,27.9,42.4,18.3,31.6,-128.7,20.6,0.0,1.0,1.0,1.0,0.0,0.0,1.0,0.0,90.0,90.0,1
2025-04-11 15:49:37,26.11,5.94,3.1,0.7,7.599999,0.0,0.0,0.0,0.0,0.0,27.9,42.4,18.3,31.6,-128.7,20.6,0.0,1.0,1.0,1.0,0.0,0.0,1.0,0.0,90.0,90.0,1
2025-04-11 15:49:38,26.09,5.93,3.1,0.7,7.2,0.0,0.0,0.0,0.0,0.0,27.9,42.4,18.3,31.6,-128.7,20.6,0.0,1.0,1.0,1.0,0.0,0.0,1.0,0.0,90.0,90.0,1
2025-04-11 15:49:39,26.09,5.94,3.1,0.7,7.8,0.0,0.0,0.0,0.0,0.0,27.9,42.4,18.3,31.6,-128.7,20.6,0.0,1.0,1.0,1.0,0.0,0.0,1.0,0.0,90.0,90.0,1
2025-04-11 15:49:40,26.12,5.94,3.1,0.7,7.7,0.0,0.0,0.0,0.0,0.0,27.9,42.4,18.3,31.6,-128.7,20.5,0.0,1.0,1.0,1.0,0.0,0.0,1.0,0.0,90.0,90.0,1
2025-04-11 15:49:41,26.11,5.93,3.1,0.7,7.4,0.0,0.0,0.0,0.0,0.0,27.9,42.4,18.3,31.6,-128.7,20.6,0.0,1.0,1.0,1.0,0.0,0.0,1.0,0.0,90.0,90.0,1
2025-04-11 15:49:42,26.14,5.94,3.1,0.7,7.4,0.0,0.0,0.0,0.0,0.0,27.9,42.4,18.3,31.6,-128.7,20.5,0.0,1.0,1.0,1.0,0.0,0.0,1.0,0.0,90.0,90.0,1
2025-04-11 15:49:43,26.12,5.94,3.1,0.7,7.4,0.0,0.0,0.0,0.0,0.0,27.9,42.4,18.3,31.6,-128.7,20.5,0.0,1.0,1.0,1.0,0.0,0.0,1.0,0.0,90.0,90.0,1
2025-04-11 15:49:44,26.12,5.94,3.2,0.7,7.099999,0.0,0.0,0.0,0.0,0.0,27.9,42.4,18.3,31.6,-128.7,20.5,0.0,1.0,1.0,1.0,0.0,0.0,1.0,0.0,90.0,90.0,1
2025-04-11 15:49:45,26.12,5.94,3.1,0.7,7.3,0.0,0.0,0.0,0.0,0.0,27.9,42.4,18.3,31.6,-128.7,20.5,0.0,1.0,1.0,1.0,0.0,0.0,1.0,0.0,90.0,90.0,1
2025-04-11 15:49:46,26.14,5.95,3.1,0.7,7.9,0.0,0.0,0.0,0.0,0.0,27.9,42.4,18.3,31.6,-128.7,20.5,0.0,1.0,1.0,1.0,0.0,0.0,1.0,0.0,90.0,90.0,1
2025-04-11 15:49:47,26.16,5.94,3.1,0.7,7.8,0.0,0.0,0.0,0.0,0.0,27.9,42.4,18.3,31.6,-128.7,20.5,0.0,1.0,1.0,1.0,0.0,0.0,1.0,0.0,90.0,90.0,1
2025-04-11 15:49:48,26.14,5.95,3.1,0.7,7.099999,0.0,0.0,0.0,0.0,0.0,27.9,42.4,18.3,31.6,-128.7,20.5,0.0,1.0,1.0,1.0,0.0,0.0,1.0,0.0,90.0,90.0,1
2025-04-11 15:49:49,26.14,5.95,3.1,0.7,7.099999,0.0,0.0,0.0,0.0,0.0,27.9,42.4,18.3,31.6,-128.7,20.4,0.0,1.0,1.0,1.0,0.0,0.0,1.0,0.0,90.0,90.0,1
2025-04-11 15:49:50,26.14,5.94,3.1,0.7,8.099999,0.0,0.0,0.0,0.0,0.0,27.9,42.4,18.3,31.6,-128.7,20.5,0.0,1.0,1.0,1.0,0.0,0.0,1.0,0.0,90.0,90.0,1
2025-04-11 15:49:51,26.15,5.95,3.1,0.7,7.7,0.0,0.0,0.0,0.0,0.0,27.9,42.4,18.3,31.6,-128.7,20.5,0.0,1.0,1.0,1.0,0.0,0.0,1.0,0.0,90.0,90.0,1
2025-04-11 15:49:52,26.14,5.96,3.1,0.7,7.099999,0.0,0.0,0.0,0.0,0.0,27.9,42.4,18.3,31.6,-128.7,20.4,0.0,1.0,1.0,1.0,0.0,0.0,1.0,0.0,90.0,90.0,1
2025-04-11 15:49:53,26.15,5.96,3.1,0.7,7.2,0.0,0.0,0.0,0.0,0.0,27.9,42.4,18.3,31.6,-128.7,20.5,0.0,1.0,1.0,1.0,0.0,0.0,1.0,0.0,90.0,90.0,1
2025-04-11 15:49:54,26.14,5.94,3.1,0.7,7.5,0.0,0.0,0.0,0.0,0.0,27.9,42.4,18.3,31.6,-128.7,20.5,0.0,1.0,1.0,1.0,0.0,0.0,1.0,0.0,90.0,90.0,1
2025-04-11 15:49:55,26.15,5.96,3.1,0.7,7.4,0.0,0.0,0.0,0.0,0.0,27.9,42.4,18.3,31.6,-128.7,20.5,0.0,1.0,1.0,1.0,0.0,0.0,1.0,0.0,90.0,90.0,1
2025-04-11 15:49:56,26.15,5.95,3.1,0.7,7.4,0.0,0.0,0.0,0.0,0.0,27.9,42.4,18.3,31.6,-128.7,20.5,0.0,1.0,1.0,1.0,0.0,0.0,1.0,0.0,90.0,90.0,1
2025-04-11 15:49:57,26.14,5.94,3.1,0.7,7.7,0.0,0.0,0.0,0.0,0.0,27.9,42.4,18.3,31.6,-128.7,20.5,0.0,1.0,1.0,1.0,0.0,0.0,1.0,0.0,90.0,90.0,1
2025-04-11 15:49:58,26.14,5.96,3.1,0.7,7.7,0.0,0.0,0.0,0.0,0.0,27.9,42.4,18.3,31.6,-128.7,20.4,0.0,1.0,1.0,1.0,0.0,0.0,1.0,0.0,90.0,90.0,1
2025-04-11 15:49:59,26.14,5.94,3.1,0.7,7.2,0.0,0.0,0.0,0.0,0.0,27.9,42.4,18.3,31.6,-128.7,20.5,0.0,1.0,1.0,1.0,0.0,0.0,1.0,0.0,90.0,90.0,1
2025-04-11 15:50:00,26.14,5.96,3.1,0.7,7.099999,0.0,0.0,0.0,0.0,0.0,27.9,42.4,18.3,31.6,-128.7,20.4,0.0,1.0,1.0,1.0,0.0,0.0,1.0,0.0,90.0,90.0,1
2025-04-11 15:50:01,26.16,5.94,3.1,0.7,7.8,0.0,0.0,0.0,0.0,0.0,27.9,42.4,18.3,31.6,-128.7,20.5,0.0,1.0,1.0,1.0,0.0,0.0,1.0,0.0,90.0,90.0,1
2025-04-11 15:50:02,26.14,5.96,3.2,0.7,7.8,0.0,0.0,0.0,0.0,0.0,27.9,42.4,18.2,31.6,-128.7,20.5,0.0,1.0,1.0,1.0,0.0,0.0,1.0,0.0,90.0,90.0,1
2025-04-11 15:50:03,26.15,5.95,3.1,0.7,7.2,0.0,0.0,0.0,0.0,0.0,27.9,42.4,18.2,31.6,-128.7,20.4,0.0,1.0,1.0,1.0,0.0,0.0,1.0,0.0,90.0,90.0,1
2025-04-11 15:50:04,26.15,5.95,3.1,0.7,7.2,0.0,0.0,0.0,0.0,0.0,27.9,42.4,18.2,31.6,-128.7,20.4,0.0,1.0,1.0,1.0,0.0,0.0,1.0,0.0,90.0,90.0,1
2025-04-11 15:50:05,26.14,5.96,3.2,0.7,7.4,0.0,0.0,0.0,0.0,0.0,27.9,42.4,18.2,31.6,-128.7,20.4,0.0,1.0,1.0,1.0,0.0,0.0,1.0,0.0,90.0,90.0,1
2025-04-11 15:50:06,26.12,5.95,3.1,0.7,7.099999,0.0,0.0,0.0,0.0,0.0,27.9,42.4,18.2,31.6,-128.7,20.5,0.0,1.0,1.0,1.0,0.0,0.0,1.0,0.0,90.0,90.0,1
2025-04-11 15:50:07,26.15,5.97,3.1,0.7,7.9,0.0,0.0,0.0,0.0,0.0,27.9,42.4,18.2,31.6,-128.7,20.4,0.0,1.0,1.0,1.0,0.0,0.0,1.0,0.0,90.0,90.0,1
2025-04-11 15:50:08,26.14,5.95,3.1,0.7,7.099999,0.0,0.0,0.0,0.0,0.0,27.9,42.4,18.2,31.6,-128.7,20.5,0.0,1.0,1.0,1.0,0.0,0.0,1.0,0.0,90.0,90.0,1
2025-04-11 15:50:09,26.14,5.95,3.1,0.7,7.599999,0.0,0.0,0.0,0.0,0.0,27.9,42.4,18.2,31.6,-128.7,20.5,0.0,1.0,1.0,1.0,0.0,0.0,1.0,0.0,90.0,90.0,1
2025-04-11 15:50:10,26.11,5.95,3.1,0.7,7.7,0.0,0.0,0.0,0.0,0.0,27.9,42.4,18.2,31.6,-128.7,20.5,0.0,1.0,1.0,1.0,0.0,0.0,1.0,0.0,90.0,90.0,1
2025-04-11 15:50:11,26.12,5.95,3.1,0.7,7.099999,0.0,0.0,0.0,0.0,0.0,27.9,42.4,18.2,31.6,-128.7,20.5,0.0,1.0,1.0,1.0,0.0,0.0,1.0,0.0,90.0,90.0,1
2025-04-11 15:50:12,26.14,5.94,3.1,0.7,7.4,0.0,0.0,0.0,0.0,0.0,27.9,42.4,18.2,31.6,-128.7,20.4,0.0,1.0,1.0,1.0,0.0,0.0,1.0,0.0,90.0,90.0,1
2025-04-11 15:50:13,26.14,5.96,3.1,0.7,7.3,0.0,0.0,0.0,0.0,0.0,27.9,42.4,18.2,31.6,-128.7,20.5,0.0,1.0,1.0,1.0,0.0,0.0,1.0,0.0,90.0,90.0,1
2025-04-11 15:50:14,26.14,5.96,3.1,0.7,7.2,0.0,0.0,0.0,0.0,0.0,27.9,42.4,18.2,31.6,-128.7,20.4,0.0,1.0,1.0,1.0,0.0,0.0,1.0,0.0,90.0,90.0,1
2025-04-11 15:50:15,26.12,5.94,3.1,0.7,6.8,0.0,0.0,0.0,0.0,0.0,27.9,42.4,18.3,31.6,-128.7,20.5,0.0,1.0,1.0,1.0,0.0,0.0,1.0,0.0,90.0,90.0,1
2025-04-11 15:50:16,26.14,5.97,3.1,0.7,7.599999,0.0,0.0,0.0,0.0,0.0,27.9,42.4,18.3,31.6,-128.7,20.4,0.0,1.0,1.0,1.0,0.0,0.0,1.0,0.0,90.0,90.0,1
2025-04-11 15:50:17,26.14,5.95,3.1,0.7,8.0,0.0,0.0,0.0,0.0,0.0,27.9,42.4,18.3,31.6,-128.7,20.5,0.0,1.0,1.0,1.0,0.0,0.0,1.0,0.0,90.0,90.0,1
2025-04-11 15:50:18,26.15,5.96,3.1,0.7,7.2,0.0,0.0,0.0,0.0,0.0,27.9,42.4,18.3,31.6,-128.7,20.4,0.0,1.0,1.0,1.0,0.0,0.0,1.0,0.0,90.0,90.0,1
2025-04-11 15:50:19,26.16,5.94,3.1,0.7,7.099999,0.0,0.0,0.0,0.0,0.0,27.9,42.4,18.3,31.6,-128.7,20.5,0.0,1.0,1.0,1.0,0.0,0.0,1.0,0.0,90.0,90.0,1
2025-04-11 15:50:20,26.15,5.95,3.1,0.7,7.7,0.0,0.0,0.0,0.0,0.0,27.9,42.4,18.3,31.6,-128.7,20.5,0.0,1.0,1.0,1.0,0.0,0.0,1.0,0.0,90.0,90.0,1
2025-04-11 15:50:21,26.12,5.94,3.1,0.7,6.8,0.0,0.0,0.0,0.0,0.0,27.9,42.4,18.3,31.6,-128.7,20.4,0.0,1.0,1.0,1.0,0.0,0.0,1.0,0.0,90.0,90.0,1
2025-04-11 15:50:22,26.12,5.94,3.1,0.7,7.4,0.0,0.0,0.0,0.0,0.0,27.9,42.4,18.3,31.6,-128.7,20.5,0.0,1.0,1.0,1.0,0.0,0.0,1.0,0.0,90.0,90.0,1
2025-04-11 15:50:23,26.12,5.96,3.1,0.7,7.9,0.0,0.0,0.0,0.0,0.0,27.9,42.4,18.3,31.6,-128.7,20.4,0.0,1.0,1.0,1.0,0.0,0.0,1.0,0.0,90.0,90.0,1
2025-04-11 15:50:24,26.14,5.95,3.1,0.7,7.3,0.0,0.0,0.0,0.0,0.0,27.9,42.4,18.3,31.6,-128.7,20.5,0.0,1.0,1.0,1.0,0.0,0.0,1.0,0.0,90.0,90.0,1
2025-04-11 15:50:25,26.15,5.96,3.1,0.7,7.2,0.0,0.0,0.0,0.0,0.0,27.9,42.4,18.3,31.6,-128.7,20.4,0.0,1.0,1.0,1.0,0.0,0.0,1.0,0.0,90.0,90.0,1
2025-04-11 15:50:26,26.16,5.95,3.1,0.7,7.099999,0.0,0.0,0.0,0.0,0.0,27.9,42.4,18.3,31.6,-128.7,20.5,0.0,1.0,1.0,1.0,0.0,0.0,1.0,0.0,90.0,90.0,1
2025-04-11 15:50:27,26.14,5.96,3.1,0.7,7.3,0.0,0.0,0.0,0.0,0.0,27.9,42.4,18.3,31.6,-128.7,20.4,0.0,1.0,1.0,1.0,0.0,0.0,1.0,0.0,90.0,90.0,1
2025-04-11 15:50:28,26.14,5.96,3.1,0.7,7.8,0.0,0.0,0.0,0.0,0.0,27.9,42.4,18.3,31.6,-128.7,20.4,0.0,1.0,1.0,1.0,0.0,0.0,1.0,0.0,90.0,90.0,1
2025-04-11 15:50:29,26.14,5.97,3.1,0.7,7.7,0.0,0.0,0.0,0.0,0.0,27.9,42.5,18.3,31.6,-128.7,20.5,0.0,1.0,1.0,1.0,0.0,0.0,1.0,0.0,90.0,90.0,1
2025-04-11 15:50:30,26.15,5.97,3.1,0.7,7.0,0.0,0.0,0.0,0.0,0.0,27.9,42.5,18.3,31.6,-128.7,20.4,0.0,1.0,1.0,1.0,0.0,0.0,1.0,0.0,90.0,90.0,1
2025-04-11 15:50:31,26.15,5.95,3.1,0.7,7.599999,0.0,0.0,0.0,0.0,0.0,27.9,42.5,18.3,31.6,-128.7,20.5,0.0,1.0,1.0,1.0,0.0,0.0,1.0,0.0,90.0,90.0,1
2025-04-11 15:50:32,26.15,5.97,3.1,0.7,7.3,0.0,0.0,0.0,0.0,0.0,27.9,42.5,18.3,31.6,-128.7,20.4,0.0,1.0,1.0,1.0,0.0,0.0,1.0,0.0,90.0,90.0,1
2025-04-11 15:50:33,26.14,5.96,3.1,0.7,7.099999,0.0,0.0,0.0,0.0,0.0,27.9,42.5,18.3,31.6,-128.7,20.4,0.0,1.0,1.0,1.0,0.0,0.0,1.0,0.0,90.0,90.0,1
2025-04-11 15:50:34,26.14,5.97,3.1,0.7,7.7,0.0,0.0,0.0,0.0,0.0,27.9,42.5,18.3,31.6,-128.7,20.5,0.0,1.0,1.0,1.0,0.0,0.0,1.0,0.0,90.0,90.0,1
2025-04-11 15:50:35,26.16,5.96,3.1,0.7,7.2,0.0,0.0,0.0,0.0,0.0,27.9,42.5,18.3,31.6,-128.7,20.4,0.0,1.0,1.0,1.0,0.0,0.0,1.0,0.0,90.0,90.0,1
2025-04-11 15:50:36,26.19,5.96,3.1,0.7,7.0,0.0,0.0,0.0,0.0,0.0,27.9,42.5,18.3,31.6,-128.7,20.4,0.0,1.0,1.0,1.0,0.0,0.0,1.0,0.0,90.0,90.0,1
2025-04-11 15:50:37,26.16,5.97,3.1,0.7,7.4,0.0,0.0,0.0,0.0,0.0,27.9,42.5,18.3,31.6,-128.7,20.4,0.0,1.0,1.0,1.0,0.0,0.0,1.0,0.0,90.0,90.0,1
2025-04-11 15:50:38,26.16,5.97,3.1,0.7,7.599999,0.0,0.0,0.0,0.0,0.0,27.9,42.4,18.3,31.6,-128.7,20.5,0.0,1.0,1.0,1.0,0.0,0.0,1.0,0.0,90.0,90.0,1
2025-04-11 15:50:39,26.15,5.97,3.1,0.7,7.0,0.0,0.0,0.0,0.0,0.0,27.9,42.4,18.4,31.6,-128.7,20.4,0.0,1.0,1.0,1.0,0.0,0.0,1.0,0.0,90.0,90.0,1
2025-04-11 15:50:40,26.17,5.96,3.1,0.7,7.599999,0.0,0.0,0.0,0.0,0.0,27.9,42.4,18.4,31.6,-128.7,20.4,0.0,1.0,1.0,1.0,0.0,0.0,1.0,0.0,90.0,90.0,1
2025-04-11 15:50:41,26.17,5.97,3.1,0.7,7.3,0.0,0.0,0.0,0.0,0.0,27.9,42.4,18.4,31.6,-128.7,20.4,0.0,1.0,1.0,1.0,0.0,0.0,1.0,0.0,90.0,90.0,1
2025-04-11 15:50:42,26.2,5.96,3.2,0.7,7.3,0.0,0.0,0.0,0.0,0.0,27.9,42.4,18.4,31.6,-128.7,20.4,0.0,1.0,1.0,1.0,0.0,0.0,1.0,0.0,90.0,90.0,1
2025-04-11 15:50:43,26.19,5.97,3.1,0.7,7.4,0.0,0.0,0.0,0.0,0.0,27.9,42.4,18.4,31.6,-128.7,20.4,0.0,1.0,1.0,1.0,0.0,0.0,1.0,0.0,90.0,90.0,1
2025-04-11 15:50:44,26.17,5.97,3.1,0.7,6.9,0.0,0.0,0.0,0.0,0.0,27.9,42.4,18.4,31.6,-128.7,20.4,0.0,1.0,1.0,1.0,0.0,0.0,1.0,0.0,90.0,90.0,1
2025-04-11 15:50:45,26.17,5.97,3.1,0.7,7.0,0.0,0.0,0.0,0.0,0.0,27.9,42.4,18.4,31.6,-128.7,20.4,0.0,1.0,1.0,1.0,0.0,0.0,1.0,0.0,90.0,90.0,1
2025-04-11 15:50:46,26.2,5.97,3.1,0.7,8.0,0.0,0.0,0.0,0.0,0.0,27.9,42.4,18.4,31.6,-128.7,20.4,0.0,1.0,1.0,1.0,0.0,0.0,1.0,0.0,90.0,90.0,1
2025-04-11 15:50:47,26.2,5.97,3.1,0.7,7.099999,0.0,0.0,0.0,0.0,0.0,27.9,42.4,18.4,31.6,-128.7,20.4,0.0,1.0,1.0,1.0,0.0,0.0,1.0,0.0,90.0,90.0,1
2025-04-11 15:50:48,26.22,5.96,3.1,0.7,7.099999,0.0,0.0,0.0,0.0,0.0,27.9,42.4,18.4,31.6,-128.7,20.4,0.0,1.0,1.0,1.0,0.0,0.0,1.0,0.0,90.0,90.0,1
2025-04-11 15:50:49,26.21,5.98,3.1,0.7,7.099999,0.0,0.0,0.0,0.0,0.0,27.9,42.4,18.4,31.6,-128.7,20.4,0.0,1.0,1.0,1.0,0.0,0.0,1.0,0.0,90.0,90.0,1
2025-04-11 15:50:50,26.2,5.97,3.1,0.7,7.5,0.0,0.0,0.0,0.0,0.0,27.9,42.4,18.4,31.6,-128.7,20.4,0.0,1.0,1.0,1.0,0.0,0.0,1.0,0.0,90.0,90.0,1
2025-04-11 15:50:51,26.2,5.98,3.1,0.7,7.599999,0.0,0.0,0.0,0.0,0.0,27.9,42.4,18.4,31.6,-128.7,20.4,0.0,1.0,1.0,1.0,0.0,0.0,1.0,0.0,90.0,90.0,1
2025-04-11 15:50:52,26.22,5.97,3.1,0.7,7.5,0.0,0.0,0.0,0.0,0.0,27.9,42.4,18.5,31.6,-128.7,20.4,0.0,1.0,1.0,1.0,0.0,0.0,1.0,0.0,90.0,90.0,1
2025-04-11 15:50:53,26.21,5.98,3.1,0.7,8.0,0.0,0.0,0.0,0.0,0.0,27.9,42.4,18.5,31.6,-128.7,20.4,0.0,1.0,1.0,1.0,0.0,0.0,1.0,0.0,90.0,90.0,1
2025-04-11 15:50:54,26.21,5.98,3.1,0.7,7.5,0.0,0.0,0.0,0.0,0.0,27.9,42.4,18.5,31.6,-128.7,20.3,0.0,1.0,1.0,1.0,0.0,0.0,1.0,0.0,90.0,90.0,1
2025-04-11 15:50:55,26.23,5.98,3.1,0.7,6.7,0.0,0.0,0.0,0.0,0.0,27.9,42.5,18.5,31.6,-128.7,20.3,0.0,1.0,1.0,1.0,0.0,0.0,1.0,0.0,90.0,90.0,1
2025-04-11 15:50:56,26.23,5.97,3.1,0.7,7.2,0.0,0.0,0.0,0.0,0.0,27.9,42.5,18.5,31.6,-128.7,20.3,0.0,1.0,1.0,1.0,0.0,0.0,1.0,0.0,90.0,90.0,1
2025-04-11 15:50:57,26.25,5.97,3.1,0.7,7.7,0.0,0.0,0.0,0.0,0.0,27.9,42.5,18.5,31.6,-128.7,20.4,0.0,1.0,1.0,1.0,0.0,0.0,1.0,0.0,90.0,90.0,1
2025-04-11 15:50:58,26.23,5.98,3.1,0.7,7.9,0.0,0.0,0.0,0.0,0.0,27.9,42.5,18.5,31.6,-128.7,20.3,0.0,1.0,1.0,1.0,0.0,0.0,1.0,0.0,90.0,90.0,1
2025-04-11 15:50:59,26.22,5.99,3.2,0.7,7.2,0.0,0.0,0.0,0.0,0.0,27.9,42.5,18.5,31.7,-128.7,20.4,0.0,1.0,1.0,1.0,0.0,0.0,1.0,0.0,90.0,90.0,1
2025-04-11 15:51:00,26.25,5.99,3.1,0.7,7.0,0.0,0.0,0.0,0.0,0.0,27.9,42.5,18.5,31.7,-128.7,20.3,0.0,1.0,1.0,1.0,0.0,0.0,1.0,0.0,90.0,90.0,1
2025-04-11 15:51:01,26.28,5.99,3.1,0.7,7.9,0.0,0.0,0.0,0.0,0.0,27.9,42.5,18.5,31.7,-128.7,20.4,0.0,1.0,1.0,1.0,0.0,0.0,1.0,0.0,90.0,90.0,1
2025-04-11 15:51:02,26.28,6.0,3.1,0.7,7.7,0.0,0.0,0.0,0.0,0.0,27.9,42.5,18.5,31.7,-128.7,20.3,0.0,1.0,1.0,1.0,0.0,0.0,1.0,0.0,90.0,90.0,1
2025-04-11 15:51:03,26.27,6.0,3.1,0.7,7.099999,0.0,0.0,0.0,0.0,0.0,27.9,42.5,18.5,31.7,-128.7,20.3,0.0,1.0,1.0,1.0,0.0,0.0,1.0,0.0,90.0,90.0,1
2025-04-11 15:51:04,26.28,6.0,3.2,0.7,7.5,0.0,0.0,0.0,0.0,0.0,27.9,42.5,18.5,31.7,-128.7,20.3,0.0,1.0,1.0,1.0,0.0,0.0,1.0,0.0,90.0,90.0,1
2025-04-11 15:51:05,26.3,6.0,3.2,0.7,7.7,0.0,0.0,0.0,0.0,0.0,27.9,42.5,18.5,31.7,-128.7,20.4,0.0,1.0,1.0,1.0,0.0,0.0,1.0,0.0,90.0,90.0,1
2025-04-11 15:51:06,26.31,6.0,3.1,0.7,7.0,0.0,0.0,0.0,0.0,0.0,27.9,42.5,18.5,31.7,-128.7,20.3,0.0,1.0,1.0,1.0,0.0,0.0,1.0,0.0,90.0,90.0,1
2025-04-11 15:51:07,26.31,6.0,3.2,0.7,7.2,0.0,0.0,0.0,0.0,0.0,27.9,42.5,18.5,31.7,-128.7,20.3,0.0,1.0,1.0,1.0,0.0,0.0,1.0,0.0,90.0,90.0,1
2025-04-11 15:51:08,26.31,6.0,3.1,0.7,7.9,0.0,0.0,0.0,0.0,0.0,27.9,42.5,18.5,31.7,-128.7,20.3,0.0,1.0,1.0,1.0,0.0,0.0,1.0,0.0,90.0,90.0,1
2025-04-11 15:51:09,26.32,6.0,3.1,0.7,6.9,0.0,0.0,0.0,0.0,0.0,27.9,42.5,18.5,31.7,-128.7,20.3,0.0,1.0,1.0,1.0,0.0,0.0,1.0,0.0,90.0,90.0,1
2025-04-11 15:51:10,26.34,6.0,3.1,0.7,7.9,0.0,0.0,0.0,0.0,0.0,27.9,42.5,18.5,31.7,-128.7,20.3,0.0,1.0,1.0,1.0,0.0,0.0,1.0,0.0,90.0,90.0,1
2025-04-11 15:51:11,26.31,6.0,3.1,0.7,7.7,0.0,0.0,0.0,0.0,0.0,27.9,42.5,18.5,31.7,-128.7,20.3,0.0,1.0,1.0,1.0,0.0,0.0,1.0,0.0,90.0,90.0,1
2025-04-11 15:51:12,26.36,6.01,3.1,0.7,7.4,0.0,0.0,0.0,0.0,0.0,27.9,42.6,18.5,31.7,-128.7,20.3,0.0,1.0,1.0,1.0,0.0,0.0,1.0,0.0,90.0,90.0,1
2025-04-11 15:51:13,26.37,6.0,3.1,0.7,7.3,0.0,0.0,0.0,0.0,0.0,27.9,42.6,18.5,31.7,-128.7,20.3,0.0,1.0,1.0,1.0,0.0,0.0,1.0,0.0,90.0,90.0,1
2025-04-11 15:51:14,26.36,6.02,3.1,0.7,7.0,0.0,0.0,0.0,0.0,0.0,27.9,42.6,18.5,31.7,-128.7,20.2,0.0,1.0,1.0,1.0,0.0,0.0,1.0,0.0,90.0,90.0,1
2025-04-11 15:51:15,26.34,6.01,3.2,0.7,7.3,0.0,0.0,0.0,0.0,0.0,27.9,42.6,18.5,31.7,-128.7,20.3,0.0,1.0,1.0,1.0,0.0,0.0,1.0,0.0,90.0,90.0,1
2025-04-11 15:51:16,26.33,6.02,3.2,0.7,7.5,0.0,0.0,0.0,0.0,0.0,27.9,42.6,18.6,31.7,-128.7,20.2,0.0,1.0,1.0,1.0,0.0,0.0,1.0,0.0,90.0,90.0,1
2025-04-11 15:51:17,26.37,6.02,3.1,0.7,7.4,0.0,0.0,0.0,0.0,0.0,27.9,42.6,18.6,31.7,-128.7,20.2,0.0,1.0,1.0,1.0,0.0,0.0,1.0,0.0,90.0,90.0,1
2025-04-11 15:51:18,26.37,6.02,3.1,0.7,7.7,0.0,0.0,0.0,0.0,0.0,27.9,42.6,18.6,31.7,-128.7,20.2,0.0,1.0,1.0,1.0,0.0,0.0,1.0,0.0,90.0,90.0,1
2025-04-11 15:51:19,26.38,6.02,3.1,0.7,7.4,0.0,0.0,0.0,0.0,0.0,27.9,42.6,18.6,31.7,-128.7,20.2,0.0,1.0,1.0,1.0,0.0,0.0,1.0,0.0,90.0,90.0,1
2025-04-11 15:51:20,26.38,6.03,3.1,0.7,8.099999,0.0,0.0,0.0,0.0,0.0,27.9,42.6,18.6,31.7,-128.7,20.2,0.0,1.0,1.0,1.0,0.0,0.0,1.0,0.0,90.0,90.0,1
2025-04-11 15:51:21,26.36,6.02,3.1,0.7,7.3,0.0,0.0,0.0,0.0,0.0,27.9,42.6,18.6,31.7,-128.7,20.2,0.0,1.0,1.0,1.0,0.0,0.0,1.0,0.0,90.0,90.0,1
2025-04-11 15:51:22,26.38,6.04,3.2,0.7,7.5,0.0,0.0,0.0,0.0,0.0,27.9,42.6,18.6,31.7,-128.7,20.1,0.0,1.0,1.0,1.0,0.0,0.0,1.0,0.0,90.0,90.0,1
2025-04-11 15:51:23,26.37,6.02,3.2,0.7,7.3,0.0,0.0,0.0,0.0,0.0,27.9,42.6,18.6,31.7,-128.7,20.2,0.0,1.0,1.0,1.0,0.0,0.0,1.0,0.0,90.0,90.0,1
2025-04-11 15:51:24,26.37,6.04,3.1,0.7,7.3,0.0,0.0,0.0,0.0,0.0,27.9,42.6,18.6,31.7,-128.7,20.1,0.0,1.0,1.0,1.0,0.0,0.0,1.0,0.0,90.0,90.0,1
2025-04-11 15:51:25,26.37,6.03,3.1,0.7,7.9,0.0,0.0,0.0,0.0,0.0,27.9,42.6,18.6,31.7,-128.7,20.2,0.0,1.0,1.0,1.0,0.0,0.0,1.0,0.0,90.0,90.0,1
2025-04-11 15:51:26,26.38,6.04,3.1,0.7,7.4,0.0,0.0,0.0,0.0,0.0,27.9,42.6,18.6,31.7,-128.7,20.1,0.0,1.0,1.0,1.0,0.0,0.0,1.0,0.0,90.0,90.0,1
2025-04-11 15:51:27,26.39,6.04,3.1,0.7,7.8,0.0,0.0,0.0,0.0,0.0,27.9,42.6,18.6,31.8,-128.7,20.3,0.0,1.0,1.0,1.0,0.0,0.0,1.0,0.0,90.0,90.0,1
2025-04-11 15:51:28,26.38,6.04,3.1,0.7,7.2,0.0,0.0,0.0,0.0,0.0,27.9,42.6,18.6,31.8,-128.7,20.2,0.0,1.0,1.0,1.0,0.0,0.0,1.0,0.0,90.0,90.0,1
2025-04-11 15:51:29,26.38,6.03,3.1,0.7,7.9,0.0,0.0,0.0,0.0,0.0,27.9,42.6,18.6,31.8,-128.7,20.2,0.0,1.0,1.0,1.0,0.0,0.0,1.0,0.0,90.0,90.0,1
2025-04-11 15:51:30,26.37,6.05,3.2,0.7,7.3,0.0,0.0,0.0,0.0,0.0,27.9,42.6,18.6,31.8,-128.7,20.2,0.0,1.0,1.0,1.0,0.0,0.0,1.0,0.0,90.0,90.0,1
2025-04-11 15:51:31,26.39,6.03,3.1,0.7,7.5,0.0,0.0,0.0,0.0,0.0,27.9,42.6,18.6,31.8,-128.7,20.2,0.0,1.0,1.0,1.0,0.0,0.0,1.0,0.0,90.0,90.0,1
2025-04-11 15:51:32,26.38,6.04,3.1,0.7,7.9,0.0,0.0,0.0,0.0,0.0,27.9,42.6,18.6,31.8,-128.7,20.2,0.0,1.0,1.0,1.0,0.0,0.0,1.0,0.0,90.0,90.0,1
2025-04-11 15:51:33,26.39,6.03,3.1,0.7,7.099999,0.0,0.0,0.0,0.0,0.0,27.9,42.6,18.7,31.8,-128.7,20.3,0.0,1.0,1.0,1.0,0.0,0.0,1.0,0.0,90.0,90.0,1
2025-04-11 15:51:34,26.42,6.04,3.1,0.7,7.3,0.0,0.0,0.0,0.0,0.0,27.9,42.6,18.7,31.8,-128.7,20.2,0.0,1.0,1.0,1.0,0.0,0.0,1.0,0.0,90.0,90.0,1
2025-04-11 15:51:35,26.42,6.04,3.1,0.7,7.9,0.0,0.0,0.0,0.0,0.0,27.9,42.6,18.7,31.8,-128.7,20.2,0.0,1.0,1.0,1.0,0.0,0.0,1.0,0.0,90.0,90.0,1
2025-04-11 15:51:36,26.42,6.04,3.1,0.7,7.7,0.0,0.0,0.0,0.0,0.0,27.9,42.6,18.7,31.8,-128.7,20.2,0.0,1.0,1.0,1.0,0.0,0.0,1.0,0.0,90.0,90.0,1
2025-04-11 15:51:37,26.41,6.04,3.2,0.7,7.599999,0.0,0.0,0.0,0.0,0.0,27.9,42.6,18.7,31.8,-128.7,20.2,0.0,1.0,1.0,1.0,0.0,0.0,1.0,0.0,90.0,90.0,1
2025-04-11 15:51:38,26.42,6.04,3.1,0.7,7.0,0.0,0.0,0.0,0.0,0.0,27.9,42.6,18.7,31.8,-128.7,20.3,0.0,1.0,1.0,1.0,0.0,0.0,1.0,0.0,90.0,90.0,1
2025-04-11 15:51:39,26.43,6.04,3.1,0.7,7.7,0.0,0.0,0.0,0.0,0.0,27.9,42.6,18.7,31.8,-128.7,20.2,0.0,1.0,1.0,1.0,0.0,0.0,1.0,0.0,90.0,90.0,1
2025-04-11 15:51:40,26.43,6.04,3.2,0.7,7.599999,0.0,0.0,0.0,0.0,0.0,27.9,42.6,18.7,31.8,-128.7,20.2,0.0,1.0,1.0,1.0,0.0,0.0,1.0,0.0,90.0,90.0,1
2025-04-11 15:51:41,26.43,6.05,3.2,0.7,7.5,0.0,0.0,0.0,0.0,0.0,27.9,42.6,18.7,31.8,-128.7,20.2,0.0,1.0,1.0,1.0,0.0,0.0,1.0,0.0,90.0,90.0,1
2025-04-11 15:51:42,26.41,6.03,3.2,0.7,7.0,0.0,0.0,0.0,0.0,0.0,27.9,42.6,18.7,31.8,-128.7,20.2,0.0,1.0,1.0,1.0,0.0,0.0,1.0,0.0,90.0,90.0,1
2025-04-11 15:51:43,26.41,6.04,3.2,0.7,7.7,0.0,0.0,0.0,0.0,0.0,27.9,42.6,18.8,31.8,-128.7,20.2,0.0,1.0,1.0,1.0,0.0,0.0,1.0,0.0,90.0,90.0,1
2025-04-11 15:51:44,26.43,6.03,3.2,0.7,7.7,0.0,0.0,0.0,0.0,0.0,27.9,42.6,18.8,31.8,-128.7,20.2,0.0,1.0,1.0,1.0,0.0,0.0,1.0,0.0,90.0,90.0,1
2025-04-11 15:51:45,26.44,6.03,3.1,0.7,7.0,0.0,0.0,0.0,0.0,0.0,27.9,42.6,18.8,31.8,-128.7,20.2,0.0,1.0,1.0,1.0,0.0,0.0,1.0,0.0,90.0,90.0,1
2025-04-11 15:51:46,26.44,6.04,3.2,0.7,7.0,0.0,0.0,0.0,0.0,0.0,27.9,42.6,18.8,31.8,-128.7,20.2,0.0,1.0,1.0,1.0,0.0,0.0,1.0,0.0,90.0,90.0,1
2025-04-11 15:51:47,26.43,6.04,3.2,0.7,7.8,0.0,0.0,0.0,0.0,0.0,27.9,42.6,18.8,31.8,-128.7,20.2,0.0,1.0,1.0,1.0,0.0,0.0,1.0,0.0,90.0,90.0,1
2025-04-11 15:51:48,26.42,6.04,3.2,0.7,7.7,0.0,0.0,0.0,0.0,0.0,27.9,42.6,18.9,31.9,-128.7,20.3,0.0,1.0,1.0,1.0,0.0,0.0,1.0,0.0,90.0,90.0,1
2025-04-11 15:51:49,26.43,6.03,3.1,0.7,7.5,0.0,0.0,0.0,0.0,0.0,27.9,42.6,18.9,31.9,-128.7,20.4,0.0,1.0,1.0,1.0,0.0,0.0,1.0,0.0,90.0,90.0,1
2025-04-11 15:51:50,26.44,6.04,3.1,0.7,7.2,0.0,0.0,0.0,0.0,0.0,27.9,42.6,18.9,31.9,-128.7,20.3,0.0,1.0,1.0,1.0,0.0,0.0,1.0,0.0,90.0,90.0,1
2025-04-11 15:51:51,26.44,6.04,3.1,0.7,7.3,0.0,0.0,0.0,0.0,0.0,27.9,42.6,18.9,31.9,-128.7,20.3,0.0,1.0,1.0,1.0,0.0,0.0,1.0,0.0,90.0,90.0,1
2025-04-11 15:51:52,26.43,6.03,3.2,0.7,7.7,0.0,0.0,0.0,0.0,0.0,27.9,42.6,18.9,31.9,-128.7,20.3,0.0,1.0,1.0,1.0,0.0,0.0,1.0,0.0,90.0,90.0,1
2025-04-11 15:51:53,26.41,6.04,3.2,0.7,8.0,0.0,0.0,0.0,0.0,0.0,27.9,42.6,18.9,31.9,-128.7,20.3,0.0,1.0,1.0,1.0,0.0,0.0,1.0,0.0,90.0,90.0,1
2025-04-11 15:51:54,26.43,6.03,3.2,0.7,7.3,0.0,0.0,0.0,0.0,0.0,27.9,42.6,18.9,31.9,-128.7,20.4,0.0,1.0,1.0,1.0,0.0,0.0,1.0,0.0,90.0,90.0,1
2025-04-11 15:51:55,26.44,6.04,3.1,0.7,7.0,0.0,0.0,0.0,0.0,0.0,27.9,42.6,18.9,31.9,-128.7,20.3,0.0,1.0,1.0,1.0,0.0,0.0,1.0,0.0,90.0,90.0,1
2025-04-11 15:51:56,26.43,6.03,3.1,0.7,7.3,0.0,0.0,0.0,0.0,0.0,27.9,42.6,19.0,31.9,-128.7,20.3,0.0,1.0,1.0,1.0,0.0,0.0,1.0,0.0,90.0,90.0,1
2025-04-11 15:51:57,26.43,6.04,3.1,0.7,7.5,0.0,0.0,0.0,0.0,0.0,27.9,42.6,19.0,31.9,-128.7,20.4,0.0,1.0,1.0,1.0,0.0,0.0,1.0,0.0,90.0,90.0,1
2025-04-11 15:51:58,26.41,6.03,3.2,0.7,7.599999,0.0,0.0,0.0,0.0,0.0,27.9,42.6,19.0,31.9,-128.7,20.3,0.0,1.0,1.0,1.0,0.0,0.0,1.0,0.0,90.0,90.0,1
2025-04-11 15:51:59,26.41,6.03,3.1,0.7,7.4,0.0,0.0,0.0,0.0,0.0,27.9,42.6,19.0,31.9,-128.7,20.4,0.0,1.0,1.0,1.0,0.0,0.0,1.0,0.0,90.0,90.0,1
2025-04-11 15:52:00,26.42,6.04,3.2,0.7,8.299999,0.0,0.0,0.0,0.0,0.0,27.9,42.6,19.0,31.9,-128.7,20.3,0.0,1.0,1.0,1.0,0.0,0.0,1.0,0.0,90.0,90.0,1
2025-04-11 15:52:01,26.43,6.02,3.2,0.7,7.099999,0.0,0.0,0.0,0.0,0.0,27.9,42.6,19.0,31.9,-128.7,20.4,0.0,1.0,1.0,1.0,0.0,0.0,1.0,0.0,90.0,90.0,1
2025-04-11 15:52:02,26.43,6.04,3.2,0.7,7.0,0.0,0.0,0.0,0.0,0.0,27.9,42.6,19.0,31.9,-128.7,20.3,0.0,1.0,1.0,1.0,0.0,0.0,1.0,0.0,90.0,90.0,1
2025-04-11 15:52:03,26.41,6.02,3.2,0.7,7.0,0.0,0.0,0.0,0.0,0.0,27.9,42.6,19.0,31.9,-128.7,20.4,0.0,1.0,1.0,1.0,0.0,0.0,1.0,0.0,90.0,90.0,1
2025-04-11 15:52:04,26.39,6.03,3.1,0.7,7.599999,0.0,0.0,0.0,0.0,0.0,27.9,42.6,19.0,31.9,-128.7,20.4,0.0,1.0,1.0,1.0,0.0,0.0,1.0,0.0,90.0,90.0,1
2025-04-11 15:52:05,26.42,6.01,3.2,0.7,7.599999,0.0,0.0,0.0,0.0,0.0,27.9,42.6,19.1,32.0,-128.7,20.5,0.0,1.0,1.0,1.0,0.0,0.0,1.0,0.0,90.0,90.0,1
2025-04-11 15:52:06,26.42,6.02,3.2,0.7,7.099999,0.0,0.0,0.0,0.0,0.0,27.9,42.7,19.1,32.0,-128.7,20.6,0.0,1.0,1.0,1.0,0.0,0.0,1.0,0.0,90.0,90.0,1
2025-04-11 15:52:07,26.41,6.02,3.2,0.7,7.099999,0.0,0.0,0.0,0.0,0.0,27.9,42.7,19.1,32.0,-128.7,20.5,0.0,1.0,1.0,1.0,0.0,0.0,1.0,0.0,90.0,90.0,1
2025-04-11 15:52:08,26.41,6.01,3.2,0.7,7.4,0.0,0.0,0.0,0.0,0.0,27.9,42.7,19.1,32.0,-128.7,20.6,0.0,1.0,1.0,1.0,0.0,0.0,1.0,0.0,90.0,90.0,1
2025-04-11 15:52:09,26.39,6.03,3.1,0.7,7.7,0.0,0.0,0.0,0.0,0.0,27.9,42.7,19.1,32.0,-128.7,20.5,0.0,1.0,1.0,1.0,0.0,0.0,1.0,0.0,90.0,90.0,1
2025-04-11 15:52:10,26.41,6.0,3.1,0.7,7.4,0.0,0.0,0.0,0.0,0.0,27.9,42.7,19.1,32.0,-128.7,20.6,0.0,1.0,1.0,1.0,0.0,0.0,1.0,0.0,90.0,90.0,1
2025-04-11 15:52:11,26.42,6.01,3.2,0.7,7.2,0.0,0.0,0.0,0.0,0.0,27.9,42.7,19.1,32.0,-128.7,20.6,0.0,1.0,1.0,1.0,0.0,0.0,1.0,0.0,90.0,90.0,1
2025-04-11 15:52:12,26.42,6.0,3.1,0.7,6.9,0.0,0.0,0.0,0.0,0.0,27.9,42.7,19.2,32.0,-128.7,20.6,0.0,1.0,1.0,1.0,0.0,0.0,1.0,0.0,90.0,90.0,1
2025-04-11 15:52:13,26.41,6.0,3.2,0.7,8.0,0.0,0.0,0.0,0.0,0.0,27.9,42.7,19.2,32.0,-128.7,20.6,0.0,1.0,1.0,1.0,0.0,0.0,1.0,0.0,90.0,90.0,1
2025-04-11 15:52:14,26.39,6.0,3.2,0.7,7.599999,0.0,0.0,0.0,0.0,0.0,27.9,42.7,19.2,32.0,-128.7,20.5,0.0,1.0,1.0,1.0,0.0,0.0,1.0,0.0,90.0,90.0,1
2025-04-11 15:52:15,26.41,6.01,3.2,0.7,7.4,0.0,0.0,0.0,0.0,0.0,27.9,42.7,19.2,32.0,-128.7,20.6,0.0,1.0,1.0,1.0,0.0,0.0,1.0,0.0,90.0,90.0,1
2025-04-11 15:52:16,26.43,6.02,3.2,0.7,7.099999,0.0,0.0,0.0,0.0,0.0,27.9,42.7,19.2,32.0,-128.7,20.6,0.0,1.0,1.0,1.0,0.0,0.0,1.0,0.0,90.0,90.0,1
2025-04-11 15:52:17,26.43,6.0,3.1,0.7,7.4,0.0,0.0,0.0,0.0,0.0,27.9,42.7,19.2,32.0,-128.7,20.6,0.0,1.0,1.0,1.0,0.0,0.0,1.0,0.0,90.0,90.0,1
2025-04-11 15:52:18,26.41,6.01,3.1,0.7,7.5,0.0,0.0,0.0,0.0,0.0,27.9,42.7,19.2,32.1,-128.7,20.7,0.0,1.0,1.0,1.0,0.0,0.0,1.0,0.0,90.0,90.0,1
2025-04-11 15:52:19,26.41,6.0,3.1,0.7,7.8,0.0,0.0,0.0,0.0,0.0,27.9,42.7,19.2,32.1,-128.7,20.7,0.0,1.0,1.0,1.0,0.0,0.0,1.0,0.0,90.0,90.0,1
2025-04-11 15:52:20,26.42,6.0,3.1,0.7,7.4,0.0,0.0,0.0,0.0,0.0,27.9,42.7,19.3,32.1,-128.7,20.7,0.0,1.0,1.0,1.0,0.0,0.0,1.0,0.0,90.0,90.0,1
2025-04-11 15:52:21,26.42,6.01,3.2,0.7,7.599999,0.0,0.0,0.0,0.0,0.0,27.9,42.7,19.3,32.1,-128.7,20.7,0.0,1.0,1.0,1.0,0.0,0.0,1.0,0.0,90.0,90.0,1
2025-04-11 15:52:22,26.43,6.0,3.1,0.7,7.3,0.0,0.0,0.0,0.0,0.0,27.9,42.7,19.3,32.1,-128.7,20.7,0.0,1.0,1.0,1.0,0.0,0.0,1.0,0.0,90.0,90.0,1
2025-04-11 15:52:23,26.41,6.01,3.2,0.7,7.4,0.0,0.0,0.0,0.0,0.0,27.9,42.7,19.3,32.1,-128.7,20.6,0.0,1.0,1.0,1.0,0.0,0.0,1.0,0.0,90.0,90.0,1
2025-04-11 15:52:24,26.39,6.0,3.2,0.7,7.5,0.0,0.0,0.0,0.0,0.0,27.9,42.7,19.3,32.1,-128.7,20.7,0.0,1.0,1.0,1.0,0.0,0.0,1.0,0.0,90.0,90.0,1
2025-04-11 15:52:25,26.41,6.02,3.1,0.7,7.8,0.0,0.0,0.0,0.0,0.0,28.0,42.7,19.4,32.1,-128.7,20.7,0.0,1.0,1.0,1.0,0.0,0.0,1.0,0.0,90.0,90.0,1
2025-04-11 15:52:26,26.42,6.0,3.2,0.7,7.7,0.0,0.0,0.0,0.0,0.0,28.0,42.7,19.4,32.1,-128.7,20.7,0.0,1.0,1.0,1.0,0.0,0.0,1.0,0.0,90.0,90.0,1
2025-04-11 15:52:27,26.43,6.0,3.2,0.7,7.5,0.0,0.0,0.0,0.0,0.0,28.0,42.8,19.4,32.1,-128.7,20.7,0.0,1.0,1.0,1.0,0.0,0.0,1.0,0.0,90.0,90.0,1
2025-04-11 15:52:28,26.44,6.01,3.1,0.7,7.599999,0.0,0.0,0.0,0.0,0.0,28.0,42.8,19.4,32.1,-128.7,20.7,0.0,1.0,1.0,1.0,0.0,0.0,1.0,0.0,90.0,90.0,1
2025-04-11 15:52:29,26.42,6.0,3.2,0.7,7.4,0.0,0.0,0.0,0.0,0.0,28.0,42.8,19.4,32.1,-128.7,20.7,0.0,1.0,1.0,1.0,0.0,0.0,1.0,0.0,90.0,90.0,1
2025-04-11 15:52:30,26.43,6.01,3.1,0.7,7.7,0.0,0.0,0.0,0.0,0.0,28.0,42.8,19.4,32.1,-128.7,20.7,0.0,1.0,1.0,1.0,0.0,0.0,1.0,0.0,90.0,90.0,1
2025-04-11 15:52:31,26.45,6.0,3.2,0.7,7.8,0.0,0.0,0.0,0.0,0.0,28.0,42.8,19.4,32.2,-128.7,20.8,0.0,1.0,1.0,1.0,0.0,0.0,1.0,0.0,90.0,90.0,1
2025-04-11 15:52:32,26.45,6.01,3.1,0.7,7.0,0.0,0.0,0.0,0.0,0.0,28.0,42.8,19.4,32.2,-128.7,20.8,0.0,1.0,1.0,1.0,0.0,0.0,1.0,0.0,90.0,90.0,1
2025-04-11 15:52:33,26.45,6.01,3.1,0.7,7.5,0.0,0.0,0.0,0.0,0.0,28.0,42.8,19.4,32.2,-128.7,20.7,0.0,1.0,1.0,1.0,0.0,0.0,1.0,0.0,90.0,90.0,1
2025-04-11 15:52:34,26.45,6.02,3.1,0.7,7.099999,0.0,0.0,0.0,0.0,0.0,28.0,42.8,19.4,32.2,-128.7,20.8,0.0,1.0,1.0,1.0,0.0,0.0,1.0,0.0,90.0,90.0,1
2025-04-11 15:52:35,26.45,6.01,3.2,0.7,7.7,0.0,0.0,0.0,0.0,0.0,28.0,42.8,19.5,32.2,-128.7,20.7,0.0,1.0,1.0,1.0,0.0,0.0,1.0,0.0,90.0,90.0,1
2025-04-11 15:52:36,26.45,6.0,3.2,0.7,7.7,0.0,0.0,0.0,0.0,0.0,28.0,42.8,19.5,32.2,-128.7,20.8,0.0,1.0,1.0,1.0,0.0,0.0,1.0,0.0,90.0,90.0,1
2025-04-11 15:52:37,26.48,6.02,3.1,0.7,7.2,0.0,0.0,0.0,0.0,0.0,28.0,42.8,19.5,32.2,-128.7,20.8,0.0,1.0,1.0,1.0,0.0,0.0,1.0,0.0,90.0,90.0,1
2025-04-11 15:52:38,26.48,6.01,3.2,0.7,7.7,0.0,0.0,0.0,0.0,0.0,28.0,42.8,19.5,32.2,-128.7,20.8,0.0,1.0,1.0,1.0,0.0,0.0,1.0,0.0,90.0,90.0,1
2025-04-11 15:52:39,26.47,6.02,3.2,0.7,6.8,0.0,0.0,0.0,0.0,0.0,28.0,42.8,19.5,32.2,-128.7,20.8,0.0,1.0,1.0,1.0,0.0,0.0,1.0,0.0,90.0,90.0,1
2025-04-11 15:52:40,26.48,6.02,3.1,0.7,7.099999,0.0,0.0,0.0,0.0,0.0,28.0,42.8,19.5,32.2,-128.7,20.7,0.0,1.0,1.0,1.0,0.0,0.0,1.0,0.0,90.0,90.0,1
2025-04-11 15:52:41,26.5,6.01,3.2,0.7,7.599999,0.0,0.0,0.0,0.0,0.0,28.0,42.8,19.5,32.2,-128.7,20.8,0.0,1.0,1.0,1.0,0.0,0.0,1.0,0.0,90.0,90.0,1
2025-04-11 15:52:42,26.5,6.02,3.2,0.7,7.0,0.0,0.0,0.0,0.0,0.0,28.0,42.9,19.5,32.2,-128.7,20.7,0.0,1.0,1.0,1.0,0.0,0.0,1.0,0.0,90.0,90.0,1
2025-04-11 15:52:43,26.5,6.02,3.2,0.7,7.5,0.0,0.0,0.0,0.0,0.0,28.0,42.9,19.5,32.2,-128.7,20.7,0.0,1.0,1.0,1.0,0.0,0.0,1.0,0.0,90.0,90.0,1
2025-04-11 15:52:44,26.49,6.03,3.1,0.7,7.4,0.0,0.0,0.0,0.0,0.0,28.0,42.9,19.5,32.3,-128.7,20.8,0.0,1.0,1.0,1.0,0.0,0.0,1.0,0.0,90.0,90.0,1
2025-04-11 15:52:45,26.49,6.02,3.2,0.7,7.599999,0.0,0.0,0.0,0.0,0.0,28.0,42.9,19.5,32.3,-128.7,20.8,0.0,1.0,1.0,1.0,0.0,0.0,1.0,0.0,90.0,90.0,1
2025-04-11 15:52:46,26.53,6.03,3.2,0.7,7.2,0.0,0.0,0.0,0.0,0.0,28.0,42.9,19.5,32.3,-128.7,20.8,0.0,1.0,1.0,1.0,0.0,0.0,1.0,0.0,90.0,90.0,1
2025-04-11 15:52:47,26.54,6.03,3.1,0.7,7.8,0.0,0.0,0.0,0.0,0.0,28.0,42.9,19.5,32.3,-128.7,20.7,0.0,1.0,1.0,1.0,0.0,0.0,1.0,0.0,90.0,90.0,1
2025-04-11 15:52:48,26.52,6.04,3.2,0.7,7.2,0.0,0.0,0.0,0.0,0.0,28.0,42.9,19.5,32.3,-128.7,20.7,0.0,1.0,1.0,1.0,0.0,0.0,1.0,0.0,90.0,90.0,1
2025-04-11 15:52:49,26.5,6.03,3.2,0.7,7.4,0.0,0.0,0.0,0.0,0.0,28.0,42.9,19.5,32.3,-128.7,20.8,0.0,1.0,1.0,1.0,0.0,0.0,1.0,0.0,90.0,90.0,1
2025-04-11 15:52:50,26.52,6.03,3.1,0.7,7.8,0.0,0.0,0.0,0.0,0.0,28.0,42.9,19.5,32.3,-128.7,20.8,0.0,1.0,1.0,1.0,0.0,0.0,1.0,0.0,90.0,90.0,1
2025-04-11 15:52:51,26.53,6.04,3.1,0.7,7.4,0.0,0.0,0.0,0.0,0.0,28.0,42.9,19.5,32.3,-128.7,20.7,0.0,1.0,1.0,1.0,0.0,0.0,1.0,0.0,90.0,90.0,1
2025-04-11 15:52:52,26.52,6.04,3.2,0.7,7.3,0.0,0.0,0.0,0.0,0.0,28.0,42.9,19.5,32.3,-128.7,20.8,0.0,1.0,1.0,1.0,0.0,0.0,1.0,0.0,90.0,90.0,1
2025-04-11 15:52:53,26.53,6.04,3.2,0.7,7.4,0.0,0.0,0.0,0.0,0.0,28.0,42.9,19.5,32.3,-128.7,20.7,0.0,1.0,1.0,1.0,0.0,0.0,1.0,0.0,90.0,90.0,1
2025-04-11 15:52:54,26.53,6.04,3.1,0.7,7.099999,0.0,0.0,0.0,0.0,0.0,28.0,42.9,19.5,32.3,-128.7,20.7,0.0,1.0,1.0,1.0,0.0,0.0,1.0,0.0,90.0,90.0,1
2025-04-11 15:52:55,26.53,6.05,3.1,0.7,7.4,0.0,0.0,0.0,0.0,0.0,28.0,42.9,19.5,32.4,-128.7,20.8,0.0,1.0,1.0,1.0,0.0,0.0,1.0,0.0,90.0,90.0,1
2025-04-11 15:52:56,26.53,6.04,3.2,0.7,7.3,0.0,0.0,0.0,0.0,0.0,28.0,42.9,19.5,32.4,-128.7,20.8,0.0,1.0,1.0,1.0,0.0,0.0,1.0,0.0,90.0,90.0,1
2025-04-11 15:52:57,26.55,6.04,3.2,0.7,7.5,0.0,0.0,0.0,0.0,0.0,28.0,42.9,19.5,32.4,-128.7,20.8,0.0,1.0,1.0,1.0,0.0,0.0,1.0,0.0,90.0,90.0,1
2025-04-11 15:52:58,26.54,6.04,3.2,0.7,7.599999,0.0,0.0,0.0,0.0,0.0,28.0,42.9,19.5,32.4,-128.7,20.8,0.0,1.0,1.0,1.0,0.0,0.0,1.0,0.0,90.0,90.0,1
2025-04-11 15:52:59,26.56,6.04,3.1,0.7,7.599999,0.0,0.0,0.0,0.0,0.0,28.0,42.9,19.5,32.4,-128.7,20.8,0.0,1.0,1.0,1.0,0.0,0.0,1.0,0.0,90.0,90.0,1
2025-04-11 15:53:00,26.55,6.04,3.1,0.7,7.2,0.0,0.0,0.0,0.0,0.0,28.0,42.9,19.5,32.4,-128.7,20.8,0.0,1.0,1.0,1.0,0.0,0.0,1.0,0.0,90.0,90.0,1
2025-04-11 15:53:01,26.53,6.04,3.2,0.7,7.099999,0.0,0.0,0.0,0.0,0.0,28.0,42.9,19.5,32.4,-128.7,20.8,0.0,1.0,1.0,1.0,0.0,0.0,1.0,0.0,90.0,90.0,1
2025-04-11 15:53:02,26.54,6.05,3.1,0.7,7.599999,0.0,0.0,0.0,0.0,0.0,28.0,42.9,19.5,32.4,-128.7,20.8,0.0,1.0,1.0,1.0,0.0,0.0,1.0,0.0,90.0,90.0,1
2025-04-11 15:53:03,26.55,6.04,3.1,0.7,7.599999,0.0,0.0,0.0,0.0,0.0,28.0,42.9,19.5,32.4,-128.7,20.8,0.0,1.0,1.0,1.0,0.0,0.0,1.0,0.0,90.0,90.0,1
2025-04-11 15:53:04,26.56,6.05,3.2,0.7,7.2,0.0,0.0,0.0,0.0,0.0,28.0,42.9,19.5,32.4,-128.7,20.8,0.0,1.0,1.0,1.0,0.0,0.0,1.0,0.0,90.0,90.0,1
2025-04-11 15:53:05,26.55,6.04,3.1,0.7,7.3,0.0,0.0,0.0,0.0,0.0,28.0,42.9,19.5,32.4,-128.7,20.8,0.0,1.0,1.0,1.0,0.0,0.0,1.0,0.0,90.0,90.0,1
2025-04-11 15:53:06,26.53,6.05,3.2,0.7,7.599999,0.0,0.0,0.0,0.0,0.0,28.0,42.9,19.5,32.4,-128.7,20.8,0.0,1.0,1.0,1.0,0.0,0.0,1.0,0.0,90.0,90.0,1
2025-04-11 15:53:07,26.53,6.04,3.1,0.7,7.0,0.0,0.0,0.0,0.0,0.0,28.0,42.9,19.5,32.4,-128.7,20.8,0.0,1.0,1.0,1.0,0.0,0.0,1.0,0.0,90.0,90.0,1
2025-04-11 15:53:08,26.55,6.04,3.1,0.7,7.4,0.0,0.0,0.0,0.0,0.0,28.0,42.9,19.5,32.4,-128.7,20.8,0.0,1.0,1.0,1.0,0.0,0.0,1.0,0.0,90.0,90.0,1
2025-04-11 15:53:09,26.58,6.05,3.2,0.7,8.099999,0.0,0.0,0.0,0.0,0.0,28.0,42.9,19.5,32.4,-128.7,20.8,0.0,1.0,1.0,1.0,0.0,0.0,1.0,0.0,90.0,90.0,1
2025-04-11 15:53:10,26.56,6.05,3.1,0.7,7.5,0.0,0.0,0.0,0.0,0.0,28.0,42.9,19.5,32.5,-128.7,20.8,0.0,1.0,1.0,1.0,0.0,0.0,1.0,0.0,90.0,90.0,1
2025-04-11 15:53:11,26.55,6.059999,3.2,0.7,7.099999,0.0,0.0,0.0,0.0,0.0,28.0,42.9,19.5,32.5,-128.7,20.8,0.0,1.0,1.0,1.0,0.0,0.0,1.0,0.0,90.0,90.0,1
2025-04-11 15:53:12,26.54,6.04,3.1,0.7,7.599999,0.0,0.0,0.0,0.0,0.0,28.0,42.9,19.5,32.5,-128.7,20.9,0.0,1.0,1.0,1.0,0.0,0.0,1.0,0.0,90.0,90.0,1
2025-04-11 15:53:13,26.55,6.04,3.1,0.7,7.3,0.0,0.0,0.0,0.0,0.0,28.0,42.9,19.5,32.5,-128.7,20.9,0.0,1.0,1.0,1.0,0.0,0.0,1.0,0.0,90.0,90.0,1
2025-04-11 15:53:14,26.55,6.04,3.2,0.7,7.099999,0.0,0.0,0.0,0.0,0.0,28.0,42.9,19.5,32.5,-128.7,20.9,0.0,1.0,1.0,1.0,0.0,0.0,1.0,0.0,90.0,90.0,1
2025-04-11 15:53:15,26.55,6.05,3.1,0.7,7.9,0.0,0.0,0.0,0.0,0.0,28.0,42.9,19.5,32.5,-128.7,20.9,0.0,1.0,1.0,1.0,0.0,0.0,1.0,0.0,90.0,90.0,1
2025-04-11 15:53:16,26.59,6.04,3.2,0.7,7.5,0.0,0.0,0.0,0.0,0.0,28.0,42.9,19.5,32.5,-128.7,20.9,0.0,1.0,1.0,1.0,0.0,0.0,1.0,0.0,90.0,90.0,1
2025-04-11 15:53:17,26.59,6.05,3.1,0.7,7.4,0.0,0.0,0.0,0.0,0.0,28.0,42.9,19.5,32.5,-128.7,20.9,0.0,1.0,1.0,1.0,0.0,0.0,1.0,0.0,90.0,90.0,1
2025-04-11 15:53:18,26.58,6.04,3.1,0.7,7.7,0.0,0.0,0.0,0.0,0.0,28.0,42.9,19.4,32.5,-128.7,20.9,0.0,1.0,1.0,1.0,0.0,0.0,1.0,0.0,90.0,90.0,1
2025-04-11 15:53:19,26.58,6.05,3.1,0.7,7.599999,0.0,0.0,0.0,0.0,0.0,28.0,42.9,19.4,32.5,-128.7,20.9,0.0,1.0,1.0,1.0,0.0,0.0,1.0,0.0,90.0,90.0,1
2025-04-11 15:53:20,26.59,6.04,3.1,0.7,7.599999,0.0,0.0,0.0,0.0,0.0,28.0,42.9,19.4,32.5,-128.7,20.9,0.0,1.0,1.0,1.0,0.0,0.0,1.0,0.0,90.0,90.0,1
2025-04-11 15:53:21,26.63,6.05,3.2,0.7,7.599999,0.0,0.0,0.0,0.0,0.0,28.0,42.9,19.4,32.5,-128.7,20.9,0.0,1.0,1.0,1.0,0.0,0.0,1.0,0.0,90.0,90.0,1
2025-04-11 15:53:22,26.6,6.04,3.2,0.7,7.3,0.0,0.0,0.0,0.0,0.0,28.0,42.9,19.4,32.5,-128.7,20.9,0.0,1.0,1.0,1.0,0.0,0.0,1.0,0.0,90.0,90.0,1
2025-04-11 15:53:23,26.61,6.05,3.1,0.7,7.2,0.0,0.0,0.0,0.0,0.0,28.0,43.0,19.4,32.5,-128.7,20.9,0.0,1.0,1.0,1.0,0.0,0.0,1.0,0.0,90.0,90.0,1
2025-04-11 15:53:24,26.64,6.04,3.2,0.7,7.5,0.0,0.0,0.0,0.0,0.0,28.0,43.0,19.4,32.5,-128.7,20.9,0.0,1.0,1.0,1.0,0.0,0.0,1.0,0.0,90.0,90.0,1
2025-04-11 15:53:25,26.64,6.05,3.1,0.7,7.8,0.0,0.0,0.0,0.0,0.0,28.0,43.0,19.4,32.5,-128.7,20.9,0.0,1.0,1.0,1.0,0.0,0.0,1.0,0.0,90.0,90.0,1
2025-04-11 15:53:26,26.61,6.04,3.2,0.7,7.2,0.0,0.0,0.0,0.0,0.0,28.0,43.0,19.4,32.5,-128.7,20.9,0.0,1.0,1.0,1.0,0.0,0.0,1.0,0.0,90.0,90.0,1
2025-04-11 15:53:27,26.61,6.04,3.1,0.7,7.7,0.0,0.0,0.0,0.0,0.0,28.0,43.0,19.4,32.5,-128.7,20.9,0.0,1.0,1.0,1.0,0.0,0.0,1.0,0.0,90.0,90.0,1
2025-04-11 15:53:28,26.64,6.059999,3.1,0.7,7.8,0.0,0.0,0.0,0.0,0.0,28.0,43.0,19.4,32.5,-128.7,20.8,0.0,1.0,1.0,1.0,0.0,0.0,1.0,0.0,90.0,90.0,1
2025-04-11 15:53:29,26.63,6.04,3.2,0.7,7.3,0.0,0.0,0.0,0.0,0.0,28.0,43.0,19.4,32.5,-128.7,20.9,0.0,1.0,1.0,1.0,0.0,0.0,1.0,0.0,90.0,90.0,1
2025-04-11 15:53:30,26.64,6.059999,3.1,0.7,7.2,0.0,0.0,0.0,0.0,0.0,28.0,43.0,19.4,32.6,-128.7,20.9,0.0,1.0,1.0,1.0,0.0,0.0,1.0,0.0,90.0,90.0,1
2025-04-11 15:53:31,26.63,6.05,3.2,0.7,7.099999,0.0,0.0,0.0,0.0,0.0,28.0,43.0,19.4,32.6,-128.7,21.0,0.0,1.0,1.0,1.0,0.0,0.0,1.0,0.0,90.0,90.0,1
2025-04-11 15:53:32,26.63,6.059999,3.2,0.7,7.2,0.0,0.0,0.0,0.0,0.0,28.0,42.9,19.4,32.6,-128.7,20.9,0.0,1.0,1.0,1.0,0.0,0.0,1.0,0.0,90.0,90.0,1
2025-04-11 15:53:33,26.64,6.05,3.2,0.7,7.8,0.0,0.0,0.0,0.0,0.0,28.0,42.9,19.4,32.6,-128.7,21.0,0.0,1.0,1.0,1.0,0.0,0.0,1.0,0.0,90.0,90.0,1
2025-04-11 15:53:34,26.65,6.059999,3.2,0.7,7.9,0.0,0.0,0.0,0.0,0.0,28.0,43.0,19.4,32.6,-128.7,21.0,0.0,1.0,1.0,1.0,0.0,0.0,1.0,0.0,90.0,90.0,1
2025-04-11 15:53:35,26.65,6.05,3.2,0.7,7.3,0.0,0.0,0.0,0.0,0.0,28.0,43.0,19.4,32.6,-128.7,21.0,0.0,1.0,1.0,1.0,0.0,0.0,1.0,0.0,90.0,90.0,1
2025-04-11 15:53:36,26.65,6.059999,3.2,0.7,7.5,0.0,0.0,0.0,0.0,0.0,28.0,43.0,19.4,32.6,-128.7,21.0,0.0,1.0,1.0,1.0,0.0,0.0,1.0,0.0,90.0,90.0,1
2025-04-11 15:53:37,26.64,6.05,3.2,0.7,7.5,0.0,0.0,0.0,0.0,0.0,28.0,43.0,19.4,32.6,-128.7,21.0,0.0,1.0,1.0,1.0,0.0,0.0,1.0,0.0,90.0,90.0,1
2025-04-11 15:53:38,26.65,6.04,3.1,0.7,7.2,0.0,0.0,0.0,0.0,0.0,28.0,42.9,19.4,32.6,-128.7,21.0,0.0,1.0,1.0,1.0,0.0,0.0,1.0,0.0,90.0,90.0,1
2025-04-11 15:53:39,26.65,6.05,3.2,0.7,7.099999,0.0,0.0,0.0,0.0,0.0,28.0,42.9,19.4,32.6,-128.7,20.9,0.0,1.0,1.0,1.0,0.0,0.0,1.0,0.0,90.0,90.0,1
2025-04-11 15:53:40,26.65,6.04,3.2,0.7,7.5,0.0,0.0,0.0,0.0,0.0,28.0,42.9,19.4,32.6,-128.7,21.0,0.0,1.0,1.0,1.0,0.0,0.0,1.0,0.0,90.0,90.0,1
2025-04-11 15:53:41,26.65,6.05,3.2,0.7,7.8,0.0,0.0,0.0,0.0,0.0,28.0,42.9,19.4,32.6,-128.7,21.0,0.0,1.0,1.0,1.0,0.0,0.0,1.0,0.0,90.0,90.0,1
2025-04-11 15:53:42,26.64,6.05,3.2,0.7,7.7,0.0,0.0,0.0,0.0,0.0,28.0,42.9,19.4,32.6,-128.7,21.0,0.0,1.0,1.0,1.0,0.0,0.0,1.0,0.0,90.0,90.0,1
2025-04-11 15:53:43,26.65,6.059999,3.2,0.7,7.599999,0.0,0.0,0.0,0.0,0.0,28.0,42.9,19.4,32.6,-128.7,21.0,0.0,1.0,1.0,1.0,0.0,0.0,1.0,0.0,90.0,90.0,1
2025-04-11 15:53:44,26.64,6.04,3.2,0.7,8.2,0.0,0.0,0.0,0.0,0.0,28.0,42.9,19.4,32.6,-128.7,21.0,0.0,1.0,1.0,1.0,0.0,0.0,1.0,0.0,90.0,90.0,1
2025-04-11 15:53:45,26.64,6.05,3.1,0.7,7.5,0.0,0.0,0.0,0.0,0.0,28.0,42.9,19.4,32.6,-128.7,21.0,0.0,1.0,1.0,1.0,0.0,0.0,1.0,0.0,90.0,90.0,1
2025-04-11 15:53:46,26.66,6.04,3.2,0.7,7.099999,0.0,0.0,0.0,0.0,0.0,28.0,42.9,19.4,32.6,-128.7,21.0,0.0,1.0,1.0,1.0,0.0,0.0,1.0,0.0,90.0,90.0,1
2025-04-11 15:53:47,26.67,6.04,3.1,0.7,8.099999,0.0,0.0,0.0,0.0,0.0,28.0,42.9,19.4,32.6,-128.7,21.0,0.0,1.0,1.0,1.0,0.0,0.0,1.0,0.0,90.0,90.0,1
2025-04-11 15:53:48,26.66,6.05,3.1,0.7,7.9,0.0,0.0,0.0,0.0,0.0,28.0,42.9,19.4,32.6,-128.7,21.0,0.0,1.0,1.0,1.0,0.0,0.0,1.0,0.0,90.0,90.0,1
2025-04-11 15:53:49,26.65,6.04,3.2,0.7,7.099999,0.0,0.0,0.0,0.0,0.0,28.0,42.9,19.4,32.6,-128.7,21.0,0.0,1.0,1.0,1.0,0.0,0.0,1.0,0.0,90.0,90.0,1
2025-04-11 15:53:50,26.65,6.04,3.1,0.7,7.7,0.0,0.0,0.0,0.0,0.0,28.0,42.9,19.4,32.6,-128.7,21.0,0.0,1.0,1.0,1.0,0.0,0.0,1.0,0.0,90.0,90.0,1
2025-04-11 15:53:51,26.69,6.04,3.2,0.7,7.5,0.0,0.0,0.0,0.0,0.0,28.0,42.9,19.4,32.6,-128.7,21.0,0.0,1.0,1.0,1.0,0.0,0.0,1.0,0.0,90.0,90.0,1
2025-04-11 15:53:52,26.67,6.05,3.2,0.7,7.5,0.0,0.0,0.0,0.0,0.0,28.0,42.9,19.4,32.6,-128.7,21.0,0.0,1.0,1.0,1.0,0.0,0.0,1.0,0.0,90.0,90.0,1
2025-04-11 15:53:53,26.66,6.04,3.2,0.7,7.0,0.0,0.0,0.0,0.0,0.0,28.0,42.9,19.3,32.6,-128.7,21.0,0.0,1.0,1.0,1.0,0.0,0.0,1.0,0.0,90.0,90.0,1
2025-04-11 15:53:54,26.65,6.05,3.1,0.7,7.7,0.0,0.0,0.0,0.0,0.0,28.0,42.9,19.3,32.6,-128.7,21.0,0.0,1.0,1.0,1.0,0.0,0.0,1.0,0.0,90.0,90.0,1
2025-04-11 15:53:55,26.67,6.03,3.1,0.7,7.4,0.0,0.0,0.0,0.0,0.0,28.0,42.9,19.3,32.6,-128.7,21.1,0.0,1.0,1.0,1.0,0.0,0.0,1.0,0.0,90.0,90.0,1
2025-04-11 15:53:56,26.64,6.05,3.2,0.7,7.7,0.0,0.0,0.0,0.0,0.0,28.0,42.9,19.3,32.6,-128.7,21.0,0.0,1.0,1.0,1.0,0.0,0.0,1.0,0.0,90.0,90.0,1
2025-04-11 15:53:57,26.64,6.04,3.2,0.7,7.5,0.0,0.0,0.0,0.0,0.0,28.0,42.9,19.3,32.6,-128.7,21.0,0.0,1.0,1.0,1.0,0.0,0.0,1.0,0.0,90.0,90.0,1
2025-04-11 15:53:58,26.66,6.04,3.1,0.7,7.9,0.0,0.0,0.0,0.0,0.0,28.0,42.9,19.3,32.6,-128.7,21.0,0.0,1.0,1.0,1.0,0.0,0.0,1.0,0.0,90.0,90.0,1
2025-04-11 15:53:59,26.65,6.04,3.1,0.7,7.2,0.0,0.0,0.0,0.0,0.0,28.0,42.9,19.3,32.6,-128.7,21.0,0.0,1.0,1.0,1.0,0.0,0.0,1.0,0.0,90.0,90.0,1
2025-04-11 15:54:00,26.66,6.04,3.1,0.7,7.0,0.0,0.0,0.0,0.0,0.0,28.0,43.0,19.3,32.6,-128.7,21.0,0.0,1.0,1.0,1.0,0.0,0.0,1.0,0.0,90.0,90.0,1
2025-04-11 15:54:01,26.64,6.04,3.2,0.7,8.2,0.0,0.0,0.0,0.0,0.0,28.0,43.0,19.3,32.6,-128.7,21.0,0.0,1.0,1.0,1.0,0.0,0.0,1.0,0.0,90.0,90.0,1
2025-04-11 15:54:02,26.64,6.04,3.2,0.7,7.599999,0.0,0.0,0.0,0.0,0.0,28.0,43.0,19.3,32.6,-128.7,21.1,0.0,1.0,1.0,1.0,0.0,0.0,1.0,0.0,90.0,90.0,1
2025-04-11 15:54:03,26.65,6.03,3.1,0.7,7.099999,0.0,0.0,0.0,0.0,0.0,28.0,43.0,19.3,32.6,-128.7,21.0,0.0,1.0,1.0,1.0,0.0,0.0,1.0,0.0,90.0,90.0,1
2025-04-11 15:54:04,26.64,6.03,3.2,0.7,7.2,0.0,0.0,0.0,0.0,0.0,28.0,43.0,19.3,32.6,-128.7,21.1,0.0,1.0,1.0,1.0,0.0,0.0,1.0,0.0,90.0,90.0,1
2025-04-11 15:54:05,26.64,6.04,3.1,0.7,7.7,0.0,0.0,0.0,0.0,0.0,28.0,43.0,19.3,32.6,-128.7,21.0,0.0,1.0,1.0,1.0,0.0,0.0,1.0,0.0,90.0,90.0,1
2025-04-11 15:54:06,26.64,6.02,3.1,0.7,7.7,0.0,0.0,0.0,0.0,0.0,28.0,43.0,19.3,32.6,-128.7,21.1,0.0,1.0,1.0,1.0,0.0,0.0,1.0,0.0,90.0,90.0,1
2025-04-11 15:54:07,26.6,6.03,3.1,0.7,7.5,0.0,0.0,0.0,0.0,0.0,28.0,43.0,19.3,32.6,-128.7,21.0,0.0,1.0,1.0,1.0,0.0,0.0,1.0,0.0,90.0,90.0,1
2025-04-11 15:54:08,26.61,6.02,3.1,0.7,7.8,0.0,0.0,0.0,0.0,0.0,28.0,43.0,19.2,32.6,-128.7,21.1,0.0,1.0,1.0,1.0,0.0,0.0,1.0,0.0,90.0,90.0,1
2025-04-11 15:54:09,26.61,6.04,3.1,0.7,7.4,0.0,0.0,0.0,0.0,0.0,28.0,43.0,19.2,32.6,-128.7,21.1,0.0,1.0,1.0,1.0,0.0,0.0,1.0,0.0,90.0,90.0,1
2025-04-11 15:54:10,26.61,6.02,3.1,0.7,7.5,0.0,0.0,0.0,0.0,0.0,28.0,43.0,19.2,32.6,-128.7,21.1,0.0,1.0,1.0,1.0,0.0,0.0,1.0,0.0,90.0,90.0,1
2025-04-11 15:54:11,26.63,6.04,3.1,0.7,7.5,0.0,0.0,0.0,0.0,0.0,28.0,43.0,19.2,32.6,-128.7,21.1,0.0,1.0,1.0,1.0,0.0,0.0,1.0,0.0,90.0,90.0,1
2025-04-11 15:54:12,26.63,6.02,3.2,0.7,7.7,0.0,0.0,0.0,0.0,0.0,28.0,43.0,19.2,32.6,-128.7,21.0,0.0,1.0,1.0,1.0,0.0,0.0,1.0,0.0,90.0,90.0,1
2025-04-11 15:54:13,26.63,6.02,3.1,0.7,7.7,0.0,0.0,0.0,0.0,0.0,28.0,43.0,19.2,32.6,-128.7,21.1,0.0,1.0,1.0,1.0,0.0,0.0,1.0,0.0,90.0,90.0,1
2025-04-11 15:54:14,26.6,6.02,3.2,0.7,7.7,0.0,0.0,0.0,0.0,0.0,28.0,43.0,19.2,32.6,-128.7,21.1,0.0,1.0,1.0,1.0,0.0,0.0,1.0,0.0,90.0,90.0,1
2025-04-11 15:54:15,26.61,6.02,3.1,0.7,8.0,0.0,0.0,0.0,0.0,0.0,28.0,43.0,19.2,32.6,-128.7,21.1,0.0,1.0,1.0,1.0,0.0,0.0,1.0,0.0,90.0,90.0,1
2025-04-11 15:54:16,26.63,6.03,3.1,0.7,7.099999,0.0,0.0,0.0,0.0,0.0,28.0,43.0,19.2,32.6,-128.7,21.0,0.0,1.0,1.0,1.0,0.0,0.0,1.0,0.0,90.0,90.0,1
2025-04-11 15:54:17,26.6,6.02,3.1,0.7,7.2,0.0,0.0,0.0,0.0,0.0,28.0,42.9,19.2,32.6,-128.7,21.1,0.0,1.0,1.0,1.0,0.0,0.0,1.0,0.0,90.0,90.0,1
2025-04-11 15:54:18,26.6,6.02,3.1,0.7,7.2,0.0,0.0,0.0,0.0,0.0,28.0,42.9,19.2,32.6,-128.7,21.1,0.0,1.0,1.0,1.0,0.0,0.0,1.0,0.0,90.0,90.0,1
2025-04-11 15:54:19,26.6,6.02,3.2,0.7,7.099999,0.0,0.0,0.0,0.0,0.0,28.0,42.9,19.2,32.6,-128.7,21.1,0.0,1.0,1.0,1.0,0.0,0.0,1.0,0.0,90.0,90.0,1
2025-04-11 15:54:20,26.6,6.01,3.2,0.7,7.4,0.0,0.0,0.0,0.0,0.0,28.0,42.9,19.2,32.6,-128.7,21.2,0.0,1.0,1.0,1.0,0.0,0.0,1.0,0.0,90.0,90.0,1
2025-04-11 15:54:21,26.6,6.02,3.1,0.7,7.7,0.0,0.0,0.0,0.0,0.0,28.0,42.9,19.2,32.6,-128.7,21.1,0.0,1.0,1.0,1.0,0.0,0.0,1.0,0.0,90.0,90.0,1
2025-04-11 15:54:22,26.58,6.0,3.1,0.7,7.2,0.0,0.0,0.0,0.0,0.0,28.0,42.9,19.2,32.6,-128.7,21.2,0.0,1.0,1.0,1.0,0.0,0.0,1.0,0.0,90.0,90.0,1
2025-04-11 15:54:23,26.58,6.02,3.1,0.7,7.099999,0.0,0.0,0.0,0.0,0.0,28.0,42.9,19.1,32.6,-128.7,21.2,0.0,1.0,1.0,1.0,0.0,0.0,1.0,0.0,90.0,90.0,1
2025-04-11 15:54:24,26.58,6.01,3.2,0.7,7.9,0.0,0.0,0.0,0.0,0.0,28.0,42.9,19.1,32.6,-128.7,21.2,0.0,1.0,1.0,1.0,0.0,0.0,1.0,0.0,90.0,90.0,1
2025-04-11 15:54:25,26.59,6.01,3.1,0.7,7.4,0.0,0.0,0.0,0.0,0.0,28.0,42.9,19.1,32.6,-128.7,21.2,0.0,1.0,1.0,1.0,0.0,0.0,1.0,0.0,90.0,90.0,1
2025-04-11 15:54:26,26.6,6.02,3.1,0.7,7.2,0.0,0.0,0.0,0.0,0.0,28.0,42.9,19.1,32.6,-128.7,21.2,0.0,1.0,1.0,1.0,0.0,0.0,1.0,0.0,90.0,90.0,1
2025-04-11 15:54:27,26.56,6.0,3.2,0.7,7.7,0.0,0.0,0.0,0.0,0.0,28.0,42.9,19.1,32.6,-128.7,21.2,0.0,1.0,1.0,1.0,0.0,0.0,1.0,0.0,90.0,90.0,1
2025-04-11 15:54:28,26.55,6.02,3.1,0.7,7.599999,0.0,0.0,0.0,0.0,0.0,28.0,42.9,19.1,32.6,-128.7,21.2,0.0,1.0,1.0,1.0,0.0,0.0,1.0,0.0,90.0,90.0,1
2025-04-11 15:54:29,26.56,6.0,3.1,0.7,7.9,0.0,0.0,0.0,0.0,0.0,28.0,42.9,19.1,32.6,-128.7,21.2,0.0,1.0,1.0,1.0,0.0,0.0,1.0,0.0,90.0,90.0,1
2025-04-11 15:54:30,26.56,6.01,3.2,0.7,7.2,0.0,0.0,0.0,0.0,0.0,28.0,42.9,19.1,32.6,-128.7,21.2,0.0,1.0,1.0,1.0,0.0,0.0,1.0,0.0,90.0,90.0,1
2025-04-11 15:54:31,26.58,6.0,3.1,0.7,7.4,0.0,0.0,0.0,0.0,0.0,28.0,42.9,19.1,32.6,-128.7,21.2,0.0,1.0,1.0,1.0,0.0,0.0,1.0,0.0,90.0,90.0,1
2025-04-11 15:54:32,26.56,6.0,3.2,0.7,7.4,0.0,0.0,0.0,0.0,0.0,28.0,42.9,19.1,32.6,-128.7,21.2,0.0,1.0,1.0,1.0,0.0,0.0,1.0,0.0,90.0,90.0,1
2025-04-11 15:54:33,26.55,6.0,3.1,0.7,7.5,0.0,0.0,0.0,0.0,0.0,28.0,42.9,19.1,32.6,-128.7,21.2,0.0,1.0,1.0,1.0,0.0,0.0,1.0,0.0,90.0,90.0,1
2025-04-11 15:54:34,26.55,5.99,3.1,0.7,7.5,0.0,0.0,0.0,0.0,0.0,28.0,42.9,19.1,32.6,-128.7,21.2,0.0,1.0,1.0,1.0,0.0,0.0,1.0,0.0,90.0,90.0,1
2025-04-11 15:54:35,26.59,6.0,3.2,0.7,7.7,0.0,0.0,0.0,0.0,0.0,28.0,42.9,19.1,32.6,-128.7,21.2,0.0,1.0,1.0,1.0,0.0,0.0,1.0,0.0,90.0,90.0,1
2025-04-11 15:54:36,26.55,6.0,3.1,0.7,7.9,0.0,0.0,0.0,0.0,0.0,28.0,42.9,19.1,32.6,-128.7,21.3,0.0,1.0,1.0,1.0,0.0,0.0,1.0,0.0,90.0,90.0,1
2025-04-11 15:54:37,26.53,5.99,3.2,0.7,7.099999,0.0,0.0,0.0,0.0,0.0,28.0,42.9,19.1,32.6,-128.7,21.3,0.0,1.0,1.0,1.0,0.0,0.0,1.0,0.0,90.0,90.0,1
2025-04-11 15:54:38,26.53,6.0,3.2,0.7,7.2,0.0,0.0,0.0,0.0,0.0,28.0,42.9,19.1,32.6,-128.7,21.3,0.0,1.0,1.0,1.0,0.0,0.0,1.0,0.0,90.0,90.0,1
2025-04-11 15:54:39,26.53,5.99,3.1,0.7,7.8,0.0,0.0,0.0,0.0,0.0,28.0,42.9,19.1,32.6,-128.7,21.3,0.0,1.0,1.0,1.0,0.0,0.0,1.0,0.0,90.0,90.0,1
2025-04-11 15:54:40,26.54,6.0,3.1,0.7,7.7,0.0,0.0,0.0,0.0,0.0,28.0,42.9,19.0,32.6,-128.7,21.3,0.0,1.0,1.0,1.0,0.0,0.0,1.0,0.0,90.0,90.0,1
2025-04-11 15:54:41,26.54,5.99,3.1,0.7,7.2,0.0,0.0,0.0,0.0,0.0,28.0,42.8,19.0,32.6,-128.7,21.2,0.0,1.0,1.0,1.0,0.0,0.0,1.0,0.0,90.0,90.0,1
2025-04-11 15:54:42,26.52,5.99,3.2,0.7,7.599999,0.0,0.0,0.0,0.0,0.0,28.0,42.8,19.0,32.6,-128.7,21.3,0.0,1.0,1.0,1.0,0.0,0.0,1.0,0.0,90.0,90.0,1
2025-04-11 15:54:43,26.52,5.99,3.2,0.7,8.0,0.0,0.0,0.0,0.0,0.0,28.0,42.8,19.0,32.6,-128.7,21.3,0.0,1.0,1.0,1.0,0.0,0.0,1.0,0.0,90.0,90.0,1
2025-04-11 15:54:44,26.5,5.98,3.2,0.7,7.099999,0.0,0.0,0.0,0.0,0.0,28.0,42.8,19.0,32.6,-128.7,21.3,0.0,1.0,1.0,1.0,0.0,0.0,1.0,0.0,90.0,90.0,1
2025-04-11 15:54:45,26.52,5.99,3.1,0.7,7.4,0.0,0.0,0.0,0.0,0.0,28.0,42.8,19.0,32.6,-128.7,21.3,0.0,1.0,1.0,1.0,0.0,0.0,1.0,0.0,90.0,90.0,1
2025-04-11 15:54:46,26.49,5.99,3.1,0.7,7.599999,0.0,0.0,0.0,0.0,0.0,28.0,42.8,19.0,32.6,-128.7,21.3,0.0,1.0,1.0,1.0,0.0,0.0,1.0,0.0,90.0,90.0,1
2025-04-11 15:54:47,26.5,5.97,3.1,0.7,7.3,0.0,0.0,0.0,0.0,0.0,28.0,42.8,19.0,32.6,-128.7,21.4,0.0,1.0,1.0,1.0,0.0,0.0,1.0,0.0,90.0,90.0,1
2025-04-11 15:54:48,26.49,5.98,3.1,0.7,7.4,0.0,0.0,0.0,0.0,0.0,28.0,42.8,19.0,32.6,-128.7,21.3,0.0,1.0,1.0,1.0,0.0,0.0,1.0,0.0,90.0,90.0,1
2025-04-11 15:54:49,26.5,5.98,3.1,0.7,7.8,0.0,0.0,0.0,0.0,0.0,28.0,42.8,19.0,32.6,-128.7,21.3,0.0,1.0,1.0,1.0,0.0,0.0,1.0,0.0,90.0,90.0,1
2025-04-11 15:54:50,26.48,5.99,3.2,0.7,7.7,0.0,0.0,0.0,0.0,0.0,28.0,42.8,19.0,32.6,-128.7,21.3,0.0,1.0,1.0,1.0,0.0,0.0,1.0,0.0,90.0,90.0,1
2025-04-11 15:54:51,26.45,5.97,3.2,0.7,7.2,0.0,0.0,0.0,0.0,0.0,28.0,42.8,19.0,32.6,-128.7,21.3,0.0,1.0,1.0,1.0,0.0,0.0,1.0,0.0,90.0,90.0,1
2025-04-11 15:54:52,26.47,5.98,3.1,0.7,7.2,0.0,0.0,0.0,0.0,0.0,28.0,42.8,19.0,32.6,-128.7,21.3,0.0,1.0,1.0,1.0,0.0,0.0,1.0,0.0,90.0,90.0,1
2025-04-11 15:54:53,26.48,5.98,3.1,0.7,7.0,0.0,0.0,0.0,0.0,0.0,28.0,42.8,19.0,32.6,-128.7,21.4,0.0,1.0,1.0,1.0,0.0,0.0,1.0,0.0,90.0,90.0,1
2025-04-11 15:54:54,26.47,5.97,3.1,0.7,7.7,0.0,0.0,0.0,0.0,0.0,28.0,42.8,19.0,32.6,-128.7,21.4,0.0,1.0,1.0,1.0,0.0,0.0,1.0,0.0,90.0,90.0,1
2025-04-11 15:54:55,26.45,5.99,3.2,0.7,8.2,0.0,0.0,0.0,0.0,0.0,28.0,42.8,19.0,32.6,-128.7,21.4,0.0,1.0,1.0,1.0,0.0,0.0,1.0,0.0,90.0,90.0,1
2025-04-11 15:54:56,26.43,5.97,3.1,0.7,7.4,0.0,0.0,0.0,0.0,0.0,28.0,42.7,19.0,32.6,-128.7,21.4,0.0,1.0,1.0,1.0,0.0,0.0,1.0,0.0,90.0,90.0,1
2025-04-11 15:54:57,26.45,5.97,3.1,0.7,7.2,0.0,0.0,0.0,0.0,0.0,28.0,42.7,18.9,32.6,-128.7,21.3,0.0,1.0,1.0,1.0,0.0,0.0,1.0,0.0,90.0,90.0,1
2025-04-11 15:54:58,26.44,5.97,3.1,0.7,6.9,0.0,0.0,0.0,0.0,0.0,28.0,42.7,18.9,32.6,-128.7,21.4,0.0,1.0,1.0,1.0,0.0,0.0,1.0,0.0,90.0,90.0,1
2025-04-11 15:54:59,26.43,5.97,3.2,0.7,7.5,0.0,0.0,0.0,0.0,0.0,28.0,42.7,18.9,32.6,-128.7,21.4,0.0,1.0,1.0,1.0,0.0,0.0,1.0,0.0,90.0,90.0,1
2025-04-11 15:55:00,26.45,5.99,3.1,0.7,7.599999,0.0,0.0,0.0,0.0,0.0,28.0,42.7,18.9,32.6,-128.7,21.4,0.0,1.0,1.0,1.0,0.0,0.0,1.0,0.0,90.0,90.0,1
2025-04-11 15:55:01,26.44,5.97,3.1,0.7,7.4,0.0,0.0,0.0,0.0,0.0,28.0,42.7,18.9,32.6,-128.7,21.4,0.0,1.0,1.0,1.0,0.0,0.0,1.0,0.0,90.0,90.0,1
2025-04-11 15:55:02,26.45,5.97,3.1,0.7,7.599999,0.0,0.0,0.0,0.0,0.0,28.0,42.7,18.9,32.6,-128.7,21.4,0.0,1.0,1.0,1.0,0.0,0.0,1.0,0.0,90.0,90.0,1
2025-04-11 15:55:03,26.44,5.98,3.1,0.7,7.7,0.0,0.0,0.0,0.0,0.0,28.0,42.7,18.9,32.6,-128.7,21.3,0.0,1.0,1.0,1.0,0.0,0.0,1.0,0.0,90.0,90.0,1
2025-04-11 15:55:04,26.43,5.97,3.1,0.7,7.3,0.0,0.0,0.0,0.0,0.0,28.0,42.7,18.9,32.6,-128.7,21.4,0.0,1.0,1.0,1.0,0.0,0.0,1.0,0.0,90.0,90.0,1
2025-04-11 15:55:05,26.44,5.98,3.1,0.7,7.099999,0.0,0.0,0.0,0.0,0.0,28.0,42.7,18.9,32.6,-128.7,21.3,0.0,1.0,1.0,1.0,0.0,0.0,1.0,0.0,90.0,90.0,1
2025-04-11 15:55:06,26.44,5.97,3.1,0.7,7.099999,0.0,0.0,0.0,0.0,0.0,28.0,42.7,18.9,32.6,-128.7,21.4,0.0,1.0,1.0,1.0,0.0,0.0,1.0,0.0,90.0,90.0,1
2025-04-11 15:55:07,26.44,5.97,3.1,0.7,7.7,0.0,0.0,0.0,0.0,0.0,28.0,42.7,18.9,32.6,-128.7,21.3,0.0,1.0,1.0,1.0,0.0,0.0,1.0,0.0,90.0,90.0,1
2025-04-11 15:55:08,26.43,5.97,3.1,0.7,7.7,0.0,0.0,0.0,0.0,0.0,28.0,42.7,18.9,32.6,-128.7,21.4,0.0,1.0,1.0,1.0,0.0,0.0,1.0,0.0,90.0,90.0,1
2025-04-11 15:55:09,26.42,5.97,3.1,0.7,7.0,0.0,0.0,0.0,0.0,0.0,28.0,42.7,18.9,32.6,-128.7,21.4,0.0,1.0,1.0,1.0,0.0,0.0,1.0,0.0,90.0,90.0,1
2025-04-11 15:55:10,26.41,5.98,3.1,0.7,7.099999,0.0,0.0,0.0,0.0,0.0,28.0,42.7,18.9,32.6,-128.7,21.3,0.0,1.0,1.0,1.0,0.0,0.0,1.0,0.0,90.0,90.0,1
2025-04-11 15:55:11,26.41,5.97,3.1,0.7,7.3,0.0,0.0,0.0,0.0,0.0,28.0,42.7,18.9,32.5,-128.7,21.3,0.0,1.0,1.0,1.0,0.0,0.0,1.0,0.0,90.0,90.0,1
2025-04-11 15:55:12,26.42,5.97,3.2,0.7,7.599999,0.0,0.0,0.0,0.0,0.0,28.0,42.7,18.9,32.5,-128.7,21.3,0.0,1.0,1.0,1.0,0.0,0.0,1.0,0.0,90.0,90.0,1
2025-04-11 15:55:13,26.41,5.97,3.1,0.7,7.4,0.0,0.0,0.0,0.0,0.0,28.0,42.6,18.9,32.5,-128.7,21.3,0.0,1.0,1.0,1.0,0.0,0.0,1.0,0.0,90.0,90.0,1
2025-04-11 15:55:14,26.39,5.96,3.1,0.7,7.5,0.0,0.0,0.0,0.0,0.0,28.0,42.6,18.9,32.5,-128.7,21.3,0.0,1.0,1.0,1.0,0.0,0.0,1.0,0.0,90.0,90.0,1
2025-04-11 15:55:15,26.41,5.98,3.1,0.7,7.599999,0.0,0.0,0.0,0.0,0.0,28.0,42.6,18.9,32.5,-128.7,21.3,0.0,1.0,1.0,1.0,0.0,0.0,1.0,0.0,90.0,90.0,1
2025-04-11 15:55:16,26.39,5.97,3.1,0.7,7.2,0.0,0.0,0.0,0.0,0.0,28.0,42.6,18.9,32.5,-128.7,21.3,0.0,1.0,1.0,1.0,0.0,0.0,1.0,0.0,90.0,90.0,1
2025-04-11 15:55:17,26.37,5.97,3.2,0.7,7.5,0.0,0.0,0.0,0.0,0.0,28.0,42.6,18.8,32.5,-128.7,21.2,0.0,1.0,1.0,1.0,0.0,0.0,1.0,0.0,90.0,90.0,1
2025-04-11 15:55:18,26.37,5.97,3.2,0.7,7.9,0.0,0.0,0.0,0.0,0.0,28.0,42.6,18.8,32.5,-128.7,21.3,0.0,1.0,1.0,1.0,0.0,0.0,1.0,0.0,90.0,90.0,1
2025-04-11 15:55:19,26.38,5.97,3.1,0.7,7.3,0.0,0.0,0.0,0.0,0.0,28.0,42.6,18.8,32.5,-128.7,21.3,0.0,1.0,1.0,1.0,0.0,0.0,1.0,0.0,90.0,90.0,1
2025-04-11 15:55:20,26.39,5.97,3.2,0.7,6.9,0.0,0.0,0.0,0.0,0.0,28.0,42.6,18.8,32.5,-128.7,21.3,0.0,1.0,1.0,1.0,0.0,0.0,1.0,0.0,90.0,90.0,1
2025-04-11 15:55:21,26.38,5.97,3.1,0.7,7.2,0.0,0.0,0.0,0.0,0.0,28.0,42.6,18.8,32.5,-128.7,21.3,0.0,1.0,1.0,1.0,0.0,0.0,1.0,0.0,90.0,90.0,1
2025-04-11 15:55:22,26.36,5.97,3.1,0.7,7.8,0.0,0.0,0.0,0.0,0.0,28.0,42.6,18.8,32.5,-128.7,21.3,0.0,1.0,1.0,1.0,0.0,0.0,1.0,0.0,90.0,90.0,1
2025-04-11 15:55:23,26.34,5.97,3.1,0.7,7.599999,0.0,0.0,0.0,0.0,0.0,28.0,42.6,18.8,32.5,-128.7,21.3,0.0,1.0,1.0,1.0,0.0,0.0,1.0,0.0,90.0,90.0,1
2025-04-11 15:55:24,26.36,5.96,3.1,0.7,7.3,0.0,0.0,0.0,0.0,0.0,28.0,42.6,18.8,32.5,-128.7,21.3,0.0,1.0,1.0,1.0,0.0,0.0,1.0,0.0,90.0,90.0,1
2025-04-11 15:55:25,26.36,5.97,3.1,0.7,7.5,0.0,0.0,0.0,0.0,0.0,28.0,42.6,18.8,32.5,-128.7,21.3,0.0,1.0,1.0,1.0,0.0,0.0,1.0,0.0,90.0,90.0,1
2025-04-11 15:55:26,26.33,5.97,3.2,0.7,7.099999,0.0,0.0,0.0,0.0,0.0,28.0,42.6,18.8,32.5,-128.7,21.3,0.0,1.0,1.0,1.0,0.0,0.0,1.0,0.0,90.0,90.0,1
2025-04-11 15:55:27,26.34,5.97,3.1,0.7,7.4,0.0,0.0,0.0,0.0,0.0,28.0,42.6,18.8,32.5,-128.7,21.3,0.0,1.0,1.0,1.0,0.0,0.0,1.0,0.0,90.0,90.0,1
2025-04-11 15:55:28,26.36,5.97,3.1,0.7,7.2,0.0,0.0,0.0,0.0,0.0,28.0,42.5,18.8,32.5,-128.7,21.3,0.0,1.0,1.0,1.0,0.0,0.0,1.0,0.0,90.0,90.0,1
2025-04-11 15:55:29,26.36,5.96,3.1,0.7,7.599999,0.0,0.0,0.0,0.0,0.0,28.0,42.5,18.8,32.5,-128.7,21.3,0.0,1.0,1.0,1.0,0.0,0.0,1.0,0.0,90.0,90.0,1
2025-04-11 15:55:30,26.33,5.97,3.1,0.7,8.0,0.0,0.0,0.0,0.0,0.0,28.0,42.5,18.8,32.5,-128.7,21.3,0.0,1.0,1.0,1.0,0.0,0.0,1.0,0.0,90.0,90.0,1
2025-04-11 15:55:31,26.31,5.96,3.2,0.7,7.7,0.0,0.0,0.0,0.0,0.0,28.0,42.5,18.8,32.5,-128.7,21.3,0.0,1.0,1.0,1.0,0.0,0.0,1.0,0.0,90.0,90.0,1
2025-04-11 15:55:32,26.31,5.96,3.1,0.7,7.9,0.0,0.0,0.0,0.0,0.0,28.0,42.5,18.8,32.5,-128.7,21.3,0.0,1.0,1.0,1.0,0.0,0.0,1.0,0.0,90.0,90.0,1
2025-04-11 15:55:33,26.32,5.96,3.2,0.7,6.8,0.0,0.0,0.0,0.0,0.0,28.0,42.5,18.8,32.5,-128.7,21.4,0.0,1.0,1.0,1.0,0.0,0.0,1.0,0.0,90.0,90.0,1
2025-04-11 15:55:34,26.33,5.96,3.1,0.7,7.4,0.0,0.0,0.0,0.0,0.0,28.0,42.5,18.8,32.5,-128.7,21.3,0.0,1.0,1.0,1.0,0.0,0.0,1.0,0.0,90.0,90.0,1
2025-04-11 15:55:35,26.32,5.96,3.1,0.7,7.5,0.0,0.0,0.0,0.0,0.0,28.0,42.5,18.8,32.5,-128.7,21.4,0.0,1.0,1.0,1.0,0.0,0.0,1.0,0.0,90.0,90.0,1
2025-04-11 15:55:36,26.31,5.95,3.1,0.7,8.0,0.0,0.0,0.0,0.0,0.0,28.0,42.5,18.7,32.5,-128.7,21.4,0.0,1.0,1.0,1.0,0.0,0.0,1.0,0.0,90.0,90.0,1
2025-04-11 15:55:37,26.32,5.96,3.1,0.7,7.3,0.0,0.0,0.0,0.0,0.0,28.0,42.5,18.7,32.5,-128.7,21.3,0.0,1.0,1.0,1.0,0.0,0.0,1.0,0.0,90.0,90.0,1
2025-04-11 15:55:38,26.31,5.96,3.1,0.7,7.8,0.0,0.0,0.0,0.0,0.0,28.0,42.5,18.7,32.5,-128.7,21.3,0.0,1.0,1.0,1.0,0.0,0.0,1.0,0.0,90.0,90.0,1
2025-04-11 15:55:39,26.3,5.95,3.2,0.7,7.7,0.0,0.0,0.0,0.0,0.0,28.0,42.5,18.7,32.5,-128.7,21.3,0.0,1.0,1.0,1.0,0.0,0.0,1.0,0.0,90.0,90.0,1
2025-04-11 15:55:40,26.3,5.97,3.1,0.7,7.099999,0.0,0.0,0.0,0.0,0.0,28.0,42.5,18.7,32.5,-128.7,21.3,0.0,1.0,1.0,1.0,0.0,0.0,1.0,0.0,90.0,90.0,1
2025-04-11 15:55:41,26.3,5.95,3.1,0.7,7.7,0.0,0.0,0.0,0.0,0.0,28.0,42.5,18.7,32.5,-128.7,21.4,0.0,1.0,1.0,1.0,0.0,0.0,1.0,0.0,90.0,90.0,1
2025-04-11 15:55:42,26.32,5.96,3.1,0.7,7.099999,0.0,0.0,0.0,0.0,0.0,28.0,42.5,18.7,32.5,-128.7,21.3,0.0,1.0,1.0,1.0,0.0,0.0,1.0,0.0,90.0,90.0,1
2025-04-11 15:55:43,26.31,5.97,3.1,0.7,7.3,0.0,0.0,0.0,0.0,0.0,28.0,42.5,18.7,32.5,-128.7,21.4,0.0,1.0,1.0,1.0,0.0,0.0,1.0,0.0,90.0,90.0,1
2025-04-11 15:55:44,26.28,5.94,3.1,0.7,7.4,0.0,0.0,0.0,0.0,0.0,28.0,42.5,18.7,32.5,-128.7,21.3,0.0,1.0,1.0,1.0,0.0,0.0,1.0,0.0,90.0,90.0,1
2025-04-11 15:55:45,26.27,5.96,3.1,0.7,7.599999,0.0,0.0,0.0,0.0,0.0,28.0,42.5,18.7,32.5,-128.7,21.4,0.0,1.0,1.0,1.0,0.0,0.0,1.0,0.0,90.0,90.0,1
2025-04-11 15:55:46,26.28,5.96,3.1,0.7,7.0,0.0,0.0,0.0,0.0,0.0,28.0,42.5,18.7,32.5,-128.7,21.3,0.0,1.0,1.0,1.0,0.0,0.0,1.0,0.0,90.0,90.0,1
2025-04-11 15:55:47,26.26,5.97,3.1,0.7,6.9,0.0,0.0,0.0,0.0,0.0,28.0,42.5,18.7,32.4,-128.7,21.2,0.0,1.0,1.0,1.0,0.0,0.0,1.0,0.0,90.0,90.0,1
2025-04-11 15:55:48,26.26,5.97,3.1,0.7,7.7,0.0,0.0,0.0,0.0,0.0,28.0,42.5,18.7,32.4,-128.7,21.3,0.0,1.0,1.0,1.0,0.0,0.0,1.0,0.0,90.0,90.0,1
2025-04-11 15:55:49,26.25,5.95,3.1,0.7,7.0,0.0,0.0,0.0,0.0,0.0,28.0,42.5,18.7,32.4,-128.7,21.2,0.0,1.0,1.0,1.0,0.0,0.0,1.0,0.0,90.0,90.0,1
2025-04-11 15:55:50,26.27,5.97,3.1,0.7,7.599999,0.0,0.0,0.0,0.0,0.0,28.0,42.5,18.7,32.4,-128.7,21.3,0.0,1.0,1.0,1.0,0.0,0.0,1.0,0.0,90.0,90.0,1
2025-04-11 15:55:51,26.25,5.95,3.1,0.7,6.9,0.0,0.0,0.0,0.0,0.0,28.0,42.5,18.7,32.4,-128.7,21.3,0.0,1.0,1.0,1.0,0.0,0.0,1.0,0.0,90.0,90.0,1
2025-04-11 15:55:52,26.26,5.96,3.1,0.7,7.599999,0.0,0.0,0.0,0.0,0.0,28.0,42.5,18.7,32.4,-128.7,21.2,0.0,1.0,1.0,1.0,0.0,0.0,1.0,0.0,90.0,90.0,1
2025-04-11 15:55:53,26.25,5.95,3.1,0.7,7.8,0.0,0.0,0.0,0.0,0.0,28.0,42.5,18.7,32.4,-128.7,21.3,0.0,1.0,1.0,1.0,0.0,0.0,1.0,0.0,90.0,90.0,1
2025-04-11 15:55:54,26.23,5.94,3.1,0.7,7.2,0.0,0.0,0.0,0.0,0.0,28.0,42.5,18.6,32.4,-128.7,21.2,0.0,1.0,1.0,1.0,0.0,0.0,1.0,0.0,90.0,90.0,1
2025-04-11 15:55:55,26.26,5.96,3.1,0.7,7.099999,0.0,0.0,0.0,0.0,0.0,28.0,42.5,18.6,32.4,-128.7,21.3,0.0,1.0,1.0,1.0,0.0,0.0,1.0,0.0,90.0,90.0,1
2025-04-11 15:55:56,26.23,5.95,3.1,0.7,7.599999,0.0,0.0,0.0,0.0,0.0,28.0,42.4,18.6,32.4,-128.7,21.2,0.0,1.0,1.0,1.0,0.0,0.0,1.0,0.0,90.0,90.0,1
2025-04-11 15:55:57,26.26,5.97,3.1,0.7,7.2,0.0,0.0,0.0,0.0,0.0,28.0,42.4,18.6,32.4,-128.7,21.2,0.0,1.0,1.0,1.0,0.0,0.0,1.0,0.0,90.0,90.0,1
2025-04-11 15:55:58,26.25,5.94,3.1,0.7,7.4,0.0,0.0,0.0,0.0,0.0,28.0,42.4,18.6,32.4,-128.7,21.3,0.0,1.0,1.0,1.0,0.0,0.0,1.0,0.0,90.0,90.0,1
2025-04-11 15:55:59,26.23,5.95,3.1,0.7,7.4,0.0,0.0,0.0,0.0,0.0,28.0,42.4,18.6,32.4,-128.7,21.3,0.0,1.0,1.0,1.0,0.0,0.0,1.0,0.0,90.0,90.0,1
2025-04-11 15:56:00,26.22,5.96,3.1,0.7,7.4,0.0,0.0,0.0,0.0,0.0,28.0,42.4,18.6,32.4,-128.7,21.3,0.0,1.0,1.0,1.0,0.0,0.0,1.0,0.0,90.0,90.0,1
2025-04-11 15:56:01,26.23,5.94,3.1,0.7,7.599999,0.0,0.0,0.0,0.0,0.0,28.0,42.4,18.6,32.4,-128.7,21.2,0.0,1.0,1.0,1.0,0.0,0.0,1.0,0.0,90.0,90.0,1
2025-04-11 15:56:02,26.23,5.96,3.1,0.7,7.5,0.0,0.0,0.0,0.0,0.0,28.0,42.4,18.6,32.4,-128.7,21.2,0.0,1.0,1.0,1.0,0.0,0.0,1.0,0.0,90.0,90.0,1
2025-04-11 15:56:03,26.22,5.95,3.1,0.7,6.9,0.0,0.0,0.0,0.0,0.0,28.0,42.4,18.6,32.4,-128.7,21.3,0.0,1.0,1.0,1.0,0.0,0.0,1.0,0.0,90.0,90.0,1
2025-04-11 15:56:04,26.21,5.96,3.1,0.7,7.599999,0.0,0.0,0.0,0.0,0.0,28.0,42.4,18.6,32.4,-128.7,21.3,0.0,1.0,1.0,1.0,0.0,0.0,1.0,0.0,90.0,90.0,1
2025-04-11 15:56:05,26.22,5.96,3.1,0.7,7.5,0.0,0.0,0.0,0.0,0.0,28.0,42.4,18.6,32.4,-128.7,21.3,0.0,1.0,1.0,1.0,0.0,0.0,1.0,0.0,90.0,90.0,1
2025-04-11 15:56:06,26.2,5.95,3.1,0.7,7.4,0.0,0.0,0.0,0.0,0.0,28.0,42.4,18.6,32.4,-128.7,21.3,0.0,1.0,1.0,1.0,0.0,0.0,1.0,0.0,90.0,90.0,1
2025-04-11 15:56:07,26.19,5.95,3.1,0.7,7.599999,0.0,0.0,0.0,0.0,0.0,28.0,42.4,18.6,32.4,-128.7,21.3,0.0,1.0,1.0,1.0,0.0,0.0,1.0,0.0,90.0,90.0,1
2025-04-11 15:56:08,26.19,5.95,3.1,0.7,7.9,0.0,0.0,0.0,0.0,0.0,28.0,42.4,18.6,32.4,-128.7,21.3,0.0,1.0,1.0,1.0,0.0,0.0,1.0,0.0,90.0,90.0,1
2025-04-11 15:56:09,26.2,5.94,3.1,0.7,7.599999,0.0,0.0,0.0,0.0,0.0,28.0,42.3,18.6,32.4,-128.7,21.3,0.0,1.0,1.0,1.0,0.0,0.0,1.0,0.0,90.0,90.0,1
2025-04-11 15:56:10,26.19,5.96,3.1,0.7,7.4,0.0,0.0,0.0,0.0,0.0,28.0,42.3,18.6,32.4,-128.7,21.3,0.0,1.0,1.0,1.0,0.0,0.0,1.0,0.0,90.0,90.0,1
2025-04-11 15:56:11,26.19,5.94,3.1,0.7,7.5,0.0,0.0,0.0,0.0,0.0,28.0,42.3,18.5,32.4,-128.7,21.3,0.0,1.0,1.0,1.0,0.0,0.0,1.0,0.0,90.0,90.0,1
2025-04-11 15:56:12,26.2,5.94,3.1,0.7,7.8,0.0,0.0,0.0,0.0,0.0,28.0,42.3,18.5,32.4,-128.7,21.3,0.0,1.0,1.0,1.0,0.0,0.0,1.0,0.0,90.0,90.0,1
2025-04-11 15:56:13,26.19,5.95,3.1,0.7,7.2,0.0,0.0,0.0,0.0,0.0,28.0,42.3,18.5,32.4,-128.7,21.3,0.0,1.0,1.0,1.0,0.0,0.0,1.0,0.0,90.0,90.0,1
2025-04-11 15:56:14,26.19,5.94,3.1,0.7,7.3,0.0,0.0,0.0,0.0,0.0,28.0,42.3,18.5,32.4,-128.7,21.3,0.0,1.0,1.0,1.0,0.0,0.0,1.0,0.0,90.0,90.0,1
2025-04-11 15:56:15,26.17,5.95,3.1,0.7,8.0,0.0,0.0,0.0,0.0,0.0,28.0,42.3,18.5,32.4,-128.7,21.3,0.0,1.0,1.0,1.0,0.0,0.0,1.0,0.0,90.0,90.0,1
2025-04-11 15:56:16,26.14,5.94,3.1,0.7,7.2,0.0,0.0,0.0,0.0,0.0,28.0,42.3,18.5,32.4,-128.7,21.3,0.0,1.0,1.0,1.0,0.0,0.0,1.0,0.0,90.0,90.0,1
2025-04-11 15:56:17,26.14,5.94,3.1,0.7,7.599999,0.0,0.0,0.0,0.0,0.0,28.0,42.3,18.5,32.4,-128.7,21.2,0.0,1.0,1.0,1.0,0.0,0.0,1.0,0.0,90.0,90.0,1
2025-04-11 15:56:18,26.15,5.94,3.1,0.7,7.8,0.0,0.0,0.0,0.0,0.0,28.0,42.3,18.5,32.4,-128.7,21.3,0.0,1.0,1.0,1.0,0.0,0.0,1.0,0.0,90.0,90.0,1
2025-04-11 15:56:19,26.14,5.94,3.1,0.7,7.599999,0.0,0.0,0.0,0.0,0.0,28.0,42.3,18.5,32.4,-128.7,21.3,0.0,1.0,1.0,1.0,0.0,0.0,1.0,0.0,90.0,90.0,1
2025-04-11 15:56:20,26.14,5.95,3.1,0.7,8.0,0.0,0.0,0.0,0.0,0.0,28.0,42.3,18.5,32.4,-128.7,21.3,0.0,1.0,1.0,1.0,0.0,0.0,1.0,0.0,90.0,90.0,1
2025-04-11 15:56:21,26.14,5.94,3.1,0.7,7.7,0.0,0.0,0.0,0.0,0.0,28.0,42.3,18.5,32.4,-128.7,21.3,0.0,1.0,1.0,1.0,0.0,0.0,1.0,0.0,90.0,90.0,1
2025-04-11 15:56:22,26.15,5.94,3.1,0.7,7.2,0.0,0.0,0.0,0.0,0.0,28.0,42.3,18.5,32.4,-128.7,21.3,0.0,1.0,1.0,1.0,0.0,0.0,1.0,0.0,90.0,90.0,1
2025-04-11 15:56:23,26.15,5.94,3.1,0.7,7.0,0.0,0.0,0.0,0.0,0.0,28.0,42.3,18.5,32.4,-128.7,21.3,0.0,1.0,1.0,1.0,0.0,0.0,1.0,0.0,90.0,90.0,1
2025-04-11 15:56:24,26.14,5.94,3.1,0.7,7.4,0.0,0.0,0.0,0.0,0.0,28.0,42.3,18.5,32.4,-128.7,21.3,0.0,1.0,1.0,1.0,0.0,0.0,1.0,0.0,90.0,90.0,1
2025-04-11 15:56:25,26.12,5.94,3.1,0.7,7.8,0.0,0.0,0.0,0.0,0.0,28.0,42.3,18.5,32.4,-128.7,21.2,0.0,1.0,1.0,1.0,0.0,0.0,1.0,0.0,90.0,90.0,1
2025-04-11 15:56:26,26.11,5.94,3.1,0.7,7.599999,0.0,0.0,0.0,0.0,0.0,28.0,42.3,18.5,32.3,-128.7,21.2,0.0,1.0,1.0,1.0,0.0,0.0,1.0,0.0,90.0,90.0,1
2025-04-11 15:56:27,26.14,5.95,3.1,0.7,7.7,0.0,0.0,0.0,0.0,0.0,28.0,42.3,18.5,32.3,-128.7,21.2,0.0,1.0,1.0,1.0,0.0,0.0,1.0,0.0,90.0,90.0,1
2025-04-11 15:56:28,26.14,5.94,3.1,0.7,7.3,0.0,0.0,0.0,0.0,0.0,28.0,42.3,18.5,32.3,-128.7,21.2,0.0,1.0,1.0,1.0,0.0,0.0,1.0,0.0,90.0,90.0,1
2025-04-11 15:56:29,26.14,5.94,3.1,0.7,7.5,0.0,0.0,0.0,0.0,0.0,28.0,42.3,18.5,32.3,-128.7,21.2,0.0,1.0,1.0,1.0,0.0,0.0,1.0,0.0,90.0,90.0,1
2025-04-11 15:56:30,26.14,5.94,3.1,0.7,7.5,0.0,0.0,0.0,0.0,0.0,28.0,42.3,18.5,32.3,-128.7,21.2,0.0,1.0,1.0,1.0,0.0,0.0,1.0,0.0,90.0,90.0,1
2025-04-11 15:56:31,26.1,5.94,3.1,0.7,7.8,0.0,0.0,0.0,0.0,0.0,28.0,42.3,18.5,32.3,-128.7,21.2,0.0,1.0,1.0,1.0,0.0,0.0,1.0,0.0,90.0,90.0,1
2025-04-11 15:56:32,26.12,5.95,3.1,0.7,7.099999,0.0,0.0,0.0,0.0,0.0,28.0,42.3,18.5,32.3,-128.7,21.2,0.0,1.0,1.0,1.0,0.0,0.0,1.0,0.0,90.0,90.0,1
2025-04-11 15:56:33,26.12,5.94,3.1,0.7,7.4,0.0,0.0,0.0,0.0,0.0,28.0,42.3,18.5,32.3,-128.7,21.2,0.0,1.0,1.0,1.0,0.0,0.0,1.0,0.0,90.0,90.0,1
2025-04-11 15:56:34,26.1,5.95,3.1,0.7,7.4,0.0,0.0,0.0,0.0,0.0,28.0,42.3,18.5,32.3,-128.7,21.2,0.0,1.0,1.0,1.0,0.0,0.0,1.0,0.0,90.0,90.0,1
2025-04-11 15:56:35,26.11,5.94,3.1,0.7,7.5,0.0,0.0,0.0,0.0,0.0,28.0,42.3,18.5,32.3,-128.7,21.2,0.0,1.0,1.0,1.0,0.0,0.0,1.0,0.0,90.0,90.0,1
2025-04-11 15:56:36,26.12,5.94,3.1,0.7,7.5,0.0,0.0,0.0,0.0,0.0,28.0,42.3,18.5,32.3,-128.7,21.2,0.0,1.0,1.0,1.0,0.0,0.0,1.0,0.0,90.0,90.0,1
2025-04-11 15:56:37,26.12,5.94,3.1,0.7,7.5,0.0,0.0,0.0,0.0,0.0,28.0,42.3,18.5,32.3,-128.7,21.2,0.0,1.0,1.0,1.0,0.0,0.0,1.0,0.0,90.0,90.0,1
2025-04-11 15:56:38,26.12,5.94,3.1,0.7,7.7,0.0,0.0,0.0,0.0,0.0,28.0,42.3,18.5,32.3,-128.7,21.2,0.0,1.0,1.0,1.0,0.0,0.0,1.0,0.0,90.0,90.0,1
2025-04-11 15:56:39,26.11,5.96,3.1,0.7,7.9,0.0,0.0,0.0,0.0,0.0,28.0,42.3,18.5,32.3,-128.7,21.2,0.0,1.0,1.0,1.0,0.0,0.0,1.0,0.0,90.0,90.0,1
2025-04-11 15:56:40,26.11,5.95,3.1,0.7,7.7,0.0,0.0,0.0,0.0,0.0,28.0,42.3,18.5,32.3,-128.7,21.2,0.0,1.0,1.0,1.0,0.0,0.0,1.0,0.0,90.0,90.0,1
2025-04-11 15:56:41,26.14,5.94,3.1,0.7,7.2,0.0,0.0,0.0,0.0,0.0,28.0,42.3,18.5,32.3,-128.7,21.2,0.0,1.0,1.0,1.0,0.0,0.0,1.0,0.0,90.0,90.0,1
2025-04-11 15:56:42,26.14,5.94,3.1,0.7,7.4,0.0,0.0,0.0,0.0,0.0,28.0,42.3,18.5,32.3,-128.7,21.2,0.0,1.0,1.0,1.0,0.0,0.0,1.0,0.0,90.0,90.0,1
2025-04-11 15:56:43,26.14,5.94,3.1,0.7,7.4,0.0,0.0,0.0,0.0,0.0,28.0,42.3,18.5,32.3,-128.7,21.2,0.0,1.0,1.0,1.0,0.0,0.0,1.0,0.0,90.0,90.0,1
2025-04-11 15:56:44,26.14,5.95,3.1,0.7,7.3,0.0,0.0,0.0,0.0,0.0,28.0,42.3,18.5,32.3,-128.7,21.2,0.0,1.0,1.0,1.0,0.0,0.0,1.0,0.0,90.0,90.0,1
2025-04-11 15:56:45,26.14,5.95,3.1,0.7,7.3,0.0,0.0,0.0,0.0,0.0,28.0,42.3,18.5,32.3,-128.7,21.1,0.0,1.0,1.0,1.0,0.0,0.0,1.0,0.0,90.0,90.0,1
2025-04-11 15:56:46,26.12,5.96,3.1,0.7,7.599999,0.0,0.0,0.0,0.0,0.0,28.0,42.3,18.5,32.3,-128.7,21.2,0.0,1.0,1.0,1.0,0.0,0.0,1.0,0.0,90.0,90.0,1
2025-04-11 15:56:47,26.1,5.94,3.1,0.7,7.4,0.0,0.0,0.0,0.0,0.0,28.0,42.3,18.5,32.3,-128.7,21.2,0.0,1.0,1.0,1.0,0.0,0.0,1.0,0.0,90.0,90.0,1
2025-04-11 15:56:48,26.11,5.95,3.1,0.7,7.2,0.0,0.0,0.0,0.0,0.0,28.0,42.3,18.5,32.3,-128.7,21.2,0.0,1.0,1.0,1.0,0.0,0.0,1.0,0.0,90.0,90.0,1
2025-04-11 15:56:49,26.11,5.95,3.1,0.7,7.2,0.0,0.0,0.0,0.0,0.0,28.0,42.3,18.5,32.3,-128.7,21.2,0.0,1.0,1.0,1.0,0.0,0.0,1.0,0.0,90.0,90.0,1
2025-04-11 15:56:50,26.1,5.95,3.1,0.7,8.0,0.0,0.0,0.0,0.0,0.0,28.0,42.3,18.5,32.3,-128.7,21.2,0.0,1.0,1.0,1.0,0.0,0.0,1.0,0.0,90.0,90.0,1
2025-04-11 15:56:51,26.1,5.95,3.1,0.7,8.0,0.0,0.0,0.0,0.0,0.0,28.0,42.3,18.5,32.3,-128.7,21.2,0.0,1.0,1.0,1.0,0.0,0.0,1.0,0.0,90.0,90.0,1
2025-04-11 15:56:52,26.12,5.96,3.1,0.7,7.0,0.0,0.0,0.0,0.0,0.0,28.0,42.3,18.5,32.3,-128.7,21.1,0.0,1.0,1.0,1.0,0.0,0.0,1.0,0.0,90.0,90.0,1
2025-04-11 15:56:53,26.12,5.96,3.1,0.7,7.0,0.0,0.0,0.0,0.0,0.0,28.0,42.3,18.5,32.3,-128.7,21.2,0.0,1.0,1.0,1.0,0.0,0.0,1.0,0.0,90.0,90.0,1
2025-04-11 15:56:54,26.09,5.96,3.1,0.7,7.0,0.0,0.0,0.0,0.0,0.0,28.0,42.3,18.5,32.3,-128.7,21.1,0.0,1.0,1.0,1.0,0.0,0.0,1.0,0.0,90.0,90.0,1
2025-04-11 15:56:55,26.09,5.96,3.1,0.7,7.0,0.0,0.0,0.0,0.0,0.0,28.0,42.3,18.5,32.3,-128.7,21.2,0.0,1.0,1.0,1.0,0.0,0.0,1.0,0.0,90.0,90.0,1
2025-04-11 15:56:56,26.11,5.94,3.1,0.7,7.0,0.0,0.0,0.0,0.0,0.0,28.0,42.3,18.5,32.3,-128.7,21.2,0.0,1.0,1.0,1.0,0.0,0.0,1.0,0.0,90.0,90.0,1
2025-04-11 15:56:57,26.11,5.95,3.1,0.7,6.9,0.0,0.0,0.0,0.0,0.0,28.0,42.3,18.5,32.3,-128.7,21.2,0.0,1.0,1.0,1.0,0.0,0.0,1.0,0.0,90.0,90.0,1
2025-04-11 15:56:58,26.11,5.94,3.1,0.7,8.099999,0.0,0.0,0.0,0.0,0.0,28.0,42.3,18.5,32.3,-128.7,21.2,0.0,1.0,1.0,1.0,0.0,0.0,1.0,0.0,90.0,90.0,1
2025-04-11 15:56:59,26.09,5.97,3.1,0.7,7.599999,0.0,0.0,0.0,0.0,0.0,28.0,42.2,18.5,32.3,-128.7,21.1,0.0,1.0,1.0,1.0,0.0,0.0,1.0,0.0,90.0,90.0,1
2025-04-11 15:57:00,26.09,5.97,3.1,0.7,7.599999,0.0,0.0,0.0,0.0,0.0,28.0,42.2,18.5,32.3,-128.7,21.2,0.0,1.0,1.0,1.0,0.0,0.0,1.0,0.0,90.0,90.0,1
2025-04-11 15:57:01,26.12,5.95,3.1,0.7,7.5,0.0,0.0,0.0,0.0,0.0,28.0,42.2,18.5,32.3,-128.7,21.2,0.0,1.0,1.0,1.0,0.0,0.0,1.0,0.0,90.0,90.0,1
2025-04-11 15:57:02,26.12,5.95,3.1,0.7,7.5,0.0,0.0,0.0,0.0,0.0,28.0,42.2,18.5,32.3,-128.7,21.1,0.0,1.0,1.0,1.0,0.0,0.0,1.0,0.0,90.0,90.0,1
2025-04-11 15:57:03,26.09,5.94,3.1,0.7,7.2,0.0,0.0,0.0,0.0,0.0,28.0,42.2,18.5,32.3,-128.7,21.2,0.0,1.0,1.0,1.0,0.0,0.0,1.0,0.0,90.0,90.0,1
2025-04-11 15:57:04,26.08,5.96,3.1,0.7,7.599999,0.0,0.0,0.0,0.0,0.0,28.0,42.2,18.5,32.3,-128.7,21.1,0.0,1.0,1.0,1.0,0.0,0.0,1.0,0.0,90.0,90.0,1
2025-04-11 15:57:05,26.08,5.95,3.1,0.7,8.0,0.0,0.0,0.0,0.0,0.0,28.0,42.2,18.5,32.3,-128.7,21.2,0.0,1.0,1.0,1.0,0.0,0.0,1.0,0.0,90.0,90.0,1
2025-04-11 15:57:06,26.1,5.95,3.1,0.7,7.599999,0.0,0.0,0.0,0.0,0.0,28.0,42.2,18.5,32.3,-128.7,21.2,0.0,1.0,1.0,1.0,0.0,0.0,1.0,0.0,90.0,90.0,1
2025-04-11 15:57:07,26.11,5.95,3.1,0.7,7.599999,0.0,0.0,0.0,0.0,0.0,28.0,42.2,18.5,32.3,-128.7,21.1,0.0,1.0,1.0,1.0,0.0,0.0,1.0,0.0,90.0,90.0,1
2025-04-11 15:57:08,26.09,5.95,3.1,0.7,7.599999,0.0,0.0,0.0,0.0,0.0,28.0,42.2,18.5,32.3,-128.7,21.2,0.0,1.0,1.0,1.0,0.0,0.0,1.0,0.0,90.0,90.0,1
2025-04-11 15:57:09,26.08,5.96,3.1,0.7,7.099999,0.0,0.0,0.0,0.0,0.0,28.0,42.2,18.5,32.3,-128.7,21.1,0.0,1.0,1.0,1.0,0.0,0.0,1.0,0.0,90.0,90.0,1
2025-04-11 15:57:10,26.09,5.94,3.1,0.7,7.599999,0.0,0.0,0.0,0.0,0.0,28.0,42.2,18.5,32.3,-128.7,21.2,0.0,1.0,1.0,1.0,0.0,0.0,1.0,0.0,90.0,90.0,1
2025-04-11 15:57:11,26.09,5.96,3.1,0.7,7.099999,0.0,0.0,0.0,0.0,0.0,28.0,42.2,18.5,32.3,-128.7,21.2,0.0,1.0,1.0,1.0,0.0,0.0,1.0,0.0,90.0,90.0,1
2025-04-11 15:57:12,26.09,5.96,3.1,0.7,7.099999,0.0,0.0,0.0,0.0,0.0,28.0,42.2,18.5,32.3,-128.7,21.2,0.0,1.0,1.0,1.0,0.0,0.0,1.0,0.0,90.0,90.0,1
2025-04-11 15:57:13,26.09,5.94,3.1,0.7,7.4,0.0,0.0,0.0,0.0,0.0,28.0,42.2,18.5,32.3,-128.7,21.2,0.0,1.0,1.0,1.0,0.0,0.0,1.0,0.0,90.0,90.0,1
2025-04-11 15:57:14,26.08,5.94,3.0,0.7,7.0,0.0,0.0,0.0,0.0,0.0,28.0,42.2,18.5,32.3,-128.7,21.1,0.0,1.0,1.0,1.0,0.0,0.0,1.0,0.0,90.0,90.0,1
2025-04-11 15:57:15,26.09,5.95,3.1,0.7,7.5,0.0,0.0,0.0,0.0,0.0,28.0,42.2,18.5,32.3,-128.7,21.2,0.0,1.0,1.0,1.0,0.0,0.0,1.0,0.0,90.0,90.0,1
2025-04-11 15:57:16,26.08,5.96,3.1,0.7,7.4,0.0,0.0,0.0,0.0,0.0,28.0,42.2,18.5,32.3,-128.7,21.1,0.0,1.0,1.0,1.0,0.0,0.0,1.0,0.0,90.0,90.0,1
2025-04-11 15:57:17,26.08,5.95,3.0,0.7,7.4,0.0,0.0,0.0,0.0,0.0,28.0,42.2,18.5,32.3,-128.7,21.1,0.0,1.0,1.0,1.0,0.0,0.0,1.0,0.0,90.0,90.0,1
2025-04-11 15:57:18,26.08,5.96,3.1,0.7,7.3,0.0,0.0,0.0,0.0,0.0,28.0,42.2,18.6,32.3,-128.7,21.1,0.0,1.0,1.0,1.0,0.0,0.0,1.0,0.0,90.0,90.0,1
2025-04-11 15:57:19,26.06,5.96,3.1,0.7,7.9,0.0,0.0,0.0,0.0,0.0,28.0,42.2,18.6,32.3,-128.7,21.1,0.0,1.0,1.0,1.0,0.0,0.0,1.0,0.0,90.0,90.0,1
2025-04-11 15:57:20,26.08,5.96,3.1,0.7,7.599999,0.0,0.0,0.0,0.0,0.0,28.0,42.2,18.6,32.3,-128.7,21.1,0.0,1.0,1.0,1.0,0.0,0.0,1.0,0.0,90.0,90.0,1
2025-04-11 15:57:21,26.08,5.97,3.1,0.7,7.099999,0.0,0.0,0.0,0.0,0.0,28.0,42.2,18.6,32.3,-128.7,21.1,0.0,1.0,1.0,1.0,0.0,0.0,1.0,0.0,90.0,90.0,1
2025-04-11 15:57:22,26.09,5.96,3.1,0.7,7.3,0.0,0.0,0.0,0.0,0.0,28.0,42.2,18.6,32.3,-128.7,21.2,0.0,1.0,1.0,1.0,0.0,0.0,1.0,0.0,90.0,90.0,1
2025-04-11 15:57:23,26.09,5.97,3.1,0.7,7.3,0.0,0.0,0.0,0.0,0.0,28.0,42.2,18.6,32.3,-128.7,21.1,0.0,1.0,1.0,1.0,0.0,0.0,1.0,0.0,90.0,90.0,1
2025-04-11 15:57:24,26.08,5.95,3.1,0.7,7.5,0.0,0.0,0.0,0.0,0.0,28.0,42.1,18.6,32.3,-128.7,21.1,0.0,1.0,1.0,1.0,0.0,0.0,1.0,0.0,90.0,90.0,1
2025-04-11 15:57:25,26.1,5.97,3.1,0.7,7.5,0.0,0.0,0.0,0.0,0.0,28.0,42.1,18.6,32.3,-128.7,21.2,0.0,1.0,1.0,1.0,0.0,0.0,1.0,0.0,90.0,90.0,1
2025-04-11 15:57:26,26.1,5.97,3.1,0.7,7.5,0.0,0.0,0.0,0.0,0.0,28.0,42.1,18.6,32.3,-128.7,21.1,0.0,1.0,1.0,1.0,0.0,0.0,1.0,0.0,90.0,90.0,1
2025-04-11 15:57:27,26.05,5.95,3.1,0.7,7.8,0.0,0.0,0.0,0.0,0.0,28.0,42.1,18.6,32.3,-128.7,21.1,0.0,1.0,1.0,1.0,0.0,0.0,1.0,0.0,90.0,90.0,1
2025-04-11 15:57:28,26.05,5.97,3.1,0.7,7.4,0.0,0.0,0.0,0.0,0.0,28.0,42.1,18.6,32.3,-128.7,21.1,0.0,1.0,1.0,1.0,0.0,0.0,1.0,0.0,90.0,90.0,1
2025-04-11 15:57:29,26.05,5.96,3.1,0.7,7.099999,0.0,0.0,0.0,0.0,0.0,28.0,42.1,18.6,32.3,-128.7,21.1,0.0,1.0,1.0,1.0,0.0,0.0,1.0,0.0,90.0,90.0,1
2025-04-11 15:57:30,26.09,5.97,3.1,0.7,7.599999,0.0,0.0,0.0,0.0,0.0,28.0,42.1,18.6,32.3,-128.7,21.1,0.0,1.0,1.0,1.0,0.0,0.0,1.0,0.0,90.0,90.0,1
2025-04-11 15:57:31,26.08,5.97,3.1,0.7,7.099999,0.0,0.0,0.0,0.0,0.0,28.0,42.1,18.6,32.3,-128.7,21.1,0.0,1.0,1.0,1.0,0.0,0.0,1.0,0.0,90.0,90.0,1
2025-04-11 15:57:32,26.06,5.97,3.1,0.7,7.0,0.0,0.0,0.0,0.0,0.0,28.0,42.1,18.6,32.3,-128.7,21.1,0.0,1.0,1.0,1.0,0.0,0.0,1.0,0.0,90.0,90.0,1
2025-04-11 15:57:33,26.06,5.97,3.1,0.7,7.0,0.0,0.0,0.0,0.0,0.0,28.0,42.1,18.6,32.3,-128.7,21.1,0.0,1.0,1.0,1.0,0.0,0.0,1.0,0.0,90.0,90.0,1
2025-04-11 15:57:34,26.08,5.97,3.1,0.7,7.2,0.0,0.0,0.0,0.0,0.0,28.0,42.1,18.6,32.3,-128.7,21.1,0.0,1.0,1.0,1.0,0.0,0.0,1.0,0.0,90.0,90.0,1
2025-04-11 15:57:35,26.08,5.97,3.0,0.7,7.2,0.0,0.0,0.0,0.0,0.0,28.0,42.1,18.6,32.3,-128.7,21.1,0.0,1.0,1.0,1.0,0.0,0.0,1.0,0.0,90.0,90.0,1
2025-04-11 15:57:36,26.08,5.96,3.1,0.7,8.2,0.0,0.0,0.0,0.0,0.0,28.0,42.1,18.6,32.3,-128.7,21.1,0.0,1.0,1.0,1.0,0.0,0.0,1.0,0.0,90.0,90.0,1
2025-04-11 15:57:37,26.09,5.97,3.1,0.7,7.2,0.0,0.0,0.0,0.0,0.0,28.0,42.1,18.6,32.3,-128.7,21.1,0.0,1.0,1.0,1.0,0.0,0.0,1.0,0.0,90.0,90.0,1
2025-04-11 15:57:38,26.08,5.96,3.0,0.7,7.5,0.0,0.0,0.0,0.0,0.0,28.0,42.1,18.7,32.3,-128.7,21.1,0.0,1.0,1.0,1.0,0.0,0.0,1.0,0.0,90.0,90.0,1
2025-04-11 15:57:39,26.08,5.97,3.1,0.7,7.2,0.0,0.0,0.0,0.0,0.0,28.0,42.1,18.7,32.3,-128.7,21.1,0.0,1.0,1.0,1.0,0.0,0.0,1.0,0.0,90.0,90.0,1
2025-04-11 15:57:40,26.08,5.97,3.1,0.7,7.099999,0.0,0.0,0.0,0.0,0.0,28.0,42.1,18.7,32.3,-128.7,21.1,0.0,1.0,1.0,1.0,0.0,0.0,1.0,0.0,90.0,90.0,1
2025-04-11 15:57:41,26.08,5.96,3.1,0.7,7.8,0.0,0.0,0.0,0.0,0.0,28.0,42.1,18.7,32.3,-128.7,21.1,0.0,1.0,1.0,1.0,0.0,0.0,1.0,0.0,90.0,90.0,1
2025-04-11 15:57:42,26.05,5.97,3.1,0.7,8.0,0.0,0.0,0.0,0.0,0.0,28.0,42.1,18.7,32.3,-128.7,21.1,0.0,1.0,1.0,1.0,0.0,0.0,1.0,0.0,90.0,90.0,1
2025-04-11 15:57:43,26.05,5.97,3.1,0.7,7.599999,0.0,0.0,0.0,0.0,0.0,28.0,42.0,18.7,32.3,-128.7,21.1,0.0,1.0,1.0,1.0,0.0,0.0,1.0,0.0,90.0,90.0,1
2025-04-11 15:57:44,26.05,5.97,3.1,0.7,7.9,0.0,0.0,0.0,0.0,0.0,28.0,42.0,18.7,32.3,-128.7,21.1,0.0,1.0,1.0,1.0,0.0,0.0,1.0,0.0,90.0,90.0,1
2025-04-11 15:57:45,26.09,5.96,3.1,0.7,7.5,0.0,0.0,0.0,0.0,0.0,28.0,42.0,18.7,32.3,-128.7,21.1,0.0,1.0,1.0,1.0,0.0,0.0,1.0,0.0,90.0,90.0,1
2025-04-11 15:57:46,26.09,5.97,3.1,0.7,7.2,0.0,0.0,0.0,0.0,0.0,28.0,42.0,18.7,32.3,-128.7,21.1,0.0,1.0,1.0,1.0,0.0,0.0,1.0,0.0,90.0,90.0,1
2025-04-11 15:57:47,26.08,5.97,3.1,0.7,7.2,0.0,0.0,0.0,0.0,0.0,28.0,42.0,18.7,32.3,-128.7,21.1,0.0,1.0,1.0,1.0,0.0,0.0,1.0,0.0,90.0,90.0,1
2025-04-11 15:57:48,26.06,5.96,3.1,0.7,7.599999,0.0,0.0,0.0,0.0,0.0,28.0,42.0,18.7,32.3,-128.7,21.1,0.0,1.0,1.0,1.0,0.0,0.0,1.0,0.0,90.0,90.0,1
2025-04-11 15:57:49,26.05,5.97,3.1,0.7,7.7,0.0,0.0,0.0,0.0,0.0,28.0,42.0,18.7,32.3,-128.7,21.0,0.0,1.0,1.0,1.0,0.0,0.0,1.0,0.0,90.0,90.0,1
2025-04-11 15:57:50,26.06,5.96,3.1,0.7,7.5,0.0,0.0,0.0,0.0,0.0,28.0,42.0,18.7,32.3,-128.7,21.1,0.0,1.0,1.0,1.0,0.0,0.0,1.0,0.0,90.0,90.0,1
2025-04-11 15:57:51,26.09,5.98,3.1,0.7,7.5,0.0,0.0,0.0,0.0,0.0,28.0,42.0,18.8,32.4,-128.7,21.2,0.0,1.0,1.0,1.0,0.0,0.0,1.0,0.0,90.0,90.0,1
2025-04-11 15:57:52,26.1,5.97,3.1,0.7,7.599999,0.0,0.0,0.0,0.0,0.0,28.0,42.0,18.8,32.4,-128.7,21.2,0.0,1.0,1.0,1.0,0.0,0.0,1.0,0.0,90.0,90.0,1
2025-04-11 15:57:53,26.09,5.97,3.1,0.7,7.599999,0.0,0.0,0.0,0.0,0.0,28.0,42.0,18.8,32.4,-128.7,21.2,0.0,1.0,1.0,1.0,0.0,0.0,1.0,0.0,90.0,90.0,1
2025-04-11 15:57:54,26.08,5.97,3.1,0.7,7.8,0.0,0.0,0.0,0.0,0.0,28.0,42.0,18.8,32.4,-128.7,21.2,0.0,1.0,1.0,1.0,0.0,0.0,1.0,0.0,90.0,90.0,1
2025-04-11 15:57:55,26.1,5.97,3.1,0.7,7.599999,0.0,0.0,0.0,0.0,0.0,28.0,42.0,18.8,32.4,-128.7,21.2,0.0,1.0,1.0,1.0,0.0,0.0,1.0,0.0,90.0,90.0,1
2025-04-11 15:57:56,26.06,5.98,3.1,0.7,7.0,0.0,0.0,0.0,0.0,0.0,28.0,42.0,18.8,32.4,-128.7,21.1,0.0,1.0,1.0,1.0,0.0,0.0,1.0,0.0,90.0,90.0,1
2025-04-11 15:57:57,26.08,5.97,3.1,0.7,7.599999,0.0,0.0,0.0,0.0,0.0,28.0,42.0,18.8,32.4,-128.7,21.2,0.0,1.0,1.0,1.0,0.0,0.0,1.0,0.0,90.0,90.0,1
2025-04-11 15:57:58,26.06,5.97,3.1,0.7,6.9,0.0,0.0,0.0,0.0,0.0,28.0,42.0,18.8,32.4,-128.7,21.2,0.0,1.0,1.0,1.0,0.0,0.0,1.0,0.0,90.0,90.0,1
2025-04-11 15:57:59,26.06,5.97,3.1,0.7,8.0,0.0,0.0,0.0,0.0,0.0,28.0,42.0,18.8,32.4,-128.7,21.2,0.0,1.0,1.0,1.0,0.0,0.0,1.0,0.0,90.0,90.0,1
2025-04-11 15:58:00,26.09,5.98,3.1,0.7,7.599999,0.0,0.0,0.0,0.0,0.0,28.0,42.0,18.8,32.4,-128.7,21.2,0.0,1.0,1.0,1.0,0.0,0.0,1.0,0.0,90.0,90.0,1
2025-04-11 15:58:01,26.08,5.97,3.1,0.7,7.3,0.0,0.0,0.0,0.0,0.0,28.0,42.0,18.9,32.4,-128.7,21.1,0.0,1.0,1.0,1.0,0.0,0.0,1.0,0.0,90.0,90.0,1
2025-04-11 15:58:02,26.09,5.98,3.1,0.7,8.0,0.0,0.0,0.0,0.0,0.0,28.0,42.0,18.9,32.4,-128.7,21.2,0.0,1.0,1.0,1.0,0.0,0.0,1.0,0.0,90.0,90.0,1
2025-04-11 15:58:03,26.08,5.97,3.1,0.7,7.5,0.0,0.0,0.0,0.0,0.0,28.0,42.0,18.9,32.4,-128.7,21.1,0.0,1.0,1.0,1.0,0.0,0.0,1.0,0.0,90.0,90.0,1
2025-04-11 15:58:04,26.05,5.97,3.1,0.7,7.599999,0.0,0.0,0.0,0.0,0.0,28.0,42.0,18.9,32.4,-128.7,21.2,0.0,1.0,1.0,1.0,0.0,0.0,1.0,0.0,90.0,90.0,1
2025-04-11 15:58:05,26.06,5.99,3.1,0.7,7.3,0.0,0.0,0.0,0.0,0.0,28.0,42.0,18.9,32.4,-128.7,21.1,0.0,1.0,1.0,1.0,0.0,0.0,1.0,0.0,90.0,90.0,1
2025-04-11 15:58:06,26.08,5.97,3.1,0.7,7.4,0.0,0.0,0.0,0.0,0.0,28.0,42.0,18.9,32.4,-128.7,21.2,0.0,1.0,1.0,1.0,0.0,0.0,1.0,0.0,90.0,90.0,1
2025-04-11 15:58:07,26.09,5.99,3.1,0.7,7.4,0.0,0.0,0.0,0.0,0.0,28.0,42.0,18.9,32.4,-128.7,21.1,0.0,1.0,1.0,1.0,0.0,0.0,1.0,0.0,90.0,90.0,1
2025-04-11 15:58:08,26.08,5.98,3.1,0.7,7.0,0.0,0.0,0.0,0.0,0.0,28.0,42.0,19.0,32.4,-128.7,21.2,0.0,1.0,1.0,1.0,0.0,0.0,1.0,0.0,90.0,90.0,1
2025-04-11 15:58:09,26.06,5.97,3.1,0.7,7.5,0.0,0.0,0.0,0.0,0.0,28.0,42.0,19.0,32.4,-128.7,21.1,0.0,1.0,1.0,1.0,0.0,0.0,1.0,0.0,90.0,90.0,1
2025-04-11 15:58:10,26.06,5.98,3.2,0.7,7.099999,0.0,0.0,0.0,0.0,0.0,28.0,42.0,19.0,32.4,-128.7,21.1,0.0,1.0,1.0,1.0,0.0,0.0,1.0,0.0,90.0,90.0,1
2025-04-11 15:58:11,26.06,5.98,3.1,0.7,8.0,0.0,0.0,0.0,0.0,0.0,28.0,42.0,19.0,32.4,-128.7,21.2,0.0,1.0,1.0,1.0,0.0,0.0,1.0,0.0,90.0,90.0,1
2025-04-11 15:58:12,26.09,5.98,3.1,0.7,7.9,0.0,0.0,0.0,0.0,0.0,28.0,42.0,19.0,32.4,-128.7,21.1,0.0,1.0,1.0,1.0,0.0,0.0,1.0,0.0,90.0,90.0,1
2025-04-11 15:58:13,26.1,5.97,3.1,0.7,7.099999,0.0,0.0,0.0,0.0,0.0,28.0,42.0,19.1,32.4,-128.7,21.2,0.0,1.0,1.0,1.0,0.0,0.0,1.0,0.0,90.0,90.0,1
2025-04-11 15:58:14,26.09,5.99,3.1,0.7,7.4,0.0,0.0,0.0,0.0,0.0,28.0,42.0,19.1,32.4,-128.7,21.1,0.0,1.0,1.0,1.0,0.0,0.0,1.0,0.0,90.0,90.0,1
2025-04-11 15:58:15,26.08,5.97,3.1,0.7,7.2,0.0,0.0,0.0,0.0,0.0,28.0,42.0,19.1,32.4,-128.7,21.1,0.0,1.0,1.0,1.0,0.0,0.0,1.0,0.0,90.0,90.0,1
2025-04-11 15:58:16,26.09,5.98,3.1,0.7,7.4,0.0,0.0,0.0,0.0,0.0,28.0,42.0,19.1,32.4,-128.7,21.1,0.0,1.0,1.0,1.0,0.0,0.0,1.0,0.0,90.0,90.0,1
2025-04-11 15:58:17,26.08,5.98,3.1,0.7,8.0,0.0,0.0,0.0,0.0,0.0,28.0,42.0,19.1,32.4,-128.7,21.1,0.0,1.0,1.0,1.0,0.0,0.0,1.0,0.0,90.0,90.0,1
2025-04-11 15:58:18,26.09,5.97,3.1,0.7,7.3,0.0,0.0,0.0,0.0,0.0,28.0,42.0,19.1,32.4,-128.7,21.2,0.0,1.0,1.0,1.0,0.0,0.0,1.0,0.0,90.0,90.0,1
2025-04-11 15:58:19,26.08,5.97,3.1,0.7,6.9,0.0,0.0,0.0,0.0,0.0,28.0,42.0,19.2,32.4,-128.7,21.1,0.0,1.0,1.0,1.0,0.0,0.0,1.0,0.0,90.0,90.0,1
2025-04-11 15:58:20,26.08,5.97,3.1,0.7,7.0,0.0,0.0,0.0,0.0,0.0,28.0,42.0,19.2,32.4,-128.7,21.2,0.0,1.0,1.0,1.0,0.0,0.0,1.0,0.0,90.0,90.0,1
2025-04-11 15:58:21,26.09,5.98,3.1,0.7,8.0,0.0,0.0,0.0,0.0,0.0,28.0,42.0,19.2,32.4,-128.7,21.1,0.0,1.0,1.0,1.0,0.0,0.0,1.0,0.0,90.0,90.0,1
2025-04-11 15:58:22,26.08,5.97,3.1,0.7,7.3,0.0,0.0,0.0,0.0,0.0,28.1,42.0,19.2,32.5,-128.7,21.3,0.0,1.0,1.0,1.0,0.0,0.0,1.0,0.0,90.0,90.0,1
2025-04-11 15:58:23,26.08,5.98,3.1,0.7,7.099999,0.0,0.0,0.0,0.0,0.0,28.1,42.0,19.3,32.5,-128.7,21.3,0.0,1.0,1.0,1.0,0.0,0.0,1.0,0.0,90.0,90.0,1
2025-04-11 15:58:24,26.08,5.97,3.1,0.7,7.599999,0.0,0.0,0.0,0.0,0.0,28.1,42.0,19.3,32.5,-128.7,21.3,0.0,1.0,1.0,1.0,0.0,0.0,1.0,0.0,90.0,90.0,1
2025-04-11 15:58:25,26.08,5.98,3.1,0.7,7.7,0.0,0.0,0.0,0.0,0.0,28.1,42.0,19.3,32.5,-128.7,21.2,0.0,1.0,1.0,1.0,0.0,0.0,1.0,0.0,90.0,90.0,1
2025-04-11 15:58:26,26.06,5.98,3.1,0.7,7.599999,0.0,0.0,0.0,0.0,0.0,28.1,42.0,19.3,32.5,-128.7,21.2,0.0,1.0,1.0,1.0,0.0,0.0,1.0,0.0,90.0,90.0,1
2025-04-11 15:58:27,26.08,5.97,3.1,0.7,7.3,0.0,0.0,0.0,0.0,0.0,28.1,42.0,19.3,32.5,-128.7,21.3,0.0,1.0,1.0,1.0,0.0,0.0,1.0,0.0,90.0,90.0,1
2025-04-11 15:58:28,26.08,5.98,3.1,0.7,7.4,0.0,0.0,0.0,0.0,0.0,28.1,42.0,19.4,32.5,-128.7,21.2,0.0,1.0,1.0,1.0,0.0,0.0,1.0,0.0,90.0,90.0,1
2025-04-11 15:58:29,26.06,5.97,3.1,0.7,7.5,0.0,0.0,0.0,0.0,0.0,28.1,42.0,19.4,32.5,-128.7,21.3,0.0,1.0,1.0,1.0,0.0,0.0,1.0,0.0,90.0,90.0,1
2025-04-11 15:58:30,26.06,5.97,3.1,0.7,7.3,0.0,0.0,0.0,0.0,0.0,28.1,42.0,19.4,32.5,-128.7,21.3,0.0,1.0,1.0,1.0,0.0,0.0,1.0,0.0,90.0,90.0,1
2025-04-11 15:58:31,26.05,5.97,3.1,0.7,7.4,0.0,0.0,0.0,0.0,0.0,28.1,42.0,19.4,32.5,-128.7,21.2,0.0,1.0,1.0,1.0,0.0,0.0,1.0,0.0,90.0,90.0,1
2025-04-11 15:58:32,26.08,5.98,3.1,0.7,7.4,0.0,0.0,0.0,0.0,0.0,28.1,42.0,19.5,32.5,-128.7,21.3,0.0,1.0,1.0,1.0,0.0,0.0,1.0,0.0,90.0,90.0,1
2025-04-11 15:58:33,26.09,5.97,3.1,0.7,7.9,0.0,0.0,0.0,0.0,0.0,28.1,42.0,19.5,32.5,-128.7,21.3,0.0,1.0,1.0,1.0,0.0,0.0,1.0,0.0,90.0,90.0,1
2025-04-11 15:58:34,26.1,5.97,3.1,0.7,7.099999,0.0,0.0,0.0,0.0,0.0,28.1,42.0,19.5,32.5,-128.7,21.2,0.0,1.0,1.0,1.0,0.0,0.0,1.0,0.0,90.0,90.0,1
2025-04-11 15:58:35,26.06,5.98,3.1,0.7,7.5,0.0,0.0,0.0,0.0,0.0,28.1,42.0,19.5,32.5,-128.7,21.2,0.0,1.0,1.0,1.0,0.0,0.0,1.0,0.0,90.0,90.0,1
2025-04-11 15:58:36,26.05,5.97,3.1,0.7,7.2,0.0,0.0,0.0,0.0,0.0,28.1,42.0,19.5,32.5,-128.7,21.3,0.0,1.0,1.0,1.0,0.0,0.0,1.0,0.0,90.0,90.0,1
2025-04-11 15:58:37,26.06,5.99,3.1,0.7,7.099999,0.0,0.0,0.0,0.0,0.0,28.1,42.0,19.5,32.5,-128.7,21.2,0.0,1.0,1.0,1.0,0.0,0.0,1.0,0.0,90.0,90.0,1
2025-04-11 15:58:38,26.06,5.97,3.1,0.7,8.0,0.0,0.0,0.0,0.0,0.0,28.1,42.0,19.5,32.5,-128.7,21.3,0.0,1.0,1.0,1.0,0.0,0.0,1.0,0.0,90.0,90.0,1
2025-04-11 15:58:39,26.09,5.98,3.1,0.7,7.7,0.0,0.0,0.0,0.0,0.0,28.1,42.0,19.5,32.5,-128.7,21.3,0.0,1.0,1.0,1.0,0.0,0.0,1.0,0.0,90.0,90.0,1
2025-04-11 15:58:40,26.08,5.97,3.1,0.7,7.8,0.0,0.0,0.0,0.0,0.0,28.1,42.0,19.5,32.5,-128.7,21.3,0.0,1.0,1.0,1.0,0.0,0.0,1.0,0.0,90.0,90.0,1
2025-04-11 15:58:41,26.08,5.98,3.0,0.7,7.4,0.0,0.0,0.0,0.0,0.0,28.1,42.0,19.6,32.5,-128.7,21.2,0.0,1.0,1.0,1.0,0.0,0.0,1.0,0.0,90.0,90.0,1
2025-04-11 15:58:42,26.05,5.97,3.1,0.7,7.4,0.0,0.0,0.0,0.0,0.0,28.1,42.0,19.6,32.5,-128.7,21.3,0.0,1.0,1.0,1.0,0.0,0.0,1.0,0.0,90.0,90.0,1
2025-04-11 15:58:43,26.05,5.98,3.1,0.7,7.9,0.0,0.0,0.0,0.0,0.0,28.1,42.0,19.6,32.5,-128.7,21.2,0.0,1.0,1.0,1.0,0.0,0.0,1.0,0.0,90.0,90.0,1
2025-04-11 15:58:44,26.05,5.97,3.1,0.7,7.0,0.0,0.0,0.0,0.0,0.0,28.1,42.0,19.6,32.5,-128.7,21.2,0.0,1.0,1.0,1.0,0.0,0.0,1.0,0.0,90.0,90.0,1
2025-04-11 15:58:45,26.06,5.98,3.1,0.7,7.8,0.0,0.0,0.0,0.0,0.0,28.1,42.0,19.6,32.6,-128.7,21.3,0.0,1.0,1.0,1.0,0.0,0.0,1.0,0.0,90.0,90.0,1
2025-04-11 15:58:46,26.06,5.97,3.1,0.7,7.7,0.0,0.0,0.0,0.0,0.0,28.1,42.0,19.6,32.6,-128.7,21.4,0.0,1.0,1.0,1.0,0.0,0.0,1.0,0.0,90.0,90.0,1
2025-04-11 15:58:47,26.06,5.98,3.1,0.7,7.5,0.0,0.0,0.0,0.0,0.0,28.1,42.0,19.6,32.6,-128.7,21.4,0.0,1.0,1.0,1.0,0.0,0.0,1.0,0.0,90.0,90.0,1
2025-04-11 15:58:48,26.05,5.97,3.1,0.7,8.0,0.0,0.0,0.0,0.0,0.0,28.1,42.0,19.6,32.6,-128.7,21.4,0.0,1.0,1.0,1.0,0.0,0.0,1.0,0.0,90.0,90.0,1
2025-04-11 15:58:49,26.04,5.97,3.1,0.7,7.5,0.0,0.0,0.0,0.0,0.0,28.1,42.0,19.7,32.6,-128.7,21.4,0.0,1.0,1.0,1.0,0.0,0.0,1.0,0.0,90.0,90.0,1
2025-04-11 15:58:50,26.04,5.97,3.0,0.7,7.4,0.0,0.0,0.0,0.0,0.0,28.1,42.0,19.7,32.6,-128.7,21.3,0.0,1.0,1.0,1.0,0.0,0.0,1.0,0.0,90.0,90.0,1
2025-04-11 15:58:51,26.04,5.97,3.1,0.7,7.2,0.0,0.0,0.0,0.0,0.0,28.1,42.0,19.7,32.6,-128.7,21.4,0.0,1.0,1.0,1.0,0.0,0.0,1.0,0.0,90.0,90.0,1
2025-04-11 15:58:52,26.09,5.97,3.1,0.7,8.099999,0.0,0.0,0.0,0.0,0.0,28.1,41.9,19.7,32.6,-128.7,21.4,0.0,1.0,1.0,1.0,0.0,0.0,1.0,0.0,90.0,90.0,1
2025-04-11 15:58:53,26.04,5.97,3.1,0.7,7.4,0.0,0.0,0.0,0.0,0.0,28.1,41.9,19.7,32.6,-128.7,21.4,0.0,1.0,1.0,1.0,0.0,0.0,1.0,0.0,90.0,90.0,1
2025-04-11 15:58:54,26.05,5.97,3.1,0.7,6.9,0.0,0.0,0.0,0.0,0.0,28.1,41.9,19.7,32.6,-128.7,21.4,0.0,1.0,1.0,1.0,0.0,0.0,1.0,0.0,90.0,90.0,1
2025-04-11 15:58:55,26.04,5.97,3.1,0.7,7.3,0.0,0.0,0.0,0.0,0.0,28.1,41.9,19.7,32.6,-128.7,21.4,0.0,1.0,1.0,1.0,0.0,0.0,1.0,0.0,90.0,90.0,1
2025-04-11 15:58:56,26.05,5.97,3.1,0.7,7.2,0.0,0.0,0.0,0.0,0.0,28.1,41.9,19.7,32.6,-128.7,21.4,0.0,1.0,1.0,1.0,0.0,0.0,1.0,0.0,90.0,90.0,1
2025-04-11 15:58:57,26.05,5.96,3.1,0.7,7.2,0.0,0.0,0.0,0.0,0.0,28.1,41.9,19.7,32.6,-128.7,21.4,0.0,1.0,1.0,1.0,0.0,0.0,1.0,0.0,90.0,90.0,1
2025-04-11 15:58:58,26.03,5.96,3.1,0.7,7.0,0.0,0.0,0.0,0.0,0.0,28.1,41.9,19.8,32.6,-128.7,21.4,0.0,1.0,1.0,1.0,0.0,0.0,1.0,0.0,90.0,90.0,1
2025-04-11 15:58:59,26.04,5.96,3.1,0.7,7.4,0.0,0.0,0.0,0.0,0.0,28.1,41.9,19.8,32.6,-128.7,21.4,0.0,1.0,1.0,1.0,0.0,0.0,1.0,0.0,90.0,90.0,1
2025-04-11 15:59:00,26.04,5.96,3.1,0.7,6.9,0.0,0.0,0.0,0.0,0.0,28.1,41.9,19.8,32.6,-128.7,21.4,0.0,1.0,1.0,1.0,0.0,0.0,1.0,0.0,90.0,90.0,1
2025-04-11 15:59:01,26.04,5.96,3.1,0.7,7.2,0.0,0.0,0.0,0.0,0.0,28.1,41.9,19.8,32.6,-128.7,21.4,0.0,1.0,1.0,1.0,0.0,0.0,1.0,0.0,90.0,90.0,1
2025-04-11 15:59:02,26.04,5.97,3.1,0.7,7.2,0.0,0.0,0.0,0.0,0.0,28.1,41.9,19.8,32.6,-128.7,21.4,0.0,1.0,1.0,1.0,0.0,0.0,1.0,0.0,90.0,90.0,1
2025-04-11 15:59:03,26.03,5.96,3.1,0.7,7.3,0.0,0.0,0.0,0.0,0.0,28.1,41.9,19.8,32.6,-128.7,21.4,0.0,1.0,1.0,1.0,0.0,0.0,1.0,0.0,90.0,90.0,1
2025-04-11 15:59:04,26.01,5.97,3.1,0.7,7.0,0.0,0.0,0.0,0.0,0.0,28.1,41.9,19.8,32.6,-128.7,21.4,0.0,1.0,1.0,1.0,0.0,0.0,1.0,0.0,90.0,90.0,1
2025-04-11 15:59:05,26.0,5.96,3.1,0.7,7.3,0.0,0.0,0.0,0.0,0.0,28.1,41.9,19.8,32.6,-128.7,21.4,0.0,1.0,1.0,1.0,0.0,0.0,1.0,0.0,90.0,90.0,1
2025-04-11 15:59:06,26.03,5.96,3.1,0.7,7.4,0.0,0.0,0.0,0.0,0.0,28.1,41.9,19.8,32.6,-128.7,21.4,0.0,1.0,1.0,1.0,0.0,0.0,1.0,0.0,90.0,90.0,1
2025-04-11 15:59:07,26.04,5.96,3.1,0.7,7.3,0.0,0.0,0.0,0.0,0.0,28.1,41.9,19.8,32.7,-128.7,21.6,0.0,1.0,1.0,1.0,0.0,0.0,1.0,0.0,90.0,90.0,1
2025-04-11 15:59:08,26.01,5.97,3.1,0.7,7.4,0.0,0.0,0.0,0.0,0.0,28.1,41.9,19.8,32.7,-128.7,21.5,0.0,1.0,1.0,1.0,0.0,0.0,1.0,0.0,90.0,90.0,1
2025-04-11 15:59:09,26.04,5.97,3.1,0.7,7.099999,0.0,0.0,0.0,0.0,0.0,28.1,41.9,19.8,32.7,-128.7,21.5,0.0,1.0,1.0,1.0,0.0,0.0,1.0,0.0,90.0,90.0,1
2025-04-11 15:59:10,26.03,5.97,3.1,0.7,6.9,0.0,0.0,0.0,0.0,0.0,28.1,41.9,19.8,32.7,-128.7,21.5,0.0,1.0,1.0,1.0,0.0,0.0,1.0,0.0,90.0,90.0,1
2025-04-11 15:59:11,26.01,5.96,3.1,0.7,7.2,0.0,0.0,0.0,0.0,0.0,28.1,41.9,19.8,32.7,-128.7,21.5,0.0,1.0,1.0,1.0,0.0,0.0,1.0,0.0,90.0,90.0,1
2025-04-11 15:59:12,26.04,5.97,3.1,0.7,7.4,0.0,0.0,0.0,0.0,0.0,28.1,41.9,19.8,32.7,-128.7,21.5,0.0,1.0,1.0,1.0,0.0,0.0,1.0,0.0,90.0,90.0,1
2025-04-11 15:59:13,26.01,5.96,3.1,0.7,7.5,0.0,0.0,0.0,0.0,0.0,28.1,41.9,19.9,32.7,-128.7,21.5,0.0,1.0,1.0,1.0,0.0,0.0,1.0,0.0,90.0,90.0,1
2025-04-11 15:59:14,26.03,5.97,3.1,0.7,7.2,0.0,0.0,0.0,0.0,0.0,28.1,41.9,19.9,32.7,-128.7,21.5,0.0,1.0,1.0,1.0,0.0,0.0,1.0,0.0,90.0,90.0,1
2025-04-11 15:59:15,26.03,5.95,3.1,0.7,7.0,0.0,0.0,0.0,0.0,0.0,28.1,41.9,19.8,32.7,-128.7,21.6,0.0,1.0,1.0,1.0,0.0,0.0,1.0,0.0,90.0,90.0,1
2025-04-11 15:59:16,26.04,5.97,3.1,0.7,7.599999,0.0,0.0,0.0,0.0,0.0,28.1,41.9,19.8,32.7,-128.7,21.5,0.0,1.0,1.0,1.0,0.0,0.0,1.0,0.0,90.0,90.0,1
2025-04-11 15:59:17,26.05,5.96,3.1,0.7,7.3,0.0,0.0,0.0,0.0,0.0,28.1,41.9,19.8,32.7,-128.7,21.6,0.0,1.0,1.0,1.0,0.0,0.0,1.0,0.0,90.0,90.0,1
2025-04-11 15:59:18,26.04,5.97,3.1,0.7,7.0,0.0,0.0,0.0,0.0,0.0,28.1,41.9,19.8,32.7,-128.7,21.5,0.0,1.0,1.0,1.0,0.0,0.0,1.0,0.0,90.0,90.0,1
2025-04-11 15:59:19,26.05,5.96,3.1,0.7,7.5,0.0,0.0,0.0,0.0,0.0,28.1,41.9,19.8,32.7,-128.7,21.6,0.0,1.0,1.0,1.0,0.0,0.0,1.0,0.0,90.0,90.0,1
2025-04-11 15:59:20,26.01,5.97,3.1,0.7,7.9,0.0,0.0,0.0,0.0,0.0,28.1,41.9,19.9,32.7,-128.7,21.5,0.0,1.0,1.0,1.0,0.0,0.0,1.0,0.0,90.0,90.0,1
2025-04-11 15:59:21,26.01,5.95,3.1,0.7,7.8,0.0,0.0,0.0,0.0,0.0,28.1,41.9,19.9,32.7,-128.7,21.6,0.0,1.0,1.0,1.0,0.0,0.0,1.0,0.0,90.0,90.0,1
2025-04-11 15:59:22,26.03,5.97,3.1,0.7,7.3,0.0,0.0,0.0,0.0,0.0,28.1,41.9,19.9,32.7,-128.7,21.5,0.0,1.0,1.0,1.0,0.0,0.0,1.0,0.0,90.0,90.0,1
2025-04-11 15:59:23,26.01,5.95,3.1,0.7,7.8,0.0,0.0,0.0,0.0,0.0,28.1,41.9,19.9,32.7,-128.7,21.6,0.0,1.0,1.0,1.0,0.0,0.0,1.0,0.0,90.0,90.0,1
2025-04-11 15:59:24,26.03,5.97,3.1,0.7,7.2,0.0,0.0,0.0,0.0,0.0,28.1,41.9,19.9,32.7,-128.7,21.5,0.0,1.0,1.0,1.0,0.0,0.0,1.0,0.0,90.0,90.0,1
2025-04-11 15:59:25,26.03,5.95,3.1,0.7,7.5,0.0,0.0,0.0,0.0,0.0,28.1,41.9,19.9,32.7,-128.7,21.5,0.0,1.0,1.0,1.0,0.0,0.0,1.0,0.0,90.0,90.0,1
2025-04-11 15:59:26,26.01,5.97,3.1,0.7,7.7,0.0,0.0,0.0,0.0,0.0,28.1,41.9,19.9,32.7,-128.7,21.5,0.0,1.0,1.0,1.0,0.0,0.0,1.0,0.0,90.0,90.0,1
2025-04-11 15:59:27,26.05,5.96,3.1,0.7,7.0,0.0,0.0,0.0,0.0,0.0,28.1,41.9,19.9,32.7,-128.7,21.6,0.0,1.0,1.0,1.0,0.0,0.0,1.0,0.0,90.0,90.0,1
2025-04-11 15:59:28,26.01,5.97,3.1,0.7,7.8,0.0,0.0,0.0,0.0,0.0,28.1,41.9,19.9,32.7,-128.7,21.5,0.0,1.0,1.0,1.0,0.0,0.0,1.0,0.0,90.0,90.0,1
2025-04-11 15:59:29,26.0,5.96,3.1,0.7,7.3,0.0,0.0,0.0,0.0,0.0,28.1,41.9,19.9,32.7,-128.7,21.6,0.0,1.0,1.0,1.0,0.0,0.0,1.0,0.0,90.0,90.0,1
2025-04-11 15:59:30,26.01,5.97,3.1,0.7,7.099999,0.0,0.0,0.0,0.0,0.0,28.1,41.9,19.9,32.7,-128.7,21.5,0.0,1.0,1.0,1.0,0.0,0.0,1.0,0.0,90.0,90.0,1
2025-04-11 15:59:31,26.01,5.96,3.1,0.7,7.099999,0.0,0.0,0.0,0.0,0.0,28.1,41.9,19.9,32.8,-128.7,21.6,0.0,1.0,1.0,1.0,0.0,0.0,1.0,0.0,90.0,90.0,1
2025-04-11 15:59:32,26.01,5.97,3.1,0.7,6.9,0.0,0.0,0.0,0.0,0.0,28.1,41.9,19.9,32.8,-128.7,21.6,0.0,1.0,1.0,1.0,0.0,0.0,1.0,0.0,90.0,90.0,1
2025-04-11 15:59:33,26.03,5.95,3.1,0.7,7.8,0.0,0.0,0.0,0.0,0.0,28.1,41.9,19.9,32.8,-128.7,21.6,0.0,1.0,1.0,1.0,0.0,0.0,1.0,0.0,90.0,90.0,1
2025-04-11 15:59:34,26.01,5.97,3.0,0.7,7.599999,0.0,0.0,0.0,0.0,0.0,28.1,41.9,19.9,32.8,-128.7,21.6,0.0,1.0,1.0,1.0,0.0,0.0,1.0,0.0,90.0,90.0,1
2025-04-11 15:59:35,26.0,5.96,3.1,0.7,7.7,0.0,0.0,0.0,0.0,0.0,28.1,41.9,19.9,32.8,-128.7,21.7,0.0,1.0,1.0,1.0,0.0,0.0,1.0,0.0,90.0,90.0,1
2025-04-11 15:59:36,25.99,5.97,3.1,0.7,7.599999,0.0,0.0,0.0,0.0,0.0,28.1,41.9,19.9,32.8,-128.7,21.6,0.0,1.0,1.0,1.0,0.0,0.0,1.0,0.0,90.0,90.0,1
2025-04-11 15:59:37,26.0,5.95,3.1,0.7,7.5,0.0,0.0,0.0,0.0,0.0,28.1,41.9,19.9,32.8,-128.7,21.7,0.0,1.0,1.0,1.0,0.0,0.0,1.0,0.0,90.0,90.0,1
2025-04-11 15:59:38,26.0,5.97,3.1,0.7,7.7,0.0,0.0,0.0,0.0,0.0,28.1,41.9,19.9,32.8,-128.7,21.6,0.0,1.0,1.0,1.0,0.0,0.0,1.0,0.0,90.0,90.0,1
2025-04-11 15:59:39,26.01,5.95,3.1,0.7,7.2,0.0,0.0,0.0,0.0,0.0,28.1,41.9,19.9,32.8,-128.7,21.7,0.0,1.0,1.0,1.0,0.0,0.0,1.0,0.0,90.0,90.0,1
2025-04-11 15:59:40,26.01,5.97,3.1,0.7,7.2,0.0,0.0,0.0,0.0,0.0,28.1,41.9,19.9,32.8,-128.7,21.6,0.0,1.0,1.0,1.0,0.0,0.0,1.0,0.0,90.0,90.0,1
2025-04-11 15:59:41,25.99,5.95,3.1,0.7,7.2,0.0,0.0,0.0,0.0,0.0,28.1,41.9,19.9,32.8,-128.7,21.6,0.0,1.0,1.0,1.0,0.0,0.0,1.0,0.0,90.0,90.0,1
2025-04-11 15:59:42,25.99,5.97,3.1,0.7,7.0,0.0,0.0,0.0,0.0,0.0,28.1,41.9,19.9,32.8,-128.7,21.6,0.0,1.0,1.0,1.0,0.0,0.0,1.0,0.0,90.0,90.0,1
2025-04-11 15:59:43,26.0,5.95,3.1,0.7,7.7,0.0,0.0,0.0,0.0,0.0,28.1,41.9,19.9,32.8,-128.7,21.7,0.0,1.0,1.0,1.0,0.0,0.0,1.0,0.0,90.0,90.0,1
2025-04-11 15:59:44,25.99,5.97,3.1,0.7,7.7,0.0,0.0,0.0,0.0,0.0,28.1,41.8,19.9,32.8,-128.7,21.6,0.0,1.0,1.0,1.0,0.0,0.0,1.0,0.0,90.0,90.0,1
2025-04-11 15:59:45,25.99,5.96,3.1,0.7,7.7,0.0,0.0,0.0,0.0,0.0,28.1,41.8,19.9,32.8,-128.7,21.6,0.0,1.0,1.0,1.0,0.0,0.0,1.0,0.0,90.0,90.0,1
2025-04-11 15:59:46,26.0,5.96,3.1,0.7,7.4,0.0,0.0,0.0,0.0,0.0,28.1,41.8,19.9,32.8,-128.7,21.6,0.0,1.0,1.0,1.0,0.0,0.0,1.0,0.0,90.0,90.0,1
2025-04-11 15:59:47,26.0,5.95,3.1,0.7,7.2,0.0,0.0,0.0,0.0,0.0,28.1,41.8,19.9,32.8,-128.7,21.6,0.0,1.0,1.0,1.0,0.0,0.0,1.0,0.0,90.0,90.0,1
2025-04-11 15:59:48,26.01,5.97,3.1,0.7,7.5,0.0,0.0,0.0,0.0,0.0,28.1,41.8,19.9,32.8,-128.7,21.6,0.0,1.0,1.0,1.0,0.0,0.0,1.0,0.0,90.0,90.0,1
2025-04-11 15:59:49,26.0,5.95,3.1,0.7,8.0,0.0,0.0,0.0,0.0,0.0,28.1,41.8,19.9,32.8,-128.7,21.7,0.0,1.0,1.0,1.0,0.0,0.0,1.0,0.0,90.0,90.0,1
2025-04-11 15:59:50,26.0,5.97,3.1,0.7,7.5,0.0,0.0,0.0,0.0,0.0,28.1,41.8,19.9,32.8,-128.7,21.6,0.0,1.0,1.0,1.0,0.0,0.0,1.0,0.0,90.0,90.0,1
2025-04-11 15:59:51,26.0,5.96,3.1,0.7,7.8,0.0,0.0,0.0,0.0,0.0,28.1,41.8,19.9,32.8,-128.7,21.6,0.0,1.0,1.0,1.0,0.0,0.0,1.0,0.0,90.0,90.0,1
2025-04-11 15:59:52,25.98,5.96,3.1,0.7,7.2,0.0,0.0,0.0,0.0,0.0,28.1,41.8,19.9,32.8,-128.7,21.6,0.0,1.0,1.0,1.0,0.0,0.0,1.0,0.0,90.0,90.0,1
2025-04-11 15:59:53,25.98,5.96,3.1,0.7,7.4,0.0,0.0,0.0,0.0,0.0,28.1,41.8,19.9,32.8,-128.7,21.6,0.0,1.0,1.0,1.0,0.0,0.0,1.0,0.0,90.0,90.0,1
2025-04-11 15:59:54,25.98,5.95,3.1,0.7,6.9,0.0,0.0,0.0,0.0,0.0,28.1,41.8,19.9,32.8,-128.7,21.7,0.0,1.0,1.0,1.0,0.0,0.0,1.0,0.0,90.0,90.0,1
2025-04-11 15:59:55,25.97,5.97,3.1,0.7,7.0,0.0,0.0,0.0,0.0,0.0,28.1,41.8,19.9,32.8,-128.7,21.6,0.0,1.0,1.0,1.0,0.0,0.0,1.0,0.0,90.0,90.0,1
2025-04-11 15:59:56,25.98,5.95,3.1,0.7,7.3,0.0,0.0,0.0,0.0,0.0,28.1,41.8,19.9,32.8,-128.7,21.7,0.0,1.0,1.0,1.0,0.0,0.0,1.0,0.0,90.0,90.0,1
2025-04-11 15:59:57,25.97,5.97,3.1,0.7,7.0,0.0,0.0,0.0,0.0,0.0,28.1,41.8,19.9,32.8,-128.7,21.6,0.0,1.0,1.0,1.0,0.0,0.0,1.0,0.0,90.0,90.0,1
2025-04-11 15:59:58,25.98,5.94,3.1,0.7,7.0,0.0,0.0,0.0,0.0,0.0,28.1,41.8,19.9,32.8,-128.7,21.6,0.0,1.0,1.0,1.0,0.0,0.0,1.0,0.0,90.0,90.0,1
2025-04-11 15:59:59,25.98,5.96,3.1,0.7,7.4,0.0,0.0,0.0,0.0,0.0,28.1,41.8,19.9,32.8,-128.7,21.7,0.0,1.0,1.0,1.0,0.0,0.0,1.0,0.0,90.0,90.0,1
2025-04-11 16:00:00,25.95,5.96,3.1,0.7,7.5,0.0,0.0,0.0,0.0,0.0,28.1,41.8,19.9,32.8,-128.7,21.7,0.0,1.0,1.0,1.0,0.0,0.0,1.0,0.0,90.0,90.0,1
2025-04-11 16:00:01,25.95,5.95,3.1,0.7,7.2,0.0,0.0,0.0,0.0,0.0,28.1,41.7,19.9,32.8,-128.7,21.7,0.0,1.0,1.0,1.0,0.0,0.0,1.0,0.0,90.0,90.0,1
2025-04-11 16:00:02,25.95,5.96,3.1,0.7,7.099999,0.0,0.0,0.0,0.0,0.0,28.1,41.7,19.9,32.8,-128.7,21.6,0.0,1.0,1.0,1.0,0.0,0.0,1.0,0.0,90.0,90.0,1
2025-04-11 16:00:03,25.98,5.94,3.1,0.7,7.099999,0.0,0.0,0.0,0.0,0.0,28.1,41.7,19.9,32.8,-128.7,21.7,0.0,1.0,1.0,1.0,0.0,0.0,1.0,0.0,90.0,90.0,1
2025-04-11 16:00:04,25.99,5.96,3.1,0.7,7.8,0.0,0.0,0.0,0.0,0.0,28.1,41.7,19.9,32.8,-128.7,21.6,0.0,1.0,1.0,1.0,0.0,0.0,1.0,0.0,90.0,90.0,1
2025-04-11 16:00:05,25.98,5.94,3.1,0.7,7.099999,0.0,0.0,0.0,0.0,0.0,28.1,41.7,19.9,32.8,-128.7,21.7,0.0,1.0,1.0,1.0,0.0,0.0,1.0,0.0,90.0,90.0,1
2025-04-11 16:00:06,25.97,5.95,3.1,0.7,7.3,0.0,0.0,0.0,0.0,0.0,28.1,41.7,19.9,32.8,-128.7,21.7,0.0,1.0,1.0,1.0,0.0,0.0,1.0,0.0,90.0,90.0,1
2025-04-11 16:00:07,25.94,5.94,3.1,0.7,7.3,0.0,0.0,0.0,0.0,0.0,28.1,41.7,19.8,32.8,-128.7,21.7,0.0,1.0,1.0,1.0,0.0,0.0,1.0,0.0,90.0,90.0,1
2025-04-11 16:00:08,25.97,5.94,3.1,0.7,7.2,0.0,0.0,0.0,0.0,0.0,28.1,41.7,19.8,32.8,-128.7,21.7,0.0,1.0,1.0,1.0,0.0,0.0,1.0,0.0,90.0,90.0,1
2025-04-11 16:00:09,25.97,5.94,3.1,0.7,7.099999,0.0,0.0,0.0,0.0,0.0,28.1,41.7,19.8,32.8,-128.7,21.7,0.0,1.0,1.0,1.0,0.0,0.0,1.0,0.0,90.0,90.0,1
2025-04-11 16:00:10,25.94,5.94,3.1,0.7,7.3,0.0,0.0,0.0,0.0,0.0,28.1,41.7,19.8,32.8,-128.7,21.7,0.0,1.0,1.0,1.0,0.0,0.0,1.0,0.0,90.0,90.0,1
2025-04-11 16:00:11,25.94,5.95,3.1,0.7,8.0,0.0,0.0,0.0,0.0,0.0,28.1,41.7,19.8,32.8,-128.7,21.7,0.0,1.0,1.0,1.0,0.0,0.0,1.0,0.0,90.0,90.0,1
2025-04-11 16:00:12,25.93,5.93,3.1,0.7,7.8,0.0,0.0,0.0,0.0,0.0,28.1,41.7,19.8,32.8,-128.7,21.7,0.0,1.0,1.0,1.0,0.0,0.0,1.0,0.0,90.0,90.0,1
2025-04-11 16:00:13,25.94,5.94,3.1,0.7,8.0,0.0,0.0,0.0,0.0,0.0,28.1,41.7,19.8,32.8,-128.7,21.7,0.0,1.0,1.0,1.0,0.0,0.0,1.0,0.0,90.0,90.0,1
2025-04-11 16:00:14,25.95,5.94,3.1,0.7,7.9,0.0,0.0,0.0,0.0,0.0,28.1,41.7,19.8,32.8,-128.7,21.7,0.0,1.0,1.0,1.0,0.0,0.0,1.0,0.0,90.0,90.0,1
2025-04-11 16:00:15,25.95,5.94,3.1,0.7,7.3,0.0,0.0,0.0,0.0,0.0,28.1,41.7,19.8,32.8,-128.7,21.8,0.0,1.0,1.0,1.0,0.0,0.0,1.0,0.0,90.0,90.0,1
2025-04-11 16:00:16,25.94,5.94,3.1,0.7,7.8,0.0,0.0,0.0,0.0,0.0,28.1,41.7,19.8,32.8,-128.7,21.7,0.0,1.0,1.0,1.0,0.0,0.0,1.0,0.0,90.0,90.0,1
2025-04-11 16:00:17,25.93,5.94,3.1,0.7,7.2,0.0,0.0,0.0,0.0,0.0,28.1,41.7,19.8,32.8,-128.7,21.8,0.0,1.0,1.0,1.0,0.0,0.0,1.0,0.0,90.0,90.0,1
2025-04-11 16:00:18,25.93,5.94,3.0,0.7,7.0,0.0,0.0,0.0,0.0,0.0,28.1,41.7,19.8,32.8,-128.7,21.7,0.0,1.0,1.0,1.0,0.0,0.0,1.0,0.0,90.0,90.0,1
2025-04-11 16:00:19,25.94,5.94,3.1,0.7,7.0,0.0,0.0,0.0,0.0,0.0,28.1,41.7,19.8,32.8,-128.7,21.7,0.0,1.0,1.0,1.0,0.0,0.0,1.0,0.0,90.0,90.0,1
2025-04-11 16:00:20,25.97,5.95,3.1,0.7,7.2,0.0,0.0,0.0,0.0,0.0,28.1,41.7,19.8,32.8,-128.7,21.8,0.0,1.0,1.0,1.0,0.0,0.0,1.0,0.0,90.0,90.0,1
2025-04-11 16:00:21,25.95,5.93,3.1,0.7,7.0,0.0,0.0,0.0,0.0,0.0,28.1,41.7,19.8,32.8,-128.7,21.8,0.0,1.0,1.0,1.0,0.0,0.0,1.0,0.0,90.0,90.0,1
2025-04-11 16:00:22,25.92,5.94,3.1,0.7,7.599999,0.0,0.0,0.0,0.0,0.0,28.1,41.7,19.8,32.8,-128.7,21.7,0.0,1.0,1.0,1.0,0.0,0.0,1.0,0.0,90.0,90.0,1
2025-04-11 16:00:23,25.97,5.94,3.1,0.7,7.099999,0.0,0.0,0.0,0.0,0.0,28.1,41.7,19.8,32.8,-128.7,21.7,0.0,1.0,1.0,1.0,0.0,0.0,1.0,0.0,90.0,90.0,1
2025-04-11 16:00:24,25.93,5.93,3.1,0.7,7.3,0.0,0.0,0.0,0.0,0.0,28.1,41.7,19.8,32.8,-128.7,21.8,0.0,1.0,1.0,1.0,0.0,0.0,1.0,0.0,90.0,90.0,1
2025-04-11 16:00:25,25.93,5.93,3.1,0.7,7.5,0.0,0.0,0.0,0.0,0.0,28.1,41.7,19.8,32.8,-128.7,21.7,0.0,1.0,1.0,1.0,0.0,0.0,1.0,0.0,90.0,90.0,1
2025-04-11 16:00:26,25.93,5.93,3.1,0.7,7.599999,0.0,0.0,0.0,0.0,0.0,28.1,41.7,19.7,32.8,-128.7,21.8,0.0,1.0,1.0,1.0,0.0,0.0,1.0,0.0,90.0,90.0,1
2025-04-11 16:00:27,25.92,5.94,3.1,0.7,7.599999,0.0,0.0,0.0,0.0,0.0,28.1,41.7,19.7,32.8,-128.7,21.8,0.0,1.0,1.0,1.0,0.0,0.0,1.0,0.0,90.0,90.0,1
2025-04-11 16:00:28,25.93,5.92,3.1,0.7,7.8,0.0,0.0,0.0,0.0,0.0,28.1,41.7,19.7,32.8,-128.7,21.7,0.0,1.0,1.0,1.0,0.0,0.0,1.0,0.0,90.0,90.0,1
2025-04-11 16:00:29,25.92,5.94,3.1,0.7,7.7,0.0,0.0,0.0,0.0,0.0,28.1,41.6,19.7,32.8,-128.7,21.8,0.0,1.0,1.0,1.0,0.0,0.0,1.0,0.0,90.0,90.0,1
2025-04-11 16:00:30,25.93,5.93,3.1,0.7,7.4,0.0,0.0,0.0,0.0,0.0,28.1,41.6,19.7,32.8,-128.7,21.8,0.0,1.0,1.0,1.0,0.0,0.0,1.0,0.0,90.0,90.0,1
2025-04-11 16:00:31,25.93,5.94,3.1,0.7,8.099999,0.0,0.0,0.0,0.0,0.0,28.1,41.6,19.7,32.8,-128.7,21.7,0.0,1.0,1.0,1.0,0.0,0.0,1.0,0.0,90.0,90.0,1
2025-04-11 16:00:32,25.9,5.94,3.1,0.7,7.2,0.0,0.0,0.0,0.0,0.0,28.1,41.6,19.7,32.8,-128.7,21.7,0.0,1.0,1.0,1.0,0.0,0.0,1.0,0.0,90.0,90.0,1
2025-04-11 16:00:33,25.93,5.93,3.1,0.7,7.3,0.0,0.0,0.0,0.0,0.0,28.1,41.6,19.7,32.8,-128.7,21.8,0.0,1.0,1.0,1.0,0.0,0.0,1.0,0.0,90.0,90.0,1
2025-04-11 16:00:34,25.92,5.94,3.1,0.7,7.7,0.0,0.0,0.0,0.0,0.0,28.1,41.6,19.7,32.8,-128.7,21.7,0.0,1.0,1.0,1.0,0.0,0.0,1.0,0.0,90.0,90.0,1
2025-04-11 16:00:35,25.94,5.93,3.1,0.7,7.099999,0.0,0.0,0.0,0.0,0.0,28.1,41.6,19.7,32.8,-128.7,21.8,0.0,1.0,1.0,1.0,0.0,0.0,1.0,0.0,90.0,90.0,1
2025-04-11 16:00:36,25.95,5.94,3.1,0.7,7.7,0.0,0.0,0.0,0.0,0.0,28.1,41.6,19.7,32.8,-128.7,21.7,0.0,1.0,1.0,1.0,0.0,0.0,1.0,0.0,90.0,90.0,1
2025-04-11 16:00:37,25.93,5.92,3.1,0.7,7.8,0.0,0.0,0.0,0.0,0.0,28.1,41.6,19.7,32.8,-128.7,21.8,0.0,1.0,1.0,1.0,0.0,0.0,1.0,0.0,90.0,90.0,1
2025-04-11 16:00:38,25.93,5.94,3.1,0.7,7.4,0.0,0.0,0.0,0.0,0.0,28.1,41.6,19.7,32.8,-128.7,21.8,0.0,1.0,1.0,1.0,0.0,0.0,1.0,0.0,90.0,90.0,1
2025-04-11 16:00:39,25.9,5.92,3.1,0.7,7.4,0.0,0.0,0.0,0.0,0.0,28.1,41.6,19.6,32.8,-128.7,21.8,0.0,1.0,1.0,1.0,0.0,0.0,1.0,0.0,90.0,90.0,1
2025-04-11 16:00:40,25.9,5.94,3.0,0.7,7.8,0.0,0.0,0.0,0.0,0.0,28.1,41.6,19.6,32.8,-128.7,21.7,0.0,1.0,1.0,1.0,0.0,0.0,1.0,0.0,90.0,90.0,1
2025-04-11 16:00:41,25.92,5.93,3.1,0.7,7.7,0.0,0.0,0.0,0.0,0.0,28.1,41.6,19.6,32.8,-128.7,21.8,0.0,1.0,1.0,1.0,0.0,0.0,1.0,0.0,90.0,90.0,1
2025-04-11 16:00:42,25.93,5.93,3.1,0.7,7.2,0.0,0.0,0.0,0.0,0.0,28.1,41.6,19.6,32.8,-128.7,21.7,0.0,1.0,1.0,1.0,0.0,0.0,1.0,0.0,90.0,90.0,1
2025-04-11 16:00:43,25.92,5.93,3.1,0.7,7.3,0.0,0.0,0.0,0.0,0.0,28.1,41.6,19.6,32.8,-128.7,21.7,0.0,1.0,1.0,1.0,0.0,0.0,1.0,0.0,90.0,90.0,1
2025-04-11 16:00:44,25.92,5.94,3.1,0.7,7.4,0.0,0.0,0.0,0.0,0.0,28.1,41.6,19.6,32.8,-128.7,21.8,0.0,1.0,1.0,1.0,0.0,0.0,1.0,0.0,90.0,90.0,1
2025-04-11 16:00:45,25.9,5.94,3.1,0.7,7.2,0.0,0.0,0.0,0.0,0.0,28.1,41.6,19.6,32.8,-128.7,21.7,0.0,1.0,1.0,1.0,0.0,0.0,1.0,0.0,90.0,90.0,1
2025-04-11 16:00:46,25.89,5.93,3.1,0.7,7.2,0.0,0.0,0.0,0.0,0.0,28.1,41.6,19.6,32.8,-128.7,21.8,0.0,1.0,1.0,1.0,0.0,0.0,1.0,0.0,90.0,90.0,1
2025-04-11 16:00:47,25.9,5.93,3.1,0.7,8.0,0.0,0.0,0.0,0.0,0.0,28.1,41.6,19.6,32.8,-128.7,21.7,0.0,1.0,1.0,1.0,0.0,0.0,1.0,0.0,90.0,90.0,1
2025-04-11 16:00:48,25.92,5.93,3.1,0.7,7.099999,0.0,0.0,0.0,0.0,0.0,28.1,41.6,19.6,32.8,-128.7,21.8,0.0,1.0,1.0,1.0,0.0,0.0,1.0,0.0,90.0,90.0,1
2025-04-11 16:00:49,25.9,5.94,3.1,0.7,7.2,0.0,0.0,0.0,0.0,0.0,28.1,41.6,19.6,32.8,-128.7,21.7,0.0,1.0,1.0,1.0,0.0,0.0,1.0,0.0,90.0,90.0,1
2025-04-11 16:00:50,25.92,5.93,3.1,0.7,7.7,0.0,0.0,0.0,0.0,0.0,28.1,41.6,19.6,32.8,-128.7,21.8,0.0,1.0,1.0,1.0,0.0,0.0,1.0,0.0,90.0,90.0,1
2025-04-11 16:00:51,25.89,5.94,3.1,0.7,7.7,0.0,0.0,0.0,0.0,0.0,28.1,41.6,19.6,32.8,-128.7,21.7,0.0,1.0,1.0,1.0,0.0,0.0,1.0,0.0,90.0,90.0,1
2025-04-11 16:00:52,25.89,5.93,3.1,0.7,7.599999,0.0,0.0,0.0,0.0,0.0,28.1,41.6,19.5,32.8,-128.7,21.8,0.0,1.0,1.0,1.0,0.0,0.0,1.0,0.0,90.0,90.0,1
2025-04-11 16:00:53,25.89,5.94,3.1,0.7,8.2,0.0,0.0,0.0,0.0,0.0,28.1,41.6,19.5,32.8,-128.7,21.7,0.0,1.0,1.0,1.0,0.0,0.0,1.0,0.0,90.0,90.0,1
2025-04-11 16:00:54,25.9,5.93,3.1,0.7,7.599999,0.0,0.0,0.0,0.0,0.0,28.1,41.6,19.5,32.8,-128.7,21.8,0.0,1.0,1.0,1.0,0.0,0.0,1.0,0.0,90.0,90.0,1
2025-04-11 16:00:55,25.92,5.94,3.1,0.7,7.4,0.0,0.0,0.0,0.0,0.0,28.1,41.6,19.5,32.8,-128.7,21.7,0.0,1.0,1.0,1.0,0.0,0.0,1.0,0.0,90.0,90.0,1
2025-04-11 16:00:56,25.89,5.93,3.1,0.7,8.0,0.0,0.0,0.0,0.0,0.0,28.1,41.6,19.5,32.8,-128.7,21.7,0.0,1.0,1.0,1.0,0.0,0.0,1.0,0.0,90.0,90.0,1
2025-04-11 16:00:57,25.88,5.94,3.1,0.7,8.099999,0.0,0.0,0.0,0.0,0.0,28.1,41.5,19.5,32.8,-128.7,21.8,0.0,1.0,1.0,1.0,0.0,0.0,1.0,0.0,90.0,90.0,1
2025-04-11 16:00:58,25.88,5.93,3.1,0.7,7.8,0.0,0.0,0.0,0.0,0.0,28.1,41.5,19.5,32.8,-128.7,21.8,0.0,1.0,1.0,1.0,0.0,0.0,1.0,0.0,90.0,90.0,1
2025-04-11 16:00:59,25.87,5.94,3.1,0.7,7.099999,0.0,0.0,0.0,0.0,0.0,28.1,41.5,19.5,32.8,-128.7,21.7,0.0,1.0,1.0,1.0,0.0,0.0,1.0,0.0,90.0,90.0,1
2025-04-11 16:01:00,25.87,5.93,3.1,0.7,7.7,0.0,0.0,0.0,0.0,0.0,28.1,41.5,19.5,32.8,-128.7,21.8,0.0,1.0,1.0,1.0,0.0,0.0,1.0,0.0,90.0,90.0,1
2025-04-11 16:01:01,25.89,5.93,3.1,0.7,7.5,0.0,0.0,0.0,0.0,0.0,28.1,41.5,19.5,32.8,-128.7,21.8,0.0,1.0,1.0,1.0,0.0,0.0,1.0,0.0,90.0,90.0,1
2025-04-11 16:01:02,25.88,5.93,3.1,0.7,7.099999,0.0,0.0,0.0,0.0,0.0,28.1,41.5,19.5,32.8,-128.7,21.7,0.0,1.0,1.0,1.0,0.0,0.0,1.0,0.0,90.0,90.0,1
2025-04-11 16:01:03,25.88,5.91,3.1,0.7,7.4,0.0,0.0,0.0,0.0,0.0,28.1,41.5,19.5,32.8,-128.7,21.9,0.0,1.0,1.0,1.0,0.0,0.0,1.0,0.0,90.0,90.0,1
2025-04-11 16:01:04,25.86,5.92,3.1,0.7,7.0,0.0,0.0,0.0,0.0,0.0,28.1,41.5,19.5,32.8,-128.7,21.8,0.0,1.0,1.0,1.0,0.0,0.0,1.0,0.0,90.0,90.0,1
2025-04-11 16:01:05,25.86,5.92,3.1,0.7,7.099999,0.0,0.0,0.0,0.0,0.0,28.1,41.5,19.4,32.7,-128.7,21.8,0.0,1.0,1.0,1.0,0.0,0.0,1.0,0.0,90.0,90.0,1
2025-04-11 16:01:06,25.84,5.94,3.1,0.7,7.599999,0.0,0.0,0.0,0.0,0.0,28.1,41.5,19.4,32.7,-128.7,21.7,0.0,1.0,1.0,1.0,0.0,0.0,1.0,0.0,90.0,90.0,1
2025-04-11 16:01:07,25.86,5.91,3.1,0.7,7.8,0.0,0.0,0.0,0.0,0.0,28.1,41.5,19.4,32.7,-128.7,21.7,0.0,1.0,1.0,1.0,0.0,0.0,1.0,0.0,90.0,90.0,1
2025-04-11 16:01:08,25.87,5.93,3.1,0.7,7.599999,0.0,0.0,0.0,0.0,0.0,28.1,41.5,19.4,32.7,-128.7,21.7,0.0,1.0,1.0,1.0,0.0,0.0,1.0,0.0,90.0,90.0,1
2025-04-11 16:01:09,25.87,5.92,3.1,0.7,7.7,0.0,0.0,0.0,0.0,0.0,28.1,41.5,19.4,32.7,-128.7,21.7,0.0,1.0,1.0,1.0,0.0,0.0,1.0,0.0,90.0,90.0,1
2025-04-11 16:01:10,25.86,5.93,3.1,0.7,7.7,0.0,0.0,0.0,0.0,0.0,28.1,41.5,19.4,32.7,-128.7,21.7,0.0,1.0,1.0,1.0,0.0,0.0,1.0,0.0,90.0,90.0,1
2025-04-11 16:01:11,25.84,5.92,3.1,0.7,7.9,0.0,0.0,0.0,0.0,0.0,28.1,41.5,19.4,32.7,-128.7,21.7,0.0,1.0,1.0,1.0,0.0,0.0,1.0,0.0,90.0,90.0,1
2025-04-11 16:01:12,25.83,5.93,3.1,0.7,7.099999,0.0,0.0,0.0,0.0,0.0,28.1,41.5,19.4,32.7,-128.7,21.7,0.0,1.0,1.0,1.0,0.0,0.0,1.0,0.0,90.0,90.0,1
2025-04-11 16:01:13,25.86,5.91,3.1,0.7,7.4,0.0,0.0,0.0,0.0,0.0,28.1,41.5,19.4,32.7,-128.7,21.7,0.0,1.0,1.0,1.0,0.0,0.0,1.0,0.0,90.0,90.0,1
2025-04-11 16:01:14,25.87,5.93,3.1,0.7,7.4,0.0,0.0,0.0,0.0,0.0,28.1,41.5,19.4,32.7,-128.7,21.7,0.0,1.0,1.0,1.0,0.0,0.0,1.0,0.0,90.0,90.0,1
2025-04-11 16:01:15,25.87,5.91,3.1,0.7,7.2,0.0,0.0,0.0,0.0,0.0,28.1,41.5,19.4,32.7,-128.7,21.7,0.0,1.0,1.0,1.0,0.0,0.0,1.0,0.0,90.0,90.0,1
2025-04-11 16:01:16,25.86,5.93,3.1,0.7,7.3,0.0,0.0,0.0,0.0,0.0,28.1,41.4,19.3,32.7,-128.7,21.7,0.0,1.0,1.0,1.0,0.0,0.0,1.0,0.0,90.0,90.0,1
2025-04-11 16:01:17,25.84,5.91,3.1,0.7,7.0,0.0,0.0,0.0,0.0,0.0,28.1,41.4,19.3,32.7,-128.7,21.7,0.0,1.0,1.0,1.0,0.0,0.0,1.0,0.0,90.0,90.0,1
2025-04-11 16:01:18,25.83,5.92,3.1,0.7,7.2,0.0,0.0,0.0,0.0,0.0,28.1,41.4,19.3,32.7,-128.7,21.8,0.0,1.0,1.0,1.0,0.0,0.0,1.0,0.0,90.0,90.0,1
2025-04-11 16:01:19,25.86,5.92,3.1,0.7,7.2,0.0,0.0,0.0,0.0,0.0,28.1,41.4,19.3,32.7,-128.7,21.7,0.0,1.0,1.0,1.0,0.0,0.0,1.0,0.0,90.0,90.0,1
2025-04-11 16:01:20,25.86,5.92,3.1,0.7,7.4,0.0,0.0,0.0,0.0,0.0,28.1,41.4,19.3,32.7,-128.7,21.8,0.0,1.0,1.0,1.0,0.0,0.0,1.0,0.0,90.0,90.0,1
2025-04-11 16:01:21,25.88,5.92,3.1,0.7,7.8,0.0,0.0,0.0,0.0,0.0,28.1,41.4,19.3,32.7,-128.7,21.7,0.0,1.0,1.0,1.0,0.0,0.0,1.0,0.0,90.0,90.0,1
2025-04-11 16:01:22,25.88,5.93,3.1,0.7,7.8,0.0,0.0,0.0,0.0,0.0,28.1,41.4,19.3,32.7,-128.7,21.7,0.0,1.0,1.0,1.0,0.0,0.0,1.0,0.0,90.0,90.0,1
2025-04-11 16:01:23,25.84,5.91,3.1,0.7,7.5,0.0,0.0,0.0,0.0,0.0,28.1,41.4,19.3,32.7,-128.7,21.7,0.0,1.0,1.0,1.0,0.0,0.0,1.0,0.0,90.0,90.0,1
2025-04-11 16:01:24,25.86,5.93,3.1,0.7,7.3,0.0,0.0,0.0,0.0,0.0,28.1,41.4,19.3,32.7,-128.7,21.7,0.0,1.0,1.0,1.0,0.0,0.0,1.0,0.0,90.0,90.0,1
2025-04-11 16:01:25,25.87,5.92,3.1,0.7,7.2,0.0,0.0,0.0,0.0,0.0,28.1,41.5,19.3,32.7,-128.7,21.7,0.0,1.0,1.0,1.0,0.0,0.0,1.0,0.0,90.0,90.0,1
2025-04-11 16:01:26,25.86,5.93,3.1,0.7,7.8,0.0,0.0,0.0,0.0,0.0,28.1,41.5,19.3,32.7,-128.7,21.7,0.0,1.0,1.0,1.0,0.0,0.0,1.0,0.0,90.0,90.0,1
2025-04-11 16:01:27,25.86,5.92,3.1,0.7,7.099999,0.0,0.0,0.0,0.0,0.0,28.1,41.5,19.3,32.6,-128.7,21.5,0.0,1.0,1.0,1.0,0.0,0.0,1.0,0.0,90.0,90.0,1
2025-04-11 16:01:28,25.84,5.92,3.1,0.7,7.099999,0.0,0.0,0.0,0.0,0.0,28.1,41.5,19.3,32.6,-128.7,21.6,0.0,1.0,1.0,1.0,0.0,0.0,1.0,0.0,90.0,90.0,1
2025-04-11 16:01:29,25.84,5.92,3.1,0.7,6.9,0.0,0.0,0.0,0.0,0.0,28.1,41.5,19.3,32.6,-128.7,21.6,0.0,1.0,1.0,1.0,0.0,0.0,1.0,0.0,90.0,90.0,1
2025-04-11 16:01:30,25.84,5.92,3.1,0.7,7.2,0.0,0.0,0.0,0.0,0.0,28.1,41.5,19.3,32.6,-128.7,21.6,0.0,1.0,1.0,1.0,0.0,0.0,1.0,0.0,90.0,90.0,1
2025-04-11 16:01:31,25.86,5.93,3.1,0.7,7.3,0.0,0.0,0.0,0.0,0.0,28.1,41.5,19.3,32.6,-128.7,21.5,0.0,1.0,1.0,1.0,0.0,0.0,1.0,0.0,90.0,90.0,1
2025-04-11 16:01:32,25.87,5.94,3.1,0.7,7.099999,0.0,0.0,0.0,0.0,0.0,28.1,41.5,19.3,32.6,-128.7,21.6,0.0,1.0,1.0,1.0,0.0,0.0,1.0,0.0,90.0,90.0,1
2025-04-11 16:01:33,25.86,5.93,3.1,0.7,7.599999,0.0,0.0,0.0,0.0,0.0,28.1,41.5,19.2,32.6,-128.7,21.5,0.0,1.0,1.0,1.0,0.0,0.0,1.0,0.0,90.0,90.0,1
2025-04-11 16:01:34,25.84,5.94,3.1,0.7,7.2,0.0,0.0,0.0,0.0,0.0,28.1,41.5,19.2,32.6,-128.7,21.6,0.0,1.0,1.0,1.0,0.0,0.0,1.0,0.0,90.0,90.0,1
2025-04-11 16:01:35,25.84,5.92,3.1,0.7,7.0,0.0,0.0,0.0,0.0,0.0,28.1,41.5,19.2,32.6,-128.7,21.6,0.0,1.0,1.0,1.0,0.0,0.0,1.0,0.0,90.0,90.0,1
2025-04-11 16:01:36,25.83,5.93,3.1,0.7,7.5,0.0,0.0,0.0,0.0,0.0,28.1,41.5,19.2,32.6,-128.7,21.6,0.0,1.0,1.0,1.0,0.0,0.0,1.0,0.0,90.0,90.0,1
2025-04-11 16:01:37,25.86,5.93,3.1,0.7,7.2,0.0,0.0,0.0,0.0,0.0,28.1,41.5,19.2,32.6,-128.7,21.6,0.0,1.0,1.0,1.0,0.0,0.0,1.0,0.0,90.0,90.0,1
2025-04-11 16:01:38,25.86,5.93,3.1,0.7,7.2,0.0,0.0,0.0,0.0,0.0,28.1,41.5,19.2,32.6,-128.7,21.6,0.0,1.0,1.0,1.0,0.0,0.0,1.0,0.0,90.0,90.0,1
2025-04-11 16:01:39,25.86,5.93,3.1,0.7,7.599999,0.0,0.0,0.0,0.0,0.0,28.1,41.5,19.2,32.6,-128.7,21.6,0.0,1.0,1.0,1.0,0.0,0.0,1.0,0.0,90.0,90.0,1
2025-04-11 16:01:40,25.87,5.93,3.1,0.7,7.7,0.0,0.0,0.0,0.0,0.0,28.1,41.5,19.2,32.6,-128.7,21.6,0.0,1.0,1.0,1.0,0.0,0.0,1.0,0.0,90.0,90.0,1
2025-04-11 16:01:41,25.84,5.93,3.1,0.7,7.3,0.0,0.0,0.0,0.0,0.0,28.1,41.5,19.2,32.6,-128.7,21.5,0.0,1.0,1.0,1.0,0.0,0.0,1.0,0.0,90.0,90.0,1
2025-04-11 16:01:42,25.83,5.93,3.1,0.7,7.4,0.0,0.0,0.0,0.0,0.0,28.1,41.5,19.2,32.6,-128.7,21.6,0.0,1.0,1.0,1.0,0.0,0.0,1.0,0.0,90.0,90.0,1
2025-04-11 16:01:43,25.84,5.93,3.1,0.7,7.7,0.0,0.0,0.0,0.0,0.0,28.1,41.5,19.2,32.6,-128.7,21.5,0.0,1.0,1.0,1.0,0.0,0.0,1.0,0.0,90.0,90.0,1
2025-04-11 16:01:44,25.84,5.93,3.1,0.7,7.7,0.0,0.0,0.0,0.0,0.0,28.1,41.5,19.1,32.6,-128.7,21.6,0.0,1.0,1.0,1.0,0.0,0.0,1.0,0.0,90.0,90.0,1
2025-04-11 16:01:45,25.84,5.93,3.1,0.7,7.2,0.0,0.0,0.0,0.0,0.0,28.1,41.5,19.1,32.6,-128.7,21.5,0.0,1.0,1.0,1.0,0.0,0.0,1.0,0.0,90.0,90.0,1
2025-04-11 16:01:46,25.84,5.93,3.1,0.7,7.2,0.0,0.0,0.0,0.0,0.0,28.1,41.5,19.1,32.6,-128.7,21.6,0.0,1.0,1.0,1.0,0.0,0.0,1.0,0.0,90.0,90.0,1
2025-04-11 16:01:47,25.84,5.94,3.1,0.7,7.7,0.0,0.0,0.0,0.0,0.0,28.1,41.4,19.1,32.6,-128.7,21.5,0.0,1.0,1.0,1.0,0.0,0.0,1.0,0.0,90.0,90.0,1
2025-04-11 16:01:48,25.83,5.93,3.1,0.7,7.3,0.0,0.0,0.0,0.0,0.0,28.1,41.4,19.1,32.5,-128.7,21.5,0.0,1.0,1.0,1.0,0.0,0.0,1.0,0.0,90.0,90.0,1
2025-04-11 16:01:49,25.84,5.94,3.1,0.7,7.2,0.0,0.0,0.0,0.0,0.0,28.1,41.4,19.1,32.5,-128.7,21.4,0.0,1.0,1.0,1.0,0.0,0.0,1.0,0.0,90.0,90.0,1
2025-04-11 16:01:50,25.84,5.93,3.1,0.7,7.4,0.0,0.0,0.0,0.0,0.0,28.1,41.4,19.1,32.5,-128.7,21.5,0.0,1.0,1.0,1.0,0.0,0.0,1.0,0.0,90.0,90.0,1
2025-04-11 16:01:51,25.83,5.94,3.1,0.7,7.599999,0.0,0.0,0.0,0.0,0.0,28.1,41.4,19.1,32.5,-128.7,21.4,0.0,1.0,1.0,1.0,0.0,0.0,1.0,0.0,90.0,90.0,1
2025-04-11 16:01:52,25.83,5.93,3.1,0.7,7.0,0.0,0.0,0.0,0.0,0.0,28.1,41.4,19.1,32.5,-128.7,21.5,0.0,1.0,1.0,1.0,0.0,0.0,1.0,0.0,90.0,90.0,1
2025-04-11 16:01:53,25.82,5.93,3.1,0.7,7.4,0.0,0.0,0.0,0.0,0.0,28.1,41.4,19.1,32.5,-128.7,21.5,0.0,1.0,1.0,1.0,0.0,0.0,1.0,0.0,90.0,90.0,1
2025-04-11 16:01:54,25.84,5.93,3.1,0.7,7.4,0.0,0.0,0.0,0.0,0.0,28.1,41.4,19.1,32.5,-128.7,21.6,0.0,1.0,1.0,1.0,0.0,0.0,1.0,0.0,90.0,90.0,1
2025-04-11 16:01:55,25.86,5.93,3.1,0.7,7.8,0.0,0.0,0.0,0.0,0.0,28.1,41.4,19.0,32.5,-128.7,21.5,0.0,1.0,1.0,1.0,0.0,0.0,1.0,0.0,90.0,90.0,1
2025-04-11 16:01:56,25.86,5.92,3.1,0.7,7.5,0.0,0.0,0.0,0.0,0.0,28.1,41.4,19.0,32.5,-128.7,21.5,0.0,1.0,1.0,1.0,0.0,0.0,1.0,0.0,90.0,90.0,1
2025-04-11 16:01:57,25.84,5.94,3.1,0.7,7.3,0.0,0.0,0.0,0.0,0.0,28.1,41.4,19.0,32.5,-128.7,21.4,0.0,1.0,1.0,1.0,0.0,0.0,1.0,0.0,90.0,90.0,1
2025-04-11 16:01:58,25.82,5.92,3.1,0.7,8.099999,0.0,0.0,0.0,0.0,0.0,28.1,41.4,19.0,32.5,-128.7,21.5,0.0,1.0,1.0,1.0,0.0,0.0,1.0,0.0,90.0,90.0,1
2025-04-11 16:01:59,25.82,5.93,3.1,0.7,7.8,0.0,0.0,0.0,0.0,0.0,28.1,41.4,19.0,32.5,-128.7,21.5,0.0,1.0,1.0,1.0,0.0,0.0,1.0,0.0,90.0,90.0,1
2025-04-11 16:02:00,25.83,5.92,3.0,0.7,7.2,0.0,0.0,0.0,0.0,0.0,28.1,41.4,19.0,32.5,-128.7,21.5,0.0,1.0,1.0,1.0,0.0,0.0,1.0,0.0,90.0,90.0,1
2025-04-11 16:02:01,25.84,5.94,3.1,0.7,7.8,0.0,0.0,0.0,0.0,0.0,28.1,41.4,19.0,32.5,-128.7,21.4,0.0,1.0,1.0,1.0,0.0,0.0,1.0,0.0,90.0,90.0,1
2025-04-11 16:02:02,25.86,5.92,3.1,0.7,7.2,0.0,0.0,0.0,0.0,0.0,28.1,41.4,19.0,32.5,-128.7,21.5,0.0,1.0,1.0,1.0,0.0,0.0,1.0,0.0,90.0,90.0,1
2025-04-11 16:02:03,25.84,5.94,3.1,0.7,7.9,0.0,0.0,0.0,0.0,0.0,28.1,41.4,19.0,32.5,-128.7,21.5,0.0,1.0,1.0,1.0,0.0,0.0,1.0,0.0,90.0,90.0,1
2025-04-11 16:02:04,25.86,5.92,3.1,0.7,7.5,0.0,0.0,0.0,0.0,0.0,28.1,41.4,19.0,32.5,-128.7,21.5,0.0,1.0,1.0,1.0,0.0,0.0,1.0,0.0,90.0,90.0,1
2025-04-11 16:02:05,25.83,5.94,3.1,0.7,7.7,0.0,0.0,0.0,0.0,0.0,28.1,41.4,19.0,32.5,-128.7,21.4,0.0,1.0,1.0,1.0,0.0,0.0,1.0,0.0,90.0,90.0,1
2025-04-11 16:02:06,25.83,5.92,3.1,0.7,7.8,0.0,0.0,0.0,0.0,0.0,28.1,41.4,19.0,32.5,-128.7,21.5,0.0,1.0,1.0,1.0,0.0,0.0,1.0,0.0,90.0,90.0,1
2025-04-11 16:02:07,25.84,5.92,3.0,0.7,7.099999,0.0,0.0,0.0,0.0,0.0,28.0,41.4,18.9,32.5,-128.7,21.5,0.0,1.0,1.0,1.0,0.0,0.0,1.0,0.0,90.0,90.0,1
2025-04-11 16:02:08,25.83,5.93,3.1,0.7,7.4,0.0,0.0,0.0,0.0,0.0,28.0,41.4,18.9,32.4,-128.7,21.4,0.0,1.0,1.0,1.0,0.0,0.0,1.0,0.0,90.0,90.0,1
2025-04-11 16:02:09,25.84,5.92,3.1,0.7,7.599999,0.0,0.0,0.0,0.0,0.0,28.0,41.4,18.9,32.4,-128.7,21.4,0.0,1.0,1.0,1.0,0.0,0.0,1.0,0.0,90.0,90.0,1
2025-04-11 16:02:10,25.87,5.93,3.1,0.7,7.9,0.0,0.0,0.0,0.0,0.0,28.0,41.5,18.9,32.4,-128.7,21.3,0.0,1.0,1.0,1.0,0.0,0.0,1.0,0.0,90.0,90.0,1
2025-04-11 16:02:11,25.87,5.92,3.1,0.7,7.4,0.0,0.0,0.0,0.0,0.0,28.0,41.5,18.9,32.4,-128.7,21.5,0.0,1.0,1.0,1.0,0.0,0.0,1.0,0.0,90.0,90.0,1
2025-04-11 16:02:12,25.88,5.93,3.1,0.7,7.599999,0.0,0.0,0.0,0.0,0.0,28.0,41.5,18.9,32.4,-128.7,21.4,0.0,1.0,1.0,1.0,0.0,0.0,1.0,0.0,90.0,90.0,1
2025-04-11 16:02:13,25.87,5.92,3.1,0.7,7.3,0.0,0.0,0.0,0.0,0.0,28.0,41.5,18.9,32.4,-128.7,21.4,0.0,1.0,1.0,1.0,0.0,0.0,1.0,0.0,90.0,90.0,1
2025-04-11 16:02:14,25.86,5.94,3.1,0.7,7.8,0.0,0.0,0.0,0.0,0.0,28.0,41.5,18.9,32.4,-128.7,21.3,0.0,1.0,1.0,1.0,0.0,0.0,1.0,0.0,90.0,90.0,1
2025-04-11 16:02:15,25.83,5.92,3.1,0.7,7.599999,0.0,0.0,0.0,0.0,0.0,28.0,41.5,18.9,32.4,-128.7,21.4,0.0,1.0,1.0,1.0,0.0,0.0,1.0,0.0,90.0,90.0,1
2025-04-11 16:02:16,25.83,5.93,3.1,0.7,8.0,0.0,0.0,0.0,0.0,0.0,28.0,41.5,18.9,32.4,-128.7,21.4,0.0,1.0,1.0,1.0,0.0,0.0,1.0,0.0,90.0,90.0,1
2025-04-11 16:02:17,25.84,5.93,3.1,0.7,7.8,0.0,0.0,0.0,0.0,0.0,28.0,41.5,18.9,32.4,-128.7,21.4,0.0,1.0,1.0,1.0,0.0,0.0,1.0,0.0,90.0,90.0,1
2025-04-11 16:02:18,25.86,5.91,3.1,0.7,7.5,0.0,0.0,0.0,0.0,0.0,28.0,41.5,18.8,32.4,-128.7,21.5,0.0,1.0,1.0,1.0,0.0,0.0,1.0,0.0,90.0,90.0,1
2025-04-11 16:02:19,25.87,5.93,3.0,0.7,7.7,0.0,0.0,0.0,0.0,0.0,28.0,41.5,18.8,32.4,-128.7,21.3,0.0,1.0,1.0,1.0,0.0,0.0,1.0,0.0,90.0,90.0,1
2025-04-11 16:02:20,25.84,5.91,3.1,0.7,7.099999,0.0,0.0,0.0,0.0,0.0,28.0,41.5,18.8,32.4,-128.7,21.5,0.0,1.0,1.0,1.0,0.0,0.0,1.0,0.0,90.0,90.0,1
2025-04-11 16:02:21,25.84,5.93,3.1,0.7,7.4,0.0,0.0,0.0,0.0,0.0,28.0,41.4,18.8,32.4,-128.7,21.4,0.0,1.0,1.0,1.0,0.0,0.0,1.0,0.0,90.0,90.0,1
2025-04-11 16:02:22,25.86,5.91,3.1,0.7,7.0,0.0,0.0,0.0,0.0,0.0,28.0,41.4,18.8,32.4,-128.7,21.4,0.0,1.0,1.0,1.0,0.0,0.0,1.0,0.0,90.0,90.0,1
2025-04-11 16:02:23,25.84,5.93,3.1,0.7,7.4,0.0,0.0,0.0,0.0,0.0,28.0,41.4,18.8,32.4,-128.7,21.4,0.0,1.0,1.0,1.0,0.0,0.0,1.0,0.0,90.0,90.0,1
2025-04-11 16:02:24,25.87,5.92,3.1,0.7,7.4,0.0,0.0,0.0,0.0,0.0,28.0,41.4,18.8,32.4,-128.7,21.4,0.0,1.0,1.0,1.0,0.0,0.0,1.0,0.0,90.0,90.0,1
2025-04-11 16:02:25,25.84,5.92,3.1,0.7,8.0,0.0,0.0,0.0,0.0,0.0,28.0,41.4,18.8,32.4,-128.7,21.4,0.0,1.0,1.0,1.0,0.0,0.0,1.0,0.0,90.0,90.0,1
2025-04-11 16:02:26,25.84,5.93,3.1,0.7,7.099999,0.0,0.0,0.0,0.0,0.0,28.0,41.4,18.8,32.4,-128.7,21.4,0.0,1.0,1.0,1.0,0.0,0.0,1.0,0.0,90.0,90.0,1
2025-04-11 16:02:27,25.86,5.91,3.1,0.7,7.7,0.0,0.0,0.0,0.0,0.0,28.0,41.4,18.8,32.4,-128.7,21.5,0.0,1.0,1.0,1.0,0.0,0.0,1.0,0.0,90.0,90.0,1
2025-04-11 16:02:28,25.84,5.93,3.1,0.7,7.2,0.0,0.0,0.0,0.0,0.0,28.0,41.4,18.8,32.4,-128.7,21.4,0.0,1.0,1.0,1.0,0.0,0.0,1.0,0.0,90.0,90.0,1
2025-04-11 16:02:29,25.86,5.92,3.1,0.7,7.3,0.0,0.0,0.0,0.0,0.0,28.0,41.4,18.8,32.3,-128.7,21.3,0.0,1.0,1.0,1.0,0.0,0.0,1.0,0.0,90.0,90.0,1
2025-04-11 16:02:30,25.84,5.94,3.1,0.7,6.9,0.0,0.0,0.0,0.0,0.0,28.0,41.4,18.8,32.3,-128.7,21.3,0.0,1.0,1.0,1.0,0.0,0.0,1.0,0.0,90.0,90.0,1
2025-04-11 16:02:31,25.86,5.92,3.1,0.7,7.8,0.0,0.0,0.0,0.0,0.0,28.0,41.4,18.8,32.3,-128.7,21.3,0.0,1.0,1.0,1.0,0.0,0.0,1.0,0.0,90.0,90.0,1
2025-04-11 16:02:32,25.84,5.93,3.1,0.7,7.7,0.0,0.0,0.0,0.0,0.0,28.0,41.4,18.8,32.3,-128.7,21.3,0.0,1.0,1.0,1.0,0.0,0.0,1.0,0.0,90.0,90.0,1
2025-04-11 16:02:33,25.86,5.92,3.1,0.7,7.9,0.0,0.0,0.0,0.0,0.0,28.0,41.4,18.7,32.3,-128.7,21.3,0.0,1.0,1.0,1.0,0.0,0.0,1.0,0.0,90.0,90.0,1
2025-04-11 16:02:34,25.84,5.92,3.0,0.7,7.5,0.0,0.0,0.0,0.0,0.0,28.0,41.4,18.7,32.3,-128.7,21.3,0.0,1.0,1.0,1.0,0.0,0.0,1.0,0.0,90.0,90.0,1
2025-04-11 16:02:35,25.87,5.93,3.1,0.7,7.7,0.0,0.0,0.0,0.0,0.0,28.0,41.4,18.7,32.3,-128.7,21.2,0.0,1.0,1.0,1.0,0.0,0.0,1.0,0.0,90.0,90.0,1
2025-04-11 16:02:36,25.84,5.91,3.1,0.7,8.0,0.0,0.0,0.0,0.0,0.0,28.0,41.4,18.7,32.3,-128.7,21.4,0.0,1.0,1.0,1.0,0.0,0.0,1.0,0.0,90.0,90.0,1
2025-04-11 16:02:37,25.86,5.92,3.1,0.7,7.5,0.0,0.0,0.0,0.0,0.0,28.0,41.4,18.7,32.3,-128.7,21.3,0.0,1.0,1.0,1.0,0.0,0.0,1.0,0.0,90.0,90.0,1
2025-04-11 16:02:38,25.87,5.92,3.1,0.7,7.8,0.0,0.0,0.0,0.0,0.0,28.0,41.4,18.7,32.3,-128.7,21.3,0.0,1.0,1.0,1.0,0.0,0.0,1.0,0.0,90.0,90.0,1
2025-04-11 16:02:39,25.84,5.93,3.1,0.7,7.2,0.0,0.0,0.0,0.0,0.0,28.0,41.4,18.7,32.3,-128.7,21.4,0.0,1.0,1.0,1.0,0.0,0.0,1.0,0.0,90.0,90.0,1
2025-04-11 16:02:40,25.86,5.91,3.1,0.7,8.0,0.0,0.0,0.0,0.0,0.0,28.0,41.4,18.7,32.3,-128.7,21.3,0.0,1.0,1.0,1.0,0.0,0.0,1.0,0.0,90.0,90.0,1
2025-04-11 16:02:41,25.84,5.91,3.1,0.7,7.3,0.0,0.0,0.0,0.0,0.0,28.0,41.4,18.7,32.3,-128.7,21.3,0.0,1.0,1.0,1.0,0.0,0.0,1.0,0.0,90.0,90.0,1
2025-04-11 16:02:42,25.84,5.93,3.0,0.7,7.9,0.0,0.0,0.0,0.0,0.0,28.0,41.4,18.7,32.3,-128.7,21.3,0.0,1.0,1.0,1.0,0.0,0.0,1.0,0.0,90.0,90.0,1
2025-04-11 16:02:43,25.86,5.91,3.1,0.7,7.0,0.0,0.0,0.0,0.0,0.0,28.0,41.4,18.7,32.3,-128.7,21.3,0.0,1.0,1.0,1.0,0.0,0.0,1.0,0.0,90.0,90.0,1
2025-04-11 16:02:44,25.88,5.93,3.1,0.7,8.0,0.0,0.0,0.0,0.0,0.0,28.0,41.4,18.7,32.3,-128.7,21.3,0.0,1.0,1.0,1.0,0.0,0.0,1.0,0.0,90.0,90.0,1
2025-04-11 16:02:45,25.88,5.93,3.1,0.7,7.2,0.0,0.0,0.0,0.0,0.0,28.0,41.4,18.7,32.3,-128.7,21.3,0.0,1.0,1.0,1.0,0.0,0.0,1.0,0.0,90.0,90.0,1
2025-04-11 16:02:46,25.88,5.91,3.1,0.7,8.0,0.0,0.0,0.0,0.0,0.0,28.0,41.4,18.7,32.3,-128.7,21.4,0.0,1.0,1.0,1.0,0.0,0.0,1.0,0.0,90.0,90.0,1
2025-04-11 16:02:47,25.87,5.94,3.1,0.7,7.099999,0.0,0.0,0.0,0.0,0.0,28.0,41.4,18.7,32.3,-128.7,21.3,0.0,1.0,1.0,1.0,0.0,0.0,1.0,0.0,90.0,90.0,1
2025-04-11 16:02:48,25.84,5.92,3.1,0.7,7.8,0.0,0.0,0.0,0.0,0.0,28.0,41.4,18.7,32.3,-128.7,21.3,0.0,1.0,1.0,1.0,0.0,0.0,1.0,0.0,90.0,90.0,1
2025-04-11 16:02:49,25.84,5.93,3.1,0.7,7.4,0.0,0.0,0.0,0.0,0.0,28.0,41.4,18.7,32.3,-128.7,21.3,0.0,1.0,1.0,1.0,0.0,0.0,1.0,0.0,90.0,90.0,1
2025-04-11 16:02:50,25.84,5.92,3.1,0.7,7.2,0.0,0.0,0.0,0.0,0.0,28.0,41.4,18.7,32.3,-128.7,21.3,0.0,1.0,1.0,1.0,0.0,0.0,1.0,0.0,90.0,90.0,1
2025-04-11 16:02:51,25.84,5.93,3.1,0.7,7.3,0.0,0.0,0.0,0.0,0.0,28.0,41.4,18.7,32.3,-128.7,21.3,0.0,1.0,1.0,1.0,0.0,0.0,1.0,0.0,90.0,90.0,1
2025-04-11 16:02:52,25.86,5.93,3.1,0.7,7.3,0.0,0.0,0.0,0.0,0.0,28.0,41.4,18.7,32.3,-128.7,21.3,0.0,1.0,1.0,1.0,0.0,0.0,1.0,0.0,90.0,90.0,1
2025-04-11 16:02:53,25.87,5.92,3.1,0.7,7.4,0.0,0.0,0.0,0.0,0.0,28.0,41.5,18.7,32.2,-128.7,21.2,0.0,1.0,1.0,1.0,0.0,0.0,1.0,0.0,90.0,90.0,1
2025-04-11 16:02:54,25.88,5.93,3.1,0.7,7.4,0.0,0.0,0.0,0.0,0.0,28.0,41.5,18.7,32.2,-128.7,21.2,0.0,1.0,1.0,1.0,0.0,0.0,1.0,0.0,90.0,90.0,1
2025-04-11 16:02:55,25.88,5.92,3.1,0.7,7.2,0.0,0.0,0.0,0.0,0.0,28.0,41.5,18.7,32.2,-128.7,21.2,0.0,1.0,1.0,1.0,0.0,0.0,1.0,0.0,90.0,90.0,1
2025-04-11 16:02:56,25.88,5.93,3.1,0.7,7.4,0.0,0.0,0.0,0.0,0.0,28.0,41.5,18.7,32.2,-128.7,21.2,0.0,1.0,1.0,1.0,0.0,0.0,1.0,0.0,90.0,90.0,1
2025-04-11 16:02:57,25.88,5.91,3.1,0.7,7.2,0.0,0.0,0.0,0.0,0.0,28.0,41.5,18.7,32.2,-128.7,21.2,0.0,1.0,1.0,1.0,0.0,0.0,1.0,0.0,90.0,90.0,1
2025-04-11 16:02:58,25.89,5.93,3.1,0.7,7.7,0.0,0.0,0.0,0.0,0.0,28.0,41.5,18.7,32.2,-128.7,21.2,0.0,1.0,1.0,1.0,0.0,0.0,1.0,0.0,90.0,90.0,1
2025-04-11 16:02:59,25.88,5.93,3.1,0.7,7.4,0.0,0.0,0.0,0.0,0.0,28.0,41.5,18.7,32.2,-128.7,21.1,0.0,1.0,1.0,1.0,0.0,0.0,1.0,0.0,90.0,90.0,1
2025-04-11 16:03:00,25.89,5.93,3.1,0.7,7.7,0.0,0.0,0.0,0.0,0.0,28.0,41.5,18.7,32.2,-128.7,21.2,0.0,1.0,1.0,1.0,0.0,0.0,1.0,0.0,90.0,90.0,1
2025-04-11 16:03:01,25.88,5.94,3.1,0.7,7.8,0.0,0.0,0.0,0.0,0.0,28.0,41.5,18.7,32.2,-128.7,21.1,0.0,1.0,1.0,1.0,0.0,0.0,1.0,0.0,90.0,90.0,1
2025-04-11 16:03:02,25.88,5.92,3.1,0.7,7.0,0.0,0.0,0.0,0.0,0.0,28.0,41.5,18.7,32.2,-128.7,21.1,0.0,1.0,1.0,1.0,0.0,0.0,1.0,0.0,90.0,90.0,1
2025-04-11 16:03:03,25.88,5.94,3.1,0.7,7.3,0.0,0.0,0.0,0.0,0.0,28.0,41.5,18.7,32.2,-128.7,21.1,0.0,1.0,1.0,1.0,0.0,0.0,1.0,0.0,90.0,90.0,1
2025-04-11 16:03:04,25.9,5.93,3.1,0.7,7.599999,0.0,0.0,0.0,0.0,0.0,28.0,41.5,18.7,32.2,-128.7,21.2,0.0,1.0,1.0,1.0,0.0,0.0,1.0,0.0,90.0,90.0,1
2025-04-11 16:03:05,25.9,5.94,3.0,0.7,7.4,0.0,0.0,0.0,0.0,0.0,28.0,41.5,18.7,32.2,-128.7,21.1,0.0,1.0,1.0,1.0,0.0,0.0,1.0,0.0,90.0,90.0,1
2025-04-11 16:03:06,25.89,5.94,3.1,0.7,7.3,0.0,0.0,0.0,0.0,0.0,28.0,41.5,18.7,32.2,-128.7,21.1,0.0,1.0,1.0,1.0,0.0,0.0,1.0,0.0,90.0,90.0,1
2025-04-11 16:03:07,25.89,5.94,3.1,0.7,7.7,0.0,0.0,0.0,0.0,0.0,28.0,41.5,18.7,32.2,-128.7,21.2,0.0,1.0,1.0,1.0,0.0,0.0,1.0,0.0,90.0,90.0,1
2025-04-11 16:03:08,25.9,5.95,3.0,0.7,7.2,0.0,0.0,0.0,0.0,0.0,28.0,41.5,18.7,32.2,-128.7,21.1,0.0,1.0,1.0,1.0,0.0,0.0,1.0,0.0,90.0,90.0,1
2025-04-11 16:03:09,25.93,5.94,3.1,0.7,7.2,0.0,0.0,0.0,0.0,0.0,28.0,41.5,18.7,32.2,-128.7,21.1,0.0,1.0,1.0,1.0,0.0,0.0,1.0,0.0,90.0,90.0,1
2025-04-11 16:03:10,25.94,5.95,3.1,0.7,7.8,0.0,0.0,0.0,0.0,0.0,28.0,41.5,18.7,32.2,-128.7,21.1,0.0,1.0,1.0,1.0,0.0,0.0,1.0,0.0,90.0,90.0,1
2025-04-11 16:03:11,25.95,5.94,3.1,0.7,7.7,0.0,0.0,0.0,0.0,0.0,28.0,41.5,18.7,32.2,-128.7,21.1,0.0,1.0,1.0,1.0,0.0,0.0,1.0,0.0,90.0,90.0,1
2025-04-11 16:03:12,25.94,5.95,3.1,0.7,7.7,0.0,0.0,0.0,0.0,0.0,28.0,41.5,18.7,32.2,-128.7,21.1,0.0,1.0,1.0,1.0,0.0,0.0,1.0,0.0,90.0,90.0,1
2025-04-11 16:03:13,25.93,5.95,3.1,0.7,8.0,0.0,0.0,0.0,0.0,0.0,28.0,41.6,18.7,32.2,-128.7,21.1,0.0,1.0,1.0,1.0,0.0,0.0,1.0,0.0,90.0,90.0,1
2025-04-11 16:03:14,25.95,5.95,3.1,0.7,7.2,0.0,0.0,0.0,0.0,0.0,28.0,41.6,18.7,32.2,-128.7,21.1,0.0,1.0,1.0,1.0,0.0,0.0,1.0,0.0,90.0,90.0,1
2025-04-11 16:03:15,25.93,5.96,3.1,0.7,7.599999,0.0,0.0,0.0,0.0,0.0,28.0,41.6,18.7,32.2,-128.7,21.0,0.0,1.0,1.0,1.0,0.0,0.0,1.0,0.0,90.0,90.0,1
2025-04-11 16:03:16,25.94,5.94,3.1,0.7,7.5,0.0,0.0,0.0,0.0,0.0,28.0,41.6,18.8,32.2,-128.7,21.1,0.0,1.0,1.0,1.0,0.0,0.0,1.0,0.0,90.0,90.0,1
2025-04-11 16:03:17,25.93,5.95,3.1,0.7,7.2,0.0,0.0,0.0,0.0,0.0,28.0,41.6,18.8,32.2,-128.7,21.0,0.0,1.0,1.0,1.0,0.0,0.0,1.0,0.0,90.0,90.0,1
2025-04-11 16:03:18,25.93,5.94,3.1,0.7,7.9,0.0,0.0,0.0,0.0,0.0,28.0,41.6,18.8,32.2,-128.7,21.1,0.0,1.0,1.0,1.0,0.0,0.0,1.0,0.0,90.0,90.0,1
2025-04-11 16:03:19,25.94,5.96,3.1,0.7,7.2,0.0,0.0,0.0,0.0,0.0,28.0,41.6,18.8,32.2,-128.7,21.0,0.0,1.0,1.0,1.0,0.0,0.0,1.0,0.0,90.0,90.0,1
2025-04-11 16:03:20,25.94,5.94,3.1,0.7,7.7,0.0,0.0,0.0,0.0,0.0,28.0,41.6,18.8,32.2,-128.7,21.1,0.0,1.0,1.0,1.0,0.0,0.0,1.0,0.0,90.0,90.0,1
2025-04-11 16:03:21,25.95,5.96,3.1,0.7,7.8,0.0,0.0,0.0,0.0,0.0,28.0,41.6,18.8,32.2,-128.7,21.0,0.0,1.0,1.0,1.0,0.0,0.0,1.0,0.0,90.0,90.0,1
2025-04-11 16:03:22,25.95,5.95,3.1,0.7,7.599999,0.0,0.0,0.0,0.0,0.0,28.0,41.6,18.8,32.2,-128.7,21.0,0.0,1.0,1.0,1.0,0.0,0.0,1.0,0.0,90.0,90.0,1
2025-04-11 16:03:23,25.98,5.95,3.1,0.7,7.5,0.0,0.0,0.0,0.0,0.0,28.0,41.6,18.8,32.2,-128.7,21.1,0.0,1.0,1.0,1.0,0.0,0.0,1.0,0.0,90.0,90.0,1
2025-04-11 16:03:24,25.97,5.96,3.1,0.7,7.2,0.0,0.0,0.0,0.0,0.0,28.0,41.6,18.8,32.2,-128.7,21.0,0.0,1.0,1.0,1.0,0.0,0.0,1.0,0.0,90.0,90.0,1
2025-04-11 16:03:25,25.98,5.96,3.1,0.7,7.8,0.0,0.0,0.0,0.0,0.0,28.0,41.6,18.8,32.2,-128.7,21.0,0.0,1.0,1.0,1.0,0.0,0.0,1.0,0.0,90.0,90.0,1
2025-04-11 16:03:26,25.99,5.96,3.1,0.7,6.9,0.0,0.0,0.0,0.0,0.0,28.0,41.6,18.8,32.2,-128.7,21.0,0.0,1.0,1.0,1.0,0.0,0.0,1.0,0.0,90.0,90.0,1
2025-04-11 16:03:27,25.99,5.96,3.1,0.7,7.5,0.0,0.0,0.0,0.0,0.0,28.0,41.6,18.7,32.2,-128.7,21.1,0.0,1.0,1.0,1.0,0.0,0.0,1.0,0.0,90.0,90.0,1
2025-04-11 16:03:28,25.99,5.96,3.1,0.7,7.599999,0.0,0.0,0.0,0.0,0.0,28.0,41.6,18.7,32.2,-128.7,21.0,0.0,1.0,1.0,1.0,0.0,0.0,1.0,0.0,90.0,90.0,1
2025-04-11 16:03:29,25.99,5.95,3.1,0.7,7.3,0.0,0.0,0.0,0.0,0.0,28.0,41.6,18.7,32.2,-128.7,21.1,0.0,1.0,1.0,1.0,0.0,0.0,1.0,0.0,90.0,90.0,1
2025-04-11 16:03:30,25.98,5.97,3.1,0.7,8.099999,0.0,0.0,0.0,0.0,0.0,28.0,41.6,18.7,32.2,-128.7,21.0,0.0,1.0,1.0,1.0,0.0,0.0,1.0,0.0,90.0,90.0,1
2025-04-11 16:03:31,25.99,5.95,3.1,0.7,7.5,0.0,0.0,0.0,0.0,0.0,28.0,41.6,18.7,32.2,-128.7,21.1,0.0,1.0,1.0,1.0,0.0,0.0,1.0,0.0,90.0,90.0,1
2025-04-11 16:03:32,26.0,5.97,3.1,0.7,7.0,0.0,0.0,0.0,0.0,0.0,28.0,41.6,18.8,32.2,-128.7,21.0,0.0,1.0,1.0,1.0,0.0,0.0,1.0,0.0,90.0,90.0,1
2025-04-11 16:03:33,26.0,5.96,3.1,0.7,7.2,0.0,0.0,0.0,0.0,0.0,28.0,41.6,18.8,32.2,-128.7,21.0,0.0,1.0,1.0,1.0,0.0,0.0,1.0,0.0,90.0,90.0,1
2025-04-11 16:03:34,26.01,5.96,3.0,0.7,7.2,0.0,0.0,0.0,0.0,0.0,28.0,41.7,18.8,32.2,-128.7,21.0,0.0,1.0,1.0,1.0,0.0,0.0,1.0,0.0,90.0,90.0,1
2025-04-11 16:03:35,26.0,5.96,3.1,0.7,7.099999,0.0,0.0,0.0,0.0,0.0,28.0,41.7,18.8,32.2,-128.7,21.0,0.0,1.0,1.0,1.0,0.0,0.0,1.0,0.0,90.0,90.0,1
2025-04-11 16:03:36,25.99,5.96,3.1,0.7,7.4,0.0,0.0,0.0,0.0,0.0,28.0,41.7,18.8,32.2,-128.7,21.1,0.0,1.0,1.0,1.0,0.0,0.0,1.0,0.0,90.0,90.0,1
2025-04-11 16:03:37,25.99,5.97,3.1,0.7,7.7,0.0,0.0,0.0,0.0,0.0,28.0,41.7,18.8,32.2,-128.7,21.0,0.0,1.0,1.0,1.0,0.0,0.0,1.0,0.0,90.0,90.0,1
2025-04-11 16:03:38,26.01,5.96,3.1,0.7,7.8,0.0,0.0,0.0,0.0,0.0,28.0,41.7,18.8,32.2,-128.7,21.0,0.0,1.0,1.0,1.0,0.0,0.0,1.0,0.0,90.0,90.0,1
2025-04-11 16:03:39,26.01,5.97,3.1,0.7,7.2,0.0,0.0,0.0,0.0,0.0,28.0,41.7,18.8,32.2,-128.7,21.0,0.0,1.0,1.0,1.0,0.0,0.0,1.0,0.0,90.0,90.0,1
2025-04-11 16:03:40,26.04,5.95,3.1,0.7,7.2,0.0,0.0,0.0,0.0,0.0,28.0,41.7,18.8,32.2,-128.7,21.1,0.0,1.0,1.0,1.0,0.0,0.0,1.0,0.0,90.0,90.0,1
2025-04-11 16:03:41,26.01,5.96,3.1,0.7,7.599999,0.0,0.0,0.0,0.0,0.0,28.0,41.7,18.8,32.2,-128.7,21.1,0.0,1.0,1.0,1.0,0.0,0.0,1.0,0.0,90.0,90.0,1
2025-04-11 16:03:42,26.01,5.97,3.1,0.7,7.599999,0.0,0.0,0.0,0.0,0.0,28.0,41.7,18.8,32.2,-128.7,21.0,0.0,1.0,1.0,1.0,0.0,0.0,1.0,0.0,90.0,90.0,1
2025-04-11 16:03:43,26.04,5.96,3.1,0.7,7.8,0.0,0.0,0.0,0.0,0.0,28.0,41.7,18.8,32.2,-128.7,21.0,0.0,1.0,1.0,1.0,0.0,0.0,1.0,0.0,90.0,90.0,1
2025-04-11 16:03:44,26.04,5.97,3.1,0.7,7.4,0.0,0.0,0.0,0.0,0.0,28.0,41.7,18.8,32.2,-128.7,21.0,0.0,1.0,1.0,1.0,0.0,0.0,1.0,0.0,90.0,90.0,1
2025-04-11 16:03:45,26.04,5.96,3.1,0.7,7.0,0.0,0.0,0.0,0.0,0.0,28.0,41.7,18.8,32.2,-128.7,21.0,0.0,1.0,1.0,1.0,0.0,0.0,1.0,0.0,90.0,90.0,1
2025-04-11 16:03:46,26.04,5.97,3.1,0.7,7.3,0.0,0.0,0.0,0.0,0.0,28.0,41.7,18.8,32.2,-128.7,21.0,0.0,1.0,1.0,1.0,0.0,0.0,1.0,0.0,90.0,90.0,1
2025-04-11 16:03:47,26.06,5.96,3.1,0.7,7.3,0.0,0.0,0.0,0.0,0.0,28.0,41.8,18.9,32.2,-128.7,21.0,0.0,1.0,1.0,1.0,0.0,0.0,1.0,0.0,90.0,90.0,1
2025-04-11 16:03:48,26.09,5.97,3.1,0.7,7.3,0.0,0.0,0.0,0.0,0.0,28.0,41.8,18.9,32.2,-128.7,21.0,0.0,1.0,1.0,1.0,0.0,0.0,1.0,0.0,90.0,90.0,1
2025-04-11 16:03:49,26.08,5.97,3.1,0.7,7.3,0.0,0.0,0.0,0.0,0.0,28.0,41.8,18.9,32.2,-128.7,21.0,0.0,1.0,1.0,1.0,0.0,0.0,1.0,0.0,90.0,90.0,1
2025-04-11 16:03:50,26.06,5.97,3.1,0.7,7.5,0.0,0.0,0.0,0.0,0.0,28.0,41.8,18.9,32.2,-128.7,21.0,0.0,1.0,1.0,1.0,0.0,0.0,1.0,0.0,90.0,90.0,1
2025-04-11 16:03:51,26.05,5.99,3.1,0.7,7.0,0.0,0.0,0.0,0.0,0.0,28.0,41.8,18.9,32.2,-128.7,20.9,0.0,1.0,1.0,1.0,0.0,0.0,1.0,0.0,90.0,90.0,1
2025-04-11 16:03:52,26.08,5.97,3.1,0.7,7.4,0.0,0.0,0.0,0.0,0.0,28.0,41.8,18.9,32.2,-128.7,21.0,0.0,1.0,1.0,1.0,0.0,0.0,1.0,0.0,90.0,90.0,1
2025-04-11 16:03:53,26.08,5.97,3.0,0.7,7.9,0.0,0.0,0.0,0.0,0.0,28.0,41.8,18.9,32.2,-128.7,20.9,0.0,1.0,1.0,1.0,0.0,0.0,1.0,0.0,90.0,90.0,1
2025-04-11 16:03:54,26.09,5.97,3.1,0.7,7.4,0.0,0.0,0.0,0.0,0.0,28.0,41.8,18.9,32.2,-128.7,21.0,0.0,1.0,1.0,1.0,0.0,0.0,1.0,0.0,90.0,90.0,1
2025-04-11 16:03:55,26.11,5.99,3.1,0.7,7.2,0.0,0.0,0.0,0.0,0.0,28.0,41.8,18.9,32.2,-128.7,21.0,0.0,1.0,1.0,1.0,0.0,0.0,1.0,0.0,90.0,90.0,1
2025-04-11 16:03:56,26.1,5.99,3.1,0.7,7.8,0.0,0.0,0.0,0.0,0.0,28.0,41.8,18.9,32.2,-128.7,20.9,0.0,1.0,1.0,1.0,0.0,0.0,1.0,0.0,90.0,90.0,1
2025-04-11 16:03:57,26.1,5.98,3.1,0.7,7.9,0.0,0.0,0.0,0.0,0.0,28.0,41.8,18.9,32.2,-128.7,21.0,0.0,1.0,1.0,1.0,0.0,0.0,1.0,0.0,90.0,90.0,1
2025-04-11 16:03:58,26.08,5.99,3.1,0.7,7.5,0.0,0.0,0.0,0.0,0.0,28.0,41.8,18.9,32.2,-128.7,20.9,0.0,1.0,1.0,1.0,0.0,0.0,1.0,0.0,90.0,90.0,1
2025-04-11 16:03:59,26.09,5.97,3.1,0.7,7.2,0.0,0.0,0.0,0.0,0.0,28.0,41.8,18.9,32.2,-128.7,20.9,0.0,1.0,1.0,1.0,0.0,0.0,1.0,0.0,90.0,90.0,1
2025-04-11 16:04:00,26.08,5.99,3.1,0.7,7.4,0.0,0.0,0.0,0.0,0.0,28.0,41.8,19.0,32.2,-128.7,20.9,0.0,1.0,1.0,1.0,0.0,0.0,1.0,0.0,90.0,90.0,1
2025-04-11 16:04:01,26.09,5.98,3.1,0.7,7.7,0.0,0.0,0.0,0.0,0.0,28.0,41.8,19.0,32.2,-128.7,20.9,0.0,1.0,1.0,1.0,0.0,0.0,1.0,0.0,90.0,90.0,1
2025-04-11 16:04:02,26.1,5.99,3.1,0.7,7.7,0.0,0.0,0.0,0.0,0.0,28.0,41.8,19.0,32.2,-128.7,20.9,0.0,1.0,1.0,1.0,0.0,0.0,1.0,0.0,90.0,90.0,1
2025-04-11 16:04:03,26.09,5.98,3.1,0.7,7.8,0.0,0.0,0.0,0.0,0.0,28.0,41.8,19.0,32.2,-128.7,20.9,0.0,1.0,1.0,1.0,0.0,0.0,1.0,0.0,90.0,90.0,1
2025-04-11 16:04:04,26.11,5.98,3.1,0.7,7.099999,0.0,0.0,0.0,0.0,0.0,28.0,41.8,19.0,32.2,-128.7,20.9,0.0,1.0,1.0,1.0,0.0,0.0,1.0,0.0,90.0,90.0,1
2025-04-11 16:04:05,26.14,5.99,3.1,0.7,7.099999,0.0,0.0,0.0,0.0,0.0,28.0,41.8,19.0,32.2,-128.7,20.8,0.0,1.0,1.0,1.0,0.0,0.0,1.0,0.0,90.0,90.0,1
2025-04-11 16:04:06,26.11,5.98,3.1,0.7,8.0,0.0,0.0,0.0,0.0,0.0,28.0,41.8,19.0,32.2,-128.7,20.9,0.0,1.0,1.0,1.0,0.0,0.0,1.0,0.0,90.0,90.0,1
2025-04-11 16:04:07,26.11,6.0,3.1,0.7,7.599999,0.0,0.0,0.0,0.0,0.0,28.0,41.8,19.0,32.2,-128.7,20.9,0.0,1.0,1.0,1.0,0.0,0.0,1.0,0.0,90.0,90.0,1
2025-04-11 16:04:08,26.12,5.98,3.1,0.7,7.3,0.0,0.0,0.0,0.0,0.0,28.0,41.8,19.0,32.2,-128.7,20.9,0.0,1.0,1.0,1.0,0.0,0.0,1.0,0.0,90.0,90.0,1
2025-04-11 16:04:09,26.12,6.0,3.1,0.7,7.8,0.0,0.0,0.0,0.0,0.0,28.0,41.8,19.0,32.2,-128.7,20.9,0.0,1.0,1.0,1.0,0.0,0.0,1.0,0.0,90.0,90.0,1
2025-04-11 16:04:10,26.15,5.99,3.1,0.7,7.9,0.0,0.0,0.0,0.0,0.0,28.0,41.8,19.0,32.2,-128.7,20.9,0.0,1.0,1.0,1.0,0.0,0.0,1.0,0.0,90.0,90.0,1
2025-04-11 16:04:11,26.14,5.99,3.1,0.7,7.4,0.0,0.0,0.0,0.0,0.0,28.0,41.8,19.0,32.2,-128.7,20.9,0.0,1.0,1.0,1.0,0.0,0.0,1.0,0.0,90.0,90.0,1
2025-04-11 16:04:12,26.12,6.0,3.1,0.7,7.4,0.0,0.0,0.0,0.0,0.0,28.0,41.8,19.0,32.2,-128.7,20.8,0.0,1.0,1.0,1.0,0.0,0.0,1.0,0.0,90.0,90.0,1
2025-04-11 16:04:13,26.14,5.99,3.1,0.7,7.599999,0.0,0.0,0.0,0.0,0.0,28.0,41.8,19.1,32.2,-128.7,20.9,0.0,1.0,1.0,1.0,0.0,0.0,1.0,0.0,90.0,90.0,1
2025-04-11 16:04:14,26.14,6.0,3.1,0.7,7.7,0.0,0.0,0.0,0.0,0.0,28.0,41.8,19.1,32.2,-128.7,20.8,0.0,1.0,1.0,1.0,0.0,0.0,1.0,0.0,90.0,90.0,1
2025-04-11 16:04:15,26.16,5.99,3.1,0.7,7.2,0.0,0.0,0.0,0.0,0.0,28.0,41.8,19.1,32.2,-128.7,20.9,0.0,1.0,1.0,1.0,0.0,0.0,1.0,0.0,90.0,90.0,1
2025-04-11 16:04:16,26.16,6.0,3.1,0.7,6.8,0.0,0.0,0.0,0.0,0.0,28.0,41.8,19.1,32.2,-128.7,20.8,0.0,1.0,1.0,1.0,0.0,0.0,1.0,0.0,90.0,90.0,1
2025-04-11 16:04:17,26.14,5.99,3.1,0.7,7.3,0.0,0.0,0.0,0.0,0.0,28.0,41.8,19.1,32.2,-128.7,20.9,0.0,1.0,1.0,1.0,0.0,0.0,1.0,0.0,90.0,90.0,1
2025-04-11 16:04:18,26.14,6.0,3.1,0.7,7.2,0.0,0.0,0.0,0.0,0.0,28.0,41.8,19.1,32.2,-128.7,20.9,0.0,1.0,1.0,1.0,0.0,0.0,1.0,0.0,90.0,90.0,1
2025-04-11 16:04:19,26.12,5.99,3.1,0.7,7.3,0.0,0.0,0.0,0.0,0.0,28.0,41.8,19.1,32.2,-128.7,20.9,0.0,1.0,1.0,1.0,0.0,0.0,1.0,0.0,90.0,90.0,1
2025-04-11 16:04:20,26.12,6.0,3.1,0.7,7.099999,0.0,0.0,0.0,0.0,0.0,28.0,41.8,19.1,32.2,-128.7,20.8,0.0,1.0,1.0,1.0,0.0,0.0,1.0,0.0,90.0,90.0,1
2025-04-11 16:04:21,26.15,6.0,3.1,0.7,7.4,0.0,0.0,0.0,0.0,0.0,28.0,41.8,19.1,32.2,-128.7,20.8,0.0,1.0,1.0,1.0,0.0,0.0,1.0,0.0,90.0,90.0,1
2025-04-11 16:04:22,26.15,6.0,3.1,0.7,7.099999,0.0,0.0,0.0,0.0,0.0,28.0,41.8,19.1,32.2,-128.7,20.9,0.0,1.0,1.0,1.0,0.0,0.0,1.0,0.0,90.0,90.0,1
2025-04-11 16:04:23,26.15,6.0,3.1,0.7,7.4,0.0,0.0,0.0,0.0,0.0,28.0,41.8,19.1,32.2,-128.7,20.8,0.0,1.0,1.0,1.0,0.0,0.0,1.0,0.0,90.0,90.0,1
2025-04-11 16:04:24,26.16,5.99,3.1,0.7,7.599999,0.0,0.0,0.0,0.0,0.0,28.0,41.8,19.1,32.2,-128.7,20.9,0.0,1.0,1.0,1.0,0.0,0.0,1.0,0.0,90.0,90.0,1
2025-04-11 16:04:25,26.12,6.0,3.1,0.7,7.5,0.0,0.0,0.0,0.0,0.0,28.0,41.8,19.2,32.2,-128.7,20.8,0.0,1.0,1.0,1.0,0.0,0.0,1.0,0.0,90.0,90.0,1
2025-04-11 16:04:26,26.14,5.99,3.1,0.7,7.9,0.0,0.0,0.0,0.0,0.0,28.0,41.8,19.2,32.2,-128.7,20.8,0.0,1.0,1.0,1.0,0.0,0.0,1.0,0.0,90.0,90.0,1
2025-04-11 16:04:27,26.14,6.0,3.1,0.7,7.099999,0.0,0.0,0.0,0.0,0.0,28.0,41.8,19.2,32.2,-128.7,20.8,0.0,1.0,1.0,1.0,0.0,0.0,1.0,0.0,90.0,90.0,1
2025-04-11 16:04:28,26.12,5.99,3.1,0.7,7.099999,0.0,0.0,0.0,0.0,0.0,28.0,41.8,19.2,32.2,-128.7,20.9,0.0,1.0,1.0,1.0,0.0,0.0,1.0,0.0,90.0,90.0,1
2025-04-11 16:04:29,26.14,6.0,3.1,0.7,7.599999,0.0,0.0,0.0,0.0,0.0,28.0,41.8,19.2,32.2,-128.7,20.8,0.0,1.0,1.0,1.0,0.0,0.0,1.0,0.0,90.0,90.0,1
2025-04-11 16:04:30,26.14,5.99,3.1,0.7,7.4,0.0,0.0,0.0,0.0,0.0,28.0,41.8,19.2,32.2,-128.7,20.8,0.0,1.0,1.0,1.0,0.0,0.0,1.0,0.0,90.0,90.0,1
2025-04-11 16:04:31,26.14,6.0,3.1,0.7,7.3,0.0,0.0,0.0,0.0,0.0,28.0,41.8,19.2,32.2,-128.7,20.8,0.0,1.0,1.0,1.0,0.0,0.0,1.0,0.0,90.0,90.0,1
2025-04-11 16:04:32,26.12,5.99,3.1,0.7,7.099999,0.0,0.0,0.0,0.0,0.0,28.0,41.8,19.3,32.2,-128.7,20.8,0.0,1.0,1.0,1.0,0.0,0.0,1.0,0.0,90.0,90.0,1
2025-04-11 16:04:33,26.14,5.99,3.1,0.7,6.9,0.0,0.0,0.0,0.0,0.0,28.0,41.8,19.3,32.2,-128.7,20.9,0.0,1.0,1.0,1.0,0.0,0.0,1.0,0.0,90.0,90.0,1
2025-04-11 16:04:34,26.15,6.0,3.1,0.7,7.099999,0.0,0.0,0.0,0.0,0.0,28.0,41.8,19.3,32.2,-128.7,20.8,0.0,1.0,1.0,1.0,0.0,0.0,1.0,0.0,90.0,90.0,1
2025-04-11 16:04:35,26.14,6.0,3.1,0.7,7.2,0.0,0.0,0.0,0.0,0.0,28.0,41.8,19.3,32.2,-128.7,20.9,0.0,1.0,1.0,1.0,0.0,0.0,1.0,0.0,90.0,90.0,1
2025-04-11 16:04:36,26.12,5.99,3.1,0.7,7.8,0.0,0.0,0.0,0.0,0.0,28.0,41.8,19.3,32.2,-128.7,20.8,0.0,1.0,1.0,1.0,0.0,0.0,1.0,0.0,90.0,90.0,1
2025-04-11 16:04:37,26.12,6.0,3.1,0.7,7.8,0.0,0.0,0.0,0.0,0.0,28.0,41.8,19.3,32.2,-128.7,20.9,0.0,1.0,1.0,1.0,0.0,0.0,1.0,0.0,90.0,90.0,1
2025-04-11 16:04:38,26.15,5.99,3.1,0.7,7.8,0.0,0.0,0.0,0.0,0.0,28.0,41.8,19.3,32.2,-128.7,20.8,0.0,1.0,1.0,1.0,0.0,0.0,1.0,0.0,90.0,90.0,1
2025-04-11 16:04:39,26.15,5.99,3.1,0.7,7.5,0.0,0.0,0.0,0.0,0.0,28.1,41.8,19.3,32.3,-128.7,21.0,0.0,1.0,1.0,1.0,0.0,0.0,1.0,0.0,90.0,90.0,1
2025-04-11 16:04:40,26.14,6.0,3.1,0.7,7.4,0.0,0.0,0.0,0.0,0.0,28.1,41.8,19.3,32.3,-128.7,20.9,0.0,1.0,1.0,1.0,0.0,0.0,1.0,0.0,90.0,90.0,1
2025-04-11 16:04:41,26.14,6.0,3.1,0.7,7.8,0.0,0.0,0.0,0.0,0.0,28.1,41.8,19.4,32.3,-128.7,21.0,0.0,1.0,1.0,1.0,0.0,0.0,1.0,0.0,90.0,90.0,1
2025-04-11 16:04:42,26.12,6.0,3.1,0.7,6.9,0.0,0.0,0.0,0.0,0.0,28.1,41.8,19.4,32.3,-128.7,20.9,0.0,1.0,1.0,1.0,0.0,0.0,1.0,0.0,90.0,90.0,1
2025-04-11 16:04:43,26.12,5.99,3.1,0.7,7.0,0.0,0.0,0.0,0.0,0.0,28.1,41.8,19.4,32.3,-128.7,21.0,0.0,1.0,1.0,1.0,0.0,0.0,1.0,0.0,90.0,90.0,1
2025-04-11 16:04:44,26.14,5.98,3.1,0.7,7.3,0.0,0.0,0.0,0.0,0.0,28.1,41.8,19.4,32.3,-128.7,21.0,0.0,1.0,1.0,1.0,0.0,0.0,1.0,0.0,90.0,90.0,1
2025-04-11 16:04:45,26.11,5.98,3.1,0.7,7.599999,0.0,0.0,0.0,0.0,0.0,28.1,41.8,19.4,32.3,-128.7,21.1,0.0,1.0,1.0,1.0,0.0,0.0,1.0,0.0,90.0,90.0,1
2025-04-11 16:04:46,26.11,5.98,3.1,0.7,7.3,0.0,0.0,0.0,0.0,0.0,28.1,41.8,19.4,32.3,-128.7,21.0,0.0,1.0,1.0,1.0,0.0,0.0,1.0,0.0,90.0,90.0,1
2025-04-11 16:04:47,26.11,5.97,3.0,0.7,7.0,0.0,0.0,0.0,0.0,0.0,28.1,41.8,19.4,32.3,-128.7,21.1,0.0,1.0,1.0,1.0,0.0,0.0,1.0,0.0,90.0,90.0,1
2025-04-11 16:04:48,26.12,5.99,3.1,0.7,7.099999,0.0,0.0,0.0,0.0,0.0,28.1,41.8,19.4,32.3,-128.7,21.0,0.0,1.0,1.0,1.0,0.0,0.0,1.0,0.0,90.0,90.0,1
2025-04-11 16:04:49,26.14,5.97,3.1,0.7,6.9,0.0,0.0,0.0,0.0,0.0,28.1,41.8,19.5,32.3,-128.7,21.1,0.0,1.0,1.0,1.0,0.0,0.0,1.0,0.0,90.0,90.0,1
2025-04-11 16:04:50,26.11,5.98,3.1,0.7,7.0,0.0,0.0,0.0,0.0,0.0,28.1,41.8,19.5,32.3,-128.7,21.0,0.0,1.0,1.0,1.0,0.0,0.0,1.0,0.0,90.0,90.0,1
2025-04-11 16:04:51,26.1,5.97,3.1,0.7,7.4,0.0,0.0,0.0,0.0,0.0,28.1,41.8,19.5,32.3,-128.7,21.1,0.0,1.0,1.0,1.0,0.0,0.0,1.0,0.0,90.0,90.0,1
2025-04-11 16:04:52,26.1,5.97,3.1,0.7,7.2,0.0,0.0,0.0,0.0,0.0,28.1,41.8,19.5,32.3,-128.7,21.1,0.0,1.0,1.0,1.0,0.0,0.0,1.0,0.0,90.0,90.0,1
2025-04-11 16:04:53,26.1,5.97,3.1,0.7,7.2,0.0,0.0,0.0,0.0,0.0,28.1,41.8,19.5,32.3,-128.7,21.0,0.0,1.0,1.0,1.0,0.0,0.0,1.0,0.0,90.0,90.0,1
2025-04-11 16:04:54,26.09,5.97,3.1,0.7,7.599999,0.0,0.0,0.0,0.0,0.0,28.1,41.8,19.6,32.3,-128.7,21.1,0.0,1.0,1.0,1.0,0.0,0.0,1.0,0.0,90.0,90.0,1
2025-04-11 16:04:55,26.11,5.97,3.1,0.7,7.0,0.0,0.0,0.0,0.0,0.0,28.1,41.8,19.6,32.3,-128.7,21.1,0.0,1.0,1.0,1.0,0.0,0.0,1.0,0.0,90.0,90.0,1
2025-04-11 16:04:56,26.1,5.97,3.1,0.7,7.8,0.0,0.0,0.0,0.0,0.0,28.1,41.8,19.6,32.3,-128.7,21.1,0.0,1.0,1.0,1.0,0.0,0.0,1.0,0.0,90.0,90.0,1
2025-04-11 16:04:57,26.12,5.97,3.1,0.7,7.5,0.0,0.0,0.0,0.0,0.0,28.1,41.8,19.6,32.3,-128.7,21.1,0.0,1.0,1.0,1.0,0.0,0.0,1.0,0.0,90.0,90.0,1
2025-04-11 16:04:58,26.12,5.96,3.1,0.7,7.2,0.0,0.0,0.0,0.0,0.0,28.1,41.8,19.7,32.3,-128.7,21.1,0.0,1.0,1.0,1.0,0.0,0.0,1.0,0.0,90.0,90.0,1
2025-04-11 16:04:59,26.09,5.97,3.1,0.7,7.3,0.0,0.0,0.0,0.0,0.0,28.1,41.8,19.7,32.3,-128.7,21.1,0.0,1.0,1.0,1.0,0.0,0.0,1.0,0.0,90.0,90.0,1
2025-04-11 16:05:00,26.09,5.97,3.1,0.7,7.099999,0.0,0.0,0.0,0.0,0.0,28.1,41.8,19.7,32.3,-128.7,21.1,0.0,1.0,1.0,1.0,0.0,0.0,1.0,0.0,90.0,90.0,1
2025-04-11 16:05:01,26.06,5.97,3.1,0.7,7.2,0.0,0.0,0.0,0.0,0.0,28.1,41.8,19.7,32.3,-128.7,21.1,0.0,1.0,1.0,1.0,0.0,0.0,1.0,0.0,90.0,90.0,1
2025-04-11 16:05:02,26.08,5.97,3.1,0.7,7.8,0.0,0.0,0.0,0.0,0.0,28.1,41.8,19.7,32.4,-128.7,21.2,0.0,1.0,1.0,1.0,0.0,0.0,1.0,0.0,90.0,90.0,1
2025-04-11 16:05:03,26.09,5.97,3.1,0.7,7.2,0.0,0.0,0.0,0.0,0.0,28.1,41.8,19.7,32.4,-128.7,21.2,0.0,1.0,1.0,1.0,0.0,0.0,1.0,0.0,90.0,90.0,1
2025-04-11 16:05:04,26.09,5.97,3.1,0.7,7.8,0.0,0.0,0.0,0.0,0.0,28.1,41.8,19.8,32.4,-128.7,21.2,0.0,1.0,1.0,1.0,0.0,0.0,1.0,0.0,90.0,90.0,1
2025-04-11 16:05:05,26.09,5.96,3.1,0.7,7.5,0.0,0.0,0.0,0.0,0.0,28.1,41.9,19.8,32.4,-128.7,21.2,0.0,1.0,1.0,1.0,0.0,0.0,1.0,0.0,90.0,90.0,1
2025-04-11 16:05:06,26.09,5.97,3.1,0.7,7.9,0.0,0.0,0.0,0.0,0.0,28.1,41.9,19.8,32.4,-128.7,21.2,0.0,1.0,1.0,1.0,0.0,0.0,1.0,0.0,90.0,90.0,1
2025-04-11 16:05:07,26.08,5.96,3.1,0.7,7.2,0.0,0.0,0.0,0.0,0.0,28.1,41.9,19.8,32.4,-128.7,21.2,0.0,1.0,1.0,1.0,0.0,0.0,1.0,0.0,90.0,90.0,1
2025-04-11 16:05:08,26.09,5.96,3.1,0.7,7.5,0.0,0.0,0.0,0.0,0.0,28.1,41.9,19.8,32.4,-128.7,21.2,0.0,1.0,1.0,1.0,0.0,0.0,1.0,0.0,90.0,90.0,1
2025-04-11 16:05:09,26.1,5.96,3.1,0.7,7.099999,0.0,0.0,0.0,0.0,0.0,28.1,41.9,19.9,32.4,-128.7,21.2,0.0,1.0,1.0,1.0,0.0,0.0,1.0,0.0,90.0,90.0,1
2025-04-11 16:05:10,26.1,5.95,3.1,0.7,7.7,0.0,0.0,0.0,0.0,0.0,28.1,41.9,19.9,32.4,-128.7,21.3,0.0,1.0,1.0,1.0,0.0,0.0,1.0,0.0,90.0,90.0,1
2025-04-11 16:05:11,26.09,5.96,3.1,0.7,7.3,0.0,0.0,0.0,0.0,0.0,28.1,41.9,19.9,32.4,-128.7,21.2,0.0,1.0,1.0,1.0,0.0,0.0,1.0,0.0,90.0,90.0,1
2025-04-11 16:05:12,26.09,5.95,3.1,0.7,7.8,0.0,0.0,0.0,0.0,0.0,28.1,41.9,19.9,32.4,-128.7,21.3,0.0,1.0,1.0,1.0,0.0,0.0,1.0,0.0,90.0,90.0,1
2025-04-11 16:05:13,26.08,5.96,3.0,0.7,7.2,0.0,0.0,0.0,0.0,0.0,28.1,41.9,19.9,32.4,-128.7,21.2,0.0,1.0,1.0,1.0,0.0,0.0,1.0,0.0,90.0,90.0,1
2025-04-11 16:05:14,26.09,5.94,3.1,0.7,7.599999,0.0,0.0,0.0,0.0,0.0,28.1,41.9,19.9,32.4,-128.7,21.2,0.0,1.0,1.0,1.0,0.0,0.0,1.0,0.0,90.0,90.0,1
2025-04-11 16:05:15,26.09,5.96,3.1,0.7,7.0,0.0,0.0,0.0,0.0,0.0,28.1,41.9,20.0,32.4,-128.7,21.3,0.0,1.0,1.0,1.0,0.0,0.0,1.0,0.0,90.0,90.0,1
2025-04-11 16:05:16,26.09,5.96,3.1,0.7,7.5,0.0,0.0,0.0,0.0,0.0,28.1,41.9,20.0,32.4,-128.7,21.2,0.0,1.0,1.0,1.0,0.0,0.0,1.0,0.0,90.0,90.0,1
2025-04-11 16:05:17,26.09,5.95,3.1,0.7,7.599999,0.0,0.0,0.0,0.0,0.0,28.1,41.9,20.0,32.4,-128.7,21.3,0.0,1.0,1.0,1.0,0.0,0.0,1.0,0.0,90.0,90.0,1
2025-04-11 16:05:18,26.09,5.97,3.1,0.7,7.8,0.0,0.0,0.0,0.0,0.0,28.1,41.9,20.0,32.4,-128.7,21.2,0.0,1.0,1.0,1.0,0.0,0.0,1.0,0.0,90.0,90.0,1
2025-04-11 16:05:19,26.11,5.95,3.1,0.7,7.4,0.0,0.0,0.0,0.0,0.0,28.1,41.9,20.0,32.4,-128.7,21.3,0.0,1.0,1.0,1.0,0.0,0.0,1.0,0.0,90.0,90.0,1
2025-04-11 16:05:20,26.09,5.96,3.1,0.7,7.8,0.0,0.0,0.0,0.0,0.0,28.1,41.9,20.0,32.5,-128.7,21.3,0.0,1.0,1.0,1.0,0.0,0.0,1.0,0.0,90.0,90.0,1
2025-04-11 16:05:21,26.09,5.95,3.1,0.7,7.2,0.0,0.0,0.0,0.0,0.0,28.1,41.9,20.0,32.5,-128.7,21.4,0.0,1.0,1.0,1.0,0.0,0.0,1.0,0.0,90.0,90.0,1
2025-04-11 16:05:22,26.06,5.97,3.1,0.7,7.9,0.0,0.0,0.0,0.0,0.0,28.1,41.9,20.0,32.5,-128.7,21.4,0.0,1.0,1.0,1.0,0.0,0.0,1.0,0.0,90.0,90.0,1
2025-04-11 16:05:23,26.09,5.95,3.0,0.7,7.3,0.0,0.0,0.0,0.0,0.0,28.1,41.9,20.0,32.5,-128.7,21.3,0.0,1.0,1.0,1.0,0.0,0.0,1.0,0.0,90.0,90.0,1
2025-04-11 16:05:24,26.1,5.96,3.1,0.7,7.3,0.0,0.0,0.0,0.0,0.0,28.1,41.9,20.0,32.5,-128.7,21.3,0.0,1.0,1.0,1.0,0.0,0.0,1.0,0.0,90.0,90.0,1
2025-04-11 16:05:25,26.11,5.97,3.1,0.7,7.5,0.0,0.0,0.0,0.0,0.0,28.1,41.9,20.0,32.5,-128.7,21.3,0.0,1.0,1.0,1.0,0.0,0.0,1.0,0.0,90.0,90.0,1
2025-04-11 16:05:26,26.1,5.95,3.1,0.7,7.7,0.0,0.0,0.0,0.0,0.0,28.1,41.9,20.0,32.5,-128.7,21.3,0.0,1.0,1.0,1.0,0.0,0.0,1.0,0.0,90.0,90.0,1
2025-04-11 16:05:27,26.1,5.97,3.1,0.7,7.2,0.0,0.0,0.0,0.0,0.0,28.1,41.9,20.0,32.5,-128.7,21.3,0.0,1.0,1.0,1.0,0.0,0.0,1.0,0.0,90.0,90.0,1
2025-04-11 16:05:28,26.11,5.96,3.1,0.7,7.9,0.0,0.0,0.0,0.0,0.0,28.1,41.9,20.0,32.5,-128.7,21.3,0.0,1.0,1.0,1.0,0.0,0.0,1.0,0.0,90.0,90.0,1
2025-04-11 16:05:29,26.09,5.97,3.1,0.7,7.2,0.0,0.0,0.0,0.0,0.0,28.1,41.9,20.0,32.5,-128.7,21.3,0.0,1.0,1.0,1.0,0.0,0.0,1.0,0.0,90.0,90.0,1
2025-04-11 16:05:30,26.1,5.97,3.1,0.7,7.9,0.0,0.0,0.0,0.0,0.0,28.1,41.9,20.1,32.5,-128.7,21.3,0.0,1.0,1.0,1.0,0.0,0.0,1.0,0.0,90.0,90.0,1
2025-04-11 16:05:31,26.11,5.96,3.1,0.7,7.4,0.0,0.0,0.0,0.0,0.0,28.1,41.9,20.1,32.5,-128.7,21.4,0.0,1.0,1.0,1.0,0.0,0.0,1.0,0.0,90.0,90.0,1
2025-04-11 16:05:32,26.11,5.96,3.1,0.7,7.599999,0.0,0.0,0.0,0.0,0.0,28.1,41.9,20.1,32.5,-128.7,21.3,0.0,1.0,1.0,1.0,0.0,0.0,1.0,0.0,90.0,90.0,1
2025-04-11 16:05:33,26.11,5.96,3.1,0.7,8.099999,0.0,0.0,0.0,0.0,0.0,28.1,41.9,20.1,32.5,-128.7,21.3,0.0,1.0,1.0,1.0,0.0,0.0,1.0,0.0,90.0,90.0,1
2025-04-11 16:05:34,26.15,5.97,3.1,0.7,7.599999,0.0,0.0,0.0,0.0,0.0,28.1,41.9,20.1,32.5,-128.7,21.3,0.0,1.0,1.0,1.0,0.0,0.0,1.0,0.0,90.0,90.0,1
2025-04-11 16:05:35,26.1,5.95,3.1,0.7,7.7,0.0,0.0,0.0,0.0,0.0,28.1,41.9,20.1,32.5,-128.7,21.4,0.0,1.0,1.0,1.0,0.0,0.0,1.0,0.0,90.0,90.0,1
2025-04-11 16:05:36,26.1,5.97,3.1,0.7,7.2,0.0,0.0,0.0,0.0,0.0,28.1,41.9,20.1,32.5,-128.7,21.3,0.0,1.0,1.0,1.0,0.0,0.0,1.0,0.0,90.0,90.0,1
2025-04-11 16:05:37,26.08,5.96,3.1,0.7,7.3,0.0,0.0,0.0,0.0,0.0,28.1,41.9,20.1,32.5,-128.7,21.3,0.0,1.0,1.0,1.0,0.0,0.0,1.0,0.0,90.0,90.0,1
2025-04-11 16:05:38,26.09,5.96,3.1,0.7,7.4,0.0,0.0,0.0,0.0,0.0,28.1,41.9,20.1,32.5,-128.7,21.3,0.0,1.0,1.0,1.0,0.0,0.0,1.0,0.0,90.0,90.0,1
2025-04-11 16:05:39,26.1,5.96,3.1,0.7,6.8,0.0,0.0,0.0,0.0,0.0,28.1,41.9,20.1,32.5,-128.7,21.3,0.0,1.0,1.0,1.0,0.0,0.0,1.0,0.0,90.0,90.0,1
2025-04-11 16:05:40,26.11,5.96,3.1,0.7,7.4,0.0,0.0,0.0,0.0,0.0,28.1,41.9,20.1,32.5,-128.7,21.4,0.0,1.0,1.0,1.0,0.0,0.0,1.0,0.0,90.0,90.0,1
2025-04-11 16:05:41,26.1,5.97,3.1,0.7,7.099999,0.0,0.0,0.0,0.0,0.0,28.1,41.9,20.0,32.6,-128.7,21.4,0.0,1.0,1.0,1.0,0.0,0.0,1.0,0.0,90.0,90.0,1
2025-04-11 16:05:42,26.09,5.96,3.1,0.7,7.7,0.0,0.0,0.0,0.0,0.0,28.1,41.9,20.0,32.6,-128.7,21.4,0.0,1.0,1.0,1.0,0.0,0.0,1.0,0.0,90.0,90.0,1
2025-04-11 16:05:43,26.09,5.97,3.1,0.7,7.0,0.0,0.0,0.0,0.0,0.0,28.1,41.9,20.0,32.6,-128.7,21.4,0.0,1.0,1.0,1.0,0.0,0.0,1.0,0.0,90.0,90.0,1
2025-04-11 16:05:44,26.11,5.96,3.1,0.7,7.8,0.0,0.0,0.0,0.0,0.0,28.1,41.9,20.0,32.6,-128.7,21.4,0.0,1.0,1.0,1.0,0.0,0.0,1.0,0.0,90.0,90.0,1
2025-04-11 16:05:45,26.11,5.97,3.1,0.7,7.5,0.0,0.0,0.0,0.0,0.0,28.1,41.9,20.0,32.6,-128.7,21.4,0.0,1.0,1.0,1.0,0.0,0.0,1.0,0.0,90.0,90.0,1
2025-04-11 16:05:46,26.11,5.98,3.1,0.7,7.4,0.0,0.0,0.0,0.0,0.0,28.1,41.9,20.0,32.6,-128.7,21.4,0.0,1.0,1.0,1.0,0.0,0.0,1.0,0.0,90.0,90.0,1
2025-04-11 16:05:47,26.12,5.96,3.1,0.7,7.099999,0.0,0.0,0.0,0.0,0.0,28.1,41.9,20.0,32.6,-128.7,21.4,0.0,1.0,1.0,1.0,0.0,0.0,1.0,0.0,90.0,90.0,1
2025-04-11 16:05:48,26.11,5.97,3.1,0.7,7.0,0.0,0.0,0.0,0.0,0.0,28.1,41.9,20.0,32.6,-128.7,21.4,0.0,1.0,1.0,1.0,0.0,0.0,1.0,0.0,90.0,90.0,1
2025-04-11 16:05:49,26.09,5.97,3.1,0.7,7.599999,0.0,0.0,0.0,0.0,0.0,28.1,41.9,20.0,32.6,-128.7,21.4,0.0,1.0,1.0,1.0,0.0,0.0,1.0,0.0,90.0,90.0,1
2025-04-11 16:05:50,26.1,5.97,3.1,0.7,7.4,0.0,0.0,0.0,0.0,0.0,28.1,41.9,20.0,32.6,-128.7,21.4,0.0,1.0,1.0,1.0,0.0,0.0,1.0,0.0,90.0,90.0,1
2025-04-11 16:05:51,26.11,5.96,3.1,0.7,7.7,0.0,0.0,0.0,0.0,0.0,28.1,41.9,20.0,32.6,-128.7,21.4,0.0,1.0,1.0,1.0,0.0,0.0,1.0,0.0,90.0,90.0,1
2025-04-11 16:05:52,26.11,5.97,3.1,0.7,7.8,0.0,0.0,0.0,0.0,0.0,28.1,41.9,20.0,32.6,-128.7,21.4,0.0,1.0,1.0,1.0,0.0,0.0,1.0,0.0,90.0,90.0,1
2025-04-11 16:05:53,26.09,5.97,3.1,0.7,7.8,0.0,0.0,0.0,0.0,0.0,28.1,41.9,20.0,32.6,-128.7,21.4,0.0,1.0,1.0,1.0,0.0,0.0,1.0,0.0,90.0,90.0,1
2025-04-11 16:05:54,26.11,5.96,3.1,0.7,7.9,0.0,0.0,0.0,0.0,0.0,28.1,41.9,20.0,32.6,-128.7,21.4,0.0,1.0,1.0,1.0,0.0,0.0,1.0,0.0,90.0,90.0,1
2025-04-11 16:05:55,26.11,5.97,3.1,0.7,7.2,0.0,0.0,0.0,0.0,0.0,28.1,41.9,20.0,32.6,-128.7,21.4,0.0,1.0,1.0,1.0,0.0,0.0,1.0,0.0,90.0,90.0,1
2025-04-11 16:05:56,26.11,5.97,3.1,0.7,7.599999,0.0,0.0,0.0,0.0,0.0,28.1,41.9,20.0,32.6,-128.7,21.4,0.0,1.0,1.0,1.0,0.0,0.0,1.0,0.0,90.0,90.0,1
2025-04-11 16:05:57,26.1,5.97,3.1,0.7,7.0,0.0,0.0,0.0,0.0,0.0,28.1,41.9,20.0,32.6,-128.7,21.4,0.0,1.0,1.0,1.0,0.0,0.0,1.0,0.0,90.0,90.0,1
2025-04-11 16:05:58,26.1,5.96,3.1,0.7,7.2,0.0,0.0,0.0,0.0,0.0,28.1,41.9,20.0,32.6,-128.7,21.4,0.0,1.0,1.0,1.0,0.0,0.0,1.0,0.0,90.0,90.0,1
2025-04-11 16:05:59,26.09,5.97,3.1,0.7,7.7,0.0,0.0,0.0,0.0,0.0,28.1,41.9,20.0,32.6,-128.7,21.4,0.0,1.0,1.0,1.0,0.0,0.0,1.0,0.0,90.0,90.0,1
2025-04-11 16:06:00,26.1,5.97,3.1,0.7,7.0,0.0,0.0,0.0,0.0,0.0,28.1,41.9,20.0,32.6,-128.7,21.4,0.0,1.0,1.0,1.0,0.0,0.0,1.0,0.0,90.0,90.0,1
2025-04-11 16:06:01,26.12,5.96,3.1,0.7,8.0,0.0,0.0,0.0,0.0,0.0,28.1,41.9,20.0,32.6,-128.7,21.4,0.0,1.0,1.0,1.0,0.0,0.0,1.0,0.0,90.0,90.0,1
2025-04-11 16:06:02,26.11,5.97,3.1,0.7,7.2,0.0,0.0,0.0,0.0,0.0,28.1,41.9,20.0,32.6,-128.7,21.4,0.0,1.0,1.0,1.0,0.0,0.0,1.0,0.0,90.0,90.0,1
2025-04-11 16:06:03,26.1,5.96,3.1,0.7,7.7,0.0,0.0,0.0,0.0,0.0,28.1,41.9,20.0,32.6,-128.7,21.4,0.0,1.0,1.0,1.0,0.0,0.0,1.0,0.0,90.0,90.0,1
2025-04-11 16:06:04,26.08,5.97,3.1,0.7,7.8,0.0,0.0,0.0,0.0,0.0,28.1,41.9,19.9,32.6,-128.7,21.4,0.0,1.0,1.0,1.0,0.0,0.0,1.0,0.0,90.0,90.0,1
2025-04-11 16:06:05,26.09,5.96,3.1,0.7,7.5,0.0,0.0,0.0,0.0,0.0,28.1,41.9,19.9,32.6,-128.7,21.4,0.0,1.0,1.0,1.0,0.0,0.0,1.0,0.0,90.0,90.0,1
2025-04-11 16:06:06,26.09,5.97,3.1,0.7,7.599999,0.0,0.0,0.0,0.0,0.0,28.1,41.9,19.9,32.6,-128.7,21.4,0.0,1.0,1.0,1.0,0.0,0.0,1.0,0.0,90.0,90.0,1
2025-04-11 16:06:07,26.1,5.97,3.1,0.7,7.3,0.0,0.0,0.0,0.0,0.0,28.1,42.0,19.9,32.6,-128.7,21.4,0.0,1.0,1.0,1.0,0.0,0.0,1.0,0.0,90.0,90.0,1
2025-04-11 16:06:08,26.11,5.96,3.1,0.7,7.5,0.0,0.0,0.0,0.0,0.0,28.1,42.0,19.9,32.6,-128.7,21.5,0.0,1.0,1.0,1.0,0.0,0.0,1.0,0.0,90.0,90.0,1
2025-04-11 16:06:09,26.11,5.97,3.1,0.7,7.2,0.0,0.0,0.0,0.0,0.0,28.1,42.0,19.9,32.7,-128.7,21.5,0.0,1.0,1.0,1.0,0.0,0.0,1.0,0.0,90.0,90.0,1
2025-04-11 16:06:10,26.11,5.95,3.1,0.7,7.0,0.0,0.0,0.0,0.0,0.0,28.1,42.0,19.9,32.7,-128.7,21.5,0.0,1.0,1.0,1.0,0.0,0.0,1.0,0.0,90.0,90.0,1
2025-04-11 16:06:11,26.11,5.97,3.1,0.7,7.4,0.0,0.0,0.0,0.0,0.0,28.1,42.0,19.9,32.7,-128.7,21.6,0.0,1.0,1.0,1.0,0.0,0.0,1.0,0.0,90.0,90.0,1
2025-04-11 16:06:12,26.11,5.96,3.1,0.7,7.0,0.0,0.0,0.0,0.0,0.0,28.1,42.0,19.9,32.7,-128.7,21.5,0.0,1.0,1.0,1.0,0.0,0.0,1.0,0.0,90.0,90.0,1
2025-04-11 16:06:13,26.11,5.97,3.1,0.7,7.8,0.0,0.0,0.0,0.0,0.0,28.1,42.0,19.9,32.7,-128.7,21.5,0.0,1.0,1.0,1.0,0.0,0.0,1.0,0.0,90.0,90.0,1
2025-04-11 16:06:14,26.12,5.96,3.1,0.7,7.5,0.0,0.0,0.0,0.0,0.0,28.1,42.0,19.9,32.7,-128.7,21.5,0.0,1.0,1.0,1.0,0.0,0.0,1.0,0.0,90.0,90.0,1
2025-04-11 16:06:15,26.11,5.96,3.1,0.7,7.3,0.0,0.0,0.0,0.0,0.0,28.1,42.0,19.9,32.7,-128.7,21.5,0.0,1.0,1.0,1.0,0.0,0.0,1.0,0.0,90.0,90.0,1
2025-04-11 16:06:16,26.14,5.97,3.1,0.7,8.0,0.0,0.0,0.0,0.0,0.0,28.1,42.0,19.9,32.7,-128.7,21.5,0.0,1.0,1.0,1.0,0.0,0.0,1.0,0.0,90.0,90.0,1
2025-04-11 16:06:17,26.12,5.95,3.1,0.7,7.3,0.0,0.0,0.0,0.0,0.0,28.1,42.0,19.9,32.7,-128.7,21.6,0.0,1.0,1.0,1.0,0.0,0.0,1.0,0.0,90.0,90.0,1
2025-04-11 16:06:18,26.11,5.97,3.1,0.7,7.2,0.0,0.0,0.0,0.0,0.0,28.1,42.0,19.8,32.7,-128.7,21.5,0.0,1.0,1.0,1.0,0.0,0.0,1.0,0.0,90.0,90.0,1
2025-04-11 16:06:19,26.11,5.96,3.1,0.7,6.9,0.0,0.0,0.0,0.0,0.0,28.1,42.0,19.8,32.7,-128.7,21.5,0.0,1.0,1.0,1.0,0.0,0.0,1.0,0.0,90.0,90.0,1
2025-04-11 16:06:20,26.1,5.97,3.1,0.7,7.0,0.0,0.0,0.0,0.0,0.0,28.1,42.0,19.8,32.7,-128.7,21.5,0.0,1.0,1.0,1.0,0.0,0.0,1.0,0.0,90.0,90.0,1
2025-04-11 16:06:21,26.12,5.97,3.1,0.7,7.5,0.0,0.0,0.0,0.0,0.0,28.1,42.0,19.8,32.7,-128.7,21.5,0.0,1.0,1.0,1.0,0.0,0.0,1.0,0.0,90.0,90.0,1
2025-04-11 16:06:22,26.14,5.97,3.1,0.7,8.0,0.0,0.0,0.0,0.0,0.0,28.1,42.0,19.8,32.7,-128.7,21.5,0.0,1.0,1.0,1.0,0.0,0.0,1.0,0.0,90.0,90.0,1
2025-04-11 16:06:23,26.14,5.97,3.1,0.7,8.0,0.0,0.0,0.0,0.0,0.0,28.1,42.0,19.8,32.7,-128.7,21.5,0.0,1.0,1.0,1.0,0.0,0.0,1.0,0.0,90.0,90.0,1
2025-04-11 16:06:24,26.11,5.96,3.1,0.7,7.599999,0.0,0.0,0.0,0.0,0.0,28.1,42.0,19.8,32.7,-128.7,21.5,0.0,1.0,1.0,1.0,0.0,0.0,1.0,0.0,90.0,90.0,1
2025-04-11 16:06:25,26.11,5.97,3.1,0.7,7.599999,0.0,0.0,0.0,0.0,0.0,28.1,42.0,19.8,32.7,-128.7,21.5,0.0,1.0,1.0,1.0,0.0,0.0,1.0,0.0,90.0,90.0,1
2025-04-11 16:06:26,26.1,5.96,3.1,0.7,7.8,0.0,0.0,0.0,0.0,0.0,28.1,42.0,19.8,32.7,-128.7,21.6,0.0,1.0,1.0,1.0,0.0,0.0,1.0,0.0,90.0,90.0,1
2025-04-11 16:06:27,26.11,5.97,3.1,0.7,7.599999,0.0,0.0,0.0,0.0,0.0,28.1,42.0,19.8,32.7,-128.7,21.5,0.0,1.0,1.0,1.0,0.0,0.0,1.0,0.0,90.0,90.0,1
2025-04-11 16:06:28,26.1,5.95,3.1,0.7,7.2,0.0,0.0,0.0,0.0,0.0,28.1,42.0,19.8,32.7,-128.7,21.5,0.0,1.0,1.0,1.0,0.0,0.0,1.0,0.0,90.0,90.0,1
2025-04-11 16:06:29,26.09,5.97,3.1,0.7,7.4,0.0,0.0,0.0,0.0,0.0,28.1,42.0,19.8,32.7,-128.7,21.5,0.0,1.0,1.0,1.0,0.0,0.0,1.0,0.0,90.0,90.0,1
2025-04-11 16:06:30,26.1,5.96,3.1,0.7,7.2,0.0,0.0,0.0,0.0,0.0,28.1,42.0,19.8,32.7,-128.7,21.5,0.0,1.0,1.0,1.0,0.0,0.0,1.0,0.0,90.0,90.0,1
2025-04-11 16:06:31,26.09,5.96,3.1,0.7,7.2,0.0,0.0,0.0,0.0,0.0,28.1,42.0,19.7,32.7,-128.7,21.5,0.0,1.0,1.0,1.0,0.0,0.0,1.0,0.0,90.0,90.0,1
2025-04-11 16:06:32,26.1,5.97,3.1,0.7,7.2,0.0,0.0,0.0,0.0,0.0,28.1,42.0,19.7,32.7,-128.7,21.5,0.0,1.0,1.0,1.0,0.0,0.0,1.0,0.0,90.0,90.0,1
2025-04-11 16:06:33,26.09,5.95,3.1,0.7,7.099999,0.0,0.0,0.0,0.0,0.0,28.1,42.0,19.7,32.7,-128.7,21.6,0.0,1.0,1.0,1.0,0.0,0.0,1.0,0.0,90.0,90.0,1
2025-04-11 16:06:34,26.1,5.97,3.1,0.7,7.0,0.0,0.0,0.0,0.0,0.0,28.1,42.0,19.7,32.7,-128.7,21.5,0.0,1.0,1.0,1.0,0.0,0.0,1.0,0.0,90.0,90.0,1
2025-04-11 16:06:35,26.09,5.94,3.1,0.7,7.8,0.0,0.0,0.0,0.0,0.0,28.1,42.0,19.7,32.7,-128.7,21.6,0.0,1.0,1.0,1.0,0.0,0.0,1.0,0.0,90.0,90.0,1
2025-04-11 16:06:36,26.09,5.96,3.1,0.7,7.099999,0.0,0.0,0.0,0.0,0.0,28.1,42.0,19.7,32.7,-128.7,21.5,0.0,1.0,1.0,1.0,0.0,0.0,1.0,0.0,90.0,90.0,1
2025-04-11 16:06:37,26.09,5.95,3.1,0.7,7.8,0.0,0.0,0.0,0.0,0.0,28.1,42.0,19.7,32.7,-128.7,21.6,0.0,1.0,1.0,1.0,0.0,0.0,1.0,0.0,90.0,90.0,1
2025-04-11 16:06:38,26.09,5.97,3.1,0.7,7.2,0.0,0.0,0.0,0.0,0.0,28.1,42.0,19.7,32.7,-128.7,21.6,0.0,1.0,1.0,1.0,0.0,0.0,1.0,0.0,90.0,90.0,1
2025-04-11 16:06:39,26.09,5.95,3.1,0.7,7.599999,0.0,0.0,0.0,0.0,0.0,28.1,42.0,19.7,32.7,-128.7,21.5,0.0,1.0,1.0,1.0,0.0,0.0,1.0,0.0,90.0,90.0,1
2025-04-11 16:06:40,26.09,5.95,3.1,0.7,7.7,0.0,0.0,0.0,0.0,0.0,28.1,42.1,19.7,32.7,-128.7,21.6,0.0,1.0,1.0,1.0,0.0,0.0,1.0,0.0,90.0,90.0,1
2025-04-11 16:06:41,26.08,5.95,3.1,0.7,8.0,0.0,0.0,0.0,0.0,0.0,28.1,42.1,19.6,32.7,-128.7,21.5,0.0,1.0,1.0,1.0,0.0,0.0,1.0,0.0,90.0,90.0,1
2025-04-11 16:06:42,26.09,5.94,3.1,0.7,7.8,0.0,0.0,0.0,0.0,0.0,28.1,42.1,19.6,32.7,-128.7,21.6,0.0,1.0,1.0,1.0,0.0,0.0,1.0,0.0,90.0,90.0,1
2025-04-11 16:06:43,26.09,5.95,3.1,0.7,7.4,0.0,0.0,0.0,0.0,0.0,28.1,42.1,19.6,32.7,-128.7,21.6,0.0,1.0,1.0,1.0,0.0,0.0,1.0,0.0,90.0,90.0,1
2025-04-11 16:06:44,26.08,5.95,3.1,0.7,7.7,0.0,0.0,0.0,0.0,0.0,28.1,42.1,19.6,32.7,-128.7,21.6,0.0,1.0,1.0,1.0,0.0,0.0,1.0,0.0,90.0,90.0,1
2025-04-11 16:06:45,26.09,5.96,3.1,0.7,7.2,0.0,0.0,0.0,0.0,0.0,28.1,42.1,19.6,32.7,-128.7,21.6,0.0,1.0,1.0,1.0,0.0,0.0,1.0,0.0,90.0,90.0,1
2025-04-11 16:06:46,26.09,5.95,3.1,0.7,7.5,0.0,0.0,0.0,0.0,0.0,28.1,42.1,19.6,32.7,-128.7,21.6,0.0,1.0,1.0,1.0,0.0,0.0,1.0,0.0,90.0,90.0,1
2025-04-11 16:06:47,26.1,5.94,3.1,0.7,7.2,0.0,0.0,0.0,0.0,0.0,28.1,42.1,19.6,32.7,-128.7,21.6,0.0,1.0,1.0,1.0,0.0,0.0,1.0,0.0,90.0,90.0,1
2025-04-11 16:06:48,26.09,5.94,3.1,0.7,7.2,0.0,0.0,0.0,0.0,0.0,28.1,42.0,19.5,32.7,-128.7,21.6,0.0,1.0,1.0,1.0,0.0,0.0,1.0,0.0,90.0,90.0,1
2025-04-11 16:06:49,26.09,5.96,3.1,0.7,7.2,0.0,0.0,0.0,0.0,0.0,28.1,42.0,19.5,32.7,-128.7,21.6,0.0,1.0,1.0,1.0,0.0,0.0,1.0,0.0,90.0,90.0,1
2025-04-11 16:06:50,26.06,5.94,3.1,0.7,7.099999,0.0,0.0,0.0,0.0,0.0,28.1,42.0,19.5,32.7,-128.7,21.7,0.0,1.0,1.0,1.0,0.0,0.0,1.0,0.0,90.0,90.0,1
2025-04-11 16:06:51,26.06,5.95,3.1,0.7,7.9,0.0,0.0,0.0,0.0,0.0,28.1,42.0,19.5,32.7,-128.7,21.6,0.0,1.0,1.0,1.0,0.0,0.0,1.0,0.0,90.0,90.0,1
2025-04-11 16:06:52,26.08,5.93,3.1,0.7,7.099999,0.0,0.0,0.0,0.0,0.0,28.1,42.0,19.5,32.7,-128.7,21.7,0.0,1.0,1.0,1.0,0.0,0.0,1.0,0.0,90.0,90.0,1
2025-04-11 16:06:53,26.08,5.95,3.1,0.7,7.9,0.0,0.0,0.0,0.0,0.0,28.1,42.0,19.5,32.7,-128.7,21.6,0.0,1.0,1.0,1.0,0.0,0.0,1.0,0.0,90.0,90.0,1
2025-04-11 16:06:54,26.09,5.94,3.0,0.7,7.8,0.0,0.0,0.0,0.0,0.0,28.1,42.0,19.5,32.7,-128.7,21.6,0.0,1.0,1.0,1.0,0.0,0.0,1.0,0.0,90.0,90.0,1
2025-04-11 16:06:55,26.06,5.94,3.1,0.7,7.2,0.0,0.0,0.0,0.0,0.0,28.1,42.0,19.5,32.7,-128.7,21.6,0.0,1.0,1.0,1.0,0.0,0.0,1.0,0.0,90.0,90.0,1
2025-04-11 16:06:56,26.06,5.93,3.1,0.7,7.8,0.0,0.0,0.0,0.0,0.0,28.1,42.0,19.5,32.7,-128.7,21.6,0.0,1.0,1.0,1.0,0.0,0.0,1.0,0.0,90.0,90.0,1
2025-04-11 16:06:57,26.06,5.95,3.1,0.7,7.2,0.0,0.0,0.0,0.0,0.0,28.1,42.0,19.5,32.7,-128.7,21.6,0.0,1.0,1.0,1.0,0.0,0.0,1.0,0.0,90.0,90.0,1
2025-04-11 16:06:58,26.06,5.94,3.1,0.7,7.0,0.0,0.0,0.0,0.0,0.0,28.1,42.0,19.4,32.7,-128.7,21.6,0.0,1.0,1.0,1.0,0.0,0.0,1.0,0.0,90.0,90.0,1
2025-04-11 16:06:59,26.08,5.94,3.1,0.7,7.4,0.0,0.0,0.0,0.0,0.0,28.1,42.0,19.4,32.7,-128.7,21.7,0.0,1.0,1.0,1.0,0.0,0.0,1.0,0.0,90.0,90.0,1
2025-04-11 16:07:00,26.05,5.94,3.1,0.7,7.5,0.0,0.0,0.0,0.0,0.0,28.1,42.0,19.4,32.7,-128.7,21.6,0.0,1.0,1.0,1.0,0.0,0.0,1.0,0.0,90.0,90.0,1
2025-04-11 16:07:01,26.06,5.95,3.1,0.7,7.599999,0.0,0.0,0.0,0.0,0.0,28.1,42.0,19.4,32.7,-128.7,21.6,0.0,1.0,1.0,1.0,0.0,0.0,1.0,0.0,90.0,90.0,1
2025-04-11 16:07:02,26.06,5.94,3.1,0.7,7.9,0.0,0.0,0.0,0.0,0.0,28.1,42.0,19.4,32.7,-128.7,21.6,0.0,1.0,1.0,1.0,0.0,0.0,1.0,0.0,90.0,90.0,1
2025-04-11 16:07:03,26.05,5.94,3.1,0.7,7.2,0.0,0.0,0.0,0.0,0.0,28.1,42.0,19.4,32.7,-128.7,21.6,0.0,1.0,1.0,1.0,0.0,0.0,1.0,0.0,90.0,90.0,1
2025-04-11 16:07:04,26.08,5.94,3.1,0.7,7.599999,0.0,0.0,0.0,0.0,0.0,28.1,42.0,19.4,32.7,-128.7,21.6,0.0,1.0,1.0,1.0,0.0,0.0,1.0,0.0,90.0,90.0,1
2025-04-11 16:07:05,26.08,5.94,3.1,0.7,7.2,0.0,0.0,0.0,0.0,0.0,28.1,42.0,19.4,32.6,-128.7,21.5,0.0,1.0,1.0,1.0,0.0,0.0,1.0,0.0,90.0,90.0,1
2025-04-11 16:07:06,26.09,5.94,3.1,0.7,7.3,0.0,0.0,0.0,0.0,0.0,28.1,42.1,19.4,32.6,-128.7,21.5,0.0,1.0,1.0,1.0,0.0,0.0,1.0,0.0,90.0,90.0,1
2025-04-11 16:07:07,26.1,5.95,3.1,0.7,7.3,0.0,0.0,0.0,0.0,0.0,28.1,42.1,19.3,32.6,-128.7,21.5,0.0,1.0,1.0,1.0,0.0,0.0,1.0,0.0,90.0,90.0,1
2025-04-11 16:07:08,26.09,5.94,3.1,0.7,7.2,0.0,0.0,0.0,0.0,0.0,28.1,42.1,19.3,32.6,-128.7,21.5,0.0,1.0,1.0,1.0,0.0,0.0,1.0,0.0,90.0,90.0,1
2025-04-11 16:07:09,26.09,5.95,3.1,0.7,7.7,0.0,0.0,0.0,0.0,0.0,28.1,42.1,19.3,32.6,-128.7,21.5,0.0,1.0,1.0,1.0,0.0,0.0,1.0,0.0,90.0,90.0,1
2025-04-11 16:07:10,26.1,5.94,3.1,0.7,7.4,0.0,0.0,0.0,0.0,0.0,28.1,42.1,19.3,32.6,-128.7,21.5,0.0,1.0,1.0,1.0,0.0,0.0,1.0,0.0,90.0,90.0,1
2025-04-11 16:07:11,26.08,5.94,3.1,0.7,8.0,0.0,0.0,0.0,0.0,0.0,28.1,42.1,19.3,32.6,-128.7,21.5,0.0,1.0,1.0,1.0,0.0,0.0,1.0,0.0,90.0,90.0,1
2025-04-11 16:07:12,26.1,5.95,3.1,0.7,7.8,0.0,0.0,0.0,0.0,0.0,28.1,42.1,19.3,32.6,-128.7,21.5,0.0,1.0,1.0,1.0,0.0,0.0,1.0,0.0,90.0,90.0,1
2025-04-11 16:07:13,26.1,5.94,3.1,0.7,7.7,0.0,0.0,0.0,0.0,0.0,28.1,42.1,19.3,32.6,-128.7,21.5,0.0,1.0,1.0,1.0,0.0,0.0,1.0,0.0,90.0,90.0,1
2025-04-11 16:07:14,26.1,5.94,3.1,0.7,7.7,0.0,0.0,0.0,0.0,0.0,28.1,42.1,19.3,32.6,-128.7,21.5,0.0,1.0,1.0,1.0,0.0,0.0,1.0,0.0,90.0,90.0,1
2025-04-11 16:07:15,26.11,5.94,3.1,0.7,7.2,0.0,0.0,0.0,0.0,0.0,28.1,42.1,19.3,32.6,-128.7,21.5,0.0,1.0,1.0,1.0,0.0,0.0,1.0,0.0,90.0,90.0,1
2025-04-11 16:07:16,26.12,5.94,3.1,0.7,7.599999,0.0,0.0,0.0,0.0,0.0,28.1,42.1,19.2,32.6,-128.7,21.4,0.0,1.0,1.0,1.0,0.0,0.0,1.0,0.0,90.0,90.0,1
2025-04-11 16:07:17,26.1,5.94,3.1,0.7,7.7,0.0,0.0,0.0,0.0,0.0,28.1,42.1,19.2,32.6,-128.7,21.5,0.0,1.0,1.0,1.0,0.0,0.0,1.0,0.0,90.0,90.0,1
2025-04-11 16:07:18,26.09,5.95,3.1,0.7,7.0,0.0,0.0,0.0,0.0,0.0,28.1,42.1,19.2,32.6,-128.7,21.5,0.0,1.0,1.0,1.0,0.0,0.0,1.0,0.0,90.0,90.0,1
2025-04-11 16:07:19,26.1,5.95,3.1,0.7,7.599999,0.0,0.0,0.0,0.0,0.0,28.1,42.1,19.2,32.6,-128.7,21.5,0.0,1.0,1.0,1.0,0.0,0.0,1.0,0.0,90.0,90.0,1
2025-04-11 16:07:20,26.11,5.96,3.1,0.7,8.2,0.0,0.0,0.0,0.0,0.0,28.1,42.1,19.2,32.6,-128.7,21.5,0.0,1.0,1.0,1.0,0.0,0.0,1.0,0.0,90.0,90.0,1
2025-04-11 16:07:21,26.11,5.94,3.1,0.7,7.599999,0.0,0.0,0.0,0.0,0.0,28.1,42.1,19.2,32.6,-128.7,21.5,0.0,1.0,1.0,1.0,0.0,0.0,1.0,0.0,90.0,90.0,1
2025-04-11 16:07:22,26.12,5.96,3.1,0.7,7.599999,0.0,0.0,0.0,0.0,0.0,28.1,42.1,19.2,32.6,-128.7,21.5,0.0,1.0,1.0,1.0,0.0,0.0,1.0,0.0,90.0,90.0,1
2025-04-11 16:07:23,26.11,5.95,3.1,0.7,7.2,0.0,0.0,0.0,0.0,0.0,28.1,42.1,19.2,32.6,-128.7,21.5,0.0,1.0,1.0,1.0,0.0,0.0,1.0,0.0,90.0,90.0,1
2025-04-11 16:07:24,26.11,5.94,3.1,0.7,7.4,0.0,0.0,0.0,0.0,0.0,28.1,42.1,19.1,32.6,-128.7,21.4,0.0,1.0,1.0,1.0,0.0,0.0,1.0,0.0,90.0,90.0,1
2025-04-11 16:07:25,26.12,5.96,3.1,0.7,7.4,0.0,0.0,0.0,0.0,0.0,28.1,42.1,19.1,32.6,-128.7,21.5,0.0,1.0,1.0,1.0,0.0,0.0,1.0,0.0,90.0,90.0,1
2025-04-11 16:07:26,26.12,5.95,3.1,0.7,8.0,0.0,0.0,0.0,0.0,0.0,28.1,42.1,19.1,32.6,-128.7,21.4,0.0,1.0,1.0,1.0,0.0,0.0,1.0,0.0,90.0,90.0,1
2025-04-11 16:07:27,26.12,5.95,3.1,0.7,7.599999,0.0,0.0,0.0,0.0,0.0,28.1,42.1,19.1,32.6,-128.7,21.5,0.0,1.0,1.0,1.0,0.0,0.0,1.0,0.0,90.0,90.0,1
2025-04-11 16:07:28,26.15,5.96,3.1,0.7,7.7,0.0,0.0,0.0,0.0,0.0,28.1,42.1,19.1,32.6,-128.7,21.4,0.0,1.0,1.0,1.0,0.0,0.0,1.0,0.0,90.0,90.0,1
2025-04-11 16:07:29,26.16,5.96,3.1,0.7,8.0,0.0,0.0,0.0,0.0,0.0,28.1,42.1,19.1,32.6,-128.7,21.4,0.0,1.0,1.0,1.0,0.0,0.0,1.0,0.0,90.0,90.0,1
2025-04-11 16:07:30,26.16,5.96,3.1,0.7,7.099999,0.0,0.0,0.0,0.0,0.0,28.1,42.1,19.1,32.6,-128.7,21.4,0.0,1.0,1.0,1.0,0.0,0.0,1.0,0.0,90.0,90.0,1
2025-04-11 16:07:31,26.15,5.96,3.1,0.7,7.2,0.0,0.0,0.0,0.0,0.0,28.1,42.1,19.0,32.6,-128.7,21.4,0.0,1.0,1.0,1.0,0.0,0.0,1.0,0.0,90.0,90.0,1
2025-04-11 16:07:32,26.14,5.97,3.1,0.7,7.7,0.0,0.0,0.0,0.0,0.0,28.0,42.1,19.0,32.6,-128.7,21.4,0.0,1.0,1.0,1.0,0.0,0.0,1.0,0.0,90.0,90.0,1
2025-04-11 16:07:33,26.12,5.96,3.1,0.7,7.5,0.0,0.0,0.0,0.0,0.0,28.0,42.1,19.0,32.5,-128.7,21.4,0.0,1.0,1.0,1.0,0.0,0.0,1.0,0.0,90.0,90.0,1
2025-04-11 16:07:34,26.16,5.95,3.0,0.7,7.599999,0.0,0.0,0.0,0.0,0.0,28.0,42.1,19.0,32.5,-128.7,21.3,0.0,1.0,1.0,1.0,0.0,0.0,1.0,0.0,90.0,90.0,1
2025-04-11 16:07:35,26.15,5.96,3.1,0.7,7.0,0.0,0.0,0.0,0.0,0.0,28.0,42.1,19.0,32.5,-128.7,21.4,0.0,1.0,1.0,1.0,0.0,0.0,1.0,0.0,90.0,90.0,1
2025-04-11 16:07:36,26.16,5.96,3.1,0.7,7.599999,0.0,0.0,0.0,0.0,0.0,28.0,42.1,19.0,32.5,-128.7,21.3,0.0,1.0,1.0,1.0,0.0,0.0,1.0,0.0,90.0,90.0,1
2025-04-11 16:07:37,26.19,5.96,3.1,0.7,7.7,0.0,0.0,0.0,0.0,0.0,28.0,42.1,19.0,32.5,-128.7,21.4,0.0,1.0,1.0,1.0,0.0,0.0,1.0,0.0,90.0,90.0,1
2025-04-11 16:07:38,26.16,5.97,3.1,0.7,7.3,0.0,0.0,0.0,0.0,0.0,28.0,42.1,19.0,32.5,-128.7,21.3,0.0,1.0,1.0,1.0,0.0,0.0,1.0,0.0,90.0,90.0,1
2025-04-11 16:07:39,26.15,5.96,3.1,0.7,7.8,0.0,0.0,0.0,0.0,0.0,28.0,42.1,19.0,32.5,-128.7,21.3,0.0,1.0,1.0,1.0,0.0,0.0,1.0,0.0,90.0,90.0,1
2025-04-11 16:07:40,26.17,5.97,3.1,0.7,7.599999,0.0,0.0,0.0,0.0,0.0,28.0,42.1,19.0,32.5,-128.7,21.3,0.0,1.0,1.0,1.0,0.0,0.0,1.0,0.0,90.0,90.0,1
2025-04-11 16:07:41,26.16,5.97,3.1,0.7,7.7,0.0,0.0,0.0,0.0,0.0,28.0,42.1,18.9,32.5,-128.7,21.3,0.0,1.0,1.0,1.0,0.0,0.0,1.0,0.0,90.0,90.0,1
2025-04-11 16:07:42,26.17,5.97,3.1,0.7,7.2,0.0,0.0,0.0,0.0,0.0,28.0,42.1,18.9,32.5,-128.7,21.3,0.0,1.0,1.0,1.0,0.0,0.0,1.0,0.0,90.0,90.0,1
2025-04-11 16:07:43,26.17,5.97,3.1,0.7,7.099999,0.0,0.0,0.0,0.0,0.0,28.0,42.1,18.9,32.5,-128.7,21.3,0.0,1.0,1.0,1.0,0.0,0.0,1.0,0.0,90.0,90.0,1
2025-04-11 16:07:44,26.17,5.97,3.1,0.7,7.9,0.0,0.0,0.0,0.0,0.0,28.0,42.1,18.9,32.5,-128.7,21.3,0.0,1.0,1.0,1.0,0.0,0.0,1.0,0.0,90.0,90.0,1
2025-04-11 16:07:45,26.21,5.96,3.0,0.7,7.2,0.0,0.0,0.0,0.0,0.0,28.0,42.1,18.9,32.5,-128.7,21.3,0.0,1.0,1.0,1.0,0.0,0.0,1.0,0.0,90.0,90.0,1
2025-04-11 16:07:46,26.19,5.97,3.1,0.7,7.599999,0.0,0.0,0.0,0.0,0.0,28.0,42.2,18.9,32.5,-128.7,21.3,0.0,1.0,1.0,1.0,0.0,0.0,1.0,0.0,90.0,90.0,1
2025-04-11 16:07:47,26.17,5.96,3.1,0.7,7.8,0.0,0.0,0.0,0.0,0.0,28.0,42.2,18.9,32.5,-128.7,21.3,0.0,1.0,1.0,1.0,0.0,0.0,1.0,0.0,90.0,90.0,1
2025-04-11 16:07:48,26.19,5.96,3.1,0.7,7.099999,0.0,0.0,0.0,0.0,0.0,28.0,42.2,18.8,32.5,-128.7,21.4,0.0,1.0,1.0,1.0,0.0,0.0,1.0,0.0,90.0,90.0,1
2025-04-11 16:07:49,26.2,5.97,3.1,0.7,7.099999,0.0,0.0,0.0,0.0,0.0,28.0,42.2,18.8,32.5,-128.7,21.3,0.0,1.0,1.0,1.0,0.0,0.0,1.0,0.0,90.0,90.0,1
2025-04-11 16:07:50,26.2,5.96,3.1,0.7,7.3,0.0,0.0,0.0,0.0,0.0,28.0,42.2,18.8,32.5,-128.7,21.3,0.0,1.0,1.0,1.0,0.0,0.0,1.0,0.0,90.0,90.0,1
2025-04-11 16:07:51,26.21,5.97,3.1,0.7,7.2,0.0,0.0,0.0,0.0,0.0,28.0,42.2,18.8,32.4,-128.7,21.2,0.0,1.0,1.0,1.0,0.0,0.0,1.0,0.0,90.0,90.0,1
2025-04-11 16:07:52,26.2,5.96,3.1,0.7,7.7,0.0,0.0,0.0,0.0,0.0,28.0,42.2,18.8,32.4,-128.7,21.2,0.0,1.0,1.0,1.0,0.0,0.0,1.0,0.0,90.0,90.0,1
2025-04-11 16:07:53,26.2,5.97,3.1,0.7,7.0,0.0,0.0,0.0,0.0,0.0,28.0,42.2,18.8,32.4,-128.7,21.2,0.0,1.0,1.0,1.0,0.0,0.0,1.0,0.0,90.0,90.0,1
2025-04-11 16:07:54,26.22,5.96,3.1,0.7,7.7,0.0,0.0,0.0,0.0,0.0,28.0,42.2,18.8,32.4,-128.7,21.2,0.0,1.0,1.0,1.0,0.0,0.0,1.0,0.0,90.0,90.0,1
2025-04-11 16:07:55,26.2,5.97,3.1,0.7,7.7,0.0,0.0,0.0,0.0,0.0,28.0,42.2,18.8,32.4,-128.7,21.2,0.0,1.0,1.0,1.0,0.0,0.0,1.0,0.0,90.0,90.0,1
2025-04-11 16:07:56,26.2,5.97,3.1,0.7,7.599999,0.0,0.0,0.0,0.0,0.0,28.0,42.2,18.8,32.4,-128.7,21.2,0.0,1.0,1.0,1.0,0.0,0.0,1.0,0.0,90.0,90.0,1
2025-04-11 16:07:57,26.17,5.96,3.1,0.7,8.099999,0.0,0.0,0.0,0.0,0.0,28.0,42.2,18.7,32.4,-128.7,21.2,0.0,1.0,1.0,1.0,0.0,0.0,1.0,0.0,90.0,90.0,1
2025-04-11 16:07:58,26.19,5.97,3.1,0.7,7.2,0.0,0.0,0.0,0.0,0.0,28.0,42.2,18.7,32.4,-128.7,21.2,0.0,1.0,1.0,1.0,0.0,0.0,1.0,0.0,90.0,90.0,1
2025-04-11 16:07:59,26.21,5.96,3.1,0.7,7.2,0.0,0.0,0.0,0.0,0.0,28.0,42.2,18.7,32.4,-128.7,21.2,0.0,1.0,1.0,1.0,0.0,0.0,1.0,0.0,90.0,90.0,1
2025-04-11 16:08:00,26.21,5.97,3.1,0.7,7.2,0.0,0.0,0.0,0.0,0.0,28.0,42.2,18.7,32.4,-128.7,21.2,0.0,1.0,1.0,1.0,0.0,0.0,1.0,0.0,90.0,90.0,1
2025-04-11 16:08:01,26.21,5.96,3.1,0.7,7.099999,0.0,0.0,0.0,0.0,0.0,28.0,42.2,18.7,32.4,-128.7,21.2,0.0,1.0,1.0,1.0,0.0,0.0,1.0,0.0,90.0,90.0,1
2025-04-11 16:08:02,26.2,5.96,3.1,0.7,7.5,0.0,0.0,0.0,0.0,0.0,28.0,42.2,18.7,32.4,-128.7,21.3,0.0,1.0,1.0,1.0,0.0,0.0,1.0,0.0,90.0,90.0,1
2025-04-11 16:08:03,26.2,5.96,3.1,0.7,7.099999,0.0,0.0,0.0,0.0,0.0,28.0,42.2,18.7,32.4,-128.7,21.2,0.0,1.0,1.0,1.0,0.0,0.0,1.0,0.0,90.0,90.0,1
2025-04-11 16:08:04,26.21,5.96,3.0,0.7,7.9,0.0,0.0,0.0,0.0,0.0,28.0,42.2,18.7,32.4,-128.7,21.3,0.0,1.0,1.0,1.0,0.0,0.0,1.0,0.0,90.0,90.0,1
2025-04-11 16:08:05,26.22,5.97,3.1,0.7,7.5,0.0,0.0,0.0,0.0,0.0,28.0,42.2,18.7,32.4,-128.7,21.2,0.0,1.0,1.0,1.0,0.0,0.0,1.0,0.0,90.0,90.0,1
2025-04-11 16:08:06,26.22,5.95,3.1,0.7,7.3,0.0,0.0,0.0,0.0,0.0,28.0,42.2,18.7,32.4,-128.7,21.2,0.0,1.0,1.0,1.0,0.0,0.0,1.0,0.0,90.0,90.0,1
2025-04-11 16:08:07,26.21,5.96,3.1,0.7,7.599999,0.0,0.0,0.0,0.0,0.0,28.0,42.2,18.7,32.4,-128.7,21.2,0.0,1.0,1.0,1.0,0.0,0.0,1.0,0.0,90.0,90.0,1
2025-04-11 16:08:08,26.21,5.96,3.1,0.7,7.3,0.0,0.0,0.0,0.0,0.0,28.0,42.2,18.7,32.3,-128.7,21.1,0.0,1.0,1.0,1.0,0.0,0.0,1.0,0.0,90.0,90.0,1
2025-04-11 16:08:09,26.19,5.95,3.1,0.7,7.599999,0.0,0.0,0.0,0.0,0.0,28.0,42.2,18.6,32.3,-128.7,21.2,0.0,1.0,1.0,1.0,0.0,0.0,1.0,0.0,90.0,90.0,1
2025-04-11 16:08:10,26.21,5.97,3.1,0.7,7.2,0.0,0.0,0.0,0.0,0.0,28.0,42.2,18.6,32.3,-128.7,21.1,0.0,1.0,1.0,1.0,0.0,0.0,1.0,0.0,90.0,90.0,1
2025-04-11 16:08:11,26.2,5.95,3.1,0.7,7.4,0.0,0.0,0.0,0.0,0.0,28.0,42.2,18.6,32.3,-128.7,21.2,0.0,1.0,1.0,1.0,0.0,0.0,1.0,0.0,90.0,90.0,1
2025-04-11 16:08:12,26.19,5.96,3.1,0.7,7.0,0.0,0.0,0.0,0.0,0.0,28.0,42.2,18.6,32.3,-128.7,21.1,0.0,1.0,1.0,1.0,0.0,0.0,1.0,0.0,90.0,90.0,1
2025-04-11 16:08:13,26.19,5.95,3.1,0.7,7.8,0.0,0.0,0.0,0.0,0.0,28.0,42.2,18.6,32.3,-128.7,21.2,0.0,1.0,1.0,1.0,0.0,0.0,1.0,0.0,90.0,90.0,1
2025-04-11 16:08:14,26.21,5.96,3.1,0.7,7.8,0.0,0.0,0.0,0.0,0.0,28.0,42.2,18.6,32.3,-128.7,21.2,0.0,1.0,1.0,1.0,0.0,0.0,1.0,0.0,90.0,90.0,1
2025-04-11 16:08:15,26.2,5.95,3.1,0.7,8.0,0.0,0.0,0.0,0.0,0.0,28.0,42.2,18.6,32.3,-128.7,21.1,0.0,1.0,1.0,1.0,0.0,0.0,1.0,0.0,90.0,90.0,1
2025-04-11 16:08:16,26.21,5.94,3.1,0.7,8.0,0.0,0.0,0.0,0.0,0.0,28.0,42.2,18.6,32.3,-128.7,21.2,0.0,1.0,1.0,1.0,0.0,0.0,1.0,0.0,90.0,90.0,1
2025-04-11 16:08:17,26.2,5.96,3.1,0.7,7.8,0.0,0.0,0.0,0.0,0.0,28.0,42.2,18.6,32.3,-128.7,21.2,0.0,1.0,1.0,1.0,0.0,0.0,1.0,0.0,90.0,90.0,1
2025-04-11 16:08:18,26.2,5.94,3.1,0.7,7.5,0.0,0.0,0.0,0.0,0.0,28.0,42.2,18.5,32.3,-128.7,21.2,0.0,1.0,1.0,1.0,0.0,0.0,1.0,0.0,90.0,90.0,1
2025-04-11 16:08:19,26.19,5.95,3.1,0.7,7.2,0.0,0.0,0.0,0.0,0.0,28.0,42.2,18.5,32.3,-128.7,21.2,0.0,1.0,1.0,1.0,0.0,0.0,1.0,0.0,90.0,90.0,1
2025-04-11 16:08:20,26.2,5.94,3.1,0.7,7.7,0.0,0.0,0.0,0.0,0.0,28.0,42.2,18.5,32.3,-128.7,21.1,0.0,1.0,1.0,1.0,0.0,0.0,1.0,0.0,90.0,90.0,1
2025-04-11 16:08:21,26.19,5.94,3.1,0.7,6.9,0.0,0.0,0.0,0.0,0.0,28.0,42.2,18.5,32.2,-128.7,21.1,0.0,1.0,1.0,1.0,0.0,0.0,1.0,0.0,90.0,90.0,1
2025-04-11 16:08:22,26.2,5.95,3.1,0.7,7.3,0.0,0.0,0.0,0.0,0.0,28.0,42.2,18.5,32.2,-128.7,21.0,0.0,1.0,1.0,1.0,0.0,0.0,1.0,0.0,90.0,90.0,1
2025-04-11 16:08:23,26.21,5.94,3.1,0.7,7.4,0.0,0.0,0.0,0.0,0.0,28.0,42.2,18.5,32.2,-128.7,21.1,0.0,1.0,1.0,1.0,0.0,0.0,1.0,0.0,90.0,90.0,1
2025-04-11 16:08:24,26.21,5.96,3.1,0.7,7.7,0.0,0.0,0.0,0.0,0.0,28.0,42.2,18.5,32.2,-128.7,21.1,0.0,1.0,1.0,1.0,0.0,0.0,1.0,0.0,90.0,90.0,1
2025-04-11 16:08:25,26.21,5.95,3.1,0.7,7.7,0.0,0.0,0.0,0.0,0.0,28.0,42.2,18.5,32.2,-128.7,21.1,0.0,1.0,1.0,1.0,0.0,0.0,1.0,0.0,90.0,90.0,1
2025-04-11 16:08:26,26.16,5.94,3.1,0.7,7.5,0.0,0.0,0.0,0.0,0.0,28.0,42.2,18.5,32.2,-128.7,21.1,0.0,1.0,1.0,1.0,0.0,0.0,1.0,0.0,90.0,90.0,1
2025-04-11 16:08:27,26.17,5.95,3.1,0.7,7.4,0.0,0.0,0.0,0.0,0.0,28.0,42.2,18.5,32.2,-128.7,21.1,0.0,1.0,1.0,1.0,0.0,0.0,1.0,0.0,90.0,90.0,1
2025-04-11 16:08:28,26.19,5.94,3.1,0.7,7.7,0.0,0.0,0.0,0.0,0.0,28.0,42.2,18.5,32.2,-128.7,21.1,0.0,1.0,1.0,1.0,0.0,0.0,1.0,0.0,90.0,90.0,1
2025-04-11 16:08:29,26.19,5.95,3.1,0.7,7.099999,0.0,0.0,0.0,0.0,0.0,28.0,42.2,18.4,32.2,-128.7,21.1,0.0,1.0,1.0,1.0,0.0,0.0,1.0,0.0,90.0,90.0,1
2025-04-11 16:08:30,26.2,5.94,3.1,0.7,7.3,0.0,0.0,0.0,0.0,0.0,28.0,42.2,18.4,32.2,-128.7,21.1,0.0,1.0,1.0,1.0,0.0,0.0,1.0,0.0,90.0,90.0,1
2025-04-11 16:08:31,26.19,5.94,3.1,0.7,7.3,0.0,0.0,0.0,0.0,0.0,28.0,42.2,18.4,32.2,-128.7,21.1,0.0,1.0,1.0,1.0,0.0,0.0,1.0,0.0,90.0,90.0,1
2025-04-11 16:08:32,26.17,5.94,3.1,0.7,7.5,0.0,0.0,0.0,0.0,0.0,28.0,42.2,18.4,32.2,-128.7,21.1,0.0,1.0,1.0,1.0,0.0,0.0,1.0,0.0,90.0,90.0,1
2025-04-11 16:08:33,26.19,5.95,3.1,0.7,7.7,0.0,0.0,0.0,0.0,0.0,28.0,42.2,18.4,32.2,-128.7,21.1,0.0,1.0,1.0,1.0,0.0,0.0,1.0,0.0,90.0,90.0,1
2025-04-11 16:08:34,26.2,5.95,3.1,0.7,7.8,0.0,0.0,0.0,0.0,0.0,28.0,42.2,18.4,32.2,-128.7,21.1,0.0,1.0,1.0,1.0,0.0,0.0,1.0,0.0,90.0,90.0,1
2025-04-11 16:08:35,26.19,5.94,3.1,0.7,7.4,0.0,0.0,0.0,0.0,0.0,28.0,42.2,18.4,32.2,-128.7,21.1,0.0,1.0,1.0,1.0,0.0,0.0,1.0,0.0,90.0,90.0,1
2025-04-11 16:08:36,26.21,5.95,3.1,0.7,8.099999,0.0,0.0,0.0,0.0,0.0,28.0,42.2,18.4,32.1,-128.7,21.0,0.0,1.0,1.0,1.0,0.0,0.0,1.0,0.0,90.0,90.0,1
2025-04-11 16:08:37,26.21,5.94,3.1,0.7,7.4,0.0,0.0,0.0,0.0,0.0,28.0,42.2,18.4,32.1,-128.7,21.0,0.0,1.0,1.0,1.0,0.0,0.0,1.0,0.0,90.0,90.0,1
2025-04-11 16:08:38,26.21,5.95,3.1,0.7,7.4,0.0,0.0,0.0,0.0,0.0,28.0,42.2,18.4,32.1,-128.7,21.0,0.0,1.0,1.0,1.0,0.0,0.0,1.0,0.0,90.0,90.0,1
2025-04-11 16:08:39,26.22,5.94,3.1,0.7,7.4,0.0,0.0,0.0,0.0,0.0,28.0,42.2,18.4,32.1,-128.7,21.0,0.0,1.0,1.0,1.0,0.0,0.0,1.0,0.0,90.0,90.0,1
2025-04-11 16:08:40,26.21,5.96,3.1,0.7,7.3,0.0,0.0,0.0,0.0,0.0,28.0,42.2,18.4,32.1,-128.7,21.0,0.0,1.0,1.0,1.0,0.0,0.0,1.0,0.0,90.0,90.0,1
2025-04-11 16:08:41,26.21,5.94,3.1,0.7,8.099999,0.0,0.0,0.0,0.0,0.0,28.0,42.2,18.4,32.1,-128.7,21.0,0.0,1.0,1.0,1.0,0.0,0.0,1.0,0.0,90.0,90.0,1
2025-04-11 16:08:42,26.21,5.95,3.1,0.7,7.8,0.0,0.0,0.0,0.0,0.0,28.0,42.2,18.4,32.1,-128.7,21.0,0.0,1.0,1.0,1.0,0.0,0.0,1.0,0.0,90.0,90.0,1
2025-04-11 16:08:43,26.2,5.94,3.1,0.7,7.599999,0.0,0.0,0.0,0.0,0.0,28.0,42.2,18.4,32.1,-128.7,21.0,0.0,1.0,1.0,1.0,0.0,0.0,1.0,0.0,90.0,90.0,1
2025-04-11 16:08:44,26.2,5.95,3.1,0.7,7.7,0.0,0.0,0.0,0.0,0.0,28.0,42.2,18.3,32.1,-128.7,21.0,0.0,1.0,1.0,1.0,0.0,0.0,1.0,0.0,90.0,90.0,1
2025-04-11 16:08:45,26.21,5.94,3.1,0.7,7.099999,0.0,0.0,0.0,0.0,0.0,28.0,42.2,18.3,32.1,-128.7,21.0,0.0,1.0,1.0,1.0,0.0,0.0,1.0,0.0,90.0,90.0,1
2025-04-11 16:08:46,26.2,5.95,3.1,0.7,7.599999,0.0,0.0,0.0,0.0,0.0,28.0,42.2,18.3,32.1,-128.7,21.0,0.0,1.0,1.0,1.0,0.0,0.0,1.0,0.0,90.0,90.0,1
2025-04-11 16:08:47,26.21,5.96,3.1,0.7,7.0,0.0,0.0,0.0,0.0,0.0,28.0,42.2,18.3,32.1,-128.7,20.9,0.0,1.0,1.0,1.0,0.0,0.0,1.0,0.0,90.0,90.0,1
2025-04-11 16:08:48,26.21,5.96,3.1,0.7,7.099999,0.0,0.0,0.0,0.0,0.0,28.0,42.2,18.3,32.1,-128.7,21.0,0.0,1.0,1.0,1.0,0.0,0.0,1.0,0.0,90.0,90.0,1
2025-04-11 16:08:49,26.21,5.95,3.1,0.7,6.7,0.0,0.0,0.0,0.0,0.0,28.0,42.2,18.3,32.1,-128.7,21.0,0.0,1.0,1.0,1.0,0.0,0.0,1.0,0.0,90.0,90.0,1
2025-04-11 16:08:50,26.19,5.96,3.1,0.7,7.099999,0.0,0.0,0.0,0.0,0.0,28.0,42.2,18.3,32.1,-128.7,21.0,0.0,1.0,1.0,1.0,0.0,0.0,1.0,0.0,90.0,90.0,1
2025-04-11 16:08:51,26.19,5.94,3.1,0.7,7.0,0.0,0.0,0.0,0.0,0.0,28.0,42.2,18.3,32.1,-128.7,20.9,0.0,1.0,1.0,1.0,0.0,0.0,1.0,0.0,90.0,90.0,1
2025-04-11 16:08:52,26.2,5.95,3.1,0.7,6.8,0.0,0.0,0.0,0.0,0.0,28.0,42.2,18.3,32.1,-128.7,21.0,0.0,1.0,1.0,1.0,0.0,0.0,1.0,0.0,90.0,90.0,1
2025-04-11 16:08:53,26.21,5.94,3.1,0.7,7.7,0.0,0.0,0.0,0.0,0.0,28.0,42.2,18.3,32.0,-128.7,20.8,0.0,1.0,1.0,1.0,0.0,0.0,1.0,0.0,90.0,90.0,1
2025-04-11 16:08:54,26.21,5.96,3.1,0.7,7.2,0.0,0.0,0.0,0.0,0.0,28.0,42.2,18.3,32.0,-128.7,20.9,0.0,1.0,1.0,1.0,0.0,0.0,1.0,0.0,90.0,90.0,1
2025-04-11 16:08:55,26.21,5.95,3.1,0.7,7.8,0.0,0.0,0.0,0.0,0.0,28.0,42.2,18.3,32.0,-128.7,20.9,0.0,1.0,1.0,1.0,0.0,0.0,1.0,0.0,90.0,90.0,1
2025-04-11 16:08:56,26.2,5.94,3.1,0.7,7.2,0.0,0.0,0.0,0.0,0.0,28.0,42.2,18.3,32.0,-128.7,20.9,0.0,1.0,1.0,1.0,0.0,0.0,1.0,0.0,90.0,90.0,1
2025-04-11 16:08:57,26.2,5.95,3.1,0.7,7.4,0.0,0.0,0.0,0.0,0.0,28.0,42.2,18.3,32.0,-128.7,20.9,0.0,1.0,1.0,1.0,0.0,0.0,1.0,0.0,90.0,90.0,1
2025-04-11 16:08:58,26.2,5.95,3.1,0.7,7.599999,0.0,0.0,0.0,0.0,0.0,28.0,42.2,18.3,32.0,-128.7,20.9,0.0,1.0,1.0,1.0,0.0,0.0,1.0,0.0,90.0,90.0,1
2025-04-11 16:08:59,26.2,5.94,3.1,0.7,7.099999,0.0,0.0,0.0,0.0,0.0,28.0,42.2,18.3,32.0,-128.7,20.8,0.0,1.0,1.0,1.0,0.0,0.0,1.0,0.0,90.0,90.0,1
2025-04-11 16:09:00,26.2,5.94,3.1,0.7,7.7,0.0,0.0,0.0,0.0,0.0,28.0,42.2,18.3,32.0,-128.7,20.9,0.0,1.0,1.0,1.0,0.0,0.0,1.0,0.0,90.0,90.0,1
2025-04-11 16:09:01,26.17,5.94,3.1,0.7,7.8,0.0,0.0,0.0,0.0,0.0,28.0,42.2,18.3,32.0,-128.7,20.8,0.0,1.0,1.0,1.0,0.0,0.0,1.0,0.0,90.0,90.0,1
2025-04-11 16:09:02,26.2,5.95,3.1,0.7,7.2,0.0,0.0,0.0,0.0,0.0,28.0,42.2,18.3,32.0,-128.7,20.9,0.0,1.0,1.0,1.0,0.0,0.0,1.0,0.0,90.0,90.0,1
2025-04-11 16:09:03,26.2,5.95,3.1,0.7,7.7,0.0,0.0,0.0,0.0,0.0,28.0,42.2,18.3,32.0,-128.7,20.9,0.0,1.0,1.0,1.0,0.0,0.0,1.0,0.0,90.0,90.0,1
2025-04-11 16:09:04,26.2,5.95,3.1,0.7,7.2,0.0,0.0,0.0,0.0,0.0,28.0,42.2,18.3,32.0,-128.7,20.9,0.0,1.0,1.0,1.0,0.0,0.0,1.0,0.0,90.0,90.0,1
2025-04-11 16:09:05,26.19,5.96,3.1,0.7,7.8,0.0,0.0,0.0,0.0,0.0,28.0,42.2,18.2,32.0,-128.7,20.8,0.0,1.0,1.0,1.0,0.0,0.0,1.0,0.0,90.0,90.0,1
2025-04-11 16:09:06,26.19,5.95,3.1,0.7,7.099999,0.0,0.0,0.0,0.0,0.0,28.0,42.2,18.2,32.0,-128.7,20.9,0.0,1.0,1.0,1.0,0.0,0.0,1.0,0.0,90.0,90.0,1
2025-04-11 16:09:07,26.19,5.95,3.1,0.7,7.9,0.0,0.0,0.0,0.0,0.0,28.0,42.2,18.2,32.0,-128.7,20.8,0.0,1.0,1.0,1.0,0.0,0.0,1.0,0.0,90.0,90.0,1
2025-04-11 16:09:08,26.21,5.94,3.1,0.7,7.2,0.0,0.0,0.0,0.0,0.0,28.0,42.2,18.2,32.0,-128.7,20.9,0.0,1.0,1.0,1.0,0.0,0.0,1.0,0.0,90.0,90.0,1
2025-04-11 16:09:09,26.22,5.95,3.1,0.7,7.5,0.0,0.0,0.0,0.0,0.0,28.0,42.2,18.2,32.0,-128.7,20.8,0.0,1.0,1.0,1.0,0.0,0.0,1.0,0.0,90.0,90.0,1
2025-04-11 16:09:10,26.21,5.96,3.1,0.7,7.2,0.0,0.0,0.0,0.0,0.0,28.0,42.2,18.2,32.0,-128.7,20.9,0.0,1.0,1.0,1.0,0.0,0.0,1.0,0.0,90.0,90.0,1
2025-04-11 16:09:11,26.23,5.95,3.1,0.7,7.0,0.0,0.0,0.0,0.0,0.0,28.0,42.2,18.2,32.0,-128.7,20.8,0.0,1.0,1.0,1.0,0.0,0.0,1.0,0.0,90.0,90.0,1
2025-04-11 16:09:12,26.23,5.96,3.1,0.7,7.4,0.0,0.0,0.0,0.0,0.0,28.0,42.2,18.2,32.0,-128.7,20.9,0.0,1.0,1.0,1.0,0.0,0.0,1.0,0.0,90.0,90.0,1
2025-04-11 16:09:13,26.23,5.96,3.1,0.7,7.5,0.0,0.0,0.0,0.0,0.0,28.0,42.2,18.2,32.0,-128.7,20.8,0.0,1.0,1.0,1.0,0.0,0.0,1.0,0.0,90.0,90.0,1
2025-04-11 16:09:14,26.22,5.95,3.1,0.7,7.7,0.0,0.0,0.0,0.0,0.0,28.0,42.2,18.2,31.9,-128.7,20.8,0.0,1.0,1.0,1.0,0.0,0.0,1.0,0.0,90.0,90.0,1
2025-04-11 16:09:15,26.22,5.96,3.1,0.7,7.4,0.0,0.0,0.0,0.0,0.0,28.0,42.2,18.2,31.9,-128.7,20.7,0.0,1.0,1.0,1.0,0.0,0.0,1.0,0.0,90.0,90.0,1
2025-04-11 16:09:16,26.23,5.95,3.1,0.7,7.4,0.0,0.0,0.0,0.0,0.0,28.0,42.2,18.2,31.9,-128.7,20.7,0.0,1.0,1.0,1.0,0.0,0.0,1.0,0.0,90.0,90.0,1
2025-04-11 16:09:17,26.26,5.96,3.1,0.7,7.8,0.0,0.0,0.0,0.0,0.0,28.0,42.2,18.2,31.9,-128.7,20.7,0.0,1.0,1.0,1.0,0.0,0.0,1.0,0.0,90.0,90.0,1
2025-04-11 16:09:18,26.25,5.95,3.1,0.7,7.2,0.0,0.0,0.0,0.0,0.0,28.0,42.2,18.2,31.9,-128.7,20.8,0.0,1.0,1.0,1.0,0.0,0.0,1.0,0.0,90.0,90.0,1
2025-04-11 16:09:19,26.23,5.96,3.1,0.7,7.3,0.0,0.0,0.0,0.0,0.0,28.0,42.2,18.2,31.9,-128.7,20.7,0.0,1.0,1.0,1.0,0.0,0.0,1.0,0.0,90.0,90.0,1
2025-04-11 16:09:20,26.21,5.96,3.1,0.7,7.7,0.0,0.0,0.0,0.0,0.0,28.0,42.2,18.2,31.9,-128.7,20.8,0.0,1.0,1.0,1.0,0.0,0.0,1.0,0.0,90.0,90.0,1
2025-04-11 16:09:21,26.26,5.97,3.1,0.7,7.9,0.0,0.0,0.0,0.0,0.0,28.0,42.2,18.2,31.9,-128.7,20.7,0.0,1.0,1.0,1.0,0.0,0.0,1.0,0.0,90.0,90.0,1
2025-04-11 16:09:22,26.25,5.96,3.1,0.7,7.599999,0.0,0.0,0.0,0.0,0.0,28.0,42.2,18.2,31.9,-128.7,20.7,0.0,1.0,1.0,1.0,0.0,0.0,1.0,0.0,90.0,90.0,1
2025-04-11 16:09:23,26.23,5.97,3.1,0.7,7.7,0.0,0.0,0.0,0.0,0.0,28.0,42.2,18.2,31.9,-128.7,20.7,0.0,1.0,1.0,1.0,0.0,0.0,1.0,0.0,90.0,90.0,1
2025-04-11 16:09:24,26.23,5.96,3.1,0.7,7.0,0.0,0.0,0.0,0.0,0.0,28.0,42.2,18.2,31.9,-128.7,20.7,0.0,1.0,1.0,1.0,0.0,0.0,1.0,0.0,90.0,90.0,1
2025-04-11 16:09:25,26.23,5.97,3.1,0.7,7.7,0.0,0.0,0.0,0.0,0.0,28.0,42.2,18.2,31.9,-128.7,20.7,0.0,1.0,1.0,1.0,0.0,0.0,1.0,0.0,90.0,90.0,1
2025-04-11 16:09:26,26.21,5.96,3.1,0.7,7.599999,0.0,0.0,0.0,0.0,0.0,28.0,42.2,18.2,31.9,-128.7,20.7,0.0,1.0,1.0,1.0,0.0,0.0,1.0,0.0,90.0,90.0,1
2025-04-11 16:09:27,26.25,5.97,3.1,0.7,8.0,0.0,0.0,0.0,0.0,0.0,28.0,42.2,18.2,31.9,-128.7,20.7,0.0,1.0,1.0,1.0,0.0,0.0,1.0,0.0,90.0,90.0,1
2025-04-11 16:09:28,26.22,5.97,3.1,0.7,7.7,0.0,0.0,0.0,0.0,0.0,28.0,42.2,18.2,31.9,-128.7,20.7,0.0,1.0,1.0,1.0,0.0,0.0,1.0,0.0,90.0,90.0,1
2025-04-11 16:09:29,26.22,5.97,3.1,0.7,7.099999,0.0,0.0,0.0,0.0,0.0,28.0,42.2,18.2,31.9,-128.7,20.7,0.0,1.0,1.0,1.0,0.0,0.0,1.0,0.0,90.0,90.0,1
2025-04-11 16:09:30,26.23,5.96,3.0,0.7,7.2,0.0,0.0,0.0,0.0,0.0,28.0,42.2,18.2,31.9,-128.7,20.7,0.0,1.0,1.0,1.0,0.0,0.0,1.0,0.0,90.0,90.0,1
2025-04-11 16:09:31,26.23,5.97,3.1,0.7,7.7,0.0,0.0,0.0,0.0,0.0,28.0,42.2,18.2,31.9,-128.7,20.7,0.0,1.0,1.0,1.0,0.0,0.0,1.0,0.0,90.0,90.0,1
2025-04-11 16:09:32,26.23,5.96,3.1,0.7,8.0,0.0,0.0,0.0,0.0,0.0,28.0,42.2,18.2,31.9,-128.7,20.7,0.0,1.0,1.0,1.0,0.0,0.0,1.0,0.0,90.0,90.0,1
2025-04-11 16:09:33,26.23,5.97,3.1,0.7,7.9,0.0,0.0,0.0,0.0,0.0,28.0,42.2,18.2,31.9,-128.7,20.7,0.0,1.0,1.0,1.0,0.0,0.0,1.0,0.0,90.0,90.0,1
2025-04-11 16:09:34,26.21,5.96,3.1,0.7,7.8,0.0,0.0,0.0,0.0,0.0,28.0,42.2,18.2,31.9,-128.7,20.7,0.0,1.0,1.0,1.0,0.0,0.0,1.0,0.0,90.0,90.0,1
2025-04-11 16:09:35,26.2,5.97,3.1,0.7,6.8,0.0,0.0,0.0,0.0,0.0,28.0,42.2,18.2,31.9,-128.7,20.7,0.0,1.0,1.0,1.0,0.0,0.0,1.0,0.0,90.0,90.0,1
2025-04-11 16:09:36,26.23,5.97,3.1,0.7,7.4,0.0,0.0,0.0,0.0,0.0,28.0,42.2,18.2,31.9,-128.7,20.7,0.0,1.0,1.0,1.0,0.0,0.0,1.0,0.0,90.0,90.0,1
2025-04-11 16:09:37,26.22,5.97,3.1,0.7,7.099999,0.0,0.0,0.0,0.0,0.0,28.0,42.2,18.2,31.9,-128.7,20.7,0.0,1.0,1.0,1.0,0.0,0.0,1.0,0.0,90.0,90.0,1
2025-04-11 16:09:38,26.23,5.96,3.1,0.7,7.8,0.0,0.0,0.0,0.0,0.0,28.0,42.2,18.2,31.9,-128.7,20.7,0.0,1.0,1.0,1.0,0.0,0.0,1.0,0.0,90.0,90.0,1
2025-04-11 16:09:39,26.23,5.98,3.1,0.7,7.8,0.0,0.0,0.0,0.0,0.0,28.0,42.3,18.2,31.9,-128.7,20.7,0.0,1.0,1.0,1.0,0.0,0.0,1.0,0.0,90.0,90.0,1
2025-04-11 16:09:40,26.22,5.96,3.1,0.7,7.0,0.0,0.0,0.0,0.0,0.0,28.0,42.3,18.2,31.9,-128.7,20.7,0.0,1.0,1.0,1.0,0.0,0.0,1.0,0.0,90.0,90.0,1
2025-04-11 16:09:41,26.25,5.97,3.1,0.7,7.3,0.0,0.0,0.0,0.0,0.0,28.0,42.3,18.2,31.9,-128.7,20.7,0.0,1.0,1.0,1.0,0.0,0.0,1.0,0.0,90.0,90.0,1
2025-04-11 16:09:42,26.23,5.97,3.1,0.7,7.4,0.0,0.0,0.0,0.0,0.0,28.0,42.3,18.1,31.9,-128.7,20.7,0.0,1.0,1.0,1.0,0.0,0.0,1.0,0.0,90.0,90.0,1
2025-04-11 16:09:43,26.22,5.97,3.1,0.7,7.7,0.0,0.0,0.0,0.0,0.0,28.0,42.3,18.1,31.9,-128.7,20.7,0.0,1.0,1.0,1.0,0.0,0.0,1.0,0.0,90.0,90.0,1
2025-04-11 16:09:44,26.22,5.97,3.1,0.7,7.5,0.0,0.0,0.0,0.0,0.0,28.0,42.3,18.1,31.9,-128.7,20.7,0.0,1.0,1.0,1.0,0.0,0.0,1.0,0.0,90.0,90.0,1
2025-04-11 16:09:45,26.22,5.97,3.1,0.7,7.4,0.0,0.0,0.0,0.0,0.0,28.0,42.3,18.1,31.9,-128.7,20.7,0.0,1.0,1.0,1.0,0.0,0.0,1.0,0.0,90.0,90.0,1
2025-04-11 16:09:46,26.23,5.96,3.1,0.7,8.0,0.0,0.0,0.0,0.0,0.0,28.0,42.3,18.1,31.9,-128.7,20.7,0.0,1.0,1.0,1.0,0.0,0.0,1.0,0.0,90.0,90.0,1
2025-04-11 16:09:47,26.23,5.97,3.0,0.7,6.8,0.0,0.0,0.0,0.0,0.0,28.0,42.3,18.1,31.9,-128.7,20.7,0.0,1.0,1.0,1.0,0.0,0.0,1.0,0.0,90.0,90.0,1
2025-04-11 16:09:48,26.23,5.96,3.1,0.7,7.3,0.0,0.0,0.0,0.0,0.0,28.0,42.3,18.1,31.9,-128.7,20.7,0.0,1.0,1.0,1.0,0.0,0.0,1.0,0.0,90.0,90.0,1
2025-04-11 16:09:49,26.21,5.97,3.1,0.7,8.099999,0.0,0.0,0.0,0.0,0.0,28.0,42.3,18.1,31.9,-128.7,20.7,0.0,1.0,1.0,1.0,0.0,0.0,1.0,0.0,90.0,90.0,1
2025-04-11 16:09:50,26.22,5.97,3.1,0.7,7.7,0.0,0.0,0.0,0.0,0.0,28.0,42.3,18.1,31.9,-128.7,20.7,0.0,1.0,1.0,1.0,0.0,0.0,1.0,0.0,90.0,90.0,1
2025-04-11 16:09:51,26.22,5.97,3.1,0.7,7.3,0.0,0.0,0.0,0.0,0.0,28.0,42.3,18.1,31.9,-128.7,20.7,0.0,1.0,1.0,1.0,0.0,0.0,1.0,0.0,90.0,90.0,1
2025-04-11 16:09:52,26.22,5.97,3.1,0.7,7.3,0.0,0.0,0.0,0.0,0.0,28.0,42.3,18.1,31.9,-128.7,20.7,0.0,1.0,1.0,1.0,0.0,0.0,1.0,0.0,90.0,90.0,1
2025-04-11 16:09:53,26.22,5.96,3.1,0.7,7.2,0.0,0.0,0.0,0.0,0.0,28.0,42.3,18.1,31.9,-128.7,20.7,0.0,1.0,1.0,1.0,0.0,0.0,1.0,0.0,90.0,90.0,1
2025-04-11 16:09:54,26.22,5.97,3.1,0.7,7.8,0.0,0.0,0.0,0.0,0.0,28.0,42.3,18.1,31.9,-128.7,20.7,0.0,1.0,1.0,1.0,0.0,0.0,1.0,0.0,90.0,90.0,1
2025-04-11 16:09:55,26.23,5.97,3.1,0.7,7.099999,0.0,0.0,0.0,0.0,0.0,28.0,42.3,18.1,31.8,-128.7,20.6,0.0,1.0,1.0,1.0,0.0,0.0,1.0,0.0,90.0,90.0,1
2025-04-11 16:09:56,26.21,5.97,3.1,0.7,7.7,0.0,0.0,0.0,0.0,0.0,28.0,42.3,18.1,31.8,-128.7,20.6,0.0,1.0,1.0,1.0,0.0,0.0,1.0,0.0,90.0,90.0,1
2025-04-11 16:09:57,26.2,5.97,3.1,0.7,7.7,0.0,0.0,0.0,0.0,0.0,28.0,42.3,18.1,31.8,-128.7,20.6,0.0,1.0,1.0,1.0,0.0,0.0,1.0,0.0,90.0,90.0,1
2025-04-11 16:09:58,26.21,5.97,3.1,0.7,7.4,0.0,0.0,0.0,0.0,0.0,28.0,42.3,18.1,31.8,-128.7,20.6,0.0,1.0,1.0,1.0,0.0,0.0,1.0,0.0,90.0,90.0,1
2025-04-11 16:09:59,26.22,5.96,3.1,0.7,8.0,0.0,0.0,0.0,0.0,0.0,28.0,42.3,18.1,31.8,-128.7,20.6,0.0,1.0,1.0,1.0,0.0,0.0,1.0,0.0,90.0,90.0,1
2025-04-11 16:10:00,26.21,5.97,3.1,0.7,7.2,0.0,0.0,0.0,0.0,0.0,28.0,42.3,18.1,31.8,-128.7,20.6,0.0,1.0,1.0,1.0,0.0,0.0,1.0,0.0,90.0,90.0,1
2025-04-11 16:10:01,26.21,5.96,3.0,0.7,7.3,0.0,0.0,0.0,0.0,0.0,28.0,42.3,18.1,31.8,-128.7,20.6,0.0,1.0,1.0,1.0,0.0,0.0,1.0,0.0,90.0,90.0,1
2025-04-11 16:10:02,26.2,5.96,3.1,0.7,7.5,0.0,0.0,0.0,0.0,0.0,28.0,42.3,18.2,31.8,-128.7,20.6,0.0,1.0,1.0,1.0,0.0,0.0,1.0,0.0,90.0,90.0,1
2025-04-11 16:10:03,26.2,5.96,3.1,0.7,7.4,0.0,0.0,0.0,0.0,0.0,28.0,42.3,18.2,31.8,-128.7,20.6,0.0,1.0,1.0,1.0,0.0,0.0,1.0,0.0,90.0,90.0,1
2025-04-11 16:10:04,26.21,5.97,3.1,0.7,7.599999,0.0,0.0,0.0,0.0,0.0,28.0,42.3,18.2,31.8,-128.7,20.6,0.0,1.0,1.0,1.0,0.0,0.0,1.0,0.0,90.0,90.0,1
2025-04-11 16:10:05,26.22,5.96,3.0,0.7,7.2,0.0,0.0,0.0,0.0,0.0,28.0,42.3,18.2,31.8,-128.7,20.6,0.0,1.0,1.0,1.0,0.0,0.0,1.0,0.0,90.0,90.0,1
2025-04-11 16:10:06,26.2,5.96,3.1,0.7,7.8,0.0,0.0,0.0,0.0,0.0,28.0,42.3,18.2,31.8,-128.7,20.6,0.0,1.0,1.0,1.0,0.0,0.0,1.0,0.0,90.0,90.0,1
2025-04-11 16:10:07,26.21,5.97,3.0,0.7,7.9,0.0,0.0,0.0,0.0,0.0,28.0,42.3,18.2,31.8,-128.7,20.6,0.0,1.0,1.0,1.0,0.0,0.0,1.0,0.0,90.0,90.0,1
2025-04-11 16:10:08,26.2,5.95,3.1,0.7,7.7,0.0,0.0,0.0,0.0,0.0,28.0,42.3,18.2,31.8,-128.7,20.6,0.0,1.0,1.0,1.0,0.0,0.0,1.0,0.0,90.0,90.0,1
2025-04-11 16:10:09,26.2,5.97,3.1,0.7,7.599999,0.0,0.0,0.0,0.0,0.0,28.0,42.3,18.2,31.8,-128.7,20.6,0.0,1.0,1.0,1.0,0.0,0.0,1.0,0.0,90.0,90.0,1
2025-04-11 16:10:10,26.2,5.96,3.1,0.7,7.099999,0.0,0.0,0.0,0.0,0.0,28.0,42.3,18.2,31.8,-128.7,20.6,0.0,1.0,1.0,1.0,0.0,0.0,1.0,0.0,90.0,90.0,1
2025-04-11 16:10:11,26.2,5.96,3.1,0.7,7.4,0.0,0.0,0.0,0.0,0.0,28.0,42.3,18.2,31.8,-128.7,20.7,0.0,1.0,1.0,1.0,0.0,0.0,1.0,0.0,90.0,90.0,1
2025-04-11 16:10:12,26.19,5.96,3.1,0.7,7.3,0.0,0.0,0.0,0.0,0.0,28.0,42.3,18.2,31.8,-128.7,20.6,0.0,1.0,1.0,1.0,0.0,0.0,1.0,0.0,90.0,90.0,1
2025-04-11 16:10:13,26.2,5.95,3.1,0.7,7.4,0.0,0.0,0.0,0.0,0.0,28.0,42.3,18.2,31.8,-128.7,20.6,0.0,1.0,1.0,1.0,0.0,0.0,1.0,0.0,90.0,90.0,1
2025-04-11 16:10:14,26.2,5.96,3.1,0.7,7.3,0.0,0.0,0.0,0.0,0.0,28.0,42.3,18.2,31.8,-128.7,20.6,0.0,1.0,1.0,1.0,0.0,0.0,1.0,0.0,90.0,90.0,1
2025-04-11 16:10:15,26.2,5.95,3.1,0.7,8.0,0.0,0.0,0.0,0.0,0.0,28.0,42.3,18.2,31.8,-128.7,20.7,0.0,1.0,1.0,1.0,0.0,0.0,1.0,0.0,90.0,90.0,1
2025-04-11 16:10:16,26.19,5.96,3.1,0.7,7.4,0.0,0.0,0.0,0.0,0.0,28.0,42.3,18.2,31.8,-128.7,20.7,0.0,1.0,1.0,1.0,0.0,0.0,1.0,0.0,90.0,90.0,1
2025-04-11 16:10:17,26.17,5.96,3.1,0.7,7.9,0.0,0.0,0.0,0.0,0.0,28.0,42.2,18.2,31.8,-128.7,20.6,0.0,1.0,1.0,1.0,0.0,0.0,1.0,0.0,90.0,90.0,1
2025-04-11 16:10:18,26.16,5.96,3.1,0.7,7.7,0.0,0.0,0.0,0.0,0.0,28.0,42.2,18.2,31.8,-128.7,20.7,0.0,1.0,1.0,1.0,0.0,0.0,1.0,0.0,90.0,90.0,1
2025-04-11 16:10:19,26.17,5.96,3.1,0.7,7.2,0.0,0.0,0.0,0.0,0.0,28.0,42.2,18.2,31.8,-128.7,20.6,0.0,1.0,1.0,1.0,0.0,0.0,1.0,0.0,90.0,90.0,1
2025-04-11 16:10:20,26.2,5.94,3.1,0.7,7.4,0.0,0.0,0.0,0.0,0.0,28.0,42.2,18.2,31.8,-128.7,20.7,0.0,1.0,1.0,1.0,0.0,0.0,1.0,0.0,90.0,90.0,1
2025-04-11 16:10:21,26.2,5.97,3.1,0.7,7.3,0.0,0.0,0.0,0.0,0.0,28.0,42.2,18.2,31.8,-128.7,20.6,0.0,1.0,1.0,1.0,0.0,0.0,1.0,0.0,90.0,90.0,1
2025-04-11 16:10:22,26.17,5.94,3.1,0.7,7.099999,0.0,0.0,0.0,0.0,0.0,28.0,42.2,18.2,31.8,-128.7,20.7,0.0,1.0,1.0,1.0,0.0,0.0,1.0,0.0,90.0,90.0,1
2025-04-11 16:10:23,26.16,5.96,3.1,0.7,7.599999,0.0,0.0,0.0,0.0,0.0,28.0,42.2,18.2,31.8,-128.7,20.7,0.0,1.0,1.0,1.0,0.0,0.0,1.0,0.0,90.0,90.0,1
2025-04-11 16:10:24,26.15,5.96,3.1,0.7,7.5,0.0,0.0,0.0,0.0,0.0,28.0,42.2,18.2,31.8,-128.7,20.7,0.0,1.0,1.0,1.0,0.0,0.0,1.0,0.0,90.0,90.0,1
2025-04-11 16:10:25,26.17,5.96,3.1,0.7,6.9,0.0,0.0,0.0,0.0,0.0,28.0,42.2,18.2,31.8,-128.7,20.7,0.0,1.0,1.0,1.0,0.0,0.0,1.0,0.0,90.0,90.0,1
2025-04-11 16:10:26,26.15,5.96,3.1,0.7,7.9,0.0,0.0,0.0,0.0,0.0,28.0,42.2,18.2,31.8,-128.7,20.6,0.0,1.0,1.0,1.0,0.0,0.0,1.0,0.0,90.0,90.0,1
2025-04-11 16:10:27,26.16,5.95,3.1,0.7,7.7,0.0,0.0,0.0,0.0,0.0,28.0,42.2,18.2,31.8,-128.7,20.7,0.0,1.0,1.0,1.0,0.0,0.0,1.0,0.0,90.0,90.0,1
2025-04-11 16:10:28,26.15,5.97,3.1,0.7,7.099999,0.0,0.0,0.0,0.0,0.0,28.0,42.2,18.2,31.9,-128.7,20.7,0.0,1.0,1.0,1.0,0.0,0.0,1.0,0.0,90.0,90.0,1
2025-04-11 16:10:29,26.16,5.94,3.1,0.7,7.599999,0.0,0.0,0.0,0.0,0.0,28.0,42.2,18.2,31.9,-128.7,20.8,0.0,1.0,1.0,1.0,0.0,0.0,1.0,0.0,90.0,90.0,1
2025-04-11 16:10:30,26.17,5.95,3.1,0.7,7.8,0.0,0.0,0.0,0.0,0.0,28.0,42.2,18.3,31.9,-128.7,20.8,0.0,1.0,1.0,1.0,0.0,0.0,1.0,0.0,90.0,90.0,1
2025-04-11 16:10:31,26.19,5.95,3.1,0.7,7.099999,0.0,0.0,0.0,0.0,0.0,28.0,42.2,18.3,31.9,-128.7,20.8,0.0,1.0,1.0,1.0,0.0,0.0,1.0,0.0,90.0,90.0,1
2025-04-11 16:10:32,26.17,5.95,3.1,0.7,7.5,0.0,0.0,0.0,0.0,0.0,28.0,42.2,18.3,31.9,-128.7,20.8,0.0,1.0,1.0,1.0,0.0,0.0,1.0,0.0,90.0,90.0,1
2025-04-11 16:10:33,26.19,5.96,3.1,0.7,7.8,0.0,0.0,0.0,0.0,0.0,28.0,42.2,18.3,31.9,-128.7,20.7,0.0,1.0,1.0,1.0,0.0,0.0,1.0,0.0,90.0,90.0,1
2025-04-11 16:10:34,26.17,5.95,3.1,0.7,6.8,0.0,0.0,0.0,0.0,0.0,28.0,42.2,18.3,31.9,-128.7,20.8,0.0,1.0,1.0,1.0,0.0,0.0,1.0,0.0,90.0,90.0,1
2025-04-11 16:10:35,26.2,5.96,3.1,0.7,7.4,0.0,0.0,0.0,0.0,0.0,28.0,42.2,18.3,31.9,-128.7,20.7,0.0,1.0,1.0,1.0,0.0,0.0,1.0,0.0,90.0,90.0,1
2025-04-11 16:10:36,26.19,5.95,3.1,0.7,7.2,0.0,0.0,0.0,0.0,0.0,28.0,42.2,18.3,31.9,-128.7,20.8,0.0,1.0,1.0,1.0,0.0,0.0,1.0,0.0,90.0,90.0,1
2025-04-11 16:10:37,26.17,5.96,3.1,0.7,7.4,0.0,0.0,0.0,0.0,0.0,28.0,42.3,18.3,31.9,-128.7,20.8,0.0,1.0,1.0,1.0,0.0,0.0,1.0,0.0,90.0,90.0,1
2025-04-11 16:10:38,26.17,5.95,3.1,0.7,7.7,0.0,0.0,0.0,0.0,0.0,28.0,42.3,18.3,31.9,-128.7,20.7,0.0,1.0,1.0,1.0,0.0,0.0,1.0,0.0,90.0,90.0,1
2025-04-11 16:10:39,26.19,5.95,3.1,0.7,7.3,0.0,0.0,0.0,0.0,0.0,28.0,42.3,18.3,31.9,-128.7,20.8,0.0,1.0,1.0,1.0,0.0,0.0,1.0,0.0,90.0,90.0,1
2025-04-11 16:10:40,26.2,5.96,3.1,0.7,7.7,0.0,0.0,0.0,0.0,0.0,28.0,42.3,18.3,31.9,-128.7,20.7,0.0,1.0,1.0,1.0,0.0,0.0,1.0,0.0,90.0,90.0,1
2025-04-11 16:10:41,26.19,5.94,3.1,0.7,7.3,0.0,0.0,0.0,0.0,0.0,28.0,42.3,18.3,31.9,-128.7,20.8,0.0,1.0,1.0,1.0,0.0,0.0,1.0,0.0,90.0,90.0,1
2025-04-11 16:10:42,26.16,5.96,3.1,0.7,7.0,0.0,0.0,0.0,0.0,0.0,28.0,42.3,18.3,31.9,-128.7,20.7,0.0,1.0,1.0,1.0,0.0,0.0,1.0,0.0,90.0,90.0,1
2025-04-11 16:10:43,26.17,5.95,3.1,0.7,7.599999,0.0,0.0,0.0,0.0,0.0,28.0,42.3,18.4,31.9,-128.7,20.8,0.0,1.0,1.0,1.0,0.0,0.0,1.0,0.0,90.0,90.0,1
2025-04-11 16:10:44,26.16,5.97,3.1,0.7,7.7,0.0,0.0,0.0,0.0,0.0,28.0,42.3,18.4,31.9,-128.7,20.8,0.0,1.0,1.0,1.0,0.0,0.0,1.0,0.0,90.0,90.0,1
2025-04-11 16:10:45,26.17,5.96,3.1,0.7,7.4,0.0,0.0,0.0,0.0,0.0,28.0,42.3,18.4,31.9,-128.7,20.7,0.0,1.0,1.0,1.0,0.0,0.0,1.0,0.0,90.0,90.0,1
2025-04-11 16:10:46,26.17,5.95,3.1,0.7,7.3,0.0,0.0,0.0,0.0,0.0,28.0,42.3,18.4,31.9,-128.7,20.8,0.0,1.0,1.0,1.0,0.0,0.0,1.0,0.0,90.0,90.0,1
2025-04-11 16:10:47,26.19,5.96,3.1,0.7,7.2,0.0,0.0,0.0,0.0,0.0,28.0,42.3,18.4,31.9,-128.7,20.7,0.0,1.0,1.0,1.0,0.0,0.0,1.0,0.0,90.0,90.0,1
2025-04-11 16:10:48,26.17,5.95,3.1,0.7,7.3,0.0,0.0,0.0,0.0,0.0,28.0,42.3,18.4,31.9,-128.7,20.7,0.0,1.0,1.0,1.0,0.0,0.0,1.0,0.0,90.0,90.0,1
2025-04-11 16:10:49,26.17,5.97,3.1,0.7,7.4,0.0,0.0,0.0,0.0,0.0,28.0,42.3,18.4,31.9,-128.7,20.7,0.0,1.0,1.0,1.0,0.0,0.0,1.0,0.0,90.0,90.0,1
2025-04-11 16:10:50,26.17,5.96,3.1,0.7,7.0,0.0,0.0,0.0,0.0,0.0,28.0,42.3,18.4,31.9,-128.7,20.7,0.0,1.0,1.0,1.0,0.0,0.0,1.0,0.0,90.0,90.0,1
2025-04-11 16:10:51,26.19,5.96,3.1,0.7,7.8,0.0,0.0,0.0,0.0,0.0,28.0,42.3,18.4,31.9,-128.7,20.7,0.0,1.0,1.0,1.0,0.0,0.0,1.0,0.0,90.0,90.0,1
2025-04-11 16:10:52,26.19,5.97,3.1,0.7,7.4,0.0,0.0,0.0,0.0,0.0,28.0,42.3,18.4,31.9,-128.7,20.7,0.0,1.0,1.0,1.0,0.0,0.0,1.0,0.0,90.0,90.0,1
2025-04-11 16:10:53,26.2,5.96,3.0,0.7,7.7,0.0,0.0,0.0,0.0,0.0,28.0,42.3,18.5,31.9,-128.7,20.7,0.0,1.0,1.0,1.0,0.0,0.0,1.0,0.0,90.0,90.0,1
2025-04-11 16:10:54,26.19,5.97,3.1,0.7,7.2,0.0,0.0,0.0,0.0,0.0,28.0,42.3,18.5,31.9,-128.7,20.6,0.0,1.0,1.0,1.0,0.0,0.0,1.0,0.0,90.0,90.0,1
2025-04-11 16:10:55,26.21,5.97,3.1,0.7,7.8,0.0,0.0,0.0,0.0,0.0,28.0,42.3,18.5,31.9,-128.7,20.7,0.0,1.0,1.0,1.0,0.0,0.0,1.0,0.0,90.0,90.0,1
2025-04-11 16:10:56,26.19,5.97,3.1,0.7,7.9,0.0,0.0,0.0,0.0,0.0,28.0,42.3,18.5,31.9,-128.7,20.7,0.0,1.0,1.0,1.0,0.0,0.0,1.0,0.0,90.0,90.0,1
2025-04-11 16:10:57,26.2,5.96,3.1,0.7,7.7,0.0,0.0,0.0,0.0,0.0,28.0,42.3,18.5,31.9,-128.7,20.7,0.0,1.0,1.0,1.0,0.0,0.0,1.0,0.0,90.0,90.0,1
2025-04-11 16:10:58,26.2,5.98,3.1,0.7,8.0,0.0,0.0,0.0,0.0,0.0,28.0,42.3,18.5,31.9,-128.7,20.7,0.0,1.0,1.0,1.0,0.0,0.0,1.0,0.0,90.0,90.0,1
2025-04-11 16:10:59,26.2,5.97,3.1,0.7,7.5,0.0,0.0,0.0,0.0,0.0,28.0,42.3,18.5,31.9,-128.7,20.7,0.0,1.0,1.0,1.0,0.0,0.0,1.0,0.0,90.0,90.0,1
2025-04-11 16:11:00,26.21,5.98,3.1,0.7,7.099999,0.0,0.0,0.0,0.0,0.0,28.0,42.3,18.5,31.9,-128.7,20.6,0.0,1.0,1.0,1.0,0.0,0.0,1.0,0.0,90.0,90.0,1
2025-04-11 16:11:01,26.25,5.97,3.1,0.7,7.9,0.0,0.0,0.0,0.0,0.0,28.0,42.3,18.5,31.9,-128.7,20.7,0.0,1.0,1.0,1.0,0.0,0.0,1.0,0.0,90.0,90.0,1
2025-04-11 16:11:02,26.21,5.98,3.1,0.7,7.8,0.0,0.0,0.0,0.0,0.0,28.0,42.3,18.5,32.0,-128.7,20.8,0.0,1.0,1.0,1.0,0.0,0.0,1.0,0.0,90.0,90.0,1
2025-04-11 16:11:03,26.23,5.98,3.1,0.7,7.2,0.0,0.0,0.0,0.0,0.0,28.0,42.3,18.5,32.0,-128.7,20.7,0.0,1.0,1.0,1.0,0.0,0.0,1.0,0.0,90.0,90.0,1
2025-04-11 16:11:04,26.21,5.98,3.1,0.7,7.2,0.0,0.0,0.0,0.0,0.0,28.0,42.3,18.5,32.0,-128.7,20.8,0.0,1.0,1.0,1.0,0.0,0.0,1.0,0.0,90.0,90.0,1
2025-04-11 16:11:05,26.21,5.99,3.1,0.7,7.8,0.0,0.0,0.0,0.0,0.0,28.0,42.3,18.5,32.0,-128.7,20.7,0.0,1.0,1.0,1.0,0.0,0.0,1.0,0.0,90.0,90.0,1
2025-04-11 16:11:06,26.23,5.98,3.1,0.7,7.7,0.0,0.0,0.0,0.0,0.0,28.0,42.3,18.6,32.0,-128.7,20.7,0.0,1.0,1.0,1.0,0.0,0.0,1.0,0.0,90.0,90.0,1
2025-04-11 16:11:07,26.23,5.99,3.1,0.7,7.3,0.0,0.0,0.0,0.0,0.0,28.0,42.3,18.6,32.0,-128.7,20.7,0.0,1.0,1.0,1.0,0.0,0.0,1.0,0.0,90.0,90.0,1
2025-04-11 16:11:08,26.25,5.97,3.1,0.7,7.3,0.0,0.0,0.0,0.0,0.0,28.0,42.3,18.6,32.0,-128.7,20.7,0.0,1.0,1.0,1.0,0.0,0.0,1.0,0.0,90.0,90.0,1
2025-04-11 16:11:09,26.23,6.0,3.1,0.7,7.099999,0.0,0.0,0.0,0.0,0.0,28.0,42.3,18.6,32.0,-128.7,20.6,0.0,1.0,1.0,1.0,0.0,0.0,1.0,0.0,90.0,90.0,1
2025-04-11 16:11:10,26.23,5.98,3.1,0.7,7.4,0.0,0.0,0.0,0.0,0.0,28.0,42.3,18.6,32.0,-128.7,20.7,0.0,1.0,1.0,1.0,0.0,0.0,1.0,0.0,90.0,90.0,1
2025-04-11 16:11:11,26.21,5.99,3.0,0.7,8.0,0.0,0.0,0.0,0.0,0.0,28.0,42.3,18.6,32.0,-128.7,20.7,0.0,1.0,1.0,1.0,0.0,0.0,1.0,0.0,90.0,90.0,1
2025-04-11 16:11:12,26.23,5.99,3.1,0.7,7.4,0.0,0.0,0.0,0.0,0.0,28.0,42.3,18.6,32.0,-128.7,20.7,0.0,1.0,1.0,1.0,0.0,0.0,1.0,0.0,90.0,90.0,1
2025-04-11 16:11:13,26.25,5.99,3.1,0.7,7.2,0.0,0.0,0.0,0.0,0.0,28.0,42.3,18.7,32.0,-128.7,20.7,0.0,1.0,1.0,1.0,0.0,0.0,1.0,0.0,90.0,90.0,1
2025-04-11 16:11:14,26.26,5.99,3.1,0.7,7.7,0.0,0.0,0.0,0.0,0.0,28.0,42.3,18.7,32.0,-128.7,20.6,0.0,1.0,1.0,1.0,0.0,0.0,1.0,0.0,90.0,90.0,1
2025-04-11 16:11:15,26.25,5.99,3.1,0.7,7.0,0.0,0.0,0.0,0.0,0.0,28.0,42.3,18.7,32.0,-128.7,20.7,0.0,1.0,1.0,1.0,0.0,0.0,1.0,0.0,90.0,90.0,1
2025-04-11 16:11:16,26.25,6.0,3.1,0.7,7.8,0.0,0.0,0.0,0.0,0.0,28.0,42.3,18.7,32.0,-128.7,20.6,0.0,1.0,1.0,1.0,0.0,0.0,1.0,0.0,90.0,90.0,1
2025-04-11 16:11:17,26.27,6.0,3.1,0.7,7.5,0.0,0.0,0.0,0.0,0.0,28.0,42.3,18.7,32.0,-128.7,20.7,0.0,1.0,1.0,1.0,0.0,0.0,1.0,0.0,90.0,90.0,1
2025-04-11 16:11:18,26.26,6.0,3.1,0.7,7.099999,0.0,0.0,0.0,0.0,0.0,28.0,42.3,18.7,32.0,-128.7,20.6,0.0,1.0,1.0,1.0,0.0,0.0,1.0,0.0,90.0,90.0,1
2025-04-11 16:11:19,26.27,5.99,3.1,0.7,7.0,0.0,0.0,0.0,0.0,0.0,28.0,42.3,18.7,32.0,-128.7,20.6,0.0,1.0,1.0,1.0,0.0,0.0,1.0,0.0,90.0,90.0,1
2025-04-11 16:11:20,26.28,6.0,3.1,0.7,7.4,0.0,0.0,0.0,0.0,0.0,28.0,42.3,18.7,32.0,-128.7,20.6,0.0,1.0,1.0,1.0,0.0,0.0,1.0,0.0,90.0,90.0,1
2025-04-11 16:11:21,26.27,6.0,3.1,0.7,6.9,0.0,0.0,0.0,0.0,0.0,28.0,42.3,18.8,32.0,-128.7,20.6,0.0,1.0,1.0,1.0,0.0,0.0,1.0,0.0,90.0,90.0,1
2025-04-11 16:11:22,26.28,6.0,3.2,0.7,7.599999,0.0,0.0,0.0,0.0,0.0,28.0,42.3,18.8,32.1,-128.7,20.7,0.0,1.0,1.0,1.0,0.0,0.0,1.0,0.0,90.0,90.0,1
2025-04-11 16:11:23,26.27,6.01,3.1,0.7,7.5,0.0,0.0,0.0,0.0,0.0,28.0,42.3,18.8,32.1,-128.7,20.7,0.0,1.0,1.0,1.0,0.0,0.0,1.0,0.0,90.0,90.0,1
2025-04-11 16:11:24,26.31,6.0,3.1,0.7,7.5,0.0,0.0,0.0,0.0,0.0,28.0,42.3,18.8,32.1,-128.7,20.7,0.0,1.0,1.0,1.0,0.0,0.0,1.0,0.0,90.0,90.0,1
2025-04-11 16:11:25,26.31,6.0,3.1,0.7,7.5,0.0,0.0,0.0,0.0,0.0,28.0,42.3,18.8,32.1,-128.7,20.7,0.0,1.0,1.0,1.0,0.0,0.0,1.0,0.0,90.0,90.0,1
2025-04-11 16:11:26,26.3,6.0,3.1,0.7,7.8,0.0,0.0,0.0,0.0,0.0,28.0,42.3,18.9,32.1,-128.7,20.7,0.0,1.0,1.0,1.0,0.0,0.0,1.0,0.0,90.0,90.0,1
2025-04-11 16:11:27,26.28,6.01,3.1,0.7,7.2,0.0,0.0,0.0,0.0,0.0,28.0,42.3,18.9,32.1,-128.7,20.7,0.0,1.0,1.0,1.0,0.0,0.0,1.0,0.0,90.0,90.0,1
2025-04-11 16:11:28,26.26,6.0,3.1,0.7,7.099999,0.0,0.0,0.0,0.0,0.0,28.0,42.3,18.9,32.1,-128.7,20.7,0.0,1.0,1.0,1.0,0.0,0.0,1.0,0.0,90.0,90.0,1
2025-04-11 16:11:29,26.26,6.0,3.1,0.7,7.099999,0.0,0.0,0.0,0.0,0.0,28.0,42.3,18.9,32.1,-128.7,20.7,0.0,1.0,1.0,1.0,0.0,0.0,1.0,0.0,90.0,90.0,1
2025-04-11 16:11:30,26.3,6.0,3.1,0.7,7.3,0.0,0.0,0.0,0.0,0.0,28.0,42.3,18.9,32.1,-128.7,20.7,0.0,1.0,1.0,1.0,0.0,0.0,1.0,0.0,90.0,90.0,1
2025-04-11 16:11:31,26.3,6.01,3.2,0.7,7.0,0.0,0.0,0.0,0.0,0.0,28.0,42.4,18.9,32.1,-128.7,20.7,0.0,1.0,1.0,1.0,0.0,0.0,1.0,0.0,90.0,90.0,1
2025-04-11 16:11:32,26.3,6.01,3.1,0.7,7.8,0.0,0.0,0.0,0.0,0.0,28.0,42.4,19.0,32.1,-128.7,20.6,0.0,1.0,1.0,1.0,0.0,0.0,1.0,0.0,90.0,90.0,1
2025-04-11 16:11:33,26.28,6.01,3.1,0.7,7.2,0.0,0.0,0.0,0.0,0.0,28.0,42.4,19.0,32.1,-128.7,20.7,0.0,1.0,1.0,1.0,0.0,0.0,1.0,0.0,90.0,90.0,1
2025-04-11 16:11:34,26.3,6.0,3.1,0.7,7.8,0.0,0.0,0.0,0.0,0.0,28.0,42.4,19.0,32.1,-128.7,20.6,0.0,1.0,1.0,1.0,0.0,0.0,1.0,0.0,90.0,90.0,1
2025-04-11 16:11:35,26.3,6.0,3.0,0.7,7.7,0.0,0.0,0.0,0.0,0.0,28.0,42.4,19.0,32.1,-128.7,20.7,0.0,1.0,1.0,1.0,0.0,0.0,1.0,0.0,90.0,90.0,1
2025-04-11 16:11:36,26.31,6.01,3.1,0.7,7.2,0.0,0.0,0.0,0.0,0.0,28.0,42.4,19.0,32.1,-128.7,20.7,0.0,1.0,1.0,1.0,0.0,0.0,1.0,0.0,90.0,90.0,1
2025-04-11 16:11:37,26.31,6.0,3.1,0.7,7.2,0.0,0.0,0.0,0.0,0.0,28.0,42.4,19.1,32.1,-128.7,20.7,0.0,1.0,1.0,1.0,0.0,0.0,1.0,0.0,90.0,90.0,1
2025-04-11 16:11:38,26.3,6.02,3.1,0.7,7.4,0.0,0.0,0.0,0.0,0.0,28.0,42.4,19.1,32.1,-128.7,20.7,0.0,1.0,1.0,1.0,0.0,0.0,1.0,0.0,90.0,90.0,1
2025-04-11 16:11:39,26.28,6.0,3.2,0.7,7.599999,0.0,0.0,0.0,0.0,0.0,28.0,42.4,19.1,32.1,-128.7,20.7,0.0,1.0,1.0,1.0,0.0,0.0,1.0,0.0,90.0,90.0,1
2025-04-11 16:11:40,26.27,6.0,3.1,0.7,7.7,0.0,0.0,0.0,0.0,0.0,28.0,42.4,19.1,32.1,-128.7,20.7,0.0,1.0,1.0,1.0,0.0,0.0,1.0,0.0,90.0,90.0,1
2025-04-11 16:11:41,26.28,6.0,3.1,0.7,6.7,0.0,0.0,0.0,0.0,0.0,28.0,42.4,19.1,32.2,-128.7,20.8,0.0,1.0,1.0,1.0,0.0,0.0,1.0,0.0,90.0,90.0,1
2025-04-11 16:11:42,26.28,6.01,3.1,0.7,7.099999,0.0,0.0,0.0,0.0,0.0,28.0,42.4,19.1,32.2,-128.7,20.8,0.0,1.0,1.0,1.0,0.0,0.0,1.0,0.0,90.0,90.0,1
2025-04-11 16:11:43,26.3,6.0,3.1,0.7,7.8,0.0,0.0,0.0,0.0,0.0,28.0,42.4,19.1,32.2,-128.7,20.8,0.0,1.0,1.0,1.0,0.0,0.0,1.0,0.0,90.0,90.0,1
2025-04-11 16:11:44,26.3,6.01,3.1,0.7,7.3,0.0,0.0,0.0,0.0,0.0,28.0,42.4,19.1,32.2,-128.7,20.8,0.0,1.0,1.0,1.0,0.0,0.0,1.0,0.0,90.0,90.0,1
2025-04-11 16:11:45,26.27,6.0,3.1,0.7,7.4,0.0,0.0,0.0,0.0,0.0,28.0,42.4,19.2,32.2,-128.7,20.8,0.0,1.0,1.0,1.0,0.0,0.0,1.0,0.0,90.0,90.0,1
2025-04-11 16:11:46,26.26,6.0,3.1,0.7,7.8,0.0,0.0,0.0,0.0,0.0,28.0,42.3,19.2,32.2,-128.7,20.8,0.0,1.0,1.0,1.0,0.0,0.0,1.0,0.0,90.0,90.0,1
2025-04-11 16:11:47,26.28,6.0,3.1,0.7,7.4,0.0,0.0,0.0,0.0,0.0,28.0,42.3,19.2,32.2,-128.7,20.8,0.0,1.0,1.0,1.0,0.0,0.0,1.0,0.0,90.0,90.0,1
2025-04-11 16:11:48,26.28,5.99,3.1,0.7,7.4,0.0,0.0,0.0,0.0,0.0,28.0,42.3,19.2,32.2,-128.7,20.8,0.0,1.0,1.0,1.0,0.0,0.0,1.0,0.0,90.0,90.0,1
2025-04-11 16:11:49,26.28,6.01,3.1,0.7,7.0,0.0,0.0,0.0,0.0,0.0,28.0,42.3,19.2,32.2,-128.7,20.8,0.0,1.0,1.0,1.0,0.0,0.0,1.0,0.0,90.0,90.0,1
2025-04-11 16:11:50,26.28,5.99,3.1,0.7,7.5,0.0,0.0,0.0,0.0,0.0,28.0,42.3,19.2,32.2,-128.7,20.9,0.0,1.0,1.0,1.0,0.0,0.0,1.0,0.0,90.0,90.0,1
2025-04-11 16:11:51,26.28,6.0,3.1,0.7,7.9,0.0,0.0,0.0,0.0,0.0,28.0,42.3,19.3,32.2,-128.7,20.8,0.0,1.0,1.0,1.0,0.0,0.0,1.0,0.0,90.0,90.0,1
2025-04-11 16:11:52,26.27,5.99,3.1,0.7,7.0,0.0,0.0,0.0,0.0,0.0,28.0,42.4,19.3,32.2,-128.7,20.9,0.0,1.0,1.0,1.0,0.0,0.0,1.0,0.0,90.0,90.0,1
2025-04-11 16:11:53,26.28,6.0,3.1,0.7,7.099999,0.0,0.0,0.0,0.0,0.0,28.0,42.4,19.3,32.2,-128.7,20.8,0.0,1.0,1.0,1.0,0.0,0.0,1.0,0.0,90.0,90.0,1
2025-04-11 16:11:54,26.31,5.98,3.2,0.7,7.3,0.0,0.0,0.0,0.0,0.0,28.0,42.4,19.3,32.2,-128.7,20.9,0.0,1.0,1.0,1.0,0.0,0.0,1.0,0.0,90.0,90.0,1
2025-04-11 16:11:55,26.3,5.99,3.1,0.7,7.8,0.0,0.0,0.0,0.0,0.0,28.0,42.4,19.3,32.2,-128.7,20.9,0.0,1.0,1.0,1.0,0.0,0.0,1.0,0.0,90.0,90.0,1
2025-04-11 16:11:56,26.3,5.98,3.1,0.7,7.599999,0.0,0.0,0.0,0.0,0.0,28.0,42.4,19.3,32.3,-128.7,21.0,0.0,1.0,1.0,1.0,0.0,0.0,1.0,0.0,90.0,90.0,1
2025-04-11 16:11:57,26.28,6.0,3.1,0.7,7.3,0.0,0.0,0.0,0.0,0.0,28.0,42.4,19.3,32.3,-128.7,21.0,0.0,1.0,1.0,1.0,0.0,0.0,1.0,0.0,90.0,90.0,1
2025-04-11 16:11:58,26.31,5.98,3.1,0.7,7.5,0.0,0.0,0.0,0.0,0.0,28.0,42.4,19.4,32.3,-128.7,21.0,0.0,1.0,1.0,1.0,0.0,0.0,1.0,0.0,90.0,90.0,1
2025-04-11 16:11:59,26.28,5.99,3.1,0.7,7.5,0.0,0.0,0.0,0.0,0.0,28.0,42.4,19.4,32.3,-128.7,21.0,0.0,1.0,1.0,1.0,0.0,0.0,1.0,0.0,90.0,90.0,1
2025-04-11 16:12:00,26.28,5.98,3.1,0.7,7.3,0.0,0.0,0.0,0.0,0.0,28.0,42.4,19.4,32.3,-128.7,21.0,0.0,1.0,1.0,1.0,0.0,0.0,1.0,0.0,90.0,90.0,1
2025-04-11 16:12:01,26.3,6.0,3.1,0.7,7.3,0.0,0.0,0.0,0.0,0.0,28.0,42.4,19.4,32.3,-128.7,21.0,0.0,1.0,1.0,1.0,0.0,0.0,1.0,0.0,90.0,90.0,1
2025-04-11 16:12:02,26.28,5.99,3.1,0.7,7.4,0.0,0.0,0.0,0.0,0.0,28.0,42.4,19.4,32.3,-128.7,21.0,0.0,1.0,1.0,1.0,0.0,0.0,1.0,0.0,90.0,90.0,1
2025-04-11 16:12:03,26.3,5.99,3.1,0.7,7.599999,0.0,0.0,0.0,0.0,0.0,28.0,42.4,19.4,32.3,-128.7,21.0,0.0,1.0,1.0,1.0,0.0,0.0,1.0,0.0,90.0,90.0,1
2025-04-11 16:12:04,26.31,5.97,3.1,0.7,7.5,0.0,0.0,0.0,0.0,0.0,28.0,42.4,19.4,32.3,-128.7,21.0,0.0,1.0,1.0,1.0,0.0,0.0,1.0,0.0,90.0,90.0,1
2025-04-11 16:12:05,26.28,5.99,3.1,0.7,7.2,0.0,0.0,0.0,0.0,0.0,28.0,42.4,19.5,32.3,-128.7,21.0,0.0,1.0,1.0,1.0,0.0,0.0,1.0,0.0,90.0,90.0,1
2025-04-11 16:12:06,26.28,5.98,3.1,0.7,7.5,0.0,0.0,0.0,0.0,0.0,28.0,42.4,19.5,32.3,-128.7,21.0,0.0,1.0,1.0,1.0,0.0,0.0,1.0,0.0,90.0,90.0,1
2025-04-11 16:12:07,26.28,5.99,3.1,0.7,7.2,0.0,0.0,0.0,0.0,0.0,28.0,42.4,19.5,32.3,-128.7,21.1,0.0,1.0,1.0,1.0,0.0,0.0,1.0,0.0,90.0,90.0,1
2025-04-11 16:12:08,26.28,5.98,3.1,0.7,7.0,0.0,0.0,0.0,0.0,0.0,28.0,42.4,19.5,32.3,-128.7,21.0,0.0,1.0,1.0,1.0,0.0,0.0,1.0,0.0,90.0,90.0,1
2025-04-11 16:12:09,26.31,5.99,3.1,0.7,7.2,0.0,0.0,0.0,0.0,0.0,28.0,42.4,19.5,32.3,-128.7,21.0,0.0,1.0,1.0,1.0,0.0,0.0,1.0,0.0,90.0,90.0,1
2025-04-11 16:12:10,26.31,5.99,3.1,0.7,7.599999,0.0,0.0,0.0,0.0,0.0,28.0,42.4,19.5,32.3,-128.7,21.0,0.0,1.0,1.0,1.0,0.0,0.0,1.0,0.0,90.0,90.0,1
2025-04-11 16:12:11,26.3,5.99,3.1,0.7,7.099999,0.0,0.0,0.0,0.0,0.0,28.0,42.4,19.5,32.4,-128.7,21.2,0.0,1.0,1.0,1.0,0.0,0.0,1.0,0.0,90.0,90.0,1
2025-04-11 16:12:12,26.3,5.99,3.1,0.7,7.8,0.0,0.0,0.0,0.0,0.0,28.0,42.4,19.5,32.4,-128.7,21.1,0.0,1.0,1.0,1.0,0.0,0.0,1.0,0.0,90.0,90.0,1
2025-04-11 16:12:13,26.3,5.99,3.1,0.7,7.7,0.0,0.0,0.0,0.0,0.0,28.0,42.4,19.5,32.4,-128.7,21.2,0.0,1.0,1.0,1.0,0.0,0.0,1.0,0.0,90.0,90.0,1
2025-04-11 16:12:14,26.28,5.98,3.1,0.7,7.599999,0.0,0.0,0.0,0.0,0.0,28.0,42.4,19.5,32.4,-128.7,21.1,0.0,1.0,1.0,1.0,0.0,0.0,1.0,0.0,90.0,90.0,1
2025-04-11 16:12:15,26.27,6.0,3.1,0.7,7.4,0.0,0.0,0.0,0.0,0.0,28.0,42.4,19.5,32.4,-128.7,21.1,0.0,1.0,1.0,1.0,0.0,0.0,1.0,0.0,90.0,90.0,1
2025-04-11 16:12:16,26.3,5.99,3.1,0.7,7.2,0.0,0.0,0.0,0.0,0.0,28.0,42.4,19.5,32.4,-128.7,21.1,0.0,1.0,1.0,1.0,0.0,0.0,1.0,0.0,90.0,90.0,1
2025-04-11 16:12:17,26.32,5.99,3.1,0.7,7.7,0.0,0.0,0.0,0.0,0.0,28.0,42.4,19.5,32.4,-128.7,21.1,0.0,1.0,1.0,1.0,0.0,0.0,1.0,0.0,90.0,90.0,1
2025-04-11 16:12:18,26.31,5.99,3.1,0.7,8.0,0.0,0.0,0.0,0.0,0.0,28.0,42.4,19.5,32.4,-128.7,21.1,0.0,1.0,1.0,1.0,0.0,0.0,1.0,0.0,90.0,90.0,1
2025-04-11 16:12:19,26.3,6.0,3.1,0.7,7.599999,0.0,0.0,0.0,0.0,0.0,28.0,42.4,19.5,32.4,-128.7,21.1,0.0,1.0,1.0,1.0,0.0,0.0,1.0,0.0,90.0,90.0,1
2025-04-11 16:12:20,26.3,5.99,3.1,0.7,7.099999,0.0,0.0,0.0,0.0,0.0,28.0,42.4,19.5,32.4,-128.7,21.1,0.0,1.0,1.0,1.0,0.0,0.0,1.0,0.0,90.0,90.0,1
2025-04-11 16:12:21,26.31,6.0,3.1,0.7,7.2,0.0,0.0,0.0,0.0,0.0,28.0,42.4,19.5,32.4,-128.7,21.1,0.0,1.0,1.0,1.0,0.0,0.0,1.0,0.0,90.0,90.0,1
2025-04-11 16:12:22,26.3,5.99,3.1,0.7,7.7,0.0,0.0,0.0,0.0,0.0,28.0,42.4,19.5,32.4,-128.7,21.1,0.0,1.0,1.0,1.0,0.0,0.0,1.0,0.0,90.0,90.0,1
2025-04-11 16:12:23,26.28,6.0,3.1,0.7,7.599999,0.0,0.0,0.0,0.0,0.0,28.0,42.4,19.5,32.4,-128.7,21.1,0.0,1.0,1.0,1.0,0.0,0.0,1.0,0.0,90.0,90.0,1
2025-04-11 16:12:24,26.28,5.99,3.1,0.7,7.2,0.0,0.0,0.0,0.0,0.0,28.0,42.4,19.5,32.4,-128.7,21.1,0.0,1.0,1.0,1.0,0.0,0.0,1.0,0.0,90.0,90.0,1
2025-04-11 16:12:25,26.32,5.99,3.1,0.7,7.4,0.0,0.0,0.0,0.0,0.0,28.0,42.4,19.5,32.4,-128.7,21.1,0.0,1.0,1.0,1.0,0.0,0.0,1.0,0.0,90.0,90.0,1
2025-04-11 16:12:26,26.33,5.98,3.1,0.7,7.0,0.0,0.0,0.0,0.0,0.0,28.0,42.4,19.5,32.4,-128.7,21.1,0.0,1.0,1.0,1.0,0.0,0.0,1.0,0.0,90.0,90.0,1
2025-04-11 16:12:27,26.31,6.0,3.1,0.7,7.8,0.0,0.0,0.0,0.0,0.0,28.0,42.4,19.5,32.4,-128.7,21.1,0.0,1.0,1.0,1.0,0.0,0.0,1.0,0.0,90.0,90.0,1
2025-04-11 16:12:28,26.32,5.99,3.1,0.7,7.8,0.0,0.0,0.0,0.0,0.0,28.0,42.4,19.5,32.5,-128.7,21.2,0.0,1.0,1.0,1.0,0.0,0.0,1.0,0.0,90.0,90.0,1
2025-04-11 16:12:29,26.32,6.0,3.1,0.7,7.7,0.0,0.0,0.0,0.0,0.0,28.0,42.4,19.5,32.5,-128.7,21.1,0.0,1.0,1.0,1.0,0.0,0.0,1.0,0.0,90.0,90.0,1
2025-04-11 16:12:30,26.32,5.99,3.1,0.7,7.3,0.0,0.0,0.0,0.0,0.0,28.0,42.4,19.5,32.5,-128.7,21.2,0.0,1.0,1.0,1.0,0.0,0.0,1.0,0.0,90.0,90.0,1
2025-04-11 16:12:31,26.3,6.0,3.1,0.7,7.2,0.0,0.0,0.0,0.0,0.0,28.0,42.4,19.5,32.5,-128.7,21.2,0.0,1.0,1.0,1.0,0.0,0.0,1.0,0.0,90.0,90.0,1
2025-04-11 16:12:32,26.3,5.99,3.1,0.7,7.9,0.0,0.0,0.0,0.0,0.0,28.0,42.4,19.5,32.5,-128.7,21.2,0.0,1.0,1.0,1.0,0.0,0.0,1.0,0.0,90.0,90.0,1
2025-04-11 16:12:33,26.31,6.0,3.1,0.7,7.7,0.0,0.0,0.0,0.0,0.0,28.0,42.4,19.5,32.5,-128.7,21.2,0.0,1.0,1.0,1.0,0.0,0.0,1.0,0.0,90.0,90.0,1
2025-04-11 16:12:34,26.33,5.99,3.1,0.7,6.9,0.0,0.0,0.0,0.0,0.0,28.0,42.4,19.5,32.5,-128.7,21.2,0.0,1.0,1.0,1.0,0.0,0.0,1.0,0.0,90.0,90.0,1
2025-04-11 16:12:35,26.32,6.0,3.1,0.7,7.8,0.0,0.0,0.0,0.0,0.0,28.0,42.4,19.5,32.5,-128.7,21.2,0.0,1.0,1.0,1.0,0.0,0.0,1.0,0.0,90.0,90.0,1
2025-04-11 16:12:36,26.31,5.99,3.1,0.7,7.5,0.0,0.0,0.0,0.0,0.0,28.0,42.4,19.5,32.5,-128.7,21.1,0.0,1.0,1.0,1.0,0.0,0.0,1.0,0.0,90.0,90.0,1
2025-04-11 16:12:37,26.3,6.0,3.1,0.7,8.0,0.0,0.0,0.0,0.0,0.0,28.0,42.4,19.5,32.5,-128.7,21.2,0.0,1.0,1.0,1.0,0.0,0.0,1.0,0.0,90.0,90.0,1
2025-04-11 16:12:38,26.32,5.99,3.1,0.7,7.4,0.0,0.0,0.0,0.0,0.0,28.0,42.4,19.5,32.5,-128.7,21.2,0.0,1.0,1.0,1.0,0.0,0.0,1.0,0.0,90.0,90.0,1
2025-04-11 16:12:39,26.32,6.0,3.1,0.7,7.3,0.0,0.0,0.0,0.0,0.0,28.0,42.4,19.4,32.5,-128.7,21.1,0.0,1.0,1.0,1.0,0.0,0.0,1.0,0.0,90.0,90.0,1
2025-04-11 16:12:40,26.31,6.0,3.2,0.7,7.3,0.0,0.0,0.0,0.0,0.0,28.0,42.4,19.4,32.5,-128.7,21.1,0.0,1.0,1.0,1.0,0.0,0.0,1.0,0.0,90.0,90.0,1
2025-04-11 16:12:41,26.31,6.0,3.0,0.7,7.4,0.0,0.0,0.0,0.0,0.0,28.0,42.4,19.4,32.5,-128.7,21.2,0.0,1.0,1.0,1.0,0.0,0.0,1.0,0.0,90.0,90.0,1
2025-04-11 16:12:42,26.31,5.99,3.1,0.7,7.2,0.0,0.0,0.0,0.0,0.0,28.0,42.4,19.4,32.5,-128.7,21.2,0.0,1.0,1.0,1.0,0.0,0.0,1.0,0.0,90.0,90.0,1
2025-04-11 16:12:43,26.34,6.0,3.1,0.7,7.8,0.0,0.0,0.0,0.0,0.0,28.0,42.4,19.4,32.5,-128.7,21.2,0.0,1.0,1.0,1.0,0.0,0.0,1.0,0.0,90.0,90.0,1
2025-04-11 16:12:44,26.31,5.99,3.1,0.7,7.4,0.0,0.0,0.0,0.0,0.0,28.0,42.4,19.4,32.5,-128.7,21.2,0.0,1.0,1.0,1.0,0.0,0.0,1.0,0.0,90.0,90.0,1
2025-04-11 16:12:45,26.3,5.99,3.1,0.7,7.5,0.0,0.0,0.0,0.0,0.0,28.0,42.4,19.4,32.5,-128.7,21.2,0.0,1.0,1.0,1.0,0.0,0.0,1.0,0.0,90.0,90.0,1
2025-04-11 16:12:46,26.3,5.99,3.1,0.7,7.4,0.0,0.0,0.0,0.0,0.0,28.0,42.4,19.4,32.5,-128.7,21.2,0.0,1.0,1.0,1.0,0.0,0.0,1.0,0.0,90.0,90.0,1
2025-04-11 16:12:47,26.31,5.99,3.1,0.7,7.599999,0.0,0.0,0.0,0.0,0.0,28.0,42.4,19.4,32.5,-128.7,21.2,0.0,1.0,1.0,1.0,0.0,0.0,1.0,0.0,90.0,90.0,1
2025-04-11 16:12:48,26.33,6.0,3.1,0.7,7.4,0.0,0.0,0.0,0.0,0.0,28.0,42.4,19.4,32.5,-128.7,21.1,0.0,1.0,1.0,1.0,0.0,0.0,1.0,0.0,90.0,90.0,1
2025-04-11 16:12:49,26.32,5.99,3.1,0.7,7.2,0.0,0.0,0.0,0.0,0.0,28.0,42.4,19.4,32.5,-128.7,21.2,0.0,1.0,1.0,1.0,0.0,0.0,1.0,0.0,90.0,90.0,1
2025-04-11 16:12:50,26.32,5.99,3.1,0.7,7.099999,0.0,0.0,0.0,0.0,0.0,28.0,42.4,19.4,32.6,-128.7,21.2,0.0,1.0,1.0,1.0,0.0,0.0,1.0,0.0,90.0,90.0,1
2025-04-11 16:12:51,26.31,5.98,3.1,0.7,7.4,0.0,0.0,0.0,0.0,0.0,28.0,42.4,19.4,32.6,-128.7,21.3,0.0,1.0,1.0,1.0,0.0,0.0,1.0,0.0,90.0,90.0,1
2025-04-11 16:12:52,26.3,5.99,3.1,0.7,7.4,0.0,0.0,0.0,0.0,0.0,28.0,42.4,19.4,32.6,-128.7,21.3,0.0,1.0,1.0,1.0,0.0,0.0,1.0,0.0,90.0,90.0,1
2025-04-11 16:12:53,26.33,5.98,3.1,0.7,7.8,0.0,0.0,0.0,0.0,0.0,28.0,42.4,19.4,32.6,-128.7,21.3,0.0,1.0,1.0,1.0,0.0,0.0,1.0,0.0,90.0,90.0,1
2025-04-11 16:12:54,26.32,6.0,3.1,0.7,7.099999,0.0,0.0,0.0,0.0,0.0,28.0,42.4,19.4,32.6,-128.7,21.2,0.0,1.0,1.0,1.0,0.0,0.0,1.0,0.0,90.0,90.0,1
2025-04-11 16:12:55,26.33,5.98,3.1,0.7,7.9,0.0,0.0,0.0,0.0,0.0,28.0,42.4,19.4,32.6,-128.7,21.3,0.0,1.0,1.0,1.0,0.0,0.0,1.0,0.0,90.0,90.0,1
2025-04-11 16:12:56,26.32,5.99,3.1,0.7,7.599999,0.0,0.0,0.0,0.0,0.0,28.0,42.4,19.4,32.6,-128.7,21.3,0.0,1.0,1.0,1.0,0.0,0.0,1.0,0.0,90.0,90.0,1
2025-04-11 16:12:57,26.31,5.98,3.1,0.7,7.4,0.0,0.0,0.0,0.0,0.0,28.0,42.4,19.4,32.6,-128.7,21.3,0.0,1.0,1.0,1.0,0.0,0.0,1.0,0.0,90.0,90.0,1
2025-04-11 16:12:58,26.34,5.98,3.1,0.7,7.2,0.0,0.0,0.0,0.0,0.0,28.0,42.4,19.4,32.6,-128.7,21.3,0.0,1.0,1.0,1.0,0.0,0.0,1.0,0.0,90.0,90.0,1
2025-04-11 16:12:59,26.32,5.97,3.1,0.7,7.4,0.0,0.0,0.0,0.0,0.0,28.0,42.4,19.4,32.6,-128.7,21.3,0.0,1.0,1.0,1.0,0.0,0.0,1.0,0.0,90.0,90.0,1
2025-04-11 16:13:00,26.33,5.99,3.1,0.7,7.599999,0.0,0.0,0.0,0.0,0.0,28.0,42.4,19.4,32.6,-128.7,21.4,0.0,1.0,1.0,1.0,0.0,0.0,1.0,0.0,90.0,90.0,1
2025-04-11 16:13:01,26.32,5.98,3.0,0.7,7.599999,0.0,0.0,0.0,0.0,0.0,28.0,42.4,19.4,32.6,-128.7,21.3,0.0,1.0,1.0,1.0,0.0,0.0,1.0,0.0,90.0,90.0,1
2025-04-11 16:13:02,26.32,5.98,3.1,0.7,6.9,0.0,0.0,0.0,0.0,0.0,28.0,42.4,19.4,32.6,-128.7,21.4,0.0,1.0,1.0,1.0,0.0,0.0,1.0,0.0,90.0,90.0,1
2025-04-11 16:13:03,26.34,5.98,3.1,0.7,7.4,0.0,0.0,0.0,0.0,0.0,28.0,42.4,19.3,32.6,-128.7,21.3,0.0,1.0,1.0,1.0,0.0,0.0,1.0,0.0,90.0,90.0,1
2025-04-11 16:13:04,26.33,5.98,3.1,0.7,7.599999,0.0,0.0,0.0,0.0,0.0,28.0,42.4,19.3,32.6,-128.7,21.4,0.0,1.0,1.0,1.0,0.0,0.0,1.0,0.0,90.0,90.0,1
2025-04-11 16:13:05,26.33,6.0,3.1,0.7,7.9,0.0,0.0,0.0,0.0,0.0,28.0,42.4,19.3,32.6,-128.7,21.3,0.0,1.0,1.0,1.0,0.0,0.0,1.0,0.0,90.0,90.0,1
2025-04-11 16:13:06,26.33,5.97,3.1,0.7,7.7,0.0,0.0,0.0,0.0,0.0,28.0,42.4,19.3,32.6,-128.7,21.4,0.0,1.0,1.0,1.0,0.0,0.0,1.0,0.0,90.0,90.0,1
2025-04-11 16:13:07,26.34,6.0,3.1,0.7,7.4,0.0,0.0,0.0,0.0,0.0,28.0,42.4,19.3,32.6,-128.7,21.2,0.0,1.0,1.0,1.0,0.0,0.0,1.0,0.0,90.0,90.0,1
2025-04-11 16:13:08,26.36,5.99,3.1,0.7,7.2,0.0,0.0,0.0,0.0,0.0,28.0,42.4,19.3,32.6,-128.7,21.3,0.0,1.0,1.0,1.0,0.0,0.0,1.0,0.0,90.0,90.0,1
2025-04-11 16:13:09,26.36,6.0,3.1,0.7,7.0,0.0,0.0,0.0,0.0,0.0,28.0,42.4,19.3,32.6,-128.7,21.3,0.0,1.0,1.0,1.0,0.0,0.0,1.0,0.0,90.0,90.0,1
2025-04-11 16:13:10,26.34,5.99,3.1,0.7,7.8,0.0,0.0,0.0,0.0,0.0,28.0,42.4,19.3,32.6,-128.7,21.3,0.0,1.0,1.0,1.0,0.0,0.0,1.0,0.0,90.0,90.0,1
2025-04-11 16:13:11,26.33,6.0,3.1,0.7,7.9,0.0,0.0,0.0,0.0,0.0,28.0,42.4,19.3,32.6,-128.7,21.3,0.0,1.0,1.0,1.0,0.0,0.0,1.0,0.0,90.0,90.0,1
2025-04-11 16:13:12,26.32,5.98,3.1,0.7,7.4,0.0,0.0,0.0,0.0,0.0,28.0,42.4,19.3,32.6,-128.7,21.3,0.0,1.0,1.0,1.0,0.0,0.0,1.0,0.0,90.0,90.0,1
2025-04-11 16:13:13,26.33,5.99,3.1,0.7,7.599999,0.0,0.0,0.0,0.0,0.0,28.0,42.4,19.3,32.6,-128.7,21.3,0.0,1.0,1.0,1.0,0.0,0.0,1.0,0.0,90.0,90.0,1
2025-04-11 16:13:14,26.37,5.99,3.2,0.7,7.099999,0.0,0.0,0.0,0.0,0.0,28.0,42.4,19.3,32.6,-128.7,21.3,0.0,1.0,1.0,1.0,0.0,0.0,1.0,0.0,90.0,90.0,1
2025-04-11 16:13:15,26.36,5.98,3.1,0.7,7.4,0.0,0.0,0.0,0.0,0.0,28.0,42.4,19.3,32.6,-128.7,21.3,0.0,1.0,1.0,1.0,0.0,0.0,1.0,0.0,90.0,90.0,1
2025-04-11 16:13:16,26.34,6.0,3.1,0.7,7.5,0.0,0.0,0.0,0.0,0.0,28.0,42.4,19.3,32.6,-128.7,21.2,0.0,1.0,1.0,1.0,0.0,0.0,1.0,0.0,90.0,90.0,1
2025-04-11 16:13:17,26.34,5.98,3.1,0.7,7.599999,0.0,0.0,0.0,0.0,0.0,28.0,42.4,19.3,32.6,-128.7,21.4,0.0,1.0,1.0,1.0,0.0,0.0,1.0,0.0,90.0,90.0,1
2025-04-11 16:13:18,26.34,5.99,3.1,0.7,7.0,0.0,0.0,0.0,0.0,0.0,28.0,42.4,19.2,32.6,-128.7,21.2,0.0,1.0,1.0,1.0,0.0,0.0,1.0,0.0,90.0,90.0,1
2025-04-11 16:13:19,26.34,5.98,3.1,0.7,7.3,0.0,0.0,0.0,0.0,0.0,28.0,42.4,19.2,32.6,-128.7,21.3,0.0,1.0,1.0,1.0,0.0,0.0,1.0,0.0,90.0,90.0,1
2025-04-11 16:13:20,26.37,6.0,3.1,0.7,7.4,0.0,0.0,0.0,0.0,0.0,28.0,42.4,19.2,32.6,-128.7,21.3,0.0,1.0,1.0,1.0,0.0,0.0,1.0,0.0,90.0,90.0,1
2025-04-11 16:13:21,26.34,5.98,3.1,0.7,7.3,0.0,0.0,0.0,0.0,0.0,28.0,42.4,19.2,32.6,-128.7,21.3,0.0,1.0,1.0,1.0,0.0,0.0,1.0,0.0,90.0,90.0,1
2025-04-11 16:13:22,26.34,5.99,3.1,0.7,7.3,0.0,0.0,0.0,0.0,0.0,28.0,42.4,19.2,32.6,-128.7,21.3,0.0,1.0,1.0,1.0,0.0,0.0,1.0,0.0,90.0,90.0,1
2025-04-11 16:13:23,26.34,5.99,3.1,0.7,8.099999,0.0,0.0,0.0,0.0,0.0,28.0,42.4,19.2,32.6,-128.7,21.3,0.0,1.0,1.0,1.0,0.0,0.0,1.0,0.0,90.0,90.0,1
2025-04-11 16:13:24,26.34,5.99,3.1,0.7,8.2,0.0,0.0,0.0,0.0,0.0,28.0,42.4,19.2,32.6,-128.7,21.3,0.0,1.0,1.0,1.0,0.0,0.0,1.0,0.0,90.0,90.0,1
2025-04-11 16:13:25,26.37,5.99,3.1,0.7,7.2,0.0,0.0,0.0,0.0,0.0,28.0,42.4,19.2,32.6,-128.7,21.2,0.0,1.0,1.0,1.0,0.0,0.0,1.0,0.0,90.0,90.0,1
2025-04-11 16:13:26,26.36,5.99,3.1,0.7,7.4,0.0,0.0,0.0,0.0,0.0,28.0,42.4,19.2,32.6,-128.7,21.3,0.0,1.0,1.0,1.0,0.0,0.0,1.0,0.0,90.0,90.0,1
2025-04-11 16:13:27,26.34,5.99,3.1,0.7,7.2,0.0,0.0,0.0,0.0,0.0,28.0,42.4,19.2,32.6,-128.7,21.2,0.0,1.0,1.0,1.0,0.0,0.0,1.0,0.0,90.0,90.0,1
2025-04-11 16:13:28,26.33,5.98,3.1,0.7,6.9,0.0,0.0,0.0,0.0,0.0,28.0,42.4,19.2,32.6,-128.7,21.3,0.0,1.0,1.0,1.0,0.0,0.0,1.0,0.0,90.0,90.0,1
2025-04-11 16:13:29,26.32,5.99,3.1,0.7,7.3,0.0,0.0,0.0,0.0,0.0,28.0,42.4,19.1,32.6,-128.7,21.2,0.0,1.0,1.0,1.0,0.0,0.0,1.0,0.0,90.0,90.0,1
2025-04-11 16:13:30,26.33,5.97,3.1,0.7,7.5,0.0,0.0,0.0,0.0,0.0,28.0,42.4,19.1,32.6,-128.7,21.3,0.0,1.0,1.0,1.0,0.0,0.0,1.0,0.0,90.0,90.0,1
2025-04-11 16:13:31,26.33,5.99,3.1,0.7,7.9,0.0,0.0,0.0,0.0,0.0,28.0,42.4,19.1,32.6,-128.7,21.3,0.0,1.0,1.0,1.0,0.0,0.0,1.0,0.0,90.0,90.0,1
2025-04-11 16:13:32,26.34,5.97,3.1,0.7,7.4,0.0,0.0,0.0,0.0,0.0,28.0,42.4,19.1,32.6,-128.7,21.3,0.0,1.0,1.0,1.0,0.0,0.0,1.0,0.0,90.0,90.0,1
2025-04-11 16:13:33,26.33,5.98,3.1,0.7,7.4,0.0,0.0,0.0,0.0,0.0,28.0,42.4,19.1,32.6,-128.7,21.3,0.0,1.0,1.0,1.0,0.0,0.0,1.0,0.0,90.0,90.0,1
2025-04-11 16:13:34,26.32,5.98,3.1,0.7,7.8,0.0,0.0,0.0,0.0,0.0,28.0,42.4,19.1,32.6,-128.7,21.3,0.0,1.0,1.0,1.0,0.0,0.0,1.0,0.0,90.0,90.0,1
2025-04-11 16:13:35,26.34,5.98,3.1,0.7,7.8,0.0,0.0,0.0,0.0,0.0,28.0,42.4,19.1,32.6,-128.7,21.4,0.0,1.0,1.0,1.0,0.0,0.0,1.0,0.0,90.0,90.0,1
2025-04-11 16:13:36,26.36,5.99,3.1,0.7,7.3,0.0,0.0,0.0,0.0,0.0,28.0,42.4,19.1,32.6,-128.7,21.3,0.0,1.0,1.0,1.0,0.0,0.0,1.0,0.0,90.0,90.0,1
2025-04-11 16:13:37,26.37,5.97,3.1,0.7,7.5,0.0,0.0,0.0,0.0,0.0,28.0,42.4,19.1,32.6,-128.7,21.4,0.0,1.0,1.0,1.0,0.0,0.0,1.0,0.0,90.0,90.0,1
2025-04-11 16:13:38,26.37,5.97,3.1,0.7,7.4,0.0,0.0,0.0,0.0,0.0,28.0,42.4,19.1,32.6,-128.7,21.3,0.0,1.0,1.0,1.0,0.0,0.0,1.0,0.0,90.0,90.0,1
2025-04-11 16:13:39,26.34,5.97,3.1,0.7,8.099999,0.0,0.0,0.0,0.0,0.0,28.0,42.4,19.1,32.6,-128.7,21.4,0.0,1.0,1.0,1.0,0.0,0.0,1.0,0.0,90.0,90.0,1
2025-04-11 16:13:40,26.34,5.99,3.1,0.7,7.9,0.0,0.0,0.0,0.0,0.0,28.0,42.4,19.1,32.6,-128.7,21.3,0.0,1.0,1.0,1.0,0.0,0.0,1.0,0.0,90.0,90.0,1
2025-04-11 16:13:41,26.33,5.97,3.1,0.7,7.8,0.0,0.0,0.0,0.0,0.0,28.0,42.4,19.1,32.6,-128.7,21.4,0.0,1.0,1.0,1.0,0.0,0.0,1.0,0.0,90.0,90.0,1
2025-04-11 16:13:42,26.37,5.99,3.1,0.7,7.3,0.0,0.0,0.0,0.0,0.0,28.0,42.4,19.0,32.6,-128.7,21.4,0.0,1.0,1.0,1.0,0.0,0.0,1.0,0.0,90.0,90.0,1
2025-04-11 16:13:43,26.36,5.97,3.1,0.7,7.2,0.0,0.0,0.0,0.0,0.0,28.0,42.4,19.0,32.6,-128.7,21.4,0.0,1.0,1.0,1.0,0.0,0.0,1.0,0.0,90.0,90.0,1
2025-04-11 16:13:44,26.36,5.99,3.1,0.7,7.8,0.0,0.0,0.0,0.0,0.0,28.0,42.4,19.0,32.6,-128.7,21.3,0.0,1.0,1.0,1.0,0.0,0.0,1.0,0.0,90.0,90.0,1
2025-04-11 16:13:45,26.34,5.98,3.1,0.7,7.7,0.0,0.0,0.0,0.0,0.0,28.0,42.4,19.0,32.6,-128.7,21.3,0.0,1.0,1.0,1.0,0.0,0.0,1.0,0.0,90.0,90.0,1
2025-04-11 16:13:46,26.33,5.99,3.1,0.7,7.8,0.0,0.0,0.0,0.0,0.0,28.0,42.4,19.0,32.6,-128.7,21.3,0.0,1.0,1.0,1.0,0.0,0.0,1.0,0.0,90.0,90.0,1
2025-04-11 16:13:47,26.34,5.98,3.1,0.7,7.099999,0.0,0.0,0.0,0.0,0.0,28.0,42.4,19.0,32.6,-128.7,21.3,0.0,1.0,1.0,1.0,0.0,0.0,1.0,0.0,90.0,90.0,1
2025-04-11 16:13:48,26.36,5.99,3.1,0.7,7.2,0.0,0.0,0.0,0.0,0.0,28.0,42.4,19.0,32.6,-128.7,21.3,0.0,1.0,1.0,1.0,0.0,0.0,1.0,0.0,90.0,90.0,1
2025-04-11 16:13:49,26.38,5.98,3.1,0.7,7.7,0.0,0.0,0.0,0.0,0.0,28.0,42.4,19.0,32.6,-128.7,21.3,0.0,1.0,1.0,1.0,0.0,0.0,1.0,0.0,90.0,90.0,1
2025-04-11 16:13:50,26.36,5.98,3.1,0.7,7.7,0.0,0.0,0.0,0.0,0.0,28.0,42.4,19.0,32.6,-128.7,21.4,0.0,1.0,1.0,1.0,0.0,0.0,1.0,0.0,90.0,90.0,1
2025-04-11 16:13:51,26.37,5.99,3.2,0.7,7.599999,0.0,0.0,0.0,0.0,0.0,28.0,42.5,19.0,32.6,-128.7,21.3,0.0,1.0,1.0,1.0,0.0,0.0,1.0,0.0,90.0,90.0,1
2025-04-11 16:13:52,26.37,5.98,3.1,0.7,7.099999,0.0,0.0,0.0,0.0,0.0,28.0,42.5,19.0,32.6,-128.7,21.4,0.0,1.0,1.0,1.0,0.0,0.0,1.0,0.0,90.0,90.0,1
2025-04-11 16:13:53,26.37,5.99,3.1,0.7,7.2,0.0,0.0,0.0,0.0,0.0,28.0,42.5,19.0,32.6,-128.7,21.3,0.0,1.0,1.0,1.0,0.0,0.0,1.0,0.0,90.0,90.0,1
2025-04-11 16:13:54,26.39,5.97,3.1,0.7,7.599999,0.0,0.0,0.0,0.0,0.0,28.0,42.5,19.0,32.6,-128.7,21.4,0.0,1.0,1.0,1.0,0.0,0.0,1.0,0.0,90.0,90.0,1
2025-04-11 16:13:55,26.38,5.99,3.1,0.7,7.9,0.0,0.0,0.0,0.0,0.0,28.0,42.5,19.0,32.6,-128.7,21.3,0.0,1.0,1.0,1.0,0.0,0.0,1.0,0.0,90.0,90.0,1
2025-04-11 16:13:56,26.37,5.98,3.1,0.7,7.9,0.0,0.0,0.0,0.0,0.0,28.0,42.5,18.9,32.6,-128.7,21.3,0.0,1.0,1.0,1.0,0.0,0.0,1.0,0.0,90.0,90.0,1
2025-04-11 16:13:57,26.37,5.98,3.1,0.7,7.4,0.0,0.0,0.0,0.0,0.0,28.0,42.5,18.9,32.6,-128.7,21.3,0.0,1.0,1.0,1.0,0.0,0.0,1.0,0.0,90.0,90.0,1
2025-04-11 16:13:58,26.38,5.98,3.1,0.7,7.3,0.0,0.0,0.0,0.0,0.0,28.0,42.5,18.9,32.6,-128.7,21.3,0.0,1.0,1.0,1.0,0.0,0.0,1.0,0.0,90.0,90.0,1
2025-04-11 16:13:59,26.39,5.98,3.1,0.7,8.2,0.0,0.0,0.0,0.0,0.0,28.0,42.5,18.9,32.6,-128.7,21.3,0.0,1.0,1.0,1.0,0.0,0.0,1.0,0.0,90.0,90.0,1
2025-04-11 16:14:00,26.37,5.97,3.1,0.7,7.7,0.0,0.0,0.0,0.0,0.0,28.0,42.5,18.9,32.6,-128.7,21.3,0.0,1.0,1.0,1.0,0.0,0.0,1.0,0.0,90.0,90.0,1
2025-04-11 16:14:01,26.38,5.98,3.1,0.7,7.8,0.0,0.0,0.0,0.0,0.0,28.0,42.5,18.9,32.6,-128.7,21.3,0.0,1.0,1.0,1.0,0.0,0.0,1.0,0.0,90.0,90.0,1
2025-04-11 16:14:02,26.36,6.0,3.1,0.7,7.2,0.0,0.0,0.0,0.0,0.0,28.0,42.5,18.9,32.6,-128.7,21.3,0.0,1.0,1.0,1.0,0.0,0.0,1.0,0.0,90.0,90.0,1
2025-04-11 16:14:03,26.38,5.97,3.1,0.7,7.099999,0.0,0.0,0.0,0.0,0.0,28.0,42.5,18.9,32.6,-128.7,21.4,0.0,1.0,1.0,1.0,0.0,0.0,1.0,0.0,90.0,90.0,1
2025-04-11 16:14:04,26.38,5.98,3.1,0.7,8.0,0.0,0.0,0.0,0.0,0.0,28.0,42.5,18.9,32.6,-128.7,21.3,0.0,1.0,1.0,1.0,0.0,0.0,1.0,0.0,90.0,90.0,1
2025-04-11 16:14:05,26.41,5.99,3.1,0.7,7.7,0.0,0.0,0.0,0.0,0.0,28.0,42.5,18.9,32.6,-128.7,21.3,0.0,1.0,1.0,1.0,0.0,0.0,1.0,0.0,90.0,90.0,1
2025-04-11 16:14:06,26.41,5.99,3.1,0.7,7.8,0.0,0.0,0.0,0.0,0.0,28.0,42.5,18.9,32.6,-128.7,21.4,0.0,1.0,1.0,1.0,0.0,0.0,1.0,0.0,90.0,90.0,1
2025-04-11 16:14:07,26.38,5.98,3.1,0.7,7.0,0.0,0.0,0.0,0.0,0.0,28.0,42.5,18.8,32.6,-128.7,21.3,0.0,1.0,1.0,1.0,0.0,0.0,1.0,0.0,90.0,90.0,1
2025-04-11 16:14:08,26.37,5.97,3.1,0.7,7.4,0.0,0.0,0.0,0.0,0.0,28.0,42.5,18.8,32.6,-128.7,21.4,0.0,1.0,1.0,1.0,0.0,0.0,1.0,0.0,90.0,90.0,1
2025-04-11 16:14:09,26.39,5.99,3.1,0.7,7.7,0.0,0.0,0.0,0.0,0.0,28.0,42.5,18.8,32.6,-128.7,21.3,0.0,1.0,1.0,1.0,0.0,0.0,1.0,0.0,90.0,90.0,1
2025-04-11 16:14:10,26.38,5.97,3.1,0.7,7.3,0.0,0.0,0.0,0.0,0.0,28.0,42.5,18.8,32.6,-128.7,21.3,0.0,1.0,1.0,1.0,0.0,0.0,1.0,0.0,90.0,90.0,1
2025-04-11 16:14:11,26.39,5.98,3.1,0.7,7.0,0.0,0.0,0.0,0.0,0.0,28.0,42.5,18.8,32.6,-128.7,21.3,0.0,1.0,1.0,1.0,0.0,0.0,1.0,0.0,90.0,90.0,1
2025-04-11 16:14:12,26.39,5.97,3.1,0.7,7.099999,0.0,0.0,0.0,0.0,0.0,28.0,42.5,18.8,32.6,-128.7,21.3,0.0,1.0,1.0,1.0,0.0,0.0,1.0,0.0,90.0,90.0,1
2025-04-11 16:14:13,26.36,5.97,3.1,0.7,7.8,0.0,0.0,0.0,0.0,0.0,28.0,42.5,18.8,32.6,-128.7,21.4,0.0,1.0,1.0,1.0,0.0,0.0,1.0,0.0,90.0,90.0,1
2025-04-11 16:14:14,26.38,6.0,3.1,0.7,7.2,0.0,0.0,0.0,0.0,0.0,28.0,42.5,18.8,32.5,-128.7,21.2,0.0,1.0,1.0,1.0,0.0,0.0,1.0,0.0,90.0,90.0,1
2025-04-11 16:14:15,26.37,5.97,3.1,0.7,7.2,0.0,0.0,0.0,0.0,0.0,28.0,42.5,18.8,32.5,-128.7,21.3,0.0,1.0,1.0,1.0,0.0,0.0,1.0,0.0,90.0,90.0,1
2025-04-11 16:14:16,26.36,5.98,3.1,0.7,7.7,0.0,0.0,0.0,0.0,0.0,28.0,42.5,18.7,32.5,-128.7,21.2,0.0,1.0,1.0,1.0,0.0,0.0,1.0,0.0,90.0,90.0,1
2025-04-11 16:14:17,26.36,5.97,3.1,0.7,7.8,0.0,0.0,0.0,0.0,0.0,28.0,42.6,18.7,32.5,-128.7,21.3,0.0,1.0,1.0,1.0,0.0,0.0,1.0,0.0,90.0,90.0,1
2025-04-11 16:14:18,26.36,5.97,3.1,0.7,7.8,0.0,0.0,0.0,0.0,0.0,28.0,42.6,18.7,32.5,-128.7,21.3,0.0,1.0,1.0,1.0,0.0,0.0,1.0,0.0,90.0,90.0,1
2025-04-11 16:14:19,26.37,5.97,3.1,0.7,7.2,0.0,0.0,0.0,0.0,0.0,28.0,42.5,18.7,32.5,-128.7,21.3,0.0,1.0,1.0,1.0,0.0,0.0,1.0,0.0,90.0,90.0,1
2025-04-11 16:14:20,26.37,5.97,3.1,0.7,7.599999,0.0,0.0,0.0,0.0,0.0,28.0,42.5,18.7,32.5,-128.7,21.3,0.0,1.0,1.0,1.0,0.0,0.0,1.0,0.0,90.0,90.0,1
2025-04-11 16:14:21,26.34,5.97,3.1,0.7,7.4,0.0,0.0,0.0,0.0,0.0,28.0,42.5,18.7,32.5,-128.7,21.3,0.0,1.0,1.0,1.0,0.0,0.0,1.0,0.0,90.0,90.0,1
2025-04-11 16:14:22,26.33,5.96,3.1,0.7,7.3,0.0,0.0,0.0,0.0,0.0,28.0,42.5,18.7,32.5,-128.7,21.3,0.0,1.0,1.0,1.0,0.0,0.0,1.0,0.0,90.0,90.0,1
2025-04-11 16:14:23,26.33,5.97,3.1,0.7,7.9,0.0,0.0,0.0,0.0,0.0,28.0,42.5,18.7,32.5,-128.7,21.3,0.0,1.0,1.0,1.0,0.0,0.0,1.0,0.0,90.0,90.0,1
2025-04-11 16:14:24,26.36,5.97,3.1,0.7,7.599999,0.0,0.0,0.0,0.0,0.0,28.0,42.5,18.7,32.5,-128.7,21.3,0.0,1.0,1.0,1.0,0.0,0.0,1.0,0.0,90.0,90.0,1
2025-04-11 16:14:25,26.36,5.96,3.1,0.7,7.4,0.0,0.0,0.0,0.0,0.0,28.0,42.5,18.7,32.5,-128.7,21.3,0.0,1.0,1.0,1.0,0.0,0.0,1.0,0.0,90.0,90.0,1
2025-04-11 16:14:26,26.36,5.97,3.1,0.7,7.4,0.0,0.0,0.0,0.0,0.0,28.0,42.5,18.7,32.5,-128.7,21.3,0.0,1.0,1.0,1.0,0.0,0.0,1.0,0.0,90.0,90.0,1
2025-04-11 16:14:27,26.33,5.96,3.1,0.7,7.7,0.0,0.0,0.0,0.0,0.0,28.0,42.5,18.6,32.5,-128.7,21.3,0.0,1.0,1.0,1.0,0.0,0.0,1.0,0.0,90.0,90.0,1
2025-04-11 16:14:28,26.33,5.97,3.1,0.7,7.3,0.0,0.0,0.0,0.0,0.0,28.0,42.5,18.6,32.5,-128.7,21.3,0.0,1.0,1.0,1.0,0.0,0.0,1.0,0.0,90.0,90.0,1
2025-04-11 16:14:29,26.33,5.96,3.1,0.7,7.3,0.0,0.0,0.0,0.0,0.0,28.0,42.5,18.6,32.5,-128.7,21.3,0.0,1.0,1.0,1.0,0.0,0.0,1.0,0.0,90.0,90.0,1
2025-04-11 16:14:30,26.34,5.97,3.1,0.7,7.599999,0.0,0.0,0.0,0.0,0.0,28.0,42.5,18.6,32.5,-128.7,21.3,0.0,1.0,1.0,1.0,0.0,0.0,1.0,0.0,90.0,90.0,1
2025-04-11 16:14:31,26.34,5.97,3.1,0.7,7.3,0.0,0.0,0.0,0.0,0.0,28.0,42.5,18.6,32.5,-128.7,21.3,0.0,1.0,1.0,1.0,0.0,0.0,1.0,0.0,90.0,90.0,1
2025-04-11 16:14:32,26.33,5.96,3.1,0.7,8.299999,0.0,0.0,0.0,0.0,0.0,28.0,42.5,18.6,32.5,-128.7,21.3,0.0,1.0,1.0,1.0,0.0,0.0,1.0,0.0,90.0,90.0,1
2025-04-11 16:14:33,26.34,5.97,3.1,0.7,7.8,0.0,0.0,0.0,0.0,0.0,28.0,42.5,18.6,32.5,-128.7,21.3,0.0,1.0,1.0,1.0,0.0,0.0,1.0,0.0,90.0,90.0,1
2025-04-11 16:14:34,26.36,5.95,3.1,0.7,7.5,0.0,0.0,0.0,0.0,0.0,28.0,42.5,18.6,32.5,-128.7,21.4,0.0,1.0,1.0,1.0,0.0,0.0,1.0,0.0,90.0,90.0,1
2025-04-11 16:14:35,26.34,5.97,3.1,0.7,7.7,0.0,0.0,0.0,0.0,0.0,28.0,42.5,18.6,32.5,-128.7,21.3,0.0,1.0,1.0,1.0,0.0,0.0,1.0,0.0,90.0,90.0,1
2025-04-11 16:14:36,26.33,5.96,3.1,0.7,6.8,0.0,0.0,0.0,0.0,0.0,28.0,42.5,18.6,32.4,-128.7,21.2,0.0,1.0,1.0,1.0,0.0,0.0,1.0,0.0,90.0,90.0,1
2025-04-11 16:14:37,26.32,5.96,3.1,0.7,7.2,0.0,0.0,0.0,0.0,0.0,28.0,42.5,18.5,32.4,-128.7,21.3,0.0,1.0,1.0,1.0,0.0,0.0,1.0,0.0,90.0,90.0,1
2025-04-11 16:14:38,26.32,5.96,3.1,0.7,7.4,0.0,0.0,0.0,0.0,0.0,28.0,42.5,18.5,32.4,-128.7,21.2,0.0,1.0,1.0,1.0,0.0,0.0,1.0,0.0,90.0,90.0,1
2025-04-11 16:14:39,26.34,5.95,3.1,0.7,8.299999,0.0,0.0,0.0,0.0,0.0,28.0,42.5,18.5,32.4,-128.7,21.3,0.0,1.0,1.0,1.0,0.0,0.0,1.0,0.0,90.0,90.0,1
2025-04-11 16:14:40,26.33,5.96,3.1,0.7,7.7,0.0,0.0,0.0,0.0,0.0,28.0,42.5,18.5,32.4,-128.7,21.2,0.0,1.0,1.0,1.0,0.0,0.0,1.0,0.0,90.0,90.0,1
2025-04-11 16:14:41,26.33,5.95,3.1,0.7,7.7,0.0,0.0,0.0,0.0,0.0,28.0,42.5,18.5,32.4,-128.7,21.3,0.0,1.0,1.0,1.0,0.0,0.0,1.0,0.0,90.0,90.0,1
2025-04-11 16:14:42,26.32,5.96,3.1,0.7,7.2,0.0,0.0,0.0,0.0,0.0,28.0,42.5,18.5,32.4,-128.7,21.2,0.0,1.0,1.0,1.0,0.0,0.0,1.0,0.0,90.0,90.0,1
2025-04-11 16:14:43,26.32,5.95,3.1,0.7,7.5,0.0,0.0,0.0,0.0,0.0,28.0,42.5,18.5,32.4,-128.7,21.2,0.0,1.0,1.0,1.0,0.0,0.0,1.0,0.0,90.0,90.0,1
2025-04-11 16:14:44,26.34,5.96,3.1,0.7,7.4,0.0,0.0,0.0,0.0,0.0,28.0,42.5,18.5,32.4,-128.7,21.2,0.0,1.0,1.0,1.0,0.0,0.0,1.0,0.0,90.0,90.0,1
2025-04-11 16:14:45,26.36,5.96,3.1,0.7,7.2,0.0,0.0,0.0,0.0,0.0,28.0,42.5,18.5,32.4,-128.7,21.2,0.0,1.0,1.0,1.0,0.0,0.0,1.0,0.0,90.0,90.0,1
2025-04-11 16:14:46,26.34,5.94,3.1,0.7,7.3,0.0,0.0,0.0,0.0,0.0,28.0,42.5,18.4,32.4,-128.7,21.3,0.0,1.0,1.0,1.0,0.0,0.0,1.0,0.0,90.0,90.0,1
2025-04-11 16:14:47,26.32,5.96,3.1,0.7,7.099999,0.0,0.0,0.0,0.0,0.0,28.0,42.5,18.4,32.4,-128.7,21.2,0.0,1.0,1.0,1.0,0.0,0.0,1.0,0.0,90.0,90.0,1
2025-04-11 16:14:48,26.31,5.96,3.1,0.7,8.099999,0.0,0.0,0.0,0.0,0.0,28.0,42.5,18.4,32.4,-128.7,21.2,0.0,1.0,1.0,1.0,0.0,0.0,1.0,0.0,90.0,90.0,1
2025-04-11 16:14:49,26.32,5.97,3.1,0.7,7.2,0.0,0.0,0.0,0.0,0.0,28.0,42.5,18.4,32.4,-128.7,21.2,0.0,1.0,1.0,1.0,0.0,0.0,1.0,0.0,90.0,90.0,1
2025-04-11 16:14:50,26.32,5.94,3.1,0.7,7.599999,0.0,0.0,0.0,0.0,0.0,28.0,42.5,18.4,32.4,-128.7,21.3,0.0,1.0,1.0,1.0,0.0,0.0,1.0,0.0,90.0,90.0,1
2025-04-11 16:14:51,26.33,5.97,3.1,0.7,7.8,0.0,0.0,0.0,0.0,0.0,28.0,42.5,18.4,32.4,-128.7,21.2,0.0,1.0,1.0,1.0,0.0,0.0,1.0,0.0,90.0,90.0,1
2025-04-11 16:14:52,26.32,5.95,3.1,0.7,7.599999,0.0,0.0,0.0,0.0,0.0,28.0,42.5,18.4,32.4,-128.7,21.2,0.0,1.0,1.0,1.0,0.0,0.0,1.0,0.0,90.0,90.0,1
2025-04-11 16:14:53,26.3,5.95,3.1,0.7,7.8,0.0,0.0,0.0,0.0,0.0,28.0,42.5,18.4,32.4,-128.7,21.3,0.0,1.0,1.0,1.0,0.0,0.0,1.0,0.0,90.0,90.0,1
2025-04-11 16:14:54,26.31,5.95,3.1,0.7,7.8,0.0,0.0,0.0,0.0,0.0,28.0,42.5,18.4,32.4,-128.7,21.3,0.0,1.0,1.0,1.0,0.0,0.0,1.0,0.0,90.0,90.0,1
2025-04-11 16:14:55,26.32,5.96,3.1,0.7,8.0,0.0,0.0,0.0,0.0,0.0,28.0,42.5,18.4,32.3,-128.7,21.2,0.0,1.0,1.0,1.0,0.0,0.0,1.0,0.0,90.0,90.0,1
2025-04-11 16:14:56,26.33,5.95,3.1,0.7,7.7,0.0,0.0,0.0,0.0,0.0,28.0,42.5,18.4,32.3,-128.7,21.2,0.0,1.0,1.0,1.0,0.0,0.0,1.0,0.0,90.0,90.0,1
2025-04-11 16:14:57,26.33,5.95,3.1,0.7,7.099999,0.0,0.0,0.0,0.0,0.0,28.0,42.5,18.4,32.3,-128.7,21.2,0.0,1.0,1.0,1.0,0.0,0.0,1.0,0.0,90.0,90.0,1
2025-04-11 16:14:58,26.31,5.94,3.1,0.7,7.3,0.0,0.0,0.0,0.0,0.0,28.0,42.5,18.4,32.3,-128.7,21.1,0.0,1.0,1.0,1.0,0.0,0.0,1.0,0.0,90.0,90.0,1
2025-04-11 16:14:59,26.31,5.95,3.1,0.7,7.3,0.0,0.0,0.0,0.0,0.0,28.0,42.5,18.3,32.3,-128.7,21.2,0.0,1.0,1.0,1.0,0.0,0.0,1.0,0.0,90.0,90.0,1
2025-04-11 16:15:00,26.31,5.94,3.1,0.7,7.2,0.0,0.0,0.0,0.0,0.0,28.0,42.5,18.3,32.3,-128.7,21.2,0.0,1.0,1.0,1.0,0.0,0.0,1.0,0.0,90.0,90.0,1
2025-04-11 16:15:01,26.31,5.94,3.1,0.7,7.599999,0.0,0.0,0.0,0.0,0.0,28.0,42.5,18.3,32.3,-128.7,21.2,0.0,1.0,1.0,1.0,0.0,0.0,1.0,0.0,90.0,90.0,1
2025-04-11 16:15:02,26.32,5.94,3.1,0.7,7.099999,0.0,0.0,0.0,0.0,0.0,28.0,42.5,18.3,32.3,-128.7,21.2,0.0,1.0,1.0,1.0,0.0,0.0,1.0,0.0,90.0,90.0,1
2025-04-11 16:15:03,26.31,5.94,3.1,0.7,8.099999,0.0,0.0,0.0,0.0,0.0,28.0,42.5,18.3,32.3,-128.7,21.2,0.0,1.0,1.0,1.0,0.0,0.0,1.0,0.0,90.0,90.0,1
2025-04-11 16:15:04,26.3,5.94,3.1,0.7,7.9,0.0,0.0,0.0,0.0,0.0,28.0,42.5,18.3,32.3,-128.7,21.2,0.0,1.0,1.0,1.0,0.0,0.0,1.0,0.0,90.0,90.0,1
2025-04-11 16:15:05,26.31,5.94,3.1,0.7,7.7,0.0,0.0,0.0,0.0,0.0,28.0,42.5,18.3,32.3,-128.7,21.2,0.0,1.0,1.0,1.0,0.0,0.0,1.0,0.0,90.0,90.0,1
2025-04-11 16:15:06,26.32,5.94,3.1,0.7,7.599999,0.0,0.0,0.0,0.0,0.0,28.0,42.5,18.3,32.3,-128.7,21.2,0.0,1.0,1.0,1.0,0.0,0.0,1.0,0.0,90.0,90.0,1
2025-04-11 16:15:07,26.32,5.94,3.1,0.7,7.3,0.0,0.0,0.0,0.0,0.0,28.0,42.5,18.3,32.3,-128.7,21.2,0.0,1.0,1.0,1.0,0.0,0.0,1.0,0.0,90.0,90.0,1
2025-04-11 16:15:08,26.31,5.96,3.1,0.7,7.4,0.0,0.0,0.0,0.0,0.0,28.0,42.5,18.3,32.3,-128.7,21.1,0.0,1.0,1.0,1.0,0.0,0.0,1.0,0.0,90.0,90.0,1
2025-04-11 16:15:09,26.3,5.94,3.1,0.7,7.4,0.0,0.0,0.0,0.0,0.0,28.0,42.5,18.3,32.3,-128.7,21.2,0.0,1.0,1.0,1.0,0.0,0.0,1.0,0.0,90.0,90.0,1
2025-04-11 16:15:10,26.28,5.96,3.1,0.7,7.2,0.0,0.0,0.0,0.0,0.0,28.0,42.5,18.3,32.3,-128.7,21.1,0.0,1.0,1.0,1.0,0.0,0.0,1.0,0.0,90.0,90.0,1
2025-04-11 16:15:11,26.31,5.94,3.1,0.7,7.2,0.0,0.0,0.0,0.0,0.0,28.0,42.5,18.3,32.3,-128.7,21.2,0.0,1.0,1.0,1.0,0.0,0.0,1.0,0.0,90.0,90.0,1
2025-04-11 16:15:12,26.32,5.95,3.1,0.7,7.599999,0.0,0.0,0.0,0.0,0.0,28.0,42.5,18.2,32.3,-128.7,21.2,0.0,1.0,1.0,1.0,0.0,0.0,1.0,0.0,90.0,90.0,1
2025-04-11 16:15:13,26.32,5.94,3.1,0.7,7.7,0.0,0.0,0.0,0.0,0.0,28.0,42.5,18.2,32.3,-128.7,21.2,0.0,1.0,1.0,1.0,0.0,0.0,1.0,0.0,90.0,90.0,1
2025-04-11 16:15:14,26.3,5.96,3.1,0.7,7.7,0.0,0.0,0.0,0.0,0.0,28.0,42.5,18.2,32.2,-128.7,21.1,0.0,1.0,1.0,1.0,0.0,0.0,1.0,0.0,90.0,90.0,1
2025-04-11 16:15:15,26.3,5.95,3.1,0.7,7.2,0.0,0.0,0.0,0.0,0.0,28.0,42.5,18.2,32.2,-128.7,21.1,0.0,1.0,1.0,1.0,0.0,0.0,1.0,0.0,90.0,90.0,1
2025-04-11 16:15:16,26.32,5.95,3.1,0.7,7.599999,0.0,0.0,0.0,0.0,0.0,28.0,42.5,18.2,32.2,-128.7,21.1,0.0,1.0,1.0,1.0,0.0,0.0,1.0,0.0,90.0,90.0,1
2025-04-11 16:15:17,26.32,5.94,3.1,0.7,7.2,0.0,0.0,0.0,0.0,0.0,28.0,42.5,18.2,32.2,-128.7,21.0,0.0,1.0,1.0,1.0,0.0,0.0,1.0,0.0,90.0,90.0,1
2025-04-11 16:15:18,26.34,5.95,3.1,0.7,7.099999,0.0,0.0,0.0,0.0,0.0,28.0,42.5,18.2,32.2,-128.7,21.1,0.0,1.0,1.0,1.0,0.0,0.0,1.0,0.0,90.0,90.0,1
2025-04-11 16:15:19,26.33,5.95,3.1,0.7,7.4,0.0,0.0,0.0,0.0,0.0,28.0,42.5,18.2,32.2,-128.7,21.0,0.0,1.0,1.0,1.0,0.0,0.0,1.0,0.0,90.0,90.0,1
2025-04-11 16:15:20,26.31,5.95,3.1,0.7,7.099999,0.0,0.0,0.0,0.0,0.0,28.0,42.5,18.2,32.2,-128.7,21.0,0.0,1.0,1.0,1.0,0.0,0.0,1.0,0.0,90.0,90.0,1
2025-04-11 16:15:21,26.3,5.95,3.1,0.7,7.4,0.0,0.0,0.0,0.0,0.0,28.0,42.6,18.2,32.2,-128.7,21.1,0.0,1.0,1.0,1.0,0.0,0.0,1.0,0.0,90.0,90.0,1
2025-04-11 16:15:22,26.3,5.95,3.1,0.7,7.5,0.0,0.0,0.0,0.0,0.0,28.0,42.6,18.2,32.2,-128.7,21.1,0.0,1.0,1.0,1.0,0.0,0.0,1.0,0.0,90.0,90.0,1
2025-04-11 16:15:23,26.32,5.97,3.1,0.7,7.2,0.0,0.0,0.0,0.0,0.0,28.0,42.6,18.2,32.2,-128.7,21.0,0.0,1.0,1.0,1.0,0.0,0.0,1.0,0.0,90.0,90.0,1
2025-04-11 16:15:24,26.31,5.96,3.1,0.7,8.0,0.0,0.0,0.0,0.0,0.0,28.0,42.6,18.2,32.2,-128.7,21.1,0.0,1.0,1.0,1.0,0.0,0.0,1.0,0.0,90.0,90.0,1
2025-04-11 16:15:25,26.32,5.96,3.1,0.7,7.3,0.0,0.0,0.0,0.0,0.0,28.0,42.6,18.2,32.2,-128.7,21.0,0.0,1.0,1.0,1.0,0.0,0.0,1.0,0.0,90.0,90.0,1
2025-04-11 16:15:26,26.32,5.95,3.1,0.7,7.4,0.0,0.0,0.0,0.0,0.0,28.0,42.6,18.2,32.2,-128.7,21.1,0.0,1.0,1.0,1.0,0.0,0.0,1.0,0.0,90.0,90.0,1
2025-04-11 16:15:27,26.3,5.97,3.1,0.7,7.2,0.0,0.0,0.0,0.0,0.0,28.0,42.6,18.1,32.2,-128.7,21.0,0.0,1.0,1.0,1.0,0.0,0.0,1.0,0.0,90.0,90.0,1
2025-04-11 16:15:28,26.31,5.96,3.1,0.7,7.3,0.0,0.0,0.0,0.0,0.0,28.0,42.5,18.1,32.2,-128.7,21.0,0.0,1.0,1.0,1.0,0.0,0.0,1.0,0.0,90.0,90.0,1
2025-04-11 16:15:29,26.33,5.97,3.1,0.7,8.0,0.0,0.0,0.0,0.0,0.0,28.0,42.5,18.1,32.2,-128.7,21.1,0.0,1.0,1.0,1.0,0.0,0.0,1.0,0.0,90.0,90.0,1
2025-04-11 16:15:30,26.33,5.95,3.1,0.7,7.4,0.0,0.0,0.0,0.0,0.0,28.0,42.5,18.1,32.2,-128.7,21.0,0.0,1.0,1.0,1.0,0.0,0.0,1.0,0.0,90.0,90.0,1
2025-04-11 16:15:31,26.32,5.96,3.1,0.7,7.8,0.0,0.0,0.0,0.0,0.0,28.0,42.5,18.1,32.2,-128.7,21.0,0.0,1.0,1.0,1.0,0.0,0.0,1.0,0.0,90.0,90.0,1
2025-04-11 16:15:32,26.31,5.96,3.1,0.7,8.0,0.0,0.0,0.0,0.0,0.0,28.0,42.5,18.1,32.2,-128.7,21.0,0.0,1.0,1.0,1.0,0.0,0.0,1.0,0.0,90.0,90.0,1
2025-04-11 16:15:33,26.3,5.95,3.1,0.7,7.099999,0.0,0.0,0.0,0.0,0.0,28.0,42.5,18.1,32.2,-128.7,21.1,0.0,1.0,1.0,1.0,0.0,0.0,1.0,0.0,90.0,90.0,1
2025-04-11 16:15:34,26.32,5.95,3.1,0.7,7.5,0.0,0.0,0.0,0.0,0.0,28.0,42.6,18.1,32.2,-128.7,21.0,0.0,1.0,1.0,1.0,0.0,0.0,1.0,0.0,90.0,90.0,1
2025-04-11 16:15:35,26.33,5.96,3.1,0.7,7.4,0.0,0.0,0.0,0.0,0.0,28.0,42.6,18.1,32.2,-128.7,21.1,0.0,1.0,1.0,1.0,0.0,0.0,1.0,0.0,90.0,90.0,1
2025-04-11 16:15:36,26.33,5.96,3.1,0.7,7.3,0.0,0.0,0.0,0.0,0.0,28.0,42.6,18.1,32.1,-128.7,20.9,0.0,1.0,1.0,1.0,0.0,0.0,1.0,0.0,90.0,90.0,1
2025-04-11 16:15:37,26.32,5.95,3.1,0.7,8.0,0.0,0.0,0.0,0.0,0.0,28.0,42.6,18.1,32.1,-128.7,21.0,0.0,1.0,1.0,1.0,0.0,0.0,1.0,0.0,90.0,90.0,1
2025-04-11 16:15:38,26.32,5.97,3.1,0.7,7.7,0.0,0.0,0.0,0.0,0.0,28.0,42.6,18.1,32.1,-128.7,20.9,0.0,1.0,1.0,1.0,0.0,0.0,1.0,0.0,90.0,90.0,1
2025-04-11 16:15:39,26.33,5.96,3.1,0.7,8.0,0.0,0.0,0.0,0.0,0.0,28.0,42.6,18.1,32.1,-128.7,20.9,0.0,1.0,1.0,1.0,0.0,0.0,1.0,0.0,90.0,90.0,1
2025-04-11 16:15:40,26.33,5.97,3.1,0.7,7.599999,0.0,0.0,0.0,0.0,0.0,28.0,42.6,18.1,32.1,-128.7,20.9,0.0,1.0,1.0,1.0,0.0,0.0,1.0,0.0,90.0,90.0,1
2025-04-11 16:15:41,26.36,5.95,3.1,0.7,7.3,0.0,0.0,0.0,0.0,0.0,27.9,42.6,18.1,32.1,-128.7,21.0,0.0,1.0,1.0,1.0,0.0,0.0,1.0,0.0,90.0,90.0,1
2025-04-11 16:15:42,26.36,5.96,3.1,0.7,7.599999,0.0,0.0,0.0,0.0,0.0,27.9,42.6,18.1,32.1,-128.7,20.9,0.0,1.0,1.0,1.0,0.0,0.0,1.0,0.0,90.0,90.0,1
2025-04-11 16:15:43,26.34,5.96,3.1,0.7,7.099999,0.0,0.0,0.0,0.0,0.0,27.9,42.6,18.1,32.1,-128.7,20.9,0.0,1.0,1.0,1.0,0.0,0.0,1.0,0.0,90.0,90.0,1
2025-04-11 16:15:44,26.33,5.97,3.1,0.7,7.8,0.0,0.0,0.0,0.0,0.0,27.9,42.6,18.1,32.1,-128.7,20.9,0.0,1.0,1.0,1.0,0.0,0.0,1.0,0.0,90.0,90.0,1
2025-04-11 16:15:45,26.32,5.95,3.1,0.7,7.2,0.0,0.0,0.0,0.0,0.0,27.9,42.6,18.1,32.1,-128.7,20.9,0.0,1.0,1.0,1.0,0.0,0.0,1.0,0.0,90.0,90.0,1
2025-04-11 16:15:46,26.33,5.97,3.1,0.7,7.5,0.0,0.0,0.0,0.0,0.0,27.9,42.6,18.1,32.1,-128.7,20.9,0.0,1.0,1.0,1.0,0.0,0.0,1.0,0.0,90.0,90.0,1
2025-04-11 16:15:47,26.33,5.96,3.1,0.7,7.2,0.0,0.0,0.0,0.0,0.0,27.9,42.6,18.1,32.1,-128.7,20.9,0.0,1.0,1.0,1.0,0.0,0.0,1.0,0.0,90.0,90.0,1
2025-04-11 16:15:48,26.34,5.97,3.1,0.7,7.2,0.0,0.0,0.0,0.0,0.0,27.9,42.6,18.1,32.1,-128.7,20.9,0.0,1.0,1.0,1.0,0.0,0.0,1.0,0.0,90.0,90.0,1
2025-04-11 16:15:49,26.36,5.96,3.1,0.7,7.7,0.0,0.0,0.0,0.0,0.0,27.9,42.6,18.0,32.1,-128.7,20.9,0.0,1.0,1.0,1.0,0.0,0.0,1.0,0.0,90.0,90.0,1
2025-04-11 16:15:50,26.37,5.97,3.1,0.7,7.5,0.0,0.0,0.0,0.0,0.0,27.9,42.6,18.0,32.1,-128.7,20.9,0.0,1.0,1.0,1.0,0.0,0.0,1.0,0.0,90.0,90.0,1
2025-04-11 16:15:51,26.37,5.97,3.1,0.7,7.2,0.0,0.0,0.0,0.0,0.0,27.9,42.6,18.0,32.1,-128.7,20.9,0.0,1.0,1.0,1.0,0.0,0.0,1.0,0.0,90.0,90.0,1
2025-04-11 16:15:52,26.34,5.97,3.1,0.7,7.9,0.0,0.0,0.0,0.0,0.0,27.9,42.6,18.0,32.1,-128.7,20.9,0.0,1.0,1.0,1.0,0.0,0.0,1.0,0.0,90.0,90.0,1
2025-04-11 16:15:53,26.34,5.98,3.1,0.7,7.599999,0.0,0.0,0.0,0.0,0.0,27.9,42.6,18.0,32.1,-128.7,20.9,0.0,1.0,1.0,1.0,0.0,0.0,1.0,0.0,90.0,90.0,1
2025-04-11 16:15:54,26.36,5.97,3.1,0.7,6.9,0.0,0.0,0.0,0.0,0.0,27.9,42.6,18.0,32.1,-128.7,20.9,0.0,1.0,1.0,1.0,0.0,0.0,1.0,0.0,90.0,90.0,1
2025-04-11 16:15:55,26.36,5.97,3.1,0.7,7.7,0.0,0.0,0.0,0.0,0.0,27.9,42.6,18.0,32.1,-128.7,20.8,0.0,1.0,1.0,1.0,0.0,0.0,1.0,0.0,90.0,90.0,1
2025-04-11 16:15:56,26.38,5.97,3.1,0.7,7.5,0.0,0.0,0.0,0.0,0.0,27.9,42.6,18.0,32.1,-128.7,20.9,0.0,1.0,1.0,1.0,0.0,0.0,1.0,0.0,90.0,90.0,1
2025-04-11 16:15:57,26.37,5.97,3.1,0.7,7.7,0.0,0.0,0.0,0.0,0.0,27.9,42.6,18.0,32.1,-128.7,20.9,0.0,1.0,1.0,1.0,0.0,0.0,1.0,0.0,90.0,90.0,1
2025-04-11 16:15:58,26.36,5.97,3.1,0.7,7.599999,0.0,0.0,0.0,0.0,0.0,27.9,42.6,18.0,32.1,-128.7,20.9,0.0,1.0,1.0,1.0,0.0,0.0,1.0,0.0,90.0,90.0,1
2025-04-11 16:15:59,26.34,5.98,3.1,0.7,7.4,0.0,0.0,0.0,0.0,0.0,27.9,42.6,18.0,32.1,-128.7,20.9,0.0,1.0,1.0,1.0,0.0,0.0,1.0,0.0,90.0,90.0,1
2025-04-11 16:16:00,26.36,5.97,3.1,0.7,7.4,0.0,0.0,0.0,0.0,0.0,27.9,42.6,18.0,32.0,-128.7,20.8,0.0,1.0,1.0,1.0,0.0,0.0,1.0,0.0,90.0,90.0,1
2025-04-14 09:00:00,15.72,4.46,2.5,0.7,7.5,0.0,0.0,0.0,0.0,0.0,28.4,23.2,22.4,24.0,-128.7,20.9,0.0,1.0,1.0,1.0,0.0,0.0,1.0,0.0,90.0,90.0,1
2025-04-14 09:00:01,15.74,4.48,2.5,0.7,7.599999,0.0,0.0,0.0,0.0,0.0,28.4,23.2,22.5,24.0,-128.7,20.8,0.0,1.0,1.0,1.0,0.0,0.0,1.0,0.0,90.0,90.0,1
2025-04-14 09:00:02,15.72,4.46,2.5,0.7,7.3,0.0,0.0,0.0,0.0,0.0,28.4,23.2,22.5,24.0,-128.7,20.9,0.0,1.0,1.0,1.0,0.0,0.0,1.0,0.0,90.0,90.0,1
2025-04-14 09:00:03,15.74,4.47,2.5,0.7,7.0,0.0,0.0,0.0,0.0,0.0,28.4,23.2,22.5,24.0,-128.7,20.9,0.0,1.0,1.0,1.0,0.0,0.0,1.0,0.0,90.0,90.0,1
2025-04-14 09:00:04,15.72,4.46,2.5,0.7,7.5,0.0,0.0,0.0,0.0,0.0,28.4,23.2,22.5,24.0,-128.7,20.9,0.0,1.0,1.0,1.0,0.0,0.0,1.0,0.0,90.0,90.0,1
2025-04-14 09:00:05,15.74,4.46,2.5,0.7,7.9,0.0,0.0,0.0,0.0,0.0,28.4,23.2,22.5,24.0,-128.7,20.8,0.0,1.0,1.0,1.0,0.0,0.0,1.0,0.0,90.0,90.0,1
2025-04-14 09:00:06,15.7,4.48,2.5,0.8,7.9,0.0,0.0,0.0,0.0,0.0,28.4,23.2,22.5,24.0,-128.7,20.9,0.0,1.0,1.0,1.0,0.0,0.0,1.0,0.0,90.0,90.0,1
2025-04-14 09:00:07,15.72,4.46,2.5,0.7,7.7,0.0,0.0,0.0,0.0,0.0,28.4,23.2,22.5,24.0,-128.7,20.9,0.0,1.0,1.0,1.0,0.0,0.0,1.0,0.0,90.0,90.0,1
2025-04-14 09:00:08,15.71,4.47,2.5,0.8,7.4,0.0,0.0,0.0,0.0,0.0,28.4,23.2,22.5,24.0,-128.7,20.9,0.0,1.0,1.0,1.0,0.0,0.0,1.0,0.0,90.0,90.0,1
2025-04-14 09:00:09,15.74,4.48,2.5,0.7,7.9,0.0,0.0,0.0,0.0,0.0,28.4,23.2,22.5,24.0,-128.7,20.8,0.0,1.0,1.0,1.0,0.0,0.0,1.0,0.0,90.0,90.0,1
2025-04-14 09:00:10,15.72,4.47,2.5,0.7,7.099999,0.0,0.0,0.0,0.0,0.0,28.4,23.2,22.6,24.0,-128.7,20.9,0.0,1.0,1.0,1.0,0.0,0.0,1.0,0.0,90.0,90.0,1
2025-04-14 09:00:11,15.74,4.48,2.5,0.7,7.2,0.0,0.0,0.0,0.0,0.0,28.4,23.2,22.6,24.0,-128.7,20.8,0.0,1.0,1.0,1.0,0.0,0.0,1.0,0.0,90.0,90.0,1
2025-04-14 09:00:12,15.74,4.48,2.5,0.7,7.9,0.0,0.0,0.0,0.0,0.0,28.4,23.2,22.6,24.0,-128.7,20.9,0.0,1.0,1.0,1.0,0.0,0.0,1.0,0.0,90.0,90.0,1
2025-04-14 09:00:13,15.74,4.47,2.5,0.7,6.7,0.0,0.0,0.0,0.0,0.0,28.4,23.2,22.6,24.1,-128.7,20.9,0.0,1.0,1.0,1.0,0.0,0.0,1.0,0.0,90.0,90.0,1
2025-04-14 09:00:14,15.72,4.48,2.5,0.7,7.4,0.0,0.0,0.0,0.0,0.0,28.4,23.2,22.6,24.1,-128.7,20.9,0.0,1.0,1.0,1.0,0.0,0.0,1.0,0.0,90.0,90.0,1
2025-04-14 09:00:15,15.74,4.48,2.5,0.7,8.2,0.0,0.0,0.0,0.0,0.0,28.4,23.2,22.6,24.1,-128.7,20.9,0.0,1.0,1.0,1.0,0.0,0.0,1.0,0.0,90.0,90.0,1
2025-04-14 09:00:16,15.72,4.49,2.5,0.7,7.3,0.0,0.0,0.0,0.0,0.0,28.4,23.2,22.6,24.1,-128.7,20.9,0.0,1.0,1.0,1.0,0.0,0.0,1.0,0.0,90.0,90.0,1
2025-04-14 09:00:17,15.74,4.48,2.5,0.7,7.4,0.0,0.0,0.0,0.0,0.0,28.4,23.2,22.6,24.1,-128.7,21.0,0.0,1.0,1.0,1.0,0.0,0.0,1.0,0.0,90.0,90.0,1
2025-04-14 09:00:18,15.71,4.48,2.5,0.7,7.2,0.0,0.0,0.0,0.0,0.0,28.4,23.2,22.6,24.1,-128.7,20.9,0.0,1.0,1.0,1.0,0.0,0.0,1.0,0.0,90.0,90.0,1
2025-04-14 09:00:19,15.72,4.48,2.5,0.7,7.7,0.0,0.0,0.0,0.0,0.0,28.4,23.2,22.7,24.1,-128.7,20.9,0.0,1.0,1.0,1.0,0.0,0.0,1.0,0.0,90.0,90.0,1
2025-04-14 09:00:20,15.72,4.47,2.5,0.7,7.0,0.0,0.0,0.0,0.0,0.0,28.4,23.2,22.7,24.1,-128.7,21.0,0.0,1.0,1.0,1.0,0.0,0.0,1.0,0.0,90.0,90.0,1
2025-04-14 09:00:21,15.74,4.49,2.5,0.7,7.599999,0.0,0.0,0.0,0.0,0.0,28.4,23.2,22.7,24.1,-128.7,20.9,0.0,1.0,1.0,1.0,0.0,0.0,1.0,0.0,90.0,90.0,1
2025-04-14 09:00:22,15.74,4.47,2.5,0.7,7.599999,0.0,0.0,0.0,0.0,0.0,28.4,23.2,22.7,24.1,-128.7,21.0,0.0,1.0,1.0,1.0,0.0,0.0,1.0,0.0,90.0,90.0,1
2025-04-14 09:00:23,15.74,4.48,2.5,0.7,7.5,0.0,0.0,0.0,0.0,0.0,28.4,23.2,22.7,24.1,-128.7,20.9,0.0,1.0,1.0,1.0,0.0,0.0,1.0,0.0,90.0,90.0,1
2025-04-14 09:00:24,15.75,4.49,2.5,0.7,7.599999,0.0,0.0,0.0,0.0,0.0,28.4,23.2,22.7,24.1,-128.7,20.9,0.0,1.0,1.0,1.0,0.0,0.0,1.0,0.0,90.0,90.0,1
2025-04-14 09:00:25,15.75,4.48,2.5,0.7,7.5,0.0,0.0,0.0,0.0,0.0,28.4,23.2,22.7,24.1,-128.7,20.9,0.0,1.0,1.0,1.0,0.0,0.0,1.0,0.0,90.0,90.0,1
2025-04-14 09:00:26,15.76,4.48,2.5,0.7,7.2,0.0,0.0,0.0,0.0,0.0,28.4,23.2,22.7,24.1,-128.7,20.9,0.0,1.0,1.0,1.0,0.0,0.0,1.0,0.0,90.0,90.0,1
2025-04-14 09:00:27,15.74,4.47,2.5,0.7,7.0,0.0,0.0,0.0,0.0,0.0,28.4,23.2,22.7,24.1,-128.7,21.0,0.0,1.0,1.0,1.0,0.0,0.0,1.0,0.0,90.0,90.0,1
2025-04-14 09:00:28,15.75,4.48,2.5,0.7,7.3,0.0,0.0,0.0,0.0,0.0,28.4,23.2,22.7,24.1,-128.7,20.9,0.0,1.0,1.0,1.0,0.0,0.0,1.0,0.0,90.0,90.0,1
2025-04-14 09:00:29,15.74,4.48,2.5,0.7,6.7,0.0,0.0,0.0,0.0,0.0,28.4,23.2,22.8,24.1,-128.7,20.9,0.0,1.0,1.0,1.0,0.0,0.0,1.0,0.0,90.0,90.0,1
2025-04-14 09:00:30,15.75,4.47,2.5,0.7,7.099999,0.0,0.0,0.0,0.0,0.0,28.4,23.2,22.8,24.1,-128.7,21.0,0.0,1.0,1.0,1.0,0.0,0.0,1.0,0.0,90.0,90.0,1
2025-04-14 09:00:31,15.75,4.48,2.5,0.7,6.9,0.0,0.0,0.0,0.0,0.0,28.4,23.2,22.8,24.1,-128.7,20.9,0.0,1.0,1.0,1.0,0.0,0.0,1.0,0.0,90.0,90.0,1
2025-04-14 09:00:32,15.75,4.47,2.5,0.7,7.599999,0.0,0.0,0.0,0.0,0.0,28.4,23.2,22.8,24.1,-128.7,21.0,0.0,1.0,1.0,1.0,0.0,0.0,1.0,0.0,90.0,90.0,1
2025-04-14 09:00:33,15.74,4.48,2.5,0.7,7.5,0.0,0.0,0.0,0.0,0.0,28.4,23.2,22.8,24.1,-128.7,20.9,0.0,1.0,1.0,1.0,0.0,0.0,1.0,0.0,90.0,90.0,1
2025-04-14 09:00:34,15.75,4.48,2.5,0.8,6.9,0.0,0.0,0.0,0.0,0.0,28.4,23.2,22.8,24.1,-128.7,21.0,0.0,1.0,1.0,1.0,0.0,0.0,1.0,0.0,90.0,90.0,1
2025-04-14 09:00:35,15.75,4.48,2.5,0.7,7.599999,0.0,0.0,0.0,0.0,0.0,28.4,23.2,22.8,24.1,-128.7,20.9,0.0,1.0,1.0,1.0,0.0,0.0,1.0,0.0,90.0,90.0,1
2025-04-14 09:00:36,15.77,4.48,2.5,0.8,6.9,0.0,0.0,0.0,0.0,0.0,28.4,23.2,22.8,24.1,-128.7,20.9,0.0,1.0,1.0,1.0,0.0,0.0,1.0,0.0,90.0,90.0,1
2025-04-14 09:00:37,15.76,4.48,2.5,0.7,8.099999,0.0,0.0,0.0,0.0,0.0,28.4,23.2,22.8,24.1,-128.7,20.9,0.0,1.0,1.0,1.0,0.0,0.0,1.0,0.0,90.0,90.0,1
2025-04-14 09:00:38,15.76,4.48,2.5,0.7,7.5,0.0,0.0,0.0,0.0,0.0,28.4,23.2,22.9,24.1,-128.7,20.9,0.0,1.0,1.0,1.0,0.0,0.0,1.0,0.0,90.0,90.0,1
2025-04-14 09:00:39,15.76,4.48,2.5,0.8,7.599999,0.0,0.0,0.0,0.0,0.0,28.4,23.2,22.9,24.1,-128.7,21.0,0.0,1.0,1.0,1.0,0.0,0.0,1.0,0.0,90.0,90.0,1
2025-04-14 09:00:40,15.77,4.48,2.5,0.8,6.8,0.0,0.0,0.0,0.0,0.0,28.4,23.2,22.9,24.1,-128.7,20.9,0.0,1.0,1.0,1.0,0.0,0.0,1.0,0.0,90.0,90.0,1
2025-04-14 09:00:41,15.78,4.48,2.5,0.7,7.099999,0.0,0.0,0.0,0.0,0.0,28.4,23.2,22.9,24.1,-128.7,20.9,0.0,1.0,1.0,1.0,0.0,0.0,1.0,0.0,90.0,90.0,1
2025-04-14 09:00:42,15.77,4.47,2.5,0.7,8.0,0.0,0.0,0.0,0.0,0.0,28.4,23.2,22.9,24.1,-128.7,21.0,0.0,1.0,1.0,1.0,0.0,0.0,1.0,0.0,90.0,90.0,1
2025-04-14 09:00:43,15.77,4.49,2.5,0.7,7.2,0.0,0.0,0.0,0.0,0.0,28.4,23.2,22.9,24.2,-128.7,21.0,0.0,1.0,1.0,1.0,0.0,0.0,1.0,0.0,90.0,90.0,1
2025-04-14 09:00:44,15.75,4.47,2.4,0.7,7.5,0.0,0.0,0.0,0.0,0.0,28.4,23.2,22.9,24.2,-128.7,21.1,0.0,1.0,1.0,1.0,0.0,0.0,1.0,0.0,90.0,90.0,1
2025-04-14 09:00:45,15.76,4.49,2.5,0.7,8.099999,0.0,0.0,0.0,0.0,0.0,28.4,23.2,22.9,24.2,-128.7,21.0,0.0,1.0,1.0,1.0,0.0,0.0,1.0,0.0,90.0,90.0,1
2025-04-14 09:00:46,15.76,4.47,2.5,0.7,7.8,0.0,0.0,0.0,0.0,0.0,28.4,23.2,22.9,24.2,-128.7,21.1,0.0,1.0,1.0,1.0,0.0,0.0,1.0,0.0,90.0,90.0,1
2025-04-14 09:00:47,15.77,4.47,2.5,0.7,7.3,0.0,0.0,0.0,0.0,0.0,28.4,23.2,22.9,24.2,-128.7,21.0,0.0,1.0,1.0,1.0,0.0,0.0,1.0,0.0,90.0,90.0,1
2025-04-14 09:00:48,15.76,4.48,2.5,0.7,7.0,0.0,0.0,0.0,0.0,0.0,28.4,23.2,22.9,24.2,-128.7,21.1,0.0,1.0,1.0,1.0,0.0,0.0,1.0,0.0,90.0,90.0,1
2025-04-14 09:00:49,15.78,4.47,2.5,0.8,7.7,0.0,0.0,0.0,0.0,0.0,28.4,23.2,23.0,24.2,-128.7,21.0,0.0,1.0,1.0,1.0,0.0,0.0,1.0,0.0,90.0,90.0,1
2025-04-14 09:00:50,15.78,4.49,2.4,0.7,7.5,0.0,0.0,0.0,0.0,0.0,28.4,23.2,23.0,24.2,-128.7,21.0,0.0,1.0,1.0,1.0,0.0,0.0,1.0,0.0,90.0,90.0,1
2025-04-14 09:00:51,15.8,4.47,2.5,0.8,7.3,0.0,0.0,0.0,0.0,0.0,28.4,23.2,23.0,24.2,-128.7,21.1,0.0,1.0,1.0,1.0,0.0,0.0,1.0,0.0,90.0,90.0,1
2025-04-14 09:00:52,15.78,4.49,2.5,0.7,6.7,0.0,0.0,0.0,0.0,0.0,28.4,23.2,23.0,24.2,-128.7,21.0,0.0,1.0,1.0,1.0,0.0,0.0,1.0,0.0,90.0,90.0,1
2025-04-14 09:00:53,15.78,4.49,2.5,0.7,7.9,0.0,0.0,0.0,0.0,0.0,28.4,23.2,23.0,24.2,-128.7,21.0,0.0,1.0,1.0,1.0,0.0,0.0,1.0,0.0,90.0,90.0,1
2025-04-14 09:00:54,15.78,4.48,2.5,0.7,6.8,0.0,0.0,0.0,0.0,0.0,28.4,23.2,23.0,24.2,-128.7,21.0,0.0,1.0,1.0,1.0,0.0,0.0,1.0,0.0,90.0,90.0,1
2025-04-14 09:00:55,15.78,4.49,2.5,0.8,7.599999,0.0,0.0,0.0,0.0,0.0,28.4,23.2,23.0,24.2,-128.7,21.0,0.0,1.0,1.0,1.0,0.0,0.0,1.0,0.0,90.0,90.0,1
2025-04-14 09:00:56,15.8,4.48,2.5,0.8,7.7,0.0,0.0,0.0,0.0,0.0,28.4,23.2,23.0,24.2,-128.7,21.0,0.0,1.0,1.0,1.0,0.0,0.0,1.0,0.0,90.0,90.0,1
2025-04-14 09:00:57,15.78,4.49,2.5,0.8,7.599999,0.0,0.0,0.0,0.0,0.0,28.4,23.2,23.0,24.2,-128.7,21.0,0.0,1.0,1.0,1.0,0.0,0.0,1.0,0.0,90.0,90.0,1
2025-04-14 09:00:58,15.78,4.48,2.5,0.7,7.099999,0.0,0.0,0.0,0.0,0.0,28.4,23.2,23.0,24.2,-128.7,21.0,0.0,1.0,1.0,1.0,0.0,0.0,1.0,0.0,90.0,90.0,1
2025-04-14 09:00:59,15.77,4.49,2.5,0.7,6.9,0.0,0.0,0.0,0.0,0.0,28.4,23.2,23.0,24.2,-128.7,21.0,0.0,1.0,1.0,1.0,0.0,0.0,1.0,0.0,90.0,90.0,1
2025-04-14 09:01:00,15.78,4.48,2.5,0.7,6.8,0.0,0.0,0.0,0.0,0.0,28.4,23.2,23.0,24.2,-128.7,21.0,0.0,1.0,1.0,1.0,0.0,0.0,1.0,0.0,90.0,90.0,1
2025-04-14 09:01:01,15.78,4.47,2.4,0.7,7.599999,0.0,0.0,0.0,0.0,0.0,28.4,23.2,23.0,24.2,-128.7,21.0,0.0,1.0,1.0,1.0,0.0,0.0,1.0,0.0,90.0,90.0,1
2025-04-14 09:01:02,15.78,4.49,2.5,0.7,7.599999,0.0,0.0,0.0,0.0,0.0,28.4,23.2,23.0,24.2,-128.7,21.0,0.0,1.0,1.0,1.0,0.0,0.0,1.0,0.0,90.0,90.0,1
2025-04-14 09:01:03,15.78,4.48,2.5,0.7,8.0,0.0,0.0,0.0,0.0,0.0,28.4,23.2,23.0,24.2,-128.7,21.0,0.0,1.0,1.0,1.0,0.0,0.0,1.0,0.0,90.0,90.0,1
2025-04-14 09:01:04,15.78,4.49,2.5,0.7,7.3,0.0,0.0,0.0,0.0,0.0,28.4,23.2,23.1,24.2,-128.7,21.0,0.0,1.0,1.0,1.0,0.0,0.0,1.0,0.0,90.0,90.0,1
2025-04-14 09:01:05,15.78,4.47,2.5,0.7,6.7,0.0,0.0,0.0,0.0,0.0,28.4,23.2,23.1,24.2,-128.7,21.1,0.0,1.0,1.0,1.0,0.0,0.0,1.0,0.0,90.0,90.0,1
2025-04-14 09:01:06,15.78,4.49,2.4,0.7,6.5,0.0,0.0,0.0,0.0,0.0,28.4,23.2,23.1,24.2,-128.7,21.0,0.0,1.0,1.0,1.0,0.0,0.0,1.0,0.0,90.0,90.0,1
2025-04-14 09:01:07,15.8,4.48,2.5,0.7,7.099999,0.0,0.0,0.0,0.0,0.0,28.4,23.2,23.1,24.3,-128.7,21.0,0.0,1.0,1.0,1.0,0.0,0.0,1.0,0.0,90.0,90.0,1
2025-04-14 09:01:08,15.8,4.48,2.5,0.7,7.3,0.0,0.0,0.0,0.0,0.0,28.4,23.2,23.1,24.3,-128.7,21.1,0.0,1.0,1.0,1.0,0.0,0.0,1.0,0.0,90.0,90.0,1
2025-04-14 09:01:09,15.78,4.49,2.5,0.8,7.0,0.0,0.0,0.0,0.0,0.0,28.4,23.2,23.1,24.3,-128.7,21.1,0.0,1.0,1.0,1.0,0.0,0.0,1.0,0.0,90.0,90.0,1
2025-04-14 09:01:10,15.78,4.48,2.5,0.7,7.599999,0.0,0.0,0.0,0.0,0.0,28.4,23.2,23.1,24.3,-128.7,21.1,0.0,1.0,1.0,1.0,0.0,0.0,1.0,0.0,90.0,90.0,1
2025-04-14 09:01:11,15.8,4.49,2.5,0.7,7.0,0.0,0.0,0.0,0.0,0.0,28.4,23.2,23.1,24.3,-128.7,21.1,0.0,1.0,1.0,1.0,0.0,0.0,1.0,0.0,90.0,90.0,1
2025-04-14 09:01:12,15.81,4.49,2.5,0.7,7.9,0.0,0.0,0.0,0.0,0.0,28.4,23.2,23.1,24.3,-128.7,21.1,0.0,1.0,1.0,1.0,0.0,0.0,1.0,0.0,90.0,90.0,1
2025-04-14 09:01:13,15.82,4.49,2.5,0.8,7.8,0.0,0.0,0.0,0.0,0.0,28.4,23.2,23.1,24.3,-128.7,21.1,0.0,1.0,1.0,1.0,0.0,0.0,1.0,0.0,90.0,90.0,1
2025-04-14 09:01:14,15.81,4.49,2.5,0.7,7.8,0.0,0.0,0.0,0.0,0.0,28.4,23.2,23.1,24.3,-128.7,21.1,0.0,1.0,1.0,1.0,0.0,0.0,1.0,0.0,90.0,90.0,1
2025-04-14 09:01:15,15.81,4.48,2.5,0.7,7.4,0.0,0.0,0.0,0.0,0.0,28.4,23.2,23.1,24.3,-128.7,21.1,0.0,1.0,1.0,1.0,0.0,0.0,1.0,0.0,90.0,90.0,1
2025-04-14 09:01:16,15.8,4.49,2.5,0.7,6.599999,0.0,0.0,0.0,0.0,0.0,28.4,23.2,23.1,24.3,-128.7,21.1,0.0,1.0,1.0,1.0,0.0,0.0,1.0,0.0,90.0,90.0,1
2025-04-14 09:01:17,15.81,4.49,2.5,0.7,6.8,0.0,0.0,0.0,0.0,0.0,28.4,23.2,23.1,24.3,-128.7,21.1,0.0,1.0,1.0,1.0,0.0,0.0,1.0,0.0,90.0,90.0,1
2025-04-14 09:01:18,15.8,4.49,2.5,0.7,7.0,0.0,0.0,0.0,0.0,0.0,28.4,23.2,23.1,24.3,-128.7,21.1,0.0,1.0,1.0,1.0,0.0,0.0,1.0,0.0,90.0,90.0,1
2025-04-14 09:01:19,15.81,4.49,2.5,0.8,7.7,0.0,0.0,0.0,0.0,0.0,28.4,23.2,23.1,24.3,-128.7,21.1,0.0,1.0,1.0,1.0,0.0,0.0,1.0,0.0,90.0,90.0,1
2025-04-14 09:01:20,15.78,4.49,2.5,0.7,8.0,0.0,0.0,0.0,0.0,0.0,28.4,23.2,23.1,24.3,-128.7,21.1,0.0,1.0,1.0,1.0,0.0,0.0,1.0,0.0,90.0,90.0,1
2025-04-14 09:01:21,15.81,4.49,2.5,0.7,7.0,0.0,0.0,0.0,0.0,0.0,28.4,23.2,23.2,24.3,-128.7,21.1,0.0,1.0,1.0,1.0,0.0,0.0,1.0,0.0,90.0,90.0,1
2025-04-14 09:01:22,15.81,4.49,2.5,0.7,7.3,0.0,0.0,0.0,0.0,0.0,28.4,23.2,23.2,24.3,-128.7,21.1,0.0,1.0,1.0,1.0,0.0,0.0,1.0,0.0,90.0,90.0,1
2025-04-14 09:01:23,15.82,4.48,2.5,0.7,7.3,0.0,0.0,0.0,0.0,0.0,28.4,23.2,23.2,24.3,-128.7,21.1,0.0,1.0,1.0,1.0,0.0,0.0,1.0,0.0,90.0,90.0,1
2025-04-14 09:01:24,15.81,4.49,2.5,0.7,7.0,0.0,0.0,0.0,0.0,0.0,28.4,23.2,23.2,24.3,-128.7,21.1,0.0,1.0,1.0,1.0,0.0,0.0,1.0,0.0,90.0,90.0,1
2025-04-14 09:01:25,15.81,4.48,2.5,0.8,7.4,0.0,0.0,0.0,0.0,0.0,28.4,23.2,23.2,24.3,-128.7,21.1,0.0,1.0,1.0,1.0,0.0,0.0,1.0,0.0,90.0,90.0,1
2025-04-14 09:01:26,15.8,4.49,2.4,0.7,7.5,0.0,0.0,0.0,0.0,0.0,28.4,23.3,23.2,24.3,-128.7,21.1,0.0,1.0,1.0,1.0,0.0,0.0,1.0,0.0,90.0,90.0,1
2025-04-14 09:01:27,15.81,4.48,2.5,0.7,7.5,0.0,0.0,0.0,0.0,0.0,28.4,23.3,23.2,24.3,-128.7,21.1,0.0,1.0,1.0,1.0,0.0,0.0,1.0,0.0,90.0,90.0,1
2025-04-14 09:01:28,15.8,4.49,2.5,0.7,6.9,0.0,0.0,0.0,0.0,0.0,28.4,23.3,23.2,24.3,-128.7,21.1,0.0,1.0,1.0,1.0,0.0,0.0,1.0,0.0,90.0,90.0,1
2025-04-14 09:01:29,15.81,4.49,2.5,0.7,8.0,0.0,0.0,0.0,0.0,0.0,28.4,23.3,23.2,24.3,-128.7,21.1,0.0,1.0,1.0,1.0,0.0,0.0,1.0,0.0,90.0,90.0,1
2025-04-14 09:01:30,15.8,4.48,2.5,0.7,7.2,0.0,0.0,0.0,0.0,0.0,28.4,23.3,23.2,24.3,-128.7,21.1,0.0,1.0,1.0,1.0,0.0,0.0,1.0,0.0,90.0,90.0,1
2025-04-14 09:01:31,15.8,4.49,2.4,0.8,7.2,0.0,0.0,0.0,0.0,0.0,28.4,23.3,23.2,24.3,-128.7,21.1,0.0,1.0,1.0,1.0,0.0,0.0,1.0,0.0,90.0,90.0,1
2025-04-14 09:01:32,15.8,4.49,2.4,0.7,7.599999,0.0,0.0,0.0,0.0,0.0,28.4,23.3,23.2,24.3,-128.7,21.1,0.0,1.0,1.0,1.0,0.0,0.0,1.0,0.0,90.0,90.0,1
2025-04-14 09:01:33,15.81,4.48,2.5,0.8,7.2,0.0,0.0,0.0,0.0,0.0,28.4,23.3,23.2,24.3,-128.7,21.1,0.0,1.0,1.0,1.0,0.0,0.0,1.0,0.0,90.0,90.0,1
2025-04-14 09:01:34,15.81,4.49,2.4,0.7,7.8,0.0,0.0,0.0,0.0,0.0,28.4,23.3,23.2,24.3,-128.7,21.1,0.0,1.0,1.0,1.0,0.0,0.0,1.0,0.0,90.0,90.0,1
2025-04-14 09:01:35,15.81,4.48,2.5,0.8,7.2,0.0,0.0,0.0,0.0,0.0,28.4,23.3,23.2,24.3,-128.7,21.1,0.0,1.0,1.0,1.0,0.0,0.0,1.0,0.0,90.0,90.0,1
2025-04-14 09:01:36,15.8,4.47,2.5,0.7,7.0,0.0,0.0,0.0,0.0,0.0,28.4,23.3,23.2,24.3,-128.7,21.1,0.0,1.0,1.0,1.0,0.0,0.0,1.0,0.0,90.0,90.0,1
2025-04-14 09:01:37,15.81,4.49,2.5,0.8,7.099999,0.0,0.0,0.0,0.0,0.0,28.4,23.3,23.2,24.4,-128.7,21.2,0.0,1.0,1.0,1.0,0.0,0.0,1.0,0.0,90.0,90.0,1
2025-04-14 09:01:38,15.78,4.48,2.5,0.7,7.2,0.0,0.0,0.0,0.0,0.0,28.4,23.3,23.2,24.4,-128.7,21.2,0.0,1.0,1.0,1.0,0.0,0.0,1.0,0.0,90.0,90.0,1
2025-04-14 09:01:39,15.8,4.49,2.5,0.7,7.599999,0.0,0.0,0.0,0.0,0.0,28.4,23.2,23.2,24.4,-128.7,21.2,0.0,1.0,1.0,1.0,0.0,0.0,1.0,0.0,90.0,90.0,1
2025-04-14 09:01:40,15.78,4.48,2.5,0.7,7.4,0.0,0.0,0.0,0.0,0.0,28.4,23.2,23.2,24.4,-128.7,21.2,0.0,1.0,1.0,1.0,0.0,0.0,1.0,0.0,90.0,90.0,1
2025-04-14 09:01:41,15.8,4.48,2.5,0.7,6.9,0.0,0.0,0.0,0.0,0.0,28.4,23.2,23.2,24.4,-128.7,21.2,0.0,1.0,1.0,1.0,0.0,0.0,1.0,0.0,90.0,90.0,1
2025-04-14 09:01:42,15.8,4.49,2.5,0.7,8.299999,0.0,0.0,0.0,0.0,0.0,28.4,23.2,23.2,24.4,-128.7,21.2,0.0,1.0,1.0,1.0,0.0,0.0,1.0,0.0,90.0,90.0,1
2025-04-14 09:01:43,15.81,4.48,2.4,0.7,6.9,0.0,0.0,0.0,0.0,0.0,28.4,23.2,23.2,24.4,-128.7,21.3,0.0,1.0,1.0,1.0,0.0,0.0,1.0,0.0,90.0,90.0,1
2025-04-14 09:01:44,15.8,4.48,2.5,0.7,6.5,0.0,0.0,0.0,0.0,0.0,28.4,23.2,23.2,24.4,-128.7,21.2,0.0,1.0,1.0,1.0,0.0,0.0,1.0,0.0,90.0,90.0,1
2025-04-14 09:01:45,15.8,4.49,2.5,0.7,7.0,0.0,0.0,0.0,0.0,0.0,28.4,23.2,23.2,24.4,-128.7,21.3,0.0,1.0,1.0,1.0,0.0,0.0,1.0,0.0,90.0,90.0,1
2025-04-14 09:01:46,15.78,4.47,2.5,0.7,6.7,0.0,0.0,0.0,0.0,0.0,28.4,23.2,23.2,24.4,-128.7,21.2,0.0,1.0,1.0,1.0,0.0,0.0,1.0,0.0,90.0,90.0,1
2025-04-14 09:01:47,15.8,4.49,2.5,0.8,7.8,0.0,0.0,0.0,0.0,0.0,28.4,23.2,23.2,24.4,-128.7,21.2,0.0,1.0,1.0,1.0,0.0,0.0,1.0,0.0,90.0,90.0,1
2025-04-14 09:01:48,15.78,4.48,2.4,0.7,7.0,0.0,0.0,0.0,0.0,0.0,28.4,23.2,23.2,24.4,-128.7,21.3,0.0,1.0,1.0,1.0,0.0,0.0,1.0,0.0,90.0,90.0,1
2025-04-14 09:01:49,15.78,4.49,2.5,0.8,7.099999,0.0,0.0,0.0,0.0,0.0,28.4,23.2,23.2,24.4,-128.7,21.2,0.0,1.0,1.0,1.0,0.0,0.0,1.0,0.0,90.0,90.0,1
2025-04-14 09:01:50,15.78,4.48,2.5,0.7,7.4,0.0,0.0,0.0,0.0,0.0,28.4,23.2,23.2,24.4,-128.7,21.2,0.0,1.0,1.0,1.0,0.0,0.0,1.0,0.0,90.0,90.0,1
2025-04-14 09:01:51,15.78,4.46,2.5,0.7,7.099999,0.0,0.0,0.0,0.0,0.0,28.4,23.2,23.2,24.4,-128.7,21.3,0.0,1.0,1.0,1.0,0.0,0.0,1.0,0.0,90.0,90.0,1
2025-04-14 09:01:52,15.77,4.48,2.5,0.7,6.599999,0.0,0.0,0.0,0.0,0.0,28.4,23.2,23.2,24.4,-128.7,21.2,0.0,1.0,1.0,1.0,0.0,0.0,1.0,0.0,90.0,90.0,1
2025-04-14 09:01:53,15.78,4.48,2.5,0.7,7.599999,0.0,0.0,0.0,0.0,0.0,28.4,23.2,23.2,24.4,-128.7,21.2,0.0,1.0,1.0,1.0,0.0,0.0,1.0,0.0,90.0,90.0,1
2025-04-14 09:01:54,15.78,4.47,2.5,0.7,7.5,0.0,0.0,0.0,0.0,0.0,28.4,23.2,23.2,24.4,-128.7,21.3,0.0,1.0,1.0,1.0,0.0,0.0,1.0,0.0,90.0,90.0,1
2025-04-14 09:01:55,15.8,4.49,2.5,0.7,6.8,0.0,0.0,0.0,0.0,0.0,28.4,23.2,23.2,24.4,-128.7,21.2,0.0,1.0,1.0,1.0,0.0,0.0,1.0,0.0,90.0,90.0,1
2025-04-14 09:01:56,15.8,4.47,2.4,0.7,8.2,0.0,0.0,0.0,0.0,0.0,28.4,23.2,23.2,24.4,-128.7,21.3,0.0,1.0,1.0,1.0,0.0,0.0,1.0,0.0,90.0,90.0,1
2025-04-14 09:01:57,15.78,4.46,2.5,0.7,7.8,0.0,0.0,0.0,0.0,0.0,28.4,23.2,23.2,24.4,-128.7,21.2,0.0,1.0,1.0,1.0,0.0,0.0,1.0,0.0,90.0,90.0,1
2025-04-14 09:01:58,15.76,4.48,2.4,0.7,7.3,0.0,0.0,0.0,0.0,0.0,28.4,23.2,23.2,24.4,-128.7,21.3,0.0,1.0,1.0,1.0,0.0,0.0,1.0,0.0,90.0,90.0,1
2025-04-14 09:01:59,15.77,4.46,2.5,0.7,7.599999,0.0,0.0,0.0,0.0,0.0,28.4,23.2,23.2,24.4,-128.7,21.3,0.0,1.0,1.0,1.0,0.0,0.0,1.0,0.0,90.0,90.0,1
2025-04-14 09:02:00,15.75,4.48,2.5,0.7,7.8,0.0,0.0,0.0,0.0,0.0,28.4,23.2,23.2,24.4,-128.7,21.2,0.0,1.0,1.0,1.0,0.0,0.0,1.0,0.0,90.0,90.0,1
2025-04-14 09:02:01,15.77,4.46,2.5,0.7,6.7,0.0,0.0,0.0,0.0,0.0,28.4,23.2,23.2,24.4,-128.7,21.3,0.0,1.0,1.0,1.0,0.0,0.0,1.0,0.0,90.0,90.0,1
2025-04-14 09:02:02,15.78,4.46,2.5,0.7,7.099999,0.0,0.0,0.0,0.0,0.0,28.4,23.2,23.2,24.4,-128.7,21.3,0.0,1.0,1.0,1.0,0.0,0.0,1.0,0.0,90.0,90.0,1
2025-04-14 09:02:03,15.77,4.46,2.5,0.7,7.099999,0.0,0.0,0.0,0.0,0.0,28.4,23.2,23.2,24.4,-128.7,21.3,0.0,1.0,1.0,1.0,0.0,0.0,1.0,0.0,90.0,90.0,1
2025-04-14 09:02:04,15.8,4.46,2.5,0.7,7.9,0.0,0.0,0.0,0.0,0.0,28.4,23.2,23.2,24.4,-128.7,21.4,0.0,1.0,1.0,1.0,0.0,0.0,1.0,0.0,90.0,90.0,1
2025-04-14 09:02:05,15.78,4.46,2.5,0.7,7.3,0.0,0.0,0.0,0.0,0.0,28.4,23.2,23.2,24.4,-128.7,21.3,0.0,1.0,1.0,1.0,0.0,0.0,1.0,0.0,90.0,90.0,1
2025-04-14 09:02:06,15.78,4.46,2.5,0.7,7.099999,0.0,0.0,0.0,0.0,0.0,28.4,23.2,23.2,24.4,-128.7,21.3,0.0,1.0,1.0,1.0,0.0,0.0,1.0,0.0,90.0,90.0,1
2025-04-14 09:02:07,15.78,4.46,2.5,0.8,7.2,0.0,0.0,0.0,0.0,0.0,28.4,23.2,23.2,24.4,-128.7,21.3,0.0,1.0,1.0,1.0,0.0,0.0,1.0,0.0,90.0,90.0,1
2025-04-14 09:02:08,15.77,4.46,2.4,0.7,7.2,0.0,0.0,0.0,0.0,0.0,28.4,23.2,23.2,24.4,-128.7,21.3,0.0,1.0,1.0,1.0,0.0,0.0,1.0,0.0,90.0,90.0,1
2025-04-14 09:02:09,15.76,4.46,2.5,0.7,7.3,0.0,0.0,0.0,0.0,0.0,28.4,23.2,23.2,24.4,-128.7,21.3,0.0,1.0,1.0,1.0,0.0,0.0,1.0,0.0,90.0,90.0,1
2025-04-14 09:02:10,15.76,4.47,2.5,0.7,7.599999,0.0,0.0,0.0,0.0,0.0,28.4,23.2,23.2,24.4,-128.7,21.3,0.0,1.0,1.0,1.0,0.0,0.0,1.0,0.0,90.0,90.0,1
2025-04-14 09:02:11,15.76,4.46,2.5,0.7,6.8,0.0,0.0,0.0,0.0,0.0,28.4,23.2,23.2,24.4,-128.7,21.4,0.0,1.0,1.0,1.0,0.0,0.0,1.0,0.0,90.0,90.0,1
2025-04-14 09:02:12,15.77,4.46,2.5,0.7,6.5,0.0,0.0,0.0,0.0,0.0,28.4,23.2,23.2,24.4,-128.7,21.3,0.0,1.0,1.0,1.0,0.0,0.0,1.0,0.0,90.0,90.0,1
2025-04-14 09:02:13,15.77,4.46,2.4,0.7,7.3,0.0,0.0,0.0,0.0,0.0,28.4,23.2,23.2,24.4,-128.7,21.3,0.0,1.0,1.0,1.0,0.0,0.0,1.0,0.0,90.0,90.0,1
2025-04-14 09:02:14,15.76,4.46,2.5,0.7,7.0,0.0,0.0,0.0,0.0,0.0,28.4,23.2,23.2,24.4,-128.7,21.3,0.0,1.0,1.0,1.0,0.0,0.0,1.0,0.0,90.0,90.0,1
2025-04-14 09:02:15,15.77,4.47,2.4,0.8,6.9,0.0,0.0,0.0,0.0,0.0,28.4,23.2,23.2,24.4,-128.7,21.3,0.0,1.0,1.0,1.0,0.0,0.0,1.0,0.0,90.0,90.0,1
2025-04-14 09:02:16,15.77,4.45,2.5,0.7,7.599999,0.0,0.0,0.0,0.0,0.0,28.5,23.2,23.2,24.4,-128.7,21.4,0.0,1.0,1.0,1.0,0.0,0.0,1.0,0.0,90.0,90.0,1
2025-04-14 09:02:17,15.77,4.46,2.5,0.7,7.4,0.0,0.0,0.0,0.0,0.0,28.5,23.2,23.2,24.5,-128.7,21.4,0.0,1.0,1.0,1.0,0.0,0.0,1.0,0.0,90.0,90.0,1
2025-04-14 09:02:18,15.78,4.46,2.5,0.7,7.5,0.0,0.0,0.0,0.0,0.0,28.5,23.2,23.2,24.5,-128.7,21.4,0.0,1.0,1.0,1.0,0.0,0.0,1.0,0.0,90.0,90.0,1
2025-04-14 09:02:19,15.78,4.46,2.5,0.7,7.2,0.0,0.0,0.0,0.0,0.0,28.5,23.2,23.2,24.5,-128.7,21.4,0.0,1.0,1.0,1.0,0.0,0.0,1.0,0.0,90.0,90.0,1
2025-04-14 09:02:20,15.76,4.46,2.5,0.7,8.599999,0.0,0.0,0.0,0.0,0.0,28.5,23.2,23.2,24.5,-128.7,21.4,0.0,1.0,1.0,1.0,0.0,0.0,1.0,0.0,90.0,90.0,1
2025-04-14 09:02:21,15.76,4.46,2.5,0.7,7.599999,0.0,0.0,0.0,0.0,0.0,28.5,23.2,23.2,24.5,-128.7,21.5,0.0,1.0,1.0,1.0,0.0,0.0,1.0,0.0,90.0,90.0,1
2025-04-14 09:02:22,15.76,4.46,2.5,0.7,7.4,0.0,0.0,0.0,0.0,0.0,28.5,23.2,23.2,24.5,-128.7,21.4,0.0,1.0,1.0,1.0,0.0,0.0,1.0,0.0,90.0,90.0,1
2025-04-14 09:02:23,15.76,4.47,2.5,0.7,6.8,0.0,0.0,0.0,0.0,0.0,28.5,23.2,23.2,24.5,-128.7,21.4,0.0,1.0,1.0,1.0,0.0,0.0,1.0,0.0,90.0,90.0,1
2025-04-14 09:02:24,15.76,4.45,2.5,0.7,7.0,0.0,0.0,0.0,0.0,0.0,28.5,23.2,23.2,24.5,-128.7,21.5,0.0,1.0,1.0,1.0,0.0,0.0,1.0,0.0,90.0,90.0,1
2025-04-14 09:02:25,15.77,4.47,2.5,0.7,7.7,0.0,0.0,0.0,0.0,0.0,28.5,23.2,23.2,24.5,-128.7,21.4,0.0,1.0,1.0,1.0,0.0,0.0,1.0,0.0,90.0,90.0,1
2025-04-14 09:02:26,15.78,4.46,2.5,0.7,8.0,0.0,0.0,0.0,0.0,0.0,28.5,23.2,23.2,24.5,-128.7,21.4,0.0,1.0,1.0,1.0,0.0,0.0,1.0,0.0,90.0,90.0,1
2025-04-14 09:02:27,15.78,4.46,2.4,0.7,7.599999,0.0,0.0,0.0,0.0,0.0,28.5,23.2,23.2,24.5,-128.7,21.4,0.0,1.0,1.0,1.0,0.0,0.0,1.0,0.0,90.0,90.0,1
2025-04-14 09:02:28,15.77,4.46,2.5,0.7,7.599999,0.0,0.0,0.0,0.0,0.0,28.5,23.2,23.2,24.5,-128.7,21.5,0.0,1.0,1.0,1.0,0.0,0.0,1.0,0.0,90.0,90.0,1
2025-04-14 09:02:29,15.78,4.45,2.5,0.7,7.099999,0.0,0.0,0.0,0.0,0.0,28.5,23.2,23.2,24.5,-128.7,21.5,0.0,1.0,1.0,1.0,0.0,0.0,1.0,0.0,90.0,90.0,1
2025-04-14 09:02:30,15.77,4.46,2.5,0.7,6.8,0.0,0.0,0.0,0.0,0.0,28.5,23.2,23.2,24.5,-128.7,21.4,0.0,1.0,1.0,1.0,0.0,0.0,1.0,0.0,90.0,90.0,1
2025-04-14 09:02:31,15.77,4.45,2.5,0.8,6.9,0.0,0.0,0.0,0.0,0.0,28.5,23.2,23.2,24.5,-128.7,21.5,0.0,1.0,1.0,1.0,0.0,0.0,1.0,0.0,90.0,90.0,1
2025-04-14 09:02:32,15.76,4.45,2.5,0.7,8.0,0.0,0.0,0.0,0.0,0.0,28.5,23.2,23.2,24.5,-128.7,21.4,0.0,1.0,1.0,1.0,0.0,0.0,1.0,0.0,90.0,90.0,1
2025-04-14 09:02:33,15.77,4.45,2.4,0.7,7.4,0.0,0.0,0.0,0.0,0.0,28.5,23.2,23.2,24.5,-128.7,21.5,0.0,1.0,1.0,1.0,0.0,0.0,1.0,0.0,90.0,90.0,1
2025-04-14 09:02:34,15.75,4.45,2.5,0.7,7.599999,0.0,0.0,0.0,0.0,0.0,28.5,23.2,23.2,24.5,-128.7,21.4,0.0,1.0,1.0,1.0,0.0,0.0,1.0,0.0,90.0,90.0,1
2025-04-14 09:02:35,15.76,4.46,2.5,0.7,7.4,0.0,0.0,0.0,0.0,0.0,28.5,23.2,23.2,24.5,-128.7,21.4,0.0,1.0,1.0,1.0,0.0,0.0,1.0,0.0,90.0,90.0,1
2025-04-14 09:02:36,15.75,4.45,2.5,0.7,7.2,0.0,0.0,0.0,0.0,0.0,28.4,23.2,23.2,24.5,-128.7,21.5,0.0,1.0,1.0,1.0,0.0,0.0,1.0,0.0,90.0,90.0,1
2025-04-14 09:02:37,15.76,4.47,2.4,0.7,7.3,0.0,0.0,0.0,0.0,0.0,28.4,23.3,23.2,24.5,-128.7,21.4,0.0,1.0,1.0,1.0,0.0,0.0,1.0,0.0,90.0,90.0,1
2025-04-14 09:02:38,15.76,4.46,2.5,0.7,7.0,0.0,0.0,0.0,0.0,0.0,28.4,23.3,23.2,24.5,-128.7,21.4,0.0,1.0,1.0,1.0,0.0,0.0,1.0,0.0,90.0,90.0,1
2025-04-14 09:02:39,15.77,4.46,2.4,0.7,7.3,0.0,0.0,0.0,0.0,0.0,28.4,23.3,23.2,24.5,-128.7,21.4,0.0,1.0,1.0,1.0,0.0,0.0,1.0,0.0,90.0,90.0,1
2025-04-14 09:02:40,15.76,4.46,2.5,0.7,7.8,0.0,0.0,0.0,0.0,0.0,28.4,23.3,23.2,24.5,-128.7,21.4,0.0,1.0,1.0,1.0,0.0,0.0,1.0,0.0,90.0,90.0,1
2025-04-14 09:02:41,15.76,4.46,2.5,0.7,7.0,0.0,0.0,0.0,0.0,0.0,28.4,23.3,23.2,24.5,-128.7,21.4,0.0,1.0,1.0,1.0,0.0,0.0,1.0,0.0,90.0,90.0,1
2025-04-14 09:02:42,15.77,4.47,2.5,0.7,7.5,0.0,0.0,0.0,0.0,0.0,28.4,23.3,23.2,24.5,-128.7,21.4,0.0,1.0,1.0,1.0,0.0,0.0,1.0,0.0,90.0,90.0,1
2025-04-14 09:02:43,15.78,4.46,2.5,0.7,7.2,0.0,0.0,0.0,0.0,0.0,28.4,23.3,23.2,24.5,-128.7,21.4,0.0,1.0,1.0,1.0,0.0,0.0,1.0,0.0,90.0,90.0,1
2025-04-14 09:02:44,15.77,4.46,2.5,0.7,7.3,0.0,0.0,0.0,0.0,0.0,28.4,23.3,23.2,24.5,-128.7,21.4,0.0,1.0,1.0,1.0,0.0,0.0,1.0,0.0,90.0,90.0,1
2025-04-14 09:02:45,15.76,4.46,2.5,0.7,7.8,0.0,0.0,0.0,0.0,0.0,28.4,23.3,23.2,24.5,-128.7,21.4,0.0,1.0,1.0,1.0,0.0,0.0,1.0,0.0,90.0,90.0,1
2025-04-14 09:02:46,15.75,4.46,2.4,0.7,7.5,0.0,0.0,0.0,0.0,0.0,28.4,23.3,23.2,24.5,-128.7,21.4,0.0,1.0,1.0,1.0,0.0,0.0,1.0,0.0,90.0,90.0,1
2025-04-14 09:02:47,15.75,4.46,2.4,0.7,7.5,0.0,0.0,0.0,0.0,0.0,28.4,23.3,23.2,24.5,-128.7,21.4,0.0,1.0,1.0,1.0,0.0,0.0,1.0,0.0,90.0,90.0,1
2025-04-14 09:02:48,15.76,4.45,2.5,0.7,7.5,0.0,0.0,0.0,0.0,0.0,28.4,23.3,23.2,24.5,-128.7,21.4,0.0,1.0,1.0,1.0,0.0,0.0,1.0,0.0,90.0,90.0,1
2025-04-14 09:02:49,15.76,4.46,2.4,0.7,7.599999,0.0,0.0,0.0,0.0,0.0,28.4,23.3,23.2,24.5,-128.7,21.4,0.0,1.0,1.0,1.0,0.0,0.0,1.0,0.0,90.0,90.0,1
2025-04-14 09:02:50,15.76,4.46,2.5,0.7,8.0,0.0,0.0,0.0,0.0,0.0,28.4,23.3,23.2,24.5,-128.7,21.4,0.0,1.0,1.0,1.0,0.0,0.0,1.0,0.0,90.0,90.0,1
2025-04-14 09:02:51,15.75,4.47,2.5,0.7,7.2,0.0,0.0,0.0,0.0,0.0,28.4,23.3,23.2,24.5,-128.7,21.4,0.0,1.0,1.0,1.0,0.0,0.0,1.0,0.0,90.0,90.0,1
2025-04-14 09:02:52,15.76,4.46,2.5,0.7,6.8,0.0,0.0,0.0,0.0,0.0,28.4,23.3,23.1,24.5,-128.7,21.4,0.0,1.0,1.0,1.0,0.0,0.0,1.0,0.0,90.0,90.0,1
2025-04-14 09:02:53,15.75,4.46,2.5,0.7,7.2,0.0,0.0,0.0,0.0,0.0,28.4,23.3,23.1,24.5,-128.7,21.4,0.0,1.0,1.0,1.0,0.0,0.0,1.0,0.0,90.0,90.0,1
2025-04-14 09:02:54,15.76,4.46,2.4,0.8,7.599999,0.0,0.0,0.0,0.0,0.0,28.4,23.3,23.1,24.5,-128.7,21.4,0.0,1.0,1.0,1.0,0.0,0.0,1.0,0.0,90.0,90.0,1
2025-04-14 09:02:55,15.76,4.46,2.4,0.7,7.599999,0.0,0.0,0.0,0.0,0.0,28.4,23.3,23.1,24.5,-128.7,21.4,0.0,1.0,1.0,1.0,0.0,0.0,1.0,0.0,90.0,90.0,1
2025-04-14 09:02:56,15.76,4.47,2.5,0.8,7.8,0.0,0.0,0.0,0.0,0.0,28.4,23.3,23.1,24.5,-128.7,21.4,0.0,1.0,1.0,1.0,0.0,0.0,1.0,0.0,90.0,90.0,1
2025-04-14 09:02:57,15.76,4.46,2.5,0.7,7.5,0.0,0.0,0.0,0.0,0.0,28.4,23.3,23.1,24.5,-128.7,21.4,0.0,1.0,1.0,1.0,0.0,0.0,1.0,0.0,90.0,90.0,1
2025-04-14 09:02:58,15.77,4.48,2.5,0.7,7.7,0.0,0.0,0.0,0.0,0.0,28.4,23.3,23.1,24.5,-128.7,21.4,0.0,1.0,1.0,1.0,0.0,0.0,1.0,0.0,90.0,90.0,1
2025-04-14 09:02:59,15.76,4.46,2.5,0.7,6.7,0.0,0.0,0.0,0.0,0.0,28.4,23.3,23.1,24.5,-128.7,21.4,0.0,1.0,1.0,1.0,0.0,0.0,1.0,0.0,90.0,90.0,1
2025-04-14 09:03:00,15.76,4.47,2.5,0.7,8.0,0.0,0.0,0.0,0.0,0.0,28.4,23.3,23.1,24.5,-128.7,21.4,0.0,1.0,1.0,1.0,0.0,0.0,1.0,0.0,90.0,90.0,1
2025-04-14 09:03:01,15.78,4.47,2.4,0.7,7.9,0.0,0.0,0.0,0.0,0.0,28.4,23.3,23.1,24.5,-128.7,21.4,0.0,1.0,1.0,1.0,0.0,0.0,1.0,0.0,90.0,90.0,1
2025-04-14 09:03:02,15.77,4.46,2.4,0.7,7.8,0.0,0.0,0.0,0.0,0.0,28.4,23.3,23.1,24.5,-128.7,21.4,0.0,1.0,1.0,1.0,0.0,0.0,1.0,0.0,90.0,90.0,1
2025-04-14 09:03:03,15.78,4.48,2.4,0.7,7.9,0.0,0.0,0.0,0.0,0.0,28.4,23.3,23.1,24.5,-128.7,21.4,0.0,1.0,1.0,1.0,0.0,0.0,1.0,0.0,90.0,90.0,1
2025-04-14 09:03:04,15.77,4.46,2.5,0.8,7.0,0.0,0.0,0.0,0.0,0.0,28.4,23.3,23.1,24.5,-128.7,21.4,0.0,1.0,1.0,1.0,0.0,0.0,1.0,0.0,90.0,90.0,1
2025-04-14 09:03:05,15.78,4.48,2.5,0.7,7.5,0.0,0.0,0.0,0.0,0.0,28.4,23.3,23.1,24.5,-128.7,21.3,0.0,1.0,1.0,1.0,0.0,0.0,1.0,0.0,90.0,90.0,1
2025-04-14 09:03:06,15.78,4.46,2.4,0.7,7.9,0.0,0.0,0.0,0.0,0.0,28.4,23.3,23.1,24.5,-128.7,21.4,0.0,1.0,1.0,1.0,0.0,0.0,1.0,0.0,90.0,90.0,1
2025-04-14 09:03:07,15.78,4.48,2.5,0.7,7.0,0.0,0.0,0.0,0.0,0.0,28.4,23.3,23.1,24.5,-128.7,21.3,0.0,1.0,1.0,1.0,0.0,0.0,1.0,0.0,90.0,90.0,1
2025-04-14 09:03:08,15.78,4.48,2.5,0.7,7.7,0.0,0.0,0.0,0.0,0.0,28.4,23.3,23.1,24.5,-128.7,21.4,0.0,1.0,1.0,1.0,0.0,0.0,1.0,0.0,90.0,90.0,1
2025-04-14 09:03:09,15.78,4.47,2.5,0.7,7.2,0.0,0.0,0.0,0.0,0.0,28.4,23.3,23.1,24.5,-128.7,21.3,0.0,1.0,1.0,1.0,0.0,0.0,1.0,0.0,90.0,90.0,1
2025-04-14 09:03:10,15.77,4.48,2.5,0.7,6.599999,0.0,0.0,0.0,0.0,0.0,28.4,23.3,23.1,24.5,-128.7,21.4,0.0,1.0,1.0,1.0,0.0,0.0,1.0,0.0,90.0,90.0,1
2025-04-14 09:03:11,15.78,4.46,2.5,0.7,7.5,0.0,0.0,0.0,0.0,0.0,28.4,23.3,23.1,24.5,-128.7,21.4,0.0,1.0,1.0,1.0,0.0,0.0,1.0,0.0,90.0,90.0,1
2025-04-14 09:03:12,15.77,4.47,2.5,0.7,6.9,0.0,0.0,0.0,0.0,0.0,28.4,23.3,23.1,24.5,-128.7,21.4,0.0,1.0,1.0,1.0,0.0,0.0,1.0,0.0,90.0,90.0,1
2025-04-14 09:03:13,15.78,4.48,2.5,0.7,8.0,0.0,0.0,0.0,0.0,0.0,28.4,23.3,23.1,24.5,-128.7,21.4,0.0,1.0,1.0,1.0,0.0,0.0,1.0,0.0,90.0,90.0,1
2025-04-14 09:03:14,15.78,4.46,2.5,0.7,6.5,0.0,0.0,0.0,0.0,0.0,28.4,23.3,23.1,24.5,-128.7,21.4,0.0,1.0,1.0,1.0,0.0,0.0,1.0,0.0,90.0,90.0,1
2025-04-14 09:03:15,15.78,4.48,2.4,0.7,6.3,0.0,0.0,0.0,0.0,0.0,28.4,23.3,23.1,24.5,-128.7,21.3,0.0,1.0,1.0,1.0,0.0,0.0,1.0,0.0,90.0,90.0,1
2025-04-14 09:03:16,15.78,4.48,2.5,0.7,7.599999,0.0,0.0,0.0,0.0,0.0,28.4,23.3,23.1,24.5,-128.7,21.4,0.0,1.0,1.0,1.0,0.0,0.0,1.0,0.0,90.0,90.0,1
2025-04-14 09:03:17,15.8,4.47,2.5,0.7,6.7,0.0,0.0,0.0,0.0,0.0,28.4,23.3,23.1,24.5,-128.7,21.3,0.0,1.0,1.0,1.0,0.0,0.0,1.0,0.0,90.0,90.0,1
2025-04-14 09:03:18,15.78,4.49,2.5,0.7,7.7,0.0,0.0,0.0,0.0,0.0,28.4,23.3,23.0,24.5,-128.7,21.4,0.0,1.0,1.0,1.0,0.0,0.0,1.0,0.0,90.0,90.0,1
2025-04-14 09:03:19,15.78,4.47,2.5,0.7,7.4,0.0,0.0,0.0,0.0,0.0,28.4,23.3,23.0,24.5,-128.7,21.4,0.0,1.0,1.0,1.0,0.0,0.0,1.0,0.0,90.0,90.0,1
2025-04-14 09:03:20,15.78,4.49,2.5,0.8,7.599999,0.0,0.0,0.0,0.0,0.0,28.4,23.3,23.0,24.5,-128.7,21.3,0.0,1.0,1.0,1.0,0.0,0.0,1.0,0.0,90.0,90.0,1
2025-04-14 09:03:21,15.78,4.49,2.5,0.7,7.7,0.0,0.0,0.0,0.0,0.0,28.4,23.3,23.0,24.5,-128.7,21.3,0.0,1.0,1.0,1.0,0.0,0.0,1.0,0.0,90.0,90.0,1
2025-04-14 09:03:22,15.77,4.47,2.5,0.7,7.2,0.0,0.0,0.0,0.0,0.0,28.4,23.3,23.0,24.5,-128.7,21.4,0.0,1.0,1.0,1.0,0.0,0.0,1.0,0.0,90.0,90.0,1
2025-04-14 09:03:23,15.78,4.48,2.5,0.7,7.5,0.0,0.0,0.0,0.0,0.0,28.4,23.3,23.0,24.5,-128.7,21.3,0.0,1.0,1.0,1.0,0.0,0.0,1.0,0.0,90.0,90.0,1
2025-04-14 09:03:24,15.78,4.48,2.5,0.7,6.8,0.0,0.0,0.0,0.0,0.0,28.4,23.3,23.0,24.5,-128.7,21.4,0.0,1.0,1.0,1.0,0.0,0.0,1.0,0.0,90.0,90.0,1
2025-04-14 09:03:25,15.8,4.48,2.5,0.7,7.8,0.0,0.0,0.0,0.0,0.0,28.4,23.3,23.0,24.5,-128.7,21.3,0.0,1.0,1.0,1.0,0.0,0.0,1.0,0.0,90.0,90.0,1
2025-04-14 09:03:26,15.8,4.49,2.4,0.7,7.099999,0.0,0.0,0.0,0.0,0.0,28.4,23.3,23.0,24.5,-128.7,21.3,0.0,1.0,1.0,1.0,0.0,0.0,1.0,0.0,90.0,90.0,1
2025-04-14 09:03:27,15.8,4.48,2.5,0.7,7.8,0.0,0.0,0.0,0.0,0.0,28.4,23.3,23.0,24.5,-128.7,21.3,0.0,1.0,1.0,1.0,0.0,0.0,1.0,0.0,90.0,90.0,1
2025-04-14 09:03:28,15.8,4.49,2.5,0.7,6.7,0.0,0.0,0.0,0.0,0.0,28.4,23.3,23.0,24.5,-128.7,21.3,0.0,1.0,1.0,1.0,0.0,0.0,1.0,0.0,90.0,90.0,1
2025-04-14 09:03:29,15.78,4.49,2.5,0.7,7.3,0.0,0.0,0.0,0.0,0.0,28.4,23.3,23.0,24.5,-128.7,21.3,0.0,1.0,1.0,1.0,0.0,0.0,1.0,0.0,90.0,90.0,1
2025-04-14 09:03:30,15.8,4.48,2.5,0.7,7.5,0.0,0.0,0.0,0.0,0.0,28.4,23.3,23.0,24.5,-128.7,21.3,0.0,1.0,1.0,1.0,0.0,0.0,1.0,0.0,90.0,90.0,1
2025-04-14 09:03:31,15.78,4.49,2.5,0.7,7.3,0.0,0.0,0.0,0.0,0.0,28.4,23.3,23.0,24.5,-128.7,21.3,0.0,1.0,1.0,1.0,0.0,0.0,1.0,0.0,90.0,90.0,1
2025-04-14 09:03:32,15.82,4.49,2.5,0.7,7.599999,0.0,0.0,0.0,0.0,0.0,28.4,23.3,23.0,24.5,-128.7,21.3,0.0,1.0,1.0,1.0,0.0,0.0,1.0,0.0,90.0,90.0,1
2025-04-14 09:03:33,15.82,4.49,2.5,0.7,7.2,0.0,0.0,0.0,0.0,0.0,28.4,23.3,23.0,24.5,-128.7,21.2,0.0,1.0,1.0,1.0,0.0,0.0,1.0,0.0,90.0,90.0,1
2025-04-14 09:03:34,15.82,4.5,2.5,0.7,6.9,0.0,0.0,0.0,0.0,0.0,28.4,23.3,23.0,24.5,-128.7,21.2,0.0,1.0,1.0,1.0,0.0,0.0,1.0,0.0,90.0,90.0,1
2025-04-14 09:03:35,15.81,4.49,2.5,0.8,7.2,0.0,0.0,0.0,0.0,0.0,28.4,23.3,23.0,24.5,-128.7,21.3,0.0,1.0,1.0,1.0,0.0,0.0,1.0,0.0,90.0,90.0,1
2025-04-14 09:03:36,15.82,4.49,2.5,0.7,7.099999,0.0,0.0,0.0,0.0,0.0,28.4,23.3,23.0,24.5,-128.7,21.2,0.0,1.0,1.0,1.0,0.0,0.0,1.0,0.0,90.0,90.0,1
2025-04-14 09:03:37,15.82,4.49,2.5,0.7,7.8,0.0,0.0,0.0,0.0,0.0,28.4,23.3,23.0,24.5,-128.7,21.3,0.0,1.0,1.0,1.0,0.0,0.0,1.0,0.0,90.0,90.0,1
2025-04-14 09:03:38,15.81,4.49,2.5,0.7,7.7,0.0,0.0,0.0,0.0,0.0,28.4,23.3,23.0,24.5,-128.7,21.2,0.0,1.0,1.0,1.0,0.0,0.0,1.0,0.0,90.0,90.0,1
2025-04-14 09:03:39,15.8,4.5,2.5,0.7,7.9,0.0,0.0,0.0,0.0,0.0,28.4,23.3,23.0,24.5,-128.7,21.2,0.0,1.0,1.0,1.0,0.0,0.0,1.0,0.0,90.0,90.0,1
2025-04-14 09:03:40,15.81,4.49,2.5,0.7,6.599999,0.0,0.0,0.0,0.0,0.0,28.4,23.3,23.0,24.5,-128.7,21.3,0.0,1.0,1.0,1.0,0.0,0.0,1.0,0.0,90.0,90.0,1
2025-04-14 09:03:41,15.81,4.5,2.4,0.7,7.0,0.0,0.0,0.0,0.0,0.0,28.4,23.3,22.9,24.5,-128.7,21.2,0.0,1.0,1.0,1.0,0.0,0.0,1.0,0.0,90.0,90.0,1
2025-04-14 09:03:42,15.81,4.49,2.5,0.7,7.2,0.0,0.0,0.0,0.0,0.0,28.4,23.3,22.9,24.5,-128.7,21.3,0.0,1.0,1.0,1.0,0.0,0.0,1.0,0.0,90.0,90.0,1
2025-04-14 09:03:43,15.81,4.5,2.5,0.7,6.9,0.0,0.0,0.0,0.0,0.0,28.4,23.3,22.9,24.5,-128.7,21.2,0.0,1.0,1.0,1.0,0.0,0.0,1.0,0.0,90.0,90.0,1
2025-04-14 09:03:44,15.81,4.5,2.5,0.7,7.099999,0.0,0.0,0.0,0.0,0.0,28.4,23.3,22.9,24.5,-128.7,21.3,0.0,1.0,1.0,1.0,0.0,0.0,1.0,0.0,90.0,90.0,1
2025-04-14 09:03:45,15.81,4.49,2.5,0.7,7.9,0.0,0.0,0.0,0.0,0.0,28.4,23.3,22.9,24.5,-128.7,21.2,0.0,1.0,1.0,1.0,0.0,0.0,1.0,0.0,90.0,90.0,1
2025-04-14 09:03:46,15.81,4.5,2.5,0.7,7.9,0.0,0.0,0.0,0.0,0.0,28.4,23.3,22.9,24.5,-128.7,21.3,0.0,1.0,1.0,1.0,0.0,0.0,1.0,0.0,90.0,90.0,1
2025-04-14 09:03:47,15.81,4.49,2.5,0.8,7.2,0.0,0.0,0.0,0.0,0.0,28.4,23.3,22.9,24.5,-128.7,21.3,0.0,1.0,1.0,1.0,0.0,0.0,1.0,0.0,90.0,90.0,1
2025-04-14 09:03:48,15.82,4.51,2.5,0.8,7.0,0.0,0.0,0.0,0.0,0.0,28.4,23.3,22.9,24.5,-128.7,21.1,0.0,1.0,1.0,1.0,0.0,0.0,1.0,0.0,90.0,90.0,1
2025-04-14 09:03:49,15.83,4.49,2.5,0.7,7.2,0.0,0.0,0.0,0.0,0.0,28.4,23.3,22.9,24.5,-128.7,21.3,0.0,1.0,1.0,1.0,0.0,0.0,1.0,0.0,90.0,90.0,1
2025-04-14 09:03:50,15.82,4.51,2.5,0.7,7.4,0.0,0.0,0.0,0.0,0.0,28.4,23.3,22.9,24.5,-128.7,21.1,0.0,1.0,1.0,1.0,0.0,0.0,1.0,0.0,90.0,90.0,1
2025-04-14 09:03:51,15.83,4.49,2.5,0.7,7.5,0.0,0.0,0.0,0.0,0.0,28.4,23.3,22.9,24.5,-128.7,21.3,0.0,1.0,1.0,1.0,0.0,0.0,1.0,0.0,90.0,90.0,1
2025-04-14 09:03:52,15.82,4.49,2.4,0.7,7.3,0.0,0.0,0.0,0.0,0.0,28.4,23.3,22.9,24.5,-128.7,21.2,0.0,1.0,1.0,1.0,0.0,0.0,1.0,0.0,90.0,90.0,1
2025-04-14 09:03:53,15.83,4.51,2.5,0.7,7.599999,0.0,0.0,0.0,0.0,0.0,28.4,23.3,22.9,24.5,-128.7,21.3,0.0,1.0,1.0,1.0,0.0,0.0,1.0,0.0,90.0,90.0,1
2025-04-14 09:03:54,15.81,4.49,2.5,0.7,7.8,0.0,0.0,0.0,0.0,0.0,28.4,23.3,22.9,24.5,-128.7,21.3,0.0,1.0,1.0,1.0,0.0,0.0,1.0,0.0,90.0,90.0,1
2025-04-14 09:03:55,15.83,4.5,2.5,0.7,7.2,0.0,0.0,0.0,0.0,0.0,28.4,23.3,22.9,24.5,-128.7,21.3,0.0,1.0,1.0,1.0,0.0,0.0,1.0,0.0,90.0,90.0,1
2025-04-14 09:03:56,15.82,4.49,2.5,0.7,7.2,0.0,0.0,0.0,0.0,0.0,28.4,23.3,22.9,24.5,-128.7,21.3,0.0,1.0,1.0,1.0,0.0,0.0,1.0,0.0,90.0,90.0,1
2025-04-14 09:03:57,15.83,4.51,2.5,0.8,8.099999,0.0,0.0,0.0,0.0,0.0,28.4,23.3,22.9,24.5,-128.7,21.2,0.0,1.0,1.0,1.0,0.0,0.0,1.0,0.0,90.0,90.0,1
2025-04-14 09:03:58,15.83,4.49,2.5,0.7,7.099999,0.0,0.0,0.0,0.0,0.0,28.4,23.3,22.9,24.5,-128.7,21.3,0.0,1.0,1.0,1.0,0.0,0.0,1.0,0.0,90.0,90.0,1
2025-04-14 09:03:59,15.83,4.48,2.5,0.7,7.7,0.0,0.0,0.0,0.0,0.0,28.4,23.3,22.9,24.5,-128.7,21.3,0.0,1.0,1.0,1.0,0.0,0.0,1.0,0.0,90.0,90.0,1
2025-04-14 09:04:00,15.83,4.5,2.5,0.7,6.9,0.0,0.0,0.0,0.0,0.0,28.4,23.3,22.9,24.5,-128.7,21.3,0.0,1.0,1.0,1.0,0.0,0.0,1.0,0.0,90.0,90.0,1
2025-04-14 09:04:01,15.83,4.49,2.4,0.7,7.599999,0.0,0.0,0.0,0.0,0.0,28.4,23.3,22.9,24.5,-128.7,21.3,0.0,1.0,1.0,1.0,0.0,0.0,1.0,0.0,90.0,90.0,1
2025-04-14 09:04:02,15.83,4.5,2.5,0.8,7.599999,0.0,0.0,0.0,0.0,0.0,28.4,23.3,22.9,24.5,-128.7,21.2,0.0,1.0,1.0,1.0,0.0,0.0,1.0,0.0,90.0,90.0,1
2025-04-14 09:04:03,15.83,4.49,2.5,0.7,7.7,0.0,0.0,0.0,0.0,0.0,28.4,23.3,22.9,24.5,-128.7,21.3,0.0,1.0,1.0,1.0,0.0,0.0,1.0,0.0,90.0,90.0,1
2025-04-14 09:04:04,15.83,4.49,2.5,0.7,6.599999,0.0,0.0,0.0,0.0,0.0,28.4,23.4,22.9,24.5,-128.7,21.2,0.0,1.0,1.0,1.0,0.0,0.0,1.0,0.0,90.0,90.0,1
2025-04-14 09:04:05,15.83,4.49,2.5,0.7,7.2,0.0,0.0,0.0,0.0,0.0,28.4,23.4,22.9,24.5,-128.7,21.3,0.0,1.0,1.0,1.0,0.0,0.0,1.0,0.0,90.0,90.0,1
2025-04-14 09:04:06,15.83,4.49,2.5,0.7,7.7,0.0,0.0,0.0,0.0,0.0,28.4,23.4,22.9,24.5,-128.7,21.2,0.0,1.0,1.0,1.0,0.0,0.0,1.0,0.0,90.0,90.0,1
2025-04-14 09:04:07,15.83,4.5,2.5,0.7,6.9,0.0,0.0,0.0,0.0,0.0,28.4,23.4,22.8,24.5,-128.7,21.2,0.0,1.0,1.0,1.0,0.0,0.0,1.0,0.0,90.0,90.0,1
2025-04-14 09:04:08,15.85,4.49,2.5,0.7,7.5,0.0,0.0,0.0,0.0,0.0,28.4,23.4,22.8,24.5,-128.7,21.3,0.0,1.0,1.0,1.0,0.0,0.0,1.0,0.0,90.0,90.0,1
2025-04-14 09:04:09,15.83,4.51,2.5,0.7,7.3,0.0,0.0,0.0,0.0,0.0,28.4,23.4,22.8,24.5,-128.7,21.2,0.0,1.0,1.0,1.0,0.0,0.0,1.0,0.0,90.0,90.0,1
2025-04-14 09:04:10,15.83,4.49,2.5,0.7,7.599999,0.0,0.0,0.0,0.0,0.0,28.4,23.4,22.8,24.5,-128.7,21.3,0.0,1.0,1.0,1.0,0.0,0.0,1.0,0.0,90.0,90.0,1
2025-04-14 09:04:11,15.83,4.5,2.5,0.7,7.2,0.0,0.0,0.0,0.0,0.0,28.4,23.4,22.8,24.5,-128.7,21.2,0.0,1.0,1.0,1.0,0.0,0.0,1.0,0.0,90.0,90.0,1
2025-04-14 09:04:12,15.85,4.5,2.5,0.7,6.7,0.0,0.0,0.0,0.0,0.0,28.4,23.4,22.8,24.5,-128.7,21.3,0.0,1.0,1.0,1.0,0.0,0.0,1.0,0.0,90.0,90.0,1
2025-04-14 09:04:13,15.85,4.49,2.5,0.7,7.599999,0.0,0.0,0.0,0.0,0.0,28.4,23.4,22.8,24.5,-128.7,21.3,0.0,1.0,1.0,1.0,0.0,0.0,1.0,0.0,90.0,90.0,1
2025-04-14 09:04:14,15.83,4.5,2.5,0.7,8.0,0.0,0.0,0.0,0.0,0.0,28.4,23.4,22.8,24.5,-128.7,21.3,0.0,1.0,1.0,1.0,0.0,0.0,1.0,0.0,90.0,90.0,1
2025-04-14 09:04:15,15.83,4.49,2.5,0.7,7.099999,0.0,0.0,0.0,0.0,0.0,28.4,23.4,22.8,24.5,-128.7,21.2,0.0,1.0,1.0,1.0,0.0,0.0,1.0,0.0,90.0,90.0,1
2025-04-14 09:04:16,15.85,4.51,2.5,0.7,6.4,0.0,0.0,0.0,0.0,0.0,28.4,23.4,22.8,24.5,-128.7,21.1,0.0,1.0,1.0,1.0,0.0,0.0,1.0,0.0,90.0,90.0,1
2025-04-14 09:04:17,15.85,4.49,2.5,0.7,7.7,0.0,0.0,0.0,0.0,0.0,28.4,23.4,22.8,24.5,-128.7,21.3,0.0,1.0,1.0,1.0,0.0,0.0,1.0,0.0,90.0,90.0,1
2025-04-14 09:04:18,15.83,4.5,2.5,0.7,6.7,0.0,0.0,0.0,0.0,0.0,28.4,23.4,22.8,24.5,-128.7,21.2,0.0,1.0,1.0,1.0,0.0,0.0,1.0,0.0,90.0,90.0,1
2025-04-14 09:04:19,15.85,4.5,2.5,0.7,7.599999,0.0,0.0,0.0,0.0,0.0,28.4,23.4,22.8,24.5,-128.7,21.3,0.0,1.0,1.0,1.0,0.0,0.0,1.0,0.0,90.0,90.0,1
2025-04-14 09:04:20,15.83,4.5,2.5,0.7,7.8,0.0,0.0,0.0,0.0,0.0,28.4,23.4,22.8,24.5,-128.7,21.3,0.0,1.0,1.0,1.0,0.0,0.0,1.0,0.0,90.0,90.0,1
2025-04-14 09:04:21,15.83,4.51,2.5,0.7,7.8,0.0,0.0,0.0,0.0,0.0,28.4,23.4,22.8,24.5,-128.7,21.3,0.0,1.0,1.0,1.0,0.0,0.0,1.0,0.0,90.0,90.0,1
2025-04-14 09:04:22,15.85,4.49,2.5,0.7,7.2,0.0,0.0,0.0,0.0,0.0,28.4,23.4,22.8,24.5,-128.7,21.3,0.0,1.0,1.0,1.0,0.0,0.0,1.0,0.0,90.0,90.0,1
2025-04-14 09:04:23,15.85,4.51,2.5,0.7,7.2,0.0,0.0,0.0,0.0,0.0,28.4,23.4,22.8,24.5,-128.7,21.2,0.0,1.0,1.0,1.0,0.0,0.0,1.0,0.0,90.0,90.0,1
2025-04-14 09:04:24,15.85,4.49,2.5,0.7,7.5,0.0,0.0,0.0,0.0,0.0,28.4,23.4,22.8,24.5,-128.7,21.3,0.0,1.0,1.0,1.0,0.0,0.0,1.0,0.0,90.0,90.0,1
2025-04-14 09:04:25,15.86,4.5,2.5,0.7,7.099999,0.0,0.0,0.0,0.0,0.0,28.4,23.4,22.8,24.5,-128.7,21.1,0.0,1.0,1.0,1.0,0.0,0.0,1.0,0.0,90.0,90.0,1
2025-04-14 09:04:26,15.86,4.51,2.5,0.8,7.2,0.0,0.0,0.0,0.0,0.0,28.4,23.4,22.8,24.5,-128.7,21.2,0.0,1.0,1.0,1.0,0.0,0.0,1.0,0.0,90.0,90.0,1
2025-04-14 09:04:27,15.86,4.49,2.5,0.7,6.9,0.0,0.0,0.0,0.0,0.0,28.4,23.4,22.8,24.5,-128.7,21.2,0.0,1.0,1.0,1.0,0.0,0.0,1.0,0.0,90.0,90.0,1
2025-04-14 09:04:28,15.86,4.51,2.5,0.7,7.4,0.0,0.0,0.0,0.0,0.0,28.4,23.4,22.8,24.5,-128.7,21.2,0.0,1.0,1.0,1.0,0.0,0.0,1.0,0.0,90.0,90.0,1
2025-04-14 09:04:29,15.85,4.49,2.5,0.7,6.8,0.0,0.0,0.0,0.0,0.0,28.4,23.4,22.8,24.5,-128.7,21.3,0.0,1.0,1.0,1.0,0.0,0.0,1.0,0.0,90.0,90.0,1
2025-04-14 09:04:30,15.85,4.51,2.5,0.7,7.599999,0.0,0.0,0.0,0.0,0.0,28.4,23.4,22.8,24.5,-128.7,21.1,0.0,1.0,1.0,1.0,0.0,0.0,1.0,0.0,90.0,90.0,1
2025-04-14 09:04:31,15.87,4.5,2.5,0.7,7.2,0.0,0.0,0.0,0.0,0.0,28.4,23.4,22.8,24.5,-128.7,21.2,0.0,1.0,1.0,1.0,0.0,0.0,1.0,0.0,90.0,90.0,1
2025-04-14 09:04:32,15.86,4.5,2.5,0.7,7.4,0.0,0.0,0.0,0.0,0.0,28.4,23.4,22.8,24.5,-128.7,21.2,0.0,1.0,1.0,1.0,0.0,0.0,1.0,0.0,90.0,90.0,1
2025-04-14 09:04:33,15.86,4.51,2.5,0.7,7.5,0.0,0.0,0.0,0.0,0.0,28.4,23.4,22.8,24.5,-128.7,21.1,0.0,1.0,1.0,1.0,0.0,0.0,1.0,0.0,90.0,90.0,1
2025-04-14 09:04:34,15.85,4.5,2.5,0.8,8.099999,0.0,0.0,0.0,0.0,0.0,28.4,23.4,22.8,24.5,-128.7,21.3,0.0,1.0,1.0,1.0,0.0,0.0,1.0,0.0,90.0,90.0,1
2025-04-14 09:04:35,15.86,4.51,2.5,0.7,7.5,0.0,0.0,0.0,0.0,0.0,28.4,23.4,22.8,24.5,-128.7,21.1,0.0,1.0,1.0,1.0,0.0,0.0,1.0,0.0,90.0,90.0,1
2025-04-14 09:04:36,15.86,4.5,2.5,0.7,7.3,0.0,0.0,0.0,0.0,0.0,28.4,23.4,22.8,24.5,-128.7,21.2,0.0,1.0,1.0,1.0,0.0,0.0,1.0,0.0,90.0,90.0,1
2025-04-14 09:04:37,15.86,4.49,2.5,0.7,7.5,0.0,0.0,0.0,0.0,0.0,28.4,23.4,22.8,24.5,-128.7,21.1,0.0,1.0,1.0,1.0,0.0,0.0,1.0,0.0,90.0,90.0,1
2025-04-14 09:04:38,15.87,4.5,2.5,0.8,7.3,0.0,0.0,0.0,0.0,0.0,28.4,23.4,22.8,24.5,-128.7,21.2,0.0,1.0,1.0,1.0,0.0,0.0,1.0,0.0,90.0,90.0,1
2025-04-14 09:04:39,15.88,4.49,2.5,0.8,7.599999,0.0,0.0,0.0,0.0,0.0,28.4,23.4,22.8,24.5,-128.7,21.3,0.0,1.0,1.0,1.0,0.0,0.0,1.0,0.0,90.0,90.0,1
2025-04-14 09:04:40,15.86,4.52,2.5,0.8,7.3,0.0,0.0,0.0,0.0,0.0,28.4,23.4,22.8,24.5,-128.7,21.1,0.0,1.0,1.0,1.0,0.0,0.0,1.0,0.0,90.0,90.0,1
2025-04-14 09:04:41,15.87,4.5,2.5,0.7,7.599999,0.0,0.0,0.0,0.0,0.0,28.4,23.4,22.8,24.5,-128.7,21.3,0.0,1.0,1.0,1.0,0.0,0.0,1.0,0.0,90.0,90.0,1
2025-04-14 09:04:42,15.86,4.49,2.5,0.7,7.4,0.0,0.0,0.0,0.0,0.0,28.4,23.4,22.8,24.5,-128.7,21.1,0.0,1.0,1.0,1.0,0.0,0.0,1.0,0.0,90.0,90.0,1
2025-04-14 09:04:43,15.87,4.5,2.5,0.7,7.099999,0.0,0.0,0.0,0.0,0.0,28.4,23.4,22.8,24.5,-128.7,21.3,0.0,1.0,1.0,1.0,0.0,0.0,1.0,0.0,90.0,90.0,1
2025-04-14 09:04:44,15.83,4.49,2.5,0.8,6.8,0.0,0.0,0.0,0.0,0.0,28.4,23.4,22.8,24.5,-128.7,21.3,0.0,1.0,1.0,1.0,0.0,0.0,1.0,0.0,90.0,90.0,1
2025-04-14 09:04:45,15.86,4.51,2.5,0.7,7.7,0.0,0.0,0.0,0.0,0.0,28.4,23.4,22.8,24.5,-128.7,21.2,0.0,1.0,1.0,1.0,0.0,0.0,1.0,0.0,90.0,90.0,1
2025-04-14 09:04:46,15.85,4.5,2.5,0.8,7.599999,0.0,0.0,0.0,0.0,0.0,28.4,23.4,22.8,24.5,-128.7,21.3,0.0,1.0,1.0,1.0,0.0,0.0,1.0,0.0,90.0,90.0,1
2025-04-14 09:04:47,15.85,4.51,2.5,0.7,7.3,0.0,0.0,0.0,0.0,0.0,28.4,23.4,22.8,24.5,-128.7,21.1,0.0,1.0,1.0,1.0,0.0,0.0,1.0,0.0,90.0,90.0,1
2025-04-14 09:04:48,15.85,4.5,2.5,0.7,7.3,0.0,0.0,0.0,0.0,0.0,28.4,23.4,22.8,24.5,-128.7,21.3,0.0,1.0,1.0,1.0,0.0,0.0,1.0,0.0,90.0,90.0,1
2025-04-14 09:04:49,15.86,4.49,2.5,0.7,7.7,0.0,0.0,0.0,0.0,0.0,28.4,23.4,22.8,24.5,-128.7,21.2,0.0,1.0,1.0,1.0,0.0,0.0,1.0,0.0,90.0,90.0,1
2025-04-14 09:04:50,15.86,4.51,2.5,0.8,7.2,0.0,0.0,0.0,0.0,0.0,28.4,23.4,22.8,24.5,-128.7,21.3,0.0,1.0,1.0,1.0,0.0,0.0,1.0,0.0,90.0,90.0,1
2025-04-14 09:04:51,15.87,4.49,2.5,0.7,7.9,0.0,0.0,0.0,0.0,0.0,28.4,23.4,22.8,24.5,-128.7,21.3,0.0,1.0,1.0,1.0,0.0,0.0,1.0,0.0,90.0,90.0,1
2025-04-14 09:04:52,15.86,4.5,2.5,0.7,7.3,0.0,0.0,0.0,0.0,0.0,28.4,23.4,22.8,24.5,-128.7,21.1,0.0,1.0,1.0,1.0,0.0,0.0,1.0,0.0,90.0,90.0,1
2025-04-14 09:04:53,15.88,4.5,2.5,0.7,7.0,0.0,0.0,0.0,0.0,0.0,28.4,23.4,22.8,24.5,-128.7,21.3,0.0,1.0,1.0,1.0,0.0,0.0,1.0,0.0,90.0,90.0,1
2025-04-14 09:04:54,15.86,4.49,2.5,0.7,7.2,0.0,0.0,0.0,0.0,0.0,28.4,23.4,22.8,24.5,-128.7,21.3,0.0,1.0,1.0,1.0,0.0,0.0,1.0,0.0,90.0,90.0,1
2025-04-14 09:04:55,15.87,4.5,2.5,0.7,7.9,0.0,0.0,0.0,0.0,0.0,28.4,23.4,22.8,24.5,-128.7,21.2,0.0,1.0,1.0,1.0,0.0,0.0,1.0,0.0,90.0,90.0,1
2025-04-14 09:04:56,15.85,4.5,2.5,0.8,7.5,0.0,0.0,0.0,0.0,0.0,28.4,23.4,22.8,24.5,-128.7,21.3,0.0,1.0,1.0,1.0,0.0,0.0,1.0,0.0,90.0,90.0,1
2025-04-14 09:04:57,15.85,4.49,2.5,0.7,7.3,0.0,0.0,0.0,0.0,0.0,28.4,23.4,22.8,24.5,-128.7,21.1,0.0,1.0,1.0,1.0,0.0,0.0,1.0,0.0,90.0,90.0,1
2025-04-14 09:04:58,15.85,4.5,2.5,0.7,7.4,0.0,0.0,0.0,0.0,0.0,28.4,23.4,22.8,24.5,-128.7,21.2,0.0,1.0,1.0,1.0,0.0,0.0,1.0,0.0,90.0,90.0,1
2025-04-14 09:04:59,15.86,4.49,2.5,0.8,6.9,0.0,0.0,0.0,0.0,0.0,28.4,23.4,22.8,24.5,-128.7,21.2,0.0,1.0,1.0,1.0,0.0,0.0,1.0,0.0,90.0,90.0,1
2025-04-14 09:05:00,15.86,4.51,2.5,0.7,6.599999,0.0,0.0,0.0,0.0,0.0,28.4,23.4,22.8,24.5,-128.7,21.1,0.0,1.0,1.0,1.0,0.0,0.0,1.0,0.0,90.0,90.0,1
2025-04-14 09:05:01,15.87,4.5,2.5,0.7,7.3,0.0,0.0,0.0,0.0,0.0,28.4,23.4,22.8,24.5,-128.7,21.3,0.0,1.0,1.0,1.0,0.0,0.0,1.0,0.0,90.0,90.0,1
2025-04-14 09:05:02,15.86,4.51,2.5,0.7,7.4,0.0,0.0,0.0,0.0,0.0,28.4,23.4,22.8,24.5,-128.7,21.1,0.0,1.0,1.0,1.0,0.0,0.0,1.0,0.0,90.0,90.0,1
2025-04-14 09:05:03,15.87,4.51,2.5,0.7,7.8,0.0,0.0,0.0,0.0,0.0,28.4,23.4,22.8,24.5,-128.7,21.3,0.0,1.0,1.0,1.0,0.0,0.0,1.0,0.0,90.0,90.0,1
2025-04-14 09:05:04,15.86,4.49,2.5,0.7,7.099999,0.0,0.0,0.0,0.0,0.0,28.4,23.4,22.8,24.5,-128.7,21.3,0.0,1.0,1.0,1.0,0.0,0.0,1.0,0.0,90.0,90.0,1
2025-04-14 09:05:05,15.88,4.51,2.5,0.8,7.4,0.0,0.0,0.0,0.0,0.0,28.4,23.4,22.8,24.5,-128.7,21.3,0.0,1.0,1.0,1.0,0.0,0.0,1.0,0.0,90.0,90.0,1
2025-04-14 09:05:06,15.87,4.49,2.5,0.7,7.8,0.0,0.0,0.0,0.0,0.0,28.4,23.4,22.8,24.5,-128.7,21.3,0.0,1.0,1.0,1.0,0.0,0.0,1.0,0.0,90.0,90.0,1
2025-04-14 09:05:07,15.86,4.5,2.5,0.7,6.2,0.0,0.0,0.0,0.0,0.0,28.4,23.4,22.8,24.5,-128.7,21.2,0.0,1.0,1.0,1.0,0.0,0.0,1.0,0.0,90.0,90.0,1
2025-04-14 09:05:08,15.85,4.49,2.5,0.8,7.2,0.0,0.0,0.0,0.0,0.0,28.4,23.4,22.8,24.5,-128.7,21.3,0.0,1.0,1.0,1.0,0.0,0.0,1.0,0.0,90.0,90.0,1
2025-04-14 09:05:09,15.87,4.49,2.5,0.7,7.599999,0.0,0.0,0.0,0.0,0.0,28.4,23.4,22.8,24.5,-128.7,21.3,0.0,1.0,1.0,1.0,0.0,0.0,1.0,0.0,90.0,90.0,1
2025-04-14 09:05:10,15.87,4.5,2.5,0.7,7.5,0.0,0.0,0.0,0.0,0.0,28.4,23.4,22.8,24.5,-128.7,21.3,0.0,1.0,1.0,1.0,0.0,0.0,1.0,0.0,90.0,90.0,1
2025-04-14 09:05:11,15.86,4.49,2.5,0.7,6.9,0.0,0.0,0.0,0.0,0.0,28.4,23.4,22.8,24.5,-128.7,21.2,0.0,1.0,1.0,1.0,0.0,0.0,1.0,0.0,90.0,90.0,1
2025-04-14 09:05:12,15.86,4.51,2.5,0.7,7.2,0.0,0.0,0.0,0.0,0.0,28.4,23.4,22.8,24.5,-128.7,21.3,0.0,1.0,1.0,1.0,0.0,0.0,1.0,0.0,90.0,90.0,1
2025-04-14 09:05:13,15.86,4.49,2.5,0.7,7.599999,0.0,0.0,0.0,0.0,0.0,28.4,23.4,22.8,24.5,-128.7,21.3,0.0,1.0,1.0,1.0,0.0,0.0,1.0,0.0,90.0,90.0,1
2025-04-14 09:05:14,15.86,4.5,2.5,0.8,7.5,0.0,0.0,0.0,0.0,0.0,28.4,23.4,22.8,24.5,-128.7,21.2,0.0,1.0,1.0,1.0,0.0,0.0,1.0,0.0,90.0,90.0,1
2025-04-14 09:05:15,15.86,4.49,2.5,0.7,7.099999,0.0,0.0,0.0,0.0,0.0,28.4,23.4,22.8,24.5,-128.7,21.3,0.0,1.0,1.0,1.0,0.0,0.0,1.0,0.0,90.0,90.0,1
2025-04-14 09:05:16,15.86,4.49,2.5,0.7,6.9,0.0,0.0,0.0,0.0,0.0,28.4,23.4,22.8,24.5,-128.7,21.2,0.0,1.0,1.0,1.0,0.0,0.0,1.0,0.0,90.0,90.0,1
2025-04-14 09:05:17,15.86,4.5,2.5,0.7,6.8,0.0,0.0,0.0,0.0,0.0,28.4,23.4,22.8,24.5,-128.7,21.3,0.0,1.0,1.0,1.0,0.0,0.0,1.0,0.0,90.0,90.0,1
2025-04-14 09:05:18,15.86,4.49,2.5,0.8,7.5,0.0,0.0,0.0,0.0,0.0,28.4,23.4,22.8,24.5,-128.7,21.3,0.0,1.0,1.0,1.0,0.0,0.0,1.0,0.0,90.0,90.0,1
2025-04-14 09:05:19,15.86,4.51,2.5,0.7,7.7,0.0,0.0,0.0,0.0,0.0,28.4,23.4,22.8,24.5,-128.7,21.2,0.0,1.0,1.0,1.0,0.0,0.0,1.0,0.0,90.0,90.0,1
2025-04-14 09:05:20,15.87,4.49,2.5,0.7,7.099999,0.0,0.0,0.0,0.0,0.0,28.4,23.4,22.8,24.5,-128.7,21.3,0.0,1.0,1.0,1.0,0.0,0.0,1.0,0.0,90.0,90.0,1
2025-04-14 09:05:21,15.86,4.51,2.5,0.7,7.3,0.0,0.0,0.0,0.0,0.0,28.4,23.4,22.8,24.5,-128.7,21.1,0.0,1.0,1.0,1.0,0.0,0.0,1.0,0.0,90.0,90.0,1
2025-04-14 09:05:22,15.86,4.49,2.5,0.7,6.4,0.0,0.0,0.0,0.0,0.0,28.4,23.4,22.8,24.5,-128.7,21.3,0.0,1.0,1.0,1.0,0.0,0.0,1.0,0.0,90.0,90.0,1
2025-04-14 09:05:23,15.86,4.5,2.5,0.7,7.9,0.0,0.0,0.0,0.0,0.0,28.4,23.4,22.8,24.5,-128.7,21.2,0.0,1.0,1.0,1.0,0.0,0.0,1.0,0.0,90.0,90.0,1
2025-04-14 09:05:24,15.86,4.51,2.5,0.7,7.5,0.0,0.0,0.0,0.0,0.0,28.4,23.4,22.8,24.5,-128.7,21.3,0.0,1.0,1.0,1.0,0.0,0.0,1.0,0.0,90.0,90.0,1
2025-04-14 09:05:25,15.85,4.49,2.5,0.8,7.4,0.0,0.0,0.0,0.0,0.0,28.4,23.4,22.8,24.5,-128.7,21.3,0.0,1.0,1.0,1.0,0.0,0.0,1.0,0.0,90.0,90.0,1
2025-04-14 09:05:26,15.86,4.5,2.5,0.7,7.2,0.0,0.0,0.0,0.0,0.0,28.4,23.4,22.8,24.5,-128.7,21.3,0.0,1.0,1.0,1.0,0.0,0.0,1.0,0.0,90.0,90.0,1
2025-04-14 09:05:27,15.85,4.49,2.5,0.7,7.2,0.0,0.0,0.0,0.0,0.0,28.4,23.4,22.8,24.5,-128.7,21.3,0.0,1.0,1.0,1.0,0.0,0.0,1.0,0.0,90.0,90.0,1
2025-04-14 09:05:28,15.86,4.5,2.5,0.7,7.4,0.0,0.0,0.0,0.0,0.0,28.4,23.4,22.8,24.5,-128.7,21.2,0.0,1.0,1.0,1.0,0.0,0.0,1.0,0.0,90.0,90.0,1
2025-04-14 09:05:29,15.86,4.49,2.5,0.7,7.0,0.0,0.0,0.0,0.0,0.0,28.4,23.4,22.8,24.5,-128.7,21.3,0.0,1.0,1.0,1.0,0.0,0.0,1.0,0.0,90.0,90.0,1
2025-04-14 09:05:30,15.86,4.49,2.5,0.7,7.099999,0.0,0.0,0.0,0.0,0.0,28.4,23.4,22.8,24.5,-128.7,21.3,0.0,1.0,1.0,1.0,0.0,0.0,1.0,0.0,90.0,90.0,1
2025-04-14 09:05:31,15.85,4.5,2.5,0.7,7.2,0.0,0.0,0.0,0.0,0.0,28.4,23.4,22.8,24.5,-128.7,21.3,0.0,1.0,1.0,1.0,0.0,0.0,1.0,0.0,90.0,90.0,1
2025-04-14 09:05:32,15.83,4.5,2.5,0.7,8.0,0.0,0.0,0.0,0.0,0.0,28.4,23.4,22.8,24.5,-128.7,21.2,0.0,1.0,1.0,1.0,0.0,0.0,1.0,0.0,90.0,90.0,1
2025-04-14 09:05:33,15.85,4.51,2.5,0.7,7.0,0.0,0.0,0.0,0.0,0.0,28.4,23.4,22.8,24.5,-128.7,21.1,0.0,1.0,1.0,1.0,0.0,0.0,1.0,0.0,90.0,90.0,1
2025-04-14 09:05:34,15.86,4.49,2.5,0.7,7.2,0.0,0.0,0.0,0.0,0.0,28.4,23.4,22.8,24.5,-128.7,21.2,0.0,1.0,1.0,1.0,0.0,0.0,1.0,0.0,90.0,90.0,1
2025-04-14 09:05:35,15.86,4.51,2.5,0.8,7.8,0.0,0.0,0.0,0.0,0.0,28.4,23.4,22.8,24.5,-128.7,21.1,0.0,1.0,1.0,1.0,0.0,0.0,1.0,0.0,90.0,90.0,1
2025-04-14 09:05:36,15.85,4.49,2.5,0.7,7.4,0.0,0.0,0.0,0.0,0.0,28.4,23.4,22.8,24.5,-128.7,21.2,0.0,1.0,1.0,1.0,0.0,0.0,1.0,0.0,90.0,90.0,1
2025-04-14 09:05:37,15.85,4.49,2.5,0.7,6.7,0.0,0.0,0.0,0.0,0.0,28.4,23.4,22.8,24.5,-128.7,21.2,0.0,1.0,1.0,1.0,0.0,0.0,1.0,0.0,90.0,90.0,1
2025-04-14 09:05:38,15.83,4.49,2.5,0.7,7.7,0.0,0.0,0.0,0.0,0.0,28.4,23.4,22.8,24.5,-128.7,21.3,0.0,1.0,1.0,1.0,0.0,0.0,1.0,0.0,90.0,90.0,1
2025-04-14 09:05:39,15.86,4.49,2.5,0.7,7.0,0.0,0.0,0.0,0.0,0.0,28.4,23.4,22.8,24.5,-128.7,21.3,0.0,1.0,1.0,1.0,0.0,0.0,1.0,0.0,90.0,90.0,1
2025-04-14 09:05:40,15.86,4.51,2.5,0.7,7.3,0.0,0.0,0.0,0.0,0.0,28.4,23.4,22.8,24.5,-128.7,21.1,0.0,1.0,1.0,1.0,0.0,0.0,1.0,0.0,90.0,90.0,1
2025-04-14 09:05:41,15.88,4.5,2.5,0.7,7.4,0.0,0.0,0.0,0.0,0.0,28.4,23.4,22.8,24.5,-128.7,21.3,0.0,1.0,1.0,1.0,0.0,0.0,1.0,0.0,90.0,90.0,1
2025-04-14 09:05:42,15.86,4.5,2.5,0.7,8.4,0.0,0.0,0.0,0.0,0.0,28.4,23.4,22.9,24.5,-128.7,21.2,0.0,1.0,1.0,1.0,0.0,0.0,1.0,0.0,90.0,90.0,1
2025-04-14 09:05:43,15.86,4.5,2.5,0.7,7.0,0.0,0.0,0.0,0.0,0.0,28.4,23.4,22.9,24.5,-128.7,21.2,0.0,1.0,1.0,1.0,0.0,0.0,1.0,0.0,90.0,90.0,1
2025-04-14 09:05:44,15.86,4.49,2.5,0.7,7.0,0.0,0.0,0.0,0.0,0.0,28.4,23.4,22.9,24.5,-128.7,21.2,0.0,1.0,1.0,1.0,0.0,0.0,1.0,0.0,90.0,90.0,1
2025-04-14 09:05:45,15.86,4.5,2.5,0.7,6.8,0.0,0.0,0.0,0.0,0.0,28.4,23.4,22.9,24.5,-128.7,21.1,0.0,1.0,1.0,1.0,0.0,0.0,1.0,0.0,90.0,90.0,1
2025-04-14 09:05:46,15.86,4.49,2.5,0.7,7.599999,0.0,0.0,0.0,0.0,0.0,28.4,23.4,22.9,24.5,-128.7,21.3,0.0,1.0,1.0,1.0,0.0,0.0,1.0,0.0,90.0,90.0,1
2025-04-14 09:05:47,15.86,4.51,2.5,0.7,7.4,0.0,0.0,0.0,0.0,0.0,28.4,23.4,22.9,24.5,-128.7,21.2,0.0,1.0,1.0,1.0,0.0,0.0,1.0,0.0,90.0,90.0,1
2025-04-14 09:05:48,15.86,4.49,2.5,0.7,7.099999,0.0,0.0,0.0,0.0,0.0,28.4,23.4,22.9,24.5,-128.7,21.3,0.0,1.0,1.0,1.0,0.0,0.0,1.0,0.0,90.0,90.0,1
2025-04-14 09:05:49,15.86,4.51,2.5,0.7,7.2,0.0,0.0,0.0,0.0,0.0,28.4,23.4,22.9,24.5,-128.7,21.1,0.0,1.0,1.0,1.0,0.0,0.0,1.0,0.0,90.0,90.0,1
2025-04-14 09:05:50,15.86,4.51,2.5,0.7,7.2,0.0,0.0,0.0,0.0,0.0,28.4,23.4,22.9,24.5,-128.7,21.2,0.0,1.0,1.0,1.0,0.0,0.0,1.0,0.0,90.0,90.0,1
2025-04-14 09:05:51,15.86,4.5,2.5,0.7,7.7,0.0,0.0,0.0,0.0,0.0,28.4,23.4,22.9,24.5,-128.7,21.3,0.0,1.0,1.0,1.0,0.0,0.0,1.0,0.0,90.0,90.0,1
2025-04-14 09:05:52,15.86,4.5,2.5,0.7,7.7,0.0,0.0,0.0,0.0,0.0,28.4,23.4,22.9,24.5,-128.7,21.1,0.0,1.0,1.0,1.0,0.0,0.0,1.0,0.0,90.0,90.0,1
2025-04-14 09:05:53,15.88,4.5,2.5,0.7,7.3,0.0,0.0,0.0,0.0,0.0,28.4,23.4,22.9,24.5,-128.7,21.3,0.0,1.0,1.0,1.0,0.0,0.0,1.0,0.0,90.0,90.0,1
2025-04-14 09:05:54,15.87,4.49,2.5,0.7,7.0,0.0,0.0,0.0,0.0,0.0,28.4,23.4,22.9,24.5,-128.7,21.2,0.0,1.0,1.0,1.0,0.0,0.0,1.0,0.0,90.0,90.0,1
2025-04-14 09:05:55,15.88,4.5,2.5,0.7,7.0,0.0,0.0,0.0,0.0,0.0,28.4,23.4,22.9,24.5,-128.7,21.2,0.0,1.0,1.0,1.0,0.0,0.0,1.0,0.0,90.0,90.0,1
2025-04-14 09:05:56,15.88,4.49,2.5,0.7,6.9,0.0,0.0,0.0,0.0,0.0,28.4,23.4,22.9,24.5,-128.7,21.2,0.0,1.0,1.0,1.0,0.0,0.0,1.0,0.0,90.0,90.0,1
2025-04-14 09:05:57,15.88,4.51,2.5,0.7,7.7,0.0,0.0,0.0,0.0,0.0,28.4,23.4,22.9,24.5,-128.7,21.1,0.0,1.0,1.0,1.0,0.0,0.0,1.0,0.0,90.0,90.0,1
2025-04-14 09:05:58,15.88,4.5,2.5,0.7,7.4,0.0,0.0,0.0,0.0,0.0,28.4,23.5,22.9,24.5,-128.7,21.3,0.0,1.0,1.0,1.0,0.0,0.0,1.0,0.0,90.0,90.0,1
2025-04-14 09:05:59,15.91,4.51,2.5,0.7,7.0,0.0,0.0,0.0,0.0,0.0,28.4,23.5,22.9,24.5,-128.7,21.1,0.0,1.0,1.0,1.0,0.0,0.0,1.0,0.0,90.0,90.0,1
2025-04-14 09:06:00,15.89,4.5,2.5,0.7,7.5,0.0,0.0,0.0,0.0,0.0,28.4,23.5,22.9,24.5,-128.7,21.2,0.0,1.0,1.0,1.0,0.0,0.0,1.0,0.0,90.0,90.0,1
2025-04-14 09:06:01,15.89,4.51,2.5,0.7,8.0,0.0,0.0,0.0,0.0,0.0,28.4,23.5,23.0,24.5,-128.7,21.1,0.0,1.0,1.0,1.0,0.0,0.0,1.0,0.0,90.0,90.0,1
2025-04-14 09:06:02,15.88,4.51,2.5,0.8,7.4,0.0,0.0,0.0,0.0,0.0,28.4,23.5,23.0,24.5,-128.7,21.2,0.0,1.0,1.0,1.0,0.0,0.0,1.0,0.0,90.0,90.0,1
2025-04-14 09:06:03,15.89,4.5,2.5,0.7,6.8,0.0,0.0,0.0,0.0,0.0,28.4,23.5,23.0,24.5,-128.7,21.2,0.0,1.0,1.0,1.0,0.0,0.0,1.0,0.0,90.0,90.0,1
2025-04-14 09:06:04,15.88,4.52,2.5,0.8,7.5,0.0,0.0,0.0,0.0,0.0,28.4,23.5,23.0,24.5,-128.7,21.1,0.0,1.0,1.0,1.0,0.0,0.0,1.0,0.0,90.0,90.0,1
2025-04-14 09:06:05,15.89,4.52,2.5,0.7,7.9,0.0,0.0,0.0,0.0,0.0,28.4,23.5,23.0,24.5,-128.7,21.1,0.0,1.0,1.0,1.0,0.0,0.0,1.0,0.0,90.0,90.0,1
2025-04-14 09:06:06,15.88,4.52,2.5,0.8,7.599999,0.0,0.0,0.0,0.0,0.0,28.4,23.5,23.0,24.5,-128.7,21.1,0.0,1.0,1.0,1.0,0.0,0.0,1.0,0.0,90.0,90.0,1
2025-04-14 09:06:07,15.89,4.52,2.5,0.7,8.0,0.0,0.0,0.0,0.0,0.0,28.4,23.5,23.0,24.5,-128.7,21.2,0.0,1.0,1.0,1.0,0.0,0.0,1.0,0.0,90.0,90.0,1
2025-04-14 09:06:08,15.89,4.52,2.5,0.7,6.9,0.0,0.0,0.0,0.0,0.0,28.4,23.5,23.0,24.5,-128.7,21.1,0.0,1.0,1.0,1.0,0.0,0.0,1.0,0.0,90.0,90.0,1
2025-04-14 09:06:09,15.91,4.52,2.5,0.7,7.4,0.0,0.0,0.0,0.0,0.0,28.4,23.5,23.0,24.5,-128.7,21.1,0.0,1.0,1.0,1.0,0.0,0.0,1.0,0.0,90.0,90.0,1
2025-04-14 09:06:10,15.91,4.51,2.5,0.7,7.9,0.0,0.0,0.0,0.0,0.0,28.4,23.5,23.0,24.5,-128.7,21.1,0.0,1.0,1.0,1.0,0.0,0.0,1.0,0.0,90.0,90.0,1
2025-04-14 09:06:11,15.89,4.52,2.5,0.7,7.4,0.0,0.0,0.0,0.0,0.0,28.4,23.5,23.0,24.5,-128.7,21.1,0.0,1.0,1.0,1.0,0.0,0.0,1.0,0.0,90.0,90.0,1
2025-04-14 09:06:12,15.92,4.52,2.5,0.7,8.2,0.0,0.0,0.0,0.0,0.0,28.4,23.5,23.0,24.5,-128.7,21.1,0.0,1.0,1.0,1.0,0.0,0.0,1.0,0.0,90.0,90.0,1
2025-04-14 09:06:13,15.93,4.53,2.5,0.7,7.2,0.0,0.0,0.0,0.0,0.0,28.4,23.5,23.0,24.5,-128.7,21.0,0.0,1.0,1.0,1.0,0.0,0.0,1.0,0.0,90.0,90.0,1
2025-04-14 09:06:14,15.92,4.52,2.5,0.8,7.099999,0.0,0.0,0.0,0.0,0.0,28.4,23.5,23.0,24.5,-128.7,21.1,0.0,1.0,1.0,1.0,0.0,0.0,1.0,0.0,90.0,90.0,1
2025-04-14 09:06:15,15.91,4.52,2.5,0.7,7.2,0.0,0.0,0.0,0.0,0.0,28.4,23.5,23.0,24.5,-128.7,21.0,0.0,1.0,1.0,1.0,0.0,0.0,1.0,0.0,90.0,90.0,1
2025-04-14 09:06:16,15.91,4.52,2.5,0.7,7.7,0.0,0.0,0.0,0.0,0.0,28.4,23.5,23.0,24.5,-128.7,21.1,0.0,1.0,1.0,1.0,0.0,0.0,1.0,0.0,90.0,90.0,1
2025-04-14 09:06:17,15.91,4.52,2.5,0.8,7.2,0.0,0.0,0.0,0.0,0.0,28.4,23.5,23.0,24.5,-128.7,21.1,0.0,1.0,1.0,1.0,0.0,0.0,1.0,0.0,90.0,90.0,1
2025-04-14 09:06:18,15.92,4.53,2.5,0.8,7.099999,0.0,0.0,0.0,0.0,0.0,28.4,23.5,23.1,24.5,-128.7,21.0,0.0,1.0,1.0,1.0,0.0,0.0,1.0,0.0,90.0,90.0,1
2025-04-14 09:06:19,15.92,4.52,2.5,0.7,7.0,0.0,0.0,0.0,0.0,0.0,28.4,23.5,23.1,24.5,-128.7,21.1,0.0,1.0,1.0,1.0,0.0,0.0,1.0,0.0,90.0,90.0,1
2025-04-14 09:06:20,15.92,4.53,2.5,0.7,7.7,0.0,0.0,0.0,0.0,0.0,28.4,23.5,23.1,24.5,-128.7,21.0,0.0,1.0,1.0,1.0,0.0,0.0,1.0,0.0,90.0,90.0,1
2025-04-14 09:06:21,15.89,4.53,2.5,0.7,7.2,0.0,0.0,0.0,0.0,0.0,28.4,23.5,23.1,24.5,-128.7,21.1,0.0,1.0,1.0,1.0,0.0,0.0,1.0,0.0,90.0,90.0,1
2025-04-14 09:06:22,15.91,4.52,2.5,0.8,7.2,0.0,0.0,0.0,0.0,0.0,28.4,23.5,23.1,24.5,-128.7,21.1,0.0,1.0,1.0,1.0,0.0,0.0,1.0,0.0,90.0,90.0,1
2025-04-14 09:06:23,15.89,4.53,2.5,0.7,7.2,0.0,0.0,0.0,0.0,0.0,28.4,23.5,23.1,24.6,-128.7,21.2,0.0,1.0,1.0,1.0,0.0,0.0,1.0,0.0,90.0,90.0,1
2025-04-14 09:06:24,15.91,4.52,2.5,0.7,7.2,0.0,0.0,0.0,0.0,0.0,28.4,23.5,23.1,24.6,-128.7,21.2,0.0,1.0,1.0,1.0,0.0,0.0,1.0,0.0,90.0,90.0,1
2025-04-14 09:06:25,15.91,4.53,2.5,0.7,8.4,0.0,0.0,0.0,0.0,0.0,28.4,23.5,23.1,24.6,-128.7,21.2,0.0,1.0,1.0,1.0,0.0,0.0,1.0,0.0,90.0,90.0,1
2025-04-14 09:06:26,15.89,4.51,2.5,0.7,7.7,0.0,0.0,0.0,0.0,0.0,28.5,23.5,23.1,24.6,-128.7,21.2,0.0,1.0,1.0,1.0,0.0,0.0,1.0,0.0,90.0,90.0,1
2025-04-14 09:06:27,15.89,4.53,2.5,0.8,7.9,0.0,0.0,0.0,0.0,0.0,28.5,23.5,23.1,24.6,-128.7,21.1,0.0,1.0,1.0,1.0,0.0,0.0,1.0,0.0,90.0,90.0,1
2025-04-14 09:06:28,15.91,4.53,2.5,0.7,7.599999,0.0,0.0,0.0,0.0,0.0,28.5,23.5,23.1,24.6,-128.7,21.2,0.0,1.0,1.0,1.0,0.0,0.0,1.0,0.0,90.0,90.0,1
2025-04-14 09:06:29,15.91,4.52,2.5,0.8,7.7,0.0,0.0,0.0,0.0,0.0,28.5,23.5,23.1,24.6,-128.7,21.1,0.0,1.0,1.0,1.0,0.0,0.0,1.0,0.0,90.0,90.0,1
2025-04-14 09:06:30,15.91,4.53,2.5,0.7,6.8,0.0,0.0,0.0,0.0,0.0,28.5,23.5,23.1,24.6,-128.7,21.2,0.0,1.0,1.0,1.0,0.0,0.0,1.0,0.0,90.0,90.0,1
2025-04-14 09:06:31,15.92,4.52,2.5,0.7,7.9,0.0,0.0,0.0,0.0,0.0,28.5,23.5,23.1,24.6,-128.7,21.2,0.0,1.0,1.0,1.0,0.0,0.0,1.0,0.0,90.0,90.0,1
2025-04-14 09:06:32,15.93,4.53,2.5,0.7,7.5,0.0,0.0,0.0,0.0,0.0,28.5,23.5,23.1,24.6,-128.7,21.1,0.0,1.0,1.0,1.0,0.0,0.0,1.0,0.0,90.0,90.0,1
2025-04-14 09:06:33,15.92,4.52,2.5,0.7,7.3,0.0,0.0,0.0,0.0,0.0,28.5,23.5,23.2,24.6,-128.7,21.2,0.0,1.0,1.0,1.0,0.0,0.0,1.0,0.0,90.0,90.0,1
2025-04-14 09:06:34,15.92,4.52,2.5,0.7,6.8,0.0,0.0,0.0,0.0,0.0,28.5,23.5,23.2,24.6,-128.7,21.1,0.0,1.0,1.0,1.0,0.0,0.0,1.0,0.0,90.0,90.0,1
2025-04-14 09:06:35,15.93,4.52,2.5,0.7,7.4,0.0,0.0,0.0,0.0,0.0,28.5,23.5,23.2,24.6,-128.7,21.2,0.0,1.0,1.0,1.0,0.0,0.0,1.0,0.0,90.0,90.0,1
2025-04-14 09:06:36,15.92,4.52,2.5,0.7,7.3,0.0,0.0,0.0,0.0,0.0,28.5,23.5,23.2,24.6,-128.7,21.1,0.0,1.0,1.0,1.0,0.0,0.0,1.0,0.0,90.0,90.0,1
2025-04-14 09:06:37,15.93,4.53,2.5,0.7,7.9,0.0,0.0,0.0,0.0,0.0,28.5,23.5,23.2,24.6,-128.7,21.1,0.0,1.0,1.0,1.0,0.0,0.0,1.0,0.0,90.0,90.0,1
2025-04-14 09:06:38,15.92,4.52,2.5,0.7,7.599999,0.0,0.0,0.0,0.0,0.0,28.5,23.5,23.2,24.6,-128.7,21.1,0.0,1.0,1.0,1.0,0.0,0.0,1.0,0.0,90.0,90.0,1
2025-04-14 09:06:39,15.91,4.52,2.5,0.8,7.2,0.0,0.0,0.0,0.0,0.0,28.5,23.5,23.2,24.6,-128.7,21.1,0.0,1.0,1.0,1.0,0.0,0.0,1.0,0.0,90.0,90.0,1
2025-04-14 09:06:40,15.91,4.52,2.5,0.7,7.2,0.0,0.0,0.0,0.0,0.0,28.5,23.5,23.2,24.6,-128.7,21.2,0.0,1.0,1.0,1.0,0.0,0.0,1.0,0.0,90.0,90.0,1
2025-04-14 09:06:41,15.91,4.52,2.5,0.7,6.9,0.0,0.0,0.0,0.0,0.0,28.5,23.5,23.2,24.6,-128.7,21.2,0.0,1.0,1.0,1.0,0.0,0.0,1.0,0.0,90.0,90.0,1
2025-04-14 09:06:42,15.91,4.52,2.5,0.7,7.0,0.0,0.0,0.0,0.0,0.0,28.5,23.5,23.2,24.6,-128.7,21.2,0.0,1.0,1.0,1.0,0.0,0.0,1.0,0.0,90.0,90.0,1
2025-04-14 09:06:43,15.91,4.52,2.5,0.7,8.0,0.0,0.0,0.0,0.0,0.0,28.5,23.5,23.2,24.6,-128.7,21.1,0.0,1.0,1.0,1.0,0.0,0.0,1.0,0.0,90.0,90.0,1
2025-04-14 09:06:44,15.89,4.52,2.5,0.7,7.4,0.0,0.0,0.0,0.0,0.0,28.5,23.5,23.3,24.6,-128.7,21.2,0.0,1.0,1.0,1.0,0.0,0.0,1.0,0.0,90.0,90.0,1
2025-04-14 09:06:45,15.91,4.52,2.5,0.7,7.5,0.0,0.0,0.0,0.0,0.0,28.5,23.5,23.3,24.6,-128.7,21.1,0.0,1.0,1.0,1.0,0.0,0.0,1.0,0.0,90.0,90.0,1
2025-04-14 09:06:46,15.91,4.52,2.5,0.8,7.9,0.0,0.0,0.0,0.0,0.0,28.5,23.5,23.3,24.6,-128.7,21.2,0.0,1.0,1.0,1.0,0.0,0.0,1.0,0.0,90.0,90.0,1
2025-04-14 09:06:47,15.92,4.52,2.5,0.7,7.7,0.0,0.0,0.0,0.0,0.0,28.5,23.5,23.3,24.6,-128.7,21.2,0.0,1.0,1.0,1.0,0.0,0.0,1.0,0.0,90.0,90.0,1
2025-04-14 09:06:48,15.91,4.52,2.5,0.7,8.0,0.0,0.0,0.0,0.0,0.0,28.5,23.5,23.3,24.6,-128.7,21.1,0.0,1.0,1.0,1.0,0.0,0.0,1.0,0.0,90.0,90.0,1
2025-04-14 09:06:49,15.91,4.52,2.5,0.7,7.0,0.0,0.0,0.0,0.0,0.0,28.5,23.5,23.3,24.6,-128.7,21.2,0.0,1.0,1.0,1.0,0.0,0.0,1.0,0.0,90.0,90.0,1
2025-04-14 09:06:50,15.92,4.52,2.5,0.7,6.7,0.0,0.0,0.0,0.0,0.0,28.5,23.5,23.3,24.6,-128.7,21.2,0.0,1.0,1.0,1.0,0.0,0.0,1.0,0.0,90.0,90.0,1
2025-04-14 09:06:51,15.93,4.52,2.5,0.7,7.599999,0.0,0.0,0.0,0.0,0.0,28.5,23.5,23.3,24.6,-128.7,21.2,0.0,1.0,1.0,1.0,0.0,0.0,1.0,0.0,90.0,90.0,1
2025-04-14 09:06:52,15.93,4.52,2.5,0.7,8.099999,0.0,0.0,0.0,0.0,0.0,28.5,23.5,23.3,24.6,-128.7,21.2,0.0,1.0,1.0,1.0,0.0,0.0,1.0,0.0,90.0,90.0,1
2025-04-14 09:06:53,15.92,4.52,2.5,0.7,7.099999,0.0,0.0,0.0,0.0,0.0,28.5,23.5,23.3,24.6,-128.7,21.2,0.0,1.0,1.0,1.0,0.0,0.0,1.0,0.0,90.0,90.0,1
2025-04-14 09:06:54,15.93,4.52,2.5,0.7,7.9,0.0,0.0,0.0,0.0,0.0,28.5,23.5,23.3,24.6,-128.7,21.2,0.0,1.0,1.0,1.0,0.0,0.0,1.0,0.0,90.0,90.0,1
2025-04-14 09:06:55,15.92,4.52,2.5,0.7,7.099999,0.0,0.0,0.0,0.0,0.0,28.5,23.5,23.3,24.6,-128.7,21.2,0.0,1.0,1.0,1.0,0.0,0.0,1.0,0.0,90.0,90.0,1
2025-04-14 09:06:56,15.93,4.52,2.5,0.7,6.9,0.0,0.0,0.0,0.0,0.0,28.5,23.5,23.3,24.6,-128.7,21.1,0.0,1.0,1.0,1.0,0.0,0.0,1.0,0.0,90.0,90.0,1
2025-04-14 09:06:57,15.93,4.53,2.5,0.7,7.5,0.0,0.0,0.0,0.0,0.0,28.5,23.5,23.4,24.6,-128.7,21.1,0.0,1.0,1.0,1.0,0.0,0.0,1.0,0.0,90.0,90.0,1
2025-04-14 09:06:58,15.93,4.52,2.5,0.7,7.099999,0.0,0.0,0.0,0.0,0.0,28.5,23.5,23.4,24.6,-128.7,21.2,0.0,1.0,1.0,1.0,0.0,0.0,1.0,0.0,90.0,90.0,1
2025-04-14 09:06:59,15.93,4.52,2.5,0.8,7.099999,0.0,0.0,0.0,0.0,0.0,28.5,23.5,23.4,24.6,-128.7,21.1,0.0,1.0,1.0,1.0,0.0,0.0,1.0,0.0,90.0,90.0,1
2025-04-14 09:07:00,15.96,4.52,2.5,0.7,7.7,0.0,0.0,0.0,0.0,0.0,28.5,23.5,23.4,24.6,-128.7,21.2,0.0,1.0,1.0,1.0,0.0,0.0,1.0,0.0,90.0,90.0,1
2025-04-14 09:07:01,15.93,4.52,2.5,0.7,7.0,0.0,0.0,0.0,0.0,0.0,28.5,23.5,23.4,24.6,-128.7,21.1,0.0,1.0,1.0,1.0,0.0,0.0,1.0,0.0,90.0,90.0,1
2025-04-14 09:07:02,15.93,4.52,2.5,0.8,7.5,0.0,0.0,0.0,0.0,0.0,28.5,23.5,23.4,24.6,-128.7,21.2,0.0,1.0,1.0,1.0,0.0,0.0,1.0,0.0,90.0,90.0,1
2025-04-14 09:07:03,15.93,4.52,2.5,0.7,7.5,0.0,0.0,0.0,0.0,0.0,28.5,23.5,23.4,24.6,-128.7,21.2,0.0,1.0,1.0,1.0,0.0,0.0,1.0,0.0,90.0,90.0,1
2025-04-14 09:07:04,15.93,4.53,2.5,0.7,7.3,0.0,0.0,0.0,0.0,0.0,28.5,23.5,23.4,24.6,-128.7,21.2,0.0,1.0,1.0,1.0,0.0,0.0,1.0,0.0,90.0,90.0,1
2025-04-14 09:07:05,15.94,4.52,2.5,0.7,7.3,0.0,0.0,0.0,0.0,0.0,28.5,23.5,23.4,24.6,-128.7,21.2,0.0,1.0,1.0,1.0,0.0,0.0,1.0,0.0,90.0,90.0,1
2025-04-14 09:07:06,15.93,4.53,2.5,0.7,7.3,0.0,0.0,0.0,0.0,0.0,28.5,23.5,23.4,24.7,-128.7,21.3,0.0,1.0,1.0,1.0,0.0,0.0,1.0,0.0,90.0,90.0,1
2025-04-14 09:07:07,15.93,4.52,2.5,0.7,7.7,0.0,0.0,0.0,0.0,0.0,28.5,23.5,23.4,24.7,-128.7,21.3,0.0,1.0,1.0,1.0,0.0,0.0,1.0,0.0,90.0,90.0,1
2025-04-14 09:07:08,15.93,4.52,2.4,0.8,7.7,0.0,0.0,0.0,0.0,0.0,28.5,23.5,23.5,24.7,-128.7,21.3,0.0,1.0,1.0,1.0,0.0,0.0,1.0,0.0,90.0,90.0,1
2025-04-14 09:07:09,15.93,4.52,2.5,0.8,7.599999,0.0,0.0,0.0,0.0,0.0,28.5,23.6,23.5,24.7,-128.7,21.3,0.0,1.0,1.0,1.0,0.0,0.0,1.0,0.0,90.0,90.0,1
2025-04-14 09:07:10,15.93,4.51,2.5,0.8,6.9,0.0,0.0,0.0,0.0,0.0,28.5,23.6,23.5,24.7,-128.7,21.3,0.0,1.0,1.0,1.0,0.0,0.0,1.0,0.0,90.0,90.0,1
2025-04-14 09:07:11,15.93,4.53,2.5,0.7,7.0,0.0,0.0,0.0,0.0,0.0,28.5,23.6,23.5,24.7,-128.7,21.3,0.0,1.0,1.0,1.0,0.0,0.0,1.0,0.0,90.0,90.0,1
2025-04-14 09:07:12,15.93,4.51,2.5,0.7,8.2,0.0,0.0,0.0,0.0,0.0,28.5,23.6,23.5,24.7,-128.7,21.3,0.0,1.0,1.0,1.0,0.0,0.0,1.0,0.0,90.0,90.0,1
2025-04-14 09:07:13,15.96,4.52,2.5,0.7,7.099999,0.0,0.0,0.0,0.0,0.0,28.5,23.6,23.5,24.7,-128.7,21.3,0.0,1.0,1.0,1.0,0.0,0.0,1.0,0.0,90.0,90.0,1
2025-04-14 09:07:14,15.93,4.51,2.5,0.7,7.5,0.0,0.0,0.0,0.0,0.0,28.5,23.6,23.5,24.7,-128.7,21.3,0.0,1.0,1.0,1.0,0.0,0.0,1.0,0.0,90.0,90.0,1
2025-04-14 09:07:15,15.94,4.52,2.5,0.7,7.9,0.0,0.0,0.0,0.0,0.0,28.5,23.6,23.5,24.7,-128.7,21.3,0.0,1.0,1.0,1.0,0.0,0.0,1.0,0.0,90.0,90.0,1
2025-04-14 09:07:16,15.96,4.52,2.5,0.7,7.599999,0.0,0.0,0.0,0.0,0.0,28.5,23.6,23.5,24.7,-128.7,21.3,0.0,1.0,1.0,1.0,0.0,0.0,1.0,0.0,90.0,90.0,1
2025-04-14 09:07:17,15.96,4.52,2.5,0.7,7.0,0.0,0.0,0.0,0.0,0.0,28.5,23.6,23.5,24.7,-128.7,21.3,0.0,1.0,1.0,1.0,0.0,0.0,1.0,0.0,90.0,90.0,1
2025-04-14 09:07:18,15.96,4.52,2.5,0.7,7.3,0.0,0.0,0.0,0.0,0.0,28.5,23.6,23.5,24.7,-128.7,21.3,0.0,1.0,1.0,1.0,0.0,0.0,1.0,0.0,90.0,90.0,1
2025-04-14 09:07:19,15.96,4.51,2.5,0.7,7.4,0.0,0.0,0.0,0.0,0.0,28.5,23.6,23.5,24.7,-128.7,21.3,0.0,1.0,1.0,1.0,0.0,0.0,1.0,0.0,90.0,90.0,1
2025-04-14 09:07:20,15.94,4.52,2.5,0.7,6.599999,0.0,0.0,0.0,0.0,0.0,28.5,23.6,23.5,24.7,-128.7,21.3,0.0,1.0,1.0,1.0,0.0,0.0,1.0,0.0,90.0,90.0,1
2025-04-14 09:07:21,15.96,4.52,2.5,0.7,7.0,0.0,0.0,0.0,0.0,0.0,28.5,23.6,23.6,24.7,-128.7,21.3,0.0,1.0,1.0,1.0,0.0,0.0,1.0,0.0,90.0,90.0,1
2025-04-14 09:07:22,15.93,4.52,2.5,0.7,6.599999,0.0,0.0,0.0,0.0,0.0,28.6,23.6,23.6,24.7,-128.7,21.3,0.0,1.0,1.0,1.0,0.0,0.0,1.0,0.0,90.0,90.0,1
2025-04-14 09:07:23,15.94,4.52,2.5,0.8,7.9,0.0,0.0,0.0,0.0,0.0,28.6,23.6,23.6,24.7,-128.7,21.3,0.0,1.0,1.0,1.0,0.0,0.0,1.0,0.0,90.0,90.0,1
2025-04-14 09:07:24,15.96,4.52,2.5,0.7,7.0,0.0,0.0,0.0,0.0,0.0,28.6,23.6,23.6,24.7,-128.7,21.3,0.0,1.0,1.0,1.0,0.0,0.0,1.0,0.0,90.0,90.0,1
2025-04-14 09:07:25,15.93,4.52,2.5,0.7,7.0,0.0,0.0,0.0,0.0,0.0,28.6,23.6,23.6,24.7,-128.7,21.3,0.0,1.0,1.0,1.0,0.0,0.0,1.0,0.0,90.0,90.0,1
2025-04-14 09:07:26,15.94,4.51,2.5,0.7,8.2,0.0,0.0,0.0,0.0,0.0,28.6,23.6,23.6,24.7,-128.7,21.3,0.0,1.0,1.0,1.0,0.0,0.0,1.0,0.0,90.0,90.0,1
2025-04-14 09:07:27,15.94,4.52,2.5,0.7,7.4,0.0,0.0,0.0,0.0,0.0,28.6,23.6,23.6,24.7,-128.7,21.3,0.0,1.0,1.0,1.0,0.0,0.0,1.0,0.0,90.0,90.0,1
2025-04-14 09:07:28,15.93,4.52,2.5,0.7,7.3,0.0,0.0,0.0,0.0,0.0,28.6,23.6,23.6,24.7,-128.7,21.3,0.0,1.0,1.0,1.0,0.0,0.0,1.0,0.0,90.0,90.0,1
2025-04-14 09:07:29,15.96,4.52,2.5,0.7,7.4,0.0,0.0,0.0,0.0,0.0,28.6,23.6,23.6,24.7,-128.7,21.3,0.0,1.0,1.0,1.0,0.0,0.0,1.0,0.0,90.0,90.0,1
2025-04-14 09:07:30,15.96,4.52,2.5,0.7,7.5,0.0,0.0,0.0,0.0,0.0,28.6,23.6,23.6,24.7,-128.7,21.3,0.0,1.0,1.0,1.0,0.0,0.0,1.0,0.0,90.0,90.0,1
2025-04-14 09:07:31,15.97,4.51,2.5,0.8,7.8,0.0,0.0,0.0,0.0,0.0,28.6,23.6,23.6,24.7,-128.7,21.3,0.0,1.0,1.0,1.0,0.0,0.0,1.0,0.0,90.0,90.0,1
2025-04-14 09:07:32,15.96,4.52,2.5,0.7,7.7,0.0,0.0,0.0,0.0,0.0,28.6,23.6,23.6,24.7,-128.7,21.3,0.0,1.0,1.0,1.0,0.0,0.0,1.0,0.0,90.0,90.0,1
2025-04-14 09:07:33,15.94,4.51,2.4,0.7,7.0,0.0,0.0,0.0,0.0,0.0,28.6,23.6,23.6,24.7,-128.7,21.3,0.0,1.0,1.0,1.0,0.0,0.0,1.0,0.0,90.0,90.0,1
2025-04-14 09:07:34,15.96,4.52,2.5,0.7,6.8,0.0,0.0,0.0,0.0,0.0,28.6,23.6,23.6,24.7,-128.7,21.3,0.0,1.0,1.0,1.0,0.0,0.0,1.0,0.0,90.0,90.0,1
2025-04-14 09:07:35,15.97,4.52,2.5,0.7,7.3,0.0,0.0,0.0,0.0,0.0,28.6,23.6,23.6,24.7,-128.7,21.3,0.0,1.0,1.0,1.0,0.0,0.0,1.0,0.0,90.0,90.0,1
2025-04-14 09:07:36,15.96,4.52,2.5,0.7,7.4,0.0,0.0,0.0,0.0,0.0,28.6,23.6,23.6,24.7,-128.7,21.3,0.0,1.0,1.0,1.0,0.0,0.0,1.0,0.0,90.0,90.0,1
2025-04-14 09:07:37,15.96,4.52,2.5,0.7,7.5,0.0,0.0,0.0,0.0,0.0,28.6,23.6,23.6,24.7,-128.7,21.3,0.0,1.0,1.0,1.0,0.0,0.0,1.0,0.0,90.0,90.0,1
2025-04-14 09:07:38,15.94,4.52,2.5,0.7,6.9,0.0,0.0,0.0,0.0,0.0,28.6,23.6,23.6,24.7,-128.7,21.3,0.0,1.0,1.0,1.0,0.0,0.0,1.0,0.0,90.0,90.0,1
2025-04-14 09:07:39,15.97,4.52,2.5,0.7,7.8,0.0,0.0,0.0,0.0,0.0,28.6,23.6,23.6,24.8,-128.7,21.4,0.0,1.0,1.0,1.0,0.0,0.0,1.0,0.0,90.0,90.0,1
2025-04-14 09:07:40,15.96,4.51,2.5,0.7,7.4,0.0,0.0,0.0,0.0,0.0,28.6,23.6,23.6,24.8,-128.7,21.4,0.0,1.0,1.0,1.0,0.0,0.0,1.0,0.0,90.0,90.0,1
2025-04-14 09:07:41,15.94,4.52,2.5,0.8,6.8,0.0,0.0,0.0,0.0,0.0,28.6,23.6,23.6,24.8,-128.7,21.4,0.0,1.0,1.0,1.0,0.0,0.0,1.0,0.0,90.0,90.0,1
2025-04-14 09:07:42,15.93,4.52,2.5,0.7,7.9,0.0,0.0,0.0,0.0,0.0,28.6,23.6,23.7,24.8,-128.7,21.4,0.0,1.0,1.0,1.0,0.0,0.0,1.0,0.0,90.0,90.0,1
2025-04-14 09:07:43,15.94,4.52,2.5,0.7,7.0,0.0,0.0,0.0,0.0,0.0,28.6,23.6,23.7,24.8,-128.7,21.4,0.0,1.0,1.0,1.0,0.0,0.0,1.0,0.0,90.0,90.0,1
2025-04-14 09:07:44,15.94,4.52,2.5,0.7,7.599999,0.0,0.0,0.0,0.0,0.0,28.6,23.6,23.7,24.8,-128.7,21.4,0.0,1.0,1.0,1.0,0.0,0.0,1.0,0.0,90.0,90.0,1
2025-04-14 09:07:45,15.93,4.51,2.5,0.8,7.4,0.0,0.0,0.0,0.0,0.0,28.6,23.6,23.7,24.8,-128.7,21.4,0.0,1.0,1.0,1.0,0.0,0.0,1.0,0.0,90.0,90.0,1
2025-04-14 09:07:46,15.93,4.51,2.5,0.7,7.5,0.0,0.0,0.0,0.0,0.0,28.6,23.6,23.7,24.8,-128.7,21.4,0.0,1.0,1.0,1.0,0.0,0.0,1.0,0.0,90.0,90.0,1
2025-04-14 09:07:47,15.94,4.5,2.5,0.7,7.2,0.0,0.0,0.0,0.0,0.0,28.6,23.6,23.7,24.8,-128.7,21.5,0.0,1.0,1.0,1.0,0.0,0.0,1.0,0.0,90.0,90.0,1
2025-04-14 09:07:48,15.94,4.52,2.5,0.7,6.8,0.0,0.0,0.0,0.0,0.0,28.6,23.6,23.7,24.8,-128.7,21.4,0.0,1.0,1.0,1.0,0.0,0.0,1.0,0.0,90.0,90.0,1
2025-04-14 09:07:49,15.96,4.52,2.5,0.7,7.8,0.0,0.0,0.0,0.0,0.0,28.6,23.6,23.7,24.8,-128.7,21.4,0.0,1.0,1.0,1.0,0.0,0.0,1.0,0.0,90.0,90.0,1
2025-04-14 09:07:50,15.93,4.51,2.5,0.7,7.9,0.0,0.0,0.0,0.0,0.0,28.6,23.6,23.7,24.8,-128.7,21.4,0.0,1.0,1.0,1.0,0.0,0.0,1.0,0.0,90.0,90.0,1
2025-04-14 09:07:51,15.94,4.52,2.5,0.7,6.9,0.0,0.0,0.0,0.0,0.0,28.6,23.6,23.7,24.8,-128.7,21.4,0.0,1.0,1.0,1.0,0.0,0.0,1.0,0.0,90.0,90.0,1
2025-04-14 09:07:52,15.96,4.51,2.5,0.7,7.8,0.0,0.0,0.0,0.0,0.0,28.6,23.6,23.7,24.8,-128.7,21.4,0.0,1.0,1.0,1.0,0.0,0.0,1.0,0.0,90.0,90.0,1
2025-04-14 09:07:53,15.96,4.52,2.5,0.7,7.2,0.0,0.0,0.0,0.0,0.0,28.6,23.6,23.7,24.8,-128.7,21.4,0.0,1.0,1.0,1.0,0.0,0.0,1.0,0.0,90.0,90.0,1
2025-04-14 09:07:54,15.94,4.52,2.5,0.7,7.9,0.0,0.0,0.0,0.0,0.0,28.6,23.6,23.7,24.8,-128.7,21.4,0.0,1.0,1.0,1.0,0.0,0.0,1.0,0.0,90.0,90.0,1
2025-04-14 09:07:55,15.94,4.52,2.5,0.7,7.4,0.0,0.0,0.0,0.0,0.0,28.6,23.6,23.7,24.8,-128.7,21.4,0.0,1.0,1.0,1.0,0.0,0.0,1.0,0.0,90.0,90.0,1
2025-04-14 09:07:56,15.94,4.52,2.5,0.7,7.5,0.0,0.0,0.0,0.0,0.0,28.6,23.6,23.7,24.8,-128.7,21.4,0.0,1.0,1.0,1.0,0.0,0.0,1.0,0.0,90.0,90.0,1
2025-04-14 09:07:57,15.96,4.52,2.5,0.7,7.8,0.0,0.0,0.0,0.0,0.0,28.6,23.6,23.7,24.8,-128.7,21.4,0.0,1.0,1.0,1.0,0.0,0.0,1.0,0.0,90.0,90.0,1
2025-04-14 09:07:58,15.94,4.52,2.5,0.7,7.4,0.0,0.0,0.0,0.0,0.0,28.6,23.6,23.7,24.8,-128.7,21.4,0.0,1.0,1.0,1.0,0.0,0.0,1.0,0.0,90.0,90.0,1
2025-04-14 09:07:59,15.94,4.52,2.5,0.7,7.599999,0.0,0.0,0.0,0.0,0.0,28.6,23.6,23.7,24.8,-128.7,21.4,0.0,1.0,1.0,1.0,0.0,0.0,1.0,0.0,90.0,90.0,1
2025-04-14 09:08:00,15.94,4.52,2.5,0.7,7.099999,0.0,0.0,0.0,0.0,0.0,28.6,23.6,23.7,24.8,-128.7,21.4,0.0,1.0,1.0,1.0,0.0,0.0,1.0,0.0,90.0,90.0,1
2025-04-14 09:08:01,15.93,4.51,2.5,0.8,7.0,0.0,0.0,0.0,0.0,0.0,28.6,23.6,23.7,24.8,-128.7,21.4,0.0,1.0,1.0,1.0,0.0,0.0,1.0,0.0,90.0,90.0,1
2025-04-14 09:08:02,15.93,4.51,2.5,0.7,7.0,0.0,0.0,0.0,0.0,0.0,28.6,23.6,23.7,24.8,-128.7,21.4,0.0,1.0,1.0,1.0,0.0,0.0,1.0,0.0,90.0,90.0,1
2025-04-14 09:08:03,15.93,4.51,2.5,0.7,7.5,0.0,0.0,0.0,0.0,0.0,28.6,23.6,23.7,24.8,-128.7,21.4,0.0,1.0,1.0,1.0,0.0,0.0,1.0,0.0,90.0,90.0,1
2025-04-14 09:08:04,15.93,4.51,2.5,0.7,7.5,0.0,0.0,0.0,0.0,0.0,28.6,23.6,23.7,24.8,-128.7,21.4,0.0,1.0,1.0,1.0,0.0,0.0,1.0,0.0,90.0,90.0,1
2025-04-14 09:08:05,15.94,4.51,2.5,0.7,7.8,0.0,0.0,0.0,0.0,0.0,28.6,23.6,23.7,24.8,-128.7,21.4,0.0,1.0,1.0,1.0,0.0,0.0,1.0,0.0,90.0,90.0,1
2025-04-14 09:08:06,15.94,4.52,2.5,0.7,7.5,0.0,0.0,0.0,0.0,0.0,28.6,23.6,23.7,24.8,-128.7,21.4,0.0,1.0,1.0,1.0,0.0,0.0,1.0,0.0,90.0,90.0,1
2025-04-14 09:08:07,15.94,4.52,2.5,0.7,7.5,0.0,0.0,0.0,0.0,0.0,28.6,23.6,23.7,24.8,-128.7,21.4,0.0,1.0,1.0,1.0,0.0,0.0,1.0,0.0,90.0,90.0,1
2025-04-14 09:08:08,15.96,4.52,2.5,0.7,7.599999,0.0,0.0,0.0,0.0,0.0,28.6,23.6,23.7,24.8,-128.7,21.4,0.0,1.0,1.0,1.0,0.0,0.0,1.0,0.0,90.0,90.0,1
2025-04-14 09:08:09,15.97,4.51,2.5,0.7,6.9,0.0,0.0,0.0,0.0,0.0,28.6,23.6,23.7,24.8,-128.7,21.4,0.0,1.0,1.0,1.0,0.0,0.0,1.0,0.0,90.0,90.0,1
2025-04-14 09:08:10,15.99,4.52,2.5,0.7,7.2,0.0,0.0,0.0,0.0,0.0,28.6,23.6,23.7,24.8,-128.7,21.4,0.0,1.0,1.0,1.0,0.0,0.0,1.0,0.0,90.0,90.0,1
2025-04-14 09:08:11,15.99,4.52,2.5,0.7,7.2,0.0,0.0,0.0,0.0,0.0,28.6,23.6,23.7,24.8,-128.7,21.4,0.0,1.0,1.0,1.0,0.0,0.0,1.0,0.0,90.0,90.0,1
2025-04-14 09:08:12,15.98,4.52,2.5,0.7,7.5,0.0,0.0,0.0,0.0,0.0,28.6,23.6,23.7,24.8,-128.7,21.4,0.0,1.0,1.0,1.0,0.0,0.0,1.0,0.0,90.0,90.0,1
2025-04-14 09:08:13,15.98,4.52,2.5,0.7,7.5,0.0,0.0,0.0,0.0,0.0,28.6,23.6,23.7,24.8,-128.7,21.4,0.0,1.0,1.0,1.0,0.0,0.0,1.0,0.0,90.0,90.0,1
2025-04-14 09:08:14,15.98,4.52,2.5,0.7,6.599999,0.0,0.0,0.0,0.0,0.0,28.6,23.6,23.7,24.9,-128.7,21.5,0.0,1.0,1.0,1.0,0.0,0.0,1.0,0.0,90.0,90.0,1
2025-04-14 09:08:15,15.98,4.52,2.5,0.7,6.599999,0.0,0.0,0.0,0.0,0.0,28.6,23.6,23.7,24.9,-128.7,21.5,0.0,1.0,1.0,1.0,0.0,0.0,1.0,0.0,90.0,90.0,1
2025-04-14 09:08:16,15.97,4.52,2.5,0.7,7.2,0.0,0.0,0.0,0.0,0.0,28.6,23.6,23.7,24.9,-128.7,21.4,0.0,1.0,1.0,1.0,0.0,0.0,1.0,0.0,90.0,90.0,1
2025-04-14 09:08:17,15.97,4.52,2.5,0.7,7.2,0.0,0.0,0.0,0.0,0.0,28.6,23.6,23.7,24.9,-128.7,21.4,0.0,1.0,1.0,1.0,0.0,0.0,1.0,0.0,90.0,90.0,1
2025-04-14 09:08:18,15.96,4.53,2.5,0.7,7.099999,0.0,0.0,0.0,0.0,0.0,28.6,23.6,23.7,24.9,-128.7,21.4,0.0,1.0,1.0,1.0,0.0,0.0,1.0,0.0,90.0,90.0,1
2025-04-14 09:08:19,15.98,4.52,2.5,0.7,7.0,0.0,0.0,0.0,0.0,0.0,28.6,23.6,23.7,24.9,-128.7,21.5,0.0,1.0,1.0,1.0,0.0,0.0,1.0,0.0,90.0,90.0,1
2025-04-14 09:08:20,15.98,4.54,2.5,0.7,7.099999,0.0,0.0,0.0,0.0,0.0,28.6,23.6,23.7,24.9,-128.7,21.4,0.0,1.0,1.0,1.0,0.0,0.0,1.0,0.0,90.0,90.0,1
2025-04-14 09:08:21,15.98,4.52,2.5,0.8,7.5,0.0,0.0,0.0,0.0,0.0,28.6,23.6,23.7,24.9,-128.7,21.4,0.0,1.0,1.0,1.0,0.0,0.0,1.0,0.0,90.0,90.0,1
2025-04-14 09:08:22,15.98,4.52,2.5,0.8,7.5,0.0,0.0,0.0,0.0,0.0,28.6,23.6,23.7,24.9,-128.7,21.4,0.0,1.0,1.0,1.0,0.0,0.0,1.0,0.0,90.0,90.0,1
2025-04-14 09:08:23,15.98,4.52,2.5,0.7,7.3,0.0,0.0,0.0,0.0,0.0,28.6,23.6,23.7,24.9,-128.7,21.5,0.0,1.0,1.0,1.0,0.0,0.0,1.0,0.0,90.0,90.0,1
2025-04-14 09:08:24,15.98,4.52,2.5,0.7,7.5,0.0,0.0,0.0,0.0,0.0,28.6,23.6,23.7,24.9,-128.7,21.5,0.0,1.0,1.0,1.0,0.0,0.0,1.0,0.0,90.0,90.0,1
2025-04-14 09:08:25,15.98,4.54,2.5,0.7,7.099999,0.0,0.0,0.0,0.0,0.0,28.6,23.6,23.7,24.9,-128.7,21.4,0.0,1.0,1.0,1.0,0.0,0.0,1.0,0.0,90.0,90.0,1
2025-04-14 09:08:26,16.0,4.53,2.5,0.7,7.599999,0.0,0.0,0.0,0.0,0.0,28.6,23.6,23.7,24.9,-128.7,21.4,0.0,1.0,1.0,1.0,0.0,0.0,1.0,0.0,90.0,90.0,1
2025-04-14 09:08:27,15.99,4.53,2.5,0.7,7.8,0.0,0.0,0.0,0.0,0.0,28.6,23.6,23.7,24.9,-128.7,21.3,0.0,1.0,1.0,1.0,0.0,0.0,1.0,0.0,90.0,90.0,1
2025-04-14 09:08:28,16.0,4.54,2.5,0.7,7.4,0.0,0.0,0.0,0.0,0.0,28.6,23.6,23.7,24.9,-128.7,21.4,0.0,1.0,1.0,1.0,0.0,0.0,1.0,0.0,90.0,90.0,1
2025-04-14 09:08:29,16.0,4.54,2.5,0.7,7.4,0.0,0.0,0.0,0.0,0.0,28.6,23.6,23.7,24.9,-128.7,21.4,0.0,1.0,1.0,1.0,0.0,0.0,1.0,0.0,90.0,90.0,1
2025-04-14 09:08:30,15.99,4.55,2.5,0.7,7.0,0.0,0.0,0.0,0.0,0.0,28.6,23.6,23.7,24.9,-128.7,21.3,0.0,1.0,1.0,1.0,0.0,0.0,1.0,0.0,90.0,90.0,1
2025-04-14 09:08:31,15.99,4.55,2.5,0.7,7.0,0.0,0.0,0.0,0.0,0.0,28.6,23.6,23.7,24.9,-128.7,21.3,0.0,1.0,1.0,1.0,0.0,0.0,1.0,0.0,90.0,90.0,1
2025-04-14 09:08:32,15.99,4.53,2.5,0.7,7.599999,0.0,0.0,0.0,0.0,0.0,28.6,23.6,23.7,24.9,-128.7,21.4,0.0,1.0,1.0,1.0,0.0,0.0,1.0,0.0,90.0,90.0,1
2025-04-14 09:08:33,15.99,4.55,2.5,0.7,7.099999,0.0,0.0,0.0,0.0,0.0,28.6,23.6,23.7,24.9,-128.7,21.3,0.0,1.0,1.0,1.0,0.0,0.0,1.0,0.0,90.0,90.0,1
2025-04-14 09:08:34,16.0,4.54,2.5,0.7,7.5,0.0,0.0,0.0,0.0,0.0,28.6,23.6,23.7,24.9,-128.7,21.4,0.0,1.0,1.0,1.0,0.0,0.0,1.0,0.0,90.0,90.0,1
2025-04-14 09:08:35,15.99,4.53,2.5,0.7,6.9,0.0,0.0,0.0,0.0,0.0,28.6,23.6,23.7,24.9,-128.7,21.3,0.0,1.0,1.0,1.0,0.0,0.0,1.0,0.0,90.0,90.0,1
2025-04-14 09:08:36,16.02,4.55,2.5,0.7,7.099999,0.0,0.0,0.0,0.0,0.0,28.6,23.6,23.7,24.9,-128.7,21.4,0.0,1.0,1.0,1.0,0.0,0.0,1.0,0.0,90.0,90.0,1
2025-04-14 09:08:37,16.0,4.53,2.5,0.7,7.8,0.0,0.0,0.0,0.0,0.0,28.6,23.6,23.7,24.9,-128.7,21.4,0.0,1.0,1.0,1.0,0.0,0.0,1.0,0.0,90.0,90.0,1
2025-04-14 09:08:38,16.0,4.55,2.5,0.7,6.7,0.0,0.0,0.0,0.0,0.0,28.6,23.6,23.7,24.9,-128.7,21.3,0.0,1.0,1.0,1.0,0.0,0.0,1.0,0.0,90.0,90.0,1
2025-04-14 09:08:39,16.0,4.55,2.5,0.7,6.7,0.0,0.0,0.0,0.0,0.0,28.6,23.6,23.7,24.9,-128.7,21.4,0.0,1.0,1.0,1.0,0.0,0.0,1.0,0.0,90.0,90.0,1
2025-04-14 09:08:40,16.02,4.53,2.6,0.7,8.299999,0.0,0.0,0.0,0.0,0.0,28.6,23.6,23.7,24.9,-128.7,21.4,0.0,1.0,1.0,1.0,0.0,0.0,1.0,0.0,90.0,90.0,1
2025-04-14 09:08:41,16.0,4.55,2.5,0.7,7.5,0.0,0.0,0.0,0.0,0.0,28.6,23.6,23.7,24.9,-128.7,21.3,0.0,1.0,1.0,1.0,0.0,0.0,1.0,0.0,90.0,90.0,1
2025-04-14 09:08:42,16.0,4.55,2.5,0.7,7.5,0.0,0.0,0.0,0.0,0.0,28.6,23.6,23.7,24.9,-128.7,21.3,0.0,1.0,1.0,1.0,0.0,0.0,1.0,0.0,90.0,90.0,1
2025-04-14 09:08:43,16.0,4.53,2.5,0.7,7.7,0.0,0.0,0.0,0.0,0.0,28.6,23.6,23.7,24.9,-128.7,21.3,0.0,1.0,1.0,1.0,0.0,0.0,1.0,0.0,90.0,90.0,1
2025-04-14 09:08:44,16.02,4.54,2.5,0.7,7.4,0.0,0.0,0.0,0.0,0.0,28.6,23.6,23.7,24.9,-128.7,21.4,0.0,1.0,1.0,1.0,0.0,0.0,1.0,0.0,90.0,90.0,1
2025-04-14 09:08:45,16.0,4.52,2.5,0.7,7.4,0.0,0.0,0.0,0.0,0.0,28.6,23.6,23.7,24.9,-128.7,21.4,0.0,1.0,1.0,1.0,0.0,0.0,1.0,0.0,90.0,90.0,1
2025-04-14 09:08:46,16.02,4.55,2.5,0.8,7.2,0.0,0.0,0.0,0.0,0.0,28.6,23.6,23.7,24.9,-128.7,21.3,0.0,1.0,1.0,1.0,0.0,0.0,1.0,0.0,90.0,90.0,1
2025-04-14 09:08:47,16.03,4.54,2.5,0.7,8.099999,0.0,0.0,0.0,0.0,0.0,28.6,23.6,23.7,24.9,-128.7,21.4,0.0,1.0,1.0,1.0,0.0,0.0,1.0,0.0,90.0,90.0,1
2025-04-14 09:08:48,16.03,4.55,2.5,0.7,7.3,0.0,0.0,0.0,0.0,0.0,28.6,23.6,23.7,24.9,-128.7,21.3,0.0,1.0,1.0,1.0,0.0,0.0,1.0,0.0,90.0,90.0,1
2025-04-14 09:08:49,16.03,4.54,2.5,0.7,7.599999,0.0,0.0,0.0,0.0,0.0,28.6,23.6,23.7,24.9,-128.7,21.4,0.0,1.0,1.0,1.0,0.0,0.0,1.0,0.0,90.0,90.0,1
2025-04-14 09:08:50,16.0,4.53,2.5,0.7,7.9,0.0,0.0,0.0,0.0,0.0,28.6,23.6,23.7,24.9,-128.7,21.4,0.0,1.0,1.0,1.0,0.0,0.0,1.0,0.0,90.0,90.0,1
2025-04-14 09:08:51,16.03,4.55,2.5,0.7,7.4,0.0,0.0,0.0,0.0,0.0,28.6,23.6,23.7,24.9,-128.7,21.4,0.0,1.0,1.0,1.0,0.0,0.0,1.0,0.0,90.0,90.0,1
2025-04-14 09:08:52,16.02,4.54,2.5,0.7,6.9,0.0,0.0,0.0,0.0,0.0,28.6,23.6,23.7,24.9,-128.7,21.4,0.0,1.0,1.0,1.0,0.0,0.0,1.0,0.0,90.0,90.0,1
2025-04-14 09:08:53,16.02,4.54,2.5,0.7,7.5,0.0,0.0,0.0,0.0,0.0,28.6,23.6,23.7,24.9,-128.7,21.4,0.0,1.0,1.0,1.0,0.0,0.0,1.0,0.0,90.0,90.0,1
2025-04-14 09:08:54,16.0,4.55,2.5,0.7,7.599999,0.0,0.0,0.0,0.0,0.0,28.6,23.6,23.7,24.9,-128.7,21.4,0.0,1.0,1.0,1.0,0.0,0.0,1.0,0.0,90.0,90.0,1
2025-04-14 09:08:55,16.0,4.54,2.5,0.7,7.0,0.0,0.0,0.0,0.0,0.0,28.6,23.6,23.7,24.9,-128.7,21.4,0.0,1.0,1.0,1.0,0.0,0.0,1.0,0.0,90.0,90.0,1
2025-04-14 09:08:56,16.0,4.55,2.5,0.7,7.099999,0.0,0.0,0.0,0.0,0.0,28.6,23.6,23.7,24.9,-128.7,21.3,0.0,1.0,1.0,1.0,0.0,0.0,1.0,0.0,90.0,90.0,1
2025-04-14 09:08:57,16.03,4.55,2.5,0.7,7.099999,0.0,0.0,0.0,0.0,0.0,28.6,23.7,23.7,24.9,-128.7,21.4,0.0,1.0,1.0,1.0,0.0,0.0,1.0,0.0,90.0,90.0,1
2025-04-14 09:08:58,16.03,4.53,2.5,0.7,7.4,0.0,0.0,0.0,0.0,0.0,28.6,23.7,23.7,24.9,-128.7,21.3,0.0,1.0,1.0,1.0,0.0,0.0,1.0,0.0,90.0,90.0,1
2025-04-14 09:08:59,16.03,4.55,2.5,0.7,7.9,0.0,0.0,0.0,0.0,0.0,28.6,23.7,23.7,24.9,-128.7,21.4,0.0,1.0,1.0,1.0,0.0,0.0,1.0,0.0,90.0,90.0,1
2025-04-14 09:09:00,16.02,4.54,2.5,0.7,7.4,0.0,0.0,0.0,0.0,0.0,28.6,23.7,23.7,24.9,-128.7,21.4,0.0,1.0,1.0,1.0,0.0,0.0,1.0,0.0,90.0,90.0,1
2025-04-14 09:09:01,16.0,4.55,2.5,0.7,7.0,0.0,0.0,0.0,0.0,0.0,28.6,23.7,23.6,24.9,-128.7,21.3,0.0,1.0,1.0,1.0,0.0,0.0,1.0,0.0,90.0,90.0,1
2025-04-14 09:09:02,16.02,4.55,2.5,0.7,7.4,0.0,0.0,0.0,0.0,0.0,28.6,23.7,23.6,24.9,-128.7,21.4,0.0,1.0,1.0,1.0,0.0,0.0,1.0,0.0,90.0,90.0,1
2025-04-14 09:09:03,16.02,4.54,2.5,0.7,7.2,0.0,0.0,0.0,0.0,0.0,28.6,23.7,23.6,24.9,-128.7,21.4,0.0,1.0,1.0,1.0,0.0,0.0,1.0,0.0,90.0,90.0,1
2025-04-14 09:09:04,16.02,4.54,2.5,0.7,7.2,0.0,0.0,0.0,0.0,0.0,28.6,23.7,23.6,24.9,-128.7,21.3,0.0,1.0,1.0,1.0,0.0,0.0,1.0,0.0,90.0,90.0,1
2025-04-14 09:09:05,16.0,4.54,2.5,0.7,7.8,0.0,0.0,0.0,0.0,0.0,28.6,23.7,23.6,24.9,-128.7,21.4,0.0,1.0,1.0,1.0,0.0,0.0,1.0,0.0,90.0,90.0,1
2025-04-14 09:09:06,16.02,4.53,2.5,0.7,7.2,0.0,0.0,0.0,0.0,0.0,28.6,23.7,23.6,24.9,-128.7,21.3,0.0,1.0,1.0,1.0,0.0,0.0,1.0,0.0,90.0,90.0,1
2025-04-14 09:09:07,15.99,4.54,2.5,0.7,7.2,0.0,0.0,0.0,0.0,0.0,28.6,23.7,23.6,24.9,-128.7,21.4,0.0,1.0,1.0,1.0,0.0,0.0,1.0,0.0,90.0,90.0,1
2025-04-14 09:09:08,16.02,4.53,2.5,0.7,7.599999,0.0,0.0,0.0,0.0,0.0,28.6,23.7,23.6,24.9,-128.7,21.4,0.0,1.0,1.0,1.0,0.0,0.0,1.0,0.0,90.0,90.0,1
2025-04-14 09:09:09,16.03,4.55,2.5,0.7,7.4,0.0,0.0,0.0,0.0,0.0,28.6,23.7,23.6,24.9,-128.7,21.3,0.0,1.0,1.0,1.0,0.0,0.0,1.0,0.0,90.0,90.0,1
2025-04-14 09:09:10,16.02,4.54,2.5,0.8,7.0,0.0,0.0,0.0,0.0,0.0,28.6,23.7,23.6,25.0,-128.7,21.5,0.0,1.0,1.0,1.0,0.0,0.0,1.0,0.0,90.0,90.0,1
2025-04-14 09:09:11,16.0,4.52,2.5,0.7,7.4,0.0,0.0,0.0,0.0,0.0,28.7,23.7,23.6,25.0,-128.7,21.5,0.0,1.0,1.0,1.0,0.0,0.0,1.0,0.0,90.0,90.0,1
2025-04-14 09:09:12,16.0,4.55,2.5,0.7,8.299999,0.0,0.0,0.0,0.0,0.0,28.7,23.7,23.6,25.0,-128.7,21.5,0.0,1.0,1.0,1.0,0.0,0.0,1.0,0.0,90.0,90.0,1
2025-04-14 09:09:13,16.02,4.53,2.5,0.8,7.4,0.0,0.0,0.0,0.0,0.0,28.7,23.7,23.6,25.0,-128.7,21.6,0.0,1.0,1.0,1.0,0.0,0.0,1.0,0.0,90.0,90.0,1
2025-04-14 09:09:14,16.0,4.54,2.5,0.7,7.2,0.0,0.0,0.0,0.0,0.0,28.7,23.7,23.6,25.0,-128.7,21.5,0.0,1.0,1.0,1.0,0.0,0.0,1.0,0.0,90.0,90.0,1
2025-04-14 09:09:15,16.02,4.53,2.5,0.7,7.099999,0.0,0.0,0.0,0.0,0.0,28.7,23.7,23.6,25.0,-128.7,21.5,0.0,1.0,1.0,1.0,0.0,0.0,1.0,0.0,90.0,90.0,1
2025-04-14 09:09:16,16.0,4.53,2.5,0.7,7.099999,0.0,0.0,0.0,0.0,0.0,28.7,23.7,23.6,25.0,-128.7,21.6,0.0,1.0,1.0,1.0,0.0,0.0,1.0,0.0,90.0,90.0,1
2025-04-14 09:09:17,16.02,4.54,2.5,0.7,7.3,0.0,0.0,0.0,0.0,0.0,28.7,23.7,23.6,25.0,-128.7,21.5,0.0,1.0,1.0,1.0,0.0,0.0,1.0,0.0,90.0,90.0,1
2025-04-14 09:09:18,16.0,4.53,2.5,0.7,7.9,0.0,0.0,0.0,0.0,0.0,28.7,23.7,23.6,25.0,-128.7,21.6,0.0,1.0,1.0,1.0,0.0,0.0,1.0,0.0,90.0,90.0,1
2025-04-14 09:09:19,16.0,4.52,2.5,0.7,6.8,0.0,0.0,0.0,0.0,0.0,28.7,23.7,23.6,25.0,-128.7,21.5,0.0,1.0,1.0,1.0,0.0,0.0,1.0,0.0,90.0,90.0,1
2025-04-14 09:09:20,16.0,4.54,2.5,0.7,7.0,0.0,0.0,0.0,0.0,0.0,28.7,23.7,23.6,25.0,-128.7,21.5,0.0,1.0,1.0,1.0,0.0,0.0,1.0,0.0,90.0,90.0,1
2025-04-14 09:09:21,16.02,4.52,2.5,0.7,7.7,0.0,0.0,0.0,0.0,0.0,28.7,23.7,23.6,25.0,-128.7,21.6,0.0,1.0,1.0,1.0,0.0,0.0,1.0,0.0,90.0,90.0,1
2025-04-14 09:09:22,16.0,4.54,2.5,0.7,7.2,0.0,0.0,0.0,0.0,0.0,28.7,23.7,23.6,25.0,-128.7,21.5,0.0,1.0,1.0,1.0,0.0,0.0,1.0,0.0,90.0,90.0,1
2025-04-14 09:09:23,16.02,4.52,2.5,0.7,7.8,0.0,0.0,0.0,0.0,0.0,28.7,23.7,23.6,25.0,-128.7,21.6,0.0,1.0,1.0,1.0,0.0,0.0,1.0,0.0,90.0,90.0,1
2025-04-14 09:09:24,15.98,4.52,2.5,0.7,8.0,0.0,0.0,0.0,0.0,0.0,28.7,23.7,23.5,25.0,-128.7,21.5,0.0,1.0,1.0,1.0,0.0,0.0,1.0,0.0,90.0,90.0,1
2025-04-14 09:09:25,16.0,4.53,2.5,0.7,7.599999,0.0,0.0,0.0,0.0,0.0,28.7,23.7,23.5,25.0,-128.7,21.6,0.0,1.0,1.0,1.0,0.0,0.0,1.0,0.0,90.0,90.0,1
2025-04-14 09:09:26,15.99,4.52,2.5,0.8,7.5,0.0,0.0,0.0,0.0,0.0,28.7,23.7,23.5,25.0,-128.7,21.5,0.0,1.0,1.0,1.0,0.0,0.0,1.0,0.0,90.0,90.0,1
2025-04-14 09:09:27,16.0,4.53,2.5,0.7,7.3,0.0,0.0,0.0,0.0,0.0,28.7,23.7,23.5,25.0,-128.7,21.6,0.0,1.0,1.0,1.0,0.0,0.0,1.0,0.0,90.0,90.0,1
2025-04-14 09:09:28,15.99,4.51,2.5,0.7,7.2,0.0,0.0,0.0,0.0,0.0,28.7,23.7,23.5,25.0,-128.7,21.6,0.0,1.0,1.0,1.0,0.0,0.0,1.0,0.0,90.0,90.0,1
2025-04-14 09:09:29,15.99,4.53,2.5,0.7,7.099999,0.0,0.0,0.0,0.0,0.0,28.7,23.7,23.5,25.0,-128.7,21.5,0.0,1.0,1.0,1.0,0.0,0.0,1.0,0.0,90.0,90.0,1
2025-04-14 09:09:30,16.0,4.52,2.5,0.7,7.599999,0.0,0.0,0.0,0.0,0.0,28.7,23.7,23.5,25.0,-128.7,21.6,0.0,1.0,1.0,1.0,0.0,0.0,1.0,0.0,90.0,90.0,1
2025-04-14 09:09:31,15.99,4.53,2.5,0.7,7.599999,0.0,0.0,0.0,0.0,0.0,28.7,23.7,23.5,25.0,-128.7,21.6,0.0,1.0,1.0,1.0,0.0,0.0,1.0,0.0,90.0,90.0,1
2025-04-14 09:09:32,15.99,4.53,2.5,0.7,7.3,0.0,0.0,0.0,0.0,0.0,28.7,23.7,23.5,25.0,-128.7,21.6,0.0,1.0,1.0,1.0,0.0,0.0,1.0,0.0,90.0,90.0,1
2025-04-14 09:09:33,16.0,4.52,2.5,0.7,8.099999,0.0,0.0,0.0,0.0,0.0,28.7,23.7,23.5,25.0,-128.7,21.6,0.0,1.0,1.0,1.0,0.0,0.0,1.0,0.0,90.0,90.0,1
2025-04-14 09:09:34,16.0,4.52,2.5,0.7,7.8,0.0,0.0,0.0,0.0,0.0,28.7,23.7,23.5,25.0,-128.7,21.6,0.0,1.0,1.0,1.0,0.0,0.0,1.0,0.0,90.0,90.0,1
2025-04-14 09:09:35,16.0,4.52,2.5,0.7,7.4,0.0,0.0,0.0,0.0,0.0,28.7,23.7,23.5,25.0,-128.7,21.6,0.0,1.0,1.0,1.0,0.0,0.0,1.0,0.0,90.0,90.0,1
2025-04-14 09:09:36,16.0,4.52,2.5,0.7,8.0,0.0,0.0,0.0,0.0,0.0,28.7,23.7,23.5,25.0,-128.7,21.6,0.0,1.0,1.0,1.0,0.0,0.0,1.0,0.0,90.0,90.0,1
2025-04-14 09:09:37,15.99,4.52,2.5,0.7,6.9,0.0,0.0,0.0,0.0,0.0,28.7,23.7,23.5,25.0,-128.7,21.6,0.0,1.0,1.0,1.0,0.0,0.0,1.0,0.0,90.0,90.0,1
2025-04-14 09:09:38,15.99,4.52,2.5,0.8,7.2,0.0,0.0,0.0,0.0,0.0,28.7,23.7,23.5,25.0,-128.7,21.6,0.0,1.0,1.0,1.0,0.0,0.0,1.0,0.0,90.0,90.0,1
2025-04-14 09:09:39,15.98,4.52,2.5,0.7,7.9,0.0,0.0,0.0,0.0,0.0,28.7,23.7,23.5,25.0,-128.7,21.6,0.0,1.0,1.0,1.0,0.0,0.0,1.0,0.0,90.0,90.0,1
2025-04-14 09:09:40,15.98,4.52,2.5,0.7,7.0,0.0,0.0,0.0,0.0,0.0,28.7,23.7,23.4,25.0,-128.7,21.6,0.0,1.0,1.0,1.0,0.0,0.0,1.0,0.0,90.0,90.0,1
2025-04-14 09:09:41,15.98,4.52,2.5,0.7,7.4,0.0,0.0,0.0,0.0,0.0,28.7,23.7,23.4,25.0,-128.7,21.6,0.0,1.0,1.0,1.0,0.0,0.0,1.0,0.0,90.0,90.0,1
2025-04-14 09:09:42,15.98,4.53,2.5,0.7,7.099999,0.0,0.0,0.0,0.0,0.0,28.7,23.7,23.4,25.0,-128.7,21.6,0.0,1.0,1.0,1.0,0.0,0.0,1.0,0.0,90.0,90.0,1
2025-04-14 09:09:43,16.0,4.52,2.5,0.7,7.0,0.0,0.0,0.0,0.0,0.0,28.7,23.7,23.4,25.0,-128.7,21.6,0.0,1.0,1.0,1.0,0.0,0.0,1.0,0.0,90.0,90.0,1
2025-04-14 09:09:44,16.0,4.52,2.5,0.7,8.0,0.0,0.0,0.0,0.0,0.0,28.7,23.7,23.4,25.0,-128.7,21.6,0.0,1.0,1.0,1.0,0.0,0.0,1.0,0.0,90.0,90.0,1
2025-04-14 09:09:45,16.0,4.52,2.5,0.7,6.8,0.0,0.0,0.0,0.0,0.0,28.7,23.7,23.4,25.0,-128.7,21.6,0.0,1.0,1.0,1.0,0.0,0.0,1.0,0.0,90.0,90.0,1
2025-04-14 09:09:46,15.99,4.52,2.5,0.7,7.2,0.0,0.0,0.0,0.0,0.0,28.7,23.7,23.4,25.0,-128.7,21.6,0.0,1.0,1.0,1.0,0.0,0.0,1.0,0.0,90.0,90.0,1
2025-04-14 09:09:47,15.98,4.52,2.5,0.7,7.5,0.0,0.0,0.0,0.0,0.0,28.7,23.7,23.4,25.0,-128.7,21.6,0.0,1.0,1.0,1.0,0.0,0.0,1.0,0.0,90.0,90.0,1
2025-04-14 09:09:48,16.0,4.52,2.5,0.7,7.2,0.0,0.0,0.0,0.0,0.0,28.7,23.7,23.4,25.0,-128.7,21.6,0.0,1.0,1.0,1.0,0.0,0.0,1.0,0.0,90.0,90.0,1
2025-04-14 09:09:49,15.99,4.52,2.5,0.7,8.5,0.0,0.0,0.0,0.0,0.0,28.7,23.7,23.4,25.0,-128.7,21.6,0.0,1.0,1.0,1.0,0.0,0.0,1.0,0.0,90.0,90.0,1
2025-04-14 09:09:50,15.99,4.53,2.5,0.7,7.4,0.0,0.0,0.0,0.0,0.0,28.7,23.7,23.4,25.0,-128.7,21.5,0.0,1.0,1.0,1.0,0.0,0.0,1.0,0.0,90.0,90.0,1
2025-04-14 09:09:51,15.99,4.52,2.5,0.7,7.8,0.0,0.0,0.0,0.0,0.0,28.7,23.7,23.4,25.0,-128.7,21.6,0.0,1.0,1.0,1.0,0.0,0.0,1.0,0.0,90.0,90.0,1
2025-04-14 09:09:52,15.99,4.52,2.5,0.7,7.8,0.0,0.0,0.0,0.0,0.0,28.7,23.7,23.4,25.0,-128.7,21.5,0.0,1.0,1.0,1.0,0.0,0.0,1.0,0.0,90.0,90.0,1
2025-04-14 09:09:53,16.02,4.54,2.5,0.7,7.7,0.0,0.0,0.0,0.0,0.0,28.7,23.7,23.4,25.0,-128.7,21.6,0.0,1.0,1.0,1.0,0.0,0.0,1.0,0.0,90.0,90.0,1
2025-04-14 09:09:54,16.0,4.52,2.5,0.7,7.2,0.0,0.0,0.0,0.0,0.0,28.7,23.7,23.4,25.0,-128.7,21.5,0.0,1.0,1.0,1.0,0.0,0.0,1.0,0.0,90.0,90.0,1
2025-04-14 09:09:55,16.02,4.53,2.5,0.7,8.2,0.0,0.0,0.0,0.0,0.0,28.7,23.7,23.4,25.0,-128.7,21.5,0.0,1.0,1.0,1.0,0.0,0.0,1.0,0.0,90.0,90.0,1
2025-04-14 09:09:56,16.0,4.52,2.5,0.7,7.4,0.0,0.0,0.0,0.0,0.0,28.7,23.7,23.4,25.0,-128.7,21.6,0.0,1.0,1.0,1.0,0.0,0.0,1.0,0.0,90.0,90.0,1
2025-04-14 09:09:57,16.0,4.52,2.5,0.7,7.3,0.0,0.0,0.0,0.0,0.0,28.7,23.7,23.4,25.0,-128.7,21.6,0.0,1.0,1.0,1.0,0.0,0.0,1.0,0.0,90.0,90.0,1
2025-04-14 09:09:58,15.99,4.53,2.5,0.7,7.9,0.0,0.0,0.0,0.0,0.0,28.7,23.7,23.4,25.0,-128.7,21.5,0.0,1.0,1.0,1.0,0.0,0.0,1.0,0.0,90.0,90.0,1
2025-04-14 09:09:59,16.0,4.52,2.5,0.8,7.4,0.0,0.0,0.0,0.0,0.0,28.7,23.7,23.4,25.0,-128.7,21.6,0.0,1.0,1.0,1.0,0.0,0.0,1.0,0.0,90.0,90.0,1
2025-04-14 09:10:00,15.99,4.52,2.5,0.7,7.8,0.0,0.0,0.0,0.0,0.0,28.7,23.7,23.4,25.0,-128.7,21.5,0.0,1.0,1.0,1.0,0.0,0.0,1.0,0.0,90.0,90.0,1
2025-04-14 09:10:01,16.0,4.54,2.5,0.7,7.8,0.0,0.0,0.0,0.0,0.0,28.7,23.7,23.3,25.0,-128.7,21.6,0.0,1.0,1.0,1.0,0.0,0.0,1.0,0.0,90.0,90.0,1
2025-04-14 09:10:02,16.02,4.52,2.5,0.7,7.5,0.0,0.0,0.0,0.0,0.0,28.7,23.7,23.3,25.0,-128.7,21.5,0.0,1.0,1.0,1.0,0.0,0.0,1.0,0.0,90.0,90.0,1
2025-04-14 09:10:03,16.0,4.54,2.5,0.7,7.4,0.0,0.0,0.0,0.0,0.0,28.7,23.7,23.3,25.0,-128.7,21.5,0.0,1.0,1.0,1.0,0.0,0.0,1.0,0.0,90.0,90.0,1
2025-04-14 09:10:04,16.03,4.53,2.5,0.7,7.8,0.0,0.0,0.0,0.0,0.0,28.7,23.7,23.3,25.0,-128.7,21.6,0.0,1.0,1.0,1.0,0.0,0.0,1.0,0.0,90.0,90.0,1
2025-04-14 09:10:05,16.02,4.53,2.5,0.7,8.2,0.0,0.0,0.0,0.0,0.0,28.7,23.7,23.3,25.0,-128.7,21.5,0.0,1.0,1.0,1.0,0.0,0.0,1.0,0.0,90.0,90.0,1
2025-04-14 09:10:06,16.0,4.55,2.5,0.7,7.0,0.0,0.0,0.0,0.0,0.0,28.7,23.7,23.3,25.0,-128.7,21.4,0.0,1.0,1.0,1.0,0.0,0.0,1.0,0.0,90.0,90.0,1
2025-04-14 09:10:07,16.0,4.54,2.5,0.8,7.0,0.0,0.0,0.0,0.0,0.0,28.7,23.7,23.3,25.0,-128.7,21.6,0.0,1.0,1.0,1.0,0.0,0.0,1.0,0.0,90.0,90.0,1
2025-04-14 09:10:08,16.02,4.54,2.5,0.7,8.0,0.0,0.0,0.0,0.0,0.0,28.7,23.7,23.3,25.0,-128.7,21.5,0.0,1.0,1.0,1.0,0.0,0.0,1.0,0.0,90.0,90.0,1
2025-04-14 09:10:09,16.02,4.54,2.5,0.7,7.4,0.0,0.0,0.0,0.0,0.0,28.7,23.7,23.3,25.0,-128.7,21.5,0.0,1.0,1.0,1.0,0.0,0.0,1.0,0.0,90.0,90.0,1
2025-04-14 09:10:10,16.02,4.52,2.5,0.7,7.0,0.0,0.0,0.0,0.0,0.0,28.7,23.7,23.3,25.0,-128.7,21.6,0.0,1.0,1.0,1.0,0.0,0.0,1.0,0.0,90.0,90.0,1
2025-04-14 09:10:11,16.02,4.55,2.5,0.7,7.4,0.0,0.0,0.0,0.0,0.0,28.7,23.7,23.3,25.0,-128.7,21.5,0.0,1.0,1.0,1.0,0.0,0.0,1.0,0.0,90.0,90.0,1
2025-04-14 09:10:12,16.03,4.53,2.5,0.7,7.2,0.0,0.0,0.0,0.0,0.0,28.7,23.7,23.3,25.0,-128.7,21.5,0.0,1.0,1.0,1.0,0.0,0.0,1.0,0.0,90.0,90.0,1
2025-04-14 09:10:13,16.02,4.54,2.5,0.7,7.5,0.0,0.0,0.0,0.0,0.0,28.7,23.7,23.3,25.0,-128.7,21.5,0.0,1.0,1.0,1.0,0.0,0.0,1.0,0.0,90.0,90.0,1
2025-04-14 09:10:14,16.03,4.54,2.5,0.7,6.7,0.0,0.0,0.0,0.0,0.0,28.7,23.7,23.3,25.0,-128.7,21.5,0.0,1.0,1.0,1.0,0.0,0.0,1.0,0.0,90.0,90.0,1
2025-04-14 09:10:15,16.03,4.52,2.5,0.7,7.599999,0.0,0.0,0.0,0.0,0.0,28.7,23.7,23.3,25.0,-128.7,21.5,0.0,1.0,1.0,1.0,0.0,0.0,1.0,0.0,90.0,90.0,1
2025-04-14 09:10:16,16.03,4.53,2.5,0.7,7.2,0.0,0.0,0.0,0.0,0.0,28.7,23.7,23.3,25.0,-128.7,21.5,0.0,1.0,1.0,1.0,0.0,0.0,1.0,0.0,90.0,90.0,1
2025-04-14 09:10:17,16.02,4.53,2.5,0.7,7.3,0.0,0.0,0.0,0.0,0.0,28.7,23.7,23.3,25.0,-128.7,21.5,0.0,1.0,1.0,1.0,0.0,0.0,1.0,0.0,90.0,90.0,1
2025-04-14 09:10:18,15.99,4.54,2.5,0.7,7.099999,0.0,0.0,0.0,0.0,0.0,28.7,23.7,23.3,25.0,-128.7,21.5,0.0,1.0,1.0,1.0,0.0,0.0,1.0,0.0,90.0,90.0,1
2025-04-14 09:10:19,16.02,4.55,2.5,0.7,7.2,0.0,0.0,0.0,0.0,0.0,28.7,23.7,23.3,25.0,-128.7,21.4,0.0,1.0,1.0,1.0,0.0,0.0,1.0,0.0,90.0,90.0,1
2025-04-14 09:10:20,16.02,4.53,2.5,0.7,8.299999,0.0,0.0,0.0,0.0,0.0,28.7,23.7,23.3,25.0,-128.7,21.6,0.0,1.0,1.0,1.0,0.0,0.0,1.0,0.0,90.0,90.0,1
2025-04-14 09:10:21,16.0,4.55,2.5,0.7,7.5,0.0,0.0,0.0,0.0,0.0,28.7,23.7,23.3,25.0,-128.7,21.4,0.0,1.0,1.0,1.0,0.0,0.0,1.0,0.0,90.0,90.0,1
2025-04-14 09:10:22,16.0,4.54,2.5,0.7,7.5,0.0,0.0,0.0,0.0,0.0,28.7,23.7,23.3,25.0,-128.7,21.5,0.0,1.0,1.0,1.0,0.0,0.0,1.0,0.0,90.0,90.0,1
2025-04-14 09:10:23,16.02,4.54,2.5,0.7,6.9,0.0,0.0,0.0,0.0,0.0,28.7,23.7,23.3,25.0,-128.7,21.4,0.0,1.0,1.0,1.0,0.0,0.0,1.0,0.0,90.0,90.0,1
2025-04-14 09:10:24,16.0,4.55,2.5,0.7,8.0,0.0,0.0,0.0,0.0,0.0,28.7,23.7,23.3,25.0,-128.7,21.5,0.0,1.0,1.0,1.0,0.0,0.0,1.0,0.0,90.0,90.0,1
2025-04-14 09:10:25,16.04,4.54,2.5,0.7,7.9,0.0,0.0,0.0,0.0,0.0,28.7,23.7,23.3,25.0,-128.7,21.5,0.0,1.0,1.0,1.0,0.0,0.0,1.0,0.0,90.0,90.0,1
2025-04-14 09:10:26,16.03,4.56,2.5,0.7,7.0,0.0,0.0,0.0,0.0,0.0,28.7,23.7,23.3,25.0,-128.7,21.4,0.0,1.0,1.0,1.0,0.0,0.0,1.0,0.0,90.0,90.0,1
2025-04-14 09:10:27,16.04,4.53,2.5,0.7,7.4,0.0,0.0,0.0,0.0,0.0,28.7,23.7,23.3,25.0,-128.7,21.5,0.0,1.0,1.0,1.0,0.0,0.0,1.0,0.0,90.0,90.0,1
2025-04-14 09:10:28,16.03,4.54,2.5,0.7,7.2,0.0,0.0,0.0,0.0,0.0,28.7,23.7,23.3,25.0,-128.7,21.4,0.0,1.0,1.0,1.0,0.0,0.0,1.0,0.0,90.0,90.0,1
2025-04-14 09:10:29,16.04,4.54,2.5,0.7,7.4,0.0,0.0,0.0,0.0,0.0,28.7,23.7,23.2,25.0,-128.7,21.5,0.0,1.0,1.0,1.0,0.0,0.0,1.0,0.0,90.0,90.0,1
2025-04-14 09:10:30,16.03,4.53,2.5,0.8,7.2,0.0,0.0,0.0,0.0,0.0,28.7,23.7,23.2,25.0,-128.7,21.4,0.0,1.0,1.0,1.0,0.0,0.0,1.0,0.0,90.0,90.0,1
2025-04-14 09:10:31,16.04,4.56,2.5,0.8,8.0,0.0,0.0,0.0,0.0,0.0,28.7,23.7,23.2,25.0,-128.7,21.4,0.0,1.0,1.0,1.0,0.0,0.0,1.0,0.0,90.0,90.0,1
2025-04-14 09:10:32,16.03,4.53,2.5,0.7,6.9,0.0,0.0,0.0,0.0,0.0,28.7,23.7,23.2,25.0,-128.7,21.5,0.0,1.0,1.0,1.0,0.0,0.0,1.0,0.0,90.0,90.0,1
2025-04-14 09:10:33,16.02,4.55,2.5,0.7,7.5,0.0,0.0,0.0,0.0,0.0,28.7,23.7,23.2,25.0,-128.7,21.4,0.0,1.0,1.0,1.0,0.0,0.0,1.0,0.0,90.0,90.0,1
2025-04-14 09:10:34,16.02,4.54,2.5,0.7,7.3,0.0,0.0,0.0,0.0,0.0,28.7,23.7,23.2,25.0,-128.7,21.6,0.0,1.0,1.0,1.0,0.0,0.0,1.0,0.0,90.0,90.0,1
2025-04-14 09:10:35,16.03,4.55,2.5,0.7,7.7,0.0,0.0,0.0,0.0,0.0,28.7,23.7,23.2,25.0,-128.7,21.4,0.0,1.0,1.0,1.0,0.0,0.0,1.0,0.0,90.0,90.0,1
2025-04-14 09:10:36,16.03,4.55,2.5,0.8,7.8,0.0,0.0,0.0,0.0,0.0,28.7,23.7,23.2,25.0,-128.7,21.5,0.0,1.0,1.0,1.0,0.0,0.0,1.0,0.0,90.0,90.0,1
2025-04-14 09:10:37,16.03,4.54,2.5,0.7,8.0,0.0,0.0,0.0,0.0,0.0,28.7,23.7,23.2,25.0,-128.7,21.5,0.0,1.0,1.0,1.0,0.0,0.0,1.0,0.0,90.0,90.0,1
2025-04-14 09:10:38,16.02,4.55,2.5,0.8,7.0,0.0,0.0,0.0,0.0,0.0,28.7,23.7,23.2,25.0,-128.7,21.5,0.0,1.0,1.0,1.0,0.0,0.0,1.0,0.0,90.0,90.0,1
2025-04-14 09:10:39,16.03,4.53,2.5,0.7,7.099999,0.0,0.0,0.0,0.0,0.0,28.7,23.7,23.2,25.0,-128.7,21.5,0.0,1.0,1.0,1.0,0.0,0.0,1.0,0.0,90.0,90.0,1
2025-04-14 09:10:40,16.04,4.56,2.6,0.7,6.7,0.0,0.0,0.0,0.0,0.0,28.7,23.7,23.2,25.0,-128.7,21.4,0.0,1.0,1.0,1.0,0.0,0.0,1.0,0.0,90.0,90.0,1
2025-04-14 09:10:41,16.03,4.54,2.5,0.7,7.2,0.0,0.0,0.0,0.0,0.0,28.7,23.7,23.2,25.0,-128.7,21.5,0.0,1.0,1.0,1.0,0.0,0.0,1.0,0.0,90.0,90.0,1
2025-04-14 09:10:42,16.03,4.54,2.5,0.7,7.599999,0.0,0.0,0.0,0.0,0.0,28.7,23.7,23.2,25.0,-128.7,21.4,0.0,1.0,1.0,1.0,0.0,0.0,1.0,0.0,90.0,90.0,1
2025-04-14 09:10:43,16.04,4.55,2.5,0.7,8.0,0.0,0.0,0.0,0.0,0.0,28.7,23.7,23.2,25.0,-128.7,21.5,0.0,1.0,1.0,1.0,0.0,0.0,1.0,0.0,90.0,90.0,1
2025-04-14 09:10:44,16.04,4.54,2.5,0.7,7.599999,0.0,0.0,0.0,0.0,0.0,28.7,23.7,23.2,25.0,-128.7,21.4,0.0,1.0,1.0,1.0,0.0,0.0,1.0,0.0,90.0,90.0,1
2025-04-14 09:10:45,16.05,4.56,2.5,0.7,7.099999,0.0,0.0,0.0,0.0,0.0,28.7,23.7,23.2,25.0,-128.7,21.5,0.0,1.0,1.0,1.0,0.0,0.0,1.0,0.0,90.0,90.0,1
2025-04-14 09:10:46,16.04,4.53,2.5,0.7,7.099999,0.0,0.0,0.0,0.0,0.0,28.7,23.7,23.2,25.0,-128.7,21.5,0.0,1.0,1.0,1.0,0.0,0.0,1.0,0.0,90.0,90.0,1
2025-04-14 09:10:47,16.04,4.56,2.5,0.7,7.4,0.0,0.0,0.0,0.0,0.0,28.7,23.7,23.2,25.0,-128.7,21.4,0.0,1.0,1.0,1.0,0.0,0.0,1.0,0.0,90.0,90.0,1
2025-04-14 09:10:48,16.03,4.54,2.5,0.7,7.5,0.0,0.0,0.0,0.0,0.0,28.7,23.7,23.2,25.0,-128.7,21.5,0.0,1.0,1.0,1.0,0.0,0.0,1.0,0.0,90.0,90.0,1
2025-04-14 09:10:49,16.03,4.54,2.5,0.7,7.099999,0.0,0.0,0.0,0.0,0.0,28.7,23.7,23.2,25.0,-128.7,21.4,0.0,1.0,1.0,1.0,0.0,0.0,1.0,0.0,90.0,90.0,1
2025-04-14 09:10:50,16.03,4.53,2.5,0.8,7.7,0.0,0.0,0.0,0.0,0.0,28.7,23.7,23.2,25.0,-128.7,21.5,0.0,1.0,1.0,1.0,0.0,0.0,1.0,0.0,90.0,90.0,1
2025-04-14 09:10:51,16.05,4.53,2.5,0.7,8.0,0.0,0.0,0.0,0.0,0.0,28.7,23.7,23.2,25.0,-128.7,21.4,0.0,1.0,1.0,1.0,0.0,0.0,1.0,0.0,90.0,90.0,1
2025-04-14 09:10:52,16.02,4.55,2.5,0.7,7.2,0.0,0.0,0.0,0.0,0.0,28.7,23.7,23.2,25.0,-128.7,21.5,0.0,1.0,1.0,1.0,0.0,0.0,1.0,0.0,90.0,90.0,1
2025-04-14 09:10:53,16.03,4.53,2.5,0.7,7.099999,0.0,0.0,0.0,0.0,0.0,28.7,23.7,23.2,25.0,-128.7,21.4,0.0,1.0,1.0,1.0,0.0,0.0,1.0,0.0,90.0,90.0,1
2025-04-14 09:10:54,16.03,4.56,2.5,0.8,7.3,0.0,0.0,0.0,0.0,0.0,28.7,23.7,23.2,25.0,-128.7,21.4,0.0,1.0,1.0,1.0,0.0,0.0,1.0,0.0,90.0,90.0,1
2025-04-14 09:10:55,16.03,4.53,2.5,0.7,7.4,0.0,0.0,0.0,0.0,0.0,28.7,23.7,23.2,25.0,-128.7,21.5,0.0,1.0,1.0,1.0,0.0,0.0,1.0,0.0,90.0,90.0,1
2025-04-14 09:10:56,16.03,4.54,2.5,0.7,7.5,0.0,0.0,0.0,0.0,0.0,28.7,23.7,23.2,25.0,-128.7,21.4,0.0,1.0,1.0,1.0,0.0,0.0,1.0,0.0,90.0,90.0,1
2025-04-14 09:10:57,16.03,4.53,2.5,0.7,6.9,0.0,0.0,0.0,0.0,0.0,28.7,23.7,23.2,25.0,-128.7,21.5,0.0,1.0,1.0,1.0,0.0,0.0,1.0,0.0,90.0,90.0,1
2025-04-14 09:10:58,16.03,4.53,2.5,0.7,7.0,0.0,0.0,0.0,0.0,0.0,28.7,23.7,23.2,25.0,-128.7,21.4,0.0,1.0,1.0,1.0,0.0,0.0,1.0,0.0,90.0,90.0,1
2025-04-14 09:10:59,16.04,4.56,2.5,0.7,7.4,0.0,0.0,0.0,0.0,0.0,28.7,23.7,23.2,25.0,-128.7,21.4,0.0,1.0,1.0,1.0,0.0,0.0,1.0,0.0,90.0,90.0,1
2025-04-14 09:11:00,16.03,4.54,2.5,0.8,7.7,0.0,0.0,0.0,0.0,0.0,28.7,23.7,23.2,25.0,-128.7,21.4,0.0,1.0,1.0,1.0,0.0,0.0,1.0,0.0,90.0,90.0,1
2025-04-14 09:11:01,16.04,4.56,2.5,0.7,7.4,0.0,0.0,0.0,0.0,0.0,28.7,23.7,23.2,25.0,-128.7,21.4,0.0,1.0,1.0,1.0,0.0,0.0,1.0,0.0,90.0,90.0,1
2025-04-14 09:11:02,16.04,4.54,2.5,0.7,7.2,0.0,0.0,0.0,0.0,0.0,28.7,23.7,23.2,25.0,-128.7,21.5,0.0,1.0,1.0,1.0,0.0,0.0,1.0,0.0,90.0,90.0,1
2025-04-14 09:11:03,16.03,4.55,2.5,0.7,7.7,0.0,0.0,0.0,0.0,0.0,28.7,23.7,23.2,25.0,-128.7,21.4,0.0,1.0,1.0,1.0,0.0,0.0,1.0,0.0,90.0,90.0,1
2025-04-14 09:11:04,16.04,4.54,2.5,0.7,7.5,0.0,0.0,0.0,0.0,0.0,28.7,23.7,23.2,25.0,-128.7,21.5,0.0,1.0,1.0,1.0,0.0,0.0,1.0,0.0,90.0,90.0,1
2025-04-14 09:11:05,16.04,4.54,2.5,0.7,8.0,0.0,0.0,0.0,0.0,0.0,28.7,23.7,23.2,25.0,-128.7,21.4,0.0,1.0,1.0,1.0,0.0,0.0,1.0,0.0,90.0,90.0,1
2025-04-14 09:11:06,16.04,4.55,2.5,0.7,7.0,0.0,0.0,0.0,0.0,0.0,28.7,23.7,23.2,25.0,-128.7,21.5,0.0,1.0,1.0,1.0,0.0,0.0,1.0,0.0,90.0,90.0,1
2025-04-14 09:11:07,16.04,4.54,2.5,0.7,6.9,0.0,0.0,0.0,0.0,0.0,28.7,23.8,23.2,25.0,-128.7,21.4,0.0,1.0,1.0,1.0,0.0,0.0,1.0,0.0,90.0,90.0,1
2025-04-14 09:11:08,16.03,4.56,2.5,0.7,7.4,0.0,0.0,0.0,0.0,0.0,28.7,23.8,23.2,25.0,-128.7,21.4,0.0,1.0,1.0,1.0,0.0,0.0,1.0,0.0,90.0,90.0,1
2025-04-14 09:11:09,16.04,4.52,2.5,0.7,7.2,0.0,0.0,0.0,0.0,0.0,28.7,23.8,23.2,25.0,-128.7,21.5,0.0,1.0,1.0,1.0,0.0,0.0,1.0,0.0,90.0,90.0,1
2025-04-14 09:11:10,16.04,4.56,2.5,0.7,7.9,0.0,0.0,0.0,0.0,0.0,28.7,23.8,23.2,25.0,-128.7,21.4,0.0,1.0,1.0,1.0,0.0,0.0,1.0,0.0,90.0,90.0,1
2025-04-14 09:11:11,16.03,4.56,2.5,0.7,7.5,0.0,0.0,0.0,0.0,0.0,28.7,23.8,23.2,25.0,-128.7,21.5,0.0,1.0,1.0,1.0,0.0,0.0,1.0,0.0,90.0,90.0,1
2025-04-14 09:11:12,16.03,4.54,2.5,0.7,7.0,0.0,0.0,0.0,0.0,0.0,28.7,23.8,23.2,25.0,-128.7,21.4,0.0,1.0,1.0,1.0,0.0,0.0,1.0,0.0,90.0,90.0,1
2025-04-14 09:11:13,16.04,4.54,2.5,0.7,7.5,0.0,0.0,0.0,0.0,0.0,28.7,23.8,23.2,25.0,-128.7,21.5,0.0,1.0,1.0,1.0,0.0,0.0,1.0,0.0,90.0,90.0,1
2025-04-14 09:11:14,16.02,4.53,2.5,0.7,7.7,0.0,0.0,0.0,0.0,0.0,28.7,23.8,23.2,25.0,-128.7,21.5,0.0,1.0,1.0,1.0,0.0,0.0,1.0,0.0,90.0,90.0,1
2025-04-14 09:11:15,16.03,4.54,2.5,0.7,8.099999,0.0,0.0,0.0,0.0,0.0,28.7,23.8,23.2,25.0,-128.7,21.6,0.0,1.0,1.0,1.0,0.0,0.0,1.0,0.0,90.0,90.0,1
2025-04-14 09:11:16,16.02,4.52,2.5,0.7,8.0,0.0,0.0,0.0,0.0,0.0,28.7,23.8,23.2,25.0,-128.7,21.6,0.0,1.0,1.0,1.0,0.0,0.0,1.0,0.0,90.0,90.0,1
2025-04-14 09:11:17,16.03,4.54,2.5,0.7,7.599999,0.0,0.0,0.0,0.0,0.0,28.7,23.8,23.2,25.0,-128.7,21.5,0.0,1.0,1.0,1.0,0.0,0.0,1.0,0.0,90.0,90.0,1
2025-04-14 09:11:18,16.03,4.52,2.5,0.7,7.0,0.0,0.0,0.0,0.0,0.0,28.7,23.8,23.2,25.0,-128.7,21.6,0.0,1.0,1.0,1.0,0.0,0.0,1.0,0.0,90.0,90.0,1
2025-04-14 09:11:19,16.04,4.54,2.5,0.7,7.5,0.0,0.0,0.0,0.0,0.0,28.7,23.8,23.2,25.0,-128.7,21.4,0.0,1.0,1.0,1.0,0.0,0.0,1.0,0.0,90.0,90.0,1
2025-04-14 09:11:20,16.02,4.53,2.5,0.8,7.9,0.0,0.0,0.0,0.0,0.0,28.7,23.8,23.2,25.0,-128.7,21.6,0.0,1.0,1.0,1.0,0.0,0.0,1.0,0.0,90.0,90.0,1
2025-04-14 09:11:21,16.03,4.53,2.5,0.7,7.4,0.0,0.0,0.0,0.0,0.0,28.7,23.8,23.2,25.0,-128.7,21.4,0.0,1.0,1.0,1.0,0.0,0.0,1.0,0.0,90.0,90.0,1
2025-04-14 09:11:22,16.03,4.54,2.5,0.7,7.2,0.0,0.0,0.0,0.0,0.0,28.7,23.8,23.2,25.0,-128.7,21.5,0.0,1.0,1.0,1.0,0.0,0.0,1.0,0.0,90.0,90.0,1
2025-04-14 09:11:23,16.05,4.52,2.5,0.7,6.9,0.0,0.0,0.0,0.0,0.0,28.7,23.8,23.2,25.0,-128.7,21.6,0.0,1.0,1.0,1.0,0.0,0.0,1.0,0.0,90.0,90.0,1
2025-04-14 09:11:24,16.03,4.55,2.5,0.7,6.7,0.0,0.0,0.0,0.0,0.0,28.7,23.8,23.2,25.0,-128.7,21.4,0.0,1.0,1.0,1.0,0.0,0.0,1.0,0.0,90.0,90.0,1
2025-04-14 09:11:25,16.04,4.53,2.5,0.7,7.5,0.0,0.0,0.0,0.0,0.0,28.7,23.8,23.2,25.0,-128.7,21.6,0.0,1.0,1.0,1.0,0.0,0.0,1.0,0.0,90.0,90.0,1
2025-04-14 09:11:26,16.04,4.54,2.5,0.7,8.2,0.0,0.0,0.0,0.0,0.0,28.7,23.8,23.2,25.0,-128.7,21.5,0.0,1.0,1.0,1.0,0.0,0.0,1.0,0.0,90.0,90.0,1
2025-04-14 09:11:27,16.05,4.54,2.5,0.7,8.099999,0.0,0.0,0.0,0.0,0.0,28.7,23.8,23.2,25.0,-128.7,21.6,0.0,1.0,1.0,1.0,0.0,0.0,1.0,0.0,90.0,90.0,1
2025-04-14 09:11:28,16.03,4.54,2.5,0.7,6.599999,0.0,0.0,0.0,0.0,0.0,28.7,23.8,23.2,25.0,-128.7,21.5,0.0,1.0,1.0,1.0,0.0,0.0,1.0,0.0,90.0,90.0,1
2025-04-14 09:11:29,16.04,4.54,2.5,0.7,7.3,0.0,0.0,0.0,0.0,0.0,28.7,23.8,23.2,25.0,-128.7,21.5,0.0,1.0,1.0,1.0,0.0,0.0,1.0,0.0,90.0,90.0,1
2025-04-14 09:11:30,16.02,4.54,2.5,0.7,7.0,0.0,0.0,0.0,0.0,0.0,28.7,23.8,23.2,25.0,-128.7,21.5,0.0,1.0,1.0,1.0,0.0,0.0,1.0,0.0,90.0,90.0,1
2025-04-14 09:11:31,16.04,4.54,2.5,0.7,6.9,0.0,0.0,0.0,0.0,0.0,28.7,23.8,23.2,25.0,-128.7,21.5,0.0,1.0,1.0,1.0,0.0,0.0,1.0,0.0,90.0,90.0,1
2025-04-14 09:11:32,16.04,4.54,2.5,0.7,7.4,0.0,0.0,0.0,0.0,0.0,28.7,23.8,23.2,25.0,-128.7,21.5,0.0,1.0,1.0,1.0,0.0,0.0,1.0,0.0,90.0,90.0,1
2025-04-14 09:11:33,16.03,4.55,2.5,0.7,7.7,0.0,0.0,0.0,0.0,0.0,28.7,23.8,23.2,25.0,-128.7,21.5,0.0,1.0,1.0,1.0,0.0,0.0,1.0,0.0,90.0,90.0,1
2025-04-14 09:11:34,16.05,4.53,2.5,0.7,7.4,0.0,0.0,0.0,0.0,0.0,28.7,23.8,23.2,25.0,-128.7,21.5,0.0,1.0,1.0,1.0,0.0,0.0,1.0,0.0,90.0,90.0,1
2025-04-14 09:11:35,16.04,4.54,2.5,0.7,7.7,0.0,0.0,0.0,0.0,0.0,28.7,23.8,23.2,25.0,-128.7,21.5,0.0,1.0,1.0,1.0,0.0,0.0,1.0,0.0,90.0,90.0,1
2025-04-14 09:11:36,16.04,4.53,2.5,0.7,7.7,0.0,0.0,0.0,0.0,0.0,28.7,23.8,23.2,25.0,-128.7,21.5,0.0,1.0,1.0,1.0,0.0,0.0,1.0,0.0,90.0,90.0,1
2025-04-14 09:11:37,16.03,4.54,2.5,0.7,7.5,0.0,0.0,0.0,0.0,0.0,28.7,23.8,23.2,25.0,-128.7,21.5,0.0,1.0,1.0,1.0,0.0,0.0,1.0,0.0,90.0,90.0,1
2025-04-14 09:11:38,16.03,4.52,2.5,0.7,7.9,0.0,0.0,0.0,0.0,0.0,28.7,23.8,23.2,25.0,-128.7,21.5,0.0,1.0,1.0,1.0,0.0,0.0,1.0,0.0,90.0,90.0,1
2025-04-14 09:11:39,16.03,4.54,2.5,0.7,7.4,0.0,0.0,0.0,0.0,0.0,28.7,23.8,23.2,25.0,-128.7,21.5,0.0,1.0,1.0,1.0,0.0,0.0,1.0,0.0,90.0,90.0,1
2025-04-14 09:11:40,16.04,4.55,2.5,0.7,7.5,0.0,0.0,0.0,0.0,0.0,28.7,23.8,23.2,25.0,-128.7,21.5,0.0,1.0,1.0,1.0,0.0,0.0,1.0,0.0,90.0,90.0,1
2025-04-14 09:11:41,16.04,4.53,2.5,0.7,7.099999,0.0,0.0,0.0,0.0,0.0,28.7,23.8,23.2,25.0,-128.7,21.5,0.0,1.0,1.0,1.0,0.0,0.0,1.0,0.0,90.0,90.0,1
2025-04-14 09:11:42,16.03,4.56,2.5,0.7,7.2,0.0,0.0,0.0,0.0,0.0,28.7,23.8,23.2,25.0,-128.7,21.4,0.0,1.0,1.0,1.0,0.0,0.0,1.0,0.0,90.0,90.0,1
2025-04-14 09:11:43,16.03,4.53,2.5,0.8,7.099999,0.0,0.0,0.0,0.0,0.0,28.7,23.8,23.2,25.0,-128.7,21.5,0.0,1.0,1.0,1.0,0.0,0.0,1.0,0.0,90.0,90.0,1
2025-04-14 09:11:44,16.05,4.54,2.5,0.7,7.9,0.0,0.0,0.0,0.0,0.0,28.7,23.8,23.2,25.0,-128.7,21.5,0.0,1.0,1.0,1.0,0.0,0.0,1.0,0.0,90.0,90.0,1
2025-04-14 09:11:45,16.04,4.53,2.5,0.7,7.599999,0.0,0.0,0.0,0.0,0.0,28.7,23.8,23.2,25.0,-128.7,21.6,0.0,1.0,1.0,1.0,0.0,0.0,1.0,0.0,90.0,90.0,1
2025-04-14 09:11:46,16.05,4.55,2.5,0.7,7.2,0.0,0.0,0.0,0.0,0.0,28.7,23.8,23.2,25.0,-128.7,21.4,0.0,1.0,1.0,1.0,0.0,0.0,1.0,0.0,90.0,90.0,1
2025-04-14 09:11:47,16.04,4.55,2.5,0.7,7.599999,0.0,0.0,0.0,0.0,0.0,28.7,23.8,23.2,25.0,-128.7,21.5,0.0,1.0,1.0,1.0,0.0,0.0,1.0,0.0,90.0,90.0,1
2025-04-14 09:11:48,16.05,4.53,2.5,0.7,7.9,0.0,0.0,0.0,0.0,0.0,28.7,23.8,23.2,25.0,-128.7,21.5,0.0,1.0,1.0,1.0,0.0,0.0,1.0,0.0,90.0,90.0,1
2025-04-14 09:11:49,16.04,4.55,2.5,0.7,7.0,0.0,0.0,0.0,0.0,0.0,28.7,23.8,23.2,25.0,-128.7,21.5,0.0,1.0,1.0,1.0,0.0,0.0,1.0,0.0,90.0,90.0,1
2025-04-14 09:11:50,16.07,4.54,2.5,0.7,7.2,0.0,0.0,0.0,0.0,0.0,28.7,23.8,23.2,25.0,-128.7,21.5,0.0,1.0,1.0,1.0,0.0,0.0,1.0,0.0,90.0,90.0,1
2025-04-14 09:11:51,16.05,4.56,2.5,0.7,7.0,0.0,0.0,0.0,0.0,0.0,28.7,23.8,23.2,25.0,-128.7,21.4,0.0,1.0,1.0,1.0,0.0,0.0,1.0,0.0,90.0,90.0,1
2025-04-14 09:11:52,16.07,4.54,2.5,0.7,7.0,0.0,0.0,0.0,0.0,0.0,28.7,23.8,23.2,25.0,-128.7,21.5,0.0,1.0,1.0,1.0,0.0,0.0,1.0,0.0,90.0,90.0,1
2025-04-14 09:11:53,16.07,4.56,2.5,0.7,7.3,0.0,0.0,0.0,0.0,0.0,28.7,23.8,23.2,25.0,-128.7,21.4,0.0,1.0,1.0,1.0,0.0,0.0,1.0,0.0,90.0,90.0,1
2025-04-14 09:11:54,16.07,4.56,2.5,0.7,7.2,0.0,0.0,0.0,0.0,0.0,28.7,23.8,23.2,25.0,-128.7,21.5,0.0,1.0,1.0,1.0,0.0,0.0,1.0,0.0,90.0,90.0,1
2025-04-14 09:11:55,16.07,4.53,2.5,0.7,6.9,0.0,0.0,0.0,0.0,0.0,28.7,23.8,23.2,25.0,-128.7,21.4,0.0,1.0,1.0,1.0,0.0,0.0,1.0,0.0,90.0,90.0,1
2025-04-14 09:11:56,16.07,4.55,2.5,0.8,7.599999,0.0,0.0,0.0,0.0,0.0,28.7,23.8,23.2,25.0,-128.7,21.5,0.0,1.0,1.0,1.0,0.0,0.0,1.0,0.0,90.0,90.0,1
2025-04-14 09:11:57,16.07,4.54,2.5,0.7,7.599999,0.0,0.0,0.0,0.0,0.0,28.7,23.8,23.2,25.0,-128.7,21.4,0.0,1.0,1.0,1.0,0.0,0.0,1.0,0.0,90.0,90.0,1
2025-04-14 09:11:58,16.05,4.56,2.5,0.7,7.2,0.0,0.0,0.0,0.0,0.0,28.7,23.8,23.2,25.0,-128.7,21.4,0.0,1.0,1.0,1.0,0.0,0.0,1.0,0.0,90.0,90.0,1
2025-04-14 09:11:59,16.05,4.55,2.5,0.7,7.8,0.0,0.0,0.0,0.0,0.0,28.7,23.8,23.2,25.0,-128.7,21.4,0.0,1.0,1.0,1.0,0.0,0.0,1.0,0.0,90.0,90.0,1
2025-04-14 09:12:00,16.07,4.56,2.5,0.7,6.8,0.0,0.0,0.0,0.0,0.0,28.7,23.8,23.2,25.0,-128.7,21.4,0.0,1.0,1.0,1.0,0.0,0.0,1.0,0.0,90.0,90.0,1
2025-04-14 09:12:01,16.04,4.56,2.5,0.8,7.2,0.0,0.0,0.0,0.0,0.0,28.7,23.8,23.2,25.0,-128.7,21.5,0.0,1.0,1.0,1.0,0.0,0.0,1.0,0.0,90.0,90.0,1
2025-04-14 09:12:02,16.05,4.55,2.5,0.7,7.9,0.0,0.0,0.0,0.0,0.0,28.7,23.8,23.2,25.0,-128.7,21.4,0.0,1.0,1.0,1.0,0.0,0.0,1.0,0.0,90.0,90.0,1
2025-04-14 09:12:03,16.04,4.56,2.5,0.7,7.599999,0.0,0.0,0.0,0.0,0.0,28.7,23.8,23.2,25.0,-128.7,21.5,0.0,1.0,1.0,1.0,0.0,0.0,1.0,0.0,90.0,90.0,1
2025-04-14 09:12:04,16.05,4.54,2.5,0.7,6.8,0.0,0.0,0.0,0.0,0.0,28.7,23.8,23.2,25.0,-128.7,21.4,0.0,1.0,1.0,1.0,0.0,0.0,1.0,0.0,90.0,90.0,1
2025-04-14 09:12:05,16.05,4.56,2.5,0.7,7.3,0.0,0.0,0.0,0.0,0.0,28.7,23.8,23.2,25.0,-128.7,21.4,0.0,1.0,1.0,1.0,0.0,0.0,1.0,0.0,90.0,90.0,1
2025-04-14 09:12:06,16.07,4.54,2.5,0.7,7.5,0.0,0.0,0.0,0.0,0.0,28.7,23.8,23.2,25.0,-128.7,21.5,0.0,1.0,1.0,1.0,0.0,0.0,1.0,0.0,90.0,90.0,1
2025-04-14 09:12:07,16.07,4.56,2.5,0.7,8.0,0.0,0.0,0.0,0.0,0.0,28.7,23.8,23.2,25.0,-128.7,21.4,0.0,1.0,1.0,1.0,0.0,0.0,1.0,0.0,90.0,90.0,1
2025-04-14 09:12:08,16.07,4.54,2.5,0.7,6.9,0.0,0.0,0.0,0.0,0.0,28.7,23.8,23.2,25.0,-128.7,21.5,0.0,1.0,1.0,1.0,0.0,0.0,1.0,0.0,90.0,90.0,1
2025-04-14 09:12:09,16.07,4.56,2.5,0.7,7.3,0.0,0.0,0.0,0.0,0.0,28.7,23.8,23.2,25.0,-128.7,21.4,0.0,1.0,1.0,1.0,0.0,0.0,1.0,0.0,90.0,90.0,1
2025-04-14 09:12:10,16.08,4.56,2.5,0.7,7.599999,0.0,0.0,0.0,0.0,0.0,28.7,23.8,23.2,25.0,-128.7,21.4,0.0,1.0,1.0,1.0,0.0,0.0,1.0,0.0,90.0,90.0,1
2025-04-14 09:12:11,16.05,4.56,2.5,0.7,6.599999,0.0,0.0,0.0,0.0,0.0,28.7,23.8,23.2,25.0,-128.7,21.4,0.0,1.0,1.0,1.0,0.0,0.0,1.0,0.0,90.0,90.0,1
2025-04-14 09:12:12,16.08,4.56,2.5,0.7,7.599999,0.0,0.0,0.0,0.0,0.0,28.7,23.8,23.2,25.0,-128.7,21.4,0.0,1.0,1.0,1.0,0.0,0.0,1.0,0.0,90.0,90.0,1
2025-04-14 09:12:13,16.08,4.56,2.5,0.7,7.4,0.0,0.0,0.0,0.0,0.0,28.7,23.8,23.2,25.0,-128.7,21.4,0.0,1.0,1.0,1.0,0.0,0.0,1.0,0.0,90.0,90.0,1
2025-04-14 09:12:14,16.09,4.56,2.5,0.7,6.9,0.0,0.0,0.0,0.0,0.0,28.7,23.8,23.2,25.0,-128.7,21.4,0.0,1.0,1.0,1.0,0.0,0.0,1.0,0.0,90.0,90.0,1
2025-04-14 09:12:15,16.08,4.55,2.5,0.7,7.2,0.0,0.0,0.0,0.0,0.0,28.7,23.8,23.3,25.0,-128.7,21.4,0.0,1.0,1.0,1.0,0.0,0.0,1.0,0.0,90.0,90.0,1
2025-04-14 09:12:16,16.08,4.56,2.5,0.7,7.2,0.0,0.0,0.0,0.0,0.0,28.7,23.8,23.3,25.0,-128.7,21.3,0.0,1.0,1.0,1.0,0.0,0.0,1.0,0.0,90.0,90.0,1
2025-04-14 09:12:17,16.08,4.56,2.5,0.7,6.8,0.0,0.0,0.0,0.0,0.0,28.7,23.8,23.3,25.0,-128.7,21.4,0.0,1.0,1.0,1.0,0.0,0.0,1.0,0.0,90.0,90.0,1
2025-04-14 09:12:18,16.1,4.56,2.5,0.7,8.0,0.0,0.0,0.0,0.0,0.0,28.7,23.8,23.3,25.0,-128.7,21.4,0.0,1.0,1.0,1.0,0.0,0.0,1.0,0.0,90.0,90.0,1
2025-04-14 09:12:19,16.08,4.57,2.5,0.8,6.9,0.0,0.0,0.0,0.0,0.0,28.7,23.8,23.3,25.0,-128.7,21.4,0.0,1.0,1.0,1.0,0.0,0.0,1.0,0.0,90.0,90.0,1
2025-04-14 09:12:20,16.08,4.55,2.5,0.7,7.9,0.0,0.0,0.0,0.0,0.0,28.7,23.8,23.3,25.0,-128.7,21.4,0.0,1.0,1.0,1.0,0.0,0.0,1.0,0.0,90.0,90.0,1
2025-04-14 09:12:21,16.08,4.56,2.5,0.7,7.599999,0.0,0.0,0.0,0.0,0.0,28.7,23.8,23.3,25.0,-128.7,21.4,0.0,1.0,1.0,1.0,0.0,0.0,1.0,0.0,90.0,90.0,1
2025-04-14 09:12:22,16.09,4.55,2.5,0.7,7.3,0.0,0.0,0.0,0.0,0.0,28.8,23.8,23.3,25.0,-128.7,21.4,0.0,1.0,1.0,1.0,0.0,0.0,1.0,0.0,90.0,90.0,1
2025-04-14 09:12:23,16.08,4.56,2.5,0.8,7.599999,0.0,0.0,0.0,0.0,0.0,28.8,23.8,23.3,25.0,-128.7,21.4,0.0,1.0,1.0,1.0,0.0,0.0,1.0,0.0,90.0,90.0,1
2025-04-14 09:12:24,16.08,4.56,2.5,0.7,7.3,0.0,0.0,0.0,0.0,0.0,28.8,23.8,23.3,25.0,-128.7,21.4,0.0,1.0,1.0,1.0,0.0,0.0,1.0,0.0,90.0,90.0,1
2025-04-14 09:12:25,16.08,4.56,2.5,0.7,7.2,0.0,0.0,0.0,0.0,0.0,28.8,23.8,23.3,25.0,-128.7,21.3,0.0,1.0,1.0,1.0,0.0,0.0,1.0,0.0,90.0,90.0,1
2025-04-14 09:12:26,16.09,4.56,2.5,0.7,6.8,0.0,0.0,0.0,0.0,0.0,28.8,23.8,23.3,25.0,-128.7,21.4,0.0,1.0,1.0,1.0,0.0,0.0,1.0,0.0,90.0,90.0,1
2025-04-14 09:12:27,16.08,4.56,2.5,0.7,7.7,0.0,0.0,0.0,0.0,0.0,28.8,23.8,23.3,25.0,-128.7,21.4,0.0,1.0,1.0,1.0,0.0,0.0,1.0,0.0,90.0,90.0,1
2025-04-14 09:12:28,16.09,4.57,2.5,0.7,7.3,0.0,0.0,0.0,0.0,0.0,28.8,23.8,23.3,25.0,-128.7,21.3,0.0,1.0,1.0,1.0,0.0,0.0,1.0,0.0,90.0,90.0,1
2025-04-14 09:12:29,16.09,4.56,2.5,0.7,7.7,0.0,0.0,0.0,0.0,0.0,28.8,23.8,23.3,25.0,-128.7,21.4,0.0,1.0,1.0,1.0,0.0,0.0,1.0,0.0,90.0,90.0,1
2025-04-14 09:12:30,16.1,4.57,2.5,0.7,7.599999,0.0,0.0,0.0,0.0,0.0,28.8,23.8,23.3,25.0,-128.7,21.2,0.0,1.0,1.0,1.0,0.0,0.0,1.0,0.0,90.0,90.0,1
2025-04-14 09:12:31,16.1,4.56,2.5,0.7,8.0,0.0,0.0,0.0,0.0,0.0,28.8,23.8,23.3,25.0,-128.7,21.4,0.0,1.0,1.0,1.0,0.0,0.0,1.0,0.0,90.0,90.0,1
2025-04-14 09:12:32,16.1,4.56,2.5,0.8,7.4,0.0,0.0,0.0,0.0,0.0,28.8,23.8,23.3,25.0,-128.7,21.3,0.0,1.0,1.0,1.0,0.0,0.0,1.0,0.0,90.0,90.0,1
2025-04-14 09:12:33,16.1,4.57,2.5,0.7,7.0,0.0,0.0,0.0,0.0,0.0,28.8,23.8,23.3,25.0,-128.7,21.3,0.0,1.0,1.0,1.0,0.0,0.0,1.0,0.0,90.0,90.0,1
2025-04-14 09:12:34,16.11,4.56,2.5,0.7,7.0,0.0,0.0,0.0,0.0,0.0,28.8,23.8,23.3,25.0,-128.7,21.4,0.0,1.0,1.0,1.0,0.0,0.0,1.0,0.0,90.0,90.0,1
2025-04-14 09:12:35,16.1,4.57,2.5,0.7,7.099999,0.0,0.0,0.0,0.0,0.0,28.8,23.8,23.3,25.0,-128.7,21.3,0.0,1.0,1.0,1.0,0.0,0.0,1.0,0.0,90.0,90.0,1
2025-04-14 09:12:36,16.11,4.56,2.5,0.7,7.8,0.0,0.0,0.0,0.0,0.0,28.8,23.8,23.4,25.0,-128.7,21.4,0.0,1.0,1.0,1.0,0.0,0.0,1.0,0.0,90.0,90.0,1
2025-04-14 09:12:37,16.1,4.58,2.5,0.7,8.2,0.0,0.0,0.0,0.0,0.0,28.8,23.8,23.4,25.0,-128.7,21.2,0.0,1.0,1.0,1.0,0.0,0.0,1.0,0.0,90.0,90.0,1
2025-04-14 09:12:38,16.11,4.57,2.5,0.8,7.0,0.0,0.0,0.0,0.0,0.0,28.8,23.8,23.4,25.0,-128.7,21.4,0.0,1.0,1.0,1.0,0.0,0.0,1.0,0.0,90.0,90.0,1
2025-04-14 09:12:39,16.13,4.57,2.5,0.7,6.5,0.0,0.0,0.0,0.0,0.0,28.8,23.8,23.4,25.0,-128.7,21.2,0.0,1.0,1.0,1.0,0.0,0.0,1.0,0.0,90.0,90.0,1
2025-04-14 09:12:40,16.11,4.58,2.5,0.7,7.2,0.0,0.0,0.0,0.0,0.0,28.8,23.8,23.4,25.0,-128.7,21.2,0.0,1.0,1.0,1.0,0.0,0.0,1.0,0.0,90.0,90.0,1
2025-04-14 09:12:41,16.11,4.57,2.5,0.7,7.8,0.0,0.0,0.0,0.0,0.0,28.8,23.8,23.4,25.0,-128.7,21.3,0.0,1.0,1.0,1.0,0.0,0.0,1.0,0.0,90.0,90.0,1
2025-04-14 09:12:42,16.13,4.59,2.6,0.7,7.8,0.0,0.0,0.0,0.0,0.0,28.8,23.8,23.4,25.0,-128.7,21.2,0.0,1.0,1.0,1.0,0.0,0.0,1.0,0.0,90.0,90.0,1
2025-04-14 09:12:43,16.11,4.57,2.5,0.7,7.099999,0.0,0.0,0.0,0.0,0.0,28.8,23.8,23.4,25.0,-128.7,21.3,0.0,1.0,1.0,1.0,0.0,0.0,1.0,0.0,90.0,90.0,1
2025-04-14 09:12:44,16.1,4.58,2.5,0.7,6.8,0.0,0.0,0.0,0.0,0.0,28.8,23.8,23.4,25.0,-128.7,21.2,0.0,1.0,1.0,1.0,0.0,0.0,1.0,0.0,90.0,90.0,1
2025-04-14 09:12:45,16.13,4.59,2.5,0.7,7.099999,0.0,0.0,0.0,0.0,0.0,28.8,23.8,23.4,25.0,-128.7,21.3,0.0,1.0,1.0,1.0,0.0,0.0,1.0,0.0,90.0,90.0,1
2025-04-14 09:12:46,16.134999999999998,4.58,2.5,0.75,7.800000000000001,0.0,0.0,0.0,0.0,0.0,28.8,23.8,23.4,25.0,-128.7,21.2,0.0,1.0,1.0,1.0,0.0,0.0,1.0,0.0,90.0,90.0,1
2025-04-14 09:12:47,16.11,4.57,2.5,0.7,7.9,0.0,0.0,0.0,0.0,0.0,28.8,23.8,23.4,25.0,-128.7,21.3,0.0,1.0,1.0,1.0,0.0,0.0,1.0,0.0,90.0,90.0,1
2025-04-14 09:12:48,16.13,4.59,2.5,0.7,7.2,0.0,0.0,0.0,0.0,0.0,28.8,23.8,23.4,25.0,-128.7,21.2,0.0,1.0,1.0,1.0,0.0,0.0,1.0,0.0,90.0,90.0,1
2025-04-14 09:12:49,16.14,4.58,2.5,0.7,8.0,0.0,0.0,0.0,0.0,0.0,28.8,23.8,23.4,25.0,-128.7,21.3,0.0,1.0,1.0,1.0,0.0,0.0,1.0,0.0,90.0,90.0,1
2025-04-14 09:12:50,16.14,4.59,2.5,0.7,7.4,0.0,0.0,0.0,0.0,0.0,28.8,23.8,23.4,25.0,-128.7,21.2,0.0,1.0,1.0,1.0,0.0,0.0,1.0,0.0,90.0,90.0,1
2025-04-14 09:12:51,16.15,4.59,2.5,0.7,7.099999,0.0,0.0,0.0,0.0,0.0,28.8,23.8,23.4,25.0,-128.7,21.2,0.0,1.0,1.0,1.0,0.0,0.0,1.0,0.0,90.0,90.0,1
2025-04-14 09:12:52,16.15,4.59,2.6,0.8,7.099999,0.0,0.0,0.0,0.0,0.0,28.8,23.8,23.4,25.0,-128.7,21.2,0.0,1.0,1.0,1.0,0.0,0.0,1.0,0.0,90.0,90.0,1
2025-04-14 09:12:53,16.15,4.59,2.5,0.7,7.4,0.0,0.0,0.0,0.0,0.0,28.8,23.8,23.5,25.0,-128.7,21.2,0.0,1.0,1.0,1.0,0.0,0.0,1.0,0.0,90.0,90.0,1
2025-04-14 09:12:54,16.13,4.59,2.5,0.7,7.3,0.0,0.0,0.0,0.0,0.0,28.8,23.8,23.5,25.0,-128.7,21.2,0.0,1.0,1.0,1.0,0.0,0.0,1.0,0.0,90.0,90.0,1
2025-04-14 09:12:55,16.14,4.59,2.5,0.8,7.5,0.0,0.0,0.0,0.0,0.0,28.8,23.8,23.5,25.0,-128.7,21.2,0.0,1.0,1.0,1.0,0.0,0.0,1.0,0.0,90.0,90.0,1
2025-04-14 09:12:56,16.14,4.59,2.5,0.7,8.2,0.0,0.0,0.0,0.0,0.0,28.8,23.9,23.5,25.0,-128.7,21.2,0.0,1.0,1.0,1.0,0.0,0.0,1.0,0.0,90.0,90.0,1
2025-04-14 09:12:57,16.18,4.59,2.5,0.7,7.599999,0.0,0.0,0.0,0.0,0.0,28.8,23.9,23.5,25.0,-128.7,21.2,0.0,1.0,1.0,1.0,0.0,0.0,1.0,0.0,90.0,90.0,1
2025-04-14 09:12:58,16.15,4.59,2.5,0.7,6.7,0.0,0.0,0.0,0.0,0.0,28.8,23.9,23.5,25.0,-128.7,21.2,0.0,1.0,1.0,1.0,0.0,0.0,1.0,0.0,90.0,90.0,1
2025-04-14 09:12:59,16.16,4.59,2.5,0.7,7.0,0.0,0.0,0.0,0.0,0.0,28.8,23.9,23.5,25.0,-128.7,21.2,0.0,1.0,1.0,1.0,0.0,0.0,1.0,0.0,90.0,90.0,1
2025-04-14 09:13:00,16.15,4.58,2.5,0.7,7.599999,0.0,0.0,0.0,0.0,0.0,28.8,23.9,23.5,25.0,-128.7,21.2,0.0,1.0,1.0,1.0,0.0,0.0,1.0,0.0,90.0,90.0,1
2025-04-14 09:13:01,16.18,4.6,2.5,0.7,7.2,0.0,0.0,0.0,0.0,0.0,28.8,23.9,23.5,25.0,-128.7,21.2,0.0,1.0,1.0,1.0,0.0,0.0,1.0,0.0,90.0,90.0,1
2025-04-14 09:13:02,16.18,4.59,2.5,0.8,6.8,0.0,0.0,0.0,0.0,0.0,28.8,23.9,23.5,25.0,-128.7,21.2,0.0,1.0,1.0,1.0,0.0,0.0,1.0,0.0,90.0,90.0,1
2025-04-14 09:13:03,16.18,4.59,2.5,0.7,7.5,0.0,0.0,0.0,0.0,0.0,28.8,23.9,23.5,25.0,-128.7,21.2,0.0,1.0,1.0,1.0,0.0,0.0,1.0,0.0,90.0,90.0,1
2025-04-14 09:13:04,16.18,4.6,2.5,0.7,7.5,0.0,0.0,0.0,0.0,0.0,28.8,23.9,23.5,25.1,-128.7,21.3,0.0,1.0,1.0,1.0,0.0,0.0,1.0,0.0,90.0,90.0,1
2025-04-14 09:13:05,16.18,4.59,2.5,0.7,7.0,0.0,0.0,0.0,0.0,0.0,28.8,23.9,23.5,25.1,-128.7,21.3,0.0,1.0,1.0,1.0,0.0,0.0,1.0,0.0,90.0,90.0,1
2025-04-14 09:13:06,16.18,4.59,2.5,0.7,7.0,0.0,0.0,0.0,0.0,0.0,28.8,23.9,23.5,25.1,-128.7,21.2,0.0,1.0,1.0,1.0,0.0,0.0,1.0,0.0,90.0,90.0,1
2025-04-14 09:13:07,16.18,4.6,2.6,0.7,7.3,0.0,0.0,0.0,0.0,0.0,28.8,23.9,23.5,25.1,-128.7,21.2,0.0,1.0,1.0,1.0,0.0,0.0,1.0,0.0,90.0,90.0,1
2025-04-14 09:13:08,16.19,4.59,2.5,0.7,7.599999,0.0,0.0,0.0,0.0,0.0,28.8,23.9,23.6,25.1,-128.7,21.2,0.0,1.0,1.0,1.0,0.0,0.0,1.0,0.0,90.0,90.0,1
2025-04-14 09:13:09,16.2,4.6,2.5,0.7,7.7,0.0,0.0,0.0,0.0,0.0,28.8,23.9,23.6,25.1,-128.7,21.2,0.0,1.0,1.0,1.0,0.0,0.0,1.0,0.0,90.0,90.0,1
2025-04-14 09:13:10,16.19,4.59,2.5,0.7,6.9,0.0,0.0,0.0,0.0,0.0,28.8,23.9,23.6,25.1,-128.7,21.3,0.0,1.0,1.0,1.0,0.0,0.0,1.0,0.0,90.0,90.0,1
2025-04-14 09:13:11,16.2,4.6,2.5,0.7,7.599999,0.0,0.0,0.0,0.0,0.0,28.8,23.9,23.6,25.1,-128.7,21.2,0.0,1.0,1.0,1.0,0.0,0.0,1.0,0.0,90.0,90.0,1
2025-04-14 09:13:12,16.19,4.6,2.5,0.7,7.5,0.0,0.0,0.0,0.0,0.0,28.8,23.9,23.6,25.1,-128.7,21.3,0.0,1.0,1.0,1.0,0.0,0.0,1.0,0.0,90.0,90.0,1
2025-04-14 09:13:13,16.2,4.59,2.5,0.7,7.3,0.0,0.0,0.0,0.0,0.0,28.8,23.9,23.6,25.1,-128.7,21.2,0.0,1.0,1.0,1.0,0.0,0.0,1.0,0.0,90.0,90.0,1
2025-04-14 09:13:14,16.2,4.61,2.5,0.7,7.3,0.0,0.0,0.0,0.0,0.0,28.8,23.9,23.6,25.1,-128.7,21.2,0.0,1.0,1.0,1.0,0.0,0.0,1.0,0.0,90.0,90.0,1
2025-04-14 09:13:15,16.21,4.59,2.5,0.7,7.3,0.0,0.0,0.0,0.0,0.0,28.8,23.9,23.6,25.1,-128.7,21.2,0.0,1.0,1.0,1.0,0.0,0.0,1.0,0.0,90.0,90.0,1
2025-04-14 09:13:16,16.2,4.62,2.5,0.7,7.599999,0.0,0.0,0.0,0.0,0.0,28.8,23.9,23.6,25.1,-128.7,21.2,0.0,1.0,1.0,1.0,0.0,0.0,1.0,0.0,90.0,90.0,1
2025-04-14 09:13:17,16.2,4.6,2.5,0.7,7.4,0.0,0.0,0.0,0.0,0.0,28.8,23.9,23.6,25.1,-128.7,21.3,0.0,1.0,1.0,1.0,0.0,0.0,1.0,0.0,90.0,90.0,1
2025-04-14 09:13:18,16.2,4.61,2.5,0.7,6.9,0.0,0.0,0.0,0.0,0.0,28.8,23.9,23.6,25.1,-128.7,21.2,0.0,1.0,1.0,1.0,0.0,0.0,1.0,0.0,90.0,90.0,1
2025-04-14 09:13:19,16.2,4.6,2.5,0.7,6.8,0.0,0.0,0.0,0.0,0.0,28.8,23.9,23.6,25.1,-128.7,21.3,0.0,1.0,1.0,1.0,0.0,0.0,1.0,0.0,90.0,90.0,1
2025-04-14 09:13:20,16.19,4.59,2.5,0.7,7.599999,0.0,0.0,0.0,0.0,0.0,28.8,23.9,23.6,25.1,-128.7,21.2,0.0,1.0,1.0,1.0,0.0,0.0,1.0,0.0,90.0,90.0,1
2025-04-14 09:13:21,16.2,4.6,2.5,0.7,8.099999,0.0,0.0,0.0,0.0,0.0,28.8,23.9,23.7,25.1,-128.7,21.3,0.0,1.0,1.0,1.0,0.0,0.0,1.0,0.0,90.0,90.0,1
2025-04-14 09:13:22,16.2,4.59,2.5,0.7,7.2,0.0,0.0,0.0,0.0,0.0,28.8,23.9,23.7,25.1,-128.7,21.2,0.0,1.0,1.0,1.0,0.0,0.0,1.0,0.0,90.0,90.0,1
2025-04-14 09:13:23,16.21,4.6,2.5,0.8,7.9,0.0,0.0,0.0,0.0,0.0,28.8,23.9,23.7,25.1,-128.7,21.2,0.0,1.0,1.0,1.0,0.0,0.0,1.0,0.0,90.0,90.0,1
2025-04-14 09:13:24,16.2,4.59,2.5,0.7,8.0,0.0,0.0,0.0,0.0,0.0,28.8,23.9,23.7,25.1,-128.7,21.3,0.0,1.0,1.0,1.0,0.0,0.0,1.0,0.0,90.0,90.0,1
2025-04-14 09:13:25,16.21,4.6,2.5,0.7,7.599999,0.0,0.0,0.0,0.0,0.0,28.8,23.9,23.7,25.1,-128.7,21.2,0.0,1.0,1.0,1.0,0.0,0.0,1.0,0.0,90.0,90.0,1
2025-04-14 09:13:26,16.19,4.59,2.5,0.7,7.5,0.0,0.0,0.0,0.0,0.0,28.8,23.9,23.7,25.1,-128.7,21.3,0.0,1.0,1.0,1.0,0.0,0.0,1.0,0.0,90.0,90.0,1
2025-04-14 09:13:27,16.19,4.59,2.5,0.7,7.2,0.0,0.0,0.0,0.0,0.0,28.8,23.9,23.7,25.1,-128.7,21.2,0.0,1.0,1.0,1.0,0.0,0.0,1.0,0.0,90.0,90.0,1
2025-04-14 09:13:28,16.2,4.59,2.5,0.7,7.099999,0.0,0.0,0.0,0.0,0.0,28.8,23.9,23.7,25.1,-128.7,21.3,0.0,1.0,1.0,1.0,0.0,0.0,1.0,0.0,90.0,90.0,1
2025-04-14 09:13:29,16.2,4.58,2.5,0.7,7.0,0.0,0.0,0.0,0.0,0.0,28.8,23.9,23.7,25.1,-128.7,21.3,0.0,1.0,1.0,1.0,0.0,0.0,1.0,0.0,90.0,90.0,1
2025-04-14 09:13:30,16.2,4.6,2.5,0.7,7.599999,0.0,0.0,0.0,0.0,0.0,28.8,23.9,23.7,25.1,-128.7,21.3,0.0,1.0,1.0,1.0,0.0,0.0,1.0,0.0,90.0,90.0,1
2025-04-14 09:13:31,16.2,4.58,2.5,0.7,7.099999,0.0,0.0,0.0,0.0,0.0,28.8,23.9,23.7,25.1,-128.7,21.3,0.0,1.0,1.0,1.0,0.0,0.0,1.0,0.0,90.0,90.0,1
2025-04-14 09:13:32,16.19,4.59,2.5,0.7,7.0,0.0,0.0,0.0,0.0,0.0,28.8,23.9,23.7,25.1,-128.7,21.3,0.0,1.0,1.0,1.0,0.0,0.0,1.0,0.0,90.0,90.0,1
2025-04-14 09:13:33,16.21,4.58,2.5,0.7,7.9,0.0,0.0,0.0,0.0,0.0,28.8,23.9,23.7,25.1,-128.7,21.3,0.0,1.0,1.0,1.0,0.0,0.0,1.0,0.0,90.0,90.0,1
2025-04-14 09:13:34,16.2,4.58,2.5,0.7,7.4,0.0,0.0,0.0,0.0,0.0,28.8,23.9,23.7,25.1,-128.7,21.3,0.0,1.0,1.0,1.0,0.0,0.0,1.0,0.0,90.0,90.0,1
2025-04-14 09:13:35,16.2,4.59,2.5,0.7,7.3,0.0,0.0,0.0,0.0,0.0,28.8,23.9,23.7,25.1,-128.7,21.4,0.0,1.0,1.0,1.0,0.0,0.0,1.0,0.0,90.0,90.0,1
2025-04-14 09:13:36,16.19,4.57,2.5,0.7,7.599999,0.0,0.0,0.0,0.0,0.0,28.8,23.9,23.7,25.1,-128.7,21.3,0.0,1.0,1.0,1.0,0.0,0.0,1.0,0.0,90.0,90.0,1
2025-04-14 09:13:37,16.19,4.59,2.5,0.7,7.4,0.0,0.0,0.0,0.0,0.0,28.8,23.9,23.7,25.1,-128.7,21.3,0.0,1.0,1.0,1.0,0.0,0.0,1.0,0.0,90.0,90.0,1
2025-04-14 09:13:38,16.19,4.58,2.5,0.7,7.9,0.0,0.0,0.0,0.0,0.0,28.8,23.9,23.8,25.1,-128.7,21.4,0.0,1.0,1.0,1.0,0.0,0.0,1.0,0.0,90.0,90.0,1
2025-04-14 09:13:39,16.18,4.59,2.5,0.7,6.9,0.0,0.0,0.0,0.0,0.0,28.8,23.9,23.8,25.1,-128.7,21.3,0.0,1.0,1.0,1.0,0.0,0.0,1.0,0.0,90.0,90.0,1
2025-04-14 09:13:40,16.19,4.57,2.5,0.7,7.099999,0.0,0.0,0.0,0.0,0.0,28.8,23.9,23.8,25.1,-128.7,21.4,0.0,1.0,1.0,1.0,0.0,0.0,1.0,0.0,90.0,90.0,1
2025-04-14 09:13:41,16.18,4.57,2.5,0.7,7.7,0.0,0.0,0.0,0.0,0.0,28.8,23.9,23.8,25.1,-128.7,21.3,0.0,1.0,1.0,1.0,0.0,0.0,1.0,0.0,90.0,90.0,1
2025-04-14 09:13:42,16.18,4.58,2.5,0.7,8.099999,0.0,0.0,0.0,0.0,0.0,28.8,23.9,23.8,25.1,-128.7,21.4,0.0,1.0,1.0,1.0,0.0,0.0,1.0,0.0,90.0,90.0,1
2025-04-14 09:13:43,16.19,4.56,2.6,0.7,6.5,0.0,0.0,0.0,0.0,0.0,28.8,23.9,23.8,25.1,-128.7,21.3,0.0,1.0,1.0,1.0,0.0,0.0,1.0,0.0,90.0,90.0,1
2025-04-14 09:13:44,16.18,4.57,2.6,0.7,7.4,0.0,0.0,0.0,0.0,0.0,28.8,23.9,23.8,25.1,-128.7,21.4,0.0,1.0,1.0,1.0,0.0,0.0,1.0,0.0,90.0,90.0,1
2025-04-14 09:13:45,16.18,4.57,2.5,0.8,7.2,0.0,0.0,0.0,0.0,0.0,28.8,23.9,23.8,25.2,-128.7,21.5,0.0,1.0,1.0,1.0,0.0,0.0,1.0,0.0,90.0,90.0,1
2025-04-14 09:13:46,16.16,4.58,2.5,0.7,7.8,0.0,0.0,0.0,0.0,0.0,28.8,23.9,23.8,25.2,-128.7,21.4,0.0,1.0,1.0,1.0,0.0,0.0,1.0,0.0,90.0,90.0,1
2025-04-14 09:13:47,16.18,4.57,2.5,0.7,7.2,0.0,0.0,0.0,0.0,0.0,28.8,23.9,23.8,25.2,-128.7,21.5,0.0,1.0,1.0,1.0,0.0,0.0,1.0,0.0,90.0,90.0,1
2025-04-14 09:13:48,16.18,4.57,2.5,0.7,7.099999,0.0,0.0,0.0,0.0,0.0,28.8,23.9,23.8,25.2,-128.7,21.4,0.0,1.0,1.0,1.0,0.0,0.0,1.0,0.0,90.0,90.0,1
2025-04-14 09:13:49,16.18,4.57,2.5,0.7,7.7,0.0,0.0,0.0,0.0,0.0,28.8,23.9,23.8,25.2,-128.7,21.5,0.0,1.0,1.0,1.0,0.0,0.0,1.0,0.0,90.0,90.0,1
2025-04-14 09:13:50,16.16,4.58,2.6,0.7,8.099999,0.0,0.0,0.0,0.0,0.0,28.8,23.9,23.8,25.2,-128.7,21.4,0.0,1.0,1.0,1.0,0.0,0.0,1.0,0.0,90.0,90.0,1
2025-04-14 09:13:51,16.18,4.57,2.5,0.7,7.099999,0.0,0.0,0.0,0.0,0.0,28.8,23.9,23.8,25.2,-128.7,21.6,0.0,1.0,1.0,1.0,0.0,0.0,1.0,0.0,90.0,90.0,1
2025-04-14 09:13:52,16.18,4.57,2.5,0.7,7.099999,0.0,0.0,0.0,0.0,0.0,28.8,23.9,23.8,25.2,-128.7,21.6,0.0,1.0,1.0,1.0,0.0,0.0,1.0,0.0,90.0,90.0,1
2025-04-14 09:13:53,16.18,4.57,2.5,0.7,7.4,0.0,0.0,0.0,0.0,0.0,28.8,23.9,23.8,25.2,-128.7,21.5,0.0,1.0,1.0,1.0,0.0,0.0,1.0,0.0,90.0,90.0,1
2025-04-14 09:13:54,16.16,4.56,2.5,0.7,7.599999,0.0,0.0,0.0,0.0,0.0,28.8,23.9,23.8,25.2,-128.7,21.6,0.0,1.0,1.0,1.0,0.0,0.0,1.0,0.0,90.0,90.0,1
2025-04-14 09:13:55,16.18,4.57,2.5,0.7,8.0,0.0,0.0,0.0,0.0,0.0,28.8,23.9,23.8,25.2,-128.7,21.5,0.0,1.0,1.0,1.0,0.0,0.0,1.0,0.0,90.0,90.0,1
2025-04-14 09:13:56,16.16,4.56,2.5,0.7,7.5,0.0,0.0,0.0,0.0,0.0,28.8,23.9,23.8,25.2,-128.7,21.6,0.0,1.0,1.0,1.0,0.0,0.0,1.0,0.0,90.0,90.0,1
2025-04-14 09:13:57,16.18,4.56,2.5,0.7,7.099999,0.0,0.0,0.0,0.0,0.0,28.8,23.9,23.8,25.2,-128.7,21.5,0.0,1.0,1.0,1.0,0.0,0.0,1.0,0.0,90.0,90.0,1
2025-04-14 09:13:58,16.16,4.56,2.5,0.7,7.599999,0.0,0.0,0.0,0.0,0.0,28.8,23.9,23.8,25.2,-128.7,21.6,0.0,1.0,1.0,1.0,0.0,0.0,1.0,0.0,90.0,90.0,1
2025-04-14 09:13:59,16.18,4.56,2.5,0.8,7.5,0.0,0.0,0.0,0.0,0.0,28.8,23.9,23.8,25.2,-128.7,21.5,0.0,1.0,1.0,1.0,0.0,0.0,1.0,0.0,90.0,90.0,1
2025-04-14 09:14:00,16.16,4.56,2.5,0.7,7.2,0.0,0.0,0.0,0.0,0.0,28.8,23.9,23.9,25.2,-128.7,21.5,0.0,1.0,1.0,1.0,0.0,0.0,1.0,0.0,90.0,90.0,1
2025-04-14 09:14:01,16.15,4.56,2.5,0.7,7.2,0.0,0.0,0.0,0.0,0.0,28.8,23.9,23.9,25.2,-128.7,21.6,0.0,1.0,1.0,1.0,0.0,0.0,1.0,0.0,90.0,90.0,1
2025-04-14 09:14:02,16.15,4.56,2.5,0.7,7.3,0.0,0.0,0.0,0.0,0.0,28.8,23.9,23.9,25.2,-128.7,21.6,0.0,1.0,1.0,1.0,0.0,0.0,1.0,0.0,90.0,90.0,1
2025-04-14 09:14:03,16.14,4.56,2.5,0.8,7.8,0.0,0.0,0.0,0.0,0.0,28.8,23.9,23.9,25.2,-128.7,21.6,0.0,1.0,1.0,1.0,0.0,0.0,1.0,0.0,90.0,90.0,1
2025-04-14 09:14:04,16.15,4.56,2.5,0.7,7.7,0.0,0.0,0.0,0.0,0.0,28.8,23.9,23.9,25.2,-128.7,21.5,0.0,1.0,1.0,1.0,0.0,0.0,1.0,0.0,90.0,90.0,1
2025-04-14 09:14:05,16.15,4.56,2.5,0.8,7.7,0.0,0.0,0.0,0.0,0.0,28.8,23.9,23.9,25.2,-128.7,21.6,0.0,1.0,1.0,1.0,0.0,0.0,1.0,0.0,90.0,90.0,1
2025-04-14 09:14:06,16.15,4.56,2.5,0.7,7.7,0.0,0.0,0.0,0.0,0.0,28.8,23.9,23.9,25.2,-128.7,21.6,0.0,1.0,1.0,1.0,0.0,0.0,1.0,0.0,90.0,90.0,1
2025-04-14 09:14:07,16.14,4.56,2.5,0.8,7.8,0.0,0.0,0.0,0.0,0.0,28.8,23.9,23.9,25.2,-128.7,21.6,0.0,1.0,1.0,1.0,0.0,0.0,1.0,0.0,90.0,90.0,1
2025-04-14 09:14:08,16.14,4.56,2.5,0.7,7.599999,0.0,0.0,0.0,0.0,0.0,28.8,23.9,23.9,25.2,-128.7,21.6,0.0,1.0,1.0,1.0,0.0,0.0,1.0,0.0,90.0,90.0,1
2025-04-14 09:14:09,16.14,4.56,2.5,0.8,7.5,0.0,0.0,0.0,0.0,0.0,28.8,23.9,23.9,25.2,-128.7,21.6,0.0,1.0,1.0,1.0,0.0,0.0,1.0,0.0,90.0,90.0,1
2025-04-14 09:14:10,16.14,4.56,2.5,0.7,7.5,0.0,0.0,0.0,0.0,0.0,28.8,23.9,23.9,25.2,-128.7,21.6,0.0,1.0,1.0,1.0,0.0,0.0,1.0,0.0,90.0,90.0,1
2025-04-14 09:14:11,16.15,4.55,2.5,0.7,7.599999,0.0,0.0,0.0,0.0,0.0,28.8,23.9,23.9,25.2,-128.7,21.6,0.0,1.0,1.0,1.0,0.0,0.0,1.0,0.0,90.0,90.0,1
2025-04-14 09:14:12,16.15,4.55,2.5,0.7,7.0,0.0,0.0,0.0,0.0,0.0,28.8,23.9,23.9,25.2,-128.7,21.7,0.0,1.0,1.0,1.0,0.0,0.0,1.0,0.0,90.0,90.0,1
2025-04-14 09:14:13,16.14,4.55,2.5,0.7,7.3,0.0,0.0,0.0,0.0,0.0,28.8,23.9,23.9,25.2,-128.7,21.6,0.0,1.0,1.0,1.0,0.0,0.0,1.0,0.0,90.0,90.0,1
2025-04-14 09:14:14,16.14,4.56,2.5,0.7,7.5,0.0,0.0,0.0,0.0,0.0,28.8,23.9,23.9,25.2,-128.7,21.6,0.0,1.0,1.0,1.0,0.0,0.0,1.0,0.0,90.0,90.0,1
2025-04-14 09:14:15,16.14,4.55,2.5,0.7,6.9,0.0,0.0,0.0,0.0,0.0,28.8,23.9,23.9,25.2,-128.7,21.6,0.0,1.0,1.0,1.0,0.0,0.0,1.0,0.0,90.0,90.0,1
2025-04-14 09:14:16,16.15,4.56,2.5,0.7,7.5,0.0,0.0,0.0,0.0,0.0,28.8,23.9,23.9,25.2,-128.7,21.6,0.0,1.0,1.0,1.0,0.0,0.0,1.0,0.0,90.0,90.0,1
2025-04-14 09:14:17,16.14,4.55,2.5,0.7,7.099999,0.0,0.0,0.0,0.0,0.0,28.8,23.9,23.9,25.2,-128.7,21.6,0.0,1.0,1.0,1.0,0.0,0.0,1.0,0.0,90.0,90.0,1
2025-04-14 09:14:18,16.13,4.56,2.5,0.7,7.5,0.0,0.0,0.0,0.0,0.0,28.8,23.9,23.9,25.2,-128.7,21.6,0.0,1.0,1.0,1.0,0.0,0.0,1.0,0.0,90.0,90.0,1
2025-04-14 09:14:19,16.13,4.55,2.5,0.7,7.7,0.0,0.0,0.0,0.0,0.0,28.8,23.9,23.9,25.2,-128.7,21.7,0.0,1.0,1.0,1.0,0.0,0.0,1.0,0.0,90.0,90.0,1
2025-04-14 09:14:20,16.15,4.55,2.5,0.7,6.9,0.0,0.0,0.0,0.0,0.0,28.8,23.9,23.9,25.2,-128.7,21.6,0.0,1.0,1.0,1.0,0.0,0.0,1.0,0.0,90.0,90.0,1
2025-04-14 09:14:21,16.14,4.56,2.5,0.8,8.099999,0.0,0.0,0.0,0.0,0.0,28.8,23.9,23.9,25.2,-128.7,21.6,0.0,1.0,1.0,1.0,0.0,0.0,1.0,0.0,90.0,90.0,1
2025-04-14 09:14:22,16.13,4.56,2.5,0.7,7.599999,0.0,0.0,0.0,0.0,0.0,28.8,23.9,23.9,25.2,-128.7,21.6,0.0,1.0,1.0,1.0,0.0,0.0,1.0,0.0,90.0,90.0,1
2025-04-14 09:14:23,16.13,4.56,2.5,0.7,7.7,0.0,0.0,0.0,0.0,0.0,28.8,23.9,23.9,25.2,-128.7,21.6,0.0,1.0,1.0,1.0,0.0,0.0,1.0,0.0,90.0,90.0,1
2025-04-14 09:14:24,16.13,4.54,2.5,0.7,7.7,0.0,0.0,0.0,0.0,0.0,28.8,23.9,23.9,25.2,-128.7,21.7,0.0,1.0,1.0,1.0,0.0,0.0,1.0,0.0,90.0,90.0,1
2025-04-14 09:14:25,16.13,4.55,2.5,0.7,7.7,0.0,0.0,0.0,0.0,0.0,28.8,23.9,23.9,25.2,-128.7,21.6,0.0,1.0,1.0,1.0,0.0,0.0,1.0,0.0,90.0,90.0,1
2025-04-14 09:14:26,16.13,4.54,2.5,0.7,7.599999,0.0,0.0,0.0,0.0,0.0,28.8,23.9,23.9,25.2,-128.7,21.7,0.0,1.0,1.0,1.0,0.0,0.0,1.0,0.0,90.0,90.0,1
2025-04-14 09:14:27,16.13,4.56,2.5,0.7,7.7,0.0,0.0,0.0,0.0,0.0,28.8,23.9,23.9,25.2,-128.7,21.6,0.0,1.0,1.0,1.0,0.0,0.0,1.0,0.0,90.0,90.0,1
2025-04-14 09:14:28,16.13,4.55,2.5,0.7,6.9,0.0,0.0,0.0,0.0,0.0,28.8,23.9,23.9,25.3,-128.7,21.7,0.0,1.0,1.0,1.0,0.0,0.0,1.0,0.0,90.0,90.0,1
2025-04-14 09:14:29,16.13,4.55,2.5,0.7,7.0,0.0,0.0,0.0,0.0,0.0,28.8,23.9,23.9,25.3,-128.7,21.7,0.0,1.0,1.0,1.0,0.0,0.0,1.0,0.0,90.0,90.0,1
2025-04-14 09:14:30,16.14,4.56,2.5,0.7,7.5,0.0,0.0,0.0,0.0,0.0,28.8,23.9,23.9,25.3,-128.7,21.7,0.0,1.0,1.0,1.0,0.0,0.0,1.0,0.0,90.0,90.0,1
2025-04-14 09:14:31,16.13,4.54,2.5,0.7,7.4,0.0,0.0,0.0,0.0,0.0,28.8,23.9,23.9,25.3,-128.7,21.8,0.0,1.0,1.0,1.0,0.0,0.0,1.0,0.0,90.0,90.0,1
2025-04-14 09:14:32,16.13,4.56,2.4,0.7,7.099999,0.0,0.0,0.0,0.0,0.0,28.8,23.9,23.9,25.3,-128.7,21.7,0.0,1.0,1.0,1.0,0.0,0.0,1.0,0.0,90.0,90.0,1
2025-04-14 09:14:33,16.13,4.54,2.5,0.7,7.5,0.0,0.0,0.0,0.0,0.0,28.8,23.9,23.9,25.3,-128.7,21.8,0.0,1.0,1.0,1.0,0.0,0.0,1.0,0.0,90.0,90.0,1
2025-04-14 09:14:34,16.15,4.56,2.5,0.7,8.299999,0.0,0.0,0.0,0.0,0.0,28.8,23.9,24.0,25.3,-128.7,21.7,0.0,1.0,1.0,1.0,0.0,0.0,1.0,0.0,90.0,90.0,1
2025-04-14 09:14:35,16.14,4.55,2.5,0.7,7.3,0.0,0.0,0.0,0.0,0.0,28.8,23.9,24.0,25.3,-128.7,21.7,0.0,1.0,1.0,1.0,0.0,0.0,1.0,0.0,90.0,90.0,1
2025-04-14 09:14:36,16.16,4.55,2.5,0.7,8.0,0.0,0.0,0.0,0.0,0.0,28.8,23.9,24.0,25.3,-128.7,21.7,0.0,1.0,1.0,1.0,0.0,0.0,1.0,0.0,90.0,90.0,1
2025-04-14 09:14:37,16.14,4.55,2.5,0.7,7.0,0.0,0.0,0.0,0.0,0.0,28.8,23.9,24.0,25.3,-128.7,21.7,0.0,1.0,1.0,1.0,0.0,0.0,1.0,0.0,90.0,90.0,1
2025-04-14 09:14:38,16.15,4.54,2.5,0.7,7.0,0.0,0.0,0.0,0.0,0.0,28.8,23.9,24.0,25.3,-128.7,21.7,0.0,1.0,1.0,1.0,0.0,0.0,1.0,0.0,90.0,90.0,1
2025-04-14 09:14:39,16.15,4.56,2.5,0.7,7.599999,0.0,0.0,0.0,0.0,0.0,28.8,23.9,24.0,25.3,-128.7,21.7,0.0,1.0,1.0,1.0,0.0,0.0,1.0,0.0,90.0,90.0,1
2025-04-14 09:14:40,16.16,4.54,2.5,0.7,7.0,0.0,0.0,0.0,0.0,0.0,28.8,23.9,24.0,25.3,-128.7,21.7,0.0,1.0,1.0,1.0,0.0,0.0,1.0,0.0,90.0,90.0,1
2025-04-14 09:14:41,16.13,4.56,2.5,0.7,7.2,0.0,0.0,0.0,0.0,0.0,28.8,23.9,24.0,25.3,-128.7,21.7,0.0,1.0,1.0,1.0,0.0,0.0,1.0,0.0,90.0,90.0,1
2025-04-14 09:14:42,16.15,4.54,2.5,0.7,7.099999,0.0,0.0,0.0,0.0,0.0,28.8,23.9,24.0,25.3,-128.7,21.8,0.0,1.0,1.0,1.0,0.0,0.0,1.0,0.0,90.0,90.0,1
2025-04-14 09:14:43,16.14,4.56,2.5,0.7,7.0,0.0,0.0,0.0,0.0,0.0,28.8,23.9,24.0,25.3,-128.7,21.7,0.0,1.0,1.0,1.0,0.0,0.0,1.0,0.0,90.0,90.0,1
2025-04-14 09:14:44,16.16,4.56,2.5,0.7,7.2,0.0,0.0,0.0,0.0,0.0,28.8,23.9,24.0,25.3,-128.7,21.7,0.0,1.0,1.0,1.0,0.0,0.0,1.0,0.0,90.0,90.0,1
2025-04-14 09:14:45,16.15,4.54,2.5,0.7,6.8,0.0,0.0,0.0,0.0,0.0,28.8,23.9,24.0,25.3,-128.7,21.8,0.0,1.0,1.0,1.0,0.0,0.0,1.0,0.0,90.0,90.0,1
2025-04-14 09:14:46,16.14,4.56,2.5,0.7,7.8,0.0,0.0,0.0,0.0,0.0,28.8,23.9,24.0,25.3,-128.7,21.7,0.0,1.0,1.0,1.0,0.0,0.0,1.0,0.0,90.0,90.0,1
2025-04-14 09:14:47,16.15,4.55,2.5,0.7,7.4,0.0,0.0,0.0,0.0,0.0,28.8,23.9,24.0,25.3,-128.7,21.8,0.0,1.0,1.0,1.0,0.0,0.0,1.0,0.0,90.0,90.0,1
2025-04-14 09:14:48,16.15,4.56,2.5,0.7,7.5,0.0,0.0,0.0,0.0,0.0,28.9,23.9,24.0,25.3,-128.7,21.7,0.0,1.0,1.0,1.0,0.0,0.0,1.0,0.0,90.0,90.0,1
2025-04-14 09:14:49,16.15,4.56,2.5,0.7,7.3,0.0,0.0,0.0,0.0,0.0,28.9,23.9,24.0,25.3,-128.7,21.7,0.0,1.0,1.0,1.0,0.0,0.0,1.0,0.0,90.0,90.0,1
2025-04-14 09:14:50,16.15,4.56,2.5,0.7,6.8,0.0,0.0,0.0,0.0,0.0,28.9,23.9,24.0,25.3,-128.7,21.7,0.0,1.0,1.0,1.0,0.0,0.0,1.0,0.0,90.0,90.0,1
2025-04-14 09:14:51,16.15,4.56,2.5,0.7,7.099999,0.0,0.0,0.0,0.0,0.0,28.9,23.9,24.0,25.3,-128.7,21.7,0.0,1.0,1.0,1.0,0.0,0.0,1.0,0.0,90.0,90.0,1
2025-04-14 09:14:52,16.16,4.55,2.5,0.7,6.9,0.0,0.0,0.0,0.0,0.0,28.9,24.0,24.0,25.3,-128.7,21.7,0.0,1.0,1.0,1.0,0.0,0.0,1.0,0.0,90.0,90.0,1
2025-04-14 09:14:53,16.19,4.56,2.5,0.7,7.5,0.0,0.0,0.0,0.0,0.0,28.9,24.0,24.0,25.3,-128.7,21.7,0.0,1.0,1.0,1.0,0.0,0.0,1.0,0.0,90.0,90.0,1
2025-04-14 09:14:54,16.18,4.56,2.5,0.7,7.4,0.0,0.0,0.0,0.0,0.0,28.9,24.0,24.0,25.3,-128.7,21.7,0.0,1.0,1.0,1.0,0.0,0.0,1.0,0.0,90.0,90.0,1
2025-04-14 09:14:55,16.18,4.56,2.5,0.7,7.8,0.0,0.0,0.0,0.0,0.0,28.9,24.0,24.0,25.3,-128.7,21.7,0.0,1.0,1.0,1.0,0.0,0.0,1.0,0.0,90.0,90.0,1
2025-04-14 09:14:56,16.18,4.56,2.5,0.7,7.7,0.0,0.0,0.0,0.0,0.0,28.9,24.0,24.0,25.3,-128.7,21.7,0.0,1.0,1.0,1.0,0.0,0.0,1.0,0.0,90.0,90.0,1
2025-04-14 09:14:57,16.18,4.56,2.5,0.7,7.099999,0.0,0.0,0.0,0.0,0.0,28.9,24.0,24.0,25.3,-128.7,21.7,0.0,1.0,1.0,1.0,0.0,0.0,1.0,0.0,90.0,90.0,1
2025-04-14 09:14:58,16.18,4.57,2.5,0.7,6.8,0.0,0.0,0.0,0.0,0.0,28.9,24.0,24.0,25.3,-128.7,21.6,0.0,1.0,1.0,1.0,0.0,0.0,1.0,0.0,90.0,90.0,1
2025-04-14 09:14:59,16.2,4.56,2.5,0.7,7.099999,0.0,0.0,0.0,0.0,0.0,28.9,24.0,24.0,25.3,-128.7,21.7,0.0,1.0,1.0,1.0,0.0,0.0,1.0,0.0,90.0,90.0,1
2025-04-14 09:15:00,16.19,4.56,2.5,0.7,7.4,0.0,0.0,0.0,0.0,0.0,28.9,24.0,24.0,25.3,-128.7,21.5,0.0,1.0,1.0,1.0,0.0,0.0,1.0,0.0,90.0,90.0,1
2025-04-14 09:15:01,16.18,4.58,2.5,0.7,7.599999,0.0,0.0,0.0,0.0,0.0,28.9,24.0,24.0,25.3,-128.7,21.7,0.0,1.0,1.0,1.0,0.0,0.0,1.0,0.0,90.0,90.0,1
2025-04-14 09:15:02,16.16,4.56,2.5,0.7,7.4,0.0,0.0,0.0,0.0,0.0,28.9,24.0,24.0,25.3,-128.7,21.5,0.0,1.0,1.0,1.0,0.0,0.0,1.0,0.0,90.0,90.0,1
2025-04-14 09:15:03,16.18,4.58,2.5,0.7,7.599999,0.0,0.0,0.0,0.0,0.0,28.9,24.0,24.0,25.3,-128.7,21.5,0.0,1.0,1.0,1.0,0.0,0.0,1.0,0.0,90.0,90.0,1
2025-04-14 09:15:04,16.19,4.56,2.5,0.7,7.8,0.0,0.0,0.0,0.0,0.0,28.9,24.0,24.0,25.3,-128.7,21.7,0.0,1.0,1.0,1.0,0.0,0.0,1.0,0.0,90.0,90.0,1
2025-04-14 09:15:05,16.18,4.58,2.5,0.7,7.099999,0.0,0.0,0.0,0.0,0.0,28.9,24.0,24.0,25.3,-128.7,21.5,0.0,1.0,1.0,1.0,0.0,0.0,1.0,0.0,90.0,90.0,1
2025-04-14 09:15:06,16.19,4.57,2.5,0.7,7.0,0.0,0.0,0.0,0.0,0.0,28.9,24.0,24.0,25.3,-128.7,21.7,0.0,1.0,1.0,1.0,0.0,0.0,1.0,0.0,90.0,90.0,1
2025-04-14 09:15:07,16.2,4.56,2.5,0.7,7.2,0.0,0.0,0.0,0.0,0.0,28.9,24.0,24.0,25.3,-128.7,21.5,0.0,1.0,1.0,1.0,0.0,0.0,1.0,0.0,90.0,90.0,1
2025-04-14 09:15:08,16.19,4.58,2.5,0.7,7.599999,0.0,0.0,0.0,0.0,0.0,28.9,24.0,24.0,25.3,-128.7,21.7,0.0,1.0,1.0,1.0,0.0,0.0,1.0,0.0,90.0,90.0,1
2025-04-14 09:15:09,16.2,4.56,2.5,0.7,7.599999,0.0,0.0,0.0,0.0,0.0,28.9,24.0,24.0,25.3,-128.7,21.7,0.0,1.0,1.0,1.0,0.0,0.0,1.0,0.0,90.0,90.0,1
2025-04-14 09:15:10,16.2,4.58,2.5,0.7,6.9,0.0,0.0,0.0,0.0,0.0,28.9,24.0,24.0,25.3,-128.7,21.7,0.0,1.0,1.0,1.0,0.0,0.0,1.0,0.0,90.0,90.0,1
2025-04-14 09:15:11,16.2,4.56,2.5,0.7,6.9,0.0,0.0,0.0,0.0,0.0,28.9,24.0,24.0,25.3,-128.7,21.7,0.0,1.0,1.0,1.0,0.0,0.0,1.0,0.0,90.0,90.0,1
2025-04-14 09:15:12,16.2,4.56,2.5,0.7,7.2,0.0,0.0,0.0,0.0,0.0,28.9,24.0,24.0,25.3,-128.7,21.5,0.0,1.0,1.0,1.0,0.0,0.0,1.0,0.0,90.0,90.0,1
2025-04-14 09:15:13,16.19,4.57,2.6,0.7,7.0,0.0,0.0,0.0,0.0,0.0,28.9,24.0,23.9,25.3,-128.7,21.7,0.0,1.0,1.0,1.0,0.0,0.0,1.0,0.0,90.0,90.0,1
2025-04-14 09:15:14,16.2,4.56,2.5,0.7,7.5,0.0,0.0,0.0,0.0,0.0,28.9,24.0,23.9,25.3,-128.7,21.5,0.0,1.0,1.0,1.0,0.0,0.0,1.0,0.0,90.0,90.0,1
2025-04-14 09:15:15,16.2,4.59,2.5,0.8,7.099999,0.0,0.0,0.0,0.0,0.0,28.9,24.0,23.9,25.3,-128.7,21.6,0.0,1.0,1.0,1.0,0.0,0.0,1.0,0.0,90.0,90.0,1
2025-04-14 09:15:16,16.19,4.57,2.5,0.7,7.599999,0.0,0.0,0.0,0.0,0.0,28.8,24.0,23.9,25.3,-128.7,21.6,0.0,1.0,1.0,1.0,0.0,0.0,1.0,0.0,90.0,90.0,1
2025-04-14 09:15:17,16.19,4.59,2.5,0.7,8.0,0.0,0.0,0.0,0.0,0.0,28.8,24.0,23.9,25.3,-128.7,21.5,0.0,1.0,1.0,1.0,0.0,0.0,1.0,0.0,90.0,90.0,1
2025-04-14 09:15:18,16.19,4.57,2.5,0.7,7.099999,0.0,0.0,0.0,0.0,0.0,28.8,24.0,23.9,25.3,-128.7,21.6,0.0,1.0,1.0,1.0,0.0,0.0,1.0,0.0,90.0,90.0,1
2025-04-14 09:15:19,16.19,4.58,2.5,0.7,7.0,0.0,0.0,0.0,0.0,0.0,28.8,24.0,23.9,25.3,-128.7,21.5,0.0,1.0,1.0,1.0,0.0,0.0,1.0,0.0,90.0,90.0,1
2025-04-14 09:15:20,16.19,4.59,2.5,0.8,7.0,0.0,0.0,0.0,0.0,0.0,28.9,24.0,23.9,25.3,-128.7,21.5,0.0,1.0,1.0,1.0,0.0,0.0,1.0,0.0,90.0,90.0,1
2025-04-14 09:15:21,16.2,4.57,2.5,0.7,7.9,0.0,0.0,0.0,0.0,0.0,28.9,24.0,23.9,25.3,-128.7,21.5,0.0,1.0,1.0,1.0,0.0,0.0,1.0,0.0,90.0,90.0,1
2025-04-14 09:15:22,16.2,4.59,2.5,0.7,7.5,0.0,0.0,0.0,0.0,0.0,28.9,24.0,23.9,25.3,-128.7,21.5,0.0,1.0,1.0,1.0,0.0,0.0,1.0,0.0,90.0,90.0,1
2025-04-14 09:15:23,16.2,4.57,2.5,0.8,7.9,0.0,0.0,0.0,0.0,0.0,28.9,24.0,23.9,25.3,-128.7,21.6,0.0,1.0,1.0,1.0,0.0,0.0,1.0,0.0,90.0,90.0,1
2025-04-14 09:15:24,16.22,4.59,2.5,0.7,7.099999,0.0,0.0,0.0,0.0,0.0,28.9,24.0,23.9,25.4,-128.7,21.6,0.0,1.0,1.0,1.0,0.0,0.0,1.0,0.0,90.0,90.0,1
2025-04-14 09:15:25,16.21,4.57,2.5,0.7,6.7,0.0,0.0,0.0,0.0,0.0,28.9,24.0,23.9,25.4,-128.7,21.7,0.0,1.0,1.0,1.0,0.0,0.0,1.0,0.0,90.0,90.0,1
2025-04-14 09:15:26,16.21,4.58,2.5,0.7,7.599999,0.0,0.0,0.0,0.0,0.0,28.9,24.0,23.9,25.4,-128.7,21.6,0.0,1.0,1.0,1.0,0.0,0.0,1.0,0.0,90.0,90.0,1
2025-04-14 09:15:27,16.2,4.58,2.5,0.7,7.4,0.0,0.0,0.0,0.0,0.0,28.9,24.0,23.9,25.4,-128.7,21.6,0.0,1.0,1.0,1.0,0.0,0.0,1.0,0.0,90.0,90.0,1
2025-04-14 09:15:28,16.21,4.57,2.5,0.8,6.9,0.0,0.0,0.0,0.0,0.0,28.9,24.0,23.9,25.4,-128.7,21.6,0.0,1.0,1.0,1.0,0.0,0.0,1.0,0.0,90.0,90.0,1
2025-04-14 09:15:29,16.21,4.59,2.5,0.7,7.4,0.0,0.0,0.0,0.0,0.0,28.9,24.0,23.9,25.4,-128.7,21.6,0.0,1.0,1.0,1.0,0.0,0.0,1.0,0.0,90.0,90.0,1
2025-04-14 09:15:30,16.21,4.58,2.5,0.7,7.599999,0.0,0.0,0.0,0.0,0.0,28.9,24.0,23.9,25.4,-128.7,21.7,0.0,1.0,1.0,1.0,0.0,0.0,1.0,0.0,90.0,90.0,1
2025-04-14 09:15:31,16.21,4.59,2.5,0.7,7.4,0.0,0.0,0.0,0.0,0.0,28.9,24.0,23.9,25.4,-128.7,21.6,0.0,1.0,1.0,1.0,0.0,0.0,1.0,0.0,90.0,90.0,1
2025-04-14 09:15:32,16.2,4.58,2.5,0.7,7.599999,0.0,0.0,0.0,0.0,0.0,28.9,24.0,23.9,25.4,-128.7,21.6,0.0,1.0,1.0,1.0,0.0,0.0,1.0,0.0,90.0,90.0,1
2025-04-14 09:15:33,16.19,4.58,2.5,0.7,8.0,0.0,0.0,0.0,0.0,0.0,28.9,24.0,23.9,25.4,-128.7,21.7,0.0,1.0,1.0,1.0,0.0,0.0,1.0,0.0,90.0,90.0,1
2025-04-14 09:15:34,16.2,4.59,2.5,0.7,7.099999,0.0,0.0,0.0,0.0,0.0,28.9,24.0,23.9,25.4,-128.7,21.6,0.0,1.0,1.0,1.0,0.0,0.0,1.0,0.0,90.0,90.0,1
2025-04-14 09:15:35,16.2,4.58,2.5,0.7,7.0,0.0,0.0,0.0,0.0,0.0,28.9,24.0,23.9,25.4,-128.7,21.6,0.0,1.0,1.0,1.0,0.0,0.0,1.0,0.0,90.0,90.0,1
2025-04-14 09:15:36,16.2,4.59,2.5,0.7,7.8,0.0,0.0,0.0,0.0,0.0,28.9,24.0,23.9,25.4,-128.7,21.6,0.0,1.0,1.0,1.0,0.0,0.0,1.0,0.0,90.0,90.0,1
2025-04-14 09:15:37,16.2,4.59,2.5,0.7,7.5,0.0,0.0,0.0,0.0,0.0,28.9,24.0,23.9,25.4,-128.7,21.7,0.0,1.0,1.0,1.0,0.0,0.0,1.0,0.0,90.0,90.0,1
2025-04-14 09:15:38,16.22,4.58,2.5,0.8,8.299999,0.0,0.0,0.0,0.0,0.0,28.9,24.0,23.9,25.4,-128.7,21.6,0.0,1.0,1.0,1.0,0.0,0.0,1.0,0.0,90.0,90.0,1
2025-04-14 09:15:39,16.2,4.59,2.5,0.7,7.099999,0.0,0.0,0.0,0.0,0.0,28.9,24.0,23.9,25.4,-128.7,21.6,0.0,1.0,1.0,1.0,0.0,0.0,1.0,0.0,90.0,90.0,1
2025-04-14 09:15:40,16.21,4.58,2.5,0.7,6.9,0.0,0.0,0.0,0.0,0.0,28.9,24.0,23.9,25.4,-128.7,21.6,0.0,1.0,1.0,1.0,0.0,0.0,1.0,0.0,90.0,90.0,1
2025-04-14 09:15:41,16.2,4.59,2.5,0.7,6.9,0.0,0.0,0.0,0.0,0.0,28.9,24.0,23.8,25.4,-128.7,21.6,0.0,1.0,1.0,1.0,0.0,0.0,1.0,0.0,90.0,90.0,1
2025-04-14 09:15:42,16.22,4.57,2.5,0.7,7.0,0.0,0.0,0.0,0.0,0.0,28.9,24.0,23.8,25.4,-128.7,21.7,0.0,1.0,1.0,1.0,0.0,0.0,1.0,0.0,90.0,90.0,1
2025-04-14 09:15:43,16.22,4.58,2.5,0.7,7.2,0.0,0.0,0.0,0.0,0.0,28.9,24.0,23.8,25.4,-128.7,21.6,0.0,1.0,1.0,1.0,0.0,0.0,1.0,0.0,90.0,90.0,1
2025-04-14 09:15:44,16.24,4.58,2.5,0.7,8.299999,0.0,0.0,0.0,0.0,0.0,28.9,24.0,23.8,25.4,-128.7,21.7,0.0,1.0,1.0,1.0,0.0,0.0,1.0,0.0,90.0,90.0,1
2025-04-14 09:15:45,16.21,4.59,2.5,0.7,7.3,0.0,0.0,0.0,0.0,0.0,28.9,24.0,23.8,25.4,-128.7,21.6,0.0,1.0,1.0,1.0,0.0,0.0,1.0,0.0,90.0,90.0,1
2025-04-14 09:15:46,16.22,4.58,2.5,0.7,7.8,0.0,0.0,0.0,0.0,0.0,28.9,24.0,23.8,25.4,-128.7,21.7,0.0,1.0,1.0,1.0,0.0,0.0,1.0,0.0,90.0,90.0,1
2025-04-14 09:15:47,16.21,4.58,2.5,0.7,7.4,0.0,0.0,0.0,0.0,0.0,28.9,24.0,23.8,25.4,-128.7,21.7,0.0,1.0,1.0,1.0,0.0,0.0,1.0,0.0,90.0,90.0,1
2025-04-14 09:15:48,16.21,4.59,2.6,0.8,7.5,0.0,0.0,0.0,0.0,0.0,28.9,24.0,23.8,25.4,-128.7,21.6,0.0,1.0,1.0,1.0,0.0,0.0,1.0,0.0,90.0,90.0,1
2025-04-14 09:15:49,16.21,4.58,2.5,0.7,7.2,0.0,0.0,0.0,0.0,0.0,28.9,24.0,23.8,25.4,-128.7,21.6,0.0,1.0,1.0,1.0,0.0,0.0,1.0,0.0,90.0,90.0,1
2025-04-14 09:15:50,16.2,4.59,2.5,0.7,7.5,0.0,0.0,0.0,0.0,0.0,28.9,24.0,23.8,25.4,-128.7,21.6,0.0,1.0,1.0,1.0,0.0,0.0,1.0,0.0,90.0,90.0,1
2025-04-14 09:15:51,16.21,4.58,2.5,0.8,7.599999,0.0,0.0,0.0,0.0,0.0,28.9,24.0,23.8,25.4,-128.7,21.7,0.0,1.0,1.0,1.0,0.0,0.0,1.0,0.0,90.0,90.0,1
2025-04-14 09:15:52,16.21,4.58,2.6,0.7,7.8,0.0,0.0,0.0,0.0,0.0,28.9,24.0,23.8,25.4,-128.7,21.6,0.0,1.0,1.0,1.0,0.0,0.0,1.0,0.0,90.0,90.0,1
2025-04-14 09:15:53,16.2,4.58,2.5,0.7,6.7,0.0,0.0,0.0,0.0,0.0,28.9,24.0,23.8,25.4,-128.7,21.6,0.0,1.0,1.0,1.0,0.0,0.0,1.0,0.0,90.0,90.0,1
2025-04-14 09:15:54,16.21,4.58,2.5,0.7,7.4,0.0,0.0,0.0,0.0,0.0,28.9,24.0,23.8,25.4,-128.7,21.6,0.0,1.0,1.0,1.0,0.0,0.0,1.0,0.0,90.0,90.0,1
2025-04-14 09:15:55,16.19,4.59,2.5,0.7,7.099999,0.0,0.0,0.0,0.0,0.0,28.9,24.0,23.8,25.4,-128.7,21.6,0.0,1.0,1.0,1.0,0.0,0.0,1.0,0.0,90.0,90.0,1
2025-04-14 09:15:56,16.19,4.57,2.5,0.7,7.4,0.0,0.0,0.0,0.0,0.0,28.9,24.0,23.8,25.4,-128.7,21.7,0.0,1.0,1.0,1.0,0.0,0.0,1.0,0.0,90.0,90.0,1
2025-04-14 09:15:57,16.19,4.59,2.6,0.7,7.0,0.0,0.0,0.0,0.0,0.0,28.9,24.0,23.8,25.4,-128.7,21.6,0.0,1.0,1.0,1.0,0.0,0.0,1.0,0.0,90.0,90.0,1
2025-04-14 09:15:58,16.2,4.57,2.5,0.8,7.0,0.0,0.0,0.0,0.0,0.0,28.9,24.0,23.7,25.4,-128.7,21.7,0.0,1.0,1.0,1.0,0.0,0.0,1.0,0.0,90.0,90.0,1
2025-04-14 09:15:59,16.19,4.58,2.6,0.7,7.2,0.0,0.0,0.0,0.0,0.0,28.9,24.0,23.7,25.4,-128.7,21.6,0.0,1.0,1.0,1.0,0.0,0.0,1.0,0.0,90.0,90.0,1
2025-04-14 09:16:00,16.2,4.58,2.5,0.7,7.2,0.0,0.0,0.0,0.0,0.0,28.9,24.0,23.7,25.4,-128.7,21.6,0.0,1.0,1.0,1.0,0.0,0.0,1.0,0.0,90.0,90.0,1
2025-04-14 09:16:01,16.2,4.58,2.5,0.8,7.0,0.0,0.0,0.0,0.0,0.0,28.9,24.0,23.7,25.4,-128.7,21.6,0.0,1.0,1.0,1.0,0.0,0.0,1.0,0.0,90.0,90.0,1
2025-04-14 09:16:02,16.2,4.58,2.5,0.7,7.3,0.0,0.0,0.0,0.0,0.0,28.9,24.0,23.7,25.4,-128.7,21.6,0.0,1.0,1.0,1.0,0.0,0.0,1.0,0.0,90.0,90.0,1
2025-04-14 09:16:03,16.21,4.57,2.5,0.7,7.599999,0.0,0.0,0.0,0.0,0.0,28.9,24.0,23.7,25.4,-128.7,21.7,0.0,1.0,1.0,1.0,0.0,0.0,1.0,0.0,90.0,90.0,1
2025-04-14 09:16:04,16.2,4.58,2.5,0.7,7.7,0.0,0.0,0.0,0.0,0.0,28.9,24.0,23.7,25.4,-128.7,21.6,0.0,1.0,1.0,1.0,0.0,0.0,1.0,0.0,90.0,90.0,1
2025-04-14 09:16:05,16.2,4.57,2.5,0.7,6.9,0.0,0.0,0.0,0.0,0.0,28.9,24.0,23.7,25.4,-128.7,21.7,0.0,1.0,1.0,1.0,0.0,0.0,1.0,0.0,90.0,90.0,1
2025-04-14 09:16:06,16.2,4.57,2.5,0.7,7.4,0.0,0.0,0.0,0.0,0.0,28.9,24.0,23.7,25.4,-128.7,21.7,0.0,1.0,1.0,1.0,0.0,0.0,1.0,0.0,90.0,90.0,1
2025-04-14 09:16:07,16.2,4.58,2.5,0.7,7.5,0.0,0.0,0.0,0.0,0.0,28.9,24.0,23.7,25.4,-128.7,21.7,0.0,1.0,1.0,1.0,0.0,0.0,1.0,0.0,90.0,90.0,1
2025-04-14 09:16:08,16.21,4.57,2.5,0.7,7.7,0.0,0.0,0.0,0.0,0.0,28.9,24.0,23.7,25.4,-128.7,21.7,0.0,1.0,1.0,1.0,0.0,0.0,1.0,0.0,90.0,90.0,1
2025-04-14 09:16:09,16.2,4.59,2.5,0.8,7.4,0.0,0.0,0.0,0.0,0.0,28.9,24.0,23.7,25.4,-128.7,21.6,0.0,1.0,1.0,1.0,0.0,0.0,1.0,0.0,90.0,90.0,1
2025-04-14 09:16:10,16.19,4.56,2.5,0.7,7.7,0.0,0.0,0.0,0.0,0.0,28.9,24.0,23.7,25.4,-128.7,21.7,0.0,1.0,1.0,1.0,0.0,0.0,1.0,0.0,90.0,90.0,1
2025-04-14 09:16:11,16.18,4.57,2.5,0.7,7.5,0.0,0.0,0.0,0.0,0.0,28.9,24.0,23.7,25.4,-128.7,21.6,0.0,1.0,1.0,1.0,0.0,0.0,1.0,0.0,90.0,90.0,1
2025-04-14 09:16:12,16.18,4.58,2.5,0.8,7.5,0.0,0.0,0.0,0.0,0.0,28.9,24.0,23.7,25.4,-128.7,21.8,0.0,1.0,1.0,1.0,0.0,0.0,1.0,0.0,90.0,90.0,1
2025-04-14 09:16:13,16.18,4.57,2.5,0.7,8.0,0.0,0.0,0.0,0.0,0.0,28.9,24.0,23.7,25.4,-128.7,21.6,0.0,1.0,1.0,1.0,0.0,0.0,1.0,0.0,90.0,90.0,1
2025-04-14 09:16:14,16.18,4.59,2.5,0.8,7.9,0.0,0.0,0.0,0.0,0.0,28.9,24.0,23.7,25.4,-128.7,21.6,0.0,1.0,1.0,1.0,0.0,0.0,1.0,0.0,90.0,90.0,1
2025-04-14 09:16:15,16.18,4.57,2.5,0.8,6.9,0.0,0.0,0.0,0.0,0.0,28.9,24.0,23.6,25.4,-128.7,21.8,0.0,1.0,1.0,1.0,0.0,0.0,1.0,0.0,90.0,90.0,1
2025-04-14 09:16:16,16.19,4.57,2.5,0.7,7.3,0.0,0.0,0.0,0.0,0.0,28.9,24.0,23.6,25.4,-128.7,21.7,0.0,1.0,1.0,1.0,0.0,0.0,1.0,0.0,90.0,90.0,1
2025-04-14 09:16:17,16.19,4.58,2.5,0.8,6.8,0.0,0.0,0.0,0.0,0.0,28.9,24.0,23.6,25.4,-128.7,21.7,0.0,1.0,1.0,1.0,0.0,0.0,1.0,0.0,90.0,90.0,1
2025-04-14 09:16:18,16.18,4.56,2.5,0.7,7.5,0.0,0.0,0.0,0.0,0.0,28.9,24.0,23.6,25.4,-128.7,21.8,0.0,1.0,1.0,1.0,0.0,0.0,1.0,0.0,90.0,90.0,1
2025-04-14 09:16:19,16.19,4.57,2.5,0.7,7.5,0.0,0.0,0.0,0.0,0.0,28.9,24.0,23.6,25.4,-128.7,21.6,0.0,1.0,1.0,1.0,0.0,0.0,1.0,0.0,90.0,90.0,1
2025-04-14 09:16:20,16.18,4.57,2.5,0.7,7.099999,0.0,0.0,0.0,0.0,0.0,28.9,24.0,23.6,25.4,-128.7,21.8,0.0,1.0,1.0,1.0,0.0,0.0,1.0,0.0,90.0,90.0,1
2025-04-14 09:16:21,16.18,4.56,2.5,0.7,7.2,0.0,0.0,0.0,0.0,0.0,28.9,24.0,23.6,25.4,-128.7,21.7,0.0,1.0,1.0,1.0,0.0,0.0,1.0,0.0,90.0,90.0,1
2025-04-14 09:16:22,16.19,4.58,2.5,0.7,7.099999,0.0,0.0,0.0,0.0,0.0,28.9,24.0,23.6,25.4,-128.7,21.6,0.0,1.0,1.0,1.0,0.0,0.0,1.0,0.0,90.0,90.0,1
2025-04-14 09:16:23,16.18,4.56,2.5,0.7,7.2,0.0,0.0,0.0,0.0,0.0,28.9,24.0,23.6,25.4,-128.7,21.8,0.0,1.0,1.0,1.0,0.0,0.0,1.0,0.0,90.0,90.0,1
2025-04-14 09:16:24,16.2,4.56,2.5,0.7,7.5,0.0,0.0,0.0,0.0,0.0,28.9,24.0,23.6,25.4,-128.7,21.8,0.0,1.0,1.0,1.0,0.0,0.0,1.0,0.0,90.0,90.0,1
2025-04-14 09:16:25,16.19,4.58,2.5,0.7,7.4,0.0,0.0,0.0,0.0,0.0,28.9,24.0,23.6,25.4,-128.7,21.7,0.0,1.0,1.0,1.0,0.0,0.0,1.0,0.0,90.0,90.0,1
2025-04-14 09:16:26,16.19,4.56,2.6,0.7,7.4,0.0,0.0,0.0,0.0,0.0,28.9,24.0,23.6,25.4,-128.7,21.8,0.0,1.0,1.0,1.0,0.0,0.0,1.0,0.0,90.0,90.0,1
2025-04-14 09:16:27,16.2,4.56,2.5,0.8,8.0,0.0,0.0,0.0,0.0,0.0,28.9,24.0,23.6,25.4,-128.7,21.7,0.0,1.0,1.0,1.0,0.0,0.0,1.0,0.0,90.0,90.0,1
2025-04-14 09:16:28,16.2,4.57,2.5,0.8,7.7,0.0,0.0,0.0,0.0,0.0,28.9,24.0,23.6,25.4,-128.7,21.8,0.0,1.0,1.0,1.0,0.0,0.0,1.0,0.0,90.0,90.0,1
2025-04-14 09:16:29,16.19,4.56,2.5,0.8,7.8,0.0,0.0,0.0,0.0,0.0,28.9,24.0,23.6,25.4,-128.7,21.8,0.0,1.0,1.0,1.0,0.0,0.0,1.0,0.0,90.0,90.0,1
2025-04-14 09:16:30,16.18,4.57,2.5,0.7,7.7,0.0,0.0,0.0,0.0,0.0,28.9,24.0,23.6,25.4,-128.7,21.7,0.0,1.0,1.0,1.0,0.0,0.0,1.0,0.0,90.0,90.0,1
2025-04-14 09:16:31,16.18,4.56,2.5,0.7,7.0,0.0,0.0,0.0,0.0,0.0,28.9,24.0,23.6,25.4,-128.7,21.8,0.0,1.0,1.0,1.0,0.0,0.0,1.0,0.0,90.0,90.0,1
2025-04-14 09:16:32,16.18,4.56,2.5,0.8,6.7,0.0,0.0,0.0,0.0,0.0,28.9,24.0,23.6,25.4,-128.7,21.6,0.0,1.0,1.0,1.0,0.0,0.0,1.0,0.0,90.0,90.0,1
2025-04-14 09:16:33,16.18,4.56,2.5,0.7,8.099999,0.0,0.0,0.0,0.0,0.0,28.9,24.0,23.6,25.4,-128.7,21.8,0.0,1.0,1.0,1.0,0.0,0.0,1.0,0.0,90.0,90.0,1
2025-04-14 09:16:34,16.18,4.56,2.5,0.7,7.5,0.0,0.0,0.0,0.0,0.0,28.9,24.0,23.6,25.4,-128.7,21.8,0.0,1.0,1.0,1.0,0.0,0.0,1.0,0.0,90.0,90.0,1
2025-04-14 09:16:35,16.19,4.57,2.5,0.8,7.5,0.0,0.0,0.0,0.0,0.0,28.9,24.0,23.6,25.4,-128.7,21.7,0.0,1.0,1.0,1.0,0.0,0.0,1.0,0.0,90.0,90.0,1
2025-04-14 09:16:36,16.18,4.56,2.5,0.7,6.9,0.0,0.0,0.0,0.0,0.0,28.9,24.0,23.6,25.4,-128.7,21.8,0.0,1.0,1.0,1.0,0.0,0.0,1.0,0.0,90.0,90.0,1
2025-04-14 09:16:37,16.19,4.57,2.6,0.7,7.2,0.0,0.0,0.0,0.0,0.0,28.9,24.0,23.6,25.4,-128.7,21.7,0.0,1.0,1.0,1.0,0.0,0.0,1.0,0.0,90.0,90.0,1
2025-04-14 09:16:38,16.19,4.57,2.5,0.7,7.0,0.0,0.0,0.0,0.0,0.0,28.9,24.0,23.6,25.4,-128.7,21.7,0.0,1.0,1.0,1.0,0.0,0.0,1.0,0.0,90.0,90.0,1
2025-04-14 09:16:39,16.19,4.56,2.5,0.7,7.5,0.0,0.0,0.0,0.0,0.0,28.9,24.0,23.6,25.4,-128.7,21.8,0.0,1.0,1.0,1.0,0.0,0.0,1.0,0.0,90.0,90.0,1
2025-04-14 09:16:40,16.18,4.57,2.5,0.7,7.5,0.0,0.0,0.0,0.0,0.0,28.9,24.0,23.6,25.4,-128.7,21.6,0.0,1.0,1.0,1.0,0.0,0.0,1.0,0.0,90.0,90.0,1
2025-04-14 09:16:41,16.18,4.57,2.5,0.7,7.2,0.0,0.0,0.0,0.0,0.0,28.9,24.0,23.5,25.4,-128.7,21.8,0.0,1.0,1.0,1.0,0.0,0.0,1.0,0.0,90.0,90.0,1
2025-04-14 09:16:42,16.18,4.56,2.5,0.7,7.099999,0.0,0.0,0.0,0.0,0.0,28.9,24.0,23.5,25.4,-128.7,21.7,0.0,1.0,1.0,1.0,0.0,0.0,1.0,0.0,90.0,90.0,1
2025-04-14 09:16:43,16.15,4.57,2.5,0.7,7.0,0.0,0.0,0.0,0.0,0.0,28.9,24.0,23.5,25.4,-128.7,21.7,0.0,1.0,1.0,1.0,0.0,0.0,1.0,0.0,90.0,90.0,1
2025-04-14 09:16:44,16.16,4.56,2.5,0.7,8.099999,0.0,0.0,0.0,0.0,0.0,28.9,24.0,23.5,25.4,-128.7,21.8,0.0,1.0,1.0,1.0,0.0,0.0,1.0,0.0,90.0,90.0,1
2025-04-14 09:16:45,16.18,4.57,2.5,0.7,7.4,0.0,0.0,0.0,0.0,0.0,28.9,24.0,23.5,25.4,-128.7,21.7,0.0,1.0,1.0,1.0,0.0,0.0,1.0,0.0,90.0,90.0,1
2025-04-14 09:16:46,16.19,4.57,2.5,0.7,7.5,0.0,0.0,0.0,0.0,0.0,28.9,24.0,23.5,25.4,-128.7,21.8,0.0,1.0,1.0,1.0,0.0,0.0,1.0,0.0,90.0,90.0,1
2025-04-14 09:16:47,16.19,4.56,2.5,0.7,7.3,0.0,0.0,0.0,0.0,0.0,28.9,24.0,23.5,25.4,-128.7,21.8,0.0,1.0,1.0,1.0,0.0,0.0,1.0,0.0,90.0,90.0,1
2025-04-14 09:16:48,16.18,4.57,2.5,0.7,7.0,0.0,0.0,0.0,0.0,0.0,28.9,24.0,23.5,25.4,-128.7,21.7,0.0,1.0,1.0,1.0,0.0,0.0,1.0,0.0,90.0,90.0,1
2025-04-14 09:16:49,16.18,4.56,2.5,0.7,7.599999,0.0,0.0,0.0,0.0,0.0,28.9,24.0,23.5,25.4,-128.7,21.8,0.0,1.0,1.0,1.0,0.0,0.0,1.0,0.0,90.0,90.0,1
2025-04-14 09:16:50,16.18,4.56,2.5,0.7,7.2,0.0,0.0,0.0,0.0,0.0,28.9,24.0,23.5,25.4,-128.7,21.8,0.0,1.0,1.0,1.0,0.0,0.0,1.0,0.0,90.0,90.0,1
2025-04-14 09:16:51,16.16,4.57,2.5,0.7,7.4,0.0,0.0,0.0,0.0,0.0,28.9,24.0,23.5,25.4,-128.7,21.7,0.0,1.0,1.0,1.0,0.0,0.0,1.0,0.0,90.0,90.0,1
2025-04-14 09:16:52,16.18,4.56,2.5,0.7,7.599999,0.0,0.0,0.0,0.0,0.0,28.9,24.0,23.5,25.4,-128.7,21.8,0.0,1.0,1.0,1.0,0.0,0.0,1.0,0.0,90.0,90.0,1
2025-04-14 09:16:53,16.16,4.56,2.5,0.7,7.599999,0.0,0.0,0.0,0.0,0.0,28.9,24.0,23.5,25.4,-128.7,21.7,0.0,1.0,1.0,1.0,0.0,0.0,1.0,0.0,90.0,90.0,1
2025-04-14 09:16:54,16.18,4.57,2.5,0.7,7.2,0.0,0.0,0.0,0.0,0.0,28.9,24.0,23.5,25.4,-128.7,21.8,0.0,1.0,1.0,1.0,0.0,0.0,1.0,0.0,90.0,90.0,1
2025-04-14 09:16:55,16.18,4.56,2.5,0.7,7.3,0.0,0.0,0.0,0.0,0.0,28.9,24.0,23.5,25.4,-128.7,21.7,0.0,1.0,1.0,1.0,0.0,0.0,1.0,0.0,90.0,90.0,1
2025-04-14 09:16:56,16.18,4.57,2.5,0.8,7.8,0.0,0.0,0.0,0.0,0.0,28.9,24.0,23.5,25.4,-128.7,21.8,0.0,1.0,1.0,1.0,0.0,0.0,1.0,0.0,90.0,90.0,1
2025-04-14 09:16:57,16.19,4.56,2.6,0.7,6.5,0.0,0.0,0.0,0.0,0.0,28.9,24.0,23.5,25.3,-128.7,21.7,0.0,1.0,1.0,1.0,0.0,0.0,1.0,0.0,90.0,90.0,1
2025-04-14 09:16:58,16.18,4.57,2.5,0.8,7.8,0.0,0.0,0.0,0.0,0.0,28.9,24.0,23.5,25.3,-128.7,21.6,0.0,1.0,1.0,1.0,0.0,0.0,1.0,0.0,90.0,90.0,1
2025-04-14 09:16:59,16.18,4.55,2.5,0.7,7.2,0.0,0.0,0.0,0.0,0.0,28.9,24.0,23.5,25.3,-128.7,21.7,0.0,1.0,1.0,1.0,0.0,0.0,1.0,0.0,90.0,90.0,1
2025-04-14 09:17:00,16.18,4.57,2.5,0.8,7.0,0.0,0.0,0.0,0.0,0.0,28.9,24.0,23.5,25.3,-128.7,21.6,0.0,1.0,1.0,1.0,0.0,0.0,1.0,0.0,90.0,90.0,1
2025-04-14 09:17:01,16.18,4.57,2.5,0.7,6.7,0.0,0.0,0.0,0.0,0.0,28.9,24.0,23.5,25.3,-128.7,21.7,0.0,1.0,1.0,1.0,0.0,0.0,1.0,0.0,90.0,90.0,1
2025-04-14 09:17:02,16.19,4.56,2.5,0.7,7.4,0.0,0.0,0.0,0.0,0.0,28.9,24.0,23.5,25.3,-128.7,21.7,0.0,1.0,1.0,1.0,0.0,0.0,1.0,0.0,90.0,90.0,1
2025-04-14 09:17:03,16.18,4.57,2.5,0.7,8.0,0.0,0.0,0.0,0.0,0.0,28.9,24.0,23.5,25.3,-128.7,21.7,0.0,1.0,1.0,1.0,0.0,0.0,1.0,0.0,90.0,90.0,1
2025-04-14 09:17:04,16.15,4.55,2.5,0.7,7.599999,0.0,0.0,0.0,0.0,0.0,28.9,24.0,23.5,25.3,-128.7,21.7,0.0,1.0,1.0,1.0,0.0,0.0,1.0,0.0,90.0,90.0,1
2025-04-14 09:17:05,16.18,4.57,2.5,0.7,7.4,0.0,0.0,0.0,0.0,0.0,28.9,24.0,23.5,25.3,-128.7,21.7,0.0,1.0,1.0,1.0,0.0,0.0,1.0,0.0,90.0,90.0,1
2025-04-14 09:17:06,16.18,4.56,2.5,0.8,7.5,0.0,0.0,0.0,0.0,0.0,28.9,24.0,23.5,25.3,-128.7,21.7,0.0,1.0,1.0,1.0,0.0,0.0,1.0,0.0,90.0,90.0,1
2025-04-14 09:17:07,16.18,4.56,2.5,0.7,7.099999,0.0,0.0,0.0,0.0,0.0,28.9,24.0,23.4,25.3,-128.7,21.6,0.0,1.0,1.0,1.0,0.0,0.0,1.0,0.0,90.0,90.0,1
2025-04-14 09:17:08,16.16,4.56,2.5,0.8,6.4,0.0,0.0,0.0,0.0,0.0,28.9,24.0,23.4,25.3,-128.7,21.7,0.0,1.0,1.0,1.0,0.0,0.0,1.0,0.0,90.0,90.0,1
2025-04-14 09:17:09,16.18,4.56,2.5,0.7,7.3,0.0,0.0,0.0,0.0,0.0,28.9,24.0,23.4,25.3,-128.7,21.6,0.0,1.0,1.0,1.0,0.0,0.0,1.0,0.0,90.0,90.0,1
2025-04-14 09:17:10,16.18,4.57,2.6,0.8,7.4,0.0,0.0,0.0,0.0,0.0,28.9,24.0,23.4,25.3,-128.7,21.7,0.0,1.0,1.0,1.0,0.0,0.0,1.0,0.0,90.0,90.0,1
2025-04-14 09:17:11,16.18,4.56,2.5,0.7,7.8,0.0,0.0,0.0,0.0,0.0,28.9,24.0,23.4,25.3,-128.7,21.6,0.0,1.0,1.0,1.0,0.0,0.0,1.0,0.0,90.0,90.0,1
2025-04-14 09:17:12,16.18,4.58,2.5,0.7,7.4,0.0,0.0,0.0,0.0,0.0,28.9,24.0,23.4,25.3,-128.7,21.6,0.0,1.0,1.0,1.0,0.0,0.0,1.0,0.0,90.0,90.0,1
2025-04-14 09:17:13,16.18,4.56,2.5,0.7,6.9,0.0,0.0,0.0,0.0,0.0,28.9,24.0,23.4,25.3,-128.7,21.7,0.0,1.0,1.0,1.0,0.0,0.0,1.0,0.0,90.0,90.0,1
2025-04-14 09:17:14,16.16,4.57,2.5,0.7,7.5,0.0,0.0,0.0,0.0,0.0,28.9,24.0,23.4,25.3,-128.7,21.6,0.0,1.0,1.0,1.0,0.0,0.0,1.0,0.0,90.0,90.0,1
2025-04-14 09:17:15,16.18,4.56,2.5,0.7,7.599999,0.0,0.0,0.0,0.0,0.0,28.9,24.0,23.4,25.3,-128.7,21.7,0.0,1.0,1.0,1.0,0.0,0.0,1.0,0.0,90.0,90.0,1
2025-04-14 09:17:16,16.18,4.56,2.5,0.7,7.7,0.0,0.0,0.0,0.0,0.0,28.9,24.0,23.4,25.3,-128.7,21.6,0.0,1.0,1.0,1.0,0.0,0.0,1.0,0.0,90.0,90.0,1
2025-04-14 09:17:17,16.19,4.58,2.5,0.7,8.2,0.0,0.0,0.0,0.0,0.0,28.9,24.0,23.4,25.3,-128.7,21.7,0.0,1.0,1.0,1.0,0.0,0.0,1.0,0.0,90.0,90.0,1
2025-04-14 09:17:18,16.18,4.56,2.5,0.7,7.9,0.0,0.0,0.0,0.0,0.0,28.9,24.0,23.4,25.3,-128.7,21.7,0.0,1.0,1.0,1.0,0.0,0.0,1.0,0.0,90.0,90.0,1
2025-04-14 09:17:19,16.19,4.58,2.5,0.7,7.099999,0.0,0.0,0.0,0.0,0.0,28.9,24.0,23.4,25.3,-128.7,21.5,0.0,1.0,1.0,1.0,0.0,0.0,1.0,0.0,90.0,90.0,1
2025-04-14 09:17:20,16.19,4.56,2.5,0.7,7.2,0.0,0.0,0.0,0.0,0.0,28.9,24.0,23.4,25.3,-128.7,21.7,0.0,1.0,1.0,1.0,0.0,0.0,1.0,0.0,90.0,90.0,1
2025-04-14 09:17:21,16.2,4.57,2.5,0.7,7.7,0.0,0.0,0.0,0.0,0.0,28.9,24.0,23.4,25.3,-128.7,21.6,0.0,1.0,1.0,1.0,0.0,0.0,1.0,0.0,90.0,90.0,1
2025-04-14 09:17:22,16.2,4.57,2.5,0.7,7.7,0.0,0.0,0.0,0.0,0.0,28.9,24.0,23.4,25.3,-128.7,21.7,0.0,1.0,1.0,1.0,0.0,0.0,1.0,0.0,90.0,90.0,1
2025-04-14 09:17:23,16.2,4.57,2.5,0.7,6.8,0.0,0.0,0.0,0.0,0.0,28.9,24.1,23.4,25.3,-128.7,21.6,0.0,1.0,1.0,1.0,0.0,0.0,1.0,0.0,90.0,90.0,1
2025-04-14 09:17:24,16.2,4.57,2.5,0.7,7.4,0.0,0.0,0.0,0.0,0.0,28.9,24.1,23.4,25.3,-128.7,21.7,0.0,1.0,1.0,1.0,0.0,0.0,1.0,0.0,90.0,90.0,1
2025-04-14 09:17:25,16.2,4.56,2.5,0.7,7.0,0.0,0.0,0.0,0.0,0.0,28.9,24.1,23.4,25.3,-128.7,21.7,0.0,1.0,1.0,1.0,0.0,0.0,1.0,0.0,90.0,90.0,1
2025-04-14 09:17:26,16.2,4.58,2.5,0.8,7.599999,0.0,0.0,0.0,0.0,0.0,28.9,24.1,23.4,25.3,-128.7,21.7,0.0,1.0,1.0,1.0,0.0,0.0,1.0,0.0,90.0,90.0,1
2025-04-14 09:17:27,16.19,4.56,2.5,0.7,7.599999,0.0,0.0,0.0,0.0,0.0,28.9,24.1,23.4,25.3,-128.7,21.7,0.0,1.0,1.0,1.0,0.0,0.0,1.0,0.0,90.0,90.0,1
2025-04-14 09:17:28,16.18,4.57,2.5,0.7,7.8,0.0,0.0,0.0,0.0,0.0,28.9,24.1,23.4,25.3,-128.7,21.5,0.0,1.0,1.0,1.0,0.0,0.0,1.0,0.0,90.0,90.0,1
2025-04-14 09:17:29,16.19,4.56,2.5,0.7,6.8,0.0,0.0,0.0,0.0,0.0,28.9,24.1,23.4,25.3,-128.7,21.7,0.0,1.0,1.0,1.0,0.0,0.0,1.0,0.0,90.0,90.0,1
2025-04-14 09:17:30,16.19,4.56,2.5,0.7,7.099999,0.0,0.0,0.0,0.0,0.0,28.9,24.1,23.4,25.3,-128.7,21.5,0.0,1.0,1.0,1.0,0.0,0.0,1.0,0.0,90.0,90.0,1
2025-04-14 09:17:31,16.18,4.58,2.5,0.7,7.3,0.0,0.0,0.0,0.0,0.0,28.9,24.1,23.4,25.3,-128.7,21.6,0.0,1.0,1.0,1.0,0.0,0.0,1.0,0.0,90.0,90.0,1
2025-04-14 09:17:32,16.18,4.56,2.5,0.7,7.7,0.0,0.0,0.0,0.0,0.0,28.9,24.1,23.4,25.3,-128.7,21.5,0.0,1.0,1.0,1.0,0.0,0.0,1.0,0.0,90.0,90.0,1
2025-04-14 09:17:33,16.18,4.58,2.5,0.7,7.4,0.0,0.0,0.0,0.0,0.0,28.9,24.1,23.4,25.3,-128.7,21.6,0.0,1.0,1.0,1.0,0.0,0.0,1.0,0.0,90.0,90.0,1
2025-04-14 09:17:34,16.18,4.56,2.6,0.8,7.0,0.0,0.0,0.0,0.0,0.0,28.9,24.1,23.4,25.3,-128.7,21.6,0.0,1.0,1.0,1.0,0.0,0.0,1.0,0.0,90.0,90.0,1
2025-04-14 09:17:35,16.18,4.58,2.5,0.7,7.2,0.0,0.0,0.0,0.0,0.0,28.9,24.1,23.4,25.3,-128.7,21.5,0.0,1.0,1.0,1.0,0.0,0.0,1.0,0.0,90.0,90.0,1
2025-04-14 09:17:36,16.18,4.57,2.5,0.7,6.8,0.0,0.0,0.0,0.0,0.0,28.9,24.1,23.4,25.3,-128.7,21.7,0.0,1.0,1.0,1.0,0.0,0.0,1.0,0.0,90.0,90.0,1
2025-04-14 09:17:37,16.18,4.58,2.6,0.7,7.5,0.0,0.0,0.0,0.0,0.0,28.9,24.1,23.4,25.3,-128.7,21.6,0.0,1.0,1.0,1.0,0.0,0.0,1.0,0.0,90.0,90.0,1
2025-04-14 09:17:38,16.18,4.58,2.5,0.7,7.4,0.0,0.0,0.0,0.0,0.0,28.9,24.1,23.4,25.3,-128.7,21.7,0.0,1.0,1.0,1.0,0.0,0.0,1.0,0.0,90.0,90.0,1
2025-04-14 09:17:39,16.2,4.57,2.6,0.8,8.099999,0.0,0.0,0.0,0.0,0.0,28.9,24.1,23.4,25.3,-128.7,21.6,0.0,1.0,1.0,1.0,0.0,0.0,1.0,0.0,90.0,90.0,1
2025-04-14 09:17:40,16.19,4.57,2.5,0.7,7.0,0.0,0.0,0.0,0.0,0.0,28.9,24.1,23.4,25.3,-128.7,21.7,0.0,1.0,1.0,1.0,0.0,0.0,1.0,0.0,90.0,90.0,1
2025-04-14 09:17:41,16.18,4.56,2.6,0.7,7.0,0.0,0.0,0.0,0.0,0.0,28.9,24.1,23.4,25.3,-128.7,21.7,0.0,1.0,1.0,1.0,0.0,0.0,1.0,0.0,90.0,90.0,1
2025-04-14 09:17:42,16.2,4.59,2.5,0.7,7.7,0.0,0.0,0.0,0.0,0.0,28.9,24.1,23.4,25.3,-128.7,21.5,0.0,1.0,1.0,1.0,0.0,0.0,1.0,0.0,90.0,90.0,1
2025-04-14 09:17:43,16.2,4.56,2.5,0.7,7.7,0.0,0.0,0.0,0.0,0.0,28.9,24.1,23.4,25.3,-128.7,21.7,0.0,1.0,1.0,1.0,0.0,0.0,1.0,0.0,90.0,90.0,1
2025-04-14 09:17:44,16.2,4.57,2.5,0.7,7.7,0.0,0.0,0.0,0.0,0.0,28.9,24.1,23.4,25.3,-128.7,21.5,0.0,1.0,1.0,1.0,0.0,0.0,1.0,0.0,90.0,90.0,1
2025-04-14 09:17:45,16.19,4.56,2.5,0.7,7.099999,0.0,0.0,0.0,0.0,0.0,28.9,24.1,23.4,25.3,-128.7,21.7,0.0,1.0,1.0,1.0,0.0,0.0,1.0,0.0,90.0,90.0,1
2025-04-14 09:17:46,16.18,4.56,2.5,0.7,7.5,0.0,0.0,0.0,0.0,0.0,28.9,24.1,23.4,25.3,-128.7,21.5,0.0,1.0,1.0,1.0,0.0,0.0,1.0,0.0,90.0,90.0,1
2025-04-14 09:17:47,16.19,4.58,2.5,0.8,7.0,0.0,0.0,0.0,0.0,0.0,28.9,24.1,23.4,25.3,-128.7,21.6,0.0,1.0,1.0,1.0,0.0,0.0,1.0,0.0,90.0,90.0,1
2025-04-14 09:17:48,16.2,4.56,2.5,0.7,7.099999,0.0,0.0,0.0,0.0,0.0,28.9,24.1,23.3,25.3,-128.7,21.6,0.0,1.0,1.0,1.0,0.0,0.0,1.0,0.0,90.0,90.0,1
2025-04-14 09:17:49,16.2,4.58,2.5,0.7,7.8,0.0,0.0,0.0,0.0,0.0,28.9,24.1,23.3,25.3,-128.7,21.5,0.0,1.0,1.0,1.0,0.0,0.0,1.0,0.0,90.0,90.0,1
2025-04-14 09:17:50,16.18,4.57,2.5,0.7,7.5,0.0,0.0,0.0,0.0,0.0,28.9,24.1,23.3,25.3,-128.7,21.7,0.0,1.0,1.0,1.0,0.0,0.0,1.0,0.0,90.0,90.0,1
2025-04-14 09:17:51,16.2,4.59,2.5,0.7,7.2,0.0,0.0,0.0,0.0,0.0,28.9,24.1,23.3,25.3,-128.7,21.5,0.0,1.0,1.0,1.0,0.0,0.0,1.0,0.0,90.0,90.0,1
2025-04-14 09:17:52,16.18,4.59,2.5,0.7,7.5,0.0,0.0,0.0,0.0,0.0,28.9,24.1,23.3,25.3,-128.7,21.6,0.0,1.0,1.0,1.0,0.0,0.0,1.0,0.0,90.0,90.0,1
2025-04-14 09:17:53,16.18,4.57,2.5,0.7,7.4,0.0,0.0,0.0,0.0,0.0,28.9,24.1,23.3,25.3,-128.7,21.5,0.0,1.0,1.0,1.0,0.0,0.0,1.0,0.0,90.0,90.0,1
2025-04-14 09:17:54,16.19,4.58,2.5,0.7,7.4,0.0,0.0,0.0,0.0,0.0,28.9,24.1,23.3,25.3,-128.7,21.7,0.0,1.0,1.0,1.0,0.0,0.0,1.0,0.0,90.0,90.0,1
2025-04-14 09:17:55,16.2,4.56,2.5,0.8,7.4,0.0,0.0,0.0,0.0,0.0,28.9,24.1,23.3,25.3,-128.7,21.7,0.0,1.0,1.0,1.0,0.0,0.0,1.0,0.0,90.0,90.0,1
2025-04-14 09:17:56,16.18,4.59,2.5,0.7,6.9,0.0,0.0,0.0,0.0,0.0,28.9,24.1,23.3,25.3,-128.7,21.5,0.0,1.0,1.0,1.0,0.0,0.0,1.0,0.0,90.0,90.0,1
2025-04-14 09:17:57,16.19,4.56,2.5,0.7,7.4,0.0,0.0,0.0,0.0,0.0,28.9,24.1,23.3,25.3,-128.7,21.7,0.0,1.0,1.0,1.0,0.0,0.0,1.0,0.0,90.0,90.0,1
2025-04-14 09:17:58,16.2,4.57,2.5,0.7,7.4,0.0,0.0,0.0,0.0,0.0,28.9,24.1,23.3,25.3,-128.7,21.5,0.0,1.0,1.0,1.0,0.0,0.0,1.0,0.0,90.0,90.0,1
2025-04-14 09:17:59,16.22,4.58,2.5,0.7,7.4,0.0,0.0,0.0,0.0,0.0,28.9,24.1,23.3,25.3,-128.7,21.6,0.0,1.0,1.0,1.0,0.0,0.0,1.0,0.0,90.0,90.0,1
2025-04-14 09:18:00,16.2,4.56,2.5,0.7,7.599999,0.0,0.0,0.0,0.0,0.0,28.9,24.1,23.3,25.3,-128.7,21.5,0.0,1.0,1.0,1.0,0.0,0.0,1.0,0.0,90.0,90.0,1
2025-04-14 09:18:01,16.2,4.58,2.5,0.7,7.599999,0.0,0.0,0.0,0.0,0.0,28.9,24.1,23.3,25.3,-128.7,21.6,0.0,1.0,1.0,1.0,0.0,0.0,1.0,0.0,90.0,90.0,1
2025-04-14 09:18:02,16.2,4.57,2.5,0.7,7.0,0.0,0.0,0.0,0.0,0.0,28.9,24.1,23.3,25.3,-128.7,21.6,0.0,1.0,1.0,1.0,0.0,0.0,1.0,0.0,90.0,90.0,1
2025-04-14 09:18:03,16.22,4.59,2.5,0.7,7.5,0.0,0.0,0.0,0.0,0.0,28.9,24.1,23.3,25.3,-128.7,21.5,0.0,1.0,1.0,1.0,0.0,0.0,1.0,0.0,90.0,90.0,1
2025-04-14 09:18:04,16.2,4.57,2.5,0.7,7.099999,0.0,0.0,0.0,0.0,0.0,28.9,24.1,23.3,25.3,-128.7,21.6,0.0,1.0,1.0,1.0,0.0,0.0,1.0,0.0,90.0,90.0,1
2025-04-14 09:18:05,16.2,4.59,2.5,0.7,7.0,0.0,0.0,0.0,0.0,0.0,28.9,24.1,23.3,25.3,-128.7,21.5,0.0,1.0,1.0,1.0,0.0,0.0,1.0,0.0,90.0,90.0,1
2025-04-14 09:18:06,16.2,4.59,2.5,0.7,7.0,0.0,0.0,0.0,0.0,0.0,28.9,24.1,23.3,25.3,-128.7,21.6,0.0,1.0,1.0,1.0,0.0,0.0,1.0,0.0,90.0,90.0,1
2025-04-14 09:18:07,16.22,4.58,2.5,0.7,7.7,0.0,0.0,0.0,0.0,0.0,28.9,24.1,23.3,25.3,-128.7,21.5,0.0,1.0,1.0,1.0,0.0,0.0,1.0,0.0,90.0,90.0,1
2025-04-14 09:18:08,16.22,4.59,2.5,0.7,7.3,0.0,0.0,0.0,0.0,0.0,28.9,24.1,23.3,25.3,-128.7,21.5,0.0,1.0,1.0,1.0,0.0,0.0,1.0,0.0,90.0,90.0,1
2025-04-14 09:18:09,16.24,4.58,2.5,0.7,7.099999,0.0,0.0,0.0,0.0,0.0,28.9,24.1,23.3,25.3,-128.7,21.5,0.0,1.0,1.0,1.0,0.0,0.0,1.0,0.0,90.0,90.0,1
2025-04-14 09:18:10,16.22,4.59,2.5,0.7,7.599999,0.0,0.0,0.0,0.0,0.0,28.9,24.1,23.3,25.3,-128.7,21.5,0.0,1.0,1.0,1.0,0.0,0.0,1.0,0.0,90.0,90.0,1
2025-04-14 09:18:11,16.22,4.58,2.5,0.7,7.9,0.0,0.0,0.0,0.0,0.0,28.9,24.1,23.3,25.3,-128.7,21.5,0.0,1.0,1.0,1.0,0.0,0.0,1.0,0.0,90.0,90.0,1
2025-04-14 09:18:12,16.24,4.59,2.5,0.8,7.2,0.0,0.0,0.0,0.0,0.0,28.9,24.1,23.3,25.3,-128.7,21.4,0.0,1.0,1.0,1.0,0.0,0.0,1.0,0.0,90.0,90.0,1
2025-04-14 09:18:13,16.22,4.59,2.5,0.7,7.0,0.0,0.0,0.0,0.0,0.0,28.9,24.1,23.3,25.3,-128.7,21.5,0.0,1.0,1.0,1.0,0.0,0.0,1.0,0.0,90.0,90.0,1
2025-04-14 09:18:14,16.21,4.59,2.5,0.7,7.4,0.0,0.0,0.0,0.0,0.0,28.9,24.1,23.3,25.3,-128.7,21.4,0.0,1.0,1.0,1.0,0.0,0.0,1.0,0.0,90.0,90.0,1
2025-04-14 09:18:15,16.22,4.6,2.5,0.7,7.8,0.0,0.0,0.0,0.0,0.0,28.9,24.1,23.3,25.3,-128.7,21.5,0.0,1.0,1.0,1.0,0.0,0.0,1.0,0.0,90.0,90.0,1
2025-04-14 09:18:16,16.24,4.59,2.5,0.7,7.599999,0.0,0.0,0.0,0.0,0.0,28.9,24.1,23.3,25.3,-128.7,21.5,0.0,1.0,1.0,1.0,0.0,0.0,1.0,0.0,90.0,90.0,1
2025-04-14 09:18:17,16.24,4.6,2.5,0.7,6.9,0.0,0.0,0.0,0.0,0.0,28.9,24.1,23.3,25.3,-128.7,21.4,0.0,1.0,1.0,1.0,0.0,0.0,1.0,0.0,90.0,90.0,1
2025-04-14 09:18:18,16.22,4.59,2.5,0.7,7.3,0.0,0.0,0.0,0.0,0.0,28.9,24.1,23.3,25.3,-128.7,21.5,0.0,1.0,1.0,1.0,0.0,0.0,1.0,0.0,90.0,90.0,1
2025-04-14 09:18:19,16.24,4.6,2.5,0.7,7.5,0.0,0.0,0.0,0.0,0.0,28.9,24.1,23.3,25.3,-128.7,21.4,0.0,1.0,1.0,1.0,0.0,0.0,1.0,0.0,90.0,90.0,1
2025-04-14 09:18:20,16.22,4.6,2.5,0.7,7.599999,0.0,0.0,0.0,0.0,0.0,28.9,24.1,23.3,25.3,-128.7,21.5,0.0,1.0,1.0,1.0,0.0,0.0,1.0,0.0,90.0,90.0,1
2025-04-14 09:18:21,16.25,4.59,2.5,0.7,7.4,0.0,0.0,0.0,0.0,0.0,28.9,24.1,23.3,25.3,-128.7,21.4,0.0,1.0,1.0,1.0,0.0,0.0,1.0,0.0,90.0,90.0,1
2025-04-14 09:18:22,16.24,4.6,2.5,0.8,7.7,0.0,0.0,0.0,0.0,0.0,28.9,24.1,23.3,25.3,-128.7,21.5,0.0,1.0,1.0,1.0,0.0,0.0,1.0,0.0,90.0,90.0,1
2025-04-14 09:18:23,16.26,4.59,2.5,0.7,7.5,0.0,0.0,0.0,0.0,0.0,28.9,24.1,23.3,25.3,-128.7,21.5,0.0,1.0,1.0,1.0,0.0,0.0,1.0,0.0,90.0,90.0,1
2025-04-14 09:18:24,16.26,4.6,2.5,0.7,7.8,0.0,0.0,0.0,0.0,0.0,28.9,24.1,23.3,25.3,-128.7,21.4,0.0,1.0,1.0,1.0,0.0,0.0,1.0,0.0,90.0,90.0,1
2025-04-14 09:18:25,16.25,4.59,2.5,0.7,7.0,0.0,0.0,0.0,0.0,0.0,28.9,24.1,23.3,25.3,-128.7,21.5,0.0,1.0,1.0,1.0,0.0,0.0,1.0,0.0,90.0,90.0,1
2025-04-14 09:18:26,16.25,4.6,2.5,0.7,7.2,0.0,0.0,0.0,0.0,0.0,28.9,24.1,23.3,25.3,-128.7,21.4,0.0,1.0,1.0,1.0,0.0,0.0,1.0,0.0,90.0,90.0,1
2025-04-14 09:18:27,16.25,4.59,2.5,0.7,7.7,0.0,0.0,0.0,0.0,0.0,28.9,24.1,23.3,25.3,-128.7,21.5,0.0,1.0,1.0,1.0,0.0,0.0,1.0,0.0,90.0,90.0,1
2025-04-14 09:18:28,16.25,4.6,2.5,0.7,7.599999,0.0,0.0,0.0,0.0,0.0,28.9,24.1,23.3,25.3,-128.7,21.4,0.0,1.0,1.0,1.0,0.0,0.0,1.0,0.0,90.0,90.0,1
2025-04-14 09:18:29,16.25,4.6,2.5,0.7,7.599999,0.0,0.0,0.0,0.0,0.0,28.9,24.1,23.4,25.3,-128.7,21.5,0.0,1.0,1.0,1.0,0.0,0.0,1.0,0.0,90.0,90.0,1
2025-04-14 09:18:30,16.24,4.59,2.5,0.7,7.099999,0.0,0.0,0.0,0.0,0.0,28.9,24.1,23.4,25.3,-128.7,21.4,0.0,1.0,1.0,1.0,0.0,0.0,1.0,0.0,90.0,90.0,1
2025-04-14 09:18:31,16.25,4.6,2.5,0.7,6.8,0.0,0.0,0.0,0.0,0.0,28.9,24.1,23.4,25.3,-128.7,21.5,0.0,1.0,1.0,1.0,0.0,0.0,1.0,0.0,90.0,90.0,1
2025-04-14 09:18:32,16.24,4.59,2.5,0.7,7.2,0.0,0.0,0.0,0.0,0.0,28.9,24.1,23.4,25.3,-128.7,21.5,0.0,1.0,1.0,1.0,0.0,0.0,1.0,0.0,90.0,90.0,1
2025-04-14 09:18:33,16.22,4.62,2.5,0.7,7.599999,0.0,0.0,0.0,0.0,0.0,28.9,24.1,23.4,25.3,-128.7,21.4,0.0,1.0,1.0,1.0,0.0,0.0,1.0,0.0,90.0,90.0,1
2025-04-14 09:18:34,16.24,4.6,2.5,0.7,7.599999,0.0,0.0,0.0,0.0,0.0,28.9,24.1,23.4,25.3,-128.7,21.5,0.0,1.0,1.0,1.0,0.0,0.0,1.0,0.0,90.0,90.0,1
2025-04-14 09:18:35,16.24,4.6,2.5,0.7,7.8,0.0,0.0,0.0,0.0,0.0,28.9,24.1,23.4,25.3,-128.7,21.4,0.0,1.0,1.0,1.0,0.0,0.0,1.0,0.0,90.0,90.0,1
2025-04-14 09:18:36,16.22,4.6,2.5,0.7,7.4,0.0,0.0,0.0,0.0,0.0,28.9,24.1,23.4,25.3,-128.7,21.5,0.0,1.0,1.0,1.0,0.0,0.0,1.0,0.0,90.0,90.0,1
2025-04-14 09:18:37,16.25,4.59,2.5,0.8,7.599999,0.0,0.0,0.0,0.0,0.0,28.9,24.1,23.4,25.3,-128.7,21.5,0.0,1.0,1.0,1.0,0.0,0.0,1.0,0.0,90.0,90.0,1
2025-04-14 09:18:38,16.25,4.61,2.5,0.7,8.2,0.0,0.0,0.0,0.0,0.0,28.9,24.1,23.4,25.3,-128.7,21.4,0.0,1.0,1.0,1.0,0.0,0.0,1.0,0.0,90.0,90.0,1
2025-04-14 09:18:39,16.25,4.59,2.5,0.7,7.4,0.0,0.0,0.0,0.0,0.0,28.9,24.1,23.4,25.3,-128.7,21.5,0.0,1.0,1.0,1.0,0.0,0.0,1.0,0.0,90.0,90.0,1
2025-04-14 09:18:40,16.24,4.59,2.5,0.7,8.0,0.0,0.0,0.0,0.0,0.0,28.9,24.1,23.4,25.3,-128.7,21.4,0.0,1.0,1.0,1.0,0.0,0.0,1.0,0.0,90.0,90.0,1
2025-04-14 09:18:41,16.25,4.6,2.5,0.7,7.599999,0.0,0.0,0.0,0.0,0.0,28.9,24.1,23.4,25.3,-128.7,21.4,0.0,1.0,1.0,1.0,0.0,0.0,1.0,0.0,90.0,90.0,1
2025-04-14 09:18:42,16.25,4.6,2.5,0.7,7.5,0.0,0.0,0.0,0.0,0.0,28.9,24.1,23.4,25.3,-128.7,21.5,0.0,1.0,1.0,1.0,0.0,0.0,1.0,0.0,90.0,90.0,1
2025-04-14 09:18:43,16.25,4.6,2.5,0.7,7.0,0.0,0.0,0.0,0.0,0.0,28.9,24.1,23.4,25.3,-128.7,21.4,0.0,1.0,1.0,1.0,0.0,0.0,1.0,0.0,90.0,90.0,1
2025-04-14 09:18:44,16.24,4.6,2.5,0.7,6.7,0.0,0.0,0.0,0.0,0.0,28.9,24.1,23.4,25.3,-128.7,21.5,0.0,1.0,1.0,1.0,0.0,0.0,1.0,0.0,90.0,90.0,1
2025-04-14 09:18:45,16.24,4.59,2.5,0.7,7.599999,0.0,0.0,0.0,0.0,0.0,28.9,24.1,23.4,25.3,-128.7,21.4,0.0,1.0,1.0,1.0,0.0,0.0,1.0,0.0,90.0,90.0,1
2025-04-14 09:18:46,16.24,4.61,2.5,0.8,7.9,0.0,0.0,0.0,0.0,0.0,28.9,24.1,23.4,25.3,-128.7,21.4,0.0,1.0,1.0,1.0,0.0,0.0,1.0,0.0,90.0,90.0,1
2025-04-14 09:18:47,16.24,4.59,2.5,0.7,7.5,0.0,0.0,0.0,0.0,0.0,28.9,24.1,23.4,25.3,-128.7,21.5,0.0,1.0,1.0,1.0,0.0,0.0,1.0,0.0,90.0,90.0,1
2025-04-14 09:18:48,16.24,4.59,2.5,0.7,7.7,0.0,0.0,0.0,0.0,0.0,28.9,24.1,23.4,25.3,-128.7,21.4,0.0,1.0,1.0,1.0,0.0,0.0,1.0,0.0,90.0,90.0,1
2025-04-14 09:18:49,16.26,4.59,2.5,0.7,6.599999,0.0,0.0,0.0,0.0,0.0,28.9,24.1,23.4,25.3,-128.7,21.5,0.0,1.0,1.0,1.0,0.0,0.0,1.0,0.0,90.0,90.0,1
2025-04-14 09:18:50,16.25,4.59,2.5,0.7,6.5,0.0,0.0,0.0,0.0,0.0,28.9,24.1,23.4,25.3,-128.7,21.4,0.0,1.0,1.0,1.0,0.0,0.0,1.0,0.0,90.0,90.0,1
2025-04-14 09:18:51,16.25,4.6,2.5,0.7,7.599999,0.0,0.0,0.0,0.0,0.0,28.9,24.1,23.4,25.3,-128.7,21.5,0.0,1.0,1.0,1.0,0.0,0.0,1.0,0.0,90.0,90.0,1
2025-04-14 09:18:52,16.25,4.59,2.5,0.7,8.099999,0.0,0.0,0.0,0.0,0.0,28.9,24.1,23.5,25.3,-128.7,21.5,0.0,1.0,1.0,1.0,0.0,0.0,1.0,0.0,90.0,90.0,1
2025-04-14 09:18:53,16.26,4.6,2.5,0.7,7.599999,0.0,0.0,0.0,0.0,0.0,28.9,24.1,23.5,25.3,-128.7,21.4,0.0,1.0,1.0,1.0,0.0,0.0,1.0,0.0,90.0,90.0,1
2025-04-14 09:18:54,16.25,4.59,2.5,0.7,7.2,0.0,0.0,0.0,0.0,0.0,28.9,24.1,23.5,25.3,-128.7,21.5,0.0,1.0,1.0,1.0,0.0,0.0,1.0,0.0,90.0,90.0,1
2025-04-14 09:18:55,16.24,4.59,2.5,0.7,7.8,0.0,0.0,0.0,0.0,0.0,28.9,24.1,23.5,25.3,-128.7,21.5,0.0,1.0,1.0,1.0,0.0,0.0,1.0,0.0,90.0,90.0,1
2025-04-14 09:18:56,16.25,4.59,2.5,0.7,7.3,0.0,0.0,0.0,0.0,0.0,28.9,24.1,23.5,25.3,-128.7,21.5,0.0,1.0,1.0,1.0,0.0,0.0,1.0,0.0,90.0,90.0,1
2025-04-14 09:18:57,16.24,4.58,2.5,0.7,7.8,0.0,0.0,0.0,0.0,0.0,28.9,24.1,23.5,25.3,-128.7,21.5,0.0,1.0,1.0,1.0,0.0,0.0,1.0,0.0,90.0,90.0,1
2025-04-14 09:18:58,16.24,4.59,2.5,0.7,8.0,0.0,0.0,0.0,0.0,0.0,28.9,24.1,23.5,25.3,-128.7,21.5,0.0,1.0,1.0,1.0,0.0,0.0,1.0,0.0,90.0,90.0,1
2025-04-14 09:18:59,16.25,4.58,2.5,0.7,7.7,0.0,0.0,0.0,0.0,0.0,28.9,24.1,23.5,25.3,-128.7,21.5,0.0,1.0,1.0,1.0,0.0,0.0,1.0,0.0,90.0,90.0,1
2025-04-14 09:19:00,16.25,4.6,2.5,0.7,6.9,0.0,0.0,0.0,0.0,0.0,28.9,24.1,23.5,25.3,-128.7,21.4,0.0,1.0,1.0,1.0,0.0,0.0,1.0,0.0,90.0,90.0,1
2025-04-14 09:19:01,16.24,4.58,2.5,0.7,8.2,0.0,0.0,0.0,0.0,0.0,28.9,24.1,23.5,25.3,-128.7,21.5,0.0,1.0,1.0,1.0,0.0,0.0,1.0,0.0,90.0,90.0,1
2025-04-14 09:19:02,16.25,4.59,2.5,0.7,7.5,0.0,0.0,0.0,0.0,0.0,28.9,24.1,23.5,25.3,-128.7,21.4,0.0,1.0,1.0,1.0,0.0,0.0,1.0,0.0,90.0,90.0,1
2025-04-14 09:19:03,16.25,4.6,2.5,0.7,7.599999,0.0,0.0,0.0,0.0,0.0,28.9,24.1,23.5,25.3,-128.7,21.5,0.0,1.0,1.0,1.0,0.0,0.0,1.0,0.0,90.0,90.0,1
2025-04-14 09:19:04,16.25,4.59,2.5,0.8,7.099999,0.0,0.0,0.0,0.0,0.0,28.9,24.1,23.5,25.3,-128.7,21.4,0.0,1.0,1.0,1.0,0.0,0.0,1.0,0.0,90.0,90.0,1
2025-04-14 09:19:05,16.24,4.61,2.5,0.7,7.3,0.0,0.0,0.0,0.0,0.0,28.9,24.1,23.5,25.3,-128.7,21.5,0.0,1.0,1.0,1.0,0.0,0.0,1.0,0.0,90.0,90.0,1
2025-04-14 09:19:06,16.25,4.59,2.5,0.7,7.4,0.0,0.0,0.0,0.0,0.0,28.9,24.1,23.5,25.3,-128.7,21.5,0.0,1.0,1.0,1.0,0.0,0.0,1.0,0.0,90.0,90.0,1
2025-04-14 09:19:07,16.26,4.6,2.5,0.7,7.4,0.0,0.0,0.0,0.0,0.0,28.9,24.1,23.5,25.3,-128.7,21.4,0.0,1.0,1.0,1.0,0.0,0.0,1.0,0.0,90.0,90.0,1
2025-04-14 09:19:08,16.26,4.59,2.5,0.7,7.8,0.0,0.0,0.0,0.0,0.0,28.9,24.1,23.5,25.3,-128.7,21.5,0.0,1.0,1.0,1.0,0.0,0.0,1.0,0.0,90.0,90.0,1
2025-04-14 09:19:09,16.27,4.6,2.5,0.7,7.5,0.0,0.0,0.0,0.0,0.0,28.9,24.1,23.5,25.3,-128.7,21.4,0.0,1.0,1.0,1.0,0.0,0.0,1.0,0.0,90.0,90.0,1
2025-04-14 09:19:10,16.25,4.6,2.5,0.7,7.099999,0.0,0.0,0.0,0.0,0.0,28.9,24.1,23.6,25.3,-128.7,21.5,0.0,1.0,1.0,1.0,0.0,0.0,1.0,0.0,90.0,90.0,1
2025-04-14 09:19:11,16.26,4.59,2.5,0.7,7.099999,0.0,0.0,0.0,0.0,0.0,28.9,24.1,23.6,25.3,-128.7,21.4,0.0,1.0,1.0,1.0,0.0,0.0,1.0,0.0,90.0,90.0,1
2025-04-14 09:19:12,16.27,4.61,2.5,0.7,7.5,0.0,0.0,0.0,0.0,0.0,28.9,24.1,23.6,25.3,-128.7,21.4,0.0,1.0,1.0,1.0,0.0,0.0,1.0,0.0,90.0,90.0,1
2025-04-14 09:19:13,16.27,4.59,2.5,0.7,6.5,0.0,0.0,0.0,0.0,0.0,28.9,24.1,23.6,25.3,-128.7,21.4,0.0,1.0,1.0,1.0,0.0,0.0,1.0,0.0,90.0,90.0,1
2025-04-14 09:19:14,16.27,4.6,2.5,0.7,7.599999,0.0,0.0,0.0,0.0,0.0,28.9,24.1,23.6,25.3,-128.7,21.4,0.0,1.0,1.0,1.0,0.0,0.0,1.0,0.0,90.0,90.0,1
2025-04-14 09:19:15,16.27,4.59,2.5,0.7,7.9,0.0,0.0,0.0,0.0,0.0,28.9,24.1,23.6,25.3,-128.7,21.5,0.0,1.0,1.0,1.0,0.0,0.0,1.0,0.0,90.0,90.0,1
2025-04-14 09:19:16,16.29,4.6,2.5,0.7,7.4,0.0,0.0,0.0,0.0,0.0,28.9,24.1,23.6,25.3,-128.7,21.4,0.0,1.0,1.0,1.0,0.0,0.0,1.0,0.0,90.0,90.0,1
2025-04-14 09:19:17,16.27,4.6,2.5,0.7,7.3,0.0,0.0,0.0,0.0,0.0,28.9,24.1,23.6,25.3,-128.7,21.5,0.0,1.0,1.0,1.0,0.0,0.0,1.0,0.0,90.0,90.0,1
2025-04-14 09:19:18,16.27,4.59,2.5,0.7,7.8,0.0,0.0,0.0,0.0,0.0,28.9,24.1,23.6,25.3,-128.7,21.4,0.0,1.0,1.0,1.0,0.0,0.0,1.0,0.0,90.0,90.0,1
2025-04-14 09:19:19,16.25,4.6,2.5,0.7,6.8,0.0,0.0,0.0,0.0,0.0,28.9,24.1,23.6,25.3,-128.7,21.5,0.0,1.0,1.0,1.0,0.0,0.0,1.0,0.0,90.0,90.0,1
2025-04-14 09:19:20,16.26,4.59,2.5,0.8,7.7,0.0,0.0,0.0,0.0,0.0,28.9,24.1,23.6,25.3,-128.7,21.4,0.0,1.0,1.0,1.0,0.0,0.0,1.0,0.0,90.0,90.0,1
2025-04-14 09:19:21,16.27,4.62,2.5,0.7,7.8,0.0,0.0,0.0,0.0,0.0,28.9,24.1,23.6,25.3,-128.7,21.4,0.0,1.0,1.0,1.0,0.0,0.0,1.0,0.0,90.0,90.0,1
2025-04-14 09:19:22,16.27,4.59,2.5,0.7,7.3,0.0,0.0,0.0,0.0,0.0,28.9,24.1,23.6,25.3,-128.7,21.5,0.0,1.0,1.0,1.0,0.0,0.0,1.0,0.0,90.0,90.0,1
2025-04-14 09:19:23,16.26,4.62,2.5,0.7,7.2,0.0,0.0,0.0,0.0,0.0,28.9,24.1,23.6,25.3,-128.7,21.3,0.0,1.0,1.0,1.0,0.0,0.0,1.0,0.0,90.0,90.0,1
2025-04-14 09:19:24,16.27,4.6,2.5,0.8,7.9,0.0,0.0,0.0,0.0,0.0,28.9,24.1,23.6,25.3,-128.7,21.5,0.0,1.0,1.0,1.0,0.0,0.0,1.0,0.0,90.0,90.0,1
2025-04-14 09:19:25,16.27,4.59,2.5,0.7,7.4,0.0,0.0,0.0,0.0,0.0,28.9,24.1,23.7,25.4,-128.7,21.4,0.0,1.0,1.0,1.0,0.0,0.0,1.0,0.0,90.0,90.0,1
2025-04-14 09:19:26,16.29,4.62,2.5,0.8,7.599999,0.0,0.0,0.0,0.0,0.0,28.9,24.1,23.7,25.4,-128.7,21.5,0.0,1.0,1.0,1.0,0.0,0.0,1.0,0.0,90.0,90.0,1
2025-04-14 09:19:27,16.29,4.59,2.5,0.7,7.599999,0.0,0.0,0.0,0.0,0.0,28.9,24.1,23.7,25.4,-128.7,21.6,0.0,1.0,1.0,1.0,0.0,0.0,1.0,0.0,90.0,90.0,1
2025-04-14 09:19:28,16.3,4.61,2.5,0.7,7.7,0.0,0.0,0.0,0.0,0.0,28.9,24.2,23.7,25.4,-128.7,21.5,0.0,1.0,1.0,1.0,0.0,0.0,1.0,0.0,90.0,90.0,1
2025-04-14 09:19:29,16.3,4.59,2.5,0.7,7.9,0.0,0.0,0.0,0.0,0.0,28.9,24.2,23.7,25.4,-128.7,21.5,0.0,1.0,1.0,1.0,0.0,0.0,1.0,0.0,90.0,90.0,1
2025-04-14 09:19:30,16.31,4.62,2.5,0.7,7.0,0.0,0.0,0.0,0.0,0.0,28.9,24.2,23.7,25.4,-128.7,21.4,0.0,1.0,1.0,1.0,0.0,0.0,1.0,0.0,90.0,90.0,1
2025-04-14 09:19:31,16.3,4.6,2.5,0.7,7.7,0.0,0.0,0.0,0.0,0.0,28.9,24.2,23.7,25.4,-128.7,21.6,0.0,1.0,1.0,1.0,0.0,0.0,1.0,0.0,90.0,90.0,1
2025-04-14 09:19:32,16.32,4.62,2.5,0.7,6.9,0.0,0.0,0.0,0.0,0.0,28.9,24.2,23.7,25.4,-128.7,21.4,0.0,1.0,1.0,1.0,0.0,0.0,1.0,0.0,90.0,90.0,1
2025-04-14 09:19:33,16.3,4.62,2.5,0.7,7.3,0.0,0.0,0.0,0.0,0.0,28.9,24.2,23.7,25.4,-128.7,21.5,0.0,1.0,1.0,1.0,0.0,0.0,1.0,0.0,90.0,90.0,1
2025-04-14 09:19:34,16.3,4.6,2.5,0.7,8.0,0.0,0.0,0.0,0.0,0.0,28.9,24.2,23.7,25.4,-128.7,21.5,0.0,1.0,1.0,1.0,0.0,0.0,1.0,0.0,90.0,90.0,1
2025-04-14 09:19:35,16.3,4.62,2.5,0.7,7.4,0.0,0.0,0.0,0.0,0.0,28.9,24.2,23.7,25.4,-128.7,21.5,0.0,1.0,1.0,1.0,0.0,0.0,1.0,0.0,90.0,90.0,1
2025-04-14 09:19:36,16.3,4.59,2.5,0.7,7.099999,0.0,0.0,0.0,0.0,0.0,28.9,24.2,23.7,25.4,-128.7,21.6,0.0,1.0,1.0,1.0,0.0,0.0,1.0,0.0,90.0,90.0,1
2025-04-14 09:19:37,16.32,4.62,2.5,0.7,7.8,0.0,0.0,0.0,0.0,0.0,28.9,24.2,23.7,25.4,-128.7,21.4,0.0,1.0,1.0,1.0,0.0,0.0,1.0,0.0,90.0,90.0,1
2025-04-14 09:19:38,16.32,4.61,2.5,0.7,7.8,0.0,0.0,0.0,0.0,0.0,28.9,24.2,23.8,25.4,-128.7,21.5,0.0,1.0,1.0,1.0,0.0,0.0,1.0,0.0,90.0,90.0,1
2025-04-14 09:19:39,16.31,4.62,2.5,0.7,7.8,0.0,0.0,0.0,0.0,0.0,28.9,24.2,23.8,25.4,-128.7,21.4,0.0,1.0,1.0,1.0,0.0,0.0,1.0,0.0,90.0,90.0,1
2025-04-14 09:19:40,16.3,4.62,2.5,0.7,6.8,0.0,0.0,0.0,0.0,0.0,28.9,24.2,23.8,25.4,-128.7,21.4,0.0,1.0,1.0,1.0,0.0,0.0,1.0,0.0,90.0,90.0,1
2025-04-14 09:19:41,16.3,4.6,2.5,0.7,7.3,0.0,0.0,0.0,0.0,0.0,28.9,24.2,23.8,25.4,-128.7,21.5,0.0,1.0,1.0,1.0,0.0,0.0,1.0,0.0,90.0,90.0,1
2025-04-14 09:19:42,16.3,4.62,2.5,0.7,7.4,0.0,0.0,0.0,0.0,0.0,28.9,24.2,23.8,25.4,-128.7,21.4,0.0,1.0,1.0,1.0,0.0,0.0,1.0,0.0,90.0,90.0,1
2025-04-14 09:19:43,16.31,4.61,2.5,0.7,6.9,0.0,0.0,0.0,0.0,0.0,28.9,24.2,23.8,25.4,-128.7,21.5,0.0,1.0,1.0,1.0,0.0,0.0,1.0,0.0,90.0,90.0,1
2025-04-14 09:19:44,16.3,4.62,2.5,0.7,6.8,0.0,0.0,0.0,0.0,0.0,28.9,24.2,23.8,25.4,-128.7,21.4,0.0,1.0,1.0,1.0,0.0,0.0,1.0,0.0,90.0,90.0,1
2025-04-14 09:19:45,16.31,4.62,2.5,0.7,7.4,0.0,0.0,0.0,0.0,0.0,28.9,24.2,23.8,25.4,-128.7,21.4,0.0,1.0,1.0,1.0,0.0,0.0,1.0,0.0,90.0,90.0,1
2025-04-14 09:19:46,16.3,4.61,2.5,0.7,6.7,0.0,0.0,0.0,0.0,0.0,28.9,24.2,23.8,25.4,-128.7,21.5,0.0,1.0,1.0,1.0,0.0,0.0,1.0,0.0,90.0,90.0,1
2025-04-14 09:19:47,16.31,4.62,2.5,0.7,7.5,0.0,0.0,0.0,0.0,0.0,28.9,24.2,23.8,25.4,-128.7,21.4,0.0,1.0,1.0,1.0,0.0,0.0,1.0,0.0,90.0,90.0,1
2025-04-14 09:19:48,16.31,4.62,2.5,0.7,7.2,0.0,0.0,0.0,0.0,0.0,28.9,24.2,23.8,25.4,-128.7,21.5,0.0,1.0,1.0,1.0,0.0,0.0,1.0,0.0,90.0,90.0,1
2025-04-14 09:19:49,16.31,4.61,2.5,0.7,7.2,0.0,0.0,0.0,0.0,0.0,28.9,24.2,23.8,25.4,-128.7,21.4,0.0,1.0,1.0,1.0,0.0,0.0,1.0,0.0,90.0,90.0,1
2025-04-14 09:19:50,16.3,4.62,2.5,0.7,7.5,0.0,0.0,0.0,0.0,0.0,28.9,24.2,23.8,25.4,-128.7,21.4,0.0,1.0,1.0,1.0,0.0,0.0,1.0,0.0,90.0,90.0,1
2025-04-14 09:19:51,16.3,4.6,2.5,0.7,7.7,0.0,0.0,0.0,0.0,0.0,28.9,24.2,23.8,25.4,-128.7,21.5,0.0,1.0,1.0,1.0,0.0,0.0,1.0,0.0,90.0,90.0,1
2025-04-14 09:19:52,16.3,4.62,2.5,0.7,7.4,0.0,0.0,0.0,0.0,0.0,28.9,24.2,23.8,25.4,-128.7,21.4,0.0,1.0,1.0,1.0,0.0,0.0,1.0,0.0,90.0,90.0,1
2025-04-14 09:19:53,16.3,4.62,2.5,0.7,7.4,0.0,0.0,0.0,0.0,0.0,28.9,24.2,23.8,25.4,-128.7,21.5,0.0,1.0,1.0,1.0,0.0,0.0,1.0,0.0,90.0,90.0,1
2025-04-14 09:19:54,16.3,4.6,2.5,0.7,7.0,0.0,0.0,0.0,0.0,0.0,28.9,24.2,23.8,25.4,-128.7,21.4,0.0,1.0,1.0,1.0,0.0,0.0,1.0,0.0,90.0,90.0,1
2025-04-14 09:19:55,16.3,4.62,2.5,0.7,7.2,0.0,0.0,0.0,0.0,0.0,28.9,24.2,23.9,25.4,-128.7,21.4,0.0,1.0,1.0,1.0,0.0,0.0,1.0,0.0,90.0,90.0,1
2025-04-14 09:19:56,16.29,4.6,2.5,0.7,7.4,0.0,0.0,0.0,0.0,0.0,28.9,24.2,23.9,25.4,-128.7,21.5,0.0,1.0,1.0,1.0,0.0,0.0,1.0,0.0,90.0,90.0,1
2025-04-14 09:19:57,16.29,4.61,2.5,0.7,7.2,0.0,0.0,0.0,0.0,0.0,28.9,24.2,23.9,25.4,-128.7,21.5,0.0,1.0,1.0,1.0,0.0,0.0,1.0,0.0,90.0,90.0,1
2025-04-14 09:19:58,16.3,4.62,2.5,0.7,6.9,0.0,0.0,0.0,0.0,0.0,28.9,24.2,23.9,25.4,-128.7,21.4,0.0,1.0,1.0,1.0,0.0,0.0,1.0,0.0,90.0,90.0,1
2025-04-14 09:19:59,16.3,4.61,2.5,0.7,7.9,0.0,0.0,0.0,0.0,0.0,28.9,24.2,23.9,25.4,-128.7,21.5,0.0,1.0,1.0,1.0,0.0,0.0,1.0,0.0,90.0,90.0,1
2025-04-14 09:20:00,16.29,4.62,2.5,0.7,7.8,0.0,0.0,0.0,0.0,0.0,28.9,24.2,23.9,25.4,-128.7,21.4,0.0,1.0,1.0,1.0,0.0,0.0,1.0,0.0,90.0,90.0,1
2025-04-14 09:20:01,16.3,4.6,2.5,0.7,7.599999,0.0,0.0,0.0,0.0,0.0,28.9,24.2,23.9,25.4,-128.7,21.5,0.0,1.0,1.0,1.0,0.0,0.0,1.0,0.0,90.0,90.0,1
2025-04-14 09:20:02,16.27,4.6,2.5,0.7,7.7,0.0,0.0,0.0,0.0,0.0,28.9,24.2,23.9,25.4,-128.7,21.4,0.0,1.0,1.0,1.0,0.0,0.0,1.0,0.0,90.0,90.0,1
2025-04-14 09:20:03,16.27,4.62,2.5,0.7,7.0,0.0,0.0,0.0,0.0,0.0,28.9,24.2,23.9,25.4,-128.7,21.5,0.0,1.0,1.0,1.0,0.0,0.0,1.0,0.0,90.0,90.0,1
2025-04-14 09:20:04,16.29,4.6,2.5,0.7,7.0,0.0,0.0,0.0,0.0,0.0,28.9,24.2,23.9,25.4,-128.7,21.5,0.0,1.0,1.0,1.0,0.0,0.0,1.0,0.0,90.0,90.0,1
2025-04-14 09:20:05,16.29,4.6,2.5,0.8,7.7,0.0,0.0,0.0,0.0,0.0,28.9,24.2,23.9,25.4,-128.7,21.5,0.0,1.0,1.0,1.0,0.0,0.0,1.0,0.0,90.0,90.0,1
2025-04-14 09:20:06,16.3,4.6,2.5,0.7,7.2,0.0,0.0,0.0,0.0,0.0,28.9,24.2,23.9,25.4,-128.7,21.5,0.0,1.0,1.0,1.0,0.0,0.0,1.0,0.0,90.0,90.0,1
2025-04-14 09:20:07,16.3,4.59,2.5,0.7,8.299999,0.0,0.0,0.0,0.0,0.0,28.9,24.2,23.9,25.4,-128.7,21.6,0.0,1.0,1.0,1.0,0.0,0.0,1.0,0.0,90.0,90.0,1
2025-04-14 09:20:08,16.3,4.6,2.5,0.7,8.0,0.0,0.0,0.0,0.0,0.0,28.9,24.2,23.9,25.4,-128.7,21.5,0.0,1.0,1.0,1.0,0.0,0.0,1.0,0.0,90.0,90.0,1
2025-04-14 09:20:09,16.29,4.6,2.5,0.7,8.2,0.0,0.0,0.0,0.0,0.0,28.9,24.2,23.9,25.4,-128.7,21.6,0.0,1.0,1.0,1.0,0.0,0.0,1.0,0.0,90.0,90.0,1
2025-04-14 09:20:10,16.27,4.59,2.5,0.7,7.3,0.0,0.0,0.0,0.0,0.0,28.9,24.2,23.9,25.4,-128.7,21.5,0.0,1.0,1.0,1.0,0.0,0.0,1.0,0.0,90.0,90.0,1
2025-04-14 09:20:11,16.29,4.6,2.5,0.7,7.5,0.0,0.0,0.0,0.0,0.0,28.9,24.2,23.9,25.4,-128.7,21.5,0.0,1.0,1.0,1.0,0.0,0.0,1.0,0.0,90.0,90.0,1
2025-04-14 09:20:12,16.29,4.59,2.5,0.7,8.099999,0.0,0.0,0.0,0.0,0.0,28.9,24.2,23.9,25.4,-128.7,21.6,0.0,1.0,1.0,1.0,0.0,0.0,1.0,0.0,90.0,90.0,1
2025-04-14 09:20:13,16.29,4.6,2.5,0.7,7.4,0.0,0.0,0.0,0.0,0.0,29.0,24.2,23.9,25.4,-128.7,21.5,0.0,1.0,1.0,1.0,0.0,0.0,1.0,0.0,90.0,90.0,1
2025-04-14 09:20:14,16.29,4.59,2.5,0.7,7.3,0.0,0.0,0.0,0.0,0.0,29.0,24.2,24.0,25.4,-128.7,21.6,0.0,1.0,1.0,1.0,0.0,0.0,1.0,0.0,90.0,90.0,1
2025-04-14 09:20:15,16.29,4.59,2.5,0.7,7.599999,0.0,0.0,0.0,0.0,0.0,29.0,24.2,24.0,25.4,-128.7,21.6,0.0,1.0,1.0,1.0,0.0,0.0,1.0,0.0,90.0,90.0,1
2025-04-14 09:20:16,16.27,4.6,2.5,0.7,7.0,0.0,0.0,0.0,0.0,0.0,29.0,24.2,24.0,25.4,-128.7,21.5,0.0,1.0,1.0,1.0,0.0,0.0,1.0,0.0,90.0,90.0,1
2025-04-14 09:20:17,16.29,4.59,2.5,0.8,6.7,0.0,0.0,0.0,0.0,0.0,29.0,24.2,24.0,25.4,-128.7,21.6,0.0,1.0,1.0,1.0,0.0,0.0,1.0,0.0,90.0,90.0,1
2025-04-14 09:20:18,16.3,4.59,2.5,0.7,6.599999,0.0,0.0,0.0,0.0,0.0,29.0,24.2,24.0,25.4,-128.7,21.5,0.0,1.0,1.0,1.0,0.0,0.0,1.0,0.0,90.0,90.0,1
2025-04-14 09:20:19,16.3,4.59,2.5,0.7,7.7,0.0,0.0,0.0,0.0,0.0,29.0,24.2,24.0,25.5,-128.7,21.7,0.0,1.0,1.0,1.0,0.0,0.0,1.0,0.0,90.0,90.0,1
2025-04-14 09:20:20,16.3,4.59,2.5,0.7,7.7,0.0,0.0,0.0,0.0,0.0,29.0,24.2,24.0,25.5,-128.7,21.7,0.0,1.0,1.0,1.0,0.0,0.0,1.0,0.0,90.0,90.0,1
2025-04-14 09:20:21,16.27,4.59,2.5,0.7,7.5,0.0,0.0,0.0,0.0,0.0,29.0,24.2,24.0,25.5,-128.7,21.6,0.0,1.0,1.0,1.0,0.0,0.0,1.0,0.0,90.0,90.0,1
2025-04-14 09:20:22,16.29,4.59,2.5,0.7,7.099999,0.0,0.0,0.0,0.0,0.0,29.0,24.2,24.0,25.5,-128.7,21.7,0.0,1.0,1.0,1.0,0.0,0.0,1.0,0.0,90.0,90.0,1
2025-04-14 09:20:23,16.27,4.59,2.5,0.7,7.0,0.0,0.0,0.0,0.0,0.0,29.0,24.2,24.0,25.5,-128.7,21.6,0.0,1.0,1.0,1.0,0.0,0.0,1.0,0.0,90.0,90.0,1
2025-04-14 09:20:24,16.27,4.59,2.5,0.7,7.4,0.0,0.0,0.0,0.0,0.0,29.0,24.2,24.0,25.5,-128.7,21.7,0.0,1.0,1.0,1.0,0.0,0.0,1.0,0.0,90.0,90.0,1
2025-04-14 09:20:25,16.27,4.59,2.5,0.8,7.5,0.0,0.0,0.0,0.0,0.0,29.0,24.2,24.0,25.5,-128.7,21.7,0.0,1.0,1.0,1.0,0.0,0.0,1.0,0.0,90.0,90.0,1
2025-04-14 09:20:26,16.27,4.6,2.5,0.7,6.9,0.0,0.0,0.0,0.0,0.0,29.0,24.2,24.0,25.5,-128.7,21.7,0.0,1.0,1.0,1.0,0.0,0.0,1.0,0.0,90.0,90.0,1
2025-04-14 09:20:27,16.27,4.59,2.5,0.7,7.599999,0.0,0.0,0.0,0.0,0.0,29.0,24.2,24.0,25.5,-128.7,21.7,0.0,1.0,1.0,1.0,0.0,0.0,1.0,0.0,90.0,90.0,1
2025-04-14 09:20:28,16.29,4.6,2.5,0.7,7.099999,0.0,0.0,0.0,0.0,0.0,29.0,24.2,24.0,25.5,-128.7,21.6,0.0,1.0,1.0,1.0,0.0,0.0,1.0,0.0,90.0,90.0,1
2025-04-14 09:20:29,16.27,4.59,2.5,0.7,7.8,0.0,0.0,0.0,0.0,0.0,29.0,24.2,24.0,25.5,-128.7,21.7,0.0,1.0,1.0,1.0,0.0,0.0,1.0,0.0,90.0,90.0,1
2025-04-14 09:20:30,16.29,4.59,2.5,0.7,7.4,0.0,0.0,0.0,0.0,0.0,29.0,24.2,24.0,25.5,-128.7,21.7,0.0,1.0,1.0,1.0,0.0,0.0,1.0,0.0,90.0,90.0,1
2025-04-14 09:20:31,16.3,4.61,2.5,0.7,7.7,0.0,0.0,0.0,0.0,0.0,29.0,24.2,24.0,25.5,-128.7,21.7,0.0,1.0,1.0,1.0,0.0,0.0,1.0,0.0,90.0,90.0,1
2025-04-14 09:20:32,16.3,4.59,2.5,0.7,8.4,0.0,0.0,0.0,0.0,0.0,29.0,24.2,24.0,25.5,-128.7,21.7,0.0,1.0,1.0,1.0,0.0,0.0,1.0,0.0,90.0,90.0,1
2025-04-14 09:20:33,16.3,4.61,2.5,0.7,7.7,0.0,0.0,0.0,0.0,0.0,29.0,24.2,24.0,25.5,-128.7,21.6,0.0,1.0,1.0,1.0,0.0,0.0,1.0,0.0,90.0,90.0,1
2025-04-14 09:20:34,16.3,4.59,2.5,0.7,7.599999,0.0,0.0,0.0,0.0,0.0,29.0,24.2,24.0,25.5,-128.7,21.7,0.0,1.0,1.0,1.0,0.0,0.0,1.0,0.0,90.0,90.0,1
2025-04-14 09:20:35,16.29,4.59,2.5,0.8,7.3,0.0,0.0,0.0,0.0,0.0,29.0,24.2,24.0,25.5,-128.7,21.6,0.0,1.0,1.0,1.0,0.0,0.0,1.0,0.0,90.0,90.0,1
2025-04-14 09:20:36,16.29,4.59,2.5,0.7,7.2,0.0,0.0,0.0,0.0,0.0,29.0,24.2,24.0,25.5,-128.7,21.7,0.0,1.0,1.0,1.0,0.0,0.0,1.0,0.0,90.0,90.0,1
2025-04-14 09:20:37,16.29,4.59,2.5,0.7,8.2,0.0,0.0,0.0,0.0,0.0,29.0,24.2,24.0,25.5,-128.7,21.7,0.0,1.0,1.0,1.0,0.0,0.0,1.0,0.0,90.0,90.0,1
2025-04-14 09:20:38,16.29,4.6,2.5,0.7,8.099999,0.0,0.0,0.0,0.0,0.0,29.0,24.2,24.0,25.5,-128.7,21.7,0.0,1.0,1.0,1.0,0.0,0.0,1.0,0.0,90.0,90.0,1
2025-04-14 09:20:39,16.29,4.59,2.5,0.7,7.8,0.0,0.0,0.0,0.0,0.0,29.0,24.2,24.0,25.5,-128.7,21.7,0.0,1.0,1.0,1.0,0.0,0.0,1.0,0.0,90.0,90.0,1
2025-04-14 09:20:40,16.29,4.59,2.5,0.7,6.599999,0.0,0.0,0.0,0.0,0.0,29.0,24.2,24.0,25.5,-128.7,21.7,0.0,1.0,1.0,1.0,0.0,0.0,1.0,0.0,90.0,90.0,1
2025-04-14 09:20:41,16.27,4.6,2.5,0.7,7.4,0.0,0.0,0.0,0.0,0.0,29.0,24.2,24.0,25.5,-128.7,21.7,0.0,1.0,1.0,1.0,0.0,0.0,1.0,0.0,90.0,90.0,1
2025-04-14 09:20:42,16.29,4.58,2.5,0.7,7.8,0.0,0.0,0.0,0.0,0.0,29.0,24.2,24.0,25.5,-128.7,21.7,0.0,1.0,1.0,1.0,0.0,0.0,1.0,0.0,90.0,90.0,1
2025-04-14 09:20:43,16.27,4.6,2.5,0.7,7.599999,0.0,0.0,0.0,0.0,0.0,29.0,24.2,24.0,25.5,-128.7,21.6,0.0,1.0,1.0,1.0,0.0,0.0,1.0,0.0,90.0,90.0,1
2025-04-14 09:20:44,16.3,4.6,2.5,0.7,7.8,0.0,0.0,0.0,0.0,0.0,29.0,24.2,24.1,25.5,-128.7,21.7,0.0,1.0,1.0,1.0,0.0,0.0,1.0,0.0,90.0,90.0,1
2025-04-14 09:20:45,16.3,4.59,2.5,0.7,6.9,0.0,0.0,0.0,0.0,0.0,29.0,24.2,24.1,25.5,-128.7,21.6,0.0,1.0,1.0,1.0,0.0,0.0,1.0,0.0,90.0,90.0,1
2025-04-14 09:20:46,16.3,4.6,2.5,0.7,7.099999,0.0,0.0,0.0,0.0,0.0,29.0,24.2,24.1,25.5,-128.7,21.7,0.0,1.0,1.0,1.0,0.0,0.0,1.0,0.0,90.0,90.0,1
2025-04-14 09:20:47,16.27,4.59,2.5,0.7,7.3,0.0,0.0,0.0,0.0,0.0,29.0,24.2,24.1,25.5,-128.7,21.7,0.0,1.0,1.0,1.0,0.0,0.0,1.0,0.0,90.0,90.0,1
2025-04-14 09:20:48,16.29,4.6,2.5,0.7,8.2,0.0,0.0,0.0,0.0,0.0,29.0,24.2,24.1,25.5,-128.7,21.6,0.0,1.0,1.0,1.0,0.0,0.0,1.0,0.0,90.0,90.0,1
2025-04-14 09:20:49,16.27,4.6,2.5,0.7,7.8,0.0,0.0,0.0,0.0,0.0,29.0,24.2,24.1,25.5,-128.7,21.6,0.0,1.0,1.0,1.0,0.0,0.0,1.0,0.0,90.0,90.0,1
2025-04-14 09:20:50,16.27,4.6,2.5,0.7,8.0,0.0,0.0,0.0,0.0,0.0,29.0,24.2,24.1,25.5,-128.7,21.7,0.0,1.0,1.0,1.0,0.0,0.0,1.0,0.0,90.0,90.0,1
2025-04-14 09:20:51,16.29,4.6,2.5,0.7,7.2,0.0,0.0,0.0,0.0,0.0,29.0,24.2,24.1,25.5,-128.7,21.6,0.0,1.0,1.0,1.0,0.0,0.0,1.0,0.0,90.0,90.0,1
2025-04-14 09:20:52,16.3,4.61,2.5,0.7,7.4,0.0,0.0,0.0,0.0,0.0,29.0,24.2,24.1,25.5,-128.7,21.7,0.0,1.0,1.0,1.0,0.0,0.0,1.0,0.0,90.0,90.0,1
2025-04-14 09:20:53,16.29,4.59,2.5,0.7,7.3,0.0,0.0,0.0,0.0,0.0,29.0,24.2,24.1,25.5,-128.7,21.6,0.0,1.0,1.0,1.0,0.0,0.0,1.0,0.0,90.0,90.0,1
2025-04-14 09:20:54,16.29,4.6,2.5,0.7,6.8,0.0,0.0,0.0,0.0,0.0,29.0,24.2,24.1,25.5,-128.7,21.6,0.0,1.0,1.0,1.0,0.0,0.0,1.0,0.0,90.0,90.0,1
2025-04-14 09:20:55,16.29,4.59,2.5,0.7,8.099999,0.0,0.0,0.0,0.0,0.0,29.0,24.2,24.1,25.5,-128.7,21.7,0.0,1.0,1.0,1.0,0.0,0.0,1.0,0.0,90.0,90.0,1
2025-04-14 09:20:56,16.27,4.62,2.5,0.7,7.3,0.0,0.0,0.0,0.0,0.0,29.0,24.2,24.1,25.5,-128.7,21.5,0.0,1.0,1.0,1.0,0.0,0.0,1.0,0.0,90.0,90.0,1
2025-04-14 09:20:57,16.27,4.61,2.5,0.7,7.3,0.0,0.0,0.0,0.0,0.0,29.0,24.2,24.1,25.5,-128.7,21.7,0.0,1.0,1.0,1.0,0.0,0.0,1.0,0.0,90.0,90.0,1
2025-04-14 09:20:58,16.29,4.6,2.5,0.7,6.8,0.0,0.0,0.0,0.0,0.0,29.0,24.2,24.1,25.5,-128.7,21.6,0.0,1.0,1.0,1.0,0.0,0.0,1.0,0.0,90.0,90.0,1
2025-04-14 09:20:59,16.27,4.61,2.5,0.7,7.0,0.0,0.0,0.0,0.0,0.0,29.0,24.2,24.1,25.5,-128.7,21.6,0.0,1.0,1.0,1.0,0.0,0.0,1.0,0.0,90.0,90.0,1
2025-04-14 09:21:00,16.27,4.59,2.5,0.7,6.3,0.0,0.0,0.0,0.0,0.0,29.0,24.2,24.1,25.5,-128.7,21.7,0.0,1.0,1.0,1.0,0.0,0.0,1.0,0.0,90.0,90.0,1
2025-04-14 09:21:01,16.27,4.59,2.5,0.7,8.0,0.0,0.0,0.0,0.0,0.0,29.0,24.2,24.1,25.5,-128.7,21.6,0.0,1.0,1.0,1.0,0.0,0.0,1.0,0.0,90.0,90.0,1
2025-04-14 09:21:02,16.27,4.6,2.5,0.7,8.099999,0.0,0.0,0.0,0.0,0.0,29.0,24.2,24.1,25.5,-128.7,21.7,0.0,1.0,1.0,1.0,0.0,0.0,1.0,0.0,90.0,90.0,1
2025-04-14 09:21:03,16.29,4.59,2.5,0.7,7.599999,0.0,0.0,0.0,0.0,0.0,29.0,24.2,24.1,25.5,-128.7,21.7,0.0,1.0,1.0,1.0,0.0,0.0,1.0,0.0,90.0,90.0,1
2025-04-14 09:21:04,16.27,4.6,2.5,0.7,6.5,0.0,0.0,0.0,0.0,0.0,29.0,24.2,24.1,25.5,-128.7,21.6,0.0,1.0,1.0,1.0,0.0,0.0,1.0,0.0,90.0,90.0,1
2025-04-14 09:21:05,16.29,4.59,2.5,0.7,7.0,0.0,0.0,0.0,0.0,0.0,29.0,24.2,24.1,25.5,-128.7,21.7,0.0,1.0,1.0,1.0,0.0,0.0,1.0,0.0,90.0,90.0,1
2025-04-14 09:21:06,16.27,4.59,2.5,0.7,7.3,0.0,0.0,0.0,0.0,0.0,29.0,24.2,24.1,25.5,-128.7,21.6,0.0,1.0,1.0,1.0,0.0,0.0,1.0,0.0,90.0,90.0,1
2025-04-14 09:21:07,16.27,4.59,2.5,0.7,7.2,0.0,0.0,0.0,0.0,0.0,29.0,24.2,24.1,25.5,-128.7,21.7,0.0,1.0,1.0,1.0,0.0,0.0,1.0,0.0,90.0,90.0,1
2025-04-14 09:21:08,16.29,4.59,2.5,0.7,7.4,0.0,0.0,0.0,0.0,0.0,29.0,24.2,24.1,25.5,-128.7,21.6,0.0,1.0,1.0,1.0,0.0,0.0,1.0,0.0,90.0,90.0,1
2025-04-14 09:21:09,16.29,4.59,2.5,0.7,7.8,0.0,0.0,0.0,0.0,0.0,29.0,24.2,24.1,25.5,-128.7,21.7,0.0,1.0,1.0,1.0,0.0,0.0,1.0,0.0,90.0,90.0,1
2025-04-14 09:21:10,16.27,4.58,2.5,0.7,7.099999,0.0,0.0,0.0,0.0,0.0,29.0,24.2,24.1,25.5,-128.7,21.7,0.0,1.0,1.0,1.0,0.0,0.0,1.0,0.0,90.0,90.0,1
2025-04-14 09:21:11,16.3,4.6,2.5,0.7,7.2,0.0,0.0,0.0,0.0,0.0,29.0,24.2,24.1,25.5,-128.7,21.7,0.0,1.0,1.0,1.0,0.0,0.0,1.0,0.0,90.0,90.0,1
2025-04-14 09:21:12,16.27,4.58,2.5,0.7,7.0,0.0,0.0,0.0,0.0,0.0,29.0,24.2,24.1,25.5,-128.7,21.7,0.0,1.0,1.0,1.0,0.0,0.0,1.0,0.0,90.0,90.0,1
2025-04-14 09:21:13,16.27,4.59,2.5,0.7,7.0,0.0,0.0,0.0,0.0,0.0,29.0,24.2,24.1,25.5,-128.7,21.6,0.0,1.0,1.0,1.0,0.0,0.0,1.0,0.0,90.0,90.0,1
2025-04-14 09:21:14,16.26,4.59,2.5,0.7,7.5,0.0,0.0,0.0,0.0,0.0,29.0,24.2,24.1,25.5,-128.7,21.7,0.0,1.0,1.0,1.0,0.0,0.0,1.0,0.0,90.0,90.0,1
2025-04-14 09:21:15,16.25,4.59,2.6,0.7,7.0,0.0,0.0,0.0,0.0,0.0,29.0,24.2,24.1,25.5,-128.7,21.6,0.0,1.0,1.0,1.0,0.0,0.0,1.0,0.0,90.0,90.0,1
2025-04-14 09:21:16,16.26,4.59,2.5,0.7,7.3,0.0,0.0,0.0,0.0,0.0,29.0,24.2,24.1,25.5,-128.7,21.7,0.0,1.0,1.0,1.0,0.0,0.0,1.0,0.0,90.0,90.0,1
2025-04-14 09:21:17,16.26,4.58,2.5,0.7,6.9,0.0,0.0,0.0,0.0,0.0,29.0,24.2,24.1,25.5,-128.7,21.7,0.0,1.0,1.0,1.0,0.0,0.0,1.0,0.0,90.0,90.0,1
2025-04-14 09:21:18,16.27,4.6,2.5,0.7,7.8,0.0,0.0,0.0,0.0,0.0,29.0,24.2,24.1,25.5,-128.7,21.6,0.0,1.0,1.0,1.0,0.0,0.0,1.0,0.0,90.0,90.0,1
2025-04-14 09:21:19,16.27,4.58,2.5,0.7,7.0,0.0,0.0,0.0,0.0,0.0,29.0,24.2,24.1,25.5,-128.7,21.7,0.0,1.0,1.0,1.0,0.0,0.0,1.0,0.0,90.0,90.0,1
2025-04-14 09:21:20,16.27,4.59,2.5,0.7,6.9,0.0,0.0,0.0,0.0,0.0,29.0,24.2,24.1,25.5,-128.7,21.6,0.0,1.0,1.0,1.0,0.0,0.0,1.0,0.0,90.0,90.0,1
2025-04-14 09:21:21,16.27,4.59,2.5,0.7,7.4,0.0,0.0,0.0,0.0,0.0,29.0,24.2,24.1,25.5,-128.7,21.7,0.0,1.0,1.0,1.0,0.0,0.0,1.0,0.0,90.0,90.0,1
2025-04-14 09:21:22,16.27,4.59,2.5,0.7,7.9,0.0,0.0,0.0,0.0,0.0,29.0,24.2,24.1,25.5,-128.7,21.7,0.0,1.0,1.0,1.0,0.0,0.0,1.0,0.0,90.0,90.0,1
2025-04-14 09:21:23,16.3,4.59,2.5,0.7,7.5,0.0,0.0,0.0,0.0,0.0,29.0,24.2,24.1,25.5,-128.7,21.7,0.0,1.0,1.0,1.0,0.0,0.0,1.0,0.0,90.0,90.0,1
2025-04-14 09:21:24,16.3,4.58,2.5,0.7,7.9,0.0,0.0,0.0,0.0,0.0,29.0,24.2,24.1,25.5,-128.7,21.7,0.0,1.0,1.0,1.0,0.0,0.0,1.0,0.0,90.0,90.0,1
2025-04-14 09:21:25,16.3,4.59,2.5,0.8,7.0,0.0,0.0,0.0,0.0,0.0,29.0,24.2,24.1,25.5,-128.7,21.6,0.0,1.0,1.0,1.0,0.0,0.0,1.0,0.0,90.0,90.0,1
2025-04-14 09:21:26,16.29,4.58,2.5,0.7,6.8,0.0,0.0,0.0,0.0,0.0,29.0,24.3,24.1,25.5,-128.7,21.7,0.0,1.0,1.0,1.0,0.0,0.0,1.0,0.0,90.0,90.0,1
2025-04-14 09:21:27,16.29,4.59,2.5,0.7,7.0,0.0,0.0,0.0,0.0,0.0,29.0,24.3,24.1,25.5,-128.7,21.7,0.0,1.0,1.0,1.0,0.0,0.0,1.0,0.0,90.0,90.0,1
2025-04-14 09:21:28,16.29,4.59,2.5,0.7,7.0,0.0,0.0,0.0,0.0,0.0,29.0,24.3,24.1,25.5,-128.7,21.7,0.0,1.0,1.0,1.0,0.0,0.0,1.0,0.0,90.0,90.0,1
2025-04-14 09:21:29,16.29,4.58,2.5,0.8,8.0,0.0,0.0,0.0,0.0,0.0,29.0,24.3,24.1,25.5,-128.7,21.7,0.0,1.0,1.0,1.0,0.0,0.0,1.0,0.0,90.0,90.0,1
2025-04-14 09:21:30,16.26,4.59,2.5,0.7,7.599999,0.0,0.0,0.0,0.0,0.0,29.0,24.3,24.1,25.5,-128.7,21.7,0.0,1.0,1.0,1.0,0.0,0.0,1.0,0.0,90.0,90.0,1
2025-04-14 09:21:31,16.27,4.58,2.5,0.7,7.2,0.0,0.0,0.0,0.0,0.0,29.0,24.3,24.1,25.5,-128.7,21.7,0.0,1.0,1.0,1.0,0.0,0.0,1.0,0.0,90.0,90.0,1
2025-04-14 09:21:32,16.27,4.6,2.5,0.7,7.5,0.0,0.0,0.0,0.0,0.0,29.0,24.3,24.1,25.5,-128.7,21.6,0.0,1.0,1.0,1.0,0.0,0.0,1.0,0.0,90.0,90.0,1
2025-04-14 09:21:33,16.29,4.58,2.5,0.7,7.8,0.0,0.0,0.0,0.0,0.0,29.0,24.3,24.1,25.5,-128.7,21.7,0.0,1.0,1.0,1.0,0.0,0.0,1.0,0.0,90.0,90.0,1
2025-04-14 09:21:34,16.27,4.59,2.5,0.7,8.4,0.0,0.0,0.0,0.0,0.0,29.0,24.3,24.1,25.5,-128.7,21.6,0.0,1.0,1.0,1.0,0.0,0.0,1.0,0.0,90.0,90.0,1
2025-04-14 09:21:35,16.27,4.59,2.5,0.8,7.0,0.0,0.0,0.0,0.0,0.0,29.0,24.3,24.1,25.6,-128.7,21.7,0.0,1.0,1.0,1.0,0.0,0.0,1.0,0.0,90.0,90.0,1
2025-04-14 09:21:36,16.26,4.59,2.6,0.7,6.5,0.0,0.0,0.0,0.0,0.0,29.0,24.3,24.1,25.6,-128.7,21.8,0.0,1.0,1.0,1.0,0.0,0.0,1.0,0.0,90.0,90.0,1
2025-04-14 09:21:37,16.29,4.59,2.5,0.7,7.5,0.0,0.0,0.0,0.0,0.0,29.0,24.3,24.1,25.6,-128.7,21.8,0.0,1.0,1.0,1.0,0.0,0.0,1.0,0.0,90.0,90.0,1
2025-04-14 09:21:38,16.26,4.59,2.6,0.7,7.2,0.0,0.0,0.0,0.0,0.0,29.0,24.3,24.1,25.6,-128.7,21.8,0.0,1.0,1.0,1.0,0.0,0.0,1.0,0.0,90.0,90.0,1
2025-04-14 09:21:39,16.29,4.59,2.5,0.8,7.099999,0.0,0.0,0.0,0.0,0.0,28.9,24.3,24.1,25.6,-128.7,21.8,0.0,1.0,1.0,1.0,0.0,0.0,1.0,0.0,90.0,90.0,1
2025-04-14 09:21:40,16.27,4.59,2.5,0.7,6.9,0.0,0.0,0.0,0.0,0.0,28.9,24.3,24.1,25.6,-128.7,21.8,0.0,1.0,1.0,1.0,0.0,0.0,1.0,0.0,90.0,90.0,1
2025-04-14 09:21:41,16.3,4.59,2.5,0.8,7.2,0.0,0.0,0.0,0.0,0.0,28.9,24.3,24.1,25.6,-128.7,21.8,0.0,1.0,1.0,1.0,0.0,0.0,1.0,0.0,90.0,90.0,1
2025-04-14 09:21:42,16.31,4.59,2.5,0.7,7.3,0.0,0.0,0.0,0.0,0.0,28.9,24.3,24.1,25.6,-128.7,21.8,0.0,1.0,1.0,1.0,0.0,0.0,1.0,0.0,90.0,90.0,1
2025-04-14 09:21:43,16.3,4.59,2.5,0.7,7.8,0.0,0.0,0.0,0.0,0.0,28.9,24.3,24.1,25.6,-128.7,21.8,0.0,1.0,1.0,1.0,0.0,0.0,1.0,0.0,90.0,90.0,1
2025-04-14 09:21:44,16.3,4.59,2.5,0.7,7.2,0.0,0.0,0.0,0.0,0.0,29.0,24.3,24.1,25.6,-128.7,21.8,0.0,1.0,1.0,1.0,0.0,0.0,1.0,0.0,90.0,90.0,1
2025-04-14 09:21:45,16.3,4.59,2.5,0.7,7.4,0.0,0.0,0.0,0.0,0.0,29.0,24.3,24.1,25.6,-128.7,21.8,0.0,1.0,1.0,1.0,0.0,0.0,1.0,0.0,90.0,90.0,1
2025-04-14 09:21:46,16.29,4.59,2.5,0.7,6.9,0.0,0.0,0.0,0.0,0.0,29.0,24.3,24.1,25.6,-128.7,21.7,0.0,1.0,1.0,1.0,0.0,0.0,1.0,0.0,90.0,90.0,1
2025-04-14 09:21:47,16.27,4.59,2.5,0.8,7.3,0.0,0.0,0.0,0.0,0.0,29.0,24.3,24.1,25.6,-128.7,21.8,0.0,1.0,1.0,1.0,0.0,0.0,1.0,0.0,90.0,90.0,1
2025-04-14 09:21:48,16.3,4.59,2.5,0.7,7.2,0.0,0.0,0.0,0.0,0.0,29.0,24.3,24.1,25.6,-128.7,21.8,0.0,1.0,1.0,1.0,0.0,0.0,1.0,0.0,90.0,90.0,1
2025-04-14 09:21:49,16.27,4.6,2.5,0.7,7.3,0.0,0.0,0.0,0.0,0.0,29.0,24.3,24.1,25.6,-128.7,21.7,0.0,1.0,1.0,1.0,0.0,0.0,1.0,0.0,90.0,90.0,1
2025-04-14 09:21:50,16.29,4.59,2.5,0.7,7.4,0.0,0.0,0.0,0.0,0.0,29.0,24.3,24.1,25.6,-128.7,21.8,0.0,1.0,1.0,1.0,0.0,0.0,1.0,0.0,90.0,90.0,1
2025-04-14 09:21:51,16.29,4.59,2.5,0.8,7.4,0.0,0.0,0.0,0.0,0.0,29.0,24.3,24.1,25.6,-128.7,21.7,0.0,1.0,1.0,1.0,0.0,0.0,1.0,0.0,90.0,90.0,1
2025-04-14 09:21:52,16.29,4.6,2.5,0.7,7.7,0.0,0.0,0.0,0.0,0.0,29.0,24.3,24.1,25.6,-128.7,21.8,0.0,1.0,1.0,1.0,0.0,0.0,1.0,0.0,90.0,90.0,1
2025-04-14 09:21:53,16.3,4.59,2.5,0.7,7.8,0.0,0.0,0.0,0.0,0.0,29.0,24.3,24.1,25.6,-128.7,21.8,0.0,1.0,1.0,1.0,0.0,0.0,1.0,0.0,90.0,90.0,1
2025-04-14 09:21:54,16.3,4.6,2.5,0.7,7.0,0.0,0.0,0.0,0.0,0.0,29.0,24.3,24.1,25.6,-128.7,21.7,0.0,1.0,1.0,1.0,0.0,0.0,1.0,0.0,90.0,90.0,1
2025-04-14 09:21:55,16.3,4.59,2.5,0.8,7.2,0.0,0.0,0.0,0.0,0.0,29.0,24.3,24.1,25.6,-128.7,21.8,0.0,1.0,1.0,1.0,0.0,0.0,1.0,0.0,90.0,90.0,1
2025-04-14 09:21:56,16.3,4.59,2.5,0.7,7.599999,0.0,0.0,0.0,0.0,0.0,29.0,24.3,24.0,25.6,-128.7,21.7,0.0,1.0,1.0,1.0,0.0,0.0,1.0,0.0,90.0,90.0,1
2025-04-14 09:21:57,16.3,4.6,2.5,0.8,7.4,0.0,0.0,0.0,0.0,0.0,29.0,24.3,24.0,25.6,-128.7,21.8,0.0,1.0,1.0,1.0,0.0,0.0,1.0,0.0,90.0,90.0,1
2025-04-14 09:21:58,16.3,4.59,2.5,0.7,7.599999,0.0,0.0,0.0,0.0,0.0,29.0,24.3,24.0,25.6,-128.7,21.8,0.0,1.0,1.0,1.0,0.0,0.0,1.0,0.0,90.0,90.0,1
2025-04-14 09:21:59,16.27,4.59,2.5,0.7,7.5,0.0,0.0,0.0,0.0,0.0,29.0,24.3,24.0,25.6,-128.7,21.7,0.0,1.0,1.0,1.0,0.0,0.0,1.0,0.0,90.0,90.0,1
2025-04-14 09:22:00,16.27,4.59,2.5,0.7,6.9,0.0,0.0,0.0,0.0,0.0,29.0,24.3,24.0,25.6,-128.7,21.8,0.0,1.0,1.0,1.0,0.0,0.0,1.0,0.0,90.0,90.0,1
2025-04-14 09:22:01,16.29,4.59,2.5,0.7,7.099999,0.0,0.0,0.0,0.0,0.0,29.0,24.3,24.0,25.6,-128.7,21.8,0.0,1.0,1.0,1.0,0.0,0.0,1.0,0.0,90.0,90.0,1
2025-04-14 09:22:02,16.29,4.59,2.5,0.7,7.099999,0.0,0.0,0.0,0.0,0.0,29.0,24.3,24.0,25.6,-128.7,21.7,0.0,1.0,1.0,1.0,0.0,0.0,1.0,0.0,90.0,90.0,1
2025-04-14 09:22:03,16.3,4.59,2.5,0.7,8.0,0.0,0.0,0.0,0.0,0.0,29.0,24.3,24.0,25.6,-128.7,21.8,0.0,1.0,1.0,1.0,0.0,0.0,1.0,0.0,90.0,90.0,1
2025-04-14 09:22:04,16.3,4.59,2.5,0.7,7.5,0.0,0.0,0.0,0.0,0.0,29.0,24.3,24.0,25.6,-128.7,21.7,0.0,1.0,1.0,1.0,0.0,0.0,1.0,0.0,90.0,90.0,1
2025-04-14 09:22:05,16.31,4.6,2.6,0.7,7.9,0.0,0.0,0.0,0.0,0.0,29.0,24.3,24.0,25.6,-128.7,21.7,0.0,1.0,1.0,1.0,0.0,0.0,1.0,0.0,90.0,90.0,1
2025-04-14 09:22:06,16.29,4.59,2.5,0.7,7.3,0.0,0.0,0.0,0.0,0.0,29.0,24.3,24.0,25.6,-128.7,21.7,0.0,1.0,1.0,1.0,0.0,0.0,1.0,0.0,90.0,90.0,1
2025-04-14 09:22:07,16.3,4.6,2.6,0.7,7.3,0.0,0.0,0.0,0.0,0.0,29.0,24.3,24.0,25.6,-128.7,21.7,0.0,1.0,1.0,1.0,0.0,0.0,1.0,0.0,90.0,90.0,1
2025-04-14 09:22:08,16.29,4.6,2.5,0.7,7.099999,0.0,0.0,0.0,0.0,0.0,29.0,24.3,24.0,25.6,-128.7,21.8,0.0,1.0,1.0,1.0,0.0,0.0,1.0,0.0,90.0,90.0,1
2025-04-14 09:22:09,16.29,4.6,2.5,0.7,7.599999,0.0,0.0,0.0,0.0,0.0,29.0,24.3,24.0,25.6,-128.7,21.7,0.0,1.0,1.0,1.0,0.0,0.0,1.0,0.0,90.0,90.0,1
2025-04-14 09:22:10,16.3,4.6,2.5,0.7,7.8,0.0,0.0,0.0,0.0,0.0,29.0,24.3,24.0,25.6,-128.7,21.7,0.0,1.0,1.0,1.0,0.0,0.0,1.0,0.0,90.0,90.0,1
2025-04-14 09:22:11,16.29,4.59,2.5,0.7,6.9,0.0,0.0,0.0,0.0,0.0,29.0,24.3,24.0,25.6,-128.7,21.8,0.0,1.0,1.0,1.0,0.0,0.0,1.0,0.0,90.0,90.0,1
2025-04-14 09:22:12,16.29,4.59,2.5,0.8,6.9,0.0,0.0,0.0,0.0,0.0,29.0,24.3,24.0,25.6,-128.7,21.7,0.0,1.0,1.0,1.0,0.0,0.0,1.0,0.0,90.0,90.0,1
2025-04-14 09:22:13,16.31,4.6,2.5,0.7,7.3,0.0,0.0,0.0,0.0,0.0,29.0,24.3,24.0,25.6,-128.7,21.7,0.0,1.0,1.0,1.0,0.0,0.0,1.0,0.0,90.0,90.0,1
2025-04-14 09:22:14,16.31,4.59,2.5,0.7,7.2,0.0,0.0,0.0,0.0,0.0,29.0,24.3,24.0,25.6,-128.7,21.7,0.0,1.0,1.0,1.0,0.0,0.0,1.0,0.0,90.0,90.0,1
2025-04-14 09:22:15,16.31,4.6,2.5,0.7,7.599999,0.0,0.0,0.0,0.0,0.0,29.0,24.3,24.0,25.6,-128.7,21.7,0.0,1.0,1.0,1.0,0.0,0.0,1.0,0.0,90.0,90.0,1
2025-04-14 09:22:16,16.3,4.6,2.5,0.7,8.0,0.0,0.0,0.0,0.0,0.0,29.0,24.3,24.0,25.6,-128.7,21.8,0.0,1.0,1.0,1.0,0.0,0.0,1.0,0.0,90.0,90.0,1
2025-04-14 09:22:17,16.3,4.59,2.5,0.7,6.9,0.0,0.0,0.0,0.0,0.0,29.0,24.3,24.0,25.6,-128.7,21.7,0.0,1.0,1.0,1.0,0.0,0.0,1.0,0.0,90.0,90.0,1
2025-04-14 09:22:18,16.29,4.61,2.5,0.7,6.7,0.0,0.0,0.0,0.0,0.0,29.0,24.3,24.0,25.6,-128.7,21.7,0.0,1.0,1.0,1.0,0.0,0.0,1.0,0.0,90.0,90.0,1
2025-04-14 09:22:19,16.3,4.6,2.5,0.7,7.599999,0.0,0.0,0.0,0.0,0.0,29.0,24.3,23.9,25.6,-128.7,21.8,0.0,1.0,1.0,1.0,0.0,0.0,1.0,0.0,90.0,90.0,1
2025-04-14 09:22:20,16.3,4.6,2.5,0.7,7.599999,0.0,0.0,0.0,0.0,0.0,29.0,24.3,23.9,25.6,-128.7,21.6,0.0,1.0,1.0,1.0,0.0,0.0,1.0,0.0,90.0,90.0,1
2025-04-14 09:22:21,16.31,4.6,2.5,0.7,7.099999,0.0,0.0,0.0,0.0,0.0,29.0,24.3,23.9,25.6,-128.7,21.7,0.0,1.0,1.0,1.0,0.0,0.0,1.0,0.0,90.0,90.0,1
2025-04-14 09:22:22,16.3,4.59,2.5,0.7,7.9,0.0,0.0,0.0,0.0,0.0,29.0,24.3,23.9,25.6,-128.7,21.8,0.0,1.0,1.0,1.0,0.0,0.0,1.0,0.0,90.0,90.0,1
2025-04-14 09:22:23,16.31,4.61,2.5,0.7,7.5,0.0,0.0,0.0,0.0,0.0,29.0,24.3,23.9,25.6,-128.7,21.7,0.0,1.0,1.0,1.0,0.0,0.0,1.0,0.0,90.0,90.0,1
2025-04-14 09:22:24,16.31,4.6,2.5,0.7,7.0,0.0,0.0,0.0,0.0,0.0,29.0,24.3,23.9,25.6,-128.7,21.7,0.0,1.0,1.0,1.0,0.0,0.0,1.0,0.0,90.0,90.0,1
2025-04-14 09:22:25,16.31,4.59,2.5,0.7,7.099999,0.0,0.0,0.0,0.0,0.0,29.0,24.3,23.9,25.6,-128.7,21.7,0.0,1.0,1.0,1.0,0.0,0.0,1.0,0.0,90.0,90.0,1
2025-04-14 09:22:26,16.32,4.61,2.5,0.7,7.3,0.0,0.0,0.0,0.0,0.0,29.0,24.3,23.9,25.6,-128.7,21.7,0.0,1.0,1.0,1.0,0.0,0.0,1.0,0.0,90.0,90.0,1
2025-04-14 09:22:27,16.31,4.6,2.5,0.7,7.5,0.0,0.0,0.0,0.0,0.0,28.9,24.3,23.9,25.6,-128.7,21.8,0.0,1.0,1.0,1.0,0.0,0.0,1.0,0.0,90.0,90.0,1
2025-04-14 09:22:28,16.29,4.6,2.5,0.7,7.099999,0.0,0.0,0.0,0.0,0.0,28.9,24.3,23.9,25.6,-128.7,21.7,0.0,1.0,1.0,1.0,0.0,0.0,1.0,0.0,90.0,90.0,1
2025-04-14 09:22:29,16.31,4.6,2.5,0.8,7.5,0.0,0.0,0.0,0.0,0.0,28.9,24.3,23.9,25.6,-128.7,21.7,0.0,1.0,1.0,1.0,0.0,0.0,1.0,0.0,90.0,90.0,1
2025-04-14 09:22:30,16.3,4.59,2.5,0.7,7.099999,0.0,0.0,0.0,0.0,0.0,28.9,24.3,23.9,25.6,-128.7,21.7,0.0,1.0,1.0,1.0,0.0,0.0,1.0,0.0,90.0,90.0,1
2025-04-14 09:22:31,16.31,4.61,2.5,0.7,7.599999,0.0,0.0,0.0,0.0,0.0,28.9,24.3,23.9,25.6,-128.7,21.7,0.0,1.0,1.0,1.0,0.0,0.0,1.0,0.0,90.0,90.0,1
2025-04-14 09:22:32,16.31,4.61,2.5,0.7,7.7,0.0,0.0,0.0,0.0,0.0,28.9,24.3,23.9,25.6,-128.7,21.7,0.0,1.0,1.0,1.0,0.0,0.0,1.0,0.0,90.0,90.0,1
2025-04-14 09:22:33,16.31,4.59,2.5,0.7,6.8,0.0,0.0,0.0,0.0,0.0,28.9,24.3,23.9,25.6,-128.7,21.7,0.0,1.0,1.0,1.0,0.0,0.0,1.0,0.0,90.0,90.0,1
2025-04-14 09:22:34,16.32,4.62,2.5,0.7,7.4,0.0,0.0,0.0,0.0,0.0,28.9,24.3,23.8,25.6,-128.7,21.7,0.0,1.0,1.0,1.0,0.0,0.0,1.0,0.0,90.0,90.0,1
2025-04-14 09:22:35,16.3,4.6,2.5,0.7,7.5,0.0,0.0,0.0,0.0,0.0,28.9,24.3,23.8,25.6,-128.7,21.7,0.0,1.0,1.0,1.0,0.0,0.0,1.0,0.0,90.0,90.0,1
2025-04-14 09:22:36,16.3,4.61,2.5,0.7,7.2,0.0,0.0,0.0,0.0,0.0,28.9,24.3,23.8,25.6,-128.7,21.7,0.0,1.0,1.0,1.0,0.0,0.0,1.0,0.0,90.0,90.0,1
2025-04-14 09:22:37,16.3,4.62,2.5,0.7,6.9,0.0,0.0,0.0,0.0,0.0,28.9,24.3,23.8,25.6,-128.7,21.6,0.0,1.0,1.0,1.0,0.0,0.0,1.0,0.0,90.0,90.0,1
2025-04-14 09:22:38,16.3,4.61,2.5,0.7,8.099999,0.0,0.0,0.0,0.0,0.0,28.9,24.3,23.8,25.6,-128.7,21.7,0.0,1.0,1.0,1.0,0.0,0.0,1.0,0.0,90.0,90.0,1
2025-04-14 09:22:39,16.32,4.61,2.5,0.7,7.7,0.0,0.0,0.0,0.0,0.0,28.9,24.3,23.8,25.6,-128.7,21.6,0.0,1.0,1.0,1.0,0.0,0.0,1.0,0.0,90.0,90.0,1
2025-04-14 09:22:40,16.31,4.62,2.5,0.7,8.0,0.0,0.0,0.0,0.0,0.0,28.9,24.3,23.8,25.6,-128.7,21.7,0.0,1.0,1.0,1.0,0.0,0.0,1.0,0.0,90.0,90.0,1
2025-04-14 09:22:41,16.32,4.61,2.5,0.7,7.9,0.0,0.0,0.0,0.0,0.0,28.9,24.3,23.8,25.6,-128.7,21.6,0.0,1.0,1.0,1.0,0.0,0.0,1.0,0.0,90.0,90.0,1
2025-04-14 09:22:42,16.32,4.62,2.5,0.7,7.7,0.0,0.0,0.0,0.0,0.0,28.9,24.3,23.8,25.6,-128.7,21.6,0.0,1.0,1.0,1.0,0.0,0.0,1.0,0.0,90.0,90.0,1
2025-04-14 09:22:43,16.32,4.61,2.5,0.7,7.4,0.0,0.0,0.0,0.0,0.0,28.9,24.3,23.8,25.6,-128.7,21.7,0.0,1.0,1.0,1.0,0.0,0.0,1.0,0.0,90.0,90.0,1
2025-04-14 09:22:44,16.32,4.62,2.5,0.7,7.7,0.0,0.0,0.0,0.0,0.0,28.9,24.3,23.8,25.6,-128.7,21.7,0.0,1.0,1.0,1.0,0.0,0.0,1.0,0.0,90.0,90.0,1
2025-04-14 09:22:45,16.32,4.62,2.6,0.7,7.5,0.0,0.0,0.0,0.0,0.0,28.9,24.3,23.8,25.6,-128.7,21.6,0.0,1.0,1.0,1.0,0.0,0.0,1.0,0.0,90.0,90.0,1
2025-04-14 09:22:46,16.32,4.61,2.5,0.7,6.9,0.0,0.0,0.0,0.0,0.0,28.9,24.3,23.8,25.5,-128.7,21.6,0.0,1.0,1.0,1.0,0.0,0.0,1.0,0.0,90.0,90.0,1
2025-04-14 09:22:47,16.3,4.61,2.5,0.7,7.4,0.0,0.0,0.0,0.0,0.0,28.9,24.3,23.8,25.5,-128.7,21.5,0.0,1.0,1.0,1.0,0.0,0.0,1.0,0.0,90.0,90.0,1
2025-04-14 09:22:48,16.32,4.62,2.5,0.7,7.2,0.0,0.0,0.0,0.0,0.0,28.9,24.3,23.8,25.5,-128.7,21.6,0.0,1.0,1.0,1.0,0.0,0.0,1.0,0.0,90.0,90.0,1
2025-04-14 09:22:49,16.3,4.6,2.6,0.7,7.5,0.0,0.0,0.0,0.0,0.0,28.9,24.3,23.8,25.5,-128.7,21.5,0.0,1.0,1.0,1.0,0.0,0.0,1.0,0.0,90.0,90.0,1
2025-04-14 09:22:50,16.32,4.62,2.5,0.7,7.0,0.0,0.0,0.0,0.0,0.0,28.9,24.3,23.7,25.5,-128.7,21.5,0.0,1.0,1.0,1.0,0.0,0.0,1.0,0.0,90.0,90.0,1
2025-04-14 09:22:51,16.32,4.62,2.5,0.7,7.8,0.0,0.0,0.0,0.0,0.0,28.9,24.3,23.7,25.5,-128.7,21.6,0.0,1.0,1.0,1.0,0.0,0.0,1.0,0.0,90.0,90.0,1
2025-04-14 09:22:52,16.32,4.6,2.5,0.7,7.8,0.0,0.0,0.0,0.0,0.0,28.9,24.3,23.7,25.5,-128.7,21.6,0.0,1.0,1.0,1.0,0.0,0.0,1.0,0.0,90.0,90.0,1
2025-04-14 09:22:53,16.35,4.62,2.5,0.7,7.9,0.0,0.0,0.0,0.0,0.0,28.9,24.3,23.7,25.5,-128.7,21.5,0.0,1.0,1.0,1.0,0.0,0.0,1.0,0.0,90.0,90.0,1
2025-04-14 09:22:54,16.32,4.62,2.5,0.7,7.099999,0.0,0.0,0.0,0.0,0.0,28.9,24.3,23.7,25.5,-128.7,21.6,0.0,1.0,1.0,1.0,0.0,0.0,1.0,0.0,90.0,90.0,1
2025-04-14 09:22:55,16.32,4.62,2.5,0.7,7.2,0.0,0.0,0.0,0.0,0.0,28.9,24.3,23.7,25.5,-128.7,21.5,0.0,1.0,1.0,1.0,0.0,0.0,1.0,0.0,90.0,90.0,1
2025-04-14 09:22:56,16.32,4.63,2.5,0.7,8.0,0.0,0.0,0.0,0.0,0.0,28.9,24.3,23.7,25.5,-128.7,21.5,0.0,1.0,1.0,1.0,0.0,0.0,1.0,0.0,90.0,90.0,1
2025-04-14 09:22:57,16.31,4.61,2.5,0.7,7.5,0.0,0.0,0.0,0.0,0.0,28.9,24.3,23.7,25.5,-128.7,21.5,0.0,1.0,1.0,1.0,0.0,0.0,1.0,0.0,90.0,90.0,1
2025-04-14 09:22:58,16.32,4.62,2.5,0.7,7.3,0.0,0.0,0.0,0.0,0.0,28.9,24.3,23.7,25.5,-128.7,21.5,0.0,1.0,1.0,1.0,0.0,0.0,1.0,0.0,90.0,90.0,1
2025-04-14 09:22:59,16.32,4.62,2.5,0.7,6.8,0.0,0.0,0.0,0.0,0.0,28.9,24.3,23.7,25.5,-128.7,21.5,0.0,1.0,1.0,1.0,0.0,0.0,1.0,0.0,90.0,90.0,1
2025-04-14 09:23:00,16.35,4.61,2.5,0.7,7.599999,0.0,0.0,0.0,0.0,0.0,28.9,24.3,23.7,25.5,-128.7,21.5,0.0,1.0,1.0,1.0,0.0,0.0,1.0,0.0,90.0,90.0,1
2025-04-14 09:23:01,16.33,4.62,2.5,0.7,7.4,0.0,0.0,0.0,0.0,0.0,28.9,24.3,23.7,25.5,-128.7,21.5,0.0,1.0,1.0,1.0,0.0,0.0,1.0,0.0,90.0,90.0,1
2025-04-14 09:23:02,16.32,4.61,2.5,0.7,8.299999,0.0,0.0,0.0,0.0,0.0,28.9,24.3,23.7,25.5,-128.7,21.6,0.0,1.0,1.0,1.0,0.0,0.0,1.0,0.0,90.0,90.0,1
2025-04-14 09:23:03,16.32,4.61,2.5,0.7,7.4,0.0,0.0,0.0,0.0,0.0,28.9,24.3,23.7,25.5,-128.7,21.5,0.0,1.0,1.0,1.0,0.0,0.0,1.0,0.0,90.0,90.0,1
2025-04-14 09:23:04,16.32,4.62,2.5,0.7,7.4,0.0,0.0,0.0,0.0,0.0,28.9,24.3,23.7,25.5,-128.7,21.5,0.0,1.0,1.0,1.0,0.0,0.0,1.0,0.0,90.0,90.0,1
2025-04-14 09:23:05,16.32,4.6,2.5,0.7,7.7,0.0,0.0,0.0,0.0,0.0,28.9,24.3,23.7,25.5,-128.7,21.6,0.0,1.0,1.0,1.0,0.0,0.0,1.0,0.0,90.0,90.0,1
2025-04-14 09:23:06,16.32,4.62,2.5,0.7,7.8,0.0,0.0,0.0,0.0,0.0,28.9,24.3,23.7,25.5,-128.7,21.5,0.0,1.0,1.0,1.0,0.0,0.0,1.0,0.0,90.0,90.0,1
2025-04-14 09:23:07,16.32,4.6,2.5,0.7,6.9,0.0,0.0,0.0,0.0,0.0,28.9,24.3,23.6,25.5,-128.7,21.6,0.0,1.0,1.0,1.0,0.0,0.0,1.0,0.0,90.0,90.0,1
2025-04-14 09:23:08,16.32,4.6,2.5,0.7,7.599999,0.0,0.0,0.0,0.0,0.0,28.9,24.3,23.6,25.5,-128.7,21.5,0.0,1.0,1.0,1.0,0.0,0.0,1.0,0.0,90.0,90.0,1
2025-04-14 09:23:09,16.32,4.62,2.5,0.7,6.7,0.0,0.0,0.0,0.0,0.0,28.9,24.3,23.6,25.5,-128.7,21.6,0.0,1.0,1.0,1.0,0.0,0.0,1.0,0.0,90.0,90.0,1
2025-04-14 09:23:10,16.31,4.6,2.5,0.7,7.2,0.0,0.0,0.0,0.0,0.0,28.9,24.3,23.6,25.5,-128.7,21.6,0.0,1.0,1.0,1.0,0.0,0.0,1.0,0.0,90.0,90.0,1
2025-04-14 09:23:11,16.32,4.62,2.5,0.7,7.5,0.0,0.0,0.0,0.0,0.0,28.9,24.3,23.6,25.5,-128.7,21.5,0.0,1.0,1.0,1.0,0.0,0.0,1.0,0.0,90.0,90.0,1
2025-04-14 09:23:12,16.33,4.61,2.5,0.8,7.099999,0.0,0.0,0.0,0.0,0.0,28.9,24.3,23.6,25.5,-128.7,21.6,0.0,1.0,1.0,1.0,0.0,0.0,1.0,0.0,90.0,90.0,1
2025-04-14 09:23:13,16.32,4.6,2.5,0.7,7.3,0.0,0.0,0.0,0.0,0.0,28.9,24.3,23.6,25.5,-128.7,21.6,0.0,1.0,1.0,1.0,0.0,0.0,1.0,0.0,90.0,90.0,1
2025-04-14 09:23:14,16.35,4.62,2.5,0.7,7.7,0.0,0.0,0.0,0.0,0.0,28.9,24.3,23.6,25.5,-128.7,21.5,0.0,1.0,1.0,1.0,0.0,0.0,1.0,0.0,90.0,90.0,1
2025-04-14 09:23:15,16.32,4.61,2.5,0.7,7.2,0.0,0.0,0.0,0.0,0.0,28.9,24.3,23.6,25.5,-128.7,21.7,0.0,1.0,1.0,1.0,0.0,0.0,1.0,0.0,90.0,90.0,1
2025-04-14 09:23:16,16.31,4.59,2.5,0.7,7.2,0.0,0.0,0.0,0.0,0.0,28.9,24.3,23.6,25.5,-128.7,21.6,0.0,1.0,1.0,1.0,0.0,0.0,1.0,0.0,90.0,90.0,1
2025-04-14 09:23:17,16.32,4.62,2.5,0.7,7.3,0.0,0.0,0.0,0.0,0.0,28.9,24.3,23.6,25.5,-128.7,21.6,0.0,1.0,1.0,1.0,0.0,0.0,1.0,0.0,90.0,90.0,1
2025-04-14 09:23:18,16.31,4.59,2.5,0.7,6.599999,0.0,0.0,0.0,0.0,0.0,28.9,24.3,23.6,25.5,-128.7,21.7,0.0,1.0,1.0,1.0,0.0,0.0,1.0,0.0,90.0,90.0,1
2025-04-14 09:23:19,16.33,4.62,2.5,0.7,7.099999,0.0,0.0,0.0,0.0,0.0,28.9,24.3,23.6,25.5,-128.7,21.5,0.0,1.0,1.0,1.0,0.0,0.0,1.0,0.0,90.0,90.0,1
2025-04-14 09:23:20,16.33,4.61,2.6,0.7,7.599999,0.0,0.0,0.0,0.0,0.0,28.9,24.3,23.6,25.5,-128.7,21.6,0.0,1.0,1.0,1.0,0.0,0.0,1.0,0.0,90.0,90.0,1
2025-04-14 09:23:21,16.33,4.6,2.5,0.7,7.4,0.0,0.0,0.0,0.0,0.0,28.9,24.3,23.6,25.5,-128.7,21.6,0.0,1.0,1.0,1.0,0.0,0.0,1.0,0.0,90.0,90.0,1
2025-04-14 09:23:22,16.35,4.62,2.5,0.7,7.4,0.0,0.0,0.0,0.0,0.0,28.9,24.3,23.6,25.5,-128.7,21.5,0.0,1.0,1.0,1.0,0.0,0.0,1.0,0.0,90.0,90.0,1
2025-04-14 09:23:23,16.32,4.61,2.5,0.7,7.2,0.0,0.0,0.0,0.0,0.0,29.0,24.3,23.6,25.5,-128.7,21.6,0.0,1.0,1.0,1.0,0.0,0.0,1.0,0.0,90.0,90.0,1
2025-04-14 09:23:24,16.32,4.6,2.5,0.7,7.3,0.0,0.0,0.0,0.0,0.0,29.0,24.3,23.5,25.5,-128.7,21.6,0.0,1.0,1.0,1.0,0.0,0.0,1.0,0.0,90.0,90.0,1
2025-04-14 09:23:25,16.31,4.62,2.5,0.7,7.2,0.0,0.0,0.0,0.0,0.0,29.0,24.3,23.5,25.5,-128.7,21.6,0.0,1.0,1.0,1.0,0.0,0.0,1.0,0.0,90.0,90.0,1
2025-04-14 09:23:26,16.32,4.6,2.5,0.7,7.3,0.0,0.0,0.0,0.0,0.0,29.0,24.3,23.5,25.5,-128.7,21.6,0.0,1.0,1.0,1.0,0.0,0.0,1.0,0.0,90.0,90.0,1
2025-04-14 09:23:27,16.32,4.61,2.5,0.7,6.9,0.0,0.0,0.0,0.0,0.0,29.0,24.3,23.5,25.5,-128.7,21.6,0.0,1.0,1.0,1.0,0.0,0.0,1.0,0.0,90.0,90.0,1
2025-04-14 09:23:28,16.31,4.61,2.5,0.7,7.0,0.0,0.0,0.0,0.0,0.0,29.0,24.3,23.5,25.5,-128.7,21.6,0.0,1.0,1.0,1.0,0.0,0.0,1.0,0.0,90.0,90.0,1
2025-04-14 09:23:29,16.32,4.6,2.5,0.7,7.099999,0.0,0.0,0.0,0.0,0.0,29.0,24.3,23.5,25.5,-128.7,21.7,0.0,1.0,1.0,1.0,0.0,0.0,1.0,0.0,90.0,90.0,1
2025-04-14 09:23:30,16.33,4.62,2.5,0.7,8.099999,0.0,0.0,0.0,0.0,0.0,29.0,24.3,23.5,25.5,-128.7,21.5,0.0,1.0,1.0,1.0,0.0,0.0,1.0,0.0,90.0,90.0,1
2025-04-14 09:23:31,16.33,4.62,2.5,0.7,7.4,0.0,0.0,0.0,0.0,0.0,29.0,24.3,23.5,25.5,-128.7,21.6,0.0,1.0,1.0,1.0,0.0,0.0,1.0,0.0,90.0,90.0,1
2025-04-14 09:23:32,16.33,4.6,2.5,0.7,7.4,0.0,0.0,0.0,0.0,0.0,29.0,24.3,23.5,25.5,-128.7,21.5,0.0,1.0,1.0,1.0,0.0,0.0,1.0,0.0,90.0,90.0,1
2025-04-14 09:23:33,16.31,4.62,2.5,0.7,7.3,0.0,0.0,0.0,0.0,0.0,29.0,24.3,23.5,25.5,-128.7,21.5,0.0,1.0,1.0,1.0,0.0,0.0,1.0,0.0,90.0,90.0,1
2025-04-14 09:23:34,16.32,4.59,2.5,0.7,7.0,0.0,0.0,0.0,0.0,0.0,29.0,24.3,23.5,25.5,-128.7,21.6,0.0,1.0,1.0,1.0,0.0,0.0,1.0,0.0,90.0,90.0,1
2025-04-14 09:23:35,16.31,4.62,2.5,0.7,7.2,0.0,0.0,0.0,0.0,0.0,29.0,24.3,23.5,25.5,-128.7,21.5,0.0,1.0,1.0,1.0,0.0,0.0,1.0,0.0,90.0,90.0,1
2025-04-14 09:23:36,16.32,4.6,2.5,0.7,7.2,0.0,0.0,0.0,0.0,0.0,29.0,24.3,23.5,25.5,-128.7,21.6,0.0,1.0,1.0,1.0,0.0,0.0,1.0,0.0,90.0,90.0,1
2025-04-14 09:23:37,16.3,4.6,2.5,0.8,6.8,0.0,0.0,0.0,0.0,0.0,29.0,24.3,23.5,25.5,-128.7,21.5,0.0,1.0,1.0,1.0,0.0,0.0,1.0,0.0,90.0,90.0,1
2025-04-14 09:23:38,16.32,4.62,2.5,0.7,7.4,0.0,0.0,0.0,0.0,0.0,29.0,24.3,23.5,25.5,-128.7,21.6,0.0,1.0,1.0,1.0,0.0,0.0,1.0,0.0,90.0,90.0,1
2025-04-14 09:23:39,16.32,4.59,2.5,0.7,6.9,0.0,0.0,0.0,0.0,0.0,29.0,24.3,23.5,25.5,-128.7,21.6,0.0,1.0,1.0,1.0,0.0,0.0,1.0,0.0,90.0,90.0,1
2025-04-14 09:23:40,16.32,4.61,2.5,0.7,6.8,0.0,0.0,0.0,0.0,0.0,29.0,24.3,23.5,25.5,-128.7,21.6,0.0,1.0,1.0,1.0,0.0,0.0,1.0,0.0,90.0,90.0,1
2025-04-14 09:23:41,16.31,4.6,2.5,0.7,7.4,0.0,0.0,0.0,0.0,0.0,29.0,24.3,23.5,25.5,-128.7,21.7,0.0,1.0,1.0,1.0,0.0,0.0,1.0,0.0,90.0,90.0,1
2025-04-14 09:23:42,16.32,4.6,2.5,0.7,7.4,0.0,0.0,0.0,0.0,0.0,29.0,24.3,23.5,25.5,-128.7,21.6,0.0,1.0,1.0,1.0,0.0,0.0,1.0,0.0,90.0,90.0,1
2025-04-14 09:23:43,16.32,4.62,2.5,0.7,7.0,0.0,0.0,0.0,0.0,0.0,29.0,24.3,23.5,25.5,-128.7,21.5,0.0,1.0,1.0,1.0,0.0,0.0,1.0,0.0,90.0,90.0,1
2025-04-14 09:23:44,16.32,4.61,2.5,0.7,7.5,0.0,0.0,0.0,0.0,0.0,29.0,24.3,23.5,25.5,-128.7,21.6,0.0,1.0,1.0,1.0,0.0,0.0,1.0,0.0,90.0,90.0,1
2025-04-14 09:23:45,16.32,4.6,2.5,0.7,7.3,0.0,0.0,0.0,0.0,0.0,29.0,24.3,23.5,25.5,-128.7,21.5,0.0,1.0,1.0,1.0,0.0,0.0,1.0,0.0,90.0,90.0,1
2025-04-14 09:23:46,16.32,4.62,2.5,0.7,6.9,0.0,0.0,0.0,0.0,0.0,29.0,24.3,23.5,25.5,-128.7,21.6,0.0,1.0,1.0,1.0,0.0,0.0,1.0,0.0,90.0,90.0,1
2025-04-14 09:23:47,16.31,4.6,2.5,0.7,7.4,0.0,0.0,0.0,0.0,0.0,29.0,24.3,23.5,25.5,-128.7,21.6,0.0,1.0,1.0,1.0,0.0,0.0,1.0,0.0,90.0,90.0,1
2025-04-14 09:23:48,16.32,4.62,2.5,0.7,7.4,0.0,0.0,0.0,0.0,0.0,29.0,24.3,23.5,25.5,-128.7,21.6,0.0,1.0,1.0,1.0,0.0,0.0,1.0,0.0,90.0,90.0,1
2025-04-14 09:23:49,16.32,4.6,2.5,0.7,7.0,0.0,0.0,0.0,0.0,0.0,28.9,24.3,23.5,25.5,-128.7,21.6,0.0,1.0,1.0,1.0,0.0,0.0,1.0,0.0,90.0,90.0,1
2025-04-14 09:23:50,16.32,4.59,2.5,0.7,7.2,0.0,0.0,0.0,0.0,0.0,28.9,24.3,23.4,25.5,-128.7,21.5,0.0,1.0,1.0,1.0,0.0,0.0,1.0,0.0,90.0,90.0,1
2025-04-14 09:23:51,16.31,4.6,2.5,0.7,7.099999,0.0,0.0,0.0,0.0,0.0,28.9,24.3,23.4,25.5,-128.7,21.6,0.0,1.0,1.0,1.0,0.0,0.0,1.0,0.0,90.0,90.0,1
2025-04-14 09:23:52,16.32,4.6,2.5,0.7,7.5,0.0,0.0,0.0,0.0,0.0,28.9,24.3,23.4,25.5,-128.7,21.6,0.0,1.0,1.0,1.0,0.0,0.0,1.0,0.0,90.0,90.0,1
2025-04-14 09:23:53,16.32,4.62,2.5,0.7,7.7,0.0,0.0,0.0,0.0,0.0,28.9,24.3,23.4,25.5,-128.7,21.5,0.0,1.0,1.0,1.0,0.0,0.0,1.0,0.0,90.0,90.0,1
2025-04-14 09:23:54,16.33,4.61,2.5,0.7,7.099999,0.0,0.0,0.0,0.0,0.0,28.9,24.3,23.4,25.5,-128.7,21.6,0.0,1.0,1.0,1.0,0.0,0.0,1.0,0.0,90.0,90.0,1
2025-04-14 09:23:55,16.35,4.6,2.5,0.7,7.599999,0.0,0.0,0.0,0.0,0.0,28.9,24.3,23.4,25.5,-128.7,21.6,0.0,1.0,1.0,1.0,0.0,0.0,1.0,0.0,90.0,90.0,1
2025-04-14 09:23:56,16.35,4.62,2.5,0.7,7.3,0.0,0.0,0.0,0.0,0.0,28.9,24.3,23.4,25.5,-128.7,21.5,0.0,1.0,1.0,1.0,0.0,0.0,1.0,0.0,90.0,90.0,1
2025-04-14 09:23:57,16.33,4.6,2.5,0.7,7.4,0.0,0.0,0.0,0.0,0.0,28.9,24.3,23.4,25.5,-128.7,21.7,0.0,1.0,1.0,1.0,0.0,0.0,1.0,0.0,90.0,90.0,1
2025-04-14 09:23:58,16.32,4.6,2.5,0.7,6.9,0.0,0.0,0.0,0.0,0.0,28.9,24.3,23.4,25.5,-128.7,21.5,0.0,1.0,1.0,1.0,0.0,0.0,1.0,0.0,90.0,90.0,1
2025-04-14 09:23:59,16.31,4.61,2.5,0.7,7.599999,0.0,0.0,0.0,0.0,0.0,28.9,24.3,23.4,25.5,-128.7,21.6,0.0,1.0,1.0,1.0,0.0,0.0,1.0,0.0,90.0,90.0,1
2025-04-14 09:24:00,16.32,4.6,2.5,0.7,7.8,0.0,0.0,0.0,0.0,0.0,28.9,24.3,23.4,25.5,-128.7,21.6,0.0,1.0,1.0,1.0,0.0,0.0,1.0,0.0,90.0,90.0,1
2025-04-14 09:24:01,16.32,4.62,2.5,0.7,7.8,0.0,0.0,0.0,0.0,0.0,28.9,24.3,23.4,25.5,-128.7,21.5,0.0,1.0,1.0,1.0,0.0,0.0,1.0,0.0,90.0,90.0,1
2025-04-14 09:24:02,16.33,4.6,2.5,0.7,7.599999,0.0,0.0,0.0,0.0,0.0,28.9,24.3,23.4,25.5,-128.7,21.6,0.0,1.0,1.0,1.0,0.0,0.0,1.0,0.0,90.0,90.0,1
2025-04-14 09:24:03,16.33,4.6,2.5,0.7,7.0,0.0,0.0,0.0,0.0,0.0,28.9,24.3,23.4,25.5,-128.7,21.6,0.0,1.0,1.0,1.0,0.0,0.0,1.0,0.0,90.0,90.0,1
2025-04-14 09:24:04,16.33,4.62,2.5,0.7,6.9,0.0,0.0,0.0,0.0,0.0,28.9,24.3,23.4,25.5,-128.7,21.5,0.0,1.0,1.0,1.0,0.0,0.0,1.0,0.0,90.0,90.0,1
2025-04-14 09:24:05,16.32,4.62,2.5,0.7,7.2,0.0,0.0,0.0,0.0,0.0,28.9,24.3,23.4,25.5,-128.7,21.6,0.0,1.0,1.0,1.0,0.0,0.0,1.0,0.0,90.0,90.0,1
2025-04-14 09:24:06,16.31,4.6,2.5,0.7,7.7,0.0,0.0,0.0,0.0,0.0,28.9,24.3,23.4,25.5,-128.7,21.5,0.0,1.0,1.0,1.0,0.0,0.0,1.0,0.0,90.0,90.0,1
2025-04-14 09:24:07,16.32,4.61,2.5,0.7,7.7,0.0,0.0,0.0,0.0,0.0,28.9,24.3,23.4,25.5,-128.7,21.6,0.0,1.0,1.0,1.0,0.0,0.0,1.0,0.0,90.0,90.0,1
2025-04-14 09:24:08,16.31,4.6,2.5,0.7,7.4,0.0,0.0,0.0,0.0,0.0,28.9,24.3,23.4,25.5,-128.7,21.6,0.0,1.0,1.0,1.0,0.0,0.0,1.0,0.0,90.0,90.0,1
2025-04-14 09:24:09,16.32,4.62,2.5,0.7,7.8,0.0,0.0,0.0,0.0,0.0,28.9,24.3,23.4,25.5,-128.7,21.6,0.0,1.0,1.0,1.0,0.0,0.0,1.0,0.0,90.0,90.0,1
2025-04-14 09:24:10,16.33,4.6,2.5,0.7,7.099999,0.0,0.0,0.0,0.0,0.0,28.9,24.3,23.4,25.5,-128.7,21.6,0.0,1.0,1.0,1.0,0.0,0.0,1.0,0.0,90.0,90.0,1
2025-04-14 09:24:11,16.32,4.6,2.5,0.7,7.4,0.0,0.0,0.0,0.0,0.0,28.9,24.3,23.4,25.5,-128.7,21.6,0.0,1.0,1.0,1.0,0.0,0.0,1.0,0.0,90.0,90.0,1
2025-04-14 09:24:12,16.32,4.61,2.5,0.7,7.099999,0.0,0.0,0.0,0.0,0.0,28.9,24.3,23.4,25.5,-128.7,21.6,0.0,1.0,1.0,1.0,0.0,0.0,1.0,0.0,90.0,90.0,1
2025-04-14 09:24:13,16.32,4.6,2.5,0.7,7.3,0.0,0.0,0.0,0.0,0.0,28.9,24.3,23.4,25.5,-128.7,21.7,0.0,1.0,1.0,1.0,0.0,0.0,1.0,0.0,90.0,90.0,1
2025-04-14 09:24:14,16.32,4.6,2.5,0.7,7.9,0.0,0.0,0.0,0.0,0.0,28.9,24.3,23.4,25.5,-128.7,21.6,0.0,1.0,1.0,1.0,0.0,0.0,1.0,0.0,90.0,90.0,1
2025-04-14 09:24:15,16.32,4.61,2.5,0.7,7.4,0.0,0.0,0.0,0.0,0.0,28.9,24.3,23.4,25.5,-128.7,21.7,0.0,1.0,1.0,1.0,0.0,0.0,1.0,0.0,90.0,90.0,1
2025-04-14 09:24:16,16.32,4.6,2.5,0.7,7.099999,0.0,0.0,0.0,0.0,0.0,28.9,24.3,23.4,25.5,-128.7,21.7,0.0,1.0,1.0,1.0,0.0,0.0,1.0,0.0,90.0,90.0,1
2025-04-14 09:24:17,16.32,4.62,2.5,0.7,7.2,0.0,0.0,0.0,0.0,0.0,28.9,24.3,23.4,25.5,-128.7,21.6,0.0,1.0,1.0,1.0,0.0,0.0,1.0,0.0,90.0,90.0,1
2025-04-14 09:24:18,16.3,4.6,2.5,0.7,7.5,0.0,0.0,0.0,0.0,0.0,28.9,24.3,23.4,25.5,-128.7,21.6,0.0,1.0,1.0,1.0,0.0,0.0,1.0,0.0,90.0,90.0,1
2025-04-14 09:24:19,16.32,4.62,2.5,0.8,7.4,0.0,0.0,0.0,0.0,0.0,28.9,24.3,23.4,25.5,-128.7,21.5,0.0,1.0,1.0,1.0,0.0,0.0,1.0,0.0,90.0,90.0,1
2025-04-14 09:24:20,16.33,4.62,2.5,0.7,7.3,0.0,0.0,0.0,0.0,0.0,28.9,24.3,23.4,25.5,-128.7,21.6,0.0,1.0,1.0,1.0,0.0,0.0,1.0,0.0,90.0,90.0,1
2025-04-14 09:24:21,16.33,4.6,2.5,0.7,7.7,0.0,0.0,0.0,0.0,0.0,28.9,24.3,23.4,25.5,-128.7,21.6,0.0,1.0,1.0,1.0,0.0,0.0,1.0,0.0,90.0,90.0,1
2025-04-14 09:24:22,16.33,4.6,2.5,0.7,7.4,0.0,0.0,0.0,0.0,0.0,28.9,24.3,23.4,25.5,-128.7,21.5,0.0,1.0,1.0,1.0,0.0,0.0,1.0,0.0,90.0,90.0,1
2025-04-14 09:24:23,16.32,4.61,2.5,0.8,6.7,0.0,0.0,0.0,0.0,0.0,28.9,24.3,23.4,25.5,-128.7,21.6,0.0,1.0,1.0,1.0,0.0,0.0,1.0,0.0,90.0,90.0,1
2025-04-14 09:24:24,16.32,4.6,2.5,0.7,7.0,0.0,0.0,0.0,0.0,0.0,28.9,24.3,23.4,25.5,-128.7,21.6,0.0,1.0,1.0,1.0,0.0,0.0,1.0,0.0,90.0,90.0,1
2025-04-14 09:24:25,16.33,4.62,2.5,0.7,7.599999,0.0,0.0,0.0,0.0,0.0,28.9,24.3,23.4,25.5,-128.7,21.5,0.0,1.0,1.0,1.0,0.0,0.0,1.0,0.0,90.0,90.0,1
2025-04-14 09:24:26,16.33,4.6,2.5,0.7,6.9,0.0,0.0,0.0,0.0,0.0,28.9,24.3,23.4,25.5,-128.7,21.6,0.0,1.0,1.0,1.0,0.0,0.0,1.0,0.0,90.0,90.0,1
2025-04-14 09:24:27,16.32,4.62,2.5,0.7,7.9,0.0,0.0,0.0,0.0,0.0,28.9,24.3,23.4,25.5,-128.7,21.5,0.0,1.0,1.0,1.0,0.0,0.0,1.0,0.0,90.0,90.0,1
2025-04-14 09:24:28,16.32,4.6,2.5,0.7,7.0,0.0,0.0,0.0,0.0,0.0,28.9,24.3,23.4,25.5,-128.7,21.7,0.0,1.0,1.0,1.0,0.0,0.0,1.0,0.0,90.0,90.0,1
2025-04-14 09:24:29,16.32,4.61,2.5,0.7,7.4,0.0,0.0,0.0,0.0,0.0,28.9,24.3,23.4,25.5,-128.7,21.5,0.0,1.0,1.0,1.0,0.0,0.0,1.0,0.0,90.0,90.0,1
2025-04-14 09:24:30,16.32,4.61,2.5,0.7,7.3,0.0,0.0,0.0,0.0,0.0,28.9,24.3,23.4,25.5,-128.7,21.6,0.0,1.0,1.0,1.0,0.0,0.0,1.0,0.0,90.0,90.0,1
2025-04-14 09:24:31,16.32,4.61,2.5,0.7,7.2,0.0,0.0,0.0,0.0,0.0,28.9,24.3,23.4,25.5,-128.7,21.6,0.0,1.0,1.0,1.0,0.0,0.0,1.0,0.0,90.0,90.0,1
2025-04-14 09:24:32,16.32,4.61,2.5,0.7,7.4,0.0,0.0,0.0,0.0,0.0,28.9,24.3,23.4,25.5,-128.7,21.6,0.0,1.0,1.0,1.0,0.0,0.0,1.0,0.0,90.0,90.0,1
2025-04-14 09:24:33,16.32,4.6,2.5,0.7,7.599999,0.0,0.0,0.0,0.0,0.0,28.9,24.3,23.4,25.5,-128.7,21.6,0.0,1.0,1.0,1.0,0.0,0.0,1.0,0.0,90.0,90.0,1
2025-04-14 09:24:34,16.31,4.61,2.5,0.7,7.599999,0.0,0.0,0.0,0.0,0.0,28.9,24.3,23.4,25.5,-128.7,21.6,0.0,1.0,1.0,1.0,0.0,0.0,1.0,0.0,90.0,90.0,1
2025-04-14 09:24:35,16.31,4.6,2.5,0.7,7.2,0.0,0.0,0.0,0.0,0.0,28.9,24.3,23.4,25.5,-128.7,21.6,0.0,1.0,1.0,1.0,0.0,0.0,1.0,0.0,90.0,90.0,1
2025-04-14 09:24:36,16.32,4.61,2.5,0.7,7.4,0.0,0.0,0.0,0.0,0.0,28.9,24.3,23.4,25.5,-128.7,21.5,0.0,1.0,1.0,1.0,0.0,0.0,1.0,0.0,90.0,90.0,1
2025-04-14 09:24:37,16.32,4.6,2.5,0.8,7.599999,0.0,0.0,0.0,0.0,0.0,28.9,24.3,23.4,25.5,-128.7,21.6,0.0,1.0,1.0,1.0,0.0,0.0,1.0,0.0,90.0,90.0,1
2025-04-14 09:24:38,16.3,4.6,2.5,0.7,7.2,0.0,0.0,0.0,0.0,0.0,28.9,24.3,23.4,25.5,-128.7,21.6,0.0,1.0,1.0,1.0,0.0,0.0,1.0,0.0,90.0,90.0,1
2025-04-14 09:24:39,16.32,4.6,2.5,0.7,7.599999,0.0,0.0,0.0,0.0,0.0,28.9,24.3,23.4,25.5,-128.7,21.6,0.0,1.0,1.0,1.0,0.0,0.0,1.0,0.0,90.0,90.0,1
2025-04-14 09:24:40,16.32,4.59,2.5,0.7,7.2,0.0,0.0,0.0,0.0,0.0,28.9,24.3,23.4,25.5,-128.7,21.7,0.0,1.0,1.0,1.0,0.0,0.0,1.0,0.0,90.0,90.0,1
2025-04-14 09:24:41,16.32,4.61,2.5,0.7,7.4,0.0,0.0,0.0,0.0,0.0,28.9,24.3,23.4,25.5,-128.7,21.6,0.0,1.0,1.0,1.0,0.0,0.0,1.0,0.0,90.0,90.0,1
2025-04-14 09:24:42,16.31,4.59,2.5,0.7,7.7,0.0,0.0,0.0,0.0,0.0,28.9,24.3,23.4,25.5,-128.7,21.7,0.0,1.0,1.0,1.0,0.0,0.0,1.0,0.0,90.0,90.0,1
2025-04-14 09:24:43,16.32,4.61,2.5,0.7,7.4,0.0,0.0,0.0,0.0,0.0,28.9,24.3,23.4,25.5,-128.7,21.6,0.0,1.0,1.0,1.0,0.0,0.0,1.0,0.0,90.0,90.0,1
2025-04-14 09:24:44,16.32,4.6,2.5,0.7,7.4,0.0,0.0,0.0,0.0,0.0,28.9,24.3,23.4,25.5,-128.7,21.7,0.0,1.0,1.0,1.0,0.0,0.0,1.0,0.0,90.0,90.0,1
2025-04-14 09:24:45,16.33,4.6,2.5,0.7,6.9,0.0,0.0,0.0,0.0,0.0,28.9,24.3,23.4,25.5,-128.7,21.6,0.0,1.0,1.0,1.0,0.0,0.0,1.0,0.0,90.0,90.0,1
2025-04-14 09:24:46,16.32,4.6,2.5,0.7,8.0,0.0,0.0,0.0,0.0,0.0,28.9,24.3,23.4,25.5,-128.7,21.6,0.0,1.0,1.0,1.0,0.0,0.0,1.0,0.0,90.0,90.0,1
2025-04-14 09:24:47,16.33,4.6,2.5,0.7,6.9,0.0,0.0,0.0,0.0,0.0,28.9,24.3,23.4,25.5,-128.7,21.6,0.0,1.0,1.0,1.0,0.0,0.0,1.0,0.0,90.0,90.0,1
2025-04-14 09:24:48,16.32,4.6,2.5,0.7,7.3,0.0,0.0,0.0,0.0,0.0,28.9,24.3,23.4,25.5,-128.7,21.6,0.0,1.0,1.0,1.0,0.0,0.0,1.0,0.0,90.0,90.0,1
2025-04-14 09:24:49,16.32,4.59,2.5,0.7,7.8,0.0,0.0,0.0,0.0,0.0,28.9,24.3,23.4,25.5,-128.7,21.7,0.0,1.0,1.0,1.0,0.0,0.0,1.0,0.0,90.0,90.0,1
2025-04-14 09:24:50,16.33,4.6,2.5,0.7,7.4,0.0,0.0,0.0,0.0,0.0,28.9,24.3,23.5,25.5,-128.7,21.6,0.0,1.0,1.0,1.0,0.0,0.0,1.0,0.0,90.0,90.0,1
2025-04-14 09:24:51,16.3,4.59,2.5,0.7,7.9,0.0,0.0,0.0,0.0,0.0,28.9,24.3,23.5,25.5,-128.7,21.7,0.0,1.0,1.0,1.0,0.0,0.0,1.0,0.0,90.0,90.0,1
2025-04-14 09:24:52,16.32,4.61,2.5,0.7,7.7,0.0,0.0,0.0,0.0,0.0,28.9,24.3,23.5,25.5,-128.7,21.5,0.0,1.0,1.0,1.0,0.0,0.0,1.0,0.0,90.0,90.0,1
2025-04-14 09:24:53,16.31,4.6,2.5,0.7,7.4,0.0,0.0,0.0,0.0,0.0,28.9,24.3,23.5,25.5,-128.7,21.6,0.0,1.0,1.0,1.0,0.0,0.0,1.0,0.0,90.0,90.0,1
2025-04-14 09:24:54,16.32,4.6,2.5,0.7,7.2,0.0,0.0,0.0,0.0,0.0,28.9,24.3,23.5,25.5,-128.7,21.6,0.0,1.0,1.0,1.0,0.0,0.0,1.0,0.0,90.0,90.0,1
2025-04-14 09:24:55,16.3,4.61,2.5,0.7,7.3,0.0,0.0,0.0,0.0,0.0,28.9,24.3,23.5,25.5,-128.7,21.6,0.0,1.0,1.0,1.0,0.0,0.0,1.0,0.0,90.0,90.0,1
2025-04-14 09:24:56,16.31,4.6,2.5,0.7,7.599999,0.0,0.0,0.0,0.0,0.0,28.9,24.3,23.5,25.5,-128.7,21.6,0.0,1.0,1.0,1.0,0.0,0.0,1.0,0.0,90.0,90.0,1
2025-04-14 09:24:57,16.31,4.61,2.5,0.7,7.599999,0.0,0.0,0.0,0.0,0.0,28.9,24.3,23.5,25.5,-128.7,21.6,0.0,1.0,1.0,1.0,0.0,0.0,1.0,0.0,90.0,90.0,1
2025-04-14 09:24:58,16.32,4.6,2.5,0.7,7.7,0.0,0.0,0.0,0.0,0.0,28.9,24.3,23.5,25.5,-128.7,21.6,0.0,1.0,1.0,1.0,0.0,0.0,1.0,0.0,90.0,90.0,1
2025-04-14 09:24:59,16.31,4.62,2.5,0.7,7.4,0.0,0.0,0.0,0.0,0.0,28.9,24.3,23.5,25.5,-128.7,21.5,0.0,1.0,1.0,1.0,0.0,0.0,1.0,0.0,90.0,90.0,1
2025-04-14 09:25:00,16.31,4.59,2.5,0.7,7.4,0.0,0.0,0.0,0.0,0.0,28.9,24.3,23.5,25.5,-128.7,21.7,0.0,1.0,1.0,1.0,0.0,0.0,1.0,0.0,90.0,90.0,1
2025-04-14 09:25:01,16.3,4.6,2.5,0.8,7.8,0.0,0.0,0.0,0.0,0.0,28.9,24.3,23.5,25.5,-128.7,21.6,0.0,1.0,1.0,1.0,0.0,0.0,1.0,0.0,90.0,90.0,1
2025-04-14 09:25:02,16.32,4.61,2.5,0.7,6.8,0.0,0.0,0.0,0.0,0.0,28.9,24.3,23.5,25.5,-128.7,21.6,0.0,1.0,1.0,1.0,0.0,0.0,1.0,0.0,90.0,90.0,1
2025-04-14 09:25:03,16.32,4.6,2.5,0.7,7.5,0.0,0.0,0.0,0.0,0.0,28.9,24.3,23.5,25.5,-128.7,21.6,0.0,1.0,1.0,1.0,0.0,0.0,1.0,0.0,90.0,90.0,1
2025-04-14 09:25:04,16.31,4.61,2.5,0.7,7.5,0.0,0.0,0.0,0.0,0.0,28.9,24.3,23.5,25.5,-128.7,21.6,0.0,1.0,1.0,1.0,0.0,0.0,1.0,0.0,90.0,90.0,1
2025-04-14 09:25:05,16.31,4.59,2.5,0.7,7.599999,0.0,0.0,0.0,0.0,0.0,28.9,24.3,23.5,25.5,-128.7,21.6,0.0,1.0,1.0,1.0,0.0,0.0,1.0,0.0,90.0,90.0,1
2025-04-14 09:25:06,16.32,4.6,2.5,0.7,7.3,0.0,0.0,0.0,0.0,0.0,28.9,24.3,23.5,25.5,-128.7,21.6,0.0,1.0,1.0,1.0,0.0,0.0,1.0,0.0,90.0,90.0,1
2025-04-14 09:25:07,16.3,4.59,2.5,0.7,7.5,0.0,0.0,0.0,0.0,0.0,28.9,24.3,23.5,25.5,-128.7,21.6,0.0,1.0,1.0,1.0,0.0,0.0,1.0,0.0,90.0,90.0,1
2025-04-14 09:25:08,16.31,4.6,2.5,0.7,8.299999,0.0,0.0,0.0,0.0,0.0,28.9,24.3,23.5,25.5,-128.7,21.6,0.0,1.0,1.0,1.0,0.0,0.0,1.0,0.0,90.0,90.0,1
2025-04-14 09:25:09,16.3,4.59,2.5,0.7,7.099999,0.0,0.0,0.0,0.0,0.0,28.9,24.3,23.5,25.5,-128.7,21.7,0.0,1.0,1.0,1.0,0.0,0.0,1.0,0.0,90.0,90.0,1
2025-04-14 09:25:10,16.31,4.6,2.5,0.7,7.3,0.0,0.0,0.0,0.0,0.0,28.9,24.3,23.5,25.5,-128.7,21.6,0.0,1.0,1.0,1.0,0.0,0.0,1.0,0.0,90.0,90.0,1
2025-04-14 09:25:11,16.32,4.61,2.5,0.7,8.0,0.0,0.0,0.0,0.0,0.0,28.9,24.3,23.5,25.5,-128.7,21.7,0.0,1.0,1.0,1.0,0.0,0.0,1.0,0.0,90.0,90.0,1
2025-04-14 09:25:12,16.32,4.59,2.5,0.7,6.9,0.0,0.0,0.0,0.0,0.0,28.9,24.3,23.5,25.5,-128.7,21.6,0.0,1.0,1.0,1.0,0.0,0.0,1.0,0.0,90.0,90.0,1
2025-04-14 09:25:13,16.32,4.61,2.5,0.8,7.5,0.0,0.0,0.0,0.0,0.0,28.9,24.3,23.5,25.5,-128.7,21.6,0.0,1.0,1.0,1.0,0.0,0.0,1.0,0.0,90.0,90.0,1
2025-04-14 09:25:14,16.31,4.59,2.5,0.7,7.0,0.0,0.0,0.0,0.0,0.0,28.9,24.3,23.5,25.5,-128.7,21.6,0.0,1.0,1.0,1.0,0.0,0.0,1.0,0.0,90.0,90.0,1
2025-04-14 09:25:15,16.32,4.61,2.5,0.8,7.4,0.0,0.0,0.0,0.0,0.0,28.9,24.3,23.5,25.5,-128.7,21.6,0.0,1.0,1.0,1.0,0.0,0.0,1.0,0.0,90.0,90.0,1
2025-04-14 09:25:16,16.32,4.59,2.5,0.7,8.099999,0.0,0.0,0.0,0.0,0.0,28.9,24.3,23.5,25.5,-128.7,21.7,0.0,1.0,1.0,1.0,0.0,0.0,1.0,0.0,90.0,90.0,1
2025-04-14 09:25:17,16.32,4.6,2.5,0.7,7.099999,0.0,0.0,0.0,0.0,0.0,28.9,24.3,23.5,25.5,-128.7,21.6,0.0,1.0,1.0,1.0,0.0,0.0,1.0,0.0,90.0,90.0,1
2025-04-14 09:25:18,16.3,4.6,2.5,0.7,7.599999,0.0,0.0,0.0,0.0,0.0,28.9,24.3,23.6,25.5,-128.7,21.7,0.0,1.0,1.0,1.0,0.0,0.0,1.0,0.0,90.0,90.0,1
2025-04-14 09:25:19,16.3,4.59,2.5,0.7,7.099999,0.0,0.0,0.0,0.0,0.0,28.9,24.3,23.6,25.5,-128.7,21.6,0.0,1.0,1.0,1.0,0.0,0.0,1.0,0.0,90.0,90.0,1
2025-04-14 09:25:20,16.3,4.6,2.5,0.7,7.7,0.0,0.0,0.0,0.0,0.0,28.9,24.3,23.6,25.5,-128.7,21.7,0.0,1.0,1.0,1.0,0.0,0.0,1.0,0.0,90.0,90.0,1
2025-04-14 09:25:21,16.32,4.59,2.5,0.7,7.4,0.0,0.0,0.0,0.0,0.0,28.9,24.3,23.6,25.5,-128.7,21.6,0.0,1.0,1.0,1.0,0.0,0.0,1.0,0.0,90.0,90.0,1
2025-04-14 09:25:22,16.3,4.6,2.5,0.7,6.9,0.0,0.0,0.0,0.0,0.0,28.9,24.3,23.6,25.5,-128.7,21.6,0.0,1.0,1.0,1.0,0.0,0.0,1.0,0.0,90.0,90.0,1
2025-04-14 09:25:23,16.3,4.59,2.5,0.7,7.0,0.0,0.0,0.0,0.0,0.0,28.9,24.3,23.6,25.5,-128.7,21.7,0.0,1.0,1.0,1.0,0.0,0.0,1.0,0.0,90.0,90.0,1
2025-04-14 09:25:24,16.3,4.6,2.5,0.7,8.0,0.0,0.0,0.0,0.0,0.0,28.9,24.3,23.6,25.5,-128.7,21.6,0.0,1.0,1.0,1.0,0.0,0.0,1.0,0.0,90.0,90.0,1
2025-04-14 09:25:25,16.32,4.59,2.5,0.7,7.3,0.0,0.0,0.0,0.0,0.0,28.9,24.3,23.6,25.5,-128.7,21.7,0.0,1.0,1.0,1.0,0.0,0.0,1.0,0.0,90.0,90.0,1
2025-04-14 09:25:26,16.3,4.6,2.5,0.7,7.5,0.0,0.0,0.0,0.0,0.0,28.9,24.3,23.6,25.5,-128.7,21.7,0.0,1.0,1.0,1.0,0.0,0.0,1.0,0.0,90.0,90.0,1
2025-04-14 09:25:27,16.3,4.59,2.5,0.7,8.0,0.0,0.0,0.0,0.0,0.0,28.9,24.3,23.6,25.5,-128.7,21.7,0.0,1.0,1.0,1.0,0.0,0.0,1.0,0.0,90.0,90.0,1
2025-04-14 09:25:28,16.3,4.6,2.5,0.7,8.0,0.0,0.0,0.0,0.0,0.0,28.9,24.3,23.6,25.5,-128.7,21.6,0.0,1.0,1.0,1.0,0.0,0.0,1.0,0.0,90.0,90.0,1
2025-04-14 09:25:29,16.31,4.59,2.5,0.7,7.5,0.0,0.0,0.0,0.0,0.0,28.9,24.3,23.6,25.5,-128.7,21.7,0.0,1.0,1.0,1.0,0.0,0.0,1.0,0.0,90.0,90.0,1
2025-04-14 09:25:30,16.31,4.6,2.5,0.7,7.7,0.0,0.0,0.0,0.0,0.0,28.9,24.3,23.6,25.5,-128.7,21.7,0.0,1.0,1.0,1.0,0.0,0.0,1.0,0.0,90.0,90.0,1
2025-04-14 09:25:31,16.3,4.59,2.5,0.7,7.2,0.0,0.0,0.0,0.0,0.0,28.9,24.3,23.6,25.5,-128.7,21.7,0.0,1.0,1.0,1.0,0.0,0.0,1.0,0.0,90.0,90.0,1
2025-04-14 09:25:32,16.3,4.59,2.5,0.7,7.4,0.0,0.0,0.0,0.0,0.0,28.9,24.3,23.6,25.5,-128.7,21.6,0.0,1.0,1.0,1.0,0.0,0.0,1.0,0.0,90.0,90.0,1
2025-04-14 09:25:33,16.31,4.6,2.5,0.7,7.8,0.0,0.0,0.0,0.0,0.0,28.9,24.3,23.6,25.5,-128.7,21.6,0.0,1.0,1.0,1.0,0.0,0.0,1.0,0.0,90.0,90.0,1
2025-04-14 09:25:34,16.31,4.59,2.5,0.7,7.0,0.0,0.0,0.0,0.0,0.0,28.9,24.3,23.6,25.5,-128.7,21.7,0.0,1.0,1.0,1.0,0.0,0.0,1.0,0.0,90.0,90.0,1
2025-04-14 09:25:35,16.3,4.6,2.5,0.7,7.599999,0.0,0.0,0.0,0.0,0.0,28.9,24.3,23.6,25.5,-128.7,21.6,0.0,1.0,1.0,1.0,0.0,0.0,1.0,0.0,90.0,90.0,1
2025-04-14 09:25:36,16.31,4.59,2.5,0.7,8.0,0.0,0.0,0.0,0.0,0.0,28.9,24.3,23.6,25.5,-128.7,21.7,0.0,1.0,1.0,1.0,0.0,0.0,1.0,0.0,90.0,90.0,1
2025-04-14 09:25:37,16.31,4.6,2.5,0.7,6.9,0.0,0.0,0.0,0.0,0.0,28.9,24.3,23.7,25.5,-128.7,21.6,0.0,1.0,1.0,1.0,0.0,0.0,1.0,0.0,90.0,90.0,1
2025-04-14 09:25:38,16.32,4.59,2.6,0.7,8.099999,0.0,0.0,0.0,0.0,0.0,28.9,24.3,23.7,25.5,-128.7,21.7,0.0,1.0,1.0,1.0,0.0,0.0,1.0,0.0,90.0,90.0,1
2025-04-14 09:25:39,16.31,4.59,2.5,0.7,7.9,0.0,0.0,0.0,0.0,0.0,28.9,24.3,23.7,25.5,-128.7,21.6,0.0,1.0,1.0,1.0,0.0,0.0,1.0,0.0,90.0,90.0,1
2025-04-14 09:25:40,16.32,4.61,2.6,0.7,7.599999,0.0,0.0,0.0,0.0,0.0,28.9,24.3,23.7,25.5,-128.7,21.6,0.0,1.0,1.0,1.0,0.0,0.0,1.0,0.0,90.0,90.0,1
2025-04-14 09:25:41,16.31,4.59,2.5,0.8,7.7,0.0,0.0,0.0,0.0,0.0,28.9,24.3,23.7,25.5,-128.7,21.6,0.0,1.0,1.0,1.0,0.0,0.0,1.0,0.0,90.0,90.0,1
2025-04-14 09:25:42,16.32,4.62,2.5,0.7,6.9,0.0,0.0,0.0,0.0,0.0,28.9,24.3,23.7,25.5,-128.7,21.6,0.0,1.0,1.0,1.0,0.0,0.0,1.0,0.0,90.0,90.0,1
2025-04-14 09:25:43,16.32,4.6,2.5,0.7,7.9,0.0,0.0,0.0,0.0,0.0,28.9,24.3,23.7,25.5,-128.7,21.6,0.0,1.0,1.0,1.0,0.0,0.0,1.0,0.0,90.0,90.0,1
2025-04-14 09:25:44,16.32,4.62,2.5,0.7,7.5,0.0,0.0,0.0,0.0,0.0,28.9,24.3,23.7,25.5,-128.7,21.5,0.0,1.0,1.0,1.0,0.0,0.0,1.0,0.0,90.0,90.0,1
2025-04-14 09:25:45,16.32,4.59,2.5,0.7,7.0,0.0,0.0,0.0,0.0,0.0,28.9,24.3,23.7,25.5,-128.7,21.7,0.0,1.0,1.0,1.0,0.0,0.0,1.0,0.0,90.0,90.0,1
2025-04-14 09:25:46,16.32,4.6,2.5,0.7,7.099999,0.0,0.0,0.0,0.0,0.0,28.9,24.3,23.7,25.5,-128.7,21.5,0.0,1.0,1.0,1.0,0.0,0.0,1.0,0.0,90.0,90.0,1
2025-04-14 09:25:47,16.31,4.6,2.5,0.8,7.099999,0.0,0.0,0.0,0.0,0.0,28.9,24.3,23.7,25.5,-128.7,21.7,0.0,1.0,1.0,1.0,0.0,0.0,1.0,0.0,90.0,90.0,1
2025-04-14 09:25:48,16.32,4.59,2.5,0.7,8.2,0.0,0.0,0.0,0.0,0.0,28.9,24.3,23.7,25.5,-128.7,21.6,0.0,1.0,1.0,1.0,0.0,0.0,1.0,0.0,90.0,90.0,1
2025-04-14 09:25:49,16.32,4.62,2.5,0.8,7.4,0.0,0.0,0.0,0.0,0.0,28.9,24.3,23.7,25.5,-128.7,21.6,0.0,1.0,1.0,1.0,0.0,0.0,1.0,0.0,90.0,90.0,1
2025-04-14 09:25:50,16.31,4.6,2.5,0.7,7.2,0.0,0.0,0.0,0.0,0.0,28.9,24.3,23.7,25.5,-128.7,21.6,0.0,1.0,1.0,1.0,0.0,0.0,1.0,0.0,90.0,90.0,1
2025-04-14 09:25:51,16.32,4.62,2.5,0.7,7.4,0.0,0.0,0.0,0.0,0.0,28.9,24.3,23.7,25.5,-128.7,21.6,0.0,1.0,1.0,1.0,0.0,0.0,1.0,0.0,90.0,90.0,1
2025-04-14 09:25:52,16.31,4.59,2.5,0.7,7.099999,0.0,0.0,0.0,0.0,0.0,28.9,24.3,23.7,25.5,-128.7,21.7,0.0,1.0,1.0,1.0,0.0,0.0,1.0,0.0,90.0,90.0,1
2025-04-14 09:25:53,16.31,4.61,2.5,0.7,7.4,0.0,0.0,0.0,0.0,0.0,28.9,24.3,23.7,25.5,-128.7,21.5,0.0,1.0,1.0,1.0,0.0,0.0,1.0,0.0,90.0,90.0,1
2025-04-14 09:25:54,16.31,4.62,2.5,0.7,7.0,0.0,0.0,0.0,0.0,0.0,28.9,24.3,23.7,25.5,-128.7,21.6,0.0,1.0,1.0,1.0,0.0,0.0,1.0,0.0,90.0,90.0,1
2025-04-14 09:25:55,16.32,4.59,2.5,0.7,7.2,0.0,0.0,0.0,0.0,0.0,28.9,24.3,23.7,25.5,-128.7,21.6,0.0,1.0,1.0,1.0,0.0,0.0,1.0,0.0,90.0,90.0,1
2025-04-14 09:25:56,16.32,4.62,2.5,0.7,7.599999,0.0,0.0,0.0,0.0,0.0,28.9,24.3,23.7,25.5,-128.7,21.6,0.0,1.0,1.0,1.0,0.0,0.0,1.0,0.0,90.0,90.0,1
2025-04-14 09:25:57,16.33,4.6,2.5,0.7,7.8,0.0,0.0,0.0,0.0,0.0,28.9,24.3,23.8,25.5,-128.7,21.6,0.0,1.0,1.0,1.0,0.0,0.0,1.0,0.0,90.0,90.0,1
2025-04-14 09:25:58,16.32,4.62,2.5,0.7,7.099999,0.0,0.0,0.0,0.0,0.0,28.9,24.3,23.8,25.5,-128.7,21.5,0.0,1.0,1.0,1.0,0.0,0.0,1.0,0.0,90.0,90.0,1
2025-04-14 09:25:59,16.33,4.61,2.5,0.8,7.0,0.0,0.0,0.0,0.0,0.0,28.9,24.3,23.8,25.5,-128.7,21.6,0.0,1.0,1.0,1.0,0.0,0.0,1.0,0.0,90.0,90.0,1
2025-04-14 09:26:00,16.33,4.61,2.5,0.7,7.4,0.0,0.0,0.0,0.0,0.0,28.9,24.3,23.8,25.5,-128.7,21.5,0.0,1.0,1.0,1.0,0.0,0.0,1.0,0.0,90.0,90.0,1
2025-04-14 09:26:01,16.35,4.62,2.5,0.7,7.3,0.0,0.0,0.0,0.0,0.0,28.9,24.3,23.8,25.5,-128.7,21.6,0.0,1.0,1.0,1.0,0.0,0.0,1.0,0.0,90.0,90.0,1
2025-04-14 09:26:02,16.32,4.59,2.5,0.7,7.2,0.0,0.0,0.0,0.0,0.0,28.9,24.3,23.8,25.5,-128.7,21.6,0.0,1.0,1.0,1.0,0.0,0.0,1.0,0.0,90.0,90.0,1
2025-04-14 09:26:03,16.33,4.6,2.5,0.7,8.299999,0.0,0.0,0.0,0.0,0.0,28.9,24.3,23.8,25.5,-128.7,21.6,0.0,1.0,1.0,1.0,0.0,0.0,1.0,0.0,90.0,90.0,1
2025-04-14 09:26:04,16.33,4.6,2.5,0.7,7.2,0.0,0.0,0.0,0.0,0.0,28.9,24.3,23.8,25.5,-128.7,21.6,0.0,1.0,1.0,1.0,0.0,0.0,1.0,0.0,90.0,90.0,1
2025-04-14 09:26:05,16.33,4.62,2.5,0.7,7.099999,0.0,0.0,0.0,0.0,0.0,28.9,24.3,23.8,25.5,-128.7,21.5,0.0,1.0,1.0,1.0,0.0,0.0,1.0,0.0,90.0,90.0,1
2025-04-14 09:26:06,16.33,4.59,2.5,0.7,7.099999,0.0,0.0,0.0,0.0,0.0,28.9,24.3,23.8,25.5,-128.7,21.6,0.0,1.0,1.0,1.0,0.0,0.0,1.0,0.0,90.0,90.0,1
2025-04-14 09:26:07,16.35,4.6,2.6,0.7,7.3,0.0,0.0,0.0,0.0,0.0,28.9,24.3,23.8,25.5,-128.7,21.6,0.0,1.0,1.0,1.0,0.0,0.0,1.0,0.0,90.0,90.0,1
2025-04-14 09:26:08,16.33,4.61,2.5,0.7,7.5,0.0,0.0,0.0,0.0,0.0,28.9,24.3,23.8,25.5,-128.7,21.7,0.0,1.0,1.0,1.0,0.0,0.0,1.0,0.0,90.0,90.0,1
2025-04-14 09:26:09,16.32,4.59,2.5,0.7,6.8,0.0,0.0,0.0,0.0,0.0,28.9,24.3,23.8,25.5,-128.7,21.6,0.0,1.0,1.0,1.0,0.0,0.0,1.0,0.0,90.0,90.0,1
2025-04-14 09:26:10,16.33,4.61,2.5,0.7,7.3,0.0,0.0,0.0,0.0,0.0,28.9,24.3,23.8,25.5,-128.7,21.6,0.0,1.0,1.0,1.0,0.0,0.0,1.0,0.0,90.0,90.0,1
2025-04-14 09:26:11,16.32,4.59,2.5,0.7,7.099999,0.0,0.0,0.0,0.0,0.0,28.9,24.3,23.8,25.5,-128.7,21.7,0.0,1.0,1.0,1.0,0.0,0.0,1.0,0.0,90.0,90.0,1
2025-04-14 09:26:12,16.32,4.6,2.5,0.7,7.3,0.0,0.0,0.0,0.0,0.0,28.9,24.3,23.9,25.5,-128.7,21.6,0.0,1.0,1.0,1.0,0.0,0.0,1.0,0.0,90.0,90.0,1
2025-04-14 09:26:13,16.33,4.6,2.5,0.7,7.3,0.0,0.0,0.0,0.0,0.0,28.9,24.3,23.9,25.5,-128.7,21.6,0.0,1.0,1.0,1.0,0.0,0.0,1.0,0.0,90.0,90.0,1
2025-04-14 09:26:14,16.35,4.6,2.5,0.7,7.0,0.0,0.0,0.0,0.0,0.0,28.9,24.3,23.9,25.5,-128.7,21.6,0.0,1.0,1.0,1.0,0.0,0.0,1.0,0.0,90.0,90.0,1
2025-04-14 09:26:15,16.33,4.62,2.5,0.7,7.2,0.0,0.0,0.0,0.0,0.0,28.9,24.3,23.9,25.5,-128.7,21.5,0.0,1.0,1.0,1.0,0.0,0.0,1.0,0.0,90.0,90.0,1
2025-04-14 09:26:16,16.35,4.62,2.5,0.7,7.9,0.0,0.0,0.0,0.0,0.0,28.9,24.3,23.9,25.5,-128.7,21.6,0.0,1.0,1.0,1.0,0.0,0.0,1.0,0.0,90.0,90.0,1
2025-04-14 09:26:17,16.35,4.6,2.5,0.7,7.0,0.0,0.0,0.0,0.0,0.0,28.9,24.3,23.9,25.5,-128.7,21.5,0.0,1.0,1.0,1.0,0.0,0.0,1.0,0.0,90.0,90.0,1
2025-04-14 09:26:18,16.33,4.62,2.5,0.7,7.8,0.0,0.0,0.0,0.0,0.0,28.9,24.3,23.9,25.5,-128.7,21.6,0.0,1.0,1.0,1.0,0.0,0.0,1.0,0.0,90.0,90.0,1
2025-04-14 09:26:19,16.33,4.6,2.5,0.7,7.9,0.0,0.0,0.0,0.0,0.0,28.9,24.3,23.9,25.5,-128.7,21.7,0.0,1.0,1.0,1.0,0.0,0.0,1.0,0.0,90.0,90.0,1
2025-04-14 09:26:20,16.33,4.62,2.5,0.7,7.2,0.0,0.0,0.0,0.0,0.0,28.9,24.3,23.9,25.5,-128.7,21.5,0.0,1.0,1.0,1.0,0.0,0.0,1.0,0.0,90.0,90.0,1
2025-04-14 09:26:21,16.33,4.62,2.6,0.7,7.7,0.0,0.0,0.0,0.0,0.0,28.9,24.3,23.9,25.5,-128.7,21.6,0.0,1.0,1.0,1.0,0.0,0.0,1.0,0.0,90.0,90.0,1
2025-04-14 09:26:22,16.33,4.61,2.5,0.7,7.2,0.0,0.0,0.0,0.0,0.0,28.9,24.3,23.9,25.5,-128.7,21.6,0.0,1.0,1.0,1.0,0.0,0.0,1.0,0.0,90.0,90.0,1
2025-04-14 09:26:23,16.33,4.62,2.5,0.7,7.599999,0.0,0.0,0.0,0.0,0.0,28.9,24.3,23.9,25.5,-128.7,21.5,0.0,1.0,1.0,1.0,0.0,0.0,1.0,0.0,90.0,90.0,1
2025-04-14 09:26:24,16.35,4.6,2.5,0.7,7.3,0.0,0.0,0.0,0.0,0.0,28.9,24.3,23.9,25.5,-128.7,21.6,0.0,1.0,1.0,1.0,0.0,0.0,1.0,0.0,90.0,90.0,1
2025-04-14 09:26:25,16.36,4.62,2.5,0.7,8.0,0.0,0.0,0.0,0.0,0.0,28.9,24.3,23.9,25.5,-128.7,21.5,0.0,1.0,1.0,1.0,0.0,0.0,1.0,0.0,90.0,90.0,1
2025-04-14 09:26:26,16.35,4.62,2.5,0.7,6.9,0.0,0.0,0.0,0.0,0.0,28.9,24.3,23.9,25.5,-128.7,21.6,0.0,1.0,1.0,1.0,0.0,0.0,1.0,0.0,90.0,90.0,1
2025-04-14 09:26:27,16.36,4.61,2.5,0.7,7.8,0.0,0.0,0.0,0.0,0.0,28.9,24.3,23.9,25.5,-128.7,21.6,0.0,1.0,1.0,1.0,0.0,0.0,1.0,0.0,90.0,90.0,1
2025-04-14 09:26:28,16.36,4.62,2.5,0.7,6.9,0.0,0.0,0.0,0.0,0.0,28.9,24.3,23.9,25.5,-128.7,21.4,0.0,1.0,1.0,1.0,0.0,0.0,1.0,0.0,90.0,90.0,1
2025-04-14 09:26:29,16.36,4.62,2.5,0.7,7.7,0.0,0.0,0.0,0.0,0.0,28.9,24.3,23.9,25.5,-128.7,21.6,0.0,1.0,1.0,1.0,0.0,0.0,1.0,0.0,90.0,90.0,1
2025-04-14 09:26:30,16.35,4.62,2.5,0.7,7.099999,0.0,0.0,0.0,0.0,0.0,28.9,24.3,23.9,25.5,-128.7,21.5,0.0,1.0,1.0,1.0,0.0,0.0,1.0,0.0,90.0,90.0,1
2025-04-14 09:26:31,16.36,4.62,2.5,0.7,7.3,0.0,0.0,0.0,0.0,0.0,28.9,24.3,23.9,25.5,-128.7,21.5,0.0,1.0,1.0,1.0,0.0,0.0,1.0,0.0,90.0,90.0,1
2025-04-14 09:26:32,16.35,4.62,2.5,0.7,7.099999,0.0,0.0,0.0,0.0,0.0,28.9,24.3,23.9,25.5,-128.7,21.5,0.0,1.0,1.0,1.0,0.0,0.0,1.0,0.0,90.0,90.0,1
2025-04-14 09:26:33,16.36,4.62,2.5,0.7,8.0,0.0,0.0,0.0,0.0,0.0,28.9,24.3,23.9,25.5,-128.7,21.4,0.0,1.0,1.0,1.0,0.0,0.0,1.0,0.0,90.0,90.0,1
2025-04-14 09:26:34,16.37,4.62,2.5,0.7,7.0,0.0,0.0,0.0,0.0,0.0,28.9,24.3,23.9,25.5,-128.7,21.5,0.0,1.0,1.0,1.0,0.0,0.0,1.0,0.0,90.0,90.0,1
2025-04-14 09:26:35,16.36,4.62,2.5,0.8,7.2,0.0,0.0,0.0,0.0,0.0,28.9,24.3,23.9,25.5,-128.7,21.5,0.0,1.0,1.0,1.0,0.0,0.0,1.0,0.0,90.0,90.0,1
2025-04-14 09:26:36,16.37,4.62,2.5,0.7,7.7,0.0,0.0,0.0,0.0,0.0,28.9,24.3,24.0,25.5,-128.7,21.5,0.0,1.0,1.0,1.0,0.0,0.0,1.0,0.0,90.0,90.0,1
2025-04-14 09:26:37,16.37,4.62,2.5,0.7,7.8,0.0,0.0,0.0,0.0,0.0,28.9,24.3,24.0,25.5,-128.7,21.6,0.0,1.0,1.0,1.0,0.0,0.0,1.0,0.0,90.0,90.0,1
2025-04-14 09:26:38,16.37,4.61,2.5,0.7,7.8,0.0,0.0,0.0,0.0,0.0,28.9,24.3,24.0,25.5,-128.7,21.5,0.0,1.0,1.0,1.0,0.0,0.0,1.0,0.0,90.0,90.0,1
2025-04-14 09:26:39,16.37,4.63,2.5,0.7,7.5,0.0,0.0,0.0,0.0,0.0,28.9,24.3,24.0,25.5,-128.7,21.5,0.0,1.0,1.0,1.0,0.0,0.0,1.0,0.0,90.0,90.0,1
2025-04-14 09:26:40,16.35,4.61,2.5,0.7,7.599999,0.0,0.0,0.0,0.0,0.0,28.9,24.3,24.0,25.5,-128.7,21.6,0.0,1.0,1.0,1.0,0.0,0.0,1.0,0.0,90.0,90.0,1
2025-04-14 09:26:41,16.35,4.62,2.6,0.7,7.4,0.0,0.0,0.0,0.0,0.0,28.9,24.3,24.0,25.5,-128.7,21.5,0.0,1.0,1.0,1.0,0.0,0.0,1.0,0.0,90.0,90.0,1
2025-04-14 09:26:42,16.35,4.62,2.5,0.7,7.5,0.0,0.0,0.0,0.0,0.0,28.9,24.3,24.0,25.5,-128.7,21.5,0.0,1.0,1.0,1.0,0.0,0.0,1.0,0.0,90.0,90.0,1
2025-04-14 09:26:43,16.36,4.61,2.5,0.7,7.7,0.0,0.0,0.0,0.0,0.0,28.9,24.3,24.0,25.5,-128.7,21.6,0.0,1.0,1.0,1.0,0.0,0.0,1.0,0.0,90.0,90.0,1
2025-04-14 09:26:44,16.37,4.62,2.5,0.7,7.3,0.0,0.0,0.0,0.0,0.0,28.9,24.3,24.0,25.5,-128.7,21.5,0.0,1.0,1.0,1.0,0.0,0.0,1.0,0.0,90.0,90.0,1
2025-04-14 09:26:45,16.36,4.62,2.5,0.8,7.599999,0.0,0.0,0.0,0.0,0.0,28.9,24.3,24.0,25.6,-128.7,21.7,0.0,1.0,1.0,1.0,0.0,0.0,1.0,0.0,90.0,90.0,1
2025-04-14 09:26:46,16.37,4.62,2.5,0.7,6.8,0.0,0.0,0.0,0.0,0.0,28.9,24.3,24.0,25.6,-128.7,21.6,0.0,1.0,1.0,1.0,0.0,0.0,1.0,0.0,90.0,90.0,1
2025-04-14 09:26:47,16.36,4.62,2.5,0.8,7.3,0.0,0.0,0.0,0.0,0.0,28.9,24.3,24.0,25.6,-128.7,21.6,0.0,1.0,1.0,1.0,0.0,0.0,1.0,0.0,90.0,90.0,1
2025-04-14 09:26:48,16.35,4.61,2.6,0.7,7.7,0.0,0.0,0.0,0.0,0.0,28.9,24.3,24.0,25.6,-128.7,21.7,0.0,1.0,1.0,1.0,0.0,0.0,1.0,0.0,90.0,90.0,1
2025-04-14 09:26:49,16.36,4.62,2.5,0.7,7.8,0.0,0.0,0.0,0.0,0.0,28.9,24.3,24.0,25.6,-128.7,21.6,0.0,1.0,1.0,1.0,0.0,0.0,1.0,0.0,90.0,90.0,1
2025-04-14 09:26:50,16.35,4.62,2.5,0.7,7.0,0.0,0.0,0.0,0.0,0.0,28.9,24.3,24.0,25.6,-128.7,21.7,0.0,1.0,1.0,1.0,0.0,0.0,1.0,0.0,90.0,90.0,1
2025-04-14 09:26:51,16.35,4.62,2.5,0.7,7.9,0.0,0.0,0.0,0.0,0.0,28.9,24.3,24.0,25.6,-128.7,21.6,0.0,1.0,1.0,1.0,0.0,0.0,1.0,0.0,90.0,90.0,1
2025-04-14 09:26:52,16.32,4.62,2.5,0.7,7.599999,0.0,0.0,0.0,0.0,0.0,28.9,24.3,24.0,25.6,-128.7,21.6,0.0,1.0,1.0,1.0,0.0,0.0,1.0,0.0,90.0,90.0,1
2025-04-14 09:26:53,16.33,4.6,2.5,0.7,7.5,0.0,0.0,0.0,0.0,0.0,28.9,24.3,24.0,25.6,-128.7,21.7,0.0,1.0,1.0,1.0,0.0,0.0,1.0,0.0,90.0,90.0,1
2025-04-14 09:26:54,16.33,4.62,2.5,0.7,7.099999,0.0,0.0,0.0,0.0,0.0,28.9,24.3,24.0,25.6,-128.7,21.6,0.0,1.0,1.0,1.0,0.0,0.0,1.0,0.0,90.0,90.0,1
2025-04-14 09:26:55,16.33,4.61,2.5,0.7,8.0,0.0,0.0,0.0,0.0,0.0,28.9,24.3,24.0,25.6,-128.7,21.7,0.0,1.0,1.0,1.0,0.0,0.0,1.0,0.0,90.0,90.0,1
2025-04-14 09:26:56,16.33,4.62,2.6,0.7,7.2,0.0,0.0,0.0,0.0,0.0,28.9,24.3,24.0,25.6,-128.7,21.6,0.0,1.0,1.0,1.0,0.0,0.0,1.0,0.0,90.0,90.0,1
2025-04-14 09:26:57,16.33,4.61,2.5,0.7,7.7,0.0,0.0,0.0,0.0,0.0,28.9,24.3,24.0,25.6,-128.7,21.7,0.0,1.0,1.0,1.0,0.0,0.0,1.0,0.0,90.0,90.0,1
2025-04-14 09:26:58,16.32,4.6,2.6,0.7,7.4,0.0,0.0,0.0,0.0,0.0,28.9,24.3,24.0,25.6,-128.7,21.7,0.0,1.0,1.0,1.0,0.0,0.0,1.0,0.0,90.0,90.0,1
2025-04-14 09:26:59,16.33,4.62,2.5,0.7,7.599999,0.0,0.0,0.0,0.0,0.0,28.9,24.3,24.0,25.6,-128.7,21.6,0.0,1.0,1.0,1.0,0.0,0.0,1.0,0.0,90.0,90.0,1
2025-04-14 09:27:00,16.35,4.59,2.5,0.7,7.7,0.0,0.0,0.0,0.0,0.0,28.9,24.3,24.0,25.6,-128.7,21.7,0.0,1.0,1.0,1.0,0.0,0.0,1.0,0.0,90.0,90.0,1
2025-04-14 09:27:01,16.36,4.61,2.5,0.7,7.099999,0.0,0.0,0.0,0.0,0.0,28.9,24.3,24.0,25.6,-128.7,21.7,0.0,1.0,1.0,1.0,0.0,0.0,1.0,0.0,90.0,90.0,1
2025-04-14 09:27:02,16.35,4.6,2.5,0.7,7.9,0.0,0.0,0.0,0.0,0.0,28.9,24.3,24.0,25.6,-128.7,21.8,0.0,1.0,1.0,1.0,0.0,0.0,1.0,0.0,90.0,90.0,1
2025-04-14 09:27:03,16.33,4.61,2.5,0.7,6.7,0.0,0.0,0.0,0.0,0.0,28.9,24.3,24.0,25.6,-128.7,21.7,0.0,1.0,1.0,1.0,0.0,0.0,1.0,0.0,90.0,90.0,1
2025-04-14 09:27:04,16.37,4.61,2.5,0.7,8.599999,0.0,0.0,0.0,0.0,0.0,28.9,24.3,24.0,25.6,-128.7,21.7,0.0,1.0,1.0,1.0,0.0,0.0,1.0,0.0,90.0,90.0,1
2025-04-14 09:27:05,16.33,4.59,2.5,0.7,7.599999,0.0,0.0,0.0,0.0,0.0,28.9,24.3,24.0,25.6,-128.7,21.7,0.0,1.0,1.0,1.0,0.0,0.0,1.0,0.0,90.0,90.0,1
2025-04-14 09:27:06,16.37,4.61,2.6,0.7,7.7,0.0,0.0,0.0,0.0,0.0,28.9,24.3,24.0,25.6,-128.7,21.7,0.0,1.0,1.0,1.0,0.0,0.0,1.0,0.0,90.0,90.0,1
2025-04-14 09:27:07,16.35,4.6,2.5,0.7,7.4,0.0,0.0,0.0,0.0,0.0,28.9,24.3,24.0,25.6,-128.7,21.8,0.0,1.0,1.0,1.0,0.0,0.0,1.0,0.0,90.0,90.0,1
2025-04-14 09:27:08,16.35,4.59,2.5,0.7,7.5,0.0,0.0,0.0,0.0,0.0,28.9,24.3,24.0,25.6,-128.7,21.8,0.0,1.0,1.0,1.0,0.0,0.0,1.0,0.0,90.0,90.0,1
2025-04-14 09:27:09,16.33,4.6,2.5,0.7,7.3,0.0,0.0,0.0,0.0,0.0,28.9,24.3,24.0,25.6,-128.7,21.7,0.0,1.0,1.0,1.0,0.0,0.0,1.0,0.0,90.0,90.0,1
2025-04-14 09:27:10,16.33,4.59,2.5,0.7,7.599999,0.0,0.0,0.0,0.0,0.0,28.9,24.3,24.0,25.6,-128.7,21.7,0.0,1.0,1.0,1.0,0.0,0.0,1.0,0.0,90.0,90.0,1
2025-04-14 09:27:11,16.33,4.61,2.5,0.7,6.8,0.0,0.0,0.0,0.0,0.0,28.9,24.3,24.0,25.6,-128.7,21.6,0.0,1.0,1.0,1.0,0.0,0.0,1.0,0.0,90.0,90.0,1
2025-04-14 09:27:12,16.32,4.61,2.6,0.7,7.7,0.0,0.0,0.0,0.0,0.0,28.9,24.3,24.0,25.6,-128.7,21.7,0.0,1.0,1.0,1.0,0.0,0.0,1.0,0.0,90.0,90.0,1
2025-04-14 09:27:13,16.35,4.62,2.5,0.7,7.3,0.0,0.0,0.0,0.0,0.0,28.9,24.3,24.0,25.6,-128.7,21.6,0.0,1.0,1.0,1.0,0.0,0.0,1.0,0.0,90.0,90.0,1
2025-04-14 09:27:14,16.35,4.6,2.5,0.7,7.099999,0.0,0.0,0.0,0.0,0.0,28.9,24.3,24.0,25.6,-128.7,21.8,0.0,1.0,1.0,1.0,0.0,0.0,1.0,0.0,90.0,90.0,1
2025-04-14 09:27:15,16.35,4.59,2.5,0.7,7.9,0.0,0.0,0.0,0.0,0.0,28.9,24.3,24.0,25.6,-128.7,21.6,0.0,1.0,1.0,1.0,0.0,0.0,1.0,0.0,90.0,90.0,1
2025-04-14 09:27:16,16.33,4.61,2.5,0.7,7.2,0.0,0.0,0.0,0.0,0.0,28.9,24.3,24.0,25.6,-128.7,21.7,0.0,1.0,1.0,1.0,0.0,0.0,1.0,0.0,90.0,90.0,1
2025-04-14 09:27:17,16.36,4.59,2.5,0.7,8.0,0.0,0.0,0.0,0.0,0.0,28.9,24.3,24.0,25.6,-128.7,21.8,0.0,1.0,1.0,1.0,0.0,0.0,1.0,0.0,90.0,90.0,1
2025-04-14 09:27:18,16.35,4.61,2.5,0.7,6.8,0.0,0.0,0.0,0.0,0.0,28.9,24.3,24.0,25.6,-128.7,21.7,0.0,1.0,1.0,1.0,0.0,0.0,1.0,0.0,90.0,90.0,1
2025-04-14 09:27:19,16.35,4.6,2.5,0.8,7.599999,0.0,0.0,0.0,0.0,0.0,28.9,24.3,24.0,25.6,-128.7,21.8,0.0,1.0,1.0,1.0,0.0,0.0,1.0,0.0,90.0,90.0,1
2025-04-14 09:27:20,16.36,4.61,2.5,0.7,7.5,0.0,0.0,0.0,0.0,0.0,28.9,24.3,24.0,25.6,-128.7,21.7,0.0,1.0,1.0,1.0,0.0,0.0,1.0,0.0,90.0,90.0,1
2025-04-14 09:27:21,16.36,4.6,2.5,0.7,7.9,0.0,0.0,0.0,0.0,0.0,28.9,24.3,24.0,25.6,-128.7,21.8,0.0,1.0,1.0,1.0,0.0,0.0,1.0,0.0,90.0,90.0,1
2025-04-14 09:27:22,16.37,4.6,2.6,0.7,7.5,0.0,0.0,0.0,0.0,0.0,28.9,24.3,24.0,25.6,-128.7,21.6,0.0,1.0,1.0,1.0,0.0,0.0,1.0,0.0,90.0,90.0,1
2025-04-14 09:27:23,16.35,4.62,2.5,0.7,7.0,0.0,0.0,0.0,0.0,0.0,28.9,24.3,24.1,25.6,-128.7,21.7,0.0,1.0,1.0,1.0,0.0,0.0,1.0,0.0,90.0,90.0,1
2025-04-14 09:27:24,16.37,4.59,2.5,0.7,7.0,0.0,0.0,0.0,0.0,0.0,28.9,24.3,24.1,25.6,-128.7,21.7,0.0,1.0,1.0,1.0,0.0,0.0,1.0,0.0,90.0,90.0,1
2025-04-14 09:27:25,16.35,4.61,2.5,0.7,7.599999,0.0,0.0,0.0,0.0,0.0,28.9,24.3,24.1,25.6,-128.7,21.7,0.0,1.0,1.0,1.0,0.0,0.0,1.0,0.0,90.0,90.0,1
2025-04-14 09:27:26,16.35,4.61,2.5,0.7,7.599999,0.0,0.0,0.0,0.0,0.0,28.9,24.3,24.1,25.6,-128.7,21.8,0.0,1.0,1.0,1.0,0.0,0.0,1.0,0.0,90.0,90.0,1
2025-04-14 09:27:27,16.35,4.6,2.5,0.7,7.5,0.0,0.0,0.0,0.0,0.0,28.9,24.3,24.1,25.6,-128.7,21.6,0.0,1.0,1.0,1.0,0.0,0.0,1.0,0.0,90.0,90.0,1
2025-04-14 09:27:28,16.36,4.62,2.5,0.7,8.299999,0.0,0.0,0.0,0.0,0.0,28.9,24.3,24.1,25.6,-128.7,21.8,0.0,1.0,1.0,1.0,0.0,0.0,1.0,0.0,90.0,90.0,1
2025-04-14 09:27:29,16.35,4.6,2.5,0.7,7.599999,0.0,0.0,0.0,0.0,0.0,28.9,24.3,24.0,25.6,-128.7,21.6,0.0,1.0,1.0,1.0,0.0,0.0,1.0,0.0,90.0,90.0,1
2025-04-14 09:27:30,16.35,4.62,2.5,0.7,7.4,0.0,0.0,0.0,0.0,0.0,28.9,24.3,24.0,25.6,-128.7,21.7,0.0,1.0,1.0,1.0,0.0,0.0,1.0,0.0,90.0,90.0,1
2025-04-14 09:27:31,16.36,4.6,2.5,0.7,7.599999,0.0,0.0,0.0,0.0,0.0,28.9,24.3,24.0,25.6,-128.7,21.7,0.0,1.0,1.0,1.0,0.0,0.0,1.0,0.0,90.0,90.0,1
2025-04-14 09:27:32,16.33,4.62,2.5,0.7,7.7,0.0,0.0,0.0,0.0,0.0,28.9,24.3,24.0,25.6,-128.7,21.6,0.0,1.0,1.0,1.0,0.0,0.0,1.0,0.0,90.0,90.0,1
2025-04-14 09:27:33,16.35,4.6,2.5,0.7,7.0,0.0,0.0,0.0,0.0,0.0,28.9,24.3,24.0,25.6,-128.7,21.7,0.0,1.0,1.0,1.0,0.0,0.0,1.0,0.0,90.0,90.0,1
2025-04-14 09:27:34,16.35,4.6,2.5,0.7,7.3,0.0,0.0,0.0,0.0,0.0,28.9,24.3,24.0,25.6,-128.7,21.6,0.0,1.0,1.0,1.0,0.0,0.0,1.0,0.0,90.0,90.0,1
2025-04-14 09:27:35,16.35,4.6,2.5,0.7,7.099999,0.0,0.0,0.0,0.0,0.0,28.9,24.3,24.0,25.6,-128.7,21.7,0.0,1.0,1.0,1.0,0.0,0.0,1.0,0.0,90.0,90.0,1
2025-04-14 09:27:36,16.35,4.6,2.5,0.7,7.3,0.0,0.0,0.0,0.0,0.0,28.9,24.3,24.0,25.6,-128.7,21.7,0.0,1.0,1.0,1.0,0.0,0.0,1.0,0.0,90.0,90.0,1
2025-04-14 09:27:37,16.37,4.62,2.5,0.7,7.599999,0.0,0.0,0.0,0.0,0.0,28.9,24.3,24.0,25.6,-128.7,21.6,0.0,1.0,1.0,1.0,0.0,0.0,1.0,0.0,90.0,90.0,1
2025-04-14 09:27:38,16.38,4.6,2.5,0.7,7.3,0.0,0.0,0.0,0.0,0.0,28.9,24.3,24.0,25.6,-128.7,21.7,0.0,1.0,1.0,1.0,0.0,0.0,1.0,0.0,90.0,90.0,1
2025-04-14 09:27:39,16.37,4.62,2.5,0.7,8.099999,0.0,0.0,0.0,0.0,0.0,28.9,24.3,24.0,25.6,-128.7,21.6,0.0,1.0,1.0,1.0,0.0,0.0,1.0,0.0,90.0,90.0,1
2025-04-14 09:27:40,16.37,4.61,2.5,0.7,7.4,0.0,0.0,0.0,0.0,0.0,28.9,24.3,24.0,25.6,-128.7,21.7,0.0,1.0,1.0,1.0,0.0,0.0,1.0,0.0,90.0,90.0,1
2025-04-14 09:27:41,16.35,4.6,2.5,0.7,7.8,0.0,0.0,0.0,0.0,0.0,28.9,24.3,24.0,25.6,-128.7,21.6,0.0,1.0,1.0,1.0,0.0,0.0,1.0,0.0,90.0,90.0,1
2025-04-14 09:27:42,16.35,4.62,2.5,0.7,7.4,0.0,0.0,0.0,0.0,0.0,28.9,24.3,24.0,25.6,-128.7,21.7,0.0,1.0,1.0,1.0,0.0,0.0,1.0,0.0,90.0,90.0,1
2025-04-14 09:27:43,16.35,4.6,2.5,0.7,7.7,0.0,0.0,0.0,0.0,0.0,28.9,24.3,24.0,25.6,-128.7,21.7,0.0,1.0,1.0,1.0,0.0,0.0,1.0,0.0,90.0,90.0,1
2025-04-14 09:27:44,16.35,4.62,2.5,0.7,7.599999,0.0,0.0,0.0,0.0,0.0,28.9,24.3,24.0,25.6,-128.7,21.7,0.0,1.0,1.0,1.0,0.0,0.0,1.0,0.0,90.0,90.0,1
2025-04-14 09:27:45,16.35,4.6,2.5,0.7,7.9,0.0,0.0,0.0,0.0,0.0,28.9,24.3,24.0,25.6,-128.7,21.7,0.0,1.0,1.0,1.0,0.0,0.0,1.0,0.0,90.0,90.0,1
2025-04-14 09:27:46,16.33,4.61,2.5,0.7,7.2,0.0,0.0,0.0,0.0,0.0,28.9,24.3,24.0,25.6,-128.7,21.7,0.0,1.0,1.0,1.0,0.0,0.0,1.0,0.0,90.0,90.0,1
2025-04-14 09:27:47,16.33,4.6,2.5,0.7,7.4,0.0,0.0,0.0,0.0,0.0,28.9,24.3,24.0,25.6,-128.7,21.7,0.0,1.0,1.0,1.0,0.0,0.0,1.0,0.0,90.0,90.0,1
2025-04-14 09:27:48,16.33,4.6,2.5,0.7,7.7,0.0,0.0,0.0,0.0,0.0,28.9,24.3,24.0,25.6,-128.7,21.7,0.0,1.0,1.0,1.0,0.0,0.0,1.0,0.0,90.0,90.0,1
2025-04-14 09:27:49,16.35,4.62,2.5,0.7,6.7,0.0,0.0,0.0,0.0,0.0,28.9,24.3,24.0,25.6,-128.7,21.7,0.0,1.0,1.0,1.0,0.0,0.0,1.0,0.0,90.0,90.0,1
2025-04-14 09:27:50,16.35,4.6,2.5,0.7,7.099999,0.0,0.0,0.0,0.0,0.0,28.9,24.3,24.0,25.6,-128.7,21.7,0.0,1.0,1.0,1.0,0.0,0.0,1.0,0.0,90.0,90.0,1
2025-04-14 09:27:51,16.35,4.61,2.5,0.7,6.8,0.0,0.0,0.0,0.0,0.0,28.9,24.3,24.0,25.6,-128.7,21.7,0.0,1.0,1.0,1.0,0.0,0.0,1.0,0.0,90.0,90.0,1
2025-04-14 09:27:52,16.33,4.6,2.5,0.7,7.099999,0.0,0.0,0.0,0.0,0.0,28.9,24.3,24.0,25.6,-128.7,21.7,0.0,1.0,1.0,1.0,0.0,0.0,1.0,0.0,90.0,90.0,1
2025-04-14 09:27:53,16.33,4.62,2.5,0.7,7.0,0.0,0.0,0.0,0.0,0.0,28.9,24.3,24.0,25.6,-128.7,21.7,0.0,1.0,1.0,1.0,0.0,0.0,1.0,0.0,90.0,90.0,1
2025-04-14 09:27:54,16.36,4.6,2.5,0.8,7.3,0.0,0.0,0.0,0.0,0.0,28.9,24.3,24.0,25.6,-128.7,21.7,0.0,1.0,1.0,1.0,0.0,0.0,1.0,0.0,90.0,90.0,1
2025-04-14 09:27:55,16.37,4.6,2.5,0.7,7.599999,0.0,0.0,0.0,0.0,0.0,28.9,24.3,24.0,25.6,-128.7,21.7,0.0,1.0,1.0,1.0,0.0,0.0,1.0,0.0,90.0,90.0,1
2025-04-14 09:27:56,16.35,4.62,2.5,0.7,7.0,0.0,0.0,0.0,0.0,0.0,28.9,24.3,24.0,25.6,-128.7,21.6,0.0,1.0,1.0,1.0,0.0,0.0,1.0,0.0,90.0,90.0,1
2025-04-14 09:27:57,16.35,4.6,2.5,0.7,7.599999,0.0,0.0,0.0,0.0,0.0,28.9,24.3,24.0,25.6,-128.7,21.7,0.0,1.0,1.0,1.0,0.0,0.0,1.0,0.0,90.0,90.0,1
2025-04-14 09:27:58,16.36,4.62,2.5,0.7,7.2,0.0,0.0,0.0,0.0,0.0,28.9,24.3,24.0,25.6,-128.7,21.6,0.0,1.0,1.0,1.0,0.0,0.0,1.0,0.0,90.0,90.0,1
2025-04-14 09:27:59,16.36,4.6,2.5,0.7,7.599999,0.0,0.0,0.0,0.0,0.0,28.9,24.3,24.0,25.6,-128.7,21.8,0.0,1.0,1.0,1.0,0.0,0.0,1.0,0.0,90.0,90.0,1
2025-04-14 09:28:00,16.36,4.6,2.5,0.7,7.2,0.0,0.0,0.0,0.0,0.0,28.9,24.3,24.0,25.6,-128.7,21.7,0.0,1.0,1.0,1.0,0.0,0.0,1.0,0.0,90.0,90.0,1
2025-04-14 09:28:01,16.32,4.59,2.5,0.7,7.0,0.0,0.0,0.0,0.0,0.0,28.9,24.3,24.0,25.6,-128.7,21.7,0.0,1.0,1.0,1.0,0.0,0.0,1.0,0.0,90.0,90.0,1
2025-04-14 09:28:02,16.35,4.6,2.5,0.7,7.9,0.0,0.0,0.0,0.0,0.0,28.9,24.3,24.0,25.6,-128.7,21.7,0.0,1.0,1.0,1.0,0.0,0.0,1.0,0.0,90.0,90.0,1
2025-04-14 09:28:03,16.33,4.61,2.5,0.7,7.3,0.0,0.0,0.0,0.0,0.0,28.9,24.3,24.0,25.6,-128.7,21.7,0.0,1.0,1.0,1.0,0.0,0.0,1.0,0.0,90.0,90.0,1
2025-04-14 09:28:04,16.33,4.59,2.5,0.8,7.3,0.0,0.0,0.0,0.0,0.0,28.9,24.3,24.0,25.6,-128.7,21.8,0.0,1.0,1.0,1.0,0.0,0.0,1.0,0.0,90.0,90.0,1
2025-04-14 09:28:05,16.33,4.6,2.5,0.7,7.7,0.0,0.0,0.0,0.0,0.0,28.9,24.3,24.0,25.6,-128.7,21.7,0.0,1.0,1.0,1.0,0.0,0.0,1.0,0.0,90.0,90.0,1
2025-04-14 09:28:06,16.33,4.59,2.5,0.7,7.0,0.0,0.0,0.0,0.0,0.0,28.9,24.3,24.0,25.6,-128.7,21.8,0.0,1.0,1.0,1.0,0.0,0.0,1.0,0.0,90.0,90.0,1
2025-04-14 09:28:07,16.32,4.6,2.5,0.7,7.5,0.0,0.0,0.0,0.0,0.0,28.9,24.3,24.0,25.6,-128.7,21.7,0.0,1.0,1.0,1.0,0.0,0.0,1.0,0.0,90.0,90.0,1
2025-04-14 09:28:08,16.33,4.6,2.5,0.7,7.599999,0.0,0.0,0.0,0.0,0.0,28.9,24.3,24.0,25.6,-128.7,21.7,0.0,1.0,1.0,1.0,0.0,0.0,1.0,0.0,90.0,90.0,1
2025-04-14 09:28:09,16.35,4.59,2.5,0.7,7.599999,0.0,0.0,0.0,0.0,0.0,28.9,24.3,24.0,25.6,-128.7,21.8,0.0,1.0,1.0,1.0,0.0,0.0,1.0,0.0,90.0,90.0,1
2025-04-14 09:28:10,16.33,4.6,2.5,0.7,7.0,0.0,0.0,0.0,0.0,0.0,28.9,24.3,24.0,25.6,-128.7,21.7,0.0,1.0,1.0,1.0,0.0,0.0,1.0,0.0,90.0,90.0,1
2025-04-14 09:28:11,16.33,4.59,2.5,0.7,7.3,0.0,0.0,0.0,0.0,0.0,28.9,24.3,24.0,25.6,-128.7,21.8,0.0,1.0,1.0,1.0,0.0,0.0,1.0,0.0,90.0,90.0,1
2025-04-14 09:28:12,16.35,4.59,2.5,0.7,7.5,0.0,0.0,0.0,0.0,0.0,28.9,24.3,24.0,25.6,-128.7,21.7,0.0,1.0,1.0,1.0,0.0,0.0,1.0,0.0,90.0,90.0,1
2025-04-14 09:28:13,16.36,4.6,2.5,0.7,7.0,0.0,0.0,0.0,0.0,0.0,28.9,24.3,24.0,25.6,-128.7,21.7,0.0,1.0,1.0,1.0,0.0,0.0,1.0,0.0,90.0,90.0,1
2025-04-14 09:28:14,16.36,4.6,2.5,0.7,7.7,0.0,0.0,0.0,0.0,0.0,28.9,24.3,24.0,25.6,-128.7,21.7,0.0,1.0,1.0,1.0,0.0,0.0,1.0,0.0,90.0,90.0,1
2025-04-14 09:28:15,16.37,4.61,2.5,0.7,6.9,0.0,0.0,0.0,0.0,0.0,28.9,24.3,24.0,25.6,-128.7,21.6,0.0,1.0,1.0,1.0,0.0,0.0,1.0,0.0,90.0,90.0,1
2025-04-14 09:28:16,16.35,4.59,2.5,0.7,7.2,0.0,0.0,0.0,0.0,0.0,28.9,24.3,24.0,25.6,-128.7,21.8,0.0,1.0,1.0,1.0,0.0,0.0,1.0,0.0,90.0,90.0,1
2025-04-14 09:28:17,16.35,4.6,2.5,0.7,7.099999,0.0,0.0,0.0,0.0,0.0,28.9,24.3,24.0,25.6,-128.7,21.7,0.0,1.0,1.0,1.0,0.0,0.0,1.0,0.0,90.0,90.0,1
2025-04-14 09:28:18,16.35,4.6,2.5,0.7,7.2,0.0,0.0,0.0,0.0,0.0,28.9,24.3,24.0,25.6,-128.7,21.8,0.0,1.0,1.0,1.0,0.0,0.0,1.0,0.0,90.0,90.0,1
2025-04-14 09:28:19,16.35,4.6,2.5,0.7,7.4,0.0,0.0,0.0,0.0,0.0,28.9,24.3,24.0,25.6,-128.7,21.7,0.0,1.0,1.0,1.0,0.0,0.0,1.0,0.0,90.0,90.0,1
2025-04-14 09:28:20,16.35,4.6,2.5,0.7,7.7,0.0,0.0,0.0,0.0,0.0,28.9,24.3,24.0,25.6,-128.7,21.7,0.0,1.0,1.0,1.0,0.0,0.0,1.0,0.0,90.0,90.0,1
2025-04-14 09:28:21,16.33,4.6,2.5,0.7,8.099999,0.0,0.0,0.0,0.0,0.0,28.9,24.3,24.0,25.6,-128.7,21.7,0.0,1.0,1.0,1.0,0.0,0.0,1.0,0.0,90.0,90.0,1
2025-04-14 09:28:22,16.33,4.6,2.5,0.7,7.599999,0.0,0.0,0.0,0.0,0.0,28.9,24.3,24.0,25.6,-128.7,21.7,0.0,1.0,1.0,1.0,0.0,0.0,1.0,0.0,90.0,90.0,1
2025-04-14 09:28:23,16.33,4.59,2.5,0.7,7.4,0.0,0.0,0.0,0.0,0.0,28.9,24.3,24.0,25.6,-128.7,21.8,0.0,1.0,1.0,1.0,0.0,0.0,1.0,0.0,90.0,90.0,1
2025-04-14 09:28:24,16.32,4.61,2.5,0.7,7.9,0.0,0.0,0.0,0.0,0.0,28.9,24.3,24.0,25.6,-128.7,21.7,0.0,1.0,1.0,1.0,0.0,0.0,1.0,0.0,90.0,90.0,1
2025-04-14 09:28:25,16.32,4.59,2.5,0.7,7.5,0.0,0.0,0.0,0.0,0.0,28.9,24.3,24.0,25.6,-128.7,21.8,0.0,1.0,1.0,1.0,0.0,0.0,1.0,0.0,90.0,90.0,1
2025-04-14 09:28:26,16.35,4.6,2.5,0.7,7.5,0.0,0.0,0.0,0.0,0.0,28.9,24.3,24.0,25.6,-128.7,21.7,0.0,1.0,1.0,1.0,0.0,0.0,1.0,0.0,90.0,90.0,1
2025-04-14 09:28:27,16.35,4.6,2.5,0.7,7.3,0.0,0.0,0.0,0.0,0.0,28.9,24.3,24.0,25.6,-128.7,21.7,0.0,1.0,1.0,1.0,0.0,0.0,1.0,0.0,90.0,90.0,1
2025-04-14 09:28:28,16.35,4.59,2.5,0.7,7.2,0.0,0.0,0.0,0.0,0.0,28.9,24.3,24.0,25.6,-128.7,21.7,0.0,1.0,1.0,1.0,0.0,0.0,1.0,0.0,90.0,90.0,1
2025-04-14 09:28:29,16.35,4.6,2.5,0.7,7.599999,0.0,0.0,0.0,0.0,0.0,28.9,24.3,24.0,25.6,-128.7,21.7,0.0,1.0,1.0,1.0,0.0,0.0,1.0,0.0,90.0,90.0,1
2025-04-14 09:28:30,16.35,4.59,2.5,0.7,7.7,0.0,0.0,0.0,0.0,0.0,28.9,24.3,24.0,25.6,-128.7,21.8,0.0,1.0,1.0,1.0,0.0,0.0,1.0,0.0,90.0,90.0,1
2025-04-14 09:28:31,16.35,4.6,2.5,0.7,7.099999,0.0,0.0,0.0,0.0,0.0,28.9,24.3,24.0,25.6,-128.7,21.7,0.0,1.0,1.0,1.0,0.0,0.0,1.0,0.0,90.0,90.0,1
2025-04-14 09:28:32,16.35,4.59,2.5,0.7,7.599999,0.0,0.0,0.0,0.0,0.0,28.9,24.3,24.0,25.6,-128.7,21.8,0.0,1.0,1.0,1.0,0.0,0.0,1.0,0.0,90.0,90.0,1
2025-04-14 09:28:33,16.35,4.6,2.5,0.7,7.2,0.0,0.0,0.0,0.0,0.0,28.9,24.3,24.0,25.6,-128.7,21.7,0.0,1.0,1.0,1.0,0.0,0.0,1.0,0.0,90.0,90.0,1
2025-04-14 09:28:34,16.35,4.6,2.5,0.7,7.0,0.0,0.0,0.0,0.0,0.0,28.9,24.3,24.0,25.6,-128.7,21.7,0.0,1.0,1.0,1.0,0.0,0.0,1.0,0.0,90.0,90.0,1
2025-04-14 09:28:35,16.35,4.6,2.5,0.7,7.2,0.0,0.0,0.0,0.0,0.0,28.9,24.3,24.0,25.6,-128.7,21.7,0.0,1.0,1.0,1.0,0.0,0.0,1.0,0.0,90.0,90.0,1
2025-04-14 09:28:36,16.35,4.59,2.5,0.7,7.4,0.0,0.0,0.0,0.0,0.0,28.9,24.3,24.0,25.6,-128.7,21.8,0.0,1.0,1.0,1.0,0.0,0.0,1.0,0.0,90.0,90.0,1
2025-04-14 09:28:37,16.37,4.6,2.5,0.7,7.8,0.0,0.0,0.0,0.0,0.0,28.9,24.3,24.0,25.6,-128.7,21.7,0.0,1.0,1.0,1.0,0.0,0.0,1.0,0.0,90.0,90.0,1
2025-04-14 09:28:38,16.36,4.62,2.5,0.7,7.2,0.0,0.0,0.0,0.0,0.0,28.9,24.3,24.0,25.6,-128.7,21.7,0.0,1.0,1.0,1.0,0.0,0.0,1.0,0.0,90.0,90.0,1
2025-04-14 09:28:39,16.37,4.6,2.5,0.7,7.4,0.0,0.0,0.0,0.0,0.0,28.9,24.3,24.0,25.6,-128.7,21.7,0.0,1.0,1.0,1.0,0.0,0.0,1.0,0.0,90.0,90.0,1
2025-04-14 09:28:40,16.35,4.62,2.5,0.7,7.8,0.0,0.0,0.0,0.0,0.0,28.9,24.3,24.0,25.6,-128.7,21.7,0.0,1.0,1.0,1.0,0.0,0.0,1.0,0.0,90.0,90.0,1
2025-04-14 09:28:41,16.35,4.6,2.5,0.7,7.0,0.0,0.0,0.0,0.0,0.0,28.9,24.3,24.0,25.6,-128.7,21.7,0.0,1.0,1.0,1.0,0.0,0.0,1.0,0.0,90.0,90.0,1
2025-04-14 09:28:42,16.33,4.61,2.5,0.7,8.0,0.0,0.0,0.0,0.0,0.0,28.9,24.3,24.0,25.6,-128.7,21.7,0.0,1.0,1.0,1.0,0.0,0.0,1.0,0.0,90.0,90.0,1
2025-04-14 09:28:43,16.37,4.6,2.5,0.7,7.599999,0.0,0.0,0.0,0.0,0.0,28.9,24.3,23.9,25.6,-128.7,21.8,0.0,1.0,1.0,1.0,0.0,0.0,1.0,0.0,90.0,90.0,1
2025-04-14 09:28:44,16.35,4.61,2.5,0.7,7.599999,0.0,0.0,0.0,0.0,0.0,28.9,24.3,23.9,25.6,-128.7,21.6,0.0,1.0,1.0,1.0,0.0,0.0,1.0,0.0,90.0,90.0,1
2025-04-14 09:28:45,16.35,4.62,2.6,0.7,7.9,0.0,0.0,0.0,0.0,0.0,28.9,24.3,23.9,25.6,-128.7,21.6,0.0,1.0,1.0,1.0,0.0,0.0,1.0,0.0,90.0,90.0,1
2025-04-14 09:28:46,16.35,4.6,2.5,0.7,7.599999,0.0,0.0,0.0,0.0,0.0,28.9,24.3,23.9,25.6,-128.7,21.7,0.0,1.0,1.0,1.0,0.0,0.0,1.0,0.0,90.0,90.0,1
2025-04-14 09:28:47,16.33,4.62,2.5,0.7,8.0,0.0,0.0,0.0,0.0,0.0,28.9,24.3,23.9,25.6,-128.7,21.6,0.0,1.0,1.0,1.0,0.0,0.0,1.0,0.0,90.0,90.0,1
2025-04-14 09:28:48,16.35,4.6,2.5,0.7,7.0,0.0,0.0,0.0,0.0,0.0,28.9,24.3,23.9,25.6,-128.7,21.7,0.0,1.0,1.0,1.0,0.0,0.0,1.0,0.0,90.0,90.0,1
2025-04-14 09:28:49,16.35,4.61,2.5,0.7,7.599999,0.0,0.0,0.0,0.0,0.0,28.9,24.3,23.9,25.6,-128.7,21.7,0.0,1.0,1.0,1.0,0.0,0.0,1.0,0.0,90.0,90.0,1
2025-04-14 09:28:50,16.35,4.6,2.5,0.7,7.4,0.0,0.0,0.0,0.0,0.0,28.9,24.3,23.9,25.6,-128.7,21.7,0.0,1.0,1.0,1.0,0.0,0.0,1.0,0.0,90.0,90.0,1
2025-04-14 09:28:51,16.36,4.6,2.5,0.7,7.7,0.0,0.0,0.0,0.0,0.0,28.9,24.3,23.9,25.6,-128.7,21.7,0.0,1.0,1.0,1.0,0.0,0.0,1.0,0.0,90.0,90.0,1
2025-04-14 09:28:52,16.36,4.61,2.5,0.7,6.9,0.0,0.0,0.0,0.0,0.0,28.9,24.3,23.9,25.6,-128.7,21.6,0.0,1.0,1.0,1.0,0.0,0.0,1.0,0.0,90.0,90.0,1
2025-04-14 09:28:53,16.36,4.6,2.5,0.7,7.2,0.0,0.0,0.0,0.0,0.0,28.9,24.3,23.9,25.6,-128.7,21.7,0.0,1.0,1.0,1.0,0.0,0.0,1.0,0.0,90.0,90.0,1
2025-04-14 09:28:54,16.37,4.62,2.5,0.7,6.9,0.0,0.0,0.0,0.0,0.0,28.9,24.3,23.9,25.6,-128.7,21.6,0.0,1.0,1.0,1.0,0.0,0.0,1.0,0.0,90.0,90.0,1
2025-04-14 09:28:55,16.38,4.6,2.5,0.7,6.9,0.0,0.0,0.0,0.0,0.0,28.9,24.3,23.9,25.6,-128.7,21.7,0.0,1.0,1.0,1.0,0.0,0.0,1.0,0.0,90.0,90.0,1
2025-04-14 09:28:56,16.37,4.62,2.5,0.7,7.3,0.0,0.0,0.0,0.0,0.0,28.9,24.3,23.9,25.6,-128.7,21.6,0.0,1.0,1.0,1.0,0.0,0.0,1.0,0.0,90.0,90.0,1
2025-04-14 09:28:57,16.37,4.62,2.6,0.7,7.2,0.0,0.0,0.0,0.0,0.0,28.9,24.3,23.9,25.6,-128.7,21.7,0.0,1.0,1.0,1.0,0.0,0.0,1.0,0.0,90.0,90.0,1
2025-04-14 09:28:58,16.37,4.62,2.5,0.7,7.3,0.0,0.0,0.0,0.0,0.0,28.9,24.3,23.9,25.6,-128.7,21.6,0.0,1.0,1.0,1.0,0.0,0.0,1.0,0.0,90.0,90.0,1
2025-04-14 09:28:59,16.37,4.62,2.5,0.7,7.599999,0.0,0.0,0.0,0.0,0.0,28.9,24.3,23.9,25.6,-128.7,21.6,0.0,1.0,1.0,1.0,0.0,0.0,1.0,0.0,90.0,90.0,1
2025-04-14 09:29:00,16.37,4.61,2.5,0.7,7.3,0.0,0.0,0.0,0.0,0.0,28.9,24.3,23.9,25.6,-128.7,21.7,0.0,1.0,1.0,1.0,0.0,0.0,1.0,0.0,90.0,90.0,1
2025-04-14 09:29:01,16.38,4.62,2.5,0.7,6.8,0.0,0.0,0.0,0.0,0.0,28.9,24.3,23.9,25.6,-128.7,21.6,0.0,1.0,1.0,1.0,0.0,0.0,1.0,0.0,90.0,90.0,1
2025-04-14 09:29:02,16.37,4.6,2.5,0.7,7.2,0.0,0.0,0.0,0.0,0.0,28.9,24.3,23.9,25.6,-128.7,21.7,0.0,1.0,1.0,1.0,0.0,0.0,1.0,0.0,90.0,90.0,1
2025-04-14 09:29:03,16.37,4.62,2.5,0.7,6.7,0.0,0.0,0.0,0.0,0.0,28.9,24.3,23.9,25.6,-128.7,21.6,0.0,1.0,1.0,1.0,0.0,0.0,1.0,0.0,90.0,90.0,1
2025-04-14 09:29:04,16.37,4.62,2.5,0.7,7.2,0.0,0.0,0.0,0.0,0.0,28.9,24.3,23.9,25.6,-128.7,21.6,0.0,1.0,1.0,1.0,0.0,0.0,1.0,0.0,90.0,90.0,1
2025-04-14 09:29:05,16.37,4.6,2.5,0.7,7.4,0.0,0.0,0.0,0.0,0.0,28.9,24.3,23.9,25.6,-128.7,21.7,0.0,1.0,1.0,1.0,0.0,0.0,1.0,0.0,90.0,90.0,1
2025-04-14 09:29:06,16.37,4.61,2.5,0.7,7.2,0.0,0.0,0.0,0.0,0.0,28.9,24.3,23.8,25.6,-128.7,21.7,0.0,1.0,1.0,1.0,0.0,0.0,1.0,0.0,90.0,90.0,1
2025-04-14 09:29:07,16.36,4.6,2.5,0.7,7.0,0.0,0.0,0.0,0.0,0.0,28.9,24.3,23.8,25.6,-128.7,21.7,0.0,1.0,1.0,1.0,0.0,0.0,1.0,0.0,90.0,90.0,1
2025-04-14 09:29:08,16.36,4.62,2.5,0.7,7.5,0.0,0.0,0.0,0.0,0.0,28.9,24.3,23.8,25.6,-128.7,21.6,0.0,1.0,1.0,1.0,0.0,0.0,1.0,0.0,90.0,90.0,1
2025-04-14 09:29:09,16.37,4.6,2.5,0.7,7.0,0.0,0.0,0.0,0.0,0.0,28.9,24.3,23.8,25.6,-128.7,21.7,0.0,1.0,1.0,1.0,0.0,0.0,1.0,0.0,90.0,90.0,1
2025-04-14 09:29:10,16.37,4.62,2.5,0.7,7.3,0.0,0.0,0.0,0.0,0.0,28.9,24.3,23.8,25.6,-128.7,21.6,0.0,1.0,1.0,1.0,0.0,0.0,1.0,0.0,90.0,90.0,1
2025-04-14 09:29:11,16.37,4.61,2.5,0.7,7.4,0.0,0.0,0.0,0.0,0.0,28.9,24.3,23.8,25.6,-128.7,21.7,0.0,1.0,1.0,1.0,0.0,0.0,1.0,0.0,90.0,90.0,1
2025-04-14 09:29:12,16.37,4.61,2.5,0.7,6.9,0.0,0.0,0.0,0.0,0.0,28.9,24.3,23.8,25.6,-128.7,21.7,0.0,1.0,1.0,1.0,0.0,0.0,1.0,0.0,90.0,90.0,1
2025-04-14 09:29:13,16.37,4.62,2.5,0.7,7.4,0.0,0.0,0.0,0.0,0.0,28.9,24.3,23.8,25.6,-128.7,21.6,0.0,1.0,1.0,1.0,0.0,0.0,1.0,0.0,90.0,90.0,1
2025-04-14 09:29:14,16.37,4.6,2.5,0.7,7.2,0.0,0.0,0.0,0.0,0.0,28.9,24.3,23.8,25.6,-128.7,21.7,0.0,1.0,1.0,1.0,0.0,0.0,1.0,0.0,90.0,90.0,1
2025-04-14 09:29:15,16.38,4.62,2.5,0.7,7.4,0.0,0.0,0.0,0.0,0.0,28.9,24.3,23.8,25.6,-128.7,21.6,0.0,1.0,1.0,1.0,0.0,0.0,1.0,0.0,90.0,90.0,1
2025-04-14 09:29:16,16.4,4.6,2.5,0.7,7.0,0.0,0.0,0.0,0.0,0.0,28.9,24.3,23.8,25.6,-128.7,21.7,0.0,1.0,1.0,1.0,0.0,0.0,1.0,0.0,90.0,90.0,1
2025-04-14 09:29:17,16.38,4.62,2.5,0.7,7.7,0.0,0.0,0.0,0.0,0.0,28.9,24.3,23.8,25.6,-128.7,21.6,0.0,1.0,1.0,1.0,0.0,0.0,1.0,0.0,90.0,90.0,1
2025-04-14 09:29:18,16.41,4.6,2.5,0.7,6.8,0.0,0.0,0.0,0.0,0.0,28.9,24.3,23.8,25.6,-128.7,21.7,0.0,1.0,1.0,1.0,0.0,0.0,1.0,0.0,90.0,90.0,1
2025-04-14 09:29:19,16.4,4.62,2.5,0.7,7.9,0.0,0.0,0.0,0.0,0.0,28.9,24.3,23.8,25.6,-128.7,21.6,0.0,1.0,1.0,1.0,0.0,0.0,1.0,0.0,90.0,90.0,1
2025-04-14 09:29:20,16.4,4.62,2.5,0.7,6.9,0.0,0.0,0.0,0.0,0.0,28.9,24.3,23.8,25.6,-128.7,21.6,0.0,1.0,1.0,1.0,0.0,0.0,1.0,0.0,90.0,90.0,1
2025-04-14 09:29:21,16.38,4.62,2.5,0.8,7.7,0.0,0.0,0.0,0.0,0.0,28.9,24.3,23.7,25.6,-128.7,21.7,0.0,1.0,1.0,1.0,0.0,0.0,1.0,0.0,90.0,90.0,1
2025-04-14 09:29:22,16.4,4.62,2.5,0.7,7.5,0.0,0.0,0.0,0.0,0.0,28.9,24.3,23.7,25.6,-128.7,21.6,0.0,1.0,1.0,1.0,0.0,0.0,1.0,0.0,90.0,90.0,1
2025-04-14 09:29:23,16.37,4.62,2.5,0.7,7.7,0.0,0.0,0.0,0.0,0.0,28.9,24.3,23.7,25.6,-128.7,21.7,0.0,1.0,1.0,1.0,0.0,0.0,1.0,0.0,90.0,90.0,1
2025-04-14 09:29:24,16.37,4.62,2.5,0.7,7.099999,0.0,0.0,0.0,0.0,0.0,28.9,24.3,23.7,25.6,-128.7,21.6,0.0,1.0,1.0,1.0,0.0,0.0,1.0,0.0,90.0,90.0,1
2025-04-14 09:29:25,16.37,4.62,2.5,0.7,7.2,0.0,0.0,0.0,0.0,0.0,28.9,24.3,23.7,25.6,-128.7,21.6,0.0,1.0,1.0,1.0,0.0,0.0,1.0,0.0,90.0,90.0,1
2025-04-14 09:29:26,16.38,4.61,2.5,0.7,7.5,0.0,0.0,0.0,0.0,0.0,28.9,24.3,23.7,25.6,-128.7,21.6,0.0,1.0,1.0,1.0,0.0,0.0,1.0,0.0,90.0,90.0,1
2025-04-14 09:29:27,16.38,4.63,2.5,0.7,7.0,0.0,0.0,0.0,0.0,0.0,28.9,24.3,23.7,25.6,-128.7,21.5,0.0,1.0,1.0,1.0,0.0,0.0,1.0,0.0,90.0,90.0,1
2025-04-14 09:29:28,16.4,4.62,2.5,0.7,7.5,0.0,0.0,0.0,0.0,0.0,28.9,24.3,23.7,25.6,-128.7,21.6,0.0,1.0,1.0,1.0,0.0,0.0,1.0,0.0,90.0,90.0,1
2025-04-14 09:29:29,16.4,4.61,2.5,0.7,7.4,0.0,0.0,0.0,0.0,0.0,28.9,24.4,23.7,25.6,-128.7,21.6,0.0,1.0,1.0,1.0,0.0,0.0,1.0,0.0,90.0,90.0,1
2025-04-14 09:29:30,16.4,4.62,2.5,0.7,7.9,0.0,0.0,0.0,0.0,0.0,28.9,24.4,23.7,25.6,-128.7,21.6,0.0,1.0,1.0,1.0,0.0,0.0,1.0,0.0,90.0,90.0,1
2025-04-14 09:29:31,16.41,4.62,2.5,0.7,6.599999,0.0,0.0,0.0,0.0,0.0,28.9,24.4,23.7,25.6,-128.7,21.7,0.0,1.0,1.0,1.0,0.0,0.0,1.0,0.0,90.0,90.0,1
2025-04-14 09:29:32,16.4,4.62,2.5,0.7,7.0,0.0,0.0,0.0,0.0,0.0,28.9,24.4,23.7,25.6,-128.7,21.6,0.0,1.0,1.0,1.0,0.0,0.0,1.0,0.0,90.0,90.0,1
2025-04-14 09:29:33,16.38,4.62,2.5,0.7,7.7,0.0,0.0,0.0,0.0,0.0,28.9,24.4,23.7,25.6,-128.7,21.6,0.0,1.0,1.0,1.0,0.0,0.0,1.0,0.0,90.0,90.0,1
2025-04-14 09:29:34,16.37,4.62,2.5,0.8,7.4,0.0,0.0,0.0,0.0,0.0,28.9,24.4,23.6,25.6,-128.7,21.6,0.0,1.0,1.0,1.0,0.0,0.0,1.0,0.0,90.0,90.0,1
2025-04-14 09:29:35,16.38,4.62,2.5,0.7,7.099999,0.0,0.0,0.0,0.0,0.0,28.9,24.4,23.6,25.6,-128.7,21.6,0.0,1.0,1.0,1.0,0.0,0.0,1.0,0.0,90.0,90.0,1
2025-04-14 09:29:36,16.37,4.61,2.5,0.7,7.7,0.0,0.0,0.0,0.0,0.0,28.9,24.4,23.6,25.6,-128.7,21.7,0.0,1.0,1.0,1.0,0.0,0.0,1.0,0.0,90.0,90.0,1
2025-04-14 09:29:37,16.37,4.62,2.5,0.7,7.0,0.0,0.0,0.0,0.0,0.0,28.9,24.4,23.6,25.6,-128.7,21.5,0.0,1.0,1.0,1.0,0.0,0.0,1.0,0.0,90.0,90.0,1
2025-04-14 09:29:38,16.4,4.62,2.5,0.8,7.5,0.0,0.0,0.0,0.0,0.0,28.9,24.4,23.6,25.6,-128.7,21.6,0.0,1.0,1.0,1.0,0.0,0.0,1.0,0.0,90.0,90.0,1
2025-04-14 09:29:39,16.4,4.61,2.5,0.7,7.599999,0.0,0.0,0.0,0.0,0.0,28.9,24.4,23.6,25.6,-128.7,21.7,0.0,1.0,1.0,1.0,0.0,0.0,1.0,0.0,90.0,90.0,1
2025-04-14 09:29:40,16.41,4.63,2.5,0.7,8.099999,0.0,0.0,0.0,0.0,0.0,28.9,24.4,23.6,25.6,-128.7,21.6,0.0,1.0,1.0,1.0,0.0,0.0,1.0,0.0,90.0,90.0,1
2025-04-14 09:29:41,16.42,4.62,2.5,0.7,7.2,0.0,0.0,0.0,0.0,0.0,28.9,24.4,23.6,25.6,-128.7,21.6,0.0,1.0,1.0,1.0,0.0,0.0,1.0,0.0,90.0,90.0,1
2025-04-14 09:29:42,16.41,4.62,2.5,0.7,7.4,0.0,0.0,0.0,0.0,0.0,28.9,24.4,23.6,25.6,-128.7,21.6,0.0,1.0,1.0,1.0,0.0,0.0,1.0,0.0,90.0,90.0,1
2025-04-14 09:29:43,16.4,4.63,2.5,0.7,7.5,0.0,0.0,0.0,0.0,0.0,28.9,24.4,23.6,25.6,-128.7,21.5,0.0,1.0,1.0,1.0,0.0,0.0,1.0,0.0,90.0,90.0,1
2025-04-14 09:29:44,16.41,4.62,2.5,0.7,7.9,0.0,0.0,0.0,0.0,0.0,28.9,24.4,23.6,25.6,-128.7,21.6,0.0,1.0,1.0,1.0,0.0,0.0,1.0,0.0,90.0,90.0,1
2025-04-14 09:29:45,16.38,4.62,2.5,0.7,7.2,0.0,0.0,0.0,0.0,0.0,28.9,24.4,23.6,25.6,-128.7,21.5,0.0,1.0,1.0,1.0,0.0,0.0,1.0,0.0,90.0,90.0,1
2025-04-14 09:29:46,16.38,4.63,2.5,0.7,7.7,0.0,0.0,0.0,0.0,0.0,28.9,24.4,23.6,25.6,-128.7,21.6,0.0,1.0,1.0,1.0,0.0,0.0,1.0,0.0,90.0,90.0,1
2025-04-14 09:29:47,16.38,4.62,2.5,0.7,7.2,0.0,0.0,0.0,0.0,0.0,28.9,24.4,23.6,25.6,-128.7,21.6,0.0,1.0,1.0,1.0,0.0,0.0,1.0,0.0,90.0,90.0,1
2025-04-14 09:29:48,16.38,4.63,2.5,0.7,7.7,0.0,0.0,0.0,0.0,0.0,28.9,24.4,23.6,25.6,-128.7,21.5,0.0,1.0,1.0,1.0,0.0,0.0,1.0,0.0,90.0,90.0,1
2025-04-14 09:29:49,16.4,4.62,2.5,0.7,7.2,0.0,0.0,0.0,0.0,0.0,28.9,24.4,23.5,25.6,-128.7,21.6,0.0,1.0,1.0,1.0,0.0,0.0,1.0,0.0,90.0,90.0,1
2025-04-14 09:29:50,16.4,4.63,2.5,0.7,7.0,0.0,0.0,0.0,0.0,0.0,28.9,24.4,23.5,25.6,-128.7,21.5,0.0,1.0,1.0,1.0,0.0,0.0,1.0,0.0,90.0,90.0,1
2025-04-14 09:29:51,16.38,4.63,2.5,0.7,7.4,0.0,0.0,0.0,0.0,0.0,28.9,24.4,23.5,25.6,-128.7,21.6,0.0,1.0,1.0,1.0,0.0,0.0,1.0,0.0,90.0,90.0,1
2025-04-14 09:29:52,16.41,4.62,2.5,0.7,7.0,0.0,0.0,0.0,0.0,0.0,28.9,24.4,23.5,25.6,-128.7,21.6,0.0,1.0,1.0,1.0,0.0,0.0,1.0,0.0,90.0,90.0,1
2025-04-14 09:29:53,16.41,4.63,2.5,0.7,7.599999,0.0,0.0,0.0,0.0,0.0,28.9,24.4,23.5,25.6,-128.7,21.6,0.0,1.0,1.0,1.0,0.0,0.0,1.0,0.0,90.0,90.0,1
2025-04-14 09:29:54,16.41,4.62,2.5,0.7,7.2,0.0,0.0,0.0,0.0,0.0,28.9,24.4,23.5,25.6,-128.7,21.6,0.0,1.0,1.0,1.0,0.0,0.0,1.0,0.0,90.0,90.0,1
2025-04-14 09:29:55,16.4,4.63,2.5,0.7,7.4,0.0,0.0,0.0,0.0,0.0,28.9,24.4,23.5,25.6,-128.7,21.5,0.0,1.0,1.0,1.0,0.0,0.0,1.0,0.0,90.0,90.0,1
2025-04-14 09:29:56,16.4,4.62,2.5,0.7,7.4,0.0,0.0,0.0,0.0,0.0,28.9,24.4,23.5,25.6,-128.7,21.6,0.0,1.0,1.0,1.0,0.0,0.0,1.0,0.0,90.0,90.0,1
2025-04-14 09:29:57,16.41,4.63,2.5,0.7,7.3,0.0,0.0,0.0,0.0,0.0,28.9,24.4,23.5,25.6,-128.7,21.6,0.0,1.0,1.0,1.0,0.0,0.0,1.0,0.0,90.0,90.0,1
2025-04-14 09:29:58,16.41,4.63,2.5,0.7,7.5,0.0,0.0,0.0,0.0,0.0,28.9,24.4,23.5,25.6,-128.7,21.6,0.0,1.0,1.0,1.0,0.0,0.0,1.0,0.0,90.0,90.0,1
2025-04-14 09:29:59,16.41,4.62,2.5,0.7,7.3,0.0,0.0,0.0,0.0,0.0,28.9,24.4,23.5,25.6,-128.7,21.6,0.0,1.0,1.0,1.0,0.0,0.0,1.0,0.0,90.0,90.0,1
2025-04-14 09:30:00,16.4,4.63,2.5,0.7,6.9,0.0,0.0,0.0,0.0,0.0,28.9,24.4,23.5,25.6,-128.7,21.5,0.0,1.0,1.0,1.0,0.0,0.0,1.0,0.0,90.0,90.0,1
2025-04-14 09:30:01,16.41,4.62,2.5,0.7,7.5,0.0,0.0,0.0,0.0,0.0,28.9,24.4,23.5,25.6,-128.7,21.6,0.0,1.0,1.0,1.0,0.0,0.0,1.0,0.0,90.0,90.0,1
2025-04-14 09:30:02,16.4,4.63,2.5,0.7,7.4,0.0,0.0,0.0,0.0,0.0,28.9,24.4,23.5,25.6,-128.7,21.5,0.0,1.0,1.0,1.0,0.0,0.0,1.0,0.0,90.0,90.0,1
2025-04-14 09:30:03,16.41,4.62,2.5,0.7,7.4,0.0,0.0,0.0,0.0,0.0,28.9,24.4,23.5,25.6,-128.7,21.6,0.0,1.0,1.0,1.0,0.0,0.0,1.0,0.0,90.0,90.0,1
2025-04-14 09:30:04,16.4,4.62,2.5,0.7,7.599999,0.0,0.0,0.0,0.0,0.0,28.9,24.4,23.5,25.6,-128.7,21.6,0.0,1.0,1.0,1.0,0.0,0.0,1.0,0.0,90.0,90.0,1
2025-04-14 09:30:05,16.38,4.64,2.5,0.7,7.0,0.0,0.0,0.0,0.0,0.0,28.9,24.4,23.5,25.6,-128.7,21.5,0.0,1.0,1.0,1.0,0.0,0.0,1.0,0.0,90.0,90.0,1
2025-04-14 09:30:06,16.38,4.62,2.5,0.7,8.0,0.0,0.0,0.0,0.0,0.0,28.9,24.4,23.5,25.6,-128.7,21.6,0.0,1.0,1.0,1.0,0.0,0.0,1.0,0.0,90.0,90.0,1
2025-04-14 09:30:07,16.38,4.63,2.5,0.7,7.7,0.0,0.0,0.0,0.0,0.0,28.9,24.4,23.5,25.6,-128.7,21.5,0.0,1.0,1.0,1.0,0.0,0.0,1.0,0.0,90.0,90.0,1
2025-04-14 09:30:08,16.4,4.62,2.5,0.7,7.0,0.0,0.0,0.0,0.0,0.0,28.9,24.4,23.5,25.6,-128.7,21.6,0.0,1.0,1.0,1.0,0.0,0.0,1.0,0.0,90.0,90.0,1
2025-04-14 09:30:09,16.41,4.62,2.6,0.7,7.599999,0.0,0.0,0.0,0.0,0.0,28.9,24.4,23.4,25.6,-128.7,21.6,0.0,1.0,1.0,1.0,0.0,0.0,1.0,0.0,90.0,90.0,1
2025-04-14 09:30:10,16.41,4.63,2.5,0.7,6.9,0.0,0.0,0.0,0.0,0.0,28.9,24.4,23.4,25.6,-128.7,21.5,0.0,1.0,1.0,1.0,0.0,0.0,1.0,0.0,90.0,90.0,1
2025-04-14 09:30:11,16.41,4.62,2.6,0.7,7.7,0.0,0.0,0.0,0.0,0.0,28.9,24.4,23.4,25.6,-128.7,21.6,0.0,1.0,1.0,1.0,0.0,0.0,1.0,0.0,90.0,90.0,1
2025-04-14 09:30:12,16.41,4.63,2.5,0.7,7.099999,0.0,0.0,0.0,0.0,0.0,28.9,24.4,23.4,25.6,-128.7,21.5,0.0,1.0,1.0,1.0,0.0,0.0,1.0,0.0,90.0,90.0,1
2025-04-14 09:30:13,16.4,4.63,2.5,0.7,6.8,0.0,0.0,0.0,0.0,0.0,28.9,24.4,23.4,25.6,-128.7,21.6,0.0,1.0,1.0,1.0,0.0,0.0,1.0,0.0,90.0,90.0,1
2025-04-14 09:30:14,16.38,4.62,2.5,0.7,7.3,0.0,0.0,0.0,0.0,0.0,28.9,24.4,23.4,25.6,-128.7,21.6,0.0,1.0,1.0,1.0,0.0,0.0,1.0,0.0,90.0,90.0,1
2025-04-14 09:30:15,16.4,4.62,2.5,0.7,7.2,0.0,0.0,0.0,0.0,0.0,28.9,24.4,23.4,25.6,-128.7,21.6,0.0,1.0,1.0,1.0,0.0,0.0,1.0,0.0,90.0,90.0,1
2025-04-14 09:30:16,16.38,4.6,2.5,0.7,7.4,0.0,0.0,0.0,0.0,0.0,28.9,24.4,23.4,25.5,-128.7,21.5,0.0,1.0,1.0,1.0,0.0,0.0,1.0,0.0,90.0,90.0,1
2025-04-14 09:30:17,16.38,4.62,2.5,0.7,6.8,0.0,0.0,0.0,0.0,0.0,28.9,24.4,23.4,25.5,-128.7,21.4,0.0,1.0,1.0,1.0,0.0,0.0,1.0,0.0,90.0,90.0,1
2025-04-14 09:30:18,16.4,4.62,2.5,0.7,6.7,0.0,0.0,0.0,0.0,0.0,28.9,24.4,23.4,25.5,-128.7,21.5,0.0,1.0,1.0,1.0,0.0,0.0,1.0,0.0,90.0,90.0,1
2025-04-14 09:30:19,16.38,4.62,2.5,0.7,6.9,0.0,0.0,0.0,0.0,0.0,28.9,24.4,23.4,25.5,-128.7,21.5,0.0,1.0,1.0,1.0,0.0,0.0,1.0,0.0,90.0,90.0,1
2025-04-14 09:30:20,16.4,4.62,2.5,0.7,7.599999,0.0,0.0,0.0,0.0,0.0,28.9,24.4,23.4,25.5,-128.7,21.5,0.0,1.0,1.0,1.0,0.0,0.0,1.0,0.0,90.0,90.0,1
2025-04-14 09:30:21,16.4,4.62,2.5,0.7,7.599999,0.0,0.0,0.0,0.0,0.0,28.9,24.4,23.4,25.5,-128.7,21.5,0.0,1.0,1.0,1.0,0.0,0.0,1.0,0.0,90.0,90.0,1
2025-04-14 09:30:22,16.41,4.62,2.5,0.7,7.5,0.0,0.0,0.0,0.0,0.0,28.9,24.4,23.4,25.5,-128.7,21.4,0.0,1.0,1.0,1.0,0.0,0.0,1.0,0.0,90.0,90.0,1
2025-04-14 09:30:23,16.4,4.62,2.6,0.7,7.099999,0.0,0.0,0.0,0.0,0.0,28.9,24.4,23.4,25.5,-128.7,21.5,0.0,1.0,1.0,1.0,0.0,0.0,1.0,0.0,90.0,90.0,1
2025-04-14 09:30:24,16.41,4.62,2.5,0.7,7.5,0.0,0.0,0.0,0.0,0.0,28.9,24.4,23.4,25.5,-128.7,21.4,0.0,1.0,1.0,1.0,0.0,0.0,1.0,0.0,90.0,90.0,1
2025-04-14 09:30:25,16.4,4.62,2.5,0.7,6.9,0.0,0.0,0.0,0.0,0.0,28.9,24.4,23.4,25.5,-128.7,21.5,0.0,1.0,1.0,1.0,0.0,0.0,1.0,0.0,90.0,90.0,1
2025-04-14 09:30:26,16.37,4.6,2.5,0.7,7.2,0.0,0.0,0.0,0.0,0.0,28.9,24.4,23.4,25.5,-128.7,21.6,0.0,1.0,1.0,1.0,0.0,0.0,1.0,0.0,90.0,90.0,1
2025-04-14 09:30:27,16.4,4.61,2.5,0.7,7.7,0.0,0.0,0.0,0.0,0.0,28.9,24.4,23.4,25.5,-128.7,21.5,0.0,1.0,1.0,1.0,0.0,0.0,1.0,0.0,90.0,90.0,1
2025-04-14 09:30:28,16.38,4.62,2.5,0.7,7.3,0.0,0.0,0.0,0.0,0.0,28.9,24.4,23.4,25.5,-128.7,21.5,0.0,1.0,1.0,1.0,0.0,0.0,1.0,0.0,90.0,90.0,1
2025-04-14 09:30:29,16.38,4.6,2.6,0.7,7.4,0.0,0.0,0.0,0.0,0.0,28.9,24.4,23.4,25.5,-128.7,21.5,0.0,1.0,1.0,1.0,0.0,0.0,1.0,0.0,90.0,90.0,1
2025-04-14 09:30:30,16.38,4.63,2.5,0.7,7.3,0.0,0.0,0.0,0.0,0.0,28.9,24.4,23.4,25.5,-128.7,21.5,0.0,1.0,1.0,1.0,0.0,0.0,1.0,0.0,90.0,90.0,1
2025-04-14 09:30:31,16.38,4.62,2.5,0.7,7.0,0.0,0.0,0.0,0.0,0.0,28.9,24.4,23.4,25.5,-128.7,21.5,0.0,1.0,1.0,1.0,0.0,0.0,1.0,0.0,90.0,90.0,1
2025-04-14 09:30:32,16.4,4.62,2.5,0.7,7.4,0.0,0.0,0.0,0.0,0.0,28.9,24.4,23.4,25.5,-128.7,21.5,0.0,1.0,1.0,1.0,0.0,0.0,1.0,0.0,90.0,90.0,1
2025-04-14 09:30:33,16.4,4.62,2.5,0.7,7.599999,0.0,0.0,0.0,0.0,0.0,28.9,24.4,23.4,25.5,-128.7,21.5,0.0,1.0,1.0,1.0,0.0,0.0,1.0,0.0,90.0,90.0,1
2025-04-14 09:30:34,16.38,4.62,2.5,0.7,7.7,0.0,0.0,0.0,0.0,0.0,28.9,24.4,23.4,25.5,-128.7,21.5,0.0,1.0,1.0,1.0,0.0,0.0,1.0,0.0,90.0,90.0,1
2025-04-14 09:30:35,16.38,4.62,2.5,0.7,7.0,0.0,0.0,0.0,0.0,0.0,28.9,24.4,23.4,25.5,-128.7,21.5,0.0,1.0,1.0,1.0,0.0,0.0,1.0,0.0,90.0,90.0,1
2025-04-14 09:30:36,16.37,4.63,2.5,0.7,7.599999,0.0,0.0,0.0,0.0,0.0,28.9,24.4,23.4,25.5,-128.7,21.5,0.0,1.0,1.0,1.0,0.0,0.0,1.0,0.0,90.0,90.0,1
2025-04-14 09:30:37,16.37,4.62,2.6,0.7,7.0,0.0,0.0,0.0,0.0,0.0,28.9,24.4,23.4,25.5,-128.7,21.5,0.0,1.0,1.0,1.0,0.0,0.0,1.0,0.0,90.0,90.0,1
2025-04-14 09:30:38,16.36,4.62,2.5,0.7,7.099999,0.0,0.0,0.0,0.0,0.0,28.9,24.4,23.4,25.5,-128.7,21.5,0.0,1.0,1.0,1.0,0.0,0.0,1.0,0.0,90.0,90.0,1
2025-04-14 09:30:39,16.37,4.62,2.5,0.7,7.2,0.0,0.0,0.0,0.0,0.0,28.9,24.4,23.4,25.5,-128.7,21.5,0.0,1.0,1.0,1.0,0.0,0.0,1.0,0.0,90.0,90.0,1
2025-04-14 09:30:40,16.37,4.62,2.5,0.7,7.5,0.0,0.0,0.0,0.0,0.0,28.9,24.4,23.4,25.5,-128.7,21.5,0.0,1.0,1.0,1.0,0.0,0.0,1.0,0.0,90.0,90.0,1
2025-04-14 09:30:41,16.37,4.61,2.5,0.7,7.5,0.0,0.0,0.0,0.0,0.0,28.9,24.4,23.4,25.5,-128.7,21.6,0.0,1.0,1.0,1.0,0.0,0.0,1.0,0.0,90.0,90.0,1
2025-04-14 09:30:42,16.37,4.6,2.5,0.7,7.2,0.0,0.0,0.0,0.0,0.0,28.9,24.4,23.4,25.5,-128.7,21.5,0.0,1.0,1.0,1.0,0.0,0.0,1.0,0.0,90.0,90.0,1
2025-04-14 09:30:43,16.37,4.62,2.6,0.7,7.0,0.0,0.0,0.0,0.0,0.0,28.9,24.4,23.4,25.5,-128.7,21.5,0.0,1.0,1.0,1.0,0.0,0.0,1.0,0.0,90.0,90.0,1
2025-04-14 09:30:44,16.37,4.6,2.5,0.7,6.9,0.0,0.0,0.0,0.0,0.0,28.9,24.4,23.4,25.5,-128.7,21.6,0.0,1.0,1.0,1.0,0.0,0.0,1.0,0.0,90.0,90.0,1
2025-04-14 09:30:45,16.37,4.61,2.6,0.7,7.099999,0.0,0.0,0.0,0.0,0.0,28.9,24.4,23.4,25.5,-128.7,21.5,0.0,1.0,1.0,1.0,0.0,0.0,1.0,0.0,90.0,90.0,1
2025-04-14 09:30:46,16.37,4.62,2.5,0.7,7.0,0.0,0.0,0.0,0.0,0.0,28.9,24.4,23.4,25.5,-128.7,21.5,0.0,1.0,1.0,1.0,0.0,0.0,1.0,0.0,90.0,90.0,1
2025-04-14 09:30:47,16.37,4.61,2.5,0.7,7.2,0.0,0.0,0.0,0.0,0.0,28.9,24.4,23.4,25.5,-128.7,21.6,0.0,1.0,1.0,1.0,0.0,0.0,1.0,0.0,90.0,90.0,1
2025-04-14 09:30:48,16.35,4.62,2.5,0.7,7.099999,0.0,0.0,0.0,0.0,0.0,28.9,24.4,23.4,25.5,-128.7,21.5,0.0,1.0,1.0,1.0,0.0,0.0,1.0,0.0,90.0,90.0,1
2025-04-14 09:30:49,16.37,4.6,2.5,0.7,7.7,0.0,0.0,0.0,0.0,0.0,28.9,24.4,23.4,25.5,-128.7,21.6,0.0,1.0,1.0,1.0,0.0,0.0,1.0,0.0,90.0,90.0,1
2025-04-14 09:30:50,16.35,4.59,2.5,0.7,6.9,0.0,0.0,0.0,0.0,0.0,28.9,24.4,23.4,25.5,-128.7,21.6,0.0,1.0,1.0,1.0,0.0,0.0,1.0,0.0,90.0,90.0,1
2025-04-14 09:30:51,16.36,4.61,2.5,0.7,7.599999,0.0,0.0,0.0,0.0,0.0,28.9,24.4,23.4,25.5,-128.7,21.7,0.0,1.0,1.0,1.0,0.0,0.0,1.0,0.0,90.0,90.0,1
2025-04-14 09:30:52,16.35,4.59,2.5,0.7,7.4,0.0,0.0,0.0,0.0,0.0,28.9,24.4,23.4,25.5,-128.7,21.6,0.0,1.0,1.0,1.0,0.0,0.0,1.0,0.0,90.0,90.0,1
2025-04-14 09:30:53,16.33,4.62,2.5,0.7,7.099999,0.0,0.0,0.0,0.0,0.0,28.9,24.4,23.4,25.5,-128.7,21.5,0.0,1.0,1.0,1.0,0.0,0.0,1.0,0.0,90.0,90.0,1
2025-04-14 09:30:54,16.35,4.6,2.5,0.7,7.5,0.0,0.0,0.0,0.0,0.0,28.9,24.4,23.4,25.5,-128.7,21.7,0.0,1.0,1.0,1.0,0.0,0.0,1.0,0.0,90.0,90.0,1
2025-04-14 09:30:55,16.35,4.6,2.5,0.7,7.0,0.0,0.0,0.0,0.0,0.0,28.9,24.4,23.4,25.5,-128.7,21.5,0.0,1.0,1.0,1.0,0.0,0.0,1.0,0.0,90.0,90.0,1
2025-04-14 09:30:56,16.35,4.6,2.5,0.7,7.3,0.0,0.0,0.0,0.0,0.0,28.9,24.4,23.4,25.5,-128.7,21.6,0.0,1.0,1.0,1.0,0.0,0.0,1.0,0.0,90.0,90.0,1
2025-04-14 09:30:57,16.33,4.59,2.5,0.7,7.4,0.0,0.0,0.0,0.0,0.0,28.9,24.4,23.4,25.5,-128.7,21.6,0.0,1.0,1.0,1.0,0.0,0.0,1.0,0.0,90.0,90.0,1
2025-04-14 09:30:58,16.35,4.61,2.5,0.7,7.0,0.0,0.0,0.0,0.0,0.0,28.9,24.4,23.4,25.5,-128.7,21.6,0.0,1.0,1.0,1.0,0.0,0.0,1.0,0.0,90.0,90.0,1
2025-04-14 09:30:59,16.35,4.59,2.5,0.7,7.8,0.0,0.0,0.0,0.0,0.0,28.9,24.4,23.4,25.5,-128.7,21.7,0.0,1.0,1.0,1.0,0.0,0.0,1.0,0.0,90.0,90.0,1
2025-04-14 09:31:00,16.35,4.61,2.5,0.7,7.3,0.0,0.0,0.0,0.0,0.0,28.9,24.4,23.4,25.5,-128.7,21.6,0.0,1.0,1.0,1.0,0.0,0.0,1.0,0.0,90.0,90.0,1
2025-04-14 09:31:01,16.35,4.59,2.5,0.7,8.299999,0.0,0.0,0.0,0.0,0.0,28.9,24.4,23.4,25.5,-128.7,21.7,0.0,1.0,1.0,1.0,0.0,0.0,1.0,0.0,90.0,90.0,1
2025-04-14 09:31:02,16.35,4.59,2.5,0.7,8.2,0.0,0.0,0.0,0.0,0.0,28.9,24.4,23.4,25.5,-128.7,21.6,0.0,1.0,1.0,1.0,0.0,0.0,1.0,0.0,90.0,90.0,1
2025-04-14 09:31:03,16.36,4.6,2.5,0.7,7.7,0.0,0.0,0.0,0.0,0.0,28.9,24.4,23.4,25.5,-128.7,21.7,0.0,1.0,1.0,1.0,0.0,0.0,1.0,0.0,90.0,90.0,1
2025-04-14 09:31:04,16.35,4.59,2.5,0.7,7.7,0.0,0.0,0.0,0.0,0.0,28.9,24.4,23.4,25.5,-128.7,21.6,0.0,1.0,1.0,1.0,0.0,0.0,1.0,0.0,90.0,90.0,1
2025-04-14 09:31:05,16.35,4.6,2.5,0.7,7.2,0.0,0.0,0.0,0.0,0.0,28.9,24.4,23.4,25.5,-128.7,21.7,0.0,1.0,1.0,1.0,0.0,0.0,1.0,0.0,90.0,90.0,1
2025-04-14 09:31:06,16.32,4.59,2.5,0.7,7.7,0.0,0.0,0.0,0.0,0.0,28.9,24.3,23.4,25.5,-128.7,21.7,0.0,1.0,1.0,1.0,0.0,0.0,1.0,0.0,90.0,90.0,1
2025-04-14 09:31:07,16.33,4.6,2.5,0.7,7.099999,0.0,0.0,0.0,0.0,0.0,28.9,24.3,23.4,25.5,-128.7,21.7,0.0,1.0,1.0,1.0,0.0,0.0,1.0,0.0,90.0,90.0,1
2025-04-14 09:31:08,16.32,4.59,2.5,0.7,6.599999,0.0,0.0,0.0,0.0,0.0,28.9,24.3,23.4,25.5,-128.7,21.7,0.0,1.0,1.0,1.0,0.0,0.0,1.0,0.0,90.0,90.0,1
2025-04-14 09:31:09,16.33,4.62,2.5,0.7,7.099999,0.0,0.0,0.0,0.0,0.0,28.9,24.3,23.4,25.5,-128.7,21.6,0.0,1.0,1.0,1.0,0.0,0.0,1.0,0.0,90.0,90.0,1
2025-04-14 09:31:10,16.33,4.59,2.5,0.7,7.2,0.0,0.0,0.0,0.0,0.0,28.9,24.3,23.4,25.5,-128.7,21.7,0.0,1.0,1.0,1.0,0.0,0.0,1.0,0.0,90.0,90.0,1
2025-04-14 09:31:11,16.32,4.6,2.5,0.7,7.099999,0.0,0.0,0.0,0.0,0.0,28.9,24.3,23.5,25.5,-128.7,21.6,0.0,1.0,1.0,1.0,0.0,0.0,1.0,0.0,90.0,90.0,1
2025-04-14 09:31:12,16.31,4.6,2.5,0.7,7.099999,0.0,0.0,0.0,0.0,0.0,28.9,24.3,23.5,25.5,-128.7,21.7,0.0,1.0,1.0,1.0,0.0,0.0,1.0,0.0,90.0,90.0,1
2025-04-14 09:31:13,16.31,4.59,2.5,0.7,7.099999,0.0,0.0,0.0,0.0,0.0,28.9,24.3,23.5,25.5,-128.7,21.7,0.0,1.0,1.0,1.0,0.0,0.0,1.0,0.0,90.0,90.0,1
2025-04-14 09:31:14,16.31,4.6,2.5,0.7,7.5,0.0,0.0,0.0,0.0,0.0,28.9,24.3,23.5,25.5,-128.7,21.7,0.0,1.0,1.0,1.0,0.0,0.0,1.0,0.0,90.0,90.0,1
2025-04-14 09:31:15,16.3,4.59,2.5,0.7,7.2,0.0,0.0,0.0,0.0,0.0,28.9,24.3,23.5,25.5,-128.7,21.7,0.0,1.0,1.0,1.0,0.0,0.0,1.0,0.0,90.0,90.0,1
2025-04-14 09:31:16,16.3,4.6,2.5,0.7,7.3,0.0,0.0,0.0,0.0,0.0,28.9,24.3,23.5,25.5,-128.7,21.6,0.0,1.0,1.0,1.0,0.0,0.0,1.0,0.0,90.0,90.0,1
2025-04-14 09:31:17,16.3,4.6,2.5,0.7,7.599999,0.0,0.0,0.0,0.0,0.0,28.9,24.3,23.5,25.5,-128.7,21.7,0.0,1.0,1.0,1.0,0.0,0.0,1.0,0.0,90.0,90.0,1
2025-04-14 09:31:18,16.3,4.6,2.5,0.7,7.8,0.0,0.0,0.0,0.0,0.0,28.9,24.3,23.5,25.5,-128.7,21.7,0.0,1.0,1.0,1.0,0.0,0.0,1.0,0.0,90.0,90.0,1
2025-04-14 09:31:19,16.3,4.59,2.5,0.7,7.5,0.0,0.0,0.0,0.0,0.0,28.9,24.3,23.5,25.5,-128.7,21.7,0.0,1.0,1.0,1.0,0.0,0.0,1.0,0.0,90.0,90.0,1
2025-04-14 09:31:20,16.31,4.59,2.5,0.7,7.4,0.0,0.0,0.0,0.0,0.0,28.9,24.3,23.5,25.5,-128.7,21.7,0.0,1.0,1.0,1.0,0.0,0.0,1.0,0.0,90.0,90.0,1
2025-04-14 09:31:21,16.29,4.6,2.5,0.7,8.099999,0.0,0.0,0.0,0.0,0.0,28.9,24.3,23.5,25.5,-128.7,21.7,0.0,1.0,1.0,1.0,0.0,0.0,1.0,0.0,90.0,90.0,1
2025-04-14 09:31:22,16.31,4.58,2.5,0.7,8.0,0.0,0.0,0.0,0.0,0.0,28.9,24.3,23.5,25.5,-128.7,21.7,0.0,1.0,1.0,1.0,0.0,0.0,1.0,0.0,90.0,90.0,1
2025-04-14 09:31:23,16.3,4.59,2.5,0.7,7.599999,0.0,0.0,0.0,0.0,0.0,28.9,24.3,23.5,25.5,-128.7,21.7,0.0,1.0,1.0,1.0,0.0,0.0,1.0,0.0,90.0,90.0,1
2025-04-14 09:31:24,16.31,4.59,2.5,0.7,7.5,0.0,0.0,0.0,0.0,0.0,28.9,24.3,23.5,25.5,-128.7,21.7,0.0,1.0,1.0,1.0,0.0,0.0,1.0,0.0,90.0,90.0,1
2025-04-14 09:31:25,16.3,4.58,2.5,0.7,7.7,0.0,0.0,0.0,0.0,0.0,28.9,24.3,23.5,25.5,-128.7,21.7,0.0,1.0,1.0,1.0,0.0,0.0,1.0,0.0,90.0,90.0,1
2025-04-14 09:31:26,16.3,4.59,2.5,0.7,6.9,0.0,0.0,0.0,0.0,0.0,28.9,24.3,23.5,25.5,-128.7,21.7,0.0,1.0,1.0,1.0,0.0,0.0,1.0,0.0,90.0,90.0,1
2025-04-14 09:31:27,16.3,4.58,2.5,0.7,7.3,0.0,0.0,0.0,0.0,0.0,28.9,24.3,23.5,25.5,-128.7,21.7,0.0,1.0,1.0,1.0,0.0,0.0,1.0,0.0,90.0,90.0,1
2025-04-14 09:31:28,16.3,4.59,2.5,0.7,7.5,0.0,0.0,0.0,0.0,0.0,28.9,24.3,23.5,25.5,-128.7,21.7,0.0,1.0,1.0,1.0,0.0,0.0,1.0,0.0,90.0,90.0,1
2025-04-14 09:31:29,16.3,4.58,2.5,0.7,7.599999,0.0,0.0,0.0,0.0,0.0,28.9,24.3,23.5,25.5,-128.7,21.7,0.0,1.0,1.0,1.0,0.0,0.0,1.0,0.0,90.0,90.0,1
2025-04-14 09:31:30,16.27,4.59,2.5,0.7,8.099999,0.0,0.0,0.0,0.0,0.0,28.9,24.3,23.5,25.5,-128.7,21.7,0.0,1.0,1.0,1.0,0.0,0.0,1.0,0.0,90.0,90.0,1
2025-04-14 09:31:31,16.29,4.58,2.5,0.7,7.099999,0.0,0.0,0.0,0.0,0.0,28.9,24.3,23.5,25.5,-128.7,21.7,0.0,1.0,1.0,1.0,0.0,0.0,1.0,0.0,90.0,90.0,1
2025-04-14 09:31:32,16.27,4.59,2.5,0.7,7.3,0.0,0.0,0.0,0.0,0.0,28.9,24.3,23.5,25.5,-128.7,21.6,0.0,1.0,1.0,1.0,0.0,0.0,1.0,0.0,90.0,90.0,1
2025-04-14 09:31:33,16.27,4.59,2.5,0.7,7.9,0.0,0.0,0.0,0.0,0.0,28.9,24.3,23.5,25.5,-128.7,21.7,0.0,1.0,1.0,1.0,0.0,0.0,1.0,0.0,90.0,90.0,1
2025-04-14 09:31:34,16.27,4.58,2.5,0.7,7.599999,0.0,0.0,0.0,0.0,0.0,28.9,24.3,23.5,25.5,-128.7,21.7,0.0,1.0,1.0,1.0,0.0,0.0,1.0,0.0,90.0,90.0,1
2025-04-14 09:31:35,16.27,4.6,2.5,0.7,7.5,0.0,0.0,0.0,0.0,0.0,28.9,24.3,23.5,25.5,-128.7,21.7,0.0,1.0,1.0,1.0,0.0,0.0,1.0,0.0,90.0,90.0,1
2025-04-14 09:31:36,16.26,4.58,2.5,0.7,6.9,0.0,0.0,0.0,0.0,0.0,28.9,24.3,23.5,25.5,-128.7,21.8,0.0,1.0,1.0,1.0,0.0,0.0,1.0,0.0,90.0,90.0,1
2025-04-14 09:31:37,16.27,4.59,2.5,0.7,7.2,0.0,0.0,0.0,0.0,0.0,28.9,24.3,23.5,25.5,-128.7,21.7,0.0,1.0,1.0,1.0,0.0,0.0,1.0,0.0,90.0,90.0,1
2025-04-14 09:31:38,16.27,4.58,2.5,0.7,7.099999,0.0,0.0,0.0,0.0,0.0,28.9,24.3,23.5,25.5,-128.7,21.7,0.0,1.0,1.0,1.0,0.0,0.0,1.0,0.0,90.0,90.0,1
2025-04-14 09:31:39,16.27,4.58,2.5,0.7,7.3,0.0,0.0,0.0,0.0,0.0,28.9,24.3,23.5,25.5,-128.7,21.7,0.0,1.0,1.0,1.0,0.0,0.0,1.0,0.0,90.0,90.0,1
2025-04-14 09:31:40,16.26,4.59,2.6,0.7,8.0,0.0,0.0,0.0,0.0,0.0,28.9,24.3,23.5,25.5,-128.7,21.7,0.0,1.0,1.0,1.0,0.0,0.0,1.0,0.0,90.0,90.0,1
2025-04-14 09:31:41,16.27,4.58,2.5,0.7,7.4,0.0,0.0,0.0,0.0,0.0,28.9,24.3,23.6,25.5,-128.7,21.7,0.0,1.0,1.0,1.0,0.0,0.0,1.0,0.0,90.0,90.0,1
2025-04-14 09:31:42,16.29,4.59,2.6,0.7,7.9,0.0,0.0,0.0,0.0,0.0,28.9,24.3,23.6,25.5,-128.7,21.7,0.0,1.0,1.0,1.0,0.0,0.0,1.0,0.0,90.0,90.0,1
2025-04-14 09:31:43,16.27,4.58,2.5,0.7,7.0,0.0,0.0,0.0,0.0,0.0,28.9,24.3,23.6,25.5,-128.7,21.7,0.0,1.0,1.0,1.0,0.0,0.0,1.0,0.0,90.0,90.0,1
2025-04-14 09:31:44,16.27,4.59,2.5,0.7,7.0,0.0,0.0,0.0,0.0,0.0,28.9,24.3,23.6,25.5,-128.7,21.7,0.0,1.0,1.0,1.0,0.0,0.0,1.0,0.0,90.0,90.0,1
2025-04-14 09:31:45,16.27,4.59,2.5,0.7,7.0,0.0,0.0,0.0,0.0,0.0,28.9,24.3,23.6,25.5,-128.7,21.7,0.0,1.0,1.0,1.0,0.0,0.0,1.0,0.0,90.0,90.0,1
2025-04-14 09:31:46,16.26,4.6,2.5,0.7,7.599999,0.0,0.0,0.0,0.0,0.0,28.9,24.3,23.6,25.5,-128.7,21.6,0.0,1.0,1.0,1.0,0.0,0.0,1.0,0.0,90.0,90.0,1
2025-04-14 09:31:47,16.27,4.59,2.5,0.7,7.599999,0.0,0.0,0.0,0.0,0.0,28.9,24.3,23.6,25.5,-128.7,21.7,0.0,1.0,1.0,1.0,0.0,0.0,1.0,0.0,90.0,90.0,1
2025-04-14 09:31:48,16.3,4.59,2.5,0.7,7.7,0.0,0.0,0.0,0.0,0.0,28.9,24.3,23.6,25.5,-128.7,21.6,0.0,1.0,1.0,1.0,0.0,0.0,1.0,0.0,90.0,90.0,1
2025-04-14 09:31:49,16.27,4.6,2.5,0.7,6.8,0.0,0.0,0.0,0.0,0.0,28.9,24.3,23.6,25.5,-128.7,21.7,0.0,1.0,1.0,1.0,0.0,0.0,1.0,0.0,90.0,90.0,1
2025-04-14 09:31:50,16.27,4.59,2.5,0.7,6.8,0.0,0.0,0.0,0.0,0.0,28.9,24.3,23.6,25.5,-128.7,21.6,0.0,1.0,1.0,1.0,0.0,0.0,1.0,0.0,90.0,90.0,1
2025-04-14 09:31:51,16.27,4.6,2.5,0.7,6.599999,0.0,0.0,0.0,0.0,0.0,28.9,24.3,23.6,25.5,-128.7,21.6,0.0,1.0,1.0,1.0,0.0,0.0,1.0,0.0,90.0,90.0,1
2025-04-14 09:31:52,16.29,4.59,2.5,0.7,7.9,0.0,0.0,0.0,0.0,0.0,28.9,24.3,23.6,25.5,-128.7,21.7,0.0,1.0,1.0,1.0,0.0,0.0,1.0,0.0,90.0,90.0,1
2025-04-14 09:31:53,16.27,4.6,2.5,0.7,7.7,0.0,0.0,0.0,0.0,0.0,28.9,24.3,23.6,25.5,-128.7,21.6,0.0,1.0,1.0,1.0,0.0,0.0,1.0,0.0,90.0,90.0,1
2025-04-14 09:31:54,16.25,4.59,2.5,0.7,7.3,0.0,0.0,0.0,0.0,0.0,28.9,24.3,23.6,25.5,-128.7,21.7,0.0,1.0,1.0,1.0,0.0,0.0,1.0,0.0,90.0,90.0,1
2025-04-14 09:31:55,16.26,4.59,2.5,0.7,7.099999,0.0,0.0,0.0,0.0,0.0,28.9,24.3,23.6,25.5,-128.7,21.7,0.0,1.0,1.0,1.0,0.0,0.0,1.0,0.0,90.0,90.0,1
2025-04-14 09:31:56,16.26,4.6,2.5,0.7,7.3,0.0,0.0,0.0,0.0,0.0,28.9,24.3,23.6,25.5,-128.7,21.7,0.0,1.0,1.0,1.0,0.0,0.0,1.0,0.0,90.0,90.0,1
2025-04-14 09:31:57,16.27,4.58,2.5,0.7,7.7,0.0,0.0,0.0,0.0,0.0,28.9,24.3,23.6,25.5,-128.7,21.7,0.0,1.0,1.0,1.0,0.0,0.0,1.0,0.0,90.0,90.0,1
2025-04-14 09:31:58,16.26,4.59,2.5,0.7,7.599999,0.0,0.0,0.0,0.0,0.0,28.9,24.3,23.6,25.5,-128.7,21.7,0.0,1.0,1.0,1.0,0.0,0.0,1.0,0.0,90.0,90.0,1
2025-04-14 09:31:59,16.26,4.59,2.5,0.7,6.599999,0.0,0.0,0.0,0.0,0.0,28.9,24.3,23.6,25.5,-128.7,21.7,0.0,1.0,1.0,1.0,0.0,0.0,1.0,0.0,90.0,90.0,1
2025-04-14 09:32:00,16.26,4.59,2.5,0.7,7.0,0.0,0.0,0.0,0.0,0.0,28.9,24.3,23.6,25.5,-128.7,21.6,0.0,1.0,1.0,1.0,0.0,0.0,1.0,0.0,90.0,90.0,1
2025-04-14 09:32:01,16.29,4.59,2.5,0.7,6.7,0.0,0.0,0.0,0.0,0.0,28.9,24.3,23.6,25.5,-128.7,21.7,0.0,1.0,1.0,1.0,0.0,0.0,1.0,0.0,90.0,90.0,1
2025-04-14 09:32:02,16.27,4.59,2.5,0.7,7.4,0.0,0.0,0.0,0.0,0.0,28.9,24.3,23.6,25.5,-128.7,21.7,0.0,1.0,1.0,1.0,0.0,0.0,1.0,0.0,90.0,90.0,1
2025-04-14 09:32:03,16.27,4.6,2.5,0.7,7.9,0.0,0.0,0.0,0.0,0.0,28.9,24.3,23.7,25.5,-128.7,21.7,0.0,1.0,1.0,1.0,0.0,0.0,1.0,0.0,90.0,90.0,1
2025-04-14 09:32:04,16.29,4.59,2.5,0.7,7.599999,0.0,0.0,0.0,0.0,0.0,28.8,24.3,23.7,25.5,-128.7,21.7,0.0,1.0,1.0,1.0,0.0,0.0,1.0,0.0,90.0,90.0,1
2025-04-14 09:32:05,16.27,4.59,2.5,0.7,7.4,0.0,0.0,0.0,0.0,0.0,28.8,24.3,23.7,25.5,-128.7,21.7,0.0,1.0,1.0,1.0,0.0,0.0,1.0,0.0,90.0,90.0,1
2025-04-14 09:32:06,16.27,4.59,2.5,0.7,7.099999,0.0,0.0,0.0,0.0,0.0,28.8,24.3,23.7,25.5,-128.7,21.7,0.0,1.0,1.0,1.0,0.0,0.0,1.0,0.0,90.0,90.0,1
2025-04-14 09:32:07,16.27,4.59,2.5,0.7,7.2,0.0,0.0,0.0,0.0,0.0,28.8,24.3,23.7,25.5,-128.7,21.6,0.0,1.0,1.0,1.0,0.0,0.0,1.0,0.0,90.0,90.0,1
2025-04-14 09:32:08,16.27,4.59,2.5,0.7,7.8,0.0,0.0,0.0,0.0,0.0,28.8,24.3,23.7,25.5,-128.7,21.7,0.0,1.0,1.0,1.0,0.0,0.0,1.0,0.0,90.0,90.0,1
2025-04-14 09:32:09,16.27,4.59,2.5,0.7,8.7,0.0,0.0,0.0,0.0,0.0,28.8,24.3,23.7,25.5,-128.7,21.6,0.0,1.0,1.0,1.0,0.0,0.0,1.0,0.0,90.0,90.0,1
2025-04-14 09:32:10,16.27,4.61,2.5,0.7,7.5,0.0,0.0,0.0,0.0,0.0,28.8,24.3,23.7,25.5,-128.7,21.6,0.0,1.0,1.0,1.0,0.0,0.0,1.0,0.0,90.0,90.0,1
2025-04-14 09:32:11,16.26,4.59,2.5,0.7,7.0,0.0,0.0,0.0,0.0,0.0,28.8,24.3,23.7,25.5,-128.7,21.6,0.0,1.0,1.0,1.0,0.0,0.0,1.0,0.0,90.0,90.0,1
2025-04-14 09:32:12,16.27,4.61,2.5,0.7,7.2,0.0,0.0,0.0,0.0,0.0,28.8,24.3,23.7,25.5,-128.7,21.6,0.0,1.0,1.0,1.0,0.0,0.0,1.0,0.0,90.0,90.0,1
2025-04-14 09:32:13,16.25,4.59,2.5,0.7,7.3,0.0,0.0,0.0,0.0,0.0,28.8,24.3,23.7,25.5,-128.7,21.7,0.0,1.0,1.0,1.0,0.0,0.0,1.0,0.0,90.0,90.0,1
2025-04-14 09:32:14,16.25,4.6,2.5,0.7,6.8,0.0,0.0,0.0,0.0,0.0,28.8,24.3,23.7,25.5,-128.7,21.6,0.0,1.0,1.0,1.0,0.0,0.0,1.0,0.0,90.0,90.0,1
2025-04-14 09:32:15,16.26,4.61,2.5,0.7,6.5,0.0,0.0,0.0,0.0,0.0,28.8,24.3,23.7,25.5,-128.7,21.7,0.0,1.0,1.0,1.0,0.0,0.0,1.0,0.0,90.0,90.0,1
2025-04-14 09:32:16,16.27,4.59,2.5,0.7,7.3,0.0,0.0,0.0,0.0,0.0,28.8,24.3,23.7,25.5,-128.7,21.6,0.0,1.0,1.0,1.0,0.0,0.0,1.0,0.0,90.0,90.0,1
2025-04-14 09:32:17,16.27,4.61,2.5,0.7,7.599999,0.0,0.0,0.0,0.0,0.0,28.8,24.3,23.7,25.5,-128.7,21.6,0.0,1.0,1.0,1.0,0.0,0.0,1.0,0.0,90.0,90.0,1
2025-04-14 09:32:18,16.27,4.59,2.5,0.8,7.599999,0.0,0.0,0.0,0.0,0.0,28.8,24.3,23.7,25.5,-128.7,21.7,0.0,1.0,1.0,1.0,0.0,0.0,1.0,0.0,90.0,90.0,1
2025-04-14 09:32:19,16.27,4.6,2.5,0.7,8.0,0.0,0.0,0.0,0.0,0.0,28.8,24.3,23.7,25.5,-128.7,21.6,0.0,1.0,1.0,1.0,0.0,0.0,1.0,0.0,90.0,90.0,1
2025-04-14 09:32:20,16.26,4.59,2.5,0.7,7.9,0.0,0.0,0.0,0.0,0.0,28.8,24.3,23.7,25.5,-128.7,21.7,0.0,1.0,1.0,1.0,0.0,0.0,1.0,0.0,90.0,90.0,1
2025-04-14 09:32:21,16.29,4.6,2.6,0.7,7.0,0.0,0.0,0.0,0.0,0.0,28.8,24.2,23.7,25.5,-128.7,21.7,0.0,1.0,1.0,1.0,0.0,0.0,1.0,0.0,90.0,90.0,1
2025-04-14 09:32:22,16.27,4.6,2.5,0.7,7.2,0.0,0.0,0.0,0.0,0.0,28.8,24.2,23.8,25.5,-128.7,21.6,0.0,1.0,1.0,1.0,0.0,0.0,1.0,0.0,90.0,90.0,1
2025-04-14 09:32:23,16.27,4.59,2.6,0.7,7.4,0.0,0.0,0.0,0.0,0.0,28.8,24.2,23.8,25.5,-128.7,21.7,0.0,1.0,1.0,1.0,0.0,0.0,1.0,0.0,90.0,90.0,1
2025-04-14 09:32:24,16.27,4.59,2.5,0.7,7.0,0.0,0.0,0.0,0.0,0.0,28.8,24.2,23.8,25.5,-128.7,21.6,0.0,1.0,1.0,1.0,0.0,0.0,1.0,0.0,90.0,90.0,1
2025-04-14 09:32:25,16.27,4.6,2.5,0.7,7.599999,0.0,0.0,0.0,0.0,0.0,28.8,24.2,23.8,25.5,-128.7,21.7,0.0,1.0,1.0,1.0,0.0,0.0,1.0,0.0,90.0,90.0,1
2025-04-14 09:32:26,16.27,4.59,2.5,0.7,7.599999,0.0,0.0,0.0,0.0,0.0,28.8,24.2,23.8,25.5,-128.7,21.6,0.0,1.0,1.0,1.0,0.0,0.0,1.0,0.0,90.0,90.0,1
2025-04-14 09:32:27,16.27,4.6,2.5,0.7,6.9,0.0,0.0,0.0,0.0,0.0,28.8,24.2,23.8,25.5,-128.7,21.7,0.0,1.0,1.0,1.0,0.0,0.0,1.0,0.0,90.0,90.0,1
2025-04-14 09:32:28,16.26,4.59,2.5,0.7,6.9,0.0,0.0,0.0,0.0,0.0,28.8,24.2,23.8,25.5,-128.7,21.7,0.0,1.0,1.0,1.0,0.0,0.0,1.0,0.0,90.0,90.0,1
2025-04-14 09:32:29,16.25,4.6,2.5,0.7,7.099999,0.0,0.0,0.0,0.0,0.0,28.8,24.2,23.8,25.5,-128.7,21.6,0.0,1.0,1.0,1.0,0.0,0.0,1.0,0.0,90.0,90.0,1
2025-04-14 09:32:30,16.26,4.59,2.5,0.7,6.599999,0.0,0.0,0.0,0.0,0.0,28.8,24.2,23.8,25.5,-128.7,21.7,0.0,1.0,1.0,1.0,0.0,0.0,1.0,0.0,90.0,90.0,1
2025-04-14 09:32:31,16.25,4.59,2.5,0.7,7.7,0.0,0.0,0.0,0.0,0.0,28.8,24.2,23.8,25.5,-128.7,21.6,0.0,1.0,1.0,1.0,0.0,0.0,1.0,0.0,90.0,90.0,1
2025-04-14 09:32:32,16.26,4.6,2.5,0.7,7.599999,0.0,0.0,0.0,0.0,0.0,28.8,24.2,23.8,25.5,-128.7,21.7,0.0,1.0,1.0,1.0,0.0,0.0,1.0,0.0,90.0,90.0,1
2025-04-14 09:32:33,16.26,4.59,2.5,0.7,7.0,0.0,0.0,0.0,0.0,0.0,28.8,24.2,23.8,25.5,-128.7,21.6,0.0,1.0,1.0,1.0,0.0,0.0,1.0,0.0,90.0,90.0,1
2025-04-14 09:32:34,16.26,4.61,2.5,0.7,7.8,0.0,0.0,0.0,0.0,0.0,28.8,24.2,23.8,25.5,-128.7,21.6,0.0,1.0,1.0,1.0,0.0,0.0,1.0,0.0,90.0,90.0,1
2025-04-14 09:32:35,16.27,4.6,2.5,0.7,7.8,0.0,0.0,0.0,0.0,0.0,28.8,24.2,23.8,25.5,-128.7,21.7,0.0,1.0,1.0,1.0,0.0,0.0,1.0,0.0,90.0,90.0,1
2025-04-14 09:32:36,16.25,4.59,2.5,0.7,7.099999,0.0,0.0,0.0,0.0,0.0,28.8,24.2,23.8,25.5,-128.7,21.7,0.0,1.0,1.0,1.0,0.0,0.0,1.0,0.0,90.0,90.0,1
2025-04-14 09:32:37,16.27,4.6,2.5,0.7,7.4,0.0,0.0,0.0,0.0,0.0,28.8,24.2,23.8,25.5,-128.7,21.6,0.0,1.0,1.0,1.0,0.0,0.0,1.0,0.0,90.0,90.0,1
2025-04-14 09:32:38,16.26,4.59,2.5,0.7,7.5,0.0,0.0,0.0,0.0,0.0,28.8,24.2,23.8,25.5,-128.7,21.7,0.0,1.0,1.0,1.0,0.0,0.0,1.0,0.0,90.0,90.0,1
2025-04-14 09:32:39,16.25,4.59,2.5,0.7,7.8,0.0,0.0,0.0,0.0,0.0,28.8,24.2,23.8,25.5,-128.7,21.6,0.0,1.0,1.0,1.0,0.0,0.0,1.0,0.0,90.0,90.0,1
2025-04-14 09:32:40,16.25,4.6,2.5,0.7,7.7,0.0,0.0,0.0,0.0,0.0,28.8,24.2,23.8,25.5,-128.7,21.7,0.0,1.0,1.0,1.0,0.0,0.0,1.0,0.0,90.0,90.0,1
2025-04-14 09:32:41,16.24,4.59,2.5,0.7,7.9,0.0,0.0,0.0,0.0,0.0,28.8,24.2,23.8,25.5,-128.7,21.6,0.0,1.0,1.0,1.0,0.0,0.0,1.0,0.0,90.0,90.0,1
2025-04-14 09:32:42,16.25,4.6,2.5,0.7,7.4,0.0,0.0,0.0,0.0,0.0,28.8,24.2,23.9,25.5,-128.7,21.6,0.0,1.0,1.0,1.0,0.0,0.0,1.0,0.0,90.0,90.0,1
2025-04-14 09:32:43,16.26,4.59,2.5,0.7,6.9,0.0,0.0,0.0,0.0,0.0,28.8,24.2,23.9,25.5,-128.7,21.7,0.0,1.0,1.0,1.0,0.0,0.0,1.0,0.0,90.0,90.0,1
2025-04-14 09:32:44,16.25,4.59,2.5,0.7,7.0,0.0,0.0,0.0,0.0,0.0,28.8,24.2,23.9,25.5,-128.7,21.7,0.0,1.0,1.0,1.0,0.0,0.0,1.0,0.0,90.0,90.0,1
2025-04-14 09:32:45,16.27,4.6,2.5,0.7,7.9,0.0,0.0,0.0,0.0,0.0,28.8,24.2,23.9,25.5,-128.7,21.7,0.0,1.0,1.0,1.0,0.0,0.0,1.0,0.0,90.0,90.0,1
2025-04-14 09:32:46,16.25,4.59,2.5,0.7,7.599999,0.0,0.0,0.0,0.0,0.0,28.8,24.2,23.9,25.5,-128.7,21.7,0.0,1.0,1.0,1.0,0.0,0.0,1.0,0.0,90.0,90.0,1
2025-04-14 09:32:47,16.26,4.59,2.5,0.7,7.4,0.0,0.0,0.0,0.0,0.0,28.8,24.2,23.9,25.5,-128.7,21.6,0.0,1.0,1.0,1.0,0.0,0.0,1.0,0.0,90.0,90.0,1
2025-04-14 09:32:48,16.24,4.59,2.5,0.7,7.5,0.0,0.0,0.0,0.0,0.0,28.8,24.2,23.9,25.5,-128.7,21.7,0.0,1.0,1.0,1.0,0.0,0.0,1.0,0.0,90.0,90.0,1
2025-04-14 09:32:49,16.24,4.59,2.5,0.7,7.4,0.0,0.0,0.0,0.0,0.0,28.8,24.2,23.9,25.5,-128.7,21.7,0.0,1.0,1.0,1.0,0.0,0.0,1.0,0.0,90.0,90.0,1
2025-04-14 09:32:50,16.25,4.61,2.5,0.7,7.9,0.0,0.0,0.0,0.0,0.0,28.8,24.2,23.9,25.5,-128.7,21.6,0.0,1.0,1.0,1.0,0.0,0.0,1.0,0.0,90.0,90.0,1
2025-04-14 09:32:51,16.24,4.59,2.5,0.7,7.4,0.0,0.0,0.0,0.0,0.0,28.8,24.2,23.9,25.5,-128.7,21.7,0.0,1.0,1.0,1.0,0.0,0.0,1.0,0.0,90.0,90.0,1
2025-04-14 09:32:52,16.25,4.59,2.5,0.7,7.5,0.0,0.0,0.0,0.0,0.0,28.8,24.2,23.9,25.5,-128.7,21.7,0.0,1.0,1.0,1.0,0.0,0.0,1.0,0.0,90.0,90.0,1
2025-04-14 09:32:53,16.25,4.61,2.5,0.7,7.7,0.0,0.0,0.0,0.0,0.0,28.8,24.2,23.9,25.5,-128.7,21.6,0.0,1.0,1.0,1.0,0.0,0.0,1.0,0.0,90.0,90.0,1
2025-04-14 09:32:54,16.25,4.59,2.5,0.7,7.0,0.0,0.0,0.0,0.0,0.0,28.8,24.2,23.9,25.5,-128.7,21.7,0.0,1.0,1.0,1.0,0.0,0.0,1.0,0.0,90.0,90.0,1
2025-04-14 09:32:55,16.25,4.59,2.6,0.7,7.4,0.0,0.0,0.0,0.0,0.0,28.8,24.2,23.9,25.5,-128.7,21.7,0.0,1.0,1.0,1.0,0.0,0.0,1.0,0.0,90.0,90.0,1
2025-04-14 09:32:56,16.24,4.59,2.5,0.7,6.7,0.0,0.0,0.0,0.0,0.0,28.8,24.2,23.9,25.5,-128.7,21.7,0.0,1.0,1.0,1.0,0.0,0.0,1.0,0.0,90.0,90.0,1
2025-04-14 09:32:57,16.24,4.59,2.5,0.7,7.5,0.0,0.0,0.0,0.0,0.0,28.8,24.2,23.9,25.5,-128.7,21.6,0.0,1.0,1.0,1.0,0.0,0.0,1.0,0.0,90.0,90.0,1
2025-04-14 09:32:58,16.24,4.59,2.5,0.7,7.3,0.0,0.0,0.0,0.0,0.0,28.8,24.2,23.9,25.5,-128.7,21.6,0.0,1.0,1.0,1.0,0.0,0.0,1.0,0.0,90.0,90.0,1
2025-04-14 09:32:59,16.25,4.59,2.5,0.7,7.9,0.0,0.0,0.0,0.0,0.0,28.8,24.2,23.9,25.5,-128.7,21.7,0.0,1.0,1.0,1.0,0.0,0.0,1.0,0.0,90.0,90.0,1
2025-04-14 09:33:00,16.24,4.59,2.5,0.7,7.099999,0.0,0.0,0.0,0.0,0.0,28.8,24.2,23.9,25.5,-128.7,21.7,0.0,1.0,1.0,1.0,0.0,0.0,1.0,0.0,90.0,90.0,1
2025-04-14 09:33:01,16.22,4.6,2.5,0.7,7.2,0.0,0.0,0.0,0.0,0.0,28.8,24.2,23.9,25.5,-128.7,21.7,0.0,1.0,1.0,1.0,0.0,0.0,1.0,0.0,90.0,90.0,1
2025-04-14 09:33:02,16.22,4.59,2.5,0.7,7.8,0.0,0.0,0.0,0.0,0.0,28.8,24.2,23.9,25.5,-128.7,21.7,0.0,1.0,1.0,1.0,0.0,0.0,1.0,0.0,90.0,90.0,1
2025-04-14 09:33:03,16.22,4.59,2.5,0.7,7.8,0.0,0.0,0.0,0.0,0.0,28.8,24.2,23.9,25.5,-128.7,21.7,0.0,1.0,1.0,1.0,0.0,0.0,1.0,0.0,90.0,90.0,1
2025-04-14 09:33:04,16.25,4.59,2.4,0.7,7.3,0.0,0.0,0.0,0.0,0.0,28.8,24.2,23.9,25.5,-128.7,21.7,0.0,1.0,1.0,1.0,0.0,0.0,1.0,0.0,90.0,90.0,1
2025-04-14 09:33:05,16.22,4.59,2.5,0.7,7.8,0.0,0.0,0.0,0.0,0.0,28.8,24.2,23.9,25.5,-128.7,21.7,0.0,1.0,1.0,1.0,0.0,0.0,1.0,0.0,90.0,90.0,1
2025-04-14 09:33:06,16.24,4.59,2.5,0.7,7.7,0.0,0.0,0.0,0.0,0.0,28.8,24.2,23.9,25.5,-128.7,21.7,0.0,1.0,1.0,1.0,0.0,0.0,1.0,0.0,90.0,90.0,1
2025-04-14 09:33:07,16.24,4.58,2.5,0.7,7.3,0.0,0.0,0.0,0.0,0.0,28.8,24.2,23.9,25.5,-128.7,21.7,0.0,1.0,1.0,1.0,0.0,0.0,1.0,0.0,90.0,90.0,1
2025-04-14 09:33:08,16.24,4.59,2.5,0.7,7.4,0.0,0.0,0.0,0.0,0.0,28.8,24.2,23.9,25.5,-128.7,21.7,0.0,1.0,1.0,1.0,0.0,0.0,1.0,0.0,90.0,90.0,1
2025-04-14 09:33:09,16.24,4.59,2.5,0.7,7.7,0.0,0.0,0.0,0.0,0.0,28.8,24.2,23.9,25.5,-128.7,21.7,0.0,1.0,1.0,1.0,0.0,0.0,1.0,0.0,90.0,90.0,1
2025-04-14 09:33:10,16.22,4.59,2.5,0.7,7.0,0.0,0.0,0.0,0.0,0.0,28.8,24.2,23.9,25.5,-128.7,21.7,0.0,1.0,1.0,1.0,0.0,0.0,1.0,0.0,90.0,90.0,1
2025-04-14 09:33:11,16.22,4.58,2.5,0.7,7.2,0.0,0.0,0.0,0.0,0.0,28.8,24.2,23.9,25.5,-128.7,21.7,0.0,1.0,1.0,1.0,0.0,0.0,1.0,0.0,90.0,90.0,1
2025-04-14 09:33:12,16.22,4.58,2.5,0.7,7.2,0.0,0.0,0.0,0.0,0.0,28.8,24.2,23.9,25.5,-128.7,21.7,0.0,1.0,1.0,1.0,0.0,0.0,1.0,0.0,90.0,90.0,1
2025-04-14 09:33:13,16.21,4.59,2.5,0.7,7.4,0.0,0.0,0.0,0.0,0.0,28.8,24.1,23.9,25.5,-128.7,21.7,0.0,1.0,1.0,1.0,0.0,0.0,1.0,0.0,90.0,90.0,1
2025-04-14 09:33:14,16.21,4.59,2.5,0.7,7.4,0.0,0.0,0.0,0.0,0.0,28.8,24.1,23.9,25.5,-128.7,21.7,0.0,1.0,1.0,1.0,0.0,0.0,1.0,0.0,90.0,90.0,1
2025-04-14 09:33:15,16.21,4.58,2.5,0.7,7.4,0.0,0.0,0.0,0.0,0.0,28.8,24.1,23.9,25.6,-128.7,21.8,0.0,1.0,1.0,1.0,0.0,0.0,1.0,0.0,90.0,90.0,1
2025-04-14 09:33:16,16.21,4.58,2.5,0.7,7.4,0.0,0.0,0.0,0.0,0.0,28.8,24.1,23.9,25.6,-128.7,21.8,0.0,1.0,1.0,1.0,0.0,0.0,1.0,0.0,90.0,90.0,1
2025-04-14 09:33:17,16.21,4.58,2.5,0.7,7.4,0.0,0.0,0.0,0.0,0.0,28.8,24.1,23.9,25.6,-128.7,21.8,0.0,1.0,1.0,1.0,0.0,0.0,1.0,0.0,90.0,90.0,1
2025-04-14 09:33:18,16.22,4.59,2.5,0.7,7.4,0.0,0.0,0.0,0.0,0.0,28.8,24.1,23.9,25.6,-128.7,21.8,0.0,1.0,1.0,1.0,0.0,0.0,1.0,0.0,90.0,90.0,1
2025-04-14 09:33:19,16.22,4.58,2.5,0.7,7.4,0.0,0.0,0.0,0.0,0.0,28.8,24.1,23.9,25.6,-128.7,21.8,0.0,1.0,1.0,1.0,0.0,0.0,1.0,0.0,90.0,90.0,1
2025-04-14 09:33:20,16.22,4.59,2.5,0.7,8.2,0.0,0.0,0.0,0.0,0.0,28.8,24.1,23.9,25.6,-128.7,21.8,0.0,1.0,1.0,1.0,0.0,0.0,1.0,0.0,90.0,90.0,1
2025-04-14 09:33:21,16.22,4.59,2.5,0.7,8.2,0.0,0.0,0.0,0.0,0.0,28.8,24.1,23.9,25.6,-128.7,21.8,0.0,1.0,1.0,1.0,0.0,0.0,1.0,0.0,90.0,90.0,1
2025-04-14 09:33:22,16.21,4.58,2.5,0.7,7.7,0.0,0.0,0.0,0.0,0.0,28.8,24.1,23.9,25.6,-128.7,21.8,0.0,1.0,1.0,1.0,0.0,0.0,1.0,0.0,90.0,90.0,1
2025-04-14 09:33:23,16.22,4.59,2.5,0.7,7.599999,0.0,0.0,0.0,0.0,0.0,28.8,24.1,23.9,25.6,-128.7,21.8,0.0,1.0,1.0,1.0,0.0,0.0,1.0,0.0,90.0,90.0,1
2025-04-14 09:33:24,16.21,4.59,2.5,0.7,7.5,0.0,0.0,0.0,0.0,0.0,28.8,24.1,23.9,25.6,-128.7,21.8,0.0,1.0,1.0,1.0,0.0,0.0,1.0,0.0,90.0,90.0,1
2025-04-14 09:33:25,16.21,4.59,2.5,0.7,7.0,0.0,0.0,0.0,0.0,0.0,28.8,24.1,23.9,25.6,-128.7,21.8,0.0,1.0,1.0,1.0,0.0,0.0,1.0,0.0,90.0,90.0,1
2025-04-14 09:33:26,16.21,4.59,2.5,0.7,7.0,0.0,0.0,0.0,0.0,0.0,28.8,24.1,23.9,25.6,-128.7,21.8,0.0,1.0,1.0,1.0,0.0,0.0,1.0,0.0,90.0,90.0,1
2025-04-14 09:33:27,16.2,4.59,2.5,0.7,7.5,0.0,0.0,0.0,0.0,0.0,28.8,24.1,23.9,25.6,-128.7,21.8,0.0,1.0,1.0,1.0,0.0,0.0,1.0,0.0,90.0,90.0,1
2025-04-14 09:33:28,16.21,4.59,2.5,0.7,7.0,0.0,0.0,0.0,0.0,0.0,28.8,24.1,23.9,25.6,-128.7,21.8,0.0,1.0,1.0,1.0,0.0,0.0,1.0,0.0,90.0,90.0,1
2025-04-14 09:33:29,16.21,4.59,2.5,0.7,7.0,0.0,0.0,0.0,0.0,0.0,28.8,24.1,23.9,25.6,-128.7,21.8,0.0,1.0,1.0,1.0,0.0,0.0,1.0,0.0,90.0,90.0,1
2025-04-14 09:33:30,16.22,4.57,2.5,0.7,7.2,0.0,0.0,0.0,0.0,0.0,28.8,24.1,23.9,25.6,-128.7,21.8,0.0,1.0,1.0,1.0,0.0,0.0,1.0,0.0,90.0,90.0,1
2025-04-14 09:33:31,16.22,4.59,2.5,0.7,7.3,0.0,0.0,0.0,0.0,0.0,28.8,24.1,23.9,25.6,-128.7,21.8,0.0,1.0,1.0,1.0,0.0,0.0,1.0,0.0,90.0,90.0,1
2025-04-14 09:33:32,16.22,4.59,2.5,0.7,8.2,0.0,0.0,0.0,0.0,0.0,28.8,24.1,23.9,25.6,-128.7,21.8,0.0,1.0,1.0,1.0,0.0,0.0,1.0,0.0,90.0,90.0,1
2025-04-14 09:33:33,16.22,4.59,2.5,0.7,8.2,0.0,0.0,0.0,0.0,0.0,28.8,24.1,23.9,25.6,-128.7,21.8,0.0,1.0,1.0,1.0,0.0,0.0,1.0,0.0,90.0,90.0,1
2025-04-14 09:33:34,16.21,4.59,2.5,0.7,7.4,0.0,0.0,0.0,0.0,0.0,28.8,24.1,23.9,25.6,-128.7,21.8,0.0,1.0,1.0,1.0,0.0,0.0,1.0,0.0,90.0,90.0,1
2025-04-14 09:33:35,16.21,4.58,2.5,0.7,7.5,0.0,0.0,0.0,0.0,0.0,28.8,24.1,23.9,25.6,-128.7,21.8,0.0,1.0,1.0,1.0,0.0,0.0,1.0,0.0,90.0,90.0,1
2025-04-14 09:33:36,16.2,4.59,2.5,0.7,7.099999,0.0,0.0,0.0,0.0,0.0,28.8,24.1,23.9,25.6,-128.7,21.8,0.0,1.0,1.0,1.0,0.0,0.0,1.0,0.0,90.0,90.0,1
2025-04-14 09:33:37,16.2,4.59,2.5,0.7,6.9,0.0,0.0,0.0,0.0,0.0,28.8,24.1,23.9,25.6,-128.7,21.8,0.0,1.0,1.0,1.0,0.0,0.0,1.0,0.0,90.0,90.0,1
2025-04-14 09:33:38,16.21,4.59,2.5,0.7,7.0,0.0,0.0,0.0,0.0,0.0,28.8,24.1,23.9,25.6,-128.7,21.8,0.0,1.0,1.0,1.0,0.0,0.0,1.0,0.0,90.0,90.0,1
2025-04-14 09:33:39,16.2,4.58,2.5,0.7,7.4,0.0,0.0,0.0,0.0,0.0,28.8,24.1,23.9,25.6,-128.7,21.8,0.0,1.0,1.0,1.0,0.0,0.0,1.0,0.0,90.0,90.0,1
2025-04-14 09:33:40,16.21,4.59,2.5,0.7,7.5,0.0,0.0,0.0,0.0,0.0,28.8,24.1,23.9,25.6,-128.7,21.8,0.0,1.0,1.0,1.0,0.0,0.0,1.0,0.0,90.0,90.0,1
2025-04-14 09:33:41,16.22,4.59,2.5,0.7,7.0,0.0,0.0,0.0,0.0,0.0,28.8,24.1,23.9,25.6,-128.7,21.9,0.0,1.0,1.0,1.0,0.0,0.0,1.0,0.0,90.0,90.0,1
2025-04-14 09:33:42,16.21,4.59,2.5,0.7,7.4,0.0,0.0,0.0,0.0,0.0,28.8,24.1,23.9,25.6,-128.7,21.8,0.0,1.0,1.0,1.0,0.0,0.0,1.0,0.0,90.0,90.0,1
2025-04-14 09:33:43,16.22,4.59,2.5,0.7,7.3,0.0,0.0,0.0,0.0,0.0,28.8,24.1,23.9,25.6,-128.7,21.8,0.0,1.0,1.0,1.0,0.0,0.0,1.0,0.0,90.0,90.0,1
2025-04-14 09:33:44,16.22,4.57,2.5,0.7,7.0,0.0,0.0,0.0,0.0,0.0,28.8,24.1,23.9,25.6,-128.7,21.8,0.0,1.0,1.0,1.0,0.0,0.0,1.0,0.0,90.0,90.0,1
2025-04-14 09:33:45,16.22,4.59,2.5,0.7,7.8,0.0,0.0,0.0,0.0,0.0,28.8,24.1,23.9,25.6,-128.7,21.8,0.0,1.0,1.0,1.0,0.0,0.0,1.0,0.0,90.0,90.0,1
2025-04-14 09:33:46,16.21,4.59,2.5,0.7,7.8,0.0,0.0,0.0,0.0,0.0,28.8,24.1,23.9,25.6,-128.7,21.8,0.0,1.0,1.0,1.0,0.0,0.0,1.0,0.0,90.0,90.0,1
2025-04-14 09:33:47,16.22,4.59,2.5,0.7,7.2,0.0,0.0,0.0,0.0,0.0,28.8,24.1,23.9,25.6,-128.7,21.8,0.0,1.0,1.0,1.0,0.0,0.0,1.0,0.0,90.0,90.0,1
2025-04-14 09:33:48,16.2,4.59,2.5,0.7,7.5,0.0,0.0,0.0,0.0,0.0,28.8,24.1,23.9,25.6,-128.7,21.8,0.0,1.0,1.0,1.0,0.0,0.0,1.0,0.0,90.0,90.0,1
2025-04-14 09:33:49,16.19,4.57,2.5,0.7,7.3,0.0,0.0,0.0,0.0,0.0,28.8,24.1,23.9,25.6,-128.7,21.8,0.0,1.0,1.0,1.0,0.0,0.0,1.0,0.0,90.0,90.0,1
2025-04-14 09:33:50,16.2,4.59,2.5,0.7,6.9,0.0,0.0,0.0,0.0,0.0,28.8,24.1,23.9,25.6,-128.7,21.8,0.0,1.0,1.0,1.0,0.0,0.0,1.0,0.0,90.0,90.0,1
2025-04-14 09:33:51,16.2,4.59,2.5,0.7,6.9,0.0,0.0,0.0,0.0,0.0,28.8,24.1,23.9,25.6,-128.7,21.8,0.0,1.0,1.0,1.0,0.0,0.0,1.0,0.0,90.0,90.0,1
2025-04-14 09:33:52,16.2,4.59,2.5,0.7,7.5,0.0,0.0,0.0,0.0,0.0,28.8,24.1,23.9,25.6,-128.7,21.8,0.0,1.0,1.0,1.0,0.0,0.0,1.0,0.0,90.0,90.0,1
2025-04-14 09:33:53,16.22,4.59,2.5,0.7,7.099999,0.0,0.0,0.0,0.0,0.0,28.8,24.1,23.9,25.6,-128.7,21.8,0.0,1.0,1.0,1.0,0.0,0.0,1.0,0.0,90.0,90.0,1
2025-04-14 09:33:54,16.22,4.59,2.5,0.7,7.0,0.0,0.0,0.0,0.0,0.0,28.8,24.1,23.9,25.6,-128.7,21.8,0.0,1.0,1.0,1.0,0.0,0.0,1.0,0.0,90.0,90.0,1
2025-04-14 09:33:55,16.22,4.59,2.5,0.7,8.299999,0.0,0.0,0.0,0.0,0.0,28.8,24.1,23.9,25.6,-128.7,21.8,0.0,1.0,1.0,1.0,0.0,0.0,1.0,0.0,90.0,90.0,1
2025-04-14 09:33:56,16.22,4.59,2.5,0.7,7.2,0.0,0.0,0.0,0.0,0.0,28.8,24.1,23.9,25.6,-128.7,21.8,0.0,1.0,1.0,1.0,0.0,0.0,1.0,0.0,90.0,90.0,1
2025-04-14 09:33:57,16.24,4.59,2.5,0.7,7.3,0.0,0.0,0.0,0.0,0.0,28.8,24.1,23.9,25.6,-128.7,21.8,0.0,1.0,1.0,1.0,0.0,0.0,1.0,0.0,90.0,90.0,1
2025-04-14 09:33:58,16.22,4.59,2.5,0.7,8.0,0.0,0.0,0.0,0.0,0.0,28.8,24.1,23.9,25.6,-128.7,21.8,0.0,1.0,1.0,1.0,0.0,0.0,1.0,0.0,90.0,90.0,1
2025-04-14 09:33:59,16.22,4.58,2.5,0.7,6.9,0.0,0.0,0.0,0.0,0.0,28.8,24.1,23.9,25.6,-128.7,21.8,0.0,1.0,1.0,1.0,0.0,0.0,1.0,0.0,90.0,90.0,1
2025-04-14 09:34:00,16.2,4.6,2.5,0.7,7.2,0.0,0.0,0.0,0.0,0.0,28.8,24.1,23.9,25.6,-128.7,21.7,0.0,1.0,1.0,1.0,0.0,0.0,1.0,0.0,90.0,90.0,1
2025-04-14 09:34:01,16.2,4.59,2.5,0.7,7.5,0.0,0.0,0.0,0.0,0.0,28.8,24.1,23.9,25.6,-128.7,21.8,0.0,1.0,1.0,1.0,0.0,0.0,1.0,0.0,90.0,90.0,1
2025-04-14 09:34:02,16.2,4.58,2.5,0.7,7.0,0.0,0.0,0.0,0.0,0.0,28.8,24.1,23.9,25.6,-128.7,21.8,0.0,1.0,1.0,1.0,0.0,0.0,1.0,0.0,90.0,90.0,1
2025-04-14 09:34:03,16.2,4.58,2.5,0.7,7.0,0.0,0.0,0.0,0.0,0.0,28.8,24.1,23.9,25.6,-128.7,21.8,0.0,1.0,1.0,1.0,0.0,0.0,1.0,0.0,90.0,90.0,1
2025-04-14 09:34:04,16.22,4.59,2.5,0.7,7.7,0.0,0.0,0.0,0.0,0.0,28.8,24.1,23.9,25.6,-128.7,21.8,0.0,1.0,1.0,1.0,0.0,0.0,1.0,0.0,90.0,90.0,1
2025-04-14 09:34:05,16.22,4.59,2.5,0.7,7.8,0.0,0.0,0.0,0.0,0.0,28.8,24.1,23.9,25.6,-128.7,21.8,0.0,1.0,1.0,1.0,0.0,0.0,1.0,0.0,90.0,90.0,1
2025-04-14 09:34:06,16.24,4.59,2.5,0.7,7.4,0.0,0.0,0.0,0.0,0.0,28.8,24.1,23.9,25.6,-128.7,21.8,0.0,1.0,1.0,1.0,0.0,0.0,1.0,0.0,90.0,90.0,1
2025-04-14 09:34:07,16.22,4.59,2.5,0.7,7.4,0.0,0.0,0.0,0.0,0.0,28.8,24.1,23.9,25.6,-128.7,21.8,0.0,1.0,1.0,1.0,0.0,0.0,1.0,0.0,90.0,90.0,1
2025-04-14 09:34:08,16.21,4.6,2.5,0.7,7.2,0.0,0.0,0.0,0.0,0.0,28.8,24.1,23.9,25.6,-128.7,21.7,0.0,1.0,1.0,1.0,0.0,0.0,1.0,0.0,90.0,90.0,1
2025-04-14 09:34:09,16.22,4.59,2.5,0.7,6.9,0.0,0.0,0.0,0.0,0.0,28.8,24.1,23.9,25.6,-128.7,21.8,0.0,1.0,1.0,1.0,0.0,0.0,1.0,0.0,90.0,90.0,1
2025-04-14 09:34:10,16.22,4.6,2.5,0.7,8.0,0.0,0.0,0.0,0.0,0.0,28.8,24.1,23.9,25.6,-128.7,21.7,0.0,1.0,1.0,1.0,0.0,0.0,1.0,0.0,90.0,90.0,1
2025-04-14 09:34:11,16.22,4.6,2.5,0.7,7.099999,0.0,0.0,0.0,0.0,0.0,28.8,24.1,23.9,25.6,-128.7,21.8,0.0,1.0,1.0,1.0,0.0,0.0,1.0,0.0,90.0,90.0,1
2025-04-14 09:34:12,16.2,4.59,2.5,0.7,7.099999,0.0,0.0,0.0,0.0,0.0,28.8,24.1,23.9,25.6,-128.7,21.8,0.0,1.0,1.0,1.0,0.0,0.0,1.0,0.0,90.0,90.0,1
2025-04-14 09:34:13,16.21,4.6,2.5,0.7,7.2,0.0,0.0,0.0,0.0,0.0,28.8,24.1,23.9,25.6,-128.7,21.8,0.0,1.0,1.0,1.0,0.0,0.0,1.0,0.0,90.0,90.0,1
2025-04-14 09:34:14,16.2,4.59,2.5,0.7,6.5,0.0,0.0,0.0,0.0,0.0,28.8,24.1,23.9,25.6,-128.7,21.8,0.0,1.0,1.0,1.0,0.0,0.0,1.0,0.0,90.0,90.0,1
2025-04-14 09:34:15,16.21,4.59,2.5,0.7,7.9,0.0,0.0,0.0,0.0,0.0,28.8,24.1,23.9,25.6,-128.7,21.8,0.0,1.0,1.0,1.0,0.0,0.0,1.0,0.0,90.0,90.0,1
2025-04-14 09:34:16,16.22,4.6,2.5,0.7,7.099999,0.0,0.0,0.0,0.0,0.0,28.8,24.1,23.9,25.6,-128.7,21.8,0.0,1.0,1.0,1.0,0.0,0.0,1.0,0.0,90.0,90.0,1
2025-04-14 09:34:17,16.22,4.59,2.5,0.7,7.3,0.0,0.0,0.0,0.0,0.0,28.8,24.1,23.9,25.6,-128.7,21.8,0.0,1.0,1.0,1.0,0.0,0.0,1.0,0.0,90.0,90.0,1
2025-04-14 09:34:18,16.22,4.59,2.5,0.7,7.599999,0.0,0.0,0.0,0.0,0.0,28.8,24.1,23.9,25.6,-128.7,21.8,0.0,1.0,1.0,1.0,0.0,0.0,1.0,0.0,90.0,90.0,1
2025-04-14 09:34:19,16.22,4.59,2.5,0.7,7.599999,0.0,0.0,0.0,0.0,0.0,28.8,24.1,23.9,25.6,-128.7,21.8,0.0,1.0,1.0,1.0,0.0,0.0,1.0,0.0,90.0,90.0,1
2025-04-14 09:34:20,16.22,4.59,2.5,0.7,6.9,0.0,0.0,0.0,0.0,0.0,28.8,24.1,23.9,25.6,-128.7,21.8,0.0,1.0,1.0,1.0,0.0,0.0,1.0,0.0,90.0,90.0,1
2025-04-14 09:34:21,16.22,4.6,2.5,0.7,6.9,0.0,0.0,0.0,0.0,0.0,28.8,24.1,23.9,25.6,-128.7,21.7,0.0,1.0,1.0,1.0,0.0,0.0,1.0,0.0,90.0,90.0,1
2025-04-14 09:34:22,16.22,4.59,2.5,0.7,7.599999,0.0,0.0,0.0,0.0,0.0,28.8,24.1,23.9,25.6,-128.7,21.8,0.0,1.0,1.0,1.0,0.0,0.0,1.0,0.0,90.0,90.0,1
2025-04-14 09:34:23,16.22,4.59,2.5,0.7,7.599999,0.0,0.0,0.0,0.0,0.0,28.8,24.1,23.9,25.6,-128.7,21.7,0.0,1.0,1.0,1.0,0.0,0.0,1.0,0.0,90.0,90.0,1
2025-04-14 09:34:24,16.22,4.6,2.5,0.7,7.099999,0.0,0.0,0.0,0.0,0.0,28.8,24.1,23.9,25.6,-128.7,21.8,0.0,1.0,1.0,1.0,0.0,0.0,1.0,0.0,90.0,90.0,1
2025-04-14 09:34:25,16.22,4.59,2.5,0.7,7.2,0.0,0.0,0.0,0.0,0.0,28.8,24.1,23.9,25.6,-128.7,21.8,0.0,1.0,1.0,1.0,0.0,0.0,1.0,0.0,90.0,90.0,1
2025-04-14 09:34:26,16.21,4.59,2.5,0.7,6.9,0.0,0.0,0.0,0.0,0.0,28.8,24.1,23.9,25.6,-128.7,21.8,0.0,1.0,1.0,1.0,0.0,0.0,1.0,0.0,90.0,90.0,1
2025-04-14 09:34:27,16.22,4.59,2.5,0.7,7.5,0.0,0.0,0.0,0.0,0.0,28.8,24.1,23.9,25.6,-128.7,21.8,0.0,1.0,1.0,1.0,0.0,0.0,1.0,0.0,90.0,90.0,1
2025-04-14 09:34:28,16.25,4.59,2.5,0.7,7.4,0.0,0.0,0.0,0.0,0.0,28.8,24.1,23.9,25.6,-128.7,21.8,0.0,1.0,1.0,1.0,0.0,0.0,1.0,0.0,90.0,90.0,1
2025-04-14 09:34:29,16.24,4.59,2.5,0.7,7.8,0.0,0.0,0.0,0.0,0.0,28.8,24.1,23.9,25.6,-128.7,21.7,0.0,1.0,1.0,1.0,0.0,0.0,1.0,0.0,90.0,90.0,1
2025-04-14 09:34:30,16.25,4.59,2.5,0.7,7.4,0.0,0.0,0.0,0.0,0.0,28.8,24.1,23.9,25.6,-128.7,21.8,0.0,1.0,1.0,1.0,0.0,0.0,1.0,0.0,90.0,90.0,1
2025-04-14 09:34:31,16.22,4.59,2.5,0.7,7.8,0.0,0.0,0.0,0.0,0.0,28.8,24.1,23.9,25.6,-128.7,21.7,0.0,1.0,1.0,1.0,0.0,0.0,1.0,0.0,90.0,90.0,1
2025-04-14 09:34:32,16.22,4.6,2.5,0.7,7.099999,0.0,0.0,0.0,0.0,0.0,28.8,24.1,23.9,25.6,-128.7,21.8,0.0,1.0,1.0,1.0,0.0,0.0,1.0,0.0,90.0,90.0,1
2025-04-14 09:34:33,16.22,4.59,2.5,0.7,7.2,0.0,0.0,0.0,0.0,0.0,28.8,24.1,23.9,25.6,-128.7,21.8,0.0,1.0,1.0,1.0,0.0,0.0,1.0,0.0,90.0,90.0,1
2025-04-14 09:34:34,16.22,4.59,2.6,0.7,7.3,0.0,0.0,0.0,0.0,0.0,28.8,24.1,23.9,25.6,-128.7,21.8,0.0,1.0,1.0,1.0,0.0,0.0,1.0,0.0,90.0,90.0,1
2025-04-14 09:34:35,16.24,4.59,2.5,0.7,8.099999,0.0,0.0,0.0,0.0,0.0,28.8,24.1,23.9,25.6,-128.7,21.8,0.0,1.0,1.0,1.0,0.0,0.0,1.0,0.0,90.0,90.0,1
2025-04-14 09:34:36,16.22,4.59,2.5,0.7,7.099999,0.0,0.0,0.0,0.0,0.0,28.8,24.1,23.9,25.6,-128.7,21.8,0.0,1.0,1.0,1.0,0.0,0.0,1.0,0.0,90.0,90.0,1
2025-04-14 09:34:37,16.22,4.61,2.5,0.7,8.2,0.0,0.0,0.0,0.0,0.0,28.8,24.1,23.9,25.6,-128.7,21.7,0.0,1.0,1.0,1.0,0.0,0.0,1.0,0.0,90.0,90.0,1
2025-04-14 09:34:38,16.22,4.61,2.5,0.7,8.2,0.0,0.0,0.0,0.0,0.0,28.8,24.1,23.9,25.6,-128.7,21.8,0.0,1.0,1.0,1.0,0.0,0.0,1.0,0.0,90.0,90.0,1
2025-04-14 09:34:39,16.21,4.59,2.5,0.7,7.0,0.0,0.0,0.0,0.0,0.0,28.8,24.1,23.9,25.6,-128.7,21.7,0.0,1.0,1.0,1.0,0.0,0.0,1.0,0.0,90.0,90.0,1
2025-04-14 09:34:40,16.24,4.6,2.5,0.7,7.5,0.0,0.0,0.0,0.0,0.0,28.8,24.1,23.9,25.6,-128.7,21.8,0.0,1.0,1.0,1.0,0.0,0.0,1.0,0.0,90.0,90.0,1
2025-04-14 09:34:41,16.22,4.59,2.5,0.7,7.3,0.0,0.0,0.0,0.0,0.0,28.8,24.1,23.9,25.6,-128.7,21.8,0.0,1.0,1.0,1.0,0.0,0.0,1.0,0.0,90.0,90.0,1
2025-04-14 09:34:42,16.22,4.6,2.5,0.7,7.7,0.0,0.0,0.0,0.0,0.0,28.8,24.1,23.9,25.6,-128.7,21.7,0.0,1.0,1.0,1.0,0.0,0.0,1.0,0.0,90.0,90.0,1
2025-04-14 09:34:43,16.21,4.59,2.5,0.7,7.4,0.0,0.0,0.0,0.0,0.0,28.8,24.1,23.9,25.6,-128.7,21.8,0.0,1.0,1.0,1.0,0.0,0.0,1.0,0.0,90.0,90.0,1
2025-04-14 09:34:44,16.21,4.59,2.5,0.7,7.599999,0.0,0.0,0.0,0.0,0.0,28.8,24.1,23.9,25.6,-128.7,21.8,0.0,1.0,1.0,1.0,0.0,0.0,1.0,0.0,90.0,90.0,1
2025-04-14 09:34:45,16.22,4.6,2.5,0.7,7.099999,0.0,0.0,0.0,0.0,0.0,28.8,24.1,23.9,25.6,-128.7,21.7,0.0,1.0,1.0,1.0,0.0,0.0,1.0,0.0,90.0,90.0,1
2025-04-14 09:34:46,16.24,4.59,2.5,0.7,7.099999,0.0,0.0,0.0,0.0,0.0,28.8,24.1,23.9,25.6,-128.7,21.8,0.0,1.0,1.0,1.0,0.0,0.0,1.0,0.0,90.0,90.0,1
2025-04-14 09:34:47,16.24,4.59,2.5,0.7,7.7,0.0,0.0,0.0,0.0,0.0,28.8,24.1,23.9,25.6,-128.7,21.7,0.0,1.0,1.0,1.0,0.0,0.0,1.0,0.0,90.0,90.0,1
2025-04-14 09:34:48,16.22,4.59,2.5,0.7,6.9,0.0,0.0,0.0,0.0,0.0,28.8,24.1,23.9,25.5,-128.7,21.7,0.0,1.0,1.0,1.0,0.0,0.0,1.0,0.0,90.0,90.0,1
2025-04-14 09:34:49,16.24,4.59,2.5,0.7,7.5,0.0,0.0,0.0,0.0,0.0,28.8,24.1,23.9,25.5,-128.7,21.6,0.0,1.0,1.0,1.0,0.0,0.0,1.0,0.0,90.0,90.0,1
2025-04-14 09:34:50,16.22,4.6,2.5,0.7,8.099999,0.0,0.0,0.0,0.0,0.0,28.8,24.1,23.8,25.5,-128.7,21.6,0.0,1.0,1.0,1.0,0.0,0.0,1.0,0.0,90.0,90.0,1
2025-04-14 09:34:51,16.22,4.59,2.5,0.7,7.5,0.0,0.0,0.0,0.0,0.0,28.8,24.1,23.8,25.5,-128.7,21.7,0.0,1.0,1.0,1.0,0.0,0.0,1.0,0.0,90.0,90.0,1
2025-04-14 09:34:52,16.22,4.6,2.5,0.7,8.099999,0.0,0.0,0.0,0.0,0.0,28.8,24.1,23.8,25.5,-128.7,21.6,0.0,1.0,1.0,1.0,0.0,0.0,1.0,0.0,90.0,90.0,1
2025-04-14 09:34:53,16.21,4.6,2.5,0.7,8.099999,0.0,0.0,0.0,0.0,0.0,28.8,24.1,23.8,25.5,-128.7,21.7,0.0,1.0,1.0,1.0,0.0,0.0,1.0,0.0,90.0,90.0,1
2025-04-14 09:34:54,16.22,4.59,2.5,0.7,7.2,0.0,0.0,0.0,0.0,0.0,28.8,24.1,23.8,25.5,-128.7,21.7,0.0,1.0,1.0,1.0,0.0,0.0,1.0,0.0,90.0,90.0,1
2025-04-14 09:34:55,16.2,4.59,2.5,0.7,6.7,0.0,0.0,0.0,0.0,0.0,28.8,24.1,23.8,25.5,-128.7,21.7,0.0,1.0,1.0,1.0,0.0,0.0,1.0,0.0,90.0,90.0,1
2025-04-14 09:34:56,16.22,4.59,2.5,0.7,7.2,0.0,0.0,0.0,0.0,0.0,28.8,24.1,23.8,25.5,-128.7,21.7,0.0,1.0,1.0,1.0,0.0,0.0,1.0,0.0,90.0,90.0,1
2025-04-14 09:34:57,16.21,4.59,2.5,0.7,7.3,0.0,0.0,0.0,0.0,0.0,28.8,24.1,23.8,25.5,-128.7,21.7,0.0,1.0,1.0,1.0,0.0,0.0,1.0,0.0,90.0,90.0,1
2025-04-14 09:34:58,16.22,4.59,2.5,0.7,7.3,0.0,0.0,0.0,0.0,0.0,28.8,24.1,23.8,25.5,-128.7,21.7,0.0,1.0,1.0,1.0,0.0,0.0,1.0,0.0,90.0,90.0,1
2025-04-14 09:34:59,16.22,4.59,2.5,0.7,7.9,0.0,0.0,0.0,0.0,0.0,28.8,24.1,23.8,25.5,-128.7,21.7,0.0,1.0,1.0,1.0,0.0,0.0,1.0,0.0,90.0,90.0,1
2025-04-14 09:35:00,16.22,4.59,2.4,0.7,7.7,0.0,0.0,0.0,0.0,0.0,28.8,24.1,23.8,25.5,-128.7,21.7,0.0,1.0,1.0,1.0,0.0,0.0,1.0,0.0,90.0,90.0,1
2025-04-14 09:35:01,16.22,4.59,2.5,0.7,6.599999,0.0,0.0,0.0,0.0,0.0,28.8,24.1,23.8,25.5,-128.7,21.7,0.0,1.0,1.0,1.0,0.0,0.0,1.0,0.0,90.0,90.0,1
2025-04-14 09:35:02,16.22,4.59,2.5,0.7,7.099999,0.0,0.0,0.0,0.0,0.0,28.8,24.1,23.8,25.5,-128.7,21.7,0.0,1.0,1.0,1.0,0.0,0.0,1.0,0.0,90.0,90.0,1
2025-04-14 09:35:03,16.24,4.59,2.5,0.7,7.2,0.0,0.0,0.0,0.0,0.0,28.8,24.1,23.8,25.5,-128.7,21.7,0.0,1.0,1.0,1.0,0.0,0.0,1.0,0.0,90.0,90.0,1
2025-04-14 09:35:04,16.22,4.59,2.5,0.7,8.099999,0.0,0.0,0.0,0.0,0.0,28.8,24.1,23.8,25.5,-128.7,21.7,0.0,1.0,1.0,1.0,0.0,0.0,1.0,0.0,90.0,90.0,1
2025-04-14 09:35:05,16.21,4.59,2.5,0.7,7.8,0.0,0.0,0.0,0.0,0.0,28.8,24.1,23.7,25.5,-128.7,21.7,0.0,1.0,1.0,1.0,0.0,0.0,1.0,0.0,90.0,90.0,1
2025-04-14 09:35:06,16.21,4.59,2.5,0.7,7.099999,0.0,0.0,0.0,0.0,0.0,28.8,24.1,23.7,25.5,-128.7,21.7,0.0,1.0,1.0,1.0,0.0,0.0,1.0,0.0,90.0,90.0,1
2025-04-14 09:35:07,16.22,4.59,2.5,0.7,7.9,0.0,0.0,0.0,0.0,0.0,28.8,24.1,23.7,25.5,-128.7,21.7,0.0,1.0,1.0,1.0,0.0,0.0,1.0,0.0,90.0,90.0,1
2025-04-14 09:35:08,16.21,4.59,2.5,0.7,7.8,0.0,0.0,0.0,0.0,0.0,28.8,24.1,23.7,25.5,-128.7,21.7,0.0,1.0,1.0,1.0,0.0,0.0,1.0,0.0,90.0,90.0,1
2025-04-14 09:35:09,16.22,4.59,2.5,0.7,6.7,0.0,0.0,0.0,0.0,0.0,28.8,24.1,23.7,25.5,-128.7,21.7,0.0,1.0,1.0,1.0,0.0,0.0,1.0,0.0,90.0,90.0,1
2025-04-14 09:35:10,16.2,4.59,2.5,0.7,7.099999,0.0,0.0,0.0,0.0,0.0,28.8,24.1,23.7,25.5,-128.7,21.7,0.0,1.0,1.0,1.0,0.0,0.0,1.0,0.0,90.0,90.0,1
2025-04-14 09:35:11,16.2,4.58,2.5,0.7,8.099999,0.0,0.0,0.0,0.0,0.0,28.8,24.1,23.7,25.5,-128.7,21.7,0.0,1.0,1.0,1.0,0.0,0.0,1.0,0.0,90.0,90.0,1
2025-04-14 09:35:12,16.19,4.59,2.5,0.7,7.3,0.0,0.0,0.0,0.0,0.0,28.8,24.1,23.7,25.5,-128.7,21.7,0.0,1.0,1.0,1.0,0.0,0.0,1.0,0.0,90.0,90.0,1
2025-04-14 09:35:13,16.2,4.59,2.5,0.7,8.0,0.0,0.0,0.0,0.0,0.0,28.8,24.1,23.7,25.5,-128.7,21.7,0.0,1.0,1.0,1.0,0.0,0.0,1.0,0.0,90.0,90.0,1
2025-04-14 09:35:14,16.2,4.59,2.5,0.7,7.5,0.0,0.0,0.0,0.0,0.0,28.8,24.1,23.7,25.5,-128.7,21.7,0.0,1.0,1.0,1.0,0.0,0.0,1.0,0.0,90.0,90.0,1
2025-04-14 09:35:15,16.18,4.58,2.5,0.7,7.599999,0.0,0.0,0.0,0.0,0.0,28.8,24.1,23.7,25.5,-128.7,21.7,0.0,1.0,1.0,1.0,0.0,0.0,1.0,0.0,90.0,90.0,1
2025-04-14 09:35:16,16.2,4.59,2.5,0.7,7.099999,0.0,0.0,0.0,0.0,0.0,28.8,24.1,23.7,25.5,-128.7,21.7,0.0,1.0,1.0,1.0,0.0,0.0,1.0,0.0,90.0,90.0,1
2025-04-14 09:35:17,16.19,4.59,2.5,0.7,7.3,0.0,0.0,0.0,0.0,0.0,28.8,24.1,23.7,25.5,-128.7,21.7,0.0,1.0,1.0,1.0,0.0,0.0,1.0,0.0,90.0,90.0,1
2025-04-14 09:35:18,16.2,4.58,2.5,0.7,7.099999,0.0,0.0,0.0,0.0,0.0,28.8,24.1,23.7,25.5,-128.7,21.7,0.0,1.0,1.0,1.0,0.0,0.0,1.0,0.0,90.0,90.0,1
2025-04-14 09:35:19,16.19,4.59,2.5,0.7,7.8,0.0,0.0,0.0,0.0,0.0,28.8,24.1,23.7,25.5,-128.7,21.7,0.0,1.0,1.0,1.0,0.0,0.0,1.0,0.0,90.0,90.0,1
2025-04-14 09:35:20,16.2,4.58,2.5,0.7,7.4,0.0,0.0,0.0,0.0,0.0,28.8,24.1,23.7,25.5,-128.7,21.7,0.0,1.0,1.0,1.0,0.0,0.0,1.0,0.0,90.0,90.0,1
2025-04-14 09:35:21,16.2,4.59,2.5,0.7,7.0,0.0,0.0,0.0,0.0,0.0,28.8,24.1,23.7,25.5,-128.7,21.7,0.0,1.0,1.0,1.0,0.0,0.0,1.0,0.0,90.0,90.0,1
2025-04-14 09:35:22,16.21,4.58,2.5,0.7,6.5,0.0,0.0,0.0,0.0,0.0,28.8,24.1,23.7,25.5,-128.7,21.8,0.0,1.0,1.0,1.0,0.0,0.0,1.0,0.0,90.0,90.0,1
2025-04-14 09:35:23,16.21,4.59,2.5,0.7,7.0,0.0,0.0,0.0,0.0,0.0,28.8,24.1,23.6,25.5,-128.7,21.7,0.0,1.0,1.0,1.0,0.0,0.0,1.0,0.0,90.0,90.0,1
2025-04-14 09:35:24,16.21,4.59,2.5,0.7,6.9,0.0,0.0,0.0,0.0,0.0,28.8,24.1,23.6,25.5,-128.7,21.8,0.0,1.0,1.0,1.0,0.0,0.0,1.0,0.0,90.0,90.0,1
2025-04-14 09:35:25,16.22,4.58,2.5,0.7,7.4,0.0,0.0,0.0,0.0,0.0,28.8,24.1,23.6,25.5,-128.7,21.7,0.0,1.0,1.0,1.0,0.0,0.0,1.0,0.0,90.0,90.0,1
2025-04-14 09:35:26,16.21,4.59,2.5,0.7,7.599999,0.0,0.0,0.0,0.0,0.0,28.8,24.1,23.6,25.5,-128.7,21.7,0.0,1.0,1.0,1.0,0.0,0.0,1.0,0.0,90.0,90.0,1
2025-04-14 09:35:27,16.22,4.58,2.5,0.7,7.4,0.0,0.0,0.0,0.0,0.0,28.8,24.1,23.6,25.5,-128.7,21.7,0.0,1.0,1.0,1.0,0.0,0.0,1.0,0.0,90.0,90.0,1
2025-04-14 09:35:28,16.2,4.59,2.5,0.7,8.0,0.0,0.0,0.0,0.0,0.0,28.7,24.1,23.6,25.5,-128.7,21.7,0.0,1.0,1.0,1.0,0.0,0.0,1.0,0.0,90.0,90.0,1
2025-04-14 09:35:29,16.2,4.57,2.5,0.7,6.9,0.0,0.0,0.0,0.0,0.0,28.7,24.1,23.6,25.5,-128.7,21.7,0.0,1.0,1.0,1.0,0.0,0.0,1.0,0.0,90.0,90.0,1
2025-04-14 09:35:30,16.2,4.59,2.5,0.7,6.7,0.0,0.0,0.0,0.0,0.0,28.7,24.1,23.6,25.5,-128.7,21.7,0.0,1.0,1.0,1.0,0.0,0.0,1.0,0.0,90.0,90.0,1
2025-04-14 09:35:31,16.21,4.58,2.5,0.7,8.2,0.0,0.0,0.0,0.0,0.0,28.7,24.1,23.6,25.5,-128.7,21.8,0.0,1.0,1.0,1.0,0.0,0.0,1.0,0.0,90.0,90.0,1
2025-04-14 09:35:32,16.21,4.59,2.5,0.7,7.7,0.0,0.0,0.0,0.0,0.0,28.7,24.1,23.6,25.5,-128.7,21.7,0.0,1.0,1.0,1.0,0.0,0.0,1.0,0.0,90.0,90.0,1
2025-04-14 09:35:33,16.2,4.58,2.5,0.7,7.4,0.0,0.0,0.0,0.0,0.0,28.7,24.1,23.6,25.5,-128.7,21.7,0.0,1.0,1.0,1.0,0.0,0.0,1.0,0.0,90.0,90.0,1
2025-04-14 09:35:34,16.2,4.58,2.6,0.7,7.599999,0.0,0.0,0.0,0.0,0.0,28.7,24.1,23.6,25.5,-128.7,21.7,0.0,1.0,1.0,1.0,0.0,0.0,1.0,0.0,90.0,90.0,1
2025-04-14 09:35:35,16.2,4.59,2.5,0.7,7.4,0.0,0.0,0.0,0.0,0.0,28.7,24.1,23.6,25.5,-128.7,21.7,0.0,1.0,1.0,1.0,0.0,0.0,1.0,0.0,90.0,90.0,1
2025-04-14 09:35:36,16.19,4.58,2.5,0.7,6.8,0.0,0.0,0.0,0.0,0.0,28.7,24.1,23.6,25.5,-128.7,21.7,0.0,1.0,1.0,1.0,0.0,0.0,1.0,0.0,90.0,90.0,1
2025-04-14 09:35:37,16.2,4.59,2.5,0.7,6.9,0.0,0.0,0.0,0.0,0.0,28.7,24.1,23.6,25.5,-128.7,21.7,0.0,1.0,1.0,1.0,0.0,0.0,1.0,0.0,90.0,90.0,1
2025-04-14 09:35:38,16.19,4.58,2.5,0.7,7.2,0.0,0.0,0.0,0.0,0.0,28.7,24.1,23.6,25.5,-128.7,21.7,0.0,1.0,1.0,1.0,0.0,0.0,1.0,0.0,90.0,90.0,1
2025-04-14 09:35:39,16.2,4.59,2.5,0.7,8.2,0.0,0.0,0.0,0.0,0.0,28.7,24.1,23.6,25.5,-128.7,21.7,0.0,1.0,1.0,1.0,0.0,0.0,1.0,0.0,90.0,90.0,1
2025-04-14 09:35:40,16.22,4.59,2.5,0.7,7.3,0.0,0.0,0.0,0.0,0.0,28.7,24.1,23.5,25.5,-128.7,21.7,0.0,1.0,1.0,1.0,0.0,0.0,1.0,0.0,90.0,90.0,1
2025-04-14 09:35:41,16.21,4.58,2.5,0.7,7.5,0.0,0.0,0.0,0.0,0.0,28.7,24.1,23.5,25.5,-128.7,21.7,0.0,1.0,1.0,1.0,0.0,0.0,1.0,0.0,90.0,90.0,1
2025-04-14 09:35:42,16.22,4.59,2.5,0.7,7.5,0.0,0.0,0.0,0.0,0.0,28.7,24.1,23.5,25.5,-128.7,21.7,0.0,1.0,1.0,1.0,0.0,0.0,1.0,0.0,90.0,90.0,1
2025-04-14 09:35:43,16.22,4.59,2.5,0.7,7.4,0.0,0.0,0.0,0.0,0.0,28.7,24.1,23.5,25.5,-128.7,21.7,0.0,1.0,1.0,1.0,0.0,0.0,1.0,0.0,90.0,90.0,1
2025-04-14 09:35:44,16.22,4.58,2.5,0.7,7.2,0.0,0.0,0.0,0.0,0.0,28.7,24.1,23.5,25.5,-128.7,21.7,0.0,1.0,1.0,1.0,0.0,0.0,1.0,0.0,90.0,90.0,1
2025-04-14 09:35:45,16.21,4.59,2.5,0.7,7.7,0.0,0.0,0.0,0.0,0.0,28.7,24.1,23.5,25.5,-128.7,21.7,0.0,1.0,1.0,1.0,0.0,0.0,1.0,0.0,90.0,90.0,1
2025-04-14 09:35:46,16.22,4.58,2.5,0.7,6.7,0.0,0.0,0.0,0.0,0.0,28.7,24.1,23.5,25.5,-128.7,21.7,0.0,1.0,1.0,1.0,0.0,0.0,1.0,0.0,90.0,90.0,1
2025-04-14 09:35:47,16.21,4.59,2.5,0.7,7.9,0.0,0.0,0.0,0.0,0.0,28.7,24.1,23.5,25.5,-128.7,21.7,0.0,1.0,1.0,1.0,0.0,0.0,1.0,0.0,90.0,90.0,1
2025-04-14 09:35:48,16.22,4.59,2.5,0.7,6.599999,0.0,0.0,0.0,0.0,0.0,28.7,24.1,23.5,25.5,-128.7,21.7,0.0,1.0,1.0,1.0,0.0,0.0,1.0,0.0,90.0,90.0,1
2025-04-14 09:35:49,16.21,4.59,2.5,0.7,7.4,0.0,0.0,0.0,0.0,0.0,28.7,24.1,23.5,25.5,-128.7,21.7,0.0,1.0,1.0,1.0,0.0,0.0,1.0,0.0,90.0,90.0,1
2025-04-14 09:35:50,16.2,4.61,2.5,0.7,7.7,0.0,0.0,0.0,0.0,0.0,28.7,24.1,23.5,25.5,-128.7,21.7,0.0,1.0,1.0,1.0,0.0,0.0,1.0,0.0,90.0,90.0,1
2025-04-14 09:35:51,16.21,4.59,2.5,0.7,7.5,0.0,0.0,0.0,0.0,0.0,28.7,24.1,23.5,25.5,-128.7,21.7,0.0,1.0,1.0,1.0,0.0,0.0,1.0,0.0,90.0,90.0,1
2025-04-14 09:35:52,16.21,4.59,2.5,0.7,7.099999,0.0,0.0,0.0,0.0,0.0,28.7,24.1,23.5,25.5,-128.7,21.6,0.0,1.0,1.0,1.0,0.0,0.0,1.0,0.0,90.0,90.0,1
2025-04-14 09:35:53,16.21,4.59,2.5,0.7,7.599999,0.0,0.0,0.0,0.0,0.0,28.7,24.1,23.5,25.5,-128.7,21.7,0.0,1.0,1.0,1.0,0.0,0.0,1.0,0.0,90.0,90.0,1
2025-04-14 09:35:54,16.21,4.59,2.5,0.7,7.9,0.0,0.0,0.0,0.0,0.0,28.7,24.1,23.5,25.5,-128.7,21.7,0.0,1.0,1.0,1.0,0.0,0.0,1.0,0.0,90.0,90.0,1
2025-04-14 09:35:55,16.22,4.6,2.5,0.7,7.4,0.0,0.0,0.0,0.0,0.0,28.7,24.1,23.5,25.5,-128.7,21.6,0.0,1.0,1.0,1.0,0.0,0.0,1.0,0.0,90.0,90.0,1
2025-04-14 09:35:56,16.22,4.59,2.5,0.7,7.2,0.0,0.0,0.0,0.0,0.0,28.7,24.1,23.5,25.5,-128.7,21.7,0.0,1.0,1.0,1.0,0.0,0.0,1.0,0.0,90.0,90.0,1
2025-04-14 09:35:57,16.2,4.59,2.5,0.7,7.099999,0.0,0.0,0.0,0.0,0.0,28.7,24.1,23.4,25.5,-128.7,21.7,0.0,1.0,1.0,1.0,0.0,0.0,1.0,0.0,90.0,90.0,1
2025-04-14 09:35:58,16.21,4.6,2.5,0.7,7.2,0.0,0.0,0.0,0.0,0.0,28.7,24.1,23.4,25.5,-128.7,21.7,0.0,1.0,1.0,1.0,0.0,0.0,1.0,0.0,90.0,90.0,1
2025-04-14 09:35:59,16.21,4.58,2.5,0.7,7.3,0.0,0.0,0.0,0.0,0.0,28.7,24.1,23.4,25.5,-128.7,21.7,0.0,1.0,1.0,1.0,0.0,0.0,1.0,0.0,90.0,90.0,1
2025-04-14 09:36:00,16.22,4.6,2.5,0.7,7.599999,0.0,0.0,0.0,0.0,0.0,28.7,24.1,23.4,25.5,-128.7,21.6,0.0,1.0,1.0,1.0,0.0,0.0,1.0,0.0,90.0,90.0,1
2025-04-14 09:36:01,16.2,4.59,2.5,0.7,7.8,0.0,0.0,0.0,0.0,0.0,28.7,24.1,23.4,25.5,-128.7,21.7,0.0,1.0,1.0,1.0,0.0,0.0,1.0,0.0,90.0,90.0,1
2025-04-14 09:36:02,16.21,4.58,2.5,0.7,7.599999,0.0,0.0,0.0,0.0,0.0,28.7,24.1,23.4,25.5,-128.7,21.7,0.0,1.0,1.0,1.0,0.0,0.0,1.0,0.0,90.0,90.0,1
2025-04-14 09:36:03,16.22,4.6,2.5,0.7,7.4,0.0,0.0,0.0,0.0,0.0,28.7,24.1,23.4,25.5,-128.7,21.6,0.0,1.0,1.0,1.0,0.0,0.0,1.0,0.0,90.0,90.0,1
2025-04-14 09:36:04,16.21,4.59,2.5,0.7,6.9,0.0,0.0,0.0,0.0,0.0,28.7,24.1,23.4,25.4,-128.7,21.6,0.0,1.0,1.0,1.0,0.0,0.0,1.0,0.0,90.0,90.0,1
2025-04-14 09:36:05,16.22,4.59,2.5,0.7,7.599999,0.0,0.0,0.0,0.0,0.0,28.7,24.1,23.4,25.4,-128.7,21.5,0.0,1.0,1.0,1.0,0.0,0.0,1.0,0.0,90.0,90.0,1
2025-04-14 09:36:06,16.21,4.6,2.5,0.7,7.5,0.0,0.0,0.0,0.0,0.0,28.7,24.1,23.4,25.4,-128.7,21.6,0.0,1.0,1.0,1.0,0.0,0.0,1.0,0.0,90.0,90.0,1
2025-04-14 09:36:07,16.21,4.58,2.5,0.8,7.5,0.0,0.0,0.0,0.0,0.0,28.7,24.1,23.4,25.4,-128.7,21.6,0.0,1.0,1.0,1.0,0.0,0.0,1.0,0.0,90.0,90.0,1
2025-04-14 09:36:08,16.2,4.6,2.5,0.7,7.9,0.0,0.0,0.0,0.0,0.0,28.7,24.1,23.4,25.4,-128.7,21.6,0.0,1.0,1.0,1.0,0.0,0.0,1.0,0.0,90.0,90.0,1
2025-04-14 09:36:09,16.19,4.59,2.5,0.7,8.0,0.0,0.0,0.0,0.0,0.0,28.7,24.1,23.4,25.4,-128.7,21.6,0.0,1.0,1.0,1.0,0.0,0.0,1.0,0.0,90.0,90.0,1
2025-04-14 09:36:10,16.2,4.59,2.5,0.7,7.2,0.0,0.0,0.0,0.0,0.0,28.7,24.1,23.4,25.4,-128.7,21.6,0.0,1.0,1.0,1.0,0.0,0.0,1.0,0.0,90.0,90.0,1
2025-04-14 09:36:11,16.2,4.6,2.5,0.7,7.5,0.0,0.0,0.0,0.0,0.0,28.7,24.1,23.4,25.4,-128.7,21.6,0.0,1.0,1.0,1.0,0.0,0.0,1.0,0.0,90.0,90.0,1
2025-04-14 09:36:12,16.2,4.59,2.5,0.7,7.3,0.0,0.0,0.0,0.0,0.0,28.7,24.1,23.4,25.4,-128.7,21.6,0.0,1.0,1.0,1.0,0.0,0.0,1.0,0.0,90.0,90.0,1
2025-04-14 09:36:13,16.21,4.59,2.5,0.7,7.0,0.0,0.0,0.0,0.0,0.0,28.7,24.1,23.4,25.4,-128.7,21.6,0.0,1.0,1.0,1.0,0.0,0.0,1.0,0.0,90.0,90.0,1
2025-04-14 09:36:14,16.21,4.59,2.5,0.7,7.0,0.0,0.0,0.0,0.0,0.0,28.7,24.1,23.3,25.4,-128.7,21.6,0.0,1.0,1.0,1.0,0.0,0.0,1.0,0.0,90.0,90.0,1
2025-04-14 09:36:15,16.21,4.59,2.5,0.7,7.599999,0.0,0.0,0.0,0.0,0.0,28.7,24.1,23.3,25.4,-128.7,21.6,0.0,1.0,1.0,1.0,0.0,0.0,1.0,0.0,90.0,90.0,1
2025-04-14 09:36:16,16.22,4.59,2.5,0.7,7.4,0.0,0.0,0.0,0.0,0.0,28.7,24.1,23.3,25.4,-128.7,21.6,0.0,1.0,1.0,1.0,0.0,0.0,1.0,0.0,90.0,90.0,1
2025-04-14 09:36:17,16.22,4.59,2.5,0.7,7.599999,0.0,0.0,0.0,0.0,0.0,28.7,24.1,23.3,25.4,-128.7,21.6,0.0,1.0,1.0,1.0,0.0,0.0,1.0,0.0,90.0,90.0,1
2025-04-14 09:36:18,16.22,4.59,2.5,0.7,8.099999,0.0,0.0,0.0,0.0,0.0,28.7,24.1,23.3,25.4,-128.7,21.5,0.0,1.0,1.0,1.0,0.0,0.0,1.0,0.0,90.0,90.0,1
2025-04-14 09:36:19,16.22,4.59,2.5,0.7,6.9,0.0,0.0,0.0,0.0,0.0,28.7,24.1,23.3,25.4,-128.7,21.6,0.0,1.0,1.0,1.0,0.0,0.0,1.0,0.0,90.0,90.0,1
2025-04-14 09:36:20,16.2,4.59,2.5,0.7,7.3,0.0,0.0,0.0,0.0,0.0,28.7,24.1,23.3,25.4,-128.7,21.6,0.0,1.0,1.0,1.0,0.0,0.0,1.0,0.0,90.0,90.0,1
2025-04-14 09:36:21,16.2,4.59,2.5,0.7,7.5,0.0,0.0,0.0,0.0,0.0,28.7,24.1,23.3,25.4,-128.7,21.6,0.0,1.0,1.0,1.0,0.0,0.0,1.0,0.0,90.0,90.0,1
2025-04-14 09:36:22,16.2,4.59,2.5,0.7,7.8,0.0,0.0,0.0,0.0,0.0,28.7,24.1,23.3,25.4,-128.7,21.6,0.0,1.0,1.0,1.0,0.0,0.0,1.0,0.0,90.0,90.0,1
2025-04-14 09:36:23,16.19,4.59,2.5,0.7,7.0,0.0,0.0,0.0,0.0,0.0,28.7,24.1,23.3,25.4,-128.7,21.6,0.0,1.0,1.0,1.0,0.0,0.0,1.0,0.0,90.0,90.0,1
2025-04-14 09:36:24,16.21,4.59,2.5,0.7,7.599999,0.0,0.0,0.0,0.0,0.0,28.7,24.1,23.3,25.4,-128.7,21.6,0.0,1.0,1.0,1.0,0.0,0.0,1.0,0.0,90.0,90.0,1
2025-04-14 09:36:25,16.2,4.59,2.5,0.7,8.299999,0.0,0.0,0.0,0.0,0.0,28.7,24.1,23.3,25.4,-128.7,21.6,0.0,1.0,1.0,1.0,0.0,0.0,1.0,0.0,90.0,90.0,1
2025-04-14 09:36:26,16.21,4.59,2.5,0.7,6.9,0.0,0.0,0.0,0.0,0.0,28.7,24.1,23.3,25.4,-128.7,21.5,0.0,1.0,1.0,1.0,0.0,0.0,1.0,0.0,90.0,90.0,1
2025-04-14 09:36:27,16.22,4.59,2.5,0.7,7.3,0.0,0.0,0.0,0.0,0.0,28.7,24.1,23.3,25.4,-128.7,21.6,0.0,1.0,1.0,1.0,0.0,0.0,1.0,0.0,90.0,90.0,1
2025-04-14 09:36:28,16.21,4.59,2.5,0.7,6.9,0.0,0.0,0.0,0.0,0.0,28.7,24.1,23.3,25.4,-128.7,21.6,0.0,1.0,1.0,1.0,0.0,0.0,1.0,0.0,90.0,90.0,1
2025-04-14 09:36:29,16.22,4.6,2.5,0.7,7.7,0.0,0.0,0.0,0.0,0.0,28.7,24.1,23.3,25.4,-128.7,21.5,0.0,1.0,1.0,1.0,0.0,0.0,1.0,0.0,90.0,90.0,1
2025-04-14 09:36:30,16.19,4.59,2.5,0.7,7.7,0.0,0.0,0.0,0.0,0.0,28.7,24.0,23.3,25.4,-128.7,21.6,0.0,1.0,1.0,1.0,0.0,0.0,1.0,0.0,90.0,90.0,1
2025-04-14 09:36:31,16.2,4.59,2.5,0.7,7.4,0.0,0.0,0.0,0.0,0.0,28.7,24.0,23.3,25.4,-128.7,21.6,0.0,1.0,1.0,1.0,0.0,0.0,1.0,0.0,90.0,90.0,1
2025-04-14 09:36:32,16.2,4.59,2.5,0.7,7.0,0.0,0.0,0.0,0.0,0.0,28.7,24.0,23.3,25.4,-128.7,21.6,0.0,1.0,1.0,1.0,0.0,0.0,1.0,0.0,90.0,90.0,1
2025-04-14 09:36:33,16.2,4.59,2.5,0.7,7.599999,0.0,0.0,0.0,0.0,0.0,28.7,24.0,23.2,25.4,-128.7,21.6,0.0,1.0,1.0,1.0,0.0,0.0,1.0,0.0,90.0,90.0,1
2025-04-14 09:36:34,16.2,4.59,2.5,0.7,8.2,0.0,0.0,0.0,0.0,0.0,28.7,24.0,23.2,25.4,-128.7,21.5,0.0,1.0,1.0,1.0,0.0,0.0,1.0,0.0,90.0,90.0,1
2025-04-14 09:36:35,16.2,4.59,2.5,0.7,7.5,0.0,0.0,0.0,0.0,0.0,28.7,24.0,23.2,25.4,-128.7,21.6,0.0,1.0,1.0,1.0,0.0,0.0,1.0,0.0,90.0,90.0,1
2025-04-14 09:36:36,16.22,4.59,2.5,0.7,8.0,0.0,0.0,0.0,0.0,0.0,28.7,24.0,23.2,25.4,-128.7,21.6,0.0,1.0,1.0,1.0,0.0,0.0,1.0,0.0,90.0,90.0,1
2025-04-14 09:36:37,16.21,4.59,2.5,0.7,7.599999,0.0,0.0,0.0,0.0,0.0,28.7,24.0,23.2,25.4,-128.7,21.6,0.0,1.0,1.0,1.0,0.0,0.0,1.0,0.0,90.0,90.0,1
2025-04-14 09:36:38,16.22,4.59,2.5,0.7,7.0,0.0,0.0,0.0,0.0,0.0,28.7,24.0,23.2,25.4,-128.7,21.6,0.0,1.0,1.0,1.0,0.0,0.0,1.0,0.0,90.0,90.0,1
2025-04-14 09:36:39,16.22,4.59,2.5,0.7,7.0,0.0,0.0,0.0,0.0,0.0,28.7,24.1,23.2,25.4,-128.7,21.5,0.0,1.0,1.0,1.0,0.0,0.0,1.0,0.0,90.0,90.0,1
2025-04-14 09:36:40,16.22,4.58,2.5,0.7,7.9,0.0,0.0,0.0,0.0,0.0,28.7,24.1,23.2,25.4,-128.7,21.6,0.0,1.0,1.0,1.0,0.0,0.0,1.0,0.0,90.0,90.0,1
2025-04-14 09:36:41,16.22,4.58,2.5,0.7,7.7,0.0,0.0,0.0,0.0,0.0,28.7,24.1,23.2,25.4,-128.7,21.6,0.0,1.0,1.0,1.0,0.0,0.0,1.0,0.0,90.0,90.0,1
2025-04-14 09:36:42,16.2,4.6,2.5,0.7,7.7,0.0,0.0,0.0,0.0,0.0,28.7,24.1,23.2,25.4,-128.7,21.5,0.0,1.0,1.0,1.0,0.0,0.0,1.0,0.0,90.0,90.0,1
2025-04-14 09:36:43,16.21,4.59,2.5,0.7,6.8,0.0,0.0,0.0,0.0,0.0,28.7,24.1,23.2,25.4,-128.7,21.6,0.0,1.0,1.0,1.0,0.0,0.0,1.0,0.0,90.0,90.0,1
2025-04-14 09:36:44,16.2,4.6,2.5,0.7,6.7,0.0,0.0,0.0,0.0,0.0,28.7,24.1,23.2,25.4,-128.7,21.5,0.0,1.0,1.0,1.0,0.0,0.0,1.0,0.0,90.0,90.0,1
2025-04-14 09:36:45,16.2,4.59,2.5,0.7,7.2,0.0,0.0,0.0,0.0,0.0,28.7,24.1,23.2,25.4,-128.7,21.6,0.0,1.0,1.0,1.0,0.0,0.0,1.0,0.0,90.0,90.0,1
2025-04-14 09:36:46,16.21,4.58,2.5,0.7,7.8,0.0,0.0,0.0,0.0,0.0,28.7,24.1,23.2,25.4,-128.7,21.6,0.0,1.0,1.0,1.0,0.0,0.0,1.0,0.0,90.0,90.0,1
2025-04-14 09:36:47,16.2,4.6,2.5,0.7,7.3,0.0,0.0,0.0,0.0,0.0,28.7,24.1,23.2,25.4,-128.7,21.6,0.0,1.0,1.0,1.0,0.0,0.0,1.0,0.0,90.0,90.0,1
2025-04-14 09:36:48,16.21,4.59,2.5,0.7,7.099999,0.0,0.0,0.0,0.0,0.0,28.7,24.1,23.2,25.4,-128.7,21.6,0.0,1.0,1.0,1.0,0.0,0.0,1.0,0.0,90.0,90.0,1
2025-04-14 09:36:49,16.21,4.59,2.4,0.7,7.4,0.0,0.0,0.0,0.0,0.0,28.7,24.1,23.2,25.4,-128.7,21.6,0.0,1.0,1.0,1.0,0.0,0.0,1.0,0.0,90.0,90.0,1
2025-04-14 09:36:50,16.21,4.59,2.5,0.7,7.8,0.0,0.0,0.0,0.0,0.0,28.7,24.1,23.2,25.4,-128.7,21.6,0.0,1.0,1.0,1.0,0.0,0.0,1.0,0.0,90.0,90.0,1
2025-04-14 09:36:51,16.21,4.59,2.5,0.7,7.099999,0.0,0.0,0.0,0.0,0.0,28.7,24.1,23.2,25.4,-128.7,21.6,0.0,1.0,1.0,1.0,0.0,0.0,1.0,0.0,90.0,90.0,1
2025-04-14 09:36:52,16.22,4.6,2.5,0.7,7.8,0.0,0.0,0.0,0.0,0.0,28.7,24.1,23.2,25.4,-128.7,21.6,0.0,1.0,1.0,1.0,0.0,0.0,1.0,0.0,90.0,90.0,1
2025-04-14 09:36:53,16.21,4.59,2.5,0.7,7.5,0.0,0.0,0.0,0.0,0.0,28.7,24.1,23.2,25.4,-128.7,21.6,0.0,1.0,1.0,1.0,0.0,0.0,1.0,0.0,90.0,90.0,1
2025-04-14 09:36:54,16.22,4.59,2.5,0.7,6.9,0.0,0.0,0.0,0.0,0.0,28.7,24.1,23.2,25.4,-128.7,21.5,0.0,1.0,1.0,1.0,0.0,0.0,1.0,0.0,90.0,90.0,1
2025-04-14 09:36:55,16.2,4.59,2.5,0.7,7.7,0.0,0.0,0.0,0.0,0.0,28.7,24.1,23.2,25.4,-128.7,21.6,0.0,1.0,1.0,1.0,0.0,0.0,1.0,0.0,90.0,90.0,1
2025-04-14 09:36:56,16.2,4.58,2.5,0.7,8.2,0.0,0.0,0.0,0.0,0.0,28.7,24.1,23.2,25.4,-128.7,21.6,0.0,1.0,1.0,1.0,0.0,0.0,1.0,0.0,90.0,90.0,1
2025-04-14 09:36:57,16.2,4.59,2.5,0.7,7.3,0.0,0.0,0.0,0.0,0.0,28.7,24.1,23.2,25.4,-128.7,21.6,0.0,1.0,1.0,1.0,0.0,0.0,1.0,0.0,90.0,90.0,1
2025-04-14 09:36:58,16.2,4.59,2.5,0.7,7.2,0.0,0.0,0.0,0.0,0.0,28.7,24.1,23.2,25.3,-128.7,21.5,0.0,1.0,1.0,1.0,0.0,0.0,1.0,0.0,90.0,90.0,1
2025-04-14 09:36:59,16.2,4.59,2.5,0.7,7.0,0.0,0.0,0.0,0.0,0.0,28.7,24.1,23.2,25.3,-128.7,21.5,0.0,1.0,1.0,1.0,0.0,0.0,1.0,0.0,90.0,90.0,1
2025-04-14 09:37:00,16.19,4.59,2.5,0.7,6.7,0.0,0.0,0.0,0.0,0.0,28.7,24.1,23.2,25.3,-128.7,21.5,0.0,1.0,1.0,1.0,0.0,0.0,1.0,0.0,90.0,90.0,1
2025-04-14 09:37:01,16.2,4.59,2.5,0.7,7.3,0.0,0.0,0.0,0.0,0.0,28.7,24.1,23.2,25.3,-128.7,21.5,0.0,1.0,1.0,1.0,0.0,0.0,1.0,0.0,90.0,90.0,1
2025-04-14 09:37:02,16.22,4.59,2.5,0.7,8.0,0.0,0.0,0.0,0.0,0.0,28.7,24.1,23.2,25.3,-128.7,21.5,0.0,1.0,1.0,1.0,0.0,0.0,1.0,0.0,90.0,90.0,1
2025-04-14 09:37:03,16.2,4.59,2.5,0.7,7.4,0.0,0.0,0.0,0.0,0.0,28.7,24.1,23.2,25.3,-128.7,21.5,0.0,1.0,1.0,1.0,0.0,0.0,1.0,0.0,90.0,90.0,1
2025-04-14 09:37:04,16.21,4.58,2.5,0.7,7.4,0.0,0.0,0.0,0.0,0.0,28.7,24.1,23.2,25.3,-128.7,21.5,0.0,1.0,1.0,1.0,0.0,0.0,1.0,0.0,90.0,90.0,1
2025-04-14 09:37:05,16.2,4.59,2.5,0.7,7.599999,0.0,0.0,0.0,0.0,0.0,28.7,24.1,23.2,25.3,-128.7,21.5,0.0,1.0,1.0,1.0,0.0,0.0,1.0,0.0,90.0,90.0,1
2025-04-14 09:37:06,16.19,4.58,2.5,0.7,7.2,0.0,0.0,0.0,0.0,0.0,28.7,24.1,23.2,25.3,-128.7,21.5,0.0,1.0,1.0,1.0,0.0,0.0,1.0,0.0,90.0,90.0,1
2025-04-14 09:37:07,16.19,4.59,2.5,0.7,7.4,0.0,0.0,0.0,0.0,0.0,28.7,24.1,23.2,25.3,-128.7,21.5,0.0,1.0,1.0,1.0,0.0,0.0,1.0,0.0,90.0,90.0,1
2025-04-14 09:37:08,16.19,4.59,2.5,0.7,7.2,0.0,0.0,0.0,0.0,0.0,28.7,24.1,23.2,25.3,-128.7,21.5,0.0,1.0,1.0,1.0,0.0,0.0,1.0,0.0,90.0,90.0,1
2025-04-14 09:37:09,16.19,4.58,2.5,0.7,7.0,0.0,0.0,0.0,0.0,0.0,28.7,24.1,23.2,25.3,-128.7,21.5,0.0,1.0,1.0,1.0,0.0,0.0,1.0,0.0,90.0,90.0,1
2025-04-14 09:37:10,16.18,4.59,2.5,0.7,7.0,0.0,0.0,0.0,0.0,0.0,28.7,24.1,23.2,25.3,-128.7,21.5,0.0,1.0,1.0,1.0,0.0,0.0,1.0,0.0,90.0,90.0,1
2025-04-14 09:37:11,16.19,4.58,2.5,0.7,7.2,0.0,0.0,0.0,0.0,0.0,28.7,24.1,23.2,25.3,-128.7,21.5,0.0,1.0,1.0,1.0,0.0,0.0,1.0,0.0,90.0,90.0,1
2025-04-14 09:37:12,16.18,4.59,2.5,0.7,8.099999,0.0,0.0,0.0,0.0,0.0,28.7,24.1,23.2,25.3,-128.7,21.5,0.0,1.0,1.0,1.0,0.0,0.0,1.0,0.0,90.0,90.0,1
2025-04-14 09:37:13,16.2,4.59,2.5,0.7,7.7,0.0,0.0,0.0,0.0,0.0,28.7,24.1,23.2,25.3,-128.7,21.5,0.0,1.0,1.0,1.0,0.0,0.0,1.0,0.0,90.0,90.0,1
2025-04-14 09:37:14,16.19,4.59,2.5,0.7,7.7,0.0,0.0,0.0,0.0,0.0,28.7,24.1,23.2,25.3,-128.7,21.5,0.0,1.0,1.0,1.0,0.0,0.0,1.0,0.0,90.0,90.0,1
2025-04-14 09:37:15,16.2,4.59,2.5,0.7,8.299999,0.0,0.0,0.0,0.0,0.0,28.7,24.0,23.2,25.3,-128.7,21.5,0.0,1.0,1.0,1.0,0.0,0.0,1.0,0.0,90.0,90.0,1
2025-04-14 09:37:16,16.19,4.59,2.4,0.7,7.599999,0.0,0.0,0.0,0.0,0.0,28.7,24.0,23.2,25.3,-128.7,21.5,0.0,1.0,1.0,1.0,0.0,0.0,1.0,0.0,90.0,90.0,1
2025-04-14 09:37:17,16.2,4.58,2.5,0.7,6.9,0.0,0.0,0.0,0.0,0.0,28.7,24.0,23.2,25.3,-128.7,21.5,0.0,1.0,1.0,1.0,0.0,0.0,1.0,0.0,90.0,90.0,1
2025-04-14 09:37:18,16.2,4.59,2.5,0.7,7.2,0.0,0.0,0.0,0.0,0.0,28.7,24.0,23.2,25.3,-128.7,21.5,0.0,1.0,1.0,1.0,0.0,0.0,1.0,0.0,90.0,90.0,1
2025-04-14 09:37:19,16.18,4.58,2.5,0.7,7.5,0.0,0.0,0.0,0.0,0.0,28.7,24.0,23.2,25.3,-128.7,21.5,0.0,1.0,1.0,1.0,0.0,0.0,1.0,0.0,90.0,90.0,1
2025-04-14 09:37:20,16.19,4.59,2.5,0.7,7.9,0.0,0.0,0.0,0.0,0.0,28.7,24.0,23.2,25.3,-128.7,21.5,0.0,1.0,1.0,1.0,0.0,0.0,1.0,0.0,90.0,90.0,1
2025-04-14 09:37:21,16.18,4.58,2.5,0.7,7.8,0.0,0.0,0.0,0.0,0.0,28.7,24.0,23.2,25.3,-128.7,21.6,0.0,1.0,1.0,1.0,0.0,0.0,1.0,0.0,90.0,90.0,1
2025-04-14 09:37:22,16.18,4.59,2.5,0.7,7.099999,0.0,0.0,0.0,0.0,0.0,28.7,24.0,23.2,25.3,-128.7,21.5,0.0,1.0,1.0,1.0,0.0,0.0,1.0,0.0,90.0,90.0,1
2025-04-14 09:37:23,16.18,4.59,2.5,0.7,7.3,0.0,0.0,0.0,0.0,0.0,28.7,24.0,23.2,25.3,-128.7,21.6,0.0,1.0,1.0,1.0,0.0,0.0,1.0,0.0,90.0,90.0,1
2025-04-14 09:37:24,16.18,4.58,2.5,0.7,6.9,0.0,0.0,0.0,0.0,0.0,28.7,24.0,23.2,25.3,-128.7,21.5,0.0,1.0,1.0,1.0,0.0,0.0,1.0,0.0,90.0,90.0,1
2025-04-14 09:37:25,16.19,4.59,2.5,0.7,7.7,0.0,0.0,0.0,0.0,0.0,28.7,24.0,23.2,25.3,-128.7,21.5,0.0,1.0,1.0,1.0,0.0,0.0,1.0,0.0,90.0,90.0,1
2025-04-14 09:37:26,16.19,4.57,2.5,0.7,7.9,0.0,0.0,0.0,0.0,0.0,28.7,24.0,23.2,25.3,-128.7,21.6,0.0,1.0,1.0,1.0,0.0,0.0,1.0,0.0,90.0,90.0,1
2025-04-14 09:37:27,16.18,4.59,2.5,0.7,7.0,0.0,0.0,0.0,0.0,0.0,28.7,24.0,23.2,25.3,-128.7,21.5,0.0,1.0,1.0,1.0,0.0,0.0,1.0,0.0,90.0,90.0,1
2025-04-14 09:37:28,16.18,4.57,2.5,0.7,7.7,0.0,0.0,0.0,0.0,0.0,28.7,24.0,23.2,25.3,-128.7,21.6,0.0,1.0,1.0,1.0,0.0,0.0,1.0,0.0,90.0,90.0,1
2025-04-14 09:37:29,16.2,4.57,2.5,0.7,7.3,0.0,0.0,0.0,0.0,0.0,28.7,24.0,23.2,25.3,-128.7,21.5,0.0,1.0,1.0,1.0,0.0,0.0,1.0,0.0,90.0,90.0,1
2025-04-14 09:37:30,16.18,4.58,2.5,0.7,7.3,0.0,0.0,0.0,0.0,0.0,28.7,24.0,23.2,25.3,-128.7,21.5,0.0,1.0,1.0,1.0,0.0,0.0,1.0,0.0,90.0,90.0,1
2025-04-14 09:37:31,16.19,4.57,2.5,0.7,7.8,0.0,0.0,0.0,0.0,0.0,28.7,24.0,23.2,25.3,-128.7,21.6,0.0,1.0,1.0,1.0,0.0,0.0,1.0,0.0,90.0,90.0,1
2025-04-14 09:37:32,16.18,4.59,2.5,0.7,7.7,0.0,0.0,0.0,0.0,0.0,28.7,24.0,23.2,25.3,-128.7,21.5,0.0,1.0,1.0,1.0,0.0,0.0,1.0,0.0,90.0,90.0,1
2025-04-14 09:37:33,16.18,4.57,2.5,0.7,7.2,0.0,0.0,0.0,0.0,0.0,28.7,24.0,23.2,25.3,-128.7,21.6,0.0,1.0,1.0,1.0,0.0,0.0,1.0,0.0,90.0,90.0,1
2025-04-14 09:37:34,16.18,4.59,2.5,0.7,7.4,0.0,0.0,0.0,0.0,0.0,28.7,24.0,23.2,25.3,-128.7,21.5,0.0,1.0,1.0,1.0,0.0,0.0,1.0,0.0,90.0,90.0,1
2025-04-14 09:37:35,16.19,4.59,2.5,0.7,7.0,0.0,0.0,0.0,0.0,0.0,28.7,24.0,23.2,25.3,-128.7,21.5,0.0,1.0,1.0,1.0,0.0,0.0,1.0,0.0,90.0,90.0,1
2025-04-14 09:37:36,16.19,4.58,2.5,0.7,7.599999,0.0,0.0,0.0,0.0,0.0,28.7,24.0,23.2,25.3,-128.7,21.5,0.0,1.0,1.0,1.0,0.0,0.0,1.0,0.0,90.0,90.0,1
2025-04-14 09:37:37,16.16,4.59,2.5,0.7,7.4,0.0,0.0,0.0,0.0,0.0,28.7,24.0,23.2,25.3,-128.7,21.5,0.0,1.0,1.0,1.0,0.0,0.0,1.0,0.0,90.0,90.0,1
2025-04-14 09:37:38,16.18,4.59,2.5,0.7,7.3,0.0,0.0,0.0,0.0,0.0,28.7,24.0,23.2,25.3,-128.7,21.5,0.0,1.0,1.0,1.0,0.0,0.0,1.0,0.0,90.0,90.0,1
2025-04-14 09:37:39,16.18,4.59,2.5,0.7,7.0,0.0,0.0,0.0,0.0,0.0,28.7,24.0,23.2,25.3,-128.7,21.5,0.0,1.0,1.0,1.0,0.0,0.0,1.0,0.0,90.0,90.0,1
2025-04-14 09:37:40,16.19,4.59,2.5,0.7,7.0,0.0,0.0,0.0,0.0,0.0,28.7,24.0,23.2,25.3,-128.7,21.5,0.0,1.0,1.0,1.0,0.0,0.0,1.0,0.0,90.0,90.0,1
2025-04-14 09:37:41,16.18,4.58,2.5,0.7,7.7,0.0,0.0,0.0,0.0,0.0,28.7,24.0,23.2,25.3,-128.7,21.5,0.0,1.0,1.0,1.0,0.0,0.0,1.0,0.0,90.0,90.0,1
2025-04-14 09:37:42,16.19,4.59,2.5,0.7,7.4,0.0,0.0,0.0,0.0,0.0,28.7,24.0,23.2,25.3,-128.7,21.5,0.0,1.0,1.0,1.0,0.0,0.0,1.0,0.0,90.0,90.0,1
2025-04-14 09:37:43,16.18,4.58,2.5,0.7,7.2,0.0,0.0,0.0,0.0,0.0,28.7,24.0,23.2,25.3,-128.7,21.5,0.0,1.0,1.0,1.0,0.0,0.0,1.0,0.0,90.0,90.0,1
2025-04-14 09:37:44,16.18,4.59,2.5,0.7,7.599999,0.0,0.0,0.0,0.0,0.0,28.7,24.0,23.2,25.3,-128.7,21.5,0.0,1.0,1.0,1.0,0.0,0.0,1.0,0.0,90.0,90.0,1
2025-04-14 09:37:45,16.18,4.59,2.5,0.7,7.0,0.0,0.0,0.0,0.0,0.0,28.7,24.0,23.2,25.3,-128.7,21.6,0.0,1.0,1.0,1.0,0.0,0.0,1.0,0.0,90.0,90.0,1
2025-04-14 09:37:46,16.18,4.58,2.5,0.7,7.099999,0.0,0.0,0.0,0.0,0.0,28.7,24.0,23.2,25.3,-128.7,21.5,0.0,1.0,1.0,1.0,0.0,0.0,1.0,0.0,90.0,90.0,1
2025-04-14 09:37:47,16.18,4.58,2.5,0.7,7.4,0.0,0.0,0.0,0.0,0.0,28.7,24.0,23.2,25.3,-128.7,21.6,0.0,1.0,1.0,1.0,0.0,0.0,1.0,0.0,90.0,90.0,1
2025-04-14 09:37:48,16.18,4.57,2.5,0.7,7.0,0.0,0.0,0.0,0.0,0.0,28.7,24.0,23.2,25.3,-128.7,21.6,0.0,1.0,1.0,1.0,0.0,0.0,1.0,0.0,90.0,90.0,1
2025-04-14 09:37:49,16.19,4.59,2.5,0.7,7.8,0.0,0.0,0.0,0.0,0.0,28.7,24.0,23.2,25.3,-128.7,21.5,0.0,1.0,1.0,1.0,0.0,0.0,1.0,0.0,90.0,90.0,1
2025-04-14 09:37:50,16.19,4.57,2.5,0.7,7.4,0.0,0.0,0.0,0.0,0.0,28.7,24.0,23.2,25.3,-128.7,21.5,0.0,1.0,1.0,1.0,0.0,0.0,1.0,0.0,90.0,90.0,1
2025-04-14 09:37:51,16.18,4.57,2.5,0.7,7.099999,0.0,0.0,0.0,0.0,0.0,28.7,24.0,23.2,25.3,-128.7,21.5,0.0,1.0,1.0,1.0,0.0,0.0,1.0,0.0,90.0,90.0,1
2025-04-14 09:37:52,16.18,4.59,2.5,0.7,7.4,0.0,0.0,0.0,0.0,0.0,28.7,24.0,23.2,25.3,-128.7,21.5,0.0,1.0,1.0,1.0,0.0,0.0,1.0,0.0,90.0,90.0,1
2025-04-14 09:37:53,16.18,4.57,2.5,0.7,7.9,0.0,0.0,0.0,0.0,0.0,28.7,24.0,23.2,25.3,-128.7,21.5,0.0,1.0,1.0,1.0,0.0,0.0,1.0,0.0,90.0,90.0,1
2025-04-14 09:37:54,16.18,4.59,2.5,0.7,7.099999,0.0,0.0,0.0,0.0,0.0,28.7,24.0,23.2,25.3,-128.7,21.5,0.0,1.0,1.0,1.0,0.0,0.0,1.0,0.0,90.0,90.0,1
2025-04-14 09:37:55,16.18,4.58,2.5,0.7,7.2,0.0,0.0,0.0,0.0,0.0,28.7,24.0,23.2,25.3,-128.7,21.6,0.0,1.0,1.0,1.0,0.0,0.0,1.0,0.0,90.0,90.0,1
2025-04-14 09:37:56,16.19,4.59,2.5,0.7,6.9,0.0,0.0,0.0,0.0,0.0,28.7,24.0,23.2,25.3,-128.7,21.5,0.0,1.0,1.0,1.0,0.0,0.0,1.0,0.0,90.0,90.0,1
2025-04-14 09:37:57,16.19,4.59,2.5,0.7,7.3,0.0,0.0,0.0,0.0,0.0,28.7,24.0,23.2,25.3,-128.7,21.5,0.0,1.0,1.0,1.0,0.0,0.0,1.0,0.0,90.0,90.0,1
2025-04-14 09:37:58,16.19,4.59,2.5,0.7,7.5,0.0,0.0,0.0,0.0,0.0,28.7,24.0,23.3,25.3,-128.7,21.5,0.0,1.0,1.0,1.0,0.0,0.0,1.0,0.0,90.0,90.0,1
2025-04-14 09:37:59,16.18,4.59,2.5,0.7,7.599999,0.0,0.0,0.0,0.0,0.0,28.7,24.0,23.3,25.3,-128.7,21.5,0.0,1.0,1.0,1.0,0.0,0.0,1.0,0.0,90.0,90.0,1
2025-04-14 09:38:00,16.2,4.58,2.5,0.7,6.8,0.0,0.0,0.0,0.0,0.0,28.7,24.0,23.3,25.3,-128.7,21.5,0.0,1.0,1.0,1.0,0.0,0.0,1.0,0.0,90.0,90.0,1
2025-04-14 09:38:01,16.19,4.59,2.5,0.7,7.4,0.0,0.0,0.0,0.0,0.0,28.7,24.0,23.3,25.3,-128.7,21.5,0.0,1.0,1.0,1.0,0.0,0.0,1.0,0.0,90.0,90.0,1
2025-04-14 09:38:02,16.2,4.58,2.5,0.7,7.7,0.0,0.0,0.0,0.0,0.0,28.7,24.0,23.3,25.3,-128.7,21.6,0.0,1.0,1.0,1.0,0.0,0.0,1.0,0.0,90.0,90.0,1
2025-04-14 09:38:03,16.2,4.59,2.5,0.7,8.2,0.0,0.0,0.0,0.0,0.0,28.7,24.0,23.3,25.3,-128.7,21.5,0.0,1.0,1.0,1.0,0.0,0.0,1.0,0.0,90.0,90.0,1
2025-04-14 09:38:04,16.18,4.59,2.5,0.7,7.4,0.0,0.0,0.0,0.0,0.0,28.7,24.0,23.3,25.3,-128.7,21.5,0.0,1.0,1.0,1.0,0.0,0.0,1.0,0.0,90.0,90.0,1
2025-04-14 09:38:05,16.18,4.58,2.4,0.7,6.9,0.0,0.0,0.0,0.0,0.0,28.6,24.0,23.3,25.3,-128.7,21.5,0.0,1.0,1.0,1.0,0.0,0.0,1.0,0.0,90.0,90.0,1
2025-04-14 09:38:06,16.19,4.59,2.5,0.7,6.599999,0.0,0.0,0.0,0.0,0.0,28.6,24.0,23.3,25.3,-128.7,21.5,0.0,1.0,1.0,1.0,0.0,0.0,1.0,0.0,90.0,90.0,1
2025-04-14 09:38:07,16.2,4.59,2.5,0.7,7.5,0.0,0.0,0.0,0.0,0.0,28.6,24.0,23.3,25.3,-128.7,21.6,0.0,1.0,1.0,1.0,0.0,0.0,1.0,0.0,90.0,90.0,1
2025-04-14 09:38:08,16.19,4.59,2.5,0.7,7.599999,0.0,0.0,0.0,0.0,0.0,28.6,24.0,23.3,25.3,-128.7,21.5,0.0,1.0,1.0,1.0,0.0,0.0,1.0,0.0,90.0,90.0,1
2025-04-14 09:38:09,16.19,4.59,2.5,0.7,7.099999,0.0,0.0,0.0,0.0,0.0,28.6,24.0,23.3,25.3,-128.7,21.5,0.0,1.0,1.0,1.0,0.0,0.0,1.0,0.0,90.0,90.0,1
2025-04-14 09:38:10,16.19,4.59,2.5,0.7,7.2,0.0,0.0,0.0,0.0,0.0,28.6,24.0,23.3,25.3,-128.7,21.5,0.0,1.0,1.0,1.0,0.0,0.0,1.0,0.0,90.0,90.0,1
2025-04-14 09:38:11,16.19,4.59,2.5,0.7,7.8,0.0,0.0,0.0,0.0,0.0,28.6,24.0,23.3,25.3,-128.7,21.5,0.0,1.0,1.0,1.0,0.0,0.0,1.0,0.0,90.0,90.0,1
2025-04-14 09:38:12,16.2,4.59,2.5,0.7,7.099999,0.0,0.0,0.0,0.0,0.0,28.6,24.0,23.3,25.3,-128.7,21.5,0.0,1.0,1.0,1.0,0.0,0.0,1.0,0.0,90.0,90.0,1
2025-04-14 09:38:13,16.18,4.59,2.5,0.7,7.0,0.0,0.0,0.0,0.0,0.0,28.6,24.0,23.3,25.3,-128.7,21.5,0.0,1.0,1.0,1.0,0.0,0.0,1.0,0.0,90.0,90.0,1
2025-04-14 09:38:14,16.18,4.58,2.5,0.7,7.599999,0.0,0.0,0.0,0.0,0.0,28.6,24.0,23.3,25.3,-128.7,21.5,0.0,1.0,1.0,1.0,0.0,0.0,1.0,0.0,90.0,90.0,1
2025-04-14 09:38:15,16.16,4.59,2.5,0.7,7.4,0.0,0.0,0.0,0.0,0.0,28.6,24.0,23.3,25.3,-128.7,21.5,0.0,1.0,1.0,1.0,0.0,0.0,1.0,0.0,90.0,90.0,1
2025-04-14 09:38:16,16.18,4.59,2.5,0.7,7.7,0.0,0.0,0.0,0.0,0.0,28.6,24.0,23.3,25.3,-128.7,21.5,0.0,1.0,1.0,1.0,0.0,0.0,1.0,0.0,90.0,90.0,1
2025-04-14 09:38:17,16.18,4.6,2.5,0.7,7.099999,0.0,0.0,0.0,0.0,0.0,28.6,24.0,23.3,25.3,-128.7,21.4,0.0,1.0,1.0,1.0,0.0,0.0,1.0,0.0,90.0,90.0,1
2025-04-14 09:38:18,16.18,4.59,2.5,0.7,7.099999,0.0,0.0,0.0,0.0,0.0,28.6,24.0,23.3,25.3,-128.7,21.5,0.0,1.0,1.0,1.0,0.0,0.0,1.0,0.0,90.0,90.0,1
2025-04-14 09:38:19,16.2,4.59,2.5,0.7,7.7,0.0,0.0,0.0,0.0,0.0,28.6,24.0,23.4,25.3,-128.7,21.5,0.0,1.0,1.0,1.0,0.0,0.0,1.0,0.0,90.0,90.0,1
2025-04-14 09:38:20,16.2,4.59,2.5,0.7,7.7,0.0,0.0,0.0,0.0,0.0,28.6,24.0,23.4,25.3,-128.7,21.5,0.0,1.0,1.0,1.0,0.0,0.0,1.0,0.0,90.0,90.0,1
2025-04-14 09:38:21,16.2,4.58,2.5,0.7,7.8,0.0,0.0,0.0,0.0,0.0,28.6,24.0,23.4,25.3,-128.7,21.5,0.0,1.0,1.0,1.0,0.0,0.0,1.0,0.0,90.0,90.0,1
2025-04-14 09:38:22,16.2,4.6,2.5,0.7,6.9,0.0,0.0,0.0,0.0,0.0,28.6,24.0,23.4,25.3,-128.7,21.4,0.0,1.0,1.0,1.0,0.0,0.0,1.0,0.0,90.0,90.0,1
2025-04-14 09:38:23,16.2,4.59,2.5,0.7,7.599999,0.0,0.0,0.0,0.0,0.0,28.6,24.0,23.4,25.3,-128.7,21.5,0.0,1.0,1.0,1.0,0.0,0.0,1.0,0.0,90.0,90.0,1
2025-04-14 09:38:24,16.2,4.6,2.5,0.7,7.4,0.0,0.0,0.0,0.0,0.0,28.6,24.0,23.4,25.3,-128.7,21.4,0.0,1.0,1.0,1.0,0.0,0.0,1.0,0.0,90.0,90.0,1
2025-04-14 09:38:25,16.2,4.59,2.5,0.7,6.9,0.0,0.0,0.0,0.0,0.0,28.6,24.0,23.4,25.3,-128.7,21.5,0.0,1.0,1.0,1.0,0.0,0.0,1.0,0.0,90.0,90.0,1
2025-04-14 09:38:26,16.2,4.6,2.5,0.7,7.099999,0.0,0.0,0.0,0.0,0.0,28.6,24.0,23.4,25.3,-128.7,21.4,0.0,1.0,1.0,1.0,0.0,0.0,1.0,0.0,90.0,90.0,1
2025-04-14 09:38:27,16.21,4.6,2.5,0.7,7.0,0.0,0.0,0.0,0.0,0.0,28.6,24.0,23.4,25.3,-128.7,21.5,0.0,1.0,1.0,1.0,0.0,0.0,1.0,0.0,90.0,90.0,1
2025-04-14 09:38:28,16.2,4.59,2.5,0.7,7.0,0.0,0.0,0.0,0.0,0.0,28.6,24.0,23.4,25.3,-128.7,21.5,0.0,1.0,1.0,1.0,0.0,0.0,1.0,0.0,90.0,90.0,1
2025-04-14 09:38:29,16.21,4.6,2.5,0.7,7.8,0.0,0.0,0.0,0.0,0.0,28.6,24.0,23.4,25.3,-128.7,21.5,0.0,1.0,1.0,1.0,0.0,0.0,1.0,0.0,90.0,90.0,1
2025-04-14 09:38:30,16.2,4.59,2.5,0.7,7.4,0.0,0.0,0.0,0.0,0.0,28.6,24.0,23.4,25.3,-128.7,21.5,0.0,1.0,1.0,1.0,0.0,0.0,1.0,0.0,90.0,90.0,1
2025-04-14 09:38:31,16.2,4.6,2.5,0.7,7.4,0.0,0.0,0.0,0.0,0.0,28.6,24.0,23.4,25.3,-128.7,21.4,0.0,1.0,1.0,1.0,0.0,0.0,1.0,0.0,90.0,90.0,1
2025-04-14 09:38:32,16.2,4.59,2.5,0.7,7.4,0.0,0.0,0.0,0.0,0.0,28.6,24.0,23.4,25.3,-128.7,21.5,0.0,1.0,1.0,1.0,0.0,0.0,1.0,0.0,90.0,90.0,1
2025-04-14 09:38:33,16.21,4.6,2.5,0.7,7.2,0.0,0.0,0.0,0.0,0.0,28.6,24.0,23.4,25.3,-128.7,21.4,0.0,1.0,1.0,1.0,0.0,0.0,1.0,0.0,90.0,90.0,1
2025-04-14 09:38:34,16.2,4.59,2.5,0.7,7.2,0.0,0.0,0.0,0.0,0.0,28.6,24.0,23.4,25.3,-128.7,21.5,0.0,1.0,1.0,1.0,0.0,0.0,1.0,0.0,90.0,90.0,1
2025-04-14 09:38:35,16.21,4.6,2.5,0.7,7.7,0.0,0.0,0.0,0.0,0.0,28.6,24.0,23.4,25.3,-128.7,21.4,0.0,1.0,1.0,1.0,0.0,0.0,1.0,0.0,90.0,90.0,1
2025-04-14 09:38:36,16.19,4.6,2.5,0.7,7.2,0.0,0.0,0.0,0.0,0.0,28.6,24.0,23.4,25.3,-128.7,21.5,0.0,1.0,1.0,1.0,0.0,0.0,1.0,0.0,90.0,90.0,1
2025-04-14 09:38:37,16.19,4.59,2.5,0.7,8.0,0.0,0.0,0.0,0.0,0.0,28.6,24.0,23.4,25.3,-128.7,21.5,0.0,1.0,1.0,1.0,0.0,0.0,1.0,0.0,90.0,90.0,1
2025-04-14 09:38:38,16.18,4.6,2.5,0.7,7.5,0.0,0.0,0.0,0.0,0.0,28.6,24.0,23.4,25.3,-128.7,21.5,0.0,1.0,1.0,1.0,0.0,0.0,1.0,0.0,90.0,90.0,1
2025-04-14 09:38:39,16.18,4.59,2.5,0.7,7.8,0.0,0.0,0.0,0.0,0.0,28.6,24.0,23.5,25.3,-128.7,21.5,0.0,1.0,1.0,1.0,0.0,0.0,1.0,0.0,90.0,90.0,1
2025-04-14 09:38:40,16.18,4.59,2.5,0.7,7.599999,0.0,0.0,0.0,0.0,0.0,28.6,24.0,23.5,25.3,-128.7,21.5,0.0,1.0,1.0,1.0,0.0,0.0,1.0,0.0,90.0,90.0,1
2025-04-14 09:38:41,16.18,4.59,2.5,0.7,7.2,0.0,0.0,0.0,0.0,0.0,28.6,24.0,23.5,25.3,-128.7,21.5,0.0,1.0,1.0,1.0,0.0,0.0,1.0,0.0,90.0,90.0,1
2025-04-14 09:38:42,16.18,4.59,2.5,0.7,7.0,0.0,0.0,0.0,0.0,0.0,28.6,24.0,23.5,25.3,-128.7,21.4,0.0,1.0,1.0,1.0,0.0,0.0,1.0,0.0,90.0,90.0,1
2025-04-14 09:38:43,16.18,4.6,2.5,0.7,8.099999,0.0,0.0,0.0,0.0,0.0,28.6,24.0,23.5,25.3,-128.7,21.5,0.0,1.0,1.0,1.0,0.0,0.0,1.0,0.0,90.0,90.0,1
2025-04-14 09:38:44,16.18,4.59,2.5,0.7,7.4,0.0,0.0,0.0,0.0,0.0,28.6,24.0,23.5,25.3,-128.7,21.4,0.0,1.0,1.0,1.0,0.0,0.0,1.0,0.0,90.0,90.0,1
2025-04-14 09:38:45,16.18,4.6,2.5,0.7,8.0,0.0,0.0,0.0,0.0,0.0,28.6,24.0,23.5,25.3,-128.7,21.4,0.0,1.0,1.0,1.0,0.0,0.0,1.0,0.0,90.0,90.0,1
2025-04-14 09:38:46,16.18,4.59,2.5,0.7,6.3,0.0,0.0,0.0,0.0,0.0,28.6,24.0,23.5,25.3,-128.7,21.5,0.0,1.0,1.0,1.0,0.0,0.0,1.0,0.0,90.0,90.0,1
2025-04-14 09:38:47,16.2,4.6,2.5,0.7,7.099999,0.0,0.0,0.0,0.0,0.0,28.6,24.0,23.5,25.3,-128.7,21.4,0.0,1.0,1.0,1.0,0.0,0.0,1.0,0.0,90.0,90.0,1
2025-04-14 09:38:48,16.2,4.59,2.5,0.7,6.8,0.0,0.0,0.0,0.0,0.0,28.6,24.0,23.5,25.3,-128.7,21.5,0.0,1.0,1.0,1.0,0.0,0.0,1.0,0.0,90.0,90.0,1
2025-04-14 09:38:49,16.19,4.59,2.5,0.7,7.7,0.0,0.0,0.0,0.0,0.0,28.6,24.0,23.5,25.3,-128.7,21.5,0.0,1.0,1.0,1.0,0.0,0.0,1.0,0.0,90.0,90.0,1
2025-04-14 09:38:50,16.2,4.6,2.5,0.7,7.4,0.0,0.0,0.0,0.0,0.0,28.6,24.0,23.5,25.3,-128.7,21.5,0.0,1.0,1.0,1.0,0.0,0.0,1.0,0.0,90.0,90.0,1
2025-04-14 09:38:51,16.21,4.57,2.5,0.7,7.4,0.0,0.0,0.0,0.0,0.0,28.6,24.0,23.5,25.3,-128.7,21.5,0.0,1.0,1.0,1.0,0.0,0.0,1.0,0.0,90.0,90.0,1
2025-04-14 09:38:52,16.21,4.59,2.5,0.7,6.7,0.0,0.0,0.0,0.0,0.0,28.6,24.0,23.5,25.3,-128.7,21.5,0.0,1.0,1.0,1.0,0.0,0.0,1.0,0.0,90.0,90.0,1
2025-04-14 09:38:53,16.2,4.58,2.5,0.7,7.7,0.0,0.0,0.0,0.0,0.0,28.6,24.0,23.5,25.3,-128.7,21.5,0.0,1.0,1.0,1.0,0.0,0.0,1.0,0.0,90.0,90.0,1
2025-04-14 09:38:54,16.19,4.59,2.5,0.7,7.7,0.0,0.0,0.0,0.0,0.0,28.6,24.0,23.5,25.3,-128.7,21.5,0.0,1.0,1.0,1.0,0.0,0.0,1.0,0.0,90.0,90.0,1
2025-04-14 09:38:55,16.2,4.59,2.5,0.7,7.4,0.0,0.0,0.0,0.0,0.0,28.6,24.0,23.5,25.3,-128.7,21.6,0.0,1.0,1.0,1.0,0.0,0.0,1.0,0.0,90.0,90.0,1
2025-04-14 09:38:56,16.2,4.59,2.5,0.7,7.7,0.0,0.0,0.0,0.0,0.0,28.6,24.0,23.6,25.3,-128.7,21.5,0.0,1.0,1.0,1.0,0.0,0.0,1.0,0.0,90.0,90.0,1
2025-04-14 09:38:57,16.2,4.59,2.5,0.7,7.8,0.0,0.0,0.0,0.0,0.0,28.6,24.0,23.6,25.3,-128.7,21.5,0.0,1.0,1.0,1.0,0.0,0.0,1.0,0.0,90.0,90.0,1
2025-04-14 09:38:58,16.16,4.58,2.5,0.7,7.599999,0.0,0.0,0.0,0.0,0.0,28.6,24.0,23.6,25.3,-128.7,21.5,0.0,1.0,1.0,1.0,0.0,0.0,1.0,0.0,90.0,90.0,1
2025-04-14 09:38:59,16.18,4.59,2.5,0.7,7.0,0.0,0.0,0.0,0.0,0.0,28.6,24.0,23.6,25.3,-128.7,21.5,0.0,1.0,1.0,1.0,0.0,0.0,1.0,0.0,90.0,90.0,1
2025-04-14 09:39:00,16.16,4.59,2.5,0.7,7.2,0.0,0.0,0.0,0.0,0.0,28.6,24.0,23.6,25.3,-128.7,21.5,0.0,1.0,1.0,1.0,0.0,0.0,1.0,0.0,90.0,90.0,1
2025-04-14 09:39:01,16.18,4.58,2.5,0.7,7.5,0.0,0.0,0.0,0.0,0.0,28.6,24.0,23.6,25.3,-128.7,21.5,0.0,1.0,1.0,1.0,0.0,0.0,1.0,0.0,90.0,90.0,1
2025-04-14 09:39:02,16.19,4.59,2.5,0.7,6.9,0.0,0.0,0.0,0.0,0.0,28.6,24.0,23.6,25.3,-128.7,21.5,0.0,1.0,1.0,1.0,0.0,0.0,1.0,0.0,90.0,90.0,1
2025-04-14 09:39:03,16.19,4.59,2.5,0.7,7.2,0.0,0.0,0.0,0.0,0.0,28.6,24.0,23.6,25.3,-128.7,21.5,0.0,1.0,1.0,1.0,0.0,0.0,1.0,0.0,90.0,90.0,1
2025-04-14 09:39:04,16.2,4.59,2.5,0.7,8.2,0.0,0.0,0.0,0.0,0.0,28.6,24.0,23.6,25.3,-128.7,21.5,0.0,1.0,1.0,1.0,0.0,0.0,1.0,0.0,90.0,90.0,1
2025-04-14 09:39:05,16.2,4.59,2.5,0.7,8.099999,0.0,0.0,0.0,0.0,0.0,28.6,24.0,23.6,25.3,-128.7,21.5,0.0,1.0,1.0,1.0,0.0,0.0,1.0,0.0,90.0,90.0,1
2025-04-14 09:39:06,16.19,4.58,2.5,0.7,8.2,0.0,0.0,0.0,0.0,0.0,28.6,24.0,23.6,25.3,-128.7,21.5,0.0,1.0,1.0,1.0,0.0,0.0,1.0,0.0,90.0,90.0,1
2025-04-14 09:39:07,16.18,4.59,2.5,0.7,7.2,0.0,0.0,0.0,0.0,0.0,28.6,24.0,23.6,25.3,-128.7,21.5,0.0,1.0,1.0,1.0,0.0,0.0,1.0,0.0,90.0,90.0,1
2025-04-14 09:39:08,16.18,4.59,2.5,0.7,7.599999,0.0,0.0,0.0,0.0,0.0,28.6,24.0,23.6,25.3,-128.7,21.5,0.0,1.0,1.0,1.0,0.0,0.0,1.0,0.0,90.0,90.0,1
2025-04-14 09:39:09,16.18,4.59,2.4,0.7,7.5,0.0,0.0,0.0,0.0,0.0,28.6,24.0,23.6,25.3,-128.7,21.5,0.0,1.0,1.0,1.0,0.0,0.0,1.0,0.0,90.0,90.0,1
2025-04-14 09:39:10,16.19,4.59,2.5,0.7,7.599999,0.0,0.0,0.0,0.0,0.0,28.6,24.0,23.6,25.3,-128.7,21.5,0.0,1.0,1.0,1.0,0.0,0.0,1.0,0.0,90.0,90.0,1
2025-04-14 09:39:11,16.18,4.59,2.5,0.7,7.099999,0.0,0.0,0.0,0.0,0.0,28.6,24.0,23.6,25.3,-128.7,21.5,0.0,1.0,1.0,1.0,0.0,0.0,1.0,0.0,90.0,90.0,1
2025-04-14 09:39:12,16.18,4.58,2.5,0.7,6.4,0.0,0.0,0.0,0.0,0.0,28.6,24.0,23.6,25.3,-128.7,21.5,0.0,1.0,1.0,1.0,0.0,0.0,1.0,0.0,90.0,90.0,1
2025-04-14 09:39:13,16.19,4.59,2.5,0.7,7.3,0.0,0.0,0.0,0.0,0.0,28.6,24.0,23.7,25.3,-128.7,21.5,0.0,1.0,1.0,1.0,0.0,0.0,1.0,0.0,90.0,90.0,1
2025-04-14 09:39:14,16.19,4.58,2.5,0.7,7.8,0.0,0.0,0.0,0.0,0.0,28.6,24.0,23.7,25.3,-128.7,21.5,0.0,1.0,1.0,1.0,0.0,0.0,1.0,0.0,90.0,90.0,1
2025-04-14 09:39:15,16.19,4.59,2.5,0.7,7.7,0.0,0.0,0.0,0.0,0.0,28.6,24.0,23.7,25.3,-128.7,21.5,0.0,1.0,1.0,1.0,0.0,0.0,1.0,0.0,90.0,90.0,1
2025-04-14 09:39:16,16.2,4.59,2.5,0.7,7.599999,0.0,0.0,0.0,0.0,0.0,28.6,24.0,23.7,25.3,-128.7,21.5,0.0,1.0,1.0,1.0,0.0,0.0,1.0,0.0,90.0,90.0,1
2025-04-14 09:39:17,16.2,4.59,2.5,0.7,7.9,0.0,0.0,0.0,0.0,0.0,28.6,24.0,23.7,25.3,-128.7,21.5,0.0,1.0,1.0,1.0,0.0,0.0,1.0,0.0,90.0,90.0,1
2025-04-14 09:39:18,16.18,4.59,2.5,0.7,7.8,0.0,0.0,0.0,0.0,0.0,28.6,24.0,23.7,25.3,-128.7,21.5,0.0,1.0,1.0,1.0,0.0,0.0,1.0,0.0,90.0,90.0,1
2025-04-14 09:39:19,16.18,4.59,2.5,0.7,6.7,0.0,0.0,0.0,0.0,0.0,28.6,24.0,23.7,25.3,-128.7,21.5,0.0,1.0,1.0,1.0,0.0,0.0,1.0,0.0,90.0,90.0,1
2025-04-14 09:39:20,16.18,4.58,2.5,0.7,7.099999,0.0,0.0,0.0,0.0,0.0,28.6,24.0,23.7,25.3,-128.7,21.5,0.0,1.0,1.0,1.0,0.0,0.0,1.0,0.0,90.0,90.0,1
2025-04-14 09:39:21,16.19,4.59,2.5,0.7,7.4,0.0,0.0,0.0,0.0,0.0,28.6,24.0,23.7,25.3,-128.7,21.5,0.0,1.0,1.0,1.0,0.0,0.0,1.0,0.0,90.0,90.0,1
2025-04-14 09:39:22,16.18,4.58,2.5,0.7,7.9,0.0,0.0,0.0,0.0,0.0,28.6,24.0,23.7,25.3,-128.7,21.5,0.0,1.0,1.0,1.0,0.0,0.0,1.0,0.0,90.0,90.0,1
2025-04-14 09:39:23,16.19,4.59,2.5,0.7,7.2,0.0,0.0,0.0,0.0,0.0,28.6,24.0,23.7,25.3,-128.7,21.5,0.0,1.0,1.0,1.0,0.0,0.0,1.0,0.0,90.0,90.0,1
2025-04-14 09:39:24,16.2,4.59,2.5,0.7,6.9,0.0,0.0,0.0,0.0,0.0,28.6,24.0,23.7,25.3,-128.7,21.6,0.0,1.0,1.0,1.0,0.0,0.0,1.0,0.0,90.0,90.0,1
2025-04-14 09:39:25,16.18,4.57,2.5,0.7,7.7,0.0,0.0,0.0,0.0,0.0,28.6,24.0,23.7,25.3,-128.7,21.5,0.0,1.0,1.0,1.0,0.0,0.0,1.0,0.0,90.0,90.0,1
2025-04-14 09:39:26,16.18,4.59,2.5,0.7,7.4,0.0,0.0,0.0,0.0,0.0,28.6,24.0,23.7,25.3,-128.7,21.5,0.0,1.0,1.0,1.0,0.0,0.0,1.0,0.0,90.0,90.0,1
2025-04-14 09:39:27,16.18,4.57,2.5,0.7,7.4,0.0,0.0,0.0,0.0,0.0,28.6,24.0,23.7,25.3,-128.7,21.5,0.0,1.0,1.0,1.0,0.0,0.0,1.0,0.0,90.0,90.0,1
2025-04-14 09:39:28,16.18,4.59,2.5,0.7,7.599999,0.0,0.0,0.0,0.0,0.0,28.6,24.0,23.7,25.3,-128.7,21.5,0.0,1.0,1.0,1.0,0.0,0.0,1.0,0.0,90.0,90.0,1
2025-04-14 09:39:29,16.15,4.58,2.5,0.7,7.099999,0.0,0.0,0.0,0.0,0.0,28.6,24.0,23.7,25.3,-128.7,21.5,0.0,1.0,1.0,1.0,0.0,0.0,1.0,0.0,90.0,90.0,1
2025-04-14 09:39:30,16.18,4.58,2.5,0.7,7.0,0.0,0.0,0.0,0.0,0.0,28.6,24.0,23.7,25.3,-128.7,21.5,0.0,1.0,1.0,1.0,0.0,0.0,1.0,0.0,90.0,90.0,1
2025-04-14 09:39:31,16.15,4.59,2.5,0.7,7.7,0.0,0.0,0.0,0.0,0.0,28.6,24.0,23.7,25.3,-128.7,21.5,0.0,1.0,1.0,1.0,0.0,0.0,1.0,0.0,90.0,90.0,1
2025-04-14 09:39:32,16.18,4.59,2.5,0.7,7.7,0.0,0.0,0.0,0.0,0.0,28.6,24.0,23.7,25.3,-128.7,21.7,0.0,1.0,1.0,1.0,0.0,0.0,1.0,0.0,90.0,90.0,1
2025-04-14 09:39:33,16.18,4.58,2.5,0.7,7.3,0.0,0.0,0.0,0.0,0.0,28.6,24.0,23.7,25.3,-128.7,21.5,0.0,1.0,1.0,1.0,0.0,0.0,1.0,0.0,90.0,90.0,1
2025-04-14 09:39:34,16.18,4.59,2.5,0.7,6.8,0.0,0.0,0.0,0.0,0.0,28.6,24.0,23.7,25.3,-128.7,21.5,0.0,1.0,1.0,1.0,0.0,0.0,1.0,0.0,90.0,90.0,1
2025-04-14 09:39:35,16.18,4.57,2.5,0.7,7.0,0.0,0.0,0.0,0.0,0.0,28.6,24.0,23.7,25.3,-128.7,21.6,0.0,1.0,1.0,1.0,0.0,0.0,1.0,0.0,90.0,90.0,1
2025-04-14 09:39:36,16.18,4.59,2.5,0.7,7.599999,0.0,0.0,0.0,0.0,0.0,28.6,24.0,23.7,25.3,-128.7,21.5,0.0,1.0,1.0,1.0,0.0,0.0,1.0,0.0,90.0,90.0,1
2025-04-14 09:39:37,16.18,4.57,2.5,0.7,7.8,0.0,0.0,0.0,0.0,0.0,28.6,24.0,23.7,25.3,-128.7,21.6,0.0,1.0,1.0,1.0,0.0,0.0,1.0,0.0,90.0,90.0,1
2025-04-14 09:39:38,16.16,4.57,2.5,0.7,7.9,0.0,0.0,0.0,0.0,0.0,28.6,24.0,23.7,25.3,-128.7,21.6,0.0,1.0,1.0,1.0,0.0,0.0,1.0,0.0,90.0,90.0,1
2025-04-14 09:39:39,16.18,4.58,2.5,0.7,7.099999,0.0,0.0,0.0,0.0,0.0,28.6,24.0,23.7,25.3,-128.7,21.5,0.0,1.0,1.0,1.0,0.0,0.0,1.0,0.0,90.0,90.0,1
2025-04-14 09:39:40,16.16,4.56,2.5,0.7,7.9,0.0,0.0,0.0,0.0,0.0,28.6,24.0,23.7,25.3,-128.7,21.7,0.0,1.0,1.0,1.0,0.0,0.0,1.0,0.0,90.0,90.0,1
2025-04-14 09:39:41,16.18,4.57,2.5,0.7,7.8,0.0,0.0,0.0,0.0,0.0,28.6,24.0,23.7,25.3,-128.7,21.5,0.0,1.0,1.0,1.0,0.0,0.0,1.0,0.0,90.0,90.0,1
2025-04-14 09:39:42,16.15,4.58,2.5,0.7,7.5,0.0,0.0,0.0,0.0,0.0,28.6,24.0,23.7,25.3,-128.7,21.6,0.0,1.0,1.0,1.0,0.0,0.0,1.0,0.0,90.0,90.0,1
2025-04-14 09:39:43,16.15,4.56,2.5,0.7,7.7,0.0,0.0,0.0,0.0,0.0,28.6,24.0,23.7,25.3,-128.7,21.6,0.0,1.0,1.0,1.0,0.0,0.0,1.0,0.0,90.0,90.0,1
2025-04-14 09:39:44,16.16,4.58,2.4,0.7,7.5,0.0,0.0,0.0,0.0,0.0,28.6,24.0,23.7,25.3,-128.7,21.5,0.0,1.0,1.0,1.0,0.0,0.0,1.0,0.0,90.0,90.0,1
2025-04-14 09:39:45,16.16,4.56,2.5,0.7,6.8,0.0,0.0,0.0,0.0,0.0,28.6,24.0,23.7,25.3,-128.7,21.6,0.0,1.0,1.0,1.0,0.0,0.0,1.0,0.0,90.0,90.0,1
2025-04-14 09:39:46,16.18,4.56,2.5,0.7,6.4,0.0,0.0,0.0,0.0,0.0,28.6,24.0,23.7,25.3,-128.7,21.5,0.0,1.0,1.0,1.0,0.0,0.0,1.0,0.0,90.0,90.0,1
2025-04-14 09:39:47,16.15,4.58,2.5,0.7,7.099999,0.0,0.0,0.0,0.0,0.0,28.6,24.0,23.7,25.3,-128.7,21.6,0.0,1.0,1.0,1.0,0.0,0.0,1.0,0.0,90.0,90.0,1
2025-04-14 09:39:48,16.18,4.56,2.5,0.7,7.4,0.0,0.0,0.0,0.0,0.0,28.6,24.0,23.7,25.3,-128.7,21.5,0.0,1.0,1.0,1.0,0.0,0.0,1.0,0.0,90.0,90.0,1
2025-04-14 09:39:49,16.18,4.58,2.5,0.7,7.599999,0.0,0.0,0.0,0.0,0.0,28.6,24.0,23.7,25.3,-128.7,21.5,0.0,1.0,1.0,1.0,0.0,0.0,1.0,0.0,90.0,90.0,1
2025-04-14 09:39:50,16.18,4.56,2.4,0.7,7.3,0.0,0.0,0.0,0.0,0.0,28.6,24.0,23.8,25.3,-128.7,21.7,0.0,1.0,1.0,1.0,0.0,0.0,1.0,0.0,90.0,90.0,1
2025-04-14 09:39:51,16.18,4.58,2.5,0.7,7.2,0.0,0.0,0.0,0.0,0.0,28.6,24.0,23.8,25.3,-128.7,21.5,0.0,1.0,1.0,1.0,0.0,0.0,1.0,0.0,90.0,90.0,1
2025-04-14 09:39:52,16.16,4.57,2.5,0.7,7.9,0.0,0.0,0.0,0.0,0.0,28.6,24.0,23.8,25.3,-128.7,21.6,0.0,1.0,1.0,1.0,0.0,0.0,1.0,0.0,90.0,90.0,1
2025-04-14 09:39:53,16.15,4.56,2.5,0.7,7.5,0.0,0.0,0.0,0.0,0.0,28.6,24.0,23.8,25.3,-128.7,21.7,0.0,1.0,1.0,1.0,0.0,0.0,1.0,0.0,90.0,90.0,1
2025-04-14 09:39:54,16.14,4.57,2.5,0.7,7.5,0.0,0.0,0.0,0.0,0.0,28.6,24.0,23.8,25.3,-128.7,21.5,0.0,1.0,1.0,1.0,0.0,0.0,1.0,0.0,90.0,90.0,1
2025-04-14 09:39:55,16.14,4.57,2.5,0.7,7.4,0.0,0.0,0.0,0.0,0.0,28.6,24.0,23.8,25.3,-128.7,21.7,0.0,1.0,1.0,1.0,0.0,0.0,1.0,0.0,90.0,90.0,1
2025-04-14 09:39:56,16.15,4.56,2.5,0.7,7.7,0.0,0.0,0.0,0.0,0.0,28.6,24.0,23.8,25.3,-128.7,21.5,0.0,1.0,1.0,1.0,0.0,0.0,1.0,0.0,90.0,90.0,1
2025-04-14 09:39:57,16.15,4.58,2.5,0.7,7.2,0.0,0.0,0.0,0.0,0.0,28.6,24.0,23.8,25.3,-128.7,21.5,0.0,1.0,1.0,1.0,0.0,0.0,1.0,0.0,90.0,90.0,1
2025-04-14 09:39:58,16.15,4.56,2.5,0.7,7.3,0.0,0.0,0.0,0.0,0.0,28.6,24.0,23.8,25.3,-128.7,21.7,0.0,1.0,1.0,1.0,0.0,0.0,1.0,0.0,90.0,90.0,1
2025-04-14 09:39:59,16.15,4.56,2.5,0.7,7.3,0.0,0.0,0.0,0.0,0.0,28.6,24.0,23.8,25.3,-128.7,21.6,0.0,1.0,1.0,1.0,0.0,0.0,1.0,0.0,90.0,90.0,1
2025-04-14 09:40:00,16.15,4.56,2.5,0.7,7.9,0.0,0.0,0.0,0.0,0.0,28.6,24.0,23.8,25.3,-128.7,21.7,0.0,1.0,1.0,1.0,0.0,0.0,1.0,0.0,90.0,90.0,1
2025-04-14 09:40:01,16.14,4.56,2.5,0.7,7.5,0.0,0.0,0.0,0.0,0.0,28.6,24.0,23.8,25.3,-128.7,21.7,0.0,1.0,1.0,1.0,0.0,0.0,1.0,0.0,90.0,90.0,1
2025-04-14 09:40:02,16.13,4.57,2.5,0.7,7.9,0.0,0.0,0.0,0.0,0.0,28.6,24.0,23.8,25.3,-128.7,21.6,0.0,1.0,1.0,1.0,0.0,0.0,1.0,0.0,90.0,90.0,1
2025-04-14 09:40:03,16.13,4.56,2.4,0.7,7.3,0.0,0.0,0.0,0.0,0.0,28.6,24.0,23.8,25.3,-128.7,21.7,0.0,1.0,1.0,1.0,0.0,0.0,1.0,0.0,90.0,90.0,1
2025-04-14 09:40:04,16.13,4.56,2.5,0.7,7.4,0.0,0.0,0.0,0.0,0.0,28.6,24.0,23.8,25.3,-128.7,21.7,0.0,1.0,1.0,1.0,0.0,0.0,1.0,0.0,90.0,90.0,1
2025-04-14 09:40:05,16.13,4.57,2.5,0.7,7.5,0.0,0.0,0.0,0.0,0.0,28.6,24.0,23.8,25.3,-128.7,21.6,0.0,1.0,1.0,1.0,0.0,0.0,1.0,0.0,90.0,90.0,1
2025-04-14 09:40:06,16.13,4.56,2.5,0.7,7.8,0.0,0.0,0.0,0.0,0.0,28.6,24.0,23.8,25.3,-128.7,21.7,0.0,1.0,1.0,1.0,0.0,0.0,1.0,0.0,90.0,90.0,1
2025-04-14 09:40:07,16.15,4.56,2.5,0.7,6.9,0.0,0.0,0.0,0.0,0.0,28.6,24.0,23.8,25.3,-128.7,21.5,0.0,1.0,1.0,1.0,0.0,0.0,1.0,0.0,90.0,90.0,1
2025-04-14 09:40:08,16.15,4.57,2.5,0.7,7.7,0.0,0.0,0.0,0.0,0.0,28.6,24.0,23.8,25.3,-128.7,21.7,0.0,1.0,1.0,1.0,0.0,0.0,1.0,0.0,90.0,90.0,1
2025-04-14 09:40:09,16.15,4.56,2.5,0.7,7.7,0.0,0.0,0.0,0.0,0.0,28.6,24.0,23.8,25.3,-128.7,21.6,0.0,1.0,1.0,1.0,0.0,0.0,1.0,0.0,90.0,90.0,1
2025-04-14 09:40:10,16.15,4.57,2.5,0.7,7.3,0.0,0.0,0.0,0.0,0.0,28.6,24.0,23.8,25.3,-128.7,21.6,0.0,1.0,1.0,1.0,0.0,0.0,1.0,0.0,90.0,90.0,1
2025-04-14 09:40:11,16.15,4.56,2.5,0.7,7.599999,0.0,0.0,0.0,0.0,0.0,28.6,24.0,23.8,25.3,-128.7,21.7,0.0,1.0,1.0,1.0,0.0,0.0,1.0,0.0,90.0,90.0,1
2025-04-14 09:40:12,16.13,4.56,2.5,0.7,6.9,0.0,0.0,0.0,0.0,0.0,28.6,24.0,23.8,25.3,-128.7,21.7,0.0,1.0,1.0,1.0,0.0,0.0,1.0,0.0,90.0,90.0,1
2025-04-14 09:40:13,16.14,4.57,2.5,0.7,7.8,0.0,0.0,0.0,0.0,0.0,28.6,24.0,23.8,25.3,-128.7,21.6,0.0,1.0,1.0,1.0,0.0,0.0,1.0,0.0,90.0,90.0,1
2025-04-14 09:40:14,16.13,4.56,2.5,0.8,8.099999,0.0,0.0,0.0,0.0,0.0,28.6,23.9,23.8,25.3,-128.7,21.7,0.0,1.0,1.0,1.0,0.0,0.0,1.0,0.0,90.0,90.0,1
2025-04-14 09:40:15,16.15,4.56,2.5,0.7,8.0,0.0,0.0,0.0,0.0,0.0,28.6,23.9,23.8,25.3,-128.7,21.6,0.0,1.0,1.0,1.0,0.0,0.0,1.0,0.0,90.0,90.0,1
2025-04-14 09:40:16,16.14,4.57,2.5,0.7,8.0,0.0,0.0,0.0,0.0,0.0,28.6,23.9,23.8,25.3,-128.7,21.7,0.0,1.0,1.0,1.0,0.0,0.0,1.0,0.0,90.0,90.0,1
2025-04-14 09:40:17,16.15,4.56,2.5,0.7,7.3,0.0,0.0,0.0,0.0,0.0,28.6,23.9,23.8,25.3,-128.7,21.7,0.0,1.0,1.0,1.0,0.0,0.0,1.0,0.0,90.0,90.0,1
2025-04-14 09:40:18,16.14,4.58,2.5,0.7,6.4,0.0,0.0,0.0,0.0,0.0,28.6,23.9,23.8,25.3,-128.7,21.6,0.0,1.0,1.0,1.0,0.0,0.0,1.0,0.0,90.0,90.0,1
2025-04-14 09:40:19,16.15,4.56,2.5,0.7,7.099999,0.0,0.0,0.0,0.0,0.0,28.6,23.9,23.8,25.3,-128.7,21.7,0.0,1.0,1.0,1.0,0.0,0.0,1.0,0.0,90.0,90.0,1
2025-04-14 09:40:20,16.14,4.56,2.5,0.7,7.0,0.0,0.0,0.0,0.0,0.0,28.6,23.9,23.8,25.3,-128.7,21.6,0.0,1.0,1.0,1.0,0.0,0.0,1.0,0.0,90.0,90.0,1
2025-04-14 09:40:21,16.14,4.57,2.5,0.7,7.2,0.0,0.0,0.0,0.0,0.0,28.6,23.9,23.8,25.3,-128.7,21.6,0.0,1.0,1.0,1.0,0.0,0.0,1.0,0.0,90.0,90.0,1
2025-04-14 09:40:22,16.14,4.56,2.5,0.7,6.599999,0.0,0.0,0.0,0.0,0.0,28.6,23.9,23.8,25.3,-128.7,21.7,0.0,1.0,1.0,1.0,0.0,0.0,1.0,0.0,90.0,90.0,1
2025-04-14 09:40:23,16.14,4.56,2.5,0.7,7.2,0.0,0.0,0.0,0.0,0.0,28.6,23.9,23.8,25.3,-128.7,21.5,0.0,1.0,1.0,1.0,0.0,0.0,1.0,0.0,90.0,90.0,1
2025-04-14 09:40:24,16.13,4.57,2.5,0.7,7.8,0.0,0.0,0.0,0.0,0.0,28.6,23.9,23.8,25.3,-128.7,21.7,0.0,1.0,1.0,1.0,0.0,0.0,1.0,0.0,90.0,90.0,1
2025-04-14 09:40:25,16.13,4.56,2.5,0.7,7.4,0.0,0.0,0.0,0.0,0.0,28.6,23.9,23.8,25.3,-128.7,21.7,0.0,1.0,1.0,1.0,0.0,0.0,1.0,0.0,90.0,90.0,1
2025-04-14 09:40:26,16.14,4.58,2.5,0.7,7.3,0.0,0.0,0.0,0.0,0.0,28.6,23.9,23.8,25.3,-128.7,21.5,0.0,1.0,1.0,1.0,0.0,0.0,1.0,0.0,90.0,90.0,1
2025-04-14 09:40:27,16.16,4.56,2.5,0.7,7.2,0.0,0.0,0.0,0.0,0.0,28.6,23.9,23.8,25.4,-128.7,21.7,0.0,1.0,1.0,1.0,0.0,0.0,1.0,0.0,90.0,90.0,1
2025-04-14 09:40:28,16.15,4.57,2.5,0.7,7.4,0.0,0.0,0.0,0.0,0.0,28.6,23.9,23.8,25.4,-128.7,21.6,0.0,1.0,1.0,1.0,0.0,0.0,1.0,0.0,90.0,90.0,1
2025-04-14 09:40:29,16.16,4.59,2.5,0.7,6.8,0.0,0.0,0.0,0.0,0.0,28.6,23.9,23.8,25.4,-128.7,21.6,0.0,1.0,1.0,1.0,0.0,0.0,1.0,0.0,90.0,90.0,1
2025-04-14 09:40:30,16.15,4.57,2.5,0.7,7.0,0.0,0.0,0.0,0.0,0.0,28.6,23.9,23.8,25.4,-128.7,21.7,0.0,1.0,1.0,1.0,0.0,0.0,1.0,0.0,90.0,90.0,1
2025-04-14 09:40:31,16.15,4.58,2.5,0.7,7.4,0.0,0.0,0.0,0.0,0.0,28.6,23.9,23.8,25.4,-128.7,21.6,0.0,1.0,1.0,1.0,0.0,0.0,1.0,0.0,90.0,90.0,1
2025-04-14 09:40:32,16.14,4.59,2.5,0.7,7.4,0.0,0.0,0.0,0.0,0.0,28.6,23.9,23.8,25.4,-128.7,21.6,0.0,1.0,1.0,1.0,0.0,0.0,1.0,0.0,90.0,90.0,1
2025-04-14 09:40:33,16.13,4.57,2.5,0.7,7.8,0.0,0.0,0.0,0.0,0.0,28.6,23.9,23.8,25.4,-128.7,21.7,0.0,1.0,1.0,1.0,0.0,0.0,1.0,0.0,90.0,90.0,1
2025-04-14 09:40:34,16.14,4.58,2.5,0.7,7.099999,0.0,0.0,0.0,0.0,0.0,28.6,23.9,23.8,25.4,-128.7,21.6,0.0,1.0,1.0,1.0,0.0,0.0,1.0,0.0,90.0,90.0,1
2025-04-14 09:40:35,16.14,4.58,2.5,0.7,7.0,0.0,0.0,0.0,0.0,0.0,28.6,23.9,23.8,25.4,-128.7,21.7,0.0,1.0,1.0,1.0,0.0,0.0,1.0,0.0,90.0,90.0,1
2025-04-14 09:40:36,16.15,4.59,2.5,0.7,6.9,0.0,0.0,0.0,0.0,0.0,28.6,23.9,23.8,25.4,-128.7,21.6,0.0,1.0,1.0,1.0,0.0,0.0,1.0,0.0,90.0,90.0,1
2025-04-14 09:40:37,16.14,4.58,2.5,0.7,7.4,0.0,0.0,0.0,0.0,0.0,28.6,23.9,23.8,25.4,-128.7,21.6,0.0,1.0,1.0,1.0,0.0,0.0,1.0,0.0,90.0,90.0,1
2025-04-14 09:40:38,16.15,4.57,2.5,0.7,7.2,0.0,0.0,0.0,0.0,0.0,28.6,23.9,23.8,25.4,-128.7,21.7,0.0,1.0,1.0,1.0,0.0,0.0,1.0,0.0,90.0,90.0,1
2025-04-14 09:40:39,16.18,4.58,2.5,0.7,7.2,0.0,0.0,0.0,0.0,0.0,28.6,23.9,23.8,25.4,-128.7,21.6,0.0,1.0,1.0,1.0,0.0,0.0,1.0,0.0,90.0,90.0,1
2025-04-14 09:40:40,16.16,4.57,2.5,0.7,7.7,0.0,0.0,0.0,0.0,0.0,28.6,23.9,23.8,25.4,-128.7,21.7,0.0,1.0,1.0,1.0,0.0,0.0,1.0,0.0,90.0,90.0,1
2025-04-14 09:40:41,16.16,4.57,2.5,0.7,7.7,0.0,0.0,0.0,0.0,0.0,28.6,23.9,23.8,25.4,-128.7,21.7,0.0,1.0,1.0,1.0,0.0,0.0,1.0,0.0,90.0,90.0,1
2025-04-14 09:40:42,16.15,4.58,2.5,0.7,7.7,0.0,0.0,0.0,0.0,0.0,28.6,23.9,23.8,25.4,-128.7,21.6,0.0,1.0,1.0,1.0,0.0,0.0,1.0,0.0,90.0,90.0,1
2025-04-14 09:40:43,16.14,4.58,2.5,0.7,7.5,0.0,0.0,0.0,0.0,0.0,28.6,23.9,23.8,25.4,-128.7,21.8,0.0,1.0,1.0,1.0,0.0,0.0,1.0,0.0,90.0,90.0,1
2025-04-14 09:40:44,16.15,4.58,2.5,0.7,7.0,0.0,0.0,0.0,0.0,0.0,28.6,23.9,23.8,25.4,-128.7,21.6,0.0,1.0,1.0,1.0,0.0,0.0,1.0,0.0,90.0,90.0,1
2025-04-14 09:40:45,16.15,4.58,2.5,0.7,7.7,0.0,0.0,0.0,0.0,0.0,28.6,23.9,23.8,25.4,-128.7,21.8,0.0,1.0,1.0,1.0,0.0,0.0,1.0,0.0,90.0,90.0,1
2025-04-14 09:40:46,16.16,4.57,2.5,0.7,7.599999,0.0,0.0,0.0,0.0,0.0,28.6,23.9,23.8,25.4,-128.7,21.7,0.0,1.0,1.0,1.0,0.0,0.0,1.0,0.0,90.0,90.0,1
2025-04-14 09:40:47,16.15,4.59,2.5,0.7,7.2,0.0,0.0,0.0,0.0,0.0,28.6,23.9,23.8,25.4,-128.7,21.7,0.0,1.0,1.0,1.0,0.0,0.0,1.0,0.0,90.0,90.0,1
2025-04-14 09:40:48,16.18,4.56,2.5,0.7,7.4,0.0,0.0,0.0,0.0,0.0,28.6,23.9,23.8,25.4,-128.7,21.8,0.0,1.0,1.0,1.0,0.0,0.0,1.0,0.0,90.0,90.0,1
2025-04-14 09:40:49,16.18,4.57,2.5,0.7,6.9,0.0,0.0,0.0,0.0,0.0,28.6,23.9,23.8,25.4,-128.7,21.6,0.0,1.0,1.0,1.0,0.0,0.0,1.0,0.0,90.0,90.0,1
2025-04-14 09:40:50,16.16,4.56,2.5,0.7,7.0,0.0,0.0,0.0,0.0,0.0,28.6,23.9,23.8,25.4,-128.7,21.8,0.0,1.0,1.0,1.0,0.0,0.0,1.0,0.0,90.0,90.0,1
2025-04-14 09:40:51,16.18,4.57,2.5,0.7,6.8,0.0,0.0,0.0,0.0,0.0,28.6,23.9,23.8,25.4,-128.7,21.6,0.0,1.0,1.0,1.0,0.0,0.0,1.0,0.0,90.0,90.0,1
2025-04-14 09:40:52,16.18,4.59,2.5,0.7,7.099999,0.0,0.0,0.0,0.0,0.0,28.6,23.9,23.8,25.4,-128.7,21.6,0.0,1.0,1.0,1.0,0.0,0.0,1.0,0.0,90.0,90.0,1
2025-04-14 09:40:53,16.18,4.57,2.5,0.7,7.4,0.0,0.0,0.0,0.0,0.0,28.6,23.9,23.8,25.4,-128.7,21.8,0.0,1.0,1.0,1.0,0.0,0.0,1.0,0.0,90.0,90.0,1
2025-04-14 09:40:54,16.16,4.59,2.5,0.7,7.7,0.0,0.0,0.0,0.0,0.0,28.6,23.9,23.8,25.4,-128.7,21.6,0.0,1.0,1.0,1.0,0.0,0.0,1.0,0.0,90.0,90.0,1
2025-04-14 09:40:55,16.18,4.59,2.5,0.7,8.099999,0.0,0.0,0.0,0.0,0.0,28.6,23.9,23.8,25.4,-128.7,21.6,0.0,1.0,1.0,1.0,0.0,0.0,1.0,0.0,90.0,90.0,1
2025-04-14 09:40:56,16.15,4.58,2.5,0.7,7.2,0.0,0.0,0.0,0.0,0.0,28.6,23.9,23.8,25.4,-128.7,21.7,0.0,1.0,1.0,1.0,0.0,0.0,1.0,0.0,90.0,90.0,1
2025-04-14 09:40:57,16.18,4.59,2.5,0.7,7.0,0.0,0.0,0.0,0.0,0.0,28.6,23.9,23.8,25.4,-128.7,21.6,0.0,1.0,1.0,1.0,0.0,0.0,1.0,0.0,90.0,90.0,1
2025-04-14 09:40:58,16.18,4.58,2.5,0.7,7.3,0.0,0.0,0.0,0.0,0.0,28.6,23.9,23.8,25.4,-128.7,21.7,0.0,1.0,1.0,1.0,0.0,0.0,1.0,0.0,90.0,90.0,1
2025-04-14 09:40:59,16.18,4.59,2.5,0.7,7.3,0.0,0.0,0.0,0.0,0.0,28.6,23.9,23.8,25.4,-128.7,21.6,0.0,1.0,1.0,1.0,0.0,0.0,1.0,0.0,90.0,90.0,1
2025-04-14 09:41:00,16.18,4.59,2.5,0.7,7.599999,0.0,0.0,0.0,0.0,0.0,28.6,23.9,23.8,25.4,-128.7,21.6,0.0,1.0,1.0,1.0,0.0,0.0,1.0,0.0,90.0,90.0,1
2025-04-14 09:41:01,16.18,4.58,2.5,0.7,7.4,0.0,0.0,0.0,0.0,0.0,28.6,23.9,23.8,25.4,-128.7,21.6,0.0,1.0,1.0,1.0,0.0,0.0,1.0,0.0,90.0,90.0,1
2025-04-14 09:41:02,16.2,4.59,2.5,0.7,7.5,0.0,0.0,0.0,0.0,0.0,28.6,23.9,23.8,25.4,-128.7,21.6,0.0,1.0,1.0,1.0,0.0,0.0,1.0,0.0,90.0,90.0,1
2025-04-14 09:41:03,16.18,4.57,2.5,0.7,8.0,0.0,0.0,0.0,0.0,0.0,28.6,23.9,23.8,25.4,-128.7,21.6,0.0,1.0,1.0,1.0,0.0,0.0,1.0,0.0,90.0,90.0,1
2025-04-14 09:41:04,16.2,4.59,2.5,0.7,7.9,0.0,0.0,0.0,0.0,0.0,28.6,24.0,23.8,25.4,-128.7,21.6,0.0,1.0,1.0,1.0,0.0,0.0,1.0,0.0,90.0,90.0,1
2025-04-14 09:41:05,16.18,4.59,2.5,0.7,7.5,0.0,0.0,0.0,0.0,0.0,28.6,24.0,23.8,25.4,-128.7,21.6,0.0,1.0,1.0,1.0,0.0,0.0,1.0,0.0,90.0,90.0,1
2025-04-14 09:41:06,16.18,4.59,2.5,0.7,7.3,0.0,0.0,0.0,0.0,0.0,28.6,24.0,23.8,25.4,-128.7,21.6,0.0,1.0,1.0,1.0,0.0,0.0,1.0,0.0,90.0,90.0,1
2025-04-14 09:41:07,16.18,4.59,2.5,0.7,7.7,0.0,0.0,0.0,0.0,0.0,28.6,24.0,23.7,25.4,-128.7,21.6,0.0,1.0,1.0,1.0,0.0,0.0,1.0,0.0,90.0,90.0,1
2025-04-14 09:41:08,16.18,4.59,2.5,0.7,7.2,0.0,0.0,0.0,0.0,0.0,28.6,24.0,23.7,25.4,-128.7,21.6,0.0,1.0,1.0,1.0,0.0,0.0,1.0,0.0,90.0,90.0,1
2025-04-14 09:41:09,16.16,4.58,2.5,0.7,7.4,0.0,0.0,0.0,0.0,0.0,28.6,24.0,23.7,25.4,-128.7,21.6,0.0,1.0,1.0,1.0,0.0,0.0,1.0,0.0,90.0,90.0,1
2025-04-14 09:41:10,16.16,4.59,2.5,0.7,6.3,0.0,0.0,0.0,0.0,0.0,28.6,24.0,23.7,25.4,-128.7,21.6,0.0,1.0,1.0,1.0,0.0,0.0,1.0,0.0,90.0,90.0,1
2025-04-14 09:41:11,16.18,4.57,2.5,0.7,8.0,0.0,0.0,0.0,0.0,0.0,28.6,24.0,23.7,25.4,-128.7,21.7,0.0,1.0,1.0,1.0,0.0,0.0,1.0,0.0,90.0,90.0,1
2025-04-14 09:41:12,16.18,4.59,2.5,0.7,7.599999,0.0,0.0,0.0,0.0,0.0,28.6,24.0,23.7,25.4,-128.7,21.5,0.0,1.0,1.0,1.0,0.0,0.0,1.0,0.0,90.0,90.0,1
2025-04-14 09:41:13,16.18,4.59,2.5,0.7,7.3,0.0,0.0,0.0,0.0,0.0,28.6,24.0,23.7,25.4,-128.7,21.6,0.0,1.0,1.0,1.0,0.0,0.0,1.0,0.0,90.0,90.0,1
2025-04-14 09:41:14,16.19,4.57,2.5,0.7,7.7,0.0,0.0,0.0,0.0,0.0,28.6,24.0,23.7,25.4,-128.7,21.6,0.0,1.0,1.0,1.0,0.0,0.0,1.0,0.0,90.0,90.0,1
2025-04-14 09:41:15,16.19,4.59,2.5,0.7,7.5,0.0,0.0,0.0,0.0,0.0,28.6,24.0,23.7,25.4,-128.7,21.6,0.0,1.0,1.0,1.0,0.0,0.0,1.0,0.0,90.0,90.0,1
2025-04-14 09:41:16,16.2,4.59,2.5,0.7,6.7,0.0,0.0,0.0,0.0,0.0,28.6,24.0,23.7,25.4,-128.7,21.6,0.0,1.0,1.0,1.0,0.0,0.0,1.0,0.0,90.0,90.0,1
2025-04-14 09:41:17,16.18,4.57,2.4,0.7,6.7,0.0,0.0,0.0,0.0,0.0,28.6,24.0,23.7,25.4,-128.7,21.6,0.0,1.0,1.0,1.0,0.0,0.0,1.0,0.0,90.0,90.0,1
2025-04-14 09:41:18,16.18,4.59,2.5,0.7,7.0,0.0,0.0,0.0,0.0,0.0,28.6,24.0,23.7,25.4,-128.7,21.6,0.0,1.0,1.0,1.0,0.0,0.0,1.0,0.0,90.0,90.0,1
2025-04-14 09:41:19,16.18,4.58,2.5,0.7,8.0,0.0,0.0,0.0,0.0,0.0,28.6,24.0,23.7,25.4,-128.7,21.6,0.0,1.0,1.0,1.0,0.0,0.0,1.0,0.0,90.0,90.0,1
2025-04-14 09:41:20,16.18,4.57,2.5,0.7,6.9,0.0,0.0,0.0,0.0,0.0,28.6,24.0,23.7,25.4,-128.7,21.6,0.0,1.0,1.0,1.0,0.0,0.0,1.0,0.0,90.0,90.0,1
2025-04-14 09:41:21,16.2,4.59,2.5,0.7,7.5,0.0,0.0,0.0,0.0,0.0,28.6,24.0,23.7,25.4,-128.7,21.6,0.0,1.0,1.0,1.0,0.0,0.0,1.0,0.0,90.0,90.0,1
2025-04-14 09:41:22,16.19,4.57,2.5,0.7,7.8,0.0,0.0,0.0,0.0,0.0,28.6,24.0,23.7,25.4,-128.7,21.6,0.0,1.0,1.0,1.0,0.0,0.0,1.0,0.0,90.0,90.0,1
2025-04-14 09:41:23,16.2,4.59,2.5,0.7,7.3,0.0,0.0,0.0,0.0,0.0,28.6,24.0,23.7,25.4,-128.7,21.6,0.0,1.0,1.0,1.0,0.0,0.0,1.0,0.0,90.0,90.0,1
2025-04-14 09:41:24,16.2,4.58,2.5,0.7,7.0,0.0,0.0,0.0,0.0,0.0,28.6,24.0,23.7,25.4,-128.7,21.6,0.0,1.0,1.0,1.0,0.0,0.0,1.0,0.0,90.0,90.0,1
2025-04-14 09:41:25,16.2,4.59,2.5,0.7,7.8,0.0,0.0,0.0,0.0,0.0,28.6,24.0,23.7,25.4,-128.7,21.6,0.0,1.0,1.0,1.0,0.0,0.0,1.0,0.0,90.0,90.0,1
2025-04-14 09:41:26,16.21,4.6,2.5,0.7,7.7,0.0,0.0,0.0,0.0,0.0,28.6,24.0,23.7,25.4,-128.7,21.5,0.0,1.0,1.0,1.0,0.0,0.0,1.0,0.0,90.0,90.0,1
2025-04-14 09:41:27,16.2,4.59,2.5,0.7,7.3,0.0,0.0,0.0,0.0,0.0,28.6,24.0,23.7,25.4,-128.7,21.6,0.0,1.0,1.0,1.0,0.0,0.0,1.0,0.0,90.0,90.0,1
2025-04-14 09:41:28,16.19,4.59,2.5,0.7,7.2,0.0,0.0,0.0,0.0,0.0,28.6,24.0,23.7,25.4,-128.7,21.6,0.0,1.0,1.0,1.0,0.0,0.0,1.0,0.0,90.0,90.0,1
2025-04-14 09:41:29,16.2,4.6,2.5,0.7,7.7,0.0,0.0,0.0,0.0,0.0,28.6,24.0,23.7,25.4,-128.7,21.6,0.0,1.0,1.0,1.0,0.0,0.0,1.0,0.0,90.0,90.0,1
2025-04-14 09:41:30,16.2,4.58,2.5,0.7,6.9,0.0,0.0,0.0,0.0,0.0,28.6,24.0,23.7,25.4,-128.7,21.6,0.0,1.0,1.0,1.0,0.0,0.0,1.0,0.0,90.0,90.0,1
2025-04-14 09:41:31,16.19,4.59,2.5,0.7,7.8,0.0,0.0,0.0,0.0,0.0,28.6,24.0,23.6,25.4,-128.7,21.5,0.0,1.0,1.0,1.0,0.0,0.0,1.0,0.0,90.0,90.0,1
2025-04-14 09:41:32,16.2,4.59,2.5,0.7,7.0,0.0,0.0,0.0,0.0,0.0,28.6,24.0,23.6,25.4,-128.7,21.6,0.0,1.0,1.0,1.0,0.0,0.0,1.0,0.0,90.0,90.0,1
2025-04-14 09:41:33,16.22,4.59,2.5,0.7,7.8,0.0,0.0,0.0,0.0,0.0,28.6,24.0,23.6,25.4,-128.7,21.6,0.0,1.0,1.0,1.0,0.0,0.0,1.0,0.0,90.0,90.0,1
2025-04-14 09:41:34,16.21,4.59,2.5,0.7,7.099999,0.0,0.0,0.0,0.0,0.0,28.6,24.0,23.6,25.4,-128.7,21.5,0.0,1.0,1.0,1.0,0.0,0.0,1.0,0.0,90.0,90.0,1
2025-04-14 09:41:35,16.22,4.59,2.5,0.7,7.3,0.0,0.0,0.0,0.0,0.0,28.6,24.0,23.6,25.4,-128.7,21.6,0.0,1.0,1.0,1.0,0.0,0.0,1.0,0.0,90.0,90.0,1
2025-04-14 09:41:36,16.2,4.59,2.4,0.7,7.5,0.0,0.0,0.0,0.0,0.0,28.6,24.0,23.6,25.4,-128.7,21.5,0.0,1.0,1.0,1.0,0.0,0.0,1.0,0.0,90.0,90.0,1
2025-04-14 09:41:37,16.2,4.6,2.5,0.7,7.7,0.0,0.0,0.0,0.0,0.0,28.6,24.0,23.6,25.4,-128.7,21.6,0.0,1.0,1.0,1.0,0.0,0.0,1.0,0.0,90.0,90.0,1
2025-04-14 09:41:38,16.19,4.58,2.5,0.7,7.4,0.0,0.0,0.0,0.0,0.0,28.6,24.0,23.6,25.4,-128.7,21.6,0.0,1.0,1.0,1.0,0.0,0.0,1.0,0.0,90.0,90.0,1
2025-04-14 09:41:39,16.19,4.6,2.5,0.7,7.0,0.0,0.0,0.0,0.0,0.0,28.6,24.0,23.6,25.4,-128.7,21.5,0.0,1.0,1.0,1.0,0.0,0.0,1.0,0.0,90.0,90.0,1
2025-04-14 09:41:40,16.2,4.6,2.5,0.7,7.2,0.0,0.0,0.0,0.0,0.0,28.6,24.0,23.6,25.4,-128.7,21.6,0.0,1.0,1.0,1.0,0.0,0.0,1.0,0.0,90.0,90.0,1
2025-04-14 09:41:41,16.22,4.59,2.5,0.7,7.3,0.0,0.0,0.0,0.0,0.0,28.6,24.0,23.6,25.4,-128.7,21.6,0.0,1.0,1.0,1.0,0.0,0.0,1.0,0.0,90.0,90.0,1
2025-04-14 09:41:42,16.22,4.59,2.5,0.7,6.8,0.0,0.0,0.0,0.0,0.0,28.6,24.0,23.6,25.4,-128.7,21.5,0.0,1.0,1.0,1.0,0.0,0.0,1.0,0.0,90.0,90.0,1
2025-04-14 09:41:43,16.21,4.6,2.5,0.7,7.0,0.0,0.0,0.0,0.0,0.0,28.6,24.0,23.6,25.4,-128.7,21.6,0.0,1.0,1.0,1.0,0.0,0.0,1.0,0.0,90.0,90.0,1
2025-04-14 09:41:44,16.21,4.59,2.5,0.7,7.3,0.0,0.0,0.0,0.0,0.0,28.6,24.0,23.6,25.4,-128.7,21.6,0.0,1.0,1.0,1.0,0.0,0.0,1.0,0.0,90.0,90.0,1
2025-04-14 09:41:45,16.21,4.61,2.5,0.7,8.0,0.0,0.0,0.0,0.0,0.0,28.6,24.0,23.6,25.4,-128.7,21.5,0.0,1.0,1.0,1.0,0.0,0.0,1.0,0.0,90.0,90.0,1
2025-04-14 09:41:46,16.21,4.59,2.5,0.7,7.099999,0.0,0.0,0.0,0.0,0.0,28.6,24.0,23.6,25.4,-128.7,21.6,0.0,1.0,1.0,1.0,0.0,0.0,1.0,0.0,90.0,90.0,1
2025-04-14 09:41:47,16.2,4.59,2.5,0.7,6.8,0.0,0.0,0.0,0.0,0.0,28.6,24.0,23.6,25.4,-128.7,21.5,0.0,1.0,1.0,1.0,0.0,0.0,1.0,0.0,90.0,90.0,1
2025-04-14 09:41:48,16.2,4.6,2.5,0.7,7.2,0.0,0.0,0.0,0.0,0.0,28.6,24.0,23.5,25.3,-128.7,21.4,0.0,1.0,1.0,1.0,0.0,0.0,1.0,0.0,90.0,90.0,1
2025-04-14 09:41:49,16.2,4.59,2.5,0.7,7.3,0.0,0.0,0.0,0.0,0.0,28.6,24.0,23.5,25.3,-128.7,21.5,0.0,1.0,1.0,1.0,0.0,0.0,1.0,0.0,90.0,90.0,1
2025-04-14 09:41:50,16.21,4.6,2.5,0.7,7.4,0.0,0.0,0.0,0.0,0.0,28.6,24.0,23.5,25.3,-128.7,21.4,0.0,1.0,1.0,1.0,0.0,0.0,1.0,0.0,90.0,90.0,1
2025-04-14 09:41:51,16.2,4.6,2.5,0.7,7.9,0.0,0.0,0.0,0.0,0.0,28.6,24.0,23.5,25.3,-128.7,21.5,0.0,1.0,1.0,1.0,0.0,0.0,1.0,0.0,90.0,90.0,1
2025-04-14 09:41:52,16.21,4.59,2.5,0.7,7.4,0.0,0.0,0.0,0.0,0.0,28.6,24.0,23.5,25.3,-128.7,21.5,0.0,1.0,1.0,1.0,0.0,0.0,1.0,0.0,90.0,90.0,1
2025-04-14 09:41:53,16.22,4.61,2.5,0.7,7.5,0.0,0.0,0.0,0.0,0.0,28.6,24.0,23.5,25.3,-128.7,21.4,0.0,1.0,1.0,1.0,0.0,0.0,1.0,0.0,90.0,90.0,1
2025-04-14 09:41:54,16.21,4.6,2.5,0.7,8.799999,0.0,0.0,0.0,0.0,0.0,28.6,24.0,23.5,25.3,-128.7,21.5,0.0,1.0,1.0,1.0,0.0,0.0,1.0,0.0,90.0,90.0,1
2025-04-14 09:41:55,16.2,4.59,2.5,0.7,7.2,0.0,0.0,0.0,0.0,0.0,28.6,24.0,23.5,25.3,-128.7,21.4,0.0,1.0,1.0,1.0,0.0,0.0,1.0,0.0,90.0,90.0,1
2025-04-14 09:41:56,16.2,4.61,2.5,0.7,7.599999,0.0,0.0,0.0,0.0,0.0,28.6,24.0,23.5,25.3,-128.7,21.5,0.0,1.0,1.0,1.0,0.0,0.0,1.0,0.0,90.0,90.0,1
2025-04-14 09:41:57,16.2,4.59,2.5,0.7,7.5,0.0,0.0,0.0,0.0,0.0,28.6,24.0,23.5,25.3,-128.7,21.5,0.0,1.0,1.0,1.0,0.0,0.0,1.0,0.0,90.0,90.0,1
2025-04-14 09:41:58,16.2,4.6,2.5,0.7,7.0,0.0,0.0,0.0,0.0,0.0,28.6,24.0,23.5,25.3,-128.7,21.4,0.0,1.0,1.0,1.0,0.0,0.0,1.0,0.0,90.0,90.0,1
2025-04-14 09:41:59,16.21,4.59,2.5,0.7,7.0,0.0,0.0,0.0,0.0,0.0,28.6,24.0,23.5,25.3,-128.7,21.5,0.0,1.0,1.0,1.0,0.0,0.0,1.0,0.0,90.0,90.0,1
2025-04-14 09:42:00,16.22,4.6,2.5,0.7,7.5,0.0,0.0,0.0,0.0,0.0,28.6,24.0,23.5,25.3,-128.7,21.5,0.0,1.0,1.0,1.0,0.0,0.0,1.0,0.0,90.0,90.0,1
2025-04-14 09:42:01,16.22,4.6,2.5,0.7,7.099999,0.0,0.0,0.0,0.0,0.0,28.6,24.0,23.5,25.3,-128.7,21.4,0.0,1.0,1.0,1.0,0.0,0.0,1.0,0.0,90.0,90.0,1
2025-04-14 09:42:02,16.22,4.59,2.5,0.7,6.9,0.0,0.0,0.0,0.0,0.0,28.6,24.0,23.5,25.3,-128.7,21.5,0.0,1.0,1.0,1.0,0.0,0.0,1.0,0.0,90.0,90.0,1
2025-04-14 09:42:03,16.22,4.59,2.5,0.7,7.8,0.0,0.0,0.0,0.0,0.0,28.6,24.0,23.4,25.3,-128.7,21.4,0.0,1.0,1.0,1.0,0.0,0.0,1.0,0.0,90.0,90.0,1
2025-04-14 09:42:04,16.22,4.6,2.5,0.7,7.5,0.0,0.0,0.0,0.0,0.0,28.6,24.0,23.4,25.3,-128.7,21.4,0.0,1.0,1.0,1.0,0.0,0.0,1.0,0.0,90.0,90.0,1
2025-04-14 09:42:05,16.22,4.59,2.5,0.7,6.8,0.0,0.0,0.0,0.0,0.0,28.6,24.0,23.4,25.3,-128.7,21.4,0.0,1.0,1.0,1.0,0.0,0.0,1.0,0.0,90.0,90.0,1
2025-04-14 09:42:06,16.21,4.6,2.5,0.7,7.2,0.0,0.0,0.0,0.0,0.0,28.6,24.0,23.4,25.3,-128.7,21.4,0.0,1.0,1.0,1.0,0.0,0.0,1.0,0.0,90.0,90.0,1
2025-04-14 09:42:07,16.21,4.59,2.5,0.7,7.8,0.0,0.0,0.0,0.0,0.0,28.6,24.0,23.4,25.3,-128.7,21.5,0.0,1.0,1.0,1.0,0.0,0.0,1.0,0.0,90.0,90.0,1
2025-04-14 09:42:08,16.2,4.6,2.4,0.7,7.2,0.0,0.0,0.0,0.0,0.0,28.6,24.0,23.4,25.3,-128.7,21.4,0.0,1.0,1.0,1.0,0.0,0.0,1.0,0.0,90.0,90.0,1
2025-04-14 09:42:09,16.2,4.6,2.5,0.7,7.4,0.0,0.0,0.0,0.0,0.0,28.6,24.0,23.4,25.3,-128.7,21.4,0.0,1.0,1.0,1.0,0.0,0.0,1.0,0.0,90.0,90.0,1
2025-04-14 09:42:10,16.21,4.59,2.5,0.7,7.099999,0.0,0.0,0.0,0.0,0.0,28.6,24.0,23.4,25.3,-128.7,21.5,0.0,1.0,1.0,1.0,0.0,0.0,1.0,0.0,90.0,90.0,1
2025-04-14 09:42:11,16.21,4.59,2.5,0.7,7.0,0.0,0.0,0.0,0.0,0.0,28.6,24.0,23.4,25.3,-128.7,21.5,0.0,1.0,1.0,1.0,0.0,0.0,1.0,0.0,90.0,90.0,1
2025-04-14 09:42:12,16.22,4.59,2.5,0.7,7.8,0.0,0.0,0.0,0.0,0.0,28.6,24.0,23.4,25.3,-128.7,21.5,0.0,1.0,1.0,1.0,0.0,0.0,1.0,0.0,90.0,90.0,1
2025-04-14 09:42:13,16.22,4.59,2.5,0.7,7.5,0.0,0.0,0.0,0.0,0.0,28.6,24.0,23.4,25.3,-128.7,21.5,0.0,1.0,1.0,1.0,0.0,0.0,1.0,0.0,90.0,90.0,1
2025-04-14 09:42:14,16.24,4.6,2.5,0.7,7.099999,0.0,0.0,0.0,0.0,0.0,28.6,24.0,23.4,25.3,-128.7,21.4,0.0,1.0,1.0,1.0,0.0,0.0,1.0,0.0,90.0,90.0,1
2025-04-14 09:42:15,16.21,4.59,2.5,0.7,7.599999,0.0,0.0,0.0,0.0,0.0,28.6,24.0,23.4,25.3,-128.7,21.5,0.0,1.0,1.0,1.0,0.0,0.0,1.0,0.0,90.0,90.0,1
2025-04-14 09:42:16,16.2,4.59,2.5,0.7,7.8,0.0,0.0,0.0,0.0,0.0,28.6,24.0,23.3,25.3,-128.7,21.5,0.0,1.0,1.0,1.0,0.0,0.0,1.0,0.0,90.0,90.0,1
2025-04-14 09:42:17,16.21,4.6,2.5,0.7,7.2,0.0,0.0,0.0,0.0,0.0,28.5,24.0,23.3,25.3,-128.7,21.5,0.0,1.0,1.0,1.0,0.0,0.0,1.0,0.0,90.0,90.0,1
2025-04-14 09:42:18,16.21,4.58,2.5,0.7,6.9,0.0,0.0,0.0,0.0,0.0,28.5,24.0,23.3,25.3,-128.7,21.5,0.0,1.0,1.0,1.0,0.0,0.0,1.0,0.0,90.0,90.0,1
2025-04-14 09:42:19,16.22,4.6,2.5,0.7,7.8,0.0,0.0,0.0,0.0,0.0,28.5,24.0,23.3,25.3,-128.7,21.5,0.0,1.0,1.0,1.0,0.0,0.0,1.0,0.0,90.0,90.0,1
2025-04-14 09:42:20,16.21,4.59,2.5,0.7,8.099999,0.0,0.0,0.0,0.0,0.0,28.5,24.0,23.3,25.3,-128.7,21.5,0.0,1.0,1.0,1.0,0.0,0.0,1.0,0.0,90.0,90.0,1
2025-04-14 09:42:21,16.22,4.59,2.5,0.7,7.7,0.0,0.0,0.0,0.0,0.0,28.5,24.0,23.3,25.3,-128.7,21.5,0.0,1.0,1.0,1.0,0.0,0.0,1.0,0.0,90.0,90.0,1
2025-04-14 09:42:22,16.21,4.59,2.5,0.7,7.0,0.0,0.0,0.0,0.0,0.0,28.5,24.0,23.3,25.3,-128.7,21.5,0.0,1.0,1.0,1.0,0.0,0.0,1.0,0.0,90.0,90.0,1
2025-04-14 09:42:23,16.22,4.59,2.5,0.7,6.9,0.0,0.0,0.0,0.0,0.0,28.5,24.0,23.3,25.3,-128.7,21.5,0.0,1.0,1.0,1.0,0.0,0.0,1.0,0.0,90.0,90.0,1
2025-04-14 09:42:24,16.25,4.59,2.5,0.7,7.2,0.0,0.0,0.0,0.0,0.0,28.5,24.0,23.3,25.3,-128.7,21.5,0.0,1.0,1.0,1.0,0.0,0.0,1.0,0.0,90.0,90.0,1
2025-04-14 09:42:25,16.24,4.6,2.5,0.7,7.8,0.0,0.0,0.0,0.0,0.0,28.5,24.0,23.3,25.3,-128.7,21.5,0.0,1.0,1.0,1.0,0.0,0.0,1.0,0.0,90.0,90.0,1
2025-04-14 09:42:26,16.22,4.58,2.5,0.7,7.4,0.0,0.0,0.0,0.0,0.0,28.5,24.0,23.3,25.3,-128.7,21.5,0.0,1.0,1.0,1.0,0.0,0.0,1.0,0.0,90.0,90.0,1
2025-04-14 09:42:27,16.22,4.6,2.5,0.7,6.9,0.0,0.0,0.0,0.0,0.0,28.5,24.1,23.3,25.3,-128.7,21.5,0.0,1.0,1.0,1.0,0.0,0.0,1.0,0.0,90.0,90.0,1
2025-04-14 09:42:28,16.21,4.59,2.5,0.7,7.4,0.0,0.0,0.0,0.0,0.0,28.5,24.1,23.3,25.3,-128.7,21.5,0.0,1.0,1.0,1.0,0.0,0.0,1.0,0.0,90.0,90.0,1
2025-04-14 09:42:29,16.21,4.59,2.5,0.7,7.3,0.0,0.0,0.0,0.0,0.0,28.5,24.1,23.2,25.3,-128.7,21.5,0.0,1.0,1.0,1.0,0.0,0.0,1.0,0.0,90.0,90.0,1
2025-04-14 09:42:30,16.21,4.59,2.5,0.7,7.4,0.0,0.0,0.0,0.0,0.0,28.5,24.1,23.2,25.3,-128.7,21.5,0.0,1.0,1.0,1.0,0.0,0.0,1.0,0.0,90.0,90.0,1
2025-04-14 09:42:31,16.22,4.59,2.5,0.7,7.599999,0.0,0.0,0.0,0.0,0.0,28.5,24.1,23.2,25.3,-128.7,21.5,0.0,1.0,1.0,1.0,0.0,0.0,1.0,0.0,90.0,90.0,1
2025-04-14 09:42:32,16.21,4.59,2.5,0.7,7.5,0.0,0.0,0.0,0.0,0.0,28.5,24.1,23.2,25.3,-128.7,21.5,0.0,1.0,1.0,1.0,0.0,0.0,1.0,0.0,90.0,90.0,1
2025-04-14 09:42:33,16.22,4.6,2.5,0.7,7.0,0.0,0.0,0.0,0.0,0.0,28.5,24.1,23.2,25.3,-128.7,21.5,0.0,1.0,1.0,1.0,0.0,0.0,1.0,0.0,90.0,90.0,1
2025-04-14 09:42:34,16.24,4.59,2.5,0.7,7.099999,0.0,0.0,0.0,0.0,0.0,28.5,24.1,23.2,25.3,-128.7,21.5,0.0,1.0,1.0,1.0,0.0,0.0,1.0,0.0,90.0,90.0,1
2025-04-14 09:42:35,16.22,4.6,2.5,0.7,8.099999,0.0,0.0,0.0,0.0,0.0,28.5,24.1,23.2,25.3,-128.7,21.4,0.0,1.0,1.0,1.0,0.0,0.0,1.0,0.0,90.0,90.0,1
2025-04-14 09:42:36,16.22,4.59,2.5,0.7,7.599999,0.0,0.0,0.0,0.0,0.0,28.5,24.1,23.2,25.3,-128.7,21.5,0.0,1.0,1.0,1.0,0.0,0.0,1.0,0.0,90.0,90.0,1
2025-04-14 09:42:37,16.21,4.59,2.5,0.7,7.099999,0.0,0.0,0.0,0.0,0.0,28.5,24.1,23.2,25.3,-128.7,21.4,0.0,1.0,1.0,1.0,0.0,0.0,1.0,0.0,90.0,90.0,1
2025-04-14 09:42:38,16.22,4.6,2.5,0.7,7.2,0.0,0.0,0.0,0.0,0.0,28.5,24.1,23.2,25.3,-128.7,21.4,0.0,1.0,1.0,1.0,0.0,0.0,1.0,0.0,90.0,90.0,1
2025-04-14 09:42:39,16.21,4.59,2.5,0.7,7.8,0.0,0.0,0.0,0.0,0.0,28.5,24.1,23.2,25.3,-128.7,21.5,0.0,1.0,1.0,1.0,0.0,0.0,1.0,0.0,90.0,90.0,1
2025-04-14 09:42:40,16.2,4.59,2.5,0.7,7.099999,0.0,0.0,0.0,0.0,0.0,28.5,24.1,23.2,25.3,-128.7,21.4,0.0,1.0,1.0,1.0,0.0,0.0,1.0,0.0,90.0,90.0,1
2025-04-14 09:42:41,16.2,4.59,2.5,0.7,6.9,0.0,0.0,0.0,0.0,0.0,28.5,24.1,23.2,25.3,-128.7,21.5,0.0,1.0,1.0,1.0,0.0,0.0,1.0,0.0,90.0,90.0,1
2025-04-14 09:42:42,16.22,4.59,2.5,0.7,6.7,0.0,0.0,0.0,0.0,0.0,28.5,24.1,23.1,25.3,-128.7,21.5,0.0,1.0,1.0,1.0,0.0,0.0,1.0,0.0,90.0,90.0,1
2025-04-14 09:42:43,16.22,4.6,2.4,0.7,7.7,0.0,0.0,0.0,0.0,0.0,28.5,24.1,23.1,25.3,-128.7,21.4,0.0,1.0,1.0,1.0,0.0,0.0,1.0,0.0,90.0,90.0,1
2025-04-14 09:42:44,16.22,4.6,2.5,0.7,7.9,0.0,0.0,0.0,0.0,0.0,28.5,24.1,23.1,25.3,-128.7,21.5,0.0,1.0,1.0,1.0,0.0,0.0,1.0,0.0,90.0,90.0,1
2025-04-14 09:42:45,16.22,4.6,2.5,0.7,7.0,0.0,0.0,0.0,0.0,0.0,28.5,24.1,23.1,25.3,-128.7,21.4,0.0,1.0,1.0,1.0,0.0,0.0,1.0,0.0,90.0,90.0,1
2025-04-14 09:42:46,16.22,4.6,2.5,0.7,7.2,0.0,0.0,0.0,0.0,0.0,28.5,24.1,23.1,25.3,-128.7,21.5,0.0,1.0,1.0,1.0,0.0,0.0,1.0,0.0,90.0,90.0,1
2025-04-14 09:42:47,16.21,4.59,2.5,0.7,7.4,0.0,0.0,0.0,0.0,0.0,28.5,24.1,23.1,25.3,-128.7,21.5,0.0,1.0,1.0,1.0,0.0,0.0,1.0,0.0,90.0,90.0,1
2025-04-14 09:42:48,16.22,4.59,2.5,0.7,7.4,0.0,0.0,0.0,0.0,0.0,28.5,24.1,23.1,25.3,-128.7,21.4,0.0,1.0,1.0,1.0,0.0,0.0,1.0,0.0,90.0,90.0,1
2025-04-14 09:42:49,16.21,4.59,2.5,0.7,7.099999,0.0,0.0,0.0,0.0,0.0,28.5,24.1,23.1,25.3,-128.7,21.5,0.0,1.0,1.0,1.0,0.0,0.0,1.0,0.0,90.0,90.0,1
2025-04-14 09:42:50,16.2,4.59,2.5,0.7,6.7,0.0,0.0,0.0,0.0,0.0,28.5,24.1,23.1,25.3,-128.7,21.5,0.0,1.0,1.0,1.0,0.0,0.0,1.0,0.0,90.0,90.0,1
2025-04-14 09:42:51,16.22,4.61,2.5,0.7,8.0,0.0,0.0,0.0,0.0,0.0,28.5,24.1,23.1,25.3,-128.7,21.4,0.0,1.0,1.0,1.0,0.0,0.0,1.0,0.0,90.0,90.0,1
2025-04-14 09:42:52,16.21,4.6,2.5,0.7,7.599999,0.0,0.0,0.0,0.0,0.0,28.5,24.1,23.1,25.3,-128.7,21.5,0.0,1.0,1.0,1.0,0.0,0.0,1.0,0.0,90.0,90.0,1
2025-04-14 09:42:53,16.21,4.59,2.5,0.7,6.9,0.0,0.0,0.0,0.0,0.0,28.5,24.1,23.1,25.3,-128.7,21.4,0.0,1.0,1.0,1.0,0.0,0.0,1.0,0.0,90.0,90.0,1
2025-04-14 09:42:54,16.22,4.6,2.5,0.7,7.099999,0.0,0.0,0.0,0.0,0.0,28.5,24.1,23.1,25.3,-128.7,21.5,0.0,1.0,1.0,1.0,0.0,0.0,1.0,0.0,90.0,90.0,1
2025-04-14 09:42:55,16.22,4.59,2.5,0.7,7.2,0.0,0.0,0.0,0.0,0.0,28.5,24.1,23.1,25.3,-128.7,21.5,0.0,1.0,1.0,1.0,0.0,0.0,1.0,0.0,90.0,90.0,1
2025-04-14 09:42:56,16.22,4.6,2.5,0.7,8.0,0.0,0.0,0.0,0.0,0.0,28.5,24.1,23.1,25.3,-128.7,21.4,0.0,1.0,1.0,1.0,0.0,0.0,1.0,0.0,90.0,90.0,1
2025-04-14 09:42:57,16.21,4.59,2.5,0.7,7.8,0.0,0.0,0.0,0.0,0.0,28.5,24.1,23.1,25.3,-128.7,21.5,0.0,1.0,1.0,1.0,0.0,0.0,1.0,0.0,90.0,90.0,1
2025-04-14 09:42:58,16.2,4.59,2.5,0.7,7.099999,0.0,0.0,0.0,0.0,0.0,28.5,24.1,23.1,25.3,-128.7,21.5,0.0,1.0,1.0,1.0,0.0,0.0,1.0,0.0,90.0,90.0,1
2025-04-14 09:42:59,16.2,4.6,2.5,0.7,6.9,0.0,0.0,0.0,0.0,0.0,28.5,24.1,23.0,25.3,-128.7,21.4,0.0,1.0,1.0,1.0,0.0,0.0,1.0,0.0,90.0,90.0,1
2025-04-14 09:43:00,16.21,4.6,2.5,0.7,6.9,0.0,0.0,0.0,0.0,0.0,28.5,24.1,23.0,25.3,-128.7,21.5,0.0,1.0,1.0,1.0,0.0,0.0,1.0,0.0,90.0,90.0,1
2025-04-14 09:43:01,16.2,4.59,2.5,0.7,7.4,0.0,0.0,0.0,0.0,0.0,28.5,24.1,23.0,25.3,-128.7,21.4,0.0,1.0,1.0,1.0,0.0,0.0,1.0,0.0,90.0,90.0,1
2025-04-14 09:43:02,16.22,4.61,2.5,0.7,7.099999,0.0,0.0,0.0,0.0,0.0,28.5,24.1,23.0,25.2,-128.7,21.3,0.0,1.0,1.0,1.0,0.0,0.0,1.0,0.0,90.0,90.0,1
2025-04-14 09:43:03,16.24,4.59,2.5,0.7,7.5,0.0,0.0,0.0,0.0,0.0,28.5,24.1,23.0,25.2,-128.7,21.4,0.0,1.0,1.0,1.0,0.0,0.0,1.0,0.0,90.0,90.0,1
2025-04-14 09:43:04,16.22,4.6,2.5,0.7,7.0,0.0,0.0,0.0,0.0,0.0,28.5,24.1,23.0,25.2,-128.7,21.3,0.0,1.0,1.0,1.0,0.0,0.0,1.0,0.0,90.0,90.0,1
2025-04-14 09:43:05,16.22,4.61,2.5,0.7,7.2,0.0,0.0,0.0,0.0,0.0,28.5,24.1,23.0,25.2,-128.7,21.4,0.0,1.0,1.0,1.0,0.0,0.0,1.0,0.0,90.0,90.0,1
2025-04-14 09:43:06,16.22,4.59,2.5,0.7,7.5,0.0,0.0,0.0,0.0,0.0,28.5,24.1,23.0,25.2,-128.7,21.3,0.0,1.0,1.0,1.0,0.0,0.0,1.0,0.0,90.0,90.0,1
2025-04-14 09:43:07,16.22,4.6,2.5,0.7,7.3,0.0,0.0,0.0,0.0,0.0,28.5,24.1,23.0,25.2,-128.7,21.3,0.0,1.0,1.0,1.0,0.0,0.0,1.0,0.0,90.0,90.0,1
2025-04-14 09:43:08,16.22,4.6,2.5,0.7,7.7,0.0,0.0,0.0,0.0,0.0,28.5,24.1,23.0,25.2,-128.7,21.3,0.0,1.0,1.0,1.0,0.0,0.0,1.0,0.0,90.0,90.0,1
2025-04-14 09:43:09,16.22,4.59,2.5,0.7,6.9,0.0,0.0,0.0,0.0,0.0,28.5,24.1,23.0,25.2,-128.7,21.2,0.0,1.0,1.0,1.0,0.0,0.0,1.0,0.0,90.0,90.0,1
2025-04-14 09:43:10,16.21,4.6,2.5,0.7,7.0,0.0,0.0,0.0,0.0,0.0,28.5,24.1,23.0,25.2,-128.7,21.3,0.0,1.0,1.0,1.0,0.0,0.0,1.0,0.0,90.0,90.0,1
2025-04-14 09:43:11,16.2,4.59,2.5,0.7,7.599999,0.0,0.0,0.0,0.0,0.0,28.5,24.1,23.0,25.2,-128.7,21.4,0.0,1.0,1.0,1.0,0.0,0.0,1.0,0.0,90.0,90.0,1
2025-04-14 09:43:12,16.22,4.61,2.5,0.7,7.5,0.0,0.0,0.0,0.0,0.0,28.5,24.1,23.0,25.2,-128.7,21.3,0.0,1.0,1.0,1.0,0.0,0.0,1.0,0.0,90.0,90.0,1
2025-04-14 09:43:13,16.24,4.61,2.5,0.7,7.099999,0.0,0.0,0.0,0.0,0.0,28.5,24.1,23.0,25.2,-128.7,21.4,0.0,1.0,1.0,1.0,0.0,0.0,1.0,0.0,90.0,90.0,1
2025-04-14 09:43:14,16.22,4.59,2.5,0.7,7.0,0.0,0.0,0.0,0.0,0.0,28.5,24.1,23.0,25.2,-128.7,21.4,0.0,1.0,1.0,1.0,0.0,0.0,1.0,0.0,90.0,90.0,1
2025-04-14 09:43:15,16.24,4.6,2.5,0.7,7.5,0.0,0.0,0.0,0.0,0.0,28.5,24.1,23.0,25.2,-128.7,21.3,0.0,1.0,1.0,1.0,0.0,0.0,1.0,0.0,90.0,90.0,1
2025-04-14 09:43:16,16.22,4.6,2.5,0.7,7.599999,0.0,0.0,0.0,0.0,0.0,28.5,24.1,23.0,25.2,-128.7,21.4,0.0,1.0,1.0,1.0,0.0,0.0,1.0,0.0,90.0,90.0,1
2025-04-14 09:43:17,16.21,4.59,2.5,0.7,7.099999,0.0,0.0,0.0,0.0,0.0,28.5,24.1,23.0,25.2,-128.7,21.4,0.0,1.0,1.0,1.0,0.0,0.0,1.0,0.0,90.0,90.0,1
2025-04-14 09:43:18,16.22,4.61,2.5,0.7,7.099999,0.0,0.0,0.0,0.0,0.0,28.5,24.1,23.0,25.2,-128.7,21.3,0.0,1.0,1.0,1.0,0.0,0.0,1.0,0.0,90.0,90.0,1
2025-04-14 09:43:19,16.21,4.59,2.5,0.7,7.2,0.0,0.0,0.0,0.0,0.0,28.5,24.1,23.0,25.2,-128.7,21.4,0.0,1.0,1.0,1.0,0.0,0.0,1.0,0.0,90.0,90.0,1
2025-04-14 09:43:20,16.22,4.59,2.5,0.7,7.4,0.0,0.0,0.0,0.0,0.0,28.5,24.1,23.0,25.2,-128.7,21.3,0.0,1.0,1.0,1.0,0.0,0.0,1.0,0.0,90.0,90.0,1
2025-04-14 09:43:21,16.2,4.6,2.5,0.7,7.8,0.0,0.0,0.0,0.0,0.0,28.5,24.1,23.0,25.2,-128.7,21.4,0.0,1.0,1.0,1.0,0.0,0.0,1.0,0.0,90.0,90.0,1
2025-04-14 09:43:22,16.22,4.6,2.5,0.7,6.9,0.0,0.0,0.0,0.0,0.0,28.5,24.1,23.0,25.2,-128.7,21.4,0.0,1.0,1.0,1.0,0.0,0.0,1.0,0.0,90.0,90.0,1
2025-04-14 09:43:23,16.24,4.6,2.5,0.7,7.0,0.0,0.0,0.0,0.0,0.0,28.5,24.1,23.0,25.2,-128.7,21.3,0.0,1.0,1.0,1.0,0.0,0.0,1.0,0.0,90.0,90.0,1
2025-04-14 09:43:24,16.24,4.6,2.5,0.7,7.3,0.0,0.0,0.0,0.0,0.0,28.5,24.1,23.0,25.2,-128.7,21.4,0.0,1.0,1.0,1.0,0.0,0.0,1.0,0.0,90.0,90.0,1
2025-04-14 09:43:25,16.22,4.59,2.5,0.7,8.0,0.0,0.0,0.0,0.0,0.0,28.5,24.1,23.0,25.2,-128.7,21.4,0.0,1.0,1.0,1.0,0.0,0.0,1.0,0.0,90.0,90.0,1
2025-04-14 09:43:26,16.22,4.61,2.4,0.7,7.8,0.0,0.0,0.0,0.0,0.0,28.5,24.1,23.0,25.2,-128.7,21.3,0.0,1.0,1.0,1.0,0.0,0.0,1.0,0.0,90.0,90.0,1
2025-04-14 09:43:27,16.22,4.59,2.5,0.7,7.0,0.0,0.0,0.0,0.0,0.0,28.5,24.1,22.9,25.2,-128.7,21.4,0.0,1.0,1.0,1.0,0.0,0.0,1.0,0.0,90.0,90.0,1
2025-04-14 09:43:28,16.22,4.59,2.5,0.7,7.099999,0.0,0.0,0.0,0.0,0.0,28.5,24.1,22.9,25.2,-128.7,21.3,0.0,1.0,1.0,1.0,0.0,0.0,1.0,0.0,90.0,90.0,1
2025-04-14 09:43:29,16.2,4.6,2.5,0.7,7.3,0.0,0.0,0.0,0.0,0.0,28.5,24.1,22.9,25.2,-128.7,21.4,0.0,1.0,1.0,1.0,0.0,0.0,1.0,0.0,90.0,90.0,1
2025-04-14 09:43:30,16.22,4.59,2.5,0.7,8.2,0.0,0.0,0.0,0.0,0.0,28.5,24.1,22.9,25.2,-128.7,21.4,0.0,1.0,1.0,1.0,0.0,0.0,1.0,0.0,90.0,90.0,1
2025-04-14 09:43:31,16.22,4.6,2.5,0.7,7.5,0.0,0.0,0.0,0.0,0.0,28.5,24.1,22.9,25.2,-128.7,21.3,0.0,1.0,1.0,1.0,0.0,0.0,1.0,0.0,90.0,90.0,1
2025-04-14 09:43:32,16.22,4.59,2.4,0.7,7.0,0.0,0.0,0.0,0.0,0.0,28.5,24.1,22.9,25.2,-128.7,21.4,0.0,1.0,1.0,1.0,0.0,0.0,1.0,0.0,90.0,90.0,1
2025-04-14 09:43:33,16.24,4.59,2.5,0.7,8.0,0.0,0.0,0.0,0.0,0.0,28.5,24.1,22.9,25.2,-128.7,21.3,0.0,1.0,1.0,1.0,0.0,0.0,1.0,0.0,90.0,90.0,1
2025-04-14 09:43:34,16.25,4.59,2.5,0.7,7.4,0.0,0.0,0.0,0.0,0.0,28.5,24.1,22.9,25.2,-128.7,21.4,0.0,1.0,1.0,1.0,0.0,0.0,1.0,0.0,90.0,90.0,1
2025-04-14 09:43:35,16.24,4.59,2.5,0.7,7.0,0.0,0.0,0.0,0.0,0.0,28.5,24.1,22.9,25.2,-128.7,21.4,0.0,1.0,1.0,1.0,0.0,0.0,1.0,0.0,90.0,90.0,1
2025-04-14 09:43:36,16.22,4.6,2.5,0.7,7.0,0.0,0.0,0.0,0.0,0.0,28.5,24.1,22.9,25.2,-128.7,21.4,0.0,1.0,1.0,1.0,0.0,0.0,1.0,0.0,90.0,90.0,1
2025-04-14 09:43:37,16.24,4.59,2.5,0.7,7.5,0.0,0.0,0.0,0.0,0.0,28.5,24.1,22.9,25.2,-128.7,21.4,0.0,1.0,1.0,1.0,0.0,0.0,1.0,0.0,90.0,90.0,1
2025-04-14 09:43:38,16.24,4.6,2.5,0.7,7.599999,0.0,0.0,0.0,0.0,0.0,28.5,24.1,22.9,25.2,-128.7,21.4,0.0,1.0,1.0,1.0,0.0,0.0,1.0,0.0,90.0,90.0,1
2025-04-14 09:43:39,16.22,4.59,2.5,0.7,7.5,0.0,0.0,0.0,0.0,0.0,28.5,24.1,22.9,25.2,-128.7,21.4,0.0,1.0,1.0,1.0,0.0,0.0,1.0,0.0,90.0,90.0,1
2025-04-14 09:43:40,16.24,4.59,2.5,0.7,7.0,0.0,0.0,0.0,0.0,0.0,28.5,24.1,22.9,25.2,-128.7,21.4,0.0,1.0,1.0,1.0,0.0,0.0,1.0,0.0,90.0,90.0,1
2025-04-14 09:43:41,16.22,4.61,2.5,0.7,7.4,0.0,0.0,0.0,0.0,0.0,28.5,24.1,22.9,25.2,-128.7,21.3,0.0,1.0,1.0,1.0,0.0,0.0,1.0,0.0,90.0,90.0,1
2025-04-14 09:43:42,16.21,4.59,2.5,0.7,7.5,0.0,0.0,0.0,0.0,0.0,28.5,24.1,22.9,25.2,-128.7,21.4,0.0,1.0,1.0,1.0,0.0,0.0,1.0,0.0,90.0,90.0,1
2025-04-14 09:43:43,16.22,4.6,2.5,0.7,7.8,0.0,0.0,0.0,0.0,0.0,28.5,24.1,22.9,25.2,-128.7,21.3,0.0,1.0,1.0,1.0,0.0,0.0,1.0,0.0,90.0,90.0,1
2025-04-14 09:43:44,16.22,4.6,2.4,0.7,7.4,0.0,0.0,0.0,0.0,0.0,28.5,24.1,22.9,25.2,-128.7,21.4,0.0,1.0,1.0,1.0,0.0,0.0,1.0,0.0,90.0,90.0,1
2025-04-14 09:43:45,16.21,4.59,2.5,0.7,7.099999,0.0,0.0,0.0,0.0,0.0,28.5,24.1,22.9,25.2,-128.7,21.3,0.0,1.0,1.0,1.0,0.0,0.0,1.0,0.0,90.0,90.0,1
2025-04-14 09:43:46,16.22,4.61,2.5,0.7,7.5,0.0,0.0,0.0,0.0,0.0,28.5,24.1,22.9,25.2,-128.7,21.3,0.0,1.0,1.0,1.0,0.0,0.0,1.0,0.0,90.0,90.0,1
2025-04-14 09:43:47,16.21,4.59,2.5,0.7,7.7,0.0,0.0,0.0,0.0,0.0,28.5,24.1,22.9,25.2,-128.7,21.4,0.0,1.0,1.0,1.0,0.0,0.0,1.0,0.0,90.0,90.0,1
2025-04-14 09:43:48,16.24,4.61,2.5,0.7,7.5,0.0,0.0,0.0,0.0,0.0,28.5,24.1,22.9,25.2,-128.7,21.2,0.0,1.0,1.0,1.0,0.0,0.0,1.0,0.0,90.0,90.0,1
2025-04-14 09:43:49,16.25,4.6,2.5,0.7,7.2,0.0,0.0,0.0,0.0,0.0,28.5,24.1,22.9,25.2,-128.7,21.4,0.0,1.0,1.0,1.0,0.0,0.0,1.0,0.0,90.0,90.0,1
2025-04-14 09:43:50,16.24,4.59,2.5,0.7,7.0,0.0,0.0,0.0,0.0,0.0,28.5,24.1,22.9,25.2,-128.7,21.3,0.0,1.0,1.0,1.0,0.0,0.0,1.0,0.0,90.0,90.0,1
2025-04-14 09:43:51,16.25,4.61,2.5,0.7,7.3,0.0,0.0,0.0,0.0,0.0,28.5,24.1,22.9,25.2,-128.7,21.3,0.0,1.0,1.0,1.0,0.0,0.0,1.0,0.0,90.0,90.0,1
2025-04-14 09:43:52,16.22,4.6,2.5,0.7,7.3,0.0,0.0,0.0,0.0,0.0,28.5,24.1,22.9,25.2,-128.7,21.3,0.0,1.0,1.0,1.0,0.0,0.0,1.0,0.0,90.0,90.0,1
2025-04-14 09:43:53,16.22,4.6,2.5,0.7,7.599999,0.0,0.0,0.0,0.0,0.0,28.5,24.1,22.9,25.2,-128.7,21.3,0.0,1.0,1.0,1.0,0.0,0.0,1.0,0.0,90.0,90.0,1
2025-04-14 09:43:54,16.22,4.61,2.5,0.7,7.599999,0.0,0.0,0.0,0.0,0.0,28.5,24.1,22.9,25.2,-128.7,21.3,0.0,1.0,1.0,1.0,0.0,0.0,1.0,0.0,90.0,90.0,1
2025-04-14 09:43:55,16.22,4.6,2.5,0.7,7.5,0.0,0.0,0.0,0.0,0.0,28.5,24.1,22.9,25.2,-128.7,21.3,0.0,1.0,1.0,1.0,0.0,0.0,1.0,0.0,90.0,90.0,1
2025-04-14 09:43:56,16.24,4.6,2.4,0.7,7.4,0.0,0.0,0.0,0.0,0.0,28.5,24.1,22.9,25.2,-128.7,21.3,0.0,1.0,1.0,1.0,0.0,0.0,1.0,0.0,90.0,90.0,1
2025-04-14 09:43:57,16.22,4.61,2.5,0.7,7.5,0.0,0.0,0.0,0.0,0.0,28.5,24.1,22.9,25.2,-128.7,21.3,0.0,1.0,1.0,1.0,0.0,0.0,1.0,0.0,90.0,90.0,1
2025-04-14 09:43:58,16.25,4.59,2.5,0.7,7.0,0.0,0.0,0.0,0.0,0.0,28.5,24.1,22.9,25.2,-128.7,21.3,0.0,1.0,1.0,1.0,0.0,0.0,1.0,0.0,90.0,90.0,1
2025-04-14 09:43:59,16.24,4.6,2.5,0.7,7.099999,0.0,0.0,0.0,0.0,0.0,28.5,24.1,22.9,25.2,-128.7,21.3,0.0,1.0,1.0,1.0,0.0,0.0,1.0,0.0,90.0,90.0,1
2025-04-14 09:44:00,16.22,4.61,2.4,0.7,7.0,0.0,0.0,0.0,0.0,0.0,28.5,24.1,22.9,25.2,-128.7,21.3,0.0,1.0,1.0,1.0,0.0,0.0,1.0,0.0,90.0,90.0,1
2025-04-14 09:44:01,16.24,4.59,2.5,0.7,6.9,0.0,0.0,0.0,0.0,0.0,28.5,24.1,22.9,25.2,-128.7,21.4,0.0,1.0,1.0,1.0,0.0,0.0,1.0,0.0,90.0,90.0,1
2025-04-14 09:44:02,16.22,4.6,2.5,0.7,7.5,0.0,0.0,0.0,0.0,0.0,28.5,24.1,22.9,25.2,-128.7,21.2,0.0,1.0,1.0,1.0,0.0,0.0,1.0,0.0,90.0,90.0,1
2025-04-14 09:44:03,16.22,4.6,2.5,0.7,7.0,0.0,0.0,0.0,0.0,0.0,28.5,24.1,22.9,25.2,-128.7,21.3,0.0,1.0,1.0,1.0,0.0,0.0,1.0,0.0,90.0,90.0,1
2025-04-14 09:44:04,16.24,4.59,2.5,0.7,7.3,0.0,0.0,0.0,0.0,0.0,28.5,24.1,22.9,25.2,-128.7,21.3,0.0,1.0,1.0,1.0,0.0,0.0,1.0,0.0,90.0,90.0,1
2025-04-14 09:44:05,16.24,4.61,2.5,0.7,7.7,0.0,0.0,0.0,0.0,0.0,28.5,24.1,22.9,25.2,-128.7,21.3,0.0,1.0,1.0,1.0,0.0,0.0,1.0,0.0,90.0,90.0,1
2025-04-14 09:44:06,16.24,4.59,2.5,0.7,7.099999,0.0,0.0,0.0,0.0,0.0,28.5,24.1,22.9,25.2,-128.7,21.4,0.0,1.0,1.0,1.0,0.0,0.0,1.0,0.0,90.0,90.0,1
2025-04-14 09:44:07,16.25,4.6,2.5,0.7,7.8,0.0,0.0,0.0,0.0,0.0,28.5,24.1,22.9,25.2,-128.7,21.3,0.0,1.0,1.0,1.0,0.0,0.0,1.0,0.0,90.0,90.0,1
2025-04-14 09:44:08,16.24,4.6,2.5,0.7,7.099999,0.0,0.0,0.0,0.0,0.0,28.5,24.1,22.9,25.2,-128.7,21.3,0.0,1.0,1.0,1.0,0.0,0.0,1.0,0.0,90.0,90.0,1
2025-04-14 09:44:09,16.22,4.59,2.5,0.7,8.4,0.0,0.0,0.0,0.0,0.0,28.5,24.1,22.9,25.2,-128.7,21.4,0.0,1.0,1.0,1.0,0.0,0.0,1.0,0.0,90.0,90.0,1
2025-04-14 09:44:10,16.22,4.6,2.5,0.7,7.3,0.0,0.0,0.0,0.0,0.0,28.5,24.1,22.9,25.2,-128.7,21.2,0.0,1.0,1.0,1.0,0.0,0.0,1.0,0.0,90.0,90.0,1
2025-04-14 09:44:11,16.22,4.6,2.5,0.7,7.3,0.0,0.0,0.0,0.0,0.0,28.5,24.1,22.9,25.2,-128.7,21.4,0.0,1.0,1.0,1.0,0.0,0.0,1.0,0.0,90.0,90.0,1
2025-04-14 09:44:12,16.21,4.59,2.5,0.7,6.8,0.0,0.0,0.0,0.0,0.0,28.5,24.1,23.0,25.2,-128.7,21.4,0.0,1.0,1.0,1.0,0.0,0.0,1.0,0.0,90.0,90.0,1
2025-04-14 09:44:13,16.22,4.6,2.5,0.7,7.4,0.0,0.0,0.0,0.0,0.0,28.5,24.1,23.0,25.2,-128.7,21.3,0.0,1.0,1.0,1.0,0.0,0.0,1.0,0.0,90.0,90.0,1
2025-04-14 09:44:14,16.22,4.59,2.5,0.7,7.0,0.0,0.0,0.0,0.0,0.0,28.4,24.1,23.0,25.2,-128.7,21.4,0.0,1.0,1.0,1.0,0.0,0.0,1.0,0.0,90.0,90.0,1
2025-04-14 09:44:15,16.22,4.59,2.5,0.7,7.0,0.0,0.0,0.0,0.0,0.0,28.4,24.1,23.0,25.2,-128.7,21.4,0.0,1.0,1.0,1.0,0.0,0.0,1.0,0.0,90.0,90.0,1
2025-04-14 09:44:16,16.24,4.59,2.5,0.7,7.599999,0.0,0.0,0.0,0.0,0.0,28.4,24.1,23.0,25.2,-128.7,21.4,0.0,1.0,1.0,1.0,0.0,0.0,1.0,0.0,90.0,90.0,1
2025-04-14 09:44:17,16.24,4.59,2.5,0.7,8.2,0.0,0.0,0.0,0.0,0.0,28.4,24.1,23.0,25.2,-128.7,21.4,0.0,1.0,1.0,1.0,0.0,0.0,1.0,0.0,90.0,90.0,1
2025-04-14 09:44:18,16.22,4.59,2.5,0.7,7.0,0.0,0.0,0.0,0.0,0.0,28.4,24.1,23.0,25.2,-128.7,21.3,0.0,1.0,1.0,1.0,0.0,0.0,1.0,0.0,90.0,90.0,1
2025-04-14 09:44:19,16.22,4.61,2.5,0.7,7.3,0.0,0.0,0.0,0.0,0.0,28.4,24.1,23.0,25.2,-128.7,21.3,0.0,1.0,1.0,1.0,0.0,0.0,1.0,0.0,90.0,90.0,1
2025-04-14 09:44:20,16.22,4.59,2.5,0.7,7.599999,0.0,0.0,0.0,0.0,0.0,28.4,24.1,23.0,25.2,-128.7,21.4,0.0,1.0,1.0,1.0,0.0,0.0,1.0,0.0,90.0,90.0,1
2025-04-14 09:44:21,16.22,4.6,2.5,0.7,7.7,0.0,0.0,0.0,0.0,0.0,28.4,24.1,23.0,25.2,-128.7,21.3,0.0,1.0,1.0,1.0,0.0,0.0,1.0,0.0,90.0,90.0,1
2025-04-14 09:44:22,16.22,4.6,2.5,0.7,7.4,0.0,0.0,0.0,0.0,0.0,28.4,24.1,23.0,25.2,-128.7,21.3,0.0,1.0,1.0,1.0,0.0,0.0,1.0,0.0,90.0,90.0,1
2025-04-14 09:44:23,16.25,4.59,2.5,0.7,7.099999,0.0,0.0,0.0,0.0,0.0,28.4,24.1,23.0,25.2,-128.7,21.3,0.0,1.0,1.0,1.0,0.0,0.0,1.0,0.0,90.0,90.0,1
2025-04-14 09:44:24,16.24,4.61,2.5,0.7,7.599999,0.0,0.0,0.0,0.0,0.0,28.4,24.1,23.0,25.2,-128.7,21.3,0.0,1.0,1.0,1.0,0.0,0.0,1.0,0.0,90.0,90.0,1
2025-04-14 09:44:25,16.24,4.6,2.5,0.7,7.8,0.0,0.0,0.0,0.0,0.0,28.4,24.1,23.0,25.2,-128.7,21.4,0.0,1.0,1.0,1.0,0.0,0.0,1.0,0.0,90.0,90.0,1
2025-04-14 09:44:26,16.24,4.59,2.5,0.7,7.4,0.0,0.0,0.0,0.0,0.0,28.4,24.1,23.0,25.2,-128.7,21.3,0.0,1.0,1.0,1.0,0.0,0.0,1.0,0.0,90.0,90.0,1
2025-04-14 09:44:27,16.24,4.6,2.5,0.7,6.9,0.0,0.0,0.0,0.0,0.0,28.4,24.1,23.0,25.2,-128.7,21.4,0.0,1.0,1.0,1.0,0.0,0.0,1.0,0.0,90.0,90.0,1
2025-04-14 09:44:28,16.25,4.59,2.5,0.7,7.3,0.0,0.0,0.0,0.0,0.0,28.4,24.1,23.0,25.2,-128.7,21.4,0.0,1.0,1.0,1.0,0.0,0.0,1.0,0.0,90.0,90.0,1
2025-04-14 09:44:29,16.24,4.6,2.5,0.7,7.2,0.0,0.0,0.0,0.0,0.0,28.4,24.1,23.0,25.2,-128.7,21.3,0.0,1.0,1.0,1.0,0.0,0.0,1.0,0.0,90.0,90.0,1
2025-04-14 09:44:30,16.22,4.59,2.5,0.7,7.9,0.0,0.0,0.0,0.0,0.0,28.4,24.1,23.0,25.2,-128.7,21.4,0.0,1.0,1.0,1.0,0.0,0.0,1.0,0.0,90.0,90.0,1
2025-04-14 09:44:31,16.22,4.59,2.5,0.7,7.4,0.0,0.0,0.0,0.0,0.0,28.4,24.1,23.0,25.2,-128.7,21.3,0.0,1.0,1.0,1.0,0.0,0.0,1.0,0.0,90.0,90.0,1
2025-04-14 09:44:32,16.24,4.6,2.5,0.7,7.4,0.0,0.0,0.0,0.0,0.0,28.4,24.1,23.1,25.2,-128.7,21.3,0.0,1.0,1.0,1.0,0.0,0.0,1.0,0.0,90.0,90.0,1
2025-04-14 09:44:33,16.22,4.59,2.5,0.7,8.0,0.0,0.0,0.0,0.0,0.0,28.4,24.1,23.1,25.2,-128.7,21.3,0.0,1.0,1.0,1.0,0.0,0.0,1.0,0.0,90.0,90.0,1
2025-04-14 09:44:34,16.25,4.6,2.5,0.7,7.8,0.0,0.0,0.0,0.0,0.0,28.4,24.1,23.1,25.2,-128.7,21.3,0.0,1.0,1.0,1.0,0.0,0.0,1.0,0.0,90.0,90.0,1
2025-04-14 09:44:35,16.24,4.59,2.5,0.7,6.8,0.0,0.0,0.0,0.0,0.0,28.4,24.1,23.1,25.2,-128.7,21.4,0.0,1.0,1.0,1.0,0.0,0.0,1.0,0.0,90.0,90.0,1
2025-04-14 09:44:36,16.24,4.59,2.5,0.7,7.4,0.0,0.0,0.0,0.0,0.0,28.4,24.1,23.1,25.2,-128.7,21.4,0.0,1.0,1.0,1.0,0.0,0.0,1.0,0.0,90.0,90.0,1
2025-04-14 09:44:37,16.22,4.6,2.5,0.7,7.599999,0.0,0.0,0.0,0.0,0.0,28.4,24.1,23.1,25.2,-128.7,21.4,0.0,1.0,1.0,1.0,0.0,0.0,1.0,0.0,90.0,90.0,1
2025-04-14 09:44:38,16.24,4.59,2.5,0.7,8.4,0.0,0.0,0.0,0.0,0.0,28.4,24.1,23.1,25.2,-128.7,21.4,0.0,1.0,1.0,1.0,0.0,0.0,1.0,0.0,90.0,90.0,1
2025-04-14 09:44:39,16.25,4.59,2.5,0.7,7.7,0.0,0.0,0.0,0.0,0.0,28.4,24.1,23.1,25.2,-128.7,21.3,0.0,1.0,1.0,1.0,0.0,0.0,1.0,0.0,90.0,90.0,1
2025-04-14 09:44:40,16.25,4.6,2.5,0.7,7.2,0.0,0.0,0.0,0.0,0.0,28.4,24.1,23.1,25.2,-128.7,21.4,0.0,1.0,1.0,1.0,0.0,0.0,1.0,0.0,90.0,90.0,1
2025-04-14 09:44:41,16.25,4.59,2.5,0.7,7.4,0.0,0.0,0.0,0.0,0.0,28.4,24.1,23.1,25.2,-128.7,21.3,0.0,1.0,1.0,1.0,0.0,0.0,1.0,0.0,90.0,90.0,1
2025-04-14 09:44:42,16.24,4.61,2.5,0.7,7.7,0.0,0.0,0.0,0.0,0.0,28.4,24.1,23.1,25.2,-128.7,21.3,0.0,1.0,1.0,1.0,0.0,0.0,1.0,0.0,90.0,90.0,1
2025-04-14 09:44:43,16.22,4.6,2.5,0.7,7.4,0.0,0.0,0.0,0.0,0.0,28.4,24.1,23.1,25.2,-128.7,21.3,0.0,1.0,1.0,1.0,0.0,0.0,1.0,0.0,90.0,90.0,1
2025-04-14 09:44:44,16.22,4.6,2.5,0.7,7.2,0.0,0.0,0.0,0.0,0.0,28.4,24.1,23.1,25.2,-128.7,21.3,0.0,1.0,1.0,1.0,0.0,0.0,1.0,0.0,90.0,90.0,1
2025-04-14 09:44:45,16.22,4.6,2.5,0.7,7.2,0.0,0.0,0.0,0.0,0.0,28.4,24.1,23.1,25.2,-128.7,21.3,0.0,1.0,1.0,1.0,0.0,0.0,1.0,0.0,90.0,90.0,1
2025-04-14 09:44:46,16.25,4.6,2.5,0.7,7.4,0.0,0.0,0.0,0.0,0.0,28.4,24.1,23.1,25.2,-128.7,21.4,0.0,1.0,1.0,1.0,0.0,0.0,1.0,0.0,90.0,90.0,1
2025-04-14 09:44:47,16.25,4.6,2.5,0.7,7.2,0.0,0.0,0.0,0.0,0.0,28.4,24.1,23.1,25.2,-128.7,21.3,0.0,1.0,1.0,1.0,0.0,0.0,1.0,0.0,90.0,90.0,1
2025-04-14 09:44:48,16.25,4.61,2.5,0.7,7.099999,0.0,0.0,0.0,0.0,0.0,28.4,24.1,23.1,25.2,-128.7,21.3,0.0,1.0,1.0,1.0,0.0,0.0,1.0,0.0,90.0,90.0,1
2025-04-14 09:44:49,16.24,4.59,2.5,0.7,7.8,0.0,0.0,0.0,0.0,0.0,28.4,24.1,23.1,25.2,-128.7,21.4,0.0,1.0,1.0,1.0,0.0,0.0,1.0,0.0,90.0,90.0,1
2025-04-14 09:44:50,16.25,4.62,2.5,0.7,7.099999,0.0,0.0,0.0,0.0,0.0,28.4,24.1,23.1,25.2,-128.7,21.2,0.0,1.0,1.0,1.0,0.0,0.0,1.0,0.0,90.0,90.0,1
2025-04-14 09:44:51,16.24,4.6,2.5,0.7,7.0,0.0,0.0,0.0,0.0,0.0,28.4,24.1,23.1,25.2,-128.7,21.3,0.0,1.0,1.0,1.0,0.0,0.0,1.0,0.0,90.0,90.0,1
2025-04-14 09:44:52,16.24,4.6,2.5,0.7,6.7,0.0,0.0,0.0,0.0,0.0,28.4,24.1,23.1,25.2,-128.7,21.3,0.0,1.0,1.0,1.0,0.0,0.0,1.0,0.0,90.0,90.0,1
2025-04-14 09:44:53,16.24,4.61,2.5,0.7,7.9,0.0,0.0,0.0,0.0,0.0,28.4,24.1,23.2,25.2,-128.7,21.3,0.0,1.0,1.0,1.0,0.0,0.0,1.0,0.0,90.0,90.0,1
2025-04-14 09:44:54,16.25,4.6,2.5,0.7,7.9,0.0,0.0,0.0,0.0,0.0,28.4,24.1,23.2,25.2,-128.7,21.3,0.0,1.0,1.0,1.0,0.0,0.0,1.0,0.0,90.0,90.0,1
2025-04-14 09:44:55,16.24,4.61,2.5,0.7,7.099999,0.0,0.0,0.0,0.0,0.0,28.4,24.1,23.2,25.2,-128.7,21.3,0.0,1.0,1.0,1.0,0.0,0.0,1.0,0.0,90.0,90.0,1
2025-04-14 09:44:56,16.25,4.62,2.5,0.7,7.099999,0.0,0.0,0.0,0.0,0.0,28.4,24.1,23.2,25.2,-128.7,21.3,0.0,1.0,1.0,1.0,0.0,0.0,1.0,0.0,90.0,90.0,1
2025-04-14 09:44:57,16.25,4.6,2.5,0.7,7.5,0.0,0.0,0.0,0.0,0.0,28.4,24.1,23.2,25.2,-128.7,21.3,0.0,1.0,1.0,1.0,0.0,0.0,1.0,0.0,90.0,90.0,1
2025-04-14 09:44:58,16.25,4.62,2.5,0.7,6.9,0.0,0.0,0.0,0.0,0.0,28.4,24.1,23.2,25.2,-128.7,21.2,0.0,1.0,1.0,1.0,0.0,0.0,1.0,0.0,90.0,90.0,1
2025-04-14 09:44:59,16.25,4.61,2.5,0.7,7.2,0.0,0.0,0.0,0.0,0.0,28.4,24.1,23.2,25.2,-128.7,21.3,0.0,1.0,1.0,1.0,0.0,0.0,1.0,0.0,90.0,90.0,1
2025-04-14 09:45:00,16.24,4.59,2.5,0.7,7.5,0.0,0.0,0.0,0.0,0.0,28.4,24.1,23.2,25.2,-128.7,21.3,0.0,1.0,1.0,1.0,0.0,0.0,1.0,0.0,90.0,90.0,1
2025-04-14 09:45:01,16.25,4.61,2.5,0.7,7.599999,0.0,0.0,0.0,0.0,0.0,28.4,24.1,23.2,25.2,-128.7,21.3,0.0,1.0,1.0,1.0,0.0,0.0,1.0,0.0,90.0,90.0,1
2025-04-14 09:45:02,16.24,4.6,2.5,0.7,7.8,0.0,0.0,0.0,0.0,0.0,28.4,24.1,23.2,25.2,-128.7,21.4,0.0,1.0,1.0,1.0,0.0,0.0,1.0,0.0,90.0,90.0,1
2025-04-14 09:45:03,16.24,4.6,2.5,0.7,7.5,0.0,0.0,0.0,0.0,0.0,28.4,24.1,23.2,25.2,-128.7,21.4,0.0,1.0,1.0,1.0,0.0,0.0,1.0,0.0,90.0,90.0,1
2025-04-14 09:45:04,16.22,4.62,2.5,0.7,7.8,0.0,0.0,0.0,0.0,0.0,28.4,24.1,23.2,25.2,-128.7,21.3,0.0,1.0,1.0,1.0,0.0,0.0,1.0,0.0,90.0,90.0,1
2025-04-14 09:45:05,16.24,4.59,2.5,0.7,7.599999,0.0,0.0,0.0,0.0,0.0,28.4,24.1,23.2,25.2,-128.7,21.4,0.0,1.0,1.0,1.0,0.0,0.0,1.0,0.0,90.0,90.0,1
2025-04-14 09:45:06,16.25,4.62,2.5,0.7,6.7,0.0,0.0,0.0,0.0,0.0,28.4,24.1,23.2,25.2,-128.7,21.2,0.0,1.0,1.0,1.0,0.0,0.0,1.0,0.0,90.0,90.0,1
2025-04-14 09:45:07,16.25,4.61,2.5,0.7,7.0,0.0,0.0,0.0,0.0,0.0,28.4,24.1,23.2,25.2,-128.7,21.3,0.0,1.0,1.0,1.0,0.0,0.0,1.0,0.0,90.0,90.0,1
2025-04-14 09:45:08,16.24,4.6,2.5,0.7,6.9,0.0,0.0,0.0,0.0,0.0,28.4,24.1,23.3,25.2,-128.7,21.3,0.0,1.0,1.0,1.0,0.0,0.0,1.0,0.0,90.0,90.0,1
2025-04-14 09:45:09,16.25,4.62,2.5,0.7,7.5,0.0,0.0,0.0,0.0,0.0,28.4,24.1,23.3,25.2,-128.7,21.3,0.0,1.0,1.0,1.0,0.0,0.0,1.0,0.0,90.0,90.0,1
2025-04-14 09:45:10,16.24,4.6,2.6,0.7,7.599999,0.0,0.0,0.0,0.0,0.0,28.4,24.1,23.3,25.2,-128.7,21.3,0.0,1.0,1.0,1.0,0.0,0.0,1.0,0.0,90.0,90.0,1
2025-04-14 09:45:11,16.24,4.62,2.5,0.7,7.7,0.0,0.0,0.0,0.0,0.0,28.4,24.1,23.3,25.2,-128.7,21.2,0.0,1.0,1.0,1.0,0.0,0.0,1.0,0.0,90.0,90.0,1
2025-04-14 09:45:12,16.24,4.62,2.5,0.7,7.5,0.0,0.0,0.0,0.0,0.0,28.5,24.1,23.3,25.2,-128.7,21.3,0.0,1.0,1.0,1.0,0.0,0.0,1.0,0.0,90.0,90.0,1
2025-04-14 09:45:13,16.24,4.6,2.5,0.7,7.3,0.0,0.0,0.0,0.0,0.0,28.5,24.1,23.3,25.2,-128.7,21.3,0.0,1.0,1.0,1.0,0.0,0.0,1.0,0.0,90.0,90.0,1
2025-04-14 09:45:14,16.22,4.62,2.6,0.7,7.0,0.0,0.0,0.0,0.0,0.0,28.5,24.1,23.3,25.2,-128.7,21.2,0.0,1.0,1.0,1.0,0.0,0.0,1.0,0.0,90.0,90.0,1
2025-04-14 09:45:15,16.24,4.6,2.5,0.7,7.099999,0.0,0.0,0.0,0.0,0.0,28.5,24.1,23.3,25.2,-128.7,21.4,0.0,1.0,1.0,1.0,0.0,0.0,1.0,0.0,90.0,90.0,1
2025-04-14 09:45:16,16.24,4.6,2.5,0.7,7.0,0.0,0.0,0.0,0.0,0.0,28.5,24.1,23.3,25.2,-128.7,21.3,0.0,1.0,1.0,1.0,0.0,0.0,1.0,0.0,90.0,90.0,1
2025-04-14 09:45:17,16.24,4.6,2.5,0.7,8.0,0.0,0.0,0.0,0.0,0.0,28.5,24.1,23.3,25.2,-128.7,21.4,0.0,1.0,1.0,1.0,0.0,0.0,1.0,0.0,90.0,90.0,1
2025-04-14 09:45:18,16.24,4.6,2.5,0.7,6.8,0.0,0.0,0.0,0.0,0.0,28.5,24.1,23.3,25.2,-128.7,21.3,0.0,1.0,1.0,1.0,0.0,0.0,1.0,0.0,90.0,90.0,1
2025-04-14 09:45:19,16.24,4.62,2.5,0.7,7.5,0.0,0.0,0.0,0.0,0.0,28.5,24.1,23.4,25.2,-128.7,21.3,0.0,1.0,1.0,1.0,0.0,0.0,1.0,0.0,90.0,90.0,1
2025-04-14 09:45:20,16.22,4.6,2.5,0.7,7.8,0.0,0.0,0.0,0.0,0.0,28.5,24.1,23.4,25.2,-128.7,21.3,0.0,1.0,1.0,1.0,0.0,0.0,1.0,0.0,90.0,90.0,1
2025-04-14 09:45:21,16.25,4.6,2.5,0.7,7.4,0.0,0.0,0.0,0.0,0.0,28.5,24.1,23.4,25.2,-128.7,21.3,0.0,1.0,1.0,1.0,0.0,0.0,1.0,0.0,90.0,90.0,1
2025-04-14 09:45:22,16.25,4.59,2.5,0.7,7.8,0.0,0.0,0.0,0.0,0.0,28.5,24.1,23.4,25.2,-128.7,21.4,0.0,1.0,1.0,1.0,0.0,0.0,1.0,0.0,90.0,90.0,1
2025-04-14 09:45:23,16.25,4.59,2.5,0.7,7.0,0.0,0.0,0.0,0.0,0.0,28.5,24.1,23.4,25.2,-128.7,21.3,0.0,1.0,1.0,1.0,0.0,0.0,1.0,0.0,90.0,90.0,1
2025-04-14 09:45:24,16.22,4.6,2.5,0.7,6.9,0.0,0.0,0.0,0.0,0.0,28.4,24.1,23.4,25.2,-128.7,21.3,0.0,1.0,1.0,1.0,0.0,0.0,1.0,0.0,90.0,90.0,1
2025-04-14 09:45:25,16.22,4.59,2.5,0.7,7.099999,0.0,0.0,0.0,0.0,0.0,28.4,24.1,23.4,25.2,-128.7,21.4,0.0,1.0,1.0,1.0,0.0,0.0,1.0,0.0,90.0,90.0,1
2025-04-14 09:45:26,16.24,4.59,2.5,0.7,8.0,0.0,0.0,0.0,0.0,0.0,28.4,24.1,23.4,25.2,-128.7,21.4,0.0,1.0,1.0,1.0,0.0,0.0,1.0,0.0,90.0,90.0,1
2025-04-14 09:45:27,16.22,4.59,2.5,0.7,7.5,0.0,0.0,0.0,0.0,0.0,28.4,24.1,23.4,25.2,-128.7,21.4,0.0,1.0,1.0,1.0,0.0,0.0,1.0,0.0,90.0,90.0,1
2025-04-14 09:45:28,16.24,4.59,2.5,0.7,7.099999,0.0,0.0,0.0,0.0,0.0,28.4,24.1,23.4,25.2,-128.7,21.4,0.0,1.0,1.0,1.0,0.0,0.0,1.0,0.0,90.0,90.0,1
2025-04-14 09:45:29,16.25,4.59,2.5,0.7,7.2,0.0,0.0,0.0,0.0,0.0,28.4,24.1,23.4,25.2,-128.7,21.3,0.0,1.0,1.0,1.0,0.0,0.0,1.0,0.0,90.0,90.0,1
2025-04-14 09:45:30,16.24,4.59,2.5,0.7,7.8,0.0,0.0,0.0,0.0,0.0,28.4,24.1,23.4,25.2,-128.7,21.4,0.0,1.0,1.0,1.0,0.0,0.0,1.0,0.0,90.0,90.0,1
2025-04-14 09:45:31,16.25,4.59,2.5,0.7,7.099999,0.0,0.0,0.0,0.0,0.0,28.4,24.1,23.4,25.2,-128.7,21.3,0.0,1.0,1.0,1.0,0.0,0.0,1.0,0.0,90.0,90.0,1
2025-04-14 09:45:32,16.25,4.6,2.5,0.7,6.7,0.0,0.0,0.0,0.0,0.0,28.4,24.1,23.4,25.2,-128.7,21.3,0.0,1.0,1.0,1.0,0.0,0.0,1.0,0.0,90.0,90.0,1
2025-04-14 09:45:33,16.25,4.59,2.5,0.7,8.099999,0.0,0.0,0.0,0.0,0.0,28.4,24.1,23.4,25.2,-128.7,21.4,0.0,1.0,1.0,1.0,0.0,0.0,1.0,0.0,90.0,90.0,1
2025-04-14 09:45:34,16.24,4.59,2.5,0.7,7.5,0.0,0.0,0.0,0.0,0.0,28.4,24.1,23.5,25.2,-128.7,21.4,0.0,1.0,1.0,1.0,0.0,0.0,1.0,0.0,90.0,90.0,1
2025-04-14 09:45:35,16.22,4.6,2.5,0.7,8.0,0.0,0.0,0.0,0.0,0.0,28.4,24.1,23.5,25.2,-128.7,21.4,0.0,1.0,1.0,1.0,0.0,0.0,1.0,0.0,90.0,90.0,1
2025-04-14 09:45:36,16.24,4.59,2.5,0.7,7.5,0.0,0.0,0.0,0.0,0.0,28.4,24.1,23.5,25.2,-128.7,21.4,0.0,1.0,1.0,1.0,0.0,0.0,1.0,0.0,90.0,90.0,1
2025-04-14 09:45:37,16.22,4.6,2.5,0.7,7.2,0.0,0.0,0.0,0.0,0.0,28.4,24.1,23.5,25.2,-128.7,21.4,0.0,1.0,1.0,1.0,0.0,0.0,1.0,0.0,90.0,90.0,1
2025-04-14 09:45:38,16.24,4.59,2.4,0.7,8.2,0.0,0.0,0.0,0.0,0.0,28.4,24.1,23.5,25.2,-128.7,21.4,0.0,1.0,1.0,1.0,0.0,0.0,1.0,0.0,90.0,90.0,1
2025-04-14 09:45:39,16.22,4.6,2.5,0.7,7.4,0.0,0.0,0.0,0.0,0.0,28.4,24.1,23.5,25.2,-128.7,21.3,0.0,1.0,1.0,1.0,0.0,0.0,1.0,0.0,90.0,90.0,1
2025-04-14 09:45:40,16.25,4.59,2.5,0.7,7.2,0.0,0.0,0.0,0.0,0.0,28.4,24.1,23.5,25.2,-128.7,21.3,0.0,1.0,1.0,1.0,0.0,0.0,1.0,0.0,90.0,90.0,1
2025-04-14 09:45:41,16.24,4.59,2.5,0.7,7.099999,0.0,0.0,0.0,0.0,0.0,28.4,24.1,23.5,25.2,-128.7,21.4,0.0,1.0,1.0,1.0,0.0,0.0,1.0,0.0,90.0,90.0,1
2025-04-14 09:45:42,16.25,4.6,2.5,0.7,7.8,0.0,0.0,0.0,0.0,0.0,28.4,24.1,23.5,25.2,-128.7,21.3,0.0,1.0,1.0,1.0,0.0,0.0,1.0,0.0,90.0,90.0,1
2025-04-14 09:45:43,16.25,4.6,2.5,0.7,7.9,0.0,0.0,0.0,0.0,0.0,28.4,24.1,23.5,25.2,-128.7,21.4,0.0,1.0,1.0,1.0,0.0,0.0,1.0,0.0,90.0,90.0,1
2025-04-14 09:45:44,16.25,4.6,2.5,0.7,7.099999,0.0,0.0,0.0,0.0,0.0,28.4,24.1,23.5,25.2,-128.7,21.2,0.0,1.0,1.0,1.0,0.0,0.0,1.0,0.0,90.0,90.0,1
2025-04-14 09:45:45,16.27,4.6,2.5,0.7,6.8,0.0,0.0,0.0,0.0,0.0,28.4,24.1,23.5,25.2,-128.7,21.4,0.0,1.0,1.0,1.0,0.0,0.0,1.0,0.0,90.0,90.0,1
2025-04-14 09:45:46,16.26,4.6,2.5,0.7,7.0,0.0,0.0,0.0,0.0,0.0,28.4,24.1,23.5,25.2,-128.7,21.3,0.0,1.0,1.0,1.0,0.0,0.0,1.0,0.0,90.0,90.0,1
2025-04-14 09:45:47,16.25,4.61,2.5,0.7,7.4,0.0,0.0,0.0,0.0,0.0,28.4,24.1,23.5,25.2,-128.7,21.3,0.0,1.0,1.0,1.0,0.0,0.0,1.0,0.0,90.0,90.0,1
2025-04-14 09:45:48,16.24,4.59,2.5,0.7,7.9,0.0,0.0,0.0,0.0,0.0,28.4,24.1,23.5,25.2,-128.7,21.4,0.0,1.0,1.0,1.0,0.0,0.0,1.0,0.0,90.0,90.0,1
2025-04-14 09:45:49,16.25,4.6,2.5,0.7,7.3,0.0,0.0,0.0,0.0,0.0,28.4,24.1,23.6,25.2,-128.7,21.3,0.0,1.0,1.0,1.0,0.0,0.0,1.0,0.0,90.0,90.0,1
2025-04-14 09:45:50,16.24,4.59,2.5,0.7,7.2,0.0,0.0,0.0,0.0,0.0,28.4,24.1,23.6,25.2,-128.7,21.4,0.0,1.0,1.0,1.0,0.0,0.0,1.0,0.0,90.0,90.0,1
2025-04-14 09:45:51,16.22,4.59,2.5,0.7,6.8,0.0,0.0,0.0,0.0,0.0,28.4,24.1,23.6,25.2,-128.7,21.3,0.0,1.0,1.0,1.0,0.0,0.0,1.0,0.0,90.0,90.0,1
2025-04-14 09:45:52,16.24,4.6,2.5,0.7,7.0,0.0,0.0,0.0,0.0,0.0,28.4,24.1,23.6,25.2,-128.7,21.4,0.0,1.0,1.0,1.0,0.0,0.0,1.0,0.0,90.0,90.0,1
2025-04-14 09:45:53,16.24,4.59,2.5,0.7,6.7,0.0,0.0,0.0,0.0,0.0,28.4,24.1,23.6,25.2,-128.7,21.3,0.0,1.0,1.0,1.0,0.0,0.0,1.0,0.0,90.0,90.0,1
2025-04-14 09:45:54,16.22,4.6,2.5,0.7,7.2,0.0,0.0,0.0,0.0,0.0,28.4,24.1,23.6,25.2,-128.7,21.3,0.0,1.0,1.0,1.0,0.0,0.0,1.0,0.0,90.0,90.0,1
2025-04-14 09:45:55,16.24,4.58,2.5,0.7,7.9,0.0,0.0,0.0,0.0,0.0,28.4,24.1,23.6,25.2,-128.7,21.4,0.0,1.0,1.0,1.0,0.0,0.0,1.0,0.0,90.0,90.0,1
2025-04-14 09:45:56,16.25,4.61,2.5,0.7,7.4,0.0,0.0,0.0,0.0,0.0,28.4,24.1,23.6,25.2,-128.7,21.3,0.0,1.0,1.0,1.0,0.0,0.0,1.0,0.0,90.0,90.0,1
2025-04-14 09:45:57,16.24,4.59,2.5,0.7,7.4,0.0,0.0,0.0,0.0,0.0,28.4,24.1,23.6,25.2,-128.7,21.4,0.0,1.0,1.0,1.0,0.0,0.0,1.0,0.0,90.0,90.0,1
2025-04-14 09:45:58,16.22,4.59,2.5,0.7,7.8,0.0,0.0,0.0,0.0,0.0,28.4,24.1,23.6,25.2,-128.7,21.3,0.0,1.0,1.0,1.0,0.0,0.0,1.0,0.0,90.0,90.0,1
2025-04-14 09:45:59,16.24,4.6,2.5,0.7,8.599999,0.0,0.0,0.0,0.0,0.0,28.4,24.1,23.6,25.2,-128.7,21.4,0.0,1.0,1.0,1.0,0.0,0.0,1.0,0.0,90.0,90.0,1
2025-04-14 09:46:00,16.25,4.59,2.5,0.7,7.4,0.0,0.0,0.0,0.0,0.0,28.4,24.1,23.6,25.3,-128.7,21.5,0.0,1.0,1.0,1.0,0.0,0.0,1.0,0.0,90.0,90.0,1
2025-04-14 09:46:01,16.22,4.61,2.5,0.7,7.599999,0.0,0.0,0.0,0.0,0.0,28.4,24.1,23.6,25.3,-128.7,21.4,0.0,1.0,1.0,1.0,0.0,0.0,1.0,0.0,90.0,90.0,1
2025-04-14 09:46:02,16.22,4.59,2.5,0.7,7.599999,0.0,0.0,0.0,0.0,0.0,28.4,24.1,23.6,25.3,-128.7,21.5,0.0,1.0,1.0,1.0,0.0,0.0,1.0,0.0,90.0,90.0,1
2025-04-14 09:46:03,16.22,4.6,2.5,0.7,6.4,0.0,0.0,0.0,0.0,0.0,28.5,24.1,23.6,25.3,-128.7,21.4,0.0,1.0,1.0,1.0,0.0,0.0,1.0,0.0,90.0,90.0,1
2025-04-14 09:46:04,16.25,4.59,2.5,0.7,6.8,0.0,0.0,0.0,0.0,0.0,28.5,24.1,23.6,25.3,-128.7,21.5,0.0,1.0,1.0,1.0,0.0,0.0,1.0,0.0,90.0,90.0,1
2025-04-14 09:46:05,16.24,4.59,2.5,0.7,7.5,0.0,0.0,0.0,0.0,0.0,28.5,24.1,23.6,25.3,-128.7,21.4,0.0,1.0,1.0,1.0,0.0,0.0,1.0,0.0,90.0,90.0,1
2025-04-14 09:46:06,16.24,4.59,2.5,0.7,6.8,0.0,0.0,0.0,0.0,0.0,28.5,24.1,23.6,25.3,-128.7,21.5,0.0,1.0,1.0,1.0,0.0,0.0,1.0,0.0,90.0,90.0,1
2025-04-14 09:46:07,16.25,4.59,2.5,0.7,7.8,0.0,0.0,0.0,0.0,0.0,28.5,24.1,23.6,25.3,-128.7,21.4,0.0,1.0,1.0,1.0,0.0,0.0,1.0,0.0,90.0,90.0,1
2025-04-14 09:46:08,16.25,4.6,2.5,0.7,7.8,0.0,0.0,0.0,0.0,0.0,28.5,24.1,23.6,25.3,-128.7,21.5,0.0,1.0,1.0,1.0,0.0,0.0,1.0,0.0,90.0,90.0,1
2025-04-14 09:46:09,16.25,4.58,2.5,0.7,7.2,0.0,0.0,0.0,0.0,0.0,28.5,24.1,23.6,25.3,-128.7,21.5,0.0,1.0,1.0,1.0,0.0,0.0,1.0,0.0,90.0,90.0,1
2025-04-14 09:46:10,16.26,4.6,2.5,0.7,7.599999,0.0,0.0,0.0,0.0,0.0,28.5,24.1,23.6,25.3,-128.7,21.5,0.0,1.0,1.0,1.0,0.0,0.0,1.0,0.0,90.0,90.0,1
2025-04-14 09:46:11,16.24,4.59,2.5,0.7,7.5,0.0,0.0,0.0,0.0,0.0,28.5,24.1,23.6,25.3,-128.7,21.5,0.0,1.0,1.0,1.0,0.0,0.0,1.0,0.0,90.0,90.0,1
2025-04-14 09:46:12,16.22,4.59,2.5,0.7,7.2,0.0,0.0,0.0,0.0,0.0,28.5,24.1,23.6,25.3,-128.7,21.5,0.0,1.0,1.0,1.0,0.0,0.0,1.0,0.0,90.0,90.0,1
2025-04-14 09:46:13,16.22,4.59,2.5,0.7,7.5,0.0,0.0,0.0,0.0,0.0,28.5,24.1,23.7,25.3,-128.7,21.5,0.0,1.0,1.0,1.0,0.0,0.0,1.0,0.0,90.0,90.0,1
2025-04-14 09:46:14,16.22,4.58,2.5,0.7,7.2,0.0,0.0,0.0,0.0,0.0,28.5,24.1,23.7,25.3,-128.7,21.5,0.0,1.0,1.0,1.0,0.0,0.0,1.0,0.0,90.0,90.0,1
2025-04-14 09:46:15,16.22,4.59,2.5,0.7,7.2,0.0,0.0,0.0,0.0,0.0,28.5,24.1,23.7,25.3,-128.7,21.5,0.0,1.0,1.0,1.0,0.0,0.0,1.0,0.0,90.0,90.0,1
2025-04-14 09:46:16,16.22,4.58,2.6,0.7,7.599999,0.0,0.0,0.0,0.0,0.0,28.4,24.1,23.7,25.3,-128.7,21.5,0.0,1.0,1.0,1.0,0.0,0.0,1.0,0.0,90.0,90.0,1
2025-04-14 09:46:17,16.22,4.59,2.5,0.7,7.599999,0.0,0.0,0.0,0.0,0.0,28.4,24.1,23.7,25.3,-128.7,21.5,0.0,1.0,1.0,1.0,0.0,0.0,1.0,0.0,90.0,90.0,1
2025-04-14 09:46:18,16.22,4.59,2.5,0.7,7.5,0.0,0.0,0.0,0.0,0.0,28.4,24.1,23.7,25.3,-128.7,21.5,0.0,1.0,1.0,1.0,0.0,0.0,1.0,0.0,90.0,90.0,1
2025-04-14 09:46:19,16.25,4.58,2.5,0.7,7.4,0.0,0.0,0.0,0.0,0.0,28.4,24.1,23.7,25.3,-128.7,21.5,0.0,1.0,1.0,1.0,0.0,0.0,1.0,0.0,90.0,90.0,1
2025-04-14 09:46:20,16.22,4.59,2.5,0.7,7.4,0.0,0.0,0.0,0.0,0.0,28.5,24.1,23.7,25.3,-128.7,21.5,0.0,1.0,1.0,1.0,0.0,0.0,1.0,0.0,90.0,90.0,1
2025-04-14 09:46:21,16.24,4.59,2.5,0.7,7.2,0.0,0.0,0.0,0.0,0.0,28.5,24.1,23.7,25.3,-128.7,21.5,0.0,1.0,1.0,1.0,0.0,0.0,1.0,0.0,90.0,90.0,1
2025-04-14 09:46:22,16.26,4.6,2.5,0.7,7.599999,0.0,0.0,0.0,0.0,0.0,28.5,24.1,23.7,25.3,-128.7,21.4,0.0,1.0,1.0,1.0,0.0,0.0,1.0,0.0,90.0,90.0,1
2025-04-14 09:46:23,16.26,4.59,2.5,0.7,7.2,0.0,0.0,0.0,0.0,0.0,28.5,24.1,23.7,25.3,-128.7,21.5,0.0,1.0,1.0,1.0,0.0,0.0,1.0,0.0,90.0,90.0,1
2025-04-14 09:46:24,16.26,4.59,2.5,0.7,7.3,0.0,0.0,0.0,0.0,0.0,28.5,24.1,23.7,25.3,-128.7,21.5,0.0,1.0,1.0,1.0,0.0,0.0,1.0,0.0,90.0,90.0,1
2025-04-14 09:46:25,16.25,4.59,2.5,0.7,7.099999,0.0,0.0,0.0,0.0,0.0,28.5,24.1,23.7,25.3,-128.7,21.5,0.0,1.0,1.0,1.0,0.0,0.0,1.0,0.0,90.0,90.0,1
2025-04-14 09:46:26,16.25,4.59,2.5,0.7,7.099999,0.0,0.0,0.0,0.0,0.0,28.5,24.1,23.7,25.3,-128.7,21.5,0.0,1.0,1.0,1.0,0.0,0.0,1.0,0.0,90.0,90.0,1
2025-04-14 09:46:27,16.22,4.6,2.5,0.7,7.3,0.0,0.0,0.0,0.0,0.0,28.5,24.1,23.7,25.3,-128.7,21.5,0.0,1.0,1.0,1.0,0.0,0.0,1.0,0.0,90.0,90.0,1
2025-04-14 09:46:28,16.22,4.59,2.5,0.7,8.2,0.0,0.0,0.0,0.0,0.0,28.5,24.1,23.7,25.3,-128.7,21.5,0.0,1.0,1.0,1.0,0.0,0.0,1.0,0.0,90.0,90.0,1
2025-04-14 09:46:29,16.22,4.59,2.5,0.7,7.4,0.0,0.0,0.0,0.0,0.0,28.5,24.1,23.7,25.3,-128.7,21.4,0.0,1.0,1.0,1.0,0.0,0.0,1.0,0.0,90.0,90.0,1
2025-04-14 09:46:30,16.2,4.59,2.5,0.7,7.9,0.0,0.0,0.0,0.0,0.0,28.5,24.1,23.7,25.3,-128.7,21.4,0.0,1.0,1.0,1.0,0.0,0.0,1.0,0.0,90.0,90.0,1
2025-04-14 09:46:31,16.22,4.59,2.5,0.7,7.0,0.0,0.0,0.0,0.0,0.0,28.5,24.1,23.7,25.3,-128.7,21.5,0.0,1.0,1.0,1.0,0.0,0.0,1.0,0.0,90.0,90.0,1
2025-04-14 09:46:32,16.22,4.61,2.5,0.7,7.4,0.0,0.0,0.0,0.0,0.0,28.5,24.1,23.7,25.3,-128.7,21.4,0.0,1.0,1.0,1.0,0.0,0.0,1.0,0.0,90.0,90.0,1
2025-04-14 09:46:33,16.22,4.6,2.4,0.7,6.9,0.0,0.0,0.0,0.0,0.0,28.5,24.1,23.7,25.3,-128.7,21.5,0.0,1.0,1.0,1.0,0.0,0.0,1.0,0.0,90.0,90.0,1
2025-04-14 09:46:34,16.22,4.59,2.5,0.7,7.8,0.0,0.0,0.0,0.0,0.0,28.5,24.1,23.7,25.3,-128.7,21.5,0.0,1.0,1.0,1.0,0.0,0.0,1.0,0.0,90.0,90.0,1
2025-04-14 09:46:35,16.25,4.6,2.5,0.7,8.0,0.0,0.0,0.0,0.0,0.0,28.5,24.1,23.7,25.3,-128.7,21.5,0.0,1.0,1.0,1.0,0.0,0.0,1.0,0.0,90.0,90.0,1
2025-04-14 09:46:36,16.25,4.59,2.5,0.7,8.099999,0.0,0.0,0.0,0.0,0.0,28.5,24.1,23.7,25.3,-128.7,21.5,0.0,1.0,1.0,1.0,0.0,0.0,1.0,0.0,90.0,90.0,1
2025-04-14 09:46:37,16.25,4.59,2.5,0.7,7.2,0.0,0.0,0.0,0.0,0.0,28.5,24.1,23.7,25.3,-128.7,21.5,0.0,1.0,1.0,1.0,0.0,0.0,1.0,0.0,90.0,90.0,1
2025-04-14 09:46:38,16.25,4.59,2.5,0.7,6.9,0.0,0.0,0.0,0.0,0.0,28.5,24.1,23.7,25.3,-128.7,21.5,0.0,1.0,1.0,1.0,0.0,0.0,1.0,0.0,90.0,90.0,1
2025-04-14 09:46:39,16.24,4.59,2.5,0.7,7.0,0.0,0.0,0.0,0.0,0.0,28.5,24.1,23.7,25.3,-128.7,21.5,0.0,1.0,1.0,1.0,0.0,0.0,1.0,0.0,90.0,90.0,1
2025-04-14 09:46:40,16.25,4.59,2.5,0.7,7.7,0.0,0.0,0.0,0.0,0.0,28.5,24.1,23.7,25.3,-128.7,21.4,0.0,1.0,1.0,1.0,0.0,0.0,1.0,0.0,90.0,90.0,1
2025-04-14 09:46:41,16.25,4.59,2.5,0.7,7.2,0.0,0.0,0.0,0.0,0.0,28.5,24.1,23.7,25.3,-128.7,21.5,0.0,1.0,1.0,1.0,0.0,0.0,1.0,0.0,90.0,90.0,1
2025-04-14 09:46:42,16.24,4.59,2.5,0.7,7.0,0.0,0.0,0.0,0.0,0.0,28.5,24.1,23.7,25.3,-128.7,21.4,0.0,1.0,1.0,1.0,0.0,0.0,1.0,0.0,90.0,90.0,1
2025-04-14 09:46:43,16.22,4.59,2.5,0.7,7.7,0.0,0.0,0.0,0.0,0.0,28.5,24.1,23.7,25.3,-128.7,21.5,0.0,1.0,1.0,1.0,0.0,0.0,1.0,0.0,90.0,90.0,1
2025-04-14 09:46:44,16.24,4.59,2.5,0.7,7.2,0.0,0.0,0.0,0.0,0.0,28.5,24.1,23.7,25.3,-128.7,21.5,0.0,1.0,1.0,1.0,0.0,0.0,1.0,0.0,90.0,90.0,1
2025-04-14 09:46:45,16.24,4.6,2.5,0.7,6.8,0.0,0.0,0.0,0.0,0.0,28.5,24.1,23.7,25.3,-128.7,21.4,0.0,1.0,1.0,1.0,0.0,0.0,1.0,0.0,90.0,90.0,1
2025-04-14 09:46:46,16.25,4.59,2.5,0.7,7.4,0.0,0.0,0.0,0.0,0.0,28.5,24.1,23.7,25.3,-128.7,21.5,0.0,1.0,1.0,1.0,0.0,0.0,1.0,0.0,90.0,90.0,1
2025-04-14 09:46:47,16.24,4.6,2.5,0.7,7.599999,0.0,0.0,0.0,0.0,0.0,28.5,24.1,23.7,25.3,-128.7,21.4,0.0,1.0,1.0,1.0,0.0,0.0,1.0,0.0,90.0,90.0,1
2025-04-14 09:46:48,16.24,4.59,2.5,0.7,8.099999,0.0,0.0,0.0,0.0,0.0,28.5,24.1,23.7,25.3,-128.7,21.5,0.0,1.0,1.0,1.0,0.0,0.0,1.0,0.0,90.0,90.0,1
2025-04-14 09:46:49,16.24,4.59,2.5,0.7,7.3,0.0,0.0,0.0,0.0,0.0,28.5,24.1,23.7,25.3,-128.7,21.4,0.0,1.0,1.0,1.0,0.0,0.0,1.0,0.0,90.0,90.0,1
2025-04-14 09:46:50,16.25,4.59,2.5,0.7,7.599999,0.0,0.0,0.0,0.0,0.0,28.5,24.1,23.7,25.3,-128.7,21.5,0.0,1.0,1.0,1.0,0.0,0.0,1.0,0.0,90.0,90.0,1
2025-04-14 09:46:51,16.27,4.59,2.5,0.7,7.4,0.0,0.0,0.0,0.0,0.0,28.5,24.1,23.7,25.3,-128.7,21.5,0.0,1.0,1.0,1.0,0.0,0.0,1.0,0.0,90.0,90.0,1
2025-04-14 09:46:52,16.26,4.6,2.5,0.7,7.5,0.0,0.0,0.0,0.0,0.0,28.5,24.1,23.7,25.3,-128.7,21.4,0.0,1.0,1.0,1.0,0.0,0.0,1.0,0.0,90.0,90.0,1
2025-04-14 09:46:53,16.25,4.58,2.5,0.7,7.099999,0.0,0.0,0.0,0.0,0.0,28.5,24.1,23.7,25.3,-128.7,21.5,0.0,1.0,1.0,1.0,0.0,0.0,1.0,0.0,90.0,90.0,1
2025-04-14 09:46:54,16.26,4.59,2.5,0.7,7.4,0.0,0.0,0.0,0.0,0.0,28.5,24.1,23.8,25.3,-128.7,21.4,0.0,1.0,1.0,1.0,0.0,0.0,1.0,0.0,90.0,90.0,1
2025-04-14 09:46:55,16.25,4.6,2.5,0.7,7.5,0.0,0.0,0.0,0.0,0.0,28.5,24.1,23.8,25.3,-128.7,21.5,0.0,1.0,1.0,1.0,0.0,0.0,1.0,0.0,90.0,90.0,1
2025-04-14 09:46:56,16.26,4.59,2.5,0.7,8.0,0.0,0.0,0.0,0.0,0.0,28.5,24.1,23.8,25.3,-128.7,21.4,0.0,1.0,1.0,1.0,0.0,0.0,1.0,0.0,90.0,90.0,1
2025-04-14 09:46:57,16.25,4.6,2.5,0.7,7.599999,0.0,0.0,0.0,0.0,0.0,28.5,24.1,23.8,25.3,-128.7,21.5,0.0,1.0,1.0,1.0,0.0,0.0,1.0,0.0,90.0,90.0,1
2025-04-14 09:46:58,16.25,4.59,2.5,0.7,8.5,0.0,0.0,0.0,0.0,0.0,28.5,24.1,23.8,25.3,-128.7,21.5,0.0,1.0,1.0,1.0,0.0,0.0,1.0,0.0,90.0,90.0,1
2025-04-14 09:46:59,16.25,4.6,2.5,0.7,7.099999,0.0,0.0,0.0,0.0,0.0,28.5,24.1,23.8,25.3,-128.7,21.4,0.0,1.0,1.0,1.0,0.0,0.0,1.0,0.0,90.0,90.0,1
2025-04-14 09:47:00,16.25,4.59,2.5,0.7,6.9,0.0,0.0,0.0,0.0,0.0,28.5,24.1,23.8,25.3,-128.7,21.5,0.0,1.0,1.0,1.0,0.0,0.0,1.0,0.0,90.0,90.0,1
2025-04-14 09:47:01,16.25,4.59,2.5,0.7,6.599999,0.0,0.0,0.0,0.0,0.0,28.5,24.1,23.8,25.3,-128.7,21.4,0.0,1.0,1.0,1.0,0.0,0.0,1.0,0.0,90.0,90.0,1
2025-04-14 09:47:02,16.27,4.59,2.5,0.7,8.0,0.0,0.0,0.0,0.0,0.0,28.5,24.1,23.8,25.3,-128.7,21.5,0.0,1.0,1.0,1.0,0.0,0.0,1.0,0.0,90.0,90.0,1
2025-04-14 09:47:03,16.25,4.59,2.5,0.7,7.8,0.0,0.0,0.0,0.0,0.0,28.5,24.1,23.8,25.3,-128.7,21.4,0.0,1.0,1.0,1.0,0.0,0.0,1.0,0.0,90.0,90.0,1
2025-04-14 09:47:04,16.26,4.62,2.4,0.7,7.0,0.0,0.0,0.0,0.0,0.0,28.5,24.1,23.8,25.3,-128.7,21.4,0.0,1.0,1.0,1.0,0.0,0.0,1.0,0.0,90.0,90.0,1
2025-04-14 09:47:05,16.29,4.59,2.5,0.7,7.599999,0.0,0.0,0.0,0.0,0.0,28.5,24.1,23.8,25.3,-128.7,21.5,0.0,1.0,1.0,1.0,0.0,0.0,1.0,0.0,90.0,90.0,1
2025-04-14 09:47:06,16.27,4.61,2.5,0.7,7.3,0.0,0.0,0.0,0.0,0.0,28.5,24.1,23.8,25.3,-128.7,21.3,0.0,1.0,1.0,1.0,0.0,0.0,1.0,0.0,90.0,90.0,1
2025-04-14 09:47:07,16.27,4.6,2.5,0.7,7.5,0.0,0.0,0.0,0.0,0.0,28.5,24.1,23.8,25.3,-128.7,21.4,0.0,1.0,1.0,1.0,0.0,0.0,1.0,0.0,90.0,90.0,1
2025-04-14 09:47:08,16.25,4.59,2.5,0.7,7.2,0.0,0.0,0.0,0.0,0.0,28.5,24.1,23.8,25.3,-128.7,21.4,0.0,1.0,1.0,1.0,0.0,0.0,1.0,0.0,90.0,90.0,1
2025-04-14 09:47:09,16.27,4.6,2.5,0.7,6.9,0.0,0.0,0.0,0.0,0.0,28.5,24.1,23.8,25.3,-128.7,21.4,0.0,1.0,1.0,1.0,0.0,0.0,1.0,0.0,90.0,90.0,1
2025-04-14 09:47:10,16.26,4.6,2.5,0.7,6.9,0.0,0.0,0.0,0.0,0.0,28.5,24.1,23.8,25.3,-128.7,21.4,0.0,1.0,1.0,1.0,0.0,0.0,1.0,0.0,90.0,90.0,1
2025-04-14 09:47:11,16.26,4.59,2.5,0.7,7.3,0.0,0.0,0.0,0.0,0.0,28.5,24.1,23.8,25.3,-128.7,21.4,0.0,1.0,1.0,1.0,0.0,0.0,1.0,0.0,90.0,90.0,1
2025-04-14 09:47:12,16.25,4.61,2.5,0.7,7.599999,0.0,0.0,0.0,0.0,0.0,28.5,24.1,23.8,25.3,-128.7,21.5,0.0,1.0,1.0,1.0,0.0,0.0,1.0,0.0,90.0,90.0,1
2025-04-14 09:47:13,16.26,4.59,2.5,0.7,7.8,0.0,0.0,0.0,0.0,0.0,28.5,24.1,23.8,25.3,-128.7,21.4,0.0,1.0,1.0,1.0,0.0,0.0,1.0,0.0,90.0,90.0,1
2025-04-14 09:47:14,16.26,4.62,2.5,0.7,7.2,0.0,0.0,0.0,0.0,0.0,28.5,24.1,23.8,25.3,-128.7,21.3,0.0,1.0,1.0,1.0,0.0,0.0,1.0,0.0,90.0,90.0,1
2025-04-14 09:47:15,16.25,4.6,2.5,0.7,7.7,0.0,0.0,0.0,0.0,0.0,28.5,24.1,23.8,25.3,-128.7,21.5,0.0,1.0,1.0,1.0,0.0,0.0,1.0,0.0,90.0,90.0,1
2025-04-14 09:47:16,16.26,4.59,2.4,0.7,7.099999,0.0,0.0,0.0,0.0,0.0,28.5,24.1,23.8,25.3,-128.7,21.4,0.0,1.0,1.0,1.0,0.0,0.0,1.0,0.0,90.0,90.0,1
2025-04-14 09:47:17,16.29,4.61,2.5,0.7,7.2,0.0,0.0,0.0,0.0,0.0,28.5,24.1,23.8,25.3,-128.7,21.4,0.0,1.0,1.0,1.0,0.0,0.0,1.0,0.0,90.0,90.0,1
2025-04-14 09:47:18,16.29,4.6,2.5,0.7,8.099999,0.0,0.0,0.0,0.0,0.0,28.5,24.1,23.8,25.3,-128.7,21.5,0.0,1.0,1.0,1.0,0.0,0.0,1.0,0.0,90.0,90.0,1
2025-04-14 09:47:19,16.29,4.6,2.5,0.7,7.4,0.0,0.0,0.0,0.0,0.0,28.5,24.1,23.8,25.3,-128.7,21.4,0.0,1.0,1.0,1.0,0.0,0.0,1.0,0.0,90.0,90.0,1
2025-04-14 09:47:20,16.27,4.61,2.5,0.7,7.5,0.0,0.0,0.0,0.0,0.0,28.5,24.1,23.8,25.3,-128.7,21.4,0.0,1.0,1.0,1.0,0.0,0.0,1.0,0.0,90.0,90.0,1
2025-04-14 09:47:21,16.27,4.6,2.5,0.7,7.8,0.0,0.0,0.0,0.0,0.0,28.5,24.1,23.8,25.3,-128.7,21.5,0.0,1.0,1.0,1.0,0.0,0.0,1.0,0.0,90.0,90.0,1
2025-04-14 09:47:22,16.27,4.62,2.5,0.7,7.2,0.0,0.0,0.0,0.0,0.0,28.5,24.1,23.8,25.3,-128.7,21.3,0.0,1.0,1.0,1.0,0.0,0.0,1.0,0.0,90.0,90.0,1
2025-04-14 09:47:23,16.27,4.6,2.5,0.7,7.4,0.0,0.0,0.0,0.0,0.0,28.5,24.1,23.8,25.3,-128.7,21.5,0.0,1.0,1.0,1.0,0.0,0.0,1.0,0.0,90.0,90.0,1
2025-04-14 09:47:24,16.29,4.59,2.5,0.7,6.9,0.0,0.0,0.0,0.0,0.0,28.5,24.1,23.7,25.3,-128.7,21.3,0.0,1.0,1.0,1.0,0.0,0.0,1.0,0.0,90.0,90.0,1
2025-04-14 09:47:25,16.26,4.61,2.5,0.7,7.4,0.0,0.0,0.0,0.0,0.0,28.4,24.1,23.7,25.3,-128.7,21.4,0.0,1.0,1.0,1.0,0.0,0.0,1.0,0.0,90.0,90.0,1
2025-04-14 09:47:26,16.27,4.59,2.5,0.7,7.599999,0.0,0.0,0.0,0.0,0.0,28.4,24.1,23.7,25.3,-128.7,21.4,0.0,1.0,1.0,1.0,0.0,0.0,1.0,0.0,90.0,90.0,1
2025-04-14 09:47:27,16.27,4.61,2.5,0.7,7.8,0.0,0.0,0.0,0.0,0.0,28.4,24.1,23.7,25.3,-128.7,21.4,0.0,1.0,1.0,1.0,0.0,0.0,1.0,0.0,90.0,90.0,1
2025-04-14 09:47:28,16.26,4.59,2.5,0.7,7.099999,0.0,0.0,0.0,0.0,0.0,28.4,24.1,23.7,25.3,-128.7,21.5,0.0,1.0,1.0,1.0,0.0,0.0,1.0,0.0,90.0,90.0,1
2025-04-14 09:47:29,16.27,4.61,2.5,0.7,7.0,0.0,0.0,0.0,0.0,0.0,28.4,24.1,23.7,25.3,-128.7,21.4,0.0,1.0,1.0,1.0,0.0,0.0,1.0,0.0,90.0,90.0,1
2025-04-14 09:47:30,16.29,4.6,2.5,0.7,7.099999,0.0,0.0,0.0,0.0,0.0,28.4,24.1,23.7,25.3,-128.7,21.5,0.0,1.0,1.0,1.0,0.0,0.0,1.0,0.0,90.0,90.0,1
2025-04-14 09:47:31,16.27,4.59,2.5,0.7,7.4,0.0,0.0,0.0,0.0,0.0,28.4,24.1,23.7,25.3,-128.7,21.4,0.0,1.0,1.0,1.0,0.0,0.0,1.0,0.0,90.0,90.0,1
2025-04-14 09:47:32,16.29,4.6,2.5,0.7,7.5,0.0,0.0,0.0,0.0,0.0,28.4,24.1,23.7,25.3,-128.7,21.5,0.0,1.0,1.0,1.0,0.0,0.0,1.0,0.0,90.0,90.0,1
2025-04-14 09:47:33,16.29,4.59,2.5,0.7,7.599999,0.0,0.0,0.0,0.0,0.0,28.4,24.1,23.7,25.3,-128.7,21.5,0.0,1.0,1.0,1.0,0.0,0.0,1.0,0.0,90.0,90.0,1
2025-04-14 09:47:34,16.29,4.6,2.5,0.7,6.9,0.0,0.0,0.0,0.0,0.0,28.4,24.1,23.7,25.3,-128.7,21.4,0.0,1.0,1.0,1.0,0.0,0.0,1.0,0.0,90.0,90.0,1
2025-04-14 09:47:35,16.29,4.59,2.5,0.8,7.7,0.0,0.0,0.0,0.0,0.0,28.4,24.1,23.7,25.3,-128.7,21.5,0.0,1.0,1.0,1.0,0.0,0.0,1.0,0.0,90.0,90.0,1
2025-04-14 09:47:36,16.27,4.59,2.5,0.7,8.099999,0.0,0.0,0.0,0.0,0.0,28.4,24.1,23.7,25.3,-128.7,21.4,0.0,1.0,1.0,1.0,0.0,0.0,1.0,0.0,90.0,90.0,1
2025-04-14 09:47:37,16.29,4.59,2.5,0.7,7.5,0.0,0.0,0.0,0.0,0.0,28.4,24.1,23.7,25.3,-128.7,21.5,0.0,1.0,1.0,1.0,0.0,0.0,1.0,0.0,90.0,90.0,1
2025-04-14 09:47:38,16.27,4.59,2.5,0.7,7.099999,0.0,0.0,0.0,0.0,0.0,28.4,24.1,23.7,25.3,-128.7,21.4,0.0,1.0,1.0,1.0,0.0,0.0,1.0,0.0,90.0,90.0,1
2025-04-14 09:47:39,16.27,4.6,2.5,0.7,7.7,0.0,0.0,0.0,0.0,0.0,28.4,24.1,23.7,25.3,-128.7,21.4,0.0,1.0,1.0,1.0,0.0,0.0,1.0,0.0,90.0,90.0,1
2025-04-14 09:47:40,16.27,4.59,2.5,0.7,8.0,0.0,0.0,0.0,0.0,0.0,28.4,24.1,23.7,25.3,-128.7,21.5,0.0,1.0,1.0,1.0,0.0,0.0,1.0,0.0,90.0,90.0,1
2025-04-14 09:47:41,16.29,4.6,2.5,0.7,8.0,0.0,0.0,0.0,0.0,0.0,28.4,24.1,23.7,25.3,-128.7,21.4,0.0,1.0,1.0,1.0,0.0,0.0,1.0,0.0,90.0,90.0,1
2025-04-14 09:47:42,16.27,4.59,2.5,0.7,7.7,0.0,0.0,0.0,0.0,0.0,28.4,24.1,23.7,25.4,-128.7,21.6,0.0,1.0,1.0,1.0,0.0,0.0,1.0,0.0,90.0,90.0,1
2025-04-14 09:47:43,16.29,4.6,2.5,0.7,7.2,0.0,0.0,0.0,0.0,0.0,28.4,24.1,23.7,25.4,-128.7,21.5,0.0,1.0,1.0,1.0,0.0,0.0,1.0,0.0,90.0,90.0,1
2025-04-14 09:47:44,16.27,4.6,2.5,0.7,7.099999,0.0,0.0,0.0,0.0,0.0,28.4,24.1,23.7,25.4,-128.7,21.5,0.0,1.0,1.0,1.0,0.0,0.0,1.0,0.0,90.0,90.0,1
2025-04-14 09:47:45,16.29,4.59,2.5,0.7,7.3,0.0,0.0,0.0,0.0,0.0,28.5,24.1,23.7,25.4,-128.7,21.6,0.0,1.0,1.0,1.0,0.0,0.0,1.0,0.0,90.0,90.0,1
2025-04-14 09:47:46,16.27,4.61,2.5,0.7,7.599999,0.0,0.0,0.0,0.0,0.0,28.5,24.1,23.7,25.4,-128.7,21.5,0.0,1.0,1.0,1.0,0.0,0.0,1.0,0.0,90.0,90.0,1
2025-04-14 09:47:47,16.3,4.59,2.5,0.7,7.8,0.0,0.0,0.0,0.0,0.0,28.4,24.1,23.7,25.4,-128.7,21.6,0.0,1.0,1.0,1.0,0.0,0.0,1.0,0.0,90.0,90.0,1
2025-04-14 09:47:48,16.3,4.61,2.5,0.7,7.4,0.0,0.0,0.0,0.0,0.0,28.4,24.1,23.7,25.4,-128.7,21.5,0.0,1.0,1.0,1.0,0.0,0.0,1.0,0.0,90.0,90.0,1
2025-04-14 09:47:49,16.27,4.59,2.5,0.7,6.599999,0.0,0.0,0.0,0.0,0.0,28.4,24.1,23.7,25.4,-128.7,21.6,0.0,1.0,1.0,1.0,0.0,0.0,1.0,0.0,90.0,90.0,1
2025-04-14 09:47:50,16.27,4.6,2.6,0.7,7.0,0.0,0.0,0.0,0.0,0.0,28.4,24.1,23.7,25.4,-128.7,21.5,0.0,1.0,1.0,1.0,0.0,0.0,1.0,0.0,90.0,90.0,1
2025-04-14 09:47:51,16.27,4.61,2.5,0.7,7.099999,0.0,0.0,0.0,0.0,0.0,28.4,24.1,23.7,25.4,-128.7,21.6,0.0,1.0,1.0,1.0,0.0,0.0,1.0,0.0,90.0,90.0,1
2025-04-14 09:47:52,16.29,4.59,2.5,0.7,7.599999,0.0,0.0,0.0,0.0,0.0,28.4,24.1,23.7,25.4,-128.7,21.6,0.0,1.0,1.0,1.0,0.0,0.0,1.0,0.0,90.0,90.0,1
2025-04-14 09:47:53,16.3,4.61,2.5,0.7,8.2,0.0,0.0,0.0,0.0,0.0,28.4,24.1,23.7,25.4,-128.7,21.5,0.0,1.0,1.0,1.0,0.0,0.0,1.0,0.0,90.0,90.0,1
2025-04-14 09:47:54,16.29,4.59,2.5,0.7,7.7,0.0,0.0,0.0,0.0,0.0,28.4,24.1,23.7,25.4,-128.7,21.6,0.0,1.0,1.0,1.0,0.0,0.0,1.0,0.0,90.0,90.0,1
2025-04-14 09:47:55,16.29,4.6,2.5,0.7,6.7,0.0,0.0,0.0,0.0,0.0,28.4,24.1,23.7,25.4,-128.7,21.5,0.0,1.0,1.0,1.0,0.0,0.0,1.0,0.0,90.0,90.0,1
2025-04-14 09:47:56,16.29,4.6,2.5,0.7,6.3,0.0,0.0,0.0,0.0,0.0,28.4,24.1,23.6,25.4,-128.7,21.6,0.0,1.0,1.0,1.0,0.0,0.0,1.0,0.0,90.0,90.0,1
2025-04-14 09:47:57,16.27,4.6,2.5,0.7,7.5,0.0,0.0,0.0,0.0,0.0,28.4,24.1,23.6,25.4,-128.7,21.5,0.0,1.0,1.0,1.0,0.0,0.0,1.0,0.0,90.0,90.0,1
2025-04-14 09:47:58,16.3,4.59,2.5,0.7,7.7,0.0,0.0,0.0,0.0,0.0,28.4,24.1,23.6,25.4,-128.7,21.6,0.0,1.0,1.0,1.0,0.0,0.0,1.0,0.0,90.0,90.0,1
2025-04-14 09:47:59,16.27,4.59,2.5,0.7,7.599999,0.0,0.0,0.0,0.0,0.0,28.4,24.1,23.6,25.4,-128.7,21.5,0.0,1.0,1.0,1.0,0.0,0.0,1.0,0.0,90.0,90.0,1
2025-04-14 09:48:00,16.27,4.6,2.5,0.7,7.2,0.0,0.0,0.0,0.0,0.0,28.4,24.1,23.6,25.4,-128.7,21.5,0.0,1.0,1.0,1.0,0.0,0.0,1.0,0.0,90.0,90.0,1
2025-04-14 09:48:01,16.27,4.59,2.5,0.7,6.7,0.0,0.0,0.0,0.0,0.0,28.4,24.1,23.6,25.4,-128.7,21.6,0.0,1.0,1.0,1.0,0.0,0.0,1.0,0.0,90.0,90.0,1
2025-04-14 09:48:02,16.27,4.6,2.5,0.7,7.2,0.0,0.0,0.0,0.0,0.0,28.4,24.1,23.6,25.4,-128.7,21.5,0.0,1.0,1.0,1.0,0.0,0.0,1.0,0.0,90.0,90.0,1
2025-04-14 09:48:03,16.26,4.59,2.5,0.7,7.099999,0.0,0.0,0.0,0.0,0.0,28.4,24.1,23.6,25.4,-128.7,21.6,0.0,1.0,1.0,1.0,0.0,0.0,1.0,0.0,90.0,90.0,1
2025-04-14 09:48:04,16.27,4.59,2.5,0.7,7.099999,0.0,0.0,0.0,0.0,0.0,28.4,24.1,23.6,25.4,-128.7,21.6,0.0,1.0,1.0,1.0,0.0,0.0,1.0,0.0,90.0,90.0,1
2025-04-14 09:48:05,16.26,4.6,2.5,0.7,7.5,0.0,0.0,0.0,0.0,0.0,28.4,24.1,23.6,25.4,-128.7,21.6,0.0,1.0,1.0,1.0,0.0,0.0,1.0,0.0,90.0,90.0,1
2025-04-14 09:48:06,16.27,4.59,2.5,0.7,7.099999,0.0,0.0,0.0,0.0,0.0,28.4,24.1,23.6,25.4,-128.7,21.6,0.0,1.0,1.0,1.0,0.0,0.0,1.0,0.0,90.0,90.0,1
2025-04-14 09:48:07,16.27,4.61,2.5,0.7,7.0,0.0,0.0,0.0,0.0,0.0,28.4,24.1,23.6,25.4,-128.7,21.5,0.0,1.0,1.0,1.0,0.0,0.0,1.0,0.0,90.0,90.0,1
2025-04-14 09:48:08,16.27,4.59,2.5,0.7,7.3,0.0,0.0,0.0,0.0,0.0,28.4,24.1,23.6,25.3,-128.7,21.5,0.0,1.0,1.0,1.0,0.0,0.0,1.0,0.0,90.0,90.0,1
2025-04-14 09:48:09,16.27,4.6,2.5,0.7,7.2,0.0,0.0,0.0,0.0,0.0,28.4,24.1,23.6,25.3,-128.7,21.4,0.0,1.0,1.0,1.0,0.0,0.0,1.0,0.0,90.0,90.0,1
2025-04-14 09:48:10,16.27,4.59,2.5,0.7,7.5,0.0,0.0,0.0,0.0,0.0,28.4,24.1,23.6,25.3,-128.7,21.5,0.0,1.0,1.0,1.0,0.0,0.0,1.0,0.0,90.0,90.0,1
2025-04-14 09:48:11,16.3,4.61,2.5,0.7,7.8,0.0,0.0,0.0,0.0,0.0,28.4,24.1,23.6,25.3,-128.7,21.4,0.0,1.0,1.0,1.0,0.0,0.0,1.0,0.0,90.0,90.0,1
2025-04-14 09:48:12,16.29,4.59,2.5,0.7,7.3,0.0,0.0,0.0,0.0,0.0,28.4,24.1,23.6,25.3,-128.7,21.5,0.0,1.0,1.0,1.0,0.0,0.0,1.0,0.0,90.0,90.0,1
2025-04-14 09:48:13,16.27,4.59,2.5,0.7,7.8,0.0,0.0,0.0,0.0,0.0,28.4,24.1,23.6,25.3,-128.7,21.4,0.0,1.0,1.0,1.0,0.0,0.0,1.0,0.0,90.0,90.0,1
2025-04-14 09:48:14,16.29,4.6,2.5,0.7,7.2,0.0,0.0,0.0,0.0,0.0,28.4,24.1,23.5,25.3,-128.7,21.5,0.0,1.0,1.0,1.0,0.0,0.0,1.0,0.0,90.0,90.0,1
2025-04-14 09:48:15,16.29,4.59,2.5,0.7,7.7,0.0,0.0,0.0,0.0,0.0,28.4,24.1,23.5,25.3,-128.7,21.4,0.0,1.0,1.0,1.0,0.0,0.0,1.0,0.0,90.0,90.0,1
2025-04-14 09:48:16,16.29,4.61,2.5,0.8,8.0,0.0,0.0,0.0,0.0,0.0,28.4,24.1,23.5,25.3,-128.7,21.4,0.0,1.0,1.0,1.0,0.0,0.0,1.0,0.0,90.0,90.0,1
2025-04-14 09:48:17,16.27,4.59,2.5,0.7,7.8,0.0,0.0,0.0,0.0,0.0,28.4,24.1,23.5,25.3,-128.7,21.5,0.0,1.0,1.0,1.0,0.0,0.0,1.0,0.0,90.0,90.0,1
2025-04-14 09:48:18,16.29,4.61,2.5,0.7,7.0,0.0,0.0,0.0,0.0,0.0,28.4,24.1,23.5,25.3,-128.7,21.4,0.0,1.0,1.0,1.0,0.0,0.0,1.0,0.0,90.0,90.0,1
2025-04-14 09:48:19,16.3,4.59,2.5,0.7,6.8,0.0,0.0,0.0,0.0,0.0,28.4,24.1,23.5,25.3,-128.7,21.5,0.0,1.0,1.0,1.0,0.0,0.0,1.0,0.0,90.0,90.0,1
2025-04-14 09:48:20,16.29,4.59,2.5,0.7,7.099999,0.0,0.0,0.0,0.0,0.0,28.4,24.1,23.5,25.3,-128.7,21.4,0.0,1.0,1.0,1.0,0.0,0.0,1.0,0.0,90.0,90.0,1
2025-04-14 09:48:21,16.3,4.6,2.5,0.7,7.599999,0.0,0.0,0.0,0.0,0.0,28.4,24.1,23.5,25.3,-128.7,21.5,0.0,1.0,1.0,1.0,0.0,0.0,1.0,0.0,90.0,90.0,1
2025-04-14 09:48:22,16.29,4.59,2.5,0.7,7.599999,0.0,0.0,0.0,0.0,0.0,28.4,24.1,23.5,25.3,-128.7,21.5,0.0,1.0,1.0,1.0,0.0,0.0,1.0,0.0,90.0,90.0,1
2025-04-14 09:48:23,16.29,4.62,2.5,0.7,8.2,0.0,0.0,0.0,0.0,0.0,28.4,24.1,23.5,25.3,-128.7,21.4,0.0,1.0,1.0,1.0,0.0,0.0,1.0,0.0,90.0,90.0,1
2025-04-14 09:48:24,16.27,4.59,2.5,0.7,7.5,0.0,0.0,0.0,0.0,0.0,28.4,24.1,23.5,25.3,-128.7,21.5,0.0,1.0,1.0,1.0,0.0,0.0,1.0,0.0,90.0,90.0,1
2025-04-14 09:48:25,16.29,4.6,2.5,0.7,7.2,0.0,0.0,0.0,0.0,0.0,28.4,24.1,23.5,25.3,-128.7,21.4,0.0,1.0,1.0,1.0,0.0,0.0,1.0,0.0,90.0,90.0,1
2025-04-14 09:48:26,16.27,4.6,2.5,0.7,7.099999,0.0,0.0,0.0,0.0,0.0,28.4,24.1,23.5,25.3,-128.7,21.5,0.0,1.0,1.0,1.0,0.0,0.0,1.0,0.0,90.0,90.0,1
2025-04-14 09:48:27,16.27,4.6,2.5,0.7,7.099999,0.0,0.0,0.0,0.0,0.0,28.4,24.1,23.4,25.3,-128.7,21.4,0.0,1.0,1.0,1.0,0.0,0.0,1.0,0.0,90.0,90.0,1
2025-04-14 09:48:28,16.26,4.6,2.5,0.7,7.5,0.0,0.0,0.0,0.0,0.0,28.4,24.1,23.4,25.3,-128.7,21.5,0.0,1.0,1.0,1.0,0.0,0.0,1.0,0.0,90.0,90.0,1
2025-04-14 09:48:29,16.29,4.59,2.5,0.7,7.3,0.0,0.0,0.0,0.0,0.0,28.4,24.1,23.4,25.3,-128.7,21.5,0.0,1.0,1.0,1.0,0.0,0.0,1.0,0.0,90.0,90.0,1
2025-04-14 09:48:30,16.27,4.6,2.5,0.7,7.3,0.0,0.0,0.0,0.0,0.0,28.4,24.1,23.4,25.3,-128.7,21.5,0.0,1.0,1.0,1.0,0.0,0.0,1.0,0.0,90.0,90.0,1
2025-04-14 09:48:31,16.27,4.59,2.5,0.7,7.099999,0.0,0.0,0.0,0.0,0.0,28.4,24.1,23.4,25.3,-128.7,21.5,0.0,1.0,1.0,1.0,0.0,0.0,1.0,0.0,90.0,90.0,1
2025-04-14 09:48:32,16.27,4.6,2.5,0.7,7.0,0.0,0.0,0.0,0.0,0.0,28.4,24.1,23.4,25.3,-128.7,21.4,0.0,1.0,1.0,1.0,0.0,0.0,1.0,0.0,90.0,90.0,1
2025-04-14 09:48:33,16.29,4.59,2.5,0.7,7.8,0.0,0.0,0.0,0.0,0.0,28.4,24.1,23.4,25.3,-128.7,21.5,0.0,1.0,1.0,1.0,0.0,0.0,1.0,0.0,90.0,90.0,1
2025-04-14 09:48:34,16.3,4.59,2.5,0.8,7.599999,0.0,0.0,0.0,0.0,0.0,28.4,24.1,23.4,25.3,-128.7,21.5,0.0,1.0,1.0,1.0,0.0,0.0,1.0,0.0,90.0,90.0,1
2025-04-14 09:48:35,16.3,4.61,2.5,0.7,7.8,0.0,0.0,0.0,0.0,0.0,28.4,24.1,23.4,25.3,-128.7,21.4,0.0,1.0,1.0,1.0,0.0,0.0,1.0,0.0,90.0,90.0,1
2025-04-14 09:48:36,16.3,4.59,2.5,0.7,6.7,0.0,0.0,0.0,0.0,0.0,28.4,24.1,23.4,25.3,-128.7,21.5,0.0,1.0,1.0,1.0,0.0,0.0,1.0,0.0,90.0,90.0,1
2025-04-14 09:48:37,16.3,4.59,2.5,0.7,7.0,0.0,0.0,0.0,0.0,0.0,28.4,24.1,23.4,25.3,-128.7,21.4,0.0,1.0,1.0,1.0,0.0,0.0,1.0,0.0,90.0,90.0,1
2025-04-14 09:48:38,16.31,4.59,2.5,0.7,7.2,0.0,0.0,0.0,0.0,0.0,28.4,24.1,23.4,25.3,-128.7,21.4,0.0,1.0,1.0,1.0,0.0,0.0,1.0,0.0,90.0,90.0,1
2025-04-14 09:48:39,16.3,4.59,2.5,0.7,7.599999,0.0,0.0,0.0,0.0,0.0,28.4,24.1,23.3,25.3,-128.7,21.5,0.0,1.0,1.0,1.0,0.0,0.0,1.0,0.0,90.0,90.0,1
2025-04-14 09:48:40,16.3,4.6,2.5,0.7,7.599999,0.0,0.0,0.0,0.0,0.0,28.4,24.2,23.3,25.3,-128.7,21.4,0.0,1.0,1.0,1.0,0.0,0.0,1.0,0.0,90.0,90.0,1
2025-04-14 09:48:41,16.29,4.59,2.5,0.7,7.2,0.0,0.0,0.0,0.0,0.0,28.4,24.2,23.3,25.3,-128.7,21.5,0.0,1.0,1.0,1.0,0.0,0.0,1.0,0.0,90.0,90.0,1
2025-04-14 09:48:42,16.29,4.59,2.6,0.7,7.4,0.0,0.0,0.0,0.0,0.0,28.4,24.2,23.3,25.3,-128.7,21.4,0.0,1.0,1.0,1.0,0.0,0.0,1.0,0.0,90.0,90.0,1
2025-04-14 09:48:43,16.27,4.6,2.5,0.7,7.7,0.0,0.0,0.0,0.0,0.0,28.4,24.2,23.3,25.3,-128.7,21.5,0.0,1.0,1.0,1.0,0.0,0.0,1.0,0.0,90.0,90.0,1
2025-04-14 09:48:44,16.27,4.59,2.5,0.7,6.8,0.0,0.0,0.0,0.0,0.0,28.4,24.2,23.3,25.3,-128.7,21.4,0.0,1.0,1.0,1.0,0.0,0.0,1.0,0.0,90.0,90.0,1
2025-04-14 09:48:45,16.27,4.6,2.5,0.7,7.0,0.0,0.0,0.0,0.0,0.0,28.4,24.2,23.3,25.3,-128.7,21.4,0.0,1.0,1.0,1.0,0.0,0.0,1.0,0.0,90.0,90.0,1
2025-04-14 09:48:46,16.27,4.59,2.5,0.7,7.3,0.0,0.0,0.0,0.0,0.0,28.4,24.2,23.3,25.3,-128.7,21.5,0.0,1.0,1.0,1.0,0.0,0.0,1.0,0.0,90.0,90.0,1
2025-04-14 09:48:47,16.29,4.6,2.5,0.7,7.7,0.0,0.0,0.0,0.0,0.0,28.4,24.2,23.3,25.3,-128.7,21.4,0.0,1.0,1.0,1.0,0.0,0.0,1.0,0.0,90.0,90.0,1
2025-04-14 09:48:48,16.29,4.59,2.5,0.7,7.5,0.0,0.0,0.0,0.0,0.0,28.4,24.2,23.2,25.3,-128.7,21.5,0.0,1.0,1.0,1.0,0.0,0.0,1.0,0.0,90.0,90.0,1
2025-04-14 09:48:49,16.29,4.59,2.5,0.7,7.5,0.0,0.0,0.0,0.0,0.0,28.4,24.2,23.2,25.3,-128.7,21.4,0.0,1.0,1.0,1.0,0.0,0.0,1.0,0.0,90.0,90.0,1
2025-04-14 09:48:50,16.3,4.6,2.5,0.7,7.4,0.0,0.0,0.0,0.0,0.0,28.4,24.2,23.2,25.3,-128.7,21.5,0.0,1.0,1.0,1.0,0.0,0.0,1.0,0.0,90.0,90.0,1
2025-04-14 09:48:51,16.3,4.59,2.5,0.7,7.8,0.0,0.0,0.0,0.0,0.0,28.4,24.2,23.2,25.3,-128.7,21.5,0.0,1.0,1.0,1.0,0.0,0.0,1.0,0.0,90.0,90.0,1
2025-04-14 09:48:52,16.3,4.6,2.5,0.7,7.0,0.0,0.0,0.0,0.0,0.0,28.4,24.2,23.2,25.3,-128.7,21.4,0.0,1.0,1.0,1.0,0.0,0.0,1.0,0.0,90.0,90.0,1
2025-04-14 09:48:53,16.29,4.59,2.5,0.7,7.099999,0.0,0.0,0.0,0.0,0.0,28.4,24.2,23.2,25.3,-128.7,21.5,0.0,1.0,1.0,1.0,0.0,0.0,1.0,0.0,90.0,90.0,1
2025-04-14 09:48:54,16.29,4.59,2.5,0.7,7.7,0.0,0.0,0.0,0.0,0.0,28.4,24.2,23.2,25.3,-128.7,21.4,0.0,1.0,1.0,1.0,0.0,0.0,1.0,0.0,90.0,90.0,1
2025-04-14 09:48:55,16.29,4.59,2.5,0.7,7.2,0.0,0.0,0.0,0.0,0.0,28.4,24.2,23.2,25.3,-128.7,21.5,0.0,1.0,1.0,1.0,0.0,0.0,1.0,0.0,90.0,90.0,1
2025-04-14 09:48:56,16.29,4.59,2.5,0.7,7.4,0.0,0.0,0.0,0.0,0.0,28.4,24.2,23.2,25.3,-128.7,21.5,0.0,1.0,1.0,1.0,0.0,0.0,1.0,0.0,90.0,90.0,1
2025-04-14 09:48:57,16.27,4.59,2.5,0.7,7.599999,0.0,0.0,0.0,0.0,0.0,28.4,24.2,23.2,25.3,-128.7,21.4,0.0,1.0,1.0,1.0,0.0,0.0,1.0,0.0,90.0,90.0,1
2025-04-14 09:48:58,16.29,4.59,2.5,0.7,7.3,0.0,0.0,0.0,0.0,0.0,28.4,24.2,23.2,25.3,-128.7,21.5,0.0,1.0,1.0,1.0,0.0,0.0,1.0,0.0,90.0,90.0,1
2025-04-14 09:48:59,16.27,4.59,2.5,0.7,7.5,0.0,0.0,0.0,0.0,0.0,28.4,24.2,23.1,25.3,-128.7,21.5,0.0,1.0,1.0,1.0,0.0,0.0,1.0,0.0,90.0,90.0,1
2025-04-14 09:49:00,16.3,4.6,2.5,0.7,7.4,0.0,0.0,0.0,0.0,0.0,28.4,24.2,23.1,25.3,-128.7,21.4,0.0,1.0,1.0,1.0,0.0,0.0,1.0,0.0,90.0,90.0,1
2025-04-14 09:49:01,16.27,4.59,2.5,0.7,7.0,0.0,0.0,0.0,0.0,0.0,28.4,24.2,23.1,25.3,-128.7,21.5,0.0,1.0,1.0,1.0,0.0,0.0,1.0,0.0,90.0,90.0,1
2025-04-14 09:49:02,16.29,4.59,2.5,0.7,7.3,0.0,0.0,0.0,0.0,0.0,28.4,24.2,23.1,25.3,-128.7,21.4,0.0,1.0,1.0,1.0,0.0,0.0,1.0,0.0,90.0,90.0,1
2025-04-14 09:49:03,16.3,4.6,2.5,0.7,7.4,0.0,0.0,0.0,0.0,0.0,28.4,24.2,23.1,25.3,-128.7,21.5,0.0,1.0,1.0,1.0,0.0,0.0,1.0,0.0,90.0,90.0,1
2025-04-14 09:49:04,16.29,4.59,2.5,0.7,7.0,0.0,0.0,0.0,0.0,0.0,28.4,24.2,23.1,25.3,-128.7,21.4,0.0,1.0,1.0,1.0,0.0,0.0,1.0,0.0,90.0,90.0,1
2025-04-14 09:49:05,16.29,4.61,2.5,0.7,7.4,0.0,0.0,0.0,0.0,0.0,28.4,24.2,23.1,25.3,-128.7,21.4,0.0,1.0,1.0,1.0,0.0,0.0,1.0,0.0,90.0,90.0,1
2025-04-14 09:49:06,16.27,4.59,2.5,0.7,6.8,0.0,0.0,0.0,0.0,0.0,28.4,24.2,23.1,25.3,-128.7,21.5,0.0,1.0,1.0,1.0,0.0,0.0,1.0,0.0,90.0,90.0,1
2025-04-14 09:49:07,16.29,4.59,2.5,0.7,7.599999,0.0,0.0,0.0,0.0,0.0,28.4,24.2,23.1,25.3,-128.7,21.4,0.0,1.0,1.0,1.0,0.0,0.0,1.0,0.0,90.0,90.0,1
2025-04-14 09:49:08,16.27,4.6,2.5,0.7,7.8,0.0,0.0,0.0,0.0,0.0,28.4,24.2,23.1,25.3,-128.7,21.4,0.0,1.0,1.0,1.0,0.0,0.0,1.0,0.0,90.0,90.0,1
2025-04-14 09:49:09,16.27,4.59,2.5,0.7,7.599999,0.0,0.0,0.0,0.0,0.0,28.4,24.2,23.1,25.3,-128.7,21.5,0.0,1.0,1.0,1.0,0.0,0.0,1.0,0.0,90.0,90.0,1
2025-04-14 09:49:10,16.29,4.6,2.5,0.7,6.8,0.0,0.0,0.0,0.0,0.0,28.4,24.2,23.1,25.3,-128.7,21.4,0.0,1.0,1.0,1.0,0.0,0.0,1.0,0.0,90.0,90.0,1
2025-04-14 09:49:11,16.29,4.6,2.5,0.7,7.8,0.0,0.0,0.0,0.0,0.0,28.4,24.2,23.1,25.3,-128.7,21.5,0.0,1.0,1.0,1.0,0.0,0.0,1.0,0.0,90.0,90.0,1
2025-04-14 09:49:12,16.3,4.59,2.5,0.7,7.9,0.0,0.0,0.0,0.0,0.0,28.4,24.2,23.0,25.3,-128.7,21.4,0.0,1.0,1.0,1.0,0.0,0.0,1.0,0.0,90.0,90.0,1
2025-04-14 09:49:13,16.3,4.61,2.5,0.7,7.2,0.0,0.0,0.0,0.0,0.0,28.4,24.2,23.0,25.3,-128.7,21.4,0.0,1.0,1.0,1.0,0.0,0.0,1.0,0.0,90.0,90.0,1
2025-04-14 09:49:14,16.3,4.59,2.5,0.7,7.8,0.0,0.0,0.0,0.0,0.0,28.4,24.2,23.0,25.3,-128.7,21.4,0.0,1.0,1.0,1.0,0.0,0.0,1.0,0.0,90.0,90.0,1
2025-04-14 09:49:15,16.3,4.61,2.5,0.7,7.7,0.0,0.0,0.0,0.0,0.0,28.4,24.2,23.0,25.3,-128.7,21.4,0.0,1.0,1.0,1.0,0.0,0.0,1.0,0.0,90.0,90.0,1
2025-04-14 09:49:16,16.3,4.61,2.5,0.7,7.5,0.0,0.0,0.0,0.0,0.0,28.4,24.2,23.0,25.3,-128.7,21.4,0.0,1.0,1.0,1.0,0.0,0.0,1.0,0.0,90.0,90.0,1
2025-04-14 09:49:17,16.3,4.6,2.5,0.7,7.099999,0.0,0.0,0.0,0.0,0.0,28.4,24.2,23.0,25.3,-128.7,21.4,0.0,1.0,1.0,1.0,0.0,0.0,1.0,0.0,90.0,90.0,1
2025-04-14 09:49:18,16.29,4.6,2.5,0.7,7.099999,0.0,0.0,0.0,0.0,0.0,28.4,24.2,23.0,25.3,-128.7,21.4,0.0,1.0,1.0,1.0,0.0,0.0,1.0,0.0,90.0,90.0,1
2025-04-14 09:49:19,16.3,4.59,2.5,0.7,7.8,0.0,0.0,0.0,0.0,0.0,28.4,24.2,23.0,25.3,-128.7,21.5,0.0,1.0,1.0,1.0,0.0,0.0,1.0,0.0,90.0,90.0,1
2025-04-14 09:49:20,16.29,4.6,2.5,0.7,7.9,0.0,0.0,0.0,0.0,0.0,28.4,24.2,23.0,25.3,-128.7,21.4,0.0,1.0,1.0,1.0,0.0,0.0,1.0,0.0,90.0,90.0,1
2025-04-14 09:49:21,16.29,4.6,2.5,0.7,6.9,0.0,0.0,0.0,0.0,0.0,28.4,24.2,23.0,25.3,-128.7,21.4,0.0,1.0,1.0,1.0,0.0,0.0,1.0,0.0,90.0,90.0,1
2025-04-14 09:49:22,16.27,4.59,2.5,0.7,7.8,0.0,0.0,0.0,0.0,0.0,28.4,24.2,23.0,25.3,-128.7,21.5,0.0,1.0,1.0,1.0,0.0,0.0,1.0,0.0,90.0,90.0,1
2025-04-14 09:49:23,16.29,4.6,2.5,0.7,7.2,0.0,0.0,0.0,0.0,0.0,28.4,24.2,23.0,25.3,-128.7,21.4,0.0,1.0,1.0,1.0,0.0,0.0,1.0,0.0,90.0,90.0,1
2025-04-14 09:49:24,16.3,4.61,2.5,0.7,7.4,0.0,0.0,0.0,0.0,0.0,28.4,24.2,23.0,25.3,-128.7,21.5,0.0,1.0,1.0,1.0,0.0,0.0,1.0,0.0,90.0,90.0,1
2025-04-14 09:49:25,16.29,4.59,2.5,0.7,7.3,0.0,0.0,0.0,0.0,0.0,28.4,24.2,23.0,25.3,-128.7,21.4,0.0,1.0,1.0,1.0,0.0,0.0,1.0,0.0,90.0,90.0,1
2025-04-14 09:49:26,16.31,4.61,2.5,0.7,7.2,0.0,0.0,0.0,0.0,0.0,28.4,24.2,23.0,25.3,-128.7,21.4,0.0,1.0,1.0,1.0,0.0,0.0,1.0,0.0,90.0,90.0,1
2025-04-14 09:49:27,16.3,4.6,2.5,0.7,7.4,0.0,0.0,0.0,0.0,0.0,28.4,24.2,23.0,25.3,-128.7,21.5,0.0,1.0,1.0,1.0,0.0,0.0,1.0,0.0,90.0,90.0,1
2025-04-14 09:49:28,16.29,4.6,2.5,0.7,6.599999,0.0,0.0,0.0,0.0,0.0,28.4,24.2,23.0,25.3,-128.7,21.4,0.0,1.0,1.0,1.0,0.0,0.0,1.0,0.0,90.0,90.0,1
2025-04-14 09:49:29,16.31,4.61,2.5,0.7,7.4,0.0,0.0,0.0,0.0,0.0,28.4,24.2,22.9,25.3,-128.7,21.4,0.0,1.0,1.0,1.0,0.0,0.0,1.0,0.0,90.0,90.0,1
2025-04-14 09:49:30,16.3,4.6,2.5,0.7,7.8,0.0,0.0,0.0,0.0,0.0,28.4,24.2,22.9,25.3,-128.7,21.5,0.0,1.0,1.0,1.0,0.0,0.0,1.0,0.0,90.0,90.0,1
2025-04-14 09:49:31,16.31,4.6,2.5,0.7,7.599999,0.0,0.0,0.0,0.0,0.0,28.4,24.2,22.9,25.3,-128.7,21.3,0.0,1.0,1.0,1.0,0.0,0.0,1.0,0.0,90.0,90.0,1
2025-04-14 09:49:32,16.31,4.61,2.5,0.7,7.099999,0.0,0.0,0.0,0.0,0.0,28.4,24.2,22.9,25.3,-128.7,21.4,0.0,1.0,1.0,1.0,0.0,0.0,1.0,0.0,90.0,90.0,1
2025-04-14 09:49:33,16.31,4.6,2.5,0.7,7.5,0.0,0.0,0.0,0.0,0.0,28.4,24.2,22.9,25.3,-128.7,21.4,0.0,1.0,1.0,1.0,0.0,0.0,1.0,0.0,90.0,90.0,1
2025-04-14 09:49:34,16.3,4.61,2.5,0.7,7.3,0.0,0.0,0.0,0.0,0.0,28.4,24.2,22.9,25.3,-128.7,21.3,0.0,1.0,1.0,1.0,0.0,0.0,1.0,0.0,90.0,90.0,1
2025-04-14 09:49:35,16.32,4.61,2.5,0.7,6.9,0.0,0.0,0.0,0.0,0.0,28.4,24.2,22.9,25.3,-128.7,21.4,0.0,1.0,1.0,1.0,0.0,0.0,1.0,0.0,90.0,90.0,1
2025-04-14 09:49:36,16.31,4.6,2.5,0.7,7.3,0.0,0.0,0.0,0.0,0.0,28.4,24.2,22.9,25.3,-128.7,21.4,0.0,1.0,1.0,1.0,0.0,0.0,1.0,0.0,90.0,90.0,1
2025-04-14 09:49:37,16.29,4.62,2.5,0.7,7.599999,0.0,0.0,0.0,0.0,0.0,28.4,24.2,22.9,25.3,-128.7,21.3,0.0,1.0,1.0,1.0,0.0,0.0,1.0,0.0,90.0,90.0,1
2025-04-14 09:49:38,16.3,4.61,2.5,0.7,6.8,0.0,0.0,0.0,0.0,0.0,28.4,24.2,22.9,25.3,-128.7,21.4,0.0,1.0,1.0,1.0,0.0,0.0,1.0,0.0,90.0,90.0,1
2025-04-14 09:49:39,16.3,4.6,2.5,0.7,7.3,0.0,0.0,0.0,0.0,0.0,28.4,24.2,22.9,25.3,-128.7,21.4,0.0,1.0,1.0,1.0,0.0,0.0,1.0,0.0,90.0,90.0,1
2025-04-14 09:49:40,16.31,4.62,2.5,0.7,7.8,0.0,0.0,0.0,0.0,0.0,28.4,24.2,22.9,25.3,-128.7,21.4,0.0,1.0,1.0,1.0,0.0,0.0,1.0,0.0,90.0,90.0,1
2025-04-14 09:49:41,16.32,4.6,2.5,0.7,7.4,0.0,0.0,0.0,0.0,0.0,28.4,24.2,22.9,25.3,-128.7,21.5,0.0,1.0,1.0,1.0,0.0,0.0,1.0,0.0,90.0,90.0,1
2025-04-14 09:49:42,16.32,4.6,2.5,0.7,7.3,0.0,0.0,0.0,0.0,0.0,28.4,24.2,22.9,25.3,-128.7,21.4,0.0,1.0,1.0,1.0,0.0,0.0,1.0,0.0,90.0,90.0,1
2025-04-14 09:49:43,16.33,4.62,2.5,0.7,6.9,0.0,0.0,0.0,0.0,0.0,28.4,24.2,22.9,25.3,-128.7,21.4,0.0,1.0,1.0,1.0,0.0,0.0,1.0,0.0,90.0,90.0,1
2025-04-14 09:49:44,16.32,4.6,2.5,0.7,7.7,0.0,0.0,0.0,0.0,0.0,28.4,24.2,22.9,25.3,-128.7,21.4,0.0,1.0,1.0,1.0,0.0,0.0,1.0,0.0,90.0,90.0,1
2025-04-14 09:49:45,16.3,4.62,2.5,0.7,7.099999,0.0,0.0,0.0,0.0,0.0,28.4,24.2,22.9,25.3,-128.7,21.3,0.0,1.0,1.0,1.0,0.0,0.0,1.0,0.0,90.0,90.0,1
2025-04-14 09:49:46,16.32,4.62,2.5,0.7,7.599999,0.0,0.0,0.0,0.0,0.0,28.4,24.2,22.9,25.3,-128.7,21.4,0.0,1.0,1.0,1.0,0.0,0.0,1.0,0.0,90.0,90.0,1
2025-04-14 09:49:47,16.31,4.61,2.6,0.7,7.3,0.0,0.0,0.0,0.0,0.0,28.4,24.2,22.9,25.2,-128.7,21.3,0.0,1.0,1.0,1.0,0.0,0.0,1.0,0.0,90.0,90.0,1
2025-04-14 09:49:48,16.32,4.62,2.5,0.7,7.4,0.0,0.0,0.0,0.0,0.0,28.4,24.2,22.8,25.2,-128.7,21.2,0.0,1.0,1.0,1.0,0.0,0.0,1.0,0.0,90.0,90.0,1
2025-04-14 09:49:49,16.32,4.62,2.5,0.7,7.8,0.0,0.0,0.0,0.0,0.0,28.4,24.2,22.8,25.2,-128.7,21.3,0.0,1.0,1.0,1.0,0.0,0.0,1.0,0.0,90.0,90.0,1
2025-04-14 09:49:50,16.32,4.6,2.5,0.7,7.5,0.0,0.0,0.0,0.0,0.0,28.4,24.2,22.8,25.2,-128.7,21.3,0.0,1.0,1.0,1.0,0.0,0.0,1.0,0.0,90.0,90.0,1
2025-04-14 09:49:51,16.33,4.62,2.5,0.7,7.4,0.0,0.0,0.0,0.0,0.0,28.4,24.2,22.8,25.2,-128.7,21.2,0.0,1.0,1.0,1.0,0.0,0.0,1.0,0.0,90.0,90.0,1
2025-04-14 09:49:52,16.32,4.61,2.4,0.7,7.3,0.0,0.0,0.0,0.0,0.0,28.4,24.2,22.8,25.2,-128.7,21.3,0.0,1.0,1.0,1.0,0.0,0.0,1.0,0.0,90.0,90.0,1
2025-04-14 09:49:53,16.32,4.61,2.5,0.7,6.9,0.0,0.0,0.0,0.0,0.0,28.4,24.2,22.8,25.2,-128.7,21.2,0.0,1.0,1.0,1.0,0.0,0.0,1.0,0.0,90.0,90.0,1
2025-04-14 09:49:54,16.32,4.62,2.5,0.7,7.4,0.0,0.0,0.0,0.0,0.0,28.4,24.2,22.8,25.2,-128.7,21.2,0.0,1.0,1.0,1.0,0.0,0.0,1.0,0.0,90.0,90.0,1
2025-04-14 09:49:55,16.31,4.61,2.6,0.7,7.2,0.0,0.0,0.0,0.0,0.0,28.4,24.2,22.8,25.2,-128.7,21.2,0.0,1.0,1.0,1.0,0.0,0.0,1.0,0.0,90.0,90.0,1
2025-04-14 09:49:56,16.32,4.62,2.5,0.7,7.599999,0.0,0.0,0.0,0.0,0.0,28.4,24.2,22.8,25.2,-128.7,21.2,0.0,1.0,1.0,1.0,0.0,0.0,1.0,0.0,90.0,90.0,1
2025-04-14 09:49:57,16.31,4.62,2.5,0.7,7.7,0.0,0.0,0.0,0.0,0.0,28.4,24.2,22.8,25.2,-128.7,21.2,0.0,1.0,1.0,1.0,0.0,0.0,1.0,0.0,90.0,90.0,1
2025-04-14 09:49:58,16.32,4.62,2.5,0.7,7.0,0.0,0.0,0.0,0.0,0.0,28.4,24.2,22.8,25.2,-128.7,21.2,0.0,1.0,1.0,1.0,0.0,0.0,1.0,0.0,90.0,90.0,1
2025-04-14 09:49:59,16.35,4.62,2.5,0.7,7.9,0.0,0.0,0.0,0.0,0.0,28.4,24.2,22.8,25.2,-128.7,21.1,0.0,1.0,1.0,1.0,0.0,0.0,1.0,0.0,90.0,90.0,1
2025-04-14 09:50:00,16.35,4.62,2.5,0.7,7.4,0.0,0.0,0.0,0.0,0.0,28.4,24.2,22.8,25.2,-128.7,21.2,0.0,1.0,1.0,1.0,0.0,0.0,1.0,0.0,90.0,90.0,1
2025-04-14 09:50:01,16.35,4.61,2.5,0.7,7.2,0.0,0.0,0.0,0.0,0.0,28.4,24.2,22.8,25.2,-128.7,21.2,0.0,1.0,1.0,1.0,0.0,0.0,1.0,0.0,90.0,90.0,1
2025-04-14 09:50:02,16.33,4.62,2.5,0.7,7.099999,0.0,0.0,0.0,0.0,0.0,28.4,24.2,22.8,25.2,-128.7,21.2,0.0,1.0,1.0,1.0,0.0,0.0,1.0,0.0,90.0,90.0,1
2025-04-14 09:50:03,16.32,4.62,2.5,0.7,7.0,0.0,0.0,0.0,0.0,0.0,28.4,24.2,22.8,25.2,-128.7,21.2,0.0,1.0,1.0,1.0,0.0,0.0,1.0,0.0,90.0,90.0,1
2025-04-14 09:50:04,16.32,4.62,2.5,0.7,7.2,0.0,0.0,0.0,0.0,0.0,28.4,24.2,22.8,25.2,-128.7,21.2,0.0,1.0,1.0,1.0,0.0,0.0,1.0,0.0,90.0,90.0,1
2025-04-14 09:50:05,16.32,4.63,2.5,0.7,7.3,0.0,0.0,0.0,0.0,0.0,28.4,24.2,22.8,25.2,-128.7,21.1,0.0,1.0,1.0,1.0,0.0,0.0,1.0,0.0,90.0,90.0,1
2025-04-14 09:50:06,16.32,4.62,2.5,0.7,7.7,0.0,0.0,0.0,0.0,0.0,28.4,24.2,22.8,25.2,-128.7,21.2,0.0,1.0,1.0,1.0,0.0,0.0,1.0,0.0,90.0,90.0,1
2025-04-14 09:50:07,16.32,4.62,2.5,0.7,7.2,0.0,0.0,0.0,0.0,0.0,28.4,24.2,22.8,25.2,-128.7,21.2,0.0,1.0,1.0,1.0,0.0,0.0,1.0,0.0,90.0,90.0,1
2025-04-14 09:50:08,16.35,4.62,2.5,0.7,8.299999,0.0,0.0,0.0,0.0,0.0,28.4,24.2,22.8,25.2,-128.7,21.2,0.0,1.0,1.0,1.0,0.0,0.0,1.0,0.0,90.0,90.0,1
2025-04-14 09:50:09,16.33,4.61,2.5,0.7,8.0,0.0,0.0,0.0,0.0,0.0,28.4,24.2,22.8,25.2,-128.7,21.2,0.0,1.0,1.0,1.0,0.0,0.0,1.0,0.0,90.0,90.0,1
2025-04-14 09:50:10,16.35,4.62,2.5,0.7,7.8,0.0,0.0,0.0,0.0,0.0,28.4,24.2,22.8,25.2,-128.7,21.2,0.0,1.0,1.0,1.0,0.0,0.0,1.0,0.0,90.0,90.0,1
2025-04-14 09:50:11,16.35,4.63,2.5,0.7,7.4,0.0,0.0,0.0,0.0,0.0,28.4,24.3,22.8,25.2,-128.7,21.1,0.0,1.0,1.0,1.0,0.0,0.0,1.0,0.0,90.0,90.0,1
2025-04-14 09:50:12,16.32,4.62,2.5,0.7,7.0,0.0,0.0,0.0,0.0,0.0,28.4,24.3,22.8,25.2,-128.7,21.2,0.0,1.0,1.0,1.0,0.0,0.0,1.0,0.0,90.0,90.0,1
2025-04-14 09:50:13,16.33,4.62,2.5,0.7,7.099999,0.0,0.0,0.0,0.0,0.0,28.4,24.3,22.8,25.2,-128.7,21.1,0.0,1.0,1.0,1.0,0.0,0.0,1.0,0.0,90.0,90.0,1
2025-04-14 09:50:14,16.32,4.62,2.5,0.7,7.4,0.0,0.0,0.0,0.0,0.0,28.4,24.3,22.8,25.2,-128.7,21.3,0.0,1.0,1.0,1.0,0.0,0.0,1.0,0.0,90.0,90.0,1
2025-04-14 09:50:15,16.33,4.62,2.5,0.7,7.3,0.0,0.0,0.0,0.0,0.0,28.4,24.3,22.8,25.2,-128.7,21.2,0.0,1.0,1.0,1.0,0.0,0.0,1.0,0.0,90.0,90.0,1
2025-04-14 09:50:16,16.33,4.62,2.6,0.7,7.4,0.0,0.0,0.0,0.0,0.0,28.4,24.3,22.8,25.2,-128.7,21.2,0.0,1.0,1.0,1.0,0.0,0.0,1.0,0.0,90.0,90.0,1
2025-04-14 09:50:17,16.33,4.61,2.5,0.7,7.7,0.0,0.0,0.0,0.0,0.0,28.4,24.3,22.8,25.2,-128.7,21.2,0.0,1.0,1.0,1.0,0.0,0.0,1.0,0.0,90.0,90.0,1
2025-04-14 09:50:18,16.33,4.62,2.5,0.7,6.7,0.0,0.0,0.0,0.0,0.0,28.4,24.3,22.8,25.2,-128.7,21.2,0.0,1.0,1.0,1.0,0.0,0.0,1.0,0.0,90.0,90.0,1
2025-04-14 09:50:19,16.33,4.62,2.5,0.7,7.8,0.0,0.0,0.0,0.0,0.0,28.4,24.3,22.8,25.2,-128.7,21.2,0.0,1.0,1.0,1.0,0.0,0.0,1.0,0.0,90.0,90.0,1
2025-04-14 09:50:20,16.35,4.61,2.5,0.7,6.9,0.0,0.0,0.0,0.0,0.0,28.4,24.3,22.8,25.2,-128.7,21.3,0.0,1.0,1.0,1.0,0.0,0.0,1.0,0.0,90.0,90.0,1
2025-04-14 09:50:21,16.32,4.62,2.5,0.7,7.7,0.0,0.0,0.0,0.0,0.0,28.4,24.3,22.8,25.2,-128.7,21.2,0.0,1.0,1.0,1.0,0.0,0.0,1.0,0.0,90.0,90.0,1
2025-04-14 09:50:22,16.33,4.62,2.5,0.7,7.099999,0.0,0.0,0.0,0.0,0.0,28.4,24.3,22.8,25.2,-128.7,21.2,0.0,1.0,1.0,1.0,0.0,0.0,1.0,0.0,90.0,90.0,1
2025-04-14 09:50:23,16.35,4.6,2.5,0.7,7.099999,0.0,0.0,0.0,0.0,0.0,28.4,24.3,22.8,25.2,-128.7,21.2,0.0,1.0,1.0,1.0,0.0,0.0,1.0,0.0,90.0,90.0,1
2025-04-14 09:50:24,16.33,4.62,2.6,0.7,7.8,0.0,0.0,0.0,0.0,0.0,28.4,24.3,22.8,25.2,-128.7,21.2,0.0,1.0,1.0,1.0,0.0,0.0,1.0,0.0,90.0,90.0,1
2025-04-14 09:50:25,16.35,4.62,2.5,0.7,7.2,0.0,0.0,0.0,0.0,0.0,28.4,24.3,22.8,25.2,-128.7,21.2,0.0,1.0,1.0,1.0,0.0,0.0,1.0,0.0,90.0,90.0,1
2025-04-14 09:50:26,16.37,4.62,2.5,0.7,7.0,0.0,0.0,0.0,0.0,0.0,28.4,24.3,22.8,25.2,-128.7,21.2,0.0,1.0,1.0,1.0,0.0,0.0,1.0,0.0,90.0,90.0,1
2025-04-14 09:50:27,16.36,4.62,2.5,0.7,7.599999,0.0,0.0,0.0,0.0,0.0,28.4,24.3,22.8,25.2,-128.7,21.2,0.0,1.0,1.0,1.0,0.0,0.0,1.0,0.0,90.0,90.0,1
2025-04-14 09:50:28,16.36,4.62,2.5,0.7,7.0,0.0,0.0,0.0,0.0,0.0,28.4,24.3,22.8,25.2,-128.7,21.2,0.0,1.0,1.0,1.0,0.0,0.0,1.0,0.0,90.0,90.0,1
2025-04-14 09:50:29,16.37,4.61,2.5,0.7,8.299999,0.0,0.0,0.0,0.0,0.0,28.4,24.3,22.8,25.2,-128.7,21.2,0.0,1.0,1.0,1.0,0.0,0.0,1.0,0.0,90.0,90.0,1
2025-04-14 09:50:30,16.35,4.63,2.5,0.7,7.3,0.0,0.0,0.0,0.0,0.0,28.4,24.3,22.8,25.2,-128.7,21.2,0.0,1.0,1.0,1.0,0.0,0.0,1.0,0.0,90.0,90.0,1
2025-04-14 09:50:31,16.35,4.62,2.5,0.7,7.2,0.0,0.0,0.0,0.0,0.0,28.4,24.3,22.8,25.2,-128.7,21.2,0.0,1.0,1.0,1.0,0.0,0.0,1.0,0.0,90.0,90.0,1
2025-04-14 09:50:32,16.35,4.62,2.5,0.7,7.4,0.0,0.0,0.0,0.0,0.0,28.4,24.3,22.8,25.2,-128.7,21.2,0.0,1.0,1.0,1.0,0.0,0.0,1.0,0.0,90.0,90.0,1
2025-04-14 09:50:33,16.35,4.62,2.5,0.7,7.2,0.0,0.0,0.0,0.0,0.0,28.4,24.3,22.8,25.2,-128.7,21.2,0.0,1.0,1.0,1.0,0.0,0.0,1.0,0.0,90.0,90.0,1
2025-04-14 09:50:34,16.37,4.62,2.5,0.7,7.0,0.0,0.0,0.0,0.0,0.0,28.4,24.3,22.8,25.2,-128.7,21.2,0.0,1.0,1.0,1.0,0.0,0.0,1.0,0.0,90.0,90.0,1
2025-04-14 09:50:35,16.38,4.63,2.5,0.7,7.4,0.0,0.0,0.0,0.0,0.0,28.4,24.3,22.8,25.2,-128.7,21.1,0.0,1.0,1.0,1.0,0.0,0.0,1.0,0.0,90.0,90.0,1
2025-04-14 09:50:36,16.37,4.62,2.5,0.7,7.0,0.0,0.0,0.0,0.0,0.0,28.4,24.3,22.8,25.2,-128.7,21.2,0.0,1.0,1.0,1.0,0.0,0.0,1.0,0.0,90.0,90.0,1
2025-04-14 09:50:37,16.37,4.62,2.5,0.7,7.599999,0.0,0.0,0.0,0.0,0.0,28.4,24.3,22.8,25.2,-128.7,21.1,0.0,1.0,1.0,1.0,0.0,0.0,1.0,0.0,90.0,90.0,1
2025-04-14 09:50:38,16.37,4.64,2.5,0.7,7.5,0.0,0.0,0.0,0.0,0.0,28.4,24.3,22.8,25.2,-128.7,21.1,0.0,1.0,1.0,1.0,0.0,0.0,1.0,0.0,90.0,90.0,1
2025-04-14 09:50:39,16.37,4.62,2.5,0.7,7.4,0.0,0.0,0.0,0.0,0.0,28.4,24.3,22.8,25.2,-128.7,21.1,0.0,1.0,1.0,1.0,0.0,0.0,1.0,0.0,90.0,90.0,1
2025-04-14 09:50:40,16.37,4.64,2.5,0.7,7.5,0.0,0.0,0.0,0.0,0.0,28.4,24.3,22.8,25.2,-128.7,21.1,0.0,1.0,1.0,1.0,0.0,0.0,1.0,0.0,90.0,90.0,1
2025-04-14 09:50:41,16.37,4.63,2.5,0.7,7.2,0.0,0.0,0.0,0.0,0.0,28.4,24.3,22.8,25.2,-128.7,21.1,0.0,1.0,1.0,1.0,0.0,0.0,1.0,0.0,90.0,90.0,1
2025-04-14 09:50:42,16.37,4.62,2.5,0.7,7.4,0.0,0.0,0.0,0.0,0.0,28.4,24.3,22.8,25.2,-128.7,21.2,0.0,1.0,1.0,1.0,0.0,0.0,1.0,0.0,90.0,90.0,1
2025-04-14 09:50:43,16.37,4.64,2.5,0.7,7.0,0.0,0.0,0.0,0.0,0.0,28.4,24.3,22.8,25.2,-128.7,21.1,0.0,1.0,1.0,1.0,0.0,0.0,1.0,0.0,90.0,90.0,1
2025-04-14 09:50:44,16.37,4.64,2.5,0.7,7.2,0.0,0.0,0.0,0.0,0.0,28.4,24.3,22.8,25.2,-128.7,21.1,0.0,1.0,1.0,1.0,0.0,0.0,1.0,0.0,90.0,90.0,1
2025-04-14 09:50:45,16.38,4.62,2.6,0.7,7.4,0.0,0.0,0.0,0.0,0.0,28.4,24.3,22.8,25.2,-128.7,21.1,0.0,1.0,1.0,1.0,0.0,0.0,1.0,0.0,90.0,90.0,1
2025-04-14 09:50:46,16.38,4.64,2.5,0.7,7.0,0.0,0.0,0.0,0.0,0.0,28.4,24.3,22.8,25.2,-128.7,21.1,0.0,1.0,1.0,1.0,0.0,0.0,1.0,0.0,90.0,90.0,1
2025-04-14 09:50:47,16.4,4.62,2.5,0.7,7.2,0.0,0.0,0.0,0.0,0.0,28.4,24.3,22.8,25.2,-128.7,21.2,0.0,1.0,1.0,1.0,0.0,0.0,1.0,0.0,90.0,90.0,1
2025-04-14 09:50:48,16.38,4.65,2.5,0.7,7.599999,0.0,0.0,0.0,0.0,0.0,28.4,24.3,22.8,25.2,-128.7,21.1,0.0,1.0,1.0,1.0,0.0,0.0,1.0,0.0,90.0,90.0,1
2025-04-14 09:50:49,16.37,4.64,2.5,0.7,7.3,0.0,0.0,0.0,0.0,0.0,28.4,24.3,22.8,25.2,-128.7,21.1,0.0,1.0,1.0,1.0,0.0,0.0,1.0,0.0,90.0,90.0,1
2025-04-14 09:50:50,16.38,4.62,2.5,0.7,8.099999,0.0,0.0,0.0,0.0,0.0,28.4,24.3,22.8,25.2,-128.7,21.1,0.0,1.0,1.0,1.0,0.0,0.0,1.0,0.0,90.0,90.0,1
2025-04-14 09:50:51,16.37,4.64,2.5,0.7,7.4,0.0,0.0,0.0,0.0,0.0,28.4,24.3,22.8,25.2,-128.7,21.1,0.0,1.0,1.0,1.0,0.0,0.0,1.0,0.0,90.0,90.0,1
2025-04-14 09:50:52,16.37,4.63,2.5,0.7,7.5,0.0,0.0,0.0,0.0,0.0,28.4,24.3,22.8,25.2,-128.7,21.2,0.0,1.0,1.0,1.0,0.0,0.0,1.0,0.0,90.0,90.0,1
2025-04-14 09:50:53,16.38,4.62,2.5,0.7,7.5,0.0,0.0,0.0,0.0,0.0,28.4,24.3,22.8,25.2,-128.7,21.1,0.0,1.0,1.0,1.0,0.0,0.0,1.0,0.0,90.0,90.0,1
2025-04-14 09:50:54,16.38,4.64,2.5,0.7,7.0,0.0,0.0,0.0,0.0,0.0,28.4,24.3,22.8,25.2,-128.7,21.1,0.0,1.0,1.0,1.0,0.0,0.0,1.0,0.0,90.0,90.0,1
2025-04-14 09:50:55,16.4,4.62,2.5,0.7,7.4,0.0,0.0,0.0,0.0,0.0,28.4,24.3,22.8,25.2,-128.7,21.2,0.0,1.0,1.0,1.0,0.0,0.0,1.0,0.0,90.0,90.0,1
2025-04-14 09:50:56,16.4,4.64,2.5,0.7,7.8,0.0,0.0,0.0,0.0,0.0,28.4,24.3,22.8,25.2,-128.7,21.0,0.0,1.0,1.0,1.0,0.0,0.0,1.0,0.0,90.0,90.0,1
2025-04-14 09:50:57,16.41,4.64,2.5,0.7,7.3,0.0,0.0,0.0,0.0,0.0,28.4,24.3,22.8,25.2,-128.7,21.1,0.0,1.0,1.0,1.0,0.0,0.0,1.0,0.0,90.0,90.0,1
2025-04-14 09:50:58,16.4,4.63,2.5,0.7,7.7,0.0,0.0,0.0,0.0,0.0,28.4,24.3,22.8,25.2,-128.7,21.1,0.0,1.0,1.0,1.0,0.0,0.0,1.0,0.0,90.0,90.0,1
2025-04-14 09:50:59,16.41,4.65,2.5,0.7,7.2,0.0,0.0,0.0,0.0,0.0,28.4,24.3,22.8,25.2,-128.7,21.1,0.0,1.0,1.0,1.0,0.0,0.0,1.0,0.0,90.0,90.0,1
2025-04-14 09:51:00,16.38,4.62,2.5,0.7,7.2,0.0,0.0,0.0,0.0,0.0,28.4,24.3,22.8,25.2,-128.7,21.1,0.0,1.0,1.0,1.0,0.0,0.0,1.0,0.0,90.0,90.0,1
2025-04-14 09:51:01,16.38,4.64,2.5,0.7,8.099999,0.0,0.0,0.0,0.0,0.0,28.4,24.3,22.8,25.2,-128.7,21.1,0.0,1.0,1.0,1.0,0.0,0.0,1.0,0.0,90.0,90.0,1
2025-04-14 09:51:02,16.4,4.64,2.5,0.7,7.4,0.0,0.0,0.0,0.0,0.0,28.4,24.3,22.9,25.2,-128.7,21.0,0.0,1.0,1.0,1.0,0.0,0.0,1.0,0.0,90.0,90.0,1
2025-04-14 09:51:03,16.4,4.63,2.5,0.7,7.2,0.0,0.0,0.0,0.0,0.0,28.4,24.3,22.9,25.2,-128.7,21.1,0.0,1.0,1.0,1.0,0.0,0.0,1.0,0.0,90.0,90.0,1
2025-04-14 09:51:04,16.41,4.64,2.5,0.7,7.8,0.0,0.0,0.0,0.0,0.0,28.4,24.3,22.9,25.2,-128.7,21.0,0.0,1.0,1.0,1.0,0.0,0.0,1.0,0.0,90.0,90.0,1
2025-04-14 09:51:05,16.4,4.63,2.5,0.7,7.0,0.0,0.0,0.0,0.0,0.0,28.4,24.3,22.9,25.2,-128.7,21.1,0.0,1.0,1.0,1.0,0.0,0.0,1.0,0.0,90.0,90.0,1
2025-04-14 09:51:06,16.41,4.63,2.5,0.7,7.2,0.0,0.0,0.0,0.0,0.0,28.4,24.3,22.9,25.2,-128.7,21.0,0.0,1.0,1.0,1.0,0.0,0.0,1.0,0.0,90.0,90.0,1
2025-04-14 09:51:07,16.41,4.64,2.5,0.7,7.2,0.0,0.0,0.0,0.0,0.0,28.4,24.3,22.9,25.2,-128.7,21.2,0.0,1.0,1.0,1.0,0.0,0.0,1.0,0.0,90.0,90.0,1
2025-04-14 09:51:08,16.41,4.62,2.5,0.7,7.2,0.0,0.0,0.0,0.0,0.0,28.4,24.3,22.9,25.2,-128.7,21.2,0.0,1.0,1.0,1.0,0.0,0.0,1.0,0.0,90.0,90.0,1
2025-04-14 09:51:09,16.41,4.65,2.5,0.7,7.599999,0.0,0.0,0.0,0.0,0.0,28.4,24.3,22.9,25.2,-128.7,21.1,0.0,1.0,1.0,1.0,0.0,0.0,1.0,0.0,90.0,90.0,1
2025-04-14 09:51:10,16.42,4.63,2.5,0.7,8.099999,0.0,0.0,0.0,0.0,0.0,28.4,24.3,22.9,25.2,-128.7,21.1,0.0,1.0,1.0,1.0,0.0,0.0,1.0,0.0,90.0,90.0,1
2025-04-14 09:51:11,16.43,4.63,2.5,0.7,8.0,0.0,0.0,0.0,0.0,0.0,28.4,24.3,22.9,25.2,-128.7,21.1,0.0,1.0,1.0,1.0,0.0,0.0,1.0,0.0,90.0,90.0,1
2025-04-14 09:51:12,16.42,4.63,2.5,0.7,7.2,0.0,0.0,0.0,0.0,0.0,28.4,24.3,22.9,25.2,-128.7,21.1,0.0,1.0,1.0,1.0,0.0,0.0,1.0,0.0,90.0,90.0,1
2025-04-14 09:51:13,16.4,4.64,2.5,0.7,7.7,0.0,0.0,0.0,0.0,0.0,28.4,24.3,22.9,25.2,-128.7,21.2,0.0,1.0,1.0,1.0,0.0,0.0,1.0,0.0,90.0,90.0,1
2025-04-14 09:51:14,16.4,4.63,2.5,0.7,7.2,0.0,0.0,0.0,0.0,0.0,28.4,24.3,22.9,25.2,-128.7,21.0,0.0,1.0,1.0,1.0,0.0,0.0,1.0,0.0,90.0,90.0,1
2025-04-14 09:51:15,16.4,4.65,2.5,0.7,7.3,0.0,0.0,0.0,0.0,0.0,28.4,24.3,22.9,25.2,-128.7,21.0,0.0,1.0,1.0,1.0,0.0,0.0,1.0,0.0,90.0,90.0,1
2025-04-14 09:51:16,16.42,4.63,2.5,0.7,6.9,0.0,0.0,0.0,0.0,0.0,28.4,24.3,22.9,25.2,-128.7,21.2,0.0,1.0,1.0,1.0,0.0,0.0,1.0,0.0,90.0,90.0,1
2025-04-14 09:51:17,16.41,4.65,2.5,0.7,7.4,0.0,0.0,0.0,0.0,0.0,28.4,24.3,22.9,25.2,-128.7,21.0,0.0,1.0,1.0,1.0,0.0,0.0,1.0,0.0,90.0,90.0,1
2025-04-14 09:51:18,16.43,4.64,2.5,0.7,7.5,0.0,0.0,0.0,0.0,0.0,28.4,24.3,22.9,25.2,-128.7,21.1,0.0,1.0,1.0,1.0,0.0,0.0,1.0,0.0,90.0,90.0,1
2025-04-14 09:51:19,16.42,4.64,2.5,0.7,7.4,0.0,0.0,0.0,0.0,0.0,28.4,24.3,23.0,25.2,-128.7,21.1,0.0,1.0,1.0,1.0,0.0,0.0,1.0,0.0,90.0,90.0,1
2025-04-14 09:51:20,16.42,4.65,2.5,0.7,7.8,0.0,0.0,0.0,0.0,0.0,28.4,24.3,23.0,25.2,-128.7,21.1,0.0,1.0,1.0,1.0,0.0,0.0,1.0,0.0,90.0,90.0,1
2025-04-14 09:51:21,16.42,4.63,2.5,0.7,8.0,0.0,0.0,0.0,0.0,0.0,28.4,24.3,23.0,25.2,-128.7,21.1,0.0,1.0,1.0,1.0,0.0,0.0,1.0,0.0,90.0,90.0,1
2025-04-14 09:51:22,16.41,4.64,2.5,0.7,7.0,0.0,0.0,0.0,0.0,0.0,28.4,24.3,23.0,25.2,-128.7,21.0,0.0,1.0,1.0,1.0,0.0,0.0,1.0,0.0,90.0,90.0,1
2025-04-14 09:51:23,16.42,4.65,2.5,0.7,7.2,0.0,0.0,0.0,0.0,0.0,28.4,24.3,23.0,25.2,-128.7,21.0,0.0,1.0,1.0,1.0,0.0,0.0,1.0,0.0,90.0,90.0,1
2025-04-14 09:51:24,16.41,4.63,2.5,0.7,7.9,0.0,0.0,0.0,0.0,0.0,28.4,24.4,23.0,25.2,-128.7,21.1,0.0,1.0,1.0,1.0,0.0,0.0,1.0,0.0,90.0,90.0,1
2025-04-14 09:51:25,16.41,4.65,2.5,0.7,7.9,0.0,0.0,0.0,0.0,0.0,28.4,24.4,23.0,25.2,-128.7,21.0,0.0,1.0,1.0,1.0,0.0,0.0,1.0,0.0,90.0,90.0,1
2025-04-14 09:51:26,16.41,4.65,2.5,0.7,6.7,0.0,0.0,0.0,0.0,0.0,28.4,24.4,23.0,25.2,-128.7,21.1,0.0,1.0,1.0,1.0,0.0,0.0,1.0,0.0,90.0,90.0,1
2025-04-14 09:51:27,16.41,4.63,2.5,0.7,7.7,0.0,0.0,0.0,0.0,0.0,28.4,24.4,23.0,25.2,-128.7,21.0,0.0,1.0,1.0,1.0,0.0,0.0,1.0,0.0,90.0,90.0,1
2025-04-14 09:51:28,16.42,4.65,2.5,0.7,8.0,0.0,0.0,0.0,0.0,0.0,28.4,24.4,23.0,25.2,-128.7,21.1,0.0,1.0,1.0,1.0,0.0,0.0,1.0,0.0,90.0,90.0,1
2025-04-14 09:51:29,16.42,4.63,2.5,0.7,6.8,0.0,0.0,0.0,0.0,0.0,28.4,24.4,23.0,25.2,-128.7,21.1,0.0,1.0,1.0,1.0,0.0,0.0,1.0,0.0,90.0,90.0,1
2025-04-14 09:51:30,16.43,4.64,2.5,0.7,7.5,0.0,0.0,0.0,0.0,0.0,28.4,24.4,23.0,25.2,-128.7,21.1,0.0,1.0,1.0,1.0,0.0,0.0,1.0,0.0,90.0,90.0,1
2025-04-14 09:51:31,16.42,4.64,2.5,0.7,7.3,0.0,0.0,0.0,0.0,0.0,28.4,24.4,23.0,25.2,-128.7,21.1,0.0,1.0,1.0,1.0,0.0,0.0,1.0,0.0,90.0,90.0,1
2025-04-14 09:51:32,16.42,4.63,2.5,0.7,8.2,0.0,0.0,0.0,0.0,0.0,28.4,24.4,23.0,25.2,-128.7,21.1,0.0,1.0,1.0,1.0,0.0,0.0,1.0,0.0,90.0,90.0,1
2025-04-14 09:51:33,16.42,4.65,2.5,0.7,7.7,0.0,0.0,0.0,0.0,0.0,28.4,24.4,23.0,25.2,-128.7,21.1,0.0,1.0,1.0,1.0,0.0,0.0,1.0,0.0,90.0,90.0,1
2025-04-14 09:51:34,16.41,4.63,2.5,0.7,7.2,0.0,0.0,0.0,0.0,0.0,28.4,24.4,23.1,25.2,-128.7,21.1,0.0,1.0,1.0,1.0,0.0,0.0,1.0,0.0,90.0,90.0,1
2025-04-14 09:51:35,16.4,4.63,2.5,0.7,7.599999,0.0,0.0,0.0,0.0,0.0,28.4,24.4,23.1,25.2,-128.7,21.1,0.0,1.0,1.0,1.0,0.0,0.0,1.0,0.0,90.0,90.0,1
2025-04-14 09:51:36,16.4,4.65,2.6,0.7,7.5,0.0,0.0,0.0,0.0,0.0,28.4,24.4,23.1,25.2,-128.7,21.1,0.0,1.0,1.0,1.0,0.0,0.0,1.0,0.0,90.0,90.0,1
2025-04-14 09:51:37,16.41,4.63,2.5,0.7,6.9,0.0,0.0,0.0,0.0,0.0,28.4,24.4,23.1,25.2,-128.7,21.0,0.0,1.0,1.0,1.0,0.0,0.0,1.0,0.0,90.0,90.0,1
2025-04-14 09:51:38,16.38,4.63,2.5,0.7,6.9,0.0,0.0,0.0,0.0,0.0,28.4,24.4,23.1,25.2,-128.7,21.1,0.0,1.0,1.0,1.0,0.0,0.0,1.0,0.0,90.0,90.0,1
2025-04-14 09:51:39,16.41,4.63,2.5,0.7,7.5,0.0,0.0,0.0,0.0,0.0,28.4,24.4,23.1,25.2,-128.7,21.1,0.0,1.0,1.0,1.0,0.0,0.0,1.0,0.0,90.0,90.0,1
2025-04-14 09:51:40,16.41,4.64,2.5,0.7,7.7,0.0,0.0,0.0,0.0,0.0,28.4,24.4,23.1,25.2,-128.7,21.1,0.0,1.0,1.0,1.0,0.0,0.0,1.0,0.0,90.0,90.0,1
2025-04-14 09:51:41,16.41,4.62,2.5,0.7,7.8,0.0,0.0,0.0,0.0,0.0,28.4,24.4,23.1,25.2,-128.7,21.2,0.0,1.0,1.0,1.0,0.0,0.0,1.0,0.0,90.0,90.0,1
2025-04-14 09:51:42,16.4,4.63,2.5,0.7,7.2,0.0,0.0,0.0,0.0,0.0,28.4,24.4,23.1,25.2,-128.7,21.1,0.0,1.0,1.0,1.0,0.0,0.0,1.0,0.0,90.0,90.0,1
2025-04-14 09:51:43,16.41,4.63,2.5,0.7,7.5,0.0,0.0,0.0,0.0,0.0,28.4,24.4,23.1,25.2,-128.7,21.1,0.0,1.0,1.0,1.0,0.0,0.0,1.0,0.0,90.0,90.0,1
2025-04-14 09:51:44,16.42,4.62,2.6,0.7,8.4,0.0,0.0,0.0,0.0,0.0,28.4,24.4,23.1,25.2,-128.7,21.1,0.0,1.0,1.0,1.0,0.0,0.0,1.0,0.0,90.0,90.0,1
2025-04-14 09:51:45,16.42,4.63,2.5,0.7,7.5,0.0,0.0,0.0,0.0,0.0,28.4,24.4,23.1,25.2,-128.7,21.1,0.0,1.0,1.0,1.0,0.0,0.0,1.0,0.0,90.0,90.0,1
2025-04-14 09:51:46,16.41,4.62,2.5,0.7,7.5,0.0,0.0,0.0,0.0,0.0,28.4,24.4,23.1,25.2,-128.7,21.2,0.0,1.0,1.0,1.0,0.0,0.0,1.0,0.0,90.0,90.0,1
2025-04-14 09:51:47,16.41,4.63,2.5,0.7,7.9,0.0,0.0,0.0,0.0,0.0,28.4,24.4,23.2,25.2,-128.7,21.1,0.0,1.0,1.0,1.0,0.0,0.0,1.0,0.0,90.0,90.0,1
2025-04-14 09:51:48,16.42,4.62,2.5,0.7,7.4,0.0,0.0,0.0,0.0,0.0,28.4,24.4,23.2,25.2,-128.7,21.2,0.0,1.0,1.0,1.0,0.0,0.0,1.0,0.0,90.0,90.0,1
2025-04-14 09:51:49,16.42,4.62,2.5,0.7,7.9,0.0,0.0,0.0,0.0,0.0,28.4,24.4,23.2,25.2,-128.7,21.1,0.0,1.0,1.0,1.0,0.0,0.0,1.0,0.0,90.0,90.0,1
2025-04-14 09:51:50,16.41,4.62,2.5,0.7,7.2,0.0,0.0,0.0,0.0,0.0,28.4,24.4,23.2,25.2,-128.7,21.2,0.0,1.0,1.0,1.0,0.0,0.0,1.0,0.0,90.0,90.0,1
2025-04-14 09:51:51,16.42,4.62,2.5,0.7,8.299999,0.0,0.0,0.0,0.0,0.0,28.4,24.4,23.2,25.2,-128.7,21.2,0.0,1.0,1.0,1.0,0.0,0.0,1.0,0.0,90.0,90.0,1
2025-04-14 09:51:52,16.41,4.62,2.5,0.7,7.4,0.0,0.0,0.0,0.0,0.0,28.4,24.4,23.2,25.2,-128.7,21.2,0.0,1.0,1.0,1.0,0.0,0.0,1.0,0.0,90.0,90.0,1
2025-04-14 09:51:53,16.38,4.61,2.5,0.7,7.3,0.0,0.0,0.0,0.0,0.0,28.4,24.4,23.2,25.2,-128.7,21.3,0.0,1.0,1.0,1.0,0.0,0.0,1.0,0.0,90.0,90.0,1
2025-04-14 09:51:54,16.4,4.62,2.5,0.7,7.599999,0.0,0.0,0.0,0.0,0.0,28.4,24.4,23.2,25.2,-128.7,21.2,0.0,1.0,1.0,1.0,0.0,0.0,1.0,0.0,90.0,90.0,1
2025-04-14 09:51:55,16.38,4.62,2.5,0.7,7.7,0.0,0.0,0.0,0.0,0.0,28.4,24.4,23.2,25.2,-128.7,21.3,0.0,1.0,1.0,1.0,0.0,0.0,1.0,0.0,90.0,90.0,1
2025-04-14 09:51:56,16.37,4.61,2.5,0.7,7.099999,0.0,0.0,0.0,0.0,0.0,28.4,24.4,23.2,25.2,-128.7,21.2,0.0,1.0,1.0,1.0,0.0,0.0,1.0,0.0,90.0,90.0,1
2025-04-14 09:51:57,16.37,4.62,2.5,0.7,7.2,0.0,0.0,0.0,0.0,0.0,28.4,24.4,23.2,25.2,-128.7,21.3,0.0,1.0,1.0,1.0,0.0,0.0,1.0,0.0,90.0,90.0,1
2025-04-14 09:51:58,16.38,4.6,2.5,0.7,7.0,0.0,0.0,0.0,0.0,0.0,28.4,24.4,23.2,25.3,-128.7,21.4,0.0,1.0,1.0,1.0,0.0,0.0,1.0,0.0,90.0,90.0,1
2025-04-14 09:51:59,16.38,4.62,2.5,0.7,7.0,0.0,0.0,0.0,0.0,0.0,28.4,24.4,23.2,25.3,-128.7,21.3,0.0,1.0,1.0,1.0,0.0,0.0,1.0,0.0,90.0,90.0,1
2025-04-14 09:52:00,16.37,4.6,2.5,0.7,7.099999,0.0,0.0,0.0,0.0,0.0,28.4,24.4,23.3,25.3,-128.7,21.4,0.0,1.0,1.0,1.0,0.0,0.0,1.0,0.0,90.0,90.0,1
2025-04-14 09:52:01,16.37,4.62,2.5,0.7,7.9,0.0,0.0,0.0,0.0,0.0,28.4,24.4,23.3,25.3,-128.7,21.3,0.0,1.0,1.0,1.0,0.0,0.0,1.0,0.0,90.0,90.0,1
2025-04-14 09:52:02,16.38,4.61,2.5,0.7,7.0,0.0,0.0,0.0,0.0,0.0,28.4,24.4,23.3,25.3,-128.7,21.4,0.0,1.0,1.0,1.0,0.0,0.0,1.0,0.0,90.0,90.0,1
2025-04-14 09:52:03,16.37,4.6,2.5,0.7,7.9,0.0,0.0,0.0,0.0,0.0,28.4,24.4,23.3,25.3,-128.7,21.3,0.0,1.0,1.0,1.0,0.0,0.0,1.0,0.0,90.0,90.0,1
2025-04-14 09:52:04,16.38,4.61,2.5,0.7,7.2,0.0,0.0,0.0,0.0,0.0,28.4,24.4,23.3,25.3,-128.7,21.4,0.0,1.0,1.0,1.0,0.0,0.0,1.0,0.0,90.0,90.0,1
2025-04-14 09:52:05,16.4,4.59,2.5,0.7,7.4,0.0,0.0,0.0,0.0,0.0,28.4,24.4,23.3,25.3,-128.7,21.3,0.0,1.0,1.0,1.0,0.0,0.0,1.0,0.0,90.0,90.0,1
2025-04-14 09:52:06,16.38,4.62,2.5,0.7,7.7,0.0,0.0,0.0,0.0,0.0,28.4,24.4,23.3,25.3,-128.7,21.4,0.0,1.0,1.0,1.0,0.0,0.0,1.0,0.0,90.0,90.0,1
2025-04-14 09:52:07,16.37,4.59,2.5,0.7,6.8,0.0,0.0,0.0,0.0,0.0,28.4,24.4,23.3,25.3,-128.7,21.4,0.0,1.0,1.0,1.0,0.0,0.0,1.0,0.0,90.0,90.0,1
2025-04-14 09:52:08,16.38,4.62,2.5,0.7,7.2,0.0,0.0,0.0,0.0,0.0,28.4,24.4,23.3,25.3,-128.7,21.3,0.0,1.0,1.0,1.0,0.0,0.0,1.0,0.0,90.0,90.0,1
2025-04-14 09:52:09,16.38,4.61,2.5,0.7,7.7,0.0,0.0,0.0,0.0,0.0,28.4,24.4,23.3,25.3,-128.7,21.4,0.0,1.0,1.0,1.0,0.0,0.0,1.0,0.0,90.0,90.0,1
2025-04-14 09:52:10,16.4,4.6,2.5,0.7,6.7,0.0,0.0,0.0,0.0,0.0,28.4,24.4,23.3,25.3,-128.7,21.4,0.0,1.0,1.0,1.0,0.0,0.0,1.0,0.0,90.0,90.0,1
2025-04-14 09:52:11,16.38,4.61,2.5,0.7,7.099999,0.0,0.0,0.0,0.0,0.0,28.4,24.4,23.3,25.3,-128.7,21.4,0.0,1.0,1.0,1.0,0.0,0.0,1.0,0.0,90.0,90.0,1
2025-04-14 09:52:12,16.38,4.6,2.5,0.7,7.9,0.0,0.0,0.0,0.0,0.0,28.4,24.4,23.3,25.3,-128.7,21.3,0.0,1.0,1.0,1.0,0.0,0.0,1.0,0.0,90.0,90.0,1
2025-04-14 09:52:13,16.4,4.61,2.5,0.7,7.4,0.0,0.0,0.0,0.0,0.0,28.4,24.4,23.3,25.3,-128.7,21.4,0.0,1.0,1.0,1.0,0.0,0.0,1.0,0.0,90.0,90.0,1
2025-04-14 09:52:14,16.38,4.59,2.5,0.7,7.7,0.0,0.0,0.0,0.0,0.0,28.4,24.4,23.3,25.3,-128.7,21.5,0.0,1.0,1.0,1.0,0.0,0.0,1.0,0.0,90.0,90.0,1
2025-04-14 09:52:15,16.37,4.6,2.5,0.7,7.8,0.0,0.0,0.0,0.0,0.0,28.4,24.4,23.3,25.3,-128.7,21.3,0.0,1.0,1.0,1.0,0.0,0.0,1.0,0.0,90.0,90.0,1
2025-04-14 09:52:16,16.36,4.59,2.5,0.7,7.8,0.0,0.0,0.0,0.0,0.0,28.4,24.4,23.3,25.3,-128.7,21.5,0.0,1.0,1.0,1.0,0.0,0.0,1.0,0.0,90.0,90.0,1
2025-04-14 09:52:17,16.36,4.59,2.5,0.7,7.7,0.0,0.0,0.0,0.0,0.0,28.4,24.4,23.4,25.3,-128.7,21.4,0.0,1.0,1.0,1.0,0.0,0.0,1.0,0.0,90.0,90.0,1
2025-04-14 09:52:18,16.35,4.6,2.5,0.7,7.4,0.0,0.0,0.0,0.0,0.0,28.4,24.4,23.4,25.3,-128.7,21.5,0.0,1.0,1.0,1.0,0.0,0.0,1.0,0.0,90.0,90.0,1
2025-04-14 09:52:19,16.35,4.59,2.5,0.7,7.0,0.0,0.0,0.0,0.0,0.0,28.4,24.4,23.4,25.3,-128.7,21.4,0.0,1.0,1.0,1.0,0.0,0.0,1.0,0.0,90.0,90.0,1
2025-04-14 09:52:20,16.36,4.61,2.5,0.7,7.8,0.0,0.0,0.0,0.0,0.0,28.4,24.4,23.4,25.3,-128.7,21.4,0.0,1.0,1.0,1.0,0.0,0.0,1.0,0.0,90.0,90.0,1
2025-04-14 09:52:21,16.35,4.59,2.5,0.7,7.3,0.0,0.0,0.0,0.0,0.0,28.4,24.4,23.4,25.3,-128.7,21.5,0.0,1.0,1.0,1.0,0.0,0.0,1.0,0.0,90.0,90.0,1
2025-04-14 09:52:22,16.37,4.6,2.5,0.7,7.4,0.0,0.0,0.0,0.0,0.0,28.4,24.4,23.4,25.3,-128.7,21.4,0.0,1.0,1.0,1.0,0.0,0.0,1.0,0.0,90.0,90.0,1
2025-04-14 09:52:23,16.36,4.59,2.5,0.7,7.099999,0.0,0.0,0.0,0.0,0.0,28.3,24.4,23.4,25.3,-128.7,21.5,0.0,1.0,1.0,1.0,0.0,0.0,1.0,0.0,90.0,90.0,1
2025-04-14 09:52:24,16.37,4.59,2.5,0.7,7.2,0.0,0.0,0.0,0.0,0.0,28.3,24.4,23.4,25.3,-128.7,21.4,0.0,1.0,1.0,1.0,0.0,0.0,1.0,0.0,90.0,90.0,1
2025-04-14 09:52:25,16.36,4.61,2.5,0.7,8.0,0.0,0.0,0.0,0.0,0.0,28.3,24.4,23.4,25.3,-128.7,21.4,0.0,1.0,1.0,1.0,0.0,0.0,1.0,0.0,90.0,90.0,1
2025-04-14 09:52:26,16.37,4.59,2.5,0.7,7.3,0.0,0.0,0.0,0.0,0.0,28.3,24.4,23.4,25.3,-128.7,21.4,0.0,1.0,1.0,1.0,0.0,0.0,1.0,0.0,90.0,90.0,1
2025-04-14 09:52:27,16.37,4.61,2.6,0.7,7.2,0.0,0.0,0.0,0.0,0.0,28.3,24.4,23.4,25.3,-128.7,21.4,0.0,1.0,1.0,1.0,0.0,0.0,1.0,0.0,90.0,90.0,1
2025-04-14 09:52:28,16.37,4.6,2.5,0.7,7.599999,0.0,0.0,0.0,0.0,0.0,28.3,24.4,23.4,25.3,-128.7,21.4,0.0,1.0,1.0,1.0,0.0,0.0,1.0,0.0,90.0,90.0,1
2025-04-14 09:52:29,16.36,4.59,2.5,0.7,7.7,0.0,0.0,0.0,0.0,0.0,28.3,24.4,23.4,25.3,-128.7,21.4,0.0,1.0,1.0,1.0,0.0,0.0,1.0,0.0,90.0,90.0,1
2025-04-14 09:52:30,16.35,4.6,2.5,0.7,7.2,0.0,0.0,0.0,0.0,0.0,28.3,24.4,23.4,25.3,-128.7,21.5,0.0,1.0,1.0,1.0,0.0,0.0,1.0,0.0,90.0,90.0,1
2025-04-14 09:52:31,16.36,4.59,2.5,0.7,7.5,0.0,0.0,0.0,0.0,0.0,28.3,24.4,23.4,25.3,-128.7,21.4,0.0,1.0,1.0,1.0,0.0,0.0,1.0,0.0,90.0,90.0,1
2025-04-14 09:52:32,16.35,4.6,2.5,0.7,6.7,0.0,0.0,0.0,0.0,0.0,28.3,24.4,23.4,25.3,-128.7,21.4,0.0,1.0,1.0,1.0,0.0,0.0,1.0,0.0,90.0,90.0,1
2025-04-14 09:52:33,16.37,4.59,2.5,0.7,7.0,0.0,0.0,0.0,0.0,0.0,28.3,24.4,23.4,25.3,-128.7,21.5,0.0,1.0,1.0,1.0,0.0,0.0,1.0,0.0,90.0,90.0,1
2025-04-14 09:52:34,16.37,4.61,2.5,0.7,7.7,0.0,0.0,0.0,0.0,0.0,28.3,24.4,23.4,25.3,-128.7,21.4,0.0,1.0,1.0,1.0,0.0,0.0,1.0,0.0,90.0,90.0,1
2025-04-14 09:52:35,16.36,4.59,2.5,0.7,6.5,0.0,0.0,0.0,0.0,0.0,28.3,24.4,23.4,25.3,-128.7,21.5,0.0,1.0,1.0,1.0,0.0,0.0,1.0,0.0,90.0,90.0,1
2025-04-14 09:52:36,16.35,4.6,2.5,0.7,7.3,0.0,0.0,0.0,0.0,0.0,28.3,24.4,23.4,25.3,-128.7,21.4,0.0,1.0,1.0,1.0,0.0,0.0,1.0,0.0,90.0,90.0,1
2025-04-14 09:52:37,16.36,4.6,2.5,0.7,7.7,0.0,0.0,0.0,0.0,0.0,28.3,24.4,23.4,25.3,-128.7,21.5,0.0,1.0,1.0,1.0,0.0,0.0,1.0,0.0,90.0,90.0,1
2025-04-14 09:52:38,16.35,4.6,2.5,0.7,7.0,0.0,0.0,0.0,0.0,0.0,28.3,24.4,23.4,25.3,-128.7,21.4,0.0,1.0,1.0,1.0,0.0,0.0,1.0,0.0,90.0,90.0,1
2025-04-14 09:52:39,16.35,4.6,2.5,0.7,7.2,0.0,0.0,0.0,0.0,0.0,28.3,24.4,23.4,25.3,-128.7,21.4,0.0,1.0,1.0,1.0,0.0,0.0,1.0,0.0,90.0,90.0,1
2025-04-14 09:52:40,16.32,4.59,2.5,0.7,7.5,0.0,0.0,0.0,0.0,0.0,28.3,24.4,23.4,25.3,-128.7,21.5,0.0,1.0,1.0,1.0,0.0,0.0,1.0,0.0,90.0,90.0,1
2025-04-14 09:52:41,16.33,4.6,2.5,0.7,7.0,0.0,0.0,0.0,0.0,0.0,28.3,24.4,23.4,25.3,-128.7,21.4,0.0,1.0,1.0,1.0,0.0,0.0,1.0,0.0,90.0,90.0,1
2025-04-14 09:52:42,16.33,4.59,2.5,0.7,7.5,0.0,0.0,0.0,0.0,0.0,28.3,24.4,23.4,25.3,-128.7,21.5,0.0,1.0,1.0,1.0,0.0,0.0,1.0,0.0,90.0,90.0,1
2025-04-14 09:52:43,16.35,4.6,2.5,0.7,7.2,0.0,0.0,0.0,0.0,0.0,28.3,24.4,23.4,25.3,-128.7,21.4,0.0,1.0,1.0,1.0,0.0,0.0,1.0,0.0,90.0,90.0,1
2025-04-14 09:52:44,16.33,4.59,2.5,0.7,7.2,0.0,0.0,0.0,0.0,0.0,28.3,24.4,23.4,25.3,-128.7,21.5,0.0,1.0,1.0,1.0,0.0,0.0,1.0,0.0,90.0,90.0,1
2025-04-14 09:52:45,16.35,4.59,2.5,0.7,7.2,0.0,0.0,0.0,0.0,0.0,28.3,24.4,23.5,25.3,-128.7,21.4,0.0,1.0,1.0,1.0,0.0,0.0,1.0,0.0,90.0,90.0,1
2025-04-14 09:52:46,16.35,4.6,2.5,0.7,7.2,0.0,0.0,0.0,0.0,0.0,28.3,24.4,23.5,25.3,-128.7,21.5,0.0,1.0,1.0,1.0,0.0,0.0,1.0,0.0,90.0,90.0,1
2025-04-14 09:52:47,16.35,4.59,2.5,0.7,7.099999,0.0,0.0,0.0,0.0,0.0,28.3,24.4,23.5,25.3,-128.7,21.5,0.0,1.0,1.0,1.0,0.0,0.0,1.0,0.0,90.0,90.0,1
2025-04-14 09:52:48,16.33,4.61,2.5,0.7,8.099999,0.0,0.0,0.0,0.0,0.0,28.3,24.4,23.5,25.3,-128.7,21.5,0.0,1.0,1.0,1.0,0.0,0.0,1.0,0.0,90.0,90.0,1
2025-04-14 09:52:49,16.35,4.59,2.5,0.7,7.599999,0.0,0.0,0.0,0.0,0.0,28.3,24.4,23.5,25.3,-128.7,21.5,0.0,1.0,1.0,1.0,0.0,0.0,1.0,0.0,90.0,90.0,1
2025-04-14 09:52:50,16.35,4.6,2.5,0.7,6.7,0.0,0.0,0.0,0.0,0.0,28.3,24.4,23.5,25.3,-128.7,21.4,0.0,1.0,1.0,1.0,0.0,0.0,1.0,0.0,90.0,90.0,1
2025-04-14 09:52:51,16.36,4.59,2.5,0.7,7.4,0.0,0.0,0.0,0.0,0.0,28.3,24.4,23.5,25.3,-128.7,21.5,0.0,1.0,1.0,1.0,0.0,0.0,1.0,0.0,90.0,90.0,1
2025-04-14 09:52:52,16.35,4.6,2.5,0.7,7.2,0.0,0.0,0.0,0.0,0.0,28.3,24.4,23.5,25.3,-128.7,21.4,0.0,1.0,1.0,1.0,0.0,0.0,1.0,0.0,90.0,90.0,1
2025-04-14 09:52:53,16.35,4.61,2.5,0.7,7.599999,0.0,0.0,0.0,0.0,0.0,28.3,24.4,23.5,25.3,-128.7,21.5,0.0,1.0,1.0,1.0,0.0,0.0,1.0,0.0,90.0,90.0,1
2025-04-14 09:52:54,16.36,4.59,2.5,0.7,8.2,0.0,0.0,0.0,0.0,0.0,28.3,24.4,23.5,25.3,-128.7,21.5,0.0,1.0,1.0,1.0,0.0,0.0,1.0,0.0,90.0,90.0,1
2025-04-14 09:52:55,16.35,4.61,2.5,0.7,7.2,0.0,0.0,0.0,0.0,0.0,28.3,24.4,23.5,25.3,-128.7,21.4,0.0,1.0,1.0,1.0,0.0,0.0,1.0,0.0,90.0,90.0,1
2025-04-14 09:52:56,16.36,4.59,2.5,0.7,7.5,0.0,0.0,0.0,0.0,0.0,28.3,24.4,23.5,25.3,-128.7,21.5,0.0,1.0,1.0,1.0,0.0,0.0,1.0,0.0,90.0,90.0,1
2025-04-14 09:52:57,16.37,4.61,2.5,0.7,7.0,0.0,0.0,0.0,0.0,0.0,28.3,24.4,23.5,25.3,-128.7,21.4,0.0,1.0,1.0,1.0,0.0,0.0,1.0,0.0,90.0,90.0,1
2025-04-14 09:52:58,16.35,4.6,2.5,0.7,7.599999,0.0,0.0,0.0,0.0,0.0,28.3,24.4,23.5,25.3,-128.7,21.4,0.0,1.0,1.0,1.0,0.0,0.0,1.0,0.0,90.0,90.0,1
2025-04-14 09:52:59,16.35,4.6,2.5,0.7,7.2,0.0,0.0,0.0,0.0,0.0,28.3,24.4,23.5,25.3,-128.7,21.4,0.0,1.0,1.0,1.0,0.0,0.0,1.0,0.0,90.0,90.0,1
2025-04-14 09:53:00,16.35,4.61,2.5,0.7,7.2,0.0,0.0,0.0,0.0,0.0,28.3,24.4,23.5,25.3,-128.7,21.5,0.0,1.0,1.0,1.0,0.0,0.0,1.0,0.0,90.0,90.0,1
2025-04-14 09:53:01,16.35,4.6,2.5,0.7,7.2,0.0,0.0,0.0,0.0,0.0,28.3,24.4,23.5,25.3,-128.7,21.5,0.0,1.0,1.0,1.0,0.0,0.0,1.0,0.0,90.0,90.0,1
2025-04-14 09:53:02,16.33,4.62,2.5,0.7,7.2,0.0,0.0,0.0,0.0,0.0,28.3,24.4,23.5,25.3,-128.7,21.4,0.0,1.0,1.0,1.0,0.0,0.0,1.0,0.0,90.0,90.0,1
2025-04-14 09:53:03,16.33,4.6,2.5,0.7,6.9,0.0,0.0,0.0,0.0,0.0,28.3,24.4,23.5,25.4,-128.7,21.5,0.0,1.0,1.0,1.0,0.0,0.0,1.0,0.0,90.0,90.0,1
2025-04-14 09:53:04,16.35,4.62,2.5,0.7,7.0,0.0,0.0,0.0,0.0,0.0,28.3,24.4,23.5,25.4,-128.7,21.4,0.0,1.0,1.0,1.0,0.0,0.0,1.0,0.0,90.0,90.0,1
2025-04-14 09:53:05,16.35,4.61,2.5,0.7,6.9,0.0,0.0,0.0,0.0,0.0,28.3,24.4,23.5,25.4,-128.7,21.5,0.0,1.0,1.0,1.0,0.0,0.0,1.0,0.0,90.0,90.0,1
2025-04-14 09:53:06,16.33,4.61,2.5,0.7,7.099999,0.0,0.0,0.0,0.0,0.0,28.4,24.4,23.5,25.4,-128.7,21.5,0.0,1.0,1.0,1.0,0.0,0.0,1.0,0.0,90.0,90.0,1
2025-04-14 09:53:07,16.35,4.62,2.5,0.7,7.5,0.0,0.0,0.0,0.0,0.0,28.4,24.4,23.5,25.4,-128.7,21.5,0.0,1.0,1.0,1.0,0.0,0.0,1.0,0.0,90.0,90.0,1
2025-04-14 09:53:08,16.33,4.6,2.5,0.7,7.3,0.0,0.0,0.0,0.0,0.0,28.3,24.4,23.5,25.4,-128.7,21.5,0.0,1.0,1.0,1.0,0.0,0.0,1.0,0.0,90.0,90.0,1
2025-04-14 09:53:09,16.35,4.61,2.5,0.8,7.5,0.0,0.0,0.0,0.0,0.0,28.3,24.4,23.5,25.4,-128.7,21.5,0.0,1.0,1.0,1.0,0.0,0.0,1.0,0.0,90.0,90.0,1
2025-04-14 09:53:10,16.35,4.59,2.5,0.7,7.2,0.0,0.0,0.0,0.0,0.0,28.3,24.4,23.5,25.4,-128.7,21.5,0.0,1.0,1.0,1.0,0.0,0.0,1.0,0.0,90.0,90.0,1
2025-04-14 09:53:11,16.36,4.62,2.5,0.7,7.2,0.0,0.0,0.0,0.0,0.0,28.3,24.4,23.5,25.4,-128.7,21.4,0.0,1.0,1.0,1.0,0.0,0.0,1.0,0.0,90.0,90.0,1
2025-04-14 09:53:12,16.37,4.61,2.5,0.7,7.599999,0.0,0.0,0.0,0.0,0.0,28.4,24.4,23.5,25.4,-128.7,21.5,0.0,1.0,1.0,1.0,0.0,0.0,1.0,0.0,90.0,90.0,1
2025-04-14 09:53:13,16.36,4.61,2.5,0.7,6.7,0.0,0.0,0.0,0.0,0.0,28.4,24.4,23.5,25.4,-128.7,21.5,0.0,1.0,1.0,1.0,0.0,0.0,1.0,0.0,90.0,90.0,1
2025-04-14 09:53:14,16.36,4.62,2.5,0.7,7.7,0.0,0.0,0.0,0.0,0.0,28.4,24.4,23.5,25.4,-128.7,21.5,0.0,1.0,1.0,1.0,0.0,0.0,1.0,0.0,90.0,90.0,1
2025-04-14 09:53:15,16.35,4.6,2.5,0.7,7.0,0.0,0.0,0.0,0.0,0.0,28.4,24.4,23.6,25.4,-128.7,21.5,0.0,1.0,1.0,1.0,0.0,0.0,1.0,0.0,90.0,90.0,1
2025-04-14 09:53:16,16.35,4.62,2.5,0.7,6.9,0.0,0.0,0.0,0.0,0.0,28.4,24.4,23.6,25.4,-128.7,21.4,0.0,1.0,1.0,1.0,0.0,0.0,1.0,0.0,90.0,90.0,1
2025-04-14 09:53:17,16.35,4.6,2.5,0.7,7.7,0.0,0.0,0.0,0.0,0.0,28.4,24.4,23.6,25.4,-128.7,21.6,0.0,1.0,1.0,1.0,0.0,0.0,1.0,0.0,90.0,90.0,1
2025-04-14 09:53:18,16.35,4.6,2.5,0.7,7.3,0.0,0.0,0.0,0.0,0.0,28.4,24.4,23.6,25.4,-128.7,21.6,0.0,1.0,1.0,1.0,0.0,0.0,1.0,0.0,90.0,90.0,1
2025-04-14 09:53:19,16.35,4.61,2.5,0.7,8.099999,0.0,0.0,0.0,0.0,0.0,28.4,24.4,23.6,25.4,-128.7,21.4,0.0,1.0,1.0,1.0,0.0,0.0,1.0,0.0,90.0,90.0,1
2025-04-14 09:53:20,16.36,4.6,2.5,0.7,7.2,0.0,0.0,0.0,0.0,0.0,28.4,24.4,23.6,25.4,-128.7,21.5,0.0,1.0,1.0,1.0,0.0,0.0,1.0,0.0,90.0,90.0,1
2025-04-14 09:53:21,16.35,4.62,2.5,0.7,7.7,0.0,0.0,0.0,0.0,0.0,28.4,24.4,23.6,25.4,-128.7,21.4,0.0,1.0,1.0,1.0,0.0,0.0,1.0,0.0,90.0,90.0,1
2025-04-14 09:53:22,16.35,4.62,2.5,0.7,7.9,0.0,0.0,0.0,0.0,0.0,28.4,24.4,23.6,25.4,-128.7,21.5,0.0,1.0,1.0,1.0,0.0,0.0,1.0,0.0,90.0,90.0,1
2025-04-14 09:53:23,16.35,4.6,2.5,0.7,7.8,0.0,0.0,0.0,0.0,0.0,28.4,24.4,23.6,25.4,-128.7,21.5,0.0,1.0,1.0,1.0,0.0,0.0,1.0,0.0,90.0,90.0,1
2025-04-14 09:53:24,16.35,4.62,2.5,0.7,7.7,0.0,0.0,0.0,0.0,0.0,28.4,24.4,23.6,25.4,-128.7,21.5,0.0,1.0,1.0,1.0,0.0,0.0,1.0,0.0,90.0,90.0,1
2025-04-14 09:53:25,16.37,4.6,2.5,0.7,7.4,0.0,0.0,0.0,0.0,0.0,28.4,24.4,23.6,25.4,-128.7,21.5,0.0,1.0,1.0,1.0,0.0,0.0,1.0,0.0,90.0,90.0,1
2025-04-14 09:53:26,16.37,4.61,2.5,0.7,8.0,0.0,0.0,0.0,0.0,0.0,28.4,24.4,23.6,25.4,-128.7,21.5,0.0,1.0,1.0,1.0,0.0,0.0,1.0,0.0,90.0,90.0,1
2025-04-14 09:53:27,16.38,4.62,2.5,0.7,7.599999,0.0,0.0,0.0,0.0,0.0,28.4,24.4,23.6,25.4,-128.7,21.4,0.0,1.0,1.0,1.0,0.0,0.0,1.0,0.0,90.0,90.0,1
2025-04-14 09:53:28,16.37,4.61,2.5,0.7,7.7,0.0,0.0,0.0,0.0,0.0,28.4,24.4,23.6,25.4,-128.7,21.5,0.0,1.0,1.0,1.0,0.0,0.0,1.0,0.0,90.0,90.0,1
2025-04-14 09:53:29,16.36,4.61,2.5,0.7,7.7,0.0,0.0,0.0,0.0,0.0,28.4,24.4,23.6,25.4,-128.7,21.4,0.0,1.0,1.0,1.0,0.0,0.0,1.0,0.0,90.0,90.0,1
2025-04-14 09:53:30,16.36,4.61,2.5,0.7,7.599999,0.0,0.0,0.0,0.0,0.0,28.4,24.4,23.6,25.4,-128.7,21.5,0.0,1.0,1.0,1.0,0.0,0.0,1.0,0.0,90.0,90.0,1
2025-04-14 09:53:31,16.37,4.6,2.5,0.7,7.599999,0.0,0.0,0.0,0.0,0.0,28.4,24.4,23.6,25.4,-128.7,21.5,0.0,1.0,1.0,1.0,0.0,0.0,1.0,0.0,90.0,90.0,1
2025-04-14 09:53:32,16.35,4.62,2.5,0.7,7.5,0.0,0.0,0.0,0.0,0.0,28.4,24.4,23.6,25.4,-128.7,21.5,0.0,1.0,1.0,1.0,0.0,0.0,1.0,0.0,90.0,90.0,1
2025-04-14 09:53:33,16.35,4.6,2.5,0.7,8.099999,0.0,0.0,0.0,0.0,0.0,28.4,24.4,23.6,25.4,-128.7,21.5,0.0,1.0,1.0,1.0,0.0,0.0,1.0,0.0,90.0,90.0,1
2025-04-14 09:53:34,16.36,4.62,2.5,0.7,6.9,0.0,0.0,0.0,0.0,0.0,28.4,24.4,23.6,25.4,-128.7,21.4,0.0,1.0,1.0,1.0,0.0,0.0,1.0,0.0,90.0,90.0,1
2025-04-14 09:53:35,16.35,4.62,2.5,0.7,8.0,0.0,0.0,0.0,0.0,0.0,28.4,24.4,23.6,25.4,-128.7,21.5,0.0,1.0,1.0,1.0,0.0,0.0,1.0,0.0,90.0,90.0,1
2025-04-14 09:53:36,16.35,4.62,2.5,0.7,7.099999,0.0,0.0,0.0,0.0,0.0,28.4,24.4,23.6,25.4,-128.7,21.4,0.0,1.0,1.0,1.0,0.0,0.0,1.0,0.0,90.0,90.0,1
2025-04-14 09:53:37,16.37,4.62,2.5,0.7,8.0,0.0,0.0,0.0,0.0,0.0,28.4,24.4,23.6,25.4,-128.7,21.4,0.0,1.0,1.0,1.0,0.0,0.0,1.0,0.0,90.0,90.0,1
2025-04-14 09:53:38,16.38,4.61,2.5,0.7,7.5,0.0,0.0,0.0,0.0,0.0,28.4,24.4,23.6,25.4,-128.7,21.5,0.0,1.0,1.0,1.0,0.0,0.0,1.0,0.0,90.0,90.0,1
2025-04-14 09:53:39,16.37,4.62,2.5,0.7,7.2,0.0,0.0,0.0,0.0,0.0,28.4,24.4,23.6,25.4,-128.7,21.4,0.0,1.0,1.0,1.0,0.0,0.0,1.0,0.0,90.0,90.0,1
2025-04-14 09:53:40,16.36,4.62,2.5,0.7,7.599999,0.0,0.0,0.0,0.0,0.0,28.4,24.4,23.6,25.4,-128.7,21.4,0.0,1.0,1.0,1.0,0.0,0.0,1.0,0.0,90.0,90.0,1
2025-04-14 09:53:41,16.37,4.61,2.5,0.7,7.2,0.0,0.0,0.0,0.0,0.0,28.4,24.4,23.6,25.4,-128.7,21.4,0.0,1.0,1.0,1.0,0.0,0.0,1.0,0.0,90.0,90.0,1
2025-04-14 09:53:42,16.37,4.62,2.5,0.7,7.3,0.0,0.0,0.0,0.0,0.0,28.4,24.4,23.6,25.4,-128.7,21.4,0.0,1.0,1.0,1.0,0.0,0.0,1.0,0.0,90.0,90.0,1
2025-04-14 09:53:43,16.37,4.62,2.5,0.7,6.599999,0.0,0.0,0.0,0.0,0.0,28.4,24.4,23.6,25.4,-128.7,21.5,0.0,1.0,1.0,1.0,0.0,0.0,1.0,0.0,90.0,90.0,1
2025-04-14 09:53:44,16.36,4.62,2.5,0.7,7.4,0.0,0.0,0.0,0.0,0.0,28.4,24.4,23.6,25.4,-128.7,21.4,0.0,1.0,1.0,1.0,0.0,0.0,1.0,0.0,90.0,90.0,1
2025-04-14 09:53:45,16.35,4.62,2.5,0.7,7.099999,0.0,0.0,0.0,0.0,0.0,28.4,24.4,23.6,25.4,-128.7,21.5,0.0,1.0,1.0,1.0,0.0,0.0,1.0,0.0,90.0,90.0,1
2025-04-14 09:53:46,16.36,4.61,2.5,0.7,7.0,0.0,0.0,0.0,0.0,0.0,28.4,24.4,23.6,25.4,-128.7,21.5,0.0,1.0,1.0,1.0,0.0,0.0,1.0,0.0,90.0,90.0,1
2025-04-14 09:53:47,16.36,4.62,2.5,0.7,7.2,0.0,0.0,0.0,0.0,0.0,28.4,24.4,23.6,25.4,-128.7,21.4,0.0,1.0,1.0,1.0,0.0,0.0,1.0,0.0,90.0,90.0,1
2025-04-14 09:53:48,16.37,4.61,2.5,0.7,7.2,0.0,0.0,0.0,0.0,0.0,28.4,24.4,23.6,25.4,-128.7,21.5,0.0,1.0,1.0,1.0,0.0,0.0,1.0,0.0,90.0,90.0,1
2025-04-14 09:53:49,16.37,4.62,2.5,0.7,7.9,0.0,0.0,0.0,0.0,0.0,28.4,24.4,23.6,25.4,-128.7,21.4,0.0,1.0,1.0,1.0,0.0,0.0,1.0,0.0,90.0,90.0,1
2025-04-14 09:53:50,16.37,4.62,2.5,0.7,6.8,0.0,0.0,0.0,0.0,0.0,28.4,24.4,23.6,25.4,-128.7,21.5,0.0,1.0,1.0,1.0,0.0,0.0,1.0,0.0,90.0,90.0,1
2025-04-14 09:53:51,16.36,4.61,2.5,0.7,7.9,0.0,0.0,0.0,0.0,0.0,28.4,24.4,23.6,25.4,-128.7,21.4,0.0,1.0,1.0,1.0,0.0,0.0,1.0,0.0,90.0,90.0,1
2025-04-14 09:53:52,16.38,4.62,2.5,0.7,7.8,0.0,0.0,0.0,0.0,0.0,28.4,24.4,23.6,25.4,-128.7,21.4,0.0,1.0,1.0,1.0,0.0,0.0,1.0,0.0,90.0,90.0,1
2025-04-14 09:53:53,16.37,4.62,2.5,0.7,7.7,0.0,0.0,0.0,0.0,0.0,28.4,24.4,23.6,25.4,-128.7,21.4,0.0,1.0,1.0,1.0,0.0,0.0,1.0,0.0,90.0,90.0,1
2025-04-14 09:53:54,16.37,4.62,2.5,0.7,7.4,0.0,0.0,0.0,0.0,0.0,28.4,24.4,23.6,25.4,-128.7,21.4,0.0,1.0,1.0,1.0,0.0,0.0,1.0,0.0,90.0,90.0,1
2025-04-14 09:53:55,16.37,4.6,2.5,0.7,7.4,0.0,0.0,0.0,0.0,0.0,28.4,24.4,23.6,25.4,-128.7,21.5,0.0,1.0,1.0,1.0,0.0,0.0,1.0,0.0,90.0,90.0,1
2025-04-14 09:53:56,16.36,4.61,2.5,0.7,8.099999,0.0,0.0,0.0,0.0,0.0,28.4,24.4,23.6,25.4,-128.7,21.4,0.0,1.0,1.0,1.0,0.0,0.0,1.0,0.0,90.0,90.0,1
2025-04-14 09:53:57,16.37,4.62,2.5,0.7,7.3,0.0,0.0,0.0,0.0,0.0,28.4,24.4,23.6,25.4,-128.7,21.5,0.0,1.0,1.0,1.0,0.0,0.0,1.0,0.0,90.0,90.0,1
2025-04-14 09:53:58,16.36,4.6,2.5,0.7,7.3,0.0,0.0,0.0,0.0,0.0,28.4,24.4,23.6,25.4,-128.7,21.4,0.0,1.0,1.0,1.0,0.0,0.0,1.0,0.0,90.0,90.0,1
2025-04-14 09:53:59,16.36,4.62,2.5,0.7,7.2,0.0,0.0,0.0,0.0,0.0,28.4,24.4,23.6,25.4,-128.7,21.4,0.0,1.0,1.0,1.0,0.0,0.0,1.0,0.0,90.0,90.0,1
2025-04-14 09:54:00,16.35,4.61,2.5,0.7,7.5,0.0,0.0,0.0,0.0,0.0,28.4,24.4,23.5,25.4,-128.7,21.5,0.0,1.0,1.0,1.0,0.0,0.0,1.0,0.0,90.0,90.0,1
2025-04-14 09:54:01,16.37,4.62,2.5,0.7,7.0,0.0,0.0,0.0,0.0,0.0,28.4,24.4,23.5,25.4,-128.7,21.4,0.0,1.0,1.0,1.0,0.0,0.0,1.0,0.0,90.0,90.0,1
2025-04-14 09:54:02,16.35,4.61,2.5,0.7,7.2,0.0,0.0,0.0,0.0,0.0,28.4,24.4,23.5,25.4,-128.7,21.5,0.0,1.0,1.0,1.0,0.0,0.0,1.0,0.0,90.0,90.0,1
2025-04-14 09:54:03,16.37,4.6,2.5,0.7,7.7,0.0,0.0,0.0,0.0,0.0,28.4,24.4,23.5,25.4,-128.7,21.4,0.0,1.0,1.0,1.0,0.0,0.0,1.0,0.0,90.0,90.0,1
2025-04-14 09:54:04,16.37,4.62,2.5,0.7,6.7,0.0,0.0,0.0,0.0,0.0,28.4,24.4,23.5,25.4,-128.7,21.4,0.0,1.0,1.0,1.0,0.0,0.0,1.0,0.0,90.0,90.0,1
2025-04-14 09:54:05,16.37,4.61,2.5,0.7,7.099999,0.0,0.0,0.0,0.0,0.0,28.4,24.4,23.5,25.4,-128.7,21.5,0.0,1.0,1.0,1.0,0.0,0.0,1.0,0.0,90.0,90.0,1
2025-04-14 09:54:06,16.37,4.62,2.5,0.7,7.2,0.0,0.0,0.0,0.0,0.0,28.4,24.4,23.5,25.4,-128.7,21.4,0.0,1.0,1.0,1.0,0.0,0.0,1.0,0.0,90.0,90.0,1
2025-04-14 09:54:07,16.37,4.62,2.5,0.7,7.5,0.0,0.0,0.0,0.0,0.0,28.4,24.4,23.5,25.4,-128.7,21.4,0.0,1.0,1.0,1.0,0.0,0.0,1.0,0.0,90.0,90.0,1
2025-04-14 09:54:08,16.38,4.62,2.6,0.7,7.599999,0.0,0.0,0.0,0.0,0.0,28.4,24.4,23.5,25.4,-128.7,21.4,0.0,1.0,1.0,1.0,0.0,0.0,1.0,0.0,90.0,90.0,1
2025-04-14 09:54:09,16.37,4.62,2.5,0.7,8.0,0.0,0.0,0.0,0.0,0.0,28.4,24.4,23.5,25.4,-128.7,21.4,0.0,1.0,1.0,1.0,0.0,0.0,1.0,0.0,90.0,90.0,1
2025-04-14 09:54:10,16.37,4.6,2.5,0.7,7.599999,0.0,0.0,0.0,0.0,0.0,28.4,24.4,23.5,25.4,-128.7,21.5,0.0,1.0,1.0,1.0,0.0,0.0,1.0,0.0,90.0,90.0,1
2025-04-14 09:54:11,16.36,4.61,2.5,0.7,7.7,0.0,0.0,0.0,0.0,0.0,28.4,24.4,23.5,25.4,-128.7,21.4,0.0,1.0,1.0,1.0,0.0,0.0,1.0,0.0,90.0,90.0,1
2025-04-14 09:54:12,16.37,4.62,2.5,0.7,7.0,0.0,0.0,0.0,0.0,0.0,28.4,24.4,23.5,25.4,-128.7,21.5,0.0,1.0,1.0,1.0,0.0,0.0,1.0,0.0,90.0,90.0,1
2025-04-14 09:54:13,16.36,4.6,2.5,0.7,7.599999,0.0,0.0,0.0,0.0,0.0,28.4,24.4,23.5,25.4,-128.7,21.5,0.0,1.0,1.0,1.0,0.0,0.0,1.0,0.0,90.0,90.0,1
2025-04-14 09:54:14,16.38,4.62,2.5,0.7,7.3,0.0,0.0,0.0,0.0,0.0,28.3,24.4,23.5,25.4,-128.7,21.5,0.0,1.0,1.0,1.0,0.0,0.0,1.0,0.0,90.0,90.0,1
2025-04-14 09:54:15,16.37,4.61,2.5,0.7,7.0,0.0,0.0,0.0,0.0,0.0,28.3,24.4,23.5,25.4,-128.7,21.5,0.0,1.0,1.0,1.0,0.0,0.0,1.0,0.0,90.0,90.0,1
2025-04-14 09:54:16,16.35,4.62,2.5,0.7,7.5,0.0,0.0,0.0,0.0,0.0,28.3,24.4,23.5,25.4,-128.7,21.4,0.0,1.0,1.0,1.0,0.0,0.0,1.0,0.0,90.0,90.0,1
2025-04-14 09:54:17,16.36,4.61,2.5,0.7,6.9,0.0,0.0,0.0,0.0,0.0,28.3,24.4,23.5,25.4,-128.7,21.5,0.0,1.0,1.0,1.0,0.0,0.0,1.0,0.0,90.0,90.0,1
2025-04-14 09:54:18,16.37,4.62,2.5,0.7,7.099999,0.0,0.0,0.0,0.0,0.0,28.3,24.4,23.4,25.4,-128.7,21.4,0.0,1.0,1.0,1.0,0.0,0.0,1.0,0.0,90.0,90.0,1
2025-04-14 09:54:19,16.37,4.62,2.5,0.7,7.0,0.0,0.0,0.0,0.0,0.0,28.3,24.4,23.4,25.4,-128.7,21.5,0.0,1.0,1.0,1.0,0.0,0.0,1.0,0.0,90.0,90.0,1
2025-04-14 09:54:20,16.37,4.61,2.5,0.7,7.9,0.0,0.0,0.0,0.0,0.0,28.3,24.4,23.4,25.4,-128.7,21.4,0.0,1.0,1.0,1.0,0.0,0.0,1.0,0.0,90.0,90.0,1
2025-04-14 09:54:21,16.37,4.62,2.5,0.7,7.9,0.0,0.0,0.0,0.0,0.0,28.3,24.4,23.4,25.4,-128.7,21.4,0.0,1.0,1.0,1.0,0.0,0.0,1.0,0.0,90.0,90.0,1
2025-04-14 09:54:22,16.36,4.6,2.5,0.7,7.7,0.0,0.0,0.0,0.0,0.0,28.3,24.4,23.4,25.4,-128.7,21.4,0.0,1.0,1.0,1.0,0.0,0.0,1.0,0.0,90.0,90.0,1
2025-04-14 09:54:23,16.37,4.62,2.5,0.7,7.9,0.0,0.0,0.0,0.0,0.0,28.3,24.4,23.4,25.4,-128.7,21.4,0.0,1.0,1.0,1.0,0.0,0.0,1.0,0.0,90.0,90.0,1
2025-04-14 09:54:24,16.37,4.61,2.5,0.7,7.8,0.0,0.0,0.0,0.0,0.0,28.3,24.4,23.4,25.4,-128.7,21.5,0.0,1.0,1.0,1.0,0.0,0.0,1.0,0.0,90.0,90.0,1
2025-04-14 09:54:25,16.37,4.61,2.5,0.7,7.7,0.0,0.0,0.0,0.0,0.0,28.3,24.4,23.4,25.4,-128.7,21.4,0.0,1.0,1.0,1.0,0.0,0.0,1.0,0.0,90.0,90.0,1
2025-04-14 09:54:26,16.37,4.62,2.5,0.7,8.0,0.0,0.0,0.0,0.0,0.0,28.3,24.4,23.4,25.4,-128.7,21.4,0.0,1.0,1.0,1.0,0.0,0.0,1.0,0.0,90.0,90.0,1
2025-04-14 09:54:27,16.37,4.6,2.5,0.7,7.9,0.0,0.0,0.0,0.0,0.0,28.3,24.4,23.4,25.4,-128.7,21.5,0.0,1.0,1.0,1.0,0.0,0.0,1.0,0.0,90.0,90.0,1
2025-04-14 09:54:28,16.37,4.62,2.5,0.7,8.099999,0.0,0.0,0.0,0.0,0.0,28.3,24.4,23.4,25.4,-128.7,21.4,0.0,1.0,1.0,1.0,0.0,0.0,1.0,0.0,90.0,90.0,1
2025-04-14 09:54:29,16.37,4.61,2.5,0.7,7.7,0.0,0.0,0.0,0.0,0.0,28.3,24.4,23.4,25.4,-128.7,21.5,0.0,1.0,1.0,1.0,0.0,0.0,1.0,0.0,90.0,90.0,1
2025-04-14 09:54:30,16.37,4.62,2.5,0.7,7.599999,0.0,0.0,0.0,0.0,0.0,28.3,24.4,23.4,25.4,-128.7,21.4,0.0,1.0,1.0,1.0,0.0,0.0,1.0,0.0,90.0,90.0,1
2025-04-14 09:54:31,16.37,4.62,2.5,0.7,6.599999,0.0,0.0,0.0,0.0,0.0,28.3,24.4,23.4,25.4,-128.7,21.4,0.0,1.0,1.0,1.0,0.0,0.0,1.0,0.0,90.0,90.0,1
2025-04-14 09:54:32,16.37,4.6,2.5,0.7,7.2,0.0,0.0,0.0,0.0,0.0,28.3,24.4,23.4,25.4,-128.7,21.5,0.0,1.0,1.0,1.0,0.0,0.0,1.0,0.0,90.0,90.0,1
2025-04-14 09:54:33,16.37,4.62,2.5,0.7,7.099999,0.0,0.0,0.0,0.0,0.0,28.3,24.4,23.3,25.4,-128.7,21.4,0.0,1.0,1.0,1.0,0.0,0.0,1.0,0.0,90.0,90.0,1
2025-04-14 09:54:34,16.37,4.61,2.5,0.7,7.599999,0.0,0.0,0.0,0.0,0.0,28.3,24.4,23.3,25.4,-128.7,21.5,0.0,1.0,1.0,1.0,0.0,0.0,1.0,0.0,90.0,90.0,1
2025-04-14 09:54:35,16.36,4.62,2.5,0.7,8.099999,0.0,0.0,0.0,0.0,0.0,28.3,24.4,23.3,25.4,-128.7,21.4,0.0,1.0,1.0,1.0,0.0,0.0,1.0,0.0,90.0,90.0,1
2025-04-14 09:54:36,16.37,4.61,2.5,0.7,7.3,0.0,0.0,0.0,0.0,0.0,28.3,24.4,23.3,25.4,-128.7,21.5,0.0,1.0,1.0,1.0,0.0,0.0,1.0,0.0,90.0,90.0,1
2025-04-14 09:54:37,16.35,4.62,2.5,0.7,8.2,0.0,0.0,0.0,0.0,0.0,28.3,24.4,23.3,25.4,-128.7,21.5,0.0,1.0,1.0,1.0,0.0,0.0,1.0,0.0,90.0,90.0,1
2025-04-14 09:54:38,16.37,4.61,2.5,0.7,7.8,0.0,0.0,0.0,0.0,0.0,28.3,24.4,23.3,25.4,-128.7,21.5,0.0,1.0,1.0,1.0,0.0,0.0,1.0,0.0,90.0,90.0,1
2025-04-14 09:54:39,16.37,4.62,2.5,0.7,7.7,0.0,0.0,0.0,0.0,0.0,28.3,24.4,23.3,25.4,-128.7,21.4,0.0,1.0,1.0,1.0,0.0,0.0,1.0,0.0,90.0,90.0,1
2025-04-14 09:54:40,16.37,4.62,2.5,0.7,7.7,0.0,0.0,0.0,0.0,0.0,28.3,24.4,23.3,25.4,-128.7,21.4,0.0,1.0,1.0,1.0,0.0,0.0,1.0,0.0,90.0,90.0,1
2025-04-14 09:54:41,16.37,4.6,2.5,0.7,7.7,0.0,0.0,0.0,0.0,0.0,28.3,24.4,23.3,25.4,-128.7,21.5,0.0,1.0,1.0,1.0,0.0,0.0,1.0,0.0,90.0,90.0,1
2025-04-14 09:54:42,16.37,4.62,2.5,0.7,7.3,0.0,0.0,0.0,0.0,0.0,28.3,24.4,23.3,25.4,-128.7,21.4,0.0,1.0,1.0,1.0,0.0,0.0,1.0,0.0,90.0,90.0,1
2025-04-14 09:54:43,16.35,4.6,2.5,0.7,6.9,0.0,0.0,0.0,0.0,0.0,28.3,24.4,23.3,25.4,-128.7,21.5,0.0,1.0,1.0,1.0,0.0,0.0,1.0,0.0,90.0,90.0,1
2025-04-14 09:54:44,16.36,4.62,2.5,0.7,7.9,0.0,0.0,0.0,0.0,0.0,28.3,24.4,23.3,25.4,-128.7,21.4,0.0,1.0,1.0,1.0,0.0,0.0,1.0,0.0,90.0,90.0,1
2025-04-14 09:54:45,16.36,4.61,2.5,0.7,7.8,0.0,0.0,0.0,0.0,0.0,28.3,24.4,23.3,25.4,-128.7,21.5,0.0,1.0,1.0,1.0,0.0,0.0,1.0,0.0,90.0,90.0,1
2025-04-14 09:54:46,16.35,4.61,2.5,0.7,7.2,0.0,0.0,0.0,0.0,0.0,28.3,24.4,23.2,25.4,-128.7,21.5,0.0,1.0,1.0,1.0,0.0,0.0,1.0,0.0,90.0,90.0,1
2025-04-14 09:54:47,16.35,4.62,2.5,0.7,7.599999,0.0,0.0,0.0,0.0,0.0,28.3,24.4,23.2,25.4,-128.7,21.5,0.0,1.0,1.0,1.0,0.0,0.0,1.0,0.0,90.0,90.0,1
2025-04-14 09:54:48,16.37,4.59,2.5,0.7,6.9,0.0,0.0,0.0,0.0,0.0,28.3,24.4,23.2,25.4,-128.7,21.5,0.0,1.0,1.0,1.0,0.0,0.0,1.0,0.0,90.0,90.0,1
2025-04-14 09:54:49,16.36,4.61,2.5,0.7,7.5,0.0,0.0,0.0,0.0,0.0,28.3,24.4,23.2,25.4,-128.7,21.5,0.0,1.0,1.0,1.0,0.0,0.0,1.0,0.0,90.0,90.0,1
2025-04-14 09:54:50,16.37,4.59,2.5,0.7,8.0,0.0,0.0,0.0,0.0,0.0,28.3,24.4,23.2,25.4,-128.7,21.5,0.0,1.0,1.0,1.0,0.0,0.0,1.0,0.0,90.0,90.0,1
2025-04-14 09:54:51,16.37,4.62,2.5,0.7,7.5,0.0,0.0,0.0,0.0,0.0,28.3,24.4,23.2,25.4,-128.7,21.5,0.0,1.0,1.0,1.0,0.0,0.0,1.0,0.0,90.0,90.0,1
2025-04-14 09:54:52,16.37,4.59,2.5,0.7,7.9,0.0,0.0,0.0,0.0,0.0,28.3,24.4,23.2,25.4,-128.7,21.6,0.0,1.0,1.0,1.0,0.0,0.0,1.0,0.0,90.0,90.0,1
2025-04-14 09:54:53,16.37,4.62,2.6,0.7,7.8,0.0,0.0,0.0,0.0,0.0,28.3,24.4,23.2,25.4,-128.7,21.4,0.0,1.0,1.0,1.0,0.0,0.0,1.0,0.0,90.0,90.0,1
2025-04-14 09:54:54,16.37,4.61,2.5,0.7,7.5,0.0,0.0,0.0,0.0,0.0,28.3,24.4,23.2,25.4,-128.7,21.6,0.0,1.0,1.0,1.0,0.0,0.0,1.0,0.0,90.0,90.0,1
2025-04-14 09:54:55,16.37,4.59,2.5,0.7,7.599999,0.0,0.0,0.0,0.0,0.0,28.3,24.4,23.2,25.4,-128.7,21.5,0.0,1.0,1.0,1.0,0.0,0.0,1.0,0.0,90.0,90.0,1
2025-04-14 09:54:56,16.37,4.61,2.5,0.7,7.599999,0.0,0.0,0.0,0.0,0.0,28.3,24.4,23.2,25.4,-128.7,21.5,0.0,1.0,1.0,1.0,0.0,0.0,1.0,0.0,90.0,90.0,1
2025-04-14 09:54:57,16.36,4.59,2.5,0.7,7.0,0.0,0.0,0.0,0.0,0.0,28.3,24.4,23.1,25.4,-128.7,21.5,0.0,1.0,1.0,1.0,0.0,0.0,1.0,0.0,90.0,90.0,1
2025-04-14 09:54:58,16.35,4.61,2.5,0.7,7.2,0.0,0.0,0.0,0.0,0.0,28.3,24.4,23.1,25.4,-128.7,21.5,0.0,1.0,1.0,1.0,0.0,0.0,1.0,0.0,90.0,90.0,1
2025-04-14 09:54:59,16.37,4.6,2.5,0.7,7.4,0.0,0.0,0.0,0.0,0.0,28.3,24.4,23.1,25.4,-128.7,21.5,0.0,1.0,1.0,1.0,0.0,0.0,1.0,0.0,90.0,90.0,1
2025-04-14 09:55:00,16.37,4.61,2.5,0.7,7.0,0.0,0.0,0.0,0.0,0.0,28.3,24.4,23.1,25.4,-128.7,21.4,0.0,1.0,1.0,1.0,0.0,0.0,1.0,0.0,90.0,90.0,1
2025-04-14 09:55:01,16.37,4.59,2.5,0.7,7.599999,0.0,0.0,0.0,0.0,0.0,28.3,24.4,23.1,25.4,-128.7,21.6,0.0,1.0,1.0,1.0,0.0,0.0,1.0,0.0,90.0,90.0,1
2025-04-14 09:55:02,16.35,4.6,2.5,0.7,7.4,0.0,0.0,0.0,0.0,0.0,28.3,24.4,23.1,25.4,-128.7,21.4,0.0,1.0,1.0,1.0,0.0,0.0,1.0,0.0,90.0,90.0,1
2025-04-14 09:55:03,16.37,4.62,2.5,0.7,6.599999,0.0,0.0,0.0,0.0,0.0,28.3,24.4,23.1,25.4,-128.7,21.5,0.0,1.0,1.0,1.0,0.0,0.0,1.0,0.0,90.0,90.0,1
2025-04-14 09:55:04,16.36,4.6,2.6,0.7,7.8,0.0,0.0,0.0,0.0,0.0,28.3,24.4,23.1,25.4,-128.7,21.5,0.0,1.0,1.0,1.0,0.0,0.0,1.0,0.0,90.0,90.0,1
2025-04-14 09:55:05,16.36,4.62,2.5,0.7,7.599999,0.0,0.0,0.0,0.0,0.0,28.3,24.4,23.1,25.4,-128.7,21.4,0.0,1.0,1.0,1.0,0.0,0.0,1.0,0.0,90.0,90.0,1
2025-04-14 09:55:06,16.36,4.59,2.5,0.7,7.7,0.0,0.0,0.0,0.0,0.0,28.3,24.4,23.1,25.4,-128.7,21.6,0.0,1.0,1.0,1.0,0.0,0.0,1.0,0.0,90.0,90.0,1
2025-04-14 09:55:07,16.36,4.61,2.5,0.7,8.4,0.0,0.0,0.0,0.0,0.0,28.3,24.4,23.1,25.4,-128.7,21.4,0.0,1.0,1.0,1.0,0.0,0.0,1.0,0.0,90.0,90.0,1
2025-04-14 09:55:08,16.36,4.59,2.5,0.7,7.2,0.0,0.0,0.0,0.0,0.0,28.3,24.4,23.1,25.4,-128.7,21.5,0.0,1.0,1.0,1.0,0.0,0.0,1.0,0.0,90.0,90.0,1
2025-04-14 09:55:09,16.36,4.6,2.5,0.7,7.7,0.0,0.0,0.0,0.0,0.0,28.3,24.4,23.1,25.4,-128.7,21.4,0.0,1.0,1.0,1.0,0.0,0.0,1.0,0.0,90.0,90.0,1
2025-04-14 09:55:10,16.36,4.62,2.6,0.7,6.7,0.0,0.0,0.0,0.0,0.0,28.3,24.4,23.1,25.4,-128.7,21.5,0.0,1.0,1.0,1.0,0.0,0.0,1.0,0.0,90.0,90.0,1
2025-04-14 09:55:11,16.35,4.6,2.5,0.8,7.0,0.0,0.0,0.0,0.0,0.0,28.3,24.4,23.1,25.4,-128.7,21.5,0.0,1.0,1.0,1.0,0.0,0.0,1.0,0.0,90.0,90.0,1
2025-04-14 09:55:12,16.36,4.61,2.5,0.7,7.2,0.0,0.0,0.0,0.0,0.0,28.3,24.4,23.0,25.4,-128.7,21.5,0.0,1.0,1.0,1.0,0.0,0.0,1.0,0.0,90.0,90.0,1
2025-04-14 09:55:13,16.37,4.6,2.5,0.7,7.099999,0.0,0.0,0.0,0.0,0.0,28.3,24.4,23.0,25.4,-128.7,21.5,0.0,1.0,1.0,1.0,0.0,0.0,1.0,0.0,90.0,90.0,1
2025-04-14 09:55:14,16.37,4.62,2.5,0.7,7.599999,0.0,0.0,0.0,0.0,0.0,28.3,24.4,23.0,25.4,-128.7,21.4,0.0,1.0,1.0,1.0,0.0,0.0,1.0,0.0,90.0,90.0,1
2025-04-14 09:55:15,16.37,4.61,2.5,0.7,6.7,0.0,0.0,0.0,0.0,0.0,28.3,24.4,23.0,25.4,-128.7,21.5,0.0,1.0,1.0,1.0,0.0,0.0,1.0,0.0,90.0,90.0,1
2025-04-14 09:55:16,16.37,4.6,2.5,0.7,6.9,0.0,0.0,0.0,0.0,0.0,28.3,24.4,23.0,25.4,-128.7,21.4,0.0,1.0,1.0,1.0,0.0,0.0,1.0,0.0,90.0,90.0,1
2025-04-14 09:55:17,16.36,4.62,2.5,0.7,7.3,0.0,0.0,0.0,0.0,0.0,28.3,24.4,23.0,25.4,-128.7,21.5,0.0,1.0,1.0,1.0,0.0,0.0,1.0,0.0,90.0,90.0,1
2025-04-14 09:55:18,16.37,4.6,2.5,0.7,7.2,0.0,0.0,0.0,0.0,0.0,28.3,24.4,23.0,25.4,-128.7,21.5,0.0,1.0,1.0,1.0,0.0,0.0,1.0,0.0,90.0,90.0,1
2025-04-14 09:55:19,16.37,4.62,2.5,0.7,7.599999,0.0,0.0,0.0,0.0,0.0,28.3,24.4,23.0,25.4,-128.7,21.5,0.0,1.0,1.0,1.0,0.0,0.0,1.0,0.0,90.0,90.0,1
2025-04-14 09:55:20,16.37,4.59,2.6,0.7,7.9,0.0,0.0,0.0,0.0,0.0,28.3,24.4,23.0,25.4,-128.7,21.5,0.0,1.0,1.0,1.0,0.0,0.0,1.0,0.0,90.0,90.0,1
2025-04-14 09:55:21,16.37,4.62,2.5,0.7,6.8,0.0,0.0,0.0,0.0,0.0,28.3,24.4,23.0,25.3,-128.7,21.3,0.0,1.0,1.0,1.0,0.0,0.0,1.0,0.0,90.0,90.0,1
2025-04-14 09:55:22,16.37,4.62,2.5,0.7,7.4,0.0,0.0,0.0,0.0,0.0,28.3,24.4,23.0,25.3,-128.7,21.4,0.0,1.0,1.0,1.0,0.0,0.0,1.0,0.0,90.0,90.0,1
2025-04-14 09:55:23,16.36,4.61,2.5,0.7,7.4,0.0,0.0,0.0,0.0,0.0,28.3,24.4,23.0,25.3,-128.7,21.3,0.0,1.0,1.0,1.0,0.0,0.0,1.0,0.0,90.0,90.0,1
2025-04-14 09:55:24,16.37,4.62,2.6,0.7,7.099999,0.0,0.0,0.0,0.0,0.0,28.3,24.4,23.0,25.3,-128.7,21.4,0.0,1.0,1.0,1.0,0.0,0.0,1.0,0.0,90.0,90.0,1
2025-04-14 09:55:25,16.37,4.61,2.5,0.7,7.8,0.0,0.0,0.0,0.0,0.0,28.3,24.4,22.9,25.3,-128.7,21.3,0.0,1.0,1.0,1.0,0.0,0.0,1.0,0.0,90.0,90.0,1
2025-04-14 09:55:26,16.36,4.62,2.5,0.7,7.8,0.0,0.0,0.0,0.0,0.0,28.3,24.4,22.9,25.3,-128.7,21.3,0.0,1.0,1.0,1.0,0.0,0.0,1.0,0.0,90.0,90.0,1
2025-04-14 09:55:27,16.36,4.6,2.5,0.7,7.8,0.0,0.0,0.0,0.0,0.0,28.3,24.4,22.9,25.3,-128.7,21.4,0.0,1.0,1.0,1.0,0.0,0.0,1.0,0.0,90.0,90.0,1
2025-04-14 09:55:28,16.37,4.62,2.5,0.7,6.8,0.0,0.0,0.0,0.0,0.0,28.3,24.4,22.9,25.3,-128.7,21.3,0.0,1.0,1.0,1.0,0.0,0.0,1.0,0.0,90.0,90.0,1
2025-04-14 09:55:29,16.37,4.6,2.5,0.7,7.599999,0.0,0.0,0.0,0.0,0.0,28.3,24.4,22.9,25.3,-128.7,21.4,0.0,1.0,1.0,1.0,0.0,0.0,1.0,0.0,90.0,90.0,1
2025-04-14 09:55:30,16.36,4.6,2.5,0.7,7.3,0.0,0.0,0.0,0.0,0.0,28.3,24.4,22.9,25.3,-128.7,21.3,0.0,1.0,1.0,1.0,0.0,0.0,1.0,0.0,90.0,90.0,1
2025-04-14 09:55:31,16.37,4.62,2.5,0.7,7.7,0.0,0.0,0.0,0.0,0.0,28.3,24.4,22.9,25.3,-128.7,21.3,0.0,1.0,1.0,1.0,0.0,0.0,1.0,0.0,90.0,90.0,1
2025-04-14 09:55:32,16.35,4.6,2.5,0.7,7.7,0.0,0.0,0.0,0.0,0.0,28.3,24.4,22.9,25.3,-128.7,21.4,0.0,1.0,1.0,1.0,0.0,0.0,1.0,0.0,90.0,90.0,1
2025-04-14 09:55:33,16.36,4.62,2.5,0.7,7.3,0.0,0.0,0.0,0.0,0.0,28.3,24.4,22.9,25.3,-128.7,21.3,0.0,1.0,1.0,1.0,0.0,0.0,1.0,0.0,90.0,90.0,1
2025-04-14 09:55:34,16.37,4.61,2.5,0.7,7.599999,0.0,0.0,0.0,0.0,0.0,28.3,24.4,22.9,25.3,-128.7,21.3,0.0,1.0,1.0,1.0,0.0,0.0,1.0,0.0,90.0,90.0,1
2025-04-14 09:55:35,16.38,4.61,2.5,0.7,8.0,0.0,0.0,0.0,0.0,0.0,28.3,24.4,22.9,25.3,-128.7,21.4,0.0,1.0,1.0,1.0,0.0,0.0,1.0,0.0,90.0,90.0,1
2025-04-14 09:55:36,16.37,4.62,2.5,0.7,7.099999,0.0,0.0,0.0,0.0,0.0,28.3,24.4,22.9,25.3,-128.7,21.3,0.0,1.0,1.0,1.0,0.0,0.0,1.0,0.0,90.0,90.0,1
2025-04-14 09:55:37,16.36,4.62,2.5,0.7,7.4,0.0,0.0,0.0,0.0,0.0,28.3,24.4,22.9,25.3,-128.7,21.4,0.0,1.0,1.0,1.0,0.0,0.0,1.0,0.0,90.0,90.0,1
2025-04-14 09:55:38,16.37,4.61,2.5,0.7,7.2,0.0,0.0,0.0,0.0,0.0,28.3,24.4,22.9,25.3,-128.7,21.3,0.0,1.0,1.0,1.0,0.0,0.0,1.0,0.0,90.0,90.0,1
2025-04-14 09:55:39,16.36,4.62,2.5,0.7,7.3,0.0,0.0,0.0,0.0,0.0,28.3,24.4,22.9,25.3,-128.7,21.3,0.0,1.0,1.0,1.0,0.0,0.0,1.0,0.0,90.0,90.0,1
2025-04-14 09:55:40,16.37,4.61,2.5,0.7,7.4,0.0,0.0,0.0,0.0,0.0,28.3,24.4,22.9,25.3,-128.7,21.3,0.0,1.0,1.0,1.0,0.0,0.0,1.0,0.0,90.0,90.0,1
2025-04-14 09:55:41,16.36,4.62,2.5,0.7,7.599999,0.0,0.0,0.0,0.0,0.0,28.3,24.4,22.9,25.3,-128.7,21.3,0.0,1.0,1.0,1.0,0.0,0.0,1.0,0.0,90.0,90.0,1
2025-04-14 09:55:42,16.36,4.61,2.5,0.7,7.2,0.0,0.0,0.0,0.0,0.0,28.3,24.4,22.9,25.3,-128.7,21.4,0.0,1.0,1.0,1.0,0.0,0.0,1.0,0.0,90.0,90.0,1
2025-04-14 09:55:43,16.35,4.6,2.5,0.7,7.7,0.0,0.0,0.0,0.0,0.0,28.3,24.4,22.9,25.3,-128.7,21.3,0.0,1.0,1.0,1.0,0.0,0.0,1.0,0.0,90.0,90.0,1
2025-04-14 09:55:44,16.36,4.62,2.5,0.7,7.3,0.0,0.0,0.0,0.0,0.0,28.3,24.4,22.8,25.3,-128.7,21.3,0.0,1.0,1.0,1.0,0.0,0.0,1.0,0.0,90.0,90.0,1
2025-04-14 09:55:45,16.38,4.61,2.5,0.7,7.2,0.0,0.0,0.0,0.0,0.0,28.3,24.4,22.8,25.3,-128.7,21.4,0.0,1.0,1.0,1.0,0.0,0.0,1.0,0.0,90.0,90.0,1
2025-04-14 09:55:46,16.37,4.62,2.5,0.8,7.5,0.0,0.0,0.0,0.0,0.0,28.3,24.4,22.8,25.3,-128.7,21.3,0.0,1.0,1.0,1.0,0.0,0.0,1.0,0.0,90.0,90.0,1
2025-04-14 09:55:47,16.37,4.62,2.5,0.7,6.9,0.0,0.0,0.0,0.0,0.0,28.3,24.4,22.8,25.3,-128.7,21.3,0.0,1.0,1.0,1.0,0.0,0.0,1.0,0.0,90.0,90.0,1
2025-04-14 09:55:48,16.37,4.62,2.5,0.7,7.8,0.0,0.0,0.0,0.0,0.0,28.3,24.4,22.8,25.3,-128.7,21.3,0.0,1.0,1.0,1.0,0.0,0.0,1.0,0.0,90.0,90.0,1
2025-04-14 09:55:49,16.38,4.62,2.6,0.7,7.8,0.0,0.0,0.0,0.0,0.0,28.3,24.4,22.8,25.3,-128.7,21.3,0.0,1.0,1.0,1.0,0.0,0.0,1.0,0.0,90.0,90.0,1
2025-04-14 09:55:50,16.4,4.62,2.5,0.7,8.2,0.0,0.0,0.0,0.0,0.0,28.3,24.4,22.8,25.3,-128.7,21.3,0.0,1.0,1.0,1.0,0.0,0.0,1.0,0.0,90.0,90.0,1
2025-04-14 09:55:51,16.4,4.62,2.5,0.7,7.599999,0.0,0.0,0.0,0.0,0.0,28.3,24.4,22.8,25.3,-128.7,21.2,0.0,1.0,1.0,1.0,0.0,0.0,1.0,0.0,90.0,90.0,1
2025-04-14 09:55:52,16.37,4.62,2.5,0.7,7.9,0.0,0.0,0.0,0.0,0.0,28.3,24.4,22.8,25.3,-128.7,21.4,0.0,1.0,1.0,1.0,0.0,0.0,1.0,0.0,90.0,90.0,1
2025-04-14 09:55:53,16.36,4.6,2.5,0.7,7.4,0.0,0.0,0.0,0.0,0.0,28.3,24.4,22.8,25.3,-128.7,21.3,0.0,1.0,1.0,1.0,0.0,0.0,1.0,0.0,90.0,90.0,1
2025-04-14 09:55:54,16.38,4.62,2.5,0.7,7.3,0.0,0.0,0.0,0.0,0.0,28.3,24.4,22.8,25.3,-128.7,21.3,0.0,1.0,1.0,1.0,0.0,0.0,1.0,0.0,90.0,90.0,1
2025-04-14 09:55:55,16.37,4.6,2.5,0.7,7.5,0.0,0.0,0.0,0.0,0.0,28.3,24.4,22.8,25.3,-128.7,21.4,0.0,1.0,1.0,1.0,0.0,0.0,1.0,0.0,90.0,90.0,1
2025-04-14 09:55:56,16.38,4.62,2.5,0.7,6.8,0.0,0.0,0.0,0.0,0.0,28.3,24.4,22.8,25.3,-128.7,21.3,0.0,1.0,1.0,1.0,0.0,0.0,1.0,0.0,90.0,90.0,1
2025-04-14 09:55:57,16.38,4.62,2.5,0.7,7.3,0.0,0.0,0.0,0.0,0.0,28.3,24.4,22.8,25.3,-128.7,21.3,0.0,1.0,1.0,1.0,0.0,0.0,1.0,0.0,90.0,90.0,1
2025-04-14 09:55:58,16.38,4.62,2.5,0.7,7.2,0.0,0.0,0.0,0.0,0.0,28.3,24.4,22.8,25.3,-128.7,21.3,0.0,1.0,1.0,1.0,0.0,0.0,1.0,0.0,90.0,90.0,1
2025-04-14 09:55:59,16.38,4.63,2.6,0.7,7.099999,0.0,0.0,0.0,0.0,0.0,28.3,24.4,22.8,25.3,-128.7,21.3,0.0,1.0,1.0,1.0,0.0,0.0,1.0,0.0,90.0,90.0,1
2025-04-14 09:56:00,16.4,4.62,2.5,0.7,6.9,0.0,0.0,0.0,0.0,0.0,28.3,24.4,22.8,25.3,-128.7,21.3,0.0,1.0,1.0,1.0,0.0,0.0,1.0,0.0,90.0,90.0,1
2025-04-14 09:56:01,16.41,4.62,2.5,0.7,7.4,0.0,0.0,0.0,0.0,0.0,28.3,24.4,22.8,25.3,-128.7,21.3,0.0,1.0,1.0,1.0,0.0,0.0,1.0,0.0,90.0,90.0,1
2025-04-14 09:56:02,16.4,4.62,2.5,0.7,7.8,0.0,0.0,0.0,0.0,0.0,28.3,24.4,22.8,25.3,-128.7,21.4,0.0,1.0,1.0,1.0,0.0,0.0,1.0,0.0,90.0,90.0,1
2025-04-14 09:56:03,16.4,4.62,2.6,0.7,7.0,0.0,0.0,0.0,0.0,0.0,28.3,24.4,22.8,25.3,-128.7,21.3,0.0,1.0,1.0,1.0,0.0,0.0,1.0,0.0,90.0,90.0,1
2025-04-14 09:56:04,16.38,4.62,2.5,0.7,7.4,0.0,0.0,0.0,0.0,0.0,28.3,24.4,22.8,25.3,-128.7,21.3,0.0,1.0,1.0,1.0,0.0,0.0,1.0,0.0,90.0,90.0,1
2025-04-14 09:56:05,16.38,4.62,2.6,0.7,7.0,0.0,0.0,0.0,0.0,0.0,28.3,24.4,22.8,25.3,-128.7,21.3,0.0,1.0,1.0,1.0,0.0,0.0,1.0,0.0,90.0,90.0,1
2025-04-14 09:56:06,16.38,4.62,2.5,0.7,7.5,0.0,0.0,0.0,0.0,0.0,28.3,24.4,22.8,25.3,-128.7,21.3,0.0,1.0,1.0,1.0,0.0,0.0,1.0,0.0,90.0,90.0,1
2025-04-14 09:56:07,16.38,4.62,2.6,0.7,7.599999,0.0,0.0,0.0,0.0,0.0,28.3,24.4,22.8,25.3,-128.7,21.3,0.0,1.0,1.0,1.0,0.0,0.0,1.0,0.0,90.0,90.0,1
2025-04-14 09:56:08,16.38,4.62,2.5,0.7,7.0,0.0,0.0,0.0,0.0,0.0,28.3,24.4,22.8,25.3,-128.7,21.2,0.0,1.0,1.0,1.0,0.0,0.0,1.0,0.0,90.0,90.0,1
2025-04-14 09:56:09,16.38,4.63,2.5,0.7,7.5,0.0,0.0,0.0,0.0,0.0,28.3,24.4,22.8,25.3,-128.7,21.3,0.0,1.0,1.0,1.0,0.0,0.0,1.0,0.0,90.0,90.0,1
2025-04-14 09:56:10,16.4,4.62,2.5,0.7,7.7,0.0,0.0,0.0,0.0,0.0,28.3,24.4,22.8,25.3,-128.7,21.3,0.0,1.0,1.0,1.0,0.0,0.0,1.0,0.0,90.0,90.0,1
2025-04-14 09:56:11,16.38,4.62,2.5,0.7,7.599999,0.0,0.0,0.0,0.0,0.0,28.3,24.4,22.8,25.3,-128.7,21.3,0.0,1.0,1.0,1.0,0.0,0.0,1.0,0.0,90.0,90.0,1
2025-04-14 09:56:12,16.38,4.61,2.5,0.7,7.8,0.0,0.0,0.0,0.0,0.0,28.3,24.4,22.8,25.3,-128.7,21.4,0.0,1.0,1.0,1.0,0.0,0.0,1.0,0.0,90.0,90.0,1
2025-04-14 09:56:13,16.38,4.62,2.5,0.7,7.4,0.0,0.0,0.0,0.0,0.0,28.3,24.4,22.8,25.3,-128.7,21.2,0.0,1.0,1.0,1.0,0.0,0.0,1.0,0.0,90.0,90.0,1
2025-04-14 09:56:14,16.4,4.62,2.5,0.7,7.2,0.0,0.0,0.0,0.0,0.0,28.3,24.4,22.8,25.3,-128.7,21.4,0.0,1.0,1.0,1.0,0.0,0.0,1.0,0.0,90.0,90.0,1
2025-04-14 09:56:15,16.4,4.62,2.6,0.7,7.2,0.0,0.0,0.0,0.0,0.0,28.3,24.4,22.8,25.3,-128.7,21.3,0.0,1.0,1.0,1.0,0.0,0.0,1.0,0.0,90.0,90.0,1
2025-04-14 09:56:16,16.4,4.63,2.5,0.7,7.5,0.0,0.0,0.0,0.0,0.0,28.3,24.4,22.8,25.3,-128.7,21.3,0.0,1.0,1.0,1.0,0.0,0.0,1.0,0.0,90.0,90.0,1
2025-04-14 09:56:17,16.41,4.62,2.6,0.7,7.3,0.0,0.0,0.0,0.0,0.0,28.3,24.4,22.8,25.3,-128.7,21.3,0.0,1.0,1.0,1.0,0.0,0.0,1.0,0.0,90.0,90.0,1
2025-04-14 09:56:18,16.41,4.62,2.5,0.7,7.3,0.0,0.0,0.0,0.0,0.0,28.3,24.4,22.8,25.3,-128.7,21.2,0.0,1.0,1.0,1.0,0.0,0.0,1.0,0.0,90.0,90.0,1
2025-04-14 09:56:19,16.42,4.62,2.5,0.7,6.9,0.0,0.0,0.0,0.0,0.0,28.3,24.4,22.8,25.3,-128.7,21.4,0.0,1.0,1.0,1.0,0.0,0.0,1.0,0.0,90.0,90.0,1
2025-04-14 09:56:20,16.4,4.63,2.5,0.7,7.7,0.0,0.0,0.0,0.0,0.0,28.3,24.4,22.8,25.3,-128.7,21.2,0.0,1.0,1.0,1.0,0.0,0.0,1.0,0.0,90.0,90.0,1
2025-04-14 09:56:21,16.41,4.63,2.5,0.7,7.099999,0.0,0.0,0.0,0.0,0.0,28.3,24.4,22.8,25.3,-128.7,21.3,0.0,1.0,1.0,1.0,0.0,0.0,1.0,0.0,90.0,90.0,1
2025-04-14 09:56:22,16.4,4.62,2.5,0.7,7.7,0.0,0.0,0.0,0.0,0.0,28.3,24.4,22.8,25.3,-128.7,21.3,0.0,1.0,1.0,1.0,0.0,0.0,1.0,0.0,90.0,90.0,1
2025-04-14 09:56:23,16.4,4.63,2.5,0.7,7.2,0.0,0.0,0.0,0.0,0.0,28.3,24.4,22.8,25.3,-128.7,21.2,0.0,1.0,1.0,1.0,0.0,0.0,1.0,0.0,90.0,90.0,1
2025-04-14 09:56:24,16.38,4.61,2.5,0.7,7.5,0.0,0.0,0.0,0.0,0.0,28.3,24.4,22.8,25.3,-128.7,21.3,0.0,1.0,1.0,1.0,0.0,0.0,1.0,0.0,90.0,90.0,1
2025-04-14 09:56:25,16.4,4.62,2.5,0.7,7.5,0.0,0.0,0.0,0.0,0.0,28.3,24.4,22.8,25.3,-128.7,21.3,0.0,1.0,1.0,1.0,0.0,0.0,1.0,0.0,90.0,90.0,1
2025-04-14 09:56:26,16.4,4.62,2.5,0.7,7.0,0.0,0.0,0.0,0.0,0.0,28.3,24.4,22.8,25.3,-128.7,21.4,0.0,1.0,1.0,1.0,0.0,0.0,1.0,0.0,90.0,90.0,1
2025-04-14 09:56:27,16.37,4.61,2.5,0.7,8.0,0.0,0.0,0.0,0.0,0.0,28.3,24.4,22.8,25.3,-128.7,21.3,0.0,1.0,1.0,1.0,0.0,0.0,1.0,0.0,90.0,90.0,1
2025-04-14 09:56:28,16.38,4.62,2.5,0.7,7.0,0.0,0.0,0.0,0.0,0.0,28.3,24.4,22.8,25.3,-128.7,21.3,0.0,1.0,1.0,1.0,0.0,0.0,1.0,0.0,90.0,90.0,1
2025-04-14 09:56:29,16.37,4.61,2.5,0.7,7.2,0.0,0.0,0.0,0.0,0.0,28.3,24.4,22.8,25.3,-128.7,21.3,0.0,1.0,1.0,1.0,0.0,0.0,1.0,0.0,90.0,90.0,1
2025-04-14 09:56:30,16.37,4.63,2.5,0.7,7.599999,0.0,0.0,0.0,0.0,0.0,28.3,24.4,22.8,25.3,-128.7,21.3,0.0,1.0,1.0,1.0,0.0,0.0,1.0,0.0,90.0,90.0,1
2025-04-14 09:56:31,16.37,4.62,2.5,0.7,7.4,0.0,0.0,0.0,0.0,0.0,28.3,24.4,22.8,25.3,-128.7,21.3,0.0,1.0,1.0,1.0,0.0,0.0,1.0,0.0,90.0,90.0,1
2025-04-14 09:56:32,16.38,4.62,2.5,0.7,7.0,0.0,0.0,0.0,0.0,0.0,28.3,24.4,22.8,25.3,-128.7,21.3,0.0,1.0,1.0,1.0,0.0,0.0,1.0,0.0,90.0,90.0,1
2025-04-14 09:56:33,16.38,4.62,2.5,0.7,7.2,0.0,0.0,0.0,0.0,0.0,28.3,24.4,22.8,25.3,-128.7,21.3,0.0,1.0,1.0,1.0,0.0,0.0,1.0,0.0,90.0,90.0,1
2025-04-14 09:56:34,16.4,4.61,2.5,0.7,7.3,0.0,0.0,0.0,0.0,0.0,28.3,24.4,22.8,25.3,-128.7,21.3,0.0,1.0,1.0,1.0,0.0,0.0,1.0,0.0,90.0,90.0,1
2025-04-14 09:56:35,16.41,4.62,2.5,0.7,7.099999,0.0,0.0,0.0,0.0,0.0,28.3,24.4,22.8,25.3,-128.7,21.2,0.0,1.0,1.0,1.0,0.0,0.0,1.0,0.0,90.0,90.0,1
2025-04-14 09:56:36,16.4,4.62,2.5,0.7,7.5,0.0,0.0,0.0,0.0,0.0,28.3,24.4,22.8,25.3,-128.7,21.4,0.0,1.0,1.0,1.0,0.0,0.0,1.0,0.0,90.0,90.0,1
2025-04-14 09:56:37,16.4,4.62,2.5,0.7,6.9,0.0,0.0,0.0,0.0,0.0,28.3,24.4,22.8,25.3,-128.7,21.3,0.0,1.0,1.0,1.0,0.0,0.0,1.0,0.0,90.0,90.0,1
2025-04-14 09:56:38,16.41,4.63,2.5,0.7,7.7,0.0,0.0,0.0,0.0,0.0,28.3,24.4,22.8,25.3,-128.7,21.4,0.0,1.0,1.0,1.0,0.0,0.0,1.0,0.0,90.0,90.0,1
2025-04-14 09:56:39,16.38,4.61,2.5,0.7,7.099999,0.0,0.0,0.0,0.0,0.0,28.3,24.4,22.8,25.3,-128.7,21.3,0.0,1.0,1.0,1.0,0.0,0.0,1.0,0.0,90.0,90.0,1
2025-04-14 09:56:40,16.37,4.62,2.5,0.7,6.9,0.0,0.0,0.0,0.0,0.0,28.3,24.4,22.8,25.3,-128.7,21.3,0.0,1.0,1.0,1.0,0.0,0.0,1.0,0.0,90.0,90.0,1
2025-04-14 09:56:41,16.4,4.62,2.5,0.7,8.299999,0.0,0.0,0.0,0.0,0.0,28.3,24.4,22.8,25.3,-128.7,21.3,0.0,1.0,1.0,1.0,0.0,0.0,1.0,0.0,90.0,90.0,1
2025-04-14 09:56:42,16.4,4.62,2.5,0.7,6.9,0.0,0.0,0.0,0.0,0.0,28.3,24.4,22.8,25.3,-128.7,21.3,0.0,1.0,1.0,1.0,0.0,0.0,1.0,0.0,90.0,90.0,1
2025-04-14 09:56:43,16.38,4.62,2.5,0.7,6.599999,0.0,0.0,0.0,0.0,0.0,28.3,24.4,22.8,25.3,-128.7,21.3,0.0,1.0,1.0,1.0,0.0,0.0,1.0,0.0,90.0,90.0,1
2025-04-14 09:56:44,16.4,4.61,2.5,0.7,7.2,0.0,0.0,0.0,0.0,0.0,28.3,24.4,22.8,25.3,-128.7,21.4,0.0,1.0,1.0,1.0,0.0,0.0,1.0,0.0,90.0,90.0,1
2025-04-14 09:56:45,16.38,4.62,2.5,0.7,7.3,0.0,0.0,0.0,0.0,0.0,28.3,24.4,22.8,25.3,-128.7,21.3,0.0,1.0,1.0,1.0,0.0,0.0,1.0,0.0,90.0,90.0,1
2025-04-14 09:56:46,16.4,4.62,2.5,0.7,7.3,0.0,0.0,0.0,0.0,0.0,28.3,24.4,22.8,25.3,-128.7,21.3,0.0,1.0,1.0,1.0,0.0,0.0,1.0,0.0,90.0,90.0,1
2025-04-14 09:56:47,16.4,4.62,2.5,0.7,7.2,0.0,0.0,0.0,0.0,0.0,28.3,24.4,22.8,25.3,-128.7,21.3,0.0,1.0,1.0,1.0,0.0,0.0,1.0,0.0,90.0,90.0,1
2025-04-14 09:56:48,16.4,4.62,2.5,0.7,7.0,0.0,0.0,0.0,0.0,0.0,28.3,24.4,22.8,25.3,-128.7,21.4,0.0,1.0,1.0,1.0,0.0,0.0,1.0,0.0,90.0,90.0,1
2025-04-14 09:56:49,16.38,4.61,2.5,0.7,6.9,0.0,0.0,0.0,0.0,0.0,28.3,24.4,22.8,25.3,-128.7,21.4,0.0,1.0,1.0,1.0,0.0,0.0,1.0,0.0,90.0,90.0,1
2025-04-14 09:56:50,16.38,4.61,2.6,0.7,7.599999,0.0,0.0,0.0,0.0,0.0,28.3,24.4,22.8,25.3,-128.7,21.3,0.0,1.0,1.0,1.0,0.0,0.0,1.0,0.0,90.0,90.0,1
2025-04-14 09:56:51,16.38,4.62,2.5,0.7,7.8,0.0,0.0,0.0,0.0,0.0,28.3,24.4,22.8,25.3,-128.7,21.3,0.0,1.0,1.0,1.0,0.0,0.0,1.0,0.0,90.0,90.0,1
2025-04-14 09:56:52,16.4,4.62,2.5,0.7,7.0,0.0,0.0,0.0,0.0,0.0,28.3,24.4,22.8,25.3,-128.7,21.3,0.0,1.0,1.0,1.0,0.0,0.0,1.0,0.0,90.0,90.0,1
2025-04-14 09:56:53,16.38,4.62,2.5,0.7,7.099999,0.0,0.0,0.0,0.0,0.0,28.3,24.4,22.8,25.3,-128.7,21.3,0.0,1.0,1.0,1.0,0.0,0.0,1.0,0.0,90.0,90.0,1
2025-04-14 09:56:54,16.37,4.62,2.6,0.7,7.2,0.0,0.0,0.0,0.0,0.0,28.3,24.4,22.8,25.3,-128.7,21.3,0.0,1.0,1.0,1.0,0.0,0.0,1.0,0.0,90.0,90.0,1
2025-04-14 09:56:55,16.38,4.62,2.5,0.7,6.9,0.0,0.0,0.0,0.0,0.0,28.3,24.4,22.8,25.3,-128.7,21.4,0.0,1.0,1.0,1.0,0.0,0.0,1.0,0.0,90.0,90.0,1
2025-04-14 09:56:56,16.38,4.61,2.5,0.7,6.9,0.0,0.0,0.0,0.0,0.0,28.3,24.4,22.8,25.3,-128.7,21.3,0.0,1.0,1.0,1.0,0.0,0.0,1.0,0.0,90.0,90.0,1
2025-04-14 09:56:57,16.38,4.62,2.5,0.7,7.2,0.0,0.0,0.0,0.0,0.0,28.3,24.4,22.8,25.3,-128.7,21.3,0.0,1.0,1.0,1.0,0.0,0.0,1.0,0.0,90.0,90.0,1
2025-04-14 09:56:58,16.38,4.62,2.5,0.7,7.4,0.0,0.0,0.0,0.0,0.0,28.3,24.4,22.8,25.2,-128.7,21.2,0.0,1.0,1.0,1.0,0.0,0.0,1.0,0.0,90.0,90.0,1
2025-04-14 09:56:59,16.38,4.61,2.5,0.7,7.7,0.0,0.0,0.0,0.0,0.0,28.3,24.4,22.8,25.2,-128.7,21.2,0.0,1.0,1.0,1.0,0.0,0.0,1.0,0.0,90.0,90.0,1
2025-04-14 09:57:00,16.38,4.62,2.5,0.7,7.5,0.0,0.0,0.0,0.0,0.0,28.3,24.4,22.8,25.2,-128.7,21.3,0.0,1.0,1.0,1.0,0.0,0.0,1.0,0.0,90.0,90.0,1
2025-04-14 09:57:01,16.38,4.6,2.5,0.7,7.8,0.0,0.0,0.0,0.0,0.0,28.3,24.4,22.8,25.2,-128.7,21.3,0.0,1.0,1.0,1.0,0.0,0.0,1.0,0.0,90.0,90.0,1
2025-04-14 09:57:02,16.4,4.61,2.5,0.7,8.0,0.0,0.0,0.0,0.0,0.0,28.3,24.4,22.8,25.2,-128.7,21.2,0.0,1.0,1.0,1.0,0.0,0.0,1.0,0.0,90.0,90.0,1
2025-04-14 09:57:03,16.4,4.62,2.5,0.7,7.599999,0.0,0.0,0.0,0.0,0.0,28.3,24.4,22.8,25.2,-128.7,21.3,0.0,1.0,1.0,1.0,0.0,0.0,1.0,0.0,90.0,90.0,1
2025-04-14 09:57:04,16.4,4.61,2.5,0.7,7.2,0.0,0.0,0.0,0.0,0.0,28.3,24.4,22.8,25.2,-128.7,21.3,0.0,1.0,1.0,1.0,0.0,0.0,1.0,0.0,90.0,90.0,1
2025-04-14 09:57:05,16.41,4.62,2.5,0.7,7.599999,0.0,0.0,0.0,0.0,0.0,28.3,24.4,22.8,25.2,-128.7,21.3,0.0,1.0,1.0,1.0,0.0,0.0,1.0,0.0,90.0,90.0,1
2025-04-14 09:57:06,16.42,4.6,2.5,0.7,7.2,0.0,0.0,0.0,0.0,0.0,28.3,24.4,22.8,25.2,-128.7,21.3,0.0,1.0,1.0,1.0,0.0,0.0,1.0,0.0,90.0,90.0,1
2025-04-14 09:57:07,16.42,4.62,2.5,0.7,7.9,0.0,0.0,0.0,0.0,0.0,28.3,24.4,22.8,25.2,-128.7,21.2,0.0,1.0,1.0,1.0,0.0,0.0,1.0,0.0,90.0,90.0,1
2025-04-14 09:57:08,16.42,4.62,2.5,0.7,7.2,0.0,0.0,0.0,0.0,0.0,28.3,24.4,22.8,25.2,-128.7,21.2,0.0,1.0,1.0,1.0,0.0,0.0,1.0,0.0,90.0,90.0,1
2025-04-14 09:57:09,16.4,4.6,2.5,0.7,7.0,0.0,0.0,0.0,0.0,0.0,28.3,24.4,22.8,25.2,-128.7,21.2,0.0,1.0,1.0,1.0,0.0,0.0,1.0,0.0,90.0,90.0,1
2025-04-14 09:57:10,16.4,4.62,2.5,0.7,7.9,0.0,0.0,0.0,0.0,0.0,28.3,24.4,22.8,25.2,-128.7,21.3,0.0,1.0,1.0,1.0,0.0,0.0,1.0,0.0,90.0,90.0,1
2025-04-14 09:57:11,16.4,4.61,2.5,0.7,7.4,0.0,0.0,0.0,0.0,0.0,28.3,24.4,22.8,25.2,-128.7,21.2,0.0,1.0,1.0,1.0,0.0,0.0,1.0,0.0,90.0,90.0,1
2025-04-14 09:57:12,16.4,4.62,2.5,0.7,7.2,0.0,0.0,0.0,0.0,0.0,28.3,24.4,22.8,25.2,-128.7,21.2,0.0,1.0,1.0,1.0,0.0,0.0,1.0,0.0,90.0,90.0,1
2025-04-14 09:57:13,16.4,4.62,2.5,0.7,6.7,0.0,0.0,0.0,0.0,0.0,28.3,24.4,22.8,25.2,-128.7,21.3,0.0,1.0,1.0,1.0,0.0,0.0,1.0,0.0,90.0,90.0,1
2025-04-14 09:57:14,16.4,4.62,2.5,0.7,7.3,0.0,0.0,0.0,0.0,0.0,28.3,24.4,22.9,25.2,-128.7,21.2,0.0,1.0,1.0,1.0,0.0,0.0,1.0,0.0,90.0,90.0,1
2025-04-14 09:57:15,16.41,4.62,2.5,0.7,7.099999,0.0,0.0,0.0,0.0,0.0,28.3,24.4,22.9,25.2,-128.7,21.3,0.0,1.0,1.0,1.0,0.0,0.0,1.0,0.0,90.0,90.0,1
2025-04-14 09:57:16,16.4,4.62,2.5,0.7,7.3,0.0,0.0,0.0,0.0,0.0,28.2,24.4,22.9,25.2,-128.7,21.1,0.0,1.0,1.0,1.0,0.0,0.0,1.0,0.0,90.0,90.0,1
2025-04-14 09:57:17,16.41,4.62,2.5,0.7,7.7,0.0,0.0,0.0,0.0,0.0,28.2,24.4,22.9,25.2,-128.7,21.2,0.0,1.0,1.0,1.0,0.0,0.0,1.0,0.0,90.0,90.0,1
2025-04-14 09:57:18,16.42,4.62,2.6,0.7,7.5,0.0,0.0,0.0,0.0,0.0,28.2,24.4,22.9,25.2,-128.7,21.1,0.0,1.0,1.0,1.0,0.0,0.0,1.0,0.0,90.0,90.0,1
2025-04-14 09:57:19,16.42,4.62,2.5,0.7,7.8,0.0,0.0,0.0,0.0,0.0,28.2,24.4,22.9,25.2,-128.7,21.1,0.0,1.0,1.0,1.0,0.0,0.0,1.0,0.0,90.0,90.0,1
2025-04-14 09:57:20,16.42,4.63,2.5,0.7,6.7,0.0,0.0,0.0,0.0,0.0,28.2,24.4,22.9,25.2,-128.7,21.2,0.0,1.0,1.0,1.0,0.0,0.0,1.0,0.0,90.0,90.0,1
2025-04-14 09:57:21,16.42,4.62,2.5,0.7,6.9,0.0,0.0,0.0,0.0,0.0,28.2,24.4,22.9,25.2,-128.7,21.1,0.0,1.0,1.0,1.0,0.0,0.0,1.0,0.0,90.0,90.0,1
2025-04-14 09:57:22,16.42,4.63,2.6,0.7,7.2,0.0,0.0,0.0,0.0,0.0,28.3,24.4,22.9,25.2,-128.7,21.2,0.0,1.0,1.0,1.0,0.0,0.0,1.0,0.0,90.0,90.0,1
2025-04-14 09:57:23,16.41,4.62,2.5,0.7,7.7,0.0,0.0,0.0,0.0,0.0,28.3,24.4,22.9,25.2,-128.7,21.2,0.0,1.0,1.0,1.0,0.0,0.0,1.0,0.0,90.0,90.0,1
2025-04-14 09:57:24,16.42,4.62,2.5,0.7,8.0,0.0,0.0,0.0,0.0,0.0,28.3,24.4,22.9,25.2,-128.7,21.1,0.0,1.0,1.0,1.0,0.0,0.0,1.0,0.0,90.0,90.0,1
2025-04-14 09:57:25,16.42,4.63,2.5,0.7,6.9,0.0,0.0,0.0,0.0,0.0,28.3,24.4,22.9,25.2,-128.7,21.2,0.0,1.0,1.0,1.0,0.0,0.0,1.0,0.0,90.0,90.0,1
2025-04-14 09:57:26,16.41,4.62,2.6,0.7,7.3,0.0,0.0,0.0,0.0,0.0,28.3,24.4,22.9,25.2,-128.7,21.1,0.0,1.0,1.0,1.0,0.0,0.0,1.0,0.0,90.0,90.0,1
2025-04-14 09:57:27,16.41,4.63,2.5,0.7,7.0,0.0,0.0,0.0,0.0,0.0,28.3,24.4,22.9,25.2,-128.7,21.3,0.0,1.0,1.0,1.0,0.0,0.0,1.0,0.0,90.0,90.0,1
2025-04-14 09:57:28,16.41,4.62,2.5,0.7,7.9,0.0,0.0,0.0,0.0,0.0,28.3,24.4,22.9,25.3,-128.7,21.3,0.0,1.0,1.0,1.0,0.0,0.0,1.0,0.0,90.0,90.0,1
2025-04-14 09:57:29,16.41,4.62,2.5,0.7,7.3,0.0,0.0,0.0,0.0,0.0,28.3,24.4,22.9,25.3,-128.7,21.3,0.0,1.0,1.0,1.0,0.0,0.0,1.0,0.0,90.0,90.0,1
2025-04-14 09:57:30,16.42,4.62,2.5,0.7,7.8,0.0,0.0,0.0,0.0,0.0,28.3,24.4,22.9,25.3,-128.7,21.3,0.0,1.0,1.0,1.0,0.0,0.0,1.0,0.0,90.0,90.0,1
2025-04-14 09:57:31,16.42,4.62,2.5,0.7,7.5,0.0,0.0,0.0,0.0,0.0,28.3,24.4,22.9,25.3,-128.7,21.2,0.0,1.0,1.0,1.0,0.0,0.0,1.0,0.0,90.0,90.0,1
2025-04-14 09:57:32,16.41,4.63,2.5,0.7,6.8,0.0,0.0,0.0,0.0,0.0,28.3,24.4,23.0,25.3,-128.7,21.3,0.0,1.0,1.0,1.0,0.0,0.0,1.0,0.0,90.0,90.0,1
2025-04-14 09:57:33,16.42,4.62,2.5,0.7,7.8,0.0,0.0,0.0,0.0,0.0,28.3,24.4,23.0,25.3,-128.7,21.2,0.0,1.0,1.0,1.0,0.0,0.0,1.0,0.0,90.0,90.0,1
2025-04-14 09:57:34,16.42,4.63,2.5,0.7,7.099999,0.0,0.0,0.0,0.0,0.0,28.3,24.4,23.0,25.3,-128.7,21.3,0.0,1.0,1.0,1.0,0.0,0.0,1.0,0.0,90.0,90.0,1
2025-04-14 09:57:35,16.42,4.62,2.5,0.7,6.9,0.0,0.0,0.0,0.0,0.0,28.3,24.4,23.0,25.3,-128.7,21.2,0.0,1.0,1.0,1.0,0.0,0.0,1.0,0.0,90.0,90.0,1
2025-04-14 09:57:36,16.43,4.63,2.5,0.7,7.9,0.0,0.0,0.0,0.0,0.0,28.3,24.4,23.0,25.3,-128.7,21.2,0.0,1.0,1.0,1.0,0.0,0.0,1.0,0.0,90.0,90.0,1
2025-04-14 09:57:37,16.43,4.63,2.5,0.7,7.099999,0.0,0.0,0.0,0.0,0.0,28.3,24.4,23.0,25.3,-128.7,21.2,0.0,1.0,1.0,1.0,0.0,0.0,1.0,0.0,90.0,90.0,1
2025-04-14 09:57:38,16.43,4.63,2.5,0.7,7.3,0.0,0.0,0.0,0.0,0.0,28.3,24.4,23.0,25.3,-128.7,21.2,0.0,1.0,1.0,1.0,0.0,0.0,1.0,0.0,90.0,90.0,1
2025-04-14 09:57:39,16.43,4.65,2.5,0.7,7.599999,0.0,0.0,0.0,0.0,0.0,28.3,24.4,23.0,25.3,-128.7,21.2,0.0,1.0,1.0,1.0,0.0,0.0,1.0,0.0,90.0,90.0,1
2025-04-14 09:57:40,16.43,4.63,2.5,0.7,7.599999,0.0,0.0,0.0,0.0,0.0,28.3,24.4,23.0,25.3,-128.7,21.2,0.0,1.0,1.0,1.0,0.0,0.0,1.0,0.0,90.0,90.0,1
2025-04-14 09:57:41,16.43,4.64,2.5,0.7,7.8,0.0,0.0,0.0,0.0,0.0,28.3,24.4,23.0,25.3,-128.7,21.3,0.0,1.0,1.0,1.0,0.0,0.0,1.0,0.0,90.0,90.0,1
2025-04-14 09:57:42,16.44,4.62,2.5,0.7,7.4,0.0,0.0,0.0,0.0,0.0,28.3,24.4,23.0,25.3,-128.7,21.2,0.0,1.0,1.0,1.0,0.0,0.0,1.0,0.0,90.0,90.0,1
2025-04-14 09:57:43,16.43,4.62,2.5,0.7,7.599999,0.0,0.0,0.0,0.0,0.0,28.3,24.4,23.0,25.3,-128.7,21.2,0.0,1.0,1.0,1.0,0.0,0.0,1.0,0.0,90.0,90.0,1
2025-04-14 09:57:44,16.41,4.62,2.5,0.7,7.3,0.0,0.0,0.0,0.0,0.0,28.3,24.4,23.0,25.3,-128.7,21.2,0.0,1.0,1.0,1.0,0.0,0.0,1.0,0.0,90.0,90.0,1
2025-04-14 09:57:45,16.42,4.63,2.5,0.7,7.3,0.0,0.0,0.0,0.0,0.0,28.3,24.4,23.0,25.3,-128.7,21.2,0.0,1.0,1.0,1.0,0.0,0.0,1.0,0.0,90.0,90.0,1
2025-04-14 09:57:46,16.42,4.63,2.6,0.7,7.3,0.0,0.0,0.0,0.0,0.0,28.3,24.4,23.0,25.3,-128.7,21.3,0.0,1.0,1.0,1.0,0.0,0.0,1.0,0.0,90.0,90.0,1
2025-04-14 09:57:47,16.41,4.62,2.5,0.7,7.599999,0.0,0.0,0.0,0.0,0.0,28.3,24.4,23.1,25.3,-128.7,21.2,0.0,1.0,1.0,1.0,0.0,0.0,1.0,0.0,90.0,90.0,1
2025-04-14 09:57:48,16.43,4.64,2.5,0.7,7.3,0.0,0.0,0.0,0.0,0.0,28.3,24.4,23.1,25.3,-128.7,21.3,0.0,1.0,1.0,1.0,0.0,0.0,1.0,0.0,90.0,90.0,1
2025-04-14 09:57:49,16.42,4.62,2.5,0.7,7.7,0.0,0.0,0.0,0.0,0.0,28.3,24.4,23.1,25.3,-128.7,21.2,0.0,1.0,1.0,1.0,0.0,0.0,1.0,0.0,90.0,90.0,1
2025-04-14 09:57:50,16.42,4.62,2.5,0.7,7.0,0.0,0.0,0.0,0.0,0.0,28.3,24.4,23.1,25.3,-128.7,21.3,0.0,1.0,1.0,1.0,0.0,0.0,1.0,0.0,90.0,90.0,1
2025-04-14 09:57:51,16.42,4.63,2.5,0.7,7.4,0.0,0.0,0.0,0.0,0.0,28.3,24.4,23.1,25.3,-128.7,21.2,0.0,1.0,1.0,1.0,0.0,0.0,1.0,0.0,90.0,90.0,1
2025-04-14 09:57:52,16.42,4.62,2.5,0.7,7.8,0.0,0.0,0.0,0.0,0.0,28.3,24.4,23.1,25.3,-128.7,21.2,0.0,1.0,1.0,1.0,0.0,0.0,1.0,0.0,90.0,90.0,1
2025-04-14 09:57:53,16.43,4.64,2.5,0.7,7.0,0.0,0.0,0.0,0.0,0.0,28.3,24.4,23.1,25.3,-128.7,21.2,0.0,1.0,1.0,1.0,0.0,0.0,1.0,0.0,90.0,90.0,1
2025-04-14 09:57:54,16.42,4.63,2.5,0.7,7.3,0.0,0.0,0.0,0.0,0.0,28.3,24.4,23.1,25.3,-128.7,21.2,0.0,1.0,1.0,1.0,0.0,0.0,1.0,0.0,90.0,90.0,1
2025-04-14 09:57:55,16.41,4.64,2.5,0.7,8.0,0.0,0.0,0.0,0.0,0.0,28.3,24.4,23.1,25.3,-128.7,21.2,0.0,1.0,1.0,1.0,0.0,0.0,1.0,0.0,90.0,90.0,1
2025-04-14 09:57:56,16.43,4.62,2.5,0.7,8.0,0.0,0.0,0.0,0.0,0.0,28.3,24.4,23.1,25.3,-128.7,21.2,0.0,1.0,1.0,1.0,0.0,0.0,1.0,0.0,90.0,90.0,1
2025-04-14 09:57:57,16.43,4.64,2.5,0.7,8.099999,0.0,0.0,0.0,0.0,0.0,28.3,24.4,23.1,25.3,-128.7,21.3,0.0,1.0,1.0,1.0,0.0,0.0,1.0,0.0,90.0,90.0,1
2025-04-14 09:57:58,16.42,4.62,2.5,0.7,7.8,0.0,0.0,0.0,0.0,0.0,28.3,24.4,23.1,25.3,-128.7,21.2,0.0,1.0,1.0,1.0,0.0,0.0,1.0,0.0,90.0,90.0,1
2025-04-14 09:57:59,16.42,4.64,2.5,0.7,8.0,0.0,0.0,0.0,0.0,0.0,28.3,24.4,23.1,25.3,-128.7,21.3,0.0,1.0,1.0,1.0,0.0,0.0,1.0,0.0,90.0,90.0,1
2025-04-14 09:58:00,16.43,4.62,2.5,0.7,7.8,0.0,0.0,0.0,0.0,0.0,28.3,24.4,23.2,25.3,-128.7,21.2,0.0,1.0,1.0,1.0,0.0,0.0,1.0,0.0,90.0,90.0,1
2025-04-14 09:58:01,16.43,4.62,2.5,0.7,7.2,0.0,0.0,0.0,0.0,0.0,28.3,24.4,23.2,25.3,-128.7,21.3,0.0,1.0,1.0,1.0,0.0,0.0,1.0,0.0,90.0,90.0,1
2025-04-14 09:58:02,16.42,4.62,2.5,0.7,7.0,0.0,0.0,0.0,0.0,0.0,28.3,24.4,23.2,25.3,-128.7,21.2,0.0,1.0,1.0,1.0,0.0,0.0,1.0,0.0,90.0,90.0,1
2025-04-14 09:58:03,16.42,4.62,2.5,0.7,7.099999,0.0,0.0,0.0,0.0,0.0,28.3,24.4,23.2,25.3,-128.7,21.2,0.0,1.0,1.0,1.0,0.0,0.0,1.0,0.0,90.0,90.0,1
2025-04-14 09:58:04,16.43,4.63,2.5,0.7,8.2,0.0,0.0,0.0,0.0,0.0,28.3,24.4,23.2,25.3,-128.7,21.3,0.0,1.0,1.0,1.0,0.0,0.0,1.0,0.0,90.0,90.0,1
2025-04-14 09:58:05,16.44,4.62,2.5,0.7,7.8,0.0,0.0,0.0,0.0,0.0,28.3,24.4,23.2,25.3,-128.7,21.3,0.0,1.0,1.0,1.0,0.0,0.0,1.0,0.0,90.0,90.0,1
2025-04-14 09:58:06,16.43,4.62,2.5,0.7,7.3,0.0,0.0,0.0,0.0,0.0,28.3,24.4,23.2,25.3,-128.7,21.4,0.0,1.0,1.0,1.0,0.0,0.0,1.0,0.0,90.0,90.0,1
2025-04-14 09:58:07,16.43,4.62,2.5,0.7,7.099999,0.0,0.0,0.0,0.0,0.0,28.3,24.4,23.2,25.3,-128.7,21.2,0.0,1.0,1.0,1.0,0.0,0.0,1.0,0.0,90.0,90.0,1
2025-04-14 09:58:08,16.42,4.62,2.5,0.7,6.9,0.0,0.0,0.0,0.0,0.0,28.3,24.4,23.2,25.3,-128.7,21.3,0.0,1.0,1.0,1.0,0.0,0.0,1.0,0.0,90.0,90.0,1
2025-04-14 09:58:09,16.43,4.62,2.5,0.7,7.8,0.0,0.0,0.0,0.0,0.0,28.3,24.4,23.2,25.3,-128.7,21.3,0.0,1.0,1.0,1.0,0.0,0.0,1.0,0.0,90.0,90.0,1
2025-04-14 09:58:10,16.43,4.62,2.5,0.7,7.5,0.0,0.0,0.0,0.0,0.0,28.3,24.4,23.2,25.3,-128.7,21.4,0.0,1.0,1.0,1.0,0.0,0.0,1.0,0.0,90.0,90.0,1
2025-04-14 09:58:11,16.42,4.62,2.5,0.7,7.8,0.0,0.0,0.0,0.0,0.0,28.3,24.4,23.2,25.3,-128.7,21.3,0.0,1.0,1.0,1.0,0.0,0.0,1.0,0.0,90.0,90.0,1
2025-04-14 09:58:12,16.44,4.62,2.5,0.7,6.8,0.0,0.0,0.0,0.0,0.0,28.2,24.4,23.2,25.3,-128.7,21.3,0.0,1.0,1.0,1.0,0.0,0.0,1.0,0.0,90.0,90.0,1
2025-04-14 09:58:13,16.44,4.62,2.5,0.7,7.599999,0.0,0.0,0.0,0.0,0.0,28.2,24.4,23.2,25.3,-128.7,21.3,0.0,1.0,1.0,1.0,0.0,0.0,1.0,0.0,90.0,90.0,1
2025-04-14 09:58:14,16.42,4.62,2.5,0.7,7.0,0.0,0.0,0.0,0.0,0.0,28.2,24.4,23.2,25.3,-128.7,21.2,0.0,1.0,1.0,1.0,0.0,0.0,1.0,0.0,90.0,90.0,1
2025-04-14 09:58:15,16.42,4.62,2.5,0.7,7.7,0.0,0.0,0.0,0.0,0.0,28.2,24.4,23.3,25.3,-128.7,21.3,0.0,1.0,1.0,1.0,0.0,0.0,1.0,0.0,90.0,90.0,1
2025-04-14 09:58:16,16.43,4.62,2.5,0.7,7.7,0.0,0.0,0.0,0.0,0.0,28.2,24.4,23.3,25.3,-128.7,21.2,0.0,1.0,1.0,1.0,0.0,0.0,1.0,0.0,90.0,90.0,1
2025-04-14 09:58:17,16.42,4.62,2.5,0.7,7.599999,0.0,0.0,0.0,0.0,0.0,28.2,24.4,23.3,25.3,-128.7,21.3,0.0,1.0,1.0,1.0,0.0,0.0,1.0,0.0,90.0,90.0,1
2025-04-14 09:58:18,16.42,4.62,2.5,0.7,7.5,0.0,0.0,0.0,0.0,0.0,28.2,24.4,23.3,25.3,-128.7,21.3,0.0,1.0,1.0,1.0,0.0,0.0,1.0,0.0,90.0,90.0,1
2025-04-14 09:58:19,16.42,4.62,2.5,0.7,7.4,0.0,0.0,0.0,0.0,0.0,28.2,24.4,23.3,25.3,-128.7,21.3,0.0,1.0,1.0,1.0,0.0,0.0,1.0,0.0,90.0,90.0,1
2025-04-14 09:58:20,16.42,4.62,2.5,0.7,7.4,0.0,0.0,0.0,0.0,0.0,28.2,24.4,23.3,25.3,-128.7,21.3,0.0,1.0,1.0,1.0,0.0,0.0,1.0,0.0,90.0,90.0,1
2025-04-14 09:58:21,16.42,4.61,2.5,0.7,7.599999,0.0,0.0,0.0,0.0,0.0,28.2,24.4,23.3,25.3,-128.7,21.3,0.0,1.0,1.0,1.0,0.0,0.0,1.0,0.0,90.0,90.0,1
2025-04-14 09:58:22,16.42,4.61,2.5,0.7,7.599999,0.0,0.0,0.0,0.0,0.0,28.2,24.4,23.3,25.3,-128.7,21.4,0.0,1.0,1.0,1.0,0.0,0.0,1.0,0.0,90.0,90.0,1
2025-04-14 09:58:23,16.42,4.61,2.5,0.7,7.599999,0.0,0.0,0.0,0.0,0.0,28.2,24.4,23.3,25.3,-128.7,21.3,0.0,1.0,1.0,1.0,0.0,0.0,1.0,0.0,90.0,90.0,1
2025-04-14 09:58:24,16.42,4.62,2.5,0.7,7.099999,0.0,0.0,0.0,0.0,0.0,28.2,24.4,23.3,25.3,-128.7,21.3,0.0,1.0,1.0,1.0,0.0,0.0,1.0,0.0,90.0,90.0,1
2025-04-14 09:58:25,16.41,4.62,2.5,0.7,7.0,0.0,0.0,0.0,0.0,0.0,28.2,24.4,23.3,25.3,-128.7,21.2,0.0,1.0,1.0,1.0,0.0,0.0,1.0,0.0,90.0,90.0,1
2025-04-14 09:58:26,16.42,4.62,2.6,0.7,7.599999,0.0,0.0,0.0,0.0,0.0,28.2,24.4,23.4,25.3,-128.7,21.3,0.0,1.0,1.0,1.0,0.0,0.0,1.0,0.0,90.0,90.0,1
2025-04-14 09:58:27,16.42,4.62,2.6,0.7,7.5,0.0,0.0,0.0,0.0,0.0,28.2,24.4,23.4,25.3,-128.7,21.3,0.0,1.0,1.0,1.0,0.0,0.0,1.0,0.0,90.0,90.0,1
2025-04-14 09:58:28,16.42,4.62,2.5,0.7,8.099999,0.0,0.0,0.0,0.0,0.0,28.2,24.4,23.4,25.3,-128.7,21.3,0.0,1.0,1.0,1.0,0.0,0.0,1.0,0.0,90.0,90.0,1
2025-04-14 09:58:29,16.42,4.62,2.6,0.7,7.099999,0.0,0.0,0.0,0.0,0.0,28.2,24.4,23.4,25.3,-128.7,21.3,0.0,1.0,1.0,1.0,0.0,0.0,1.0,0.0,90.0,90.0,1
2025-04-14 09:58:30,16.42,4.62,2.5,0.8,7.099999,0.0,0.0,0.0,0.0,0.0,28.2,24.4,23.4,25.3,-128.7,21.3,0.0,1.0,1.0,1.0,0.0,0.0,1.0,0.0,90.0,90.0,1
2025-04-14 09:58:31,16.42,4.63,2.5,0.7,7.099999,0.0,0.0,0.0,0.0,0.0,28.2,24.4,23.4,25.3,-128.7,21.4,0.0,1.0,1.0,1.0,0.0,0.0,1.0,0.0,90.0,90.0,1
2025-04-14 09:58:32,16.41,4.63,2.5,0.7,7.7,0.0,0.0,0.0,0.0,0.0,28.3,24.4,23.4,25.3,-128.7,21.2,0.0,1.0,1.0,1.0,0.0,0.0,1.0,0.0,90.0,90.0,1
2025-04-14 09:58:33,16.41,4.63,2.5,0.7,7.7,0.0,0.0,0.0,0.0,0.0,28.3,24.4,23.4,25.3,-128.7,21.4,0.0,1.0,1.0,1.0,0.0,0.0,1.0,0.0,90.0,90.0,1
2025-04-14 09:58:34,16.42,4.61,2.5,0.7,8.0,0.0,0.0,0.0,0.0,0.0,28.3,24.4,23.4,25.3,-128.7,21.3,0.0,1.0,1.0,1.0,0.0,0.0,1.0,0.0,90.0,90.0,1
2025-04-14 09:58:35,16.41,4.6,2.5,0.7,7.7,0.0,0.0,0.0,0.0,0.0,28.2,24.5,23.4,25.3,-128.7,21.4,0.0,1.0,1.0,1.0,0.0,0.0,1.0,0.0,90.0,90.0,1
2025-04-14 09:58:36,16.42,4.62,2.5,0.7,7.3,0.0,0.0,0.0,0.0,0.0,28.2,24.5,23.4,25.3,-128.7,21.3,0.0,1.0,1.0,1.0,0.0,0.0,1.0,0.0,90.0,90.0,1
2025-04-14 09:58:37,16.4,4.62,2.5,0.7,7.5,0.0,0.0,0.0,0.0,0.0,28.2,24.5,23.4,25.3,-128.7,21.4,0.0,1.0,1.0,1.0,0.0,0.0,1.0,0.0,90.0,90.0,1
2025-04-14 09:58:38,16.42,4.62,2.5,0.7,7.2,0.0,0.0,0.0,0.0,0.0,28.2,24.5,23.4,25.3,-128.7,21.3,0.0,1.0,1.0,1.0,0.0,0.0,1.0,0.0,90.0,90.0,1
2025-04-14 09:58:39,16.42,4.61,2.5,0.7,7.099999,0.0,0.0,0.0,0.0,0.0,28.2,24.5,23.4,25.3,-128.7,21.4,0.0,1.0,1.0,1.0,0.0,0.0,1.0,0.0,90.0,90.0,1
2025-04-14 09:58:40,16.42,4.62,2.5,0.7,7.2,0.0,0.0,0.0,0.0,0.0,28.2,24.5,23.4,25.3,-128.7,21.4,0.0,1.0,1.0,1.0,0.0,0.0,1.0,0.0,90.0,90.0,1
2025-04-14 09:58:41,16.42,4.62,2.5,0.7,7.8,0.0,0.0,0.0,0.0,0.0,28.2,24.5,23.5,25.3,-128.7,21.3,0.0,1.0,1.0,1.0,0.0,0.0,1.0,0.0,90.0,90.0,1
2025-04-14 09:58:42,16.42,4.62,2.5,0.7,7.8,0.0,0.0,0.0,0.0,0.0,28.2,24.5,23.5,25.3,-128.7,21.4,0.0,1.0,1.0,1.0,0.0,0.0,1.0,0.0,90.0,90.0,1
2025-04-14 09:58:43,16.41,4.61,2.5,0.7,7.099999,0.0,0.0,0.0,0.0,0.0,28.2,24.4,23.5,25.3,-128.7,21.3,0.0,1.0,1.0,1.0,0.0,0.0,1.0,0.0,90.0,90.0,1
2025-04-14 09:58:44,16.41,4.62,2.5,0.7,7.0,0.0,0.0,0.0,0.0,0.0,28.2,24.4,23.5,25.3,-128.7,21.3,0.0,1.0,1.0,1.0,0.0,0.0,1.0,0.0,90.0,90.0,1
2025-04-14 09:58:45,16.41,4.62,2.5,0.7,7.0,0.0,0.0,0.0,0.0,0.0,28.2,24.4,23.5,25.3,-128.7,21.4,0.0,1.0,1.0,1.0,0.0,0.0,1.0,0.0,90.0,90.0,1
2025-04-14 09:58:46,16.44,4.62,2.5,0.7,7.599999,0.0,0.0,0.0,0.0,0.0,28.2,24.4,23.5,25.3,-128.7,21.3,0.0,1.0,1.0,1.0,0.0,0.0,1.0,0.0,90.0,90.0,1
2025-04-14 09:58:47,16.44,4.62,2.5,0.7,7.599999,0.0,0.0,0.0,0.0,0.0,28.2,24.4,23.5,25.3,-128.7,21.4,0.0,1.0,1.0,1.0,0.0,0.0,1.0,0.0,90.0,90.0,1
2025-04-14 09:58:48,16.43,4.61,2.5,0.7,7.599999,0.0,0.0,0.0,0.0,0.0,28.2,24.4,23.5,25.3,-128.7,21.3,0.0,1.0,1.0,1.0,0.0,0.0,1.0,0.0,90.0,90.0,1
2025-04-14 09:58:49,16.44,4.62,2.5,0.7,7.5,0.0,0.0,0.0,0.0,0.0,28.2,24.4,23.5,25.3,-128.7,21.4,0.0,1.0,1.0,1.0,0.0,0.0,1.0,0.0,90.0,90.0,1
2025-04-14 09:58:50,16.44,4.62,2.5,0.7,7.0,0.0,0.0,0.0,0.0,0.0,28.2,24.4,23.5,25.4,-128.7,21.4,0.0,1.0,1.0,1.0,0.0,0.0,1.0,0.0,90.0,90.0,1
2025-04-14 09:58:51,16.43,4.62,2.5,0.7,7.2,0.0,0.0,0.0,0.0,0.0,28.2,24.4,23.5,25.4,-128.7,21.5,0.0,1.0,1.0,1.0,0.0,0.0,1.0,0.0,90.0,90.0,1
2025-04-14 09:58:52,16.44,4.61,2.5,0.7,7.7,0.0,0.0,0.0,0.0,0.0,28.2,24.4,23.5,25.4,-128.7,21.4,0.0,1.0,1.0,1.0,0.0,0.0,1.0,0.0,90.0,90.0,1
2025-04-14 09:58:53,16.43,4.63,2.5,0.7,8.2,0.0,0.0,0.0,0.0,0.0,28.2,24.4,23.5,25.4,-128.7,21.4,0.0,1.0,1.0,1.0,0.0,0.0,1.0,0.0,90.0,90.0,1
2025-04-14 09:58:54,16.42,4.62,2.5,0.7,7.4,0.0,0.0,0.0,0.0,0.0,28.3,24.4,23.5,25.4,-128.7,21.4,0.0,1.0,1.0,1.0,0.0,0.0,1.0,0.0,90.0,90.0,1
2025-04-14 09:58:55,16.42,4.62,2.5,0.7,7.4,0.0,0.0,0.0,0.0,0.0,28.3,24.4,23.5,25.4,-128.7,21.3,0.0,1.0,1.0,1.0,0.0,0.0,1.0,0.0,90.0,90.0,1
2025-04-14 09:58:56,16.41,4.63,2.5,0.7,7.8,0.0,0.0,0.0,0.0,0.0,28.3,24.4,23.5,25.4,-128.7,21.4,0.0,1.0,1.0,1.0,0.0,0.0,1.0,0.0,90.0,90.0,1
2025-04-14 09:58:57,16.43,4.61,2.5,0.7,6.7,0.0,0.0,0.0,0.0,0.0,28.3,24.4,23.5,25.4,-128.7,21.4,0.0,1.0,1.0,1.0,0.0,0.0,1.0,0.0,90.0,90.0,1
2025-04-14 09:58:58,16.42,4.62,2.5,0.7,8.099999,0.0,0.0,0.0,0.0,0.0,28.3,24.4,23.5,25.4,-128.7,21.5,0.0,1.0,1.0,1.0,0.0,0.0,1.0,0.0,90.0,90.0,1
2025-04-14 09:58:59,16.41,4.6,2.5,0.7,7.4,0.0,0.0,0.0,0.0,0.0,28.3,24.4,23.5,25.4,-128.7,21.4,0.0,1.0,1.0,1.0,0.0,0.0,1.0,0.0,90.0,90.0,1
2025-04-14 09:59:00,16.42,4.62,2.5,0.7,7.099999,0.0,0.0,0.0,0.0,0.0,28.3,24.4,23.5,25.4,-128.7,21.4,0.0,1.0,1.0,1.0,0.0,0.0,1.0,0.0,90.0,90.0,1
2025-04-14 09:59:01,16.42,4.62,2.5,0.7,7.099999,0.0,0.0,0.0,0.0,0.0,28.3,24.4,23.5,25.4,-128.7,21.5,0.0,1.0,1.0,1.0,0.0,0.0,1.0,0.0,90.0,90.0,1
2025-04-14 09:59:02,16.42,4.62,2.5,0.7,7.3,0.0,0.0,0.0,0.0,0.0,28.3,24.4,23.5,25.4,-128.7,21.4,0.0,1.0,1.0,1.0,0.0,0.0,1.0,0.0,90.0,90.0,1
2025-04-14 09:59:03,16.43,4.62,2.6,0.7,7.4,0.0,0.0,0.0,0.0,0.0,28.3,24.4,23.5,25.4,-128.7,21.4,0.0,1.0,1.0,1.0,0.0,0.0,1.0,0.0,90.0,90.0,1
2025-04-14 09:59:04,16.41,4.62,2.5,0.7,7.8,0.0,0.0,0.0,0.0,0.0,28.3,24.4,23.5,25.4,-128.7,21.4,0.0,1.0,1.0,1.0,0.0,0.0,1.0,0.0,90.0,90.0,1
2025-04-14 09:59:05,16.41,4.62,2.5,0.7,7.8,0.0,0.0,0.0,0.0,0.0,28.3,24.4,23.5,25.4,-128.7,21.5,0.0,1.0,1.0,1.0,0.0,0.0,1.0,0.0,90.0,90.0,1
2025-04-14 09:59:06,16.43,4.62,2.5,0.7,7.9,0.0,0.0,0.0,0.0,0.0,28.3,24.4,23.5,25.4,-128.7,21.4,0.0,1.0,1.0,1.0,0.0,0.0,1.0,0.0,90.0,90.0,1
2025-04-14 09:59:07,16.44,4.62,2.5,0.7,7.4,0.0,0.0,0.0,0.0,0.0,28.3,24.4,23.5,25.4,-128.7,21.4,0.0,1.0,1.0,1.0,0.0,0.0,1.0,0.0,90.0,90.0,1
2025-04-14 09:59:08,16.44,4.62,2.5,0.7,7.4,0.0,0.0,0.0,0.0,0.0,28.3,24.4,23.6,25.4,-128.7,21.5,0.0,1.0,1.0,1.0,0.0,0.0,1.0,0.0,90.0,90.0,1
2025-04-14 09:59:09,16.42,4.61,2.5,0.7,7.7,0.0,0.0,0.0,0.0,0.0,28.3,24.4,23.6,25.4,-128.7,21.4,0.0,1.0,1.0,1.0,0.0,0.0,1.0,0.0,90.0,90.0,1
2025-04-14 09:59:10,16.44,4.61,2.5,0.7,7.2,0.0,0.0,0.0,0.0,0.0,28.3,24.4,23.6,25.4,-128.7,21.5,0.0,1.0,1.0,1.0,0.0,0.0,1.0,0.0,90.0,90.0,1
2025-04-14 09:59:11,16.44,4.62,2.5,0.7,7.5,0.0,0.0,0.0,0.0,0.0,28.3,24.4,23.6,25.4,-128.7,21.4,0.0,1.0,1.0,1.0,0.0,0.0,1.0,0.0,90.0,90.0,1
2025-04-14 09:59:12,16.43,4.62,2.5,0.7,7.4,0.0,0.0,0.0,0.0,0.0,28.3,24.4,23.6,25.4,-128.7,21.5,0.0,1.0,1.0,1.0,0.0,0.0,1.0,0.0,90.0,90.0,1
2025-04-14 09:59:13,16.43,4.61,2.5,0.7,7.0,0.0,0.0,0.0,0.0,0.0,28.3,24.4,23.6,25.4,-128.7,21.3,0.0,1.0,1.0,1.0,0.0,0.0,1.0,0.0,90.0,90.0,1
2025-04-14 09:59:14,16.44,4.62,2.5,0.7,7.8,0.0,0.0,0.0,0.0,0.0,28.3,24.5,23.6,25.4,-128.7,21.4,0.0,1.0,1.0,1.0,0.0,0.0,1.0,0.0,90.0,90.0,1
2025-04-14 09:59:15,16.44,4.61,2.5,0.7,7.4,0.0,0.0,0.0,0.0,0.0,28.3,24.5,23.6,25.4,-128.7,21.5,0.0,1.0,1.0,1.0,0.0,0.0,1.0,0.0,90.0,90.0,1
2025-04-14 09:59:16,16.43,4.62,2.5,0.7,7.5,0.0,0.0,0.0,0.0,0.0,28.3,24.5,23.6,25.4,-128.7,21.4,0.0,1.0,1.0,1.0,0.0,0.0,1.0,0.0,90.0,90.0,1
2025-04-14 09:59:17,16.43,4.62,2.5,0.7,7.5,0.0,0.0,0.0,0.0,0.0,28.3,24.5,23.6,25.4,-128.7,21.5,0.0,1.0,1.0,1.0,0.0,0.0,1.0,0.0,90.0,90.0,1
2025-04-14 09:59:18,16.43,4.62,2.5,0.7,7.2,0.0,0.0,0.0,0.0,0.0,28.3,24.5,23.6,25.4,-128.7,21.4,0.0,1.0,1.0,1.0,0.0,0.0,1.0,0.0,90.0,90.0,1
2025-04-14 09:59:19,16.43,4.62,2.5,0.7,7.2,0.0,0.0,0.0,0.0,0.0,28.3,24.5,23.6,25.4,-128.7,21.5,0.0,1.0,1.0,1.0,0.0,0.0,1.0,0.0,90.0,90.0,1
2025-04-14 09:59:20,16.44,4.61,2.5,0.7,7.599999,0.0,0.0,0.0,0.0,0.0,28.3,24.5,23.6,25.4,-128.7,21.4,0.0,1.0,1.0,1.0,0.0,0.0,1.0,0.0,90.0,90.0,1
2025-04-14 09:59:21,16.44,4.62,2.5,0.7,7.4,0.0,0.0,0.0,0.0,0.0,28.3,24.5,23.6,25.4,-128.7,21.5,0.0,1.0,1.0,1.0,0.0,0.0,1.0,0.0,90.0,90.0,1
2025-04-14 09:59:22,16.42,4.6,2.5,0.7,7.099999,0.0,0.0,0.0,0.0,0.0,28.3,24.5,23.6,25.4,-128.7,21.4,0.0,1.0,1.0,1.0,0.0,0.0,1.0,0.0,90.0,90.0,1
2025-04-14 09:59:23,16.42,4.6,2.5,0.7,7.099999,0.0,0.0,0.0,0.0,0.0,28.3,24.5,23.6,25.4,-128.7,21.4,0.0,1.0,1.0,1.0,0.0,0.0,1.0,0.0,90.0,90.0,1
2025-04-14 09:59:24,16.43,4.61,2.5,0.7,7.9,0.0,0.0,0.0,0.0,0.0,28.3,24.5,23.6,25.4,-128.7,21.5,0.0,1.0,1.0,1.0,0.0,0.0,1.0,0.0,90.0,90.0,1
2025-04-14 09:59:25,16.46,4.62,2.5,0.7,7.5,0.0,0.0,0.0,0.0,0.0,28.3,24.5,23.6,25.4,-128.7,21.4,0.0,1.0,1.0,1.0,0.0,0.0,1.0,0.0,90.0,90.0,1
2025-04-14 09:59:26,16.44,4.62,2.5,0.7,6.8,0.0,0.0,0.0,0.0,0.0,28.3,24.5,23.6,25.4,-128.7,21.5,0.0,1.0,1.0,1.0,0.0,0.0,1.0,0.0,90.0,90.0,1
2025-04-14 09:59:27,16.43,4.61,2.5,0.7,7.099999,0.0,0.0,0.0,0.0,0.0,28.3,24.5,23.6,25.4,-128.7,21.4,0.0,1.0,1.0,1.0,0.0,0.0,1.0,0.0,90.0,90.0,1
2025-04-14 09:59:28,16.42,4.62,2.5,0.7,7.3,0.0,0.0,0.0,0.0,0.0,28.3,24.5,23.6,25.4,-128.7,21.4,0.0,1.0,1.0,1.0,0.0,0.0,1.0,0.0,90.0,90.0,1
2025-04-14 09:59:29,16.42,4.62,2.5,0.7,7.3,0.0,0.0,0.0,0.0,0.0,28.3,24.5,23.6,25.4,-128.7,21.5,0.0,1.0,1.0,1.0,0.0,0.0,1.0,0.0,90.0,90.0,1
2025-04-14 09:59:30,16.44,4.63,2.5,0.7,7.4,0.0,0.0,0.0,0.0,0.0,28.3,24.5,23.6,25.4,-128.7,21.4,0.0,1.0,1.0,1.0,0.0,0.0,1.0,0.0,90.0,90.0,1
2025-04-14 09:59:31,16.43,4.61,2.5,0.7,7.099999,0.0,0.0,0.0,0.0,0.0,28.3,24.5,23.6,25.4,-128.7,21.5,0.0,1.0,1.0,1.0,0.0,0.0,1.0,0.0,90.0,90.0,1
2025-04-14 09:59:32,16.46,4.62,2.5,0.7,7.7,0.0,0.0,0.0,0.0,0.0,28.3,24.5,23.6,25.4,-128.7,21.4,0.0,1.0,1.0,1.0,0.0,0.0,1.0,0.0,90.0,90.0,1
2025-04-14 09:59:33,16.46,4.62,2.5,0.7,7.7,0.0,0.0,0.0,0.0,0.0,28.3,24.5,23.6,25.4,-128.7,21.4,0.0,1.0,1.0,1.0,0.0,0.0,1.0,0.0,90.0,90.0,1
2025-04-14 09:59:34,16.46,4.62,2.5,0.7,6.9,0.0,0.0,0.0,0.0,0.0,28.3,24.5,23.6,25.4,-128.7,21.4,0.0,1.0,1.0,1.0,0.0,0.0,1.0,0.0,90.0,90.0,1
2025-04-14 09:59:35,16.44,4.62,2.5,0.7,7.3,0.0,0.0,0.0,0.0,0.0,28.3,24.5,23.6,25.4,-128.7,21.4,0.0,1.0,1.0,1.0,0.0,0.0,1.0,0.0,90.0,90.0,1
2025-04-14 09:59:36,16.46,4.61,2.5,0.7,7.4,0.0,0.0,0.0,0.0,0.0,28.3,24.5,23.6,25.4,-128.7,21.5,0.0,1.0,1.0,1.0,0.0,0.0,1.0,0.0,90.0,90.0,1
2025-04-14 09:59:37,16.46,4.63,2.5,0.7,7.3,0.0,0.0,0.0,0.0,0.0,28.3,24.5,23.6,25.4,-128.7,21.3,0.0,1.0,1.0,1.0,0.0,0.0,1.0,0.0,90.0,90.0,1
2025-04-14 09:59:38,16.46,4.62,2.5,0.7,6.9,0.0,0.0,0.0,0.0,0.0,28.3,24.5,23.6,25.4,-128.7,21.4,0.0,1.0,1.0,1.0,0.0,0.0,1.0,0.0,90.0,90.0,1
2025-04-14 09:59:39,16.46,4.62,2.5,0.7,7.099999,0.0,0.0,0.0,0.0,0.0,28.3,24.5,23.6,25.4,-128.7,21.3,0.0,1.0,1.0,1.0,0.0,0.0,1.0,0.0,90.0,90.0,1
2025-04-14 09:59:40,16.47,4.62,2.5,0.7,7.8,0.0,0.0,0.0,0.0,0.0,28.3,24.5,23.6,25.4,-128.7,21.4,0.0,1.0,1.0,1.0,0.0,0.0,1.0,0.0,90.0,90.0,1
2025-04-14 09:59:41,16.46,4.62,2.5,0.7,6.9,0.0,0.0,0.0,0.0,0.0,28.3,24.5,23.6,25.4,-128.7,21.3,0.0,1.0,1.0,1.0,0.0,0.0,1.0,0.0,90.0,90.0,1
2025-04-14 09:59:42,16.46,4.63,2.5,0.7,7.7,0.0,0.0,0.0,0.0,0.0,28.3,24.5,23.6,25.4,-128.7,21.4,0.0,1.0,1.0,1.0,0.0,0.0,1.0,0.0,90.0,90.0,1
2025-04-14 09:59:43,16.46,4.62,2.5,0.7,7.9,0.0,0.0,0.0,0.0,0.0,28.3,24.5,23.6,25.4,-128.7,21.4,0.0,1.0,1.0,1.0,0.0,0.0,1.0,0.0,90.0,90.0,1
2025-04-14 09:59:44,16.46,4.62,2.5,0.7,7.9,0.0,0.0,0.0,0.0,0.0,28.3,24.5,23.6,25.4,-128.7,21.3,0.0,1.0,1.0,1.0,0.0,0.0,1.0,0.0,90.0,90.0,1
2025-04-14 09:59:45,16.44,4.62,2.5,0.7,6.9,0.0,0.0,0.0,0.0,0.0,28.3,24.5,23.6,25.4,-128.7,21.4,0.0,1.0,1.0,1.0,0.0,0.0,1.0,0.0,90.0,90.0,1
2025-04-14 09:59:46,16.46,4.62,2.5,0.7,6.9,0.0,0.0,0.0,0.0,0.0,28.3,24.5,23.6,25.4,-128.7,21.3,0.0,1.0,1.0,1.0,0.0,0.0,1.0,0.0,90.0,90.0,1
2025-04-14 09:59:47,16.44,4.62,2.5,0.7,6.9,0.0,0.0,0.0,0.0,0.0,28.3,24.5,23.6,25.4,-128.7,21.4,0.0,1.0,1.0,1.0,0.0,0.0,1.0,0.0,90.0,90.0,1
2025-04-14 09:59:48,16.46,4.62,2.5,0.7,6.9,0.0,0.0,0.0,0.0,0.0,28.3,24.5,23.6,25.4,-128.7,21.4,0.0,1.0,1.0,1.0,0.0,0.0,1.0,0.0,90.0,90.0,1
2025-04-14 09:59:49,16.44,4.63,2.5,0.7,6.599999,0.0,0.0,0.0,0.0,0.0,28.3,24.5,23.6,25.4,-128.7,21.4,0.0,1.0,1.0,1.0,0.0,0.0,1.0,0.0,90.0,90.0,1
2025-04-14 09:59:50,16.44,4.62,2.5,0.7,7.099999,0.0,0.0,0.0,0.0,0.0,28.3,24.5,23.6,25.4,-128.7,21.3,0.0,1.0,1.0,1.0,0.0,0.0,1.0,0.0,90.0,90.0,1
2025-04-14 09:59:51,16.46,4.64,2.5,0.7,7.099999,0.0,0.0,0.0,0.0,0.0,28.3,24.5,23.6,25.4,-128.7,21.3,0.0,1.0,1.0,1.0,0.0,0.0,1.0,0.0,90.0,90.0,1
2025-04-14 09:59:52,16.46,4.62,2.5,0.7,8.0,0.0,0.0,0.0,0.0,0.0,28.3,24.5,23.6,25.4,-128.7,21.4,0.0,1.0,1.0,1.0,0.0,0.0,1.0,0.0,90.0,90.0,1
2025-04-14 09:59:53,16.46,4.64,2.5,0.7,8.0,0.0,0.0,0.0,0.0,0.0,28.3,24.5,23.6,25.4,-128.7,21.3,0.0,1.0,1.0,1.0,0.0,0.0,1.0,0.0,90.0,90.0,1
2025-04-14 09:59:54,16.46,4.64,2.5,0.7,8.0,0.0,0.0,0.0,0.0,0.0,28.3,24.5,23.6,25.4,-128.7,21.3,0.0,1.0,1.0,1.0,0.0,0.0,1.0,0.0,90.0,90.0,1
2025-04-14 09:59:55,16.47,4.62,2.5,0.7,7.5,0.0,0.0,0.0,0.0,0.0,28.3,24.5,23.6,25.4,-128.7,21.3,0.0,1.0,1.0,1.0,0.0,0.0,1.0,0.0,90.0,90.0,1
2025-04-14 09:59:56,16.46,4.64,2.5,0.7,7.4,0.0,0.0,0.0,0.0,0.0,28.3,24.5,23.6,25.4,-128.7,21.3,0.0,1.0,1.0,1.0,0.0,0.0,1.0,0.0,90.0,90.0,1
2025-04-14 09:59:57,16.47,4.62,2.5,0.7,7.2,0.0,0.0,0.0,0.0,0.0,28.3,24.5,23.6,25.4,-128.7,21.4,0.0,1.0,1.0,1.0,0.0,0.0,1.0,0.0,90.0,90.0,1
2025-04-14 09:59:58,16.47,4.64,2.5,0.7,7.2,0.0,0.0,0.0,0.0,0.0,28.3,24.5,23.6,25.4,-128.7,21.3,0.0,1.0,1.0,1.0,0.0,0.0,1.0,0.0,90.0,90.0,1
2025-04-14 09:59:59,16.47,4.63,2.5,0.7,7.0,0.0,0.0,0.0,0.0,0.0,28.3,24.5,23.6,25.4,-128.7,21.4,0.0,1.0,1.0,1.0,0.0,0.0,1.0,0.0,90.0,90.0,1
2025-04-14 10:00:00,16.47,4.62,2.5,0.7,7.7,0.0,0.0,0.0,0.0,0.0,28.3,24.5,23.6,25.4,-128.7,21.4,0.0,1.0,1.0,1.0,0.0,0.0,1.0,0.0,90.0,90.0,1
