Using device: cuda
Loading Source Train...
Using Mean/Std calculated from Source Train (mean[0]=5.433720529987505, std[0]=0.22055395733663094)
Loading Target Train...
Epoch: [0][ 10/112]	L_Src_Sup 1.9674e+00 (1.9853e+00)	L_Trg_Inj 1.9653e+00 (1.9824e+00)	Loss Disc 7.1881e-01 (7.2203e-01)	Loss Pred 1.5057e+00 (1.5863e+00)	Loss TOTAL 2.2605e+00 (2.3474e+00)
Epoch: [0][ 20/112]	L_Src_Sup 9.2567e-01 (1.8437e+00)	L_Trg_Inj 6.0145e-01 (1.8279e+00)	Loss Disc 7.0885e-01 (7.1783e-01)	Loss Pred 1.5767e+00 (1.5791e+00)	Loss TOTAL 2.4081e+00 (2.3289e+00)
Epoch: [0][ 30/112]	L_Src_Sup 1.5777e+00 (1.6799e+00)	L_Trg_Inj 1.6724e+00 (1.6661e+00)	Loss Disc 7.0025e-01 (7.1323e-01)	Loss Pred 1.5778e+00 (1.5708e+00)	Loss TOTAL 2.2529e+00 (2.2923e+00)
Epoch: [0][ 40/112]	L_Src_Sup 2.6249e-01 (1.3650e+00)	L_Trg_Inj 3.5303e-01 (1.3701e+00)	Loss Disc 6.9596e-01 (7.0923e-01)	Loss Pred 1.5560e+00 (1.5608e+00)	Loss TOTAL 1.9655e+00 (2.2286e+00)
Epoch: [0][ 50/112]	L_Src_Sup 4.4687e-01 (1.1277e+00)	L_Trg_Inj 4.1038e-01 (1.1696e+00)	Loss Disc 6.9434e-01 (7.0638e-01)	Loss Pred 1.5119e+00 (1.5525e+00)	Loss TOTAL 1.9812e+00 (2.1688e+00)
Epoch: [0][ 60/112]	L_Src_Sup 1.4286e-01 (9.9930e-01)	L_Trg_Inj 4.7100e-01 (1.0601e+00)	Loss Disc 6.9333e-01 (7.0430e-01)	Loss Pred 1.4882e+00 (1.5403e+00)	Loss TOTAL 1.8963e+00 (2.1296e+00)
Epoch: [0][ 70/112]	L_Src_Sup 1.4193e-01 (8.7726e-01)	L_Trg_Inj 2.3507e-01 (9.6670e-01)	Loss Disc 6.9281e-01 (7.0266e-01)	Loss Pred 1.4650e+00 (1.5305e+00)	Loss TOTAL 1.8491e+00 (2.0936e+00)
Epoch: [0][ 80/112]	L_Src_Sup 0.0000e+00 (8.1292e-01)	L_Trg_Inj 4.5760e-01 (9.0965e-01)	Loss Disc 6.9193e-01 (7.0133e-01)	Loss Pred 1.4533e+00 (1.5195e+00)	Loss TOTAL 1.8450e+00 (2.0722e+00)
Epoch: [0][ 90/112]	L_Src_Sup 2.2858e-01 (7.4898e-01)	L_Trg_Inj 5.4665e-01 (8.6383e-01)	Loss Disc 6.8967e-01 (7.0018e-01)	Loss Pred 1.3923e+00 (1.5073e+00)	Loss TOTAL 1.8147e+00 (2.0454e+00)
Epoch: [0][100/112]	L_Src_Sup 3.4215e-01 (6.9481e-01)	L_Trg_Inj 4.5829e-01 (8.2025e-01)	Loss Disc 6.8923e-01 (6.9911e-01)	Loss Pred 1.4109e+00 (1.4963e+00)	Loss TOTAL 1.8356e+00 (2.0220e+00)
Epoch: [0][110/112]	L_Src_Sup 1.5360e-01 (6.4783e-01)	L_Trg_Inj 3.5833e-01 (7.7305e-01)	Loss Disc 6.8808e-01 (6.9817e-01)	Loss Pred 1.3857e+00 (1.4862e+00)	Loss TOTAL 1.7809e+00 (2.0012e+00)
Epoch: [0][112/112]	L_Src_Sup 2.5019e-01 (6.3850e-01)	L_Trg_Inj 3.0531e-01 (7.6608e-01)	Loss Disc 6.8873e-01 (6.9797e-01)	Loss Pred 1.3666e+00 (1.4841e+00)	Loss TOTAL 1.7665e+00 (1.9970e+00)
Epoch 0 complete. Saving model state...
Epoch: [1][ 10/112]	L_Src_Sup 7.0539e-02 (1.9848e-01)	L_Trg_Inj 4.9827e-01 (4.0729e-01)	Loss Disc 6.8549e-01 (6.8727e-01)	Loss Pred 1.3542e+00 (1.3597e+00)	Loss TOTAL 1.7539e+00 (1.7833e+00)
Epoch: [1][ 20/112]	L_Src_Sup 1.2561e-01 (1.9387e-01)	L_Trg_Inj 3.8857e-01 (4.0992e-01)	Loss Disc 6.8488e-01 (6.8608e-01)	Loss Pred 1.3259e+00 (1.3451e+00)	Loss TOTAL 1.7197e+00 (1.7594e+00)
Epoch: [1][ 30/112]	L_Src_Sup 1.8166e-01 (2.1952e-01)	L_Trg_Inj 3.9406e-01 (4.3047e-01)	Loss Disc 6.8655e-01 (6.8577e-01)	Loss Pred 1.2822e+00 (1.3351e+00)	Loss TOTAL 1.6830e+00 (1.7547e+00)
Epoch: [1][ 40/112]	L_Src_Sup 1.4283e-01 (2.2691e-01)	L_Trg_Inj 3.2660e-01 (4.2492e-01)	Loss Disc 6.8740e-01 (6.8542e-01)	Loss Pred 1.2989e+00 (1.3249e+00)	Loss TOTAL 1.6895e+00 (1.7484e+00)
Epoch: [1][ 50/112]	L_Src_Sup 2.2274e-01 (2.1177e-01)	L_Trg_Inj 3.3009e-01 (4.0203e-01)	Loss Disc 6.8629e-01 (6.8536e-01)	Loss Pred 1.2656e+00 (1.3165e+00)	Loss TOTAL 1.6640e+00 (1.7354e+00)
Epoch: [1][ 60/112]	L_Src_Sup 1.1843e-01 (2.1732e-01)	L_Trg_Inj 2.8727e-01 (3.9638e-01)	Loss Disc 6.9190e-01 (6.8536e-01)	Loss Pred 1.2529e+00 (1.3074e+00)	Loss TOTAL 1.6394e+00 (1.7246e+00)
Epoch: [1][ 70/112]	L_Src_Sup 3.0035e-01 (2.2105e-01)	L_Trg_Inj 4.4237e-01 (4.0256e-01)	Loss Disc 6.8002e-01 (6.8521e-01)	Loss Pred 1.2398e+00 (1.3004e+00)	Loss TOTAL 1.6541e+00 (1.7170e+00)
Epoch: [1][ 80/112]	L_Src_Sup 1.4286e-01 (2.1101e-01)	L_Trg_Inj 1.1914e-01 (3.8582e-01)	Loss Disc 6.8817e-01 (6.8538e-01)	Loss Pred 1.2324e+00 (1.2927e+00)	Loss TOTAL 1.6264e+00 (1.7055e+00)
Epoch: [1][ 90/112]	L_Src_Sup 4.0185e-01 (2.1373e-01)	L_Trg_Inj 2.9533e-01 (3.8652e-01)	Loss Disc 6.9174e-01 (6.8553e-01)	Loss Pred 1.2111e+00 (1.2842e+00)	Loss TOTAL 1.7332e+00 (1.6987e+00)
Epoch: [1][100/112]	L_Src_Sup 0.0000e+00 (2.1119e-01)	L_Trg_Inj 5.4672e-01 (3.8631e-01)	Loss Disc 6.8038e-01 (6.8536e-01)	Loss Pred 1.2014e+00 (1.2755e+00)	Loss TOTAL 1.5963e+00 (1.6903e+00)
Epoch: [1][110/112]	L_Src_Sup 6.3335e-01 (2.0888e-01)	L_Trg_Inj 2.8458e-01 (3.8426e-01)	Loss Disc 6.9103e-01 (6.8553e-01)	Loss Pred 1.1707e+00 (1.2671e+00)	Loss TOTAL 1.9568e+00 (1.6839e+00)
Epoch: [1][112/112]	L_Src_Sup 3.0600e-01 (2.1147e-01)	L_Trg_Inj 3.7711e-01 (3.8536e-01)	Loss Disc 6.8886e-01 (6.8557e-01)	Loss Pred 1.1504e+00 (1.2654e+00)	Loss TOTAL 1.5631e+00 (1.6824e+00)
Epoch 1 complete. Saving model state...
Epoch: [2][ 10/112]	L_Src_Sup 3.3293e-01 (2.3681e-01)	L_Trg_Inj 3.5214e-01 (4.4888e-01)	Loss Disc 6.9011e-01 (6.8722e-01)	Loss Pred 1.1710e+00 (1.1676e+00)	Loss TOTAL 1.5846e+00 (1.6071e+00)
Epoch: [2][ 20/112]	L_Src_Sup 3.0812e-01 (2.0450e-01)	L_Trg_Inj 2.4164e-01 (3.5459e-01)	Loss Disc 6.8992e-01 (6.8759e-01)	Loss Pred 1.1520e+00 (1.1625e+00)	Loss TOTAL 1.6184e+00 (1.5979e+00)
Epoch: [2][ 30/112]	L_Src_Sup 1.4269e-01 (2.0854e-01)	L_Trg_Inj 2.9479e-01 (3.8602e-01)	Loss Disc 6.8868e-01 (6.8758e-01)	Loss Pred 1.1336e+00 (1.1546e+00)	Loss TOTAL 1.5217e+00 (1.5872e+00)
Epoch: [2][ 40/112]	L_Src_Sup 5.2914e-05 (2.0600e-01)	L_Trg_Inj 5.3124e-01 (3.6748e-01)	Loss Disc 6.8889e-01 (6.8774e-01)	Loss Pred 1.1189e+00 (1.1476e+00)	Loss TOTAL 1.5165e+00 (1.5807e+00)
Epoch: [2][ 50/112]	L_Src_Sup 6.6641e-01 (2.3399e-01)	L_Trg_Inj 9.9264e-01 (3.9675e-01)	Loss Disc 6.8702e-01 (6.8725e-01)	Loss Pred 1.1045e+00 (1.1400e+00)	Loss TOTAL 1.6139e+00 (1.5729e+00)
Epoch: [2][ 60/112]	L_Src_Sup 2.3523e-01 (2.2294e-01)	L_Trg_Inj 3.3088e-01 (3.9314e-01)	Loss Disc 6.8753e-01 (6.8701e-01)	Loss Pred 1.0905e+00 (1.1334e+00)	Loss TOTAL 1.4908e+00 (1.5603e+00)
Epoch: [2][ 70/112]	L_Src_Sup 5.7798e-01 (2.3404e-01)	L_Trg_Inj 4.6400e-01 (3.9660e-01)	Loss Disc 6.8760e-01 (6.8694e-01)	Loss Pred 1.0789e+00 (1.1261e+00)	Loss TOTAL 1.6408e+00 (1.5589e+00)
Epoch: [2][ 80/112]	L_Src_Sup 2.8565e-01 (2.2611e-01)	L_Trg_Inj 3.9760e-01 (4.0980e-01)	Loss Disc 6.8628e-01 (6.8624e-01)	Loss Pred 1.0585e+00 (1.1191e+00)	Loss TOTAL 1.4700e+00 (1.5523e+00)
Epoch: [2][ 90/112]	L_Src_Sup 3.0788e-01 (2.2303e-01)	L_Trg_Inj 4.7653e-01 (4.1240e-01)	Loss Disc 6.8056e-01 (6.8577e-01)	Loss Pred 1.0541e+00 (1.1121e+00)	Loss TOTAL 1.4728e+00 (1.5428e+00)
Epoch: [2][100/112]	L_Src_Sup 2.8676e-01 (2.2549e-01)	L_Trg_Inj 4.3564e-01 (4.1739e-01)	Loss Disc 6.8315e-01 (6.8553e-01)	Loss Pred 1.0403e+00 (1.1053e+00)	Loss TOTAL 1.4541e+00 (1.5344e+00)
Epoch: [2][110/112]	L_Src_Sup 2.1049e-01 (2.2552e-01)	L_Trg_Inj 3.0512e-01 (4.1611e-01)	Loss Disc 6.8710e-01 (6.8546e-01)	Loss Pred 1.0252e+00 (1.0986e+00)	Loss TOTAL 1.4203e+00 (1.5258e+00)
Epoch: [2][112/112]	L_Src_Sup 0.0000e+00 (2.2261e-01)	L_Trg_Inj 3.7606e-01 (4.1545e-01)	Loss Disc 6.8566e-01 (6.8547e-01)	Loss Pred 1.0236e+00 (1.0973e+00)	Loss TOTAL 1.4041e+00 (1.5237e+00)
Epoch 2 complete. Saving model state...
Epoch: [3][ 10/112]	L_Src_Sup 1.9821e-01 (2.5680e-01)	L_Trg_Inj 4.8034e-01 (3.6181e-01)	Loss Disc 6.8606e-01 (6.8787e-01)	Loss Pred 1.0113e+00 (1.0181e+00)	Loss TOTAL 1.4222e+00 (1.4451e+00)
Epoch: [3][ 20/112]	L_Src_Sup 1.1110e-01 (2.3481e-01)	L_Trg_Inj 4.4813e-01 (3.6166e-01)	Loss Disc 6.8745e-01 (6.8800e-01)	Loss Pred 1.0000e+00 (1.0121e+00)	Loss TOTAL 1.3997e+00 (1.4375e+00)
Epoch: [3][ 30/112]	L_Src_Sup 1.1761e-01 (2.0293e-01)	L_Trg_Inj 4.6293e-01 (3.8861e-01)	Loss Disc 6.8622e-01 (6.8763e-01)	Loss Pred 9.8869e-01 (1.0061e+00)	Loss TOTAL 1.3899e+00 (1.4236e+00)
Epoch: [3][ 40/112]	L_Src_Sup 1.9995e-01 (1.8923e-01)	L_Trg_Inj 1.9918e-01 (3.6956e-01)	Loss Disc 6.8908e-01 (6.8768e-01)	Loss Pred 9.7729e-01 (1.0004e+00)	Loss TOTAL 1.3625e+00 (1.4110e+00)
Epoch: [3][ 50/112]	L_Src_Sup 8.3115e-02 (2.0214e-01)	L_Trg_Inj 4.7724e-01 (3.8812e-01)	Loss Disc 6.8443e-01 (6.8791e-01)	Loss Pred 9.6901e-01 (9.9471e-01)	Loss TOTAL 1.3673e+00 (1.4133e+00)
Epoch: [3][ 60/112]	L_Src_Sup 2.5032e-01 (2.0682e-01)	L_Trg_Inj 3.5104e-01 (3.9292e-01)	Loss Disc 6.9128e-01 (6.8802e-01)	Loss Pred 9.5497e-01 (9.8891e-01)	Loss TOTAL 1.3607e+00 (1.4063e+00)
Epoch: [3][ 70/112]	L_Src_Sup 1.3304e-01 (2.0653e-01)	L_Trg_Inj 4.7289e-01 (4.0082e-01)	Loss Disc 6.8767e-01 (6.8800e-01)	Loss Pred 9.4329e-01 (9.8310e-01)	Loss TOTAL 1.3477e+00 (1.4001e+00)
Epoch: [3][ 80/112]	L_Src_Sup 0.0000e+00 (2.1034e-01)	L_Trg_Inj 6.0398e-01 (4.0534e-01)	Loss Disc 6.8525e-01 (6.8799e-01)	Loss Pred 9.3074e-01 (9.7750e-01)	Loss TOTAL 1.3338e+00 (1.3963e+00)
Epoch: [3][ 90/112]	L_Src_Sup 0.0000e+00 (2.0981e-01)	L_Trg_Inj 4.1935e-01 (4.1323e-01)	Loss Disc 6.8992e-01 (6.8801e-01)	Loss Pred 9.2276e-01 (9.7194e-01)	Loss TOTAL 1.3097e+00 (1.3906e+00)
Epoch: [3][100/112]	L_Src_Sup 2.1605e-01 (2.0887e-01)	L_Trg_Inj 4.5803e-01 (4.1137e-01)	Loss Disc 6.8926e-01 (6.8827e-01)	Loss Pred 9.0459e-01 (9.6643e-01)	Loss TOTAL 1.3166e+00 (1.3844e+00)
Epoch: [3][110/112]	L_Src_Sup 0.0000e+00 (2.0691e-01)	L_Trg_Inj 5.3236e-01 (4.1801e-01)	Loss Disc 6.8742e-01 (6.8833e-01)	Loss Pred 9.0238e-01 (9.6114e-01)	Loss TOTAL 1.2993e+00 (1.3785e+00)
Epoch: [3][112/112]	L_Src_Sup 3.3336e-01 (2.0713e-01)	L_Trg_Inj 6.1465e-01 (4.1952e-01)	Loss Disc 6.8459e-01 (6.8831e-01)	Loss Pred 8.9482e-01 (9.6005e-01)	Loss TOTAL 1.3319e+00 (1.3774e+00)
Epoch 3 complete. Saving model state...
Epoch: [4][ 10/112]	L_Src_Sup 1.1283e-01 (2.4641e-01)	L_Trg_Inj 4.5120e-01 (4.2652e-01)	Loss Disc 6.8949e-01 (6.8972e-01)	Loss Pred 8.9319e-01 (8.9452e-01)	Loss TOTAL 1.2943e+00 (1.3213e+00)
Epoch: [4][ 20/112]	L_Src_Sup 4.0103e-01 (2.0542e-01)	L_Trg_Inj 5.6561e-01 (4.2333e-01)	Loss Disc 6.8844e-01 (6.8996e-01)	Loss Pred 8.7952e-01 (8.8887e-01)	Loss TOTAL 1.3204e+00 (1.3119e+00)
Epoch: [4][ 30/112]	L_Src_Sup 1.3335e-01 (2.2408e-01)	L_Trg_Inj 4.2428e-01 (4.3124e-01)	Loss Disc 6.9054e-01 (6.9007e-01)	Loss Pred 8.6862e-01 (8.8449e-01)	Loss TOTAL 1.2697e+00 (1.3052e+00)
Epoch: [4][ 40/112]	L_Src_Sup 5.5712e-01 (2.2107e-01)	L_Trg_Inj 4.0101e-01 (4.2023e-01)	Loss Disc 6.9028e-01 (6.9044e-01)	Loss Pred 8.6428e-01 (8.7968e-01)	Loss TOTAL 1.4613e+00 (1.3076e+00)
Epoch: [4][ 50/112]	L_Src_Sup 0.0000e+00 (2.4692e-01)	L_Trg_Inj 3.5126e-01 (4.2746e-01)	Loss Disc 6.9058e-01 (6.9049e-01)	Loss Pred 8.4894e-01 (8.7448e-01)	Loss TOTAL 1.2294e+00 (1.3217e+00)
Epoch: [4][ 60/112]	L_Src_Sup 1.9161e-01 (2.4471e-01)	L_Trg_Inj 4.1747e-01 (4.2761e-01)	Loss Disc 6.8704e-01 (6.8997e-01)	Loss Pred 8.5312e-01 (8.7044e-01)	Loss TOTAL 1.2575e+00 (1.3169e+00)
Epoch: [4][ 70/112]	L_Src_Sup 3.1554e-01 (2.4000e-01)	L_Trg_Inj 5.7433e-01 (4.3586e-01)	Loss Disc 6.8337e-01 (6.8930e-01)	Loss Pred 8.3722e-01 (8.6575e-01)	Loss TOTAL 1.2679e+00 (1.3074e+00)
Epoch: [4][ 80/112]	L_Src_Sup 0.0000e+00 (2.3810e-01)	L_Trg_Inj 2.9710e-01 (4.3165e-01)	Loss Disc 6.9039e-01 (6.8914e-01)	Loss Pred 8.2075e-01 (8.6137e-01)	Loss TOTAL 1.1957e+00 (1.2992e+00)
Epoch: [4][ 90/112]	L_Src_Sup 4.0121e-01 (2.3339e-01)	L_Trg_Inj 4.4693e-01 (4.2931e-01)	Loss Disc 6.8853e-01 (6.8906e-01)	Loss Pred 8.1182e-01 (8.5649e-01)	Loss TOTAL 1.2409e+00 (1.2937e+00)
Epoch: [4][100/112]	L_Src_Sup 3.0786e-01 (2.2862e-01)	L_Trg_Inj 3.5049e-01 (4.2283e-01)	Loss Disc 6.8793e-01 (6.8913e-01)	Loss Pred 7.9723e-01 (8.5204e-01)	Loss TOTAL 1.2070e+00 (1.2855e+00)
Epoch: [4][110/112]	L_Src_Sup 6.6999e-01 (2.3087e-01)	L_Trg_Inj 5.2715e-01 (4.2226e-01)	Loss Disc 6.8944e-01 (6.8917e-01)	Loss Pred 7.7580e-01 (8.4663e-01)	Loss TOTAL 1.3831e+00 (1.2836e+00)
Epoch: [4][112/112]	L_Src_Sup 2.5133e-01 (2.2908e-01)	L_Trg_Inj 4.5224e-01 (4.2288e-01)	Loss Disc 6.8891e-01 (6.8916e-01)	Loss Pred 7.9539e-01 (8.4570e-01)	Loss TOTAL 1.2102e+00 (1.2820e+00)
Epoch 4 complete. Saving model state...
Epoch: [5][ 10/112]	L_Src_Sup 5.0169e-01 (2.3405e-01)	L_Trg_Inj 4.1016e-01 (4.6480e-01)	Loss Disc 6.9074e-01 (6.8878e-01)	Loss Pred 7.7358e-01 (7.8704e-01)	Loss TOTAL 1.3017e+00 (1.2105e+00)
Epoch: [5][ 20/112]	L_Src_Sup 1.3354e-01 (1.9803e-01)	L_Trg_Inj 4.6473e-01 (4.4432e-01)	Loss Disc 6.8828e-01 (6.8905e-01)	Loss Pred 7.7456e-01 (7.8269e-01)	Loss TOTAL 1.1785e+00 (1.1960e+00)
Epoch: [5][ 30/112]	L_Src_Sup 0.0000e+00 (1.9785e-01)	L_Trg_Inj 2.8751e-01 (4.2283e-01)	Loss Disc 6.9302e-01 (6.8958e-01)	Loss Pred 7.6266e-01 (7.7967e-01)	Loss TOTAL 1.1379e+00 (1.1905e+00)
Epoch: [5][ 40/112]	L_Src_Sup 0.0000e+00 (1.9272e-01)	L_Trg_Inj 3.6002e-01 (4.2482e-01)	Loss Disc 6.9204e-01 (6.8979e-01)	Loss Pred 7.3664e-01 (7.7553e-01)	Loss TOTAL 1.1187e+00 (1.1880e+00)
Epoch: [5][ 50/112]	L_Src_Sup 0.0000e+00 (1.9650e-01)	L_Trg_Inj 6.8437e-01 (4.2284e-01)	Loss Disc 6.8830e-01 (6.9003e-01)	Loss Pred 7.4796e-01 (7.7411e-01)	Loss TOTAL 1.1605e+00 (1.1898e+00)
Epoch: [5][ 60/112]	L_Src_Sup 1.4326e-01 (1.9489e-01)	L_Trg_Inj 4.8314e-01 (4.2682e-01)	Loss Disc 6.8900e-01 (6.9006e-01)	Loss Pred 7.3870e-01 (7.7003e-01)	Loss TOTAL 1.1458e+00 (1.1845e+00)
Epoch: [5][ 70/112]	L_Src_Sup 1.6732e-01 (1.9334e-01)	L_Trg_Inj 4.4796e-01 (4.2298e-01)	Loss Disc 6.9108e-01 (6.9018e-01)	Loss Pred 7.2336e-01 (7.6555e-01)	Loss TOTAL 1.1304e+00 (1.1792e+00)
Epoch: [5][ 80/112]	L_Src_Sup 0.0000e+00 (1.9548e-01)	L_Trg_Inj 6.1132e-01 (4.3529e-01)	Loss Disc 6.8556e-01 (6.8992e-01)	Loss Pred 7.2661e-01 (7.6157e-01)	Loss TOTAL 1.1305e+00 (1.1760e+00)
Epoch: [5][ 90/112]	L_Src_Sup 0.0000e+00 (1.9647e-01)	L_Trg_Inj 3.6418e-01 (4.4011e-01)	Loss Disc 6.9041e-01 (6.8972e-01)	Loss Pred 7.2762e-01 (7.5741e-01)	Loss TOTAL 1.1092e+00 (1.1716e+00)
Epoch: [5][100/112]	L_Src_Sup 2.5061e-01 (1.9803e-01)	L_Trg_Inj 4.6723e-01 (4.4427e-01)	Loss Disc 6.8959e-01 (6.8959e-01)	Loss Pred 7.1615e-01 (7.5418e-01)	Loss TOTAL 1.1327e+00 (1.1696e+00)
Epoch: [5][110/112]	L_Src_Sup 0.0000e+00 (1.9558e-01)	L_Trg_Inj 4.7754e-01 (4.4360e-01)	Loss Disc 6.8880e-01 (6.8956e-01)	Loss Pred 7.2248e-01 (7.5004e-01)	Loss TOTAL 1.1146e+00 (1.1645e+00)
Epoch: [5][112/112]	L_Src_Sup 3.6374e-01 (1.9733e-01)	L_Trg_Inj 4.5160e-01 (4.4362e-01)	Loss Disc 6.8902e-01 (6.8956e-01)	Loss Pred 6.8463e-01 (7.4916e-01)	Loss TOTAL 1.1107e+00 (1.1637e+00)
Epoch 5 complete. Saving model state...
Epoch: [6][ 10/112]	L_Src_Sup 2.6710e-01 (2.0641e-01)	L_Trg_Inj 4.6696e-01 (3.9683e-01)	Loss Disc 6.8785e-01 (6.9030e-01)	Loss Pred 6.9569e-01 (7.0638e-01)	Loss TOTAL 1.1130e+00 (1.1151e+00)
Epoch: [6][ 20/112]	L_Src_Sup 0.0000e+00 (1.4620e-01)	L_Trg_Inj 3.2508e-01 (4.0245e-01)	Loss Disc 6.9096e-01 (6.9005e-01)	Loss Pred 6.8383e-01 (7.0098e-01)	Loss TOTAL 1.0618e+00 (1.1025e+00)
Epoch: [6][ 30/112]	L_Src_Sup 3.1586e-01 (1.6376e-01)	L_Trg_Inj 3.6098e-01 (3.9930e-01)	Loss Disc 6.9109e-01 (6.9025e-01)	Loss Pred 7.0161e-01 (6.9842e-01)	Loss TOTAL 1.1148e+00 (1.1038e+00)
Epoch: [6][ 40/112]	L_Src_Sup 1.5388e-01 (1.6456e-01)	L_Trg_Inj 3.3056e-01 (3.9470e-01)	Loss Disc 6.9064e-01 (6.9018e-01)	Loss Pred 6.6483e-01 (6.9586e-01)	Loss TOTAL 1.0586e+00 (1.1009e+00)
Epoch: [6][ 50/112]	L_Src_Sup 2.2297e-01 (1.7148e-01)	L_Trg_Inj 5.0007e-01 (4.0526e-01)	Loss Disc 6.8678e-01 (6.8988e-01)	Loss Pred 6.3713e-01 (6.9167e-01)	Loss TOTAL 1.0528e+00 (1.0996e+00)
Epoch: [6][ 60/112]	L_Src_Sup 2.0292e-01 (2.0130e-01)	L_Trg_Inj 6.0856e-01 (4.2404e-01)	Loss Disc 6.8286e-01 (6.8932e-01)	Loss Pred 6.8802e-01 (6.8782e-01)	Loss TOTAL 1.1106e+00 (1.1056e+00)
Epoch: [6][ 70/112]	L_Src_Sup 1.5388e-01 (2.0905e-01)	L_Trg_Inj 6.0729e-01 (4.4314e-01)	Loss Disc 6.8208e-01 (6.8851e-01)	Loss Pred 6.4409e-01 (6.8526e-01)	Loss TOTAL 1.0612e+00 (1.1046e+00)
Epoch: [6][ 80/112]	L_Src_Sup 2.0001e-01 (2.1169e-01)	L_Trg_Inj 6.0554e-01 (4.5615e-01)	Loss Disc 6.8132e-01 (6.8793e-01)	Loss Pred 6.2042e-01 (6.7929e-01)	Loss TOTAL 1.0416e+00 (1.0987e+00)
Epoch: [6][ 90/112]	L_Src_Sup 0.0000e+00 (2.0906e-01)	L_Trg_Inj 5.1128e-01 (4.5296e-01)	Loss Disc 6.8586e-01 (6.8789e-01)	Loss Pred 6.3040e-01 (6.7602e-01)	Loss TOTAL 1.0245e+00 (1.0939e+00)
Epoch: [6][100/112]	L_Src_Sup 0.0000e+00 (1.9797e-01)	L_Trg_Inj 1.0627e-01 (4.3921e-01)	Loss Disc 6.9355e-01 (6.8807e-01)	Loss Pred 6.3019e-01 (6.7343e-01)	Loss TOTAL 9.8759e-01 (1.0881e+00)
Epoch: [6][110/112]	L_Src_Sup 2.8869e-01 (1.9994e-01)	L_Trg_Inj 4.9917e-01 (4.3288e-01)	Loss Disc 6.8683e-01 (6.8827e-01)	Loss Pred 6.6500e-01 (6.6956e-01)	Loss TOTAL 1.0872e+00 (1.0892e+00)
Epoch: [6][112/112]	L_Src_Sup 2.3616e-01 (1.9967e-01)	L_Trg_Inj 5.4481e-01 (4.3348e-01)	Loss Disc 6.8462e-01 (6.8826e-01)	Loss Pred 6.3939e-01 (6.6893e-01)	Loss TOTAL 1.0598e+00 (1.0883e+00)
Epoch 6 complete. Saving model state...
Epoch: [7][ 10/112]	L_Src_Sup 2.5008e-01 (2.3449e-01)	L_Trg_Inj 4.6763e-01 (5.0731e-01)	Loss Disc 6.8658e-01 (6.8650e-01)	Loss Pred 6.2737e-01 (6.2934e-01)	Loss TOTAL 1.0424e+00 (1.0486e+00)
Epoch: [7][ 20/112]	L_Src_Sup 1.8479e-01 (2.5186e-01)	L_Trg_Inj 4.9485e-01 (5.0856e-01)	Loss Disc 6.8533e-01 (6.8573e-01)	Loss Pred 5.9031e-01 (6.2675e-01)	Loss TOTAL 1.0009e+00 (1.0473e+00)
Epoch: [7][ 30/112]	L_Src_Sup 2.2239e-01 (2.4360e-01)	L_Trg_Inj 4.7195e-01 (5.1952e-01)	Loss Disc 6.8526e-01 (6.8495e-01)	Loss Pred 6.2866e-01 (6.2523e-01)	Loss TOTAL 1.0407e+00 (1.0451e+00)
Epoch: [7][ 40/112]	L_Src_Sup 2.2222e-01 (2.4234e-01)	L_Trg_Inj 4.3636e-01 (4.9584e-01)	Loss Disc 6.8615e-01 (6.8544e-01)	Loss Pred 6.2342e-01 (6.2361e-01)	Loss TOTAL 1.0324e+00 (1.0453e+00)
Epoch: [7][ 50/112]	L_Src_Sup 5.0013e-01 (2.5603e-01)	L_Trg_Inj 4.8775e-01 (4.8355e-01)	Loss Disc 6.8515e-01 (6.8589e-01)	Loss Pred 6.0492e-01 (6.1965e-01)	Loss TOTAL 1.0587e+00 (1.0526e+00)
Epoch: [7][ 60/112]	L_Src_Sup 1.1765e-01 (2.5217e-01)	L_Trg_Inj 3.3015e-01 (4.7196e-01)	Loss Disc 6.8935e-01 (6.8614e-01)	Loss Pred 6.0811e-01 (6.1686e-01)	Loss TOTAL 9.9757e-01 (1.0479e+00)
Epoch: [7][ 70/112]	L_Src_Sup 2.5004e-01 (2.4442e-01)	L_Trg_Inj 3.4958e-01 (4.5427e-01)	Loss Disc 6.8935e-01 (6.8654e-01)	Loss Pred 5.3946e-01 (6.1171e-01)	Loss TOTAL 9.4410e-01 (1.0391e+00)
Epoch: [7][ 80/112]	L_Src_Sup 3.6366e-01 (2.5293e-01)	L_Trg_Inj 3.9594e-01 (4.4844e-01)	Loss Disc 6.8742e-01 (6.8660e-01)	Loss Pred 5.5383e-01 (6.0757e-01)	Loss TOTAL 9.7350e-01 (1.0379e+00)
Epoch: [7][ 90/112]	L_Src_Sup 1.2529e-01 (2.4862e-01)	L_Trg_Inj 5.2018e-01 (4.4816e-01)	Loss Disc 6.8354e-01 (6.8650e-01)	Loss Pred 5.8353e-01 (6.0444e-01)	Loss TOTAL 9.8984e-01 (1.0333e+00)
Epoch: [7][100/112]	L_Src_Sup 4.0077e-01 (2.4530e-01)	L_Trg_Inj 5.0756e-01 (4.4738e-01)	Loss Disc 6.8362e-01 (6.8643e-01)	Loss Pred 5.7119e-01 (6.0256e-01)	Loss TOTAL 1.0038e+00 (1.0305e+00)
Epoch: [7][110/112]	L_Src_Sup 1.1111e-01 (2.3968e-01)	L_Trg_Inj 3.3867e-01 (4.4425e-01)	Loss Disc 6.8887e-01 (6.8647e-01)	Loss Pred 5.8816e-01 (6.0104e-01)	Loss TOTAL 9.7758e-01 (1.0267e+00)
Epoch: [7][112/112]	L_Src_Sup 2.8620e-01 (2.4216e-01)	L_Trg_Inj 3.3967e-01 (4.4227e-01)	Loss Disc 6.8887e-01 (6.8652e-01)	Loss Pred 6.0912e-01 (6.0093e-01)	Loss TOTAL 1.0161e+00 (1.0277e+00)
Epoch 7 complete. Saving model state...
Epoch: [8][ 10/112]	L_Src_Sup 2.2225e-01 (1.8710e-01)	L_Trg_Inj 3.2420e-01 (4.2172e-01)	Loss Disc 6.9024e-01 (6.8697e-01)	Loss Pred 5.8271e-01 (5.7302e-01)	Loss TOTAL 9.8248e-01 (9.9756e-01)
Epoch: [8][ 20/112]	L_Src_Sup 3.7550e-01 (2.0833e-01)	L_Trg_Inj 4.9657e-01 (4.4510e-01)	Loss Disc 6.8466e-01 (6.8624e-01)	Loss Pred 5.6322e-01 (5.6813e-01)	Loss TOTAL 9.9275e-01 (9.8867e-01)
Epoch: [8][ 30/112]	L_Src_Sup 2.2235e-01 (2.1532e-01)	L_Trg_Inj 4.0425e-01 (4.4377e-01)	Loss Disc 6.8610e-01 (6.8615e-01)	Loss Pred 5.7371e-01 (5.6613e-01)	Loss TOTAL 9.7942e-01 (9.8398e-01)
Epoch: [8][ 40/112]	L_Src_Sup 2.1060e-01 (2.3170e-01)	L_Trg_Inj 4.2099e-01 (4.4063e-01)	Loss Disc 6.8704e-01 (6.8616e-01)	Loss Pred 5.7703e-01 (5.6203e-01)	Loss TOTAL 9.8371e-01 (9.8392e-01)
Epoch: [8][ 50/112]	L_Src_Sup 1.1787e-01 (2.1549e-01)	L_Trg_Inj 3.7522e-01 (4.3486e-01)	Loss Disc 6.8824e-01 (6.8637e-01)	Loss Pred 5.5712e-01 (5.5832e-01)	Loss TOTAL 9.5055e-01 (9.7579e-01)
Epoch: [8][ 60/112]	L_Src_Sup 1.2499e-01 (1.9839e-01)	L_Trg_Inj 4.4636e-01 (4.2342e-01)	Loss Disc 6.8620e-01 (6.8670e-01)	Loss Pred 5.4489e-01 (5.5655e-01)	Loss TOTAL 9.4513e-01 (9.7006e-01)
Epoch: [8][ 70/112]	L_Src_Sup 3.5297e-01 (1.9270e-01)	L_Trg_Inj 2.5639e-01 (4.1222e-01)	Loss Disc 6.9071e-01 (6.8699e-01)	Loss Pred 5.4879e-01 (5.5455e-01)	Loss TOTAL 1.0517e+00 (9.6676e-01)
Epoch: [8][ 80/112]	L_Src_Sup 0.0000e+00 (1.9612e-01)	L_Trg_Inj 6.4849e-01 (4.0936e-01)	Loss Disc 6.8172e-01 (6.8715e-01)	Loss Pred 4.7157e-01 (5.5124e-01)	Loss TOTAL 8.7728e-01 (9.6589e-01)
Epoch: [8][ 90/112]	L_Src_Sup 2.0002e-01 (1.9600e-01)	L_Trg_Inj 4.5468e-01 (4.1853e-01)	Loss Disc 6.8620e-01 (6.8695e-01)	Loss Pred 5.6540e-01 (5.4989e-01)	Loss TOTAL 9.7397e-01 (9.6418e-01)
Epoch: [8][100/112]	L_Src_Sup 1.6696e-01 (1.9523e-01)	L_Trg_Inj 3.5891e-01 (4.1675e-01)	Loss Disc 6.8862e-01 (6.8703e-01)	Loss Pred 4.9428e-01 (5.4705e-01)	Loss TOTAL 8.9117e-01 (9.6254e-01)
Epoch: [8][110/112]	L_Src_Sup 2.6690e-01 (1.9447e-01)	L_Trg_Inj 4.5138e-01 (4.1764e-01)	Loss Disc 6.8570e-01 (6.8699e-01)	Loss Pred 5.1565e-01 (5.4658e-01)	Loss TOTAL 9.3033e-01 (9.6108e-01)
Epoch: [8][112/112]	L_Src_Sup 3.7501e-01 (1.9670e-01)	L_Trg_Inj 2.6360e-01 (4.1498e-01)	Loss Disc 6.9191e-01 (6.8707e-01)	Loss Pred 5.2331e-01 (5.4616e-01)	Loss TOTAL 1.0445e+00 (9.6148e-01)
Epoch 8 complete. Saving model state...
Epoch: [9][ 10/112]	L_Src_Sup 1.5386e-01 (1.8484e-01)	L_Trg_Inj 2.9490e-01 (3.1111e-01)	Loss Disc 6.9016e-01 (6.8943e-01)	Loss Pred 4.9348e-01 (5.1954e-01)	Loss TOTAL 8.8344e-01 (9.1753e-01)
Epoch: [9][ 20/112]	L_Src_Sup 0.0000e+00 (1.5221e-01)	L_Trg_Inj 1.7999e-01 (2.8569e-01)	Loss Disc 6.9184e-01 (6.8996e-01)	Loss Pred 5.2424e-01 (5.1881e-01)	Loss TOTAL 8.8816e-01 (9.2341e-01)
Epoch: [9][ 30/112]	L_Src_Sup 1.4358e-01 (1.4443e-01)	L_Trg_Inj 4.0539e-01 (2.6858e-01)	Loss Disc 6.9035e-01 (6.9050e-01)	Loss Pred 4.9459e-01 (5.1506e-01)	Loss TOTAL 8.9466e-01 (9.2722e-01)
Epoch: [9][ 40/112]	L_Src_Sup 0.0000e+00 (1.5536e-01)	L_Trg_Inj 4.8325e-01 (2.9524e-01)	Loss Disc 6.8556e-01 (6.9032e-01)	Loss Pred 4.6425e-01 (5.1363e-01)	Loss TOTAL 8.5535e-01 (9.2647e-01)
Epoch: [9][ 50/112]	L_Src_Sup 1.1261e-01 (1.7173e-01)	L_Trg_Inj 8.2436e-01 (3.3535e-01)	Loss Disc 6.7905e-01 (6.8938e-01)	Loss Pred 5.1740e-01 (5.1189e-01)	Loss TOTAL 9.5062e-01 (9.2720e-01)
Epoch: [9][ 60/112]	L_Src_Sup 6.0005e-01 (1.7786e-01)	L_Trg_Inj 4.9057e-01 (3.6689e-01)	Loss Disc 6.8405e-01 (6.8851e-01)	Loss Pred 4.4498e-01 (5.0679e-01)	Loss TOTAL 1.0056e+00 (9.2394e-01)
Epoch: [9][ 70/112]	L_Src_Sup 3.0008e-01 (1.8359e-01)	L_Trg_Inj 5.9557e-01 (3.9318e-01)	Loss Disc 6.8079e-01 (6.8767e-01)	Loss Pred 5.3350e-01 (5.0582e-01)	Loss TOTAL 9.6346e-01 (9.2312e-01)
Epoch: [9][ 80/112]	L_Src_Sup 2.5000e-01 (1.8842e-01)	L_Trg_Inj 3.7797e-01 (4.0326e-01)	Loss Disc 6.8782e-01 (6.8736e-01)	Loss Pred 4.9295e-01 (5.0336e-01)	Loss TOTAL 8.9966e-01 (9.2002e-01)
Epoch: [9][ 90/112]	L_Src_Sup 3.0776e-01 (1.9552e-01)	L_Trg_Inj 5.0756e-01 (4.1777e-01)	Loss Disc 6.8322e-01 (6.8693e-01)	Loss Pred 4.6125e-01 (5.0421e-01)	Loss TOTAL 8.8439e-01 (9.2298e-01)
Epoch: [9][100/112]	L_Src_Sup 2.6672e-01 (2.0213e-01)	L_Trg_Inj 4.1822e-01 (4.2562e-01)	Loss Disc 6.8705e-01 (6.8666e-01)	Loss Pred 4.7676e-01 (5.0238e-01)	Loss TOTAL 8.8878e-01 (9.2106e-01)
Epoch: [9][110/112]	L_Src_Sup 2.8572e-01 (2.0510e-01)	L_Trg_Inj 3.6702e-01 (4.2688e-01)	Loss Disc 6.8790e-01 (6.8655e-01)	Loss Pred 4.6379e-01 (5.0147e-01)	Loss TOTAL 8.7302e-01 (9.1987e-01)
Epoch: [9][112/112]	L_Src_Sup 1.3334e-01 (2.0262e-01)	L_Trg_Inj 3.0616e-01 (4.2503e-01)	Loss Disc 6.8961e-01 (6.8659e-01)	Loss Pred 4.7276e-01 (5.0087e-01)	Loss TOTAL 8.6152e-01 (9.1865e-01)
Epoch 9 complete. Saving model state...
Epoch: [10][ 10/112]	L_Src_Sup 1.8182e-01 (1.6610e-01)	L_Trg_Inj 4.3840e-01 (4.4628e-01)	Loss Disc 6.8564e-01 (6.8566e-01)	Loss Pred 4.3032e-01 (4.7578e-01)	Loss TOTAL 8.3516e-01 (8.8243e-01)
Epoch: [10][ 20/112]	L_Src_Sup 0.0000e+00 (1.7864e-01)	L_Trg_Inj 3.7780e-01 (4.1744e-01)	Loss Disc 6.8872e-01 (6.8671e-01)	Loss Pred 4.4638e-01 (4.7615e-01)	Loss TOTAL 8.2852e-01 (8.8512e-01)
Epoch: [10][ 30/112]	L_Src_Sup 1.0526e-01 (1.7635e-01)	L_Trg_Inj 5.4705e-01 (4.3334e-01)	Loss Disc 6.8320e-01 (6.8630e-01)	Loss Pred 5.0295e-01 (4.7558e-01)	Loss TOTAL 9.0978e-01 (8.8370e-01)
Epoch: [10][ 40/112]	L_Src_Sup 2.3531e-01 (1.8106e-01)	L_Trg_Inj 1.9817e-01 (4.1900e-01)	Loss Disc 6.9284e-01 (6.8680e-01)	Loss Pred 4.8026e-01 (4.7981e-01)	Loss TOTAL 9.0717e-01 (8.8715e-01)
Epoch: [10][ 50/112]	L_Src_Sup 1.0372e-01 (1.9566e-01)	L_Trg_Inj 6.5213e-01 (4.3518e-01)	Loss Disc 6.8084e-01 (6.8650e-01)	Loss Pred 4.0764e-01 (4.8029e-01)	Loss TOTAL 8.2364e-01 (8.9932e-01)
Epoch: [10][ 60/112]	L_Src_Sup 5.3336e-01 (1.9722e-01)	L_Trg_Inj 4.8547e-01 (4.5584e-01)	Loss Disc 6.8604e-01 (6.8583e-01)	Loss Pred 4.5399e-01 (4.7362e-01)	Loss TOTAL 9.4677e-01 (8.9322e-01)
Epoch: [10][ 70/112]	L_Src_Sup 1.2501e-01 (2.0488e-01)	L_Trg_Inj 5.3569e-01 (4.8192e-01)	Loss Disc 6.8309e-01 (6.8499e-01)	Loss Pred 4.6127e-01 (4.7029e-01)	Loss TOTAL 8.6889e-01 (8.9121e-01)
Epoch: [10][ 80/112]	L_Src_Sup 0.0000e+00 (2.0926e-01)	L_Trg_Inj 6.0326e-01 (4.8632e-01)	Loss Disc 6.8005e-01 (6.8488e-01)	Loss Pred 3.9574e-01 (4.6779e-01)	Loss TOTAL 7.9609e-01 (8.9038e-01)
Epoch: [10][ 90/112]	L_Src_Sup 2.3082e-01 (2.0721e-01)	L_Trg_Inj 4.8539e-01 (4.9203e-01)	Loss Disc 6.8550e-01 (6.8467e-01)	Loss Pred 5.6137e-01 (4.6905e-01)	Loss TOTAL 9.7574e-01 (8.9073e-01)
Epoch: [10][100/112]	L_Src_Sup 5.7149e-01 (2.0154e-01)	L_Trg_Inj 5.2983e-01 (4.9833e-01)	Loss Disc 6.8334e-01 (6.8443e-01)	Loss Pred 4.3180e-01 (4.6758e-01)	Loss TOTAL 9.2526e-01 (8.8868e-01)
Epoch: [10][110/112]	L_Src_Sup 1.8187e-01 (2.0459e-01)	L_Trg_Inj 4.5345e-01 (5.0388e-01)	Loss Disc 6.8733e-01 (6.8424e-01)	Loss Pred 3.9658e-01 (4.6505e-01)	Loss TOTAL 8.0378e-01 (8.8610e-01)
Epoch: [10][112/112]	L_Src_Sup 3.6382e-01 (2.0674e-01)	L_Trg_Inj 5.4779e-01 (5.0451e-01)	Loss Disc 6.8277e-01 (6.8423e-01)	Loss Pred 3.9593e-01 (4.6411e-01)	Loss TOTAL 8.2847e-01 (8.8529e-01)
Epoch 10 complete. Saving model state...
Epoch: [11][ 10/112]	L_Src_Sup 2.5000e-01 (1.8121e-01)	L_Trg_Inj 5.6420e-01 (5.1875e-01)	Loss Disc 6.8158e-01 (6.8370e-01)	Loss Pred 3.6021e-01 (4.3421e-01)	Loss TOTAL 7.8242e-01 (8.4606e-01)
Epoch: [11][ 20/112]	L_Src_Sup 2.3553e-01 (1.8836e-01)	L_Trg_Inj 3.8989e-01 (4.8268e-01)	Loss Disc 6.8893e-01 (6.8502e-01)	Loss Pred 4.5564e-01 (4.3779e-01)	Loss TOTAL 8.6264e-01 (8.4851e-01)
Epoch: [11][ 30/112]	L_Src_Sup 1.1111e-01 (1.9529e-01)	L_Trg_Inj 5.1632e-01 (5.2060e-01)	Loss Disc 6.8356e-01 (6.8359e-01)	Loss Pred 4.6429e-01 (4.4111e-01)	Loss TOTAL 8.6881e-01 (8.5523e-01)
Epoch: [11][ 40/112]	L_Src_Sup 0.0000e+00 (1.9051e-01)	L_Trg_Inj 5.1797e-01 (5.1586e-01)	Loss Disc 6.8347e-01 (6.8382e-01)	Loss Pred 4.9553e-01 (4.4188e-01)	Loss TOTAL 8.8907e-01 (8.5498e-01)
Epoch: [11][ 50/112]	L_Src_Sup 0.0000e+00 (1.8877e-01)	L_Trg_Inj 5.2722e-01 (5.2232e-01)	Loss Disc 6.8390e-01 (6.8357e-01)	Loss Pred 3.9253e-01 (4.3897e-01)	Loss TOTAL 7.8719e-01 (8.5361e-01)
Epoch: [11][ 60/112]	L_Src_Sup 9.9997e-02 (1.8769e-01)	L_Trg_Inj 4.6786e-01 (5.2245e-01)	Loss Disc 6.8593e-01 (6.8354e-01)	Loss Pred 4.8055e-01 (4.4040e-01)	Loss TOTAL 8.8030e-01 (8.5567e-01)
Epoch: [11][ 70/112]	L_Src_Sup 5.8823e-01 (1.8626e-01)	L_Trg_Inj 4.7818e-01 (5.1250e-01)	Loss Disc 6.8517e-01 (6.8390e-01)	Loss Pred 4.4450e-01 (4.4030e-01)	Loss TOTAL 1.0038e+00 (8.5586e-01)
Epoch: [11][ 80/112]	L_Src_Sup 4.7067e-01 (1.9314e-01)	L_Trg_Inj 4.2494e-01 (5.0231e-01)	Loss Disc 6.8634e-01 (6.8424e-01)	Loss Pred 4.4235e-01 (4.3939e-01)	Loss TOTAL 9.2081e-01 (8.5795e-01)
Epoch: [11][ 90/112]	L_Src_Sup 2.0015e-01 (1.9592e-01)	L_Trg_Inj 4.3415e-01 (5.0019e-01)	Loss Disc 6.8732e-01 (6.8444e-01)	Loss Pred 3.5983e-01 (4.3887e-01)	Loss TOTAL 7.6692e-01 (8.5718e-01)
Epoch: [11][100/112]	L_Src_Sup 3.0003e-01 (1.9338e-01)	L_Trg_Inj 3.2683e-01 (4.8641e-01)	Loss Disc 6.8877e-01 (6.8485e-01)	Loss Pred 4.7329e-01 (4.3659e-01)	Loss TOTAL 8.8036e-01 (8.5289e-01)
Epoch: [11][110/112]	L_Src_Sup 2.5000e-01 (1.9405e-01)	L_Trg_Inj 2.8095e-01 (4.6938e-01)	Loss Disc 6.9027e-01 (6.8531e-01)	Loss Pred 4.2450e-01 (4.3515e-01)	Loss TOTAL 8.2273e-01 (8.4958e-01)
Epoch: [11][112/112]	L_Src_Sup 1.3333e-01 (1.9356e-01)	L_Trg_Inj 3.4213e-01 (4.6637e-01)	Loss Disc 6.8925e-01 (6.8540e-01)	Loss Pred 4.1226e-01 (4.3422e-01)	Loss TOTAL 8.0443e-01 (8.4824e-01)
Epoch 11 complete. Saving model state...
Epoch: [12][ 10/112]	L_Src_Sup 2.4987e-01 (2.3434e-01)	L_Trg_Inj 4.5488e-01 (3.9704e-01)	Loss Disc 6.8747e-01 (6.8807e-01)	Loss Pred 3.2706e-01 (4.2303e-01)	Loss TOTAL 7.4127e-01 (8.5425e-01)
Epoch: [12][ 20/112]	L_Src_Sup 2.8930e-01 (2.1247e-01)	L_Trg_Inj 4.5027e-01 (4.0811e-01)	Loss Disc 6.8656e-01 (6.8774e-01)	Loss Pred 4.6781e-01 (4.2017e-01)	Loss TOTAL 8.8504e-01 (8.5233e-01)
Epoch: [12][ 30/112]	L_Src_Sup 0.0000e+00 (1.8274e-01)	L_Trg_Inj 4.0607e-01 (3.9988e-01)	Loss Disc 6.8771e-01 (6.8797e-01)	Loss Pred 5.0244e-01 (4.2095e-01)	Loss TOTAL 8.8690e-01 (8.4068e-01)
Epoch: [12][ 40/112]	L_Src_Sup 3.3367e-01 (1.8021e-01)	L_Trg_Inj 2.8210e-01 (3.7532e-01)	Loss Disc 6.9043e-01 (6.8854e-01)	Loss Pred 4.4051e-01 (4.1999e-01)	Loss TOTAL 8.9887e-01 (8.4126e-01)
Epoch: [12][ 50/112]	L_Src_Sup 2.8560e-01 (1.7964e-01)	L_Trg_Inj 3.1365e-01 (3.7648e-01)	Loss Disc 6.8994e-01 (6.8858e-01)	Loss Pred 3.8989e-01 (4.1904e-01)	Loss TOTAL 7.9479e-01 (8.3939e-01)
Epoch: [12][ 60/112]	L_Src_Sup 2.5003e-01 (1.6950e-01)	L_Trg_Inj 3.6075e-01 (3.8373e-01)	Loss Disc 6.8950e-01 (6.8839e-01)	Loss Pred 4.1259e-01 (4.1790e-01)	Loss TOTAL 8.1842e-01 (8.3446e-01)
Epoch: [12][ 70/112]	L_Src_Sup 0.0000e+00 (1.7713e-01)	L_Trg_Inj 4.1959e-01 (3.8607e-01)	Loss Disc 6.8742e-01 (6.8831e-01)	Loss Pred 4.7289e-01 (4.1824e-01)	Loss TOTAL 8.5856e-01 (8.3530e-01)
Epoch: [12][ 80/112]	L_Src_Sup 1.1764e-01 (1.7956e-01)	L_Trg_Inj 2.9665e-01 (3.6953e-01)	Loss Disc 6.9065e-01 (6.8870e-01)	Loss Pred 4.2170e-01 (4.1612e-01)	Loss TOTAL 8.0846e-01 (8.3241e-01)
Epoch: [12][ 90/112]	L_Src_Sup 1.3333e-01 (1.7792e-01)	L_Trg_Inj 1.8630e-01 (3.5216e-01)	Loss Disc 6.9204e-01 (6.8904e-01)	Loss Pred 3.9505e-01 (4.1581e-01)	Loss TOTAL 7.7303e-01 (8.2990e-01)
Epoch: [12][100/112]	L_Src_Sup 2.2222e-01 (1.9591e-01)	L_Trg_Inj 4.7700e-01 (3.6920e-01)	Loss Disc 6.8598e-01 (6.8886e-01)	Loss Pred 4.3353e-01 (4.1450e-01)	Loss TOTAL 8.4645e-01 (8.3383e-01)
Epoch: [12][110/112]	L_Src_Sup 1.2500e-01 (1.9339e-01)	L_Trg_Inj 4.9969e-01 (3.8045e-01)	Loss Disc 6.8373e-01 (6.8846e-01)	Loss Pred 4.0522e-01 (4.1252e-01)	Loss TOTAL 8.0956e-01 (8.3113e-01)
Epoch: [12][112/112]	L_Src_Sup 1.4286e-01 (1.9240e-01)	L_Trg_Inj 4.3639e-01 (3.8325e-01)	Loss Disc 6.8636e-01 (6.8836e-01)	Loss Pred 3.7926e-01 (4.1204e-01)	Loss TOTAL 7.8036e-01 (8.3047e-01)
Epoch 12 complete. Saving model state...
Epoch: [13][ 10/112]	L_Src_Sup 1.6667e-01 (1.6729e-01)	L_Trg_Inj 4.9962e-01 (4.7862e-01)	Loss Disc 6.8472e-01 (6.8496e-01)	Loss Pred 3.5127e-01 (3.9070e-01)	Loss TOTAL 7.6026e-01 (7.9777e-01)
Epoch: [13][ 20/112]	L_Src_Sup 1.0527e-01 (1.5684e-01)	L_Trg_Inj 5.1227e-01 (4.6756e-01)	Loss Disc 6.8381e-01 (6.8536e-01)	Loss Pred 4.3959e-01 (3.9358e-01)	Loss TOTAL 8.4325e-01 (7.9870e-01)
Epoch: [13][ 30/112]	L_Src_Sup 2.5001e-01 (1.7775e-01)	L_Trg_Inj 4.4901e-01 (4.5185e-01)	Loss Disc 6.8633e-01 (6.8599e-01)	Loss Pred 3.9947e-01 (3.9531e-01)	Loss TOTAL 8.1253e-01 (8.0385e-01)
Epoch: [13][ 40/112]	L_Src_Sup 2.5001e-01 (1.8101e-01)	L_Trg_Inj 4.1592e-01 (4.1666e-01)	Loss Disc 6.8702e-01 (6.8685e-01)	Loss Pred 3.9807e-01 (3.9715e-01)	Loss TOTAL 8.0817e-01 (8.0744e-01)
Epoch: [13][ 50/112]	L_Src_Sup 1.3336e-01 (1.8309e-01)	L_Trg_Inj 2.8014e-01 (3.8975e-01)	Loss Disc 6.9058e-01 (6.8754e-01)	Loss Pred 3.8332e-01 (3.9271e-01)	Loss TOTAL 7.6996e-01 (8.0735e-01)
Epoch: [13][ 60/112]	L_Src_Sup 2.6669e-01 (1.8328e-01)	L_Trg_Inj 2.5467e-01 (3.6895e-01)	Loss Disc 6.9104e-01 (6.8809e-01)	Loss Pred 3.8201e-01 (3.9675e-01)	Loss TOTAL 7.9168e-01 (8.1117e-01)
Epoch: [13][ 70/112]	L_Src_Sup 7.3207e-01 (1.8885e-01)	L_Trg_Inj 3.4918e-01 (3.4626e-01)	Loss Disc 6.9075e-01 (6.8857e-01)	Loss Pred 4.0748e-01 (3.9855e-01)	Loss TOTAL 1.2439e+00 (8.2034e-01)
Epoch: [13][ 80/112]	L_Src_Sup 2.2221e-01 (1.8911e-01)	L_Trg_Inj 4.5309e-01 (3.5174e-01)	Loss Disc 6.8618e-01 (6.8849e-01)	Loss Pred 4.1965e-01 (3.9741e-01)	Loss TOTAL 8.3027e-01 (8.1834e-01)
Epoch: [13][ 90/112]	L_Src_Sup 2.0004e-01 (1.9436e-01)	L_Trg_Inj 6.4065e-01 (3.6402e-01)	Loss Disc 6.7964e-01 (6.8817e-01)	Loss Pred 4.4569e-01 (3.9817e-01)	Loss TOTAL 8.6958e-01 (8.1859e-01)
Epoch: [13][100/112]	L_Src_Sup 8.0029e-01 (2.0442e-01)	L_Trg_Inj 6.6144e-01 (3.8283e-01)	Loss Disc 6.7802e-01 (6.8764e-01)	Loss Pred 3.7672e-01 (3.9529e-01)	Loss TOTAL 1.0008e+00 (8.1767e-01)
Epoch: [13][110/112]	L_Src_Sup 2.0005e-01 (2.0809e-01)	L_Trg_Inj 4.8815e-01 (3.9259e-01)	Loss Disc 6.8450e-01 (6.8738e-01)	Loss Pred 3.0705e-01 (3.9390e-01)	Loss TOTAL 7.1812e-01 (8.1569e-01)
Epoch: [13][112/112]	L_Src_Sup 9.0943e-02 (2.0931e-01)	L_Trg_Inj 4.3461e-01 (3.9379e-01)	Loss Disc 6.8658e-01 (6.8734e-01)	Loss Pred 4.7075e-01 (3.9417e-01)	Loss TOTAL 8.6660e-01 (8.1586e-01)
Epoch 13 complete. Saving model state...
Epoch: [14][ 10/112]	L_Src_Sup 1.1111e-01 (1.7176e-01)	L_Trg_Inj 4.0837e-01 (4.2519e-01)	Loss Disc 6.8731e-01 (6.8664e-01)	Loss Pred 4.1493e-01 (3.7425e-01)	Loss TOTAL 8.1054e-01 (7.8942e-01)
Epoch: [14][ 20/112]	L_Src_Sup 2.5008e-01 (2.1984e-01)	L_Trg_Inj 3.3793e-01 (4.3664e-01)	Loss Disc 6.9122e-01 (6.8633e-01)	Loss Pred 3.8632e-01 (3.7708e-01)	Loss TOTAL 7.9073e-01 (8.0187e-01)
Epoch: [14][ 30/112]	L_Src_Sup 2.6669e-01 (2.0859e-01)	L_Trg_Inj 4.2184e-01 (4.4175e-01)	Loss Disc 6.8701e-01 (6.8616e-01)	Loss Pred 3.7125e-01 (3.7671e-01)	Loss TOTAL 7.8360e-01 (7.9548e-01)
Epoch: [14][ 40/112]	L_Src_Sup 4.4458e-01 (1.9951e-01)	L_Trg_Inj 3.2010e-01 (4.4263e-01)	Loss Disc 6.9109e-01 (6.8618e-01)	Loss Pred 4.1223e-01 (3.8324e-01)	Loss TOTAL 9.5873e-01 (8.0212e-01)
Epoch: [14][ 50/112]	L_Src_Sup 1.5389e-01 (1.9211e-01)	L_Trg_Inj 4.3151e-01 (4.4640e-01)	Loss Disc 6.8670e-01 (6.8613e-01)	Loss Pred 3.4106e-01 (3.7912e-01)	Loss TOTAL 7.4295e-01 (7.9621e-01)
Epoch: [14][ 60/112]	L_Src_Sup 4.6169e-01 (2.0501e-01)	L_Trg_Inj 4.3760e-01 (4.4493e-01)	Loss Disc 6.8551e-01 (6.8614e-01)	Loss Pred 3.3983e-01 (3.7971e-01)	Loss TOTAL 7.9660e-01 (7.9866e-01)
Epoch: [14][ 70/112]	L_Src_Sup 0.0000e+00 (2.1803e-01)	L_Trg_Inj 5.6457e-01 (4.5880e-01)	Loss Disc 6.8234e-01 (6.8566e-01)	Loss Pred 3.5305e-01 (3.8002e-01)	Loss TOTAL 7.5068e-01 (8.0611e-01)
Epoch: [14][ 80/112]	L_Src_Sup 1.4296e-01 (2.1907e-01)	L_Trg_Inj 4.3573e-01 (4.6331e-01)	Loss Disc 6.8609e-01 (6.8550e-01)	Loss Pred 3.5172e-01 (3.7994e-01)	Loss TOTAL 7.5263e-01 (8.0497e-01)
Epoch: [14][ 90/112]	L_Src_Sup 1.1112e-01 (2.1002e-01)	L_Trg_Inj 6.0082e-01 (4.6937e-01)	Loss Disc 6.8103e-01 (6.8526e-01)	Loss Pred 4.0819e-01 (3.7946e-01)	Loss TOTAL 8.1990e-01 (8.0250e-01)
Epoch: [14][100/112]	L_Src_Sup 1.0527e-01 (2.0305e-01)	L_Trg_Inj 3.7027e-01 (4.6436e-01)	Loss Disc 6.8813e-01 (6.8539e-01)	Loss Pred 4.2208e-01 (3.8172e-01)	Loss TOTAL 8.1370e-01 (8.0239e-01)
Epoch: [14][110/112]	L_Src_Sup 2.2222e-01 (2.0516e-01)	L_Trg_Inj 3.7383e-01 (4.5455e-01)	Loss Disc 6.8760e-01 (6.8560e-01)	Loss Pred 4.0684e-01 (3.8236e-01)	Loss TOTAL 8.1025e-01 (8.0139e-01)
Epoch: [14][112/112]	L_Src_Sup 0.0000e+00 (2.0424e-01)	L_Trg_Inj 4.0532e-01 (4.5388e-01)	Loss Disc 6.8688e-01 (6.8562e-01)	Loss Pred 2.4690e-01 (3.8072e-01)	Loss TOTAL 6.3087e-01 (7.9942e-01)
Epoch 14 complete. Saving model state...
Epoch: [15][ 10/112]	L_Src_Sup 0.0000e+00 (1.4766e-01)	L_Trg_Inj 4.3210e-01 (3.8139e-01)	Loss Disc 6.8528e-01 (6.8759e-01)	Loss Pred 3.0379e-01 (3.8880e-01)	Loss TOTAL 6.8964e-01 (7.8739e-01)
Epoch: [15][ 20/112]	L_Src_Sup 2.5008e-01 (2.2886e-01)	L_Trg_Inj 4.3746e-01 (3.9922e-01)	Loss Disc 6.8647e-01 (6.8723e-01)	Loss Pred 3.7597e-01 (3.8186e-01)	Loss TOTAL 7.8796e-01 (7.9648e-01)
Epoch: [15][ 30/112]	L_Src_Sup 1.3343e-01 (2.5080e-01)	L_Trg_Inj 4.7961e-01 (4.5099e-01)	Loss Disc 6.8574e-01 (6.8559e-01)	Loss Pred 3.6051e-01 (3.7878e-01)	Loss TOTAL 7.6468e-01 (7.9722e-01)
Epoch: [15][ 40/112]	L_Src_Sup 2.2236e-01 (2.2427e-01)	L_Trg_Inj 4.0146e-01 (4.6320e-01)	Loss Disc 6.8760e-01 (6.8522e-01)	Loss Pred 4.0414e-01 (3.7816e-01)	Loss TOTAL 8.1032e-01 (7.9362e-01)
Epoch: [15][ 50/112]	L_Src_Sup 3.7504e-01 (2.2187e-01)	L_Trg_Inj 3.3992e-01 (4.6456e-01)	Loss Disc 6.9002e-01 (6.8523e-01)	Loss Pred 3.7372e-01 (3.7348e-01)	Loss TOTAL 8.2535e-01 (7.8871e-01)
Epoch: [15][ 60/112]	L_Src_Sup 0.0000e+00 (2.1054e-01)	L_Trg_Inj 4.9537e-01 (4.7090e-01)	Loss Disc 6.8465e-01 (6.8506e-01)	Loss Pred 3.4323e-01 (3.7397e-01)	Loss TOTAL 7.3509e-01 (7.8797e-01)
Epoch: [15][ 70/112]	L_Src_Sup 0.0000e+00 (1.9174e-01)	L_Trg_Inj 5.3416e-01 (4.7745e-01)	Loss Disc 6.8299e-01 (6.8490e-01)	Loss Pred 4.1760e-01 (3.7509e-01)	Loss TOTAL 8.1251e-01 (7.8730e-01)
Epoch: [15][ 80/112]	L_Src_Sup 3.5302e-01 (1.9479e-01)	L_Trg_Inj 4.8591e-01 (4.7423e-01)	Loss Disc 6.8551e-01 (6.8507e-01)	Loss Pred 3.8689e-01 (3.7246e-01)	Loss TOTAL 8.1354e-01 (7.8652e-01)
Epoch: [15][ 90/112]	L_Src_Sup 2.1053e-01 (1.9211e-01)	L_Trg_Inj 3.1182e-01 (4.6555e-01)	Loss Disc 6.8993e-01 (6.8536e-01)	Loss Pred 4.1679e-01 (3.7302e-01)	Loss TOTAL 8.1399e-01 (7.8558e-01)
Epoch: [15][100/112]	L_Src_Sup 0.0000e+00 (1.8519e-01)	L_Trg_Inj 3.4289e-01 (4.5840e-01)	Loss Disc 6.8986e-01 (6.8560e-01)	Loss Pred 3.7069e-01 (3.7250e-01)	Loss TOTAL 7.4991e-01 (7.8423e-01)
Epoch: [15][110/112]	L_Src_Sup 0.0000e+00 (1.7716e-01)	L_Trg_Inj 5.2503e-01 (4.5882e-01)	Loss Disc 6.8311e-01 (6.8559e-01)	Loss Pred 3.0876e-01 (3.7202e-01)	Loss TOTAL 7.0282e-01 (7.8258e-01)
Epoch: [15][112/112]	L_Src_Sup 1.1113e-01 (1.7946e-01)	L_Trg_Inj 5.3026e-01 (4.5924e-01)	Loss Disc 6.8357e-01 (6.8558e-01)	Loss Pred 4.0047e-01 (3.7171e-01)	Loss TOTAL 8.0639e-01 (7.8305e-01)
Epoch 15 complete. Saving model state...
Epoch: [16][ 10/112]	L_Src_Sup 1.3337e-01 (1.9899e-01)	L_Trg_Inj 4.3769e-01 (5.0016e-01)	Loss Disc 6.8598e-01 (6.8438e-01)	Loss Pred 3.5391e-01 (3.7566e-01)	Loss TOTAL 7.5401e-01 (7.9921e-01)
Epoch: [16][ 20/112]	L_Src_Sup 1.6648e-01 (2.4644e-01)	L_Trg_Inj 8.6064e-01 (5.2051e-01)	Loss Disc 6.7239e-01 (6.8402e-01)	Loss Pred 3.0697e-01 (3.4767e-01)	Loss TOTAL 7.4588e-01 (7.7816e-01)
Epoch: [16][ 30/112]	L_Src_Sup 1.8191e-01 (2.5758e-01)	L_Trg_Inj 5.7859e-01 (5.2815e-01)	Loss Disc 6.8090e-01 (6.8373e-01)	Loss Pred 2.9038e-01 (3.4682e-01)	Loss TOTAL 7.0689e-01 (7.7853e-01)
Epoch: [16][ 40/112]	L_Src_Sup 1.1766e-01 (2.3598e-01)	L_Trg_Inj 5.1558e-01 (5.3055e-01)	Loss Disc 6.8383e-01 (6.8350e-01)	Loss Pred 3.8279e-01 (3.5279e-01)	Loss TOTAL 7.8804e-01 (7.7966e-01)
Epoch: [16][ 50/112]	L_Src_Sup 7.2726e-01 (2.4208e-01)	L_Trg_Inj 3.8871e-01 (5.3099e-01)	Loss Disc 6.9014e-01 (6.8342e-01)	Loss Pred 2.8893e-01 (3.5844e-01)	Loss TOTAL 1.0841e+00 (7.9099e-01)
Epoch: [16][ 60/112]	L_Src_Sup 1.8190e-01 (2.3973e-01)	L_Trg_Inj 5.1753e-01 (5.2717e-01)	Loss Disc 6.8366e-01 (6.8355e-01)	Loss Pred 2.8743e-01 (3.5759e-01)	Loss TOTAL 6.9920e-01 (7.9303e-01)
Epoch: [16][ 70/112]	L_Src_Sup 1.9074e-01 (2.2611e-01)	L_Trg_Inj 4.2245e-01 (5.1240e-01)	Loss Disc 6.8743e-01 (6.8408e-01)	Loss Pred 4.3842e-01 (3.6041e-01)	Loss TOTAL 8.4345e-01 (7.9085e-01)
Epoch: [16][ 80/112]	L_Src_Sup 2.3695e-01 (2.2307e-01)	L_Trg_Inj 4.5257e-01 (5.0191e-01)	Loss Disc 6.8732e-01 (6.8450e-01)	Loss Pred 3.6820e-01 (3.5964e-01)	Loss TOTAL 7.8081e-01 (7.8724e-01)
Epoch: [16][ 90/112]	L_Src_Sup 2.3692e-01 (2.1614e-01)	L_Trg_Inj 4.0908e-01 (4.9000e-01)	Loss Disc 6.8945e-01 (6.8505e-01)	Loss Pred 3.5352e-01 (3.5877e-01)	Loss TOTAL 7.6284e-01 (7.8337e-01)
Epoch: [16][100/112]	L_Src_Sup 1.4366e-01 (2.1908e-01)	L_Trg_Inj 4.6424e-01 (4.9272e-01)	Loss Disc 6.7958e-01 (6.8476e-01)	Loss Pred 3.0809e-01 (3.5733e-01)	Loss TOTAL 7.0867e-01 (7.8265e-01)
Epoch: [16][110/112]	L_Src_Sup 2.7591e-01 (2.1944e-01)	L_Trg_Inj 4.0842e-01 (4.8439e-01)	Loss Disc 6.6375e-01 (6.8397e-01)	Loss Pred 5.1113e-01 (3.5627e-01)	Loss TOTAL 9.1144e-01 (7.8033e-01)
Epoch: [16][112/112]	L_Src_Sup 2.8660e-01 (2.1808e-01)	L_Trg_Inj 4.2980e-01 (4.8182e-01)	Loss Disc 6.7670e-01 (6.8385e-01)	Loss Pred 3.0336e-01 (3.5545e-01)	Loss TOTAL 7.1335e-01 (7.7885e-01)
Epoch 16 complete. Saving model state...
Epoch: [17][ 10/112]	L_Src_Sup 9.5318e-02 (1.3367e-01)	L_Trg_Inj 2.3807e-01 (2.9915e-01)	Loss Disc 6.7206e-01 (6.7499e-01)	Loss Pred 3.9763e-01 (3.4314e-01)	Loss TOTAL 7.6700e-01 (7.3745e-01)
Epoch: [17][ 20/112]	L_Src_Sup 1.5458e-01 (1.4814e-01)	L_Trg_Inj 3.4316e-01 (3.2731e-01)	Loss Disc 6.7371e-01 (6.7385e-01)	Loss Pred 2.8425e-01 (3.2036e-01)	Loss TOTAL 6.7088e-01 (7.1983e-01)
Epoch: [17][ 30/112]	L_Src_Sup 2.0162e-01 (1.7654e-01)	L_Trg_Inj 3.5855e-01 (3.3113e-01)	Loss Disc 6.6475e-01 (6.7247e-01)	Loss Pred 3.7725e-01 (3.2103e-01)	Loss TOTAL 7.6564e-01 (7.2514e-01)
Epoch: [17][ 40/112]	L_Src_Sup 0.0000e+00 (1.7695e-01)	L_Trg_Inj 3.4554e-01 (3.4865e-01)	Loss Disc 6.7822e-01 (6.7274e-01)	Loss Pred 2.4322e-01 (3.1983e-01)	Loss TOTAL 6.1688e-01 (7.2159e-01)
Epoch: [17][ 50/112]	L_Src_Sup 2.7337e-01 (1.8964e-01)	L_Trg_Inj 2.8280e-01 (3.3810e-01)	Loss Disc 6.9142e-01 (6.7508e-01)	Loss Pred 4.0365e-01 (3.1902e-01)	Loss TOTAL 8.0497e-01 (7.3266e-01)
Epoch: [17][ 60/112]	L_Src_Sup 1.9043e-01 (1.9598e-01)	L_Trg_Inj 3.2807e-01 (3.4581e-01)	Loss Disc 6.6805e-01 (6.7609e-01)	Loss Pred 3.8800e-01 (3.1787e-01)	Loss TOTAL 7.7387e-01 (7.3659e-01)
Epoch: [17][ 70/112]	L_Src_Sup 3.7480e-01 (1.9347e-01)	L_Trg_Inj 2.8153e-01 (3.3511e-01)	Loss Disc 6.7156e-01 (6.7528e-01)	Loss Pred 3.1835e-01 (3.2037e-01)	Loss TOTAL 8.1304e-01 (7.3916e-01)
Epoch: [17][ 80/112]	L_Src_Sup 1.2150e-01 (2.0002e-01)	L_Trg_Inj 3.6425e-01 (3.3276e-01)	Loss Disc 6.7985e-01 (6.7514e-01)	Loss Pred 3.3362e-01 (3.2318e-01)	Loss TOTAL 7.2212e-01 (7.4195e-01)
Epoch: [17][ 90/112]	L_Src_Sup 2.6607e-01 (2.4479e-01)	L_Trg_Inj 3.5418e-01 (3.3110e-01)	Loss Disc 6.6150e-01 (6.7475e-01)	Loss Pred 4.1984e-01 (3.2283e-01)	Loss TOTAL 8.1261e-01 (7.8758e-01)
Epoch: [17][100/112]	L_Src_Sup 2.0082e-01 (2.3914e-01)	L_Trg_Inj 2.0311e-01 (3.2647e-01)	Loss Disc 6.8168e-01 (6.7456e-01)	Loss Pred 2.3655e-01 (3.2183e-01)	Loss TOTAL 6.1778e-01 (7.8109e-01)
Epoch: [17][110/112]	L_Src_Sup 2.5009e-01 (2.3435e-01)	L_Trg_Inj 2.2142e-01 (3.2389e-01)	Loss Disc 6.7574e-01 (6.7466e-01)	Loss Pred 3.1894e-01 (3.2046e-01)	Loss TOTAL 7.3264e-01 (7.7587e-01)
Epoch: [17][112/112]	L_Src_Sup 0.0000e+00 (2.3197e-01)	L_Trg_Inj 3.3431e-01 (3.2376e-01)	Loss Disc 6.7956e-01 (6.7466e-01)	Loss Pred 3.3279e-01 (3.2104e-01)	Loss TOTAL 7.0600e-01 (7.7509e-01)
Epoch 17 complete. Saving model state...
Epoch: [18][ 10/112]	L_Src_Sup 1.6670e-01 (1.9469e-01)	L_Trg_Inj 3.3885e-01 (2.9018e-01)	Loss Disc 6.7679e-01 (6.7469e-01)	Loss Pred 2.6254e-01 (3.0689e-01)	Loss TOTAL 6.5148e-01 (7.2578e-01)
Epoch: [18][ 20/112]	L_Src_Sup 1.3290e-01 (1.9558e-01)	L_Trg_Inj 3.1268e-01 (2.8603e-01)	Loss Disc 6.7510e-01 (6.7504e-01)	Loss Pred 3.0277e-01 (3.1001e-01)	Loss TOTAL 6.8488e-01 (7.2248e-01)
Epoch: [18][ 30/112]	L_Src_Sup 1.1759e-01 (2.1457e-01)	L_Trg_Inj 2.3736e-01 (2.8308e-01)	Loss Disc 6.7410e-01 (6.7483e-01)	Loss Pred 3.2978e-01 (3.1487e-01)	Loss TOTAL 7.0232e-01 (7.3421e-01)
Epoch: [18][ 40/112]	L_Src_Sup 0.0000e+00 (1.9334e-01)	L_Trg_Inj 2.0139e-01 (2.8094e-01)	Loss Disc 6.8822e-01 (6.7587e-01)	Loss Pred 2.8784e-01 (3.1644e-01)	Loss TOTAL 6.5208e-01 (7.2597e-01)
Epoch: [18][ 50/112]	L_Src_Sup 4.9887e-01 (1.9598e-01)	L_Trg_Inj 3.7746e-01 (2.8263e-01)	Loss Disc 6.8286e-01 (6.7783e-01)	Loss Pred 2.5869e-01 (3.1702e-01)	Loss TOTAL 8.0917e-01 (7.2802e-01)
Epoch: [18][ 60/112]	L_Src_Sup 1.4242e-01 (1.9384e-01)	L_Trg_Inj 3.9039e-01 (3.0135e-01)	Loss Disc 6.7386e-01 (6.7719e-01)	Loss Pred 2.8571e-01 (3.1656e-01)	Loss TOTAL 6.7592e-01 (7.2541e-01)
Epoch: [18][ 70/112]	L_Src_Sup 1.6664e-01 (1.9767e-01)	L_Trg_Inj 4.6339e-01 (3.1671e-01)	Loss Disc 6.8291e-01 (6.7796e-01)	Loss Pred 2.5743e-01 (3.1158e-01)	Loss TOTAL 6.6189e-01 (7.2380e-01)
Epoch: [18][ 80/112]	L_Src_Sup 2.1020e-01 (2.0105e-01)	L_Trg_Inj 4.2122e-01 (3.2447e-01)	Loss Disc 6.8340e-01 (6.7876e-01)	Loss Pred 3.5587e-01 (3.1163e-01)	Loss TOTAL 7.6071e-01 (7.2412e-01)
Epoch: [18][ 90/112]	L_Src_Sup 4.4303e-01 (2.0183e-01)	L_Trg_Inj 4.3657e-01 (3.3583e-01)	Loss Disc 6.7994e-01 (6.7931e-01)	Loss Pred 3.4140e-01 (3.1225e-01)	Loss TOTAL 7.7579e-01 (7.2402e-01)
Epoch: [18][100/112]	L_Src_Sup 2.3516e-01 (2.0651e-01)	L_Trg_Inj 3.6044e-01 (3.4311e-01)	Loss Disc 6.8711e-01 (6.7983e-01)	Loss Pred 3.2631e-01 (3.1170e-01)	Loss TOTAL 7.2942e-01 (7.2329e-01)
Epoch: [18][110/112]	L_Src_Sup 0.0000e+00 (2.0610e-01)	L_Trg_Inj 3.4304e-01 (3.4996e-01)	Loss Disc 6.8323e-01 (6.8016e-01)	Loss Pred 2.6929e-01 (3.1171e-01)	Loss TOTAL 6.4521e-01 (7.2302e-01)
Epoch: [18][112/112]	L_Src_Sup 8.1794e-01 (2.1418e-01)	L_Trg_Inj 6.0977e-01 (3.5348e-01)	Loss Disc 6.7450e-01 (6.8010e-01)	Loss Pred 3.9633e-01 (3.1247e-01)	Loss TOTAL 1.0845e+00 (7.2662e-01)
Epoch 18 complete. Saving model state...
Epoch: [19][ 10/112]	L_Src_Sup 2.4961e-01 (2.7357e-01)	L_Trg_Inj 3.2665e-01 (4.0888e-01)	Loss Disc 6.7426e-01 (6.7968e-01)	Loss Pred 4.2377e-01 (3.4938e-01)	Loss TOTAL 8.1853e-01 (8.0403e-01)
Epoch: [19][ 20/112]	L_Src_Sup 4.6901e-01 (2.2466e-01)	L_Trg_Inj 4.9186e-01 (4.1512e-01)	Loss Disc 6.8218e-01 (6.7967e-01)	Loss Pred 3.2464e-01 (3.5547e-01)	Loss TOTAL 7.6181e-01 (7.8257e-01)
Epoch: [19][ 30/112]	L_Src_Sup 2.2230e-01 (2.0798e-01)	L_Trg_Inj 4.8650e-01 (3.9687e-01)	Loss Disc 6.8575e-01 (6.8231e-01)	Loss Pred 3.3821e-01 (3.4142e-01)	Loss TOTAL 7.5197e-01 (7.6529e-01)
Epoch: [19][ 40/112]	L_Src_Sup 3.3314e-01 (2.0151e-01)	L_Trg_Inj 5.4798e-01 (4.0064e-01)	Loss Disc 6.7668e-01 (6.8323e-01)	Loss Pred 4.2236e-01 (3.3468e-01)	Loss TOTAL 8.4881e-01 (7.5610e-01)
Epoch: [19][ 50/112]	L_Src_Sup 3.0095e-01 (2.1313e-01)	L_Trg_Inj 2.8100e-01 (3.9880e-01)	Loss Disc 6.9122e-01 (6.8407e-01)	Loss Pred 3.6593e-01 (3.2772e-01)	Loss TOTAL 7.8968e-01 (7.4718e-01)
Epoch: [19][ 60/112]	L_Src_Sup 2.8588e-01 (2.0688e-01)	L_Trg_Inj 3.7968e-01 (3.9409e-01)	Loss Disc 6.8807e-01 (6.8485e-01)	Loss Pred 2.8089e-01 (3.2113e-01)	Loss TOTAL 6.9148e-01 (7.4004e-01)
Epoch: [19][ 70/112]	L_Src_Sup 0.0000e+00 (2.0170e-01)	L_Trg_Inj 4.7437e-01 (4.0063e-01)	Loss Disc 6.8322e-01 (6.8483e-01)	Loss Pred 3.3688e-01 (3.2043e-01)	Loss TOTAL 7.2593e-01 (7.3873e-01)
Epoch: [19][ 80/112]	L_Src_Sup 2.7339e-01 (2.0009e-01)	L_Trg_Inj 3.6063e-01 (4.0216e-01)	Loss Disc 6.8702e-01 (6.8528e-01)	Loss Pred 3.9365e-01 (3.1488e-01)	Loss TOTAL 8.0056e-01 (7.3352e-01)
Epoch: [19][ 90/112]	L_Src_Sup 4.5364e-01 (1.9619e-01)	L_Trg_Inj 2.5448e-01 (3.9274e-01)	Loss Disc 6.8947e-01 (6.8583e-01)	Loss Pred 3.9342e-01 (3.1290e-01)	Loss TOTAL 1.0081e+00 (7.3232e-01)
Epoch: [19][100/112]	L_Src_Sup 1.3295e-01 (2.0002e-01)	L_Trg_Inj 5.4720e-01 (4.0156e-01)	Loss Disc 6.7891e-01 (6.8562e-01)	Loss Pred 2.9351e-01 (3.0943e-01)	Loss TOTAL 7.0098e-01 (7.2953e-01)
Epoch: [19][110/112]	L_Src_Sup 1.4222e-01 (2.0576e-01)	L_Trg_Inj 3.9315e-01 (4.0590e-01)	Loss Disc 6.8575e-01 (6.8548e-01)	Loss Pred 2.7911e-01 (3.0785e-01)	Loss TOTAL 6.7552e-01 (7.2732e-01)
Epoch: [19][112/112]	L_Src_Sup 1.5415e-01 (2.0543e-01)	L_Trg_Inj 4.5519e-01 (4.0670e-01)	Loss Disc 6.8679e-01 (6.8551e-01)	Loss Pred 2.6464e-01 (3.0771e-01)	Loss TOTAL 6.6897e-01 (7.2698e-01)
Epoch 19 complete. Saving model state...
Epoch: [20][ 10/112]	L_Src_Sup 2.2059e-01 (2.3697e-01)	L_Trg_Inj 4.1218e-01 (4.3188e-01)	Loss Disc 6.8479e-01 (6.8492e-01)	Loss Pred 3.3570e-01 (3.0730e-01)	Loss TOTAL 7.4137e-01 (7.1664e-01)
Epoch: [20][ 20/112]	L_Src_Sup 4.0055e-01 (2.2325e-01)	L_Trg_Inj 3.6156e-01 (3.9397e-01)	Loss Disc 6.9142e-01 (6.8751e-01)	Loss Pred 2.9266e-01 (2.9936e-01)	Loss TOTAL 7.5358e-01 (7.1181e-01)
Epoch: [20][ 30/112]	L_Src_Sup 1.2852e-01 (2.5268e-01)	L_Trg_Inj 4.0765e-01 (4.0787e-01)	Loss Disc 6.7974e-01 (6.8607e-01)	Loss Pred 3.2087e-01 (3.0276e-01)	Loss TOTAL 7.1435e-01 (7.2276e-01)
Epoch: [20][ 40/112]	L_Src_Sup 2.6766e-01 (2.4512e-01)	L_Trg_Inj 4.4233e-01 (4.2572e-01)	Loss Disc 6.7812e-01 (6.8332e-01)	Loss Pred 2.9230e-01 (3.0127e-01)	Loss TOTAL 7.0236e-01 (7.1819e-01)
Epoch: [20][ 50/112]	L_Src_Sup 3.0781e-01 (2.3930e-01)	L_Trg_Inj 3.5167e-01 (4.3567e-01)	Loss Disc 6.8742e-01 (6.8240e-01)	Loss Pred 2.6359e-01 (3.0175e-01)	Loss TOTAL 6.7325e-01 (7.1699e-01)
Epoch: [20][ 60/112]	L_Src_Sup 2.8583e-01 (2.4565e-01)	L_Trg_Inj 3.8684e-01 (4.2813e-01)	Loss Disc 6.8629e-01 (6.8275e-01)	Loss Pred 2.7759e-01 (2.9941e-01)	Loss TOTAL 6.8800e-01 (7.2064e-01)
Epoch: [20][ 70/112]	L_Src_Sup 0.0000e+00 (2.3603e-01)	L_Trg_Inj 5.2468e-01 (4.2787e-01)	Loss Disc 6.8763e-01 (6.8305e-01)	Loss Pred 2.3395e-01 (2.9929e-01)	Loss TOTAL 6.3023e-01 (7.2051e-01)
Epoch: [20][ 80/112]	L_Src_Sup 1.5656e-01 (2.3042e-01)	L_Trg_Inj 4.6179e-01 (4.2956e-01)	Loss Disc 6.8746e-01 (6.8359e-01)	Loss Pred 2.6266e-01 (3.0042e-01)	Loss TOTAL 6.6823e-01 (7.2315e-01)
Epoch: [20][ 90/112]	L_Src_Sup 1.9988e-01 (2.3006e-01)	L_Trg_Inj 3.2970e-01 (4.2697e-01)	Loss Disc 6.8845e-01 (6.8395e-01)	Loss Pred 3.6194e-01 (3.0479e-01)	Loss TOTAL 7.5913e-01 (7.2575e-01)
Epoch: [20][100/112]	L_Src_Sup 0.0000e+00 (2.3238e-01)	L_Trg_Inj 3.5927e-01 (4.2001e-01)	Loss Disc 6.8897e-01 (6.8463e-01)	Loss Pred 2.7620e-01 (3.0394e-01)	Loss TOTAL 6.5662e-01 (7.3327e-01)
Epoch: [20][110/112]	L_Src_Sup 7.1458e-01 (2.2963e-01)	L_Trg_Inj 4.0814e-01 (4.2289e-01)	Loss Disc 6.8703e-01 (6.8468e-01)	Loss Pred 2.7569e-01 (3.0335e-01)	Loss TOTAL 1.0379e+00 (7.3362e-01)
Epoch: [20][112/112]	L_Src_Sup 1.2590e-01 (2.2844e-01)	L_Trg_Inj 5.7597e-01 (4.2325e-01)	Loss Disc 6.7983e-01 (6.8463e-01)	Loss Pred 3.0450e-01 (3.0387e-01)	Loss TOTAL 7.1460e-01 (7.3363e-01)
Epoch 20 complete. Saving model state...
Epoch: [21][ 10/112]	L_Src_Sup 0.0000e+00 (2.0450e-01)	L_Trg_Inj 2.7763e-01 (4.0869e-01)	Loss Disc 6.8933e-01 (6.8616e-01)	Loss Pred 2.6120e-01 (2.7848e-01)	Loss TOTAL 6.3363e-01 (6.8756e-01)
Epoch: [21][ 20/112]	L_Src_Sup 3.7976e-01 (2.1678e-01)	L_Trg_Inj 3.6186e-01 (3.9614e-01)	Loss Disc 6.8263e-01 (6.8609e-01)	Loss Pred 3.7488e-01 (2.8901e-01)	Loss TOTAL 8.0826e-01 (6.9845e-01)
Epoch: [21][ 30/112]	L_Src_Sup 1.2136e-01 (1.9435e-01)	L_Trg_Inj 4.3218e-01 (4.0564e-01)	Loss Disc 6.9346e-01 (6.8534e-01)	Loss Pred 3.0340e-01 (3.0001e-01)	Loss TOTAL 7.0548e-01 (7.0667e-01)
Epoch: [21][ 40/112]	L_Src_Sup 0.0000e+00 (1.8430e-01)	L_Trg_Inj 4.0801e-01 (4.0305e-01)	Loss Disc 6.8975e-01 (6.8606e-01)	Loss Pred 3.0351e-01 (3.0229e-01)	Loss TOTAL 6.8918e-01 (7.1719e-01)
Epoch: [21][ 50/112]	L_Src_Sup 1.6638e-01 (1.8394e-01)	L_Trg_Inj 2.9530e-01 (3.8638e-01)	Loss Disc 6.9419e-01 (6.8734e-01)	Loss Pred 2.4758e-01 (3.0347e-01)	Loss TOTAL 6.4084e-01 (7.1728e-01)
Epoch: [21][ 60/112]	L_Src_Sup 2.4985e-01 (1.8124e-01)	L_Trg_Inj 2.4980e-01 (3.6958e-01)	Loss Disc 6.8991e-01 (6.8788e-01)	Loss Pred 3.0312e-01 (3.0416e-01)	Loss TOTAL 6.9809e-01 (7.1622e-01)
Epoch: [21][ 70/112]	L_Src_Sup 0.0000e+00 (1.7727e-01)	L_Trg_Inj 2.4956e-01 (3.5172e-01)	Loss Disc 6.9069e-01 (6.8824e-01)	Loss Pred 3.0267e-01 (2.9767e-01)	Loss TOTAL 6.7297e-01 (7.0946e-01)
Epoch: [21][ 80/112]	L_Src_Sup 1.1039e-01 (1.7368e-01)	L_Trg_Inj 3.5677e-01 (3.4477e-01)	Loss Disc 6.9083e-01 (6.8850e-01)	Loss Pred 3.3207e-01 (2.9848e-01)	Loss TOTAL 7.2420e-01 (7.1148e-01)
Epoch: [21][ 90/112]	L_Src_Sup 3.0096e-01 (1.7031e-01)	L_Trg_Inj 3.3168e-01 (3.4933e-01)	Loss Disc 6.8992e-01 (6.8862e-01)	Loss Pred 3.5860e-01 (2.9967e-01)	Loss TOTAL 7.6682e-01 (7.1097e-01)
Epoch: [21][100/112]	L_Src_Sup 0.0000e+00 (1.8120e-01)	L_Trg_Inj 5.6742e-01 (3.6087e-01)	Loss Disc 6.8303e-01 (6.8849e-01)	Loss Pred 3.2995e-01 (2.9905e-01)	Loss TOTAL 7.2821e-01 (7.1503e-01)
Epoch: [21][110/112]	L_Src_Sup 0.0000e+00 (1.7464e-01)	L_Trg_Inj 3.0997e-01 (3.6699e-01)	Loss Disc 6.8522e-01 (6.8813e-01)	Loss Pred 3.1542e-01 (3.0159e-01)	Loss TOTAL 6.8903e-01 (7.1575e-01)
Epoch: [21][112/112]	L_Src_Sup 3.9984e-01 (1.7865e-01)	L_Trg_Inj 3.2706e-01 (3.6702e-01)	Loss Disc 6.8638e-01 (6.8810e-01)	Loss Pred 2.8751e-01 (3.0072e-01)	Loss TOTAL 7.7618e-01 (7.1563e-01)
Epoch 21 complete. Saving model state...
Epoch: [22][ 10/112]	L_Src_Sup 1.8179e-01 (1.9974e-01)	L_Trg_Inj 4.9960e-01 (4.2928e-01)	Loss Disc 6.8921e-01 (6.8555e-01)	Loss Pred 2.3050e-01 (3.0284e-01)	Loss TOTAL 6.4324e-01 (7.0852e-01)
Epoch: [22][ 20/112]	L_Src_Sup 4.2067e-01 (2.2017e-01)	L_Trg_Inj 3.8474e-01 (4.0516e-01)	Loss Disc 6.9153e-01 (6.8675e-01)	Loss Pred 3.4323e-01 (3.1325e-01)	Loss TOTAL 8.0547e-01 (7.2095e-01)
Epoch: [22][ 30/112]	L_Src_Sup 0.0000e+00 (2.0563e-01)	L_Trg_Inj 2.9985e-01 (3.5681e-01)	Loss Disc 6.8983e-01 (6.8828e-01)	Loss Pred 2.0300e-01 (3.1257e-01)	Loss TOTAL 5.7790e-01 (7.2324e-01)
Epoch: [22][ 40/112]	L_Src_Sup 3.1594e-01 (1.8215e-01)	L_Trg_Inj 2.4678e-01 (3.2956e-01)	Loss Disc 6.9083e-01 (6.8885e-01)	Loss Pred 3.4304e-01 (3.0967e-01)	Loss TOTAL 8.1389e-01 (7.1761e-01)
Epoch: [22][ 50/112]	L_Src_Sup 3.5296e-01 (1.7763e-01)	L_Trg_Inj 3.6017e-01 (3.4022e-01)	Loss Disc 6.8892e-01 (6.8879e-01)	Loss Pred 3.1483e-01 (3.0510e-01)	Loss TOTAL 7.3061e-01 (7.1167e-01)
Epoch: [22][ 60/112]	L_Src_Sup 0.0000e+00 (1.8591e-01)	L_Trg_Inj 2.9694e-01 (3.4885e-01)	Loss Disc 6.9084e-01 (6.8886e-01)	Loss Pred 2.8657e-01 (3.0016e-01)	Loss TOTAL 6.6169e-01 (7.1688e-01)
Epoch: [22][ 70/112]	L_Src_Sup 1.6661e-01 (1.9774e-01)	L_Trg_Inj 3.5165e-01 (3.5586e-01)	Loss Disc 6.8668e-01 (6.8855e-01)	Loss Pred 2.4404e-01 (2.9946e-01)	Loss TOTAL 6.3920e-01 (7.1647e-01)
Epoch: [22][ 80/112]	L_Src_Sup 4.2099e-01 (2.1203e-01)	L_Trg_Inj 3.2643e-01 (3.6657e-01)	Loss Disc 6.8268e-01 (6.8792e-01)	Loss Pred 3.4225e-01 (2.9778e-01)	Loss TOTAL 8.5290e-01 (7.1768e-01)
Epoch: [22][ 90/112]	L_Src_Sup 0.0000e+00 (2.0555e-01)	L_Trg_Inj 5.4589e-01 (3.8585e-01)	Loss Disc 6.7318e-01 (6.8630e-01)	Loss Pred 2.7140e-01 (2.9800e-01)	Loss TOTAL 6.6258e-01 (7.1636e-01)
Epoch: [22][100/112]	L_Src_Sup 3.0012e-01 (2.0546e-01)	L_Trg_Inj 3.4045e-01 (3.9787e-01)	Loss Disc 6.8235e-01 (6.8536e-01)	Loss Pred 3.5611e-01 (2.9705e-01)	Loss TOTAL 7.6134e-01 (7.1452e-01)
Epoch: [22][110/112]	L_Src_Sup 2.2222e-01 (2.0397e-01)	L_Trg_Inj 4.8378e-01 (4.0242e-01)	Loss Disc 6.8148e-01 (6.8510e-01)	Loss Pred 3.2744e-01 (2.9817e-01)	Loss TOTAL 7.3878e-01 (7.1501e-01)
Epoch: [22][112/112]	L_Src_Sup 0.0000e+00 (2.0243e-01)	L_Trg_Inj 4.3749e-01 (4.0221e-01)	Loss Disc 6.8064e-01 (6.8510e-01)	Loss Pred 2.7130e-01 (2.9807e-01)	Loss TOTAL 6.5537e-01 (7.1449e-01)
Epoch 22 complete. Saving model state...
Epoch: [23][ 10/112]	L_Src_Sup 0.0000e+00 (1.1036e-01)	L_Trg_Inj 5.1567e-01 (4.3750e-01)	Loss Disc 6.8589e-01 (6.8401e-01)	Loss Pred 2.4403e-01 (2.9675e-01)	Loss TOTAL 6.3855e-01 (6.9354e-01)
Epoch: [23][ 20/112]	L_Src_Sup 1.5380e-01 (1.5132e-01)	L_Trg_Inj 4.5312e-01 (4.4943e-01)	Loss Disc 6.8167e-01 (6.8368e-01)	Loss Pred 2.5701e-01 (2.8400e-01)	Loss TOTAL 6.5854e-01 (6.8592e-01)
Epoch: [23][ 30/112]	L_Src_Sup 4.7661e-01 (1.6392e-01)	L_Trg_Inj 4.2261e-01 (4.4728e-01)	Loss Disc 6.8083e-01 (6.8345e-01)	Loss Pred 3.6944e-01 (2.8905e-01)	Loss TOTAL 8.5378e-01 (6.9369e-01)
Epoch: [23][ 40/112]	L_Src_Sup 9.4134e-03 (1.6725e-01)	L_Trg_Inj 3.4371e-01 (4.4335e-01)	Loss Disc 6.7662e-01 (6.8314e-01)	Loss Pred 3.8336e-01 (2.9082e-01)	Loss TOTAL 7.5698e-01 (6.9480e-01)
Epoch: [23][ 50/112]	L_Src_Sup 0.0000e+00 (1.6350e-01)	L_Trg_Inj 4.4562e-01 (4.3829e-01)	Loss Disc 6.9436e-01 (6.8348e-01)	Loss Pred 2.2843e-01 (2.9214e-01)	Loss TOTAL 6.2017e-01 (6.9514e-01)
Epoch: [23][ 60/112]	L_Src_Sup 2.1046e-01 (1.8115e-01)	L_Trg_Inj 5.3268e-01 (4.3628e-01)	Loss Disc 6.7582e-01 (6.8298e-01)	Loss Pred 3.4058e-01 (2.9605e-01)	Loss TOTAL 7.5281e-01 (7.0279e-01)
Epoch: [23][ 70/112]	L_Src_Sup 3.3359e-01 (1.8143e-01)	L_Trg_Inj 4.5324e-01 (4.3749e-01)	Loss Disc 6.8642e-01 (6.8298e-01)	Loss Pred 3.2639e-01 (2.9604e-01)	Loss TOTAL 7.4829e-01 (7.0256e-01)
Epoch: [23][ 80/112]	L_Src_Sup 0.0000e+00 (1.7827e-01)	L_Trg_Inj 5.0748e-01 (4.3556e-01)	Loss Disc 6.8200e-01 (6.8299e-01)	Loss Pred 3.4024e-01 (2.9878e-01)	Loss TOTAL 7.3199e-01 (7.0605e-01)
Epoch: [23][ 90/112]	L_Src_Sup 3.1563e-01 (1.8056e-01)	L_Trg_Inj 3.9194e-01 (4.3633e-01)	Loss Disc 6.8340e-01 (6.8312e-01)	Loss Pred 3.4019e-01 (2.9857e-01)	Loss TOTAL 7.5265e-01 (7.0572e-01)
Epoch: [23][100/112]	L_Src_Sup 1.5376e-01 (1.8104e-01)	L_Trg_Inj 4.5558e-01 (4.3693e-01)	Loss Disc 6.8639e-01 (6.8364e-01)	Loss Pred 2.5647e-01 (2.9802e-01)	Loss TOTAL 6.6060e-01 (7.0515e-01)
Epoch: [23][110/112]	L_Src_Sup 1.8191e-01 (1.8247e-01)	L_Trg_Inj 4.5694e-01 (4.3633e-01)	Loss Disc 6.8608e-01 (6.8393e-01)	Loss Pred 2.2879e-01 (2.9741e-01)	Loss TOTAL 6.3571e-01 (7.0508e-01)
Epoch: [23][112/112]	L_Src_Sup 1.8500e-01 (1.8198e-01)	L_Trg_Inj 5.2068e-01 (4.3746e-01)	Loss Disc 6.8389e-01 (6.8393e-01)	Loss Pred 2.5744e-01 (2.9706e-01)	Loss TOTAL 6.6996e-01 (7.0472e-01)
Epoch 23 complete. Saving model state...
Epoch: [24][ 10/112]	L_Src_Sup 1.1783e-01 (2.6135e-01)	L_Trg_Inj 3.8988e-01 (4.3496e-01)	Loss Disc 6.8619e-01 (6.8420e-01)	Loss Pred 3.1212e-01 (2.7620e-01)	Loss TOTAL 7.0598e-01 (6.8798e-01)
Epoch: [24][ 20/112]	L_Src_Sup 2.2217e-01 (2.4260e-01)	L_Trg_Inj 3.8192e-01 (3.8898e-01)	Loss Disc 6.9021e-01 (6.8660e-01)	Loss Pred 2.0017e-01 (2.9481e-01)	Loss TOTAL 6.0568e-01 (7.0915e-01)
Epoch: [24][ 30/112]	L_Src_Sup 1.2506e-01 (2.4259e-01)	L_Trg_Inj 4.0516e-01 (3.9945e-01)	Loss Disc 6.8742e-01 (6.8680e-01)	Loss Pred 2.9793e-01 (2.9448e-01)	Loss TOTAL 6.9466e-01 (7.1256e-01)
Epoch: [24][ 40/112]	L_Src_Sup 1.4323e-01 (2.4179e-01)	L_Trg_Inj 2.8184e-01 (3.9165e-01)	Loss Disc 6.8981e-01 (6.8726e-01)	Loss Pred 2.6987e-01 (2.9151e-01)	Loss TOTAL 6.5729e-01 (7.0763e-01)
Epoch: [24][ 50/112]	L_Src_Sup 3.0792e-01 (2.2433e-01)	L_Trg_Inj 1.8396e-01 (3.7654e-01)	Loss Disc 6.9326e-01 (6.8784e-01)	Loss Pred 2.5573e-01 (2.9280e-01)	Loss TOTAL 7.7551e-01 (7.1007e-01)
Epoch: [24][ 60/112]	L_Src_Sup 4.2045e-01 (2.1497e-01)	L_Trg_Inj 4.5723e-01 (3.7830e-01)	Loss Disc 6.8239e-01 (6.8754e-01)	Loss Pred 3.3947e-01 (2.9759e-01)	Loss TOTAL 7.6843e-01 (7.1258e-01)
Epoch: [24][ 70/112]	L_Src_Sup 1.1092e-01 (2.1344e-01)	L_Trg_Inj 5.3331e-01 (3.8966e-01)	Loss Disc 6.8366e-01 (6.8677e-01)	Loss Pred 3.2542e-01 (2.9799e-01)	Loss TOTAL 7.3167e-01 (7.1188e-01)
Epoch: [24][ 80/112]	L_Src_Sup 0.0000e+00 (2.0762e-01)	L_Trg_Inj 3.9064e-01 (3.8955e-01)	Loss Disc 6.8102e-01 (6.8681e-01)	Loss Pred 3.3930e-01 (2.9707e-01)	Loss TOTAL 7.1887e-01 (7.1342e-01)
Epoch: [24][ 90/112]	L_Src_Sup 0.0000e+00 (2.0582e-01)	L_Trg_Inj 5.2581e-01 (4.0697e-01)	Loss Disc 6.7952e-01 (6.8563e-01)	Loss Pred 2.5568e-01 (2.9653e-01)	Loss TOTAL 6.4802e-01 (7.1238e-01)
Epoch: [24][100/112]	L_Src_Sup 0.0000e+00 (1.9752e-01)	L_Trg_Inj 4.9501e-01 (4.1424e-01)	Loss Disc 6.8321e-01 (6.8498e-01)	Loss Pred 2.5559e-01 (2.9606e-01)	Loss TOTAL 6.4670e-01 (7.1031e-01)
Epoch: [24][110/112]	L_Src_Sup 3.3334e-01 (1.9428e-01)	L_Trg_Inj 3.7494e-01 (4.1949e-01)	Loss Disc 6.8288e-01 (6.8449e-01)	Loss Pred 3.2512e-01 (2.9617e-01)	Loss TOTAL 7.3739e-01 (7.0942e-01)
Epoch: [24][112/112]	L_Src_Sup 1.2496e-01 (1.9320e-01)	L_Trg_Inj 3.3189e-01 (4.1891e-01)	Loss Disc 6.8214e-01 (6.8444e-01)	Loss Pred 2.9730e-01 (2.9594e-01)	Loss TOTAL 6.8405e-01 (7.0883e-01)
Epoch 24 complete. Saving model state...
Epoch: [25][ 10/112]	L_Src_Sup 3.5314e-01 (1.9303e-01)	L_Trg_Inj 3.4353e-01 (4.5330e-01)	Loss Disc 6.8967e-01 (6.8130e-01)	Loss Pred 3.1119e-01 (2.9041e-01)	Loss TOTAL 7.3532e-01 (6.9903e-01)
Epoch: [25][ 20/112]	L_Src_Sup 6.0670e-01 (2.4270e-01)	L_Trg_Inj 4.7775e-01 (4.5999e-01)	Loss Disc 6.7623e-01 (6.8062e-01)	Loss Pred 3.5288e-01 (3.0854e-01)	Loss TOTAL 9.2839e-01 (7.3530e-01)
Epoch: [25][ 30/112]	L_Src_Sup 7.0956e-01 (2.7806e-01)	L_Trg_Inj 4.8882e-01 (4.6190e-01)	Loss Disc 6.8840e-01 (6.8603e-01)	Loss Pred 3.1126e-01 (3.0942e-01)	Loss TOTAL 9.9605e-01 (7.5445e-01)
Epoch: [25][ 40/112]	L_Src_Sup 1.1102e-01 (2.5737e-01)	L_Trg_Inj 5.0076e-01 (4.5305e-01)	Loss Disc 6.8614e-01 (6.8657e-01)	Loss Pred 3.2483e-01 (3.0949e-01)	Loss TOTAL 7.2908e-01 (7.4578e-01)
Epoch: [25][ 50/112]	L_Src_Sup 0.0000e+00 (2.3383e-01)	L_Trg_Inj 3.5850e-01 (4.4714e-01)	Loss Disc 6.8636e-01 (6.8661e-01)	Loss Pred 3.5257e-01 (3.0312e-01)	Loss TOTAL 7.3160e-01 (7.3422e-01)
Epoch: [25][ 60/112]	L_Src_Sup 0.0000e+00 (2.1509e-01)	L_Trg_Inj 5.4090e-01 (4.4295e-01)	Loss Disc 6.8208e-01 (6.8644e-01)	Loss Pred 2.1333e-01 (2.9630e-01)	Loss TOTAL 6.0846e-01 (7.2174e-01)
Epoch: [25][ 70/112]	L_Src_Sup 0.0000e+00 (2.1891e-01)	L_Trg_Inj 5.3192e-01 (4.5018e-01)	Loss Disc 6.8788e-01 (6.8602e-01)	Loss Pred 2.1338e-01 (2.9601e-01)	Loss TOTAL 6.1052e-01 (7.2398e-01)
Epoch: [25][ 80/112]	L_Src_Sup 2.7271e-01 (2.1688e-01)	L_Trg_Inj 4.9996e-01 (4.4709e-01)	Loss Disc 6.7700e-01 (6.8570e-01)	Loss Pred 3.8028e-01 (2.9769e-01)	Loss TOTAL 7.9604e-01 (7.2274e-01)
Epoch: [25][ 90/112]	L_Src_Sup 1.4265e-01 (2.1617e-01)	L_Trg_Inj 2.8138e-01 (4.4505e-01)	Loss Disc 6.8989e-01 (6.8547e-01)	Loss Pred 2.6890e-01 (2.9559e-01)	Loss TOTAL 6.5625e-01 (7.1928e-01)
Epoch: [25][100/112]	L_Src_Sup 5.7377e-01 (2.2017e-01)	L_Trg_Inj 5.1559e-01 (4.4147e-01)	Loss Disc 6.8012e-01 (6.8517e-01)	Loss Pred 2.6930e-01 (2.9545e-01)	Loss TOTAL 7.7648e-01 (7.1908e-01)
Epoch: [25][110/112]	L_Src_Sup 3.0074e-01 (2.1944e-01)	L_Trg_Inj 5.3286e-01 (4.3995e-01)	Loss Disc 6.7678e-01 (6.8508e-01)	Loss Pred 3.5235e-01 (2.9569e-01)	Loss TOTAL 7.7410e-01 (7.1770e-01)
Epoch: [25][112/112]	L_Src_Sup 1.3335e-01 (2.2119e-01)	L_Trg_Inj 4.6867e-01 (4.4018e-01)	Loss Disc 6.8995e-01 (6.8506e-01)	Loss Pred 2.8280e-01 (2.9608e-01)	Loss TOTAL 6.8798e-01 (7.1861e-01)
Epoch 25 complete. Saving model state...
Epoch: [26][ 10/112]	L_Src_Sup 0.0000e+00 (2.3292e-01)	L_Trg_Inj 4.2485e-01 (4.5032e-01)	Loss Disc 6.9689e-01 (6.9420e-01)	Loss Pred 3.5516e-01 (3.0131e-01)	Loss TOTAL 7.4609e-01 (7.3347e-01)
Epoch: [26][ 20/112]	L_Src_Sup 0.0000e+00 (2.2787e-01)	L_Trg_Inj 4.2165e-01 (4.8514e-01)	Loss Disc 6.8909e-01 (6.9015e-01)	Loss Pred 1.4375e-01 (2.9448e-01)	Loss TOTAL 5.3046e-01 (7.1922e-01)
Epoch: [26][ 30/112]	L_Src_Sup 1.4301e-01 (2.0458e-01)	L_Trg_Inj 4.6489e-01 (4.8334e-01)	Loss Disc 6.8776e-01 (6.8947e-01)	Loss Pred 2.6898e-01 (2.8559e-01)	Loss TOTAL 6.7365e-01 (7.0990e-01)
Epoch: [26][ 40/112]	L_Src_Sup 3.7535e-01 (2.0555e-01)	L_Trg_Inj 5.7526e-01 (4.8363e-01)	Loss Disc 6.8101e-01 (6.8837e-01)	Loss Pred 2.9652e-01 (2.8873e-01)	Loss TOTAL 7.3209e-01 (7.0992e-01)
Epoch: [26][ 50/112]	L_Src_Sup 3.3544e-01 (2.0397e-01)	L_Trg_Inj 5.2852e-01 (4.7969e-01)	Loss Disc 6.8436e-01 (6.8732e-01)	Loss Pred 2.4073e-01 (2.8973e-01)	Loss TOTAL 6.6930e-01 (7.0860e-01)
Epoch: [26][ 60/112]	L_Src_Sup 2.0007e-01 (1.9596e-01)	L_Trg_Inj 4.7857e-01 (4.7240e-01)	Loss Disc 6.7850e-01 (6.8664e-01)	Loss Pred 3.5184e-01 (2.9082e-01)	Loss TOTAL 7.5895e-01 (7.0674e-01)
Epoch: [26][ 70/112]	L_Src_Sup 2.0005e-01 (1.9112e-01)	L_Trg_Inj 5.3119e-01 (4.6880e-01)	Loss Disc 6.7718e-01 (6.8607e-01)	Loss Pred 3.5155e-01 (2.9574e-01)	Loss TOTAL 7.6326e-01 (7.0971e-01)
Epoch: [26][ 80/112]	L_Src_Sup 1.0528e-01 (1.8723e-01)	L_Trg_Inj 4.0621e-01 (4.6550e-01)	Loss Disc 6.7736e-01 (6.8582e-01)	Loss Pred 3.3745e-01 (2.9475e-01)	Loss TOTAL 7.2728e-01 (7.0777e-01)
Epoch: [26][ 90/112]	L_Src_Sup 0.0000e+00 (1.9063e-01)	L_Trg_Inj 4.6895e-01 (4.6409e-01)	Loss Disc 6.8095e-01 (6.8559e-01)	Loss Pred 2.9584e-01 (2.9580e-01)	Loss TOTAL 6.8321e-01 (7.1108e-01)
Epoch: [26][100/112]	L_Src_Sup 3.3456e-01 (1.9876e-01)	L_Trg_Inj 4.4610e-01 (4.6094e-01)	Loss Disc 6.8564e-01 (6.8544e-01)	Loss Pred 2.4139e-01 (2.9542e-01)	Loss TOTAL 6.6227e-01 (7.1115e-01)
Epoch: [26][110/112]	L_Src_Sup 0.0000e+00 (1.9866e-01)	L_Trg_Inj 5.1559e-01 (4.6409e-01)	Loss Disc 6.7850e-01 (6.8516e-01)	Loss Pred 3.5222e-01 (2.9561e-01)	Loss TOTAL 7.4303e-01 (7.1114e-01)
Epoch: [26][112/112]	L_Src_Sup 1.6675e-01 (1.9870e-01)	L_Trg_Inj 3.9059e-01 (4.6292e-01)	Loss Disc 6.8818e-01 (6.8514e-01)	Loss Pred 2.4044e-01 (2.9524e-01)	Loss TOTAL 6.4026e-01 (7.1053e-01)
Epoch 26 complete. Saving model state...
Epoch: [27][ 10/112]	L_Src_Sup 1.0527e-01 (1.5558e-01)	L_Trg_Inj 4.0620e-01 (4.0721e-01)	Loss Disc 6.8114e-01 (6.8364e-01)	Loss Pred 3.3715e-01 (2.9155e-01)	Loss TOTAL 7.2886e-01 (6.8965e-01)
Epoch: [27][ 20/112]	L_Src_Sup 0.0000e+00 (1.6686e-01)	L_Trg_Inj 6.7415e-01 (4.2862e-01)	Loss Disc 6.7585e-01 (6.8274e-01)	Loss Pred 3.0938e-01 (2.9361e-01)	Loss TOTAL 7.1472e-01 (6.9453e-01)
Epoch: [27][ 30/112]	L_Src_Sup 1.2519e-01 (2.0809e-01)	L_Trg_Inj 4.0615e-01 (4.2264e-01)	Loss Disc 6.8245e-01 (6.8370e-01)	Loss Pred 2.9550e-01 (2.8687e-01)	Loss TOTAL 6.8986e-01 (7.0854e-01)
Epoch: [27][ 40/112]	L_Src_Sup 3.3475e-01 (1.9993e-01)	L_Trg_Inj 4.1494e-01 (4.2694e-01)	Loss Disc 6.8689e-01 (6.8395e-01)	Loss Pred 2.4000e-01 (2.8454e-01)	Loss TOTAL 6.5842e-01 (7.0285e-01)
Epoch: [27][ 50/112]	L_Src_Sup 0.0000e+00 (1.9402e-01)	L_Trg_Inj 3.7767e-01 (4.2862e-01)	Loss Disc 6.8663e-01 (6.8431e-01)	Loss Pred 2.9550e-01 (2.8842e-01)	Loss TOTAL 6.7659e-01 (7.0760e-01)
Epoch: [27][ 60/112]	L_Src_Sup 1.5430e-01 (1.9342e-01)	L_Trg_Inj 4.3232e-01 (4.2901e-01)	Loss Disc 6.8789e-01 (6.8482e-01)	Loss Pred 2.5406e-01 (2.9134e-01)	Loss TOTAL 6.5666e-01 (7.0905e-01)
Epoch: [27][ 70/112]	L_Src_Sup 4.2908e-01 (2.0003e-01)	L_Trg_Inj 2.6672e-01 (4.1901e-01)	Loss Disc 6.9189e-01 (6.8539e-01)	Loss Pred 2.6771e-01 (2.9020e-01)	Loss TOTAL 8.4559e-01 (7.1043e-01)
Epoch: [27][ 80/112]	L_Src_Sup 0.0000e+00 (1.9907e-01)	L_Trg_Inj 3.9220e-01 (4.1867e-01)	Loss Disc 6.8816e-01 (6.8550e-01)	Loss Pred 2.8143e-01 (2.9344e-01)	Loss TOTAL 6.6474e-01 (7.1499e-01)
Epoch: [27][ 90/112]	L_Src_Sup 2.8577e-01 (1.9687e-01)	L_Trg_Inj 4.8435e-01 (4.1850e-01)	Loss Disc 6.8395e-01 (6.8543e-01)	Loss Pred 2.6758e-01 (2.9335e-01)	Loss TOTAL 6.8656e-01 (7.1273e-01)
Epoch: [27][100/112]	L_Src_Sup 3.3347e-01 (2.0183e-01)	L_Trg_Inj 3.7499e-01 (4.2152e-01)	Loss Disc 6.8635e-01 (6.8532e-01)	Loss Pred 3.2275e-01 (2.9367e-01)	Loss TOTAL 7.3677e-01 (7.1228e-01)
Epoch: [27][110/112]	L_Src_Sup 1.1788e-01 (1.9576e-01)	L_Trg_Inj 3.7841e-01 (4.2003e-01)	Loss Disc 6.8692e-01 (6.8556e-01)	Loss Pred 3.0885e-01 (2.9399e-01)	Loss TOTAL 7.0194e-01 (7.1216e-01)
Epoch: [27][112/112]	L_Src_Sup 1.5402e-01 (1.9483e-01)	L_Trg_Inj 4.6473e-01 (4.2027e-01)	Loss Disc 6.8834e-01 (6.8562e-01)	Loss Pred 2.5481e-01 (2.9354e-01)	Loss TOTAL 6.6085e-01 (7.1142e-01)
Epoch 27 complete. Saving model state...
Epoch: [28][ 10/112]	L_Src_Sup 2.3548e-01 (1.4282e-01)	L_Trg_Inj 2.9693e-01 (3.4465e-01)	Loss Disc 6.8785e-01 (6.8993e-01)	Loss Pred 3.1166e-01 (3.0120e-01)	Loss TOTAL 7.0882e-01 (7.0651e-01)
Epoch: [28][ 20/112]	L_Src_Sup 2.2227e-01 (2.2993e-01)	L_Trg_Inj 2.9682e-01 (3.0424e-01)	Loss Disc 6.8940e-01 (6.8992e-01)	Loss Pred 3.2243e-01 (2.9821e-01)	Loss TOTAL 7.1904e-01 (7.4339e-01)
Epoch: [28][ 30/112]	L_Src_Sup 1.9050e-01 (1.8634e-01)	L_Trg_Inj 2.3433e-01 (2.8768e-01)	Loss Disc 6.9095e-01 (6.9033e-01)	Loss Pred 3.6336e-01 (3.0488e-01)	Loss TOTAL 7.5132e-01 (7.2959e-01)
Epoch: [28][ 40/112]	L_Src_Sup 1.5385e-01 (1.7038e-01)	L_Trg_Inj 2.1870e-01 (2.8138e-01)	Loss Disc 6.9123e-01 (6.9036e-01)	Loss Pred 2.5385e-01 (3.0411e-01)	Loss TOTAL 6.3672e-01 (7.1956e-01)
Epoch: [28][ 50/112]	L_Src_Sup 2.1063e-01 (1.5908e-01)	L_Trg_Inj 2.8287e-01 (2.8204e-01)	Loss Disc 6.9009e-01 (6.9023e-01)	Loss Pred 3.3579e-01 (3.0202e-01)	Loss TOTAL 7.3019e-01 (7.1132e-01)
Epoch: [28][ 60/112]	L_Src_Sup 0.0000e+00 (1.5474e-01)	L_Trg_Inj 2.4995e-01 (2.7598e-01)	Loss Disc 6.9094e-01 (6.9034e-01)	Loss Pred 2.9463e-01 (3.0080e-01)	Loss TOTAL 6.6510e-01 (7.0735e-01)
Epoch: [28][ 70/112]	L_Src_Sup 3.3339e-01 (1.6230e-01)	L_Trg_Inj 1.8743e-01 (2.7127e-01)	Loss Disc 6.9306e-01 (6.9060e-01)	Loss Pred 3.2191e-01 (3.0089e-01)	Loss TOTAL 8.6649e-01 (7.1296e-01)
Epoch: [28][ 80/112]	L_Src_Sup 2.3921e-01 (1.7512e-01)	L_Trg_Inj 3.2306e-01 (2.7126e-01)	Loss Disc 6.9120e-01 (6.9073e-01)	Loss Pred 3.0830e-01 (2.9965e-01)	Loss TOTAL 7.1012e-01 (7.1718e-01)
Epoch: [28][ 90/112]	L_Src_Sup 0.0000e+00 (1.6764e-01)	L_Trg_Inj 5.6247e-01 (2.8111e-01)	Loss Disc 6.8611e-01 (6.9062e-01)	Loss Pred 2.9470e-01 (2.9491e-01)	Loss TOTAL 6.9401e-01 (7.1157e-01)
Epoch: [28][100/112]	L_Src_Sup 1.2517e-01 (1.7135e-01)	L_Trg_Inj 4.0623e-01 (2.9588e-01)	Loss Disc 6.8444e-01 (6.9022e-01)	Loss Pred 2.9460e-01 (2.9666e-01)	Loss TOTAL 6.8996e-01 (7.1281e-01)
Epoch: [28][110/112]	L_Src_Sup 2.6691e-01 (1.7707e-01)	L_Trg_Inj 3.6147e-01 (3.0955e-01)	Loss Disc 6.8297e-01 (6.8951e-01)	Loss Pred 2.8130e-01 (2.9302e-01)	Loss TOTAL 6.8563e-01 (7.0853e-01)
Epoch: [28][112/112]	L_Src_Sup 2.8591e-01 (1.7856e-01)	L_Trg_Inj 5.0083e-01 (3.1200e-01)	Loss Disc 6.8020e-01 (6.8933e-01)	Loss Pred 2.6704e-01 (2.9292e-01)	Loss TOTAL 6.8582e-01 (7.0835e-01)
Epoch 28 complete. Saving model state...
Epoch: [29][ 10/112]	L_Src_Sup 2.5007e-01 (2.2533e-01)	L_Trg_Inj 5.5751e-01 (4.6426e-01)	Loss Disc 6.7376e-01 (6.7889e-01)	Loss Pred 2.9438e-01 (3.2645e-01)	Loss TOTAL 7.1201e-01 (7.3680e-01)
Epoch: [29][ 20/112]	L_Src_Sup 2.5009e-01 (1.8983e-01)	L_Trg_Inj 4.0608e-01 (4.6814e-01)	Loss Disc 6.7356e-01 (6.7646e-01)	Loss Pred 2.9442e-01 (3.1046e-01)	Loss TOTAL 6.9682e-01 (7.1546e-01)
Epoch: [29][ 30/112]	L_Src_Sup 0.0000e+00 (1.9092e-01)	L_Trg_Inj 4.9923e-01 (4.5563e-01)	Loss Disc 6.8548e-01 (6.7765e-01)	Loss Pred 2.9420e-01 (2.9969e-01)	Loss TOTAL 6.8686e-01 (7.0467e-01)
Epoch: [29][ 40/112]	L_Src_Sup 0.0000e+00 (1.9433e-01)	L_Trg_Inj 3.7484e-01 (4.4952e-01)	Loss Disc 6.9288e-01 (6.7894e-01)	Loss Pred 2.2694e-01 (3.0143e-01)	Loss TOTAL 6.1087e-01 (7.1117e-01)
Epoch: [29][ 50/112]	L_Src_Sup 1.1765e-01 (1.8494e-01)	L_Trg_Inj 4.0599e-01 (4.4464e-01)	Loss Disc 7.0201e-01 (6.8065e-01)	Loss Pred 3.0873e-01 (3.0032e-01)	Loss TOTAL 7.1209e-01 (7.0831e-01)
Epoch: [29][ 60/112]	L_Src_Sup 1.6667e-01 (1.8657e-01)	L_Trg_Inj 3.7348e-01 (4.3974e-01)	Loss Disc 6.9042e-01 (6.8190e-01)	Loss Pred 2.3942e-01 (2.9572e-01)	Loss TOTAL 6.3865e-01 (7.0412e-01)
Epoch: [29][ 70/112]	L_Src_Sup 0.0000e+00 (1.8303e-01)	L_Trg_Inj 4.3741e-01 (4.4956e-01)	Loss Disc 6.8484e-01 (6.8247e-01)	Loss Pred 3.3515e-01 (2.9686e-01)	Loss TOTAL 7.2131e-01 (7.0549e-01)
Epoch: [29][ 80/112]	L_Src_Sup 4.7083e-01 (1.8788e-01)	L_Trg_Inj 4.5320e-01 (4.5312e-01)	Loss Disc 6.8497e-01 (6.8281e-01)	Loss Pred 3.0849e-01 (2.9414e-01)	Loss TOTAL 7.6100e-01 (7.0430e-01)
Epoch: [29][ 90/112]	L_Src_Sup 0.0000e+00 (1.8497e-01)	L_Trg_Inj 4.0632e-01 (4.4938e-01)	Loss Disc 6.8777e-01 (6.8324e-01)	Loss Pred 2.8042e-01 (2.9276e-01)	Loss TOTAL 6.6493e-01 (7.0201e-01)
Epoch: [29][100/112]	L_Src_Sup 1.5385e-01 (1.8588e-01)	L_Trg_Inj 2.9689e-01 (4.4670e-01)	Loss Disc 6.9258e-01 (6.8363e-01)	Loss Pred 2.5264e-01 (2.9247e-01)	Loss TOTAL 6.4400e-01 (7.0204e-01)
Epoch: [29][110/112]	L_Src_Sup 2.5090e-01 (1.8471e-01)	L_Trg_Inj 5.2317e-01 (4.4557e-01)	Loss Disc 6.8257e-01 (6.8382e-01)	Loss Pred 2.9430e-01 (2.9287e-01)	Loss TOTAL 7.1299e-01 (7.0226e-01)
Epoch: [29][112/112]	L_Src_Sup 2.5080e-01 (1.8604e-01)	L_Trg_Inj 4.6801e-01 (4.4606e-01)	Loss Disc 6.8121e-01 (6.8376e-01)	Loss Pred 2.9417e-01 (2.9277e-01)	Loss TOTAL 7.0666e-01 (7.0224e-01)
Epoch 29 complete. Saving model state...
Epoch: [30][ 10/112]	L_Src_Sup 1.1770e-01 (2.1250e-01)	L_Trg_Inj 5.0039e-01 (4.5793e-01)	Loss Disc 6.8516e-01 (6.8444e-01)	Loss Pred 3.0745e-01 (2.8030e-01)	Loss TOTAL 7.1184e-01 (7.0235e-01)
Epoch: [30][ 20/112]	L_Src_Sup 3.3335e-01 (2.1706e-01)	L_Trg_Inj 3.4471e-01 (4.1195e-01)	Loss Disc 6.9006e-01 (6.8635e-01)	Loss Pred 2.3898e-01 (2.9323e-01)	Loss TOTAL 6.5181e-01 (7.1422e-01)
Epoch: [30][ 30/112]	L_Src_Sup 3.3335e-01 (2.3905e-01)	L_Trg_Inj 3.9605e-01 (4.3697e-01)	Loss Disc 6.8952e-01 (6.8571e-01)	Loss Pred 3.2088e-01 (2.9703e-01)	Loss TOTAL 7.3858e-01 (7.1773e-01)
Epoch: [30][ 40/112]	L_Src_Sup 0.0000e+00 (2.1444e-01)	L_Trg_Inj 3.6881e-01 (4.1407e-01)	Loss Disc 6.9088e-01 (6.8649e-01)	Loss Pred 2.1169e-01 (2.9649e-01)	Loss TOTAL 5.9401e-01 (7.1027e-01)
Epoch: [30][ 50/112]	L_Src_Sup 2.3765e-01 (2.2068e-01)	L_Trg_Inj 5.5953e-01 (4.0670e-01)	Loss Disc 6.7915e-01 (6.8657e-01)	Loss Pred 3.0752e-01 (2.9395e-01)	Loss TOTAL 7.2681e-01 (7.1181e-01)
Epoch: [30][ 60/112]	L_Src_Sup 4.0277e-01 (2.0994e-01)	L_Trg_Inj 1.8754e-01 (3.8486e-01)	Loss Disc 6.8993e-01 (6.8702e-01)	Loss Pred 2.8081e-01 (2.9736e-01)	Loss TOTAL 9.0004e-01 (7.1380e-01)
Epoch: [30][ 70/112]	L_Src_Sup 0.0000e+00 (2.1844e-01)	L_Trg_Inj 3.1312e-01 (3.6692e-01)	Loss Disc 6.8663e-01 (6.8719e-01)	Loss Pred 2.8070e-01 (2.9312e-01)	Loss TOTAL 6.5533e-01 (7.2104e-01)
Epoch: [30][ 80/112]	L_Src_Sup 0.0000e+00 (2.1734e-01)	L_Trg_Inj 1.7185e-01 (3.5450e-01)	Loss Disc 6.9100e-01 (6.8750e-01)	Loss Pred 2.5228e-01 (2.9315e-01)	Loss TOTAL 6.1497e-01 (7.2024e-01)
Epoch: [30][ 90/112]	L_Src_Sup 4.2866e-01 (2.1941e-01)	L_Trg_Inj 3.4716e-01 (3.4305e-01)	Loss Disc 6.8955e-01 (6.8788e-01)	Loss Pred 2.6585e-01 (2.9073e-01)	Loss TOTAL 7.6970e-01 (7.1855e-01)
Epoch: [30][100/112]	L_Src_Sup 3.3334e-01 (2.1599e-01)	L_Trg_Inj 2.3031e-01 (3.3004e-01)	Loss Disc 6.9410e-01 (6.8824e-01)	Loss Pred 4.0258e-01 (2.9070e-01)	Loss TOTAL 9.0903e-01 (7.1982e-01)
Epoch: [30][110/112]	L_Src_Sup 0.0000e+00 (2.1000e-01)	L_Trg_Inj 3.6934e-01 (3.2486e-01)	Loss Disc 6.8891e-01 (6.8853e-01)	Loss Pred 1.9740e-01 (2.9055e-01)	Loss TOTAL 5.7879e-01 (7.1687e-01)
Epoch: [30][112/112]	L_Src_Sup 9.5241e-02 (2.0933e-01)	L_Trg_Inj 2.8124e-01 (3.2420e-01)	Loss Disc 6.9233e-01 (6.8858e-01)	Loss Pred 3.6156e-01 (2.9121e-01)	Loss TOTAL 7.4537e-01 (7.1691e-01)
Epoch 30 complete. Saving model state...
Epoch: [31][ 10/112]	L_Src_Sup 0.0000e+00 (2.1130e-01)	L_Trg_Inj 2.0312e-01 (2.8479e-01)	Loss Disc 6.9261e-01 (6.9112e-01)	Loss Pred 2.6642e-01 (2.7278e-01)	Loss TOTAL 6.3304e-01 (6.9058e-01)
Epoch: [31][ 20/112]	L_Src_Sup 2.5001e-01 (2.3066e-01)	L_Trg_Inj 2.1878e-01 (2.7472e-01)	Loss Disc 6.9236e-01 (6.9112e-01)	Loss Pred 2.9394e-01 (2.7614e-01)	Loss TOTAL 7.1822e-01 (7.2212e-01)
Epoch: [31][ 30/112]	L_Src_Sup 2.3966e-01 (2.1570e-01)	L_Trg_Inj 2.5772e-01 (2.6983e-01)	Loss Disc 6.9196e-01 (6.9129e-01)	Loss Pred 4.1570e-01 (2.8996e-01)	Loss TOTAL 8.1142e-01 (7.2253e-01)
Epoch: [31][ 40/112]	L_Src_Sup 9.0925e-02 (2.1941e-01)	L_Trg_Inj 3.5937e-01 (2.7065e-01)	Loss Disc 6.8548e-01 (6.9097e-01)	Loss Pred 3.7443e-01 (2.9338e-01)	Loss TOTAL 7.6220e-01 (7.2474e-01)
Epoch: [31][ 50/112]	L_Src_Sup 0.0000e+00 (2.0731e-01)	L_Trg_Inj 3.0561e-01 (2.6765e-01)	Loss Disc 6.8975e-01 (6.9109e-01)	Loss Pred 2.5172e-01 (2.8534e-01)	Loss TOTAL 6.2715e-01 (7.1186e-01)
Epoch: [31][ 60/112]	L_Src_Sup 0.0000e+00 (2.0632e-01)	L_Trg_Inj 3.1456e-01 (2.6960e-01)	Loss Disc 6.8668e-01 (6.9090e-01)	Loss Pred 2.9264e-01 (2.8796e-01)	Loss TOTAL 6.6743e-01 (7.1268e-01)
Epoch: [31][ 70/112]	L_Src_Sup 2.8700e-01 (2.6303e-01)	L_Trg_Inj 5.4035e-01 (3.2606e-01)	Loss Disc 6.8075e-01 (6.9003e-01)	Loss Pred 2.6579e-01 (2.8926e-01)	Loss TOTAL 6.8890e-01 (7.2991e-01)
Epoch: [31][ 80/112]	L_Src_Sup 1.7660e-01 (2.7847e-01)	L_Trg_Inj 4.4147e-01 (3.3373e-01)	Loss Disc 6.8200e-01 (6.8873e-01)	Loss Pred 2.3826e-01 (2.8817e-01)	Loss TOTAL 6.4107e-01 (7.3098e-01)
Epoch: [31][ 90/112]	L_Src_Sup 5.4565e-01 (2.8252e-01)	L_Trg_Inj 2.8864e-01 (3.3467e-01)	Loss Disc 6.9798e-01 (6.8814e-01)	Loss Pred 2.6531e-01 (2.8731e-01)	Loss TOTAL 9.5475e-01 (7.3316e-01)
Epoch: [31][100/112]	L_Src_Sup 5.0190e-01 (2.8501e-01)	L_Trg_Inj 4.3094e-01 (3.3323e-01)	Loss Disc 6.6874e-01 (6.8761e-01)	Loss Pred 3.4697e-01 (2.8975e-01)	Loss TOTAL 8.4560e-01 (7.3815e-01)
Epoch: [31][110/112]	L_Src_Sup 0.0000e+00 (2.7490e-01)	L_Trg_Inj 3.5846e-01 (3.3560e-01)	Loss Disc 6.9395e-01 (6.8731e-01)	Loss Pred 2.3824e-01 (2.8991e-01)	Loss TOTAL 6.2106e-01 (7.3494e-01)
Epoch: [31][112/112]	L_Src_Sup 2.2230e-01 (2.7335e-01)	L_Trg_Inj 2.5548e-01 (3.3460e-01)	Loss Disc 6.8275e-01 (6.8736e-01)	Loss Pred 4.4195e-01 (2.9093e-01)	Loss TOTAL 8.3110e-01 (7.3501e-01)
Epoch 31 complete. Saving model state...
Epoch: [32][ 10/112]	L_Src_Sup 2.8575e-01 (1.8732e-01)	L_Trg_Inj 2.6157e-01 (3.7893e-01)	Loss Disc 6.9368e-01 (6.9184e-01)	Loss Pred 2.6517e-01 (2.5442e-01)	Loss TOTAL 6.9092e-01 (6.8441e-01)
Epoch: [32][ 20/112]	L_Src_Sup 1.0527e-01 (1.7660e-01)	L_Trg_Inj 3.2675e-01 (3.9803e-01)	Loss Disc 6.8870e-01 (6.8932e-01)	Loss Pred 3.3320e-01 (2.7077e-01)	Loss TOTAL 7.2075e-01 (6.8884e-01)
Epoch: [32][ 30/112]	L_Src_Sup 5.0007e-01 (1.9840e-01)	L_Trg_Inj 3.2220e-01 (3.9193e-01)	Loss Disc 6.8960e-01 (6.8805e-01)	Loss Pred 2.9224e-01 (2.8160e-01)	Loss TOTAL 8.9713e-01 (7.0122e-01)
Epoch: [32][ 40/112]	L_Src_Sup 1.1764e-01 (1.8668e-01)	L_Trg_Inj 3.9674e-01 (3.8822e-01)	Loss Disc 6.8655e-01 (6.8844e-01)	Loss Pred 3.0577e-01 (2.8766e-01)	Loss TOTAL 7.0048e-01 (7.0533e-01)
Epoch: [32][ 50/112]	L_Src_Sup 1.4286e-01 (1.9481e-01)	L_Trg_Inj 3.8648e-01 (3.9403e-01)	Loss Disc 6.8795e-01 (6.8827e-01)	Loss Pred 2.6495e-01 (2.8667e-01)	Loss TOTAL 6.6185e-01 (7.0452e-01)
Epoch: [32][ 60/112]	L_Src_Sup 0.0000e+00 (2.0460e-01)	L_Trg_Inj 3.5928e-01 (3.9073e-01)	Loss Disc 6.8832e-01 (6.8828e-01)	Loss Pred 4.0066e-01 (2.8693e-01)	Loss TOTAL 7.8075e-01 (7.0858e-01)
Epoch: [32][ 70/112]	L_Src_Sup 2.5002e-01 (1.9956e-01)	L_Trg_Inj 3.5817e-01 (3.9264e-01)	Loss Disc 6.8935e-01 (6.8810e-01)	Loss Pred 2.9195e-01 (2.9040e-01)	Loss TOTAL 6.9744e-01 (7.0908e-01)
Epoch: [32][ 80/112]	L_Src_Sup 4.1667e-01 (2.0650e-01)	L_Trg_Inj 4.5849e-01 (3.9411e-01)	Loss Disc 6.8659e-01 (6.8806e-01)	Loss Pred 4.0102e-01 (2.9197e-01)	Loss TOTAL 8.3183e-01 (7.1128e-01)
Epoch: [32][ 90/112]	L_Src_Sup 7.2724e-01 (2.1783e-01)	L_Trg_Inj 4.2183e-01 (3.9370e-01)	Loss Disc 6.8896e-01 (6.8807e-01)	Loss Pred 2.2450e-01 (2.9288e-01)	Loss TOTAL 9.8929e-01 (7.1735e-01)
Epoch: [32][100/112]	L_Src_Sup 0.0000e+00 (2.1813e-01)	L_Trg_Inj 3.9260e-01 (3.9327e-01)	Loss Disc 6.8780e-01 (6.8808e-01)	Loss Pred 2.3789e-01 (2.9238e-01)	Loss TOTAL 6.2105e-01 (7.1650e-01)
Epoch: [32][110/112]	L_Src_Sup 2.0004e-01 (2.2574e-01)	L_Trg_Inj 5.6804e-01 (3.9359e-01)	Loss Disc 6.8370e-01 (6.8804e-01)	Loss Pred 2.1183e-01 (2.9089e-01)	Loss TOTAL 6.3049e-01 (7.1887e-01)
Epoch: [32][112/112]	L_Src_Sup 1.2501e-01 (2.2580e-01)	L_Trg_Inj 3.4924e-01 (3.9305e-01)	Loss Disc 6.8942e-01 (6.8806e-01)	Loss Pred 2.9166e-01 (2.9042e-01)	Loss TOTAL 6.8380e-01 (7.1797e-01)
Epoch 32 complete. Saving model state...
Epoch: [33][ 10/112]	L_Src_Sup 2.1056e-01 (2.0188e-01)	L_Trg_Inj 5.4831e-01 (4.3841e-01)	Loss Disc 6.8154e-01 (6.8650e-01)	Loss Pred 3.3211e-01 (2.9838e-01)	Loss TOTAL 7.4877e-01 (7.0566e-01)
Epoch: [33][ 20/112]	L_Src_Sup 3.0008e-01 (2.1712e-01)	L_Trg_Inj 4.8415e-01 (4.2217e-01)	Loss Disc 6.8482e-01 (6.8681e-01)	Loss Pred 3.4556e-01 (2.9098e-01)	Loss TOTAL 7.6639e-01 (7.0612e-01)
Epoch: [33][ 30/112]	L_Src_Sup 3.3340e-01 (2.2345e-01)	L_Trg_Inj 4.1445e-01 (4.1547e-01)	Loss Disc 6.8630e-01 (6.8685e-01)	Loss Pred 3.1846e-01 (2.9430e-01)	Loss TOTAL 7.3639e-01 (7.1316e-01)
Epoch: [33][ 40/112]	L_Src_Sup 3.5302e-01 (1.9210e-01)	L_Trg_Inj 4.8361e-01 (4.2435e-01)	Loss Disc 6.7967e-01 (6.8658e-01)	Loss Pred 3.0607e-01 (2.9236e-01)	Loss TOTAL 7.2957e-01 (7.0595e-01)
Epoch: [33][ 50/112]	L_Src_Sup 2.5000e-01 (1.8893e-01)	L_Trg_Inj 2.7559e-01 (4.1430e-01)	Loss Disc 6.8827e-01 (6.8703e-01)	Loss Pred 1.8378e-01 (2.9327e-01)	Loss TOTAL 5.8047e-01 (7.0404e-01)
Epoch: [33][ 60/112]	L_Src_Sup 0.0000e+00 (1.8875e-01)	L_Trg_Inj 4.2280e-01 (4.0090e-01)	Loss Disc 6.8529e-01 (6.8741e-01)	Loss Pred 2.3740e-01 (2.8869e-01)	Loss TOTAL 6.2232e-01 (7.0412e-01)
Epoch: [33][ 70/112]	L_Src_Sup 0.0000e+00 (1.9531e-01)	L_Trg_Inj 5.4055e-01 (4.0454e-01)	Loss Disc 6.8468e-01 (6.8749e-01)	Loss Pred 2.7781e-01 (2.9083e-01)	Loss TOTAL 6.7420e-01 (7.1511e-01)
Epoch: [33][ 80/112]	L_Src_Sup 1.2535e-01 (1.9964e-01)	L_Trg_Inj 3.7489e-01 (4.1170e-01)	Loss Disc 6.7660e-01 (6.8633e-01)	Loss Pred 2.9121e-01 (2.9358e-01)	Loss TOTAL 6.7954e-01 (7.1687e-01)
Epoch: [33][ 90/112]	L_Src_Sup 1.5386e-01 (2.0303e-01)	L_Trg_Inj 4.9913e-01 (4.2197e-01)	Loss Disc 6.8814e-01 (6.8576e-01)	Loss Pred 2.5068e-01 (2.9032e-01)	Loss TOTAL 6.6005e-01 (7.1433e-01)
Epoch: [33][100/112]	L_Src_Sup 1.9056e-01 (2.0010e-01)	L_Trg_Inj 2.9687e-01 (4.2278e-01)	Loss Disc 6.9335e-01 (6.8571e-01)	Loss Pred 3.5834e-01 (2.9082e-01)	Loss TOTAL 7.5376e-01 (7.1272e-01)
Epoch: [33][110/112]	L_Src_Sup 1.3344e-01 (1.9690e-01)	L_Trg_Inj 4.8441e-01 (4.2362e-01)	Loss Disc 6.8560e-01 (6.8599e-01)	Loss Pred 2.7796e-01 (2.8945e-01)	Loss TOTAL 6.8254e-01 (7.0973e-01)
Epoch: [33][112/112]	L_Src_Sup 3.3350e-01 (1.9741e-01)	L_Trg_Inj 4.4940e-01 (4.2355e-01)	Loss Disc 6.8635e-01 (6.8602e-01)	Loss Pred 3.1803e-01 (2.8984e-01)	Loss TOTAL 7.3949e-01 (7.0991e-01)
Epoch 33 complete. Saving model state...
Epoch: [34][ 10/112]	L_Src_Sup 1.4311e-01 (1.4957e-01)	L_Trg_Inj 2.5002e-01 (3.9268e-01)	Loss Disc 6.9205e-01 (6.8807e-01)	Loss Pred 2.6399e-01 (2.8693e-01)	Loss TOTAL 6.4933e-01 (6.8519e-01)
Epoch: [34][ 20/112]	L_Src_Sup 0.0000e+00 (1.6897e-01)	L_Trg_Inj 5.4823e-01 (4.2293e-01)	Loss Disc 6.8331e-01 (6.8712e-01)	Loss Pred 3.5805e-01 (2.9972e-01)	Loss TOTAL 7.5453e-01 (7.0247e-01)
Epoch: [34][ 30/112]	L_Src_Sup 4.5482e-01 (1.8406e-01)	L_Trg_Inj 2.9712e-01 (4.0647e-01)	Loss Disc 6.9092e-01 (6.8762e-01)	Loss Pred 3.7147e-01 (2.9684e-01)	Loss TOTAL 9.4982e-01 (7.0496e-01)
Epoch: [34][ 40/112]	L_Src_Sup 5.0020e-01 (1.8963e-01)	L_Trg_Inj 4.8890e-01 (4.1411e-01)	Loss Disc 6.8447e-01 (6.8735e-01)	Loss Pred 2.3710e-01 (2.9870e-01)	Loss TOTAL 6.8955e-01 (7.0870e-01)
Epoch: [34][ 50/112]	L_Src_Sup 0.0000e+00 (2.0805e-01)	L_Trg_Inj 4.6679e-01 (4.1928e-01)	Loss Disc 6.8029e-01 (6.8669e-01)	Loss Pred 2.9066e-01 (2.9308e-01)	Loss TOTAL 6.7748e-01 (7.1226e-01)
Epoch: [34][ 60/112]	L_Src_Sup 0.0000e+00 (2.0849e-01)	L_Trg_Inj 3.8772e-01 (4.2616e-01)	Loss Disc 6.8187e-01 (6.8601e-01)	Loss Pred 3.5898e-01 (2.8915e-01)	Loss TOTAL 7.3868e-01 (7.0797e-01)
Epoch: [34][ 70/112]	L_Src_Sup 1.1787e-01 (2.0763e-01)	L_Trg_Inj 3.4616e-01 (4.2757e-01)	Loss Disc 6.9420e-01 (6.8606e-01)	Loss Pred 3.0612e-01 (2.8785e-01)	Loss TOTAL 6.9963e-01 (7.0499e-01)
Epoch: [34][ 80/112]	L_Src_Sup 3.3341e-01 (2.0983e-01)	L_Trg_Inj 3.8903e-01 (4.2593e-01)	Loss Disc 6.8955e-01 (6.8625e-01)	Loss Pred 3.1738e-01 (2.9023e-01)	Loss TOTAL 7.3440e-01 (7.0620e-01)
Epoch: [34][ 90/112]	L_Src_Sup 0.0000e+00 (2.0630e-01)	L_Trg_Inj 4.9359e-01 (4.2022e-01)	Loss Disc 6.8672e-01 (6.8653e-01)	Loss Pred 3.1949e-01 (2.8897e-01)	Loss TOTAL 7.1221e-01 (7.0364e-01)
Epoch: [34][100/112]	L_Src_Sup 2.7280e-01 (2.0824e-01)	L_Trg_Inj 3.8686e-01 (4.0981e-01)	Loss Disc 6.8982e-01 (6.8667e-01)	Loss Pred 3.7113e-01 (2.8901e-01)	Loss TOTAL 7.8201e-01 (7.0734e-01)
Epoch: [34][110/112]	L_Src_Sup 2.2225e-01 (2.1210e-01)	L_Trg_Inj 2.9684e-01 (4.0897e-01)	Loss Disc 6.9082e-01 (6.8676e-01)	Loss Pred 1.9633e-01 (2.8780e-01)	Loss TOTAL 5.9365e-01 (7.0867e-01)
Epoch: [34][112/112]	L_Src_Sup 1.1118e-01 (2.1008e-01)	L_Trg_Inj 5.9406e-01 (4.1017e-01)	Loss Disc 6.8681e-01 (6.8681e-01)	Loss Pred 3.1718e-01 (2.8893e-01)	Loss TOTAL 7.3111e-01 (7.0946e-01)
Epoch 34 complete. Saving model state...
Epoch: [35][ 10/112]	L_Src_Sup 0.0000e+00 (1.9706e-01)	L_Trg_Inj 4.0618e-01 (3.8854e-01)	Loss Disc 6.8803e-01 (6.8928e-01)	Loss Pred 1.7078e-01 (2.9174e-01)	Loss TOTAL 5.5541e-01 (7.2253e-01)
Epoch: [35][ 20/112]	L_Src_Sup 3.3338e-01 (1.8170e-01)	L_Trg_Inj 3.5953e-01 (3.8476e-01)	Loss Disc 6.8916e-01 (6.8898e-01)	Loss Pred 2.3638e-01 (2.7765e-01)	Loss TOTAL 6.5025e-01 (6.9258e-01)
Epoch: [35][ 30/112]	L_Src_Sup 0.0000e+00 (2.0579e-01)	L_Trg_Inj 4.3884e-01 (3.9030e-01)	Loss Disc 6.8823e-01 (6.8852e-01)	Loss Pred 1.9596e-01 (2.7785e-01)	Loss TOTAL 5.8396e-01 (6.9214e-01)
Epoch: [35][ 40/112]	L_Src_Sup 1.3337e-01 (2.1585e-01)	L_Trg_Inj 3.1366e-01 (3.8747e-01)	Loss Disc 6.9106e-01 (6.8845e-01)	Loss Pred 2.7659e-01 (2.7755e-01)	Loss TOTAL 6.6682e-01 (7.1609e-01)
Epoch: [35][ 50/112]	L_Src_Sup 0.0000e+00 (2.0032e-01)	L_Trg_Inj 3.2438e-01 (3.8670e-01)	Loss Disc 6.9290e-01 (6.8838e-01)	Loss Pred 2.2272e-01 (2.7951e-01)	Loss TOTAL 6.0161e-01 (7.1020e-01)
Epoch: [35][ 60/112]	L_Src_Sup 0.0000e+00 (1.8882e-01)	L_Trg_Inj 2.0311e-01 (3.8095e-01)	Loss Disc 6.9268e-01 (6.8857e-01)	Loss Pred 2.6311e-01 (2.8529e-01)	Loss TOTAL 6.2976e-01 (7.1271e-01)
Epoch: [35][ 70/112]	L_Src_Sup 4.1735e-01 (2.0002e-01)	L_Trg_Inj 4.3510e-01 (4.0752e-01)	Loss Disc 6.8941e-01 (6.8754e-01)	Loss Pred 3.9915e-01 (2.8498e-01)	Loss TOTAL 8.2910e-01 (7.1433e-01)
Epoch: [35][ 80/112]	L_Src_Sup 4.5516e-01 (1.8884e-01)	L_Trg_Inj 3.3491e-01 (4.0703e-01)	Loss Disc 6.9252e-01 (6.8732e-01)	Loss Pred 3.7108e-01 (2.8400e-01)	Loss TOTAL 9.1660e-01 (7.1048e-01)
Epoch: [35][ 90/112]	L_Src_Sup 0.0000e+00 (1.9100e-01)	L_Trg_Inj 3.7487e-01 (4.0644e-01)	Loss Disc 6.8726e-01 (6.8746e-01)	Loss Pred 1.9603e-01 (2.8721e-01)	Loss TOTAL 5.7714e-01 (7.1245e-01)
Epoch: [35][100/112]	L_Src_Sup 3.5296e-01 (1.8976e-01)	L_Trg_Inj 3.1625e-01 (4.0872e-01)	Loss Disc 6.9213e-01 (6.8759e-01)	Loss Pred 3.0326e-01 (2.8926e-01)	Loss TOTAL 7.5296e-01 (7.1286e-01)
Epoch: [35][110/112]	L_Src_Sup 4.0003e-01 (1.9468e-01)	L_Trg_Inj 4.3871e-01 (4.1113e-01)	Loss Disc 6.9010e-01 (6.8786e-01)	Loss Pred 2.7634e-01 (2.8834e-01)	Loss TOTAL 7.0527e-01 (7.1172e-01)
Epoch: [35][112/112]	L_Src_Sup 2.8575e-01 (1.9469e-01)	L_Trg_Inj 4.2115e-01 (4.1173e-01)	Loss Disc 6.9048e-01 (6.8790e-01)	Loss Pred 2.6292e-01 (2.8849e-01)	Loss TOTAL 6.7885e-01 (7.1161e-01)
Epoch 35 complete. Saving model state...
Epoch: [36][ 10/112]	L_Src_Sup 1.6000e-01 (2.6090e-01)	L_Trg_Inj 4.1239e-01 (4.4544e-01)	Loss Disc 6.8109e-01 (6.8732e-01)	Loss Pred 4.1001e-01 (3.1662e-01)	Loss TOTAL 8.0779e-01 (7.3091e-01)
Epoch: [36][ 20/112]	L_Src_Sup 4.7093e-01 (2.3522e-01)	L_Trg_Inj 3.6781e-01 (3.8165e-01)	Loss Disc 6.7629e-01 (6.8342e-01)	Loss Pred 3.0290e-01 (2.9313e-01)	Loss TOTAL 8.2804e-01 (7.0713e-01)
Epoch: [36][ 30/112]	L_Src_Sup 1.5385e-01 (2.6819e-01)	L_Trg_Inj 3.4396e-01 (3.8793e-01)	Loss Disc 6.9450e-01 (6.8462e-01)	Loss Pred 2.4933e-01 (2.7721e-01)	Loss TOTAL 6.4636e-01 (7.1233e-01)
Epoch: [36][ 40/112]	L_Src_Sup 1.2534e-01 (2.4593e-01)	L_Trg_Inj 4.8436e-01 (3.9625e-01)	Loss Disc 6.8514e-01 (6.8552e-01)	Loss Pred 2.9131e-01 (2.7578e-01)	Loss TOTAL 6.9485e-01 (7.0315e-01)
Epoch: [36][ 50/112]	L_Src_Sup 1.4300e-01 (2.3919e-01)	L_Trg_Inj 3.4380e-01 (3.9698e-01)	Loss Disc 6.8950e-01 (6.8607e-01)	Loss Pred 2.6278e-01 (2.8003e-01)	Loss TOTAL 6.5621e-01 (7.0636e-01)
Epoch: [36][ 60/112]	L_Src_Sup 1.8235e-01 (2.1832e-01)	L_Trg_Inj 2.9613e-01 (3.9311e-01)	Loss Disc 6.8969e-01 (6.8640e-01)	Loss Pred 2.2238e-01 (2.8167e-01)	Loss TOTAL 6.1507e-01 (7.0245e-01)
Epoch: [36][ 70/112]	L_Src_Sup 2.8657e-01 (2.1961e-01)	L_Trg_Inj 2.9983e-01 (3.8409e-01)	Loss Disc 6.8991e-01 (6.8681e-01)	Loss Pred 2.6251e-01 (2.8545e-01)	Loss TOTAL 6.6610e-01 (7.0568e-01)
Epoch: [36][ 80/112]	L_Src_Sup 0.0000e+00 (2.0957e-01)	L_Trg_Inj 3.6790e-01 (3.7992e-01)	Loss Disc 6.8903e-01 (6.8711e-01)	Loss Pred 2.0924e-01 (2.8743e-01)	Loss TOTAL 5.9055e-01 (7.0540e-01)
Epoch: [36][ 90/112]	L_Src_Sup 1.4317e-01 (2.0601e-01)	L_Trg_Inj 3.7245e-01 (3.8521e-01)	Loss Disc 6.8682e-01 (6.8702e-01)	Loss Pred 2.6245e-01 (2.8763e-01)	Loss TOTAL 6.5742e-01 (7.0401e-01)
Epoch: [36][100/112]	L_Src_Sup 1.9059e-01 (2.0831e-01)	L_Trg_Inj 2.9879e-01 (3.9075e-01)	Loss Disc 6.7444e-01 (6.8631e-01)	Loss Pred 3.5592e-01 (2.8592e-01)	Loss TOTAL 7.4208e-01 (7.0260e-01)
Epoch: [36][110/112]	L_Src_Sup 2.4087e-01 (2.1000e-01)	L_Trg_Inj 4.2989e-01 (3.9283e-01)	Loss Disc 6.7045e-01 (6.8500e-01)	Loss Pred 3.0232e-01 (2.8743e-01)	Loss TOTAL 7.0462e-01 (7.0343e-01)
Epoch: [36][112/112]	L_Src_Sup 0.0000e+00 (2.0852e-01)	L_Trg_Inj 3.4442e-01 (3.9274e-01)	Loss Disc 6.7369e-01 (6.8479e-01)	Loss Pred 3.2894e-01 (2.8782e-01)	Loss TOTAL 7.0022e-01 (7.0332e-01)
Epoch 36 complete. Saving model state...
Epoch: [37][ 10/112]	L_Src_Sup 0.0000e+00 (1.7456e-01)	L_Trg_Inj 4.3498e-01 (4.1792e-01)	Loss Disc 6.8519e-01 (6.7652e-01)	Loss Pred 2.3574e-01 (2.9706e-01)	Loss TOTAL 6.2184e-01 (7.0938e-01)
Epoch: [37][ 20/112]	L_Src_Sup 1.3336e-01 (1.7239e-01)	L_Trg_Inj 4.0359e-01 (4.2982e-01)	Loss Disc 6.8744e-01 (6.7908e-01)	Loss Pred 2.7559e-01 (2.9372e-01)	Loss TOTAL 6.7300e-01 (7.0345e-01)
Epoch: [37][ 30/112]	L_Src_Sup 3.3395e-01 (1.5012e-01)	L_Trg_Inj 4.5430e-01 (4.4015e-01)	Loss Disc 6.8373e-01 (6.8028e-01)	Loss Pred 2.3572e-01 (2.8685e-01)	Loss TOTAL 6.5642e-01 (6.9266e-01)
Epoch: [37][ 40/112]	L_Src_Sup 1.8182e-01 (1.7477e-01)	L_Trg_Inj 3.4067e-01 (4.4718e-01)	Loss Disc 6.7890e-01 (6.8055e-01)	Loss Pred 3.6879e-01 (2.8503e-01)	Loss TOTAL 7.6049e-01 (6.9522e-01)
Epoch: [37][ 50/112]	L_Src_Sup 7.1433e-01 (1.9882e-01)	L_Trg_Inj 5.9381e-01 (4.4880e-01)	Loss Disc 6.8123e-01 (6.8122e-01)	Loss Pred 2.6215e-01 (2.8474e-01)	Loss TOTAL 8.5410e-01 (7.0074e-01)
Epoch: [37][ 60/112]	L_Src_Sup 4.6157e-01 (1.9965e-01)	L_Trg_Inj 4.3744e-01 (4.5076e-01)	Loss Disc 6.8661e-01 (6.8233e-01)	Loss Pred 2.5366e-01 (2.8740e-01)	Loss TOTAL 7.1099e-01 (7.0286e-01)
Epoch: [37][ 70/112]	L_Src_Sup 1.8183e-01 (2.0041e-01)	L_Trg_Inj 5.6931e-01 (4.4610e-01)	Loss Disc 6.8463e-01 (6.8307e-01)	Loss Pred 3.6856e-01 (2.8647e-01)	Loss TOTAL 7.8598e-01 (7.0143e-01)
Epoch: [37][ 80/112]	L_Src_Sup 1.5388e-01 (1.9694e-01)	L_Trg_Inj 3.9244e-01 (4.4043e-01)	Loss Disc 6.8667e-01 (6.8355e-01)	Loss Pred 2.4862e-01 (2.8492e-01)	Loss TOTAL 6.4658e-01 (6.9972e-01)
Epoch: [37][ 90/112]	L_Src_Sup 1.2501e-01 (1.9687e-01)	L_Trg_Inj 3.7502e-01 (4.3202e-01)	Loss Disc 6.8713e-01 (6.8406e-01)	Loss Pred 2.8969e-01 (2.8640e-01)	Loss TOTAL 6.8325e-01 (7.0068e-01)
Epoch: [37][100/112]	L_Src_Sup 1.4287e-01 (2.0322e-01)	L_Trg_Inj 4.0665e-01 (4.2732e-01)	Loss Disc 6.8596e-01 (6.8441e-01)	Loss Pred 2.6187e-01 (2.8588e-01)	Loss TOTAL 6.5980e-01 (7.0371e-01)
Epoch: [37][110/112]	L_Src_Sup 1.5385e-01 (2.0280e-01)	L_Trg_Inj 4.8882e-01 (4.3421e-01)	Loss Disc 6.8577e-01 (6.8411e-01)	Loss Pred 2.4855e-01 (2.8707e-01)	Loss TOTAL 6.5570e-01 (7.0549e-01)
Epoch: [37][112/112]	L_Src_Sup 2.2222e-01 (2.0529e-01)	L_Trg_Inj 3.4378e-01 (4.3329e-01)	Loss Disc 6.8737e-01 (6.8413e-01)	Loss Pred 3.1488e-01 (2.8698e-01)	Loss TOTAL 7.1516e-01 (7.0570e-01)
Epoch 37 complete. Saving model state...
Epoch: [38][ 10/112]	L_Src_Sup 0.0000e+00 (1.2984e-01)	L_Trg_Inj 3.4379e-01 (4.5327e-01)	Loss Disc 6.9700e-01 (6.8583e-01)	Loss Pred 2.8967e-01 (3.0071e-01)	Loss TOTAL 6.7255e-01 (7.0194e-01)
Epoch: [38][ 20/112]	L_Src_Sup 1.0002e-01 (1.7507e-01)	L_Trg_Inj 3.5939e-01 (4.6218e-01)	Loss Disc 6.8913e-01 (6.8579e-01)	Loss Pred 3.4137e-01 (2.8533e-01)	Loss TOTAL 7.3188e-01 (6.9195e-01)
Epoch: [38][ 30/112]	L_Src_Sup 1.3344e-01 (1.8576e-01)	L_Trg_Inj 4.8822e-01 (4.6278e-01)	Loss Disc 6.8622e-01 (6.8579e-01)	Loss Pred 2.7491e-01 (2.8858e-01)	Loss TOTAL 6.8018e-01 (6.9643e-01)
Epoch: [38][ 40/112]	L_Src_Sup 3.0779e-01 (1.8395e-01)	L_Trg_Inj 4.5312e-01 (4.5969e-01)	Loss Disc 6.8680e-01 (6.8593e-01)	Loss Pred 2.4830e-01 (2.8584e-01)	Loss TOTAL 6.6779e-01 (6.9325e-01)
Epoch: [38][ 50/112]	L_Src_Sup 8.0002e-01 (2.0742e-01)	L_Trg_Inj 4.0120e-01 (4.4947e-01)	Loss Disc 6.8935e-01 (6.8625e-01)	Loss Pred 2.0961e-01 (2.8557e-01)	Loss TOTAL 1.0732e+00 (7.0416e-01)
Epoch: [38][ 60/112]	L_Src_Sup 1.1112e-01 (2.1523e-01)	L_Trg_Inj 5.0063e-01 (4.4017e-01)	Loss Disc 6.8610e-01 (6.8648e-01)	Loss Pred 3.1453e-01 (2.8602e-01)	Loss TOTAL 7.1875e-01 (7.0369e-01)
Epoch: [38][ 70/112]	L_Src_Sup 1.2501e-01 (2.1540e-01)	L_Trg_Inj 3.7506e-01 (4.4143e-01)	Loss Disc 6.8781e-01 (6.8648e-01)	Loss Pred 2.8906e-01 (2.8252e-01)	Loss TOTAL 6.8298e-01 (6.9906e-01)
Epoch: [38][ 80/112]	L_Src_Sup 6.0053e-01 (2.0739e-01)	L_Trg_Inj 5.2575e-01 (4.3818e-01)	Loss Disc 6.8297e-01 (6.8653e-01)	Loss Pred 2.0830e-01 (2.8223e-01)	Loss TOTAL 7.3719e-01 (6.9766e-01)
Epoch: [38][ 90/112]	L_Src_Sup 2.2267e-01 (2.1205e-01)	L_Trg_Inj 4.8873e-01 (4.4302e-01)	Loss Disc 6.8422e-01 (6.8634e-01)	Loss Pred 3.1443e-01 (2.8244e-01)	Loss TOTAL 7.2768e-01 (7.0054e-01)
Epoch: [38][100/112]	L_Src_Sup 2.0026e-01 (2.1094e-01)	L_Trg_Inj 4.8446e-01 (4.4820e-01)	Loss Disc 6.8814e-01 (6.8602e-01)	Loss Pred 2.0826e-01 (2.8422e-01)	Loss TOTAL 6.2080e-01 (7.0328e-01)
Epoch: [38][110/112]	L_Src_Sup 2.7353e-01 (2.0744e-01)	L_Trg_Inj 4.5320e-01 (4.4880e-01)	Loss Disc 6.8277e-01 (6.8595e-01)	Loss Pred 3.6706e-01 (2.8721e-01)	Loss TOTAL 7.8112e-01 (7.0610e-01)
Epoch: [38][112/112]	L_Src_Sup 3.3428e-01 (2.0799e-01)	L_Trg_Inj 5.4727e-01 (4.4944e-01)	Loss Disc 6.8805e-01 (6.8595e-01)	Loss Pred 2.3501e-01 (2.8651e-01)	Loss TOTAL 6.6719e-01 (7.0534e-01)
Epoch 38 complete. Saving model state...
Epoch: [39][ 10/112]	L_Src_Sup 1.3335e-01 (1.9694e-01)	L_Trg_Inj 3.9068e-01 (4.4862e-01)	Loss Disc 6.8875e-01 (6.8793e-01)	Loss Pred 2.7440e-01 (2.8584e-01)	Loss TOTAL 6.7118e-01 (6.9436e-01)
Epoch: [39][ 20/112]	L_Src_Sup 2.2223e-01 (2.1574e-01)	L_Trg_Inj 4.8635e-01 (4.5181e-01)	Loss Disc 6.8648e-01 (6.8746e-01)	Loss Pred 3.1418e-01 (2.7827e-01)	Loss TOTAL 7.2828e-01 (6.9299e-01)
Epoch: [39][ 30/112]	L_Src_Sup 2.0026e-01 (2.1424e-01)	L_Trg_Inj 5.2319e-01 (4.5879e-01)	Loss Disc 6.8175e-01 (6.8652e-01)	Loss Pred 3.4049e-01 (2.8055e-01)	Loss TOTAL 7.5371e-01 (6.9394e-01)
Epoch: [39][ 40/112]	L_Src_Sup 4.2862e-01 (2.1721e-01)	L_Trg_Inj 3.8470e-01 (4.4506e-01)	Loss Disc 6.8966e-01 (6.8677e-01)	Loss Pred 2.6090e-01 (2.7670e-01)	Loss TOTAL 7.3099e-01 (6.9191e-01)
Epoch: [39][ 50/112]	L_Src_Sup 2.5015e-01 (2.0555e-01)	L_Trg_Inj 3.3315e-01 (4.3847e-01)	Loss Disc 6.8923e-01 (6.8701e-01)	Loss Pred 1.8115e-01 (2.7329e-01)	Loss TOTAL 5.8410e-01 (6.8568e-01)
Epoch: [39][ 60/112]	L_Src_Sup 1.6669e-01 (2.0050e-01)	L_Trg_Inj 3.6234e-01 (4.2521e-01)	Loss Disc 6.8645e-01 (6.8712e-01)	Loss Pred 2.3416e-01 (2.7232e-01)	Loss TOTAL 6.3028e-01 (6.8521e-01)
Epoch: [39][ 70/112]	L_Src_Sup 1.3334e-01 (2.0334e-01)	L_Trg_Inj 2.6452e-01 (4.0421e-01)	Loss Disc 6.9058e-01 (6.8764e-01)	Loss Pred 2.7398e-01 (2.7467e-01)	Loss TOTAL 6.5906e-01 (6.9303e-01)
Epoch: [39][ 80/112]	L_Src_Sup 1.9166e-01 (2.0905e-01)	L_Trg_Inj 3.9726e-01 (3.9822e-01)	Loss Disc 6.9017e-01 (6.8787e-01)	Loss Pred 3.5369e-01 (2.7791e-01)	Loss TOTAL 7.5767e-01 (6.9552e-01)
Epoch: [39][ 90/112]	L_Src_Sup 0.0000e+00 (2.1761e-01)	L_Trg_Inj 4.0980e-01 (3.9735e-01)	Loss Disc 6.8277e-01 (6.8779e-01)	Loss Pred 2.8718e-01 (2.8102e-01)	Loss TOTAL 6.6955e-01 (7.0368e-01)
Epoch: [39][100/112]	L_Src_Sup 0.0000e+00 (2.1946e-01)	L_Trg_Inj 2.0950e-01 (3.8618e-01)	Loss Disc 6.7532e-01 (6.8676e-01)	Loss Pred 3.3978e-01 (2.8427e-01)	Loss TOTAL 6.9839e-01 (7.1072e-01)
Epoch: [39][110/112]	L_Src_Sup 3.6366e-01 (2.1807e-01)	L_Trg_Inj 2.6582e-01 (3.7383e-01)	Loss Disc 6.8050e-01 (6.8582e-01)	Loss Pred 2.2121e-01 (2.8405e-01)	Loss TOTAL 7.2225e-01 (7.0971e-01)
Epoch: [39][112/112]	L_Src_Sup 1.4816e-01 (2.1946e-01)	L_Trg_Inj 4.6297e-01 (3.7344e-01)	Loss Disc 6.6015e-01 (6.8545e-01)	Loss Pred 4.3174e-01 (2.8563e-01)	Loss TOTAL 8.2293e-01 (7.1260e-01)
Epoch 39 complete. Saving model state...
Epoch: [40][ 10/112]	L_Src_Sup 1.8787e-01 (2.7182e-01)	L_Trg_Inj 4.1877e-01 (3.8520e-01)	Loss Disc 6.6581e-01 (6.7488e-01)	Loss Pred 3.6623e-01 (2.9268e-01)	Loss TOTAL 7.5980e-01 (7.2781e-01)
Epoch: [40][ 20/112]	L_Src_Sup 1.1117e-01 (2.1793e-01)	L_Trg_Inj 4.0933e-01 (3.9557e-01)	Loss Disc 6.7001e-01 (6.7479e-01)	Loss Pred 3.1340e-01 (2.8940e-01)	Loss TOTAL 7.0045e-01 (7.0766e-01)
Epoch: [40][ 30/112]	L_Src_Sup 4.2944e-01 (2.2672e-01)	L_Trg_Inj 4.0584e-01 (4.0639e-01)	Loss Disc 6.8240e-01 (6.7613e-01)	Loss Pred 2.6062e-01 (2.7329e-01)	Loss TOTAL 7.0895e-01 (6.8985e-01)
Epoch: [40][ 40/112]	L_Src_Sup 3.6369e-01 (2.0631e-01)	L_Trg_Inj 4.9928e-01 (4.0104e-01)	Loss Disc 6.6482e-01 (6.7559e-01)	Loss Pred 3.6603e-01 (2.7837e-01)	Loss TOTAL 7.8474e-01 (6.9040e-01)
Epoch: [40][ 50/112]	L_Src_Sup 1.2503e-01 (2.0332e-01)	L_Trg_Inj 2.0456e-01 (3.9714e-01)	Loss Disc 6.7317e-01 (6.7537e-01)	Loss Pred 2.8676e-01 (2.8245e-01)	Loss TOTAL 6.5630e-01 (6.9472e-01)
Epoch: [40][ 60/112]	L_Src_Sup 0.0000e+00 (1.9888e-01)	L_Trg_Inj 4.3762e-01 (3.8880e-01)	Loss Disc 6.7145e-01 (6.7542e-01)	Loss Pred 2.6058e-01 (2.7748e-01)	Loss TOTAL 6.4007e-01 (6.9230e-01)
Epoch: [40][ 70/112]	L_Src_Sup 4.6478e-01 (2.1344e-01)	L_Trg_Inj 5.3134e-01 (3.9603e-01)	Loss Disc 6.6980e-01 (6.7467e-01)	Loss Pred 2.4830e-01 (2.7845e-01)	Loss TOTAL 6.8281e-01 (6.9482e-01)
Epoch: [40][ 80/112]	L_Src_Sup 0.0000e+00 (2.2166e-01)	L_Trg_Inj 4.6879e-01 (3.9893e-01)	Loss Disc 6.7510e-01 (6.7401e-01)	Loss Pred 2.0761e-01 (2.7981e-01)	Loss TOTAL 5.9205e-01 (6.9676e-01)
Epoch: [40][ 90/112]	L_Src_Sup 2.2246e-01 (2.1822e-01)	L_Trg_Inj 4.5322e-01 (4.0213e-01)	Loss Disc 6.6383e-01 (6.7320e-01)	Loss Pred 3.1399e-01 (2.8235e-01)	Loss TOTAL 7.1348e-01 (6.9711e-01)
Epoch: [40][100/112]	L_Src_Sup 2.2226e-01 (2.1189e-01)	L_Trg_Inj 4.0706e-01 (4.0031e-01)	Loss Disc 6.6818e-01 (6.7291e-01)	Loss Pred 3.1269e-01 (2.8276e-01)	Loss TOTAL 7.0972e-01 (6.9495e-01)
Epoch: [40][110/112]	L_Src_Sup 1.3333e-01 (2.1130e-01)	L_Trg_Inj 3.9065e-01 (4.0370e-01)	Loss Disc 6.7035e-01 (6.7241e-01)	Loss Pred 2.7328e-01 (2.8406e-01)	Loss TOTAL 6.6085e-01 (6.9505e-01)
Epoch: [40][112/112]	L_Src_Sup 3.1582e-01 (2.1213e-01)	L_Trg_Inj 3.4377e-01 (4.0305e-01)	Loss Disc 6.6986e-01 (6.7233e-01)	Loss Pred 3.2566e-01 (2.8492e-01)	Loss TOTAL 7.2655e-01 (6.9565e-01)
Epoch 40 complete. Saving model state...
Epoch: [41][ 10/112]	L_Src_Sup 1.1765e-01 (1.4551e-01)	L_Trg_Inj 3.8408e-01 (4.4365e-01)	Loss Disc 6.6979e-01 (6.6970e-01)	Loss Pred 2.9940e-01 (2.9162e-01)	Loss TOTAL 6.8446e-01 (6.8539e-01)
Epoch: [41][ 20/112]	L_Src_Sup 1.2500e-01 (1.4593e-01)	L_Trg_Inj 5.1698e-01 (4.1694e-01)	Loss Disc 6.6862e-01 (6.7049e-01)	Loss Pred 2.8624e-01 (2.9032e-01)	Loss TOTAL 6.8474e-01 (6.9877e-01)
Epoch: [41][ 30/112]	L_Src_Sup 2.8611e-01 (1.8437e-01)	L_Trg_Inj 4.3761e-01 (4.2065e-01)	Loss Disc 6.7332e-01 (6.7084e-01)	Loss Pred 2.6012e-01 (2.8857e-01)	Loss TOTAL 6.6916e-01 (6.9882e-01)
Epoch: [41][ 40/112]	L_Src_Sup 0.0000e+00 (1.9119e-01)	L_Trg_Inj 4.6887e-01 (4.2167e-01)	Loss Disc 6.6851e-01 (6.7062e-01)	Loss Pred 2.8614e-01 (2.8895e-01)	Loss TOTAL 6.6728e-01 (6.9764e-01)
Epoch: [41][ 50/112]	L_Src_Sup 1.1111e-01 (1.9407e-01)	L_Trg_Inj 4.5318e-01 (4.2485e-01)	Loss Disc 6.6796e-01 (6.7062e-01)	Loss Pred 3.1217e-01 (2.8736e-01)	Loss TOTAL 7.0258e-01 (6.9423e-01)
Epoch: [41][ 60/112]	L_Src_Sup 0.0000e+00 (2.0109e-01)	L_Trg_Inj 4.0790e-01 (4.2125e-01)	Loss Disc 6.7665e-01 (6.7060e-01)	Loss Pred 2.3398e-01 (2.8977e-01)	Loss TOTAL 6.1309e-01 (6.9536e-01)
Epoch: [41][ 70/112]	L_Src_Sup 1.1769e-01 (2.0707e-01)	L_Trg_Inj 5.0828e-01 (4.2427e-01)	Loss Disc 6.6832e-01 (6.7097e-01)	Loss Pred 2.9897e-01 (2.8737e-01)	Loss TOTAL 6.9572e-01 (6.9371e-01)
Epoch: [41][ 80/112]	L_Src_Sup 2.8577e-01 (1.9930e-01)	L_Trg_Inj 4.8701e-01 (4.2818e-01)	Loss Disc 6.6174e-01 (6.7089e-01)	Loss Pred 3.5156e-01 (2.8850e-01)	Loss TOTAL 7.5971e-01 (6.9344e-01)
Epoch: [41][ 90/112]	L_Src_Sup 0.0000e+00 (1.9179e-01)	L_Trg_Inj 4.4563e-01 (4.2747e-01)	Loss Disc 6.6998e-01 (6.7070e-01)	Loss Pred 2.7283e-01 (2.9066e-01)	Loss TOTAL 6.5239e-01 (6.9498e-01)
Epoch: [41][100/112]	L_Src_Sup 1.3418e-01 (1.9514e-01)	L_Trg_Inj 5.1251e-01 (4.2501e-01)	Loss Disc 6.6921e-01 (6.7108e-01)	Loss Pred 2.7279e-01 (2.8694e-01)	Loss TOTAL 6.7207e-01 (6.9292e-01)
Epoch: [41][110/112]	L_Src_Sup 2.0003e-01 (1.9952e-01)	L_Trg_Inj 4.3860e-01 (4.3005e-01)	Loss Disc 6.7587e-01 (6.7102e-01)	Loss Pred 2.0742e-01 (2.8471e-01)	Loss TOTAL 6.0922e-01 (6.9084e-01)
Epoch: [41][112/112]	L_Src_Sup 1.2501e-01 (1.9835e-01)	L_Trg_Inj 3.4378e-01 (4.2922e-01)	Loss Disc 6.7070e-01 (6.7101e-01)	Loss Pred 2.8570e-01 (2.8450e-01)	Loss TOTAL 6.6793e-01 (6.9029e-01)
Epoch 41 complete. Saving model state...
Epoch: [42][ 10/112]	L_Src_Sup 1.0525e-01 (1.3696e-01)	L_Trg_Inj 5.0029e-01 (5.0324e-01)	Loss Disc 6.6395e-01 (6.6701e-01)	Loss Pred 3.2483e-01 (2.9363e-01)	Loss TOTAL 7.1736e-01 (6.9116e-01)
Epoch: [42][ 20/112]	L_Src_Sup 1.4290e-01 (1.5699e-01)	L_Trg_Inj 3.1251e-01 (4.6352e-01)	Loss Disc 6.7268e-01 (6.6753e-01)	Loss Pred 2.5953e-01 (2.9419e-01)	Loss TOTAL 6.4141e-01 (6.9001e-01)
Epoch: [42][ 30/112]	L_Src_Sup 0.0000e+00 (1.3341e-01)	L_Trg_Inj 3.9064e-01 (4.5418e-01)	Loss Disc 6.7297e-01 (6.6748e-01)	Loss Pred 2.4654e-01 (2.9609e-01)	Loss TOTAL 6.2209e-01 (6.8858e-01)
Epoch: [42][ 40/112]	L_Src_Sup 9.5241e-02 (1.5176e-01)	L_Trg_Inj 4.6877e-01 (4.4448e-01)	Loss Disc 6.6172e-01 (6.6751e-01)	Loss Pred 3.5031e-01 (2.9671e-01)	Loss TOTAL 7.3757e-01 (6.9284e-01)
Epoch: [42][ 50/112]	L_Src_Sup 3.3383e-01 (1.7516e-01)	L_Trg_Inj 4.8426e-01 (4.3799e-01)	Loss Disc 6.7320e-01 (6.6830e-01)	Loss Pred 2.3338e-01 (2.8926e-01)	Loss TOTAL 6.5179e-01 (6.9253e-01)
Epoch: [42][ 60/112]	L_Src_Sup 0.0000e+00 (1.7809e-01)	L_Trg_Inj 4.0626e-01 (4.3745e-01)	Loss Disc 6.6520e-01 (6.6830e-01)	Loss Pred 3.2437e-01 (2.8926e-01)	Loss TOTAL 6.9760e-01 (6.9288e-01)
Epoch: [42][ 70/112]	L_Src_Sup 2.8571e-01 (1.7708e-01)	L_Trg_Inj 5.4100e-01 (4.3710e-01)	Loss Disc 6.6961e-01 (6.6851e-01)	Loss Pred 2.5923e-01 (2.8688e-01)	Loss TOTAL 6.7671e-01 (6.9031e-01)
Epoch: [42][ 80/112]	L_Src_Sup 2.2231e-01 (1.7815e-01)	L_Trg_Inj 4.9846e-01 (4.3663e-01)	Loss Disc 6.6523e-01 (6.6830e-01)	Loss Pred 3.1134e-01 (2.8896e-01)	Loss TOTAL 7.1603e-01 (6.9226e-01)
Epoch: [42][ 90/112]	L_Src_Sup 1.9997e-01 (1.7481e-01)	L_Trg_Inj 4.8430e-01 (4.3247e-01)	Loss Disc 6.7600e-01 (6.6861e-01)	Loss Pred 2.0717e-01 (2.8611e-01)	Loss TOTAL 6.1360e-01 (6.8896e-01)
Epoch: [42][100/112]	L_Src_Sup 4.4487e-01 (1.8009e-01)	L_Trg_Inj 4.8438e-01 (4.3468e-01)	Loss Disc 6.6503e-01 (6.6857e-01)	Loss Pred 3.1115e-01 (2.8602e-01)	Loss TOTAL 7.3659e-01 (6.9061e-01)
Epoch: [42][110/112]	L_Src_Sup 5.0016e-01 (1.8222e-01)	L_Trg_Inj 3.7501e-01 (4.3392e-01)	Loss Disc 6.7913e-01 (6.6875e-01)	Loss Pred 1.8086e-01 (2.8404e-01)	Loss TOTAL 7.3309e-01 (6.8919e-01)
Epoch: [42][112/112]	L_Src_Sup 2.6712e-01 (1.8272e-01)	L_Trg_Inj 3.1991e-01 (4.3343e-01)	Loss Disc 6.7183e-01 (6.6879e-01)	Loss Pred 2.7201e-01 (2.8360e-01)	Loss TOTAL 6.6663e-01 (6.8861e-01)
Epoch 42 complete. Saving model state...
Epoch: [43][ 10/112]	L_Src_Sup 4.1841e-01 (1.8391e-01)	L_Trg_Inj 4.5887e-01 (4.4367e-01)	Loss Disc 6.5810e-01 (6.6864e-01)	Loss Pred 3.8955e-01 (2.8113e-01)	Loss TOTAL 8.0633e-01 (6.9956e-01)
Epoch: [43][ 20/112]	L_Src_Sup 2.3712e-01 (2.0075e-01)	L_Trg_Inj 5.0501e-01 (4.2549e-01)	Loss Disc 6.6648e-01 (6.6980e-01)	Loss Pred 2.9807e-01 (2.7198e-01)	Loss TOTAL 7.0553e-01 (6.8018e-01)
Epoch: [43][ 30/112]	L_Src_Sup 2.8614e-01 (1.9541e-01)	L_Trg_Inj 5.0124e-01 (4.2135e-01)	Loss Disc 6.6126e-01 (6.6950e-01)	Loss Pred 3.5039e-01 (2.7505e-01)	Loss TOTAL 7.5975e-01 (6.7859e-01)
Epoch: [43][ 40/112]	L_Src_Sup 3.3338e-01 (2.0334e-01)	L_Trg_Inj 4.2217e-01 (4.2793e-01)	Loss Disc 6.6589e-01 (6.6890e-01)	Loss Pred 3.1094e-01 (2.8045e-01)	Loss TOTAL 7.1944e-01 (6.8646e-01)
Epoch: [43][ 50/112]	L_Src_Sup 2.6668e-01 (2.1203e-01)	L_Trg_Inj 4.3752e-01 (4.2512e-01)	Loss Disc 6.6968e-01 (6.6910e-01)	Loss Pred 2.7176e-01 (2.7875e-01)	Loss TOTAL 6.7703e-01 (6.8806e-01)
Epoch: [43][ 60/112]	L_Src_Sup 5.7208e-01 (2.1044e-01)	L_Trg_Inj 4.1919e-01 (4.3581e-01)	Loss Disc 6.7133e-01 (6.6918e-01)	Loss Pred 2.5860e-01 (2.7649e-01)	Loss TOTAL 8.4628e-01 (6.8746e-01)
Epoch: [43][ 70/112]	L_Src_Sup 5.7148e-01 (2.1685e-01)	L_Trg_Inj 4.2189e-01 (4.3559e-01)	Loss Disc 6.6071e-01 (6.6871e-01)	Loss Pred 3.5118e-01 (2.8125e-01)	Loss TOTAL 9.3047e-01 (6.9383e-01)
Epoch: [43][ 80/112]	L_Src_Sup 3.6387e-01 (2.0959e-01)	L_Trg_Inj 3.1256e-01 (4.3006e-01)	Loss Disc 6.7629e-01 (6.6878e-01)	Loss Pred 2.1957e-01 (2.8120e-01)	Loss TOTAL 6.7667e-01 (6.9274e-01)
Epoch: [43][ 90/112]	L_Src_Sup 4.7422e-01 (2.1177e-01)	L_Trg_Inj 4.5313e-01 (4.3099e-01)	Loss Disc 6.6705e-01 (6.6862e-01)	Loss Pred 2.9756e-01 (2.8303e-01)	Loss TOTAL 7.4491e-01 (6.9444e-01)
Epoch: [43][100/112]	L_Src_Sup 0.0000e+00 (2.1899e-01)	L_Trg_Inj 4.8434e-01 (4.3518e-01)	Loss Disc 6.6284e-01 (6.6851e-01)	Loss Pred 3.3644e-01 (2.8346e-01)	Loss TOTAL 7.1629e-01 (6.9669e-01)
Epoch: [43][110/112]	L_Src_Sup 1.9048e-01 (2.1817e-01)	L_Trg_Inj 3.7675e-01 (4.3230e-01)	Loss Disc 6.6273e-01 (6.6861e-01)	Loss Pred 3.4945e-01 (2.8296e-01)	Loss TOTAL 7.3754e-01 (6.9464e-01)
Epoch: [43][112/112]	L_Src_Sup 1.2500e-01 (2.1638e-01)	L_Trg_Inj 3.4323e-01 (4.3291e-01)	Loss Disc 6.6957e-01 (6.6858e-01)	Loss Pred 2.8443e-01 (2.8322e-01)	Loss TOTAL 6.6604e-01 (6.9454e-01)
Epoch 43 complete. Saving model state...
Epoch: [44][ 10/112]	L_Src_Sup 0.0000e+00 (1.1075e-01)	L_Trg_Inj 2.8090e-01 (4.2890e-01)	Loss Disc 6.7537e-01 (6.6992e-01)	Loss Pred 2.3242e-01 (2.7028e-01)	Loss TOTAL 5.9820e-01 (6.5921e-01)
Epoch: [44][ 20/112]	L_Src_Sup 2.0000e-01 (1.8025e-01)	L_Trg_Inj 4.2072e-01 (4.2773e-01)	Loss Disc 6.6333e-01 (6.6859e-01)	Loss Pred 3.3622e-01 (2.8388e-01)	Loss TOTAL 7.2995e-01 (6.8346e-01)
Epoch: [44][ 30/112]	L_Src_Sup 0.0000e+00 (1.7318e-01)	L_Trg_Inj 3.7499e-01 (4.1299e-01)	Loss Disc 6.7298e-01 (6.6922e-01)	Loss Pred 2.4533e-01 (2.7926e-01)	Loss TOTAL 6.1932e-01 (6.7548e-01)
Epoch: [44][ 40/112]	L_Src_Sup 3.5295e-01 (1.8664e-01)	L_Trg_Inj 5.4685e-01 (4.2031e-01)	Loss Disc 6.6567e-01 (6.6914e-01)	Loss Pred 2.9721e-01 (2.7921e-01)	Loss TOTAL 7.2002e-01 (6.7672e-01)
Epoch: [44][ 50/112]	L_Src_Sup 7.6925e-01 (2.0860e-01)	L_Trg_Inj 4.5308e-01 (4.2534e-01)	Loss Disc 6.7233e-01 (6.6866e-01)	Loss Pred 2.4529e-01 (2.8332e-01)	Loss TOTAL 1.0198e+00 (6.9071e-01)
Epoch: [44][ 60/112]	L_Src_Sup 0.0000e+00 (2.1013e-01)	L_Trg_Inj 3.7497e-01 (4.3017e-01)	Loss Disc 6.6782e-01 (6.6834e-01)	Loss Pred 2.9702e-01 (2.8546e-01)	Loss TOTAL 6.6843e-01 (6.9171e-01)
Epoch: [44][ 70/112]	L_Src_Sup 0.0000e+00 (2.1305e-01)	L_Trg_Inj 3.4501e-01 (4.2827e-01)	Loss Disc 6.7352e-01 (6.6806e-01)	Loss Pred 2.4544e-01 (2.8859e-01)	Loss TOTAL 6.1670e-01 (6.9555e-01)
Epoch: [44][ 80/112]	L_Src_Sup 0.0000e+00 (2.2103e-01)	L_Trg_Inj 5.1314e-01 (4.3384e-01)	Loss Disc 6.7374e-01 (6.6794e-01)	Loss Pred 2.1971e-01 (2.8900e-01)	Loss TOTAL 6.0789e-01 (7.0030e-01)
Epoch: [44][ 90/112]	L_Src_Sup 4.0197e-01 (2.3172e-01)	L_Trg_Inj 3.4376e-01 (4.3427e-01)	Loss Disc 6.7127e-01 (6.6817e-01)	Loss Pred 2.7106e-01 (2.8687e-01)	Loss TOTAL 7.3948e-01 (7.0346e-01)
Epoch: [44][100/112]	L_Src_Sup 0.0000e+00 (2.2474e-01)	L_Trg_Inj 3.9065e-01 (4.3586e-01)	Loss Disc 6.7278e-01 (6.6860e-01)	Loss Pred 2.4530e-01 (2.8245e-01)	Loss TOTAL 6.2075e-01 (6.9853e-01)
Epoch: [44][110/112]	L_Src_Sup 1.0002e-01 (2.2266e-01)	L_Trg_Inj 4.4630e-01 (4.3794e-01)	Loss Disc 6.6343e-01 (6.6859e-01)	Loss Pred 3.3572e-01 (2.8246e-01)	Loss TOTAL 7.2207e-01 (6.9952e-01)
Epoch: [44][112/112]	L_Src_Sup 2.1054e-01 (2.2331e-01)	L_Trg_Inj 4.8443e-01 (4.3891e-01)	Loss Disc 6.6402e-01 (6.6858e-01)	Loss Pred 3.2274e-01 (2.8249e-01)	Loss TOTAL 7.2425e-01 (6.9941e-01)
Epoch 44 complete. Saving model state...
Epoch: [45][ 10/112]	L_Src_Sup 1.4301e-01 (1.5973e-01)	L_Trg_Inj 3.9055e-01 (4.5341e-01)	Loss Disc 6.7157e-01 (6.7165e-01)	Loss Pred 2.5780e-01 (2.5010e-01)	Loss TOTAL 6.4694e-01 (6.4724e-01)
Epoch: [45][ 20/112]	L_Src_Sup 1.5385e-01 (2.1378e-01)	L_Trg_Inj 3.8259e-01 (4.2212e-01)	Loss Disc 6.7308e-01 (6.6957e-01)	Loss Pred 2.4482e-01 (2.7349e-01)	Loss TOTAL 6.3500e-01 (6.7649e-01)
Epoch: [45][ 30/112]	L_Src_Sup 2.5000e-01 (2.3977e-01)	L_Trg_Inj 4.6875e-01 (4.3215e-01)	Loss Disc 6.6785e-01 (6.6922e-01)	Loss Pred 2.8366e-01 (2.7563e-01)	Loss TOTAL 6.8946e-01 (6.8448e-01)
Epoch: [45][ 40/112]	L_Src_Sup 0.0000e+00 (2.1131e-01)	L_Trg_Inj 4.3068e-01 (4.3142e-01)	Loss Disc 6.6862e-01 (6.6818e-01)	Loss Pred 2.8359e-01 (2.8607e-01)	Loss TOTAL 6.6097e-01 (6.8972e-01)
Epoch: [45][ 50/112]	L_Src_Sup 2.8576e-01 (2.1139e-01)	L_Trg_Inj 5.1010e-01 (4.3584e-01)	Loss Disc 6.6118e-01 (6.6832e-01)	Loss Pred 3.4807e-01 (2.8430e-01)	Loss TOTAL 7.5824e-01 (6.8742e-01)
Epoch: [45][ 60/112]	L_Src_Sup 0.0000e+00 (2.0786e-01)	L_Trg_Inj 2.2458e-01 (4.3001e-01)	Loss Disc 6.7145e-01 (6.6816e-01)	Loss Pred 2.7074e-01 (2.8615e-01)	Loss TOTAL 6.2892e-01 (6.8754e-01)
Epoch: [45][ 70/112]	L_Src_Sup 6.6669e-01 (2.1369e-01)	L_Trg_Inj 3.8449e-01 (4.0846e-01)	Loss Disc 6.7463e-01 (6.6858e-01)	Loss Pred 2.3190e-01 (2.8359e-01)	Loss TOTAL 9.5654e-01 (6.9075e-01)
Epoch: [45][ 80/112]	L_Src_Sup 0.0000e+00 (2.0890e-01)	L_Trg_Inj 3.1247e-01 (4.0876e-01)	Loss Disc 6.8173e-01 (6.6896e-01)	Loss Pred 1.6726e-01 (2.8019e-01)	Loss TOTAL 5.3937e-01 (6.8592e-01)
Epoch: [45][ 90/112]	L_Src_Sup 3.3349e-01 (2.0890e-01)	L_Trg_Inj 3.9314e-01 (4.0804e-01)	Loss Disc 6.6636e-01 (6.6884e-01)	Loss Pred 3.0917e-01 (2.8169e-01)	Loss TOTAL 7.1501e-01 (6.8697e-01)
Epoch: [45][100/112]	L_Src_Sup 2.2224e-01 (2.0577e-01)	L_Trg_Inj 4.0631e-01 (4.1143e-01)	Loss Disc 6.6653e-01 (6.6876e-01)	Loss Pred 3.0906e-01 (2.8212e-01)	Loss TOTAL 7.0518e-01 (6.8647e-01)
Epoch: [45][110/112]	L_Src_Sup 1.4298e-01 (2.0948e-01)	L_Trg_Inj 5.6300e-01 (4.1647e-01)	Loss Disc 6.6903e-01 (6.6876e-01)	Loss Pred 2.5742e-01 (2.8164e-01)	Loss TOTAL 6.6254e-01 (6.8801e-01)
Epoch: [45][112/112]	L_Src_Sup 1.4298e-01 (2.0701e-01)	L_Trg_Inj 3.2991e-01 (4.1477e-01)	Loss Disc 6.7269e-01 (6.6879e-01)	Loss Pred 2.5741e-01 (2.8167e-01)	Loss TOTAL 6.4104e-01 (6.8747e-01)
Epoch 45 complete. Saving model state...
Epoch: [46][ 10/112]	L_Src_Sup 1.1767e-01 (1.2598e-01)	L_Trg_Inj 4.6875e-01 (4.2692e-01)	Loss Disc 6.6677e-01 (6.6541e-01)	Loss Pred 2.9597e-01 (3.1278e-01)	Loss TOTAL 6.8800e-01 (7.0078e-01)
Epoch: [46][ 20/112]	L_Src_Sup 0.0000e+00 (1.3940e-01)	L_Trg_Inj 3.7500e-01 (4.2903e-01)	Loss Disc 6.6491e-01 (6.6634e-01)	Loss Pred 3.2158e-01 (3.0319e-01)	Loss TOTAL 6.9153e-01 (6.9321e-01)
Epoch: [46][ 30/112]	L_Src_Sup 1.1765e-01 (1.4723e-01)	L_Trg_Inj 5.3123e-01 (4.3448e-01)	Loss Disc 6.6552e-01 (6.6727e-01)	Loss Pred 2.9585e-01 (2.9392e-01)	Loss TOTAL 6.9350e-01 (6.9079e-01)
Epoch: [46][ 40/112]	L_Src_Sup 1.6668e-01 (1.6327e-01)	L_Trg_Inj 3.9244e-01 (4.2782e-01)	Loss Disc 6.7421e-01 (6.6766e-01)	Loss Pred 2.3175e-01 (2.9119e-01)	Loss TOTAL 6.2477e-01 (6.9171e-01)
Epoch: [46][ 50/112]	L_Src_Sup 2.1091e-01 (1.8292e-01)	L_Trg_Inj 4.0625e-01 (4.3367e-01)	Loss Disc 6.6548e-01 (6.6816e-01)	Loss Pred 3.2194e-01 (2.8545e-01)	Loss TOTAL 7.1639e-01 (6.9096e-01)
Epoch: [46][ 60/112]	L_Src_Sup 2.2249e-01 (1.9251e-01)	L_Trg_Inj 4.4480e-01 (4.3899e-01)	Loss Disc 6.6583e-01 (6.6830e-01)	Loss Pred 3.0860e-01 (2.8331e-01)	Loss TOTAL 7.0824e-01 (6.9006e-01)
Epoch: [46][ 70/112]	L_Src_Sup 0.0000e+00 (1.9238e-01)	L_Trg_Inj 3.9058e-01 (4.3551e-01)	Loss Disc 6.7783e-01 (6.6863e-01)	Loss Pred 1.9273e-01 (2.8051e-01)	Loss TOTAL 5.7071e-01 (6.8795e-01)
Epoch: [46][ 80/112]	L_Src_Sup 1.2502e-01 (1.9819e-01)	L_Trg_Inj 5.6251e-01 (4.3157e-01)	Loss Disc 6.6581e-01 (6.6874e-01)	Loss Pred 2.8410e-01 (2.7970e-01)	Loss TOTAL 6.8575e-01 (6.8906e-01)
Epoch: [46][ 90/112]	L_Src_Sup 5.2476e+00 (2.5452e-01)	L_Trg_Inj 5.4627e-01 (4.3489e-01)	Loss Disc 6.8626e-01 (6.6902e-01)	Loss Pred 2.9723e-01 (2.7906e-01)	Loss TOTAL 5.9211e+00 (7.4582e-01)
Epoch: [46][100/112]	L_Src_Sup 2.5133e-01 (2.5046e-01)	L_Trg_Inj 3.4405e-01 (4.4220e-01)	Loss Disc 6.6929e-01 (6.6907e-01)	Loss Pred 2.8282e-01 (2.7886e-01)	Loss TOTAL 6.7700e-01 (7.3990e-01)
Epoch: [46][110/112]	L_Src_Sup 1.5435e-01 (2.4859e-01)	L_Trg_Inj 3.9063e-01 (4.4001e-01)	Loss Disc 6.7277e-01 (6.6885e-01)	Loss Pred 2.4412e-01 (2.8087e-01)	Loss TOTAL 6.3500e-01 (7.3625e-01)
Epoch: [46][112/112]	L_Src_Sup 3.8252e-01 (2.4757e-01)	L_Trg_Inj 3.5940e-01 (4.3927e-01)	Loss Disc 6.6235e-01 (6.6880e-01)	Loss Pred 3.4708e-01 (2.8136e-01)	Loss TOTAL 7.7557e-01 (7.3582e-01)
Epoch 46 complete. Saving model state...
Epoch: [47][ 10/112]	L_Src_Sup 0.0000e+00 (1.9538e-01)	L_Trg_Inj 5.1563e-01 (4.3842e-01)	Loss Disc 6.7097e-01 (6.6858e-01)	Loss Pred 2.3117e-01 (2.7383e-01)	Loss TOTAL 6.1822e-01 (6.9308e-01)
Epoch: [47][ 20/112]	L_Src_Sup 4.2862e-01 (2.2334e-01)	L_Trg_Inj 4.4169e-01 (4.4147e-01)	Loss Disc 6.6893e-01 (6.6856e-01)	Loss Pred 2.5820e-01 (2.7507e-01)	Loss TOTAL 6.7969e-01 (6.9042e-01)
Epoch: [47][ 30/112]	L_Src_Sup 1.3334e-01 (2.3542e-01)	L_Trg_Inj 3.9064e-01 (4.3518e-01)	Loss Disc 6.6933e-01 (6.6821e-01)	Loss Pred 2.6964e-01 (2.7804e-01)	Loss TOTAL 6.5670e-01 (6.8893e-01)
Epoch: [47][ 40/112]	L_Src_Sup 3.2993e-01 (2.3331e-01)	L_Trg_Inj 4.8437e-01 (4.3832e-01)	Loss Disc 6.6388e-01 (6.6835e-01)	Loss Pred 3.2109e-01 (2.7627e-01)	Loss TOTAL 7.3447e-01 (6.8490e-01)
Epoch: [47][ 50/112]	L_Src_Sup 0.0000e+00 (2.2970e-01)	L_Trg_Inj 4.9118e-01 (4.4109e-01)	Loss Disc 6.6975e-01 (6.6832e-01)	Loss Pred 2.6955e-01 (2.7801e-01)	Loss TOTAL 6.5354e-01 (6.8509e-01)
Epoch: [47][ 60/112]	L_Src_Sup 0.0000e+00 (2.2474e-01)	L_Trg_Inj 4.2190e-01 (4.3606e-01)	Loss Disc 6.7143e-01 (6.6853e-01)	Loss Pred 2.5661e-01 (2.7788e-01)	Loss TOTAL 6.3452e-01 (6.8434e-01)
Epoch: [47][ 70/112]	L_Src_Sup 3.6364e-01 (2.2350e-01)	L_Trg_Inj 3.7311e-01 (4.3211e-01)	Loss Disc 6.7536e-01 (6.6868e-01)	Loss Pred 2.1798e-01 (2.7706e-01)	Loss TOTAL 6.2934e-01 (6.8637e-01)
Epoch: [47][ 80/112]	L_Src_Sup 1.5384e-01 (2.1872e-01)	L_Trg_Inj 4.0626e-01 (4.3523e-01)	Loss Disc 6.7230e-01 (6.6865e-01)	Loss Pred 2.4361e-01 (2.7660e-01)	Loss TOTAL 6.3577e-01 (6.8501e-01)
Epoch: [47][ 90/112]	L_Src_Sup 2.3530e-01 (2.1287e-01)	L_Trg_Inj 3.3169e-01 (4.3616e-01)	Loss Disc 6.7028e-01 (6.6858e-01)	Loss Pred 2.9499e-01 (2.7794e-01)	Loss TOTAL 6.8683e-01 (6.8485e-01)
Epoch: [47][100/112]	L_Src_Sup 1.3335e-01 (2.1786e-01)	L_Trg_Inj 4.7553e-01 (4.3684e-01)	Loss Disc 6.6941e-01 (6.6835e-01)	Loss Pred 2.6928e-01 (2.8031e-01)	Loss TOTAL 6.6487e-01 (6.8691e-01)
Epoch: [47][110/112]	L_Src_Sup 3.7505e-01 (2.1249e-01)	L_Trg_Inj 4.2178e-01 (4.3971e-01)	Loss Disc 6.6894e-01 (6.6839e-01)	Loss Pred 2.8203e-01 (2.8002e-01)	Loss TOTAL 6.9618e-01 (6.8575e-01)
Epoch: [47][112/112]	L_Src_Sup 0.0000e+00 (2.0963e-01)	L_Trg_Inj 3.2829e-01 (4.3905e-01)	Loss Disc 6.7513e-01 (6.6841e-01)	Loss Pred 2.3082e-01 (2.7994e-01)	Loss TOTAL 6.0121e-01 (6.8522e-01)
Epoch 47 complete. Saving model state...
Epoch: [48][ 10/112]	L_Src_Sup 2.3077e-01 (2.6516e-01)	L_Trg_Inj 4.0596e-01 (3.9937e-01)	Loss Disc 6.5536e-01 (6.6627e-01)	Loss Pred 4.0972e-01 (3.0757e-01)	Loss TOTAL 8.0107e-01 (7.4096e-01)
Epoch: [48][ 20/112]	L_Src_Sup 3.5304e-01 (2.0715e-01)	L_Trg_Inj 4.6603e-01 (4.2157e-01)	Loss Disc 6.6696e-01 (6.6723e-01)	Loss Pred 2.9465e-01 (2.9546e-01)	Loss TOTAL 7.1004e-01 (7.1341e-01)
Epoch: [48][ 30/112]	L_Src_Sup 1.3334e-01 (2.4050e-01)	L_Trg_Inj 4.4940e-01 (4.2784e-01)	Loss Disc 6.6964e-01 (6.6772e-01)	Loss Pred 2.6910e-01 (2.8930e-01)	Loss TOTAL 6.6219e-01 (7.1325e-01)
Epoch: [48][ 40/112]	L_Src_Sup 4.2858e-01 (2.3470e-01)	L_Trg_Inj 4.8460e-01 (4.3831e-01)	Loss Disc 6.7007e-01 (6.6756e-01)	Loss Pred 2.5635e-01 (2.8966e-01)	Loss TOTAL 6.8270e-01 (7.0997e-01)
Epoch: [48][ 50/112]	L_Src_Sup 2.2230e-01 (2.4200e-01)	L_Trg_Inj 6.0938e-01 (4.3985e-01)	Loss Disc 6.6380e-01 (6.6768e-01)	Loss Pred 3.0721e-01 (2.8834e-01)	Loss TOTAL 7.2227e-01 (7.0803e-01)
Epoch: [48][ 60/112]	L_Src_Sup 2.8572e-01 (2.3092e-01)	L_Trg_Inj 4.2512e-01 (4.3641e-01)	Loss Disc 6.7994e-01 (6.6800e-01)	Loss Pred 1.6719e-01 (2.8554e-01)	Loss TOTAL 5.7825e-01 (7.0099e-01)
Epoch: [48][ 70/112]	L_Src_Sup 4.6322e-01 (2.2133e-01)	L_Trg_Inj 4.7896e-01 (4.4112e-01)	Loss Disc 6.5539e-01 (6.6797e-01)	Loss Pred 4.0920e-01 (2.8517e-01)	Loss TOTAL 8.3112e-01 (6.9826e-01)
Epoch: [48][ 80/112]	L_Src_Sup 2.0000e-01 (2.2652e-01)	L_Trg_Inj 4.2918e-01 (4.3784e-01)	Loss Disc 6.6343e-01 (6.6800e-01)	Loss Pred 3.3248e-01 (2.8536e-01)	Loss TOTAL 7.2711e-01 (6.9959e-01)
Epoch: [48][ 90/112]	L_Src_Sup 2.1052e-01 (2.2440e-01)	L_Trg_Inj 5.0000e-01 (4.3629e-01)	Loss Disc 6.6267e-01 (6.6819e-01)	Loss Pred 3.2112e-01 (2.8356e-01)	Loss TOTAL 7.2350e-01 (6.9599e-01)
Epoch: [48][100/112]	L_Src_Sup 2.2223e-01 (2.1773e-01)	L_Trg_Inj 4.0398e-01 (4.3291e-01)	Loss Disc 6.6617e-01 (6.6832e-01)	Loss Pred 3.0697e-01 (2.8273e-01)	Loss TOTAL 7.0268e-01 (6.9299e-01)
Epoch: [48][110/112]	L_Src_Sup 2.8147e-01 (2.1469e-01)	L_Trg_Inj 4.6876e-01 (4.3003e-01)	Loss Disc 6.6936e-01 (6.6854e-01)	Loss Pred 2.6867e-01 (2.8079e-01)	Loss TOTAL 6.7837e-01 (6.8988e-01)
Epoch: [48][112/112]	L_Src_Sup 2.0038e-01 (2.1265e-01)	L_Trg_Inj 4.4766e-01 (4.3067e-01)	Loss Disc 6.7602e-01 (6.6860e-01)	Loss Pred 2.0478e-01 (2.8011e-01)	Loss TOTAL 6.0759e-01 (6.8891e-01)
Epoch 48 complete. Saving model state...
Epoch: [49][ 10/112]	L_Src_Sup 5.3340e-01 (2.5447e-01)	L_Trg_Inj 4.3297e-01 (4.3564e-01)	Loss Disc 6.6968e-01 (6.6923e-01)	Loss Pred 2.6860e-01 (2.7266e-01)	Loss TOTAL 8.0051e-01 (6.9963e-01)
Epoch: [49][ 20/112]	L_Src_Sup 3.7503e-01 (2.4819e-01)	L_Trg_Inj 3.9914e-01 (4.4656e-01)	Loss Disc 6.6910e-01 (6.6819e-01)	Loss Pred 2.8132e-01 (2.8213e-01)	Loss TOTAL 6.9328e-01 (7.0628e-01)
Epoch: [49][ 30/112]	L_Src_Sup 5.7145e-01 (2.3852e-01)	L_Trg_Inj 5.0053e-01 (4.4239e-01)	Loss Disc 6.7008e-01 (6.6864e-01)	Loss Pred 2.5572e-01 (2.7802e-01)	Loss TOTAL 7.6888e-01 (6.9651e-01)
Epoch: [49][ 40/112]	L_Src_Sup 3.3334e-01 (2.3126e-01)	L_Trg_Inj 4.1866e-01 (4.3902e-01)	Loss Disc 6.6608e-01 (6.6836e-01)	Loss Pred 3.0673e-01 (2.8138e-01)	Loss TOTAL 7.1497e-01 (6.9465e-01)
Epoch: [49][ 50/112]	L_Src_Sup 9.0909e-02 (2.3594e-01)	L_Trg_Inj 5.3125e-01 (4.4275e-01)	Loss Disc 6.5952e-01 (6.6867e-01)	Loss Pred 3.5791e-01 (2.7752e-01)	Loss TOTAL 7.4989e-01 (6.8937e-01)
Epoch: [49][ 60/112]	L_Src_Sup 5.8825e-01 (2.4026e-01)	L_Trg_Inj 4.5312e-01 (4.3679e-01)	Loss Disc 6.6684e-01 (6.6865e-01)	Loss Pred 2.9389e-01 (2.7856e-01)	Loss TOTAL 8.6658e-01 (6.9088e-01)
Epoch: [49][ 70/112]	L_Src_Sup 2.7273e-01 (2.3919e-01)	L_Trg_Inj 3.7501e-01 (4.3657e-01)	Loss Disc 6.6187e-01 (6.6853e-01)	Loss Pred 3.5759e-01 (2.7952e-01)	Loss TOTAL 7.5330e-01 (6.9018e-01)
Epoch: [49][ 80/112]	L_Src_Sup 1.9048e-01 (2.3297e-01)	L_Trg_Inj 3.2879e-01 (4.3754e-01)	Loss Disc 6.6398e-01 (6.6828e-01)	Loss Pred 3.4463e-01 (2.8194e-01)	Loss TOTAL 7.2855e-01 (6.9142e-01)
Epoch: [49][ 90/112]	L_Src_Sup 0.0000e+00 (2.2981e-01)	L_Trg_Inj 3.5938e-01 (4.3551e-01)	Loss Disc 6.6935e-01 (6.6852e-01)	Loss Pred 2.8101e-01 (2.7986e-01)	Loss TOTAL 6.5162e-01 (6.9087e-01)
Epoch: [49][100/112]	L_Src_Sup 9.0913e-02 (2.2698e-01)	L_Trg_Inj 3.7500e-01 (4.3718e-01)	Loss Disc 6.6203e-01 (6.6849e-01)	Loss Pred 3.5737e-01 (2.7997e-01)	Loss TOTAL 7.3498e-01 (6.8983e-01)
Epoch: [49][110/112]	L_Src_Sup 3.0770e-01 (2.2510e-01)	L_Trg_Inj 4.3830e-01 (4.3537e-01)	Loss Disc 6.7227e-01 (6.6865e-01)	Loss Pred 2.4261e-01 (2.7855e-01)	Loss TOTAL 6.5335e-01 (6.8729e-01)
Epoch: [49][112/112]	L_Src_Sup 1.1111e-01 (2.2386e-01)	L_Trg_Inj 3.2594e-01 (4.3511e-01)	Loss Disc 6.6725e-01 (6.6858e-01)	Loss Pred 3.0633e-01 (2.7928e-01)	Loss TOTAL 6.8366e-01 (6.8768e-01)
Epoch 49 complete. Saving model state...
