Using device: cuda
Loading Source Train...
Using Mean/Std calculated from Source Train (mean[0]=7.250739126206178, std[0]=0.4471005807248076)
Loading Target Train...
Epoch: [0][ 10/112]	L_Src_Sup 1.9392e+00 (1.9829e+00)	L_Trg_Inj 1.9363e+00 (1.9823e+00)	Loss Disc 7.1877e-01 (7.2201e-01)	Loss Pred 1.5663e+00 (1.5923e+00)	Loss TOTAL 2.3161e+00 (2.3515e+00)
Epoch: [0][ 20/112]	L_Src_Sup 1.4426e+00 (1.7227e+00)	L_Trg_Inj 1.0610e+00 (1.6826e+00)	Loss Disc 7.0886e-01 (7.1783e-01)	Loss Pred 1.5767e+00 (1.5864e+00)	Loss TOTAL 2.5631e+00 (2.3318e+00)
Epoch: [0][ 30/112]	L_Src_Sup 1.9838e+00 (1.8008e+00)	L_Trg_Inj 1.9855e+00 (1.7693e+00)	Loss Disc 7.0022e-01 (7.1327e-01)	Loss Pred 1.5646e+00 (1.5752e+00)	Loss TOTAL 2.3116e+00 (2.3245e+00)
Epoch: [0][ 40/112]	L_Src_Sup 1.9249e+00 (1.8372e+00)	L_Trg_Inj 1.7970e+00 (1.8103e+00)	Loss Disc 6.9578e-01 (7.0929e-01)	Loss Pred 1.5670e+00 (1.5654e+00)	Loss TOTAL 2.4151e+00 (2.3158e+00)
Epoch: [0][ 50/112]	L_Src_Sup 1.9088e+00 (1.8609e+00)	L_Trg_Inj 1.9119e+00 (1.8404e+00)	Loss Disc 6.9453e-01 (7.0646e-01)	Loss Pred 1.5156e+00 (1.5545e+00)	Loss TOTAL 2.2449e+00 (2.3027e+00)
Epoch: [0][ 60/112]	L_Src_Sup 9.8557e-01 (1.7329e+00)	L_Trg_Inj 8.8527e-01 (1.7125e+00)	Loss Disc 6.9351e-01 (7.0438e-01)	Loss Pred 1.4551e+00 (1.5424e+00)	Loss TOTAL 2.0892e+00 (2.2735e+00)
Epoch: [0][ 70/112]	L_Src_Sup 1.8182e-01 (1.6054e+00)	L_Trg_Inj 4.8862e-01 (1.6049e+00)	Loss Disc 6.9255e-01 (7.0284e-01)	Loss Pred 1.4918e+00 (1.5317e+00)	Loss TOTAL 1.9051e+00 (2.2378e+00)
Epoch: [0][ 80/112]	L_Src_Sup 4.8929e-01 (1.4488e+00)	L_Trg_Inj 4.6901e-01 (1.4751e+00)	Loss Disc 6.9217e-01 (7.0155e-01)	Loss Pred 1.4548e+00 (1.5218e+00)	Loss TOTAL 1.9170e+00 (2.1949e+00)
Epoch: [0][ 90/112]	L_Src_Sup 6.7344e-01 (1.3230e+00)	L_Trg_Inj 6.0004e-01 (1.3693e+00)	Loss Disc 6.9117e-01 (7.0043e-01)	Loss Pred 1.4374e+00 (1.5110e+00)	Loss TOTAL 1.9838e+00 (2.1602e+00)
Epoch: [0][100/112]	L_Src_Sup 1.8803e+00 (1.3829e+00)	L_Trg_Inj 1.9380e+00 (1.4261e+00)	Loss Disc 6.9302e-01 (6.9972e-01)	Loss Pred 1.4132e+00 (1.5029e+00)	Loss TOTAL 2.1416e+00 (2.1613e+00)
Epoch: [0][110/112]	L_Src_Sup 2.1053e-01 (1.3299e+00)	L_Trg_Inj 1.9753e-01 (1.3877e+00)	Loss Disc 6.8981e-01 (6.9891e-01)	Loss Pred 1.3680e+00 (1.4923e+00)	Loss TOTAL 1.7667e+00 (2.1388e+00)
Epoch: [0][112/112]	L_Src_Sup 7.2764e-02 (1.3107e+00)	L_Trg_Inj 6.5216e-01 (1.3717e+00)	Loss Disc 6.8811e-01 (6.9873e-01)	Loss Pred 1.3122e+00 (1.4894e+00)	Loss TOTAL 1.7287e+00 (2.1326e+00)
Epoch 0 complete. Saving model state...
Epoch: [1][ 10/112]	L_Src_Sup 1.3554e-01 (2.4437e-01)	L_Trg_Inj 4.6572e-01 (6.1598e-01)	Loss Disc 6.8529e-01 (6.8686e-01)	Loss Pred 1.3246e+00 (1.3645e+00)	Loss TOTAL 1.7274e+00 (1.8013e+00)
Epoch: [1][ 20/112]	L_Src_Sup 1.8782e-02 (2.5589e-01)	L_Trg_Inj 5.5448e-01 (6.4432e-01)	Loss Disc 6.7791e-01 (6.8419e-01)	Loss Pred 1.3161e+00 (1.3526e+00)	Loss TOTAL 1.7124e+00 (1.7963e+00)
Epoch: [1][ 30/112]	L_Src_Sup 1.9916e-01 (2.3135e-01)	L_Trg_Inj 4.2352e-01 (6.1121e-01)	Loss Disc 6.8088e-01 (6.8138e-01)	Loss Pred 1.3277e+00 (1.3432e+00)	Loss TOTAL 1.7305e+00 (1.7759e+00)
Epoch: [1][ 40/112]	L_Src_Sup 1.5498e-01 (2.2683e-01)	L_Trg_Inj 5.6151e-01 (5.7877e-01)	Loss Disc 6.7643e-01 (6.8055e-01)	Loss Pred 1.3080e+00 (1.3320e+00)	Loss TOTAL 1.7179e+00 (1.7592e+00)
Epoch: [1][ 50/112]	L_Src_Sup 3.6260e-01 (2.2173e-01)	L_Trg_Inj 4.7904e-01 (5.6943e-01)	Loss Disc 6.8543e-01 (6.8050e-01)	Loss Pred 1.2813e+00 (1.3226e+00)	Loss TOTAL 1.7081e+00 (1.7477e+00)
Epoch: [1][ 60/112]	L_Src_Sup 0.0000e+00 (2.1150e-01)	L_Trg_Inj 4.6653e-01 (5.5531e-01)	Loss Disc 6.7687e-01 (6.8030e-01)	Loss Pred 1.2601e+00 (1.3131e+00)	Loss TOTAL 1.6452e+00 (1.7347e+00)
Epoch: [1][ 70/112]	L_Src_Sup 2.6677e-01 (2.1189e-01)	L_Trg_Inj 4.5155e-01 (5.4950e-01)	Loss Disc 6.8236e-01 (6.8069e-01)	Loss Pred 1.2473e+00 (1.3042e+00)	Loss TOTAL 1.6603e+00 (1.7268e+00)
Epoch: [1][ 80/112]	L_Src_Sup 1.3631e-01 (2.0347e-01)	L_Trg_Inj 4.5335e-01 (5.3848e-01)	Loss Disc 6.8444e-01 (6.8096e-01)	Loss Pred 1.2488e+00 (1.2961e+00)	Loss TOTAL 1.6500e+00 (1.7166e+00)
Epoch: [1][ 90/112]	L_Src_Sup 5.0642e-01 (2.1607e-01)	L_Trg_Inj 4.7379e-01 (5.3265e-01)	Loss Disc 6.8535e-01 (6.8114e-01)	Loss Pred 1.2080e+00 (1.2872e+00)	Loss TOTAL 1.6814e+00 (1.7109e+00)
Epoch: [1][100/112]	L_Src_Sup 2.2428e-01 (2.2812e-01)	L_Trg_Inj 6.0624e-01 (5.4572e-01)	Loss Disc 6.8043e-01 (6.8132e-01)	Loss Pred 1.1891e+00 (1.2790e+00)	Loss TOTAL 1.6123e+00 (1.7058e+00)
Epoch: [1][110/112]	L_Src_Sup 4.3188e-01 (2.2706e-01)	L_Trg_Inj 4.9709e-01 (5.5218e-01)	Loss Disc 6.7500e-01 (6.8151e-01)	Loss Pred 1.1852e+00 (1.2711e+00)	Loss TOTAL 1.6156e+00 (1.6978e+00)
Epoch: [1][112/112]	L_Src_Sup 1.1009e-01 (2.2493e-01)	L_Trg_Inj 3.8012e-01 (5.4996e-01)	Loss Disc 6.9009e-01 (6.8160e-01)	Loss Pred 1.1720e+00 (1.2694e+00)	Loss TOTAL 1.5661e+00 (1.6955e+00)
Epoch 1 complete. Saving model state...
Epoch: [2][ 10/112]	L_Src_Sup 3.7813e-01 (2.3179e-01)	L_Trg_Inj 7.1112e-01 (4.9291e-01)	Loss Disc 6.8786e-01 (6.8572e-01)	Loss Pred 1.1614e+00 (1.1729e+00)	Loss TOTAL 1.6142e+00 (1.6124e+00)
Epoch: [2][ 20/112]	L_Src_Sup 1.9125e-01 (2.3208e-01)	L_Trg_Inj 4.0074e-01 (5.1339e-01)	Loss Disc 6.8787e-01 (6.8508e-01)	Loss Pred 1.1355e+00 (1.1618e+00)	Loss TOTAL 1.5386e+00 (1.5909e+00)
Epoch: [2][ 30/112]	L_Src_Sup 7.9942e-01 (2.4684e-01)	L_Trg_Inj 1.1689e+00 (5.2403e-01)	Loss Disc 6.9133e-01 (6.8464e-01)	Loss Pred 1.1380e+00 (1.1518e+00)	Loss TOTAL 1.6805e+00 (1.5801e+00)
Epoch: [2][ 40/112]	L_Src_Sup 1.3017e-01 (2.2945e-01)	L_Trg_Inj 5.8091e-01 (5.1288e-01)	Loss Disc 6.8932e-01 (6.8479e-01)	Loss Pred 1.1183e+00 (1.1458e+00)	Loss TOTAL 1.5340e+00 (1.5711e+00)
Epoch: [2][ 50/112]	L_Src_Sup 3.6324e-01 (2.4732e-01)	L_Trg_Inj 5.7075e-01 (5.3806e-01)	Loss Disc 6.8062e-01 (6.8490e-01)	Loss Pred 1.0940e+00 (1.1390e+00)	Loss TOTAL 1.5277e+00 (1.5685e+00)
Epoch: [2][ 60/112]	L_Src_Sup 1.6674e-01 (2.4135e-01)	L_Trg_Inj 3.5625e-01 (5.2627e-01)	Loss Disc 6.8144e-01 (6.8400e-01)	Loss Pred 1.0959e+00 (1.1322e+00)	Loss TOTAL 1.4890e+00 (1.5581e+00)
Epoch: [2][ 70/112]	L_Src_Sup 4.6099e-01 (2.5060e-01)	L_Trg_Inj 6.5421e-01 (5.2326e-01)	Loss Disc 6.6954e-01 (6.8351e-01)	Loss Pred 1.0792e+00 (1.1250e+00)	Loss TOTAL 1.5255e+00 (1.5571e+00)
Epoch: [2][ 80/112]	L_Src_Sup 4.3671e-01 (2.5354e-01)	L_Trg_Inj 4.3571e-01 (5.1706e-01)	Loss Disc 6.8771e-01 (6.8352e-01)	Loss Pred 1.0595e+00 (1.1180e+00)	Loss TOTAL 1.4916e+00 (1.5487e+00)
Epoch: [2][ 90/112]	L_Src_Sup 3.6479e-01 (2.4701e-01)	L_Trg_Inj 6.0493e-01 (5.3325e-01)	Loss Disc 6.7279e-01 (6.8295e-01)	Loss Pred 1.0551e+00 (1.1111e+00)	Loss TOTAL 1.4885e+00 (1.5412e+00)
Epoch: [2][100/112]	L_Src_Sup 2.4471e-01 (2.4638e-01)	L_Trg_Inj 5.0208e-01 (5.3648e-01)	Loss Disc 6.8342e-01 (6.8276e-01)	Loss Pred 1.0348e+00 (1.1043e+00)	Loss TOTAL 1.4512e+00 (1.5353e+00)
Epoch: [2][110/112]	L_Src_Sup 0.0000e+00 (2.4270e-01)	L_Trg_Inj 5.4314e-01 (5.3734e-01)	Loss Disc 6.7770e-01 (6.8273e-01)	Loss Pred 1.0226e+00 (1.0975e+00)	Loss TOTAL 1.4158e+00 (1.5273e+00)
Epoch: [2][112/112]	L_Src_Sup 1.2582e-01 (2.4188e-01)	L_Trg_Inj 2.7348e-01 (5.3501e-01)	Loss Disc 6.9446e-01 (6.8283e-01)	Loss Pred 1.0204e+00 (1.0961e+00)	Loss TOTAL 1.4075e+00 (1.5255e+00)
Epoch 2 complete. Saving model state...
Epoch: [3][ 10/112]	L_Src_Sup 1.0077e-01 (1.3645e-01)	L_Trg_Inj 2.5015e-01 (4.0291e-01)	Loss Disc 6.8446e-01 (6.8385e-01)	Loss Pred 1.0075e+00 (1.0133e+00)	Loss TOTAL 1.3848e+00 (1.4091e+00)
Epoch: [3][ 20/112]	L_Src_Sup 4.0933e-01 (1.5156e-01)	L_Trg_Inj 3.9537e-01 (3.6548e-01)	Loss Disc 6.8298e-01 (6.8485e-01)	Loss Pred 9.9556e-01 (1.0069e+00)	Loss TOTAL 1.4315e+00 (1.4130e+00)
Epoch: [3][ 30/112]	L_Src_Sup 0.0000e+00 (1.4814e-01)	L_Trg_Inj 3.4057e-01 (3.9198e-01)	Loss Disc 6.8562e-01 (6.8488e-01)	Loss Pred 9.8367e-01 (1.0008e+00)	Loss TOTAL 1.3605e+00 (1.4074e+00)
Epoch: [3][ 40/112]	L_Src_Sup 0.0000e+00 (1.6327e-01)	L_Trg_Inj 5.4265e-01 (4.1858e-01)	Loss Disc 6.8037e-01 (6.8423e-01)	Loss Pred 9.7025e-01 (9.9467e-01)	Loss TOTAL 1.3647e+00 (1.4077e+00)
Epoch: [3][ 50/112]	L_Src_Sup 1.8422e-01 (1.7863e-01)	L_Trg_Inj 4.3406e-01 (4.2013e-01)	Loss Disc 6.8798e-01 (6.8462e-01)	Loss Pred 9.5679e-01 (9.8848e-01)	Loss TOTAL 1.3626e+00 (1.4041e+00)
Epoch: [3][ 60/112]	L_Src_Sup 3.6372e-01 (1.9951e-01)	L_Trg_Inj 4.2298e-01 (4.3122e-01)	Loss Disc 6.8660e-01 (6.8450e-01)	Loss Pred 9.4603e-01 (9.8271e-01)	Loss TOTAL 1.3680e+00 (1.4103e+00)
Epoch: [3][ 70/112]	L_Src_Sup 3.6384e-01 (1.9973e-01)	L_Trg_Inj 4.8440e-01 (4.3659e-01)	Loss Disc 6.8339e-01 (6.8423e-01)	Loss Pred 9.3248e-01 (9.7676e-01)	Loss TOTAL 1.3590e+00 (1.4016e+00)
Epoch: [3][ 80/112]	L_Src_Sup 1.2501e-01 (2.0168e-01)	L_Trg_Inj 5.4439e-01 (4.4254e-01)	Loss Disc 6.8161e-01 (6.8422e-01)	Loss Pred 9.2556e-01 (9.7120e-01)	Loss TOTAL 1.3333e+00 (1.3951e+00)
Epoch: [3][ 90/112]	L_Src_Sup 2.0039e-01 (1.9772e-01)	L_Trg_Inj 1.4152e-01 (4.3797e-01)	Loss Disc 6.8338e-01 (6.8429e-01)	Loss Pred 9.1984e-01 (9.6531e-01)	Loss TOTAL 1.3546e+00 (1.3871e+00)
Epoch: [3][100/112]	L_Src_Sup 2.8627e-01 (1.9240e-01)	L_Trg_Inj 4.2421e-01 (4.4005e-01)	Loss Disc 6.8170e-01 (6.8437e-01)	Loss Pred 9.0111e-01 (9.5963e-01)	Loss TOTAL 1.3130e+00 (1.3795e+00)
Epoch: [3][110/112]	L_Src_Sup 5.7276e-01 (1.9856e-01)	L_Trg_Inj 3.5160e-01 (4.3076e-01)	Loss Disc 6.8804e-01 (6.8470e-01)	Loss Pred 8.9023e-01 (9.5394e-01)	Loss TOTAL 1.5479e+00 (1.3761e+00)
Epoch: [3][112/112]	L_Src_Sup 1.3833e-01 (1.9845e-01)	L_Trg_Inj 4.5814e-01 (4.3087e-01)	Loss Disc 6.8507e-01 (6.8472e-01)	Loss Pred 8.9027e-01 (9.5283e-01)	Loss TOTAL 1.2925e+00 (1.3747e+00)
Epoch 3 complete. Saving model state...
Epoch: [4][ 10/112]	L_Src_Sup 5.5376e-01 (4.0777e-01)	L_Trg_Inj 2.7377e-01 (5.0598e-01)	Loss Disc 6.8965e-01 (6.8566e-01)	Loss Pred 8.8983e-01 (8.9144e-01)	Loss TOTAL 1.5974e+00 (1.3934e+00)
Epoch: [4][ 20/112]	L_Src_Sup 0.0000e+00 (3.0055e-01)	L_Trg_Inj 5.5301e-01 (4.9403e-01)	Loss Disc 6.8120e-01 (6.8487e-01)	Loss Pred 8.7140e-01 (8.8435e-01)	Loss TOTAL 1.2673e+00 (1.3460e+00)
Epoch: [4][ 30/112]	L_Src_Sup 0.0000e+00 (2.6550e-01)	L_Trg_Inj 6.3785e-01 (4.9046e-01)	Loss Disc 6.7334e-01 (6.8399e-01)	Loss Pred 8.6962e-01 (8.7857e-01)	Loss TOTAL 1.2701e+00 (1.3227e+00)
Epoch: [4][ 40/112]	L_Src_Sup 1.2549e-01 (2.5229e-01)	L_Trg_Inj 5.9019e-01 (4.8742e-01)	Loss Disc 6.7946e-01 (6.8425e-01)	Loss Pred 8.4980e-01 (8.7278e-01)	Loss TOTAL 1.2611e+00 (1.3135e+00)
Epoch: [4][ 50/112]	L_Src_Sup 1.3341e-01 (2.4730e-01)	L_Trg_Inj 5.0756e-01 (4.8234e-01)	Loss Disc 6.8349e-01 (6.8435e-01)	Loss Pred 8.3760e-01 (8.6683e-01)	Loss TOTAL 1.2434e+00 (1.3021e+00)
Epoch: [4][ 60/112]	L_Src_Sup 3.1154e-01 (2.4851e-01)	L_Trg_Inj 5.3699e-01 (4.8427e-01)	Loss Disc 6.8264e-01 (6.8422e-01)	Loss Pred 8.2328e-01 (8.6199e-01)	Loss TOTAL 1.2494e+00 (1.2966e+00)
Epoch: [4][ 70/112]	L_Src_Sup 2.0665e-01 (2.3043e-01)	L_Trg_Inj 3.6813e-01 (4.8595e-01)	Loss Disc 6.8787e-01 (6.8419e-01)	Loss Pred 8.2374e-01 (8.5622e-01)	Loss TOTAL 1.2252e+00 (1.2865e+00)
Epoch: [4][ 80/112]	L_Src_Sup 1.1240e-01 (2.3929e-01)	L_Trg_Inj 5.2939e-01 (4.8899e-01)	Loss Disc 6.8311e-01 (6.8421e-01)	Loss Pred 8.1731e-01 (8.5105e-01)	Loss TOTAL 1.2230e+00 (1.2854e+00)
Epoch: [4][ 90/112]	L_Src_Sup 2.2268e-01 (2.2862e-01)	L_Trg_Inj 4.6491e-01 (4.9191e-01)	Loss Disc 6.8553e-01 (6.8413e-01)	Loss Pred 8.0826e-01 (8.4584e-01)	Loss TOTAL 1.2198e+00 (1.2772e+00)
Epoch: [4][100/112]	L_Src_Sup 3.4944e-01 (2.2437e-01)	L_Trg_Inj 3.5728e-01 (4.8953e-01)	Loss Disc 6.8893e-01 (6.8421e-01)	Loss Pred 8.1472e-01 (8.4065e-01)	Loss TOTAL 1.2299e+00 (1.2698e+00)
Epoch: [4][110/112]	L_Src_Sup 4.7267e-01 (2.1565e-01)	L_Trg_Inj 4.5331e-01 (4.8389e-01)	Loss Disc 6.8552e-01 (6.8437e-01)	Loss Pred 7.8779e-01 (8.3588e-01)	Loss TOTAL 1.2425e+00 (1.2641e+00)
Epoch: [4][112/112]	L_Src_Sup 1.1779e-01 (2.1529e-01)	L_Trg_Inj 4.7899e-01 (4.8410e-01)	Loss Disc 6.8423e-01 (6.8436e-01)	Loss Pred 7.8626e-01 (8.3515e-01)	Loss TOTAL 1.1881e+00 (1.2630e+00)
Epoch 4 complete. Saving model state...
Epoch: [5][ 10/112]	L_Src_Sup 3.6378e-01 (1.5842e-01)	L_Trg_Inj 5.2518e-01 (5.0089e-01)	Loss Disc 6.7987e-01 (6.8281e-01)	Loss Pred 7.5794e-01 (7.8140e-01)	Loss TOTAL 1.1868e+00 (1.1887e+00)
Epoch: [5][ 20/112]	L_Src_Sup 0.0000e+00 (1.4160e-01)	L_Trg_Inj 4.5890e-01 (4.4653e-01)	Loss Disc 6.8396e-01 (6.8552e-01)	Loss Pred 7.6642e-01 (7.7663e-01)	Loss TOTAL 1.1543e+00 (1.1841e+00)
Epoch: [5][ 30/112]	L_Src_Sup 2.3243e-01 (1.7432e-01)	L_Trg_Inj 4.8831e-01 (4.4951e-01)	Loss Disc 6.8320e-01 (6.8526e-01)	Loss Pred 7.9459e-01 (7.7325e-01)	Loss TOTAL 1.2083e+00 (1.1877e+00)
Epoch: [5][ 40/112]	L_Src_Sup 1.1185e-01 (1.8042e-01)	L_Trg_Inj 4.3639e-01 (4.4052e-01)	Loss Disc 6.8503e-01 (6.8542e-01)	Loss Pred 7.5739e-01 (7.6729e-01)	Loss TOTAL 1.1547e+00 (1.1861e+00)
Epoch: [5][ 50/112]	L_Src_Sup 4.0051e-01 (2.0479e-01)	L_Trg_Inj 4.6120e-01 (4.4714e-01)	Loss Disc 6.8376e-01 (6.8505e-01)	Loss Pred 7.3774e-01 (7.6244e-01)	Loss TOTAL 1.1658e+00 (1.1840e+00)
Epoch: [5][ 60/112]	L_Src_Sup 3.7550e-01 (2.0943e-01)	L_Trg_Inj 3.7124e-01 (4.5948e-01)	Loss Disc 6.8872e-01 (6.8461e-01)	Loss Pred 7.3364e-01 (7.5791e-01)	Loss TOTAL 1.1569e+00 (1.1787e+00)
Epoch: [5][ 70/112]	L_Src_Sup 2.2263e-01 (2.0767e-01)	L_Trg_Inj 5.3068e-01 (4.5973e-01)	Loss Disc 6.8211e-01 (6.8467e-01)	Loss Pred 6.9624e-01 (7.5347e-01)	Loss TOTAL 1.1126e+00 (1.1760e+00)
Epoch: [5][ 80/112]	L_Src_Sup 0.0000e+00 (2.0264e-01)	L_Trg_Inj 3.6637e-01 (4.6548e-01)	Loss Disc 6.8897e-01 (6.8451e-01)	Loss Pred 7.0075e-01 (7.4933e-01)	Loss TOTAL 1.0819e+00 (1.1701e+00)
Epoch: [5][ 90/112]	L_Src_Sup 2.5012e-01 (2.0311e-01)	L_Trg_Inj 3.9175e-01 (4.6906e-01)	Loss Disc 6.8870e-01 (6.8435e-01)	Loss Pred 7.1065e-01 (7.4451e-01)	Loss TOTAL 1.1192e+00 (1.1646e+00)
Epoch: [5][100/112]	L_Src_Sup 5.0064e-01 (2.0000e-01)	L_Trg_Inj 4.8574e-01 (4.7372e-01)	Loss Disc 6.8326e-01 (6.8419e-01)	Loss Pred 6.8458e-01 (7.4053e-01)	Loss TOTAL 1.1398e+00 (1.1598e+00)
Epoch: [5][110/112]	L_Src_Sup 2.1056e-01 (1.9843e-01)	L_Trg_Inj 3.9493e-01 (4.7107e-01)	Loss Disc 6.8769e-01 (6.8433e-01)	Loss Pred 7.1019e-01 (7.3706e-01)	Loss TOTAL 1.1146e+00 (1.1564e+00)
Epoch: [5][112/112]	L_Src_Sup 1.2506e-01 (1.9770e-01)	L_Trg_Inj 4.4054e-01 (4.7066e-01)	Loss Disc 6.8613e-01 (6.8435e-01)	Loss Pred 6.9447e-01 (7.3652e-01)	Loss TOTAL 1.0941e+00 (1.1555e+00)
Epoch 5 complete. Saving model state...
Epoch: [6][ 10/112]	L_Src_Sup 2.1064e-01 (2.1918e-01)	L_Trg_Inj 5.3290e-01 (4.7216e-01)	Loss Disc 6.8273e-01 (6.8507e-01)	Loss Pred 7.0238e-01 (6.9428e-01)	Loss TOTAL 1.1181e+00 (1.1099e+00)
Epoch: [6][ 20/112]	L_Src_Sup 0.0000e+00 (1.5551e-01)	L_Trg_Inj 3.6047e-01 (4.7083e-01)	Loss Disc 6.8578e-01 (6.8468e-01)	Loss Pred 6.4031e-01 (6.8759e-01)	Loss TOTAL 1.0192e+00 (1.0946e+00)
Epoch: [6][ 30/112]	L_Src_Sup 1.1279e-01 (1.6922e-01)	L_Trg_Inj 2.2277e-01 (4.2213e-01)	Loss Disc 6.8739e-01 (6.8653e-01)	Loss Pred 6.8809e-01 (6.8638e-01)	Loss TOTAL 1.0653e+00 (1.1035e+00)
Epoch: [6][ 40/112]	L_Src_Sup 1.0528e-01 (1.8798e-01)	L_Trg_Inj 4.2756e-01 (3.9544e-01)	Loss Disc 6.8525e-01 (6.8669e-01)	Loss Pred 6.8578e-01 (6.8075e-01)	Loss TOTAL 1.0817e+00 (1.1063e+00)
Epoch: [6][ 50/112]	L_Src_Sup 2.3537e-01 (2.0044e-01)	L_Trg_Inj 1.8655e-01 (3.6781e-01)	Loss Disc 6.8753e-01 (6.8674e-01)	Loss Pred 6.6722e-01 (6.7833e-01)	Loss TOTAL 1.1020e+00 (1.1206e+00)
Epoch: [6][ 60/112]	L_Src_Sup 0.0000e+00 (1.9942e-01)	L_Trg_Inj 4.3428e-01 (3.8579e-01)	Loss Disc 6.8675e-01 (6.8643e-01)	Loss Pred 6.6966e-01 (6.7421e-01)	Loss TOTAL 1.0565e+00 (1.1173e+00)
Epoch: [6][ 70/112]	L_Src_Sup 1.6664e-01 (2.0968e-01)	L_Trg_Inj 4.0372e-01 (4.0602e-01)	Loss Disc 6.8847e-01 (6.8594e-01)	Loss Pred 6.2259e-01 (6.7024e-01)	Loss TOTAL 1.0239e+00 (1.1102e+00)
Epoch: [6][ 80/112]	L_Src_Sup 1.4288e-01 (2.0908e-01)	L_Trg_Inj 5.4077e-01 (4.1885e-01)	Loss Disc 6.8244e-01 (6.8567e-01)	Loss Pred 6.2737e-01 (6.6642e-01)	Loss TOTAL 1.0370e+00 (1.1031e+00)
Epoch: [6][ 90/112]	L_Src_Sup 1.1775e-01 (2.1049e-01)	L_Trg_Inj 4.5494e-01 (4.2742e-01)	Loss Disc 6.8576e-01 (6.8552e-01)	Loss Pred 6.3886e-01 (6.6327e-01)	Loss TOTAL 1.0390e+00 (1.0974e+00)
Epoch: [6][100/112]	L_Src_Sup 0.0000e+00 (2.1072e-01)	L_Trg_Inj 3.8389e-01 (4.3087e-01)	Loss Disc 6.8815e-01 (6.8552e-01)	Loss Pred 6.2058e-01 (6.5952e-01)	Loss TOTAL 1.0030e+00 (1.0936e+00)
Epoch: [6][110/112]	L_Src_Sup 2.0002e-01 (2.0865e-01)	L_Trg_Inj 4.8634e-01 (4.3857e-01)	Loss Disc 6.8404e-01 (6.8532e-01)	Loss Pred 6.4568e-01 (6.5601e-01)	Loss TOTAL 1.0563e+00 (1.0881e+00)
Epoch: [6][112/112]	L_Src_Sup 5.0021e-01 (2.1204e-01)	L_Trg_Inj 4.5113e-01 (4.3990e-01)	Loss Disc 6.8577e-01 (6.8528e-01)	Loss Pred 5.9443e-01 (6.5576e-01)	Loss TOTAL 1.0815e+00 (1.0883e+00)
Epoch 6 complete. Saving model state...
Epoch: [7][ 10/112]	L_Src_Sup 2.0002e-01 (2.1810e-01)	L_Trg_Inj 4.4642e-01 (4.9125e-01)	Loss Disc 6.8602e-01 (6.8445e-01)	Loss Pred 6.3949e-01 (6.3041e-01)	Loss TOTAL 1.0471e+00 (1.0459e+00)
Epoch: [7][ 20/112]	L_Src_Sup 1.1761e-01 (1.9044e-01)	L_Trg_Inj 5.4755e-01 (4.9349e-01)	Loss Disc 6.8241e-01 (6.8430e-01)	Loss Pred 6.1454e-01 (6.1987e-01)	Loss TOTAL 1.0223e+00 (1.0316e+00)
Epoch: [7][ 30/112]	L_Src_Sup 1.6667e-01 (1.8167e-01)	L_Trg_Inj 4.4895e-01 (4.8556e-01)	Loss Disc 6.8566e-01 (6.8451e-01)	Loss Pred 5.7583e-01 (6.1642e-01)	Loss TOTAL 9.8022e-01 (1.0262e+00)
Epoch: [7][ 40/112]	L_Src_Sup 2.7327e-01 (1.9542e-01)	L_Trg_Inj 5.3625e-01 (4.6869e-01)	Loss Disc 6.8382e-01 (6.8470e-01)	Loss Pred 5.9025e-01 (6.1133e-01)	Loss TOTAL 1.0131e+00 (1.0314e+00)
Epoch: [7][ 50/112]	L_Src_Sup 2.5003e-01 (2.0056e-01)	L_Trg_Inj 4.6390e-01 (4.8608e-01)	Loss Disc 6.8494e-01 (6.8418e-01)	Loss Pred 6.4693e-01 (6.0809e-01)	Loss TOTAL 1.0608e+00 (1.0290e+00)
Epoch: [7][ 60/112]	L_Src_Sup 1.2500e-01 (1.9686e-01)	L_Trg_Inj 6.0636e-01 (4.9116e-01)	Loss Disc 6.7949e-01 (6.8387e-01)	Loss Pred 5.8589e-01 (6.0368e-01)	Loss TOTAL 9.9877e-01 (1.0238e+00)
Epoch: [7][ 70/112]	L_Src_Sup 1.6670e-01 (2.0690e-01)	L_Trg_Inj 7.1119e-01 (5.0332e-01)	Loss Disc 6.7787e-01 (6.8364e-01)	Loss Pred 5.5188e-01 (5.9882e-01)	Loss TOTAL 9.7861e-01 (1.0199e+00)
Epoch: [7][ 80/112]	L_Src_Sup 3.7500e-01 (2.0267e-01)	L_Trg_Inj 5.6598e-01 (5.1033e-01)	Loss Disc 6.8035e-01 (6.8325e-01)	Loss Pred 5.7591e-01 (5.9811e-01)	Loss TOTAL 1.0102e+00 (1.0183e+00)
Epoch: [7][ 90/112]	L_Src_Sup 0.0000e+00 (2.0084e-01)	L_Trg_Inj 3.8394e-01 (5.0439e-01)	Loss Disc 6.8638e-01 (6.8333e-01)	Loss Pred 5.1848e-01 (5.9398e-01)	Loss TOTAL 9.0007e-01 (1.0126e+00)
Epoch: [7][100/112]	L_Src_Sup 3.3335e-01 (1.9909e-01)	L_Trg_Inj 5.5218e-01 (5.0287e-01)	Loss Disc 6.8156e-01 (6.8331e-01)	Loss Pred 5.7987e-01 (5.9019e-01)	Loss TOTAL 1.0092e+00 (1.0078e+00)
Epoch: [7][110/112]	L_Src_Sup 3.3339e-01 (2.0544e-01)	L_Trg_Inj 4.7596e-01 (4.9839e-01)	Loss Disc 6.8430e-01 (6.8344e-01)	Loss Pred 5.7538e-01 (5.8779e-01)	Loss TOTAL 9.9846e-01 (1.0087e+00)
Epoch: [7][112/112]	L_Src_Sup 1.4287e-01 (2.0424e-01)	L_Trg_Inj 4.7276e-01 (4.9836e-01)	Loss Disc 6.8528e-01 (6.8346e-01)	Loss Pred 5.4391e-01 (5.8708e-01)	Loss TOTAL 9.4812e-01 (1.0077e+00)
Epoch 7 complete. Saving model state...
Epoch: [8][ 10/112]	L_Src_Sup 0.0000e+00 (9.6523e-02)	L_Trg_Inj 3.5807e-01 (4.4113e-01)	Loss Disc 6.8594e-01 (6.8506e-01)	Loss Pred 5.6189e-01 (5.3945e-01)	Loss TOTAL 9.4067e-01 (9.3575e-01)
Epoch: [8][ 20/112]	L_Src_Sup 2.5020e-01 (1.6382e-01)	L_Trg_Inj 5.4427e-01 (4.2240e-01)	Loss Disc 6.8289e-01 (6.8493e-01)	Loss Pred 5.4953e-01 (5.4440e-01)	Loss TOTAL 9.7042e-01 (9.5400e-01)
Epoch: [8][ 30/112]	L_Src_Sup 2.8584e-01 (1.9596e-01)	L_Trg_Inj 5.7331e-01 (4.4577e-01)	Loss Disc 6.8200e-01 (6.8506e-01)	Loss Pred 5.2902e-01 (5.4949e-01)	Loss TOTAL 9.5594e-01 (9.6302e-01)
Epoch: [8][ 40/112]	L_Src_Sup 2.8579e-01 (2.0565e-01)	L_Trg_Inj 3.6375e-01 (4.6538e-01)	Loss Disc 6.9097e-01 (6.8482e-01)	Loss Pred 5.2420e-01 (5.4672e-01)	Loss TOTAL 9.3464e-01 (9.6135e-01)
Epoch: [8][ 50/112]	L_Src_Sup 3.3344e-01 (2.0893e-01)	L_Trg_Inj 6.3102e-01 (4.7355e-01)	Loss Disc 6.7985e-01 (6.8474e-01)	Loss Pred 5.5231e-01 (5.4415e-01)	Loss TOTAL 9.8868e-01 (9.5886e-01)
Epoch: [8][ 60/112]	L_Src_Sup 0.0000e+00 (2.0304e-01)	L_Trg_Inj 4.3916e-01 (4.6787e-01)	Loss Disc 6.8563e-01 (6.8477e-01)	Loss Pred 5.4025e-01 (5.4267e-01)	Loss TOTAL 9.2698e-01 (9.5720e-01)
Epoch: [8][ 70/112]	L_Src_Sup 1.9405e+00 (4.0687e-01)	L_Trg_Inj 1.9544e+00 (6.3100e-01)	Loss Disc 6.8385e-01 (6.8498e-01)	Loss Pred 5.6299e-01 (5.4412e-01)	Loss TOTAL 1.2944e+00 (1.0048e+00)
Epoch: [8][ 80/112]	L_Src_Sup 1.3249e+00 (5.7690e-01)	L_Trg_Inj 1.5032e+00 (7.7914e-01)	Loss Disc 6.7575e-01 (6.8464e-01)	Loss Pred 5.3888e-01 (5.4345e-01)	Loss TOTAL 1.1596e+00 (1.0339e+00)
Epoch: [8][ 90/112]	L_Src_Sup 1.5390e-01 (5.4875e-01)	L_Trg_Inj 5.2295e-01 (7.5556e-01)	Loss Disc 6.8217e-01 (6.8447e-01)	Loss Pred 4.9363e-01 (5.4086e-01)	Loss TOTAL 9.0240e-01 (1.0259e+00)
Epoch: [8][100/112]	L_Src_Sup 1.1114e-01 (5.1650e-01)	L_Trg_Inj 5.0344e-01 (7.2911e-01)	Loss Disc 6.8325e-01 (6.8440e-01)	Loss Pred 5.3085e-01 (5.3852e-01)	Loss TOTAL 9.3393e-01 (1.0165e+00)
Epoch: [8][110/112]	L_Src_Sup 1.2499e-01 (4.8766e-01)	L_Trg_Inj 5.5817e-01 (7.1128e-01)	Loss Disc 6.8182e-01 (6.8426e-01)	Loss Pred 5.0894e-01 (5.3528e-01)	Loss TOTAL 9.1816e-01 (1.0075e+00)
Epoch: [8][112/112]	L_Src_Sup 2.3670e-01 (4.8244e-01)	L_Trg_Inj 5.7634e-01 (7.0825e-01)	Loss Disc 6.8048e-01 (6.8423e-01)	Loss Pred 5.1704e-01 (5.3464e-01)	Loss TOTAL 9.3858e-01 (1.0058e+00)
Epoch 8 complete. Saving model state...
Epoch: [9][ 10/112]	L_Src_Sup 0.0000e+00 (2.0807e-01)	L_Trg_Inj 4.9030e-01 (5.3312e-01)	Loss Disc 6.8429e-01 (6.8277e-01)	Loss Pred 4.5912e-01 (5.1137e-01)	Loss TOTAL 8.5029e-01 (9.2687e-01)
Epoch: [9][ 20/112]	L_Src_Sup 0.0000e+00 (1.8800e-01)	L_Trg_Inj 5.2120e-01 (5.1294e-01)	Loss Disc 6.8313e-01 (6.8354e-01)	Loss Pred 5.1880e-01 (5.0679e-01)	Loss TOTAL 9.1248e-01 (9.1866e-01)
Epoch: [9][ 30/112]	L_Src_Sup 0.0000e+00 (1.8422e-01)	L_Trg_Inj 5.2273e-01 (5.0253e-01)	Loss Disc 6.8355e-01 (6.8398e-01)	Loss Pred 5.6167e-01 (5.0374e-01)	Loss TOTAL 9.5572e-01 (9.1440e-01)
Epoch: [9][ 40/112]	L_Src_Sup 0.0000e+00 (2.0170e-01)	L_Trg_Inj 5.8231e-01 (5.0129e-01)	Loss Disc 6.8068e-01 (6.8397e-01)	Loss Pred 5.2126e-01 (5.0081e-01)	Loss TOTAL 9.1983e-01 (9.1309e-01)
Epoch: [9][ 50/112]	L_Src_Sup 2.2254e-01 (1.9367e-01)	L_Trg_Inj 3.8516e-01 (5.0047e-01)	Loss Disc 6.8835e-01 (6.8394e-01)	Loss Pred 4.2318e-01 (4.9510e-01)	Loss TOTAL 8.2813e-01 (9.0649e-01)
Epoch: [9][ 60/112]	L_Src_Sup 0.0000e+00 (1.9966e-01)	L_Trg_Inj 4.6320e-01 (5.0167e-01)	Loss Disc 6.8508e-01 (6.8388e-01)	Loss Pred 5.5317e-01 (4.9513e-01)	Loss TOTAL 9.4203e-01 (9.0761e-01)
Epoch: [9][ 70/112]	L_Src_Sup 0.0000e+00 (1.8853e-01)	L_Trg_Inj 3.1281e-01 (4.9444e-01)	Loss Disc 6.9028e-01 (6.8409e-01)	Loss Pred 4.6334e-01 (4.9316e-01)	Loss TOTAL 8.3976e-01 (9.0385e-01)
Epoch: [9][ 80/112]	L_Src_Sup 2.3611e-01 (1.9298e-01)	L_Trg_Inj 6.5796e-01 (4.8596e-01)	Loss Disc 6.7781e-01 (6.8416e-01)	Loss Pred 4.8965e-01 (4.9058e-01)	Loss TOTAL 9.1796e-01 (9.0483e-01)
Epoch: [9][ 90/112]	L_Src_Sup 0.0000e+00 (1.9596e-01)	L_Trg_Inj 5.6425e-01 (4.8819e-01)	Loss Disc 6.8143e-01 (6.8410e-01)	Loss Pred 4.8610e-01 (4.9177e-01)	Loss TOTAL 8.8324e-01 (9.0604e-01)
Epoch: [9][100/112]	L_Src_Sup 1.4280e-01 (1.9404e-01)	L_Trg_Inj 4.8222e-01 (4.8973e-01)	Loss Disc 6.8444e-01 (6.8409e-01)	Loss Pred 4.5282e-01 (4.8745e-01)	Loss TOTAL 8.5754e-01 (9.0161e-01)
Epoch: [9][110/112]	L_Src_Sup 1.8337e-01 (1.9663e-01)	L_Trg_Inj 5.5964e-01 (4.9342e-01)	Loss Disc 6.8145e-01 (6.8396e-01)	Loss Pred 4.1928e-01 (4.8705e-01)	Loss TOTAL 8.3431e-01 (9.0215e-01)
Epoch: [9][112/112]	L_Src_Sup 3.6501e-01 (1.9826e-01)	L_Trg_Inj 5.7564e-01 (4.9419e-01)	Loss Disc 6.8036e-01 (6.8393e-01)	Loss Pred 4.1858e-01 (4.8656e-01)	Loss TOTAL 8.5283e-01 (9.0180e-01)
Epoch 9 complete. Saving model state...
Epoch: [10][ 10/112]	L_Src_Sup 0.0000e+00 (1.4521e-01)	L_Trg_Inj 4.9607e-01 (5.1328e-01)	Loss Disc 6.8420e-01 (6.8355e-01)	Loss Pred 4.8658e-01 (4.7865e-01)	Loss TOTAL 8.7828e-01 (8.8628e-01)
Epoch: [10][ 20/112]	L_Src_Sup 1.1108e-01 (2.0506e-01)	L_Trg_Inj 4.4160e-01 (4.9640e-01)	Loss Disc 6.8633e-01 (6.8413e-01)	Loss Pred 4.8362e-01 (4.6436e-01)	Loss TOTAL 8.8205e-01 (8.8314e-01)
Epoch: [10][ 30/112]	L_Src_Sup 0.0000e+00 (1.7991e-01)	L_Trg_Inj 4.2015e-01 (5.0415e-01)	Loss Disc 6.8846e-01 (6.8399e-01)	Loss Pred 4.8079e-01 (4.6437e-01)	Loss TOTAL 8.6703e-01 (8.7915e-01)
Epoch: [10][ 40/112]	L_Src_Sup 1.8192e-01 (1.8427e-01)	L_Trg_Inj 6.3585e-01 (5.0608e-01)	Loss Disc 6.7862e-01 (6.8392e-01)	Loss Pred 5.2016e-01 (4.6078e-01)	Loss TOTAL 9.4125e-01 (8.7506e-01)
Epoch: [10][ 50/112]	L_Src_Sup 2.4987e-01 (1.9652e-01)	L_Trg_Inj 5.5820e-01 (5.0594e-01)	Loss Disc 6.8189e-01 (6.8391e-01)	Loss Pred 4.5401e-01 (4.5695e-01)	Loss TOTAL 8.7577e-01 (8.7308e-01)
Epoch: [10][ 60/112]	L_Src_Sup 1.5406e-01 (1.9241e-01)	L_Trg_Inj 5.2314e-01 (5.0508e-01)	Loss Disc 6.8300e-01 (6.8393e-01)	Loss Pred 4.1932e-01 (4.5978e-01)	Loss TOTAL 8.2854e-01 (8.7476e-01)
Epoch: [10][ 70/112]	L_Src_Sup 0.0000e+00 (1.9065e-01)	L_Trg_Inj 3.6118e-01 (5.0502e-01)	Loss Disc 6.8775e-01 (6.8385e-01)	Loss Pred 4.5981e-01 (4.6131e-01)	Loss TOTAL 8.3980e-01 (8.7561e-01)
Epoch: [10][ 80/112]	L_Src_Sup 1.1132e-01 (1.9643e-01)	L_Trg_Inj 5.9309e-01 (5.0219e-01)	Loss Disc 6.7863e-01 (6.8380e-01)	Loss Pred 4.6771e-01 (4.5618e-01)	Loss TOTAL 8.7746e-01 (8.7561e-01)
Epoch: [10][ 90/112]	L_Src_Sup 0.0000e+00 (1.9056e-01)	L_Trg_Inj 4.3910e-01 (5.0250e-01)	Loss Disc 6.8630e-01 (6.8378e-01)	Loss Pred 4.6523e-01 (4.5438e-01)	Loss TOTAL 8.5229e-01 (8.7239e-01)
Epoch: [10][100/112]	L_Src_Sup 3.6376e-01 (1.9610e-01)	L_Trg_Inj 6.3443e-01 (4.9930e-01)	Loss Disc 6.7982e-01 (6.8390e-01)	Loss Pred 3.8514e-01 (4.5323e-01)	Loss TOTAL 8.2487e-01 (8.7148e-01)
Epoch: [10][110/112]	L_Src_Sup 1.4315e-01 (2.0090e-01)	L_Trg_Inj 4.2584e-01 (4.9797e-01)	Loss Disc 6.8712e-01 (6.8399e-01)	Loss Pred 4.1550e-01 (4.5084e-01)	Loss TOTAL 8.1596e-01 (8.7124e-01)
Epoch: [10][112/112]	L_Src_Sup 1.2479e-01 (1.9842e-01)	L_Trg_Inj 4.0185e-01 (4.9674e-01)	Loss Disc 6.8769e-01 (6.8404e-01)	Loss Pred 4.3744e-01 (4.5060e-01)	Loss TOTAL 8.3395e-01 (8.7051e-01)
Epoch 10 complete. Saving model state...
Epoch: [11][ 10/112]	L_Src_Sup 1.9996e-01 (2.0589e-01)	L_Trg_Inj 3.7938e-01 (4.8625e-01)	Loss Disc 6.8837e-01 (6.8460e-01)	Loss Pred 4.8031e-01 (4.2933e-01)	Loss TOTAL 8.8243e-01 (8.4270e-01)
Epoch: [11][ 20/112]	L_Src_Sup 2.1062e-01 (2.2109e-01)	L_Trg_Inj 3.5214e-01 (4.7697e-01)	Loss Disc 6.8962e-01 (6.8496e-01)	Loss Pred 4.6692e-01 (4.3380e-01)	Loss TOTAL 8.6801e-01 (8.4701e-01)
Epoch: [11][ 30/112]	L_Src_Sup 0.0000e+00 (2.0006e-01)	L_Trg_Inj 9.9799e-02 (4.5848e-01)	Loss Disc 6.8897e-01 (6.8473e-01)	Loss Pred 3.9586e-01 (4.2535e-01)	Loss TOTAL 7.5033e-01 (8.3419e-01)
Epoch: [11][ 40/112]	L_Src_Sup 1.3557e+00 (2.4291e-01)	L_Trg_Inj 1.6072e+00 (4.4038e-01)	Loss Disc 6.7688e-01 (6.8534e-01)	Loss Pred 4.6470e-01 (4.2900e-01)	Loss TOTAL 1.0994e+00 (8.5505e-01)
Epoch: [11][ 50/112]	L_Src_Sup 0.0000e+00 (2.1348e-01)	L_Trg_Inj 4.3348e-01 (4.9249e-01)	Loss Disc 6.8880e-01 (6.8317e-01)	Loss Pred 4.6286e-01 (4.2378e-01)	Loss TOTAL 8.5061e-01 (8.4800e-01)
Epoch: [11][ 60/112]	L_Src_Sup 0.0000e+00 (2.0076e-01)	L_Trg_Inj 5.8706e-01 (5.0333e-01)	Loss Disc 6.8012e-01 (6.8278e-01)	Loss Pred 4.4846e-01 (4.2714e-01)	Loss TOTAL 8.4723e-01 (8.4897e-01)
Epoch: [11][ 70/112]	L_Src_Sup 2.1051e-01 (2.0595e-01)	L_Trg_Inj 4.9688e-01 (5.0464e-01)	Loss Disc 6.8337e-01 (6.8283e-01)	Loss Pred 4.5783e-01 (4.2813e-01)	Loss TOTAL 8.7025e-01 (8.4920e-01)
Epoch: [11][ 80/112]	L_Src_Sup 1.5383e-01 (2.0923e-01)	L_Trg_Inj 5.5013e-01 (5.0014e-01)	Loss Disc 6.8145e-01 (6.8307e-01)	Loss Pred 3.8403e-01 (4.2842e-01)	Loss TOTAL 7.9515e-01 (8.4847e-01)
Epoch: [11][ 90/112]	L_Src_Sup 1.1772e-01 (2.0377e-01)	L_Trg_Inj 4.8844e-01 (4.9942e-01)	Loss Disc 6.8413e-01 (6.8314e-01)	Loss Pred 4.2984e-01 (4.2855e-01)	Loss TOTAL 8.3252e-01 (8.4804e-01)
Epoch: [11][100/112]	L_Src_Sup 3.0766e-01 (2.0722e-01)	L_Trg_Inj 4.5643e-01 (4.9649e-01)	Loss Disc 6.8526e-01 (6.8331e-01)	Loss Pred 3.7915e-01 (4.2530e-01)	Loss TOTAL 7.9818e-01 (8.4465e-01)
Epoch: [11][110/112]	L_Src_Sup 1.2499e-01 (2.0378e-01)	L_Trg_Inj 5.0836e-01 (4.9369e-01)	Loss Disc 6.8310e-01 (6.8345e-01)	Loss Pred 4.1354e-01 (4.2331e-01)	Loss TOTAL 8.1843e-01 (8.4146e-01)
Epoch: [11][112/112]	L_Src_Sup 2.3538e-01 (2.0457e-01)	L_Trg_Inj 3.2209e-01 (4.9189e-01)	Loss Disc 6.9035e-01 (6.8353e-01)	Loss Pred 4.2546e-01 (4.2401e-01)	Loss TOTAL 8.2638e-01 (8.4197e-01)
Epoch 11 complete. Saving model state...
Epoch: [12][ 10/112]	L_Src_Sup 2.5000e-01 (1.7457e-01)	L_Trg_Inj 4.4095e-01 (4.6873e-01)	Loss Disc 6.8583e-01 (6.8386e-01)	Loss Pred 4.1128e-01 (3.9489e-01)	Loss TOTAL 8.2329e-01 (8.1614e-01)
Epoch: [12][ 20/112]	L_Src_Sup 1.3335e-01 (1.7687e-01)	L_Trg_Inj 4.6616e-01 (4.7738e-01)	Loss Disc 6.8411e-01 (6.8384e-01)	Loss Pred 3.9690e-01 (3.9821e-01)	Loss TOTAL 7.9891e-01 (8.1305e-01)
Epoch: [12][ 30/112]	L_Src_Sup 1.3328e-01 (2.1460e-01)	L_Trg_Inj 4.2176e-01 (4.7909e-01)	Loss Disc 6.8670e-01 (6.8384e-01)	Loss Pred 3.9523e-01 (4.0581e-01)	Loss TOTAL 7.9409e-01 (8.2256e-01)
Epoch: [12][ 40/112]	L_Src_Sup 1.6667e-01 (2.1264e-01)	L_Trg_Inj 5.9734e-01 (4.9379e-01)	Loss Disc 6.7848e-01 (6.8335e-01)	Loss Pred 3.5553e-01 (4.0732e-01)	Loss TOTAL 7.7117e-01 (8.2373e-01)
Epoch: [12][ 50/112]	L_Src_Sup 2.8568e-01 (2.0555e-01)	L_Trg_Inj 4.5190e-01 (4.8833e-01)	Loss Disc 6.8266e-01 (6.8345e-01)	Loss Pred 3.7907e-01 (4.0715e-01)	Loss TOTAL 7.9416e-01 (8.2154e-01)
Epoch: [12][ 60/112]	L_Src_Sup 1.4544e-01 (2.0338e-01)	L_Trg_Inj 6.0736e-01 (4.5653e-01)	Loss Disc 6.8654e-01 (6.8404e-01)	Loss Pred 4.2955e-01 (4.0574e-01)	Loss TOTAL 8.4810e-01 (8.2303e-01)
Epoch: [12][ 70/112]	L_Src_Sup 2.6101e-01 (2.1430e-01)	L_Trg_Inj 4.6833e-01 (4.6749e-01)	Loss Disc 6.8519e-01 (6.8363e-01)	Loss Pred 4.9160e-01 (4.0745e-01)	Loss TOTAL 9.0713e-01 (8.2620e-01)
Epoch: [12][ 80/112]	L_Src_Sup 4.6188e-01 (2.2182e-01)	L_Trg_Inj 6.4176e-01 (4.7022e-01)	Loss Disc 6.7813e-01 (6.8365e-01)	Loss Pred 3.6071e-01 (4.0560e-01)	Loss TOTAL 8.1014e-01 (8.2429e-01)
Epoch: [12][ 90/112]	L_Src_Sup 0.0000e+00 (2.1129e-01)	L_Trg_Inj 4.9096e-01 (4.6927e-01)	Loss Disc 6.8326e-01 (6.8378e-01)	Loss Pred 4.1114e-01 (4.0427e-01)	Loss TOTAL 8.0187e-01 (8.2106e-01)
Epoch: [12][100/112]	L_Src_Sup 2.3577e-01 (2.1061e-01)	L_Trg_Inj 5.7478e-01 (4.7065e-01)	Loss Disc 6.7997e-01 (6.8379e-01)	Loss Pred 4.0961e-01 (4.0093e-01)	Loss TOTAL 8.3064e-01 (8.2051e-01)
Epoch: [12][110/112]	L_Src_Sup 1.1110e-01 (2.0889e-01)	L_Trg_Inj 4.0893e-01 (4.7019e-01)	Loss Disc 6.8614e-01 (6.8385e-01)	Loss Pred 4.2161e-01 (4.0189e-01)	Loss TOTAL 8.1668e-01 (8.2041e-01)
Epoch: [12][112/112]	L_Src_Sup 5.8311e-01 (2.1260e-01)	L_Trg_Inj 4.0683e-01 (4.6922e-01)	Loss Disc 6.8519e-01 (6.8388e-01)	Loss Pred 4.0809e-01 (4.0189e-01)	Loss TOTAL 1.0260e+00 (8.2211e-01)
Epoch 12 complete. Saving model state...
Epoch: [13][ 10/112]	L_Src_Sup 2.1085e-01 (1.5403e-01)	L_Trg_Inj 5.0378e-01 (5.3799e-01)	Loss Disc 6.8302e-01 (6.8148e-01)	Loss Pred 4.3359e-01 (4.0075e-01)	Loss TOTAL 8.4656e-01 (8.1070e-01)
Epoch: [13][ 20/112]	L_Src_Sup 2.0058e-01 (1.4963e-01)	L_Trg_Inj 3.3066e-01 (5.0017e-01)	Loss Disc 6.8931e-01 (6.8298e-01)	Loss Pred 4.4597e-01 (4.0079e-01)	Loss TOTAL 8.4375e-01 (8.0727e-01)
Epoch: [13][ 30/112]	L_Src_Sup 4.2139e-01 (1.7638e-01)	L_Trg_Inj 5.4669e-01 (4.9162e-01)	Loss Disc 6.8126e-01 (6.8340e-01)	Loss Pred 4.3147e-01 (3.9859e-01)	Loss TOTAL 8.6891e-01 (8.0848e-01)
Epoch: [13][ 40/112]	L_Src_Sup 0.0000e+00 (1.6252e-01)	L_Trg_Inj 5.7194e-01 (4.9814e-01)	Loss Disc 6.7961e-01 (6.8317e-01)	Loss Pred 2.8093e-01 (3.9955e-01)	Loss TOTAL 6.7793e-01 (8.0824e-01)
Epoch: [13][ 50/112]	L_Src_Sup 0.0000e+00 (1.7700e-01)	L_Trg_Inj 4.9258e-01 (4.9022e-01)	Loss Disc 6.8375e-01 (6.8343e-01)	Loss Pred 2.7895e-01 (3.9472e-01)	Loss TOTAL 6.7008e-01 (8.0870e-01)
Epoch: [13][ 60/112]	L_Src_Sup 1.1110e-01 (1.6932e-01)	L_Trg_Inj 4.1522e-01 (4.9073e-01)	Loss Disc 6.8699e-01 (6.8351e-01)	Loss Pred 4.1474e-01 (3.9127e-01)	Loss TOTAL 8.1087e-01 (8.0365e-01)
Epoch: [13][ 70/112]	L_Src_Sup 3.6353e-01 (1.6478e-01)	L_Trg_Inj 5.2558e-01 (4.9132e-01)	Loss Disc 6.8238e-01 (6.8353e-01)	Loss Pred 4.6919e-01 (3.8882e-01)	Loss TOTAL 8.9930e-01 (8.0014e-01)
Epoch: [13][ 80/112]	L_Src_Sup 2.6702e-01 (1.6834e-01)	L_Trg_Inj 5.1367e-01 (4.8865e-01)	Loss Disc 6.8262e-01 (6.8361e-01)	Loss Pred 3.7095e-01 (3.8891e-01)	Loss TOTAL 7.9034e-01 (8.0001e-01)
Epoch: [13][ 90/112]	L_Src_Sup 2.5085e-01 (1.6946e-01)	L_Trg_Inj 5.7311e-01 (4.8938e-01)	Loss Disc 6.8038e-01 (6.8362e-01)	Loss Pred 3.8377e-01 (3.8637e-01)	Loss TOTAL 8.0636e-01 (7.9727e-01)
Epoch: [13][100/112]	L_Src_Sup 0.0000e+00 (1.7266e-01)	L_Trg_Inj 5.5441e-01 (4.8673e-01)	Loss Disc 6.8190e-01 (6.8370e-01)	Loss Pred 3.8269e-01 (3.8591e-01)	Loss TOTAL 7.7908e-01 (7.9673e-01)
Epoch: [13][110/112]	L_Src_Sup 2.2324e-01 (1.7750e-01)	L_Trg_Inj 3.9603e-01 (4.8665e-01)	Loss Disc 6.8794e-01 (6.8371e-01)	Loss Pred 4.1007e-01 (3.8492e-01)	Loss TOTAL 8.1597e-01 (7.9599e-01)
Epoch: [13][112/112]	L_Src_Sup 2.3517e-01 (1.7822e-01)	L_Trg_Inj 4.1132e-01 (4.8575e-01)	Loss Disc 6.8698e-01 (6.8375e-01)	Loss Pred 3.9569e-01 (3.8549e-01)	Loss TOTAL 8.0383e-01 (7.9652e-01)
Epoch 13 complete. Saving model state...
Epoch: [14][ 10/112]	L_Src_Sup 2.6692e-01 (2.0220e-01)	L_Trg_Inj 5.0361e-01 (5.1569e-01)	Loss Disc 6.8178e-01 (6.8255e-01)	Loss Pred 3.6619e-01 (3.6382e-01)	Loss TOTAL 7.8414e-01 (7.7689e-01)
Epoch: [14][ 20/112]	L_Src_Sup 2.8572e-01 (2.1902e-01)	L_Trg_Inj 3.8325e-01 (4.1426e-01)	Loss Disc 6.8198e-01 (6.8433e-01)	Loss Pred 3.5090e-01 (3.7265e-01)	Loss TOTAL 7.5879e-01 (8.1480e-01)
Epoch: [14][ 30/112]	L_Src_Sup 2.0689e-01 (1.9196e-01)	L_Trg_Inj 1.9109e-01 (3.5272e-01)	Loss Disc 6.9148e-01 (6.8623e-01)	Loss Pred 5.6644e-01 (3.8255e-01)	Loss TOTAL 9.6778e-01 (8.1391e-01)
Epoch: [14][ 40/112]	L_Src_Sup 4.0002e-01 (2.0349e-01)	L_Trg_Inj 2.9043e-01 (3.2255e-01)	Loss Disc 6.9102e-01 (6.8733e-01)	Loss Pred 3.6371e-01 (3.8517e-01)	Loss TOTAL 8.8785e-01 (8.2587e-01)
Epoch: [14][ 50/112]	L_Src_Sup 2.2228e-01 (2.0916e-01)	L_Trg_Inj 2.3152e-01 (3.1035e-01)	Loss Disc 6.9104e-01 (6.8805e-01)	Loss Pred 4.0651e-01 (3.8341e-01)	Loss TOTAL 7.9741e-01 (8.2320e-01)
Epoch: [14][ 60/112]	L_Src_Sup 4.6146e-01 (2.0719e-01)	L_Trg_Inj 4.2911e-01 (3.0730e-01)	Loss Disc 6.8743e-01 (6.8837e-01)	Loss Pred 3.3235e-01 (3.7962e-01)	Loss TOTAL 7.9747e-01 (8.1614e-01)
Epoch: [14][ 70/112]	L_Src_Sup 1.9052e-01 (2.1155e-01)	L_Trg_Inj 4.5230e-01 (3.3784e-01)	Loss Disc 6.8612e-01 (6.8778e-01)	Loss Pred 4.4920e-01 (3.7805e-01)	Loss TOTAL 8.5654e-01 (8.1297e-01)
Epoch: [14][ 80/112]	L_Src_Sup 2.6667e-01 (2.0897e-01)	L_Trg_Inj 4.2032e-01 (3.6022e-01)	Loss Disc 6.8786e-01 (6.8730e-01)	Loss Pred 3.5986e-01 (3.7768e-01)	Loss TOTAL 7.7249e-01 (8.0982e-01)
Epoch: [14][ 90/112]	L_Src_Sup 3.0786e-01 (2.1849e-01)	L_Trg_Inj 4.6617e-01 (3.7383e-01)	Loss Disc 6.8563e-01 (6.8706e-01)	Loss Pred 3.2920e-01 (3.7680e-01)	Loss TOTAL 7.4942e-01 (8.0793e-01)
Epoch: [14][100/112]	L_Src_Sup 2.0007e-01 (2.1528e-01)	L_Trg_Inj 4.9745e-01 (3.8387e-01)	Loss Disc 6.8448e-01 (6.8690e-01)	Loss Pred 2.8337e-01 (3.7558e-01)	Loss TOTAL 6.9536e-01 (8.0615e-01)
Epoch: [14][110/112]	L_Src_Sup 3.0000e-01 (2.0666e-01)	L_Trg_Inj 4.0292e-01 (3.9275e-01)	Loss Disc 6.8782e-01 (6.8676e-01)	Loss Pred 4.3280e-01 (3.7643e-01)	Loss TOTAL 8.4700e-01 (8.0447e-01)
Epoch: [14][112/112]	L_Src_Sup 0.0000e+00 (2.0572e-01)	L_Trg_Inj 4.6579e-01 (3.9460e-01)	Loss Disc 6.8564e-01 (6.8672e-01)	Loss Pred 2.6699e-01 (3.7501e-01)	Loss TOTAL 6.5639e-01 (8.0269e-01)
Epoch 14 complete. Saving model state...
Epoch: [15][ 10/112]	L_Src_Sup 0.0000e+00 (2.2479e-01)	L_Trg_Inj 5.8437e-01 (5.1070e-01)	Loss Disc 6.8089e-01 (6.8409e-01)	Loss Pred 3.5650e-01 (3.4330e-01)	Loss TOTAL 7.5539e-01 (7.5889e-01)
Epoch: [15][ 20/112]	L_Src_Sup 9.5293e-02 (1.6182e-01)	L_Trg_Inj 4.4938e-01 (4.9656e-01)	Loss Disc 6.8563e-01 (6.8439e-01)	Loss Pred 4.4721e-01 (3.5429e-01)	Loss TOTAL 8.4449e-01 (7.6232e-01)
Epoch: [15][ 30/112]	L_Src_Sup 3.6390e-01 (1.9801e-01)	L_Trg_Inj 5.0748e-01 (4.9533e-01)	Loss Disc 6.8286e-01 (6.8386e-01)	Loss Pred 2.9439e-01 (3.6948e-01)	Loss TOTAL 7.2296e-01 (7.8530e-01)
Epoch: [15][ 40/112]	L_Src_Sup 0.0000e+00 (1.8617e-01)	L_Trg_Inj 4.9041e-01 (4.9557e-01)	Loss Disc 6.8447e-01 (6.8395e-01)	Loss Pred 3.0889e-01 (3.7889e-01)	Loss TOTAL 7.0017e-01 (7.9245e-01)
Epoch: [15][ 50/112]	L_Src_Sup 3.7535e-01 (2.0667e-01)	L_Trg_Inj 4.3003e-01 (4.9187e-01)	Loss Disc 6.8685e-01 (6.8415e-01)	Loss Pred 3.6965e-01 (3.7955e-01)	Loss TOTAL 7.9362e-01 (7.9453e-01)
Epoch: [15][ 60/112]	L_Src_Sup 0.0000e+00 (1.9716e-01)	L_Trg_Inj 4.1357e-01 (4.9295e-01)	Loss Disc 6.8775e-01 (6.8417e-01)	Loss Pred 2.6102e-01 (3.7657e-01)	Loss TOTAL 6.4626e-01 (7.9323e-01)
Epoch: [15][ 70/112]	L_Src_Sup 0.0000e+00 (1.9569e-01)	L_Trg_Inj 4.9139e-01 (4.9313e-01)	Loss Disc 6.8441e-01 (6.8419e-01)	Loss Pred 3.9962e-01 (3.7325e-01)	Loss TOTAL 7.9096e-01 (7.8916e-01)
Epoch: [15][ 80/112]	L_Src_Sup 1.0535e-01 (1.9848e-01)	L_Trg_Inj 4.4244e-01 (4.9094e-01)	Loss Disc 6.8608e-01 (6.8428e-01)	Loss Pred 4.1482e-01 (3.6990e-01)	Loss TOTAL 8.1264e-01 (7.8530e-01)
Epoch: [15][ 90/112]	L_Src_Sup 0.0000e+00 (1.9354e-01)	L_Trg_Inj 5.1383e-01 (4.8851e-01)	Loss Disc 6.8353e-01 (6.8432e-01)	Loss Pred 3.5192e-01 (3.6949e-01)	Loss TOTAL 7.4507e-01 (7.8376e-01)
Epoch: [15][100/112]	L_Src_Sup 0.0000e+00 (1.9172e-01)	L_Trg_Inj 5.0963e-01 (4.9246e-01)	Loss Disc 6.8383e-01 (6.8414e-01)	Loss Pred 3.8276e-01 (3.6660e-01)	Loss TOTAL 7.7563e-01 (7.8174e-01)
Epoch: [15][110/112]	L_Src_Sup 3.0820e-01 (1.9180e-01)	L_Trg_Inj 5.2900e-01 (4.9360e-01)	Loss Disc 6.8236e-01 (6.8408e-01)	Loss Pred 3.1922e-01 (3.6733e-01)	Loss TOTAL 7.4412e-01 (7.8215e-01)
Epoch: [15][112/112]	L_Src_Sup 1.2508e-01 (1.8949e-01)	L_Trg_Inj 3.5530e-01 (4.9156e-01)	Loss Disc 6.8881e-01 (6.8415e-01)	Loss Pred 3.6658e-01 (3.6704e-01)	Loss TOTAL 7.5903e-01 (7.8138e-01)
Epoch 15 complete. Saving model state...
Epoch: [16][ 10/112]	L_Src_Sup 1.6589e-01 (1.3556e-01)	L_Trg_Inj 1.1804e-01 (3.8381e-01)	Loss Disc 6.9032e-01 (6.8521e-01)	Loss Pred 3.1900e-01 (3.6640e-01)	Loss TOTAL 7.4039e-01 (7.6572e-01)
Epoch: [16][ 20/112]	L_Src_Sup 4.1125e-01 (2.5624e-01)	L_Trg_Inj 4.7300e-01 (4.3322e-01)	Loss Disc 6.8728e-01 (6.8718e-01)	Loss Pred 5.0928e-01 (3.6846e-01)	Loss TOTAL 9.4134e-01 (8.3510e-01)
Epoch: [16][ 30/112]	L_Src_Sup 1.5387e-01 (2.5560e-01)	L_Trg_Inj 4.6960e-01 (4.5286e-01)	Loss Disc 6.8508e-01 (6.8630e-01)	Loss Pred 3.1827e-01 (3.6985e-01)	Loss TOTAL 7.2316e-01 (8.2704e-01)
Epoch: [16][ 40/112]	L_Src_Sup 4.0014e-01 (2.5642e-01)	L_Trg_Inj 4.9759e-01 (4.6057e-01)	Loss Disc 6.8239e-01 (6.8554e-01)	Loss Pred 4.2940e-01 (3.6961e-01)	Loss TOTAL 8.6037e-01 (8.1742e-01)
Epoch: [16][ 50/112]	L_Src_Sup 5.3389e-01 (2.4041e-01)	L_Trg_Inj 3.7292e-01 (4.6590e-01)	Loss Disc 6.8891e-01 (6.8499e-01)	Loss Pred 3.4885e-01 (3.6648e-01)	Loss TOTAL 9.4496e-01 (8.0950e-01)
Epoch: [16][ 60/112]	L_Src_Sup 1.8210e-01 (2.3825e-01)	L_Trg_Inj 5.3497e-01 (4.7356e-01)	Loss Disc 6.8264e-01 (6.8466e-01)	Loss Pred 2.8400e-01 (3.6942e-01)	Loss TOTAL 6.9703e-01 (8.0785e-01)
Epoch: [16][ 70/112]	L_Src_Sup 0.0000e+00 (2.4173e-01)	L_Trg_Inj 5.4776e-01 (4.7511e-01)	Loss Disc 6.8327e-01 (6.8475e-01)	Loss Pred 4.1290e-01 (3.6802e-01)	Loss TOTAL 8.0931e-01 (8.0855e-01)
Epoch: [16][ 80/112]	L_Src_Sup 2.1067e-01 (2.4332e-01)	L_Trg_Inj 5.2799e-01 (4.7957e-01)	Loss Disc 6.8391e-01 (6.8474e-01)	Loss Pred 4.1274e-01 (3.6875e-01)	Loss TOTAL 8.2856e-01 (8.0656e-01)
Epoch: [16][ 90/112]	L_Src_Sup 0.0000e+00 (2.4448e-01)	L_Trg_Inj 4.4963e-01 (4.8416e-01)	Loss Disc 6.8677e-01 (6.8471e-01)	Loss Pred 3.4715e-01 (3.6420e-01)	Loss TOTAL 7.3550e-01 (8.0183e-01)
Epoch: [16][100/112]	L_Src_Sup 2.3568e-01 (2.4385e-01)	L_Trg_Inj 5.1082e-01 (4.8677e-01)	Loss Disc 6.8402e-01 (6.8470e-01)	Loss Pred 3.7953e-01 (3.6395e-01)	Loss TOTAL 7.9619e-01 (8.0090e-01)
Epoch: [16][110/112]	L_Src_Sup 5.0189e-01 (2.3987e-01)	L_Trg_Inj 4.6230e-01 (4.9009e-01)	Loss Disc 6.8500e-01 (6.8457e-01)	Loss Pred 3.6287e-01 (3.6312e-01)	Loss TOTAL 8.4137e-01 (7.9834e-01)
Epoch: [16][112/112]	L_Src_Sup 1.5399e-01 (2.3934e-01)	L_Trg_Inj 4.3306e-01 (4.8837e-01)	Loss Disc 6.8543e-01 (6.8461e-01)	Loss Pred 3.1342e-01 (3.6252e-01)	Loss TOTAL 7.1484e-01 (7.9719e-01)
Epoch 16 complete. Saving model state...
Epoch: [17][ 10/112]	L_Src_Sup 1.4294e-01 (8.2060e-02)	L_Trg_Inj 4.7197e-01 (4.7143e-01)	Loss Disc 6.8416e-01 (6.8467e-01)	Loss Pred 3.2948e-01 (3.6096e-01)	Loss TOTAL 7.3305e-01 (7.5864e-01)
Epoch: [17][ 20/112]	L_Src_Sup 1.3372e-01 (1.2294e-01)	L_Trg_Inj 4.0890e-01 (4.7392e-01)	Loss Disc 6.8679e-01 (6.8436e-01)	Loss Pred 3.4575e-01 (3.5834e-01)	Loss TOTAL 7.4340e-01 (7.6021e-01)
Epoch: [17][ 30/112]	L_Src_Sup 0.0000e+00 (1.4191e-01)	L_Trg_Inj 5.1886e-01 (4.6355e-01)	Loss Disc 6.8490e-01 (6.8408e-01)	Loss Pred 2.9580e-01 (3.5747e-01)	Loss TOTAL 6.9013e-01 (7.7260e-01)
Epoch: [17][ 40/112]	L_Src_Sup 1.1134e-01 (1.4921e-01)	L_Trg_Inj 5.3768e-01 (4.7376e-01)	Loss Disc 6.8346e-01 (6.8416e-01)	Loss Pred 3.9443e-01 (3.6599e-01)	Loss TOTAL 8.0106e-01 (7.7977e-01)
Epoch: [17][ 50/112]	L_Src_Sup 4.4514e-01 (1.7250e-01)	L_Trg_Inj 4.4940e-01 (4.7689e-01)	Loss Disc 6.8555e-01 (6.8413e-01)	Loss Pred 3.9354e-01 (3.6727e-01)	Loss TOTAL 8.2578e-01 (7.8183e-01)
Epoch: [17][ 60/112]	L_Src_Sup 0.0000e+00 (1.6382e-01)	L_Trg_Inj 5.7267e-01 (4.7795e-01)	Loss Disc 6.8232e-01 (6.8427e-01)	Loss Pred 2.7742e-01 (3.6142e-01)	Loss TOTAL 6.7585e-01 (7.7499e-01)
Epoch: [17][ 70/112]	L_Src_Sup 0.0000e+00 (1.6489e-01)	L_Trg_Inj 5.1096e-01 (4.8235e-01)	Loss Disc 6.8320e-01 (6.8423e-01)	Loss Pred 2.7563e-01 (3.5963e-01)	Loss TOTAL 6.6832e-01 (7.7269e-01)
Epoch: [17][ 80/112]	L_Src_Sup 1.6995e-01 (1.6502e-01)	L_Trg_Inj 3.5588e-01 (4.8425e-01)	Loss Disc 6.8878e-01 (6.8418e-01)	Loss Pred 2.9000e-01 (3.5597e-01)	Loss TOTAL 6.8697e-01 (7.6867e-01)
Epoch: [17][ 90/112]	L_Src_Sup 6.0482e-01 (1.7513e-01)	L_Trg_Inj 4.2162e-01 (4.8551e-01)	Loss Disc 6.8669e-01 (6.8417e-01)	Loss Pred 2.5332e-01 (3.5327e-01)	Loss TOTAL 8.8251e-01 (7.6851e-01)
Epoch: [17][100/112]	L_Src_Sup 1.1159e-01 (1.8488e-01)	L_Trg_Inj 5.4284e-01 (4.8642e-01)	Loss Disc 6.8195e-01 (6.8413e-01)	Loss Pred 3.7403e-01 (3.5465e-01)	Loss TOTAL 7.8045e-01 (7.7148e-01)
Epoch: [17][110/112]	L_Src_Sup 9.5880e-02 (1.8789e-01)	L_Trg_Inj 4.4639e-01 (4.8969e-01)	Loss Disc 6.8681e-01 (6.8394e-01)	Loss Pred 4.1081e-01 (3.5398e-01)	Loss TOTAL 8.0844e-01 (7.7064e-01)
Epoch: [17][112/112]	L_Src_Sup 1.8439e-01 (1.9045e-01)	L_Trg_Inj 4.6662e-01 (4.8992e-01)	Loss Disc 6.7874e-01 (6.8387e-01)	Loss Pred 2.5749e-01 (3.5362e-01)	Loss TOTAL 6.6196e-01 (7.7039e-01)
Epoch 17 complete. Saving model state...
Epoch: [18][ 10/112]	L_Src_Sup 1.8229e-01 (2.5148e-01)	L_Trg_Inj 5.3959e-01 (4.7138e-01)	Loss Disc 6.7930e-01 (6.8155e-01)	Loss Pred 2.5938e-01 (3.2625e-01)	Loss TOTAL 6.7122e-01 (7.7106e-01)
Epoch: [18][ 20/112]	L_Src_Sup 2.5016e-01 (2.7041e-01)	L_Trg_Inj 5.5997e-01 (4.7272e-01)	Loss Disc 6.8617e-01 (6.8158e-01)	Loss Pred 4.4739e-01 (3.3139e-01)	Loss TOTAL 8.7149e-01 (7.8354e-01)
Epoch: [18][ 30/112]	L_Src_Sup 1.2476e-01 (2.3846e-01)	L_Trg_Inj 4.6434e-01 (4.9207e-01)	Loss Disc 6.8678e-01 (6.8112e-01)	Loss Pred 3.2373e-01 (3.2320e-01)	Loss TOTAL 7.2603e-01 (7.6151e-01)
Epoch: [18][ 40/112]	L_Src_Sup 0.0000e+00 (2.1022e-01)	L_Trg_Inj 5.0128e-01 (5.0270e-01)	Loss Disc 6.7837e-01 (6.8101e-01)	Loss Pred 2.9168e-01 (3.2155e-01)	Loss TOTAL 6.8099e-01 (7.5188e-01)
Epoch: [18][ 50/112]	L_Src_Sup 1.0602e-01 (1.9986e-01)	L_Trg_Inj 5.2675e-01 (5.1733e-01)	Loss Disc 6.8944e-01 (6.8099e-01)	Loss Pred 3.6805e-01 (3.1897e-01)	Loss TOTAL 7.7604e-01 (7.4731e-01)
Epoch: [18][ 60/112]	L_Src_Sup 3.6380e-01 (1.9026e-01)	L_Trg_Inj 4.0352e-01 (5.0734e-01)	Loss Disc 6.9076e-01 (6.8162e-01)	Loss Pred 4.0793e-01 (3.2292e-01)	Loss TOTAL 8.3004e-01 (7.4820e-01)
Epoch: [18][ 70/112]	L_Src_Sup 2.2240e-01 (1.9690e-01)	L_Trg_Inj 3.7076e-01 (5.0395e-01)	Loss Disc 6.8478e-01 (6.8178e-01)	Loss Pred 2.1516e-01 (3.2206e-01)	Loss TOTAL 6.1687e-01 (7.4564e-01)
Epoch: [18][ 80/112]	L_Src_Sup 1.1711e-01 (2.0054e-01)	L_Trg_Inj 5.4050e-01 (5.0254e-01)	Loss Disc 6.8050e-01 (6.8195e-01)	Loss Pred 3.3102e-01 (3.1961e-01)	Loss TOTAL 7.3704e-01 (7.4690e-01)
Epoch: [18][ 90/112]	L_Src_Sup 2.2754e-01 (2.0103e-01)	L_Trg_Inj 4.7593e-01 (5.0067e-01)	Loss Disc 6.7765e-01 (6.8202e-01)	Loss Pred 2.1398e-01 (3.1873e-01)	Loss TOTAL 6.2315e-01 (7.4601e-01)
Epoch: [18][100/112]	L_Src_Sup 3.4876e-01 (2.0033e-01)	L_Trg_Inj 4.7352e-01 (4.9789e-01)	Loss Disc 6.8900e-01 (6.8217e-01)	Loss Pred 4.1737e-01 (3.1854e-01)	Loss TOTAL 8.4409e-01 (7.4394e-01)
Epoch: [18][110/112]	L_Src_Sup 1.2555e-01 (2.0565e-01)	L_Trg_Inj 4.5743e-01 (4.9753e-01)	Loss Disc 6.8524e-01 (6.8221e-01)	Loss Pred 3.1472e-01 (3.1916e-01)	Loss TOTAL 7.1564e-01 (7.4540e-01)
Epoch: [18][112/112]	L_Src_Sup 3.3387e-01 (2.0623e-01)	L_Trg_Inj 4.8739e-01 (4.9803e-01)	Loss Disc 6.8178e-01 (6.8222e-01)	Loss Pred 3.4358e-01 (3.1908e-01)	Loss TOTAL 7.6659e-01 (7.4517e-01)
Epoch 18 complete. Saving model state...
Epoch: [19][ 10/112]	L_Src_Sup 1.5263e-01 (2.1732e-01)	L_Trg_Inj 4.2542e-01 (4.7549e-01)	Loss Disc 6.8599e-01 (6.8293e-01)	Loss Pred 2.7028e-01 (2.9968e-01)	Loss TOTAL 6.7108e-01 (7.1043e-01)
Epoch: [19][ 20/112]	L_Src_Sup 2.5050e-01 (1.8073e-01)	L_Trg_Inj 6.4631e-01 (4.8566e-01)	Loss Disc 6.7848e-01 (6.8373e-01)	Loss Pred 3.1362e-01 (3.2146e-01)	Loss TOTAL 7.4255e-01 (7.3204e-01)
Epoch: [19][ 30/112]	L_Src_Sup 5.6213e-02 (1.5245e-01)	L_Trg_Inj 5.8063e-01 (4.8840e-01)	Loss Disc 6.8579e-01 (6.8300e-01)	Loss Pred 3.7184e-01 (3.0858e-01)	Loss TOTAL 7.7842e-01 (7.1555e-01)
Epoch: [19][ 40/112]	L_Src_Sup 1.1326e-01 (1.7227e-01)	L_Trg_Inj 6.0383e-01 (4.9449e-01)	Loss Disc 6.7949e-01 (6.8326e-01)	Loss Pred 3.4575e-01 (3.1358e-01)	Loss TOTAL 7.5721e-01 (7.2376e-01)
Epoch: [19][ 50/112]	L_Src_Sup 0.0000e+00 (1.7422e-01)	L_Trg_Inj 5.2316e-01 (5.0135e-01)	Loss Disc 6.8313e-01 (6.8272e-01)	Loss Pred 2.9896e-01 (3.1257e-01)	Loss TOTAL 6.9284e-01 (7.2632e-01)
Epoch: [19][ 60/112]	L_Src_Sup 4.9057e-01 (1.8489e-01)	L_Trg_Inj 4.9278e-01 (4.9844e-01)	Loss Disc 6.8621e-01 (6.8266e-01)	Loss Pred 3.1313e-01 (3.0924e-01)	Loss TOTAL 7.5457e-01 (7.2528e-01)
Epoch: [19][ 70/112]	L_Src_Sup 1.3274e-01 (1.8871e-01)	L_Trg_Inj 5.5589e-01 (4.9450e-01)	Loss Disc 6.7968e-01 (6.8279e-01)	Loss Pred 2.9758e-01 (3.0823e-01)	Loss TOTAL 7.0628e-01 (7.2519e-01)
Epoch: [19][ 80/112]	L_Src_Sup 1.5876e-01 (1.8373e-01)	L_Trg_Inj 5.2304e-01 (4.9448e-01)	Loss Disc 6.8720e-01 (6.8290e-01)	Loss Pred 4.4448e-01 (3.0984e-01)	Loss TOTAL 8.5627e-01 (7.2545e-01)
Epoch: [19][ 90/112]	L_Src_Sup 3.3537e-01 (1.9478e-01)	L_Trg_Inj 4.9824e-01 (4.9325e-01)	Loss Disc 6.8136e-01 (6.8289e-01)	Loss Pred 3.5772e-01 (3.1037e-01)	Loss TOTAL 7.8176e-01 (7.3118e-01)
Epoch: [19][100/112]	L_Src_Sup 0.0000e+00 (1.8533e-01)	L_Trg_Inj 3.8007e-01 (4.9237e-01)	Loss Disc 6.8781e-01 (6.8305e-01)	Loss Pred 3.4114e-01 (3.1217e-01)	Loss TOTAL 7.2305e-01 (7.3097e-01)
Epoch: [19][110/112]	L_Src_Sup 8.8705e-02 (1.9158e-01)	L_Trg_Inj 4.4817e-01 (4.9200e-01)	Loss Disc 6.8451e-01 (6.8291e-01)	Loss Pred 3.9950e-01 (3.1106e-01)	Loss TOTAL 7.9544e-01 (7.3162e-01)
Epoch: [19][112/112]	L_Src_Sup 0.0000e+00 (1.9128e-01)	L_Trg_Inj 4.6316e-01 (4.9193e-01)	Loss Disc 6.8503e-01 (6.8297e-01)	Loss Pred 2.5241e-01 (3.1067e-01)	Loss TOTAL 6.4124e-01 (7.3103e-01)
Epoch 19 complete. Saving model state...
Epoch: [20][ 10/112]	L_Src_Sup 0.0000e+00 (1.6572e-01)	L_Trg_Inj 5.5569e-01 (5.2247e-01)	Loss Disc 6.8232e-01 (6.8267e-01)	Loss Pred 3.1111e-01 (3.2911e-01)	Loss TOTAL 7.0784e-01 (7.4066e-01)
Epoch: [20][ 20/112]	L_Src_Sup 0.0000e+00 (1.7294e-01)	L_Trg_Inj 4.9026e-01 (5.1776e-01)	Loss Disc 6.8112e-01 (6.8208e-01)	Loss Pred 3.1095e-01 (3.1348e-01)	Loss TOTAL 7.0054e-01 (7.2788e-01)
Epoch: [20][ 30/112]	L_Src_Sup 1.8789e-01 (1.6543e-01)	L_Trg_Inj 3.6012e-01 (4.9080e-01)	Loss Disc 6.8518e-01 (6.8289e-01)	Loss Pred 2.2256e-01 (3.0967e-01)	Loss TOTAL 6.1995e-01 (7.1960e-01)
Epoch: [20][ 40/112]	L_Src_Sup 3.2372e-01 (1.5676e-01)	L_Trg_Inj 4.3178e-01 (4.7072e-01)	Loss Disc 6.7976e-01 (6.8286e-01)	Loss Pred 2.5178e-01 (3.0999e-01)	Loss TOTAL 6.6720e-01 (7.1829e-01)
Epoch: [20][ 50/112]	L_Src_Sup 7.0362e-01 (1.8609e-01)	L_Trg_Inj 1.3208e+00 (4.5859e-01)	Loss Disc 6.7766e-01 (6.8264e-01)	Loss Pred 2.3790e-01 (3.0835e-01)	Loss TOTAL 7.7917e-01 (7.2891e-01)
Epoch: [20][ 60/112]	L_Src_Sup 2.0029e-01 (1.9286e-01)	L_Trg_Inj 4.9726e-01 (4.6475e-01)	Loss Disc 6.8690e-01 (6.8264e-01)	Loss Pred 4.0191e-01 (3.0701e-01)	Loss TOTAL 8.1511e-01 (7.2640e-01)
Epoch: [20][ 70/112]	L_Src_Sup 0.0000e+00 (1.9910e-01)	L_Trg_Inj 6.2135e-01 (4.7498e-01)	Loss Disc 6.7768e-01 (6.8245e-01)	Loss Pred 3.1170e-01 (3.0663e-01)	Loss TOTAL 7.1268e-01 (7.2581e-01)
Epoch: [20][ 80/112]	L_Src_Sup 2.9678e-01 (2.1416e-01)	L_Trg_Inj 4.7990e-01 (4.7701e-01)	Loss Disc 6.8548e-01 (6.8252e-01)	Loss Pred 3.7049e-01 (3.0701e-01)	Loss TOTAL 7.9090e-01 (7.2796e-01)
Epoch: [20][ 90/112]	L_Src_Sup 4.2642e-01 (2.1115e-01)	L_Trg_Inj 5.6267e-01 (4.8253e-01)	Loss Disc 6.7816e-01 (6.8245e-01)	Loss Pred 2.8058e-01 (3.0625e-01)	Loss TOTAL 7.1857e-01 (7.2624e-01)
Epoch: [20][100/112]	L_Src_Sup 1.3232e-01 (2.0764e-01)	L_Trg_Inj 3.4114e-01 (4.8040e-01)	Loss Disc 6.8501e-01 (6.8254e-01)	Loss Pred 2.9559e-01 (3.0725e-01)	Loss TOTAL 6.8545e-01 (7.2578e-01)
Epoch: [20][110/112]	L_Src_Sup 0.0000e+00 (2.0365e-01)	L_Trg_Inj 4.6725e-01 (4.6562e-01)	Loss Disc 6.9046e-01 (6.8292e-01)	Loss Pred 3.9969e-01 (3.0882e-01)	Loss TOTAL 7.9165e-01 (7.2920e-01)
Epoch: [20][112/112]	L_Src_Sup 4.1396e-01 (2.0588e-01)	L_Trg_Inj 5.4935e-01 (4.6612e-01)	Loss Disc 6.8239e-01 (6.8294e-01)	Loss Pred 3.5444e-01 (3.0924e-01)	Loss TOTAL 7.9196e-01 (7.2969e-01)
Epoch 20 complete. Saving model state...
Epoch: [21][ 10/112]	L_Src_Sup 4.3407e-01 (2.5585e-01)	L_Trg_Inj 4.5056e-01 (5.2171e-01)	Loss Disc 6.8427e-01 (6.8202e-01)	Loss Pred 2.3588e-01 (3.0254e-01)	Loss TOTAL 6.6648e-01 (7.2632e-01)
Epoch: [21][ 20/112]	L_Src_Sup 0.0000e+00 (1.8099e-01)	L_Trg_Inj 5.9150e-01 (5.0382e-01)	Loss Disc 6.7821e-01 (6.8273e-01)	Loss Pred 3.5356e-01 (3.1198e-01)	Loss TOTAL 7.5181e-01 (7.2434e-01)
Epoch: [21][ 30/112]	L_Src_Sup 3.0448e-01 (2.0197e-01)	L_Trg_Inj 6.4708e-01 (5.0765e-01)	Loss Disc 6.7006e-01 (6.8223e-01)	Loss Pred 2.6510e-01 (3.1159e-01)	Loss TOTAL 6.9528e-01 (7.2534e-01)
Epoch: [21][ 40/112]	L_Src_Sup 9.8430e-02 (2.0517e-01)	L_Trg_Inj 3.9438e-01 (4.9559e-01)	Loss Disc 6.8478e-01 (6.8270e-01)	Loss Pred 3.6809e-01 (3.1469e-01)	Loss TOTAL 7.5977e-01 (7.2737e-01)
Epoch: [21][ 50/112]	L_Src_Sup 1.1056e-01 (2.1223e-01)	L_Trg_Inj 3.8999e-01 (4.9036e-01)	Loss Disc 6.8387e-01 (6.8274e-01)	Loss Pred 3.3886e-01 (3.1213e-01)	Loss TOTAL 7.3085e-01 (7.2527e-01)
Epoch: [21][ 60/112]	L_Src_Sup 0.0000e+00 (2.0994e-01)	L_Trg_Inj 3.5132e-01 (4.9155e-01)	Loss Disc 6.8746e-01 (6.8254e-01)	Loss Pred 2.7964e-01 (3.0895e-01)	Loss TOTAL 6.5851e-01 (7.2163e-01)
Epoch: [21][ 70/112]	L_Src_Sup 1.1289e-01 (1.9938e-01)	L_Trg_Inj 5.0058e-01 (4.9523e-01)	Loss Disc 6.8534e-01 (6.8270e-01)	Loss Pred 3.0963e-01 (3.1191e-01)	Loss TOTAL 7.1364e-01 (7.2380e-01)
Epoch: [21][ 80/112]	L_Src_Sup 1.0280e-01 (2.0223e-01)	L_Trg_Inj 3.6939e-01 (4.9307e-01)	Loss Disc 6.8913e-01 (6.8277e-01)	Loss Pred 3.3834e-01 (3.0916e-01)	Loss TOTAL 7.3012e-01 (7.2102e-01)
Epoch: [21][ 90/112]	L_Src_Sup 0.0000e+00 (1.9573e-01)	L_Trg_Inj 5.1778e-01 (4.8897e-01)	Loss Disc 6.8375e-01 (6.8282e-01)	Loss Pred 3.0914e-01 (3.0864e-01)	Loss TOTAL 7.0279e-01 (7.1972e-01)
Epoch: [21][100/112]	L_Src_Sup 1.3757e-01 (1.9943e-01)	L_Trg_Inj 5.6991e-01 (4.8911e-01)	Loss Disc 6.8337e-01 (6.8287e-01)	Loss Pred 3.4200e-01 (3.0764e-01)	Loss TOTAL 7.5443e-01 (7.1979e-01)
Epoch: [21][110/112]	L_Src_Sup 3.8358e-01 (1.9798e-01)	L_Trg_Inj 4.1949e-01 (4.8609e-01)	Loss Disc 6.8225e-01 (6.8295e-01)	Loss Pred 2.6594e-01 (3.0619e-01)	Loss TOTAL 6.8737e-01 (7.1776e-01)
Epoch: [21][112/112]	L_Src_Sup 3.7975e-01 (1.9873e-01)	L_Trg_Inj 4.5977e-01 (4.8480e-01)	Loss Disc 6.8401e-01 (6.8301e-01)	Loss Pred 3.8487e-01 (3.0746e-01)	Loss TOTAL 8.1082e-01 (7.1898e-01)
Epoch 21 complete. Saving model state...
Epoch: [22][ 10/112]	L_Src_Sup 4.1210e-01 (2.5978e-01)	L_Trg_Inj 4.5252e-01 (4.9238e-01)	Loss Disc 6.8306e-01 (6.7959e-01)	Loss Pred 3.0039e-01 (2.6176e-01)	Loss TOTAL 7.2838e-01 (7.0225e-01)
Epoch: [22][ 20/112]	L_Src_Sup 2.4574e-01 (2.2670e-01)	L_Trg_Inj 3.7615e-01 (4.8533e-01)	Loss Disc 6.8444e-01 (6.8170e-01)	Loss Pred 3.0917e-01 (2.8876e-01)	Loss TOTAL 7.1358e-01 (7.1355e-01)
Epoch: [22][ 30/112]	L_Src_Sup 3.8959e-01 (2.1720e-01)	L_Trg_Inj 4.8152e-01 (5.0007e-01)	Loss Disc 6.7972e-01 (6.8153e-01)	Loss Pred 2.6449e-01 (3.0784e-01)	Loss TOTAL 6.9146e-01 (7.2882e-01)
Epoch: [22][ 40/112]	L_Src_Sup 3.1256e-01 (2.1730e-01)	L_Trg_Inj 4.9612e-01 (5.0879e-01)	Loss Disc 6.7620e-01 (6.8027e-01)	Loss Pred 2.3422e-01 (2.9251e-01)	Loss TOTAL 6.5319e-01 (7.1163e-01)
Epoch: [22][ 50/112]	L_Src_Sup 1.8501e-01 (2.1995e-01)	L_Trg_Inj 5.3544e-01 (4.9686e-01)	Loss Disc 6.7897e-01 (6.8106e-01)	Loss Pred 2.3454e-01 (2.9718e-01)	Loss TOTAL 6.4607e-01 (7.1632e-01)
Epoch: [22][ 60/112]	L_Src_Sup 2.2123e-03 (2.0437e-01)	L_Trg_Inj 4.5766e-01 (4.9696e-01)	Loss Disc 6.8147e-01 (6.8125e-01)	Loss Pred 3.2311e-01 (2.9760e-01)	Loss TOTAL 7.0983e-01 (7.1414e-01)
Epoch: [22][ 70/112]	L_Src_Sup 1.0972e-01 (2.0839e-01)	L_Trg_Inj 5.5645e-01 (4.8988e-01)	Loss Disc 6.8107e-01 (6.8148e-01)	Loss Pred 3.3809e-01 (3.0061e-01)	Loss TOTAL 7.4524e-01 (7.1754e-01)
Epoch: [22][ 80/112]	L_Src_Sup 2.0177e-01 (2.2924e-01)	L_Trg_Inj 5.3089e-01 (4.9144e-01)	Loss Disc 6.7463e-01 (6.8132e-01)	Loss Pred 3.7362e-01 (3.0227e-01)	Loss TOTAL 7.8420e-01 (7.2742e-01)
Epoch: [22][ 90/112]	L_Src_Sup 0.0000e+00 (2.2367e-01)	L_Trg_Inj 3.7708e-01 (4.9041e-01)	Loss Disc 6.7455e-01 (6.8027e-01)	Loss Pred 3.0935e-01 (3.0222e-01)	Loss TOTAL 6.8434e-01 (7.2513e-01)
Epoch: [22][100/112]	L_Src_Sup 2.4917e-01 (2.2018e-01)	L_Trg_Inj 4.0117e-01 (4.8448e-01)	Loss Disc 6.7992e-01 (6.7980e-01)	Loss Pred 3.0915e-01 (3.0646e-01)	Loss TOTAL 7.1415e-01 (7.2706e-01)
Epoch: [22][110/112]	L_Src_Sup 2.1927e-01 (2.1551e-01)	L_Trg_Inj 3.3567e-01 (4.7804e-01)	Loss Disc 6.8897e-01 (6.7983e-01)	Loss Pred 3.5257e-01 (3.0773e-01)	Loss TOTAL 7.5255e-01 (7.2688e-01)
Epoch: [22][112/112]	L_Src_Sup 4.9136e-01 (2.1868e-01)	L_Trg_Inj 4.3501e-01 (4.7727e-01)	Loss Disc 6.7828e-01 (6.7987e-01)	Loss Pred 2.4962e-01 (3.0775e-01)	Loss TOTAL 7.3775e-01 (7.2749e-01)
Epoch 22 complete. Saving model state...
Epoch: [23][ 10/112]	L_Src_Sup 2.5077e-01 (1.8997e-01)	L_Trg_Inj 4.0646e-01 (4.5694e-01)	Loss Disc 6.8827e-01 (6.8125e-01)	Loss Pred 4.2595e-01 (3.2309e-01)	Loss TOTAL 8.3581e-01 (7.2840e-01)
Epoch: [23][ 20/112]	L_Src_Sup 1.3270e-01 (1.6503e-01)	L_Trg_Inj 5.2151e-01 (4.5641e-01)	Loss Disc 6.7986e-01 (6.8079e-01)	Loss Pred 2.9360e-01 (3.0462e-01)	Loss TOTAL 6.9895e-01 (7.0716e-01)
Epoch: [23][ 30/112]	L_Src_Sup 1.7233e-01 (1.8546e-01)	L_Trg_Inj 4.5241e-01 (4.4516e-01)	Loss Disc 6.8379e-01 (6.8141e-01)	Loss Pred 2.9316e-01 (3.0089e-01)	Loss TOTAL 6.9753e-01 (7.0549e-01)
Epoch: [23][ 40/112]	L_Src_Sup 9.3857e-02 (1.7457e-01)	L_Trg_Inj 3.6163e-01 (4.5520e-01)	Loss Disc 6.9003e-01 (6.8156e-01)	Loss Pred 3.8136e-01 (3.0963e-01)	Loss TOTAL 7.7192e-01 (7.1402e-01)
Epoch: [23][ 50/112]	L_Src_Sup 2.8434e-01 (1.7474e-01)	L_Trg_Inj 4.6300e-01 (4.4888e-01)	Loss Disc 6.7960e-01 (6.8175e-01)	Loss Pred 2.7849e-01 (3.0520e-01)	Loss TOTAL 6.9303e-01 (7.0895e-01)
Epoch: [23][ 60/112]	L_Src_Sup 0.0000e+00 (1.8696e-01)	L_Trg_Inj 4.6649e-01 (4.4904e-01)	Loss Disc 6.8639e-01 (6.8170e-01)	Loss Pred 3.3710e-01 (3.0392e-01)	Loss TOTAL 7.2695e-01 (7.1079e-01)
Epoch: [23][ 70/112]	L_Src_Sup 1.3482e-01 (1.9040e-01)	L_Trg_Inj 3.2433e-01 (4.5381e-01)	Loss Disc 6.8329e-01 (6.8175e-01)	Loss Pred 2.7816e-01 (3.0844e-01)	Loss TOTAL 6.6572e-01 (7.1721e-01)
Epoch: [23][ 80/112]	L_Src_Sup 3.4090e-01 (2.0178e-01)	L_Trg_Inj 5.0634e-01 (4.5843e-01)	Loss Disc 6.8204e-01 (6.8163e-01)	Loss Pred 2.4866e-01 (3.0777e-01)	Loss TOTAL 6.7441e-01 (7.1822e-01)
Epoch: [23][ 90/112]	L_Src_Sup 3.7348e-01 (2.0287e-01)	L_Trg_Inj 4.6146e-01 (4.5741e-01)	Loss Disc 6.8026e-01 (6.8163e-01)	Loss Pred 2.9263e-01 (3.0643e-01)	Loss TOTAL 7.1625e-01 (7.1649e-01)
Epoch: [23][100/112]	L_Src_Sup 1.4456e-01 (1.9915e-01)	L_Trg_Inj 1.9773e-01 (4.4543e-01)	Loss Disc 6.8624e-01 (6.8196e-01)	Loss Pred 2.7770e-01 (3.0622e-01)	Loss TOTAL 6.5505e-01 (7.1455e-01)
Epoch: [23][110/112]	L_Src_Sup 2.0293e-01 (1.9698e-01)	L_Trg_Inj 3.7737e-01 (4.3531e-01)	Loss Disc 6.8524e-01 (6.8187e-01)	Loss Pred 3.5089e-01 (3.0590e-01)	Loss TOTAL 7.5154e-01 (7.1483e-01)
Epoch: [23][112/112]	L_Src_Sup 3.2416e-01 (1.9731e-01)	L_Trg_Inj 5.3155e-01 (4.3645e-01)	Loss Disc 6.7097e-01 (6.8170e-01)	Loss Pred 2.9212e-01 (3.0540e-01)	Loss TOTAL 7.1317e-01 (7.1431e-01)
Epoch 23 complete. Saving model state...
Epoch: [24][ 10/112]	L_Src_Sup 2.0034e-01 (2.4570e-01)	L_Trg_Inj 4.6574e-01 (4.5060e-01)	Loss Disc 6.8374e-01 (6.8302e-01)	Loss Pred 3.5126e-01 (3.3045e-01)	Loss TOTAL 7.5974e-01 (7.4253e-01)
Epoch: [24][ 20/112]	L_Src_Sup 0.0000e+00 (2.0797e-01)	L_Trg_Inj 4.9566e-01 (4.4733e-01)	Loss Disc 6.7676e-01 (6.8153e-01)	Loss Pred 2.4819e-01 (3.1650e-01)	Loss TOTAL 6.3614e-01 (7.2491e-01)
Epoch: [24][ 30/112]	L_Src_Sup 1.2921e-01 (1.9569e-01)	L_Trg_Inj 3.0920e-01 (4.4006e-01)	Loss Disc 6.8860e-01 (6.8307e-01)	Loss Pred 2.9205e-01 (3.2487e-01)	Loss TOTAL 6.8019e-01 (7.3139e-01)
Epoch: [24][ 40/112]	L_Src_Sup 1.4846e-01 (1.7719e-01)	L_Trg_Inj 3.1212e-01 (4.4363e-01)	Loss Disc 6.8303e-01 (6.8238e-01)	Loss Pred 2.6340e-01 (3.1376e-01)	Loss TOTAL 6.5097e-01 (7.1809e-01)
Epoch: [24][ 50/112]	L_Src_Sup 0.0000e+00 (1.7504e-01)	L_Trg_Inj 4.0904e-01 (4.2977e-01)	Loss Disc 6.8328e-01 (6.8235e-01)	Loss Pred 3.3701e-01 (3.1008e-01)	Loss TOTAL 7.1956e-01 (7.1421e-01)
Epoch: [24][ 60/112]	L_Src_Sup 1.7939e-01 (1.8081e-01)	L_Trg_Inj 5.2533e-01 (4.4173e-01)	Loss Disc 6.8341e-01 (6.8209e-01)	Loss Pred 3.8052e-01 (3.1014e-01)	Loss TOTAL 7.9269e-01 (7.1785e-01)
Epoch: [24][ 70/112]	L_Src_Sup 0.0000e+00 (1.7742e-01)	L_Trg_Inj 4.4275e-01 (4.5163e-01)	Loss Disc 6.7563e-01 (6.8206e-01)	Loss Pred 2.1936e-01 (3.0993e-01)	Loss TOTAL 6.0145e-01 (7.1765e-01)
Epoch: [24][ 80/112]	L_Src_Sup 2.2414e-01 (1.7946e-01)	L_Trg_Inj 6.7489e-01 (4.5137e-01)	Loss Disc 6.7760e-01 (6.8233e-01)	Loss Pred 3.2148e-01 (3.0664e-01)	Loss TOTAL 7.5018e-01 (7.1924e-01)
Epoch: [24][ 90/112]	L_Src_Sup 1.1091e-01 (1.8507e-01)	L_Trg_Inj 4.9716e-01 (4.5279e-01)	Loss Disc 6.8206e-01 (6.8249e-01)	Loss Pred 3.2162e-01 (3.0911e-01)	Loss TOTAL 7.2346e-01 (7.2157e-01)
Epoch: [24][100/112]	L_Src_Sup 1.6330e-01 (1.8653e-01)	L_Trg_Inj 4.7230e-01 (4.5508e-01)	Loss Disc 6.8273e-01 (6.8244e-01)	Loss Pred 2.4823e-01 (3.0799e-01)	Loss TOTAL 6.5316e-01 (7.2021e-01)
Epoch: [24][110/112]	L_Src_Sup 3.4862e-01 (1.8196e-01)	L_Trg_Inj 5.1416e-01 (4.5539e-01)	Loss Disc 6.8026e-01 (6.8244e-01)	Loss Pred 2.3329e-01 (3.0427e-01)	Loss TOTAL 6.5969e-01 (7.1545e-01)
Epoch: [24][112/112]	L_Src_Sup 0.0000e+00 (1.8004e-01)	L_Trg_Inj 4.4516e-01 (4.5603e-01)	Loss Disc 6.8631e-01 (6.8242e-01)	Loss Pred 3.9453e-01 (3.0471e-01)	Loss TOTAL 7.8220e-01 (7.1564e-01)
Epoch 24 complete. Saving model state...
Epoch: [25][ 10/112]	L_Src_Sup 9.8784e-02 (2.4388e-01)	L_Trg_Inj 5.0718e-01 (5.1475e-01)	Loss Disc 6.8406e-01 (6.8070e-01)	Loss Pred 4.0993e-01 (3.0069e-01)	Loss TOTAL 8.1256e-01 (7.2255e-01)
Epoch: [25][ 20/112]	L_Src_Sup 4.0648e-01 (2.2496e-01)	L_Trg_Inj 4.7979e-01 (4.9417e-01)	Loss Disc 6.7619e-01 (6.8079e-01)	Loss Pred 3.6496e-01 (3.1601e-01)	Loss TOTAL 7.9168e-01 (7.3454e-01)
Epoch: [25][ 30/112]	L_Src_Sup 2.6205e-01 (2.1175e-01)	L_Trg_Inj 4.3730e-01 (4.8336e-01)	Loss Disc 6.8339e-01 (6.8208e-01)	Loss Pred 3.3540e-01 (3.2205e-01)	Loss TOTAL 7.4703e-01 (7.3802e-01)
Epoch: [25][ 40/112]	L_Src_Sup 0.0000e+00 (1.8306e-01)	L_Trg_Inj 4.1414e-01 (4.6960e-01)	Loss Disc 6.7997e-01 (6.8270e-01)	Loss Pred 2.3337e-01 (3.1518e-01)	Loss TOTAL 6.1477e-01 (7.2586e-01)
Epoch: [25][ 50/112]	L_Src_Sup 3.1971e-01 (1.8842e-01)	L_Trg_Inj 3.4714e-01 (4.6681e-01)	Loss Disc 6.8597e-01 (6.8261e-01)	Loss Pred 3.0622e-01 (3.1163e-01)	Loss TOTAL 7.1589e-01 (7.2171e-01)
Epoch: [25][ 60/112]	L_Src_Sup 2.4447e-01 (1.9197e-01)	L_Trg_Inj 5.8055e-01 (4.4794e-01)	Loss Disc 6.8436e-01 (6.8273e-01)	Loss Pred 3.6428e-01 (3.0899e-01)	Loss TOTAL 7.8896e-01 (7.2082e-01)
Epoch: [25][ 70/112]	L_Src_Sup 1.2022e-01 (1.8133e-01)	L_Trg_Inj 5.4454e-01 (4.5458e-01)	Loss Disc 6.7726e-01 (6.8224e-01)	Loss Pred 3.0671e-01 (3.0588e-01)	Loss TOTAL 7.1182e-01 (7.1639e-01)
Epoch: [25][ 80/112]	L_Src_Sup 1.4548e-01 (1.8834e-01)	L_Trg_Inj 5.4297e-01 (4.5872e-01)	Loss Disc 6.7903e-01 (6.8204e-01)	Loss Pred 2.7642e-01 (3.0368e-01)	Loss TOTAL 6.8477e-01 (7.1555e-01)
Epoch: [25][ 90/112]	L_Src_Sup 1.0807e-01 (1.8704e-01)	L_Trg_Inj 3.9160e-01 (4.5612e-01)	Loss Disc 6.8507e-01 (6.8243e-01)	Loss Pred 3.2060e-01 (3.0298e-01)	Loss TOTAL 7.1310e-01 (7.1397e-01)
Epoch: [25][100/112]	L_Src_Sup 4.6072e-01 (1.9226e-01)	L_Trg_Inj 4.6090e-01 (4.5354e-01)	Loss Disc 6.7863e-01 (6.8253e-01)	Loss Pred 2.3265e-01 (3.0154e-01)	Loss TOTAL 6.6412e-01 (7.1251e-01)
Epoch: [25][110/112]	L_Src_Sup 3.4643e-01 (1.9404e-01)	L_Trg_Inj 4.5965e-01 (4.4998e-01)	Loss Disc 6.7839e-01 (6.8259e-01)	Loss Pred 2.6176e-01 (3.0377e-01)	Loss TOTAL 6.8156e-01 (7.1528e-01)
Epoch: [25][112/112]	L_Src_Sup 4.3660e-03 (1.9356e-01)	L_Trg_Inj 3.5468e-01 (4.4894e-01)	Loss Disc 6.8707e-01 (6.8261e-01)	Loss Pred 3.0543e-01 (3.0354e-01)	Loss TOTAL 6.8487e-01 (7.1480e-01)
Epoch 25 complete. Saving model state...
Epoch: [26][ 10/112]	L_Src_Sup 1.9711e-01 (2.3954e-01)	L_Trg_Inj 6.4694e-01 (4.8913e-01)	Loss Disc 6.8242e-01 (6.8043e-01)	Loss Pred 3.3445e-01 (2.9376e-01)	Loss TOTAL 7.6007e-01 (7.1549e-01)
Epoch: [26][ 20/112]	L_Src_Sup 0.0000e+00 (2.2468e-01)	L_Trg_Inj 5.3470e-01 (4.8490e-01)	Loss Disc 6.7903e-01 (6.8213e-01)	Loss Pred 2.6173e-01 (3.0912e-01)	Loss TOTAL 6.5472e-01 (7.2607e-01)
Epoch: [26][ 30/112]	L_Src_Sup 2.1434e-01 (2.1554e-01)	L_Trg_Inj 6.1942e-01 (4.8179e-01)	Loss Disc 6.7653e-01 (6.8181e-01)	Loss Pred 3.3426e-01 (3.0204e-01)	Loss TOTAL 7.5590e-01 (7.1597e-01)
Epoch: [26][ 40/112]	L_Src_Sup 2.0930e-01 (2.1988e-01)	L_Trg_Inj 4.7996e-01 (4.8089e-01)	Loss Disc 6.8486e-01 (6.8167e-01)	Loss Pred 3.3538e-01 (3.0106e-01)	Loss TOTAL 7.4673e-01 (7.2272e-01)
Epoch: [26][ 50/112]	L_Src_Sup 1.9043e-01 (2.2299e-01)	L_Trg_Inj 5.4680e-01 (4.8954e-01)	Loss Disc 6.8535e-01 (6.8243e-01)	Loss Pred 2.9087e-01 (3.0545e-01)	Loss TOTAL 7.0727e-01 (7.2761e-01)
Epoch: [26][ 60/112]	L_Src_Sup 1.3923e-01 (2.1787e-01)	L_Trg_Inj 6.7091e-01 (5.1806e-01)	Loss Disc 6.7125e-01 (6.8211e-01)	Loss Pred 2.7632e-01 (3.0910e-01)	Loss TOTAL 6.9296e-01 (7.3321e-01)
Epoch: [26][ 70/112]	L_Src_Sup 4.6694e-01 (2.1782e-01)	L_Trg_Inj 6.0919e-01 (5.4468e-01)	Loss Disc 6.6637e-01 (6.7989e-01)	Loss Pred 3.4858e-01 (3.0608e-01)	Loss TOTAL 7.8938e-01 (7.3039e-01)
Epoch: [26][ 80/112]	L_Src_Sup 0.0000e+00 (2.0908e-01)	L_Trg_Inj 6.4120e-01 (5.6357e-01)	Loss Disc 6.7050e-01 (6.7788e-01)	Loss Pred 1.5995e-01 (3.0250e-01)	Loss TOTAL 5.5932e-01 (7.2580e-01)
Epoch: [26][ 90/112]	L_Src_Sup 2.1731e-03 (2.0203e-01)	L_Trg_Inj 5.5435e-01 (5.7738e-01)	Loss Disc 6.6067e-01 (6.7587e-01)	Loss Pred 3.3429e-01 (3.0438e-01)	Loss TOTAL 7.2028e-01 (7.2657e-01)
Epoch: [26][100/112]	L_Src_Sup 1.5373e-01 (2.0288e-01)	L_Trg_Inj 2.0782e-01 (5.7060e-01)	Loss Disc 6.9845e-01 (6.7638e-01)	Loss Pred 2.6211e-01 (3.0240e-01)	Loss TOTAL 6.4749e-01 (7.2511e-01)
Epoch: [26][110/112]	L_Src_Sup 2.3528e-01 (2.1248e-01)	L_Trg_Inj 4.6680e-01 (5.5868e-01)	Loss Disc 6.8442e-01 (6.7746e-01)	Loss Pred 3.0471e-01 (3.0350e-01)	Loss TOTAL 7.1713e-01 (7.2898e-01)
Epoch: [26][112/112]	L_Src_Sup 4.0548e-01 (2.1363e-01)	L_Trg_Inj 5.8206e-01 (5.5796e-01)	Loss Disc 6.8154e-01 (6.7755e-01)	Loss Pred 2.9059e-01 (3.0314e-01)	Loss TOTAL 7.3011e-01 (7.2853e-01)
Epoch 26 complete. Saving model state...
Epoch: [27][ 10/112]	L_Src_Sup 1.1992e-03 (1.9711e-01)	L_Trg_Inj 5.0776e-01 (4.7995e-01)	Loss Disc 6.8100e-01 (6.8251e-01)	Loss Pred 2.6166e-01 (3.1829e-01)	Loss TOTAL 6.5305e-01 (7.4249e-01)
Epoch: [27][ 20/112]	L_Src_Sup 4.1174e-01 (2.0997e-01)	L_Trg_Inj 5.3229e-01 (4.9542e-01)	Loss Disc 6.7535e-01 (6.8197e-01)	Loss Pred 2.3260e-01 (3.0680e-01)	Loss TOTAL 6.6467e-01 (7.3146e-01)
Epoch: [27][ 30/112]	L_Src_Sup 1.2886e-01 (2.3250e-01)	L_Trg_Inj 3.9728e-01 (4.8961e-01)	Loss Disc 6.8314e-01 (6.8246e-01)	Loss Pred 2.9056e-01 (3.0916e-01)	Loss TOTAL 6.8474e-01 (7.3602e-01)
Epoch: [27][ 40/112]	L_Src_Sup 1.3161e-01 (2.2038e-01)	L_Trg_Inj 4.6910e-01 (4.9373e-01)	Loss Disc 6.8177e-01 (6.8221e-01)	Loss Pred 2.6133e-01 (3.0664e-01)	Loss TOTAL 6.6229e-01 (7.2922e-01)
Epoch: [27][ 50/112]	L_Src_Sup 0.0000e+00 (2.0218e-01)	L_Trg_Inj 4.9252e-01 (4.9361e-01)	Loss Disc 6.8659e-01 (6.8236e-01)	Loss Pred 2.6117e-01 (3.0397e-01)	Loss TOTAL 6.5372e-01 (7.2278e-01)
Epoch: [27][ 60/112]	L_Src_Sup 2.7816e-01 (2.0293e-01)	L_Trg_Inj 3.5416e-01 (4.8295e-01)	Loss Disc 6.8557e-01 (6.8239e-01)	Loss Pred 2.7570e-01 (3.0311e-01)	Loss TOTAL 6.8172e-01 (7.1961e-01)
Epoch: [27][ 70/112]	L_Src_Sup 4.5228e-01 (2.1220e-01)	L_Trg_Inj 6.3095e-01 (4.8724e-01)	Loss Disc 6.8282e-01 (6.8219e-01)	Loss Pred 3.3378e-01 (2.9984e-01)	Loss TOTAL 7.8351e-01 (7.2031e-01)
Epoch: [27][ 80/112]	L_Src_Sup 1.8700e-01 (2.1298e-01)	L_Trg_Inj 6.3788e-01 (4.9351e-01)	Loss Disc 6.7604e-01 (6.8246e-01)	Loss Pred 3.2204e-01 (3.0312e-01)	Loss TOTAL 7.4255e-01 (7.2579e-01)
Epoch: [27][ 90/112]	L_Src_Sup 1.3921e-01 (2.0218e-01)	L_Trg_Inj 5.4362e-01 (4.9291e-01)	Loss Disc 6.8210e-01 (6.8251e-01)	Loss Pred 2.7600e-01 (3.0384e-01)	Loss TOTAL 6.8534e-01 (7.2420e-01)
Epoch: [27][100/112]	L_Src_Sup 3.1802e-01 (2.0141e-01)	L_Trg_Inj 5.3066e-01 (4.9412e-01)	Loss Disc 6.8304e-01 (6.8256e-01)	Loss Pred 3.3402e-01 (3.0353e-01)	Loss TOTAL 7.6041e-01 (7.2349e-01)
Epoch: [27][110/112]	L_Src_Sup 0.0000e+00 (2.0079e-01)	L_Trg_Inj 5.8465e-01 (4.9781e-01)	Loss Disc 6.7469e-01 (6.8240e-01)	Loss Pred 2.3218e-01 (3.0249e-01)	Loss TOTAL 6.2799e-01 (7.2201e-01)
Epoch: [27][112/112]	L_Src_Sup 4.2112e-01 (2.0307e-01)	L_Trg_Inj 5.5867e-01 (4.9761e-01)	Loss Disc 6.7892e-01 (6.8234e-01)	Loss Pred 2.7586e-01 (3.0227e-01)	Loss TOTAL 7.1330e-01 (7.2182e-01)
Epoch 27 complete. Saving model state...
Epoch: [28][ 10/112]	L_Src_Sup 2.5586e-01 (2.7306e-01)	L_Trg_Inj 4.9917e-01 (5.1200e-01)	Loss Disc 6.8014e-01 (6.8127e-01)	Loss Pred 2.6105e-01 (3.1191e-01)	Loss TOTAL 6.7662e-01 (7.3630e-01)
Epoch: [28][ 20/112]	L_Src_Sup 1.0272e-01 (2.7076e-01)	L_Trg_Inj 4.8959e-01 (5.0213e-01)	Loss Disc 6.8559e-01 (6.8195e-01)	Loss Pred 3.6248e-01 (3.1409e-01)	Loss TOTAL 7.6451e-01 (7.3645e-01)
Epoch: [28][ 30/112]	L_Src_Sup 1.3031e-01 (2.5759e-01)	L_Trg_Inj 5.5582e-01 (5.0889e-01)	Loss Disc 6.8051e-01 (6.8148e-01)	Loss Pred 2.9070e-01 (3.0996e-01)	Loss TOTAL 6.9956e-01 (7.3008e-01)
Epoch: [28][ 40/112]	L_Src_Sup 1.9629e-01 (2.3312e-01)	L_Trg_Inj 5.5605e-01 (4.9882e-01)	Loss Disc 6.7836e-01 (6.8214e-01)	Loss Pred 2.4641e-01 (3.0893e-01)	Loss TOTAL 6.6082e-01 (7.2523e-01)
Epoch: [28][ 50/112]	L_Src_Sup 1.1640e-03 (2.0245e-01)	L_Trg_Inj 4.5986e-01 (4.9113e-01)	Loss Disc 6.8639e-01 (6.8249e-01)	Loss Pred 3.3377e-01 (3.0772e-01)	Loss TOTAL 7.2307e-01 (7.2080e-01)
Epoch: [28][ 60/112]	L_Src_Sup 1.5031e-01 (1.9961e-01)	L_Trg_Inj 3.6789e-01 (4.9522e-01)	Loss Disc 6.9068e-01 (6.8245e-01)	Loss Pred 3.7616e-01 (3.0810e-01)	Loss TOTAL 7.7332e-01 (7.2087e-01)
Epoch: [28][ 70/112]	L_Src_Sup 0.0000e+00 (1.9561e-01)	L_Trg_Inj 3.5946e-01 (4.8217e-01)	Loss Disc 6.8375e-01 (6.8246e-01)	Loss Pred 2.3176e-01 (3.0443e-01)	Loss TOTAL 6.0958e-01 (7.1660e-01)
Epoch: [28][ 80/112]	L_Src_Sup 7.6174e-02 (1.8900e-01)	L_Trg_Inj 4.6344e-01 (4.7271e-01)	Loss Disc 6.8463e-01 (6.8284e-01)	Loss Pred 3.0372e-01 (3.0345e-01)	Loss TOTAL 6.9999e-01 (7.1381e-01)
Epoch: [28][ 90/112]	L_Src_Sup 0.0000e+00 (1.9709e-01)	L_Trg_Inj 5.0394e-01 (4.7300e-01)	Loss Disc 6.8908e-01 (6.8279e-01)	Loss Pred 4.4816e-01 (3.0395e-01)	Loss TOTAL 8.4310e-01 (7.1657e-01)
Epoch: [28][100/112]	L_Src_Sup 2.8243e-01 (1.9374e-01)	L_Trg_Inj 3.2927e-01 (4.6719e-01)	Loss Disc 6.7832e-01 (6.8275e-01)	Loss Pred 2.4568e-01 (3.0319e-01)	Loss TOTAL 6.4600e-01 (7.1445e-01)
Epoch: [28][110/112]	L_Src_Sup 9.6611e-02 (1.9479e-01)	L_Trg_Inj 4.7065e-01 (4.6483e-01)	Loss Disc 6.8171e-01 (6.8274e-01)	Loss Pred 2.7441e-01 (3.0255e-01)	Loss TOTAL 6.7199e-01 (7.1355e-01)
Epoch: [28][112/112]	L_Src_Sup 0.0000e+00 (1.9266e-01)	L_Trg_Inj 3.9173e-01 (4.6371e-01)	Loss Disc 6.8476e-01 (6.8281e-01)	Loss Pred 2.1746e-01 (3.0244e-01)	Loss TOTAL 5.9901e-01 (7.1309e-01)
Epoch 28 complete. Saving model state...
Epoch: [29][ 10/112]	L_Src_Sup 1.6980e-01 (1.7968e-01)	L_Trg_Inj 4.0097e-01 (4.1259e-01)	Loss Disc 6.7914e-01 (6.8098e-01)	Loss Pred 3.0289e-01 (2.9600e-01)	Loss TOTAL 6.9954e-01 (6.9572e-01)
Epoch: [29][ 20/112]	L_Src_Sup 2.6842e-01 (1.7852e-01)	L_Trg_Inj 4.6237e-01 (4.2930e-01)	Loss Disc 6.8443e-01 (6.8178e-01)	Loss Pred 3.6049e-01 (3.1021e-01)	Loss TOTAL 7.7579e-01 (7.1475e-01)
Epoch: [29][ 30/112]	L_Src_Sup 0.0000e+00 (1.7352e-01)	L_Trg_Inj 2.3132e-01 (4.3438e-01)	Loss Disc 6.9414e-01 (6.8234e-01)	Loss Pred 3.0394e-01 (3.0506e-01)	Loss TOTAL 6.7414e-01 (7.0893e-01)
Epoch: [29][ 40/112]	L_Src_Sup 1.2992e-01 (1.6084e-01)	L_Trg_Inj 2.2398e-01 (4.1281e-01)	Loss Disc 6.7998e-01 (6.8179e-01)	Loss Pred 2.8839e-01 (2.9841e-01)	Loss TOTAL 6.6377e-01 (6.9811e-01)
Epoch: [29][ 50/112]	L_Src_Sup 3.2423e-01 (1.6173e-01)	L_Trg_Inj 5.6469e-01 (4.0161e-01)	Loss Disc 6.8069e-01 (6.8215e-01)	Loss Pred 3.7383e-01 (3.0583e-01)	Loss TOTAL 8.0307e-01 (7.0761e-01)
Epoch: [29][ 60/112]	L_Src_Sup 4.1554e-01 (1.6760e-01)	L_Trg_Inj 3.3841e-01 (4.0165e-01)	Loss Disc 6.8719e-01 (6.8289e-01)	Loss Pred 3.3064e-01 (3.1149e-01)	Loss TOTAL 8.2676e-01 (7.1626e-01)
Epoch: [29][ 70/112]	L_Src_Sup 3.4881e-01 (1.7579e-01)	L_Trg_Inj 5.2250e-01 (4.1216e-01)	Loss Disc 6.7869e-01 (6.8267e-01)	Loss Pred 2.1689e-01 (3.0454e-01)	Loss TOTAL 6.4337e-01 (7.1305e-01)
Epoch: [29][ 80/112]	L_Src_Sup 3.3213e-01 (1.7060e-01)	L_Trg_Inj 5.3254e-01 (4.2200e-01)	Loss Disc 6.7762e-01 (6.8255e-01)	Loss Pred 3.1610e-01 (3.0660e-01)	Loss TOTAL 7.4137e-01 (7.1447e-01)
Epoch: [29][ 90/112]	L_Src_Sup 8.1605e-01 (1.8582e-01)	L_Trg_Inj 5.0432e-01 (4.2215e-01)	Loss Disc 6.7545e-01 (6.8257e-01)	Loss Pred 1.7385e-01 (3.0299e-01)	Loss TOTAL 9.5534e-01 (7.1668e-01)
Epoch: [29][100/112]	L_Src_Sup 1.2653e-01 (1.8797e-01)	L_Trg_Inj 2.7266e-01 (4.2374e-01)	Loss Disc 6.9160e-01 (6.8276e-01)	Loss Pred 2.7430e-01 (3.0286e-01)	Loss TOTAL 6.6002e-01 (7.1622e-01)
Epoch: [29][110/112]	L_Src_Sup 0.0000e+00 (1.8990e-01)	L_Trg_Inj 4.7255e-01 (4.2910e-01)	Loss Disc 6.7786e-01 (6.8272e-01)	Loss Pred 1.8773e-01 (3.0141e-01)	Loss TOTAL 5.7391e-01 (7.1520e-01)
Epoch: [29][112/112]	L_Src_Sup 2.1766e-01 (1.8958e-01)	L_Trg_Inj 5.4854e-01 (4.3010e-01)	Loss Disc 6.7709e-01 (6.8268e-01)	Loss Pred 2.5905e-01 (3.0104e-01)	Loss TOTAL 6.7422e-01 (7.1468e-01)
Epoch 29 complete. Saving model state...
Epoch: [30][ 10/112]	L_Src_Sup 9.3280e-02 (1.0583e-01)	L_Trg_Inj 4.7489e-01 (4.8376e-01)	Loss Disc 6.8964e-01 (6.8487e-01)	Loss Pred 4.1619e-01 (3.2930e-01)	Loss TOTAL 8.1783e-01 (7.3070e-01)
Epoch: [30][ 20/112]	L_Src_Sup 1.1853e-01 (1.4998e-01)	L_Trg_Inj 4.2232e-01 (4.5835e-01)	Loss Disc 6.8230e-01 (6.8365e-01)	Loss Pred 2.5888e-01 (3.0057e-01)	Loss TOTAL 6.5411e-01 (7.1261e-01)
Epoch: [30][ 30/112]	L_Src_Sup 4.6092e-01 (1.7519e-01)	L_Trg_Inj 3.8595e-01 (4.6740e-01)	Loss Disc 6.8964e-01 (6.8329e-01)	Loss Pred 3.7304e-01 (3.1000e-01)	Loss TOTAL 8.7751e-01 (7.2466e-01)
Epoch: [30][ 40/112]	L_Src_Sup 1.1106e-01 (2.1906e-01)	L_Trg_Inj 4.8133e-01 (4.6910e-01)	Loss Disc 6.8611e-01 (6.8281e-01)	Loss Pred 3.3112e-01 (3.0757e-01)	Loss TOTAL 7.3342e-01 (7.2924e-01)
Epoch: [30][ 50/112]	L_Src_Sup 5.0656e-01 (2.1700e-01)	L_Trg_Inj 5.3402e-01 (4.7305e-01)	Loss Disc 6.8219e-01 (6.8256e-01)	Loss Pred 2.4511e-01 (3.0484e-01)	Loss TOTAL 6.9027e-01 (7.2429e-01)
Epoch: [30][ 60/112]	L_Src_Sup 0.0000e+00 (2.0340e-01)	L_Trg_Inj 4.1322e-01 (4.7330e-01)	Loss Disc 6.8711e-01 (6.8241e-01)	Loss Pred 2.8745e-01 (3.0153e-01)	Loss TOTAL 6.7232e-01 (7.1804e-01)
Epoch: [30][ 70/112]	L_Src_Sup 6.5375e-02 (1.9878e-01)	L_Trg_Inj 4.2823e-01 (4.6152e-01)	Loss Disc 6.8896e-01 (6.8259e-01)	Loss Pred 3.3038e-01 (3.0239e-01)	Loss TOTAL 7.2422e-01 (7.2229e-01)
Epoch: [30][ 80/112]	L_Src_Sup 3.6032e-01 (1.9703e-01)	L_Trg_Inj 4.9975e-01 (4.6414e-01)	Loss Disc 6.7445e-01 (6.8256e-01)	Loss Pred 2.3046e-01 (3.0193e-01)	Loss TOTAL 6.5369e-01 (7.2034e-01)
Epoch: [30][ 90/112]	L_Src_Sup 3.9718e-01 (2.1028e-01)	L_Trg_Inj 3.2994e-01 (4.6212e-01)	Loss Disc 6.9371e-01 (6.8247e-01)	Loss Pred 3.1578e-01 (2.9874e-01)	Loss TOTAL 8.0258e-01 (7.1897e-01)
Epoch: [30][100/112]	L_Src_Sup 3.7076e-01 (2.1310e-01)	L_Trg_Inj 3.9675e-01 (4.6411e-01)	Loss Disc 6.9155e-01 (6.8252e-01)	Loss Pred 3.5779e-01 (3.0154e-01)	Loss TOTAL 7.8032e-01 (7.2255e-01)
Epoch: [30][110/112]	L_Src_Sup 1.6466e-01 (2.0736e-01)	L_Trg_Inj 5.2251e-01 (4.6909e-01)	Loss Disc 6.8742e-01 (6.8246e-01)	Loss Pred 4.0030e-01 (3.0085e-01)	Loss TOTAL 8.1273e-01 (7.2066e-01)
Epoch: [30][112/112]	L_Src_Sup 1.2734e-01 (2.0724e-01)	L_Trg_Inj 4.4218e-01 (4.6804e-01)	Loss Disc 6.8382e-01 (6.8249e-01)	Loss Pred 2.5818e-01 (3.0008e-01)	Loss TOTAL 6.5704e-01 (7.1960e-01)
Epoch 30 complete. Saving model state...
Epoch: [31][ 10/112]	L_Src_Sup 2.1874e-01 (2.5230e-01)	L_Trg_Inj 5.5866e-01 (4.9593e-01)	Loss Disc 6.8120e-01 (6.8326e-01)	Loss Pred 3.4409e-01 (2.7556e-01)	Loss TOTAL 7.6243e-01 (7.2894e-01)
Epoch: [31][ 20/112]	L_Src_Sup 1.0442e-01 (1.9202e-01)	L_Trg_Inj 5.1099e-01 (4.9655e-01)	Loss Disc 6.8182e-01 (6.8228e-01)	Loss Pred 3.2884e-01 (2.8671e-01)	Loss TOTAL 7.3129e-01 (7.1517e-01)
Epoch: [31][ 30/112]	L_Src_Sup 3.7910e-01 (1.9444e-01)	L_Trg_Inj 4.2905e-01 (4.7567e-01)	Loss Disc 6.8171e-01 (6.8297e-01)	Loss Pred 3.0012e-01 (3.0258e-01)	Loss TOTAL 7.2179e-01 (7.2339e-01)
Epoch: [31][ 40/112]	L_Src_Sup 0.0000e+00 (1.9918e-01)	L_Trg_Inj 5.5568e-01 (4.6015e-01)	Loss Disc 6.7978e-01 (6.8252e-01)	Loss Pred 3.0167e-01 (2.9002e-01)	Loss TOTAL 6.9712e-01 (7.1276e-01)
Epoch: [31][ 50/112]	L_Src_Sup 1.7935e-01 (1.9696e-01)	L_Trg_Inj 3.9128e-01 (4.5412e-01)	Loss Disc 6.8904e-01 (6.8285e-01)	Loss Pred 3.4464e-01 (2.9006e-01)	Loss TOTAL 7.4622e-01 (7.1060e-01)
Epoch: [31][ 60/112]	L_Src_Sup 2.5494e-01 (2.0233e-01)	L_Trg_Inj 4.6224e-01 (4.5751e-01)	Loss Disc 6.8417e-01 (6.8272e-01)	Loss Pred 2.8699e-01 (2.9029e-01)	Loss TOTAL 7.0079e-01 (7.0931e-01)
Epoch: [31][ 70/112]	L_Src_Sup 2.9407e-01 (2.0331e-01)	L_Trg_Inj 5.1248e-01 (4.5787e-01)	Loss Disc 6.7772e-01 (6.8253e-01)	Loss Pred 3.1529e-01 (2.9126e-01)	Loss TOTAL 7.3481e-01 (7.0879e-01)
Epoch: [31][ 80/112]	L_Src_Sup 4.5348e-01 (1.9606e-01)	L_Trg_Inj 4.6397e-01 (4.5634e-01)	Loss Disc 6.8522e-01 (6.8269e-01)	Loss Pred 3.3019e-01 (2.9413e-01)	Loss TOTAL 7.6455e-01 (7.1150e-01)
Epoch: [31][ 90/112]	L_Src_Sup 5.0908e-01 (1.9578e-01)	L_Trg_Inj 4.4319e-01 (4.5507e-01)	Loss Disc 6.7968e-01 (6.8280e-01)	Loss Pred 2.8700e-01 (2.9970e-01)	Loss TOTAL 7.8795e-01 (7.1651e-01)
Epoch: [31][100/112]	L_Src_Sup 2.6586e-01 (1.9975e-01)	L_Trg_Inj 4.0824e-01 (4.5860e-01)	Loss Disc 6.8750e-01 (6.8280e-01)	Loss Pred 2.5847e-01 (2.9869e-01)	Loss TOTAL 6.6963e-01 (7.1522e-01)
Epoch: [31][110/112]	L_Src_Sup 0.0000e+00 (2.0079e-01)	L_Trg_Inj 4.4507e-01 (4.5882e-01)	Loss Disc 6.8281e-01 (6.8278e-01)	Loss Pred 2.8639e-01 (2.9823e-01)	Loss TOTAL 6.7230e-01 (7.1403e-01)
Epoch: [31][112/112]	L_Src_Sup 3.7053e-01 (2.0139e-01)	L_Trg_Inj 4.5216e-01 (4.5741e-01)	Loss Disc 6.8322e-01 (6.8283e-01)	Loss Pred 3.7317e-01 (2.9917e-01)	Loss TOTAL 7.9705e-01 (7.1477e-01)
Epoch 31 complete. Saving model state...
Epoch: [32][ 10/112]	L_Src_Sup 1.3169e-01 (1.6075e-01)	L_Trg_Inj 3.4287e-01 (3.0885e-01)	Loss Disc 6.7671e-01 (6.8061e-01)	Loss Pred 2.7235e-01 (3.0474e-01)	Loss TOTAL 6.5816e-01 (7.0110e-01)
Epoch: [32][ 20/112]	L_Src_Sup 1.5123e-01 (1.6618e-01)	L_Trg_Inj 1.9822e-01 (2.4961e-01)	Loss Disc 6.8083e-01 (6.8083e-01)	Loss Pred 2.8743e-01 (2.8861e-01)	Loss TOTAL 6.6279e-01 (7.0472e-01)
Epoch: [32][ 30/112]	L_Src_Sup 1.5029e-01 (1.9727e-01)	L_Trg_Inj 6.0188e-01 (2.7428e-01)	Loss Disc 6.7701e-01 (6.8155e-01)	Loss Pred 2.8949e-01 (3.0143e-01)	Loss TOTAL 7.0321e-01 (7.3076e-01)
Epoch: [32][ 40/112]	L_Src_Sup 8.5831e-02 (1.8369e-01)	L_Trg_Inj 5.4455e-01 (3.3070e-01)	Loss Disc 6.8423e-01 (6.8182e-01)	Loss Pred 3.8796e-01 (3.0432e-01)	Loss TOTAL 7.9311e-01 (7.3111e-01)
Epoch: [32][ 50/112]	L_Src_Sup 2.5414e-01 (1.9702e-01)	L_Trg_Inj 3.8955e-01 (3.6724e-01)	Loss Disc 6.9249e-01 (6.8194e-01)	Loss Pred 4.2991e-01 (3.0561e-01)	Loss TOTAL 8.4053e-01 (7.3056e-01)
Epoch: [32][ 60/112]	L_Src_Sup 8.9239e-02 (2.0778e-01)	L_Trg_Inj 5.6364e-01 (3.8927e-01)	Loss Disc 6.8156e-01 (6.8186e-01)	Loss Pred 2.5880e-01 (3.0167e-01)	Loss TOTAL 6.6487e-01 (7.2825e-01)
Epoch: [32][ 70/112]	L_Src_Sup 3.2686e-01 (2.1053e-01)	L_Trg_Inj 5.6080e-01 (4.0514e-01)	Loss Disc 6.7894e-01 (6.8217e-01)	Loss Pred 2.4476e-01 (3.0126e-01)	Loss TOTAL 6.7299e-01 (7.2965e-01)
Epoch: [32][ 80/112]	L_Src_Sup 0.0000e+00 (2.1535e-01)	L_Trg_Inj 5.9565e-01 (4.2089e-01)	Loss Disc 6.7900e-01 (6.8185e-01)	Loss Pred 2.5887e-01 (3.0006e-01)	Loss TOTAL 6.5794e-01 (7.2976e-01)
Epoch: [32][ 90/112]	L_Src_Sup 3.0878e-01 (2.0656e-01)	L_Trg_Inj 5.3849e-01 (4.2928e-01)	Loss Disc 6.7856e-01 (6.8194e-01)	Loss Pred 2.5861e-01 (2.9943e-01)	Loss TOTAL 6.8262e-01 (7.2633e-01)
Epoch: [32][100/112]	L_Src_Sup 1.0275e-01 (2.0415e-01)	L_Trg_Inj 5.0737e-01 (4.3250e-01)	Loss Disc 6.7909e-01 (6.8202e-01)	Loss Pred 3.2929e-01 (2.9931e-01)	Loss TOTAL 7.2985e-01 (7.2487e-01)
Epoch: [32][110/112]	L_Src_Sup 0.0000e+00 (2.0178e-01)	L_Trg_Inj 5.7226e-01 (4.3909e-01)	Loss Disc 6.7812e-01 (6.8218e-01)	Loss Pred 2.2964e-01 (2.9829e-01)	Loss TOTAL 6.2593e-01 (7.2246e-01)
Epoch: [32][112/112]	L_Src_Sup 2.4043e-01 (2.0116e-01)	L_Trg_Inj 4.7957e-01 (4.4010e-01)	Loss Disc 6.8197e-01 (6.8221e-01)	Loss Pred 3.2907e-01 (2.9910e-01)	Loss TOTAL 7.4206e-01 (7.2298e-01)
Epoch 32 complete. Saving model state...
Epoch: [33][ 10/112]	L_Src_Sup 1.9682e-01 (2.7720e-01)	L_Trg_Inj 4.1223e-01 (4.9310e-01)	Loss Disc 6.9298e-01 (6.8356e-01)	Loss Pred 3.4308e-01 (2.9215e-01)	Loss TOTAL 7.5048e-01 (7.2675e-01)
Epoch: [33][ 20/112]	L_Src_Sup 1.1140e-01 (2.5706e-01)	L_Trg_Inj 4.9378e-01 (5.1284e-01)	Loss Disc 6.8698e-01 (6.8232e-01)	Loss Pred 3.2955e-01 (2.9207e-01)	Loss TOTAL 7.3355e-01 (7.2287e-01)
Epoch: [33][ 30/112]	L_Src_Sup 0.0000e+00 (2.4660e-01)	L_Trg_Inj 6.2371e-01 (5.1155e-01)	Loss Disc 6.7910e-01 (6.8220e-01)	Loss Pred 2.7162e-01 (2.8813e-01)	Loss TOTAL 6.7354e-01 (7.1348e-01)
Epoch: [33][ 40/112]	L_Src_Sup 3.0513e-01 (2.2548e-01)	L_Trg_Inj 4.1876e-01 (4.9542e-01)	Loss Disc 6.8083e-01 (6.8174e-01)	Loss Pred 2.5701e-01 (2.8645e-01)	Loss TOTAL 6.6981e-01 (7.0574e-01)
Epoch: [33][ 50/112]	L_Src_Sup 2.8470e-01 (2.0903e-01)	L_Trg_Inj 4.7199e-01 (4.3243e-01)	Loss Disc 6.8267e-01 (6.8199e-01)	Loss Pred 2.7165e-01 (2.8854e-01)	Loss TOTAL 6.8865e-01 (7.0766e-01)
Epoch: [33][ 60/112]	L_Src_Sup 3.4870e-01 (2.0430e-01)	L_Trg_Inj 4.7072e-01 (4.4095e-01)	Loss Disc 6.8597e-01 (6.8173e-01)	Loss Pred 2.2842e-01 (2.8449e-01)	Loss TOTAL 6.5334e-01 (7.0152e-01)
Epoch: [33][ 70/112]	L_Src_Sup 3.6113e-01 (1.9318e-01)	L_Trg_Inj 5.0360e-01 (4.4012e-01)	Loss Disc 6.7553e-01 (6.8189e-01)	Loss Pred 2.2838e-01 (2.8764e-01)	Loss TOTAL 6.5262e-01 (7.0190e-01)
Epoch: [33][ 80/112]	L_Src_Sup 3.7579e-01 (1.9848e-01)	L_Trg_Inj 3.7628e-01 (4.3909e-01)	Loss Disc 6.8310e-01 (6.8200e-01)	Loss Pred 2.4296e-01 (2.9252e-01)	Loss TOTAL 6.5972e-01 (7.0646e-01)
Epoch: [33][ 90/112]	L_Src_Sup 0.0000e+00 (1.9802e-01)	L_Trg_Inj 5.0920e-01 (4.3948e-01)	Loss Disc 6.7955e-01 (6.8213e-01)	Loss Pred 2.5701e-01 (2.9440e-01)	Loss TOTAL 6.4770e-01 (7.0918e-01)
Epoch: [33][100/112]	L_Src_Sup 1.0948e-01 (2.0048e-01)	L_Trg_Inj 4.8875e-01 (4.3655e-01)	Loss Disc 6.8272e-01 (6.8239e-01)	Loss Pred 3.2771e-01 (2.9547e-01)	Loss TOTAL 7.2889e-01 (7.1231e-01)
Epoch: [33][110/112]	L_Src_Sup 2.7676e-01 (2.0370e-01)	L_Trg_Inj 5.1056e-01 (4.4110e-01)	Loss Disc 6.7575e-01 (6.8265e-01)	Loss Pred 2.5717e-01 (2.9840e-01)	Loss TOTAL 6.7378e-01 (7.1505e-01)
Epoch: [33][112/112]	L_Src_Sup 1.2909e-01 (2.0227e-01)	L_Trg_Inj 4.6933e-01 (4.4138e-01)	Loss Disc 6.8471e-01 (6.8272e-01)	Loss Pred 2.2902e-01 (2.9791e-01)	Loss TOTAL 6.3122e-01 (7.1429e-01)
Epoch 33 complete. Saving model state...
Epoch: [34][ 10/112]	L_Src_Sup 4.8402e-01 (1.6958e-01)	L_Trg_Inj 4.5526e-01 (4.5665e-01)	Loss Disc 6.8009e-01 (6.8421e-01)	Loss Pred 2.8501e-01 (3.0762e-01)	Loss TOTAL 7.4776e-01 (7.1523e-01)
Epoch: [34][ 20/112]	L_Src_Sup 1.5881e-01 (1.8959e-01)	L_Trg_Inj 5.2696e-01 (4.9433e-01)	Loss Disc 6.8597e-01 (6.8315e-01)	Loss Pred 4.1262e-01 (3.1589e-01)	Loss TOTAL 8.2418e-01 (7.3961e-01)
Epoch: [34][ 30/112]	L_Src_Sup 1.7942e-01 (2.1492e-01)	L_Trg_Inj 6.1803e-01 (5.0114e-01)	Loss Disc 6.7747e-01 (6.8174e-01)	Loss Pred 3.5618e-01 (3.0031e-01)	Loss TOTAL 7.7466e-01 (7.2352e-01)
Epoch: [34][ 40/112]	L_Src_Sup 1.2946e-02 (2.1141e-01)	L_Trg_Inj 5.8019e-01 (4.9080e-01)	Loss Disc 6.7926e-01 (6.8260e-01)	Loss Pred 2.2940e-01 (3.0440e-01)	Loss TOTAL 6.2835e-01 (7.3061e-01)
Epoch: [34][ 50/112]	L_Src_Sup 1.7387e-01 (1.9012e-01)	L_Trg_Inj 4.4260e-01 (4.9172e-01)	Loss Disc 6.8267e-01 (6.8239e-01)	Loss Pred 2.4300e-01 (2.9583e-01)	Loss TOTAL 6.4599e-01 (7.1696e-01)
Epoch: [34][ 60/112]	L_Src_Sup 2.1384e-01 (1.9243e-01)	L_Trg_Inj 5.3425e-01 (4.9077e-01)	Loss Disc 6.8401e-01 (6.8218e-01)	Loss Pred 3.2705e-01 (2.9665e-01)	Loss TOTAL 7.4387e-01 (7.1585e-01)
Epoch: [34][ 70/112]	L_Src_Sup 0.0000e+00 (1.8285e-01)	L_Trg_Inj 3.1601e-01 (4.7058e-01)	Loss Disc 6.8088e-01 (6.8234e-01)	Loss Pred 2.1516e-01 (3.0019e-01)	Loss TOTAL 5.8720e-01 (7.1586e-01)
Epoch: [34][ 80/112]	L_Src_Sup 2.4232e-01 (1.8152e-01)	L_Trg_Inj 5.0116e-01 (4.6535e-01)	Loss Disc 6.8665e-01 (6.8278e-01)	Loss Pred 2.9204e-01 (2.9884e-01)	Loss TOTAL 7.0971e-01 (7.1411e-01)
Epoch: [34][ 90/112]	L_Src_Sup 3.1772e-02 (1.8340e-01)	L_Trg_Inj 5.5135e-01 (4.6229e-01)	Loss Disc 6.7430e-01 (6.8266e-01)	Loss Pred 1.8672e-01 (2.9705e-01)	Loss TOTAL 5.8219e-01 (7.1156e-01)
Epoch: [34][100/112]	L_Src_Sup 1.0908e-01 (1.9006e-01)	L_Trg_Inj 4.0349e-01 (4.5981e-01)	Loss Disc 6.8648e-01 (6.8261e-01)	Loss Pred 3.1341e-01 (2.9715e-01)	Loss TOTAL 7.0791e-01 (7.1291e-01)
Epoch: [34][110/112]	L_Src_Sup 9.5204e-02 (1.9034e-01)	L_Trg_Inj 3.9225e-01 (4.5732e-01)	Loss Disc 6.8147e-01 (6.8257e-01)	Loss Pred 2.5755e-01 (2.9568e-01)	Loss TOTAL 6.4703e-01 (7.1034e-01)
Epoch: [34][112/112]	L_Src_Sup 2.5505e-01 (1.9016e-01)	L_Trg_Inj 4.9441e-01 (4.5625e-01)	Loss Disc 6.8268e-01 (6.8267e-01)	Loss Pred 3.8353e-01 (2.9713e-01)	Loss TOTAL 7.9982e-01 (7.1156e-01)
Epoch 34 complete. Saving model state...
Epoch: [35][ 10/112]	L_Src_Sup 1.9456e-01 (1.4319e-01)	L_Trg_Inj 3.7357e-01 (3.4904e-01)	Loss Disc 6.8602e-01 (6.8422e-01)	Loss Pred 2.1472e-01 (3.0315e-01)	Loss TOTAL 6.1454e-01 (7.0029e-01)
Epoch: [35][ 20/112]	L_Src_Sup 1.8699e-01 (2.0459e-01)	L_Trg_Inj 5.2356e-01 (3.8957e-01)	Loss Disc 6.7805e-01 (6.8336e-01)	Loss Pred 2.9884e-01 (3.0175e-01)	Loss TOTAL 7.0892e-01 (7.1015e-01)
Epoch: [35][ 30/112]	L_Src_Sup 3.5904e-01 (2.1082e-01)	L_Trg_Inj 5.1941e-01 (4.2278e-01)	Loss Disc 6.7979e-01 (6.8276e-01)	Loss Pred 2.9898e-01 (2.9892e-01)	Loss TOTAL 7.2672e-01 (7.0852e-01)
Epoch: [35][ 40/112]	L_Src_Sup 1.1981e-01 (2.0050e-01)	L_Trg_Inj 4.2730e-01 (4.2458e-01)	Loss Disc 6.8274e-01 (6.8352e-01)	Loss Pred 3.2670e-01 (3.0315e-01)	Loss TOTAL 7.2278e-01 (7.1815e-01)
Epoch: [35][ 50/112]	L_Src_Sup 0.0000e+00 (1.9592e-01)	L_Trg_Inj 5.0766e-01 (4.2868e-01)	Loss Disc 6.7715e-01 (6.8354e-01)	Loss Pred 2.9943e-01 (3.0184e-01)	Loss TOTAL 6.8877e-01 (7.1519e-01)
Epoch: [35][ 60/112]	L_Src_Sup 0.0000e+00 (1.7915e-01)	L_Trg_Inj 3.7919e-01 (4.3044e-01)	Loss Disc 6.8465e-01 (6.8303e-01)	Loss Pred 2.8476e-01 (2.9951e-01)	Loss TOTAL 6.6501e-01 (7.0960e-01)
Epoch: [35][ 70/112]	L_Src_Sup 2.1816e-01 (1.8749e-01)	L_Trg_Inj 3.9944e-01 (4.2652e-01)	Loss Disc 6.8273e-01 (6.8303e-01)	Loss Pred 2.7054e-01 (2.9781e-01)	Loss TOTAL 6.7367e-01 (7.0757e-01)
Epoch: [35][ 80/112]	L_Src_Sup 1.4775e-01 (1.8024e-01)	L_Trg_Inj 4.1413e-01 (4.3082e-01)	Loss Disc 6.8030e-01 (6.8285e-01)	Loss Pred 1.8603e-01 (2.9475e-01)	Loss TOTAL 5.8237e-01 (7.0327e-01)
Epoch: [35][ 90/112]	L_Src_Sup 2.3154e-01 (1.8054e-01)	L_Trg_Inj 4.0800e-01 (4.2953e-01)	Loss Disc 6.8489e-01 (6.8291e-01)	Loss Pred 2.9828e-01 (2.9501e-01)	Loss TOTAL 7.0468e-01 (7.0313e-01)
Epoch: [35][100/112]	L_Src_Sup 1.9802e-01 (1.7589e-01)	L_Trg_Inj 4.7600e-01 (4.2866e-01)	Loss Disc 6.7761e-01 (6.8288e-01)	Loss Pred 2.1421e-01 (2.9592e-01)	Loss TOTAL 6.2041e-01 (7.0338e-01)
Epoch: [35][110/112]	L_Src_Sup 1.3110e-01 (1.7890e-01)	L_Trg_Inj 2.5989e-01 (4.2441e-01)	Loss Disc 6.8445e-01 (6.8285e-01)	Loss Pred 2.7018e-01 (2.9575e-01)	Loss TOTAL 6.5151e-01 (7.0257e-01)
Epoch: [35][112/112]	L_Src_Sup 8.2962e-02 (1.7728e-01)	L_Trg_Inj 2.9769e-01 (4.2259e-01)	Loss Disc 6.8510e-01 (6.8285e-01)	Loss Pred 3.6855e-01 (2.9680e-01)	Loss TOTAL 7.4916e-01 (7.0319e-01)
Epoch 35 complete. Saving model state...
Epoch: [36][ 10/112]	L_Src_Sup 3.9847e-01 (1.9273e-01)	L_Trg_Inj 3.8635e-01 (2.8578e-01)	Loss Disc 6.7811e-01 (6.8213e-01)	Loss Pred 2.2845e-01 (2.7047e-01)	Loss TOTAL 6.5810e-01 (6.7803e-01)
Epoch: [36][ 20/112]	L_Src_Sup 3.3732e-01 (1.8762e-01)	L_Trg_Inj 4.3344e-01 (3.7385e-01)	Loss Disc 6.8240e-01 (6.8282e-01)	Loss Pred 2.8467e-01 (2.9114e-01)	Loss TOTAL 7.0294e-01 (6.9802e-01)
Epoch: [36][ 30/112]	L_Src_Sup 1.3692e-01 (1.9353e-01)	L_Trg_Inj 5.0270e-01 (3.9255e-01)	Loss Disc 6.7428e-01 (6.8283e-01)	Loss Pred 2.1455e-01 (2.9413e-01)	Loss TOTAL 6.1565e-01 (7.0074e-01)
Epoch: [36][ 40/112]	L_Src_Sup 1.8702e-01 (1.9378e-01)	L_Trg_Inj 3.6452e-01 (3.9382e-01)	Loss Disc 6.8003e-01 (6.8300e-01)	Loss Pred 2.1422e-01 (2.9455e-01)	Loss TOTAL 6.0939e-01 (6.9975e-01)
Epoch: [36][ 50/112]	L_Src_Sup 0.0000e+00 (1.9016e-01)	L_Trg_Inj 3.7324e-01 (3.8589e-01)	Loss Disc 6.8154e-01 (6.8315e-01)	Loss Pred 2.5621e-01 (2.9254e-01)	Loss TOTAL 6.3430e-01 (6.9802e-01)
Epoch: [36][ 60/112]	L_Src_Sup 8.4629e-02 (1.8873e-01)	L_Trg_Inj 4.0471e-01 (3.9131e-01)	Loss Disc 6.8673e-01 (6.8313e-01)	Loss Pred 3.2631e-01 (2.9187e-01)	Loss TOTAL 7.1861e-01 (6.9837e-01)
Epoch: [36][ 70/112]	L_Src_Sup 2.1173e-01 (1.9502e-01)	L_Trg_Inj 4.6380e-01 (3.9714e-01)	Loss Disc 6.8454e-01 (6.8303e-01)	Loss Pred 4.1133e-01 (2.9276e-01)	Loss TOTAL 8.2115e-01 (7.0260e-01)
Epoch: [36][ 80/112]	L_Src_Sup 1.4018e-01 (1.9200e-01)	L_Trg_Inj 3.2053e-01 (4.0146e-01)	Loss Disc 6.8848e-01 (6.8295e-01)	Loss Pred 4.2562e-01 (2.9584e-01)	Loss TOTAL 8.1593e-01 (7.0463e-01)
Epoch: [36][ 90/112]	L_Src_Sup 3.0386e-01 (1.8585e-01)	L_Trg_Inj 4.0650e-01 (4.0069e-01)	Loss Disc 6.8266e-01 (6.8283e-01)	Loss Pred 3.2720e-01 (2.9556e-01)	Loss TOTAL 7.3957e-01 (7.0317e-01)
Epoch: [36][100/112]	L_Src_Sup 0.0000e+00 (1.7844e-01)	L_Trg_Inj 3.7287e-01 (4.0152e-01)	Loss Disc 6.7688e-01 (6.8283e-01)	Loss Pred 2.2867e-01 (2.9770e-01)	Loss TOTAL 6.0439e-01 (7.0390e-01)
Epoch: [36][110/112]	L_Src_Sup 8.6531e-02 (1.7262e-01)	L_Trg_Inj 4.8619e-01 (3.8989e-01)	Loss Disc 6.7730e-01 (6.8282e-01)	Loss Pred 3.6811e-01 (2.9714e-01)	Loss TOTAL 7.6403e-01 (7.0137e-01)
Epoch: [36][112/112]	L_Src_Sup 3.1950e-01 (1.7467e-01)	L_Trg_Inj 3.9607e-01 (3.9039e-01)	Loss Disc 6.7749e-01 (6.8273e-01)	Loss Pred 2.3001e-01 (2.9643e-01)	Loss TOTAL 6.4031e-01 (7.0075e-01)
Epoch 36 complete. Saving model state...
Epoch: [37][ 10/112]	L_Src_Sup 1.9156e-01 (1.0661e-01)	L_Trg_Inj 1.2242e-01 (2.6288e-01)	Loss Disc 6.7929e-01 (6.8136e-01)	Loss Pred 2.1408e-01 (2.7312e-01)	Loss TOTAL 6.5427e-01 (6.5767e-01)
Epoch: [37][ 20/112]	L_Src_Sup 2.4725e-01 (1.1934e-01)	L_Trg_Inj 4.2268e-01 (2.7520e-01)	Loss Disc 6.8324e-01 (6.8256e-01)	Loss Pred 3.8182e-01 (2.8909e-01)	Loss TOTAL 7.9043e-01 (6.7716e-01)
Epoch: [37][ 30/112]	L_Src_Sup 0.0000e+00 (1.2116e-01)	L_Trg_Inj 1.9201e-01 (2.7895e-01)	Loss Disc 6.8580e-01 (6.8273e-01)	Loss Pred 2.6981e-01 (2.8501e-01)	Loss TOTAL 6.3191e-01 (6.7128e-01)
Epoch: [37][ 40/112]	L_Src_Sup 1.3063e-01 (1.3235e-01)	L_Trg_Inj 4.4168e-01 (2.9574e-01)	Loss Disc 6.8333e-01 (6.8263e-01)	Loss Pred 2.9842e-01 (2.9012e-01)	Loss TOTAL 6.9732e-01 (6.8248e-01)
Epoch: [37][ 50/112]	L_Src_Sup 4.9499e-02 (1.4319e-01)	L_Trg_Inj 3.9615e-01 (3.1185e-01)	Loss Disc 6.8136e-01 (6.8256e-01)	Loss Pred 3.1248e-01 (2.9065e-01)	Loss TOTAL 6.9773e-01 (6.8645e-01)
Epoch: [37][ 60/112]	L_Src_Sup 3.6007e-01 (1.5431e-01)	L_Trg_Inj 4.7510e-01 (3.3381e-01)	Loss Disc 6.7747e-01 (6.8246e-01)	Loss Pred 3.2629e-01 (2.9054e-01)	Loss TOTAL 7.4855e-01 (6.8811e-01)
Epoch: [37][ 70/112]	L_Src_Sup 6.4550e-02 (1.6425e-01)	L_Trg_Inj 3.9535e-01 (3.4253e-01)	Loss Disc 6.8786e-01 (6.8282e-01)	Loss Pred 3.9628e-01 (2.9284e-01)	Loss TOTAL 7.8620e-01 (6.9308e-01)
Epoch: [37][ 80/112]	L_Src_Sup 1.4464e-01 (1.6811e-01)	L_Trg_Inj 3.7031e-01 (3.4116e-01)	Loss Disc 6.8380e-01 (6.8275e-01)	Loss Pred 4.2463e-01 (2.9560e-01)	Loss TOTAL 8.1803e-01 (6.9806e-01)
Epoch: [37][ 90/112]	L_Src_Sup 3.5603e-01 (1.8740e-01)	L_Trg_Inj 2.1984e-01 (3.3214e-01)	Loss Disc 6.8826e-01 (6.8270e-01)	Loss Pred 3.4005e-01 (2.9727e-01)	Loss TOTAL 8.7796e-01 (7.1974e-01)
Epoch: [37][100/112]	L_Src_Sup 1.2604e-01 (1.9015e-01)	L_Trg_Inj 1.9866e-01 (3.2459e-01)	Loss Disc 6.8092e-01 (6.8273e-01)	Loss Pred 3.3981e-01 (2.9905e-01)	Loss TOTAL 7.1274e-01 (7.2287e-01)
Epoch: [37][110/112]	L_Src_Sup 2.2642e-01 (1.9092e-01)	L_Trg_Inj 5.2531e-01 (3.4000e-01)	Loss Disc 6.8290e-01 (6.8254e-01)	Loss Pred 3.1185e-01 (2.9541e-01)	Loss TOTAL 7.2848e-01 (7.1943e-01)
Epoch: [37][112/112]	L_Src_Sup 1.1953e-01 (1.9300e-01)	L_Trg_Inj 4.7165e-01 (3.4192e-01)	Loss Disc 6.8718e-01 (6.8261e-01)	Loss Pred 4.0979e-01 (2.9645e-01)	Loss TOTAL 8.1250e-01 (7.2101e-01)
Epoch 37 complete. Saving model state...
Epoch: [38][ 10/112]	L_Src_Sup 0.0000e+00 (1.4698e-01)	L_Trg_Inj 6.1554e-01 (4.9916e-01)	Loss Disc 6.7939e-01 (6.8198e-01)	Loss Pred 3.5368e-01 (2.8695e-01)	Loss TOTAL 7.5493e-01 (7.0097e-01)
Epoch: [38][ 20/112]	L_Src_Sup 2.2330e-01 (1.7698e-01)	L_Trg_Inj 5.4628e-01 (4.7665e-01)	Loss Disc 6.8441e-01 (6.8337e-01)	Loss Pred 3.3919e-01 (2.9363e-01)	Loss TOTAL 7.5835e-01 (7.0731e-01)
Epoch: [38][ 30/112]	L_Src_Sup 1.1050e-01 (1.8414e-01)	L_Trg_Inj 3.8988e-01 (4.8108e-01)	Loss Disc 6.8746e-01 (6.8353e-01)	Loss Pred 3.1117e-01 (2.9674e-01)	Loss TOTAL 7.0494e-01 (7.1012e-01)
Epoch: [38][ 40/112]	L_Src_Sup 4.7066e-01 (1.9431e-01)	L_Trg_Inj 4.8107e-01 (4.8154e-01)	Loss Disc 6.8849e-01 (6.8367e-01)	Loss Pred 3.1198e-01 (3.0352e-01)	Loss TOTAL 7.5140e-01 (7.1676e-01)
Epoch: [38][ 50/112]	L_Src_Sup 2.3711e-01 (1.8985e-01)	L_Trg_Inj 3.6517e-01 (4.7915e-01)	Loss Disc 6.9052e-01 (6.8363e-01)	Loss Pred 2.9695e-01 (3.0083e-01)	Loss TOTAL 7.0243e-01 (7.1260e-01)
Epoch: [38][ 60/112]	L_Src_Sup 1.4850e-01 (2.0008e-01)	L_Trg_Inj 6.2922e-01 (4.7824e-01)	Loss Disc 6.7035e-01 (6.8316e-01)	Loss Pred 2.5524e-01 (3.0018e-01)	Loss TOTAL 6.6818e-01 (7.1395e-01)
Epoch: [38][ 70/112]	L_Src_Sup 2.7654e-01 (2.0547e-01)	L_Trg_Inj 3.8780e-01 (4.7425e-01)	Loss Disc 6.9045e-01 (6.8319e-01)	Loss Pred 3.2442e-01 (3.0127e-01)	Loss TOTAL 7.3608e-01 (7.1457e-01)
Epoch: [38][ 80/112]	L_Src_Sup 3.4713e-01 (2.0878e-01)	L_Trg_Inj 3.1657e-01 (4.6587e-01)	Loss Disc 6.8861e-01 (6.8308e-01)	Loss Pred 3.7971e-01 (3.0038e-01)	Loss TOTAL 8.2096e-01 (7.1309e-01)
Epoch: [38][ 90/112]	L_Src_Sup 9.2176e-02 (2.1144e-01)	L_Trg_Inj 4.2466e-01 (4.6032e-01)	Loss Disc 6.8282e-01 (6.8305e-01)	Loss Pred 4.0729e-01 (3.0044e-01)	Loss TOTAL 8.0038e-01 (7.1244e-01)
Epoch: [38][100/112]	L_Src_Sup 0.0000e+00 (2.1496e-01)	L_Trg_Inj 4.4568e-01 (4.5755e-01)	Loss Disc 6.8324e-01 (6.8304e-01)	Loss Pred 2.5562e-01 (2.9995e-01)	Loss TOTAL 6.4181e-01 (7.1384e-01)
Epoch: [38][110/112]	L_Src_Sup 0.0000e+00 (2.2156e-01)	L_Trg_Inj 5.0935e-01 (4.5779e-01)	Loss Disc 6.7659e-01 (6.8287e-01)	Loss Pred 1.8689e-01 (2.9717e-01)	Loss TOTAL 5.7612e-01 (7.1470e-01)
Epoch: [38][112/112]	L_Src_Sup 1.7545e-01 (2.1917e-01)	L_Trg_Inj 4.3755e-01 (4.5783e-01)	Loss Disc 6.8201e-01 (6.8279e-01)	Loss Pred 2.2734e-01 (2.9506e-01)	Loss TOTAL 6.2965e-01 (7.1217e-01)
Epoch 38 complete. Saving model state...
Epoch: [39][ 10/112]	L_Src_Sup 0.0000e+00 (1.4029e-01)	L_Trg_Inj 4.4426e-01 (4.4380e-01)	Loss Disc 6.8049e-01 (6.8347e-01)	Loss Pred 2.8371e-01 (2.8430e-01)	Loss TOTAL 6.6838e-01 (6.8444e-01)
Epoch: [39][ 20/112]	L_Src_Sup 1.0729e-01 (1.8182e-01)	L_Trg_Inj 5.1555e-01 (4.4697e-01)	Loss Disc 6.8069e-01 (6.8332e-01)	Loss Pred 3.2414e-01 (3.0017e-01)	Loss TOTAL 7.2677e-01 (7.0471e-01)
Epoch: [39][ 30/112]	L_Src_Sup 0.0000e+00 (1.9404e-01)	L_Trg_Inj 3.3521e-01 (4.2901e-01)	Loss Disc 6.8736e-01 (6.8313e-01)	Loss Pred 2.6857e-01 (2.8969e-01)	Loss TOTAL 6.4577e-01 (6.9937e-01)
Epoch: [39][ 40/112]	L_Src_Sup 0.0000e+00 (1.9092e-01)	L_Trg_Inj 2.5429e-01 (4.0347e-01)	Loss Disc 6.8024e-01 (6.8304e-01)	Loss Pred 2.4105e-01 (2.9251e-01)	Loss TOTAL 6.0660e-01 (7.0817e-01)
Epoch: [39][ 50/112]	L_Src_Sup 1.1583e-01 (1.9414e-01)	L_Trg_Inj 4.4546e-01 (3.9282e-01)	Loss Disc 6.8187e-01 (6.8268e-01)	Loss Pred 2.9649e-01 (2.9365e-01)	Loss TOTAL 6.9355e-01 (7.0714e-01)
Epoch: [39][ 60/112]	L_Src_Sup 1.0564e-02 (2.1211e-01)	L_Trg_Inj 3.7712e-01 (3.9970e-01)	Loss Disc 6.8535e-01 (6.8314e-01)	Loss Pred 2.2707e-01 (2.9483e-01)	Loss TOTAL 6.0852e-01 (7.1059e-01)
Epoch: [39][ 70/112]	L_Src_Sup 0.0000e+00 (2.0966e-01)	L_Trg_Inj 3.4959e-01 (4.0865e-01)	Loss Disc 6.8875e-01 (6.8332e-01)	Loss Pred 3.2380e-01 (2.9880e-01)	Loss TOTAL 7.0313e-01 (7.1345e-01)
Epoch: [39][ 80/112]	L_Src_Sup 5.2197e-01 (2.2315e-01)	L_Trg_Inj 4.7553e-01 (4.1986e-01)	Loss Disc 6.8566e-01 (6.8303e-01)	Loss Pred 3.2442e-01 (2.9714e-01)	Loss TOTAL 8.1345e-01 (7.1714e-01)
Epoch: [39][ 90/112]	L_Src_Sup 8.3542e-02 (2.1057e-01)	L_Trg_Inj 5.3611e-01 (4.3144e-01)	Loss Disc 6.8347e-01 (6.8275e-01)	Loss Pred 3.9377e-01 (2.9604e-01)	Loss TOTAL 7.9747e-01 (7.1423e-01)
Epoch: [39][100/112]	L_Src_Sup 4.4414e-01 (2.0191e-01)	L_Trg_Inj 5.6487e-01 (4.3796e-01)	Loss Disc 6.7968e-01 (6.8284e-01)	Loss Pred 2.9624e-01 (2.9470e-01)	Loss TOTAL 7.3698e-01 (7.1146e-01)
Epoch: [39][110/112]	L_Src_Sup 1.1556e-01 (1.9643e-01)	L_Trg_Inj 5.4817e-01 (4.4622e-01)	Loss Disc 6.8260e-01 (6.8265e-01)	Loss Pred 3.0978e-01 (2.9370e-01)	Loss TOTAL 7.1746e-01 (7.0961e-01)
Epoch: [39][112/112]	L_Src_Sup 3.4408e-01 (1.9773e-01)	L_Trg_Inj 4.5972e-01 (4.4587e-01)	Loss Disc 6.8258e-01 (6.8271e-01)	Loss Pred 3.2357e-01 (2.9449e-01)	Loss TOTAL 7.4524e-01 (7.1033e-01)
Epoch 39 complete. Saving model state...
Epoch: [40][ 10/112]	L_Src_Sup 2.0551e-01 (2.2863e-01)	L_Trg_Inj 4.6147e-01 (4.9256e-01)	Loss Disc 6.8402e-01 (6.8187e-01)	Loss Pred 2.4048e-01 (2.9590e-01)	Loss TOTAL 6.4919e-01 (7.0895e-01)
Epoch: [40][ 20/112]	L_Src_Sup 9.1180e-02 (1.8381e-01)	L_Trg_Inj 2.6867e-01 (4.5517e-01)	Loss Disc 6.9001e-01 (6.8426e-01)	Loss Pred 2.4079e-01 (3.1532e-01)	Loss TOTAL 6.2178e-01 (7.2148e-01)
Epoch: [40][ 30/112]	L_Src_Sup 3.0035e-01 (1.9242e-01)	L_Trg_Inj 3.7602e-01 (4.5129e-01)	Loss Disc 6.8261e-01 (6.8362e-01)	Loss Pred 2.5444e-01 (3.0884e-01)	Loss TOTAL 6.6338e-01 (7.1511e-01)
Epoch: [40][ 40/112]	L_Src_Sup 3.5128e-01 (2.0950e-01)	L_Trg_Inj 4.4078e-01 (4.4075e-01)	Loss Disc 6.7537e-01 (6.8301e-01)	Loss Pred 2.4051e-01 (2.9835e-01)	Loss TOTAL 6.5741e-01 (7.0581e-01)
Epoch: [40][ 50/112]	L_Src_Sup 1.4457e-01 (2.1921e-01)	L_Trg_Inj 4.5995e-01 (4.3990e-01)	Loss Disc 6.7577e-01 (6.8278e-01)	Loss Pred 2.2772e-01 (2.9672e-01)	Loss TOTAL 6.2605e-01 (7.0900e-01)
Epoch: [40][ 60/112]	L_Src_Sup 1.5815e-01 (2.2334e-01)	L_Trg_Inj 5.2081e-01 (4.3442e-01)	Loss Disc 6.7448e-01 (6.8309e-01)	Loss Pred 2.4177e-01 (2.9840e-01)	Loss TOTAL 6.4690e-01 (7.1176e-01)
Epoch: [40][ 70/112]	L_Src_Sup 2.7416e-01 (2.1276e-01)	L_Trg_Inj 4.3966e-01 (4.3747e-01)	Loss Disc 6.7676e-01 (6.8284e-01)	Loss Pred 2.5462e-01 (2.9611e-01)	Loss TOTAL 6.6438e-01 (7.0773e-01)
Epoch: [40][ 80/112]	L_Src_Sup 3.8996e-02 (2.0506e-01)	L_Trg_Inj 3.9794e-01 (4.3114e-01)	Loss Disc 6.7938e-01 (6.8275e-01)	Loss Pred 2.8202e-01 (2.9124e-01)	Loss TOTAL 6.6540e-01 (7.0133e-01)
Epoch: [40][ 90/112]	L_Src_Sup 1.2674e-01 (2.0382e-01)	L_Trg_Inj 4.3095e-01 (4.2960e-01)	Loss Disc 6.8289e-01 (6.8279e-01)	Loss Pred 2.8248e-01 (2.9133e-01)	Loss TOTAL 6.7969e-01 (7.0330e-01)
Epoch: [40][100/112]	L_Src_Sup 1.6156e-01 (2.0139e-01)	L_Trg_Inj 3.8428e-01 (4.2798e-01)	Loss Disc 6.8991e-01 (6.8297e-01)	Loss Pred 3.9296e-01 (2.9514e-01)	Loss TOTAL 7.9250e-01 (7.0723e-01)
Epoch: [40][110/112]	L_Src_Sup 1.3680e-01 (2.0029e-01)	L_Trg_Inj 4.1528e-01 (4.2914e-01)	Loss Disc 6.8088e-01 (6.8284e-01)	Loss Pred 2.6823e-01 (2.9460e-01)	Loss TOTAL 6.6387e-01 (7.0775e-01)
Epoch: [40][112/112]	L_Src_Sup 1.6259e-01 (2.0034e-01)	L_Trg_Inj 4.0517e-01 (4.2866e-01)	Loss Disc 6.8246e-01 (6.8282e-01)	Loss Pred 2.5432e-01 (2.9425e-01)	Loss TOTAL 6.5233e-01 (7.0719e-01)
Epoch 40 complete. Saving model state...
Epoch: [41][ 10/112]	L_Src_Sup 1.0719e-01 (2.0703e-01)	L_Trg_Inj 2.2418e-01 (3.0403e-01)	Loss Disc 6.8122e-01 (6.7979e-01)	Loss Pred 3.0959e-01 (2.9041e-01)	Loss TOTAL 6.8334e-01 (7.0469e-01)
Epoch: [41][ 20/112]	L_Src_Sup 2.7759e-01 (2.5992e-01)	L_Trg_Inj 5.2469e-01 (3.5868e-01)	Loss Disc 6.8416e-01 (6.8197e-01)	Loss Pred 2.8337e-01 (2.8645e-01)	Loss TOTAL 7.0567e-01 (7.2192e-01)
Epoch: [41][ 30/112]	L_Src_Sup 2.3626e-01 (2.3084e-01)	L_Trg_Inj 5.6421e-01 (3.9711e-01)	Loss Disc 6.7981e-01 (6.8190e-01)	Loss Pred 2.8304e-01 (2.8215e-01)	Loss TOTAL 7.0299e-01 (7.0979e-01)
Epoch: [41][ 40/112]	L_Src_Sup 8.0010e-02 (2.0861e-01)	L_Trg_Inj 3.0766e-01 (4.1399e-01)	Loss Disc 6.9298e-01 (6.8203e-01)	Loss Pred 3.1081e-01 (2.8062e-01)	Loss TOTAL 6.9607e-01 (7.0282e-01)
Epoch: [41][ 50/112]	L_Src_Sup 0.0000e+00 (1.9007e-01)	L_Trg_Inj 5.0699e-01 (4.2872e-01)	Loss Disc 6.7594e-01 (6.8192e-01)	Loss Pred 2.2696e-01 (2.8855e-01)	Loss TOTAL 6.1563e-01 (7.0653e-01)
Epoch: [41][ 60/112]	L_Src_Sup 8.9192e-02 (2.0273e-01)	L_Trg_Inj 5.0305e-01 (4.3352e-01)	Loss Disc 6.7639e-01 (6.8199e-01)	Loss Pred 2.8241e-01 (2.9078e-01)	Loss TOTAL 6.7984e-01 (7.1094e-01)
Epoch: [41][ 70/112]	L_Src_Sup 4.3604e-01 (2.0697e-01)	L_Trg_Inj 4.8491e-01 (4.3348e-01)	Loss Disc 6.8451e-01 (6.8210e-01)	Loss Pred 3.0990e-01 (2.8838e-01)	Loss TOTAL 7.4425e-01 (7.0679e-01)
Epoch: [41][ 80/112]	L_Src_Sup 2.8091e-01 (2.0604e-01)	L_Trg_Inj 3.4865e-01 (4.3365e-01)	Loss Disc 6.8672e-01 (6.8234e-01)	Loss Pred 3.3765e-01 (2.9194e-01)	Loss TOTAL 7.4396e-01 (7.0873e-01)
Epoch: [41][ 90/112]	L_Src_Sup 4.3710e-01 (2.0145e-01)	L_Trg_Inj 4.1290e-01 (4.2711e-01)	Loss Disc 6.8149e-01 (6.8254e-01)	Loss Pred 3.0938e-01 (2.9294e-01)	Loss TOTAL 7.5934e-01 (7.0889e-01)
Epoch: [41][100/112]	L_Src_Sup 8.5778e-02 (1.9716e-01)	L_Trg_Inj 4.3454e-01 (4.3196e-01)	Loss Disc 6.8657e-01 (6.8260e-01)	Loss Pred 3.5059e-01 (2.9308e-01)	Loss TOTAL 7.4590e-01 (7.0793e-01)
Epoch: [41][110/112]	L_Src_Sup 1.4097e-01 (1.9488e-01)	L_Trg_Inj 3.5790e-01 (4.3329e-01)	Loss Disc 6.8325e-01 (6.8262e-01)	Loss Pred 2.5392e-01 (2.9416e-01)	Loss TOTAL 6.4543e-01 (7.0799e-01)
Epoch: [41][112/112]	L_Src_Sup 3.7675e-03 (1.9143e-01)	L_Trg_Inj 5.1893e-01 (4.3320e-01)	Loss Disc 6.8064e-01 (6.8265e-01)	Loss Pred 2.6780e-01 (2.9418e-01)	Loss TOTAL 6.6039e-01 (7.0749e-01)
Epoch 41 complete. Saving model state...
Epoch: [42][ 10/112]	L_Src_Sup 0.0000e+00 (4.0423e-02)	L_Trg_Inj 3.7147e-01 (4.2063e-01)	Loss Disc 6.7878e-01 (6.7976e-01)	Loss Pred 2.3985e-01 (2.5658e-01)	Loss TOTAL 6.1639e-01 (6.4257e-01)
Epoch: [42][ 20/112]	L_Src_Sup 8.5979e-02 (9.1333e-02)	L_Trg_Inj 3.3738e-01 (3.3882e-01)	Loss Disc 6.7215e-01 (6.8118e-01)	Loss Pred 1.9853e-01 (2.7991e-01)	Loss TOTAL 5.7694e-01 (6.6978e-01)
Epoch: [42][ 30/112]	L_Src_Sup 2.4755e-01 (1.0450e-01)	L_Trg_Inj 4.2127e-01 (3.1338e-01)	Loss Disc 6.7984e-01 (6.8153e-01)	Loss Pred 2.8105e-01 (2.8767e-01)	Loss TOTAL 6.8786e-01 (6.7911e-01)
Epoch: [42][ 40/112]	L_Src_Sup 3.4028e-01 (1.2885e-01)	L_Trg_Inj 3.4724e-01 (3.3072e-01)	Loss Disc 6.9135e-01 (6.8243e-01)	Loss Pred 3.4992e-01 (2.9874e-01)	Loss TOTAL 7.6435e-01 (6.9309e-01)
Epoch: [42][ 50/112]	L_Src_Sup 1.8374e-01 (1.3434e-01)	L_Trg_Inj 3.2778e-01 (3.4244e-01)	Loss Disc 6.8959e-01 (6.8227e-01)	Loss Pred 3.6409e-01 (2.9938e-01)	Loss TOTAL 7.6004e-01 (6.9393e-01)
Epoch: [42][ 60/112]	L_Src_Sup 0.0000e+00 (1.3015e-01)	L_Trg_Inj 4.1338e-01 (3.3851e-01)	Loss Disc 6.7709e-01 (6.8229e-01)	Loss Pred 3.0834e-01 (2.9979e-01)	Loss TOTAL 6.8822e-01 (6.9380e-01)
Epoch: [42][ 70/112]	L_Src_Sup 2.6532e-01 (1.3596e-01)	L_Trg_Inj 2.9608e-01 (3.3333e-01)	Loss Disc 6.8704e-01 (6.8248e-01)	Loss Pred 2.9473e-01 (2.9828e-01)	Loss TOTAL 6.9439e-01 (6.9546e-01)
Epoch: [42][ 80/112]	L_Src_Sup 3.5532e-01 (1.4953e-01)	L_Trg_Inj 3.6510e-01 (3.3903e-01)	Loss Disc 6.7787e-01 (6.8247e-01)	Loss Pred 2.2631e-01 (2.9580e-01)	Loss TOTAL 6.3729e-01 (6.9642e-01)
Epoch: [42][ 90/112]	L_Src_Sup 0.0000e+00 (1.5518e-01)	L_Trg_Inj 4.8733e-01 (3.4564e-01)	Loss Disc 6.7864e-01 (6.8246e-01)	Loss Pred 2.1240e-01 (2.9429e-01)	Loss TOTAL 6.0045e-01 (6.9675e-01)
Epoch: [42][100/112]	L_Src_Sup 3.4286e-01 (1.5661e-01)	L_Trg_Inj 2.6176e-01 (3.4948e-01)	Loss Disc 6.9407e-01 (6.8277e-01)	Loss Pred 3.4931e-01 (2.9514e-01)	Loss TOTAL 8.3790e-01 (6.9913e-01)
Epoch: [42][110/112]	L_Src_Sup 3.0961e-01 (1.6304e-01)	L_Trg_Inj 4.6215e-01 (3.5568e-01)	Loss Disc 6.8316e-01 (6.8283e-01)	Loss Pred 2.5349e-01 (2.9314e-01)	Loss TOTAL 6.7225e-01 (7.0004e-01)
Epoch: [42][112/112]	L_Src_Sup 1.3233e-01 (1.6268e-01)	L_Trg_Inj 3.1125e-01 (3.5589e-01)	Loss Disc 6.8388e-01 (6.8284e-01)	Loss Pred 2.6714e-01 (2.9292e-01)	Loss TOTAL 6.5344e-01 (6.9957e-01)
Epoch 42 complete. Saving model state...
Epoch: [43][ 10/112]	L_Src_Sup 2.9785e-01 (2.2356e-01)	L_Trg_Inj 3.5777e-01 (4.0949e-01)	Loss Disc 6.8593e-01 (6.8317e-01)	Loss Pred 3.3549e-01 (2.8228e-01)	Loss TOTAL 7.4402e-01 (7.0205e-01)
Epoch: [43][ 20/112]	L_Src_Sup 0.0000e+00 (2.0979e-01)	L_Trg_Inj 4.0304e-01 (4.1154e-01)	Loss Disc 6.8546e-01 (6.8267e-01)	Loss Pred 3.0789e-01 (2.8150e-01)	Loss TOTAL 6.9092e-01 (6.9241e-01)
Epoch: [43][ 30/112]	L_Src_Sup 0.0000e+00 (1.7080e-01)	L_Trg_Inj 2.6499e-01 (3.7108e-01)	Loss Disc 6.8029e-01 (6.8282e-01)	Loss Pred 2.6650e-01 (2.7881e-01)	Loss TOTAL 6.3314e-01 (6.7937e-01)
Epoch: [43][ 40/112]	L_Src_Sup 4.2874e-01 (1.8877e-01)	L_Trg_Inj 3.1706e-01 (3.5834e-01)	Loss Disc 6.8827e-01 (6.8249e-01)	Loss Pred 2.3942e-01 (2.8272e-01)	Loss TOTAL 7.6981e-01 (7.0360e-01)
Epoch: [43][ 50/112]	L_Src_Sup 2.9719e-01 (1.9153e-01)	L_Trg_Inj 4.3868e-01 (3.7223e-01)	Loss Disc 6.8742e-01 (6.8271e-01)	Loss Pred 3.4907e-01 (2.9113e-01)	Loss TOTAL 7.6637e-01 (7.0880e-01)
Epoch: [43][ 60/112]	L_Src_Sup 4.7350e-01 (1.8271e-01)	L_Trg_Inj 3.2656e-01 (3.7022e-01)	Loss Disc 6.8314e-01 (6.8287e-01)	Loss Pred 2.5291e-01 (2.9141e-01)	Loss TOTAL 8.2143e-01 (7.0721e-01)
Epoch: [43][ 70/112]	L_Src_Sup 1.3420e-01 (1.8617e-01)	L_Trg_Inj 5.5711e-01 (3.8212e-01)	Loss Disc 6.8502e-01 (6.8263e-01)	Loss Pred 2.8112e-01 (2.9225e-01)	Loss TOTAL 6.9276e-01 (7.1010e-01)
Epoch: [43][ 80/112]	L_Src_Sup 1.0520e-01 (1.8617e-01)	L_Trg_Inj 4.6402e-01 (3.9116e-01)	Loss Disc 6.8447e-01 (6.8281e-01)	Loss Pred 3.2203e-01 (2.9136e-01)	Loss TOTAL 7.2119e-01 (7.0963e-01)
Epoch: [43][ 90/112]	L_Src_Sup 6.3660e-01 (1.8527e-01)	L_Trg_Inj 4.4543e-01 (3.9378e-01)	Loss Disc 6.7859e-01 (6.8264e-01)	Loss Pred 2.5296e-01 (2.9092e-01)	Loss TOTAL 8.9163e-01 (7.0927e-01)
Epoch: [43][100/112]	L_Src_Sup 2.4811e-01 (1.8687e-01)	L_Trg_Inj 3.9766e-01 (3.9659e-01)	Loss Disc 6.8044e-01 (6.8275e-01)	Loss Pred 2.6676e-01 (2.9237e-01)	Loss TOTAL 6.7156e-01 (7.0931e-01)
Epoch: [43][110/112]	L_Src_Sup 2.7892e-01 (1.8994e-01)	L_Trg_Inj 3.1959e-01 (3.9539e-01)	Loss Disc 6.8129e-01 (6.8270e-01)	Loss Pred 2.2574e-01 (2.9278e-01)	Loss TOTAL 6.2624e-01 (7.0831e-01)
Epoch: [43][112/112]	L_Src_Sup 1.8169e-01 (1.8931e-01)	L_Trg_Inj 2.5839e-01 (3.9363e-01)	Loss Disc 6.8536e-01 (6.8270e-01)	Loss Pred 2.6772e-01 (2.9244e-01)	Loss TOTAL 6.5441e-01 (7.0746e-01)
Epoch 43 complete. Saving model state...
Epoch: [44][ 10/112]	L_Src_Sup 3.6709e-01 (1.5689e-01)	L_Trg_Inj 1.9474e-01 (2.4452e-01)	Loss Disc 6.8597e-01 (6.8413e-01)	Loss Pred 2.5295e-01 (3.0217e-01)	Loss TOTAL 8.2446e-01 (7.0962e-01)
Epoch: [44][ 20/112]	L_Src_Sup 0.0000e+00 (1.5199e-01)	L_Trg_Inj 4.0024e-01 (3.1043e-01)	Loss Disc 6.6962e-01 (6.8245e-01)	Loss Pred 1.5727e-01 (2.8997e-01)	Loss TOTAL 5.3210e-01 (6.9006e-01)
Epoch: [44][ 30/112]	L_Src_Sup 2.0233e-01 (1.6118e-01)	L_Trg_Inj 3.5669e-01 (3.1153e-01)	Loss Disc 6.8017e-01 (6.8275e-01)	Loss Pred 3.4813e-01 (2.9577e-01)	Loss TOTAL 7.4411e-01 (6.9686e-01)
Epoch: [44][ 40/112]	L_Src_Sup 4.0762e-01 (1.7608e-01)	L_Trg_Inj 2.7820e-01 (3.2000e-01)	Loss Disc 6.8205e-01 (6.8285e-01)	Loss Pred 2.2534e-01 (2.9284e-01)	Loss TOTAL 7.6437e-01 (6.9868e-01)
Epoch: [44][ 50/112]	L_Src_Sup 1.7706e-01 (1.8681e-01)	L_Trg_Inj 4.9905e-01 (3.3126e-01)	Loss Disc 6.8471e-01 (6.8273e-01)	Loss Pred 3.2063e-01 (2.8997e-01)	Loss TOTAL 7.3059e-01 (7.0147e-01)
Epoch: [44][ 60/112]	L_Src_Sup 4.2845e-01 (2.0123e-01)	L_Trg_Inj 4.7629e-01 (3.4906e-01)	Loss Disc 6.8137e-01 (6.8266e-01)	Loss Pred 2.8077e-01 (2.8805e-01)	Loss TOTAL 7.1193e-01 (7.0398e-01)
Epoch: [44][ 70/112]	L_Src_Sup 2.7461e-01 (2.0579e-01)	L_Trg_Inj 3.8374e-01 (3.6841e-01)	Loss Disc 6.8862e-01 (6.8268e-01)	Loss Pred 3.0704e-01 (2.8981e-01)	Loss TOTAL 7.1718e-01 (7.0535e-01)
Epoch: [44][ 80/112]	L_Src_Sup 5.9050e-02 (2.0466e-01)	L_Trg_Inj 4.4669e-01 (3.7689e-01)	Loss Disc 6.8157e-01 (6.8256e-01)	Loss Pred 2.7966e-01 (2.8855e-01)	Loss TOTAL 6.7102e-01 (7.0314e-01)
Epoch: [44][ 90/112]	L_Src_Sup 1.9520e-01 (2.1070e-01)	L_Trg_Inj 5.8438e-01 (3.8620e-01)	Loss Disc 6.9340e-01 (6.8252e-01)	Loss Pred 4.1659e-01 (2.8971e-01)	Loss TOTAL 8.4125e-01 (7.0665e-01)
Epoch: [44][100/112]	L_Src_Sup 7.9738e-01 (2.2641e-01)	L_Trg_Inj 5.3782e-01 (4.0444e-01)	Loss Disc 6.9166e-01 (6.8285e-01)	Loss Pred 3.5193e-01 (2.9066e-01)	Loss TOTAL 1.0908e+00 (7.1419e-01)
Epoch: [44][110/112]	L_Src_Sup 1.8004e-01 (2.2569e-01)	L_Trg_Inj 4.9329e-01 (4.2132e-01)	Loss Disc 6.7937e-01 (6.8262e-01)	Loss Pred 2.2594e-01 (2.9112e-01)	Loss TOTAL 6.3295e-01 (7.1442e-01)
Epoch: [44][112/112]	L_Src_Sup 0.0000e+00 (2.2343e-01)	L_Trg_Inj 5.2932e-01 (4.2279e-01)	Loss Disc 6.7746e-01 (6.8255e-01)	Loss Pred 3.0889e-01 (2.9167e-01)	Loss TOTAL 7.0055e-01 (7.1455e-01)
Epoch 44 complete. Saving model state...
Epoch: [45][ 10/112]	L_Src_Sup 3.5599e-01 (2.0231e-01)	L_Trg_Inj 4.1907e-01 (4.7433e-01)	Loss Disc 6.7589e-01 (6.7731e-01)	Loss Pred 2.9391e-01 (2.7231e-01)	Loss TOTAL 7.0936e-01 (6.7876e-01)
Epoch: [45][ 20/112]	L_Src_Sup 9.0811e-02 (1.7129e-01)	L_Trg_Inj 3.1985e-01 (4.5195e-01)	Loss Disc 6.8449e-01 (6.7873e-01)	Loss Pred 3.0845e-01 (2.8456e-01)	Loss TOTAL 6.9176e-01 (6.8631e-01)
Epoch: [45][ 30/112]	L_Src_Sup 2.5558e-01 (2.0677e-01)	L_Trg_Inj 4.3822e-01 (4.4454e-01)	Loss Disc 6.8263e-01 (6.7939e-01)	Loss Pred 2.7997e-01 (2.8630e-01)	Loss TOTAL 6.9066e-01 (7.0423e-01)
Epoch: [45][ 40/112]	L_Src_Sup 2.1294e-01 (2.1037e-01)	L_Trg_Inj 3.5864e-01 (4.3328e-01)	Loss Disc 6.8340e-01 (6.8042e-01)	Loss Pred 3.2101e-01 (2.8745e-01)	Loss TOTAL 7.1987e-01 (7.0644e-01)
Epoch: [45][ 50/112]	L_Src_Sup 4.0220e-01 (2.0976e-01)	L_Trg_Inj 3.1433e-01 (4.3673e-01)	Loss Disc 6.8732e-01 (6.8040e-01)	Loss Pred 2.7968e-01 (2.8486e-01)	Loss TOTAL 7.8286e-01 (7.0300e-01)
Epoch: [45][ 60/112]	L_Src_Sup 0.0000e+00 (2.0887e-01)	L_Trg_Inj 3.8855e-01 (4.3361e-01)	Loss Disc 6.8280e-01 (6.8093e-01)	Loss Pred 2.7957e-01 (2.8605e-01)	Loss TOTAL 6.5983e-01 (7.0567e-01)
Epoch: [45][ 70/112]	L_Src_Sup 6.2104e-01 (2.0732e-01)	L_Trg_Inj 4.0340e-01 (4.3075e-01)	Loss Disc 6.8407e-01 (6.8090e-01)	Loss Pred 2.7938e-01 (2.8804e-01)	Loss TOTAL 9.4150e-01 (7.0818e-01)
Epoch: [45][ 80/112]	L_Src_Sup 1.0313e-01 (2.0457e-01)	L_Trg_Inj 4.8459e-01 (4.2585e-01)	Loss Disc 6.8264e-01 (6.8139e-01)	Loss Pred 3.6287e-01 (2.9261e-01)	Loss TOTAL 7.6296e-01 (7.1025e-01)
Epoch: [45][ 90/112]	L_Src_Sup 3.6554e-01 (2.0860e-01)	L_Trg_Inj 4.1074e-01 (4.2080e-01)	Loss Disc 6.7840e-01 (6.8148e-01)	Loss Pred 2.7930e-01 (2.8932e-01)	Loss TOTAL 6.9613e-01 (7.0569e-01)
Epoch: [45][100/112]	L_Src_Sup 4.4377e-01 (2.1043e-01)	L_Trg_Inj 4.5977e-01 (4.1783e-01)	Loss Disc 6.8801e-01 (6.8183e-01)	Loss Pred 4.2886e-01 (2.9187e-01)	Loss TOTAL 8.6322e-01 (7.0764e-01)
Epoch: [45][110/112]	L_Src_Sup 2.6683e-01 (2.1456e-01)	L_Trg_Inj 4.3890e-01 (4.1640e-01)	Loss Disc 6.8224e-01 (6.8201e-01)	Loss Pred 2.7924e-01 (2.9134e-01)	Loss TOTAL 6.9094e-01 (7.0653e-01)
Epoch: [45][112/112]	L_Src_Sup 2.1394e-01 (2.1264e-01)	L_Trg_Inj 3.6560e-01 (4.1615e-01)	Loss Disc 6.8411e-01 (6.8206e-01)	Loss Pred 2.9287e-01 (2.9149e-01)	Loss TOTAL 6.9287e-01 (7.0629e-01)
Epoch 45 complete. Saving model state...
Epoch: [46][ 10/112]	L_Src_Sup 0.0000e+00 (2.2623e-01)	L_Trg_Inj 3.5552e-01 (3.9656e-01)	Loss Disc 6.7750e-01 (6.8304e-01)	Loss Pred 1.8401e-01 (2.7248e-01)	Loss TOTAL 5.5832e-01 (6.8590e-01)
Epoch: [46][ 20/112]	L_Src_Sup 1.1477e-01 (2.1217e-01)	L_Trg_Inj 2.7469e-01 (4.1338e-01)	Loss Disc 6.8619e-01 (6.8269e-01)	Loss Pred 3.0637e-01 (2.7789e-01)	Loss TOTAL 6.8841e-01 (6.8659e-01)
Epoch: [46][ 30/112]	L_Src_Sup 6.9684e-01 (2.1859e-01)	L_Trg_Inj 4.5791e-01 (4.0549e-01)	Loss Disc 6.7905e-01 (6.8296e-01)	Loss Pred 2.3831e-01 (2.8597e-01)	Loss TOTAL 9.3223e-01 (7.0478e-01)
Epoch: [46][ 40/112]	L_Src_Sup 0.0000e+00 (1.9759e-01)	L_Trg_Inj 4.4170e-01 (4.1683e-01)	Loss Disc 6.7932e-01 (6.8288e-01)	Loss Pred 1.9762e-01 (2.9034e-01)	Loss TOTAL 5.8145e-01 (7.0441e-01)
Epoch: [46][ 50/112]	L_Src_Sup 1.4248e-01 (1.8639e-01)	L_Trg_Inj 3.1492e-01 (4.1607e-01)	Loss Disc 6.8456e-01 (6.8308e-01)	Loss Pred 2.5169e-01 (2.9074e-01)	Loss TOTAL 6.3971e-01 (7.0148e-01)
Epoch: [46][ 60/112]	L_Src_Sup 2.9103e-01 (1.8338e-01)	L_Trg_Inj 4.8232e-01 (4.1636e-01)	Loss Disc 6.7896e-01 (6.8298e-01)	Loss Pred 2.5166e-01 (2.8559e-01)	Loss TOTAL 6.6847e-01 (6.9545e-01)
Epoch: [46][ 70/112]	L_Src_Sup 1.5335e-01 (1.7980e-01)	L_Trg_Inj 3.5347e-01 (4.1581e-01)	Loss Disc 6.8276e-01 (6.8257e-01)	Loss Pred 2.3803e-01 (2.8619e-01)	Loss TOTAL 6.3010e-01 (6.9423e-01)
Epoch: [46][ 80/112]	L_Src_Sup 2.4838e-01 (1.8164e-01)	L_Trg_Inj 2.6417e-01 (4.0247e-01)	Loss Disc 6.8987e-01 (6.8257e-01)	Loss Pred 3.1945e-01 (2.8679e-01)	Loss TOTAL 7.1564e-01 (6.9369e-01)
Epoch: [46][ 90/112]	L_Src_Sup 3.8190e-01 (1.8491e-01)	L_Trg_Inj 4.1326e-01 (4.0455e-01)	Loss Disc 6.8078e-01 (6.8260e-01)	Loss Pred 1.9727e-01 (2.8786e-01)	Loss TOTAL 6.1718e-01 (6.9507e-01)
Epoch: [46][100/112]	L_Src_Sup 2.9650e-01 (1.8798e-01)	L_Trg_Inj 4.2807e-01 (4.0416e-01)	Loss Disc 6.8394e-01 (6.8276e-01)	Loss Pred 3.1919e-01 (2.9102e-01)	Loss TOTAL 7.3362e-01 (6.9980e-01)
Epoch: [46][110/112]	L_Src_Sup 9.0464e-02 (1.8840e-01)	L_Trg_Inj 4.9196e-01 (4.0183e-01)	Loss Disc 6.8492e-01 (6.8285e-01)	Loss Pred 3.4620e-01 (2.9089e-01)	Loss TOTAL 7.4690e-01 (7.0237e-01)
Epoch: [46][112/112]	L_Src_Sup 3.0773e-01 (1.9040e-01)	L_Trg_Inj 4.6688e-01 (4.0300e-01)	Loss Disc 6.7700e-01 (6.8277e-01)	Loss Pred 2.5145e-01 (2.9079e-01)	Loss TOTAL 6.6741e-01 (7.0235e-01)
Epoch 46 complete. Saving model state...
Epoch: [47][ 10/112]	L_Src_Sup 2.9930e-01 (1.8387e-01)	L_Trg_Inj 4.5452e-01 (3.9139e-01)	Loss Disc 6.7544e-01 (6.8200e-01)	Loss Pred 2.5131e-01 (2.8258e-01)	Loss TOTAL 6.6441e-01 (6.9768e-01)
Epoch: [47][ 20/112]	L_Src_Sup 1.7450e-01 (1.7382e-01)	L_Trg_Inj 3.9563e-01 (3.9832e-01)	Loss Disc 6.7835e-01 (6.8209e-01)	Loss Pred 2.2421e-01 (2.7647e-01)	Loss TOTAL 6.2039e-01 (6.9038e-01)
Epoch: [47][ 30/112]	L_Src_Sup 2.2860e-01 (1.6921e-01)	L_Trg_Inj 3.4649e-01 (3.9441e-01)	Loss Disc 6.8567e-01 (6.8227e-01)	Loss Pred 2.9177e-01 (2.7398e-01)	Loss TOTAL 6.9211e-01 (6.8191e-01)
Epoch: [47][ 40/112]	L_Src_Sup 3.2506e-01 (1.7185e-01)	L_Trg_Inj 4.3114e-01 (3.9012e-01)	Loss Disc 6.8333e-01 (6.8243e-01)	Loss Pred 3.8685e-01 (2.7982e-01)	Loss TOTAL 8.0413e-01 (6.9007e-01)
Epoch: [47][ 50/112]	L_Src_Sup 0.0000e+00 (1.8311e-01)	L_Trg_Inj 4.1867e-01 (3.9248e-01)	Loss Disc 6.8438e-01 (6.8243e-01)	Loss Pred 2.7830e-01 (2.8574e-01)	Loss TOTAL 6.6236e-01 (7.0083e-01)
Epoch: [47][ 60/112]	L_Src_Sup 0.0000e+00 (1.7652e-01)	L_Trg_Inj 2.6141e-01 (3.9641e-01)	Loss Disc 6.9404e-01 (6.8251e-01)	Loss Pred 3.8620e-01 (2.8810e-01)	Loss TOTAL 7.5936e-01 (7.0024e-01)
Epoch: [47][ 70/112]	L_Src_Sup 0.0000e+00 (1.7628e-01)	L_Trg_Inj 2.5530e-01 (3.8772e-01)	Loss Disc 6.8267e-01 (6.8258e-01)	Loss Pred 2.3767e-01 (2.8919e-01)	Loss TOTAL 6.0454e-01 (6.9853e-01)
Epoch: [47][ 80/112]	L_Src_Sup 0.0000e+00 (1.6268e-01)	L_Trg_Inj 3.8161e-01 (3.7269e-01)	Loss Disc 6.7814e-01 (6.8263e-01)	Loss Pred 2.5104e-01 (2.8919e-01)	Loss TOTAL 6.2827e-01 (6.9459e-01)
Epoch: [47][ 90/112]	L_Src_Sup 2.0574e-01 (1.6277e-01)	L_Trg_Inj 2.7717e-01 (3.6452e-01)	Loss Disc 6.8808e-01 (6.8278e-01)	Loss Pred 3.3169e-01 (2.9109e-01)	Loss TOTAL 7.2403e-01 (6.9468e-01)
Epoch: [47][100/112]	L_Src_Sup 1.9810e-01 (1.6616e-01)	L_Trg_Inj 4.1788e-01 (3.5753e-01)	Loss Disc 6.8293e-01 (6.8284e-01)	Loss Pred 3.3306e-01 (2.8993e-01)	Loss TOTAL 7.3612e-01 (6.9435e-01)
Epoch: [47][110/112]	L_Src_Sup 0.0000e+00 (1.5915e-01)	L_Trg_Inj 3.2786e-01 (3.5932e-01)	Loss Disc 6.8862e-01 (6.8276e-01)	Loss Pred 3.7222e-01 (2.8996e-01)	Loss TOTAL 7.4932e-01 (6.9285e-01)
Epoch: [47][112/112]	L_Src_Sup 9.3803e-02 (1.6055e-01)	L_Trg_Inj 4.1774e-01 (3.5895e-01)	Loss Disc 6.8075e-01 (6.8279e-01)	Loss Pred 2.7773e-01 (2.8974e-01)	Loss TOTAL 6.6926e-01 (6.9367e-01)
Epoch 47 complete. Saving model state...
Epoch: [48][ 10/112]	L_Src_Sup 1.0097e-01 (1.8560e-01)	L_Trg_Inj 3.8110e-01 (3.3813e-01)	Loss Disc 6.8371e-01 (6.8354e-01)	Loss Pred 3.3172e-01 (2.9666e-01)	Loss TOTAL 7.2178e-01 (7.0703e-01)
Epoch: [48][ 20/112]	L_Src_Sup 0.0000e+00 (1.8392e-01)	L_Trg_Inj 2.8942e-01 (3.6979e-01)	Loss Disc 6.8786e-01 (6.8325e-01)	Loss Pred 2.2399e-01 (2.9340e-01)	Loss TOTAL 5.9686e-01 (6.9999e-01)
Epoch: [48][ 30/112]	L_Src_Sup 4.0074e-01 (1.9156e-01)	L_Trg_Inj 3.5887e-01 (3.5458e-01)	Loss Disc 6.8653e-01 (6.8377e-01)	Loss Pred 2.9119e-01 (2.8999e-01)	Loss TOTAL 7.5229e-01 (7.0064e-01)
Epoch: [48][ 40/112]	L_Src_Sup 2.5955e-01 (1.9334e-01)	L_Trg_Inj 3.9959e-01 (3.7341e-01)	Loss Disc 6.8427e-01 (6.8317e-01)	Loss Pred 3.5850e-01 (2.9065e-01)	Loss TOTAL 7.6655e-01 (6.9952e-01)
Epoch: [48][ 50/112]	L_Src_Sup 9.1534e-02 (1.8630e-01)	L_Trg_Inj 3.2278e-01 (3.7155e-01)	Loss Disc 6.8900e-01 (6.8325e-01)	Loss Pred 3.0551e-01 (2.8888e-01)	Loss TOTAL 6.9145e-01 (6.9715e-01)
Epoch: [48][ 60/112]	L_Src_Sup 9.3183e-02 (1.8022e-01)	L_Trg_Inj 3.4650e-01 (3.6845e-01)	Loss Disc 6.8649e-01 (6.8352e-01)	Loss Pred 3.5789e-01 (2.9663e-01)	Loss TOTAL 7.4511e-01 (7.0230e-01)
Epoch: [48][ 70/112]	L_Src_Sup 4.1820e-01 (1.7312e-01)	L_Trg_Inj 3.5215e-01 (3.6547e-01)	Loss Disc 6.7420e-01 (6.8310e-01)	Loss Pred 1.9744e-01 (2.9410e-01)	Loss TOTAL 6.7761e-01 (6.9896e-01)
Epoch: [48][ 80/112]	L_Src_Sup 0.0000e+00 (1.7561e-01)	L_Trg_Inj 3.3645e-01 (3.6821e-01)	Loss Disc 6.8216e-01 (6.8326e-01)	Loss Pred 2.3758e-01 (2.9409e-01)	Loss TOTAL 6.1231e-01 (7.0098e-01)
Epoch: [48][ 90/112]	L_Src_Sup 1.1412e-01 (1.7675e-01)	L_Trg_Inj 5.2408e-01 (3.7735e-01)	Loss Disc 6.8113e-01 (6.8312e-01)	Loss Pred 2.9101e-01 (2.9199e-01)	Loss TOTAL 6.9540e-01 (7.0001e-01)
Epoch: [48][100/112]	L_Src_Sup 4.7524e-01 (1.8717e-01)	L_Trg_Inj 4.1589e-01 (3.8260e-01)	Loss Disc 6.8254e-01 (6.8308e-01)	Loss Pred 3.0440e-01 (2.9257e-01)	Loss TOTAL 7.9414e-01 (7.0458e-01)
Epoch: [48][110/112]	L_Src_Sup 2.9183e-01 (1.9240e-01)	L_Trg_Inj 7.8158e-01 (4.1440e-01)	Loss Disc 6.7756e-01 (6.8276e-01)	Loss Pred 2.5133e-01 (2.9018e-01)	Loss TOTAL 6.9745e-01 (7.0834e-01)
Epoch: [48][112/112]	L_Src_Sup 3.0524e-01 (1.9170e-01)	L_Trg_Inj 7.2858e-01 (4.2081e-01)	Loss Disc 6.7950e-01 (6.8267e-01)	Loss Pred 2.6439e-01 (2.8961e-01)	Loss TOTAL 7.0752e-01 (7.0800e-01)
Epoch 48 complete. Saving model state...
Epoch: [49][ 10/112]	L_Src_Sup 1.1078e-01 (1.6218e-01)	L_Trg_Inj 7.2808e-01 (7.1742e-01)	Loss Disc 6.6767e-01 (6.7286e-01)	Loss Pred 2.9144e-01 (3.0106e-01)	Loss TOTAL 7.0915e-01 (7.2545e-01)
Epoch: [49][ 20/112]	L_Src_Sup 1.7672e-01 (1.6731e-01)	L_Trg_Inj 7.4245e-01 (7.2092e-01)	Loss Disc 6.6214e-01 (6.6906e-01)	Loss Pred 3.7181e-01 (3.0176e-01)	Loss TOTAL 7.9480e-01 (7.2511e-01)
Epoch: [49][ 30/112]	L_Src_Sup 5.3876e-01 (1.6633e-01)	L_Trg_Inj 4.6981e-01 (6.1922e-01)	Loss Disc 6.8052e-01 (6.7379e-01)	Loss Pred 2.2386e-01 (2.9556e-01)	Loss TOTAL 7.3392e-01 (7.1805e-01)
Epoch: [49][ 40/112]	L_Src_Sup 1.1303e-01 (1.6934e-01)	L_Trg_Inj 3.9060e-01 (5.7680e-01)	Loss Disc 6.8599e-01 (6.7578e-01)	Loss Pred 3.0451e-01 (2.8980e-01)	Loss TOTAL 6.9787e-01 (7.0760e-01)
Epoch: [49][ 50/112]	L_Src_Sup 0.0000e+00 (1.6752e-01)	L_Trg_Inj 4.0482e-01 (5.3467e-01)	Loss Disc 6.8446e-01 (6.7757e-01)	Loss Pred 2.3712e-01 (2.9030e-01)	Loss TOTAL 6.1983e-01 (7.0656e-01)
Epoch: [49][ 60/112]	L_Src_Sup 0.0000e+00 (1.5743e-01)	L_Trg_Inj 2.6510e-01 (5.0662e-01)	Loss Disc 6.8216e-01 (6.7832e-01)	Loss Pred 2.2340e-01 (2.8748e-01)	Loss TOTAL 5.9099e-01 (6.9909e-01)
Epoch: [49][ 70/112]	L_Src_Sup 2.4024e-01 (1.7283e-01)	L_Trg_Inj 4.3953e-01 (4.9369e-01)	Loss Disc 6.8480e-01 (6.7904e-01)	Loss Pred 3.4464e-01 (2.8776e-01)	Loss TOTAL 7.5501e-01 (7.0325e-01)
Epoch: [49][ 80/112]	L_Src_Sup 1.4573e-01 (1.7718e-01)	L_Trg_Inj 5.3627e-01 (4.8986e-01)	Loss Disc 6.7786e-01 (6.7949e-01)	Loss Pred 3.5764e-01 (2.9317e-01)	Loss TOTAL 7.6477e-01 (7.0932e-01)
Epoch: [49][ 90/112]	L_Src_Sup 3.4562e-01 (1.6778e-01)	L_Trg_Inj 4.4082e-01 (4.8599e-01)	Loss Disc 6.8193e-01 (6.7979e-01)	Loss Pred 2.9043e-01 (2.9333e-01)	Loss TOTAL 7.1004e-01 (7.0723e-01)
Epoch: [49][100/112]	L_Src_Sup 0.0000e+00 (1.6737e-01)	L_Trg_Inj 4.0933e-01 (4.8044e-01)	Loss Disc 6.8459e-01 (6.7995e-01)	Loss Pred 3.1707e-01 (2.9197e-01)	Loss TOTAL 7.0030e-01 (7.0491e-01)
Epoch: [49][110/112]	L_Src_Sup 2.7989e-01 (1.7360e-01)	L_Trg_Inj 3.2915e-01 (4.7420e-01)	Loss Disc 6.8811e-01 (6.8030e-01)	Loss Pred 2.6349e-01 (2.9037e-01)	Loss TOTAL 6.6845e-01 (7.0301e-01)
Epoch: [49][112/112]	L_Src_Sup 0.0000e+00 (1.7208e-01)	L_Trg_Inj 4.0865e-01 (4.7420e-01)	Loss Disc 6.7802e-01 (6.8023e-01)	Loss Pred 1.9637e-01 (2.8893e-01)	Loss TOTAL 5.7625e-01 (7.0125e-01)
Epoch 49 complete. Saving model state...
