Using device: cuda
Loading Source Train...
Using Mean/Std calculated from Source Train (mean[0]=7.490673626922863, std[0]=0.8119164253286923)
Loading Target Train...
Epoch: [0][ 10/140]	L_Src_Sup 1.1756e+00 (1.8536e+00)	L_Trg_Inj 1.3318e+00 (1.8777e+00)	Loss Disc 7.1732e-01 (7.2043e-01)	Loss Pred 7.8893e-01 (8.2470e-01)	Loss TOTAL 1.3983e+00 (1.5588e+00)
Epoch: [0][ 20/140]	L_Src_Sup 3.3143e-01 (1.2196e+00)	L_Trg_Inj 9.0446e-01 (1.3595e+00)	Loss Disc 7.0757e-01 (7.1644e-01)	Loss Pred 8.5082e-01 (8.1831e-01)	Loss TOTAL 1.3282e+00 (1.4424e+00)
Epoch: [0][ 30/140]	L_Src_Sup 2.9563e-01 (9.1229e-01)	L_Trg_Inj 3.9030e-01 (1.0662e+00)	Loss Disc 6.9811e-01 (7.1167e-01)	Loss Pred 8.0672e-01 (8.1851e-01)	Loss TOTAL 1.2244e+00 (1.3775e+00)
Epoch: [0][ 40/140]	L_Src_Sup 2.0833e-01 (7.4384e-01)	L_Trg_Inj 7.2494e-01 (9.6444e-01)	Loss Disc 6.9161e-01 (7.0735e-01)	Loss Pred 8.1206e-01 (8.1404e-01)	Loss TOTAL 1.2512e+00 (1.3446e+00)
Epoch: [0][ 50/140]	L_Src_Sup 2.9598e-01 (6.4009e-01)	L_Trg_Inj 7.6373e-01 (9.2729e-01)	Loss Disc 6.8400e-01 (7.0344e-01)	Loss Pred 7.8221e-01 (8.0749e-01)	Loss TOTAL 1.2302e+00 (1.3208e+00)
Epoch: [0][ 60/140]	L_Src_Sup 2.2136e-01 (5.7233e-01)	L_Trg_Inj 3.7662e-01 (8.3150e-01)	Loss Disc 6.8068e-01 (7.0008e-01)	Loss Pred 7.6960e-01 (8.0597e-01)	Loss TOTAL 1.1697e+00 (1.3044e+00)
Epoch: [0][ 70/140]	L_Src_Sup 3.1077e-01 (5.1894e-01)	L_Trg_Inj 3.8689e-01 (7.6108e-01)	Loss Disc 6.7216e-01 (6.9669e-01)	Loss Pred 7.9403e-01 (8.0630e-01)	Loss TOTAL 1.1999e+00 (1.2896e+00)
Epoch: [0][ 80/140]	L_Src_Sup 2.3227e-01 (4.8267e-01)	L_Trg_Inj 3.5611e-01 (7.1098e-01)	Loss Disc 6.6929e-01 (6.9377e-01)	Loss Pred 8.2926e-01 (8.0538e-01)	Loss TOTAL 1.2227e+00 (1.2789e+00)
Epoch: [0][ 90/140]	L_Src_Sup 1.7479e-01 (4.5232e-01)	L_Trg_Inj 3.3066e-01 (6.6347e-01)	Loss Disc 6.7193e-01 (6.9116e-01)	Loss Pred 7.9761e-01 (8.0445e-01)	Loss TOTAL 1.1841e+00 (1.2684e+00)
Epoch: [0][100/140]	L_Src_Sup 1.2489e-01 (4.2565e-01)	L_Trg_Inj 2.8549e-01 (6.2816e-01)	Loss Disc 6.7421e-01 (6.8915e-01)	Loss Pred 8.3517e-01 (8.0521e-01)	Loss TOTAL 1.2133e+00 (1.2619e+00)
Epoch: [0][110/140]	L_Src_Sup 2.4887e-01 (4.0789e-01)	L_Trg_Inj 2.9128e-01 (5.9595e-01)	Loss Disc 6.8126e-01 (6.8813e-01)	Loss Pred 7.6194e-01 (8.0609e-01)	Loss TOTAL 1.1566e+00 (1.2579e+00)
Epoch: [0][120/140]	L_Src_Sup 2.9841e-01 (3.9261e-01)	L_Trg_Inj 3.4218e-01 (5.7521e-01)	Loss Disc 6.8799e-01 (6.8760e-01)	Loss Pred 7.8914e-01 (8.0482e-01)	Loss TOTAL 1.1972e+00 (1.2525e+00)
Epoch: [0][130/140]	L_Src_Sup 1.2859e-01 (3.7774e-01)	L_Trg_Inj 3.8869e-01 (5.5628e-01)	Loss Disc 6.9646e-01 (6.8804e-01)	Loss Pred 8.0795e-01 (8.0365e-01)	Loss TOTAL 1.2079e+00 (1.2479e+00)
Epoch: [0][140/140]	L_Src_Sup 2.1592e-01 (3.6397e-01)	L_Trg_Inj 2.3672e-01 (5.3596e-01)	Loss Disc 6.9803e-01 (6.8889e-01)	Loss Pred 8.2794e-01 (8.0259e-01)	Loss TOTAL 1.2222e+00 (1.2434e+00)
Epoch: [0][140/140]	L_Src_Sup 2.1592e-01 (3.6397e-01)	L_Trg_Inj 2.3672e-01 (5.3596e-01)	Loss Disc 6.9803e-01 (6.8889e-01)	Loss Pred 8.2794e-01 (8.0259e-01)	Loss TOTAL 1.2222e+00 (1.2434e+00)
Epoch 0 complete. Saving model state...
Epoch: [1][ 10/140]	L_Src_Sup 1.5358e-01 (1.5415e-01)	L_Trg_Inj 2.8697e-01 (2.9726e-01)	Loss Disc 6.9443e-01 (6.9588e-01)	Loss Pred 7.7984e-01 (7.7908e-01)	Loss TOTAL 1.1711e+00 (1.1722e+00)
Epoch: [1][ 20/140]	L_Src_Sup 3.1907e-01 (2.3451e-01)	L_Trg_Inj 2.4522e-01 (3.0372e-01)	Loss Disc 6.8742e-01 (6.9416e-01)	Loss Pred 7.6400e-01 (7.7699e-01)	Loss TOTAL 1.2380e+00 (1.2194e+00)
Epoch: [1][ 30/140]	L_Src_Sup 1.5652e-01 (2.3267e-01)	L_Trg_Inj 3.5538e-01 (3.1533e-01)	Loss Disc 6.6637e-01 (6.8892e-01)	Loss Pred 7.8148e-01 (7.7840e-01)	Loss TOTAL 1.1659e+00 (1.2060e+00)
Epoch: [1][ 40/140]	L_Src_Sup 3.4547e-01 (2.3882e-01)	L_Trg_Inj 4.0946e-01 (3.1969e-01)	Loss Disc 7.0368e-01 (6.9116e-01)	Loss Pred 7.3215e-01 (7.7644e-01)	Loss TOTAL 1.1595e+00 (1.2009e+00)
Epoch: [1][ 50/140]	L_Src_Sup 3.0825e-01 (2.4175e-01)	L_Trg_Inj 3.3195e-01 (3.2653e-01)	Loss Disc 6.9829e-01 (6.9283e-01)	Loss Pred 7.7402e-01 (7.7254e-01)	Loss TOTAL 1.1872e+00 (1.1956e+00)
Epoch: [1][ 60/140]	L_Src_Sup 2.4907e-01 (2.3791e-01)	L_Trg_Inj 3.5395e-01 (3.3446e-01)	Loss Disc 6.9660e-01 (6.9352e-01)	Loss Pred 7.5731e-01 (7.6872e-01)	Loss TOTAL 1.1659e+00 (1.1892e+00)
Epoch: [1][ 70/140]	L_Src_Sup 2.1285e-01 (2.3929e-01)	L_Trg_Inj 2.7175e-01 (3.3125e-01)	Loss Disc 6.9538e-01 (6.9382e-01)	Loss Pred 8.4490e-01 (7.7163e-01)	Loss TOTAL 1.2411e+00 (1.1914e+00)
Epoch: [1][ 80/140]	L_Src_Sup 1.7571e-01 (2.3411e-01)	L_Trg_Inj 3.2068e-01 (3.3045e-01)	Loss Disc 6.9452e-01 (6.9393e-01)	Loss Pred 7.9165e-01 (7.7226e-01)	Loss TOTAL 1.1885e+00 (1.1895e+00)
Epoch: [1][ 90/140]	L_Src_Sup 1.2235e-01 (2.2893e-01)	L_Trg_Inj 2.2548e-01 (3.2858e-01)	Loss Disc 6.9395e-01 (6.9396e-01)	Loss Pred 7.4940e-01 (7.7193e-01)	Loss TOTAL 1.1312e+00 (1.1870e+00)
Epoch: [1][100/140]	L_Src_Sup 2.8630e-01 (2.2743e-01)	L_Trg_Inj 3.4330e-01 (3.2735e-01)	Loss Disc 6.9379e-01 (6.9395e-01)	Loss Pred 7.6164e-01 (7.7203e-01)	Loss TOTAL 1.1715e+00 (1.1864e+00)
Epoch: [1][110/140]	L_Src_Sup 2.5063e-01 (2.2494e-01)	L_Trg_Inj 3.4970e-01 (3.2482e-01)	Loss Disc 6.9366e-01 (6.9393e-01)	Loss Pred 8.0083e-01 (7.7053e-01)	Loss TOTAL 1.2077e+00 (1.1833e+00)
Epoch: [1][120/140]	L_Src_Sup 1.4244e-01 (2.2370e-01)	L_Trg_Inj 2.7615e-01 (3.2270e-01)	Loss Disc 6.9377e-01 (6.9391e-01)	Loss Pred 7.1548e-01 (7.6840e-01)	Loss TOTAL 1.1042e+00 (1.1805e+00)
Epoch: [1][130/140]	L_Src_Sup 1.8440e-01 (2.2458e-01)	L_Trg_Inj 2.8208e-01 (3.2231e-01)	Loss Disc 6.9378e-01 (6.9389e-01)	Loss Pred 8.1292e-01 (7.6890e-01)	Loss TOTAL 1.2065e+00 (1.1811e+00)
Epoch: [1][140/140]	L_Src_Sup 1.2065e-01 (2.2282e-01)	L_Trg_Inj 4.3347e-01 (3.2043e-01)	Loss Disc 6.9371e-01 (6.9388e-01)	Loss Pred 7.9872e-01 (7.6744e-01)	Loss TOTAL 1.2010e+00 (1.1788e+00)
Epoch: [1][140/140]	L_Src_Sup 1.2065e-01 (2.2282e-01)	L_Trg_Inj 4.3347e-01 (3.2043e-01)	Loss Disc 6.9371e-01 (6.9388e-01)	Loss Pred 7.9872e-01 (7.6744e-01)	Loss TOTAL 1.2010e+00 (1.1788e+00)
Epoch 1 complete. Saving model state...
Epoch: [2][ 10/140]	L_Src_Sup 1.3309e-01 (1.8636e-01)	L_Trg_Inj 3.0693e-01 (3.2848e-01)	Loss Disc 6.9361e-01 (6.9358e-01)	Loss Pred 7.5089e-01 (7.5780e-01)	Loss TOTAL 1.1417e+00 (1.1561e+00)
Epoch: [2][ 20/140]	L_Src_Sup 1.0129e-01 (1.8577e-01)	L_Trg_Inj 2.3934e-01 (3.0806e-01)	Loss Disc 6.9338e-01 (6.9353e-01)	Loss Pred 7.9517e-01 (7.6201e-01)	Loss TOTAL 1.1759e+00 (1.1597e+00)
Epoch: [2][ 30/140]	L_Src_Sup 1.7304e-01 (1.8641e-01)	L_Trg_Inj 4.0976e-01 (3.0765e-01)	Loss Disc 6.9343e-01 (6.9348e-01)	Loss Pred 7.6446e-01 (7.6199e-01)	Loss TOTAL 1.1695e+00 (1.1595e+00)
Epoch: [2][ 40/140]	L_Src_Sup 2.6213e-01 (1.9181e-01)	L_Trg_Inj 2.8079e-01 (3.0444e-01)	Loss Disc 6.9328e-01 (6.9346e-01)	Loss Pred 7.8140e-01 (7.6111e-01)	Loss TOTAL 1.1823e+00 (1.1598e+00)
Epoch: [2][ 50/140]	L_Src_Sup 1.3573e-01 (1.9419e-01)	L_Trg_Inj 3.4163e-01 (3.0652e-01)	Loss Disc 6.9303e-01 (6.9340e-01)	Loss Pred 7.3197e-01 (7.5741e-01)	Loss TOTAL 1.1262e+00 (1.1560e+00)
Epoch: [2][ 60/140]	L_Src_Sup 1.7313e-01 (1.9444e-01)	L_Trg_Inj 2.3513e-01 (3.0650e-01)	Loss Disc 6.9207e-01 (6.9327e-01)	Loss Pred 7.2815e-01 (7.4967e-01)	Loss TOTAL 1.1150e+00 (1.1480e+00)
Epoch: [2][ 70/140]	L_Src_Sup 1.9128e-01 (1.9553e-01)	L_Trg_Inj 3.6708e-01 (3.0650e-01)	Loss Disc 6.8296e-01 (6.9259e-01)	Loss Pred 7.7491e-01 (7.5045e-01)	Loss TOTAL 1.1722e+00 (1.1487e+00)
Epoch: [2][ 80/140]	L_Src_Sup 1.6748e-01 (1.9568e-01)	L_Trg_Inj 3.2801e-01 (3.0759e-01)	Loss Disc 6.6447e-01 (6.9041e-01)	Loss Pred 6.9250e-01 (7.4885e-01)	Loss TOTAL 1.0743e+00 (1.1460e+00)
Epoch: [2][ 90/140]	L_Src_Sup 2.7297e-01 (1.9802e-01)	L_Trg_Inj 2.8838e-01 (3.0704e-01)	Loss Disc 6.6740e-01 (6.8817e-01)	Loss Pred 7.5704e-01 (7.4596e-01)	Loss TOTAL 1.1469e+00 (1.1434e+00)
Epoch: [2][100/140]	L_Src_Sup 2.3079e-01 (1.9839e-01)	L_Trg_Inj 2.9459e-01 (3.0654e-01)	Loss Disc 6.7588e-01 (6.8633e-01)	Loss Pred 7.2102e-01 (7.4724e-01)	Loss TOTAL 1.1115e+00 (1.1442e+00)
Epoch: [2][110/140]	L_Src_Sup 2.2646e-01 (2.0140e-01)	L_Trg_Inj 3.2192e-01 (3.0748e-01)	Loss Disc 6.9572e-01 (6.8641e-01)	Loss Pred 6.5243e-01 (7.4546e-01)	Loss TOTAL 1.0551e+00 (1.1425e+00)
Epoch: [2][120/140]	L_Src_Sup 1.6299e-01 (2.0260e-01)	L_Trg_Inj 2.2371e-01 (3.0543e-01)	Loss Disc 6.9414e-01 (6.8708e-01)	Loss Pred 7.8212e-01 (7.4398e-01)	Loss TOTAL 1.1679e+00 (1.1434e+00)
Epoch: [2][130/140]	L_Src_Sup 2.6906e-01 (2.0407e-01)	L_Trg_Inj 2.0809e-01 (3.0402e-01)	Loss Disc 6.9168e-01 (6.8744e-01)	Loss Pred 6.8296e-01 (7.4314e-01)	Loss TOTAL 1.1375e+00 (1.1438e+00)
Epoch: [2][140/140]	L_Src_Sup 1.9183e-01 (2.0210e-01)	L_Trg_Inj 2.3734e-01 (3.0312e-01)	Loss Disc 6.8680e-01 (6.8751e-01)	Loss Pred 7.4349e-01 (7.4056e-01)	Loss TOTAL 1.1298e+00 (1.1405e+00)
Epoch: [2][140/140]	L_Src_Sup 1.9183e-01 (2.0210e-01)	L_Trg_Inj 2.3734e-01 (3.0312e-01)	Loss Disc 6.8680e-01 (6.8751e-01)	Loss Pred 7.4349e-01 (7.4056e-01)	Loss TOTAL 1.1298e+00 (1.1405e+00)
Epoch 2 complete. Saving model state...
Epoch: [3][ 10/140]	L_Src_Sup 2.5007e-01 (2.0544e-01)	L_Trg_Inj 3.6126e-01 (3.0022e-01)	Loss Disc 6.8047e-01 (6.8540e-01)	Loss Pred 7.7158e-01 (7.0991e-01)	Loss TOTAL 1.1730e+00 (1.1060e+00)
Epoch: [3][ 20/140]	L_Src_Sup 2.7793e-01 (2.0099e-01)	L_Trg_Inj 2.5353e-01 (2.8606e-01)	Loss Disc 6.9379e-01 (6.8737e-01)	Loss Pred 6.7631e-01 (7.1533e-01)	Loss TOTAL 1.1007e+00 (1.1129e+00)
Epoch: [3][ 30/140]	L_Src_Sup 2.1138e-01 (2.0010e-01)	L_Trg_Inj 3.5781e-01 (3.0830e-01)	Loss Disc 6.9059e-01 (6.8832e-01)	Loss Pred 7.3299e-01 (7.2454e-01)	Loss TOTAL 1.1352e+00 (1.1230e+00)
Epoch: [3][ 40/140]	L_Src_Sup 2.4408e-01 (2.0817e-01)	L_Trg_Inj 2.6501e-01 (3.0568e-01)	Loss Disc 6.9110e-01 (6.8888e-01)	Loss Pred 6.6633e-01 (7.1906e-01)	Loss TOTAL 1.0628e+00 (1.1180e+00)
Epoch: [3][ 50/140]	L_Src_Sup 1.6320e-01 (2.0272e-01)	L_Trg_Inj 3.4272e-01 (3.0194e-01)	Loss Disc 6.9128e-01 (6.8899e-01)	Loss Pred 6.7133e-01 (7.0700e-01)	Loss TOTAL 1.0676e+00 (1.1053e+00)
Epoch: [3][ 60/140]	L_Src_Sup 1.5253e-01 (2.0068e-01)	L_Trg_Inj 4.4530e-01 (3.0097e-01)	Loss Disc 6.8672e-01 (6.8909e-01)	Loss Pred 5.8788e-01 (6.9783e-01)	Loss TOTAL 9.9102e-01 (1.0961e+00)
Epoch: [3][ 70/140]	L_Src_Sup 2.4108e-01 (2.0076e-01)	L_Trg_Inj 3.1999e-01 (2.9784e-01)	Loss Disc 6.8992e-01 (6.8911e-01)	Loss Pred 5.8232e-01 (6.8482e-01)	Loss TOTAL 9.8339e-01 (1.0829e+00)
Epoch: [3][ 80/140]	L_Src_Sup 2.3263e-01 (2.0173e-01)	L_Trg_Inj 3.8154e-01 (2.9758e-01)	Loss Disc 6.8738e-01 (6.8920e-01)	Loss Pred 5.6680e-01 (6.7356e-01)	Loss TOTAL 9.7190e-01 (1.0717e+00)
Epoch: [3][ 90/140]	L_Src_Sup 2.1970e-01 (2.0180e-01)	L_Trg_Inj 3.5745e-01 (2.9693e-01)	Loss Disc 6.9249e-01 (6.8939e-01)	Loss Pred 6.7915e-01 (6.6363e-01)	Loss TOTAL 1.0831e+00 (1.0614e+00)
Epoch: [3][100/140]	L_Src_Sup 2.2550e-01 (2.0035e-01)	L_Trg_Inj 2.8436e-01 (2.9493e-01)	Loss Disc 6.8974e-01 (6.8955e-01)	Loss Pred 5.6689e-01 (6.5510e-01)	Loss TOTAL 9.6274e-01 (1.0525e+00)
Epoch: [3][110/140]	L_Src_Sup 2.4154e-01 (1.9760e-01)	L_Trg_Inj 3.2847e-01 (2.9472e-01)	Loss Disc 6.8896e-01 (6.8952e-01)	Loss Pred 5.5156e-01 (6.4559e-01)	Loss TOTAL 9.5304e-01 (1.0424e+00)
Epoch: [3][120/140]	L_Src_Sup 4.8662e-01 (2.0112e-01)	L_Trg_Inj 6.7858e-01 (2.9680e-01)	Loss Disc 6.9571e-01 (6.8965e-01)	Loss Pred 7.6808e-01 (6.4027e-01)	Loss TOTAL 1.2325e+00 (1.0381e+00)
Epoch: [3][130/140]	L_Src_Sup 1.7159e-01 (2.0005e-01)	L_Trg_Inj 4.0582e-01 (2.9962e-01)	Loss Disc 6.8989e-01 (6.8984e-01)	Loss Pred 6.2367e-01 (6.3960e-01)	Loss TOTAL 1.0264e+00 (1.0376e+00)
Epoch: [3][140/140]	L_Src_Sup 2.1081e-01 (2.0085e-01)	L_Trg_Inj 2.8179e-01 (2.9805e-01)	Loss Disc 6.8612e-01 (6.8984e-01)	Loss Pred 4.9727e-01 (6.3312e-01)	Loss TOTAL 8.8959e-01 (1.0309e+00)
Epoch: [3][140/140]	L_Src_Sup 2.1081e-01 (2.0085e-01)	L_Trg_Inj 2.8179e-01 (2.9805e-01)	Loss Disc 6.8612e-01 (6.8984e-01)	Loss Pred 4.9727e-01 (6.3312e-01)	Loss TOTAL 8.8959e-01 (1.0309e+00)
Epoch 3 complete. Saving model state...
Epoch: [4][ 10/140]	L_Src_Sup 2.4673e-01 (1.8652e-01)	L_Trg_Inj 3.8133e-01 (2.8551e-01)	Loss Disc 6.8691e-01 (6.8895e-01)	Loss Pred 5.3174e-01 (5.1944e-01)	Loss TOTAL 9.3800e-01 (9.1985e-01)
Epoch: [4][ 20/140]	L_Src_Sup 2.0945e-01 (2.0770e-01)	L_Trg_Inj 3.2125e-01 (2.8531e-01)	Loss Disc 6.8805e-01 (6.8976e-01)	Loss Pred 5.0719e-01 (5.1683e-01)	Loss TOTAL 9.0429e-01 (9.1573e-01)
Epoch: [4][ 30/140]	L_Src_Sup 2.2786e-01 (2.1298e-01)	L_Trg_Inj 3.5759e-01 (2.9066e-01)	Loss Disc 6.8937e-01 (6.8985e-01)	Loss Pred 5.1024e-01 (5.1853e-01)	Loss TOTAL 9.1347e-01 (9.1969e-01)
Epoch: [4][ 40/140]	L_Src_Sup 3.1331e-01 (2.0972e-01)	L_Trg_Inj 2.4654e-01 (2.8775e-01)	Loss Disc 6.8669e-01 (6.8983e-01)	Loss Pred 4.5201e-01 (5.1503e-01)	Loss TOTAL 9.1811e-01 (9.1577e-01)
Epoch: [4][ 50/140]	L_Src_Sup 1.7015e-01 (2.0785e-01)	L_Trg_Inj 2.0539e-01 (2.8897e-01)	Loss Disc 6.9060e-01 (6.8986e-01)	Loss Pred 4.7592e-01 (5.1235e-01)	Loss TOTAL 8.5878e-01 (9.1182e-01)
Epoch: [4][ 60/140]	L_Src_Sup 1.6861e-01 (2.0393e-01)	L_Trg_Inj 2.8073e-01 (2.9272e-01)	Loss Disc 6.8983e-01 (6.8988e-01)	Loss Pred 4.6498e-01 (5.0892e-01)	Loss TOTAL 8.5483e-01 (9.0758e-01)
Epoch: [4][ 70/140]	L_Src_Sup 1.5410e-01 (1.9907e-01)	L_Trg_Inj 2.9487e-01 (2.9566e-01)	Loss Disc 6.9061e-01 (6.8965e-01)	Loss Pred 4.9143e-01 (5.0390e-01)	Loss TOTAL 8.8164e-01 (9.0167e-01)
Epoch: [4][ 80/140]	L_Src_Sup 2.4495e-01 (1.9701e-01)	L_Trg_Inj 2.8173e-01 (2.9318e-01)	Loss Disc 6.8771e-01 (6.8963e-01)	Loss Pred 4.7429e-01 (5.0210e-01)	Loss TOTAL 8.7082e-01 (8.9921e-01)
Epoch: [4][ 90/140]	L_Src_Sup 1.8276e-01 (1.9652e-01)	L_Trg_Inj 3.8895e-01 (2.9666e-01)	Loss Disc 6.8548e-01 (6.8946e-01)	Loss Pred 5.0532e-01 (5.0041e-01)	Loss TOTAL 9.0523e-01 (8.9762e-01)
Epoch: [4][100/140]	L_Src_Sup 1.5630e-01 (1.9550e-01)	L_Trg_Inj 2.1455e-01 (2.9393e-01)	Loss Disc 6.8922e-01 (6.8937e-01)	Loss Pred 4.7707e-01 (4.9808e-01)	Loss TOTAL 8.5877e-01 (8.9509e-01)
Epoch: [4][110/140]	L_Src_Sup 2.8322e-01 (1.9621e-01)	L_Trg_Inj 2.5990e-01 (2.9360e-01)	Loss Disc 6.8666e-01 (6.8945e-01)	Loss Pred 4.6212e-01 (4.9771e-01)	Loss TOTAL 8.8309e-01 (8.9473e-01)
Epoch: [4][120/140]	L_Src_Sup 1.8956e-01 (1.9478e-01)	L_Trg_Inj 3.4943e-01 (2.9415e-01)	Loss Disc 6.8943e-01 (6.8953e-01)	Loss Pred 5.3895e-01 (4.9728e-01)	Loss TOTAL 9.3757e-01 (8.9397e-01)
Epoch: [4][130/140]	L_Src_Sup 1.5586e-01 (1.9376e-01)	L_Trg_Inj 3.1171e-01 (2.9424e-01)	Loss Disc 6.8812e-01 (6.8946e-01)	Loss Pred 4.6566e-01 (4.9588e-01)	Loss TOTAL 8.5648e-01 (8.9221e-01)
Epoch: [4][140/140]	L_Src_Sup 1.6463e-01 (1.9647e-01)	L_Trg_Inj 3.3742e-01 (2.9831e-01)	Loss Disc 6.8842e-01 (6.8923e-01)	Loss Pred 5.1000e-01 (4.9543e-01)	Loss TOTAL 9.0442e-01 (8.9362e-01)
Epoch: [4][140/140]	L_Src_Sup 1.6463e-01 (1.9647e-01)	L_Trg_Inj 3.3742e-01 (2.9831e-01)	Loss Disc 6.8842e-01 (6.8923e-01)	Loss Pred 5.1000e-01 (4.9543e-01)	Loss TOTAL 9.0442e-01 (8.9362e-01)
Epoch 4 complete. Saving model state...
Epoch: [5][ 10/140]	L_Src_Sup 1.9261e-01 (2.4096e-01)	L_Trg_Inj 3.6039e-01 (3.0931e-01)	Loss Disc 6.8627e-01 (6.8959e-01)	Loss Pred 4.7711e-01 (5.0155e-01)	Loss TOTAL 8.7554e-01 (9.1811e-01)
Epoch: [5][ 20/140]	L_Src_Sup 1.7756e-01 (2.1881e-01)	L_Trg_Inj 2.0414e-01 (3.0837e-01)	Loss Disc 6.9027e-01 (6.8851e-01)	Loss Pred 4.8847e-01 (4.8635e-01)	Loss TOTAL 8.7177e-01 (8.9202e-01)
Epoch: [5][ 30/140]	L_Src_Sup 2.5055e-01 (2.2788e-01)	L_Trg_Inj 2.9806e-01 (3.0325e-01)	Loss Disc 6.8876e-01 (6.8848e-01)	Loss Pred 4.9322e-01 (4.8133e-01)	Loss TOTAL 8.9246e-01 (8.8708e-01)
Epoch: [5][ 40/140]	L_Src_Sup 1.6965e-01 (2.1808e-01)	L_Trg_Inj 3.0734e-01 (3.0217e-01)	Loss Disc 6.8637e-01 (6.8835e-01)	Loss Pred 4.5563e-01 (4.8045e-01)	Loss TOTAL 8.4651e-01 (8.8295e-01)
Epoch: [5][ 50/140]	L_Src_Sup 1.3988e-01 (2.1736e-01)	L_Trg_Inj 3.7423e-01 (3.0231e-01)	Loss Disc 6.8787e-01 (6.8828e-01)	Loss Pred 4.7335e-01 (4.7835e-01)	Loss TOTAL 8.6869e-01 (8.8114e-01)
Epoch: [5][ 60/140]	L_Src_Sup 1.6426e-01 (2.1228e-01)	L_Trg_Inj 3.5986e-01 (2.9692e-01)	Loss Disc 6.8933e-01 (6.8833e-01)	Loss Pred 5.0826e-01 (4.7703e-01)	Loss TOTAL 9.0534e-01 (8.7956e-01)
Epoch: [5][ 70/140]	L_Src_Sup 2.4147e-01 (2.1000e-01)	L_Trg_Inj 3.0509e-01 (2.9492e-01)	Loss Disc 6.8878e-01 (6.8849e-01)	Loss Pred 5.0509e-01 (4.7693e-01)	Loss TOTAL 9.0414e-01 (8.7976e-01)
Epoch: [5][ 80/140]	L_Src_Sup 3.6861e-01 (2.1433e-01)	L_Trg_Inj 2.9466e-01 (2.9565e-01)	Loss Disc 6.9232e-01 (6.8857e-01)	Loss Pred 5.0945e-01 (4.7709e-01)	Loss TOTAL 9.9589e-01 (8.8224e-01)
Epoch: [5][ 90/140]	L_Src_Sup 2.2310e-01 (2.1415e-01)	L_Trg_Inj 3.4394e-01 (2.9889e-01)	Loss Disc 6.8653e-01 (6.8851e-01)	Loss Pred 4.7810e-01 (4.7671e-01)	Loss TOTAL 8.7807e-01 (8.8104e-01)
Epoch: [5][100/140]	L_Src_Sup 1.8725e-01 (2.1264e-01)	L_Trg_Inj 1.9397e-01 (2.9734e-01)	Loss Disc 6.8802e-01 (6.8843e-01)	Loss Pred 4.5432e-01 (4.7589e-01)	Loss TOTAL 8.3645e-01 (8.7924e-01)
Epoch: [5][110/140]	L_Src_Sup 2.6201e-01 (2.1257e-01)	L_Trg_Inj 2.5768e-01 (2.9749e-01)	Loss Disc 6.8859e-01 (6.8823e-01)	Loss Pred 4.7127e-01 (4.7605e-01)	Loss TOTAL 8.7186e-01 (8.7863e-01)
Epoch: [5][120/140]	L_Src_Sup 2.6624e-01 (2.1331e-01)	L_Trg_Inj 2.3613e-01 (2.9759e-01)	Loss Disc 6.9168e-01 (6.8826e-01)	Loss Pred 4.8353e-01 (4.7556e-01)	Loss TOTAL 9.0972e-01 (8.7801e-01)
Epoch: [5][130/140]	L_Src_Sup 2.6638e-01 (2.1123e-01)	L_Trg_Inj 3.0652e-01 (2.9729e-01)	Loss Disc 6.8974e-01 (6.8825e-01)	Loss Pred 4.8380e-01 (4.7459e-01)	Loss TOTAL 8.8596e-01 (8.7658e-01)
Epoch: [5][140/140]	L_Src_Sup 2.0395e-01 (2.0989e-01)	L_Trg_Inj 3.3183e-01 (2.9597e-01)	Loss Disc 6.8530e-01 (6.8822e-01)	Loss Pred 4.5185e-01 (4.7412e-01)	Loss TOTAL 8.4807e-01 (8.7579e-01)
Epoch: [5][140/140]	L_Src_Sup 2.0395e-01 (2.0989e-01)	L_Trg_Inj 3.3183e-01 (2.9597e-01)	Loss Disc 6.8530e-01 (6.8822e-01)	Loss Pred 4.5185e-01 (4.7412e-01)	Loss TOTAL 8.4807e-01 (8.7579e-01)
Epoch 5 complete. Saving model state...
Epoch: [6][ 10/140]	L_Src_Sup 2.4392e-01 (2.6366e-01)	L_Trg_Inj 4.3964e-01 (3.4065e-01)	Loss Disc 6.8633e-01 (6.8933e-01)	Loss Pred 4.7466e-01 (4.7822e-01)	Loss TOTAL 8.8618e-01 (8.9319e-01)
Epoch: [6][ 20/140]	L_Src_Sup 2.8449e-01 (2.4826e-01)	L_Trg_Inj 3.0221e-01 (3.4679e-01)	Loss Disc 6.9045e-01 (6.8819e-01)	Loss Pred 4.9774e-01 (4.7504e-01)	Loss TOTAL 9.0163e-01 (8.8357e-01)
Epoch: [6][ 30/140]	L_Src_Sup 1.7008e-01 (2.3056e-01)	L_Trg_Inj 3.2808e-01 (3.4042e-01)	Loss Disc 6.8585e-01 (6.8801e-01)	Loss Pred 4.5151e-01 (4.7503e-01)	Loss TOTAL 8.4425e-01 (8.7942e-01)
Epoch: [6][ 40/140]	L_Src_Sup 3.5734e-01 (2.2750e-01)	L_Trg_Inj 2.9976e-01 (3.3040e-01)	Loss Disc 6.8682e-01 (6.8801e-01)	Loss Pred 4.5209e-01 (4.7392e-01)	Loss TOTAL 9.1879e-01 (8.7763e-01)
Epoch: [6][ 50/140]	L_Src_Sup 2.2281e-01 (2.2368e-01)	L_Trg_Inj 3.5582e-01 (3.3334e-01)	Loss Disc 6.8811e-01 (6.8784e-01)	Loss Pred 4.5694e-01 (4.7224e-01)	Loss TOTAL 8.5886e-01 (8.7499e-01)
Epoch: [6][ 60/140]	L_Src_Sup 2.3821e-01 (2.2116e-01)	L_Trg_Inj 2.4944e-01 (3.2428e-01)	Loss Disc 6.8715e-01 (6.8797e-01)	Loss Pred 4.5054e-01 (4.7212e-01)	Loss TOTAL 8.4288e-01 (8.7390e-01)
Epoch: [6][ 70/140]	L_Src_Sup 2.8648e-01 (2.2271e-01)	L_Trg_Inj 3.2128e-01 (3.2141e-01)	Loss Disc 6.9048e-01 (6.8810e-01)	Loss Pred 4.5035e-01 (4.7118e-01)	Loss TOTAL 8.5637e-01 (8.7298e-01)
Epoch: [6][ 80/140]	L_Src_Sup 2.2844e-01 (2.2009e-01)	L_Trg_Inj 3.4890e-01 (3.2112e-01)	Loss Disc 6.8621e-01 (6.8806e-01)	Loss Pred 4.7525e-01 (4.7099e-01)	Loss TOTAL 8.7609e-01 (8.7206e-01)
Epoch: [6][ 90/140]	L_Src_Sup 2.7196e-01 (2.1935e-01)	L_Trg_Inj 2.7728e-01 (3.1552e-01)	Loss Disc 6.8757e-01 (6.8823e-01)	Loss Pred 4.4984e-01 (4.7083e-01)	Loss TOTAL 8.4855e-01 (8.7128e-01)
Epoch: [6][100/140]	L_Src_Sup 2.2917e-01 (2.1912e-01)	L_Trg_Inj 2.9936e-01 (3.1636e-01)	Loss Disc 6.8708e-01 (6.8811e-01)	Loss Pred 4.7524e-01 (4.7032e-01)	Loss TOTAL 8.7163e-01 (8.7095e-01)
Epoch: [6][110/140]	L_Src_Sup 1.8665e-01 (2.1707e-01)	L_Trg_Inj 3.2646e-01 (3.1437e-01)	Loss Disc 6.8443e-01 (6.8808e-01)	Loss Pred 4.4966e-01 (4.6958e-01)	Loss TOTAL 8.4318e-01 (8.6951e-01)
Epoch: [6][120/140]	L_Src_Sup 1.6992e-01 (2.1511e-01)	L_Trg_Inj 2.8149e-01 (3.1236e-01)	Loss Disc 6.8811e-01 (6.8809e-01)	Loss Pred 4.5364e-01 (4.6924e-01)	Loss TOTAL 8.4284e-01 (8.6884e-01)
Epoch: [6][130/140]	L_Src_Sup 1.9075e-01 (2.1319e-01)	L_Trg_Inj 3.4255e-01 (3.1270e-01)	Loss Disc 6.8587e-01 (6.8808e-01)	Loss Pred 4.6813e-01 (4.6953e-01)	Loss TOTAL 8.6440e-01 (8.6874e-01)
Epoch: [6][140/140]	L_Src_Sup 1.8363e-01 (2.1124e-01)	L_Trg_Inj 2.4921e-01 (3.0995e-01)	Loss Disc 6.9489e-01 (6.8816e-01)	Loss Pred 5.0572e-01 (4.6948e-01)	Loss TOTAL 8.9645e-01 (8.6809e-01)
Epoch: [6][140/140]	L_Src_Sup 1.8363e-01 (2.1124e-01)	L_Trg_Inj 2.4921e-01 (3.0995e-01)	Loss Disc 6.9489e-01 (6.8816e-01)	Loss Pred 5.0572e-01 (4.6948e-01)	Loss TOTAL 8.9645e-01 (8.6809e-01)
Epoch 6 complete. Saving model state...
Epoch: [7][ 10/140]	L_Src_Sup 2.2584e-01 (1.9365e-01)	L_Trg_Inj 2.5192e-01 (2.8594e-01)	Loss Disc 6.8614e-01 (6.8815e-01)	Loss Pred 4.5659e-01 (4.6849e-01)	Loss TOTAL 8.4744e-01 (8.6481e-01)
Epoch: [7][ 20/140]	L_Src_Sup 2.0513e-01 (2.0101e-01)	L_Trg_Inj 2.5820e-01 (2.8788e-01)	Loss Disc 6.8649e-01 (6.8803e-01)	Loss Pred 4.4285e-01 (4.6542e-01)	Loss TOTAL 8.3243e-01 (8.6265e-01)
Epoch: [7][ 30/140]	L_Src_Sup 2.4821e-01 (2.0234e-01)	L_Trg_Inj 2.5450e-01 (2.9262e-01)	Loss Disc 6.9068e-01 (6.8857e-01)	Loss Pred 4.8167e-01 (4.6779e-01)	Loss TOTAL 8.7728e-01 (8.6446e-01)
Epoch: [7][ 40/140]	L_Src_Sup 1.4122e-01 (2.0340e-01)	L_Trg_Inj 2.8234e-01 (2.9419e-01)	Loss Disc 6.8861e-01 (6.8864e-01)	Loss Pred 4.6766e-01 (4.6751e-01)	Loss TOTAL 8.5432e-01 (8.6518e-01)
Epoch: [7][ 50/140]	L_Src_Sup 2.3261e-01 (2.0197e-01)	L_Trg_Inj 3.4290e-01 (2.9731e-01)	Loss Disc 6.8930e-01 (6.8875e-01)	Loss Pred 4.8619e-01 (4.6854e-01)	Loss TOTAL 8.8839e-01 (8.6572e-01)
Epoch: [7][ 60/140]	L_Src_Sup 2.0053e-01 (2.0030e-01)	L_Trg_Inj 2.7434e-01 (2.9631e-01)	Loss Disc 6.9150e-01 (6.8887e-01)	Loss Pred 5.0798e-01 (4.6869e-01)	Loss TOTAL 9.0122e-01 (8.6564e-01)
Epoch: [7][ 70/140]	L_Src_Sup 1.0461e-01 (1.9724e-01)	L_Trg_Inj 3.4625e-01 (2.9945e-01)	Loss Disc 6.8753e-01 (6.8885e-01)	Loss Pred 4.6806e-01 (4.6893e-01)	Loss TOTAL 8.5691e-01 (8.6615e-01)
Epoch: [7][ 80/140]	L_Src_Sup 2.6118e-01 (1.9821e-01)	L_Trg_Inj 3.2071e-01 (3.0429e-01)	Loss Disc 6.8940e-01 (6.8869e-01)	Loss Pred 4.6700e-01 (4.6947e-01)	Loss TOTAL 8.6989e-01 (8.6679e-01)
Epoch: [7][ 90/140]	L_Src_Sup 2.5052e-01 (1.9702e-01)	L_Trg_Inj 2.7916e-01 (3.0430e-01)	Loss Disc 6.8533e-01 (6.8870e-01)	Loss Pred 4.3591e-01 (4.6967e-01)	Loss TOTAL 8.3154e-01 (8.6658e-01)
Epoch: [7][100/140]	L_Src_Sup 1.5848e-01 (1.9772e-01)	L_Trg_Inj 3.4159e-01 (3.0519e-01)	Loss Disc 6.8736e-01 (6.8870e-01)	Loss Pred 4.7671e-01 (4.6970e-01)	Loss TOTAL 8.7040e-01 (8.6687e-01)
Epoch: [7][110/140]	L_Src_Sup 1.5312e-01 (1.9750e-01)	L_Trg_Inj 3.4499e-01 (3.0551e-01)	Loss Disc 6.8573e-01 (6.8871e-01)	Loss Pred 4.4321e-01 (4.6992e-01)	Loss TOTAL 8.3589e-01 (8.6708e-01)
Epoch: [7][120/140]	L_Src_Sup 1.9040e-01 (1.9723e-01)	L_Trg_Inj 2.8917e-01 (3.0704e-01)	Loss Disc 6.8585e-01 (6.8843e-01)	Loss Pred 4.6442e-01 (4.6955e-01)	Loss TOTAL 8.5531e-01 (8.6663e-01)
Epoch: [7][130/140]	L_Src_Sup 1.9506e-01 (1.9589e-01)	L_Trg_Inj 3.9147e-01 (3.0515e-01)	Loss Disc 6.8816e-01 (6.8841e-01)	Loss Pred 4.7987e-01 (4.6947e-01)	Loss TOTAL 8.8261e-01 (8.6604e-01)
Epoch: [7][140/140]	L_Src_Sup 3.2317e-01 (1.9637e-01)	L_Trg_Inj 1.3801e-01 (3.0623e-01)	Loss Disc 6.9406e-01 (6.8822e-01)	Loss Pred 4.4811e-01 (4.6814e-01)	Loss TOTAL 1.0264e+00 (8.6593e-01)
Epoch: [7][140/140]	L_Src_Sup 3.2317e-01 (1.9637e-01)	L_Trg_Inj 1.3801e-01 (3.0623e-01)	Loss Disc 6.9406e-01 (6.8822e-01)	Loss Pred 4.4811e-01 (4.6814e-01)	Loss TOTAL 1.0264e+00 (8.6593e-01)
Epoch 7 complete. Saving model state...
Epoch: [8][ 10/140]	L_Src_Sup 2.6866e-01 (2.0747e-01)	L_Trg_Inj 2.1527e-01 (2.9530e-01)	Loss Disc 6.8406e-01 (6.8906e-01)	Loss Pred 4.3607e-01 (4.5288e-01)	Loss TOTAL 8.7989e-01 (8.7164e-01)
Epoch: [8][ 20/140]	L_Src_Sup 1.5829e-01 (1.9921e-01)	L_Trg_Inj 2.8069e-01 (2.7394e-01)	Loss Disc 6.9006e-01 (6.8905e-01)	Loss Pred 4.6686e-01 (4.6312e-01)	Loss TOTAL 8.5579e-01 (8.7232e-01)
Epoch: [8][ 30/140]	L_Src_Sup 2.5259e-01 (1.9579e-01)	L_Trg_Inj 3.5241e-01 (2.9786e-01)	Loss Disc 6.8745e-01 (6.8847e-01)	Loss Pred 4.4232e-01 (4.6331e-01)	Loss TOTAL 8.4655e-01 (8.6848e-01)
Epoch: [8][ 40/140]	L_Src_Sup 1.2518e-01 (1.9372e-01)	L_Trg_Inj 3.6864e-01 (3.0701e-01)	Loss Disc 6.8930e-01 (6.8841e-01)	Loss Pred 4.8580e-01 (4.6372e-01)	Loss TOTAL 8.7983e-01 (8.6668e-01)
Epoch: [8][ 50/140]	L_Src_Sup 1.9741e-01 (1.9471e-01)	L_Trg_Inj 3.0354e-01 (3.0473e-01)	Loss Disc 6.8940e-01 (6.8859e-01)	Loss Pred 4.5459e-01 (4.6302e-01)	Loss TOTAL 8.4938e-01 (8.6604e-01)
Epoch: [8][ 60/140]	L_Src_Sup 2.4407e-01 (1.9736e-01)	L_Trg_Inj 3.2295e-01 (3.0098e-01)	Loss Disc 6.8640e-01 (6.8875e-01)	Loss Pred 4.6763e-01 (4.6402e-01)	Loss TOTAL 8.6753e-01 (8.6992e-01)
Epoch: [8][ 70/140]	L_Src_Sup 2.1083e-01 (1.9900e-01)	L_Trg_Inj 3.2625e-01 (3.0043e-01)	Loss Disc 6.8819e-01 (6.8879e-01)	Loss Pred 4.7269e-01 (4.6641e-01)	Loss TOTAL 8.7050e-01 (8.7119e-01)
Epoch: [8][ 80/140]	L_Src_Sup 2.4156e-01 (2.0077e-01)	L_Trg_Inj 2.3622e-01 (3.0095e-01)	Loss Disc 6.8821e-01 (6.8866e-01)	Loss Pred 4.6013e-01 (4.6596e-01)	Loss TOTAL 8.5735e-01 (8.7031e-01)
Epoch: [8][ 90/140]	L_Src_Sup 2.9112e-01 (2.0113e-01)	L_Trg_Inj 2.9650e-01 (2.9974e-01)	Loss Disc 6.9164e-01 (6.8866e-01)	Loss Pred 5.1086e-01 (4.6752e-01)	Loss TOTAL 9.1545e-01 (8.7070e-01)
Epoch: [8][100/140]	L_Src_Sup 1.4528e-01 (1.9897e-01)	L_Trg_Inj 2.9281e-01 (2.9645e-01)	Loss Disc 6.8631e-01 (6.8861e-01)	Loss Pred 4.0948e-01 (4.6672e-01)	Loss TOTAL 7.9645e-01 (8.6845e-01)
Epoch: [8][110/140]	L_Src_Sup 2.7606e-01 (2.0121e-01)	L_Trg_Inj 2.4735e-01 (2.9547e-01)	Loss Disc 6.9088e-01 (6.8865e-01)	Loss Pred 4.6004e-01 (4.6701e-01)	Loss TOTAL 8.8652e-01 (8.6862e-01)
Epoch: [8][120/140]	L_Src_Sup 1.9311e-01 (1.9849e-01)	L_Trg_Inj 3.8746e-01 (2.9761e-01)	Loss Disc 6.8856e-01 (6.8864e-01)	Loss Pred 4.7249e-01 (4.6710e-01)	Loss TOTAL 8.7483e-01 (8.6877e-01)
Epoch: [8][130/140]	L_Src_Sup 2.5253e-01 (1.9696e-01)	L_Trg_Inj 3.4929e-01 (2.9864e-01)	Loss Disc 6.9119e-01 (6.8865e-01)	Loss Pred 4.9213e-01 (4.6715e-01)	Loss TOTAL 8.9791e-01 (8.6818e-01)
Epoch: [8][140/140]	L_Src_Sup 3.8563e-01 (1.9868e-01)	L_Trg_Inj 2.4262e-01 (2.9787e-01)	Loss Disc 6.9006e-01 (6.8867e-01)	Loss Pred 5.0434e-01 (4.6684e-01)	Loss TOTAL 1.0552e+00 (8.6903e-01)
Epoch: [8][140/140]	L_Src_Sup 3.8563e-01 (1.9868e-01)	L_Trg_Inj 2.4262e-01 (2.9787e-01)	Loss Disc 6.9006e-01 (6.8867e-01)	Loss Pred 5.0434e-01 (4.6684e-01)	Loss TOTAL 1.0552e+00 (8.6903e-01)
Epoch 8 complete. Saving model state...
Epoch: [9][ 10/140]	L_Src_Sup 2.1802e-01 (2.2181e-01)	L_Trg_Inj 3.1531e-01 (3.2937e-01)	Loss Disc 6.9513e-01 (6.8895e-01)	Loss Pred 5.5574e-01 (4.6551e-01)	Loss TOTAL 9.5664e-01 (8.6510e-01)
Epoch: [9][ 20/140]	L_Src_Sup 1.4971e-01 (2.0915e-01)	L_Trg_Inj 4.1380e-01 (3.1195e-01)	Loss Disc 6.8825e-01 (6.8876e-01)	Loss Pred 4.5981e-01 (4.6345e-01)	Loss TOTAL 8.6028e-01 (8.6136e-01)
Epoch: [9][ 30/140]	L_Src_Sup 3.1568e-01 (2.2799e-01)	L_Trg_Inj 2.9112e-01 (3.1530e-01)	Loss Disc 6.8988e-01 (6.8903e-01)	Loss Pred 5.2408e-01 (4.7995e-01)	Loss TOTAL 9.5426e-01 (8.9330e-01)
Epoch: [9][ 40/140]	L_Src_Sup 1.8808e-01 (2.2305e-01)	L_Trg_Inj 3.1565e-01 (3.1918e-01)	Loss Disc 6.8526e-01 (6.8827e-01)	Loss Pred 4.6238e-01 (4.8768e-01)	Loss TOTAL 8.5538e-01 (8.9691e-01)
Epoch: [9][ 50/140]	L_Src_Sup 2.1245e-01 (2.1771e-01)	L_Trg_Inj 2.8186e-01 (3.1423e-01)	Loss Disc 6.8595e-01 (6.8837e-01)	Loss Pred 4.7252e-01 (4.8627e-01)	Loss TOTAL 8.6493e-01 (8.9294e-01)
Epoch: [9][ 60/140]	L_Src_Sup 1.2617e-01 (2.1501e-01)	L_Trg_Inj 3.0731e-01 (3.1863e-01)	Loss Disc 6.8667e-01 (6.8765e-01)	Loss Pred 4.8919e-01 (4.8260e-01)	Loss TOTAL 8.7587e-01 (8.8795e-01)
Epoch: [9][ 70/140]	L_Src_Sup 2.4879e-01 (2.1554e-01)	L_Trg_Inj 3.1825e-01 (3.1806e-01)	Loss Disc 6.8715e-01 (6.8773e-01)	Loss Pred 4.3304e-01 (4.8077e-01)	Loss TOTAL 8.3332e-01 (8.8499e-01)
Epoch: [9][ 80/140]	L_Src_Sup 2.3965e-01 (2.1496e-01)	L_Trg_Inj 3.3065e-01 (3.1977e-01)	Loss Disc 6.8593e-01 (6.8764e-01)	Loss Pred 4.5748e-01 (4.7911e-01)	Loss TOTAL 8.5747e-01 (8.8252e-01)
Epoch: [9][ 90/140]	L_Src_Sup 1.9481e-01 (2.1129e-01)	L_Trg_Inj 2.8805e-01 (3.1742e-01)	Loss Disc 6.9054e-01 (6.8791e-01)	Loss Pred 4.8239e-01 (4.8011e-01)	Loss TOTAL 8.7594e-01 (8.8278e-01)
Epoch: [9][100/140]	L_Src_Sup 1.4044e-01 (2.0892e-01)	L_Trg_Inj 3.9466e-01 (3.1890e-01)	Loss Disc 6.8939e-01 (6.8767e-01)	Loss Pred 4.7534e-01 (4.7774e-01)	Loss TOTAL 8.7354e-01 (8.7980e-01)
Epoch: [9][110/140]	L_Src_Sup 2.0096e-01 (2.1023e-01)	L_Trg_Inj 2.1563e-01 (3.1488e-01)	Loss Disc 6.8775e-01 (6.8777e-01)	Loss Pred 4.3748e-01 (4.7632e-01)	Loss TOTAL 8.2301e-01 (8.7816e-01)
Epoch: [9][120/140]	L_Src_Sup 1.7252e-01 (2.0792e-01)	L_Trg_Inj 2.3749e-01 (3.1684e-01)	Loss Disc 6.9222e-01 (6.8771e-01)	Loss Pred 4.6253e-01 (4.7559e-01)	Loss TOTAL 8.4964e-01 (8.7691e-01)
Epoch: [9][130/140]	L_Src_Sup 2.8333e-01 (2.0939e-01)	L_Trg_Inj 3.1349e-01 (3.1700e-01)	Loss Disc 6.9027e-01 (6.8771e-01)	Loss Pred 4.8092e-01 (4.7589e-01)	Loss TOTAL 8.8574e-01 (8.7699e-01)
Epoch: [9][140/140]	L_Src_Sup 2.1249e-01 (2.0692e-01)	L_Trg_Inj 2.1476e-01 (3.1491e-01)	Loss Disc 6.9150e-01 (6.8781e-01)	Loss Pred 4.8048e-01 (4.7540e-01)	Loss TOTAL 8.6895e-01 (8.7577e-01)
Epoch: [9][140/140]	L_Src_Sup 2.1249e-01 (2.0692e-01)	L_Trg_Inj 2.1476e-01 (3.1491e-01)	Loss Disc 6.9150e-01 (6.8781e-01)	Loss Pred 4.8048e-01 (4.7540e-01)	Loss TOTAL 8.6895e-01 (8.7577e-01)
Epoch 9 complete. Saving model state...
Epoch: [10][ 10/140]	L_Src_Sup 2.0179e-01 (2.0140e-01)	L_Trg_Inj 2.9560e-01 (2.9008e-01)	Loss Disc 6.8655e-01 (6.8802e-01)	Loss Pred 4.4342e-01 (4.6779e-01)	Loss TOTAL 8.3643e-01 (8.6463e-01)
Epoch: [10][ 20/140]	L_Src_Sup 2.2047e-01 (2.0291e-01)	L_Trg_Inj 3.1149e-01 (2.8608e-01)	Loss Disc 6.8700e-01 (6.8852e-01)	Loss Pred 4.4909e-01 (4.6613e-01)	Loss TOTAL 8.4579e-01 (8.6112e-01)
Epoch: [10][ 30/140]	L_Src_Sup 1.7250e-01 (2.0723e-01)	L_Trg_Inj 3.5196e-01 (2.7126e-01)	Loss Disc 6.8599e-01 (6.8876e-01)	Loss Pred 4.6136e-01 (4.6297e-01)	Loss TOTAL 8.5681e-01 (8.7015e-01)
Epoch: [10][ 40/140]	L_Src_Sup 2.0195e-01 (2.1138e-01)	L_Trg_Inj 3.2705e-01 (2.7480e-01)	Loss Disc 6.9318e-01 (6.8830e-01)	Loss Pred 5.0527e-01 (4.6353e-01)	Loss TOTAL 9.0476e-01 (8.6855e-01)
Epoch: [10][ 50/140]	L_Src_Sup 2.6331e-01 (2.1293e-01)	L_Trg_Inj 3.1233e-01 (2.8231e-01)	Loss Disc 6.8873e-01 (6.8821e-01)	Loss Pred 4.7378e-01 (4.6384e-01)	Loss TOTAL 8.7571e-01 (8.6728e-01)
Epoch: [10][ 60/140]	L_Src_Sup 1.2508e-01 (2.0526e-01)	L_Trg_Inj 2.6581e-01 (2.8603e-01)	Loss Disc 6.9031e-01 (6.8789e-01)	Loss Pred 4.8657e-01 (4.6499e-01)	Loss TOTAL 8.7081e-01 (8.6646e-01)
Epoch: [10][ 70/140]	L_Src_Sup 1.9825e-01 (2.0436e-01)	L_Trg_Inj 3.5769e-01 (2.8710e-01)	Loss Disc 6.8504e-01 (6.8803e-01)	Loss Pred 4.9253e-01 (4.6582e-01)	Loss TOTAL 8.9065e-01 (8.6694e-01)
Epoch: [10][ 80/140]	L_Src_Sup 1.5007e-01 (2.0201e-01)	L_Trg_Inj 3.2873e-01 (2.9355e-01)	Loss Disc 6.8802e-01 (6.8802e-01)	Loss Pred 4.3689e-01 (4.6717e-01)	Loss TOTAL 8.2878e-01 (8.6769e-01)
Epoch: [10][ 90/140]	L_Src_Sup 2.6802e-01 (2.0492e-01)	L_Trg_Inj 2.5911e-01 (2.9785e-01)	Loss Disc 6.9088e-01 (6.8798e-01)	Loss Pred 4.8565e-01 (4.6740e-01)	Loss TOTAL 8.9271e-01 (8.6795e-01)
Epoch: [10][100/140]	L_Src_Sup 2.1436e-01 (2.0550e-01)	L_Trg_Inj 2.4711e-01 (2.9576e-01)	Loss Disc 6.8865e-01 (6.8799e-01)	Loss Pred 4.8597e-01 (4.6666e-01)	Loss TOTAL 8.7644e-01 (8.6739e-01)
Epoch: [10][110/140]	L_Src_Sup 1.8812e-01 (2.0774e-01)	L_Trg_Inj 3.0628e-01 (2.9862e-01)	Loss Disc 6.8643e-01 (6.8781e-01)	Loss Pred 4.5420e-01 (4.6649e-01)	Loss TOTAL 8.4686e-01 (8.6740e-01)
Epoch: [10][120/140]	L_Src_Sup 2.6327e-01 (2.0697e-01)	L_Trg_Inj 1.8568e-01 (2.9619e-01)	Loss Disc 6.9172e-01 (6.8788e-01)	Loss Pred 4.7286e-01 (4.6631e-01)	Loss TOTAL 9.4120e-01 (8.6711e-01)
Epoch: [10][130/140]	L_Src_Sup 2.2233e-01 (2.0645e-01)	L_Trg_Inj 3.7317e-01 (2.9815e-01)	Loss Disc 6.8890e-01 (6.8783e-01)	Loss Pred 5.1099e-01 (4.6678e-01)	Loss TOTAL 9.1499e-01 (8.6772e-01)
Epoch: [10][140/140]	L_Src_Sup 1.3089e-01 (2.0613e-01)	L_Trg_Inj 3.8205e-01 (2.9867e-01)	Loss Disc 6.8839e-01 (6.8788e-01)	Loss Pred 5.1690e-01 (4.6706e-01)	Loss TOTAL 9.1239e-01 (8.6787e-01)
Epoch: [10][140/140]	L_Src_Sup 1.3089e-01 (2.0613e-01)	L_Trg_Inj 3.8205e-01 (2.9867e-01)	Loss Disc 6.8839e-01 (6.8788e-01)	Loss Pred 5.1690e-01 (4.6706e-01)	Loss TOTAL 9.1239e-01 (8.6787e-01)
Epoch 10 complete. Saving model state...
Epoch: [11][ 10/140]	L_Src_Sup 1.6538e-01 (1.9958e-01)	L_Trg_Inj 3.1922e-01 (3.0756e-01)	Loss Disc 6.8724e-01 (6.8892e-01)	Loss Pred 4.2917e-01 (4.6556e-01)	Loss TOTAL 8.2125e-01 (8.6253e-01)
Epoch: [11][ 20/140]	L_Src_Sup 2.5432e-01 (2.1935e-01)	L_Trg_Inj 2.6503e-01 (2.9487e-01)	Loss Disc 6.8886e-01 (6.8890e-01)	Loss Pred 4.4754e-01 (4.6468e-01)	Loss TOTAL 8.4390e-01 (8.6818e-01)
Epoch: [11][ 30/140]	L_Src_Sup 1.1769e-01 (2.0361e-01)	L_Trg_Inj 2.3414e-01 (2.8910e-01)	Loss Disc 6.8485e-01 (6.8856e-01)	Loss Pred 4.4115e-01 (4.6150e-01)	Loss TOTAL 8.1876e-01 (8.6106e-01)
Epoch: [11][ 40/140]	L_Src_Sup 2.0176e-01 (2.0203e-01)	L_Trg_Inj 3.1207e-01 (2.9000e-01)	Loss Disc 6.8372e-01 (6.8827e-01)	Loss Pred 4.4093e-01 (4.6349e-01)	Loss TOTAL 8.3418e-01 (8.6419e-01)
Epoch: [11][ 50/140]	L_Src_Sup 2.0882e-01 (2.0772e-01)	L_Trg_Inj 4.2193e-01 (3.0184e-01)	Loss Disc 6.8102e-01 (6.8767e-01)	Loss Pred 4.6626e-01 (4.6366e-01)	Loss TOTAL 8.6985e-01 (8.6478e-01)
Epoch: [11][ 60/140]	L_Src_Sup 1.7400e-01 (2.0279e-01)	L_Trg_Inj 3.2390e-01 (3.0116e-01)	Loss Disc 6.8745e-01 (6.8756e-01)	Loss Pred 4.6658e-01 (4.6553e-01)	Loss TOTAL 8.6009e-01 (8.6531e-01)
Epoch: [11][ 70/140]	L_Src_Sup 1.5130e-01 (1.9925e-01)	L_Trg_Inj 3.5825e-01 (3.0088e-01)	Loss Disc 6.8501e-01 (6.8767e-01)	Loss Pred 4.4107e-01 (4.6508e-01)	Loss TOTAL 8.3453e-01 (8.6506e-01)
Epoch: [11][ 80/140]	L_Src_Sup 1.5797e-01 (2.0172e-01)	L_Trg_Inj 2.3009e-01 (2.9826e-01)	Loss Disc 6.9111e-01 (6.8780e-01)	Loss Pred 4.7218e-01 (4.6679e-01)	Loss TOTAL 8.5654e-01 (8.6676e-01)
Epoch: [11][ 90/140]	L_Src_Sup 1.7553e-01 (2.0105e-01)	L_Trg_Inj 2.1812e-01 (2.9356e-01)	Loss Disc 6.9001e-01 (6.8794e-01)	Loss Pred 4.7273e-01 (4.6586e-01)	Loss TOTAL 8.5711e-01 (8.6579e-01)
Epoch: [11][100/140]	L_Src_Sup 2.4358e-01 (2.0741e-01)	L_Trg_Inj 3.4018e-01 (2.9322e-01)	Loss Disc 6.8964e-01 (6.8805e-01)	Loss Pred 4.6638e-01 (4.6691e-01)	Loss TOTAL 8.6957e-01 (8.6968e-01)
Epoch: [11][110/140]	L_Src_Sup 1.3682e-01 (2.0534e-01)	L_Trg_Inj 2.6527e-01 (2.9065e-01)	Loss Disc 6.8579e-01 (6.8801e-01)	Loss Pred 4.5321e-01 (4.6636e-01)	Loss TOTAL 8.3631e-01 (8.6851e-01)
Epoch: [11][120/140]	L_Src_Sup 1.8359e-01 (2.0570e-01)	L_Trg_Inj 2.4185e-01 (2.9100e-01)	Loss Disc 6.9440e-01 (6.8809e-01)	Loss Pred 5.0363e-01 (4.6653e-01)	Loss TOTAL 8.9337e-01 (8.6907e-01)
Epoch: [11][130/140]	L_Src_Sup 2.4339e-01 (2.0290e-01)	L_Trg_Inj 3.7067e-01 (2.9127e-01)	Loss Disc 6.8595e-01 (6.8805e-01)	Loss Pred 4.7835e-01 (4.6627e-01)	Loss TOTAL 8.8273e-01 (8.6786e-01)
Epoch: [11][140/140]	L_Src_Sup 1.7547e+00 (2.1514e-01)	L_Trg_Inj 1.7402e+00 (3.0089e-01)	Loss Disc 6.9050e-01 (6.8805e-01)	Loss Pred 4.5540e-01 (4.6600e-01)	Loss TOTAL 1.1647e+00 (8.7195e-01)
Epoch: [11][140/140]	L_Src_Sup 1.7547e+00 (2.1514e-01)	L_Trg_Inj 1.7402e+00 (3.0089e-01)	Loss Disc 6.9050e-01 (6.8805e-01)	Loss Pred 4.5540e-01 (4.6600e-01)	Loss TOTAL 1.1647e+00 (8.7195e-01)
Epoch 11 complete. Saving model state...
Epoch: [12][ 10/140]	L_Src_Sup 2.3572e-01 (7.9938e-01)	L_Trg_Inj 2.7115e-01 (8.9048e-01)	Loss Disc 6.8820e-01 (6.8815e-01)	Loss Pred 4.9137e-01 (4.6710e-01)	Loss TOTAL 8.8616e-01 (9.8016e-01)
Epoch: [12][ 20/140]	L_Src_Sup 1.7106e-01 (5.0123e-01)	L_Trg_Inj 2.4814e-01 (6.0079e-01)	Loss Disc 6.8471e-01 (6.8771e-01)	Loss Pred 4.5322e-01 (4.6772e-01)	Loss TOTAL 8.3750e-01 (9.2460e-01)
Epoch: [12][ 30/140]	L_Src_Sup 2.1435e-01 (4.0812e-01)	L_Trg_Inj 3.4133e-01 (5.0932e-01)	Loss Disc 6.8922e-01 (6.8761e-01)	Loss Pred 4.8468e-01 (4.7005e-01)	Loss TOTAL 8.8486e-01 (9.0758e-01)
Epoch: [12][ 40/140]	L_Src_Sup 1.0348e-01 (3.7028e-01)	L_Trg_Inj 2.9561e-01 (4.5390e-01)	Loss Disc 6.8852e-01 (6.8807e-01)	Loss Pred 4.5934e-01 (4.6851e-01)	Loss TOTAL 8.4351e-01 (8.9944e-01)
Epoch: [12][ 50/140]	L_Src_Sup 1.9661e-01 (3.3424e-01)	L_Trg_Inj 1.8613e-01 (4.1717e-01)	Loss Disc 6.9186e-01 (6.8820e-01)	Loss Pred 4.2140e-01 (4.6813e-01)	Loss TOTAL 8.1607e-01 (8.9259e-01)
Epoch: [12][ 60/140]	L_Src_Sup 1.5660e-01 (3.0715e-01)	L_Trg_Inj 3.5767e-01 (3.9757e-01)	Loss Disc 6.8639e-01 (6.8818e-01)	Loss Pred 4.6567e-01 (4.6753e-01)	Loss TOTAL 8.6029e-01 (8.8644e-01)
Epoch: [12][ 70/140]	L_Src_Sup 2.2230e-01 (2.9411e-01)	L_Trg_Inj 2.6453e-01 (3.7940e-01)	Loss Disc 6.9035e-01 (6.8815e-01)	Loss Pred 4.5284e-01 (4.6662e-01)	Loss TOTAL 8.4669e-01 (8.8413e-01)
Epoch: [12][ 80/140]	L_Src_Sup 2.8330e-01 (2.8230e-01)	L_Trg_Inj 2.9555e-01 (3.6626e-01)	Loss Disc 6.8887e-01 (6.8813e-01)	Loss Pred 4.7874e-01 (4.6650e-01)	Loss TOTAL 8.8105e-01 (8.8187e-01)
Epoch: [12][ 90/140]	L_Src_Sup 2.0345e-01 (2.7511e-01)	L_Trg_Inj 2.6491e-01 (3.5735e-01)	Loss Disc 6.9048e-01 (6.8823e-01)	Loss Pred 4.4682e-01 (4.6584e-01)	Loss TOTAL 8.3890e-01 (8.8206e-01)
Epoch: [12][100/140]	L_Src_Sup 1.9475e-01 (2.6811e-01)	L_Trg_Inj 2.9567e-01 (3.5117e-01)	Loss Disc 6.8693e-01 (6.8815e-01)	Loss Pred 4.7968e-01 (4.6594e-01)	Loss TOTAL 8.7219e-01 (8.8062e-01)
Epoch: [12][110/140]	L_Src_Sup 1.9137e-01 (2.6266e-01)	L_Trg_Inj 2.3331e-01 (3.4527e-01)	Loss Disc 6.8995e-01 (6.8819e-01)	Loss Pred 4.6548e-01 (4.6614e-01)	Loss TOTAL 8.5292e-01 (8.7965e-01)
Epoch: [12][120/140]	L_Src_Sup 2.2026e-01 (2.5810e-01)	L_Trg_Inj 2.4842e-01 (3.4067e-01)	Loss Disc 6.9022e-01 (6.8815e-01)	Loss Pred 5.0385e-01 (4.6590e-01)	Loss TOTAL 8.9583e-01 (8.7821e-01)
Epoch: [12][130/140]	L_Src_Sup 2.1675e-01 (2.5340e-01)	L_Trg_Inj 2.6349e-01 (3.3562e-01)	Loss Disc 6.8563e-01 (6.8813e-01)	Loss Pred 4.3411e-01 (4.6548e-01)	Loss TOTAL 8.2495e-01 (8.7617e-01)
Epoch: [12][140/140]	L_Src_Sup 1.4040e-01 (2.4988e-01)	L_Trg_Inj 2.4641e-01 (3.3356e-01)	Loss Disc 6.9245e-01 (6.8813e-01)	Loss Pred 4.7170e-01 (4.6564e-01)	Loss TOTAL 8.5661e-01 (8.7522e-01)
Epoch: [12][140/140]	L_Src_Sup 1.4040e-01 (2.4988e-01)	L_Trg_Inj 2.4641e-01 (3.3356e-01)	Loss Disc 6.9245e-01 (6.8813e-01)	Loss Pred 4.7170e-01 (4.6564e-01)	Loss TOTAL 8.5661e-01 (8.7522e-01)
Epoch 12 complete. Saving model state...
Epoch: [13][ 10/140]	L_Src_Sup 2.6322e-01 (2.5861e-01)	L_Trg_Inj 2.9155e-01 (2.6138e-01)	Loss Disc 6.8892e-01 (6.8873e-01)	Loss Pred 4.7885e-01 (4.7792e-01)	Loss TOTAL 8.7879e-01 (9.1428e-01)
Epoch: [13][ 20/140]	L_Src_Sup 1.8975e-01 (2.3199e-01)	L_Trg_Inj 2.4130e-01 (2.6590e-01)	Loss Disc 6.8770e-01 (6.8847e-01)	Loss Pred 4.5931e-01 (4.6764e-01)	Loss TOTAL 8.4626e-01 (8.8463e-01)
Epoch: [13][ 30/140]	L_Src_Sup 2.9577e-01 (2.1758e-01)	L_Trg_Inj 2.6410e-01 (2.7239e-01)	Loss Disc 6.9116e-01 (6.8832e-01)	Loss Pred 4.6591e-01 (4.6381e-01)	Loss TOTAL 8.9915e-01 (8.7333e-01)
Epoch: [13][ 40/140]	L_Src_Sup 1.8975e-01 (2.1253e-01)	L_Trg_Inj 3.8784e-01 (2.8684e-01)	Loss Disc 6.8606e-01 (6.8793e-01)	Loss Pred 4.5933e-01 (4.6409e-01)	Loss TOTAL 8.6011e-01 (8.7060e-01)
Epoch: [13][ 50/140]	L_Src_Sup 1.9614e-01 (2.0361e-01)	L_Trg_Inj 3.2590e-01 (2.9168e-01)	Loss Disc 6.9284e-01 (6.8806e-01)	Loss Pred 5.4780e-01 (4.6639e-01)	Loss TOTAL 9.4643e-01 (8.7004e-01)
Epoch: [13][ 60/140]	L_Src_Sup 1.9479e-01 (2.0277e-01)	L_Trg_Inj 3.3987e-01 (2.8987e-01)	Loss Disc 6.8858e-01 (6.8811e-01)	Loss Pred 4.7835e-01 (4.6665e-01)	Loss TOTAL 8.7610e-01 (8.6838e-01)
Epoch: [13][ 70/140]	L_Src_Sup 2.0697e-01 (2.0054e-01)	L_Trg_Inj 3.6712e-01 (2.9033e-01)	Loss Disc 6.8240e-01 (6.8815e-01)	Loss Pred 4.5926e-01 (4.6614e-01)	Loss TOTAL 8.5787e-01 (8.6818e-01)
Epoch: [13][ 80/140]	L_Src_Sup 2.4595e-01 (2.0149e-01)	L_Trg_Inj 6.7635e-02 (2.8515e-01)	Loss Disc 6.9090e-01 (6.8805e-01)	Loss Pred 4.7333e-01 (4.6599e-01)	Loss TOTAL 1.0285e+00 (8.6868e-01)
Epoch: [13][ 90/140]	L_Src_Sup 2.2421e-01 (2.0629e-01)	L_Trg_Inj 2.3925e-01 (2.8410e-01)	Loss Disc 6.9080e-01 (6.8809e-01)	Loss Pred 4.6196e-01 (4.6547e-01)	Loss TOTAL 8.5371e-01 (8.6920e-01)
Epoch: [13][100/140]	L_Src_Sup 2.0344e-01 (2.0159e-01)	L_Trg_Inj 2.9552e-01 (2.8935e-01)	Loss Disc 6.8709e-01 (6.8816e-01)	Loss Pred 4.4695e-01 (4.6541e-01)	Loss TOTAL 8.4039e-01 (8.6817e-01)
Epoch: [13][110/140]	L_Src_Sup 1.7997e-01 (1.9980e-01)	L_Trg_Inj 2.9727e-01 (2.8873e-01)	Loss Disc 6.9019e-01 (6.8820e-01)	Loss Pred 4.9078e-01 (4.6565e-01)	Loss TOTAL 8.8360e-01 (8.6819e-01)
Epoch: [13][120/140]	L_Src_Sup 1.3797e-01 (2.0005e-01)	L_Trg_Inj 3.3655e-01 (2.8899e-01)	Loss Disc 6.8672e-01 (6.8818e-01)	Loss Pred 4.5915e-01 (4.6570e-01)	Loss TOTAL 8.4997e-01 (8.6762e-01)
Epoch: [13][130/140]	L_Src_Sup 1.7100e-01 (1.9784e-01)	L_Trg_Inj 2.4058e-01 (2.8801e-01)	Loss Disc 6.9016e-01 (6.8820e-01)	Loss Pred 4.5286e-01 (4.6515e-01)	Loss TOTAL 8.3910e-01 (8.6636e-01)
Epoch: [13][140/140]	L_Src_Sup 3.6879e-01 (1.9841e-01)	L_Trg_Inj 3.5664e-01 (2.8860e-01)	Loss Disc 6.8894e-01 (6.8827e-01)	Loss Pred 4.7857e-01 (4.6574e-01)	Loss TOTAL 9.0774e-01 (8.6683e-01)
Epoch: [13][140/140]	L_Src_Sup 3.6879e-01 (1.9841e-01)	L_Trg_Inj 3.5664e-01 (2.8860e-01)	Loss Disc 6.8894e-01 (6.8827e-01)	Loss Pred 4.7857e-01 (4.6574e-01)	Loss TOTAL 9.0774e-01 (8.6683e-01)
Epoch 13 complete. Saving model state...
Epoch: [14][ 10/140]	L_Src_Sup 1.3682e-01 (2.1132e-01)	L_Trg_Inj 2.1727e-01 (2.8222e-01)	Loss Disc 6.8856e-01 (6.8897e-01)	Loss Pred 4.5287e-01 (4.5921e-01)	Loss TOTAL 8.3256e-01 (8.7526e-01)
Epoch: [14][ 20/140]	L_Src_Sup 2.3941e-01 (2.1311e-01)	L_Trg_Inj 3.5693e-01 (2.9484e-01)	Loss Disc 6.8680e-01 (6.8804e-01)	Loss Pred 4.5296e-01 (4.5865e-01)	Loss TOTAL 8.5600e-01 (8.6458e-01)
Epoch: [14][ 30/140]	L_Src_Sup 2.8081e-01 (2.0998e-01)	L_Trg_Inj 2.9452e-01 (3.0615e-01)	Loss Disc 6.8826e-01 (6.8788e-01)	Loss Pred 4.7182e-01 (4.6031e-01)	Loss TOTAL 8.7348e-01 (8.6431e-01)
Epoch: [14][ 40/140]	L_Src_Sup 3.1944e-01 (2.1666e-01)	L_Trg_Inj 3.5303e-01 (3.0463e-01)	Loss Disc 6.8352e-01 (6.8769e-01)	Loss Pred 4.4050e-01 (4.5944e-01)	Loss TOTAL 8.4951e-01 (8.6205e-01)
Epoch: [14][ 50/140]	L_Src_Sup 2.1244e-01 (2.1476e-01)	L_Trg_Inj 2.6385e-01 (2.9733e-01)	Loss Disc 6.8879e-01 (6.8795e-01)	Loss Pred 4.7853e-01 (4.6068e-01)	Loss TOTAL 8.7056e-01 (8.6228e-01)
Epoch: [14][ 60/140]	L_Src_Sup 2.0877e-01 (2.1193e-01)	L_Trg_Inj 2.9441e-01 (2.9683e-01)	Loss Disc 6.8768e-01 (6.8813e-01)	Loss Pred 4.6541e-01 (4.6255e-01)	Loss TOTAL 8.5957e-01 (8.6366e-01)
Epoch: [14][ 70/140]	L_Src_Sup 1.7097e-01 (2.0832e-01)	L_Trg_Inj 3.4088e-01 (2.9778e-01)	Loss Disc 6.8711e-01 (6.8817e-01)	Loss Pred 4.5285e-01 (4.6440e-01)	Loss TOTAL 8.4759e-01 (8.6499e-01)
Epoch: [14][ 80/140]	L_Src_Sup 2.0696e-01 (2.0899e-01)	L_Trg_Inj 3.2537e-01 (2.9782e-01)	Loss Disc 6.8562e-01 (6.8795e-01)	Loss Pred 4.6081e-01 (4.6389e-01)	Loss TOTAL 8.5685e-01 (8.6499e-01)
Epoch: [14][ 90/140]	L_Src_Sup 3.5874e-01 (2.0995e-01)	L_Trg_Inj 6.3884e-01 (3.4462e-01)	Loss Disc 6.7866e-01 (6.8591e-01)	Loss Pred 5.2231e-01 (4.6454e-01)	Loss TOTAL 9.6140e-01 (8.6898e-01)
Epoch: [14][100/140]	L_Src_Sup 2.2819e-01 (2.1004e-01)	L_Trg_Inj 8.8159e-01 (3.9788e-01)	Loss Disc 6.4500e-01 (6.8238e-01)	Loss Pred 4.7167e-01 (4.6469e-01)	Loss TOTAL 9.0515e-01 (8.7210e-01)
Epoch: [14][110/140]	L_Src_Sup 2.3298e-01 (2.0845e-01)	L_Trg_Inj 6.8709e-01 (4.3584e-01)	Loss Disc 6.6201e-01 (6.7970e-01)	Loss Pred 4.6641e-01 (4.6431e-01)	Loss TOTAL 8.8942e-01 (8.7353e-01)
Epoch: [14][120/140]	L_Src_Sup 2.0715e-01 (2.1699e-01)	L_Trg_Inj 3.5297e-01 (4.3477e-01)	Loss Disc 6.9600e-01 (6.7942e-01)	Loss Pred 4.5985e-01 (4.6503e-01)	Loss TOTAL 8.6386e-01 (8.7687e-01)
Epoch: [14][130/140]	L_Src_Sup 2.0013e-01 (2.2066e-01)	L_Trg_Inj 3.5138e-01 (4.2641e-01)	Loss Disc 6.9348e-01 (6.8052e-01)	Loss Pred 4.9707e-01 (4.6556e-01)	Loss TOTAL 8.9896e-01 (8.7866e-01)
Epoch: [14][140/140]	L_Src_Sup 1.9829e-01 (2.2019e-01)	L_Trg_Inj 3.2563e-01 (4.1948e-01)	Loss Disc 6.9332e-01 (6.8144e-01)	Loss Pred 4.9148e-01 (4.6517e-01)	Loss TOTAL 8.9054e-01 (8.7740e-01)
Epoch: [14][140/140]	L_Src_Sup 1.9829e-01 (2.2019e-01)	L_Trg_Inj 3.2563e-01 (4.1948e-01)	Loss Disc 6.9332e-01 (6.8144e-01)	Loss Pred 4.9148e-01 (4.6517e-01)	Loss TOTAL 8.9054e-01 (8.7740e-01)
Epoch 14 complete. Saving model state...
Epoch: [15][ 10/140]	L_Src_Sup 2.3019e-01 (1.8669e-01)	L_Trg_Inj 2.7279e-01 (2.9448e-01)	Loss Disc 6.9325e-01 (6.9329e-01)	Loss Pred 4.7840e-01 (4.6212e-01)	Loss TOTAL 8.7532e-01 (8.6450e-01)
Epoch: [15][ 20/140]	L_Src_Sup 1.9474e-01 (1.9440e-01)	L_Trg_Inj 3.5808e-01 (3.2610e-01)	Loss Disc 6.9329e-01 (6.9328e-01)	Loss Pred 4.7839e-01 (4.6818e-01)	Loss TOTAL 8.8032e-01 (8.7189e-01)
Epoch: [15][ 30/140]	L_Src_Sup 1.8340e-01 (1.9774e-01)	L_Trg_Inj 3.0018e-01 (3.2636e-01)	Loss Disc 6.9324e-01 (6.9327e-01)	Loss Pred 4.3405e-01 (4.6570e-01)	Loss TOTAL 8.2903e-01 (8.6932e-01)
Epoch: [15][ 40/140]	L_Src_Sup 1.9474e-01 (2.0765e-01)	L_Trg_Inj 2.1106e-01 (3.2192e-01)	Loss Disc 6.9329e-01 (6.9327e-01)	Loss Pred 4.7827e-01 (4.6650e-01)	Loss TOTAL 8.6550e-01 (8.7169e-01)
Epoch: [15][ 50/140]	L_Src_Sup 1.5257e-01 (2.0185e-01)	L_Trg_Inj 3.2703e-01 (3.2395e-01)	Loss Disc 6.9326e-01 (6.9327e-01)	Loss Pred 4.4705e-01 (4.6540e-01)	Loss TOTAL 8.4164e-01 (8.6934e-01)
Epoch: [15][ 60/140]	L_Src_Sup 3.4491e-01 (2.0445e-01)	L_Trg_Inj 2.9285e-01 (3.2262e-01)	Loss Disc 6.9325e-01 (6.9326e-01)	Loss Pred 4.5974e-01 (4.6416e-01)	Loss TOTAL 9.2220e-01 (8.6898e-01)
Epoch: [15][ 70/140]	L_Src_Sup 1.0090e-01 (2.0101e-01)	L_Trg_Inj 3.1146e-01 (3.1985e-01)	Loss Disc 6.9325e-01 (6.9326e-01)	Loss Pred 4.4012e-01 (4.6433e-01)	Loss TOTAL 8.2798e-01 (8.6781e-01)
Epoch: [15][ 80/140]	L_Src_Sup 1.1770e-01 (1.9935e-01)	L_Trg_Inj 3.3856e-01 (3.1481e-01)	Loss Disc 6.9327e-01 (6.9326e-01)	Loss Pred 4.4315e-01 (4.6370e-01)	Loss TOTAL 8.3541e-01 (8.6602e-01)
Epoch: [15][ 90/140]	L_Src_Sup 2.7405e-01 (1.9954e-01)	L_Trg_Inj 2.4945e-01 (3.1370e-01)	Loss Disc 6.9305e-01 (6.9325e-01)	Loss Pred 4.5287e-01 (4.6408e-01)	Loss TOTAL 8.7634e-01 (8.6684e-01)
Epoch: [15][100/140]	L_Src_Sup 1.9679e-01 (1.9814e-01)	L_Trg_Inj 3.4525e-01 (3.1196e-01)	Loss Disc 6.9108e-01 (6.9317e-01)	Loss Pred 4.8565e-01 (4.6522e-01)	Loss TOTAL 8.8539e-01 (8.6715e-01)
Epoch: [15][110/140]	L_Src_Sup 2.7362e-01 (2.0006e-01)	L_Trg_Inj 3.8913e-01 (3.0935e-01)	Loss Disc 6.4605e-01 (6.9047e-01)	Loss Pred 4.5260e-01 (4.6536e-01)	Loss TOTAL 8.4190e-01 (8.6588e-01)
Epoch: [15][120/140]	L_Src_Sup 2.0182e-01 (1.9884e-01)	L_Trg_Inj 2.9496e-01 (3.1002e-01)	Loss Disc 6.4558e-01 (6.8679e-01)	Loss Pred 4.4011e-01 (4.6575e-01)	Loss TOTAL 8.1258e-01 (8.6428e-01)
Epoch: [15][130/140]	L_Src_Sup 1.0637e-01 (1.9780e-01)	L_Trg_Inj 2.3377e-01 (3.0917e-01)	Loss Disc 7.2289e-01 (6.8477e-01)	Loss Pred 4.8088e-01 (4.6584e-01)	Loss TOTAL 8.7635e-01 (8.6297e-01)
Epoch: [15][140/140]	L_Src_Sup 1.9194e-01 (1.9911e-01)	L_Trg_Inj 2.1844e-01 (3.0695e-01)	Loss Disc 6.8899e-01 (6.8524e-01)	Loss Pred 4.6545e-01 (4.6584e-01)	Loss TOTAL 8.5098e-01 (8.6338e-01)
Epoch: [15][140/140]	L_Src_Sup 1.9194e-01 (1.9911e-01)	L_Trg_Inj 2.1844e-01 (3.0695e-01)	Loss Disc 6.8899e-01 (6.8524e-01)	Loss Pred 4.6545e-01 (4.6584e-01)	Loss TOTAL 8.5098e-01 (8.6338e-01)
Epoch 15 complete. Saving model state...
Epoch: [16][ 10/140]	L_Src_Sup 1.9840e-01 (1.9631e-01)	L_Trg_Inj 2.3510e-01 (2.8689e-01)	Loss Disc 6.9114e-01 (6.8636e-01)	Loss Pred 4.7870e-01 (4.6437e-01)	Loss TOTAL 8.6762e-01 (8.6721e-01)
Epoch: [16][ 20/140]	L_Src_Sup 2.8841e-01 (2.0030e-01)	L_Trg_Inj 2.3341e-01 (3.0970e-01)	Loss Disc 6.8704e-01 (6.8640e-01)	Loss Pred 4.4707e-01 (4.6316e-01)	Loss TOTAL 8.9777e-01 (8.6578e-01)
Epoch: [16][ 30/140]	L_Src_Sup 1.3576e-01 (2.0210e-01)	L_Trg_Inj 2.6380e-01 (3.0802e-01)	Loss Disc 6.8309e-01 (6.8665e-01)	Loss Pred 4.4635e-01 (4.6434e-01)	Loss TOTAL 8.2786e-01 (8.6686e-01)
Epoch: [16][ 40/140]	L_Src_Sup 2.0889e-01 (2.0301e-01)	L_Trg_Inj 2.8993e-01 (3.0765e-01)	Loss Disc 6.8639e-01 (6.8670e-01)	Loss Pred 4.6551e-01 (4.6260e-01)	Loss TOTAL 8.5859e-01 (8.6561e-01)
Epoch: [16][ 50/140]	L_Src_Sup 2.5012e-01 (2.0593e-01)	L_Trg_Inj 3.5746e-01 (2.9922e-01)	Loss Disc 6.8708e-01 (6.8682e-01)	Loss Pred 4.8475e-01 (4.6154e-01)	Loss TOTAL 8.8905e-01 (8.6618e-01)
Epoch: [16][ 60/140]	L_Src_Sup 1.5796e-01 (2.0308e-01)	L_Trg_Inj 2.1566e-01 (2.9282e-01)	Loss Disc 6.8715e-01 (6.8727e-01)	Loss Pred 4.7156e-01 (4.6509e-01)	Loss TOTAL 8.5250e-01 (8.6725e-01)
Epoch: [16][ 70/140]	L_Src_Sup 1.0127e-01 (1.9899e-01)	L_Trg_Inj 3.3724e-01 (2.9174e-01)	Loss Disc 6.8705e-01 (6.8740e-01)	Loss Pred 4.4066e-01 (4.6419e-01)	Loss TOTAL 8.2804e-01 (8.6486e-01)
Epoch: [16][ 80/140]	L_Src_Sup 1.8678e-01 (1.9775e-01)	L_Trg_Inj 2.8007e-01 (2.9272e-01)	Loss Disc 6.8992e-01 (6.8762e-01)	Loss Pred 4.4646e-01 (4.6569e-01)	Loss TOTAL 8.3810e-01 (8.6585e-01)
Epoch: [16][ 90/140]	L_Src_Sup 1.5709e-01 (2.0054e-01)	L_Trg_Inj 1.7103e-01 (2.9015e-01)	Loss Disc 6.9068e-01 (6.8772e-01)	Loss Pred 4.6604e-01 (4.6574e-01)	Loss TOTAL 8.4420e-01 (8.6635e-01)
Epoch: [16][100/140]	L_Src_Sup 1.4163e-01 (2.0097e-01)	L_Trg_Inj 3.1055e-01 (2.9177e-01)	Loss Disc 6.8759e-01 (6.8777e-01)	Loss Pred 4.7832e-01 (4.6564e-01)	Loss TOTAL 8.6733e-01 (8.6573e-01)
Epoch: [16][110/140]	L_Src_Sup 2.2615e-01 (1.9964e-01)	L_Trg_Inj 2.6249e-01 (2.9469e-01)	Loss Disc 6.9113e-01 (6.8776e-01)	Loss Pred 4.6550e-01 (4.6535e-01)	Loss TOTAL 8.5993e-01 (8.6496e-01)
Epoch: [16][120/140]	L_Src_Sup 2.0013e-01 (1.9847e-01)	L_Trg_Inj 3.8597e-01 (2.9402e-01)	Loss Disc 6.9032e-01 (6.8773e-01)	Loss Pred 4.9741e-01 (4.6462e-01)	Loss TOTAL 9.0118e-01 (8.6380e-01)
Epoch: [16][130/140]	L_Src_Sup 1.4486e-01 (2.0120e-01)	L_Trg_Inj 2.2853e-01 (2.9023e-01)	Loss Disc 6.9080e-01 (6.8786e-01)	Loss Pred 4.9042e-01 (4.6582e-01)	Loss TOTAL 8.7316e-01 (8.6730e-01)
Epoch: [16][140/140]	L_Src_Sup 3.0796e-01 (2.0307e-01)	L_Trg_Inj 4.1343e-01 (2.9080e-01)	Loss Disc 6.8060e-01 (6.8776e-01)	Loss Pred 4.9097e-01 (4.6526e-01)	Loss TOTAL 9.0341e-01 (8.6659e-01)
Epoch: [16][140/140]	L_Src_Sup 3.0796e-01 (2.0307e-01)	L_Trg_Inj 4.1343e-01 (2.9080e-01)	Loss Disc 6.8060e-01 (6.8776e-01)	Loss Pred 4.9097e-01 (4.6526e-01)	Loss TOTAL 9.0341e-01 (8.6659e-01)
Epoch 16 complete. Saving model state...
Epoch: [17][ 10/140]	L_Src_Sup 2.3945e-01 (1.7646e-01)	L_Trg_Inj 2.6525e-01 (2.8778e-01)	Loss Disc 6.8858e-01 (6.8733e-01)	Loss Pred 4.5271e-01 (4.6231e-01)	Loss TOTAL 8.4747e-01 (8.5239e-01)
Epoch: [17][ 20/140]	L_Src_Sup 2.3651e-01 (1.7949e-01)	L_Trg_Inj 2.3397e-01 (2.7866e-01)	Loss Disc 6.8979e-01 (6.8828e-01)	Loss Pred 4.9701e-01 (4.6892e-01)	Loss TOTAL 8.9150e-01 (8.5900e-01)
Epoch: [17][ 30/140]	L_Src_Sup 1.9301e-01 (1.8924e-01)	L_Trg_Inj 2.4962e-01 (2.8525e-01)	Loss Disc 6.8989e-01 (6.8857e-01)	Loss Pred 4.7154e-01 (4.7165e-01)	Loss TOTAL 8.6075e-01 (8.6346e-01)
Epoch: [17][ 40/140]	L_Src_Sup 1.7097e-01 (1.8867e-01)	L_Trg_Inj 1.8804e-01 (2.8837e-01)	Loss Disc 6.8942e-01 (6.8837e-01)	Loss Pred 4.5270e-01 (4.7058e-01)	Loss TOTAL 8.3331e-01 (8.6253e-01)
Epoch: [17][ 50/140]	L_Src_Sup 2.4157e-01 (1.9048e-01)	L_Trg_Inj 3.7612e-01 (2.9303e-01)	Loss Disc 6.8354e-01 (6.8803e-01)	Loss Pred 4.5923e-01 (4.6806e-01)	Loss TOTAL 8.6276e-01 (8.6095e-01)
Epoch: [17][ 60/140]	L_Src_Sup 2.5063e-01 (1.9235e-01)	L_Trg_Inj 3.9913e-01 (2.9527e-01)	Loss Disc 6.8563e-01 (6.8801e-01)	Loss Pred 4.8549e-01 (4.6786e-01)	Loss TOTAL 8.9328e-01 (8.6110e-01)
Epoch: [17][ 70/140]	L_Src_Sup 2.7373e-01 (1.9406e-01)	L_Trg_Inj 3.5884e-01 (2.9656e-01)	Loss Disc 6.8608e-01 (6.8815e-01)	Loss Pred 4.5370e-01 (4.6875e-01)	Loss TOTAL 8.6000e-01 (8.6324e-01)
Epoch: [17][ 80/140]	L_Src_Sup 1.7122e-01 (1.9462e-01)	L_Trg_Inj 3.4242e-01 (2.9508e-01)	Loss Disc 6.8798e-01 (6.8824e-01)	Loss Pred 4.5281e-01 (4.6860e-01)	Loss TOTAL 8.4816e-01 (8.6411e-01)
Epoch: [17][ 90/140]	L_Src_Sup 1.5432e-01 (1.9427e-01)	L_Trg_Inj 3.4282e-01 (2.9620e-01)	Loss Disc 6.8906e-01 (6.8822e-01)	Loss Pred 4.5278e-01 (4.6811e-01)	Loss TOTAL 8.4703e-01 (8.6366e-01)
Epoch: [17][100/140]	L_Src_Sup 2.6517e-01 (1.9391e-01)	L_Trg_Inj 2.6246e-01 (2.9619e-01)	Loss Disc 6.8901e-01 (6.8816e-01)	Loss Pred 4.6540e-01 (4.6740e-01)	Loss TOTAL 8.6538e-01 (8.6358e-01)
Epoch: [17][110/140]	L_Src_Sup 2.7740e-01 (1.9562e-01)	L_Trg_Inj 2.7475e-01 (2.9396e-01)	Loss Disc 6.8776e-01 (6.8817e-01)	Loss Pred 4.6043e-01 (4.6686e-01)	Loss TOTAL 8.6217e-01 (8.6366e-01)
Epoch: [17][120/140]	L_Src_Sup 2.2742e-01 (1.9669e-01)	L_Trg_Inj 1.7090e-01 (2.9609e-01)	Loss Disc 6.9426e-01 (6.8801e-01)	Loss Pred 5.2215e-01 (4.6607e-01)	Loss TOTAL 9.6563e-01 (8.6327e-01)
Epoch: [17][130/140]	L_Src_Sup 2.1855e-01 (1.9588e-01)	L_Trg_Inj 2.4383e-01 (2.9670e-01)	Loss Disc 6.8691e-01 (6.8804e-01)	Loss Pred 4.3988e-01 (4.6668e-01)	Loss TOTAL 8.2957e-01 (8.6357e-01)
Epoch: [17][140/140]	L_Src_Sup 2.3336e-01 (1.9765e-01)	L_Trg_Inj 2.8766e-01 (2.9626e-01)	Loss Disc 6.8473e-01 (6.8787e-01)	Loss Pred 4.3368e-01 (4.6520e-01)	Loss TOTAL 8.2815e-01 (8.6213e-01)
Epoch: [17][140/140]	L_Src_Sup 2.3336e-01 (1.9765e-01)	L_Trg_Inj 2.8766e-01 (2.9626e-01)	Loss Disc 6.8473e-01 (6.8787e-01)	Loss Pred 4.3368e-01 (4.6520e-01)	Loss TOTAL 8.2815e-01 (8.6213e-01)
Epoch 17 complete. Saving model state...
Epoch: [18][ 10/140]	L_Src_Sup 3.6902e-01 (2.2417e-01)	L_Trg_Inj 2.8549e-01 (2.7704e-01)	Loss Disc 6.8882e-01 (6.8768e-01)	Loss Pred 4.7214e-01 (4.5980e-01)	Loss TOTAL 9.6553e-01 (8.6763e-01)
Epoch: [18][ 20/140]	L_Src_Sup 1.9825e+00 (1.1061e+00)	L_Trg_Inj 1.9831e+00 (1.1313e+00)	Loss Disc 6.8623e-01 (6.8883e-01)	Loss Pred 4.2704e-01 (4.6383e-01)	Loss TOTAL 1.1667e+00 (1.0404e+00)
Epoch: [18][ 30/140]	L_Src_Sup 2.9205e-01 (1.2892e+00)	L_Trg_Inj 3.0894e-01 (1.3045e+00)	Loss Disc 6.8711e-01 (6.8920e-01)	Loss Pred 4.8436e-01 (4.6480e-01)	Loss TOTAL 8.8802e-01 (1.0767e+00)
Epoch: [18][ 40/140]	L_Src_Sup 1.9352e-01 (1.0160e+00)	L_Trg_Inj 3.3571e-01 (1.0630e+00)	Loss Disc 6.8869e-01 (6.8859e-01)	Loss Pred 4.7164e-01 (4.6608e-01)	Loss TOTAL 8.6891e-01 (1.0242e+00)
Epoch: [18][ 50/140]	L_Src_Sup 2.3241e-01 (8.5180e-01)	L_Trg_Inj 2.8625e-01 (9.0794e-01)	Loss Disc 6.8849e-01 (6.8850e-01)	Loss Pred 4.8564e-01 (4.6610e-01)	Loss TOTAL 8.8176e-01 (9.9158e-01)
Epoch: [18][ 60/140]	L_Src_Sup 2.6795e-01 (7.4277e-01)	L_Trg_Inj 3.0226e-01 (8.0130e-01)	Loss Disc 6.8801e-01 (6.8840e-01)	Loss Pred 4.8460e-01 (4.6578e-01)	Loss TOTAL 8.8563e-01 (9.6922e-01)
Epoch: [18][ 70/140]	L_Src_Sup 3.4240e-01 (6.6698e-01)	L_Trg_Inj 2.5614e-01 (7.2829e-01)	Loss Disc 6.9142e-01 (6.8824e-01)	Loss Pred 4.9095e-01 (4.6546e-01)	Loss TOTAL 9.8278e-01 (9.5448e-01)
Epoch: [18][ 80/140]	L_Src_Sup 2.3011e-01 (6.0610e-01)	L_Trg_Inj 3.1125e-01 (6.7568e-01)	Loss Disc 6.8646e-01 (6.8806e-01)	Loss Pred 4.7798e-01 (4.6507e-01)	Loss TOTAL 8.7535e-01 (9.4198e-01)
Epoch: [18][ 90/140]	L_Src_Sup 1.3914e-01 (5.5597e-01)	L_Trg_Inj 1.8748e-01 (6.2858e-01)	Loss Disc 6.8909e-01 (6.8818e-01)	Loss Pred 4.6557e-01 (4.6510e-01)	Loss TOTAL 8.4278e-01 (9.3183e-01)
Epoch: [18][100/140]	L_Src_Sup 2.5894e-01 (5.1902e-01)	L_Trg_Inj 2.8853e-01 (5.9477e-01)	Loss Disc 6.8753e-01 (6.8822e-01)	Loss Pred 4.5890e-01 (4.6603e-01)	Loss TOTAL 8.5741e-01 (9.2529e-01)
Epoch: [18][110/140]	L_Src_Sup 1.3796e-01 (4.8946e-01)	L_Trg_Inj 2.9100e-01 (5.6827e-01)	Loss Disc 6.8690e-01 (6.8812e-01)	Loss Pred 4.5903e-01 (4.6563e-01)	Loss TOTAL 8.4537e-01 (9.1889e-01)
Epoch: [18][120/140]	L_Src_Sup 2.4140e-01 (4.6569e-01)	L_Trg_Inj 2.1222e-01 (5.4539e-01)	Loss Disc 6.9149e-01 (6.8819e-01)	Loss Pred 4.5922e-01 (4.6623e-01)	Loss TOTAL 8.7951e-01 (9.1482e-01)
Epoch: [18][130/140]	L_Src_Sup 1.2614e-01 (4.4492e-01)	L_Trg_Inj 3.4638e-01 (5.2475e-01)	Loss Disc 6.8681e-01 (6.8819e-01)	Loss Pred 4.9082e-01 (4.6601e-01)	Loss TOTAL 8.8147e-01 (9.1080e-01)
Epoch: [18][140/140]	L_Src_Sup 2.0517e-01 (4.2954e-01)	L_Trg_Inj 3.3695e-01 (5.0816e-01)	Loss Disc 6.8433e-01 (6.8806e-01)	Loss Pred 4.5311e-01 (4.6545e-01)	Loss TOTAL 8.4949e-01 (9.0723e-01)
Epoch: [18][140/140]	L_Src_Sup 2.0517e-01 (4.2954e-01)	L_Trg_Inj 3.3695e-01 (5.0816e-01)	Loss Disc 6.8433e-01 (6.8806e-01)	Loss Pred 4.5311e-01 (4.6545e-01)	Loss TOTAL 8.4949e-01 (9.0723e-01)
Epoch 18 complete. Saving model state...
Epoch: [19][ 10/140]	L_Src_Sup 1.9646e-01 (2.1754e-01)	L_Trg_Inj 2.7429e-01 (3.1449e-01)	Loss Disc 6.9099e-01 (6.8874e-01)	Loss Pred 4.8453e-01 (4.6239e-01)	Loss TOTAL 8.7710e-01 (8.6055e-01)
Epoch: [19][ 20/140]	L_Src_Sup 1.6367e-01 (1.8935e-01)	L_Trg_Inj 2.3129e-01 (3.1910e-01)	Loss Disc 6.8835e-01 (6.8737e-01)	Loss Pred 4.9740e-01 (4.6516e-01)	Loss TOTAL 8.8107e-01 (8.6085e-01)
Epoch: [19][ 30/140]	L_Src_Sup 2.8578e-01 (2.0656e-01)	L_Trg_Inj 3.3541e-01 (3.0759e-01)	Loss Disc 6.8621e-01 (6.8807e-01)	Loss Pred 4.4106e-01 (4.6686e-01)	Loss TOTAL 8.4628e-01 (8.6863e-01)
Epoch: [19][ 40/140]	L_Src_Sup 1.6668e-01 (2.0813e-01)	L_Trg_Inj 3.2607e-01 (3.0220e-01)	Loss Disc 6.8242e-01 (6.8815e-01)	Loss Pred 4.3392e-01 (4.6511e-01)	Loss TOTAL 8.2440e-01 (8.6530e-01)
Epoch: [19][ 50/140]	L_Src_Sup 1.9469e-01 (2.0534e-01)	L_Trg_Inj 3.6859e-01 (3.0092e-01)	Loss Disc 6.8588e-01 (6.8826e-01)	Loss Pred 4.7821e-01 (4.6641e-01)	Loss TOTAL 8.7748e-01 (8.6739e-01)
Epoch: [19][ 60/140]	L_Src_Sup 1.9645e-01 (2.0062e-01)	L_Trg_Inj 3.2684e-01 (2.9956e-01)	Loss Disc 6.9012e-01 (6.8823e-01)	Loss Pred 4.8436e-01 (4.6659e-01)	Loss TOTAL 8.8175e-01 (8.6591e-01)
Epoch: [19][ 70/140]	L_Src_Sup 1.6532e-01 (2.0128e-01)	L_Trg_Inj 2.1574e-01 (2.9873e-01)	Loss Disc 6.8776e-01 (6.8812e-01)	Loss Pred 4.2815e-01 (4.6489e-01)	Loss TOTAL 8.1013e-01 (8.6340e-01)
Epoch: [19][ 80/140]	L_Src_Sup 2.2620e-01 (1.9854e-01)	L_Trg_Inj 2.6280e-01 (2.9633e-01)	Loss Disc 6.8501e-01 (6.8810e-01)	Loss Pred 4.6620e-01 (4.6521e-01)	Loss TOTAL 8.5760e-01 (8.6280e-01)
Epoch: [19][ 90/140]	L_Src_Sup 1.2074e-01 (1.9824e-01)	L_Trg_Inj 3.3924e-01 (2.9436e-01)	Loss Disc 6.8689e-01 (6.8804e-01)	Loss Pred 4.5960e-01 (4.6573e-01)	Loss TOTAL 8.4904e-01 (8.6384e-01)
Epoch: [19][100/140]	L_Src_Sup 1.8253e-01 (1.9588e-01)	L_Trg_Inj 2.9318e-01 (2.9218e-01)	Loss Disc 6.8583e-01 (6.8814e-01)	Loss Pred 4.2702e-01 (4.6699e-01)	Loss TOTAL 8.1751e-01 (8.6557e-01)
Epoch: [19][110/140]	L_Src_Sup 2.0589e-01 (1.9503e-01)	L_Trg_Inj 2.6606e-01 (2.9325e-01)	Loss Disc 6.9130e-01 (6.8810e-01)	Loss Pred 5.1599e-01 (4.6662e-01)	Loss TOTAL 9.0884e-01 (8.6564e-01)
Epoch: [19][120/140]	L_Src_Sup 2.3935e-01 (1.9598e-01)	L_Trg_Inj 3.4034e-01 (2.9162e-01)	Loss Disc 6.8951e-01 (6.8812e-01)	Loss Pred 4.5307e-01 (4.6594e-01)	Loss TOTAL 8.5580e-01 (8.6450e-01)
Epoch: [19][130/140]	L_Src_Sup 2.0886e-01 (1.9704e-01)	L_Trg_Inj 3.0057e-01 (2.9501e-01)	Loss Disc 6.8423e-01 (6.8788e-01)	Loss Pred 4.6548e-01 (4.6549e-01)	Loss TOTAL 8.5854e-01 (8.6430e-01)
Epoch: [19][140/140]	L_Src_Sup 2.3495e-01 (1.9854e-01)	L_Trg_Inj 2.4165e-01 (2.9667e-01)	Loss Disc 6.9058e-01 (6.8793e-01)	Loss Pred 4.4001e-01 (4.6510e-01)	Loss TOTAL 8.3296e-01 (8.6394e-01)
Epoch: [19][140/140]	L_Src_Sup 2.3495e-01 (1.9854e-01)	L_Trg_Inj 2.4165e-01 (2.9667e-01)	Loss Disc 6.9058e-01 (6.8793e-01)	Loss Pred 4.4001e-01 (4.6510e-01)	Loss TOTAL 8.3296e-01 (8.6394e-01)
Epoch 19 complete. Saving model state...
Epoch: [20][ 10/140]	L_Src_Sup 2.5890e-01 (2.1047e-01)	L_Trg_Inj 4.2986e-01 (2.9816e-01)	Loss Disc 6.8760e-01 (6.8904e-01)	Loss Pred 4.5906e-01 (4.7638e-01)	Loss TOTAL 8.7174e-01 (8.8915e-01)
Epoch: [20][ 20/140]	L_Src_Sup 3.3189e-01 (2.0155e-01)	L_Trg_Inj 2.8397e-01 (2.9829e-01)	Loss Disc 6.8589e-01 (6.8864e-01)	Loss Pred 4.6513e-01 (4.7122e-01)	Loss TOTAL 9.1759e-01 (8.7826e-01)
Epoch: [20][ 30/140]	L_Src_Sup 2.0827e-01 (2.0079e-01)	L_Trg_Inj 3.1507e-01 (3.0705e-01)	Loss Disc 6.8475e-01 (6.8786e-01)	Loss Pred 4.5974e-01 (4.6970e-01)	Loss TOTAL 8.5445e-01 (8.7658e-01)
Epoch: [20][ 40/140]	L_Src_Sup 2.1241e-01 (1.9962e-01)	L_Trg_Inj 3.1097e-01 (3.1322e-01)	Loss Disc 6.8675e-01 (6.8793e-01)	Loss Pred 4.7773e-01 (4.6947e-01)	Loss TOTAL 8.7344e-01 (8.7406e-01)
Epoch: [20][ 50/140]	L_Src_Sup 2.0344e-01 (2.0222e-01)	L_Trg_Inj 3.5537e-01 (3.1520e-01)	Loss Disc 6.8608e-01 (6.8785e-01)	Loss Pred 4.4633e-01 (4.6792e-01)	Loss TOTAL 8.4525e-01 (8.7117e-01)
Epoch: [20][ 60/140]	L_Src_Sup 2.6103e-01 (2.0522e-01)	L_Trg_Inj 3.0579e-01 (3.1890e-01)	Loss Disc 6.8590e-01 (6.8765e-01)	Loss Pred 4.6526e-01 (4.6627e-01)	Loss TOTAL 8.6490e-01 (8.6892e-01)
Epoch: [20][ 70/140]	L_Src_Sup 3.6901e-01 (2.1171e-01)	L_Trg_Inj 2.9034e-01 (3.1964e-01)	Loss Disc 6.8825e-01 (6.8773e-01)	Loss Pred 4.7171e-01 (4.6570e-01)	Loss TOTAL 9.6045e-01 (8.7023e-01)
Epoch: [20][ 80/140]	L_Src_Sup 1.3117e-01 (2.0715e-01)	L_Trg_Inj 3.1422e-01 (3.1768e-01)	Loss Disc 6.8320e-01 (6.8770e-01)	Loss Pred 4.2086e-01 (4.6545e-01)	Loss TOTAL 8.0699e-01 (8.6837e-01)
Epoch: [20][ 90/140]	L_Src_Sup 1.8970e-01 (2.1088e-01)	L_Trg_Inj 3.4155e-01 (3.1518e-01)	Loss Disc 6.8709e-01 (6.8789e-01)	Loss Pred 4.5894e-01 (4.6559e-01)	Loss TOTAL 8.5562e-01 (8.6950e-01)
Epoch: [20][100/140]	L_Src_Sup 2.2014e-01 (2.1337e-01)	L_Trg_Inj 4.0761e-01 (3.1688e-01)	Loss Disc 6.8644e-01 (6.8784e-01)	Loss Pred 5.0967e-01 (4.6490e-01)	Loss TOTAL 9.1566e-01 (8.6864e-01)
Epoch: [20][110/140]	L_Src_Sup 2.4780e-01 (2.1130e-01)	L_Trg_Inj 3.5342e-01 (3.1842e-01)	Loss Disc 6.8612e-01 (6.8788e-01)	Loss Pred 4.7765e-01 (4.6545e-01)	Loss TOTAL 8.8083e-01 (8.6926e-01)
Epoch: [20][120/140]	L_Src_Sup 2.0346e-01 (2.1220e-01)	L_Trg_Inj 3.0250e-01 (3.1954e-01)	Loss Disc 6.8804e-01 (6.8790e-01)	Loss Pred 4.4629e-01 (4.6541e-01)	Loss TOTAL 8.4090e-01 (8.6885e-01)
Epoch: [20][130/140]	L_Src_Sup 1.5803e-01 (2.1179e-01)	L_Trg_Inj 3.2804e-01 (3.1852e-01)	Loss Disc 6.8905e-01 (6.8791e-01)	Loss Pred 4.7145e-01 (4.6564e-01)	Loss TOTAL 8.6458e-01 (8.6869e-01)
Epoch: [20][140/140]	L_Src_Sup 3.3900e-01 (2.1176e-01)	L_Trg_Inj 2.8627e-01 (3.2048e-01)	Loss Disc 6.8804e-01 (6.8789e-01)	Loss Pred 4.4664e-01 (4.6504e-01)	Loss TOTAL 9.0592e-01 (8.6822e-01)
Epoch: [20][140/140]	L_Src_Sup 3.3900e-01 (2.1176e-01)	L_Trg_Inj 2.8627e-01 (3.2048e-01)	Loss Disc 6.8804e-01 (6.8789e-01)	Loss Pred 4.4664e-01 (4.6504e-01)	Loss TOTAL 9.0592e-01 (8.6822e-01)
Epoch 20 complete. Saving model state...
Epoch: [21][ 10/140]	L_Src_Sup 1.5657e-01 (2.1710e-01)	L_Trg_Inj 3.3851e-01 (3.0483e-01)	Loss Disc 6.8791e-01 (6.8891e-01)	Loss Pred 4.6545e-01 (4.6542e-01)	Loss TOTAL 8.5891e-01 (8.6762e-01)
Epoch: [21][ 20/140]	L_Src_Sup 1.3919e-01 (1.8841e-01)	L_Trg_Inj 3.0228e-01 (3.0879e-01)	Loss Disc 6.8596e-01 (6.8859e-01)	Loss Pred 4.6500e-01 (4.6462e-01)	Loss TOTAL 8.5213e-01 (8.6141e-01)
Epoch: [21][ 30/140]	L_Src_Sup 2.8576e-01 (1.9583e-01)	L_Trg_Inj 3.1687e-01 (3.1424e-01)	Loss Disc 6.8740e-01 (6.8832e-01)	Loss Pred 4.8392e-01 (4.6680e-01)	Loss TOTAL 8.8788e-01 (8.6403e-01)
Epoch: [21][ 40/140]	L_Src_Sup 1.7700e-01 (2.0049e-01)	L_Trg_Inj 2.8349e-01 (3.0747e-01)	Loss Disc 6.8896e-01 (6.8877e-01)	Loss Pred 4.7772e-01 (4.6777e-01)	Loss TOTAL 8.6825e-01 (8.6450e-01)
Epoch: [21][ 50/140]	L_Src_Sup 1.8336e-01 (2.0131e-01)	L_Trg_Inj 3.1931e-01 (3.1310e-01)	Loss Disc 6.8614e-01 (6.8858e-01)	Loss Pred 4.3378e-01 (4.6566e-01)	Loss TOTAL 8.2712e-01 (8.6286e-01)
Epoch: [21][ 60/140]	L_Src_Sup 2.8478e-01 (2.0621e-01)	L_Trg_Inj 3.1079e-01 (3.0603e-01)	Loss Disc 6.8828e-01 (6.8863e-01)	Loss Pred 4.6536e-01 (4.6462e-01)	Loss TOTAL 8.6906e-01 (8.6276e-01)
Epoch: [21][ 70/140]	L_Src_Sup 1.0363e-01 (2.0466e-01)	L_Trg_Inj 3.1136e-01 (3.1180e-01)	Loss Disc 6.8720e-01 (6.8829e-01)	Loss Pred 4.5922e-01 (4.6438e-01)	Loss TOTAL 8.4432e-01 (8.6240e-01)
Epoch: [21][ 80/140]	L_Src_Sup 1.4172e-01 (2.0208e-01)	L_Trg_Inj 2.7196e-01 (3.0707e-01)	Loss Disc 6.9117e-01 (6.8828e-01)	Loss Pred 4.8260e-01 (4.6466e-01)	Loss TOTAL 8.6955e-01 (8.6174e-01)
Epoch: [21][ 90/140]	L_Src_Sup 3.2738e-01 (2.0365e-01)	L_Trg_Inj 1.8663e-01 (3.0921e-01)	Loss Disc 6.9491e-01 (6.8822e-01)	Loss Pred 4.9653e-01 (4.6532e-01)	Loss TOTAL 1.0361e+00 (8.6409e-01)
Epoch: [21][100/140]	L_Src_Sup 7.1436e-02 (2.0501e-01)	L_Trg_Inj 3.5902e-01 (3.0988e-01)	Loss Disc 6.8853e-01 (6.8823e-01)	Loss Pred 4.8430e-01 (4.6595e-01)	Loss TOTAL 8.7161e-01 (8.6672e-01)
Epoch: [21][110/140]	L_Src_Sup 1.1767e-01 (2.0353e-01)	L_Trg_Inj 2.3306e-01 (3.0981e-01)	Loss Disc 6.8963e-01 (6.8817e-01)	Loss Pred 4.4023e-01 (4.6523e-01)	Loss TOTAL 8.2012e-01 (8.6534e-01)
Epoch: [21][120/140]	L_Src_Sup 1.7865e-01 (2.0412e-01)	L_Trg_Inj 2.2620e-01 (3.0764e-01)	Loss Disc 6.9139e-01 (6.8811e-01)	Loss Pred 4.8448e-01 (4.6477e-01)	Loss TOTAL 8.7066e-01 (8.6518e-01)
Epoch: [21][130/140]	L_Src_Sup 2.1054e-01 (2.0241e-01)	L_Trg_Inj 3.1563e-01 (3.0773e-01)	Loss Disc 6.8724e-01 (6.8820e-01)	Loss Pred 4.7155e-01 (4.6568e-01)	Loss TOTAL 8.6779e-01 (8.6558e-01)
Epoch: [21][140/140]	L_Src_Sup 1.0438e-01 (2.0006e-01)	L_Trg_Inj 4.0481e-01 (3.0687e-01)	Loss Disc 6.8554e-01 (6.8818e-01)	Loss Pred 4.6568e-01 (4.6516e-01)	Loss TOTAL 8.5937e-01 (8.6474e-01)
Epoch: [21][140/140]	L_Src_Sup 1.0438e-01 (2.0006e-01)	L_Trg_Inj 4.0481e-01 (3.0687e-01)	Loss Disc 6.8554e-01 (6.8818e-01)	Loss Pred 4.6568e-01 (4.6516e-01)	Loss TOTAL 8.5937e-01 (8.6474e-01)
Epoch 21 complete. Saving model state...
Epoch: [22][ 10/140]	L_Src_Sup 2.6177e-01 (2.1253e-01)	L_Trg_Inj 2.8105e-01 (3.0850e-01)	Loss Disc 6.9198e-01 (6.8837e-01)	Loss Pred 5.1611e-01 (4.7172e-01)	Loss TOTAL 9.1638e-01 (8.6801e-01)
Epoch: [22][ 20/140]	L_Src_Sup 1.8044e-01 (2.0551e-01)	L_Trg_Inj 2.4900e-01 (2.9644e-01)	Loss Disc 6.8836e-01 (6.8826e-01)	Loss Pred 4.2096e-01 (4.6722e-01)	Loss TOTAL 8.0808e-01 (8.6379e-01)
Epoch: [22][ 30/140]	L_Src_Sup 1.4034e-01 (2.0004e-01)	L_Trg_Inj 2.8670e-01 (2.9527e-01)	Loss Disc 6.8811e-01 (6.8828e-01)	Loss Pred 4.7145e-01 (4.6595e-01)	Loss TOTAL 8.5821e-01 (8.6112e-01)
Epoch: [22][ 40/140]	L_Src_Sup 2.0688e-01 (2.0181e-01)	L_Trg_Inj 2.3329e-01 (2.9609e-01)	Loss Disc 6.8990e-01 (6.8853e-01)	Loss Pred 4.5937e-01 (4.6730e-01)	Loss TOTAL 8.4833e-01 (8.6263e-01)
Epoch: [22][ 50/140]	L_Src_Sup 1.7547e-01 (2.0285e-01)	L_Trg_Inj 2.7466e-01 (2.9586e-01)	Loss Disc 6.8817e-01 (6.8847e-01)	Loss Pred 4.7175e-01 (4.6595e-01)	Loss TOTAL 8.6084e-01 (8.6186e-01)
Epoch: [22][ 60/140]	L_Src_Sup 1.4014e-01 (2.0233e-01)	L_Trg_Inj 3.1132e-01 (2.9394e-01)	Loss Disc 6.8902e-01 (6.8830e-01)	Loss Pred 4.6479e-01 (4.6488e-01)	Loss TOTAL 8.5444e-01 (8.6196e-01)
Epoch: [22][ 70/140]	L_Src_Sup 2.3109e-01 (2.0400e-01)	L_Trg_Inj 2.7980e-01 (2.9165e-01)	Loss Disc 6.8820e-01 (6.8826e-01)	Loss Pred 4.7769e-01 (4.6451e-01)	Loss TOTAL 8.7288e-01 (8.6227e-01)
Epoch: [22][ 80/140]	L_Src_Sup 2.6326e-01 (2.0585e-01)	L_Trg_Inj 2.9466e-01 (2.9313e-01)	Loss Disc 6.8919e-01 (6.8830e-01)	Loss Pred 4.7244e-01 (4.6416e-01)	Loss TOTAL 8.7282e-01 (8.6176e-01)
Epoch: [22][ 90/140]	L_Src_Sup 2.7592e-01 (2.0276e-01)	L_Trg_Inj 2.3231e-01 (2.9286e-01)	Loss Disc 6.8712e-01 (6.8818e-01)	Loss Pred 4.5890e-01 (4.6435e-01)	Loss TOTAL 8.9688e-01 (8.6186e-01)
Epoch: [22][100/140]	L_Src_Sup 1.6985e-01 (2.0038e-01)	L_Trg_Inj 2.7864e-01 (2.9344e-01)	Loss Disc 6.9109e-01 (6.8822e-01)	Loss Pred 5.2225e-01 (4.6356e-01)	Loss TOTAL 9.1265e-01 (8.6115e-01)
Epoch: [22][110/140]	L_Src_Sup 1.6959e-01 (1.9826e-01)	L_Trg_Inj 3.6878e-01 (2.9271e-01)	Loss Disc 6.8460e-01 (6.8815e-01)	Loss Pred 4.4621e-01 (4.6372e-01)	Loss TOTAL 8.4234e-01 (8.6079e-01)
Epoch: [22][120/140]	L_Src_Sup 1.6074e-01 (1.9790e-01)	L_Trg_Inj 2.4773e-01 (2.9232e-01)	Loss Disc 6.9032e-01 (6.8821e-01)	Loss Pred 4.8387e-01 (4.6412e-01)	Loss TOTAL 8.6988e-01 (8.6093e-01)
Epoch: [22][130/140]	L_Src_Sup 1.2075e-01 (1.9775e-01)	L_Trg_Inj 3.2533e-01 (2.9410e-01)	Loss Disc 6.8450e-01 (6.8822e-01)	Loss Pred 4.5889e-01 (4.6499e-01)	Loss TOTAL 8.4574e-01 (8.6184e-01)
Epoch: [22][140/140]	L_Src_Sup 1.5877e-01 (1.9643e-01)	L_Trg_Inj 3.1104e-01 (2.9224e-01)	Loss Disc 6.8718e-01 (6.8826e-01)	Loss Pred 4.7153e-01 (4.6496e-01)	Loss TOTAL 8.6210e-01 (8.6219e-01)
Epoch: [22][140/140]	L_Src_Sup 1.5877e-01 (1.9643e-01)	L_Trg_Inj 3.1104e-01 (2.9224e-01)	Loss Disc 6.8718e-01 (6.8826e-01)	Loss Pred 4.7153e-01 (4.6496e-01)	Loss TOTAL 8.6210e-01 (8.6219e-01)
Epoch 22 complete. Saving model state...
Epoch: [23][ 10/140]	L_Src_Sup 1.9611e-01 (1.8021e-01)	L_Trg_Inj 3.5529e-01 (3.1523e-01)	Loss Disc 6.9312e-01 (6.8848e-01)	Loss Pred 5.4764e-01 (4.7602e-01)	Loss TOTAL 9.4934e-01 (8.6980e-01)
Epoch: [23][ 20/140]	L_Src_Sup 1.6390e-01 (1.9300e-01)	L_Trg_Inj 3.1079e-01 (3.0223e-01)	Loss Disc 6.8686e-01 (6.8815e-01)	Loss Pred 4.6034e-01 (4.6314e-01)	Loss TOTAL 8.5123e-01 (8.6317e-01)
Epoch: [23][ 30/140]	L_Src_Sup 1.8981e-01 (1.9297e-01)	L_Trg_Inj 2.2296e-01 (2.9263e-01)	Loss Disc 6.9017e-01 (6.8852e-01)	Loss Pred 4.5881e-01 (4.6409e-01)	Loss TOTAL 8.4517e-01 (8.6120e-01)
Epoch: [23][ 40/140]	L_Src_Sup 1.6411e-01 (1.9537e-01)	L_Trg_Inj 2.8086e-01 (2.9715e-01)	Loss Disc 6.8859e-01 (6.8845e-01)	Loss Pred 4.9689e-01 (4.6560e-01)	Loss TOTAL 8.8569e-01 (8.6244e-01)
Epoch: [23][ 50/140]	L_Src_Sup 1.8520e-01 (2.0571e-01)	L_Trg_Inj 3.3739e-01 (2.9689e-01)	Loss Disc 6.8794e-01 (6.8857e-01)	Loss Pred 4.8131e-01 (4.6606e-01)	Loss TOTAL 8.7754e-01 (8.6684e-01)
Epoch: [23][ 60/140]	L_Src_Sup 1.8350e-01 (2.0154e-01)	L_Trg_Inj 2.3297e-01 (2.9547e-01)	Loss Disc 6.8933e-01 (6.8848e-01)	Loss Pred 4.3361e-01 (4.6537e-01)	Loss TOTAL 8.1993e-01 (8.6621e-01)
Epoch: [23][ 70/140]	L_Src_Sup 2.1827e-01 (2.0013e-01)	L_Trg_Inj 2.4813e-01 (2.9385e-01)	Loss Disc 6.9167e-01 (6.8849e-01)	Loss Pred 4.9743e-01 (4.6596e-01)	Loss TOTAL 8.8990e-01 (8.6553e-01)
Epoch: [23][ 80/140]	L_Src_Sup 1.4877e-01 (1.9994e-01)	L_Trg_Inj 2.8462e-01 (2.9171e-01)	Loss Disc 6.8423e-01 (6.8839e-01)	Loss Pred 4.2732e-01 (4.6494e-01)	Loss TOTAL 8.1277e-01 (8.6513e-01)
Epoch: [23][ 90/140]	L_Src_Sup 1.7243e-01 (2.0101e-01)	L_Trg_Inj 2.9598e-01 (2.9121e-01)	Loss Disc 6.8771e-01 (6.8842e-01)	Loss Pred 4.5894e-01 (4.6500e-01)	Loss TOTAL 8.4963e-01 (8.6485e-01)
Epoch: [23][100/140]	L_Src_Sup 2.2035e-01 (1.9926e-01)	L_Trg_Inj 2.3361e-01 (2.9168e-01)	Loss Disc 6.8860e-01 (6.8845e-01)	Loss Pred 4.4612e-01 (4.6434e-01)	Loss TOTAL 8.3582e-01 (8.6345e-01)
Epoch: [23][110/140]	L_Src_Sup 2.5869e-01 (1.9991e-01)	L_Trg_Inj 3.4284e-01 (2.8941e-01)	Loss Disc 6.8548e-01 (6.8830e-01)	Loss Pred 4.5911e-01 (4.6438e-01)	Loss TOTAL 8.6201e-01 (8.6318e-01)
Epoch: [23][120/140]	L_Src_Sup 2.6090e-01 (2.0128e-01)	L_Trg_Inj 3.4261e-01 (2.8980e-01)	Loss Disc 6.8372e-01 (6.8832e-01)	Loss Pred 4.6515e-01 (4.6471e-01)	Loss TOTAL 8.6736e-01 (8.6322e-01)
Epoch: [23][130/140]	L_Src_Sup 2.3646e-01 (2.0241e-01)	L_Trg_Inj 2.8032e-01 (2.8976e-01)	Loss Disc 6.9180e-01 (6.8841e-01)	Loss Pred 4.9695e-01 (4.6538e-01)	Loss TOTAL 8.9453e-01 (8.6450e-01)
Epoch: [23][140/140]	L_Src_Sup 1.5518e-01 (1.9899e-01)	L_Trg_Inj 2.4919e-01 (2.8953e-01)	Loss Disc 6.8945e-01 (6.8846e-01)	Loss Pred 4.6407e-01 (4.6522e-01)	Loss TOTAL 8.4923e-01 (8.6413e-01)
Epoch: [23][140/140]	L_Src_Sup 1.5518e-01 (1.9899e-01)	L_Trg_Inj 2.4919e-01 (2.8953e-01)	Loss Disc 6.8945e-01 (6.8846e-01)	Loss Pred 4.6407e-01 (4.6522e-01)	Loss TOTAL 8.4923e-01 (8.6413e-01)
Epoch 23 complete. Saving model state...
Epoch: [24][ 10/140]	L_Src_Sup 2.6178e-01 (2.2686e-01)	L_Trg_Inj 2.8049e-01 (2.7586e-01)	Loss Disc 6.9153e-01 (6.8904e-01)	Loss Pred 4.6029e-01 (4.6782e-01)	Loss TOTAL 8.6028e-01 (8.7256e-01)
Epoch: [24][ 20/140]	L_Src_Sup 1.7402e-01 (2.1259e-01)	L_Trg_Inj 4.5229e-01 (2.7790e-01)	Loss Disc 6.8651e-01 (6.8872e-01)	Loss Pred 4.6522e-01 (4.6568e-01)	Loss TOTAL 8.7111e-01 (8.7006e-01)
Epoch: [24][ 30/140]	L_Src_Sup 2.2614e-01 (2.1045e-01)	L_Trg_Inj 3.1223e-01 (2.8479e-01)	Loss Disc 6.8442e-01 (6.8817e-01)	Loss Pred 4.6522e-01 (4.6046e-01)	Loss TOTAL 8.6127e-01 (8.6139e-01)
Epoch: [24][ 40/140]	L_Src_Sup 1.8805e-01 (2.0345e-01)	L_Trg_Inj 2.8097e-01 (2.8804e-01)	Loss Disc 6.8810e-01 (6.8831e-01)	Loss Pred 4.5257e-01 (4.6307e-01)	Loss TOTAL 8.4352e-01 (8.6252e-01)
Epoch: [24][ 50/140]	L_Src_Sup 2.0755e-01 (2.0143e-01)	L_Trg_Inj 3.7462e-01 (2.8607e-01)	Loss Disc 6.8850e-01 (6.8834e-01)	Loss Pred 5.2220e-01 (4.6388e-01)	Loss TOTAL 9.2466e-01 (8.6400e-01)
Epoch: [24][ 60/140]	L_Src_Sup 2.9634e-01 (2.0742e-01)	L_Trg_Inj 3.2718e-01 (2.8785e-01)	Loss Disc 6.9291e-01 (6.8835e-01)	Loss Pred 5.0970e-01 (4.6242e-01)	Loss TOTAL 9.1851e-01 (8.6386e-01)
Epoch: [24][ 70/140]	L_Src_Sup 2.0184e-01 (2.0403e-01)	L_Trg_Inj 3.2273e-01 (2.9109e-01)	Loss Disc 6.8960e-01 (6.8827e-01)	Loss Pred 5.0317e-01 (4.6327e-01)	Loss TOTAL 9.0042e-01 (8.6362e-01)
Epoch: [24][ 80/140]	L_Src_Sup 1.5386e-01 (2.0581e-01)	L_Trg_Inj 3.1487e-01 (2.9384e-01)	Loss Disc 6.8578e-01 (6.8827e-01)	Loss Pred 4.5255e-01 (4.6303e-01)	Loss TOTAL 8.4232e-01 (8.6413e-01)
Epoch: [24][ 90/140]	L_Src_Sup 2.0001e-01 (2.0796e-01)	L_Trg_Inj 2.0242e-01 (2.9368e-01)	Loss Disc 6.9412e-01 (6.8831e-01)	Loss Pred 4.9705e-01 (4.6276e-01)	Loss TOTAL 8.8435e-01 (8.6395e-01)
Epoch: [24][100/140]	L_Src_Sup 1.6073e-01 (2.0794e-01)	L_Trg_Inj 2.4900e-01 (2.9334e-01)	Loss Disc 6.9001e-01 (6.8838e-01)	Loss Pred 4.8381e-01 (4.6338e-01)	Loss TOTAL 8.6979e-01 (8.6460e-01)
Epoch: [24][110/140]	L_Src_Sup 2.0172e-01 (2.0691e-01)	L_Trg_Inj 2.4980e-01 (2.9113e-01)	Loss Disc 6.8653e-01 (6.8855e-01)	Loss Pred 4.3967e-01 (4.6417e-01)	Loss TOTAL 8.2809e-01 (8.6484e-01)
Epoch: [24][120/140]	L_Src_Sup 1.6526e-01 (2.0530e-01)	L_Trg_Inj 3.9035e-01 (2.8957e-01)	Loss Disc 6.8825e-01 (6.8864e-01)	Loss Pred 5.2326e-01 (4.6452e-01)	Loss TOTAL 9.2295e-01 (8.6459e-01)
Epoch: [24][130/140]	L_Src_Sup 3.1043e-01 (2.0631e-01)	L_Trg_Inj 3.2734e-01 (2.9125e-01)	Loss Disc 6.9030e-01 (6.8864e-01)	Loss Pred 4.5878e-01 (4.6471e-01)	Loss TOTAL 8.6770e-01 (8.6489e-01)
Epoch: [24][140/140]	L_Src_Sup 2.3229e-01 (2.0658e-01)	L_Trg_Inj 4.2437e-01 (2.9297e-01)	Loss Disc 6.8993e-01 (6.8869e-01)	Loss Pred 4.8438e-01 (4.6502e-01)	Loss TOTAL 8.9501e-01 (8.6509e-01)
Epoch: [24][140/140]	L_Src_Sup 2.3229e-01 (2.0658e-01)	L_Trg_Inj 4.2437e-01 (2.9297e-01)	Loss Disc 6.8993e-01 (6.8869e-01)	Loss Pred 4.8438e-01 (4.6502e-01)	Loss TOTAL 8.9501e-01 (8.6509e-01)
Epoch 24 complete. Saving model state...
Epoch: [25][ 10/140]	L_Src_Sup 2.3211e-01 (1.9231e-01)	L_Trg_Inj 5.1214e-01 (3.0019e-01)	Loss Disc 6.8759e-01 (6.8996e-01)	Loss Pred 4.7771e-01 (4.7091e-01)	Loss TOTAL 8.9593e-01 (8.7035e-01)
Epoch: [25][ 20/140]	L_Src_Sup 2.5892e-01 (2.0874e-01)	L_Trg_Inj 3.3179e-01 (3.2065e-01)	Loss Disc 6.8912e-01 (6.8857e-01)	Loss Pred 5.0327e-01 (4.7242e-01)	Loss TOTAL 9.0690e-01 (8.7702e-01)
Epoch: [25][ 30/140]	L_Src_Sup 9.0373e-02 (2.0916e-01)	L_Trg_Inj 3.8747e-01 (3.2065e-01)	Loss Disc 6.8498e-01 (6.8763e-01)	Loss Pred 4.9084e-01 (4.6937e-01)	Loss TOTAL 8.8112e-01 (8.7154e-01)
Epoch: [25][ 40/140]	L_Src_Sup 1.9657e-01 (2.1156e-01)	L_Trg_Inj 2.6102e-01 (3.2222e-01)	Loss Disc 6.9274e-01 (6.8761e-01)	Loss Pred 4.8410e-01 (4.6786e-01)	Loss TOTAL 8.7622e-01 (8.6907e-01)
Epoch: [25][ 50/140]	L_Src_Sup 1.3917e-01 (2.1149e-01)	L_Trg_Inj 2.7944e-01 (3.2072e-01)	Loss Disc 6.9013e-01 (6.8761e-01)	Loss Pred 4.7659e-01 (4.6588e-01)	Loss TOTAL 8.6352e-01 (8.6614e-01)
Epoch: [25][ 60/140]	L_Src_Sup 1.4036e-01 (2.0858e-01)	L_Trg_Inj 3.6885e-01 (3.1800e-01)	Loss Disc 6.8817e-01 (6.8771e-01)	Loss Pred 4.7146e-01 (4.6632e-01)	Loss TOTAL 8.6647e-01 (8.6676e-01)
Epoch: [25][ 70/140]	L_Src_Sup 1.4637e-01 (2.0372e-01)	L_Trg_Inj 2.7555e-01 (3.1722e-01)	Loss Disc 6.8535e-01 (6.8790e-01)	Loss Pred 4.1432e-01 (4.6461e-01)	Loss TOTAL 7.9918e-01 (8.6403e-01)
Epoch: [25][ 80/140]	L_Src_Sup 2.1623e-01 (2.0386e-01)	L_Trg_Inj 2.1263e-01 (3.1471e-01)	Loss Disc 6.9333e-01 (6.8792e-01)	Loss Pred 4.9025e-01 (4.6437e-01)	Loss TOTAL 8.8340e-01 (8.6444e-01)
Epoch: [25][ 90/140]	L_Src_Sup 2.5004e-01 (2.0478e-01)	L_Trg_Inj 3.3405e-01 (3.1450e-01)	Loss Disc 6.8667e-01 (6.8796e-01)	Loss Pred 4.3343e-01 (4.6415e-01)	Loss TOTAL 8.3518e-01 (8.6384e-01)
Epoch: [25][100/140]	L_Src_Sup 2.9567e-01 (2.0662e-01)	L_Trg_Inj 3.3811e-01 (3.1474e-01)	Loss Disc 6.8614e-01 (6.8805e-01)	Loss Pred 4.7265e-01 (4.6496e-01)	Loss TOTAL 8.7910e-01 (8.6561e-01)
Epoch: [25][110/140]	L_Src_Sup 1.2736e-01 (2.0733e-01)	L_Trg_Inj 3.8135e-01 (3.1505e-01)	Loss Disc 6.9049e-01 (6.8802e-01)	Loss Pred 4.9699e-01 (4.6485e-01)	Loss TOTAL 8.9311e-01 (8.6523e-01)
Epoch: [25][120/140]	L_Src_Sup 1.9644e-01 (2.0694e-01)	L_Trg_Inj 3.8685e-01 (3.1717e-01)	Loss Disc 6.8722e-01 (6.8803e-01)	Loss Pred 4.8416e-01 (4.6431e-01)	Loss TOTAL 8.8610e-01 (8.6476e-01)
Epoch: [25][130/140]	L_Src_Sup 1.3797e-01 (2.0343e-01)	L_Trg_Inj 3.5315e-01 (3.2103e-01)	Loss Disc 6.8674e-01 (6.8803e-01)	Loss Pred 4.5850e-01 (4.6456e-01)	Loss TOTAL 8.5098e-01 (8.6474e-01)
Epoch: [25][140/140]	L_Src_Sup 1.6222e-01 (2.0494e-01)	L_Trg_Inj 3.2493e-01 (3.2045e-01)	Loss Disc 6.9021e-01 (6.8820e-01)	Loss Pred 4.9052e-01 (4.6551e-01)	Loss TOTAL 8.8434e-01 (8.6560e-01)
Epoch: [25][140/140]	L_Src_Sup 1.6222e-01 (2.0494e-01)	L_Trg_Inj 3.2493e-01 (3.2045e-01)	Loss Disc 6.9021e-01 (6.8820e-01)	Loss Pred 4.9052e-01 (4.6551e-01)	Loss TOTAL 8.8434e-01 (8.6560e-01)
Epoch 25 complete. Saving model state...
Epoch: [26][ 10/140]	L_Src_Sup 1.8811e-01 (2.2374e-01)	L_Trg_Inj 2.9643e-01 (2.9899e-01)	Loss Disc 6.8753e-01 (6.8837e-01)	Loss Pred 4.5273e-01 (4.6282e-01)	Loss TOTAL 8.4495e-01 (8.6829e-01)
Epoch: [26][ 20/140]	L_Src_Sup 2.5006e-01 (2.2250e-01)	L_Trg_Inj 3.1912e-01 (3.3104e-01)	Loss Disc 6.9138e-01 (6.8827e-01)	Loss Pred 4.8394e-01 (4.7004e-01)	Loss TOTAL 8.8655e-01 (8.7403e-01)
Epoch: [26][ 30/140]	L_Src_Sup 1.5789e-01 (2.0176e-01)	L_Trg_Inj 2.6148e-01 (3.2017e-01)	Loss Disc 6.8856e-01 (6.8820e-01)	Loss Pred 4.7153e-01 (4.6568e-01)	Loss TOTAL 8.5775e-01 (8.6688e-01)
Epoch: [26][ 40/140]	L_Src_Sup 2.2743e-01 (1.9859e-01)	L_Trg_Inj 2.8084e-01 (3.1831e-01)	Loss Disc 6.8988e-01 (6.8791e-01)	Loss Pred 4.6564e-01 (4.6478e-01)	Loss TOTAL 8.6141e-01 (8.6516e-01)
Epoch: [26][ 50/140]	L_Src_Sup 1.8797e-01 (1.9633e-01)	L_Trg_Inj 3.1390e-01 (3.1921e-01)	Loss Disc 6.9161e-01 (6.8798e-01)	Loss Pred 4.5206e-01 (4.6474e-01)	Loss TOTAL 8.4805e-01 (8.6407e-01)
Epoch: [26][ 60/140]	L_Src_Sup 2.1496e-01 (1.9855e-01)	L_Trg_Inj 3.5911e-01 (3.1839e-01)	Loss Disc 6.8472e-01 (6.8812e-01)	Loss Pred 4.2710e-01 (4.6546e-01)	Loss TOTAL 8.2686e-01 (8.6511e-01)
Epoch: [26][ 70/140]	L_Src_Sup 2.2431e-01 (1.9881e-01)	L_Trg_Inj 3.9017e-01 (3.1377e-01)	Loss Disc 6.8354e-01 (6.8817e-01)	Loss Pred 4.5933e-01 (4.6597e-01)	Loss TOTAL 8.6254e-01 (8.6636e-01)
Epoch: [26][ 80/140]	L_Src_Sup 2.2813e-01 (1.9928e-01)	L_Trg_Inj 2.7952e-01 (3.1057e-01)	Loss Disc 6.9258e-01 (6.8834e-01)	Loss Pred 4.7153e-01 (4.6507e-01)	Loss TOTAL 8.6858e-01 (8.6505e-01)
Epoch: [26][ 90/140]	L_Src_Sup 3.1306e-01 (1.9684e-01)	L_Trg_Inj 2.1801e-01 (3.0865e-01)	Loss Disc 6.8988e-01 (6.8847e-01)	Loss Pred 4.6467e-01 (4.6585e-01)	Loss TOTAL 9.5777e-01 (8.6598e-01)
Epoch: [26][100/140]	L_Src_Sup 2.0072e-01 (1.9723e-01)	L_Trg_Inj 3.5483e-01 (3.0500e-01)	Loss Disc 6.8752e-01 (6.8858e-01)	Loss Pred 4.8462e-01 (4.6582e-01)	Loss TOTAL 8.8393e-01 (8.6541e-01)
Epoch: [26][110/140]	L_Src_Sup 2.4143e-01 (1.9793e-01)	L_Trg_Inj 2.6561e-01 (3.0333e-01)	Loss Disc 6.8964e-01 (6.8864e-01)	Loss Pred 4.5876e-01 (4.6524e-01)	Loss TOTAL 8.5429e-01 (8.6488e-01)
Epoch: [26][120/140]	L_Src_Sup 2.3144e-01 (1.9941e-01)	L_Trg_Inj 3.5586e-01 (3.0383e-01)	Loss Disc 6.8592e-01 (6.8859e-01)	Loss Pred 4.2720e-01 (4.6418e-01)	Loss TOTAL 8.2889e-01 (8.6364e-01)
Epoch: [26][130/140]	L_Src_Sup 8.4042e-02 (1.9716e-01)	L_Trg_Inj 4.3893e-01 (3.0328e-01)	Loss Disc 6.8564e-01 (6.8861e-01)	Loss Pred 4.3972e-01 (4.6460e-01)	Loss TOTAL 8.3483e-01 (8.6342e-01)
Epoch: [26][140/140]	L_Src_Sup 2.0343e-01 (1.9602e-01)	L_Trg_Inj 3.1734e-01 (3.0386e-01)	Loss Disc 6.8618e-01 (6.8859e-01)	Loss Pred 4.4736e-01 (4.6473e-01)	Loss TOTAL 8.4253e-01 (8.6365e-01)
Epoch: [26][140/140]	L_Src_Sup 2.0343e-01 (1.9602e-01)	L_Trg_Inj 3.1734e-01 (3.0386e-01)	Loss Disc 6.8618e-01 (6.8859e-01)	Loss Pred 4.4736e-01 (4.6473e-01)	Loss TOTAL 8.4253e-01 (8.6365e-01)
Epoch 26 complete. Saving model state...
Epoch: [27][ 10/140]	L_Src_Sup 2.2414e-01 (1.8522e-01)	L_Trg_Inj 3.5401e-01 (3.3106e-01)	Loss Disc 6.8634e-01 (6.8928e-01)	Loss Pred 4.5911e-01 (4.7710e-01)	Loss TOTAL 8.6010e-01 (8.7336e-01)
Epoch: [27][ 20/140]	L_Src_Sup 2.3146e-01 (1.9176e-01)	L_Trg_Inj 3.4072e-01 (3.2748e-01)	Loss Disc 6.8665e-01 (6.8867e-01)	Loss Pred 4.2707e-01 (4.6584e-01)	Loss TOTAL 8.2761e-01 (8.6455e-01)
Epoch: [27][ 30/140]	L_Src_Sup 1.5517e-01 (1.8572e-01)	L_Trg_Inj 2.2616e-01 (3.1131e-01)	Loss Disc 6.8936e-01 (6.8845e-01)	Loss Pred 4.5893e-01 (4.6163e-01)	Loss TOTAL 8.4174e-01 (8.5719e-01)
Epoch: [27][ 40/140]	L_Src_Sup 2.1250e-01 (1.8779e-01)	L_Trg_Inj 3.7137e-01 (3.0842e-01)	Loss Disc 6.8806e-01 (6.8884e-01)	Loss Pred 4.7765e-01 (4.6505e-01)	Loss TOTAL 8.8007e-01 (8.6119e-01)
Epoch: [27][ 50/140]	L_Src_Sup 1.6075e-01 (1.9020e-01)	L_Trg_Inj 3.4034e-01 (3.0568e-01)	Loss Disc 6.8766e-01 (6.8889e-01)	Loss Pred 4.8405e-01 (4.6659e-01)	Loss TOTAL 8.7799e-01 (8.6303e-01)
Epoch: [27][ 60/140]	L_Src_Sup 1.9131e-01 (1.9168e-01)	L_Trg_Inj 2.6102e-01 (3.1037e-01)	Loss Disc 6.9068e-01 (6.8875e-01)	Loss Pred 4.6509e-01 (4.6740e-01)	Loss TOTAL 8.5566e-01 (8.6399e-01)
Epoch: [27][ 70/140]	L_Src_Sup 2.9851e-01 (1.9635e-01)	L_Trg_Inj 3.1327e-01 (3.0443e-01)	Loss Disc 6.8819e-01 (6.8885e-01)	Loss Pred 4.6042e-01 (4.6705e-01)	Loss TOTAL 8.6569e-01 (8.6405e-01)
Epoch: [27][ 80/140]	L_Src_Sup 2.1681e-01 (1.9636e-01)	L_Trg_Inj 2.8352e-01 (3.0211e-01)	Loss Disc 6.8936e-01 (6.8879e-01)	Loss Pred 4.8474e-01 (4.6722e-01)	Loss TOTAL 8.7945e-01 (8.6364e-01)
Epoch: [27][ 90/140]	L_Src_Sup 2.0009e-01 (1.9518e-01)	L_Trg_Inj 3.2103e-01 (3.0022e-01)	Loss Disc 6.8679e-01 (6.8868e-01)	Loss Pred 4.9045e-01 (4.6659e-01)	Loss TOTAL 8.8595e-01 (8.6241e-01)
Epoch: [27][100/140]	L_Src_Sup 1.7107e-01 (1.9416e-01)	L_Trg_Inj 1.4163e-01 (2.9604e-01)	Loss Disc 6.8997e-01 (6.8868e-01)	Loss Pred 4.5221e-01 (4.6678e-01)	Loss TOTAL 8.5790e-01 (8.6289e-01)
Epoch: [27][110/140]	L_Src_Sup 2.5432e-01 (1.9521e-01)	L_Trg_Inj 2.5818e-01 (2.9802e-01)	Loss Disc 6.8682e-01 (6.8871e-01)	Loss Pred 4.4598e-01 (4.6742e-01)	Loss TOTAL 8.4064e-01 (8.6360e-01)
Epoch: [27][120/140]	L_Src_Sup 1.2515e-01 (1.9610e-01)	L_Trg_Inj 3.4080e-01 (3.0054e-01)	Loss Disc 6.8770e-01 (6.8860e-01)	Loss Pred 4.7751e-01 (4.6717e-01)	Loss TOTAL 8.6795e-01 (8.6471e-01)
Epoch: [27][130/140]	L_Src_Sup 2.0213e-01 (1.9642e-01)	L_Trg_Inj 3.4144e-01 (3.0260e-01)	Loss Disc 6.8948e-01 (6.8856e-01)	Loss Pred 4.6520e-01 (4.6588e-01)	Loss TOTAL 8.6430e-01 (8.6336e-01)
Epoch: [27][140/140]	L_Src_Sup 2.3141e-01 (1.9447e-01)	L_Trg_Inj 4.0690e-01 (3.0490e-01)	Loss Disc 6.7997e-01 (6.8843e-01)	Loss Pred 4.2688e-01 (4.6569e-01)	Loss TOTAL 8.3070e-01 (8.6303e-01)
Epoch: [27][140/140]	L_Src_Sup 2.3141e-01 (1.9447e-01)	L_Trg_Inj 4.0690e-01 (3.0490e-01)	Loss Disc 6.7997e-01 (6.8843e-01)	Loss Pred 4.2688e-01 (4.6569e-01)	Loss TOTAL 8.3070e-01 (8.6303e-01)
Epoch 27 complete. Saving model state...
Epoch: [28][ 10/140]	L_Src_Sup 1.8804e-01 (2.1759e-01)	L_Trg_Inj 3.5470e-01 (3.1645e-01)	Loss Disc 6.8923e-01 (6.8831e-01)	Loss Pred 4.5223e-01 (4.6564e-01)	Loss TOTAL 8.5112e-01 (8.6775e-01)
Epoch: [28][ 20/140]	L_Src_Sup 1.2174e-01 (2.0952e-01)	L_Trg_Inj 3.0075e-01 (3.1174e-01)	Loss Disc 6.8991e-01 (6.8827e-01)	Loss Pred 4.6517e-01 (4.6311e-01)	Loss TOTAL 8.5238e-01 (8.6291e-01)
Epoch: [28][ 30/140]	L_Src_Sup 2.9315e-01 (2.1410e-01)	L_Trg_Inj 3.0441e-01 (3.1460e-01)	Loss Disc 6.9145e-01 (6.8815e-01)	Loss Pred 4.5855e-01 (4.6353e-01)	Loss TOTAL 8.6403e-01 (8.6284e-01)
Epoch: [28][ 40/140]	L_Src_Sup 2.5386e-01 (2.0532e-01)	L_Trg_Inj 2.7563e-01 (3.1086e-01)	Loss Disc 6.8919e-01 (6.8808e-01)	Loss Pred 4.6500e-01 (4.6423e-01)	Loss TOTAL 8.6255e-01 (8.6166e-01)
Epoch: [28][ 50/140]	L_Src_Sup 2.0669e-01 (2.0499e-01)	L_Trg_Inj 3.4342e-01 (3.0726e-01)	Loss Disc 6.8871e-01 (6.8830e-01)	Loss Pred 4.5253e-01 (4.6540e-01)	Loss TOTAL 8.5189e-01 (8.6363e-01)
Epoch: [28][ 60/140]	L_Src_Sup 2.4567e-01 (2.0630e-01)	L_Trg_Inj 3.4340e-01 (3.1018e-01)	Loss Disc 6.9008e-01 (6.8835e-01)	Loss Pred 4.7127e-01 (4.6788e-01)	Loss TOTAL 8.7522e-01 (8.6773e-01)
Epoch: [28][ 70/140]	L_Src_Sup 1.4546e-01 (2.0287e-01)	L_Trg_Inj 2.6534e-01 (3.0738e-01)	Loss Disc 6.9194e-01 (6.8837e-01)	Loss Pred 4.9668e-01 (4.6721e-01)	Loss TOTAL 8.8373e-01 (8.6588e-01)
Epoch: [28][ 80/140]	L_Src_Sup 2.0692e-01 (2.0057e-01)	L_Trg_Inj 3.0754e-01 (3.0370e-01)	Loss Disc 6.8600e-01 (6.8827e-01)	Loss Pred 4.5883e-01 (4.6623e-01)	Loss TOTAL 8.5327e-01 (8.6381e-01)
Epoch: [28][ 90/140]	L_Src_Sup 2.0342e-01 (2.0251e-01)	L_Trg_Inj 2.3417e-01 (3.0110e-01)	Loss Disc 6.9069e-01 (6.8838e-01)	Loss Pred 4.4588e-01 (4.6554e-01)	Loss TOTAL 8.3499e-01 (8.6278e-01)
Epoch: [28][100/140]	L_Src_Sup 2.0180e-01 (2.0018e-01)	L_Trg_Inj 2.6532e-01 (2.9753e-01)	Loss Disc 6.8895e-01 (6.8831e-01)	Loss Pred 4.3991e-01 (4.6479e-01)	Loss TOTAL 8.3109e-01 (8.6152e-01)
Epoch: [28][110/140]	L_Src_Sup 2.7350e-01 (1.9764e-01)	L_Trg_Inj 3.4337e-01 (2.9871e-01)	Loss Disc 6.8435e-01 (6.8818e-01)	Loss Pred 4.5229e-01 (4.6419e-01)	Loss TOTAL 8.5616e-01 (8.6046e-01)
Epoch: [28][120/140]	L_Src_Sup 1.9472e-01 (1.9928e-01)	L_Trg_Inj 2.0294e-01 (2.9582e-01)	Loss Disc 6.9066e-01 (6.8834e-01)	Loss Pred 4.7769e-01 (4.6437e-01)	Loss TOTAL 8.6279e-01 (8.6096e-01)
Epoch: [28][130/140]	L_Src_Sup 2.1075e-01 (1.9913e-01)	L_Trg_Inj 3.6897e-01 (2.9476e-01)	Loss Disc 6.9048e-01 (6.8841e-01)	Loss Pred 4.7125e-01 (4.6446e-01)	Loss TOTAL 8.7447e-01 (8.6155e-01)
Epoch: [28][140/140]	L_Src_Sup 2.0690e-01 (1.9791e-01)	L_Trg_Inj 2.9641e-01 (2.9683e-01)	Loss Disc 6.8604e-01 (6.8840e-01)	Loss Pred 4.5864e-01 (4.6460e-01)	Loss TOTAL 8.5199e-01 (8.6153e-01)
Epoch: [28][140/140]	L_Src_Sup 2.0690e-01 (1.9791e-01)	L_Trg_Inj 2.9641e-01 (2.9683e-01)	Loss Disc 6.8604e-01 (6.8840e-01)	Loss Pred 4.5864e-01 (4.6460e-01)	Loss TOTAL 8.5199e-01 (8.6153e-01)
Epoch 28 complete. Saving model state...
Epoch: [29][ 10/140]	L_Src_Sup 2.3734e-01 (1.8803e-01)	L_Trg_Inj 2.6680e-01 (3.0143e-01)	Loss Disc 6.8745e-01 (6.8870e-01)	Loss Pred 4.4592e-01 (4.6378e-01)	Loss TOTAL 8.4005e-01 (8.6242e-01)
Epoch: [29][ 20/140]	L_Src_Sup 1.6364e-01 (1.9061e-01)	L_Trg_Inj 3.1197e-01 (2.8962e-01)	Loss Disc 6.8706e-01 (6.8891e-01)	Loss Pred 4.9679e-01 (4.6359e-01)	Loss TOTAL 8.8788e-01 (8.6121e-01)
Epoch: [29][ 30/140]	L_Src_Sup 1.9492e-01 (1.9892e-01)	L_Trg_Inj 2.8089e-01 (2.8604e-01)	Loss Disc 6.8958e-01 (6.8855e-01)	Loss Pred 4.7777e-01 (4.6176e-01)	Loss TOTAL 8.7014e-01 (8.6086e-01)
Epoch: [29][ 40/140]	L_Src_Sup 1.2564e-01 (2.0036e-01)	L_Trg_Inj 3.8991e-01 (2.8442e-01)	Loss Disc 6.8885e-01 (6.8834e-01)	Loss Pred 4.8392e-01 (4.6369e-01)	Loss TOTAL 8.7990e-01 (8.6495e-01)
Epoch: [29][ 50/140]	L_Src_Sup 1.5518e-01 (2.0241e-01)	L_Trg_Inj 1.3820e-01 (2.8855e-01)	Loss Disc 6.9397e-01 (6.8810e-01)	Loss Pred 4.5884e-01 (4.6079e-01)	Loss TOTAL 8.5214e-01 (8.6116e-01)
Epoch: [29][ 60/140]	L_Src_Sup 1.7402e-01 (1.9954e-01)	L_Trg_Inj 2.8360e-01 (2.8938e-01)	Loss Disc 6.8821e-01 (6.8823e-01)	Loss Pred 4.6501e-01 (4.6097e-01)	Loss TOTAL 8.5488e-01 (8.6026e-01)
Epoch: [29][ 70/140]	L_Src_Sup 1.1015e-01 (1.9901e-01)	L_Trg_Inj 3.0744e-01 (2.9233e-01)	Loss Disc 6.9558e-01 (6.8809e-01)	Loss Pred 5.0318e-01 (4.6056e-01)	Loss TOTAL 8.9274e-01 (8.5997e-01)
Epoch: [29][ 80/140]	L_Src_Sup 1.1765e-01 (1.9441e-01)	L_Trg_Inj 3.4264e-01 (2.9527e-01)	Loss Disc 6.8476e-01 (6.8821e-01)	Loss Pred 4.3964e-01 (4.6159e-01)	Loss TOTAL 8.2805e-01 (8.6010e-01)
Epoch: [29][ 90/140]	L_Src_Sup 1.7858e-01 (1.9454e-01)	L_Trg_Inj 2.4855e-01 (2.9426e-01)	Loss Disc 6.9036e-01 (6.8831e-01)	Loss Pred 4.8409e-01 (4.6317e-01)	Loss TOTAL 8.7198e-01 (8.6106e-01)
Epoch: [29][100/140]	L_Src_Sup 1.1967e-01 (1.9394e-01)	L_Trg_Inj 3.8348e-01 (2.9535e-01)	Loss Disc 6.8706e-01 (6.8828e-01)	Loss Pred 4.5233e-01 (4.6285e-01)	Loss TOTAL 8.4618e-01 (8.6029e-01)
Epoch: [29][110/140]	L_Src_Sup 1.7553e-01 (1.9471e-01)	L_Trg_Inj 2.0162e-01 (2.9377e-01)	Loss Disc 6.8870e-01 (6.8831e-01)	Loss Pred 4.4830e-01 (4.6352e-01)	Loss TOTAL 8.3036e-01 (8.6066e-01)
Epoch: [29][120/140]	L_Src_Sup 2.1324e-01 (1.9562e-01)	L_Trg_Inj 3.0774e-01 (2.9375e-01)	Loss Disc 6.8495e-01 (6.8835e-01)	Loss Pred 4.6529e-01 (4.6345e-01)	Loss TOTAL 8.5986e-01 (8.6036e-01)
Epoch: [29][130/140]	L_Src_Sup 2.6165e-01 (2.0031e-01)	L_Trg_Inj 3.9142e-01 (2.9126e-01)	Loss Disc 6.8282e-01 (6.8835e-01)	Loss Pred 4.8347e-01 (4.6531e-01)	Loss TOTAL 8.9019e-01 (8.6584e-01)
Epoch: [29][140/140]	L_Src_Sup 2.0336e-01 (2.0151e-01)	L_Trg_Inj 2.6809e-01 (2.9241e-01)	Loss Disc 6.8654e-01 (6.8835e-01)	Loss Pred 5.0140e-01 (4.6804e-01)	Loss TOTAL 8.9182e-01 (8.6909e-01)
Epoch: [29][140/140]	L_Src_Sup 2.0336e-01 (2.0151e-01)	L_Trg_Inj 2.6809e-01 (2.9241e-01)	Loss Disc 6.8654e-01 (6.8835e-01)	Loss Pred 5.0140e-01 (4.6804e-01)	Loss TOTAL 8.9182e-01 (8.6909e-01)
Epoch 29 complete. Saving model state...
Epoch: [30][ 10/140]	L_Src_Sup 1.9682e-01 (2.0722e-01)	L_Trg_Inj 3.4358e-01 (3.0768e-01)	Loss Disc 6.9174e-01 (6.8800e-01)	Loss Pred 4.8059e-01 (4.7209e-01)	Loss TOTAL 8.8050e-01 (8.7548e-01)
Epoch: [30][ 20/140]	L_Src_Sup 2.2948e-01 (2.1318e-01)	L_Trg_Inj 3.1101e-01 (3.2783e-01)	Loss Disc 6.9172e-01 (6.8857e-01)	Loss Pred 4.7343e-01 (4.7370e-01)	Loss TOTAL 8.7334e-01 (8.7757e-01)
Epoch: [30][ 30/140]	L_Src_Sup 2.2305e-01 (2.0888e-01)	L_Trg_Inj 3.3007e-01 (3.2278e-01)	Loss Disc 6.8780e-01 (6.8842e-01)	Loss Pred 4.7317e-01 (4.6942e-01)	Loss TOTAL 8.7238e-01 (8.7162e-01)
Epoch: [30][ 40/140]	L_Src_Sup 1.7283e-01 (2.1099e-01)	L_Trg_Inj 3.7317e-01 (3.3234e-01)	Loss Disc 6.8456e-01 (6.8787e-01)	Loss Pred 4.5975e-01 (4.6963e-01)	Loss TOTAL 8.5663e-01 (8.7152e-01)
Epoch: [30][ 50/140]	L_Src_Sup 2.0712e-01 (2.0999e-01)	L_Trg_Inj 2.8196e-01 (3.2185e-01)	Loss Disc 6.8607e-01 (6.8802e-01)	Loss Pred 4.5978e-01 (4.6971e-01)	Loss TOTAL 8.5173e-01 (8.7033e-01)
Epoch: [30][ 60/140]	L_Src_Sup 2.0347e-01 (2.0558e-01)	L_Trg_Inj 3.4091e-01 (3.2280e-01)	Loss Disc 6.8523e-01 (6.8805e-01)	Loss Pred 4.4691e-01 (4.7014e-01)	Loss TOTAL 8.4396e-01 (8.7050e-01)
Epoch: [30][ 70/140]	L_Src_Sup 1.7396e-01 (2.0244e-01)	L_Trg_Inj 2.3952e-01 (3.1953e-01)	Loss Disc 6.9202e-01 (6.8810e-01)	Loss Pred 4.6607e-01 (4.7007e-01)	Loss TOTAL 8.5343e-01 (8.6931e-01)
Epoch: [30][ 80/140]	L_Src_Sup 1.8970e-01 (1.9926e-01)	L_Trg_Inj 2.9492e-01 (3.1504e-01)	Loss Disc 6.8366e-01 (6.8796e-01)	Loss Pred 4.5913e-01 (4.6840e-01)	Loss TOTAL 8.4942e-01 (8.6644e-01)
Epoch: [30][ 90/140]	L_Src_Sup 2.8073e-01 (2.0113e-01)	L_Trg_Inj 2.7409e-01 (3.1204e-01)	Loss Disc 6.9227e-01 (6.8798e-01)	Loss Pred 4.7187e-01 (4.6682e-01)	Loss TOTAL 8.8013e-01 (8.6593e-01)
Epoch: [30][100/140]	L_Src_Sup 2.1627e-01 (1.9825e-01)	L_Trg_Inj 1.5552e-01 (3.0722e-01)	Loss Disc 6.9416e-01 (6.8801e-01)	Loss Pred 4.9077e-01 (4.6637e-01)	Loss TOTAL 9.3577e-01 (8.6494e-01)
Epoch: [30][110/140]	L_Src_Sup 1.9470e-01 (1.9754e-01)	L_Trg_Inj 2.6032e-01 (3.0711e-01)	Loss Disc 6.8863e-01 (6.8802e-01)	Loss Pred 4.7802e-01 (4.6639e-01)	Loss TOTAL 8.6783e-01 (8.6461e-01)
Epoch: [30][120/140]	L_Src_Sup 5.4618e-02 (1.9826e-01)	L_Trg_Inj 1.9186e-01 (3.0633e-01)	Loss Disc 6.9248e-01 (6.8809e-01)	Loss Pred 4.7159e-01 (4.6684e-01)	Loss TOTAL 8.4248e-01 (8.6554e-01)
Epoch: [30][130/140]	L_Src_Sup 1.3560e-01 (1.9816e-01)	L_Trg_Inj 3.5826e-01 (3.0991e-01)	Loss Disc 6.8759e-01 (6.8801e-01)	Loss Pred 4.4620e-01 (4.6613e-01)	Loss TOTAL 8.3938e-01 (8.6481e-01)
Epoch: [30][140/140]	L_Src_Sup 1.9470e-01 (1.9894e-01)	L_Trg_Inj 3.4991e-01 (3.0780e-01)	Loss Disc 6.8943e-01 (6.8803e-01)	Loss Pred 4.7782e-01 (4.6615e-01)	Loss TOTAL 8.7700e-01 (8.6572e-01)
Epoch: [30][140/140]	L_Src_Sup 1.9470e-01 (1.9894e-01)	L_Trg_Inj 3.4991e-01 (3.0780e-01)	Loss Disc 6.8943e-01 (6.8803e-01)	Loss Pred 4.7782e-01 (4.6615e-01)	Loss TOTAL 8.7700e-01 (8.6572e-01)
Epoch 30 complete. Saving model state...
Epoch: [31][ 10/140]	L_Src_Sup 2.8814e-01 (2.1452e-01)	L_Trg_Inj 3.4609e-01 (3.0235e-01)	Loss Disc 6.8350e-01 (6.8755e-01)	Loss Pred 4.4599e-01 (4.5376e-01)	Loss TOTAL 8.5116e-01 (8.5424e-01)
Epoch: [31][ 20/140]	L_Src_Sup 2.4141e-01 (2.1185e-01)	L_Trg_Inj 3.2312e-01 (3.1968e-01)	Loss Disc 6.8706e-01 (6.8764e-01)	Loss Pred 4.5864e-01 (4.5884e-01)	Loss TOTAL 8.5862e-01 (8.5832e-01)
Epoch: [31][ 30/140]	L_Src_Sup 1.9131e-01 (2.1378e-01)	L_Trg_Inj 3.1831e-01 (3.0672e-01)	Loss Disc 6.8548e-01 (6.8789e-01)	Loss Pred 4.6496e-01 (4.6133e-01)	Loss TOTAL 8.5866e-01 (8.6276e-01)
Epoch: [31][ 40/140]	L_Src_Sup 2.1239e-01 (2.1362e-01)	L_Trg_Inj 2.6493e-01 (3.0094e-01)	Loss Disc 6.9206e-01 (6.8802e-01)	Loss Pred 4.7776e-01 (4.6133e-01)	Loss TOTAL 8.7152e-01 (8.6182e-01)
Epoch: [31][ 50/140]	L_Src_Sup 2.2731e-01 (2.0968e-01)	L_Trg_Inj 3.6134e-01 (3.0769e-01)	Loss Disc 6.8724e-01 (6.8796e-01)	Loss Pred 4.7774e-01 (4.6168e-01)	Loss TOTAL 8.8023e-01 (8.6142e-01)
Epoch: [31][ 60/140]	L_Src_Sup 1.5386e-01 (2.0640e-01)	L_Trg_Inj 4.0702e-01 (3.0784e-01)	Loss Disc 6.8609e-01 (6.8809e-01)	Loss Pred 4.5229e-01 (4.6150e-01)	Loss TOTAL 8.5142e-01 (8.6197e-01)
Epoch: [31][ 70/140]	L_Src_Sup 2.1622e-01 (2.0321e-01)	L_Trg_Inj 3.0704e-01 (3.1038e-01)	Loss Disc 6.9107e-01 (6.8833e-01)	Loss Pred 4.9062e-01 (4.6330e-01)	Loss TOTAL 8.8848e-01 (8.6353e-01)
Epoch: [31][ 80/140]	L_Src_Sup 1.6394e-01 (2.0436e-01)	L_Trg_Inj 2.6233e-01 (3.1180e-01)	Loss Disc 6.8413e-01 (6.8823e-01)	Loss Pred 4.2110e-01 (4.6266e-01)	Loss TOTAL 8.0579e-01 (8.6305e-01)
Epoch: [31][ 90/140]	L_Src_Sup 1.8644e-01 (2.0331e-01)	L_Trg_Inj 3.3741e-01 (3.0914e-01)	Loss Disc 6.8857e-01 (6.8827e-01)	Loss Pred 4.4603e-01 (4.6244e-01)	Loss TOTAL 8.4270e-01 (8.6215e-01)
Epoch: [31][100/140]	L_Src_Sup 2.1053e-01 (2.0521e-01)	L_Trg_Inj 2.7733e-01 (3.0920e-01)	Loss Disc 6.9014e-01 (6.8829e-01)	Loss Pred 4.7135e-01 (4.6333e-01)	Loss TOTAL 8.6521e-01 (8.6307e-01)
Epoch: [31][110/140]	L_Src_Sup 2.5226e-01 (2.0618e-01)	L_Trg_Inj 2.6822e-01 (3.0655e-01)	Loss Disc 6.8723e-01 (6.8826e-01)	Loss Pred 4.9029e-01 (4.6377e-01)	Loss TOTAL 8.8595e-01 (8.6351e-01)
Epoch: [31][120/140]	L_Src_Sup 1.1864e-01 (2.0504e-01)	L_Trg_Inj 3.4243e-01 (3.0747e-01)	Loss Disc 6.8571e-01 (6.8818e-01)	Loss Pred 4.4585e-01 (4.6366e-01)	Loss TOTAL 8.3482e-01 (8.6298e-01)
Epoch: [31][130/140]	L_Src_Sup 2.3423e-01 (2.0339e-01)	L_Trg_Inj 3.6661e-01 (3.0694e-01)	Loss Disc 6.8789e-01 (6.8824e-01)	Loss Pred 4.9030e-01 (4.6400e-01)	Loss TOTAL 8.9433e-01 (8.6293e-01)
Epoch: [31][140/140]	L_Src_Sup 2.7027e-01 (2.0434e-01)	L_Trg_Inj 3.8597e-01 (3.0657e-01)	Loss Disc 6.8629e-01 (6.8829e-01)	Loss Pred 4.9030e-01 (4.6479e-01)	Loss TOTAL 8.9907e-01 (8.6403e-01)
Epoch: [31][140/140]	L_Src_Sup 2.7027e-01 (2.0434e-01)	L_Trg_Inj 3.8597e-01 (3.0657e-01)	Loss Disc 6.8629e-01 (6.8829e-01)	Loss Pred 4.9030e-01 (4.6479e-01)	Loss TOTAL 8.9907e-01 (8.6403e-01)
Epoch 31 complete. Saving model state...
Epoch: [32][ 10/140]	L_Src_Sup 1.3793e-01 (1.7617e-01)	L_Trg_Inj 3.2064e-01 (2.8552e-01)	Loss Disc 6.8696e-01 (6.8918e-01)	Loss Pred 4.5869e-01 (4.6500e-01)	Loss TOTAL 8.4802e-01 (8.5940e-01)
Epoch: [32][ 20/140]	L_Src_Sup 2.0690e-01 (1.9314e-01)	L_Trg_Inj 3.9192e-01 (3.0505e-01)	Loss Disc 6.8521e-01 (6.8839e-01)	Loss Pred 4.5874e-01 (4.6434e-01)	Loss TOTAL 8.6122e-01 (8.6128e-01)
Epoch: [32][ 30/140]	L_Src_Sup 2.1849e-01 (1.9725e-01)	L_Trg_Inj 3.5236e-01 (3.0051e-01)	Loss Disc 6.8455e-01 (6.8826e-01)	Loss Pred 4.3948e-01 (4.6325e-01)	Loss TOTAL 8.3884e-01 (8.6096e-01)
Epoch: [32][ 40/140]	L_Src_Sup 2.5689e-01 (1.9964e-01)	L_Trg_Inj 3.1129e-01 (2.9702e-01)	Loss Disc 6.9071e-01 (6.8847e-01)	Loss Pred 5.0295e-01 (4.6510e-01)	Loss TOTAL 9.0512e-01 (8.6185e-01)
Epoch: [32][ 50/140]	L_Src_Sup 2.1667e-01 (1.9854e-01)	L_Trg_Inj 2.7885e-01 (3.0177e-01)	Loss Disc 6.8565e-01 (6.8823e-01)	Loss Pred 4.3308e-01 (4.6354e-01)	Loss TOTAL 8.2546e-01 (8.5997e-01)
Epoch: [32][ 60/140]	L_Src_Sup 1.9133e-01 (1.9928e-01)	L_Trg_Inj 2.3301e-01 (2.9309e-01)	Loss Disc 6.8840e-01 (6.8825e-01)	Loss Pred 4.6619e-01 (4.6392e-01)	Loss TOTAL 8.5282e-01 (8.6058e-01)
Epoch: [32][ 70/140]	L_Src_Sup 1.7094e-01 (2.0385e-01)	L_Trg_Inj 2.4989e-01 (2.9226e-01)	Loss Disc 6.9177e-01 (6.8825e-01)	Loss Pred 4.5241e-01 (4.6382e-01)	Loss TOTAL 8.4038e-01 (8.6220e-01)
Epoch: [32][ 80/140]	L_Src_Sup 1.7241e-01 (2.0010e-01)	L_Trg_Inj 1.8739e-01 (2.9166e-01)	Loss Disc 6.9121e-01 (6.8829e-01)	Loss Pred 4.5861e-01 (4.6475e-01)	Loss TOTAL 8.4019e-01 (8.6213e-01)
Epoch: [32][ 90/140]	L_Src_Sup 2.1053e-01 (1.9993e-01)	L_Trg_Inj 2.6549e-01 (2.9294e-01)	Loss Disc 6.8886e-01 (6.8817e-01)	Loss Pred 4.7129e-01 (4.6420e-01)	Loss TOTAL 8.6332e-01 (8.6119e-01)
Epoch: [32][100/140]	L_Src_Sup 1.5652e-01 (1.9892e-01)	L_Trg_Inj 2.9669e-01 (2.9376e-01)	Loss Disc 6.8742e-01 (6.8799e-01)	Loss Pred 4.6503e-01 (4.6404e-01)	Loss TOTAL 8.5406e-01 (8.6159e-01)
Epoch: [32][110/140]	L_Src_Sup 2.4348e-01 (1.9855e-01)	L_Trg_Inj 2.9681e-01 (2.9411e-01)	Loss Disc 6.8964e-01 (6.8810e-01)	Loss Pred 4.6493e-01 (4.6476e-01)	Loss TOTAL 8.6378e-01 (8.6197e-01)
Epoch: [32][120/140]	L_Src_Sup 2.3423e-01 (1.9757e-01)	L_Trg_Inj 2.9660e-01 (2.9496e-01)	Loss Disc 6.8963e-01 (6.8814e-01)	Loss Pred 4.9044e-01 (4.6499e-01)	Loss TOTAL 8.8834e-01 (8.6189e-01)
Epoch: [32][130/140]	L_Src_Sup 2.0695e-01 (1.9920e-01)	L_Trg_Inj 1.7169e-01 (2.9371e-01)	Loss Disc 6.9105e-01 (6.8813e-01)	Loss Pred 4.5850e-01 (4.6450e-01)	Loss TOTAL 8.7715e-01 (8.6163e-01)
Epoch: [32][140/140]	L_Src_Sup 7.0801e-02 (1.9857e-01)	L_Trg_Inj 3.1221e-01 (2.9402e-01)	Loss Disc 6.8771e-01 (6.8815e-01)	Loss Pred 4.7766e-01 (4.6472e-01)	Loss TOTAL 8.5981e-01 (8.6177e-01)
Epoch: [32][140/140]	L_Src_Sup 7.0801e-02 (1.9857e-01)	L_Trg_Inj 3.1221e-01 (2.9402e-01)	Loss Disc 6.8771e-01 (6.8815e-01)	Loss Pred 4.7766e-01 (4.6472e-01)	Loss TOTAL 8.5981e-01 (8.6177e-01)
Epoch 32 complete. Saving model state...
Epoch: [33][ 10/140]	L_Src_Sup 2.8814e-01 (2.1604e-01)	L_Trg_Inj 2.9649e-01 (2.9457e-01)	Loss Disc 6.8763e-01 (6.8843e-01)	Loss Pred 4.4587e-01 (4.6745e-01)	Loss TOTAL 8.4815e-01 (8.6479e-01)
Epoch: [33][ 20/140]	L_Src_Sup 2.0000e-01 (2.0039e-01)	L_Trg_Inj 3.2273e-01 (2.8779e-01)	Loss Disc 6.9099e-01 (6.8897e-01)	Loss Pred 4.9721e-01 (4.6785e-01)	Loss TOTAL 8.9498e-01 (8.6652e-01)
Epoch: [33][ 30/140]	L_Src_Sup 1.6536e-01 (2.1005e-01)	L_Trg_Inj 4.8297e-01 (3.0635e-01)	Loss Disc 6.8001e-01 (6.8800e-01)	Loss Pred 4.2686e-01 (4.6200e-01)	Loss TOTAL 8.3170e-01 (8.6382e-01)
Epoch: [33][ 40/140]	L_Src_Sup 8.5472e-02 (2.0375e-01)	L_Trg_Inj 3.5248e-01 (3.0007e-01)	Loss Disc 6.8649e-01 (6.8807e-01)	Loss Pred 4.5206e-01 (4.6066e-01)	Loss TOTAL 8.3910e-01 (8.6077e-01)
Epoch: [33][ 50/140]	L_Src_Sup 1.3115e-01 (1.9827e-01)	L_Trg_Inj 2.1288e-01 (2.9858e-01)	Loss Disc 6.8879e-01 (6.8823e-01)	Loss Pred 4.2051e-01 (4.6201e-01)	Loss TOTAL 7.9931e-01 (8.6036e-01)
Epoch: [33][ 60/140]	L_Src_Sup 1.7241e-01 (1.9451e-01)	L_Trg_Inj 2.9625e-01 (2.9899e-01)	Loss Disc 6.9018e-01 (6.8854e-01)	Loss Pred 4.5868e-01 (4.6390e-01)	Loss TOTAL 8.5064e-01 (8.6154e-01)
Epoch: [33][ 70/140]	L_Src_Sup 3.1307e-01 (2.0004e-01)	L_Trg_Inj 2.5826e-01 (2.9313e-01)	Loss Disc 6.8718e-01 (6.8865e-01)	Loss Pred 4.6543e-01 (4.6401e-01)	Loss TOTAL 9.2097e-01 (8.6255e-01)
Epoch: [33][ 80/140]	L_Src_Sup 1.5256e-01 (2.0064e-01)	L_Trg_Inj 2.6130e-01 (2.9802e-01)	Loss Disc 6.8673e-01 (6.8826e-01)	Loss Pred 4.4597e-01 (4.6317e-01)	Loss TOTAL 8.3072e-01 (8.6146e-01)
Epoch: [33][ 90/140]	L_Src_Sup 2.5424e-01 (2.0198e-01)	L_Trg_Inj 3.1065e-01 (2.9939e-01)	Loss Disc 6.8982e-01 (6.8815e-01)	Loss Pred 4.4600e-01 (4.6238e-01)	Loss TOTAL 8.4740e-01 (8.6140e-01)
Epoch: [33][100/140]	L_Src_Sup 2.2224e-01 (2.0421e-01)	L_Trg_Inj 2.1907e-01 (3.0015e-01)	Loss Disc 6.9090e-01 (6.8816e-01)	Loss Pred 4.5215e-01 (4.6259e-01)	Loss TOTAL 8.4490e-01 (8.6146e-01)
Epoch: [33][110/140]	L_Src_Sup 1.0911e-01 (2.0614e-01)	L_Trg_Inj 1.6324e-01 (2.9962e-01)	Loss Disc 6.9295e-01 (6.8825e-01)	Loss Pred 4.9677e-01 (4.6396e-01)	Loss TOTAL 8.7049e-01 (8.6443e-01)
Epoch: [33][120/140]	L_Src_Sup 1.2500e-01 (2.0549e-01)	L_Trg_Inj 3.2142e-01 (3.0014e-01)	Loss Disc 6.8878e-01 (6.8835e-01)	Loss Pred 4.8382e-01 (4.6500e-01)	Loss TOTAL 8.7285e-01 (8.6503e-01)
Epoch: [33][130/140]	L_Src_Sup 8.6207e-02 (2.0496e-01)	L_Trg_Inj 2.9607e-01 (3.0059e-01)	Loss Disc 6.9184e-01 (6.8822e-01)	Loss Pred 4.5836e-01 (4.6433e-01)	Loss TOTAL 8.4250e-01 (8.6387e-01)
Epoch: [33][140/140]	L_Src_Sup 1.7544e-01 (2.0507e-01)	L_Trg_Inj 2.8566e-01 (3.0286e-01)	Loss Disc 6.9089e-01 (6.8821e-01)	Loss Pred 4.7148e-01 (4.6437e-01)	Loss TOTAL 8.6304e-01 (8.6380e-01)
Epoch: [33][140/140]	L_Src_Sup 1.7544e-01 (2.0507e-01)	L_Trg_Inj 2.8566e-01 (3.0286e-01)	Loss Disc 6.9089e-01 (6.8821e-01)	Loss Pred 4.7148e-01 (4.6437e-01)	Loss TOTAL 8.6304e-01 (8.6380e-01)
Epoch 33 complete. Saving model state...
Epoch: [34][ 10/140]	L_Src_Sup 2.3217e-01 (2.0899e-01)	L_Trg_Inj 2.5816e-01 (2.9304e-01)	Loss Disc 6.9130e-01 (6.8852e-01)	Loss Pred 4.8393e-01 (4.6193e-01)	Loss TOTAL 8.7862e-01 (8.5640e-01)
Epoch: [34][ 20/140]	L_Src_Sup 8.9340e-02 (2.0778e-01)	L_Trg_Inj 3.1228e-01 (2.8757e-01)	Loss Disc 6.9055e-01 (6.8821e-01)	Loss Pred 4.8413e-01 (4.6293e-01)	Loss TOTAL 8.6957e-01 (8.6142e-01)
Epoch: [34][ 30/140]	L_Src_Sup 1.5003e-01 (2.1049e-01)	L_Trg_Inj 2.6547e-01 (2.7897e-01)	Loss Disc 6.8744e-01 (6.8841e-01)	Loss Pred 4.3312e-01 (4.6301e-01)	Loss TOTAL 8.1839e-01 (8.6574e-01)
Epoch: [34][ 40/140]	L_Src_Sup 1.2174e-01 (2.0810e-01)	L_Trg_Inj 2.9125e-01 (2.8312e-01)	Loss Disc 6.8972e-01 (6.8857e-01)	Loss Pred 4.6505e-01 (4.6463e-01)	Loss TOTAL 8.5121e-01 (8.6809e-01)
Epoch: [34][ 50/140]	L_Src_Sup 2.2034e-01 (2.0730e-01)	L_Trg_Inj 3.2523e-01 (2.9795e-01)	Loss Disc 6.8489e-01 (6.8809e-01)	Loss Pred 4.4601e-01 (4.6534e-01)	Loss TOTAL 8.4302e-01 (8.6795e-01)
Epoch: [34][ 60/140]	L_Src_Sup 2.2415e-01 (2.0674e-01)	L_Trg_Inj 2.0280e-01 (2.9266e-01)	Loss Disc 6.8799e-01 (6.8816e-01)	Loss Pred 4.5854e-01 (4.6445e-01)	Loss TOTAL 8.6659e-01 (8.6699e-01)
Epoch: [34][ 70/140]	L_Src_Sup 2.3564e-01 (2.0729e-01)	L_Trg_Inj 3.0313e-01 (2.9218e-01)	Loss Disc 6.8868e-01 (6.8821e-01)	Loss Pred 4.3984e-01 (4.6362e-01)	Loss TOTAL 8.3806e-01 (8.6523e-01)
Epoch: [34][ 80/140]	L_Src_Sup 2.3424e-01 (2.0404e-01)	L_Trg_Inj 3.4265e-01 (2.9235e-01)	Loss Disc 6.8786e-01 (6.8819e-01)	Loss Pred 4.9043e-01 (4.6420e-01)	Loss TOTAL 8.9205e-01 (8.6454e-01)
Epoch: [34][ 90/140]	L_Src_Sup 2.7829e-01 (2.0492e-01)	L_Trg_Inj 2.8031e-01 (2.9326e-01)	Loss Disc 6.8627e-01 (6.8811e-01)	Loss Pred 4.6518e-01 (4.6288e-01)	Loss TOTAL 8.6418e-01 (8.6309e-01)
Epoch: [34][100/140]	L_Src_Sup 2.0024e-01 (2.0275e-01)	L_Trg_Inj 3.5603e-01 (2.9741e-01)	Loss Disc 6.8805e-01 (6.8812e-01)	Loss Pred 4.9676e-01 (4.6379e-01)	Loss TOTAL 8.9642e-01 (8.6372e-01)
Epoch: [34][110/140]	L_Src_Sup 1.6952e-01 (2.0352e-01)	L_Trg_Inj 3.9620e-01 (2.9971e-01)	Loss Disc 6.8319e-01 (6.8808e-01)	Loss Pred 4.4574e-01 (4.6453e-01)	Loss TOTAL 8.4391e-01 (8.6430e-01)
Epoch: [34][120/140]	L_Src_Sup 2.5866e-01 (2.0272e-01)	L_Trg_Inj 3.2390e-01 (2.9896e-01)	Loss Disc 6.8984e-01 (6.8800e-01)	Loss Pred 4.5869e-01 (4.6357e-01)	Loss TOTAL 8.6187e-01 (8.6304e-01)
Epoch: [34][130/140]	L_Src_Sup 2.9360e-01 (2.0282e-01)	L_Trg_Inj 2.8005e-01 (2.9823e-01)	Loss Disc 6.9094e-01 (6.8809e-01)	Loss Pred 5.0307e-01 (4.6441e-01)	Loss TOTAL 9.1946e-01 (8.6379e-01)
Epoch: [34][140/140]	L_Src_Sup 1.0739e-01 (2.0191e-01)	L_Trg_Inj 3.2852e-01 (2.9767e-01)	Loss Disc 6.8893e-01 (6.8817e-01)	Loss Pred 4.8438e-01 (4.6469e-01)	Loss TOTAL 8.7244e-01 (8.6481e-01)
Epoch: [34][140/140]	L_Src_Sup 1.0739e-01 (2.0191e-01)	L_Trg_Inj 3.2852e-01 (2.9767e-01)	Loss Disc 6.8893e-01 (6.8817e-01)	Loss Pred 4.8438e-01 (4.6469e-01)	Loss TOTAL 8.7244e-01 (8.6481e-01)
Epoch 34 complete. Saving model state...
Epoch: [35][ 10/140]	L_Src_Sup 2.9600e-01 (2.3112e-01)	L_Trg_Inj 2.4962e-01 (2.9204e-01)	Loss Disc 6.8896e-01 (6.8773e-01)	Loss Pred 4.6485e-01 (4.6067e-01)	Loss TOTAL 9.1027e-01 (8.6585e-01)
Epoch: [35][ 20/140]	L_Src_Sup 1.5388e-01 (2.1647e-01)	L_Trg_Inj 2.4969e-01 (2.8554e-01)	Loss Disc 6.9123e-01 (6.8835e-01)	Loss Pred 4.5261e-01 (4.6038e-01)	Loss TOTAL 8.3858e-01 (8.5978e-01)
Epoch: [35][ 30/140]	L_Src_Sup 1.3795e-01 (2.0455e-01)	L_Trg_Inj 2.6586e-01 (2.9184e-01)	Loss Disc 6.8816e-01 (6.8825e-01)	Loss Pred 4.5861e-01 (4.6557e-01)	Loss TOTAL 8.4307e-01 (8.6329e-01)
Epoch: [35][ 40/140]	L_Src_Sup 2.6092e-01 (2.1156e-01)	L_Trg_Inj 2.0285e-01 (2.8691e-01)	Loss Disc 6.9089e-01 (6.8843e-01)	Loss Pred 4.6504e-01 (4.6591e-01)	Loss TOTAL 9.1493e-01 (8.6700e-01)
Epoch: [35][ 50/140]	L_Src_Sup 1.9866e-01 (2.1340e-01)	L_Trg_Inj 2.8086e-01 (2.8749e-01)	Loss Disc 6.8394e-01 (6.8848e-01)	Loss Pred 4.2687e-01 (4.6446e-01)	Loss TOTAL 8.1679e-01 (8.6825e-01)
Epoch: [35][ 60/140]	L_Src_Sup 1.2281e-01 (2.0905e-01)	L_Trg_Inj 2.7667e-01 (2.8931e-01)	Loss Disc 6.8771e-01 (6.8846e-01)	Loss Pred 4.7156e-01 (4.6435e-01)	Loss TOTAL 8.5537e-01 (8.6630e-01)
Epoch: [35][ 70/140]	L_Src_Sup 2.2415e-01 (2.0796e-01)	L_Trg_Inj 3.8844e-01 (2.9614e-01)	Loss Disc 6.8631e-01 (6.8837e-01)	Loss Pred 4.5875e-01 (4.6328e-01)	Loss TOTAL 8.6317e-01 (8.6463e-01)
Epoch: [35][ 80/140]	L_Src_Sup 2.8834e-01 (2.0796e-01)	L_Trg_Inj 1.2532e-01 (2.9645e-01)	Loss Disc 6.9307e-01 (6.8830e-01)	Loss Pred 4.8912e-01 (4.6438e-01)	Loss TOTAL 1.0400e+00 (8.6845e-01)
Epoch: [35][ 90/140]	L_Src_Sup 2.1482e-01 (2.1298e-01)	L_Trg_Inj 2.4764e-01 (2.9442e-01)	Loss Disc 6.9033e-01 (6.8828e-01)	Loss Pred 5.0760e-01 (4.6715e-01)	Loss TOTAL 8.9901e-01 (8.7448e-01)
Epoch: [35][100/140]	L_Src_Sup 1.3279e-01 (2.1281e-01)	L_Trg_Inj 3.1692e-01 (2.9471e-01)	Loss Disc 6.8840e-01 (6.8828e-01)	Loss Pred 5.0686e-01 (4.7019e-01)	Loss TOTAL 8.9604e-01 (8.7690e-01)
Epoch: [35][110/140]	L_Src_Sup 2.2401e-01 (2.1059e-01)	L_Trg_Inj 3.0642e-01 (2.9372e-01)	Loss Disc 6.8623e-01 (6.8831e-01)	Loss Pred 4.5079e-01 (4.7069e-01)	Loss TOTAL 8.4695e-01 (8.7767e-01)
Epoch: [35][120/140]	L_Src_Sup 1.4221e-01 (2.1195e-01)	L_Trg_Inj 3.3655e-01 (2.9838e-01)	Loss Disc 6.8827e-01 (6.8831e-01)	Loss Pred 4.7977e-01 (4.7100e-01)	Loss TOTAL 8.7178e-01 (8.7785e-01)
Epoch: [35][130/140]	L_Src_Sup 1.8851e-01 (2.1070e-01)	L_Trg_Inj 2.9517e-01 (2.9816e-01)	Loss Disc 6.8567e-01 (6.8830e-01)	Loss Pred 4.5364e-01 (4.7009e-01)	Loss TOTAL 8.4484e-01 (8.7593e-01)
Epoch: [35][140/140]	L_Src_Sup 1.7879e-01 (2.0977e-01)	L_Trg_Inj 3.3779e-01 (2.9822e-01)	Loss Disc 6.8946e-01 (6.8829e-01)	Loss Pred 4.8483e-01 (4.6954e-01)	Loss TOTAL 8.8122e-01 (8.7475e-01)
Epoch: [35][140/140]	L_Src_Sup 1.7879e-01 (2.0977e-01)	L_Trg_Inj 3.3779e-01 (2.9822e-01)	Loss Disc 6.8946e-01 (6.8829e-01)	Loss Pred 4.8483e-01 (4.6954e-01)	Loss TOTAL 8.8122e-01 (8.7475e-01)
Epoch 35 complete. Saving model state...
Epoch: [36][ 10/140]	L_Src_Sup 1.6538e-01 (2.1387e-01)	L_Trg_Inj 3.1766e-01 (2.9116e-01)	Loss Disc 6.8716e-01 (6.8864e-01)	Loss Pred 4.2773e-01 (4.5777e-01)	Loss TOTAL 8.1962e-01 (8.5591e-01)
Epoch: [36][ 20/140]	L_Src_Sup 2.8310e-01 (2.1282e-01)	L_Trg_Inj 3.0176e-01 (2.9921e-01)	Loss Disc 6.9132e-01 (6.8878e-01)	Loss Pred 5.3949e-01 (4.6129e-01)	Loss TOTAL 9.4364e-01 (8.5854e-01)
Epoch: [36][ 30/140]	L_Src_Sup 1.9646e-01 (1.9995e-01)	L_Trg_Inj 3.6406e-01 (2.9646e-01)	Loss Disc 6.8653e-01 (6.8874e-01)	Loss Pred 4.8474e-01 (4.6405e-01)	Loss TOTAL 8.8406e-01 (8.5926e-01)
Epoch: [36][ 40/140]	L_Src_Sup 1.8184e-01 (2.0339e-01)	L_Trg_Inj 2.6684e-01 (2.9636e-01)	Loss Disc 6.8561e-01 (6.8828e-01)	Loss Pred 4.2726e-01 (4.6394e-01)	Loss TOTAL 8.1493e-01 (8.5976e-01)
Epoch: [36][ 50/140]	L_Src_Sup 2.0514e-01 (1.9518e-01)	L_Trg_Inj 2.8278e-01 (2.9861e-01)	Loss Disc 6.8832e-01 (6.8816e-01)	Loss Pred 4.5266e-01 (4.6359e-01)	Loss TOTAL 8.4561e-01 (8.5876e-01)
Epoch: [36][ 60/140]	L_Src_Sup 2.4562e-01 (1.9886e-01)	L_Trg_Inj 1.7035e-01 (2.9895e-01)	Loss Disc 6.9215e-01 (6.8804e-01)	Loss Pred 4.7165e-01 (4.6419e-01)	Loss TOTAL 9.3459e-01 (8.6215e-01)
Epoch: [36][ 70/140]	L_Src_Sup 9.7563e-02 (1.9704e-01)	L_Trg_Inj 2.8859e-01 (3.0032e-01)	Loss Disc 6.8418e-01 (6.8791e-01)	Loss Pred 4.1446e-01 (4.6252e-01)	Loss TOTAL 7.9516e-01 (8.5978e-01)
Epoch: [36][ 80/140]	L_Src_Sup 2.5456e-01 (1.9681e-01)	L_Trg_Inj 3.1577e-01 (3.0500e-01)	Loss Disc 6.9211e-01 (6.8789e-01)	Loss Pred 4.9672e-01 (4.6221e-01)	Loss TOTAL 8.9981e-01 (8.5945e-01)
Epoch: [36][ 90/140]	L_Src_Sup 1.6218e-01 (1.9330e-01)	L_Trg_Inj 3.6964e-01 (3.0417e-01)	Loss Disc 6.9093e-01 (6.8807e-01)	Loss Pred 5.0569e-01 (4.6199e-01)	Loss TOTAL 9.0434e-01 (8.5854e-01)
Epoch: [36][100/140]	L_Src_Sup 2.4566e-01 (1.9334e-01)	L_Trg_Inj 2.4205e-01 (3.0054e-01)	Loss Disc 6.9146e-01 (6.8819e-01)	Loss Pred 4.7120e-01 (4.6235e-01)	Loss TOTAL 8.6932e-01 (8.5908e-01)
Epoch: [36][110/140]	L_Src_Sup 1.5000e-01 (1.9346e-01)	L_Trg_Inj 2.9471e-01 (3.0133e-01)	Loss Disc 6.8614e-01 (6.8816e-01)	Loss Pred 4.3310e-01 (4.6328e-01)	Loss TOTAL 8.2064e-01 (8.6010e-01)
Epoch: [36][120/140]	L_Src_Sup 2.7587e-01 (1.9475e-01)	L_Trg_Inj 2.6865e-01 (3.0005e-01)	Loss Disc 6.8969e-01 (6.8830e-01)	Loss Pred 4.5854e-01 (4.6336e-01)	Loss TOTAL 8.6505e-01 (8.6072e-01)
Epoch: [36][130/140]	L_Src_Sup 2.7273e-01 (1.9669e-01)	L_Trg_Inj 2.6421e-01 (3.0141e-01)	Loss Disc 6.9274e-01 (6.8836e-01)	Loss Pred 4.9658e-01 (4.6377e-01)	Loss TOTAL 9.0517e-01 (8.6168e-01)
Epoch: [36][140/140]	L_Src_Sup 2.1771e-01 (1.9761e-01)	L_Trg_Inj 3.1218e-01 (3.0295e-01)	Loss Disc 6.8999e-01 (6.8847e-01)	Loss Pred 4.8382e-01 (4.6504e-01)	Loss TOTAL 8.8180e-01 (8.6330e-01)
Epoch: [36][140/140]	L_Src_Sup 2.1771e-01 (1.9761e-01)	L_Trg_Inj 3.1218e-01 (3.0295e-01)	Loss Disc 6.8999e-01 (6.8847e-01)	Loss Pred 4.8382e-01 (4.6504e-01)	Loss TOTAL 8.8180e-01 (8.6330e-01)
Epoch 36 complete. Saving model state...
Epoch: [37][ 10/140]	L_Src_Sup 1.6949e-01 (1.8010e-01)	L_Trg_Inj 2.7967e-01 (3.2653e-01)	Loss Disc 6.8540e-01 (6.8849e-01)	Loss Pred 4.4604e-01 (4.5827e-01)	Loss TOTAL 8.3366e-01 (8.5371e-01)
Epoch: [37][ 20/140]	L_Src_Sup 1.8488e-01 (1.8510e-01)	L_Trg_Inj 3.2710e-01 (3.1914e-01)	Loss Disc 6.8556e-01 (6.8836e-01)	Loss Pred 4.3952e-01 (4.6317e-01)	Loss TOTAL 8.3350e-01 (8.5926e-01)
Epoch: [37][ 30/140]	L_Src_Sup 1.9512e-01 (1.8823e-01)	L_Trg_Inj 3.4500e-01 (3.0756e-01)	Loss Disc 6.7804e-01 (6.8793e-01)	Loss Pred 4.1411e-01 (4.6441e-01)	Loss TOTAL 8.0714e-01 (8.5972e-01)
Epoch: [37][ 40/140]	L_Src_Sup 1.9470e-01 (1.8716e-01)	L_Trg_Inj 2.2149e-01 (3.0390e-01)	Loss Disc 6.9227e-01 (6.8852e-01)	Loss Pred 4.7740e-01 (4.6563e-01)	Loss TOTAL 8.6516e-01 (8.6308e-01)
Epoch: [37][ 50/140]	L_Src_Sup 2.0877e-01 (1.9076e-01)	L_Trg_Inj 2.1413e-01 (3.0341e-01)	Loss Disc 6.9280e-01 (6.8900e-01)	Loss Pred 4.6472e-01 (4.6674e-01)	Loss TOTAL 8.5340e-01 (8.6393e-01)
Epoch: [37][ 60/140]	L_Src_Sup 2.1053e-01 (1.9224e-01)	L_Trg_Inj 3.3497e-01 (3.0409e-01)	Loss Disc 6.9124e-01 (6.8925e-01)	Loss Pred 4.7567e-01 (4.6853e-01)	Loss TOTAL 8.7585e-01 (8.6744e-01)
Epoch: [37][ 70/140]	L_Src_Sup 2.4348e-01 (1.9117e-01)	L_Trg_Inj 2.6843e-01 (3.0607e-01)	Loss Disc 6.8849e-01 (6.8915e-01)	Loss Pred 4.6492e-01 (4.6710e-01)	Loss TOTAL 8.6035e-01 (8.6538e-01)
Epoch: [37][ 80/140]	L_Src_Sup 1.4288e-01 (1.9309e-01)	L_Trg_Inj 3.1272e-01 (3.0274e-01)	Loss Disc 6.9166e-01 (6.8923e-01)	Loss Pred 4.8418e-01 (4.6613e-01)	Loss TOTAL 8.7557e-01 (8.6525e-01)
Epoch: [37][ 90/140]	L_Src_Sup 2.5690e-01 (1.9294e-01)	L_Trg_Inj 1.7070e-01 (2.9774e-01)	Loss Disc 6.9310e-01 (6.8930e-01)	Loss Pred 5.0314e-01 (4.6592e-01)	Loss TOTAL 9.7865e-01 (8.6528e-01)
Epoch: [37][100/140]	L_Src_Sup 2.7587e-01 (1.9331e-01)	L_Trg_Inj 3.2665e-01 (2.9738e-01)	Loss Disc 6.8635e-01 (6.8924e-01)	Loss Pred 4.5843e-01 (4.6506e-01)	Loss TOTAL 8.6185e-01 (8.6389e-01)
Epoch: [37][110/140]	L_Src_Sup 1.8804e-01 (1.9076e-01)	L_Trg_Inj 3.1076e-01 (2.9742e-01)	Loss Disc 6.8923e-01 (6.8925e-01)	Loss Pred 4.5211e-01 (4.6441e-01)	Loss TOTAL 8.4661e-01 (8.6252e-01)
Epoch: [37][120/140]	L_Src_Sup 2.6317e-01 (1.9099e-01)	L_Trg_Inj 2.7454e-01 (2.9528e-01)	Loss Disc 6.9095e-01 (6.8942e-01)	Loss Pred 4.7121e-01 (4.6542e-01)	Loss TOTAL 8.7046e-01 (8.6343e-01)
Epoch: [37][130/140]	L_Src_Sup 3.3334e-01 (1.9214e-01)	L_Trg_Inj 3.2057e-01 (2.9712e-01)	Loss Disc 6.9144e-01 (6.8939e-01)	Loss Pred 4.7119e-01 (4.6514e-01)	Loss TOTAL 8.9507e-01 (8.6346e-01)
Epoch: [37][140/140]	L_Src_Sup 2.5861e-01 (1.9163e-01)	L_Trg_Inj 2.4398e-01 (2.9825e-01)	Loss Disc 6.9145e-01 (6.8939e-01)	Loss Pred 4.5846e-01 (4.6462e-01)	Loss TOTAL 8.6907e-01 (8.6277e-01)
Epoch: [37][140/140]	L_Src_Sup 2.5861e-01 (1.9163e-01)	L_Trg_Inj 2.4398e-01 (2.9825e-01)	Loss Disc 6.9145e-01 (6.8939e-01)	Loss Pred 4.5846e-01 (4.6462e-01)	Loss TOTAL 8.6907e-01 (8.6277e-01)
Epoch 37 complete. Saving model state...
Epoch: [38][ 10/140]	L_Src_Sup 1.0714e-01 (1.5501e-01)	L_Trg_Inj 2.7938e-01 (2.6311e-01)	Loss Disc 6.9180e-01 (6.9203e-01)	Loss Pred 4.8384e-01 (4.7316e-01)	Loss TOTAL 8.6839e-01 (8.6098e-01)
Epoch: [38][ 20/140]	L_Src_Sup 2.1849e-01 (1.7387e-01)	L_Trg_Inj 3.5671e-01 (2.7646e-01)	Loss Disc 6.8935e-01 (6.9128e-01)	Loss Pred 4.3964e-01 (4.6300e-01)	Loss TOTAL 8.4183e-01 (8.6061e-01)
Epoch: [38][ 30/140]	L_Src_Sup 1.9820e-01 (1.8053e-01)	L_Trg_Inj 3.5526e-01 (2.8412e-01)	Loss Disc 6.9160e-01 (6.9127e-01)	Loss Pred 4.9028e-01 (4.6578e-01)	Loss TOTAL 8.9142e-01 (8.6294e-01)
Epoch: [38][ 40/140]	L_Src_Sup 1.7243e-01 (1.8014e-01)	L_Trg_Inj 3.6364e-01 (2.9303e-01)	Loss Disc 6.9165e-01 (6.9121e-01)	Loss Pred 4.5845e-01 (4.6505e-01)	Loss TOTAL 8.5789e-01 (8.6177e-01)
Epoch: [38][ 50/140]	L_Src_Sup 2.3012e-01 (1.8185e-01)	L_Trg_Inj 3.3029e-01 (2.9547e-01)	Loss Disc 6.8860e-01 (6.9083e-01)	Loss Pred 4.7765e-01 (4.6555e-01)	Loss TOTAL 8.7800e-01 (8.6174e-01)
Epoch: [38][ 60/140]	L_Src_Sup 2.2618e-01 (1.8602e-01)	L_Trg_Inj 2.2812e-01 (2.9229e-01)	Loss Disc 6.9143e-01 (6.9076e-01)	Loss Pred 4.6521e-01 (4.6662e-01)	Loss TOTAL 8.5636e-01 (8.6241e-01)
Epoch: [38][ 70/140]	L_Src_Sup 2.5226e-01 (1.8761e-01)	L_Trg_Inj 2.0281e-01 (2.9312e-01)	Loss Disc 6.9343e-01 (6.9079e-01)	Loss Pred 4.9035e-01 (4.6737e-01)	Loss TOTAL 9.3203e-01 (8.6375e-01)
Epoch: [38][ 80/140]	L_Src_Sup 1.5653e-01 (1.8770e-01)	L_Trg_Inj 2.8071e-01 (2.9170e-01)	Loss Disc 6.9164e-01 (6.9089e-01)	Loss Pred 4.6491e-01 (4.6706e-01)	Loss TOTAL 8.5445e-01 (8.6300e-01)
Epoch: [38][ 90/140]	L_Src_Sup 1.3793e-01 (1.8793e-01)	L_Trg_Inj 2.3407e-01 (2.9454e-01)	Loss Disc 6.9347e-01 (6.9088e-01)	Loss Pred 4.7378e-01 (4.6564e-01)	Loss TOTAL 8.5772e-01 (8.6160e-01)
Epoch: [38][100/140]	L_Src_Sup 1.3913e-01 (1.8633e-01)	L_Trg_Inj 4.0550e-01 (2.9635e-01)	Loss Disc 6.8829e-01 (6.9079e-01)	Loss Pred 4.6480e-01 (4.6545e-01)	Loss TOTAL 8.6341e-01 (8.6186e-01)
Epoch: [38][110/140]	L_Src_Sup 1.9643e-01 (1.8905e-01)	L_Trg_Inj 3.4196e-01 (2.9594e-01)	Loss Disc 6.9120e-01 (6.9084e-01)	Loss Pred 4.8412e-01 (4.6557e-01)	Loss TOTAL 8.8356e-01 (8.6245e-01)
Epoch: [38][120/140]	L_Src_Sup 2.2416e-01 (1.8810e-01)	L_Trg_Inj 3.2390e-01 (2.9558e-01)	Loss Disc 6.9079e-01 (6.9084e-01)	Loss Pred 4.5864e-01 (4.6525e-01)	Loss TOTAL 8.5884e-01 (8.6178e-01)
Epoch: [38][130/140]	L_Src_Sup 2.0184e-01 (1.8875e-01)	L_Trg_Inj 3.2775e-01 (2.9778e-01)	Loss Disc 6.9215e-01 (6.9084e-01)	Loss Pred 5.0302e-01 (4.6479e-01)	Loss TOTAL 9.0205e-01 (8.6139e-01)
Epoch: [38][140/140]	L_Src_Sup 2.0690e-01 (1.8870e-01)	L_Trg_Inj 2.6531e-01 (2.9592e-01)	Loss Disc 6.9164e-01 (6.9095e-01)	Loss Pred 4.5861e-01 (4.6493e-01)	Loss TOTAL 8.5165e-01 (8.6180e-01)
Epoch: [38][140/140]	L_Src_Sup 2.0690e-01 (1.8870e-01)	L_Trg_Inj 2.6531e-01 (2.9592e-01)	Loss Disc 6.9164e-01 (6.9095e-01)	Loss Pred 4.5861e-01 (4.6493e-01)	Loss TOTAL 8.5165e-01 (8.6180e-01)
Epoch 38 complete. Saving model state...
Epoch: [39][ 10/140]	L_Src_Sup 1.9298e-01 (1.7555e-01)	L_Trg_Inj 3.2258e-01 (2.9263e-01)	Loss Disc 6.9237e-01 (6.9197e-01)	Loss Pred 4.7123e-01 (4.6171e-01)	Loss TOTAL 8.6898e-01 (8.5452e-01)
Epoch: [39][ 20/140]	L_Src_Sup 1.7544e-01 (1.7779e-01)	L_Trg_Inj 3.0183e-01 (3.0811e-01)	Loss Disc 6.9219e-01 (6.9190e-01)	Loss Pred 4.7117e-01 (4.6048e-01)	Loss TOTAL 8.6500e-01 (8.5876e-01)
Epoch: [39][ 30/140]	L_Src_Sup 1.8644e-01 (1.8180e-01)	L_Trg_Inj 3.1135e-01 (3.1297e-01)	Loss Disc 6.9214e-01 (6.9175e-01)	Loss Pred 4.4586e-01 (4.6305e-01)	Loss TOTAL 8.4171e-01 (8.6092e-01)
Epoch: [39][ 40/140]	L_Src_Sup 1.5653e-01 (1.9178e-01)	L_Trg_Inj 2.7019e-01 (3.0679e-01)	Loss Disc 6.9175e-01 (6.9186e-01)	Loss Pred 4.6469e-01 (4.6340e-01)	Loss TOTAL 8.5323e-01 (8.6359e-01)
Epoch: [39][ 50/140]	L_Src_Sup 1.8804e-01 (1.9410e-01)	L_Trg_Inj 2.3384e-01 (2.9893e-01)	Loss Disc 6.9244e-01 (6.9189e-01)	Loss Pred 4.5219e-01 (4.6512e-01)	Loss TOTAL 8.4059e-01 (8.6476e-01)
Epoch: [39][ 60/140]	L_Src_Sup 1.9647e-01 (1.9587e-01)	L_Trg_Inj 2.7845e-01 (2.9344e-01)	Loss Disc 6.9348e-01 (6.9195e-01)	Loss Pred 5.0427e-01 (4.6522e-01)	Loss TOTAL 8.9851e-01 (8.6440e-01)
Epoch: [39][ 70/140]	L_Src_Sup 2.4138e-01 (1.9470e-01)	L_Trg_Inj 2.3374e-01 (2.9158e-01)	Loss Disc 6.9275e-01 (6.9201e-01)	Loss Pred 4.5870e-01 (4.6481e-01)	Loss TOTAL 8.6023e-01 (8.6387e-01)
Epoch: [39][ 80/140]	L_Src_Sup 3.0631e-01 (1.9618e-01)	L_Trg_Inj 2.8152e-01 (2.9180e-01)	Loss Disc 6.9289e-01 (6.9206e-01)	Loss Pred 4.9018e-01 (4.6465e-01)	Loss TOTAL 9.2020e-01 (8.6365e-01)
Epoch: [39][ 90/140]	L_Src_Sup 1.5518e-01 (1.9583e-01)	L_Trg_Inj 2.8056e-01 (2.9228e-01)	Loss Disc 6.9082e-01 (6.9207e-01)	Loss Pred 4.5850e-01 (4.6479e-01)	Loss TOTAL 8.4749e-01 (8.6337e-01)
Epoch: [39][100/140]	L_Src_Sup 3.6529e-01 (2.0082e-01)	L_Trg_Inj 3.4286e-01 (2.9268e-01)	Loss Disc 6.9086e-01 (6.9202e-01)	Loss Pred 4.6487e-01 (4.6544e-01)	Loss TOTAL 9.0354e-01 (8.6474e-01)
Epoch: [39][110/140]	L_Src_Sup 1.2176e-01 (1.9839e-01)	L_Trg_Inj 2.6531e-01 (2.9041e-01)	Loss Disc 6.9316e-01 (6.9203e-01)	Loss Pred 4.6499e-01 (4.6414e-01)	Loss TOTAL 8.5027e-01 (8.6336e-01)
Epoch: [39][120/140]	L_Src_Sup 1.9662e-01 (1.9958e-01)	L_Trg_Inj 2.1857e-01 (2.8876e-01)	Loss Disc 6.9272e-01 (6.9206e-01)	Loss Pred 4.8381e-01 (4.6402e-01)	Loss TOTAL 8.7169e-01 (8.6412e-01)
Epoch: [39][130/140]	L_Src_Sup 1.2281e-01 (1.9928e-01)	L_Trg_Inj 2.1849e-01 (2.9051e-01)	Loss Disc 6.9232e-01 (6.9202e-01)	Loss Pred 4.7143e-01 (4.6439e-01)	Loss TOTAL 8.5172e-01 (8.6421e-01)
Epoch: [39][140/140]	L_Src_Sup 2.4138e-01 (1.9998e-01)	L_Trg_Inj 2.9626e-01 (2.9274e-01)	Loss Disc 6.9191e-01 (6.9195e-01)	Loss Pred 4.5891e-01 (4.6489e-01)	Loss TOTAL 8.5863e-01 (8.6462e-01)
Epoch: [39][140/140]	L_Src_Sup 2.4138e-01 (1.9998e-01)	L_Trg_Inj 2.9626e-01 (2.9274e-01)	Loss Disc 6.9191e-01 (6.9195e-01)	Loss Pred 4.5891e-01 (4.6489e-01)	Loss TOTAL 8.5863e-01 (8.6462e-01)
Epoch 39 complete. Saving model state...
Epoch: [40][ 10/140]	L_Src_Sup 1.8334e-01 (2.1922e-01)	L_Trg_Inj 2.8060e-01 (2.8350e-01)	Loss Disc 6.9165e-01 (6.9206e-01)	Loss Pred 4.3317e-01 (4.6238e-01)	Loss TOTAL 8.2539e-01 (8.7653e-01)
Epoch: [40][ 20/140]	L_Src_Sup 1.6072e-01 (1.8927e-01)	L_Trg_Inj 3.5800e-01 (3.0529e-01)	Loss Disc 6.9166e-01 (6.9190e-01)	Loss Pred 4.8416e-01 (4.6211e-01)	Loss TOTAL 8.8186e-01 (8.6644e-01)
Epoch: [40][ 30/140]	L_Src_Sup 2.0801e-01 (1.9639e-01)	L_Trg_Inj 1.7059e-01 (3.0302e-01)	Loss Disc 6.9275e-01 (6.9173e-01)	Loss Pred 4.0158e-01 (4.5525e-01)	Loss TOTAL 8.2324e-01 (8.5825e-01)
Epoch: [40][ 40/140]	L_Src_Sup 1.7394e-01 (1.9465e-01)	L_Trg_Inj 3.1114e-01 (2.9893e-01)	Loss Disc 6.8816e-01 (6.9143e-01)	Loss Pred 4.6505e-01 (4.5800e-01)	Loss TOTAL 8.5764e-01 (8.5905e-01)
Epoch: [40][ 50/140]	L_Src_Sup 1.3914e-01 (1.9047e-01)	L_Trg_Inj 2.6421e-01 (2.9575e-01)	Loss Disc 6.9174e-01 (6.9178e-01)	Loss Pred 4.6523e-01 (4.5776e-01)	Loss TOTAL 8.5144e-01 (8.5706e-01)
Epoch: [40][ 60/140]	L_Src_Sup 1.0718e-01 (1.9292e-01)	L_Trg_Inj 2.1557e-01 (2.9814e-01)	Loss Disc 6.9356e-01 (6.9173e-01)	Loss Pred 4.8382e-01 (4.5876e-01)	Loss TOTAL 8.6287e-01 (8.5772e-01)
Epoch: [40][ 70/140]	L_Src_Sup 2.9631e-01 (1.9318e-01)	L_Trg_Inj 2.6426e-01 (2.9503e-01)	Loss Disc 6.9232e-01 (6.9172e-01)	Loss Pred 5.0937e-01 (4.6001e-01)	Loss TOTAL 9.4364e-01 (8.5865e-01)
Epoch: [40][ 80/140]	L_Src_Sup 3.4453e-01 (2.0303e-01)	L_Trg_Inj 6.8655e-01 (3.3196e-01)	Loss Disc 6.7974e-01 (6.9086e-01)	Loss Pred 5.0204e-01 (4.6342e-01)	Loss TOTAL 9.4502e-01 (8.6620e-01)
Epoch: [40][ 90/140]	L_Src_Sup 1.9380e-01 (1.9887e-01)	L_Trg_Inj 9.5651e-01 (3.9306e-01)	Loss Disc 6.6100e-01 (6.8847e-01)	Loss Pred 4.7152e-01 (4.6391e-01)	Loss TOTAL 9.1705e-01 (8.7076e-01)
Epoch: [40][100/140]	L_Src_Sup 1.7393e-01 (2.0078e-01)	L_Trg_Inj 4.4839e-01 (4.2587e-01)	Loss Disc 6.7903e-01 (6.8644e-01)	Loss Pred 5.0928e-01 (4.6488e-01)	Loss TOTAL 9.1102e-01 (8.7385e-01)
Epoch: [40][110/140]	L_Src_Sup 1.2285e-01 (2.0236e-01)	L_Trg_Inj 5.6430e-01 (4.4778e-01)	Loss Disc 6.7454e-01 (6.8508e-01)	Loss Pred 4.7132e-01 (4.6516e-01)	Loss TOTAL 8.7730e-01 (8.7552e-01)
Epoch: [40][120/140]	L_Src_Sup 1.2311e-01 (2.0186e-01)	L_Trg_Inj 4.9909e-01 (4.5910e-01)	Loss Disc 6.7634e-01 (6.8370e-01)	Loss Pred 4.3976e-01 (4.6572e-01)	Loss TOTAL 8.4016e-01 (8.7624e-01)
Epoch: [40][130/140]	L_Src_Sup 1.5387e-01 (2.0361e-01)	L_Trg_Inj 4.9848e-01 (4.6872e-01)	Loss Disc 6.8567e-01 (6.8305e-01)	Loss Pred 4.5246e-01 (4.6522e-01)	Loss TOTAL 8.6053e-01 (8.7635e-01)
Epoch: [40][140/140]	L_Src_Sup 2.5642e-01 (2.0620e-01)	L_Trg_Inj 5.9235e-01 (4.7567e-01)	Loss Disc 6.8046e-01 (6.8292e-01)	Loss Pred 4.5241e-01 (4.6507e-01)	Loss TOTAL 8.7751e-01 (8.7692e-01)
Epoch: [40][140/140]	L_Src_Sup 2.5642e-01 (2.0620e-01)	L_Trg_Inj 5.9235e-01 (4.7567e-01)	Loss Disc 6.8046e-01 (6.8292e-01)	Loss Pred 4.5241e-01 (4.6507e-01)	Loss TOTAL 8.7751e-01 (8.7692e-01)
Epoch 40 complete. Saving model state...
Epoch: [41][ 10/140]	L_Src_Sup 1.8488e-01 (1.9050e-01)	L_Trg_Inj 7.1487e-01 (5.9214e-01)	Loss Disc 6.7427e-01 (6.8059e-01)	Loss Pred 4.3969e-01 (4.6251e-01)	Loss TOTAL 8.6680e-01 (8.8107e-01)
Epoch: [41][ 20/140]	L_Src_Sup 3.1934e-01 (2.0689e-01)	L_Trg_Inj 4.2020e-01 (5.4984e-01)	Loss Disc 6.8805e-01 (6.8227e-01)	Loss Pred 4.3977e-01 (4.7233e-01)	Loss TOTAL 8.5775e-01 (8.8914e-01)
Epoch: [41][ 30/140]	L_Src_Sup 3.6844e-01 (2.2138e-01)	L_Trg_Inj 5.2940e-01 (5.6024e-01)	Loss Disc 6.8047e-01 (6.8168e-01)	Loss Pred 4.7121e-01 (4.7370e-01)	Loss TOTAL 9.0122e-01 (8.9271e-01)
Epoch: [41][ 40/140]	L_Src_Sup 2.5046e-01 (2.2390e-01)	L_Trg_Inj 8.2894e-01 (5.6569e-01)	Loss Disc 6.6846e-01 (6.8084e-01)	Loss Pred 4.8378e-01 (4.7369e-01)	Loss TOTAL 9.2595e-01 (8.9336e-01)
Epoch: [41][ 50/140]	L_Src_Sup 1.1968e-01 (2.1510e-01)	L_Trg_Inj 5.8499e-01 (5.6629e-01)	Loss Disc 6.7987e-01 (6.8082e-01)	Loss Pred 4.5216e-01 (4.7310e-01)	Loss TOTAL 8.6257e-01 (8.9188e-01)
Epoch: [41][ 60/140]	L_Src_Sup 1.8966e-01 (2.1750e-01)	L_Trg_Inj 4.8810e-01 (5.6650e-01)	Loss Disc 6.8305e-01 (6.8077e-01)	Loss Pred 4.5881e-01 (4.7091e-01)	Loss TOTAL 8.6811e-01 (8.8989e-01)
Epoch: [41][ 70/140]	L_Src_Sup 2.0565e-01 (2.1526e-01)	L_Trg_Inj 6.0918e-01 (5.7005e-01)	Loss Disc 6.8192e-01 (6.8061e-01)	Loss Pred 5.1594e-01 (4.7019e-01)	Loss TOTAL 9.3839e-01 (8.8919e-01)
Epoch: [41][ 80/140]	L_Src_Sup 1.7394e-01 (2.1395e-01)	L_Trg_Inj 5.1583e-01 (5.7234e-01)	Loss Disc 6.8360e-01 (6.8061e-01)	Loss Pred 4.6528e-01 (4.6931e-01)	Loss TOTAL 8.7606e-01 (8.8839e-01)
Epoch: [41][ 90/140]	L_Src_Sup 1.9132e-01 (2.1397e-01)	L_Trg_Inj 5.1557e-01 (5.7080e-01)	Loss Disc 6.8324e-01 (6.8077e-01)	Loss Pred 4.6485e-01 (4.6707e-01)	Loss TOTAL 8.7716e-01 (8.8606e-01)
Epoch: [41][100/140]	L_Src_Sup 1.5001e-01 (2.1557e-01)	L_Trg_Inj 5.3178e-01 (5.7095e-01)	Loss Disc 6.8263e-01 (6.8084e-01)	Loss Pred 4.3312e-01 (4.6617e-01)	Loss TOTAL 8.4261e-01 (8.8536e-01)
Epoch: [41][110/140]	L_Src_Sup 1.3676e-01 (2.1440e-01)	L_Trg_Inj 5.1507e-01 (5.7425e-01)	Loss Disc 6.8377e-01 (6.8073e-01)	Loss Pred 4.5227e-01 (4.6486e-01)	Loss TOTAL 8.5934e-01 (8.8419e-01)
Epoch: [41][120/140]	L_Src_Sup 1.5653e-01 (2.1358e-01)	L_Trg_Inj 6.2450e-01 (5.7388e-01)	Loss Disc 6.7815e-01 (6.8081e-01)	Loss Pred 4.6505e-01 (4.6455e-01)	Loss TOTAL 8.8222e-01 (8.8380e-01)
Epoch: [41][130/140]	L_Src_Sup 3.1863e-01 (2.1236e-01)	L_Trg_Inj 6.7071e-01 (5.7439e-01)	Loss Disc 6.7696e-01 (6.8084e-01)	Loss Pred 4.7798e-01 (4.6434e-01)	Loss TOTAL 9.1539e-01 (8.8353e-01)
Epoch: [41][140/140]	L_Src_Sup 1.3678e-01 (2.1182e-01)	L_Trg_Inj 4.8276e-01 (5.7152e-01)	Loss Disc 6.8504e-01 (6.8099e-01)	Loss Pred 4.5224e-01 (4.6470e-01)	Loss TOTAL 8.5671e-01 (8.8362e-01)
Epoch: [41][140/140]	L_Src_Sup 1.3678e-01 (2.1182e-01)	L_Trg_Inj 4.8276e-01 (5.7152e-01)	Loss Disc 6.8504e-01 (6.8099e-01)	Loss Pred 4.5224e-01 (4.6470e-01)	Loss TOTAL 8.5671e-01 (8.8362e-01)
Epoch 41 complete. Saving model state...
Epoch: [42][ 10/140]	L_Src_Sup 1.3697e-01 (2.0425e-01)	L_Trg_Inj 4.6001e-01 (5.5362e-01)	Loss Disc 6.8593e-01 (6.8212e-01)	Loss Pred 4.5216e-01 (4.8401e-01)	Loss TOTAL 8.5482e-01 (9.0086e-01)
Epoch: [42][ 20/140]	L_Src_Sup 1.9565e+00 (5.6545e-01)	L_Trg_Inj 1.9638e+00 (8.0576e-01)	Loss Disc 6.8099e-01 (6.8211e-01)	Loss Pred 4.5916e-01 (4.7174e-01)	Loss TOTAL 1.1917e+00 (9.5126e-01)
Epoch: [42][ 30/140]	L_Src_Sup 1.6374e-01 (7.0425e-01)	L_Trg_Inj 4.6460e-01 (9.3165e-01)	Loss Disc 6.8544e-01 (6.8247e-01)	Loss Pred 4.9079e-01 (4.7288e-01)	Loss TOTAL 8.9635e-01 (9.7860e-01)
Epoch: [42][ 40/140]	L_Src_Sup 2.4596e-01 (5.7893e-01)	L_Trg_Inj 4.4695e-01 (8.4506e-01)	Loss Disc 6.8626e-01 (6.8189e-01)	Loss Pred 4.7204e-01 (4.7174e-01)	Loss TOTAL 8.8446e-01 (9.5575e-01)
Epoch: [42][ 50/140]	L_Src_Sup 1.7400e-01 (4.9965e-01)	L_Trg_Inj 4.9441e-01 (7.9148e-01)	Loss Disc 6.8334e-01 (6.8148e-01)	Loss Pred 4.6516e-01 (4.7128e-01)	Loss TOTAL 8.7368e-01 (9.4167e-01)
Epoch: [42][ 60/140]	L_Src_Sup 2.4367e-01 (4.5124e-01)	L_Trg_Inj 5.4062e-01 (7.3986e-01)	Loss Disc 6.7761e-01 (6.8126e-01)	Loss Pred 4.6725e-01 (4.6976e-01)	Loss TOTAL 8.8449e-01 (9.3122e-01)
Epoch: [42][ 70/140]	L_Src_Sup 1.2693e-01 (4.1551e-01)	L_Trg_Inj 3.5973e-01 (7.0610e-01)	Loss Disc 6.8230e-01 (6.8113e-01)	Loss Pred 4.8386e-01 (4.6911e-01)	Loss TOTAL 8.7368e-01 (9.2331e-01)
Epoch: [42][ 80/140]	L_Src_Sup 2.0769e-01 (3.8807e-01)	L_Trg_Inj 5.2624e-01 (6.5657e-01)	Loss Disc 6.8112e-01 (6.8124e-01)	Loss Pred 4.6513e-01 (4.6866e-01)	Loss TOTAL 8.7909e-01 (9.1834e-01)
Epoch: [42][ 90/140]	L_Src_Sup 1.9134e-01 (3.6536e-01)	L_Trg_Inj 5.2233e-01 (6.4616e-01)	Loss Disc 6.8099e-01 (6.8109e-01)	Loss Pred 4.6558e-01 (4.6814e-01)	Loss TOTAL 8.7744e-01 (9.1392e-01)
Epoch: [42][100/140]	L_Src_Sup 1.9696e-01 (3.4891e-01)	L_Trg_Inj 5.1338e-01 (6.3209e-01)	Loss Disc 6.8231e-01 (6.8111e-01)	Loss Pred 4.8432e-01 (4.6719e-01)	Loss TOTAL 8.9651e-01 (9.0952e-01)
Epoch: [42][110/140]	L_Src_Sup 1.0591e-01 (3.3622e-01)	L_Trg_Inj 4.3339e-01 (6.0838e-01)	Loss Disc 6.8105e-01 (6.8113e-01)	Loss Pred 4.5860e-01 (4.6639e-01)	Loss TOTAL 8.5305e-01 (9.0515e-01)
Epoch: [42][120/140]	L_Src_Sup 3.1968e-01 (3.2563e-01)	L_Trg_Inj 3.3900e-01 (5.8604e-01)	Loss Disc 6.7562e-01 (6.8114e-01)	Loss Pred 4.4728e-01 (4.6506e-01)	Loss TOTAL 8.5096e-01 (9.0035e-01)
Epoch: [42][130/140]	L_Src_Sup 3.0404e-01 (3.1855e-01)	L_Trg_Inj 3.8718e-01 (5.6634e-01)	Loss Disc 6.7743e-01 (6.8104e-01)	Loss Pred 4.5225e-01 (4.6552e-01)	Loss TOTAL 8.6009e-01 (8.9808e-01)
Epoch: [42][140/140]	L_Src_Sup 1.5943e-01 (3.0851e-01)	L_Trg_Inj 2.9416e-01 (5.4407e-01)	Loss Disc 6.8459e-01 (6.8106e-01)	Loss Pred 4.7767e-01 (4.6499e-01)	Loss TOTAL 8.6532e-01 (8.9444e-01)
Epoch: [42][140/140]	L_Src_Sup 1.5943e-01 (3.0851e-01)	L_Trg_Inj 2.9416e-01 (5.4407e-01)	Loss Disc 6.8459e-01 (6.8106e-01)	Loss Pred 4.7767e-01 (4.6499e-01)	Loss TOTAL 8.6532e-01 (8.9444e-01)
Epoch 42 complete. Saving model state...
Epoch: [43][ 10/140]	L_Src_Sup 1.6964e-01 (2.0491e-01)	L_Trg_Inj 2.0620e-01 (2.6917e-01)	Loss Disc 6.8320e-01 (6.8389e-01)	Loss Pred 4.4559e-01 (4.7022e-01)	Loss TOTAL 8.2477e-01 (8.6166e-01)
Epoch: [43][ 20/140]	L_Src_Sup 1.8799e-01 (2.0957e-01)	L_Trg_Inj 5.3525e-01 (3.4403e-01)	Loss Disc 6.8087e-01 (6.8293e-01)	Loss Pred 4.7788e-01 (4.6625e-01)	Loss TOTAL 8.9064e-01 (8.6751e-01)
Epoch: [43][ 30/140]	L_Src_Sup 2.5235e-01 (2.0893e-01)	L_Trg_Inj 4.9323e-01 (3.9993e-01)	Loss Disc 6.8114e-01 (6.8248e-01)	Loss Pred 4.3985e-01 (4.6313e-01)	Loss TOTAL 8.5498e-01 (8.6821e-01)
Epoch: [43][ 40/140]	L_Src_Sup 2.9326e-01 (2.0791e-01)	L_Trg_Inj 3.1212e-01 (4.0348e-01)	Loss Disc 6.8132e-01 (6.8221e-01)	Loss Pred 4.9021e-01 (4.6380e-01)	Loss TOTAL 8.9141e-01 (8.6826e-01)
Epoch: [43][ 50/140]	L_Src_Sup 2.4390e-01 (2.0846e-01)	L_Trg_Inj 3.3227e-01 (3.8007e-01)	Loss Disc 6.8266e-01 (6.8205e-01)	Loss Pred 4.7128e-01 (4.6305e-01)	Loss TOTAL 8.7023e-01 (8.6588e-01)
Epoch: [43][ 60/140]	L_Src_Sup 2.3303e-01 (2.0565e-01)	L_Trg_Inj 3.5387e-01 (3.8088e-01)	Loss Disc 6.8428e-01 (6.8185e-01)	Loss Pred 4.8392e-01 (4.6495e-01)	Loss TOTAL 8.8474e-01 (8.6785e-01)
Epoch: [43][ 70/140]	L_Src_Sup 2.3497e-01 (2.0420e-01)	L_Trg_Inj 2.9810e-01 (3.7524e-01)	Loss Disc 6.8366e-01 (6.8203e-01)	Loss Pred 4.9037e-01 (4.6442e-01)	Loss TOTAL 8.8550e-01 (8.6666e-01)
Epoch: [43][ 80/140]	L_Src_Sup 1.6236e-01 (2.0186e-01)	L_Trg_Inj 2.8430e-01 (3.6759e-01)	Loss Disc 6.7851e-01 (6.8182e-01)	Loss Pred 4.9052e-01 (4.6379e-01)	Loss TOTAL 8.7445e-01 (8.6452e-01)
Epoch: [43][ 90/140]	L_Src_Sup 1.5607e-01 (2.0039e-01)	L_Trg_Inj 4.0997e-01 (3.5559e-01)	Loss Disc 6.7718e-01 (6.8156e-01)	Loss Pred 4.7827e-01 (4.6351e-01)	Loss TOTAL 8.7347e-01 (8.6390e-01)
Epoch: [43][100/140]	L_Src_Sup 1.3703e-01 (2.0183e-01)	L_Trg_Inj 6.1345e-01 (3.6641e-01)	Loss Disc 6.7669e-01 (6.8147e-01)	Loss Pred 4.4615e-01 (4.6327e-01)	Loss TOTAL 8.5954e-01 (8.6509e-01)
Epoch: [43][110/140]	L_Src_Sup 1.5136e-01 (2.0211e-01)	L_Trg_Inj 5.7497e-01 (3.8099e-01)	Loss Disc 6.7625e-01 (6.8136e-01)	Loss Pred 4.3961e-01 (4.6423e-01)	Loss TOTAL 8.5036e-01 (8.6709e-01)
Epoch: [43][120/140]	L_Src_Sup 2.7231e-01 (2.0118e-01)	L_Trg_Inj 4.1686e-01 (3.8452e-01)	Loss Disc 6.7778e-01 (6.8132e-01)	Loss Pred 4.4607e-01 (4.6457e-01)	Loss TOTAL 8.5387e-01 (8.6735e-01)
Epoch: [43][130/140]	L_Src_Sup 1.3925e-01 (1.9896e-01)	L_Trg_Inj 3.0622e-01 (3.7906e-01)	Loss Disc 6.7675e-01 (6.8121e-01)	Loss Pred 4.6529e-01 (4.6531e-01)	Loss TOTAL 8.4821e-01 (8.6699e-01)
Epoch: [43][140/140]	L_Src_Sup 2.2421e-01 (1.9948e-01)	L_Trg_Inj 3.2650e-01 (3.6958e-01)	Loss Disc 6.7821e-01 (6.8128e-01)	Loss Pred 4.5887e-01 (4.6469e-01)	Loss TOTAL 8.5304e-01 (8.6636e-01)
Epoch: [43][140/140]	L_Src_Sup 2.2421e-01 (1.9948e-01)	L_Trg_Inj 3.2650e-01 (3.6958e-01)	Loss Disc 6.7821e-01 (6.8128e-01)	Loss Pred 4.5887e-01 (4.6469e-01)	Loss TOTAL 8.5304e-01 (8.6636e-01)
Epoch 43 complete. Saving model state...
Epoch: [44][ 10/140]	L_Src_Sup 2.1240e-01 (2.0734e-01)	L_Trg_Inj 2.9262e-01 (3.0967e-01)	Loss Disc 6.8071e-01 (6.7698e-01)	Loss Pred 4.7764e-01 (4.7087e-01)	Loss TOTAL 8.6849e-01 (8.6265e-01)
Epoch: [44][ 20/140]	L_Src_Sup 1.1572e-01 (1.9507e-01)	L_Trg_Inj 2.8778e-01 (2.8613e-01)	Loss Disc 6.7967e-01 (6.7970e-01)	Loss Pred 4.2702e-01 (4.6831e-01)	Loss TOTAL 8.0721e-01 (8.6170e-01)
Epoch: [44][ 30/140]	L_Src_Sup 1.1768e-01 (1.9682e-01)	L_Trg_Inj 3.1027e-01 (2.9514e-01)	Loss Disc 6.8117e-01 (6.8056e-01)	Loss Pred 4.3980e-01 (4.6368e-01)	Loss TOTAL 8.2318e-01 (8.6088e-01)
Epoch: [44][ 40/140]	L_Src_Sup 1.0527e-01 (1.9314e-01)	L_Trg_Inj 2.4822e-01 (2.8657e-01)	Loss Disc 6.8480e-01 (6.8145e-01)	Loss Pred 4.7126e-01 (4.6685e-01)	Loss TOTAL 8.4901e-01 (8.6276e-01)
Epoch: [44][ 50/140]	L_Src_Sup 1.3682e-01 (1.9276e-01)	L_Trg_Inj 3.1356e-01 (2.9835e-01)	Loss Disc 6.8392e-01 (6.8122e-01)	Loss Pred 4.5239e-01 (4.6636e-01)	Loss TOTAL 8.3939e-01 (8.6255e-01)
Epoch: [44][ 60/140]	L_Src_Sup 2.4780e-01 (1.9403e-01)	L_Trg_Inj 3.2888e-01 (2.9667e-01)	Loss Disc 6.7833e-01 (6.8131e-01)	Loss Pred 4.7781e-01 (4.6635e-01)	Loss TOTAL 8.7465e-01 (8.6193e-01)
Epoch: [44][ 70/140]	L_Src_Sup 2.4569e-01 (1.9282e-01)	L_Trg_Inj 2.0416e-01 (2.9233e-01)	Loss Disc 6.8333e-01 (6.8151e-01)	Loss Pred 4.7113e-01 (4.6573e-01)	Loss TOTAL 8.9931e-01 (8.6061e-01)
Epoch: [44][ 80/140]	L_Src_Sup 2.5643e-01 (1.9516e-01)	L_Trg_Inj 2.1384e-01 (2.9165e-01)	Loss Disc 6.8546e-01 (6.8154e-01)	Loss Pred 4.5200e-01 (4.6725e-01)	Loss TOTAL 8.8434e-01 (8.6250e-01)
Epoch: [44][ 90/140]	L_Src_Sup 1.2175e-01 (1.9477e-01)	L_Trg_Inj 2.7657e-01 (2.9733e-01)	Loss Disc 6.7854e-01 (6.8133e-01)	Loss Pred 4.6484e-01 (4.6783e-01)	Loss TOTAL 8.4394e-01 (8.6287e-01)
Epoch: [44][100/140]	L_Src_Sup 1.9151e-01 (1.9299e-01)	L_Trg_Inj 2.0440e-01 (2.9438e-01)	Loss Disc 6.8240e-01 (6.8137e-01)	Loss Pred 4.6563e-01 (4.6642e-01)	Loss TOTAL 8.4642e-01 (8.6049e-01)
Epoch: [44][110/140]	L_Src_Sup 1.4447e-01 (1.9385e-01)	L_Trg_Inj 2.5165e-01 (2.9147e-01)	Loss Disc 6.8368e-01 (6.8130e-01)	Loss Pred 4.9055e-01 (4.6641e-01)	Loss TOTAL 8.7200e-01 (8.6084e-01)
Epoch: [44][120/140]	L_Src_Sup 3.3715e-01 (1.9636e-01)	L_Trg_Inj 2.2910e-01 (2.9084e-01)	Loss Disc 6.7990e-01 (6.8107e-01)	Loss Pred 4.0169e-01 (4.6559e-01)	Loss TOTAL 9.0631e-01 (8.6138e-01)
Epoch: [44][130/140]	L_Src_Sup 1.3603e-01 (1.9494e-01)	L_Trg_Inj 2.1842e-01 (2.9007e-01)	Loss Disc 6.8340e-01 (6.8104e-01)	Loss Pred 4.4599e-01 (4.6497e-01)	Loss TOTAL 8.2313e-01 (8.6002e-01)
Epoch: [44][140/140]	L_Src_Sup 2.7109e-01 (1.9700e-01)	L_Trg_Inj 3.2607e-01 (2.8924e-01)	Loss Disc 6.7702e-01 (6.8122e-01)	Loss Pred 4.4616e-01 (4.6470e-01)	Loss TOTAL 8.4439e-01 (8.6079e-01)
Epoch: [44][140/140]	L_Src_Sup 2.7109e-01 (1.9700e-01)	L_Trg_Inj 3.2607e-01 (2.8924e-01)	Loss Disc 6.7702e-01 (6.8122e-01)	Loss Pred 4.4616e-01 (4.6470e-01)	Loss TOTAL 8.4439e-01 (8.6079e-01)
Epoch 44 complete. Saving model state...
Epoch: [45][ 10/140]	L_Src_Sup 1.9000e-01 (2.1387e-01)	L_Trg_Inj 2.8667e-01 (3.1031e-01)	Loss Disc 6.8473e-01 (6.8185e-01)	Loss Pred 4.7401e-01 (4.7158e-01)	Loss TOTAL 8.6405e-01 (8.6517e-01)
Epoch: [45][ 20/140]	L_Src_Sup 1.6825e-01 (2.0365e-01)	L_Trg_Inj 3.7873e-01 (3.0123e-01)	Loss Disc 6.7146e-01 (6.8092e-01)	Loss Pred 4.4001e-01 (4.6297e-01)	Loss TOTAL 8.3044e-01 (8.5588e-01)
Epoch: [45][ 30/140]	L_Src_Sup 2.3149e-01 (2.0584e-01)	L_Trg_Inj 2.4700e-01 (2.9120e-01)	Loss Disc 6.7797e-01 (6.8028e-01)	Loss Pred 4.2775e-01 (4.5992e-01)	Loss TOTAL 8.1458e-01 (8.5117e-01)
Epoch: [45][ 40/140]	L_Src_Sup 2.2418e-01 (1.9909e-01)	L_Trg_Inj 2.8151e-01 (2.8563e-01)	Loss Disc 6.8131e-01 (6.8090e-01)	Loss Pred 4.5853e-01 (4.6268e-01)	Loss TOTAL 8.4975e-01 (8.5464e-01)
Epoch: [45][ 50/140]	L_Src_Sup 2.3092e-01 (2.0169e-01)	L_Trg_Inj 2.7548e-01 (2.9089e-01)	Loss Disc 6.8286e-01 (6.8087e-01)	Loss Pred 4.7773e-01 (4.6275e-01)	Loss TOTAL 8.6980e-01 (8.5632e-01)
Epoch: [45][ 60/140]	L_Src_Sup 1.2622e-01 (2.0198e-01)	L_Trg_Inj 2.0293e-01 (2.8789e-01)	Loss Disc 6.9112e-01 (6.8169e-01)	Loss Pred 4.9027e-01 (4.6376e-01)	Loss TOTAL 8.6875e-01 (8.5723e-01)
Epoch: [45][ 70/140]	L_Src_Sup 1.0621e-01 (1.9946e-01)	L_Trg_Inj 2.9410e-01 (2.9425e-01)	Loss Disc 6.7731e-01 (6.8146e-01)	Loss Pred 4.7779e-01 (4.6294e-01)	Loss TOTAL 8.5648e-01 (8.5619e-01)
Epoch: [45][ 80/140]	L_Src_Sup 2.0876e-01 (2.0133e-01)	L_Trg_Inj 3.0388e-01 (2.9200e-01)	Loss Disc 6.8072e-01 (6.8162e-01)	Loss Pred 4.6497e-01 (4.6265e-01)	Loss TOTAL 8.5660e-01 (8.5610e-01)
Epoch: [45][ 90/140]	L_Src_Sup 2.6332e-01 (2.0055e-01)	L_Trg_Inj 1.7294e-01 (2.8939e-01)	Loss Disc 6.8403e-01 (6.8151e-01)	Loss Pred 4.7131e-01 (4.6382e-01)	Loss TOTAL 9.4733e-01 (8.5752e-01)
Epoch: [45][100/140]	L_Src_Sup 2.1722e-01 (2.0390e-01)	L_Trg_Inj 3.4368e-01 (2.8939e-01)	Loss Disc 6.7919e-01 (6.8154e-01)	Loss Pred 4.9070e-01 (4.6420e-01)	Loss TOTAL 8.8639e-01 (8.5798e-01)
Epoch: [45][110/140]	L_Src_Sup 1.9646e-01 (2.0457e-01)	L_Trg_Inj 3.1041e-01 (2.9073e-01)	Loss Disc 6.8395e-01 (6.8147e-01)	Loss Pred 4.8396e-01 (4.6462e-01)	Loss TOTAL 8.7662e-01 (8.5827e-01)
Epoch: [45][120/140]	L_Src_Sup 2.7904e-01 (2.0304e-01)	L_Trg_Inj 2.9523e-01 (2.9061e-01)	Loss Disc 6.8156e-01 (6.8149e-01)	Loss Pred 4.6502e-01 (4.6438e-01)	Loss TOTAL 8.6322e-01 (8.5788e-01)
Epoch: [45][130/140]	L_Src_Sup 2.5429e-01 (2.0067e-01)	L_Trg_Inj 2.1148e-01 (2.9149e-01)	Loss Disc 6.8681e-01 (6.8140e-01)	Loss Pred 4.4560e-01 (4.6390e-01)	Loss TOTAL 8.7839e-01 (8.5728e-01)
Epoch: [45][140/140]	L_Src_Sup 1.2850e-01 (2.0102e-01)	L_Trg_Inj 2.1660e-01 (2.9313e-01)	Loss Disc 6.8549e-01 (6.8153e-01)	Loss Pred 5.0305e-01 (4.6461e-01)	Loss TOTAL 8.8030e-01 (8.5821e-01)
Epoch: [45][140/140]	L_Src_Sup 1.2850e-01 (2.0102e-01)	L_Trg_Inj 2.1660e-01 (2.9313e-01)	Loss Disc 6.8549e-01 (6.8153e-01)	Loss Pred 5.0305e-01 (4.6461e-01)	Loss TOTAL 8.8030e-01 (8.5821e-01)
Epoch 45 complete. Saving model state...
Epoch: [46][ 10/140]	L_Src_Sup 2.0692e-01 (2.1651e-01)	L_Trg_Inj 2.4891e-01 (2.7083e-01)	Loss Disc 6.8692e-01 (6.8321e-01)	Loss Pred 4.5856e-01 (4.6682e-01)	Loss TOTAL 8.4761e-01 (8.5716e-01)
Epoch: [46][ 20/140]	L_Src_Sup 3.2208e-01 (2.1282e-01)	L_Trg_Inj 3.2368e-01 (2.8732e-01)	Loss Disc 6.7919e-01 (6.8244e-01)	Loss Pred 4.4598e-01 (4.6750e-01)	Loss TOTAL 8.5015e-01 (8.6068e-01)
Epoch: [46][ 30/140]	L_Src_Sup 1.9625e-01 (2.0532e-01)	L_Trg_Inj 2.6679e-01 (2.8599e-01)	Loss Disc 6.8443e-01 (6.8217e-01)	Loss Pred 4.7746e-01 (4.7299e-01)	Loss TOTAL 8.6597e-01 (8.6547e-01)
Epoch: [46][ 40/140]	L_Src_Sup 2.3741e-01 (2.0210e-01)	L_Trg_Inj 3.3272e-01 (2.8547e-01)	Loss Disc 6.7936e-01 (6.8237e-01)	Loss Pred 4.4592e-01 (4.7004e-01)	Loss TOTAL 8.4261e-01 (8.6168e-01)
Epoch: [46][ 50/140]	L_Src_Sup 1.6017e-01 (2.0178e-01)	L_Trg_Inj 3.1897e-01 (2.8205e-01)	Loss Disc 6.7947e-01 (6.8202e-01)	Loss Pred 4.8164e-01 (4.6821e-01)	Loss TOTAL 8.6929e-01 (8.6008e-01)
Epoch: [46][ 60/140]	L_Src_Sup 2.0409e-01 (2.0100e-01)	L_Trg_Inj 3.2677e-01 (2.8502e-01)	Loss Disc 6.7663e-01 (6.8149e-01)	Loss Pred 4.4609e-01 (4.6682e-01)	Loss TOTAL 8.3749e-01 (8.5905e-01)
Epoch: [46][ 70/140]	L_Src_Sup 1.2394e-01 (1.9884e-01)	L_Trg_Inj 2.2353e-01 (2.8404e-01)	Loss Disc 6.8321e-01 (6.8145e-01)	Loss Pred 4.7759e-01 (4.6718e-01)	Loss TOTAL 8.5395e-01 (8.5895e-01)
Epoch: [46][ 80/140]	L_Src_Sup 1.9658e-01 (1.9556e-01)	L_Trg_Inj 2.8957e-01 (2.8245e-01)	Loss Disc 6.8045e-01 (6.8148e-01)	Loss Pred 4.8391e-01 (4.6738e-01)	Loss TOTAL 8.7275e-01 (8.5833e-01)
Epoch: [46][ 90/140]	L_Src_Sup 2.4564e-01 (1.9716e-01)	L_Trg_Inj 4.0343e-01 (2.8319e-01)	Loss Disc 6.7180e-01 (6.8137e-01)	Loss Pred 4.7127e-01 (4.6682e-01)	Loss TOTAL 8.7208e-01 (8.5852e-01)
Epoch: [46][100/140]	L_Src_Sup 2.0873e-01 (1.9650e-01)	L_Trg_Inj 2.6523e-01 (2.8357e-01)	Loss Disc 6.8314e-01 (6.8132e-01)	Loss Pred 4.6458e-01 (4.6625e-01)	Loss TOTAL 8.5355e-01 (8.5760e-01)
Epoch: [46][110/140]	L_Src_Sup 1.7394e-01 (1.9748e-01)	L_Trg_Inj 2.5153e-01 (2.8267e-01)	Loss Disc 6.7987e-01 (6.8123e-01)	Loss Pred 4.6505e-01 (4.6481e-01)	Loss TOTAL 8.4753e-01 (8.5669e-01)
Epoch: [46][120/140]	L_Src_Sup 1.8027e-01 (1.9654e-01)	L_Trg_Inj 2.9568e-01 (2.8150e-01)	Loss Disc 6.7769e-01 (6.8107e-01)	Loss Pred 4.9032e-01 (4.6461e-01)	Loss TOTAL 8.7676e-01 (8.5680e-01)
Epoch: [46][130/140]	L_Src_Sup 1.2290e-01 (1.9424e-01)	L_Trg_Inj 2.5518e-01 (2.8102e-01)	Loss Disc 6.7795e-01 (6.8090e-01)	Loss Pred 4.6588e-01 (4.6457e-01)	Loss TOTAL 8.4266e-01 (8.5647e-01)
Epoch: [46][140/140]	L_Src_Sup 2.8944e-01 (1.9529e-01)	L_Trg_Inj 2.7401e-01 (2.7986e-01)	Loss Disc 6.8207e-01 (6.8115e-01)	Loss Pred 4.4572e-01 (4.6477e-01)	Loss TOTAL 8.5853e-01 (8.5711e-01)
Epoch: [46][140/140]	L_Src_Sup 2.8944e-01 (1.9529e-01)	L_Trg_Inj 2.7401e-01 (2.7986e-01)	Loss Disc 6.8207e-01 (6.8115e-01)	Loss Pred 4.4572e-01 (4.6477e-01)	Loss TOTAL 8.5853e-01 (8.5711e-01)
Epoch 46 complete. Saving model state...
Epoch: [47][ 10/140]	L_Src_Sup 2.6791e-01 (1.7460e-01)	L_Trg_Inj 2.4132e-01 (2.9675e-01)	Loss Disc 6.8547e-01 (6.8275e-01)	Loss Pred 4.8411e-01 (4.7622e-01)	Loss TOTAL 9.0435e-01 (8.6739e-01)
Epoch: [47][ 20/140]	L_Src_Sup 2.3972e-01 (1.9489e-01)	L_Trg_Inj 2.7754e-01 (3.0204e-01)	Loss Disc 6.8067e-01 (6.8148e-01)	Loss Pred 4.5211e-01 (4.6742e-01)	Loss TOTAL 8.4417e-01 (8.6596e-01)
Epoch: [47][ 30/140]	L_Src_Sup 2.3225e-01 (2.0028e-01)	L_Trg_Inj 2.8683e-01 (2.9474e-01)	Loss Disc 6.7933e-01 (6.8158e-01)	Loss Pred 4.8397e-01 (4.7062e-01)	Loss TOTAL 8.7554e-01 (8.6631e-01)
Epoch: [47][ 40/140]	L_Src_Sup 2.1666e-01 (2.0343e-01)	L_Trg_Inj 2.8163e-01 (2.8848e-01)	Loss Disc 6.8086e-01 (6.8186e-01)	Loss Pred 4.8386e-01 (4.6805e-01)	Loss TOTAL 8.7412e-01 (8.6460e-01)
Epoch: [47][ 50/140]	L_Src_Sup 1.9147e-01 (2.0200e-01)	L_Trg_Inj 2.6930e-01 (2.9285e-01)	Loss Disc 6.8062e-01 (6.8135e-01)	Loss Pred 4.6486e-01 (4.6606e-01)	Loss TOTAL 8.5124e-01 (8.6136e-01)
Epoch: [47][ 60/140]	L_Src_Sup 3.2517e-01 (2.0351e-01)	L_Trg_Inj 2.5921e-01 (2.8783e-01)	Loss Disc 6.8435e-01 (6.8157e-01)	Loss Pred 4.5235e-01 (4.6622e-01)	Loss TOTAL 9.1891e-01 (8.6559e-01)
Epoch: [47][ 70/140]	L_Src_Sup 2.0973e-01 (2.0288e-01)	L_Trg_Inj 3.8304e-01 (2.8812e-01)	Loss Disc 6.8351e-01 (6.8164e-01)	Loss Pred 4.0778e-01 (4.6476e-01)	Loss TOTAL 8.0881e-01 (8.6283e-01)
Epoch: [47][ 80/140]	L_Src_Sup 1.6190e-01 (2.0275e-01)	L_Trg_Inj 2.3114e-01 (2.9088e-01)	Loss Disc 6.8586e-01 (6.8145e-01)	Loss Pred 4.7771e-01 (4.6482e-01)	Loss TOTAL 8.5994e-01 (8.6269e-01)
Epoch: [47][ 90/140]	L_Src_Sup 1.7554e-01 (2.0090e-01)	L_Trg_Inj 3.8285e-01 (2.9251e-01)	Loss Disc 6.7947e-01 (6.8155e-01)	Loss Pred 4.7166e-01 (4.6517e-01)	Loss TOTAL 8.6723e-01 (8.6284e-01)
Epoch: [47][100/140]	L_Src_Sup 2.5006e-01 (1.9806e-01)	L_Trg_Inj 2.9272e-01 (2.9479e-01)	Loss Disc 6.7746e-01 (6.8146e-01)	Loss Pred 4.8388e-01 (4.6591e-01)	Loss TOTAL 8.7689e-01 (8.6272e-01)
Epoch: [47][110/140]	L_Src_Sup 1.7889e-01 (1.9608e-01)	L_Trg_Inj 2.4739e-01 (2.9261e-01)	Loss Disc 6.8307e-01 (6.8152e-01)	Loss Pred 4.1574e-01 (4.6569e-01)	Loss TOTAL 7.9990e-01 (8.6225e-01)
Epoch: [47][120/140]	L_Src_Sup 2.0876e-01 (1.9735e-01)	L_Trg_Inj 3.0984e-01 (2.9449e-01)	Loss Disc 6.8067e-01 (6.8146e-01)	Loss Pred 4.6500e-01 (4.6538e-01)	Loss TOTAL 8.5719e-01 (8.6165e-01)
Epoch: [47][130/140]	L_Src_Sup 2.3639e-01 (1.9718e-01)	L_Trg_Inj 3.4534e-01 (2.9596e-01)	Loss Disc 6.7937e-01 (6.8144e-01)	Loss Pred 4.9694e-01 (4.6539e-01)	Loss TOTAL 8.9480e-01 (8.6242e-01)
Epoch: [47][140/140]	L_Src_Sup 2.2431e-01 (1.9688e-01)	L_Trg_Inj 3.3004e-01 (2.9790e-01)	Loss Disc 6.7842e-01 (6.8129e-01)	Loss Pred 4.5884e-01 (4.6465e-01)	Loss TOTAL 8.5348e-01 (8.6136e-01)
Epoch: [47][140/140]	L_Src_Sup 2.2431e-01 (1.9688e-01)	L_Trg_Inj 3.3004e-01 (2.9790e-01)	Loss Disc 6.7842e-01 (6.8129e-01)	Loss Pred 4.5884e-01 (4.6465e-01)	Loss TOTAL 8.5348e-01 (8.6136e-01)
Epoch 47 complete. Saving model state...
Epoch: [48][ 10/140]	L_Src_Sup 2.7384e-01 (2.0164e-01)	L_Trg_Inj 2.2914e-01 (2.7715e-01)	Loss Disc 6.8458e-01 (6.8253e-01)	Loss Pred 4.5209e-01 (4.7069e-01)	Loss TOTAL 8.8938e-01 (8.6736e-01)
Epoch: [48][ 20/140]	L_Src_Sup 3.3767e-01 (2.1661e-01)	L_Trg_Inj 3.8367e-01 (2.9545e-01)	Loss Disc 6.7742e-01 (6.8179e-01)	Loss Pred 4.7783e-01 (4.6342e-01)	Loss TOTAL 8.8867e-01 (8.5998e-01)
Epoch: [48][ 30/140]	L_Src_Sup 1.9185e-01 (2.1779e-01)	L_Trg_Inj 3.4097e-01 (2.9631e-01)	Loss Disc 6.8106e-01 (6.8186e-01)	Loss Pred 4.6496e-01 (4.6117e-01)	Loss TOTAL 8.5877e-01 (8.5791e-01)
Epoch: [48][ 40/140]	L_Src_Sup 2.1245e-01 (2.1674e-01)	L_Trg_Inj 4.0181e-01 (3.1067e-01)	Loss Disc 6.7968e-01 (6.8167e-01)	Loss Pred 4.7802e-01 (4.6220e-01)	Loss TOTAL 8.7928e-01 (8.5966e-01)
Epoch: [48][ 50/140]	L_Src_Sup 1.0170e-01 (2.1466e-01)	L_Trg_Inj 3.0025e-01 (3.1496e-01)	Loss Disc 6.8284e-01 (6.8158e-01)	Loss Pred 4.4553e-01 (4.6222e-01)	Loss TOTAL 8.2714e-01 (8.5982e-01)
Epoch: [48][ 60/140]	L_Src_Sup 2.6676e-01 (2.1611e-01)	L_Trg_Inj 1.9770e-01 (3.1024e-01)	Loss Disc 6.8758e-01 (6.8172e-01)	Loss Pred 4.3317e-01 (4.6310e-01)	Loss TOTAL 8.9247e-01 (8.6096e-01)
Epoch: [48][ 70/140]	L_Src_Sup 1.8185e-01 (2.1388e-01)	L_Trg_Inj 3.5256e-01 (3.1161e-01)	Loss Disc 6.8025e-01 (6.8160e-01)	Loss Pred 5.1696e-01 (4.6393e-01)	Loss TOTAL 9.1053e-01 (8.6101e-01)
Epoch: [48][ 80/140]	L_Src_Sup 2.1851e-01 (2.1237e-01)	L_Trg_Inj 3.1402e-01 (3.0895e-01)	Loss Disc 6.7977e-01 (6.8165e-01)	Loss Pred 4.3949e-01 (4.6366e-01)	Loss TOTAL 8.3263e-01 (8.5998e-01)
Epoch: [48][ 90/140]	L_Src_Sup 2.5471e-01 (2.1192e-01)	L_Trg_Inj 2.4082e-01 (3.0808e-01)	Loss Disc 6.8156e-01 (6.8163e-01)	Loss Pred 4.9681e-01 (4.6379e-01)	Loss TOTAL 9.0104e-01 (8.5974e-01)
Epoch: [48][100/140]	L_Src_Sup 2.3318e-01 (2.1175e-01)	L_Trg_Inj 3.3149e-01 (3.0730e-01)	Loss Disc 6.8026e-01 (6.8167e-01)	Loss Pred 4.8390e-01 (4.6378e-01)	Loss TOTAL 8.8050e-01 (8.6012e-01)
Epoch: [48][110/140]	L_Src_Sup 2.0723e-01 (2.1264e-01)	L_Trg_Inj 3.5043e-01 (3.0596e-01)	Loss Disc 6.7691e-01 (6.8174e-01)	Loss Pred 5.1586e-01 (4.6439e-01)	Loss TOTAL 9.1008e-01 (8.6122e-01)
Epoch: [48][120/140]	L_Src_Sup 2.9416e-01 (2.1158e-01)	L_Trg_Inj 3.2000e-01 (3.0482e-01)	Loss Disc 6.8184e-01 (6.8177e-01)	Loss Pred 4.9019e-01 (4.6454e-01)	Loss TOTAL 8.9253e-01 (8.6118e-01)
Epoch: [48][130/140]	L_Src_Sup 1.0529e-01 (2.1115e-01)	L_Trg_Inj 2.7252e-01 (3.0564e-01)	Loss Disc 6.8376e-01 (6.8169e-01)	Loss Pred 4.7117e-01 (4.6487e-01)	Loss TOTAL 8.5083e-01 (8.6119e-01)
Epoch: [48][140/140]	L_Src_Sup 9.4935e-02 (2.1105e-01)	L_Trg_Inj 3.0759e-01 (3.0443e-01)	Loss Disc 6.9169e-01 (6.8172e-01)	Loss Pred 5.1266e-01 (4.6429e-01)	Loss TOTAL 8.9876e-01 (8.6022e-01)
Epoch: [48][140/140]	L_Src_Sup 9.4935e-02 (2.1105e-01)	L_Trg_Inj 3.0759e-01 (3.0443e-01)	Loss Disc 6.9169e-01 (6.8172e-01)	Loss Pred 5.1266e-01 (4.6429e-01)	Loss TOTAL 8.9876e-01 (8.6022e-01)
Epoch 48 complete. Saving model state...
Epoch: [49][ 10/140]	L_Src_Sup 1.4524e-01 (1.9336e-01)	L_Trg_Inj 2.6200e-01 (3.0731e-01)	Loss Disc 6.8899e-01 (6.8208e-01)	Loss Pred 4.7805e-01 (4.6885e-01)	Loss TOTAL 8.6326e-01 (8.6024e-01)
Epoch: [49][ 20/140]	L_Src_Sup 2.8735e-01 (2.0022e-01)	L_Trg_Inj 3.4196e-01 (3.0670e-01)	Loss Disc 6.7698e-01 (6.8175e-01)	Loss Pred 4.8412e-01 (4.6597e-01)	Loss TOTAL 8.8554e-01 (8.6324e-01)
Epoch: [49][ 30/140]	L_Src_Sup 1.0624e-01 (1.9781e-01)	L_Trg_Inj 2.9814e-01 (2.9741e-01)	Loss Disc 6.7987e-01 (6.8172e-01)	Loss Pred 4.7762e-01 (4.6752e-01)	Loss TOTAL 8.5800e-01 (8.6170e-01)
Epoch: [49][ 40/140]	L_Src_Sup 2.8178e-01 (2.1247e-01)	L_Trg_Inj 2.9505e-01 (2.9764e-01)	Loss Disc 6.8025e-01 (6.8160e-01)	Loss Pred 4.7131e-01 (4.6564e-01)	Loss TOTAL 8.6912e-01 (8.6274e-01)
Epoch: [49][ 50/140]	L_Src_Sup 2.7033e-01 (2.1321e-01)	L_Trg_Inj 2.6282e-01 (2.9716e-01)	Loss Disc 6.8379e-01 (6.8191e-01)	Loss Pred 4.9026e-01 (4.6500e-01)	Loss TOTAL 8.9298e-01 (8.6237e-01)
Epoch: [49][ 60/140]	L_Src_Sup 2.1245e-01 (2.0741e-01)	L_Trg_Inj 2.8814e-01 (3.0071e-01)	Loss Disc 6.8091e-01 (6.8179e-01)	Loss Pred 4.7765e-01 (4.6583e-01)	Loss TOTAL 8.6817e-01 (8.6214e-01)
Epoch: [49][ 70/140]	L_Src_Sup 2.5696e-01 (2.0666e-01)	L_Trg_Inj 2.4021e-01 (3.0404e-01)	Loss Disc 6.7993e-01 (6.8129e-01)	Loss Pred 5.0308e-01 (4.6608e-01)	Loss TOTAL 9.0951e-01 (8.6197e-01)
Epoch: [49][ 80/140]	L_Src_Sup 2.0351e-01 (2.0637e-01)	L_Trg_Inj 2.5429e-01 (3.0388e-01)	Loss Disc 6.8547e-01 (6.8125e-01)	Loss Pred 4.4588e-01 (4.6537e-01)	Loss TOTAL 8.3440e-01 (8.6173e-01)
Epoch: [49][ 90/140]	L_Src_Sup 2.5004e-01 (2.0720e-01)	L_Trg_Inj 3.3484e-01 (3.0745e-01)	Loss Disc 6.8145e-01 (6.8116e-01)	Loss Pred 4.8374e-01 (4.6497e-01)	Loss TOTAL 8.8295e-01 (8.6126e-01)
Epoch: [49][100/140]	L_Src_Sup 2.4354e-01 (2.0758e-01)	L_Trg_Inj 3.1186e-01 (3.0784e-01)	Loss Disc 6.7958e-01 (6.8116e-01)	Loss Pred 4.6491e-01 (4.6573e-01)	Loss TOTAL 8.6024e-01 (8.6183e-01)
Epoch: [49][110/140]	L_Src_Sup 2.0517e-01 (2.0561e-01)	L_Trg_Inj 3.1766e-01 (3.0698e-01)	Loss Disc 6.7793e-01 (6.8118e-01)	Loss Pred 4.5226e-01 (4.6548e-01)	Loss TOTAL 8.4351e-01 (8.6119e-01)
Epoch: [49][120/140]	L_Src_Sup 2.2610e-01 (2.0606e-01)	L_Trg_Inj 3.6846e-01 (3.0767e-01)	Loss Disc 6.8024e-01 (6.8114e-01)	Loss Pred 4.6491e-01 (4.6511e-01)	Loss TOTAL 8.6449e-01 (8.6107e-01)
Epoch: [49][130/140]	L_Src_Sup 1.5791e-01 (2.0467e-01)	L_Trg_Inj 3.0244e-01 (3.0879e-01)	Loss Disc 6.8339e-01 (6.8112e-01)	Loss Pred 4.7131e-01 (4.6500e-01)	Loss TOTAL 8.5905e-01 (8.6095e-01)
Epoch: [49][140/140]	L_Src_Sup 2.1881e-01 (2.0560e-01)	L_Trg_Inj 2.3726e-01 (3.0770e-01)	Loss Disc 6.8451e-01 (6.8120e-01)	Loss Pred 4.9682e-01 (4.6432e-01)	Loss TOTAL 8.8468e-01 (8.6070e-01)
Epoch: [49][140/140]	L_Src_Sup 2.1881e-01 (2.0560e-01)	L_Trg_Inj 2.3726e-01 (3.0770e-01)	Loss Disc 6.8451e-01 (6.8120e-01)	Loss Pred 4.9682e-01 (4.6432e-01)	Loss TOTAL 8.8468e-01 (8.6070e-01)
Epoch 49 complete. Saving model state...
