Using device: cuda
Loading Source Train...
Using Mean/Std calculated from Source Train (mean[0]=21.89561716114523, std[0]=2.387593970262303)
Loading Target Train...
Epoch: [0][ 10/270]	L_Src_Sup 1.9861e+00 (1.9962e+00)	L_Trg_Inj 1.9866e+00 (1.9960e+00)	Loss Disc 7.1732e-01 (7.2044e-01)	Loss Pred 8.2105e-01 (8.1852e-01)	Loss TOTAL 1.5770e+00 (1.5783e+00)
Epoch: [0][ 20/270]	L_Src_Sup 1.9418e+00 (1.7695e+00)	L_Trg_Inj 1.9473e+00 (1.7511e+00)	Loss Disc 7.0799e-01 (7.1638e-01)	Loss Pred 8.0194e-01 (8.2632e-01)	Loss TOTAL 1.5448e+00 (1.5577e+00)
Epoch: [0][ 30/270]	L_Src_Sup 2.7171e-01 (1.5759e+00)	L_Trg_Inj 1.1700e-01 (1.5590e+00)	Loss Disc 6.9896e-01 (7.1177e-01)	Loss Pred 8.2412e-01 (8.2842e-01)	Loss TOTAL 1.3672e+00 (1.5218e+00)
Epoch: [0][ 40/270]	L_Src_Sup 1.4745e-01 (1.2860e+00)	L_Trg_Inj 4.6297e-01 (1.2949e+00)	Loss Disc 6.9567e-01 (7.0803e-01)	Loss Pred 8.5580e-01 (8.2593e-01)	Loss TOTAL 1.2647e+00 (1.4576e+00)
Epoch: [0][ 50/270]	L_Src_Sup 4.0338e-02 (1.0539e+00)	L_Trg_Inj 3.0231e-01 (1.1083e+00)	Loss Disc 6.9385e-01 (7.0534e-01)	Loss Pred 7.8295e-01 (8.2067e-01)	Loss TOTAL 1.1641e+00 (1.4052e+00)
Epoch: [0][ 60/270]	L_Src_Sup 6.8889e-03 (8.8220e-01)	L_Trg_Inj 1.8964e-01 (9.5775e-01)	Loss Disc 6.9342e-01 (7.0341e-01)	Loss Pred 7.4361e-01 (8.2044e-01)	Loss TOTAL 1.1100e+00 (1.3692e+00)
Epoch: [0][ 70/270]	L_Src_Sup 2.8790e-04 (7.5853e-01)	L_Trg_Inj 2.9779e-02 (8.3170e-01)	Loss Disc 6.9361e-01 (7.0197e-01)	Loss Pred 8.1134e-01 (8.1864e-01)	Loss TOTAL 1.1611e+00 (1.3398e+00)
Epoch: [0][ 80/270]	L_Src_Sup 5.2544e-02 (6.6519e-01)	L_Trg_Inj 3.4751e-02 (7.3262e-01)	Loss Disc 6.9341e-01 (7.0086e-01)	Loss Pred 7.8956e-01 (8.1634e-01)	Loss TOTAL 1.1628e+00 (1.3166e+00)
Epoch: [0][ 90/270]	L_Src_Sup 1.4485e-02 (5.9187e-01)	L_Trg_Inj 1.8267e-02 (6.5475e-01)	Loss Disc 6.9285e-01 (6.9999e-01)	Loss Pred 8.4066e-01 (8.1360e-01)	Loss TOTAL 1.1904e+00 (1.2973e+00)
Epoch: [0][100/270]	L_Src_Sup 1.5475e-02 (5.3332e-01)	L_Trg_Inj 4.4477e-02 (5.9111e-01)	Loss Disc 6.9253e-01 (6.9929e-01)	Loss Pred 7.8671e-01 (8.1220e-01)	Loss TOTAL 1.1390e+00 (1.2825e+00)
Epoch: [0][110/270]	L_Src_Sup 5.2920e-04 (4.8587e-01)	L_Trg_Inj 2.9188e-02 (5.4549e-01)	Loss Disc 6.9195e-01 (6.9867e-01)	Loss Pred 7.5239e-01 (8.0998e-01)	Loss TOTAL 1.1013e+00 (1.2700e+00)
Epoch: [0][120/270]	L_Src_Sup 3.3530e-03 (4.4579e-01)	L_Trg_Inj 1.2942e-02 (5.0406e-01)	Loss Disc 6.9208e-01 (6.9811e-01)	Loss Pred 7.8490e-01 (8.0646e-01)	Loss TOTAL 1.1326e+00 (1.2575e+00)
Epoch: [0][130/270]	L_Src_Sup 1.2891e-02 (4.1184e-01)	L_Trg_Inj 4.9184e-03 (4.6664e-01)	Loss Disc 6.9206e-01 (6.9759e-01)	Loss Pred 7.4014e-01 (8.0317e-01)	Loss TOTAL 1.0959e+00 (1.2463e+00)
Epoch: [0][140/270]	L_Src_Sup 5.4131e-05 (3.8264e-01)	L_Trg_Inj 1.1639e-02 (4.3421e-01)	Loss Disc 6.9061e-01 (6.9708e-01)	Loss Pred 7.4221e-01 (7.9856e-01)	Loss TOTAL 1.0887e+00 (1.2350e+00)
Epoch: [0][150/270]	L_Src_Sup 1.6065e-02 (3.5745e-01)	L_Trg_Inj 6.4791e-03 (4.0587e-01)	Loss Disc 6.9172e-01 (6.9662e-01)	Loss Pred 7.2835e-01 (7.9418e-01)	Loss TOTAL 1.0860e+00 (1.2247e+00)
Epoch: [0][160/270]	L_Src_Sup 9.9043e-04 (3.3547e-01)	L_Trg_Inj 3.9640e-03 (3.8158e-01)	Loss Disc 6.9017e-01 (6.9623e-01)	Loss Pred 6.8990e-01 (7.8842e-01)	Loss TOTAL 1.0355e+00 (1.2139e+00)
Epoch: [0][170/270]	L_Src_Sup 0.0000e+00 (3.1613e-01)	L_Trg_Inj 1.8866e-03 (3.5979e-01)	Loss Disc 6.8693e-01 (6.9574e-01)	Loss Pred 6.7994e-01 (7.8403e-01)	Loss TOTAL 1.0236e+00 (1.2050e+00)
Epoch: [0][180/270]	L_Src_Sup 1.4630e-02 (2.9875e-01)	L_Trg_Inj 1.0109e-03 (3.4015e-01)	Loss Disc 6.8313e-01 (6.9511e-01)	Loss Pred 6.9124e-01 (7.7938e-01)	Loss TOTAL 1.0480e+00 (1.1962e+00)
Epoch: [0][190/270]	L_Src_Sup 0.0000e+00 (2.8323e-01)	L_Trg_Inj 3.3851e-02 (3.2269e-01)	Loss Disc 6.8410e-01 (6.9448e-01)	Loss Pred 6.6995e-01 (7.7428e-01)	Loss TOTAL 1.0154e+00 (1.1874e+00)
Epoch: [0][200/270]	L_Src_Sup 7.0138e-03 (2.6999e-01)	L_Trg_Inj 3.3630e-02 (3.1166e-01)	Loss Disc 6.8437e-01 (6.9409e-01)	Loss Pred 6.6986e-01 (7.6963e-01)	Loss TOTAL 1.0161e+00 (1.1799e+00)
Epoch: [0][210/270]	L_Src_Sup 0.0000e+00 (2.5734e-01)	L_Trg_Inj 1.9557e-02 (2.9738e-01)	Loss Disc 6.8346e-01 (6.9355e-01)	Loss Pred 6.6196e-01 (7.6500e-01)	Loss TOTAL 1.0056e+00 (1.1722e+00)
Epoch: [0][220/270]	L_Src_Sup 1.7699e-05 (2.4580e-01)	L_Trg_Inj 3.1708e-02 (2.8442e-01)	Loss Disc 6.9242e-01 (6.9322e-01)	Loss Pred 6.7447e-01 (7.6048e-01)	Loss TOTAL 1.0239e+00 (1.1649e+00)
Epoch: [0][230/270]	L_Src_Sup 1.3954e-04 (2.3519e-01)	L_Trg_Inj 3.4096e-03 (2.7302e-01)	Loss Disc 6.9138e-01 (6.9307e-01)	Loss Pred 6.5459e-01 (7.5673e-01)	Loss TOTAL 1.0006e+00 (1.1586e+00)
Epoch: [0][240/270]	L_Src_Sup 3.5368e-05 (2.2542e-01)	L_Trg_Inj 1.3866e-02 (2.6479e-01)	Loss Disc 6.9221e-01 (6.9314e-01)	Loss Pred 6.3551e-01 (7.5231e-01)	Loss TOTAL 9.8300e-01 (1.1523e+00)
Epoch: [0][250/270]	L_Src_Sup 1.4160e-02 (2.1854e-01)	L_Trg_Inj 1.2606e-02 (2.5719e-01)	Loss Disc 6.8153e-01 (6.9291e-01)	Loss Pred 6.5815e-01 (7.4846e-01)	Loss TOTAL 1.0031e+00 (1.1469e+00)
Epoch: [0][260/270]	L_Src_Sup 1.6008e-02 (2.1034e-01)	L_Trg_Inj 3.4894e-01 (2.5156e-01)	Loss Disc 6.9911e-01 (6.9270e-01)	Loss Pred 6.6117e-01 (7.4427e-01)	Loss TOTAL 1.0472e+00 (1.1411e+00)
Epoch: [0][270/270]	L_Src_Sup 7.3160e-05 (2.0269e-01)	L_Trg_Inj 4.1510e-02 (2.4519e-01)	Loss Disc 6.8596e-01 (6.9243e-01)	Loss Pred 6.1236e-01 (7.4032e-01)	Loss TOTAL 9.5950e-01 (1.1356e+00)
Epoch: [0][270/270]	L_Src_Sup 7.3160e-05 (2.0269e-01)	L_Trg_Inj 4.1510e-02 (2.4519e-01)	Loss Disc 6.8596e-01 (6.9243e-01)	Loss Pred 6.1236e-01 (7.4032e-01)	Loss TOTAL 9.5950e-01 (1.1356e+00)
Epoch 0 complete. Saving model state...
Epoch: [1][ 10/270]	L_Src_Sup 0.0000e+00 (2.8219e-03)	L_Trg_Inj 7.2549e-04 (6.2596e-03)	Loss Disc 6.8138e-01 (6.8062e-01)	Loss Pred 6.0560e-01 (6.2085e-01)	Loss TOTAL 9.4636e-01 (9.6404e-01)
Epoch: [1][ 20/270]	L_Src_Sup 0.0000e+00 (1.4936e-03)	L_Trg_Inj 2.9037e-03 (5.5894e-03)	Loss Disc 6.7307e-01 (6.7924e-01)	Loss Pred 6.4332e-01 (6.2196e-01)	Loss TOTAL 9.8015e-01 (9.6334e-01)
Epoch: [1][ 30/270]	L_Src_Sup 5.5516e-06 (1.8309e-03)	L_Trg_Inj 3.8740e-02 (2.6198e-02)	Loss Disc 6.8288e-01 (6.8140e-01)	Loss Pred 6.1296e-01 (6.2002e-01)	Loss TOTAL 9.5827e-01 (9.6453e-01)
Epoch: [1][ 40/270]	L_Src_Sup 0.0000e+00 (1.3732e-03)	L_Trg_Inj 0.0000e+00 (1.9742e-02)	Loss Disc 6.7344e-01 (6.8087e-01)	Loss Pred 6.2571e-01 (6.1659e-01)	Loss TOTAL 9.6243e-01 (9.5989e-01)
Epoch: [1][ 50/270]	L_Src_Sup 0.0000e+00 (1.1100e-03)	L_Trg_Inj 1.1839e-02 (1.8425e-02)	Loss Disc 6.8855e-01 (6.8089e-01)	Loss Pred 5.8963e-01 (6.1533e-01)	Loss TOTAL 9.3509e-01 (9.5834e-01)
Epoch: [1][ 60/270]	L_Src_Sup 0.0000e+00 (9.9279e-04)	L_Trg_Inj 7.7501e-03 (1.7187e-02)	Loss Disc 6.8760e-01 (6.8216e-01)	Loss Pred 6.1470e-01 (6.1399e-01)	Loss TOTAL 9.5928e-01 (9.5739e-01)
Epoch: [1][ 70/270]	L_Src_Sup 1.7526e-02 (1.2494e-03)	L_Trg_Inj 2.6264e-02 (1.5950e-02)	Loss Disc 6.9413e-01 (6.8378e-01)	Loss Pred 6.0865e-01 (6.1232e-01)	Loss TOTAL 9.6009e-01 (9.5641e-01)
Epoch: [1][ 80/270]	L_Src_Sup 0.0000e+00 (1.0932e-03)	L_Trg_Inj 6.0503e-03 (1.4728e-02)	Loss Disc 6.9392e-01 (6.8498e-01)	Loss Pred 5.8533e-01 (6.1004e-01)	Loss TOTAL 9.3290e-01 (9.5454e-01)
Epoch: [1][ 90/270]	L_Src_Sup 0.0000e+00 (9.7174e-04)	L_Trg_Inj 1.0694e-02 (1.3597e-02)	Loss Disc 6.9711e-01 (6.8595e-01)	Loss Pred 5.7371e-01 (6.0812e-01)	Loss TOTAL 9.2333e-01 (9.5293e-01)
Epoch: [1][100/270]	L_Src_Sup 0.0000e+00 (1.0691e-03)	L_Trg_Inj 9.1584e-02 (1.3675e-02)	Loss Disc 6.9396e-01 (6.8676e-01)	Loss Pred 5.8707e-01 (6.0517e-01)	Loss TOTAL 9.4320e-01 (9.5049e-01)
Epoch: [1][110/270]	L_Src_Sup 1.4353e-02 (1.2845e-03)	L_Trg_Inj 9.7886e-04 (1.9383e-02)	Loss Disc 6.8913e-01 (6.8724e-01)	Loss Pred 5.8803e-01 (6.0254e-01)	Loss TOTAL 9.4751e-01 (9.4893e-01)
Epoch: [1][120/270]	L_Src_Sup 0.0000e+00 (1.1775e-03)	L_Trg_Inj 3.5369e-03 (1.8142e-02)	Loss Disc 6.7647e-01 (6.8700e-01)	Loss Pred 5.8837e-01 (5.9994e-01)	Loss TOTAL 9.2696e-01 (9.4601e-01)
Epoch: [1][130/270]	L_Src_Sup 0.0000e+00 (1.0880e-03)	L_Trg_Inj 1.2820e-02 (1.8422e-02)	Loss Disc 6.9782e-01 (6.8718e-01)	Loss Pred 5.3978e-01 (5.9641e-01)	Loss TOTAL 8.8997e-01 (9.4253e-01)
Epoch: [1][140/270]	L_Src_Sup 0.0000e+00 (1.4888e-03)	L_Trg_Inj 7.7077e-03 (1.8083e-02)	Loss Disc 6.9667e-01 (6.8775e-01)	Loss Pred 5.0961e-01 (5.9289e-01)	Loss TOTAL 8.5871e-01 (9.3954e-01)
Epoch: [1][150/270]	L_Src_Sup 0.0000e+00 (1.5008e-03)	L_Trg_Inj 1.5509e-02 (1.7627e-02)	Loss Disc 6.9321e-01 (6.8814e-01)	Loss Pred 5.6650e-01 (5.9033e-01)	Loss TOTAL 9.1466e-01 (9.3717e-01)
Epoch: [1][160/270]	L_Src_Sup 0.0000e+00 (1.4070e-03)	L_Trg_Inj 2.2913e-03 (1.7119e-02)	Loss Disc 6.9272e-01 (6.8847e-01)	Loss Pred 5.6115e-01 (5.8784e-01)	Loss TOTAL 9.0775e-01 (9.3474e-01)
Epoch: [1][170/270]	L_Src_Sup 0.0000e+00 (1.4965e-03)	L_Trg_Inj 1.0452e-02 (1.6793e-02)	Loss Disc 6.9284e-01 (6.8874e-01)	Loss Pred 5.2489e-01 (5.8534e-01)	Loss TOTAL 8.7235e-01 (9.3235e-01)
Epoch: [1][180/270]	L_Src_Sup 0.0000e+00 (1.4752e-03)	L_Trg_Inj 3.2124e-03 (1.6417e-02)	Loss Disc 6.9384e-01 (6.8893e-01)	Loss Pred 5.3225e-01 (5.8297e-01)	Loss TOTAL 8.7949e-01 (9.3003e-01)
Epoch: [1][190/270]	L_Src_Sup 1.4397e-02 (1.4733e-03)	L_Trg_Inj 3.1742e-05 (1.6046e-02)	Loss Disc 6.9184e-01 (6.8911e-01)	Loss Pred 5.2075e-01 (5.8047e-01)	Loss TOTAL 8.8248e-01 (9.2761e-01)
Epoch: [1][200/270]	L_Src_Sup 0.0000e+00 (1.4850e-03)	L_Trg_Inj 1.0489e-03 (1.5641e-02)	Loss Disc 6.9365e-01 (6.8930e-01)	Loss Pred 5.4068e-01 (5.7802e-01)	Loss TOTAL 8.8760e-01 (9.2525e-01)
Epoch: [1][210/270]	L_Src_Sup 0.0000e+00 (1.4344e-03)	L_Trg_Inj 2.8857e-03 (1.5075e-02)	Loss Disc 6.9273e-01 (6.8949e-01)	Loss Pred 5.0516e-01 (5.7510e-01)	Loss TOTAL 8.5181e-01 (9.2232e-01)
Epoch: [1][220/270]	L_Src_Sup 0.0000e+00 (1.3692e-03)	L_Trg_Inj 1.1339e-02 (1.4599e-02)	Loss Disc 6.9335e-01 (6.8967e-01)	Loss Pred 4.9894e-01 (5.7289e-01)	Loss TOTAL 8.4675e-01 (9.2011e-01)
Epoch: [1][230/270]	L_Src_Sup 0.0000e+00 (1.3097e-03)	L_Trg_Inj 3.1422e-03 (1.4118e-02)	Loss Disc 6.9330e-01 (6.8983e-01)	Loss Pred 4.9409e-01 (5.7029e-01)	Loss TOTAL 8.4105e-01 (9.1750e-01)
Epoch: [1][240/270]	L_Src_Sup 0.0000e+00 (1.2551e-03)	L_Trg_Inj 3.7382e-03 (1.3598e-02)	Loss Disc 6.9335e-01 (6.8997e-01)	Loss Pred 5.0152e-01 (5.6739e-01)	Loss TOTAL 8.4857e-01 (9.1459e-01)
Epoch: [1][250/270]	L_Src_Sup 0.0000e+00 (1.2779e-03)	L_Trg_Inj 6.0094e-04 (1.3262e-02)	Loss Disc 6.9338e-01 (6.9011e-01)	Loss Pred 4.7772e-01 (5.6488e-01)	Loss TOTAL 8.2446e-01 (9.1215e-01)
Epoch: [1][260/270]	L_Src_Sup 0.0000e+00 (1.2749e-03)	L_Trg_Inj 2.8288e-03 (1.2902e-02)	Loss Disc 6.9317e-01 (6.9022e-01)	Loss Pred 4.7943e-01 (5.6177e-01)	Loss TOTAL 8.2630e-01 (9.0908e-01)
Epoch: [1][270/270]	L_Src_Sup 0.0000e+00 (1.2277e-03)	L_Trg_Inj 2.1435e-03 (1.2494e-02)	Loss Disc 6.9311e-01 (6.9033e-01)	Loss Pred 4.7448e-01 (5.5885e-01)	Loss TOTAL 8.2125e-01 (9.0614e-01)
Epoch: [1][270/270]	L_Src_Sup 0.0000e+00 (1.2277e-03)	L_Trg_Inj 2.1435e-03 (1.2494e-02)	Loss Disc 6.9311e-01 (6.9033e-01)	Loss Pred 4.7448e-01 (5.5885e-01)	Loss TOTAL 8.2125e-01 (9.0614e-01)
Epoch 1 complete. Saving model state...
Epoch: [2][ 10/270]	L_Src_Sup 0.0000e+00 (0.0000e+00)	L_Trg_Inj 1.9067e-03 (2.5419e-03)	Loss Disc 6.9331e-01 (6.9335e-01)	Loss Pred 5.0212e-01 (4.8918e-01)	Loss TOTAL 8.4896e-01 (8.3611e-01)
Epoch: [2][ 20/270]	L_Src_Sup 0.0000e+00 (0.0000e+00)	L_Trg_Inj 0.0000e+00 (2.3269e-03)	Loss Disc 6.9338e-01 (6.9330e-01)	Loss Pred 4.7824e-01 (4.8691e-01)	Loss TOTAL 8.2494e-01 (8.3380e-01)
Epoch: [2][ 30/270]	L_Src_Sup 0.0000e+00 (0.0000e+00)	L_Trg_Inj 2.1155e-03 (2.6095e-03)	Loss Disc 6.9322e-01 (6.9329e-01)	Loss Pred 4.6846e-01 (4.8261e-01)	Loss TOTAL 8.1528e-01 (8.2951e-01)
Epoch: [2][ 40/270]	L_Src_Sup 0.0000e+00 (3.8843e-04)	L_Trg_Inj 3.5278e-03 (2.6092e-03)	Loss Disc 6.9271e-01 (6.9323e-01)	Loss Pred 4.4081e-01 (4.7858e-01)	Loss TOTAL 7.8751e-01 (8.2584e-01)
Epoch: [2][ 50/270]	L_Src_Sup 0.0000e+00 (3.1074e-04)	L_Trg_Inj 3.8465e-05 (2.2908e-03)	Loss Disc 6.9275e-01 (6.9322e-01)	Loss Pred 4.4559e-01 (4.7569e-01)	Loss TOTAL 7.9197e-01 (8.2284e-01)
Epoch: [2][ 60/270]	L_Src_Sup 0.0000e+00 (2.5895e-04)	L_Trg_Inj 3.3029e-03 (2.1612e-03)	Loss Disc 6.9353e-01 (6.9322e-01)	Loss Pred 4.7608e-01 (4.7530e-01)	Loss TOTAL 8.2317e-01 (8.2238e-01)
Epoch: [2][ 70/270]	L_Src_Sup 0.0000e+00 (2.2196e-04)	L_Trg_Inj 8.8521e-04 (2.5281e-03)	Loss Disc 6.9300e-01 (6.9321e-01)	Loss Pred 4.6262e-01 (4.7410e-01)	Loss TOTAL 8.0921e-01 (8.2117e-01)
Epoch: [2][ 80/270]	L_Src_Sup 0.0000e+00 (4.1743e-04)	L_Trg_Inj 0.0000e+00 (2.2401e-03)	Loss Disc 6.9327e-01 (6.9321e-01)	Loss Pred 4.4912e-01 (4.7343e-01)	Loss TOTAL 7.9576e-01 (8.2070e-01)
Epoch: [2][ 90/270]	L_Src_Sup 0.0000e+00 (4.4662e-04)	L_Trg_Inj 9.4698e-04 (2.2490e-03)	Loss Disc 6.9315e-01 (6.9317e-01)	Loss Pred 4.4374e-01 (4.7147e-01)	Loss TOTAL 7.9041e-01 (8.1875e-01)
Epoch: [2][100/270]	L_Src_Sup 0.0000e+00 (4.0196e-04)	L_Trg_Inj 0.0000e+00 (2.2357e-03)	Loss Disc 6.9296e-01 (6.9318e-01)	Loss Pred 5.1838e-01 (4.7223e-01)	Loss TOTAL 8.6486e-01 (8.1946e-01)
Epoch: [2][110/270]	L_Src_Sup 1.5485e-02 (5.0620e-04)	L_Trg_Inj 0.0000e+00 (2.0943e-03)	Loss Disc 6.9124e-01 (6.9310e-01)	Loss Pred 4.8068e-01 (4.7181e-01)	Loss TOTAL 8.4333e-01 (8.1910e-01)
Epoch: [2][120/270]	L_Src_Sup 0.0000e+00 (6.0552e-04)	L_Trg_Inj 1.2001e-03 (2.0190e-03)	Loss Disc 6.9692e-01 (6.9284e-01)	Loss Pred 4.3807e-01 (4.7133e-01)	Loss TOTAL 7.8665e-01 (8.1860e-01)
Epoch: [2][130/270]	L_Src_Sup 0.0000e+00 (6.9093e-04)	L_Trg_Inj 2.5804e-03 (2.5188e-03)	Loss Disc 6.8673e-01 (6.9272e-01)	Loss Pred 4.9314e-01 (4.7152e-01)	Loss TOTAL 8.3676e-01 (8.1874e-01)
Epoch: [2][140/270]	L_Src_Sup 2.3091e-01 (2.3149e-03)	L_Trg_Inj 8.2941e-02 (3.0934e-03)	Loss Disc 6.9113e-01 (6.9264e-01)	Loss Pred 4.6933e-01 (4.7200e-01)	Loss TOTAL 9.9425e-01 (8.2042e-01)
Epoch: [2][150/270]	L_Src_Sup 0.0000e+00 (3.5256e-03)	L_Trg_Inj 1.0892e-01 (1.1568e-02)	Loss Disc 6.9206e-01 (6.9266e-01)	Loss Pred 4.4976e-01 (4.7198e-01)	Loss TOTAL 8.0668e-01 (8.2129e-01)
Epoch: [2][160/270]	L_Src_Sup 1.7778e-02 (3.4163e-03)	L_Trg_Inj 1.7035e-01 (1.8802e-02)	Loss Disc 6.9120e-01 (6.9249e-01)	Loss Pred 4.8672e-01 (4.7236e-01)	Loss TOTAL 8.5113e-01 (8.2221e-01)
Epoch: [2][170/270]	L_Src_Sup 0.0000e+00 (3.3240e-03)	L_Trg_Inj 6.1901e-02 (2.5195e-02)	Loss Disc 6.8234e-01 (6.9234e-01)	Loss Pred 4.9901e-01 (4.7256e-01)	Loss TOTAL 8.4637e-01 (8.2288e-01)
Epoch: [2][180/270]	L_Src_Sup 0.0000e+00 (3.1929e-03)	L_Trg_Inj 1.6901e-01 (3.0973e-02)	Loss Disc 6.9481e-01 (6.9220e-01)	Loss Pred 4.6110e-01 (4.7284e-01)	Loss TOTAL 8.2540e-01 (8.2358e-01)
Epoch: [2][190/270]	L_Src_Sup 0.0000e+00 (3.1039e-03)	L_Trg_Inj 1.3644e-01 (3.5980e-02)	Loss Disc 6.8632e-01 (6.9214e-01)	Loss Pred 5.1154e-01 (4.7263e-01)	Loss TOTAL 8.6834e-01 (8.2377e-01)
Epoch: [2][200/270]	L_Src_Sup 0.0000e+00 (2.9550e-03)	L_Trg_Inj 1.4279e-01 (4.0518e-02)	Loss Disc 6.9681e-01 (6.9207e-01)	Loss Pred 4.4161e-01 (4.7264e-01)	Loss TOTAL 8.0429e-01 (8.2413e-01)
Epoch: [2][210/270]	L_Src_Sup 0.0000e+00 (3.0626e-03)	L_Trg_Inj 5.3219e-03 (4.2492e-02)	Loss Disc 6.9668e-01 (6.9209e-01)	Loss Pred 4.3072e-01 (4.7215e-01)	Loss TOTAL 7.7959e-01 (8.2380e-01)
Epoch: [2][220/270]	L_Src_Sup 0.0000e+00 (2.9235e-03)	L_Trg_Inj 3.1370e-03 (4.0740e-02)	Loss Disc 6.9546e-01 (6.9208e-01)	Loss Pred 4.6254e-01 (4.7234e-01)	Loss TOTAL 8.1058e-01 (8.2375e-01)
Epoch: [2][230/270]	L_Src_Sup 8.7678e-03 (2.9363e-03)	L_Trg_Inj 2.3817e-02 (3.9888e-02)	Loss Disc 6.9233e-01 (6.9221e-01)	Loss Pred 4.9249e-01 (4.7265e-01)	Loss TOTAL 8.4191e-01 (8.2402e-01)
Epoch: [2][240/270]	L_Src_Sup 0.0000e+00 (2.8697e-03)	L_Trg_Inj 3.1780e-03 (3.8526e-02)	Loss Disc 6.9294e-01 (6.9223e-01)	Loss Pred 4.3590e-01 (4.7232e-01)	Loss TOTAL 7.8269e-01 (8.2352e-01)
Epoch: [2][250/270]	L_Src_Sup 0.0000e+00 (2.7549e-03)	L_Trg_Inj 1.1203e-03 (3.7091e-02)	Loss Disc 6.9055e-01 (6.9219e-01)	Loss Pred 4.7313e-01 (4.7257e-01)	Loss TOTAL 8.1852e-01 (8.2356e-01)
Epoch: [2][260/270]	L_Src_Sup 0.0000e+00 (2.7147e-03)	L_Trg_Inj 8.3668e-04 (3.5763e-02)	Loss Disc 6.8874e-01 (6.9215e-01)	Loss Pred 4.8624e-01 (4.7248e-01)	Loss TOTAL 8.3069e-01 (8.2334e-01)
Epoch: [2][270/270]	L_Src_Sup 0.0000e+00 (2.6142e-03)	L_Trg_Inj 1.2897e-02 (3.4636e-02)	Loss Disc 6.9573e-01 (6.9209e-01)	Loss Pred 4.6729e-01 (4.7263e-01)	Loss TOTAL 8.1645e-01 (8.2330e-01)
Epoch: [2][270/270]	L_Src_Sup 0.0000e+00 (2.6142e-03)	L_Trg_Inj 1.2897e-02 (3.4636e-02)	Loss Disc 6.9573e-01 (6.9209e-01)	Loss Pred 4.6729e-01 (4.7263e-01)	Loss TOTAL 8.1645e-01 (8.2330e-01)
Epoch 2 complete. Saving model state...
Epoch: [3][ 10/270]	L_Src_Sup 0.0000e+00 (1.6528e-03)	L_Trg_Inj 1.0427e-03 (2.3240e-03)	Loss Disc 6.8870e-01 (6.9157e-01)	Loss Pred 4.6745e-01 (4.7184e-01)	Loss TOTAL 8.1190e-01 (8.1957e-01)
Epoch: [3][ 20/270]	L_Src_Sup 0.0000e+00 (8.2641e-04)	L_Trg_Inj 7.4212e-03 (3.0634e-03)	Loss Disc 6.9512e-01 (6.9360e-01)	Loss Pred 4.6069e-01 (4.7130e-01)	Loss TOTAL 8.0899e-01 (8.1926e-01)
Epoch: [3][ 30/270]	L_Src_Sup 0.0000e+00 (5.5094e-04)	L_Trg_Inj 3.9396e-03 (3.9190e-03)	Loss Disc 6.9441e-01 (6.9391e-01)	Loss Pred 4.4847e-01 (4.7172e-01)	Loss TOTAL 7.9607e-01 (8.1964e-01)
Epoch: [3][ 40/270]	L_Src_Sup 0.0000e+00 (4.8118e-04)	L_Trg_Inj 6.3873e-03 (4.1348e-03)	Loss Disc 6.9394e-01 (6.9389e-01)	Loss Pred 4.5162e-01 (4.7125e-01)	Loss TOTAL 7.9922e-01 (8.1911e-01)
Epoch: [3][ 50/270]	L_Src_Sup 0.0000e+00 (1.0649e-03)	L_Trg_Inj 1.9141e-02 (5.9254e-03)	Loss Disc 6.9346e-01 (6.9382e-01)	Loss Pred 4.4793e-01 (4.6979e-01)	Loss TOTAL 7.9657e-01 (8.1797e-01)
Epoch: [3][ 60/270]	L_Src_Sup 0.0000e+00 (1.1772e-03)	L_Trg_Inj 4.3014e-03 (5.8588e-03)	Loss Disc 6.9291e-01 (6.9373e-01)	Loss Pred 4.7329e-01 (4.7075e-01)	Loss TOTAL 8.2018e-01 (8.1908e-01)
Epoch: [3][ 70/270]	L_Src_Sup 0.0000e+00 (1.0091e-03)	L_Trg_Inj 1.7933e-03 (5.6853e-03)	Loss Disc 6.9296e-01 (6.9359e-01)	Loss Pred 4.9822e-01 (4.7188e-01)	Loss TOTAL 8.4488e-01 (8.1999e-01)
Epoch: [3][ 80/270]	L_Src_Sup 0.0000e+00 (8.8293e-04)	L_Trg_Inj 1.2477e-03 (5.3584e-03)	Loss Disc 6.9140e-01 (6.9340e-01)	Loss Pred 4.7300e-01 (4.7185e-01)	Loss TOTAL 8.1883e-01 (8.1974e-01)
Epoch: [3][ 90/270]	L_Src_Sup 0.0000e+00 (9.6962e-04)	L_Trg_Inj 0.0000e+00 (4.9159e-03)	Loss Disc 6.9313e-01 (6.9326e-01)	Loss Pred 5.1710e-01 (4.7134e-01)	Loss TOTAL 8.6366e-01 (8.1925e-01)
Epoch: [3][100/270]	L_Src_Sup 0.0000e+00 (1.0512e-03)	L_Trg_Inj 6.1674e-04 (4.4454e-03)	Loss Disc 6.9278e-01 (6.9321e-01)	Loss Pred 4.4738e-01 (4.7179e-01)	Loss TOTAL 7.9383e-01 (8.1975e-01)
Epoch: [3][110/270]	L_Src_Sup 0.0000e+00 (1.1084e-03)	L_Trg_Inj 1.1708e-03 (4.2617e-03)	Loss Disc 6.9261e-01 (6.9317e-01)	Loss Pred 4.7308e-01 (4.7178e-01)	Loss TOTAL 8.1950e-01 (8.1976e-01)
Epoch: [3][120/270]	L_Src_Sup 0.0000e+00 (1.0160e-03)	L_Trg_Inj 1.9775e-03 (4.0708e-03)	Loss Disc 6.9330e-01 (6.9312e-01)	Loss Pred 4.9138e-01 (4.7217e-01)	Loss TOTAL 8.3823e-01 (8.2003e-01)
Epoch: [3][130/270]	L_Src_Sup 0.0000e+00 (1.0341e-03)	L_Trg_Inj 5.7446e-03 (3.9668e-03)	Loss Disc 6.9106e-01 (6.9302e-01)	Loss Pred 4.2861e-01 (4.7131e-01)	Loss TOTAL 7.7471e-01 (8.1905e-01)
Epoch: [3][140/270]	L_Src_Sup 0.0000e+00 (9.7950e-04)	L_Trg_Inj 9.3159e-03 (3.9096e-03)	Loss Disc 6.8933e-01 (6.9286e-01)	Loss Pred 5.0238e-01 (4.7119e-01)	Loss TOTAL 8.4798e-01 (8.1880e-01)
Epoch: [3][150/270]	L_Src_Sup 0.0000e+00 (9.1420e-04)	L_Trg_Inj 0.0000e+00 (3.8109e-03)	Loss Disc 6.9315e-01 (6.9277e-01)	Loss Pred 5.1097e-01 (4.7096e-01)	Loss TOTAL 8.5754e-01 (8.1847e-01)
Epoch: [3][160/270]	L_Src_Sup 0.0000e+00 (9.5795e-04)	L_Trg_Inj 1.4341e-02 (3.8455e-03)	Loss Disc 6.9018e-01 (6.9271e-01)	Loss Pred 4.6670e-01 (4.7079e-01)	Loss TOTAL 8.1322e-01 (8.1827e-01)
Epoch: [3][170/270]	L_Src_Sup 0.0000e+00 (9.0160e-04)	L_Trg_Inj 2.6212e-03 (3.7007e-03)	Loss Disc 6.9300e-01 (6.9265e-01)	Loss Pred 4.7890e-01 (4.7089e-01)	Loss TOTAL 8.2566e-01 (8.1827e-01)
Epoch: [3][180/270]	L_Src_Sup 0.0000e+00 (8.5151e-04)	L_Trg_Inj 1.3249e-02 (3.5856e-03)	Loss Disc 6.8936e-01 (6.9260e-01)	Loss Pred 4.7076e-01 (4.7076e-01)	Loss TOTAL 8.1677e-01 (8.1807e-01)
Epoch: [3][190/270]	L_Src_Sup 0.0000e+00 (8.0669e-04)	L_Trg_Inj 0.0000e+00 (3.5119e-03)	Loss Disc 6.9245e-01 (6.9252e-01)	Loss Pred 4.7282e-01 (4.7066e-01)	Loss TOTAL 8.1904e-01 (8.1790e-01)
Epoch: [3][200/270]	L_Src_Sup 0.0000e+00 (7.6674e-04)	L_Trg_Inj 4.3846e-03 (3.4116e-03)	Loss Disc 6.9107e-01 (6.9248e-01)	Loss Pred 4.4734e-01 (4.7085e-01)	Loss TOTAL 7.9332e-01 (8.1802e-01)
Epoch: [3][210/270]	L_Src_Sup 0.0000e+00 (7.3023e-04)	L_Trg_Inj 2.3063e-03 (3.4014e-03)	Loss Disc 6.9144e-01 (6.9246e-01)	Loss Pred 4.4719e-01 (4.7110e-01)	Loss TOTAL 7.9314e-01 (8.1823e-01)
Epoch: [3][220/270]	L_Src_Sup 0.0000e+00 (7.7339e-04)	L_Trg_Inj 5.1218e-04 (3.4403e-03)	Loss Disc 6.8944e-01 (6.9239e-01)	Loss Pred 4.4731e-01 (4.7042e-01)	Loss TOTAL 7.9208e-01 (8.1757e-01)
Epoch: [3][230/270]	L_Src_Sup 0.0000e+00 (7.7395e-04)	L_Trg_Inj 1.4460e-02 (3.5024e-03)	Loss Disc 6.9373e-01 (6.9243e-01)	Loss Pred 4.4688e-01 (4.7035e-01)	Loss TOTAL 7.9519e-01 (8.1752e-01)
Epoch: [3][240/270]	L_Src_Sup 0.0000e+00 (7.4212e-04)	L_Trg_Inj 0.0000e+00 (3.4399e-03)	Loss Disc 6.9352e-01 (6.9248e-01)	Loss Pred 4.9161e-01 (4.7001e-01)	Loss TOTAL 8.3837e-01 (8.1717e-01)
Epoch: [3][250/270]	L_Src_Sup 0.0000e+00 (7.7512e-04)	L_Trg_Inj 0.0000e+00 (3.3403e-03)	Loss Disc 6.9332e-01 (6.9251e-01)	Loss Pred 4.6589e-01 (4.6973e-01)	Loss TOTAL 8.1255e-01 (8.1695e-01)
Epoch: [3][260/270]	L_Src_Sup 0.0000e+00 (8.8979e-04)	L_Trg_Inj 0.0000e+00 (3.8497e-03)	Loss Disc 6.9326e-01 (6.9254e-01)	Loss Pred 4.4077e-01 (4.6968e-01)	Loss TOTAL 7.8740e-01 (8.1708e-01)
Epoch: [3][270/270]	L_Src_Sup 0.0000e+00 (1.0442e-03)	L_Trg_Inj 2.1024e-02 (3.7849e-03)	Loss Disc 6.9329e-01 (6.9257e-01)	Loss Pred 4.7874e-01 (4.6921e-01)	Loss TOTAL 8.2748e-01 (8.1679e-01)
Epoch: [3][270/270]	L_Src_Sup 0.0000e+00 (1.0442e-03)	L_Trg_Inj 2.1024e-02 (3.7849e-03)	Loss Disc 6.9329e-01 (6.9257e-01)	Loss Pred 4.7874e-01 (4.6921e-01)	Loss TOTAL 8.2748e-01 (8.1679e-01)
Epoch 3 complete. Saving model state...
Epoch: [4][ 10/270]	L_Src_Sup 0.0000e+00 (1.0172e-03)	L_Trg_Inj 0.0000e+00 (6.1348e-03)	Loss Disc 6.9318e-01 (6.9323e-01)	Loss Pred 4.9134e-01 (4.7861e-01)	Loss TOTAL 8.3793e-01 (8.2597e-01)
Epoch: [4][ 20/270]	L_Src_Sup 0.0000e+00 (1.5602e-03)	L_Trg_Inj 1.3147e-02 (4.2663e-03)	Loss Disc 6.9296e-01 (6.9315e-01)	Loss Pred 4.7244e-01 (4.7328e-01)	Loss TOTAL 8.2023e-01 (8.2151e-01)
Epoch: [4][ 30/270]	L_Src_Sup 0.0000e+00 (1.0402e-03)	L_Trg_Inj 8.3735e-07 (3.3117e-03)	Loss Disc 6.9107e-01 (6.9292e-01)	Loss Pred 4.9133e-01 (4.7023e-01)	Loss TOTAL 8.3687e-01 (8.1784e-01)
Epoch: [4][ 40/270]	L_Src_Sup 0.0000e+00 (1.5227e-03)	L_Trg_Inj 4.8830e-04 (2.6587e-03)	Loss Disc 6.7146e-01 (6.9095e-01)	Loss Pred 5.0441e-01 (4.6843e-01)	Loss TOTAL 8.4019e-01 (8.1560e-01)
Epoch: [4][ 50/270]	L_Src_Sup 0.0000e+00 (1.2182e-03)	L_Trg_Inj 5.6653e-02 (3.5376e-03)	Loss Disc 7.0378e-01 (6.8875e-01)	Loss Pred 4.4008e-01 (4.6730e-01)	Loss TOTAL 7.9764e-01 (8.1317e-01)
Epoch: [4][ 60/270]	L_Src_Sup 0.0000e+00 (1.0151e-03)	L_Trg_Inj 3.6997e-04 (3.2871e-03)	Loss Disc 6.8995e-01 (6.8845e-01)	Loss Pred 4.7235e-01 (4.6991e-01)	Loss TOTAL 8.1736e-01 (8.1541e-01)
Epoch: [4][ 70/270]	L_Src_Sup 0.0000e+00 (8.7012e-04)	L_Trg_Inj 1.6846e-03 (3.2621e-03)	Loss Disc 6.8964e-01 (6.8878e-01)	Loss Pred 4.6594e-01 (4.7031e-01)	Loss TOTAL 8.1093e-01 (8.1584e-01)
Epoch: [4][ 80/270]	L_Src_Sup 0.0000e+00 (7.6137e-04)	L_Trg_Inj 6.5601e-03 (3.3169e-03)	Loss Disc 6.9336e-01 (6.8924e-01)	Loss Pred 4.4051e-01 (4.6968e-01)	Loss TOTAL 7.8785e-01 (8.1534e-01)
Epoch: [4][ 90/270]	L_Src_Sup 0.0000e+00 (8.7638e-04)	L_Trg_Inj 2.1442e-03 (3.1082e-03)	Loss Disc 6.9398e-01 (6.8950e-01)	Loss Pred 4.4655e-01 (4.6939e-01)	Loss TOTAL 7.9375e-01 (8.1529e-01)
Epoch: [4][100/270]	L_Src_Sup 0.0000e+00 (9.6418e-04)	L_Trg_Inj 1.5331e-03 (2.9509e-03)	Loss Disc 6.9339e-01 (6.8966e-01)	Loss Pred 4.5289e-01 (4.7004e-01)	Loss TOTAL 7.9974e-01 (8.1610e-01)
Epoch: [4][110/270]	L_Src_Sup 0.0000e+00 (8.7706e-04)	L_Trg_Inj 7.2149e-04 (2.7412e-03)	Loss Disc 6.9030e-01 (6.8976e-01)	Loss Pred 4.7267e-01 (4.7013e-01)	Loss TOTAL 8.1789e-01 (8.1613e-01)
Epoch: [4][120/270]	L_Src_Sup 0.0000e+00 (8.1454e-04)	L_Trg_Inj 1.7030e-03 (2.7435e-03)	Loss Disc 7.0076e-01 (6.8987e-01)	Loss Pred 4.4027e-01 (4.7024e-01)	Loss TOTAL 7.9082e-01 (8.1624e-01)
Epoch: [4][130/270]	L_Src_Sup 0.0000e+00 (7.5188e-04)	L_Trg_Inj 2.5419e-06 (2.6101e-03)	Loss Disc 6.8555e-01 (6.8993e-01)	Loss Pred 4.6033e-01 (4.6977e-01)	Loss TOTAL 8.0311e-01 (8.1572e-01)
Epoch: [4][140/270]	L_Src_Sup 0.0000e+00 (6.9818e-04)	L_Trg_Inj 0.0000e+00 (2.7376e-03)	Loss Disc 6.9524e-01 (6.9006e-01)	Loss Pred 4.4652e-01 (4.6930e-01)	Loss TOTAL 7.9414e-01 (8.1528e-01)
Epoch: [4][150/270]	L_Src_Sup 0.0000e+00 (6.5163e-04)	L_Trg_Inj 8.4927e-04 (2.5949e-03)	Loss Disc 6.8912e-01 (6.9010e-01)	Loss Pred 4.9739e-01 (4.6928e-01)	Loss TOTAL 8.4204e-01 (8.1522e-01)
Epoch: [4][160/270]	L_Src_Sup 0.0000e+00 (6.1091e-04)	L_Trg_Inj 3.5289e-03 (2.6247e-03)	Loss Disc 6.9190e-01 (6.9018e-01)	Loss Pred 4.5932e-01 (4.6929e-01)	Loss TOTAL 8.0562e-01 (8.1523e-01)
Epoch: [4][170/270]	L_Src_Sup 0.0000e+00 (5.8645e-04)	L_Trg_Inj 2.4347e-02 (2.7167e-03)	Loss Disc 6.8799e-01 (6.9021e-01)	Loss Pred 4.6920e-01 (4.6894e-01)	Loss TOTAL 8.1563e-01 (8.1489e-01)
Epoch: [4][180/270]	L_Src_Sup 0.0000e+00 (9.7381e-04)	L_Trg_Inj 1.1926e-01 (8.3426e-03)	Loss Disc 6.9644e-01 (6.9025e-01)	Loss Pred 4.4059e-01 (4.6899e-01)	Loss TOTAL 8.0074e-01 (8.1553e-01)
Epoch: [4][190/270]	L_Src_Sup 0.0000e+00 (9.2255e-04)	L_Trg_Inj 2.8665e-03 (1.1248e-02)	Loss Disc 6.8875e-01 (6.9027e-01)	Loss Pred 4.8473e-01 (4.6918e-01)	Loss TOTAL 8.2939e-01 (8.1600e-01)
Epoch: [4][200/270]	L_Src_Sup 0.0000e+00 (8.7643e-04)	L_Trg_Inj 2.3839e-05 (1.0915e-02)	Loss Disc 6.9857e-01 (6.9033e-01)	Loss Pred 4.5308e-01 (4.6913e-01)	Loss TOTAL 8.0237e-01 (8.1591e-01)
Epoch: [4][210/270]	L_Src_Sup 0.0000e+00 (8.3469e-04)	L_Trg_Inj 2.0630e-05 (1.0540e-02)	Loss Disc 6.9255e-01 (6.9041e-01)	Loss Pred 4.5909e-01 (4.6888e-01)	Loss TOTAL 8.0537e-01 (8.1563e-01)
Epoch: [4][220/270]	L_Src_Sup 0.0000e+00 (7.9675e-04)	L_Trg_Inj 1.3566e-02 (1.0281e-02)	Loss Disc 6.8793e-01 (6.9047e-01)	Loss Pred 4.9698e-01 (4.6847e-01)	Loss TOTAL 8.4230e-01 (8.1520e-01)
Epoch: [4][230/270]	L_Src_Sup 0.0000e+00 (7.6211e-04)	L_Trg_Inj 0.0000e+00 (9.8549e-03)	Loss Disc 6.9736e-01 (6.9047e-01)	Loss Pred 4.3387e-01 (4.6840e-01)	Loss TOTAL 7.8256e-01 (8.1507e-01)
Epoch: [4][240/270]	L_Src_Sup 0.0000e+00 (7.3036e-04)	L_Trg_Inj 1.5943e-05 (9.4568e-03)	Loss Disc 6.8851e-01 (6.9048e-01)	Loss Pred 4.7868e-01 (4.6820e-01)	Loss TOTAL 8.2293e-01 (8.1482e-01)
Epoch: [4][250/270]	L_Src_Sup 0.0000e+00 (7.0114e-04)	L_Trg_Inj 0.0000e+00 (9.1823e-03)	Loss Disc 6.9433e-01 (6.9079e-01)	Loss Pred 4.3387e-01 (4.6793e-01)	Loss TOTAL 7.8103e-01 (8.1466e-01)
Epoch: [4][260/270]	L_Src_Sup 0.0000e+00 (6.7417e-04)	L_Trg_Inj 0.0000e+00 (8.8703e-03)	Loss Disc 6.9341e-01 (6.9090e-01)	Loss Pred 4.6545e-01 (4.6800e-01)	Loss TOTAL 8.1216e-01 (8.1474e-01)
Epoch: [4][270/270]	L_Src_Sup 0.0000e+00 (6.4920e-04)	L_Trg_Inj 6.0496e-03 (8.6211e-03)	Loss Disc 6.9344e-01 (6.9100e-01)	Loss Pred 4.5954e-01 (4.6821e-01)	Loss TOTAL 8.0687e-01 (8.1496e-01)
Epoch: [4][270/270]	L_Src_Sup 0.0000e+00 (6.4920e-04)	L_Trg_Inj 6.0496e-03 (8.6211e-03)	Loss Disc 6.9344e-01 (6.9100e-01)	Loss Pred 4.5954e-01 (4.6821e-01)	Loss TOTAL 8.0687e-01 (8.1496e-01)
Epoch 4 complete. Saving model state...
Epoch: [5][ 10/270]	L_Src_Sup 0.0000e+00 (0.0000e+00)	L_Trg_Inj 0.0000e+00 (1.4492e-03)	Loss Disc 6.9268e-01 (6.9314e-01)	Loss Pred 4.5940e-01 (4.6439e-01)	Loss TOTAL 8.0574e-01 (8.1111e-01)
Epoch: [5][ 20/270]	L_Src_Sup 0.0000e+00 (0.0000e+00)	L_Trg_Inj 0.0000e+00 (1.7123e-03)	Loss Disc 6.9160e-01 (6.9266e-01)	Loss Pred 4.3379e-01 (4.6245e-01)	Loss TOTAL 7.7959e-01 (8.0895e-01)
Epoch: [5][ 30/270]	L_Src_Sup 0.0000e+00 (0.0000e+00)	L_Trg_Inj 0.0000e+00 (1.3234e-03)	Loss Disc 6.9259e-01 (6.9259e-01)	Loss Pred 4.9075e-01 (4.6537e-01)	Loss TOTAL 8.3705e-01 (8.1180e-01)
Epoch: [5][ 40/270]	L_Src_Sup 0.0000e+00 (2.1239e-07)	L_Trg_Inj 0.0000e+00 (2.1524e-03)	Loss Disc 6.9295e-01 (6.9259e-01)	Loss Pred 4.7305e-01 (4.6604e-01)	Loss TOTAL 8.1952e-01 (8.1256e-01)
Epoch: [5][ 50/270]	L_Src_Sup 0.0000e+00 (1.6991e-07)	L_Trg_Inj 1.8469e-03 (2.0217e-03)	Loss Disc 6.9288e-01 (6.9262e-01)	Loss Pred 4.5951e-01 (4.6699e-01)	Loss TOTAL 8.0613e-01 (8.1350e-01)
Epoch: [5][ 60/270]	L_Src_Sup 2.0553e-02 (5.4803e-04)	L_Trg_Inj 0.0000e+00 (2.1046e-03)	Loss Disc 6.9171e-01 (6.9265e-01)	Loss Pred 4.4484e-01 (4.6686e-01)	Loss TOTAL 8.1330e-01 (8.1397e-01)
Epoch: [5][ 70/270]	L_Src_Sup 0.0000e+00 (6.6935e-04)	L_Trg_Inj 0.0000e+00 (2.7508e-03)	Loss Disc 6.9289e-01 (6.9271e-01)	Loss Pred 4.3397e-01 (4.6566e-01)	Loss TOTAL 7.8042e-01 (8.1300e-01)
Epoch: [5][ 80/270]	L_Src_Sup 1.7651e-02 (8.0632e-04)	L_Trg_Inj 0.0000e+00 (2.4070e-03)	Loss Disc 6.8838e-01 (6.9249e-01)	Loss Pred 4.7809e-01 (4.6595e-01)	Loss TOTAL 8.4170e-01 (8.1330e-01)
Epoch: [5][ 90/270]	L_Src_Sup 0.0000e+00 (7.1673e-04)	L_Trg_Inj 1.5185e-02 (2.5241e-03)	Loss Disc 6.8023e-01 (6.9170e-01)	Loss Pred 4.7228e-01 (4.6675e-01)	Loss TOTAL 8.1391e-01 (8.1362e-01)
Epoch: [5][100/270]	L_Src_Sup 0.0000e+00 (6.4505e-04)	L_Trg_Inj 0.0000e+00 (2.2717e-03)	Loss Disc 6.7993e-01 (6.9018e-01)	Loss Pred 4.4611e-01 (4.6711e-01)	Loss TOTAL 7.8608e-01 (8.1312e-01)
Epoch: [5][110/270]	L_Src_Sup 0.0000e+00 (1.0271e-03)	L_Trg_Inj 0.0000e+00 (2.2062e-03)	Loss Disc 6.6813e-01 (6.8864e-01)	Loss Pred 4.9719e-01 (4.6784e-01)	Loss TOTAL 8.3126e-01 (8.1349e-01)
Epoch: [5][120/270]	L_Src_Sup 0.0000e+00 (9.4147e-04)	L_Trg_Inj 0.0000e+00 (2.0223e-03)	Loss Disc 6.8039e-01 (6.8760e-01)	Loss Pred 4.4014e-01 (4.6717e-01)	Loss TOTAL 7.8034e-01 (8.1219e-01)
Epoch: [5][130/270]	L_Src_Sup 0.0000e+00 (1.0028e-03)	L_Trg_Inj 1.4916e-03 (2.3829e-03)	Loss Disc 6.9172e-01 (6.8727e-01)	Loss Pred 4.7782e-01 (4.6718e-01)	Loss TOTAL 8.2383e-01 (8.1214e-01)
Epoch: [5][140/270]	L_Src_Sup 0.0000e+00 (1.0611e-03)	L_Trg_Inj 2.4385e-03 (2.4011e-03)	Loss Disc 6.9513e-01 (6.8757e-01)	Loss Pred 4.2100e-01 (4.6696e-01)	Loss TOTAL 7.6881e-01 (8.1213e-01)
Epoch: [5][150/270]	L_Src_Sup 0.0000e+00 (9.9031e-04)	L_Trg_Inj 3.1965e-03 (2.3996e-03)	Loss Disc 6.9453e-01 (6.8768e-01)	Loss Pred 4.6524e-01 (4.6808e-01)	Loss TOTAL 8.1282e-01 (8.1324e-01)
Epoch: [5][160/270]	L_Src_Sup 0.0000e+00 (9.2842e-04)	L_Trg_Inj 1.6026e-03 (2.4704e-03)	Loss Disc 6.9932e-01 (6.8809e-01)	Loss Pred 4.2768e-01 (4.6748e-01)	Loss TOTAL 7.7750e-01 (8.1278e-01)
Epoch: [5][170/270]	L_Src_Sup 0.0000e+00 (8.7381e-04)	L_Trg_Inj 0.0000e+00 (2.4962e-03)	Loss Disc 6.9462e-01 (6.8834e-01)	Loss Pred 4.8437e-01 (4.6767e-01)	Loss TOTAL 8.3168e-01 (8.1304e-01)
Epoch: [5][180/270]	L_Src_Sup 0.0000e+00 (8.2526e-04)	L_Trg_Inj 6.9186e-03 (2.6151e-03)	Loss Disc 7.0682e-01 (6.8855e-01)	Loss Pred 5.0375e-01 (4.6883e-01)	Loss TOTAL 8.5785e-01 (8.1427e-01)
Epoch: [5][190/270]	L_Src_Sup 0.0000e+00 (8.7247e-04)	L_Trg_Inj 1.2356e-03 (2.5647e-03)	Loss Disc 6.9359e-01 (6.8890e-01)	Loss Pred 4.5923e-01 (4.6879e-01)	Loss TOTAL 8.0615e-01 (8.1443e-01)
Epoch: [5][200/270]	L_Src_Sup 0.0000e+00 (9.1575e-04)	L_Trg_Inj 0.0000e+00 (2.5360e-03)	Loss Disc 6.9348e-01 (6.8913e-01)	Loss Pred 4.4008e-01 (4.6897e-01)	Loss TOTAL 7.8682e-01 (8.1476e-01)
Epoch: [5][210/270]	L_Src_Sup 0.0000e+00 (8.7215e-04)	L_Trg_Inj 0.0000e+00 (2.4393e-03)	Loss Disc 6.9346e-01 (6.8934e-01)	Loss Pred 4.4645e-01 (4.6817e-01)	Loss TOTAL 7.9318e-01 (8.1401e-01)
Epoch: [5][220/270]	L_Src_Sup 0.0000e+00 (9.0963e-04)	L_Trg_Inj 3.6729e-04 (2.5030e-03)	Loss Disc 6.9331e-01 (6.8952e-01)	Loss Pred 4.3406e-01 (4.6810e-01)	Loss TOTAL 7.8075e-01 (8.1408e-01)
Epoch: [5][230/270]	L_Src_Sup 0.0000e+00 (8.7009e-04)	L_Trg_Inj 1.0564e-05 (2.4531e-03)	Loss Disc 6.9312e-01 (6.8968e-01)	Loss Pred 4.5912e-01 (4.6774e-01)	Loss TOTAL 8.0568e-01 (8.1375e-01)
Epoch: [5][240/270]	L_Src_Sup 0.0000e+00 (8.3383e-04)	L_Trg_Inj 3.1945e-03 (2.4744e-03)	Loss Disc 6.9192e-01 (6.8980e-01)	Loss Pred 4.7743e-01 (4.6741e-01)	Loss TOTAL 8.2371e-01 (8.1344e-01)
Epoch: [5][250/270]	L_Src_Sup 0.0000e+00 (8.0048e-04)	L_Trg_Inj 0.0000e+00 (2.4136e-03)	Loss Disc 6.9316e-01 (6.8990e-01)	Loss Pred 4.6554e-01 (4.6758e-01)	Loss TOTAL 8.1212e-01 (8.1363e-01)
Epoch: [5][260/270]	L_Src_Sup 0.0000e+00 (7.8958e-04)	L_Trg_Inj 5.3178e-04 (2.3940e-03)	Loss Disc 6.9264e-01 (6.8999e-01)	Loss Pred 4.6533e-01 (4.6756e-01)	Loss TOTAL 8.1171e-01 (8.1363e-01)
Epoch: [5][270/270]	L_Src_Sup 0.0000e+00 (8.2477e-04)	L_Trg_Inj 3.4131e-03 (2.3631e-03)	Loss Disc 6.9140e-01 (6.9008e-01)	Loss Pred 4.5228e-01 (4.6792e-01)	Loss TOTAL 7.9832e-01 (8.1407e-01)
Epoch: [5][270/270]	L_Src_Sup 0.0000e+00 (8.2477e-04)	L_Trg_Inj 3.4131e-03 (2.3631e-03)	Loss Disc 6.9140e-01 (6.9008e-01)	Loss Pred 4.5228e-01 (4.6792e-01)	Loss TOTAL 7.9832e-01 (8.1407e-01)
Epoch 5 complete. Saving model state...
Epoch: [6][ 10/270]	L_Src_Sup 0.0000e+00 (0.0000e+00)	L_Trg_Inj 2.7444e-04 (2.8925e-03)	Loss Disc 6.9211e-01 (6.9215e-01)	Loss Pred 4.4637e-01 (4.7110e-01)	Loss TOTAL 7.9245e-01 (8.1746e-01)
Epoch: [6][ 20/270]	L_Src_Sup 0.0000e+00 (8.6814e-04)	L_Trg_Inj 3.7738e-03 (2.0650e-03)	Loss Disc 6.9065e-01 (6.9208e-01)	Loss Pred 4.5272e-01 (4.6859e-01)	Loss TOTAL 7.9842e-01 (8.1579e-01)
Epoch: [6][ 30/270]	L_Src_Sup 0.0000e+00 (5.7876e-04)	L_Trg_Inj 1.0305e-03 (2.0890e-03)	Loss Disc 6.9171e-01 (6.9224e-01)	Loss Pred 4.5282e-01 (4.6878e-01)	Loss TOTAL 7.9877e-01 (8.1575e-01)
Epoch: [6][ 40/270]	L_Src_Sup 0.0000e+00 (4.3407e-04)	L_Trg_Inj 0.0000e+00 (2.1596e-03)	Loss Disc 6.9339e-01 (6.9240e-01)	Loss Pred 5.0305e-01 (4.7188e-01)	Loss TOTAL 8.4974e-01 (8.1877e-01)
Epoch: [6][ 50/270]	L_Src_Sup 0.0000e+00 (3.4725e-04)	L_Trg_Inj 6.6476e-04 (1.8711e-03)	Loss Disc 6.9293e-01 (6.9253e-01)	Loss Pred 4.3378e-01 (4.7170e-01)	Loss TOTAL 7.8031e-01 (8.1853e-01)
Epoch: [6][ 60/270]	L_Src_Sup 0.0000e+00 (2.8938e-04)	L_Trg_Inj 0.0000e+00 (2.1474e-03)	Loss Disc 6.9264e-01 (6.9259e-01)	Loss Pred 4.6545e-01 (4.7034e-01)	Loss TOTAL 8.1177e-01 (8.1717e-01)
Epoch: [6][ 70/270]	L_Src_Sup 0.0000e+00 (2.4804e-04)	L_Trg_Inj 2.5739e-03 (2.0524e-03)	Loss Disc 6.9292e-01 (6.9264e-01)	Loss Pred 4.4015e-01 (4.6901e-01)	Loss TOTAL 7.8686e-01 (8.1580e-01)
Epoch: [6][ 80/270]	L_Src_Sup 0.0000e+00 (2.1703e-04)	L_Trg_Inj 0.0000e+00 (1.8629e-03)	Loss Disc 6.9293e-01 (6.9271e-01)	Loss Pred 4.6574e-01 (4.6952e-01)	Loss TOTAL 8.1220e-01 (8.1630e-01)
Epoch: [6][ 90/270]	L_Src_Sup 0.0000e+00 (4.9880e-04)	L_Trg_Inj 0.0000e+00 (1.7378e-03)	Loss Disc 6.9312e-01 (6.9273e-01)	Loss Pred 4.8425e-01 (4.6978e-01)	Loss TOTAL 8.3081e-01 (8.1684e-01)
Epoch: [6][100/270]	L_Src_Sup 0.0000e+00 (4.4892e-04)	L_Trg_Inj 0.0000e+00 (1.6780e-03)	Loss Disc 6.9284e-01 (6.9276e-01)	Loss Pred 4.7180e-01 (4.6928e-01)	Loss TOTAL 8.1822e-01 (8.1630e-01)
Epoch: [6][110/270]	L_Src_Sup 0.0000e+00 (4.0811e-04)	L_Trg_Inj 4.0469e-03 (1.7448e-03)	Loss Disc 6.9266e-01 (6.9278e-01)	Loss Pred 4.8447e-01 (4.6886e-01)	Loss TOTAL 8.3120e-01 (8.1585e-01)
Epoch: [6][120/270]	L_Src_Sup 0.0000e+00 (3.7410e-04)	L_Trg_Inj 0.0000e+00 (1.6176e-03)	Loss Disc 6.9346e-01 (6.9281e-01)	Loss Pred 5.2886e-01 (4.6999e-01)	Loss TOTAL 8.7559e-01 (8.1695e-01)
Epoch: [6][130/270]	L_Src_Sup 1.3391e-04 (3.4635e-04)	L_Trg_Inj 2.6749e-03 (1.6372e-03)	Loss Disc 6.9292e-01 (6.9283e-01)	Loss Pred 4.7173e-01 (4.7022e-01)	Loss TOTAL 8.1847e-01 (8.1716e-01)
Epoch: [6][140/270]	L_Src_Sup 0.0000e+00 (3.9969e-04)	L_Trg_Inj 8.8774e-02 (3.0088e-03)	Loss Disc 6.9294e-01 (6.9284e-01)	Loss Pred 4.6540e-01 (4.7025e-01)	Loss TOTAL 8.2075e-01 (8.1733e-01)
Epoch: [6][150/270]	L_Src_Sup 0.0000e+00 (3.7304e-04)	L_Trg_Inj 0.0000e+00 (2.8115e-03)	Loss Disc 6.9305e-01 (6.9287e-01)	Loss Pred 4.2742e-01 (4.6917e-01)	Loss TOTAL 7.7394e-01 (8.1623e-01)
Epoch: [6][160/270]	L_Src_Sup 0.0000e+00 (3.4973e-04)	L_Trg_Inj 0.0000e+00 (2.6357e-03)	Loss Disc 6.8994e-01 (6.9281e-01)	Loss Pred 4.6520e-01 (4.6933e-01)	Loss TOTAL 8.1017e-01 (8.1632e-01)
Epoch: [6][170/270]	L_Src_Sup 0.0000e+00 (3.2915e-04)	L_Trg_Inj 0.0000e+00 (2.5726e-03)	Loss Disc 6.7786e-01 (6.9221e-01)	Loss Pred 4.5927e-01 (4.6880e-01)	Loss TOTAL 7.9820e-01 (8.1546e-01)
Epoch: [6][180/270]	L_Src_Sup 0.0000e+00 (4.1166e-04)	L_Trg_Inj 0.0000e+00 (2.5165e-03)	Loss Disc 6.7901e-01 (6.9129e-01)	Loss Pred 4.4646e-01 (4.6854e-01)	Loss TOTAL 7.8596e-01 (8.1483e-01)
Epoch: [6][190/270]	L_Src_Sup 0.0000e+00 (4.7903e-04)	L_Trg_Inj 0.0000e+00 (2.3840e-03)	Loss Disc 6.7446e-01 (6.9041e-01)	Loss Pred 4.6534e-01 (4.6834e-01)	Loss TOTAL 8.0257e-01 (8.1426e-01)
Epoch: [6][200/270]	L_Src_Sup 0.0000e+00 (4.5508e-04)	L_Trg_Inj 0.0000e+00 (2.2793e-03)	Loss Disc 6.7290e-01 (6.8962e-01)	Loss Pred 4.7180e-01 (4.6816e-01)	Loss TOTAL 8.0825e-01 (8.1365e-01)
Epoch: [6][210/270]	L_Src_Sup 0.0000e+00 (4.3341e-04)	L_Trg_Inj 3.0012e-04 (2.1721e-03)	Loss Disc 6.7801e-01 (6.8878e-01)	Loss Pred 4.5264e-01 (4.6851e-01)	Loss TOTAL 7.9168e-01 (8.1354e-01)
Epoch: [6][220/270]	L_Src_Sup 0.0000e+00 (4.1371e-04)	L_Trg_Inj 0.0000e+00 (3.6226e-03)	Loss Disc 6.9257e-01 (6.8932e-01)	Loss Pred 5.0365e-01 (4.6879e-01)	Loss TOTAL 8.4994e-01 (8.1422e-01)
Epoch: [6][230/270]	L_Src_Sup 0.0000e+00 (4.0082e-04)	L_Trg_Inj 1.8257e-03 (3.6775e-03)	Loss Disc 6.9321e-01 (6.8949e-01)	Loss Pred 4.2738e-01 (4.6806e-01)	Loss TOTAL 7.7416e-01 (8.1357e-01)
Epoch: [6][240/270]	L_Src_Sup 0.0000e+00 (3.8412e-04)	L_Trg_Inj 2.0391e-03 (3.5722e-03)	Loss Disc 6.9287e-01 (6.8963e-01)	Loss Pred 4.6560e-01 (4.6795e-01)	Loss TOTAL 8.1224e-01 (8.1350e-01)
Epoch: [6][250/270]	L_Src_Sup 0.0000e+00 (3.6875e-04)	L_Trg_Inj 7.5168e-04 (3.4630e-03)	Loss Disc 6.9333e-01 (6.8978e-01)	Loss Pred 4.6541e-01 (4.6765e-01)	Loss TOTAL 8.1215e-01 (8.1324e-01)
Epoch: [6][260/270]	L_Src_Sup 0.0000e+00 (3.5457e-04)	L_Trg_Inj 6.5637e-03 (3.3640e-03)	Loss Disc 6.9335e-01 (6.8991e-01)	Loss Pred 4.5907e-01 (4.6780e-01)	Loss TOTAL 8.0640e-01 (8.1344e-01)
Epoch: [6][270/270]	L_Src_Sup 0.0000e+00 (3.4144e-04)	L_Trg_Inj 0.0000e+00 (3.3286e-03)	Loss Disc 6.9332e-01 (6.9004e-01)	Loss Pred 4.6514e-01 (4.6775e-01)	Loss TOTAL 8.1180e-01 (8.1344e-01)
Epoch: [6][270/270]	L_Src_Sup 0.0000e+00 (3.4144e-04)	L_Trg_Inj 0.0000e+00 (3.3286e-03)	Loss Disc 6.9332e-01 (6.9004e-01)	Loss Pred 4.6514e-01 (4.6775e-01)	Loss TOTAL 8.1180e-01 (8.1344e-01)
Epoch 6 complete. Saving model state...
Epoch: [7][ 10/270]	L_Src_Sup 0.0000e+00 (0.0000e+00)	L_Trg_Inj 0.0000e+00 (1.2211e-03)	Loss Disc 6.9320e-01 (6.9332e-01)	Loss Pred 4.7184e-01 (4.4891e-01)	Loss TOTAL 8.1844e-01 (7.9569e-01)
Epoch: [7][ 20/270]	L_Src_Sup 0.0000e+00 (0.0000e+00)	L_Trg_Inj 2.1320e-03 (1.6387e-03)	Loss Disc 6.9317e-01 (6.9327e-01)	Loss Pred 4.8458e-01 (4.5490e-01)	Loss TOTAL 8.3138e-01 (8.0170e-01)
Epoch: [7][ 30/270]	L_Src_Sup 0.0000e+00 (0.0000e+00)	L_Trg_Inj 0.0000e+00 (1.8348e-03)	Loss Disc 6.9316e-01 (6.9324e-01)	Loss Pred 4.8431e-01 (4.5941e-01)	Loss TOTAL 8.3089e-01 (8.0621e-01)
Epoch: [7][ 40/270]	L_Src_Sup 0.0000e+00 (0.0000e+00)	L_Trg_Inj 0.0000e+00 (1.8321e-03)	Loss Disc 6.9311e-01 (6.9322e-01)	Loss Pred 4.5836e-01 (4.6073e-01)	Loss TOTAL 8.0492e-01 (8.0752e-01)
Epoch: [7][ 50/270]	L_Src_Sup 0.0000e+00 (0.0000e+00)	L_Trg_Inj 0.0000e+00 (1.5713e-03)	Loss Disc 6.9288e-01 (6.9318e-01)	Loss Pred 4.4625e-01 (4.6164e-01)	Loss TOTAL 7.9269e-01 (8.0838e-01)
Epoch: [7][ 60/270]	L_Src_Sup 0.0000e+00 (0.0000e+00)	L_Trg_Inj 0.0000e+00 (1.7322e-03)	Loss Disc 6.9322e-01 (6.9317e-01)	Loss Pred 4.7163e-01 (4.6267e-01)	Loss TOTAL 8.1824e-01 (8.0943e-01)
Epoch: [7][ 70/270]	L_Src_Sup 0.0000e+00 (0.0000e+00)	L_Trg_Inj 0.0000e+00 (1.5528e-03)	Loss Disc 6.9310e-01 (6.9314e-01)	Loss Pred 4.5261e-01 (4.6313e-01)	Loss TOTAL 7.9916e-01 (8.0986e-01)
Epoch: [7][ 80/270]	L_Src_Sup 0.0000e+00 (2.1603e-04)	L_Trg_Inj 1.3517e-01 (3.0318e-02)	Loss Disc 6.9407e-01 (6.9316e-01)	Loss Pred 4.9082e-01 (4.6459e-01)	Loss TOTAL 8.5137e-01 (8.1444e-01)
Epoch: [7][ 90/270]	L_Src_Sup 0.0000e+00 (1.9203e-04)	L_Trg_Inj 0.0000e+00 (3.2647e-02)	Loss Disc 6.9282e-01 (6.9315e-01)	Loss Pred 4.5847e-01 (4.6618e-01)	Loss TOTAL 8.0488e-01 (8.1623e-01)
Epoch: [7][100/270]	L_Src_Sup 1.6220e-03 (3.0481e-04)	L_Trg_Inj 0.0000e+00 (2.9633e-02)	Loss Disc 6.9233e-01 (6.9312e-01)	Loss Pred 4.8815e-01 (4.6657e-01)	Loss TOTAL 8.3610e-01 (8.1643e-01)
Epoch: [7][110/270]	L_Src_Sup 0.0000e+00 (2.7710e-04)	L_Trg_Inj 2.4812e-04 (2.7119e-02)	Loss Disc 6.9312e-01 (6.9313e-01)	Loss Pred 4.7815e-01 (4.6664e-01)	Loss TOTAL 8.2473e-01 (8.1622e-01)
Epoch: [7][120/270]	L_Src_Sup 0.0000e+00 (2.5401e-04)	L_Trg_Inj 0.0000e+00 (2.4879e-02)	Loss Disc 6.9309e-01 (6.9313e-01)	Loss Pred 4.5901e-01 (4.6638e-01)	Loss TOTAL 8.0556e-01 (8.1571e-01)
Epoch: [7][130/270]	L_Src_Sup 0.0000e+00 (2.3447e-04)	L_Trg_Inj 0.0000e+00 (2.3050e-02)	Loss Disc 6.9309e-01 (6.9312e-01)	Loss Pred 4.7161e-01 (4.6650e-01)	Loss TOTAL 8.1816e-01 (8.1562e-01)
Epoch: [7][140/270]	L_Src_Sup 0.0000e+00 (2.1772e-04)	L_Trg_Inj 2.1427e-04 (2.1442e-02)	Loss Disc 6.9284e-01 (6.9311e-01)	Loss Pred 4.7158e-01 (4.6561e-01)	Loss TOTAL 8.1802e-01 (8.1454e-01)
Epoch: [7][150/270]	L_Src_Sup 0.0000e+00 (2.0321e-04)	L_Trg_Inj 0.0000e+00 (2.0057e-02)	Loss Disc 6.9322e-01 (6.9310e-01)	Loss Pred 4.6548e-01 (4.6487e-01)	Loss TOTAL 8.1209e-01 (8.1365e-01)
Epoch: [7][160/270]	L_Src_Sup 0.0000e+00 (1.9051e-04)	L_Trg_Inj 0.0000e+00 (1.8904e-02)	Loss Disc 6.9294e-01 (6.9309e-01)	Loss Pred 4.7178e-01 (4.6470e-01)	Loss TOTAL 8.1825e-01 (8.1334e-01)
Epoch: [7][170/270]	L_Src_Sup 0.0000e+00 (1.7930e-04)	L_Trg_Inj 1.0277e-02 (1.7862e-02)	Loss Disc 6.9355e-01 (6.9310e-01)	Loss Pred 5.2214e-01 (4.6555e-01)	Loss TOTAL 8.6994e-01 (8.1408e-01)
Epoch: [7][180/270]	L_Src_Sup 0.0000e+00 (1.6934e-04)	L_Trg_Inj 0.0000e+00 (1.6986e-02)	Loss Disc 6.9311e-01 (6.9310e-01)	Loss Pred 5.2239e-01 (4.6620e-01)	Loss TOTAL 8.6895e-01 (8.1463e-01)
Epoch: [7][190/270]	L_Src_Sup 1.7271e-02 (2.5132e-04)	L_Trg_Inj 0.0000e+00 (1.6114e-02)	Loss Disc 6.9298e-01 (6.9310e-01)	Loss Pred 4.7794e-01 (4.6639e-01)	Loss TOTAL 8.4343e-01 (8.1482e-01)
Epoch: [7][200/270]	L_Src_Sup 0.0000e+00 (2.3876e-04)	L_Trg_Inj 0.0000e+00 (1.5403e-02)	Loss Disc 6.9328e-01 (6.9310e-01)	Loss Pred 4.9053e-01 (4.6649e-01)	Loss TOTAL 8.3718e-01 (8.1484e-01)
Epoch: [7][210/270]	L_Src_Sup 0.0000e+00 (2.2848e-04)	L_Trg_Inj 1.9233e-03 (1.4770e-02)	Loss Disc 6.9316e-01 (6.9310e-01)	Loss Pred 4.9701e-01 (4.6700e-01)	Loss TOTAL 8.4378e-01 (8.1528e-01)
Epoch: [7][220/270]	L_Src_Sup 8.9669e-04 (3.0122e-04)	L_Trg_Inj 2.5283e-03 (1.4146e-02)	Loss Disc 6.9305e-01 (6.9310e-01)	Loss Pred 4.6545e-01 (4.6718e-01)	Loss TOTAL 8.1232e-01 (8.1547e-01)
Epoch: [7][230/270]	L_Src_Sup 0.0000e+00 (2.8813e-04)	L_Trg_Inj 1.7603e-03 (1.3675e-02)	Loss Disc 6.9312e-01 (6.9310e-01)	Loss Pred 4.4632e-01 (4.6734e-01)	Loss TOTAL 7.9306e-01 (8.1557e-01)
Epoch: [7][240/270]	L_Src_Sup 0.0000e+00 (2.8459e-04)	L_Trg_Inj 2.1586e-04 (1.3622e-02)	Loss Disc 6.9270e-01 (6.9310e-01)	Loss Pred 4.2100e-01 (4.6689e-01)	Loss TOTAL 7.6737e-01 (8.1511e-01)
Epoch: [7][250/270]	L_Src_Sup 0.0000e+00 (2.7321e-04)	L_Trg_Inj 8.5551e-04 (1.3248e-02)	Loss Disc 6.9291e-01 (6.9309e-01)	Loss Pred 4.9705e-01 (4.6699e-01)	Loss TOTAL 8.4359e-01 (8.1515e-01)
Epoch: [7][260/270]	L_Src_Sup 0.0000e+00 (2.6270e-04)	L_Trg_Inj 2.4988e-03 (1.2872e-02)	Loss Disc 6.9331e-01 (6.9309e-01)	Loss Pred 4.9686e-01 (4.6728e-01)	Loss TOTAL 8.4377e-01 (8.1540e-01)
Epoch: [7][270/270]	L_Src_Sup 0.0000e+00 (2.5297e-04)	L_Trg_Inj 0.0000e+00 (1.2479e-02)	Loss Disc 6.9307e-01 (6.9309e-01)	Loss Pred 4.5284e-01 (4.6750e-01)	Loss TOTAL 7.9938e-01 (8.1556e-01)
Epoch: [7][270/270]	L_Src_Sup 0.0000e+00 (2.5297e-04)	L_Trg_Inj 0.0000e+00 (1.2479e-02)	Loss Disc 6.9307e-01 (6.9309e-01)	Loss Pred 4.5284e-01 (4.6750e-01)	Loss TOTAL 7.9938e-01 (8.1556e-01)
Epoch 7 complete. Saving model state...
Epoch: [8][ 10/270]	L_Src_Sup 0.0000e+00 (0.0000e+00)	L_Trg_Inj 0.0000e+00 (8.7028e-04)	Loss Disc 6.9300e-01 (6.9308e-01)	Loss Pred 4.7153e-01 (4.6715e-01)	Loss TOTAL 8.1804e-01 (8.1378e-01)
Epoch: [8][ 20/270]	L_Src_Sup 0.0000e+00 (0.0000e+00)	L_Trg_Inj 1.4856e-04 (6.3347e-04)	Loss Disc 6.9313e-01 (6.9312e-01)	Loss Pred 4.8426e-01 (4.7127e-01)	Loss TOTAL 8.3084e-01 (8.1790e-01)
Epoch: [8][ 30/270]	L_Src_Sup 0.0000e+00 (5.5487e-04)	L_Trg_Inj 0.0000e+00 (8.1640e-04)	Loss Disc 6.9299e-01 (6.9308e-01)	Loss Pred 4.4005e-01 (4.6920e-01)	Loss TOTAL 7.8655e-01 (8.1643e-01)
Epoch: [8][ 40/270]	L_Src_Sup 0.0000e+00 (4.1616e-04)	L_Trg_Inj 8.5112e-04 (1.5513e-03)	Loss Disc 6.9320e-01 (6.9307e-01)	Loss Pred 4.6563e-01 (4.6669e-01)	Loss TOTAL 8.1232e-01 (8.1383e-01)
Epoch: [8][ 50/270]	L_Src_Sup 0.0000e+00 (3.3292e-04)	L_Trg_Inj 0.0000e+00 (1.7378e-03)	Loss Disc 6.9349e-01 (6.9308e-01)	Loss Pred 4.8441e-01 (4.6616e-01)	Loss TOTAL 8.3115e-01 (8.1324e-01)
Epoch: [8][ 60/270]	L_Src_Sup 0.0000e+00 (2.7744e-04)	L_Trg_Inj 0.0000e+00 (1.7315e-03)	Loss Disc 6.9313e-01 (6.9308e-01)	Loss Pred 4.2080e-01 (4.6601e-01)	Loss TOTAL 7.6736e-01 (8.1303e-01)
Epoch: [8][ 70/270]	L_Src_Sup 0.0000e+00 (2.3780e-04)	L_Trg_Inj 0.0000e+00 (1.5603e-03)	Loss Disc 6.9294e-01 (6.9309e-01)	Loss Pred 4.4626e-01 (4.6546e-01)	Loss TOTAL 7.9273e-01 (8.1242e-01)
Epoch: [8][ 80/270]	L_Src_Sup 0.0000e+00 (2.0808e-04)	L_Trg_Inj 8.5527e-06 (1.6714e-03)	Loss Disc 6.9320e-01 (6.9308e-01)	Loss Pred 4.7169e-01 (4.6552e-01)	Loss TOTAL 8.1830e-01 (8.1245e-01)
Epoch: [8][ 90/270]	L_Src_Sup 0.0000e+00 (1.8496e-04)	L_Trg_Inj 5.0556e-04 (1.8881e-03)	Loss Disc 6.9243e-01 (6.9307e-01)	Loss Pred 4.4627e-01 (4.6541e-01)	Loss TOTAL 7.9254e-01 (8.1234e-01)
Epoch: [8][100/270]	L_Src_Sup 0.0000e+00 (1.6646e-04)	L_Trg_Inj 2.1205e-06 (1.7248e-03)	Loss Disc 6.9284e-01 (6.9307e-01)	Loss Pred 4.8424e-01 (4.6559e-01)	Loss TOTAL 8.3066e-01 (8.1248e-01)
Epoch: [8][110/270]	L_Src_Sup 0.0000e+00 (1.5133e-04)	L_Trg_Inj 8.6161e-03 (1.6595e-03)	Loss Disc 6.9345e-01 (6.9308e-01)	Loss Pred 5.0337e-01 (4.6533e-01)	Loss TOTAL 8.5095e-01 (8.1220e-01)
Epoch: [8][120/270]	L_Src_Sup 0.0000e+00 (2.4394e-04)	L_Trg_Inj 1.1245e-02 (1.8517e-03)	Loss Disc 6.9290e-01 (6.9307e-01)	Loss Pred 4.7141e-01 (4.6485e-01)	Loss TOTAL 8.1899e-01 (8.1184e-01)
Epoch: [8][130/270]	L_Src_Sup 0.0000e+00 (2.2517e-04)	L_Trg_Inj 2.3180e-03 (1.7742e-03)	Loss Disc 6.9261e-01 (6.9307e-01)	Loss Pred 4.3977e-01 (4.6435e-01)	Loss TOTAL 7.8631e-01 (8.1131e-01)
Epoch: [8][140/270]	L_Src_Sup 0.0000e+00 (2.0909e-04)	L_Trg_Inj 3.0029e-03 (1.7081e-03)	Loss Disc 6.9293e-01 (6.9306e-01)	Loss Pred 4.7792e-01 (4.6437e-01)	Loss TOTAL 8.2468e-01 (8.1130e-01)
Epoch: [8][150/270]	L_Src_Sup 0.0000e+00 (1.9515e-04)	L_Trg_Inj 0.0000e+00 (1.6494e-03)	Loss Disc 6.9322e-01 (6.9306e-01)	Loss Pred 4.7778e-01 (4.6389e-01)	Loss TOTAL 8.2439e-01 (8.1080e-01)
Epoch: [8][160/270]	L_Src_Sup 0.0000e+00 (1.8295e-04)	L_Trg_Inj 0.0000e+00 (1.6575e-03)	Loss Disc 6.9293e-01 (6.9306e-01)	Loss Pred 4.3978e-01 (4.6476e-01)	Loss TOTAL 7.8624e-01 (8.1166e-01)
Epoch: [8][170/270]	L_Src_Sup 0.0000e+00 (1.7219e-04)	L_Trg_Inj 0.0000e+00 (1.6629e-03)	Loss Disc 6.9304e-01 (6.9307e-01)	Loss Pred 4.7758e-01 (4.6568e-01)	Loss TOTAL 8.2410e-01 (8.1257e-01)
Epoch: [8][180/270]	L_Src_Sup 0.0000e+00 (2.5600e-04)	L_Trg_Inj 0.0000e+00 (1.6198e-03)	Loss Disc 6.9331e-01 (6.9307e-01)	Loss Pred 4.5914e-01 (4.6559e-01)	Loss TOTAL 8.0580e-01 (8.1256e-01)
Epoch: [8][190/270]	L_Src_Sup 0.0000e+00 (2.4252e-04)	L_Trg_Inj 0.0000e+00 (1.5513e-03)	Loss Disc 6.9331e-01 (6.9307e-01)	Loss Pred 4.9070e-01 (4.6600e-01)	Loss TOTAL 8.3736e-01 (8.1296e-01)
Epoch: [8][200/270]	L_Src_Sup 0.0000e+00 (2.3040e-04)	L_Trg_Inj 0.0000e+00 (1.5200e-03)	Loss Disc 6.9316e-01 (6.9307e-01)	Loss Pred 4.7772e-01 (4.6678e-01)	Loss TOTAL 8.2430e-01 (8.1372e-01)
Epoch: [8][210/270]	L_Src_Sup 0.0000e+00 (2.1942e-04)	L_Trg_Inj 0.0000e+00 (1.4558e-03)	Loss Disc 6.9320e-01 (6.9307e-01)	Loss Pred 4.7146e-01 (4.6683e-01)	Loss TOTAL 8.1806e-01 (8.1375e-01)
Epoch: [8][220/270]	L_Src_Sup 0.0000e+00 (2.0945e-04)	L_Trg_Inj 0.0000e+00 (1.4050e-03)	Loss Disc 6.9300e-01 (6.9307e-01)	Loss Pred 4.4649e-01 (4.6595e-01)	Loss TOTAL 7.9299e-01 (8.1286e-01)
Epoch: [8][230/270]	L_Src_Sup 0.0000e+00 (2.0034e-04)	L_Trg_Inj 0.0000e+00 (1.3562e-03)	Loss Disc 6.9312e-01 (6.9308e-01)	Loss Pred 4.7135e-01 (4.6642e-01)	Loss TOTAL 8.1791e-01 (8.1331e-01)
Epoch: [8][240/270]	L_Src_Sup 0.0000e+00 (2.0404e-04)	L_Trg_Inj 0.0000e+00 (1.5263e-03)	Loss Disc 6.9332e-01 (6.9308e-01)	Loss Pred 4.2734e-01 (4.6652e-01)	Loss TOTAL 7.7400e-01 (8.1344e-01)
Epoch: [8][250/270]	L_Src_Sup 0.0000e+00 (1.9588e-04)	L_Trg_Inj 0.0000e+00 (1.4660e-03)	Loss Disc 6.9227e-01 (6.9308e-01)	Loss Pred 4.6521e-01 (4.6660e-01)	Loss TOTAL 8.1135e-01 (8.1350e-01)
Epoch: [8][260/270]	L_Src_Sup 0.0000e+00 (1.8834e-04)	L_Trg_Inj 4.3599e-04 (1.5461e-03)	Loss Disc 6.7806e-01 (6.9287e-01)	Loss Pred 5.0328e-01 (4.6723e-01)	Loss TOTAL 8.4235e-01 (8.1403e-01)
Epoch: [8][270/270]	L_Src_Sup 0.0000e+00 (1.8137e-04)	L_Trg_Inj 0.0000e+00 (1.4888e-03)	Loss Disc 6.7712e-01 (6.9225e-01)	Loss Pred 4.5858e-01 (4.6744e-01)	Loss TOTAL 7.9714e-01 (8.1391e-01)
Epoch: [8][270/270]	L_Src_Sup 0.0000e+00 (1.8137e-04)	L_Trg_Inj 0.0000e+00 (1.4888e-03)	Loss Disc 6.7712e-01 (6.9225e-01)	Loss Pred 4.5858e-01 (4.6744e-01)	Loss TOTAL 7.9714e-01 (8.1391e-01)
Epoch 8 complete. Saving model state...
Epoch: [9][ 10/270]	L_Src_Sup 0.0000e+00 (1.7208e-03)	L_Trg_Inj 0.0000e+00 (2.7139e-04)	Loss Disc 6.8611e-01 (6.7751e-01)	Loss Pred 4.1444e-01 (4.5446e-01)	Loss TOTAL 7.5750e-01 (7.9513e-01)
Epoch: [9][ 20/270]	L_Src_Sup 0.0000e+00 (8.6042e-04)	L_Trg_Inj 0.0000e+00 (1.3569e-04)	Loss Disc 6.8025e-01 (6.7560e-01)	Loss Pred 4.3975e-01 (4.6205e-01)	Loss TOTAL 7.7988e-01 (8.0081e-01)
Epoch: [9][ 30/270]	L_Src_Sup 0.0000e+00 (5.7361e-04)	L_Trg_Inj 0.0000e+00 (9.0463e-05)	Loss Disc 6.8017e-01 (6.7497e-01)	Loss Pred 4.3971e-01 (4.6415e-01)	Loss TOTAL 7.7979e-01 (8.0227e-01)
Epoch: [9][ 40/270]	L_Src_Sup 0.0000e+00 (4.3021e-04)	L_Trg_Inj 0.0000e+00 (6.7847e-05)	Loss Disc 6.7434e-01 (6.7435e-01)	Loss Pred 4.6564e-01 (4.6646e-01)	Loss TOTAL 8.0281e-01 (8.0411e-01)
Epoch: [9][ 50/270]	L_Src_Sup 0.0000e+00 (4.9914e-03)	L_Trg_Inj 4.4007e-03 (5.5218e-03)	Loss Disc 7.1176e-01 (6.7828e-01)	Loss Pred 4.7387e-01 (4.6732e-01)	Loss TOTAL 8.3019e-01 (8.0786e-01)
Epoch: [9][ 60/270]	L_Src_Sup 0.0000e+00 (4.4496e-03)	L_Trg_Inj 3.2949e-03 (1.2410e-02)	Loss Disc 6.9349e-01 (6.8078e-01)	Loss Pred 4.7154e-01 (4.6794e-01)	Loss TOTAL 8.1862e-01 (8.1047e-01)
Epoch: [9][ 70/270]	L_Src_Sup 0.0000e+00 (3.8139e-03)	L_Trg_Inj 3.3198e-03 (1.0909e-02)	Loss Disc 6.9270e-01 (6.8259e-01)	Loss Pred 5.2861e-01 (4.6765e-01)	Loss TOTAL 8.7529e-01 (8.1080e-01)
Epoch: [9][ 80/270]	L_Src_Sup 0.0000e+00 (3.4203e-03)	L_Trg_Inj 2.2349e-03 (9.8283e-03)	Loss Disc 6.9351e-01 (6.8395e-01)	Loss Pred 4.6543e-01 (4.6663e-01)	Loss TOTAL 8.1241e-01 (8.1029e-01)
Epoch: [9][ 90/270]	L_Src_Sup 0.0000e+00 (3.0402e-03)	L_Trg_Inj 6.5810e-04 (8.9841e-03)	Loss Disc 6.9348e-01 (6.8499e-01)	Loss Pred 4.6474e-01 (4.6676e-01)	Loss TOTAL 8.1154e-01 (8.1077e-01)
Epoch: [9][100/270]	L_Src_Sup 0.0000e+00 (2.7430e-03)	L_Trg_Inj 3.3997e-04 (8.3023e-03)	Loss Disc 6.9360e-01 (6.8583e-01)	Loss Pred 4.6546e-01 (4.6688e-01)	Loss TOTAL 8.1229e-01 (8.1119e-01)
Epoch: [9][110/270]	L_Src_Sup 0.0000e+00 (2.4936e-03)	L_Trg_Inj 2.3627e-04 (7.6901e-03)	Loss Disc 6.9311e-01 (6.8650e-01)	Loss Pred 4.7170e-01 (4.6628e-01)	Loss TOTAL 8.1828e-01 (8.1081e-01)
Epoch: [9][120/270]	L_Src_Sup 0.0000e+00 (2.2858e-03)	L_Trg_Inj 0.0000e+00 (7.1148e-03)	Loss Disc 6.9163e-01 (6.8703e-01)	Loss Pred 4.3981e-01 (4.6619e-01)	Loss TOTAL 7.8562e-01 (8.1089e-01)
Epoch: [9][130/270]	L_Src_Sup 0.0000e+00 (2.1100e-03)	L_Trg_Inj 0.0000e+00 (6.6120e-03)	Loss Disc 6.9339e-01 (6.8749e-01)	Loss Pred 4.7153e-01 (4.6709e-01)	Loss TOTAL 8.1822e-01 (8.1193e-01)
Epoch: [9][140/270]	L_Src_Sup 0.0000e+00 (1.9593e-03)	L_Trg_Inj 0.0000e+00 (6.1598e-03)	Loss Disc 6.9310e-01 (6.8789e-01)	Loss Pred 4.7792e-01 (4.6695e-01)	Loss TOTAL 8.2447e-01 (8.1191e-01)
Epoch: [9][150/270]	L_Src_Sup 0.0000e+00 (1.8286e-03)	L_Trg_Inj 1.8140e-03 (5.7767e-03)	Loss Disc 6.9296e-01 (6.8824e-01)	Loss Pred 4.5877e-01 (4.6755e-01)	Loss TOTAL 8.0543e-01 (8.1262e-01)
Epoch: [9][160/270]	L_Src_Sup 0.0000e+00 (1.7143e-03)	L_Trg_Inj 0.0000e+00 (5.4217e-03)	Loss Disc 6.9306e-01 (6.8854e-01)	Loss Pred 4.5896e-01 (4.6681e-01)	Loss TOTAL 8.0549e-01 (8.1198e-01)
Epoch: [9][170/270]	L_Src_Sup 0.0000e+00 (1.6135e-03)	L_Trg_Inj 0.0000e+00 (5.1866e-03)	Loss Disc 6.9301e-01 (6.8880e-01)	Loss Pred 4.2724e-01 (4.6645e-01)	Loss TOTAL 7.7375e-01 (8.1171e-01)
Epoch: [9][180/270]	L_Src_Sup 0.0000e+00 (1.5239e-03)	L_Trg_Inj 0.0000e+00 (4.9022e-03)	Loss Disc 6.9323e-01 (6.8905e-01)	Loss Pred 4.7797e-01 (4.6642e-01)	Loss TOTAL 8.2458e-01 (8.1175e-01)
Epoch: [9][190/270]	L_Src_Sup 0.0000e+00 (1.4437e-03)	L_Trg_Inj 0.0000e+00 (4.7978e-03)	Loss Disc 6.9464e-01 (6.8925e-01)	Loss Pred 5.1597e-01 (4.6676e-01)	Loss TOTAL 8.6329e-01 (8.1216e-01)
Epoch: [9][200/270]	L_Src_Sup 0.0000e+00 (1.4253e-03)	L_Trg_Inj 2.9045e-03 (4.6225e-03)	Loss Disc 6.9207e-01 (6.8940e-01)	Loss Pred 4.7796e-01 (4.6680e-01)	Loss TOTAL 8.2429e-01 (8.1230e-01)
Epoch: [9][210/270]	L_Src_Sup 0.0000e+00 (1.3574e-03)	L_Trg_Inj 0.0000e+00 (4.4208e-03)	Loss Disc 6.9247e-01 (6.8958e-01)	Loss Pred 4.6543e-01 (4.6693e-01)	Loss TOTAL 8.1166e-01 (8.1249e-01)
Epoch: [9][220/270]	L_Src_Sup 0.0000e+00 (1.2957e-03)	L_Trg_Inj 0.0000e+00 (4.2542e-03)	Loss Disc 6.9262e-01 (6.8974e-01)	Loss Pred 4.8409e-01 (4.6731e-01)	Loss TOTAL 8.3040e-01 (8.1292e-01)
Epoch: [9][230/270]	L_Src_Sup 0.0000e+00 (1.2394e-03)	L_Trg_Inj 0.0000e+00 (4.0729e-03)	Loss Disc 6.9323e-01 (6.8989e-01)	Loss Pred 4.3979e-01 (4.6706e-01)	Loss TOTAL 7.8640e-01 (8.1270e-01)
Epoch: [9][240/270]	L_Src_Sup 0.0000e+00 (1.1877e-03)	L_Trg_Inj 0.0000e+00 (3.9116e-03)	Loss Disc 6.9294e-01 (6.9002e-01)	Loss Pred 4.7776e-01 (4.6698e-01)	Loss TOTAL 8.2423e-01 (8.1267e-01)
Epoch: [9][250/270]	L_Src_Sup 0.0000e+00 (1.1402e-03)	L_Trg_Inj 2.5630e-03 (3.7878e-03)	Loss Disc 6.9307e-01 (6.9015e-01)	Loss Pred 4.9046e-01 (4.6709e-01)	Loss TOTAL 8.3725e-01 (8.1281e-01)
Epoch: [9][260/270]	L_Src_Sup 0.0000e+00 (1.0963e-03)	L_Trg_Inj 3.7403e-03 (3.6850e-03)	Loss Disc 6.9308e-01 (6.9026e-01)	Loss Pred 4.7141e-01 (4.6730e-01)	Loss TOTAL 8.1832e-01 (8.1306e-01)
Epoch: [9][270/270]	L_Src_Sup 0.0000e+00 (1.0561e-03)	L_Trg_Inj 0.0000e+00 (3.5767e-03)	Loss Disc 6.9291e-01 (6.9037e-01)	Loss Pred 4.6565e-01 (4.6758e-01)	Loss TOTAL 8.1211e-01 (8.1338e-01)
Epoch: [9][270/270]	L_Src_Sup 0.0000e+00 (1.0561e-03)	L_Trg_Inj 0.0000e+00 (3.5767e-03)	Loss Disc 6.9291e-01 (6.9037e-01)	Loss Pred 4.6565e-01 (4.6758e-01)	Loss TOTAL 8.1211e-01 (8.1338e-01)
Epoch 9 complete. Saving model state...
Epoch: [10][ 10/270]	L_Src_Sup 0.0000e+00 (5.1326e-04)	L_Trg_Inj 0.0000e+00 (5.7214e-03)	Loss Disc 6.9343e-01 (6.9288e-01)	Loss Pred 4.8430e-01 (4.6796e-01)	Loss TOTAL 8.3101e-01 (8.1510e-01)
Epoch: [10][ 20/270]	L_Src_Sup 0.0000e+00 (2.5663e-04)	L_Trg_Inj 2.0748e-03 (3.7547e-03)	Loss Disc 6.9332e-01 (6.9297e-01)	Loss Pred 4.9071e-01 (4.6573e-01)	Loss TOTAL 8.3758e-01 (8.1265e-01)
Epoch: [10][ 30/270]	L_Src_Sup 0.0000e+00 (1.7109e-04)	L_Trg_Inj 9.5730e-05 (2.7737e-03)	Loss Disc 6.9285e-01 (6.9299e-01)	Loss Pred 4.2811e-01 (4.6474e-01)	Loss TOTAL 7.7455e-01 (8.1155e-01)
Epoch: [10][ 40/270]	L_Src_Sup 0.0000e+00 (1.3165e-04)	L_Trg_Inj 2.3847e-03 (2.6515e-03)	Loss Disc 6.9308e-01 (6.9305e-01)	Loss Pred 4.5237e-01 (4.6658e-01)	Loss TOTAL 7.9915e-01 (8.1340e-01)
Epoch: [10][ 50/270]	L_Src_Sup 0.0000e+00 (1.0532e-04)	L_Trg_Inj 0.0000e+00 (2.5295e-03)	Loss Disc 6.9297e-01 (6.9306e-01)	Loss Pred 4.5253e-01 (4.6709e-01)	Loss TOTAL 7.9901e-01 (8.1390e-01)
Epoch: [10][ 60/270]	L_Src_Sup 0.0000e+00 (8.7764e-05)	L_Trg_Inj 1.0090e-02 (2.5989e-03)	Loss Disc 6.9325e-01 (6.9307e-01)	Loss Pred 4.8427e-01 (4.6868e-01)	Loss TOTAL 8.3191e-01 (8.1550e-01)
Epoch: [10][ 70/270]	L_Src_Sup 0.0000e+00 (7.5226e-05)	L_Trg_Inj 0.0000e+00 (2.2937e-03)	Loss Disc 6.9328e-01 (6.9311e-01)	Loss Pred 4.8394e-01 (4.6845e-01)	Loss TOTAL 8.3058e-01 (8.1525e-01)
Epoch: [10][ 80/270]	L_Src_Sup 0.0000e+00 (5.0988e-04)	L_Trg_Inj 0.0000e+00 (2.0070e-03)	Loss Disc 6.9297e-01 (6.9311e-01)	Loss Pred 5.0310e-01 (4.6789e-01)	Loss TOTAL 8.4958e-01 (8.1516e-01)
Epoch: [10][ 90/270]	L_Src_Sup 0.0000e+00 (6.4603e-04)	L_Trg_Inj 0.0000e+00 (1.7840e-03)	Loss Disc 6.8989e-01 (6.9300e-01)	Loss Pred 4.9683e-01 (4.6879e-01)	Loss TOTAL 8.4177e-01 (8.1613e-01)
Epoch: [10][100/270]	L_Src_Sup 0.0000e+00 (5.8143e-04)	L_Trg_Inj 0.0000e+00 (1.6056e-03)	Loss Disc 6.7843e-01 (6.9179e-01)	Loss Pred 4.5235e-01 (4.6855e-01)	Loss TOTAL 7.9157e-01 (8.1520e-01)
Epoch: [10][110/270]	L_Src_Sup 0.0000e+00 (5.2857e-04)	L_Trg_Inj 0.0000e+00 (1.4597e-03)	Loss Disc 6.7461e-01 (6.9016e-01)	Loss Pred 4.6532e-01 (4.6871e-01)	Loss TOTAL 8.0263e-01 (8.1447e-01)
Epoch: [10][120/270]	L_Src_Sup 0.0000e+00 (4.8452e-04)	L_Trg_Inj 2.2696e-03 (1.6275e-03)	Loss Disc 7.0788e-01 (6.9066e-01)	Loss Pred 4.5897e-01 (4.6831e-01)	Loss TOTAL 8.1313e-01 (8.1430e-01)
Epoch: [10][130/270]	L_Src_Sup 0.0000e+00 (4.4725e-04)	L_Trg_Inj 1.3242e-02 (1.6683e-03)	Loss Disc 6.9344e-01 (6.9095e-01)	Loss Pred 4.8406e-01 (4.6870e-01)	Loss TOTAL 8.3211e-01 (8.1480e-01)
Epoch: [10][140/270]	L_Src_Sup 0.0000e+00 (4.1531e-04)	L_Trg_Inj 1.0207e-03 (1.6741e-03)	Loss Disc 6.9331e-01 (6.9112e-01)	Loss Pred 4.9027e-01 (4.6868e-01)	Loss TOTAL 8.3703e-01 (8.1483e-01)
Epoch: [10][150/270]	L_Src_Sup 0.0000e+00 (3.8762e-04)	L_Trg_Inj 0.0000e+00 (1.6748e-03)	Loss Disc 6.9327e-01 (6.9128e-01)	Loss Pred 4.8433e-01 (4.6857e-01)	Loss TOTAL 8.3097e-01 (8.1477e-01)
Epoch: [10][160/270]	L_Src_Sup 0.0000e+00 (3.6339e-04)	L_Trg_Inj 0.0000e+00 (1.6500e-03)	Loss Disc 6.9330e-01 (6.9140e-01)	Loss Pred 4.5186e-01 (4.6891e-01)	Loss TOTAL 7.9851e-01 (8.1514e-01)
Epoch: [10][170/270]	L_Src_Sup 0.0000e+00 (3.4202e-04)	L_Trg_Inj 0.0000e+00 (1.6461e-03)	Loss Disc 6.9324e-01 (6.9151e-01)	Loss Pred 4.7149e-01 (4.6813e-01)	Loss TOTAL 8.1811e-01 (8.1441e-01)
Epoch: [10][180/270]	L_Src_Sup 0.0000e+00 (3.2302e-04)	L_Trg_Inj 2.0749e-03 (1.6642e-03)	Loss Disc 6.9332e-01 (6.9161e-01)	Loss Pred 4.5851e-01 (4.6846e-01)	Loss TOTAL 8.0538e-01 (8.1476e-01)
Epoch: [10][190/270]	L_Src_Sup 0.0000e+00 (3.3180e-04)	L_Trg_Inj 5.8900e-02 (2.1658e-03)	Loss Disc 6.9321e-01 (6.9169e-01)	Loss Pred 4.7139e-01 (4.6873e-01)	Loss TOTAL 8.2389e-01 (8.1513e-01)
Epoch: [10][200/270]	L_Src_Sup 0.0000e+00 (7.2069e-04)	L_Trg_Inj 1.4821e-02 (4.2061e-03)	Loss Disc 6.9277e-01 (6.9177e-01)	Loss Pred 4.8498e-01 (4.6831e-01)	Loss TOTAL 8.3284e-01 (8.1513e-01)
Epoch: [10][210/270]	L_Src_Sup 0.0000e+00 (6.8637e-04)	L_Trg_Inj 6.5819e-04 (4.1602e-03)	Loss Disc 6.9216e-01 (6.9179e-01)	Loss Pred 4.4000e-01 (4.6814e-01)	Loss TOTAL 7.8614e-01 (8.1494e-01)
Epoch: [10][220/270]	L_Src_Sup 0.0000e+00 (6.5517e-04)	L_Trg_Inj 2.6780e-03 (4.1215e-03)	Loss Disc 6.9286e-01 (6.9180e-01)	Loss Pred 4.4609e-01 (4.6827e-01)	Loss TOTAL 7.9279e-01 (8.1505e-01)
Epoch: [10][230/270]	L_Src_Sup 0.0000e+00 (6.2668e-04)	L_Trg_Inj 8.6582e-05 (4.0161e-03)	Loss Disc 6.9281e-01 (6.9185e-01)	Loss Pred 4.3988e-01 (4.6771e-01)	Loss TOTAL 7.8629e-01 (8.1448e-01)
Epoch: [10][240/270]	L_Src_Sup 0.0000e+00 (6.0057e-04)	L_Trg_Inj 9.0340e-04 (3.9140e-03)	Loss Disc 6.9317e-01 (6.9189e-01)	Loss Pred 4.6519e-01 (4.6766e-01)	Loss TOTAL 8.1186e-01 (8.1443e-01)
Epoch: [10][250/270]	L_Src_Sup 0.0000e+00 (5.7655e-04)	L_Trg_Inj 8.9282e-04 (3.8100e-03)	Loss Disc 6.9288e-01 (6.9193e-01)	Loss Pred 4.5255e-01 (4.6764e-01)	Loss TOTAL 7.9908e-01 (8.1440e-01)
Epoch: [10][260/270]	L_Src_Sup 0.0000e+00 (5.5437e-04)	L_Trg_Inj 1.4632e-03 (3.7274e-03)	Loss Disc 6.9318e-01 (6.9198e-01)	Loss Pred 4.3979e-01 (4.6743e-01)	Loss TOTAL 7.8653e-01 (8.1418e-01)
Epoch: [10][270/270]	L_Src_Sup 0.0000e+00 (5.3384e-04)	L_Trg_Inj 2.0606e-04 (3.6949e-03)	Loss Disc 6.9278e-01 (6.9202e-01)	Loss Pred 4.6521e-01 (4.6751e-01)	Loss TOTAL 8.1162e-01 (8.1427e-01)
Epoch: [10][270/270]	L_Src_Sup 0.0000e+00 (5.3384e-04)	L_Trg_Inj 2.0606e-04 (3.6949e-03)	Loss Disc 6.9278e-01 (6.9202e-01)	Loss Pred 4.6521e-01 (4.6751e-01)	Loss TOTAL 8.1162e-01 (8.1427e-01)
Epoch 10 complete. Saving model state...
Epoch: [11][ 10/270]	L_Src_Sup 0.0000e+00 (0.0000e+00)	L_Trg_Inj 1.5902e-03 (2.4991e-03)	Loss Disc 6.9313e-01 (6.9312e-01)	Loss Pred 4.5872e-01 (4.7215e-01)	Loss TOTAL 8.0544e-01 (8.1896e-01)
Epoch: [11][ 20/270]	L_Src_Sup 0.0000e+00 (0.0000e+00)	L_Trg_Inj 0.0000e+00 (2.4486e-03)	Loss Disc 6.9327e-01 (6.9310e-01)	Loss Pred 4.9061e-01 (4.7058e-01)	Loss TOTAL 8.3724e-01 (8.1737e-01)
Epoch: [11][ 30/270]	L_Src_Sup 0.0000e+00 (0.0000e+00)	L_Trg_Inj 4.3937e-04 (1.7660e-03)	Loss Disc 6.9309e-01 (6.9311e-01)	Loss Pred 4.5285e-01 (4.6820e-01)	Loss TOTAL 7.9944e-01 (8.1493e-01)
Epoch: [11][ 40/270]	L_Src_Sup 0.0000e+00 (0.0000e+00)	L_Trg_Inj 0.0000e+00 (1.7238e-03)	Loss Disc 6.9316e-01 (6.9308e-01)	Loss Pred 4.5896e-01 (4.6780e-01)	Loss TOTAL 8.0554e-01 (8.1451e-01)
Epoch: [11][ 50/270]	L_Src_Sup 0.0000e+00 (0.0000e+00)	L_Trg_Inj 1.9526e-03 (1.4998e-03)	Loss Disc 6.9311e-01 (6.9309e-01)	Loss Pred 4.7158e-01 (4.6955e-01)	Loss TOTAL 8.1833e-01 (8.1625e-01)
Epoch: [11][ 60/270]	L_Src_Sup 0.0000e+00 (0.0000e+00)	L_Trg_Inj 5.1738e-03 (1.6929e-03)	Loss Disc 6.9295e-01 (6.9309e-01)	Loss Pred 4.5241e-01 (4.6882e-01)	Loss TOTAL 7.9940e-01 (8.1554e-01)
Epoch: [11][ 70/270]	L_Src_Sup 0.0000e+00 (0.0000e+00)	L_Trg_Inj 1.7680e-03 (1.8850e-03)	Loss Disc 6.9356e-01 (6.9306e-01)	Loss Pred 4.6524e-01 (4.6767e-01)	Loss TOTAL 8.1219e-01 (8.1439e-01)
Epoch: [11][ 80/270]	L_Src_Sup 0.0000e+00 (0.0000e+00)	L_Trg_Inj 0.0000e+00 (1.7280e-03)	Loss Disc 6.9273e-01 (6.9307e-01)	Loss Pred 4.5877e-01 (4.6696e-01)	Loss TOTAL 8.0514e-01 (8.1367e-01)
Epoch: [11][ 90/270]	L_Src_Sup 0.0000e+00 (0.0000e+00)	L_Trg_Inj 2.0427e-03 (1.7154e-03)	Loss Disc 6.9334e-01 (6.9307e-01)	Loss Pred 5.0328e-01 (4.6663e-01)	Loss TOTAL 8.5016e-01 (8.1333e-01)
Epoch: [11][100/270]	L_Src_Sup 0.0000e+00 (1.7229e-04)	L_Trg_Inj 1.4989e-04 (1.6466e-03)	Loss Disc 6.9303e-01 (6.9308e-01)	Loss Pred 4.4622e-01 (4.6724e-01)	Loss TOTAL 7.9275e-01 (8.1413e-01)
Epoch: [11][110/270]	L_Src_Sup 0.0000e+00 (1.5663e-04)	L_Trg_Inj 0.0000e+00 (1.6144e-03)	Loss Disc 6.9313e-01 (6.9307e-01)	Loss Pred 4.3984e-01 (4.6677e-01)	Loss TOTAL 7.8641e-01 (8.1363e-01)
Epoch: [11][120/270]	L_Src_Sup 0.0000e+00 (1.5098e-04)	L_Trg_Inj 1.9378e-03 (1.6090e-03)	Loss Disc 6.9350e-01 (6.9307e-01)	Loss Pred 4.8416e-01 (4.6637e-01)	Loss TOTAL 8.3110e-01 (8.1323e-01)
Epoch: [11][130/270]	L_Src_Sup 0.0000e+00 (2.3066e-04)	L_Trg_Inj 1.6860e-02 (1.7342e-03)	Loss Disc 6.9262e-01 (6.9307e-01)	Loss Pred 4.7010e-01 (4.6671e-01)	Loss TOTAL 8.1810e-01 (8.1365e-01)
Epoch: [11][140/270]	L_Src_Sup 0.0000e+00 (2.1418e-04)	L_Trg_Inj 2.8960e-05 (1.9437e-03)	Loss Disc 6.9305e-01 (6.9305e-01)	Loss Pred 4.7785e-01 (4.6708e-01)	Loss TOTAL 8.2437e-01 (8.1401e-01)
Epoch: [11][150/270]	L_Src_Sup 0.0000e+00 (1.9990e-04)	L_Trg_Inj 9.7880e-03 (2.1168e-03)	Loss Disc 6.9234e-01 (6.9305e-01)	Loss Pred 4.3329e-01 (4.6729e-01)	Loss TOTAL 7.8044e-01 (8.1422e-01)
Epoch: [11][160/270]	L_Src_Sup 0.0000e+00 (1.8741e-04)	L_Trg_Inj 3.3688e-04 (2.0694e-03)	Loss Disc 6.9348e-01 (6.9305e-01)	Loss Pred 4.8426e-01 (4.6692e-01)	Loss TOTAL 8.3103e-01 (8.1383e-01)
Epoch: [11][170/270]	L_Src_Sup 7.6060e-03 (2.2113e-04)	L_Trg_Inj 0.0000e+00 (1.9603e-03)	Loss Disc 6.9307e-01 (6.9305e-01)	Loss Pred 4.7185e-01 (4.6681e-01)	Loss TOTAL 8.2675e-01 (8.1376e-01)
Epoch: [11][180/270]	L_Src_Sup 0.0000e+00 (2.1640e-04)	L_Trg_Inj 2.3298e-03 (2.0250e-03)	Loss Disc 6.9233e-01 (6.9304e-01)	Loss Pred 4.4576e-01 (4.6675e-01)	Loss TOTAL 7.9216e-01 (8.1370e-01)
Epoch: [11][190/270]	L_Src_Sup 0.0000e+00 (2.0501e-04)	L_Trg_Inj 0.0000e+00 (1.9724e-03)	Loss Disc 6.9373e-01 (6.9304e-01)	Loss Pred 4.8424e-01 (4.6687e-01)	Loss TOTAL 8.3110e-01 (8.1380e-01)
Epoch: [11][200/270]	L_Src_Sup 0.0000e+00 (1.9476e-04)	L_Trg_Inj 1.3426e-03 (1.9100e-03)	Loss Disc 6.9328e-01 (6.9304e-01)	Loss Pred 4.4622e-01 (4.6669e-01)	Loss TOTAL 7.9300e-01 (8.1360e-01)
Epoch: [11][210/270]	L_Src_Sup 0.0000e+00 (2.7129e-04)	L_Trg_Inj 7.0565e-04 (1.9170e-03)	Loss Disc 6.9293e-01 (6.9304e-01)	Loss Pred 4.9637e-01 (4.6755e-01)	Loss TOTAL 8.4290e-01 (8.1454e-01)
Epoch: [11][220/270]	L_Src_Sup 0.0000e+00 (2.5896e-04)	L_Trg_Inj 6.9864e-03 (1.8814e-03)	Loss Disc 6.9321e-01 (6.9305e-01)	Loss Pred 5.2849e-01 (4.6784e-01)	Loss TOTAL 8.7579e-01 (8.1482e-01)
Epoch: [11][230/270]	L_Src_Sup 0.0000e+00 (2.4770e-04)	L_Trg_Inj 1.2220e-04 (1.8175e-03)	Loss Disc 6.9301e-01 (6.9305e-01)	Loss Pred 4.9675e-01 (4.6753e-01)	Loss TOTAL 8.4327e-01 (8.1450e-01)
Epoch: [11][240/270]	L_Src_Sup 0.0000e+00 (2.3738e-04)	L_Trg_Inj 2.1145e-04 (1.7444e-03)	Loss Disc 6.9193e-01 (6.9302e-01)	Loss Pred 4.3973e-01 (4.6743e-01)	Loss TOTAL 7.8571e-01 (8.1437e-01)
Epoch: [11][250/270]	L_Src_Sup 0.0000e+00 (2.9544e-04)	L_Trg_Inj 3.0369e-03 (1.7013e-03)	Loss Disc 6.9421e-01 (6.9304e-01)	Loss Pred 4.3343e-01 (4.6714e-01)	Loss TOTAL 7.8084e-01 (8.1414e-01)
Epoch: [11][260/270]	L_Src_Sup 0.0000e+00 (2.8408e-04)	L_Trg_Inj 0.0000e+00 (1.6650e-03)	Loss Disc 6.9322e-01 (6.9304e-01)	Loss Pred 4.9055e-01 (4.6755e-01)	Loss TOTAL 8.3716e-01 (8.1454e-01)
Epoch: [11][270/270]	L_Src_Sup 0.0000e+00 (2.7355e-04)	L_Trg_Inj 3.3184e-03 (1.6560e-03)	Loss Disc 6.9348e-01 (6.9305e-01)	Loss Pred 4.5226e-01 (4.6741e-01)	Loss TOTAL 7.9933e-01 (8.1439e-01)
Epoch: [11][270/270]	L_Src_Sup 0.0000e+00 (2.7355e-04)	L_Trg_Inj 3.3184e-03 (1.6560e-03)	Loss Disc 6.9348e-01 (6.9305e-01)	Loss Pred 4.5226e-01 (4.6741e-01)	Loss TOTAL 7.9933e-01 (8.1439e-01)
Epoch 11 complete. Saving model state...
Epoch: [12][ 10/270]	L_Src_Sup 0.0000e+00 (0.0000e+00)	L_Trg_Inj 0.0000e+00 (8.1335e-04)	Loss Disc 6.9387e-01 (6.9316e-01)	Loss Pred 4.7765e-01 (4.8032e-01)	Loss TOTAL 8.2459e-01 (8.2698e-01)
Epoch: [12][ 20/270]	L_Src_Sup 0.0000e+00 (0.0000e+00)	L_Trg_Inj 0.0000e+00 (1.4380e-03)	Loss Disc 6.9311e-01 (6.9327e-01)	Loss Pred 5.0326e-01 (4.6926e-01)	Loss TOTAL 8.4982e-01 (8.1604e-01)
Epoch: [12][ 30/270]	L_Src_Sup 0.0000e+00 (0.0000e+00)	L_Trg_Inj 1.9625e-03 (1.2485e-03)	Loss Disc 6.9319e-01 (6.9326e-01)	Loss Pred 4.7834e-01 (4.7043e-01)	Loss TOTAL 8.2513e-01 (8.1719e-01)
Epoch: [12][ 40/270]	L_Src_Sup 0.0000e+00 (3.3489e-06)	L_Trg_Inj 8.9669e-04 (1.7640e-03)	Loss Disc 6.9315e-01 (6.9325e-01)	Loss Pred 4.8424e-01 (4.6878e-01)	Loss TOTAL 8.3091e-01 (8.1558e-01)
Epoch: [12][ 50/270]	L_Src_Sup 0.0000e+00 (2.6791e-06)	L_Trg_Inj 1.8310e-03 (2.3936e-03)	Loss Disc 6.9309e-01 (6.9322e-01)	Loss Pred 4.3349e-01 (4.6767e-01)	Loss TOTAL 7.8022e-01 (8.1453e-01)
Epoch: [12][ 60/270]	L_Src_Sup 0.0000e+00 (2.2326e-06)	L_Trg_Inj 1.5354e-02 (2.8478e-03)	Loss Disc 6.9307e-01 (6.9320e-01)	Loss Pred 4.5198e-01 (4.6815e-01)	Loss TOTAL 8.0005e-01 (8.1504e-01)
Epoch: [12][ 70/270]	L_Src_Sup 0.0000e+00 (1.9137e-06)	L_Trg_Inj 1.0822e-05 (2.8120e-03)	Loss Disc 6.9311e-01 (6.9320e-01)	Loss Pred 4.5867e-01 (4.6881e-01)	Loss TOTAL 8.0522e-01 (8.1569e-01)
Epoch: [12][ 80/270]	L_Src_Sup 0.0000e+00 (1.6745e-06)	L_Trg_Inj 1.5194e-02 (3.1968e-03)	Loss Disc 6.9298e-01 (6.9319e-01)	Loss Pred 4.3986e-01 (4.6875e-01)	Loss TOTAL 7.8787e-01 (8.1566e-01)
Epoch: [12][ 90/270]	L_Src_Sup 0.0000e+00 (1.4884e-06)	L_Trg_Inj 3.9687e-03 (3.2296e-03)	Loss Disc 6.9302e-01 (6.9319e-01)	Loss Pred 4.4615e-01 (4.6905e-01)	Loss TOTAL 7.9306e-01 (8.1597e-01)
Epoch: [12][100/270]	L_Src_Sup 0.0000e+00 (1.3396e-06)	L_Trg_Inj 1.5869e-03 (3.0875e-03)	Loss Disc 6.9396e-01 (6.9318e-01)	Loss Pred 5.4138e-01 (4.6879e-01)	Loss TOTAL 8.8852e-01 (8.1569e-01)
Epoch: [12][110/270]	L_Src_Sup 0.0000e+00 (1.2178e-06)	L_Trg_Inj 0.0000e+00 (2.8463e-03)	Loss Disc 6.9297e-01 (6.9317e-01)	Loss Pred 4.7721e-01 (4.6926e-01)	Loss TOTAL 8.2369e-01 (8.1613e-01)
Epoch: [12][120/270]	L_Src_Sup 0.0000e+00 (1.1163e-06)	L_Trg_Inj 1.0702e-02 (2.8051e-03)	Loss Disc 6.9333e-01 (6.9316e-01)	Loss Pred 4.7809e-01 (4.6849e-01)	Loss TOTAL 8.2582e-01 (8.1536e-01)
Epoch: [12][130/270]	L_Src_Sup 0.0000e+00 (1.0304e-06)	L_Trg_Inj 0.0000e+00 (2.5921e-03)	Loss Disc 6.9302e-01 (6.9315e-01)	Loss Pred 4.7137e-01 (4.6848e-01)	Loss TOTAL 8.1788e-01 (8.1532e-01)
Epoch: [12][140/270]	L_Src_Sup 0.0000e+00 (9.5683e-07)	L_Trg_Inj 1.1950e-02 (2.5198e-03)	Loss Disc 6.9289e-01 (6.9315e-01)	Loss Pred 4.4613e-01 (4.6847e-01)	Loss TOTAL 7.9378e-01 (8.1530e-01)
Epoch: [12][150/270]	L_Src_Sup 0.0000e+00 (8.9304e-07)	L_Trg_Inj 0.0000e+00 (2.4437e-03)	Loss Disc 6.9330e-01 (6.9315e-01)	Loss Pred 4.5884e-01 (4.6824e-01)	Loss TOTAL 8.0549e-01 (8.1506e-01)
Epoch: [12][160/270]	L_Src_Sup 9.0333e-03 (5.7295e-05)	L_Trg_Inj 0.0000e+00 (2.3746e-03)	Loss Disc 6.9276e-01 (6.9314e-01)	Loss Pred 4.5230e-01 (4.6809e-01)	Loss TOTAL 8.0862e-01 (8.1496e-01)
Epoch: [12][170/270]	L_Src_Sup 0.0000e+00 (5.4422e-05)	L_Trg_Inj 0.0000e+00 (2.3322e-03)	Loss Disc 6.9315e-01 (6.9314e-01)	Loss Pred 4.7752e-01 (4.6879e-01)	Loss TOTAL 8.2409e-01 (8.1565e-01)
Epoch: [12][180/270]	L_Src_Sup 0.0000e+00 (5.1398e-05)	L_Trg_Inj 5.4802e-04 (2.2209e-03)	Loss Disc 6.9289e-01 (6.9313e-01)	Loss Pred 4.3374e-01 (4.6837e-01)	Loss TOTAL 7.8024e-01 (8.1522e-01)
Epoch: [12][190/270]	L_Src_Sup 0.0000e+00 (4.8693e-05)	L_Trg_Inj 0.0000e+00 (2.1245e-03)	Loss Disc 6.9315e-01 (6.9314e-01)	Loss Pred 4.5877e-01 (4.6884e-01)	Loss TOTAL 8.0534e-01 (8.1567e-01)
Epoch: [12][200/270]	L_Src_Sup 0.0000e+00 (4.6259e-05)	L_Trg_Inj 5.4786e-04 (2.0262e-03)	Loss Disc 6.9315e-01 (6.9314e-01)	Loss Pred 4.5871e-01 (4.6859e-01)	Loss TOTAL 8.0534e-01 (8.1541e-01)
Epoch: [12][210/270]	L_Src_Sup 0.0000e+00 (4.4056e-05)	L_Trg_Inj 0.0000e+00 (1.9376e-03)	Loss Disc 6.9300e-01 (6.9314e-01)	Loss Pred 4.5874e-01 (4.6824e-01)	Loss TOTAL 8.0524e-01 (8.1505e-01)
Epoch: [12][220/270]	L_Src_Sup 0.0000e+00 (4.2053e-05)	L_Trg_Inj 0.0000e+00 (1.9218e-03)	Loss Disc 6.9286e-01 (6.9313e-01)	Loss Pred 4.5868e-01 (4.6816e-01)	Loss TOTAL 8.0512e-01 (8.1496e-01)
Epoch: [12][230/270]	L_Src_Sup 0.0000e+00 (1.3157e-04)	L_Trg_Inj 7.5880e-02 (3.5517e-03)	Loss Disc 6.9256e-01 (6.9313e-01)	Loss Pred 4.4010e-01 (4.6786e-01)	Loss TOTAL 7.9397e-01 (8.1484e-01)
Epoch: [12][240/270]	L_Src_Sup 0.0000e+00 (1.2609e-04)	L_Trg_Inj 3.9544e-03 (3.6032e-03)	Loss Disc 6.9315e-01 (6.9312e-01)	Loss Pred 4.7171e-01 (4.6785e-01)	Loss TOTAL 8.1868e-01 (8.1483e-01)
Epoch: [12][250/270]	L_Src_Sup 0.0000e+00 (1.2105e-04)	L_Trg_Inj 0.0000e+00 (3.6528e-03)	Loss Disc 6.9299e-01 (6.9312e-01)	Loss Pred 4.6527e-01 (4.6787e-01)	Loss TOTAL 8.1176e-01 (8.1485e-01)
Epoch: [12][260/270]	L_Src_Sup 0.0000e+00 (1.1639e-04)	L_Trg_Inj 4.8927e-05 (3.5283e-03)	Loss Disc 6.9321e-01 (6.9311e-01)	Loss Pred 4.7159e-01 (4.6726e-01)	Loss TOTAL 8.1820e-01 (8.1422e-01)
Epoch: [12][270/270]	L_Src_Sup 0.0000e+00 (1.1208e-04)	L_Trg_Inj 0.0000e+00 (3.4479e-03)	Loss Disc 6.9326e-01 (6.9311e-01)	Loss Pred 4.5230e-01 (4.6720e-01)	Loss TOTAL 7.9893e-01 (8.1415e-01)
Epoch: [12][270/270]	L_Src_Sup 0.0000e+00 (1.1208e-04)	L_Trg_Inj 0.0000e+00 (3.4479e-03)	Loss Disc 6.9326e-01 (6.9311e-01)	Loss Pred 4.5230e-01 (4.6720e-01)	Loss TOTAL 7.9893e-01 (8.1415e-01)
Epoch 12 complete. Saving model state...
Epoch: [13][ 10/270]	L_Src_Sup 0.0000e+00 (0.0000e+00)	L_Trg_Inj 0.0000e+00 (7.9862e-04)	Loss Disc 6.9340e-01 (6.9300e-01)	Loss Pred 4.9682e-01 (4.6576e-01)	Loss TOTAL 8.4352e-01 (8.1234e-01)
Epoch: [13][ 20/270]	L_Src_Sup 0.0000e+00 (0.0000e+00)	L_Trg_Inj 0.0000e+00 (1.9710e-03)	Loss Disc 6.9329e-01 (6.9310e-01)	Loss Pred 4.9678e-01 (4.6858e-01)	Loss TOTAL 8.4343e-01 (8.1533e-01)
Epoch: [13][ 30/270]	L_Src_Sup 0.0000e+00 (0.0000e+00)	L_Trg_Inj 0.0000e+00 (1.4065e-03)	Loss Disc 6.9294e-01 (6.9308e-01)	Loss Pred 4.5873e-01 (4.6868e-01)	Loss TOTAL 8.0520e-01 (8.1536e-01)
Epoch: [13][ 40/270]	L_Src_Sup 0.0000e+00 (0.0000e+00)	L_Trg_Inj 0.0000e+00 (1.0555e-03)	Loss Disc 6.9343e-01 (6.9310e-01)	Loss Pred 4.9056e-01 (4.6732e-01)	Loss TOTAL 8.3728e-01 (8.1397e-01)
Epoch: [13][ 50/270]	L_Src_Sup 0.0000e+00 (0.0000e+00)	L_Trg_Inj 0.0000e+00 (1.6858e-03)	Loss Disc 6.9315e-01 (6.9307e-01)	Loss Pred 4.5252e-01 (4.6561e-01)	Loss TOTAL 7.9910e-01 (8.1232e-01)
Epoch: [13][ 60/270]	L_Src_Sup 0.0000e+00 (0.0000e+00)	L_Trg_Inj 0.0000e+00 (1.5175e-03)	Loss Disc 6.9286e-01 (6.9308e-01)	Loss Pred 4.5241e-01 (4.6500e-01)	Loss TOTAL 7.9884e-01 (8.1169e-01)
Epoch: [13][ 70/270]	L_Src_Sup 0.0000e+00 (1.3617e-04)	L_Trg_Inj 2.4178e-04 (1.6338e-03)	Loss Disc 6.9317e-01 (6.9307e-01)	Loss Pred 4.3339e-01 (4.6590e-01)	Loss TOTAL 7.8000e-01 (8.1275e-01)
Epoch: [13][ 80/270]	L_Src_Sup 0.0000e+00 (1.1915e-04)	L_Trg_Inj 4.2539e-04 (1.6550e-03)	Loss Disc 6.9282e-01 (6.9308e-01)	Loss Pred 4.6519e-01 (4.6779e-01)	Loss TOTAL 8.1165e-01 (8.1463e-01)
Epoch: [13][ 90/270]	L_Src_Sup 0.0000e+00 (1.0591e-04)	L_Trg_Inj 0.0000e+00 (1.6707e-03)	Loss Disc 6.9285e-01 (6.9309e-01)	Loss Pred 4.5271e-01 (4.6687e-01)	Loss TOTAL 7.9914e-01 (8.1370e-01)
Epoch: [13][100/270]	L_Src_Sup 0.0000e+00 (9.5321e-05)	L_Trg_Inj 2.6202e-03 (1.7346e-03)	Loss Disc 6.9283e-01 (6.9309e-01)	Loss Pred 4.5892e-01 (4.6689e-01)	Loss TOTAL 8.0560e-01 (8.1371e-01)
Epoch: [13][110/270]	L_Src_Sup 0.0000e+00 (8.6655e-05)	L_Trg_Inj 0.0000e+00 (1.5890e-03)	Loss Disc 6.9349e-01 (6.9310e-01)	Loss Pred 4.9049e-01 (4.6759e-01)	Loss TOTAL 8.3723e-01 (8.1439e-01)
Epoch: [13][120/270]	L_Src_Sup 0.0000e+00 (7.9434e-05)	L_Trg_Inj 5.8784e-03 (1.6521e-03)	Loss Disc 6.9329e-01 (6.9310e-01)	Loss Pred 4.7130e-01 (4.6754e-01)	Loss TOTAL 8.1854e-01 (8.1434e-01)
Epoch: [13][130/270]	L_Src_Sup 0.0000e+00 (7.3324e-05)	L_Trg_Inj 2.1969e-03 (1.6629e-03)	Loss Disc 6.9312e-01 (6.9309e-01)	Loss Pred 4.7769e-01 (4.6765e-01)	Loss TOTAL 8.2447e-01 (8.1444e-01)
Epoch: [13][140/270]	L_Src_Sup 0.0000e+00 (6.8086e-05)	L_Trg_Inj 0.0000e+00 (1.6025e-03)	Loss Disc 6.9333e-01 (6.9310e-01)	Loss Pred 4.7776e-01 (4.6823e-01)	Loss TOTAL 8.2442e-01 (8.1502e-01)
Epoch: [13][150/270]	L_Src_Sup 0.0000e+00 (6.3547e-05)	L_Trg_Inj 0.0000e+00 (1.4970e-03)	Loss Disc 6.9329e-01 (6.9310e-01)	Loss Pred 4.6491e-01 (4.6853e-01)	Loss TOTAL 8.1156e-01 (8.1530e-01)
Epoch: [13][160/270]	L_Src_Sup 0.0000e+00 (1.5947e-04)	L_Trg_Inj 0.0000e+00 (1.4168e-03)	Loss Disc 6.9346e-01 (6.9311e-01)	Loss Pred 4.9039e-01 (4.6828e-01)	Loss TOTAL 8.3712e-01 (8.1515e-01)
Epoch: [13][170/270]	L_Src_Sup 0.0000e+00 (1.5009e-04)	L_Trg_Inj 0.0000e+00 (1.3937e-03)	Loss Disc 6.9316e-01 (6.9311e-01)	Loss Pred 4.7146e-01 (4.6868e-01)	Loss TOTAL 8.1804e-01 (8.1554e-01)
Epoch: [13][180/270]	L_Src_Sup 0.0000e+00 (1.4175e-04)	L_Trg_Inj 2.3192e-03 (1.3683e-03)	Loss Disc 6.9309e-01 (6.9311e-01)	Loss Pred 4.7195e-01 (4.6849e-01)	Loss TOTAL 8.1872e-01 (8.1534e-01)
Epoch: [13][190/270]	L_Src_Sup 0.0000e+00 (1.3429e-04)	L_Trg_Inj 0.0000e+00 (1.3147e-03)	Loss Disc 6.9301e-01 (6.9311e-01)	Loss Pred 4.5872e-01 (4.6824e-01)	Loss TOTAL 8.0522e-01 (8.1508e-01)
Epoch: [13][200/270]	L_Src_Sup 0.0000e+00 (1.2757e-04)	L_Trg_Inj 0.0000e+00 (1.2506e-03)	Loss Disc 6.9243e-01 (6.9310e-01)	Loss Pred 4.4616e-01 (4.6758e-01)	Loss TOTAL 7.9238e-01 (8.1439e-01)
Epoch: [13][210/270]	L_Src_Sup 0.0000e+00 (1.2150e-04)	L_Trg_Inj 0.0000e+00 (1.2062e-03)	Loss Disc 6.9272e-01 (6.9309e-01)	Loss Pred 4.3323e-01 (4.6731e-01)	Loss TOTAL 7.7958e-01 (8.1411e-01)
Epoch: [13][220/270]	L_Src_Sup 0.0000e+00 (1.1598e-04)	L_Trg_Inj 0.0000e+00 (1.1541e-03)	Loss Disc 6.9281e-01 (6.9309e-01)	Loss Pred 4.3354e-01 (4.6718e-01)	Loss TOTAL 7.7994e-01 (8.1397e-01)
Epoch: [13][230/270]	L_Src_Sup 0.0000e+00 (1.1093e-04)	L_Trg_Inj 0.0000e+00 (1.1181e-03)	Loss Disc 6.9299e-01 (6.9310e-01)	Loss Pred 4.4586e-01 (4.6742e-01)	Loss TOTAL 7.9236e-01 (8.1420e-01)
Epoch: [13][240/270]	L_Src_Sup 0.0000e+00 (1.1603e-04)	L_Trg_Inj 1.3774e-03 (1.1246e-03)	Loss Disc 6.9299e-01 (6.9310e-01)	Loss Pred 4.8431e-01 (4.6719e-01)	Loss TOTAL 8.3094e-01 (8.1397e-01)
Epoch: [13][250/270]	L_Src_Sup 0.0000e+00 (1.1139e-04)	L_Trg_Inj 0.0000e+00 (1.0906e-03)	Loss Disc 6.9314e-01 (6.9310e-01)	Loss Pred 4.7129e-01 (4.6698e-01)	Loss TOTAL 8.1786e-01 (8.1375e-01)
Epoch: [13][260/270]	L_Src_Sup 0.0000e+00 (1.0710e-04)	L_Trg_Inj 1.1872e-02 (1.1495e-03)	Loss Disc 6.9285e-01 (6.9310e-01)	Loss Pred 4.5862e-01 (4.6708e-01)	Loss TOTAL 8.0623e-01 (8.1385e-01)
Epoch: [13][270/270]	L_Src_Sup 0.0000e+00 (1.0314e-04)	L_Trg_Inj 5.5976e-03 (1.2681e-03)	Loss Disc 6.9279e-01 (6.9310e-01)	Loss Pred 4.5185e-01 (4.6722e-01)	Loss TOTAL 7.9881e-01 (8.1400e-01)
Epoch: [13][270/270]	L_Src_Sup 0.0000e+00 (1.0314e-04)	L_Trg_Inj 5.5976e-03 (1.2681e-03)	Loss Disc 6.9279e-01 (6.9310e-01)	Loss Pred 4.5185e-01 (4.6722e-01)	Loss TOTAL 7.9881e-01 (8.1400e-01)
Epoch 13 complete. Saving model state...
Epoch: [14][ 10/270]	L_Src_Sup 0.0000e+00 (0.0000e+00)	L_Trg_Inj 5.4258e-04 (5.5716e-05)	Loss Disc 6.9302e-01 (6.9307e-01)	Loss Pred 4.7140e-01 (4.6950e-01)	Loss TOTAL 8.1797e-01 (8.1604e-01)
Epoch: [14][ 20/270]	L_Src_Sup 0.0000e+00 (0.0000e+00)	L_Trg_Inj 7.2464e-04 (2.4454e-04)	Loss Disc 6.9306e-01 (6.9315e-01)	Loss Pred 4.6511e-01 (4.7330e-01)	Loss TOTAL 8.1171e-01 (8.1989e-01)
Epoch: [14][ 30/270]	L_Src_Sup 0.0000e+00 (8.7655e-06)	L_Trg_Inj 5.0618e-04 (1.0011e-03)	Loss Disc 6.9323e-01 (6.9314e-01)	Loss Pred 4.5297e-01 (4.7015e-01)	Loss TOTAL 7.9964e-01 (8.1684e-01)
Epoch: [14][ 40/270]	L_Src_Sup 0.0000e+00 (6.5741e-06)	L_Trg_Inj 0.0000e+00 (1.1674e-03)	Loss Disc 6.9309e-01 (6.9314e-01)	Loss Pred 4.5244e-01 (4.7156e-01)	Loss TOTAL 7.9898e-01 (8.1825e-01)
Epoch: [14][ 50/270]	L_Src_Sup 0.0000e+00 (5.2593e-06)	L_Trg_Inj 0.0000e+00 (9.6810e-04)	Loss Disc 6.9309e-01 (6.9313e-01)	Loss Pred 4.5252e-01 (4.6964e-01)	Loss TOTAL 7.9907e-01 (8.1631e-01)
Epoch: [14][ 60/270]	L_Src_Sup 0.0000e+00 (4.3827e-06)	L_Trg_Inj 0.0000e+00 (1.1537e-03)	Loss Disc 6.9295e-01 (6.9312e-01)	Loss Pred 4.8476e-01 (4.6922e-01)	Loss TOTAL 8.3124e-01 (8.1591e-01)
Epoch: [14][ 70/270]	L_Src_Sup 0.0000e+00 (3.7566e-06)	L_Trg_Inj 0.0000e+00 (1.3411e-03)	Loss Disc 6.9296e-01 (6.9311e-01)	Loss Pred 4.5938e-01 (4.6865e-01)	Loss TOTAL 8.0585e-01 (8.1534e-01)
Epoch: [14][ 80/270]	L_Src_Sup 0.0000e+00 (2.2258e-04)	L_Trg_Inj 0.0000e+00 (1.2311e-03)	Loss Disc 6.9300e-01 (6.9310e-01)	Loss Pred 5.0962e-01 (4.6868e-01)	Loss TOTAL 8.5612e-01 (8.1560e-01)
Epoch: [14][ 90/270]	L_Src_Sup 0.0000e+00 (1.9785e-04)	L_Trg_Inj 0.0000e+00 (1.1207e-03)	Loss Disc 6.9313e-01 (6.9311e-01)	Loss Pred 4.4573e-01 (4.6820e-01)	Loss TOTAL 7.9230e-01 (8.1509e-01)
Epoch: [14][100/270]	L_Src_Sup 0.0000e+00 (1.7807e-04)	L_Trg_Inj 0.0000e+00 (1.0572e-03)	Loss Disc 6.9337e-01 (6.9311e-01)	Loss Pred 4.6518e-01 (4.6841e-01)	Loss TOTAL 8.1186e-01 (8.1527e-01)
Epoch: [14][110/270]	L_Src_Sup 2.1696e-01 (2.1357e-03)	L_Trg_Inj 2.7715e-03 (1.2017e-03)	Loss Disc 6.9279e-01 (6.9310e-01)	Loss Pred 5.2295e-01 (4.6965e-01)	Loss TOTAL 1.1055e+00 (8.1864e-01)
Epoch: [14][120/270]	L_Src_Sup 0.0000e+00 (2.2699e-03)	L_Trg_Inj 0.0000e+00 (1.4313e-03)	Loss Disc 6.9320e-01 (6.9312e-01)	Loss Pred 4.6461e-01 (4.6920e-01)	Loss TOTAL 8.1121e-01 (8.1825e-01)
Epoch: [14][130/270]	L_Src_Sup 0.0000e+00 (2.2339e-03)	L_Trg_Inj 1.5620e-02 (1.5887e-03)	Loss Disc 6.9257e-01 (6.9311e-01)	Loss Pred 4.6473e-01 (4.6949e-01)	Loss TOTAL 8.1258e-01 (8.1853e-01)
Epoch: [14][140/270]	L_Src_Sup 0.0000e+00 (2.0743e-03)	L_Trg_Inj 1.8584e-02 (1.6838e-03)	Loss Disc 6.8981e-01 (6.9285e-01)	Loss Pred 4.4661e-01 (4.6912e-01)	Loss TOTAL 7.9337e-01 (8.1787e-01)
Epoch: [14][150/270]	L_Src_Sup 0.0000e+00 (1.9360e-03)	L_Trg_Inj 1.5864e-03 (2.3395e-03)	Loss Disc 6.8747e-01 (6.9263e-01)	Loss Pred 5.2175e-01 (4.6941e-01)	Loss TOTAL 8.6565e-01 (8.1798e-01)
Epoch: [14][160/270]	L_Src_Sup 0.0000e+00 (1.8150e-03)	L_Trg_Inj 1.0894e-02 (2.5333e-03)	Loss Disc 6.9259e-01 (6.9273e-01)	Loss Pred 4.9010e-01 (4.6908e-01)	Loss TOTAL 8.3748e-01 (8.1759e-01)
Epoch: [14][170/270]	L_Src_Sup 0.0000e+00 (1.7083e-03)	L_Trg_Inj 2.8495e-03 (2.4408e-03)	Loss Disc 6.9390e-01 (6.9280e-01)	Loss Pred 4.7738e-01 (4.6856e-01)	Loss TOTAL 8.2462e-01 (8.1698e-01)
Epoch: [14][180/270]	L_Src_Sup 0.0000e+00 (1.6134e-03)	L_Trg_Inj 1.3312e-03 (2.4073e-03)	Loss Disc 6.9327e-01 (6.9284e-01)	Loss Pred 4.3931e-01 (4.6838e-01)	Loss TOTAL 7.8608e-01 (8.1672e-01)
Epoch: [14][190/270]	L_Src_Sup 0.0000e+00 (1.5284e-03)	L_Trg_Inj 2.5371e-03 (2.3545e-03)	Loss Disc 6.9377e-01 (6.9287e-01)	Loss Pred 4.5208e-01 (4.6846e-01)	Loss TOTAL 7.9922e-01 (8.1672e-01)
Epoch: [14][200/270]	L_Src_Sup 0.0000e+00 (1.5413e-03)	L_Trg_Inj 3.7803e-03 (2.2846e-03)	Loss Disc 6.9325e-01 (6.9289e-01)	Loss Pred 4.7124e-01 (4.6809e-01)	Loss TOTAL 8.1825e-01 (8.1637e-01)
Epoch: [14][210/270]	L_Src_Sup 0.0000e+00 (1.5478e-03)	L_Trg_Inj 2.7961e-03 (2.2682e-03)	Loss Disc 6.9362e-01 (6.9292e-01)	Loss Pred 4.3955e-01 (4.6793e-01)	Loss TOTAL 7.8664e-01 (8.1623e-01)
Epoch: [14][220/270]	L_Src_Sup 0.0000e+00 (1.4774e-03)	L_Trg_Inj 1.1934e-02 (2.2389e-03)	Loss Disc 6.9383e-01 (6.9293e-01)	Loss Pred 4.1384e-01 (4.6790e-01)	Loss TOTAL 7.6195e-01 (8.1613e-01)
Epoch: [14][230/270]	L_Src_Sup 0.0000e+00 (1.4132e-03)	L_Trg_Inj 0.0000e+00 (2.2026e-03)	Loss Disc 6.9313e-01 (6.9295e-01)	Loss Pred 4.9031e-01 (4.6788e-01)	Loss TOTAL 8.3687e-01 (8.1604e-01)
Epoch: [14][240/270]	L_Src_Sup 0.0000e+00 (1.3863e-03)	L_Trg_Inj 2.8846e-03 (2.2381e-03)	Loss Disc 6.9309e-01 (6.9295e-01)	Loss Pred 4.8430e-01 (4.6785e-01)	Loss TOTAL 8.3113e-01 (8.1599e-01)
Epoch: [14][250/270]	L_Src_Sup 0.0000e+00 (1.3308e-03)	L_Trg_Inj 2.1535e-03 (2.3038e-03)	Loss Disc 6.9168e-01 (6.9294e-01)	Loss Pred 4.5878e-01 (4.6766e-01)	Loss TOTAL 8.0483e-01 (8.1575e-01)
Epoch: [14][260/270]	L_Src_Sup 0.0000e+00 (1.2797e-03)	L_Trg_Inj 3.5919e-05 (2.2595e-03)	Loss Disc 6.9349e-01 (6.9291e-01)	Loss Pred 4.6507e-01 (4.6763e-01)	Loss TOTAL 8.1182e-01 (8.1565e-01)
Epoch: [14][270/270]	L_Src_Sup 0.0000e+00 (1.2327e-03)	L_Trg_Inj 2.9711e-03 (2.2261e-03)	Loss Disc 6.9176e-01 (6.9289e-01)	Loss Pred 4.5855e-01 (4.6737e-01)	Loss TOTAL 8.0472e-01 (8.1532e-01)
Epoch: [14][270/270]	L_Src_Sup 0.0000e+00 (1.2327e-03)	L_Trg_Inj 2.9711e-03 (2.2261e-03)	Loss Disc 6.9176e-01 (6.9289e-01)	Loss Pred 4.5855e-01 (4.6737e-01)	Loss TOTAL 8.0472e-01 (8.1532e-01)
Epoch 14 complete. Saving model state...
Epoch: [15][ 10/270]	L_Src_Sup 0.0000e+00 (0.0000e+00)	L_Trg_Inj 5.4327e-03 (2.5876e-03)	Loss Disc 6.9256e-01 (6.9255e-01)	Loss Pred 4.6495e-01 (4.6684e-01)	Loss TOTAL 8.1177e-01 (8.1338e-01)
Epoch: [15][ 20/270]	L_Src_Sup 0.0000e+00 (0.0000e+00)	L_Trg_Inj 4.1142e-04 (1.5455e-03)	Loss Disc 6.9286e-01 (6.9276e-01)	Loss Pred 4.5859e-01 (4.6841e-01)	Loss TOTAL 8.0506e-01 (8.1495e-01)
Epoch: [15][ 30/270]	L_Src_Sup 0.0000e+00 (0.0000e+00)	L_Trg_Inj 0.0000e+00 (1.3386e-03)	Loss Disc 6.9291e-01 (6.9282e-01)	Loss Pred 4.8397e-01 (4.6936e-01)	Loss TOTAL 8.3042e-01 (8.1591e-01)
Epoch: [15][ 40/270]	L_Src_Sup 0.0000e+00 (4.3814e-04)	L_Trg_Inj 0.0000e+00 (1.3604e-03)	Loss Disc 6.9259e-01 (6.9291e-01)	Loss Pred 4.2696e-01 (4.7014e-01)	Loss TOTAL 7.7325e-01 (8.1717e-01)
Epoch: [15][ 50/270]	L_Src_Sup 0.0000e+00 (3.5051e-04)	L_Trg_Inj 2.6354e-03 (1.1788e-03)	Loss Disc 6.9262e-01 (6.9293e-01)	Loss Pred 4.7750e-01 (4.6898e-01)	Loss TOTAL 8.2407e-01 (8.1592e-01)
Epoch: [15][ 60/270]	L_Src_Sup 0.0000e+00 (2.9209e-04)	L_Trg_Inj 0.0000e+00 (1.0618e-03)	Loss Disc 6.9279e-01 (6.9295e-01)	Loss Pred 4.5878e-01 (4.6852e-01)	Loss TOTAL 8.0517e-01 (8.1539e-01)
Epoch: [15][ 70/270]	L_Src_Sup 0.0000e+00 (2.5036e-04)	L_Trg_Inj 1.0075e-03 (1.0474e-03)	Loss Disc 6.9299e-01 (6.9300e-01)	Loss Pred 4.3320e-01 (4.6981e-01)	Loss TOTAL 7.7980e-01 (8.1666e-01)
Epoch: [15][ 80/270]	L_Src_Sup 1.7094e-02 (4.3274e-04)	L_Trg_Inj 2.2398e-03 (9.5417e-04)	Loss Disc 6.9301e-01 (6.9301e-01)	Loss Pred 4.5221e-01 (4.6936e-01)	Loss TOTAL 8.1550e-01 (8.1638e-01)
Epoch: [15][ 90/270]	L_Src_Sup 0.0000e+00 (3.8466e-04)	L_Trg_Inj 0.0000e+00 (9.5009e-04)	Loss Disc 6.9299e-01 (6.9303e-01)	Loss Pred 4.6466e-01 (4.6943e-01)	Loss TOTAL 8.1116e-01 (8.1642e-01)
Epoch: [15][100/270]	L_Src_Sup 0.0000e+00 (3.4619e-04)	L_Trg_Inj 0.0000e+00 (8.7583e-04)	Loss Disc 6.9325e-01 (6.9304e-01)	Loss Pred 4.7141e-01 (4.6905e-01)	Loss TOTAL 8.1804e-01 (8.1600e-01)
Epoch: [15][110/270]	L_Src_Sup 0.0000e+00 (3.1571e-04)	L_Trg_Inj 0.0000e+00 (8.8260e-04)	Loss Disc 6.9283e-01 (6.9304e-01)	Loss Pred 4.4583e-01 (4.6787e-01)	Loss TOTAL 7.9225e-01 (8.1479e-01)
Epoch: [15][120/270]	L_Src_Sup 0.0000e+00 (2.8940e-04)	L_Trg_Inj 0.0000e+00 (8.1719e-04)	Loss Disc 6.9291e-01 (6.9305e-01)	Loss Pred 4.2685e-01 (4.6757e-01)	Loss TOTAL 7.7331e-01 (8.1446e-01)
Epoch: [15][130/270]	L_Src_Sup 0.0000e+00 (2.6714e-04)	L_Trg_Inj 0.0000e+00 (8.7564e-04)	Loss Disc 6.9307e-01 (6.9306e-01)	Loss Pred 4.8404e-01 (4.6752e-01)	Loss TOTAL 8.3057e-01 (8.1440e-01)
Epoch: [15][140/270]	L_Src_Sup 0.0000e+00 (2.4832e-04)	L_Trg_Inj 0.0000e+00 (8.7344e-04)	Loss Disc 6.9299e-01 (6.9306e-01)	Loss Pred 4.3985e-01 (4.6761e-01)	Loss TOTAL 7.8635e-01 (8.1447e-01)
Epoch: [15][150/270]	L_Src_Sup 0.0000e+00 (2.3176e-04)	L_Trg_Inj 1.6768e-03 (9.1976e-04)	Loss Disc 6.9337e-01 (6.9306e-01)	Loss Pred 5.2219e-01 (4.6794e-01)	Loss TOTAL 8.6904e-01 (8.1479e-01)
Epoch: [15][160/270]	L_Src_Sup 0.0000e+00 (2.1728e-04)	L_Trg_Inj 0.0000e+00 (1.0342e-03)	Loss Disc 6.9319e-01 (6.9307e-01)	Loss Pred 4.6535e-01 (4.6763e-01)	Loss TOTAL 8.1194e-01 (8.1448e-01)
Epoch: [15][170/270]	L_Src_Sup 0.0000e+00 (2.0450e-04)	L_Trg_Inj 0.0000e+00 (9.9582e-04)	Loss Disc 6.9267e-01 (6.9306e-01)	Loss Pred 4.3324e-01 (4.6770e-01)	Loss TOTAL 7.7958e-01 (8.1453e-01)
Epoch: [15][180/270]	L_Src_Sup 0.0000e+00 (3.6839e-04)	L_Trg_Inj 3.7960e-06 (1.0239e-03)	Loss Disc 6.9207e-01 (6.9305e-01)	Loss Pred 4.3351e-01 (4.6724e-01)	Loss TOTAL 7.7955e-01 (8.1423e-01)
Epoch: [15][190/270]	L_Src_Sup 0.0000e+00 (3.4900e-04)	L_Trg_Inj 0.0000e+00 (1.0932e-03)	Loss Disc 6.9272e-01 (6.9303e-01)	Loss Pred 4.7139e-01 (4.6732e-01)	Loss TOTAL 8.1775e-01 (8.1430e-01)
Epoch: [15][200/270]	L_Src_Sup 0.0000e+00 (3.3155e-04)	L_Trg_Inj 0.0000e+00 (1.1267e-03)	Loss Disc 6.9279e-01 (6.9303e-01)	Loss Pred 4.5235e-01 (4.6723e-01)	Loss TOTAL 7.9874e-01 (8.1420e-01)
Epoch: [15][210/270]	L_Src_Sup 1.4754e-05 (3.1584e-04)	L_Trg_Inj 0.0000e+00 (1.0813e-03)	Loss Disc 6.9277e-01 (6.9303e-01)	Loss Pred 4.5819e-01 (4.6755e-01)	Loss TOTAL 8.0459e-01 (8.1449e-01)
Epoch: [15][220/270]	L_Src_Sup 0.0000e+00 (3.0148e-04)	L_Trg_Inj 5.5708e-04 (1.0439e-03)	Loss Disc 6.9328e-01 (6.9303e-01)	Loss Pred 4.7150e-01 (4.6743e-01)	Loss TOTAL 8.1819e-01 (8.1435e-01)
Epoch: [15][230/270]	L_Src_Sup 0.0000e+00 (2.8837e-04)	L_Trg_Inj 2.4895e-03 (1.0294e-03)	Loss Disc 6.9286e-01 (6.9303e-01)	Loss Pred 4.7114e-01 (4.6741e-01)	Loss TOTAL 8.1782e-01 (8.1432e-01)
Epoch: [15][240/270]	L_Src_Sup 0.0000e+00 (2.7636e-04)	L_Trg_Inj 2.8453e-03 (1.0928e-03)	Loss Disc 6.9252e-01 (6.9303e-01)	Loss Pred 4.3302e-01 (4.6720e-01)	Loss TOTAL 7.7956e-01 (8.1410e-01)
Epoch: [15][250/270]	L_Src_Sup 0.0000e+00 (2.6530e-04)	L_Trg_Inj 0.0000e+00 (1.0720e-03)	Loss Disc 6.9302e-01 (6.9304e-01)	Loss Pred 4.5230e-01 (4.6698e-01)	Loss TOTAL 7.9881e-01 (8.1388e-01)
Epoch: [15][260/270]	L_Src_Sup 0.0000e+00 (2.5510e-04)	L_Trg_Inj 0.0000e+00 (1.1177e-03)	Loss Disc 6.9294e-01 (6.9304e-01)	Loss Pred 4.3952e-01 (4.6691e-01)	Loss TOTAL 7.8599e-01 (8.1379e-01)
Epoch: [15][270/270]	L_Src_Sup 0.0000e+00 (2.4565e-04)	L_Trg_Inj 4.4054e-05 (1.1726e-03)	Loss Disc 6.9344e-01 (6.9304e-01)	Loss Pred 4.7754e-01 (4.6719e-01)	Loss TOTAL 8.2426e-01 (8.1407e-01)
Epoch: [15][270/270]	L_Src_Sup 0.0000e+00 (2.4565e-04)	L_Trg_Inj 4.4054e-05 (1.1726e-03)	Loss Disc 6.9344e-01 (6.9304e-01)	Loss Pred 4.7754e-01 (4.6719e-01)	Loss TOTAL 8.2426e-01 (8.1407e-01)
Epoch 15 complete. Saving model state...
Epoch: [16][ 10/270]	L_Src_Sup 0.0000e+00 (0.0000e+00)	L_Trg_Inj 0.0000e+00 (1.2056e-03)	Loss Disc 6.9311e-01 (6.9319e-01)	Loss Pred 4.6477e-01 (4.7129e-01)	Loss TOTAL 8.1132e-01 (8.1800e-01)
Epoch: [16][ 20/270]	L_Src_Sup 0.0000e+00 (0.0000e+00)	L_Trg_Inj 0.0000e+00 (1.4628e-03)	Loss Disc 6.9294e-01 (6.9312e-01)	Loss Pred 4.5921e-01 (4.6467e-01)	Loss TOTAL 8.0568e-01 (8.1137e-01)
Epoch: [16][ 30/270]	L_Src_Sup 0.0000e+00 (0.0000e+00)	L_Trg_Inj 0.0000e+00 (1.0200e-03)	Loss Disc 6.9319e-01 (6.9314e-01)	Loss Pred 4.7759e-01 (4.6813e-01)	Loss TOTAL 8.2418e-01 (8.1480e-01)
Epoch: [16][ 40/270]	L_Src_Sup 0.0000e+00 (0.0000e+00)	L_Trg_Inj 0.0000e+00 (9.8818e-04)	Loss Disc 6.9315e-01 (6.9313e-01)	Loss Pred 4.5172e-01 (4.6685e-01)	Loss TOTAL 7.9829e-01 (8.1351e-01)
Epoch: [16][ 50/270]	L_Src_Sup 0.0000e+00 (0.0000e+00)	L_Trg_Inj 0.0000e+00 (8.9633e-04)	Loss Disc 6.9310e-01 (6.9314e-01)	Loss Pred 4.5854e-01 (4.6725e-01)	Loss TOTAL 8.0509e-01 (8.1390e-01)
Epoch: [16][ 60/270]	L_Src_Sup 0.0000e+00 (0.0000e+00)	L_Trg_Inj 1.4382e-02 (9.9436e-04)	Loss Disc 6.9316e-01 (6.9313e-01)	Loss Pred 4.3951e-01 (4.6676e-01)	Loss TOTAL 7.8752e-01 (8.1342e-01)
Epoch: [16][ 70/270]	L_Src_Sup 0.0000e+00 (0.0000e+00)	L_Trg_Inj 0.0000e+00 (8.5576e-04)	Loss Disc 6.9300e-01 (6.9313e-01)	Loss Pred 4.3948e-01 (4.6732e-01)	Loss TOTAL 7.8598e-01 (8.1397e-01)
Epoch: [16][ 80/270]	L_Src_Sup 0.0000e+00 (2.2207e-04)	L_Trg_Inj 2.8960e-03 (1.3321e-03)	Loss Disc 6.9293e-01 (6.9313e-01)	Loss Pred 4.7128e-01 (4.6808e-01)	Loss TOTAL 8.1804e-01 (8.1480e-01)
Epoch: [16][ 90/270]	L_Src_Sup 0.0000e+00 (1.9739e-04)	L_Trg_Inj 4.0795e-03 (1.3606e-03)	Loss Disc 6.9290e-01 (6.9313e-01)	Loss Pred 4.5229e-01 (4.6794e-01)	Loss TOTAL 7.9915e-01 (8.1467e-01)
Epoch: [16][100/270]	L_Src_Sup 0.0000e+00 (1.7765e-04)	L_Trg_Inj 7.2404e-04 (1.3101e-03)	Loss Disc 6.9324e-01 (6.9312e-01)	Loss Pred 4.5236e-01 (4.6708e-01)	Loss TOTAL 7.9905e-01 (8.1379e-01)
Epoch: [16][110/270]	L_Src_Sup 0.0000e+00 (1.6150e-04)	L_Trg_Inj 0.0000e+00 (1.2386e-03)	Loss Disc 6.9340e-01 (6.9312e-01)	Loss Pred 4.6506e-01 (4.6596e-01)	Loss TOTAL 8.1177e-01 (8.1267e-01)
Epoch: [16][120/270]	L_Src_Sup 0.0000e+00 (1.4804e-04)	L_Trg_Inj 0.0000e+00 (1.4500e-03)	Loss Disc 6.9327e-01 (6.9311e-01)	Loss Pred 4.7751e-01 (4.6604e-01)	Loss TOTAL 8.2415e-01 (8.1276e-01)
Epoch: [16][130/270]	L_Src_Sup 0.0000e+00 (1.3666e-04)	L_Trg_Inj 1.4447e-02 (1.4507e-03)	Loss Disc 6.9393e-01 (6.9310e-01)	Loss Pred 4.8986e-01 (4.6557e-01)	Loss TOTAL 8.3826e-01 (8.1228e-01)
Epoch: [16][140/270]	L_Src_Sup 0.0000e+00 (2.5112e-04)	L_Trg_Inj 1.0377e-03 (1.3684e-03)	Loss Disc 6.9310e-01 (6.9310e-01)	Loss Pred 4.6479e-01 (4.6615e-01)	Loss TOTAL 8.1145e-01 (8.1299e-01)
Epoch: [16][150/270]	L_Src_Sup 0.0000e+00 (2.3438e-04)	L_Trg_Inj 0.0000e+00 (1.3371e-03)	Loss Disc 6.9278e-01 (6.9310e-01)	Loss Pred 4.3949e-01 (4.6687e-01)	Loss TOTAL 7.8588e-01 (8.1370e-01)
Epoch: [16][160/270]	L_Src_Sup 0.0000e+00 (2.1973e-04)	L_Trg_Inj 1.6822e-03 (1.3644e-03)	Loss Disc 6.9288e-01 (6.9310e-01)	Loss Pred 4.3954e-01 (4.6719e-01)	Loss TOTAL 7.8615e-01 (8.1401e-01)
Epoch: [16][170/270]	L_Src_Sup 0.0000e+00 (2.0680e-04)	L_Trg_Inj 0.0000e+00 (1.3088e-03)	Loss Disc 6.9328e-01 (6.9310e-01)	Loss Pred 4.9673e-01 (4.6754e-01)	Loss TOTAL 8.4337e-01 (8.1435e-01)
Epoch: [16][180/270]	L_Src_Sup 0.0000e+00 (1.9531e-04)	L_Trg_Inj 0.0000e+00 (1.2965e-03)	Loss Disc 6.9286e-01 (6.9310e-01)	Loss Pred 4.7777e-01 (4.6729e-01)	Loss TOTAL 8.2420e-01 (8.1409e-01)
Epoch: [16][190/270]	L_Src_Sup 0.0000e+00 (1.8503e-04)	L_Trg_Inj 0.0000e+00 (1.2518e-03)	Loss Disc 6.9329e-01 (6.9309e-01)	Loss Pred 4.6493e-01 (4.6677e-01)	Loss TOTAL 8.1157e-01 (8.1355e-01)
Epoch: [16][200/270]	L_Src_Sup 0.0000e+00 (2.7969e-04)	L_Trg_Inj 0.0000e+00 (1.1892e-03)	Loss Disc 6.9268e-01 (6.9309e-01)	Loss Pred 4.5934e-01 (4.6675e-01)	Loss TOTAL 8.0568e-01 (8.1363e-01)
Epoch: [16][210/270]	L_Src_Sup 0.0000e+00 (2.6637e-04)	L_Trg_Inj 3.0292e-03 (1.2804e-03)	Loss Disc 6.9281e-01 (6.9302e-01)	Loss Pred 4.6498e-01 (4.6683e-01)	Loss TOTAL 8.1169e-01 (8.1368e-01)
Epoch: [16][220/270]	L_Src_Sup 0.0000e+00 (3.2347e-04)	L_Trg_Inj 2.8909e-03 (1.2434e-03)	Loss Disc 6.9272e-01 (6.9302e-01)	Loss Pred 4.5829e-01 (4.6678e-01)	Loss TOTAL 8.0494e-01 (8.1369e-01)
Epoch: [16][230/270]	L_Src_Sup 0.0000e+00 (3.0940e-04)	L_Trg_Inj 1.7834e-05 (1.2097e-03)	Loss Disc 6.9387e-01 (6.9300e-01)	Loss Pred 4.8391e-01 (4.6692e-01)	Loss TOTAL 8.3084e-01 (8.1381e-01)
Epoch: [16][240/270]	L_Src_Sup 0.0000e+00 (2.9651e-04)	L_Trg_Inj 0.0000e+00 (1.1643e-03)	Loss Disc 6.9335e-01 (6.9301e-01)	Loss Pred 5.0361e-01 (4.6695e-01)	Loss TOTAL 8.5028e-01 (8.1382e-01)
Epoch: [16][250/270]	L_Src_Sup 0.0000e+00 (2.8465e-04)	L_Trg_Inj 0.0000e+00 (1.1353e-03)	Loss Disc 6.9274e-01 (6.9301e-01)	Loss Pred 4.5858e-01 (4.6715e-01)	Loss TOTAL 8.0495e-01 (8.1401e-01)
Epoch: [16][260/270]	L_Src_Sup 0.0000e+00 (2.7370e-04)	L_Trg_Inj 0.0000e+00 (1.1296e-03)	Loss Disc 6.9287e-01 (6.9301e-01)	Loss Pred 4.5912e-01 (4.6711e-01)	Loss TOTAL 8.0556e-01 (8.1397e-01)
Epoch: [16][270/270]	L_Src_Sup 0.0000e+00 (5.3191e-04)	L_Trg_Inj 8.2498e-02 (2.7090e-03)	Loss Disc 6.9299e-01 (6.9301e-01)	Loss Pred 4.6506e-01 (4.6718e-01)	Loss TOTAL 8.1980e-01 (8.1423e-01)
Epoch: [16][270/270]	L_Src_Sup 0.0000e+00 (5.3191e-04)	L_Trg_Inj 8.2498e-02 (2.7090e-03)	Loss Disc 6.9299e-01 (6.9301e-01)	Loss Pred 4.6506e-01 (4.6718e-01)	Loss TOTAL 8.1980e-01 (8.1423e-01)
Epoch 16 complete. Saving model state...
Epoch: [17][ 10/270]	L_Src_Sup 0.0000e+00 (0.0000e+00)	L_Trg_Inj 9.8376e-03 (1.0432e-02)	Loss Disc 6.9336e-01 (6.9273e-01)	Loss Pred 4.7795e-01 (4.5929e-01)	Loss TOTAL 8.2561e-01 (8.0670e-01)
Epoch: [17][ 20/270]	L_Src_Sup 0.0000e+00 (0.0000e+00)	L_Trg_Inj 0.0000e+00 (5.3646e-03)	Loss Disc 6.9291e-01 (6.9274e-01)	Loss Pred 4.7745e-01 (4.6148e-01)	Loss TOTAL 8.2390e-01 (8.0839e-01)
Epoch: [17][ 30/270]	L_Src_Sup 0.0000e+00 (0.0000e+00)	L_Trg_Inj 8.2496e-04 (4.0404e-03)	Loss Disc 6.9289e-01 (6.9285e-01)	Loss Pred 4.7771e-01 (4.6391e-01)	Loss TOTAL 8.2423e-01 (8.1073e-01)
Epoch: [17][ 40/270]	L_Src_Sup 0.0000e+00 (0.0000e+00)	L_Trg_Inj 0.0000e+00 (3.0901e-03)	Loss Disc 6.9357e-01 (6.9292e-01)	Loss Pred 5.0350e-01 (4.6545e-01)	Loss TOTAL 8.5029e-01 (8.1222e-01)
Epoch: [17][ 50/270]	L_Src_Sup 0.0000e+00 (0.0000e+00)	L_Trg_Inj 0.0000e+00 (2.7652e-03)	Loss Disc 6.9316e-01 (6.9297e-01)	Loss Pred 4.8394e-01 (4.6713e-01)	Loss TOTAL 8.3052e-01 (8.1389e-01)
Epoch: [17][ 60/270]	L_Src_Sup 0.0000e+00 (2.8010e-04)	L_Trg_Inj 0.0000e+00 (2.4213e-03)	Loss Disc 6.9302e-01 (6.9300e-01)	Loss Pred 4.3306e-01 (4.6719e-01)	Loss TOTAL 7.7957e-01 (8.1424e-01)
Epoch: [17][ 70/270]	L_Src_Sup 0.0000e+00 (2.4009e-04)	L_Trg_Inj 0.0000e+00 (2.1948e-03)	Loss Disc 6.9190e-01 (6.9297e-01)	Loss Pred 4.3345e-01 (4.6684e-01)	Loss TOTAL 7.7940e-01 (8.1380e-01)
Epoch: [17][ 80/270]	L_Src_Sup 0.0000e+00 (2.1007e-04)	L_Trg_Inj 0.0000e+00 (1.9800e-03)	Loss Disc 6.9302e-01 (6.9297e-01)	Loss Pred 4.7742e-01 (4.6819e-01)	Loss TOTAL 8.2393e-01 (8.1510e-01)
Epoch: [17][ 90/270]	L_Src_Sup 0.0000e+00 (1.8673e-04)	L_Trg_Inj 7.7310e-04 (1.9680e-03)	Loss Disc 6.9303e-01 (6.9298e-01)	Loss Pred 4.7138e-01 (4.6839e-01)	Loss TOTAL 8.1797e-01 (8.1529e-01)
Epoch: [17][100/270]	L_Src_Sup 0.0000e+00 (1.6806e-04)	L_Trg_Inj 3.9057e-04 (1.8704e-03)	Loss Disc 6.9305e-01 (6.9299e-01)	Loss Pred 4.5240e-01 (4.6761e-01)	Loss TOTAL 7.9896e-01 (8.1447e-01)
Epoch: [17][110/270]	L_Src_Sup 0.0000e+00 (1.5278e-04)	L_Trg_Inj 0.0000e+00 (1.7057e-03)	Loss Disc 6.9296e-01 (6.9300e-01)	Loss Pred 4.5178e-01 (4.6783e-01)	Loss TOTAL 7.9826e-01 (8.1467e-01)
Epoch: [17][120/270]	L_Src_Sup 0.0000e+00 (1.4005e-04)	L_Trg_Inj 1.2167e-03 (1.8743e-03)	Loss Disc 6.9282e-01 (6.9302e-01)	Loss Pred 4.4588e-01 (4.6848e-01)	Loss TOTAL 7.9241e-01 (8.1533e-01)
Epoch: [17][130/270]	L_Src_Sup 0.0000e+00 (1.2928e-04)	L_Trg_Inj 1.6322e-03 (1.9889e-03)	Loss Disc 6.9271e-01 (6.9302e-01)	Loss Pred 4.4587e-01 (4.6797e-01)	Loss TOTAL 7.9239e-01 (8.1482e-01)
Epoch: [17][140/270]	L_Src_Sup 0.0000e+00 (1.2004e-04)	L_Trg_Inj 3.1638e-04 (1.8659e-03)	Loss Disc 6.9312e-01 (6.9303e-01)	Loss Pred 4.7185e-01 (4.6776e-01)	Loss TOTAL 8.1844e-01 (8.1459e-01)
Epoch: [17][150/270]	L_Src_Sup 0.0000e+00 (1.1204e-04)	L_Trg_Inj 2.2054e-06 (1.7549e-03)	Loss Disc 6.9316e-01 (6.9304e-01)	Loss Pred 4.7745e-01 (4.6824e-01)	Loss TOTAL 8.2403e-01 (8.1506e-01)
Epoch: [17][160/270]	L_Src_Sup 0.0000e+00 (1.0504e-04)	L_Trg_Inj 1.1056e-03 (1.6725e-03)	Loss Disc 6.9310e-01 (6.9304e-01)	Loss Pred 4.5852e-01 (4.6800e-01)	Loss TOTAL 8.0518e-01 (8.1480e-01)
Epoch: [17][170/270]	L_Src_Sup 0.0000e+00 (9.8859e-05)	L_Trg_Inj 1.8455e-04 (1.6303e-03)	Loss Disc 6.9330e-01 (6.9305e-01)	Loss Pred 4.8395e-01 (4.6793e-01)	Loss TOTAL 8.3062e-01 (8.1473e-01)
Epoch: [17][180/270]	L_Src_Sup 0.0000e+00 (9.3822e-05)	L_Trg_Inj 1.1012e-03 (1.5850e-03)	Loss Disc 6.9365e-01 (6.9305e-01)	Loss Pred 5.0303e-01 (4.6717e-01)	Loss TOTAL 8.4997e-01 (8.1395e-01)
Epoch: [17][190/270]	L_Src_Sup 0.0000e+00 (8.8884e-05)	L_Trg_Inj 0.0000e+00 (1.5359e-03)	Loss Disc 6.9404e-01 (6.9305e-01)	Loss Pred 4.9666e-01 (4.6692e-01)	Loss TOTAL 8.4368e-01 (8.1370e-01)
Epoch: [17][200/270]	L_Src_Sup 0.0000e+00 (8.4440e-05)	L_Trg_Inj 0.0000e+00 (1.4696e-03)	Loss Disc 6.9286e-01 (6.9306e-01)	Loss Pred 4.3952e-01 (4.6678e-01)	Loss TOTAL 7.8595e-01 (8.1355e-01)
Epoch: [17][210/270]	L_Src_Sup 0.0000e+00 (8.0419e-05)	L_Trg_Inj 0.0000e+00 (1.4189e-03)	Loss Disc 6.9279e-01 (6.9306e-01)	Loss Pred 4.4602e-01 (4.6682e-01)	Loss TOTAL 7.9241e-01 (8.1358e-01)
Epoch: [17][220/270]	L_Src_Sup 0.0000e+00 (7.6764e-05)	L_Trg_Inj 0.0000e+00 (1.4220e-03)	Loss Disc 6.9344e-01 (6.9306e-01)	Loss Pred 4.8460e-01 (4.6662e-01)	Loss TOTAL 8.3132e-01 (8.1338e-01)
Epoch: [17][230/270]	L_Src_Sup 0.0000e+00 (7.3426e-05)	L_Trg_Inj 0.0000e+00 (1.3666e-03)	Loss Disc 6.9299e-01 (6.9307e-01)	Loss Pred 4.5851e-01 (4.6712e-01)	Loss TOTAL 8.0501e-01 (8.1387e-01)
Epoch: [17][240/270]	L_Src_Sup 0.0000e+00 (7.0367e-05)	L_Trg_Inj 5.2488e-04 (1.3242e-03)	Loss Disc 6.9277e-01 (6.9306e-01)	Loss Pred 4.5292e-01 (4.6669e-01)	Loss TOTAL 7.9936e-01 (8.1343e-01)
Epoch: [17][250/270]	L_Src_Sup 0.0000e+00 (6.7552e-05)	L_Trg_Inj 0.0000e+00 (1.2945e-03)	Loss Disc 6.9275e-01 (6.9307e-01)	Loss Pred 4.2051e-01 (4.6672e-01)	Loss TOTAL 7.6688e-01 (8.1346e-01)
Epoch: [17][260/270]	L_Src_Sup 0.0000e+00 (6.4954e-05)	L_Trg_Inj 0.0000e+00 (1.2597e-03)	Loss Disc 6.9329e-01 (6.9307e-01)	Loss Pred 4.9654e-01 (4.6704e-01)	Loss TOTAL 8.4318e-01 (8.1378e-01)
Epoch: [17][270/270]	L_Src_Sup 0.0000e+00 (1.2536e-04)	L_Trg_Inj 8.4293e-05 (1.3241e-03)	Loss Disc 6.9335e-01 (6.9307e-01)	Loss Pred 4.9646e-01 (4.6718e-01)	Loss TOTAL 8.4315e-01 (8.1398e-01)
Epoch: [17][270/270]	L_Src_Sup 0.0000e+00 (1.2536e-04)	L_Trg_Inj 8.4293e-05 (1.3241e-03)	Loss Disc 6.9335e-01 (6.9307e-01)	Loss Pred 4.9646e-01 (4.6718e-01)	Loss TOTAL 8.4315e-01 (8.1398e-01)
Epoch 17 complete. Saving model state...
Epoch: [18][ 10/270]	L_Src_Sup 0.0000e+00 (5.4147e-04)	L_Trg_Inj 1.2207e-03 (8.2448e-03)	Loss Disc 6.9353e-01 (6.9304e-01)	Loss Pred 4.7125e-01 (4.7480e-01)	Loss TOTAL 8.1814e-01 (8.2219e-01)
Epoch: [18][ 20/270]	L_Src_Sup 0.0000e+00 (2.7073e-04)	L_Trg_Inj 1.3672e-02 (5.9581e-03)	Loss Disc 6.9312e-01 (6.9307e-01)	Loss Pred 4.6506e-01 (4.7085e-01)	Loss TOTAL 8.1298e-01 (8.1801e-01)
Epoch: [18][ 30/270]	L_Src_Sup 0.0000e+00 (1.8049e-04)	L_Trg_Inj 0.0000e+00 (4.7085e-03)	Loss Disc 6.9343e-01 (6.9311e-01)	Loss Pred 5.0301e-01 (4.7163e-01)	Loss TOTAL 8.4972e-01 (8.1867e-01)
Epoch: [18][ 40/270]	L_Src_Sup 0.0000e+00 (1.3537e-04)	L_Trg_Inj 0.0000e+00 (3.9573e-03)	Loss Disc 6.9268e-01 (6.9310e-01)	Loss Pred 4.1413e-01 (4.7027e-01)	Loss TOTAL 7.6047e-01 (8.1722e-01)
Epoch: [18][ 50/270]	L_Src_Sup 0.0000e+00 (1.0829e-04)	L_Trg_Inj 0.0000e+00 (3.2500e-03)	Loss Disc 6.9285e-01 (6.9309e-01)	Loss Pred 4.5222e-01 (4.6921e-01)	Loss TOTAL 7.9865e-01 (8.1609e-01)
Epoch: [18][ 60/270]	L_Src_Sup 0.0000e+00 (6.6681e-04)	L_Trg_Inj 2.9879e-03 (3.1592e-03)	Loss Disc 6.9304e-01 (6.9310e-01)	Loss Pred 4.3957e-01 (4.6934e-01)	Loss TOTAL 7.8639e-01 (8.1683e-01)
Epoch: [18][ 70/270]	L_Src_Sup 0.0000e+00 (9.2705e-04)	L_Trg_Inj 5.7721e-04 (2.7737e-03)	Loss Disc 6.9135e-01 (6.9306e-01)	Loss Pred 4.6672e-01 (4.6904e-01)	Loss TOTAL 8.1246e-01 (8.1677e-01)
Epoch: [18][ 80/270]	L_Src_Sup 0.0000e+00 (8.1117e-04)	L_Trg_Inj 3.1238e-03 (2.8253e-03)	Loss Disc 6.8863e-01 (6.9252e-01)	Loss Pred 4.6525e-01 (4.6761e-01)	Loss TOTAL 8.0988e-01 (8.1496e-01)
Epoch: [18][ 90/270]	L_Src_Sup 0.0000e+00 (7.2104e-04)	L_Trg_Inj 8.7625e-04 (2.6572e-03)	Loss Disc 6.9076e-01 (6.9225e-01)	Loss Pred 4.5875e-01 (4.6762e-01)	Loss TOTAL 8.0422e-01 (8.1473e-01)
Epoch: [18][100/270]	L_Src_Sup 0.0000e+00 (6.6697e-04)	L_Trg_Inj 5.9754e-03 (3.8032e-03)	Loss Disc 6.9312e-01 (6.9226e-01)	Loss Pred 4.7135e-01 (4.6788e-01)	Loss TOTAL 8.1851e-01 (8.1505e-01)
Epoch: [18][110/270]	L_Src_Sup 0.0000e+00 (6.5805e-04)	L_Trg_Inj 0.0000e+00 (3.7321e-03)	Loss Disc 6.9335e-01 (6.9238e-01)	Loss Pred 4.5219e-01 (4.6727e-01)	Loss TOTAL 7.9887e-01 (8.1449e-01)
Epoch: [18][120/270]	L_Src_Sup 0.0000e+00 (6.0321e-04)	L_Trg_Inj 3.8847e-03 (3.6927e-03)	Loss Disc 6.9334e-01 (6.9246e-01)	Loss Pred 4.7769e-01 (4.6660e-01)	Loss TOTAL 8.2475e-01 (8.1380e-01)
Epoch: [18][130/270]	L_Src_Sup 0.0000e+00 (6.8157e-04)	L_Trg_Inj 0.0000e+00 (3.4086e-03)	Loss Disc 6.9328e-01 (6.9252e-01)	Loss Pred 4.7107e-01 (4.6778e-01)	Loss TOTAL 8.1771e-01 (8.1508e-01)
Epoch: [18][140/270]	L_Src_Sup 0.0000e+00 (6.3289e-04)	L_Trg_Inj 0.0000e+00 (3.1652e-03)	Loss Disc 6.9328e-01 (6.9257e-01)	Loss Pred 4.9022e-01 (4.6826e-01)	Loss TOTAL 8.3686e-01 (8.1551e-01)
Epoch: [18][150/270]	L_Src_Sup 0.0000e+00 (5.9070e-04)	L_Trg_Inj 0.0000e+00 (2.9541e-03)	Loss Disc 6.9320e-01 (6.9262e-01)	Loss Pred 4.2663e-01 (4.6727e-01)	Loss TOTAL 7.7323e-01 (8.1448e-01)
Epoch: [18][160/270]	L_Src_Sup 0.0000e+00 (5.5378e-04)	L_Trg_Inj 0.0000e+00 (2.7695e-03)	Loss Disc 6.9306e-01 (6.9265e-01)	Loss Pred 5.0931e-01 (4.6793e-01)	Loss TOTAL 8.5584e-01 (8.1509e-01)
Epoch: [18][170/270]	L_Src_Sup 0.0000e+00 (7.9580e-04)	L_Trg_Inj 3.0722e-01 (6.6729e-03)	Loss Disc 6.9411e-01 (6.9268e-01)	Loss Pred 4.3353e-01 (4.6708e-01)	Loss TOTAL 8.1131e-01 (8.1488e-01)
Epoch: [18][180/270]	L_Src_Sup 0.0000e+00 (7.5159e-04)	L_Trg_Inj 0.0000e+00 (1.3959e-02)	Loss Disc 6.9273e-01 (6.9271e-01)	Loss Pred 4.7129e-01 (4.6680e-01)	Loss TOTAL 8.1766e-01 (8.1529e-01)
Epoch: [18][190/270]	L_Src_Sup 0.0000e+00 (7.1203e-04)	L_Trg_Inj 0.0000e+00 (1.3280e-02)	Loss Disc 6.9271e-01 (6.9270e-01)	Loss Pred 4.7771e-01 (4.6674e-01)	Loss TOTAL 8.2407e-01 (8.1512e-01)
Epoch: [18][200/270]	L_Src_Sup 0.0000e+00 (6.7643e-04)	L_Trg_Inj 0.0000e+00 (1.2696e-02)	Loss Disc 6.9318e-01 (6.9272e-01)	Loss Pred 4.4596e-01 (4.6684e-01)	Loss TOTAL 7.9254e-01 (8.1514e-01)
Epoch: [18][210/270]	L_Src_Sup 0.0000e+00 (6.4422e-04)	L_Trg_Inj 0.0000e+00 (1.2101e-02)	Loss Disc 6.9314e-01 (6.9274e-01)	Loss Pred 4.7767e-01 (4.6678e-01)	Loss TOTAL 8.2424e-01 (8.1500e-01)
Epoch: [18][220/270]	L_Src_Sup 0.0000e+00 (6.1493e-04)	L_Trg_Inj 2.0002e-03 (1.1583e-02)	Loss Disc 6.9304e-01 (6.9276e-01)	Loss Pred 4.5224e-01 (4.6698e-01)	Loss TOTAL 7.9897e-01 (8.1513e-01)
Epoch: [18][230/270]	L_Src_Sup 0.0000e+00 (5.8820e-04)	L_Trg_Inj 0.0000e+00 (1.1145e-02)	Loss Disc 6.9307e-01 (6.9277e-01)	Loss Pred 4.8413e-01 (4.6667e-01)	Loss TOTAL 8.3066e-01 (8.1476e-01)
Epoch: [18][240/270]	L_Src_Sup 0.0000e+00 (5.6369e-04)	L_Trg_Inj 9.2810e-04 (1.0714e-02)	Loss Disc 6.9301e-01 (6.9279e-01)	Loss Pred 4.3936e-01 (4.6708e-01)	Loss TOTAL 7.8595e-01 (8.1510e-01)
Epoch: [18][250/270]	L_Src_Sup 0.0000e+00 (5.4114e-04)	L_Trg_Inj 0.0000e+00 (1.0298e-02)	Loss Disc 6.9328e-01 (6.9280e-01)	Loss Pred 4.5229e-01 (4.6714e-01)	Loss TOTAL 7.9893e-01 (8.1511e-01)
Epoch: [18][260/270]	L_Src_Sup 0.0000e+00 (5.2033e-04)	L_Trg_Inj 0.0000e+00 (9.9131e-03)	Loss Disc 6.9317e-01 (6.9282e-01)	Loss Pred 4.9041e-01 (4.6726e-01)	Loss TOTAL 8.3699e-01 (8.1517e-01)
Epoch: [18][270/270]	L_Src_Sup 0.0000e+00 (5.0106e-04)	L_Trg_Inj 0.0000e+00 (9.5850e-03)	Loss Disc 6.9313e-01 (6.9283e-01)	Loss Pred 4.7763e-01 (4.6729e-01)	Loss TOTAL 8.2419e-01 (8.1515e-01)
Epoch: [18][270/270]	L_Src_Sup 0.0000e+00 (5.0106e-04)	L_Trg_Inj 0.0000e+00 (9.5850e-03)	Loss Disc 6.9313e-01 (6.9283e-01)	Loss Pred 4.7763e-01 (4.6729e-01)	Loss TOTAL 8.2419e-01 (8.1515e-01)
Epoch 18 complete. Saving model state...
Epoch: [19][ 10/270]	L_Src_Sup 0.0000e+00 (1.7641e-03)	L_Trg_Inj 0.0000e+00 (1.2911e-04)	Loss Disc 6.9369e-01 (6.9315e-01)	Loss Pred 5.2200e-01 (4.6812e-01)	Loss TOTAL 8.6885e-01 (8.1662e-01)
Epoch: [19][ 20/270]	L_Src_Sup 0.0000e+00 (8.8205e-04)	L_Trg_Inj 0.0000e+00 (5.8853e-04)	Loss Disc 6.9299e-01 (6.9313e-01)	Loss Pred 4.3329e-01 (4.6272e-01)	Loss TOTAL 7.7978e-01 (8.1030e-01)
Epoch: [19][ 30/270]	L_Src_Sup 0.0000e+00 (5.8803e-04)	L_Trg_Inj 0.0000e+00 (8.2928e-04)	Loss Disc 6.9347e-01 (6.9307e-01)	Loss Pred 4.9670e-01 (4.6156e-01)	Loss TOTAL 8.4344e-01 (8.0882e-01)
Epoch: [19][ 40/270]	L_Src_Sup 8.2521e-04 (4.6165e-04)	L_Trg_Inj 0.0000e+00 (1.0193e-03)	Loss Disc 6.9346e-01 (6.9309e-01)	Loss Pred 4.6464e-01 (4.6319e-01)	Loss TOTAL 8.1228e-01 (8.1033e-01)
Epoch: [19][ 50/270]	L_Src_Sup 0.0000e+00 (3.6932e-04)	L_Trg_Inj 0.0000e+00 (9.9317e-04)	Loss Disc 6.9318e-01 (6.9311e-01)	Loss Pred 4.7125e-01 (4.6531e-01)	Loss TOTAL 8.1784e-01 (8.1236e-01)
Epoch: [19][ 60/270]	L_Src_Sup 0.0000e+00 (3.7654e-03)	L_Trg_Inj 4.8589e-04 (4.0067e-03)	Loss Disc 6.9314e-01 (6.9308e-01)	Loss Pred 4.5237e-01 (4.6689e-01)	Loss TOTAL 7.9899e-01 (8.1670e-01)
Epoch: [19][ 70/270]	L_Src_Sup 0.0000e+00 (3.2275e-03)	L_Trg_Inj 0.0000e+00 (3.4653e-03)	Loss Disc 6.9298e-01 (6.9307e-01)	Loss Pred 4.5201e-01 (4.6724e-01)	Loss TOTAL 7.9850e-01 (8.1658e-01)
Epoch: [19][ 80/270]	L_Src_Sup 0.0000e+00 (2.8240e-03)	L_Trg_Inj 2.4413e-03 (3.0934e-03)	Loss Disc 6.9300e-01 (6.9308e-01)	Loss Pred 4.7754e-01 (4.6679e-01)	Loss TOTAL 8.2429e-01 (8.1579e-01)
Epoch: [19][ 90/270]	L_Src_Sup 0.0000e+00 (2.7013e-03)	L_Trg_Inj 0.0000e+00 (2.7869e-03)	Loss Disc 6.9283e-01 (6.9307e-01)	Loss Pred 4.5202e-01 (4.6664e-01)	Loss TOTAL 7.9844e-01 (8.1558e-01)
Epoch: [19][100/270]	L_Src_Sup 0.0000e+00 (2.4312e-03)	L_Trg_Inj 0.0000e+00 (2.5213e-03)	Loss Disc 6.9323e-01 (6.9308e-01)	Loss Pred 4.7757e-01 (4.6742e-01)	Loss TOTAL 8.2418e-01 (8.1612e-01)
Epoch: [19][110/270]	L_Src_Sup 0.0000e+00 (2.2101e-03)	L_Trg_Inj 0.0000e+00 (2.4175e-03)	Loss Disc 6.9309e-01 (6.9307e-01)	Loss Pred 4.8397e-01 (4.6775e-01)	Loss TOTAL 8.3051e-01 (8.1626e-01)
Epoch: [19][120/270]	L_Src_Sup 0.0000e+00 (2.0260e-03)	L_Trg_Inj 0.0000e+00 (2.2163e-03)	Loss Disc 6.9312e-01 (6.9307e-01)	Loss Pred 4.5218e-01 (4.6749e-01)	Loss TOTAL 7.9874e-01 (8.1584e-01)
Epoch: [19][130/270]	L_Src_Sup 0.0000e+00 (1.8701e-03)	L_Trg_Inj 1.5034e-03 (2.1000e-03)	Loss Disc 6.9297e-01 (6.9308e-01)	Loss Pred 4.5210e-01 (4.6812e-01)	Loss TOTAL 7.9874e-01 (8.1634e-01)
Epoch: [19][140/270]	L_Src_Sup 0.0000e+00 (1.7365e-03)	L_Trg_Inj 2.1250e-04 (1.9691e-03)	Loss Disc 6.9346e-01 (6.9308e-01)	Loss Pred 5.5391e-01 (4.6798e-01)	Loss TOTAL 9.0066e-01 (8.1608e-01)
Epoch: [19][150/270]	L_Src_Sup 0.0000e+00 (1.6208e-03)	L_Trg_Inj 0.0000e+00 (1.8655e-03)	Loss Disc 6.9343e-01 (6.9309e-01)	Loss Pred 4.6495e-01 (4.6807e-01)	Loss TOTAL 8.1167e-01 (8.1607e-01)
Epoch: [19][160/270]	L_Src_Sup 1.7857e-02 (1.6311e-03)	L_Trg_Inj 0.0000e+00 (1.8290e-03)	Loss Disc 6.9330e-01 (6.9309e-01)	Loss Pred 4.8414e-01 (4.6838e-01)	Loss TOTAL 8.5043e-01 (8.1643e-01)
Epoch: [19][170/270]	L_Src_Sup 0.0000e+00 (1.5361e-03)	L_Trg_Inj 1.2810e-03 (1.7674e-03)	Loss Disc 6.9306e-01 (6.9309e-01)	Loss Pred 4.4578e-01 (4.6833e-01)	Loss TOTAL 7.9244e-01 (8.1629e-01)
Epoch: [19][180/270]	L_Src_Sup 0.0000e+00 (1.4508e-03)	L_Trg_Inj 0.0000e+00 (1.6692e-03)	Loss Disc 6.9340e-01 (6.9309e-01)	Loss Pred 4.9674e-01 (4.6810e-01)	Loss TOTAL 8.4344e-01 (8.1599e-01)
Epoch: [19][190/270]	L_Src_Sup 0.0000e+00 (1.3744e-03)	L_Trg_Inj 3.9711e-05 (1.6146e-03)	Loss Disc 6.9292e-01 (6.9309e-01)	Loss Pred 4.6479e-01 (4.6840e-01)	Loss TOTAL 8.1125e-01 (8.1621e-01)
Epoch: [19][200/270]	L_Src_Sup 0.0000e+00 (1.3057e-03)	L_Trg_Inj 0.0000e+00 (1.5419e-03)	Loss Disc 6.9313e-01 (6.9309e-01)	Loss Pred 4.7758e-01 (4.6848e-01)	Loss TOTAL 8.2414e-01 (8.1623e-01)
Epoch: [19][210/270]	L_Src_Sup 0.0000e+00 (1.3263e-03)	L_Trg_Inj 0.0000e+00 (1.4996e-03)	Loss Disc 6.9329e-01 (6.9310e-01)	Loss Pred 4.9026e-01 (4.6894e-01)	Loss TOTAL 8.3691e-01 (8.1672e-01)
Epoch: [19][220/270]	L_Src_Sup 0.0000e+00 (1.2661e-03)	L_Trg_Inj 0.0000e+00 (1.4348e-03)	Loss Disc 6.9307e-01 (6.9310e-01)	Loss Pred 4.0754e-01 (4.6809e-01)	Loss TOTAL 7.5407e-01 (8.1582e-01)
Epoch: [19][230/270]	L_Src_Sup 0.0000e+00 (1.2879e-03)	L_Trg_Inj 2.5634e-03 (1.4311e-03)	Loss Disc 6.9307e-01 (6.9309e-01)	Loss Pred 4.9023e-01 (4.6806e-01)	Loss TOTAL 8.3703e-01 (8.1583e-01)
Epoch: [19][240/270]	L_Src_Sup 0.0000e+00 (1.2343e-03)	L_Trg_Inj 4.6933e-03 (1.4174e-03)	Loss Disc 6.9279e-01 (6.9309e-01)	Loss Pred 4.5867e-01 (4.6767e-01)	Loss TOTAL 8.0553e-01 (8.1538e-01)
Epoch: [19][250/270]	L_Src_Sup 0.0000e+00 (1.1864e-03)	L_Trg_Inj 1.7718e-02 (1.5111e-03)	Loss Disc 6.9283e-01 (6.9309e-01)	Loss Pred 4.2660e-01 (4.6750e-01)	Loss TOTAL 7.7479e-01 (8.1519e-01)
Epoch: [19][260/270]	L_Src_Sup 0.0000e+00 (1.1408e-03)	L_Trg_Inj 2.5630e-03 (1.6790e-03)	Loss Disc 6.9293e-01 (6.9309e-01)	Loss Pred 4.6486e-01 (4.6767e-01)	Loss TOTAL 8.1158e-01 (8.1534e-01)
Epoch: [19][270/270]	L_Src_Sup 0.0000e+00 (1.0986e-03)	L_Trg_Inj 0.0000e+00 (1.6168e-03)	Loss Disc 6.9280e-01 (6.9309e-01)	Loss Pred 4.5849e-01 (4.6738e-01)	Loss TOTAL 8.0489e-01 (8.1501e-01)
Epoch: [19][270/270]	L_Src_Sup 0.0000e+00 (1.0986e-03)	L_Trg_Inj 0.0000e+00 (1.6168e-03)	Loss Disc 6.9280e-01 (6.9309e-01)	Loss Pred 4.5849e-01 (4.6738e-01)	Loss TOTAL 8.0489e-01 (8.1501e-01)
Epoch 19 complete. Saving model state...
