Using device: cuda
Loading Source Train...
Using Mean/Std calculated from Source Train (mean[0]=22.972307329571358, std[0]=2.5470948787957957)
Loading Target Train...
Epoch: [0][ 10/496]	L_Src_Sup 1.9999e+00 (1.9999e+00)	L_Trg_Inj 1.9999e+00 (1.9999e+00)	Loss Disc 7.1818e-01 (7.2119e-01)	Loss Pred 9.2544e-01 (9.2395e-01)	Loss TOTAL 1.6845e+00 (1.6846e+00)
Epoch: [0][ 20/496]	L_Src_Sup 1.9922e+00 (1.9993e+00)	L_Trg_Inj 1.9933e+00 (1.9994e+00)	Loss Disc 7.0911e-01 (7.1731e-01)	Loss Pred 9.0965e-01 (9.2944e-01)	Loss TOTAL 1.6627e+00 (1.6880e+00)
Epoch: [0][ 30/496]	L_Src_Sup 8.8282e-01 (1.7282e+00)	L_Trg_Inj 8.3096e-01 (1.7143e+00)	Loss Disc 7.0020e-01 (7.1281e-01)	Loss Pred 1.0042e+00 (9.3603e-01)	Loss TOTAL 1.5776e+00 (1.6536e+00)
Epoch: [0][ 40/496]	L_Src_Sup 2.9029e-01 (1.3995e+00)	L_Trg_Inj 4.0086e-01 (1.4160e+00)	Loss Disc 6.9600e-01 (7.0907e-01)	Loss Pred 9.4109e-01 (9.3711e-01)	Loss TOTAL 1.3582e+00 (1.5879e+00)
Epoch: [0][ 50/496]	L_Src_Sup 4.9000e-01 (1.1866e+00)	L_Trg_Inj 3.7750e-01 (1.2195e+00)	Loss Disc 6.9472e-01 (7.0627e-01)	Loss Pred 1.0110e+00 (9.3961e-01)	Loss TOTAL 1.5576e+00 (1.5491e+00)
Epoch: [0][ 60/496]	L_Src_Sup 2.1330e-01 (1.0324e+00)	L_Trg_Inj 2.6865e-01 (1.0808e+00)	Loss Disc 6.9368e-01 (7.0422e-01)	Loss Pred 9.1040e-01 (9.4026e-01)	Loss TOTAL 1.3054e+00 (1.5168e+00)
Epoch: [0][ 70/496]	L_Src_Sup 3.5111e-01 (9.3111e-01)	L_Trg_Inj 2.9561e-01 (9.8409e-01)	Loss Disc 6.9333e-01 (7.0270e-01)	Loss Pred 9.2603e-01 (9.4398e-01)	Loss TOTAL 1.3929e+00 (1.5052e+00)
Epoch: [0][ 80/496]	L_Src_Sup 1.7879e-01 (8.4265e-01)	L_Trg_Inj 2.1716e-01 (9.0260e-01)	Loss Disc 6.9354e-01 (7.0151e-01)	Loss Pred 9.3358e-01 (9.4457e-01)	Loss TOTAL 1.3199e+00 (1.4859e+00)
Epoch: [0][ 90/496]	L_Src_Sup 2.4117e-01 (7.8411e-01)	L_Trg_Inj 4.2481e-01 (8.5609e-01)	Loss Disc 6.9197e-01 (7.0051e-01)	Loss Pred 9.5592e-01 (9.4492e-01)	Loss TOTAL 1.3685e+00 (1.4741e+00)
Epoch: [0][100/496]	L_Src_Sup 3.1863e-01 (7.2834e-01)	L_Trg_Inj 3.3648e-01 (8.0005e-01)	Loss Disc 6.9245e-01 (6.9971e-01)	Loss Pred 8.9662e-01 (9.4498e-01)	Loss TOTAL 1.3084e+00 (1.4616e+00)
Epoch: [0][110/496]	L_Src_Sup 1.9783e-01 (6.8349e-01)	L_Trg_Inj 3.6644e-01 (7.6176e-01)	Loss Disc 6.9185e-01 (6.9901e-01)	Loss Pred 8.9623e-01 (9.4374e-01)	Loss TOTAL 1.2986e+00 (1.4507e+00)
Epoch: [0][120/496]	L_Src_Sup 9.3971e-02 (6.4432e-01)	L_Trg_Inj 3.2890e-01 (7.2986e-01)	Loss Disc 6.9224e-01 (6.9840e-01)	Loss Pred 9.8524e-01 (9.4512e-01)	Loss TOTAL 1.3736e+00 (1.4438e+00)
Epoch: [0][130/496]	L_Src_Sup 2.9251e-01 (6.1022e-01)	L_Trg_Inj 3.0553e-01 (6.9926e-01)	Loss Disc 6.9137e-01 (6.9788e-01)	Loss Pred 9.3365e-01 (9.4559e-01)	Loss TOTAL 1.3391e+00 (1.4366e+00)
Epoch: [0][140/496]	L_Src_Sup 2.8771e-01 (5.8562e-01)	L_Trg_Inj 3.1081e-01 (6.7346e-01)	Loss Disc 6.8993e-01 (6.9742e-01)	Loss Pred 9.1195e-01 (9.4562e-01)	Loss TOTAL 1.3168e+00 (1.4306e+00)
Epoch: [0][150/496]	L_Src_Sup 1.9187e-01 (5.6239e-01)	L_Trg_Inj 3.1948e-01 (6.5139e-01)	Loss Disc 6.8963e-01 (6.9687e-01)	Loss Pred 9.8451e-01 (9.4609e-01)	Loss TOTAL 1.3805e+00 (1.4259e+00)
Epoch: [0][160/496]	L_Src_Sup 7.7983e-02 (5.4024e-01)	L_Trg_Inj 3.9477e-01 (6.3162e-01)	Loss Disc 6.8657e-01 (6.9633e-01)	Loss Pred 9.2660e-01 (9.4627e-01)	Loss TOTAL 1.3172e+00 (1.4215e+00)
Epoch: [0][170/496]	L_Src_Sup 1.9880e-01 (5.2016e-01)	L_Trg_Inj 3.7036e-01 (6.1377e-01)	Loss Disc 6.8862e-01 (6.9586e-01)	Loss Pred 9.4818e-01 (9.4536e-01)	Loss TOTAL 1.3494e+00 (1.4166e+00)
Epoch: [0][180/496]	L_Src_Sup 1.6526e-01 (5.0097e-01)	L_Trg_Inj 2.8009e-01 (5.9839e-01)	Loss Disc 6.9222e-01 (6.9547e-01)	Loss Pred 9.7728e-01 (9.4515e-01)	Loss TOTAL 1.3679e+00 (1.4122e+00)
Epoch: [0][190/496]	L_Src_Sup 2.1293e-01 (4.8575e-01)	L_Trg_Inj 2.9755e-01 (5.8264e-01)	Loss Disc 6.8765e-01 (6.9517e-01)	Loss Pred 9.1172e-01 (9.4466e-01)	Loss TOTAL 1.3066e+00 (1.4083e+00)
Epoch: [0][200/496]	L_Src_Sup 1.7176e+00 (4.9050e-01)	L_Trg_Inj 1.6677e+00 (5.8419e-01)	Loss Disc 6.9107e-01 (6.9490e-01)	Loss Pred 9.4087e-01 (9.4476e-01)	Loss TOTAL 1.6749e+00 (1.4099e+00)
Epoch: [0][210/496]	L_Src_Sup 3.4866e-01 (5.0429e-01)	L_Trg_Inj 4.4788e-01 (6.0103e-01)	Loss Disc 6.7551e-01 (6.9434e-01)	Loss Pred 9.6204e-01 (9.4477e-01)	Loss TOTAL 1.3795e+00 (1.4122e+00)
Epoch: [0][220/496]	L_Src_Sup 2.6687e-01 (4.9385e-01)	L_Trg_Inj 2.7742e-01 (5.9276e-01)	Loss Disc 6.8356e-01 (6.9345e-01)	Loss Pred 9.3259e-01 (9.4403e-01)	Loss TOTAL 1.3288e+00 (1.4087e+00)
Epoch: [0][230/496]	L_Src_Sup 2.0853e-01 (4.8398e-01)	L_Trg_Inj 3.5348e-01 (5.8206e-01)	Loss Disc 6.5738e-01 (6.9258e-01)	Loss Pred 9.1882e-01 (9.4379e-01)	Loss TOTAL 1.3037e+00 (1.4065e+00)
Epoch: [0][240/496]	L_Src_Sup 1.6027e-01 (4.7331e-01)	L_Trg_Inj 2.2129e-01 (5.7174e-01)	Loss Disc 6.9338e-01 (6.9200e-01)	Loss Pred 9.4691e-01 (9.4394e-01)	Loss TOTAL 1.3318e+00 (1.4041e+00)
Epoch: [0][250/496]	L_Src_Sup 1.2054e-01 (4.6271e-01)	L_Trg_Inj 2.6852e-01 (5.6262e-01)	Loss Disc 6.8898e-01 (6.9158e-01)	Loss Pred 9.5458e-01 (9.4396e-01)	Loss TOTAL 1.3380e+00 (1.4016e+00)
Epoch: [0][260/496]	L_Src_Sup 1.5536e-01 (4.5413e-01)	L_Trg_Inj 4.1800e-01 (5.5325e-01)	Loss Disc 6.7651e-01 (6.9125e-01)	Loss Pred 9.3320e-01 (9.4422e-01)	Loss TOTAL 1.3288e+00 (1.4000e+00)
Epoch: [0][270/496]	L_Src_Sup 2.5236e-01 (4.4728e-01)	L_Trg_Inj 4.2816e-01 (5.4620e-01)	Loss Disc 6.6960e-01 (6.9062e-01)	Loss Pred 9.0492e-01 (9.4392e-01)	Loss TOTAL 1.3078e+00 (1.3977e+00)
Epoch: [0][280/496]	L_Src_Sup 1.4118e-01 (4.3978e-01)	L_Trg_Inj 4.6816e-01 (5.3930e-01)	Loss Disc 6.7221e-01 (6.9009e-01)	Loss Pred 9.4035e-01 (9.4426e-01)	Loss TOTAL 1.3374e+00 (1.3961e+00)
Epoch: [0][290/496]	L_Src_Sup 1.6244e-01 (4.3016e-01)	L_Trg_Inj 3.7519e-01 (5.3016e-01)	Loss Disc 6.7469e-01 (6.8973e-01)	Loss Pred 9.4725e-01 (9.4459e-01)	Loss TOTAL 1.3384e+00 (1.3943e+00)
Epoch: [0][300/496]	L_Src_Sup 4.3208e-01 (4.2650e-01)	L_Trg_Inj 2.3562e-01 (5.2376e-01)	Loss Disc 6.9686e-01 (6.8953e-01)	Loss Pred 9.8416e-01 (9.4490e-01)	Loss TOTAL 1.5958e+00 (1.3945e+00)
Epoch: [0][310/496]	L_Src_Sup 9.9583e-02 (4.2025e-01)	L_Trg_Inj 4.6608e-01 (5.1840e-01)	Loss Disc 6.8072e-01 (6.8946e-01)	Loss Pred 9.4824e-01 (9.4533e-01)	Loss TOTAL 1.3452e+00 (1.3934e+00)
Epoch: [0][320/496]	L_Src_Sup 2.1335e-01 (4.1399e-01)	L_Trg_Inj 3.0977e-01 (5.1244e-01)	Loss Disc 6.9139e-01 (6.8943e-01)	Loss Pred 9.1363e-01 (9.4546e-01)	Loss TOTAL 1.3116e+00 (1.3920e+00)
Epoch: [0][330/496]	L_Src_Sup 2.0018e-01 (4.0894e-01)	L_Trg_Inj 3.8635e-01 (5.0631e-01)	Loss Disc 6.8537e-01 (6.8948e-01)	Loss Pred 9.8212e-01 (9.4526e-01)	Loss TOTAL 1.3835e+00 (1.3906e+00)
Epoch: [0][340/496]	L_Src_Sup 1.5044e-01 (4.0362e-01)	L_Trg_Inj 3.4306e-01 (5.0193e-01)	Loss Disc 6.8756e-01 (6.8943e-01)	Loss Pred 8.9830e-01 (9.4491e-01)	Loss TOTAL 1.2914e+00 (1.3892e+00)
Epoch: [0][350/496]	L_Src_Sup 1.7818e-01 (3.9713e-01)	L_Trg_Inj 4.3076e-01 (4.9809e-01)	Loss Disc 6.8920e-01 (6.8947e-01)	Loss Pred 9.1198e-01 (9.4491e-01)	Loss TOTAL 1.3175e+00 (1.3879e+00)
Epoch: [0][360/496]	L_Src_Sup 2.0878e-01 (3.9333e-01)	L_Trg_Inj 6.1739e-01 (4.9383e-01)	Loss Disc 6.8974e-01 (6.8954e-01)	Loss Pred 9.7463e-01 (9.4511e-01)	Loss TOTAL 1.4021e+00 (1.3879e+00)
Epoch: [0][370/496]	L_Src_Sup 3.0846e-01 (3.8977e-01)	L_Trg_Inj 4.2695e-01 (4.9024e-01)	Loss Disc 6.8059e-01 (6.8944e-01)	Loss Pred 9.4664e-01 (9.4513e-01)	Loss TOTAL 1.3605e+00 (1.3869e+00)
Epoch: [0][380/496]	L_Src_Sup 1.4213e-01 (3.8539e-01)	L_Trg_Inj 2.9834e-01 (4.8588e-01)	Loss Disc 6.9207e-01 (6.8934e-01)	Loss Pred 9.8747e-01 (9.4502e-01)	Loss TOTAL 1.3776e+00 (1.3860e+00)
Epoch: [0][390/496]	L_Src_Sup 2.3552e-01 (3.8051e-01)	L_Trg_Inj 2.9691e-01 (4.8199e-01)	Loss Disc 6.9132e-01 (6.8935e-01)	Loss Pred 9.3100e-01 (9.4480e-01)	Loss TOTAL 1.3299e+00 (1.3847e+00)
Epoch: [0][400/496]	L_Src_Sup 1.9688e-01 (3.7684e-01)	L_Trg_Inj 2.8750e-01 (4.7697e-01)	Loss Disc 6.8781e-01 (6.8943e-01)	Loss Pred 9.0998e-01 (9.4455e-01)	Loss TOTAL 1.3023e+00 (1.3837e+00)
Epoch: [0][410/496]	L_Src_Sup 2.7099e-01 (3.7272e-01)	L_Trg_Inj 3.0675e-01 (4.7440e-01)	Loss Disc 6.9499e-01 (6.8946e-01)	Loss Pred 9.0190e-01 (9.4445e-01)	Loss TOTAL 1.3072e+00 (1.3828e+00)
Epoch: [0][420/496]	L_Src_Sup 1.4894e-01 (3.6853e-01)	L_Trg_Inj 3.2533e-01 (4.7095e-01)	Loss Disc 6.9040e-01 (6.8952e-01)	Loss Pred 9.7497e-01 (9.4445e-01)	Loss TOTAL 1.3676e+00 (1.3820e+00)
Epoch: [0][430/496]	L_Src_Sup 1.8497e-01 (3.6534e-01)	L_Trg_Inj 2.2962e-01 (4.6730e-01)	Loss Disc 6.9261e-01 (6.8951e-01)	Loss Pred 9.4157e-01 (9.4450e-01)	Loss TOTAL 1.3293e+00 (1.3812e+00)
Epoch: [0][440/496]	L_Src_Sup 1.9978e-01 (3.6189e-01)	L_Trg_Inj 4.3755e-01 (4.6455e-01)	Loss Disc 6.8598e-01 (6.8950e-01)	Loss Pred 9.3947e-01 (9.4428e-01)	Loss TOTAL 1.3462e+00 (1.3802e+00)
Epoch: [0][450/496]	L_Src_Sup 2.1279e-01 (3.5814e-01)	L_Trg_Inj 2.1392e-01 (4.6197e-01)	Loss Disc 6.9367e-01 (6.8953e-01)	Loss Pred 9.1808e-01 (9.4343e-01)	Loss TOTAL 1.3076e+00 (1.3786e+00)
Epoch: [0][460/496]	L_Src_Sup 1.7205e-01 (3.5532e-01)	L_Trg_Inj 3.9024e-01 (4.5966e-01)	Loss Disc 6.9009e-01 (6.8954e-01)	Loss Pred 9.0413e-01 (9.4305e-01)	Loss TOTAL 1.3054e+00 (1.3776e+00)
Epoch: [0][470/496]	L_Src_Sup 2.7188e-01 (3.5228e-01)	L_Trg_Inj 2.9384e-01 (4.5744e-01)	Loss Disc 6.9214e-01 (6.8956e-01)	Loss Pred 9.2758e-01 (9.4222e-01)	Loss TOTAL 1.3302e+00 (1.3760e+00)
Epoch: [0][480/496]	L_Src_Sup 2.0660e-01 (3.4947e-01)	L_Trg_Inj 3.3881e-01 (4.5495e-01)	Loss Disc 6.8906e-01 (6.8957e-01)	Loss Pred 9.1316e-01 (9.4177e-01)	Loss TOTAL 1.3122e+00 (1.3754e+00)
Epoch: [0][490/496]	L_Src_Sup 1.9657e-01 (3.4740e-01)	L_Trg_Inj 4.4811e-01 (4.5349e-01)	Loss Disc 6.8722e-01 (6.8956e-01)	Loss Pred 8.4779e-01 (9.4020e-01)	Loss TOTAL 1.2559e+00 (1.3735e+00)
Epoch: [0][496/496]	L_Src_Sup 1.9766e-01 (3.4584e-01)	L_Trg_Inj 4.3026e-01 (4.5289e-01)	Loss Disc 6.8635e-01 (6.8953e-01)	Loss Pred 8.0906e-01 (9.3885e-01)	Loss TOTAL 1.2150e+00 (1.3718e+00)
Epoch 0 complete. Saving model state...
Epoch: [1][ 10/496]	L_Src_Sup 5.4318e-01 (4.1626e-01)	L_Trg_Inj 5.6837e-01 (3.8372e-01)	Loss Disc 6.9010e-01 (6.8612e-01)	Loss Pred 8.5276e-01 (8.4246e-01)	Loss TOTAL 1.3090e+00 (1.3704e+00)
Epoch: [1][ 20/496]	L_Src_Sup 3.0861e-01 (3.4041e-01)	L_Trg_Inj 4.5870e-01 (3.7723e-01)	Loss Disc 6.7932e-01 (6.8554e-01)	Loss Pred 8.5302e-01 (8.5432e-01)	Loss TOTAL 1.2694e+00 (1.3280e+00)
Epoch: [1][ 30/496]	L_Src_Sup 1.2921e-01 (2.9981e-01)	L_Trg_Inj 3.1650e-01 (3.6654e-01)	Loss Disc 6.9377e-01 (6.8582e-01)	Loss Pred 8.3215e-01 (8.4811e-01)	Loss TOTAL 1.2236e+00 (1.2993e+00)
Epoch: [1][ 40/496]	L_Src_Sup 2.6954e-01 (2.8649e-01)	L_Trg_Inj 3.3493e-01 (3.6794e-01)	Loss Disc 6.9366e-01 (6.8765e-01)	Loss Pred 8.0737e-01 (8.4034e-01)	Loss TOTAL 1.2146e+00 (1.2808e+00)
Epoch: [1][ 50/496]	L_Src_Sup 2.7598e-01 (2.6711e-01)	L_Trg_Inj 4.5004e-01 (3.6537e-01)	Loss Disc 6.9320e-01 (6.8909e-01)	Loss Pred 7.6876e-01 (8.3283e-01)	Loss TOTAL 1.1880e+00 (1.2656e+00)
Epoch: [1][ 60/496]	L_Src_Sup 2.3951e-01 (2.5455e-01)	L_Trg_Inj 3.0717e-01 (3.6806e-01)	Loss Disc 6.9352e-01 (6.8988e-01)	Loss Pred 7.6868e-01 (8.2334e-01)	Loss TOTAL 1.1701e+00 (1.2514e+00)
Epoch: [1][ 70/496]	L_Src_Sup 1.8917e-01 (2.4281e-01)	L_Trg_Inj 1.0874e-01 (3.5939e-01)	Loss Disc 6.9639e-01 (6.9040e-01)	Loss Pred 7.4129e-01 (8.1478e-01)	Loss TOTAL 1.1997e+00 (1.2392e+00)
Epoch: [1][ 80/496]	L_Src_Sup 2.4205e-01 (2.5235e-01)	L_Trg_Inj 3.9590e-01 (3.6228e-01)	Loss Disc 6.8933e-01 (6.9056e-01)	Loss Pred 7.6476e-01 (8.0753e-01)	Loss TOTAL 1.1732e+00 (1.2338e+00)
Epoch: [1][ 90/496]	L_Src_Sup 2.1011e-01 (2.4909e-01)	L_Trg_Inj 2.6498e-01 (3.6112e-01)	Loss Disc 6.8558e-01 (6.9015e-01)	Loss Pred 7.4314e-01 (8.0109e-01)	Loss TOTAL 1.1334e+00 (1.2249e+00)
Epoch: [1][100/496]	L_Src_Sup 1.8113e-01 (2.4646e-01)	L_Trg_Inj 4.9014e-01 (3.6328e-01)	Loss Disc 6.6585e-01 (6.8860e-01)	Loss Pred 7.3516e-01 (7.9522e-01)	Loss TOTAL 1.1352e+00 (1.2173e+00)
Epoch: [1][110/496]	L_Src_Sup 1.4860e-01 (2.4200e-01)	L_Trg_Inj 3.7504e-01 (3.6361e-01)	Loss Disc 6.5079e-01 (6.8610e-01)	Loss Pred 7.5664e-01 (7.8940e-01)	Loss TOTAL 1.1344e+00 (1.2094e+00)
Epoch: [1][120/496]	L_Src_Sup 1.6391e-01 (2.4331e-01)	L_Trg_Inj 3.0729e-01 (3.6396e-01)	Loss Disc 6.4763e-01 (6.8357e-01)	Loss Pred 7.5064e-01 (7.8406e-01)	Loss TOTAL 1.1216e+00 (1.2018e+00)
Epoch: [1][130/496]	L_Src_Sup 1.5996e-01 (2.3913e-01)	L_Trg_Inj 3.7144e-01 (3.6265e-01)	Loss Disc 6.3667e-01 (6.8129e-01)	Loss Pred 7.7849e-01 (7.7936e-01)	Loss TOTAL 1.1500e+00 (1.1943e+00)
Epoch: [1][140/496]	L_Src_Sup 1.5213e-01 (2.3565e-01)	L_Trg_Inj 2.7561e-01 (3.6127e-01)	Loss Disc 6.5486e-01 (6.7926e-01)	Loss Pred 7.1003e-01 (7.7501e-01)	Loss TOTAL 1.0802e+00 (1.1876e+00)
Epoch: [1][150/496]	L_Src_Sup 2.4415e-01 (2.3369e-01)	L_Trg_Inj 3.1964e-01 (3.6189e-01)	Loss Disc 6.5128e-01 (6.7743e-01)	Loss Pred 7.1483e-01 (7.7108e-01)	Loss TOTAL 1.0969e+00 (1.1820e+00)
Epoch: [1][160/496]	L_Src_Sup 2.6715e-01 (2.3033e-01)	L_Trg_Inj 3.2178e-01 (3.6285e-01)	Loss Disc 6.5296e-01 (6.7596e-01)	Loss Pred 7.0513e-01 (7.6687e-01)	Loss TOTAL 1.0905e+00 (1.1760e+00)
Epoch: [1][170/496]	L_Src_Sup 1.6415e-01 (2.2865e-01)	L_Trg_Inj 3.9317e-01 (3.6094e-01)	Loss Disc 6.4985e-01 (6.7457e-01)	Loss Pred 7.1006e-01 (7.6319e-01)	Loss TOTAL 1.0907e+00 (1.1710e+00)
Epoch: [1][180/496]	L_Src_Sup 1.3744e-01 (2.2643e-01)	L_Trg_Inj 4.0726e-01 (3.6073e-01)	Loss Disc 6.5810e-01 (6.7348e-01)	Loss Pred 6.8792e-01 (7.5930e-01)	Loss TOTAL 1.0714e+00 (1.1657e+00)
Epoch: [1][190/496]	L_Src_Sup 1.5796e-01 (2.2722e-01)	L_Trg_Inj 4.1253e-01 (3.6036e-01)	Loss Disc 6.4222e-01 (6.7238e-01)	Loss Pred 7.2414e-01 (7.5656e-01)	Loss TOTAL 1.1023e+00 (1.1627e+00)
Epoch: [1][200/496]	L_Src_Sup 2.0309e-01 (2.2754e-01)	L_Trg_Inj 3.4188e-01 (3.6144e-01)	Loss Disc 6.5068e-01 (6.7138e-01)	Loss Pred 6.9330e-01 (7.5327e-01)	Loss TOTAL 1.0731e+00 (1.1592e+00)
Epoch: [1][210/496]	L_Src_Sup 2.0210e-01 (2.2731e-01)	L_Trg_Inj 3.6366e-01 (3.6156e-01)	Loss Disc 6.5828e-01 (6.7048e-01)	Loss Pred 6.6783e-01 (7.5009e-01)	Loss TOTAL 1.0536e+00 (1.1550e+00)
Epoch: [1][220/496]	L_Src_Sup 2.2654e-01 (2.2587e-01)	L_Trg_Inj 2.7750e-01 (3.6045e-01)	Loss Disc 6.4936e-01 (6.6955e-01)	Loss Pred 6.8992e-01 (7.4736e-01)	Loss TOTAL 1.0650e+00 (1.1511e+00)
Epoch: [1][230/496]	L_Src_Sup 1.2542e-01 (2.2522e-01)	L_Trg_Inj 3.1871e-01 (3.6102e-01)	Loss Disc 6.4691e-01 (6.6882e-01)	Loss Pred 6.9468e-01 (7.4439e-01)	Loss TOTAL 1.0625e+00 (1.1473e+00)
Epoch: [1][240/496]	L_Src_Sup 1.8833e-01 (2.2487e-01)	L_Trg_Inj 3.7381e-01 (3.5939e-01)	Loss Disc 6.5044e-01 (6.6804e-01)	Loss Pred 6.8164e-01 (7.4204e-01)	Loss TOTAL 1.0631e+00 (1.1444e+00)
Epoch: [1][250/496]	L_Src_Sup 2.1435e-01 (2.2498e-01)	L_Trg_Inj 3.9820e-01 (3.5887e-01)	Loss Disc 6.4614e-01 (6.6740e-01)	Loss Pred 6.9032e-01 (7.3930e-01)	Loss TOTAL 1.0746e+00 (1.1411e+00)
Epoch: [1][260/496]	L_Src_Sup 1.4281e-01 (2.2482e-01)	L_Trg_Inj 2.5021e-01 (3.5884e-01)	Loss Disc 6.5648e-01 (6.6683e-01)	Loss Pred 6.5503e-01 (7.3653e-01)	Loss TOTAL 1.0226e+00 (1.1376e+00)
Epoch: [1][270/496]	L_Src_Sup 2.9311e-01 (2.2497e-01)	L_Trg_Inj 4.0621e-01 (3.5995e-01)	Loss Disc 6.5644e-01 (6.6621e-01)	Loss Pred 6.5197e-01 (7.3414e-01)	Loss TOTAL 1.0501e+00 (1.1347e+00)
Epoch: [1][280/496]	L_Src_Sup 3.2824e-01 (2.2598e-01)	L_Trg_Inj 2.7986e-01 (3.6109e-01)	Loss Disc 6.4933e-01 (6.6570e-01)	Loss Pred 6.6893e-01 (7.3158e-01)	Loss TOTAL 1.1028e+00 (1.1320e+00)
Epoch: [1][290/496]	L_Src_Sup 2.0483e-01 (2.2588e-01)	L_Trg_Inj 2.9378e-01 (3.5994e-01)	Loss Disc 6.5090e-01 (6.6516e-01)	Loss Pred 6.6162e-01 (7.2932e-01)	Loss TOTAL 1.0369e+00 (1.1294e+00)
Epoch: [1][300/496]	L_Src_Sup 1.2880e-01 (2.2420e-01)	L_Trg_Inj 3.2429e-01 (3.6015e-01)	Loss Disc 6.4349e-01 (6.6454e-01)	Loss Pred 6.7875e-01 (7.2739e-01)	Loss TOTAL 1.0458e+00 (1.1267e+00)
Epoch: [1][310/496]	L_Src_Sup 1.8826e-01 (2.2321e-01)	L_Trg_Inj 4.3704e-01 (3.5987e-01)	Loss Disc 6.5007e-01 (6.6414e-01)	Loss Pred 6.5955e-01 (7.2505e-01)	Loss TOTAL 1.0471e+00 (1.1238e+00)
Epoch: [1][320/496]	L_Src_Sup 3.2733e-01 (2.2312e-01)	L_Trg_Inj 2.3340e-01 (3.5882e-01)	Loss Disc 6.5463e-01 (6.6394e-01)	Loss Pred 6.8644e-01 (7.2261e-01)	Loss TOTAL 1.1638e+00 (1.1216e+00)
Epoch: [1][330/496]	L_Src_Sup 1.6477e-01 (2.2457e-01)	L_Trg_Inj 3.3456e-01 (3.6197e-01)	Loss Disc 6.5334e-01 (6.6347e-01)	Loss Pred 6.4282e-01 (7.2103e-01)	Loss TOTAL 1.0194e+00 (1.1200e+00)
Epoch: [1][340/496]	L_Src_Sup 4.1675e-01 (2.2523e-01)	L_Trg_Inj 5.9361e-01 (3.6191e-01)	Loss Disc 6.4436e-01 (6.6312e-01)	Loss Pred 6.7609e-01 (7.1882e-01)	Loss TOTAL 1.0993e+00 (1.1175e+00)
Epoch: [1][350/496]	L_Src_Sup 6.4044e-01 (2.3166e-01)	L_Trg_Inj 9.2890e-01 (3.7831e-01)	Loss Disc 6.4556e-01 (6.6272e-01)	Loss Pred 6.9101e-01 (7.1748e-01)	Loss TOTAL 1.1707e+00 (1.1180e+00)
Epoch: [1][360/496]	L_Src_Sup 1.3416e-01 (2.3578e-01)	L_Trg_Inj 3.1091e-01 (3.8573e-01)	Loss Disc 6.4581e-01 (6.6247e-01)	Loss Pred 6.6246e-01 (7.1553e-01)	Loss TOTAL 1.0299e+00 (1.1169e+00)
Epoch: [1][370/496]	L_Src_Sup 2.1605e-01 (2.3489e-01)	L_Trg_Inj 2.6418e-01 (3.8468e-01)	Loss Disc 6.5661e-01 (6.6220e-01)	Loss Pred 6.2164e-01 (7.1337e-01)	Loss TOTAL 9.9797e-01 (1.1142e+00)
Epoch: [1][380/496]	L_Src_Sup 3.3133e-01 (2.3405e-01)	L_Trg_Inj 4.9787e-01 (3.8458e-01)	Loss Disc 6.5742e-01 (6.6186e-01)	Loss Pred 6.1432e-01 (7.1143e-01)	Loss TOTAL 1.0260e+00 (1.1118e+00)
Epoch: [1][390/496]	L_Src_Sup 1.5712e-01 (2.3399e-01)	L_Trg_Inj 3.2653e-01 (3.8413e-01)	Loss Disc 6.5489e-01 (6.6162e-01)	Loss Pred 6.1928e-01 (7.0928e-01)	Loss TOTAL 9.9509e-01 (1.1092e+00)
Epoch: [1][400/496]	L_Src_Sup 2.8975e-01 (2.3333e-01)	L_Trg_Inj 2.9490e-01 (3.8369e-01)	Loss Disc 6.5785e-01 (6.6140e-01)	Loss Pred 6.0762e-01 (7.0712e-01)	Loss TOTAL 9.9501e-01 (1.1067e+00)
Epoch: [1][410/496]	L_Src_Sup 1.7068e-01 (2.3246e-01)	L_Trg_Inj 3.7122e-01 (3.8321e-01)	Loss Disc 6.6065e-01 (6.6115e-01)	Loss Pred 5.9578e-01 (7.0517e-01)	Loss TOTAL 9.8030e-01 (1.1043e+00)
Epoch: [1][420/496]	L_Src_Sup 1.5903e-01 (2.3159e-01)	L_Trg_Inj 4.0642e-01 (3.8295e-01)	Loss Disc 6.5333e-01 (6.6096e-01)	Loss Pred 6.1389e-01 (7.0306e-01)	Loss TOTAL 9.9710e-01 (1.1018e+00)
Epoch: [1][430/496]	L_Src_Sup 2.9566e-01 (2.3136e-01)	L_Trg_Inj 4.0618e-01 (3.8288e-01)	Loss Disc 6.4312e-01 (6.6067e-01)	Loss Pred 6.4137e-01 (7.0127e-01)	Loss TOTAL 1.0331e+00 (1.0997e+00)
Epoch: [1][440/496]	L_Src_Sup 3.0670e-01 (2.3163e-01)	L_Trg_Inj 6.8098e-01 (3.8190e-01)	Loss Disc 6.4277e-01 (6.6048e-01)	Loss Pred 6.5460e-01 (6.9933e-01)	Loss TOTAL 1.0747e+00 (1.0979e+00)
Epoch: [1][450/496]	L_Src_Sup 1.8486e-01 (2.3097e-01)	L_Trg_Inj 3.8661e-01 (3.8140e-01)	Loss Disc 6.4902e-01 (6.6031e-01)	Loss Pred 6.1825e-01 (6.9736e-01)	Loss TOTAL 9.9990e-01 (1.0956e+00)
Epoch: [1][460/496]	L_Src_Sup 1.2043e-01 (2.3112e-01)	L_Trg_Inj 3.6300e-01 (3.8029e-01)	Loss Disc 6.5628e-01 (6.6012e-01)	Loss Pred 5.9309e-01 (6.9542e-01)	Loss TOTAL 9.6958e-01 (1.0934e+00)
Epoch: [1][470/496]	L_Src_Sup 2.1015e-01 (2.3057e-01)	L_Trg_Inj 3.1131e-01 (3.7990e-01)	Loss Disc 6.5926e-01 (6.5990e-01)	Loss Pred 5.8119e-01 (6.9364e-01)	Loss TOTAL 9.6297e-01 (1.0913e+00)
Epoch: [1][480/496]	L_Src_Sup 1.3993e-01 (2.3032e-01)	L_Trg_Inj 2.5943e-01 (3.7909e-01)	Loss Disc 6.5352e-01 (6.5975e-01)	Loss Pred 5.9648e-01 (6.9171e-01)	Loss TOTAL 9.6317e-01 (1.0891e+00)
Epoch: [1][490/496]	L_Src_Sup 2.4693e-01 (2.2928e-01)	L_Trg_Inj 3.1362e-01 (3.7817e-01)	Loss Disc 6.3582e-01 (6.5940e-01)	Loss Pred 6.4723e-01 (6.9048e-01)	Loss TOTAL 1.0212e+00 (1.0873e+00)
Epoch: [1][496/496]	L_Src_Sup 2.4043e-01 (2.2911e-01)	L_Trg_Inj 3.2628e-01 (3.7722e-01)	Loss Disc 6.5191e-01 (6.5927e-01)	Loss Pred 5.9659e-01 (6.8949e-01)	Loss TOTAL 9.7922e-01 (1.0861e+00)
Epoch 1 complete. Saving model state...
Epoch: [2][ 10/496]	L_Src_Sup 1.3241e-01 (2.1600e-01)	L_Trg_Inj 3.5494e-01 (3.7305e-01)	Loss Disc 6.6073e-01 (6.5017e-01)	Loss Pred 5.6665e-01 (6.0100e-01)	Loss TOTAL 9.4575e-01 (9.8607e-01)
Epoch: [2][ 20/496]	L_Src_Sup 1.7515e-01 (2.1317e-01)	L_Trg_Inj 3.0413e-01 (3.6767e-01)	Loss Disc 6.5636e-01 (6.5061e-01)	Loss Pred 5.7738e-01 (5.9807e-01)	Loss TOTAL 9.5348e-01 (9.8200e-01)
Epoch: [2][ 30/496]	L_Src_Sup 2.4779e-01 (2.0767e-01)	L_Trg_Inj 3.0474e-01 (3.4693e-01)	Loss Disc 6.5925e-01 (6.5066e-01)	Loss Pred 5.6543e-01 (5.9650e-01)	Loss TOTAL 9.5031e-01 (9.7766e-01)
Epoch: [2][ 40/496]	L_Src_Sup 1.4237e-01 (2.0194e-01)	L_Trg_Inj 1.0018e-01 (3.2636e-01)	Loss Disc 6.5782e-01 (6.5163e-01)	Loss Pred 5.6719e-01 (5.9209e-01)	Loss TOTAL 9.6254e-01 (9.7206e-01)
Epoch: [2][ 50/496]	L_Src_Sup 2.3652e-01 (2.0086e-01)	L_Trg_Inj 3.1407e-01 (3.2831e-01)	Loss Disc 6.5484e-01 (6.5141e-01)	Loss Pred 5.7405e-01 (5.9203e-01)	Loss TOTAL 9.5654e-01 (9.7171e-01)
Epoch: [2][ 60/496]	L_Src_Sup 2.1195e-01 (2.0143e-01)	L_Trg_Inj 3.4993e-01 (3.2643e-01)	Loss Disc 6.5485e-01 (6.5232e-01)	Loss Pred 5.7137e-01 (5.8767e-01)	Loss TOTAL 9.5498e-01 (9.6751e-01)
Epoch: [2][ 70/496]	L_Src_Sup 2.4703e-01 (2.1111e-01)	L_Trg_Inj 4.6640e-01 (3.2962e-01)	Loss Disc 6.4164e-01 (6.5171e-01)	Loss Pred 6.1600e-01 (5.8964e-01)	Loss TOTAL 1.0082e+00 (9.7506e-01)
Epoch: [2][ 80/496]	L_Src_Sup 3.1212e-01 (2.1684e-01)	L_Trg_Inj 4.7946e-01 (3.3590e-01)	Loss Disc 6.4602e-01 (6.5175e-01)	Loss Pred 5.9677e-01 (5.8826e-01)	Loss TOTAL 9.9894e-01 (9.7421e-01)
Epoch: [2][ 90/496]	L_Src_Sup 2.8387e-01 (2.1875e-01)	L_Trg_Inj 3.6603e-01 (3.3899e-01)	Loss Disc 6.5487e-01 (6.5159e-01)	Loss Pred 5.6509e-01 (5.8747e-01)	Loss TOTAL 9.5751e-01 (9.7331e-01)
Epoch: [2][100/496]	L_Src_Sup 1.1013e-01 (2.1804e-01)	L_Trg_Inj 4.3296e-01 (3.4322e-01)	Loss Disc 6.3870e-01 (6.5111e-01)	Loss Pred 6.1703e-01 (5.8784e-01)	Loss TOTAL 9.9069e-01 (9.7337e-01)
Epoch: [2][110/496]	L_Src_Sup 2.2858e-01 (2.1912e-01)	L_Trg_Inj 3.7575e-01 (3.4395e-01)	Loss Disc 6.5928e-01 (6.5072e-01)	Loss Pred 5.4723e-01 (5.8817e-01)	Loss TOTAL 9.3730e-01 (9.7336e-01)
Epoch: [2][120/496]	L_Src_Sup 2.0102e-01 (2.1852e-01)	L_Trg_Inj 3.2446e-01 (3.4646e-01)	Loss Disc 6.4899e-01 (6.5065e-01)	Loss Pred 5.7913e-01 (5.8726e-01)	Loss TOTAL 9.5618e-01 (9.7231e-01)
Epoch: [2][130/496]	L_Src_Sup 1.1901e-01 (2.1737e-01)	L_Trg_Inj 3.3869e-01 (3.4743e-01)	Loss Disc 6.5338e-01 (6.5050e-01)	Loss Pred 5.6292e-01 (5.8665e-01)	Loss TOTAL 9.3538e-01 (9.7136e-01)
Epoch: [2][140/496]	L_Src_Sup 1.5585e-01 (2.1639e-01)	L_Trg_Inj 3.7601e-01 (3.5174e-01)	Loss Disc 6.5632e-01 (6.5057e-01)	Loss Pred 5.5190e-01 (5.8537e-01)	Loss TOTAL 9.3325e-01 (9.7024e-01)
Epoch: [2][150/496]	L_Src_Sup 2.4036e-01 (2.1566e-01)	L_Trg_Inj 2.6739e-01 (3.4964e-01)	Loss Disc 6.5490e-01 (6.5080e-01)	Loss Pred 5.5534e-01 (5.8361e-01)	Loss TOTAL 9.3357e-01 (9.6812e-01)
Epoch: [2][160/496]	L_Src_Sup 2.7036e-01 (2.1592e-01)	L_Trg_Inj 3.2319e-01 (3.4923e-01)	Loss Disc 6.5785e-01 (6.5104e-01)	Loss Pred 5.4437e-01 (5.8188e-01)	Loss TOTAL 9.3266e-01 (9.6736e-01)
Epoch: [2][170/496]	L_Src_Sup 2.8468e-01 (2.1625e-01)	L_Trg_Inj 2.8737e-01 (3.5018e-01)	Loss Disc 6.5783e-01 (6.5115e-01)	Loss Pred 5.4314e-01 (5.8064e-01)	Loss TOTAL 9.2926e-01 (9.6610e-01)
Epoch: [2][180/496]	L_Src_Sup 2.5823e-01 (2.1525e-01)	L_Trg_Inj 3.7777e-01 (3.5092e-01)	Loss Disc 6.5918e-01 (6.5130e-01)	Loss Pred 5.3716e-01 (5.7929e-01)	Loss TOTAL 9.3034e-01 (9.6462e-01)
Epoch: [2][190/496]	L_Src_Sup 2.1221e-01 (2.1505e-01)	L_Trg_Inj 4.6240e-01 (3.4720e-01)	Loss Disc 6.4598e-01 (6.5128e-01)	Loss Pred 5.8404e-01 (5.7868e-01)	Loss TOTAL 9.7449e-01 (9.6496e-01)
Epoch: [2][200/496]	L_Src_Sup 1.7869e-01 (2.1458e-01)	L_Trg_Inj 3.3525e-01 (3.4597e-01)	Loss Disc 6.5336e-01 (6.5138e-01)	Loss Pred 5.5657e-01 (5.7762e-01)	Loss TOTAL 9.3464e-01 (9.6356e-01)
Epoch: [2][210/496]	L_Src_Sup 1.9939e-01 (2.1374e-01)	L_Trg_Inj 3.7849e-01 (3.4599e-01)	Loss Disc 6.5034e-01 (6.5128e-01)	Loss Pred 5.6621e-01 (5.7729e-01)	Loss TOTAL 9.4917e-01 (9.6289e-01)
Epoch: [2][220/496]	L_Src_Sup 2.7922e-01 (2.1446e-01)	L_Trg_Inj 3.6705e-01 (3.4503e-01)	Loss Disc 6.5490e-01 (6.5123e-01)	Loss Pred 5.5453e-01 (5.7688e-01)	Loss TOTAL 9.4661e-01 (9.6305e-01)
Epoch: [2][230/496]	L_Src_Sup 2.1819e-01 (2.1389e-01)	L_Trg_Inj 2.9905e-01 (3.4494e-01)	Loss Disc 6.5335e-01 (6.5116e-01)	Loss Pred 5.5560e-01 (5.7654e-01)	Loss TOTAL 9.3400e-01 (9.6244e-01)
Epoch: [2][240/496]	L_Src_Sup 2.7758e-01 (2.1369e-01)	L_Trg_Inj 4.0878e-01 (3.4626e-01)	Loss Disc 6.5334e-01 (6.5109e-01)	Loss Pred 5.5548e-01 (5.7620e-01)	Loss TOTAL 9.5079e-01 (9.6217e-01)
Epoch: [2][250/496]	L_Src_Sup 2.0910e-01 (2.1293e-01)	L_Trg_Inj 3.5849e-01 (3.4603e-01)	Loss Disc 6.5337e-01 (6.5123e-01)	Loss Pred 5.5878e-01 (5.7522e-01)	Loss TOTAL 9.4222e-01 (9.6098e-01)
Epoch: [2][260/496]	L_Src_Sup 2.5730e-01 (2.1203e-01)	L_Trg_Inj 1.4712e-01 (3.4519e-01)	Loss Disc 6.5922e-01 (6.5110e-01)	Loss Pred 5.3469e-01 (5.7519e-01)	Loss TOTAL 1.0149e+00 (9.6097e-01)
Epoch: [2][270/496]	L_Src_Sup 2.7801e-01 (2.1271e-01)	L_Trg_Inj 3.7774e-01 (3.4596e-01)	Loss Disc 6.5331e-01 (6.5117e-01)	Loss Pred 5.5520e-01 (5.7453e-01)	Loss TOTAL 9.4743e-01 (9.6051e-01)
Epoch: [2][280/496]	L_Src_Sup 1.9830e-01 (2.1248e-01)	L_Trg_Inj 2.7840e-01 (3.4667e-01)	Loss Disc 6.5334e-01 (6.5107e-01)	Loss Pred 5.5505e-01 (5.7444e-01)	Loss TOTAL 9.2939e-01 (9.6026e-01)
Epoch: [2][290/496]	L_Src_Sup 1.4011e-01 (2.1187e-01)	L_Trg_Inj 3.1812e-01 (3.4674e-01)	Loss Disc 6.5184e-01 (6.5106e-01)	Loss Pred 5.6006e-01 (5.7407e-01)	Loss TOTAL 9.3180e-01 (9.5968e-01)
Epoch: [2][300/496]	L_Src_Sup 2.3926e-01 (2.1305e-01)	L_Trg_Inj 3.3714e-01 (3.4489e-01)	Loss Disc 6.6511e-01 (6.5119e-01)	Loss Pred 5.1372e-01 (5.7326e-01)	Loss TOTAL 9.0392e-01 (9.5906e-01)
Epoch: [2][310/496]	L_Src_Sup 1.2341e-01 (2.1213e-01)	L_Trg_Inj 4.3471e-01 (3.4598e-01)	Loss Disc 6.4887e-01 (6.5111e-01)	Loss Pred 5.7026e-01 (5.7318e-01)	Loss TOTAL 9.5050e-01 (9.5882e-01)
Epoch: [2][320/496]	L_Src_Sup 3.1128e-01 (2.1178e-01)	L_Trg_Inj 2.9758e-01 (3.4563e-01)	Loss Disc 6.3715e-01 (6.5103e-01)	Loss Pred 6.1129e-01 (5.7313e-01)	Loss TOTAL 1.0044e+00 (9.5857e-01)
Epoch: [2][330/496]	L_Src_Sup 1.6947e-01 (2.1048e-01)	L_Trg_Inj 3.1759e-01 (3.4566e-01)	Loss Disc 6.6215e-01 (6.5110e-01)	Loss Pred 5.4644e-01 (5.7264e-01)	Loss TOTAL 9.2622e-01 (9.5786e-01)
Epoch: [2][340/496]	L_Src_Sup 3.0226e-01 (2.1062e-01)	L_Trg_Inj 2.7330e-01 (3.4586e-01)	Loss Disc 6.6071e-01 (6.5113e-01)	Loss Pred 5.2892e-01 (5.7224e-01)	Loss TOTAL 9.4578e-01 (9.5758e-01)
Epoch: [2][350/496]	L_Src_Sup 2.1387e-01 (2.1144e-01)	L_Trg_Inj 4.1461e-01 (3.4678e-01)	Loss Disc 6.5628e-01 (6.5116e-01)	Loss Pred 5.4412e-01 (5.7185e-01)	Loss TOTAL 9.3511e-01 (9.5727e-01)
Epoch: [2][360/496]	L_Src_Sup 1.8005e-01 (2.1122e-01)	L_Trg_Inj 3.7796e-01 (3.4624e-01)	Loss Disc 6.5184e-01 (6.5119e-01)	Loss Pred 5.5966e-01 (5.7150e-01)	Loss TOTAL 9.4138e-01 (9.5675e-01)
Epoch: [2][370/496]	L_Src_Sup 2.1739e-01 (2.1046e-01)	L_Trg_Inj 3.9747e-01 (3.4632e-01)	Loss Disc 6.4012e-01 (6.5122e-01)	Loss Pred 6.0219e-01 (5.7115e-01)	Loss TOTAL 9.8374e-01 (9.5624e-01)
Epoch: [2][380/496]	L_Src_Sup 1.9114e-01 (2.1136e-01)	L_Trg_Inj 3.4547e-01 (3.4557e-01)	Loss Disc 6.5921e-01 (6.5134e-01)	Loss Pred 5.3330e-01 (5.7048e-01)	Loss TOTAL 9.1657e-01 (9.5573e-01)
Epoch: [2][390/496]	L_Src_Sup 2.6280e-01 (2.1060e-01)	L_Trg_Inj 3.5699e-01 (3.4572e-01)	Loss Disc 6.5035e-01 (6.5132e-01)	Loss Pred 5.6501e-01 (5.7034e-01)	Loss TOTAL 9.5216e-01 (9.5542e-01)
Epoch: [2][400/496]	L_Src_Sup 2.9719e-01 (2.1104e-01)	L_Trg_Inj 3.4337e-01 (3.4636e-01)	Loss Disc 6.5329e-01 (6.5126e-01)	Loss Pred 5.5426e-01 (5.7033e-01)	Loss TOTAL 9.4496e-01 (9.5564e-01)
Epoch: [2][410/496]	L_Src_Sup 2.0273e-01 (2.1021e-01)	L_Trg_Inj 3.4854e-01 (3.4589e-01)	Loss Disc 6.6359e-01 (6.5139e-01)	Loss Pred 5.1688e-01 (5.6967e-01)	Loss TOTAL 9.0380e-01 (9.5481e-01)
Epoch: [2][420/496]	L_Src_Sup 1.0043e-01 (2.0990e-01)	L_Trg_Inj 4.4317e-01 (3.4446e-01)	Loss Disc 6.5177e-01 (6.5136e-01)	Loss Pred 5.6058e-01 (5.6958e-01)	Loss TOTAL 9.4082e-01 (9.5459e-01)
Epoch: [2][430/496]	L_Src_Sup 2.9817e-01 (2.0926e-01)	L_Trg_Inj 3.4297e-01 (3.4557e-01)	Loss Disc 6.5182e-01 (6.5128e-01)	Loss Pred 5.5960e-01 (5.6970e-01)	Loss TOTAL 9.4962e-01 (9.5463e-01)
Epoch: [2][440/496]	L_Src_Sup 2.2244e-01 (2.0907e-01)	L_Trg_Inj 3.1036e-01 (3.4524e-01)	Loss Disc 6.5039e-01 (6.5133e-01)	Loss Pred 5.6489e-01 (5.6936e-01)	Loss TOTAL 9.4336e-01 (9.5418e-01)
Epoch: [2][450/496]	L_Src_Sup 1.9102e-01 (2.0893e-01)	L_Trg_Inj 4.1191e-01 (3.4456e-01)	Loss Disc 6.5920e-01 (6.5135e-01)	Loss Pred 5.3292e-01 (5.6910e-01)	Loss TOTAL 9.2281e-01 (9.5383e-01)
Epoch: [2][460/496]	L_Src_Sup 2.0901e-01 (2.0980e-01)	L_Trg_Inj 2.7422e-01 (3.4356e-01)	Loss Disc 6.4595e-01 (6.5134e-01)	Loss Pred 5.8119e-01 (5.6896e-01)	Loss TOTAL 9.5249e-01 (9.5421e-01)
Epoch: [2][470/496]	L_Src_Sup 1.6524e-01 (2.0900e-01)	L_Trg_Inj 4.1036e-01 (3.4452e-01)	Loss Disc 6.4734e-01 (6.5127e-01)	Loss Pred 5.7542e-01 (5.6909e-01)	Loss TOTAL 9.5665e-01 (9.5423e-01)
Epoch: [2][480/496]	L_Src_Sup 1.2511e-01 (2.0886e-01)	L_Trg_Inj 4.4299e-01 (3.4467e-01)	Loss Disc 6.4590e-01 (6.5124e-01)	Loss Pred 5.8065e-01 (5.6903e-01)	Loss TOTAL 9.6041e-01 (9.5408e-01)
Epoch: [2][490/496]	L_Src_Sup 2.3778e-01 (2.0867e-01)	L_Trg_Inj 4.7686e-01 (3.4466e-01)	Loss Disc 6.5323e-01 (6.5125e-01)	Loss Pred 5.5419e-01 (5.6887e-01)	Loss TOTAL 9.5227e-01 (9.5381e-01)
Epoch: [2][496/496]	L_Src_Sup 3.8164e-02 (2.0816e-01)	L_Trg_Inj 2.3785e-01 (3.4403e-01)	Loss Disc 6.5919e-01 (6.5124e-01)	Loss Pred 5.3312e-01 (5.6881e-01)	Loss TOTAL 8.9031e-01 (9.5359e-01)
Epoch 2 complete. Saving model state...
Epoch: [3][ 10/496]	L_Src_Sup 1.9697e-01 (2.1789e-01)	L_Trg_Inj 3.0446e-01 (3.2376e-01)	Loss Disc 6.4012e-01 (6.5065e-01)	Loss Pred 6.0192e-01 (5.6408e-01)	Loss TOTAL 9.7212e-01 (9.6305e-01)
Epoch: [3][ 20/496]	L_Src_Sup 2.4392e-01 (2.1166e-01)	L_Trg_Inj 3.3251e-01 (3.2034e-01)	Loss Disc 6.6214e-01 (6.5227e-01)	Loss Pred 5.2214e-01 (5.5805e-01)	Loss TOTAL 9.1086e-01 (9.4849e-01)
Epoch: [3][ 30/496]	L_Src_Sup 1.8605e-01 (2.0954e-01)	L_Trg_Inj 3.6206e-01 (3.2825e-01)	Loss Disc 6.4738e-01 (6.5129e-01)	Loss Pred 5.7536e-01 (5.6152e-01)	Loss TOTAL 9.5386e-01 (9.4975e-01)
Epoch: [3][ 40/496]	L_Src_Sup 2.3564e-01 (2.0693e-01)	L_Trg_Inj 3.5689e-01 (3.2230e-01)	Loss Disc 6.4292e-01 (6.5068e-01)	Loss Pred 5.9160e-01 (5.6367e-01)	Loss TOTAL 9.7231e-01 (9.4854e-01)
Epoch: [3][ 50/496]	L_Src_Sup 1.9651e-01 (2.0595e-01)	L_Trg_Inj 2.9407e-01 (3.2138e-01)	Loss Disc 6.5478e-01 (6.5064e-01)	Loss Pred 5.4889e-01 (5.6378e-01)	Loss TOTAL 9.2534e-01 (9.4717e-01)
Epoch: [3][ 60/496]	L_Src_Sup 1.0761e-01 (2.0201e-01)	L_Trg_Inj 3.2682e-01 (3.1542e-01)	Loss Disc 6.4149e-01 (6.5032e-01)	Loss Pred 5.9634e-01 (5.6492e-01)	Loss TOTAL 9.6053e-01 (9.4645e-01)
Epoch: [3][ 70/496]	L_Src_Sup 2.4012e-01 (2.0142e-01)	L_Trg_Inj 2.8956e-01 (3.1697e-01)	Loss Disc 6.5182e-01 (6.5041e-01)	Loss Pred 5.5939e-01 (5.6459e-01)	Loss TOTAL 9.3827e-01 (9.4560e-01)
Epoch: [3][ 80/496]	L_Src_Sup 2.1381e-01 (2.0256e-01)	L_Trg_Inj 2.5252e-01 (3.1377e-01)	Loss Disc 6.5623e-01 (6.5021e-01)	Loss Pred 5.4380e-01 (5.6525e-01)	Loss TOTAL 9.1854e-01 (9.4576e-01)
Epoch: [3][ 90/496]	L_Src_Sup 2.2457e-01 (2.0350e-01)	L_Trg_Inj 3.9581e-01 (3.1846e-01)	Loss Disc 6.4885e-01 (6.5052e-01)	Loss Pred 5.6996e-01 (5.6419e-01)	Loss TOTAL 9.5642e-01 (9.4507e-01)
Epoch: [3][100/496]	L_Src_Sup 1.2805e-01 (2.0333e-01)	L_Trg_Inj 3.4939e-01 (3.1558e-01)	Loss Disc 6.4299e-01 (6.5067e-01)	Loss Pred 5.9127e-01 (5.6367e-01)	Loss TOTAL 9.6051e-01 (9.4521e-01)
Epoch: [3][110/496]	L_Src_Sup 2.2988e-01 (2.0394e-01)	L_Trg_Inj 2.9128e-01 (3.1311e-01)	Loss Disc 6.5923e-01 (6.5101e-01)	Loss Pred 5.3279e-01 (5.6240e-01)	Loss TOTAL 9.1452e-01 (9.4424e-01)
Epoch: [3][120/496]	L_Src_Sup 1.2381e-01 (2.0332e-01)	L_Trg_Inj 3.5205e-01 (3.1766e-01)	Loss Disc 6.4737e-01 (6.5076e-01)	Loss Pred 5.7530e-01 (5.6332e-01)	Loss TOTAL 9.4657e-01 (9.4505e-01)
Epoch: [3][130/496]	L_Src_Sup 2.1074e-01 (2.0352e-01)	L_Trg_Inj 2.5997e-01 (3.1634e-01)	Loss Disc 6.4442e-01 (6.5059e-01)	Loss Pred 5.8581e-01 (5.6391e-01)	Loss TOTAL 9.5509e-01 (9.4513e-01)
Epoch: [3][140/496]	L_Src_Sup 1.6669e-01 (2.0355e-01)	L_Trg_Inj 3.8521e-01 (3.1802e-01)	Loss Disc 6.4589e-01 (6.5057e-01)	Loss Pred 5.8041e-01 (5.6396e-01)	Loss TOTAL 9.5855e-01 (9.4506e-01)
Epoch: [3][150/496]	L_Src_Sup 5.8887e-02 (2.0304e-01)	L_Trg_Inj 2.6731e-01 (3.1644e-01)	Loss Disc 6.5479e-01 (6.5074e-01)	Loss Pred 5.4868e-01 (5.6335e-01)	Loss TOTAL 9.0869e-01 (9.4414e-01)
Epoch: [3][160/496]	L_Src_Sup 3.2660e-01 (2.0460e-01)	L_Trg_Inj 2.9766e-01 (3.1596e-01)	Loss Disc 6.4884e-01 (6.5062e-01)	Loss Pred 5.6990e-01 (5.6376e-01)	Loss TOTAL 9.8569e-01 (9.4484e-01)
Epoch: [3][170/496]	L_Src_Sup 2.2006e-01 (2.0346e-01)	L_Trg_Inj 3.2350e-01 (3.1776e-01)	Loss Disc 6.5178e-01 (6.5065e-01)	Loss Pred 5.5933e-01 (5.6366e-01)	Loss TOTAL 9.3957e-01 (9.4459e-01)
Epoch: [3][180/496]	L_Src_Sup 3.1705e-01 (2.0366e-01)	L_Trg_Inj 3.4411e-01 (3.1589e-01)	Loss Disc 6.5322e-01 (6.5058e-01)	Loss Pred 5.5413e-01 (5.6394e-01)	Loss TOTAL 9.4686e-01 (9.4540e-01)
Epoch: [3][190/496]	L_Src_Sup 2.3425e-01 (2.0369e-01)	L_Trg_Inj 3.0856e-01 (3.1444e-01)	Loss Disc 6.4297e-01 (6.5048e-01)	Loss Pred 5.9085e-01 (5.6428e-01)	Loss TOTAL 9.6661e-01 (9.4564e-01)
Epoch: [3][200/496]	L_Src_Sup 2.4822e-01 (2.0351e-01)	L_Trg_Inj 3.7048e-01 (3.1415e-01)	Loss Disc 6.4745e-01 (6.5080e-01)	Loss Pred 5.7533e-01 (5.6311e-01)	Loss TOTAL 9.6093e-01 (9.4448e-01)
Epoch: [3][210/496]	L_Src_Sup 1.5912e-01 (2.0365e-01)	L_Trg_Inj 2.8467e-01 (3.1424e-01)	Loss Disc 6.3425e-01 (6.5087e-01)	Loss Pred 6.2436e-01 (5.6284e-01)	Loss TOTAL 9.8586e-01 (9.4408e-01)
Epoch: [3][220/496]	L_Src_Sup 1.4729e-01 (2.0219e-01)	L_Trg_Inj 3.3527e-01 (3.1203e-01)	Loss Disc 6.4588e-01 (6.5079e-01)	Loss Pred 5.8094e-01 (5.6312e-01)	Loss TOTAL 9.5214e-01 (9.4393e-01)
Epoch: [3][230/496]	L_Src_Sup 1.6185e-01 (2.0179e-01)	L_Trg_Inj 3.3789e-01 (3.1197e-01)	Loss Disc 6.5182e-01 (6.5074e-01)	Loss Pred 5.5954e-01 (5.6331e-01)	Loss TOTAL 9.3543e-01 (9.4410e-01)
Epoch: [3][240/496]	L_Src_Sup 2.0008e-01 (2.0176e-01)	L_Trg_Inj 2.8591e-01 (3.1414e-01)	Loss Disc 6.5178e-01 (6.5069e-01)	Loss Pred 5.5923e-01 (5.6349e-01)	Loss TOTAL 9.3372e-01 (9.4430e-01)
Epoch: [3][250/496]	L_Src_Sup 1.7782e-01 (2.0208e-01)	L_Trg_Inj 3.8020e-01 (3.1433e-01)	Loss Disc 6.3713e-01 (6.5068e-01)	Loss Pred 6.1262e-01 (5.6353e-01)	Loss TOTAL 9.8699e-01 (9.4435e-01)
Epoch: [3][260/496]	L_Src_Sup 2.8297e-01 (2.0211e-01)	L_Trg_Inj 3.2544e-01 (3.1371e-01)	Loss Disc 6.5190e-01 (6.5077e-01)	Loss Pred 5.5988e-01 (5.6323e-01)	Loss TOTAL 9.4667e-01 (9.4401e-01)
Epoch: [3][270/496]	L_Src_Sup 2.0857e-01 (2.0231e-01)	L_Trg_Inj 3.6947e-01 (3.1435e-01)	Loss Disc 6.4589e-01 (6.5084e-01)	Loss Pred 5.8114e-01 (5.6299e-01)	Loss TOTAL 9.6189e-01 (9.4375e-01)
Epoch: [3][280/496]	L_Src_Sup 1.8353e-01 (2.0164e-01)	L_Trg_Inj 3.5052e-01 (3.1465e-01)	Loss Disc 6.6502e-01 (6.5087e-01)	Loss Pred 5.1064e-01 (5.6286e-01)	Loss TOTAL 8.9656e-01 (9.4348e-01)
Epoch: [3][290/496]	L_Src_Sup 2.0841e-01 (2.0110e-01)	L_Trg_Inj 2.5092e-01 (3.1449e-01)	Loss Disc 6.4593e-01 (6.5091e-01)	Loss Pred 5.8093e-01 (5.6272e-01)	Loss TOTAL 9.4982e-01 (9.4316e-01)
Epoch: [3][300/496]	L_Src_Sup 1.9601e-01 (2.0041e-01)	L_Trg_Inj 1.5624e-02 (3.0688e-01)	Loss Disc 6.5474e-01 (6.5093e-01)	Loss Pred 5.4890e-01 (5.6266e-01)	Loss TOTAL 1.0778e+00 (9.4662e-01)
Epoch: [3][310/496]	L_Src_Sup 7.1373e-01 (2.0811e-01)	L_Trg_Inj 8.8180e-01 (3.0858e-01)	Loss Disc 6.6200e-01 (6.5104e-01)	Loss Pred 5.2593e-01 (5.6242e-01)	Loss TOTAL 1.0165e+00 (9.5067e-01)
Epoch: [3][320/496]	L_Src_Sup 4.8887e-01 (2.1448e-01)	L_Trg_Inj 2.6605e-01 (3.1021e-01)	Loss Disc 6.5472e-01 (6.5102e-01)	Loss Pred 5.5133e-01 (5.6255e-01)	Loss TOTAL 1.1770e+00 (9.5410e-01)
Epoch: [3][330/496]	L_Src_Sup 6.3487e-01 (2.2244e-01)	L_Trg_Inj 6.0650e-01 (3.1508e-01)	Loss Disc 6.5326e-01 (6.5103e-01)	Loss Pred 5.7862e-01 (5.6264e-01)	Loss TOTAL 1.0578e+00 (9.5627e-01)
Epoch: [3][340/496]	L_Src_Sup 4.2405e-01 (2.2610e-01)	L_Trg_Inj 1.7105e-01 (3.1357e-01)	Loss Disc 6.5035e-01 (6.5107e-01)	Loss Pred 5.6522e-01 (5.6251e-01)	Loss TOTAL 1.2029e+00 (9.5884e-01)
Epoch: [3][350/496]	L_Src_Sup 4.2336e-01 (2.3431e-01)	L_Trg_Inj 6.5332e-01 (3.1923e-01)	Loss Disc 6.4294e-01 (6.5114e-01)	Loss Pred 5.9241e-01 (5.6241e-01)	Loss TOTAL 1.0216e+00 (9.6105e-01)
Epoch: [3][360/496]	L_Src_Sup 3.1246e-01 (2.3936e-01)	L_Trg_Inj 4.1942e-01 (3.2360e-01)	Loss Disc 6.4586e-01 (6.5115e-01)	Loss Pred 5.8211e-01 (5.6236e-01)	Loss TOTAL 9.7823e-01 (9.6206e-01)
Epoch: [3][370/496]	L_Src_Sup 3.9130e-01 (2.4415e-01)	L_Trg_Inj 4.1395e-01 (3.2596e-01)	Loss Disc 6.5473e-01 (6.5115e-01)	Loss Pred 5.4967e-01 (5.6238e-01)	Loss TOTAL 9.5756e-01 (9.6356e-01)
Epoch: [3][380/496]	L_Src_Sup 2.9346e-01 (2.4726e-01)	L_Trg_Inj 3.4123e-01 (3.2491e-01)	Loss Disc 6.5326e-01 (6.5112e-01)	Loss Pred 5.5423e-01 (5.6261e-01)	Loss TOTAL 9.4433e-01 (9.6590e-01)
Epoch: [3][390/496]	L_Src_Sup 4.8991e-01 (2.4911e-01)	L_Trg_Inj 4.2047e-01 (3.2408e-01)	Loss Disc 6.4735e-01 (6.5116e-01)	Loss Pred 5.7577e-01 (5.6246e-01)	Loss TOTAL 1.0599e+00 (9.6629e-01)
Epoch: [3][400/496]	L_Src_Sup 3.8522e-01 (2.5248e-01)	L_Trg_Inj 3.5909e-01 (3.2747e-01)	Loss Disc 6.4439e-01 (6.5115e-01)	Loss Pred 5.8737e-01 (5.6249e-01)	Loss TOTAL 1.0101e+00 (9.6664e-01)
Epoch: [3][410/496]	L_Src_Sup 2.9285e-01 (2.5425e-01)	L_Trg_Inj 3.9874e-01 (3.2818e-01)	Loss Disc 6.4749e-01 (6.5111e-01)	Loss Pred 5.7959e-01 (5.6271e-01)	Loss TOTAL 9.7249e-01 (9.6757e-01)
Epoch: [3][420/496]	L_Src_Sup 3.5157e-01 (2.5576e-01)	L_Trg_Inj 2.9691e-01 (3.2848e-01)	Loss Disc 6.4882e-01 (6.5108e-01)	Loss Pred 5.7016e-01 (5.6281e-01)	Loss TOTAL 1.0141e+00 (9.6792e-01)
Epoch: [3][430/496]	L_Src_Sup 2.8771e-01 (2.5689e-01)	L_Trg_Inj 1.7114e-01 (3.2782e-01)	Loss Disc 6.4733e-01 (6.5106e-01)	Loss Pred 5.7561e-01 (5.6292e-01)	Loss TOTAL 1.0617e+00 (9.6900e-01)
Epoch: [3][440/496]	L_Src_Sup 4.6604e-01 (2.5708e-01)	L_Trg_Inj 9.5224e-02 (3.2382e-01)	Loss Disc 6.4380e-01 (6.5108e-01)	Loss Pred 6.0433e-01 (5.6288e-01)	Loss TOTAL 1.3532e+00 (9.7082e-01)
Epoch: [3][450/496]	L_Src_Sup 3.3315e-01 (2.5750e-01)	L_Trg_Inj 1.8735e-01 (3.2055e-01)	Loss Disc 6.5768e-01 (6.5104e-01)	Loss Pred 5.3832e-01 (5.6301e-01)	Loss TOTAL 1.0650e+00 (9.7236e-01)
Epoch: [3][460/496]	L_Src_Sup 8.5663e-02 (2.5763e-01)	L_Trg_Inj 1.6636e-01 (3.1819e-01)	Loss Disc 6.4143e-01 (6.5098e-01)	Loss Pred 5.9662e-01 (5.6323e-01)	Loss TOTAL 9.4253e-01 (9.7317e-01)
Epoch: [3][470/496]	L_Src_Sup 3.4064e-01 (2.5842e-01)	L_Trg_Inj 3.0376e-01 (3.1602e-01)	Loss Disc 6.6360e-01 (6.5098e-01)	Loss Pred 5.1764e-01 (5.6322e-01)	Loss TOTAL 9.5076e-01 (9.7424e-01)
Epoch: [3][480/496]	L_Src_Sup 2.6344e-01 (2.5902e-01)	L_Trg_Inj 2.4401e-01 (3.1538e-01)	Loss Disc 6.6655e-01 (6.5099e-01)	Loss Pred 5.0708e-01 (5.6316e-01)	Loss TOTAL 9.1054e-01 (9.7441e-01)
Epoch: [3][490/496]	L_Src_Sup 2.8844e-01 (2.5903e-01)	L_Trg_Inj 1.7016e-01 (3.1343e-01)	Loss Disc 6.4883e-01 (6.5102e-01)	Loss Pred 5.7003e-01 (5.6302e-01)	Loss TOTAL 1.0586e+00 (9.7477e-01)
Epoch: [3][496/496]	L_Src_Sup 3.3856e-01 (2.5992e-01)	L_Trg_Inj 2.8511e-01 (3.1220e-01)	Loss Disc 6.6066e-01 (6.5109e-01)	Loss Pred 5.2757e-01 (5.6277e-01)	Loss TOTAL 9.7371e-01 (9.7567e-01)
Epoch 3 complete. Saving model state...
Epoch: [4][ 10/496]	L_Src_Sup 2.2395e-01 (2.7563e-01)	L_Trg_Inj 2.3961e-01 (3.4134e-01)	Loss Disc 6.6211e-01 (6.4941e-01)	Loss Pred 5.2251e-01 (5.6826e-01)	Loss TOTAL 8.9992e-01 (9.6827e-01)
Epoch: [4][ 20/496]	L_Src_Sup 3.7304e-01 (2.9558e-01)	L_Trg_Inj 3.1985e-01 (3.5127e-01)	Loss Disc 6.5621e-01 (6.5023e-01)	Loss Pred 5.4334e-01 (5.6533e-01)	Loss TOTAL 9.9392e-01 (9.6667e-01)
Epoch: [4][ 30/496]	L_Src_Sup 4.3948e-01 (3.5359e-01)	L_Trg_Inj 5.5649e-01 (3.9391e-01)	Loss Disc 6.5769e-01 (6.5124e-01)	Loss Pred 5.3782e-01 (5.6236e-01)	Loss TOTAL 9.6627e-01 (9.8185e-01)
Epoch: [4][ 40/496]	L_Src_Sup 3.6700e-01 (3.5833e-01)	L_Trg_Inj 4.5239e-01 (4.1904e-01)	Loss Disc 6.4883e-01 (6.5131e-01)	Loss Pred 5.7016e-01 (5.6188e-01)	Loss TOTAL 9.7651e-01 (9.8168e-01)
Epoch: [4][ 50/496]	L_Src_Sup 4.9483e-01 (3.7167e-01)	L_Trg_Inj 6.1283e-01 (4.3376e-01)	Loss Disc 6.5327e-01 (6.5176e-01)	Loss Pred 5.5389e-01 (5.6004e-01)	Loss TOTAL 9.9130e-01 (9.8465e-01)
Epoch: [4][ 60/496]	L_Src_Sup 5.3175e-01 (3.7996e-01)	L_Trg_Inj 5.3688e-01 (4.4509e-01)	Loss Disc 6.5177e-01 (6.5122e-01)	Loss Pred 5.5928e-01 (5.6191e-01)	Loss TOTAL 9.9203e-01 (9.8682e-01)
Epoch: [4][ 70/496]	L_Src_Sup 4.6826e-01 (3.8129e-01)	L_Trg_Inj 4.1121e-01 (4.4878e-01)	Loss Disc 6.4883e-01 (6.5117e-01)	Loss Pred 5.7152e-01 (5.6206e-01)	Loss TOTAL 1.0409e+00 (9.8656e-01)
Epoch: [4][ 80/496]	L_Src_Sup 4.3402e-01 (3.8212e-01)	L_Trg_Inj 3.7479e-01 (4.5249e-01)	Loss Disc 6.5472e-01 (6.5054e-01)	Loss Pred 5.5020e-01 (5.6432e-01)	Loss TOTAL 1.0177e+00 (9.8839e-01)
Epoch: [4][ 90/496]	L_Src_Sup 2.2882e-01 (3.7184e-01)	L_Trg_Inj 2.9629e-01 (4.3839e-01)	Loss Disc 6.5031e-01 (6.5078e-01)	Loss Pred 5.6500e-01 (5.6352e-01)	Loss TOTAL 9.4266e-01 (9.8623e-01)
Epoch: [4][100/496]	L_Src_Sup 2.7619e-01 (3.6424e-01)	L_Trg_Inj 6.4146e-01 (4.3507e-01)	Loss Disc 6.6507e-01 (6.5081e-01)	Loss Pred 5.1157e-01 (5.6342e-01)	Loss TOTAL 9.3587e-01 (9.8398e-01)
Epoch: [4][110/496]	L_Src_Sup 2.6994e-01 (3.6154e-01)	L_Trg_Inj 2.5856e-01 (4.2991e-01)	Loss Disc 6.5474e-01 (6.5098e-01)	Loss Pred 5.4890e-01 (5.6282e-01)	Loss TOTAL 9.4049e-01 (9.8232e-01)
Epoch: [4][120/496]	L_Src_Sup 3.8060e-01 (3.6173e-01)	L_Trg_Inj 3.0449e-01 (4.2834e-01)	Loss Disc 6.4439e-01 (6.5096e-01)	Loss Pred 5.8769e-01 (5.6289e-01)	Loss TOTAL 1.0545e+00 (9.8263e-01)
Epoch: [4][130/496]	L_Src_Sup 1.8949e-01 (3.5846e-01)	L_Trg_Inj 5.3806e-01 (4.2054e-01)	Loss Disc 6.4436e-01 (6.5071e-01)	Loss Pred 5.8605e-01 (5.6376e-01)	Loss TOTAL 9.8099e-01 (9.8444e-01)
Epoch: [4][140/496]	L_Src_Sup 2.0286e-01 (3.5443e-01)	L_Trg_Inj 2.6967e-01 (4.2038e-01)	Loss Disc 6.4887e-01 (6.5098e-01)	Loss Pred 5.7001e-01 (5.6276e-01)	Loss TOTAL 9.4170e-01 (9.8191e-01)
Epoch: [4][150/496]	L_Src_Sup 3.1979e-01 (3.5271e-01)	L_Trg_Inj 1.9921e-01 (4.1525e-01)	Loss Disc 6.5174e-01 (6.5083e-01)	Loss Pred 5.5956e-01 (5.6329e-01)	Loss TOTAL 1.0579e+00 (9.8332e-01)
Epoch: [4][160/496]	L_Src_Sup 2.2493e-01 (3.4771e-01)	L_Trg_Inj 1.9687e-01 (4.0683e-01)	Loss Disc 6.3843e-01 (6.5064e-01)	Loss Pred 6.0812e-01 (5.6399e-01)	Loss TOTAL 9.9757e-01 (9.8370e-01)
Epoch: [4][170/496]	L_Src_Sup 3.9228e-01 (3.4384e-01)	L_Trg_Inj 1.9076e-01 (3.9882e-01)	Loss Disc 6.4943e-01 (6.5073e-01)	Loss Pred 5.7240e-01 (5.6372e-01)	Loss TOTAL 1.1569e+00 (9.8356e-01)
Epoch: [4][180/496]	L_Src_Sup 3.7509e-01 (3.4117e-01)	L_Trg_Inj 2.9052e-01 (3.9379e-01)	Loss Disc 6.5326e-01 (6.5081e-01)	Loss Pred 5.5527e-01 (5.6347e-01)	Loss TOTAL 1.0330e+00 (9.8274e-01)
Epoch: [4][190/496]	L_Src_Sup 4.7395e-01 (3.4331e-01)	L_Trg_Inj 3.5382e-01 (3.9373e-01)	Loss Disc 6.5179e-01 (6.5089e-01)	Loss Pred 5.5926e-01 (5.6313e-01)	Loss TOTAL 1.0881e+00 (9.8347e-01)
Epoch: [4][200/496]	L_Src_Sup 3.5892e-01 (3.4674e-01)	L_Trg_Inj 4.5178e-01 (3.9592e-01)	Loss Disc 6.5325e-01 (6.5100e-01)	Loss Pred 5.5384e-01 (5.6273e-01)	Loss TOTAL 9.6154e-01 (9.8444e-01)
Epoch: [4][210/496]	L_Src_Sup 4.6405e-01 (3.4980e-01)	L_Trg_Inj 2.9522e-01 (3.9879e-01)	Loss Disc 6.5620e-01 (6.5088e-01)	Loss Pred 5.4322e-01 (5.6313e-01)	Loss TOTAL 1.1161e+00 (9.8560e-01)
Epoch: [4][220/496]	L_Src_Sup 3.8955e-01 (3.4702e-01)	L_Trg_Inj 4.8901e-01 (3.9697e-01)	Loss Disc 6.5475e-01 (6.5095e-01)	Loss Pred 5.4848e-01 (5.6283e-01)	Loss TOTAL 9.6371e-01 (9.8459e-01)
Epoch: [4][230/496]	L_Src_Sup 2.9904e-01 (3.4540e-01)	L_Trg_Inj 2.6843e-01 (3.9596e-01)	Loss Disc 6.4587e-01 (6.5094e-01)	Loss Pred 5.8141e-01 (5.6288e-01)	Loss TOTAL 9.9170e-01 (9.8358e-01)
Epoch: [4][240/496]	L_Src_Sup 3.1817e-01 (3.4405e-01)	L_Trg_Inj 3.9952e-01 (3.9488e-01)	Loss Disc 6.5917e-01 (6.5100e-01)	Loss Pred 5.3267e-01 (5.6264e-01)	Loss TOTAL 9.3402e-01 (9.8266e-01)
Epoch: [4][250/496]	L_Src_Sup 3.8346e-01 (3.4323e-01)	L_Trg_Inj 3.5931e-01 (3.9266e-01)	Loss Disc 6.4881e-01 (6.5098e-01)	Loss Pred 5.7005e-01 (5.6271e-01)	Loss TOTAL 9.9289e-01 (9.8288e-01)
Epoch: [4][260/496]	L_Src_Sup 2.4226e-01 (3.4016e-01)	L_Trg_Inj 3.0165e-01 (3.9064e-01)	Loss Disc 6.5031e-01 (6.5099e-01)	Loss Pred 5.6491e-01 (5.6265e-01)	Loss TOTAL 9.4446e-01 (9.8209e-01)
Epoch: [4][270/496]	L_Src_Sup 3.1855e-01 (3.3902e-01)	L_Trg_Inj 2.4038e-01 (3.8984e-01)	Loss Disc 6.5023e-01 (6.5101e-01)	Loss Pred 5.7190e-01 (5.6261e-01)	Loss TOTAL 1.0311e+00 (9.8157e-01)
Epoch: [4][280/496]	L_Src_Sup 1.3380e-01 (3.3559e-01)	L_Trg_Inj 3.2072e-01 (3.8527e-01)	Loss Disc 6.5770e-01 (6.5106e-01)	Loss Pred 5.3843e-01 (5.6250e-01)	Loss TOTAL 9.1273e-01 (9.8108e-01)
Epoch: [4][290/496]	L_Src_Sup 2.5744e-01 (3.3310e-01)	L_Trg_Inj 2.7454e-01 (3.7972e-01)	Loss Disc 6.5324e-01 (6.5097e-01)	Loss Pred 5.5428e-01 (5.6281e-01)	Loss TOTAL 9.3410e-01 (9.8163e-01)
Epoch: [4][300/496]	L_Src_Sup 3.9223e-01 (3.3261e-01)	L_Trg_Inj 4.3736e-01 (3.7786e-01)	Loss Disc 6.6212e-01 (6.5110e-01)	Loss Pred 5.2163e-01 (5.6232e-01)	Loss TOTAL 9.3565e-01 (9.8150e-01)
Epoch: [4][310/496]	L_Src_Sup 3.2213e-01 (3.3291e-01)	L_Trg_Inj 3.1172e-01 (3.8016e-01)	Loss Disc 6.5030e-01 (6.5106e-01)	Loss Pred 5.6480e-01 (5.6255e-01)	Loss TOTAL 9.6375e-01 (9.8130e-01)
Epoch: [4][320/496]	L_Src_Sup 1.8243e-01 (3.3019e-01)	L_Trg_Inj 3.8447e-01 (3.8073e-01)	Loss Disc 6.4144e-01 (6.5102e-01)	Loss Pred 5.9717e-01 (5.6269e-01)	Loss TOTAL 9.7458e-01 (9.8053e-01)
Epoch: [4][330/496]	L_Src_Sup 1.8368e-01 (3.2788e-01)	L_Trg_Inj 3.4172e-01 (3.7849e-01)	Loss Disc 6.4883e-01 (6.5103e-01)	Loss Pred 5.7014e-01 (5.6261e-01)	Loss TOTAL 9.4710e-01 (9.7968e-01)
Epoch: [4][340/496]	L_Src_Sup 2.3305e-01 (3.2556e-01)	L_Trg_Inj 2.1644e-01 (3.7630e-01)	Loss Disc 6.5623e-01 (6.5113e-01)	Loss Pred 5.4315e-01 (5.6227e-01)	Loss TOTAL 9.3283e-01 (9.7904e-01)
Epoch: [4][350/496]	L_Src_Sup 4.2496e-01 (3.2644e-01)	L_Trg_Inj 3.9295e-01 (3.7657e-01)	Loss Disc 6.6361e-01 (6.5113e-01)	Loss Pred 5.1609e-01 (5.6225e-01)	Loss TOTAL 9.6168e-01 (9.7923e-01)
Epoch: [4][360/496]	L_Src_Sup 4.4654e-01 (3.2783e-01)	L_Trg_Inj 5.5495e-01 (3.8171e-01)	Loss Disc 6.4288e-01 (6.5106e-01)	Loss Pred 5.9176e-01 (5.6247e-01)	Loss TOTAL 1.0134e+00 (9.7952e-01)
Epoch: [4][370/496]	L_Src_Sup 3.3604e-01 (3.2744e-01)	L_Trg_Inj 2.7959e-01 (3.8397e-01)	Loss Disc 6.5472e-01 (6.5099e-01)	Loss Pred 5.4883e-01 (5.6272e-01)	Loss TOTAL 9.9421e-01 (9.7985e-01)
Epoch: [4][380/496]	L_Src_Sup 1.6828e-01 (3.2534e-01)	L_Trg_Inj 2.9586e-01 (3.8223e-01)	Loss Disc 6.6236e-01 (6.5096e-01)	Loss Pred 5.2458e-01 (5.6282e-01)	Loss TOTAL 9.0217e-01 (9.7949e-01)
Epoch: [4][390/496]	L_Src_Sup 3.8002e-01 (3.2520e-01)	L_Trg_Inj 3.6664e-01 (3.8110e-01)	Loss Disc 6.5179e-01 (6.5099e-01)	Loss Pred 5.5971e-01 (5.6272e-01)	Loss TOTAL 9.7365e-01 (9.7980e-01)
Epoch: [4][400/496]	L_Src_Sup 2.7762e-01 (3.2479e-01)	L_Trg_Inj 3.9230e-01 (3.8153e-01)	Loss Disc 6.5030e-01 (6.5100e-01)	Loss Pred 5.6485e-01 (5.6268e-01)	Loss TOTAL 9.5699e-01 (9.7923e-01)
Epoch: [4][410/496]	L_Src_Sup 3.4292e-01 (3.2430e-01)	L_Trg_Inj 3.7981e-01 (3.8088e-01)	Loss Disc 6.5031e-01 (6.5107e-01)	Loss Pred 5.6487e-01 (5.6242e-01)	Loss TOTAL 9.6230e-01 (9.7894e-01)
Epoch: [4][420/496]	L_Src_Sup 3.1114e-01 (3.2242e-01)	L_Trg_Inj 3.4066e-01 (3.7995e-01)	Loss Disc 6.3698e-01 (6.5102e-01)	Loss Pred 6.1347e-01 (5.6260e-01)	Loss TOTAL 9.9714e-01 (9.7846e-01)
Epoch: [4][430/496]	L_Src_Sup 2.0616e-01 (3.2042e-01)	L_Trg_Inj 1.4827e-01 (3.7738e-01)	Loss Disc 6.4734e-01 (6.5103e-01)	Loss Pred 5.8169e-01 (5.6261e-01)	Loss TOTAL 9.9871e-01 (9.7807e-01)
Epoch: [4][440/496]	L_Src_Sup 2.6693e-01 (3.1875e-01)	L_Trg_Inj 3.7788e-01 (3.7554e-01)	Loss Disc 6.5916e-01 (6.5105e-01)	Loss Pred 5.3298e-01 (5.6253e-01)	Loss TOTAL 9.2704e-01 (9.7773e-01)
Epoch: [4][450/496]	L_Src_Sup 2.1760e-01 (3.1721e-01)	L_Trg_Inj 3.4362e-01 (3.7622e-01)	Loss Disc 6.4143e-01 (6.5104e-01)	Loss Pred 5.9709e-01 (5.6255e-01)	Loss TOTAL 9.7392e-01 (9.7721e-01)
Epoch: [4][460/496]	L_Src_Sup 2.1627e-01 (3.1522e-01)	L_Trg_Inj 2.9596e-01 (3.7510e-01)	Loss Disc 6.5473e-01 (6.5105e-01)	Loss Pred 5.4893e-01 (5.6252e-01)	Loss TOTAL 9.2752e-01 (9.7649e-01)
Epoch: [4][470/496]	L_Src_Sup 3.0187e-01 (3.1394e-01)	L_Trg_Inj 4.2289e-01 (3.7382e-01)	Loss Disc 6.6064e-01 (6.5106e-01)	Loss Pred 5.2741e-01 (5.6249e-01)	Loss TOTAL 9.3021e-01 (9.7600e-01)
Epoch: [4][480/496]	L_Src_Sup 1.7010e-01 (3.1340e-01)	L_Trg_Inj 1.4484e-01 (3.7110e-01)	Loss Disc 6.4354e-01 (6.5098e-01)	Loss Pred 5.8537e-01 (5.6276e-01)	Loss TOTAL 9.6389e-01 (9.7685e-01)
Epoch: [4][490/496]	L_Src_Sup 2.7817e-01 (3.1195e-01)	L_Trg_Inj 2.6868e-01 (3.6868e-01)	Loss Disc 6.4584e-01 (6.5094e-01)	Loss Pred 5.8113e-01 (5.6290e-01)	Loss TOTAL 9.6822e-01 (9.7677e-01)
Epoch: [4][496/496]	L_Src_Sup 2.3298e-01 (3.1088e-01)	L_Trg_Inj 2.0414e-01 (3.6678e-01)	Loss Disc 6.5622e-01 (6.5094e-01)	Loss Pred 5.4365e-01 (5.6292e-01)	Loss TOTAL 9.4431e-01 (9.7657e-01)
Epoch 4 complete. Saving model state...
Epoch: [5][ 10/496]	L_Src_Sup 3.5525e-01 (3.0779e-01)	L_Trg_Inj 4.9947e-01 (4.7120e-01)	Loss Disc 6.4884e-01 (6.5194e-01)	Loss Pred 5.6995e-01 (5.5892e-01)	Loss TOTAL 9.7984e-01 (9.6279e-01)
Epoch: [5][ 20/496]	L_Src_Sup 1.7333e-01 (2.7881e-01)	L_Trg_Inj 3.1083e-01 (3.9745e-01)	Loss Disc 6.5769e-01 (6.5135e-01)	Loss Pred 5.3796e-01 (5.6103e-01)	Loss TOTAL 9.1522e-01 (9.6001e-01)
Epoch: [5][ 30/496]	L_Src_Sup 4.2437e-01 (2.9789e-01)	L_Trg_Inj 5.1621e-01 (4.0713e-01)	Loss Disc 6.5616e-01 (6.5140e-01)	Loss Pred 5.4458e-01 (5.6106e-01)	Loss TOTAL 9.6672e-01 (9.6444e-01)
Epoch: [5][ 40/496]	L_Src_Sup 3.6194e-01 (3.0639e-01)	L_Trg_Inj 3.5933e-01 (4.1851e-01)	Loss Disc 6.5917e-01 (6.5116e-01)	Loss Pred 5.3258e-01 (5.6182e-01)	Loss TOTAL 9.3690e-01 (9.6534e-01)
Epoch: [5][ 50/496]	L_Src_Sup 3.6345e-01 (3.0971e-01)	L_Trg_Inj 3.3109e-01 (4.2722e-01)	Loss Disc 6.5621e-01 (6.5076e-01)	Loss Pred 5.4345e-01 (5.6320e-01)	Loss TOTAL 9.7337e-01 (9.6728e-01)
Epoch: [5][ 60/496]	L_Src_Sup 2.9969e-01 (3.0060e-01)	L_Trg_Inj 2.6551e-01 (4.1086e-01)	Loss Disc 6.4441e-01 (6.5100e-01)	Loss Pred 5.8630e-01 (5.6231e-01)	Loss TOTAL 9.9921e-01 (9.6515e-01)
Epoch: [5][ 70/496]	L_Src_Sup 2.3291e-01 (3.0037e-01)	L_Trg_Inj 3.2084e-01 (4.0341e-01)	Loss Disc 6.5621e-01 (6.5133e-01)	Loss Pred 5.4317e-01 (5.6120e-01)	Loss TOTAL 9.2665e-01 (9.6559e-01)
Epoch: [5][ 80/496]	L_Src_Sup 3.5655e-01 (2.9717e-01)	L_Trg_Inj 3.2432e-01 (4.0019e-01)	Loss Disc 6.5326e-01 (6.5107e-01)	Loss Pred 5.5394e-01 (5.6216e-01)	Loss TOTAL 9.8089e-01 (9.6569e-01)
Epoch: [5][ 90/496]	L_Src_Sup 2.5975e-01 (2.9550e-01)	L_Trg_Inj 3.8831e-01 (3.9512e-01)	Loss Disc 6.5177e-01 (6.5103e-01)	Loss Pred 5.5931e-01 (5.6225e-01)	Loss TOTAL 9.5000e-01 (9.6487e-01)
Epoch: [5][100/496]	L_Src_Sup 1.6003e-01 (2.8999e-01)	L_Trg_Inj 3.4370e-01 (3.9337e-01)	Loss Disc 6.5178e-01 (6.5094e-01)	Loss Pred 5.5927e-01 (5.6254e-01)	Loss TOTAL 9.3553e-01 (9.6395e-01)
Epoch: [5][110/496]	L_Src_Sup 1.6790e-01 (2.8647e-01)	L_Trg_Inj 2.6741e-01 (3.8932e-01)	Loss Disc 6.4144e-01 (6.5086e-01)	Loss Pred 5.9774e-01 (5.6288e-01)	Loss TOTAL 9.6199e-01 (9.6298e-01)
Epoch: [5][120/496]	L_Src_Sup 3.8428e-01 (2.8399e-01)	L_Trg_Inj 3.1854e-01 (3.8106e-01)	Loss Disc 6.4144e-01 (6.5075e-01)	Loss Pred 5.9697e-01 (5.6330e-01)	Loss TOTAL 1.0537e+00 (9.6326e-01)
Epoch: [5][130/496]	L_Src_Sup 3.5147e-01 (2.8395e-01)	L_Trg_Inj 3.7453e-01 (3.7799e-01)	Loss Disc 6.5620e-01 (6.5076e-01)	Loss Pred 5.4222e-01 (5.6325e-01)	Loss TOTAL 9.4292e-01 (9.6259e-01)
Epoch: [5][140/496]	L_Src_Sup 3.1857e-01 (2.8501e-01)	L_Trg_Inj 3.3159e-01 (3.7702e-01)	Loss Disc 6.5772e-01 (6.5102e-01)	Loss Pred 5.3851e-01 (5.6238e-01)	Loss TOTAL 9.3238e-01 (9.6174e-01)
Epoch: [5][150/496]	L_Src_Sup 1.6163e-01 (2.8007e-01)	L_Trg_Inj 2.6132e-01 (3.7219e-01)	Loss Disc 6.5032e-01 (6.5134e-01)	Loss Pred 5.6523e-01 (5.6122e-01)	Loss TOTAL 9.3269e-01 (9.5926e-01)
Epoch: [5][160/496]	L_Src_Sup 4.3299e-01 (2.8260e-01)	L_Trg_Inj 3.6230e-01 (3.6858e-01)	Loss Disc 6.4735e-01 (6.5127e-01)	Loss Pred 5.7564e-01 (5.6146e-01)	Loss TOTAL 1.0495e+00 (9.6116e-01)
Epoch: [5][170/496]	L_Src_Sup 3.9286e-01 (2.8820e-01)	L_Trg_Inj 5.3188e-01 (3.7719e-01)	Loss Disc 6.5030e-01 (6.5119e-01)	Loss Pred 5.6463e-01 (5.6174e-01)	Loss TOTAL 9.8225e-01 (9.6229e-01)
Epoch: [5][180/496]	L_Src_Sup 3.6547e-01 (2.8919e-01)	L_Trg_Inj 4.9616e-01 (3.7900e-01)	Loss Disc 6.5769e-01 (6.5116e-01)	Loss Pred 5.3765e-01 (5.6185e-01)	Loss TOTAL 9.5266e-01 (9.6220e-01)
Epoch: [5][190/496]	L_Src_Sup 2.9140e-01 (2.8747e-01)	L_Trg_Inj 3.5799e-01 (3.7435e-01)	Loss Disc 6.5622e-01 (6.5102e-01)	Loss Pred 5.4400e-01 (5.6238e-01)	Loss TOTAL 9.3705e-01 (9.6205e-01)
Epoch: [5][200/496]	L_Src_Sup 2.3043e-01 (2.8567e-01)	L_Trg_Inj 3.9059e-01 (3.7029e-01)	Loss Disc 6.5768e-01 (6.5100e-01)	Loss Pred 5.3845e-01 (5.6246e-01)	Loss TOTAL 9.2939e-01 (9.6192e-01)
Epoch: [5][210/496]	L_Src_Sup 2.7084e-01 (2.8611e-01)	L_Trg_Inj 4.2006e-01 (3.6927e-01)	Loss Disc 6.4294e-01 (6.5101e-01)	Loss Pred 5.9153e-01 (5.6250e-01)	Loss TOTAL 9.8209e-01 (9.6249e-01)
Epoch: [5][220/496]	L_Src_Sup 2.0101e-01 (2.8422e-01)	L_Trg_Inj 2.6546e-01 (3.6766e-01)	Loss Disc 6.5032e-01 (6.5116e-01)	Loss Pred 5.6463e-01 (5.6196e-01)	Loss TOTAL 9.3644e-01 (9.6127e-01)
Epoch: [5][230/496]	L_Src_Sup 1.6566e-01 (2.8328e-01)	L_Trg_Inj 2.8114e-01 (3.6501e-01)	Loss Disc 6.5177e-01 (6.5090e-01)	Loss Pred 5.5992e-01 (5.6288e-01)	Loss TOTAL 9.3049e-01 (9.6252e-01)
Epoch: [5][240/496]	L_Src_Sup 3.5192e-01 (2.8198e-01)	L_Trg_Inj 3.8710e-01 (3.6131e-01)	Loss Disc 6.6359e-01 (6.5093e-01)	Loss Pred 5.1688e-01 (5.6277e-01)	Loss TOTAL 9.2257e-01 (9.6290e-01)
Epoch: [5][250/496]	L_Src_Sup 4.1218e-01 (2.8237e-01)	L_Trg_Inj 5.1490e-01 (3.6577e-01)	Loss Disc 6.4290e-01 (6.5090e-01)	Loss Pred 5.9136e-01 (5.6288e-01)	Loss TOTAL 1.0055e+00 (9.6306e-01)
Epoch: [5][260/496]	L_Src_Sup 3.8467e-01 (2.8395e-01)	L_Trg_Inj 5.1711e-01 (3.6868e-01)	Loss Disc 6.5769e-01 (6.5092e-01)	Loss Pred 5.3802e-01 (5.6279e-01)	Loss TOTAL 9.5704e-01 (9.6356e-01)
Epoch: [5][270/496]	L_Src_Sup 3.8457e-01 (2.8685e-01)	L_Trg_Inj 5.8105e-01 (3.7321e-01)	Loss Disc 6.5767e-01 (6.5084e-01)	Loss Pred 5.3799e-01 (5.6305e-01)	Loss TOTAL 9.6339e-01 (9.6437e-01)
Epoch: [5][280/496]	L_Src_Sup 2.8760e-01 (2.8795e-01)	L_Trg_Inj 5.1550e-01 (3.7627e-01)	Loss Disc 6.4585e-01 (6.5082e-01)	Loss Pred 5.8062e-01 (5.6313e-01)	Loss TOTAL 9.8386e-01 (9.6476e-01)
Epoch: [5][290/496]	L_Src_Sup 1.3614e-01 (2.8741e-01)	L_Trg_Inj 2.6412e-01 (3.7556e-01)	Loss Disc 6.5213e-01 (6.5074e-01)	Loss Pred 5.6263e-01 (5.6342e-01)	Loss TOTAL 9.2872e-01 (9.6465e-01)
Epoch: [5][300/496]	L_Src_Sup 2.1341e-01 (2.8543e-01)	L_Trg_Inj 2.5882e-01 (3.7196e-01)	Loss Disc 6.5767e-01 (6.5073e-01)	Loss Pred 5.3832e-01 (5.6354e-01)	Loss TOTAL 9.1438e-01 (9.6408e-01)
Epoch: [5][310/496]	L_Src_Sup 2.2226e-01 (2.8370e-01)	L_Trg_Inj 1.5625e-01 (3.6756e-01)	Loss Disc 6.5029e-01 (6.5078e-01)	Loss Pred 5.6479e-01 (5.6335e-01)	Loss TOTAL 9.9380e-01 (9.6403e-01)
Epoch: [5][320/496]	L_Src_Sup 2.7754e-01 (2.8162e-01)	L_Trg_Inj 3.6830e-01 (3.6527e-01)	Loss Disc 6.5325e-01 (6.5092e-01)	Loss Pred 5.5392e-01 (5.6287e-01)	Loss TOTAL 9.4513e-01 (9.6317e-01)
Epoch: [5][330/496]	L_Src_Sup 2.9063e-01 (2.8033e-01)	L_Trg_Inj 4.3272e-01 (3.6323e-01)	Loss Disc 6.5623e-01 (6.5089e-01)	Loss Pred 5.4448e-01 (5.6299e-01)	Loss TOTAL 9.4493e-01 (9.6353e-01)
Epoch: [5][340/496]	L_Src_Sup 3.1290e-01 (2.7940e-01)	L_Trg_Inj 3.2456e-01 (3.6293e-01)	Loss Disc 6.6359e-01 (6.5088e-01)	Loss Pred 5.1670e-01 (5.6300e-01)	Loss TOTAL 9.1225e-01 (9.6314e-01)
Epoch: [5][350/496]	L_Src_Sup 2.9569e-01 (2.7903e-01)	L_Trg_Inj 4.0624e-01 (3.6185e-01)	Loss Disc 6.5325e-01 (6.5086e-01)	Loss Pred 5.5390e-01 (5.6308e-01)	Loss TOTAL 9.5072e-01 (9.6308e-01)
Epoch: [5][360/496]	L_Src_Sup 2.4754e-01 (2.7809e-01)	L_Trg_Inj 1.7182e-01 (3.6045e-01)	Loss Disc 6.5912e-01 (6.5089e-01)	Loss Pred 5.3537e-01 (5.6305e-01)	Loss TOTAL 9.8257e-01 (9.6282e-01)
Epoch: [5][370/496]	L_Src_Sup 3.0457e-01 (2.7798e-01)	L_Trg_Inj 2.4994e-01 (3.5895e-01)	Loss Disc 6.5780e-01 (6.5095e-01)	Loss Pred 5.3641e-01 (5.6283e-01)	Loss TOTAL 9.7540e-01 (9.6284e-01)
Epoch: [5][380/496]	L_Src_Sup 3.7979e-01 (2.7783e-01)	L_Trg_Inj 1.7171e-01 (3.5773e-01)	Loss Disc 6.5900e-01 (6.5101e-01)	Loss Pred 5.3468e-01 (5.6258e-01)	Loss TOTAL 1.1274e+00 (9.6309e-01)
Epoch: [5][390/496]	L_Src_Sup 2.8018e-01 (2.7721e-01)	L_Trg_Inj 3.8675e-01 (3.5785e-01)	Loss Disc 6.5177e-01 (6.5104e-01)	Loss Pred 5.5921e-01 (5.6250e-01)	Loss TOTAL 9.5179e-01 (9.6285e-01)
Epoch: [5][400/496]	L_Src_Sup 2.4242e-01 (2.7684e-01)	L_Trg_Inj 3.1121e-01 (3.5787e-01)	Loss Disc 6.6213e-01 (6.5111e-01)	Loss Pred 5.2074e-01 (5.6221e-01)	Loss TOTAL 9.0717e-01 (9.6251e-01)
Epoch: [5][410/496]	L_Src_Sup 2.9773e-01 (2.7824e-01)	L_Trg_Inj 6.3921e-01 (3.5908e-01)	Loss Disc 6.4293e-01 (6.5108e-01)	Loss Pred 5.9212e-01 (5.6231e-01)	Loss TOTAL 1.0073e+00 (9.6294e-01)
Epoch: [5][420/496]	L_Src_Sup 3.7385e-01 (2.8031e-01)	L_Trg_Inj 6.3605e-01 (3.6369e-01)	Loss Disc 6.6211e-01 (6.5105e-01)	Loss Pred 5.2105e-01 (5.6255e-01)	Loss TOTAL 9.5309e-01 (9.6356e-01)
Epoch: [5][430/496]	L_Src_Sup 1.4146e-01 (2.8116e-01)	L_Trg_Inj 3.4143e-01 (3.6518e-01)	Loss Disc 6.5030e-01 (6.5105e-01)	Loss Pred 5.6459e-01 (5.6253e-01)	Loss TOTAL 9.3803e-01 (9.6395e-01)
Epoch: [5][440/496]	L_Src_Sup 2.4486e-01 (2.8164e-01)	L_Trg_Inj 3.5021e-01 (3.6479e-01)	Loss Disc 6.6065e-01 (6.5111e-01)	Loss Pred 5.2626e-01 (5.6229e-01)	Loss TOTAL 9.1609e-01 (9.6374e-01)
Epoch: [5][450/496]	L_Src_Sup 3.0918e-01 (2.8080e-01)	L_Trg_Inj 2.2965e-01 (3.6472e-01)	Loss Disc 6.5771e-01 (6.5115e-01)	Loss Pred 5.3703e-01 (5.6214e-01)	Loss TOTAL 9.9930e-01 (9.6344e-01)
Epoch: [5][460/496]	L_Src_Sup 2.3744e-01 (2.8090e-01)	L_Trg_Inj 3.5817e-01 (3.6275e-01)	Loss Disc 6.5325e-01 (6.5114e-01)	Loss Pred 5.5368e-01 (5.6216e-01)	Loss TOTAL 9.3987e-01 (9.6407e-01)
Epoch: [5][470/496]	L_Src_Sup 1.9417e-01 (2.8019e-01)	L_Trg_Inj 3.2803e-01 (3.6207e-01)	Loss Disc 6.5622e-01 (6.5115e-01)	Loss Pred 5.4257e-01 (5.6216e-01)	Loss TOTAL 9.2289e-01 (9.6379e-01)
Epoch: [5][480/496]	L_Src_Sup 2.7028e-01 (2.8009e-01)	L_Trg_Inj 3.6029e-01 (3.6176e-01)	Loss Disc 6.5620e-01 (6.5113e-01)	Loss Pred 5.4311e-01 (5.6223e-01)	Loss TOTAL 9.3427e-01 (9.6360e-01)
Epoch: [5][490/496]	L_Src_Sup 2.0883e-01 (2.8026e-01)	L_Trg_Inj 1.5353e-01 (3.6008e-01)	Loss Disc 6.4581e-01 (6.5106e-01)	Loss Pred 5.8293e-01 (5.6250e-01)	Loss TOTAL 9.9737e-01 (9.6409e-01)
Epoch: [5][496/496]	L_Src_Sup 1.8001e-01 (2.7971e-01)	L_Trg_Inj 2.9687e-01 (3.5897e-01)	Loss Disc 6.5179e-01 (6.5109e-01)	Loss Pred 5.5959e-01 (5.6237e-01)	Loss TOTAL 9.3318e-01 (9.6390e-01)
Epoch 5 complete. Saving model state...
Epoch: [6][ 10/496]	L_Src_Sup 1.1429e-01 (2.3362e-01)	L_Trg_Inj 2.4847e-01 (2.9247e-01)	Loss Disc 6.5917e-01 (6.5254e-01)	Loss Pred 5.3217e-01 (5.5647e-01)	Loss TOTAL 8.9803e-01 (9.5580e-01)
Epoch: [6][ 20/496]	L_Src_Sup 2.1475e-01 (2.3190e-01)	L_Trg_Inj 2.4224e-01 (2.6330e-01)	Loss Disc 6.3996e-01 (6.5111e-01)	Loss Pred 6.0305e-01 (5.6185e-01)	Loss TOTAL 9.6873e-01 (9.6820e-01)
Epoch: [6][ 30/496]	L_Src_Sup 2.8283e-01 (2.4637e-01)	L_Trg_Inj 2.6202e-01 (2.8525e-01)	Loss Disc 6.5030e-01 (6.5168e-01)	Loss Pred 5.6464e-01 (5.5968e-01)	Loss TOTAL 9.6509e-01 (9.6257e-01)
Epoch: [6][ 40/496]	L_Src_Sup 2.5534e-01 (2.5620e-01)	L_Trg_Inj 4.6872e-01 (3.1333e-01)	Loss Disc 6.4145e-01 (6.5104e-01)	Loss Pred 5.9600e-01 (5.6259e-01)	Loss TOTAL 9.8912e-01 (9.6621e-01)
Epoch: [6][ 50/496]	L_Src_Sup 3.7159e-01 (2.6646e-01)	L_Trg_Inj 4.4876e-01 (3.2796e-01)	Loss Disc 6.5475e-01 (6.5139e-01)	Loss Pred 5.4818e-01 (5.6114e-01)	Loss TOTAL 9.5759e-01 (9.6498e-01)
Epoch: [6][ 60/496]	L_Src_Sup 1.5935e-01 (2.6623e-01)	L_Trg_Inj 4.2143e-01 (3.5155e-01)	Loss Disc 6.5179e-01 (6.5153e-01)	Loss Pred 5.5913e-01 (5.6133e-01)	Loss TOTAL 9.4310e-01 (9.6446e-01)
Epoch: [6][ 70/496]	L_Src_Sup 3.3996e-01 (2.7609e-01)	L_Trg_Inj 4.3209e-01 (3.6078e-01)	Loss Disc 6.5179e-01 (6.5163e-01)	Loss Pred 5.5909e-01 (5.6079e-01)	Loss TOTAL 9.6219e-01 (9.6655e-01)
Epoch: [6][ 80/496]	L_Src_Sup 2.2449e-01 (2.7382e-01)	L_Trg_Inj 3.7899e-01 (3.6555e-01)	Loss Disc 6.4882e-01 (6.5158e-01)	Loss Pred 5.7012e-01 (5.6082e-01)	Loss TOTAL 9.5488e-01 (9.6497e-01)
Epoch: [6][ 90/496]	L_Src_Sup 1.7477e-01 (2.7382e-01)	L_Trg_Inj 2.7936e-01 (3.6994e-01)	Loss Disc 6.5620e-01 (6.5185e-01)	Loss Pred 5.4256e-01 (5.5972e-01)	Loss TOTAL 9.1608e-01 (9.6430e-01)
Epoch: [6][100/496]	L_Src_Sup 3.2435e-01 (2.7399e-01)	L_Trg_Inj 3.8778e-01 (3.6011e-01)	Loss Disc 6.4588e-01 (6.5180e-01)	Loss Pred 5.8143e-01 (5.5984e-01)	Loss TOTAL 9.7559e-01 (9.6557e-01)
Epoch: [6][110/496]	L_Src_Sup 2.9759e-01 (2.7389e-01)	L_Trg_Inj 3.0288e-01 (3.5959e-01)	Loss Disc 6.5028e-01 (6.5169e-01)	Loss Pred 5.6326e-01 (5.6020e-01)	Loss TOTAL 9.4845e-01 (9.6543e-01)
Epoch: [6][120/496]	L_Src_Sup 1.3208e-01 (2.7027e-01)	L_Trg_Inj 2.8516e-01 (3.5491e-01)	Loss Disc 6.6067e-01 (6.5178e-01)	Loss Pred 5.2591e-01 (5.5980e-01)	Loss TOTAL 8.9796e-01 (9.6349e-01)
Epoch: [6][130/496]	L_Src_Sup 1.6839e-01 (2.6694e-01)	L_Trg_Inj 2.8029e-01 (3.4996e-01)	Loss Disc 6.4291e-01 (6.5151e-01)	Loss Pred 5.9225e-01 (5.6077e-01)	Loss TOTAL 9.5858e-01 (9.6271e-01)
Epoch: [6][140/496]	L_Src_Sup 3.3986e-01 (2.6834e-01)	L_Trg_Inj 3.1643e-01 (3.4403e-01)	Loss Disc 6.5178e-01 (6.5166e-01)	Loss Pred 5.5936e-01 (5.6018e-01)	Loss TOTAL 9.7431e-01 (9.6413e-01)
Epoch: [6][150/496]	L_Src_Sup 4.5303e-01 (2.7796e-01)	L_Trg_Inj 5.6459e-01 (3.6228e-01)	Loss Disc 6.6066e-01 (6.5174e-01)	Loss Pred 5.2594e-01 (5.6012e-01)	Loss TOTAL 9.5803e-01 (9.6577e-01)
Epoch: [6][160/496]	L_Src_Sup 2.1052e-01 (2.7991e-01)	L_Trg_Inj 4.7349e-01 (3.7091e-01)	Loss Disc 6.4438e-01 (6.5153e-01)	Loss Pred 5.8726e-01 (5.6086e-01)	Loss TOTAL 9.7785e-01 (9.6660e-01)
Epoch: [6][170/496]	L_Src_Sup 3.6492e-01 (2.8038e-01)	L_Trg_Inj 2.3375e-01 (3.6763e-01)	Loss Disc 6.4294e-01 (6.5147e-01)	Loss Pred 6.0195e-01 (5.6112e-01)	Loss TOTAL 1.1145e+00 (9.6788e-01)
Epoch: [6][180/496]	L_Src_Sup 3.4486e-01 (2.7869e-01)	L_Trg_Inj 1.3872e-01 (3.6291e-01)	Loss Disc 6.4166e-01 (6.5116e-01)	Loss Pred 5.9751e-01 (5.6224e-01)	Loss TOTAL 1.1728e+00 (9.6908e-01)
Epoch: [6][190/496]	L_Src_Sup 3.8803e-01 (2.7836e-01)	L_Trg_Inj 3.7475e-01 (3.5905e-01)	Loss Disc 6.4736e-01 (6.5119e-01)	Loss Pred 5.7405e-01 (5.6213e-01)	Loss TOTAL 9.8730e-01 (9.6925e-01)
Epoch: [6][200/496]	L_Src_Sup 2.2686e-01 (2.7486e-01)	L_Trg_Inj 2.9952e-01 (3.5188e-01)	Loss Disc 6.4734e-01 (6.5112e-01)	Loss Pred 5.7538e-01 (5.6238e-01)	Loss TOTAL 9.5169e-01 (9.6906e-01)
Epoch: [6][210/496]	L_Src_Sup 3.3667e-01 (2.7469e-01)	L_Trg_Inj 3.9113e-01 (3.5011e-01)	Loss Disc 6.5325e-01 (6.5104e-01)	Loss Pred 5.5386e-01 (5.6263e-01)	Loss TOTAL 9.5327e-01 (9.6829e-01)
Epoch: [6][220/496]	L_Src_Sup 3.1004e-01 (2.7549e-01)	L_Trg_Inj 3.8958e-01 (3.5309e-01)	Loss Disc 6.5323e-01 (6.5089e-01)	Loss Pred 5.5396e-01 (5.6313e-01)	Loss TOTAL 9.5054e-01 (9.6928e-01)
Epoch: [6][230/496]	L_Src_Sup 3.2976e-01 (2.7793e-01)	L_Trg_Inj 3.6375e-01 (3.5581e-01)	Loss Disc 6.4735e-01 (6.5089e-01)	Loss Pred 5.7520e-01 (5.6310e-01)	Loss TOTAL 9.6822e-01 (9.6957e-01)
Epoch: [6][240/496]	L_Src_Sup 3.0905e-01 (2.7935e-01)	L_Trg_Inj 4.2971e-01 (3.6170e-01)	Loss Disc 6.4735e-01 (6.5089e-01)	Loss Pred 5.7522e-01 (5.6307e-01)	Loss TOTAL 9.7277e-01 (9.6953e-01)
Epoch: [6][250/496]	L_Src_Sup 2.7457e-01 (2.7864e-01)	L_Trg_Inj 4.9401e-01 (3.6497e-01)	Loss Disc 6.5475e-01 (6.5090e-01)	Loss Pred 5.4900e-01 (5.6313e-01)	Loss TOTAL 9.5323e-01 (9.6917e-01)
Epoch: [6][260/496]	L_Src_Sup 2.3302e-01 (2.7791e-01)	L_Trg_Inj 2.3432e-01 (3.6448e-01)	Loss Disc 6.5621e-01 (6.5090e-01)	Loss Pred 5.4339e-01 (5.6311e-01)	Loss TOTAL 9.1823e-01 (9.6847e-01)
Epoch: [6][270/496]	L_Src_Sup 2.3803e-01 (2.7631e-01)	L_Trg_Inj 2.9564e-01 (3.6019e-01)	Loss Disc 6.4000e-01 (6.5095e-01)	Loss Pred 6.0232e-01 (5.6292e-01)	Loss TOTAL 9.7569e-01 (9.6821e-01)
Epoch: [6][280/496]	L_Src_Sup 2.5493e-01 (2.7452e-01)	L_Trg_Inj 2.9659e-01 (3.5785e-01)	Loss Disc 6.5477e-01 (6.5110e-01)	Loss Pred 5.4831e-01 (5.6236e-01)	Loss TOTAL 9.3084e-01 (9.6727e-01)
Epoch: [6][290/496]	L_Src_Sup 2.8974e-01 (2.7330e-01)	L_Trg_Inj 3.0817e-01 (3.5617e-01)	Loss Disc 6.4584e-01 (6.5104e-01)	Loss Pred 5.8091e-01 (5.6255e-01)	Loss TOTAL 9.6362e-01 (9.6710e-01)
Epoch: [6][300/496]	L_Src_Sup 3.0650e-01 (2.7360e-01)	L_Trg_Inj 3.4375e-01 (3.5549e-01)	Loss Disc 6.4882e-01 (6.5101e-01)	Loss Pred 5.7058e-01 (5.6264e-01)	Loss TOTAL 9.6001e-01 (9.6709e-01)
Epoch: [6][310/496]	L_Src_Sup 2.0004e-01 (2.7233e-01)	L_Trg_Inj 3.4245e-01 (3.5355e-01)	Loss Disc 6.5177e-01 (6.5100e-01)	Loss Pred 5.5935e-01 (5.6268e-01)	Loss TOTAL 9.3948e-01 (9.6685e-01)
Epoch: [6][320/496]	L_Src_Sup 2.3431e-01 (2.7337e-01)	L_Trg_Inj 2.2206e-01 (3.5032e-01)	Loss Disc 6.4982e-01 (6.5087e-01)	Loss Pred 5.7439e-01 (5.6377e-01)	Loss TOTAL 9.5718e-01 (9.7076e-01)
Epoch: [6][330/496]	L_Src_Sup 2.5937e-01 (2.7156e-01)	L_Trg_Inj 2.0547e-01 (3.4900e-01)	Loss Disc 6.5323e-01 (6.5082e-01)	Loss Pred 5.5504e-01 (5.6406e-01)	Loss TOTAL 9.8203e-01 (9.7030e-01)
Epoch: [6][340/496]	L_Src_Sup 1.9544e-01 (2.7110e-01)	L_Trg_Inj 5.0806e-01 (3.4882e-01)	Loss Disc 6.5916e-01 (6.5091e-01)	Loss Pred 5.3275e-01 (5.6371e-01)	Loss TOTAL 9.3268e-01 (9.6971e-01)
Epoch: [6][350/496]	L_Src_Sup 2.7998e-01 (2.7008e-01)	L_Trg_Inj 3.0115e-01 (3.4861e-01)	Loss Disc 6.5473e-01 (6.5100e-01)	Loss Pred 5.4960e-01 (5.6333e-01)	Loss TOTAL 9.3508e-01 (9.6918e-01)
Epoch: [6][360/496]	L_Src_Sup 2.6487e-01 (2.6996e-01)	L_Trg_Inj 4.3192e-01 (3.4775e-01)	Loss Disc 6.6064e-01 (6.5101e-01)	Loss Pred 5.2693e-01 (5.6329e-01)	Loss TOTAL 9.2693e-01 (9.6864e-01)
Epoch: [6][370/496]	L_Src_Sup 1.6845e-01 (2.6883e-01)	L_Trg_Inj 1.5625e-01 (3.4609e-01)	Loss Disc 6.4439e-01 (6.5095e-01)	Loss Pred 5.8625e-01 (5.6348e-01)	Loss TOTAL 9.5312e-01 (9.6822e-01)
Epoch: [6][380/496]	L_Src_Sup 1.6002e-01 (2.6742e-01)	L_Trg_Inj 2.6524e-01 (3.4383e-01)	Loss Disc 6.5177e-01 (6.5093e-01)	Loss Pred 5.5924e-01 (5.6353e-01)	Loss TOTAL 9.2765e-01 (9.6771e-01)
Epoch: [6][390/496]	L_Src_Sup 2.5759e-01 (2.6754e-01)	L_Trg_Inj 5.0777e-01 (3.4409e-01)	Loss Disc 6.5621e-01 (6.5097e-01)	Loss Pred 5.4320e-01 (5.6335e-01)	Loss TOTAL 9.4784e-01 (9.6731e-01)
Epoch: [6][400/496]	L_Src_Sup 2.3410e-01 (2.6805e-01)	L_Trg_Inj 3.2785e-01 (3.4360e-01)	Loss Disc 6.4291e-01 (6.5091e-01)	Loss Pred 5.9190e-01 (5.6354e-01)	Loss TOTAL 9.6955e-01 (9.6750e-01)
Epoch: [6][410/496]	L_Src_Sup 2.3881e-01 (2.6902e-01)	L_Trg_Inj 4.8689e-01 (3.4433e-01)	Loss Disc 6.5472e-01 (6.5079e-01)	Loss Pred 5.4887e-01 (5.6396e-01)	Loss TOTAL 9.4880e-01 (9.6832e-01)
Epoch: [6][420/496]	L_Src_Sup 2.8912e-01 (2.6967e-01)	L_Trg_Inj 3.8834e-01 (3.4654e-01)	Loss Disc 6.4735e-01 (6.5082e-01)	Loss Pred 5.7522e-01 (5.6384e-01)	Loss TOTAL 9.6664e-01 (9.6807e-01)
Epoch: [6][430/496]	L_Src_Sup 2.8003e-01 (2.6980e-01)	L_Trg_Inj 3.4536e-01 (3.4703e-01)	Loss Disc 6.5180e-01 (6.5093e-01)	Loss Pred 5.5922e-01 (5.6341e-01)	Loss TOTAL 9.4766e-01 (9.6750e-01)
Epoch: [6][440/496]	L_Src_Sup 2.5309e-01 (2.7014e-01)	L_Trg_Inj 5.0393e-01 (3.4719e-01)	Loss Disc 6.6064e-01 (6.5092e-01)	Loss Pred 5.2696e-01 (5.6341e-01)	Loss TOTAL 9.3299e-01 (9.6786e-01)
Epoch: [6][450/496]	L_Src_Sup 3.2462e-01 (2.7120e-01)	L_Trg_Inj 5.1463e-01 (3.4930e-01)	Loss Disc 6.5177e-01 (6.5094e-01)	Loss Pred 5.5919e-01 (5.6332e-01)	Loss TOTAL 9.6900e-01 (9.6771e-01)
Epoch: [6][460/496]	L_Src_Sup 4.1777e-01 (2.7162e-01)	L_Trg_Inj 3.4476e-01 (3.5065e-01)	Loss Disc 6.3848e-01 (6.5091e-01)	Loss Pred 6.0812e-01 (5.6342e-01)	Loss TOTAL 1.0766e+00 (9.6790e-01)
Epoch: [6][470/496]	L_Src_Sup 2.6670e-01 (2.7285e-01)	L_Trg_Inj 3.4351e-01 (3.5370e-01)	Loss Disc 6.6064e-01 (6.5093e-01)	Loss Pred 5.5143e-01 (5.6339e-01)	Loss TOTAL 9.4277e-01 (9.6819e-01)
Epoch: [6][480/496]	L_Src_Sup 3.4776e-01 (2.7369e-01)	L_Trg_Inj 4.6442e-01 (3.5578e-01)	Loss Disc 6.3996e-01 (6.5097e-01)	Loss Pred 6.0292e-01 (5.6321e-01)	Loss TOTAL 1.0041e+00 (9.6826e-01)
Epoch: [6][490/496]	L_Src_Sup 2.3406e-01 (2.7529e-01)	L_Trg_Inj 4.0683e-01 (3.5710e-01)	Loss Disc 6.5621e-01 (6.5092e-01)	Loss Pred 5.4306e-01 (5.6337e-01)	Loss TOTAL 9.3525e-01 (9.6856e-01)
Epoch: [6][496/496]	L_Src_Sup 3.1890e-01 (2.7542e-01)	L_Trg_Inj 3.7555e-01 (3.5812e-01)	Loss Disc 6.4440e-01 (6.5091e-01)	Loss Pred 5.8621e-01 (5.6340e-01)	Loss TOTAL 9.7785e-01 (9.6850e-01)
Epoch 6 complete. Saving model state...
Epoch: [7][ 10/496]	L_Src_Sup 3.2650e-01 (3.0020e-01)	L_Trg_Inj 3.4619e-01 (3.9405e-01)	Loss Disc 6.5621e-01 (6.5074e-01)	Loss Pred 5.4304e-01 (5.6286e-01)	Loss TOTAL 9.3842e-01 (9.6236e-01)
Epoch: [7][ 20/496]	L_Src_Sup 2.1215e-01 (2.8246e-01)	L_Trg_Inj 3.9906e-01 (3.9989e-01)	Loss Disc 6.5177e-01 (6.5164e-01)	Loss Pred 5.5981e-01 (5.5977e-01)	Loss TOTAL 9.4682e-01 (9.5776e-01)
Epoch: [7][ 30/496]	L_Src_Sup 2.7186e-01 (2.8062e-01)	L_Trg_Inj 4.0474e-01 (3.9399e-01)	Loss Disc 6.5622e-01 (6.5213e-01)	Loss Pred 5.4313e-01 (5.5800e-01)	Loss TOTAL 9.3890e-01 (9.5416e-01)
Epoch: [7][ 40/496]	L_Src_Sup 2.7148e-01 (2.7233e-01)	L_Trg_Inj 3.8273e-01 (3.7547e-01)	Loss Disc 6.5620e-01 (6.5196e-01)	Loss Pred 5.4274e-01 (5.5865e-01)	Loss TOTAL 9.3626e-01 (9.5190e-01)
Epoch: [7][ 50/496]	L_Src_Sup 2.7304e-01 (2.6050e-01)	L_Trg_Inj 2.6632e-01 (3.6084e-01)	Loss Disc 6.5329e-01 (6.5182e-01)	Loss Pred 5.5367e-01 (5.5930e-01)	Loss TOTAL 9.4097e-01 (9.5020e-01)
Epoch: [7][ 60/496]	L_Src_Sup 2.7453e-01 (2.6143e-01)	L_Trg_Inj 4.6546e-01 (3.5845e-01)	Loss Disc 6.5472e-01 (6.5135e-01)	Loss Pred 5.4833e-01 (5.6099e-01)	Loss TOTAL 9.4969e-01 (9.5479e-01)
Epoch: [7][ 70/496]	L_Src_Sup 3.2334e-01 (2.6442e-01)	L_Trg_Inj 3.9023e-01 (3.6359e-01)	Loss Disc 6.5030e-01 (6.5105e-01)	Loss Pred 5.6460e-01 (5.6206e-01)	Loss TOTAL 9.6110e-01 (9.5643e-01)
Epoch: [7][ 80/496]	L_Src_Sup 3.4243e-01 (2.6308e-01)	L_Trg_Inj 2.3907e-01 (3.6461e-01)	Loss Disc 6.5917e-01 (6.5119e-01)	Loss Pred 5.3216e-01 (5.6152e-01)	Loss TOTAL 1.0233e+00 (9.5647e-01)
Epoch: [7][ 90/496]	L_Src_Sup 3.3658e-01 (2.7168e-01)	L_Trg_Inj 3.2744e-01 (3.7599e-01)	Loss Disc 6.4440e-01 (6.5110e-01)	Loss Pred 5.8633e-01 (5.6185e-01)	Loss TOTAL 9.8408e-01 (9.5812e-01)
Epoch: [7][100/496]	L_Src_Sup 3.3336e-01 (2.7122e-01)	L_Trg_Inj 4.7509e-01 (3.7392e-01)	Loss Disc 6.3701e-01 (6.5100e-01)	Loss Pred 6.1359e-01 (5.6218e-01)	Loss TOTAL 1.0129e+00 (9.5800e-01)
Epoch: [7][110/496]	L_Src_Sup 3.9249e-01 (2.7429e-01)	L_Trg_Inj 3.9880e-01 (3.8197e-01)	Loss Disc 6.4438e-01 (6.5080e-01)	Loss Pred 5.8611e-01 (5.6289e-01)	Loss TOTAL 9.8742e-01 (9.5961e-01)
Epoch: [7][120/496]	L_Src_Sup 3.8627e-01 (2.7283e-01)	L_Trg_Inj 3.9034e-01 (3.8749e-01)	Loss Disc 6.4202e-01 (6.5096e-01)	Loss Pred 5.9319e-01 (5.6230e-01)	Loss TOTAL 9.9186e-01 (9.5904e-01)
Epoch: [7][130/496]	L_Src_Sup 2.2001e-01 (2.7194e-01)	L_Trg_Inj 3.6762e-01 (3.8897e-01)	Loss Disc 6.5179e-01 (6.5105e-01)	Loss Pred 5.5914e-01 (5.6201e-01)	Loss TOTAL 9.4380e-01 (9.5854e-01)
Epoch: [7][140/496]	L_Src_Sup 2.4704e-01 (2.6968e-01)	L_Trg_Inj 3.6794e-01 (3.8299e-01)	Loss Disc 6.3554e-01 (6.5100e-01)	Loss Pred 6.1906e-01 (5.6217e-01)	Loss TOTAL 9.9832e-01 (9.5934e-01)
Epoch: [7][150/496]	L_Src_Sup 1.9974e-01 (2.6819e-01)	L_Trg_Inj 3.1294e-01 (3.7780e-01)	Loss Disc 6.3405e-01 (6.5091e-01)	Loss Pred 6.2450e-01 (5.6253e-01)	Loss TOTAL 9.9279e-01 (9.5928e-01)
Epoch: [7][160/496]	L_Src_Sup 1.6843e-01 (2.6909e-01)	L_Trg_Inj 2.6553e-01 (3.7468e-01)	Loss Disc 6.4437e-01 (6.5085e-01)	Loss Pred 5.8615e-01 (5.6272e-01)	Loss TOTAL 9.5173e-01 (9.5948e-01)
Epoch: [7][170/496]	L_Src_Sup 2.3238e-01 (2.6818e-01)	L_Trg_Inj 3.2252e-01 (3.6933e-01)	Loss Disc 6.5585e-01 (6.5095e-01)	Loss Pred 5.4572e-01 (5.6236e-01)	Loss TOTAL 9.2913e-01 (9.5979e-01)
Epoch: [7][180/496]	L_Src_Sup 1.7264e-01 (2.6478e-01)	L_Trg_Inj 2.9446e-01 (3.6142e-01)	Loss Disc 6.4735e-01 (6.5098e-01)	Loss Pred 5.7552e-01 (5.6227e-01)	Loss TOTAL 9.4590e-01 (9.5885e-01)
Epoch: [7][190/496]	L_Src_Sup 2.1573e-01 (2.6440e-01)	L_Trg_Inj 3.1964e-01 (3.6062e-01)	Loss Disc 6.5472e-01 (6.5102e-01)	Loss Pred 5.4821e-01 (5.6211e-01)	Loss TOTAL 9.2911e-01 (9.5879e-01)
Epoch: [7][200/496]	L_Src_Sup 2.7119e-01 (2.6595e-01)	L_Trg_Inj 3.8142e-01 (3.6098e-01)	Loss Disc 6.5620e-01 (6.5114e-01)	Loss Pred 5.4271e-01 (5.6181e-01)	Loss TOTAL 9.3607e-01 (9.6008e-01)
Epoch: [7][210/496]	L_Src_Sup 2.4063e-01 (2.6654e-01)	L_Trg_Inj 3.5381e-01 (3.6184e-01)	Loss Disc 6.3846e-01 (6.5105e-01)	Loss Pred 6.0855e-01 (5.6224e-01)	Loss TOTAL 9.8723e-01 (9.6051e-01)
Epoch: [7][220/496]	L_Src_Sup 1.6484e-01 (2.6632e-01)	L_Trg_Inj 5.6537e-01 (3.6343e-01)	Loss Disc 6.4734e-01 (6.5098e-01)	Loss Pred 5.7542e-01 (5.6247e-01)	Loss TOTAL 9.7211e-01 (9.6094e-01)
Epoch: [7][230/496]	L_Src_Sup 1.9798e-01 (2.6748e-01)	L_Trg_Inj 3.4374e-01 (3.6415e-01)	Loss Disc 6.3847e-01 (6.5082e-01)	Loss Pred 6.0755e-01 (5.6305e-01)	Loss TOTAL 9.8096e-01 (9.6140e-01)
Epoch: [7][240/496]	L_Src_Sup 3.1751e-01 (2.6691e-01)	L_Trg_Inj 4.0598e-01 (3.6511e-01)	Loss Disc 6.5326e-01 (6.5086e-01)	Loss Pred 5.5382e-01 (5.6289e-01)	Loss TOTAL 9.5280e-01 (9.6090e-01)
Epoch: [7][250/496]	L_Src_Sup 1.8768e-01 (2.6494e-01)	L_Trg_Inj 3.4756e-01 (3.6273e-01)	Loss Disc 6.4586e-01 (6.5079e-01)	Loss Pred 5.8065e-01 (5.6312e-01)	Loss TOTAL 9.5710e-01 (9.6046e-01)
Epoch: [7][260/496]	L_Src_Sup 2.5723e-01 (2.6327e-01)	L_Trg_Inj 1.8670e-01 (3.5749e-01)	Loss Disc 6.5472e-01 (6.5067e-01)	Loss Pred 5.4881e-01 (5.6353e-01)	Loss TOTAL 9.9109e-01 (9.6146e-01)
Epoch: [7][270/496]	L_Src_Sup 2.2860e-01 (2.6344e-01)	L_Trg_Inj 3.1250e-01 (3.5535e-01)	Loss Disc 6.5917e-01 (6.5067e-01)	Loss Pred 5.3298e-01 (5.6352e-01)	Loss TOTAL 9.1667e-01 (9.6126e-01)
Epoch: [7][280/496]	L_Src_Sup 2.5738e-01 (2.6348e-01)	L_Trg_Inj 3.4967e-01 (3.5655e-01)	Loss Disc 6.5327e-01 (6.5074e-01)	Loss Pred 5.5382e-01 (5.6325e-01)	Loss TOTAL 9.4116e-01 (9.6082e-01)
Epoch: [7][290/496]	L_Src_Sup 2.7658e-01 (2.6394e-01)	L_Trg_Inj 2.9671e-01 (3.5513e-01)	Loss Disc 6.4587e-01 (6.5082e-01)	Loss Pred 5.8106e-01 (5.6297e-01)	Loss TOTAL 9.6132e-01 (9.6058e-01)
Epoch: [7][300/496]	L_Src_Sup 3.3462e-01 (2.6406e-01)	L_Trg_Inj 5.2764e-01 (3.5494e-01)	Loss Disc 6.5324e-01 (6.5082e-01)	Loss Pred 5.5387e-01 (5.6295e-01)	Loss TOTAL 9.6671e-01 (9.6079e-01)
Epoch: [7][310/496]	L_Src_Sup 3.4400e-01 (2.6468e-01)	L_Trg_Inj 3.9010e-01 (3.5690e-01)	Loss Disc 6.4143e-01 (6.5072e-01)	Loss Pred 5.9663e-01 (5.6331e-01)	Loss TOTAL 9.9076e-01 (9.6125e-01)
Epoch: [7][320/496]	L_Src_Sup 2.4470e-01 (2.6458e-01)	L_Trg_Inj 3.0954e-01 (3.5697e-01)	Loss Disc 6.4880e-01 (6.5068e-01)	Loss Pred 5.7151e-01 (5.6346e-01)	Loss TOTAL 9.5134e-01 (9.6129e-01)
Epoch: [7][330/496]	L_Src_Sup 3.7943e-01 (2.6426e-01)	L_Trg_Inj 2.9791e-01 (3.5375e-01)	Loss Disc 6.3999e-01 (6.5064e-01)	Loss Pred 5.9807e-01 (5.6356e-01)	Loss TOTAL 1.0673e+00 (9.6186e-01)
Epoch: [7][340/496]	L_Src_Sup 2.2710e-01 (2.6482e-01)	L_Trg_Inj 4.3269e-01 (3.5424e-01)	Loss Disc 6.4580e-01 (6.5037e-01)	Loss Pred 5.8065e-01 (5.6439e-01)	Loss TOTAL 9.6953e-01 (9.6271e-01)
Epoch: [7][350/496]	L_Src_Sup 2.3572e-01 (2.6340e-01)	L_Trg_Inj 1.8743e-01 (3.5235e-01)	Loss Disc 6.2962e-01 (6.5034e-01)	Loss Pred 6.3886e-01 (5.6450e-01)	Loss TOTAL 1.0443e+00 (9.6230e-01)
Epoch: [7][360/496]	L_Src_Sup 1.8694e-01 (2.6309e-01)	L_Trg_Inj 2.9638e-01 (3.5127e-01)	Loss Disc 6.4739e-01 (6.5048e-01)	Loss Pred 5.7800e-01 (5.6404e-01)	Loss TOTAL 9.5003e-01 (9.6196e-01)
Epoch: [7][370/496]	L_Src_Sup 2.1802e-01 (2.6208e-01)	L_Trg_Inj 3.1248e-01 (3.4954e-01)	Loss Disc 6.5327e-01 (6.5047e-01)	Loss Pred 5.5398e-01 (5.6405e-01)	Loss TOTAL 9.3366e-01 (9.6144e-01)
Epoch: [7][380/496]	L_Src_Sup 2.5004e-01 (2.6101e-01)	L_Trg_Inj 3.7306e-01 (3.4667e-01)	Loss Disc 6.3404e-01 (6.5041e-01)	Loss Pred 6.2335e-01 (5.6428e-01)	Loss TOTAL 1.0027e+00 (9.6144e-01)
Epoch: [7][390/496]	L_Src_Sup 1.7478e-01 (2.6063e-01)	L_Trg_Inj 3.1249e-01 (3.4688e-01)	Loss Disc 6.5623e-01 (6.5056e-01)	Loss Pred 5.4301e-01 (5.6374e-01)	Loss TOTAL 9.1986e-01 (9.6092e-01)
Epoch: [7][400/496]	L_Src_Sup 2.2685e-01 (2.5961e-01)	L_Trg_Inj 3.2773e-01 (3.4697e-01)	Loss Disc 6.4737e-01 (6.5066e-01)	Loss Pred 5.7559e-01 (5.6339e-01)	Loss TOTAL 9.5473e-01 (9.6025e-01)
Epoch: [7][410/496]	L_Src_Sup 1.7649e-01 (2.5933e-01)	L_Trg_Inj 1.7178e-01 (3.4567e-01)	Loss Disc 6.5475e-01 (6.5071e-01)	Loss Pred 5.4813e-01 (5.6318e-01)	Loss TOTAL 9.1504e-01 (9.6001e-01)
Epoch: [7][420/496]	L_Src_Sup 2.1512e-01 (2.5911e-01)	L_Trg_Inj 1.7186e-01 (3.4385e-01)	Loss Disc 6.4290e-01 (6.5072e-01)	Loss Pred 6.1790e-01 (5.6320e-01)	Loss TOTAL 1.0213e+00 (9.6022e-01)
Epoch: [7][430/496]	L_Src_Sup 2.7665e-01 (2.5871e-01)	L_Trg_Inj 2.1872e-01 (3.4056e-01)	Loss Disc 6.4292e-01 (6.5072e-01)	Loss Pred 5.9228e-01 (5.6321e-01)	Loss TOTAL 1.0212e+00 (9.6104e-01)
Epoch: [7][440/496]	L_Src_Sup 2.6709e-01 (2.5882e-01)	L_Trg_Inj 1.7187e-01 (3.3834e-01)	Loss Disc 6.4735e-01 (6.5073e-01)	Loss Pred 5.7578e-01 (5.6316e-01)	Loss TOTAL 1.0386e+00 (9.6149e-01)
Epoch: [7][450/496]	L_Src_Sup 2.6969e-01 (2.5892e-01)	L_Trg_Inj 3.5819e-01 (3.3658e-01)	Loss Disc 6.3550e-01 (6.5063e-01)	Loss Pred 6.1901e-01 (5.6358e-01)	Loss TOTAL 9.9955e-01 (9.6232e-01)
Epoch: [7][460/496]	L_Src_Sup 3.9581e-01 (2.5818e-01)	L_Trg_Inj 2.6521e-01 (3.3587e-01)	Loss Disc 6.3853e-01 (6.5075e-01)	Loss Pred 6.1009e-01 (5.6316e-01)	Loss TOTAL 1.1261e+00 (9.6180e-01)
Epoch: [7][470/496]	L_Src_Sup 2.4887e-01 (2.5905e-01)	L_Trg_Inj 4.3642e-01 (3.3672e-01)	Loss Disc 6.6953e-01 (6.5075e-01)	Loss Pred 4.9582e-01 (5.6316e-01)	Loss TOTAL 8.9911e-01 (9.6292e-01)
Epoch: [7][480/496]	L_Src_Sup 2.7722e-01 (2.6052e-01)	L_Trg_Inj 3.4456e-01 (3.3929e-01)	Loss Disc 6.5327e-01 (6.5080e-01)	Loss Pred 5.5363e-01 (5.6298e-01)	Loss TOTAL 9.4245e-01 (9.6295e-01)
Epoch: [7][490/496]	L_Src_Sup 1.8226e-01 (2.6139e-01)	L_Trg_Inj 3.3292e-01 (3.4063e-01)	Loss Disc 6.4884e-01 (6.5081e-01)	Loss Pred 5.7015e-01 (5.6294e-01)	Loss TOTAL 9.4608e-01 (9.6290e-01)
Epoch: [7][496/496]	L_Src_Sup 2.8540e-01 (2.6178e-01)	L_Trg_Inj 3.9044e-01 (3.4144e-01)	Loss Disc 6.6657e-01 (6.5088e-01)	Loss Pred 5.0412e-01 (5.6269e-01)	Loss TOTAL 9.0499e-01 (9.6263e-01)
Epoch 7 complete. Saving model state...
Epoch: [8][ 10/496]	L_Src_Sup 2.4635e-01 (2.6043e-01)	L_Trg_Inj 3.7164e-01 (3.6307e-01)	Loss Disc 6.4441e-01 (6.5077e-01)	Loss Pred 5.8696e-01 (5.6276e-01)	Loss TOTAL 9.7096e-01 (9.5139e-01)
Epoch: [8][ 20/496]	L_Src_Sup 1.7307e-01 (2.6288e-01)	L_Trg_Inj 2.6404e-01 (3.4439e-01)	Loss Disc 6.5770e-01 (6.5224e-01)	Loss Pred 5.3672e-01 (5.5731e-01)	Loss TOTAL 9.0928e-01 (9.5659e-01)
Epoch: [8][ 30/496]	L_Src_Sup 2.6487e-01 (2.6895e-01)	L_Trg_Inj 3.2974e-01 (3.5100e-01)	Loss Disc 6.5630e-01 (6.5238e-01)	Loss Pred 5.4067e-01 (5.5678e-01)	Loss TOTAL 9.2828e-01 (9.5455e-01)
Epoch: [8][ 40/496]	L_Src_Sup 3.4758e-01 (2.6183e-01)	L_Trg_Inj 2.9618e-01 (3.3964e-01)	Loss Disc 6.4446e-01 (6.5164e-01)	Loss Pred 5.8545e-01 (5.5956e-01)	Loss TOTAL 1.0235e+00 (9.5441e-01)
Epoch: [8][ 50/496]	L_Src_Sup 2.3578e-01 (2.5740e-01)	L_Trg_Inj 2.9783e-01 (3.2759e-01)	Loss Disc 6.5035e-01 (6.5158e-01)	Loss Pred 5.6310e-01 (5.5979e-01)	Loss TOTAL 9.4163e-01 (9.5535e-01)
Epoch: [8][ 60/496]	L_Src_Sup 3.5184e-01 (2.6019e-01)	L_Trg_Inj 3.1648e-01 (3.2498e-01)	Loss Disc 6.4586e-01 (6.5120e-01)	Loss Pred 5.8121e-01 (5.6125e-01)	Loss TOTAL 1.0063e+00 (9.5898e-01)
Epoch: [8][ 70/496]	L_Src_Sup 2.3301e-01 (2.5889e-01)	L_Trg_Inj 2.7728e-01 (3.2733e-01)	Loss Disc 6.5623e-01 (6.5139e-01)	Loss Pred 5.4259e-01 (5.6052e-01)	Loss TOTAL 9.2173e-01 (9.5673e-01)
Epoch: [8][ 80/496]	L_Src_Sup 2.6231e-01 (2.5545e-01)	L_Trg_Inj 3.3275e-01 (3.2694e-01)	Loss Disc 6.3704e-01 (6.5155e-01)	Loss Pred 6.1510e-01 (5.6022e-01)	Loss TOTAL 9.9313e-01 (9.5709e-01)
Epoch: [8][ 90/496]	L_Src_Sup 2.4168e-01 (2.6037e-01)	L_Trg_Inj 4.3493e-01 (3.3370e-01)	Loss Disc 6.6215e-01 (6.5205e-01)	Loss Pred 5.1960e-01 (5.5852e-01)	Loss TOTAL 9.1834e-01 (9.5600e-01)
Epoch: [8][100/496]	L_Src_Sup 2.8700e-01 (2.5786e-01)	L_Trg_Inj 1.9654e-01 (3.3196e-01)	Loss Disc 6.5473e-01 (6.5197e-01)	Loss Pred 5.4779e-01 (5.5881e-01)	Loss TOTAL 1.0140e+00 (9.5551e-01)
Epoch: [8][110/496]	L_Src_Sup 2.2753e-01 (2.5604e-01)	L_Trg_Inj 2.4000e-01 (3.2824e-01)	Loss Disc 6.5476e-01 (6.5196e-01)	Loss Pred 5.4791e-01 (5.5921e-01)	Loss TOTAL 9.2204e-01 (9.5592e-01)
Epoch: [8][120/496]	L_Src_Sup 2.4919e-01 (2.5483e-01)	L_Trg_Inj 2.2674e-01 (3.2339e-01)	Loss Disc 6.3404e-01 (6.5162e-01)	Loss Pred 6.2616e-01 (5.6042e-01)	Loss TOTAL 1.0132e+00 (9.5602e-01)
Epoch: [8][130/496]	L_Src_Sup 4.1454e-01 (2.5493e-01)	L_Trg_Inj 3.2705e-01 (3.2253e-01)	Loss Disc 6.5326e-01 (6.5156e-01)	Loss Pred 5.5352e-01 (5.6073e-01)	Loss TOTAL 1.0418e+00 (9.5828e-01)
Epoch: [8][140/496]	L_Src_Sup 2.4139e-01 (2.5413e-01)	L_Trg_Inj 3.7811e-01 (3.2952e-01)	Loss Disc 6.3849e-01 (6.5155e-01)	Loss Pred 6.0918e-01 (5.6073e-01)	Loss TOTAL 9.9038e-01 (9.5833e-01)
Epoch: [8][150/496]	L_Src_Sup 3.8839e-01 (2.5608e-01)	L_Trg_Inj 3.9692e-01 (3.3208e-01)	Loss Disc 6.5766e-01 (6.5148e-01)	Loss Pred 5.5532e-01 (5.6104e-01)	Loss TOTAL 9.6268e-01 (9.5886e-01)
Epoch: [8][160/496]	L_Src_Sup 1.8964e-01 (2.5272e-01)	L_Trg_Inj 3.4347e-01 (3.3117e-01)	Loss Disc 6.4440e-01 (6.5148e-01)	Loss Pred 5.8675e-01 (5.6103e-01)	Loss TOTAL 9.6226e-01 (9.5759e-01)
Epoch: [8][170/496]	L_Src_Sup 3.1684e-01 (2.5281e-01)	L_Trg_Inj 2.8860e-01 (3.3058e-01)	Loss Disc 6.5327e-01 (6.5161e-01)	Loss Pred 5.5349e-01 (5.6060e-01)	Loss TOTAL 9.6891e-01 (9.5686e-01)
Epoch: [8][180/496]	L_Src_Sup 2.8572e-01 (2.5566e-01)	L_Trg_Inj 2.9684e-01 (3.3466e-01)	Loss Disc 6.4882e-01 (6.5161e-01)	Loss Pred 5.7016e-01 (5.6068e-01)	Loss TOTAL 9.5282e-01 (9.5741e-01)
Epoch: [8][190/496]	L_Src_Sup 2.4403e-01 (2.5594e-01)	L_Trg_Inj 3.5426e-01 (3.3752e-01)	Loss Disc 6.5325e-01 (6.5162e-01)	Loss Pred 5.5345e-01 (5.6059e-01)	Loss TOTAL 9.3990e-01 (9.5702e-01)
Epoch: [8][200/496]	L_Src_Sup 3.7905e-01 (2.5764e-01)	L_Trg_Inj 5.3123e-01 (3.3738e-01)	Loss Disc 6.5177e-01 (6.5157e-01)	Loss Pred 5.5904e-01 (5.6074e-01)	Loss TOTAL 9.7595e-01 (9.5731e-01)
Epoch: [8][210/496]	L_Src_Sup 3.0613e-01 (2.5803e-01)	L_Trg_Inj 3.5693e-01 (3.4560e-01)	Loss Disc 6.4883e-01 (6.5150e-01)	Loss Pred 5.7013e-01 (5.6095e-01)	Loss TOTAL 9.6085e-01 (9.5781e-01)
Epoch: [8][220/496]	L_Src_Sup 3.8694e-01 (2.6068e-01)	L_Trg_Inj 5.1418e-01 (3.4867e-01)	Loss Disc 6.6655e-01 (6.5149e-01)	Loss Pred 5.0420e-01 (5.6094e-01)	Loss TOTAL 9.2759e-01 (9.5876e-01)
Epoch: [8][230/496]	L_Src_Sup 2.7196e-01 (2.6240e-01)	L_Trg_Inj 3.9055e-01 (3.5106e-01)	Loss Disc 6.5474e-01 (6.5158e-01)	Loss Pred 5.4797e-01 (5.6057e-01)	Loss TOTAL 9.4159e-01 (9.5857e-01)
Epoch: [8][240/496]	L_Src_Sup 2.0620e-01 (2.6221e-01)	L_Trg_Inj 3.8614e-01 (3.5185e-01)	Loss Disc 6.4736e-01 (6.5168e-01)	Loss Pred 5.7593e-01 (5.6018e-01)	Loss TOTAL 9.5884e-01 (9.5790e-01)
Epoch: [8][250/496]	L_Src_Sup 2.2990e-01 (2.6133e-01)	L_Trg_Inj 3.1247e-01 (3.5055e-01)	Loss Disc 6.3257e-01 (6.5153e-01)	Loss Pred 6.3160e-01 (5.6072e-01)	Loss TOTAL 1.0021e+00 (9.5794e-01)
Epoch: [8][260/496]	L_Src_Sup 4.3160e-01 (2.6107e-01)	L_Trg_Inj 2.9741e-01 (3.4770e-01)	Loss Disc 6.5474e-01 (6.5154e-01)	Loss Pred 5.4805e-01 (5.6066e-01)	Loss TOTAL 1.0825e+00 (9.5833e-01)
Epoch: [8][270/496]	L_Src_Sup 2.2227e-01 (2.6094e-01)	L_Trg_Inj 2.9530e-01 (3.4754e-01)	Loss Disc 6.5030e-01 (6.5150e-01)	Loss Pred 5.6457e-01 (5.6078e-01)	Loss TOTAL 9.4148e-01 (9.5836e-01)
Epoch: [8][280/496]	L_Src_Sup 2.8028e-01 (2.5994e-01)	L_Trg_Inj 2.6978e-01 (3.4737e-01)	Loss Disc 6.5639e-01 (6.5145e-01)	Loss Pred 5.4116e-01 (5.6094e-01)	Loss TOTAL 9.3486e-01 (9.5803e-01)
Epoch: [8][290/496]	L_Src_Sup 2.3940e-01 (2.6022e-01)	L_Trg_Inj 5.4365e-01 (3.4746e-01)	Loss Disc 6.5180e-01 (6.5151e-01)	Loss Pred 5.5905e-01 (5.6070e-01)	Loss TOTAL 9.6326e-01 (9.5819e-01)
Epoch: [8][300/496]	L_Src_Sup 2.8890e-01 (2.5927e-01)	L_Trg_Inj 2.0654e-01 (3.4692e-01)	Loss Disc 6.4588e-01 (6.5146e-01)	Loss Pred 5.8203e-01 (5.6087e-01)	Loss TOTAL 1.0369e+00 (9.5826e-01)
Epoch: [8][310/496]	L_Src_Sup 2.8581e-01 (2.5884e-01)	L_Trg_Inj 2.8819e-01 (3.4540e-01)	Loss Disc 6.4882e-01 (6.5139e-01)	Loss Pred 5.7031e-01 (5.6112e-01)	Loss TOTAL 9.5212e-01 (9.5803e-01)
Epoch: [8][320/496]	L_Src_Sup 2.7185e-01 (2.5754e-01)	L_Trg_Inj 2.1937e-01 (3.4247e-01)	Loss Disc 6.5622e-01 (6.5146e-01)	Loss Pred 5.4280e-01 (5.6085e-01)	Loss TOTAL 9.7251e-01 (9.5744e-01)
Epoch: [8][330/496]	L_Src_Sup 3.4344e-01 (2.5887e-01)	L_Trg_Inj 3.9989e-01 (3.4204e-01)	Loss Disc 6.5030e-01 (6.5147e-01)	Loss Pred 5.6460e-01 (5.6081e-01)	Loss TOTAL 9.6408e-01 (9.5824e-01)
Epoch: [8][340/496]	L_Src_Sup 2.0834e-01 (2.5909e-01)	L_Trg_Inj 3.6431e-01 (3.4273e-01)	Loss Disc 6.4585e-01 (6.5145e-01)	Loss Pred 5.8125e-01 (5.6086e-01)	Loss TOTAL 9.6143e-01 (9.5832e-01)
Epoch: [8][350/496]	L_Src_Sup 4.0582e-01 (2.6120e-01)	L_Trg_Inj 5.7440e-01 (3.4611e-01)	Loss Disc 6.4883e-01 (6.5150e-01)	Loss Pred 5.7049e-01 (5.6070e-01)	Loss TOTAL 9.9293e-01 (9.5844e-01)
Epoch: [8][360/496]	L_Src_Sup 2.2818e-01 (2.6140e-01)	L_Trg_Inj 3.9056e-01 (3.4831e-01)	Loss Disc 6.5919e-01 (6.5153e-01)	Loss Pred 5.3155e-01 (5.6057e-01)	Loss TOTAL 9.2301e-01 (9.5825e-01)
Epoch: [8][370/496]	L_Src_Sup 1.8824e-01 (2.6070e-01)	L_Trg_Inj 2.6512e-01 (3.4803e-01)	Loss Disc 6.4589e-01 (6.5151e-01)	Loss Pred 5.8173e-01 (5.6065e-01)	Loss TOTAL 9.5000e-01 (9.5812e-01)
Epoch: [8][380/496]	L_Src_Sup 1.5842e-01 (2.6011e-01)	L_Trg_Inj 2.8111e-01 (3.4615e-01)	Loss Disc 6.5326e-01 (6.5149e-01)	Loss Pred 5.5367e-01 (5.6072e-01)	Loss TOTAL 9.2426e-01 (9.5826e-01)
Epoch: [8][390/496]	L_Src_Sup 1.5988e-01 (2.5932e-01)	L_Trg_Inj 3.1246e-01 (3.4437e-01)	Loss Disc 6.4732e-01 (6.5141e-01)	Loss Pred 5.7560e-01 (5.6104e-01)	Loss TOTAL 9.4650e-01 (9.5824e-01)
Epoch: [8][400/496]	L_Src_Sup 2.5000e-01 (2.5845e-01)	L_Trg_Inj 3.9397e-01 (3.4356e-01)	Loss Disc 6.4584e-01 (6.5127e-01)	Loss Pred 5.8087e-01 (5.6154e-01)	Loss TOTAL 9.6819e-01 (9.5844e-01)
Epoch: [8][410/496]	L_Src_Sup 3.1252e-01 (2.5937e-01)	L_Trg_Inj 3.5928e-01 (3.4535e-01)	Loss Disc 6.4592e-01 (6.5130e-01)	Loss Pred 5.8092e-01 (5.6143e-01)	Loss TOTAL 9.7106e-01 (9.5834e-01)
Epoch: [8][420/496]	L_Src_Sup 2.0834e-01 (2.5870e-01)	L_Trg_Inj 4.2090e-01 (3.4671e-01)	Loss Disc 6.4587e-01 (6.5121e-01)	Loss Pred 5.8056e-01 (5.6174e-01)	Loss TOTAL 9.6642e-01 (9.5845e-01)
Epoch: [8][430/496]	L_Src_Sup 2.8869e-01 (2.5866e-01)	L_Trg_Inj 5.1925e-01 (3.4752e-01)	Loss Disc 6.4291e-01 (6.5116e-01)	Loss Pred 5.9122e-01 (5.6191e-01)	Loss TOTAL 9.9347e-01 (9.5855e-01)
Epoch: [8][440/496]	L_Src_Sup 2.4536e-01 (2.5856e-01)	L_Trg_Inj 4.7925e-01 (3.4978e-01)	Loss Disc 6.6064e-01 (6.5114e-01)	Loss Pred 5.2758e-01 (5.6199e-01)	Loss TOTAL 9.3036e-01 (9.5860e-01)
Epoch: [8][450/496]	L_Src_Sup 1.7568e-01 (2.5867e-01)	L_Trg_Inj 4.0257e-01 (3.5062e-01)	Loss Disc 6.3846e-01 (6.5110e-01)	Loss Pred 6.0731e-01 (5.6213e-01)	Loss TOTAL 9.8437e-01 (9.5860e-01)
Epoch: [8][460/496]	L_Src_Sup 3.4293e-01 (2.5974e-01)	L_Trg_Inj 3.0453e-01 (3.5093e-01)	Loss Disc 6.5916e-01 (6.5109e-01)	Loss Pred 5.3288e-01 (5.6216e-01)	Loss TOTAL 9.6560e-01 (9.5897e-01)
Epoch: [8][470/496]	L_Src_Sup 2.9437e-01 (2.6192e-01)	L_Trg_Inj 6.4175e-01 (3.5529e-01)	Loss Disc 6.4294e-01 (6.5115e-01)	Loss Pred 5.9211e-01 (5.6191e-01)	Loss TOTAL 1.0072e+00 (9.5920e-01)
Epoch: [8][480/496]	L_Src_Sup 3.8335e-01 (2.6337e-01)	L_Trg_Inj 4.5559e-01 (3.5893e-01)	Loss Disc 6.5030e-01 (6.5114e-01)	Loss Pred 5.6475e-01 (5.6195e-01)	Loss TOTAL 9.7380e-01 (9.5953e-01)
Epoch: [8][490/496]	L_Src_Sup 2.5002e-01 (2.6387e-01)	L_Trg_Inj 3.6586e-01 (3.6191e-01)	Loss Disc 6.4587e-01 (6.5110e-01)	Loss Pred 5.8055e-01 (5.6207e-01)	Loss TOTAL 9.6507e-01 (9.5978e-01)
Epoch: [8][496/496]	L_Src_Sup 3.3541e-01 (2.6424e-01)	L_Trg_Inj 3.4297e-01 (3.6295e-01)	Loss Disc 6.4436e-01 (6.5108e-01)	Loss Pred 5.8593e-01 (5.6217e-01)	Loss TOTAL 9.7595e-01 (9.5989e-01)
Epoch 8 complete. Saving model state...
Epoch: [9][ 10/496]	L_Src_Sup 3.0001e-01 (2.6500e-01)	L_Trg_Inj 2.6561e-01 (3.4050e-01)	Loss Disc 6.5182e-01 (6.5118e-01)	Loss Pred 5.5965e-01 (5.6153e-01)	Loss TOTAL 9.7652e-01 (9.5111e-01)
Epoch: [9][ 20/496]	L_Src_Sup 2.2002e-01 (2.5272e-01)	L_Trg_Inj 3.7938e-01 (3.4314e-01)	Loss Disc 6.5177e-01 (6.5252e-01)	Loss Pred 5.5932e-01 (5.5662e-01)	Loss TOTAL 9.4515e-01 (9.5142e-01)
Epoch: [9][ 30/496]	L_Src_Sup 2.7183e-01 (2.5166e-01)	L_Trg_Inj 1.7093e-01 (3.3105e-01)	Loss Disc 6.5621e-01 (6.5183e-01)	Loss Pred 5.4377e-01 (5.5913e-01)	Loss TOTAL 1.0171e+00 (9.5336e-01)
Epoch: [9][ 40/496]	L_Src_Sup 2.3078e-01 (2.4334e-01)	L_Trg_Inj 1.8698e-01 (3.2608e-01)	Loss Disc 6.5772e-01 (6.5201e-01)	Loss Pred 5.3745e-01 (5.5846e-01)	Loss TOTAL 9.5188e-01 (9.5028e-01)
Epoch: [9][ 50/496]	L_Src_Sup 2.7701e-01 (2.4320e-01)	L_Trg_Inj 3.2811e-01 (3.1827e-01)	Loss Disc 6.4587e-01 (6.5167e-01)	Loss Pred 5.8085e-01 (5.5964e-01)	Loss TOTAL 9.6429e-01 (9.5149e-01)
Epoch: [9][ 60/496]	L_Src_Sup 2.9702e-01 (2.4348e-01)	L_Trg_Inj 3.4256e-01 (3.1627e-01)	Loss Disc 6.5324e-01 (6.5144e-01)	Loss Pred 5.5367e-01 (5.6087e-01)	Loss TOTAL 9.4425e-01 (9.5207e-01)
Epoch: [9][ 70/496]	L_Src_Sup 2.0417e-01 (2.4309e-01)	L_Trg_Inj 3.1115e-01 (3.1681e-01)	Loss Disc 6.4733e-01 (6.5121e-01)	Loss Pred 5.7531e-01 (5.6163e-01)	Loss TOTAL 9.5051e-01 (9.5147e-01)
Epoch: [9][ 80/496]	L_Src_Sup 2.1980e-01 (2.4270e-01)	L_Trg_Inj 4.0574e-01 (3.2057e-01)	Loss Disc 6.3848e-01 (6.5086e-01)	Loss Pred 6.0739e-01 (5.6287e-01)	Loss TOTAL 9.8918e-01 (9.5185e-01)
Epoch: [9][ 90/496]	L_Src_Sup 7.1432e-02 (2.3814e-01)	L_Trg_Inj 2.4976e-01 (3.2018e-01)	Loss Disc 6.2817e-01 (6.5093e-01)	Loss Pred 6.4550e-01 (5.6258e-01)	Loss TOTAL 9.9170e-01 (9.5044e-01)
Epoch: [9][100/496]	L_Src_Sup 2.2001e-01 (2.3860e-01)	L_Trg_Inj 2.8294e-01 (3.1330e-01)	Loss Disc 6.5176e-01 (6.5116e-01)	Loss Pred 5.5914e-01 (5.6171e-01)	Loss TOTAL 9.3532e-01 (9.5037e-01)
Epoch: [9][110/496]	L_Src_Sup 1.1000e-01 (2.3639e-01)	L_Trg_Inj 2.5000e-01 (3.0521e-01)	Loss Disc 6.3838e-01 (6.5065e-01)	Loss Pred 6.0732e-01 (5.6362e-01)	Loss TOTAL 9.6251e-01 (9.5335e-01)
Epoch: [9][120/496]	L_Src_Sup 3.4970e-01 (2.3990e-01)	L_Trg_Inj 5.4686e-01 (3.1547e-01)	Loss Disc 6.5622e-01 (6.5106e-01)	Loss Pred 5.4296e-01 (5.6213e-01)	Loss TOTAL 9.6073e-01 (9.5274e-01)
Epoch: [9][130/496]	L_Src_Sup 3.9133e-01 (2.4449e-01)	L_Trg_Inj 5.6021e-01 (3.2996e-01)	Loss Disc 6.4587e-01 (6.5096e-01)	Loss Pred 5.7941e-01 (5.6247e-01)	Loss TOTAL 9.9750e-01 (9.5421e-01)
Epoch: [9][140/496]	L_Src_Sup 2.5267e-01 (2.4483e-01)	L_Trg_Inj 3.4375e-01 (3.3886e-01)	Loss Disc 6.4438e-01 (6.5097e-01)	Loss Pred 5.8619e-01 (5.6240e-01)	Loss TOTAL 9.6802e-01 (9.5444e-01)
Epoch: [9][150/496]	L_Src_Sup 1.8521e-01 (2.4836e-01)	L_Trg_Inj 2.8118e-01 (3.4048e-01)	Loss Disc 6.6359e-01 (6.5107e-01)	Loss Pred 5.1591e-01 (5.6203e-01)	Loss TOTAL 8.9435e-01 (9.5492e-01)
Epoch: [9][160/496]	L_Src_Sup 2.7997e-01 (2.4744e-01)	L_Trg_Inj 3.7396e-01 (3.4193e-01)	Loss Disc 6.5176e-01 (6.5082e-01)	Loss Pred 5.5916e-01 (5.6295e-01)	Loss TOTAL 9.5043e-01 (9.5614e-01)
Epoch: [9][170/496]	L_Src_Sup 1.6676e-01 (2.4581e-01)	L_Trg_Inj 2.8125e-01 (3.4055e-01)	Loss Disc 6.4586e-01 (6.5083e-01)	Loss Pred 5.8070e-01 (5.6289e-01)	Loss TOTAL 9.4843e-01 (9.5538e-01)
Epoch: [9][180/496]	L_Src_Sup 2.7107e-01 (2.4581e-01)	L_Trg_Inj 1.7171e-01 (3.3634e-01)	Loss Disc 6.4589e-01 (6.5100e-01)	Loss Pred 5.8087e-01 (5.6227e-01)	Loss TOTAL 1.0475e+00 (9.5565e-01)
Epoch: [9][190/496]	L_Src_Sup 2.0411e-01 (2.4496e-01)	L_Trg_Inj 2.1975e-01 (3.3089e-01)	Loss Disc 6.4883e-01 (6.5101e-01)	Loss Pred 5.7074e-01 (5.6239e-01)	Loss TOTAL 9.3754e-01 (9.5638e-01)
Epoch: [9][200/496]	L_Src_Sup 1.4435e-01 (2.4286e-01)	L_Trg_Inj 4.2181e-01 (3.2562e-01)	Loss Disc 6.4733e-01 (6.5101e-01)	Loss Pred 5.7565e-01 (5.6238e-01)	Loss TOTAL 9.5593e-01 (9.5698e-01)
Epoch: [9][210/496]	L_Src_Sup 2.6811e-01 (2.4582e-01)	L_Trg_Inj 5.5445e-01 (3.3106e-01)	Loss Disc 6.5630e-01 (6.5118e-01)	Loss Pred 5.4131e-01 (5.6173e-01)	Loss TOTAL 9.5171e-01 (9.5699e-01)
Epoch: [9][220/496]	L_Src_Sup 1.6495e-01 (2.4662e-01)	L_Trg_Inj 3.4375e-01 (3.3331e-01)	Loss Disc 6.4733e-01 (6.5101e-01)	Loss Pred 5.7541e-01 (5.6236e-01)	Loss TOTAL 9.4994e-01 (9.5744e-01)
Epoch: [9][230/496]	L_Src_Sup 3.3305e-01 (2.4768e-01)	L_Trg_Inj 4.3713e-01 (3.3652e-01)	Loss Disc 6.4587e-01 (6.5104e-01)	Loss Pred 5.8086e-01 (5.6232e-01)	Loss TOTAL 9.8081e-01 (9.5734e-01)
Epoch: [9][240/496]	L_Src_Sup 3.1388e-01 (2.4892e-01)	L_Trg_Inj 4.6047e-01 (3.3829e-01)	Loss Disc 6.4737e-01 (6.5100e-01)	Loss Pred 5.7544e-01 (5.6246e-01)	Loss TOTAL 9.7656e-01 (9.5820e-01)
Epoch: [9][250/496]	L_Src_Sup 3.4618e-01 (2.4949e-01)	L_Trg_Inj 2.9680e-01 (3.4134e-01)	Loss Disc 6.5769e-01 (6.5104e-01)	Loss Pred 5.3742e-01 (5.6228e-01)	Loss TOTAL 9.7994e-01 (9.5839e-01)
Epoch: [9][260/496]	L_Src_Sup 2.8880e-01 (2.5001e-01)	L_Trg_Inj 4.0535e-01 (3.4441e-01)	Loss Disc 6.4733e-01 (6.5108e-01)	Loss Pred 5.7557e-01 (5.6211e-01)	Loss TOTAL 9.6865e-01 (9.5815e-01)
Epoch: [9][270/496]	L_Src_Sup 3.2701e-01 (2.4874e-01)	L_Trg_Inj 2.3377e-01 (3.4547e-01)	Loss Disc 6.5770e-01 (6.5112e-01)	Loss Pred 5.3725e-01 (5.6196e-01)	Loss TOTAL 1.0154e+00 (9.5794e-01)
Epoch: [9][280/496]	L_Src_Sup 2.4004e-01 (2.4842e-01)	L_Trg_Inj 2.3437e-01 (3.4369e-01)	Loss Disc 6.5175e-01 (6.5106e-01)	Loss Pred 5.5913e-01 (5.6219e-01)	Loss TOTAL 9.3811e-01 (9.5832e-01)
Epoch: [9][290/496]	L_Src_Sup 1.2141e-01 (2.4719e-01)	L_Trg_Inj 3.5822e-01 (3.4373e-01)	Loss Disc 6.5030e-01 (6.5102e-01)	Loss Pred 5.6474e-01 (5.6233e-01)	Loss TOTAL 9.3785e-01 (9.5807e-01)
Epoch: [9][300/496]	L_Src_Sup 2.9102e-01 (2.4645e-01)	L_Trg_Inj 2.6561e-01 (3.4157e-01)	Loss Disc 6.6656e-01 (6.5112e-01)	Loss Pred 5.0458e-01 (5.6196e-01)	Loss TOTAL 9.1893e-01 (9.5728e-01)
Epoch: [9][310/496]	L_Src_Sup 2.4956e-01 (2.4812e-01)	L_Trg_Inj 5.7808e-01 (3.4531e-01)	Loss Disc 6.4586e-01 (6.5107e-01)	Loss Pred 5.8097e-01 (5.6214e-01)	Loss TOTAL 9.8666e-01 (9.5792e-01)
Epoch: [9][320/496]	L_Src_Sup 2.6927e-01 (2.4859e-01)	L_Trg_Inj 3.5617e-01 (3.4869e-01)	Loss Disc 6.5769e-01 (6.5106e-01)	Loss Pred 5.3736e-01 (5.6214e-01)	Loss TOTAL 9.2875e-01 (9.5797e-01)
Epoch: [9][330/496]	L_Src_Sup 2.4219e-01 (2.4818e-01)	L_Trg_Inj 3.6449e-01 (3.4810e-01)	Loss Disc 6.5028e-01 (6.5093e-01)	Loss Pred 5.6452e-01 (5.6261e-01)	Loss TOTAL 9.5033e-01 (9.5795e-01)
Epoch: [9][340/496]	L_Src_Sup 2.6762e-01 (2.4851e-01)	L_Trg_Inj 2.7956e-01 (3.4857e-01)	Loss Disc 6.5917e-01 (6.5097e-01)	Loss Pred 5.3305e-01 (5.6246e-01)	Loss TOTAL 9.1735e-01 (9.5776e-01)
Epoch: [9][350/496]	L_Src_Sup 2.8868e-01 (2.4897e-01)	L_Trg_Inj 4.5101e-01 (3.4881e-01)	Loss Disc 6.4732e-01 (6.5086e-01)	Loss Pred 5.7541e-01 (5.6284e-01)	Loss TOTAL 9.7304e-01 (9.5798e-01)
Epoch: [9][360/496]	L_Src_Sup 1.8369e-01 (2.4858e-01)	L_Trg_Inj 2.6562e-01 (3.4613e-01)	Loss Disc 6.4882e-01 (6.5079e-01)	Loss Pred 5.6983e-01 (5.6310e-01)	Loss TOTAL 9.3917e-01 (9.5837e-01)
Epoch: [9][370/496]	L_Src_Sup 2.7958e-01 (2.4805e-01)	L_Trg_Inj 2.8125e-01 (3.4533e-01)	Loss Disc 6.4147e-01 (6.5091e-01)	Loss Pred 5.9688e-01 (5.6267e-01)	Loss TOTAL 9.7369e-01 (9.5766e-01)
Epoch: [9][380/496]	L_Src_Sup 2.4244e-01 (2.4861e-01)	L_Trg_Inj 2.9631e-01 (3.4422e-01)	Loss Disc 6.5031e-01 (6.5089e-01)	Loss Pred 5.6454e-01 (5.6272e-01)	Loss TOTAL 9.4357e-01 (9.5760e-01)
Epoch: [9][390/496]	L_Src_Sup 2.5744e-01 (2.4860e-01)	L_Trg_Inj 3.9053e-01 (3.4444e-01)	Loss Disc 6.5326e-01 (6.5084e-01)	Loss Pred 5.5387e-01 (5.6289e-01)	Loss TOTAL 9.4529e-01 (9.5770e-01)
Epoch: [9][400/496]	L_Src_Sup 1.5219e-01 (2.4802e-01)	L_Trg_Inj 3.2808e-01 (3.4423e-01)	Loss Disc 6.3996e-01 (6.5082e-01)	Loss Pred 6.0198e-01 (5.6297e-01)	Loss TOTAL 9.6999e-01 (9.5753e-01)
Epoch: [9][410/496]	L_Src_Sup 1.4142e-01 (2.4754e-01)	L_Trg_Inj 2.8111e-01 (3.4322e-01)	Loss Disc 6.5029e-01 (6.5081e-01)	Loss Pred 5.6451e-01 (5.6299e-01)	Loss TOTAL 9.3191e-01 (9.5746e-01)
Epoch: [9][420/496]	L_Src_Sup 1.9268e-01 (2.4694e-01)	L_Trg_Inj 2.8125e-01 (3.4214e-01)	Loss Disc 6.5770e-01 (6.5085e-01)	Loss Pred 5.3809e-01 (5.6286e-01)	Loss TOTAL 9.1433e-01 (9.5710e-01)
Epoch: [9][430/496]	L_Src_Sup 3.7906e-01 (2.4758e-01)	L_Trg_Inj 3.5933e-01 (3.4123e-01)	Loss Disc 6.4441e-01 (6.5089e-01)	Loss Pred 5.8630e-01 (5.6269e-01)	Loss TOTAL 1.0021e+00 (9.5731e-01)
Epoch: [9][440/496]	L_Src_Sup 1.2954e-01 (2.4621e-01)	L_Trg_Inj 2.3431e-01 (3.3927e-01)	Loss Disc 6.6360e-01 (6.5091e-01)	Loss Pred 5.1589e-01 (5.6261e-01)	Loss TOTAL 8.8407e-01 (9.5675e-01)
Epoch: [9][450/496]	L_Src_Sup 2.2452e-01 (2.4562e-01)	L_Trg_Inj 1.3922e-01 (3.3704e-01)	Loss Disc 6.4881e-01 (6.5093e-01)	Loss Pred 5.7005e-01 (5.6252e-01)	Loss TOTAL 1.0161e+00 (9.5685e-01)
Epoch: [9][460/496]	L_Src_Sup 2.1785e-01 (2.4580e-01)	L_Trg_Inj 1.5625e-01 (3.3453e-01)	Loss Disc 6.5325e-01 (6.5098e-01)	Loss Pred 5.5391e-01 (5.6234e-01)	Loss TOTAL 9.7954e-01 (9.5750e-01)
Epoch: [9][470/496]	L_Src_Sup 2.2224e-01 (2.4674e-01)	L_Trg_Inj 4.6874e-01 (3.3668e-01)	Loss Disc 6.5032e-01 (6.5097e-01)	Loss Pred 5.6460e-01 (5.6237e-01)	Loss TOTAL 9.5886e-01 (9.5765e-01)
Epoch: [9][480/496]	L_Src_Sup 2.8547e-01 (2.4823e-01)	L_Trg_Inj 4.4501e-01 (3.3755e-01)	Loss Disc 6.5177e-01 (6.5102e-01)	Loss Pred 5.5932e-01 (5.6220e-01)	Loss TOTAL 9.5826e-01 (9.5776e-01)
Epoch: [9][490/496]	L_Src_Sup 1.8435e-01 (2.4815e-01)	L_Trg_Inj 3.6915e-01 (3.3678e-01)	Loss Disc 6.4473e-01 (6.5100e-01)	Loss Pred 5.8514e-01 (5.6229e-01)	Loss TOTAL 9.6286e-01 (9.5773e-01)
Epoch: [9][496/496]	L_Src_Sup 2.6414e-01 (2.4767e-01)	L_Trg_Inj 2.4795e-01 (3.3625e-01)	Loss Disc 6.6059e-01 (6.5104e-01)	Loss Pred 5.2923e-01 (5.6214e-01)	Loss TOTAL 9.2693e-01 (9.5766e-01)
Epoch 9 complete. Saving model state...
Epoch: [10][ 10/496]	L_Src_Sup 2.3302e-01 (2.8272e-01)	L_Trg_Inj 4.3601e-01 (3.3317e-01)	Loss Disc 6.5620e-01 (6.4944e-01)	Loss Pred 5.4256e-01 (5.6776e-01)	Loss TOTAL 9.3757e-01 (9.6645e-01)
Epoch: [10][ 20/496]	L_Src_Sup 2.2449e-01 (2.7864e-01)	L_Trg_Inj 3.0689e-01 (3.3216e-01)	Loss Disc 6.4883e-01 (6.5091e-01)	Loss Pred 5.7007e-01 (5.6231e-01)	Loss TOTAL 9.4763e-01 (9.6071e-01)
Epoch: [10][ 30/496]	L_Src_Sup 2.5414e-01 (2.7383e-01)	L_Trg_Inj 3.1243e-01 (3.2935e-01)	Loss Disc 6.5475e-01 (6.5135e-01)	Loss Pred 5.4795e-01 (5.6067e-01)	Loss TOTAL 9.3198e-01 (9.5738e-01)
Epoch: [10][ 40/496]	L_Src_Sup 2.1360e-01 (2.6963e-01)	L_Trg_Inj 3.3051e-01 (3.3170e-01)	Loss Disc 6.5622e-01 (6.5112e-01)	Loss Pred 5.4258e-01 (5.6152e-01)	Loss TOTAL 9.2510e-01 (9.5539e-01)
Epoch: [10][ 50/496]	L_Src_Sup 3.3242e-01 (2.6213e-01)	L_Trg_Inj 4.3725e-01 (3.2655e-01)	Loss Disc 6.5475e-01 (6.5099e-01)	Loss Pred 5.4805e-01 (5.6195e-01)	Loss TOTAL 9.5239e-01 (9.5571e-01)
Epoch: [10][ 60/496]	L_Src_Sup 1.9814e-01 (2.5699e-01)	L_Trg_Inj 1.7079e-01 (3.2364e-01)	Loss Disc 6.5329e-01 (6.5174e-01)	Loss Pred 5.5418e-01 (5.5920e-01)	Loss TOTAL 9.4507e-01 (9.5220e-01)
Epoch: [10][ 70/496]	L_Src_Sup 2.2449e-01 (2.5245e-01)	L_Trg_Inj 2.1842e-01 (3.0856e-01)	Loss Disc 6.4879e-01 (6.5096e-01)	Loss Pred 5.7020e-01 (5.6229e-01)	Loss TOTAL 9.4495e-01 (9.5758e-01)
Epoch: [10][ 80/496]	L_Src_Sup 3.0776e-01 (2.5022e-01)	L_Trg_Inj 2.3427e-01 (3.0052e-01)	Loss Disc 6.3848e-01 (6.5117e-01)	Loss Pred 6.0925e-01 (5.6156e-01)	Loss TOTAL 1.0562e+00 (9.5804e-01)
Epoch: [10][ 90/496]	L_Src_Sup 2.4228e-01 (2.4504e-01)	L_Trg_Inj 1.9783e-01 (2.8790e-01)	Loss Disc 6.5029e-01 (6.5141e-01)	Loss Pred 5.6506e-01 (5.6068e-01)	Loss TOTAL 9.7867e-01 (9.5869e-01)
Epoch: [10][100/496]	L_Src_Sup 1.8751e-01 (2.4411e-01)	L_Trg_Inj 1.6789e-01 (2.8218e-01)	Loss Disc 6.4588e-01 (6.5119e-01)	Loss Pred 5.8325e-01 (5.6155e-01)	Loss TOTAL 9.6134e-01 (9.6067e-01)
Epoch: [10][110/496]	L_Src_Sup 3.1251e-01 (2.4561e-01)	L_Trg_Inj 3.2810e-01 (2.8553e-01)	Loss Disc 6.4587e-01 (6.5139e-01)	Loss Pred 5.8135e-01 (5.6092e-01)	Loss TOTAL 9.6835e-01 (9.6064e-01)
Epoch: [10][120/496]	L_Src_Sup 2.9414e-01 (2.4789e-01)	L_Trg_Inj 2.1875e-01 (2.8864e-01)	Loss Disc 6.5475e-01 (6.5161e-01)	Loss Pred 5.4791e-01 (5.6006e-01)	Loss TOTAL 1.0020e+00 (9.5982e-01)
Epoch: [10][130/496]	L_Src_Sup 1.6843e-01 (2.4886e-01)	L_Trg_Inj 3.2808e-01 (2.9378e-01)	Loss Disc 6.4439e-01 (6.5150e-01)	Loss Pred 5.8712e-01 (5.6045e-01)	Loss TOTAL 9.5897e-01 (9.6014e-01)
Epoch: [10][140/496]	L_Src_Sup 1.7823e-01 (2.4687e-01)	L_Trg_Inj 2.2797e-01 (2.9326e-01)	Loss Disc 6.5326e-01 (6.5130e-01)	Loss Pred 5.5367e-01 (5.6119e-01)	Loss TOTAL 9.2091e-01 (9.5933e-01)
Epoch: [10][150/496]	L_Src_Sup 2.0409e-01 (2.4576e-01)	L_Trg_Inj 2.6562e-01 (2.9288e-01)	Loss Disc 6.4882e-01 (6.5123e-01)	Loss Pred 5.7010e-01 (5.6142e-01)	Loss TOTAL 9.4148e-01 (9.5847e-01)
Epoch: [10][160/496]	L_Src_Sup 1.9357e-01 (2.4362e-01)	L_Trg_Inj 4.5002e-01 (2.9242e-01)	Loss Disc 6.4141e-01 (6.5113e-01)	Loss Pred 5.9779e-01 (5.6179e-01)	Loss TOTAL 9.8286e-01 (9.5817e-01)
Epoch: [10][170/496]	L_Src_Sup 2.3950e-01 (2.4374e-01)	L_Trg_Inj 3.7350e-01 (2.9466e-01)	Loss Disc 6.5180e-01 (6.5131e-01)	Loss Pred 5.5908e-01 (5.6112e-01)	Loss TOTAL 9.4628e-01 (9.5778e-01)
Epoch: [10][180/496]	L_Src_Sup 1.4738e-01 (2.4324e-01)	L_Trg_Inj 2.6440e-01 (2.9315e-01)	Loss Disc 6.4441e-01 (6.5124e-01)	Loss Pred 5.8660e-01 (5.6136e-01)	Loss TOTAL 9.4999e-01 (9.5789e-01)
Epoch: [10][190/496]	L_Src_Sup 3.4467e-01 (2.4463e-01)	L_Trg_Inj 4.2187e-01 (2.9702e-01)	Loss Disc 6.6214e-01 (6.5141e-01)	Loss Pred 5.2029e-01 (5.6072e-01)	Loss TOTAL 9.2801e-01 (9.5748e-01)
Epoch: [10][200/496]	L_Src_Sup 2.0618e-01 (2.4389e-01)	L_Trg_Inj 2.4819e-01 (2.9965e-01)	Loss Disc 6.4736e-01 (6.5137e-01)	Loss Pred 5.7572e-01 (5.6086e-01)	Loss TOTAL 9.4484e-01 (9.5736e-01)
Epoch: [10][210/496]	L_Src_Sup 2.0001e-01 (2.4538e-01)	L_Trg_Inj 3.2806e-01 (3.0142e-01)	Loss Disc 6.5177e-01 (6.5151e-01)	Loss Pred 5.5906e-01 (5.6034e-01)	Loss TOTAL 9.3775e-01 (9.5662e-01)
Epoch: [10][220/496]	L_Src_Sup 2.1575e-01 (2.4812e-01)	L_Trg_Inj 3.4601e-01 (3.0338e-01)	Loss Disc 6.6804e-01 (6.5164e-01)	Loss Pred 4.9705e-01 (5.5982e-01)	Loss TOTAL 8.8724e-01 (9.5709e-01)
Epoch: [10][230/496]	L_Src_Sup 3.1580e-01 (2.4798e-01)	L_Trg_Inj 3.7447e-01 (3.0491e-01)	Loss Disc 6.4438e-01 (6.5154e-01)	Loss Pred 5.8733e-01 (5.6021e-01)	Loss TOTAL 9.7854e-01 (9.5698e-01)
Epoch: [10][240/496]	L_Src_Sup 4.0351e-01 (2.4801e-01)	L_Trg_Inj 4.3167e-01 (3.0662e-01)	Loss Disc 6.4728e-01 (6.5155e-01)	Loss Pred 5.7140e-01 (5.6011e-01)	Loss TOTAL 9.7856e-01 (9.5641e-01)
Epoch: [10][250/496]	L_Src_Sup 1.9418e-01 (2.4731e-01)	L_Trg_Inj 2.8125e-01 (3.0526e-01)	Loss Disc 6.5618e-01 (6.5155e-01)	Loss Pred 5.4217e-01 (5.6014e-01)	Loss TOTAL 9.1781e-01 (9.5685e-01)
Epoch: [10][260/496]	L_Src_Sup 1.6667e-01 (2.4728e-01)	L_Trg_Inj 3.3043e-01 (3.0324e-01)	Loss Disc 6.4586e-01 (6.5143e-01)	Loss Pred 5.8144e-01 (5.6059e-01)	Loss TOTAL 9.5408e-01 (9.5796e-01)
Epoch: [10][270/496]	L_Src_Sup 2.3173e-01 (2.4726e-01)	L_Trg_Inj 4.0899e-01 (3.0185e-01)	Loss Disc 6.5915e-01 (6.5138e-01)	Loss Pred 5.3146e-01 (5.6074e-01)	Loss TOTAL 9.2511e-01 (9.5914e-01)
Epoch: [10][280/496]	L_Src_Sup 2.6599e-01 (2.5450e-01)	L_Trg_Inj 3.5488e-01 (3.0293e-01)	Loss Disc 6.5769e-01 (6.5132e-01)	Loss Pred 5.3729e-01 (5.6100e-01)	Loss TOTAL 9.2822e-01 (9.6558e-01)
Epoch: [10][290/496]	L_Src_Sup 2.6875e-01 (2.5708e-01)	L_Trg_Inj 3.3340e-01 (3.0449e-01)	Loss Disc 6.6802e-01 (6.5128e-01)	Loss Pred 4.9899e-01 (5.6122e-01)	Loss TOTAL 8.9321e-01 (9.6655e-01)
Epoch: [10][300/496]	L_Src_Sup 3.0474e-01 (2.5765e-01)	L_Trg_Inj 2.1549e-01 (3.0564e-01)	Loss Disc 6.5767e-01 (6.5127e-01)	Loss Pred 5.3716e-01 (5.6128e-01)	Loss TOTAL 1.0073e+00 (9.6682e-01)
Epoch: [10][310/496]	L_Src_Sup 3.3485e-01 (2.5867e-01)	L_Trg_Inj 2.3955e-01 (3.0529e-01)	Loss Disc 6.5325e-01 (6.5119e-01)	Loss Pred 5.5378e-01 (5.6156e-01)	Loss TOTAL 1.0332e+00 (9.6787e-01)
Epoch: [10][320/496]	L_Src_Sup 4.2307e-01 (2.5955e-01)	L_Trg_Inj 4.9819e-01 (3.0709e-01)	Loss Disc 6.4437e-01 (6.5107e-01)	Loss Pred 5.8610e-01 (5.6198e-01)	Loss TOTAL 1.0004e+00 (9.6805e-01)
Epoch: [10][330/496]	L_Src_Sup 3.1508e-01 (2.6136e-01)	L_Trg_Inj 4.4358e-01 (3.1053e-01)	Loss Disc 6.4882e-01 (6.5109e-01)	Loss Pred 5.6991e-01 (5.6190e-01)	Loss TOTAL 9.7019e-01 (9.6784e-01)
Epoch: [10][340/496]	L_Src_Sup 2.2011e-01 (2.6140e-01)	L_Trg_Inj 2.8383e-01 (3.1072e-01)	Loss Disc 6.5177e-01 (6.5109e-01)	Loss Pred 5.5913e-01 (5.6190e-01)	Loss TOTAL 9.3541e-01 (9.6751e-01)
Epoch: [10][350/496]	L_Src_Sup 1.4841e-01 (2.6026e-01)	L_Trg_Inj 2.3799e-01 (3.1044e-01)	Loss Disc 6.4588e-01 (6.5108e-01)	Loss Pred 5.8074e-01 (5.6191e-01)	Loss TOTAL 9.4232e-01 (9.6690e-01)
Epoch: [10][360/496]	L_Src_Sup 1.9119e-01 (2.5978e-01)	L_Trg_Inj 2.8472e-01 (3.0954e-01)	Loss Disc 6.4291e-01 (6.5105e-01)	Loss Pred 5.9165e-01 (5.6203e-01)	Loss TOTAL 9.6070e-01 (9.6665e-01)
Epoch: [10][370/496]	L_Src_Sup 2.1974e-01 (2.5937e-01)	L_Trg_Inj 3.6410e-01 (3.0823e-01)	Loss Disc 6.5326e-01 (6.5110e-01)	Loss Pred 5.5378e-01 (5.6186e-01)	Loss TOTAL 9.3879e-01 (9.6632e-01)
Epoch: [10][380/496]	L_Src_Sup 2.4720e-01 (2.5803e-01)	L_Trg_Inj 2.9097e-01 (3.0830e-01)	Loss Disc 6.3551e-01 (6.5098e-01)	Loss Pred 6.1811e-01 (5.6233e-01)	Loss TOTAL 9.8968e-01 (9.6628e-01)
Epoch: [10][390/496]	L_Src_Sup 1.8942e-01 (2.5775e-01)	L_Trg_Inj 3.6220e-01 (3.0931e-01)	Loss Disc 6.4440e-01 (6.5102e-01)	Loss Pred 5.8594e-01 (5.6218e-01)	Loss TOTAL 9.6331e-01 (9.6599e-01)
Epoch: [10][400/496]	L_Src_Sup 2.2345e-01 (2.5866e-01)	L_Trg_Inj 3.1250e-01 (3.1060e-01)	Loss Disc 6.5324e-01 (6.5112e-01)	Loss Pred 5.5370e-01 (5.6183e-01)	Loss TOTAL 9.3391e-01 (9.6562e-01)
Epoch: [10][410/496]	L_Src_Sup 2.3914e-01 (2.5804e-01)	L_Trg_Inj 1.8750e-01 (3.0977e-01)	Loss Disc 6.3993e-01 (6.5099e-01)	Loss Pred 6.0216e-01 (5.6230e-01)	Loss TOTAL 1.0164e+00 (9.6582e-01)
Epoch: [10][420/496]	L_Src_Sup 2.0226e-01 (2.5783e-01)	L_Trg_Inj 3.2299e-01 (3.1003e-01)	Loss Disc 6.3552e-01 (6.5098e-01)	Loss Pred 6.1821e-01 (5.6232e-01)	Loss TOTAL 9.8850e-01 (9.6559e-01)
Epoch: [10][430/496]	L_Src_Sup 2.1282e-01 (2.5792e-01)	L_Trg_Inj 4.2934e-01 (3.1163e-01)	Loss Disc 6.3702e-01 (6.5092e-01)	Loss Pred 6.1232e-01 (5.6254e-01)	Loss TOTAL 9.9505e-01 (9.6553e-01)
Epoch: [10][440/496]	L_Src_Sup 2.4122e-01 (2.5930e-01)	L_Trg_Inj 4.3118e-01 (3.1423e-01)	Loss Disc 6.4882e-01 (6.5089e-01)	Loss Pred 5.6982e-01 (5.6265e-01)	Loss TOTAL 9.6147e-01 (9.6576e-01)
Epoch: [10][450/496]	L_Src_Sup 3.6870e-01 (2.5996e-01)	L_Trg_Inj 3.6210e-01 (3.1601e-01)	Loss Disc 6.5622e-01 (6.5093e-01)	Loss Pred 5.4325e-01 (5.6250e-01)	Loss TOTAL 9.5104e-01 (9.6544e-01)
Epoch: [10][460/496]	L_Src_Sup 2.8313e-01 (2.6052e-01)	L_Trg_Inj 3.7868e-01 (3.1817e-01)	Loss Disc 6.6065e-01 (6.5095e-01)	Loss Pred 5.2710e-01 (5.6242e-01)	Loss TOTAL 9.2360e-01 (9.6529e-01)
Epoch: [10][470/496]	L_Src_Sup 3.0769e-01 (2.6082e-01)	L_Trg_Inj 4.0252e-01 (3.1930e-01)	Loss Disc 6.5769e-01 (6.5098e-01)	Loss Pred 5.3762e-01 (5.6230e-01)	Loss TOTAL 9.3748e-01 (9.6502e-01)
Epoch: [10][480/496]	L_Src_Sup 2.0619e-01 (2.6107e-01)	L_Trg_Inj 2.4983e-01 (3.1852e-01)	Loss Disc 6.4735e-01 (6.5098e-01)	Loss Pred 5.7541e-01 (5.6230e-01)	Loss TOTAL 9.4469e-01 (9.6484e-01)
Epoch: [10][490/496]	L_Src_Sup 1.7022e-01 (2.6087e-01)	L_Trg_Inj 1.8737e-01 (3.1713e-01)	Loss Disc 6.4290e-01 (6.5097e-01)	Loss Pred 5.9150e-01 (5.6237e-01)	Loss TOTAL 9.4871e-01 (9.6503e-01)
Epoch: [10][496/496]	L_Src_Sup 3.8936e-01 (2.6164e-01)	L_Trg_Inj 3.4025e-01 (3.1759e-01)	Loss Disc 6.7099e-01 (6.5101e-01)	Loss Pred 4.8929e-01 (5.6219e-01)	Loss TOTAL 9.4686e-01 (9.6496e-01)
Epoch 10 complete. Saving model state...
Epoch: [11][ 10/496]	L_Src_Sup 2.9476e-01 (2.6959e-01)	L_Trg_Inj 4.5308e-01 (3.5948e-01)	Loss Disc 6.4435e-01 (6.4691e-01)	Loss Pred 5.8619e-01 (5.7704e-01)	Loss TOTAL 9.8315e-01 (9.7485e-01)
Epoch: [11][ 20/496]	L_Src_Sup 4.9629e-01 (2.8225e-01)	L_Trg_Inj 4.2330e-01 (3.9689e-01)	Loss Disc 6.6360e-01 (6.5031e-01)	Loss Pred 5.1595e-01 (5.6470e-01)	Loss TOTAL 1.0127e+00 (9.7039e-01)
Epoch: [11][ 30/496]	L_Src_Sup 2.2683e-01 (2.9337e-01)	L_Trg_Inj 4.0544e-01 (4.2251e-01)	Loss Disc 6.4737e-01 (6.5040e-01)	Loss Pred 5.7547e-01 (5.6441e-01)	Loss TOTAL 9.6238e-01 (9.6961e-01)
Epoch: [11][ 40/496]	L_Src_Sup 3.2002e-01 (3.0427e-01)	L_Trg_Inj 5.2957e-01 (4.2483e-01)	Loss Disc 6.5179e-01 (6.5020e-01)	Loss Pred 5.5913e-01 (5.6508e-01)	Loss TOTAL 9.6998e-01 (9.6993e-01)
Epoch: [11][ 50/496]	L_Src_Sup 2.2990e-01 (2.9641e-01)	L_Trg_Inj 4.9999e-01 (4.2907e-01)	Loss Disc 6.3254e-01 (6.4916e-01)	Loss Pred 6.2854e-01 (5.6880e-01)	Loss TOTAL 1.0178e+00 (9.7140e-01)
Epoch: [11][ 60/496]	L_Src_Sup 2.4001e-01 (2.8986e-01)	L_Trg_Inj 3.8954e-01 (4.2081e-01)	Loss Disc 6.5181e-01 (6.4974e-01)	Loss Pred 5.5917e-01 (5.6670e-01)	Loss TOTAL 9.4804e-01 (9.6720e-01)
Epoch: [11][ 70/496]	L_Src_Sup 3.7022e-01 (2.9504e-01)	L_Trg_Inj 4.7710e-01 (4.2665e-01)	Loss Disc 6.5801e-01 (6.4999e-01)	Loss Pred 5.3651e-01 (5.6576e-01)	Loss TOTAL 9.5025e-01 (9.6730e-01)
Epoch: [11][ 80/496]	L_Src_Sup 3.1194e-01 (2.9596e-01)	L_Trg_Inj 4.7787e-01 (4.3535e-01)	Loss Disc 6.5620e-01 (6.5001e-01)	Loss Pred 5.4318e-01 (5.6569e-01)	Loss TOTAL 9.5026e-01 (9.6766e-01)
Epoch: [11][ 90/496]	L_Src_Sup 3.8570e-01 (2.9456e-01)	L_Trg_Inj 4.7937e-01 (4.3472e-01)	Loss Disc 6.5769e-01 (6.5001e-01)	Loss Pred 5.3803e-01 (5.6571e-01)	Loss TOTAL 9.5338e-01 (9.6705e-01)
Epoch: [11][100/496]	L_Src_Sup 2.5222e-01 (2.9165e-01)	L_Trg_Inj 3.2804e-01 (4.2797e-01)	Loss Disc 6.6804e-01 (6.5038e-01)	Loss Pred 5.0034e-01 (5.6439e-01)	Loss TOTAL 8.9239e-01 (9.6476e-01)
Epoch: [11][110/496]	L_Src_Sup 2.5264e-01 (2.8872e-01)	L_Trg_Inj 2.4760e-01 (4.1983e-01)	Loss Disc 6.4440e-01 (6.5031e-01)	Loss Pred 5.8605e-01 (5.6465e-01)	Loss TOTAL 9.6331e-01 (9.6364e-01)
Epoch: [11][120/496]	L_Src_Sup 3.2077e-01 (2.8485e-01)	L_Trg_Inj 2.8119e-01 (4.1411e-01)	Loss Disc 6.6065e-01 (6.5071e-01)	Loss Pred 5.2653e-01 (5.6319e-01)	Loss TOTAL 9.5663e-01 (9.6219e-01)
Epoch: [11][130/496]	L_Src_Sup 3.0770e-01 (2.8288e-01)	L_Trg_Inj 3.0985e-01 (4.0570e-01)	Loss Disc 6.5770e-01 (6.5076e-01)	Loss Pred 5.3734e-01 (5.6300e-01)	Loss TOTAL 9.2795e-01 (9.6188e-01)
Epoch: [11][140/496]	L_Src_Sup 3.1804e-01 (2.7937e-01)	L_Trg_Inj 4.0604e-01 (3.9831e-01)	Loss Disc 6.3403e-01 (6.5055e-01)	Loss Pred 6.2449e-01 (5.6377e-01)	Loss TOTAL 1.0139e+00 (9.6218e-01)
Epoch: [11][150/496]	L_Src_Sup 3.3686e-01 (2.7710e-01)	L_Trg_Inj 1.8606e-01 (3.8995e-01)	Loss Disc 6.4439e-01 (6.5062e-01)	Loss Pred 5.8634e-01 (5.6349e-01)	Loss TOTAL 1.1116e+00 (9.6258e-01)
Epoch: [11][160/496]	L_Src_Sup 2.2845e-01 (2.7498e-01)	L_Trg_Inj 2.8116e-01 (3.8415e-01)	Loss Disc 6.4731e-01 (6.5033e-01)	Loss Pred 5.7520e-01 (5.6454e-01)	Loss TOTAL 9.4982e-01 (9.6260e-01)
Epoch: [11][170/496]	L_Src_Sup 2.2047e-01 (2.7652e-01)	L_Trg_Inj 4.6891e-01 (3.8855e-01)	Loss Disc 6.5324e-01 (6.5055e-01)	Loss Pred 5.5376e-01 (5.6378e-01)	Loss TOTAL 9.4931e-01 (9.6249e-01)
Epoch: [11][180/496]	L_Src_Sup 2.9303e-01 (2.7498e-01)	L_Trg_Inj 2.9683e-01 (3.8940e-01)	Loss Disc 6.5473e-01 (6.5057e-01)	Loss Pred 5.4837e-01 (5.6371e-01)	Loss TOTAL 9.3473e-01 (9.6197e-01)
Epoch: [11][190/496]	L_Src_Sup 2.3210e-01 (2.7497e-01)	L_Trg_Inj 4.2186e-01 (3.9039e-01)	Loss Disc 6.5621e-01 (6.5082e-01)	Loss Pred 5.4275e-01 (5.6281e-01)	Loss TOTAL 9.3625e-01 (9.6095e-01)
Epoch: [11][200/496]	L_Src_Sup 3.2693e-01 (2.7390e-01)	L_Trg_Inj 3.4261e-01 (3.8580e-01)	Loss Disc 6.5768e-01 (6.5079e-01)	Loss Pred 5.3729e-01 (5.6289e-01)	Loss TOTAL 9.3308e-01 (9.6042e-01)
Epoch: [11][210/496]	L_Src_Sup 2.3762e-01 (2.7273e-01)	L_Trg_Inj 2.6487e-01 (3.8058e-01)	Loss Disc 6.5326e-01 (6.5086e-01)	Loss Pred 5.5381e-01 (5.6269e-01)	Loss TOTAL 9.3070e-01 (9.5989e-01)
Epoch: [11][220/496]	L_Src_Sup 8.0002e-02 (2.6921e-01)	L_Trg_Inj 1.9894e-01 (3.7407e-01)	Loss Disc 6.5179e-01 (6.5092e-01)	Loss Pred 5.5915e-01 (5.6244e-01)	Loss TOTAL 9.1294e-01 (9.5936e-01)
Epoch: [11][230/496]	L_Src_Sup 2.0603e-01 (2.6815e-01)	L_Trg_Inj 1.4855e-01 (3.6771e-01)	Loss Disc 6.3104e-01 (6.5063e-01)	Loss Pred 6.3500e-01 (5.6351e-01)	Loss TOTAL 1.0435e+00 (9.6077e-01)
Epoch: [11][240/496]	L_Src_Sup 3.1693e-01 (2.6722e-01)	L_Trg_Inj 3.3596e-01 (3.6593e-01)	Loss Disc 6.5331e-01 (6.5083e-01)	Loss Pred 5.5371e-01 (5.6280e-01)	Loss TOTAL 9.4566e-01 (9.5991e-01)
Epoch: [11][250/496]	L_Src_Sup 2.2919e-01 (2.6786e-01)	L_Trg_Inj 4.5258e-01 (3.6850e-01)	Loss Disc 6.4584e-01 (6.5069e-01)	Loss Pred 5.8074e-01 (5.6344e-01)	Loss TOTAL 9.7183e-01 (9.6081e-01)
Epoch: [11][260/496]	L_Src_Sup 2.0682e-01 (2.6849e-01)	L_Trg_Inj 4.8437e-01 (3.7213e-01)	Loss Disc 6.4440e-01 (6.5066e-01)	Loss Pred 5.8597e-01 (5.6354e-01)	Loss TOTAL 9.7729e-01 (9.6119e-01)
Epoch: [11][270/496]	L_Src_Sup 2.7778e-01 (2.7037e-01)	L_Trg_Inj 3.3806e-01 (3.7331e-01)	Loss Disc 6.5176e-01 (6.5054e-01)	Loss Pred 5.5923e-01 (5.6397e-01)	Loss TOTAL 9.4670e-01 (9.6274e-01)
Epoch: [11][280/496]	L_Src_Sup 2.3920e-01 (2.7070e-01)	L_Trg_Inj 3.5732e-01 (3.7638e-01)	Loss Disc 6.5180e-01 (6.5059e-01)	Loss Pred 5.5918e-01 (5.6378e-01)	Loss TOTAL 9.4473e-01 (9.6275e-01)
Epoch: [11][290/496]	L_Src_Sup 1.7787e-01 (2.7046e-01)	L_Trg_Inj 5.1091e-01 (3.7763e-01)	Loss Disc 6.3549e-01 (6.5051e-01)	Loss Pred 6.1674e-01 (5.6404e-01)	Loss TOTAL 1.0034e+00 (9.6326e-01)
Epoch: [11][300/496]	L_Src_Sup 2.0862e-01 (2.6967e-01)	L_Trg_Inj 3.4511e-01 (3.7853e-01)	Loss Disc 6.5916e-01 (6.5062e-01)	Loss Pred 5.3245e-01 (5.6365e-01)	Loss TOTAL 9.1740e-01 (9.6263e-01)
Epoch: [11][310/496]	L_Src_Sup 2.1451e-01 (2.6863e-01)	L_Trg_Inj 2.4996e-01 (3.7806e-01)	Loss Disc 6.4439e-01 (6.5063e-01)	Loss Pred 5.8611e-01 (5.6361e-01)	Loss TOTAL 9.5475e-01 (9.6226e-01)
Epoch: [11][320/496]	L_Src_Sup 2.6795e-01 (2.6787e-01)	L_Trg_Inj 3.1186e-01 (3.7659e-01)	Loss Disc 6.4735e-01 (6.5070e-01)	Loss Pred 5.7543e-01 (5.6334e-01)	Loss TOTAL 9.5708e-01 (9.6153e-01)
Epoch: [11][330/496]	L_Src_Sup 2.2922e-01 (2.6723e-01)	L_Trg_Inj 2.6294e-01 (3.7401e-01)	Loss Disc 6.4586e-01 (6.5069e-01)	Loss Pred 5.8078e-01 (5.6337e-01)	Loss TOTAL 9.5293e-01 (9.6118e-01)
Epoch: [11][340/496]	L_Src_Sup 1.9231e-01 (2.6580e-01)	L_Trg_Inj 2.0875e-01 (3.7114e-01)	Loss Disc 6.5771e-01 (6.5085e-01)	Loss Pred 5.3713e-01 (5.6281e-01)	Loss TOTAL 9.0609e-01 (9.6026e-01)
Epoch: [11][350/496]	L_Src_Sup 2.6947e-01 (2.6418e-01)	L_Trg_Inj 2.3402e-01 (3.6797e-01)	Loss Disc 6.5768e-01 (6.5086e-01)	Loss Pred 5.3732e-01 (5.6277e-01)	Loss TOTAL 9.5196e-01 (9.5961e-01)
Epoch: [11][360/496]	L_Src_Sup 3.1055e-01 (2.6427e-01)	L_Trg_Inj 3.2608e-01 (3.6415e-01)	Loss Disc 6.4141e-01 (6.5085e-01)	Loss Pred 5.9776e-01 (5.6284e-01)	Loss TOTAL 9.8213e-01 (9.6067e-01)
Epoch: [11][370/496]	L_Src_Sup 2.7728e-01 (2.6368e-01)	L_Trg_Inj 1.2500e-01 (3.5931e-01)	Loss Disc 6.5324e-01 (6.5070e-01)	Loss Pred 5.5423e-01 (5.6343e-01)	Loss TOTAL 1.0734e+00 (9.6232e-01)
Epoch: [11][380/496]	L_Src_Sup 9.5243e-02 (2.6232e-01)	L_Trg_Inj 2.5788e-01 (3.5522e-01)	Loss Disc 6.5918e-01 (6.5081e-01)	Loss Pred 5.3210e-01 (5.6301e-01)	Loss TOTAL 8.9700e-01 (9.6224e-01)
Epoch: [11][390/496]	L_Src_Sup 2.7111e-01 (2.6157e-01)	L_Trg_Inj 1.8520e-01 (3.5052e-01)	Loss Disc 6.4587e-01 (6.5077e-01)	Loss Pred 5.8124e-01 (5.6314e-01)	Loss TOTAL 1.0357e+00 (9.6337e-01)
Epoch: [11][400/496]	L_Src_Sup 2.6971e-01 (2.6067e-01)	L_Trg_Inj 5.7560e-02 (3.4581e-01)	Loss Disc 6.5056e-01 (6.5082e-01)	Loss Pred 5.6333e-01 (5.6296e-01)	Loss TOTAL 1.1335e+00 (9.6453e-01)
Epoch: [11][410/496]	L_Src_Sup 1.9832e-01 (2.5935e-01)	L_Trg_Inj 2.0312e-01 (3.4296e-01)	Loss Disc 6.5326e-01 (6.5085e-01)	Loss Pred 5.5370e-01 (5.6287e-01)	Loss TOTAL 9.2047e-01 (9.6393e-01)
Epoch: [11][420/496]	L_Src_Sup 3.0303e-01 (2.5950e-01)	L_Trg_Inj 3.7472e-01 (3.4190e-01)	Loss Disc 6.5031e-01 (6.5093e-01)	Loss Pred 5.6460e-01 (5.6257e-01)	Loss TOTAL 9.5753e-01 (9.6388e-01)
Epoch: [11][430/496]	L_Src_Sup 2.3345e-01 (2.5901e-01)	L_Trg_Inj 2.7299e-01 (3.4160e-01)	Loss Disc 6.5623e-01 (6.5092e-01)	Loss Pred 5.4268e-01 (5.6260e-01)	Loss TOTAL 9.2144e-01 (9.6392e-01)
Epoch: [11][440/496]	L_Src_Sup 2.4492e-01 (2.5932e-01)	L_Trg_Inj 2.9652e-01 (3.4046e-01)	Loss Disc 6.4883e-01 (6.5088e-01)	Loss Pred 5.7005e-01 (5.6273e-01)	Loss TOTAL 9.4860e-01 (9.6443e-01)
Epoch: [11][450/496]	L_Src_Sup 2.1360e-01 (2.5903e-01)	L_Trg_Inj 3.5908e-01 (3.4060e-01)	Loss Disc 6.5622e-01 (6.5093e-01)	Loss Pred 5.4259e-01 (5.6255e-01)	Loss TOTAL 9.2797e-01 (9.6416e-01)
Epoch: [11][460/496]	L_Src_Sup 2.7088e-01 (2.5951e-01)	L_Trg_Inj 4.5187e-01 (3.4146e-01)	Loss Disc 6.4587e-01 (6.5094e-01)	Loss Pred 5.8136e-01 (5.6249e-01)	Loss TOTAL 9.7657e-01 (9.6402e-01)
Epoch: [11][470/496]	L_Src_Sup 2.3429e-01 (2.5911e-01)	L_Trg_Inj 2.1874e-01 (3.4180e-01)	Loss Disc 6.5475e-01 (6.5098e-01)	Loss Pred 5.4810e-01 (5.6241e-01)	Loss TOTAL 9.3632e-01 (9.6365e-01)
Epoch: [11][480/496]	L_Src_Sup 2.6927e-01 (2.5896e-01)	L_Trg_Inj 2.7641e-01 (3.4038e-01)	Loss Disc 6.5770e-01 (6.5103e-01)	Loss Pred 5.3704e-01 (5.6220e-01)	Loss TOTAL 9.2046e-01 (9.6343e-01)
Epoch: [11][490/496]	L_Src_Sup 2.0211e-01 (2.5818e-01)	L_Trg_Inj 2.8124e-01 (3.3808e-01)	Loss Disc 6.5031e-01 (6.5103e-01)	Loss Pred 5.6481e-01 (5.6228e-01)	Loss TOTAL 9.3830e-01 (9.6352e-01)
Epoch: [11][496/496]	L_Src_Sup 3.3029e-01 (2.5874e-01)	L_Trg_Inj 2.8913e-01 (3.3729e-01)	Loss Disc 6.5620e-01 (6.5107e-01)	Loss Pred 5.4245e-01 (5.6212e-01)	Loss TOTAL 9.7365e-01 (9.6419e-01)
Epoch 11 complete. Saving model state...
Epoch: [12][ 10/496]	L_Src_Sup 3.4784e-01 (2.8513e-01)	L_Trg_Inj 3.1247e-01 (3.5059e-01)	Loss Disc 6.3998e-01 (6.4986e-01)	Loss Pred 6.0371e-01 (5.6639e-01)	Loss TOTAL 1.0251e+00 (9.6598e-01)
Epoch: [12][ 20/496]	L_Src_Sup 2.0001e-01 (2.6564e-01)	L_Trg_Inj 4.2128e-01 (3.4861e-01)	Loss Disc 6.5177e-01 (6.5015e-01)	Loss Pred 5.5918e-01 (5.6524e-01)	Loss TOTAL 9.4720e-01 (9.6341e-01)
Epoch: [12][ 30/496]	L_Src_Sup 2.2451e-01 (2.5827e-01)	L_Trg_Inj 2.8896e-01 (3.3360e-01)	Loss Disc 6.4884e-01 (6.5099e-01)	Loss Pred 5.7025e-01 (5.6212e-01)	Loss TOTAL 9.4602e-01 (9.6149e-01)
Epoch: [12][ 40/496]	L_Src_Sup 1.9283e-01 (2.6893e-01)	L_Trg_Inj 1.5916e-01 (2.9936e-01)	Loss Disc 6.3878e-01 (6.5021e-01)	Loss Pred 6.0138e-01 (5.6779e-01)	Loss TOTAL 9.8964e-01 (9.9158e-01)
Epoch: [12][ 50/496]	L_Src_Sup 2.0697e-01 (2.7619e-01)	L_Trg_Inj 3.3745e-01 (3.0466e-01)	Loss Disc 6.4879e-01 (6.5029e-01)	Loss Pred 5.7030e-01 (5.6681e-01)	Loss TOTAL 9.4914e-01 (9.8886e-01)
Epoch: [12][ 60/496]	L_Src_Sup 2.9941e-01 (2.7513e-01)	L_Trg_Inj 3.6972e-01 (3.0876e-01)	Loss Disc 6.5030e-01 (6.5033e-01)	Loss Pred 5.6463e-01 (5.6644e-01)	Loss TOTAL 9.5669e-01 (9.8360e-01)
Epoch: [12][ 70/496]	L_Src_Sup 3.4660e-01 (2.7574e-01)	L_Trg_Inj 5.8936e-01 (3.1735e-01)	Loss Disc 6.5326e-01 (6.5053e-01)	Loss Pred 5.5366e-01 (5.6537e-01)	Loss TOTAL 9.7389e-01 (9.8123e-01)
Epoch: [12][ 80/496]	L_Src_Sup 1.7197e-01 (2.7834e-01)	L_Trg_Inj 3.3604e-01 (3.2199e-01)	Loss Disc 6.4144e-01 (6.5063e-01)	Loss Pred 5.9796e-01 (5.6480e-01)	Loss TOTAL 9.6948e-01 (9.7907e-01)
Epoch: [12][ 90/496]	L_Src_Sup 1.9706e-01 (2.7458e-01)	L_Trg_Inj 3.6879e-01 (3.1498e-01)	Loss Disc 6.3556e-01 (6.5080e-01)	Loss Pred 6.2067e-01 (5.6405e-01)	Loss TOTAL 9.9504e-01 (9.7571e-01)
Epoch: [12][100/496]	L_Src_Sup 2.3266e-01 (2.7050e-01)	L_Trg_Inj 4.1630e-01 (3.2200e-01)	Loss Disc 6.4440e-01 (6.5092e-01)	Loss Pred 5.8690e-01 (5.6344e-01)	Loss TOTAL 9.7400e-01 (9.7273e-01)
Epoch: [12][110/496]	L_Src_Sup 2.9718e-01 (2.7166e-01)	L_Trg_Inj 3.3561e-01 (3.2322e-01)	Loss Disc 6.4587e-01 (6.5097e-01)	Loss Pred 5.8129e-01 (5.6315e-01)	Loss TOTAL 9.6751e-01 (9.7177e-01)
Epoch: [12][120/496]	L_Src_Sup 2.2491e-01 (2.7326e-01)	L_Trg_Inj 4.0486e-01 (3.2782e-01)	Loss Disc 6.4438e-01 (6.5086e-01)	Loss Pred 5.8671e-01 (5.6351e-01)	Loss TOTAL 9.7188e-01 (9.7138e-01)
Epoch: [12][130/496]	L_Src_Sup 2.7777e-01 (2.7291e-01)	L_Trg_Inj 3.5272e-01 (3.3136e-01)	Loss Disc 6.4587e-01 (6.5079e-01)	Loss Pred 5.8109e-01 (5.6366e-01)	Loss TOTAL 9.6707e-01 (9.7065e-01)
Epoch: [12][140/496]	L_Src_Sup 3.3587e-01 (2.7185e-01)	L_Trg_Inj 4.2002e-01 (3.3132e-01)	Loss Disc 6.5032e-01 (6.5101e-01)	Loss Pred 5.8924e-01 (5.6296e-01)	Loss TOTAL 9.8999e-01 (9.6900e-01)
Epoch: [12][150/496]	L_Src_Sup 2.6306e-01 (2.7113e-01)	L_Trg_Inj 3.2660e-01 (3.3289e-01)	Loss Disc 6.5769e-01 (6.5096e-01)	Loss Pred 5.3703e-01 (5.6306e-01)	Loss TOTAL 9.2484e-01 (9.6797e-01)
Epoch: [12][160/496]	L_Src_Sup 2.2700e-01 (2.6980e-01)	L_Trg_Inj 2.8720e-01 (3.3205e-01)	Loss Disc 6.4009e-01 (6.5083e-01)	Loss Pred 6.0151e-01 (5.6349e-01)	Loss TOTAL 9.7298e-01 (9.6730e-01)
Epoch: [12][170/496]	L_Src_Sup 2.1016e-01 (2.6714e-01)	L_Trg_Inj 2.7716e-01 (3.2753e-01)	Loss Disc 6.4291e-01 (6.5083e-01)	Loss Pred 5.9199e-01 (5.6343e-01)	Loss TOTAL 9.6218e-01 (9.6726e-01)
Epoch: [12][180/496]	L_Src_Sup 2.7211e-01 (2.6528e-01)	L_Trg_Inj 2.4405e-01 (3.2458e-01)	Loss Disc 6.5178e-01 (6.5074e-01)	Loss Pred 5.5912e-01 (5.6374e-01)	Loss TOTAL 9.6469e-01 (9.6650e-01)
Epoch: [12][190/496]	L_Src_Sup 2.5430e-01 (2.6166e-01)	L_Trg_Inj 2.0086e-01 (3.2174e-01)	Loss Disc 6.6360e-01 (6.5079e-01)	Loss Pred 5.1580e-01 (5.6352e-01)	Loss TOTAL 9.4655e-01 (9.6532e-01)
Epoch: [12][200/496]	L_Src_Sup 1.5895e-01 (2.5931e-01)	L_Trg_Inj 3.1664e-01 (3.2041e-01)	Loss Disc 6.5919e-01 (6.5092e-01)	Loss Pred 5.3186e-01 (5.6303e-01)	Loss TOTAL 9.0901e-01 (9.6425e-01)
Epoch: [12][210/496]	L_Src_Sup 3.1145e-01 (2.5820e-01)	L_Trg_Inj 2.7597e-01 (3.1818e-01)	Loss Disc 6.4438e-01 (6.5081e-01)	Loss Pred 5.8635e-01 (5.6342e-01)	Loss TOTAL 1.0028e+00 (9.6455e-01)
Epoch: [12][220/496]	L_Src_Sup 3.4318e-01 (2.5795e-01)	L_Trg_Inj 4.4332e-01 (3.1917e-01)	Loss Disc 6.3110e-01 (6.5063e-01)	Loss Pred 6.2713e-01 (5.6404e-01)	Loss TOTAL 1.0213e+00 (9.6437e-01)
Epoch: [12][230/496]	L_Src_Sup 2.6488e-01 (2.5641e-01)	L_Trg_Inj 3.0785e-01 (3.1713e-01)	Loss Disc 6.3252e-01 (6.5057e-01)	Loss Pred 6.2919e-01 (5.6425e-01)	Loss TOTAL 1.0027e+00 (9.6419e-01)
Epoch: [12][240/496]	L_Src_Sup 9.7977e-02 (2.5527e-01)	L_Trg_Inj 2.6566e-01 (3.2002e-01)	Loss Disc 6.3701e-01 (6.5056e-01)	Loss Pred 6.1280e-01 (5.6428e-01)	Loss TOTAL 9.6767e-01 (9.6367e-01)
Epoch: [12][250/496]	L_Src_Sup 2.3159e-01 (2.5446e-01)	L_Trg_Inj 2.9444e-01 (3.1829e-01)	Loss Disc 6.5031e-01 (6.5066e-01)	Loss Pred 5.6450e-01 (5.6396e-01)	Loss TOTAL 9.4226e-01 (9.6309e-01)
Epoch: [12][260/496]	L_Src_Sup 2.1459e-01 (2.5364e-01)	L_Trg_Inj 3.3873e-01 (3.1806e-01)	Loss Disc 6.4737e-01 (6.5074e-01)	Loss Pred 5.7535e-01 (5.6365e-01)	Loss TOTAL 9.5437e-01 (9.6278e-01)
Epoch: [12][270/496]	L_Src_Sup 2.1023e-01 (2.5292e-01)	L_Trg_Inj 3.6475e-01 (3.1814e-01)	Loss Disc 6.5475e-01 (6.5085e-01)	Loss Pred 5.4823e-01 (5.6322e-01)	Loss TOTAL 9.3310e-01 (9.6192e-01)
Epoch: [12][280/496]	L_Src_Sup 2.2401e-01 (2.5225e-01)	L_Trg_Inj 4.0331e-01 (3.2028e-01)	Loss Disc 6.4880e-01 (6.5072e-01)	Loss Pred 5.6867e-01 (5.6369e-01)	Loss TOTAL 9.5580e-01 (9.6211e-01)
Epoch: [12][290/496]	L_Src_Sup 2.3001e-01 (2.5216e-01)	L_Trg_Inj 2.8254e-01 (3.2065e-01)	Loss Disc 6.4894e-01 (6.5067e-01)	Loss Pred 5.6851e-01 (5.6384e-01)	Loss TOTAL 9.4424e-01 (9.6206e-01)
Epoch: [12][300/496]	L_Src_Sup 1.5692e-01 (2.5148e-01)	L_Trg_Inj 2.9191e-01 (3.2274e-01)	Loss Disc 6.5177e-01 (6.5058e-01)	Loss Pred 5.5918e-01 (5.6415e-01)	Loss TOTAL 9.2994e-01 (9.6200e-01)
Epoch: [12][310/496]	L_Src_Sup 1.9782e-01 (2.5001e-01)	L_Trg_Inj 3.4480e-01 (3.2177e-01)	Loss Disc 6.3848e-01 (6.5057e-01)	Loss Pred 6.0730e-01 (5.6416e-01)	Loss TOTAL 9.8081e-01 (9.6137e-01)
Epoch: [12][320/496]	L_Src_Sup 2.9173e-01 (2.4983e-01)	L_Trg_Inj 3.1577e-01 (3.2032e-01)	Loss Disc 6.4589e-01 (6.5067e-01)	Loss Pred 5.8070e-01 (5.6378e-01)	Loss TOTAL 9.6439e-01 (9.6083e-01)
Epoch: [12][330/496]	L_Src_Sup 2.7083e-01 (2.4970e-01)	L_Trg_Inj 3.5949e-01 (3.2158e-01)	Loss Disc 6.4586e-01 (6.5063e-01)	Loss Pred 5.8062e-01 (5.6391e-01)	Loss TOTAL 9.6658e-01 (9.6061e-01)
Epoch: [12][340/496]	L_Src_Sup 2.4745e-01 (2.4992e-01)	L_Trg_Inj 4.5921e-01 (3.2131e-01)	Loss Disc 6.4740e-01 (6.5058e-01)	Loss Pred 5.7518e-01 (5.6406e-01)	Loss TOTAL 9.6955e-01 (9.6062e-01)
Epoch: [12][350/496]	L_Src_Sup 2.2681e-01 (2.4948e-01)	L_Trg_Inj 4.2956e-01 (3.2151e-01)	Loss Disc 6.4734e-01 (6.5060e-01)	Loss Pred 5.7518e-01 (5.6400e-01)	Loss TOTAL 9.6449e-01 (9.6015e-01)
Epoch: [12][360/496]	L_Src_Sup 3.4419e-01 (2.5035e-01)	L_Trg_Inj 3.7952e-01 (3.2441e-01)	Loss Disc 6.5768e-01 (6.5057e-01)	Loss Pred 5.3785e-01 (5.6407e-01)	Loss TOTAL 9.3906e-01 (9.6044e-01)
Epoch: [12][370/496]	L_Src_Sup 2.2004e-01 (2.5056e-01)	L_Trg_Inj 3.7134e-01 (3.2709e-01)	Loss Disc 6.5177e-01 (6.5058e-01)	Loss Pred 5.5914e-01 (5.6402e-01)	Loss TOTAL 9.4417e-01 (9.6032e-01)
Epoch: [12][380/496]	L_Src_Sup 2.5601e-01 (2.5035e-01)	L_Trg_Inj 5.1701e-01 (3.2829e-01)	Loss Disc 6.5179e-01 (6.5064e-01)	Loss Pred 5.5915e-01 (5.6380e-01)	Loss TOTAL 9.6235e-01 (9.6002e-01)
Epoch: [12][390/496]	L_Src_Sup 2.7539e-01 (2.5102e-01)	L_Trg_Inj 2.8671e-01 (3.3065e-01)	Loss Disc 6.5770e-01 (6.5071e-01)	Loss Pred 5.3736e-01 (5.6352e-01)	Loss TOTAL 9.2242e-01 (9.5975e-01)
Epoch: [12][400/496]	L_Src_Sup 2.5559e-01 (2.5142e-01)	L_Trg_Inj 4.2707e-01 (3.3179e-01)	Loss Disc 6.4587e-01 (6.5074e-01)	Loss Pred 5.8092e-01 (5.6346e-01)	Loss TOTAL 9.7212e-01 (9.5981e-01)
Epoch: [12][410/496]	L_Src_Sup 2.5266e-01 (2.5255e-01)	L_Trg_Inj 4.8898e-01 (3.3525e-01)	Loss Disc 6.4438e-01 (6.5071e-01)	Loss Pred 5.8625e-01 (5.6357e-01)	Loss TOTAL 9.8261e-01 (9.6010e-01)
Epoch: [12][420/496]	L_Src_Sup 1.3726e-01 (2.5175e-01)	L_Trg_Inj 3.0991e-01 (3.3661e-01)	Loss Disc 6.5473e-01 (6.5068e-01)	Loss Pred 5.4829e-01 (5.6363e-01)	Loss TOTAL 9.2038e-01 (9.5994e-01)
Epoch: [12][430/496]	L_Src_Sup 2.4590e-01 (2.5193e-01)	L_Trg_Inj 3.7193e-01 (3.3647e-01)	Loss Disc 6.4735e-01 (6.5075e-01)	Loss Pred 5.7550e-01 (5.6339e-01)	Loss TOTAL 9.6095e-01 (9.5971e-01)
Epoch: [12][440/496]	L_Src_Sup 4.2770e-01 (2.5251e-01)	L_Trg_Inj 3.2249e-01 (3.3728e-01)	Loss Disc 6.6098e-01 (6.5083e-01)	Loss Pred 5.2454e-01 (5.6309e-01)	Loss TOTAL 1.0353e+00 (9.5964e-01)
Epoch: [12][450/496]	L_Src_Sup 3.2335e-01 (2.5241e-01)	L_Trg_Inj 3.1694e-01 (3.3797e-01)	Loss Disc 6.5031e-01 (6.5088e-01)	Loss Pred 5.6462e-01 (5.6288e-01)	Loss TOTAL 9.6021e-01 (9.5929e-01)
Epoch: [12][460/496]	L_Src_Sup 2.2596e-01 (2.5282e-01)	L_Trg_Inj 3.6375e-01 (3.3855e-01)	Loss Disc 6.5324e-01 (6.5087e-01)	Loss Pred 5.5362e-01 (5.6292e-01)	Loss TOTAL 9.3921e-01 (9.5929e-01)
Epoch: [12][470/496]	L_Src_Sup 1.9232e-01 (2.5254e-01)	L_Trg_Inj 2.1245e-01 (3.3922e-01)	Loss Disc 6.5769e-01 (6.5092e-01)	Loss Pred 5.3676e-01 (5.6272e-01)	Loss TOTAL 9.0609e-01 (9.5890e-01)
Epoch: [12][480/496]	L_Src_Sup 2.4664e-01 (2.5277e-01)	L_Trg_Inj 4.9268e-01 (3.4087e-01)	Loss Disc 6.5473e-01 (6.5093e-01)	Loss Pred 5.4788e-01 (5.6265e-01)	Loss TOTAL 9.4918e-01 (9.5908e-01)
Epoch: [12][490/496]	L_Src_Sup 2.7641e-01 (2.5296e-01)	L_Trg_Inj 3.9319e-01 (3.4180e-01)	Loss Disc 6.5623e-01 (6.5092e-01)	Loss Pred 5.4245e-01 (5.6272e-01)	Loss TOTAL 9.3752e-01 (9.5901e-01)
Epoch: [12][496/496]	L_Src_Sup 3.0053e-01 (2.5273e-01)	L_Trg_Inj 3.1437e-01 (3.4161e-01)	Loss Disc 6.5174e-01 (6.5088e-01)	Loss Pred 5.5905e-01 (5.6284e-01)	Loss TOTAL 9.4641e-01 (9.5894e-01)
Epoch 12 complete. Saving model state...
Epoch: [13][ 10/496]	L_Src_Sup 3.4847e-01 (2.0795e-01)	L_Trg_Inj 2.3906e-01 (2.8090e-01)	Loss Disc 6.4887e-01 (6.5089e-01)	Loss Pred 5.7004e-01 (5.6247e-01)	Loss TOTAL 1.0626e+00 (9.5206e-01)
Epoch: [13][ 20/496]	L_Src_Sup 2.4243e-01 (2.3832e-01)	L_Trg_Inj 4.2163e-01 (3.4172e-01)	Loss Disc 6.5030e-01 (6.4964e-01)	Loss Pred 5.6451e-01 (5.6705e-01)	Loss TOTAL 9.5606e-01 (9.6542e-01)
Epoch: [13][ 30/496]	L_Src_Sup 1.5959e-01 (2.3719e-01)	L_Trg_Inj 2.2839e-01 (3.4174e-01)	Loss Disc 6.5163e-01 (6.4971e-01)	Loss Pred 5.6313e-01 (5.6694e-01)	Loss TOTAL 9.2774e-01 (9.6030e-01)
Epoch: [13][ 40/496]	L_Src_Sup 1.1765e-01 (2.2668e-01)	L_Trg_Inj 2.8408e-01 (3.3208e-01)	Loss Disc 6.5473e-01 (6.4930e-01)	Loss Pred 5.4872e-01 (5.6841e-01)	Loss TOTAL 9.1625e-01 (9.5722e-01)
Epoch: [13][ 50/496]	L_Src_Sup 1.4267e-01 (2.1976e-01)	L_Trg_Inj 9.6261e-02 (3.2046e-01)	Loss Disc 6.4883e-01 (6.4914e-01)	Loss Pred 5.6985e-01 (5.6892e-01)	Loss TOTAL 9.6456e-01 (9.5662e-01)
Epoch: [13][ 60/496]	L_Src_Sup 3.0931e-01 (2.2335e-01)	L_Trg_Inj 2.6328e-01 (3.2098e-01)	Loss Disc 6.4736e-01 (6.5018e-01)	Loss Pred 5.7537e-01 (5.6514e-01)	Loss TOTAL 1.0023e+00 (9.5526e-01)
Epoch: [13][ 70/496]	L_Src_Sup 2.0840e-01 (2.2734e-01)	L_Trg_Inj 2.7953e-01 (3.1812e-01)	Loss Disc 6.5178e-01 (6.5026e-01)	Loss Pred 5.5927e-01 (5.6484e-01)	Loss TOTAL 9.3395e-01 (9.5559e-01)
Epoch: [13][ 80/496]	L_Src_Sup 2.8594e-01 (2.2784e-01)	L_Trg_Inj 3.4364e-01 (3.2647e-01)	Loss Disc 6.4733e-01 (6.5021e-01)	Loss Pred 5.7531e-01 (5.6501e-01)	Loss TOTAL 9.6193e-01 (9.5524e-01)
Epoch: [13][ 90/496]	L_Src_Sup 2.5728e-01 (2.2867e-01)	L_Trg_Inj 2.4842e-01 (3.2737e-01)	Loss Disc 6.5323e-01 (6.5007e-01)	Loss Pred 5.5377e-01 (5.6548e-01)	Loss TOTAL 9.3982e-01 (9.5490e-01)
Epoch: [13][100/496]	L_Src_Sup 2.1740e-01 (2.2814e-01)	L_Trg_Inj 2.9457e-01 (3.3160e-01)	Loss Disc 6.4001e-01 (6.5044e-01)	Loss Pred 6.0260e-01 (5.6416e-01)	Loss TOTAL 9.7380e-01 (9.5325e-01)
Epoch: [13][110/496]	L_Src_Sup 2.5000e-01 (2.2988e-01)	L_Trg_Inj 9.6293e-02 (3.2912e-01)	Loss Disc 6.4586e-01 (6.4992e-01)	Loss Pred 5.8041e-01 (5.6600e-01)	Loss TOTAL 1.0917e+00 (9.5639e-01)
Epoch: [13][120/496]	L_Src_Sup 3.2692e-01 (2.3235e-01)	L_Trg_Inj 3.9061e-01 (3.3531e-01)	Loss Disc 6.4880e-01 (6.5008e-01)	Loss Pred 5.6992e-01 (5.6543e-01)	Loss TOTAL 9.6607e-01 (9.5639e-01)
Epoch: [13][130/496]	L_Src_Sup 2.9412e-01 (2.3453e-01)	L_Trg_Inj 2.9783e-01 (3.3277e-01)	Loss Disc 6.5474e-01 (6.5010e-01)	Loss Pred 5.4876e-01 (5.6537e-01)	Loss TOTAL 9.3532e-01 (9.5657e-01)
Epoch: [13][140/496]	L_Src_Sup 9.6147e-02 (2.3360e-01)	L_Trg_Inj 2.2380e-01 (3.3304e-01)	Loss Disc 6.5768e-01 (6.5027e-01)	Loss Pred 5.3776e-01 (5.6473e-01)	Loss TOTAL 8.9859e-01 (9.5599e-01)
Epoch: [13][150/496]	L_Src_Sup 2.3302e-01 (2.3668e-01)	L_Trg_Inj 3.2885e-01 (3.3492e-01)	Loss Disc 6.5631e-01 (6.5046e-01)	Loss Pred 5.4299e-01 (5.6411e-01)	Loss TOTAL 9.2733e-01 (9.5625e-01)
Epoch: [13][160/496]	L_Src_Sup 2.5246e-01 (2.3732e-01)	L_Trg_Inj 3.4843e-01 (3.3807e-01)	Loss Disc 6.5620e-01 (6.5057e-01)	Loss Pred 5.4276e-01 (5.6370e-01)	Loss TOTAL 9.3095e-01 (9.5567e-01)
Epoch: [13][170/496]	L_Src_Sup 1.8012e-01 (2.3734e-01)	L_Trg_Inj 3.7321e-01 (3.3754e-01)	Loss Disc 6.5179e-01 (6.5063e-01)	Loss Pred 5.5916e-01 (5.6345e-01)	Loss TOTAL 9.4039e-01 (9.5536e-01)
Epoch: [13][180/496]	L_Src_Sup 2.2454e-01 (2.3718e-01)	L_Trg_Inj 3.1238e-01 (3.3604e-01)	Loss Disc 6.4884e-01 (6.5070e-01)	Loss Pred 5.7024e-01 (5.6338e-01)	Loss TOTAL 9.4836e-01 (9.5519e-01)
Epoch: [13][190/496]	L_Src_Sup 2.8032e-01 (2.3760e-01)	L_Trg_Inj 3.5104e-01 (3.3157e-01)	Loss Disc 6.4883e-01 (6.5082e-01)	Loss Pred 5.7074e-01 (5.6294e-01)	Loss TOTAL 9.5829e-01 (9.5565e-01)
Epoch: [13][200/496]	L_Src_Sup 3.0004e-01 (2.3846e-01)	L_Trg_Inj 2.3697e-01 (3.3029e-01)	Loss Disc 6.5175e-01 (6.5049e-01)	Loss Pred 5.5921e-01 (5.6414e-01)	Loss TOTAL 1.0019e+00 (9.5679e-01)
Epoch: [13][210/496]	L_Src_Sup 2.5143e-01 (2.3792e-01)	L_Trg_Inj 3.1643e-01 (3.3285e-01)	Loss Disc 6.5325e-01 (6.5043e-01)	Loss Pred 5.5397e-01 (5.6434e-01)	Loss TOTAL 9.3738e-01 (9.5671e-01)
Epoch: [13][220/496]	L_Src_Sup 1.9648e-01 (2.3899e-01)	L_Trg_Inj 5.1120e-01 (3.3416e-01)	Loss Disc 6.3997e-01 (6.5037e-01)	Loss Pred 6.0175e-01 (5.6455e-01)	Loss TOTAL 9.9250e-01 (9.5802e-01)
Epoch: [13][230/496]	L_Src_Sup 2.7998e-01 (2.3853e-01)	L_Trg_Inj 1.0264e-01 (3.2985e-01)	Loss Disc 6.5177e-01 (6.5029e-01)	Loss Pred 5.6000e-01 (5.6485e-01)	Loss TOTAL 1.1015e+00 (9.5898e-01)
Epoch: [13][240/496]	L_Src_Sup 1.7143e-01 (2.4004e-01)	L_Trg_Inj 3.6232e-01 (3.3020e-01)	Loss Disc 6.5917e-01 (6.5039e-01)	Loss Pred 5.3285e-01 (5.6449e-01)	Loss TOTAL 9.1581e-01 (9.5960e-01)
Epoch: [13][250/496]	L_Src_Sup 1.6128e-01 (2.4092e-01)	L_Trg_Inj 4.3080e-01 (3.3265e-01)	Loss Disc 6.4883e-01 (6.5039e-01)	Loss Pred 5.7002e-01 (5.6447e-01)	Loss TOTAL 9.5364e-01 (9.5953e-01)
Epoch: [13][260/496]	L_Src_Sup 2.9373e-01 (2.4323e-01)	L_Trg_Inj 4.6984e-01 (3.3781e-01)	Loss Disc 6.3696e-01 (6.5029e-01)	Loss Pred 6.1220e-01 (5.6483e-01)	Loss TOTAL 1.0070e+00 (9.6051e-01)
Epoch: [13][270/496]	L_Src_Sup 2.7367e-01 (2.4333e-01)	L_Trg_Inj 3.1397e-01 (3.4019e-01)	Loss Disc 6.5329e-01 (6.5037e-01)	Loss Pred 5.5281e-01 (5.6457e-01)	Loss TOTAL 9.3822e-01 (9.6007e-01)
Epoch: [13][280/496]	L_Src_Sup 2.1178e-01 (2.4435e-01)	L_Trg_Inj 4.6677e-01 (3.4080e-01)	Loss Disc 6.2960e-01 (6.5028e-01)	Loss Pred 6.3874e-01 (5.6485e-01)	Loss TOTAL 1.0214e+00 (9.6020e-01)
Epoch: [13][290/496]	L_Src_Sup 4.2693e-01 (2.4470e-01)	L_Trg_Inj 3.9726e-01 (3.4185e-01)	Loss Disc 6.6212e-01 (6.5028e-01)	Loss Pred 5.2263e-01 (5.6485e-01)	Loss TOTAL 9.6577e-01 (9.6017e-01)
Epoch: [13][300/496]	L_Src_Sup 1.3576e-01 (2.4500e-01)	L_Trg_Inj 2.6599e-01 (3.4575e-01)	Loss Disc 6.4884e-01 (6.5030e-01)	Loss Pred 5.6974e-01 (5.6479e-01)	Loss TOTAL 9.3433e-01 (9.6016e-01)
Epoch: [13][310/496]	L_Src_Sup 2.2920e-01 (2.4575e-01)	L_Trg_Inj 3.2767e-01 (3.4604e-01)	Loss Disc 6.5620e-01 (6.5029e-01)	Loss Pred 5.4347e-01 (5.6481e-01)	Loss TOTAL 9.2725e-01 (9.6044e-01)
Epoch: [13][320/496]	L_Src_Sup 2.6012e-01 (2.4617e-01)	L_Trg_Inj 3.0693e-01 (3.4727e-01)	Loss Disc 6.5179e-01 (6.5040e-01)	Loss Pred 5.5920e-01 (5.6443e-01)	Loss TOTAL 9.4180e-01 (9.6025e-01)
Epoch: [13][330/496]	L_Src_Sup 3.4208e-01 (2.4811e-01)	L_Trg_Inj 3.7880e-01 (3.4761e-01)	Loss Disc 6.5326e-01 (6.5045e-01)	Loss Pred 5.5374e-01 (5.6423e-01)	Loss TOTAL 9.5246e-01 (9.6053e-01)
Epoch: [13][340/496]	L_Src_Sup 2.3087e-01 (2.4832e-01)	L_Trg_Inj 2.9449e-01 (3.4849e-01)	Loss Disc 6.5770e-01 (6.5056e-01)	Loss Pred 5.3737e-01 (5.6382e-01)	Loss TOTAL 9.1875e-01 (9.5995e-01)
Epoch: [13][350/496]	L_Src_Sup 2.4101e-01 (2.4723e-01)	L_Trg_Inj 2.1291e-01 (3.4640e-01)	Loss Disc 6.5622e-01 (6.5065e-01)	Loss Pred 5.4260e-01 (5.6353e-01)	Loss TOTAL 9.4421e-01 (9.5915e-01)
Epoch: [13][360/496]	L_Src_Sup 2.0851e-01 (2.4687e-01)	L_Trg_Inj 2.9500e-01 (3.4588e-01)	Loss Disc 6.6509e-01 (6.5075e-01)	Loss Pred 5.0940e-01 (5.6316e-01)	Loss TOTAL 8.9229e-01 (9.5896e-01)
Epoch: [13][370/496]	L_Src_Sup 2.9738e-01 (2.4773e-01)	L_Trg_Inj 2.8915e-01 (3.4610e-01)	Loss Disc 6.5325e-01 (6.5072e-01)	Loss Pred 5.5355e-01 (5.6328e-01)	Loss TOTAL 9.4707e-01 (9.5901e-01)
Epoch: [13][380/496]	L_Src_Sup 2.3762e-01 (2.4906e-01)	L_Trg_Inj 3.5133e-01 (3.4670e-01)	Loss Disc 6.5325e-01 (6.5072e-01)	Loss Pred 5.5357e-01 (5.6328e-01)	Loss TOTAL 9.3909e-01 (9.5897e-01)
Epoch: [13][390/496]	L_Src_Sup 3.3342e-01 (2.4929e-01)	L_Trg_Inj 4.5179e-01 (3.4738e-01)	Loss Disc 6.4827e-01 (6.5073e-01)	Loss Pred 5.8113e-01 (5.6328e-01)	Loss TOTAL 9.8379e-01 (9.5919e-01)
Epoch: [13][400/496]	L_Src_Sup 2.1530e-01 (2.4872e-01)	L_Trg_Inj 2.8398e-01 (3.4752e-01)	Loss Disc 6.4145e-01 (6.5080e-01)	Loss Pred 5.9816e-01 (5.6299e-01)	Loss TOTAL 9.6882e-01 (9.5863e-01)
Epoch: [13][410/496]	L_Src_Sup 2.3532e-01 (2.4840e-01)	L_Trg_Inj 3.5906e-01 (3.4583e-01)	Loss Disc 6.5472e-01 (6.5076e-01)	Loss Pred 5.4805e-01 (5.6314e-01)	Loss TOTAL 9.3485e-01 (9.5837e-01)
Epoch: [13][420/496]	L_Src_Sup 1.7837e-01 (2.4733e-01)	L_Trg_Inj 2.8123e-01 (3.4389e-01)	Loss Disc 6.5320e-01 (6.5071e-01)	Loss Pred 5.5379e-01 (5.6333e-01)	Loss TOTAL 9.2635e-01 (9.5846e-01)
Epoch: [13][430/496]	L_Src_Sup 3.1064e-01 (2.4759e-01)	L_Trg_Inj 7.1183e-01 (3.4376e-01)	Loss Disc 6.4588e-01 (6.5078e-01)	Loss Pred 5.8117e-01 (5.6307e-01)	Loss TOTAL 1.0064e+00 (9.5833e-01)
Epoch: [13][440/496]	L_Src_Sup 2.7524e-01 (2.4850e-01)	L_Trg_Inj 4.2186e-01 (3.4539e-01)	Loss Disc 6.6509e-01 (6.5089e-01)	Loss Pred 5.0908e-01 (5.6267e-01)	Loss TOTAL 9.1134e-01 (9.5806e-01)
Epoch: [13][450/496]	L_Src_Sup 3.4167e-01 (2.5012e-01)	L_Trg_Inj 6.5353e-01 (3.4896e-01)	Loss Disc 6.6655e-01 (6.5095e-01)	Loss Pred 5.0322e-01 (5.6245e-01)	Loss TOTAL 9.3601e-01 (9.5819e-01)
Epoch: [13][460/496]	L_Src_Sup 2.5499e-01 (2.5043e-01)	L_Trg_Inj 4.6733e-01 (3.5141e-01)	Loss Disc 6.5473e-01 (6.5096e-01)	Loss Pred 5.4781e-01 (5.6240e-01)	Loss TOTAL 9.4740e-01 (9.5819e-01)
Epoch: [13][470/496]	L_Src_Sup 3.7637e-01 (2.5081e-01)	L_Trg_Inj 3.8167e-01 (3.5224e-01)	Loss Disc 6.5326e-01 (6.5099e-01)	Loss Pred 5.5338e-01 (5.6228e-01)	Loss TOTAL 9.5582e-01 (9.5799e-01)
Epoch: [13][480/496]	L_Src_Sup 2.7715e-01 (2.5048e-01)	L_Trg_Inj 5.1550e-01 (3.5272e-01)	Loss Disc 6.4587e-01 (6.5102e-01)	Loss Pred 5.8164e-01 (5.6215e-01)	Loss TOTAL 9.8384e-01 (9.5783e-01)
Epoch: [13][490/496]	L_Src_Sup 2.7725e-01 (2.5040e-01)	L_Trg_Inj 3.8653e-01 (3.5470e-01)	Loss Disc 6.5327e-01 (6.5110e-01)	Loss Pred 5.5333e-01 (5.6187e-01)	Loss TOTAL 9.4634e-01 (9.5757e-01)
Epoch: [13][496/496]	L_Src_Sup 2.2362e-01 (2.5041e-01)	L_Trg_Inj 2.9640e-01 (3.5477e-01)	Loss Disc 6.6210e-01 (6.5105e-01)	Loss Pred 5.1955e-01 (5.6204e-01)	Loss TOTAL 9.0260e-01 (9.5761e-01)
Epoch 13 complete. Saving model state...
Epoch: [14][ 10/496]	L_Src_Sup 2.5805e-01 (2.6061e-01)	L_Trg_Inj 3.1369e-01 (3.2970e-01)	Loss Disc 6.4144e-01 (6.5134e-01)	Loss Pred 5.9853e-01 (5.6073e-01)	Loss TOTAL 9.7642e-01 (9.5287e-01)
Epoch: [14][ 20/496]	L_Src_Sup 3.1072e-01 (2.4815e-01)	L_Trg_Inj 1.9336e-01 (3.4483e-01)	Loss Disc 6.5623e-01 (6.5156e-01)	Loss Pred 5.4215e-01 (5.6000e-01)	Loss TOTAL 1.0380e+00 (9.5467e-01)
Epoch: [14][ 30/496]	L_Src_Sup 1.8947e-01 (2.4937e-01)	L_Trg_Inj 3.7697e-01 (3.6539e-01)	Loss Disc 6.4289e-01 (6.5135e-01)	Loss Pred 5.9135e-01 (5.6068e-01)	Loss TOTAL 9.6944e-01 (9.5422e-01)
Epoch: [14][ 40/496]	L_Src_Sup 1.2760e-01 (2.3666e-01)	L_Trg_Inj 2.9490e-01 (3.4951e-01)	Loss Disc 6.4291e-01 (6.5079e-01)	Loss Pred 5.9254e-01 (5.6288e-01)	Loss TOTAL 9.5625e-01 (9.5178e-01)
Epoch: [14][ 50/496]	L_Src_Sup 4.0385e-01 (2.3938e-01)	L_Trg_Inj 3.5816e-01 (3.3622e-01)	Loss Disc 6.5768e-01 (6.5072e-01)	Loss Pred 5.3689e-01 (5.6312e-01)	Loss TOTAL 9.8762e-01 (9.5229e-01)
Epoch: [14][ 60/496]	L_Src_Sup 2.5725e-01 (2.3773e-01)	L_Trg_Inj 4.6149e-01 (3.3568e-01)	Loss Disc 6.5324e-01 (6.5098e-01)	Loss Pred 5.5346e-01 (5.6224e-01)	Loss TOTAL 9.5196e-01 (9.5205e-01)
Epoch: [14][ 70/496]	L_Src_Sup 1.6894e-01 (2.3995e-01)	L_Trg_Inj 2.9506e-01 (3.4327e-01)	Loss Disc 6.4878e-01 (6.5083e-01)	Loss Pred 5.7013e-01 (5.6295e-01)	Loss TOTAL 9.4093e-01 (9.5356e-01)
Epoch: [14][ 80/496]	L_Src_Sup 2.4782e-01 (2.4313e-01)	L_Trg_Inj 2.8066e-01 (3.4437e-01)	Loss Disc 6.4625e-01 (6.5091e-01)	Loss Pred 5.7965e-01 (5.6258e-01)	Loss TOTAL 9.5562e-01 (9.5423e-01)
Epoch: [14][ 90/496]	L_Src_Sup 2.4887e-01 (2.4501e-01)	L_Trg_Inj 3.1230e-01 (3.5123e-01)	Loss Disc 6.6359e-01 (6.5084e-01)	Loss Pred 5.1512e-01 (5.6280e-01)	Loss TOTAL 9.0303e-01 (9.5447e-01)
Epoch: [14][100/496]	L_Src_Sup 1.3760e-01 (2.4689e-01)	L_Trg_Inj 2.6539e-01 (3.5098e-01)	Loss Disc 6.4444e-01 (6.5110e-01)	Loss Pred 5.8535e-01 (5.6181e-01)	Loss TOTAL 9.4786e-01 (9.5338e-01)
Epoch: [14][110/496]	L_Src_Sup 1.2308e-01 (2.4549e-01)	L_Trg_Inj 3.9556e-01 (3.5087e-01)	Loss Disc 6.5327e-01 (6.5101e-01)	Loss Pred 5.5353e-01 (5.6211e-01)	Loss TOTAL 9.3203e-01 (9.5315e-01)
Epoch: [14][120/496]	L_Src_Sup 2.3957e-01 (2.4355e-01)	L_Trg_Inj 3.7022e-01 (3.4939e-01)	Loss Disc 6.5181e-01 (6.5140e-01)	Loss Pred 5.5909e-01 (5.6065e-01)	Loss TOTAL 9.4597e-01 (9.5145e-01)
Epoch: [14][130/496]	L_Src_Sup 2.9816e-01 (2.4422e-01)	L_Trg_Inj 3.4363e-01 (3.4809e-01)	Loss Disc 6.4295e-01 (6.5152e-01)	Loss Pred 5.9297e-01 (5.6018e-01)	Loss TOTAL 9.7863e-01 (9.5084e-01)
Epoch: [14][140/496]	L_Src_Sup 3.3706e-01 (2.4846e-01)	L_Trg_Inj 3.4345e-01 (3.4902e-01)	Loss Disc 6.3700e-01 (6.5136e-01)	Loss Pred 6.1544e-01 (5.6078e-01)	Loss TOTAL 1.0020e+00 (9.5282e-01)
Epoch: [14][150/496]	L_Src_Sup 2.6258e-01 (2.4964e-01)	L_Trg_Inj 3.8550e-01 (3.5033e-01)	Loss Disc 6.5029e-01 (6.5129e-01)	Loss Pred 5.6461e-01 (5.6104e-01)	Loss TOTAL 9.5456e-01 (9.5285e-01)
Epoch: [14][160/496]	L_Src_Sup 2.3762e-01 (2.5068e-01)	L_Trg_Inj 4.9699e-01 (3.5285e-01)	Loss Disc 6.5325e-01 (6.5111e-01)	Loss Pred 5.5353e-01 (5.6172e-01)	Loss TOTAL 9.5362e-01 (9.5391e-01)
Epoch: [14][170/496]	L_Src_Sup 2.4493e-01 (2.5118e-01)	L_Trg_Inj 3.7489e-01 (3.5245e-01)	Loss Disc 6.4882e-01 (6.5096e-01)	Loss Pred 5.7001e-01 (5.6228e-01)	Loss TOTAL 9.5641e-01 (9.5449e-01)
Epoch: [14][180/496]	L_Src_Sup 1.7687e-01 (2.5139e-01)	L_Trg_Inj 3.6273e-01 (3.5241e-01)	Loss Disc 6.5330e-01 (6.5130e-01)	Loss Pred 5.5347e-01 (5.6100e-01)	Loss TOTAL 9.3408e-01 (9.5320e-01)
Epoch: [14][190/496]	L_Src_Sup 2.0005e-01 (2.4928e-01)	L_Trg_Inj 2.9778e-01 (3.5130e-01)	Loss Disc 6.5174e-01 (6.5133e-01)	Loss Pred 5.5912e-01 (5.6092e-01)	Loss TOTAL 9.3477e-01 (9.5267e-01)
Epoch: [14][200/496]	L_Src_Sup 1.4850e-01 (2.4764e-01)	L_Trg_Inj 3.7500e-01 (3.4923e-01)	Loss Disc 6.6361e-01 (6.5149e-01)	Loss Pred 5.3886e-01 (5.6042e-01)	Loss TOTAL 9.2302e-01 (9.5170e-01)
Epoch: [14][210/496]	L_Src_Sup 2.2898e-01 (2.4827e-01)	L_Trg_Inj 4.1902e-01 (3.5151e-01)	Loss Disc 6.6213e-01 (6.5154e-01)	Loss Pred 5.1963e-01 (5.6025e-01)	Loss TOTAL 9.1549e-01 (9.5189e-01)
Epoch: [14][220/496]	L_Src_Sup 3.3481e-01 (2.4776e-01)	L_Trg_Inj 3.1250e-01 (3.5075e-01)	Loss Disc 6.4881e-01 (6.5150e-01)	Loss Pred 5.7032e-01 (5.6038e-01)	Loss TOTAL 9.8178e-01 (9.5170e-01)
Epoch: [14][230/496]	L_Src_Sup 2.5959e-01 (2.4746e-01)	L_Trg_Inj 2.4731e-01 (3.4889e-01)	Loss Disc 6.6358e-01 (6.5164e-01)	Loss Pred 5.1460e-01 (5.6039e-01)	Loss TOTAL 9.0936e-01 (9.5173e-01)
Epoch: [14][240/496]	L_Src_Sup 3.1139e-01 (2.4764e-01)	L_Trg_Inj 3.8950e-01 (3.4910e-01)	Loss Disc 6.5026e-01 (6.5164e-01)	Loss Pred 5.6469e-01 (5.6041e-01)	Loss TOTAL 9.5991e-01 (9.5155e-01)
Epoch: [14][250/496]	L_Src_Sup 2.3299e-01 (2.4766e-01)	L_Trg_Inj 2.8741e-01 (3.4891e-01)	Loss Disc 6.4439e-01 (6.5163e-01)	Loss Pred 5.8720e-01 (5.6042e-01)	Loss TOTAL 9.6144e-01 (9.5135e-01)
Epoch: [14][260/496]	L_Src_Sup 2.8382e-01 (2.4789e-01)	L_Trg_Inj 3.3774e-01 (3.4646e-01)	Loss Disc 6.6803e-01 (6.5169e-01)	Loss Pred 4.9730e-01 (5.6016e-01)	Loss TOTAL 8.9347e-01 (9.5152e-01)
Epoch: [14][270/496]	L_Src_Sup 2.0002e-01 (2.4743e-01)	L_Trg_Inj 3.8257e-01 (3.4587e-01)	Loss Disc 6.5177e-01 (6.5157e-01)	Loss Pred 5.5902e-01 (5.6060e-01)	Loss TOTAL 9.4317e-01 (9.5156e-01)
Epoch: [14][280/496]	L_Src_Sup 2.6709e-01 (2.4770e-01)	L_Trg_Inj 4.0626e-01 (3.4438e-01)	Loss Disc 6.4292e-01 (6.5157e-01)	Loss Pred 5.9260e-01 (5.6060e-01)	Loss TOTAL 9.8139e-01 (9.5225e-01)
Epoch: [14][290/496]	L_Src_Sup 1.8798e-01 (2.4765e-01)	L_Trg_Inj 3.4856e-01 (3.4261e-01)	Loss Disc 6.4143e-01 (6.5146e-01)	Loss Pred 5.9783e-01 (5.6099e-01)	Loss TOTAL 9.7219e-01 (9.5294e-01)
Epoch: [14][300/496]	L_Src_Sup 2.5477e-01 (2.4814e-01)	L_Trg_Inj 4.3564e-01 (3.4496e-01)	Loss Disc 6.5472e-01 (6.5138e-01)	Loss Pred 5.4814e-01 (5.6126e-01)	Loss TOTAL 9.4454e-01 (9.5332e-01)
Epoch: [14][310/496]	L_Src_Sup 3.6930e-01 (2.4918e-01)	L_Trg_Inj 4.7980e-01 (3.4460e-01)	Loss Disc 6.4767e-01 (6.5139e-01)	Loss Pred 5.7553e-01 (5.6120e-01)	Loss TOTAL 9.8428e-01 (9.5366e-01)
Epoch: [14][320/496]	L_Src_Sup 2.5423e-01 (2.4978e-01)	L_Trg_Inj 5.3594e-01 (3.4762e-01)	Loss Disc 6.4733e-01 (6.5129e-01)	Loss Pred 5.7541e-01 (5.6156e-01)	Loss TOTAL 9.7809e-01 (9.5423e-01)
Epoch: [14][330/496]	L_Src_Sup 2.0912e-01 (2.4984e-01)	L_Trg_Inj 4.5706e-01 (3.5009e-01)	Loss Disc 6.5521e-01 (6.5121e-01)	Loss Pred 5.4839e-01 (5.6194e-01)	Loss TOTAL 9.4262e-01 (9.5459e-01)
Epoch: [14][340/496]	L_Src_Sup 9.2826e-02 (2.4887e-01)	L_Trg_Inj 2.2022e-01 (3.4950e-01)	Loss Disc 6.3256e-01 (6.5111e-01)	Loss Pred 6.2875e-01 (5.6227e-01)	Loss TOTAL 9.7633e-01 (9.5482e-01)
Epoch: [14][350/496]	L_Src_Sup 2.9333e-01 (2.4880e-01)	L_Trg_Inj 2.8833e-01 (3.4774e-01)	Loss Disc 6.6063e-01 (6.5104e-01)	Loss Pred 5.2794e-01 (5.6258e-01)	Loss TOTAL 9.2142e-01 (9.5489e-01)
Epoch: [14][360/496]	L_Src_Sup 1.8044e-01 (2.4791e-01)	L_Trg_Inj 2.4454e-01 (3.4741e-01)	Loss Disc 6.5621e-01 (6.5097e-01)	Loss Pred 5.4361e-01 (5.6281e-01)	Loss TOTAL 9.1421e-01 (9.5478e-01)
Epoch: [14][370/496]	L_Src_Sup 1.8337e-01 (2.4810e-01)	L_Trg_Inj 4.3013e-01 (3.4741e-01)	Loss Disc 6.4885e-01 (6.5111e-01)	Loss Pred 5.6986e-01 (5.6230e-01)	Loss TOTAL 9.5564e-01 (9.5480e-01)
Epoch: [14][380/496]	L_Src_Sup 2.4457e-01 (2.4826e-01)	L_Trg_Inj 2.8605e-01 (3.4851e-01)	Loss Disc 6.4882e-01 (6.5107e-01)	Loss Pred 5.6982e-01 (5.6242e-01)	Loss TOTAL 9.4730e-01 (9.5483e-01)
Epoch: [14][390/496]	L_Src_Sup 1.8001e-01 (2.4745e-01)	L_Trg_Inj 3.7280e-01 (3.4820e-01)	Loss Disc 6.5178e-01 (6.5101e-01)	Loss Pred 5.5926e-01 (5.6261e-01)	Loss TOTAL 9.4043e-01 (9.5483e-01)
Epoch: [14][400/496]	L_Src_Sup 2.2451e-01 (2.4694e-01)	L_Trg_Inj 2.9299e-01 (3.4734e-01)	Loss Disc 6.4883e-01 (6.5104e-01)	Loss Pred 5.6981e-01 (5.6251e-01)	Loss TOTAL 9.4597e-01 (9.5444e-01)
Epoch: [14][410/496]	L_Src_Sup 3.4002e-01 (2.4690e-01)	L_Trg_Inj 3.8689e-01 (3.4641e-01)	Loss Disc 6.5178e-01 (6.5107e-01)	Loss Pred 5.5911e-01 (5.6239e-01)	Loss TOTAL 9.5769e-01 (9.5415e-01)
Epoch: [14][420/496]	L_Src_Sup 1.5842e-01 (2.4601e-01)	L_Trg_Inj 2.5793e-01 (3.4471e-01)	Loss Disc 6.5325e-01 (6.5100e-01)	Loss Pred 5.5386e-01 (5.6263e-01)	Loss TOTAL 9.2212e-01 (9.5434e-01)
Epoch: [14][430/496]	L_Src_Sup 2.8652e-01 (2.4621e-01)	L_Trg_Inj 3.5043e-01 (3.4355e-01)	Loss Disc 6.5325e-01 (6.5095e-01)	Loss Pred 5.5409e-01 (5.6277e-01)	Loss TOTAL 9.4441e-01 (9.5448e-01)
Epoch: [14][440/496]	L_Src_Sup 2.0390e-01 (2.4617e-01)	L_Trg_Inj 4.2068e-01 (3.4345e-01)	Loss Disc 6.4881e-01 (6.5094e-01)	Loss Pred 5.7066e-01 (5.6280e-01)	Loss TOTAL 9.5752e-01 (9.5462e-01)
Epoch: [14][450/496]	L_Src_Sup 2.7173e-01 (2.4602e-01)	L_Trg_Inj 2.6409e-01 (3.4263e-01)	Loss Disc 6.5770e-01 (6.5101e-01)	Loss Pred 5.3771e-01 (5.6252e-01)	Loss TOTAL 9.2779e-01 (9.5416e-01)
Epoch: [14][460/496]	L_Src_Sup 3.1377e-01 (2.4647e-01)	L_Trg_Inj 2.9989e-01 (3.4314e-01)	Loss Disc 6.5476e-01 (6.5103e-01)	Loss Pred 5.4832e-01 (5.6246e-01)	Loss TOTAL 9.5095e-01 (9.5407e-01)
Epoch: [14][470/496]	L_Src_Sup 2.2681e-01 (2.4587e-01)	L_Trg_Inj 2.8066e-01 (3.4317e-01)	Loss Disc 6.4735e-01 (6.5104e-01)	Loss Pred 5.7537e-01 (5.6240e-01)	Loss TOTAL 9.4979e-01 (9.5381e-01)
Epoch: [14][480/496]	L_Src_Sup 2.6002e-01 (2.4564e-01)	L_Trg_Inj 2.8081e-01 (3.4266e-01)	Loss Disc 6.5255e-01 (6.5103e-01)	Loss Pred 5.5928e-01 (5.6246e-01)	Loss TOTAL 9.3964e-01 (9.5365e-01)
Epoch: [14][490/496]	L_Src_Sup 1.9150e-01 (2.4542e-01)	L_Trg_Inj 4.0619e-01 (3.4235e-01)	Loss Disc 6.4294e-01 (6.5111e-01)	Loss Pred 5.9198e-01 (5.6217e-01)	Loss TOTAL 9.7321e-01 (9.5326e-01)
Epoch: [14][496/496]	L_Src_Sup 3.0160e-01 (2.4602e-01)	L_Trg_Inj 2.5133e-01 (3.4199e-01)	Loss Disc 6.5190e-01 (6.5110e-01)	Loss Pred 5.5938e-01 (5.6218e-01)	Loss TOTAL 9.9089e-01 (9.5356e-01)
Epoch 14 complete. Saving model state...
Epoch: [15][ 10/496]	L_Src_Sup 1.3212e-01 (1.8872e-01)	L_Trg_Inj 2.3825e-01 (3.3411e-01)	Loss Disc 6.6073e-01 (6.5185e-01)	Loss Pred 5.2645e-01 (5.6008e-01)	Loss TOTAL 8.9385e-01 (9.3829e-01)
Epoch: [15][ 20/496]	L_Src_Sup 2.8578e-01 (2.0943e-01)	L_Trg_Inj 3.6368e-01 (3.2637e-01)	Loss Disc 6.4883e-01 (6.5198e-01)	Loss Pred 5.7017e-01 (5.5914e-01)	Loss TOTAL 9.5953e-01 (9.3988e-01)
Epoch: [15][ 30/496]	L_Src_Sup 2.7668e-01 (2.2000e-01)	L_Trg_Inj 3.7503e-01 (3.4319e-01)	Loss Disc 6.4291e-01 (6.5100e-01)	Loss Pred 5.9190e-01 (5.6261e-01)	Loss TOTAL 9.7853e-01 (9.4521e-01)
Epoch: [15][ 40/496]	L_Src_Sup 2.4663e-01 (2.1844e-01)	L_Trg_Inj 2.2217e-01 (3.2429e-01)	Loss Disc 6.4588e-01 (6.5023e-01)	Loss Pred 5.8085e-01 (5.6585e-01)	Loss TOTAL 9.7513e-01 (9.4990e-01)
Epoch: [15][ 50/496]	L_Src_Sup 1.9418e-01 (2.1720e-01)	L_Trg_Inj 3.1233e-01 (3.1720e-01)	Loss Disc 6.5619e-01 (6.5064e-01)	Loss Pred 5.4301e-01 (5.6421e-01)	Loss TOTAL 9.2176e-01 (9.4978e-01)
Epoch: [15][ 60/496]	L_Src_Sup 1.6983e-01 (2.1619e-01)	L_Trg_Inj 1.7144e-01 (3.1757e-01)	Loss Disc 6.6065e-01 (6.5123e-01)	Loss Pred 5.2637e-01 (5.6192e-01)	Loss TOTAL 8.9082e-01 (9.4659e-01)
Epoch: [15][ 70/496]	L_Src_Sup 2.1571e-01 (2.1526e-01)	L_Trg_Inj 3.3816e-01 (3.1427e-01)	Loss Disc 6.5474e-01 (6.5133e-01)	Loss Pred 5.4816e-01 (5.6143e-01)	Loss TOTAL 9.3091e-01 (9.4519e-01)
Epoch: [15][ 80/496]	L_Src_Sup 2.0202e-01 (2.1842e-01)	L_Trg_Inj 3.0908e-01 (3.0985e-01)	Loss Disc 6.5029e-01 (6.5092e-01)	Loss Pred 5.6453e-01 (5.6297e-01)	Loss TOTAL 9.4078e-01 (9.4716e-01)
Epoch: [15][ 90/496]	L_Src_Sup 1.9780e-01 (2.1894e-01)	L_Trg_Inj 3.3823e-01 (3.0808e-01)	Loss Disc 6.3852e-01 (6.5091e-01)	Loss Pred 6.0799e-01 (5.6303e-01)	Loss TOTAL 9.8085e-01 (9.4798e-01)
Epoch: [15][100/496]	L_Src_Sup 1.7027e-01 (2.2126e-01)	L_Trg_Inj 3.1217e-01 (3.0569e-01)	Loss Disc 6.4292e-01 (6.5098e-01)	Loss Pred 5.9176e-01 (5.6273e-01)	Loss TOTAL 9.6146e-01 (9.4780e-01)
Epoch: [15][110/496]	L_Src_Sup 1.5362e-01 (2.2295e-01)	L_Trg_Inj 2.7607e-01 (3.0540e-01)	Loss Disc 6.5770e-01 (6.5127e-01)	Loss Pred 5.3715e-01 (5.6160e-01)	Loss TOTAL 9.0897e-01 (9.4719e-01)
Epoch: [15][120/496]	L_Src_Sup 1.8752e-01 (2.2340e-01)	L_Trg_Inj 2.6017e-01 (3.0752e-01)	Loss Disc 6.4585e-01 (6.5098e-01)	Loss Pred 5.8088e-01 (5.6262e-01)	Loss TOTAL 9.4857e-01 (9.4773e-01)
Epoch: [15][130/496]	L_Src_Sup 2.6110e-01 (2.2622e-01)	L_Trg_Inj 3.4156e-01 (3.0503e-01)	Loss Disc 6.6911e-01 (6.5103e-01)	Loss Pred 4.9822e-01 (5.6239e-01)	Loss TOTAL 8.9304e-01 (9.4871e-01)
Epoch: [15][140/496]	L_Src_Sup 4.5823e-01 (2.3009e-01)	L_Trg_Inj 3.2424e-01 (3.1469e-01)	Loss Disc 6.4585e-01 (6.5074e-01)	Loss Pred 5.8065e-01 (5.6343e-01)	Loss TOTAL 1.1158e+00 (9.5151e-01)
Epoch: [15][150/496]	L_Src_Sup 2.4002e-01 (2.3313e-01)	L_Trg_Inj 3.4262e-01 (3.2274e-01)	Loss Disc 6.5030e-01 (6.5082e-01)	Loss Pred 5.6329e-01 (5.6310e-01)	Loss TOTAL 9.4671e-01 (9.5178e-01)
Epoch: [15][160/496]	L_Src_Sup 2.8370e-01 (2.3440e-01)	L_Trg_Inj 3.2801e-01 (3.2538e-01)	Loss Disc 6.5621e-01 (6.5083e-01)	Loss Pred 5.4289e-01 (5.6304e-01)	Loss TOTAL 9.3216e-01 (9.5164e-01)
Epoch: [15][170/496]	L_Src_Sup 2.6530e-01 (2.3331e-01)	L_Trg_Inj 3.1111e-01 (3.2520e-01)	Loss Disc 6.4881e-01 (6.5082e-01)	Loss Pred 5.6988e-01 (5.6305e-01)	Loss TOTAL 9.5193e-01 (9.5109e-01)
Epoch: [15][180/496]	L_Src_Sup 2.4000e-01 (2.3340e-01)	L_Trg_Inj 2.9570e-01 (3.2385e-01)	Loss Disc 6.5177e-01 (6.5086e-01)	Loss Pred 5.5906e-01 (5.6289e-01)	Loss TOTAL 9.3852e-01 (9.5069e-01)
Epoch: [15][190/496]	L_Src_Sup 2.0004e-01 (2.3539e-01)	L_Trg_Inj 3.5937e-01 (3.2484e-01)	Loss Disc 6.5180e-01 (6.5115e-01)	Loss Pred 5.5912e-01 (5.6180e-01)	Loss TOTAL 9.4096e-01 (9.5031e-01)
Epoch: [15][200/496]	L_Src_Sup 2.1866e-01 (2.3659e-01)	L_Trg_Inj 3.9061e-01 (3.2771e-01)	Loss Disc 6.4817e-01 (6.5116e-01)	Loss Pred 5.7324e-01 (5.6185e-01)	Loss TOTAL 9.5826e-01 (9.5043e-01)
Epoch: [15][210/496]	L_Src_Sup 2.8283e-01 (2.3722e-01)	L_Trg_Inj 4.2089e-01 (3.2924e-01)	Loss Disc 6.5030e-01 (6.5113e-01)	Loss Pred 5.6453e-01 (5.6195e-01)	Loss TOTAL 9.6005e-01 (9.5053e-01)
Epoch: [15][220/496]	L_Src_Sup 1.8557e-01 (2.3567e-01)	L_Trg_Inj 4.2185e-01 (3.3177e-01)	Loss Disc 6.4732e-01 (6.5097e-01)	Loss Pred 5.7542e-01 (5.6254e-01)	Loss TOTAL 9.5982e-01 (9.5085e-01)
Epoch: [15][230/496]	L_Src_Sup 3.1683e-01 (2.3728e-01)	L_Trg_Inj 3.1243e-01 (3.3385e-01)	Loss Disc 6.5326e-01 (6.5118e-01)	Loss Pred 5.5349e-01 (5.6175e-01)	Loss TOTAL 9.4744e-01 (9.5064e-01)
Epoch: [15][240/496]	L_Src_Sup 2.5002e-01 (2.3603e-01)	L_Trg_Inj 2.4865e-01 (3.3243e-01)	Loss Disc 6.5768e-01 (6.5115e-01)	Loss Pred 5.3708e-01 (5.6192e-01)	Loss TOTAL 9.1716e-01 (9.5054e-01)
Epoch: [15][250/496]	L_Src_Sup 2.3417e-01 (2.3540e-01)	L_Trg_Inj 3.7885e-01 (3.3147e-01)	Loss Disc 6.4591e-01 (6.5108e-01)	Loss Pred 5.8096e-01 (5.6221e-01)	Loss TOTAL 9.6522e-01 (9.5052e-01)
Epoch: [15][260/496]	L_Src_Sup 1.5686e-01 (2.3436e-01)	L_Trg_Inj 4.8079e-01 (3.3191e-01)	Loss Disc 6.5473e-01 (6.5114e-01)	Loss Pred 5.4802e-01 (5.6195e-01)	Loss TOTAL 9.3915e-01 (9.5001e-01)
Epoch: [15][270/496]	L_Src_Sup 2.3029e-01 (2.3487e-01)	L_Trg_Inj 2.8065e-01 (3.3202e-01)	Loss Disc 6.4438e-01 (6.5112e-01)	Loss Pred 5.8651e-01 (5.6203e-01)	Loss TOTAL 9.5980e-01 (9.5002e-01)
Epoch: [15][280/496]	L_Src_Sup 2.4176e-01 (2.3457e-01)	L_Trg_Inj 3.2348e-01 (3.3122e-01)	Loss Disc 6.3852e-01 (6.5118e-01)	Loss Pred 6.0881e-01 (5.6178e-01)	Loss TOTAL 9.8459e-01 (9.5009e-01)
Epoch: [15][290/496]	L_Src_Sup 2.6923e-01 (2.3478e-01)	L_Trg_Inj 3.1249e-01 (3.3076e-01)	Loss Disc 6.5769e-01 (6.5115e-01)	Loss Pred 5.3707e-01 (5.6186e-01)	Loss TOTAL 9.2409e-01 (9.5014e-01)
Epoch: [15][300/496]	L_Src_Sup 3.2003e-01 (2.3695e-01)	L_Trg_Inj 2.6237e-01 (3.2873e-01)	Loss Disc 6.5177e-01 (6.5112e-01)	Loss Pred 5.5902e-01 (5.6197e-01)	Loss TOTAL 1.0008e+00 (9.5181e-01)
Epoch: [15][310/496]	L_Src_Sup 2.0755e-01 (2.3713e-01)	L_Trg_Inj 3.7136e-01 (3.2899e-01)	Loss Disc 6.6065e-01 (6.5121e-01)	Loss Pred 5.2585e-01 (5.6162e-01)	Loss TOTAL 9.1406e-01 (9.5138e-01)
Epoch: [15][320/496]	L_Src_Sup 2.1053e-01 (2.3735e-01)	L_Trg_Inj 2.5484e-01 (3.2813e-01)	Loss Disc 6.4437e-01 (6.5106e-01)	Loss Pred 5.8636e-01 (5.6215e-01)	Loss TOTAL 9.5509e-01 (9.5199e-01)
Epoch: [15][330/496]	L_Src_Sup 2.6168e-01 (2.3872e-01)	L_Trg_Inj 4.0375e-01 (3.2779e-01)	Loss Disc 6.6212e-01 (6.5108e-01)	Loss Pred 5.2092e-01 (5.6208e-01)	Loss TOTAL 9.1853e-01 (9.5274e-01)
Epoch: [15][340/496]	L_Src_Sup 2.9703e-01 (2.3838e-01)	L_Trg_Inj 3.3580e-01 (3.2548e-01)	Loss Disc 6.5326e-01 (6.5110e-01)	Loss Pred 5.5356e-01 (5.6200e-01)	Loss TOTAL 9.4348e-01 (9.5278e-01)
Epoch: [15][350/496]	L_Src_Sup 1.5845e-01 (2.3634e-01)	L_Trg_Inj 2.1858e-01 (3.2222e-01)	Loss Disc 6.5180e-01 (6.5114e-01)	Loss Pred 5.5767e-01 (5.6184e-01)	Loss TOTAL 9.2128e-01 (9.5226e-01)
Epoch: [15][360/496]	L_Src_Sup 3.2323e-01 (2.3654e-01)	L_Trg_Inj 3.2784e-01 (3.2120e-01)	Loss Disc 6.5036e-01 (6.5115e-01)	Loss Pred 5.6453e-01 (5.6179e-01)	Loss TOTAL 9.5482e-01 (9.5208e-01)
Epoch: [15][370/496]	L_Src_Sup 2.7187e-01 (2.3711e-01)	L_Trg_Inj 3.5912e-01 (3.2083e-01)	Loss Disc 6.5619e-01 (6.5112e-01)	Loss Pred 5.4262e-01 (5.6191e-01)	Loss TOTAL 9.3381e-01 (9.5241e-01)
Epoch: [15][380/496]	L_Src_Sup 1.9050e-01 (2.3662e-01)	L_Trg_Inj 2.1875e-01 (3.1867e-01)	Loss Disc 6.5917e-01 (6.5115e-01)	Loss Pred 5.3160e-01 (5.6178e-01)	Loss TOTAL 9.0211e-01 (9.5257e-01)
Epoch: [15][390/496]	L_Src_Sup 1.9758e-01 (2.3583e-01)	L_Trg_Inj 1.7222e-01 (3.1759e-01)	Loss Disc 6.3845e-01 (6.5111e-01)	Loss Pred 6.1057e-01 (5.6195e-01)	Loss TOTAL 9.9213e-01 (9.5244e-01)
Epoch: [15][400/496]	L_Src_Sup 4.2730e-01 (2.3840e-01)	L_Trg_Inj 4.7880e-01 (3.2072e-01)	Loss Disc 6.5620e-01 (6.5109e-01)	Loss Pred 5.4270e-01 (5.6200e-01)	Loss TOTAL 9.6141e-01 (9.5300e-01)
Epoch: [15][410/496]	L_Src_Sup 3.4673e-01 (2.4023e-01)	L_Trg_Inj 5.6250e-01 (3.2430e-01)	Loss Disc 6.4883e-01 (6.5110e-01)	Loss Pred 5.7002e-01 (5.6203e-01)	Loss TOTAL 9.8536e-01 (9.5335e-01)
Epoch: [15][420/496]	L_Src_Sup 2.7931e-01 (2.4122e-01)	L_Trg_Inj 3.8217e-01 (3.2912e-01)	Loss Disc 6.4142e-01 (6.5105e-01)	Loss Pred 5.9721e-01 (5.6219e-01)	Loss TOTAL 9.8407e-01 (9.5385e-01)
Epoch: [15][430/496]	L_Src_Sup 4.3300e-01 (2.4225e-01)	L_Trg_Inj 3.8720e-01 (3.3175e-01)	Loss Disc 6.4735e-01 (6.5106e-01)	Loss Pred 5.7546e-01 (5.6213e-01)	Loss TOTAL 1.0270e+00 (9.5406e-01)
Epoch: [15][440/496]	L_Src_Sup 2.4803e-01 (2.4295e-01)	L_Trg_Inj 5.1325e-01 (3.3516e-01)	Loss Disc 6.5917e-01 (6.5107e-01)	Loss Pred 5.3192e-01 (5.6210e-01)	Loss TOTAL 9.3763e-01 (9.5429e-01)
Epoch: [15][450/496]	L_Src_Sup 7.7708e-02 (2.4267e-01)	L_Trg_Inj 3.9728e-01 (3.3687e-01)	Loss Disc 6.5624e-01 (6.5116e-01)	Loss Pred 5.4257e-01 (5.6177e-01)	Loss TOTAL 9.1818e-01 (9.5402e-01)
Epoch: [15][460/496]	L_Src_Sup 1.8948e-01 (2.4341e-01)	L_Trg_Inj 3.3277e-01 (3.3778e-01)	Loss Disc 6.4444e-01 (6.5121e-01)	Loss Pred 5.8687e-01 (5.6157e-01)	Loss TOTAL 9.6131e-01 (9.5438e-01)
Epoch: [15][470/496]	L_Src_Sup 2.0619e-01 (2.4346e-01)	L_Trg_Inj 3.3488e-01 (3.3721e-01)	Loss Disc 6.4735e-01 (6.5119e-01)	Loss Pred 5.7573e-01 (5.6164e-01)	Loss TOTAL 9.5351e-01 (9.5475e-01)
Epoch: [15][480/496]	L_Src_Sup 1.7030e-01 (2.4331e-01)	L_Trg_Inj 2.1351e-01 (3.3609e-01)	Loss Disc 6.4292e-01 (6.5113e-01)	Loss Pred 5.9206e-01 (5.6184e-01)	Loss TOTAL 9.5190e-01 (9.5502e-01)
Epoch: [15][490/496]	L_Src_Sup 2.9217e-01 (2.4307e-01)	L_Trg_Inj 3.0859e-01 (3.3641e-01)	Loss Disc 6.3554e-01 (6.5110e-01)	Loss Pred 6.1923e-01 (5.6198e-01)	Loss TOTAL 9.9708e-01 (9.5494e-01)
Epoch: [15][496/496]	L_Src_Sup 2.0823e-01 (2.4341e-01)	L_Trg_Inj 4.6835e-01 (3.3754e-01)	Loss Disc 6.4587e-01 (6.5111e-01)	Loss Pred 5.8100e-01 (5.6192e-01)	Loss TOTAL 9.7159e-01 (9.5504e-01)
Epoch 15 complete. Saving model state...
Epoch: [16][ 10/496]	L_Src_Sup 3.0613e-01 (2.5478e-01)	L_Trg_Inj 3.5919e-01 (4.8545e-01)	Loss Disc 6.4883e-01 (6.4911e-01)	Loss Pred 5.6991e-01 (5.6888e-01)	Loss TOTAL 9.6086e-01 (9.6745e-01)
Epoch: [16][ 20/496]	L_Src_Sup 3.8835e-01 (2.5532e-01)	L_Trg_Inj 3.2791e-01 (4.2638e-01)	Loss Disc 6.5624e-01 (6.5148e-01)	Loss Pred 5.4265e-01 (5.6010e-01)	Loss TOTAL 1.0028e+00 (9.5965e-01)
Epoch: [16][ 30/496]	L_Src_Sup 2.7083e-01 (2.5878e-01)	L_Trg_Inj 2.5941e-01 (4.0235e-01)	Loss Disc 6.4586e-01 (6.5035e-01)	Loss Pred 5.8083e-01 (5.6426e-01)	Loss TOTAL 9.6821e-01 (9.5969e-01)
Epoch: [16][ 40/496]	L_Src_Sup 1.8595e-01 (2.6200e-01)	L_Trg_Inj 2.2809e-01 (3.8747e-01)	Loss Disc 6.4733e-01 (6.5083e-01)	Loss Pred 5.7555e-01 (5.6254e-01)	Loss TOTAL 9.4062e-01 (9.5600e-01)
Epoch: [16][ 50/496]	L_Src_Sup 2.5367e-01 (2.6738e-01)	L_Trg_Inj 4.2080e-01 (3.7927e-01)	Loss Disc 6.5475e-01 (6.5116e-01)	Loss Pred 5.4811e-01 (5.6150e-01)	Loss TOTAL 9.4293e-01 (9.5902e-01)
Epoch: [16][ 60/496]	L_Src_Sup 2.2858e-01 (2.6244e-01)	L_Trg_Inj 2.9675e-01 (3.6939e-01)	Loss Disc 6.5919e-01 (6.5207e-01)	Loss Pred 5.3119e-01 (5.5856e-01)	Loss TOTAL 9.1332e-01 (9.5439e-01)
Epoch: [16][ 70/496]	L_Src_Sup 2.9126e-01 (2.5882e-01)	L_Trg_Inj 4.4985e-01 (3.6735e-01)	Loss Disc 6.5621e-01 (6.5191e-01)	Loss Pred 5.4231e-01 (5.5910e-01)	Loss TOTAL 9.4452e-01 (9.5419e-01)
Epoch: [16][ 80/496]	L_Src_Sup 3.0475e-01 (2.5523e-01)	L_Trg_Inj 3.9568e-01 (3.6658e-01)	Loss Disc 6.5917e-01 (6.5158e-01)	Loss Pred 5.3145e-01 (5.6026e-01)	Loss TOTAL 9.3108e-01 (9.5555e-01)
Epoch: [16][ 90/496]	L_Src_Sup 3.5186e-01 (2.5679e-01)	L_Trg_Inj 3.4759e-01 (3.7173e-01)	Loss Disc 6.6360e-01 (6.5170e-01)	Loss Pred 5.1475e-01 (5.5981e-01)	Loss TOTAL 9.2076e-01 (9.5526e-01)
Epoch: [16][100/496]	L_Src_Sup 3.1688e-01 (2.6089e-01)	L_Trg_Inj 4.9949e-01 (3.7862e-01)	Loss Disc 6.5331e-01 (6.5179e-01)	Loss Pred 5.5344e-01 (5.5944e-01)	Loss TOTAL 9.6174e-01 (9.5536e-01)
Epoch: [16][110/496]	L_Src_Sup 2.3077e-01 (2.6039e-01)	L_Trg_Inj 4.4566e-01 (3.7880e-01)	Loss Disc 6.5769e-01 (6.5187e-01)	Loss Pred 5.3661e-01 (5.5910e-01)	Loss TOTAL 9.3310e-01 (9.5511e-01)
Epoch: [16][120/496]	L_Src_Sup 2.1293e-01 (2.5812e-01)	L_Trg_Inj 2.8097e-01 (3.7521e-01)	Loss Disc 6.5031e-01 (6.5189e-01)	Loss Pred 5.6471e-01 (5.5900e-01)	Loss TOTAL 9.3925e-01 (9.5480e-01)
Epoch: [16][130/496]	L_Src_Sup 2.6064e-01 (2.5961e-01)	L_Trg_Inj 3.5937e-01 (3.7421e-01)	Loss Disc 6.4881e-01 (6.5164e-01)	Loss Pred 5.7015e-01 (5.5990e-01)	Loss TOTAL 9.5656e-01 (9.5627e-01)
Epoch: [16][140/496]	L_Src_Sup 2.3158e-01 (2.5869e-01)	L_Trg_Inj 3.6800e-01 (3.7546e-01)	Loss Disc 6.4442e-01 (6.5180e-01)	Loss Pred 5.8705e-01 (5.5927e-01)	Loss TOTAL 9.6922e-01 (9.5552e-01)
Epoch: [16][150/496]	L_Src_Sup 2.9702e-01 (2.5801e-01)	L_Trg_Inj 4.2176e-01 (3.7661e-01)	Loss Disc 6.5324e-01 (6.5164e-01)	Loss Pred 5.5344e-01 (5.5986e-01)	Loss TOTAL 9.5194e-01 (9.5567e-01)
Epoch: [16][160/496]	L_Src_Sup 3.1641e-01 (2.5944e-01)	L_Trg_Inj 5.3250e-01 (3.7913e-01)	Loss Disc 6.5330e-01 (6.5182e-01)	Loss Pred 5.5340e-01 (5.5918e-01)	Loss TOTAL 9.6494e-01 (9.5551e-01)
Epoch: [16][170/496]	L_Src_Sup 2.4792e-01 (2.6093e-01)	L_Trg_Inj 3.1714e-01 (3.7932e-01)	Loss Disc 6.5898e-01 (6.5180e-01)	Loss Pred 5.3662e-01 (5.5927e-01)	Loss TOTAL 9.2262e-01 (9.5539e-01)
Epoch: [16][180/496]	L_Src_Sup 2.5751e-01 (2.5917e-01)	L_Trg_Inj 3.2273e-01 (3.7875e-01)	Loss Disc 6.5328e-01 (6.5199e-01)	Loss Pred 5.5341e-01 (5.5857e-01)	Loss TOTAL 9.3807e-01 (9.5421e-01)
Epoch: [16][190/496]	L_Src_Sup 2.8881e-01 (2.5941e-01)	L_Trg_Inj 3.4262e-01 (3.7818e-01)	Loss Disc 6.4745e-01 (6.5204e-01)	Loss Pred 5.7619e-01 (5.5836e-01)	Loss TOTAL 9.6305e-01 (9.5466e-01)
Epoch: [16][200/496]	L_Src_Sup 1.8370e-01 (2.5797e-01)	L_Trg_Inj 3.7667e-01 (3.7833e-01)	Loss Disc 6.4883e-01 (6.5201e-01)	Loss Pred 5.7047e-01 (5.5850e-01)	Loss TOTAL 9.5092e-01 (9.5433e-01)
Epoch: [16][210/496]	L_Src_Sup 2.0824e-01 (2.5741e-01)	L_Trg_Inj 2.9736e-01 (3.7577e-01)	Loss Disc 6.6103e-01 (6.5197e-01)	Loss Pred 5.2707e-01 (5.5864e-01)	Loss TOTAL 9.0815e-01 (9.5488e-01)
Epoch: [16][220/496]	L_Src_Sup 2.9010e-01 (2.5747e-01)	L_Trg_Inj 5.0043e-01 (3.7388e-01)	Loss Disc 6.5030e-01 (6.5201e-01)	Loss Pred 5.6473e-01 (5.5848e-01)	Loss TOTAL 9.6893e-01 (9.5505e-01)
Epoch: [16][230/496]	L_Src_Sup 1.8706e-01 (2.5747e-01)	L_Trg_Inj 3.4932e-01 (3.7164e-01)	Loss Disc 6.5168e-01 (6.5191e-01)	Loss Pred 5.6431e-01 (5.5894e-01)	Loss TOTAL 9.4379e-01 (9.5540e-01)
Epoch: [16][240/496]	L_Src_Sup 1.5913e-01 (2.5474e-01)	L_Trg_Inj 3.3314e-01 (3.6914e-01)	Loss Disc 6.3407e-01 (6.5177e-01)	Loss Pred 6.2617e-01 (5.5950e-01)	Loss TOTAL 9.9244e-01 (9.5511e-01)
Epoch: [16][250/496]	L_Src_Sup 2.0366e-01 (2.5236e-01)	L_Trg_Inj 3.0183e-01 (3.6612e-01)	Loss Disc 6.4887e-01 (6.5175e-01)	Loss Pred 5.7015e-01 (5.5960e-01)	Loss TOTAL 9.4513e-01 (9.5436e-01)
Epoch: [16][260/496]	L_Src_Sup 3.2373e-01 (2.5356e-01)	L_Trg_Inj 3.1427e-01 (3.6426e-01)	Loss Disc 6.5918e-01 (6.5182e-01)	Loss Pred 5.3117e-01 (5.5930e-01)	Loss TOTAL 9.3402e-01 (9.5417e-01)
Epoch: [16][270/496]	L_Src_Sup 2.6264e-01 (2.5455e-01)	L_Trg_Inj 4.3724e-01 (3.6571e-01)	Loss Disc 6.5027e-01 (6.5170e-01)	Loss Pred 5.6455e-01 (5.5983e-01)	Loss TOTAL 9.5967e-01 (9.5462e-01)
Epoch: [16][280/496]	L_Src_Sup 3.7950e-01 (2.5471e-01)	L_Trg_Inj 3.6508e-01 (3.6689e-01)	Loss Disc 6.5180e-01 (6.5167e-01)	Loss Pred 5.5905e-01 (5.5992e-01)	Loss TOTAL 9.7383e-01 (9.5468e-01)
Epoch: [16][290/496]	L_Src_Sup 1.7648e-01 (2.5416e-01)	L_Trg_Inj 5.3687e-01 (3.7067e-01)	Loss Disc 6.5473e-01 (6.5161e-01)	Loss Pred 5.4804e-01 (5.6014e-01)	Loss TOTAL 9.4674e-01 (9.5496e-01)
Epoch: [16][300/496]	L_Src_Sup 2.2757e-01 (2.5473e-01)	L_Trg_Inj 3.4350e-01 (3.7098e-01)	Loss Disc 6.5915e-01 (6.5143e-01)	Loss Pred 5.3224e-01 (5.6079e-01)	Loss TOTAL 9.1893e-01 (9.5549e-01)
Epoch: [16][310/496]	L_Src_Sup 2.0141e-01 (2.5411e-01)	L_Trg_Inj 3.9563e-01 (3.7103e-01)	Loss Disc 6.4703e-01 (6.5143e-01)	Loss Pred 5.7907e-01 (5.6076e-01)	Loss TOTAL 9.6228e-01 (9.5520e-01)
Epoch: [16][320/496]	L_Src_Sup 2.1361e-01 (2.5374e-01)	L_Trg_Inj 4.2721e-01 (3.7193e-01)	Loss Disc 6.5622e-01 (6.5142e-01)	Loss Pred 5.4289e-01 (5.6080e-01)	Loss TOTAL 9.3508e-01 (9.5511e-01)
Epoch: [16][330/496]	L_Src_Sup 3.1579e-01 (2.5395e-01)	L_Trg_Inj 3.5515e-01 (3.7231e-01)	Loss Disc 6.4440e-01 (6.5140e-01)	Loss Pred 5.8618e-01 (5.6086e-01)	Loss TOTAL 9.7547e-01 (9.5512e-01)
Epoch: [16][340/496]	L_Src_Sup 1.8368e-01 (2.5401e-01)	L_Trg_Inj 4.3634e-01 (3.7163e-01)	Loss Disc 6.4880e-01 (6.5130e-01)	Loss Pred 5.6983e-01 (5.6122e-01)	Loss TOTAL 9.5623e-01 (9.5531e-01)
Epoch: [16][350/496]	L_Src_Sup 1.7205e-01 (2.5365e-01)	L_Trg_Inj 2.3296e-01 (3.6960e-01)	Loss Disc 6.4142e-01 (6.5119e-01)	Loss Pred 5.9633e-01 (5.6160e-01)	Loss TOTAL 9.5755e-01 (9.5532e-01)
Epoch: [16][360/496]	L_Src_Sup 2.7185e-01 (2.5326e-01)	L_Trg_Inj 2.0160e-01 (3.6590e-01)	Loss Disc 6.5623e-01 (6.5126e-01)	Loss Pred 5.4313e-01 (5.6134e-01)	Loss TOTAL 9.8885e-01 (9.5592e-01)
Epoch: [16][370/496]	L_Src_Sup 1.6001e-01 (2.5153e-01)	L_Trg_Inj 2.1655e-01 (3.6322e-01)	Loss Disc 6.5178e-01 (6.5128e-01)	Loss Pred 5.5911e-01 (5.6126e-01)	Loss TOTAL 9.2265e-01 (9.5522e-01)
Epoch: [16][380/496]	L_Src_Sup 2.5735e-01 (2.5140e-01)	L_Trg_Inj 3.2609e-01 (3.6217e-01)	Loss Disc 6.5324e-01 (6.5116e-01)	Loss Pred 5.5384e-01 (5.6167e-01)	Loss TOTAL 9.3880e-01 (9.5563e-01)
Epoch: [16][390/496]	L_Src_Sup 2.9139e-01 (2.5125e-01)	L_Trg_Inj 2.7363e-01 (3.6117e-01)	Loss Disc 6.4713e-01 (6.5112e-01)	Loss Pred 5.8034e-01 (5.6185e-01)	Loss TOTAL 9.7817e-01 (9.5583e-01)
Epoch: [16][400/496]	L_Src_Sup 2.7107e-01 (2.5157e-01)	L_Trg_Inj 1.9305e-01 (3.6009e-01)	Loss Disc 6.4586e-01 (6.5115e-01)	Loss Pred 5.8049e-01 (5.6174e-01)	Loss TOTAL 1.0279e+00 (9.5585e-01)
Epoch: [16][410/496]	L_Src_Sup 2.4224e-01 (2.5174e-01)	L_Trg_Inj 5.5603e-01 (3.6175e-01)	Loss Disc 6.5917e-01 (6.5119e-01)	Loss Pred 5.3227e-01 (5.6156e-01)	Loss TOTAL 9.4168e-01 (9.5584e-01)
Epoch: [16][420/496]	L_Src_Sup 1.2048e-01 (2.5121e-01)	L_Trg_Inj 3.4372e-01 (3.6238e-01)	Loss Disc 6.2661e-01 (6.5097e-01)	Loss Pred 6.4889e-01 (5.6233e-01)	Loss TOTAL 1.0086e+00 (9.5648e-01)
Epoch: [16][430/496]	L_Src_Sup 2.8867e-01 (2.4990e-01)	L_Trg_Inj 2.4998e-01 (3.6053e-01)	Loss Disc 6.4733e-01 (6.5101e-01)	Loss Pred 5.7500e-01 (5.6226e-01)	Loss TOTAL 9.9122e-01 (9.5602e-01)
Epoch: [16][440/496]	L_Src_Sup 1.4028e-01 (2.4931e-01)	L_Trg_Inj 2.9125e-01 (3.5863e-01)	Loss Disc 6.5178e-01 (6.5096e-01)	Loss Pred 5.5936e-01 (5.6243e-01)	Loss TOTAL 9.2840e-01 (9.5625e-01)
Epoch: [16][450/496]	L_Src_Sup 2.2348e-01 (2.4926e-01)	L_Trg_Inj 2.8064e-01 (3.5781e-01)	Loss Disc 6.4884e-01 (6.5100e-01)	Loss Pred 5.6981e-01 (5.6229e-01)	Loss TOTAL 9.4464e-01 (9.5636e-01)
Epoch: [16][460/496]	L_Src_Sup 2.8269e-01 (2.4929e-01)	L_Trg_Inj 3.4001e-01 (3.5683e-01)	Loss Disc 6.4637e-01 (6.5098e-01)	Loss Pred 5.7922e-01 (5.6236e-01)	Loss TOTAL 9.6468e-01 (9.5644e-01)
Epoch: [16][470/496]	L_Src_Sup 2.1386e-01 (2.4930e-01)	L_Trg_Inj 2.9644e-01 (3.5604e-01)	Loss Disc 6.5214e-01 (6.5102e-01)	Loss Pred 5.5785e-01 (5.6224e-01)	Loss TOTAL 9.3495e-01 (9.5610e-01)
Epoch: [16][480/496]	L_Src_Sup 1.9232e-01 (2.4850e-01)	L_Trg_Inj 1.8749e-01 (3.5374e-01)	Loss Disc 6.5770e-01 (6.5098e-01)	Loss Pred 5.3892e-01 (5.6239e-01)	Loss TOTAL 9.1058e-01 (9.5586e-01)
Epoch: [16][490/496]	L_Src_Sup 1.3464e-01 (2.4828e-01)	L_Trg_Inj 3.3312e-01 (3.5206e-01)	Loss Disc 6.5770e-01 (6.5104e-01)	Loss Pred 5.3774e-01 (5.6220e-01)	Loss TOTAL 9.1337e-01 (9.5594e-01)
Epoch: [16][496/496]	L_Src_Sup 2.7084e-01 (2.4835e-01)	L_Trg_Inj 4.7087e-01 (3.5226e-01)	Loss Disc 6.4591e-01 (6.5109e-01)	Loss Pred 5.8082e-01 (5.6200e-01)	Loss TOTAL 9.7794e-01 (9.5580e-01)
Epoch 16 complete. Saving model state...
Epoch: [17][ 10/496]	L_Src_Sup 3.3574e-01 (2.6607e-01)	L_Trg_Inj 4.1510e-01 (4.2165e-01)	Loss Disc 6.4339e-01 (6.5080e-01)	Loss Pred 5.9118e-01 (5.6287e-01)	Loss TOTAL 9.8795e-01 (9.5704e-01)
Epoch: [17][ 20/496]	L_Src_Sup 2.3913e-01 (2.3917e-01)	L_Trg_Inj 3.4375e-01 (3.7388e-01)	Loss Disc 6.3994e-01 (6.4907e-01)	Loss Pred 6.0216e-01 (5.6908e-01)	Loss TOTAL 9.8042e-01 (9.5492e-01)
Epoch: [17][ 30/496]	L_Src_Sup 2.1521e-01 (2.5755e-01)	L_Trg_Inj 4.4309e-01 (3.7951e-01)	Loss Disc 6.5327e-01 (6.4975e-01)	Loss Pred 5.5377e-01 (5.6739e-01)	Loss TOTAL 9.4624e-01 (9.6193e-01)
Epoch: [17][ 40/496]	L_Src_Sup 2.8222e-01 (2.6027e-01)	L_Trg_Inj 2.8070e-01 (3.8688e-01)	Loss Disc 6.7100e-01 (6.5144e-01)	Loss Pred 4.8855e-01 (5.6098e-01)	Loss TOTAL 8.8185e-01 (9.5593e-01)
Epoch: [17][ 50/496]	L_Src_Sup 3.7390e-01 (2.6750e-01)	L_Trg_Inj 4.7719e-01 (3.8439e-01)	Loss Disc 6.6066e-01 (6.5184e-01)	Loss Pred 5.2604e-01 (5.5939e-01)	Loss TOTAL 9.4148e-01 (9.5504e-01)
Epoch: [17][ 60/496]	L_Src_Sup 1.3084e-01 (2.6074e-01)	L_Trg_Inj 3.7048e-01 (3.8711e-01)	Loss Disc 6.6213e-01 (6.5208e-01)	Loss Pred 5.2021e-01 (5.5838e-01)	Loss TOTAL 9.0141e-01 (9.5299e-01)
Epoch: [17][ 70/496]	L_Src_Sup 2.9167e-01 (2.5863e-01)	L_Trg_Inj 3.4466e-01 (3.8632e-01)	Loss Disc 6.4587e-01 (6.5148e-01)	Loss Pred 5.8108e-01 (5.6058e-01)	Loss TOTAL 9.6765e-01 (9.5407e-01)
Epoch: [17][ 80/496]	L_Src_Sup 1.7144e-01 (2.5754e-01)	L_Trg_Inj 3.2811e-01 (3.7771e-01)	Loss Disc 6.5917e-01 (6.5142e-01)	Loss Pred 5.3163e-01 (5.6073e-01)	Loss TOTAL 9.1117e-01 (9.5416e-01)
Epoch: [17][ 90/496]	L_Src_Sup 2.1156e-01 (2.5470e-01)	L_Trg_Inj 2.3434e-01 (3.6683e-01)	Loss Disc 6.5768e-01 (6.5108e-01)	Loss Pred 5.3738e-01 (5.6196e-01)	Loss TOTAL 9.1082e-01 (9.5353e-01)
Epoch: [17][100/496]	L_Src_Sup 2.3775e-01 (2.5669e-01)	L_Trg_Inj 4.0323e-01 (3.6572e-01)	Loss Disc 6.5328e-01 (6.5129e-01)	Loss Pred 5.5356e-01 (5.6118e-01)	Loss TOTAL 9.4430e-01 (9.5439e-01)
Epoch: [17][110/496]	L_Src_Sup 3.0477e-01 (2.5372e-01)	L_Trg_Inj 3.6486e-01 (3.6443e-01)	Loss Disc 6.5917e-01 (6.5134e-01)	Loss Pred 5.3168e-01 (5.6103e-01)	Loss TOTAL 9.2822e-01 (9.5337e-01)
Epoch: [17][120/496]	L_Src_Sup 1.9638e-01 (2.5277e-01)	L_Trg_Inj 2.4999e-01 (3.5813e-01)	Loss Disc 6.6360e-01 (6.5162e-01)	Loss Pred 5.1477e-01 (5.5995e-01)	Loss TOTAL 8.9121e-01 (9.5190e-01)
Epoch: [17][130/496]	L_Src_Sup 2.1053e-01 (2.5040e-01)	L_Trg_Inj 2.9672e-01 (3.5262e-01)	Loss Disc 6.4444e-01 (6.5164e-01)	Loss Pred 5.8697e-01 (5.5992e-01)	Loss TOTAL 9.5991e-01 (9.5115e-01)
Epoch: [17][140/496]	L_Src_Sup 1.8035e-01 (2.4823e-01)	L_Trg_Inj 4.1033e-01 (3.4977e-01)	Loss Disc 6.5210e-01 (6.5168e-01)	Loss Pred 5.5913e-01 (5.5999e-01)	Loss TOTAL 9.4424e-01 (9.5075e-01)
Epoch: [17][150/496]	L_Src_Sup 2.7142e-01 (2.4698e-01)	L_Trg_Inj 2.3364e-01 (3.4468e-01)	Loss Disc 6.5915e-01 (6.5166e-01)	Loss Pred 5.3127e-01 (5.6004e-01)	Loss TOTAL 9.4913e-01 (9.5055e-01)
Epoch: [17][160/496]	L_Src_Sup 1.9609e-01 (2.4696e-01)	L_Trg_Inj 3.2974e-01 (3.4029e-01)	Loss Disc 6.5472e-01 (6.5153e-01)	Loss Pred 5.4799e-01 (5.6050e-01)	Loss TOTAL 9.2794e-01 (9.5129e-01)
Epoch: [17][170/496]	L_Src_Sup 3.3333e-01 (2.5074e-01)	L_Trg_Inj 3.5937e-01 (3.4237e-01)	Loss Disc 6.3698e-01 (6.5124e-01)	Loss Pred 6.1388e-01 (5.6155e-01)	Loss TOTAL 1.0016e+00 (9.5316e-01)
Epoch: [17][180/496]	L_Src_Sup 2.6799e-01 (2.5160e-01)	L_Trg_Inj 4.9939e-01 (3.4649e-01)	Loss Disc 6.4736e-01 (6.5115e-01)	Loss Pred 5.7534e-01 (5.6183e-01)	Loss TOTAL 9.7575e-01 (9.5364e-01)
Epoch: [17][190/496]	L_Src_Sup 2.9167e-01 (2.5178e-01)	L_Trg_Inj 4.1329e-01 (3.4942e-01)	Loss Disc 6.4588e-01 (6.5118e-01)	Loss Pred 5.8081e-01 (5.6169e-01)	Loss TOTAL 9.7424e-01 (9.5349e-01)
Epoch: [17][200/496]	L_Src_Sup 1.2000e-01 (2.4959e-01)	L_Trg_Inj 3.7317e-01 (3.4993e-01)	Loss Disc 6.5178e-01 (6.5130e-01)	Loss Pred 5.5902e-01 (5.6123e-01)	Loss TOTAL 9.3422e-01 (9.5262e-01)
Epoch: [17][210/496]	L_Src_Sup 2.2286e-01 (2.4899e-01)	L_Trg_Inj 2.3437e-01 (3.4861e-01)	Loss Disc 6.5564e-01 (6.5135e-01)	Loss Pred 5.4658e-01 (5.6106e-01)	Loss TOTAL 9.2012e-01 (9.5309e-01)
Epoch: [17][220/496]	L_Src_Sup 1.4286e-01 (2.4775e-01)	L_Trg_Inj 3.1239e-01 (3.4988e-01)	Loss Disc 6.4883e-01 (6.5137e-01)	Loss Pred 5.7004e-01 (5.6098e-01)	Loss TOTAL 9.3998e-01 (9.5273e-01)
Epoch: [17][230/496]	L_Src_Sup 1.7168e-01 (2.4664e-01)	L_Trg_Inj 3.3296e-01 (3.5079e-01)	Loss Disc 6.5827e-01 (6.5128e-01)	Loss Pred 5.3715e-01 (5.6131e-01)	Loss TOTAL 9.1675e-01 (9.5272e-01)
Epoch: [17][240/496]	L_Src_Sup 1.9609e-01 (2.4676e-01)	L_Trg_Inj 3.6256e-01 (3.5121e-01)	Loss Disc 6.5473e-01 (6.5126e-01)	Loss Pred 5.4810e-01 (5.6138e-01)	Loss TOTAL 9.3133e-01 (9.5259e-01)
Epoch: [17][250/496]	L_Src_Sup 2.1563e-01 (2.4595e-01)	L_Trg_Inj 2.0295e-01 (3.4908e-01)	Loss Disc 6.5473e-01 (6.5123e-01)	Loss Pred 5.4818e-01 (5.6148e-01)	Loss TOTAL 9.3008e-01 (9.5244e-01)
Epoch: [17][260/496]	L_Src_Sup 2.4465e-01 (2.4586e-01)	L_Trg_Inj 4.2143e-01 (3.4877e-01)	Loss Disc 6.4879e-01 (6.5102e-01)	Loss Pred 5.6983e-01 (5.6224e-01)	Loss TOTAL 9.6083e-01 (9.5290e-01)
Epoch: [17][270/496]	L_Src_Sup 1.8750e-01 (2.4566e-01)	L_Trg_Inj 3.5937e-01 (3.4968e-01)	Loss Disc 6.4585e-01 (6.5100e-01)	Loss Pred 5.8059e-01 (5.6228e-01)	Loss TOTAL 9.5820e-01 (9.5279e-01)
Epoch: [17][280/496]	L_Src_Sup 3.3324e-01 (2.4529e-01)	L_Trg_Inj 2.3433e-01 (3.4764e-01)	Loss Disc 6.5478e-01 (6.5098e-01)	Loss Pred 5.4844e-01 (5.6242e-01)	Loss TOTAL 1.0315e+00 (9.5283e-01)
Epoch: [17][290/496]	L_Src_Sup 3.0309e-01 (2.4557e-01)	L_Trg_Inj 3.0974e-01 (3.4630e-01)	Loss Disc 6.5032e-01 (6.5110e-01)	Loss Pred 5.6453e-01 (5.6200e-01)	Loss TOTAL 9.5097e-01 (9.5242e-01)
Epoch: [17][300/496]	L_Src_Sup 2.1509e-01 (2.4443e-01)	L_Trg_Inj 3.4360e-01 (3.4474e-01)	Loss Disc 6.4145e-01 (6.5112e-01)	Loss Pred 5.9747e-01 (5.6189e-01)	Loss TOTAL 9.7406e-01 (9.5199e-01)
Epoch: [17][310/496]	L_Src_Sup 1.8182e-01 (2.4397e-01)	L_Trg_Inj 3.4043e-01 (3.4348e-01)	Loss Disc 6.5032e-01 (6.5117e-01)	Loss Pred 5.6450e-01 (5.6171e-01)	Loss TOTAL 9.4189e-01 (9.5188e-01)
Epoch: [17][320/496]	L_Src_Sup 2.9092e-01 (2.4393e-01)	L_Trg_Inj 2.3372e-01 (3.4222e-01)	Loss Disc 6.6655e-01 (6.5118e-01)	Loss Pred 5.0441e-01 (5.6168e-01)	Loss TOTAL 9.4734e-01 (9.5179e-01)
Epoch: [17][330/496]	L_Src_Sup 2.8038e-01 (2.4337e-01)	L_Trg_Inj 2.7368e-01 (3.4019e-01)	Loss Disc 6.6214e-01 (6.5133e-01)	Loss Pred 5.2029e-01 (5.6111e-01)	Loss TOTAL 9.1347e-01 (9.5118e-01)
Epoch: [17][340/496]	L_Src_Sup 3.8664e-01 (2.4467e-01)	L_Trg_Inj 5.3124e-01 (3.4080e-01)	Loss Disc 6.4143e-01 (6.5130e-01)	Loss Pred 5.9809e-01 (5.6122e-01)	Loss TOTAL 1.0106e+00 (9.5161e-01)
Epoch: [17][350/496]	L_Src_Sup 1.7180e-01 (2.4496e-01)	L_Trg_Inj 3.4361e-01 (3.4316e-01)	Loss Disc 6.4144e-01 (6.5129e-01)	Loss Pred 5.9813e-01 (5.6124e-01)	Loss TOTAL 9.7039e-01 (9.5172e-01)
Epoch: [17][360/496]	L_Src_Sup 1.9566e-01 (2.4494e-01)	L_Trg_Inj 3.3670e-01 (3.4302e-01)	Loss Disc 6.4050e-01 (6.5124e-01)	Loss Pred 6.0334e-01 (5.6142e-01)	Loss TOTAL 9.7682e-01 (9.5182e-01)
Epoch: [17][370/496]	L_Src_Sup 3.7501e-01 (2.4567e-01)	L_Trg_Inj 3.3682e-01 (3.4155e-01)	Loss Disc 6.4584e-01 (6.5118e-01)	Loss Pred 5.8097e-01 (5.6167e-01)	Loss TOTAL 1.0133e+00 (9.5222e-01)
Epoch: [17][380/496]	L_Src_Sup 3.2615e-01 (2.4598e-01)	L_Trg_Inj 4.3113e-01 (3.4390e-01)	Loss Disc 6.5767e-01 (6.5114e-01)	Loss Pred 5.3733e-01 (5.6181e-01)	Loss TOTAL 9.4189e-01 (9.5244e-01)
Epoch: [17][390/496]	L_Src_Sup 1.9147e-01 (2.4651e-01)	L_Trg_Inj 5.4017e-01 (3.4598e-01)	Loss Disc 6.4589e-01 (6.5119e-01)	Loss Pred 5.8098e-01 (5.6163e-01)	Loss TOTAL 9.7709e-01 (9.5239e-01)
Epoch: [17][400/496]	L_Src_Sup 1.5273e-01 (2.4609e-01)	L_Trg_Inj 3.3922e-01 (3.4662e-01)	Loss Disc 6.5919e-01 (6.5114e-01)	Loss Pred 5.3054e-01 (5.6178e-01)	Loss TOTAL 9.0933e-01 (9.5253e-01)
Epoch: [17][410/496]	L_Src_Sup 1.8182e-01 (2.4538e-01)	L_Trg_Inj 3.1511e-01 (3.4623e-01)	Loss Disc 6.5029e-01 (6.5111e-01)	Loss Pred 5.6450e-01 (5.6188e-01)	Loss TOTAL 9.3934e-01 (9.5237e-01)
Epoch: [17][420/496]	L_Src_Sup 3.1872e-01 (2.4509e-01)	L_Trg_Inj 2.9740e-01 (3.4515e-01)	Loss Disc 6.5177e-01 (6.5103e-01)	Loss Pred 5.5916e-01 (5.6221e-01)	Loss TOTAL 9.6798e-01 (9.5255e-01)
Epoch: [17][430/496]	L_Src_Sup 3.2261e-01 (2.4468e-01)	L_Trg_Inj 2.3769e-01 (3.4335e-01)	Loss Disc 6.4155e-01 (6.5098e-01)	Loss Pred 5.9657e-01 (5.6240e-01)	Loss TOTAL 1.0583e+00 (9.5287e-01)
Epoch: [17][440/496]	L_Src_Sup 2.2001e-01 (2.4440e-01)	L_Trg_Inj 2.7198e-01 (3.4230e-01)	Loss Disc 6.5178e-01 (6.5102e-01)	Loss Pred 5.5913e-01 (5.6231e-01)	Loss TOTAL 9.3422e-01 (9.5302e-01)
Epoch: [17][450/496]	L_Src_Sup 1.6001e-01 (2.4344e-01)	L_Trg_Inj 1.5611e-01 (3.4038e-01)	Loss Disc 6.5179e-01 (6.5109e-01)	Loss Pred 5.5947e-01 (5.6205e-01)	Loss TOTAL 9.2088e-01 (9.5274e-01)
Epoch: [17][460/496]	L_Src_Sup 2.6531e-01 (2.4309e-01)	L_Trg_Inj 2.0312e-01 (3.3832e-01)	Loss Disc 6.4882e-01 (6.5105e-01)	Loss Pred 5.6991e-01 (5.6218e-01)	Loss TOTAL 1.0034e+00 (9.5267e-01)
Epoch: [17][470/496]	L_Src_Sup 1.7463e-01 (2.4362e-01)	L_Trg_Inj 4.0160e-01 (3.3840e-01)	Loss Disc 6.6065e-01 (6.5110e-01)	Loss Pred 5.2655e-01 (5.6199e-01)	Loss TOTAL 9.1449e-01 (9.5331e-01)
Epoch: [17][480/496]	L_Src_Sup 3.4951e-01 (2.4428e-01)	L_Trg_Inj 3.9061e-01 (3.3877e-01)	Loss Disc 6.5620e-01 (6.5110e-01)	Loss Pred 5.4270e-01 (5.6199e-01)	Loss TOTAL 9.4481e-01 (9.5328e-01)
Epoch: [17][490/496]	L_Src_Sup 2.6027e-01 (2.4469e-01)	L_Trg_Inj 4.0524e-01 (3.3866e-01)	Loss Disc 6.5177e-01 (6.5110e-01)	Loss Pred 5.5904e-01 (5.6196e-01)	Loss TOTAL 9.5147e-01 (9.5343e-01)
Epoch: [17][496/496]	L_Src_Sup 3.1749e-01 (2.4490e-01)	L_Trg_Inj 4.5310e-01 (3.3887e-01)	Loss Disc 6.4587e-01 (6.5109e-01)	Loss Pred 5.8144e-01 (5.6202e-01)	Loss TOTAL 9.8144e-01 (9.5372e-01)
Epoch 17 complete. Saving model state...
Epoch: [18][ 10/496]	L_Src_Sup 2.9138e-01 (3.0494e-01)	L_Trg_Inj 3.2583e-01 (4.8485e-01)	Loss Disc 6.5621e-01 (6.5059e-01)	Loss Pred 5.4278e-01 (5.6344e-01)	Loss TOTAL 9.3261e-01 (9.6772e-01)
Epoch: [18][ 20/496]	L_Src_Sup 2.8572e-01 (2.7888e-01)	L_Trg_Inj 5.5135e-01 (4.7668e-01)	Loss Disc 6.4882e-01 (6.4896e-01)	Loss Pred 5.6985e-01 (5.6934e-01)	Loss TOTAL 9.7797e-01 (9.6937e-01)
Epoch: [18][ 30/496]	L_Src_Sup 2.9079e-01 (2.7867e-01)	L_Trg_Inj 3.8660e-01 (4.5362e-01)	Loss Disc 6.4587e-01 (6.5040e-01)	Loss Pred 5.8080e-01 (5.6415e-01)	Loss TOTAL 9.7148e-01 (9.6258e-01)
Epoch: [18][ 40/496]	L_Src_Sup 2.5247e-01 (2.6723e-01)	L_Trg_Inj 3.8067e-01 (4.3195e-01)	Loss Disc 6.5621e-01 (6.5074e-01)	Loss Pred 5.4278e-01 (5.6293e-01)	Loss TOTAL 9.3420e-01 (9.5914e-01)
Epoch: [18][ 50/496]	L_Src_Sup 2.7415e-01 (2.6695e-01)	L_Trg_Inj 3.6740e-01 (4.2873e-01)	Loss Disc 6.5472e-01 (6.5078e-01)	Loss Pred 5.4816e-01 (5.6281e-01)	Loss TOTAL 9.3967e-01 (9.5851e-01)
Epoch: [18][ 60/496]	L_Src_Sup 2.1154e-01 (2.6636e-01)	L_Trg_Inj 2.4449e-01 (4.1547e-01)	Loss Disc 6.5768e-01 (6.5079e-01)	Loss Pred 5.3735e-01 (5.6273e-01)	Loss TOTAL 9.1179e-01 (9.5736e-01)
Epoch: [18][ 70/496]	L_Src_Sup 1.6161e-01 (2.6256e-01)	L_Trg_Inj 3.4374e-01 (4.0488e-01)	Loss Disc 6.5030e-01 (6.5096e-01)	Loss Pred 5.6449e-01 (5.6213e-01)	Loss TOTAL 9.4018e-01 (9.5574e-01)
Epoch: [18][ 80/496]	L_Src_Sup 3.2444e-01 (2.5752e-01)	L_Trg_Inj 3.5755e-01 (3.9140e-01)	Loss Disc 6.6802e-01 (6.5113e-01)	Loss Pred 4.9906e-01 (5.6149e-01)	Loss TOTAL 9.0127e-01 (9.5392e-01)
Epoch: [18][ 90/496]	L_Src_Sup 2.2860e-01 (2.5259e-01)	L_Trg_Inj 2.6524e-01 (3.7605e-01)	Loss Disc 6.5917e-01 (6.5124e-01)	Loss Pred 5.3162e-01 (5.6110e-01)	Loss TOTAL 9.1058e-01 (9.5257e-01)
Epoch: [18][100/496]	L_Src_Sup 2.5135e-01 (2.4762e-01)	L_Trg_Inj 2.4899e-01 (3.7112e-01)	Loss Disc 6.5474e-01 (6.5101e-01)	Loss Pred 5.7286e-01 (5.6217e-01)	Loss TOTAL 9.5262e-01 (9.5275e-01)
Epoch: [18][110/496]	L_Src_Sup 2.3155e-01 (2.4421e-01)	L_Trg_Inj 3.1249e-01 (3.6307e-01)	Loss Disc 6.4442e-01 (6.5087e-01)	Loss Pred 5.8624e-01 (5.6267e-01)	Loss TOTAL 9.6285e-01 (9.5266e-01)
Epoch: [18][120/496]	L_Src_Sup 2.9707e-01 (2.4504e-01)	L_Trg_Inj 2.7843e-01 (3.5886e-01)	Loss Disc 6.5327e-01 (6.5123e-01)	Loss Pred 5.5350e-01 (5.6132e-01)	Loss TOTAL 9.5634e-01 (9.5142e-01)
Epoch: [18][130/496]	L_Src_Sup 3.2000e-01 (2.4618e-01)	L_Trg_Inj 3.7707e-01 (3.5747e-01)	Loss Disc 6.5177e-01 (6.5121e-01)	Loss Pred 5.5901e-01 (5.6140e-01)	Loss TOTAL 9.5460e-01 (9.5150e-01)
Epoch: [18][140/496]	L_Src_Sup 2.6518e-01 (2.4750e-01)	L_Trg_Inj 2.3437e-01 (3.5661e-01)	Loss Disc 6.4881e-01 (6.5110e-01)	Loss Pred 5.7001e-01 (5.6178e-01)	Loss TOTAL 9.7519e-01 (9.5205e-01)
Epoch: [18][150/496]	L_Src_Sup 3.2324e-01 (2.4852e-01)	L_Trg_Inj 3.7169e-01 (3.5190e-01)	Loss Disc 6.3353e-01 (6.5060e-01)	Loss Pred 6.2626e-01 (5.6446e-01)	Loss TOTAL 1.0125e+00 (9.5549e-01)
Epoch: [18][160/496]	L_Src_Sup 2.4756e-01 (2.4900e-01)	L_Trg_Inj 4.2140e-01 (3.5079e-01)	Loss Disc 6.4726e-01 (6.5056e-01)	Loss Pred 5.7591e-01 (5.6453e-01)	Loss TOTAL 9.6644e-01 (9.5647e-01)
Epoch: [18][170/496]	L_Src_Sup 2.6266e-01 (2.4781e-01)	L_Trg_Inj 3.2807e-01 (3.5064e-01)	Loss Disc 6.5025e-01 (6.5035e-01)	Loss Pred 5.6453e-01 (5.6523e-01)	Loss TOTAL 9.4873e-01 (9.5671e-01)
Epoch: [18][180/496]	L_Src_Sup 2.3627e-01 (2.4760e-01)	L_Trg_Inj 4.2112e-01 (3.5108e-01)	Loss Disc 6.5915e-01 (6.5057e-01)	Loss Pred 5.3172e-01 (5.6439e-01)	Loss TOTAL 9.2703e-01 (9.5572e-01)
Epoch: [18][190/496]	L_Src_Sup 2.7084e-01 (2.4710e-01)	L_Trg_Inj 3.7530e-01 (3.5181e-01)	Loss Disc 6.4586e-01 (6.5056e-01)	Loss Pred 5.8092e-01 (5.6440e-01)	Loss TOTAL 9.6846e-01 (9.5542e-01)
Epoch: [18][200/496]	L_Src_Sup 2.0954e-01 (2.4648e-01)	L_Trg_Inj 4.7591e-01 (3.5201e-01)	Loss Disc 6.5916e-01 (6.5055e-01)	Loss Pred 5.3186e-01 (5.6437e-01)	Loss TOTAL 9.2999e-01 (9.5513e-01)
Epoch: [18][210/496]	L_Src_Sup 2.1373e-01 (2.4604e-01)	L_Trg_Inj 3.7419e-01 (3.5153e-01)	Loss Disc 6.4439e-01 (6.5054e-01)	Loss Pred 5.8627e-01 (5.6438e-01)	Loss TOTAL 9.6726e-01 (9.5514e-01)
Epoch: [18][220/496]	L_Src_Sup 2.8866e-01 (2.4584e-01)	L_Trg_Inj 3.8863e-01 (3.5102e-01)	Loss Disc 6.4734e-01 (6.5043e-01)	Loss Pred 5.7527e-01 (5.6477e-01)	Loss TOTAL 9.6666e-01 (9.5547e-01)
Epoch: [18][230/496]	L_Src_Sup 2.2222e-01 (2.4471e-01)	L_Trg_Inj 3.0554e-01 (3.4825e-01)	Loss Disc 6.5030e-01 (6.5043e-01)	Loss Pred 5.6446e-01 (5.6471e-01)	Loss TOTAL 9.4239e-01 (9.5515e-01)
Epoch: [18][240/496]	L_Src_Sup 1.8019e-01 (2.4395e-01)	L_Trg_Inj 4.2018e-01 (3.4663e-01)	Loss Disc 6.6656e-01 (6.5056e-01)	Loss Pred 5.0376e-01 (5.6422e-01)	Loss TOTAL 8.9707e-01 (9.5509e-01)
Epoch: [18][250/496]	L_Src_Sup 2.7184e-01 (2.4492e-01)	L_Trg_Inj 1.7681e-01 (3.4517e-01)	Loss Disc 6.5623e-01 (6.5074e-01)	Loss Pred 5.4243e-01 (5.6351e-01)	Loss TOTAL 1.0104e+00 (9.5455e-01)
Epoch: [18][260/496]	L_Src_Sup 1.3715e-01 (2.4473e-01)	L_Trg_Inj 4.2440e-01 (3.4539e-01)	Loss Disc 6.5475e-01 (6.5084e-01)	Loss Pred 5.4789e-01 (5.6313e-01)	Loss TOTAL 9.3141e-01 (9.5407e-01)
Epoch: [18][270/496]	L_Src_Sup 2.9214e-01 (2.4457e-01)	L_Trg_Inj 2.8044e-01 (3.4336e-01)	Loss Disc 6.3555e-01 (6.5085e-01)	Loss Pred 6.2053e-01 (5.6308e-01)	Loss TOTAL 1.0073e+00 (9.5380e-01)
Epoch: [18][280/496]	L_Src_Sup 3.6559e-01 (2.4507e-01)	L_Trg_Inj 2.4998e-01 (3.4142e-01)	Loss Disc 6.4143e-01 (6.5079e-01)	Loss Pred 5.9778e-01 (5.6331e-01)	Loss TOTAL 1.0957e+00 (9.5448e-01)
Epoch: [18][290/496]	L_Src_Sup 2.7451e-01 (2.4556e-01)	L_Trg_Inj 3.2680e-01 (3.3987e-01)	Loss Disc 6.5474e-01 (6.5085e-01)	Loss Pred 5.4809e-01 (5.6304e-01)	Loss TOTAL 9.3559e-01 (9.5435e-01)
Epoch: [18][300/496]	L_Src_Sup 1.9802e-01 (2.4457e-01)	L_Trg_Inj 3.5640e-01 (3.3965e-01)	Loss Disc 6.5325e-01 (6.5072e-01)	Loss Pred 5.5358e-01 (5.6349e-01)	Loss TOTAL 9.3565e-01 (9.5437e-01)
Epoch: [18][310/496]	L_Src_Sup 1.4257e-01 (2.4476e-01)	L_Trg_Inj 4.2156e-01 (3.3923e-01)	Loss Disc 6.4436e-01 (6.5076e-01)	Loss Pred 5.8269e-01 (5.6331e-01)	Loss TOTAL 9.6128e-01 (9.5436e-01)
Epoch: [18][320/496]	L_Src_Sup 1.5094e-01 (2.4506e-01)	L_Trg_Inj 2.6562e-01 (3.4029e-01)	Loss Disc 6.6064e-01 (6.5091e-01)	Loss Pred 5.2570e-01 (5.6274e-01)	Loss TOTAL 8.9767e-01 (9.5389e-01)
Epoch: [18][330/496]	L_Src_Sup 3.2000e-01 (2.4470e-01)	L_Trg_Inj 3.3223e-01 (3.3984e-01)	Loss Disc 6.5178e-01 (6.5097e-01)	Loss Pred 5.5899e-01 (5.6251e-01)	Loss TOTAL 9.5010e-01 (9.5353e-01)
Epoch: [18][340/496]	L_Src_Sup 2.1013e-01 (2.4534e-01)	L_Trg_Inj 4.8434e-01 (3.4306e-01)	Loss Disc 6.5939e-01 (6.5103e-01)	Loss Pred 5.2951e-01 (5.6228e-01)	Loss TOTAL 9.2865e-01 (9.5357e-01)
Epoch: [18][350/496]	L_Src_Sup 4.1671e-01 (2.4660e-01)	L_Trg_Inj 4.2184e-01 (3.4628e-01)	Loss Disc 6.4585e-01 (6.5097e-01)	Loss Pred 5.8146e-01 (5.6249e-01)	Loss TOTAL 9.8824e-01 (9.5400e-01)
Epoch: [18][360/496]	L_Src_Sup 1.6879e-01 (2.4796e-01)	L_Trg_Inj 2.9350e-01 (3.4771e-01)	Loss Disc 6.6213e-01 (6.5112e-01)	Loss Pred 5.1942e-01 (5.6191e-01)	Loss TOTAL 8.9672e-01 (9.5388e-01)
Epoch: [18][370/496]	L_Src_Sup 2.1575e-01 (2.4805e-01)	L_Trg_Inj 3.9057e-01 (3.4904e-01)	Loss Disc 6.5473e-01 (6.5108e-01)	Loss Pred 5.4778e-01 (5.6205e-01)	Loss TOTAL 9.3577e-01 (9.5401e-01)
Epoch: [18][380/496]	L_Src_Sup 2.2992e-01 (2.4727e-01)	L_Trg_Inj 2.6561e-01 (3.4790e-01)	Loss Disc 6.3258e-01 (6.5105e-01)	Loss Pred 6.3264e-01 (5.6214e-01)	Loss TOTAL 9.9848e-01 (9.5381e-01)
Epoch: [18][390/496]	L_Src_Sup 2.6044e-01 (2.4661e-01)	L_Trg_Inj 5.4658e-01 (3.4799e-01)	Loss Disc 6.5029e-01 (6.5096e-01)	Loss Pred 5.6453e-01 (5.6249e-01)	Loss TOTAL 9.7038e-01 (9.5405e-01)
Epoch: [18][400/496]	L_Src_Sup 3.3664e-01 (2.4713e-01)	L_Trg_Inj 3.1332e-01 (3.4873e-01)	Loss Disc 6.5326e-01 (6.5100e-01)	Loss Pred 5.5347e-01 (5.6233e-01)	Loss TOTAL 9.6841e-01 (9.5395e-01)
Epoch: [18][410/496]	L_Src_Sup 2.6669e-01 (2.4741e-01)	L_Trg_Inj 3.8862e-01 (3.4884e-01)	Loss Disc 6.5916e-01 (6.5099e-01)	Loss Pred 5.3133e-01 (5.6234e-01)	Loss TOTAL 9.2645e-01 (9.5406e-01)
Epoch: [18][420/496]	L_Src_Sup 1.5058e-01 (2.4790e-01)	L_Trg_Inj 3.2906e-01 (3.4886e-01)	Loss Disc 6.4146e-01 (6.5103e-01)	Loss Pred 5.9804e-01 (5.6221e-01)	Loss TOTAL 9.6673e-01 (9.5452e-01)
Epoch: [18][430/496]	L_Src_Sup 1.9803e-01 (2.4764e-01)	L_Trg_Inj 4.0612e-01 (3.4902e-01)	Loss Disc 6.5325e-01 (6.5095e-01)	Loss Pred 5.5353e-01 (5.6250e-01)	Loss TOTAL 9.4057e-01 (9.5496e-01)
Epoch: [18][440/496]	L_Src_Sup 2.3132e-01 (2.4755e-01)	L_Trg_Inj 3.6229e-01 (3.4760e-01)	Loss Disc 6.5325e-01 (6.5091e-01)	Loss Pred 5.5361e-01 (5.6264e-01)	Loss TOTAL 9.3959e-01 (9.5510e-01)
Epoch: [18][450/496]	L_Src_Sup 2.3768e-01 (2.4727e-01)	L_Trg_Inj 4.5312e-01 (3.4829e-01)	Loss Disc 6.5326e-01 (6.5095e-01)	Loss Pred 5.5352e-01 (5.6245e-01)	Loss TOTAL 9.4923e-01 (9.5504e-01)
Epoch: [18][460/496]	L_Src_Sup 2.1964e-01 (2.4690e-01)	L_Trg_Inj 4.6956e-01 (3.4910e-01)	Loss Disc 6.3850e-01 (6.5097e-01)	Loss Pred 6.0875e-01 (5.6239e-01)	Loss TOTAL 9.9692e-01 (9.5504e-01)
Epoch: [18][470/496]	L_Src_Sup 2.6806e-01 (2.4649e-01)	L_Trg_Inj 4.7676e-01 (3.4939e-01)	Loss Disc 6.4734e-01 (6.5086e-01)	Loss Pred 5.7543e-01 (5.6282e-01)	Loss TOTAL 9.7359e-01 (9.5535e-01)
Epoch: [18][480/496]	L_Src_Sup 1.4584e-01 (2.4720e-01)	L_Trg_Inj 4.5422e-01 (3.5144e-01)	Loss Disc 6.4587e-01 (6.5088e-01)	Loss Pred 5.8079e-01 (5.6277e-01)	Loss TOTAL 9.6373e-01 (9.5573e-01)
Epoch: [18][490/496]	L_Src_Sup 3.1039e-01 (2.4697e-01)	L_Trg_Inj 3.6092e-01 (3.5259e-01)	Loss Disc 6.5620e-01 (6.5084e-01)	Loss Pred 5.4299e-01 (5.6296e-01)	Loss TOTAL 9.3822e-01 (9.5584e-01)
Epoch: [18][496/496]	L_Src_Sup 2.8290e-01 (2.4753e-01)	L_Trg_Inj 3.7339e-01 (3.5290e-01)	Loss Disc 6.4883e-01 (6.5085e-01)	Loss Pred 5.6984e-01 (5.6292e-01)	Loss TOTAL 9.5988e-01 (9.5589e-01)
Epoch 18 complete. Saving model state...
Epoch: [19][ 10/496]	L_Src_Sup 2.3762e-01 (2.7002e-01)	L_Trg_Inj 3.0007e-01 (3.5365e-01)	Loss Disc 6.5326e-01 (6.5178e-01)	Loss Pred 5.5369e-01 (5.5910e-01)	Loss TOTAL 9.3409e-01 (9.5337e-01)
Epoch: [19][ 20/496]	L_Src_Sup 2.5002e-01 (2.4922e-01)	L_Trg_Inj 3.2453e-01 (3.3384e-01)	Loss Disc 6.4586e-01 (6.5256e-01)	Loss Pred 5.8097e-01 (5.5633e-01)	Loss TOTAL 9.6136e-01 (9.4930e-01)
Epoch: [19][ 30/496]	L_Src_Sup 2.8586e-01 (2.5104e-01)	L_Trg_Inj 2.4848e-01 (3.3695e-01)	Loss Disc 6.5029e-01 (6.5143e-01)	Loss Pred 5.6448e-01 (5.6049e-01)	Loss TOTAL 9.8044e-01 (9.5183e-01)
Epoch: [19][ 40/496]	L_Src_Sup 2.9242e-01 (2.4644e-01)	L_Trg_Inj 3.4770e-01 (3.2355e-01)	Loss Disc 6.3553e-01 (6.5111e-01)	Loss Pred 6.1884e-01 (5.6166e-01)	Loss TOTAL 1.0006e+00 (9.5175e-01)
Epoch: [19][ 50/496]	L_Src_Sup 2.6780e-01 (2.3953e-01)	L_Trg_Inj 4.2137e-01 (3.2162e-01)	Loss Disc 6.4733e-01 (6.5077e-01)	Loss Pred 5.7537e-01 (5.6301e-01)	Loss TOTAL 9.6795e-01 (9.5203e-01)
Epoch: [19][ 60/496]	L_Src_Sup 1.6162e-01 (2.3713e-01)	L_Trg_Inj 2.6560e-01 (3.2298e-01)	Loss Disc 6.5030e-01 (6.5061e-01)	Loss Pred 5.6448e-01 (5.6351e-01)	Loss TOTAL 9.3235e-01 (9.5119e-01)
Epoch: [19][ 70/496]	L_Src_Sup 1.9999e-01 (2.3771e-01)	L_Trg_Inj 2.7386e-01 (3.2026e-01)	Loss Disc 6.5178e-01 (6.5065e-01)	Loss Pred 5.5912e-01 (5.6332e-01)	Loss TOTAL 9.3239e-01 (9.5122e-01)
Epoch: [19][ 80/496]	L_Src_Sup 2.2918e-01 (2.3869e-01)	L_Trg_Inj 4.5253e-01 (3.2417e-01)	Loss Disc 6.4587e-01 (6.5063e-01)	Loss Pred 5.8053e-01 (5.6341e-01)	Loss TOTAL 9.7163e-01 (9.5197e-01)
Epoch: [19][ 90/496]	L_Src_Sup 2.2858e-01 (2.4074e-01)	L_Trg_Inj 3.4367e-01 (3.3055e-01)	Loss Disc 6.5916e-01 (6.5086e-01)	Loss Pred 5.3224e-01 (5.6256e-01)	Loss TOTAL 9.1905e-01 (9.5134e-01)
Epoch: [19][100/496]	L_Src_Sup 3.6029e-01 (2.4402e-01)	L_Trg_Inj 3.5084e-01 (3.3034e-01)	Loss Disc 6.4290e-01 (6.5060e-01)	Loss Pred 5.9135e-01 (5.6349e-01)	Loss TOTAL 9.9337e-01 (9.5193e-01)
Epoch: [19][110/496]	L_Src_Sup 1.4137e-01 (2.4189e-01)	L_Trg_Inj 2.1002e-01 (3.2925e-01)	Loss Disc 6.5029e-01 (6.5060e-01)	Loss Pred 5.6448e-01 (5.6349e-01)	Loss TOTAL 9.2476e-01 (9.5109e-01)
Epoch: [19][120/496]	L_Src_Sup 2.6251e-01 (2.4361e-01)	L_Trg_Inj 2.1719e-01 (3.2479e-01)	Loss Disc 6.5029e-01 (6.5049e-01)	Loss Pred 5.6455e-01 (5.6389e-01)	Loss TOTAL 9.8299e-01 (9.5276e-01)
Epoch: [19][130/496]	L_Src_Sup 4.6321e-01 (2.4361e-01)	L_Trg_Inj 3.6486e-01 (3.2376e-01)	Loss Disc 6.4438e-01 (6.5041e-01)	Loss Pred 5.8574e-01 (5.6418e-01)	Loss TOTAL 1.0891e+00 (9.5314e-01)
Epoch: [19][140/496]	L_Src_Sup 3.5409e-01 (2.4398e-01)	L_Trg_Inj 4.0625e-01 (3.2960e-01)	Loss Disc 6.4586e-01 (6.5022e-01)	Loss Pred 5.8026e-01 (5.6484e-01)	Loss TOTAL 9.7922e-01 (9.5408e-01)
Epoch: [19][150/496]	L_Src_Sup 1.3861e-01 (2.4366e-01)	L_Trg_Inj 4.2187e-01 (3.3386e-01)	Loss Disc 6.5323e-01 (6.5005e-01)	Loss Pred 5.5411e-01 (5.6545e-01)	Loss TOTAL 9.3677e-01 (9.5454e-01)
Epoch: [19][160/496]	L_Src_Sup 4.0698e-01 (2.4760e-01)	L_Trg_Inj 4.3551e-01 (3.3886e-01)	Loss Disc 6.4999e-01 (6.5016e-01)	Loss Pred 5.6971e-01 (5.6509e-01)	Loss TOTAL 9.7895e-01 (9.5498e-01)
Epoch: [19][170/496]	L_Src_Sup 2.5491e-01 (2.4999e-01)	L_Trg_Inj 4.2187e-01 (3.4261e-01)	Loss Disc 6.5474e-01 (6.5024e-01)	Loss Pred 5.4871e-01 (5.6480e-01)	Loss TOTAL 9.4375e-01 (9.5504e-01)
Epoch: [19][180/496]	L_Src_Sup 1.9551e-01 (2.5014e-01)	L_Trg_Inj 4.5311e-01 (3.4577e-01)	Loss Disc 6.4586e-01 (6.5019e-01)	Loss Pred 5.8025e-01 (5.6495e-01)	Loss TOTAL 9.6804e-01 (9.5517e-01)
Epoch: [19][190/496]	L_Src_Sup 2.5268e-01 (2.4979e-01)	L_Trg_Inj 3.9658e-01 (3.4758e-01)	Loss Disc 6.4437e-01 (6.5022e-01)	Loss Pred 5.8562e-01 (5.6487e-01)	Loss TOTAL 9.7273e-01 (9.5550e-01)
Epoch: [19][200/496]	L_Src_Sup 1.8184e-01 (2.4790e-01)	L_Trg_Inj 1.7062e-01 (3.4397e-01)	Loss Disc 6.5028e-01 (6.5014e-01)	Loss Pred 5.6450e-01 (5.6513e-01)	Loss TOTAL 9.3611e-01 (9.5565e-01)
Epoch: [19][210/496]	L_Src_Sup 3.6000e-01 (2.4831e-01)	L_Trg_Inj 2.3432e-01 (3.4046e-01)	Loss Disc 6.5179e-01 (6.5026e-01)	Loss Pred 5.5920e-01 (5.6470e-01)	Loss TOTAL 1.0702e+00 (9.5618e-01)
Epoch: [19][220/496]	L_Src_Sup 2.0415e-01 (2.4709e-01)	L_Trg_Inj 1.9343e-01 (3.3634e-01)	Loss Disc 6.4883e-01 (6.5041e-01)	Loss Pred 5.6987e-01 (5.6429e-01)	Loss TOTAL 9.4477e-01 (9.5579e-01)
Epoch: [19][230/496]	L_Src_Sup 1.6327e-01 (2.4745e-01)	L_Trg_Inj 2.8212e-01 (3.3594e-01)	Loss Disc 6.4881e-01 (6.5040e-01)	Loss Pred 5.6983e-01 (5.6430e-01)	Loss TOTAL 9.3878e-01 (9.5580e-01)
Epoch: [19][240/496]	L_Src_Sup 1.9026e-01 (2.4597e-01)	L_Trg_Inj 2.8070e-01 (3.3616e-01)	Loss Disc 6.5917e-01 (6.5048e-01)	Loss Pred 5.3227e-01 (5.6399e-01)	Loss TOTAL 9.0894e-01 (9.5508e-01)
Epoch: [19][250/496]	L_Src_Sup 2.0835e-01 (2.4651e-01)	L_Trg_Inj 2.9687e-01 (3.3433e-01)	Loss Disc 6.4586e-01 (6.5068e-01)	Loss Pred 5.8094e-01 (5.6329e-01)	Loss TOTAL 9.5439e-01 (9.5450e-01)
Epoch: [19][260/496]	L_Src_Sup 2.1569e-01 (2.4671e-01)	L_Trg_Inj 4.9339e-01 (3.3361e-01)	Loss Disc 6.5475e-01 (6.5069e-01)	Loss Pred 5.4812e-01 (5.6324e-01)	Loss TOTAL 9.4640e-01 (9.5454e-01)
Epoch: [19][270/496]	L_Src_Sup 2.6413e-01 (2.4692e-01)	L_Trg_Inj 3.5932e-01 (3.3429e-01)	Loss Disc 6.6064e-01 (6.5076e-01)	Loss Pred 5.2599e-01 (5.6298e-01)	Loss TOTAL 9.1866e-01 (9.5411e-01)
Epoch: [19][280/496]	L_Src_Sup 2.4332e-01 (2.4648e-01)	L_Trg_Inj 3.6119e-01 (3.3426e-01)	Loss Disc 6.3997e-01 (6.5077e-01)	Loss Pred 6.0319e-01 (5.6294e-01)	Loss TOTAL 9.8362e-01 (9.5397e-01)
Epoch: [19][290/496]	L_Src_Sup 1.4585e-01 (2.4660e-01)	L_Trg_Inj 3.2729e-01 (3.3358e-01)	Loss Disc 6.4736e-01 (6.5086e-01)	Loss Pred 6.0053e-01 (5.6270e-01)	Loss TOTAL 9.7153e-01 (9.5391e-01)
Epoch: [19][300/496]	L_Src_Sup 3.6735e-01 (2.4710e-01)	L_Trg_Inj 3.8952e-01 (3.3420e-01)	Loss Disc 6.4881e-01 (6.5075e-01)	Loss Pred 5.6999e-01 (5.6309e-01)	Loss TOTAL 9.7008e-01 (9.5417e-01)
Epoch: [19][310/496]	L_Src_Sup 3.3010e-01 (2.4744e-01)	L_Trg_Inj 3.1615e-01 (3.3448e-01)	Loss Disc 6.5621e-01 (6.5076e-01)	Loss Pred 5.4268e-01 (5.6303e-01)	Loss TOTAL 9.4936e-01 (9.5406e-01)
Epoch: [19][320/496]	L_Src_Sup 1.8367e-01 (2.4694e-01)	L_Trg_Inj 2.6562e-01 (3.3506e-01)	Loss Disc 6.4882e-01 (6.5077e-01)	Loss Pred 5.6996e-01 (5.6301e-01)	Loss TOTAL 9.3930e-01 (9.5392e-01)
Epoch: [19][330/496]	L_Src_Sup 2.4075e-01 (2.4790e-01)	L_Trg_Inj 2.9697e-01 (3.3601e-01)	Loss Disc 6.6361e-01 (6.5082e-01)	Loss Pred 5.1535e-01 (5.6283e-01)	Loss TOTAL 9.0092e-01 (9.5390e-01)
Epoch: [19][340/496]	L_Src_Sup 3.1250e-01 (2.4756e-01)	L_Trg_Inj 2.8121e-01 (3.3615e-01)	Loss Disc 6.4589e-01 (6.5090e-01)	Loss Pred 5.8122e-01 (5.6252e-01)	Loss TOTAL 9.9483e-01 (9.5349e-01)
Epoch: [19][350/496]	L_Src_Sup 1.9802e-01 (2.4715e-01)	L_Trg_Inj 3.5699e-01 (3.3616e-01)	Loss Disc 6.5324e-01 (6.5092e-01)	Loss Pred 5.5346e-01 (5.6244e-01)	Loss TOTAL 9.3558e-01 (9.5357e-01)
Epoch: [19][360/496]	L_Src_Sup 3.0795e-01 (2.4743e-01)	L_Trg_Inj 3.9062e-01 (3.3643e-01)	Loss Disc 6.5769e-01 (6.5099e-01)	Loss Pred 5.3674e-01 (5.6216e-01)	Loss TOTAL 9.3544e-01 (9.5355e-01)
Epoch: [19][370/496]	L_Src_Sup 2.7197e-01 (2.4790e-01)	L_Trg_Inj 5.3984e-01 (3.3745e-01)	Loss Disc 6.5633e-01 (6.5101e-01)	Loss Pred 5.4223e-01 (5.6211e-01)	Loss TOTAL 9.5157e-01 (9.5378e-01)
Epoch: [19][380/496]	L_Src_Sup 2.2000e-01 (2.4772e-01)	L_Trg_Inj 4.3749e-01 (3.3977e-01)	Loss Disc 6.5180e-01 (6.5108e-01)	Loss Pred 5.5899e-01 (5.6185e-01)	Loss TOTAL 9.5064e-01 (9.5357e-01)
Epoch: [19][390/496]	L_Src_Sup 2.5490e-01 (2.4811e-01)	L_Trg_Inj 3.1086e-01 (3.4131e-01)	Loss Disc 6.5473e-01 (6.5112e-01)	Loss Pred 5.4768e-01 (5.6167e-01)	Loss TOTAL 9.3162e-01 (9.5341e-01)
Epoch: [19][400/496]	L_Src_Sup 2.3557e-01 (2.4831e-01)	L_Trg_Inj 3.4350e-01 (3.4125e-01)	Loss Disc 6.5477e-01 (6.5121e-01)	Loss Pred 5.4758e-01 (5.6131e-01)	Loss TOTAL 9.3287e-01 (9.5352e-01)
Epoch: [19][410/496]	L_Src_Sup 2.4774e-01 (2.4816e-01)	L_Trg_Inj 2.6562e-01 (3.4195e-01)	Loss Disc 6.5918e-01 (6.5128e-01)	Loss Pred 5.3026e-01 (5.6105e-01)	Loss TOTAL 9.1119e-01 (9.5317e-01)
Epoch: [19][420/496]	L_Src_Sup 3.4625e-01 (2.4898e-01)	L_Trg_Inj 4.2351e-01 (3.4096e-01)	Loss Disc 6.6063e-01 (6.5122e-01)	Loss Pred 5.2490e-01 (5.6126e-01)	Loss TOTAL 9.3219e-01 (9.5369e-01)
Epoch: [19][430/496]	L_Src_Sup 3.1580e-01 (2.4902e-01)	L_Trg_Inj 5.6268e-01 (3.4225e-01)	Loss Disc 6.4440e-01 (6.5117e-01)	Loss Pred 5.8732e-01 (5.6147e-01)	Loss TOTAL 9.9736e-01 (9.5404e-01)
Epoch: [19][440/496]	L_Src_Sup 2.6244e-01 (2.4893e-01)	L_Trg_Inj 5.9373e-01 (3.4422e-01)	Loss Disc 6.5031e-01 (6.5116e-01)	Loss Pred 5.6497e-01 (5.6152e-01)	Loss TOTAL 9.7574e-01 (9.5414e-01)
Epoch: [19][450/496]	L_Src_Sup 2.5583e-01 (2.4884e-01)	L_Trg_Inj 3.7311e-01 (3.4603e-01)	Loss Disc 6.3105e-01 (6.5107e-01)	Loss Pred 6.3732e-01 (5.6186e-01)	Loss TOTAL 1.0157e+00 (9.5455e-01)
Epoch: [19][460/496]	L_Src_Sup 2.3535e-01 (2.4891e-01)	L_Trg_Inj 4.0661e-01 (3.4739e-01)	Loss Disc 6.5472e-01 (6.5102e-01)	Loss Pred 5.4811e-01 (5.6203e-01)	Loss TOTAL 9.3967e-01 (9.5467e-01)
Epoch: [19][470/496]	L_Src_Sup 2.9488e-01 (2.4891e-01)	L_Trg_Inj 3.0198e-01 (3.4770e-01)	Loss Disc 6.5472e-01 (6.5098e-01)	Loss Pred 5.4830e-01 (5.6216e-01)	Loss TOTAL 9.3535e-01 (9.5468e-01)
Epoch: [19][480/496]	L_Src_Sup 3.1219e-01 (2.4857e-01)	L_Trg_Inj 4.9009e-01 (3.4647e-01)	Loss Disc 6.4882e-01 (6.5096e-01)	Loss Pred 5.7003e-01 (5.6226e-01)	Loss TOTAL 9.7466e-01 (9.5455e-01)
Epoch: [19][490/496]	L_Src_Sup 1.7476e-01 (2.4803e-01)	L_Trg_Inj 3.5936e-01 (3.4603e-01)	Loss Disc 6.5622e-01 (6.5106e-01)	Loss Pred 5.4246e-01 (5.6186e-01)	Loss TOTAL 9.2399e-01 (9.5417e-01)
Epoch: [19][496/496]	L_Src_Sup 3.2653e-01 (2.4813e-01)	L_Trg_Inj 4.0542e-01 (3.4631e-01)	Loss Disc 6.4882e-01 (6.5105e-01)	Loss Pred 5.7004e-01 (5.6192e-01)	Loss TOTAL 9.6765e-01 (9.5423e-01)
Epoch 19 complete. Saving model state...
Epoch: [20][ 10/496]	L_Src_Sup 1.4953e-01 (2.2109e-01)	L_Trg_Inj 3.2812e-01 (3.9340e-01)	Loss Disc 6.6211e-01 (6.5030e-01)	Loss Pred 5.2068e-01 (5.6456e-01)	Loss TOTAL 8.9950e-01 (9.5116e-01)
Epoch: [20][ 20/496]	L_Src_Sup 2.7595e-01 (2.4509e-01)	L_Trg_Inj 5.2426e-01 (3.8284e-01)	Loss Disc 6.4290e-01 (6.4941e-01)	Loss Pred 5.9185e-01 (5.6783e-01)	Loss TOTAL 9.9332e-01 (9.5877e-01)
Epoch: [20][ 30/496]	L_Src_Sup 1.9021e-01 (2.4464e-01)	L_Trg_Inj 5.1223e-01 (3.8866e-01)	Loss Disc 6.5473e-01 (6.5001e-01)	Loss Pred 5.4815e-01 (5.6558e-01)	Loss TOTAL 9.4575e-01 (9.5656e-01)
Epoch: [20][ 40/496]	L_Src_Sup 3.1068e-01 (2.5123e-01)	L_Trg_Inj 5.3122e-01 (4.0014e-01)	Loss Disc 6.5618e-01 (6.5021e-01)	Loss Pred 5.4270e-01 (5.6484e-01)	Loss TOTAL 9.5499e-01 (9.5706e-01)
Epoch: [20][ 50/496]	L_Src_Sup 1.7822e-01 (2.4730e-01)	L_Trg_Inj 4.8050e-01 (3.9759e-01)	Loss Disc 6.5325e-01 (6.4999e-01)	Loss Pred 5.5363e-01 (5.6565e-01)	Loss TOTAL 9.4613e-01 (9.5672e-01)
Epoch: [20][ 60/496]	L_Src_Sup 3.7114e-01 (2.5016e-01)	L_Trg_Inj 3.3901e-01 (3.9348e-01)	Loss Disc 6.4739e-01 (6.5081e-01)	Loss Pred 5.7549e-01 (5.6265e-01)	Loss TOTAL 1.0023e+00 (9.5449e-01)
Epoch: [20][ 70/496]	L_Src_Sup 2.8843e-01 (2.5382e-01)	L_Trg_Inj 3.5937e-01 (4.0279e-01)	Loss Disc 6.5773e-01 (6.5148e-01)	Loss Pred 5.3683e-01 (5.6012e-01)	Loss TOTAL 9.3048e-01 (9.5329e-01)
Epoch: [20][ 80/496]	L_Src_Sup 2.7451e-01 (2.5349e-01)	L_Trg_Inj 5.1448e-01 (4.0684e-01)	Loss Disc 6.5350e-01 (6.5091e-01)	Loss Pred 5.5064e-01 (5.6224e-01)	Loss TOTAL 9.5629e-01 (9.5527e-01)
Epoch: [20][ 90/496]	L_Src_Sup 2.4480e-01 (2.5336e-01)	L_Trg_Inj 3.9055e-01 (4.1091e-01)	Loss Disc 6.4881e-01 (6.5074e-01)	Loss Pred 5.7005e-01 (5.6286e-01)	Loss TOTAL 9.5799e-01 (9.5603e-01)
Epoch: [20][100/496]	L_Src_Sup 2.5244e-01 (2.5462e-01)	L_Trg_Inj 3.9052e-01 (4.0775e-01)	Loss Disc 6.5621e-01 (6.5058e-01)	Loss Pred 5.4282e-01 (5.6347e-01)	Loss TOTAL 9.3522e-01 (9.5623e-01)
Epoch: [20][110/496]	L_Src_Sup 2.5243e-01 (2.5512e-01)	L_Trg_Inj 2.4918e-01 (4.0182e-01)	Loss Disc 6.5621e-01 (6.5065e-01)	Loss Pred 5.4275e-01 (5.6321e-01)	Loss TOTAL 9.2427e-01 (9.5539e-01)
Epoch: [20][120/496]	L_Src_Sup 2.6534e-01 (2.5431e-01)	L_Trg_Inj 2.5734e-01 (3.9483e-01)	Loss Disc 6.4883e-01 (6.5070e-01)	Loss Pred 5.7001e-01 (5.6305e-01)	Loss TOTAL 9.5469e-01 (9.5484e-01)
Epoch: [20][130/496]	L_Src_Sup 2.0746e-01 (2.5450e-01)	L_Trg_Inj 2.6552e-01 (3.9384e-01)	Loss Disc 6.4587e-01 (6.5065e-01)	Loss Pred 5.8097e-01 (5.6327e-01)	Loss TOTAL 9.5120e-01 (9.5526e-01)
Epoch: [20][140/496]	L_Src_Sup 2.1191e-01 (2.5404e-01)	L_Trg_Inj 3.2788e-01 (3.9202e-01)	Loss Disc 6.5328e-01 (6.5087e-01)	Loss Pred 5.5357e-01 (5.6246e-01)	Loss TOTAL 9.3419e-01 (9.5421e-01)
Epoch: [20][150/496]	L_Src_Sup 2.6000e-01 (2.5240e-01)	L_Trg_Inj 2.6907e-01 (3.9061e-01)	Loss Disc 6.5177e-01 (6.5090e-01)	Loss Pred 5.5902e-01 (5.6235e-01)	Loss TOTAL 9.3781e-01 (9.5369e-01)
Epoch: [20][160/496]	L_Src_Sup 1.8367e-01 (2.5448e-01)	L_Trg_Inj 4.0605e-01 (3.8798e-01)	Loss Disc 6.4891e-01 (6.5083e-01)	Loss Pred 5.6996e-01 (5.6259e-01)	Loss TOTAL 9.5339e-01 (9.5506e-01)
Epoch: [20][170/496]	L_Src_Sup 2.0954e-01 (2.5573e-01)	L_Trg_Inj 4.1916e-01 (3.9013e-01)	Loss Disc 6.5915e-01 (6.5076e-01)	Loss Pred 5.3198e-01 (5.6284e-01)	Loss TOTAL 9.2443e-01 (9.5593e-01)
Epoch: [20][180/496]	L_Src_Sup 1.9610e-01 (2.5571e-01)	L_Trg_Inj 4.1570e-01 (3.9019e-01)	Loss Disc 6.5476e-01 (6.5093e-01)	Loss Pred 5.4806e-01 (5.6221e-01)	Loss TOTAL 9.3662e-01 (9.5529e-01)
Epoch: [20][190/496]	L_Src_Sup 2.6000e-01 (2.5684e-01)	L_Trg_Inj 3.9062e-01 (3.9101e-01)	Loss Disc 6.5178e-01 (6.5088e-01)	Loss Pred 5.5903e-01 (5.6240e-01)	Loss TOTAL 9.4998e-01 (9.5549e-01)
Epoch: [20][200/496]	L_Src_Sup 2.7083e-01 (2.5778e-01)	L_Trg_Inj 3.7241e-01 (3.9026e-01)	Loss Disc 6.4586e-01 (6.5069e-01)	Loss Pred 5.8073e-01 (5.6310e-01)	Loss TOTAL 9.6798e-01 (9.5601e-01)
Epoch: [20][210/496]	L_Src_Sup 2.1782e-01 (2.5771e-01)	L_Trg_Inj 4.3033e-01 (3.8967e-01)	Loss Disc 6.5326e-01 (6.5079e-01)	Loss Pred 5.5362e-01 (5.6275e-01)	Loss TOTAL 9.4507e-01 (9.5557e-01)
Epoch: [20][220/496]	L_Src_Sup 1.8792e-01 (2.5764e-01)	L_Trg_Inj 3.4709e-01 (3.8989e-01)	Loss Disc 6.4735e-01 (6.5079e-01)	Loss Pred 5.7547e-01 (5.6287e-01)	Loss TOTAL 9.5264e-01 (9.5601e-01)
Epoch: [20][230/496]	L_Src_Sup 3.2220e-01 (2.5690e-01)	L_Trg_Inj 2.8024e-01 (3.8751e-01)	Loss Disc 6.4275e-01 (6.5063e-01)	Loss Pred 5.9377e-01 (5.6343e-01)	Loss TOTAL 1.0173e+00 (9.5655e-01)
Epoch: [20][240/496]	L_Src_Sup 1.2122e-01 (2.5850e-01)	L_Trg_Inj 3.2811e-01 (3.8414e-01)	Loss Disc 6.5026e-01 (6.5064e-01)	Loss Pred 5.6462e-01 (5.6355e-01)	Loss TOTAL 9.3468e-01 (9.5794e-01)
Epoch: [20][250/496]	L_Src_Sup 3.4375e-01 (2.5943e-01)	L_Trg_Inj 3.4578e-01 (3.8545e-01)	Loss Disc 6.5327e-01 (6.5069e-01)	Loss Pred 5.5401e-01 (5.6333e-01)	Loss TOTAL 9.4959e-01 (9.5778e-01)
Epoch: [20][260/496]	L_Src_Sup 2.6667e-01 (2.5947e-01)	L_Trg_Inj 3.1248e-01 (3.8340e-01)	Loss Disc 6.3702e-01 (6.5073e-01)	Loss Pred 6.1340e-01 (5.6317e-01)	Loss TOTAL 9.8982e-01 (9.5783e-01)
Epoch: [20][270/496]	L_Src_Sup 2.2222e-01 (2.5833e-01)	L_Trg_Inj 3.1643e-01 (3.8033e-01)	Loss Disc 6.5031e-01 (6.5079e-01)	Loss Pred 5.6451e-01 (5.6296e-01)	Loss TOTAL 9.4353e-01 (9.5769e-01)
Epoch: [20][280/496]	L_Src_Sup 2.2456e-01 (2.5821e-01)	L_Trg_Inj 2.1866e-01 (3.7731e-01)	Loss Disc 6.4879e-01 (6.5074e-01)	Loss Pred 5.6990e-01 (5.6314e-01)	Loss TOTAL 9.4451e-01 (9.5758e-01)
Epoch: [20][290/496]	L_Src_Sup 2.2230e-01 (2.5720e-01)	L_Trg_Inj 2.9645e-01 (3.7522e-01)	Loss Disc 6.5032e-01 (6.5086e-01)	Loss Pred 5.6452e-01 (5.6270e-01)	Loss TOTAL 9.4155e-01 (9.5708e-01)
Epoch: [20][300/496]	L_Src_Sup 1.3594e-01 (2.5588e-01)	L_Trg_Inj 2.6546e-01 (3.7393e-01)	Loss Disc 6.5621e-01 (6.5081e-01)	Loss Pred 5.4281e-01 (5.6287e-01)	Loss TOTAL 9.1105e-01 (9.5679e-01)
Epoch: [20][310/496]	L_Src_Sup 1.8002e-01 (2.5386e-01)	L_Trg_Inj 3.2795e-01 (3.7147e-01)	Loss Disc 6.5176e-01 (6.5081e-01)	Loss Pred 5.5907e-01 (5.6285e-01)	Loss TOTAL 9.3574e-01 (9.5640e-01)
Epoch: [20][320/496]	L_Src_Sup 2.4528e-01 (2.5406e-01)	L_Trg_Inj 2.9667e-01 (3.7023e-01)	Loss Disc 6.6065e-01 (6.5092e-01)	Loss Pred 5.2619e-01 (5.6246e-01)	Loss TOTAL 9.1071e-01 (9.5628e-01)
Epoch: [20][330/496]	L_Src_Sup 3.3641e-01 (2.5335e-01)	L_Trg_Inj 4.3717e-01 (3.6974e-01)	Loss Disc 6.5325e-01 (6.5095e-01)	Loss Pred 5.5351e-01 (5.6234e-01)	Loss TOTAL 9.5749e-01 (9.5591e-01)
Epoch: [20][340/496]	L_Src_Sup 1.8750e-01 (2.5318e-01)	L_Trg_Inj 3.4373e-01 (3.7116e-01)	Loss Disc 6.4589e-01 (6.5105e-01)	Loss Pred 5.8138e-01 (5.6195e-01)	Loss TOTAL 9.5744e-01 (9.5553e-01)
Epoch: [20][350/496]	L_Src_Sup 2.9400e-01 (2.5318e-01)	L_Trg_Inj 4.2182e-01 (3.7047e-01)	Loss Disc 6.5475e-01 (6.5103e-01)	Loss Pred 5.4794e-01 (5.6204e-01)	Loss TOTAL 9.4689e-01 (9.5558e-01)
Epoch: [20][360/496]	L_Src_Sup 1.8555e-01 (2.5187e-01)	L_Trg_Inj 3.3849e-01 (3.6976e-01)	Loss Disc 6.4739e-01 (6.5103e-01)	Loss Pred 5.7629e-01 (5.6208e-01)	Loss TOTAL 9.5238e-01 (9.5526e-01)
Epoch: [20][370/496]	L_Src_Sup 2.7182e-01 (2.5183e-01)	L_Trg_Inj 3.7169e-01 (3.6774e-01)	Loss Disc 6.4587e-01 (6.5108e-01)	Loss Pred 5.8139e-01 (5.6190e-01)	Loss TOTAL 9.6867e-01 (9.5528e-01)
Epoch: [20][380/496]	L_Src_Sup 2.5001e-01 (2.5167e-01)	L_Trg_Inj 3.2803e-01 (3.6602e-01)	Loss Disc 6.4583e-01 (6.5097e-01)	Loss Pred 5.8107e-01 (5.6229e-01)	Loss TOTAL 9.6179e-01 (9.5555e-01)
Epoch: [20][390/496]	L_Src_Sup 2.7369e-01 (2.5139e-01)	L_Trg_Inj 3.0967e-01 (3.6548e-01)	Loss Disc 6.4441e-01 (6.5102e-01)	Loss Pred 5.8668e-01 (5.6209e-01)	Loss TOTAL 9.6723e-01 (9.5519e-01)
Epoch: [20][400/496]	L_Src_Sup 1.3999e-01 (2.5111e-01)	L_Trg_Inj 1.8750e-01 (3.6265e-01)	Loss Disc 6.5177e-01 (6.5107e-01)	Loss Pred 5.5903e-01 (5.6193e-01)	Loss TOTAL 9.1767e-01 (9.5563e-01)
Epoch: [20][410/496]	L_Src_Sup 2.3765e-01 (2.5041e-01)	L_Trg_Inj 2.3419e-01 (3.6060e-01)	Loss Disc 6.5326e-01 (6.5111e-01)	Loss Pred 5.5348e-01 (5.6179e-01)	Loss TOTAL 9.3076e-01 (9.5508e-01)
Epoch: [20][420/496]	L_Src_Sup 1.2965e-01 (2.4982e-01)	L_Trg_Inj 4.5006e-01 (3.5956e-01)	Loss Disc 6.6360e-01 (6.5119e-01)	Loss Pred 5.1416e-01 (5.6146e-01)	Loss TOTAL 9.0393e-01 (9.5457e-01)
Epoch: [20][430/496]	L_Src_Sup 2.3334e-01 (2.4918e-01)	L_Trg_Inj 3.3414e-01 (3.5752e-01)	Loss Disc 6.5621e-01 (6.5117e-01)	Loss Pred 5.4238e-01 (5.6159e-01)	Loss TOTAL 9.2723e-01 (9.5457e-01)
Epoch: [20][440/496]	L_Src_Sup 2.5237e-01 (2.4862e-01)	L_Trg_Inj 2.9511e-01 (3.5504e-01)	Loss Disc 6.5768e-01 (6.5112e-01)	Loss Pred 5.6181e-01 (5.6182e-01)	Loss TOTAL 9.4540e-01 (9.5465e-01)
Epoch: [20][450/496]	L_Src_Sup 1.9687e-01 (2.4795e-01)	L_Trg_Inj 4.3136e-01 (3.5487e-01)	Loss Disc 6.5322e-01 (6.5111e-01)	Loss Pred 5.6049e-01 (5.6200e-01)	Loss TOTAL 9.4993e-01 (9.5478e-01)
Epoch: [20][460/496]	L_Src_Sup 2.2718e-01 (2.4750e-01)	L_Trg_Inj 4.9550e-01 (3.5564e-01)	Loss Disc 6.4752e-01 (6.5111e-01)	Loss Pred 5.7543e-01 (5.6232e-01)	Loss TOTAL 9.7146e-01 (9.5514e-01)
Epoch: [20][470/496]	L_Src_Sup 2.3032e-01 (2.4688e-01)	L_Trg_Inj 2.3665e-01 (3.5513e-01)	Loss Disc 7.0842e-01 (6.5123e-01)	Loss Pred 4.9432e-01 (5.6237e-01)	Loss TOTAL 8.9522e-01 (9.5522e-01)
Epoch: [20][480/496]	L_Src_Sup 1.4151e-01 (2.4562e-01)	L_Trg_Inj 2.0309e-01 (3.5194e-01)	Loss Disc 6.9146e-01 (6.5206e-01)	Loss Pred 5.6452e-01 (5.6238e-01)	Loss TOTAL 9.4470e-01 (9.5568e-01)
Epoch: [20][490/496]	L_Src_Sup 1.3868e-01 (2.4469e-01)	L_Trg_Inj 2.9452e-01 (3.4835e-01)	Loss Disc 6.8002e-01 (6.5278e-01)	Loss Pred 5.5449e-01 (5.6226e-01)	Loss TOTAL 9.3782e-01 (9.5640e-01)
Epoch: [20][496/496]	L_Src_Sup 3.0774e-01 (2.4425e-01)	L_Trg_Inj 1.7187e-01 (3.4612e-01)	Loss Disc 6.9203e-01 (6.5323e-01)	Loss Pred 5.3750e-01 (5.6221e-01)	Loss TOTAL 1.0673e+00 (9.5704e-01)
Epoch 20 complete. Saving model state...
Epoch: [21][ 10/496]	L_Src_Sup 2.7724e-01 (2.3043e-01)	L_Trg_Inj 3.9061e-01 (3.1530e-01)	Loss Disc 6.9202e-01 (6.9118e-01)	Loss Pred 5.5780e-01 (5.5602e-01)	Loss TOTAL 9.7059e-01 (9.6558e-01)
Epoch: [21][ 20/496]	L_Src_Sup 1.1882e-01 (2.3887e-01)	L_Trg_Inj 4.0619e-01 (3.4011e-01)	Loss Disc 6.9357e-01 (6.9052e-01)	Loss Pred 5.5361e-01 (5.5791e-01)	Loss TOTAL 9.5289e-01 (9.6625e-01)
Epoch: [21][ 30/496]	L_Src_Sup 1.6327e-01 (2.4623e-01)	L_Trg_Inj 3.4375e-01 (3.5380e-01)	Loss Disc 6.9904e-01 (6.9037e-01)	Loss Pred 5.7103e-01 (5.6006e-01)	Loss TOTAL 9.7125e-01 (9.6898e-01)
Epoch: [21][ 40/496]	L_Src_Sup 2.4000e-01 (2.4973e-01)	L_Trg_Inj 3.1250e-01 (3.6466e-01)	Loss Disc 6.8707e-01 (6.9017e-01)	Loss Pred 5.6320e-01 (5.6131e-01)	Loss TOTAL 9.6199e-01 (9.7467e-01)
Epoch: [21][ 50/496]	L_Src_Sup 2.0000e-01 (2.5371e-01)	L_Trg_Inj 3.2812e-01 (3.6360e-01)	Loss Disc 6.9516e-01 (6.9028e-01)	Loss Pred 5.5907e-01 (5.6185e-01)	Loss TOTAL 9.5946e-01 (9.7556e-01)
Epoch: [21][ 60/496]	L_Src_Sup 3.1592e-01 (2.4971e-01)	L_Trg_Inj 2.4598e-01 (3.5892e-01)	Loss Disc 6.9203e-01 (6.9064e-01)	Loss Pred 5.5360e-01 (5.6186e-01)	Loss TOTAL 1.0258e+00 (9.7573e-01)
Epoch: [21][ 70/496]	L_Src_Sup 2.5807e-01 (2.5283e-01)	L_Trg_Inj 3.5937e-01 (3.6577e-01)	Loss Disc 6.8923e-01 (6.9083e-01)	Loss Pred 5.9737e-01 (5.6187e-01)	Loss TOTAL 1.0037e+00 (9.7615e-01)
Epoch: [21][ 80/496]	L_Src_Sup 2.3301e-01 (2.5338e-01)	L_Trg_Inj 3.8988e-01 (3.7059e-01)	Loss Disc 6.9482e-01 (6.9091e-01)	Loss Pred 5.4277e-01 (5.6174e-01)	Loss TOTAL 9.5247e-01 (9.7572e-01)
Epoch: [21][ 90/496]	L_Src_Sup 2.7723e-01 (2.5452e-01)	L_Trg_Inj 3.1247e-01 (3.7194e-01)	Loss Disc 6.9660e-01 (6.9095e-01)	Loss Pred 5.5373e-01 (5.6230e-01)	Loss TOTAL 9.6100e-01 (9.7586e-01)
Epoch: [21][100/496]	L_Src_Sup 3.6275e-01 (2.5679e-01)	L_Trg_Inj 3.4366e-01 (3.6940e-01)	Loss Disc 6.9123e-01 (6.9110e-01)	Loss Pred 5.7398e-01 (5.6200e-01)	Loss TOTAL 1.0093e+00 (9.7589e-01)
Epoch: [21][110/496]	L_Src_Sup 3.2990e-01 (2.5744e-01)	L_Trg_Inj 5.7758e-01 (3.6909e-01)	Loss Disc 6.8973e-01 (6.9113e-01)	Loss Pred 5.7953e-01 (5.6257e-01)	Loss TOTAL 1.0151e+00 (9.7702e-01)
Epoch: [21][120/496]	L_Src_Sup 2.6804e-01 (2.5674e-01)	L_Trg_Inj 3.7500e-01 (3.7138e-01)	Loss Disc 6.9250e-01 (6.9120e-01)	Loss Pred 5.7530e-01 (5.6319e-01)	Loss TOTAL 9.8585e-01 (9.7732e-01)
Epoch: [21][130/496]	L_Src_Sup 1.9802e-01 (2.5438e-01)	L_Trg_Inj 4.0512e-01 (3.7050e-01)	Loss Disc 6.9217e-01 (6.9126e-01)	Loss Pred 5.5377e-01 (5.6311e-01)	Loss TOTAL 9.6017e-01 (9.7691e-01)
Epoch: [21][140/496]	L_Src_Sup 3.2653e-01 (2.5173e-01)	L_Trg_Inj 3.2812e-01 (3.7059e-01)	Loss Disc 6.9410e-01 (6.9128e-01)	Loss Pred 5.6979e-01 (5.6406e-01)	Loss TOTAL 9.8230e-01 (9.7720e-01)
Epoch: [21][150/496]	L_Src_Sup 1.7820e-01 (2.5331e-01)	L_Trg_Inj 4.0624e-01 (3.7096e-01)	Loss Disc 6.9481e-01 (6.9138e-01)	Loss Pred 5.5422e-01 (5.6298e-01)	Loss TOTAL 9.6007e-01 (9.7743e-01)
Epoch: [21][160/496]	L_Src_Sup 3.1684e-01 (2.5346e-01)	L_Trg_Inj 4.0619e-01 (3.7256e-01)	Loss Disc 6.9175e-01 (6.9135e-01)	Loss Pred 5.5374e-01 (5.6345e-01)	Loss TOTAL 9.7192e-01 (9.7766e-01)
Epoch: [21][170/496]	L_Src_Sup 1.9994e-01 (2.5278e-01)	L_Trg_Inj 4.3748e-01 (3.7234e-01)	Loss Disc 6.9225e-01 (6.9147e-01)	Loss Pred 5.5905e-01 (5.6231e-01)	Loss TOTAL 9.6892e-01 (9.7614e-01)
Epoch: [21][180/496]	L_Src_Sup 2.5239e-01 (2.5172e-01)	L_Trg_Inj 3.5937e-01 (3.7108e-01)	Loss Disc 6.9353e-01 (6.9150e-01)	Loss Pred 5.4681e-01 (5.6209e-01)	Loss TOTAL 9.5475e-01 (9.7570e-01)
Epoch: [21][190/496]	L_Src_Sup 1.3726e-01 (2.5091e-01)	L_Trg_Inj 3.7488e-01 (3.7000e-01)	Loss Disc 6.9292e-01 (6.9154e-01)	Loss Pred 5.4812e-01 (5.6211e-01)	Loss TOTAL 9.4579e-01 (9.7571e-01)
Epoch: [21][200/496]	L_Src_Sup 2.4529e-01 (2.4936e-01)	L_Trg_Inj 3.2808e-01 (3.6919e-01)	Loss Disc 6.9369e-01 (6.9162e-01)	Loss Pred 5.2611e-01 (5.6168e-01)	Loss TOTAL 9.3029e-01 (9.7481e-01)
Epoch: [21][210/496]	L_Src_Sup 2.0409e-01 (2.5042e-01)	L_Trg_Inj 4.0481e-01 (3.6622e-01)	Loss Disc 6.8787e-01 (6.9157e-01)	Loss Pred 5.7011e-01 (5.6250e-01)	Loss TOTAL 9.7494e-01 (9.7650e-01)
Epoch: [21][220/496]	L_Src_Sup 2.4001e-01 (2.4885e-01)	L_Trg_Inj 2.8125e-01 (3.6536e-01)	Loss Disc 6.9184e-01 (6.9156e-01)	Loss Pred 5.5909e-01 (5.6234e-01)	Loss TOTAL 9.5714e-01 (9.7580e-01)
Epoch: [21][230/496]	L_Src_Sup 1.5842e-01 (2.4852e-01)	L_Trg_Inj 3.6947e-01 (3.6433e-01)	Loss Disc 6.9047e-01 (6.9155e-01)	Loss Pred 5.7287e-01 (5.6234e-01)	Loss TOTAL 9.7089e-01 (9.7567e-01)
Epoch: [21][240/496]	L_Src_Sup 2.1387e-01 (2.4672e-01)	L_Trg_Inj 2.4992e-01 (3.6353e-01)	Loss Disc 6.9309e-01 (6.9145e-01)	Loss Pred 5.4285e-01 (5.6259e-01)	Loss TOTAL 9.3578e-01 (9.7537e-01)
Epoch: [21][250/496]	L_Src_Sup 2.6808e-01 (2.4726e-01)	L_Trg_Inj 4.3748e-01 (3.6178e-01)	Loss Disc 6.9096e-01 (6.9146e-01)	Loss Pred 5.7534e-01 (5.6265e-01)	Loss TOTAL 9.9138e-01 (9.7597e-01)
Epoch: [21][260/496]	L_Src_Sup 1.6162e-01 (2.4606e-01)	L_Trg_Inj 2.2691e-01 (3.5874e-01)	Loss Disc 6.8911e-01 (6.9147e-01)	Loss Pred 5.6450e-01 (5.6238e-01)	Loss TOTAL 9.4790e-01 (9.7531e-01)
Epoch: [21][270/496]	L_Src_Sup 2.4903e-01 (2.4516e-01)	L_Trg_Inj 3.1235e-01 (3.5630e-01)	Loss Disc 6.8529e-01 (6.9143e-01)	Loss Pred 5.9187e-01 (5.6236e-01)	Loss TOTAL 9.9066e-01 (9.7479e-01)
Epoch: [21][280/496]	L_Src_Sup 2.2000e-01 (2.4446e-01)	L_Trg_Inj 2.6539e-01 (3.5262e-01)	Loss Disc 6.9280e-01 (6.9145e-01)	Loss Pred 5.5916e-01 (5.6246e-01)	Loss TOTAL 9.5410e-01 (9.7499e-01)
Epoch: [21][290/496]	L_Src_Sup 1.9801e-01 (2.4418e-01)	L_Trg_Inj 1.5405e-01 (3.4858e-01)	Loss Disc 6.9218e-01 (6.9150e-01)	Loss Pred 5.5362e-01 (5.6241e-01)	Loss TOTAL 9.7888e-01 (9.7558e-01)
Epoch: [21][300/496]	L_Src_Sup 1.9612e-01 (2.4587e-01)	L_Trg_Inj 3.9055e-01 (3.4834e-01)	Loss Disc 6.9165e-01 (6.9153e-01)	Loss Pred 5.4815e-01 (5.6232e-01)	Loss TOTAL 9.5264e-01 (9.7560e-01)
Epoch: [21][310/496]	L_Src_Sup 2.6243e-01 (2.4661e-01)	L_Trg_Inj 2.9687e-01 (3.4916e-01)	Loss Disc 6.9175e-01 (6.9150e-01)	Loss Pred 5.6455e-01 (5.6204e-01)	Loss TOTAL 9.6635e-01 (9.7520e-01)
Epoch: [21][320/496]	L_Src_Sup 1.6600e-01 (2.4666e-01)	L_Trg_Inj 3.1249e-01 (3.4859e-01)	Loss Disc 6.9309e-01 (6.9155e-01)	Loss Pred 5.2460e-01 (5.6197e-01)	Loss TOTAL 9.1900e-01 (9.7557e-01)
Epoch: [21][330/496]	L_Src_Sup 2.6672e-01 (2.4581e-01)	L_Trg_Inj 3.2811e-01 (3.4787e-01)	Loss Disc 6.9258e-01 (6.9153e-01)	Loss Pred 5.3167e-01 (5.6208e-01)	Loss TOTAL 9.3744e-01 (9.7534e-01)
Epoch: [21][340/496]	L_Src_Sup 1.7813e-01 (2.4574e-01)	L_Trg_Inj 3.5360e-01 (3.4693e-01)	Loss Disc 6.9766e-01 (6.9152e-01)	Loss Pred 5.5366e-01 (5.6241e-01)	Loss TOTAL 9.5566e-01 (9.7617e-01)
Epoch: [21][350/496]	L_Src_Sup 1.0102e-01 (2.4578e-01)	L_Trg_Inj 4.3370e-01 (3.4831e-01)	Loss Disc 6.9169e-01 (6.9156e-01)	Loss Pred 5.6451e-01 (5.6241e-01)	Loss TOTAL 9.6383e-01 (9.7620e-01)
Epoch: [21][360/496]	L_Src_Sup 2.4472e-01 (2.4621e-01)	L_Trg_Inj 4.2187e-01 (3.4870e-01)	Loss Disc 6.8883e-01 (6.9156e-01)	Loss Pred 5.7506e-01 (5.6265e-01)	Loss TOTAL 9.8613e-01 (9.7672e-01)
Epoch: [21][370/496]	L_Src_Sup 2.5243e-01 (2.4621e-01)	L_Trg_Inj 2.8125e-01 (3.4852e-01)	Loss Disc 6.9208e-01 (6.9157e-01)	Loss Pred 5.4318e-01 (5.6288e-01)	Loss TOTAL 9.4258e-01 (9.7687e-01)
Epoch: [21][380/496]	L_Src_Sup 2.4995e-01 (2.4611e-01)	L_Trg_Inj 3.2713e-01 (3.4956e-01)	Loss Disc 6.9270e-01 (6.9155e-01)	Loss Pred 5.3782e-01 (5.6289e-01)	Loss TOTAL 9.4188e-01 (9.7697e-01)
Epoch: [21][390/496]	L_Src_Sup 2.4880e-01 (2.4712e-01)	L_Trg_Inj 3.2812e-01 (3.4906e-01)	Loss Disc 6.9044e-01 (6.9157e-01)	Loss Pred 5.6520e-01 (5.6294e-01)	Loss TOTAL 9.6811e-01 (9.7730e-01)
Epoch: [21][400/496]	L_Src_Sup 3.7255e-01 (2.4773e-01)	L_Trg_Inj 2.1875e-01 (3.4802e-01)	Loss Disc 6.9316e-01 (6.9161e-01)	Loss Pred 5.4835e-01 (5.6277e-01)	Loss TOTAL 1.1079e+00 (9.7768e-01)
Epoch: [21][410/496]	L_Src_Sup 2.2222e-01 (2.4811e-01)	L_Trg_Inj 4.2187e-01 (3.4721e-01)	Loss Disc 6.8874e-01 (6.9161e-01)	Loss Pred 5.6451e-01 (5.6255e-01)	Loss TOTAL 9.7329e-01 (9.7738e-01)
Epoch: [21][420/496]	L_Src_Sup 1.3208e-01 (2.4791e-01)	L_Trg_Inj 4.2179e-01 (3.4842e-01)	Loss Disc 6.9975e-01 (6.9159e-01)	Loss Pred 5.2664e-01 (5.6256e-01)	Loss TOTAL 9.3190e-01 (9.7735e-01)
Epoch: [21][430/496]	L_Src_Sup 2.8302e-01 (2.4731e-01)	L_Trg_Inj 3.5937e-01 (3.4862e-01)	Loss Disc 6.9371e-01 (6.9157e-01)	Loss Pred 5.2648e-01 (5.6250e-01)	Loss TOTAL 9.3757e-01 (9.7702e-01)
Epoch: [21][440/496]	L_Src_Sup 3.5245e-01 (2.4793e-01)	L_Trg_Inj 4.2184e-01 (3.5006e-01)	Loss Disc 6.9025e-01 (6.9156e-01)	Loss Pred 5.8070e-01 (5.6265e-01)	Loss TOTAL 1.0033e+00 (9.7719e-01)
Epoch: [21][450/496]	L_Src_Sup 2.6486e-01 (2.4839e-01)	L_Trg_Inj 3.3368e-01 (3.5107e-01)	Loss Disc 6.9912e-01 (6.9157e-01)	Loss Pred 5.3772e-01 (5.6277e-01)	Loss TOTAL 9.4713e-01 (9.7743e-01)
Epoch: [21][460/496]	L_Src_Sup 2.0442e-01 (2.4802e-01)	L_Trg_Inj 3.7764e-01 (3.5251e-01)	Loss Disc 6.9253e-01 (6.9161e-01)	Loss Pred 5.5905e-01 (5.6243e-01)	Loss TOTAL 9.6353e-01 (9.7703e-01)
Epoch: [21][470/496]	L_Src_Sup 3.2092e-01 (2.4783e-01)	L_Trg_Inj 3.7498e-01 (3.5313e-01)	Loss Disc 6.9276e-01 (6.9164e-01)	Loss Pred 5.3723e-01 (5.6241e-01)	Loss TOTAL 9.5320e-01 (9.7687e-01)
Epoch: [21][480/496]	L_Src_Sup 1.8182e-01 (2.4836e-01)	L_Trg_Inj 3.2812e-01 (3.5400e-01)	Loss Disc 6.9187e-01 (6.9164e-01)	Loss Pred 5.6460e-01 (5.6219e-01)	Loss TOTAL 9.6153e-01 (9.7664e-01)
Epoch: [21][490/496]	L_Src_Sup 3.1074e-01 (2.4913e-01)	L_Trg_Inj 4.5311e-01 (3.5438e-01)	Loss Disc 6.9268e-01 (6.9167e-01)	Loss Pred 5.4246e-01 (5.6202e-01)	Loss TOTAL 9.6518e-01 (9.7662e-01)
Epoch: [21][496/496]	L_Src_Sup 1.7648e-01 (2.4885e-01)	L_Trg_Inj 4.0615e-01 (3.5540e-01)	Loss Disc 6.9101e-01 (6.9166e-01)	Loss Pred 5.4791e-01 (5.6196e-01)	Loss TOTAL 9.5168e-01 (9.7652e-01)
Epoch 21 complete. Saving model state...
Epoch: [22][ 10/496]	L_Src_Sup 1.6000e-01 (2.4014e-01)	L_Trg_Inj 4.9939e-01 (4.5080e-01)	Loss Disc 6.9556e-01 (6.9056e-01)	Loss Pred 5.5907e-01 (5.7771e-01)	Loss TOTAL 9.7279e-01 (9.9208e-01)
Epoch: [22][ 20/496]	L_Src_Sup 1.8368e-01 (2.6089e-01)	L_Trg_Inj 4.5305e-01 (4.4261e-01)	Loss Disc 6.9045e-01 (6.9185e-01)	Loss Pred 5.7011e-01 (5.6359e-01)	Loss TOTAL 9.7901e-01 (9.8877e-01)
Epoch: [22][ 30/496]	L_Src_Sup 2.7084e-01 (2.6681e-01)	L_Trg_Inj 4.5307e-01 (4.5222e-01)	Loss Disc 6.9057e-01 (6.9160e-01)	Loss Pred 5.8109e-01 (5.6516e-01)	Loss TOTAL 9.9877e-01 (9.8880e-01)
Epoch: [22][ 40/496]	L_Src_Sup 1.5526e-01 (2.7301e-01)	L_Trg_Inj 5.6419e-01 (4.5895e-01)	Loss Disc 6.9304e-01 (6.9174e-01)	Loss Pred 5.4265e-01 (5.6382e-01)	Loss TOTAL 9.6112e-01 (9.8824e-01)
Epoch: [22][ 50/496]	L_Src_Sup 4.3400e-01 (2.7719e-01)	L_Trg_Inj 4.5312e-01 (4.6603e-01)	Loss Disc 6.9198e-01 (6.9163e-01)	Loss Pred 5.2807e-01 (5.6247e-01)	Loss TOTAL 9.6277e-01 (9.8689e-01)
Epoch: [22][ 60/496]	L_Src_Sup 3.0758e-01 (2.7819e-01)	L_Trg_Inj 3.5936e-01 (4.6416e-01)	Loss Disc 6.9512e-01 (6.9154e-01)	Loss Pred 5.3693e-01 (5.6209e-01)	Loss TOTAL 9.5118e-01 (9.8567e-01)
Epoch: [22][ 70/496]	L_Src_Sup 2.5000e-01 (2.7353e-01)	L_Trg_Inj 3.4375e-01 (4.5674e-01)	Loss Disc 6.9498e-01 (6.9167e-01)	Loss Pred 5.3659e-01 (5.6006e-01)	Loss TOTAL 9.4346e-01 (9.8210e-01)
Epoch: [22][ 80/496]	L_Src_Sup 2.6668e-01 (2.7107e-01)	L_Trg_Inj 4.2187e-01 (4.4590e-01)	Loss Disc 6.8868e-01 (6.9176e-01)	Loss Pred 6.1537e-01 (5.6035e-01)	Loss TOTAL 1.0286e+00 (9.8071e-01)
Epoch: [22][ 90/496]	L_Src_Sup 2.9394e-01 (2.6713e-01)	L_Trg_Inj 3.4234e-01 (4.3414e-01)	Loss Disc 6.9528e-01 (6.9197e-01)	Loss Pred 5.4784e-01 (5.6062e-01)	Loss TOTAL 9.5910e-01 (9.8060e-01)
Epoch: [22][100/496]	L_Src_Sup 2.6927e-01 (2.6372e-01)	L_Trg_Inj 2.9683e-01 (4.2625e-01)	Loss Disc 6.9386e-01 (6.9197e-01)	Loss Pred 5.3756e-01 (5.6042e-01)	Loss TOTAL 9.4110e-01 (9.7889e-01)
Epoch: [22][110/496]	L_Src_Sup 2.6123e-01 (2.6196e-01)	L_Trg_Inj 2.3417e-01 (4.1274e-01)	Loss Disc 6.9025e-01 (6.9205e-01)	Loss Pred 6.0400e-01 (5.6045e-01)	Loss TOTAL 1.0257e+00 (9.7778e-01)
Epoch: [22][120/496]	L_Src_Sup 1.6987e-01 (2.5834e-01)	L_Trg_Inj 3.5934e-01 (4.0617e-01)	Loss Disc 6.9569e-01 (6.9210e-01)	Loss Pred 5.2553e-01 (5.6018e-01)	Loss TOTAL 9.2629e-01 (9.7665e-01)
Epoch: [22][130/496]	L_Src_Sup 2.3780e-01 (2.5724e-01)	L_Trg_Inj 2.9628e-01 (3.9818e-01)	Loss Disc 6.9239e-01 (6.9218e-01)	Loss Pred 5.5375e-01 (5.5892e-01)	Loss TOTAL 9.5335e-01 (9.7605e-01)
Epoch: [22][140/496]	L_Src_Sup 2.8117e-01 (2.5815e-01)	L_Trg_Inj 2.4642e-01 (3.8648e-01)	Loss Disc 6.9091e-01 (6.9221e-01)	Loss Pred 5.5919e-01 (5.5864e-01)	Loss TOTAL 9.9215e-01 (9.7890e-01)
Epoch: [22][150/496]	L_Src_Sup 2.2680e-01 (2.5830e-01)	L_Trg_Inj 3.1218e-01 (3.7771e-01)	Loss Disc 6.9344e-01 (6.9220e-01)	Loss Pred 5.7591e-01 (5.5968e-01)	Loss TOTAL 9.7653e-01 (9.8168e-01)
Epoch: [22][160/496]	L_Src_Sup 2.6153e-01 (2.5849e-01)	L_Trg_Inj 3.8777e-01 (3.7371e-01)	Loss Disc 6.9306e-01 (6.9216e-01)	Loss Pred 5.4789e-01 (5.5968e-01)	Loss TOTAL 9.5935e-01 (9.8206e-01)
Epoch: [22][170/496]	L_Src_Sup 3.5642e-01 (2.5788e-01)	L_Trg_Inj 3.3803e-01 (3.7067e-01)	Loss Disc 6.9522e-01 (6.9220e-01)	Loss Pred 5.5343e-01 (5.5987e-01)	Loss TOTAL 9.8888e-01 (9.8162e-01)
Epoch: [22][180/496]	L_Src_Sup 3.1396e-01 (2.5869e-01)	L_Trg_Inj 3.1172e-01 (3.7112e-01)	Loss Disc 6.9424e-01 (6.9218e-01)	Loss Pred 5.5345e-01 (5.6034e-01)	Loss TOTAL 9.6537e-01 (9.8219e-01)
Epoch: [22][190/496]	L_Src_Sup 3.0112e-01 (2.5836e-01)	L_Trg_Inj 3.6404e-01 (3.7073e-01)	Loss Disc 6.9055e-01 (6.9222e-01)	Loss Pred 5.9789e-01 (5.6036e-01)	Loss TOTAL 1.0097e+00 (9.8162e-01)
Epoch: [22][200/496]	L_Src_Sup 2.1569e-01 (2.5771e-01)	L_Trg_Inj 4.2181e-01 (3.7136e-01)	Loss Disc 6.9203e-01 (6.9226e-01)	Loss Pred 5.4786e-01 (5.6001e-01)	Loss TOTAL 9.5762e-01 (9.8107e-01)
Epoch: [22][210/496]	L_Src_Sup 2.1360e-01 (2.5834e-01)	L_Trg_Inj 3.5915e-01 (3.7105e-01)	Loss Disc 6.9296e-01 (6.9223e-01)	Loss Pred 5.4227e-01 (5.6001e-01)	Loss TOTAL 9.4602e-01 (9.8082e-01)
Epoch: [22][220/496]	L_Src_Sup 2.8548e-01 (2.5897e-01)	L_Trg_Inj 4.3234e-01 (3.7321e-01)	Loss Disc 6.8929e-01 (6.9219e-01)	Loss Pred 5.4634e-01 (5.6022e-01)	Loss TOTAL 9.6276e-01 (9.8075e-01)
Epoch: [22][230/496]	L_Src_Sup 2.3532e-01 (2.5778e-01)	L_Trg_Inj 3.4037e-01 (3.7233e-01)	Loss Disc 6.9166e-01 (6.9212e-01)	Loss Pred 5.4797e-01 (5.6048e-01)	Loss TOTAL 9.5137e-01 (9.8029e-01)
Epoch: [22][240/496]	L_Src_Sup 2.2683e-01 (2.5747e-01)	L_Trg_Inj 4.5301e-01 (3.7190e-01)	Loss Disc 6.9099e-01 (6.9211e-01)	Loss Pred 5.7557e-01 (5.6065e-01)	Loss TOTAL 9.8905e-01 (9.8022e-01)
Epoch: [22][250/496]	L_Src_Sup 2.4074e-01 (2.5769e-01)	L_Trg_Inj 2.4491e-01 (3.6979e-01)	Loss Disc 6.9779e-01 (6.9213e-01)	Loss Pred 5.1524e-01 (5.6075e-01)	Loss TOTAL 9.1270e-01 (9.8004e-01)
Epoch: [22][260/496]	L_Src_Sup 2.3299e-01 (2.5702e-01)	L_Trg_Inj 4.2260e-01 (3.6867e-01)	Loss Disc 6.9354e-01 (6.9214e-01)	Loss Pred 5.4239e-01 (5.6060e-01)	Loss TOTAL 9.5472e-01 (9.7941e-01)
Epoch: [22][270/496]	L_Src_Sup 1.6514e-01 (2.5641e-01)	L_Trg_Inj 3.2740e-01 (3.6870e-01)	Loss Disc 6.9796e-01 (6.9214e-01)	Loss Pred 5.0957e-01 (5.6069e-01)	Loss TOTAL 9.0781e-01 (9.7939e-01)
Epoch: [22][280/496]	L_Src_Sup 2.5006e-01 (2.5689e-01)	L_Trg_Inj 4.9784e-01 (3.7082e-01)	Loss Disc 6.9055e-01 (6.9215e-01)	Loss Pred 5.3832e-01 (5.6054e-01)	Loss TOTAL 9.5839e-01 (9.7915e-01)
Epoch: [22][290/496]	L_Src_Sup 2.3958e-01 (2.5800e-01)	L_Trg_Inj 3.1234e-01 (3.7244e-01)	Loss Disc 6.9111e-01 (6.9215e-01)	Loss Pred 5.5900e-01 (5.6002e-01)	Loss TOTAL 9.5975e-01 (9.7857e-01)
Epoch: [22][300/496]	L_Src_Sup 2.4488e-01 (2.5791e-01)	L_Trg_Inj 3.7395e-01 (3.7327e-01)	Loss Disc 6.8953e-01 (6.9216e-01)	Loss Pred 5.7023e-01 (5.6009e-01)	Loss TOTAL 9.7688e-01 (9.7840e-01)
Epoch: [22][310/496]	L_Src_Sup 2.6239e-01 (2.5715e-01)	L_Trg_Inj 2.3580e-01 (3.7284e-01)	Loss Disc 6.8857e-01 (6.9215e-01)	Loss Pred 6.2611e-01 (5.6049e-01)	Loss TOTAL 1.0468e+00 (9.7847e-01)
Epoch: [22][320/496]	L_Src_Sup 2.5014e-01 (2.5596e-01)	L_Trg_Inj 2.8152e-01 (3.7143e-01)	Loss Disc 6.9490e-01 (6.9212e-01)	Loss Pred 5.7549e-01 (5.6095e-01)	Loss TOTAL 9.7611e-01 (9.7838e-01)
Epoch: [22][330/496]	L_Src_Sup 1.9782e-01 (2.5517e-01)	L_Trg_Inj 2.2240e-01 (3.7014e-01)	Loss Disc 6.9011e-01 (6.9206e-01)	Loss Pred 6.0806e-01 (5.6137e-01)	Loss TOTAL 9.9514e-01 (9.7833e-01)
Epoch: [22][340/496]	L_Src_Sup 2.5034e-01 (2.5436e-01)	L_Trg_Inj 3.4335e-01 (3.6876e-01)	Loss Disc 6.9143e-01 (6.9204e-01)	Loss Pred 5.3758e-01 (5.6135e-01)	Loss TOTAL 9.4267e-01 (9.7795e-01)
Epoch: [22][350/496]	L_Src_Sup 2.2343e-01 (2.5419e-01)	L_Trg_Inj 3.4375e-01 (3.6887e-01)	Loss Disc 6.8628e-01 (6.9205e-01)	Loss Pred 6.1325e-01 (5.6149e-01)	Loss TOTAL 1.0131e+00 (9.7784e-01)
Epoch: [22][360/496]	L_Src_Sup 2.1545e-01 (2.5413e-01)	L_Trg_Inj 2.6469e-01 (3.6726e-01)	Loss Disc 6.9345e-01 (6.9202e-01)	Loss Pred 5.9654e-01 (5.6189e-01)	Loss TOTAL 9.9128e-01 (9.7817e-01)
Epoch: [22][370/496]	L_Src_Sup 3.6958e-01 (2.5435e-01)	L_Trg_Inj 2.9720e-01 (3.6561e-01)	Loss Disc 6.8721e-01 (6.9203e-01)	Loss Pred 6.0205e-01 (5.6183e-01)	Loss TOTAL 1.0847e+00 (9.7818e-01)
Epoch: [22][380/496]	L_Src_Sup 4.2211e-01 (2.5422e-01)	L_Trg_Inj 2.6561e-01 (3.6470e-01)	Loss Disc 6.9889e-01 (6.9206e-01)	Loss Pred 5.1104e-01 (5.6184e-01)	Loss TOTAL 1.0858e+00 (9.7846e-01)
Epoch: [22][390/496]	L_Src_Sup 2.5532e-01 (2.5598e-01)	L_Trg_Inj 5.3063e-01 (3.6615e-01)	Loss Disc 6.8879e-01 (6.9206e-01)	Loss Pred 5.9130e-01 (5.6192e-01)	Loss TOTAL 1.0143e+00 (9.7888e-01)
Epoch: [22][400/496]	L_Src_Sup 3.1416e-01 (2.5577e-01)	L_Trg_Inj 2.9520e-01 (3.6661e-01)	Loss Disc 6.9708e-01 (6.9208e-01)	Loss Pred 5.5375e-01 (5.6199e-01)	Loss TOTAL 9.8219e-01 (9.7882e-01)
Epoch: [22][410/496]	L_Src_Sup 2.5187e-01 (2.5593e-01)	L_Trg_Inj 3.5894e-01 (3.6649e-01)	Loss Disc 6.9825e-01 (6.9209e-01)	Loss Pred 5.0037e-01 (5.6195e-01)	Loss TOTAL 9.1058e-01 (9.7872e-01)
Epoch: [22][420/496]	L_Src_Sup 2.0092e-01 (2.5535e-01)	L_Trg_Inj 4.2081e-01 (3.6631e-01)	Loss Disc 6.8937e-01 (6.9210e-01)	Loss Pred 5.8076e-01 (5.6186e-01)	Loss TOTAL 9.8762e-01 (9.7843e-01)
Epoch: [22][430/496]	L_Src_Sup 2.4868e-01 (2.5568e-01)	L_Trg_Inj 4.2415e-01 (3.6573e-01)	Loss Disc 6.9125e-01 (6.9210e-01)	Loss Pred 5.8073e-01 (5.6188e-01)	Loss TOTAL 9.9363e-01 (9.7831e-01)
Epoch: [22][440/496]	L_Src_Sup 1.4237e-01 (2.5371e-01)	L_Trg_Inj 2.8521e-01 (3.6512e-01)	Loss Disc 6.9078e-01 (6.9206e-01)	Loss Pred 5.9666e-01 (5.6215e-01)	Loss TOTAL 9.8481e-01 (9.7825e-01)
Epoch: [22][450/496]	L_Src_Sup 2.5724e-01 (2.5394e-01)	L_Trg_Inj 4.3724e-01 (3.6453e-01)	Loss Disc 6.9381e-01 (6.9209e-01)	Loss Pred 5.5381e-01 (5.6219e-01)	Loss TOTAL 9.7016e-01 (9.7829e-01)
Epoch: [22][460/496]	L_Src_Sup 1.8940e-01 (2.5398e-01)	L_Trg_Inj 3.3888e-01 (3.6438e-01)	Loss Disc 6.9126e-01 (6.9209e-01)	Loss Pred 5.8588e-01 (5.6217e-01)	Loss TOTAL 9.8434e-01 (9.7818e-01)
Epoch: [22][470/496]	L_Src_Sup 2.5246e-01 (2.5381e-01)	L_Trg_Inj 3.7166e-01 (3.6464e-01)	Loss Disc 6.9217e-01 (6.9210e-01)	Loss Pred 5.4290e-01 (5.6199e-01)	Loss TOTAL 9.5140e-01 (9.7808e-01)
Epoch: [22][480/496]	L_Src_Sup 3.3013e-01 (2.5369e-01)	L_Trg_Inj 2.8080e-01 (3.6506e-01)	Loss Disc 6.9163e-01 (6.9210e-01)	Loss Pred 5.8074e-01 (5.6201e-01)	Loss TOTAL 1.0370e+00 (9.7821e-01)
Epoch: [22][490/496]	L_Src_Sup 2.5754e-01 (2.5410e-01)	L_Trg_Inj 2.7082e-01 (3.6469e-01)	Loss Disc 6.9132e-01 (6.9212e-01)	Loss Pred 5.5363e-01 (5.6193e-01)	Loss TOTAL 9.5213e-01 (9.7849e-01)
Epoch: [22][496/496]	L_Src_Sup 2.4008e-01 (2.5392e-01)	L_Trg_Inj 3.7243e-01 (3.6525e-01)	Loss Disc 6.9188e-01 (6.9212e-01)	Loss Pred 5.5909e-01 (5.6195e-01)	Loss TOTAL 9.6628e-01 (9.7850e-01)
Epoch 22 complete. Saving model state...
Epoch: [23][ 10/496]	L_Src_Sup 2.8303e-01 (2.4624e-01)	L_Trg_Inj 3.5659e-01 (3.6184e-01)	Loss Disc 6.9404e-01 (6.9298e-01)	Loss Pred 5.2639e-01 (5.5255e-01)	Loss TOTAL 9.3737e-01 (9.6018e-01)
Epoch: [23][ 20/496]	L_Src_Sup 2.6626e-01 (2.4696e-01)	L_Trg_Inj 2.4763e-01 (3.7817e-01)	Loss Disc 6.9481e-01 (6.9273e-01)	Loss Pred 5.3171e-01 (5.5730e-01)	Loss TOTAL 9.4914e-01 (9.6728e-01)
Epoch: [23][ 30/496]	L_Src_Sup 2.5527e-01 (2.4660e-01)	L_Trg_Inj 3.8849e-01 (3.7762e-01)	Loss Disc 6.9448e-01 (6.9264e-01)	Loss Pred 5.5364e-01 (5.6118e-01)	Loss TOTAL 9.6525e-01 (9.7101e-01)
Epoch: [23][ 40/496]	L_Src_Sup 2.2642e-01 (2.5128e-01)	L_Trg_Inj 3.4379e-01 (3.7418e-01)	Loss Disc 6.9391e-01 (6.9279e-01)	Loss Pred 5.2640e-01 (5.5862e-01)	Loss TOTAL 9.3037e-01 (9.6939e-01)
Epoch: [23][ 50/496]	L_Src_Sup 2.3746e-01 (2.4427e-01)	L_Trg_Inj 1.9507e-01 (3.5487e-01)	Loss Disc 6.9345e-01 (6.9271e-01)	Loss Pred 5.5367e-01 (5.5803e-01)	Loss TOTAL 9.8604e-01 (9.6661e-01)
Epoch: [23][ 60/496]	L_Src_Sup 2.1575e-01 (2.4137e-01)	L_Trg_Inj 2.3422e-01 (3.4366e-01)	Loss Disc 6.9381e-01 (6.9280e-01)	Loss Pred 5.4796e-01 (5.5793e-01)	Loss TOTAL 9.3986e-01 (9.6664e-01)
Epoch: [23][ 70/496]	L_Src_Sup 1.8695e-01 (2.3976e-01)	L_Trg_Inj 3.1126e-01 (3.4332e-01)	Loss Disc 6.9276e-01 (6.9270e-01)	Loss Pred 5.2037e-01 (5.5830e-01)	Loss TOTAL 9.1657e-01 (9.6625e-01)
Epoch: [23][ 80/496]	L_Src_Sup 1.4146e-01 (2.4161e-01)	L_Trg_Inj 4.7590e-01 (3.3903e-01)	Loss Disc 6.8891e-01 (6.9255e-01)	Loss Pred 5.7000e-01 (5.6031e-01)	Loss TOTAL 9.7620e-01 (9.6867e-01)
Epoch: [23][ 90/496]	L_Src_Sup 2.3530e-01 (2.4470e-01)	L_Trg_Inj 3.9924e-01 (3.4007e-01)	Loss Disc 6.9342e-01 (6.9254e-01)	Loss Pred 5.4819e-01 (5.6131e-01)	Loss TOTAL 9.5836e-01 (9.7149e-01)
Epoch: [23][100/496]	L_Src_Sup 1.7391e-01 (2.4610e-01)	L_Trg_Inj 4.9329e-01 (3.4439e-01)	Loss Disc 6.8729e-01 (6.9235e-01)	Loss Pred 6.0234e-01 (5.6229e-01)	Loss TOTAL 1.0127e+00 (9.7343e-01)
Epoch: [23][110/496]	L_Src_Sup 2.3529e-01 (2.4763e-01)	L_Trg_Inj 3.0115e-01 (3.4444e-01)	Loss Disc 6.9118e-01 (6.9222e-01)	Loss Pred 5.4838e-01 (5.6278e-01)	Loss TOTAL 9.4762e-01 (9.7498e-01)
Epoch: [23][120/496]	L_Src_Sup 2.2681e-01 (2.4538e-01)	L_Trg_Inj 2.1849e-01 (3.3953e-01)	Loss Disc 6.9150e-01 (6.9227e-01)	Loss Pred 5.7551e-01 (5.6231e-01)	Loss TOTAL 9.7410e-01 (9.7349e-01)
Epoch: [23][130/496]	L_Src_Sup 3.0477e-01 (2.4883e-01)	L_Trg_Inj 3.9860e-01 (3.3864e-01)	Loss Disc 6.9247e-01 (6.9235e-01)	Loss Pred 5.3175e-01 (5.6115e-01)	Loss TOTAL 9.4832e-01 (9.7281e-01)
Epoch: [23][140/496]	L_Src_Sup 2.6803e-01 (2.4835e-01)	L_Trg_Inj 5.4845e-01 (3.3998e-01)	Loss Disc 6.9020e-01 (6.9234e-01)	Loss Pred 5.7548e-01 (5.6116e-01)	Loss TOTAL 1.0022e+00 (9.7291e-01)
Epoch: [23][150/496]	L_Src_Sup 2.7846e-01 (2.4803e-01)	L_Trg_Inj 3.4041e-01 (3.3867e-01)	Loss Disc 6.9367e-01 (6.9233e-01)	Loss Pred 5.3173e-01 (5.6127e-01)	Loss TOTAL 9.4045e-01 (9.7313e-01)
Epoch: [23][160/496]	L_Src_Sup 4.3136e-01 (2.4889e-01)	L_Trg_Inj 2.3434e-01 (3.3753e-01)	Loss Disc 6.9166e-01 (6.9233e-01)	Loss Pred 5.4801e-01 (5.6049e-01)	Loss TOTAL 1.1574e+00 (9.7320e-01)
Epoch: [23][170/496]	L_Src_Sup 3.2538e-01 (2.4807e-01)	L_Trg_Inj 1.6896e-01 (3.3516e-01)	Loss Disc 6.9079e-01 (6.9229e-01)	Loss Pred 5.7019e-01 (5.6038e-01)	Loss TOTAL 1.1214e+00 (9.7350e-01)
Epoch: [23][180/496]	L_Src_Sup 2.1782e-01 (2.4742e-01)	L_Trg_Inj 3.1378e-01 (3.3301e-01)	Loss Disc 6.9314e-01 (6.9226e-01)	Loss Pred 5.5351e-01 (5.6052e-01)	Loss TOTAL 9.5325e-01 (9.7328e-01)
Epoch: [23][190/496]	L_Src_Sup 1.8349e-01 (2.4640e-01)	L_Trg_Inj 4.0612e-01 (3.3321e-01)	Loss Disc 6.9474e-01 (6.9234e-01)	Loss Pred 5.0905e-01 (5.6004e-01)	Loss TOTAL 9.1538e-01 (9.7232e-01)
Epoch: [23][200/496]	L_Src_Sup 3.0477e-01 (2.4755e-01)	L_Trg_Inj 4.8371e-01 (3.3501e-01)	Loss Disc 6.9354e-01 (6.9235e-01)	Loss Pred 5.3240e-01 (5.6002e-01)	Loss TOTAL 9.5802e-01 (9.7236e-01)
Epoch: [23][210/496]	L_Src_Sup 4.1510e-01 (2.4733e-01)	L_Trg_Inj 3.9057e-01 (3.3441e-01)	Loss Disc 6.9326e-01 (6.9234e-01)	Loss Pred 5.2579e-01 (5.6045e-01)	Loss TOTAL 9.7750e-01 (9.7253e-01)
Epoch: [23][220/496]	L_Src_Sup 3.6838e-01 (2.4579e-01)	L_Trg_Inj 4.6538e-01 (3.3327e-01)	Loss Disc 6.9083e-01 (6.9229e-01)	Loss Pred 5.4244e-01 (5.6061e-01)	Loss TOTAL 9.7123e-01 (9.7232e-01)
Epoch: [23][230/496]	L_Src_Sup 1.2845e-01 (2.4345e-01)	L_Trg_Inj 4.7581e-01 (3.3498e-01)	Loss Disc 6.9597e-01 (6.9231e-01)	Loss Pred 5.0921e-01 (5.6044e-01)	Loss TOTAL 9.1762e-01 (9.7176e-01)
Epoch: [23][240/496]	L_Src_Sup 2.2956e-01 (2.4249e-01)	L_Trg_Inj 2.4993e-01 (3.3322e-01)	Loss Disc 6.9485e-01 (6.9232e-01)	Loss Pred 5.8675e-01 (5.6052e-01)	Loss TOTAL 9.8212e-01 (9.7132e-01)
Epoch: [23][250/496]	L_Src_Sup 3.2393e-01 (2.4272e-01)	L_Trg_Inj 3.5934e-01 (3.3389e-01)	Loss Disc 6.9158e-01 (6.9231e-01)	Loss Pred 5.7015e-01 (5.6026e-01)	Loss TOTAL 9.8427e-01 (9.7130e-01)
Epoch: [23][260/496]	L_Src_Sup 2.6046e-01 (2.4324e-01)	L_Trg_Inj 3.8813e-01 (3.3667e-01)	Loss Disc 6.8891e-01 (6.9225e-01)	Loss Pred 5.6452e-01 (5.6062e-01)	Loss TOTAL 9.7384e-01 (9.7225e-01)
Epoch: [23][270/496]	L_Src_Sup 2.5000e-01 (2.4457e-01)	L_Trg_Inj 3.9314e-01 (3.3724e-01)	Loss Disc 6.8991e-01 (6.9225e-01)	Loss Pred 5.8103e-01 (5.6091e-01)	Loss TOTAL 9.9030e-01 (9.7278e-01)
Epoch: [23][280/496]	L_Src_Sup 3.0780e-01 (2.4428e-01)	L_Trg_Inj 2.9526e-01 (3.3595e-01)	Loss Disc 6.9569e-01 (6.9227e-01)	Loss Pred 5.3798e-01 (5.6124e-01)	Loss TOTAL 9.5867e-01 (9.7297e-01)
Epoch: [23][290/496]	L_Src_Sup 1.0870e-01 (2.4302e-01)	L_Trg_Inj 3.1227e-01 (3.3491e-01)	Loss Disc 6.8558e-01 (6.9221e-01)	Loss Pred 6.0222e-01 (5.6173e-01)	Loss TOTAL 9.8711e-01 (9.7359e-01)
Epoch: [23][300/496]	L_Src_Sup 2.6165e-01 (2.4150e-01)	L_Trg_Inj 3.2670e-01 (3.3337e-01)	Loss Disc 6.8985e-01 (6.9223e-01)	Loss Pred 5.7394e-01 (5.6147e-01)	Loss TOTAL 9.7770e-01 (9.7282e-01)
Epoch: [23][310/496]	L_Src_Sup 3.4112e-01 (2.4185e-01)	L_Trg_Inj 2.4136e-01 (3.3542e-01)	Loss Disc 6.9321e-01 (6.9221e-01)	Loss Pred 5.4823e-01 (5.6150e-01)	Loss TOTAL 1.0528e+00 (9.7315e-01)
Epoch: [23][320/496]	L_Src_Sup 2.8815e-01 (2.4195e-01)	L_Trg_Inj 3.4253e-01 (3.3563e-01)	Loss Disc 6.9430e-01 (6.9222e-01)	Loss Pred 5.7530e-01 (5.6157e-01)	Loss TOTAL 9.8552e-01 (9.7323e-01)
Epoch: [23][330/496]	L_Src_Sup 2.6628e-01 (2.4189e-01)	L_Trg_Inj 4.0541e-01 (3.3698e-01)	Loss Disc 6.9275e-01 (6.9219e-01)	Loss Pred 5.5905e-01 (5.6158e-01)	Loss TOTAL 9.7260e-01 (9.7312e-01)
Epoch: [23][340/496]	L_Src_Sup 2.0953e-01 (2.4202e-01)	L_Trg_Inj 2.4974e-01 (3.3621e-01)	Loss Disc 6.9466e-01 (6.9217e-01)	Loss Pred 5.3220e-01 (5.6173e-01)	Loss TOTAL 9.2546e-01 (9.7318e-01)
Epoch: [23][350/496]	L_Src_Sup 2.8853e-01 (2.4244e-01)	L_Trg_Inj 4.5902e-01 (3.3669e-01)	Loss Disc 6.9342e-01 (6.9218e-01)	Loss Pred 5.3734e-01 (5.6150e-01)	Loss TOTAL 9.5881e-01 (9.7291e-01)
Epoch: [23][360/496]	L_Src_Sup 2.5809e-01 (2.4243e-01)	L_Trg_Inj 2.9673e-01 (3.3652e-01)	Loss Disc 6.8851e-01 (6.9215e-01)	Loss Pred 5.9707e-01 (5.6173e-01)	Loss TOTAL 9.9681e-01 (9.7332e-01)
Epoch: [23][370/496]	L_Src_Sup 2.2176e-02 (2.4222e-01)	L_Trg_Inj 2.5169e-01 (3.3636e-01)	Loss Disc 6.8539e-01 (6.9212e-01)	Loss Pred 6.1277e-01 (5.6209e-01)	Loss TOTAL 9.8285e-01 (9.7395e-01)
Epoch: [23][380/496]	L_Src_Sup 1.5397e-01 (2.4173e-01)	L_Trg_Inj 4.3649e-01 (3.3629e-01)	Loss Disc 6.9661e-01 (6.9213e-01)	Loss Pred 5.3781e-01 (5.6212e-01)	Loss TOTAL 9.4516e-01 (9.7405e-01)
Epoch: [23][390/496]	L_Src_Sup 3.0929e-01 (2.4256e-01)	L_Trg_Inj 4.9323e-01 (3.3860e-01)	Loss Disc 6.9719e-01 (6.9211e-01)	Loss Pred 5.7518e-01 (5.6241e-01)	Loss TOTAL 1.0040e+00 (9.7444e-01)
Epoch: [23][400/496]	L_Src_Sup 1.8948e-01 (2.4275e-01)	L_Trg_Inj 3.0699e-01 (3.3950e-01)	Loss Disc 6.9212e-01 (6.9210e-01)	Loss Pred 5.8579e-01 (5.6234e-01)	Loss TOTAL 9.8150e-01 (9.7443e-01)
Epoch: [23][410/496]	L_Src_Sup 1.3191e-01 (2.4201e-01)	L_Trg_Inj 2.5674e-01 (3.3996e-01)	Loss Disc 6.9342e-01 (6.9213e-01)	Loss Pred 5.2991e-01 (5.6225e-01)	Loss TOTAL 9.1548e-01 (9.7413e-01)
Epoch: [23][420/496]	L_Src_Sup 1.5534e-01 (2.4234e-01)	L_Trg_Inj 3.4367e-01 (3.4004e-01)	Loss Disc 6.9214e-01 (6.9213e-01)	Loss Pred 5.4319e-01 (5.6238e-01)	Loss TOTAL 9.3916e-01 (9.7459e-01)
Epoch: [23][430/496]	L_Src_Sup 2.8458e-01 (2.4260e-01)	L_Trg_Inj 2.3900e-01 (3.3900e-01)	Loss Disc 6.9528e-01 (6.9214e-01)	Loss Pred 5.5910e-01 (5.6230e-01)	Loss TOTAL 1.0047e+00 (9.7445e-01)
Epoch: [23][440/496]	L_Src_Sup 1.4352e-01 (2.4216e-01)	L_Trg_Inj 3.3790e-01 (3.3759e-01)	Loss Disc 6.8991e-01 (6.9214e-01)	Loss Pred 6.0196e-01 (5.6246e-01)	Loss TOTAL 9.9506e-01 (9.7474e-01)
Epoch: [23][450/496]	L_Src_Sup 2.8793e-01 (2.4295e-01)	L_Trg_Inj 4.9537e-01 (3.3854e-01)	Loss Disc 6.9154e-01 (6.9213e-01)	Loss Pred 5.6979e-01 (5.6253e-01)	Loss TOTAL 9.9389e-01 (9.7495e-01)
Epoch: [23][460/496]	L_Src_Sup 3.1252e-01 (2.4288e-01)	L_Trg_Inj 4.4178e-01 (3.4072e-01)	Loss Disc 6.9210e-01 (6.9211e-01)	Loss Pred 5.8049e-01 (5.6253e-01)	Loss TOTAL 1.0020e+00 (9.7497e-01)
Epoch: [23][470/496]	L_Src_Sup 2.2450e-01 (2.4326e-01)	L_Trg_Inj 3.4244e-01 (3.4168e-01)	Loss Disc 6.9232e-01 (6.9212e-01)	Loss Pred 5.6985e-01 (5.6241e-01)	Loss TOTAL 9.7270e-01 (9.7482e-01)
Epoch: [23][480/496]	L_Src_Sup 1.3730e-01 (2.4230e-01)	L_Trg_Inj 2.3570e-01 (3.4070e-01)	Loss Disc 6.9502e-01 (6.9216e-01)	Loss Pred 5.4823e-01 (5.6218e-01)	Loss TOTAL 9.3304e-01 (9.7426e-01)
Epoch: [23][490/496]	L_Src_Sup 3.8473e-01 (2.4214e-01)	L_Trg_Inj 3.5914e-01 (3.3920e-01)	Loss Disc 6.9298e-01 (6.9218e-01)	Loss Pred 5.3714e-01 (5.6195e-01)	Loss TOTAL 9.8360e-01 (9.7396e-01)
Epoch: [23][496/496]	L_Src_Sup 2.4491e-01 (2.4234e-01)	L_Trg_Inj 2.1811e-01 (3.3833e-01)	Loss Disc 6.9247e-01 (6.9219e-01)	Loss Pred 5.7005e-01 (5.6197e-01)	Loss TOTAL 9.8939e-01 (9.7398e-01)
Epoch 23 complete. Saving model state...
Epoch: [24][ 10/496]	L_Src_Sup 2.2699e-01 (2.3777e-01)	L_Trg_Inj 3.1244e-01 (3.0068e-01)	Loss Disc 6.9156e-01 (6.9132e-01)	Loss Pred 5.7544e-01 (5.8562e-01)	Loss TOTAL 9.7517e-01 (9.9654e-01)
Epoch: [24][ 20/496]	L_Src_Sup 1.0527e-01 (2.3192e-01)	L_Trg_Inj 2.6461e-01 (3.0154e-01)	Loss Disc 6.9202e-01 (6.9129e-01)	Loss Pred 5.8623e-01 (5.7504e-01)	Loss TOTAL 9.6923e-01 (9.8498e-01)
Epoch: [24][ 30/496]	L_Src_Sup 1.7582e-01 (2.3289e-01)	L_Trg_Inj 3.9170e-01 (2.8120e-01)	Loss Disc 6.8760e-01 (6.9146e-01)	Loss Pred 6.0778e-01 (5.7062e-01)	Loss TOTAL 1.0083e+00 (9.8769e-01)
Epoch: [24][ 40/496]	L_Src_Sup 2.0836e-01 (2.2175e-01)	L_Trg_Inj 3.1203e-01 (2.7120e-01)	Loss Disc 6.9238e-01 (6.9204e-01)	Loss Pred 5.8088e-01 (5.6528e-01)	Loss TOTAL 9.7911e-01 (9.7898e-01)
Epoch: [24][ 50/496]	L_Src_Sup 2.4243e-01 (2.2847e-01)	L_Trg_Inj 2.6562e-01 (2.8238e-01)	Loss Disc 6.9194e-01 (6.9199e-01)	Loss Pred 5.6448e-01 (5.6557e-01)	Loss TOTAL 9.6126e-01 (9.7924e-01)
Epoch: [24][ 60/496]	L_Src_Sup 2.7369e-01 (2.3090e-01)	L_Trg_Inj 3.1246e-01 (2.8678e-01)	Loss Disc 6.9131e-01 (6.9220e-01)	Loss Pred 5.8637e-01 (5.6440e-01)	Loss TOTAL 9.9064e-01 (9.7727e-01)
Epoch: [24][ 70/496]	L_Src_Sup 2.5532e-01 (2.3077e-01)	L_Trg_Inj 2.0311e-01 (2.9325e-01)	Loss Disc 6.8863e-01 (6.9223e-01)	Loss Pred 5.9243e-01 (5.6278e-01)	Loss TOTAL 1.0348e+00 (9.7573e-01)
Epoch: [24][ 80/496]	L_Src_Sup 1.6667e-01 (2.3439e-01)	L_Trg_Inj 3.5937e-01 (2.9841e-01)	Loss Disc 6.9068e-01 (6.9232e-01)	Loss Pred 5.8134e-01 (5.6081e-01)	Loss TOTAL 9.7929e-01 (9.7369e-01)
Epoch: [24][ 90/496]	L_Src_Sup 2.3529e-01 (2.3531e-01)	L_Trg_Inj 3.7499e-01 (3.0313e-01)	Loss Disc 6.8790e-01 (6.9236e-01)	Loss Pred 6.4247e-01 (5.6177e-01)	Loss TOTAL 1.0474e+00 (9.7381e-01)
Epoch: [24][100/496]	L_Src_Sup 1.7647e-01 (2.3694e-01)	L_Trg_Inj 2.6559e-01 (3.0503e-01)	Loss Disc 6.9340e-01 (6.9232e-01)	Loss Pred 5.4799e-01 (5.6141e-01)	Loss TOTAL 9.3889e-01 (9.7303e-01)
Epoch: [24][110/496]	L_Src_Sup 3.0928e-01 (2.3901e-01)	L_Trg_Inj 4.0288e-01 (3.0883e-01)	Loss Disc 6.9468e-01 (6.9245e-01)	Loss Pred 5.7591e-01 (5.5994e-01)	Loss TOTAL 9.9447e-01 (9.7138e-01)
Epoch: [24][120/496]	L_Src_Sup 3.6191e-01 (2.3988e-01)	L_Trg_Inj 2.8076e-01 (3.1387e-01)	Loss Disc 6.9303e-01 (6.9247e-01)	Loss Pred 5.3074e-01 (5.5878e-01)	Loss TOTAL 1.0227e+00 (9.7102e-01)
Epoch: [24][130/496]	L_Src_Sup 1.6162e-01 (2.4123e-01)	L_Trg_Inj 5.0396e-01 (3.1998e-01)	Loss Disc 6.9138e-01 (6.9236e-01)	Loss Pred 5.6461e-01 (5.5990e-01)	Loss TOTAL 9.7686e-01 (9.7238e-01)
Epoch: [24][140/496]	L_Src_Sup 1.3726e-01 (2.4253e-01)	L_Trg_Inj 3.7500e-01 (3.2794e-01)	Loss Disc 6.9370e-01 (6.9223e-01)	Loss Pred 5.4805e-01 (5.6103e-01)	Loss TOTAL 9.4613e-01 (9.7365e-01)
Epoch: [24][150/496]	L_Src_Sup 2.0202e-01 (2.4502e-01)	L_Trg_Inj 4.0324e-01 (3.3286e-01)	Loss Disc 6.9094e-01 (6.9219e-01)	Loss Pred 5.6449e-01 (5.6207e-01)	Loss TOTAL 9.7049e-01 (9.7550e-01)
Epoch: [24][160/496]	L_Src_Sup 1.9048e-01 (2.4560e-01)	L_Trg_Inj 3.9059e-01 (3.3652e-01)	Loss Disc 6.9714e-01 (6.9224e-01)	Loss Pred 5.3195e-01 (5.6222e-01)	Loss TOTAL 9.3863e-01 (9.7550e-01)
Epoch: [24][170/496]	L_Src_Sup 3.2323e-01 (2.4657e-01)	L_Trg_Inj 3.9267e-01 (3.3749e-01)	Loss Disc 6.9166e-01 (6.9226e-01)	Loss Pred 5.6456e-01 (5.6209e-01)	Loss TOTAL 9.8198e-01 (9.7519e-01)
Epoch: [24][180/496]	L_Src_Sup 2.6519e-01 (2.4649e-01)	L_Trg_Inj 3.2812e-01 (3.3810e-01)	Loss Disc 6.9316e-01 (6.9224e-01)	Loss Pred 5.6993e-01 (5.6237e-01)	Loss TOTAL 9.7584e-01 (9.7504e-01)
Epoch: [24][190/496]	L_Src_Sup 1.7143e-01 (2.4742e-01)	L_Trg_Inj 3.8060e-01 (3.3793e-01)	Loss Disc 6.9458e-01 (6.9225e-01)	Loss Pred 5.3169e-01 (5.6169e-01)	Loss TOTAL 9.3419e-01 (9.7452e-01)
Epoch: [24][200/496]	L_Src_Sup 2.1053e-01 (2.4703e-01)	L_Trg_Inj 3.1119e-01 (3.4043e-01)	Loss Disc 6.9168e-01 (6.9224e-01)	Loss Pred 5.8640e-01 (5.6214e-01)	Loss TOTAL 9.8441e-01 (9.7477e-01)
Epoch: [24][210/496]	L_Src_Sup 3.1906e-01 (2.4797e-01)	L_Trg_Inj 2.9687e-01 (3.4205e-01)	Loss Disc 6.8960e-01 (6.9221e-01)	Loss Pred 5.9187e-01 (5.6219e-01)	Loss TOTAL 1.0204e+00 (9.7480e-01)
Epoch: [24][220/496]	L_Src_Sup 3.2322e-01 (2.4748e-01)	L_Trg_Inj 2.4911e-01 (3.4075e-01)	Loss Disc 6.9110e-01 (6.9222e-01)	Loss Pred 5.6448e-01 (5.6217e-01)	Loss TOTAL 1.0414e+00 (9.7460e-01)
Epoch: [24][230/496]	L_Src_Sup 1.4894e-01 (2.4705e-01)	L_Trg_Inj 2.4988e-01 (3.4023e-01)	Loss Disc 6.8911e-01 (6.9219e-01)	Loss Pred 5.9193e-01 (5.6239e-01)	Loss TOTAL 9.7636e-01 (9.7483e-01)
Epoch: [24][240/496]	L_Src_Sup 2.1569e-01 (2.4577e-01)	L_Trg_Inj 2.0312e-01 (3.3709e-01)	Loss Disc 6.9219e-01 (6.9222e-01)	Loss Pred 5.4827e-01 (5.6180e-01)	Loss TOTAL 9.4882e-01 (9.7397e-01)
Epoch: [24][250/496]	L_Src_Sup 2.9705e-01 (2.4497e-01)	L_Trg_Inj 3.4350e-01 (3.3580e-01)	Loss Disc 6.9145e-01 (6.9226e-01)	Loss Pred 5.5358e-01 (5.6167e-01)	Loss TOTAL 9.6336e-01 (9.7360e-01)
Epoch: [24][260/496]	L_Src_Sup 2.1506e-01 (2.4472e-01)	L_Trg_Inj 2.1871e-01 (3.3242e-01)	Loss Disc 6.8903e-01 (6.9224e-01)	Loss Pred 5.9765e-01 (5.6182e-01)	Loss TOTAL 9.8554e-01 (9.7378e-01)
Epoch: [24][270/496]	L_Src_Sup 1.9804e-01 (2.4538e-01)	L_Trg_Inj 3.2801e-01 (3.3002e-01)	Loss Disc 6.9213e-01 (6.9227e-01)	Loss Pred 5.5354e-01 (5.6165e-01)	Loss TOTAL 9.5221e-01 (9.7438e-01)
Epoch: [24][280/496]	L_Src_Sup 4.3140e-01 (2.4612e-01)	L_Trg_Inj 4.6852e-01 (3.2923e-01)	Loss Disc 6.9446e-01 (6.9231e-01)	Loss Pred 5.4794e-01 (5.6152e-01)	Loss TOTAL 9.8517e-01 (9.7470e-01)
Epoch: [24][290/496]	L_Src_Sup 1.0000e-01 (2.4488e-01)	L_Trg_Inj 3.4374e-01 (3.3024e-01)	Loss Disc 6.9141e-01 (6.9233e-01)	Loss Pred 5.5900e-01 (5.6158e-01)	Loss TOTAL 9.4908e-01 (9.7442e-01)
Epoch: [24][300/496]	L_Src_Sup 3.1482e-01 (2.4517e-01)	L_Trg_Inj 2.6553e-01 (3.3186e-01)	Loss Disc 6.9729e-01 (6.9234e-01)	Loss Pred 5.1499e-01 (5.6148e-01)	Loss TOTAL 9.7096e-01 (9.7437e-01)
Epoch: [24][310/496]	L_Src_Sup 3.0770e-01 (2.4580e-01)	L_Trg_Inj 3.2812e-01 (3.3266e-01)	Loss Disc 6.9149e-01 (6.9235e-01)	Loss Pred 6.0913e-01 (5.6133e-01)	Loss TOTAL 1.0185e+00 (9.7438e-01)
Epoch: [24][320/496]	L_Src_Sup 2.1359e-01 (2.4534e-01)	L_Trg_Inj 2.1875e-01 (3.3306e-01)	Loss Disc 6.9641e-01 (6.9237e-01)	Loss Pred 5.4239e-01 (5.6137e-01)	Loss TOTAL 9.3382e-01 (9.7415e-01)
Epoch: [24][330/496]	L_Src_Sup 3.4667e-01 (2.4455e-01)	L_Trg_Inj 2.6621e-01 (3.3112e-01)	Loss Disc 6.9226e-01 (6.9235e-01)	Loss Pred 5.7352e-01 (5.6174e-01)	Loss TOTAL 1.0614e+00 (9.7436e-01)
Epoch: [24][340/496]	L_Src_Sup 2.8830e-01 (2.4443e-01)	L_Trg_Inj 2.9622e-01 (3.3184e-01)	Loss Disc 6.9452e-01 (6.9234e-01)	Loss Pred 4.9853e-01 (5.6144e-01)	Loss TOTAL 9.0424e-01 (9.7385e-01)
Epoch: [24][350/496]	L_Src_Sup 2.0371e-01 (2.4509e-01)	L_Trg_Inj 3.2801e-01 (3.3199e-01)	Loss Disc 6.9302e-01 (6.9237e-01)	Loss Pred 5.1414e-01 (5.6080e-01)	Loss TOTAL 9.1382e-01 (9.7328e-01)
Epoch: [24][360/496]	L_Src_Sup 2.3656e-01 (2.4511e-01)	L_Trg_Inj 3.8906e-01 (3.3144e-01)	Loss Disc 6.8953e-01 (6.9233e-01)	Loss Pred 5.9816e-01 (5.6114e-01)	Loss TOTAL 1.0055e+00 (9.7368e-01)
Epoch: [24][370/496]	L_Src_Sup 1.5687e-01 (2.4495e-01)	L_Trg_Inj 4.5289e-01 (3.3273e-01)	Loss Disc 6.9176e-01 (6.9230e-01)	Loss Pred 5.4798e-01 (5.6144e-01)	Loss TOTAL 9.5483e-01 (9.7384e-01)
Epoch: [24][380/496]	L_Src_Sup 3.2669e-01 (2.4517e-01)	L_Trg_Inj 3.1248e-01 (3.3444e-01)	Loss Disc 6.9493e-01 (6.9229e-01)	Loss Pred 5.3725e-01 (5.6168e-01)	Loss TOTAL 9.6284e-01 (9.7408e-01)
Epoch: [24][390/496]	L_Src_Sup 2.4744e-01 (2.4464e-01)	L_Trg_Inj 4.4332e-01 (3.3495e-01)	Loss Disc 6.9011e-01 (6.9227e-01)	Loss Pred 5.7557e-01 (5.6151e-01)	Loss TOTAL 9.8970e-01 (9.7374e-01)
Epoch: [24][400/496]	L_Src_Sup 1.9566e-01 (2.4338e-01)	L_Trg_Inj 2.6294e-01 (3.3441e-01)	Loss Disc 6.8948e-01 (6.9226e-01)	Loss Pred 6.0320e-01 (5.6149e-01)	Loss TOTAL 9.9380e-01 (9.7338e-01)
Epoch: [24][410/496]	L_Src_Sup 2.8004e-01 (2.4316e-01)	L_Trg_Inj 2.3436e-01 (3.3257e-01)	Loss Disc 6.9228e-01 (6.9225e-01)	Loss Pred 5.5901e-01 (5.6145e-01)	Loss TOTAL 1.0023e+00 (9.7352e-01)
Epoch: [24][420/496]	L_Src_Sup 2.8325e-01 (2.4344e-01)	L_Trg_Inj 2.8117e-01 (3.3187e-01)	Loss Disc 6.9241e-01 (6.9227e-01)	Loss Pred 5.2697e-01 (5.6115e-01)	Loss TOTAL 9.3170e-01 (9.7318e-01)
Epoch: [24][430/496]	L_Src_Sup 3.3664e-01 (2.4351e-01)	L_Trg_Inj 3.5937e-01 (3.3133e-01)	Loss Disc 6.9184e-01 (6.9227e-01)	Loss Pred 5.5342e-01 (5.6116e-01)	Loss TOTAL 9.6894e-01 (9.7325e-01)
Epoch: [24][440/496]	L_Src_Sup 1.5238e-01 (2.4354e-01)	L_Trg_Inj 3.9031e-01 (3.3100e-01)	Loss Disc 6.9482e-01 (6.9227e-01)	Loss Pred 5.3116e-01 (5.6112e-01)	Loss TOTAL 9.3283e-01 (9.7328e-01)
Epoch: [24][450/496]	L_Src_Sup 2.3077e-01 (2.4340e-01)	L_Trg_Inj 1.8750e-01 (3.3052e-01)	Loss Disc 6.9256e-01 (6.9225e-01)	Loss Pred 5.3698e-01 (5.6141e-01)	Loss TOTAL 9.6836e-01 (9.7370e-01)
Epoch: [24][460/496]	L_Src_Sup 2.8631e-01 (2.4283e-01)	L_Trg_Inj 2.9838e-01 (3.3063e-01)	Loss Disc 6.9077e-01 (6.9222e-01)	Loss Pred 5.5359e-01 (5.6168e-01)	Loss TOTAL 9.5744e-01 (9.7372e-01)
Epoch: [24][470/496]	L_Src_Sup 1.5686e-01 (2.4219e-01)	L_Trg_Inj 1.2261e-01 (3.2804e-01)	Loss Disc 6.9489e-01 (6.9220e-01)	Loss Pred 5.4844e-01 (5.6202e-01)	Loss TOTAL 9.5808e-01 (9.7437e-01)
Epoch: [24][480/496]	L_Src_Sup 3.8103e-01 (2.4238e-01)	L_Trg_Inj 3.1243e-01 (3.2784e-01)	Loss Disc 6.9043e-01 (6.9217e-01)	Loss Pred 5.3241e-01 (5.6202e-01)	Loss TOTAL 1.0156e+00 (9.7457e-01)
Epoch: [24][490/496]	L_Src_Sup 1.8949e-01 (2.4263e-01)	L_Trg_Inj 4.0479e-01 (3.2910e-01)	Loss Disc 6.9036e-01 (6.9211e-01)	Loss Pred 5.8608e-01 (5.6210e-01)	Loss TOTAL 9.9069e-01 (9.7480e-01)
Epoch: [24][496/496]	L_Src_Sup 2.3403e-01 (2.4326e-01)	L_Trg_Inj 2.5610e-01 (3.3011e-01)	Loss Disc 6.8944e-01 (6.9212e-01)	Loss Pred 5.9144e-01 (5.6213e-01)	Loss TOTAL 9.8518e-01 (9.7488e-01)
Epoch 24 complete. Saving model state...
Epoch: [25][ 10/496]	L_Src_Sup 2.8299e-01 (2.3659e-01)	L_Trg_Inj 3.9061e-01 (4.3350e-01)	Loss Disc 6.9588e-01 (6.9248e-01)	Loss Pred 5.2688e-01 (5.6274e-01)	Loss TOTAL 9.4218e-01 (9.7599e-01)
Epoch: [25][ 20/496]	L_Src_Sup 2.3036e-01 (2.2845e-01)	L_Trg_Inj 4.2183e-01 (4.1492e-01)	Loss Disc 6.8801e-01 (6.9169e-01)	Loss Pred 5.8054e-01 (5.6712e-01)	Loss TOTAL 9.8976e-01 (9.7976e-01)
Epoch: [25][ 30/496]	L_Src_Sup 2.7958e-01 (2.3715e-01)	L_Trg_Inj 2.3358e-01 (3.7635e-01)	Loss Disc 6.9087e-01 (6.9217e-01)	Loss Pred 5.9651e-01 (5.6767e-01)	Loss TOTAL 1.0393e+00 (9.8142e-01)
Epoch: [25][ 40/496]	L_Src_Sup 6.7418e-02 (2.3656e-01)	L_Trg_Inj 4.6781e-01 (3.8162e-01)	Loss Disc 6.8600e-01 (6.9190e-01)	Loss Pred 6.1908e-01 (5.6447e-01)	Loss TOTAL 1.0156e+00 (9.7766e-01)
Epoch: [25][ 50/496]	L_Src_Sup 3.0518e-01 (2.3137e-01)	L_Trg_Inj 2.3401e-01 (3.7001e-01)	Loss Disc 6.8999e-01 (6.9192e-01)	Loss Pred 5.6984e-01 (5.6385e-01)	Loss TOTAL 1.0399e+00 (9.7571e-01)
Epoch: [25][ 60/496]	L_Src_Sup 2.1792e-01 (2.3212e-01)	L_Trg_Inj 2.8046e-01 (3.5827e-01)	Loss Disc 6.9782e-01 (6.9171e-01)	Loss Pred 5.5376e-01 (5.6459e-01)	Loss TOTAL 9.5251e-01 (9.7432e-01)
Epoch: [25][ 70/496]	L_Src_Sup 2.5000e-01 (2.3438e-01)	L_Trg_Inj 3.1248e-01 (3.5238e-01)	Loss Disc 6.9311e-01 (6.9179e-01)	Loss Pred 5.3778e-01 (5.6442e-01)	Loss TOTAL 9.4058e-01 (9.7478e-01)
Epoch: [25][ 80/496]	L_Src_Sup 2.5000e-01 (2.3364e-01)	L_Trg_Inj 2.6562e-01 (3.4367e-01)	Loss Disc 6.9477e-01 (6.9195e-01)	Loss Pred 5.5676e-01 (5.6406e-01)	Loss TOTAL 9.5571e-01 (9.7450e-01)
Epoch: [25][ 90/496]	L_Src_Sup 2.5000e-01 (2.2992e-01)	L_Trg_Inj 2.1814e-01 (3.3343e-01)	Loss Disc 6.9755e-01 (6.9202e-01)	Loss Pred 5.3784e-01 (5.6369e-01)	Loss TOTAL 9.6529e-01 (9.7259e-01)
Epoch: [25][100/496]	L_Src_Sup 1.9050e-01 (2.2844e-01)	L_Trg_Inj 2.2877e-01 (3.2589e-01)	Loss Disc 6.9526e-01 (6.9208e-01)	Loss Pred 5.3200e-01 (5.6259e-01)	Loss TOTAL 9.2155e-01 (9.7068e-01)
Epoch: [25][110/496]	L_Src_Sup 2.6263e-01 (2.3046e-01)	L_Trg_Inj 4.3749e-01 (3.2321e-01)	Loss Disc 6.9267e-01 (6.9212e-01)	Loss Pred 5.6456e-01 (5.6211e-01)	Loss TOTAL 9.8090e-01 (9.7198e-01)
Epoch: [25][120/496]	L_Src_Sup 1.1881e-01 (2.3140e-01)	L_Trg_Inj 3.0765e-01 (3.2754e-01)	Loss Disc 6.9375e-01 (6.9215e-01)	Loss Pred 5.5354e-01 (5.6175e-01)	Loss TOTAL 9.4307e-01 (9.7204e-01)
Epoch: [25][130/496]	L_Src_Sup 3.5282e-01 (2.3619e-01)	L_Trg_Inj 2.8180e-01 (3.2983e-01)	Loss Disc 6.9180e-01 (6.9210e-01)	Loss Pred 5.4815e-01 (5.6222e-01)	Loss TOTAL 1.0285e+00 (9.7317e-01)
Epoch: [25][140/496]	L_Src_Sup 2.1127e-01 (2.3768e-01)	L_Trg_Inj 4.6809e-01 (3.3660e-01)	Loss Disc 6.9741e-01 (6.9211e-01)	Loss Pred 5.3723e-01 (5.6196e-01)	Loss TOTAL 9.5387e-01 (9.7315e-01)
Epoch: [25][150/496]	L_Src_Sup 1.7764e-01 (2.3765e-01)	L_Trg_Inj 3.9042e-01 (3.4108e-01)	Loss Disc 6.8956e-01 (6.9205e-01)	Loss Pred 5.4807e-01 (5.6180e-01)	Loss TOTAL 9.4965e-01 (9.7289e-01)
Epoch: [25][160/496]	L_Src_Sup 2.7660e-01 (2.3755e-01)	L_Trg_Inj 2.3426e-01 (3.4144e-01)	Loss Disc 6.8902e-01 (6.9211e-01)	Loss Pred 5.9191e-01 (5.6192e-01)	Loss TOTAL 1.0298e+00 (9.7289e-01)
Epoch: [25][170/496]	L_Src_Sup 2.7951e-01 (2.3749e-01)	L_Trg_Inj 3.4208e-01 (3.4251e-01)	Loss Disc 6.8817e-01 (6.9210e-01)	Loss Pred 5.9728e-01 (5.6211e-01)	Loss TOTAL 1.0035e+00 (9.7286e-01)
Epoch: [25][180/496]	L_Src_Sup 2.2633e-01 (2.3984e-01)	L_Trg_Inj 2.1873e-01 (3.4123e-01)	Loss Disc 6.8938e-01 (6.9215e-01)	Loss Pred 5.7537e-01 (5.6212e-01)	Loss TOTAL 9.7217e-01 (9.7357e-01)
Epoch: [25][190/496]	L_Src_Sup 2.6531e-01 (2.3916e-01)	L_Trg_Inj 3.3323e-01 (3.4068e-01)	Loss Disc 6.9010e-01 (6.9214e-01)	Loss Pred 5.6987e-01 (5.6252e-01)	Loss TOTAL 9.7478e-01 (9.7345e-01)
Epoch: [25][200/496]	L_Src_Sup 1.9162e-01 (2.3839e-01)	L_Trg_Inj 1.8502e-01 (3.3923e-01)	Loss Disc 6.9195e-01 (6.9209e-01)	Loss Pred 5.6993e-01 (5.6226e-01)	Loss TOTAL 9.6017e-01 (9.7264e-01)
Epoch: [25][210/496]	L_Src_Sup 2.3525e-01 (2.3768e-01)	L_Trg_Inj 3.3710e-01 (3.3593e-01)	Loss Disc 6.9684e-01 (6.9208e-01)	Loss Pred 5.4827e-01 (5.6273e-01)	Loss TOTAL 9.5393e-01 (9.7330e-01)
Epoch: [25][220/496]	L_Src_Sup 3.3347e-01 (2.3821e-01)	L_Trg_Inj 3.5933e-01 (3.3226e-01)	Loss Disc 6.8667e-01 (6.9211e-01)	Loss Pred 6.1334e-01 (5.6258e-01)	Loss TOTAL 1.0260e+00 (9.7420e-01)
Epoch: [25][230/496]	L_Src_Sup 1.4583e-01 (2.3943e-01)	L_Trg_Inj 2.8121e-01 (3.3173e-01)	Loss Disc 6.9118e-01 (6.9210e-01)	Loss Pred 5.8057e-01 (5.6294e-01)	Loss TOTAL 9.6886e-01 (9.7513e-01)
Epoch: [25][240/496]	L_Src_Sup 1.7308e-01 (2.4013e-01)	L_Trg_Inj 3.2794e-01 (3.3130e-01)	Loss Disc 6.9483e-01 (6.9213e-01)	Loss Pred 5.3766e-01 (5.6287e-01)	Loss TOTAL 9.3518e-01 (9.7500e-01)
Epoch: [25][250/496]	L_Src_Sup 2.6989e-01 (2.3964e-01)	L_Trg_Inj 3.8432e-01 (3.3057e-01)	Loss Disc 6.9010e-01 (6.9214e-01)	Loss Pred 5.8070e-01 (5.6283e-01)	Loss TOTAL 9.9117e-01 (9.7486e-01)
Epoch: [25][260/496]	L_Src_Sup 4.0425e-01 (2.3973e-01)	L_Trg_Inj 4.2063e-01 (3.3056e-01)	Loss Disc 6.8821e-01 (6.9212e-01)	Loss Pred 5.9120e-01 (5.6327e-01)	Loss TOTAL 1.0178e+00 (9.7495e-01)
Epoch: [25][270/496]	L_Src_Sup 3.0211e-01 (2.3990e-01)	L_Trg_Inj 3.1805e-01 (3.2953e-01)	Loss Disc 6.8920e-01 (6.9214e-01)	Loss Pred 5.6853e-01 (5.6303e-01)	Loss TOTAL 9.7515e-01 (9.7488e-01)
Epoch: [25][280/496]	L_Src_Sup 2.1359e-01 (2.3925e-01)	L_Trg_Inj 2.9668e-01 (3.2948e-01)	Loss Disc 6.9198e-01 (6.9216e-01)	Loss Pred 5.4322e-01 (5.6312e-01)	Loss TOTAL 9.4024e-01 (9.7489e-01)
Epoch: [25][290/496]	L_Src_Sup 1.5385e-01 (2.3828e-01)	L_Trg_Inj 3.1250e-01 (3.2768e-01)	Loss Disc 6.9009e-01 (6.9216e-01)	Loss Pred 6.0756e-01 (5.6305e-01)	Loss TOTAL 9.9924e-01 (9.7461e-01)
Epoch: [25][300/496]	L_Src_Sup 1.9608e-01 (2.3877e-01)	L_Trg_Inj 3.1234e-01 (3.2743e-01)	Loss Disc 6.9111e-01 (6.9217e-01)	Loss Pred 5.4808e-01 (5.6242e-01)	Loss TOTAL 9.4447e-01 (9.7394e-01)
Epoch: [25][310/496]	L_Src_Sup 4.1175e-01 (2.3924e-01)	L_Trg_Inj 3.4341e-01 (3.2714e-01)	Loss Disc 6.9556e-01 (6.9217e-01)	Loss Pred 5.4806e-01 (5.6237e-01)	Loss TOTAL 1.0397e+00 (9.7416e-01)
Epoch: [25][320/496]	L_Src_Sup 1.8367e-01 (2.3941e-01)	L_Trg_Inj 3.7599e-01 (3.2755e-01)	Loss Disc 6.8875e-01 (6.9216e-01)	Loss Pred 5.7006e-01 (5.6206e-01)	Loss TOTAL 9.7040e-01 (9.7389e-01)
Epoch: [25][330/496]	L_Src_Sup 1.1765e-01 (2.3992e-01)	L_Trg_Inj 2.3417e-01 (3.2614e-01)	Loss Disc 6.9438e-01 (6.9218e-01)	Loss Pred 5.4785e-01 (5.6191e-01)	Loss TOTAL 9.3022e-01 (9.7418e-01)
Epoch: [25][340/496]	L_Src_Sup 1.8182e-01 (2.3971e-01)	L_Trg_Inj 1.8741e-01 (3.2453e-01)	Loss Disc 6.9275e-01 (6.9217e-01)	Loss Pred 5.6450e-01 (5.6227e-01)	Loss TOTAL 9.4780e-01 (9.7435e-01)
Epoch: [25][350/496]	L_Src_Sup 2.7186e-01 (2.3975e-01)	L_Trg_Inj 3.4364e-01 (3.2307e-01)	Loss Disc 6.9254e-01 (6.9217e-01)	Loss Pred 5.4250e-01 (5.6215e-01)	Loss TOTAL 9.5032e-01 (9.7477e-01)
Epoch: [25][360/496]	L_Src_Sup 2.0000e-01 (2.3919e-01)	L_Trg_Inj 2.9684e-01 (3.2163e-01)	Loss Disc 6.9302e-01 (6.9218e-01)	Loss Pred 5.5900e-01 (5.6217e-01)	Loss TOTAL 9.5519e-01 (9.7465e-01)
Epoch: [25][370/496]	L_Src_Sup 2.2450e-01 (2.4002e-01)	L_Trg_Inj 2.8114e-01 (3.2006e-01)	Loss Disc 6.9538e-01 (6.9218e-01)	Loss Pred 5.7008e-01 (5.6214e-01)	Loss TOTAL 9.6833e-01 (9.7522e-01)
Epoch: [25][380/496]	L_Src_Sup 2.8283e-01 (2.4086e-01)	L_Trg_Inj 3.8936e-01 (3.2060e-01)	Loss Disc 6.9435e-01 (6.9220e-01)	Loss Pred 5.6449e-01 (5.6236e-01)	Loss TOTAL 9.7888e-01 (9.7548e-01)
Epoch: [25][390/496]	L_Src_Sup 1.2632e-01 (2.4052e-01)	L_Trg_Inj 4.2123e-01 (3.2086e-01)	Loss Disc 6.9116e-01 (6.9221e-01)	Loss Pred 5.8627e-01 (5.6242e-01)	Loss TOTAL 9.8660e-01 (9.7538e-01)
Epoch: [25][400/496]	L_Src_Sup 2.6000e-01 (2.4017e-01)	L_Trg_Inj 2.4999e-01 (3.2006e-01)	Loss Disc 6.9331e-01 (6.9221e-01)	Loss Pred 5.5902e-01 (5.6234e-01)	Loss TOTAL 9.6667e-01 (9.7521e-01)
Epoch: [25][410/496]	L_Src_Sup 3.4043e-01 (2.3974e-01)	L_Trg_Inj 1.6774e-01 (3.1833e-01)	Loss Disc 6.9068e-01 (6.9223e-01)	Loss Pred 5.9231e-01 (5.6191e-01)	Loss TOTAL 1.1612e+00 (9.7489e-01)
Epoch: [25][420/496]	L_Src_Sup 1.6327e-01 (2.3851e-01)	L_Trg_Inj 2.4995e-01 (3.1618e-01)	Loss Disc 6.9131e-01 (6.9222e-01)	Loss Pred 5.6997e-01 (5.6226e-01)	Loss TOTAL 9.5695e-01 (9.7489e-01)
Epoch: [25][430/496]	L_Src_Sup 2.4999e-01 (2.3871e-01)	L_Trg_Inj 3.1246e-01 (3.1605e-01)	Loss Disc 6.9244e-01 (6.9222e-01)	Loss Pred 5.8093e-01 (5.6221e-01)	Loss TOTAL 9.8340e-01 (9.7517e-01)
Epoch: [25][440/496]	L_Src_Sup 2.0619e-01 (2.3774e-01)	L_Trg_Inj 1.8739e-01 (3.1490e-01)	Loss Disc 6.9131e-01 (6.9223e-01)	Loss Pred 5.7552e-01 (5.6209e-01)	Loss TOTAL 9.7934e-01 (9.7497e-01)
Epoch: [25][450/496]	L_Src_Sup 2.3789e-01 (2.3776e-01)	L_Trg_Inj 2.9372e-01 (3.1449e-01)	Loss Disc 6.9139e-01 (6.9224e-01)	Loss Pred 5.5571e-01 (5.6202e-01)	Loss TOTAL 9.5457e-01 (9.7496e-01)
Epoch: [25][460/496]	L_Src_Sup 1.9358e-01 (2.3843e-01)	L_Trg_Inj 4.0614e-01 (3.1431e-01)	Loss Disc 6.8696e-01 (6.9220e-01)	Loss Pred 5.9775e-01 (5.6216e-01)	Loss TOTAL 1.0012e+00 (9.7572e-01)
Epoch: [25][470/496]	L_Src_Sup 1.7649e-01 (2.3893e-01)	L_Trg_Inj 3.5328e-01 (3.1400e-01)	Loss Disc 6.9269e-01 (6.9223e-01)	Loss Pred 5.4805e-01 (5.6191e-01)	Loss TOTAL 9.4737e-01 (9.7565e-01)
Epoch: [25][480/496]	L_Src_Sup 2.5744e-01 (2.3823e-01)	L_Trg_Inj 3.7994e-01 (3.1398e-01)	Loss Disc 6.9058e-01 (6.9222e-01)	Loss Pred 5.5358e-01 (5.6193e-01)	Loss TOTAL 9.6261e-01 (9.7534e-01)
Epoch: [25][490/496]	L_Src_Sup 2.8001e-01 (2.3820e-01)	L_Trg_Inj 3.7712e-01 (3.1414e-01)	Loss Disc 6.9164e-01 (6.9221e-01)	Loss Pred 5.5904e-01 (5.6204e-01)	Loss TOTAL 9.7058e-01 (9.7543e-01)
Epoch: [25][496/496]	L_Src_Sup 2.2642e-01 (2.3803e-01)	L_Trg_Inj 2.9482e-01 (3.1384e-01)	Loss Disc 6.9106e-01 (6.9221e-01)	Loss Pred 5.2615e-01 (5.6200e-01)	Loss TOTAL 9.2380e-01 (9.7530e-01)
Epoch 25 complete. Saving model state...
Epoch: [26][ 10/496]	L_Src_Sup 2.2000e-01 (2.1699e-01)	L_Trg_Inj 2.9685e-01 (2.9840e-01)	Loss Disc 6.9067e-01 (6.9106e-01)	Loss Pred 5.5905e-01 (5.6796e-01)	Loss TOTAL 9.5607e-01 (9.6503e-01)
Epoch: [26][ 20/496]	L_Src_Sup 3.4607e-01 (2.1841e-01)	L_Trg_Inj 3.3170e-01 (2.9387e-01)	Loss Disc 6.9247e-01 (6.9237e-01)	Loss Pred 5.3689e-01 (5.5806e-01)	Loss TOTAL 9.6527e-01 (9.6113e-01)
Epoch: [26][ 30/496]	L_Src_Sup 1.8557e-01 (2.2855e-01)	L_Trg_Inj 3.8446e-01 (3.1458e-01)	Loss Disc 6.8945e-01 (6.9203e-01)	Loss Pred 5.7560e-01 (5.6061e-01)	Loss TOTAL 9.7732e-01 (9.6638e-01)
Epoch: [26][ 40/496]	L_Src_Sup 3.2360e-01 (2.3467e-01)	L_Trg_Inj 2.4999e-01 (3.1592e-01)	Loss Disc 6.9377e-01 (6.9232e-01)	Loss Pred 5.5914e-01 (5.6160e-01)	Loss TOTAL 1.0370e+00 (9.7041e-01)
Epoch: [26][ 50/496]	L_Src_Sup 2.1569e-01 (2.3296e-01)	L_Trg_Inj 2.6439e-01 (3.0460e-01)	Loss Disc 6.9500e-01 (6.9227e-01)	Loss Pred 5.4799e-01 (5.5979e-01)	Loss TOTAL 9.4350e-01 (9.7052e-01)
Epoch: [26][ 60/496]	L_Src_Sup 2.5001e-01 (2.3484e-01)	L_Trg_Inj 3.2169e-01 (3.0011e-01)	Loss Disc 6.8769e-01 (6.9222e-01)	Loss Pred 5.8153e-01 (5.6161e-01)	Loss TOTAL 9.8255e-01 (9.7213e-01)
Epoch: [26][ 70/496]	L_Src_Sup 2.0187e-01 (2.3147e-01)	L_Trg_Inj 3.7338e-01 (2.9962e-01)	Loss Disc 6.9676e-01 (6.9222e-01)	Loss Pred 5.1027e-01 (5.6252e-01)	Loss TOTAL 9.1618e-01 (9.7171e-01)
Epoch: [26][ 80/496]	L_Src_Sup 1.4434e-01 (2.3258e-01)	L_Trg_Inj 3.2741e-01 (3.0879e-01)	Loss Disc 6.8984e-01 (6.9213e-01)	Loss Pred 5.7545e-01 (5.6202e-01)	Loss TOTAL 9.6754e-01 (9.7095e-01)
Epoch: [26][ 90/496]	L_Src_Sup 2.0000e-01 (2.3591e-01)	L_Trg_Inj 3.0877e-01 (3.1276e-01)	Loss Disc 6.8811e-01 (6.9202e-01)	Loss Pred 6.1335e-01 (5.6303e-01)	Loss TOTAL 1.0083e+00 (9.7225e-01)
Epoch: [26][100/496]	L_Src_Sup 2.6263e-01 (2.3999e-01)	L_Trg_Inj 3.9035e-01 (3.1946e-01)	Loss Disc 6.9178e-01 (6.9209e-01)	Loss Pred 5.6456e-01 (5.6253e-01)	Loss TOTAL 9.7575e-01 (9.7239e-01)
Epoch: [26][110/496]	L_Src_Sup 2.2449e-01 (2.3745e-01)	L_Trg_Inj 3.7472e-01 (3.2149e-01)	Loss Disc 6.8945e-01 (6.9205e-01)	Loss Pred 5.6991e-01 (5.6284e-01)	Loss TOTAL 9.7456e-01 (9.7207e-01)
Epoch: [26][120/496]	L_Src_Sup 2.6087e-01 (2.3820e-01)	L_Trg_Inj 2.5000e-01 (3.1964e-01)	Loss Disc 6.9201e-01 (6.9214e-01)	Loss Pred 6.0292e-01 (5.6198e-01)	Loss TOTAL 1.0109e+00 (9.7229e-01)
Epoch: [26][130/496]	L_Src_Sup 2.1053e-01 (2.3640e-01)	L_Trg_Inj 4.3517e-01 (3.1669e-01)	Loss Disc 6.9081e-01 (6.9210e-01)	Loss Pred 5.8643e-01 (5.6193e-01)	Loss TOTAL 9.9641e-01 (9.7213e-01)
Epoch: [26][140/496]	L_Src_Sup 2.9167e-01 (2.3718e-01)	L_Trg_Inj 2.9522e-01 (3.1503e-01)	Loss Disc 6.9195e-01 (6.9217e-01)	Loss Pred 5.8091e-01 (5.6211e-01)	Loss TOTAL 9.8557e-01 (9.7327e-01)
Epoch: [26][150/496]	L_Src_Sup 1.1881e-01 (2.3693e-01)	L_Trg_Inj 2.6815e-01 (3.1307e-01)	Loss Disc 6.9256e-01 (6.9221e-01)	Loss Pred 5.5358e-01 (5.6184e-01)	Loss TOTAL 9.3856e-01 (9.7299e-01)
Epoch: [26][160/496]	L_Src_Sup 1.5842e-01 (2.3666e-01)	L_Trg_Inj 3.4211e-01 (3.1106e-01)	Loss Disc 6.9292e-01 (6.9223e-01)	Loss Pred 5.5365e-01 (5.6167e-01)	Loss TOTAL 9.5017e-01 (9.7330e-01)
Epoch: [26][170/496]	L_Src_Sup 2.3405e-01 (2.3929e-01)	L_Trg_Inj 3.1245e-01 (3.1610e-01)	Loss Disc 6.9040e-01 (6.9223e-01)	Loss Pred 5.9177e-01 (5.6212e-01)	Loss TOTAL 9.9162e-01 (9.7425e-01)
Epoch: [26][180/496]	L_Src_Sup 4.2424e-01 (2.4236e-01)	L_Trg_Inj 2.9687e-01 (3.2118e-01)	Loss Disc 6.9352e-01 (6.9221e-01)	Loss Pred 5.6447e-01 (5.6210e-01)	Loss TOTAL 1.1107e+00 (9.7534e-01)
Epoch: [26][190/496]	L_Src_Sup 2.5001e-01 (2.4534e-01)	L_Trg_Inj 4.5269e-01 (3.2699e-01)	Loss Disc 6.8874e-01 (6.9212e-01)	Loss Pred 5.8042e-01 (5.6345e-01)	Loss TOTAL 9.9506e-01 (9.7695e-01)
Epoch: [26][200/496]	L_Src_Sup 2.6727e-01 (2.4620e-01)	L_Trg_Inj 4.6874e-01 (3.2939e-01)	Loss Disc 6.8592e-01 (6.9206e-01)	Loss Pred 5.9669e-01 (5.6325e-01)	Loss TOTAL 1.0133e+00 (9.7658e-01)
Epoch: [26][210/496]	L_Src_Sup 2.3913e-01 (2.4750e-01)	L_Trg_Inj 4.3750e-01 (3.3117e-01)	Loss Disc 6.9253e-01 (6.9196e-01)	Loss Pred 6.0146e-01 (5.6423e-01)	Loss TOTAL 1.0154e+00 (9.7779e-01)
Epoch: [26][220/496]	L_Src_Sup 2.0409e-01 (2.4698e-01)	L_Trg_Inj 4.3257e-01 (3.3361e-01)	Loss Disc 6.9196e-01 (6.9199e-01)	Loss Pred 5.6970e-01 (5.6431e-01)	Loss TOTAL 9.7935e-01 (9.7771e-01)
Epoch: [26][230/496]	L_Src_Sup 1.6667e-01 (2.4510e-01)	L_Trg_Inj 3.3153e-01 (3.3374e-01)	Loss Disc 6.8851e-01 (6.9205e-01)	Loss Pred 5.8054e-01 (5.6395e-01)	Loss TOTAL 9.7461e-01 (9.7706e-01)
Epoch: [26][240/496]	L_Src_Sup 1.9593e-01 (2.4417e-01)	L_Trg_Inj 2.3425e-01 (3.3243e-01)	Loss Disc 6.9532e-01 (6.9205e-01)	Loss Pred 5.5250e-01 (5.6354e-01)	Loss TOTAL 9.4318e-01 (9.7605e-01)
Epoch: [26][250/496]	L_Src_Sup 3.3012e-01 (2.4451e-01)	L_Trg_Inj 3.4374e-01 (3.3114e-01)	Loss Disc 6.9458e-01 (6.9207e-01)	Loss Pred 5.4288e-01 (5.6315e-01)	Loss TOTAL 9.5756e-01 (9.7586e-01)
Epoch: [26][260/496]	L_Src_Sup 2.9476e-01 (2.4439e-01)	L_Trg_Inj 3.8118e-01 (3.3163e-01)	Loss Disc 6.8736e-01 (6.9205e-01)	Loss Pred 5.8596e-01 (5.6363e-01)	Loss TOTAL 9.9723e-01 (9.7625e-01)
Epoch: [26][270/496]	L_Src_Sup 2.3404e-01 (2.4272e-01)	L_Trg_Inj 3.4221e-01 (3.3272e-01)	Loss Disc 6.8972e-01 (6.9207e-01)	Loss Pred 5.9126e-01 (5.6360e-01)	Loss TOTAL 9.9375e-01 (9.7584e-01)
Epoch: [26][280/496]	L_Src_Sup 2.2223e-01 (2.4166e-01)	L_Trg_Inj 3.4374e-01 (3.3232e-01)	Loss Disc 6.8755e-01 (6.9206e-01)	Loss Pred 6.1259e-01 (5.6379e-01)	Loss TOTAL 1.0130e+00 (9.7557e-01)
Epoch: [26][290/496]	L_Src_Sup 3.0001e-01 (2.4245e-01)	L_Trg_Inj 3.0492e-01 (3.3164e-01)	Loss Disc 6.9178e-01 (6.9208e-01)	Loss Pred 5.5908e-01 (5.6348e-01)	Loss TOTAL 9.6546e-01 (9.7553e-01)
Epoch: [26][300/496]	L_Src_Sup 1.2245e-01 (2.4085e-01)	L_Trg_Inj 4.5283e-01 (3.3114e-01)	Loss Disc 6.9237e-01 (6.9208e-01)	Loss Pred 5.6990e-01 (5.6326e-01)	Loss TOTAL 9.7361e-01 (9.7507e-01)
Epoch: [26][310/496]	L_Src_Sup 1.9233e-01 (2.4098e-01)	L_Trg_Inj 2.9934e-01 (3.2999e-01)	Loss Disc 6.9327e-01 (6.9210e-01)	Loss Pred 5.3725e-01 (5.6301e-01)	Loss TOTAL 9.3305e-01 (9.7501e-01)
Epoch: [26][320/496]	L_Src_Sup 2.9413e-01 (2.4096e-01)	L_Trg_Inj 3.9057e-01 (3.3107e-01)	Loss Disc 6.9414e-01 (6.9211e-01)	Loss Pred 5.4810e-01 (5.6286e-01)	Loss TOTAL 9.6364e-01 (9.7476e-01)
Epoch: [26][330/496]	L_Src_Sup 2.6168e-01 (2.4104e-01)	L_Trg_Inj 2.9687e-01 (3.3174e-01)	Loss Disc 6.9390e-01 (6.9212e-01)	Loss Pred 5.2083e-01 (5.6283e-01)	Loss TOTAL 9.2363e-01 (9.7466e-01)
Epoch: [26][340/496]	L_Src_Sup 2.9942e-01 (2.4136e-01)	L_Trg_Inj 4.0600e-01 (3.3260e-01)	Loss Disc 6.9305e-01 (6.9212e-01)	Loss Pred 5.5900e-01 (5.6277e-01)	Loss TOTAL 9.7607e-01 (9.7473e-01)
Epoch: [26][350/496]	L_Src_Sup 3.1699e-01 (2.4270e-01)	L_Trg_Inj 3.2768e-01 (3.3308e-01)	Loss Disc 6.9384e-01 (6.9213e-01)	Loss Pred 5.5354e-01 (5.6272e-01)	Loss TOTAL 9.6492e-01 (9.7491e-01)
Epoch: [26][360/496]	L_Src_Sup 3.5053e-01 (2.4273e-01)	L_Trg_Inj 2.8123e-01 (3.3342e-01)	Loss Disc 6.9165e-01 (6.9213e-01)	Loss Pred 5.7556e-01 (5.6256e-01)	Loss TOTAL 1.0539e+00 (9.7485e-01)
Epoch: [26][370/496]	L_Src_Sup 1.8948e-01 (2.4257e-01)	L_Trg_Inj 2.8123e-01 (3.3180e-01)	Loss Disc 6.9243e-01 (6.9215e-01)	Loss Pred 5.8661e-01 (5.6257e-01)	Loss TOTAL 9.7990e-01 (9.7479e-01)
Epoch: [26][380/496]	L_Src_Sup 2.4789e-01 (2.4377e-01)	L_Trg_Inj 2.0312e-01 (3.3117e-01)	Loss Disc 6.9472e-01 (6.9217e-01)	Loss Pred 5.3137e-01 (5.6233e-01)	Loss TOTAL 9.6860e-01 (9.7523e-01)
Epoch: [26][390/496]	L_Src_Sup 2.3158e-01 (2.4376e-01)	L_Trg_Inj 3.2755e-01 (3.3052e-01)	Loss Disc 6.9327e-01 (6.9217e-01)	Loss Pred 5.8721e-01 (5.6258e-01)	Loss TOTAL 9.8976e-01 (9.7559e-01)
Epoch: [26][400/496]	L_Src_Sup 1.1148e-01 (2.4267e-01)	L_Trg_Inj 2.4997e-01 (3.2869e-01)	Loss Disc 6.9545e-01 (6.9219e-01)	Loss Pred 5.0783e-01 (5.6224e-01)	Loss TOTAL 8.9170e-01 (9.7516e-01)
Epoch: [26][410/496]	L_Src_Sup 2.8593e-01 (2.4242e-01)	L_Trg_Inj 4.8430e-01 (3.2966e-01)	Loss Disc 6.9266e-01 (6.9221e-01)	Loss Pred 5.7019e-01 (5.6191e-01)	Loss TOTAL 9.9354e-01 (9.7477e-01)
Epoch: [26][420/496]	L_Src_Sup 2.8001e-01 (2.4212e-01)	L_Trg_Inj 3.9060e-01 (3.3151e-01)	Loss Disc 6.9168e-01 (6.9221e-01)	Loss Pred 5.5897e-01 (5.6188e-01)	Loss TOTAL 9.7187e-01 (9.7478e-01)
Epoch: [26][430/496]	L_Src_Sup 3.3334e-01 (2.4180e-01)	L_Trg_Inj 3.2812e-01 (3.3197e-01)	Loss Disc 6.9429e-01 (6.9223e-01)	Loss Pred 5.4775e-01 (5.6169e-01)	Loss TOTAL 9.6625e-01 (9.7440e-01)
Epoch: [26][440/496]	L_Src_Sup 3.4344e-01 (2.4189e-01)	L_Trg_Inj 2.7412e-01 (3.3227e-01)	Loss Disc 6.9352e-01 (6.9224e-01)	Loss Pred 5.6461e-01 (5.6165e-01)	Loss TOTAL 1.0424e+00 (9.7447e-01)
Epoch: [26][450/496]	L_Src_Sup 3.4412e-01 (2.4274e-01)	L_Trg_Inj 5.4684e-01 (3.3437e-01)	Loss Disc 6.8959e-01 (6.9221e-01)	Loss Pred 6.0051e-01 (5.6196e-01)	Loss TOTAL 1.0344e+00 (9.7532e-01)
Epoch: [26][460/496]	L_Src_Sup 2.8508e-01 (2.4332e-01)	L_Trg_Inj 4.2187e-01 (3.3758e-01)	Loss Disc 6.8829e-01 (6.9219e-01)	Loss Pred 5.5901e-01 (5.6210e-01)	Loss TOTAL 9.7385e-01 (9.7562e-01)
Epoch: [26][470/496]	L_Src_Sup 3.0431e-01 (2.4435e-01)	L_Trg_Inj 4.3694e-01 (3.3937e-01)	Loss Disc 6.9020e-01 (6.9220e-01)	Loss Pred 6.0310e-01 (5.6213e-01)	Loss TOTAL 1.0223e+00 (9.7576e-01)
Epoch: [26][480/496]	L_Src_Sup 3.2259e-01 (2.4526e-01)	L_Trg_Inj 3.8019e-01 (3.4060e-01)	Loss Disc 6.8948e-01 (6.9221e-01)	Loss Pred 5.9778e-01 (5.6203e-01)	Loss TOTAL 1.0128e+00 (9.7570e-01)
Epoch: [26][490/496]	L_Src_Sup 2.5006e-01 (2.4600e-01)	L_Trg_Inj 4.5201e-01 (3.4289e-01)	Loss Disc 6.9627e-01 (6.9222e-01)	Loss Pred 5.3698e-01 (5.6202e-01)	Loss TOTAL 9.5532e-01 (9.7588e-01)
Epoch: [26][496/496]	L_Src_Sup 3.0769e-01 (2.4658e-01)	L_Trg_Inj 3.6672e-01 (3.4388e-01)	Loss Disc 6.9437e-01 (6.9222e-01)	Loss Pred 5.3693e-01 (5.6194e-01)	Loss TOTAL 9.5156e-01 (9.7585e-01)
Epoch 26 complete. Saving model state...
Epoch: [27][ 10/496]	L_Src_Sup 2.7369e-01 (2.7566e-01)	L_Trg_Inj 3.9051e-01 (3.8987e-01)	Loss Disc 6.9281e-01 (6.9206e-01)	Loss Pred 5.8648e-01 (5.7058e-01)	Loss TOTAL 9.9930e-01 (9.9105e-01)
Epoch: [27][ 20/496]	L_Src_Sup 2.6898e-01 (2.7024e-01)	L_Trg_Inj 4.2009e-01 (4.2886e-01)	Loss Disc 6.9382e-01 (6.9181e-01)	Loss Pred 5.3729e-01 (5.6893e-01)	Loss TOTAL 9.5311e-01 (9.9256e-01)
Epoch: [27][ 30/496]	L_Src_Sup 1.5838e-01 (2.6482e-01)	L_Trg_Inj 3.7441e-01 (4.3468e-01)	Loss Disc 6.9521e-01 (6.9186e-01)	Loss Pred 5.5626e-01 (5.6819e-01)	Loss TOTAL 9.5714e-01 (9.8928e-01)
Epoch: [27][ 40/496]	L_Src_Sup 2.0371e-01 (2.7177e-01)	L_Trg_Inj 3.7500e-01 (4.2666e-01)	Loss Disc 6.9442e-01 (6.9200e-01)	Loss Pred 5.1538e-01 (5.6501e-01)	Loss TOTAL 9.2046e-01 (9.8647e-01)
Epoch: [27][ 50/496]	L_Src_Sup 3.7655e-01 (2.8154e-01)	L_Trg_Inj 4.6374e-01 (4.3617e-01)	Loss Disc 6.9310e-01 (6.9192e-01)	Loss Pred 5.5356e-01 (5.6510e-01)	Loss TOTAL 9.8414e-01 (9.9112e-01)
Epoch: [27][ 60/496]	L_Src_Sup 3.1070e-01 (2.7726e-01)	L_Trg_Inj 6.1302e-01 (4.4620e-01)	Loss Disc 6.9119e-01 (6.9184e-01)	Loss Pred 5.4273e-01 (5.6509e-01)	Loss TOTAL 9.8069e-01 (9.9026e-01)
Epoch: [27][ 70/496]	L_Src_Sup 2.7384e-01 (2.8052e-01)	L_Trg_Inj 4.1999e-01 (4.5025e-01)	Loss Disc 6.9401e-01 (6.9208e-01)	Loss Pred 5.4804e-01 (5.6314e-01)	Loss TOTAL 9.6442e-01 (9.8817e-01)
Epoch: [27][ 80/496]	L_Src_Sup 2.4244e-01 (2.7500e-01)	L_Trg_Inj 3.8992e-01 (4.4584e-01)	Loss Disc 6.9050e-01 (6.9210e-01)	Loss Pred 5.6477e-01 (5.6126e-01)	Loss TOTAL 9.7326e-01 (9.8529e-01)
Epoch: [27][ 90/496]	L_Src_Sup 1.6153e-01 (2.7301e-01)	L_Trg_Inj 3.2512e-01 (4.3671e-01)	Loss Disc 6.9244e-01 (6.9215e-01)	Loss Pred 5.4806e-01 (5.6071e-01)	Loss TOTAL 9.4294e-01 (9.8369e-01)
Epoch: [27][100/496]	L_Src_Sup 2.6678e-01 (2.7172e-01)	L_Trg_Inj 2.6308e-01 (4.2844e-01)	Loss Disc 6.9537e-01 (6.9213e-01)	Loss Pred 5.6157e-01 (5.6212e-01)	Loss TOTAL 9.6594e-01 (9.8731e-01)
Epoch: [27][110/496]	L_Src_Sup 1.1385e-01 (2.6899e-01)	L_Trg_Inj 2.6552e-01 (4.2062e-01)	Loss Disc 6.8942e-01 (6.9207e-01)	Loss Pred 6.2501e-01 (5.6325e-01)	Loss TOTAL 1.0077e+00 (9.8821e-01)
Epoch: [27][120/496]	L_Src_Sup 2.2922e-01 (2.6701e-01)	L_Trg_Inj 4.5210e-01 (4.2102e-01)	Loss Disc 6.8992e-01 (6.9213e-01)	Loss Pred 5.8095e-01 (5.6262e-01)	Loss TOTAL 9.9404e-01 (9.8670e-01)
Epoch: [27][130/496]	L_Src_Sup 2.3704e-01 (2.6699e-01)	L_Trg_Inj 3.1207e-01 (4.1516e-01)	Loss Disc 6.9175e-01 (6.9217e-01)	Loss Pred 5.6858e-01 (5.6280e-01)	Loss TOTAL 9.6937e-01 (9.8560e-01)
Epoch: [27][140/496]	L_Src_Sup 2.6670e-01 (2.6459e-01)	L_Trg_Inj 3.5936e-01 (4.1227e-01)	Loss Disc 6.9202e-01 (6.9214e-01)	Loss Pred 5.3207e-01 (5.6273e-01)	Loss TOTAL 9.4069e-01 (9.8452e-01)
Epoch: [27][150/496]	L_Src_Sup 2.3530e-01 (2.6225e-01)	L_Trg_Inj 2.1875e-01 (4.0364e-01)	Loss Disc 6.9457e-01 (6.9217e-01)	Loss Pred 5.4830e-01 (5.6274e-01)	Loss TOTAL 9.5754e-01 (9.8347e-01)
Epoch: [27][160/496]	L_Src_Sup 1.9149e-01 (2.6177e-01)	L_Trg_Inj 4.5061e-01 (4.0107e-01)	Loss Disc 6.8928e-01 (6.9213e-01)	Loss Pred 5.9152e-01 (5.6331e-01)	Loss TOTAL 1.0004e+00 (9.8367e-01)
Epoch: [27][170/496]	L_Src_Sup 2.2642e-01 (2.5963e-01)	L_Trg_Inj 2.4909e-01 (3.9884e-01)	Loss Disc 6.9672e-01 (6.9216e-01)	Loss Pred 5.4006e-01 (5.6298e-01)	Loss TOTAL 9.3597e-01 (9.8267e-01)
Epoch: [27][180/496]	L_Src_Sup 1.3592e-01 (2.5696e-01)	L_Trg_Inj 4.3639e-01 (3.9608e-01)	Loss Disc 6.9358e-01 (6.9220e-01)	Loss Pred 5.4301e-01 (5.6325e-01)	Loss TOTAL 9.4703e-01 (9.8232e-01)
Epoch: [27][190/496]	L_Src_Sup 2.0312e-01 (2.5474e-01)	L_Trg_Inj 3.7433e-01 (3.9166e-01)	Loss Disc 6.9290e-01 (6.9224e-01)	Loss Pred 5.3075e-01 (5.6274e-01)	Loss TOTAL 9.3495e-01 (9.8113e-01)
Epoch: [27][200/496]	L_Src_Sup 2.9127e-01 (2.5281e-01)	L_Trg_Inj 1.5621e-01 (3.8527e-01)	Loss Disc 6.9323e-01 (6.9223e-01)	Loss Pred 5.4297e-01 (5.6284e-01)	Loss TOTAL 1.0694e+00 (9.8106e-01)
Epoch: [27][210/496]	L_Src_Sup 3.3690e-01 (2.5157e-01)	L_Trg_Inj 2.6562e-01 (3.7946e-01)	Loss Disc 6.8880e-01 (6.9221e-01)	Loss Pred 5.8624e-01 (5.6273e-01)	Loss TOTAL 1.0622e+00 (9.8097e-01)
Epoch: [27][220/496]	L_Src_Sup 2.7452e-01 (2.5176e-01)	L_Trg_Inj 2.4989e-01 (3.7429e-01)	Loss Disc 6.9648e-01 (6.9221e-01)	Loss Pred 5.4831e-01 (5.6276e-01)	Loss TOTAL 9.7361e-01 (9.8117e-01)
Epoch: [27][230/496]	L_Src_Sup 2.6773e-01 (2.5139e-01)	L_Trg_Inj 2.4960e-01 (3.7049e-01)	Loss Disc 6.9284e-01 (6.9220e-01)	Loss Pred 5.7545e-01 (5.6253e-01)	Loss TOTAL 9.9173e-01 (9.8066e-01)
Epoch: [27][240/496]	L_Src_Sup 1.5533e-01 (2.5010e-01)	L_Trg_Inj 1.5625e-01 (3.6524e-01)	Loss Disc 6.9772e-01 (6.9214e-01)	Loss Pred 5.4374e-01 (5.6301e-01)	Loss TOTAL 9.2376e-01 (9.8054e-01)
Epoch: [27][250/496]	L_Src_Sup 2.0561e-01 (2.4930e-01)	L_Trg_Inj 1.4018e-01 (3.5949e-01)	Loss Disc 6.9502e-01 (6.9217e-01)	Loss Pred 5.2136e-01 (5.6270e-01)	Loss TOTAL 9.6888e-01 (9.8062e-01)
Epoch: [27][260/496]	L_Src_Sup 1.6843e-01 (2.4935e-01)	L_Trg_Inj 3.1249e-01 (3.5559e-01)	Loss Disc 6.8940e-01 (6.9219e-01)	Loss Pred 5.8645e-01 (5.6237e-01)	Loss TOTAL 9.7925e-01 (9.8070e-01)
Epoch: [27][270/496]	L_Src_Sup 2.3140e-01 (2.4758e-01)	L_Trg_Inj 4.5274e-01 (3.5503e-01)	Loss Disc 6.9122e-01 (6.9224e-01)	Loss Pred 5.9189e-01 (5.6231e-01)	Loss TOTAL 1.0059e+00 (9.8004e-01)
Epoch: [27][280/496]	L_Src_Sup 4.2526e-01 (2.4925e-01)	L_Trg_Inj 3.9439e-01 (3.5320e-01)	Loss Disc 6.9487e-01 (6.9227e-01)	Loss Pred 5.9201e-01 (5.6218e-01)	Loss TOTAL 1.0523e+00 (9.8074e-01)
Epoch: [27][290/496]	L_Src_Sup 3.2620e-01 (2.4840e-01)	L_Trg_Inj 3.3666e-01 (3.5232e-01)	Loss Disc 6.9132e-01 (6.9224e-01)	Loss Pred 5.6996e-01 (5.6262e-01)	Loss TOTAL 9.8191e-01 (9.8058e-01)
Epoch: [27][300/496]	L_Src_Sup 2.0123e-01 (2.4846e-01)	L_Trg_Inj 2.8096e-01 (3.5059e-01)	Loss Disc 6.9301e-01 (6.9224e-01)	Loss Pred 5.6456e-01 (5.6252e-01)	Loss TOTAL 9.5928e-01 (9.8026e-01)
Epoch: [27][310/496]	L_Src_Sup 3.2384e-01 (2.4917e-01)	L_Trg_Inj 2.0303e-01 (3.4887e-01)	Loss Disc 6.9415e-01 (6.9229e-01)	Loss Pred 5.3165e-01 (5.6204e-01)	Loss TOTAL 1.0522e+00 (9.8025e-01)
Epoch: [27][320/496]	L_Src_Sup 2.0000e-01 (2.4878e-01)	L_Trg_Inj 2.0087e-01 (3.4827e-01)	Loss Disc 6.9430e-01 (6.9230e-01)	Loss Pred 5.5905e-01 (5.6188e-01)	Loss TOTAL 9.4629e-01 (9.7972e-01)
Epoch: [27][330/496]	L_Src_Sup 1.5217e-01 (2.4826e-01)	L_Trg_Inj 2.1837e-01 (3.4699e-01)	Loss Disc 6.9028e-01 (6.9229e-01)	Loss Pred 6.0347e-01 (5.6187e-01)	Loss TOTAL 9.8566e-01 (9.7946e-01)
Epoch: [27][340/496]	L_Src_Sup 1.6177e-01 (2.4692e-01)	L_Trg_Inj 2.9050e-01 (3.4563e-01)	Loss Disc 6.9042e-01 (6.9227e-01)	Loss Pred 5.6454e-01 (5.6234e-01)	Loss TOTAL 9.5498e-01 (9.7959e-01)
Epoch: [27][350/496]	L_Src_Sup 1.7202e-01 (2.4726e-01)	L_Trg_Inj 2.4904e-01 (3.4264e-01)	Loss Disc 6.8993e-01 (6.9223e-01)	Loss Pred 5.7532e-01 (5.6276e-01)	Loss TOTAL 9.6239e-01 (9.8125e-01)
Epoch: [27][360/496]	L_Src_Sup 3.7545e-01 (2.4824e-01)	L_Trg_Inj 3.5302e-01 (3.4307e-01)	Loss Disc 6.8748e-01 (6.9215e-01)	Loss Pred 5.8551e-01 (5.6339e-01)	Loss TOTAL 1.0245e+00 (9.8204e-01)
Epoch: [27][370/496]	L_Src_Sup 3.4340e-01 (2.4840e-01)	L_Trg_Inj 3.8483e-01 (3.4268e-01)	Loss Disc 6.9399e-01 (6.9209e-01)	Loss Pred 5.7051e-01 (5.6417e-01)	Loss TOTAL 9.9033e-01 (9.8245e-01)
Epoch: [27][380/496]	L_Src_Sup 1.5842e-01 (2.4820e-01)	L_Trg_Inj 2.3622e-01 (3.4238e-01)	Loss Disc 6.9017e-01 (6.9211e-01)	Loss Pred 5.5352e-01 (5.6376e-01)	Loss TOTAL 9.3807e-01 (9.8197e-01)
Epoch: [27][390/496]	L_Src_Sup 2.4288e-01 (2.4877e-01)	L_Trg_Inj 4.0547e-01 (3.4263e-01)	Loss Disc 6.9702e-01 (6.9209e-01)	Loss Pred 5.2998e-01 (5.6388e-01)	Loss TOTAL 9.4332e-01 (9.8201e-01)
Epoch: [27][400/496]	L_Src_Sup 2.1173e-01 (2.4836e-01)	L_Trg_Inj 2.1403e-01 (3.4309e-01)	Loss Disc 6.9418e-01 (6.9207e-01)	Loss Pred 5.3683e-01 (5.6379e-01)	Loss TOTAL 9.2650e-01 (9.8159e-01)
Epoch: [27][410/496]	L_Src_Sup 3.6181e-01 (2.4848e-01)	L_Trg_Inj 3.1780e-01 (3.4385e-01)	Loss Disc 6.9130e-01 (6.9208e-01)	Loss Pred 5.6467e-01 (5.6375e-01)	Loss TOTAL 1.0223e+00 (9.8153e-01)
Epoch: [27][420/496]	L_Src_Sup 2.3159e-01 (2.4922e-01)	L_Trg_Inj 4.2472e-01 (3.4464e-01)	Loss Disc 6.8814e-01 (6.9206e-01)	Loss Pred 5.8792e-01 (5.6392e-01)	Loss TOTAL 9.9762e-01 (9.8160e-01)
Epoch: [27][430/496]	L_Src_Sup 1.5455e-01 (2.4937e-01)	L_Trg_Inj 3.3892e-01 (3.4507e-01)	Loss Disc 6.9294e-01 (6.9206e-01)	Loss Pred 5.4247e-01 (5.6379e-01)	Loss TOTAL 9.3828e-01 (9.8144e-01)
Epoch: [27][440/496]	L_Src_Sup 2.1746e-01 (2.4925e-01)	L_Trg_Inj 4.6855e-01 (3.4475e-01)	Loss Disc 6.8752e-01 (6.9203e-01)	Loss Pred 6.0300e-01 (5.6398e-01)	Loss TOTAL 1.0154e+00 (9.8162e-01)
Epoch: [27][450/496]	L_Src_Sup 2.2867e-01 (2.4967e-01)	L_Trg_Inj 4.1613e-01 (3.4570e-01)	Loss Disc 6.9237e-01 (6.9203e-01)	Loss Pred 5.3147e-01 (5.6370e-01)	Loss TOTAL 9.4213e-01 (9.8120e-01)
Epoch: [27][460/496]	L_Src_Sup 3.3277e-01 (2.5015e-01)	L_Trg_Inj 3.1094e-01 (3.4605e-01)	Loss Disc 6.9339e-01 (6.9203e-01)	Loss Pred 6.1383e-01 (5.6397e-01)	Loss TOTAL 1.0467e+00 (9.8149e-01)
Epoch: [27][470/496]	L_Src_Sup 1.7032e-01 (2.5005e-01)	L_Trg_Inj 2.6134e-01 (3.4661e-01)	Loss Disc 6.8891e-01 (6.9203e-01)	Loss Pred 5.9705e-01 (5.6410e-01)	Loss TOTAL 9.8467e-01 (9.8150e-01)
Epoch: [27][480/496]	L_Src_Sup 2.2615e-01 (2.4988e-01)	L_Trg_Inj 2.9532e-01 (3.4615e-01)	Loss Disc 6.9188e-01 (6.9205e-01)	Loss Pred 5.3050e-01 (5.6383e-01)	Loss TOTAL 9.2859e-01 (9.8132e-01)
Epoch: [27][490/496]	L_Src_Sup 2.2223e-01 (2.4957e-01)	L_Trg_Inj 2.3403e-01 (3.4519e-01)	Loss Disc 6.8756e-01 (6.9203e-01)	Loss Pred 5.6449e-01 (5.6392e-01)	Loss TOTAL 9.5389e-01 (9.8133e-01)
Epoch: [27][496/496]	L_Src_Sup 1.6007e-01 (2.4906e-01)	L_Trg_Inj 4.3724e-01 (3.4510e-01)	Loss Disc 6.9100e-01 (6.9203e-01)	Loss Pred 5.5907e-01 (5.6391e-01)	Loss TOTAL 9.6430e-01 (9.8125e-01)
Epoch 27 complete. Saving model state...
Epoch: [28][ 10/496]	L_Src_Sup 1.6000e-01 (2.4910e-01)	L_Trg_Inj 3.2162e-01 (2.9457e-01)	Loss Disc 6.9601e-01 (6.9194e-01)	Loss Pred 5.5908e-01 (5.6293e-01)	Loss TOTAL 9.5525e-01 (9.7929e-01)
Epoch: [28][ 20/496]	L_Src_Sup 3.4045e-01 (2.4981e-01)	L_Trg_Inj 1.7181e-01 (2.8259e-01)	Loss Disc 6.9009e-01 (6.9190e-01)	Loss Pred 5.9178e-01 (5.6293e-01)	Loss TOTAL 1.1567e+00 (9.8806e-01)
Epoch: [28][ 30/496]	L_Src_Sup 2.4096e-01 (2.5010e-01)	L_Trg_Inj 2.8046e-01 (2.9032e-01)	Loss Disc 6.9440e-01 (6.9231e-01)	Loss Pred 5.4268e-01 (5.5983e-01)	Loss TOTAL 9.4202e-01 (9.8111e-01)
Epoch: [28][ 40/496]	L_Src_Sup 2.5743e-01 (2.4729e-01)	L_Trg_Inj 5.9363e-01 (3.1505e-01)	Loss Disc 6.9192e-01 (6.9233e-01)	Loss Pred 5.5368e-01 (5.6147e-01)	Loss TOTAL 9.8474e-01 (9.8042e-01)
Epoch: [28][ 50/496]	L_Src_Sup 3.4200e-01 (2.5747e-01)	L_Trg_Inj 4.3623e-01 (3.3212e-01)	Loss Disc 6.9412e-01 (6.9224e-01)	Loss Pred 5.3753e-01 (5.6340e-01)	Loss TOTAL 9.6241e-01 (9.8177e-01)
Epoch: [28][ 60/496]	L_Src_Sup 2.9769e-01 (2.5868e-01)	L_Trg_Inj 3.7492e-01 (3.4148e-01)	Loss Disc 6.9092e-01 (6.9207e-01)	Loss Pred 5.6447e-01 (5.6538e-01)	Loss TOTAL 9.7720e-01 (9.8260e-01)
Epoch: [28][ 70/496]	L_Src_Sup 2.2643e-01 (2.5917e-01)	L_Trg_Inj 3.3755e-01 (3.4534e-01)	Loss Disc 6.9380e-01 (6.9198e-01)	Loss Pred 5.2706e-01 (5.6466e-01)	Loss TOTAL 9.3036e-01 (9.8074e-01)
Epoch: [28][ 80/496]	L_Src_Sup 2.4242e-01 (2.5897e-01)	L_Trg_Inj 4.0599e-01 (3.4527e-01)	Loss Disc 6.8968e-01 (6.9199e-01)	Loss Pred 5.6459e-01 (5.6478e-01)	Loss TOTAL 9.7427e-01 (9.8143e-01)
Epoch: [28][ 90/496]	L_Src_Sup 2.7362e-01 (2.6157e-01)	L_Trg_Inj 3.9240e-01 (3.4577e-01)	Loss Disc 6.9104e-01 (6.9208e-01)	Loss Pred 5.9554e-01 (5.6409e-01)	Loss TOTAL 1.0077e+00 (9.8145e-01)
Epoch: [28][100/496]	L_Src_Sup 2.6374e-01 (2.6162e-01)	L_Trg_Inj 1.7870e-01 (3.4170e-01)	Loss Disc 6.9218e-01 (6.9214e-01)	Loss Pred 6.0809e-01 (5.6321e-01)	Loss TOTAL 1.0835e+00 (9.8107e-01)
Epoch: [28][110/496]	L_Src_Sup 2.2225e-01 (2.6128e-01)	L_Trg_Inj 5.3124e-01 (3.4474e-01)	Loss Disc 6.9035e-01 (6.9209e-01)	Loss Pred 5.6464e-01 (5.6318e-01)	Loss TOTAL 9.8516e-01 (9.8145e-01)
Epoch: [28][120/496]	L_Src_Sup 1.8000e-01 (2.6018e-01)	L_Trg_Inj 5.3122e-01 (3.5214e-01)	Loss Disc 6.9331e-01 (6.9208e-01)	Loss Pred 5.5906e-01 (5.6310e-01)	Loss TOTAL 9.7684e-01 (9.8103e-01)
Epoch: [28][130/496]	L_Src_Sup 3.4745e-01 (2.6094e-01)	L_Trg_Inj 2.4998e-01 (3.5587e-01)	Loss Disc 6.9205e-01 (6.9197e-01)	Loss Pred 5.8470e-01 (5.6360e-01)	Loss TOTAL 1.0879e+00 (9.8185e-01)
Epoch: [28][140/496]	L_Src_Sup 2.9710e-01 (2.6104e-01)	L_Trg_Inj 3.2807e-01 (3.5804e-01)	Loss Disc 6.9880e-01 (6.9195e-01)	Loss Pred 5.5369e-01 (5.6374e-01)	Loss TOTAL 9.6561e-01 (9.8145e-01)
Epoch: [28][150/496]	L_Src_Sup 2.9150e-01 (2.6173e-01)	L_Trg_Inj 3.1247e-01 (3.5675e-01)	Loss Disc 6.8857e-01 (6.9200e-01)	Loss Pred 5.4295e-01 (5.6347e-01)	Loss TOTAL 9.4764e-01 (9.8082e-01)
Epoch: [28][160/496]	L_Src_Sup 7.9236e-02 (2.5986e-01)	L_Trg_Inj 3.4372e-01 (3.5593e-01)	Loss Disc 6.9426e-01 (6.9204e-01)	Loss Pred 5.5362e-01 (5.6296e-01)	Loss TOTAL 9.4304e-01 (9.7961e-01)
Epoch: [28][170/496]	L_Src_Sup 2.0845e-01 (2.5609e-01)	L_Trg_Inj 2.3334e-01 (3.5091e-01)	Loss Disc 6.9483e-01 (6.9210e-01)	Loss Pred 5.8101e-01 (5.6247e-01)	Loss TOTAL 9.7260e-01 (9.7790e-01)
Epoch: [28][180/496]	L_Src_Sup 2.8023e-01 (2.5447e-01)	L_Trg_Inj 2.6552e-01 (3.5010e-01)	Loss Disc 6.9273e-01 (6.9212e-01)	Loss Pred 5.5904e-01 (5.6240e-01)	Loss TOTAL 9.7469e-01 (9.7732e-01)
Epoch: [28][190/496]	L_Src_Sup 1.9476e-01 (2.5463e-01)	L_Trg_Inj 3.3719e-01 (3.4805e-01)	Loss Disc 6.9237e-01 (6.9215e-01)	Loss Pred 5.8682e-01 (5.6266e-01)	Loss TOTAL 9.8620e-01 (9.7787e-01)
Epoch: [28][200/496]	L_Src_Sup 3.1256e-01 (2.5238e-01)	L_Trg_Inj 3.7179e-01 (3.4502e-01)	Loss Disc 6.9013e-01 (6.9213e-01)	Loss Pred 5.8088e-01 (5.6281e-01)	Loss TOTAL 9.9438e-01 (9.7760e-01)
Epoch: [28][210/496]	L_Src_Sup 3.2096e-01 (2.5266e-01)	L_Trg_Inj 3.5351e-01 (3.4313e-01)	Loss Disc 6.9632e-01 (6.9216e-01)	Loss Pred 5.2606e-01 (5.6203e-01)	Loss TOTAL 9.4167e-01 (9.7739e-01)
Epoch: [28][220/496]	L_Src_Sup 2.8044e-01 (2.5334e-01)	L_Trg_Inj 4.2182e-01 (3.4347e-01)	Loss Disc 6.9403e-01 (6.9220e-01)	Loss Pred 5.2045e-01 (5.6185e-01)	Loss TOTAL 9.3769e-01 (9.7713e-01)
Epoch: [28][230/496]	L_Src_Sup 1.6822e-01 (2.5229e-01)	L_Trg_Inj 3.0549e-01 (3.4223e-01)	Loss Disc 6.9470e-01 (6.9219e-01)	Loss Pred 5.2035e-01 (5.6169e-01)	Loss TOTAL 9.1507e-01 (9.7650e-01)
Epoch: [28][240/496]	L_Src_Sup 2.6173e-01 (2.5295e-01)	L_Trg_Inj 3.1885e-01 (3.4189e-01)	Loss Disc 6.9294e-01 (6.9221e-01)	Loss Pred 5.1988e-01 (5.6120e-01)	Loss TOTAL 9.2441e-01 (9.7565e-01)
Epoch: [28][250/496]	L_Src_Sup 2.0388e-01 (2.5208e-01)	L_Trg_Inj 2.4576e-01 (3.4008e-01)	Loss Disc 6.9022e-01 (6.9216e-01)	Loss Pred 5.6519e-01 (5.6150e-01)	Loss TOTAL 9.5527e-01 (9.7561e-01)
Epoch: [28][260/496]	L_Src_Sup 2.0418e-01 (2.5019e-01)	L_Trg_Inj 1.6803e-01 (3.3526e-01)	Loss Disc 6.9388e-01 (6.9216e-01)	Loss Pred 5.7028e-01 (5.6144e-01)	Loss TOTAL 9.9059e-01 (9.7520e-01)
Epoch: [28][270/496]	L_Src_Sup 2.4542e-01 (2.4848e-01)	L_Trg_Inj 2.4732e-01 (3.3358e-01)	Loss Disc 6.9472e-01 (6.9216e-01)	Loss Pred 5.2608e-01 (5.6168e-01)	Loss TOTAL 9.2271e-01 (9.7488e-01)
Epoch: [28][280/496]	L_Src_Sup 3.1685e-01 (2.4800e-01)	L_Trg_Inj 3.7500e-01 (3.3107e-01)	Loss Disc 6.8914e-01 (6.9213e-01)	Loss Pred 5.5355e-01 (5.6165e-01)	Loss TOTAL 9.6731e-01 (9.7516e-01)
Epoch: [28][290/496]	L_Src_Sup 2.5745e-01 (2.4826e-01)	L_Trg_Inj 2.9662e-01 (3.3078e-01)	Loss Disc 6.9731e-01 (6.9209e-01)	Loss Pred 5.5361e-01 (5.6197e-01)	Loss TOTAL 9.5767e-01 (9.7551e-01)
Epoch: [28][300/496]	L_Src_Sup 3.4283e-01 (2.4874e-01)	L_Trg_Inj 4.0504e-01 (3.3055e-01)	Loss Disc 6.9320e-01 (6.9213e-01)	Loss Pred 5.4730e-01 (5.6198e-01)	Loss TOTAL 9.6869e-01 (9.7549e-01)
Epoch: [28][310/496]	L_Src_Sup 3.1916e-01 (2.4889e-01)	L_Trg_Inj 3.4344e-01 (3.2987e-01)	Loss Disc 6.8923e-01 (6.9212e-01)	Loss Pred 5.9197e-01 (5.6206e-01)	Loss TOTAL 1.0028e+00 (9.7544e-01)
Epoch: [28][320/496]	L_Src_Sup 3.0773e-01 (2.4800e-01)	L_Trg_Inj 2.6553e-01 (3.2728e-01)	Loss Disc 6.9391e-01 (6.9216e-01)	Loss Pred 5.3731e-01 (5.6207e-01)	Loss TOTAL 9.8379e-01 (9.7564e-01)
Epoch: [28][330/496]	L_Src_Sup 2.2681e-01 (2.4813e-01)	L_Trg_Inj 2.6465e-01 (3.2569e-01)	Loss Disc 6.8903e-01 (6.9212e-01)	Loss Pred 5.7536e-01 (5.6238e-01)	Loss TOTAL 9.6902e-01 (9.7612e-01)
Epoch: [28][340/496]	L_Src_Sup 1.8869e-01 (2.4761e-01)	L_Trg_Inj 2.6543e-01 (3.2339e-01)	Loss Disc 6.9332e-01 (6.9211e-01)	Loss Pred 5.2705e-01 (5.6232e-01)	Loss TOTAL 9.1912e-01 (9.7607e-01)
Epoch: [28][350/496]	L_Src_Sup 2.6000e-01 (2.4726e-01)	L_Trg_Inj 3.2810e-01 (3.2168e-01)	Loss Disc 6.9422e-01 (6.9210e-01)	Loss Pred 5.5912e-01 (5.6238e-01)	Loss TOTAL 9.6504e-01 (9.7656e-01)
Epoch: [28][360/496]	L_Src_Sup 2.8573e-01 (2.4631e-01)	L_Trg_Inj 3.5935e-01 (3.1989e-01)	Loss Disc 6.9184e-01 (6.9209e-01)	Loss Pred 5.6990e-01 (5.6262e-01)	Loss TOTAL 9.8033e-01 (9.7684e-01)
Epoch: [28][370/496]	L_Src_Sup 3.1251e-01 (2.4646e-01)	L_Trg_Inj 3.5937e-01 (3.1823e-01)	Loss Disc 6.9014e-01 (6.9212e-01)	Loss Pred 5.8077e-01 (5.6242e-01)	Loss TOTAL 9.9303e-01 (9.7662e-01)
Epoch: [28][380/496]	L_Src_Sup 3.3076e-01 (2.4530e-01)	L_Trg_Inj 3.4372e-01 (3.1701e-01)	Loss Disc 6.9271e-01 (6.9213e-01)	Loss Pred 5.3076e-01 (5.6239e-01)	Loss TOTAL 9.4456e-01 (9.7633e-01)
Epoch: [28][390/496]	L_Src_Sup 1.2903e-01 (2.4375e-01)	L_Trg_Inj 3.4331e-01 (3.1559e-01)	Loss Disc 6.8928e-01 (6.9212e-01)	Loss Pred 5.9710e-01 (5.6237e-01)	Loss TOTAL 9.8898e-01 (9.7584e-01)
Epoch: [28][400/496]	L_Src_Sup 2.3300e-01 (2.4360e-01)	L_Trg_Inj 1.7187e-01 (3.1327e-01)	Loss Disc 6.9269e-01 (6.9216e-01)	Loss Pred 5.4277e-01 (5.6224e-01)	Loss TOTAL 9.9074e-01 (9.7629e-01)
Epoch: [28][410/496]	L_Src_Sup 1.8000e-01 (2.4309e-01)	L_Trg_Inj 2.6562e-01 (3.1217e-01)	Loss Disc 6.9180e-01 (6.9216e-01)	Loss Pred 5.5904e-01 (5.6227e-01)	Loss TOTAL 9.4951e-01 (9.7639e-01)
Epoch: [28][420/496]	L_Src_Sup 2.2431e-01 (2.4280e-01)	L_Trg_Inj 3.2801e-01 (3.1116e-01)	Loss Disc 6.9581e-01 (6.9217e-01)	Loss Pred 5.1580e-01 (5.6228e-01)	Loss TOTAL 9.1894e-01 (9.7644e-01)
Epoch: [28][430/496]	L_Src_Sup 1.8757e-01 (2.4192e-01)	L_Trg_Inj 2.0311e-01 (3.0963e-01)	Loss Disc 6.8885e-01 (6.9215e-01)	Loss Pred 5.8084e-01 (5.6236e-01)	Loss TOTAL 9.6433e-01 (9.7639e-01)
Epoch: [28][440/496]	L_Src_Sup 2.5689e-01 (2.4142e-01)	L_Trg_Inj 3.4375e-01 (3.0854e-01)	Loss Disc 6.9310e-01 (6.9217e-01)	Loss Pred 5.1009e-01 (5.6220e-01)	Loss TOTAL 9.1670e-01 (9.7611e-01)
Epoch: [28][450/496]	L_Src_Sup 2.6263e-01 (2.4146e-01)	L_Trg_Inj 3.2812e-01 (3.0901e-01)	Loss Disc 6.9172e-01 (6.9215e-01)	Loss Pred 5.6449e-01 (5.6256e-01)	Loss TOTAL 9.6942e-01 (9.7654e-01)
Epoch: [28][460/496]	L_Src_Sup 2.2222e-01 (2.4064e-01)	L_Trg_Inj 3.7499e-01 (3.0907e-01)	Loss Disc 6.9162e-01 (6.9216e-01)	Loss Pred 5.6457e-01 (5.6245e-01)	Loss TOTAL 9.7011e-01 (9.7641e-01)
Epoch: [28][470/496]	L_Src_Sup 2.7324e-01 (2.4058e-01)	L_Trg_Inj 2.6558e-01 (3.0777e-01)	Loss Disc 6.8837e-01 (6.9216e-01)	Loss Pred 5.9037e-01 (5.6235e-01)	Loss TOTAL 9.9609e-01 (9.7641e-01)
Epoch: [28][480/496]	L_Src_Sup 2.5263e-01 (2.4018e-01)	L_Trg_Inj 2.6554e-01 (3.0517e-01)	Loss Disc 6.9240e-01 (6.9218e-01)	Loss Pred 5.8645e-01 (5.6220e-01)	Loss TOTAL 9.8447e-01 (9.7675e-01)
Epoch: [28][490/496]	L_Src_Sup 2.6000e-01 (2.3989e-01)	L_Trg_Inj 2.0312e-01 (3.0276e-01)	Loss Disc 6.9008e-01 (6.9217e-01)	Loss Pred 5.5903e-01 (5.6221e-01)	Loss TOTAL 1.0073e+00 (9.7733e-01)
Epoch: [28][496/496]	L_Src_Sup 3.6172e-01 (2.3988e-01)	L_Trg_Inj 2.3437e-01 (3.0124e-01)	Loss Disc 6.9057e-01 (6.9218e-01)	Loss Pred 5.9190e-01 (5.6222e-01)	Loss TOTAL 1.1241e+00 (9.7786e-01)
Epoch 28 complete. Saving model state...
Epoch: [29][ 10/496]	L_Src_Sup 2.2642e-01 (2.1436e-01)	L_Trg_Inj 2.8125e-01 (1.9975e-01)	Loss Disc 6.9284e-01 (6.9200e-01)	Loss Pred 5.2621e-01 (5.6073e-01)	Loss TOTAL 9.2340e-01 (9.8432e-01)
Epoch: [29][ 20/496]	L_Src_Sup 2.5743e-01 (2.1328e-01)	L_Trg_Inj 2.0131e-01 (2.2164e-01)	Loss Disc 6.9265e-01 (6.9211e-01)	Loss Pred 5.5356e-01 (5.6181e-01)	Loss TOTAL 1.0019e+00 (9.7457e-01)
Epoch: [29][ 30/496]	L_Src_Sup 2.8000e-01 (2.3456e-01)	L_Trg_Inj 3.5937e-01 (2.6417e-01)	Loss Disc 6.9146e-01 (6.9199e-01)	Loss Pred 5.5904e-01 (5.6426e-01)	Loss TOTAL 9.6871e-01 (9.7982e-01)
Epoch: [29][ 40/496]	L_Src_Sup 3.4286e-01 (2.4648e-01)	L_Trg_Inj 3.1242e-01 (2.8657e-01)	Loss Disc 6.9494e-01 (6.9250e-01)	Loss Pred 5.3152e-01 (5.6009e-01)	Loss TOTAL 9.7496e-01 (9.7973e-01)
Epoch: [29][ 50/496]	L_Src_Sup 1.3725e-01 (2.4384e-01)	L_Trg_Inj 2.6554e-01 (2.9421e-01)	Loss Disc 6.9374e-01 (6.9249e-01)	Loss Pred 5.5069e-01 (5.6010e-01)	Loss TOTAL 9.3784e-01 (9.7699e-01)
Epoch: [29][ 60/496]	L_Src_Sup 2.9842e-01 (2.4314e-01)	L_Trg_Inj 2.9687e-01 (2.9561e-01)	Loss Disc 6.9855e-01 (6.9248e-01)	Loss Pred 4.9273e-01 (5.5947e-01)	Loss TOTAL 9.0308e-01 (9.7550e-01)
Epoch: [29][ 70/496]	L_Src_Sup 2.6668e-01 (2.3931e-01)	L_Trg_Inj 1.8737e-01 (2.9240e-01)	Loss Disc 6.9514e-01 (6.9250e-01)	Loss Pred 5.3129e-01 (5.5884e-01)	Loss TOTAL 1.0036e+00 (9.7386e-01)
Epoch: [29][ 80/496]	L_Src_Sup 1.8182e-01 (2.3278e-01)	L_Trg_Inj 2.5000e-01 (2.8943e-01)	Loss Disc 6.9034e-01 (6.9245e-01)	Loss Pred 5.6460e-01 (5.5930e-01)	Loss TOTAL 9.5296e-01 (9.7140e-01)
Epoch: [29][ 90/496]	L_Src_Sup 3.4948e-01 (2.3303e-01)	L_Trg_Inj 2.3418e-01 (2.8595e-01)	Loss Disc 6.9253e-01 (6.9238e-01)	Loss Pred 5.4473e-01 (5.5991e-01)	Loss TOTAL 1.0647e+00 (9.7338e-01)
Epoch: [29][100/496]	L_Src_Sup 2.6967e-01 (2.3260e-01)	L_Trg_Inj 1.7150e-01 (2.7967e-01)	Loss Disc 6.8870e-01 (6.9237e-01)	Loss Pred 6.1982e-01 (5.6098e-01)	Loss TOTAL 1.1065e+00 (9.7511e-01)
Epoch: [29][110/496]	L_Src_Sup 2.2230e-01 (2.3442e-01)	L_Trg_Inj 3.3067e-01 (2.7362e-01)	Loss Disc 6.9450e-01 (6.9249e-01)	Loss Pred 5.1490e-01 (5.5999e-01)	Loss TOTAL 9.1745e-01 (9.7770e-01)
Epoch: [29][120/496]	L_Src_Sup 3.7565e-01 (2.3718e-01)	L_Trg_Inj 3.7423e-01 (2.7674e-01)	Loss Disc 6.8718e-01 (6.9240e-01)	Loss Pred 5.9603e-01 (5.6122e-01)	Loss TOTAL 1.0160e+00 (9.7867e-01)
Epoch: [29][130/496]	L_Src_Sup 3.0003e-01 (2.3895e-01)	L_Trg_Inj 2.0478e-01 (2.7718e-01)	Loss Disc 6.9320e-01 (6.9233e-01)	Loss Pred 5.5907e-01 (5.6195e-01)	Loss TOTAL 1.0514e+00 (9.8090e-01)
Epoch: [29][140/496]	L_Src_Sup 3.3005e-01 (2.4126e-01)	L_Trg_Inj 4.6874e-01 (2.8654e-01)	Loss Disc 6.9252e-01 (6.9227e-01)	Loss Pred 5.4282e-01 (5.6209e-01)	Loss TOTAL 9.6896e-01 (9.8144e-01)
Epoch: [29][150/496]	L_Src_Sup 3.6366e-01 (2.4424e-01)	L_Trg_Inj 4.0624e-01 (2.9735e-01)	Loss Disc 6.9291e-01 (6.9221e-01)	Loss Pred 5.6450e-01 (5.6206e-01)	Loss TOTAL 9.8795e-01 (9.8149e-01)
Epoch: [29][160/496]	L_Src_Sup 2.4244e-01 (2.4746e-01)	L_Trg_Inj 5.6118e-01 (3.1051e-01)	Loss Disc 6.9115e-01 (6.9223e-01)	Loss Pred 5.6453e-01 (5.6245e-01)	Loss TOTAL 9.9047e-01 (9.8242e-01)
Epoch: [29][170/496]	L_Src_Sup 3.4057e-01 (2.4979e-01)	L_Trg_Inj 4.6819e-01 (3.1895e-01)	Loss Disc 6.9090e-01 (6.9221e-01)	Loss Pred 5.9125e-01 (5.6323e-01)	Loss TOTAL 1.0176e+00 (9.8321e-01)
Epoch: [29][180/496]	L_Src_Sup 2.0184e-01 (2.5069e-01)	L_Trg_Inj 3.5912e-01 (3.2935e-01)	Loss Disc 6.9805e-01 (6.9225e-01)	Loss Pred 5.1072e-01 (5.6255e-01)	Loss TOTAL 9.1584e-01 (9.8273e-01)
Epoch: [29][190/496]	L_Src_Sup 2.7452e-01 (2.5165e-01)	L_Trg_Inj 5.9371e-01 (3.3433e-01)	Loss Disc 6.9174e-01 (6.9231e-01)	Loss Pred 5.4810e-01 (5.6182e-01)	Loss TOTAL 9.8079e-01 (9.8192e-01)
Epoch: [29][200/496]	L_Src_Sup 4.5098e-01 (2.5201e-01)	L_Trg_Inj 4.0117e-01 (3.3958e-01)	Loss Disc 6.9293e-01 (6.9231e-01)	Loss Pred 5.4794e-01 (5.6122e-01)	Loss TOTAL 1.0294e+00 (9.8137e-01)
Epoch: [29][210/496]	L_Src_Sup 1.4141e-01 (2.5396e-01)	L_Trg_Inj 6.2340e-01 (3.4749e-01)	Loss Disc 6.9246e-01 (6.9225e-01)	Loss Pred 5.6450e-01 (5.6199e-01)	Loss TOTAL 9.8722e-01 (9.8238e-01)
Epoch: [29][220/496]	L_Src_Sup 3.9584e-01 (2.5519e-01)	L_Trg_Inj 3.8835e-01 (3.5473e-01)	Loss Disc 6.9153e-01 (6.9219e-01)	Loss Pred 5.8076e-01 (5.6236e-01)	Loss TOTAL 1.0124e+00 (9.8296e-01)
Epoch: [29][230/496]	L_Src_Sup 1.9608e-01 (2.5793e-01)	L_Trg_Inj 5.9350e-01 (3.6202e-01)	Loss Disc 6.9217e-01 (6.9213e-01)	Loss Pred 5.4834e-01 (5.6279e-01)	Loss TOTAL 9.7339e-01 (9.8377e-01)
Epoch: [29][240/496]	L_Src_Sup 2.2352e-01 (2.5895e-01)	L_Trg_Inj 5.2999e-01 (3.6774e-01)	Loss Disc 6.9419e-01 (6.9211e-01)	Loss Pred 5.3756e-01 (5.6258e-01)	Loss TOTAL 9.6000e-01 (9.8369e-01)
Epoch: [29][250/496]	L_Src_Sup 2.1764e-01 (2.5900e-01)	L_Trg_Inj 4.8342e-01 (3.7059e-01)	Loss Disc 6.9044e-01 (6.9210e-01)	Loss Pred 5.4677e-01 (5.6228e-01)	Loss TOTAL 9.6209e-01 (9.8319e-01)
Epoch: [29][260/496]	L_Src_Sup 2.7184e-01 (2.5812e-01)	L_Trg_Inj 3.4370e-01 (3.7141e-01)	Loss Disc 6.9342e-01 (6.9212e-01)	Loss Pred 5.4268e-01 (5.6214e-01)	Loss TOTAL 9.5095e-01 (9.8259e-01)
Epoch: [29][270/496]	L_Src_Sup 3.3093e-01 (2.5835e-01)	L_Trg_Inj 3.9032e-01 (3.7271e-01)	Loss Disc 6.9006e-01 (6.9212e-01)	Loss Pred 5.7954e-01 (5.6216e-01)	Loss TOTAL 9.9669e-01 (9.8234e-01)
Epoch: [29][280/496]	L_Src_Sup 2.4244e-01 (2.5667e-01)	L_Trg_Inj 3.1249e-01 (3.7331e-01)	Loss Disc 6.8705e-01 (6.9213e-01)	Loss Pred 5.6451e-01 (5.6181e-01)	Loss TOTAL 9.6353e-01 (9.8157e-01)
Epoch: [29][290/496]	L_Src_Sup 1.9047e-01 (2.5727e-01)	L_Trg_Inj 4.2180e-01 (3.7400e-01)	Loss Disc 6.9428e-01 (6.9215e-01)	Loss Pred 5.3155e-01 (5.6183e-01)	Loss TOTAL 9.3992e-01 (9.8164e-01)
Epoch: [29][300/496]	L_Src_Sup 2.5907e-01 (2.5862e-01)	L_Trg_Inj 4.2121e-01 (3.7385e-01)	Loss Disc 6.9296e-01 (6.9214e-01)	Loss Pred 5.6305e-01 (5.6206e-01)	Loss TOTAL 9.7756e-01 (9.8181e-01)
Epoch: [29][310/496]	L_Src_Sup 2.8001e-01 (2.5937e-01)	L_Trg_Inj 4.0605e-01 (3.7278e-01)	Loss Disc 6.8890e-01 (6.9215e-01)	Loss Pred 5.5902e-01 (5.6203e-01)	Loss TOTAL 9.7208e-01 (9.8195e-01)
Epoch: [29][320/496]	L_Src_Sup 3.1466e-01 (2.5868e-01)	L_Trg_Inj 4.3749e-01 (3.7260e-01)	Loss Disc 6.8532e-01 (6.9213e-01)	Loss Pred 6.1866e-01 (5.6249e-01)	Loss TOTAL 1.0365e+00 (9.8205e-01)
Epoch: [29][330/496]	L_Src_Sup 4.1999e-01 (2.5832e-01)	L_Trg_Inj 2.0312e-01 (3.7013e-01)	Loss Disc 6.9141e-01 (6.9213e-01)	Loss Pred 5.5910e-01 (5.6272e-01)	Loss TOTAL 1.1840e+00 (9.8281e-01)
Epoch: [29][340/496]	L_Src_Sup 2.3530e-01 (2.5775e-01)	L_Trg_Inj 4.2187e-01 (3.6956e-01)	Loss Disc 6.9259e-01 (6.9213e-01)	Loss Pred 5.4832e-01 (5.6263e-01)	Loss TOTAL 9.6033e-01 (9.8257e-01)
Epoch: [29][350/496]	L_Src_Sup 2.6804e-01 (2.5648e-01)	L_Trg_Inj 3.2805e-01 (3.6817e-01)	Loss Disc 6.9158e-01 (6.9213e-01)	Loss Pred 5.7527e-01 (5.6260e-01)	Loss TOTAL 9.8067e-01 (9.8194e-01)
Epoch: [29][360/496]	L_Src_Sup 2.5000e-01 (2.5659e-01)	L_Trg_Inj 2.7738e-01 (3.6739e-01)	Loss Disc 6.9720e-01 (6.9214e-01)	Loss Pred 5.3751e-01 (5.6252e-01)	Loss TOTAL 9.3885e-01 (9.8153e-01)
Epoch: [29][370/496]	L_Src_Sup 2.3530e-01 (2.5697e-01)	L_Trg_Inj 3.9059e-01 (3.6655e-01)	Loss Disc 6.8934e-01 (6.9213e-01)	Loss Pred 5.4834e-01 (5.6270e-01)	Loss TOTAL 9.5560e-01 (9.8211e-01)
Epoch: [29][380/496]	L_Src_Sup 2.0410e-01 (2.5780e-01)	L_Trg_Inj 3.2612e-01 (3.6591e-01)	Loss Disc 6.9264e-01 (6.9214e-01)	Loss Pred 5.6982e-01 (5.6280e-01)	Loss TOTAL 9.6916e-01 (9.8224e-01)
Epoch: [29][390/496]	L_Src_Sup 3.5032e-01 (2.5784e-01)	L_Trg_Inj 5.0136e-01 (3.6531e-01)	Loss Disc 6.9306e-01 (6.9211e-01)	Loss Pred 5.5780e-01 (5.6291e-01)	Loss TOTAL 9.8950e-01 (9.8224e-01)
Epoch: [29][400/496]	L_Src_Sup 2.0185e-01 (2.5889e-01)	L_Trg_Inj 3.5290e-01 (3.6599e-01)	Loss Disc 6.9765e-01 (6.9212e-01)	Loss Pred 5.1093e-01 (5.6269e-01)	Loss TOTAL 9.1523e-01 (9.8206e-01)
Epoch: [29][410/496]	L_Src_Sup 3.4347e-01 (2.5818e-01)	L_Trg_Inj 3.1245e-01 (3.6513e-01)	Loss Disc 6.9054e-01 (6.9211e-01)	Loss Pred 5.6446e-01 (5.6268e-01)	Loss TOTAL 1.0063e+00 (9.8177e-01)
Epoch: [29][420/496]	L_Src_Sup 1.8556e-01 (2.5764e-01)	L_Trg_Inj 2.4994e-01 (3.6400e-01)	Loss Disc 6.8859e-01 (6.9211e-01)	Loss Pred 5.7536e-01 (5.6253e-01)	Loss TOTAL 9.6320e-01 (9.8129e-01)
Epoch: [29][430/496]	L_Src_Sup 1.4894e-01 (2.5738e-01)	L_Trg_Inj 2.8989e-01 (3.6223e-01)	Loss Disc 6.9215e-01 (6.9210e-01)	Loss Pred 5.9178e-01 (5.6252e-01)	Loss TOTAL 9.8174e-01 (9.8128e-01)
Epoch: [29][440/496]	L_Src_Sup 2.6666e-01 (2.5612e-01)	L_Trg_Inj 1.8684e-01 (3.5991e-01)	Loss Disc 6.8714e-01 (6.9209e-01)	Loss Pred 6.1696e-01 (5.6292e-01)	Loss TOTAL 1.0857e+00 (9.8144e-01)
Epoch: [29][450/496]	L_Src_Sup 3.0106e-01 (2.5553e-01)	L_Trg_Inj 2.6185e-01 (3.5780e-01)	Loss Disc 6.8929e-01 (6.9207e-01)	Loss Pred 5.9676e-01 (5.6293e-01)	Loss TOTAL 1.0369e+00 (9.8122e-01)
Epoch: [29][460/496]	L_Src_Sup 5.4054e-02 (2.5444e-01)	L_Trg_Inj 2.8125e-01 (3.5486e-01)	Loss Disc 6.9623e-01 (6.9211e-01)	Loss Pred 4.9947e-01 (5.6247e-01)	Loss TOTAL 8.8111e-01 (9.8061e-01)
Epoch: [29][470/496]	L_Src_Sup 2.0561e-01 (2.5422e-01)	L_Trg_Inj 1.3877e-01 (3.5133e-01)	Loss Disc 6.9467e-01 (6.9215e-01)	Loss Pred 5.2012e-01 (5.6202e-01)	Loss TOTAL 9.6874e-01 (9.8114e-01)
Epoch: [29][480/496]	L_Src_Sup 1.8557e-01 (2.5340e-01)	L_Trg_Inj 2.9686e-01 (3.4973e-01)	Loss Disc 6.8931e-01 (6.9212e-01)	Loss Pred 5.7559e-01 (5.6227e-01)	Loss TOTAL 9.6849e-01 (9.8152e-01)
Epoch: [29][490/496]	L_Src_Sup 2.6531e-01 (2.5218e-01)	L_Trg_Inj 2.1873e-01 (3.4732e-01)	Loss Disc 6.9005e-01 (6.9215e-01)	Loss Pred 5.7018e-01 (5.6185e-01)	Loss TOTAL 1.0102e+00 (9.8091e-01)
Epoch: [29][496/496]	L_Src_Sup 2.4798e-01 (2.5154e-01)	L_Trg_Inj 2.2921e-01 (3.4547e-01)	Loss Disc 6.8903e-01 (6.9215e-01)	Loss Pred 5.7582e-01 (5.6191e-01)	Loss TOTAL 9.8682e-01 (9.8097e-01)
Epoch 29 complete. Saving model state...
Epoch: [30][ 10/496]	L_Src_Sup 2.4743e-01 (2.0578e-01)	L_Trg_Inj 2.0275e-01 (2.4313e-01)	Loss Disc 6.9063e-01 (6.9242e-01)	Loss Pred 5.7571e-01 (5.6349e-01)	Loss TOTAL 1.0107e+00 (9.6648e-01)
Epoch: [30][ 20/496]	L_Src_Sup 2.9904e-01 (2.3121e-01)	L_Trg_Inj 2.3437e-01 (2.2606e-01)	Loss Disc 6.9783e-01 (6.9282e-01)	Loss Pred 5.2001e-01 (5.5846e-01)	Loss TOTAL 9.8693e-01 (9.8885e-01)
Epoch: [30][ 30/496]	L_Src_Sup 2.7405e-01 (2.4110e-01)	L_Trg_Inj 2.1480e-01 (2.3430e-01)	Loss Disc 6.9319e-01 (6.9279e-01)	Loss Pred 5.4777e-01 (5.5771e-01)	Loss TOTAL 1.0025e+00 (9.8804e-01)
Epoch: [30][ 40/496]	L_Src_Sup 1.6162e-01 (2.3728e-01)	L_Trg_Inj 3.4375e-01 (2.4767e-01)	Loss Disc 6.9143e-01 (6.9276e-01)	Loss Pred 5.6494e-01 (5.5607e-01)	Loss TOTAL 9.6119e-01 (9.8364e-01)
Epoch: [30][ 50/496]	L_Src_Sup 2.2680e-01 (2.3820e-01)	L_Trg_Inj 3.9062e-01 (2.5975e-01)	Loss Disc 6.9038e-01 (6.9262e-01)	Loss Pred 5.7588e-01 (5.5764e-01)	Loss TOTAL 9.8282e-01 (9.8357e-01)
Epoch: [30][ 60/496]	L_Src_Sup 1.2078e-01 (2.4314e-01)	L_Trg_Inj 3.2698e-01 (2.6826e-01)	Loss Disc 6.9206e-01 (6.9249e-01)	Loss Pred 5.5754e-01 (5.5981e-01)	Loss TOTAL 9.4835e-01 (9.8452e-01)
Epoch: [30][ 70/496]	L_Src_Sup 1.8182e-01 (2.3933e-01)	L_Trg_Inj 3.3418e-01 (2.6662e-01)	Loss Disc 6.9106e-01 (6.9257e-01)	Loss Pred 5.6454e-01 (5.6079e-01)	Loss TOTAL 9.6167e-01 (9.8349e-01)
Epoch: [30][ 80/496]	L_Src_Sup 1.8694e-01 (2.4061e-01)	L_Trg_Inj 2.1863e-01 (2.5872e-01)	Loss Disc 6.9274e-01 (6.9264e-01)	Loss Pred 5.1990e-01 (5.5967e-01)	Loss TOTAL 9.0682e-01 (9.8519e-01)
Epoch: [30][ 90/496]	L_Src_Sup 2.8090e-01 (2.3576e-01)	L_Trg_Inj 2.4955e-01 (2.5470e-01)	Loss Disc 6.9339e-01 (6.9269e-01)	Loss Pred 5.4772e-01 (5.5841e-01)	Loss TOTAL 9.7881e-01 (9.8034e-01)
Epoch: [30][100/496]	L_Src_Sup 1.3193e-01 (2.3549e-01)	L_Trg_Inj 1.3927e-01 (2.4482e-01)	Loss Disc 6.9347e-01 (6.9270e-01)	Loss Pred 5.3358e-01 (5.5866e-01)	Loss TOTAL 9.0743e-01 (9.8486e-01)
Epoch: [30][110/496]	L_Src_Sup 1.4142e-01 (2.3165e-01)	L_Trg_Inj 2.6528e-01 (2.4192e-01)	Loss Disc 6.9178e-01 (6.9262e-01)	Loss Pred 5.6463e-01 (5.5963e-01)	Loss TOTAL 9.5119e-01 (9.8497e-01)
Epoch: [30][120/496]	L_Src_Sup 1.8752e-01 (2.2853e-01)	L_Trg_Inj 1.2834e-01 (2.4100e-01)	Loss Disc 6.9168e-01 (6.9256e-01)	Loss Pred 5.7570e-01 (5.6021e-01)	Loss TOTAL 1.0123e+00 (9.8338e-01)
Epoch: [30][130/496]	L_Src_Sup 1.8948e-01 (2.3070e-01)	L_Trg_Inj 1.7186e-01 (2.4048e-01)	Loss Disc 6.9011e-01 (6.9250e-01)	Loss Pred 5.8651e-01 (5.6165e-01)	Loss TOTAL 9.8532e-01 (9.8538e-01)
Epoch: [30][140/496]	L_Src_Sup 1.4737e-01 (2.2971e-01)	L_Trg_Inj 2.0294e-01 (2.3931e-01)	Loss Disc 6.9094e-01 (6.9247e-01)	Loss Pred 5.8638e-01 (5.6205e-01)	Loss TOTAL 9.6688e-01 (9.8572e-01)
Epoch: [30][150/496]	L_Src_Sup 2.7084e-01 (2.3076e-01)	L_Trg_Inj 3.2752e-01 (2.4051e-01)	Loss Disc 6.8776e-01 (6.9241e-01)	Loss Pred 5.8122e-01 (5.6221e-01)	Loss TOTAL 9.8493e-01 (9.8554e-01)
Epoch: [30][160/496]	L_Src_Sup 2.2229e-01 (2.3196e-01)	L_Trg_Inj 2.4996e-01 (2.4302e-01)	Loss Disc 6.9078e-01 (6.9244e-01)	Loss Pred 5.6451e-01 (5.6171e-01)	Loss TOTAL 9.5713e-01 (9.8389e-01)
Epoch: [30][170/496]	L_Src_Sup 1.8750e-01 (2.2868e-01)	L_Trg_Inj 1.8749e-01 (2.4384e-01)	Loss Disc 6.9251e-01 (6.9237e-01)	Loss Pred 5.8073e-01 (5.6258e-01)	Loss TOTAL 9.6450e-01 (9.8382e-01)
Epoch: [30][180/496]	L_Src_Sup 8.7912e-02 (2.2807e-01)	L_Trg_Inj 1.7187e-01 (2.4453e-01)	Loss Disc 6.8994e-01 (6.9229e-01)	Loss Pred 6.0733e-01 (5.6320e-01)	Loss TOTAL 9.7828e-01 (9.8430e-01)
Epoch: [30][190/496]	L_Src_Sup 2.0619e-01 (2.2779e-01)	L_Trg_Inj 3.1231e-01 (2.4496e-01)	Loss Disc 6.9568e-01 (6.9236e-01)	Loss Pred 5.7511e-01 (5.6346e-01)	Loss TOTAL 9.7480e-01 (9.8399e-01)
Epoch: [30][200/496]	L_Src_Sup 3.4952e-01 (2.2892e-01)	L_Trg_Inj 3.2812e-01 (2.4654e-01)	Loss Disc 6.9299e-01 (6.9233e-01)	Loss Pred 5.4314e-01 (5.6335e-01)	Loss TOTAL 9.7880e-01 (9.8438e-01)
Epoch: [30][210/496]	L_Src_Sup 2.0619e-01 (2.2858e-01)	L_Trg_Inj 3.4375e-01 (2.4871e-01)	Loss Disc 6.8928e-01 (6.9227e-01)	Loss Pred 5.7507e-01 (5.6387e-01)	Loss TOTAL 9.7470e-01 (9.8380e-01)
Epoch: [30][220/496]	L_Src_Sup 2.8224e-01 (2.2928e-01)	L_Trg_Inj 4.2139e-01 (2.5203e-01)	Loss Disc 6.9227e-01 (6.9232e-01)	Loss Pred 5.5915e-01 (5.6362e-01)	Loss TOTAL 9.7565e-01 (9.8281e-01)
Epoch: [30][230/496]	L_Src_Sup 3.0924e-01 (2.2943e-01)	L_Trg_Inj 2.0312e-01 (2.5377e-01)	Loss Disc 6.9323e-01 (6.9231e-01)	Loss Pred 5.7512e-01 (5.6349e-01)	Loss TOTAL 1.0791e+00 (9.8240e-01)
Epoch: [30][240/496]	L_Src_Sup 1.7778e-01 (2.2936e-01)	L_Trg_Inj 4.0794e-01 (2.5538e-01)	Loss Disc 6.8677e-01 (6.9230e-01)	Loss Pred 6.1258e-01 (5.6359e-01)	Loss TOTAL 1.0145e+00 (9.8191e-01)
Epoch: [30][250/496]	L_Src_Sup 3.4000e-01 (2.3036e-01)	L_Trg_Inj 2.3437e-01 (2.5646e-01)	Loss Disc 6.8901e-01 (6.9223e-01)	Loss Pred 5.5915e-01 (5.6382e-01)	Loss TOTAL 1.0667e+00 (9.8226e-01)
Epoch: [30][260/496]	L_Src_Sup 2.2681e-01 (2.3044e-01)	L_Trg_Inj 1.7428e-01 (2.5640e-01)	Loss Disc 6.8992e-01 (6.9227e-01)	Loss Pred 5.7508e-01 (5.6383e-01)	Loss TOTAL 1.0127e+00 (9.8197e-01)
Epoch: [30][270/496]	L_Src_Sup 2.2019e-01 (2.2994e-01)	L_Trg_Inj 2.6562e-01 (2.5796e-01)	Loss Disc 6.9304e-01 (6.9231e-01)	Loss Pred 5.1084e-01 (5.6328e-01)	Loss TOTAL 9.0594e-01 (9.8117e-01)
Epoch: [30][280/496]	L_Src_Sup 1.2371e-01 (2.3119e-01)	L_Trg_Inj 3.5887e-01 (2.5992e-01)	Loss Disc 6.9238e-01 (6.9233e-01)	Loss Pred 5.7532e-01 (5.6311e-01)	Loss TOTAL 9.6977e-01 (9.8150e-01)
Epoch: [30][290/496]	L_Src_Sup 2.8319e-01 (2.3079e-01)	L_Trg_Inj 1.7187e-01 (2.6135e-01)	Loss Disc 6.9566e-01 (6.9234e-01)	Loss Pred 4.8843e-01 (5.6269e-01)	Loss TOTAL 9.9309e-01 (9.8078e-01)
Epoch: [30][300/496]	L_Src_Sup 3.1389e-01 (2.3108e-01)	L_Trg_Inj 3.5927e-01 (2.6296e-01)	Loss Disc 6.9799e-01 (6.9233e-01)	Loss Pred 5.1551e-01 (5.6273e-01)	Loss TOTAL 9.3182e-01 (9.8122e-01)
Epoch: [30][310/496]	L_Src_Sup 3.1683e-01 (2.3168e-01)	L_Trg_Inj 3.1250e-01 (2.6461e-01)	Loss Disc 6.9688e-01 (6.9230e-01)	Loss Pred 5.5358e-01 (5.6282e-01)	Loss TOTAL 9.6928e-01 (9.8111e-01)
Epoch: [30][320/496]	L_Src_Sup 3.0613e-01 (2.3280e-01)	L_Trg_Inj 3.4373e-01 (2.6712e-01)	Loss Disc 6.9059e-01 (6.9226e-01)	Loss Pred 5.6994e-01 (5.6293e-01)	Loss TOTAL 9.8022e-01 (9.8139e-01)
Epoch: [30][330/496]	L_Src_Sup 1.6667e-01 (2.3294e-01)	L_Trg_Inj 1.8744e-01 (2.6707e-01)	Loss Disc 6.9524e-01 (6.9224e-01)	Loss Pred 5.1624e-01 (5.6322e-01)	Loss TOTAL 8.9927e-01 (9.8153e-01)
Epoch: [30][340/496]	L_Src_Sup 1.4583e-01 (2.3126e-01)	L_Trg_Inj 2.8250e-01 (2.6720e-01)	Loss Disc 6.9304e-01 (6.9225e-01)	Loss Pred 5.8069e-01 (5.6313e-01)	Loss TOTAL 9.7004e-01 (9.8064e-01)
Epoch: [30][350/496]	L_Src_Sup 1.3463e-01 (2.3122e-01)	L_Trg_Inj 2.9003e-01 (2.6717e-01)	Loss Disc 6.9355e-01 (6.9223e-01)	Loss Pred 5.3753e-01 (5.6314e-01)	Loss TOTAL 9.2678e-01 (9.8034e-01)
Epoch: [30][360/496]	L_Src_Sup 2.0835e-01 (2.3115e-01)	L_Trg_Inj 3.3142e-01 (2.6701e-01)	Loss Disc 6.9195e-01 (6.9226e-01)	Loss Pred 5.8082e-01 (5.6288e-01)	Loss TOTAL 9.8077e-01 (9.8001e-01)
Epoch: [30][370/496]	L_Src_Sup 2.0000e-01 (2.3076e-01)	L_Trg_Inj 2.8493e-01 (2.6690e-01)	Loss Disc 6.9477e-01 (6.9225e-01)	Loss Pred 5.0462e-01 (5.6275e-01)	Loss TOTAL 9.0050e-01 (9.7969e-01)
Epoch: [30][380/496]	L_Src_Sup 2.8764e-01 (2.3144e-01)	L_Trg_Inj 2.8119e-01 (2.6786e-01)	Loss Disc 6.9558e-01 (6.9223e-01)	Loss Pred 5.4136e-01 (5.6277e-01)	Loss TOTAL 9.5249e-01 (9.7961e-01)
Epoch: [30][390/496]	L_Src_Sup 2.6924e-01 (2.3113e-01)	L_Trg_Inj 3.7323e-01 (2.6902e-01)	Loss Disc 6.9509e-01 (6.9220e-01)	Loss Pred 5.3737e-01 (5.6288e-01)	Loss TOTAL 9.4916e-01 (9.7930e-01)
Epoch: [30][400/496]	L_Src_Sup 3.0692e-01 (2.3146e-01)	L_Trg_Inj 2.3430e-01 (2.6873e-01)	Loss Disc 6.9395e-01 (6.9224e-01)	Loss Pred 5.2623e-01 (5.6267e-01)	Loss TOTAL 9.9995e-01 (9.7936e-01)
Epoch: [30][410/496]	L_Src_Sup 2.1360e-01 (2.3226e-01)	L_Trg_Inj 3.5910e-01 (2.6931e-01)	Loss Disc 6.9286e-01 (6.9223e-01)	Loss Pred 5.4283e-01 (5.6261e-01)	Loss TOTAL 9.4653e-01 (9.7937e-01)
Epoch: [30][420/496]	L_Src_Sup 4.0431e-01 (2.3291e-01)	L_Trg_Inj 3.1180e-01 (2.7350e-01)	Loss Disc 6.8855e-01 (6.9220e-01)	Loss Pred 5.9188e-01 (5.6269e-01)	Loss TOTAL 1.1003e+00 (9.7966e-01)
Epoch: [30][430/496]	L_Src_Sup 2.5891e-01 (2.3426e-01)	L_Trg_Inj 5.6243e-01 (2.7668e-01)	Loss Disc 6.9229e-01 (6.9219e-01)	Loss Pred 5.5912e-01 (5.6274e-01)	Loss TOTAL 9.8740e-01 (9.7989e-01)
Epoch: [30][440/496]	L_Src_Sup 1.3594e-01 (2.3438e-01)	L_Trg_Inj 4.9917e-01 (2.7959e-01)	Loss Disc 6.9116e-01 (6.9218e-01)	Loss Pred 5.4267e-01 (5.6265e-01)	Loss TOTAL 9.5176e-01 (9.7964e-01)
Epoch: [30][450/496]	L_Src_Sup 2.4742e-01 (2.3527e-01)	L_Trg_Inj 4.0624e-01 (2.8289e-01)	Loss Disc 6.8918e-01 (6.9217e-01)	Loss Pred 5.7550e-01 (5.6257e-01)	Loss TOTAL 9.8545e-01 (9.7967e-01)
Epoch: [30][460/496]	L_Src_Sup 1.6162e-01 (2.3573e-01)	L_Trg_Inj 4.9959e-01 (2.8506e-01)	Loss Disc 6.9358e-01 (6.9218e-01)	Loss Pred 5.6451e-01 (5.6246e-01)	Loss TOTAL 9.7742e-01 (9.7943e-01)
Epoch: [30][470/496]	L_Src_Sup 2.4001e-01 (2.3590e-01)	L_Trg_Inj 3.9061e-01 (2.8684e-01)	Loss Disc 6.9116e-01 (6.9219e-01)	Loss Pred 5.5902e-01 (5.6247e-01)	Loss TOTAL 9.6766e-01 (9.7944e-01)
Epoch: [30][480/496]	L_Src_Sup 1.6667e-01 (2.3657e-01)	L_Trg_Inj 2.4995e-01 (2.8883e-01)	Loss Disc 6.9309e-01 (6.9220e-01)	Loss Pred 5.1463e-01 (5.6215e-01)	Loss TOTAL 9.0284e-01 (9.7917e-01)
Epoch: [30][490/496]	L_Src_Sup 3.2653e-01 (2.3746e-01)	L_Trg_Inj 4.0611e-01 (2.9010e-01)	Loss Disc 6.9176e-01 (6.9222e-01)	Loss Pred 5.7024e-01 (5.6195e-01)	Loss TOTAL 9.8939e-01 (9.7907e-01)
Epoch: [30][496/496]	L_Src_Sup 3.6735e-01 (2.3778e-01)	L_Trg_Inj 3.4370e-01 (2.9114e-01)	Loss Disc 6.9306e-01 (6.9222e-01)	Loss Pred 5.7025e-01 (5.6194e-01)	Loss TOTAL 1.0115e+00 (9.7902e-01)
Epoch 30 complete. Saving model state...
Epoch: [31][ 10/496]	L_Src_Sup 2.9474e-01 (2.5545e-01)	L_Trg_Inj 5.1551e-01 (3.5592e-01)	Loss Disc 6.8953e-01 (6.9180e-01)	Loss Pred 5.8701e-01 (5.6630e-01)	Loss TOTAL 1.0128e+00 (9.7333e-01)
Epoch: [31][ 20/496]	L_Src_Sup 3.1379e-01 (2.4999e-01)	L_Trg_Inj 4.0602e-01 (3.5659e-01)	Loss Disc 6.9330e-01 (6.9237e-01)	Loss Pred 5.4780e-01 (5.6041e-01)	Loss TOTAL 9.6643e-01 (9.7044e-01)
Epoch: [31][ 30/496]	L_Src_Sup 1.5093e-01 (2.6030e-01)	L_Trg_Inj 4.0625e-01 (3.6226e-01)	Loss Disc 6.9636e-01 (6.9215e-01)	Loss Pred 5.2557e-01 (5.6071e-01)	Loss TOTAL 9.2946e-01 (9.7815e-01)
Epoch: [31][ 40/496]	L_Src_Sup 1.3726e-01 (2.6485e-01)	L_Trg_Inj 2.9686e-01 (3.5446e-01)	Loss Disc 6.9449e-01 (6.9200e-01)	Loss Pred 5.4784e-01 (5.6034e-01)	Loss TOTAL 9.3850e-01 (9.7822e-01)
Epoch: [31][ 50/496]	L_Src_Sup 2.3303e-01 (2.5619e-01)	L_Trg_Inj 3.4357e-01 (3.3462e-01)	Loss Disc 6.9216e-01 (6.9220e-01)	Loss Pred 5.4213e-01 (5.5875e-01)	Loss TOTAL 9.4587e-01 (9.7709e-01)
Epoch: [31][ 60/496]	L_Src_Sup 1.7998e-01 (2.5411e-01)	L_Trg_Inj 2.2464e-01 (3.1555e-01)	Loss Disc 6.9146e-01 (6.9204e-01)	Loss Pred 5.5901e-01 (5.5954e-01)	Loss TOTAL 9.4520e-01 (9.7936e-01)
Epoch: [31][ 70/496]	L_Src_Sup 1.8750e-01 (2.5258e-01)	L_Trg_Inj 3.7168e-01 (3.1373e-01)	Loss Disc 6.9088e-01 (6.9216e-01)	Loss Pred 5.8158e-01 (5.5882e-01)	Loss TOTAL 9.8294e-01 (9.7749e-01)
Epoch: [31][ 80/496]	L_Src_Sup 2.5000e-01 (2.5116e-01)	L_Trg_Inj 3.1250e-01 (3.1079e-01)	Loss Disc 6.9205e-01 (6.9215e-01)	Loss Pred 5.8142e-01 (5.6009e-01)	Loss TOTAL 9.8369e-01 (9.7902e-01)
Epoch: [31][ 90/496]	L_Src_Sup 2.1978e-01 (2.5113e-01)	L_Trg_Inj 2.6500e-01 (3.0659e-01)	Loss Disc 6.9074e-01 (6.9229e-01)	Loss Pred 6.0958e-01 (5.5978e-01)	Loss TOTAL 1.0034e+00 (9.7800e-01)
Epoch: [31][100/496]	L_Src_Sup 2.6237e-01 (2.5039e-01)	L_Trg_Inj 4.9999e-01 (3.0730e-01)	Loss Disc 6.9176e-01 (6.9234e-01)	Loss Pred 5.6462e-01 (5.5880e-01)	Loss TOTAL 9.8674e-01 (9.7614e-01)
Epoch: [31][110/496]	L_Src_Sup 2.4000e-01 (2.5408e-01)	L_Trg_Inj 5.0000e-01 (3.1352e-01)	Loss Disc 6.9197e-01 (6.9231e-01)	Loss Pred 5.5900e-01 (5.5862e-01)	Loss TOTAL 9.7899e-01 (9.7638e-01)
Epoch: [31][120/496]	L_Src_Sup 2.3763e-01 (2.5318e-01)	L_Trg_Inj 4.0625e-01 (3.2134e-01)	Loss Disc 6.9454e-01 (6.9230e-01)	Loss Pred 5.5333e-01 (5.5908e-01)	Loss TOTAL 9.6499e-01 (9.7629e-01)
Epoch: [31][130/496]	L_Src_Sup 3.6228e-01 (2.5701e-01)	L_Trg_Inj 4.8433e-01 (3.2798e-01)	Loss Disc 6.9375e-01 (6.9230e-01)	Loss Pred 5.5334e-01 (5.5835e-01)	Loss TOTAL 9.8488e-01 (9.7573e-01)
Epoch: [31][140/496]	L_Src_Sup 2.7083e-01 (2.5572e-01)	L_Trg_Inj 2.1874e-01 (3.2547e-01)	Loss Disc 6.9624e-01 (6.9233e-01)	Loss Pred 5.8156e-01 (5.5905e-01)	Loss TOTAL 1.0307e+00 (9.7566e-01)
Epoch: [31][150/496]	L_Src_Sup 2.5743e-01 (2.5463e-01)	L_Trg_Inj 3.8718e-01 (3.2716e-01)	Loss Disc 6.9308e-01 (6.9229e-01)	Loss Pred 5.5336e-01 (5.5912e-01)	Loss TOTAL 9.6436e-01 (9.7560e-01)
Epoch: [31][160/496]	L_Src_Sup 2.4444e-01 (2.5520e-01)	L_Trg_Inj 3.1250e-01 (3.2905e-01)	Loss Disc 6.8854e-01 (6.9227e-01)	Loss Pred 6.1495e-01 (5.5988e-01)	Loss TOTAL 1.0149e+00 (9.7661e-01)
Epoch: [31][170/496]	L_Src_Sup 3.2990e-01 (2.5575e-01)	L_Trg_Inj 4.6875e-01 (3.3092e-01)	Loss Disc 6.9491e-01 (6.9234e-01)	Loss Pred 5.7572e-01 (5.5960e-01)	Loss TOTAL 1.0030e+00 (9.7614e-01)
Epoch: [31][180/496]	L_Src_Sup 1.9149e-01 (2.5471e-01)	L_Trg_Inj 3.9060e-01 (3.3324e-01)	Loss Disc 6.8938e-01 (6.9231e-01)	Loss Pred 5.9244e-01 (5.5996e-01)	Loss TOTAL 9.9534e-01 (9.7614e-01)
Epoch: [31][190/496]	L_Src_Sup 2.4000e-01 (2.5604e-01)	L_Trg_Inj 4.3748e-01 (3.3679e-01)	Loss Disc 6.9155e-01 (6.9230e-01)	Loss Pred 5.5897e-01 (5.5989e-01)	Loss TOTAL 9.7250e-01 (9.7608e-01)
Epoch: [31][200/496]	L_Src_Sup 2.0687e-01 (2.5621e-01)	L_Trg_Inj 4.2040e-01 (3.3927e-01)	Loss Disc 6.9706e-01 (6.9226e-01)	Loss Pred 5.2576e-01 (5.5999e-01)	Loss TOTAL 9.3702e-01 (9.7632e-01)
Epoch: [31][210/496]	L_Src_Sup 2.1782e-01 (2.5660e-01)	L_Trg_Inj 3.2802e-01 (3.4011e-01)	Loss Disc 6.9271e-01 (6.9221e-01)	Loss Pred 5.5342e-01 (5.6015e-01)	Loss TOTAL 9.5436e-01 (9.7624e-01)
Epoch: [31][220/496]	L_Src_Sup 2.6169e-01 (2.5628e-01)	L_Trg_Inj 4.0623e-01 (3.3921e-01)	Loss Disc 6.9381e-01 (6.9220e-01)	Loss Pred 5.2026e-01 (5.6012e-01)	Loss TOTAL 9.3395e-01 (9.7589e-01)
Epoch: [31][230/496]	L_Src_Sup 1.7204e-01 (2.5512e-01)	L_Trg_Inj 3.4364e-01 (3.4010e-01)	Loss Disc 6.8838e-01 (6.9216e-01)	Loss Pred 5.9760e-01 (5.6070e-01)	Loss TOTAL 9.9335e-01 (9.7635e-01)
Epoch: [31][240/496]	L_Src_Sup 2.4762e-01 (2.5502e-01)	L_Trg_Inj 4.4448e-01 (3.4240e-01)	Loss Disc 6.9511e-01 (6.9205e-01)	Loss Pred 5.3226e-01 (5.6161e-01)	Loss TOTAL 9.4903e-01 (9.7719e-01)
Epoch: [31][250/496]	L_Src_Sup 2.0561e-01 (2.5376e-01)	L_Trg_Inj 3.5725e-01 (3.4283e-01)	Loss Disc 6.9650e-01 (6.9213e-01)	Loss Pred 5.2131e-01 (5.6144e-01)	Loss TOTAL 9.2585e-01 (9.7659e-01)
Epoch: [31][260/496]	L_Src_Sup 2.1360e-01 (2.5444e-01)	L_Trg_Inj 3.1086e-01 (3.4382e-01)	Loss Disc 6.9641e-01 (6.9208e-01)	Loss Pred 5.4293e-01 (5.6157e-01)	Loss TOTAL 9.4358e-01 (9.7663e-01)
Epoch: [31][270/496]	L_Src_Sup 1.8963e-01 (2.5312e-01)	L_Trg_Inj 2.9680e-01 (3.4083e-01)	Loss Disc 6.9615e-01 (6.9210e-01)	Loss Pred 5.8593e-01 (5.6194e-01)	Loss TOTAL 9.8265e-01 (9.7671e-01)
Epoch: [31][280/496]	L_Src_Sup 2.4503e-01 (2.5297e-01)	L_Trg_Inj 3.9059e-01 (3.4043e-01)	Loss Disc 6.9111e-01 (6.9212e-01)	Loss Pred 5.6983e-01 (5.6183e-01)	Loss TOTAL 9.7894e-01 (9.7708e-01)
Epoch: [31][290/496]	L_Src_Sup 2.6668e-01 (2.5270e-01)	L_Trg_Inj 4.0610e-01 (3.3999e-01)	Loss Disc 6.9458e-01 (6.9210e-01)	Loss Pred 5.3235e-01 (5.6212e-01)	Loss TOTAL 9.4692e-01 (9.7731e-01)
Epoch: [31][300/496]	L_Src_Sup 1.9781e-01 (2.5206e-01)	L_Trg_Inj 3.2781e-01 (3.4022e-01)	Loss Disc 6.9013e-01 (6.9215e-01)	Loss Pred 6.0804e-01 (5.6165e-01)	Loss TOTAL 1.0057e+00 (9.7650e-01)
Epoch: [31][310/496]	L_Src_Sup 3.4615e-01 (2.5107e-01)	L_Trg_Inj 2.9686e-01 (3.3931e-01)	Loss Disc 6.9217e-01 (6.9216e-01)	Loss Pred 5.3733e-01 (5.6167e-01)	Loss TOTAL 9.9700e-01 (9.7675e-01)
Epoch: [31][320/496]	L_Src_Sup 1.9568e-01 (2.5050e-01)	L_Trg_Inj 3.3019e-01 (3.3761e-01)	Loss Disc 6.9110e-01 (6.9216e-01)	Loss Pred 6.0288e-01 (5.6150e-01)	Loss TOTAL 1.0010e+00 (9.7689e-01)
Epoch: [31][330/496]	L_Src_Sup 4.4173e-01 (2.5091e-01)	L_Trg_Inj 5.4681e-01 (3.3882e-01)	Loss Disc 6.9069e-01 (6.9217e-01)	Loss Pred 5.9713e-01 (5.6175e-01)	Loss TOTAL 1.0413e+00 (9.7719e-01)
Epoch: [31][340/496]	L_Src_Sup 3.1382e-01 (2.5170e-01)	L_Trg_Inj 3.2524e-01 (3.4024e-01)	Loss Disc 6.9257e-01 (6.9219e-01)	Loss Pred 5.4822e-01 (5.6169e-01)	Loss TOTAL 9.5841e-01 (9.7760e-01)
Epoch: [31][350/496]	L_Src_Sup 1.5044e-01 (2.5201e-01)	L_Trg_Inj 3.7810e-01 (3.4177e-01)	Loss Disc 6.9179e-01 (6.9218e-01)	Loss Pred 5.9690e-01 (5.6211e-01)	Loss TOTAL 9.9565e-01 (9.7801e-01)
Epoch: [31][360/496]	L_Src_Sup 2.1154e-01 (2.5224e-01)	L_Trg_Inj 3.7500e-01 (3.4276e-01)	Loss Disc 6.9628e-01 (6.9220e-01)	Loss Pred 5.3762e-01 (5.6205e-01)	Loss TOTAL 9.4441e-01 (9.7795e-01)
Epoch: [31][370/496]	L_Src_Sup 1.8749e-01 (2.5256e-01)	L_Trg_Inj 5.1561e-01 (3.4356e-01)	Loss Disc 6.9172e-01 (6.9220e-01)	Loss Pred 5.8062e-01 (5.6213e-01)	Loss TOTAL 9.9679e-01 (9.7793e-01)
Epoch: [31][380/496]	L_Src_Sup 1.3862e-01 (2.5191e-01)	L_Trg_Inj 3.5937e-01 (3.4551e-01)	Loss Disc 6.9333e-01 (6.9221e-01)	Loss Pred 5.5365e-01 (5.6195e-01)	Loss TOTAL 9.5011e-01 (9.7763e-01)
Epoch: [31][390/496]	L_Src_Sup 3.4694e-01 (2.5227e-01)	L_Trg_Inj 3.9062e-01 (3.4620e-01)	Loss Disc 6.9116e-01 (6.9223e-01)	Loss Pred 5.6991e-01 (5.6197e-01)	Loss TOTAL 9.8925e-01 (9.7771e-01)
Epoch: [31][400/496]	L_Src_Sup 2.7860e-01 (2.5250e-01)	L_Trg_Inj 4.0235e-01 (3.4786e-01)	Loss Disc 6.8659e-01 (6.9222e-01)	Loss Pred 6.1311e-01 (5.6226e-01)	Loss TOTAL 1.0245e+00 (9.7794e-01)
Epoch: [31][410/496]	L_Src_Sup 3.3675e-01 (2.5217e-01)	L_Trg_Inj 4.2187e-01 (3.4847e-01)	Loss Disc 6.8978e-01 (6.9223e-01)	Loss Pred 5.8638e-01 (5.6200e-01)	Loss TOTAL 1.0071e+00 (9.7748e-01)
Epoch: [31][420/496]	L_Src_Sup 1.7476e-01 (2.5217e-01)	L_Trg_Inj 3.8081e-01 (3.4881e-01)	Loss Disc 6.9363e-01 (6.9223e-01)	Loss Pred 5.4277e-01 (5.6193e-01)	Loss TOTAL 9.4514e-01 (9.7722e-01)
Epoch: [31][430/496]	L_Src_Sup 2.7702e-01 (2.5295e-01)	L_Trg_Inj 3.6940e-01 (3.5054e-01)	Loss Disc 6.8800e-01 (6.9222e-01)	Loss Pred 5.9209e-01 (5.6194e-01)	Loss TOTAL 1.0007e+00 (9.7757e-01)
Epoch: [31][440/496]	L_Src_Sup 1.4898e-01 (2.5320e-01)	L_Trg_Inj 4.5310e-01 (3.5275e-01)	Loss Disc 6.8769e-01 (6.9222e-01)	Loss Pred 5.9163e-01 (5.6211e-01)	Loss TOTAL 9.9568e-01 (9.7785e-01)
Epoch: [31][450/496]	L_Src_Sup 2.0565e-01 (2.5410e-01)	L_Trg_Inj 4.6022e-01 (3.5423e-01)	Loss Disc 6.9315e-01 (6.9222e-01)	Loss Pred 5.9550e-01 (5.6226e-01)	Loss TOTAL 1.0087e+00 (9.7804e-01)
Epoch: [31][460/496]	L_Src_Sup 3.5052e-01 (2.5435e-01)	L_Trg_Inj 2.9168e-01 (3.5449e-01)	Loss Disc 6.9128e-01 (6.9224e-01)	Loss Pred 5.7545e-01 (5.6206e-01)	Loss TOTAL 1.0441e+00 (9.7787e-01)
Epoch: [31][470/496]	L_Src_Sup 3.0100e-01 (2.5515e-01)	L_Trg_Inj 3.5936e-01 (3.5578e-01)	Loss Disc 6.9385e-01 (6.9223e-01)	Loss Pred 5.5905e-01 (5.6212e-01)	Loss TOTAL 9.7202e-01 (9.7803e-01)
Epoch: [31][480/496]	L_Src_Sup 3.2653e-01 (2.5556e-01)	L_Trg_Inj 3.5932e-01 (3.5638e-01)	Loss Disc 6.9269e-01 (6.9224e-01)	Loss Pred 5.6993e-01 (5.6209e-01)	Loss TOTAL 9.8486e-01 (9.7794e-01)
Epoch: [31][490/496]	L_Src_Sup 1.8557e-01 (2.5501e-01)	L_Trg_Inj 4.3745e-01 (3.5651e-01)	Loss Disc 6.8830e-01 (6.9223e-01)	Loss Pred 5.7530e-01 (5.6218e-01)	Loss TOTAL 9.8175e-01 (9.7781e-01)
Epoch: [31][496/496]	L_Src_Sup 3.4864e-01 (2.5521e-01)	L_Trg_Inj 4.0597e-01 (3.5648e-01)	Loss Disc 6.9540e-01 (6.9224e-01)	Loss Pred 5.1014e-01 (5.6196e-01)	Loss TOTAL 9.3330e-01 (9.7765e-01)
Epoch 31 complete. Saving model state...
Epoch: [32][ 10/496]	L_Src_Sup 2.6531e-01 (2.1430e-01)	L_Trg_Inj 2.6541e-01 (3.5457e-01)	Loss Disc 6.9402e-01 (6.9303e-01)	Loss Pred 5.7002e-01 (5.6670e-01)	Loss TOTAL 9.7010e-01 (9.7010e-01)
Epoch: [32][ 20/496]	L_Src_Sup 2.1279e-01 (2.1954e-01)	L_Trg_Inj 2.4996e-01 (3.2125e-01)	Loss Disc 6.8987e-01 (6.9296e-01)	Loss Pred 5.9192e-01 (5.6535e-01)	Loss TOTAL 9.8313e-01 (9.7587e-01)
Epoch: [32][ 30/496]	L_Src_Sup 1.7308e-01 (2.2785e-01)	L_Trg_Inj 2.4978e-01 (3.2504e-01)	Loss Disc 6.9312e-01 (6.9288e-01)	Loss Pred 5.4139e-01 (5.6140e-01)	Loss TOTAL 9.3023e-01 (9.7461e-01)
Epoch: [32][ 40/496]	L_Src_Sup 4.1987e-01 (2.4104e-01)	L_Trg_Inj 3.5934e-01 (3.1991e-01)	Loss Disc 6.9179e-01 (6.9284e-01)	Loss Pred 5.5912e-01 (5.5972e-01)	Loss TOTAL 1.0435e+00 (9.7574e-01)
Epoch: [32][ 50/496]	L_Src_Sup 1.3729e-01 (2.4564e-01)	L_Trg_Inj 2.9613e-01 (3.1355e-01)	Loss Disc 6.9330e-01 (6.9270e-01)	Loss Pred 5.5211e-01 (5.5944e-01)	Loss TOTAL 9.4210e-01 (9.7737e-01)
Epoch: [32][ 60/496]	L_Src_Sup 1.7778e-01 (2.4149e-01)	L_Trg_Inj 3.1232e-01 (3.1350e-01)	Loss Disc 6.8923e-01 (6.9264e-01)	Loss Pred 6.1479e-01 (5.5949e-01)	Loss TOTAL 1.0084e+00 (9.7557e-01)
Epoch: [32][ 70/496]	L_Src_Sup 2.2000e-01 (2.4600e-01)	L_Trg_Inj 4.3748e-01 (3.1571e-01)	Loss Disc 6.9473e-01 (6.9262e-01)	Loss Pred 5.5901e-01 (5.5896e-01)	Loss TOTAL 9.7212e-01 (9.7444e-01)
Epoch: [32][ 80/496]	L_Src_Sup 1.7822e-01 (2.4344e-01)	L_Trg_Inj 2.4721e-01 (3.2581e-01)	Loss Disc 6.9155e-01 (6.9254e-01)	Loss Pred 5.5341e-01 (5.5876e-01)	Loss TOTAL 9.4173e-01 (9.7333e-01)
Epoch: [32][ 90/496]	L_Src_Sup 2.2857e-01 (2.4188e-01)	L_Trg_Inj 2.9687e-01 (3.2526e-01)	Loss Disc 6.9290e-01 (6.9241e-01)	Loss Pred 5.3168e-01 (5.6113e-01)	Loss TOTAL 9.3067e-01 (9.7476e-01)
Epoch: [32][100/496]	L_Src_Sup 2.6168e-01 (2.3919e-01)	L_Trg_Inj 1.7187e-01 (3.2141e-01)	Loss Disc 6.9509e-01 (6.9245e-01)	Loss Pred 5.2075e-01 (5.6086e-01)	Loss TOTAL 1.0015e+00 (9.7426e-01)
Epoch: [32][110/496]	L_Src_Sup 2.6000e-01 (2.4019e-01)	L_Trg_Inj 2.6544e-01 (3.1988e-01)	Loss Disc 6.9102e-01 (6.9234e-01)	Loss Pred 5.5904e-01 (5.6157e-01)	Loss TOTAL 9.5710e-01 (9.7436e-01)
Epoch: [32][120/496]	L_Src_Sup 1.3592e-01 (2.3905e-01)	L_Trg_Inj 1.7064e-01 (3.1744e-01)	Loss Disc 6.9664e-01 (6.9224e-01)	Loss Pred 5.4290e-01 (5.6266e-01)	Loss TOTAL 9.2187e-01 (9.7442e-01)
Epoch: [32][130/496]	L_Src_Sup 2.0004e-01 (2.3846e-01)	L_Trg_Inj 4.7011e-01 (3.1503e-01)	Loss Disc 6.9182e-01 (6.9224e-01)	Loss Pred 5.5910e-01 (5.6271e-01)	Loss TOTAL 9.7202e-01 (9.7560e-01)
Epoch: [32][140/496]	L_Src_Sup 1.9608e-01 (2.3882e-01)	L_Trg_Inj 3.1249e-01 (3.1842e-01)	Loss Disc 6.9422e-01 (6.9236e-01)	Loss Pred 5.4806e-01 (5.6150e-01)	Loss TOTAL 9.4602e-01 (9.7453e-01)
Epoch: [32][150/496]	L_Src_Sup 3.8095e-01 (2.3931e-01)	L_Trg_Inj 3.7467e-01 (3.1933e-01)	Loss Disc 6.9249e-01 (6.9235e-01)	Loss Pred 5.3160e-01 (5.6094e-01)	Loss TOTAL 9.5969e-01 (9.7415e-01)
Epoch: [32][160/496]	L_Src_Sup 2.1162e-01 (2.4064e-01)	L_Trg_Inj 3.1233e-01 (3.2065e-01)	Loss Disc 6.9533e-01 (6.9239e-01)	Loss Pred 5.3678e-01 (5.6050e-01)	Loss TOTAL 9.3684e-01 (9.7356e-01)
Epoch: [32][170/496]	L_Src_Sup 2.8301e-01 (2.4109e-01)	L_Trg_Inj 2.9686e-01 (3.2114e-01)	Loss Disc 6.9557e-01 (6.9238e-01)	Loss Pred 5.2569e-01 (5.6061e-01)	Loss TOTAL 9.3146e-01 (9.7313e-01)
Epoch: [32][180/496]	L_Src_Sup 1.9535e-01 (2.4082e-01)	L_Trg_Inj 1.8708e-01 (3.1582e-01)	Loss Disc 6.8899e-01 (6.9237e-01)	Loss Pred 6.0343e-01 (5.6092e-01)	Loss TOTAL 9.9444e-01 (9.7412e-01)
Epoch: [32][190/496]	L_Src_Sup 2.5263e-01 (2.4017e-01)	L_Trg_Inj 2.9676e-01 (3.1567e-01)	Loss Disc 6.9073e-01 (6.9236e-01)	Loss Pred 5.8685e-01 (5.6061e-01)	Loss TOTAL 9.8715e-01 (9.7368e-01)
Epoch: [32][200/496]	L_Src_Sup 1.0526e-01 (2.3919e-01)	L_Trg_Inj 2.7815e-01 (3.1384e-01)	Loss Disc 6.8876e-01 (6.9230e-01)	Loss Pred 5.8667e-01 (5.6100e-01)	Loss TOTAL 9.6939e-01 (9.7409e-01)
Epoch: [32][210/496]	L_Src_Sup 1.4866e-01 (2.3861e-01)	L_Trg_Inj 3.2803e-01 (3.1088e-01)	Loss Disc 6.9234e-01 (6.9230e-01)	Loss Pred 5.1526e-01 (5.6107e-01)	Loss TOTAL 9.0909e-01 (9.7443e-01)
Epoch: [32][220/496]	L_Src_Sup 2.0977e-01 (2.4251e-01)	L_Trg_Inj 3.4447e-01 (3.1346e-01)	Loss Disc 6.8549e-01 (6.9221e-01)	Loss Pred 6.3553e-01 (5.6188e-01)	Loss TOTAL 1.0337e+00 (9.7604e-01)
Epoch: [32][230/496]	L_Src_Sup 3.2992e-01 (2.4322e-01)	L_Trg_Inj 3.7490e-01 (3.1520e-01)	Loss Disc 6.9291e-01 (6.9226e-01)	Loss Pred 5.7962e-01 (5.6205e-01)	Loss TOTAL 9.9656e-01 (9.7607e-01)
Epoch: [32][240/496]	L_Src_Sup 1.7476e-01 (2.4369e-01)	L_Trg_Inj 4.9546e-01 (3.1862e-01)	Loss Disc 6.9507e-01 (6.9222e-01)	Loss Pred 5.4309e-01 (5.6259e-01)	Loss TOTAL 9.5765e-01 (9.7681e-01)
Epoch: [32][250/496]	L_Src_Sup 3.0476e-01 (2.4394e-01)	L_Trg_Inj 3.7654e-01 (3.2220e-01)	Loss Disc 6.9515e-01 (6.9223e-01)	Loss Pred 5.3216e-01 (5.6223e-01)	Loss TOTAL 9.4787e-01 (9.7637e-01)
Epoch: [32][260/496]	L_Src_Sup 2.8571e-01 (2.4455e-01)	L_Trg_Inj 3.4050e-01 (3.2406e-01)	Loss Disc 6.8958e-01 (6.9221e-01)	Loss Pred 6.0767e-01 (5.6243e-01)	Loss TOTAL 1.0151e+00 (9.7661e-01)
Epoch: [32][270/496]	L_Src_Sup 2.0754e-01 (2.4489e-01)	L_Trg_Inj 2.3236e-01 (3.2312e-01)	Loss Disc 6.9575e-01 (6.9219e-01)	Loss Pred 5.2703e-01 (5.6257e-01)	Loss TOTAL 9.1890e-01 (9.7669e-01)
Epoch: [32][280/496]	L_Src_Sup 1.8000e-01 (2.4405e-01)	L_Trg_Inj 4.0611e-01 (3.2310e-01)	Loss Disc 6.9097e-01 (6.9219e-01)	Loss Pred 5.5911e-01 (5.6258e-01)	Loss TOTAL 9.6321e-01 (9.7648e-01)
Epoch: [32][290/496]	L_Src_Sup 2.7452e-01 (2.4344e-01)	L_Trg_Inj 2.6655e-01 (3.2249e-01)	Loss Disc 6.9552e-01 (6.9218e-01)	Loss Pred 5.4845e-01 (5.6259e-01)	Loss TOTAL 9.5829e-01 (9.7602e-01)
Epoch: [32][300/496]	L_Src_Sup 1.1433e-01 (2.4362e-01)	L_Trg_Inj 4.5301e-01 (3.2350e-01)	Loss Disc 6.8997e-01 (6.9216e-01)	Loss Pred 5.4826e-01 (5.6232e-01)	Loss TOTAL 9.4998e-01 (9.7556e-01)
Epoch: [32][310/496]	L_Src_Sup 2.4074e-01 (2.4408e-01)	L_Trg_Inj 5.2799e-01 (3.2556e-01)	Loss Disc 6.9367e-01 (6.9218e-01)	Loss Pred 5.1539e-01 (5.6198e-01)	Loss TOTAL 9.3910e-01 (9.7548e-01)
Epoch: [32][320/496]	L_Src_Sup 2.9703e-01 (2.4561e-01)	L_Trg_Inj 4.0267e-01 (3.2999e-01)	Loss Disc 6.9566e-01 (6.9215e-01)	Loss Pred 5.5358e-01 (5.6214e-01)	Loss TOTAL 9.7138e-01 (9.7590e-01)
Epoch: [32][330/496]	L_Src_Sup 2.8576e-01 (2.4648e-01)	L_Trg_Inj 4.6460e-01 (3.3283e-01)	Loss Disc 6.8820e-01 (6.9214e-01)	Loss Pred 6.0788e-01 (5.6251e-01)	Loss TOTAL 1.0270e+00 (9.7636e-01)
Epoch: [32][340/496]	L_Src_Sup 2.2224e-01 (2.4689e-01)	L_Trg_Inj 3.4878e-01 (3.3405e-01)	Loss Disc 6.9746e-01 (6.9219e-01)	Loss Pred 5.1570e-01 (5.6219e-01)	Loss TOTAL 9.2153e-01 (9.7595e-01)
Epoch: [32][350/496]	L_Src_Sup 2.3666e-01 (2.4651e-01)	L_Trg_Inj 4.1491e-01 (3.3511e-01)	Loss Disc 6.9079e-01 (6.9220e-01)	Loss Pred 5.9877e-01 (5.6198e-01)	Loss TOTAL 1.0093e+00 (9.7556e-01)
Epoch: [32][360/496]	L_Src_Sup 1.9781e-01 (2.4621e-01)	L_Trg_Inj 4.2187e-01 (3.3494e-01)	Loss Disc 6.9110e-01 (6.9219e-01)	Loss Pred 6.0819e-01 (5.6219e-01)	Loss TOTAL 1.0157e+00 (9.7574e-01)
Epoch: [32][370/496]	L_Src_Sup 1.3210e-01 (2.4554e-01)	L_Trg_Inj 3.4292e-01 (3.3567e-01)	Loss Disc 6.9396e-01 (6.9219e-01)	Loss Pred 5.2661e-01 (5.6225e-01)	Loss TOTAL 9.2109e-01 (9.7556e-01)
Epoch: [32][380/496]	L_Src_Sup 1.3608e-01 (2.4434e-01)	L_Trg_Inj 2.8062e-01 (3.3561e-01)	Loss Disc 6.9290e-01 (6.9221e-01)	Loss Pred 5.4282e-01 (5.6202e-01)	Loss TOTAL 9.3094e-01 (9.7497e-01)
Epoch: [32][390/496]	L_Src_Sup 2.5946e-01 (2.4445e-01)	L_Trg_Inj 2.4438e-01 (3.3332e-01)	Loss Disc 6.9446e-01 (6.9224e-01)	Loss Pred 5.1527e-01 (5.6182e-01)	Loss TOTAL 9.2797e-01 (9.7536e-01)
Epoch: [32][400/496]	L_Src_Sup 1.2000e-01 (2.4361e-01)	L_Trg_Inj 2.6145e-01 (3.3206e-01)	Loss Disc 6.9219e-01 (6.9227e-01)	Loss Pred 5.5907e-01 (5.6152e-01)	Loss TOTAL 9.4331e-01 (9.7521e-01)
Epoch: [32][410/496]	L_Src_Sup 1.6157e-01 (2.4288e-01)	L_Trg_Inj 4.3725e-01 (3.3153e-01)	Loss Disc 6.9148e-01 (6.9226e-01)	Loss Pred 5.6459e-01 (5.6173e-01)	Loss TOTAL 9.7021e-01 (9.7518e-01)
Epoch: [32][420/496]	L_Src_Sup 1.8184e-01 (2.4210e-01)	L_Trg_Inj 3.8413e-01 (3.3091e-01)	Loss Disc 6.9174e-01 (6.9227e-01)	Loss Pred 5.6464e-01 (5.6167e-01)	Loss TOTAL 9.6711e-01 (9.7483e-01)
Epoch: [32][430/496]	L_Src_Sup 2.3303e-01 (2.4147e-01)	L_Trg_Inj 4.0621e-01 (3.3174e-01)	Loss Disc 6.9111e-01 (6.9225e-01)	Loss Pred 5.4241e-01 (5.6158e-01)	Loss TOTAL 9.5189e-01 (9.7453e-01)
Epoch: [32][440/496]	L_Src_Sup 1.4000e-01 (2.4115e-01)	L_Trg_Inj 2.1801e-01 (3.3074e-01)	Loss Disc 6.9421e-01 (6.9225e-01)	Loss Pred 5.5903e-01 (5.6175e-01)	Loss TOTAL 9.4194e-01 (9.7501e-01)
Epoch: [32][450/496]	L_Src_Sup 1.9565e-01 (2.4094e-01)	L_Trg_Inj 2.1862e-01 (3.3085e-01)	Loss Disc 6.8866e-01 (6.9225e-01)	Loss Pred 6.0305e-01 (5.6178e-01)	Loss TOTAL 9.8880e-01 (9.7486e-01)
Epoch: [32][460/496]	L_Src_Sup 1.8751e-01 (2.4072e-01)	L_Trg_Inj 4.0324e-01 (3.3036e-01)	Loss Disc 6.9093e-01 (6.9225e-01)	Loss Pred 5.8077e-01 (5.6205e-01)	Loss TOTAL 9.8531e-01 (9.7485e-01)
Epoch: [32][470/496]	L_Src_Sup 2.6263e-01 (2.4023e-01)	L_Trg_Inj 2.7040e-01 (3.2915e-01)	Loss Disc 6.9233e-01 (6.9225e-01)	Loss Pred 5.6449e-01 (5.6207e-01)	Loss TOTAL 9.6396e-01 (9.7471e-01)
Epoch: [32][480/496]	L_Src_Sup 2.9330e-01 (2.4066e-01)	L_Trg_Inj 4.3725e-01 (3.2754e-01)	Loss Disc 6.9232e-01 (6.9223e-01)	Loss Pred 5.1059e-01 (5.6212e-01)	Loss TOTAL 9.2980e-01 (9.7515e-01)
Epoch: [32][490/496]	L_Src_Sup 2.1155e-01 (2.4097e-01)	L_Trg_Inj 6.2425e-01 (3.2834e-01)	Loss Disc 6.9216e-01 (6.9226e-01)	Loss Pred 5.3725e-01 (5.6189e-01)	Loss TOTAL 9.6691e-01 (9.7490e-01)
Epoch: [32][496/496]	L_Src_Sup 2.8693e-01 (2.4078e-01)	L_Trg_Inj 3.5849e-01 (3.2931e-01)	Loss Disc 6.8906e-01 (6.9226e-01)	Loss Pred 6.4147e-01 (5.6195e-01)	Loss TOTAL 1.0505e+00 (9.7493e-01)
Epoch 32 complete. Saving model state...
Epoch: [33][ 10/496]	L_Src_Sup 2.1456e-01 (2.3555e-01)	L_Trg_Inj 5.4456e-01 (4.4525e-01)	Loss Disc 6.8989e-01 (6.9158e-01)	Loss Pred 5.9686e-01 (5.7900e-01)	Loss TOTAL 1.0177e+00 (9.9424e-01)
Epoch: [33][ 20/496]	L_Src_Sup 1.5517e-01 (2.3296e-01)	L_Trg_Inj 4.2009e-01 (4.3797e-01)	Loss Disc 6.9975e-01 (6.9240e-01)	Loss Pred 4.7291e-01 (5.6447e-01)	Loss TOTAL 8.8031e-01 (9.7845e-01)
Epoch: [33][ 30/496]	L_Src_Sup 1.0000e-01 (2.3293e-01)	L_Trg_Inj 4.3735e-01 (4.2632e-01)	Loss Disc 6.9047e-01 (6.9225e-01)	Loss Pred 5.5902e-01 (5.6321e-01)	Loss TOTAL 9.5799e-01 (9.7571e-01)
Epoch: [33][ 40/496]	L_Src_Sup 3.4669e-01 (2.3947e-01)	L_Trg_Inj 3.4373e-01 (4.2302e-01)	Loss Disc 6.9435e-01 (6.9190e-01)	Loss Pred 5.4305e-01 (5.6786e-01)	Loss TOTAL 9.6222e-01 (9.8048e-01)
Epoch: [33][ 50/496]	L_Src_Sup 2.8290e-01 (2.3858e-01)	L_Trg_Inj 3.1248e-01 (3.9963e-01)	Loss Disc 6.9465e-01 (6.9180e-01)	Loss Pred 5.6450e-01 (5.6786e-01)	Loss TOTAL 9.7136e-01 (9.7984e-01)
Epoch: [33][ 60/496]	L_Src_Sup 5.8824e-02 (2.3483e-01)	L_Trg_Inj 5.1852e-01 (3.8650e-01)	Loss Disc 6.9459e-01 (6.9203e-01)	Loss Pred 5.4876e-01 (5.6668e-01)	Loss TOTAL 9.5379e-01 (9.7798e-01)
Epoch: [33][ 70/496]	L_Src_Sup 2.7086e-01 (2.3903e-01)	L_Trg_Inj 3.5859e-01 (3.8326e-01)	Loss Disc 6.8631e-01 (6.9184e-01)	Loss Pred 5.8045e-01 (5.6683e-01)	Loss TOTAL 9.8655e-01 (9.7864e-01)
Epoch: [33][ 80/496]	L_Src_Sup 2.0000e-01 (2.3785e-01)	L_Trg_Inj 2.8223e-01 (3.8001e-01)	Loss Disc 6.9316e-01 (6.9192e-01)	Loss Pred 5.0621e-01 (5.6661e-01)	Loss TOTAL 9.0101e-01 (9.7779e-01)
Epoch: [33][ 90/496]	L_Src_Sup 2.6465e-01 (2.3975e-01)	L_Trg_Inj 3.0870e-01 (3.7750e-01)	Loss Disc 6.9514e-01 (6.9195e-01)	Loss Pred 5.8029e-01 (5.6771e-01)	Loss TOTAL 9.8520e-01 (9.7847e-01)
Epoch: [33][100/496]	L_Src_Sup 1.7039e-01 (2.3876e-01)	L_Trg_Inj 2.6411e-01 (3.7060e-01)	Loss Disc 6.8906e-01 (6.9191e-01)	Loss Pred 5.9097e-01 (5.6788e-01)	Loss TOTAL 9.7895e-01 (9.7817e-01)
Epoch: [33][110/496]	L_Src_Sup 2.6928e-01 (2.4190e-01)	L_Trg_Inj 3.1244e-01 (3.6698e-01)	Loss Disc 6.9468e-01 (6.9198e-01)	Loss Pred 5.3824e-01 (5.6709e-01)	Loss TOTAL 9.4375e-01 (9.7813e-01)
Epoch: [33][120/496]	L_Src_Sup 2.8866e-01 (2.3887e-01)	L_Trg_Inj 3.7885e-01 (3.6441e-01)	Loss Disc 6.9455e-01 (6.9213e-01)	Loss Pred 5.7519e-01 (5.6599e-01)	Loss TOTAL 9.8921e-01 (9.7620e-01)
Epoch: [33][130/496]	L_Src_Sup 2.3653e-01 (2.3848e-01)	L_Trg_Inj 4.0343e-01 (3.6692e-01)	Loss Disc 6.8969e-01 (6.9214e-01)	Loss Pred 5.9652e-01 (5.6582e-01)	Loss TOTAL 1.0054e+00 (9.7597e-01)
Epoch: [33][140/496]	L_Src_Sup 3.3323e-01 (2.4121e-01)	L_Trg_Inj 4.2100e-01 (3.6959e-01)	Loss Disc 6.9344e-01 (6.9216e-01)	Loss Pred 5.1621e-01 (5.6485e-01)	Loss TOTAL 9.3835e-01 (9.7529e-01)
Epoch: [33][150/496]	L_Src_Sup 1.9235e-01 (2.3977e-01)	L_Trg_Inj 2.9921e-01 (3.6922e-01)	Loss Disc 6.9525e-01 (6.9213e-01)	Loss Pred 5.3777e-01 (5.6525e-01)	Loss TOTAL 9.3455e-01 (9.7527e-01)
Epoch: [33][160/496]	L_Src_Sup 2.6357e-01 (2.4020e-01)	L_Trg_Inj 3.5065e-01 (3.6707e-01)	Loss Disc 6.8613e-01 (6.9201e-01)	Loss Pred 6.1105e-01 (5.6588e-01)	Loss TOTAL 1.0155e+00 (9.7603e-01)
Epoch: [33][170/496]	L_Src_Sup 2.0600e-01 (2.4156e-01)	L_Trg_Inj 2.4890e-01 (3.6179e-01)	Loss Disc 6.9322e-01 (6.9205e-01)	Loss Pred 5.1666e-01 (5.6538e-01)	Loss TOTAL 9.0876e-01 (9.7593e-01)
Epoch: [33][180/496]	L_Src_Sup 3.2362e-01 (2.4278e-01)	L_Trg_Inj 4.2604e-01 (3.6208e-01)	Loss Disc 6.9718e-01 (6.9205e-01)	Loss Pred 5.3235e-01 (5.6485e-01)	Loss TOTAL 9.5590e-01 (9.7581e-01)
Epoch: [33][190/496]	L_Src_Sup 1.6496e-01 (2.4196e-01)	L_Trg_Inj 4.1299e-01 (3.6392e-01)	Loss Disc 6.9344e-01 (6.9201e-01)	Loss Pred 5.7515e-01 (5.6521e-01)	Loss TOTAL 9.7966e-01 (9.7602e-01)
Epoch: [33][200/496]	L_Src_Sup 2.1176e-01 (2.4068e-01)	L_Trg_Inj 4.9789e-01 (3.6342e-01)	Loss Disc 6.9024e-01 (6.9201e-01)	Loss Pred 5.8578e-01 (5.6523e-01)	Loss TOTAL 1.0019e+00 (9.7595e-01)
Epoch: [33][210/496]	L_Src_Sup 2.6263e-01 (2.4094e-01)	L_Trg_Inj 3.6161e-01 (3.6179e-01)	Loss Disc 6.8819e-01 (6.9198e-01)	Loss Pred 5.6449e-01 (5.6514e-01)	Loss TOTAL 9.7101e-01 (9.7550e-01)
Epoch: [33][220/496]	L_Src_Sup 1.5387e-01 (2.3998e-01)	L_Trg_Inj 3.2747e-01 (3.5839e-01)	Loss Disc 6.9307e-01 (6.9198e-01)	Loss Pred 5.3794e-01 (5.6518e-01)	Loss TOTAL 9.3261e-01 (9.7563e-01)
Epoch: [33][230/496]	L_Src_Sup 1.7715e-01 (2.3815e-01)	L_Trg_Inj 2.9673e-01 (3.5742e-01)	Loss Disc 6.9104e-01 (6.9203e-01)	Loss Pred 5.5399e-01 (5.6477e-01)	Loss TOTAL 9.4690e-01 (9.7477e-01)
Epoch: [33][240/496]	L_Src_Sup 1.8557e-01 (2.3874e-01)	L_Trg_Inj 3.1173e-01 (3.5426e-01)	Loss Disc 6.9094e-01 (6.9207e-01)	Loss Pred 5.7533e-01 (5.6436e-01)	Loss TOTAL 9.7053e-01 (9.7453e-01)
Epoch: [33][250/496]	L_Src_Sup 2.2989e-01 (2.3924e-01)	L_Trg_Inj 2.3104e-01 (3.5320e-01)	Loss Disc 6.8824e-01 (6.9205e-01)	Loss Pred 6.2954e-01 (5.6454e-01)	Loss TOTAL 1.0198e+00 (9.7450e-01)
Epoch: [33][260/496]	L_Src_Sup 2.3523e-01 (2.3855e-01)	L_Trg_Inj 2.2130e-01 (3.5211e-01)	Loss Disc 6.9456e-01 (6.9211e-01)	Loss Pred 5.4806e-01 (5.6357e-01)	Loss TOTAL 9.5492e-01 (9.7326e-01)
Epoch: [33][270/496]	L_Src_Sup 3.3665e-01 (2.3941e-01)	L_Trg_Inj 4.5230e-01 (3.5072e-01)	Loss Disc 6.9357e-01 (6.9212e-01)	Loss Pred 5.5353e-01 (5.6362e-01)	Loss TOTAL 9.7921e-01 (9.7346e-01)
Epoch: [33][280/496]	L_Src_Sup 3.1252e-01 (2.3959e-01)	L_Trg_Inj 1.9324e-01 (3.4735e-01)	Loss Disc 6.8795e-01 (6.9213e-01)	Loss Pred 5.8957e-01 (5.6356e-01)	Loss TOTAL 1.1034e+00 (9.7401e-01)
Epoch: [33][290/496]	L_Src_Sup 2.4494e-01 (2.3956e-01)	L_Trg_Inj 3.0755e-01 (3.4686e-01)	Loss Disc 6.9296e-01 (6.9217e-01)	Loss Pred 5.7006e-01 (5.6328e-01)	Loss TOTAL 9.7179e-01 (9.7390e-01)
Epoch: [33][300/496]	L_Src_Sup 2.3530e-01 (2.3887e-01)	L_Trg_Inj 3.0335e-01 (3.4698e-01)	Loss Disc 6.9317e-01 (6.9219e-01)	Loss Pred 5.4783e-01 (5.6273e-01)	Loss TOTAL 9.4828e-01 (9.7311e-01)
Epoch: [33][310/496]	L_Src_Sup 2.6465e-01 (2.3825e-01)	L_Trg_Inj 2.4541e-01 (3.4352e-01)	Loss Disc 6.9238e-01 (6.9221e-01)	Loss Pred 5.5951e-01 (5.6239e-01)	Loss TOTAL 9.7594e-01 (9.7274e-01)
Epoch: [33][320/496]	L_Src_Sup 2.7385e-01 (2.3894e-01)	L_Trg_Inj 2.6781e-01 (3.4343e-01)	Loss Disc 6.8939e-01 (6.9216e-01)	Loss Pred 5.8750e-01 (5.6284e-01)	Loss TOTAL 9.9240e-01 (9.7328e-01)
Epoch: [33][330/496]	L_Src_Sup 3.6155e-01 (2.4092e-01)	L_Trg_Inj 5.3520e-01 (3.4430e-01)	Loss Disc 6.8796e-01 (6.9216e-01)	Loss Pred 6.0347e-01 (5.6286e-01)	Loss TOTAL 1.0371e+00 (9.7385e-01)
Epoch: [33][340/496]	L_Src_Sup 3.3680e-01 (2.4184e-01)	L_Trg_Inj 4.2172e-01 (3.4702e-01)	Loss Disc 6.9503e-01 (6.9217e-01)	Loss Pred 5.2414e-01 (5.6235e-01)	Loss TOTAL 9.4751e-01 (9.7351e-01)
Epoch: [33][350/496]	L_Src_Sup 2.3337e-01 (2.4184e-01)	L_Trg_Inj 4.3727e-01 (3.4728e-01)	Loss Disc 6.9341e-01 (6.9220e-01)	Loss Pred 5.4235e-01 (5.6219e-01)	Loss TOTAL 9.5612e-01 (9.7322e-01)
Epoch: [33][360/496]	L_Src_Sup 2.8076e-01 (2.4155e-01)	L_Trg_Inj 2.8008e-01 (3.4749e-01)	Loss Disc 6.9573e-01 (6.9221e-01)	Loss Pred 5.2018e-01 (5.6223e-01)	Loss TOTAL 9.2481e-01 (9.7309e-01)
Epoch: [33][370/496]	L_Src_Sup 2.0642e-01 (2.4127e-01)	L_Trg_Inj 4.3133e-01 (3.4724e-01)	Loss Disc 6.9045e-01 (6.9217e-01)	Loss Pred 5.7568e-01 (5.6255e-01)	Loss TOTAL 9.8469e-01 (9.7379e-01)
Epoch: [33][380/496]	L_Src_Sup 2.9088e-01 (2.4224e-01)	L_Trg_Inj 2.7731e-01 (3.4858e-01)	Loss Disc 6.9243e-01 (6.9219e-01)	Loss Pred 5.4238e-01 (5.6234e-01)	Loss TOTAL 9.5898e-01 (9.7387e-01)
Epoch: [33][390/496]	L_Src_Sup 3.2617e-01 (2.4327e-01)	L_Trg_Inj 4.9908e-01 (3.5135e-01)	Loss Disc 6.8836e-01 (6.9218e-01)	Loss Pred 6.0335e-01 (5.6246e-01)	Loss TOTAL 1.0301e+00 (9.7420e-01)
Epoch: [33][400/496]	L_Src_Sup 3.5853e-01 (2.4468e-01)	L_Trg_Inj 4.3698e-01 (3.5400e-01)	Loss Disc 6.9902e-01 (6.9218e-01)	Loss Pred 5.2591e-01 (5.6236e-01)	Loss TOTAL 9.5497e-01 (9.7435e-01)
Epoch: [33][410/496]	L_Src_Sup 2.2001e-01 (2.4631e-01)	L_Trg_Inj 5.6848e-01 (3.5666e-01)	Loss Disc 6.9230e-01 (6.9214e-01)	Loss Pred 5.5901e-01 (5.6257e-01)	Loss TOTAL 9.8401e-01 (9.7495e-01)
Epoch: [33][420/496]	L_Src_Sup 3.6737e-01 (2.4790e-01)	L_Trg_Inj 4.9976e-01 (3.5933e-01)	Loss Disc 6.9243e-01 (6.9212e-01)	Loss Pred 5.6994e-01 (5.6273e-01)	Loss TOTAL 1.0029e+00 (9.7564e-01)
Epoch: [33][430/496]	L_Src_Sup 3.0307e-01 (2.4826e-01)	L_Trg_Inj 4.5670e-01 (3.6132e-01)	Loss Disc 6.9279e-01 (6.9214e-01)	Loss Pred 5.6449e-01 (5.6253e-01)	Loss TOTAL 9.8686e-01 (9.7554e-01)
Epoch: [33][440/496]	L_Src_Sup 2.0606e-01 (2.4956e-01)	L_Trg_Inj 4.3691e-01 (3.6258e-01)	Loss Disc 6.9286e-01 (6.9214e-01)	Loss Pred 5.7554e-01 (5.6243e-01)	Loss TOTAL 9.8627e-01 (9.7575e-01)
Epoch: [33][450/496]	L_Src_Sup 2.4509e-01 (2.5031e-01)	L_Trg_Inj 4.3622e-01 (3.6443e-01)	Loss Disc 6.9027e-01 (6.9215e-01)	Loss Pred 5.7010e-01 (5.6218e-01)	Loss TOTAL 9.8336e-01 (9.7567e-01)
Epoch: [33][460/496]	L_Src_Sup 2.7358e-01 (2.5054e-01)	L_Trg_Inj 4.0500e-01 (3.6556e-01)	Loss Disc 6.9245e-01 (6.9215e-01)	Loss Pred 5.8681e-01 (5.6216e-01)	Loss TOTAL 1.0009e+00 (9.7566e-01)
Epoch: [33][470/496]	L_Src_Sup 1.8180e-01 (2.5029e-01)	L_Trg_Inj 2.6349e-01 (3.6576e-01)	Loss Disc 6.9114e-01 (6.9214e-01)	Loss Pred 5.7565e-01 (5.6220e-01)	Loss TOTAL 9.6575e-01 (9.7556e-01)
Epoch: [33][480/496]	L_Src_Sup 2.0957e-01 (2.5061e-01)	L_Trg_Inj 3.4377e-01 (3.6573e-01)	Loss Disc 6.9164e-01 (6.9214e-01)	Loss Pred 5.3127e-01 (5.6205e-01)	Loss TOTAL 9.3242e-01 (9.7574e-01)
Epoch: [33][490/496]	L_Src_Sup 1.9807e-01 (2.4973e-01)	L_Trg_Inj 3.1074e-01 (3.6546e-01)	Loss Disc 6.9564e-01 (6.9216e-01)	Loss Pred 5.5341e-01 (5.6192e-01)	Loss TOTAL 9.5211e-01 (9.7555e-01)
Epoch: [33][496/496]	L_Src_Sup 3.1778e-01 (2.4925e-01)	L_Trg_Inj 2.8876e-01 (3.6526e-01)	Loss Disc 6.9562e-01 (6.9217e-01)	Loss Pred 5.2005e-01 (5.6198e-01)	Loss TOTAL 9.5753e-01 (9.7553e-01)
Epoch 33 complete. Saving model state...
Epoch: [34][ 10/496]	L_Src_Sup 3.1684e-01 (2.3967e-01)	L_Trg_Inj 5.2905e-01 (4.3108e-01)	Loss Disc 6.9367e-01 (6.9242e-01)	Loss Pred 5.5340e-01 (5.6150e-01)	Loss TOTAL 9.8482e-01 (9.7478e-01)
Epoch: [34][ 20/496]	L_Src_Sup 2.4814e-01 (2.6276e-01)	L_Trg_Inj 4.0475e-01 (4.2628e-01)	Loss Disc 6.9256e-01 (6.9230e-01)	Loss Pred 5.4233e-01 (5.6220e-01)	Loss TOTAL 9.5390e-01 (9.8169e-01)
Epoch: [34][ 30/496]	L_Src_Sup 2.6266e-01 (2.5655e-01)	L_Trg_Inj 2.8117e-01 (4.0357e-01)	Loss Disc 6.9125e-01 (6.9235e-01)	Loss Pred 5.6459e-01 (5.5984e-01)	Loss TOTAL 9.6459e-01 (9.7533e-01)
Epoch: [34][ 40/496]	L_Src_Sup 2.3075e-01 (2.5463e-01)	L_Trg_Inj 3.8967e-01 (3.9222e-01)	Loss Disc 6.9289e-01 (6.9232e-01)	Loss Pred 5.3656e-01 (5.5879e-01)	Loss TOTAL 9.4505e-01 (9.7521e-01)
Epoch: [34][ 50/496]	L_Src_Sup 2.2934e-01 (2.5394e-01)	L_Trg_Inj 2.9650e-01 (3.8490e-01)	Loss Disc 6.9210e-01 (6.9209e-01)	Loss Pred 5.3673e-01 (5.6007e-01)	Loss TOTAL 9.3536e-01 (9.7518e-01)
Epoch: [34][ 60/496]	L_Src_Sup 2.6265e-01 (2.5068e-01)	L_Trg_Inj 3.4011e-01 (3.7390e-01)	Loss Disc 6.9142e-01 (6.9197e-01)	Loss Pred 5.6462e-01 (5.6203e-01)	Loss TOTAL 9.7060e-01 (9.7715e-01)
Epoch: [34][ 70/496]	L_Src_Sup 2.6164e-01 (2.5387e-01)	L_Trg_Inj 2.6547e-01 (3.6256e-01)	Loss Disc 6.9182e-01 (6.9202e-01)	Loss Pred 5.6459e-01 (5.6153e-01)	Loss TOTAL 9.6321e-01 (9.7757e-01)
Epoch: [34][ 80/496]	L_Src_Sup 7.0591e-02 (2.4710e-01)	L_Trg_Inj 2.8054e-01 (3.5534e-01)	Loss Disc 6.8661e-01 (6.9199e-01)	Loss Pred 6.4225e-01 (5.6192e-01)	Loss TOTAL 1.0207e+00 (9.7650e-01)
Epoch: [34][ 90/496]	L_Src_Sup 2.6268e-01 (2.4845e-01)	L_Trg_Inj 3.1594e-01 (3.5271e-01)	Loss Disc 6.9380e-01 (6.9197e-01)	Loss Pred 5.6454e-01 (5.6228e-01)	Loss TOTAL 9.6930e-01 (9.7660e-01)
Epoch: [34][100/496]	L_Src_Sup 1.4285e-01 (2.4550e-01)	L_Trg_Inj 3.8745e-01 (3.4664e-01)	Loss Disc 6.9050e-01 (6.9190e-01)	Loss Pred 5.6999e-01 (5.6201e-01)	Loss TOTAL 9.6827e-01 (9.7630e-01)
Epoch: [34][110/496]	L_Src_Sup 2.4010e-01 (2.4677e-01)	L_Trg_Inj 2.4997e-01 (3.4228e-01)	Loss Disc 6.8675e-01 (6.9188e-01)	Loss Pred 5.5903e-01 (5.6199e-01)	Loss TOTAL 9.5141e-01 (9.7589e-01)
Epoch: [34][120/496]	L_Src_Sup 2.0068e-01 (2.4300e-01)	L_Trg_Inj 1.6290e-01 (3.3734e-01)	Loss Disc 6.9569e-01 (6.9205e-01)	Loss Pred 5.2638e-01 (5.6192e-01)	Loss TOTAL 9.4837e-01 (9.7540e-01)
Epoch: [34][130/496]	L_Src_Sup 1.7648e-01 (2.4198e-01)	L_Trg_Inj 2.6542e-01 (3.3306e-01)	Loss Disc 6.9221e-01 (6.9198e-01)	Loss Pred 5.4827e-01 (5.6243e-01)	Loss TOTAL 9.3856e-01 (9.7508e-01)
Epoch: [34][140/496]	L_Src_Sup 2.2642e-01 (2.4251e-01)	L_Trg_Inj 2.0911e-01 (3.2618e-01)	Loss Disc 6.9544e-01 (6.9200e-01)	Loss Pred 5.2667e-01 (5.6284e-01)	Loss TOTAL 9.3525e-01 (9.7669e-01)
Epoch: [34][150/496]	L_Src_Sup 2.7271e-01 (2.4580e-01)	L_Trg_Inj 3.7499e-01 (3.3460e-01)	Loss Disc 6.8444e-01 (6.9190e-01)	Loss Pred 6.2395e-01 (5.6347e-01)	Loss TOTAL 1.0309e+00 (9.7778e-01)
Epoch: [34][160/496]	L_Src_Sup 3.3335e-01 (2.4789e-01)	L_Trg_Inj 4.5312e-01 (3.4171e-01)	Loss Disc 6.9065e-01 (6.9191e-01)	Loss Pred 5.4837e-01 (5.6334e-01)	Loss TOTAL 9.7235e-01 (9.7792e-01)
Epoch: [34][170/496]	L_Src_Sup 1.5384e-01 (2.4857e-01)	L_Trg_Inj 3.5912e-01 (3.4589e-01)	Loss Disc 6.8994e-01 (6.9191e-01)	Loss Pred 6.0762e-01 (5.6334e-01)	Loss TOTAL 1.0039e+00 (9.7784e-01)
Epoch: [34][180/496]	L_Src_Sup 3.1993e-01 (2.4792e-01)	L_Trg_Inj 4.3731e-01 (3.4867e-01)	Loss Disc 6.9160e-01 (6.9194e-01)	Loss Pred 5.5374e-01 (5.6276e-01)	Loss TOTAL 9.7526e-01 (9.7709e-01)
Epoch: [34][190/496]	L_Src_Sup 2.0955e-01 (2.4877e-01)	L_Trg_Inj 2.5051e-01 (3.4713e-01)	Loss Disc 6.9378e-01 (6.9200e-01)	Loss Pred 5.3220e-01 (5.6298e-01)	Loss TOTAL 9.2510e-01 (9.7784e-01)
Epoch: [34][200/496]	L_Src_Sup 2.0838e-01 (2.4847e-01)	L_Trg_Inj 2.8056e-01 (3.4423e-01)	Loss Disc 6.8739e-01 (6.9197e-01)	Loss Pred 5.8076e-01 (5.6306e-01)	Loss TOTAL 9.7334e-01 (9.7796e-01)
Epoch: [34][210/496]	L_Src_Sup 2.3604e-01 (2.4766e-01)	L_Trg_Inj 4.0624e-01 (3.4218e-01)	Loss Disc 6.8894e-01 (6.9203e-01)	Loss Pred 5.9037e-01 (5.6273e-01)	Loss TOTAL 9.9907e-01 (9.7697e-01)
Epoch: [34][220/496]	L_Src_Sup 3.1917e-01 (2.4629e-01)	L_Trg_Inj 4.5288e-01 (3.4375e-01)	Loss Disc 6.9054e-01 (6.9207e-01)	Loss Pred 5.9171e-01 (5.6278e-01)	Loss TOTAL 1.0142e+00 (9.7671e-01)
Epoch: [34][230/496]	L_Src_Sup 3.2991e-01 (2.4662e-01)	L_Trg_Inj 4.5311e-01 (3.4432e-01)	Loss Disc 6.9253e-01 (6.9205e-01)	Loss Pred 5.7525e-01 (5.6349e-01)	Loss TOTAL 9.9982e-01 (9.7734e-01)
Epoch: [34][240/496]	L_Src_Sup 1.6328e-01 (2.4508e-01)	L_Trg_Inj 1.8693e-01 (3.4306e-01)	Loss Disc 6.8926e-01 (6.9209e-01)	Loss Pred 5.7002e-01 (5.6300e-01)	Loss TOTAL 9.4967e-01 (9.7623e-01)
Epoch: [34][250/496]	L_Src_Sup 3.0344e-01 (2.4474e-01)	L_Trg_Inj 3.7431e-01 (3.4174e-01)	Loss Disc 6.9221e-01 (6.9207e-01)	Loss Pred 5.6457e-01 (5.6341e-01)	Loss TOTAL 9.7845e-01 (9.7652e-01)
Epoch: [34][260/496]	L_Src_Sup 2.2917e-01 (2.4413e-01)	L_Trg_Inj 3.2892e-01 (3.4154e-01)	Loss Disc 6.9006e-01 (6.9205e-01)	Loss Pred 5.8066e-01 (5.6337e-01)	Loss TOTAL 9.8150e-01 (9.7630e-01)
Epoch: [34][270/496]	L_Src_Sup 2.8038e-01 (2.4468e-01)	L_Trg_Inj 2.9683e-01 (3.4016e-01)	Loss Disc 6.9588e-01 (6.9206e-01)	Loss Pred 5.2167e-01 (5.6330e-01)	Loss TOTAL 9.2733e-01 (9.7624e-01)
Epoch: [34][280/496]	L_Src_Sup 3.6977e-01 (2.4562e-01)	L_Trg_Inj 3.5931e-01 (3.4154e-01)	Loss Disc 6.8943e-01 (6.9201e-01)	Loss Pred 5.8628e-01 (5.6309e-01)	Loss TOTAL 1.0144e+00 (9.7617e-01)
Epoch: [34][290/496]	L_Src_Sup 3.1594e-01 (2.4625e-01)	L_Trg_Inj 3.6979e-01 (3.4282e-01)	Loss Disc 6.9110e-01 (6.9203e-01)	Loss Pred 5.8629e-01 (5.6301e-01)	Loss TOTAL 1.0004e+00 (9.7601e-01)
Epoch: [34][300/496]	L_Src_Sup 2.5498e-01 (2.4672e-01)	L_Trg_Inj 3.1232e-01 (3.4363e-01)	Loss Disc 6.9557e-01 (6.9199e-01)	Loss Pred 5.4829e-01 (5.6311e-01)	Loss TOTAL 9.5281e-01 (9.7597e-01)
Epoch: [34][310/496]	L_Src_Sup 2.8000e-01 (2.4750e-01)	L_Trg_Inj 3.2686e-01 (3.4379e-01)	Loss Disc 6.9106e-01 (6.9202e-01)	Loss Pred 5.5908e-01 (5.6286e-01)	Loss TOTAL 9.6529e-01 (9.7565e-01)
Epoch: [34][320/496]	L_Src_Sup 3.2986e-01 (2.4749e-01)	L_Trg_Inj 2.4470e-01 (3.4250e-01)	Loss Disc 6.9134e-01 (6.9202e-01)	Loss Pred 5.7712e-01 (5.6275e-01)	Loss TOTAL 1.0654e+00 (9.7559e-01)
Epoch: [34][330/496]	L_Src_Sup 2.4446e-01 (2.4739e-01)	L_Trg_Inj 2.3371e-01 (3.4114e-01)	Loss Disc 6.8945e-01 (6.9201e-01)	Loss Pred 6.1366e-01 (5.6293e-01)	Loss TOTAL 1.0170e+00 (9.7563e-01)
Epoch: [34][340/496]	L_Src_Sup 1.7037e-01 (2.4763e-01)	L_Trg_Inj 2.3430e-01 (3.3928e-01)	Loss Disc 6.8947e-01 (6.9200e-01)	Loss Pred 5.9282e-01 (5.6334e-01)	Loss TOTAL 9.7802e-01 (9.7685e-01)
Epoch: [34][350/496]	L_Src_Sup 2.1359e-01 (2.4759e-01)	L_Trg_Inj 3.7478e-01 (3.3653e-01)	Loss Disc 6.9364e-01 (6.9203e-01)	Loss Pred 5.4323e-01 (5.6335e-01)	Loss TOTAL 9.4889e-01 (9.7776e-01)
Epoch: [34][360/496]	L_Src_Sup 3.0772e-01 (2.4774e-01)	L_Trg_Inj 3.7433e-01 (3.3754e-01)	Loss Disc 6.9381e-01 (6.9202e-01)	Loss Pred 5.3780e-01 (5.6337e-01)	Loss TOTAL 9.5291e-01 (9.7761e-01)
Epoch: [34][370/496]	L_Src_Sup 2.5496e-01 (2.4860e-01)	L_Trg_Inj 3.1112e-01 (3.3706e-01)	Loss Disc 6.9372e-01 (6.9203e-01)	Loss Pred 5.4860e-01 (5.6350e-01)	Loss TOTAL 9.5207e-01 (9.7790e-01)
Epoch: [34][380/496]	L_Src_Sup 2.2011e-01 (2.4938e-01)	L_Trg_Inj 3.1230e-01 (3.3682e-01)	Loss Disc 6.9178e-01 (6.9204e-01)	Loss Pred 5.5948e-01 (5.6344e-01)	Loss TOTAL 9.5861e-01 (9.7812e-01)
Epoch: [34][390/496]	L_Src_Sup 2.2859e-01 (2.4932e-01)	L_Trg_Inj 2.6433e-01 (3.3624e-01)	Loss Disc 6.9118e-01 (6.9207e-01)	Loss Pred 5.3228e-01 (5.6320e-01)	Loss TOTAL 9.2716e-01 (9.7766e-01)
Epoch: [34][400/496]	L_Src_Sup 2.9729e-01 (2.4968e-01)	L_Trg_Inj 3.0709e-01 (3.3515e-01)	Loss Disc 6.9315e-01 (6.9209e-01)	Loss Pred 5.4833e-01 (5.6305e-01)	Loss TOTAL 9.5534e-01 (9.7783e-01)
Epoch: [34][410/496]	L_Src_Sup 1.7031e-01 (2.4899e-01)	L_Trg_Inj 3.1107e-01 (3.3468e-01)	Loss Disc 6.9320e-01 (6.9210e-01)	Loss Pred 5.9188e-01 (5.6294e-01)	Loss TOTAL 9.8662e-01 (9.7736e-01)
Epoch: [34][420/496]	L_Src_Sup 2.8306e-01 (2.4914e-01)	L_Trg_Inj 2.6676e-01 (3.3414e-01)	Loss Disc 6.9634e-01 (6.9211e-01)	Loss Pred 5.3709e-01 (5.6269e-01)	Loss TOTAL 9.5654e-01 (9.7721e-01)
Epoch: [34][430/496]	L_Src_Sup 2.4243e-01 (2.4812e-01)	L_Trg_Inj 2.6542e-01 (3.3502e-01)	Loss Disc 6.9116e-01 (6.9210e-01)	Loss Pred 5.6456e-01 (5.6268e-01)	Loss TOTAL 9.6093e-01 (9.7694e-01)
Epoch: [34][440/496]	L_Src_Sup 2.2222e-01 (2.4819e-01)	L_Trg_Inj 3.7200e-01 (3.3507e-01)	Loss Disc 6.9348e-01 (6.9215e-01)	Loss Pred 5.6457e-01 (5.6237e-01)	Loss TOTAL 9.7073e-01 (9.7664e-01)
Epoch: [34][450/496]	L_Src_Sup 3.3179e-01 (2.4834e-01)	L_Trg_Inj 3.0346e-01 (3.3489e-01)	Loss Disc 6.9293e-01 (6.9215e-01)	Loss Pred 5.4799e-01 (5.6247e-01)	Loss TOTAL 9.8631e-01 (9.7658e-01)
Epoch: [34][460/496]	L_Src_Sup 2.8267e-01 (2.4850e-01)	L_Trg_Inj 2.7999e-01 (3.3448e-01)	Loss Disc 6.9103e-01 (6.9214e-01)	Loss Pred 6.0764e-01 (5.6248e-01)	Loss TOTAL 1.0121e+00 (9.7676e-01)
Epoch: [34][470/496]	L_Src_Sup 1.7686e-01 (2.4778e-01)	L_Trg_Inj 2.3323e-01 (3.3342e-01)	Loss Disc 6.8959e-01 (6.9214e-01)	Loss Pred 6.1405e-01 (5.6267e-01)	Loss TOTAL 9.9985e-01 (9.7677e-01)
Epoch: [34][480/496]	L_Src_Sup 2.2041e-01 (2.4791e-01)	L_Trg_Inj 3.2772e-01 (3.3298e-01)	Loss Disc 6.9339e-01 (6.9214e-01)	Loss Pred 5.2089e-01 (5.6256e-01)	Loss TOTAL 9.2240e-01 (9.7668e-01)
Epoch: [34][490/496]	L_Src_Sup 6.1867e-02 (2.4882e-01)	L_Trg_Inj 2.7777e-01 (3.3151e-01)	Loss Disc 6.8860e-01 (6.9212e-01)	Loss Pred 5.7570e-01 (5.6248e-01)	Loss TOTAL 9.5396e-01 (9.7777e-01)
Epoch: [34][496/496]	L_Src_Sup 2.9415e-01 (2.4891e-01)	L_Trg_Inj 3.3064e-01 (3.3079e-01)	Loss Disc 6.9276e-01 (6.9213e-01)	Loss Pred 5.4796e-01 (5.6221e-01)	Loss TOTAL 9.5682e-01 (9.7773e-01)
Epoch 34 complete. Saving model state...
Epoch: [35][ 10/496]	L_Src_Sup 2.8856e-01 (2.4617e-01)	L_Trg_Inj 2.9673e-01 (3.1764e-01)	Loss Disc 6.9012e-01 (6.9239e-01)	Loss Pred 5.7574e-01 (5.6230e-01)	Loss TOTAL 9.7933e-01 (9.6760e-01)
Epoch: [35][ 20/496]	L_Src_Sup 1.7308e-01 (2.4156e-01)	L_Trg_Inj 3.6808e-01 (3.2875e-01)	Loss Disc 6.9489e-01 (6.9287e-01)	Loss Pred 5.3675e-01 (5.5928e-01)	Loss TOTAL 9.3831e-01 (9.6555e-01)
Epoch: [35][ 30/496]	L_Src_Sup 2.7458e-01 (2.5248e-01)	L_Trg_Inj 2.8105e-01 (3.2915e-01)	Loss Disc 6.9461e-01 (6.9284e-01)	Loss Pred 5.4795e-01 (5.6140e-01)	Loss TOTAL 9.5082e-01 (9.7156e-01)
Epoch: [35][ 40/496]	L_Src_Sup 2.6398e-01 (2.4709e-01)	L_Trg_Inj 3.2700e-01 (3.3065e-01)	Loss Disc 6.9459e-01 (6.9204e-01)	Loss Pred 5.2090e-01 (5.6350e-01)	Loss TOTAL 9.2730e-01 (9.7453e-01)
Epoch: [35][ 50/496]	L_Src_Sup 2.9101e-01 (2.5042e-01)	L_Trg_Inj 3.1243e-01 (3.3522e-01)	Loss Disc 6.9165e-01 (6.9141e-01)	Loss Pred 5.4241e-01 (5.6130e-01)	Loss TOTAL 9.4858e-01 (9.7329e-01)
Epoch: [35][ 60/496]	L_Src_Sup 2.8866e-01 (2.5305e-01)	L_Trg_Inj 4.9757e-01 (3.3848e-01)	Loss Disc 6.8730e-01 (6.9108e-01)	Loss Pred 5.7566e-01 (5.6269e-01)	Loss TOTAL 9.9794e-01 (9.7626e-01)
Epoch: [35][ 70/496]	L_Src_Sup 2.2917e-01 (2.5243e-01)	L_Trg_Inj 2.9880e-01 (3.4255e-01)	Loss Disc 6.9333e-01 (6.9127e-01)	Loss Pred 5.8104e-01 (5.6272e-01)	Loss TOTAL 9.8050e-01 (9.7586e-01)
Epoch: [35][ 80/496]	L_Src_Sup 2.4243e-01 (2.5405e-01)	L_Trg_Inj 2.6623e-01 (3.4405e-01)	Loss Disc 6.9219e-01 (6.9137e-01)	Loss Pred 5.6452e-01 (5.6281e-01)	Loss TOTAL 9.6148e-01 (9.7531e-01)
Epoch: [35][ 90/496]	L_Src_Sup 3.3721e-01 (2.5441e-01)	L_Trg_Inj 3.6248e-01 (3.4440e-01)	Loss Disc 6.9361e-01 (6.9159e-01)	Loss Pred 5.6290e-01 (5.6163e-01)	Loss TOTAL 9.7968e-01 (9.7411e-01)
Epoch: [35][100/496]	L_Src_Sup 2.5743e-01 (2.5209e-01)	L_Trg_Inj 2.9358e-01 (3.4124e-01)	Loss Disc 6.9229e-01 (6.9165e-01)	Loss Pred 5.5363e-01 (5.6248e-01)	Loss TOTAL 9.5488e-01 (9.7519e-01)
Epoch: [35][110/496]	L_Src_Sup 3.5175e-01 (2.5218e-01)	L_Trg_Inj 2.9680e-01 (3.3842e-01)	Loss Disc 6.8916e-01 (6.9165e-01)	Loss Pred 5.9746e-01 (5.6272e-01)	Loss TOTAL 1.0618e+00 (9.7539e-01)
Epoch: [35][120/496]	L_Src_Sup 2.3687e-01 (2.4927e-01)	L_Trg_Inj 1.4027e-01 (3.3358e-01)	Loss Disc 6.9086e-01 (6.9166e-01)	Loss Pred 5.5802e-01 (5.6246e-01)	Loss TOTAL 1.0378e+00 (9.7525e-01)
Epoch: [35][130/496]	L_Src_Sup 2.1682e-01 (2.4897e-01)	L_Trg_Inj 2.4998e-01 (3.2793e-01)	Loss Disc 6.8600e-01 (6.9156e-01)	Loss Pred 6.0662e-01 (5.6346e-01)	Loss TOTAL 9.9630e-01 (9.7644e-01)
Epoch: [35][140/496]	L_Src_Sup 2.7229e-01 (2.4663e-01)	L_Trg_Inj 3.7363e-01 (3.2512e-01)	Loss Disc 6.9912e-01 (6.9144e-01)	Loss Pred 5.0612e-01 (5.6470e-01)	Loss TOTAL 9.2027e-01 (9.7664e-01)
Epoch: [35][150/496]	L_Src_Sup 1.8368e-01 (2.4479e-01)	L_Trg_Inj 2.9801e-01 (3.2070e-01)	Loss Disc 6.9235e-01 (6.9153e-01)	Loss Pred 5.6988e-01 (5.6455e-01)	Loss TOTAL 9.6422e-01 (9.7678e-01)
Epoch: [35][160/496]	L_Src_Sup 1.6001e-01 (2.4296e-01)	L_Trg_Inj 2.4943e-01 (3.1777e-01)	Loss Disc 6.9696e-01 (6.9150e-01)	Loss Pred 5.5915e-01 (5.6435e-01)	Loss TOTAL 9.4858e-01 (9.7557e-01)
Epoch: [35][170/496]	L_Src_Sup 2.5460e-01 (2.4321e-01)	L_Trg_Inj 3.4370e-01 (3.1845e-01)	Loss Disc 6.9232e-01 (6.9156e-01)	Loss Pred 5.4853e-01 (5.6448e-01)	Loss TOTAL 9.5452e-01 (9.7567e-01)
Epoch: [35][180/496]	L_Src_Sup 3.3685e-01 (2.4317e-01)	L_Trg_Inj 3.1851e-01 (3.1875e-01)	Loss Disc 6.8816e-01 (6.9163e-01)	Loss Pred 5.8588e-01 (5.6422e-01)	Loss TOTAL 1.0138e+00 (9.7535e-01)
Epoch: [35][190/496]	L_Src_Sup 2.4298e-01 (2.4401e-01)	L_Trg_Inj 3.6167e-01 (3.2096e-01)	Loss Disc 6.9488e-01 (6.9170e-01)	Loss Pred 5.2172e-01 (5.6381e-01)	Loss TOTAL 9.2962e-01 (9.7602e-01)
Epoch: [35][200/496]	L_Src_Sup 2.3150e-01 (2.4604e-01)	L_Trg_Inj 3.5834e-01 (3.2461e-01)	Loss Disc 6.9138e-01 (6.9169e-01)	Loss Pred 5.6313e-01 (5.6424e-01)	Loss TOTAL 9.6780e-01 (9.7667e-01)
Epoch: [35][210/496]	L_Src_Sup 1.6495e-01 (2.4561e-01)	L_Trg_Inj 3.8332e-01 (3.2607e-01)	Loss Disc 6.9306e-01 (6.9179e-01)	Loss Pred 5.7521e-01 (5.6390e-01)	Loss TOTAL 9.7657e-01 (9.7602e-01)
Epoch: [35][220/496]	L_Src_Sup 3.6692e-01 (2.4588e-01)	L_Trg_Inj 3.0967e-01 (3.2608e-01)	Loss Disc 6.9422e-01 (6.9181e-01)	Loss Pred 5.6986e-01 (5.6375e-01)	Loss TOTAL 1.0419e+00 (9.7581e-01)
Epoch: [35][230/496]	L_Src_Sup 2.4244e-01 (2.4575e-01)	L_Trg_Inj 1.7187e-01 (3.2657e-01)	Loss Disc 6.9399e-01 (6.9190e-01)	Loss Pred 5.6451e-01 (5.6314e-01)	Loss TOTAL 1.0235e+00 (9.7521e-01)
Epoch: [35][240/496]	L_Src_Sup 3.1623e-01 (2.4668e-01)	L_Trg_Inj 2.8121e-01 (3.2647e-01)	Loss Disc 6.9410e-01 (6.9195e-01)	Loss Pred 5.6854e-01 (5.6292e-01)	Loss TOTAL 1.0104e+00 (9.7502e-01)
Epoch: [35][250/496]	L_Src_Sup 3.2993e-01 (2.4680e-01)	L_Trg_Inj 4.0608e-01 (3.2780e-01)	Loss Disc 6.9166e-01 (6.9197e-01)	Loss Pred 5.7546e-01 (5.6307e-01)	Loss TOTAL 9.9489e-01 (9.7523e-01)
Epoch: [35][260/496]	L_Src_Sup 2.9520e-01 (2.4712e-01)	L_Trg_Inj 3.9057e-01 (3.2978e-01)	Loss Disc 6.9075e-01 (6.9200e-01)	Loss Pred 6.2517e-01 (5.6279e-01)	Loss TOTAL 1.0391e+00 (9.7509e-01)
Epoch: [35][270/496]	L_Src_Sup 2.2650e-01 (2.4687e-01)	L_Trg_Inj 3.5783e-01 (3.3141e-01)	Loss Disc 6.9179e-01 (6.9198e-01)	Loss Pred 5.3153e-01 (5.6248e-01)	Loss TOTAL 9.3586e-01 (9.7499e-01)
Epoch: [35][280/496]	L_Src_Sup 1.2500e-01 (2.4656e-01)	L_Trg_Inj 3.5935e-01 (3.3206e-01)	Loss Disc 6.9402e-01 (6.9202e-01)	Loss Pred 5.8113e-01 (5.6246e-01)	Loss TOTAL 9.7658e-01 (9.7484e-01)
Epoch: [35][290/496]	L_Src_Sup 3.0928e-01 (2.4708e-01)	L_Trg_Inj 3.7040e-01 (3.3293e-01)	Loss Disc 6.9280e-01 (6.9200e-01)	Loss Pred 5.7549e-01 (5.6264e-01)	Loss TOTAL 9.8986e-01 (9.7486e-01)
Epoch: [35][300/496]	L_Src_Sup 1.3592e-01 (2.4666e-01)	L_Trg_Inj 2.6530e-01 (3.3306e-01)	Loss Disc 6.9292e-01 (6.9201e-01)	Loss Pred 5.4271e-01 (5.6280e-01)	Loss TOTAL 9.2929e-01 (9.7484e-01)
Epoch: [35][310/496]	L_Src_Sup 1.6161e-01 (2.4671e-01)	L_Trg_Inj 3.0945e-01 (3.3340e-01)	Loss Disc 6.9192e-01 (6.9201e-01)	Loss Pred 5.6450e-01 (5.6280e-01)	Loss TOTAL 9.5756e-01 (9.7481e-01)
Epoch: [35][320/496]	L_Src_Sup 2.9357e-01 (2.4674e-01)	L_Trg_Inj 2.9684e-01 (3.3345e-01)	Loss Disc 6.9515e-01 (6.9201e-01)	Loss Pred 5.1030e-01 (5.6282e-01)	Loss TOTAL 9.1692e-01 (9.7478e-01)
Epoch: [35][330/496]	L_Src_Sup 2.1569e-01 (2.4595e-01)	L_Trg_Inj 3.6165e-01 (3.3436e-01)	Loss Disc 6.9216e-01 (6.9199e-01)	Loss Pred 5.4827e-01 (5.6302e-01)	Loss TOTAL 9.5208e-01 (9.7480e-01)
Epoch: [35][340/496]	L_Src_Sup 1.8367e-01 (2.4545e-01)	L_Trg_Inj 3.9060e-01 (3.3422e-01)	Loss Disc 6.8827e-01 (6.9195e-01)	Loss Pred 5.6986e-01 (5.6311e-01)	Loss TOTAL 9.7143e-01 (9.7490e-01)
Epoch: [35][350/496]	L_Src_Sup 2.6185e-01 (2.4518e-01)	L_Trg_Inj 2.3389e-01 (3.3495e-01)	Loss Disc 6.8957e-01 (6.9192e-01)	Loss Pred 5.6447e-01 (5.6302e-01)	Loss TOTAL 9.8679e-01 (9.7475e-01)
Epoch: [35][360/496]	L_Src_Sup 2.7989e-01 (2.4507e-01)	L_Trg_Inj 5.7792e-01 (3.3680e-01)	Loss Disc 6.9621e-01 (6.9195e-01)	Loss Pred 5.5911e-01 (5.6296e-01)	Loss TOTAL 9.9299e-01 (9.7477e-01)
Epoch: [35][370/496]	L_Src_Sup 3.2379e-01 (2.4599e-01)	L_Trg_Inj 4.6825e-01 (3.3811e-01)	Loss Disc 6.9697e-01 (6.9196e-01)	Loss Pred 5.3217e-01 (5.6266e-01)	Loss TOTAL 9.5986e-01 (9.7475e-01)
Epoch: [35][380/496]	L_Src_Sup 3.5685e-01 (2.4644e-01)	L_Trg_Inj 4.5083e-01 (3.4176e-01)	Loss Disc 6.9342e-01 (6.9195e-01)	Loss Pred 5.5904e-01 (5.6283e-01)	Loss TOTAL 9.8652e-01 (9.7512e-01)
Epoch: [35][390/496]	L_Src_Sup 2.4243e-01 (2.4720e-01)	L_Trg_Inj 5.2920e-01 (3.4423e-01)	Loss Disc 6.9267e-01 (6.9198e-01)	Loss Pred 5.6451e-01 (5.6255e-01)	Loss TOTAL 9.8800e-01 (9.7499e-01)
Epoch: [35][400/496]	L_Src_Sup 2.6411e-01 (2.4734e-01)	L_Trg_Inj 3.9051e-01 (3.4537e-01)	Loss Disc 6.9525e-01 (6.9200e-01)	Loss Pred 5.2597e-01 (5.6235e-01)	Loss TOTAL 9.3906e-01 (9.7474e-01)
Epoch: [35][410/496]	L_Src_Sup 2.3310e-01 (2.4769e-01)	L_Trg_Inj 4.5463e-01 (3.4595e-01)	Loss Disc 6.9182e-01 (6.9200e-01)	Loss Pred 5.4260e-01 (5.6254e-01)	Loss TOTAL 9.5729e-01 (9.7528e-01)
Epoch: [35][420/496]	L_Src_Sup 2.8576e-01 (2.4771e-01)	L_Trg_Inj 3.2710e-01 (3.4599e-01)	Loss Disc 6.8595e-01 (6.9196e-01)	Loss Pred 6.0780e-01 (5.6299e-01)	Loss TOTAL 1.0121e+00 (9.7554e-01)
Epoch: [35][430/496]	L_Src_Sup 2.7789e-01 (2.4730e-01)	L_Trg_Inj 2.4202e-01 (3.4454e-01)	Loss Disc 6.9757e-01 (6.9199e-01)	Loss Pred 5.1599e-01 (5.6286e-01)	Loss TOTAL 9.5263e-01 (9.7540e-01)
Epoch: [35][440/496]	L_Src_Sup 2.8283e-01 (2.4888e-01)	L_Trg_Inj 4.5310e-01 (3.4519e-01)	Loss Disc 6.9127e-01 (6.9202e-01)	Loss Pred 5.6864e-01 (5.6265e-01)	Loss TOTAL 9.8787e-01 (9.7589e-01)
Epoch: [35][450/496]	L_Src_Sup 2.8568e-01 (2.4831e-01)	L_Trg_Inj 2.5663e-01 (3.4487e-01)	Loss Disc 6.9365e-01 (6.9200e-01)	Loss Pred 5.6999e-01 (5.6269e-01)	Loss TOTAL 1.0001e+00 (9.7574e-01)
Epoch: [35][460/496]	L_Src_Sup 2.0815e-01 (2.4801e-01)	L_Trg_Inj 4.0795e-01 (3.4474e-01)	Loss Disc 6.8949e-01 (6.9199e-01)	Loss Pred 5.8086e-01 (5.6269e-01)	Loss TOTAL 9.8722e-01 (9.7557e-01)
Epoch: [35][470/496]	L_Src_Sup 3.1681e-01 (2.4883e-01)	L_Trg_Inj 3.3230e-01 (3.4620e-01)	Loss Disc 6.9471e-01 (6.9198e-01)	Loss Pred 5.5357e-01 (5.6261e-01)	Loss TOTAL 9.6584e-01 (9.7555e-01)
Epoch: [35][480/496]	L_Src_Sup 2.8556e-01 (2.4844e-01)	L_Trg_Inj 2.4998e-01 (3.4606e-01)	Loss Disc 6.9602e-01 (6.9202e-01)	Loss Pred 5.3156e-01 (5.6240e-01)	Loss TOTAL 9.6871e-01 (9.7522e-01)
Epoch: [35][490/496]	L_Src_Sup 1.7778e-01 (2.4763e-01)	L_Trg_Inj 3.4372e-01 (3.4608e-01)	Loss Disc 6.9061e-01 (6.9203e-01)	Loss Pred 6.1484e-01 (5.6223e-01)	Loss TOTAL 1.0123e+00 (9.7483e-01)
Epoch: [35][496/496]	L_Src_Sup 2.0952e-01 (2.4743e-01)	L_Trg_Inj 2.4935e-01 (3.4561e-01)	Loss Disc 6.9436e-01 (6.9207e-01)	Loss Pred 5.1984e-01 (5.6191e-01)	Loss TOTAL 9.1291e-01 (9.7437e-01)
Epoch 35 complete. Saving model state...
Epoch: [36][ 10/496]	L_Src_Sup 1.8948e-01 (2.2566e-01)	L_Trg_Inj 2.4992e-01 (3.1676e-01)	Loss Disc 6.9126e-01 (6.9264e-01)	Loss Pred 5.8687e-01 (5.7301e-01)	Loss TOTAL 9.7644e-01 (9.7555e-01)
Epoch: [36][ 20/496]	L_Src_Sup 1.8369e-01 (2.2046e-01)	L_Trg_Inj 5.4109e-01 (3.4745e-01)	Loss Disc 6.9200e-01 (6.9257e-01)	Loss Pred 5.7011e-01 (5.6601e-01)	Loss TOTAL 9.8859e-01 (9.7008e-01)
Epoch: [36][ 30/496]	L_Src_Sup 2.0953e-01 (2.4013e-01)	L_Trg_Inj 3.1071e-01 (3.4519e-01)	Loss Disc 6.9616e-01 (6.9259e-01)	Loss Pred 5.3105e-01 (5.6126e-01)	Loss TOTAL 9.3115e-01 (9.7020e-01)
Epoch: [36][ 40/496]	L_Src_Sup 2.3762e-01 (2.4209e-01)	L_Trg_Inj 2.3437e-01 (3.3549e-01)	Loss Disc 6.9529e-01 (6.9247e-01)	Loss Pred 5.5339e-01 (5.6167e-01)	Loss TOTAL 9.5149e-01 (9.7244e-01)
Epoch: [36][ 50/496]	L_Src_Sup 2.1784e-01 (2.3851e-01)	L_Trg_Inj 4.2173e-01 (3.4124e-01)	Loss Disc 6.9558e-01 (6.9240e-01)	Loss Pred 5.5338e-01 (5.6114e-01)	Loss TOTAL 9.6512e-01 (9.7149e-01)
Epoch: [36][ 60/496]	L_Src_Sup 2.7662e-01 (2.4097e-01)	L_Trg_Inj 2.9687e-01 (3.4240e-01)	Loss Disc 6.8891e-01 (6.9233e-01)	Loss Pred 5.9285e-01 (5.5938e-01)	Loss TOTAL 9.9465e-01 (9.6949e-01)
Epoch: [36][ 70/496]	L_Src_Sup 2.7486e-01 (2.4538e-01)	L_Trg_Inj 2.3648e-01 (3.5096e-01)	Loss Disc 6.9187e-01 (6.9228e-01)	Loss Pred 5.5338e-01 (5.6067e-01)	Loss TOTAL 9.8883e-01 (9.7469e-01)
Epoch: [36][ 80/496]	L_Src_Sup 3.2323e-01 (2.4445e-01)	L_Trg_Inj 2.4694e-01 (3.5004e-01)	Loss Disc 6.9192e-01 (6.9228e-01)	Loss Pred 5.6458e-01 (5.6074e-01)	Loss TOTAL 1.0438e+00 (9.7451e-01)
Epoch: [36][ 90/496]	L_Src_Sup 2.1596e-01 (2.4838e-01)	L_Trg_Inj 3.7190e-01 (3.5558e-01)	Loss Disc 6.9177e-01 (6.9229e-01)	Loss Pred 5.4228e-01 (5.6067e-01)	Loss TOTAL 9.4694e-01 (9.7533e-01)
Epoch: [36][100/496]	L_Src_Sup 2.9788e-01 (2.5074e-01)	L_Trg_Inj 3.0948e-01 (3.5578e-01)	Loss Disc 6.9413e-01 (6.9232e-01)	Loss Pred 5.9241e-01 (5.6146e-01)	Loss TOTAL 1.0002e+00 (9.7580e-01)
Epoch: [36][110/496]	L_Src_Sup 3.8654e-01 (2.5411e-01)	L_Trg_Inj 4.1752e-01 (3.5761e-01)	Loss Disc 6.8973e-01 (6.9228e-01)	Loss Pred 6.2572e-01 (5.6164e-01)	Loss TOTAL 1.0510e+00 (9.7848e-01)
Epoch: [36][120/496]	L_Src_Sup 1.9617e-01 (2.5174e-01)	L_Trg_Inj 2.1874e-01 (3.6013e-01)	Loss Disc 6.9181e-01 (6.9229e-01)	Loss Pred 5.4791e-01 (5.6120e-01)	Loss TOTAL 9.3531e-01 (9.7727e-01)
Epoch: [36][130/496]	L_Src_Sup 2.7148e-01 (2.5018e-01)	L_Trg_Inj 3.8811e-01 (3.5976e-01)	Loss Disc 6.9435e-01 (6.9232e-01)	Loss Pred 5.5741e-01 (5.6068e-01)	Loss TOTAL 9.7054e-01 (9.7589e-01)
Epoch: [36][140/496]	L_Src_Sup 2.5247e-01 (2.4823e-01)	L_Trg_Inj 3.9604e-01 (3.5851e-01)	Loss Disc 6.8792e-01 (6.9233e-01)	Loss Pred 5.8695e-01 (5.6090e-01)	Loss TOTAL 9.9576e-01 (9.7585e-01)
Epoch: [36][150/496]	L_Src_Sup 2.4243e-01 (2.4595e-01)	L_Trg_Inj 2.7477e-01 (3.5506e-01)	Loss Disc 6.9235e-01 (6.9230e-01)	Loss Pred 5.6463e-01 (5.6136e-01)	Loss TOTAL 9.6253e-01 (9.7519e-01)
Epoch: [36][160/496]	L_Src_Sup 2.0205e-01 (2.4251e-01)	L_Trg_Inj 1.8933e-01 (3.4945e-01)	Loss Disc 6.9191e-01 (6.9223e-01)	Loss Pred 5.6458e-01 (5.6153e-01)	Loss TOTAL 9.6239e-01 (9.7412e-01)
Epoch: [36][170/496]	L_Src_Sup 3.1894e-01 (2.4415e-01)	L_Trg_Inj 3.6684e-01 (3.4878e-01)	Loss Disc 6.9232e-01 (6.9220e-01)	Loss Pred 5.5903e-01 (5.6187e-01)	Loss TOTAL 9.7377e-01 (9.7486e-01)
Epoch: [36][180/496]	L_Src_Sup 2.5743e-01 (2.4450e-01)	L_Trg_Inj 2.8124e-01 (3.4965e-01)	Loss Disc 6.9145e-01 (6.9224e-01)	Loss Pred 5.5345e-01 (5.6111e-01)	Loss TOTAL 9.5304e-01 (9.7386e-01)
Epoch: [36][190/496]	L_Src_Sup 2.2857e-01 (2.4235e-01)	L_Trg_Inj 3.0856e-01 (3.5033e-01)	Loss Disc 6.8898e-01 (6.9215e-01)	Loss Pred 5.3140e-01 (5.6132e-01)	Loss TOTAL 9.2960e-01 (9.7349e-01)
Epoch: [36][200/496]	L_Src_Sup 2.2917e-01 (2.4018e-01)	L_Trg_Inj 3.5934e-01 (3.4732e-01)	Loss Disc 6.9078e-01 (6.9220e-01)	Loss Pred 5.8120e-01 (5.6132e-01)	Loss TOTAL 9.8544e-01 (9.7319e-01)
Epoch: [36][210/496]	L_Src_Sup 1.6327e-01 (2.3839e-01)	L_Trg_Inj 3.3160e-01 (3.4669e-01)	Loss Disc 6.9012e-01 (6.9214e-01)	Loss Pred 5.6999e-01 (5.6197e-01)	Loss TOTAL 9.6454e-01 (9.7324e-01)
Epoch: [36][220/496]	L_Src_Sup 2.1424e-01 (2.3943e-01)	L_Trg_Inj 2.0305e-01 (3.4466e-01)	Loss Disc 6.9137e-01 (6.9212e-01)	Loss Pred 5.8000e-01 (5.6269e-01)	Loss TOTAL 9.7860e-01 (9.7489e-01)
Epoch: [36][230/496]	L_Src_Sup 2.7968e-01 (2.3963e-01)	L_Trg_Inj 2.4988e-01 (3.4323e-01)	Loss Disc 6.9347e-01 (6.9214e-01)	Loss Pred 5.9674e-01 (5.6308e-01)	Loss TOTAL 1.0262e+00 (9.7510e-01)
Epoch: [36][240/496]	L_Src_Sup 3.8001e-01 (2.3898e-01)	L_Trg_Inj 1.4062e-01 (3.4004e-01)	Loss Disc 6.9340e-01 (6.9219e-01)	Loss Pred 5.5918e-01 (5.6314e-01)	Loss TOTAL 1.1973e+00 (9.7560e-01)
Epoch: [36][250/496]	L_Src_Sup 3.4605e-01 (2.3975e-01)	L_Trg_Inj 3.4165e-01 (3.3840e-01)	Loss Disc 6.9056e-01 (6.9221e-01)	Loss Pred 5.3797e-01 (5.6300e-01)	Loss TOTAL 9.5641e-01 (9.7509e-01)
Epoch: [36][260/496]	L_Src_Sup 2.4743e-01 (2.3825e-01)	L_Trg_Inj 3.4219e-01 (3.3699e-01)	Loss Disc 6.9146e-01 (6.9224e-01)	Loss Pred 5.7524e-01 (5.6287e-01)	Loss TOTAL 9.7993e-01 (9.7438e-01)
Epoch: [36][270/496]	L_Src_Sup 2.5743e-01 (2.3894e-01)	L_Trg_Inj 3.8932e-01 (3.3449e-01)	Loss Disc 6.9048e-01 (6.9222e-01)	Loss Pred 5.5412e-01 (5.6317e-01)	Loss TOTAL 9.6404e-01 (9.7526e-01)
Epoch: [36][280/496]	L_Src_Sup 2.4490e-01 (2.3888e-01)	L_Trg_Inj 3.4026e-01 (3.3413e-01)	Loss Disc 6.9235e-01 (6.9224e-01)	Loss Pred 5.6986e-01 (5.6291e-01)	Loss TOTAL 9.7455e-01 (9.7531e-01)
Epoch: [36][290/496]	L_Src_Sup 2.5243e-01 (2.3808e-01)	L_Trg_Inj 3.5937e-01 (3.3385e-01)	Loss Disc 6.9344e-01 (6.9221e-01)	Loss Pred 5.4320e-01 (5.6323e-01)	Loss TOTAL 9.5110e-01 (9.7521e-01)
Epoch: [36][300/496]	L_Src_Sup 3.2382e-01 (2.3911e-01)	L_Trg_Inj 3.3553e-01 (3.3233e-01)	Loss Disc 6.9344e-01 (6.9225e-01)	Loss Pred 5.3218e-01 (5.6268e-01)	Loss TOTAL 9.4483e-01 (9.7494e-01)
Epoch: [36][310/496]	L_Src_Sup 2.8029e-01 (2.3855e-01)	L_Trg_Inj 4.0271e-01 (3.3231e-01)	Loss Disc 6.9476e-01 (6.9224e-01)	Loss Pred 5.2106e-01 (5.6249e-01)	Loss TOTAL 9.3674e-01 (9.7470e-01)
Epoch: [36][320/496]	L_Src_Sup 2.2223e-01 (2.3732e-01)	L_Trg_Inj 2.7052e-01 (3.3050e-01)	Loss Disc 6.9359e-01 (6.9222e-01)	Loss Pred 5.6450e-01 (5.6260e-01)	Loss TOTAL 9.6057e-01 (9.7462e-01)
Epoch: [36][330/496]	L_Src_Sup 2.6791e-01 (2.3644e-01)	L_Trg_Inj 2.5187e-01 (3.2892e-01)	Loss Disc 6.8983e-01 (6.9223e-01)	Loss Pred 5.7550e-01 (5.6236e-01)	Loss TOTAL 9.8843e-01 (9.7392e-01)
Epoch: [36][340/496]	L_Src_Sup 2.7997e-01 (2.3608e-01)	L_Trg_Inj 2.6517e-01 (3.2664e-01)	Loss Disc 6.8958e-01 (6.9224e-01)	Loss Pred 5.5907e-01 (5.6206e-01)	Loss TOTAL 9.7317e-01 (9.7333e-01)
Epoch: [36][350/496]	L_Src_Sup 2.0713e-01 (2.3434e-01)	L_Trg_Inj 2.1678e-01 (3.2381e-01)	Loss Disc 6.9174e-01 (6.9220e-01)	Loss Pred 5.9197e-01 (5.6228e-01)	Loss TOTAL 9.8023e-01 (9.7327e-01)
Epoch: [36][360/496]	L_Src_Sup 2.3648e-01 (2.3481e-01)	L_Trg_Inj 2.2726e-01 (3.2089e-01)	Loss Disc 6.9398e-01 (6.9220e-01)	Loss Pred 5.9223e-01 (5.6254e-01)	Loss TOTAL 9.9481e-01 (9.7419e-01)
Epoch: [36][370/496]	L_Src_Sup 2.7084e-01 (2.3446e-01)	L_Trg_Inj 2.6562e-01 (3.1913e-01)	Loss Disc 6.8882e-01 (6.9220e-01)	Loss Pred 5.8086e-01 (5.6244e-01)	Loss TOTAL 9.8413e-01 (9.7384e-01)
Epoch: [36][380/496]	L_Src_Sup 1.3187e-01 (2.3509e-01)	L_Trg_Inj 2.3426e-01 (3.1796e-01)	Loss Disc 6.8991e-01 (6.9222e-01)	Loss Pred 6.0830e-01 (5.6233e-01)	Loss TOTAL 9.8987e-01 (9.7426e-01)
Epoch: [36][390/496]	L_Src_Sup 2.4176e-01 (2.3525e-01)	L_Trg_Inj 2.5000e-01 (3.1592e-01)	Loss Disc 6.8683e-01 (6.9222e-01)	Loss Pred 6.0823e-01 (5.6236e-01)	Loss TOTAL 1.0008e+00 (9.7483e-01)
Epoch: [36][400/496]	L_Src_Sup 1.2371e-01 (2.3491e-01)	L_Trg_Inj 2.6562e-01 (3.1512e-01)	Loss Disc 6.8951e-01 (6.9222e-01)	Loss Pred 5.7535e-01 (5.6247e-01)	Loss TOTAL 9.5904e-01 (9.7504e-01)
Epoch: [36][410/496]	L_Src_Sup 2.5000e-01 (2.3469e-01)	L_Trg_Inj 3.0902e-01 (3.1295e-01)	Loss Disc 6.9146e-01 (6.9225e-01)	Loss Pred 5.8093e-01 (5.6227e-01)	Loss TOTAL 9.8257e-01 (9.7508e-01)
Epoch: [36][420/496]	L_Src_Sup 2.1569e-01 (2.3413e-01)	L_Trg_Inj 2.3437e-01 (3.1117e-01)	Loss Disc 6.9363e-01 (6.9223e-01)	Loss Pred 5.5110e-01 (5.6256e-01)	Loss TOTAL 9.4293e-01 (9.7551e-01)
Epoch: [36][430/496]	L_Src_Sup 1.9152e-01 (2.3345e-01)	L_Trg_Inj 2.3433e-01 (3.1007e-01)	Loss Disc 6.9332e-01 (6.9223e-01)	Loss Pred 5.9157e-01 (5.6258e-01)	Loss TOTAL 9.8082e-01 (9.7506e-01)
Epoch: [36][440/496]	L_Src_Sup 1.5389e-01 (2.3276e-01)	L_Trg_Inj 2.3435e-01 (3.0815e-01)	Loss Disc 6.9324e-01 (6.9223e-01)	Loss Pred 5.3763e-01 (5.6264e-01)	Loss TOTAL 9.2308e-01 (9.7491e-01)
Epoch: [36][450/496]	L_Src_Sup 3.0306e-01 (2.3295e-01)	L_Trg_Inj 3.2812e-01 (3.0596e-01)	Loss Disc 6.9132e-01 (6.9225e-01)	Loss Pred 5.6448e-01 (5.6242e-01)	Loss TOTAL 9.7326e-01 (9.7534e-01)
Epoch: [36][460/496]	L_Src_Sup 1.2644e-01 (2.3264e-01)	L_Trg_Inj 1.8749e-01 (3.0455e-01)	Loss Disc 6.9437e-01 (6.9224e-01)	Loss Pred 5.7538e-01 (5.6245e-01)	Loss TOTAL 9.5395e-01 (9.7513e-01)
Epoch: [36][470/496]	L_Src_Sup 3.6189e-01 (2.3235e-01)	L_Trg_Inj 2.5000e-01 (3.0335e-01)	Loss Disc 6.9960e-01 (6.9226e-01)	Loss Pred 5.3184e-01 (5.6239e-01)	Loss TOTAL 1.0547e+00 (9.7531e-01)
Epoch: [36][480/496]	L_Src_Sup 2.5930e-01 (2.3230e-01)	L_Trg_Inj 2.9687e-01 (3.0227e-01)	Loss Disc 6.9309e-01 (6.9229e-01)	Loss Pred 5.5900e-01 (5.6209e-01)	Loss TOTAL 9.6116e-01 (9.7523e-01)
Epoch: [36][490/496]	L_Src_Sup 2.3762e-01 (2.3185e-01)	L_Trg_Inj 2.0687e-01 (3.0168e-01)	Loss Disc 6.9315e-01 (6.9229e-01)	Loss Pred 5.5344e-01 (5.6189e-01)	Loss TOTAL 9.7522e-01 (9.7503e-01)
Epoch: [36][496/496]	L_Src_Sup 2.6164e-01 (2.3212e-01)	L_Trg_Inj 2.2590e-01 (3.0114e-01)	Loss Disc 6.8904e-01 (6.9229e-01)	Loss Pred 6.0775e-01 (5.6194e-01)	Loss TOTAL 1.0368e+00 (9.7522e-01)
Epoch 36 complete. Saving model state...
Epoch: [37][ 10/496]	L_Src_Sup 2.4768e-01 (2.4248e-01)	L_Trg_Inj 4.2088e-01 (4.1676e-01)	Loss Disc 6.9282e-01 (6.9220e-01)	Loss Pred 5.3111e-01 (5.5284e-01)	Loss TOTAL 9.4438e-01 (9.6486e-01)
Epoch: [37][ 20/496]	L_Src_Sup 1.3861e-01 (2.4248e-01)	L_Trg_Inj 2.9687e-01 (3.8727e-01)	Loss Disc 6.9330e-01 (6.9233e-01)	Loss Pred 5.5359e-01 (5.5985e-01)	Loss TOTAL 9.4379e-01 (9.7200e-01)
Epoch: [37][ 30/496]	L_Src_Sup 2.2597e-01 (2.4235e-01)	L_Trg_Inj 3.2268e-01 (3.8111e-01)	Loss Disc 6.9080e-01 (6.9227e-01)	Loss Pred 5.7585e-01 (5.5733e-01)	Loss TOTAL 9.7612e-01 (9.6893e-01)
Epoch: [37][ 40/496]	L_Src_Sup 3.5644e-01 (2.4996e-01)	L_Trg_Inj 3.4028e-01 (3.7893e-01)	Loss Disc 6.9258e-01 (6.9255e-01)	Loss Pred 5.5344e-01 (5.5775e-01)	Loss TOTAL 9.8556e-01 (9.6966e-01)
Epoch: [37][ 50/496]	L_Src_Sup 3.2603e-01 (2.5102e-01)	L_Trg_Inj 4.2176e-01 (3.8257e-01)	Loss Disc 6.9239e-01 (6.9257e-01)	Loss Pred 5.7590e-01 (5.5733e-01)	Loss TOTAL 9.9688e-01 (9.6917e-01)
Epoch: [37][ 60/496]	L_Src_Sup 2.3766e-01 (2.4639e-01)	L_Trg_Inj 4.0546e-01 (3.8385e-01)	Loss Disc 6.9265e-01 (6.9239e-01)	Loss Pred 5.5348e-01 (5.6039e-01)	Loss TOTAL 9.6412e-01 (9.7144e-01)
Epoch: [37][ 70/496]	L_Src_Sup 2.0619e-01 (2.4422e-01)	L_Trg_Inj 4.3921e-01 (3.8340e-01)	Loss Disc 6.9159e-01 (6.9216e-01)	Loss Pred 5.7536e-01 (5.6419e-01)	Loss TOTAL 9.8570e-01 (9.7513e-01)
Epoch: [37][ 80/496]	L_Src_Sup 2.1053e-01 (2.4382e-01)	L_Trg_Inj 2.9678e-01 (3.7761e-01)	Loss Disc 6.9293e-01 (6.9217e-01)	Loss Pred 5.8612e-01 (5.6444e-01)	Loss TOTAL 9.8332e-01 (9.7538e-01)
Epoch: [37][ 90/496]	L_Src_Sup 1.3593e-01 (2.4295e-01)	L_Trg_Inj 1.8955e-01 (3.6863e-01)	Loss Disc 6.9485e-01 (6.9210e-01)	Loss Pred 5.4301e-01 (5.6494e-01)	Loss TOTAL 9.2299e-01 (9.7618e-01)
Epoch: [37][100/496]	L_Src_Sup 1.4434e-01 (2.4277e-01)	L_Trg_Inj 3.1249e-01 (3.6330e-01)	Loss Disc 6.9380e-01 (6.9207e-01)	Loss Pred 5.7525e-01 (5.6484e-01)	Loss TOTAL 9.6783e-01 (9.7647e-01)
Epoch: [37][110/496]	L_Src_Sup 1.5222e-01 (2.4063e-01)	L_Trg_Inj 3.1101e-01 (3.5691e-01)	Loss Disc 6.8847e-01 (6.9208e-01)	Loss Pred 6.0225e-01 (5.6447e-01)	Loss TOTAL 9.9281e-01 (9.7554e-01)
Epoch: [37][120/496]	L_Src_Sup 2.3239e-01 (2.4071e-01)	L_Trg_Inj 2.4252e-01 (3.4966e-01)	Loss Disc 6.9198e-01 (6.9202e-01)	Loss Pred 5.7529e-01 (5.6486e-01)	Loss TOTAL 9.6877e-01 (9.7605e-01)
Epoch: [37][130/496]	L_Src_Sup 2.9633e-01 (2.4227e-01)	L_Trg_Inj 2.1874e-01 (3.4088e-01)	Loss Disc 6.9564e-01 (6.9211e-01)	Loss Pred 5.2207e-01 (5.6449e-01)	Loss TOTAL 9.9898e-01 (9.7799e-01)
Epoch: [37][140/496]	L_Src_Sup 3.6364e-01 (2.4161e-01)	L_Trg_Inj 3.8858e-01 (3.4028e-01)	Loss Disc 6.9467e-01 (6.9203e-01)	Loss Pred 5.6846e-01 (5.6543e-01)	Loss TOTAL 9.9101e-01 (9.7818e-01)
Epoch: [37][150/496]	L_Src_Sup 2.6890e-01 (2.4250e-01)	L_Trg_Inj 2.3167e-01 (3.3530e-01)	Loss Disc 6.9565e-01 (6.9201e-01)	Loss Pred 5.3796e-01 (5.6539e-01)	Loss TOTAL 9.7307e-01 (9.7970e-01)
Epoch: [37][160/496]	L_Src_Sup 1.9247e-01 (2.4345e-01)	L_Trg_Inj 5.3958e-01 (3.3630e-01)	Loss Disc 6.9021e-01 (6.9205e-01)	Loss Pred 5.3779e-01 (5.6486e-01)	Loss TOTAL 9.5610e-01 (9.7920e-01)
Epoch: [37][170/496]	L_Src_Sup 2.8277e-01 (2.4277e-01)	L_Trg_Inj 3.3683e-01 (3.3491e-01)	Loss Disc 6.9236e-01 (6.9200e-01)	Loss Pred 5.6445e-01 (5.6496e-01)	Loss TOTAL 9.7259e-01 (9.7872e-01)
Epoch: [37][180/496]	L_Src_Sup 2.7365e-01 (2.4437e-01)	L_Trg_Inj 2.8270e-01 (3.3227e-01)	Loss Disc 6.9033e-01 (6.9208e-01)	Loss Pred 5.8599e-01 (5.6470e-01)	Loss TOTAL 9.8679e-01 (9.7908e-01)
Epoch: [37][190/496]	L_Src_Sup 2.8003e-01 (2.4570e-01)	L_Trg_Inj 5.0026e-01 (3.3371e-01)	Loss Disc 6.9374e-01 (6.9211e-01)	Loss Pred 5.5909e-01 (5.6444e-01)	Loss TOTAL 9.8399e-01 (9.7974e-01)
Epoch: [37][200/496]	L_Src_Sup 2.2728e-01 (2.4769e-01)	L_Trg_Inj 4.5479e-01 (3.3687e-01)	Loss Disc 6.8922e-01 (6.9211e-01)	Loss Pred 6.2387e-01 (5.6469e-01)	Loss TOTAL 1.0367e+00 (9.8153e-01)
Epoch: [37][210/496]	L_Src_Sup 2.5033e-01 (2.4802e-01)	L_Trg_Inj 4.0574e-01 (3.3832e-01)	Loss Disc 6.9251e-01 (6.9214e-01)	Loss Pred 5.3760e-01 (5.6432e-01)	Loss TOTAL 9.4946e-01 (9.8149e-01)
Epoch: [37][220/496]	L_Src_Sup 3.3075e-01 (2.4887e-01)	L_Trg_Inj 3.2810e-01 (3.4082e-01)	Loss Disc 6.9104e-01 (6.9214e-01)	Loss Pred 5.6308e-01 (5.6390e-01)	Loss TOTAL 9.7714e-01 (9.8137e-01)
Epoch: [37][230/496]	L_Src_Sup 2.7629e-01 (2.4772e-01)	L_Trg_Inj 2.8085e-01 (3.4159e-01)	Loss Disc 6.9447e-01 (6.9209e-01)	Loss Pred 5.7288e-01 (5.6401e-01)	Loss TOTAL 9.7583e-01 (9.8088e-01)
Epoch: [37][240/496]	L_Src_Sup 3.2635e-01 (2.4725e-01)	L_Trg_Inj 3.7925e-01 (3.4162e-01)	Loss Disc 6.9405e-01 (6.9214e-01)	Loss Pred 5.3703e-01 (5.6312e-01)	Loss TOTAL 9.5461e-01 (9.7958e-01)
Epoch: [37][250/496]	L_Src_Sup 2.6416e-01 (2.4799e-01)	L_Trg_Inj 4.5310e-01 (3.4330e-01)	Loss Disc 6.9337e-01 (6.9218e-01)	Loss Pred 5.2565e-01 (5.6256e-01)	Loss TOTAL 9.4406e-01 (9.7924e-01)
Epoch: [37][260/496]	L_Src_Sup 3.3226e-01 (2.4745e-01)	L_Trg_Inj 4.0075e-01 (3.4451e-01)	Loss Disc 6.9342e-01 (6.9220e-01)	Loss Pred 5.1982e-01 (5.6223e-01)	Loss TOTAL 9.3983e-01 (9.7855e-01)
Epoch: [37][270/496]	L_Src_Sup 2.5263e-01 (2.4758e-01)	L_Trg_Inj 4.8001e-01 (3.4584e-01)	Loss Disc 6.9416e-01 (6.9217e-01)	Loss Pred 5.8684e-01 (5.6259e-01)	Loss TOTAL 1.0072e+00 (9.7900e-01)
Epoch: [37][280/496]	L_Src_Sup 1.9149e-01 (2.4695e-01)	L_Trg_Inj 2.9552e-01 (3.4739e-01)	Loss Disc 6.8908e-01 (6.9221e-01)	Loss Pred 5.9242e-01 (5.6233e-01)	Loss TOTAL 9.8567e-01 (9.7846e-01)
Epoch: [37][290/496]	L_Src_Sup 2.4522e-01 (2.4801e-01)	L_Trg_Inj 3.7498e-01 (3.4922e-01)	Loss Disc 6.9515e-01 (6.9222e-01)	Loss Pred 5.2556e-01 (5.6217e-01)	Loss TOTAL 9.3516e-01 (9.7839e-01)
Epoch: [37][300/496]	L_Src_Sup 2.7084e-01 (2.4848e-01)	L_Trg_Inj 4.2034e-01 (3.5004e-01)	Loss Disc 6.9098e-01 (6.9224e-01)	Loss Pred 5.8159e-01 (5.6182e-01)	Loss TOTAL 9.9619e-01 (9.7825e-01)
Epoch: [37][310/496]	L_Src_Sup 2.3301e-01 (2.4788e-01)	L_Trg_Inj 4.0586e-01 (3.5121e-01)	Loss Disc 6.9336e-01 (6.9221e-01)	Loss Pred 5.4227e-01 (5.6198e-01)	Loss TOTAL 9.5284e-01 (9.7812e-01)
Epoch: [37][320/496]	L_Src_Sup 1.8439e-01 (2.4697e-01)	L_Trg_Inj 2.6542e-01 (3.5111e-01)	Loss Disc 6.8967e-01 (6.9216e-01)	Loss Pred 5.6458e-01 (5.6214e-01)	Loss TOTAL 9.5440e-01 (9.7783e-01)
Epoch: [37][330/496]	L_Src_Sup 2.3149e-01 (2.4692e-01)	L_Trg_Inj 4.3213e-01 (3.5079e-01)	Loss Disc 6.8955e-01 (6.9218e-01)	Loss Pred 5.8709e-01 (5.6201e-01)	Loss TOTAL 9.9823e-01 (9.7744e-01)
Epoch: [37][340/496]	L_Src_Sup 3.4344e-01 (2.4772e-01)	L_Trg_Inj 3.7469e-01 (3.5033e-01)	Loss Disc 6.9298e-01 (6.9221e-01)	Loss Pred 5.6459e-01 (5.6196e-01)	Loss TOTAL 9.8289e-01 (9.7746e-01)
Epoch: [37][350/496]	L_Src_Sup 1.9231e-01 (2.4799e-01)	L_Trg_Inj 4.4151e-01 (3.5112e-01)	Loss Disc 6.9328e-01 (6.9221e-01)	Loss Pred 5.3692e-01 (5.6216e-01)	Loss TOTAL 9.4694e-01 (9.7783e-01)
Epoch: [37][360/496]	L_Src_Sup 2.0857e-01 (2.4800e-01)	L_Trg_Inj 2.8119e-01 (3.5116e-01)	Loss Disc 6.9592e-01 (6.9216e-01)	Loss Pred 5.3173e-01 (5.6238e-01)	Loss TOTAL 9.2867e-01 (9.7778e-01)
Epoch: [37][370/496]	L_Src_Sup 1.9537e-01 (2.4802e-01)	L_Trg_Inj 2.4908e-01 (3.5024e-01)	Loss Disc 6.9349e-01 (6.9218e-01)	Loss Pred 5.4813e-01 (5.6213e-01)	Loss TOTAL 9.3932e-01 (9.7723e-01)
Epoch: [37][380/496]	L_Src_Sup 2.0801e-01 (2.4762e-01)	L_Trg_Inj 2.7008e-01 (3.4767e-01)	Loss Disc 6.9531e-01 (6.9221e-01)	Loss Pred 5.8124e-01 (5.6198e-01)	Loss TOTAL 9.7670e-01 (9.7749e-01)
Epoch: [37][390/496]	L_Src_Sup 2.2000e-01 (2.4811e-01)	L_Trg_Inj 2.6559e-01 (3.4630e-01)	Loss Disc 6.9364e-01 (6.9222e-01)	Loss Pred 5.5910e-01 (5.6197e-01)	Loss TOTAL 9.5447e-01 (9.7761e-01)
Epoch: [37][400/496]	L_Src_Sup 3.1578e-01 (2.4801e-01)	L_Trg_Inj 3.2804e-01 (3.4659e-01)	Loss Disc 6.8969e-01 (6.9222e-01)	Loss Pred 5.8659e-01 (5.6210e-01)	Loss TOTAL 9.9582e-01 (9.7764e-01)
Epoch: [37][410/496]	L_Src_Sup 2.4490e-01 (2.4725e-01)	L_Trg_Inj 3.1193e-01 (3.4658e-01)	Loss Disc 6.8755e-01 (6.9219e-01)	Loss Pred 5.6991e-01 (5.6245e-01)	Loss TOTAL 9.6937e-01 (9.7766e-01)
Epoch: [37][420/496]	L_Src_Sup 3.2871e-01 (2.4741e-01)	L_Trg_Inj 3.3536e-01 (3.4667e-01)	Loss Disc 6.8693e-01 (6.9217e-01)	Loss Pred 5.8477e-01 (5.6248e-01)	Loss TOTAL 9.9464e-01 (9.7747e-01)
Epoch: [37][430/496]	L_Src_Sup 3.5975e-01 (2.4780e-01)	L_Trg_Inj 2.6545e-01 (3.4547e-01)	Loss Disc 6.9137e-01 (6.9215e-01)	Loss Pred 5.5906e-01 (5.6256e-01)	Loss TOTAL 1.0616e+00 (9.7784e-01)
Epoch: [37][440/496]	L_Src_Sup 1.0204e-01 (2.4809e-01)	L_Trg_Inj 3.7497e-01 (3.4500e-01)	Loss Disc 6.8976e-01 (6.9216e-01)	Loss Pred 5.6989e-01 (5.6254e-01)	Loss TOTAL 9.6246e-01 (9.7787e-01)
Epoch: [37][450/496]	L_Src_Sup 2.4765e-01 (2.4815e-01)	L_Trg_Inj 3.0642e-01 (3.4368e-01)	Loss Disc 6.9283e-01 (6.9220e-01)	Loss Pred 5.3725e-01 (5.6229e-01)	Loss TOTAL 9.3907e-01 (9.7786e-01)
Epoch: [37][460/496]	L_Src_Sup 2.9471e-01 (2.4830e-01)	L_Trg_Inj 1.7179e-01 (3.4215e-01)	Loss Disc 6.9056e-01 (6.9220e-01)	Loss Pred 5.8668e-01 (5.6205e-01)	Loss TOTAL 1.1015e+00 (9.7806e-01)
Epoch: [37][470/496]	L_Src_Sup 2.5532e-01 (2.4760e-01)	L_Trg_Inj 4.0596e-01 (3.4095e-01)	Loss Disc 6.9144e-01 (6.9221e-01)	Loss Pred 5.9199e-01 (5.6230e-01)	Loss TOTAL 1.0038e+00 (9.7826e-01)
Epoch: [37][480/496]	L_Src_Sup 2.4242e-01 (2.4722e-01)	L_Trg_Inj 2.4639e-01 (3.4018e-01)	Loss Disc 6.9333e-01 (6.9222e-01)	Loss Pred 5.6455e-01 (5.6186e-01)	Loss TOTAL 9.6010e-01 (9.7758e-01)
Epoch: [37][490/496]	L_Src_Sup 2.0494e-01 (2.4740e-01)	L_Trg_Inj 3.8337e-01 (3.3973e-01)	Loss Disc 6.9111e-01 (6.9220e-01)	Loss Pred 5.5903e-01 (5.6206e-01)	Loss TOTAL 9.6342e-01 (9.7800e-01)
Epoch: [37][496/496]	L_Src_Sup 3.2992e-01 (2.4794e-01)	L_Trg_Inj 1.5148e-01 (3.3924e-01)	Loss Disc 6.9119e-01 (6.9219e-01)	Loss Pred 5.7558e-01 (5.6205e-01)	Loss TOTAL 1.1477e+00 (9.7855e-01)
Epoch 37 complete. Saving model state...
Epoch: [38][ 10/496]	L_Src_Sup 1.6002e-01 (2.3457e-01)	L_Trg_Inj 3.1208e-01 (3.3845e-01)	Loss Disc 6.9348e-01 (6.9296e-01)	Loss Pred 5.5899e-01 (5.5025e-01)	Loss TOTAL 9.5294e-01 (9.5727e-01)
Epoch: [38][ 20/496]	L_Src_Sup 1.3839e-01 (2.3433e-01)	L_Trg_Inj 2.8121e-01 (3.4116e-01)	Loss Disc 6.9273e-01 (6.9304e-01)	Loss Pred 5.8688e-01 (5.5483e-01)	Loss TOTAL 9.7521e-01 (9.6991e-01)
Epoch: [38][ 30/496]	L_Src_Sup 2.2039e-01 (2.3812e-01)	L_Trg_Inj 4.0574e-01 (3.3186e-01)	Loss Disc 6.8902e-01 (6.9266e-01)	Loss Pred 5.5344e-01 (5.5821e-01)	Loss TOTAL 9.6057e-01 (9.7133e-01)
Epoch: [38][ 40/496]	L_Src_Sup 3.1918e-01 (2.3658e-01)	L_Trg_Inj 2.8069e-01 (3.1975e-01)	Loss Disc 6.9098e-01 (6.9294e-01)	Loss Pred 5.9270e-01 (5.5619e-01)	Loss TOTAL 1.0367e+00 (9.6874e-01)
Epoch: [38][ 50/496]	L_Src_Sup 2.3432e-01 (2.4017e-01)	L_Trg_Inj 5.1451e-01 (3.2027e-01)	Loss Disc 6.8969e-01 (6.9268e-01)	Loss Pred 5.8119e-01 (5.5910e-01)	Loss TOTAL 1.0009e+00 (9.7317e-01)
Epoch: [38][ 60/496]	L_Src_Sup 2.6804e-01 (2.4347e-01)	L_Trg_Inj 2.2289e-01 (3.2403e-01)	Loss Disc 6.9131e-01 (6.9276e-01)	Loss Pred 5.7577e-01 (5.5797e-01)	Loss TOTAL 1.0157e+00 (9.7181e-01)
Epoch: [38][ 70/496]	L_Src_Sup 2.1948e-01 (2.4773e-01)	L_Trg_Inj 3.0567e-01 (3.3616e-01)	Loss Disc 6.9029e-01 (6.9261e-01)	Loss Pred 6.2890e-01 (5.5864e-01)	Loss TOTAL 1.0266e+00 (9.7321e-01)
Epoch: [38][ 80/496]	L_Src_Sup 2.0412e-01 (2.4698e-01)	L_Trg_Inj 2.8760e-01 (3.4181e-01)	Loss Disc 6.9149e-01 (6.9255e-01)	Loss Pred 5.5898e-01 (5.5945e-01)	Loss TOTAL 9.5389e-01 (9.7324e-01)
Epoch: [38][ 90/496]	L_Src_Sup 2.0000e-01 (2.4048e-01)	L_Trg_Inj 3.4029e-01 (3.4113e-01)	Loss Disc 6.9103e-01 (6.9239e-01)	Loss Pred 5.5899e-01 (5.5987e-01)	Loss TOTAL 9.5854e-01 (9.7226e-01)
Epoch: [38][100/496]	L_Src_Sup 2.7371e-01 (2.4050e-01)	L_Trg_Inj 2.7958e-01 (3.4113e-01)	Loss Disc 6.8942e-01 (6.9231e-01)	Loss Pred 5.8672e-01 (5.6012e-01)	Loss TOTAL 9.8676e-01 (9.7218e-01)
Epoch: [38][110/496]	L_Src_Sup 3.5052e-01 (2.4040e-01)	L_Trg_Inj 2.3679e-01 (3.4055e-01)	Loss Disc 6.9438e-01 (6.9239e-01)	Loss Pred 5.7558e-01 (5.6032e-01)	Loss TOTAL 1.0952e+00 (9.7268e-01)
Epoch: [38][120/496]	L_Src_Sup 3.1760e-01 (2.4117e-01)	L_Trg_Inj 3.2048e-01 (3.3882e-01)	Loss Disc 6.9260e-01 (6.9248e-01)	Loss Pred 5.5906e-01 (5.5980e-01)	Loss TOTAL 9.6917e-01 (9.7194e-01)
Epoch: [38][130/496]	L_Src_Sup 3.0616e-01 (2.4013e-01)	L_Trg_Inj 3.4235e-01 (3.4259e-01)	Loss Disc 6.9019e-01 (6.9241e-01)	Loss Pred 5.7011e-01 (5.5966e-01)	Loss TOTAL 9.8006e-01 (9.7143e-01)
Epoch: [38][140/496]	L_Src_Sup 2.8782e-01 (2.3982e-01)	L_Trg_Inj 3.2871e-01 (3.4122e-01)	Loss Disc 6.9202e-01 (6.9240e-01)	Loss Pred 5.7576e-01 (5.5941e-01)	Loss TOTAL 9.8342e-01 (9.7083e-01)
Epoch: [38][150/496]	L_Src_Sup 1.7476e-01 (2.3986e-01)	L_Trg_Inj 3.7445e-01 (3.4302e-01)	Loss Disc 6.9357e-01 (6.9243e-01)	Loss Pred 5.4207e-01 (5.5907e-01)	Loss TOTAL 9.4378e-01 (9.7044e-01)
Epoch: [38][160/496]	L_Src_Sup 3.0460e-01 (2.3982e-01)	L_Trg_Inj 3.4121e-01 (3.4513e-01)	Loss Disc 6.8997e-01 (6.9244e-01)	Loss Pred 5.5333e-01 (5.5879e-01)	Loss TOTAL 9.6289e-01 (9.7041e-01)
Epoch: [38][170/496]	L_Src_Sup 2.1280e-01 (2.4052e-01)	L_Trg_Inj 3.5660e-01 (3.4699e-01)	Loss Disc 6.9305e-01 (6.9243e-01)	Loss Pred 5.6463e-01 (5.5877e-01)	Loss TOTAL 9.6809e-01 (9.7028e-01)
Epoch: [38][180/496]	L_Src_Sup 2.4293e-01 (2.3938e-01)	L_Trg_Inj 2.6553e-01 (3.4649e-01)	Loss Disc 6.9290e-01 (6.9247e-01)	Loss Pred 5.5899e-01 (5.5827e-01)	Loss TOTAL 9.5629e-01 (9.6928e-01)
Epoch: [38][190/496]	L_Src_Sup 1.8183e-01 (2.3972e-01)	L_Trg_Inj 3.4342e-01 (3.4694e-01)	Loss Disc 6.8986e-01 (6.9242e-01)	Loss Pred 5.6463e-01 (5.5881e-01)	Loss TOTAL 9.6208e-01 (9.6992e-01)
Epoch: [38][200/496]	L_Src_Sup 1.1752e-01 (2.3853e-01)	L_Trg_Inj 3.6681e-01 (3.4892e-01)	Loss Disc 6.9320e-01 (6.9238e-01)	Loss Pred 5.4778e-01 (5.5919e-01)	Loss TOTAL 9.4281e-01 (9.7004e-01)
Epoch: [38][210/496]	L_Src_Sup 2.7372e-01 (2.3939e-01)	L_Trg_Inj 3.5384e-01 (3.4642e-01)	Loss Disc 6.8946e-01 (6.9238e-01)	Loss Pred 5.8705e-01 (5.5936e-01)	Loss TOTAL 9.9453e-01 (9.7049e-01)
Epoch: [38][220/496]	L_Src_Sup 2.2473e-01 (2.3942e-01)	L_Trg_Inj 2.5757e-01 (3.4544e-01)	Loss Disc 6.9153e-01 (6.9235e-01)	Loss Pred 6.1996e-01 (5.6015e-01)	Loss TOTAL 1.0140e+00 (9.7131e-01)
Epoch: [38][230/496]	L_Src_Sup 1.8358e-01 (2.3930e-01)	L_Trg_Inj 3.2209e-01 (3.4560e-01)	Loss Disc 6.9638e-01 (6.9233e-01)	Loss Pred 5.0398e-01 (5.5996e-01)	Loss TOTAL 9.0274e-01 (9.7088e-01)
Epoch: [38][240/496]	L_Src_Sup 2.8009e-01 (2.3988e-01)	L_Trg_Inj 3.7545e-01 (3.4551e-01)	Loss Disc 6.9186e-01 (6.9231e-01)	Loss Pred 5.5903e-01 (5.6057e-01)	Loss TOTAL 9.7051e-01 (9.7189e-01)
Epoch: [38][250/496]	L_Src_Sup 2.3656e-01 (2.3971e-01)	L_Trg_Inj 2.9686e-01 (3.4515e-01)	Loss Disc 6.8814e-01 (6.9226e-01)	Loss Pred 5.9700e-01 (5.6131e-01)	Loss TOTAL 9.9441e-01 (9.7228e-01)
Epoch: [38][260/496]	L_Src_Sup 3.3665e-01 (2.4056e-01)	L_Trg_Inj 1.5625e-01 (3.4102e-01)	Loss Disc 6.9322e-01 (6.9226e-01)	Loss Pred 5.5375e-01 (5.6161e-01)	Loss TOTAL 1.1300e+00 (9.7384e-01)
Epoch: [38][270/496]	L_Src_Sup 1.8562e-01 (2.4234e-01)	L_Trg_Inj 4.0612e-01 (3.4190e-01)	Loss Disc 6.9101e-01 (6.9220e-01)	Loss Pred 5.7519e-01 (5.6174e-01)	Loss TOTAL 9.7987e-01 (9.7442e-01)
Epoch: [38][280/496]	L_Src_Sup 2.9783e-01 (2.4431e-01)	L_Trg_Inj 3.7369e-01 (3.4343e-01)	Loss Disc 6.8845e-01 (6.9221e-01)	Loss Pred 5.9123e-01 (5.6203e-01)	Loss TOTAL 1.0026e+00 (9.7483e-01)
Epoch: [38][290/496]	L_Src_Sup 2.3077e-01 (2.4545e-01)	L_Trg_Inj 3.2812e-01 (3.4582e-01)	Loss Disc 6.9401e-01 (6.9220e-01)	Loss Pred 5.3794e-01 (5.6205e-01)	Loss TOTAL 9.4083e-01 (9.7510e-01)
Epoch: [38][300/496]	L_Src_Sup 2.1915e-01 (2.4547e-01)	L_Trg_Inj 4.2130e-01 (3.4861e-01)	Loss Disc 6.9258e-01 (6.9223e-01)	Loss Pred 5.6844e-01 (5.6211e-01)	Loss TOTAL 9.7877e-01 (9.7519e-01)
Epoch: [38][310/496]	L_Src_Sup 3.6582e-01 (2.4508e-01)	L_Trg_Inj 4.8437e-01 (3.4963e-01)	Loss Disc 6.9181e-01 (6.9221e-01)	Loss Pred 5.5373e-01 (5.6200e-01)	Loss TOTAL 9.8465e-01 (9.7489e-01)
Epoch: [38][320/496]	L_Src_Sup 1.6163e-01 (2.4537e-01)	L_Trg_Inj 3.7459e-01 (3.5161e-01)	Loss Disc 6.9189e-01 (6.9220e-01)	Loss Pred 5.6448e-01 (5.6226e-01)	Loss TOTAL 9.6405e-01 (9.7515e-01)
Epoch: [38][330/496]	L_Src_Sup 2.1575e-01 (2.4627e-01)	L_Trg_Inj 4.4045e-01 (3.5155e-01)	Loss Disc 6.9374e-01 (6.9223e-01)	Loss Pred 5.4840e-01 (5.6209e-01)	Loss TOTAL 9.6089e-01 (9.7539e-01)
Epoch: [38][340/496]	L_Src_Sup 2.6342e-01 (2.4570e-01)	L_Trg_Inj 2.9683e-01 (3.5104e-01)	Loss Disc 6.9342e-01 (6.9223e-01)	Loss Pred 5.2179e-01 (5.6183e-01)	Loss TOTAL 9.2453e-01 (9.7484e-01)
Epoch: [38][350/496]	L_Src_Sup 2.6420e-01 (2.4653e-01)	L_Trg_Inj 3.9040e-01 (3.5137e-01)	Loss Disc 6.9241e-01 (6.9218e-01)	Loss Pred 5.2627e-01 (5.6162e-01)	Loss TOTAL 9.3794e-01 (9.7499e-01)
Epoch: [38][360/496]	L_Src_Sup 3.4003e-01 (2.4684e-01)	L_Trg_Inj 5.6210e-01 (3.5370e-01)	Loss Disc 6.9134e-01 (6.9217e-01)	Loss Pred 5.5900e-01 (5.6128e-01)	Loss TOTAL 9.9488e-01 (9.7471e-01)
Epoch: [38][370/496]	L_Src_Sup 2.2906e-01 (2.4708e-01)	L_Trg_Inj 2.6466e-01 (3.5549e-01)	Loss Disc 6.9130e-01 (6.9220e-01)	Loss Pred 5.8135e-01 (5.6106e-01)	Loss TOTAL 9.7637e-01 (9.7469e-01)
Epoch: [38][380/496]	L_Src_Sup 1.9355e-01 (2.4696e-01)	L_Trg_Inj 3.5929e-01 (3.5591e-01)	Loss Disc 6.9000e-01 (6.9221e-01)	Loss Pred 5.9812e-01 (5.6109e-01)	Loss TOTAL 9.9840e-01 (9.7457e-01)
Epoch: [38][390/496]	L_Src_Sup 2.6548e-01 (2.4700e-01)	L_Trg_Inj 5.2753e-01 (3.5695e-01)	Loss Disc 6.8924e-01 (6.9221e-01)	Loss Pred 5.7016e-01 (5.6107e-01)	Loss TOTAL 9.9408e-01 (9.7460e-01)
Epoch: [38][400/496]	L_Src_Sup 2.9373e-01 (2.4727e-01)	L_Trg_Inj 4.0565e-01 (3.5962e-01)	Loss Disc 6.9511e-01 (6.9219e-01)	Loss Pred 5.5351e-01 (5.6130e-01)	Loss TOTAL 9.7100e-01 (9.7494e-01)
Epoch: [38][410/496]	L_Src_Sup 2.3398e-01 (2.4724e-01)	L_Trg_Inj 3.4962e-01 (3.6063e-01)	Loss Disc 6.9413e-01 (6.9222e-01)	Loss Pred 5.4804e-01 (5.6145e-01)	Loss TOTAL 9.5347e-01 (9.7503e-01)
Epoch: [38][420/496]	L_Src_Sup 1.9364e-01 (2.4749e-01)	L_Trg_Inj 3.7342e-01 (3.6109e-01)	Loss Disc 6.8988e-01 (6.9221e-01)	Loss Pred 6.0014e-01 (5.6146e-01)	Loss TOTAL 1.0018e+00 (9.7495e-01)
Epoch: [38][430/496]	L_Src_Sup 2.6989e-01 (2.4661e-01)	L_Trg_Inj 4.0070e-01 (3.6062e-01)	Loss Disc 6.8853e-01 (6.9221e-01)	Loss Pred 6.1979e-01 (5.6145e-01)	Loss TOTAL 1.0311e+00 (9.7465e-01)
Epoch: [38][440/496]	L_Src_Sup 3.3774e-01 (2.4721e-01)	L_Trg_Inj 2.6472e-01 (3.5977e-01)	Loss Disc 6.8940e-01 (6.9219e-01)	Loss Pred 5.8633e-01 (5.6162e-01)	Loss TOTAL 1.0643e+00 (9.7492e-01)
Epoch: [38][450/496]	L_Src_Sup 3.0382e-01 (2.4731e-01)	L_Trg_Inj 4.3481e-01 (3.5950e-01)	Loss Disc 6.8619e-01 (6.9218e-01)	Loss Pred 6.0248e-01 (5.6180e-01)	Loss TOTAL 1.0194e+00 (9.7513e-01)
Epoch: [38][460/496]	L_Src_Sup 1.8840e-01 (2.4708e-01)	L_Trg_Inj 4.8189e-01 (3.6024e-01)	Loss Disc 6.8177e-01 (6.9212e-01)	Loss Pred 6.5101e-01 (5.6213e-01)	Loss TOTAL 1.0589e+00 (9.7550e-01)
Epoch: [38][470/496]	L_Src_Sup 2.7641e-01 (2.4743e-01)	L_Trg_Inj 5.2248e-01 (3.6285e-01)	Loss Disc 6.8957e-01 (6.9206e-01)	Loss Pred 5.5380e-01 (5.6220e-01)	Loss TOTAL 9.7847e-01 (9.7570e-01)
Epoch: [38][480/496]	L_Src_Sup 3.6117e-01 (2.4755e-01)	L_Trg_Inj 3.7486e-01 (3.6383e-01)	Loss Disc 6.9225e-01 (6.9206e-01)	Loss Pred 5.9116e-01 (5.6236e-01)	Loss TOTAL 1.0109e+00 (9.7585e-01)
Epoch: [38][490/496]	L_Src_Sup 2.0492e-01 (2.4811e-01)	L_Trg_Inj 4.1235e-01 (3.6594e-01)	Loss Disc 6.9281e-01 (6.9206e-01)	Loss Pred 5.4831e-01 (5.6209e-01)	Loss TOTAL 9.5645e-01 (9.7590e-01)
Epoch: [38][496/496]	L_Src_Sup 2.2916e-01 (2.4834e-01)	L_Trg_Inj 4.9925e-01 (3.6670e-01)	Loss Disc 6.8790e-01 (6.9207e-01)	Loss Pred 6.1200e-01 (5.6205e-01)	Loss TOTAL 1.0288e+00 (9.7588e-01)
Epoch 38 complete. Saving model state...
Epoch: [39][ 10/496]	L_Src_Sup 2.8294e-01 (2.1491e-01)	L_Trg_Inj 5.2548e-01 (4.2288e-01)	Loss Disc 6.9282e-01 (6.9279e-01)	Loss Pred 5.6448e-01 (5.5799e-01)	Loss TOTAL 9.9173e-01 (9.6817e-01)
Epoch: [39][ 20/496]	L_Src_Sup 1.9153e-01 (2.2849e-01)	L_Trg_Inj 3.0188e-01 (3.6970e-01)	Loss Disc 6.9312e-01 (6.9240e-01)	Loss Pred 5.9156e-01 (5.6344e-01)	Loss TOTAL 9.8746e-01 (9.8356e-01)
Epoch: [39][ 30/496]	L_Src_Sup 3.9976e-01 (2.5350e-01)	L_Trg_Inj 4.0203e-01 (3.6811e-01)	Loss Disc 6.9550e-01 (6.9235e-01)	Loss Pred 5.4704e-01 (5.6465e-01)	Loss TOTAL 9.7497e-01 (9.8306e-01)
Epoch: [39][ 40/496]	L_Src_Sup 2.6680e-01 (2.5366e-01)	L_Trg_Inj 2.9439e-01 (3.5487e-01)	Loss Disc 6.8931e-01 (6.9238e-01)	Loss Pred 5.7536e-01 (5.6327e-01)	Loss TOTAL 9.7613e-01 (9.7971e-01)
Epoch: [39][ 50/496]	L_Src_Sup 2.3699e-01 (2.4961e-01)	L_Trg_Inj 3.4908e-01 (3.5136e-01)	Loss Disc 6.9482e-01 (6.9249e-01)	Loss Pred 5.5359e-01 (5.6124e-01)	Loss TOTAL 9.5961e-01 (9.7555e-01)
Epoch: [39][ 60/496]	L_Src_Sup 2.4759e-01 (2.5130e-01)	L_Trg_Inj 3.5927e-01 (3.5015e-01)	Loss Disc 6.9314e-01 (6.9253e-01)	Loss Pred 5.3156e-01 (5.5969e-01)	Loss TOTAL 9.3881e-01 (9.7355e-01)
Epoch: [39][ 70/496]	L_Src_Sup 2.4991e-01 (2.5255e-01)	L_Trg_Inj 2.6545e-01 (3.4351e-01)	Loss Disc 6.9174e-01 (6.9256e-01)	Loss Pred 5.8113e-01 (5.5973e-01)	Loss TOTAL 9.7854e-01 (9.7383e-01)
Epoch: [39][ 80/496]	L_Src_Sup 1.6814e-01 (2.4916e-01)	L_Trg_Inj 3.4045e-01 (3.3773e-01)	Loss Disc 6.9228e-01 (6.9258e-01)	Loss Pred 5.8639e-01 (5.6102e-01)	Loss TOTAL 9.8339e-01 (9.7392e-01)
Epoch: [39][ 90/496]	L_Src_Sup 2.3781e-01 (2.4786e-01)	L_Trg_Inj 1.7172e-01 (3.3952e-01)	Loss Disc 6.9686e-01 (6.9251e-01)	Loss Pred 5.1014e-01 (5.6141e-01)	Loss TOTAL 9.6562e-01 (9.7468e-01)
Epoch: [39][100/496]	L_Src_Sup 2.8002e-01 (2.4924e-01)	L_Trg_Inj 2.6557e-01 (3.4128e-01)	Loss Disc 6.9306e-01 (6.9247e-01)	Loss Pred 5.5903e-01 (5.6145e-01)	Loss TOTAL 9.7457e-01 (9.7586e-01)
Epoch: [39][110/496]	L_Src_Sup 2.7722e-01 (2.4719e-01)	L_Trg_Inj 3.2763e-01 (3.4184e-01)	Loss Disc 6.9420e-01 (6.9244e-01)	Loss Pred 5.5355e-01 (5.6118e-01)	Loss TOTAL 9.6113e-01 (9.7459e-01)
Epoch: [39][120/496]	L_Src_Sup 1.5054e-01 (2.4708e-01)	L_Trg_Inj 3.7641e-01 (3.4222e-01)	Loss Disc 6.8801e-01 (6.9240e-01)	Loss Pred 5.9717e-01 (5.6198e-01)	Loss TOTAL 9.9387e-01 (9.7539e-01)
Epoch: [39][130/496]	L_Src_Sup 2.3529e-01 (2.4759e-01)	L_Trg_Inj 4.2153e-01 (3.4294e-01)	Loss Disc 6.9541e-01 (6.9246e-01)	Loss Pred 5.4821e-01 (5.6195e-01)	Loss TOTAL 9.6160e-01 (9.7504e-01)
Epoch: [39][140/496]	L_Src_Sup 2.0201e-01 (2.4756e-01)	L_Trg_Inj 2.9670e-01 (3.4310e-01)	Loss Disc 6.8985e-01 (6.9234e-01)	Loss Pred 5.6444e-01 (5.6290e-01)	Loss TOTAL 9.5924e-01 (9.7702e-01)
Epoch: [39][150/496]	L_Src_Sup 2.1359e-01 (2.4722e-01)	L_Trg_Inj 3.5904e-01 (3.4473e-01)	Loss Disc 6.9408e-01 (6.9226e-01)	Loss Pred 5.4309e-01 (5.6329e-01)	Loss TOTAL 9.4739e-01 (9.7709e-01)
Epoch: [39][160/496]	L_Src_Sup 2.3679e-01 (2.4817e-01)	L_Trg_Inj 1.6463e-01 (3.4442e-01)	Loss Disc 6.8923e-01 (6.9223e-01)	Loss Pred 6.0191e-01 (5.6337e-01)	Loss TOTAL 1.0588e+00 (9.7745e-01)
Epoch: [39][170/496]	L_Src_Sup 2.9470e-01 (2.4889e-01)	L_Trg_Inj 4.3678e-01 (3.4689e-01)	Loss Disc 6.8683e-01 (6.9221e-01)	Loss Pred 5.8590e-01 (5.6327e-01)	Loss TOTAL 1.0025e+00 (9.7801e-01)
Epoch: [39][180/496]	L_Src_Sup 2.8573e-01 (2.4802e-01)	L_Trg_Inj 4.7203e-01 (3.4742e-01)	Loss Disc 6.8821e-01 (6.9223e-01)	Loss Pred 5.6984e-01 (5.6297e-01)	Loss TOTAL 9.8972e-01 (9.7812e-01)
Epoch: [39][190/496]	L_Src_Sup 2.0371e-01 (2.4803e-01)	L_Trg_Inj 3.1239e-01 (3.5153e-01)	Loss Disc 6.9723e-01 (6.9225e-01)	Loss Pred 5.1587e-01 (5.6245e-01)	Loss TOTAL 9.1610e-01 (9.7767e-01)
Epoch: [39][200/496]	L_Src_Sup 2.4494e-01 (2.4854e-01)	L_Trg_Inj 3.8668e-01 (3.5170e-01)	Loss Disc 6.9381e-01 (6.9227e-01)	Loss Pred 5.6989e-01 (5.6252e-01)	Loss TOTAL 9.7996e-01 (9.7743e-01)
Epoch: [39][210/496]	L_Src_Sup 2.7958e-01 (2.4908e-01)	L_Trg_Inj 3.7464e-01 (3.5307e-01)	Loss Disc 6.8962e-01 (6.9222e-01)	Loss Pred 5.9698e-01 (5.6282e-01)	Loss TOTAL 1.0072e+00 (9.7768e-01)
Epoch: [39][220/496]	L_Src_Sup 2.4001e-01 (2.4802e-01)	L_Trg_Inj 3.5219e-01 (3.5359e-01)	Loss Disc 6.9222e-01 (6.9225e-01)	Loss Pred 5.5906e-01 (5.6275e-01)	Loss TOTAL 9.6439e-01 (9.7718e-01)
Epoch: [39][230/496]	L_Src_Sup 3.4719e-01 (2.4906e-01)	L_Trg_Inj 2.9463e-01 (3.5310e-01)	Loss Disc 6.9323e-01 (6.9224e-01)	Loss Pred 5.6989e-01 (5.6287e-01)	Loss TOTAL 1.0332e+00 (9.7753e-01)
Epoch: [39][240/496]	L_Src_Sup 1.1762e-01 (2.4732e-01)	L_Trg_Inj 2.8750e-01 (3.5121e-01)	Loss Disc 6.9034e-01 (6.9225e-01)	Loss Pred 5.4820e-01 (5.6256e-01)	Loss TOTAL 9.3388e-01 (9.7664e-01)
Epoch: [39][250/496]	L_Src_Sup 2.3166e-01 (2.4865e-01)	L_Trg_Inj 3.4346e-01 (3.5012e-01)	Loss Disc 6.8815e-01 (6.9219e-01)	Loss Pred 5.8609e-01 (5.6294e-01)	Loss TOTAL 9.8767e-01 (9.7761e-01)
Epoch: [39][260/496]	L_Src_Sup 2.4551e-01 (2.4756e-01)	L_Trg_Inj 2.1751e-01 (3.4718e-01)	Loss Disc 6.9544e-01 (6.9222e-01)	Loss Pred 5.2682e-01 (5.6279e-01)	Loss TOTAL 9.4883e-01 (9.7795e-01)
Epoch: [39][270/496]	L_Src_Sup 2.6924e-01 (2.4724e-01)	L_Trg_Inj 1.5783e-01 (3.4439e-01)	Loss Disc 6.9210e-01 (6.9221e-01)	Loss Pred 5.3755e-01 (5.6281e-01)	Loss TOTAL 1.0377e+00 (9.7796e-01)
Epoch: [39][280/496]	L_Src_Sup 2.1569e-01 (2.4623e-01)	L_Trg_Inj 3.4176e-01 (3.4351e-01)	Loss Disc 6.9357e-01 (6.9220e-01)	Loss Pred 5.4828e-01 (5.6264e-01)	Loss TOTAL 9.5081e-01 (9.7724e-01)
Epoch: [39][290/496]	L_Src_Sup 1.9806e-01 (2.4547e-01)	L_Trg_Inj 2.6561e-01 (3.4278e-01)	Loss Disc 6.9009e-01 (6.9219e-01)	Loss Pred 5.5362e-01 (5.6264e-01)	Loss TOTAL 9.4503e-01 (9.7719e-01)
Epoch: [39][300/496]	L_Src_Sup 2.1154e-01 (2.4515e-01)	L_Trg_Inj 3.3350e-01 (3.4307e-01)	Loss Disc 6.9376e-01 (6.9220e-01)	Loss Pred 5.3739e-01 (5.6240e-01)	Loss TOTAL 9.3877e-01 (9.7711e-01)
Epoch: [39][310/496]	L_Src_Sup 2.5287e-01 (2.4550e-01)	L_Trg_Inj 2.9655e-01 (3.4334e-01)	Loss Disc 6.8856e-01 (6.9217e-01)	Loss Pred 6.3020e-01 (5.6266e-01)	Loss TOTAL 1.0294e+00 (9.7712e-01)
Epoch: [39][320/496]	L_Src_Sup 2.7522e-01 (2.4616e-01)	L_Trg_Inj 2.9600e-01 (3.4431e-01)	Loss Disc 6.9528e-01 (6.9214e-01)	Loss Pred 5.1246e-01 (5.6291e-01)	Loss TOTAL 9.1722e-01 (9.7723e-01)
Epoch: [39][330/496]	L_Src_Sup 2.4539e-01 (2.4553e-01)	L_Trg_Inj 3.1196e-01 (3.4487e-01)	Loss Disc 6.9560e-01 (6.9215e-01)	Loss Pred 5.5903e-01 (5.6263e-01)	Loss TOTAL 9.6256e-01 (9.7668e-01)
Epoch: [39][340/496]	L_Src_Sup 2.7219e-01 (2.4618e-01)	L_Trg_Inj 3.4092e-01 (3.4459e-01)	Loss Disc 6.9303e-01 (6.9216e-01)	Loss Pred 5.4823e-01 (5.6278e-01)	Loss TOTAL 9.5606e-01 (9.7669e-01)
Epoch: [39][350/496]	L_Src_Sup 2.7104e-01 (2.4592e-01)	L_Trg_Inj 2.4281e-01 (3.4250e-01)	Loss Disc 6.9240e-01 (6.9216e-01)	Loss Pred 5.8067e-01 (5.6300e-01)	Loss TOTAL 1.0065e+00 (9.7662e-01)
Epoch: [39][360/496]	L_Src_Sup 1.9515e-01 (2.4423e-01)	L_Trg_Inj 2.6543e-01 (3.4118e-01)	Loss Disc 6.9507e-01 (6.9219e-01)	Loss Pred 5.4823e-01 (5.6277e-01)	Loss TOTAL 9.4182e-01 (9.7586e-01)
Epoch: [39][370/496]	L_Src_Sup 1.5842e-01 (2.4439e-01)	L_Trg_Inj 2.1486e-01 (3.3861e-01)	Loss Disc 6.9370e-01 (6.9222e-01)	Loss Pred 5.5361e-01 (5.6253e-01)	Loss TOTAL 9.3779e-01 (9.7661e-01)
Epoch: [39][380/496]	L_Src_Sup 2.3828e-01 (2.4435e-01)	L_Trg_Inj 9.2886e-02 (3.3558e-01)	Loss Disc 6.9182e-01 (6.9224e-01)	Loss Pred 5.5350e-01 (5.6210e-01)	Loss TOTAL 1.0779e+00 (9.7706e-01)
Epoch: [39][390/496]	L_Src_Sup 1.6947e-01 (2.4436e-01)	L_Trg_Inj 1.8368e-01 (3.3166e-01)	Loss Disc 6.9235e-01 (6.9223e-01)	Loss Pred 5.8516e-01 (5.6220e-01)	Loss TOTAL 9.6665e-01 (9.7837e-01)
Epoch: [39][400/496]	L_Src_Sup 2.1043e-01 (2.4364e-01)	L_Trg_Inj 1.8749e-01 (3.2863e-01)	Loss Disc 6.9358e-01 (6.9224e-01)	Loss Pred 5.3682e-01 (5.6198e-01)	Loss TOTAL 9.4635e-01 (9.7851e-01)
Epoch: [39][410/496]	L_Src_Sup 2.1979e-01 (2.4376e-01)	L_Trg_Inj 2.9687e-01 (3.2650e-01)	Loss Disc 6.9228e-01 (6.9222e-01)	Loss Pred 6.0871e-01 (5.6224e-01)	Loss TOTAL 1.0065e+00 (9.7910e-01)
Epoch: [39][420/496]	L_Src_Sup 2.7723e-01 (2.4310e-01)	L_Trg_Inj 1.7187e-01 (3.2540e-01)	Loss Disc 6.9035e-01 (6.9222e-01)	Loss Pred 5.5349e-01 (5.6212e-01)	Loss TOTAL 1.0489e+00 (9.7885e-01)
Epoch: [39][430/496]	L_Src_Sup 1.3110e-01 (2.4280e-01)	L_Trg_Inj 4.3723e-01 (3.2450e-01)	Loss Disc 6.9082e-01 (6.9222e-01)	Loss Pred 5.8122e-01 (5.6214e-01)	Loss TOTAL 9.8346e-01 (9.7897e-01)
Epoch: [39][440/496]	L_Src_Sup 2.0415e-01 (2.4253e-01)	L_Trg_Inj 3.1236e-01 (3.2536e-01)	Loss Disc 6.8930e-01 (6.9220e-01)	Loss Pred 6.0330e-01 (5.6208e-01)	Loss TOTAL 9.9960e-01 (9.7865e-01)
Epoch: [39][450/496]	L_Src_Sup 4.0782e-01 (2.4336e-01)	L_Trg_Inj 3.4348e-01 (3.2523e-01)	Loss Disc 6.9375e-01 (6.9222e-01)	Loss Pred 5.4253e-01 (5.6218e-01)	Loss TOTAL 1.0289e+00 (9.7884e-01)
Epoch: [39][460/496]	L_Src_Sup 1.7822e-01 (2.4385e-01)	L_Trg_Inj 3.0108e-01 (3.2578e-01)	Loss Disc 6.9439e-01 (6.9222e-01)	Loss Pred 5.5348e-01 (5.6206e-01)	Loss TOTAL 9.4861e-01 (9.7895e-01)
Epoch: [39][470/496]	L_Src_Sup 1.4141e-01 (2.4387e-01)	L_Trg_Inj 2.6518e-01 (3.2516e-01)	Loss Disc 6.9232e-01 (6.9224e-01)	Loss Pred 5.6451e-01 (5.6202e-01)	Loss TOTAL 9.5133e-01 (9.7881e-01)
Epoch: [39][480/496]	L_Src_Sup 1.3462e-01 (2.4260e-01)	L_Trg_Inj 3.7304e-01 (3.2486e-01)	Loss Disc 6.9190e-01 (6.9225e-01)	Loss Pred 5.3687e-01 (5.6191e-01)	Loss TOTAL 9.3359e-01 (9.7844e-01)
Epoch: [39][490/496]	L_Src_Sup 1.7476e-01 (2.4164e-01)	L_Trg_Inj 3.2808e-01 (3.2454e-01)	Loss Disc 6.9183e-01 (6.9224e-01)	Loss Pred 5.4244e-01 (5.6195e-01)	Loss TOTAL 9.3864e-01 (9.7807e-01)
Epoch: [39][496/496]	L_Src_Sup 2.2681e-01 (2.4175e-01)	L_Trg_Inj 3.8261e-01 (3.2453e-01)	Loss Disc 6.9094e-01 (6.9224e-01)	Loss Pred 5.7564e-01 (5.6185e-01)	Loss TOTAL 9.8205e-01 (9.7782e-01)
Epoch 39 complete. Saving model state...
Epoch: [40][ 10/496]	L_Src_Sup 2.9466e-01 (2.4821e-01)	L_Trg_Inj 2.7892e-01 (3.1260e-01)	Loss Disc 6.9152e-01 (6.9207e-01)	Loss Pred 5.8698e-01 (5.5417e-01)	Loss TOTAL 1.0058e+00 (9.8073e-01)
Epoch: [40][ 20/496]	L_Src_Sup 2.8457e-01 (2.7138e-01)	L_Trg_Inj 2.4921e-01 (3.2685e-01)	Loss Disc 6.8840e-01 (6.9104e-01)	Loss Pred 5.7012e-01 (5.6608e-01)	Loss TOTAL 1.0031e+00 (9.9820e-01)
Epoch: [40][ 30/496]	L_Src_Sup 1.9309e-01 (2.6352e-01)	L_Trg_Inj 2.5644e-01 (3.1357e-01)	Loss Disc 6.9040e-01 (6.9128e-01)	Loss Pred 5.5365e-01 (5.6443e-01)	Loss TOTAL 9.4380e-01 (9.8758e-01)
Epoch: [40][ 40/496]	L_Src_Sup 3.0106e-01 (2.5785e-01)	L_Trg_Inj 4.1987e-01 (3.1471e-01)	Loss Disc 6.9563e-01 (6.9169e-01)	Loss Pred 5.4237e-01 (5.6129e-01)	Loss TOTAL 9.6227e-01 (9.8329e-01)
Epoch: [40][ 50/496]	L_Src_Sup 1.5910e-01 (2.5118e-01)	L_Trg_Inj 3.3707e-01 (3.2254e-01)	Loss Disc 6.8803e-01 (6.9181e-01)	Loss Pred 6.2605e-01 (5.6106e-01)	Loss TOTAL 1.0197e+00 (9.8294e-01)
Epoch: [40][ 60/496]	L_Src_Sup 2.1782e-01 (2.4709e-01)	L_Trg_Inj 3.4205e-01 (3.1574e-01)	Loss Disc 6.8915e-01 (6.9146e-01)	Loss Pred 5.5351e-01 (5.6266e-01)	Loss TOTAL 9.5407e-01 (9.8128e-01)
Epoch: [40][ 70/496]	L_Src_Sup 2.2552e-01 (2.4323e-01)	L_Trg_Inj 2.5561e-01 (3.1524e-01)	Loss Disc 6.9116e-01 (6.9171e-01)	Loss Pred 5.3683e-01 (5.6063e-01)	Loss TOTAL 9.3052e-01 (9.7659e-01)
Epoch: [40][ 80/496]	L_Src_Sup 2.3404e-01 (2.4031e-01)	L_Trg_Inj 1.7719e-01 (3.1320e-01)	Loss Disc 6.9306e-01 (6.9176e-01)	Loss Pred 5.9220e-01 (5.6189e-01)	Loss TOTAL 1.0367e+00 (9.7630e-01)
Epoch: [40][ 90/496]	L_Src_Sup 2.0619e-01 (2.4146e-01)	L_Trg_Inj 2.5867e-01 (3.0715e-01)	Loss Disc 6.8996e-01 (6.9161e-01)	Loss Pred 5.7545e-01 (5.6322e-01)	Loss TOTAL 9.6692e-01 (9.7760e-01)
Epoch: [40][100/496]	L_Src_Sup 2.6525e-01 (2.4226e-01)	L_Trg_Inj 4.4726e-01 (3.0736e-01)	Loss Disc 6.9372e-01 (6.9176e-01)	Loss Pred 5.6994e-01 (5.6307e-01)	Loss TOTAL 9.8805e-01 (9.7795e-01)
Epoch: [40][110/496]	L_Src_Sup 2.1154e-01 (2.4265e-01)	L_Trg_Inj 2.3431e-01 (3.0914e-01)	Loss Disc 6.9167e-01 (6.9181e-01)	Loss Pred 5.3722e-01 (5.6283e-01)	Loss TOTAL 9.2764e-01 (9.7720e-01)
Epoch: [40][120/496]	L_Src_Sup 2.4762e-01 (2.4323e-01)	L_Trg_Inj 2.1754e-01 (3.0705e-01)	Loss Disc 6.9436e-01 (6.9190e-01)	Loss Pred 5.3175e-01 (5.6284e-01)	Loss TOTAL 9.5554e-01 (9.7753e-01)
Epoch: [40][130/496]	L_Src_Sup 2.4000e-01 (2.4280e-01)	L_Trg_Inj 3.4231e-01 (3.0942e-01)	Loss Disc 6.9369e-01 (6.9197e-01)	Loss Pred 5.5902e-01 (5.6187e-01)	Loss TOTAL 9.6409e-01 (9.7624e-01)
Epoch: [40][140/496]	L_Src_Sup 2.6263e-01 (2.4549e-01)	L_Trg_Inj 3.2801e-01 (3.1235e-01)	Loss Disc 6.9385e-01 (6.9197e-01)	Loss Pred 5.6449e-01 (5.6273e-01)	Loss TOTAL 9.7048e-01 (9.7820e-01)
Epoch: [40][150/496]	L_Src_Sup 3.4694e-01 (2.4803e-01)	L_Trg_Inj 3.7489e-01 (3.1878e-01)	Loss Disc 6.9026e-01 (6.9200e-01)	Loss Pred 5.7005e-01 (5.6211e-01)	Loss TOTAL 9.8736e-01 (9.7825e-01)
Epoch: [40][160/496]	L_Src_Sup 2.3301e-01 (2.4976e-01)	L_Trg_Inj 2.4942e-01 (3.2361e-01)	Loss Disc 6.9257e-01 (6.9201e-01)	Loss Pred 5.4248e-01 (5.6181e-01)	Loss TOTAL 9.3701e-01 (9.7818e-01)
Epoch: [40][170/496]	L_Src_Sup 2.3158e-01 (2.5089e-01)	L_Trg_Inj 3.8901e-01 (3.2621e-01)	Loss Disc 6.8759e-01 (6.9201e-01)	Loss Pred 5.8674e-01 (5.6182e-01)	Loss TOTAL 9.9259e-01 (9.7796e-01)
Epoch: [40][180/496]	L_Src_Sup 2.4764e-01 (2.5205e-01)	L_Trg_Inj 1.9002e-01 (3.2500e-01)	Loss Disc 6.9476e-01 (6.9206e-01)	Loss Pred 5.3148e-01 (5.6147e-01)	Loss TOTAL 9.8024e-01 (9.7827e-01)
Epoch: [40][190/496]	L_Src_Sup 2.9121e-01 (2.5119e-01)	L_Trg_Inj 4.6843e-01 (3.2710e-01)	Loss Disc 6.9236e-01 (6.9216e-01)	Loss Pred 5.4234e-01 (5.6123e-01)	Loss TOTAL 9.6448e-01 (9.7751e-01)
Epoch: [40][200/496]	L_Src_Sup 1.5538e-01 (2.4901e-01)	L_Trg_Inj 3.0062e-01 (3.2954e-01)	Loss Disc 6.9429e-01 (6.9215e-01)	Loss Pred 5.4232e-01 (5.6115e-01)	Loss TOTAL 9.3507e-01 (9.7751e-01)
Epoch: [40][210/496]	L_Src_Sup 2.3502e-01 (2.4990e-01)	L_Trg_Inj 2.9667e-01 (3.2960e-01)	Loss Disc 6.9500e-01 (6.9213e-01)	Loss Pred 5.4801e-01 (5.6173e-01)	Loss TOTAL 9.4868e-01 (9.7863e-01)
Epoch: [40][220/496]	L_Src_Sup 2.1978e-01 (2.4992e-01)	L_Trg_Inj 2.4989e-01 (3.2931e-01)	Loss Disc 6.9306e-01 (6.9210e-01)	Loss Pred 6.0839e-01 (5.6210e-01)	Loss TOTAL 1.0019e+00 (9.7906e-01)
Epoch: [40][230/496]	L_Src_Sup 1.8368e-01 (2.4857e-01)	L_Trg_Inj 2.1873e-01 (3.2833e-01)	Loss Disc 6.9302e-01 (6.9213e-01)	Loss Pred 5.6997e-01 (5.6213e-01)	Loss TOTAL 9.5673e-01 (9.7831e-01)
Epoch: [40][240/496]	L_Src_Sup 2.2007e-01 (2.4816e-01)	L_Trg_Inj 2.9686e-01 (3.2516e-01)	Loss Disc 6.9243e-01 (6.9210e-01)	Loss Pred 5.6993e-01 (5.6301e-01)	Loss TOTAL 9.6784e-01 (9.7912e-01)
Epoch: [40][250/496]	L_Src_Sup 2.7452e-01 (2.4795e-01)	L_Trg_Inj 4.2187e-01 (3.2438e-01)	Loss Disc 6.9072e-01 (6.9205e-01)	Loss Pred 5.4849e-01 (5.6320e-01)	Loss TOTAL 9.6349e-01 (9.7921e-01)
Epoch: [40][260/496]	L_Src_Sup 3.0112e-01 (2.4701e-01)	L_Trg_Inj 3.7364e-01 (3.2549e-01)	Loss Disc 6.8581e-01 (6.9202e-01)	Loss Pred 5.9652e-01 (5.6366e-01)	Loss TOTAL 1.0069e+00 (9.7919e-01)
Epoch: [40][270/496]	L_Src_Sup 3.7065e-01 (2.4743e-01)	L_Trg_Inj 2.6557e-01 (3.2432e-01)	Loss Disc 6.9111e-01 (6.9205e-01)	Loss Pred 5.7511e-01 (5.6342e-01)	Loss TOTAL 1.0894e+00 (9.7969e-01)
Epoch: [40][280/496]	L_Src_Sup 2.1053e-01 (2.4772e-01)	L_Trg_Inj 3.5486e-01 (3.2407e-01)	Loss Disc 6.8820e-01 (6.9208e-01)	Loss Pred 5.8611e-01 (5.6311e-01)	Loss TOTAL 9.8675e-01 (9.7917e-01)
Epoch: [40][290/496]	L_Src_Sup 1.6364e-01 (2.4543e-01)	L_Trg_Inj 4.0620e-01 (3.2421e-01)	Loss Disc 6.9853e-01 (6.9213e-01)	Loss Pred 5.0464e-01 (5.6252e-01)	Loss TOTAL 9.1089e-01 (9.7794e-01)
Epoch: [40][300/496]	L_Src_Sup 2.0419e-01 (2.4532e-01)	L_Trg_Inj 2.2958e-01 (3.2264e-01)	Loss Disc 6.9066e-01 (6.9210e-01)	Loss Pred 6.0260e-01 (5.6290e-01)	Loss TOTAL 9.9131e-01 (9.7813e-01)
Epoch: [40][310/496]	L_Src_Sup 2.4762e-01 (2.4452e-01)	L_Trg_Inj 2.0312e-01 (3.2046e-01)	Loss Disc 6.9412e-01 (6.9210e-01)	Loss Pred 5.3216e-01 (5.6301e-01)	Loss TOTAL 9.6880e-01 (9.7806e-01)
Epoch: [40][320/496]	L_Src_Sup 1.3462e-01 (2.4293e-01)	L_Trg_Inj 2.9465e-01 (3.2051e-01)	Loss Disc 6.9483e-01 (6.9211e-01)	Loss Pred 5.3763e-01 (5.6312e-01)	Loss TOTAL 9.2797e-01 (9.7763e-01)
Epoch: [40][330/496]	L_Src_Sup 2.2430e-01 (2.4323e-01)	L_Trg_Inj 2.7990e-01 (3.1934e-01)	Loss Disc 6.9576e-01 (6.9213e-01)	Loss Pred 5.2167e-01 (5.6318e-01)	Loss TOTAL 9.1997e-01 (9.7796e-01)
Epoch: [40][340/496]	L_Src_Sup 2.9474e-01 (2.4261e-01)	L_Trg_Inj 2.9685e-01 (3.1891e-01)	Loss Disc 6.9317e-01 (6.9214e-01)	Loss Pred 5.8621e-01 (5.6298e-01)	Loss TOTAL 9.9195e-01 (9.7729e-01)
Epoch: [40][350/496]	L_Src_Sup 2.7056e-01 (2.4324e-01)	L_Trg_Inj 1.8750e-01 (3.1736e-01)	Loss Disc 6.9245e-01 (6.9215e-01)	Loss Pred 5.8080e-01 (5.6285e-01)	Loss TOTAL 1.0559e+00 (9.7775e-01)
Epoch: [40][360/496]	L_Src_Sup 2.3763e-01 (2.4326e-01)	L_Trg_Inj 4.0619e-01 (3.1714e-01)	Loss Disc 6.9260e-01 (6.9216e-01)	Loss Pred 5.5366e-01 (5.6293e-01)	Loss TOTAL 9.6434e-01 (9.7799e-01)
Epoch: [40][370/496]	L_Src_Sup 1.3277e-01 (2.4237e-01)	L_Trg_Inj 2.3437e-01 (3.1744e-01)	Loss Disc 6.9411e-01 (6.9214e-01)	Loss Pred 5.3197e-01 (5.6287e-01)	Loss TOTAL 9.1575e-01 (9.7753e-01)
Epoch: [40][380/496]	L_Src_Sup 1.1539e-01 (2.4218e-01)	L_Trg_Inj 2.6523e-01 (3.1690e-01)	Loss Disc 6.9426e-01 (6.9213e-01)	Loss Pred 5.3752e-01 (5.6304e-01)	Loss TOTAL 9.2272e-01 (9.7759e-01)
Epoch: [40][390/496]	L_Src_Sup 3.5644e-01 (2.4281e-01)	L_Trg_Inj 4.9999e-01 (3.1789e-01)	Loss Disc 6.9436e-01 (6.9213e-01)	Loss Pred 5.5364e-01 (5.6291e-01)	Loss TOTAL 9.8646e-01 (9.7761e-01)
Epoch: [40][400/496]	L_Src_Sup 2.8572e-01 (2.4285e-01)	L_Trg_Inj 5.9372e-01 (3.2211e-01)	Loss Disc 6.8889e-01 (6.9211e-01)	Loss Pred 5.6986e-01 (5.6304e-01)	Loss TOTAL 1.0022e+00 (9.7785e-01)
Epoch: [40][410/496]	L_Src_Sup 2.6263e-01 (2.4305e-01)	L_Trg_Inj 3.8900e-01 (3.2564e-01)	Loss Disc 6.9101e-01 (6.9211e-01)	Loss Pred 5.6446e-01 (5.6301e-01)	Loss TOTAL 9.7512e-01 (9.7789e-01)
Epoch: [40][420/496]	L_Src_Sup 2.3762e-01 (2.4286e-01)	L_Trg_Inj 3.9135e-01 (3.2769e-01)	Loss Disc 6.9106e-01 (6.9213e-01)	Loss Pred 5.5363e-01 (5.6287e-01)	Loss TOTAL 9.6205e-01 (9.7765e-01)
Epoch: [40][430/496]	L_Src_Sup 2.3530e-01 (2.4293e-01)	L_Trg_Inj 3.2811e-01 (3.2882e-01)	Loss Disc 6.9219e-01 (6.9214e-01)	Loss Pred 5.4806e-01 (5.6261e-01)	Loss TOTAL 9.5049e-01 (9.7726e-01)
Epoch: [40][440/496]	L_Src_Sup 2.4720e-01 (2.4268e-01)	L_Trg_Inj 3.9496e-01 (3.2904e-01)	Loss Disc 6.8861e-01 (6.9216e-01)	Loss Pred 6.1977e-01 (5.6261e-01)	Loss TOTAL 1.0283e+00 (9.7718e-01)
Epoch: [40][450/496]	L_Src_Sup 3.5165e-01 (2.4160e-01)	L_Trg_Inj 3.5864e-01 (3.2867e-01)	Loss Disc 6.9064e-01 (6.9217e-01)	Loss Pred 6.0892e-01 (5.6248e-01)	Loss TOTAL 1.0253e+00 (9.7667e-01)
Epoch: [40][460/496]	L_Src_Sup 1.8693e-01 (2.4103e-01)	L_Trg_Inj 3.0063e-01 (3.2963e-01)	Loss Disc 6.9397e-01 (6.9218e-01)	Loss Pred 5.2043e-01 (5.6238e-01)	Loss TOTAL 9.1617e-01 (9.7640e-01)
Epoch: [40][470/496]	L_Src_Sup 2.5998e-01 (2.4000e-01)	L_Trg_Inj 2.6562e-01 (3.2922e-01)	Loss Disc 6.9227e-01 (6.9218e-01)	Loss Pred 5.5899e-01 (5.6232e-01)	Loss TOTAL 9.5768e-01 (9.7596e-01)
Epoch: [40][480/496]	L_Src_Sup 1.5556e-01 (2.4026e-01)	L_Trg_Inj 5.3109e-01 (3.2889e-01)	Loss Disc 6.8713e-01 (6.9217e-01)	Loss Pred 6.1440e-01 (5.6234e-01)	Loss TOTAL 1.0266e+00 (9.7631e-01)
Epoch: [40][490/496]	L_Src_Sup 1.5467e-01 (2.4033e-01)	L_Trg_Inj 4.5306e-01 (3.2887e-01)	Loss Disc 6.9096e-01 (6.9217e-01)	Loss Pred 5.3689e-01 (5.6226e-01)	Loss TOTAL 9.4315e-01 (9.7626e-01)
Epoch: [40][496/496]	L_Src_Sup 2.7444e-01 (2.4029e-01)	L_Trg_Inj 3.9007e-01 (3.2907e-01)	Loss Disc 6.9358e-01 (6.9219e-01)	Loss Pred 5.4782e-01 (5.6206e-01)	Loss TOTAL 9.6106e-01 (9.7596e-01)
Epoch 40 complete. Saving model state...
Epoch: [41][ 10/496]	L_Src_Sup 2.4252e-01 (2.3738e-01)	L_Trg_Inj 1.8750e-01 (2.8479e-01)	Loss Disc 6.9388e-01 (6.9184e-01)	Loss Pred 5.4633e-01 (5.6937e-01)	Loss TOTAL 9.9129e-01 (9.8221e-01)
Epoch: [41][ 20/496]	L_Src_Sup 2.1277e-01 (2.3021e-01)	L_Trg_Inj 3.5203e-01 (3.2171e-01)	Loss Disc 6.9171e-01 (6.9140e-01)	Loss Pred 5.9211e-01 (5.6940e-01)	Loss TOTAL 9.9445e-01 (9.7770e-01)
Epoch: [41][ 30/496]	L_Src_Sup 2.3079e-01 (2.2339e-01)	L_Trg_Inj 4.0568e-01 (3.2874e-01)	Loss Disc 6.9386e-01 (6.9176e-01)	Loss Pred 5.3690e-01 (5.6356e-01)	Loss TOTAL 9.4748e-01 (9.6959e-01)
Epoch: [41][ 40/496]	L_Src_Sup 2.5410e-01 (2.3602e-01)	L_Trg_Inj 2.8121e-01 (3.2697e-01)	Loss Disc 6.9383e-01 (6.9198e-01)	Loss Pred 5.5901e-01 (5.6157e-01)	Loss TOTAL 9.5946e-01 (9.7339e-01)
Epoch: [41][ 50/496]	L_Src_Sup 1.8948e-01 (2.3379e-01)	L_Trg_Inj 3.2513e-01 (3.3298e-01)	Loss Disc 6.9203e-01 (6.9203e-01)	Loss Pred 5.8706e-01 (5.6100e-01)	Loss TOTAL 9.8453e-01 (9.7132e-01)
Epoch: [41][ 60/496]	L_Src_Sup 2.1506e-01 (2.3298e-01)	L_Trg_Inj 3.2318e-01 (3.3036e-01)	Loss Disc 6.8911e-01 (6.9202e-01)	Loss Pred 5.9831e-01 (5.6090e-01)	Loss TOTAL 9.9669e-01 (9.6960e-01)
Epoch: [41][ 70/496]	L_Src_Sup 1.9803e-01 (2.3200e-01)	L_Trg_Inj 1.8747e-01 (3.1911e-01)	Loss Disc 6.9193e-01 (6.9217e-01)	Loss Pred 5.5341e-01 (5.6016e-01)	Loss TOTAL 9.4848e-01 (9.7121e-01)
Epoch: [41][ 80/496]	L_Src_Sup 2.5490e-01 (2.2859e-01)	L_Trg_Inj 1.7025e-01 (3.1205e-01)	Loss Disc 6.9075e-01 (6.9215e-01)	Loss Pred 5.4784e-01 (5.6074e-01)	Loss TOTAL 1.0204e+00 (9.7130e-01)
Epoch: [41][ 90/496]	L_Src_Sup 2.3302e-01 (2.2868e-01)	L_Trg_Inj 2.3435e-01 (3.0527e-01)	Loss Disc 6.9330e-01 (6.9222e-01)	Loss Pred 5.4230e-01 (5.6072e-01)	Loss TOTAL 9.3569e-01 (9.7297e-01)
Epoch: [41][100/496]	L_Src_Sup 2.1977e-01 (2.2747e-01)	L_Trg_Inj 3.1249e-01 (3.0340e-01)	Loss Disc 6.9386e-01 (6.9221e-01)	Loss Pred 5.5899e-01 (5.6024e-01)	Loss TOTAL 9.5915e-01 (9.7245e-01)
Epoch: [41][110/496]	L_Src_Sup 2.2988e-01 (2.2521e-01)	L_Trg_Inj 2.9686e-01 (3.0023e-01)	Loss Disc 6.9157e-01 (6.9213e-01)	Loss Pred 5.1996e-01 (5.6058e-01)	Loss TOTAL 9.1843e-01 (9.7163e-01)
Epoch: [41][120/496]	L_Src_Sup 2.9704e-01 (2.2463e-01)	L_Trg_Inj 2.3436e-01 (2.9610e-01)	Loss Disc 6.9356e-01 (6.9211e-01)	Loss Pred 5.5339e-01 (5.6054e-01)	Loss TOTAL 1.0160e+00 (9.7233e-01)
Epoch: [41][130/496]	L_Src_Sup 1.9231e-01 (2.2540e-01)	L_Trg_Inj 3.2794e-01 (2.9454e-01)	Loss Disc 6.9340e-01 (6.9212e-01)	Loss Pred 5.3664e-01 (5.6039e-01)	Loss TOTAL 9.3537e-01 (9.7210e-01)
Epoch: [41][140/496]	L_Src_Sup 3.4043e-01 (2.2507e-01)	L_Trg_Inj 1.2448e-01 (2.8934e-01)	Loss Disc 6.9296e-01 (6.9214e-01)	Loss Pred 5.9271e-01 (5.6021e-01)	Loss TOTAL 1.2016e+00 (9.7320e-01)
Epoch: [41][150/496]	L_Src_Sup 1.4954e-01 (2.2867e-01)	L_Trg_Inj 1.8750e-01 (2.8624e-01)	Loss Disc 6.9281e-01 (6.9213e-01)	Loss Pred 5.1997e-01 (5.6046e-01)	Loss TOTAL 9.0008e-01 (9.7545e-01)
Epoch: [41][160/496]	L_Src_Sup 2.5688e-01 (2.2969e-01)	L_Trg_Inj 2.6544e-01 (2.8371e-01)	Loss Disc 6.9201e-01 (6.9219e-01)	Loss Pred 5.0864e-01 (5.5995e-01)	Loss TOTAL 9.0688e-01 (9.7570e-01)
Epoch: [41][170/496]	L_Src_Sup 2.3302e-01 (2.3023e-01)	L_Trg_Inj 2.0269e-01 (2.8336e-01)	Loss Disc 6.9539e-01 (6.9223e-01)	Loss Pred 5.4212e-01 (5.5953e-01)	Loss TOTAL 9.6371e-01 (9.7498e-01)
Epoch: [41][180/496]	L_Src_Sup 2.5545e-01 (2.2983e-01)	L_Trg_Inj 1.8713e-01 (2.7777e-01)	Loss Disc 6.8802e-01 (6.9221e-01)	Loss Pred 5.9284e-01 (5.5993e-01)	Loss TOTAL 1.0494e+00 (9.7641e-01)
Epoch: [41][190/496]	L_Src_Sup 1.4286e-01 (2.3009e-01)	L_Trg_Inj 2.6547e-01 (2.7460e-01)	Loss Disc 6.9287e-01 (6.9217e-01)	Loss Pred 5.7049e-01 (5.6001e-01)	Loss TOTAL 9.5776e-01 (9.7775e-01)
Epoch: [41][200/496]	L_Src_Sup 2.3855e-01 (2.3120e-01)	L_Trg_Inj 1.7187e-01 (2.7254e-01)	Loss Disc 6.9563e-01 (6.9223e-01)	Loss Pred 5.0848e-01 (5.5968e-01)	Loss TOTAL 9.6401e-01 (9.7913e-01)
Epoch: [41][210/496]	L_Src_Sup 2.8000e-01 (2.3176e-01)	L_Trg_Inj 4.2135e-01 (2.7285e-01)	Loss Disc 6.9053e-01 (6.9223e-01)	Loss Pred 5.5897e-01 (5.5976e-01)	Loss TOTAL 9.7437e-01 (9.7882e-01)
Epoch: [41][220/496]	L_Src_Sup 2.5243e-01 (2.3240e-01)	L_Trg_Inj 4.8339e-01 (2.7448e-01)	Loss Disc 6.9339e-01 (6.9224e-01)	Loss Pred 5.4213e-01 (5.5985e-01)	Loss TOTAL 9.6240e-01 (9.7838e-01)
Epoch: [41][230/496]	L_Src_Sup 1.7589e-01 (2.3228e-01)	L_Trg_Inj 4.0617e-01 (2.7438e-01)	Loss Disc 6.9496e-01 (6.9224e-01)	Loss Pred 5.6460e-01 (5.5969e-01)	Loss TOTAL 9.7028e-01 (9.7828e-01)
Epoch: [41][240/496]	L_Src_Sup 1.0000e-01 (2.3210e-01)	L_Trg_Inj 3.1228e-01 (2.7237e-01)	Loss Disc 6.9084e-01 (6.9225e-01)	Loss Pred 5.5896e-01 (5.5937e-01)	Loss TOTAL 9.4561e-01 (9.7889e-01)
Epoch: [41][250/496]	L_Src_Sup 1.4286e-01 (2.3295e-01)	L_Trg_Inj 2.9687e-01 (2.7393e-01)	Loss Disc 6.9351e-01 (6.9226e-01)	Loss Pred 5.7023e-01 (5.5971e-01)	Loss TOTAL 9.6096e-01 (9.7933e-01)
Epoch: [41][260/496]	L_Src_Sup 2.8572e-01 (2.3343e-01)	L_Trg_Inj 4.4900e-01 (2.7546e-01)	Loss Disc 6.9124e-01 (6.9225e-01)	Loss Pred 5.7021e-01 (5.5979e-01)	Loss TOTAL 9.8930e-01 (9.7890e-01)
Epoch: [41][270/496]	L_Src_Sup 2.0833e-01 (2.3311e-01)	L_Trg_Inj 4.0289e-01 (2.7630e-01)	Loss Disc 6.9112e-01 (6.9220e-01)	Loss Pred 5.8136e-01 (5.6032e-01)	Loss TOTAL 9.8804e-01 (9.7934e-01)
Epoch: [41][280/496]	L_Src_Sup 2.2449e-01 (2.3290e-01)	L_Trg_Inj 3.9258e-01 (2.8028e-01)	Loss Disc 6.9246e-01 (6.9222e-01)	Loss Pred 5.7009e-01 (5.6009e-01)	Loss TOTAL 9.7803e-01 (9.7879e-01)
Epoch: [41][290/496]	L_Src_Sup 1.2121e-01 (2.3386e-01)	L_Trg_Inj 3.9062e-01 (2.8502e-01)	Loss Disc 6.9341e-01 (6.9222e-01)	Loss Pred 5.6452e-01 (5.6021e-01)	Loss TOTAL 9.6241e-01 (9.7893e-01)
Epoch: [41][300/496]	L_Src_Sup 2.5532e-01 (2.3443e-01)	L_Trg_Inj 2.9687e-01 (2.8811e-01)	Loss Disc 6.8698e-01 (6.9223e-01)	Loss Pred 5.9232e-01 (5.6028e-01)	Loss TOTAL 9.9103e-01 (9.7871e-01)
Epoch: [41][310/496]	L_Src_Sup 2.6656e-01 (2.3540e-01)	L_Trg_Inj 3.8956e-01 (2.9103e-01)	Loss Disc 6.9293e-01 (6.9222e-01)	Loss Pred 5.3157e-01 (5.6050e-01)	Loss TOTAL 9.4365e-01 (9.7894e-01)
Epoch: [41][320/496]	L_Src_Sup 1.3347e-01 (2.3600e-01)	L_Trg_Inj 2.9686e-01 (2.9364e-01)	Loss Disc 6.9265e-01 (6.9219e-01)	Loss Pred 5.9208e-01 (5.6058e-01)	Loss TOTAL 9.8144e-01 (9.7886e-01)
Epoch: [41][330/496]	L_Src_Sup 2.5263e-01 (2.3723e-01)	L_Trg_Inj 4.5281e-01 (2.9754e-01)	Loss Disc 6.9043e-01 (6.9210e-01)	Loss Pred 5.8609e-01 (5.6118e-01)	Loss TOTAL 1.0018e+00 (9.7936e-01)
Epoch: [41][340/496]	L_Src_Sup 2.9906e-01 (2.3806e-01)	L_Trg_Inj 4.3074e-01 (2.9974e-01)	Loss Disc 6.9443e-01 (6.9214e-01)	Loss Pred 5.2120e-01 (5.6094e-01)	Loss TOTAL 9.4139e-01 (9.7914e-01)
Epoch: [41][350/496]	L_Src_Sup 3.2609e-01 (2.3816e-01)	L_Trg_Inj 3.4375e-01 (3.0317e-01)	Loss Disc 6.9087e-01 (6.9214e-01)	Loss Pred 6.0256e-01 (5.6117e-01)	Loss TOTAL 1.0150e+00 (9.7919e-01)
Epoch: [41][360/496]	L_Src_Sup 3.3335e-01 (2.3932e-01)	L_Trg_Inj 3.0072e-01 (3.0398e-01)	Loss Disc 6.9278e-01 (6.9218e-01)	Loss Pred 5.8072e-01 (5.6120e-01)	Loss TOTAL 1.0231e+00 (9.7949e-01)
Epoch: [41][370/496]	L_Src_Sup 2.2008e-01 (2.3922e-01)	L_Trg_Inj 3.5935e-01 (3.0522e-01)	Loss Disc 6.9079e-01 (6.9218e-01)	Loss Pred 5.5905e-01 (5.6128e-01)	Loss TOTAL 9.6238e-01 (9.7929e-01)
Epoch: [41][380/496]	L_Src_Sup 1.9418e-01 (2.3863e-01)	L_Trg_Inj 4.3678e-01 (3.0592e-01)	Loss Disc 6.9442e-01 (6.9219e-01)	Loss Pred 5.4292e-01 (5.6146e-01)	Loss TOTAL 9.5323e-01 (9.7906e-01)
Epoch: [41][390/496]	L_Src_Sup 3.0304e-01 (2.3846e-01)	L_Trg_Inj 3.1250e-01 (3.0691e-01)	Loss Disc 6.9444e-01 (6.9221e-01)	Loss Pred 5.6445e-01 (5.6147e-01)	Loss TOTAL 9.7322e-01 (9.7872e-01)
Epoch: [41][400/496]	L_Src_Sup 3.4063e-01 (2.3813e-01)	L_Trg_Inj 4.2186e-01 (3.0730e-01)	Loss Disc 6.9406e-01 (6.9222e-01)	Loss Pred 5.8089e-01 (5.6143e-01)	Loss TOTAL 1.0042e+00 (9.7838e-01)
Epoch: [41][410/496]	L_Src_Sup 2.5736e-01 (2.3816e-01)	L_Trg_Inj 4.6848e-01 (3.0941e-01)	Loss Disc 6.9105e-01 (6.9224e-01)	Loss Pred 5.5362e-01 (5.6145e-01)	Loss TOTAL 9.7173e-01 (9.7822e-01)
Epoch: [41][420/496]	L_Src_Sup 2.4748e-01 (2.3865e-01)	L_Trg_Inj 4.9797e-01 (3.1213e-01)	Loss Disc 6.9411e-01 (6.9224e-01)	Loss Pred 5.3201e-01 (5.6148e-01)	Loss TOTAL 9.5361e-01 (9.7824e-01)
Epoch: [41][430/496]	L_Src_Sup 1.8182e-01 (2.4015e-01)	L_Trg_Inj 4.0487e-01 (3.1406e-01)	Loss Disc 6.9151e-01 (6.9226e-01)	Loss Pred 5.6447e-01 (5.6131e-01)	Loss TOTAL 9.6889e-01 (9.7832e-01)
Epoch: [41][440/496]	L_Src_Sup 2.0743e-01 (2.4064e-01)	L_Trg_Inj 4.5310e-01 (3.1600e-01)	Loss Disc 6.9411e-01 (6.9226e-01)	Loss Pred 5.8088e-01 (5.6133e-01)	Loss TOTAL 9.9399e-01 (9.7839e-01)
Epoch: [41][450/496]	L_Src_Sup 2.7723e-01 (2.4253e-01)	L_Trg_Inj 4.5308e-01 (3.1970e-01)	Loss Disc 6.9452e-01 (6.9227e-01)	Loss Pred 5.5354e-01 (5.6134e-01)	Loss TOTAL 9.7383e-01 (9.7864e-01)
Epoch: [41][460/496]	L_Src_Sup 2.5490e-01 (2.4330e-01)	L_Trg_Inj 5.3077e-01 (3.2368e-01)	Loss Disc 6.9488e-01 (6.9226e-01)	Loss Pred 5.4813e-01 (5.6132e-01)	Loss TOTAL 9.7413e-01 (9.7877e-01)
Epoch: [41][470/496]	L_Src_Sup 1.5534e-01 (2.4355e-01)	L_Trg_Inj 4.6849e-01 (3.2648e-01)	Loss Disc 6.9357e-01 (6.9227e-01)	Loss Pred 5.4248e-01 (5.6117e-01)	Loss TOTAL 9.5165e-01 (9.7861e-01)
Epoch: [41][480/496]	L_Src_Sup 2.7962e-01 (2.4460e-01)	L_Trg_Inj 4.3071e-01 (3.2827e-01)	Loss Disc 6.9179e-01 (6.9225e-01)	Loss Pred 5.9697e-01 (5.6162e-01)	Loss TOTAL 1.0139e+00 (9.7904e-01)
Epoch: [41][490/496]	L_Src_Sup 3.3074e-01 (2.4447e-01)	L_Trg_Inj 2.6684e-01 (3.2900e-01)	Loss Disc 6.8969e-01 (6.9224e-01)	Loss Pred 6.0793e-01 (5.6176e-01)	Loss TOTAL 1.0764e+00 (9.7908e-01)
Epoch: [41][496/496]	L_Src_Sup 2.5553e-01 (2.4541e-01)	L_Trg_Inj 4.2035e-01 (3.2951e-01)	Loss Disc 6.9775e-01 (6.9224e-01)	Loss Pred 5.4837e-01 (5.6180e-01)	Loss TOTAL 9.6484e-01 (9.7920e-01)
Epoch 41 complete. Saving model state...
Epoch: [42][ 10/496]	L_Src_Sup 2.5377e-01 (2.6110e-01)	L_Trg_Inj 4.3664e-01 (4.4002e-01)	Loss Disc 6.9172e-01 (6.9193e-01)	Loss Pred 5.9124e-01 (5.6715e-01)	Loss TOTAL 1.0061e+00 (9.8323e-01)
Epoch: [42][ 20/496]	L_Src_Sup 2.3532e-01 (2.4120e-01)	L_Trg_Inj 2.6731e-01 (3.8771e-01)	Loss Disc 6.9386e-01 (6.9201e-01)	Loss Pred 5.4847e-01 (5.6661e-01)	Loss TOTAL 9.4566e-01 (9.7596e-01)
Epoch: [42][ 30/496]	L_Src_Sup 2.6297e-01 (2.3706e-01)	L_Trg_Inj 4.3688e-01 (3.7214e-01)	Loss Disc 6.9634e-01 (6.9212e-01)	Loss Pred 5.0594e-01 (5.6537e-01)	Loss TOTAL 9.2409e-01 (9.7698e-01)
Epoch: [42][ 40/496]	L_Src_Sup 2.0621e-01 (2.4827e-01)	L_Trg_Inj 4.2943e-01 (3.7678e-01)	Loss Disc 6.9056e-01 (6.9219e-01)	Loss Pred 5.7511e-01 (5.6542e-01)	Loss TOTAL 9.8395e-01 (9.8059e-01)
Epoch: [42][ 50/496]	L_Src_Sup 2.8320e-01 (2.5243e-01)	L_Trg_Inj 3.6709e-01 (3.7610e-01)	Loss Disc 7.0134e-01 (6.9207e-01)	Loss Pred 4.9038e-01 (5.6543e-01)	Loss TOTAL 9.0608e-01 (9.7957e-01)
Epoch: [42][ 60/496]	L_Src_Sup 2.3073e-01 (2.5207e-01)	L_Trg_Inj 1.4368e-01 (3.5933e-01)	Loss Disc 6.8827e-01 (6.9224e-01)	Loss Pred 6.2387e-01 (5.6423e-01)	Loss TOTAL 1.0925e+00 (9.8029e-01)
Epoch: [42][ 70/496]	L_Src_Sup 1.7995e-01 (2.4912e-01)	L_Trg_Inj 2.3289e-01 (3.5620e-01)	Loss Disc 6.9271e-01 (6.9218e-01)	Loss Pred 5.5907e-01 (5.6287e-01)	Loss TOTAL 9.4671e-01 (9.7845e-01)
Epoch: [42][ 80/496]	L_Src_Sup 2.9418e-01 (2.4813e-01)	L_Trg_Inj 2.6560e-01 (3.4596e-01)	Loss Disc 6.9322e-01 (6.9235e-01)	Loss Pred 5.4822e-01 (5.6278e-01)	Loss TOTAL 9.7939e-01 (9.7839e-01)
Epoch: [42][ 90/496]	L_Src_Sup 2.0407e-01 (2.4906e-01)	L_Trg_Inj 2.8074e-01 (3.4120e-01)	Loss Disc 6.9281e-01 (6.9221e-01)	Loss Pred 5.6983e-01 (5.6374e-01)	Loss TOTAL 9.6472e-01 (9.7855e-01)
Epoch: [42][100/496]	L_Src_Sup 2.0409e-01 (2.4932e-01)	L_Trg_Inj 2.7665e-01 (3.3853e-01)	Loss Disc 6.8545e-01 (6.9206e-01)	Loss Pred 5.6976e-01 (5.6486e-01)	Loss TOTAL 9.6056e-01 (9.8058e-01)
Epoch: [42][110/496]	L_Src_Sup 2.0200e-01 (2.4791e-01)	L_Trg_Inj 3.2789e-01 (3.3824e-01)	Loss Disc 6.8827e-01 (6.9206e-01)	Loss Pred 5.6479e-01 (5.6362e-01)	Loss TOTAL 9.6191e-01 (9.7854e-01)
Epoch: [42][120/496]	L_Src_Sup 2.5743e-01 (2.4702e-01)	L_Trg_Inj 2.3435e-01 (3.3552e-01)	Loss Disc 6.9360e-01 (6.9208e-01)	Loss Pred 5.5368e-01 (5.6342e-01)	Loss TOTAL 9.7273e-01 (9.7855e-01)
Epoch: [42][130/496]	L_Src_Sup 2.0953e-01 (2.4892e-01)	L_Trg_Inj 3.5922e-01 (3.3399e-01)	Loss Disc 6.9367e-01 (6.9213e-01)	Loss Pred 5.3226e-01 (5.6370e-01)	Loss TOTAL 9.3597e-01 (9.7974e-01)
Epoch: [42][140/496]	L_Src_Sup 1.1747e-01 (2.4877e-01)	L_Trg_Inj 3.3898e-01 (3.3356e-01)	Loss Disc 6.9496e-01 (6.9209e-01)	Loss Pred 5.5241e-01 (5.6336e-01)	Loss TOTAL 9.4554e-01 (9.7901e-01)
Epoch: [42][150/496]	L_Src_Sup 3.0002e-01 (2.4872e-01)	L_Trg_Inj 4.0623e-01 (3.3283e-01)	Loss Disc 6.9153e-01 (6.9215e-01)	Loss Pred 5.5905e-01 (5.6286e-01)	Loss TOTAL 9.7545e-01 (9.7803e-01)
Epoch: [42][160/496]	L_Src_Sup 2.6529e-01 (2.4911e-01)	L_Trg_Inj 3.2782e-01 (3.3319e-01)	Loss Disc 6.9347e-01 (6.9217e-01)	Loss Pred 5.6987e-01 (5.6305e-01)	Loss TOTAL 9.7592e-01 (9.7790e-01)
Epoch: [42][170/496]	L_Src_Sup 3.1893e-01 (2.4873e-01)	L_Trg_Inj 4.0611e-01 (3.3331e-01)	Loss Disc 6.9214e-01 (6.9221e-01)	Loss Pred 5.9145e-01 (5.6346e-01)	Loss TOTAL 1.0100e+00 (9.7781e-01)
Epoch: [42][180/496]	L_Src_Sup 3.1374e-01 (2.4884e-01)	L_Trg_Inj 3.2266e-01 (3.3355e-01)	Loss Disc 6.9020e-01 (6.9223e-01)	Loss Pred 5.4826e-01 (5.6303e-01)	Loss TOTAL 9.5700e-01 (9.7687e-01)
Epoch: [42][190/496]	L_Src_Sup 1.5669e-01 (2.4751e-01)	L_Trg_Inj 3.9070e-01 (3.3438e-01)	Loss Disc 6.9283e-01 (6.9227e-01)	Loss Pred 5.3709e-01 (5.6213e-01)	Loss TOTAL 9.3825e-01 (9.7570e-01)
Epoch: [42][200/496]	L_Src_Sup 2.0183e-01 (2.4558e-01)	L_Trg_Inj 2.6077e-01 (3.3130e-01)	Loss Disc 6.9123e-01 (6.9230e-01)	Loss Pred 5.6453e-01 (5.6190e-01)	Loss TOTAL 9.5640e-01 (9.7499e-01)
Epoch: [42][210/496]	L_Src_Sup 1.1766e-01 (2.4532e-01)	L_Trg_Inj 3.4363e-01 (3.2905e-01)	Loss Disc 6.9450e-01 (6.9226e-01)	Loss Pred 5.4806e-01 (5.6227e-01)	Loss TOTAL 9.4144e-01 (9.7555e-01)
Epoch: [42][220/496]	L_Src_Sup 1.8948e-01 (2.4342e-01)	L_Trg_Inj 1.2499e-01 (3.2621e-01)	Loss Disc 6.8738e-01 (6.9219e-01)	Loss Pred 5.8628e-01 (5.6258e-01)	Loss TOTAL 1.0259e+00 (9.7587e-01)
Epoch: [42][230/496]	L_Src_Sup 1.4287e-01 (2.4147e-01)	L_Trg_Inj 3.2808e-01 (3.2381e-01)	Loss Disc 6.9195e-01 (6.9220e-01)	Loss Pred 5.6988e-01 (5.6299e-01)	Loss TOTAL 9.6294e-01 (9.7551e-01)
Epoch: [42][240/496]	L_Src_Sup 2.0202e-01 (2.4105e-01)	L_Trg_Inj 2.3429e-01 (3.2135e-01)	Loss Disc 6.9150e-01 (6.9220e-01)	Loss Pred 5.6445e-01 (5.6317e-01)	Loss TOTAL 9.5383e-01 (9.7537e-01)
Epoch: [42][250/496]	L_Src_Sup 2.2917e-01 (2.4100e-01)	L_Trg_Inj 4.7017e-01 (3.2019e-01)	Loss Disc 6.9244e-01 (6.9221e-01)	Loss Pred 5.8078e-01 (5.6287e-01)	Loss TOTAL 9.9694e-01 (9.7568e-01)
Epoch: [42][260/496]	L_Src_Sup 3.0608e-01 (2.4173e-01)	L_Trg_Inj 3.4298e-01 (3.2265e-01)	Loss Disc 6.9196e-01 (6.9219e-01)	Loss Pred 5.6980e-01 (5.6333e-01)	Loss TOTAL 9.8069e-01 (9.7604e-01)
Epoch: [42][270/496]	L_Src_Sup 1.8750e-01 (2.4312e-01)	L_Trg_Inj 3.3272e-01 (3.2337e-01)	Loss Disc 6.8998e-01 (6.9222e-01)	Loss Pred 5.8052e-01 (5.6334e-01)	Loss TOTAL 9.7754e-01 (9.7634e-01)
Epoch: [42][280/496]	L_Src_Sup 2.7187e-01 (2.4293e-01)	L_Trg_Inj 3.5936e-01 (3.2244e-01)	Loss Disc 6.9455e-01 (6.9225e-01)	Loss Pred 5.4298e-01 (5.6317e-01)	Loss TOTAL 9.5337e-01 (9.7654e-01)
Epoch: [42][290/496]	L_Src_Sup 2.3158e-01 (2.4290e-01)	L_Trg_Inj 3.7625e-01 (3.2310e-01)	Loss Disc 6.9071e-01 (6.9224e-01)	Loss Pred 5.8592e-01 (5.6327e-01)	Loss TOTAL 9.9205e-01 (9.7634e-01)
Epoch: [42][300/496]	L_Src_Sup 3.3645e-01 (2.4185e-01)	L_Trg_Inj 3.5931e-01 (3.2149e-01)	Loss Disc 6.9363e-01 (6.9223e-01)	Loss Pred 5.2148e-01 (5.6306e-01)	Loss TOTAL 9.3787e-01 (9.7562e-01)
Epoch: [42][310/496]	L_Src_Sup 2.8571e-01 (2.4161e-01)	L_Trg_Inj 3.5680e-01 (3.1979e-01)	Loss Disc 6.9068e-01 (6.9219e-01)	Loss Pred 5.6981e-01 (5.6334e-01)	Loss TOTAL 9.7940e-01 (9.7548e-01)
Epoch: [42][320/496]	L_Src_Sup 3.4861e-01 (2.4224e-01)	L_Trg_Inj 1.9845e-01 (3.1839e-01)	Loss Disc 6.9729e-01 (6.9220e-01)	Loss Pred 5.1094e-01 (5.6318e-01)	Loss TOTAL 1.0644e+00 (9.7618e-01)
Epoch: [42][330/496]	L_Src_Sup 2.1053e-01 (2.4213e-01)	L_Trg_Inj 3.1248e-01 (3.1898e-01)	Loss Disc 6.9071e-01 (6.9220e-01)	Loss Pred 5.8614e-01 (5.6319e-01)	Loss TOTAL 9.8380e-01 (9.7593e-01)
Epoch: [42][340/496]	L_Src_Sup 2.8244e-01 (2.4239e-01)	L_Trg_Inj 2.3436e-01 (3.1907e-01)	Loss Disc 6.9504e-01 (6.9220e-01)	Loss Pred 5.2638e-01 (5.6286e-01)	Loss TOTAL 9.7367e-01 (9.7581e-01)
Epoch: [42][350/496]	L_Src_Sup 2.6804e-01 (2.4167e-01)	L_Trg_Inj 2.4989e-01 (3.1832e-01)	Loss Disc 6.8955e-01 (6.9223e-01)	Loss Pred 5.7559e-01 (5.6249e-01)	Loss TOTAL 9.9031e-01 (9.7569e-01)
Epoch: [42][360/496]	L_Src_Sup 2.7452e-01 (2.4167e-01)	L_Trg_Inj 3.1236e-01 (3.1707e-01)	Loss Disc 6.9290e-01 (6.9224e-01)	Loss Pred 5.4785e-01 (5.6222e-01)	Loss TOTAL 9.5299e-01 (9.7523e-01)
Epoch: [42][370/496]	L_Src_Sup 3.0620e-01 (2.4228e-01)	L_Trg_Inj 1.7148e-01 (3.1570e-01)	Loss Disc 6.9028e-01 (6.9223e-01)	Loss Pred 5.7059e-01 (5.6230e-01)	Loss TOTAL 1.0982e+00 (9.7613e-01)
Epoch: [42][380/496]	L_Src_Sup 2.4747e-01 (2.4112e-01)	L_Trg_Inj 1.8398e-01 (3.1257e-01)	Loss Disc 6.9123e-01 (6.9222e-01)	Loss Pred 5.7553e-01 (5.6251e-01)	Loss TOTAL 1.0278e+00 (9.7637e-01)
Epoch: [42][390/496]	L_Src_Sup 1.5842e-01 (2.4083e-01)	L_Trg_Inj 2.8777e-01 (3.1139e-01)	Loss Disc 6.9002e-01 (6.9223e-01)	Loss Pred 5.5363e-01 (5.6259e-01)	Loss TOTAL 9.4326e-01 (9.7658e-01)
Epoch: [42][400/496]	L_Src_Sup 2.2681e-01 (2.4046e-01)	L_Trg_Inj 1.5398e-01 (3.0960e-01)	Loss Disc 6.9138e-01 (6.9225e-01)	Loss Pred 5.7572e-01 (5.6225e-01)	Loss TOTAL 1.0323e+00 (9.7637e-01)
Epoch: [42][410/496]	L_Src_Sup 3.0614e-01 (2.3939e-01)	L_Trg_Inj 2.4954e-01 (3.0741e-01)	Loss Disc 6.9272e-01 (6.9225e-01)	Loss Pred 5.7013e-01 (5.6209e-01)	Loss TOTAL 1.0287e+00 (9.7611e-01)
Epoch: [42][420/496]	L_Src_Sup 2.7083e-01 (2.3921e-01)	L_Trg_Inj 1.7010e-01 (3.0559e-01)	Loss Disc 6.8817e-01 (6.9223e-01)	Loss Pred 5.8115e-01 (5.6224e-01)	Loss TOTAL 1.0701e+00 (9.7653e-01)
Epoch: [42][430/496]	L_Src_Sup 2.2917e-01 (2.3903e-01)	L_Trg_Inj 2.3747e-01 (3.0427e-01)	Loss Disc 6.9205e-01 (6.9225e-01)	Loss Pred 5.8117e-01 (5.6218e-01)	Loss TOTAL 9.7386e-01 (9.7666e-01)
Epoch: [42][440/496]	L_Src_Sup 2.3150e-01 (2.3868e-01)	L_Trg_Inj 2.9682e-01 (3.0196e-01)	Loss Disc 6.8893e-01 (6.9223e-01)	Loss Pred 5.8684e-01 (5.6231e-01)	Loss TOTAL 9.8414e-01 (9.7748e-01)
Epoch: [42][450/496]	L_Src_Sup 1.8000e-01 (2.3791e-01)	L_Trg_Inj 1.2464e-01 (2.9756e-01)	Loss Disc 6.9083e-01 (6.9225e-01)	Loss Pred 5.5907e-01 (5.6220e-01)	Loss TOTAL 9.9030e-01 (9.7891e-01)
Epoch: [42][460/496]	L_Src_Sup 1.4140e-01 (2.3728e-01)	L_Trg_Inj 1.8748e-01 (2.9526e-01)	Loss Disc 6.9230e-01 (6.9225e-01)	Loss Pred 5.6454e-01 (5.6226e-01)	Loss TOTAL 9.4358e-01 (9.7925e-01)
Epoch: [42][470/496]	L_Src_Sup 2.3637e-01 (2.3684e-01)	L_Trg_Inj 3.5937e-01 (2.9378e-01)	Loss Disc 6.9487e-01 (6.9226e-01)	Loss Pred 5.0397e-01 (5.6204e-01)	Loss TOTAL 9.1097e-01 (9.7915e-01)
Epoch: [42][480/496]	L_Src_Sup 2.6088e-01 (2.3726e-01)	L_Trg_Inj 3.8236e-01 (2.9401e-01)	Loss Disc 6.8987e-01 (6.9224e-01)	Loss Pred 6.0353e-01 (5.6214e-01)	Loss TOTAL 1.0128e+00 (9.7912e-01)
Epoch: [42][490/496]	L_Src_Sup 2.6900e-01 (2.3756e-01)	L_Trg_Inj 2.6562e-01 (2.9564e-01)	Loss Disc 6.9559e-01 (6.9222e-01)	Loss Pred 5.3695e-01 (5.6204e-01)	Loss TOTAL 9.4159e-01 (9.7890e-01)
Epoch: [42][496/496]	L_Src_Sup 2.0834e-01 (2.3802e-01)	L_Trg_Inj 3.8127e-01 (2.9645e-01)	Loss Disc 6.9006e-01 (6.9220e-01)	Loss Pred 5.8107e-01 (5.6208e-01)	Loss TOTAL 9.8505e-01 (9.7885e-01)
Epoch 42 complete. Saving model state...
Epoch: [43][ 10/496]	L_Src_Sup 3.5153e-01 (2.6104e-01)	L_Trg_Inj 2.9685e-01 (3.4515e-01)	Loss Disc 6.9362e-01 (6.9273e-01)	Loss Pred 6.0908e-01 (5.5685e-01)	Loss TOTAL 1.0754e+00 (9.8419e-01)
Epoch: [43][ 20/496]	L_Src_Sup 2.8000e-01 (2.7262e-01)	L_Trg_Inj 2.6508e-01 (3.1364e-01)	Loss Disc 6.9149e-01 (6.9269e-01)	Loss Pred 5.5899e-01 (5.5981e-01)	Loss TOTAL 9.7417e-01 (9.9001e-01)
Epoch: [43][ 30/496]	L_Src_Sup 2.2222e-01 (2.6634e-01)	L_Trg_Inj 2.5938e-01 (3.0864e-01)	Loss Disc 6.8975e-01 (6.9263e-01)	Loss Pred 6.1446e-01 (5.6010e-01)	Loss TOTAL 1.0075e+00 (9.8614e-01)
Epoch: [43][ 40/496]	L_Src_Sup 3.2609e-01 (2.5329e-01)	L_Trg_Inj 2.6562e-01 (3.0392e-01)	Loss Disc 6.9091e-01 (6.9284e-01)	Loss Pred 6.0371e-01 (5.5761e-01)	Loss TOTAL 1.0688e+00 (9.7933e-01)
Epoch: [43][ 50/496]	L_Src_Sup 2.4000e-01 (2.4666e-01)	L_Trg_Inj 3.5925e-01 (3.0355e-01)	Loss Disc 6.9198e-01 (6.9266e-01)	Loss Pred 5.5899e-01 (5.5856e-01)	Loss TOTAL 9.6491e-01 (9.7859e-01)
Epoch: [43][ 60/496]	L_Src_Sup 2.4745e-01 (2.4939e-01)	L_Trg_Inj 2.9686e-01 (3.0031e-01)	Loss Disc 6.9050e-01 (6.9251e-01)	Loss Pred 5.7563e-01 (5.5975e-01)	Loss TOTAL 9.7531e-01 (9.8004e-01)
Epoch: [43][ 70/496]	L_Src_Sup 1.7570e-01 (2.4760e-01)	L_Trg_Inj 3.1248e-01 (3.0359e-01)	Loss Disc 6.8977e-01 (6.9253e-01)	Loss Pred 6.0914e-01 (5.5972e-01)	Loss TOTAL 1.0028e+00 (9.7858e-01)
Epoch: [43][ 80/496]	L_Src_Sup 2.1359e-01 (2.4426e-01)	L_Trg_Inj 3.9002e-01 (3.0723e-01)	Loss Disc 6.9332e-01 (6.9250e-01)	Loss Pred 5.4221e-01 (5.5817e-01)	Loss TOTAL 9.4923e-01 (9.7634e-01)
Epoch: [43][ 90/496]	L_Src_Sup 3.6229e-01 (2.4377e-01)	L_Trg_Inj 2.6394e-01 (3.0499e-01)	Loss Disc 6.9276e-01 (6.9242e-01)	Loss Pred 5.6458e-01 (5.5873e-01)	Loss TOTAL 1.0719e+00 (9.7648e-01)
Epoch: [43][100/496]	L_Src_Sup 1.7204e-01 (2.4314e-01)	L_Trg_Inj 3.2567e-01 (3.0694e-01)	Loss Disc 6.8959e-01 (6.9231e-01)	Loss Pred 6.0025e-01 (5.6038e-01)	Loss TOTAL 9.9481e-01 (9.7657e-01)
Epoch: [43][110/496]	L_Src_Sup 1.7822e-01 (2.4220e-01)	L_Trg_Inj 2.8125e-01 (3.0943e-01)	Loss Disc 6.9257e-01 (6.9234e-01)	Loss Pred 5.5348e-01 (5.6016e-01)	Loss TOTAL 9.4572e-01 (9.7522e-01)
Epoch: [43][120/496]	L_Src_Sup 1.1771e-01 (2.3813e-01)	L_Trg_Inj 4.3706e-01 (3.0766e-01)	Loss Disc 6.9223e-01 (6.9218e-01)	Loss Pred 5.4811e-01 (5.6130e-01)	Loss TOTAL 9.4971e-01 (9.7601e-01)
Epoch: [43][130/496]	L_Src_Sup 2.5243e-01 (2.3568e-01)	L_Trg_Inj 3.7497e-01 (3.0571e-01)	Loss Disc 6.9311e-01 (6.9217e-01)	Loss Pred 5.4269e-01 (5.6149e-01)	Loss TOTAL 9.5198e-01 (9.7557e-01)
Epoch: [43][140/496]	L_Src_Sup 2.8876e-01 (2.3643e-01)	L_Trg_Inj 3.1175e-01 (3.0567e-01)	Loss Disc 6.9196e-01 (6.9219e-01)	Loss Pred 5.7543e-01 (5.6171e-01)	Loss TOTAL 9.8146e-01 (9.7517e-01)
Epoch: [43][150/496]	L_Src_Sup 1.5385e-01 (2.3618e-01)	L_Trg_Inj 2.9669e-01 (3.0487e-01)	Loss Disc 6.8932e-01 (6.9218e-01)	Loss Pred 6.0810e-01 (5.6201e-01)	Loss TOTAL 9.9782e-01 (9.7479e-01)
Epoch: [43][160/496]	L_Src_Sup 2.1054e-01 (2.3494e-01)	L_Trg_Inj 3.5937e-01 (3.0562e-01)	Loss Disc 6.8645e-01 (6.9209e-01)	Loss Pred 5.8588e-01 (5.6308e-01)	Loss TOTAL 9.8610e-01 (9.7526e-01)
Epoch: [43][170/496]	L_Src_Sup 2.5491e-01 (2.3512e-01)	L_Trg_Inj 2.4992e-01 (3.0434e-01)	Loss Disc 6.9279e-01 (6.9203e-01)	Loss Pred 5.4866e-01 (5.6394e-01)	Loss TOTAL 9.5052e-01 (9.7596e-01)
Epoch: [43][180/496]	L_Src_Sup 2.3077e-01 (2.3451e-01)	L_Trg_Inj 3.4375e-01 (3.0332e-01)	Loss Disc 6.9790e-01 (6.9205e-01)	Loss Pred 5.3801e-01 (5.6374e-01)	Loss TOTAL 9.4441e-01 (9.7572e-01)
Epoch: [43][190/496]	L_Src_Sup 1.1650e-01 (2.3287e-01)	L_Trg_Inj 3.5742e-01 (3.0233e-01)	Loss Disc 6.9470e-01 (6.9202e-01)	Loss Pred 5.4338e-01 (5.6414e-01)	Loss TOTAL 9.3813e-01 (9.7538e-01)
Epoch: [43][200/496]	L_Src_Sup 2.2857e-01 (2.3362e-01)	L_Trg_Inj 3.5933e-01 (3.0166e-01)	Loss Disc 6.9247e-01 (6.9209e-01)	Loss Pred 5.3238e-01 (5.6334e-01)	Loss TOTAL 9.3740e-01 (9.7446e-01)
Epoch: [43][210/496]	L_Src_Sup 1.8000e-01 (2.3115e-01)	L_Trg_Inj 2.5000e-01 (3.0016e-01)	Loss Disc 6.9052e-01 (6.9205e-01)	Loss Pred 5.5912e-01 (5.6362e-01)	Loss TOTAL 9.4738e-01 (9.7409e-01)
Epoch: [43][220/496]	L_Src_Sup 1.9565e-01 (2.3174e-01)	L_Trg_Inj 2.1128e-01 (2.9892e-01)	Loss Disc 6.8786e-01 (6.9208e-01)	Loss Pred 6.0210e-01 (5.6333e-01)	Loss TOTAL 9.8672e-01 (9.7456e-01)
Epoch: [43][230/496]	L_Src_Sup 1.8557e-01 (2.3259e-01)	L_Trg_Inj 2.4966e-01 (2.9847e-01)	Loss Disc 6.9201e-01 (6.9205e-01)	Loss Pred 5.7512e-01 (5.6345e-01)	Loss TOTAL 9.6465e-01 (9.7463e-01)
Epoch: [43][240/496]	L_Src_Sup 1.5544e-01 (2.3421e-01)	L_Trg_Inj 2.4998e-01 (2.9760e-01)	Loss Disc 6.9179e-01 (6.9211e-01)	Loss Pred 5.4281e-01 (5.6298e-01)	Loss TOTAL 9.2925e-01 (9.7508e-01)
Epoch: [43][250/496]	L_Src_Sup 2.9412e-01 (2.3567e-01)	L_Trg_Inj 2.8180e-01 (2.9800e-01)	Loss Disc 6.9411e-01 (6.9213e-01)	Loss Pred 5.4817e-01 (5.6277e-01)	Loss TOTAL 9.6513e-01 (9.7540e-01)
Epoch: [43][260/496]	L_Src_Sup 2.8866e-01 (2.3657e-01)	L_Trg_Inj 2.6562e-01 (2.9806e-01)	Loss Disc 6.9026e-01 (6.9214e-01)	Loss Pred 5.7525e-01 (5.6321e-01)	Loss TOTAL 9.9885e-01 (9.7603e-01)
Epoch: [43][270/496]	L_Src_Sup 3.0877e-01 (2.3669e-01)	L_Trg_Inj 3.7500e-01 (2.9897e-01)	Loss Disc 6.9238e-01 (6.9218e-01)	Loss Pred 5.7527e-01 (5.6327e-01)	Loss TOTAL 9.8983e-01 (9.7589e-01)
Epoch: [43][280/496]	L_Src_Sup 2.8284e-01 (2.3790e-01)	L_Trg_Inj 5.4687e-01 (3.0189e-01)	Loss Disc 6.9234e-01 (6.9216e-01)	Loss Pred 5.6445e-01 (5.6328e-01)	Loss TOTAL 9.9359e-01 (9.7588e-01)
Epoch: [43][290/496]	L_Src_Sup 3.1372e-01 (2.3914e-01)	L_Trg_Inj 3.4375e-01 (3.0298e-01)	Loss Disc 6.9423e-01 (6.9219e-01)	Loss Pred 5.4838e-01 (5.6342e-01)	Loss TOTAL 9.6125e-01 (9.7616e-01)
Epoch: [43][300/496]	L_Src_Sup 2.8000e-01 (2.3961e-01)	L_Trg_Inj 2.6562e-01 (3.0435e-01)	Loss Disc 6.9343e-01 (6.9220e-01)	Loss Pred 5.6320e-01 (5.6343e-01)	Loss TOTAL 9.7885e-01 (9.7603e-01)
Epoch: [43][310/496]	L_Src_Sup 2.7184e-01 (2.4067e-01)	L_Trg_Inj 3.1250e-01 (3.0535e-01)	Loss Disc 6.9197e-01 (6.9222e-01)	Loss Pred 5.4287e-01 (5.6322e-01)	Loss TOTAL 9.4728e-01 (9.7602e-01)
Epoch: [43][320/496]	L_Src_Sup 2.5490e-01 (2.4016e-01)	L_Trg_Inj 2.6562e-01 (3.0599e-01)	Loss Disc 6.9167e-01 (6.9224e-01)	Loss Pred 5.4811e-01 (5.6263e-01)	Loss TOTAL 9.4599e-01 (9.7521e-01)
Epoch: [43][330/496]	L_Src_Sup 3.3333e-01 (2.4069e-01)	L_Trg_Inj 2.9685e-01 (3.0609e-01)	Loss Disc 6.9229e-01 (6.9225e-01)	Loss Pred 5.4794e-01 (5.6241e-01)	Loss TOTAL 9.9359e-01 (9.7506e-01)
Epoch: [43][340/496]	L_Src_Sup 2.0619e-01 (2.4016e-01)	L_Trg_Inj 3.1250e-01 (3.0582e-01)	Loss Disc 6.8680e-01 (6.9221e-01)	Loss Pred 5.7572e-01 (5.6275e-01)	Loss TOTAL 9.7099e-01 (9.7529e-01)
Epoch: [43][350/496]	L_Src_Sup 3.3914e-01 (2.4090e-01)	L_Trg_Inj 3.2811e-01 (3.0671e-01)	Loss Disc 6.9203e-01 (6.9223e-01)	Loss Pred 5.7550e-01 (5.6258e-01)	Loss TOTAL 9.9927e-01 (9.7528e-01)
Epoch: [43][360/496]	L_Src_Sup 2.8812e-01 (2.4220e-01)	L_Trg_Inj 3.7499e-01 (3.0680e-01)	Loss Disc 6.8981e-01 (6.9222e-01)	Loss Pred 5.7584e-01 (5.6240e-01)	Loss TOTAL 9.8705e-01 (9.7572e-01)
Epoch: [43][370/496]	L_Src_Sup 3.3684e-01 (2.4294e-01)	L_Trg_Inj 3.4375e-01 (3.0885e-01)	Loss Disc 6.9453e-01 (6.9222e-01)	Loss Pred 5.8659e-01 (5.6249e-01)	Loss TOTAL 1.0019e+00 (9.7596e-01)
Epoch: [43][380/496]	L_Src_Sup 3.0189e-01 (2.4216e-01)	L_Trg_Inj 2.3437e-01 (3.0956e-01)	Loss Disc 6.9324e-01 (6.9222e-01)	Loss Pred 5.2620e-01 (5.6253e-01)	Loss TOTAL 9.9396e-01 (9.7585e-01)
Epoch: [43][390/496]	L_Src_Sup 1.6667e-01 (2.4179e-01)	L_Trg_Inj 4.2163e-01 (3.0999e-01)	Loss Disc 6.9592e-01 (6.9223e-01)	Loss Pred 5.1498e-01 (5.6229e-01)	Loss TOTAL 9.2178e-01 (9.7531e-01)
Epoch: [43][400/496]	L_Src_Sup 2.9955e-01 (2.4269e-01)	L_Trg_Inj 4.6875e-01 (3.1226e-01)	Loss Disc 6.9160e-01 (6.9222e-01)	Loss Pred 5.2239e-01 (5.6244e-01)	Loss TOTAL 9.4502e-01 (9.7598e-01)
Epoch: [43][410/496]	L_Src_Sup 2.6096e-01 (2.4325e-01)	L_Trg_Inj 3.2797e-01 (3.1279e-01)	Loss Disc 6.9035e-01 (6.9222e-01)	Loss Pred 6.0851e-01 (5.6254e-01)	Loss TOTAL 1.0126e+00 (9.7596e-01)
Epoch: [43][420/496]	L_Src_Sup 3.8045e-01 (2.4364e-01)	L_Trg_Inj 2.1865e-01 (3.1260e-01)	Loss Disc 6.9380e-01 (6.9223e-01)	Loss Pred 5.3423e-01 (5.6219e-01)	Loss TOTAL 1.1028e+00 (9.7602e-01)
Epoch: [43][430/496]	L_Src_Sup 2.2680e-01 (2.4282e-01)	L_Trg_Inj 2.9687e-01 (3.1229e-01)	Loss Disc 6.9273e-01 (6.9224e-01)	Loss Pred 5.7572e-01 (5.6202e-01)	Loss TOTAL 9.7445e-01 (9.7547e-01)
Epoch: [43][440/496]	L_Src_Sup 2.9138e-01 (2.4307e-01)	L_Trg_Inj 2.7888e-01 (3.1138e-01)	Loss Disc 6.9331e-01 (6.9224e-01)	Loss Pred 5.4218e-01 (5.6180e-01)	Loss TOTAL 9.5837e-01 (9.7563e-01)
Epoch: [43][450/496]	L_Src_Sup 2.2916e-01 (2.4319e-01)	L_Trg_Inj 2.4999e-01 (3.1080e-01)	Loss Disc 6.9306e-01 (6.9225e-01)	Loss Pred 5.8150e-01 (5.6193e-01)	Loss TOTAL 9.7595e-01 (9.7597e-01)
Epoch: [43][460/496]	L_Src_Sup 3.0613e-01 (2.4296e-01)	L_Trg_Inj 3.2770e-01 (3.1056e-01)	Loss Disc 6.9516e-01 (6.9226e-01)	Loss Pred 5.7011e-01 (5.6201e-01)	Loss TOTAL 9.8107e-01 (9.7585e-01)
Epoch: [43][470/496]	L_Src_Sup 2.3048e-01 (2.4221e-01)	L_Trg_Inj 2.8073e-01 (3.1055e-01)	Loss Disc 6.9621e-01 (6.9224e-01)	Loss Pred 5.2062e-01 (5.6213e-01)	Loss TOTAL 9.1985e-01 (9.7562e-01)
Epoch: [43][480/496]	L_Src_Sup 2.0206e-01 (2.4236e-01)	L_Trg_Inj 2.4992e-01 (3.1024e-01)	Loss Disc 6.9350e-01 (6.9224e-01)	Loss Pred 5.6451e-01 (5.6217e-01)	Loss TOTAL 9.5646e-01 (9.7568e-01)
Epoch: [43][490/496]	L_Src_Sup 3.2383e-01 (2.4285e-01)	L_Trg_Inj 3.4314e-01 (3.0990e-01)	Loss Disc 6.9238e-01 (6.9224e-01)	Loss Pred 5.3168e-01 (5.6199e-01)	Loss TOTAL 9.4457e-01 (9.7556e-01)
Epoch: [43][496/496]	L_Src_Sup 2.4997e-01 (2.4262e-01)	L_Trg_Inj 2.0245e-01 (3.0957e-01)	Loss Disc 6.8960e-01 (6.9223e-01)	Loss Pred 5.8115e-01 (5.6197e-01)	Loss TOTAL 1.0187e+00 (9.7543e-01)
Epoch 43 complete. Saving model state...
Epoch: [44][ 10/496]	L_Src_Sup 2.0619e-01 (2.0756e-01)	L_Trg_Inj 1.4061e-01 (2.5914e-01)	Loss Disc 6.9554e-01 (6.9193e-01)	Loss Pred 5.7553e-01 (5.7047e-01)	Loss TOTAL 1.0236e+00 (9.8828e-01)
Epoch: [44][ 20/496]	L_Src_Sup 2.4864e-01 (2.1684e-01)	L_Trg_Inj 2.6561e-01 (2.6356e-01)	Loss Disc 6.9103e-01 (6.9153e-01)	Loss Pred 5.8645e-01 (5.6695e-01)	Loss TOTAL 9.8339e-01 (9.8029e-01)
Epoch: [44][ 30/496]	L_Src_Sup 3.3684e-01 (2.2718e-01)	L_Trg_Inj 3.5924e-01 (2.6074e-01)	Loss Disc 6.8900e-01 (6.9201e-01)	Loss Pred 5.8668e-01 (5.6121e-01)	Loss TOTAL 1.0008e+00 (9.7822e-01)
Epoch: [44][ 40/496]	L_Src_Sup 3.0333e-01 (2.2834e-01)	L_Trg_Inj 2.1873e-01 (2.6442e-01)	Loss Disc 6.9267e-01 (6.9214e-01)	Loss Pred 5.8112e-01 (5.6135e-01)	Loss TOTAL 1.0643e+00 (9.7646e-01)
Epoch: [44][ 50/496]	L_Src_Sup 3.8387e-01 (2.3723e-01)	L_Trg_Inj 4.0525e-01 (2.7315e-01)	Loss Disc 6.9113e-01 (6.9203e-01)	Loss Pred 5.6455e-01 (5.6265e-01)	Loss TOTAL 9.8902e-01 (9.7941e-01)
Epoch: [44][ 60/496]	L_Src_Sup 3.9593e-01 (2.4090e-01)	L_Trg_Inj 3.7493e-01 (2.7592e-01)	Loss Disc 6.9027e-01 (6.9188e-01)	Loss Pred 5.8102e-01 (5.6239e-01)	Loss TOTAL 1.0243e+00 (9.7925e-01)
Epoch: [44][ 70/496]	L_Src_Sup 2.9359e-01 (2.3873e-01)	L_Trg_Inj 2.9686e-01 (2.8570e-01)	Loss Disc 6.9560e-01 (6.9202e-01)	Loss Pred 5.0938e-01 (5.6025e-01)	Loss TOTAL 9.1623e-01 (9.7531e-01)
Epoch: [44][ 80/496]	L_Src_Sup 2.1497e-01 (2.3883e-01)	L_Trg_Inj 3.2784e-01 (2.9011e-01)	Loss Disc 6.9046e-01 (6.9213e-01)	Loss Pred 5.9818e-01 (5.6009e-01)	Loss TOTAL 9.9769e-01 (9.7538e-01)
Epoch: [44][ 90/496]	L_Src_Sup 2.1738e-01 (2.3638e-01)	L_Trg_Inj 3.2748e-01 (2.9117e-01)	Loss Disc 6.9288e-01 (6.9222e-01)	Loss Pred 5.5739e-01 (5.5970e-01)	Loss TOTAL 9.5832e-01 (9.7362e-01)
Epoch: [44][100/496]	L_Src_Sup 2.7998e-01 (2.3780e-01)	L_Trg_Inj 3.2812e-01 (2.9344e-01)	Loss Disc 6.9530e-01 (6.9214e-01)	Loss Pred 5.5899e-01 (5.6077e-01)	Loss TOTAL 9.6744e-01 (9.7525e-01)
Epoch: [44][110/496]	L_Src_Sup 2.4990e-01 (2.3533e-01)	L_Trg_Inj 2.3482e-01 (2.9628e-01)	Loss Disc 6.9294e-01 (6.9213e-01)	Loss Pred 5.3671e-01 (5.6036e-01)	Loss TOTAL 9.4674e-01 (9.7441e-01)
Epoch: [44][120/496]	L_Src_Sup 2.3552e-01 (2.3515e-01)	L_Trg_Inj 4.9993e-01 (2.9801e-01)	Loss Disc 6.8825e-01 (6.9208e-01)	Loss Pred 5.4789e-01 (5.6062e-01)	Loss TOTAL 9.6556e-01 (9.7443e-01)
Epoch: [44][130/496]	L_Src_Sup 1.7822e-01 (2.3440e-01)	L_Trg_Inj 2.1874e-01 (2.9896e-01)	Loss Disc 6.9468e-01 (6.9212e-01)	Loss Pred 5.5341e-01 (5.6011e-01)	Loss TOTAL 9.4044e-01 (9.7371e-01)
Epoch: [44][140/496]	L_Src_Sup 2.0561e-01 (2.3650e-01)	L_Trg_Inj 3.7486e-01 (2.9944e-01)	Loss Disc 6.9309e-01 (6.9218e-01)	Loss Pred 5.1988e-01 (5.5972e-01)	Loss TOTAL 9.2447e-01 (9.7459e-01)
Epoch: [44][150/496]	L_Src_Sup 2.2000e-01 (2.3564e-01)	L_Trg_Inj 2.8125e-01 (3.0123e-01)	Loss Disc 6.9527e-01 (6.9229e-01)	Loss Pred 5.5898e-01 (5.5912e-01)	Loss TOTAL 9.5674e-01 (9.7312e-01)
Epoch: [44][160/496]	L_Src_Sup 3.1405e-01 (2.3711e-01)	L_Trg_Inj 3.9021e-01 (3.0153e-01)	Loss Disc 6.9319e-01 (6.9229e-01)	Loss Pred 5.4763e-01 (5.5888e-01)	Loss TOTAL 9.6465e-01 (9.7285e-01)
Epoch: [44][170/496]	L_Src_Sup 3.2381e-01 (2.3814e-01)	L_Trg_Inj 4.2119e-01 (3.0234e-01)	Loss Disc 6.9421e-01 (6.9234e-01)	Loss Pred 5.3057e-01 (5.5876e-01)	Loss TOTAL 9.5217e-01 (9.7275e-01)
Epoch: [44][180/496]	L_Src_Sup 2.9885e-01 (2.3688e-01)	L_Trg_Inj 3.8960e-01 (3.0394e-01)	Loss Disc 6.8994e-01 (6.9236e-01)	Loss Pred 6.3275e-01 (5.5934e-01)	Loss TOTAL 1.0466e+00 (9.7261e-01)
Epoch: [44][190/496]	L_Src_Sup 2.7084e-01 (2.3699e-01)	L_Trg_Inj 3.1250e-01 (3.0453e-01)	Loss Disc 6.8917e-01 (6.9230e-01)	Loss Pred 5.8112e-01 (5.6026e-01)	Loss TOTAL 9.8404e-01 (9.7289e-01)
Epoch: [44][200/496]	L_Src_Sup 3.2078e-01 (2.3712e-01)	L_Trg_Inj 2.8106e-01 (3.0508e-01)	Loss Disc 6.9542e-01 (6.9236e-01)	Loss Pred 5.2596e-01 (5.6028e-01)	Loss TOTAL 9.7357e-01 (9.7286e-01)
Epoch: [44][210/496]	L_Src_Sup 1.8182e-01 (2.3607e-01)	L_Trg_Inj 3.4362e-01 (3.0753e-01)	Loss Disc 6.9331e-01 (6.9238e-01)	Loss Pred 5.6452e-01 (5.6050e-01)	Loss TOTAL 9.6371e-01 (9.7317e-01)
Epoch: [44][220/496]	L_Src_Sup 1.8182e-01 (2.3574e-01)	L_Trg_Inj 4.0513e-01 (3.1000e-01)	Loss Disc 6.9308e-01 (6.9239e-01)	Loss Pred 5.6450e-01 (5.6068e-01)	Loss TOTAL 9.6973e-01 (9.7301e-01)
Epoch: [44][230/496]	L_Src_Sup 2.0001e-01 (2.3519e-01)	L_Trg_Inj 2.7278e-01 (3.1057e-01)	Loss Disc 6.9169e-01 (6.9233e-01)	Loss Pred 5.5904e-01 (5.6120e-01)	Loss TOTAL 9.5216e-01 (9.7303e-01)
Epoch: [44][240/496]	L_Src_Sup 2.8578e-01 (2.3613e-01)	L_Trg_Inj 2.8188e-01 (3.1191e-01)	Loss Disc 6.9533e-01 (6.9234e-01)	Loss Pred 5.6991e-01 (5.6123e-01)	Loss TOTAL 9.7824e-01 (9.7320e-01)
Epoch: [44][250/496]	L_Src_Sup 2.3523e-01 (2.3797e-01)	L_Trg_Inj 4.2183e-01 (3.1589e-01)	Loss Disc 6.8510e-01 (6.9231e-01)	Loss Pred 6.4074e-01 (5.6144e-01)	Loss TOTAL 1.0490e+00 (9.7398e-01)
Epoch: [44][260/496]	L_Src_Sup 1.9418e-01 (2.3818e-01)	L_Trg_Inj 3.5936e-01 (3.1911e-01)	Loss Disc 6.9603e-01 (6.9224e-01)	Loss Pred 5.4354e-01 (5.6206e-01)	Loss TOTAL 9.4691e-01 (9.7448e-01)
Epoch: [44][270/496]	L_Src_Sup 2.0225e-01 (2.3901e-01)	L_Trg_Inj 3.8875e-01 (3.2322e-01)	Loss Disc 6.8973e-01 (6.9224e-01)	Loss Pred 6.1808e-01 (5.6212e-01)	Loss TOTAL 1.0220e+00 (9.7465e-01)
Epoch: [44][280/496]	L_Src_Sup 3.8128e-01 (2.4135e-01)	L_Trg_Inj 3.7463e-01 (3.2445e-01)	Loss Disc 6.9313e-01 (6.9220e-01)	Loss Pred 5.3261e-01 (5.6235e-01)	Loss TOTAL 9.6142e-01 (9.7518e-01)
Epoch: [44][290/496]	L_Src_Sup 2.7468e-01 (2.4050e-01)	L_Trg_Inj 3.5910e-01 (3.2568e-01)	Loss Disc 6.9226e-01 (6.9217e-01)	Loss Pred 5.4863e-01 (5.6263e-01)	Loss TOTAL 9.5814e-01 (9.7514e-01)
Epoch: [44][300/496]	L_Src_Sup 2.8290e-01 (2.3995e-01)	L_Trg_Inj 2.9992e-01 (3.2608e-01)	Loss Disc 6.9190e-01 (6.9212e-01)	Loss Pred 5.6445e-01 (5.6280e-01)	Loss TOTAL 9.6868e-01 (9.7494e-01)
Epoch: [44][310/496]	L_Src_Sup 1.7115e-01 (2.3885e-01)	L_Trg_Inj 4.2070e-01 (3.2706e-01)	Loss Disc 6.9497e-01 (6.9218e-01)	Loss Pred 5.3261e-01 (5.6255e-01)	Loss TOTAL 9.3928e-01 (9.7450e-01)
Epoch: [44][320/496]	L_Src_Sup 3.6171e-01 (2.3988e-01)	L_Trg_Inj 3.2805e-01 (3.2805e-01)	Loss Disc 6.9210e-01 (6.9214e-01)	Loss Pred 6.0949e-01 (5.6280e-01)	Loss TOTAL 1.0582e+00 (9.7532e-01)
Epoch: [44][330/496]	L_Src_Sup 2.6264e-01 (2.3913e-01)	L_Trg_Inj 3.5921e-01 (3.2965e-01)	Loss Disc 6.9155e-01 (6.9218e-01)	Loss Pred 5.6444e-01 (5.6243e-01)	Loss TOTAL 9.7240e-01 (9.7476e-01)
Epoch: [44][340/496]	L_Src_Sup 2.2225e-01 (2.3818e-01)	L_Trg_Inj 3.4355e-01 (3.2936e-01)	Loss Disc 6.8748e-01 (6.9218e-01)	Loss Pred 6.1302e-01 (5.6257e-01)	Loss TOTAL 1.0133e+00 (9.7450e-01)
Epoch: [44][350/496]	L_Src_Sup 2.5737e-01 (2.3815e-01)	L_Trg_Inj 2.9598e-01 (3.3036e-01)	Loss Disc 6.9647e-01 (6.9216e-01)	Loss Pred 5.5371e-01 (5.6250e-01)	Loss TOTAL 9.5728e-01 (9.7426e-01)
Epoch: [44][360/496]	L_Src_Sup 1.8186e-01 (2.3847e-01)	L_Trg_Inj 3.5301e-01 (3.2976e-01)	Loss Disc 6.8928e-01 (6.9215e-01)	Loss Pred 5.6446e-01 (5.6220e-01)	Loss TOTAL 9.6258e-01 (9.7407e-01)
Epoch: [44][370/496]	L_Src_Sup 2.1272e-01 (2.3865e-01)	L_Trg_Inj 2.6679e-01 (3.2903e-01)	Loss Disc 6.8950e-01 (6.9215e-01)	Loss Pred 5.9170e-01 (5.6229e-01)	Loss TOTAL 9.8440e-01 (9.7403e-01)
Epoch: [44][380/496]	L_Src_Sup 2.3176e-01 (2.3892e-01)	L_Trg_Inj 2.0249e-01 (3.2817e-01)	Loss Disc 6.8936e-01 (6.9213e-01)	Loss Pred 5.8606e-01 (5.6242e-01)	Loss TOTAL 1.0034e+00 (9.7427e-01)
Epoch: [44][390/496]	L_Src_Sup 6.1859e-02 (2.3793e-01)	L_Trg_Inj 2.3471e-01 (3.2713e-01)	Loss Disc 6.9383e-01 (6.9214e-01)	Loss Pred 5.7519e-01 (5.6250e-01)	Loss TOTAL 9.5176e-01 (9.7413e-01)
Epoch: [44][400/496]	L_Src_Sup 2.7218e-01 (2.3800e-01)	L_Trg_Inj 3.7451e-01 (3.2757e-01)	Loss Disc 6.9418e-01 (6.9214e-01)	Loss Pred 5.6445e-01 (5.6237e-01)	Loss TOTAL 9.7621e-01 (9.7404e-01)
Epoch: [44][410/496]	L_Src_Sup 2.9167e-01 (2.3808e-01)	L_Trg_Inj 1.5625e-01 (3.2693e-01)	Loss Disc 6.9386e-01 (6.9217e-01)	Loss Pred 5.8090e-01 (5.6214e-01)	Loss TOTAL 1.1080e+00 (9.7423e-01)
Epoch: [44][420/496]	L_Src_Sup 2.3764e-01 (2.3822e-01)	L_Trg_Inj 3.1245e-01 (3.2568e-01)	Loss Disc 6.9142e-01 (6.9215e-01)	Loss Pred 5.5364e-01 (5.6234e-01)	Loss TOTAL 9.5435e-01 (9.7440e-01)
Epoch: [44][430/496]	L_Src_Sup 3.0928e-01 (2.3834e-01)	L_Trg_Inj 3.1207e-01 (3.2695e-01)	Loss Disc 6.9202e-01 (6.9215e-01)	Loss Pred 5.7551e-01 (5.6201e-01)	Loss TOTAL 9.8365e-01 (9.7404e-01)
Epoch: [44][440/496]	L_Src_Sup 2.0953e-01 (2.3827e-01)	L_Trg_Inj 2.9688e-01 (3.2655e-01)	Loss Disc 6.9495e-01 (6.9219e-01)	Loss Pred 5.3123e-01 (5.6169e-01)	Loss TOTAL 9.2935e-01 (9.7382e-01)
Epoch: [44][450/496]	L_Src_Sup 2.5535e-01 (2.3851e-01)	L_Trg_Inj 2.8184e-01 (3.2659e-01)	Loss Disc 6.9184e-01 (6.9220e-01)	Loss Pred 5.9233e-01 (5.6178e-01)	Loss TOTAL 9.9196e-01 (9.7380e-01)
Epoch: [44][460/496]	L_Src_Sup 3.6959e-01 (2.3830e-01)	L_Trg_Inj 3.2811e-01 (3.2642e-01)	Loss Disc 6.8988e-01 (6.9217e-01)	Loss Pred 6.0300e-01 (5.6206e-01)	Loss TOTAL 1.0592e+00 (9.7403e-01)
Epoch: [44][470/496]	L_Src_Sup 1.8751e-01 (2.3770e-01)	L_Trg_Inj 2.4999e-01 (3.2654e-01)	Loss Disc 6.8823e-01 (6.9216e-01)	Loss Pred 5.8093e-01 (5.6206e-01)	Loss TOTAL 9.6879e-01 (9.7377e-01)
Epoch: [44][480/496]	L_Src_Sup 3.9985e-01 (2.3811e-01)	L_Trg_Inj 3.1250e-01 (3.2703e-01)	Loss Disc 6.9267e-01 (6.9217e-01)	Loss Pred 5.5902e-01 (5.6206e-01)	Loss TOTAL 1.0639e+00 (9.7398e-01)
Epoch: [44][490/496]	L_Src_Sup 1.5094e-01 (2.3825e-01)	L_Trg_Inj 2.9685e-01 (3.2778e-01)	Loss Disc 6.9538e-01 (6.9219e-01)	Loss Pred 5.2581e-01 (5.6176e-01)	Loss TOTAL 9.1828e-01 (9.7376e-01)
Epoch: [44][496/496]	L_Src_Sup 1.6162e-01 (2.3835e-01)	L_Trg_Inj 3.5928e-01 (3.2847e-01)	Loss Disc 6.8942e-01 (6.9217e-01)	Loss Pred 5.6450e-01 (5.6192e-01)	Loss TOTAL 9.6130e-01 (9.7388e-01)
Epoch 44 complete. Saving model state...
Epoch: [45][ 10/496]	L_Src_Sup 2.4238e-01 (2.1718e-01)	L_Trg_Inj 3.9059e-01 (4.0282e-01)	Loss Disc 6.8649e-01 (6.9064e-01)	Loss Pred 5.6456e-01 (5.5938e-01)	Loss TOTAL 9.7110e-01 (9.6671e-01)
Epoch: [45][ 20/496]	L_Src_Sup 2.4742e-01 (2.3996e-01)	L_Trg_Inj 2.3343e-01 (3.6008e-01)	Loss Disc 6.9147e-01 (6.9126e-01)	Loss Pred 5.7565e-01 (5.6093e-01)	Loss TOTAL 9.8347e-01 (9.6813e-01)
Epoch: [45][ 30/496]	L_Src_Sup 2.7093e-01 (2.3579e-01)	L_Trg_Inj 2.8284e-01 (3.3898e-01)	Loss Disc 6.8873e-01 (6.9140e-01)	Loss Pred 5.8091e-01 (5.6469e-01)	Loss TOTAL 9.8065e-01 (9.7097e-01)
Epoch: [45][ 40/496]	L_Src_Sup 2.2681e-01 (2.3810e-01)	L_Trg_Inj 3.5935e-01 (3.3570e-01)	Loss Disc 6.8952e-01 (6.9139e-01)	Loss Pred 5.7557e-01 (5.6422e-01)	Loss TOTAL 9.7894e-01 (9.7152e-01)
Epoch: [45][ 50/496]	L_Src_Sup 1.3275e-01 (2.3394e-01)	L_Trg_Inj 3.2650e-01 (3.2590e-01)	Loss Disc 6.9576e-01 (6.9146e-01)	Loss Pred 5.4291e-01 (5.6638e-01)	Loss TOTAL 9.3671e-01 (9.7262e-01)
Epoch: [45][ 60/496]	L_Src_Sup 2.7789e-01 (2.3575e-01)	L_Trg_Inj 3.1249e-01 (3.2163e-01)	Loss Disc 6.9370e-01 (6.9187e-01)	Loss Pred 5.8581e-01 (5.6455e-01)	Loss TOTAL 9.9170e-01 (9.7368e-01)
Epoch: [45][ 70/496]	L_Src_Sup 2.1505e-01 (2.3753e-01)	L_Trg_Inj 3.9014e-01 (3.1491e-01)	Loss Disc 6.8964e-01 (6.9183e-01)	Loss Pred 5.9706e-01 (5.6533e-01)	Loss TOTAL 1.0024e+00 (9.7574e-01)
Epoch: [45][ 80/496]	L_Src_Sup 1.8182e-01 (2.3913e-01)	L_Trg_Inj 3.7626e-01 (3.1092e-01)	Loss Disc 6.9248e-01 (6.9185e-01)	Loss Pred 5.0513e-01 (5.6460e-01)	Loss TOTAL 9.0717e-01 (9.7579e-01)
Epoch: [45][ 90/496]	L_Src_Sup 3.2693e-01 (2.3589e-01)	L_Trg_Inj 3.6948e-01 (3.0995e-01)	Loss Disc 6.9445e-01 (6.9167e-01)	Loss Pred 5.3755e-01 (5.6535e-01)	Loss TOTAL 9.5442e-01 (9.7635e-01)
Epoch: [45][100/496]	L_Src_Sup 2.9157e-01 (2.3627e-01)	L_Trg_Inj 2.9696e-01 (3.0955e-01)	Loss Disc 6.9147e-01 (6.9167e-01)	Loss Pred 5.8053e-01 (5.6569e-01)	Loss TOTAL 9.8512e-01 (9.7585e-01)
Epoch: [45][110/496]	L_Src_Sup 2.3270e-01 (2.3558e-01)	L_Trg_Inj 3.7496e-01 (3.1132e-01)	Loss Disc 6.9620e-01 (6.9183e-01)	Loss Pred 5.4290e-01 (5.6497e-01)	Loss TOTAL 9.5176e-01 (9.7491e-01)
Epoch: [45][120/496]	L_Src_Sup 2.1569e-01 (2.3552e-01)	L_Trg_Inj 3.4256e-01 (3.1237e-01)	Loss Disc 6.9169e-01 (6.9185e-01)	Loss Pred 5.4830e-01 (5.6480e-01)	Loss TOTAL 9.4997e-01 (9.7406e-01)
Epoch: [45][130/496]	L_Src_Sup 2.4528e-01 (2.3541e-01)	L_Trg_Inj 3.5924e-01 (3.1146e-01)	Loss Disc 6.9170e-01 (6.9190e-01)	Loss Pred 5.3069e-01 (5.6393e-01)	Loss TOTAL 9.3699e-01 (9.7307e-01)
Epoch: [45][140/496]	L_Src_Sup 2.7523e-01 (2.3372e-01)	L_Trg_Inj 3.4366e-01 (3.0717e-01)	Loss Disc 6.9475e-01 (6.9199e-01)	Loss Pred 5.0982e-01 (5.6318e-01)	Loss TOTAL 9.1908e-01 (9.7188e-01)
Epoch: [45][150/496]	L_Src_Sup 2.3529e-01 (2.3340e-01)	L_Trg_Inj 2.1118e-01 (3.0616e-01)	Loss Disc 6.9106e-01 (6.9201e-01)	Loss Pred 5.4794e-01 (5.6250e-01)	Loss TOTAL 9.6224e-01 (9.7150e-01)
Epoch: [45][160/496]	L_Src_Sup 2.5264e-01 (2.3512e-01)	L_Trg_Inj 3.2812e-01 (3.0866e-01)	Loss Disc 6.9292e-01 (6.9204e-01)	Loss Pred 5.8650e-01 (5.6300e-01)	Loss TOTAL 9.9104e-01 (9.7223e-01)
Epoch: [45][170/496]	L_Src_Sup 1.5893e-01 (2.3672e-01)	L_Trg_Inj 2.7367e-01 (3.0948e-01)	Loss Disc 6.8776e-01 (6.9199e-01)	Loss Pred 6.0291e-01 (5.6322e-01)	Loss TOTAL 9.9005e-01 (9.7281e-01)
Epoch: [45][180/496]	L_Src_Sup 1.7827e-01 (2.3616e-01)	L_Trg_Inj 2.1870e-01 (3.0702e-01)	Loss Disc 6.9264e-01 (6.9202e-01)	Loss Pred 5.5351e-01 (5.6279e-01)	Loss TOTAL 9.3952e-01 (9.7189e-01)
Epoch: [45][190/496]	L_Src_Sup 3.1373e-01 (2.3512e-01)	L_Trg_Inj 1.4059e-01 (3.0364e-01)	Loss Disc 6.9415e-01 (6.9203e-01)	Loss Pred 5.4799e-01 (5.6253e-01)	Loss TOTAL 1.1136e+00 (9.7199e-01)
Epoch: [45][200/496]	L_Src_Sup 2.8572e-01 (2.3609e-01)	L_Trg_Inj 2.8124e-01 (3.0313e-01)	Loss Disc 6.9155e-01 (6.9201e-01)	Loss Pred 5.7002e-01 (5.6258e-01)	Loss TOTAL 9.7697e-01 (9.7283e-01)
Epoch: [45][210/496]	L_Src_Sup 3.5784e-01 (2.3552e-01)	L_Trg_Inj 2.6554e-01 (3.0085e-01)	Loss Disc 6.8913e-01 (6.9193e-01)	Loss Pred 5.8632e-01 (5.6309e-01)	Loss TOTAL 1.0855e+00 (9.7360e-01)
Epoch: [45][220/496]	L_Src_Sup 2.2002e-01 (2.3587e-01)	L_Trg_Inj 2.9687e-01 (3.0452e-01)	Loss Disc 6.9183e-01 (6.9194e-01)	Loss Pred 5.5906e-01 (5.6347e-01)	Loss TOTAL 9.5666e-01 (9.7463e-01)
Epoch: [45][230/496]	L_Src_Sup 3.1683e-01 (2.3734e-01)	L_Trg_Inj 3.7557e-01 (3.0843e-01)	Loss Disc 6.9360e-01 (6.9197e-01)	Loss Pred 5.5364e-01 (5.6330e-01)	Loss TOTAL 9.6968e-01 (9.7455e-01)
Epoch: [45][240/496]	L_Src_Sup 3.1102e-01 (2.3799e-01)	L_Trg_Inj 3.9059e-01 (3.1229e-01)	Loss Disc 6.8664e-01 (6.9198e-01)	Loss Pred 6.1307e-01 (5.6354e-01)	Loss TOTAL 1.0266e+00 (9.7479e-01)
Epoch: [45][250/496]	L_Src_Sup 2.2222e-01 (2.3763e-01)	L_Trg_Inj 2.9686e-01 (3.1470e-01)	Loss Disc 6.9457e-01 (6.9198e-01)	Loss Pred 5.1596e-01 (5.6325e-01)	Loss TOTAL 9.1515e-01 (9.7431e-01)
Epoch: [45][260/496]	L_Src_Sup 1.3923e-01 (2.3765e-01)	L_Trg_Inj 4.9998e-01 (3.1617e-01)	Loss Disc 6.9300e-01 (6.9196e-01)	Loss Pred 5.3263e-01 (5.6325e-01)	Loss TOTAL 9.4305e-01 (9.7442e-01)
Epoch: [45][270/496]	L_Src_Sup 1.9149e-01 (2.3761e-01)	L_Trg_Inj 4.5312e-01 (3.1837e-01)	Loss Disc 6.8938e-01 (6.9195e-01)	Loss Pred 5.9127e-01 (5.6366e-01)	Loss TOTAL 1.0004e+00 (9.7514e-01)
Epoch: [45][280/496]	L_Src_Sup 3.4286e-01 (2.3759e-01)	L_Trg_Inj 3.7495e-01 (3.1857e-01)	Loss Disc 6.9355e-01 (6.9193e-01)	Loss Pred 5.3243e-01 (5.6365e-01)	Loss TOTAL 9.5098e-01 (9.7503e-01)
Epoch: [45][290/496]	L_Src_Sup 2.8572e-01 (2.3798e-01)	L_Trg_Inj 3.2812e-01 (3.1995e-01)	Loss Disc 6.9329e-01 (6.9196e-01)	Loss Pred 5.6981e-01 (5.6354e-01)	Loss TOTAL 9.7784e-01 (9.7478e-01)
Epoch: [45][300/496]	L_Src_Sup 2.4300e-01 (2.3878e-01)	L_Trg_Inj 3.1597e-01 (3.2112e-01)	Loss Disc 6.9504e-01 (6.9197e-01)	Loss Pred 5.2113e-01 (5.6313e-01)	Loss TOTAL 9.2455e-01 (9.7439e-01)
Epoch: [45][310/496]	L_Src_Sup 2.8039e-01 (2.3922e-01)	L_Trg_Inj 4.0607e-01 (3.2225e-01)	Loss Disc 6.9349e-01 (6.9201e-01)	Loss Pred 5.2063e-01 (5.6264e-01)	Loss TOTAL 9.3602e-01 (9.7395e-01)
Epoch: [45][320/496]	L_Src_Sup 1.9231e-01 (2.3983e-01)	L_Trg_Inj 3.7499e-01 (3.2345e-01)	Loss Disc 6.9280e-01 (6.9205e-01)	Loss Pred 5.3703e-01 (5.6267e-01)	Loss TOTAL 9.4016e-01 (9.7394e-01)
Epoch: [45][330/496]	L_Src_Sup 2.2427e-01 (2.3962e-01)	L_Trg_Inj 2.4037e-01 (3.2394e-01)	Loss Disc 6.9386e-01 (6.9209e-01)	Loss Pred 5.7008e-01 (5.6242e-01)	Loss TOTAL 9.6348e-01 (9.7358e-01)
Epoch: [45][340/496]	L_Src_Sup 2.1783e-01 (2.4045e-01)	L_Trg_Inj 3.4375e-01 (3.2572e-01)	Loss Disc 6.9425e-01 (6.9210e-01)	Loss Pred 5.5345e-01 (5.6232e-01)	Loss TOTAL 9.5674e-01 (9.7364e-01)
Epoch: [45][350/496]	L_Src_Sup 1.4737e-01 (2.4062e-01)	L_Trg_Inj 2.9687e-01 (3.2602e-01)	Loss Disc 6.8827e-01 (6.9207e-01)	Loss Pred 5.9057e-01 (5.6264e-01)	Loss TOTAL 9.7913e-01 (9.7381e-01)
Epoch: [45][360/496]	L_Src_Sup 1.7143e-01 (2.4026e-01)	L_Trg_Inj 4.0622e-01 (3.2595e-01)	Loss Disc 6.9481e-01 (6.9208e-01)	Loss Pred 5.3187e-01 (5.6268e-01)	Loss TOTAL 9.3703e-01 (9.7376e-01)
Epoch: [45][370/496]	L_Src_Sup 3.1078e-01 (2.3979e-01)	L_Trg_Inj 3.7477e-01 (3.2675e-01)	Loss Disc 6.9252e-01 (6.9210e-01)	Loss Pred 5.4249e-01 (5.6231e-01)	Loss TOTAL 9.5730e-01 (9.7321e-01)
Epoch: [45][380/496]	L_Src_Sup 3.8899e-01 (2.3996e-01)	L_Trg_Inj 2.3436e-01 (3.2777e-01)	Loss Disc 6.9845e-01 (6.9211e-01)	Loss Pred 5.1488e-01 (5.6227e-01)	Loss TOTAL 1.0811e+00 (9.7370e-01)
Epoch: [45][390/496]	L_Src_Sup 2.3748e-01 (2.3979e-01)	L_Trg_Inj 4.3547e-01 (3.2844e-01)	Loss Disc 6.9212e-01 (6.9215e-01)	Loss Pred 5.5337e-01 (5.6179e-01)	Loss TOTAL 9.6672e-01 (9.7306e-01)
Epoch: [45][400/496]	L_Src_Sup 1.4464e-01 (2.3921e-01)	L_Trg_Inj 2.6481e-01 (3.2811e-01)	Loss Disc 6.9486e-01 (6.9218e-01)	Loss Pred 4.9709e-01 (5.6156e-01)	Loss TOTAL 8.8546e-01 (9.7259e-01)
Epoch: [45][410/496]	L_Src_Sup 2.2937e-01 (2.3876e-01)	L_Trg_Inj 4.1760e-01 (3.2859e-01)	Loss Disc 6.9305e-01 (6.9219e-01)	Loss Pred 5.3058e-01 (5.6138e-01)	Loss TOTAL 9.4180e-01 (9.7229e-01)
Epoch: [45][420/496]	L_Src_Sup 1.6328e-01 (2.3819e-01)	L_Trg_Inj 4.5021e-01 (3.2834e-01)	Loss Disc 6.9059e-01 (6.9218e-01)	Loss Pred 5.7028e-01 (5.6158e-01)	Loss TOTAL 9.7692e-01 (9.7225e-01)
Epoch: [45][430/496]	L_Src_Sup 2.3386e-01 (2.3850e-01)	L_Trg_Inj 4.0741e-01 (3.2939e-01)	Loss Disc 6.9219e-01 (6.9217e-01)	Loss Pred 5.9253e-01 (5.6181e-01)	Loss TOTAL 1.0028e+00 (9.7256e-01)
Epoch: [45][440/496]	L_Src_Sup 2.3390e-01 (2.3918e-01)	L_Trg_Inj 3.2703e-01 (3.2980e-01)	Loss Disc 6.9149e-01 (6.9219e-01)	Loss Pred 5.9248e-01 (5.6178e-01)	Loss TOTAL 9.9432e-01 (9.7268e-01)
Epoch: [45][450/496]	L_Src_Sup 2.0408e-01 (2.3993e-01)	L_Trg_Inj 4.3592e-01 (3.3242e-01)	Loss Disc 6.9085e-01 (6.9216e-01)	Loss Pred 5.7002e-01 (5.6207e-01)	Loss TOTAL 9.7945e-01 (9.7314e-01)
Epoch: [45][460/496]	L_Src_Sup 1.7647e-01 (2.4019e-01)	L_Trg_Inj 3.2307e-01 (3.3300e-01)	Loss Disc 6.9588e-01 (6.9219e-01)	Loss Pred 5.4791e-01 (5.6187e-01)	Loss TOTAL 9.4580e-01 (9.7294e-01)
Epoch: [45][470/496]	L_Src_Sup 3.0163e-01 (2.4055e-01)	L_Trg_Inj 4.5188e-01 (3.3461e-01)	Loss Disc 6.9172e-01 (6.9216e-01)	Loss Pred 5.8648e-01 (5.6212e-01)	Loss TOTAL 1.0077e+00 (9.7320e-01)
Epoch: [45][480/496]	L_Src_Sup 2.1941e-01 (2.3995e-01)	L_Trg_Inj 2.9684e-01 (3.3485e-01)	Loss Disc 6.9804e-01 (6.9215e-01)	Loss Pred 5.5903e-01 (5.6222e-01)	Loss TOTAL 9.5967e-01 (9.7311e-01)
Epoch: [45][490/496]	L_Src_Sup 2.4490e-01 (2.4069e-01)	L_Trg_Inj 3.6817e-01 (3.3492e-01)	Loss Disc 6.8762e-01 (6.9214e-01)	Loss Pred 5.6996e-01 (5.6206e-01)	Loss TOTAL 9.7508e-01 (9.7369e-01)
Epoch: [45][496/496]	L_Src_Sup 2.2000e-01 (2.4059e-01)	L_Trg_Inj 2.8912e-01 (3.3448e-01)	Loss Disc 6.9147e-01 (6.9216e-01)	Loss Pred 5.5955e-01 (5.6193e-01)	Loss TOTAL 9.5620e-01 (9.7353e-01)
Epoch 45 complete. Saving model state...
Epoch: [46][ 10/496]	L_Src_Sup 3.6893e-01 (2.4188e-01)	L_Trg_Inj 2.9419e-01 (3.0982e-01)	Loss Disc 6.9378e-01 (6.9208e-01)	Loss Pred 5.4249e-01 (5.6031e-01)	Loss TOTAL 1.0304e+00 (9.7799e-01)
Epoch: [46][ 20/496]	L_Src_Sup 2.4000e-01 (2.3216e-01)	L_Trg_Inj 2.4999e-01 (3.2050e-01)	Loss Disc 6.9682e-01 (6.9216e-01)	Loss Pred 5.5899e-01 (5.6353e-01)	Loss TOTAL 9.5640e-01 (9.7470e-01)
Epoch: [46][ 30/496]	L_Src_Sup 2.3404e-01 (2.3874e-01)	L_Trg_Inj 3.7994e-01 (3.2977e-01)	Loss Disc 6.9171e-01 (6.9205e-01)	Loss Pred 5.9151e-01 (5.6931e-01)	Loss TOTAL 9.9876e-01 (9.8322e-01)
Epoch: [46][ 40/496]	L_Src_Sup 2.6263e-01 (2.4133e-01)	L_Trg_Inj 3.5937e-01 (3.4385e-01)	Loss Disc 6.9008e-01 (6.9174e-01)	Loss Pred 5.6445e-01 (5.6739e-01)	Loss TOTAL 9.7169e-01 (9.8006e-01)
Epoch: [46][ 50/496]	L_Src_Sup 2.0602e-01 (2.4123e-01)	L_Trg_Inj 4.2113e-01 (3.3845e-01)	Loss Disc 6.8924e-01 (6.9178e-01)	Loss Pred 5.7535e-01 (5.6581e-01)	Loss TOTAL 9.8268e-01 (9.7738e-01)
Epoch: [46][ 60/496]	L_Src_Sup 3.4615e-01 (2.4346e-01)	L_Trg_Inj 2.1844e-01 (3.3518e-01)	Loss Disc 6.9618e-01 (6.9205e-01)	Loss Pred 5.3721e-01 (5.6369e-01)	Loss TOTAL 1.0695e+00 (9.7646e-01)
Epoch: [46][ 70/496]	L_Src_Sup 2.7932e-01 (2.3937e-01)	L_Trg_Inj 2.6537e-01 (3.2888e-01)	Loss Disc 6.9034e-01 (6.9219e-01)	Loss Pred 6.0740e-01 (5.6206e-01)	Loss TOTAL 1.0210e+00 (9.7345e-01)
Epoch: [46][ 80/496]	L_Src_Sup 1.2766e-01 (2.3565e-01)	L_Trg_Inj 1.8750e-01 (3.2575e-01)	Loss Disc 6.8952e-01 (6.9224e-01)	Loss Pred 5.9231e-01 (5.6141e-01)	Loss TOTAL 9.6858e-01 (9.7130e-01)
Epoch: [46][ 90/496]	L_Src_Sup 1.3862e-01 (2.3327e-01)	L_Trg_Inj 2.9583e-01 (3.2440e-01)	Loss Disc 6.9411e-01 (6.9225e-01)	Loss Pred 5.5342e-01 (5.6106e-01)	Loss TOTAL 9.4391e-01 (9.6973e-01)
Epoch: [46][100/496]	L_Src_Sup 2.4445e-01 (2.3531e-01)	L_Trg_Inj 4.3749e-01 (3.2131e-01)	Loss Disc 6.8960e-01 (6.9218e-01)	Loss Pred 6.1440e-01 (5.6202e-01)	Loss TOTAL 1.0274e+00 (9.7072e-01)
Epoch: [46][110/496]	L_Src_Sup 2.1782e-01 (2.3619e-01)	L_Trg_Inj 3.7498e-01 (3.2671e-01)	Loss Disc 6.9259e-01 (6.9229e-01)	Loss Pred 5.5345e-01 (5.6139e-01)	Loss TOTAL 9.5903e-01 (9.7028e-01)
Epoch: [46][120/496]	L_Src_Sup 3.0928e-01 (2.4260e-01)	L_Trg_Inj 3.2672e-01 (3.2657e-01)	Loss Disc 6.9056e-01 (6.9226e-01)	Loss Pred 5.7561e-01 (5.6143e-01)	Loss TOTAL 9.8448e-01 (9.7271e-01)
Epoch: [46][130/496]	L_Src_Sup 2.0408e-01 (2.4480e-01)	L_Trg_Inj 2.8103e-01 (3.2960e-01)	Loss Disc 6.9198e-01 (6.9224e-01)	Loss Pred 5.7012e-01 (5.6064e-01)	Loss TOTAL 9.6462e-01 (9.7349e-01)
Epoch: [46][140/496]	L_Src_Sup 1.6666e-01 (2.4500e-01)	L_Trg_Inj 3.1248e-01 (3.2966e-01)	Loss Disc 6.9720e-01 (6.9225e-01)	Loss Pred 5.1461e-01 (5.6079e-01)	Loss TOTAL 9.1112e-01 (9.7301e-01)
Epoch: [46][150/496]	L_Src_Sup 3.6529e-01 (2.4698e-01)	L_Trg_Inj 3.2805e-01 (3.3412e-01)	Loss Disc 6.9296e-01 (6.9222e-01)	Loss Pred 5.3679e-01 (5.6075e-01)	Loss TOTAL 9.8984e-01 (9.7331e-01)
Epoch: [46][160/496]	L_Src_Sup 1.0639e-01 (2.4527e-01)	L_Trg_Inj 4.8405e-01 (3.3599e-01)	Loss Disc 6.8834e-01 (6.9221e-01)	Loss Pred 5.9212e-01 (5.6157e-01)	Loss TOTAL 9.9533e-01 (9.7362e-01)
Epoch: [46][170/496]	L_Src_Sup 2.7994e-01 (2.4652e-01)	L_Trg_Inj 2.1247e-01 (3.3480e-01)	Loss Disc 6.9306e-01 (6.9223e-01)	Loss Pred 5.5903e-01 (5.6209e-01)	Loss TOTAL 1.0223e+00 (9.7409e-01)
Epoch: [46][180/496]	L_Src_Sup 1.8962e-01 (2.4738e-01)	L_Trg_Inj 3.8495e-01 (3.3639e-01)	Loss Disc 6.9353e-01 (6.9226e-01)	Loss Pred 5.8642e-01 (5.6191e-01)	Loss TOTAL 9.9064e-01 (9.7374e-01)
Epoch: [46][190/496]	L_Src_Sup 2.2730e-01 (2.4610e-01)	L_Trg_Inj 2.8012e-01 (3.3440e-01)	Loss Disc 6.9371e-01 (6.9232e-01)	Loss Pred 5.4259e-01 (5.6175e-01)	Loss TOTAL 9.4018e-01 (9.7299e-01)
Epoch: [46][200/496]	L_Src_Sup 3.1006e-01 (2.4563e-01)	L_Trg_Inj 3.2066e-01 (3.3422e-01)	Loss Disc 6.9254e-01 (6.9230e-01)	Loss Pred 5.4262e-01 (5.6183e-01)	Loss TOTAL 9.5197e-01 (9.7265e-01)
Epoch: [46][210/496]	L_Src_Sup 1.4647e-01 (2.4388e-01)	L_Trg_Inj 4.1577e-01 (3.3241e-01)	Loss Disc 6.9212e-01 (6.9230e-01)	Loss Pred 5.2596e-01 (5.6151e-01)	Loss TOTAL 9.2824e-01 (9.7167e-01)
Epoch: [46][220/496]	L_Src_Sup 3.5647e-01 (2.4374e-01)	L_Trg_Inj 2.5863e-01 (3.3111e-01)	Loss Disc 6.9361e-01 (6.9233e-01)	Loss Pred 5.5349e-01 (5.6168e-01)	Loss TOTAL 1.0597e+00 (9.7187e-01)
Epoch: [46][230/496]	L_Src_Sup 2.6324e-01 (2.4463e-01)	L_Trg_Inj 3.2143e-01 (3.3052e-01)	Loss Disc 6.9072e-01 (6.9232e-01)	Loss Pred 5.7549e-01 (5.6180e-01)	Loss TOTAL 9.7931e-01 (9.7243e-01)
Epoch: [46][240/496]	L_Src_Sup 2.1277e-01 (2.4294e-01)	L_Trg_Inj 2.6525e-01 (3.2950e-01)	Loss Disc 6.9093e-01 (6.9234e-01)	Loss Pred 5.9205e-01 (5.6171e-01)	Loss TOTAL 9.8532e-01 (9.7179e-01)
Epoch: [46][250/496]	L_Src_Sup 9.4340e-02 (2.4103e-01)	L_Trg_Inj 2.3385e-01 (3.2921e-01)	Loss Disc 6.9492e-01 (6.9234e-01)	Loss Pred 5.2594e-01 (5.6151e-01)	Loss TOTAL 9.0622e-01 (9.7110e-01)
Epoch: [46][260/496]	L_Src_Sup 2.9407e-01 (2.4079e-01)	L_Trg_Inj 2.4952e-01 (3.2770e-01)	Loss Disc 6.9098e-01 (6.9232e-01)	Loss Pred 5.6860e-01 (5.6134e-01)	Loss TOTAL 1.0130e+00 (9.7094e-01)
Epoch: [46][270/496]	L_Src_Sup 2.1276e-01 (2.3891e-01)	L_Trg_Inj 2.4972e-01 (3.2461e-01)	Loss Disc 6.8827e-01 (6.9229e-01)	Loss Pred 5.9648e-01 (5.6148e-01)	Loss TOTAL 9.8686e-01 (9.7046e-01)
Epoch: [46][280/496]	L_Src_Sup 3.5052e-01 (2.3872e-01)	L_Trg_Inj 3.1250e-01 (3.2258e-01)	Loss Disc 6.8882e-01 (6.9228e-01)	Loss Pred 5.7562e-01 (5.6135e-01)	Loss TOTAL 1.0244e+00 (9.7063e-01)
Epoch: [46][290/496]	L_Src_Sup 2.5534e-01 (2.3925e-01)	L_Trg_Inj 3.0770e-01 (3.2397e-01)	Loss Disc 6.8831e-01 (6.9226e-01)	Loss Pred 5.9232e-01 (5.6135e-01)	Loss TOTAL 9.9278e-01 (9.7085e-01)
Epoch: [46][300/496]	L_Src_Sup 3.1796e-01 (2.3942e-01)	L_Trg_Inj 3.9053e-01 (3.2501e-01)	Loss Disc 6.8963e-01 (6.9225e-01)	Loss Pred 5.5899e-01 (5.6148e-01)	Loss TOTAL 9.7466e-01 (9.7129e-01)
Epoch: [46][310/496]	L_Src_Sup 2.2803e-01 (2.3906e-01)	L_Trg_Inj 3.1246e-01 (3.2499e-01)	Loss Disc 6.8973e-01 (6.9223e-01)	Loss Pred 5.9064e-01 (5.6157e-01)	Loss TOTAL 9.8956e-01 (9.7115e-01)
Epoch: [46][320/496]	L_Src_Sup 2.4242e-01 (2.3950e-01)	L_Trg_Inj 3.9024e-01 (3.2479e-01)	Loss Disc 6.9341e-01 (6.9228e-01)	Loss Pred 5.6449e-01 (5.6161e-01)	Loss TOTAL 9.7446e-01 (9.7170e-01)
Epoch: [46][330/496]	L_Src_Sup 2.1568e-01 (2.3877e-01)	L_Trg_Inj 2.6561e-01 (3.2420e-01)	Loss Disc 6.9510e-01 (6.9229e-01)	Loss Pred 5.4799e-01 (5.6150e-01)	Loss TOTAL 9.4367e-01 (9.7146e-01)
Epoch: [46][340/496]	L_Src_Sup 3.2001e-01 (2.3928e-01)	L_Trg_Inj 4.5298e-01 (3.2435e-01)	Loss Disc 6.9106e-01 (6.9230e-01)	Loss Pred 5.5898e-01 (5.6132e-01)	Loss TOTAL 9.8181e-01 (9.7133e-01)
Epoch: [46][350/496]	L_Src_Sup 1.7021e-01 (2.3872e-01)	L_Trg_Inj 2.9686e-01 (3.2524e-01)	Loss Disc 6.8986e-01 (6.9227e-01)	Loss Pred 5.9190e-01 (5.6179e-01)	Loss TOTAL 9.8354e-01 (9.7160e-01)
Epoch: [46][360/496]	L_Src_Sup 1.5385e-01 (2.3863e-01)	L_Trg_Inj 2.4735e-01 (3.2458e-01)	Loss Disc 6.9293e-01 (6.9227e-01)	Loss Pred 5.3723e-01 (5.6175e-01)	Loss TOTAL 9.2381e-01 (9.7139e-01)
Epoch: [46][370/496]	L_Src_Sup 1.7476e-01 (2.3886e-01)	L_Trg_Inj 2.0311e-01 (3.2436e-01)	Loss Disc 6.9218e-01 (6.9228e-01)	Loss Pred 5.4257e-01 (5.6167e-01)	Loss TOTAL 9.2645e-01 (9.7194e-01)
Epoch: [46][380/496]	L_Src_Sup 3.0612e-01 (2.4031e-01)	L_Trg_Inj 4.2001e-01 (3.2590e-01)	Loss Disc 6.9047e-01 (6.9227e-01)	Loss Pred 5.6991e-01 (5.6192e-01)	Loss TOTAL 9.8776e-01 (9.7227e-01)
Epoch: [46][390/496]	L_Src_Sup 2.3986e-01 (2.4034e-01)	L_Trg_Inj 3.8531e-01 (3.2621e-01)	Loss Disc 6.9507e-01 (6.9228e-01)	Loss Pred 5.0515e-01 (5.6206e-01)	Loss TOTAL 9.1521e-01 (9.7243e-01)
Epoch: [46][400/496]	L_Src_Sup 2.8302e-01 (2.4113e-01)	L_Trg_Inj 2.9239e-01 (3.2565e-01)	Loss Disc 6.9447e-01 (6.9230e-01)	Loss Pred 5.2665e-01 (5.6207e-01)	Loss TOTAL 9.3143e-01 (9.7255e-01)
Epoch: [46][410/496]	L_Src_Sup 3.5026e-01 (2.4016e-01)	L_Trg_Inj 3.1194e-01 (3.2549e-01)	Loss Disc 6.8986e-01 (6.9228e-01)	Loss Pred 5.7531e-01 (5.6215e-01)	Loss TOTAL 1.0248e+00 (9.7241e-01)
Epoch: [46][420/496]	L_Src_Sup 2.1050e-01 (2.3954e-01)	L_Trg_Inj 1.8748e-01 (3.2505e-01)	Loss Disc 6.9170e-01 (6.9227e-01)	Loss Pred 5.8603e-01 (5.6232e-01)	Loss TOTAL 9.9469e-01 (9.7236e-01)
Epoch: [46][430/496]	L_Src_Sup 2.3179e-01 (2.3883e-01)	L_Trg_Inj 2.4481e-01 (3.2455e-01)	Loss Disc 6.9374e-01 (6.9225e-01)	Loss Pred 5.4303e-01 (5.6239e-01)	Loss TOTAL 9.3756e-01 (9.7235e-01)
Epoch: [46][440/496]	L_Src_Sup 2.4240e-01 (2.3810e-01)	L_Trg_Inj 2.4928e-01 (3.2350e-01)	Loss Disc 6.9283e-01 (6.9223e-01)	Loss Pred 5.6445e-01 (5.6233e-01)	Loss TOTAL 9.6003e-01 (9.7201e-01)
Epoch: [46][450/496]	L_Src_Sup 2.1468e-01 (2.3820e-01)	L_Trg_Inj 2.7844e-01 (3.2225e-01)	Loss Disc 6.9329e-01 (6.9224e-01)	Loss Pred 5.2151e-01 (5.6230e-01)	Loss TOTAL 9.1747e-01 (9.7226e-01)
Epoch: [46][460/496]	L_Src_Sup 3.3328e-01 (2.3851e-01)	L_Trg_Inj 3.6156e-01 (3.2295e-01)	Loss Disc 6.9205e-01 (6.9222e-01)	Loss Pred 5.8052e-01 (5.6247e-01)	Loss TOTAL 9.9603e-01 (9.7242e-01)
Epoch: [46][470/496]	L_Src_Sup 1.4298e-01 (2.3843e-01)	L_Trg_Inj 3.8317e-01 (3.2422e-01)	Loss Disc 6.8984e-01 (6.9222e-01)	Loss Pred 5.6985e-01 (5.6232e-01)	Loss TOTAL 9.6739e-01 (9.7223e-01)
Epoch: [46][480/496]	L_Src_Sup 2.7186e-01 (2.3900e-01)	L_Trg_Inj 2.1818e-01 (3.2408e-01)	Loss Disc 6.9425e-01 (6.9223e-01)	Loss Pred 5.4281e-01 (5.6219e-01)	Loss TOTAL 9.9262e-01 (9.7225e-01)
Epoch: [46][490/496]	L_Src_Sup 2.9124e-01 (2.3918e-01)	L_Trg_Inj 2.1823e-01 (3.2414e-01)	Loss Disc 6.9081e-01 (6.9223e-01)	Loss Pred 6.1945e-01 (5.6208e-01)	Loss TOTAL 1.0888e+00 (9.7226e-01)
Epoch: [46][496/496]	L_Src_Sup 2.1569e-01 (2.3954e-01)	L_Trg_Inj 3.7479e-01 (3.2443e-01)	Loss Disc 6.9353e-01 (6.9225e-01)	Loss Pred 5.4801e-01 (5.6192e-01)	Loss TOTAL 9.5382e-01 (9.7237e-01)
Epoch 46 complete. Saving model state...
Epoch: [47][ 10/496]	L_Src_Sup 2.3081e-01 (2.6934e-01)	L_Trg_Inj 2.9665e-01 (3.3555e-01)	Loss Disc 6.9472e-01 (6.9261e-01)	Loss Pred 5.3725e-01 (5.7318e-01)	Loss TOTAL 9.3736e-01 (9.9792e-01)
Epoch: [47][ 20/496]	L_Src_Sup 2.1783e-01 (2.4342e-01)	L_Trg_Inj 2.6309e-01 (3.3016e-01)	Loss Disc 6.9185e-01 (6.9252e-01)	Loss Pred 5.5353e-01 (5.6421e-01)	Loss TOTAL 9.4755e-01 (9.8003e-01)
Epoch: [47][ 30/496]	L_Src_Sup 2.0411e-01 (2.3672e-01)	L_Trg_Inj 2.7151e-01 (3.2934e-01)	Loss Disc 6.9124e-01 (6.9243e-01)	Loss Pred 5.7001e-01 (5.6239e-01)	Loss TOTAL 9.6319e-01 (9.7732e-01)
Epoch: [47][ 40/496]	L_Src_Sup 3.4422e-01 (2.4106e-01)	L_Trg_Inj 3.2389e-01 (3.3503e-01)	Loss Disc 6.9151e-01 (6.9228e-01)	Loss Pred 5.5900e-01 (5.6169e-01)	Loss TOTAL 9.9188e-01 (9.7503e-01)
Epoch: [47][ 50/496]	L_Src_Sup 1.4013e-01 (2.3686e-01)	L_Trg_Inj 2.6301e-01 (3.2852e-01)	Loss Disc 6.9199e-01 (6.9252e-01)	Loss Pred 5.5909e-01 (5.5950e-01)	Loss TOTAL 9.4540e-01 (9.7053e-01)
Epoch: [47][ 60/496]	L_Src_Sup 3.0309e-01 (2.3956e-01)	L_Trg_Inj 3.1121e-01 (3.2321e-01)	Loss Disc 6.9161e-01 (6.9240e-01)	Loss Pred 5.6454e-01 (5.6009e-01)	Loss TOTAL 9.7177e-01 (9.7284e-01)
Epoch: [47][ 70/496]	L_Src_Sup 2.6773e-01 (2.3929e-01)	L_Trg_Inj 3.7489e-01 (3.2226e-01)	Loss Disc 6.9163e-01 (6.9240e-01)	Loss Pred 5.4788e-01 (5.6015e-01)	Loss TOTAL 9.5796e-01 (9.7185e-01)
Epoch: [47][ 80/496]	L_Src_Sup 2.2663e-01 (2.4177e-01)	L_Trg_Inj 1.4533e-01 (3.1594e-01)	Loss Disc 6.9392e-01 (6.9250e-01)	Loss Pred 5.5897e-01 (5.5980e-01)	Loss TOTAL 1.0244e+00 (9.7258e-01)
Epoch: [47][ 90/496]	L_Src_Sup 2.6923e-01 (2.4151e-01)	L_Trg_Inj 3.0492e-01 (3.1404e-01)	Loss Disc 6.9290e-01 (6.9241e-01)	Loss Pred 5.3680e-01 (5.6009e-01)	Loss TOTAL 9.4067e-01 (9.7285e-01)
Epoch: [47][100/496]	L_Src_Sup 2.4006e-01 (2.4210e-01)	L_Trg_Inj 4.0349e-01 (3.1530e-01)	Loss Disc 6.9231e-01 (6.9230e-01)	Loss Pred 5.5901e-01 (5.6172e-01)	Loss TOTAL 9.6952e-01 (9.7399e-01)
Epoch: [47][110/496]	L_Src_Sup 1.5999e-01 (2.4030e-01)	L_Trg_Inj 2.4013e-01 (3.1555e-01)	Loss Disc 6.9014e-01 (6.9222e-01)	Loss Pred 5.5903e-01 (5.6228e-01)	Loss TOTAL 9.4411e-01 (9.7362e-01)
Epoch: [47][120/496]	L_Src_Sup 2.3534e-01 (2.3602e-01)	L_Trg_Inj 3.4050e-01 (3.1179e-01)	Loss Disc 6.9350e-01 (6.9223e-01)	Loss Pred 5.4807e-01 (5.6169e-01)	Loss TOTAL 9.5241e-01 (9.7207e-01)
Epoch: [47][130/496]	L_Src_Sup 2.6000e-01 (2.3482e-01)	L_Trg_Inj 3.3689e-01 (3.1123e-01)	Loss Disc 6.9074e-01 (6.9225e-01)	Loss Pred 5.5952e-01 (5.6142e-01)	Loss TOTAL 9.6458e-01 (9.7114e-01)
Epoch: [47][140/496]	L_Src_Sup 3.1580e-01 (2.3574e-01)	L_Trg_Inj 2.6553e-01 (3.0778e-01)	Loss Disc 6.8897e-01 (6.9223e-01)	Loss Pred 5.8651e-01 (5.6133e-01)	Loss TOTAL 1.0394e+00 (9.7161e-01)
Epoch: [47][150/496]	L_Src_Sup 1.8868e-01 (2.3414e-01)	L_Trg_Inj 3.1167e-01 (3.0797e-01)	Loss Disc 6.9435e-01 (6.9217e-01)	Loss Pred 5.2645e-01 (5.6206e-01)	Loss TOTAL 9.2366e-01 (9.7242e-01)
Epoch: [47][160/496]	L_Src_Sup 1.9048e-01 (2.3316e-01)	L_Trg_Inj 3.1205e-01 (3.0722e-01)	Loss Disc 6.9673e-01 (6.9218e-01)	Loss Pred 5.3182e-01 (5.6183e-01)	Loss TOTAL 9.3044e-01 (9.7176e-01)
Epoch: [47][170/496]	L_Src_Sup 2.2222e-01 (2.3373e-01)	L_Trg_Inj 1.4062e-01 (3.0434e-01)	Loss Disc 6.9366e-01 (6.9219e-01)	Loss Pred 5.6864e-01 (5.6163e-01)	Loss TOTAL 1.0334e+00 (9.7222e-01)
Epoch: [47][180/496]	L_Src_Sup 2.6000e-01 (2.3555e-01)	L_Trg_Inj 3.2804e-01 (3.0492e-01)	Loss Disc 6.9376e-01 (6.9212e-01)	Loss Pred 5.5916e-01 (5.6224e-01)	Loss TOTAL 9.6484e-01 (9.7375e-01)
Epoch: [47][190/496]	L_Src_Sup 1.9231e-01 (2.3498e-01)	L_Trg_Inj 2.0312e-01 (3.0683e-01)	Loss Disc 6.9517e-01 (6.9214e-01)	Loss Pred 5.3723e-01 (5.6189e-01)	Loss TOTAL 9.2436e-01 (9.7314e-01)
Epoch: [47][200/496]	L_Src_Sup 2.5887e-01 (2.3446e-01)	L_Trg_Inj 2.6562e-01 (3.0623e-01)	Loss Disc 6.9166e-01 (6.9218e-01)	Loss Pred 5.8103e-01 (5.6174e-01)	Loss TOTAL 9.7931e-01 (9.7263e-01)
Epoch: [47][210/496]	L_Src_Sup 2.0755e-01 (2.3417e-01)	L_Trg_Inj 2.0291e-01 (3.0407e-01)	Loss Disc 6.9683e-01 (6.9223e-01)	Loss Pred 5.2606e-01 (5.6146e-01)	Loss TOTAL 9.2015e-01 (9.7228e-01)
Epoch: [47][220/496]	L_Src_Sup 3.5423e-01 (2.3446e-01)	L_Trg_Inj 3.5771e-01 (3.0913e-01)	Loss Disc 6.8903e-01 (6.9218e-01)	Loss Pred 5.8084e-01 (5.6224e-01)	Loss TOTAL 9.9655e-01 (9.7324e-01)
Epoch: [47][230/496]	L_Src_Sup 3.7255e-01 (2.3439e-01)	L_Trg_Inj 3.3095e-01 (3.1511e-01)	Loss Disc 6.9329e-01 (6.9222e-01)	Loss Pred 5.4810e-01 (5.6196e-01)	Loss TOTAL 1.0067e+00 (9.7345e-01)
Epoch: [47][240/496]	L_Src_Sup 2.8040e-01 (2.3572e-01)	L_Trg_Inj 3.8304e-01 (3.1843e-01)	Loss Disc 6.9322e-01 (6.9219e-01)	Loss Pred 5.2131e-01 (5.6230e-01)	Loss TOTAL 9.3427e-01 (9.7437e-01)
Epoch: [47][250/496]	L_Src_Sup 1.6668e-01 (2.3533e-01)	L_Trg_Inj 4.0551e-01 (3.2264e-01)	Loss Disc 6.9372e-01 (6.9216e-01)	Loss Pred 5.1611e-01 (5.6253e-01)	Loss TOTAL 9.2018e-01 (9.7454e-01)
Epoch: [47][260/496]	L_Src_Sup 2.5376e-01 (2.3625e-01)	L_Trg_Inj 3.4373e-01 (3.2373e-01)	Loss Disc 6.8812e-01 (6.9214e-01)	Loss Pred 5.7522e-01 (5.6277e-01)	Loss TOTAL 9.7903e-01 (9.7477e-01)
Epoch: [47][270/496]	L_Src_Sup 3.0204e-01 (2.3610e-01)	L_Trg_Inj 3.4185e-01 (3.2398e-01)	Loss Disc 6.9470e-01 (6.9216e-01)	Loss Pred 5.3750e-01 (5.6253e-01)	Loss TOTAL 9.4923e-01 (9.7437e-01)
Epoch: [47][280/496]	L_Src_Sup 1.7823e-01 (2.3615e-01)	L_Trg_Inj 3.1244e-01 (3.2473e-01)	Loss Disc 6.9474e-01 (6.9216e-01)	Loss Pred 5.5365e-01 (5.6257e-01)	Loss TOTAL 9.5009e-01 (9.7415e-01)
Epoch: [47][290/496]	L_Src_Sup 2.8283e-01 (2.3561e-01)	L_Trg_Inj 2.8121e-01 (3.2450e-01)	Loss Disc 6.9191e-01 (6.9217e-01)	Loss Pred 5.6447e-01 (5.6247e-01)	Loss TOTAL 9.6845e-01 (9.7366e-01)
Epoch: [47][300/496]	L_Src_Sup 1.7843e-01 (2.3579e-01)	L_Trg_Inj 2.9679e-01 (3.2525e-01)	Loss Disc 6.9502e-01 (6.9214e-01)	Loss Pred 5.6851e-01 (5.6271e-01)	Loss TOTAL 9.6355e-01 (9.7376e-01)
Epoch: [47][310/496]	L_Src_Sup 2.0203e-01 (2.3563e-01)	L_Trg_Inj 2.3390e-01 (3.2317e-01)	Loss Disc 6.9101e-01 (6.9213e-01)	Loss Pred 5.6473e-01 (5.6260e-01)	Loss TOTAL 9.5383e-01 (9.7349e-01)
Epoch: [47][320/496]	L_Src_Sup 9.8044e-02 (2.3493e-01)	L_Trg_Inj 2.9687e-01 (3.2165e-01)	Loss Disc 6.9382e-01 (6.9216e-01)	Loss Pred 5.4813e-01 (5.6214e-01)	Loss TOTAL 9.3453e-01 (9.7311e-01)
Epoch: [47][330/496]	L_Src_Sup 2.6012e-01 (2.3418e-01)	L_Trg_Inj 2.6561e-01 (3.1925e-01)	Loss Disc 6.9118e-01 (6.9218e-01)	Loss Pred 5.5904e-01 (5.6186e-01)	Loss TOTAL 9.5721e-01 (9.7273e-01)
Epoch: [47][340/496]	L_Src_Sup 1.9418e-01 (2.3343e-01)	L_Trg_Inj 1.8749e-01 (3.1611e-01)	Loss Disc 6.9389e-01 (6.9221e-01)	Loss Pred 5.4256e-01 (5.6186e-01)	Loss TOTAL 9.3436e-01 (9.7292e-01)
Epoch: [47][350/496]	L_Src_Sup 2.1782e-01 (2.3278e-01)	L_Trg_Inj 2.4990e-01 (3.1376e-01)	Loss Disc 6.9404e-01 (6.9224e-01)	Loss Pred 5.5353e-01 (5.6178e-01)	Loss TOTAL 9.4732e-01 (9.7318e-01)
Epoch: [47][360/496]	L_Src_Sup 2.1506e-01 (2.3222e-01)	L_Trg_Inj 2.5000e-01 (3.1175e-01)	Loss Disc 6.8991e-01 (6.9224e-01)	Loss Pred 5.9802e-01 (5.6169e-01)	Loss TOTAL 9.8948e-01 (9.7305e-01)
Epoch: [47][370/496]	L_Src_Sup 2.1569e-01 (2.3253e-01)	L_Trg_Inj 2.6561e-01 (3.1148e-01)	Loss Disc 6.9153e-01 (6.9223e-01)	Loss Pred 5.4796e-01 (5.6169e-01)	Loss TOTAL 9.4186e-01 (9.7311e-01)
Epoch: [47][380/496]	L_Src_Sup 2.8853e-01 (2.3410e-01)	L_Trg_Inj 1.5574e-01 (3.0947e-01)	Loss Disc 6.9364e-01 (6.9222e-01)	Loss Pred 5.7543e-01 (5.6206e-01)	Loss TOTAL 1.0995e+00 (9.7559e-01)
Epoch: [47][390/496]	L_Src_Sup 3.3677e-01 (2.3400e-01)	L_Trg_Inj 3.0815e-01 (3.0838e-01)	Loss Disc 6.9121e-01 (6.9218e-01)	Loss Pred 5.8606e-01 (5.6259e-01)	Loss TOTAL 1.0248e+00 (9.7616e-01)
Epoch: [47][400/496]	L_Src_Sup 2.3624e-01 (2.3384e-01)	L_Trg_Inj 2.4999e-01 (3.0758e-01)	Loss Disc 6.9204e-01 (6.9218e-01)	Loss Pred 5.5909e-01 (5.6257e-01)	Loss TOTAL 9.5374e-01 (9.7601e-01)
Epoch: [47][410/496]	L_Src_Sup 2.0689e-01 (2.3352e-01)	L_Trg_Inj 2.9684e-01 (3.0651e-01)	Loss Disc 6.8944e-01 (6.9221e-01)	Loss Pred 6.2943e-01 (5.6253e-01)	Loss TOTAL 1.0245e+00 (9.7570e-01)
Epoch: [47][420/496]	L_Src_Sup 1.8349e-01 (2.3302e-01)	L_Trg_Inj 2.4995e-01 (3.0496e-01)	Loss Disc 6.9470e-01 (6.9222e-01)	Loss Pred 5.1015e-01 (5.6217e-01)	Loss TOTAL 9.0085e-01 (9.7550e-01)
Epoch: [47][430/496]	L_Src_Sup 2.2857e-01 (2.3286e-01)	L_Trg_Inj 2.4996e-01 (3.0446e-01)	Loss Disc 6.9449e-01 (6.9221e-01)	Loss Pred 5.3192e-01 (5.6221e-01)	Loss TOTAL 9.2702e-01 (9.7531e-01)
Epoch: [47][440/496]	L_Src_Sup 1.9231e-01 (2.3237e-01)	L_Trg_Inj 2.6561e-01 (3.0289e-01)	Loss Disc 6.9252e-01 (6.9222e-01)	Loss Pred 5.3716e-01 (5.6204e-01)	Loss TOTAL 9.2921e-01 (9.7528e-01)
Epoch: [47][450/496]	L_Src_Sup 2.5003e-01 (2.3251e-01)	L_Trg_Inj 2.9687e-01 (3.0160e-01)	Loss Disc 6.9215e-01 (6.9223e-01)	Loss Pred 5.3699e-01 (5.6185e-01)	Loss TOTAL 9.3775e-01 (9.7545e-01)
Epoch: [47][460/496]	L_Src_Sup 1.9610e-01 (2.3188e-01)	L_Trg_Inj 1.4062e-01 (3.0143e-01)	Loss Disc 6.9529e-01 (6.9224e-01)	Loss Pred 5.4796e-01 (5.6177e-01)	Loss TOTAL 9.8475e-01 (9.7511e-01)
Epoch: [47][470/496]	L_Src_Sup 2.2450e-01 (2.3241e-01)	L_Trg_Inj 2.9912e-01 (3.0093e-01)	Loss Disc 6.9001e-01 (6.9224e-01)	Loss Pred 5.7007e-01 (5.6178e-01)	Loss TOTAL 9.6744e-01 (9.7560e-01)
Epoch: [47][480/496]	L_Src_Sup 2.6923e-01 (2.3218e-01)	L_Trg_Inj 2.4976e-01 (2.9990e-01)	Loss Disc 6.9428e-01 (6.9225e-01)	Loss Pred 5.3699e-01 (5.6184e-01)	Loss TOTAL 9.5550e-01 (9.7557e-01)
Epoch: [47][490/496]	L_Src_Sup 1.6844e-01 (2.3212e-01)	L_Trg_Inj 2.0306e-01 (2.9912e-01)	Loss Disc 6.9004e-01 (6.9225e-01)	Loss Pred 5.8682e-01 (5.6166e-01)	Loss TOTAL 9.6899e-01 (9.7515e-01)
Epoch: [47][496/496]	L_Src_Sup 2.2223e-01 (2.3233e-01)	L_Trg_Inj 1.5625e-01 (2.9850e-01)	Loss Disc 6.9065e-01 (6.9225e-01)	Loss Pred 5.6454e-01 (5.6182e-01)	Loss TOTAL 1.0137e+00 (9.7548e-01)
Epoch 47 complete. Saving model state...
Epoch: [48][ 10/496]	L_Src_Sup 2.0561e-01 (2.1990e-01)	L_Trg_Inj 2.3437e-01 (2.5691e-01)	Loss Disc 6.9412e-01 (6.9278e-01)	Loss Pred 5.2031e-01 (5.5180e-01)	Loss TOTAL 9.1137e-01 (9.5810e-01)
Epoch: [48][ 20/496]	L_Src_Sup 2.9581e-01 (2.4001e-01)	L_Trg_Inj 2.4998e-01 (2.7470e-01)	Loss Disc 6.9198e-01 (6.9272e-01)	Loss Pred 5.5340e-01 (5.5499e-01)	Loss TOTAL 9.9980e-01 (9.7491e-01)
Epoch: [48][ 30/496]	L_Src_Sup 2.3158e-01 (2.3656e-01)	L_Trg_Inj 3.2811e-01 (2.8973e-01)	Loss Disc 6.9154e-01 (6.9275e-01)	Loss Pred 5.8683e-01 (5.5740e-01)	Loss TOTAL 9.8857e-01 (9.7412e-01)
Epoch: [48][ 40/496]	L_Src_Sup 1.0775e-01 (2.3305e-01)	L_Trg_Inj 3.5937e-01 (2.9220e-01)	Loss Disc 6.9462e-01 (6.9278e-01)	Loss Pred 5.5341e-01 (5.5758e-01)	Loss TOTAL 9.4743e-01 (9.7183e-01)
Epoch: [48][ 50/496]	L_Src_Sup 2.2000e-01 (2.3036e-01)	L_Trg_Inj 2.6562e-01 (2.8875e-01)	Loss Disc 6.9121e-01 (6.9286e-01)	Loss Pred 5.5898e-01 (5.5585e-01)	Loss TOTAL 9.5315e-01 (9.6714e-01)
Epoch: [48][ 60/496]	L_Src_Sup 2.2449e-01 (2.2918e-01)	L_Trg_Inj 1.7187e-01 (2.8564e-01)	Loss Disc 6.9440e-01 (6.9290e-01)	Loss Pred 5.7027e-01 (5.5636e-01)	Loss TOTAL 1.0097e+00 (9.6949e-01)
Epoch: [48][ 70/496]	L_Src_Sup 1.3334e-01 (2.2736e-01)	L_Trg_Inj 2.5000e-01 (2.8533e-01)	Loss Disc 6.9458e-01 (6.9286e-01)	Loss Pred 5.3104e-01 (5.5818e-01)	Loss TOTAL 9.1667e-01 (9.6893e-01)
Epoch: [48][ 80/496]	L_Src_Sup 3.1684e-01 (2.2934e-01)	L_Trg_Inj 2.9687e-01 (2.8950e-01)	Loss Disc 6.9322e-01 (6.9279e-01)	Loss Pred 5.5341e-01 (5.5862e-01)	Loss TOTAL 9.8137e-01 (9.6955e-01)
Epoch: [48][ 90/496]	L_Src_Sup 2.6087e-01 (2.2982e-01)	L_Trg_Inj 3.5930e-01 (3.0138e-01)	Loss Disc 6.9115e-01 (6.9276e-01)	Loss Pred 6.0351e-01 (5.5965e-01)	Loss TOTAL 1.0111e+00 (9.7078e-01)
Epoch: [48][100/496]	L_Src_Sup 1.4894e-01 (2.3355e-01)	L_Trg_Inj 3.7500e-01 (3.0905e-01)	Loss Disc 6.9219e-01 (6.9270e-01)	Loss Pred 5.9217e-01 (5.6025e-01)	Loss TOTAL 9.9065e-01 (9.7196e-01)
Epoch: [48][110/496]	L_Src_Sup 1.4000e-01 (2.3512e-01)	L_Trg_Inj 2.8688e-01 (3.1245e-01)	Loss Disc 6.9296e-01 (6.9268e-01)	Loss Pred 5.5903e-01 (5.6134e-01)	Loss TOTAL 9.4820e-01 (9.7331e-01)
Epoch: [48][120/496]	L_Src_Sup 2.7660e-01 (2.3833e-01)	L_Trg_Inj 3.7336e-01 (3.1442e-01)	Loss Disc 6.8992e-01 (6.9260e-01)	Loss Pred 5.9236e-01 (5.6165e-01)	Loss TOTAL 1.0023e+00 (9.7408e-01)
Epoch: [48][130/496]	L_Src_Sup 1.8765e-01 (2.3762e-01)	L_Trg_Inj 2.8968e-01 (3.1536e-01)	Loss Disc 6.9067e-01 (6.9259e-01)	Loss Pred 5.8093e-01 (5.6114e-01)	Loss TOTAL 9.7400e-01 (9.7378e-01)
Epoch: [48][140/496]	L_Src_Sup 1.0309e-01 (2.3620e-01)	L_Trg_Inj 1.5624e-01 (3.0972e-01)	Loss Disc 6.9018e-01 (6.9244e-01)	Loss Pred 5.7774e-01 (5.6203e-01)	Loss TOTAL 9.4877e-01 (9.7576e-01)
Epoch: [48][150/496]	L_Src_Sup 1.4546e-01 (2.3314e-01)	L_Trg_Inj 2.6539e-01 (3.0397e-01)	Loss Disc 6.9274e-01 (6.9237e-01)	Loss Pred 5.0542e-01 (5.6195e-01)	Loss TOTAL 8.9288e-01 (9.7501e-01)
Epoch: [48][160/496]	L_Src_Sup 2.3999e-01 (2.3296e-01)	L_Trg_Inj 4.0960e-01 (3.0458e-01)	Loss Disc 6.9242e-01 (6.9231e-01)	Loss Pred 5.5927e-01 (5.6195e-01)	Loss TOTAL 9.7044e-01 (9.7502e-01)
Epoch: [48][170/496]	L_Src_Sup 2.4602e-01 (2.3407e-01)	L_Trg_Inj 3.2237e-01 (3.0651e-01)	Loss Disc 6.9134e-01 (6.9235e-01)	Loss Pred 5.6991e-01 (5.6198e-01)	Loss TOTAL 9.7242e-01 (9.7565e-01)
Epoch: [48][180/496]	L_Src_Sup 2.0558e-01 (2.3335e-01)	L_Trg_Inj 2.4992e-01 (3.0817e-01)	Loss Disc 6.9544e-01 (6.9234e-01)	Loss Pred 5.2118e-01 (5.6176e-01)	Loss TOTAL 9.1445e-01 (9.7478e-01)
Epoch: [48][190/496]	L_Src_Sup 2.4722e-01 (2.3510e-01)	L_Trg_Inj 2.6531e-01 (3.1004e-01)	Loss Disc 6.9068e-01 (6.9231e-01)	Loss Pred 5.7533e-01 (5.6213e-01)	Loss TOTAL 9.7192e-01 (9.7493e-01)
Epoch: [48][200/496]	L_Src_Sup 2.5491e-01 (2.3274e-01)	L_Trg_Inj 1.7178e-01 (3.0944e-01)	Loss Disc 6.9460e-01 (6.9235e-01)	Loss Pred 5.4818e-01 (5.6160e-01)	Loss TOTAL 1.0213e+00 (9.7422e-01)
Epoch: [48][210/496]	L_Src_Sup 2.0886e-01 (2.3298e-01)	L_Trg_Inj 3.0330e-01 (3.0671e-01)	Loss Disc 6.9185e-01 (6.9232e-01)	Loss Pred 5.5358e-01 (5.6161e-01)	Loss TOTAL 9.5072e-01 (9.7476e-01)
Epoch: [48][220/496]	L_Src_Sup 2.6659e-01 (2.3287e-01)	L_Trg_Inj 3.7806e-01 (3.0718e-01)	Loss Disc 6.9335e-01 (6.9237e-01)	Loss Pred 5.3161e-01 (5.6110e-01)	Loss TOTAL 9.4275e-01 (9.7450e-01)
Epoch: [48][230/496]	L_Src_Sup 2.4758e-01 (2.3305e-01)	L_Trg_Inj 3.5935e-01 (3.0881e-01)	Loss Disc 6.9684e-01 (6.9235e-01)	Loss Pred 5.3134e-01 (5.6082e-01)	Loss TOTAL 9.4045e-01 (9.7387e-01)
Epoch: [48][240/496]	L_Src_Sup 2.3423e-01 (2.3456e-01)	L_Trg_Inj 3.2810e-01 (3.0863e-01)	Loss Disc 6.9528e-01 (6.9236e-01)	Loss Pred 4.9763e-01 (5.6025e-01)	Loss TOTAL 9.0151e-01 (9.7436e-01)
Epoch: [48][250/496]	L_Src_Sup 1.8947e-01 (2.3342e-01)	L_Trg_Inj 4.0613e-01 (3.1160e-01)	Loss Disc 6.8918e-01 (6.9235e-01)	Loss Pred 5.8721e-01 (5.6011e-01)	Loss TOTAL 9.9136e-01 (9.7385e-01)
Epoch: [48][260/496]	L_Src_Sup 1.9231e-01 (2.3352e-01)	L_Trg_Inj 3.2781e-01 (3.1331e-01)	Loss Disc 6.9471e-01 (6.9231e-01)	Loss Pred 5.3692e-01 (5.6042e-01)	Loss TOTAL 9.3629e-01 (9.7389e-01)
Epoch: [48][270/496]	L_Src_Sup 1.8392e-01 (2.3252e-01)	L_Trg_Inj 2.4882e-01 (3.1431e-01)	Loss Disc 6.8840e-01 (6.9226e-01)	Loss Pred 6.3153e-01 (5.6078e-01)	Loss TOTAL 1.0190e+00 (9.7396e-01)
Epoch: [48][280/496]	L_Src_Sup 3.3010e-01 (2.3402e-01)	L_Trg_Inj 3.9047e-01 (3.1551e-01)	Loss Disc 6.9652e-01 (6.9225e-01)	Loss Pred 5.4256e-01 (5.6112e-01)	Loss TOTAL 9.6288e-01 (9.7415e-01)
Epoch: [48][290/496]	L_Src_Sup 1.7822e-01 (2.3284e-01)	L_Trg_Inj 3.4312e-01 (3.1632e-01)	Loss Disc 6.9651e-01 (6.9221e-01)	Loss Pred 5.5365e-01 (5.6148e-01)	Loss TOTAL 9.5404e-01 (9.7404e-01)
Epoch: [48][300/496]	L_Src_Sup 2.3656e-01 (2.3290e-01)	L_Trg_Inj 3.3491e-01 (3.1594e-01)	Loss Disc 6.8887e-01 (6.9219e-01)	Loss Pred 5.9695e-01 (5.6190e-01)	Loss TOTAL 9.9853e-01 (9.7453e-01)
Epoch: [48][310/496]	L_Src_Sup 2.4300e-01 (2.3228e-01)	L_Trg_Inj 2.8124e-01 (3.1651e-01)	Loss Disc 6.9843e-01 (6.9221e-01)	Loss Pred 5.2130e-01 (5.6167e-01)	Loss TOTAL 9.2294e-01 (9.7393e-01)
Epoch: [48][320/496]	L_Src_Sup 2.2009e-01 (2.3205e-01)	L_Trg_Inj 1.7167e-01 (3.1434e-01)	Loss Disc 6.9107e-01 (6.9223e-01)	Loss Pred 5.5905e-01 (5.6151e-01)	Loss TOTAL 9.9217e-01 (9.7406e-01)
Epoch: [48][330/496]	L_Src_Sup 1.7583e-01 (2.3058e-01)	L_Trg_Inj 1.7157e-01 (3.1296e-01)	Loss Disc 6.9223e-01 (6.9223e-01)	Loss Pred 6.0823e-01 (5.6161e-01)	Loss TOTAL 9.9334e-01 (9.7368e-01)
Epoch: [48][340/496]	L_Src_Sup 1.7021e-01 (2.2993e-01)	L_Trg_Inj 3.1488e-01 (3.1102e-01)	Loss Disc 6.9024e-01 (6.9223e-01)	Loss Pred 5.9176e-01 (5.6167e-01)	Loss TOTAL 9.8538e-01 (9.7398e-01)
Epoch: [48][350/496]	L_Src_Sup 2.0953e-01 (2.3004e-01)	L_Trg_Inj 2.9658e-01 (3.1046e-01)	Loss Disc 6.9511e-01 (6.9221e-01)	Loss Pred 5.3225e-01 (5.6195e-01)	Loss TOTAL 9.3042e-01 (9.7412e-01)
Epoch: [48][360/496]	L_Src_Sup 2.2450e-01 (2.2948e-01)	L_Trg_Inj 3.8395e-01 (3.1033e-01)	Loss Disc 6.9023e-01 (6.9221e-01)	Loss Pred 5.6995e-01 (5.6192e-01)	Loss TOTAL 9.7590e-01 (9.7380e-01)
Epoch: [48][370/496]	L_Src_Sup 8.4211e-02 (2.2903e-01)	L_Trg_Inj 2.9517e-01 (3.0982e-01)	Loss Disc 6.8980e-01 (6.9222e-01)	Loss Pred 5.8601e-01 (5.6205e-01)	Loss TOTAL 9.6885e-01 (9.7409e-01)
Epoch: [48][380/496]	L_Src_Sup 2.0617e-01 (2.2912e-01)	L_Trg_Inj 2.6328e-01 (3.1005e-01)	Loss Disc 6.9092e-01 (6.9223e-01)	Loss Pred 5.7537e-01 (5.6208e-01)	Loss TOTAL 9.6778e-01 (9.7384e-01)
Epoch: [48][390/496]	L_Src_Sup 1.4830e-01 (2.2858e-01)	L_Trg_Inj 2.7930e-01 (3.0877e-01)	Loss Disc 6.9524e-01 (6.9225e-01)	Loss Pred 4.9955e-01 (5.6176e-01)	Loss TOTAL 8.8993e-01 (9.7334e-01)
Epoch: [48][400/496]	L_Src_Sup 2.6667e-01 (2.2815e-01)	L_Trg_Inj 2.4458e-01 (3.0857e-01)	Loss Disc 6.9323e-01 (6.9225e-01)	Loss Pred 5.3187e-01 (5.6174e-01)	Loss TOTAL 9.5170e-01 (9.7310e-01)
Epoch: [48][410/496]	L_Src_Sup 2.3656e-01 (2.2801e-01)	L_Trg_Inj 3.5884e-01 (3.0860e-01)	Loss Disc 6.9415e-01 (6.9226e-01)	Loss Pred 5.9731e-01 (5.6170e-01)	Loss TOTAL 1.0039e+00 (9.7296e-01)
Epoch: [48][420/496]	L_Src_Sup 3.2325e-01 (2.2816e-01)	L_Trg_Inj 3.1072e-01 (3.0862e-01)	Loss Disc 6.9108e-01 (6.9227e-01)	Loss Pred 5.6454e-01 (5.6156e-01)	Loss TOTAL 9.8601e-01 (9.7262e-01)
Epoch: [48][430/496]	L_Src_Sup 1.5024e-01 (2.2804e-01)	L_Trg_Inj 3.9111e-01 (3.0928e-01)	Loss Disc 6.9451e-01 (6.9228e-01)	Loss Pred 5.2080e-01 (5.6160e-01)	Loss TOTAL 9.2219e-01 (9.7259e-01)
Epoch: [48][440/496]	L_Src_Sup 3.4344e-01 (2.2975e-01)	L_Trg_Inj 3.6033e-01 (3.1080e-01)	Loss Disc 6.9269e-01 (6.9227e-01)	Loss Pred 5.6450e-01 (5.6156e-01)	Loss TOTAL 9.8122e-01 (9.7283e-01)
Epoch: [48][450/496]	L_Src_Sup 1.7648e-01 (2.3041e-01)	L_Trg_Inj 3.8992e-01 (3.1368e-01)	Loss Disc 6.9383e-01 (6.9225e-01)	Loss Pred 5.4811e-01 (5.6166e-01)	Loss TOTAL 9.5166e-01 (9.7303e-01)
Epoch: [48][460/496]	L_Src_Sup 2.1506e-01 (2.3097e-01)	L_Trg_Inj 3.1698e-01 (3.1393e-01)	Loss Disc 6.8801e-01 (6.9223e-01)	Loss Pred 5.9665e-01 (5.6221e-01)	Loss TOTAL 9.9386e-01 (9.7389e-01)
Epoch: [48][470/496]	L_Src_Sup 2.3404e-01 (2.3187e-01)	L_Trg_Inj 2.3437e-01 (3.1472e-01)	Loss Disc 6.8977e-01 (6.9220e-01)	Loss Pred 5.9094e-01 (5.6245e-01)	Loss TOTAL 9.8266e-01 (9.7445e-01)
Epoch: [48][480/496]	L_Src_Sup 1.4286e-01 (2.3146e-01)	L_Trg_Inj 2.9830e-01 (3.1547e-01)	Loss Disc 6.9269e-01 (6.9224e-01)	Loss Pred 5.6981e-01 (5.6221e-01)	Loss TOTAL 9.6027e-01 (9.7402e-01)
Epoch: [48][490/496]	L_Src_Sup 2.4762e-01 (2.3254e-01)	L_Trg_Inj 3.9221e-01 (3.1602e-01)	Loss Disc 6.9512e-01 (6.9224e-01)	Loss Pred 5.3212e-01 (5.6210e-01)	Loss TOTAL 9.4366e-01 (9.7422e-01)
Epoch: [48][496/496]	L_Src_Sup 2.9630e-01 (2.3268e-01)	L_Trg_Inj 5.6173e-01 (3.1729e-01)	Loss Disc 6.9561e-01 (6.9225e-01)	Loss Pred 5.1990e-01 (5.6202e-01)	Loss TOTAL 9.5350e-01 (9.7414e-01)
Epoch 48 complete. Saving model state...
Epoch: [49][ 10/496]	L_Src_Sup 2.6780e-01 (2.4840e-01)	L_Trg_Inj 4.1927e-01 (4.1284e-01)	Loss Disc 6.9036e-01 (6.9191e-01)	Loss Pred 5.7942e-01 (5.6802e-01)	Loss TOTAL 9.9331e-01 (9.8261e-01)
Epoch: [49][ 20/496]	L_Src_Sup 3.3277e-01 (2.6421e-01)	L_Trg_Inj 3.7097e-01 (3.9117e-01)	Loss Disc 6.9072e-01 (6.9188e-01)	Loss Pred 5.7942e-01 (5.6696e-01)	Loss TOTAL 9.9516e-01 (9.8603e-01)
Epoch: [49][ 30/496]	L_Src_Sup 2.3224e-01 (2.7715e-01)	L_Trg_Inj 4.0784e-01 (4.0702e-01)	Loss Disc 6.9410e-01 (6.9230e-01)	Loss Pred 5.5905e-01 (5.6320e-01)	Loss TOTAL 9.7011e-01 (9.8289e-01)
Epoch: [49][ 40/496]	L_Src_Sup 2.3383e-01 (2.6737e-01)	L_Trg_Inj 5.5385e-01 (4.2405e-01)	Loss Disc 6.8700e-01 (6.9207e-01)	Loss Pred 6.0266e-01 (5.6309e-01)	Loss TOTAL 1.0249e+00 (9.8211e-01)
Epoch: [49][ 50/496]	L_Src_Sup 4.0410e-01 (2.6312e-01)	L_Trg_Inj 3.2567e-01 (4.1794e-01)	Loss Disc 6.9307e-01 (6.9227e-01)	Loss Pred 5.6450e-01 (5.6207e-01)	Loss TOTAL 1.0624e+00 (9.8095e-01)
Epoch: [49][ 60/496]	L_Src_Sup 2.0006e-01 (2.5861e-01)	L_Trg_Inj 3.3426e-01 (4.1519e-01)	Loss Disc 6.9498e-01 (6.9238e-01)	Loss Pred 5.5903e-01 (5.6175e-01)	Loss TOTAL 9.5995e-01 (9.7961e-01)
Epoch: [49][ 70/496]	L_Src_Sup 2.6923e-01 (2.6380e-01)	L_Trg_Inj 6.2608e-01 (4.1997e-01)	Loss Disc 6.9439e-01 (6.9248e-01)	Loss Pred 5.3705e-01 (5.6040e-01)	Loss TOTAL 9.7378e-01 (9.7914e-01)
Epoch: [49][ 80/496]	L_Src_Sup 2.8270e-01 (2.6600e-01)	L_Trg_Inj 3.4818e-01 (4.2453e-01)	Loss Disc 6.9287e-01 (6.9254e-01)	Loss Pred 5.5347e-01 (5.6009e-01)	Loss TOTAL 9.6299e-01 (9.7902e-01)
Epoch: [49][ 90/496]	L_Src_Sup 2.2230e-01 (2.6746e-01)	L_Trg_Inj 3.4307e-01 (4.1669e-01)	Loss Disc 6.9093e-01 (6.9239e-01)	Loss Pred 5.6452e-01 (5.6193e-01)	Loss TOTAL 9.6653e-01 (9.8067e-01)
Epoch: [49][100/496]	L_Src_Sup 2.2650e-01 (2.6369e-01)	L_Trg_Inj 4.0007e-01 (4.1509e-01)	Loss Disc 6.9106e-01 (6.9241e-01)	Loss Pred 5.2623e-01 (5.6121e-01)	Loss TOTAL 9.3442e-01 (9.7901e-01)
Epoch: [49][110/496]	L_Src_Sup 2.4302e-01 (2.6025e-01)	L_Trg_Inj 2.2734e-01 (4.0579e-01)	Loss Disc 6.9233e-01 (6.9241e-01)	Loss Pred 5.6462e-01 (5.6072e-01)	Loss TOTAL 9.7350e-01 (9.7827e-01)
Epoch: [49][120/496]	L_Src_Sup 2.0957e-01 (2.5990e-01)	L_Trg_Inj 2.7966e-01 (4.0417e-01)	Loss Disc 6.9608e-01 (6.9244e-01)	Loss Pred 5.3127e-01 (5.5968e-01)	Loss TOTAL 9.2823e-01 (9.7665e-01)
Epoch: [49][130/496]	L_Src_Sup 3.0771e-01 (2.5758e-01)	L_Trg_Inj 2.3870e-01 (3.9844e-01)	Loss Disc 6.9188e-01 (6.9244e-01)	Loss Pred 5.3685e-01 (5.5994e-01)	Loss TOTAL 1.0064e+00 (9.7630e-01)
Epoch: [49][140/496]	L_Src_Sup 2.5962e-01 (2.5797e-01)	L_Trg_Inj 3.2657e-01 (3.9573e-01)	Loss Disc 6.9435e-01 (6.9245e-01)	Loss Pred 5.5903e-01 (5.5999e-01)	Loss TOTAL 9.6483e-01 (9.7634e-01)
Epoch: [49][150/496]	L_Src_Sup 2.8866e-01 (2.5689e-01)	L_Trg_Inj 2.4941e-01 (3.8921e-01)	Loss Disc 6.9241e-01 (6.9244e-01)	Loss Pred 5.7580e-01 (5.5975e-01)	Loss TOTAL 1.0151e+00 (9.7551e-01)
Epoch: [49][160/496]	L_Src_Sup 2.6803e-01 (2.5557e-01)	L_Trg_Inj 3.1843e-01 (3.8503e-01)	Loss Disc 6.9131e-01 (6.9240e-01)	Loss Pred 5.7574e-01 (5.5989e-01)	Loss TOTAL 9.8004e-01 (9.7572e-01)
Epoch: [49][170/496]	L_Src_Sup 2.7447e-01 (2.5719e-01)	L_Trg_Inj 5.1049e-01 (3.8502e-01)	Loss Disc 6.9224e-01 (6.9244e-01)	Loss Pred 5.4779e-01 (5.5943e-01)	Loss TOTAL 9.7241e-01 (9.7610e-01)
Epoch: [49][180/496]	L_Src_Sup 1.3768e-01 (2.5376e-01)	L_Trg_Inj 3.4086e-01 (3.8274e-01)	Loss Disc 6.9090e-01 (6.9240e-01)	Loss Pred 5.6463e-01 (5.5952e-01)	Loss TOTAL 9.5793e-01 (9.7556e-01)
Epoch: [49][190/496]	L_Src_Sup 3.0471e-01 (2.5378e-01)	L_Trg_Inj 4.3759e-01 (3.8178e-01)	Loss Disc 6.9334e-01 (6.9235e-01)	Loss Pred 5.3113e-01 (5.5981e-01)	Loss TOTAL 9.5203e-01 (9.7559e-01)
Epoch: [49][200/496]	L_Src_Sup 1.3726e-01 (2.5137e-01)	L_Trg_Inj 2.7471e-01 (3.8005e-01)	Loss Disc 6.9133e-01 (6.9231e-01)	Loss Pred 5.4786e-01 (5.5990e-01)	Loss TOTAL 9.3472e-01 (9.7504e-01)
Epoch: [49][210/496]	L_Src_Sup 2.7999e-01 (2.5056e-01)	L_Trg_Inj 2.6866e-01 (3.7822e-01)	Loss Disc 6.9184e-01 (6.9224e-01)	Loss Pred 5.5905e-01 (5.6025e-01)	Loss TOTAL 9.7116e-01 (9.7487e-01)
Epoch: [49][220/496]	L_Src_Sup 2.2220e-01 (2.5060e-01)	L_Trg_Inj 2.1321e-01 (3.7517e-01)	Loss Disc 6.9103e-01 (6.9226e-01)	Loss Pred 5.6459e-01 (5.6032e-01)	Loss TOTAL 9.6265e-01 (9.7504e-01)
Epoch: [49][230/496]	L_Src_Sup 1.8557e-01 (2.4883e-01)	L_Trg_Inj 4.0575e-01 (3.7516e-01)	Loss Disc 6.8814e-01 (6.9230e-01)	Loss Pred 5.7558e-01 (5.6041e-01)	Loss TOTAL 9.7879e-01 (9.7471e-01)
Epoch: [49][240/496]	L_Src_Sup 1.9564e-01 (2.4883e-01)	L_Trg_Inj 3.4135e-01 (3.7426e-01)	Loss Disc 6.9119e-01 (6.9231e-01)	Loss Pred 6.0340e-01 (5.6040e-01)	Loss TOTAL 1.0027e+00 (9.7461e-01)
Epoch: [49][250/496]	L_Src_Sup 3.3322e-01 (2.5006e-01)	L_Trg_Inj 2.8567e-01 (3.7460e-01)	Loss Disc 6.9511e-01 (6.9230e-01)	Loss Pred 5.1470e-01 (5.6017e-01)	Loss TOTAL 9.7169e-01 (9.7450e-01)
Epoch: [49][260/496]	L_Src_Sup 2.4494e-01 (2.5087e-01)	L_Trg_Inj 3.8950e-01 (3.7322e-01)	Loss Disc 6.9025e-01 (6.9231e-01)	Loss Pred 5.7006e-01 (5.6047e-01)	Loss TOTAL 9.7862e-01 (9.7494e-01)
Epoch: [49][270/496]	L_Src_Sup 2.2710e-01 (2.5029e-01)	L_Trg_Inj 2.6475e-01 (3.7119e-01)	Loss Disc 6.9095e-01 (6.9231e-01)	Loss Pred 5.7599e-01 (5.6076e-01)	Loss TOTAL 9.7065e-01 (9.7536e-01)
Epoch: [49][280/496]	L_Src_Sup 3.2000e-01 (2.5094e-01)	L_Trg_Inj 3.4249e-01 (3.7000e-01)	Loss Disc 6.9230e-01 (6.9230e-01)	Loss Pred 5.5910e-01 (5.6070e-01)	Loss TOTAL 9.7150e-01 (9.7544e-01)
Epoch: [49][290/496]	L_Src_Sup 2.6088e-01 (2.5172e-01)	L_Trg_Inj 3.2838e-01 (3.6990e-01)	Loss Disc 6.9174e-01 (6.9228e-01)	Loss Pred 6.0265e-01 (5.6115e-01)	Loss TOTAL 1.0075e+00 (9.7614e-01)
Epoch: [49][300/496]	L_Src_Sup 3.3300e-01 (2.5276e-01)	L_Trg_Inj 2.7764e-01 (3.6948e-01)	Loss Disc 6.8819e-01 (6.9227e-01)	Loss Pred 6.1865e-01 (5.6141e-01)	Loss TOTAL 1.0792e+00 (9.7646e-01)
Epoch: [49][310/496]	L_Src_Sup 2.2091e-01 (2.5182e-01)	L_Trg_Inj 3.2868e-01 (3.6803e-01)	Loss Disc 6.9021e-01 (6.9227e-01)	Loss Pred 5.5398e-01 (5.6140e-01)	Loss TOTAL 9.5404e-01 (9.7607e-01)
Epoch: [49][320/496]	L_Src_Sup 3.3317e-01 (2.5128e-01)	L_Trg_Inj 1.9498e-01 (3.6483e-01)	Loss Disc 6.8966e-01 (6.9227e-01)	Loss Pred 5.8075e-01 (5.6144e-01)	Loss TOTAL 1.1166e+00 (9.7643e-01)
Epoch: [49][330/496]	L_Src_Sup 1.9820e-01 (2.4958e-01)	L_Trg_Inj 3.8643e-01 (3.6601e-01)	Loss Disc 6.9158e-01 (6.9229e-01)	Loss Pred 5.5904e-01 (5.6134e-01)	Loss TOTAL 9.6330e-01 (9.7636e-01)
Epoch: [49][340/496]	L_Src_Sup 1.5921e-01 (2.4856e-01)	L_Trg_Inj 3.9653e-01 (3.6848e-01)	Loss Disc 6.9433e-01 (6.9229e-01)	Loss Pred 5.4124e-01 (5.6125e-01)	Loss TOTAL 9.4398e-01 (9.7620e-01)
Epoch: [49][350/496]	L_Src_Sup 3.0000e-01 (2.4860e-01)	L_Trg_Inj 3.7898e-01 (3.6870e-01)	Loss Disc 6.9298e-01 (6.9230e-01)	Loss Pred 5.5902e-01 (5.6117e-01)	Loss TOTAL 9.7341e-01 (9.7595e-01)
Epoch: [49][360/496]	L_Src_Sup 2.2688e-01 (2.4821e-01)	L_Trg_Inj 2.3996e-01 (3.6626e-01)	Loss Disc 6.9073e-01 (6.9231e-01)	Loss Pred 5.7586e-01 (5.6124e-01)	Loss TOTAL 9.6792e-01 (9.7607e-01)
Epoch: [49][370/496]	L_Src_Sup 2.2451e-01 (2.4775e-01)	L_Trg_Inj 2.8244e-01 (3.6350e-01)	Loss Disc 6.9514e-01 (6.9232e-01)	Loss Pred 5.7005e-01 (5.6099e-01)	Loss TOTAL 9.6832e-01 (9.7565e-01)
Epoch: [49][380/496]	L_Src_Sup 1.5857e-01 (2.4759e-01)	L_Trg_Inj 4.1753e-01 (3.6225e-01)	Loss Disc 6.9261e-01 (6.9235e-01)	Loss Pred 5.5350e-01 (5.6083e-01)	Loss TOTAL 9.5742e-01 (9.7533e-01)
Epoch: [49][390/496]	L_Src_Sup 3.2609e-01 (2.4791e-01)	L_Trg_Inj 2.4991e-01 (3.6083e-01)	Loss Disc 6.9253e-01 (6.9234e-01)	Loss Pred 6.0320e-01 (5.6099e-01)	Loss TOTAL 1.0832e+00 (9.7582e-01)
Epoch: [49][400/496]	L_Src_Sup 2.3158e-01 (2.4715e-01)	L_Trg_Inj 2.3214e-01 (3.6000e-01)	Loss Disc 6.8840e-01 (6.9232e-01)	Loss Pred 5.8622e-01 (5.6133e-01)	Loss TOTAL 9.7679e-01 (9.7592e-01)
Epoch: [49][410/496]	L_Src_Sup 1.8499e-01 (2.4679e-01)	L_Trg_Inj 3.7458e-01 (3.5839e-01)	Loss Disc 6.8861e-01 (6.9228e-01)	Loss Pred 5.9135e-01 (5.6174e-01)	Loss TOTAL 9.9162e-01 (9.7630e-01)
Epoch: [49][420/496]	L_Src_Sup 1.5591e-01 (2.4662e-01)	L_Trg_Inj 3.8645e-01 (3.5741e-01)	Loss Disc 6.9134e-01 (6.9228e-01)	Loss Pred 5.5378e-01 (5.6178e-01)	Loss TOTAL 9.5369e-01 (9.7610e-01)
Epoch: [49][430/496]	L_Src_Sup 2.0224e-01 (2.4516e-01)	L_Trg_Inj 3.0774e-01 (3.5556e-01)	Loss Disc 6.8861e-01 (6.9227e-01)	Loss Pred 5.6778e-01 (5.6175e-01)	Loss TOTAL 9.6308e-01 (9.7556e-01)
Epoch: [49][440/496]	L_Src_Sup 2.1569e-01 (2.4460e-01)	L_Trg_Inj 1.6742e-01 (3.5326e-01)	Loss Disc 6.9593e-01 (6.9226e-01)	Loss Pred 5.4842e-01 (5.6187e-01)	Loss TOTAL 9.8297e-01 (9.7595e-01)
Epoch: [49][450/496]	L_Src_Sup 2.2451e-01 (2.4424e-01)	L_Trg_Inj 3.4832e-01 (3.5341e-01)	Loss Disc 6.9239e-01 (6.9226e-01)	Loss Pred 5.6991e-01 (5.6184e-01)	Loss TOTAL 9.7338e-01 (9.7597e-01)
Epoch: [49][460/496]	L_Src_Sup 1.9789e-01 (2.4334e-01)	L_Trg_Inj 1.5264e-01 (3.5259e-01)	Loss Disc 6.9520e-01 (6.9227e-01)	Loss Pred 5.5371e-01 (5.6169e-01)	Loss TOTAL 9.8161e-01 (9.7557e-01)
Epoch: [49][470/496]	L_Src_Sup 1.5026e-01 (2.4269e-01)	L_Trg_Inj 2.5388e-01 (3.5135e-01)	Loss Disc 6.9379e-01 (6.9226e-01)	Loss Pred 5.9675e-01 (5.6197e-01)	Loss TOTAL 9.8406e-01 (9.7578e-01)
Epoch: [49][480/496]	L_Src_Sup 2.7451e-01 (2.4249e-01)	L_Trg_Inj 4.3113e-01 (3.5115e-01)	Loss Disc 6.9182e-01 (6.9227e-01)	Loss Pred 5.4843e-01 (5.6202e-01)	Loss TOTAL 9.6491e-01 (9.7565e-01)
Epoch: [49][490/496]	L_Src_Sup 2.4490e-01 (2.4275e-01)	L_Trg_Inj 3.4920e-01 (3.5076e-01)	Loss Disc 6.9160e-01 (6.9227e-01)	Loss Pred 5.6990e-01 (5.6202e-01)	Loss TOTAL 9.7511e-01 (9.7555e-01)
Epoch: [49][496/496]	L_Src_Sup 2.4299e-01 (2.4215e-01)	L_Trg_Inj 2.2785e-01 (3.5011e-01)	Loss Disc 6.9653e-01 (6.9228e-01)	Loss Pred 5.2164e-01 (5.6192e-01)	Loss TOTAL 9.3213e-01 (9.7526e-01)
Epoch 49 complete. Saving model state...
