Using device: cuda
Loading Source Train...
Using Mean/Std calculated from Source Train (mean[0]=6.743648330487297, std[0]=0.9335744483783562)
Loading Target Train...
Epoch: [0][ 10/112]	L_Src_Sup 5.1694e-01 (1.6592e+00)	L_Trg_Inj 4.9066e-01 (1.6591e+00)	Loss Disc 7.1892e-01 (7.2205e-01)	Loss Pred 8.2929e-01 (8.5498e-01)	Loss TOTAL 1.3158e+00 (1.5555e+00)
Epoch: [0][ 20/112]	L_Src_Sup 1.6667e-01 (9.6164e-01)	L_Trg_Inj 2.9003e-01 (1.0010e+00)	Loss Disc 7.0992e-01 (7.1816e-01)	Loss Pred 8.7572e-01 (8.4620e-01)	Loss TOTAL 1.2763e+00 (1.4057e+00)
Epoch: [0][ 30/112]	L_Src_Sup 1.2286e-01 (7.0575e-01)	L_Trg_Inj 2.8859e-01 (7.6734e-01)	Loss Disc 7.0056e-01 (7.1359e-01)	Loss Pred 8.2408e-01 (8.4721e-01)	Loss TOTAL 1.2155e+00 (1.3543e+00)
Epoch: [0][ 40/112]	L_Src_Sup 1.2376e-01 (5.7872e-01)	L_Trg_Inj 3.2206e-01 (6.4658e-01)	Loss Disc 6.9603e-01 (7.0962e-01)	Loss Pred 8.3012e-01 (8.4576e-01)	Loss TOTAL 1.2227e+00 (1.3260e+00)
Epoch: [0][ 50/112]	L_Src_Sup 2.7386e-01 (4.9996e-01)	L_Trg_Inj 3.4108e-01 (5.7335e-01)	Loss Disc 6.9443e-01 (7.0670e-01)	Loss Pred 7.9239e-01 (8.4517e-01)	Loss TOTAL 1.2011e+00 (1.3092e+00)
Epoch: [0][ 60/112]	L_Src_Sup 1.5505e-01 (4.5589e-01)	L_Trg_Inj 3.8710e-01 (5.2820e-01)	Loss Disc 6.9361e-01 (7.0460e-01)	Loss Pred 8.0797e-01 (8.4390e-01)	Loss TOTAL 1.2090e+00 (1.2992e+00)
Epoch: [0][ 70/112]	L_Src_Sup 1.2388e-01 (4.1925e-01)	L_Trg_Inj 3.8910e-01 (4.9916e-01)	Loss Disc 6.9220e-01 (7.0296e-01)	Loss Pred 8.2399e-01 (8.4417e-01)	Loss TOTAL 1.2214e+00 (1.2914e+00)
Epoch: [0][ 80/112]	L_Src_Sup 9.4285e-02 (3.8817e-01)	L_Trg_Inj 2.6043e-01 (4.7256e-01)	Loss Disc 6.9255e-01 (7.0165e-01)	Loss Pred 8.8748e-01 (8.4405e-01)	Loss TOTAL 1.2692e+00 (1.2844e+00)
Epoch: [0][ 90/112]	L_Src_Sup 2.3791e-01 (3.6594e-01)	L_Trg_Inj 2.6273e-01 (4.5207e-01)	Loss Disc 6.9221e-01 (7.0057e-01)	Loss Pred 8.5788e-01 (8.4355e-01)	Loss TOTAL 1.2541e+00 (1.2794e+00)
Epoch: [0][100/112]	L_Src_Sup 1.5370e-01 (3.4700e-01)	L_Trg_Inj 2.1919e-01 (4.3341e-01)	Loss Disc 6.9275e-01 (6.9971e-01)	Loss Pred 7.8679e-01 (8.4069e-01)	Loss TOTAL 1.1705e+00 (1.2724e+00)
Epoch: [0][110/112]	L_Src_Sup 2.2280e-01 (3.3391e-01)	L_Trg_Inj 2.3741e-01 (4.2230e-01)	Loss Disc 6.9256e-01 (6.9897e-01)	Loss Pred 7.9276e-01 (8.3742e-01)	Loss TOTAL 1.1851e+00 (1.2661e+00)
Epoch: [0][112/112]	L_Src_Sup 1.7256e-01 (3.3109e-01)	L_Trg_Inj 2.3611e-01 (4.2033e-01)	Loss Disc 6.9238e-01 (6.9884e-01)	Loss Pred 7.9204e-01 (8.3698e-01)	Loss TOTAL 1.1791e+00 (1.2651e+00)
Epoch 0 complete. Saving model state...
Epoch: [1][ 10/112]	L_Src_Sup 2.7278e-01 (2.0406e-01)	L_Trg_Inj 4.0408e-01 (2.8669e-01)	Loss Disc 6.9113e-01 (6.9201e-01)	Loss Pred 7.8879e-01 (8.2277e-01)	Loss TOTAL 1.2020e+00 (1.2335e+00)
Epoch: [1][ 20/112]	L_Src_Sup 2.0181e-01 (1.9399e-01)	L_Trg_Inj 2.2129e-01 (2.7992e-01)	Loss Disc 6.9220e-01 (6.9200e-01)	Loss Pred 8.5130e-01 (8.2568e-01)	Loss TOTAL 1.2397e+00 (1.2269e+00)
Epoch: [1][ 30/112]	L_Src_Sup 1.8006e-01 (1.8730e-01)	L_Trg_Inj 2.6775e-01 (2.8868e-01)	Loss Disc 6.9226e-01 (6.9196e-01)	Loss Pred 8.2811e-01 (8.2456e-01)	Loss TOTAL 1.2190e+00 (1.2241e+00)
Epoch: [1][ 40/112]	L_Src_Sup 1.1734e-01 (1.8698e-01)	L_Trg_Inj 2.6570e-01 (2.9051e-01)	Loss Disc 6.9257e-01 (6.9201e-01)	Loss Pred 7.3593e-01 (8.2240e-01)	Loss TOTAL 1.1205e+00 (1.2207e+00)
Epoch: [1][ 50/112]	L_Src_Sup 1.8888e-01 (1.9165e-01)	L_Trg_Inj 2.8753e-01 (2.9288e-01)	Loss Disc 6.9299e-01 (6.9210e-01)	Loss Pred 7.6606e-01 (8.1883e-01)	Loss TOTAL 1.1602e+00 (1.2169e+00)
Epoch: [1][ 60/112]	L_Src_Sup 2.5673e-01 (1.9126e-01)	L_Trg_Inj 2.6492e-01 (2.8840e-01)	Loss Disc 6.9277e-01 (6.9225e-01)	Loss Pred 8.4666e-01 (8.1828e-01)	Loss TOTAL 1.2452e+00 (1.2161e+00)
Epoch: [1][ 70/112]	L_Src_Sup 1.7703e-01 (1.9029e-01)	L_Trg_Inj 1.7061e-01 (2.8665e-01)	Loss Disc 6.9468e-01 (6.9237e-01)	Loss Pred 8.0994e-01 (8.1939e-01)	Loss TOTAL 1.1985e+00 (1.2166e+00)
Epoch: [1][ 80/112]	L_Src_Sup 2.0988e-01 (1.9068e-01)	L_Trg_Inj 3.1020e-01 (2.9017e-01)	Loss Disc 6.9284e-01 (6.9246e-01)	Loss Pred 8.9389e-01 (8.2097e-01)	Loss TOTAL 1.2923e+00 (1.2182e+00)
Epoch: [1][ 90/112]	L_Src_Sup 2.5454e-01 (1.9541e-01)	L_Trg_Inj 4.1795e-01 (2.9031e-01)	Loss Disc 6.9155e-01 (6.9256e-01)	Loss Pred 8.3225e-01 (8.1948e-01)	Loss TOTAL 1.2453e+00 (1.2187e+00)
Epoch: [1][100/112]	L_Src_Sup 3.1112e-01 (1.9659e-01)	L_Trg_Inj 2.5550e-01 (2.8860e-01)	Loss Disc 6.9194e-01 (6.9264e-01)	Loss Pred 8.0190e-01 (8.1776e-01)	Loss TOTAL 1.2601e+00 (1.2176e+00)
Epoch: [1][110/112]	L_Src_Sup 1.9132e-01 (2.0431e-01)	L_Trg_Inj 3.0286e-01 (2.9177e-01)	Loss Disc 6.9066e-01 (6.9251e-01)	Loss Pred 7.7705e-01 (8.1566e-01)	Loss TOTAL 1.1718e+00 (1.2179e+00)
Epoch: [1][112/112]	L_Src_Sup 2.0875e-01 (2.0434e-01)	L_Trg_Inj 2.9145e-01 (2.9200e-01)	Loss Disc 6.9087e-01 (6.9248e-01)	Loss Pred 7.8772e-01 (8.1580e-01)	Loss TOTAL 1.1832e+00 (1.2179e+00)
Epoch 1 complete. Saving model state...
Epoch: [2][ 10/112]	L_Src_Sup 2.2427e-01 (1.9823e-01)	L_Trg_Inj 2.9569e-01 (3.0223e-01)	Loss Disc 6.8988e-01 (6.9041e-01)	Loss Pred 8.7080e-01 (8.0840e-01)	Loss TOTAL 1.2677e+00 (1.2039e+00)
Epoch: [2][ 20/112]	L_Src_Sup 1.6365e-01 (1.9521e-01)	L_Trg_Inj 3.1182e-01 (3.0230e-01)	Loss Disc 6.9055e-01 (6.9040e-01)	Loss Pred 8.3173e-01 (8.2281e-01)	Loss TOTAL 1.2245e+00 (1.2179e+00)
Epoch: [2][ 30/112]	L_Src_Sup 1.6517e-01 (2.0006e-01)	L_Trg_Inj 2.8087e-01 (2.9347e-01)	Loss Disc 6.9226e-01 (6.9072e-01)	Loss Pred 6.8265e-01 (8.1442e-01)	Loss TOTAL 1.0734e+00 (1.2102e+00)
Epoch: [2][ 40/112]	L_Src_Sup 2.6886e-01 (1.9709e-01)	L_Trg_Inj 3.8982e-01 (2.9514e-01)	Loss Disc 6.9064e-01 (6.9097e-01)	Loss Pred 7.0537e-01 (8.0321e-01)	Loss TOTAL 1.1166e+00 (1.1987e+00)
Epoch: [2][ 50/112]	L_Src_Sup 1.0388e-01 (1.9310e-01)	L_Trg_Inj 3.0300e-01 (2.9571e-01)	Loss Disc 6.9327e-01 (6.9129e-01)	Loss Pred 8.2803e-01 (8.0523e-01)	Loss TOTAL 1.2154e+00 (1.2004e+00)
Epoch: [2][ 60/112]	L_Src_Sup 2.9410e-01 (2.0135e-01)	L_Trg_Inj 3.7956e-01 (2.9897e-01)	Loss Disc 6.9274e-01 (6.9158e-01)	Loss Pred 9.3933e-01 (8.0592e-01)	Loss TOTAL 1.3531e+00 (1.2030e+00)
Epoch: [2][ 70/112]	L_Src_Sup 2.3208e-01 (2.0151e-01)	L_Trg_Inj 3.2742e-01 (2.9479e-01)	Loss Disc 6.9300e-01 (6.9186e-01)	Loss Pred 7.9666e-01 (8.0530e-01)	Loss TOTAL 1.1991e+00 (1.2038e+00)
Epoch: [2][ 80/112]	L_Src_Sup 2.1592e-01 (1.9901e-01)	L_Trg_Inj 3.7506e-01 (2.9513e-01)	Loss Disc 6.9325e-01 (6.9207e-01)	Loss Pred 8.2458e-01 (8.0728e-01)	Loss TOTAL 1.2303e+00 (1.2053e+00)
Epoch: [2][ 90/112]	L_Src_Sup 1.2256e-01 (1.9306e-01)	L_Trg_Inj 3.8979e-01 (2.9629e-01)	Loss Disc 6.9201e-01 (6.9218e-01)	Loss Pred 7.4793e-01 (8.0492e-01)	Loss TOTAL 1.1452e+00 (1.2022e+00)
Epoch: [2][100/112]	L_Src_Sup 1.4591e-01 (1.9279e-01)	L_Trg_Inj 2.0278e-01 (2.9065e-01)	Loss Disc 6.8947e-01 (6.9209e-01)	Loss Pred 7.8156e-01 (8.0345e-01)	Loss TOTAL 1.1612e+00 (1.2016e+00)
Epoch: [2][110/112]	L_Src_Sup 2.5521e-01 (1.9664e-01)	L_Trg_Inj 4.6944e-01 (2.9081e-01)	Loss Disc 6.6853e-01 (6.9123e-01)	Loss Pred 7.2355e-01 (7.9955e-01)	Loss TOTAL 1.1303e+00 (1.1993e+00)
Epoch: [2][112/112]	L_Src_Sup 2.5243e-01 (1.9758e-01)	L_Trg_Inj 2.9550e-01 (2.9131e-01)	Loss Disc 6.9115e-01 (6.9123e-01)	Loss Pred 9.1258e-01 (8.0030e-01)	Loss TOTAL 1.3129e+00 (1.2001e+00)
Epoch 2 complete. Saving model state...
Epoch: [3][ 10/112]	L_Src_Sup 2.3461e-01 (2.0482e-01)	L_Trg_Inj 2.6361e-01 (2.7990e-01)	Loss Disc 6.7408e-01 (6.8420e-01)	Loss Pred 7.8856e-01 (7.9144e-01)	Loss TOTAL 1.1754e+00 (1.2043e+00)
Epoch: [3][ 20/112]	L_Src_Sup 2.1069e-01 (2.0819e-01)	L_Trg_Inj 3.3585e-01 (2.7965e-01)	Loss Disc 6.8342e-01 (6.8346e-01)	Loss Pred 7.3673e-01 (7.7618e-01)	Loss TOTAL 1.1331e+00 (1.1815e+00)
Epoch: [3][ 30/112]	L_Src_Sup 2.5988e-01 (2.0551e-01)	L_Trg_Inj 3.4190e-01 (2.8534e-01)	Loss Disc 6.9416e-01 (6.8644e-01)	Loss Pred 7.1071e-01 (7.6701e-01)	Loss TOTAL 1.1180e+00 (1.1706e+00)
Epoch: [3][ 40/112]	L_Src_Sup 1.6092e-01 (2.0565e-01)	L_Trg_Inj 2.8225e-01 (2.8920e-01)	Loss Disc 6.9305e-01 (6.8801e-01)	Loss Pred 7.3833e-01 (7.5614e-01)	Loss TOTAL 1.1292e+00 (1.1587e+00)
Epoch: [3][ 50/112]	L_Src_Sup 1.8435e-01 (2.0480e-01)	L_Trg_Inj 1.9761e-01 (2.9155e-01)	Loss Disc 6.9380e-01 (6.8904e-01)	Loss Pred 7.3598e-01 (7.4782e-01)	Loss TOTAL 1.1211e+00 (1.1520e+00)
Epoch: [3][ 60/112]	L_Src_Sup 1.1963e-01 (2.0104e-01)	L_Trg_Inj 3.6956e-01 (2.9504e-01)	Loss Disc 6.9111e-01 (6.8963e-01)	Loss Pred 6.1932e-01 (7.3632e-01)	Loss TOTAL 1.0138e+00 (1.1393e+00)
Epoch: [3][ 70/112]	L_Src_Sup 2.5106e-01 (2.0178e-01)	L_Trg_Inj 2.7788e-01 (2.9746e-01)	Loss Disc 6.9194e-01 (6.9007e-01)	Loss Pred 5.9524e-01 (7.2440e-01)	Loss TOTAL 9.9410e-01 (1.1280e+00)
Epoch: [3][ 80/112]	L_Src_Sup 2.9797e-01 (2.0226e-01)	L_Trg_Inj 4.2714e-01 (3.0095e-01)	Loss Disc 6.9466e-01 (6.9045e-01)	Loss Pred 6.8893e-01 (7.1648e-01)	Loss TOTAL 1.1088e+00 (1.1197e+00)
Epoch: [3][ 90/112]	L_Src_Sup 2.1386e-01 (2.0230e-01)	L_Trg_Inj 3.1216e-01 (2.9644e-01)	Loss Disc 6.9270e-01 (6.9080e-01)	Loss Pred 6.2018e-01 (7.0725e-01)	Loss TOTAL 1.0191e+00 (1.1108e+00)
Epoch: [3][100/112]	L_Src_Sup 9.3227e-02 (2.0100e-01)	L_Trg_Inj 1.7145e-01 (2.9374e-01)	Loss Disc 6.9353e-01 (6.9102e-01)	Loss Pred 6.4824e-01 (7.0013e-01)	Loss TOTAL 1.0215e+00 (1.1034e+00)
Epoch: [3][110/112]	L_Src_Sup 2.3945e-01 (2.0198e-01)	L_Trg_Inj 2.6583e-01 (2.9386e-01)	Loss Disc 6.9247e-01 (6.9118e-01)	Loss Pred 5.6344e-01 (6.9139e-01)	Loss TOTAL 9.6020e-01 (1.0947e+00)
Epoch: [3][112/112]	L_Src_Sup 2.4195e-01 (2.0205e-01)	L_Trg_Inj 2.7904e-01 (2.9403e-01)	Loss Disc 6.9235e-01 (6.9120e-01)	Loss Pred 5.6578e-01 (6.8914e-01)	Loss TOTAL 9.6406e-01 (1.0923e+00)
Epoch 3 complete. Saving model state...
Epoch: [4][ 10/112]	L_Src_Sup 1.1362e-01 (1.8612e-01)	L_Trg_Inj 2.6469e-01 (2.7025e-01)	Loss Disc 6.9237e-01 (6.9257e-01)	Loss Pred 5.8759e-01 (5.9531e-01)	Loss TOTAL 9.7161e-01 (9.8976e-01)
Epoch: [4][ 20/112]	L_Src_Sup 2.2705e-01 (1.9171e-01)	L_Trg_Inj 2.7903e-01 (2.8370e-01)	Loss Disc 6.9144e-01 (6.9204e-01)	Loss Pred 5.5299e-01 (5.8516e-01)	Loss TOTAL 9.4932e-01 (9.7998e-01)
Epoch: [4][ 30/112]	L_Src_Sup 1.2863e-01 (1.9807e-01)	L_Trg_Inj 2.8231e-01 (2.8870e-01)	Loss Disc 6.8690e-01 (6.9128e-01)	Loss Pred 5.8324e-01 (5.7690e-01)	Loss TOTAL 9.6778e-01 (9.7416e-01)
Epoch: [4][ 40/112]	L_Src_Sup 2.3407e-01 (1.9581e-01)	L_Trg_Inj 2.9678e-01 (2.8931e-01)	Loss Disc 6.9260e-01 (6.9128e-01)	Loss Pred 5.6117e-01 (5.7042e-01)	Loss TOTAL 9.6056e-01 (9.6678e-01)
Epoch: [4][ 50/112]	L_Src_Sup 1.7849e-01 (1.9146e-01)	L_Trg_Inj 2.9445e-01 (2.8963e-01)	Loss Disc 6.9238e-01 (6.9159e-01)	Loss Pred 5.5054e-01 (5.6697e-01)	Loss TOTAL 9.4403e-01 (9.6270e-01)
Epoch: [4][ 60/112]	L_Src_Sup 1.3200e-01 (1.9600e-01)	L_Trg_Inj 2.6516e-01 (2.9028e-01)	Loss Disc 6.9173e-01 (6.9176e-01)	Loss Pred 5.3616e-01 (5.6391e-01)	Loss TOTAL 9.2174e-01 (9.6296e-01)
Epoch: [4][ 70/112]	L_Src_Sup 2.6913e-01 (1.9866e-01)	L_Trg_Inj 2.9647e-01 (2.8914e-01)	Loss Disc 6.9427e-01 (6.9164e-01)	Loss Pred 5.1604e-01 (5.6008e-01)	Loss TOTAL 9.1973e-01 (9.5944e-01)
Epoch: [4][ 80/112]	L_Src_Sup 2.2117e-01 (2.0091e-01)	L_Trg_Inj 2.5036e-01 (2.8908e-01)	Loss Disc 6.9067e-01 (6.9155e-01)	Loss Pred 5.3981e-01 (5.5737e-01)	Loss TOTAL 9.3230e-01 (9.5719e-01)
Epoch: [4][ 90/112]	L_Src_Sup 2.1976e-01 (2.0662e-01)	L_Trg_Inj 2.6129e-01 (2.8869e-01)	Loss Disc 6.9198e-01 (6.9146e-01)	Loss Pred 5.3081e-01 (5.5302e-01)	Loss TOTAL 9.2491e-01 (9.5401e-01)
Epoch: [4][100/112]	L_Src_Sup 2.0886e-01 (2.0481e-01)	L_Trg_Inj 2.8149e-01 (2.9124e-01)	Loss Disc 6.9050e-01 (6.9135e-01)	Loss Pred 4.9211e-01 (5.4922e-01)	Loss TOTAL 8.8640e-01 (9.4996e-01)
Epoch: [4][110/112]	L_Src_Sup 2.2424e-01 (2.0405e-01)	L_Trg_Inj 3.1173e-01 (2.9252e-01)	Loss Disc 6.9133e-01 (6.9124e-01)	Loss Pred 4.7964e-01 (5.4610e-01)	Loss TOTAL 8.7890e-01 (9.4634e-01)
Epoch: [4][112/112]	L_Src_Sup 2.4574e-01 (2.0506e-01)	L_Trg_Inj 2.4981e-01 (2.9176e-01)	Loss Disc 6.9099e-01 (6.9124e-01)	Loss Pred 4.9087e-01 (5.4501e-01)	Loss TOTAL 8.8592e-01 (9.4541e-01)
Epoch 4 complete. Saving model state...
Epoch: [5][ 10/112]	L_Src_Sup 2.7678e-01 (1.9667e-01)	L_Trg_Inj 3.3979e-01 (2.8835e-01)	Loss Disc 6.9004e-01 (6.9104e-01)	Loss Pred 5.1438e-01 (5.0065e-01)	Loss TOTAL 9.2106e-01 (8.9693e-01)
Epoch: [5][ 20/112]	L_Src_Sup 1.4220e-01 (2.0323e-01)	L_Trg_Inj 2.0346e-01 (2.8202e-01)	Loss Disc 6.9270e-01 (6.9123e-01)	Loss Pred 4.8967e-01 (4.9990e-01)	Loss TOTAL 8.7059e-01 (8.9867e-01)
Epoch: [5][ 30/112]	L_Src_Sup 1.9176e-01 (1.9741e-01)	L_Trg_Inj 2.9672e-01 (2.8801e-01)	Loss Disc 6.9140e-01 (6.9122e-01)	Loss Pred 5.3778e-01 (4.9824e-01)	Loss TOTAL 9.3233e-01 (8.9620e-01)
Epoch: [5][ 40/112]	L_Src_Sup 1.2672e-01 (2.0408e-01)	L_Trg_Inj 2.9516e-01 (2.9042e-01)	Loss Disc 6.9213e-01 (6.9111e-01)	Loss Pred 4.9937e-01 (4.9724e-01)	Loss TOTAL 8.8762e-01 (8.9804e-01)
Epoch: [5][ 50/112]	L_Src_Sup 3.0367e-01 (2.0475e-01)	L_Trg_Inj 2.2235e-01 (2.9143e-01)	Loss Disc 6.9290e-01 (6.9120e-01)	Loss Pred 5.1482e-01 (4.9761e-01)	Loss TOTAL 9.9520e-01 (8.9916e-01)
Epoch: [5][ 60/112]	L_Src_Sup 2.1428e-01 (2.0602e-01)	L_Trg_Inj 2.9815e-01 (2.9436e-01)	Loss Disc 6.9015e-01 (6.9111e-01)	Loss Pred 4.7195e-01 (4.9890e-01)	Loss TOTAL 8.6827e-01 (9.0226e-01)
Epoch: [5][ 70/112]	L_Src_Sup 4.0121e-01 (2.0899e-01)	L_Trg_Inj 2.5056e-01 (2.9922e-01)	Loss Disc 6.9045e-01 (6.9078e-01)	Loss Pred 4.7449e-01 (4.9880e-01)	Loss TOTAL 1.0355e+00 (9.0382e-01)
Epoch: [5][ 80/112]	L_Src_Sup 2.8646e-01 (2.0897e-01)	L_Trg_Inj 2.5049e-01 (2.9707e-01)	Loss Disc 6.9120e-01 (6.9060e-01)	Loss Pred 4.9154e-01 (5.0004e-01)	Loss TOTAL 9.2680e-01 (9.0536e-01)
Epoch: [5][ 90/112]	L_Src_Sup 1.6268e-01 (2.0860e-01)	L_Trg_Inj 2.8212e-01 (2.9543e-01)	Loss Disc 6.8977e-01 (6.9060e-01)	Loss Pred 5.1603e-01 (4.9989e-01)	Loss TOTAL 9.0540e-01 (9.0471e-01)
Epoch: [5][100/112]	L_Src_Sup 1.9290e-01 (2.0735e-01)	L_Trg_Inj 2.9795e-01 (2.9521e-01)	Loss Disc 6.8860e-01 (6.9050e-01)	Loss Pred 4.7823e-01 (4.9999e-01)	Loss TOTAL 8.7161e-01 (9.0422e-01)
Epoch: [5][110/112]	L_Src_Sup 2.7491e-01 (2.0985e-01)	L_Trg_Inj 3.7601e-01 (2.9745e-01)	Loss Disc 6.8812e-01 (6.9043e-01)	Loss Pred 5.0828e-01 (4.9971e-01)	Loss TOTAL 9.1743e-01 (9.0393e-01)
Epoch: [5][112/112]	L_Src_Sup 1.6995e-01 (2.1071e-01)	L_Trg_Inj 2.6618e-01 (2.9675e-01)	Loss Disc 6.9058e-01 (6.9043e-01)	Loss Pred 5.2663e-01 (4.9965e-01)	Loss TOTAL 9.1553e-01 (9.0459e-01)
Epoch 5 complete. Saving model state...
Epoch: [6][ 10/112]	L_Src_Sup 2.5007e-01 (2.3267e-01)	L_Trg_Inj 2.1921e-01 (2.7104e-01)	Loss Disc 6.9141e-01 (6.9054e-01)	Loss Pred 4.9007e-01 (4.9647e-01)	Loss TOTAL 9.1355e-01 (9.0038e-01)
Epoch: [6][ 20/112]	L_Src_Sup 1.7407e-01 (1.9689e-01)	L_Trg_Inj 2.1942e-01 (2.6404e-01)	Loss Disc 6.9167e-01 (6.9085e-01)	Loss Pred 4.8573e-01 (4.9276e-01)	Loss TOTAL 8.7091e-01 (8.8914e-01)
Epoch: [6][ 30/112]	L_Src_Sup 1.6523e-01 (1.9593e-01)	L_Trg_Inj 2.8191e-01 (2.7434e-01)	Loss Disc 6.9088e-01 (6.9073e-01)	Loss Pred 5.0758e-01 (4.9494e-01)	Loss TOTAL 8.9773e-01 (8.9239e-01)
Epoch: [6][ 40/112]	L_Src_Sup 1.6836e-01 (2.0082e-01)	L_Trg_Inj 3.1274e-01 (2.8174e-01)	Loss Disc 6.8922e-01 (6.9059e-01)	Loss Pred 4.4620e-01 (4.9266e-01)	Loss TOTAL 8.3893e-01 (8.9001e-01)
Epoch: [6][ 50/112]	L_Src_Sup 2.0850e-01 (2.0178e-01)	L_Trg_Inj 2.1381e-01 (2.8958e-01)	Loss Disc 6.9357e-01 (6.9061e-01)	Loss Pred 5.2033e-01 (4.9040e-01)	Loss TOTAL 9.0934e-01 (8.8787e-01)
Epoch: [6][ 60/112]	L_Src_Sup 1.4180e-01 (2.0538e-01)	L_Trg_Inj 1.7158e-01 (2.8262e-01)	Loss Disc 6.9254e-01 (6.9074e-01)	Loss Pred 4.8311e-01 (4.9127e-01)	Loss TOTAL 8.6072e-01 (8.9118e-01)
Epoch: [6][ 70/112]	L_Src_Sup 1.8794e-01 (2.0638e-01)	L_Trg_Inj 3.1128e-01 (2.8479e-01)	Loss Disc 6.9163e-01 (6.9076e-01)	Loss Pred 5.2118e-01 (4.9129e-01)	Loss TOTAL 9.1692e-01 (8.9191e-01)
Epoch: [6][ 80/112]	L_Src_Sup 9.1564e-02 (2.0259e-01)	L_Trg_Inj 2.6547e-01 (2.8395e-01)	Loss Disc 6.9137e-01 (6.9080e-01)	Loss Pred 4.8806e-01 (4.9088e-01)	Loss TOTAL 8.6944e-01 (8.9157e-01)
Epoch: [6][ 90/112]	L_Src_Sup 1.9005e-01 (2.0088e-01)	L_Trg_Inj 2.4866e-01 (2.8348e-01)	Loss Disc 6.9102e-01 (6.9084e-01)	Loss Pred 5.3339e-01 (4.9194e-01)	Loss TOTAL 9.2277e-01 (8.9178e-01)
Epoch: [6][100/112]	L_Src_Sup 1.8078e-01 (1.9945e-01)	L_Trg_Inj 2.5829e-01 (2.8826e-01)	Loss Disc 6.9051e-01 (6.9079e-01)	Loss Pred 4.8208e-01 (4.9148e-01)	Loss TOTAL 8.7124e-01 (8.9104e-01)
Epoch: [6][110/112]	L_Src_Sup 2.1965e-01 (2.0033e-01)	L_Trg_Inj 2.7969e-01 (2.8692e-01)	Loss Disc 6.9141e-01 (6.9075e-01)	Loss Pred 5.0185e-01 (4.9206e-01)	Loss TOTAL 8.9749e-01 (8.9162e-01)
Epoch: [6][112/112]	L_Src_Sup 1.4374e-01 (1.9977e-01)	L_Trg_Inj 2.7956e-01 (2.8693e-01)	Loss Disc 6.9051e-01 (6.9073e-01)	Loss Pred 4.8177e-01 (4.9180e-01)	Loss TOTAL 8.6936e-01 (8.9120e-01)
Epoch 6 complete. Saving model state...
Epoch: [7][ 10/112]	L_Src_Sup 2.6020e-01 (2.1480e-01)	L_Trg_Inj 1.8736e-01 (2.8823e-01)	Loss Disc 6.8861e-01 (6.9082e-01)	Loss Pred 5.2139e-01 (5.0048e-01)	Loss TOTAL 9.8329e-01 (9.1475e-01)
Epoch: [7][ 20/112]	L_Src_Sup 1.4433e-01 (2.1356e-01)	L_Trg_Inj 2.9575e-01 (2.9843e-01)	Loss Disc 6.9080e-01 (6.9033e-01)	Loss Pred 4.9351e-01 (4.9264e-01)	Loss TOTAL 8.8292e-01 (8.9829e-01)
Epoch: [7][ 30/112]	L_Src_Sup 1.4691e-01 (2.1205e-01)	L_Trg_Inj 3.4238e-01 (2.9952e-01)	Loss Disc 6.9183e-01 (6.9051e-01)	Loss Pred 5.0609e-01 (4.8814e-01)	Loss TOTAL 9.0094e-01 (8.9078e-01)
Epoch: [7][ 40/112]	L_Src_Sup 1.9064e-01 (2.0345e-01)	L_Trg_Inj 2.6023e-01 (2.9750e-01)	Loss Disc 6.9404e-01 (6.9090e-01)	Loss Pred 5.3221e-01 (4.8396e-01)	Loss TOTAL 9.2431e-01 (8.8418e-01)
Epoch: [7][ 50/112]	L_Src_Sup 2.4323e-01 (2.0577e-01)	L_Trg_Inj 2.5005e-01 (2.9484e-01)	Loss Disc 6.9200e-01 (6.9111e-01)	Loss Pred 5.2377e-01 (4.8747e-01)	Loss TOTAL 9.1910e-01 (8.8817e-01)
Epoch: [7][ 60/112]	L_Src_Sup 1.8672e-01 (2.0025e-01)	L_Trg_Inj 2.3383e-01 (2.9152e-01)	Loss Disc 6.9176e-01 (6.9121e-01)	Loss Pred 4.4906e-01 (4.8652e-01)	Loss TOTAL 8.3700e-01 (8.8568e-01)
Epoch: [7][ 70/112]	L_Src_Sup 2.2286e-01 (1.9928e-01)	L_Trg_Inj 1.5611e-01 (2.8683e-01)	Loss Disc 6.9588e-01 (6.9132e-01)	Loss Pred 5.1158e-01 (4.8790e-01)	Loss TOTAL 9.6416e-01 (8.8745e-01)
Epoch: [7][ 80/112]	L_Src_Sup 1.4661e-01 (1.9884e-01)	L_Trg_Inj 3.1267e-01 (2.8997e-01)	Loss Disc 6.9159e-01 (6.9139e-01)	Loss Pred 4.8617e-01 (4.8884e-01)	Loss TOTAL 8.7789e-01 (8.8864e-01)
Epoch: [7][ 90/112]	L_Src_Sup 1.9162e-01 (2.0073e-01)	L_Trg_Inj 2.6460e-01 (2.9038e-01)	Loss Disc 6.9194e-01 (6.9142e-01)	Loss Pred 4.6789e-01 (4.8901e-01)	Loss TOTAL 8.5948e-01 (8.8847e-01)
Epoch: [7][100/112]	L_Src_Sup 1.1673e-01 (2.0035e-01)	L_Trg_Inj 2.6495e-01 (2.8824e-01)	Loss Disc 6.9155e-01 (6.9146e-01)	Loss Pred 5.4288e-01 (4.9065e-01)	Loss TOTAL 9.2683e-01 (8.9059e-01)
Epoch: [7][110/112]	L_Src_Sup 1.2185e-01 (1.9839e-01)	L_Trg_Inj 3.8996e-01 (2.9056e-01)	Loss Disc 6.8970e-01 (6.9139e-01)	Loss Pred 4.6778e-01 (4.9056e-01)	Loss TOTAL 8.6381e-01 (8.9001e-01)
Epoch: [7][112/112]	L_Src_Sup 1.9330e-01 (1.9879e-01)	L_Trg_Inj 2.5135e-01 (2.8929e-01)	Loss Disc 6.9229e-01 (6.9141e-01)	Loss Pred 4.7455e-01 (4.9033e-01)	Loss TOTAL 8.6516e-01 (8.9015e-01)
Epoch 7 complete. Saving model state...
Epoch: [8][ 10/112]	L_Src_Sup 2.0349e-01 (3.1917e-01)	L_Trg_Inj 4.0574e-01 (2.9615e-01)	Loss Disc 6.8928e-01 (6.9131e-01)	Loss Pred 4.7661e-01 (5.4398e-01)	Loss TOTAL 8.8217e-01 (1.0532e+00)
Epoch: [8][ 20/112]	L_Src_Sup 2.8075e-01 (2.6623e-01)	L_Trg_Inj 2.1846e-01 (2.8488e-01)	Loss Disc 6.9117e-01 (6.9069e-01)	Loss Pred 4.4146e-01 (5.1958e-01)	Loss TOTAL 8.9925e-01 (9.8234e-01)
Epoch: [8][ 30/112]	L_Src_Sup 1.4878e-01 (2.4931e-01)	L_Trg_Inj 2.4967e-01 (2.9155e-01)	Loss Disc 6.9170e-01 (6.9034e-01)	Loss Pred 5.2598e-01 (5.0583e-01)	Loss TOTAL 9.1168e-01 (9.4778e-01)
Epoch: [8][ 40/112]	L_Src_Sup 1.9834e-01 (2.3772e-01)	L_Trg_Inj 3.2780e-01 (2.8702e-01)	Loss Disc 6.8937e-01 (6.9038e-01)	Loss Pred 4.9549e-01 (5.0450e-01)	Loss TOTAL 8.9279e-01 (9.3658e-01)
Epoch: [8][ 50/112]	L_Src_Sup 1.2391e-01 (2.3166e-01)	L_Trg_Inj 2.4970e-01 (2.8788e-01)	Loss Disc 6.9152e-01 (6.9034e-01)	Loss Pred 5.0084e-01 (5.0301e-01)	Loss TOTAL 8.8396e-01 (9.2813e-01)
Epoch: [8][ 60/112]	L_Src_Sup 1.7401e-01 (2.1964e-01)	L_Trg_Inj 3.6415e-01 (2.8794e-01)	Loss Disc 6.8800e-01 (6.9033e-01)	Loss Pred 4.7014e-01 (4.9986e-01)	Loss TOTAL 8.6796e-01 (9.1911e-01)
Epoch: [8][ 70/112]	L_Src_Sup 2.8589e-01 (2.2076e-01)	L_Trg_Inj 2.8094e-01 (2.8862e-01)	Loss Disc 6.9026e-01 (6.9035e-01)	Loss Pred 4.8859e-01 (4.9971e-01)	Loss TOTAL 8.9535e-01 (9.1589e-01)
Epoch: [8][ 80/112]	L_Src_Sup 2.8580e-01 (2.2401e-01)	L_Trg_Inj 2.9644e-01 (2.8911e-01)	Loss Disc 6.9106e-01 (6.9034e-01)	Loss Pred 5.3076e-01 (4.9752e-01)	Loss TOTAL 9.3452e-01 (9.1186e-01)
Epoch: [8][ 90/112]	L_Src_Sup 2.3225e-01 (2.2123e-01)	L_Trg_Inj 2.8082e-01 (2.8804e-01)	Loss Disc 6.9040e-01 (6.9035e-01)	Loss Pred 5.0314e-01 (4.9830e-01)	Loss TOTAL 8.9965e-01 (9.1027e-01)
Epoch: [8][100/112]	L_Src_Sup 2.9115e-01 (2.2300e-01)	L_Trg_Inj 4.0560e-01 (2.9101e-01)	Loss Disc 6.8802e-01 (6.9029e-01)	Loss Pred 4.9941e-01 (4.9700e-01)	Loss TOTAL 9.1310e-01 (9.0850e-01)
Epoch: [8][110/112]	L_Src_Sup 2.0573e-01 (2.2206e-01)	L_Trg_Inj 3.5878e-01 (2.9192e-01)	Loss Disc 6.9085e-01 (6.9028e-01)	Loss Pred 5.1784e-01 (4.9608e-01)	Loss TOTAL 9.1971e-01 (9.0673e-01)
Epoch: [8][112/112]	L_Src_Sup 2.3436e-01 (2.2236e-01)	L_Trg_Inj 4.2121e-01 (2.9242e-01)	Loss Disc 6.8775e-01 (6.9028e-01)	Loss Pred 4.9336e-01 (4.9632e-01)	Loss TOTAL 9.0279e-01 (9.0701e-01)
Epoch 8 complete. Saving model state...
Epoch: [9][ 10/112]	L_Src_Sup 1.8295e-01 (2.0497e-01)	L_Trg_Inj 2.9613e-01 (3.3955e-01)	Loss Disc 6.8867e-01 (6.8855e-01)	Loss Pred 5.1799e-01 (4.9352e-01)	Loss TOTAL 9.1023e-01 (8.9225e-01)
Epoch: [9][ 20/112]	L_Src_Sup 1.6086e-01 (2.1378e-01)	L_Trg_Inj 3.5876e-01 (3.1846e-01)	Loss Disc 6.8976e-01 (6.8918e-01)	Loss Pred 4.8665e-01 (4.9434e-01)	Loss TOTAL 8.8350e-01 (8.9467e-01)
Epoch: [9][ 30/112]	L_Src_Sup 1.9648e-01 (2.1036e-01)	L_Trg_Inj 2.0263e-01 (3.1141e-01)	Loss Disc 6.9133e-01 (6.8924e-01)	Loss Pred 4.8625e-01 (4.9113e-01)	Loss TOTAL 8.7182e-01 (8.9238e-01)
Epoch: [9][ 40/112]	L_Src_Sup 1.3013e-01 (2.1705e-01)	L_Trg_Inj 2.4968e-01 (3.0370e-01)	Loss Disc 6.8820e-01 (6.8945e-01)	Loss Pred 4.1726e-01 (4.8724e-01)	Loss TOTAL 7.9934e-01 (8.9325e-01)
Epoch: [9][ 50/112]	L_Src_Sup 1.7550e-01 (2.1032e-01)	L_Trg_Inj 2.0252e-01 (3.0123e-01)	Loss Disc 6.9242e-01 (6.8981e-01)	Loss Pred 4.7374e-01 (4.8767e-01)	Loss TOTAL 8.5775e-01 (8.9110e-01)
Epoch: [9][ 60/112]	L_Src_Sup 1.4821e-01 (2.1447e-01)	L_Trg_Inj 2.3513e-01 (2.9783e-01)	Loss Disc 6.9048e-01 (6.8995e-01)	Loss Pred 5.1123e-01 (4.8868e-01)	Loss TOTAL 8.9480e-01 (8.9230e-01)
Epoch: [9][ 70/112]	L_Src_Sup 2.6798e-01 (2.1140e-01)	L_Trg_Inj 2.9623e-01 (2.9785e-01)	Loss Disc 6.8980e-01 (6.8984e-01)	Loss Pred 4.8601e-01 (4.8749e-01)	Loss TOTAL 8.8733e-01 (8.8983e-01)
Epoch: [9][ 80/112]	L_Src_Sup 2.6544e-01 (2.1369e-01)	L_Trg_Inj 1.5600e-01 (2.9069e-01)	Loss Disc 6.9716e-01 (6.9011e-01)	Loss Pred 4.7971e-01 (4.8776e-01)	Loss TOTAL 9.7988e-01 (8.9308e-01)
Epoch: [9][ 90/112]	L_Src_Sup 1.6830e-01 (2.0873e-01)	L_Trg_Inj 2.9615e-01 (2.9246e-01)	Loss Disc 6.9042e-01 (6.9015e-01)	Loss Pred 5.1774e-01 (4.8814e-01)	Loss TOTAL 9.0940e-01 (8.9207e-01)
Epoch: [9][100/112]	L_Src_Sup 1.2969e-01 (2.0821e-01)	L_Trg_Inj 2.8153e-01 (2.8921e-01)	Loss Disc 6.9126e-01 (6.9025e-01)	Loss Pred 5.1175e-01 (4.8859e-01)	Loss TOTAL 8.9850e-01 (8.9155e-01)
Epoch: [9][110/112]	L_Src_Sup 1.3148e-01 (2.0736e-01)	L_Trg_Inj 2.8731e-01 (2.8645e-01)	Loss Disc 6.9057e-01 (6.9035e-01)	Loss Pred 4.6713e-01 (4.8841e-01)	Loss TOTAL 8.5429e-01 (8.9100e-01)
Epoch: [9][112/112]	L_Src_Sup 1.6080e-01 (2.0675e-01)	L_Trg_Inj 3.4316e-01 (2.8747e-01)	Loss Disc 6.8949e-01 (6.9034e-01)	Loss Pred 4.8588e-01 (4.8859e-01)	Loss TOTAL 8.8103e-01 (8.9107e-01)
Epoch 9 complete. Saving model state...
Epoch: [10][ 10/112]	L_Src_Sup 1.6225e-01 (2.2536e-01)	L_Trg_Inj 1.6853e-01 (2.6193e-01)	Loss Disc 6.9240e-01 (6.9082e-01)	Loss Pred 4.9237e-01 (4.7827e-01)	Loss TOTAL 8.7165e-01 (8.8642e-01)
Epoch: [10][ 20/112]	L_Src_Sup 2.3866e-01 (2.2311e-01)	L_Trg_Inj 3.2770e-01 (2.8322e-01)	Loss Disc 6.8948e-01 (6.9036e-01)	Loss Pred 5.0463e-01 (4.8133e-01)	Loss TOTAL 9.0600e-01 (8.9047e-01)
Epoch: [10][ 30/112]	L_Src_Sup 1.8352e-01 (2.0726e-01)	L_Trg_Inj 2.4933e-01 (2.8330e-01)	Loss Disc 6.9104e-01 (6.9033e-01)	Loss Pred 5.0459e-01 (4.8623e-01)	Loss TOTAL 8.9340e-01 (8.8934e-01)
Epoch: [10][ 40/112]	L_Src_Sup 2.4364e-01 (2.1031e-01)	L_Trg_Inj 2.4910e-01 (2.9409e-01)	Loss Disc 6.9173e-01 (6.9023e-01)	Loss Pred 4.6685e-01 (4.8547e-01)	Loss TOTAL 8.6198e-01 (8.8825e-01)
Epoch: [10][ 50/112]	L_Src_Sup 1.7740e-01 (2.1163e-01)	L_Trg_Inj 2.4946e-01 (2.9284e-01)	Loss Disc 6.9096e-01 (6.9034e-01)	Loss Pred 4.7928e-01 (4.8555e-01)	Loss TOTAL 8.6745e-01 (8.8822e-01)
Epoch: [10][ 60/112]	L_Src_Sup 1.7400e-01 (2.0982e-01)	L_Trg_Inj 2.6512e-01 (2.9000e-01)	Loss Disc 6.9354e-01 (6.9035e-01)	Loss Pred 4.6647e-01 (4.8626e-01)	Loss TOTAL 8.5715e-01 (8.8964e-01)
Epoch: [10][ 70/112]	L_Src_Sup 1.7395e-01 (2.0611e-01)	L_Trg_Inj 2.6536e-01 (2.8780e-01)	Loss Disc 6.9109e-01 (6.9050e-01)	Loss Pred 4.6940e-01 (4.8624e-01)	Loss TOTAL 8.5888e-01 (8.8871e-01)
Epoch: [10][ 80/112]	L_Src_Sup 2.0774e-01 (2.0424e-01)	L_Trg_Inj 3.7357e-01 (2.9043e-01)	Loss Disc 6.8986e-01 (6.9042e-01)	Loss Pred 5.4180e-01 (4.8796e-01)	Loss TOTAL 9.4486e-01 (8.8973e-01)
Epoch: [10][ 90/112]	L_Src_Sup 1.8818e-01 (2.0293e-01)	L_Trg_Inj 2.9611e-01 (2.9122e-01)	Loss Disc 6.9032e-01 (6.9045e-01)	Loss Pred 4.5533e-01 (4.8847e-01)	Loss TOTAL 8.4892e-01 (8.9025e-01)
Epoch: [10][100/112]	L_Src_Sup 1.7172e-01 (2.0165e-01)	L_Trg_Inj 3.0291e-01 (2.8977e-01)	Loss Disc 6.9089e-01 (6.9050e-01)	Loss Pred 5.3001e-01 (4.8799e-01)	Loss TOTAL 9.2292e-01 (8.8939e-01)
Epoch: [10][110/112]	L_Src_Sup 1.7769e-01 (1.9929e-01)	L_Trg_Inj 3.1229e-01 (2.8958e-01)	Loss Disc 6.8933e-01 (6.9046e-01)	Loss Pred 4.7900e-01 (4.8822e-01)	Loss TOTAL 8.7266e-01 (8.8892e-01)
Epoch: [10][112/112]	L_Src_Sup 1.0818e-01 (1.9781e-01)	L_Trg_Inj 3.1235e-01 (2.9012e-01)	Loss Disc 6.9122e-01 (6.9045e-01)	Loss Pred 4.9199e-01 (4.8831e-01)	Loss TOTAL 8.7965e-01 (8.8880e-01)
Epoch 10 complete. Saving model state...
Epoch: [11][ 10/112]	L_Src_Sup 1.9634e-01 (1.8734e-01)	L_Trg_Inj 2.9666e-01 (2.6572e-01)	Loss Disc 6.8822e-01 (6.9031e-01)	Loss Pred 5.4929e-01 (4.9731e-01)	Loss TOTAL 9.4270e-01 (8.9770e-01)
Epoch: [11][ 20/112]	L_Src_Sup 1.9653e-01 (2.1041e-01)	L_Trg_Inj 3.1234e-01 (2.8279e-01)	Loss Disc 6.9024e-01 (6.9088e-01)	Loss Pred 4.8533e-01 (4.9209e-01)	Loss TOTAL 8.8134e-01 (8.9919e-01)
Epoch: [11][ 30/112]	L_Src_Sup 3.2743e-01 (2.2165e-01)	L_Trg_Inj 2.8090e-01 (2.7966e-01)	Loss Disc 6.9102e-01 (6.9092e-01)	Loss Pred 4.9791e-01 (4.9110e-01)	Loss TOTAL 9.5078e-01 (8.9855e-01)
Epoch: [11][ 40/112]	L_Src_Sup 1.7554e-01 (2.1362e-01)	L_Trg_Inj 1.6925e-01 (2.8947e-01)	Loss Disc 6.9378e-01 (6.9072e-01)	Loss Pred 4.7275e-01 (4.8794e-01)	Loss TOTAL 8.6041e-01 (8.9272e-01)
Epoch: [11][ 50/112]	L_Src_Sup 2.0402e-01 (2.1472e-01)	L_Trg_Inj 2.8083e-01 (2.8738e-01)	Loss Disc 6.9068e-01 (6.9073e-01)	Loss Pred 4.9844e-01 (4.8780e-01)	Loss TOTAL 8.9227e-01 (8.9237e-01)
Epoch: [11][ 60/112]	L_Src_Sup 1.7244e-01 (2.1730e-01)	L_Trg_Inj 2.4972e-01 (2.8316e-01)	Loss Disc 6.9104e-01 (6.9078e-01)	Loss Pred 4.5986e-01 (4.8779e-01)	Loss TOTAL 8.4760e-01 (8.9241e-01)
Epoch: [11][ 70/112]	L_Src_Sup 2.1624e-01 (2.1041e-01)	L_Trg_Inj 2.9536e-01 (2.8524e-01)	Loss Disc 6.9005e-01 (6.9074e-01)	Loss Pred 4.9151e-01 (4.8796e-01)	Loss TOTAL 8.8769e-01 (8.9077e-01)
Epoch: [11][ 80/112]	L_Src_Sup 2.4403e-01 (2.1198e-01)	L_Trg_Inj 3.4365e-01 (2.8661e-01)	Loss Disc 6.9154e-01 (6.9071e-01)	Loss Pred 4.6609e-01 (4.8763e-01)	Loss TOTAL 8.7063e-01 (8.9088e-01)
Epoch: [11][ 90/112]	L_Src_Sup 2.2228e-01 (2.1076e-01)	L_Trg_Inj 3.9240e-01 (2.9211e-01)	Loss Disc 6.8921e-01 (6.9064e-01)	Loss Pred 5.1054e-01 (4.8750e-01)	Loss TOTAL 9.1662e-01 (8.9024e-01)
Epoch: [11][100/112]	L_Src_Sup 2.1058e-01 (2.0870e-01)	L_Trg_Inj 3.2749e-01 (2.9130e-01)	Loss Disc 6.9017e-01 (6.9066e-01)	Loss Pred 4.7315e-01 (4.8637e-01)	Loss TOTAL 8.7204e-01 (8.8812e-01)
Epoch: [11][110/112]	L_Src_Sup 1.6232e-01 (2.0804e-01)	L_Trg_Inj 2.5150e-01 (2.9417e-01)	Loss Disc 6.9124e-01 (6.9060e-01)	Loss Pred 4.9488e-01 (4.8659e-01)	Loss TOTAL 8.8188e-01 (8.8804e-01)
Epoch: [11][112/112]	L_Src_Sup 2.3831e-01 (2.0843e-01)	L_Trg_Inj 2.3426e-01 (2.9282e-01)	Loss Disc 6.9126e-01 (6.9063e-01)	Loss Pred 5.0429e-01 (4.8748e-01)	Loss TOTAL 9.0123e-01 (8.8895e-01)
Epoch 11 complete. Saving model state...
Epoch: [12][ 10/112]	L_Src_Sup 9.6160e-02 (1.6798e-01)	L_Trg_Inj 3.1235e-01 (3.0225e-01)	Loss Disc 6.9078e-01 (6.9058e-01)	Loss Pred 5.3669e-01 (4.9940e-01)	Loss TOTAL 9.2293e-01 (8.9235e-01)
Epoch: [12][ 20/112]	L_Src_Sup 8.4781e-02 (1.6120e-01)	L_Trg_Inj 2.4916e-01 (2.9458e-01)	Loss Disc 6.9108e-01 (6.9073e-01)	Loss Pred 4.4729e-01 (4.9280e-01)	Loss TOTAL 8.2623e-01 (8.8610e-01)
Epoch: [12][ 30/112]	L_Src_Sup 1.8191e-01 (1.8221e-01)	L_Trg_Inj 2.3317e-01 (2.9247e-01)	Loss Disc 6.9166e-01 (6.9084e-01)	Loss Pred 4.4085e-01 (4.8722e-01)	Loss TOTAL 8.2819e-01 (8.8439e-01)
Epoch: [12][ 40/112]	L_Src_Sup 1.4961e-01 (1.8247e-01)	L_Trg_Inj 3.7354e-01 (2.9025e-01)	Loss Disc 6.8921e-01 (6.9089e-01)	Loss Pred 5.1660e-01 (4.8597e-01)	Loss TOTAL 9.1352e-01 (8.8208e-01)
Epoch: [12][ 50/112]	L_Src_Sup 1.9060e-01 (1.8740e-01)	L_Trg_Inj 2.6474e-01 (2.8934e-01)	Loss Disc 6.8893e-01 (6.9082e-01)	Loss Pred 5.2918e-01 (4.8793e-01)	Loss TOTAL 9.1918e-01 (8.8465e-01)
Epoch: [12][ 60/112]	L_Src_Sup 1.9451e-01 (1.8368e-01)	L_Trg_Inj 3.2847e-01 (2.9072e-01)	Loss Disc 6.9084e-01 (6.9100e-01)	Loss Pred 4.7318e-01 (4.8764e-01)	Loss TOTAL 8.7090e-01 (8.8362e-01)
Epoch: [12][ 70/112]	L_Src_Sup 1.6364e-01 (1.8310e-01)	L_Trg_Inj 2.8323e-01 (2.9370e-01)	Loss Disc 6.9091e-01 (6.9092e-01)	Loss Pred 4.9753e-01 (4.8708e-01)	Loss TOTAL 8.8767e-01 (8.8282e-01)
Epoch: [12][ 80/112]	L_Src_Sup 1.8381e-01 (1.9055e-01)	L_Trg_Inj 2.8099e-01 (2.9563e-01)	Loss Disc 6.9128e-01 (6.9087e-01)	Loss Pred 5.0382e-01 (4.8684e-01)	Loss TOTAL 8.9594e-01 (8.8377e-01)
Epoch: [12][ 90/112]	L_Src_Sup 2.1118e-01 (1.9156e-01)	L_Trg_Inj 3.9477e-01 (2.9321e-01)	Loss Disc 6.9045e-01 (6.9092e-01)	Loss Pred 4.7230e-01 (4.8778e-01)	Loss TOTAL 8.7812e-01 (8.8477e-01)
Epoch: [12][100/112]	L_Src_Sup 1.7947e-01 (1.9053e-01)	L_Trg_Inj 2.3406e-01 (2.8995e-01)	Loss Disc 6.9178e-01 (6.9098e-01)	Loss Pred 4.7865e-01 (4.8722e-01)	Loss TOTAL 8.6590e-01 (8.8497e-01)
Epoch: [12][110/112]	L_Src_Sup 2.2881e-01 (1.9213e-01)	L_Trg_Inj 2.3390e-01 (2.8826e-01)	Loss Disc 6.9226e-01 (6.9102e-01)	Loss Pred 4.7296e-01 (4.8738e-01)	Loss TOTAL 8.6536e-01 (8.8583e-01)
Epoch: [12][112/112]	L_Src_Sup 1.4350e-01 (1.9138e-01)	L_Trg_Inj 3.5857e-01 (2.8869e-01)	Loss Disc 6.9003e-01 (6.9102e-01)	Loss Pred 4.8560e-01 (4.8718e-01)	Loss TOTAL 8.8082e-01 (8.8551e-01)
Epoch 12 complete. Saving model state...
Epoch: [13][ 10/112]	L_Src_Sup 2.7040e-01 (1.7012e-01)	L_Trg_Inj 3.2718e-01 (2.8209e-01)	Loss Disc 6.8989e-01 (6.9109e-01)	Loss Pred 4.9105e-01 (4.9853e-01)	Loss TOTAL 8.9575e-01 (8.9560e-01)
Epoch: [13][ 20/112]	L_Src_Sup 2.6795e-01 (1.8460e-01)	L_Trg_Inj 3.0953e-01 (2.8956e-01)	Loss Disc 6.9245e-01 (6.9107e-01)	Loss Pred 4.8491e-01 (4.9747e-01)	Loss TOTAL 8.8888e-01 (8.9357e-01)
Epoch: [13][ 30/112]	L_Src_Sup 3.7498e-01 (2.6002e-01)	L_Trg_Inj 3.8219e-01 (3.1674e-01)	Loss Disc 6.7898e-01 (6.9014e-01)	Loss Pred 5.1672e-01 (5.0041e-01)	Loss TOTAL 9.3192e-01 (9.5088e-01)
Epoch: [13][ 40/112]	L_Src_Sup 2.4343e-01 (2.4707e-01)	L_Trg_Inj 2.8515e-01 (3.1243e-01)	Loss Disc 6.8665e-01 (6.8932e-01)	Loss Pred 5.1691e-01 (5.0229e-01)	Loss TOTAL 9.1310e-01 (9.4157e-01)
Epoch: [13][ 50/112]	L_Src_Sup 2.2715e-01 (2.4246e-01)	L_Trg_Inj 2.1309e-01 (3.0723e-01)	Loss Disc 6.8620e-01 (6.8853e-01)	Loss Pred 5.1178e-01 (5.0214e-01)	Loss TOTAL 9.1296e-01 (9.3293e-01)
Epoch: [13][ 60/112]	L_Src_Sup 2.0107e-01 (2.3426e-01)	L_Trg_Inj 3.1977e-01 (3.0694e-01)	Loss Disc 6.8050e-01 (6.8780e-01)	Loss Pred 4.9823e-01 (5.0096e-01)	Loss TOTAL 8.9057e-01 (9.2574e-01)
Epoch: [13][ 70/112]	L_Src_Sup 2.2248e-01 (2.2966e-01)	L_Trg_Inj 2.4386e-01 (3.0299e-01)	Loss Disc 6.8887e-01 (6.8767e-01)	Loss Pred 4.5505e-01 (5.0054e-01)	Loss TOTAL 8.4612e-01 (9.2168e-01)
Epoch: [13][ 80/112]	L_Src_Sup 1.5027e-01 (2.2224e-01)	L_Trg_Inj 2.9272e-01 (3.0081e-01)	Loss Disc 6.8915e-01 (6.8778e-01)	Loss Pred 5.2027e-01 (4.9932e-01)	Loss TOTAL 9.0915e-01 (9.1739e-01)
Epoch: [13][ 90/112]	L_Src_Sup 1.4845e-01 (2.1880e-01)	L_Trg_Inj 2.1770e-01 (2.9808e-01)	Loss Disc 6.8809e-01 (6.8789e-01)	Loss Pred 5.1373e-01 (4.9877e-01)	Loss TOTAL 8.9439e-01 (9.1441e-01)
Epoch: [13][100/112]	L_Src_Sup 1.7570e-01 (2.1496e-01)	L_Trg_Inj 2.1769e-01 (2.9677e-01)	Loss Disc 6.9156e-01 (6.8810e-01)	Loss Pred 4.7646e-01 (4.9674e-01)	Loss TOTAL 8.6158e-01 (9.0998e-01)
Epoch: [13][110/112]	L_Src_Sup 1.9141e-01 (2.1428e-01)	L_Trg_Inj 2.4878e-01 (2.9567e-01)	Loss Disc 6.9097e-01 (6.8824e-01)	Loss Pred 4.7148e-01 (4.9601e-01)	Loss TOTAL 8.6098e-01 (9.0891e-01)
Epoch: [13][112/112]	L_Src_Sup 1.5795e-01 (2.1376e-01)	L_Trg_Inj 3.1110e-01 (2.9553e-01)	Loss Disc 6.8900e-01 (6.8827e-01)	Loss Pred 4.7757e-01 (4.9574e-01)	Loss TOTAL 8.6898e-01 (9.0827e-01)
Epoch 13 complete. Saving model state...
Epoch: [14][ 10/112]	L_Src_Sup 1.7396e-01 (2.0897e-01)	L_Trg_Inj 2.0169e-01 (2.8438e-01)	Loss Disc 6.9148e-01 (6.8988e-01)	Loss Pred 4.7344e-01 (4.8510e-01)	Loss TOTAL 8.5675e-01 (8.9137e-01)
Epoch: [14][ 20/112]	L_Src_Sup 1.8023e-01 (1.9904e-01)	L_Trg_Inj 4.1399e-01 (2.8732e-01)	Loss Disc 6.8801e-01 (6.8970e-01)	Loss Pred 4.9412e-01 (4.8698e-01)	Loss TOTAL 8.9754e-01 (8.9078e-01)
Epoch: [14][ 30/112]	L_Src_Sup 2.1822e-01 (1.9558e-01)	L_Trg_Inj 2.8038e-01 (2.8994e-01)	Loss Disc 6.8844e-01 (6.8964e-01)	Loss Pred 5.0042e-01 (4.9114e-01)	Loss TOTAL 8.9450e-01 (8.9397e-01)
Epoch: [14][ 40/112]	L_Src_Sup 1.0912e-01 (1.8969e-01)	L_Trg_Inj 3.7191e-01 (2.9093e-01)	Loss Disc 6.8751e-01 (6.8984e-01)	Loss Pred 5.0018e-01 (4.8814e-01)	Loss TOTAL 8.9204e-01 (8.8822e-01)
Epoch: [14][ 50/112]	L_Src_Sup 2.1058e-01 (1.8555e-01)	L_Trg_Inj 3.4157e-01 (2.9575e-01)	Loss Disc 6.8829e-01 (6.8974e-01)	Loss Pred 4.7513e-01 (4.8928e-01)	Loss TOTAL 8.7449e-01 (8.8833e-01)
Epoch: [14][ 60/112]	L_Src_Sup 2.0696e-01 (1.8537e-01)	L_Trg_Inj 3.7279e-01 (2.9653e-01)	Loss Disc 6.8837e-01 (6.8975e-01)	Loss Pred 4.6274e-01 (4.9089e-01)	Loss TOTAL 8.6490e-01 (8.8954e-01)
Epoch: [14][ 70/112]	L_Src_Sup 1.9420e-01 (1.9211e-01)	L_Trg_Inj 2.3327e-01 (2.9269e-01)	Loss Disc 6.9105e-01 (6.8983e-01)	Loss Pred 5.4298e-01 (4.9155e-01)	Loss TOTAL 9.3125e-01 (8.9195e-01)
Epoch: [14][ 80/112]	L_Src_Sup 1.3915e-01 (1.8957e-01)	L_Trg_Inj 2.1698e-01 (2.9008e-01)	Loss Disc 6.9044e-01 (6.8988e-01)	Loss Pred 4.6833e-01 (4.9069e-01)	Loss TOTAL 8.4917e-01 (8.8972e-01)
Epoch: [14][ 90/112]	L_Src_Sup 2.3536e-01 (1.8998e-01)	L_Trg_Inj 2.4963e-01 (2.8710e-01)	Loss Disc 6.8965e-01 (6.8996e-01)	Loss Pred 4.4433e-01 (4.9074e-01)	Loss TOTAL 8.3765e-01 (8.8934e-01)
Epoch: [14][100/112]	L_Src_Sup 1.3796e-01 (1.9021e-01)	L_Trg_Inj 3.8999e-01 (2.8881e-01)	Loss Disc 6.8828e-01 (6.8993e-01)	Loss Pred 4.6229e-01 (4.9021e-01)	Loss TOTAL 8.5923e-01 (8.8841e-01)
Epoch: [14][110/112]	L_Src_Sup 2.1061e-01 (1.9123e-01)	L_Trg_Inj 1.7647e-01 (2.8523e-01)	Loss Disc 6.9145e-01 (6.9001e-01)	Loss Pred 4.7425e-01 (4.8981e-01)	Loss TOTAL 8.9282e-01 (8.8859e-01)
Epoch: [14][112/112]	L_Src_Sup 1.2730e-01 (1.9103e-01)	L_Trg_Inj 2.3414e-01 (2.8529e-01)	Loss Disc 6.9064e-01 (6.9000e-01)	Loss Pred 5.0000e-01 (4.8988e-01)	Loss TOTAL 8.8146e-01 (8.8853e-01)
Epoch 14 complete. Saving model state...
Epoch: [15][ 10/112]	L_Src_Sup 3.0368e-01 (2.2004e-01)	L_Trg_Inj 3.2884e-01 (3.2811e-01)	Loss Disc 6.9060e-01 (6.8942e-01)	Loss Pred 4.8734e-01 (4.9356e-01)	Loss TOTAL 8.9589e-01 (8.9576e-01)
Epoch: [15][ 20/112]	L_Src_Sup 1.8523e-01 (2.0101e-01)	L_Trg_Inj 2.8094e-01 (3.0682e-01)	Loss Disc 6.9013e-01 (6.8993e-01)	Loss Pred 5.1137e-01 (4.8814e-01)	Loss TOTAL 9.0305e-01 (8.8912e-01)
Epoch: [15][ 30/112]	L_Src_Sup 1.5258e-01 (2.0760e-01)	L_Trg_Inj 3.4331e-01 (3.0056e-01)	Loss Disc 6.8914e-01 (6.9001e-01)	Loss Pred 4.4891e-01 (4.8620e-01)	Loss TOTAL 8.4307e-01 (8.8770e-01)
Epoch: [15][ 40/112]	L_Src_Sup 2.2228e-01 (1.9953e-01)	L_Trg_Inj 2.4961e-01 (2.9774e-01)	Loss Disc 6.9092e-01 (6.9010e-01)	Loss Pred 5.1135e-01 (4.8831e-01)	Loss TOTAL 9.0400e-01 (8.8734e-01)
Epoch: [15][ 50/112]	L_Src_Sup 2.4082e-01 (2.0411e-01)	L_Trg_Inj 2.8061e-01 (2.9623e-01)	Loss Disc 6.9012e-01 (6.9006e-01)	Loss Pred 5.1131e-01 (4.9056e-01)	Loss TOTAL 9.0851e-01 (8.9052e-01)
Epoch: [15][ 60/112]	L_Src_Sup 2.2024e-01 (2.0279e-01)	L_Trg_Inj 4.5217e-01 (2.9517e-01)	Loss Disc 6.8700e-01 (6.9016e-01)	Loss Pred 5.0494e-01 (4.8996e-01)	Loss TOTAL 9.1568e-01 (8.8996e-01)
Epoch: [15][ 70/112]	L_Src_Sup 1.9135e-01 (2.0214e-01)	L_Trg_Inj 2.9568e-01 (2.8952e-01)	Loss Disc 6.9011e-01 (6.9031e-01)	Loss Pred 4.6712e-01 (4.8793e-01)	Loss TOTAL 8.6088e-01 (8.8785e-01)
Epoch: [15][ 80/112]	L_Src_Sup 2.5933e-01 (2.0374e-01)	L_Trg_Inj 2.3385e-01 (2.8901e-01)	Loss Disc 6.9217e-01 (6.9033e-01)	Loss Pred 5.1089e-01 (4.8919e-01)	Loss TOTAL 9.3177e-01 (8.8988e-01)
Epoch: [15][ 90/112]	L_Src_Sup 2.0341e-01 (2.0428e-01)	L_Trg_Inj 3.5886e-01 (2.8898e-01)	Loss Disc 6.8828e-01 (6.9032e-01)	Loss Pred 4.4834e-01 (4.8870e-01)	Loss TOTAL 8.4871e-01 (8.9035e-01)
Epoch: [15][100/112]	L_Src_Sup 1.6219e-01 (2.0553e-01)	L_Trg_Inj 4.2107e-01 (2.9122e-01)	Loss Disc 6.8371e-01 (6.9017e-01)	Loss Pred 4.9568e-01 (4.8823e-01)	Loss TOTAL 8.9586e-01 (8.8944e-01)
Epoch: [15][110/112]	L_Src_Sup 1.4681e-01 (2.0559e-01)	L_Trg_Inj 1.7139e-01 (2.9073e-01)	Loss Disc 6.9376e-01 (6.9021e-01)	Loss Pred 5.0525e-01 (4.8820e-01)	Loss TOTAL 8.8395e-01 (8.8961e-01)
Epoch: [15][112/112]	L_Src_Sup 1.4819e-01 (2.0534e-01)	L_Trg_Inj 2.4941e-01 (2.9069e-01)	Loss Disc 6.9180e-01 (6.9023e-01)	Loss Pred 5.1076e-01 (4.8843e-01)	Loss TOTAL 8.9642e-01 (8.8971e-01)
Epoch 15 complete. Saving model state...
Epoch: [16][ 10/112]	L_Src_Sup 1.9475e-01 (1.7934e-01)	L_Trg_Inj 3.2484e-01 (3.2876e-01)	Loss Disc 6.8953e-01 (6.8993e-01)	Loss Pred 4.7963e-01 (4.8416e-01)	Loss TOTAL 8.7635e-01 (8.7994e-01)
Epoch: [16][ 20/112]	L_Src_Sup 2.5647e-01 (1.9203e-01)	L_Trg_Inj 2.0272e-01 (3.0024e-01)	Loss Disc 6.9195e-01 (6.9035e-01)	Loss Pred 4.7343e-01 (4.8562e-01)	Loss TOTAL 9.1907e-01 (8.8348e-01)
Epoch: [16][ 30/112]	L_Src_Sup 2.0516e-01 (1.9698e-01)	L_Trg_Inj 3.4329e-01 (2.9617e-01)	Loss Disc 6.9000e-01 (6.9024e-01)	Loss Pred 4.5574e-01 (4.8611e-01)	Loss TOTAL 8.5558e-01 (8.8692e-01)
Epoch: [16][ 40/112]	L_Src_Sup 1.8648e-01 (2.0089e-01)	L_Trg_Inj 3.7443e-01 (2.9815e-01)	Loss Disc 6.9011e-01 (6.8999e-01)	Loss Pred 4.4760e-01 (4.8577e-01)	Loss TOTAL 8.4874e-01 (8.8569e-01)
Epoch: [16][ 50/112]	L_Src_Sup 2.5460e-01 (2.0490e-01)	L_Trg_Inj 3.1207e-01 (2.9782e-01)	Loss Disc 6.8982e-01 (6.9026e-01)	Loss Pred 4.9794e-01 (4.8381e-01)	Loss TOTAL 8.9952e-01 (8.8637e-01)
Epoch: [16][ 60/112]	L_Src_Sup 1.2729e-01 (2.0534e-01)	L_Trg_Inj 2.4946e-01 (2.9183e-01)	Loss Disc 6.9086e-01 (6.9038e-01)	Loss Pred 4.9783e-01 (4.8533e-01)	Loss TOTAL 8.8094e-01 (8.8903e-01)
Epoch: [16][ 70/112]	L_Src_Sup 2.8323e-01 (2.0665e-01)	L_Trg_Inj 1.8690e-01 (2.8825e-01)	Loss Disc 6.9021e-01 (6.9037e-01)	Loss Pred 4.7935e-01 (4.8588e-01)	Loss TOTAL 9.6779e-01 (8.8959e-01)
Epoch: [16][ 80/112]	L_Src_Sup 1.8025e-01 (2.0890e-01)	L_Trg_Inj 2.8048e-01 (2.8926e-01)	Loss Disc 6.9140e-01 (6.9029e-01)	Loss Pred 4.9134e-01 (4.8566e-01)	Loss TOTAL 8.8311e-01 (8.8971e-01)
Epoch: [16][ 90/112]	L_Src_Sup 1.7098e-01 (2.0611e-01)	L_Trg_Inj 2.4969e-01 (2.9037e-01)	Loss Disc 6.9039e-01 (6.9034e-01)	Loss Pred 4.5388e-01 (4.8627e-01)	Loss TOTAL 8.4114e-01 (8.8942e-01)
Epoch: [16][100/112]	L_Src_Sup 2.8576e-01 (2.0459e-01)	L_Trg_Inj 3.1201e-01 (2.9003e-01)	Loss Disc 6.9024e-01 (6.9040e-01)	Loss Pred 5.2889e-01 (4.8778e-01)	Loss TOTAL 9.3379e-01 (8.8995e-01)
Epoch: [16][110/112]	L_Src_Sup 3.0257e-01 (2.0339e-01)	L_Trg_Inj 2.1799e-01 (2.9065e-01)	Loss Disc 6.9188e-01 (6.9040e-01)	Loss Pred 4.4078e-01 (4.8707e-01)	Loss TOTAL 9.2336e-01 (8.8926e-01)
Epoch: [16][112/112]	L_Src_Sup 1.7860e-01 (2.0217e-01)	L_Trg_Inj 2.0299e-01 (2.8978e-01)	Loss Disc 6.9160e-01 (6.9041e-01)	Loss Pred 4.8496e-01 (4.8720e-01)	Loss TOTAL 8.6892e-01 (8.8905e-01)
Epoch 16 complete. Saving model state...
Epoch: [17][ 10/112]	L_Src_Sup 2.2433e-01 (2.3139e-01)	L_Trg_Inj 3.2762e-01 (2.5867e-01)	Loss Disc 6.8935e-01 (6.9078e-01)	Loss Pred 5.1684e-01 (4.8961e-01)	Loss TOTAL 9.1671e-01 (9.1336e-01)
Epoch: [17][ 20/112]	L_Src_Sup 3.6395e-02 (2.0336e-01)	L_Trg_Inj 2.8099e-01 (2.7684e-01)	Loss Disc 6.9065e-01 (6.9064e-01)	Loss Pred 4.9868e-01 (4.9177e-01)	Loss TOTAL 8.7575e-01 (8.9978e-01)
Epoch: [17][ 30/112]	L_Src_Sup 1.2176e-01 (2.0872e-01)	L_Trg_Inj 3.7427e-01 (2.7379e-01)	Loss Disc 6.8745e-01 (6.9068e-01)	Loss Pred 4.6621e-01 (4.8991e-01)	Loss TOTAL 8.5953e-01 (8.9845e-01)
Epoch: [17][ 40/112]	L_Src_Sup 1.5931e-01 (2.0876e-01)	L_Trg_Inj 3.1343e-01 (2.8357e-01)	Loss Disc 6.9079e-01 (6.9047e-01)	Loss Pred 4.7847e-01 (4.8866e-01)	Loss TOTAL 8.7114e-01 (8.9435e-01)
Epoch: [17][ 50/112]	L_Src_Sup 7.0839e-02 (2.0629e-01)	L_Trg_Inj 2.9031e-01 (2.8762e-01)	Loss Disc 6.9011e-01 (6.9042e-01)	Loss Pred 4.7913e-01 (4.8916e-01)	Loss TOTAL 8.6030e-01 (8.9273e-01)
Epoch: [17][ 60/112]	L_Src_Sup 1.9994e+00 (3.1442e-01)	L_Trg_Inj 1.9986e+00 (3.8332e-01)	Loss Disc 6.9260e-01 (6.9049e-01)	Loss Pred 4.9793e-01 (4.8989e-01)	Loss TOTAL 1.2449e+00 (9.1881e-01)
Epoch: [17][ 70/112]	L_Src_Sup 1.9986e+00 (5.5507e-01)	L_Trg_Inj 1.9987e+00 (6.1412e-01)	Loss Disc 6.9288e-01 (6.9091e-01)	Loss Pred 4.7894e-01 (4.8787e-01)	Loss TOTAL 1.2251e+00 (9.6218e-01)
Epoch: [17][ 80/112]	L_Src_Sup 1.9984e+00 (7.3552e-01)	L_Trg_Inj 1.9987e+00 (7.8718e-01)	Loss Disc 6.9328e-01 (6.9113e-01)	Loss Pred 5.0408e-01 (4.8902e-01)	Loss TOTAL 1.2504e+00 (9.9732e-01)
Epoch: [17][ 90/112]	L_Src_Sup 1.9981e+00 (8.7583e-01)	L_Trg_Inj 1.9979e+00 (9.2173e-01)	Loss Disc 6.9701e-01 (6.9144e-01)	Loss Pred 4.2171e-01 (4.8798e-01)	Loss TOTAL 1.1700e+00 (1.0228e+00)
Epoch: [17][100/112]	L_Src_Sup 1.9971e+00 (9.8800e-01)	L_Trg_Inj 1.9971e+00 (1.0293e+00)	Loss Disc 6.9399e-01 (6.9166e-01)	Loss Pred 4.8400e-01 (4.8805e-01)	Loss TOTAL 1.2304e+00 (1.0440e+00)
Epoch: [17][110/112]	L_Src_Sup 1.9906e+00 (1.0794e+00)	L_Trg_Inj 1.9890e+00 (1.1170e+00)	Loss Disc 6.9307e-01 (6.9180e-01)	Loss Pred 4.6602e-01 (4.8782e-01)	Loss TOTAL 1.2121e+00 (1.0611e+00)
Epoch: [17][112/112]	L_Src_Sup 1.9860e+00 (1.0957e+00)	L_Trg_Inj 1.9868e+00 (1.1325e+00)	Loss Disc 6.9305e-01 (6.9183e-01)	Loss Pred 4.6606e-01 (4.8747e-01)	Loss TOTAL 1.2099e+00 (1.0638e+00)
Epoch 17 complete. Saving model state...
Epoch: [18][ 10/112]	L_Src_Sup 4.6537e-01 (1.6436e+00)	L_Trg_Inj 5.4158e-01 (1.6636e+00)	Loss Disc 6.9242e-01 (6.9318e-01)	Loss Pred 5.2501e-01 (4.8427e-01)	Loss TOTAL 9.7191e-01 (1.1623e+00)
Epoch: [18][ 20/112]	L_Src_Sup 2.1734e-01 (9.2326e-01)	L_Trg_Inj 2.0270e-01 (9.7430e-01)	Loss Disc 6.9220e-01 (6.9282e-01)	Loss Pred 4.9231e-01 (4.8551e-01)	Loss TOTAL 8.9505e-01 (1.0282e+00)
Epoch: [18][ 30/112]	L_Src_Sup 1.4036e-01 (6.8690e-01)	L_Trg_Inj 2.6494e-01 (7.3974e-01)	Loss Disc 6.9051e-01 (6.9222e-01)	Loss Pred 4.7253e-01 (4.8590e-01)	Loss TOTAL 8.5831e-01 (9.8369e-01)
Epoch: [18][ 40/112]	L_Src_Sup 2.3012e-01 (5.5476e-01)	L_Trg_Inj 2.9587e-01 (6.2921e-01)	Loss Disc 6.9105e-01 (6.9169e-01)	Loss Pred 4.9337e-01 (4.8321e-01)	Loss TOTAL 8.9149e-01 (9.5471e-01)
Epoch: [18][ 50/112]	L_Src_Sup 2.5457e-01 (4.8825e-01)	L_Trg_Inj 2.4890e-01 (5.6565e-01)	Loss Disc 6.9144e-01 (6.9145e-01)	Loss Pred 4.9767e-01 (4.8396e-01)	Loss TOTAL 8.9941e-01 (9.4128e-01)
Epoch: [18][ 60/112]	L_Src_Sup 1.1323e-01 (4.3795e-01)	L_Trg_Inj 2.9573e-01 (5.2496e-01)	Loss Disc 6.9003e-01 (6.9127e-01)	Loss Pred 5.2270e-01 (4.8507e-01)	Loss TOTAL 9.0862e-01 (9.3283e-01)
Epoch: [18][ 70/112]	L_Src_Sup 2.0002e-01 (4.0732e-01)	L_Trg_Inj 2.1802e-01 (4.8763e-01)	Loss Disc 6.9069e-01 (6.9114e-01)	Loss Pred 4.9733e-01 (4.8568e-01)	Loss TOTAL 8.8448e-01 (9.2901e-01)
Epoch: [18][ 80/112]	L_Src_Sup 2.5698e-01 (3.8115e-01)	L_Trg_Inj 2.3390e-01 (4.6211e-01)	Loss Disc 6.9234e-01 (6.9125e-01)	Loss Pred 5.0384e-01 (4.8566e-01)	Loss TOTAL 9.2217e-01 (9.2317e-01)
Epoch: [18][ 90/112]	L_Src_Sup 2.1056e-01 (3.5643e-01)	L_Trg_Inj 2.5927e-01 (4.3926e-01)	Loss Disc 6.9132e-01 (6.9125e-01)	Loss Pred 4.7188e-01 (4.8570e-01)	Loss TOTAL 8.6453e-01 (9.1762e-01)
Epoch: [18][100/112]	L_Src_Sup 2.5460e-01 (3.4231e-01)	L_Trg_Inj 2.9577e-01 (4.2352e-01)	Loss Disc 6.9115e-01 (6.9121e-01)	Loss Pred 4.9745e-01 (4.8524e-01)	Loss TOTAL 8.9806e-01 (9.1463e-01)
Epoch: [18][110/112]	L_Src_Sup 1.9041e-01 (3.3327e-01)	L_Trg_Inj 2.3414e-01 (4.0964e-01)	Loss Disc 6.9167e-01 (6.9122e-01)	Loss Pred 5.4271e-01 (4.8684e-01)	Loss TOTAL 9.3100e-01 (9.1570e-01)
Epoch: [18][112/112]	L_Src_Sup 1.6220e-01 (3.3062e-01)	L_Trg_Inj 2.8071e-01 (4.0738e-01)	Loss Disc 6.9077e-01 (6.9121e-01)	Loss Pred 4.9085e-01 (4.8719e-01)	Loss TOTAL 8.8053e-01 (9.1540e-01)
Epoch 18 complete. Saving model state...
Epoch: [19][ 10/112]	L_Src_Sup 2.2621e-01 (2.2169e-01)	L_Trg_Inj 3.4179e-01 (2.9556e-01)	Loss Disc 6.8935e-01 (6.9066e-01)	Loss Pred 4.6586e-01 (4.7904e-01)	Loss TOTAL 8.6734e-01 (8.8180e-01)
Epoch: [19][ 20/112]	L_Src_Sup 2.4146e-01 (2.1163e-01)	L_Trg_Inj 2.0230e-01 (2.7207e-01)	Loss Disc 6.9202e-01 (6.9125e-01)	Loss Pred 4.5929e-01 (4.8472e-01)	Loss TOTAL 8.8884e-01 (8.9125e-01)
Epoch: [19][ 30/112]	L_Src_Sup 2.2021e-01 (2.0308e-01)	L_Trg_Inj 2.0247e-01 (2.7579e-01)	Loss Disc 6.9223e-01 (6.9119e-01)	Loss Pred 5.0460e-01 (4.8369e-01)	Loss TOTAL 9.1072e-01 (8.8667e-01)
Epoch: [19][ 40/112]	L_Src_Sup 1.7548e-01 (1.9794e-01)	L_Trg_Inj 2.2640e-01 (2.7705e-01)	Loss Disc 6.9216e-01 (6.9113e-01)	Loss Pred 4.7223e-01 (4.8318e-01)	Loss TOTAL 8.5850e-01 (8.8391e-01)
Epoch: [19][ 50/112]	L_Src_Sup 2.0875e-01 (1.9989e-01)	L_Trg_Inj 2.6299e-01 (2.8777e-01)	Loss Disc 6.9218e-01 (6.9092e-01)	Loss Pred 4.6596e-01 (4.8395e-01)	Loss TOTAL 8.5922e-01 (8.8430e-01)
Epoch: [19][ 60/112]	L_Src_Sup 2.2226e-01 (2.0541e-01)	L_Trg_Inj 2.9114e-01 (2.9168e-01)	Loss Disc 6.9024e-01 (6.9078e-01)	Loss Pred 5.1002e-01 (4.8660e-01)	Loss TOTAL 9.0648e-01 (8.8744e-01)
Epoch: [19][ 70/112]	L_Src_Sup 3.2548e-01 (2.0368e-01)	L_Trg_Inj 3.0539e-01 (2.9363e-01)	Loss Disc 6.8999e-01 (6.9071e-01)	Loss Pred 4.1536e-01 (4.8444e-01)	Loss TOTAL 8.4353e-01 (8.8473e-01)
Epoch: [19][ 80/112]	L_Src_Sup 1.8348e-01 (2.0126e-01)	L_Trg_Inj 2.3358e-01 (2.8789e-01)	Loss Disc 6.9199e-01 (6.9079e-01)	Loss Pred 4.3418e-01 (4.8541e-01)	Loss TOTAL 8.2188e-01 (8.8544e-01)
Epoch: [19][ 90/112]	L_Src_Sup 2.9829e-01 (2.0194e-01)	L_Trg_Inj 1.8709e-01 (2.8737e-01)	Loss Disc 6.9234e-01 (6.9079e-01)	Loss Pred 4.7205e-01 (4.8563e-01)	Loss TOTAL 9.7795e-01 (8.8631e-01)
Epoch: [19][100/112]	L_Src_Sup 2.1822e-01 (2.0096e-01)	L_Trg_Inj 2.8086e-01 (2.8701e-01)	Loss Disc 6.9106e-01 (6.9076e-01)	Loss Pred 4.9721e-01 (4.8593e-01)	Loss TOTAL 8.9265e-01 (8.8654e-01)
Epoch: [19][110/112]	L_Src_Sup 2.6561e-01 (1.9812e-01)	L_Trg_Inj 3.1177e-01 (2.8481e-01)	Loss Disc 6.8944e-01 (6.9075e-01)	Loss Pred 4.7832e-01 (4.8679e-01)	Loss TOTAL 8.8077e-01 (8.8649e-01)
Epoch: [19][112/112]	L_Src_Sup 3.2091e-01 (1.9868e-01)	L_Trg_Inj 2.4858e-01 (2.8417e-01)	Loss Disc 6.9266e-01 (6.9076e-01)	Loss Pred 5.2223e-01 (4.8687e-01)	Loss TOTAL 9.9783e-01 (8.8710e-01)
Epoch 19 complete. Saving model state...
Epoch: [20][ 10/112]	L_Src_Sup 1.6376e-01 (2.2209e-01)	L_Trg_Inj 2.5052e-01 (2.6569e-01)	Loss Disc 6.9068e-01 (6.9067e-01)	Loss Pred 4.9816e-01 (4.8997e-01)	Loss TOTAL 8.8493e-01 (9.0220e-01)
Epoch: [20][ 20/112]	L_Src_Sup 1.2176e-01 (2.0138e-01)	L_Trg_Inj 3.8963e-01 (2.8666e-01)	Loss Disc 6.8863e-01 (6.9064e-01)	Loss Pred 4.6559e-01 (4.8919e-01)	Loss TOTAL 8.6104e-01 (8.9238e-01)
Epoch: [20][ 30/112]	L_Src_Sup 2.0188e-01 (1.9535e-01)	L_Trg_Inj 2.3390e-01 (2.8376e-01)	Loss Disc 6.9077e-01 (6.9074e-01)	Loss Pred 5.0338e-01 (4.9128e-01)	Loss TOTAL 8.9234e-01 (8.9060e-01)
Epoch: [20][ 40/112]	L_Src_Sup 1.6222e-01 (1.9653e-01)	L_Trg_Inj 3.7271e-01 (2.9572e-01)	Loss Disc 6.9042e-01 (6.9044e-01)	Loss Pred 4.9135e-01 (4.9151e-01)	Loss TOTAL 8.9006e-01 (8.9049e-01)
Epoch: [20][ 50/112]	L_Src_Sup 2.2865e-01 (1.9986e-01)	L_Trg_Inj 2.8059e-01 (2.9135e-01)	Loss Disc 6.9119e-01 (6.9061e-01)	Loss Pred 4.7206e-01 (4.9059e-01)	Loss TOTAL 8.6858e-01 (8.8988e-01)
Epoch: [20][ 60/112]	L_Src_Sup 2.0424e-01 (2.0475e-01)	L_Trg_Inj 3.2843e-01 (2.9342e-01)	Loss Disc 6.8965e-01 (6.9052e-01)	Loss Pred 5.1029e-01 (4.8883e-01)	Loss TOTAL 9.0838e-01 (8.8956e-01)
Epoch: [20][ 70/112]	L_Src_Sup 2.2340e-01 (2.0465e-01)	L_Trg_Inj 3.4335e-01 (2.9430e-01)	Loss Disc 6.8978e-01 (6.9049e-01)	Loss Pred 5.0402e-01 (4.8801e-01)	Loss TOTAL 9.0558e-01 (8.8854e-01)
Epoch: [20][ 80/112]	L_Src_Sup 2.0914e-01 (2.0023e-01)	L_Trg_Inj 3.1165e-01 (2.9257e-01)	Loss Disc 6.9038e-01 (6.9055e-01)	Loss Pred 4.6590e-01 (4.8859e-01)	Loss TOTAL 8.6317e-01 (8.8864e-01)
Epoch: [20][ 90/112]	L_Src_Sup 2.0692e-01 (1.9956e-01)	L_Trg_Inj 2.0230e-01 (2.9100e-01)	Loss Disc 6.9263e-01 (6.9059e-01)	Loss Pred 4.5949e-01 (4.8720e-01)	Loss TOTAL 8.5135e-01 (8.8648e-01)
Epoch: [20][100/112]	L_Src_Sup 1.9645e-01 (1.9784e-01)	L_Trg_Inj 2.7768e-01 (2.8973e-01)	Loss Disc 6.9096e-01 (6.9062e-01)	Loss Pred 4.8457e-01 (4.8726e-01)	Loss TOTAL 8.7747e-01 (8.8577e-01)
Epoch: [20][110/112]	L_Src_Sup 1.6218e-01 (1.9747e-01)	L_Trg_Inj 2.9558e-01 (2.8634e-01)	Loss Disc 6.9031e-01 (6.9067e-01)	Loss Pred 4.9107e-01 (4.8675e-01)	Loss TOTAL 8.8201e-01 (8.8668e-01)
Epoch: [20][112/112]	L_Src_Sup 2.4785e-01 (1.9788e-01)	L_Trg_Inj 3.1174e-01 (2.8665e-01)	Loss Disc 6.9007e-01 (6.9067e-01)	Loss Pred 4.7836e-01 (4.8654e-01)	Loss TOTAL 8.7935e-01 (8.8643e-01)
Epoch 20 complete. Saving model state...
Epoch: [21][ 10/112]	L_Src_Sup 1.8661e-01 (2.1074e-01)	L_Trg_Inj 2.6490e-01 (2.8022e-01)	Loss Disc 6.9096e-01 (6.9071e-01)	Loss Pred 5.1615e-01 (4.8538e-01)	Loss TOTAL 9.0679e-01 (8.8183e-01)
Epoch: [21][ 20/112]	L_Src_Sup 2.7277e-01 (2.2384e-01)	L_Trg_Inj 3.5864e-01 (2.9585e-01)	Loss Disc 6.8931e-01 (6.9044e-01)	Loss Pred 4.9718e-01 (4.8309e-01)	Loss TOTAL 9.0498e-01 (8.8435e-01)
Epoch: [21][ 30/112]	L_Src_Sup 1.4958e-01 (2.1716e-01)	L_Trg_Inj 3.2741e-01 (2.9690e-01)	Loss Disc 6.8987e-01 (6.9048e-01)	Loss Pred 5.1656e-01 (4.8402e-01)	Loss TOTAL 9.0919e-01 (8.8479e-01)
Epoch: [21][ 40/112]	L_Src_Sup 1.6214e-01 (2.1020e-01)	L_Trg_Inj 2.1824e-01 (2.8812e-01)	Loss Disc 6.9194e-01 (6.9064e-01)	Loss Pred 4.9383e-01 (4.8586e-01)	Loss TOTAL 8.7784e-01 (8.8672e-01)
Epoch: [21][ 50/112]	L_Src_Sup 2.0001e-01 (2.1072e-01)	L_Trg_Inj 3.7602e-01 (2.8772e-01)	Loss Disc 6.8874e-01 (6.9061e-01)	Loss Pred 4.9740e-01 (4.8485e-01)	Loss TOTAL 8.9937e-01 (8.8608e-01)
Epoch: [21][ 60/112]	L_Src_Sup 1.7320e-01 (2.0909e-01)	L_Trg_Inj 3.7445e-01 (2.8854e-01)	Loss Disc 6.8828e-01 (6.9055e-01)	Loss Pred 5.3585e-01 (4.8704e-01)	Loss TOTAL 9.3475e-01 (8.8772e-01)
Epoch: [21][ 70/112]	L_Src_Sup 9.3461e-02 (2.0437e-01)	L_Trg_Inj 2.6490e-01 (2.9256e-01)	Loss Disc 6.9079e-01 (6.9051e-01)	Loss Pred 5.1623e-01 (4.8873e-01)	Loss TOTAL 8.9746e-01 (8.9030e-01)
Epoch: [21][ 80/112]	L_Src_Sup 1.0830e-01 (2.0594e-01)	L_Trg_Inj 2.9680e-01 (2.9212e-01)	Loss Disc 6.8953e-01 (6.9047e-01)	Loss Pred 4.9093e-01 (4.8699e-01)	Loss TOTAL 8.7620e-01 (8.8853e-01)
Epoch: [21][ 90/112]	L_Src_Sup 1.7706e-01 (2.0901e-01)	L_Trg_Inj 3.4363e-01 (2.9126e-01)	Loss Disc 6.8896e-01 (6.9045e-01)	Loss Pred 4.7844e-01 (4.8751e-01)	Loss TOTAL 8.7499e-01 (8.9030e-01)
Epoch: [21][100/112]	L_Src_Sup 1.7861e-01 (2.0843e-01)	L_Trg_Inj 2.9674e-01 (2.8980e-01)	Loss Disc 6.9054e-01 (6.9051e-01)	Loss Pred 4.8447e-01 (4.8759e-01)	Loss TOTAL 8.7727e-01 (8.8964e-01)
Epoch: [21][110/112]	L_Src_Sup 2.3010e-01 (2.0723e-01)	L_Trg_Inj 2.8118e-01 (2.8892e-01)	Loss Disc 6.9019e-01 (6.9052e-01)	Loss Pred 4.7816e-01 (4.8687e-01)	Loss TOTAL 8.7438e-01 (8.8901e-01)
Epoch: [21][112/112]	L_Src_Sup 2.0373e-01 (2.0764e-01)	L_Trg_Inj 2.1871e-01 (2.8767e-01)	Loss Disc 6.9179e-01 (6.9054e-01)	Loss Pred 5.2743e-01 (4.8693e-01)	Loss TOTAL 9.1557e-01 (8.8920e-01)
Epoch 21 complete. Saving model state...
Epoch: [22][ 10/112]	L_Src_Sup 2.1092e-01 (1.9730e-01)	L_Trg_Inj 2.1868e-01 (2.6233e-01)	Loss Disc 6.9146e-01 (6.9114e-01)	Loss Pred 4.7217e-01 (4.8853e-01)	Loss TOTAL 8.6086e-01 (8.8264e-01)
Epoch: [22][ 20/112]	L_Src_Sup 2.3428e-01 (1.9166e-01)	L_Trg_Inj 1.8833e-01 (2.6962e-01)	Loss Disc 6.9273e-01 (6.9095e-01)	Loss Pred 4.9119e-01 (4.8161e-01)	Loss TOTAL 9.2577e-01 (8.7883e-01)
Epoch: [22][ 30/112]	L_Src_Sup 2.2237e-01 (1.9535e-01)	L_Trg_Inj 3.0760e-01 (2.8110e-01)	Loss Disc 6.9033e-01 (6.9083e-01)	Loss Pred 5.0965e-01 (4.8704e-01)	Loss TOTAL 9.0782e-01 (8.8779e-01)
Epoch: [22][ 40/112]	L_Src_Sup 2.3017e-01 (1.9615e-01)	L_Trg_Inj 3.7454e-01 (2.8802e-01)	Loss Disc 6.8918e-01 (6.9069e-01)	Loss Pred 4.7836e-01 (4.8751e-01)	Loss TOTAL 8.8342e-01 (8.8744e-01)
Epoch: [22][ 50/112]	L_Src_Sup 1.0910e-01 (1.9466e-01)	L_Trg_Inj 2.8103e-01 (2.8631e-01)	Loss Disc 6.9070e-01 (6.9071e-01)	Loss Pred 4.9738e-01 (4.8645e-01)	Loss TOTAL 8.8175e-01 (8.8729e-01)
Epoch: [22][ 60/112]	L_Src_Sup 7.4086e-02 (1.9126e-01)	L_Trg_Inj 4.0604e-01 (2.8816e-01)	Loss Disc 6.8930e-01 (6.9066e-01)	Loss Pred 5.0982e-01 (4.8701e-01)	Loss TOTAL 9.0248e-01 (8.8774e-01)
Epoch: [22][ 70/112]	L_Src_Sup 3.2735e-01 (1.9516e-01)	L_Trg_Inj 4.2158e-01 (2.9385e-01)	Loss Disc 6.8753e-01 (6.9052e-01)	Loss Pred 4.9764e-01 (4.8617e-01)	Loss TOTAL 9.1630e-01 (8.8672e-01)
Epoch: [22][ 80/112]	L_Src_Sup 2.8079e-01 (1.9479e-01)	L_Trg_Inj 3.1327e-01 (2.9167e-01)	Loss Disc 6.9015e-01 (6.9057e-01)	Loss Pred 4.7183e-01 (4.8527e-01)	Loss TOTAL 8.7631e-01 (8.8614e-01)
Epoch: [22][ 90/112]	L_Src_Sup 2.2809e-01 (1.9764e-01)	L_Trg_Inj 3.4347e-01 (2.9411e-01)	Loss Disc 6.8990e-01 (6.9053e-01)	Loss Pred 4.7185e-01 (4.8648e-01)	Loss TOTAL 8.7396e-01 (8.8743e-01)
Epoch: [22][100/112]	L_Src_Sup 2.7842e-01 (1.9861e-01)	L_Trg_Inj 2.8107e-01 (2.9183e-01)	Loss Disc 6.9098e-01 (6.9058e-01)	Loss Pred 4.6579e-01 (4.8612e-01)	Loss TOTAL 8.6723e-01 (8.8713e-01)
Epoch: [22][110/112]	L_Src_Sup 2.4585e-01 (1.9727e-01)	L_Trg_Inj 2.9666e-01 (2.9284e-01)	Loss Disc 6.9096e-01 (6.9056e-01)	Loss Pred 4.7219e-01 (4.8675e-01)	Loss TOTAL 8.7192e-01 (8.8781e-01)
Epoch: [22][112/112]	L_Src_Sup 2.3860e-01 (1.9696e-01)	L_Trg_Inj 2.6658e-01 (2.9223e-01)	Loss Disc 6.9050e-01 (6.9058e-01)	Loss Pred 5.0371e-01 (4.8666e-01)	Loss TOTAL 8.9947e-01 (8.8751e-01)
Epoch 22 complete. Saving model state...
Epoch: [23][ 10/112]	L_Src_Sup 2.6787e-01 (1.9765e-01)	L_Trg_Inj 2.4980e-01 (3.1250e-01)	Loss Disc 6.9133e-01 (6.8991e-01)	Loss Pred 4.8463e-01 (4.8528e-01)	Loss TOTAL 9.0014e-01 (8.8306e-01)
Epoch: [23][ 20/112]	L_Src_Sup 2.4350e-01 (1.9314e-01)	L_Trg_Inj 3.1224e-01 (2.9491e-01)	Loss Disc 6.9145e-01 (6.9051e-01)	Loss Pred 4.6567e-01 (4.8340e-01)	Loss TOTAL 8.6697e-01 (8.8119e-01)
Epoch: [23][ 30/112]	L_Src_Sup 1.8183e-01 (1.9429e-01)	L_Trg_Inj 2.8097e-01 (2.8715e-01)	Loss Disc 6.8989e-01 (6.9071e-01)	Loss Pred 4.2782e-01 (4.7755e-01)	Loss TOTAL 8.1904e-01 (8.7353e-01)
Epoch: [23][ 40/112]	L_Src_Sup 2.1821e-01 (1.9757e-01)	L_Trg_Inj 3.2458e-01 (2.9492e-01)	Loss Disc 6.9046e-01 (6.9061e-01)	Loss Pred 4.9716e-01 (4.8138e-01)	Loss TOTAL 8.9667e-01 (8.8023e-01)
Epoch: [23][ 50/112]	L_Src_Sup 1.3087e-01 (1.8791e-01)	L_Trg_Inj 2.8011e-01 (3.0004e-01)	Loss Disc 6.9083e-01 (6.9050e-01)	Loss Pred 5.1588e-01 (4.8442e-01)	Loss TOTAL 9.0239e-01 (8.8191e-01)
Epoch: [23][ 60/112]	L_Src_Sup 2.5950e-01 (1.9014e-01)	L_Trg_Inj 2.8958e-01 (2.9723e-01)	Loss Disc 6.9092e-01 (6.9057e-01)	Loss Pred 5.0960e-01 (4.8560e-01)	Loss TOTAL 9.0997e-01 (8.8315e-01)
Epoch: [23][ 70/112]	L_Src_Sup 1.0526e-01 (1.9985e-01)	L_Trg_Inj 2.9614e-01 (2.9457e-01)	Loss Disc 6.8999e-01 (6.9057e-01)	Loss Pred 5.1514e-01 (4.9127e-01)	Loss TOTAL 9.0028e-01 (8.9497e-01)
Epoch: [23][ 80/112]	L_Src_Sup 2.1228e-01 (2.0274e-01)	L_Trg_Inj 2.9755e-01 (2.9614e-01)	Loss Disc 6.8981e-01 (6.9041e-01)	Loss Pred 4.9725e-01 (4.9538e-01)	Loss TOTAL 8.9314e-01 (8.9845e-01)
Epoch: [23][ 90/112]	L_Src_Sup 1.8823e-01 (2.0429e-01)	L_Trg_Inj 2.9787e-01 (2.9217e-01)	Loss Disc 6.8946e-01 (6.9044e-01)	Loss Pred 4.5745e-01 (4.9495e-01)	Loss TOTAL 8.5080e-01 (8.9841e-01)
Epoch: [23][100/112]	L_Src_Sup 2.0193e-01 (2.0383e-01)	L_Trg_Inj 3.2827e-01 (2.9012e-01)	Loss Disc 6.8912e-01 (6.9038e-01)	Loss Pred 5.0572e-01 (4.9570e-01)	Loss TOTAL 9.0331e-01 (8.9907e-01)
Epoch: [23][110/112]	L_Src_Sup 2.2226e-01 (2.0281e-01)	L_Trg_Inj 3.2766e-01 (2.9169e-01)	Loss Disc 6.8989e-01 (6.9034e-01)	Loss Pred 4.5578e-01 (4.9458e-01)	Loss TOTAL 8.5572e-01 (8.9800e-01)
Epoch: [23][112/112]	L_Src_Sup 2.3935e-01 (2.0340e-01)	L_Trg_Inj 2.9652e-01 (2.9247e-01)	Loss Disc 6.8988e-01 (6.9032e-01)	Loss Pred 4.5586e-01 (4.9417e-01)	Loss TOTAL 8.5439e-01 (8.9756e-01)
Epoch 23 complete. Saving model state...
Epoch: [24][ 10/112]	L_Src_Sup 1.5535e-01 (2.0796e-01)	L_Trg_Inj 2.1845e-01 (2.8636e-01)	Loss Disc 6.9216e-01 (6.9043e-01)	Loss Pred 5.4230e-01 (5.0653e-01)	Loss TOTAL 9.2576e-01 (9.0301e-01)
Epoch: [24][ 20/112]	L_Src_Sup 2.7029e-01 (2.2698e-01)	L_Trg_Inj 2.6528e-01 (2.9063e-01)	Loss Disc 6.9101e-01 (6.9027e-01)	Loss Pred 4.9261e-01 (5.0344e-01)	Loss TOTAL 8.9669e-01 (9.0980e-01)
Epoch: [24][ 30/112]	L_Src_Sup 2.2610e-01 (2.1269e-01)	L_Trg_Inj 2.3404e-01 (2.8772e-01)	Loss Disc 6.9212e-01 (6.9025e-01)	Loss Pred 4.6729e-01 (5.0059e-01)	Loss TOTAL 8.5936e-01 (9.0207e-01)
Epoch: [24][ 40/112]	L_Src_Sup 1.2390e-01 (2.0073e-01)	L_Trg_Inj 2.7830e-01 (2.8529e-01)	Loss Disc 6.9055e-01 (6.9035e-01)	Loss Pred 4.8130e-01 (4.9713e-01)	Loss TOTAL 8.6679e-01 (8.9578e-01)
Epoch: [24][ 50/112]	L_Src_Sup 1.0258e-01 (1.9614e-01)	L_Trg_Inj 3.8973e-01 (2.9238e-01)	Loss Disc 6.8814e-01 (6.9023e-01)	Loss Pred 4.5442e-01 (4.9389e-01)	Loss TOTAL 8.4772e-01 (8.9176e-01)
Epoch: [24][ 60/112]	L_Src_Sup 2.8040e-01 (1.9717e-01)	L_Trg_Inj 2.1836e-01 (2.9264e-01)	Loss Disc 6.9182e-01 (6.9025e-01)	Loss Pred 5.1706e-01 (4.9191e-01)	Loss TOTAL 9.7489e-01 (8.9031e-01)
Epoch: [24][ 70/112]	L_Src_Sup 2.0169e-01 (1.9791e-01)	L_Trg_Inj 2.9788e-01 (2.8799e-01)	Loss Disc 6.9058e-01 (6.9037e-01)	Loss Pred 4.4135e-01 (4.8992e-01)	Loss TOTAL 8.3660e-01 (8.8866e-01)
Epoch: [24][ 80/112]	L_Src_Sup 2.2020e-01 (1.9904e-01)	L_Trg_Inj 3.7449e-01 (2.9115e-01)	Loss Disc 6.8850e-01 (6.9032e-01)	Loss Pred 5.0423e-01 (4.9002e-01)	Loss TOTAL 9.0794e-01 (8.8984e-01)
Epoch: [24][ 90/112]	L_Src_Sup 1.1866e-01 (1.9968e-01)	L_Trg_Inj 4.3652e-01 (2.9436e-01)	Loss Disc 6.8612e-01 (6.9019e-01)	Loss Pred 4.4760e-01 (4.8805e-01)	Loss TOTAL 8.4617e-01 (8.8847e-01)
Epoch: [24][100/112]	L_Src_Sup 2.5002e-01 (1.9742e-01)	L_Trg_Inj 2.4931e-01 (2.9033e-01)	Loss Disc 6.9094e-01 (6.9027e-01)	Loss Pred 4.8522e-01 (4.8850e-01)	Loss TOTAL 8.8133e-01 (8.8925e-01)
Epoch: [24][110/112]	L_Src_Sup 1.7242e-01 (1.9732e-01)	L_Trg_Inj 2.8225e-01 (2.8764e-01)	Loss Disc 6.9090e-01 (6.9031e-01)	Loss Pred 4.6001e-01 (4.8751e-01)	Loss TOTAL 8.5092e-01 (8.8826e-01)
Epoch: [24][112/112]	L_Src_Sup 1.9470e-01 (1.9780e-01)	L_Trg_Inj 3.4340e-01 (2.8822e-01)	Loss Disc 6.8948e-01 (6.9031e-01)	Loss Pred 4.7872e-01 (4.8752e-01)	Loss TOTAL 8.7727e-01 (8.8825e-01)
Epoch 24 complete. Saving model state...
Epoch: [25][ 10/112]	L_Src_Sup 1.5127e-01 (2.0453e-01)	L_Trg_Inj 3.1223e-01 (2.8266e-01)	Loss Disc 6.9033e-01 (6.9082e-01)	Loss Pred 4.4085e-01 (4.7991e-01)	Loss TOTAL 8.3237e-01 (8.8727e-01)
Epoch: [25][ 20/112]	L_Src_Sup 2.2020e-01 (2.1193e-01)	L_Trg_Inj 3.1220e-01 (2.7792e-01)	Loss Disc 6.9171e-01 (6.9067e-01)	Loss Pred 5.0382e-01 (4.8375e-01)	Loss TOTAL 9.0291e-01 (8.9518e-01)
Epoch: [25][ 30/112]	L_Src_Sup 1.5791e-01 (2.0896e-01)	L_Trg_Inj 2.6537e-01 (2.6385e-01)	Loss Disc 6.9087e-01 (6.9088e-01)	Loss Pred 4.7399e-01 (4.8008e-01)	Loss TOTAL 8.6175e-01 (8.8909e-01)
Epoch: [25][ 40/112]	L_Src_Sup 2.0002e-01 (2.0125e-01)	L_Trg_Inj 3.5932e-01 (2.7572e-01)	Loss Disc 6.8920e-01 (6.9073e-01)	Loss Pred 4.9729e-01 (4.8382e-01)	Loss TOTAL 8.9783e-01 (8.8910e-01)
Epoch: [25][ 50/112]	L_Src_Sup 1.8019e-01 (1.9721e-01)	L_Trg_Inj 3.8990e-01 (2.7795e-01)	Loss Disc 6.8818e-01 (6.9067e-01)	Loss Pred 4.9086e-01 (4.8626e-01)	Loss TOTAL 8.9195e-01 (8.8888e-01)
Epoch: [25][ 60/112]	L_Src_Sup 2.0371e-01 (1.9303e-01)	L_Trg_Inj 2.4940e-01 (2.8138e-01)	Loss Disc 6.9116e-01 (6.9058e-01)	Loss Pred 5.0997e-01 (4.8609e-01)	Loss TOTAL 9.0086e-01 (8.8713e-01)
Epoch: [25][ 70/112]	L_Src_Sup 1.8521e-01 (1.9476e-01)	L_Trg_Inj 2.1840e-01 (2.8094e-01)	Loss Disc 6.9158e-01 (6.9060e-01)	Loss Pred 5.0977e-01 (4.8633e-01)	Loss TOTAL 8.9592e-01 (8.8734e-01)
Epoch: [25][ 80/112]	L_Src_Sup 2.0341e-01 (1.9328e-01)	L_Trg_Inj 3.8893e-01 (2.8365e-01)	Loss Disc 6.8024e-01 (6.9034e-01)	Loss Pred 4.4663e-01 (4.8746e-01)	Loss TOTAL 8.4598e-01 (8.8829e-01)
Epoch: [25][ 90/112]	L_Src_Sup 1.8646e-01 (1.9504e-01)	L_Trg_Inj 3.6813e-01 (2.9130e-01)	Loss Disc 6.8821e-01 (6.9024e-01)	Loss Pred 4.4659e-01 (4.8580e-01)	Loss TOTAL 8.4615e-01 (8.8720e-01)
Epoch: [25][100/112]	L_Src_Sup 2.2431e-01 (1.9644e-01)	L_Trg_Inj 3.5858e-01 (2.9196e-01)	Loss Disc 6.9019e-01 (6.9032e-01)	Loss Pred 5.1626e-01 (4.8668e-01)	Loss TOTAL 9.1964e-01 (8.8789e-01)
Epoch: [25][110/112]	L_Src_Sup 1.5239e-01 (1.9738e-01)	L_Trg_Inj 3.1196e-01 (2.9219e-01)	Loss Disc 6.9106e-01 (6.9036e-01)	Loss Pred 5.2861e-01 (4.8654e-01)	Loss TOTAL 9.2057e-01 (8.8905e-01)
Epoch: [25][112/112]	L_Src_Sup 1.7700e-01 (1.9679e-01)	L_Trg_Inj 2.8070e-01 (2.9185e-01)	Loss Disc 6.9057e-01 (6.9037e-01)	Loss Pred 4.7801e-01 (4.8678e-01)	Loss TOTAL 8.6907e-01 (8.8906e-01)
Epoch 25 complete. Saving model state...
Epoch: [26][ 10/112]	L_Src_Sup 1.9821e-01 (2.2251e-01)	L_Trg_Inj 3.1206e-01 (2.8731e-01)	Loss Disc 6.8995e-01 (6.9042e-01)	Loss Pred 4.9076e-01 (4.8725e-01)	Loss TOTAL 8.8676e-01 (8.9499e-01)
Epoch: [26][ 20/112]	L_Src_Sup 2.3425e-01 (2.2334e-01)	L_Trg_Inj 3.5872e-01 (2.9573e-01)	Loss Disc 6.8893e-01 (6.9029e-01)	Loss Pred 4.9092e-01 (4.9218e-01)	Loss TOTAL 8.9468e-01 (8.9720e-01)
Epoch: [26][ 30/112]	L_Src_Sup 1.4651e-01 (2.1348e-01)	L_Trg_Inj 3.2676e-01 (3.0576e-01)	Loss Disc 6.8965e-01 (6.9004e-01)	Loss Pred 5.0321e-01 (4.9487e-01)	Loss TOTAL 8.9536e-01 (8.9713e-01)
Epoch: [26][ 40/112]	L_Src_Sup 3.1581e-01 (2.1254e-01)	L_Trg_Inj 2.1772e-01 (3.0544e-01)	Loss Disc 6.9172e-01 (6.9000e-01)	Loss Pred 4.7180e-01 (4.9190e-01)	Loss TOTAL 9.6910e-01 (8.9514e-01)
Epoch: [26][ 50/112]	L_Src_Sup 2.2431e-01 (2.1361e-01)	L_Trg_Inj 2.4863e-01 (3.0158e-01)	Loss Disc 6.9096e-01 (6.9012e-01)	Loss Pred 5.1613e-01 (4.9196e-01)	Loss TOTAL 9.0890e-01 (8.9376e-01)
Epoch: [26][ 60/112]	L_Src_Sup 1.3560e-01 (2.0717e-01)	L_Trg_Inj 3.2533e-01 (3.0022e-01)	Loss Disc 6.9171e-01 (6.9015e-01)	Loss Pred 4.4635e-01 (4.8952e-01)	Loss TOTAL 8.3830e-01 (8.8968e-01)
Epoch: [26][ 70/112]	L_Src_Sup 2.6317e-01 (2.0746e-01)	L_Trg_Inj 2.3260e-01 (2.9447e-01)	Loss Disc 6.9185e-01 (6.9030e-01)	Loss Pred 4.7174e-01 (4.8789e-01)	Loss TOTAL 8.9781e-01 (8.8794e-01)
Epoch: [26][ 80/112]	L_Src_Sup 1.2069e-01 (2.1017e-01)	L_Trg_Inj 2.5248e-01 (2.9528e-01)	Loss Disc 6.8624e-01 (6.9020e-01)	Loss Pred 4.7910e-01 (4.8651e-01)	Loss TOTAL 8.5954e-01 (8.8914e-01)
Epoch: [26][ 90/112]	L_Src_Sup 1.9133e-01 (2.0701e-01)	L_Trg_Inj 1.8714e-01 (2.9019e-01)	Loss Disc 6.9216e-01 (6.9037e-01)	Loss Pred 4.6551e-01 (4.8514e-01)	Loss TOTAL 8.5362e-01 (8.8642e-01)
Epoch: [26][100/112]	L_Src_Sup 3.6519e-01 (2.0685e-01)	L_Trg_Inj 1.5615e-01 (2.8697e-01)	Loss Disc 6.9296e-01 (6.9043e-01)	Loss Pred 4.8087e-01 (4.8660e-01)	Loss TOTAL 1.0885e+00 (8.8951e-01)
Epoch: [26][110/112]	L_Src_Sup 1.8019e-01 (2.0809e-01)	L_Trg_Inj 3.2476e-01 (2.8754e-01)	Loss Disc 6.8959e-01 (6.9044e-01)	Loss Pred 4.9064e-01 (4.8672e-01)	Loss TOTAL 8.8593e-01 (8.8917e-01)
Epoch: [26][112/112]	L_Src_Sup 1.9050e-01 (2.0823e-01)	L_Trg_Inj 2.6548e-01 (2.8700e-01)	Loss Disc 6.9074e-01 (6.9045e-01)	Loss Pred 5.2898e-01 (4.8731e-01)	Loss TOTAL 9.1995e-01 (8.8958e-01)
Epoch 26 complete. Saving model state...
Epoch: [27][ 10/112]	L_Src_Sup 2.6171e-01 (1.9669e-01)	L_Trg_Inj 4.0590e-01 (3.0410e-01)	Loss Disc 6.8755e-01 (6.8993e-01)	Loss Pred 5.1570e-01 (4.8813e-01)	Loss TOTAL 9.2624e-01 (8.8787e-01)
Epoch: [27][ 20/112]	L_Src_Sup 2.4263e-01 (1.9942e-01)	L_Trg_Inj 1.8792e-01 (2.9344e-01)	Loss Disc 6.8953e-01 (6.8984e-01)	Loss Pred 5.2233e-01 (4.8905e-01)	Loss TOTAL 9.6485e-01 (8.9086e-01)
Epoch: [27][ 30/112]	L_Src_Sup 1.9471e-01 (2.0052e-01)	L_Trg_Inj 3.5826e-01 (3.0864e-01)	Loss Disc 6.9051e-01 (6.8938e-01)	Loss Pred 4.7799e-01 (4.8926e-01)	Loss TOTAL 8.7854e-01 (8.9100e-01)
Epoch: [27][ 40/112]	L_Src_Sup 2.3425e-01 (1.9848e-01)	L_Trg_Inj 3.3112e-01 (3.0715e-01)	Loss Disc 6.8843e-01 (6.8955e-01)	Loss Pred 4.9072e-01 (4.8777e-01)	Loss TOTAL 8.9147e-01 (8.8771e-01)
Epoch: [27][ 50/112]	L_Src_Sup 2.0371e-01 (1.9459e-01)	L_Trg_Inj 2.8114e-01 (3.0883e-01)	Loss Disc 6.9064e-01 (6.8957e-01)	Loss Pred 5.1093e-01 (4.9079e-01)	Loss TOTAL 9.0473e-01 (8.8960e-01)
Epoch: [27][ 60/112]	L_Src_Sup 2.0871e-01 (2.0065e-01)	L_Trg_Inj 2.1858e-01 (3.0237e-01)	Loss Disc 6.9190e-01 (6.8983e-01)	Loss Pred 4.6556e-01 (4.8733e-01)	Loss TOTAL 8.5424e-01 (8.8792e-01)
Epoch: [27][ 70/112]	L_Src_Sup 1.8186e-01 (2.0514e-01)	L_Trg_Inj 2.3421e-01 (2.9577e-01)	Loss Disc 6.9144e-01 (6.8999e-01)	Loss Pred 4.9692e-01 (4.8628e-01)	Loss TOTAL 8.8425e-01 (8.8752e-01)
Epoch: [27][ 80/112]	L_Src_Sup 3.0090e-01 (2.0608e-01)	L_Trg_Inj 2.3422e-01 (2.9628e-01)	Loss Disc 6.9128e-01 (6.9001e-01)	Loss Pred 4.7800e-01 (4.8635e-01)	Loss TOTAL 9.4383e-01 (8.8796e-01)
Epoch: [27][ 90/112]	L_Src_Sup 1.7242e-01 (2.0512e-01)	L_Trg_Inj 3.2774e-01 (2.9528e-01)	Loss Disc 6.8975e-01 (6.9006e-01)	Loss Pred 4.5877e-01 (4.8676e-01)	Loss TOTAL 8.5366e-01 (8.8828e-01)
Epoch: [27][100/112]	L_Src_Sup 2.9808e-01 (2.0520e-01)	L_Trg_Inj 2.1854e-01 (2.9417e-01)	Loss Disc 6.9175e-01 (6.9010e-01)	Loss Pred 4.7153e-01 (4.8677e-01)	Loss TOTAL 9.4861e-01 (8.8836e-01)
Epoch: [27][110/112]	L_Src_Sup 9.0096e-02 (2.0425e-01)	L_Trg_Inj 2.6550e-01 (2.9426e-01)	Loss Disc 6.9063e-01 (6.9013e-01)	Loss Pred 4.9077e-01 (4.8620e-01)	Loss TOTAL 8.7164e-01 (8.8733e-01)
Epoch: [27][112/112]	L_Src_Sup 1.9644e-01 (2.0382e-01)	L_Trg_Inj 2.9672e-01 (2.9486e-01)	Loss Disc 6.8932e-01 (6.9010e-01)	Loss Pred 4.8891e-01 (4.8632e-01)	Loss TOTAL 8.8289e-01 (8.8734e-01)
Epoch 27 complete. Saving model state...
Epoch: [28][ 10/112]	L_Src_Sup 1.6217e-01 (2.1934e-01)	L_Trg_Inj 2.3415e-01 (2.9014e-01)	Loss Disc 6.9125e-01 (6.8948e-01)	Loss Pred 4.9062e-01 (4.8971e-01)	Loss TOTAL 8.7588e-01 (8.9386e-01)
Epoch: [28][ 20/112]	L_Src_Sup 2.4567e-01 (2.1155e-01)	L_Trg_Inj 2.3425e-01 (2.7957e-01)	Loss Disc 6.9147e-01 (6.9025e-01)	Loss Pred 4.7183e-01 (4.8670e-01)	Loss TOTAL 8.7698e-01 (8.8916e-01)
Epoch: [28][ 30/112]	L_Src_Sup 2.2026e-01 (2.0496e-01)	L_Trg_Inj 2.4989e-01 (2.8779e-01)	Loss Disc 6.9140e-01 (6.9030e-01)	Loss Pred 5.0323e-01 (4.8612e-01)	Loss TOTAL 8.9595e-01 (8.8879e-01)
Epoch: [28][ 40/112]	L_Src_Sup 2.3429e-01 (2.0606e-01)	L_Trg_Inj 4.0607e-01 (2.8219e-01)	Loss Disc 6.8922e-01 (6.9047e-01)	Loss Pred 5.0008e-01 (4.8749e-01)	Loss TOTAL 9.0872e-01 (8.8772e-01)
Epoch: [28][ 50/112]	L_Src_Sup 1.8183e-01 (2.0104e-01)	L_Trg_Inj 3.7478e-01 (2.8251e-01)	Loss Disc 6.8890e-01 (6.9049e-01)	Loss Pred 4.9709e-01 (4.8593e-01)	Loss TOTAL 8.9720e-01 (8.8489e-01)
Epoch: [28][ 60/112]	L_Src_Sup 2.4351e-01 (1.9574e-01)	L_Trg_Inj 2.5128e-01 (2.8336e-01)	Loss Disc 6.9132e-01 (6.9050e-01)	Loss Pred 4.6542e-01 (4.8683e-01)	Loss TOTAL 8.6056e-01 (8.8466e-01)
Epoch: [28][ 70/112]	L_Src_Sup 1.8366e-01 (1.9868e-01)	L_Trg_Inj 3.2799e-01 (2.8574e-01)	Loss Disc 6.8945e-01 (6.9045e-01)	Loss Pred 5.0350e-01 (4.8638e-01)	Loss TOTAL 8.9939e-01 (8.8614e-01)
Epoch: [28][ 80/112]	L_Src_Sup 2.4788e-01 (2.0121e-01)	L_Trg_Inj 2.4991e-01 (2.8653e-01)	Loss Disc 6.9043e-01 (6.9044e-01)	Loss Pred 5.2856e-01 (4.8653e-01)	Loss TOTAL 9.2356e-01 (8.8715e-01)
Epoch: [28][ 90/112]	L_Src_Sup 2.0691e-01 (2.0183e-01)	L_Trg_Inj 2.4985e-01 (2.8870e-01)	Loss Disc 6.9190e-01 (6.9039e-01)	Loss Pred 4.5923e-01 (4.8670e-01)	Loss TOTAL 8.5085e-01 (8.8774e-01)
Epoch: [28][100/112]	L_Src_Sup 2.2857e-01 (2.0007e-01)	L_Trg_Inj 4.2158e-01 (2.9180e-01)	Loss Disc 6.8807e-01 (6.9038e-01)	Loss Pred 5.2965e-01 (4.8575e-01)	Loss TOTAL 9.3870e-01 (8.8623e-01)
Epoch: [28][110/112]	L_Src_Sup 2.6552e-01 (1.9958e-01)	L_Trg_Inj 3.2800e-01 (2.9136e-01)	Loss Disc 6.8962e-01 (6.9036e-01)	Loss Pred 4.7796e-01 (4.8617e-01)	Loss TOTAL 8.8212e-01 (8.8626e-01)
Epoch: [28][112/112]	L_Src_Sup 2.4782e-01 (2.0052e-01)	L_Trg_Inj 2.9672e-01 (2.9187e-01)	Loss Disc 6.8932e-01 (6.9033e-01)	Loss Pred 4.7815e-01 (4.8625e-01)	Loss TOTAL 8.7727e-01 (8.8637e-01)
Epoch 28 complete. Saving model state...
Epoch: [29][ 10/112]	L_Src_Sup 1.8021e-01 (1.9732e-01)	L_Trg_Inj 3.7292e-01 (3.1734e-01)	Loss Disc 6.8872e-01 (6.8977e-01)	Loss Pred 4.9066e-01 (4.8861e-01)	Loss TOTAL 8.9033e-01 (8.8812e-01)
Epoch: [29][ 20/112]	L_Src_Sup 1.6217e-01 (1.8971e-01)	L_Trg_Inj 2.3061e-01 (3.2762e-01)	Loss Disc 6.9197e-01 (6.8980e-01)	Loss Pred 4.9044e-01 (4.9030e-01)	Loss TOTAL 8.7570e-01 (8.9181e-01)
Epoch: [29][ 30/112]	L_Src_Sup 1.9476e-01 (1.9757e-01)	L_Trg_Inj 2.4982e-01 (3.1443e-01)	Loss Disc 6.9087e-01 (6.9001e-01)	Loss Pred 4.7795e-01 (4.8816e-01)	Loss TOTAL 8.6785e-01 (8.9100e-01)
Epoch: [29][ 40/112]	L_Src_Sup 1.9299e-01 (1.9884e-01)	L_Trg_Inj 3.9021e-01 (3.2330e-01)	Loss Disc 6.8823e-01 (6.8981e-01)	Loss Pred 4.7171e-01 (4.8628e-01)	Loss TOTAL 8.7414e-01 (8.8838e-01)
Epoch: [29][ 50/112]	L_Src_Sup 7.3403e-02 (1.9462e-01)	L_Trg_Inj 3.1373e-01 (3.1791e-01)	Loss Disc 6.8957e-01 (6.8988e-01)	Loss Pred 5.0318e-01 (4.8732e-01)	Loss TOTAL 8.8668e-01 (8.8823e-01)
Epoch: [29][ 60/112]	L_Src_Sup 1.1321e-01 (1.9038e-01)	L_Trg_Inj 2.9676e-01 (3.1246e-01)	Loss Disc 6.8825e-01 (6.8990e-01)	Loss Pred 5.2264e-01 (4.8766e-01)	Loss TOTAL 9.0776e-01 (8.8683e-01)
Epoch: [29][ 70/112]	L_Src_Sup 1.1112e-01 (1.8855e-01)	L_Trg_Inj 3.2792e-01 (3.0620e-01)	Loss Disc 6.8831e-01 (6.8994e-01)	Loss Pred 5.0966e-01 (4.8847e-01)	Loss TOTAL 8.9772e-01 (8.8847e-01)
Epoch: [29][ 80/112]	L_Src_Sup 1.7096e-01 (1.8887e-01)	L_Trg_Inj 3.3849e-01 (3.0357e-01)	Loss Disc 6.9040e-01 (6.8998e-01)	Loss Pred 4.5665e-01 (4.8864e-01)	Loss TOTAL 8.5280e-01 (8.8880e-01)
Epoch: [29][ 90/112]	L_Src_Sup 2.3535e-01 (1.8974e-01)	L_Trg_Inj 2.6687e-01 (3.0057e-01)	Loss Disc 6.9148e-01 (6.9023e-01)	Loss Pred 4.4026e-01 (4.8765e-01)	Loss TOTAL 8.3622e-01 (8.8869e-01)
Epoch: [29][100/112]	L_Src_Sup 2.1243e-01 (1.9289e-01)	L_Trg_Inj 2.0310e-01 (2.9643e-01)	Loss Disc 6.9197e-01 (6.9033e-01)	Loss Pred 4.7826e-01 (4.8627e-01)	Loss TOTAL 8.7514e-01 (8.8777e-01)
Epoch: [29][110/112]	L_Src_Sup 2.1173e-01 (1.9543e-01)	L_Trg_Inj 2.8123e-01 (2.9491e-01)	Loss Disc 6.9064e-01 (6.9034e-01)	Loss Pred 4.7178e-01 (4.8611e-01)	Loss TOTAL 8.6640e-01 (8.8771e-01)
Epoch: [29][112/112]	L_Src_Sup 1.0959e-01 (1.9438e-01)	L_Trg_Inj 4.2342e-01 (2.9663e-01)	Loss Disc 6.8953e-01 (6.9033e-01)	Loss Pred 4.9704e-01 (4.8625e-01)	Loss TOTAL 8.9510e-01 (8.8778e-01)
Epoch 29 complete. Saving model state...
Epoch: [30][ 10/112]	L_Src_Sup 1.8193e-01 (2.1442e-01)	L_Trg_Inj 3.5926e-01 (3.0949e-01)	Loss Disc 6.8910e-01 (6.9035e-01)	Loss Pred 4.9691e-01 (4.9007e-01)	Loss TOTAL 8.9558e-01 (8.8999e-01)
Epoch: [30][ 20/112]	L_Src_Sup 1.4548e-01 (1.9518e-01)	L_Trg_Inj 1.0935e-01 (2.8031e-01)	Loss Disc 6.9389e-01 (6.9084e-01)	Loss Pred 4.9710e-01 (4.8155e-01)	Loss TOTAL 9.0566e-01 (8.8128e-01)
Epoch: [30][ 30/112]	L_Src_Sup 2.3014e-01 (1.9756e-01)	L_Trg_Inj 3.2792e-01 (2.8050e-01)	Loss Disc 6.9113e-01 (6.9077e-01)	Loss Pred 4.7827e-01 (4.8397e-01)	Loss TOTAL 8.7964e-01 (8.8403e-01)
Epoch: [30][ 40/112]	L_Src_Sup 1.4953e-01 (1.9806e-01)	L_Trg_Inj 3.7473e-01 (2.8659e-01)	Loss Disc 6.8944e-01 (6.9071e-01)	Loss Pred 5.1590e-01 (4.8698e-01)	Loss TOTAL 9.1305e-01 (8.8776e-01)
Epoch: [30][ 50/112]	L_Src_Sup 1.4547e-01 (1.9864e-01)	L_Trg_Inj 4.1452e-01 (2.9250e-01)	Loss Disc 6.8845e-01 (6.9061e-01)	Loss Pred 4.9740e-01 (4.8643e-01)	Loss TOTAL 8.9762e-01 (8.8642e-01)
Epoch: [30][ 60/112]	L_Src_Sup 1.6787e-01 (1.9610e-01)	L_Trg_Inj 2.6398e-01 (2.8830e-01)	Loss Disc 6.9112e-01 (6.9071e-01)	Loss Pred 4.8437e-01 (4.8636e-01)	Loss TOTAL 8.7312e-01 (8.8479e-01)
Epoch: [30][ 70/112]	L_Src_Sup 9.3472e-02 (1.9412e-01)	L_Trg_Inj 2.4964e-01 (2.9009e-01)	Loss Disc 6.9062e-01 (6.9062e-01)	Loss Pred 5.1610e-01 (4.8842e-01)	Loss TOTAL 8.9571e-01 (8.8614e-01)
Epoch: [30][ 80/112]	L_Src_Sup 2.2617e-01 (1.9550e-01)	L_Trg_Inj 2.6523e-01 (2.9186e-01)	Loss Disc 6.9102e-01 (6.9061e-01)	Loss Pred 4.6547e-01 (4.8690e-01)	Loss TOTAL 8.6012e-01 (8.8465e-01)
Epoch: [30][ 90/112]	L_Src_Sup 2.3064e-01 (1.9676e-01)	L_Trg_Inj 1.5612e-01 (2.8979e-01)	Loss Disc 6.9320e-01 (6.9065e-01)	Loss Pred 4.7824e-01 (4.8571e-01)	Loss TOTAL 9.3803e-01 (8.8393e-01)
Epoch: [30][100/112]	L_Src_Sup 1.7861e-01 (1.9782e-01)	L_Trg_Inj 3.7452e-01 (2.9078e-01)	Loss Disc 6.8974e-01 (6.9062e-01)	Loss Pred 4.8433e-01 (4.8608e-01)	Loss TOTAL 8.8452e-01 (8.8469e-01)
Epoch: [30][110/112]	L_Src_Sup 2.0379e-01 (2.0133e-01)	L_Trg_Inj 3.1221e-01 (2.8846e-01)	Loss Disc 6.8971e-01 (6.9064e-01)	Loss Pred 5.0988e-01 (4.8593e-01)	Loss TOTAL 9.0633e-01 (8.8649e-01)
Epoch: [30][112/112]	L_Src_Sup 1.8021e-01 (2.0080e-01)	L_Trg_Inj 2.1845e-01 (2.8735e-01)	Loss Disc 6.9142e-01 (6.9065e-01)	Loss Pred 4.9071e-01 (4.8602e-01)	Loss TOTAL 8.7629e-01 (8.8631e-01)
Epoch 30 complete. Saving model state...
Epoch: [31][ 10/112]	L_Src_Sup 1.4042e-01 (2.0482e-01)	L_Trg_Inj 2.1843e-01 (2.8557e-01)	Loss Disc 6.9215e-01 (6.9092e-01)	Loss Pred 4.7164e-01 (4.8185e-01)	Loss TOTAL 8.5360e-01 (8.8468e-01)
Epoch: [31][ 20/112]	L_Src_Sup 2.1055e-01 (1.9133e-01)	L_Trg_Inj 2.6525e-01 (2.9020e-01)	Loss Disc 6.9088e-01 (6.9066e-01)	Loss Pred 4.7187e-01 (4.7966e-01)	Loss TOTAL 8.6489e-01 (8.7860e-01)
Epoch: [31][ 30/112]	L_Src_Sup 2.2037e-01 (1.8777e-01)	L_Trg_Inj 2.8077e-01 (2.8708e-01)	Loss Disc 6.9071e-01 (6.9072e-01)	Loss Pred 4.4648e-01 (4.8417e-01)	Loss TOTAL 8.4195e-01 (8.8246e-01)
Epoch: [31][ 40/112]	L_Src_Sup 1.0621e-01 (1.8873e-01)	L_Trg_Inj 2.3384e-01 (2.9132e-01)	Loss Disc 6.9162e-01 (6.9064e-01)	Loss Pred 4.9694e-01 (4.8753e-01)	Loss TOTAL 8.7676e-01 (8.8722e-01)
Epoch: [31][ 50/112]	L_Src_Sup 2.1623e-01 (1.9405e-01)	L_Trg_Inj 3.7410e-01 (2.8917e-01)	Loss Disc 6.8902e-01 (6.9069e-01)	Loss Pred 4.9047e-01 (4.8690e-01)	Loss TOTAL 8.9401e-01 (8.8777e-01)
Epoch: [31][ 60/112]	L_Src_Sup 1.5930e-01 (1.9654e-01)	L_Trg_Inj 2.7425e-01 (2.9136e-01)	Loss Disc 6.9090e-01 (6.9065e-01)	Loss Pred 4.7803e-01 (4.8733e-01)	Loss TOTAL 8.6683e-01 (8.8744e-01)
Epoch: [31][ 70/112]	L_Src_Sup 1.6984e-01 (1.9606e-01)	L_Trg_Inj 2.6550e-01 (2.8971e-01)	Loss Disc 6.9126e-01 (6.9067e-01)	Loss Pred 5.2241e-01 (4.8729e-01)	Loss TOTAL 9.1157e-01 (8.8633e-01)
Epoch: [31][ 80/112]	L_Src_Sup 1.4191e-01 (1.9544e-01)	L_Trg_Inj 2.6522e-01 (2.9037e-01)	Loss Disc 6.9092e-01 (6.9065e-01)	Loss Pred 4.7827e-01 (4.8684e-01)	Loss TOTAL 8.6444e-01 (8.8712e-01)
Epoch: [31][ 90/112]	L_Src_Sup 2.9709e+00 (2.2518e-01)	L_Trg_Inj 1.3569e+00 (3.0523e-01)	Loss Disc 6.8925e-01 (6.9056e-01)	Loss Pred 4.6925e-01 (4.8605e-01)	Loss TOTAL 2.8606e+00 (9.0840e-01)
Epoch: [31][100/112]	L_Src_Sup 2.5225e-01 (2.2873e-01)	L_Trg_Inj 4.8576e-01 (3.1820e-01)	Loss Disc 6.8785e-01 (6.9039e-01)	Loss Pred 5.6099e-01 (4.9009e-01)	Loss TOTAL 9.7871e-01 (9.1222e-01)
Epoch: [31][110/112]	L_Src_Sup 3.2841e-01 (2.2953e-01)	L_Trg_Inj 2.6776e-01 (3.2185e-01)	Loss Disc 6.9018e-01 (6.9025e-01)	Loss Pred 4.9291e-01 (4.9058e-01)	Loss TOTAL 9.5827e-01 (9.1161e-01)
Epoch: [31][112/112]	L_Src_Sup 2.3849e-01 (2.2928e-01)	L_Trg_Inj 2.5261e-01 (3.2032e-01)	Loss Disc 6.9047e-01 (6.9026e-01)	Loss Pred 4.6789e-01 (4.9045e-01)	Loss TOTAL 8.6224e-01 (9.1094e-01)
Epoch 31 complete. Saving model state...
Epoch: [32][ 10/112]	L_Src_Sup 1.1259e-01 (2.0606e-01)	L_Trg_Inj 2.8005e-01 (3.1633e-01)	Loss Disc 6.9065e-01 (6.8980e-01)	Loss Pred 5.0494e-01 (4.8746e-01)	Loss TOTAL 8.8953e-01 (8.9018e-01)
Epoch: [32][ 20/112]	L_Src_Sup 2.2458e-01 (1.8870e-01)	L_Trg_Inj 3.5969e-01 (3.1510e-01)	Loss Disc 6.8840e-01 (6.8975e-01)	Loss Pred 5.2166e-01 (4.9096e-01)	Loss TOTAL 9.2428e-01 (8.9214e-01)
Epoch: [32][ 30/112]	L_Src_Sup 1.2550e-01 (1.9222e-01)	L_Trg_Inj 3.2937e-01 (3.1828e-01)	Loss Disc 6.8875e-01 (6.8960e-01)	Loss Pred 4.8561e-01 (4.8890e-01)	Loss TOTAL 8.7547e-01 (8.9112e-01)
Epoch: [32][ 40/112]	L_Src_Sup 2.2872e-01 (1.9692e-01)	L_Trg_Inj 2.9402e-01 (3.0655e-01)	Loss Disc 6.9133e-01 (6.8975e-01)	Loss Pred 5.3289e-01 (4.8848e-01)	Loss TOTAL 9.3083e-01 (8.9213e-01)
Epoch: [32][ 50/112]	L_Src_Sup 1.7397e-01 (2.0219e-01)	L_Trg_Inj 2.5668e-01 (2.9799e-01)	Loss Disc 6.9017e-01 (6.8993e-01)	Loss Pred 4.6635e-01 (4.8761e-01)	Loss TOTAL 8.5450e-01 (8.9197e-01)
Epoch: [32][ 60/112]	L_Src_Sup 2.4564e-01 (2.0764e-01)	L_Trg_Inj 4.3338e-01 (3.0328e-01)	Loss Disc 6.8693e-01 (6.8976e-01)	Loss Pred 4.7229e-01 (4.8714e-01)	Loss TOTAL 8.8366e-01 (8.9181e-01)
Epoch: [32][ 70/112]	L_Src_Sup 2.4006e-01 (2.0450e-01)	L_Trg_Inj 3.5898e-01 (3.0624e-01)	Loss Disc 6.8730e-01 (6.8968e-01)	Loss Pred 4.4692e-01 (4.8681e-01)	Loss TOTAL 8.5048e-01 (8.9018e-01)
Epoch: [32][ 80/112]	L_Src_Sup 1.4634e-01 (2.0365e-01)	L_Trg_Inj 2.5188e-01 (3.0280e-01)	Loss Disc 6.8740e-01 (6.8968e-01)	Loss Pred 4.1614e-01 (4.8546e-01)	Loss TOTAL 7.9967e-01 (8.8776e-01)
Epoch: [32][ 90/112]	L_Src_Sup 2.5244e-01 (2.0700e-01)	L_Trg_Inj 2.8099e-01 (3.0071e-01)	Loss Disc 6.9105e-01 (6.8984e-01)	Loss Pred 5.4159e-01 (4.8581e-01)	Loss TOTAL 9.4046e-01 (8.8792e-01)
Epoch: [32][100/112]	L_Src_Sup 2.7524e-01 (2.0692e-01)	L_Trg_Inj 3.5901e-01 (3.0108e-01)	Loss Disc 6.8960e-01 (6.8991e-01)	Loss Pred 5.0338e-01 (4.8738e-01)	Loss TOTAL 9.1161e-01 (8.8969e-01)
Epoch: [32][110/112]	L_Src_Sup 1.7858e-01 (2.0895e-01)	L_Trg_Inj 3.2799e-01 (2.9797e-01)	Loss Disc 6.8989e-01 (6.8999e-01)	Loss Pred 4.8432e-01 (4.8751e-01)	Loss TOTAL 8.7992e-01 (8.9096e-01)
Epoch: [32][112/112]	L_Src_Sup 2.5211e-01 (2.0963e-01)	L_Trg_Inj 2.1844e-01 (2.9823e-01)	Loss Disc 6.9204e-01 (6.9000e-01)	Loss Pred 4.4019e-01 (4.8684e-01)	Loss TOTAL 8.6693e-01 (8.9055e-01)
Epoch 32 complete. Saving model state...
Epoch: [33][ 10/112]	L_Src_Sup 3.8183e-01 (2.4478e-01)	L_Trg_Inj 2.6143e-01 (3.2206e-01)	Loss Disc 6.9080e-01 (6.8987e-01)	Loss Pred 4.9697e-01 (4.7805e-01)	Loss TOTAL 1.0271e+00 (9.0381e-01)
Epoch: [33][ 20/112]	L_Src_Sup 1.6073e-01 (2.1560e-01)	L_Trg_Inj 2.4980e-01 (3.0022e-01)	Loss Disc 6.9163e-01 (6.9030e-01)	Loss Pred 4.8425e-01 (4.8812e-01)	Loss TOTAL 8.7112e-01 (8.9693e-01)
Epoch: [33][ 30/112]	L_Src_Sup 1.9456e-01 (2.1902e-01)	L_Trg_Inj 3.8967e-01 (3.0604e-01)	Loss Disc 6.8854e-01 (6.9026e-01)	Loss Pred 4.7779e-01 (4.8578e-01)	Loss TOTAL 8.8048e-01 (8.9149e-01)
Epoch: [33][ 40/112]	L_Src_Sup 1.9820e-01 (2.2680e-01)	L_Trg_Inj 3.4327e-01 (2.9605e-01)	Loss Disc 6.8981e-01 (6.9046e-01)	Loss Pred 4.9033e-01 (4.8601e-01)	Loss TOTAL 8.8938e-01 (8.9806e-01)
Epoch: [33][ 50/112]	L_Src_Sup 3.9625e-01 (2.2990e-01)	L_Trg_Inj 2.3421e-01 (2.9071e-01)	Loss Disc 6.9137e-01 (6.9054e-01)	Loss Pred 5.2201e-01 (4.8666e-01)	Loss TOTAL 1.0928e+00 (9.0003e-01)
Epoch: [33][ 60/112]	L_Src_Sup 1.8693e-01 (2.2086e-01)	L_Trg_Inj 3.2364e-01 (2.8955e-01)	Loss Disc 6.8972e-01 (6.9056e-01)	Loss Pred 5.1593e-01 (4.8613e-01)	Loss TOTAL 9.1184e-01 (8.9586e-01)
Epoch: [33][ 70/112]	L_Src_Sup 3.1583e-01 (2.1765e-01)	L_Trg_Inj 3.4354e-01 (2.9310e-01)	Loss Disc 6.8904e-01 (6.9048e-01)	Loss Pred 4.7167e-01 (4.8601e-01)	Loss TOTAL 8.8212e-01 (8.9395e-01)
Epoch: [33][ 80/112]	L_Src_Sup 1.7700e-01 (2.1228e-01)	L_Trg_Inj 3.2783e-01 (2.9295e-01)	Loss Disc 6.8851e-01 (6.9044e-01)	Loss Pred 4.7797e-01 (4.8586e-01)	Loss TOTAL 8.7271e-01 (8.9208e-01)
Epoch: [33][ 90/112]	L_Src_Sup 2.1429e-01 (2.1077e-01)	L_Trg_Inj 1.7184e-01 (2.9205e-01)	Loss Disc 6.9261e-01 (6.9046e-01)	Loss Pred 4.8394e-01 (4.8631e-01)	Loss TOTAL 9.1131e-01 (8.9161e-01)
Epoch: [33][100/112]	L_Src_Sup 1.4161e-01 (2.0701e-01)	L_Trg_Inj 2.8100e-01 (2.8928e-01)	Loss Disc 6.9018e-01 (6.9051e-01)	Loss Pred 4.7772e-01 (4.8539e-01)	Loss TOTAL 8.6507e-01 (8.8911e-01)
Epoch: [33][110/112]	L_Src_Sup 2.5456e-01 (2.0759e-01)	L_Trg_Inj 2.8097e-01 (2.8964e-01)	Loss Disc 6.9093e-01 (6.9051e-01)	Loss Pred 4.9679e-01 (4.8533e-01)	Loss TOTAL 8.9581e-01 (8.8899e-01)
Epoch: [33][112/112]	L_Src_Sup 3.0864e-01 (2.0835e-01)	L_Trg_Inj 2.3416e-01 (2.8837e-01)	Loss Disc 6.9144e-01 (6.9054e-01)	Loss Pred 4.9029e-01 (4.8581e-01)	Loss TOTAL 9.6478e-01 (8.8995e-01)
Epoch 33 complete. Saving model state...
Epoch: [34][ 10/112]	L_Src_Sup 1.7545e-01 (2.2829e-01)	L_Trg_Inj 4.3729e-01 (2.9872e-01)	Loss Disc 6.8825e-01 (6.9041e-01)	Loss Pred 4.7112e-01 (4.9157e-01)	Loss TOTAL 8.7652e-01 (8.9675e-01)
Epoch: [34][ 20/112]	L_Src_Sup 1.9299e-01 (1.9482e-01)	L_Trg_Inj 2.4989e-01 (2.7317e-01)	Loss Disc 6.9140e-01 (6.9089e-01)	Loss Pred 4.7152e-01 (4.8623e-01)	Loss TOTAL 8.6151e-01 (8.8211e-01)
Epoch: [34][ 30/112]	L_Src_Sup 1.9840e-01 (1.9660e-01)	L_Trg_Inj 2.4982e-01 (2.7591e-01)	Loss Disc 6.9155e-01 (6.9087e-01)	Loss Pred 4.3350e-01 (4.8636e-01)	Loss TOTAL 8.2410e-01 (8.8178e-01)
Epoch: [34][ 40/112]	L_Src_Sup 2.2611e-01 (1.9084e-01)	L_Trg_Inj 3.5884e-01 (2.7541e-01)	Loss Disc 6.8952e-01 (6.9089e-01)	Loss Pred 4.6548e-01 (4.8516e-01)	Loss TOTAL 8.6873e-01 (8.7928e-01)
Epoch: [34][ 50/112]	L_Src_Sup 1.0352e-01 (1.8870e-01)	L_Trg_Inj 2.3570e-01 (2.8118e-01)	Loss Disc 6.9197e-01 (6.9075e-01)	Loss Pred 5.0386e-01 (4.8414e-01)	Loss TOTAL 8.8377e-01 (8.7814e-01)
Epoch: [34][ 60/112]	L_Src_Sup 2.0691e-01 (1.9175e-01)	L_Trg_Inj 3.4287e-01 (2.7852e-01)	Loss Disc 6.9002e-01 (6.9082e-01)	Loss Pred 4.5856e-01 (4.8677e-01)	Loss TOTAL 8.5855e-01 (8.8308e-01)
Epoch: [34][ 70/112]	L_Src_Sup 1.1010e-01 (1.9120e-01)	L_Trg_Inj 2.8021e-01 (2.7997e-01)	Loss Disc 6.9077e-01 (6.9079e-01)	Loss Pred 5.0318e-01 (4.8650e-01)	Loss TOTAL 8.8760e-01 (8.8233e-01)
Epoch: [34][ 80/112]	L_Src_Sup 1.2070e-01 (1.9560e-01)	L_Trg_Inj 3.2396e-01 (2.8557e-01)	Loss Disc 6.8982e-01 (6.9068e-01)	Loss Pred 4.5860e-01 (4.8612e-01)	Loss TOTAL 8.4797e-01 (8.8248e-01)
Epoch: [34][ 90/112]	L_Src_Sup 2.7088e-01 (1.9631e-01)	L_Trg_Inj 9.7867e-02 (2.8561e-01)	Loss Disc 6.9231e-01 (6.9061e-01)	Loss Pred 4.8423e-01 (4.8626e-01)	Loss TOTAL 1.0403e+00 (8.8427e-01)
Epoch: [34][100/112]	L_Src_Sup 1.2595e-01 (1.9663e-01)	L_Trg_Inj 4.0714e-01 (2.7944e-01)	Loss Disc 6.8125e-01 (6.9039e-01)	Loss Pred 4.9440e-01 (4.8585e-01)	Loss TOTAL 8.8834e-01 (8.8628e-01)
Epoch: [34][110/112]	L_Src_Sup 2.3327e-01 (1.9701e-01)	L_Trg_Inj 2.4026e-01 (2.7523e-01)	Loss Disc 6.8069e-01 (6.8983e-01)	Loss Pred 4.8836e-01 (4.8592e-01)	Loss TOTAL 8.7605e-01 (8.8536e-01)
Epoch: [34][112/112]	L_Src_Sup 3.0944e-01 (1.9861e-01)	L_Trg_Inj 5.2562e-01 (2.7783e-01)	Loss Disc 6.6999e-01 (6.8961e-01)	Loss Pred 4.5431e-01 (4.8600e-01)	Loss TOTAL 8.7281e-01 (8.8562e-01)
Epoch 34 complete. Saving model state...
Epoch: [35][ 10/112]	L_Src_Sup 1.8375e-01 (2.6109e-01)	L_Trg_Inj 3.7276e-01 (3.8041e-01)	Loss Disc 6.9006e-01 (6.8128e-01)	Loss Pred 5.0322e-01 (4.9707e-01)	Loss TOTAL 9.0391e-01 (9.1179e-01)
Epoch: [35][ 20/112]	L_Src_Sup 2.0345e-01 (2.2667e-01)	L_Trg_Inj 3.0009e-01 (3.4648e-01)	Loss Disc 6.8800e-01 (6.8576e-01)	Loss Pred 5.0314e-01 (4.8912e-01)	Loss TOTAL 8.9750e-01 (8.9550e-01)
Epoch: [35][ 30/112]	L_Src_Sup 1.1105e-01 (2.1989e-01)	L_Trg_Inj 1.7303e-01 (3.1228e-01)	Loss Disc 6.8995e-01 (6.8683e-01)	Loss Pred 4.7156e-01 (4.8584e-01)	Loss TOTAL 8.4495e-01 (8.9881e-01)
Epoch: [35][ 40/112]	L_Src_Sup 2.7330e-01 (2.3968e-01)	L_Trg_Inj 9.8356e-02 (2.9742e-01)	Loss Disc 7.0341e-01 (6.8869e-01)	Loss Pred 4.5731e-01 (4.8571e-01)	Loss TOTAL 1.0211e+00 (9.1358e-01)
Epoch: [35][ 50/112]	L_Src_Sup 4.4940e-01 (2.5550e-01)	L_Trg_Inj 4.4093e-01 (2.8922e-01)	Loss Disc 6.8834e-01 (6.8848e-01)	Loss Pred 4.8234e-01 (4.8552e-01)	Loss TOTAL 9.2401e-01 (9.2325e-01)
Epoch: [35][ 60/112]	L_Src_Sup 1.6531e-01 (2.6824e-01)	L_Trg_Inj 2.0299e-01 (2.9428e-01)	Loss Disc 6.8911e-01 (6.8820e-01)	Loss Pred 5.0418e-01 (4.8594e-01)	Loss TOTAL 8.8556e-01 (9.2716e-01)
Epoch: [35][ 70/112]	L_Src_Sup 2.2840e-01 (2.5927e-01)	L_Trg_Inj 2.1450e-01 (2.8515e-01)	Loss Disc 6.8638e-01 (6.8784e-01)	Loss Pred 4.7247e-01 (4.8703e-01)	Loss TOTAL 8.7385e-01 (9.2221e-01)
Epoch: [35][ 80/112]	L_Src_Sup 1.1261e-01 (2.5163e-01)	L_Trg_Inj 2.2367e-01 (2.8554e-01)	Loss Disc 6.9083e-01 (6.8790e-01)	Loss Pred 5.1596e-01 (4.8933e-01)	Loss TOTAL 8.9500e-01 (9.1991e-01)
Epoch: [35][ 90/112]	L_Src_Sup 1.4167e-01 (2.4716e-01)	L_Trg_Inj 2.7343e-01 (2.8224e-01)	Loss Disc 6.8970e-01 (6.8810e-01)	Loss Pred 4.7801e-01 (4.8904e-01)	Loss TOTAL 8.6438e-01 (9.1655e-01)
Epoch: [35][100/112]	L_Src_Sup 2.5736e-01 (2.4267e-01)	L_Trg_Inj 2.8071e-01 (2.7862e-01)	Loss Disc 6.9024e-01 (6.8838e-01)	Loss Pred 5.0458e-01 (4.8752e-01)	Loss TOTAL 9.0351e-01 (9.1279e-01)
Epoch: [35][110/112]	L_Src_Sup 3.0222e-01 (2.3621e-01)	L_Trg_Inj 3.4214e-01 (2.8473e-01)	Loss Disc 6.9247e-01 (6.8825e-01)	Loss Pred 5.2255e-01 (4.8767e-01)	Loss TOTAL 9.3321e-01 (9.1021e-01)
Epoch: [35][112/112]	L_Src_Sup 7.0860e-02 (2.3372e-01)	L_Trg_Inj 2.3441e-01 (2.8462e-01)	Loss Disc 6.9182e-01 (6.8830e-01)	Loss Pred 4.7799e-01 (4.8743e-01)	Loss TOTAL 8.5442e-01 (9.0927e-01)
Epoch 35 complete. Saving model state...
Epoch: [36][ 10/112]	L_Src_Sup 1.2178e-01 (2.0341e-01)	L_Trg_Inj 2.3008e-01 (3.0420e-01)	Loss Disc 6.9092e-01 (6.9063e-01)	Loss Pred 4.6553e-01 (4.7258e-01)	Loss TOTAL 8.4617e-01 (8.7136e-01)
Epoch: [36][ 20/112]	L_Src_Sup 1.3597e-01 (1.9653e-01)	L_Trg_Inj 1.6518e-01 (2.4926e-01)	Loss Disc 6.9222e-01 (6.9137e-01)	Loss Pred 5.4128e-01 (4.8296e-01)	Loss TOTAL 9.1751e-01 (8.8508e-01)
Epoch: [36][ 30/112]	L_Src_Sup 1.7102e-01 (1.9402e-01)	L_Trg_Inj 2.5766e-01 (2.4984e-01)	Loss Disc 6.9099e-01 (6.9118e-01)	Loss Pred 4.5296e-01 (4.8352e-01)	Loss TOTAL 8.4133e-01 (8.8654e-01)
Epoch: [36][ 40/112]	L_Src_Sup 2.9222e-01 (1.9803e-01)	L_Trg_Inj 4.8547e-01 (2.6415e-01)	Loss Disc 6.8756e-01 (6.9074e-01)	Loss Pred 5.4920e-01 (4.8617e-01)	Loss TOTAL 9.7075e-01 (8.8821e-01)
Epoch: [36][ 50/112]	L_Src_Sup 1.5406e-01 (1.9234e-01)	L_Trg_Inj 3.1195e-01 (2.8455e-01)	Loss Disc 6.9243e-01 (6.9009e-01)	Loss Pred 5.3522e-01 (4.8751e-01)	Loss TOTAL 9.2803e-01 (8.8860e-01)
Epoch: [36][ 60/112]	L_Src_Sup 2.2248e-01 (1.9799e-01)	L_Trg_Inj 3.1282e-01 (2.9509e-01)	Loss Disc 6.9030e-01 (6.8967e-01)	Loss Pred 5.0981e-01 (4.8577e-01)	Loss TOTAL 9.0849e-01 (8.8805e-01)
Epoch: [36][ 70/112]	L_Src_Sup 2.4301e-01 (2.0138e-01)	L_Trg_Inj 2.4079e-01 (2.9735e-01)	Loss Disc 6.8726e-01 (6.8951e-01)	Loss Pred 4.5984e-01 (4.8547e-01)	Loss TOTAL 8.5407e-01 (8.8710e-01)
Epoch: [36][ 80/112]	L_Src_Sup 2.0520e-01 (2.0168e-01)	L_Trg_Inj 1.5630e-01 (2.9292e-01)	Loss Disc 6.9195e-01 (6.8928e-01)	Loss Pred 4.5289e-01 (4.8397e-01)	Loss TOTAL 8.8392e-01 (8.8542e-01)
Epoch: [36][ 90/112]	L_Src_Sup 2.7830e-01 (2.0120e-01)	L_Trg_Inj 2.8143e-01 (2.9186e-01)	Loss Disc 6.8740e-01 (6.8927e-01)	Loss Pred 4.6568e-01 (4.8508e-01)	Loss TOTAL 8.6535e-01 (8.8616e-01)
Epoch: [36][100/112]	L_Src_Sup 9.0198e-02 (2.0183e-01)	L_Trg_Inj 1.8823e-01 (2.9181e-01)	Loss Disc 6.9434e-01 (6.8910e-01)	Loss Pred 4.9095e-01 (4.8582e-01)	Loss TOTAL 8.6597e-01 (8.8745e-01)
Epoch: [36][110/112]	L_Src_Sup 2.5695e-01 (2.0570e-01)	L_Trg_Inj 2.9686e-01 (2.8988e-01)	Loss Disc 6.8965e-01 (6.8920e-01)	Loss Pred 5.0349e-01 (4.8650e-01)	Loss TOTAL 9.0370e-01 (8.8883e-01)
Epoch: [36][112/112]	L_Src_Sup 1.5801e-01 (2.0484e-01)	L_Trg_Inj 1.5738e-01 (2.8778e-01)	Loss Disc 6.9187e-01 (6.8924e-01)	Loss Pred 4.7154e-01 (4.8618e-01)	Loss TOTAL 8.4964e-01 (8.8809e-01)
Epoch 36 complete. Saving model state...
Epoch: [37][ 10/112]	L_Src_Sup 2.3662e-01 (2.0636e-01)	L_Trg_Inj 3.8563e-01 (2.7222e-01)	Loss Disc 6.9110e-01 (6.9138e-01)	Loss Pred 4.9678e-01 (4.9019e-01)	Loss TOTAL 9.0455e-01 (8.9555e-01)
Epoch: [37][ 20/112]	L_Src_Sup 1.5520e-01 (2.0632e-01)	L_Trg_Inj 2.9694e-01 (3.1957e-01)	Loss Disc 6.9050e-01 (6.9017e-01)	Loss Pred 4.5939e-01 (4.8602e-01)	Loss TOTAL 8.4985e-01 (8.8959e-01)
Epoch: [37][ 30/112]	L_Src_Sup 2.7123e-01 (2.0073e-01)	L_Trg_Inj 3.6162e-01 (3.3548e-01)	Loss Disc 6.8936e-01 (6.9026e-01)	Loss Pred 4.4624e-01 (4.8592e-01)	Loss TOTAL 8.5421e-01 (8.8861e-01)
Epoch: [37][ 40/112]	L_Src_Sup 2.0004e-01 (1.9687e-01)	L_Trg_Inj 2.8115e-01 (3.5072e-01)	Loss Disc 6.9092e-01 (6.8991e-01)	Loss Pred 4.9721e-01 (4.8494e-01)	Loss TOTAL 8.9079e-01 (8.8761e-01)
Epoch: [37][ 50/112]	L_Src_Sup 1.6226e-01 (2.0004e-01)	L_Trg_Inj 5.1791e-01 (3.5413e-01)	Loss Disc 6.8678e-01 (6.8977e-01)	Loss Pred 4.9073e-01 (4.8820e-01)	Loss TOTAL 9.0214e-01 (8.9091e-01)
Epoch: [37][ 60/112]	L_Src_Sup 1.3077e-01 (2.0064e-01)	L_Trg_Inj 1.9228e-01 (3.4775e-01)	Loss Disc 6.8831e-01 (6.8947e-01)	Loss Pred 4.8449e-01 (4.8797e-01)	Loss TOTAL 8.6095e-01 (8.8972e-01)
Epoch: [37][ 70/112]	L_Src_Sup 1.7433e-01 (2.0305e-01)	L_Trg_Inj 3.6130e-01 (3.4139e-01)	Loss Disc 6.8081e-01 (6.8908e-01)	Loss Pred 5.3523e-01 (4.8924e-01)	Loss TOTAL 9.2920e-01 (8.9142e-01)
Epoch: [37][ 80/112]	L_Src_Sup 2.3639e-01 (2.0522e-01)	L_Trg_Inj 2.5007e-01 (3.3094e-01)	Loss Disc 6.9096e-01 (6.8940e-01)	Loss Pred 4.9756e-01 (4.8953e-01)	Loss TOTAL 8.9169e-01 (8.9256e-01)
Epoch: [37][ 90/112]	L_Src_Sup 1.6365e-01 (2.0332e-01)	L_Trg_Inj 2.8247e-01 (3.2108e-01)	Loss Disc 6.9008e-01 (6.8974e-01)	Loss Pred 4.9728e-01 (4.8851e-01)	Loss TOTAL 8.8693e-01 (8.9197e-01)
Epoch: [37][100/112]	L_Src_Sup 1.7701e-01 (2.0367e-01)	L_Trg_Inj 2.3429e-01 (3.1614e-01)	Loss Disc 6.9138e-01 (6.8977e-01)	Loss Pred 4.7826e-01 (4.8779e-01)	Loss TOTAL 8.6508e-01 (8.9038e-01)
Epoch: [37][110/112]	L_Src_Sup 1.4547e-01 (2.0252e-01)	L_Trg_Inj 3.1258e-01 (3.1544e-01)	Loss Disc 6.8999e-01 (6.8975e-01)	Loss Pred 4.9722e-01 (4.8646e-01)	Loss TOTAL 8.8802e-01 (8.8834e-01)
Epoch: [37][112/112]	L_Src_Sup 1.9821e-01 (2.0236e-01)	L_Trg_Inj 2.3444e-01 (3.1455e-01)	Loss Disc 6.9180e-01 (6.8977e-01)	Loss Pred 4.9090e-01 (4.8620e-01)	Loss TOTAL 8.8006e-01 (8.8789e-01)
Epoch 37 complete. Saving model state...
Epoch: [38][ 10/112]	L_Src_Sup 3.6292e-01 (2.8096e-01)	L_Trg_Inj 2.7278e-01 (3.5007e-01)	Loss Disc 6.8498e-01 (6.8828e-01)	Loss Pred 5.3475e-01 (5.0123e-01)	Loss TOTAL 1.0310e+00 (9.2624e-01)
Epoch: [38][ 20/112]	L_Src_Sup 2.6650e-01 (2.4698e-01)	L_Trg_Inj 2.0383e-01 (3.7713e-01)	Loss Disc 6.8302e-01 (6.8379e-01)	Loss Pred 4.8535e-01 (4.9314e-01)	Loss TOTAL 9.3657e-01 (9.0972e-01)
Epoch: [38][ 30/112]	L_Src_Sup 1.4420e-01 (2.3455e-01)	L_Trg_Inj 2.3434e-01 (3.4245e-01)	Loss Disc 6.9051e-01 (6.8443e-01)	Loss Pred 4.9045e-01 (4.8885e-01)	Loss TOTAL 8.7356e-01 (8.9952e-01)
Epoch: [38][ 40/112]	L_Src_Sup 1.4686e-01 (2.2705e-01)	L_Trg_Inj 3.8888e-01 (3.4526e-01)	Loss Disc 6.8453e-01 (6.8467e-01)	Loss Pred 5.0414e-01 (4.8851e-01)	Loss TOTAL 8.9998e-01 (8.9850e-01)
Epoch: [38][ 50/112]	L_Src_Sup 7.8114e-02 (2.1338e-01)	L_Trg_Inj 3.9427e-01 (3.5664e-01)	Loss Disc 6.9220e-01 (6.8520e-01)	Loss Pred 5.4114e-01 (4.8786e-01)	Loss TOTAL 9.3447e-01 (8.9700e-01)
Epoch: [38][ 60/112]	L_Src_Sup 2.3018e-01 (2.1048e-01)	L_Trg_Inj 4.6273e-01 (3.6141e-01)	Loss Disc 6.8592e-01 (6.8588e-01)	Loss Pred 4.7813e-01 (4.8668e-01)	Loss TOTAL 8.9039e-01 (8.9566e-01)
Epoch: [38][ 70/112]	L_Src_Sup 1.9653e-01 (2.0774e-01)	L_Trg_Inj 3.6111e-01 (3.6645e-01)	Loss Disc 6.8856e-01 (6.8614e-01)	Loss Pred 4.8423e-01 (4.8644e-01)	Loss TOTAL 8.8428e-01 (8.9504e-01)
Epoch: [38][ 80/112]	L_Src_Sup 1.8188e-01 (2.0604e-01)	L_Trg_Inj 2.9729e-01 (3.5893e-01)	Loss Disc 6.8663e-01 (6.8651e-01)	Loss Pred 4.9744e-01 (4.8723e-01)	Loss TOTAL 8.8868e-01 (8.9408e-01)
Epoch: [38][ 90/112]	L_Src_Sup 2.0012e-01 (2.0501e-01)	L_Trg_Inj 4.3765e-01 (3.5263e-01)	Loss Disc 6.8806e-01 (6.8672e-01)	Loss Pred 4.9705e-01 (4.8713e-01)	Loss TOTAL 9.0486e-01 (8.9305e-01)
Epoch: [38][100/112]	L_Src_Sup 1.8364e-01 (2.0702e-01)	L_Trg_Inj 5.0232e-01 (3.6439e-01)	Loss Disc 6.8754e-01 (6.8679e-01)	Loss Pred 5.0351e-01 (4.8735e-01)	Loss TOTAL 9.1588e-01 (8.9400e-01)
Epoch: [38][110/112]	L_Src_Sup 1.4287e-01 (2.0618e-01)	L_Trg_Inj 4.5319e-01 (3.7261e-01)	Loss Disc 6.8763e-01 (6.8688e-01)	Loss Pred 4.8392e-01 (4.8737e-01)	Loss TOTAL 8.8734e-01 (8.9424e-01)
Epoch: [38][112/112]	L_Src_Sup 1.8694e-01 (2.0674e-01)	L_Trg_Inj 5.6265e-01 (3.7465e-01)	Loss Disc 6.8382e-01 (6.8687e-01)	Loss Pred 5.1584e-01 (4.8765e-01)	Loss TOTAL 9.3271e-01 (8.9468e-01)
Epoch 38 complete. Saving model state...
Epoch: [39][ 10/112]	L_Src_Sup 2.5003e-01 (2.1978e-01)	L_Trg_Inj 3.8985e-01 (4.4471e-01)	Loss Disc 6.8659e-01 (6.8639e-01)	Loss Pred 4.8392e-01 (4.8177e-01)	Loss TOTAL 8.9120e-01 (8.9141e-01)
Epoch: [39][ 20/112]	L_Src_Sup 1.8646e-01 (2.0449e-01)	L_Trg_Inj 3.8774e-01 (4.2837e-01)	Loss Disc 6.8806e-01 (6.8564e-01)	Loss Pred 4.4616e-01 (4.8867e-01)	Loss TOTAL 8.4760e-01 (8.9478e-01)
Epoch: [39][ 30/112]	L_Src_Sup 2.8576e-01 (2.0556e-01)	L_Trg_Inj 4.0659e-01 (4.2105e-01)	Loss Disc 6.8390e-01 (6.8380e-01)	Loss Pred 4.8422e-01 (4.9457e-01)	Loss TOTAL 8.9541e-01 (8.9913e-01)
Epoch: [39][ 40/112]	L_Src_Sup 1.9472e-01 (2.0043e-01)	L_Trg_Inj 2.8520e-01 (3.9504e-01)	Loss Disc 6.8991e-01 (6.8486e-01)	Loss Pred 4.7799e-01 (4.9311e-01)	Loss TOTAL 8.7093e-01 (8.9508e-01)
Epoch: [39][ 50/112]	L_Src_Sup 1.5844e-01 (2.0336e-01)	L_Trg_Inj 2.6543e-01 (3.7386e-01)	Loss Disc 6.8489e-01 (6.8578e-01)	Loss Pred 5.5426e-01 (4.9288e-01)	Loss TOTAL 9.3909e-01 (8.9505e-01)
Epoch: [39][ 60/112]	L_Src_Sup 1.7702e-01 (2.0206e-01)	L_Trg_Inj 3.4388e-01 (3.5663e-01)	Loss Disc 6.8770e-01 (6.8656e-01)	Loss Pred 4.7793e-01 (4.9440e-01)	Loss TOTAL 8.7387e-01 (8.9626e-01)
Epoch: [39][ 70/112]	L_Src_Sup 1.5796e-01 (2.0060e-01)	L_Trg_Inj 2.4999e-01 (3.3847e-01)	Loss Disc 6.8945e-01 (6.8705e-01)	Loss Pred 4.7158e-01 (4.9155e-01)	Loss TOTAL 8.5711e-01 (8.9264e-01)
Epoch: [39][ 80/112]	L_Src_Sup 2.4360e-01 (2.0009e-01)	L_Trg_Inj 3.1325e-01 (3.3291e-01)	Loss Disc 6.8794e-01 (6.8727e-01)	Loss Pred 4.6558e-01 (4.8987e-01)	Loss TOTAL 8.6524e-01 (8.9019e-01)
Epoch: [39][ 90/112]	L_Src_Sup 1.2855e-01 (2.0085e-01)	L_Trg_Inj 3.6388e-01 (3.2707e-01)	Loss Disc 6.9083e-01 (6.8769e-01)	Loss Pred 5.0343e-01 (4.8793e-01)	Loss TOTAL 8.9809e-01 (8.8828e-01)
Epoch: [39][100/112]	L_Src_Sup 1.3808e-01 (1.9701e-01)	L_Trg_Inj 2.3409e-01 (3.2234e-01)	Loss Disc 6.9079e-01 (6.8801e-01)	Loss Pred 4.5901e-01 (4.8724e-01)	Loss TOTAL 8.4162e-01 (8.8666e-01)
Epoch: [39][110/112]	L_Src_Sup 2.5249e-01 (1.9501e-01)	L_Trg_Inj 2.7734e-01 (3.1696e-01)	Loss Disc 6.8932e-01 (6.8819e-01)	Loss Pred 4.9061e-01 (4.8657e-01)	Loss TOTAL 8.8825e-01 (8.8542e-01)
Epoch: [39][112/112]	L_Src_Sup 2.4384e-01 (1.9663e-01)	L_Trg_Inj 4.8347e-01 (3.1779e-01)	Loss Disc 6.8613e-01 (6.8819e-01)	Loss Pred 4.6598e-01 (4.8632e-01)	Loss TOTAL 8.8177e-01 (8.8610e-01)
Epoch 39 complete. Saving model state...
Epoch: [40][ 10/112]	L_Src_Sup 2.6895e-01 (2.2786e-01)	L_Trg_Inj 2.7872e-01 (2.7636e-01)	Loss Disc 6.8341e-01 (6.8736e-01)	Loss Pred 5.2871e-01 (4.8735e-01)	Loss TOTAL 9.2518e-01 (9.0988e-01)
Epoch: [40][ 20/112]	L_Src_Sup 2.0009e-01 (2.0433e-01)	L_Trg_Inj 2.1851e-01 (2.7351e-01)	Loss Disc 6.9036e-01 (6.8816e-01)	Loss Pred 4.9675e-01 (4.8297e-01)	Loss TOTAL 8.8379e-01 (8.9549e-01)
Epoch: [40][ 30/112]	L_Src_Sup 1.4164e-01 (1.9698e-01)	L_Trg_Inj 2.8096e-01 (2.7437e-01)	Loss Disc 6.9238e-01 (6.8984e-01)	Loss Pred 4.7805e-01 (4.8725e-01)	Loss TOTAL 8.6650e-01 (8.9782e-01)
Epoch: [40][ 40/112]	L_Src_Sup 4.7826e-01 (2.4283e-01)	L_Trg_Inj 1.1899e+00 (3.4992e-01)	Loss Disc 6.5364e-01 (6.8731e-01)	Loss Pred 6.1446e-01 (4.8901e-01)	Loss TOTAL 1.1081e+00 (9.1821e-01)
Epoch: [40][ 50/112]	L_Src_Sup 1.6753e-01 (2.4295e-01)	L_Trg_Inj 6.8329e-01 (4.6075e-01)	Loss Disc 6.7585e-01 (6.8220e-01)	Loss Pred 5.1083e-01 (4.9152e-01)	Loss TOTAL 9.3383e-01 (9.2401e-01)
Epoch: [40][ 60/112]	L_Src_Sup 1.8585e-01 (2.3512e-01)	L_Trg_Inj 7.1860e-01 (5.1016e-01)	Loss Disc 6.7047e-01 (6.8000e-01)	Loss Pred 5.0992e-01 (4.9420e-01)	Loss TOTAL 9.3560e-01 (9.2624e-01)
Epoch: [40][ 70/112]	L_Src_Sup 1.2516e-01 (2.3053e-01)	L_Trg_Inj 8.7444e-01 (5.4249e-01)	Loss Disc 6.6329e-01 (6.7878e-01)	Loss Pred 4.8435e-01 (4.9299e-01)	Loss TOTAL 9.1596e-01 (9.2469e-01)
Epoch: [40][ 80/112]	L_Src_Sup 1.9649e-01 (2.2434e-01)	L_Trg_Inj 7.0135e-01 (5.6105e-01)	Loss Disc 6.7412e-01 (6.7821e-01)	Loss Pred 4.8437e-01 (4.9273e-01)	Loss TOTAL 9.1121e-01 (9.2351e-01)
Epoch: [40][ 90/112]	L_Src_Sup 2.2418e-01 (2.2160e-01)	L_Trg_Inj 8.4067e-01 (5.7674e-01)	Loss Disc 6.6538e-01 (6.7770e-01)	Loss Pred 4.5884e-01 (4.9122e-01)	Loss TOTAL 8.9801e-01 (9.2158e-01)
Epoch: [40][100/112]	L_Src_Sup 1.9652e-01 (2.1853e-01)	L_Trg_Inj 7.3724e-01 (5.8683e-01)	Loss Disc 6.7243e-01 (6.7742e-01)	Loss Pred 4.8445e-01 (4.9084e-01)	Loss TOTAL 9.1405e-01 (9.2059e-01)
Epoch: [40][110/112]	L_Src_Sup 2.3044e-01 (2.1542e-01)	L_Trg_Inj 6.9410e-01 (5.9655e-01)	Loss Disc 6.7159e-01 (6.7703e-01)	Loss Pred 4.7771e-01 (4.9024e-01)	Loss TOTAL 9.0596e-01 (9.1950e-01)
Epoch: [40][112/112]	L_Src_Sup 3.3095e-01 (2.1599e-01)	L_Trg_Inj 5.2779e-01 (5.9568e-01)	Loss Disc 6.8049e-01 (6.7706e-01)	Loss Pred 4.6507e-01 (4.9007e-01)	Loss TOTAL 8.9119e-01 (9.1915e-01)
Epoch 40 complete. Saving model state...
Epoch: [41][ 10/112]	L_Src_Sup 1.8528e-01 (2.0088e-01)	L_Trg_Inj 4.6888e-01 (4.9277e-01)	Loss Disc 6.7907e-01 (6.7420e-01)	Loss Pred 4.4149e-01 (4.9654e-01)	Loss TOTAL 8.4644e-01 (9.1017e-01)
Epoch: [41][ 20/112]	L_Src_Sup 2.0675e-01 (2.1346e-01)	L_Trg_Inj 5.7150e-01 (5.1003e-01)	Loss Disc 6.7408e-01 (6.7568e-01)	Loss Pred 4.5259e-01 (4.8350e-01)	Loss TOTAL 8.6745e-01 (8.9727e-01)
Epoch: [41][ 30/112]	L_Src_Sup 2.6694e-01 (2.0215e-01)	L_Trg_Inj 3.8258e-01 (4.8445e-01)	Loss Disc 6.7424e-01 (6.7675e-01)	Loss Pred 5.4339e-01 (4.8591e-01)	Loss TOTAL 9.4546e-01 (8.9534e-01)
Epoch: [41][ 40/112]	L_Src_Sup 8.8592e-02 (2.0131e-01)	L_Trg_Inj 3.9018e-01 (4.6935e-01)	Loss Disc 6.8085e-01 (6.7756e-01)	Loss Pred 4.7782e-01 (4.8791e-01)	Loss TOTAL 8.6612e-01 (8.9606e-01)
Epoch: [41][ 50/112]	L_Src_Sup 2.0887e-01 (2.0133e-01)	L_Trg_Inj 4.6931e-01 (4.4351e-01)	Loss Disc 6.7863e-01 (6.7787e-01)	Loss Pred 4.6536e-01 (4.8568e-01)	Loss TOTAL 8.7250e-01 (8.9318e-01)
Epoch: [41][ 60/112]	L_Src_Sup 2.8636e-01 (2.0438e-01)	L_Trg_Inj 2.9204e-01 (4.3277e-01)	Loss Disc 6.8595e-01 (6.7858e-01)	Loss Pred 4.5880e-01 (4.8524e-01)	Loss TOTAL 8.5961e-01 (8.9165e-01)
Epoch: [41][ 70/112]	L_Src_Sup 2.7050e-01 (2.0106e-01)	L_Trg_Inj 3.2303e-01 (4.1529e-01)	Loss Disc 6.8456e-01 (6.7923e-01)	Loss Pred 5.2853e-01 (4.8514e-01)	Loss TOTAL 9.3016e-01 (8.9046e-01)
Epoch: [41][ 80/112]	L_Src_Sup 2.4312e-01 (2.0193e-01)	L_Trg_Inj 3.2576e-01 (3.9864e-01)	Loss Disc 6.8415e-01 (6.7984e-01)	Loss Pred 5.1630e-01 (4.8559e-01)	Loss TOTAL 9.1527e-01 (8.8932e-01)
Epoch: [41][ 90/112]	L_Src_Sup 2.0010e-01 (2.0481e-01)	L_Trg_Inj 2.6797e-01 (3.8841e-01)	Loss Disc 6.8536e-01 (6.8054e-01)	Loss Pred 4.9690e-01 (4.8629e-01)	Loss TOTAL 8.8639e-01 (8.8921e-01)
Epoch: [41][100/112]	L_Src_Sup 1.3919e-01 (2.0050e-01)	L_Trg_Inj 3.1856e-01 (3.8075e-01)	Loss Disc 6.8545e-01 (6.8104e-01)	Loss Pred 4.6521e-01 (4.8685e-01)	Loss TOTAL 8.5371e-01 (8.8904e-01)
Epoch: [41][110/112]	L_Src_Sup 1.8971e-01 (2.0119e-01)	L_Trg_Inj 4.7518e-01 (3.7387e-01)	Loss Disc 6.8309e-01 (6.8146e-01)	Loss Pred 4.5946e-01 (4.8628e-01)	Loss TOTAL 8.6749e-01 (8.8827e-01)
Epoch: [41][112/112]	L_Src_Sup 1.2731e-01 (2.0009e-01)	L_Trg_Inj 4.3367e-01 (3.7401e-01)	Loss Disc 6.8448e-01 (6.8156e-01)	Loss Pred 4.9713e-01 (4.8602e-01)	Loss TOTAL 8.9547e-01 (8.8789e-01)
Epoch 41 complete. Saving model state...
Epoch: [42][ 10/112]	L_Src_Sup 7.2747e-02 (2.1142e-01)	L_Trg_Inj 3.5114e-01 (3.6246e-01)	Loss Disc 6.8464e-01 (6.8526e-01)	Loss Pred 4.9707e-01 (4.9162e-01)	Loss TOTAL 8.8178e-01 (8.9164e-01)
Epoch: [42][ 20/112]	L_Src_Sup 1.8649e-01 (1.9437e-01)	L_Trg_Inj 3.8455e-01 (3.3405e-01)	Loss Disc 6.8531e-01 (6.8612e-01)	Loss Pred 4.4619e-01 (4.8669e-01)	Loss TOTAL 8.4595e-01 (8.8499e-01)
Epoch: [42][ 30/112]	L_Src_Sup 1.6517e-01 (1.8818e-01)	L_Trg_Inj 3.2217e-01 (3.2062e-01)	Loss Disc 6.8649e-01 (6.8673e-01)	Loss Pred 5.0300e-01 (4.8757e-01)	Loss TOTAL 8.9498e-01 (8.8474e-01)
Epoch: [42][ 40/112]	L_Src_Sup 1.8969e-01 (1.9110e-01)	L_Trg_Inj 2.1549e-01 (3.0535e-01)	Loss Disc 6.8973e-01 (6.8707e-01)	Loss Pred 4.5898e-01 (4.8849e-01)	Loss TOTAL 8.4436e-01 (8.8607e-01)
Epoch: [42][ 50/112]	L_Src_Sup 1.8020e-01 (1.9416e-01)	L_Trg_Inj 2.5206e-01 (3.0606e-01)	Loss Disc 6.9044e-01 (6.8720e-01)	Loss Pred 4.9034e-01 (4.8943e-01)	Loss TOTAL 8.7879e-01 (8.8677e-01)
Epoch: [42][ 60/112]	L_Src_Sup 2.8322e-01 (1.9713e-01)	L_Trg_Inj 2.5609e-01 (3.1195e-01)	Loss Disc 6.8834e-01 (6.8703e-01)	Loss Pred 4.7790e-01 (4.8849e-01)	Loss TOTAL 9.0312e-01 (8.8646e-01)
Epoch: [42][ 70/112]	L_Src_Sup 2.0185e-01 (1.9788e-01)	L_Trg_Inj 2.3667e-01 (3.0854e-01)	Loss Disc 6.8941e-01 (6.8726e-01)	Loss Pred 5.0316e-01 (4.8793e-01)	Loss TOTAL 8.9172e-01 (8.8606e-01)
Epoch: [42][ 80/112]	L_Src_Sup 2.4469e-01 (1.9484e-01)	L_Trg_Inj 2.6106e-01 (3.0755e-01)	Loss Disc 6.8806e-01 (6.8732e-01)	Loss Pred 4.5915e-01 (4.8755e-01)	Loss TOTAL 8.5375e-01 (8.8483e-01)
Epoch: [42][ 90/112]	L_Src_Sup 1.4160e-01 (1.9537e-01)	L_Trg_Inj 1.8456e-01 (3.0438e-01)	Loss Disc 6.9300e-01 (6.8754e-01)	Loss Pred 4.7790e-01 (4.8627e-01)	Loss TOTAL 8.5702e-01 (8.8350e-01)
Epoch: [42][100/112]	L_Src_Sup 2.2019e-01 (1.9792e-01)	L_Trg_Inj 4.1164e-01 (3.0617e-01)	Loss Disc 6.8574e-01 (6.8757e-01)	Loss Pred 5.0313e-01 (4.8640e-01)	Loss TOTAL 9.0918e-01 (8.8403e-01)
Epoch: [42][110/112]	L_Src_Sup 2.0001e-01 (2.0147e-01)	L_Trg_Inj 2.5134e-01 (3.0493e-01)	Loss Disc 6.9143e-01 (6.8770e-01)	Loss Pred 4.9738e-01 (4.8558e-01)	Loss TOTAL 8.8823e-01 (8.8425e-01)
Epoch: [42][112/112]	L_Src_Sup 2.4780e-01 (2.0164e-01)	L_Trg_Inj 3.3926e-01 (3.0442e-01)	Loss Disc 6.8748e-01 (6.8773e-01)	Loss Pred 4.7815e-01 (4.8533e-01)	Loss TOTAL 8.8060e-01 (8.8391e-01)
Epoch 42 complete. Saving model state...
Epoch: [43][ 10/112]	L_Src_Sup 2.6786e-01 (1.9326e-01)	L_Trg_Inj 2.4430e-01 (2.9803e-01)	Loss Disc 6.8492e-01 (6.8704e-01)	Loss Pred 4.8437e-01 (4.9403e-01)	Loss TOTAL 9.0160e-01 (8.9245e-01)
Epoch: [43][ 20/112]	L_Src_Sup 2.4562e-01 (1.8979e-01)	L_Trg_Inj 4.7630e-01 (3.1013e-01)	Loss Disc 6.8583e-01 (6.8799e-01)	Loss Pred 4.7152e-01 (4.9210e-01)	Loss TOTAL 8.8663e-01 (8.9006e-01)
Epoch: [43][ 30/112]	L_Src_Sup 2.3009e-01 (1.9009e-01)	L_Trg_Inj 3.5385e-01 (3.1781e-01)	Loss Disc 6.8803e-01 (6.8827e-01)	Loss Pred 4.7795e-01 (4.8700e-01)	Loss TOTAL 8.8036e-01 (8.8760e-01)
Epoch: [43][ 40/112]	L_Src_Sup 2.9793e-01 (1.9928e-01)	L_Trg_Inj 2.5261e-01 (3.1087e-01)	Loss Disc 6.9071e-01 (6.8842e-01)	Loss Pred 4.5901e-01 (4.9099e-01)	Loss TOTAL 9.0474e-01 (8.9606e-01)
Epoch: [43][ 50/112]	L_Src_Sup 1.9644e-01 (1.9861e-01)	L_Trg_Inj 4.3159e-01 (3.1787e-01)	Loss Disc 6.8556e-01 (6.8836e-01)	Loss Pred 4.8434e-01 (4.8841e-01)	Loss TOTAL 8.8992e-01 (8.9212e-01)
Epoch: [43][ 60/112]	L_Src_Sup 2.2224e-01 (2.0029e-01)	L_Trg_Inj 2.8100e-01 (3.1477e-01)	Loss Disc 6.8927e-01 (6.8852e-01)	Loss Pred 5.0933e-01 (4.8868e-01)	Loss TOTAL 9.0429e-01 (8.9214e-01)
Epoch: [43][ 70/112]	L_Src_Sup 1.0620e-01 (1.9602e-01)	L_Trg_Inj 1.6920e-01 (3.1062e-01)	Loss Disc 6.9104e-01 (6.8862e-01)	Loss Pred 4.7791e-01 (4.8734e-01)	Loss TOTAL 8.5097e-01 (8.8891e-01)
Epoch: [43][ 80/112]	L_Src_Sup 1.3677e-01 (1.9723e-01)	L_Trg_Inj 3.1982e-01 (3.0944e-01)	Loss Disc 6.8986e-01 (6.8870e-01)	Loss Pred 4.5250e-01 (4.8689e-01)	Loss TOTAL 8.4309e-01 (8.8798e-01)
Epoch: [43][ 90/112]	L_Src_Sup 2.5226e-01 (2.0190e-01)	L_Trg_Inj 3.3536e-01 (3.1050e-01)	Loss Disc 6.8729e-01 (6.8878e-01)	Loss Pred 4.9508e-01 (4.8733e-01)	Loss TOTAL 8.9749e-01 (8.8882e-01)
Epoch: [43][100/112]	L_Src_Sup 2.0371e-01 (2.0291e-01)	L_Trg_Inj 2.9833e-01 (3.1354e-01)	Loss Disc 6.8922e-01 (6.8852e-01)	Loss Pred 5.0950e-01 (4.8736e-01)	Loss TOTAL 9.0432e-01 (8.8923e-01)
Epoch: [43][110/112]	L_Src_Sup 2.2609e-01 (2.0635e-01)	L_Trg_Inj 3.0414e-01 (3.1289e-01)	Loss Disc 6.8802e-01 (6.8863e-01)	Loss Pred 4.6559e-01 (4.8611e-01)	Loss TOTAL 8.6262e-01 (8.8813e-01)
Epoch: [43][112/112]	L_Src_Sup 1.4954e-01 (2.0631e-01)	L_Trg_Inj 3.8213e-01 (3.1295e-01)	Loss Disc 6.9035e-01 (6.8869e-01)	Loss Pred 5.1604e-01 (4.8614e-01)	Loss TOTAL 9.1438e-01 (8.8815e-01)
Epoch 43 complete. Saving model state...
Epoch: [44][ 10/112]	L_Src_Sup 1.6982e-01 (2.2169e-01)	L_Trg_Inj 2.1774e-01 (3.3067e-01)	Loss Disc 6.9166e-01 (6.8985e-01)	Loss Pred 5.2236e-01 (4.9130e-01)	Loss TOTAL 9.0695e-01 (8.9534e-01)
Epoch: [44][ 20/112]	L_Src_Sup 9.0910e-02 (2.0815e-01)	L_Trg_Inj 2.5633e-01 (3.3744e-01)	Loss Disc 6.9020e-01 (6.8941e-01)	Loss Pred 4.9707e-01 (4.8980e-01)	Loss TOTAL 8.7689e-01 (8.9803e-01)
Epoch: [44][ 30/112]	L_Src_Sup 2.0954e-01 (2.1351e-01)	L_Trg_Inj 3.7360e-01 (3.3018e-01)	Loss Disc 6.8758e-01 (6.8943e-01)	Loss Pred 5.2859e-01 (4.8632e-01)	Loss TOTAL 9.3069e-01 (8.9156e-01)
Epoch: [44][ 40/112]	L_Src_Sup 3.5186e-01 (2.1294e-01)	L_Trg_Inj 2.5932e-01 (3.3526e-01)	Loss Disc 6.9045e-01 (6.8919e-01)	Loss Pred 5.0967e-01 (4.8616e-01)	Loss TOTAL 1.0085e+00 (8.9251e-01)
Epoch: [44][ 50/112]	L_Src_Sup 2.2414e-01 (2.1318e-01)	L_Trg_Inj 3.8232e-01 (3.3303e-01)	Loss Disc 6.8894e-01 (6.8916e-01)	Loss Pred 4.5875e-01 (4.8604e-01)	Loss TOTAL 8.6386e-01 (8.9184e-01)
Epoch: [44][ 60/112]	L_Src_Sup 2.5225e-01 (2.1010e-01)	L_Trg_Inj 3.5238e-01 (3.2883e-01)	Loss Disc 6.8853e-01 (6.8924e-01)	Loss Pred 4.9060e-01 (4.8544e-01)	Loss TOTAL 8.9533e-01 (8.9026e-01)
Epoch: [44][ 70/112]	L_Src_Sup 2.0371e-01 (2.0764e-01)	L_Trg_Inj 3.3189e-01 (3.2871e-01)	Loss Disc 6.8878e-01 (6.8921e-01)	Loss Pred 5.0977e-01 (4.8502e-01)	Loss TOTAL 9.0772e-01 (8.8866e-01)
Epoch: [44][ 80/112]	L_Src_Sup 2.6551e-01 (2.0897e-01)	L_Trg_Inj 3.8608e-01 (3.2466e-01)	Loss Disc 6.8833e-01 (6.8919e-01)	Loss Pred 4.7820e-01 (4.8618e-01)	Loss TOTAL 8.8752e-01 (8.8975e-01)
Epoch: [44][ 90/112]	L_Src_Sup 1.4953e-01 (2.0762e-01)	L_Trg_Inj 4.0524e-01 (3.2438e-01)	Loss Disc 6.8622e-01 (6.8921e-01)	Loss Pred 5.1591e-01 (4.8605e-01)	Loss TOTAL 9.1449e-01 (8.8972e-01)
Epoch: [44][100/112]	L_Src_Sup 1.3560e-01 (2.0820e-01)	L_Trg_Inj 3.1092e-01 (3.2114e-01)	Loss Disc 6.8927e-01 (6.8930e-01)	Loss Pred 4.4638e-01 (4.8486e-01)	Loss TOTAL 8.3567e-01 (8.8821e-01)
Epoch: [44][110/112]	L_Src_Sup 2.6549e-01 (2.0611e-01)	L_Trg_Inj 3.7357e-01 (3.1738e-01)	Loss Disc 6.8936e-01 (6.8942e-01)	Loss Pred 4.7766e-01 (4.8562e-01)	Loss TOTAL 8.8624e-01 (8.8792e-01)
Epoch: [44][112/112]	L_Src_Sup 1.5929e-01 (2.0515e-01)	L_Trg_Inj 2.7870e-01 (3.1642e-01)	Loss Disc 6.9021e-01 (6.8944e-01)	Loss Pred 4.8063e-01 (4.8567e-01)	Loss TOTAL 8.6953e-01 (8.8769e-01)
Epoch 44 complete. Saving model state...
Epoch: [45][ 10/112]	L_Src_Sup 1.0197e-01 (2.0217e-01)	L_Trg_Inj 2.6354e-01 (2.7018e-01)	Loss Disc 6.9083e-01 (6.9079e-01)	Loss Pred 4.8404e-01 (4.8980e-01)	Loss TOTAL 8.6600e-01 (8.9738e-01)
Epoch: [45][ 20/112]	L_Src_Sup 2.0000e-01 (1.9163e-01)	L_Trg_Inj 2.9532e-01 (2.8236e-01)	Loss Disc 6.8699e-01 (6.9022e-01)	Loss Pred 5.6020e-01 (4.9056e-01)	Loss TOTAL 9.5323e-01 (8.9239e-01)
Epoch: [45][ 30/112]	L_Src_Sup 1.1539e-01 (1.9567e-01)	L_Trg_Inj 3.2625e-01 (2.8815e-01)	Loss Disc 6.8782e-01 (6.8987e-01)	Loss Pred 5.3487e-01 (4.8992e-01)	Loss TOTAL 9.2294e-01 (8.9224e-01)
Epoch: [45][ 40/112]	L_Src_Sup 1.7392e-01 (1.9417e-01)	L_Trg_Inj 3.5624e-01 (2.9216e-01)	Loss Disc 6.8980e-01 (6.9012e-01)	Loss Pred 4.6573e-01 (4.8758e-01)	Loss TOTAL 8.6364e-01 (8.8879e-01)
Epoch: [45][ 50/112]	L_Src_Sup 2.2609e-01 (1.9988e-01)	L_Trg_Inj 1.8402e-01 (2.9338e-01)	Loss Disc 6.9259e-01 (6.9013e-01)	Loss Pred 4.6588e-01 (4.8668e-01)	Loss TOTAL 8.9525e-01 (8.8845e-01)
Epoch: [45][ 60/112]	L_Src_Sup 1.8519e-01 (1.9874e-01)	L_Trg_Inj 3.2717e-01 (2.8680e-01)	Loss Disc 6.8945e-01 (6.9026e-01)	Loss Pred 5.0956e-01 (4.8723e-01)	Loss TOTAL 9.0552e-01 (8.8907e-01)
Epoch: [45][ 70/112]	L_Src_Sup 1.9298e-01 (2.0211e-01)	L_Trg_Inj 2.4960e-01 (2.8793e-01)	Loss Disc 6.9246e-01 (6.9018e-01)	Loss Pred 4.7198e-01 (4.8637e-01)	Loss TOTAL 8.6246e-01 (8.8779e-01)
Epoch: [45][ 80/112]	L_Src_Sup 1.9421e-01 (2.0223e-01)	L_Trg_Inj 3.7463e-01 (2.8881e-01)	Loss Disc 6.8405e-01 (6.8997e-01)	Loss Pred 5.1361e-01 (4.8567e-01)	Loss TOTAL 9.1252e-01 (8.8855e-01)
Epoch: [45][ 90/112]	L_Src_Sup 1.7392e-01 (1.9818e-01)	L_Trg_Inj 1.4034e-01 (2.8744e-01)	Loss Disc 6.9184e-01 (6.8990e-01)	Loss Pred 4.6528e-01 (4.8727e-01)	Loss TOTAL 8.7621e-01 (8.8897e-01)
Epoch: [45][100/112]	L_Src_Sup 2.3637e-01 (1.9719e-01)	L_Trg_Inj 1.8708e-01 (2.8829e-01)	Loss Disc 6.9302e-01 (6.8986e-01)	Loss Pred 4.9696e-01 (4.8742e-01)	Loss TOTAL 9.3510e-01 (8.8912e-01)
Epoch: [45][110/112]	L_Src_Sup 2.3012e-01 (1.9595e-01)	L_Trg_Inj 1.5638e-01 (2.8577e-01)	Loss Disc 6.9262e-01 (6.8991e-01)	Loss Pred 4.7775e-01 (4.8680e-01)	Loss TOTAL 9.3645e-01 (8.8863e-01)
Epoch: [45][112/112]	L_Src_Sup 2.4354e-01 (1.9570e-01)	L_Trg_Inj 2.0309e-01 (2.8688e-01)	Loss Disc 6.9122e-01 (6.8988e-01)	Loss Pred 4.6564e-01 (4.8636e-01)	Loss TOTAL 8.9635e-01 (8.8847e-01)
Epoch 45 complete. Saving model state...
Epoch: [46][ 10/112]	L_Src_Sup 2.4348e-01 (2.1940e-01)	L_Trg_Inj 2.9660e-01 (2.9766e-01)	Loss Disc 6.9030e-01 (6.8903e-01)	Loss Pred 4.6542e-01 (4.6597e-01)	Loss TOTAL 8.6458e-01 (8.7899e-01)
Epoch: [46][ 20/112]	L_Src_Sup 1.7392e-01 (2.0820e-01)	L_Trg_Inj 3.1186e-01 (3.0041e-01)	Loss Disc 6.9040e-01 (6.9006e-01)	Loss Pred 4.6493e-01 (4.8127e-01)	Loss TOTAL 8.5870e-01 (8.8556e-01)
Epoch: [46][ 30/112]	L_Src_Sup 2.6316e-01 (2.0063e-01)	L_Trg_Inj 2.4943e-01 (2.9402e-01)	Loss Disc 6.8626e-01 (6.8950e-01)	Loss Pred 4.7165e-01 (4.8093e-01)	Loss TOTAL 8.7976e-01 (8.8259e-01)
Epoch: [46][ 40/112]	L_Src_Sup 1.2613e-01 (2.0103e-01)	L_Trg_Inj 2.5584e-01 (2.9445e-01)	Loss Disc 6.9227e-01 (6.8977e-01)	Loss Pred 4.9038e-01 (4.8379e-01)	Loss TOTAL 8.7471e-01 (8.8381e-01)
Epoch: [46][ 50/112]	L_Src_Sup 2.2415e-01 (2.0056e-01)	L_Trg_Inj 3.1186e-01 (2.8541e-01)	Loss Disc 6.9010e-01 (6.9018e-01)	Loss Pred 4.5865e-01 (4.8578e-01)	Loss TOTAL 8.5730e-01 (8.8503e-01)
Epoch: [46][ 60/112]	L_Src_Sup 1.7394e-01 (2.0020e-01)	L_Trg_Inj 3.1125e-01 (2.8477e-01)	Loss Disc 6.9049e-01 (6.9036e-01)	Loss Pred 4.6549e-01 (4.8626e-01)	Loss TOTAL 8.5925e-01 (8.8541e-01)
Epoch: [46][ 70/112]	L_Src_Sup 2.4146e-01 (2.0033e-01)	L_Trg_Inj 2.5398e-01 (2.8887e-01)	Loss Disc 6.9186e-01 (6.9034e-01)	Loss Pred 4.5880e-01 (4.8472e-01)	Loss TOTAL 8.5428e-01 (8.8443e-01)
Epoch: [46][ 80/112]	L_Src_Sup 1.3794e-01 (2.0073e-01)	L_Trg_Inj 3.4283e-01 (2.8901e-01)	Loss Disc 6.8916e-01 (6.9035e-01)	Loss Pred 4.5883e-01 (4.8473e-01)	Loss TOTAL 8.5148e-01 (8.8437e-01)
Epoch: [46][ 90/112]	L_Src_Sup 2.0755e-01 (2.0059e-01)	L_Trg_Inj 3.2728e-01 (2.9068e-01)	Loss Disc 6.8745e-01 (6.9029e-01)	Loss Pred 5.2235e-01 (4.8455e-01)	Loss TOTAL 9.1956e-01 (8.8386e-01)
Epoch: [46][100/112]	L_Src_Sup 1.8045e-01 (2.0258e-01)	L_Trg_Inj 3.1186e-01 (2.9190e-01)	Loss Disc 6.8862e-01 (6.9017e-01)	Loss Pred 5.1588e-01 (4.8660e-01)	Loss TOTAL 9.0942e-01 (8.8567e-01)
Epoch: [46][110/112]	L_Src_Sup 2.7031e-01 (2.0303e-01)	L_Trg_Inj 3.4301e-01 (2.9219e-01)	Loss Disc 6.8854e-01 (6.9022e-01)	Loss Pred 4.9064e-01 (4.8624e-01)	Loss TOTAL 8.9625e-01 (8.8527e-01)
Epoch: [46][112/112]	L_Src_Sup 2.5001e-01 (2.0305e-01)	L_Trg_Inj 3.1216e-01 (2.9182e-01)	Loss Disc 6.9048e-01 (6.9024e-01)	Loss Pred 4.8432e-01 (4.8615e-01)	Loss TOTAL 8.8577e-01 (8.8508e-01)
Epoch 46 complete. Saving model state...
Epoch: [47][ 10/112]	L_Src_Sup 2.4560e-01 (2.0430e-01)	L_Trg_Inj 3.1215e-01 (3.1141e-01)	Loss Disc 6.8981e-01 (6.9026e-01)	Loss Pred 4.7404e-01 (4.8009e-01)	Loss TOTAL 8.7472e-01 (8.7783e-01)
Epoch: [47][ 20/112]	L_Src_Sup 2.5226e-01 (2.0290e-01)	L_Trg_Inj 2.0607e-01 (2.7917e-01)	Loss Disc 6.9067e-01 (6.9059e-01)	Loss Pred 4.9046e-01 (4.8160e-01)	Loss TOTAL 9.2781e-01 (8.8553e-01)
Epoch: [47][ 30/112]	L_Src_Sup 2.1751e-01 (2.0810e-01)	L_Trg_Inj 3.9061e-01 (2.8163e-01)	Loss Disc 6.8875e-01 (6.9036e-01)	Loss Pred 4.9055e-01 (4.8396e-01)	Loss TOTAL 8.9573e-01 (8.8938e-01)
Epoch: [47][ 40/112]	L_Src_Sup 1.2846e-01 (2.0443e-01)	L_Trg_Inj 2.1879e-01 (2.7620e-01)	Loss Disc 6.9134e-01 (6.9059e-01)	Loss Pred 5.0326e-01 (4.8496e-01)	Loss TOTAL 8.8365e-01 (8.8791e-01)
Epoch: [47][ 50/112]	L_Src_Sup 2.8073e-01 (2.0883e-01)	L_Trg_Inj 3.6984e-01 (2.8022e-01)	Loss Disc 6.8848e-01 (6.9059e-01)	Loss Pred 4.7169e-01 (4.8508e-01)	Loss TOTAL 8.8098e-01 (8.8760e-01)
Epoch: [47][ 60/112]	L_Src_Sup 2.1053e-01 (2.1028e-01)	L_Trg_Inj 2.0312e-01 (2.8279e-01)	Loss Disc 6.9174e-01 (6.9050e-01)	Loss Pred 4.7183e-01 (4.8453e-01)	Loss TOTAL 8.6648e-01 (8.8621e-01)
Epoch: [47][ 70/112]	L_Src_Sup 2.5006e-01 (2.0932e-01)	L_Trg_Inj 3.1251e-01 (2.8459e-01)	Loss Disc 6.9153e-01 (6.9049e-01)	Loss Pred 5.3497e-01 (4.8764e-01)	Loss TOTAL 9.3700e-01 (8.8981e-01)
Epoch: [47][ 80/112]	L_Src_Sup 2.3425e-01 (2.0930e-01)	L_Trg_Inj 3.2814e-01 (2.8689e-01)	Loss Disc 6.9000e-01 (6.9046e-01)	Loss Pred 4.9064e-01 (4.8729e-01)	Loss TOTAL 8.9187e-01 (8.8882e-01)
Epoch: [47][ 90/112]	L_Src_Sup 5.5117e-02 (2.0888e-01)	L_Trg_Inj 3.2819e-01 (2.8739e-01)	Loss Disc 6.8978e-01 (6.9046e-01)	Loss Pred 5.0363e-01 (4.8751e-01)	Loss TOTAL 8.8686e-01 (8.9069e-01)
Epoch: [47][100/112]	L_Src_Sup 2.3435e-01 (2.0933e-01)	L_Trg_Inj 2.3439e-01 (2.8958e-01)	Loss Disc 6.9153e-01 (6.9043e-01)	Loss Pred 4.9061e-01 (4.8630e-01)	Loss TOTAL 8.8324e-01 (8.8917e-01)
Epoch: [47][110/112]	L_Src_Sup 1.2390e-01 (2.0980e-01)	L_Trg_Inj 2.6563e-01 (2.8783e-01)	Loss Disc 6.9093e-01 (6.9046e-01)	Loss Pred 4.7789e-01 (4.8571e-01)	Loss TOTAL 8.6231e-01 (8.8925e-01)
Epoch: [47][112/112]	L_Src_Sup 1.2727e-01 (2.0874e-01)	L_Trg_Inj 2.8128e-01 (2.8785e-01)	Loss Disc 6.9041e-01 (6.9046e-01)	Loss Pred 4.9696e-01 (4.8563e-01)	Loss TOTAL 8.8302e-01 (8.8891e-01)
Epoch 47 complete. Saving model state...
Epoch: [48][ 10/112]	L_Src_Sup 1.6217e-01 (1.9976e-01)	L_Trg_Inj 2.5003e-01 (2.8439e-01)	Loss Disc 6.9257e-01 (6.9042e-01)	Loss Pred 4.9052e-01 (4.7664e-01)	Loss TOTAL 8.7803e-01 (8.7154e-01)
Epoch: [48][ 20/112]	L_Src_Sup 2.9358e-01 (1.9667e-01)	L_Trg_Inj 1.5624e-01 (2.9688e-01)	Loss Disc 6.9333e-01 (6.9031e-01)	Loss Pred 5.0272e-01 (4.8105e-01)	Loss TOTAL 1.0317e+00 (8.8306e-01)
Epoch: [48][ 30/112]	L_Src_Sup 2.5744e-01 (2.0940e-01)	L_Trg_Inj 3.5937e-01 (3.0000e-01)	Loss Disc 6.8847e-01 (6.9023e-01)	Loss Pred 5.5369e-01 (4.8673e-01)	Loss TOTAL 9.5960e-01 (8.9507e-01)
Epoch: [48][ 40/112]	L_Src_Sup 2.0561e-01 (2.0553e-01)	L_Trg_Inj 2.9691e-01 (2.9652e-01)	Loss Disc 6.9007e-01 (6.9032e-01)	Loss Pred 5.1622e-01 (4.8688e-01)	Loss TOTAL 9.1151e-01 (8.9262e-01)
Epoch: [48][ 50/112]	L_Src_Sup 2.4139e-01 (2.0481e-01)	L_Trg_Inj 3.1252e-01 (2.9184e-01)	Loss Disc 6.8966e-01 (6.9043e-01)	Loss Pred 4.5905e-01 (4.8433e-01)	Loss TOTAL 8.5927e-01 (8.8863e-01)
Epoch: [48][ 60/112]	L_Src_Sup 1.8020e-01 (2.0447e-01)	L_Trg_Inj 3.4540e-01 (2.9215e-01)	Loss Disc 6.9055e-01 (6.9040e-01)	Loss Pred 4.9044e-01 (4.8295e-01)	Loss TOTAL 8.8828e-01 (8.8626e-01)
Epoch: [48][ 70/112]	L_Src_Sup 1.7424e-01 (2.0293e-01)	L_Trg_Inj 3.2820e-01 (2.9319e-01)	Loss Disc 6.8985e-01 (6.9043e-01)	Loss Pred 4.5904e-01 (4.8394e-01)	Loss TOTAL 8.5421e-01 (8.8633e-01)
Epoch: [48][ 80/112]	L_Src_Sup 9.0196e-02 (1.9840e-01)	L_Trg_Inj 3.4377e-01 (2.8955e-01)	Loss Disc 6.8957e-01 (6.9050e-01)	Loss Pred 4.9061e-01 (4.8477e-01)	Loss TOTAL 8.7879e-01 (8.8544e-01)
Epoch: [48][ 90/112]	L_Src_Sup 2.5697e-01 (2.0057e-01)	L_Trg_Inj 2.9692e-01 (2.9071e-01)	Loss Disc 6.9027e-01 (6.9048e-01)	Loss Pred 5.0316e-01 (4.8393e-01)	Loss TOTAL 9.0368e-01 (8.8434e-01)
Epoch: [48][100/112]	L_Src_Sup 2.0186e-01 (2.0088e-01)	L_Trg_Inj 3.2824e-01 (2.9024e-01)	Loss Disc 6.8903e-01 (6.9047e-01)	Loss Pred 5.0318e-01 (4.8478e-01)	Loss TOTAL 9.0071e-01 (8.8501e-01)
Epoch: [48][110/112]	L_Src_Sup 2.0515e-01 (2.0023e-01)	L_Trg_Inj 2.5007e-01 (2.9209e-01)	Loss Disc 6.9180e-01 (6.9044e-01)	Loss Pred 4.5258e-01 (4.8513e-01)	Loss TOTAL 8.4400e-01 (8.8493e-01)
Epoch: [48][112/112]	L_Src_Sup 1.8693e-01 (1.9996e-01)	L_Trg_Inj 3.1274e-01 (2.9246e-01)	Loss Disc 6.8941e-01 (6.9043e-01)	Loss Pred 5.1580e-01 (4.8556e-01)	Loss TOTAL 9.1047e-01 (8.8528e-01)
Epoch 48 complete. Saving model state...
Epoch: [49][ 10/112]	L_Src_Sup 1.4288e-01 (1.9637e-01)	L_Trg_Inj 2.1877e-01 (2.6098e-01)	Loss Disc 6.9202e-01 (6.9108e-01)	Loss Pred 4.8389e-01 (4.8228e-01)	Loss TOTAL 8.6607e-01 (8.7761e-01)
Epoch: [49][ 20/112]	L_Src_Sup 1.0275e-01 (1.8262e-01)	L_Trg_Inj 1.5626e-01 (2.6811e-01)	Loss Disc 6.9282e-01 (6.9098e-01)	Loss Pred 4.5266e-01 (4.8263e-01)	Loss TOTAL 8.2497e-01 (8.8007e-01)
Epoch: [49][ 30/112]	L_Src_Sup 9.2599e-02 (1.8301e-01)	L_Trg_Inj 3.9064e-01 (2.8295e-01)	Loss Disc 6.8894e-01 (6.9063e-01)	Loss Pred 5.0920e-01 (4.8673e-01)	Loss TOTAL 9.0199e-01 (8.8333e-01)
Epoch: [49][ 40/112]	L_Src_Sup 2.3224e-01 (1.8558e-01)	L_Trg_Inj 3.2816e-01 (2.9396e-01)	Loss Disc 6.9057e-01 (6.9037e-01)	Loss Pred 4.8447e-01 (4.8658e-01)	Loss TOTAL 8.8579e-01 (8.8324e-01)
Epoch: [49][ 50/112]	L_Src_Sup 1.9243e-01 (1.8963e-01)	L_Trg_Inj 2.3443e-01 (2.9415e-01)	Loss Disc 6.9174e-01 (6.9041e-01)	Loss Pred 5.3534e-01 (4.8547e-01)	Loss TOTAL 9.2390e-01 (8.8497e-01)
Epoch: [49][ 60/112]	L_Src_Sup 1.6985e-01 (1.8766e-01)	L_Trg_Inj 3.9066e-01 (2.9330e-01)	Loss Disc 6.8865e-01 (6.9041e-01)	Loss Pred 5.2262e-01 (4.8749e-01)	Loss TOTAL 9.2299e-01 (8.8572e-01)
Epoch: [49][ 70/112]	L_Src_Sup 1.5120e-01 (1.9044e-01)	L_Trg_Inj 2.3433e-01 (2.8894e-01)	Loss Disc 6.9126e-01 (6.9050e-01)	Loss Pred 5.2238e-01 (4.8820e-01)	Loss TOTAL 9.0656e-01 (8.8852e-01)
Epoch: [49][ 80/112]	L_Src_Sup 2.2450e-01 (1.9115e-01)	L_Trg_Inj 3.4318e-01 (2.8715e-01)	Loss Disc 6.8944e-01 (6.9054e-01)	Loss Pred 4.5916e-01 (4.8747e-01)	Loss TOTAL 8.6064e-01 (8.8783e-01)
Epoch: [49][ 90/112]	L_Src_Sup 2.1260e-01 (1.9184e-01)	L_Trg_Inj 3.5942e-01 (2.8844e-01)	Loss Disc 6.8919e-01 (6.9052e-01)	Loss Pred 4.7783e-01 (4.8774e-01)	Loss TOTAL 8.7962e-01 (8.8855e-01)
Epoch: [49][100/112]	L_Src_Sup 1.4416e-01 (1.9269e-01)	L_Trg_Inj 2.8125e-01 (2.9007e-01)	Loss Disc 6.9030e-01 (6.9049e-01)	Loss Pred 4.9073e-01 (4.8770e-01)	Loss TOTAL 8.7842e-01 (8.8799e-01)
Epoch: [49][110/112]	L_Src_Sup 2.1074e-01 (1.9264e-01)	L_Trg_Inj 3.1239e-01 (2.9078e-01)	Loss Disc 6.8997e-01 (6.9048e-01)	Loss Pred 4.7146e-01 (4.8658e-01)	Loss TOTAL 8.6876e-01 (8.8708e-01)
Epoch: [49][112/112]	L_Src_Sup 1.5141e-01 (1.9222e-01)	L_Trg_Inj 3.4562e-01 (2.9076e-01)	Loss Disc 6.8950e-01 (6.9048e-01)	Loss Pred 4.3971e-01 (4.8581e-01)	Loss TOTAL 8.3416e-01 (8.8614e-01)
Epoch 49 complete. Saving model state...
