Using device: cuda
Loading Source Train...
Using Mean/Std calculated from Source Train (mean[0]=7.575468652545966, std[0]=0.9216816724284855)
Loading Target Train...
Epoch: [0][ 10/313]	L_Src_Sup 1.7812e+00 (1.9603e+00)	L_Trg_Inj 1.7650e+00 (1.9589e+00)	Loss Disc 7.1733e-01 (7.2044e-01)	Loss Pred 1.0022e+00 (9.8981e-01)	Loss TOTAL 1.7318e+00 (1.7441e+00)
Epoch: [0][ 20/313]	L_Src_Sup 1.8288e+00 (1.5909e+00)	L_Trg_Inj 1.8298e+00 (1.5657e+00)	Loss Disc 7.0799e-01 (7.1638e-01)	Loss Pred 9.9300e-01 (9.9628e-01)	Loss TOTAL 1.7129e+00 (1.7051e+00)
Epoch: [0][ 30/313]	L_Src_Sup 5.8713e-01 (1.2891e+00)	L_Trg_Inj 7.1744e-01 (1.2974e+00)	Loss Disc 6.9923e-01 (7.1179e-01)	Loss Pred 9.9195e-01 (9.9232e-01)	Loss TOTAL 1.4720e+00 (1.6328e+00)
Epoch: [0][ 40/313]	L_Src_Sup 3.4468e-01 (1.0304e+00)	L_Trg_Inj 2.4649e-01 (1.0557e+00)	Loss Disc 6.9539e-01 (7.0803e-01)	Loss Pred 9.4816e-01 (9.8833e-01)	Loss TOTAL 1.4532e+00 (1.5779e+00)
Epoch: [0][ 50/313]	L_Src_Sup 1.8702e-01 (8.6680e-01)	L_Trg_Inj 3.6853e-01 (9.2380e-01)	Loss Disc 6.9411e-01 (7.0537e-01)	Loss Pred 1.0113e+00 (9.8721e-01)	Loss TOTAL 1.4139e+00 (1.5422e+00)
Epoch: [0][ 60/313]	L_Src_Sup 1.6170e-01 (7.5935e-01)	L_Trg_Inj 3.7266e-01 (8.2290e-01)	Loss Disc 6.9375e-01 (7.0346e-01)	Loss Pred 1.0303e+00 (9.8703e-01)	Loss TOTAL 1.4306e+00 (1.5178e+00)
Epoch: [0][ 70/313]	L_Src_Sup 1.2658e-01 (6.8666e-01)	L_Trg_Inj 4.2430e-01 (7.7069e-01)	Loss Disc 6.9335e-01 (7.0204e-01)	Loss Pred 9.6136e-01 (9.8677e-01)	Loss TOTAL 1.3631e+00 (1.5034e+00)
Epoch: [0][ 80/313]	L_Src_Sup 1.5114e-01 (6.2732e-01)	L_Trg_Inj 2.8275e-01 (7.1121e-01)	Loss Disc 6.9306e-01 (7.0094e-01)	Loss Pred 9.5448e-01 (9.8539e-01)	Loss TOTAL 1.3444e+00 (1.4880e+00)
Epoch: [0][ 90/313]	L_Src_Sup 2.1543e-01 (5.9772e-01)	L_Trg_Inj 5.4605e-01 (6.8108e-01)	Loss Disc 6.9150e-01 (7.0000e-01)	Loss Pred 9.2280e-01 (9.8594e-01)	Loss TOTAL 1.3447e+00 (1.4827e+00)
Epoch: [0][100/313]	L_Src_Sup 5.1646e-01 (5.6519e-01)	L_Trg_Inj 8.4894e-01 (6.5511e-01)	Loss Disc 6.8997e-01 (6.9912e-01)	Loss Pred 1.0114e+00 (9.8447e-01)	Loss TOTAL 1.4929e+00 (1.4738e+00)
Epoch: [0][110/313]	L_Src_Sup 8.2587e-02 (5.4090e-01)	L_Trg_Inj 4.5219e-01 (6.3333e-01)	Loss Disc 6.8985e-01 (6.9835e-01)	Loss Pred 9.5438e-01 (9.8243e-01)	Loss TOTAL 1.3528e+00 (1.4675e+00)
Epoch: [0][120/313]	L_Src_Sup 2.2865e-01 (5.1462e-01)	L_Trg_Inj 2.4718e-01 (6.0955e-01)	Loss Disc 6.8871e-01 (6.9758e-01)	Loss Pred 9.4197e-01 (9.8159e-01)	Loss TOTAL 1.3339e+00 (1.4597e+00)
Epoch: [0][130/313]	L_Src_Sup 2.6777e-01 (4.9332e-01)	L_Trg_Inj 3.6583e-01 (5.8813e-01)	Loss Disc 6.8368e-01 (6.9677e-01)	Loss Pred 9.4224e-01 (9.8193e-01)	Loss TOTAL 1.3474e+00 (1.4541e+00)
Epoch: [0][140/313]	L_Src_Sup 1.7457e-01 (4.7214e-01)	L_Trg_Inj 3.6365e-01 (5.7357e-01)	Loss Disc 6.8600e-01 (6.9610e-01)	Loss Pred 1.0233e+00 (9.8377e-01)	Loss TOTAL 1.4201e+00 (1.4519e+00)
Epoch: [0][150/313]	L_Src_Sup 2.2795e-01 (4.5923e-01)	L_Trg_Inj 4.3359e-01 (5.6498e-01)	Loss Disc 6.8476e-01 (6.9544e-01)	Loss Pred 9.4329e-01 (9.8421e-01)	Loss TOTAL 1.3518e+00 (1.4501e+00)
Epoch: [0][160/313]	L_Src_Sup 1.6134e-01 (4.4197e-01)	L_Trg_Inj 3.2657e-01 (5.5292e-01)	Loss Disc 6.8661e-01 (6.9495e-01)	Loss Pred 1.0142e+00 (9.8398e-01)	Loss TOTAL 1.4062e+00 (1.4457e+00)
Epoch: [0][170/313]	L_Src_Sup 1.1994e-01 (4.2750e-01)	L_Trg_Inj 4.2284e-01 (5.4091e-01)	Loss Disc 6.8517e-01 (6.9452e-01)	Loss Pred 9.8056e-01 (9.8389e-01)	Loss TOTAL 1.3774e+00 (1.4427e+00)
Epoch: [0][180/313]	L_Src_Sup 1.7926e-01 (4.1528e-01)	L_Trg_Inj 3.9202e-01 (5.2998e-01)	Loss Disc 6.9004e-01 (6.9427e-01)	Loss Pred 9.7459e-01 (9.8331e-01)	Loss TOTAL 1.3767e+00 (1.4389e+00)
Epoch: [0][190/313]	L_Src_Sup 1.8425e-01 (4.0495e-01)	L_Trg_Inj 4.4208e-01 (5.2310e-01)	Loss Disc 6.8723e-01 (6.9403e-01)	Loss Pred 1.0047e+00 (9.8316e-01)	Loss TOTAL 1.4109e+00 (1.4362e+00)
Epoch: [0][200/313]	L_Src_Sup 2.6216e-01 (3.9529e-01)	L_Trg_Inj 5.2129e-01 (5.1590e-01)	Loss Disc 6.8580e-01 (6.9380e-01)	Loss Pred 9.7351e-01 (9.8236e-01)	Loss TOTAL 1.3948e+00 (1.4332e+00)
Epoch: [0][210/313]	L_Src_Sup 2.5381e-01 (3.8599e-01)	L_Trg_Inj 4.9221e-01 (5.0914e-01)	Loss Disc 6.8853e-01 (6.9367e-01)	Loss Pred 9.6772e-01 (9.8214e-01)	Loss TOTAL 1.3866e+00 (1.4307e+00)
Epoch: [0][220/313]	L_Src_Sup 1.8478e-01 (3.7736e-01)	L_Trg_Inj 3.3865e-01 (5.0270e-01)	Loss Disc 6.9138e-01 (6.9356e-01)	Loss Pred 9.5215e-01 (9.8167e-01)	Loss TOTAL 1.3502e+00 (1.4281e+00)
Epoch: [0][230/313]	L_Src_Sup 2.9927e-01 (3.7074e-01)	L_Trg_Inj 4.8648e-01 (4.9845e-01)	Loss Disc 6.8927e-01 (6.9345e-01)	Loss Pred 9.6065e-01 (9.8162e-01)	Loss TOTAL 1.3839e+00 (1.4269e+00)
Epoch: [0][240/313]	L_Src_Sup 1.7777e-01 (3.6377e-01)	L_Trg_Inj 2.2096e-01 (4.9174e-01)	Loss Disc 6.9323e-01 (6.9338e-01)	Loss Pred 9.3947e-01 (9.8073e-01)	Loss TOTAL 1.3260e+00 (1.4241e+00)
Epoch: [0][250/313]	L_Src_Sup 1.9117e-01 (3.5784e-01)	L_Trg_Inj 3.1636e-01 (4.8518e-01)	Loss Disc 6.9092e-01 (6.9333e-01)	Loss Pred 9.5247e-01 (9.8026e-01)	Loss TOTAL 1.3487e+00 (1.4222e+00)
Epoch: [0][260/313]	L_Src_Sup 1.6540e-01 (3.5110e-01)	L_Trg_Inj 4.0611e-01 (4.7926e-01)	Loss Disc 6.9076e-01 (6.9327e-01)	Loss Pred 9.2245e-01 (9.7966e-01)	Loss TOTAL 1.3250e+00 (1.4202e+00)
Epoch: [0][270/313]	L_Src_Sup 2.6113e-01 (3.4665e-01)	L_Trg_Inj 3.8099e-01 (4.7543e-01)	Loss Disc 6.8993e-01 (6.9320e-01)	Loss Pred 9.5739e-01 (9.7918e-01)	Loss TOTAL 1.3666e+00 (1.4185e+00)
Epoch: [0][280/313]	L_Src_Sup 2.3645e-01 (3.4101e-01)	L_Trg_Inj 3.4147e-01 (4.7107e-01)	Loss Disc 6.8909e-01 (6.9309e-01)	Loss Pred 1.0069e+00 (9.7868e-01)	Loss TOTAL 1.4092e+00 (1.4167e+00)
Epoch: [0][290/313]	L_Src_Sup 2.5576e-01 (3.3828e-01)	L_Trg_Inj 4.2324e-01 (4.6820e-01)	Loss Disc 6.7786e-01 (6.9277e-01)	Loss Pred 9.5622e-01 (9.7785e-01)	Loss TOTAL 1.3630e+00 (1.4152e+00)
Epoch: [0][300/313]	L_Src_Sup 7.1640e-01 (3.4006e-01)	L_Trg_Inj 6.8840e-01 (4.6456e-01)	Loss Disc 6.9530e-01 (6.9261e-01)	Loss Pred 9.7912e-01 (9.7650e-01)	Loss TOTAL 1.4953e+00 (1.4171e+00)
Epoch: [0][310/313]	L_Src_Sup 3.0179e-01 (3.4153e-01)	L_Trg_Inj 5.3232e-01 (4.6348e-01)	Loss Disc 6.7919e-01 (6.9250e-01)	Loss Pred 9.9555e-01 (9.7667e-01)	Loss TOTAL 1.4186e+00 (1.4176e+00)
Epoch: [0][313/313]	L_Src_Sup 2.2426e-01 (3.4003e-01)	L_Trg_Inj 3.6911e-01 (4.6201e-01)	Loss Disc 6.7819e-01 (6.9240e-01)	Loss Pred 9.6171e-01 (9.7672e-01)	Loss TOTAL 1.3601e+00 (1.4172e+00)
Epoch 0 complete. Saving model state...
Epoch: [1][ 10/313]	L_Src_Sup 3.3745e-01 (2.4291e-01)	L_Trg_Inj 2.8752e-01 (2.9789e-01)	Loss Disc 6.7822e-01 (6.7824e-01)	Loss Pred 9.7775e-01 (9.7768e-01)	Loss TOTAL 1.4293e+00 (1.3761e+00)
Epoch: [1][ 20/313]	L_Src_Sup 2.9894e-01 (2.3843e-01)	L_Trg_Inj 3.5318e-01 (3.7286e-01)	Loss Disc 6.7644e-01 (6.7600e-01)	Loss Pred 9.4544e-01 (9.6802e-01)	Loss TOTAL 1.3489e+00 (1.3697e+00)
Epoch: [1][ 30/313]	L_Src_Sup 3.3238e-01 (2.3413e-01)	L_Trg_Inj 5.7671e-01 (3.6507e-01)	Loss Disc 6.8822e-01 (6.7705e-01)	Loss Pred 9.5296e-01 (9.6183e-01)	Loss TOTAL 1.3880e+00 (1.3635e+00)
Epoch: [1][ 40/313]	L_Src_Sup 2.5952e-01 (2.3111e-01)	L_Trg_Inj 4.9652e-01 (3.8197e-01)	Loss Disc 6.6941e-01 (6.7808e-01)	Loss Pred 9.3956e-01 (9.5312e-01)	Loss TOTAL 1.3499e+00 (1.3559e+00)
Epoch: [1][ 50/313]	L_Src_Sup 1.6862e-01 (2.2716e-01)	L_Trg_Inj 4.4267e-01 (3.8844e-01)	Loss Disc 6.6568e-01 (6.7609e-01)	Loss Pred 9.2060e-01 (9.4651e-01)	Loss TOTAL 1.3146e+00 (1.3480e+00)
Epoch: [1][ 60/313]	L_Src_Sup 1.3800e-01 (2.2792e-01)	L_Trg_Inj 5.1325e-01 (3.9294e-01)	Loss Disc 6.7826e-01 (6.7597e-01)	Loss Pred 9.0251e-01 (9.3908e-01)	Loss TOTAL 1.3068e+00 (1.3407e+00)
Epoch: [1][ 70/313]	L_Src_Sup 3.1568e-01 (2.3978e-01)	L_Trg_Inj 6.7236e-01 (4.0100e-01)	Loss Disc 6.7623e-01 (6.7699e-01)	Loss Pred 8.9855e-01 (9.3138e-01)	Loss TOTAL 1.3355e+00 (1.3366e+00)
Epoch: [1][ 80/313]	L_Src_Sup 1.1143e-01 (2.4096e-01)	L_Trg_Inj 3.7687e-01 (4.1001e-01)	Loss Disc 6.9104e-01 (6.7735e-01)	Loss Pred 8.6675e-01 (9.2541e-01)	Loss TOTAL 1.2611e+00 (1.3317e+00)
Epoch: [1][ 90/313]	L_Src_Sup 2.4325e-01 (2.4057e-01)	L_Trg_Inj 2.0777e-01 (4.0450e-01)	Loss Disc 6.8955e-01 (6.7817e-01)	Loss Pred 8.9733e-01 (9.2034e-01)	Loss TOTAL 1.3227e+00 (1.3273e+00)
Epoch: [1][100/313]	L_Src_Sup 1.3974e-01 (2.3819e-01)	L_Trg_Inj 2.6810e-01 (4.0123e-01)	Loss Disc 6.9514e-01 (6.7992e-01)	Loss Pred 8.6342e-01 (9.1466e-01)	Loss TOTAL 1.2518e+00 (1.3216e+00)
Epoch: [1][110/313]	L_Src_Sup 2.1049e-01 (2.3909e-01)	L_Trg_Inj 2.3856e-01 (3.9049e-01)	Loss Disc 6.8668e-01 (6.8142e-01)	Loss Pred 8.4742e-01 (9.0925e-01)	Loss TOTAL 1.2357e+00 (1.3161e+00)
Epoch: [1][120/313]	L_Src_Sup 3.0444e-01 (2.4207e-01)	L_Trg_Inj 3.6350e-01 (3.8851e-01)	Loss Disc 6.8547e-01 (6.8221e-01)	Loss Pred 8.4903e-01 (9.0442e-01)	Loss TOTAL 1.2586e+00 (1.3120e+00)
Epoch: [1][130/313]	L_Src_Sup 2.0997e-01 (2.4169e-01)	L_Trg_Inj 2.5801e-01 (3.8693e-01)	Loss Disc 6.8624e-01 (6.8287e-01)	Loss Pred 8.4980e-01 (8.9960e-01)	Loss TOTAL 1.2397e+00 (1.3070e+00)
Epoch: [1][140/313]	L_Src_Sup 2.4033e-01 (2.4112e-01)	L_Trg_Inj 3.5255e-01 (3.8069e-01)	Loss Disc 6.9079e-01 (6.8357e-01)	Loss Pred 8.3384e-01 (8.9454e-01)	Loss TOTAL 1.2385e+00 (1.3023e+00)
Epoch: [1][150/313]	L_Src_Sup 2.3400e-01 (2.3999e-01)	L_Trg_Inj 2.3662e-01 (3.7556e-01)	Loss Disc 6.9704e-01 (6.8419e-01)	Loss Pred 8.2631e-01 (8.8993e-01)	Loss TOTAL 1.2219e+00 (1.2972e+00)
Epoch: [1][160/313]	L_Src_Sup 1.8009e-01 (2.3794e-01)	L_Trg_Inj 3.2350e-01 (3.6972e-01)	Loss Disc 6.9344e-01 (6.8474e-01)	Loss Pred 8.1668e-01 (8.8561e-01)	Loss TOTAL 1.2138e+00 (1.2926e+00)
Epoch: [1][170/313]	L_Src_Sup 2.8899e-01 (2.3815e-01)	L_Trg_Inj 2.8366e-01 (3.6514e-01)	Loss Disc 6.9315e-01 (6.8522e-01)	Loss Pred 8.3222e-01 (8.8193e-01)	Loss TOTAL 1.2414e+00 (1.2892e+00)
Epoch: [1][180/313]	L_Src_Sup 1.6238e-01 (2.3438e-01)	L_Trg_Inj 2.6852e-01 (3.6415e-01)	Loss Disc 6.9245e-01 (6.8544e-01)	Loss Pred 7.9528e-01 (8.7853e-01)	Loss TOTAL 1.1846e+00 (1.2852e+00)
Epoch: [1][190/313]	L_Src_Sup 2.7518e-01 (2.3332e-01)	L_Trg_Inj 2.6684e-01 (3.6068e-01)	Loss Disc 6.9158e-01 (6.8576e-01)	Loss Pred 8.2135e-01 (8.7523e-01)	Loss TOTAL 1.2297e+00 (1.2814e+00)
Epoch: [1][200/313]	L_Src_Sup 3.3015e-01 (2.3125e-01)	L_Trg_Inj 1.7638e-01 (3.5671e-01)	Loss Disc 6.9522e-01 (6.8619e-01)	Loss Pred 7.7876e-01 (8.7158e-01)	Loss TOTAL 1.3308e+00 (1.2780e+00)
Epoch: [1][210/313]	L_Src_Sup 2.3921e-01 (2.3277e-01)	L_Trg_Inj 4.7388e-01 (3.5685e-01)	Loss Disc 6.9446e-01 (6.8652e-01)	Loss Pred 9.2197e-01 (8.6972e-01)	Loss TOTAL 1.3405e+00 (1.2776e+00)
Epoch: [1][220/313]	L_Src_Sup 1.8091e-01 (2.3243e-01)	L_Trg_Inj 3.7447e-01 (3.5680e-01)	Loss Disc 6.7776e-01 (6.8664e-01)	Loss Pred 8.6196e-01 (8.6929e-01)	Loss TOTAL 1.2564e+00 (1.2773e+00)
Epoch: [1][230/313]	L_Src_Sup 3.0130e-01 (2.3327e-01)	L_Trg_Inj 5.4687e-01 (3.5932e-01)	Loss Disc 6.7172e-01 (6.8618e-01)	Loss Pred 8.1252e-01 (8.6698e-01)	Loss TOTAL 1.2332e+00 (1.2749e+00)
Epoch: [1][240/313]	L_Src_Sup 2.7892e-01 (2.3395e-01)	L_Trg_Inj 3.0438e-01 (3.6044e-01)	Loss Disc 6.8523e-01 (6.8598e-01)	Loss Pred 8.0654e-01 (8.6445e-01)	Loss TOTAL 1.2075e+00 (1.2722e+00)
Epoch: [1][250/313]	L_Src_Sup 2.2981e-01 (2.3476e-01)	L_Trg_Inj 3.7790e-01 (3.6053e-01)	Loss Disc 6.8295e-01 (6.8595e-01)	Loss Pred 8.0346e-01 (8.6172e-01)	Loss TOTAL 1.2057e+00 (1.2694e+00)
Epoch: [1][260/313]	L_Src_Sup 3.4212e-01 (2.3457e-01)	L_Trg_Inj 3.8382e-01 (3.6198e-01)	Loss Disc 6.9077e-01 (6.8588e-01)	Loss Pred 7.7898e-01 (8.5886e-01)	Loss TOTAL 1.1970e+00 (1.2664e+00)
Epoch: [1][270/313]	L_Src_Sup 4.4889e-01 (2.3672e-01)	L_Trg_Inj 2.8625e-01 (3.6233e-01)	Loss Disc 6.8190e-01 (6.8597e-01)	Loss Pred 7.8817e-01 (8.5619e-01)	Loss TOTAL 1.3653e+00 (1.2646e+00)
Epoch: [1][280/313]	L_Src_Sup 1.2879e-01 (2.3563e-01)	L_Trg_Inj 2.4017e-01 (3.6145e-01)	Loss Disc 6.8186e-01 (6.8593e-01)	Loss Pred 7.8492e-01 (8.5358e-01)	Loss TOTAL 1.1627e+00 (1.2616e+00)
Epoch: [1][290/313]	L_Src_Sup 2.9663e-01 (2.3612e-01)	L_Trg_Inj 5.2549e-01 (3.6387e-01)	Loss Disc 6.7168e-01 (6.8570e-01)	Loss Pred 7.7864e-01 (8.5108e-01)	Loss TOTAL 1.1967e+00 (1.2594e+00)
Epoch: [1][300/313]	L_Src_Sup 2.1455e-01 (2.3618e-01)	L_Trg_Inj 3.7973e-01 (3.6528e-01)	Loss Disc 6.7644e-01 (6.8550e-01)	Loss Pred 7.6980e-01 (8.4867e-01)	Loss TOTAL 1.1674e+00 (1.2568e+00)
Epoch: [1][310/313]	L_Src_Sup 2.0721e-01 (2.3629e-01)	L_Trg_Inj 3.3432e-01 (3.6589e-01)	Loss Disc 6.9379e-01 (6.8538e-01)	Loss Pred 7.6531e-01 (8.4631e-01)	Loss TOTAL 1.1664e+00 (1.2544e+00)
Epoch: [1][313/313]	L_Src_Sup 9.9664e-02 (2.3559e-01)	L_Trg_Inj 4.6321e-01 (3.6676e-01)	Loss Disc 6.7804e-01 (6.8532e-01)	Loss Pred 7.7003e-01 (8.4564e-01)	Loss TOTAL 1.1653e+00 (1.2536e+00)
Epoch 1 complete. Saving model state...
Epoch: [2][ 10/313]	L_Src_Sup 3.0829e-01 (2.2862e-01)	L_Trg_Inj 2.0496e-01 (3.2349e-01)	Loss Disc 6.7410e-01 (6.8421e-01)	Loss Pred 7.7333e-01 (7.6555e-01)	Loss TOTAL 1.2650e+00 (1.1732e+00)
Epoch: [2][ 20/313]	L_Src_Sup 1.4138e-01 (2.3353e-01)	L_Trg_Inj 3.1642e-01 (3.5791e-01)	Loss Disc 6.6591e-01 (6.8029e-01)	Loss Pred 8.0677e-01 (7.8109e-01)	Loss TOTAL 1.1855e+00 (1.1900e+00)
Epoch: [2][ 30/313]	L_Src_Sup 1.8560e-01 (2.2205e-01)	L_Trg_Inj 3.9740e-01 (3.4887e-01)	Loss Disc 6.6876e-01 (6.7723e-01)	Loss Pred 7.8723e-01 (7.8245e-01)	Loss TOTAL 1.1799e+00 (1.1868e+00)
Epoch: [2][ 40/313]	L_Src_Sup 1.5535e-01 (2.2727e-01)	L_Trg_Inj 4.0618e-01 (3.5939e-01)	Loss Disc 6.7984e-01 (6.7819e-01)	Loss Pred 7.7170e-01 (7.7877e-01)	Loss TOTAL 1.1678e+00 (1.1830e+00)
Epoch: [2][ 50/313]	L_Src_Sup 1.9870e-01 (2.3135e-01)	L_Trg_Inj 4.3839e-01 (3.6010e-01)	Loss Disc 6.8717e-01 (6.7808e-01)	Loss Pred 7.4813e-01 (7.7703e-01)	Loss TOTAL 1.1554e+00 (1.1811e+00)
Epoch: [2][ 60/313]	L_Src_Sup 2.2366e-01 (2.2589e-01)	L_Trg_Inj 4.7250e-01 (3.7130e-01)	Loss Disc 6.7609e-01 (6.7796e-01)	Loss Pred 7.6306e-01 (7.7462e-01)	Loss TOTAL 1.1707e+00 (1.1782e+00)
Epoch: [2][ 70/313]	L_Src_Sup 1.5969e-01 (2.2460e-01)	L_Trg_Inj 3.0842e-01 (3.7296e-01)	Loss Disc 6.7993e-01 (6.7803e-01)	Loss Pred 7.6706e-01 (7.7227e-01)	Loss TOTAL 1.1538e+00 (1.1752e+00)
Epoch: [2][ 80/313]	L_Src_Sup 1.5390e-01 (2.2464e-01)	L_Trg_Inj 4.1813e-01 (3.7108e-01)	Loss Disc 6.8069e-01 (6.7838e-01)	Loss Pred 7.5807e-01 (7.6954e-01)	Loss TOTAL 1.1556e+00 (1.1728e+00)
Epoch: [2][ 90/313]	L_Src_Sup 4.2130e-01 (2.2625e-01)	L_Trg_Inj 4.3104e-01 (3.7164e-01)	Loss Disc 6.8208e-01 (6.7875e-01)	Loss Pred 7.5774e-01 (7.6730e-01)	Loss TOTAL 1.1840e+00 (1.1709e+00)
Epoch: [2][100/313]	L_Src_Sup 2.0919e-01 (2.2838e-01)	L_Trg_Inj 4.2225e-01 (3.7321e-01)	Loss Disc 6.7868e-01 (6.7901e-01)	Loss Pred 7.5220e-01 (7.6537e-01)	Loss TOTAL 1.1547e+00 (1.1691e+00)
Epoch: [2][110/313]	L_Src_Sup 3.3483e-01 (2.2764e-01)	L_Trg_Inj 5.0373e-01 (3.7515e-01)	Loss Disc 6.8423e-01 (6.7894e-01)	Loss Pred 7.4468e-01 (7.6374e-01)	Loss TOTAL 1.1707e+00 (1.1673e+00)
Epoch: [2][120/313]	L_Src_Sup 2.6343e-01 (2.2691e-01)	L_Trg_Inj 4.2827e-01 (3.7808e-01)	Loss Disc 6.7919e-01 (6.7931e-01)	Loss Pred 7.4802e-01 (7.6166e-01)	Loss TOTAL 1.1568e+00 (1.1653e+00)
Epoch: [2][130/313]	L_Src_Sup 2.1906e-01 (2.2360e-01)	L_Trg_Inj 3.3466e-01 (3.7347e-01)	Loss Disc 6.8278e-01 (6.7938e-01)	Loss Pred 7.4619e-01 (7.6010e-01)	Loss TOTAL 1.1430e+00 (1.1629e+00)
Epoch: [2][140/313]	L_Src_Sup 2.6009e-01 (2.2185e-01)	L_Trg_Inj 1.8464e-01 (3.6947e-01)	Loss Disc 6.9818e-01 (6.7996e-01)	Loss Pred 7.3162e-01 (7.5818e-01)	Loss TOTAL 1.2006e+00 (1.1610e+00)
Epoch: [2][150/313]	L_Src_Sup 9.3872e-02 (2.2087e-01)	L_Trg_Inj 2.1249e-01 (3.6396e-01)	Loss Disc 6.9405e-01 (6.8094e-01)	Loss Pred 7.4272e-01 (7.5630e-01)	Loss TOTAL 1.1204e+00 (1.1593e+00)
Epoch: [2][160/313]	L_Src_Sup 2.3072e-01 (2.2001e-01)	L_Trg_Inj 1.7010e-01 (3.5711e-01)	Loss Disc 7.0046e-01 (6.8187e-01)	Loss Pred 7.0790e-01 (7.5463e-01)	Loss TOTAL 1.1588e+00 (1.1582e+00)
Epoch: [2][170/313]	L_Src_Sup 2.2200e-01 (2.1918e-01)	L_Trg_Inj 3.2769e-01 (3.5475e-01)	Loss Disc 6.9402e-01 (6.8253e-01)	Loss Pred 7.2919e-01 (7.5295e-01)	Loss TOTAL 1.1312e+00 (1.1562e+00)
Epoch: [2][180/313]	L_Src_Sup 2.5979e-01 (2.1764e-01)	L_Trg_Inj 3.0502e-01 (3.5038e-01)	Loss Disc 7.0025e-01 (6.8328e-01)	Loss Pred 7.0769e-01 (7.5110e-01)	Loss TOTAL 1.1143e+00 (1.1544e+00)
Epoch: [2][190/313]	L_Src_Sup 1.6702e-01 (2.1523e-01)	L_Trg_Inj 2.9233e-01 (3.4615e-01)	Loss Disc 6.9109e-01 (6.8386e-01)	Loss Pred 7.1515e-01 (7.4965e-01)	Loss TOTAL 1.1066e+00 (1.1530e+00)
Epoch: [2][200/313]	L_Src_Sup 1.9432e-01 (2.1486e-01)	L_Trg_Inj 2.9792e-01 (3.4288e-01)	Loss Disc 6.9189e-01 (6.8430e-01)	Loss Pred 7.0736e-01 (7.4825e-01)	Loss TOTAL 1.1025e+00 (1.1518e+00)
Epoch: [2][210/313]	L_Src_Sup 3.4794e-01 (2.1427e-01)	L_Trg_Inj 2.1741e-01 (3.3934e-01)	Loss Disc 6.9801e-01 (6.8472e-01)	Loss Pred 7.1522e-01 (7.4670e-01)	Loss TOTAL 1.2513e+00 (1.1508e+00)
Epoch: [2][220/313]	L_Src_Sup 1.4532e-01 (2.1476e-01)	L_Trg_Inj 3.4103e-01 (3.3715e-01)	Loss Disc 6.9018e-01 (6.8501e-01)	Loss Pred 7.0593e-01 (7.4525e-01)	Loss TOTAL 1.0997e+00 (1.1495e+00)
Epoch: [2][230/313]	L_Src_Sup 3.2643e-01 (2.1550e-01)	L_Trg_Inj 1.9577e-01 (3.3403e-01)	Loss Disc 6.9068e-01 (6.8537e-01)	Loss Pred 7.2133e-01 (7.4370e-01)	Loss TOTAL 1.2496e+00 (1.1493e+00)
Epoch: [2][240/313]	L_Src_Sup 1.7771e-01 (2.1528e-01)	L_Trg_Inj 2.1808e-01 (3.3297e-01)	Loss Disc 6.9859e-01 (6.8564e-01)	Loss Pred 6.9092e-01 (7.4229e-01)	Loss TOTAL 1.0798e+00 (1.1478e+00)
Epoch: [2][250/313]	L_Src_Sup 2.2687e-01 (2.1728e-01)	L_Trg_Inj 2.4913e-01 (3.3192e-01)	Loss Disc 6.9121e-01 (6.8595e-01)	Loss Pred 7.1301e-01 (7.4061e-01)	Loss TOTAL 1.1062e+00 (1.1462e+00)
Epoch: [2][260/313]	L_Src_Sup 2.7474e-01 (2.3000e-01)	L_Trg_Inj 4.8637e-01 (3.3844e-01)	Loss Disc 6.8016e-01 (6.8604e-01)	Loss Pred 7.1570e-01 (7.4054e-01)	Loss TOTAL 1.1319e+00 (1.1513e+00)
Epoch: [2][270/313]	L_Src_Sup 2.5599e-01 (2.3175e-01)	L_Trg_Inj 4.5242e-01 (3.4570e-01)	Loss Disc 6.7207e-01 (6.8551e-01)	Loss Pred 7.0617e-01 (7.3997e-01)	Loss TOTAL 1.1131e+00 (1.1510e+00)
Epoch: [2][280/313]	L_Src_Sup 1.9221e-01 (2.3150e-01)	L_Trg_Inj 5.4455e-01 (3.5422e-01)	Loss Disc 6.7136e-01 (6.8506e-01)	Loss Pred 6.9961e-01 (7.3861e-01)	Loss TOTAL 1.1090e+00 (1.1499e+00)
Epoch: [2][290/313]	L_Src_Sup 2.4223e-01 (2.3116e-01)	L_Trg_Inj 6.2250e-01 (3.6236e-01)	Loss Disc 6.7469e-01 (6.8463e-01)	Loss Pred 6.8162e-01 (7.3729e-01)	Loss TOTAL 1.1054e+00 (1.1488e+00)
Epoch: [2][300/313]	L_Src_Sup 2.8711e-01 (2.3099e-01)	L_Trg_Inj 4.8191e-01 (3.6979e-01)	Loss Disc 6.7372e-01 (6.8403e-01)	Loss Pred 6.8244e-01 (7.3596e-01)	Loss TOTAL 1.0962e+00 (1.1476e+00)
Epoch: [2][310/313]	L_Src_Sup 1.8541e-01 (2.2992e-01)	L_Trg_Inj 5.3991e-01 (3.7692e-01)	Loss Disc 6.5258e-01 (6.8333e-01)	Loss Pred 7.0355e-01 (7.3471e-01)	Loss TOTAL 1.1024e+00 (1.1462e+00)
Epoch: [2][313/313]	L_Src_Sup 3.3280e-01 (2.3059e-01)	L_Trg_Inj 6.1652e-01 (3.7876e-01)	Loss Disc 6.6015e-01 (6.8315e-01)	Loss Pred 6.9614e-01 (7.3426e-01)	Loss TOTAL 1.1211e+00 (1.1459e+00)
Epoch 2 complete. Saving model state...
Epoch: [3][ 10/313]	L_Src_Sup 3.1691e-01 (2.3296e-01)	L_Trg_Inj 4.0435e-01 (5.4269e-01)	Loss Disc 6.6517e-01 (6.6493e-01)	Loss Pred 6.8504e-01 (6.9220e-01)	Loss TOTAL 1.0898e+00 (1.1022e+00)
Epoch: [3][ 20/313]	L_Src_Sup 2.1539e-01 (2.2384e-01)	L_Trg_Inj 3.0286e-01 (4.3170e-01)	Loss Disc 6.9900e-01 (6.7360e-01)	Loss Pred 6.7900e-01 (6.8934e-01)	Loss TOTAL 1.0803e+00 (1.0932e+00)
Epoch: [3][ 30/313]	L_Src_Sup 1.2989e-01 (2.1147e-01)	L_Trg_Inj 2.4222e-01 (3.8513e-01)	Loss Disc 6.8765e-01 (6.8035e-01)	Loss Pred 6.8909e-01 (6.8841e-01)	Loss TOTAL 1.0701e+00 (1.0919e+00)
Epoch: [3][ 40/313]	L_Src_Sup 3.0765e-01 (2.1402e-01)	L_Trg_Inj 2.8943e-01 (3.6093e-01)	Loss Disc 6.8829e-01 (6.8387e-01)	Loss Pred 6.8399e-01 (6.8618e-01)	Loss TOTAL 1.1061e+00 (1.0928e+00)
Epoch: [3][ 50/313]	L_Src_Sup 2.4817e-01 (2.1676e-01)	L_Trg_Inj 4.6716e-01 (3.9221e-01)	Loss Disc 6.6885e-01 (6.8158e-01)	Loss Pred 6.6994e-01 (6.8476e-01)	Loss TOTAL 1.0759e+00 (1.0931e+00)
Epoch: [3][ 60/313]	L_Src_Sup 1.2935e-01 (2.1205e-01)	L_Trg_Inj 3.7455e-01 (3.9894e-01)	Loss Disc 6.8464e-01 (6.8100e-01)	Loss Pred 6.8957e-01 (6.8320e-01)	Loss TOTAL 1.0823e+00 (1.0916e+00)
Epoch: [3][ 70/313]	L_Src_Sup 2.4808e-01 (2.1704e-01)	L_Trg_Inj 3.3888e-01 (3.8114e-01)	Loss Disc 6.8278e-01 (6.8206e-01)	Loss Pred 6.6435e-01 (6.8138e-01)	Loss TOTAL 1.0644e+00 (1.0905e+00)
Epoch: [3][ 80/313]	L_Src_Sup 1.0888e-01 (2.1305e-01)	L_Trg_Inj 2.6472e-01 (3.7508e-01)	Loss Disc 6.8617e-01 (6.8270e-01)	Loss Pred 6.7448e-01 (6.8016e-01)	Loss TOTAL 1.0549e+00 (1.0876e+00)
Epoch: [3][ 90/313]	L_Src_Sup 7.2785e-02 (2.1147e-01)	L_Trg_Inj 2.2066e-01 (3.6443e-01)	Loss Disc 6.9140e-01 (6.8341e-01)	Loss Pred 6.6938e-01 (6.7918e-01)	Loss TOTAL 1.0444e+00 (1.0865e+00)
Epoch: [3][100/313]	L_Src_Sup 2.0426e-01 (2.1042e-01)	L_Trg_Inj 3.4194e-01 (3.5863e-01)	Loss Disc 6.9161e-01 (6.8403e-01)	Loss Pred 6.5397e-01 (6.7822e-01)	Loss TOTAL 1.0544e+00 (1.0846e+00)
Epoch: [3][110/313]	L_Src_Sup 1.8608e-01 (2.0983e-01)	L_Trg_Inj 2.8149e-01 (3.5253e-01)	Loss Disc 6.9166e-01 (6.8428e-01)	Loss Pred 6.5436e-01 (6.7729e-01)	Loss TOTAL 1.0469e+00 (1.0828e+00)
Epoch: [3][120/313]	L_Src_Sup 2.1387e-01 (2.1197e-01)	L_Trg_Inj 2.3397e-01 (3.4950e-01)	Loss Disc 6.9492e-01 (6.8523e-01)	Loss Pred 6.3453e-01 (6.7476e-01)	Loss TOTAL 1.0268e+00 (1.0806e+00)
Epoch: [3][130/313]	L_Src_Sup 1.9411e-01 (2.1109e-01)	L_Trg_Inj 3.3291e-01 (3.4742e-01)	Loss Disc 6.8906e-01 (6.8559e-01)	Loss Pred 6.5997e-01 (6.7349e-01)	Loss TOTAL 1.0572e+00 (1.0787e+00)
Epoch: [3][140/313]	L_Src_Sup 2.2463e-01 (2.1080e-01)	L_Trg_Inj 4.6799e-01 (3.4485e-01)	Loss Disc 6.9282e-01 (6.8587e-01)	Loss Pred 6.4302e-01 (6.7214e-01)	Loss TOTAL 1.0587e+00 (1.0770e+00)
Epoch: [3][150/313]	L_Src_Sup 3.0456e-01 (2.1266e-01)	L_Trg_Inj 2.7430e-01 (3.4076e-01)	Loss Disc 6.8886e-01 (6.8615e-01)	Loss Pred 6.5823e-01 (6.7117e-01)	Loss TOTAL 1.0908e+00 (1.0764e+00)
Epoch: [3][160/313]	L_Src_Sup 2.3317e-01 (2.1156e-01)	L_Trg_Inj 3.1483e-01 (3.3739e-01)	Loss Disc 6.8303e-01 (6.8641e-01)	Loss Pred 6.7456e-01 (6.6986e-01)	Loss TOTAL 1.0709e+00 (1.0747e+00)
Epoch: [3][170/313]	L_Src_Sup 2.0256e-01 (2.1124e-01)	L_Trg_Inj 5.3056e-01 (3.4658e-01)	Loss Disc 6.6649e-01 (6.8583e-01)	Loss Pred 6.6356e-01 (6.6928e-01)	Loss TOTAL 1.0701e+00 (1.0743e+00)
Epoch: [3][180/313]	L_Src_Sup 2.6835e-01 (2.1265e-01)	L_Trg_Inj 5.8342e-01 (3.5887e-01)	Loss Disc 6.6836e-01 (6.8462e-01)	Loss Pred 6.3640e-01 (6.6839e-01)	Loss TOTAL 1.0558e+00 (1.0738e+00)
Epoch: [3][190/313]	L_Src_Sup 1.0426e-01 (2.1192e-01)	L_Trg_Inj 6.3667e-01 (3.7018e-01)	Loss Disc 6.6652e-01 (6.8341e-01)	Loss Pred 6.3714e-01 (6.6732e-01)	Loss TOTAL 1.0445e+00 (1.0729e+00)
Epoch: [3][200/313]	L_Src_Sup 2.2277e-01 (2.1253e-01)	L_Trg_Inj 4.7296e-01 (3.7578e-01)	Loss Disc 6.7232e-01 (6.8273e-01)	Loss Pred 6.2555e-01 (6.6610e-01)	Loss TOTAL 1.0313e+00 (1.0719e+00)
Epoch: [3][210/313]	L_Src_Sup 2.2920e-01 (2.1096e-01)	L_Trg_Inj 2.7956e-01 (3.7293e-01)	Loss Disc 6.8868e-01 (6.8273e-01)	Loss Pred 6.2645e-01 (6.6494e-01)	Loss TOTAL 1.0217e+00 (1.0700e+00)
Epoch: [3][220/313]	L_Src_Sup 2.3307e-01 (2.0943e-01)	L_Trg_Inj 2.7114e-01 (3.6833e-01)	Loss Disc 6.8173e-01 (6.8300e-01)	Loss Pred 6.6215e-01 (6.6394e-01)	Loss TOTAL 1.0534e+00 (1.0683e+00)
Epoch: [3][230/313]	L_Src_Sup 2.6986e-01 (2.0961e-01)	L_Trg_Inj 3.0967e-01 (3.6508e-01)	Loss Disc 6.8752e-01 (6.8334e-01)	Loss Pred 6.5065e-01 (6.6264e-01)	Loss TOTAL 1.0524e+00 (1.0667e+00)
Epoch: [3][240/313]	L_Src_Sup 1.6877e-01 (2.0906e-01)	L_Trg_Inj 3.1202e-01 (3.6063e-01)	Loss Disc 6.8774e-01 (6.8351e-01)	Loss Pred 6.2902e-01 (6.6190e-01)	Loss TOTAL 1.0210e+00 (1.0655e+00)
Epoch: [3][250/313]	L_Src_Sup 1.7223e-01 (2.0817e-01)	L_Trg_Inj 3.4312e-01 (3.5851e-01)	Loss Disc 6.9253e-01 (6.8379e-01)	Loss Pred 6.3352e-01 (6.6056e-01)	Loss TOTAL 1.0313e+00 (1.0639e+00)
Epoch: [3][260/313]	L_Src_Sup 2.1268e-01 (2.0749e-01)	L_Trg_Inj 2.4935e-01 (3.5575e-01)	Loss Disc 6.9659e-01 (6.8404e-01)	Loss Pred 6.0774e-01 (6.5931e-01)	Loss TOTAL 1.0022e+00 (1.0622e+00)
Epoch: [3][270/313]	L_Src_Sup 1.4595e-01 (2.0693e-01)	L_Trg_Inj 3.1153e-01 (3.5334e-01)	Loss Disc 6.9123e-01 (6.8424e-01)	Loss Pred 6.1922e-01 (6.5838e-01)	Loss TOTAL 1.0106e+00 (1.0610e+00)
Epoch: [3][280/313]	L_Src_Sup 3.2582e-01 (2.0717e-01)	L_Trg_Inj 3.1198e-01 (3.5102e-01)	Loss Disc 6.9123e-01 (6.8441e-01)	Loss Pred 6.3058e-01 (6.5749e-01)	Loss TOTAL 1.0538e+00 (1.0604e+00)
Epoch: [3][290/313]	L_Src_Sup 1.8767e-01 (2.0711e-01)	L_Trg_Inj 2.3387e-01 (3.4899e-01)	Loss Disc 6.9351e-01 (6.8463e-01)	Loss Pred 6.1467e-01 (6.5599e-01)	Loss TOTAL 1.0036e+00 (1.0586e+00)
Epoch: [3][300/313]	L_Src_Sup 1.5413e-01 (2.0722e-01)	L_Trg_Inj 3.8381e-01 (3.4787e-01)	Loss Disc 6.8454e-01 (6.8476e-01)	Loss Pred 6.3027e-01 (6.5518e-01)	Loss TOTAL 1.0263e+00 (1.0577e+00)
Epoch: [3][310/313]	L_Src_Sup 3.3011e-01 (2.0763e-01)	L_Trg_Inj 3.5825e-01 (3.4536e-01)	Loss Disc 6.8969e-01 (6.8496e-01)	Loss Pred 6.2829e-01 (6.5410e-01)	Loss TOTAL 1.0420e+00 (1.0567e+00)
Epoch: [3][313/313]	L_Src_Sup 1.3355e-01 (2.0705e-01)	L_Trg_Inj 3.5258e-01 (3.4477e-01)	Loss Disc 6.8830e-01 (6.8502e-01)	Loss Pred 6.3136e-01 (6.5383e-01)	Loss TOTAL 1.0241e+00 (1.0563e+00)
Epoch 3 complete. Saving model state...
Epoch: [4][ 10/313]	L_Src_Sup 1.2928e-01 (1.9874e-01)	L_Trg_Inj 2.3021e-01 (2.5792e-01)	Loss Disc 6.7550e-01 (6.8493e-01)	Loss Pred 6.1984e-01 (6.1838e-01)	Loss TOTAL 9.9354e-01 (1.0158e+00)
Epoch: [4][ 20/313]	L_Src_Sup 2.4707e-01 (2.0849e-01)	L_Trg_Inj 1.8355e-01 (2.6982e-01)	Loss Disc 6.9275e-01 (6.8660e-01)	Loss Pred 6.3524e-01 (6.1693e-01)	Loss TOTAL 1.0882e+00 (1.0184e+00)
Epoch: [4][ 30/313]	L_Src_Sup 1.9272e-01 (1.9952e-01)	L_Trg_Inj 2.9513e-01 (2.8021e-01)	Loss Disc 6.8965e-01 (6.8797e-01)	Loss Pred 6.1119e-01 (6.1617e-01)	Loss TOTAL 1.0048e+00 (1.0150e+00)
Epoch: [4][ 40/313]	L_Src_Sup 2.2158e-01 (1.9317e-01)	L_Trg_Inj 2.7068e-01 (2.8069e-01)	Loss Disc 6.9723e-01 (6.8872e-01)	Loss Pred 5.8720e-01 (6.1576e-01)	Loss TOTAL 9.8504e-01 (1.0127e+00)
Epoch: [4][ 50/313]	L_Src_Sup 2.8790e-01 (1.9988e-01)	L_Trg_Inj 2.4978e-01 (2.8369e-01)	Loss Disc 6.9686e-01 (6.8918e-01)	Loss Pred 5.8490e-01 (6.1447e-01)	Loss TOTAL 1.0252e+00 (1.0123e+00)
Epoch: [4][ 60/313]	L_Src_Sup 2.0506e-01 (1.9685e-01)	L_Trg_Inj 1.8396e-01 (2.9020e-01)	Loss Disc 6.9372e-01 (6.8925e-01)	Loss Pred 5.9036e-01 (6.1172e-01)	Loss TOTAL 9.9722e-01 (1.0102e+00)
Epoch: [4][ 70/313]	L_Src_Sup 1.6507e-01 (1.9576e-01)	L_Trg_Inj 2.9539e-01 (2.9185e-01)	Loss Disc 6.8936e-01 (6.8929e-01)	Loss Pred 5.9232e-01 (6.1085e-01)	Loss TOTAL 9.8304e-01 (1.0087e+00)
Epoch: [4][ 80/313]	L_Src_Sup 2.2502e-01 (1.9204e-01)	L_Trg_Inj 2.7816e-01 (2.9366e-01)	Loss Disc 6.9188e-01 (6.8923e-01)	Loss Pred 5.8679e-01 (6.1059e-01)	Loss TOTAL 9.8305e-01 (1.0076e+00)
Epoch: [4][ 90/313]	L_Src_Sup 1.2834e-01 (1.9336e-01)	L_Trg_Inj 3.7115e-01 (2.9459e-01)	Loss Disc 6.8436e-01 (6.8930e-01)	Loss Pred 6.6404e-01 (6.1153e-01)	Loss TOTAL 1.0562e+00 (1.0096e+00)
Epoch: [4][100/313]	L_Src_Sup 2.4092e-01 (1.9416e-01)	L_Trg_Inj 2.7940e-01 (2.9297e-01)	Loss Disc 6.9048e-01 (6.8944e-01)	Loss Pred 6.0782e-01 (6.1133e-01)	Loss TOTAL 1.0051e+00 (1.0089e+00)
Epoch: [4][110/313]	L_Src_Sup 2.8307e-01 (1.9481e-01)	L_Trg_Inj 2.6299e-01 (2.9435e-01)	Loss Disc 6.9151e-01 (6.8943e-01)	Loss Pred 6.0646e-01 (6.1137e-01)	Loss TOTAL 1.0269e+00 (1.0090e+00)
Epoch: [4][120/313]	L_Src_Sup 2.5302e-01 (1.9428e-01)	L_Trg_Inj 2.6385e-01 (2.9263e-01)	Loss Disc 6.8857e-01 (6.8951e-01)	Loss Pred 5.9341e-01 (6.1049e-01)	Loss TOTAL 9.8939e-01 (1.0083e+00)
Epoch: [4][130/313]	L_Src_Sup 3.1740e-01 (1.9387e-01)	L_Trg_Inj 2.0005e-01 (2.9257e-01)	Loss Disc 6.9264e-01 (6.8956e-01)	Loss Pred 5.9228e-01 (6.1025e-01)	Loss TOTAL 1.1077e+00 (1.0086e+00)
Epoch: [4][140/313]	L_Src_Sup 2.1606e-01 (1.9449e-01)	L_Trg_Inj 3.1104e-01 (2.9308e-01)	Loss Disc 6.9146e-01 (6.8961e-01)	Loss Pred 5.9918e-01 (6.0940e-01)	Loss TOTAL 9.9762e-01 (1.0077e+00)
Epoch: [4][150/313]	L_Src_Sup 2.0874e-01 (1.9597e-01)	L_Trg_Inj 2.4538e-01 (2.9136e-01)	Loss Disc 6.9129e-01 (6.8973e-01)	Loss Pred 5.8610e-01 (6.0860e-01)	Loss TOTAL 9.7715e-01 (1.0077e+00)
Epoch: [4][160/313]	L_Src_Sup 1.8794e-01 (1.9665e-01)	L_Trg_Inj 3.2599e-01 (2.9091e-01)	Loss Disc 6.9003e-01 (6.8979e-01)	Loss Pred 5.8503e-01 (6.0756e-01)	Loss TOTAL 9.8144e-01 (1.0069e+00)
Epoch: [4][170/313]	L_Src_Sup 2.2765e-01 (1.9732e-01)	L_Trg_Inj 1.7135e-01 (2.8847e-01)	Loss Disc 6.8949e-01 (6.8987e-01)	Loss Pred 6.1681e-01 (6.0690e-01)	Loss TOTAL 1.0578e+00 (1.0067e+00)
Epoch: [4][180/313]	L_Src_Sup 1.6011e-01 (1.9659e-01)	L_Trg_Inj 2.4954e-01 (2.8622e-01)	Loss Disc 6.9195e-01 (6.8995e-01)	Loss Pred 5.6687e-01 (6.0595e-01)	Loss TOTAL 9.5381e-01 (1.0053e+00)
Epoch: [4][190/313]	L_Src_Sup 1.5068e-01 (1.9838e-01)	L_Trg_Inj 3.4299e-01 (2.8828e-01)	Loss Disc 6.9231e-01 (6.8993e-01)	Loss Pred 5.9502e-01 (6.0552e-01)	Loss TOTAL 9.9054e-01 (1.0052e+00)
Epoch: [4][200/313]	L_Src_Sup 2.3701e-01 (1.9850e-01)	L_Trg_Inj 2.9630e-01 (2.8894e-01)	Loss Disc 6.9264e-01 (6.8998e-01)	Loss Pred 5.5714e-01 (6.0442e-01)	Loss TOTAL 9.5679e-01 (1.0040e+00)
Epoch: [4][210/313]	L_Src_Sup 2.2038e-01 (2.0127e-01)	L_Trg_Inj 2.9981e-01 (2.8965e-01)	Loss Disc 6.7831e-01 (6.8971e-01)	Loss Pred 6.0254e-01 (6.0426e-01)	Loss TOTAL 9.9371e-01 (1.0052e+00)
Epoch: [4][220/313]	L_Src_Sup 1.6468e-01 (2.0365e-01)	L_Trg_Inj 5.0563e-01 (2.9953e-01)	Loss Disc 6.7113e-01 (6.8901e-01)	Loss Pred 5.7416e-01 (6.0349e-01)	Loss TOTAL 9.7676e-01 (1.0052e+00)
Epoch: [4][230/313]	L_Src_Sup 2.4050e-01 (2.0369e-01)	L_Trg_Inj 5.2906e-01 (3.1014e-01)	Loss Disc 6.7011e-01 (6.8792e-01)	Loss Pred 5.9785e-01 (6.0337e-01)	Loss TOTAL 1.0099e+00 (1.0053e+00)
Epoch: [4][240/313]	L_Src_Sup 2.3050e-01 (2.0412e-01)	L_Trg_Inj 5.1907e-01 (3.2121e-01)	Loss Disc 6.5850e-01 (6.8703e-01)	Loss Pred 6.2667e-01 (6.0273e-01)	Loss TOTAL 1.0309e+00 (1.0051e+00)
Epoch: [4][250/313]	L_Src_Sup 2.3219e-01 (2.0302e-01)	L_Trg_Inj 5.2140e-01 (3.3120e-01)	Loss Disc 6.6436e-01 (6.8619e-01)	Loss Pred 5.8438e-01 (6.0184e-01)	Loss TOTAL 9.9192e-01 (1.0044e+00)
Epoch: [4][260/313]	L_Src_Sup 1.2183e-01 (2.0329e-01)	L_Trg_Inj 5.0783e-01 (3.3945e-01)	Loss Disc 6.6721e-01 (6.8527e-01)	Loss Pred 5.9679e-01 (6.0155e-01)	Loss TOTAL 9.9336e-01 (1.0043e+00)
Epoch: [4][270/313]	L_Src_Sup 1.8788e-01 (2.0298e-01)	L_Trg_Inj 4.8661e-01 (3.3983e-01)	Loss Disc 6.6760e-01 (6.8450e-01)	Loss Pred 5.8063e-01 (6.0092e-01)	Loss TOTAL 9.8188e-01 (1.0034e+00)
Epoch: [4][280/313]	L_Src_Sup 3.1834e-01 (2.0362e-01)	L_Trg_Inj 3.0034e-01 (3.3997e-01)	Loss Disc 6.5173e-01 (6.8371e-01)	Loss Pred 6.0906e-01 (6.0065e-01)	Loss TOTAL 1.0148e+00 (1.0030e+00)
Epoch: [4][290/313]	L_Src_Sup 1.4438e-01 (2.0418e-01)	L_Trg_Inj 3.4793e-01 (3.4366e-01)	Loss Disc 6.7213e-01 (6.8302e-01)	Loss Pred 5.7554e-01 (6.0048e-01)	Loss TOTAL 9.6084e-01 (1.0029e+00)
Epoch: [4][300/313]	L_Src_Sup 1.8103e-01 (2.0442e-01)	L_Trg_Inj 2.5528e-01 (3.4192e-01)	Loss Disc 6.5516e-01 (6.8253e-01)	Loss Pred 6.0039e-01 (5.9982e-01)	Loss TOTAL 9.7160e-01 (1.0016e+00)
Epoch: [4][310/313]	L_Src_Sup 1.0990e-01 (2.0354e-01)	L_Trg_Inj 2.4439e-01 (3.3942e-01)	Loss Disc 6.5039e-01 (6.8204e-01)	Loss Pred 6.0042e-01 (5.9931e-01)	Loss TOTAL 9.6104e-01 (1.0006e+00)
Epoch: [4][313/313]	L_Src_Sup 2.5812e-01 (2.0348e-01)	L_Trg_Inj 2.8198e-01 (3.3893e-01)	Loss Disc 6.7044e-01 (6.8190e-01)	Loss Pred 5.9191e-01 (5.9933e-01)	Loss TOTAL 9.8114e-01 (1.0004e+00)
Epoch 4 complete. Saving model state...
Epoch: [5][ 10/313]	L_Src_Sup 2.4495e-01 (2.0965e-01)	L_Trg_Inj 3.0949e-01 (3.1790e-01)	Loss Disc 6.7718e-01 (6.6025e-01)	Loss Pred 5.7167e-01 (5.9927e-01)	Loss TOTAL 9.6571e-01 (9.8283e-01)
Epoch: [5][ 20/313]	L_Src_Sup 3.3340e-01 (2.0168e-01)	L_Trg_Inj 1.9546e-01 (3.0207e-01)	Loss Disc 6.6661e-01 (6.6280e-01)	Loss Pred 6.0385e-01 (5.9509e-01)	Loss TOTAL 1.1280e+00 (9.8410e-01)
Epoch: [5][ 30/313]	L_Src_Sup 2.2410e-01 (2.0215e-01)	L_Trg_Inj 3.3415e-01 (2.9440e-01)	Loss Disc 6.5880e-01 (6.6432e-01)	Loss Pred 5.9153e-01 (5.8959e-01)	Loss TOTAL 9.7676e-01 (9.7887e-01)
Epoch: [5][ 40/313]	L_Src_Sup 2.1058e-01 (2.0354e-01)	L_Trg_Inj 2.4715e-01 (2.8651e-01)	Loss Disc 6.6195e-01 (6.6522e-01)	Loss Pred 5.8337e-01 (5.8733e-01)	Loss TOTAL 9.6012e-01 (9.7553e-01)
Epoch: [5][ 50/313]	L_Src_Sup 2.8050e-01 (2.0639e-01)	L_Trg_Inj 2.1792e-01 (2.8055e-01)	Loss Disc 6.4721e-01 (6.6463e-01)	Loss Pred 5.9149e-01 (5.9026e-01)	Loss TOTAL 1.0275e+00 (9.7867e-01)
Epoch: [5][ 60/313]	L_Src_Sup 1.0530e-01 (2.1253e-01)	L_Trg_Inj 2.6553e-01 (2.8263e-01)	Loss Disc 6.6845e-01 (6.6450e-01)	Loss Pred 5.8338e-01 (5.9075e-01)	Loss TOTAL 9.5469e-01 (9.8181e-01)
Epoch: [5][ 70/313]	L_Src_Sup 2.1745e-01 (2.1195e-01)	L_Trg_Inj 2.7465e-01 (2.8897e-01)	Loss Disc 6.5974e-01 (6.6349e-01)	Loss Pred 5.9534e-01 (5.9147e-01)	Loss TOTAL 9.7442e-01 (9.8128e-01)
Epoch: [5][ 80/313]	L_Src_Sup 1.2504e-01 (2.1161e-01)	L_Trg_Inj 2.2995e-01 (2.8696e-01)	Loss Disc 6.6553e-01 (6.6374e-01)	Loss Pred 5.7951e-01 (5.9133e-01)	Loss TOTAL 9.4777e-01 (9.8078e-01)
Epoch: [5][ 90/313]	L_Src_Sup 2.3540e-01 (2.1478e-01)	L_Trg_Inj 4.2034e-01 (2.8576e-01)	Loss Disc 6.7146e-01 (6.6393e-01)	Loss Pred 5.5621e-01 (5.9093e-01)	Loss TOTAL 9.5751e-01 (9.8224e-01)
Epoch: [5][100/313]	L_Src_Sup 1.3335e-01 (2.1210e-01)	L_Trg_Inj 2.0056e-01 (2.8459e-01)	Loss Disc 6.5691e-01 (6.6402e-01)	Loss Pred 6.0267e-01 (5.9106e-01)	Loss TOTAL 9.6452e-01 (9.8128e-01)
Epoch: [5][110/313]	L_Src_Sup 2.7670e-01 (2.1003e-01)	L_Trg_Inj 2.8007e-01 (2.8634e-01)	Loss Disc 6.6724e-01 (6.6429e-01)	Loss Pred 5.8719e-01 (5.9036e-01)	Loss TOTAL 9.7649e-01 (9.8035e-01)
Epoch: [5][120/313]	L_Src_Sup 1.6542e-01 (2.0898e-01)	L_Trg_Inj 2.9482e-01 (2.8742e-01)	Loss Disc 6.7860e-01 (6.6421e-01)	Loss Pred 5.7580e-01 (5.9112e-01)	Loss TOTAL 9.6112e-01 (9.8157e-01)
Epoch: [5][130/313]	L_Src_Sup 1.7212e-01 (2.0990e-01)	L_Trg_Inj 3.5936e-01 (2.8755e-01)	Loss Disc 6.7265e-01 (6.6384e-01)	Loss Pred 5.9096e-01 (5.9189e-01)	Loss TOTAL 9.8044e-01 (9.8211e-01)
Epoch: [5][140/313]	L_Src_Sup 2.0118e-01 (2.1270e-01)	L_Trg_Inj 3.4546e-01 (2.9353e-01)	Loss Disc 6.7028e-01 (6.6404e-01)	Loss Pred 5.7693e-01 (5.9200e-01)	Loss TOTAL 9.6674e-01 (9.8366e-01)
Epoch: [5][150/313]	L_Src_Sup 3.6135e-01 (2.1714e-01)	L_Trg_Inj 6.5787e-01 (3.0237e-01)	Loss Disc 6.6535e-01 (6.6410e-01)	Loss Pred 5.9429e-01 (5.9185e-01)	Loss TOTAL 1.0289e+00 (9.8542e-01)
Epoch: [5][160/313]	L_Src_Sup 2.5634e-01 (2.2060e-01)	L_Trg_Inj 5.7926e-01 (3.2141e-01)	Loss Disc 6.6983e-01 (6.6423e-01)	Loss Pred 5.9089e-01 (5.9180e-01)	Loss TOTAL 1.0094e+00 (9.8708e-01)
Epoch: [5][170/313]	L_Src_Sup 1.3984e-01 (2.2071e-01)	L_Trg_Inj 5.9318e-01 (3.3464e-01)	Loss Disc 6.4808e-01 (6.6407e-01)	Loss Pred 6.1723e-01 (5.9173e-01)	Loss TOTAL 1.0146e+00 (9.8774e-01)
Epoch: [5][180/313]	L_Src_Sup 1.5065e-01 (2.1838e-01)	L_Trg_Inj 7.0201e-01 (3.4934e-01)	Loss Disc 6.5590e-01 (6.6417e-01)	Loss Pred 5.9084e-01 (5.9124e-01)	Loss TOTAL 1.0041e+00 (9.8807e-01)
Epoch: [5][190/313]	L_Src_Sup 1.2659e-01 (2.1822e-01)	L_Trg_Inj 6.2313e-01 (3.6359e-01)	Loss Disc 6.6546e-01 (6.6428e-01)	Loss Pred 5.6426e-01 (5.9029e-01)	Loss TOTAL 9.7196e-01 (9.8816e-01)
Epoch: [5][200/313]	L_Src_Sup 1.4049e-01 (2.1767e-01)	L_Trg_Inj 5.4869e-01 (3.7232e-01)	Loss Disc 6.5592e-01 (6.6418e-01)	Loss Pred 5.9093e-01 (5.9023e-01)	Loss TOTAL 9.8781e-01 (9.8849e-01)
Epoch: [5][210/313]	L_Src_Sup 1.2506e-01 (2.1784e-01)	L_Trg_Inj 6.6233e-01 (3.8078e-01)	Loss Disc 6.7854e-01 (6.6415e-01)	Loss Pred 5.7956e-01 (5.9032e-01)	Loss TOTAL 9.9757e-01 (9.8908e-01)
Epoch: [5][220/313]	L_Src_Sup 3.6639e-01 (2.1845e-01)	L_Trg_Inj 2.8532e-01 (3.8125e-01)	Loss Disc 6.5497e-01 (6.6413e-01)	Loss Pred 6.3273e-01 (5.9027e-01)	Loss TOTAL 1.1065e+00 (9.8919e-01)
Epoch: [5][230/313]	L_Src_Sup 1.6248e-01 (2.1732e-01)	L_Trg_Inj 5.9213e-01 (3.8050e-01)	Loss Disc 6.6929e-01 (6.6428e-01)	Loss Pred 5.6825e-01 (5.8994e-01)	Loss TOTAL 9.7835e-01 (9.8885e-01)
Epoch: [5][240/313]	L_Src_Sup 1.8613e-01 (2.1820e-01)	L_Trg_Inj 2.6558e-01 (3.8185e-01)	Loss Disc 6.8416e-01 (6.6476e-01)	Loss Pred 6.1841e-01 (5.8976e-01)	Loss TOTAL 1.0057e+00 (9.8884e-01)
Epoch: [5][250/313]	L_Src_Sup 1.9573e-01 (2.1749e-01)	L_Trg_Inj 2.2124e-01 (3.7695e-01)	Loss Disc 6.9656e-01 (6.6606e-01)	Loss Pred 5.5404e-01 (5.8941e-01)	Loss TOTAL 9.4402e-01 (9.8849e-01)
Epoch: [5][260/313]	L_Src_Sup 2.0197e-01 (2.1750e-01)	L_Trg_Inj 3.1289e-01 (3.7405e-01)	Loss Disc 6.8925e-01 (6.6666e-01)	Loss Pred 5.6559e-01 (5.8971e-01)	Loss TOTAL 9.6170e-01 (9.8867e-01)
Epoch: [5][270/313]	L_Src_Sup 1.8005e-01 (2.1698e-01)	L_Trg_Inj 2.6471e-01 (3.7016e-01)	Loss Disc 6.8689e-01 (6.6750e-01)	Loss Pred 6.1020e-01 (5.9002e-01)	Loss TOTAL 9.9812e-01 (9.8914e-01)
Epoch: [5][280/313]	L_Src_Sup 1.3192e-01 (2.1620e-01)	L_Trg_Inj 1.8666e-01 (3.6665e-01)	Loss Disc 6.9073e-01 (6.6841e-01)	Loss Pred 5.9841e-01 (5.9020e-01)	Loss TOTAL 9.7563e-01 (9.8922e-01)
Epoch: [5][290/313]	L_Src_Sup 2.1296e-01 (2.1673e-01)	L_Trg_Inj 2.1739e-01 (3.6372e-01)	Loss Disc 6.9266e-01 (6.6922e-01)	Loss Pred 5.8719e-01 (5.9001e-01)	Loss TOTAL 9.7656e-01 (9.8898e-01)
Epoch: [5][300/313]	L_Src_Sup 1.5830e-01 (2.1629e-01)	L_Trg_Inj 3.2152e-01 (3.6187e-01)	Loss Disc 6.9104e-01 (6.6986e-01)	Loss Pred 5.9826e-01 (5.9004e-01)	Loss TOTAL 9.9177e-01 (9.8911e-01)
Epoch: [5][310/313]	L_Src_Sup 9.0186e-02 (2.1509e-01)	L_Trg_Inj 3.6471e-01 (3.6003e-01)	Loss Disc 6.8656e-01 (6.7044e-01)	Loss Pred 6.0566e-01 (5.9009e-01)	Loss TOTAL 9.9443e-01 (9.8894e-01)
Epoch: [5][313/313]	L_Src_Sup 1.6163e-01 (2.1499e-01)	L_Trg_Inj 2.4459e-01 (3.5896e-01)	Loss Disc 6.8967e-01 (6.7063e-01)	Loss Pred 6.1299e-01 (5.9017e-01)	Loss TOTAL 9.9844e-01 (9.8894e-01)
Epoch 5 complete. Saving model state...
Epoch: [6][ 10/313]	L_Src_Sup 1.4394e-01 (2.6125e-01)	L_Trg_Inj 2.7524e-01 (3.2570e-01)	Loss Disc 6.8740e-01 (6.8975e-01)	Loss Pred 6.2509e-01 (5.9015e-01)	Loss TOTAL 1.0107e+00 (1.0193e+00)
Epoch: [6][ 20/313]	L_Src_Sup 2.6150e-01 (2.4366e-01)	L_Trg_Inj 2.9554e-01 (3.1902e-01)	Loss Disc 6.6973e-01 (6.8253e-01)	Loss Pred 6.0351e-01 (5.9440e-01)	Loss TOTAL 9.9408e-01 (1.0143e+00)
Epoch: [6][ 30/313]	L_Src_Sup 1.7065e-01 (2.2811e-01)	L_Trg_Inj 2.3378e-01 (3.0512e-01)	Loss Disc 6.7605e-01 (6.8177e-01)	Loss Pred 5.9540e-01 (5.9217e-01)	Loss TOTAL 9.7387e-01 (1.0020e+00)
Epoch: [6][ 40/313]	L_Src_Sup 1.3654e-01 (2.1664e-01)	L_Trg_Inj 3.7428e-01 (3.0932e-01)	Loss Disc 6.9777e-01 (6.8257e-01)	Loss Pred 5.5531e-01 (5.9295e-01)	Loss TOTAL 9.5528e-01 (1.0004e+00)
Epoch: [6][ 50/313]	L_Src_Sup 2.3453e-01 (2.1316e-01)	L_Trg_Inj 2.1494e-01 (3.0567e-01)	Loss Disc 6.9475e-01 (6.8375e-01)	Loss Pred 5.8737e-01 (5.9345e-01)	Loss TOTAL 9.9928e-01 (9.9915e-01)
Epoch: [6][ 60/313]	L_Src_Sup 1.8614e-01 (2.1404e-01)	L_Trg_Inj 3.2214e-01 (3.0071e-01)	Loss Disc 6.8776e-01 (6.8487e-01)	Loss Pred 6.1571e-01 (5.9362e-01)	Loss TOTAL 1.0104e+00 (1.0002e+00)
Epoch: [6][ 70/313]	L_Src_Sup 1.6333e-01 (2.1395e-01)	L_Trg_Inj 3.0782e-01 (3.0205e-01)	Loss Disc 6.8207e-01 (6.8472e-01)	Loss Pred 5.7334e-01 (5.9325e-01)	Loss TOTAL 9.6149e-01 (9.9994e-01)
Epoch: [6][ 80/313]	L_Src_Sup 2.6092e-01 (2.1454e-01)	L_Trg_Inj 2.1836e-01 (2.9968e-01)	Loss Disc 6.9181e-01 (6.8534e-01)	Loss Pred 5.9436e-01 (5.9239e-01)	Loss TOTAL 1.0307e+00 (1.0003e+00)
Epoch: [6][ 90/313]	L_Src_Sup 1.9357e-01 (2.1301e-01)	L_Trg_Inj 3.8929e-01 (2.9680e-01)	Loss Disc 6.8772e-01 (6.8589e-01)	Loss Pred 5.9077e-01 (5.9241e-01)	Loss TOTAL 9.9292e-01 (9.9971e-01)
Epoch: [6][100/313]	L_Src_Sup 1.3863e-01 (2.0766e-01)	L_Trg_Inj 3.5884e-01 (2.9475e-01)	Loss Disc 6.8952e-01 (6.8641e-01)	Loss Pred 5.6276e-01 (5.9219e-01)	Loss TOTAL 9.5727e-01 (9.9784e-01)
Epoch: [6][110/313]	L_Src_Sup 1.6163e-01 (2.0558e-01)	L_Trg_Inj 5.1458e-01 (2.9688e-01)	Loss Disc 6.8760e-01 (6.8672e-01)	Loss Pred 5.6950e-01 (5.9151e-01)	Loss TOTAL 9.8092e-01 (9.9677e-01)
Epoch: [6][120/313]	L_Src_Sup 2.5808e-01 (2.0451e-01)	L_Trg_Inj 2.0274e-01 (2.9433e-01)	Loss Disc 6.9170e-01 (6.8704e-01)	Loss Pred 5.9073e-01 (5.9116e-01)	Loss TOTAL 1.0380e+00 (9.9662e-01)
Epoch: [6][130/313]	L_Src_Sup 1.2904e-01 (2.0735e-01)	L_Trg_Inj 2.9212e-01 (2.9527e-01)	Loss Disc 6.9019e-01 (6.8714e-01)	Loss Pred 5.9074e-01 (5.9161e-01)	Loss TOTAL 9.7795e-01 (9.9797e-01)
Epoch: [6][140/313]	L_Src_Sup 2.1179e-01 (2.0651e-01)	L_Trg_Inj 2.6458e-01 (2.9535e-01)	Loss Disc 6.8983e-01 (6.8738e-01)	Loss Pred 6.1961e-01 (5.9079e-01)	Loss TOTAL 1.0122e+00 (9.9658e-01)
Epoch: [6][150/313]	L_Src_Sup 6.9771e-02 (2.0626e-01)	L_Trg_Inj 3.2765e-01 (2.9349e-01)	Loss Disc 6.8916e-01 (6.8759e-01)	Loss Pred 6.1618e-01 (5.9038e-01)	Loss TOTAL 1.0005e+00 (9.9582e-01)
Epoch: [6][160/313]	L_Src_Sup 1.0753e-01 (2.0488e-01)	L_Trg_Inj 2.8098e-01 (2.9480e-01)	Loss Disc 6.9005e-01 (6.8775e-01)	Loss Pred 6.0723e-01 (5.9023e-01)	Loss TOTAL 9.9111e-01 (9.9502e-01)
Epoch: [6][170/313]	L_Src_Sup 1.8183e-01 (2.0618e-01)	L_Trg_Inj 3.4338e-01 (2.9334e-01)	Loss Disc 6.8969e-01 (6.8795e-01)	Loss Pred 6.0910e-01 (5.8977e-01)	Loss TOTAL 1.0065e+00 (9.9496e-01)
Epoch: [6][180/313]	L_Src_Sup 1.3187e-01 (2.0563e-01)	L_Trg_Inj 3.4336e-01 (2.9219e-01)	Loss Disc 6.8932e-01 (6.8809e-01)	Loss Pred 5.9807e-01 (5.8962e-01)	Loss TOTAL 9.9025e-01 (9.9478e-01)
Epoch: [6][190/313]	L_Src_Sup 2.2960e-01 (2.0580e-01)	L_Trg_Inj 2.0291e-01 (2.9339e-01)	Loss Disc 6.9219e-01 (6.8816e-01)	Loss Pred 5.5780e-01 (5.8951e-01)	Loss TOTAL 9.7384e-01 (9.9438e-01)
Epoch: [6][200/313]	L_Src_Sup 2.5271e-01 (2.0635e-01)	L_Trg_Inj 3.4358e-01 (2.9284e-01)	Loss Disc 6.9215e-01 (6.8824e-01)	Loss Pred 5.8333e-01 (5.8888e-01)	Loss TOTAL 9.8903e-01 (9.9329e-01)
Epoch: [6][210/313]	L_Src_Sup 1.0310e-01 (2.0503e-01)	L_Trg_Inj 3.4352e-01 (2.9179e-01)	Loss Disc 6.9261e-01 (6.8830e-01)	Loss Pred 5.7590e-01 (5.8907e-01)	Loss TOTAL 9.6686e-01 (9.9379e-01)
Epoch: [6][220/313]	L_Src_Sup 2.2683e-01 (2.0501e-01)	L_Trg_Inj 2.9657e-01 (2.9132e-01)	Loss Disc 6.9376e-01 (6.8836e-01)	Loss Pred 5.7913e-01 (5.8941e-01)	Loss TOTAL 9.7835e-01 (9.9415e-01)
Epoch: [6][230/313]	L_Src_Sup 6.5220e-02 (2.0393e-01)	L_Trg_Inj 4.0580e-01 (2.9258e-01)	Loss Disc 6.8802e-01 (6.8839e-01)	Loss Pred 5.9425e-01 (5.8975e-01)	Loss TOTAL 9.8536e-01 (9.9417e-01)
Epoch: [6][240/313]	L_Src_Sup 1.7823e-01 (2.0310e-01)	L_Trg_Inj 2.8276e-01 (2.9273e-01)	Loss Disc 6.9170e-01 (6.8845e-01)	Loss Pred 5.6211e-01 (5.8979e-01)	Loss TOTAL 9.5406e-01 (9.9373e-01)
Epoch: [6][250/313]	L_Src_Sup 1.6471e-01 (2.0236e-01)	L_Trg_Inj 2.6537e-01 (2.9195e-01)	Loss Disc 6.8976e-01 (6.8855e-01)	Loss Pred 6.1947e-01 (5.8967e-01)	Loss TOTAL 1.0074e+00 (9.9314e-01)
Epoch: [6][260/313]	L_Src_Sup 1.3637e-01 (2.0272e-01)	L_Trg_Inj 2.9080e-01 (2.9214e-01)	Loss Disc 6.8875e-01 (6.8857e-01)	Loss Pred 6.0833e-01 (5.9002e-01)	Loss TOTAL 9.9542e-01 (9.9339e-01)
Epoch: [6][270/313]	L_Src_Sup 1.4584e-01 (2.0227e-01)	L_Trg_Inj 2.9651e-01 (2.9063e-01)	Loss Disc 6.8919e-01 (6.8867e-01)	Loss Pred 5.8008e-01 (5.8997e-01)	Loss TOTAL 9.6891e-01 (9.9295e-01)
Epoch: [6][280/313]	L_Src_Sup 2.5491e-01 (2.0247e-01)	L_Trg_Inj 2.8095e-01 (2.8999e-01)	Loss Disc 6.9305e-01 (6.8875e-01)	Loss Pred 5.5884e-01 (5.8989e-01)	Loss TOTAL 9.5895e-01 (9.9286e-01)
Epoch: [6][290/313]	L_Src_Sup 1.8000e-01 (2.0179e-01)	L_Trg_Inj 3.2757e-01 (2.8996e-01)	Loss Disc 6.9088e-01 (6.8880e-01)	Loss Pred 5.6567e-01 (5.8963e-01)	Loss TOTAL 9.6187e-01 (9.9224e-01)
Epoch: [6][300/313]	L_Src_Sup 2.7921e-01 (2.0201e-01)	L_Trg_Inj 2.9651e-01 (2.8999e-01)	Loss Disc 6.8979e-01 (6.8886e-01)	Loss Pred 5.9065e-01 (5.8957e-01)	Loss TOTAL 9.9312e-01 (9.9194e-01)
Epoch: [6][310/313]	L_Src_Sup 1.4145e-01 (2.0223e-01)	L_Trg_Inj 2.8033e-01 (2.9053e-01)	Loss Disc 6.9147e-01 (6.8890e-01)	Loss Pred 5.6919e-01 (5.8928e-01)	Loss TOTAL 9.5710e-01 (9.9153e-01)
Epoch: [6][313/313]	L_Src_Sup 1.6094e-01 (2.0168e-01)	L_Trg_Inj 3.1184e-01 (2.9044e-01)	Loss Disc 6.8929e-01 (6.8891e-01)	Loss Pred 6.1250e-01 (5.8943e-01)	Loss TOTAL 1.0044e+00 (9.9153e-01)
Epoch 6 complete. Saving model state...
Epoch: [7][ 10/313]	L_Src_Sup 2.4491e-01 (1.9835e-01)	L_Trg_Inj 3.7424e-01 (3.2237e-01)	Loss Disc 6.9002e-01 (6.8986e-01)	Loss Pred 5.7249e-01 (5.8449e-01)	Loss TOTAL 9.7941e-01 (9.8182e-01)
Epoch: [7][ 20/313]	L_Src_Sup 1.7205e-01 (2.0959e-01)	L_Trg_Inj 2.6106e-01 (3.0489e-01)	Loss Disc 6.9004e-01 (6.9006e-01)	Loss Pred 5.9068e-01 (5.8246e-01)	Loss TOTAL 9.7901e-01 (9.8144e-01)
Epoch: [7][ 30/313]	L_Src_Sup 1.8942e-01 (2.0336e-01)	L_Trg_Inj 2.7657e-01 (2.9811e-01)	Loss Disc 6.9027e-01 (6.9010e-01)	Loss Pred 5.8345e-01 (5.8672e-01)	Loss TOTAL 9.7518e-01 (9.8480e-01)
Epoch: [7][ 40/313]	L_Src_Sup 9.4120e-02 (2.0421e-01)	L_Trg_Inj 2.8337e-01 (2.8856e-01)	Loss Disc 6.8719e-01 (6.9008e-01)	Loss Pred 6.1937e-01 (5.8997e-01)	Loss TOTAL 1.0007e+00 (9.8946e-01)
Epoch: [7][ 50/313]	L_Src_Sup 2.2917e-01 (2.0078e-01)	L_Trg_Inj 2.9623e-01 (2.8746e-01)	Loss Disc 6.9006e-01 (6.9014e-01)	Loss Pred 5.8001e-01 (5.9067e-01)	Loss TOTAL 9.7758e-01 (9.8871e-01)
Epoch: [7][ 60/313]	L_Src_Sup 1.8951e-01 (2.0813e-01)	L_Trg_Inj 2.9303e-01 (2.8429e-01)	Loss Disc 6.8963e-01 (6.9018e-01)	Loss Pred 5.8360e-01 (5.9096e-01)	Loss TOTAL 9.7666e-01 (9.9373e-01)
Epoch: [7][ 70/313]	L_Src_Sup 1.6495e-01 (2.0953e-01)	L_Trg_Inj 2.8109e-01 (2.8507e-01)	Loss Disc 6.9129e-01 (6.9003e-01)	Loss Pred 5.7664e-01 (5.9127e-01)	Loss TOTAL 9.6689e-01 (9.9537e-01)
Epoch: [7][ 80/313]	L_Src_Sup 2.3657e-01 (2.0947e-01)	L_Trg_Inj 2.9667e-01 (2.8710e-01)	Loss Disc 6.9046e-01 (6.8997e-01)	Loss Pred 5.9058e-01 (5.9146e-01)	Loss TOTAL 9.8914e-01 (9.9574e-01)
Epoch: [7][ 90/313]	L_Src_Sup 2.1740e-01 (2.0781e-01)	L_Trg_Inj 3.4355e-01 (2.8866e-01)	Loss Disc 6.8786e-01 (6.8995e-01)	Loss Pred 5.9406e-01 (5.9105e-01)	Loss TOTAL 9.9409e-01 (9.9426e-01)
Epoch: [7][100/313]	L_Src_Sup 1.6162e-01 (2.1030e-01)	L_Trg_Inj 2.9671e-01 (2.9161e-01)	Loss Disc 6.9154e-01 (6.9000e-01)	Loss Pred 5.6930e-01 (5.8995e-01)	Loss TOTAL 9.6090e-01 (9.9312e-01)
Epoch: [7][110/313]	L_Src_Sup 1.6844e-01 (2.0940e-01)	L_Trg_Inj 2.1860e-01 (2.9294e-01)	Loss Disc 6.9182e-01 (6.9002e-01)	Loss Pred 5.8582e-01 (5.8916e-01)	Loss TOTAL 9.7043e-01 (9.9166e-01)
Epoch: [7][120/313]	L_Src_Sup 1.7778e-01 (2.1053e-01)	L_Trg_Inj 2.4986e-01 (2.9283e-01)	Loss Disc 6.8917e-01 (6.9002e-01)	Loss Pred 6.0154e-01 (5.8900e-01)	Loss TOTAL 9.8889e-01 (9.9126e-01)
Epoch: [7][130/313]	L_Src_Sup 1.4894e-01 (2.1184e-01)	L_Trg_Inj 1.8740e-01 (2.8959e-01)	Loss Disc 6.9411e-01 (6.9007e-01)	Loss Pred 5.8698e-01 (5.8918e-01)	Loss TOTAL 9.6767e-01 (9.9173e-01)
Epoch: [7][140/313]	L_Src_Sup 1.8822e-01 (2.1293e-01)	L_Trg_Inj 1.0931e-01 (2.8621e-01)	Loss Disc 6.9038e-01 (6.9014e-01)	Loss Pred 6.1952e-01 (5.8948e-01)	Loss TOTAL 1.0734e+00 (9.9329e-01)
Epoch: [7][150/313]	L_Src_Sup 1.1905e-01 (2.1184e-01)	L_Trg_Inj 3.2793e-01 (2.8655e-01)	Loss Disc 6.8834e-01 (6.9016e-01)	Loss Pred 6.2310e-01 (5.8927e-01)	Loss TOTAL 1.0120e+00 (9.9275e-01)
Epoch: [7][160/313]	L_Src_Sup 2.7954e-01 (2.1318e-01)	L_Trg_Inj 2.9670e-01 (2.8637e-01)	Loss Disc 6.8953e-01 (6.9021e-01)	Loss Pred 5.9059e-01 (5.8895e-01)	Loss TOTAL 9.9298e-01 (9.9267e-01)
Epoch: [7][170/313]	L_Src_Sup 2.3256e-01 (2.1230e-01)	L_Trg_Inj 3.1236e-01 (2.8550e-01)	Loss Disc 6.8848e-01 (6.9023e-01)	Loss Pred 6.1592e-01 (5.8925e-01)	Loss TOTAL 1.0147e+00 (9.9259e-01)
Epoch: [7][180/313]	L_Src_Sup 2.5535e-01 (2.1284e-01)	L_Trg_Inj 2.6548e-01 (2.8479e-01)	Loss Disc 6.8993e-01 (6.9025e-01)	Loss Pred 5.8698e-01 (5.8920e-01)	Loss TOTAL 9.8403e-01 (9.9231e-01)
Epoch: [7][190/313]	L_Src_Sup 2.1337e-01 (2.1284e-01)	L_Trg_Inj 3.2796e-01 (2.8710e-01)	Loss Disc 6.8970e-01 (6.9014e-01)	Loss Pred 5.8717e-01 (5.8956e-01)	Loss TOTAL 9.8616e-01 (9.9372e-01)
Epoch: [7][200/313]	L_Src_Sup 2.0415e-01 (2.1165e-01)	L_Trg_Inj 2.9227e-01 (2.8712e-01)	Loss Disc 6.9284e-01 (6.9015e-01)	Loss Pred 5.7288e-01 (5.8933e-01)	Loss TOTAL 9.6894e-01 (9.9293e-01)
Epoch: [7][210/313]	L_Src_Sup 1.8558e-01 (2.1059e-01)	L_Trg_Inj 1.8738e-01 (2.8586e-01)	Loss Disc 6.9213e-01 (6.9021e-01)	Loss Pred 5.7607e-01 (5.8885e-01)	Loss TOTAL 9.5943e-01 (9.9205e-01)
Epoch: [7][220/313]	L_Src_Sup 1.3334e-01 (2.0962e-01)	L_Trg_Inj 3.5917e-01 (2.8671e-01)	Loss Disc 6.8970e-01 (6.9021e-01)	Loss Pred 5.4743e-01 (5.8893e-01)	Loss TOTAL 9.4153e-01 (9.9174e-01)
Epoch: [7][230/313]	L_Src_Sup 2.0456e-01 (2.0837e-01)	L_Trg_Inj 2.9674e-01 (2.8572e-01)	Loss Disc 6.8989e-01 (6.9025e-01)	Loss Pred 6.0880e-01 (5.8889e-01)	Loss TOTAL 1.0039e+00 (9.9141e-01)
Epoch: [7][240/313]	L_Src_Sup 2.7085e-01 (2.0791e-01)	L_Trg_Inj 2.1858e-01 (2.8644e-01)	Loss Disc 6.9210e-01 (6.9025e-01)	Loss Pred 5.7965e-01 (5.8874e-01)	Loss TOTAL 1.0269e+00 (9.9117e-01)
Epoch: [7][250/313]	L_Src_Sup 2.4763e-01 (2.0781e-01)	L_Trg_Inj 1.8740e-01 (2.8650e-01)	Loss Disc 6.9205e-01 (6.9026e-01)	Loss Pred 6.0518e-01 (5.8872e-01)	Loss TOTAL 1.0549e+00 (9.9130e-01)
Epoch: [7][260/313]	L_Src_Sup 2.0231e-01 (2.0668e-01)	L_Trg_Inj 1.8739e-01 (2.8557e-01)	Loss Disc 6.9054e-01 (6.9027e-01)	Loss Pred 6.0513e-01 (5.8881e-01)	Loss TOTAL 1.0043e+00 (9.9093e-01)
Epoch: [7][270/313]	L_Src_Sup 3.3368e-01 (2.0882e-01)	L_Trg_Inj 2.8298e-01 (2.8518e-01)	Loss Disc 6.8985e-01 (6.9028e-01)	Loss Pred 6.2271e-01 (5.8928e-01)	Loss TOTAL 1.0800e+00 (9.9205e-01)
Epoch: [7][280/313]	L_Src_Sup 2.7695e-01 (2.0827e-01)	L_Trg_Inj 3.7486e-01 (2.8627e-01)	Loss Disc 6.8903e-01 (6.9027e-01)	Loss Pred 5.8696e-01 (5.8892e-01)	Loss TOTAL 9.9666e-01 (9.9172e-01)
Epoch: [7][290/313]	L_Src_Sup 1.5913e-01 (2.0765e-01)	L_Trg_Inj 2.9675e-01 (2.8669e-01)	Loss Disc 6.8827e-01 (6.9026e-01)	Loss Pred 6.0873e-01 (5.8886e-01)	Loss TOTAL 9.9845e-01 (9.9147e-01)
Epoch: [7][300/313]	L_Src_Sup 2.9889e-01 (2.0864e-01)	L_Trg_Inj 2.1867e-01 (2.8614e-01)	Loss Disc 6.8919e-01 (6.9026e-01)	Loss Pred 6.1220e-01 (5.8902e-01)	Loss TOTAL 1.0888e+00 (9.9240e-01)
Epoch: [7][310/313]	L_Src_Sup 3.1251e-01 (2.0880e-01)	L_Trg_Inj 1.8742e-01 (2.8531e-01)	Loss Disc 6.9109e-01 (6.9026e-01)	Loss Pred 5.7990e-01 (5.8913e-01)	Loss TOTAL 1.1005e+00 (9.9290e-01)
Epoch: [7][313/313]	L_Src_Sup 1.2001e-01 (2.0883e-01)	L_Trg_Inj 2.8116e-01 (2.8537e-01)	Loss Disc 6.9158e-01 (6.9025e-01)	Loss Pred 5.6565e-01 (5.8906e-01)	Loss TOTAL 9.5156e-01 (9.9286e-01)
Epoch 7 complete. Saving model state...
Epoch: [8][ 10/313]	L_Src_Sup 1.5753e-01 (2.1748e-01)	L_Trg_Inj 5.4548e-01 (3.0297e-01)	Loss Disc 6.8795e-01 (6.9054e-01)	Loss Pred 5.9761e-01 (5.8914e-01)	Loss TOTAL 1.0119e+00 (1.0115e+00)
Epoch: [8][ 20/313]	L_Src_Sup 1.2951e-01 (2.1271e-01)	L_Trg_Inj 4.5257e-01 (3.6810e-01)	Loss Disc 6.8619e-01 (6.8764e-01)	Loss Pred 5.9073e-01 (5.8975e-01)	Loss TOTAL 9.9204e-01 (1.0042e+00)
Epoch: [8][ 30/313]	L_Src_Sup 2.1426e-01 (2.0118e-01)	L_Trg_Inj 5.1495e-01 (4.0321e-01)	Loss Disc 6.7639e-01 (6.8496e-01)	Loss Pred 5.8740e-01 (5.9135e-01)	Loss TOTAL 9.9852e-01 (1.0026e+00)
Epoch: [8][ 40/313]	L_Src_Sup 1.7598e-01 (2.0413e-01)	L_Trg_Inj 4.4907e-01 (4.1236e-01)	Loss Disc 6.8087e-01 (6.8517e-01)	Loss Pred 5.9791e-01 (5.8923e-01)	Loss TOTAL 1.0008e+00 (9.9973e-01)
Epoch: [8][ 50/313]	L_Src_Sup 2.0684e-01 (2.0504e-01)	L_Trg_Inj 2.3421e-01 (3.9291e-01)	Loss Disc 7.0314e-01 (6.8650e-01)	Loss Pred 5.5512e-01 (5.8831e-01)	Loss TOTAL 9.5079e-01 (9.9763e-01)
Epoch: [8][ 60/313]	L_Src_Sup 1.8247e-01 (2.0437e-01)	L_Trg_Inj 3.5910e-01 (3.7363e-01)	Loss Disc 6.8730e-01 (6.8735e-01)	Loss Pred 6.2768e-01 (5.8884e-01)	Loss TOTAL 1.0255e+00 (9.9561e-01)
Epoch: [8][ 70/313]	L_Src_Sup 1.9580e-01 (2.0273e-01)	L_Trg_Inj 1.6187e-01 (3.6040e-01)	Loss Disc 6.9660e-01 (6.8794e-01)	Loss Pred 5.6174e-01 (5.8820e-01)	Loss TOTAL 9.7974e-01 (9.9355e-01)
Epoch: [8][ 80/313]	L_Src_Sup 2.0935e-01 (2.0292e-01)	L_Trg_Inj 2.3382e-01 (3.5186e-01)	Loss Disc 6.8990e-01 (6.8827e-01)	Loss Pred 5.9432e-01 (5.8848e-01)	Loss TOTAL 9.8359e-01 (9.9304e-01)
Epoch: [8][ 90/313]	L_Src_Sup 1.5846e-01 (2.0107e-01)	L_Trg_Inj 2.3381e-01 (3.4223e-01)	Loss Disc 6.9907e-01 (6.8862e-01)	Loss Pred 5.6158e-01 (5.8816e-01)	Loss TOTAL 9.5034e-01 (9.9136e-01)
Epoch: [8][100/313]	L_Src_Sup 2.9942e-01 (2.0234e-01)	L_Trg_Inj 2.8011e-01 (3.3442e-01)	Loss Disc 6.8913e-01 (6.8885e-01)	Loss Pred 5.7971e-01 (5.8777e-01)	Loss TOTAL 1.0015e+00 (9.9132e-01)
Epoch: [8][110/313]	L_Src_Sup 9.2028e-02 (2.0074e-01)	L_Trg_Inj 2.4980e-01 (3.2957e-01)	Loss Disc 6.9007e-01 (6.8888e-01)	Loss Pred 6.1243e-01 (5.8886e-01)	Loss TOTAL 9.9164e-01 (9.9162e-01)
Epoch: [8][120/313]	L_Src_Sup 8.7929e-02 (1.9952e-01)	L_Trg_Inj 1.8734e-01 (3.2658e-01)	Loss Disc 6.9157e-01 (6.8902e-01)	Loss Pred 6.0792e-01 (5.8903e-01)	Loss TOTAL 9.8124e-01 (9.9107e-01)
Epoch: [8][130/313]	L_Src_Sup 2.0411e-01 (2.0115e-01)	L_Trg_Inj 2.0294e-01 (3.2452e-01)	Loss Disc 6.9243e-01 (6.8907e-01)	Loss Pred 5.7293e-01 (5.8956e-01)	Loss TOTAL 9.6102e-01 (9.9130e-01)
Epoch: [8][140/313]	L_Src_Sup 1.0418e-01 (1.9788e-01)	L_Trg_Inj 2.8099e-01 (3.2258e-01)	Loss Disc 6.9087e-01 (6.8915e-01)	Loss Pred 5.8001e-01 (5.8971e-01)	Loss TOTAL 9.6396e-01 (9.9074e-01)
Epoch: [8][150/313]	L_Src_Sup 2.2229e-01 (1.9884e-01)	L_Trg_Inj 3.5373e-01 (3.2061e-01)	Loss Disc 6.8756e-01 (6.8921e-01)	Loss Pred 6.0113e-01 (5.8975e-01)	Loss TOTAL 1.0025e+00 (9.9059e-01)
Epoch: [8][160/313]	L_Src_Sup 1.3956e-01 (1.9769e-01)	L_Trg_Inj 3.2786e-01 (3.1772e-01)	Loss Disc 6.8940e-01 (6.8937e-01)	Loss Pred 6.1562e-01 (5.8920e-01)	Loss TOTAL 1.0071e+00 (9.8974e-01)
Epoch: [8][170/313]	L_Src_Sup 1.8004e-01 (1.9776e-01)	L_Trg_Inj 2.8106e-01 (3.1471e-01)	Loss Disc 6.9163e-01 (6.8942e-01)	Loss Pred 5.6600e-01 (5.8968e-01)	Loss TOTAL 9.5792e-01 (9.8970e-01)
Epoch: [8][180/313]	L_Src_Sup 2.1812e-01 (2.0909e-01)	L_Trg_Inj 3.2521e-01 (3.2058e-01)	Loss Disc 6.9167e-01 (6.8932e-01)	Loss Pred 5.9112e-01 (5.8931e-01)	Loss TOTAL 9.9129e-01 (9.9911e-01)
Epoch: [8][190/313]	L_Src_Sup 1.9936e-01 (2.0715e-01)	L_Trg_Inj 2.5015e-01 (3.1918e-01)	Loss Disc 6.8510e-01 (6.8919e-01)	Loss Pred 6.3315e-01 (5.8994e-01)	Loss TOTAL 1.0206e+00 (9.9870e-01)
Epoch: [8][200/313]	L_Src_Sup 1.8380e-01 (2.0856e-01)	L_Trg_Inj 3.2754e-01 (3.1779e-01)	Loss Disc 6.8993e-01 (6.8917e-01)	Loss Pred 5.7301e-01 (5.8967e-01)	Loss TOTAL 9.6910e-01 (9.9888e-01)
Epoch: [8][210/313]	L_Src_Sup 3.2007e-01 (2.0896e-01)	L_Trg_Inj 3.2754e-01 (3.1738e-01)	Loss Disc 6.9356e-01 (6.8924e-01)	Loss Pred 5.6542e-01 (5.8907e-01)	Loss TOTAL 9.7696e-01 (9.9784e-01)
Epoch: [8][220/313]	L_Src_Sup 3.0237e-01 (2.0786e-01)	L_Trg_Inj 3.1198e-01 (3.1529e-01)	Loss Disc 6.8801e-01 (6.8930e-01)	Loss Pred 6.1618e-01 (5.8892e-01)	Loss TOTAL 1.0216e+00 (9.9694e-01)
Epoch: [8][230/313]	L_Src_Sup 2.0620e-01 (2.0769e-01)	L_Trg_Inj 3.2768e-01 (3.1414e-01)	Loss Disc 6.8945e-01 (6.8934e-01)	Loss Pred 5.7596e-01 (5.8866e-01)	Loss TOTAL 9.7408e-01 (9.9656e-01)
Epoch: [8][240/313]	L_Src_Sup 2.7452e-01 (2.0728e-01)	L_Trg_Inj 2.4966e-01 (3.1187e-01)	Loss Disc 6.9243e-01 (6.8937e-01)	Loss Pred 5.5792e-01 (5.8876e-01)	Loss TOTAL 9.8141e-01 (9.9618e-01)
Epoch: [8][250/313]	L_Src_Sup 1.0989e-01 (2.0653e-01)	L_Trg_Inj 2.1811e-01 (3.0967e-01)	Loss Disc 6.9312e-01 (6.8939e-01)	Loss Pred 5.9793e-01 (5.8884e-01)	Loss TOTAL 9.7729e-01 (9.9618e-01)
Epoch: [8][260/313]	L_Src_Sup 2.2005e-01 (2.0676e-01)	L_Trg_Inj 1.0927e-01 (3.0880e-01)	Loss Disc 6.9801e-01 (6.8943e-01)	Loss Pred 5.6526e-01 (5.8888e-01)	Loss TOTAL 1.0580e+00 (9.9619e-01)
Epoch: [8][270/313]	L_Src_Sup 1.8948e-01 (2.0682e-01)	L_Trg_Inj 3.3122e-01 (3.0788e-01)	Loss Disc 6.8912e-01 (6.8945e-01)	Loss Pred 5.8329e-01 (5.8878e-01)	Loss TOTAL 9.7992e-01 (9.9570e-01)
Epoch: [8][280/313]	L_Src_Sup 1.5385e-01 (2.0601e-01)	L_Trg_Inj 2.9213e-01 (3.0706e-01)	Loss Disc 6.8950e-01 (6.8945e-01)	Loss Pred 5.9775e-01 (5.8908e-01)	Loss TOTAL 9.8710e-01 (9.9581e-01)
Epoch: [8][290/313]	L_Src_Sup 1.4584e-01 (2.0677e-01)	L_Trg_Inj 2.6013e-01 (3.0651e-01)	Loss Disc 6.9085e-01 (6.8949e-01)	Loss Pred 5.7981e-01 (5.8897e-01)	Loss TOTAL 9.6583e-01 (9.9648e-01)
Epoch: [8][300/313]	L_Src_Sup 2.4446e-01 (2.0679e-01)	L_Trg_Inj 3.2544e-01 (3.0725e-01)	Loss Disc 6.8812e-01 (6.8946e-01)	Loss Pred 6.0119e-01 (5.8918e-01)	Loss TOTAL 1.0022e+00 (9.9636e-01)
Epoch: [8][310/313]	L_Src_Sup 2.6930e-01 (2.0688e-01)	L_Trg_Inj 3.3187e-01 (3.0636e-01)	Loss Disc 6.9074e-01 (6.8949e-01)	Loss Pred 6.0123e-01 (5.8914e-01)	Loss TOTAL 1.0067e+00 (9.9596e-01)
Epoch: [8][313/313]	L_Src_Sup 1.2251e-01 (2.0639e-01)	L_Trg_Inj 2.9849e-01 (3.0577e-01)	Loss Disc 6.9088e-01 (6.8951e-01)	Loss Pred 5.7277e-01 (5.8911e-01)	Loss TOTAL 9.6031e-01 (9.9573e-01)
Epoch 8 complete. Saving model state...
Epoch: [9][ 10/313]	L_Src_Sup 3.0108e-01 (2.0580e-01)	L_Trg_Inj 3.4328e-01 (2.9806e-01)	Loss Disc 6.8851e-01 (6.9015e-01)	Loss Pred 5.9054e-01 (5.8591e-01)	Loss TOTAL 9.9923e-01 (9.8814e-01)
Epoch: [9][ 20/313]	L_Src_Sup 2.0619e-01 (2.1779e-01)	L_Trg_Inj 3.9018e-01 (2.9485e-01)	Loss Disc 6.8922e-01 (6.9002e-01)	Loss Pred 5.7628e-01 (5.8895e-01)	Loss TOTAL 9.8053e-01 (9.9052e-01)
Epoch: [9][ 30/313]	L_Src_Sup 1.6667e-01 (2.1974e-01)	L_Trg_Inj 2.0284e-01 (2.9510e-01)	Loss Disc 6.9342e-01 (6.8978e-01)	Loss Pred 5.7997e-01 (5.9170e-01)	Loss TOTAL 9.6363e-01 (9.9312e-01)
Epoch: [9][ 40/313]	L_Src_Sup 1.7022e-01 (2.1187e-01)	L_Trg_Inj 3.5906e-01 (2.9691e-01)	Loss Disc 6.8864e-01 (6.8998e-01)	Loss Pred 5.8697e-01 (5.8965e-01)	Loss TOTAL 9.8421e-01 (9.8990e-01)
Epoch: [9][ 50/313]	L_Src_Sup 2.4177e-01 (2.0765e-01)	L_Trg_Inj 1.7170e-01 (2.9550e-01)	Loss Disc 6.9124e-01 (6.9008e-01)	Loss Pred 5.9776e-01 (5.8887e-01)	Loss TOTAL 1.0548e+00 (9.8989e-01)
Epoch: [9][ 60/313]	L_Src_Sup 1.0526e-01 (2.0545e-01)	L_Trg_Inj 2.3538e-01 (2.9051e-01)	Loss Disc 6.9072e-01 (6.9023e-01)	Loss Pred 5.8332e-01 (5.8819e-01)	Loss TOTAL 9.6274e-01 (9.8968e-01)
Epoch: [9][ 70/313]	L_Src_Sup 1.9048e-01 (2.0493e-01)	L_Trg_Inj 2.6539e-01 (2.9308e-01)	Loss Disc 6.9021e-01 (6.9023e-01)	Loss Pred 6.2331e-01 (5.8859e-01)	Loss TOTAL 1.0140e+00 (9.9042e-01)
Epoch: [9][ 80/313]	L_Src_Sup 1.5385e-01 (2.0352e-01)	L_Trg_Inj 1.8726e-01 (2.9218e-01)	Loss Disc 6.9234e-01 (6.9025e-01)	Loss Pred 5.9814e-01 (5.8844e-01)	Loss TOTAL 9.7842e-01 (9.8918e-01)
Epoch: [9][ 90/313]	L_Src_Sup 3.0613e-01 (2.0155e-01)	L_Trg_Inj 2.1985e-01 (2.9049e-01)	Loss Disc 6.9278e-01 (6.9029e-01)	Loss Pred 5.7274e-01 (5.8904e-01)	Loss TOTAL 1.0580e+00 (9.8989e-01)
Epoch: [9][100/313]	L_Src_Sup 2.0720e-01 (2.0425e-01)	L_Trg_Inj 3.2770e-01 (2.8908e-01)	Loss Disc 6.9102e-01 (6.9030e-01)	Loss Pred 5.6212e-01 (5.8888e-01)	Loss TOTAL 9.6112e-01 (9.9082e-01)
Epoch: [9][110/313]	L_Src_Sup 2.2922e-01 (2.0415e-01)	L_Trg_Inj 2.3397e-01 (2.9074e-01)	Loss Disc 6.9167e-01 (6.9025e-01)	Loss Pred 5.7988e-01 (5.8923e-01)	Loss TOTAL 9.7204e-01 (9.9061e-01)
Epoch: [9][120/313]	L_Src_Sup 2.4743e-01 (2.0509e-01)	L_Trg_Inj 3.3811e-01 (2.9013e-01)	Loss Disc 6.9010e-01 (6.9026e-01)	Loss Pred 5.7612e-01 (5.8854e-01)	Loss TOTAL 9.7973e-01 (9.8941e-01)
Epoch: [9][130/313]	L_Src_Sup 1.7987e-01 (2.0372e-01)	L_Trg_Inj 3.5900e-01 (2.9073e-01)	Loss Disc 6.8915e-01 (6.9023e-01)	Loss Pred 6.0487e-01 (5.8908e-01)	Loss TOTAL 1.0033e+00 (9.8948e-01)
Epoch: [9][140/313]	L_Src_Sup 3.3337e-01 (2.0491e-01)	L_Trg_Inj 2.6541e-01 (2.9034e-01)	Loss Disc 6.9127e-01 (6.9025e-01)	Loss Pred 5.7992e-01 (5.8936e-01)	Loss TOTAL 1.0534e+00 (9.9014e-01)
Epoch: [9][150/313]	L_Src_Sup 1.4815e-01 (2.0309e-01)	L_Trg_Inj 3.1227e-01 (2.8867e-01)	Loss Disc 6.8452e-01 (6.9021e-01)	Loss Pred 6.3221e-01 (5.9023e-01)	Loss TOTAL 1.0205e+00 (9.9089e-01)
Epoch: [9][160/313]	L_Src_Sup 6.5936e-02 (2.0388e-01)	L_Trg_Inj 2.4978e-01 (2.8868e-01)	Loss Disc 6.9155e-01 (6.9027e-01)	Loss Pred 5.9751e-01 (5.8964e-01)	Loss TOTAL 9.7486e-01 (9.9041e-01)
Epoch: [9][170/313]	L_Src_Sup 2.5283e-01 (2.0350e-01)	L_Trg_Inj 3.2805e-01 (2.8799e-01)	Loss Disc 6.8917e-01 (6.9028e-01)	Loss Pred 5.8342e-01 (5.8924e-01)	Loss TOTAL 9.8609e-01 (9.8971e-01)
Epoch: [9][180/313]	L_Src_Sup 2.0226e-01 (2.0200e-01)	L_Trg_Inj 2.9678e-01 (2.8796e-01)	Loss Disc 6.8909e-01 (6.9028e-01)	Loss Pred 6.0471e-01 (5.8947e-01)	Loss TOTAL 9.9916e-01 (9.8945e-01)
Epoch: [9][190/313]	L_Src_Sup 2.2475e-01 (2.0360e-01)	L_Trg_Inj 2.1857e-01 (2.8684e-01)	Loss Disc 6.9013e-01 (6.9030e-01)	Loss Pred 6.0468e-01 (5.8940e-01)	Loss TOTAL 1.0003e+00 (9.9080e-01)
Epoch: [9][200/313]	L_Src_Sup 2.4719e-01 (2.0286e-01)	L_Trg_Inj 1.8731e-01 (2.8757e-01)	Loss Disc 6.9313e-01 (6.9031e-01)	Loss Pred 6.0475e-01 (5.8944e-01)	Loss TOTAL 1.0546e+00 (9.9078e-01)
Epoch: [9][210/313]	L_Src_Sup 2.4743e-01 (2.0311e-01)	L_Trg_Inj 3.4350e-01 (2.8845e-01)	Loss Disc 6.8930e-01 (6.9031e-01)	Loss Pred 5.7620e-01 (5.8900e-01)	Loss TOTAL 9.7994e-01 (9.9021e-01)
Epoch: [9][220/313]	L_Src_Sup 1.2767e-01 (2.0319e-01)	L_Trg_Inj 2.0298e-01 (2.8766e-01)	Loss Disc 6.9105e-01 (6.9033e-01)	Loss Pred 5.8696e-01 (5.8931e-01)	Loss TOTAL 9.6555e-01 (9.9112e-01)
Epoch: [9][230/313]	L_Src_Sup 2.1741e-01 (2.0212e-01)	L_Trg_Inj 2.4975e-01 (2.8671e-01)	Loss Disc 6.9144e-01 (6.9035e-01)	Loss Pred 5.9404e-01 (5.8934e-01)	Loss TOTAL 9.8648e-01 (9.9108e-01)
Epoch: [9][240/313]	L_Src_Sup 1.5556e-01 (2.0217e-01)	L_Trg_Inj 1.7159e-01 (2.8627e-01)	Loss Disc 6.9418e-01 (6.9033e-01)	Loss Pred 6.0095e-01 (5.8974e-01)	Loss TOTAL 9.8075e-01 (9.9114e-01)
Epoch: [9][250/313]	L_Src_Sup 1.4434e-01 (2.0255e-01)	L_Trg_Inj 2.8551e-01 (2.8650e-01)	Loss Disc 6.9242e-01 (6.9036e-01)	Loss Pred 5.7648e-01 (5.8940e-01)	Loss TOTAL 9.6568e-01 (9.9084e-01)
Epoch: [9][260/313]	L_Src_Sup 1.6334e-01 (2.0208e-01)	L_Trg_Inj 2.4991e-01 (2.8599e-01)	Loss Disc 6.9173e-01 (6.9038e-01)	Loss Pred 5.7274e-01 (5.8927e-01)	Loss TOTAL 9.5993e-01 (9.9076e-01)
Epoch: [9][270/313]	L_Src_Sup 2.2730e-01 (2.0172e-01)	L_Trg_Inj 3.4356e-01 (2.8645e-01)	Loss Disc 6.8865e-01 (6.9036e-01)	Loss Pred 6.0837e-01 (5.8932e-01)	Loss TOTAL 1.0098e+00 (9.9056e-01)
Epoch: [9][280/313]	L_Src_Sup 1.8392e-01 (2.0164e-01)	L_Trg_Inj 2.6559e-01 (2.8575e-01)	Loss Disc 6.9108e-01 (6.9039e-01)	Loss Pred 6.1222e-01 (5.8911e-01)	Loss TOTAL 1.0027e+00 (9.9030e-01)
Epoch: [9][290/313]	L_Src_Sup 1.0206e-01 (2.0182e-01)	L_Trg_Inj 3.2793e-01 (2.8511e-01)	Loss Disc 6.9037e-01 (6.9039e-01)	Loss Pred 5.7280e-01 (5.8928e-01)	Loss TOTAL 9.6098e-01 (9.9094e-01)
Epoch: [9][300/313]	L_Src_Sup 2.2918e-01 (2.0124e-01)	L_Trg_Inj 2.3424e-01 (2.8586e-01)	Loss Disc 6.9079e-01 (6.9037e-01)	Loss Pred 5.7984e-01 (5.8912e-01)	Loss TOTAL 9.7158e-01 (9.9052e-01)
Epoch: [9][310/313]	L_Src_Sup 1.1882e-01 (2.0051e-01)	L_Trg_Inj 2.6472e-01 (2.8617e-01)	Loss Disc 6.9220e-01 (6.9039e-01)	Loss Pred 5.6161e-01 (5.8889e-01)	Loss TOTAL 9.4607e-01 (9.9001e-01)
Epoch: [9][313/313]	L_Src_Sup 2.1506e-01 (2.0026e-01)	L_Trg_Inj 2.1827e-01 (2.8566e-01)	Loss Disc 6.9174e-01 (6.9040e-01)	Loss Pred 5.9056e-01 (5.8888e-01)	Loss TOTAL 9.7977e-01 (9.8992e-01)
Epoch 9 complete. Saving model state...
Epoch: [10][ 10/313]	L_Src_Sup 2.4179e-01 (1.8396e-01)	L_Trg_Inj 4.6673e-01 (3.2897e-01)	Loss Disc 6.8735e-01 (6.8969e-01)	Loss Pred 5.9799e-01 (5.8071e-01)	Loss TOTAL 1.0125e+00 (9.7942e-01)
Epoch: [10][ 20/313]	L_Src_Sup 1.3047e-01 (1.8640e-01)	L_Trg_Inj 2.3399e-01 (3.0248e-01)	Loss Disc 6.9104e-01 (6.9033e-01)	Loss Pred 5.9437e-01 (5.8234e-01)	Loss TOTAL 9.7633e-01 (9.7811e-01)
Epoch: [10][ 30/313]	L_Src_Sup 1.7022e-01 (1.8516e-01)	L_Trg_Inj 3.4364e-01 (2.9779e-01)	Loss Disc 6.8903e-01 (6.9038e-01)	Loss Pred 5.8690e-01 (5.8387e-01)	Loss TOTAL 9.8280e-01 (9.7850e-01)
Epoch: [10][ 40/313]	L_Src_Sup 1.4460e-01 (1.9095e-01)	L_Trg_Inj 3.4358e-01 (2.9285e-01)	Loss Disc 6.8890e-01 (6.9051e-01)	Loss Pred 6.2837e-01 (5.8371e-01)	Loss TOTAL 1.0216e+00 (9.8119e-01)
Epoch: [10][ 50/313]	L_Src_Sup 2.5339e-01 (1.9805e-01)	L_Trg_Inj 2.0306e-01 (2.9207e-01)	Loss Disc 6.8176e-01 (6.8986e-01)	Loss Pred 5.8329e-01 (5.8705e-01)	Loss TOTAL 1.0201e+00 (9.8725e-01)
Epoch: [10][ 60/313]	L_Src_Sup 1.4754e-01 (1.9963e-01)	L_Trg_Inj 3.3233e-01 (2.9059e-01)	Loss Disc 6.9553e-01 (6.8850e-01)	Loss Pred 5.8330e-01 (5.8795e-01)	Loss TOTAL 9.7905e-01 (9.9133e-01)
Epoch: [10][ 70/313]	L_Src_Sup 1.8187e-01 (1.9941e-01)	L_Trg_Inj 1.3954e-01 (2.8750e-01)	Loss Disc 6.9475e-01 (6.8907e-01)	Loss Pred 5.8259e-01 (5.8852e-01)	Loss TOTAL 1.0044e+00 (9.9168e-01)
Epoch: [10][ 80/313]	L_Src_Sup 1.4894e-01 (1.9921e-01)	L_Trg_Inj 2.9642e-01 (2.8821e-01)	Loss Disc 6.8976e-01 (6.8930e-01)	Loss Pred 5.8691e-01 (5.8833e-01)	Loss TOTAL 9.7633e-01 (9.9045e-01)
Epoch: [10][ 90/313]	L_Src_Sup 2.6969e-01 (2.0218e-01)	L_Trg_Inj 3.7426e-01 (2.9224e-01)	Loss Disc 6.8879e-01 (6.8943e-01)	Loss Pred 6.0499e-01 (5.8861e-01)	Loss TOTAL 1.0138e+00 (9.9109e-01)
Epoch: [10][100/313]	L_Src_Sup 1.1236e-01 (2.0110e-01)	L_Trg_Inj 2.9611e-01 (2.8948e-01)	Loss Disc 6.9028e-01 (6.8960e-01)	Loss Pred 6.0498e-01 (5.8859e-01)	Loss TOTAL 9.9097e-01 (9.9030e-01)
Epoch: [10][110/313]	L_Src_Sup 8.9890e-02 (2.0190e-01)	L_Trg_Inj 2.8069e-01 (2.9140e-01)	Loss Disc 6.8977e-01 (6.8964e-01)	Loss Pred 6.0477e-01 (5.8939e-01)	Loss TOTAL 9.8671e-01 (9.9089e-01)
Epoch: [10][120/313]	L_Src_Sup 1.8183e-01 (1.9845e-01)	L_Trg_Inj 2.9403e-01 (2.9266e-01)	Loss Disc 6.9031e-01 (6.8970e-01)	Loss Pred 5.6919e-01 (5.8901e-01)	Loss TOTAL 9.6193e-01 (9.8971e-01)
Epoch: [10][130/313]	L_Src_Sup 2.5810e-01 (2.0153e-01)	L_Trg_Inj 3.1205e-01 (2.9196e-01)	Loss Disc 6.9445e-01 (6.8973e-01)	Loss Pred 5.9051e-01 (5.8927e-01)	Loss TOTAL 9.9474e-01 (9.9029e-01)
Epoch: [10][140/313]	L_Src_Sup 1.0992e-01 (2.0019e-01)	L_Trg_Inj 2.4944e-01 (2.9104e-01)	Loss Disc 6.8785e-01 (6.8966e-01)	Loss Pred 5.9750e-01 (5.8961e-01)	Loss TOTAL 9.7736e-01 (9.9032e-01)
Epoch: [10][150/313]	L_Src_Sup 2.2073e-01 (2.0024e-01)	L_Trg_Inj 1.5607e-01 (2.8920e-01)	Loss Disc 6.8998e-01 (6.8976e-01)	Loss Pred 5.9754e-01 (5.8960e-01)	Loss TOTAL 1.0449e+00 (9.9034e-01)
Epoch: [10][160/313]	L_Src_Sup 1.5097e-01 (1.9971e-01)	L_Trg_Inj 3.3614e-01 (2.9004e-01)	Loss Disc 6.8815e-01 (6.8976e-01)	Loss Pred 5.9051e-01 (5.8951e-01)	Loss TOTAL 9.8329e-01 (9.9063e-01)
Epoch: [10][170/313]	L_Src_Sup 9.8768e-01 (2.0540e-01)	L_Trg_Inj 1.1103e+00 (2.9408e-01)	Loss Disc 6.8669e-01 (6.8980e-01)	Loss Pred 6.1931e-01 (5.8957e-01)	Loss TOTAL 1.1724e+00 (9.9196e-01)
Epoch: [10][180/313]	L_Src_Sup 2.0419e-01 (2.0592e-01)	L_Trg_Inj 3.3838e-01 (2.9466e-01)	Loss Disc 7.0284e-01 (6.8951e-01)	Loss Pred 5.7358e-01 (5.8992e-01)	Loss TOTAL 9.7925e-01 (9.9234e-01)
Epoch: [10][190/313]	L_Src_Sup 1.7779e-01 (2.0604e-01)	L_Trg_Inj 2.1866e-01 (2.9347e-01)	Loss Disc 6.9295e-01 (6.8970e-01)	Loss Pred 6.0099e-01 (5.8989e-01)	Loss TOTAL 9.8711e-01 (9.9262e-01)
Epoch: [10][200/313]	L_Src_Sup 1.8390e-01 (2.0663e-01)	L_Trg_Inj 5.6164e-01 (2.9683e-01)	Loss Disc 6.8218e-01 (6.8958e-01)	Loss Pred 5.7638e-01 (5.8962e-01)	Loss TOTAL 9.9203e-01 (9.9294e-01)
Epoch: [10][210/313]	L_Src_Sup 1.7038e-01 (2.0502e-01)	L_Trg_Inj 3.4635e-01 (2.9951e-01)	Loss Disc 6.7240e-01 (6.8891e-01)	Loss Pred 5.8698e-01 (5.8944e-01)	Loss TOTAL 9.7486e-01 (9.9214e-01)
Epoch: [10][220/313]	L_Src_Sup 2.0928e-01 (2.0411e-01)	L_Trg_Inj 3.1243e-01 (3.0015e-01)	Loss Disc 6.5177e-01 (6.8808e-01)	Loss Pred 6.1920e-01 (5.8944e-01)	Loss TOTAL 9.9726e-01 (9.9134e-01)
Epoch: [10][230/313]	L_Src_Sup 6.1246e-02 (2.0353e-01)	L_Trg_Inj 3.5922e-01 (2.9972e-01)	Loss Disc 6.6918e-01 (6.8699e-01)	Loss Pred 5.7265e-01 (5.8936e-01)	Loss TOTAL 9.4929e-01 (9.9095e-01)
Epoch: [10][240/313]	L_Src_Sup 1.9786e-01 (2.0408e-01)	L_Trg_Inj 3.1241e-01 (2.9988e-01)	Loss Disc 6.5250e-01 (6.8603e-01)	Loss Pred 5.9767e-01 (5.8945e-01)	Loss TOTAL 9.7495e-01 (9.9035e-01)
Epoch: [10][250/313]	L_Src_Sup 2.9790e-01 (2.0404e-01)	L_Trg_Inj 2.8120e-01 (2.9907e-01)	Loss Disc 6.7655e-01 (6.8522e-01)	Loss Pred 5.8697e-01 (5.8928e-01)	Loss TOTAL 9.9985e-01 (9.8950e-01)
Epoch: [10][260/313]	L_Src_Sup 3.2972e-01 (2.0496e-01)	L_Trg_Inj 3.7492e-01 (2.9935e-01)	Loss Disc 6.5418e-01 (6.8449e-01)	Loss Pred 5.9788e-01 (5.8908e-01)	Loss TOTAL 9.9543e-01 (9.8877e-01)
Epoch: [10][270/313]	L_Src_Sup 5.8824e-02 (2.0474e-01)	L_Trg_Inj 3.2805e-01 (2.9863e-01)	Loss Disc 6.6971e-01 (6.8388e-01)	Loss Pred 5.5770e-01 (5.8889e-01)	Loss TOTAL 9.3124e-01 (9.8844e-01)
Epoch: [10][280/313]	L_Src_Sup 1.7428e-01 (2.0478e-01)	L_Trg_Inj 2.7743e-01 (2.9662e-01)	Loss Disc 6.6228e-01 (6.8308e-01)	Loss Pred 5.9427e-01 (5.8891e-01)	Loss TOTAL 9.7058e-01 (9.8778e-01)
Epoch: [10][290/313]	L_Src_Sup 2.3078e-01 (2.0471e-01)	L_Trg_Inj 3.6139e-01 (2.9627e-01)	Loss Disc 6.6775e-01 (6.8222e-01)	Loss Pred 5.5120e-01 (5.8920e-01)	Loss TOTAL 9.4429e-01 (9.8774e-01)
Epoch: [10][300/313]	L_Src_Sup 2.3406e-01 (2.0459e-01)	L_Trg_Inj 2.4994e-01 (2.9624e-01)	Loss Disc 6.5574e-01 (6.8168e-01)	Loss Pred 5.8693e-01 (5.8900e-01)	Loss TOTAL 9.6320e-01 (9.8718e-01)
Epoch: [10][310/313]	L_Src_Sup 2.7085e-01 (2.0360e-01)	L_Trg_Inj 2.4991e-01 (2.9626e-01)	Loss Disc 6.6555e-01 (6.8109e-01)	Loss Pred 5.7974e-01 (5.8915e-01)	Loss TOTAL 9.8552e-01 (9.8676e-01)
Epoch: [10][313/313]	L_Src_Sup 2.1506e-01 (2.0349e-01)	L_Trg_Inj 4.9979e-01 (2.9685e-01)	Loss Disc 6.6122e-01 (6.8094e-01)	Loss Pred 5.9052e-01 (5.8914e-01)	Loss TOTAL 9.9262e-01 (9.8665e-01)
Epoch 10 complete. Saving model state...
Epoch: [11][ 10/313]	L_Src_Sup 1.1495e-01 (1.7906e-01)	L_Trg_Inj 2.4988e-01 (2.9372e-01)	Loss Disc 6.5022e-01 (6.6235e-01)	Loss Pred 6.1220e-01 (5.8948e-01)	Loss TOTAL 9.7380e-01 (9.6793e-01)
Epoch: [11][ 20/313]	L_Src_Sup 3.2710e-01 (2.0648e-01)	L_Trg_Inj 3.0767e-01 (2.9680e-01)	Loss Disc 6.6937e-01 (6.6524e-01)	Loss Pred 5.7615e-01 (5.8912e-01)	Loss TOTAL 9.9375e-01 (9.7304e-01)
Epoch: [11][ 30/313]	L_Src_Sup 1.7583e-01 (2.0902e-01)	L_Trg_Inj 3.5916e-01 (2.9303e-01)	Loss Disc 6.6532e-01 (6.6429e-01)	Loss Pred 5.9774e-01 (5.8925e-01)	Loss TOTAL 9.8390e-01 (9.7783e-01)
Epoch: [11][ 40/313]	L_Src_Sup 2.4178e-01 (1.9999e-01)	L_Trg_Inj 2.1855e-01 (2.8809e-01)	Loss Disc 6.5839e-01 (6.6458e-01)	Loss Pred 5.9767e-01 (5.8984e-01)	Loss TOTAL 9.9612e-01 (9.7620e-01)
Epoch: [11][ 50/313]	L_Src_Sup 2.7290e-01 (2.0451e-01)	L_Trg_Inj 2.4986e-01 (2.8909e-01)	Loss Disc 6.6561e-01 (6.6432e-01)	Loss Pred 6.0797e-01 (5.9221e-01)	Loss TOTAL 1.0161e+00 (9.7916e-01)
Epoch: [11][ 60/313]	L_Src_Sup 2.0692e-01 (2.0274e-01)	L_Trg_Inj 2.9679e-01 (2.9194e-01)	Loss Disc 6.5477e-01 (6.6370e-01)	Loss Pred 6.1115e-01 (5.9288e-01)	Loss TOTAL 9.8890e-01 (9.7935e-01)
Epoch: [11][ 70/313]	L_Src_Sup 2.2919e-01 (2.0320e-01)	L_Trg_Inj 2.9676e-01 (2.8908e-01)	Loss Disc 6.7253e-01 (6.6350e-01)	Loss Pred 5.8016e-01 (5.9215e-01)	Loss TOTAL 9.6902e-01 (9.7900e-01)
Epoch: [11][ 80/313]	L_Src_Sup 3.0437e-01 (2.0308e-01)	L_Trg_Inj 3.4358e-01 (2.8633e-01)	Loss Disc 6.5734e-01 (6.6337e-01)	Loss Pred 5.9393e-01 (5.9224e-01)	Loss TOTAL 9.8739e-01 (9.7877e-01)
Epoch: [11][ 90/313]	L_Src_Sup 2.6806e-01 (1.9911e-01)	L_Trg_Inj 1.4052e-01 (2.8401e-01)	Loss Disc 6.7165e-01 (6.6359e-01)	Loss Pred 5.7665e-01 (5.9151e-01)	Loss TOTAL 1.0809e+00 (9.7839e-01)
Epoch: [11][100/313]	L_Src_Sup 1.7083e-01 (2.0217e-01)	L_Trg_Inj 2.3406e-01 (2.8525e-01)	Loss Disc 6.6734e-01 (6.6358e-01)	Loss Pred 5.8700e-01 (5.9141e-01)	Loss TOTAL 9.6116e-01 (9.8093e-01)
Epoch: [11][110/313]	L_Src_Sup 1.4740e-01 (1.9987e-01)	L_Trg_Inj 3.4324e-01 (2.8545e-01)	Loss Disc 6.6882e-01 (6.6370e-01)	Loss Pred 5.8355e-01 (5.9114e-01)	Loss TOTAL 9.6703e-01 (9.7992e-01)
Epoch: [11][120/313]	L_Src_Sup 1.6327e-01 (1.9943e-01)	L_Trg_Inj 2.0229e-01 (2.8628e-01)	Loss Disc 6.7785e-01 (6.6393e-01)	Loss Pred 5.7291e-01 (5.9056e-01)	Loss TOTAL 9.4839e-01 (9.7880e-01)
Epoch: [11][130/313]	L_Src_Sup 3.2663e-01 (2.0020e-01)	L_Trg_Inj 2.7983e-01 (2.8636e-01)	Loss Disc 6.7788e-01 (6.6397e-01)	Loss Pred 5.7301e-01 (5.9067e-01)	Loss TOTAL 1.0194e+00 (9.7903e-01)
Epoch: [11][140/313]	L_Src_Sup 2.4354e-01 (2.0164e-01)	L_Trg_Inj 3.2714e-01 (2.8816e-01)	Loss Disc 6.4881e-01 (6.6386e-01)	Loss Pred 5.9757e-01 (5.9056e-01)	Loss TOTAL 9.7905e-01 (9.7920e-01)
Epoch: [11][150/313]	L_Src_Sup 1.9418e-01 (2.0146e-01)	L_Trg_Inj 3.2724e-01 (2.9010e-01)	Loss Disc 6.8044e-01 (6.6398e-01)	Loss Pred 5.5531e-01 (5.9025e-01)	Loss TOTAL 9.4767e-01 (9.7861e-01)
Epoch: [11][160/313]	L_Src_Sup 2.1179e-01 (2.0219e-01)	L_Trg_Inj 2.6469e-01 (2.8983e-01)	Loss Disc 6.6133e-01 (6.6392e-01)	Loss Pred 6.1927e-01 (5.9007e-01)	Loss TOTAL 9.9758e-01 (9.7822e-01)
Epoch: [11][170/313]	L_Src_Sup 1.0870e-01 (2.0069e-01)	L_Trg_Inj 2.1647e-01 (2.8996e-01)	Loss Disc 6.7391e-01 (6.6408e-01)	Loss Pred 5.9411e-01 (5.8983e-01)	Loss TOTAL 9.6358e-01 (9.7751e-01)
Epoch: [11][180/313]	L_Src_Sup 1.3862e-01 (2.0078e-01)	L_Trg_Inj 2.0226e-01 (2.9043e-01)	Loss Disc 6.7989e-01 (6.6419e-01)	Loss Pred 5.6175e-01 (5.8951e-01)	Loss TOTAL 9.3578e-01 (9.7699e-01)
Epoch: [11][190/313]	L_Src_Sup 1.2336e-01 (2.0902e-01)	L_Trg_Inj 2.8119e-01 (2.9742e-01)	Loss Disc 6.7209e-01 (6.6443e-01)	Loss Pred 5.6893e-01 (5.8921e-01)	Loss TOTAL 9.4542e-01 (9.7855e-01)
Epoch: [11][200/313]	L_Src_Sup 3.6269e-01 (2.0925e-01)	L_Trg_Inj 2.1872e-01 (2.9531e-01)	Loss Disc 6.6709e-01 (6.6451e-01)	Loss Pred 5.8702e-01 (5.8930e-01)	Loss TOTAL 1.1227e+00 (9.7932e-01)
Epoch: [11][210/313]	L_Src_Sup 2.9216e-01 (2.1027e-01)	L_Trg_Inj 3.5930e-01 (2.9546e-01)	Loss Disc 6.5039e-01 (6.6448e-01)	Loss Pred 6.0537e-01 (5.8916e-01)	Loss TOTAL 9.9571e-01 (9.7937e-01)
Epoch: [11][220/313]	L_Src_Sup 3.0436e-01 (2.1077e-01)	L_Trg_Inj 2.6554e-01 (2.9632e-01)	Loss Disc 6.5013e-01 (6.6448e-01)	Loss Pred 5.9419e-01 (5.8932e-01)	Loss TOTAL 1.0151e+00 (9.7971e-01)
Epoch: [11][230/313]	L_Src_Sup 1.8368e-01 (2.1133e-01)	L_Trg_Inj 2.9676e-01 (2.9577e-01)	Loss Disc 6.7309e-01 (6.6472e-01)	Loss Pred 5.7225e-01 (5.8900e-01)	Loss TOTAL 9.5684e-01 (9.7952e-01)
Epoch: [11][240/313]	L_Src_Sup 1.7978e-01 (2.1052e-01)	L_Trg_Inj 3.1228e-01 (2.9527e-01)	Loss Disc 6.5999e-01 (6.6454e-01)	Loss Pred 6.0506e-01 (5.8932e-01)	Loss TOTAL 9.8426e-01 (9.7931e-01)
Epoch: [11][250/313]	L_Src_Sup 2.6263e-01 (2.1065e-01)	L_Trg_Inj 3.1231e-01 (2.9546e-01)	Loss Disc 6.7689e-01 (6.6477e-01)	Loss Pred 5.6841e-01 (5.8870e-01)	Loss TOTAL 9.6435e-01 (9.7875e-01)
Epoch: [11][260/313]	L_Src_Sup 2.2728e-01 (2.1192e-01)	L_Trg_Inj 1.8740e-01 (2.9481e-01)	Loss Disc 6.6795e-01 (6.6473e-01)	Loss Pred 6.0921e-01 (5.8874e-01)	Loss TOTAL 1.0245e+00 (9.7914e-01)
Epoch: [11][270/313]	L_Src_Sup 2.3530e-01 (2.1170e-01)	L_Trg_Inj 2.0302e-01 (2.9419e-01)	Loss Disc 6.5649e-01 (6.6471e-01)	Loss Pred 6.2019e-01 (5.8874e-01)	Loss TOTAL 1.0245e+00 (9.7890e-01)
Epoch: [11][280/313]	L_Src_Sup 1.3334e-01 (2.1134e-01)	L_Trg_Inj 1.5617e-01 (2.9361e-01)	Loss Disc 6.5200e-01 (6.6467e-01)	Loss Pred 6.0152e-01 (5.8893e-01)	Loss TOTAL 9.5647e-01 (9.7928e-01)
Epoch: [11][290/313]	L_Src_Sup 1.9149e-01 (2.1269e-01)	L_Trg_Inj 1.7175e-01 (2.9339e-01)	Loss Disc 6.5540e-01 (6.6461e-01)	Loss Pred 5.8694e-01 (5.8925e-01)	Loss TOTAL 9.7071e-01 (9.8014e-01)
Epoch: [11][300/313]	L_Src_Sup 2.1783e-01 (2.1216e-01)	L_Trg_Inj 2.6545e-01 (2.9313e-01)	Loss Disc 6.7744e-01 (6.6472e-01)	Loss Pred 5.6171e-01 (5.8901e-01)	Loss TOTAL 9.4875e-01 (9.7961e-01)
Epoch: [11][310/313]	L_Src_Sup 2.3530e-01 (2.1156e-01)	L_Trg_Inj 2.3386e-01 (2.9378e-01)	Loss Disc 6.7894e-01 (6.6466e-01)	Loss Pred 5.5792e-01 (5.8882e-01)	Loss TOTAL 9.4574e-01 (9.7916e-01)
Epoch: [11][313/313]	L_Src_Sup 3.1461e-01 (2.1215e-01)	L_Trg_Inj 3.2790e-01 (2.9365e-01)	Loss Disc 6.5046e-01 (6.6464e-01)	Loss Pred 6.0516e-01 (5.8885e-01)	Loss TOTAL 9.9464e-01 (9.7927e-01)
Epoch 11 complete. Saving model state...
Epoch: [12][ 10/313]	L_Src_Sup 2.0455e-01 (2.2745e-01)	L_Trg_Inj 2.5707e-01 (2.9061e-01)	Loss Disc 6.6018e-01 (6.6336e-01)	Loss Pred 6.0860e-01 (5.9529e-01)	Loss TOTAL 9.8485e-01 (9.8918e-01)
Epoch: [12][ 20/313]	L_Src_Sup 3.2943e-01 (2.0989e-01)	L_Trg_Inj 3.7467e-01 (2.8323e-01)	Loss Disc 6.4468e-01 (6.6427e-01)	Loss Pred 6.1907e-01 (5.9488e-01)	Loss TOTAL 1.0118e+00 (9.8153e-01)
Epoch: [12][ 30/313]	L_Src_Sup 2.1978e-01 (2.0509e-01)	L_Trg_Inj 3.2740e-01 (2.8866e-01)	Loss Disc 6.6287e-01 (6.6329e-01)	Loss Pred 5.9752e-01 (5.9472e-01)	Loss TOTAL 9.8368e-01 (9.8130e-01)
Epoch: [12][ 40/313]	L_Src_Sup 2.4446e-01 (2.0253e-01)	L_Trg_Inj 1.8419e-01 (2.8776e-01)	Loss Disc 6.7101e-01 (6.6416e-01)	Loss Pred 6.0096e-01 (5.9454e-01)	Loss TOTAL 1.0396e+00 (9.8133e-01)
Epoch: [12][ 50/313]	L_Src_Sup 1.4434e-01 (2.0071e-01)	L_Trg_Inj 1.8730e-01 (2.8880e-01)	Loss Disc 6.6517e-01 (6.6453e-01)	Loss Pred 5.7645e-01 (5.9255e-01)	Loss TOTAL 9.4220e-01 (9.7831e-01)
Epoch: [12][ 60/313]	L_Src_Sup 2.6264e-01 (2.0475e-01)	L_Trg_Inj 2.9624e-01 (2.8745e-01)	Loss Disc 6.9331e-01 (6.6944e-01)	Loss Pred 5.6911e-01 (5.9060e-01)	Loss TOTAL 9.7166e-01 (9.8044e-01)
Epoch: [12][ 70/313]	L_Src_Sup 1.6496e-01 (2.0644e-01)	L_Trg_Inj 3.9076e-01 (2.8893e-01)	Loss Disc 6.9318e-01 (6.7284e-01)	Loss Pred 5.7615e-01 (5.9019e-01)	Loss TOTAL 9.7831e-01 (9.8368e-01)
Epoch: [12][ 80/313]	L_Src_Sup 2.2728e-01 (2.0730e-01)	L_Trg_Inj 3.2788e-01 (2.8462e-01)	Loss Disc 6.9327e-01 (6.7539e-01)	Loss Pred 6.0837e-01 (5.9086e-01)	Loss TOTAL 1.0105e+00 (9.8762e-01)
Epoch: [12][ 90/313]	L_Src_Sup 2.1978e-01 (2.0689e-01)	L_Trg_Inj 1.8741e-01 (2.8331e-01)	Loss Disc 6.9318e-01 (6.7736e-01)	Loss Pred 5.9758e-01 (5.9098e-01)	Loss TOTAL 1.0173e+00 (9.8801e-01)
Epoch: [12][100/313]	L_Src_Sup 2.1740e-01 (2.0627e-01)	L_Trg_Inj 3.7485e-01 (2.8637e-01)	Loss Disc 6.9318e-01 (6.7895e-01)	Loss Pred 5.9403e-01 (5.9066e-01)	Loss TOTAL 9.9985e-01 (9.8876e-01)
Epoch: [12][110/313]	L_Src_Sup 1.5842e-01 (2.0490e-01)	L_Trg_Inj 2.3428e-01 (2.8462e-01)	Loss Disc 6.9308e-01 (6.8024e-01)	Loss Pred 5.6187e-01 (5.8990e-01)	Loss TOTAL 9.4768e-01 (9.8792e-01)
Epoch: [12][120/313]	L_Src_Sup 1.7778e-01 (2.0501e-01)	L_Trg_Inj 2.9673e-01 (2.8217e-01)	Loss Disc 6.9292e-01 (6.8130e-01)	Loss Pred 6.0134e-01 (5.8971e-01)	Loss TOTAL 9.9525e-01 (9.8823e-01)
Epoch: [12][130/313]	L_Src_Sup 2.2681e-01 (2.0570e-01)	L_Trg_Inj 3.4363e-01 (2.8087e-01)	Loss Disc 6.9320e-01 (6.8222e-01)	Loss Pred 5.7602e-01 (5.8932e-01)	Loss TOTAL 9.7966e-01 (9.8837e-01)
Epoch: [12][140/313]	L_Src_Sup 2.1430e-01 (2.0593e-01)	L_Trg_Inj 3.2801e-01 (2.8267e-01)	Loss Disc 6.9194e-01 (6.8298e-01)	Loss Pred 6.2365e-01 (5.8902e-01)	Loss TOTAL 1.0239e+00 (9.8799e-01)
Epoch: [12][150/313]	L_Src_Sup 1.5056e-01 (2.0761e-01)	L_Trg_Inj 2.9673e-01 (2.8626e-01)	Loss Disc 6.9829e-01 (6.8327e-01)	Loss Pred 5.9079e-01 (5.8871e-01)	Loss TOTAL 9.8467e-01 (9.8802e-01)
Epoch: [12][160/313]	L_Src_Sup 1.7993e-01 (2.0886e-01)	L_Trg_Inj 2.8114e-01 (2.8634e-01)	Loss Disc 6.9157e-01 (6.8389e-01)	Loss Pred 6.0505e-01 (5.8943e-01)	Loss TOTAL 9.9694e-01 (9.8914e-01)
Epoch: [12][170/313]	L_Src_Sup 1.7212e-01 (2.0747e-01)	L_Trg_Inj 2.2010e-01 (2.8689e-01)	Loss Disc 6.9199e-01 (6.8439e-01)	Loss Pred 5.9066e-01 (5.8918e-01)	Loss TOTAL 9.7588e-01 (9.8891e-01)
Epoch: [12][180/313]	L_Src_Sup 2.4184e-01 (2.0839e-01)	L_Trg_Inj 2.4977e-01 (2.8777e-01)	Loss Disc 6.9188e-01 (6.8481e-01)	Loss Pred 5.9806e-01 (5.8938e-01)	Loss TOTAL 9.9316e-01 (9.8954e-01)
Epoch: [12][190/313]	L_Src_Sup 3.5794e-01 (2.0788e-01)	L_Trg_Inj 3.2701e-01 (2.8673e-01)	Loss Disc 6.9191e-01 (6.8522e-01)	Loss Pred 5.8333e-01 (5.8911e-01)	Loss TOTAL 1.0287e+00 (9.8911e-01)
Epoch: [12][200/313]	L_Src_Sup 6.6670e-02 (2.0664e-01)	L_Trg_Inj 3.2795e-01 (2.8785e-01)	Loss Disc 6.9062e-01 (6.8559e-01)	Loss Pred 6.0163e-01 (5.8873e-01)	Loss TOTAL 9.8640e-01 (9.8850e-01)
Epoch: [12][210/313]	L_Src_Sup 2.7163e-01 (2.0656e-01)	L_Trg_Inj 3.7462e-01 (2.8779e-01)	Loss Disc 6.9001e-01 (6.8594e-01)	Loss Pred 6.3566e-01 (5.8826e-01)	Loss TOTAL 1.0453e+00 (9.8784e-01)
Epoch: [12][220/313]	L_Src_Sup 3.1584e-01 (2.0640e-01)	L_Trg_Inj 3.2636e-01 (2.8803e-01)	Loss Disc 6.9171e-01 (6.8623e-01)	Loss Pred 5.8319e-01 (5.8837e-01)	Loss TOTAL 9.9326e-01 (9.8777e-01)
Epoch: [12][230/313]	L_Src_Sup 1.7208e-01 (2.0512e-01)	L_Trg_Inj 3.2632e-02 (2.8688e-01)	Loss Disc 6.9440e-01 (6.8653e-01)	Loss Pred 5.7215e-01 (5.8837e-01)	Loss TOTAL 1.0793e+00 (9.8836e-01)
Epoch: [12][240/313]	L_Src_Sup 1.8758e-01 (2.0545e-01)	L_Trg_Inj 4.0498e-01 (2.8646e-01)	Loss Disc 6.8981e-01 (6.8675e-01)	Loss Pred 5.7975e-01 (5.8838e-01)	Loss TOTAL 9.8391e-01 (9.8896e-01)
Epoch: [12][250/313]	L_Src_Sup 3.1821e-01 (2.0559e-01)	L_Trg_Inj 3.5861e-01 (2.8635e-01)	Loss Disc 6.8789e-01 (6.8687e-01)	Loss Pred 6.0898e-01 (5.8855e-01)	Loss TOTAL 1.0206e+00 (9.8915e-01)
Epoch: [12][260/313]	L_Src_Sup 2.9174e-01 (2.0538e-01)	L_Trg_Inj 2.9608e-01 (2.8731e-01)	Loss Disc 6.9015e-01 (6.8701e-01)	Loss Pred 5.7955e-01 (5.8833e-01)	Loss TOTAL 9.8341e-01 (9.8918e-01)
Epoch: [12][270/313]	L_Src_Sup 1.0870e-01 (2.0498e-01)	L_Trg_Inj 3.8904e-01 (2.8724e-01)	Loss Disc 6.8976e-01 (6.8715e-01)	Loss Pred 5.9419e-01 (5.8862e-01)	Loss TOTAL 9.8884e-01 (9.8936e-01)
Epoch: [12][280/313]	L_Src_Sup 1.5559e-01 (2.0450e-01)	L_Trg_Inj 3.1121e-01 (2.8742e-01)	Loss Disc 6.9072e-01 (6.8728e-01)	Loss Pred 6.0165e-01 (5.8840e-01)	Loss TOTAL 9.9368e-01 (9.8899e-01)
Epoch: [12][290/313]	L_Src_Sup 1.7206e-01 (2.0475e-01)	L_Trg_Inj 2.8007e-01 (2.8725e-01)	Loss Disc 6.9136e-01 (6.8740e-01)	Loss Pred 5.9059e-01 (5.8830e-01)	Loss TOTAL 9.8148e-01 (9.8877e-01)
Epoch: [12][300/313]	L_Src_Sup 2.4491e-01 (2.0507e-01)	L_Trg_Inj 3.4122e-01 (2.8669e-01)	Loss Disc 6.9334e-01 (6.8751e-01)	Loss Pred 5.7240e-01 (5.8854e-01)	Loss TOTAL 9.7769e-01 (9.8880e-01)
Epoch: [12][310/313]	L_Src_Sup 1.8183e-01 (2.0469e-01)	L_Trg_Inj 2.8030e-01 (2.8611e-01)	Loss Disc 6.8955e-01 (6.8763e-01)	Loss Pred 6.0851e-01 (5.8875e-01)	Loss TOTAL 9.9950e-01 (9.8925e-01)
Epoch: [12][313/313]	L_Src_Sup 3.2263e-01 (2.0506e-01)	L_Trg_Inj 2.3364e-01 (2.8651e-01)	Loss Disc 6.9031e-01 (6.8764e-01)	Loss Pred 5.9051e-01 (5.8887e-01)	Loss TOTAL 1.0803e+00 (9.8967e-01)
Epoch 12 complete. Saving model state...
Epoch: [13][ 10/313]	L_Src_Sup 1.3046e-01 (1.9308e-01)	L_Trg_Inj 3.1131e-01 (2.7532e-01)	Loss Disc 6.9070e-01 (6.9117e-01)	Loss Pred 5.9399e-01 (5.9691e-01)	Loss TOTAL 9.8352e-01 (9.9753e-01)
Epoch: [13][ 20/313]	L_Src_Sup 1.9832e-01 (2.0944e-01)	L_Trg_Inj 3.1192e-01 (2.8623e-01)	Loss Disc 6.9103e-01 (6.9084e-01)	Loss Pred 5.6279e-01 (5.9442e-01)	Loss TOTAL 9.5933e-01 (9.9622e-01)
Epoch: [13][ 30/313]	L_Src_Sup 2.6541e-01 (2.1086e-01)	L_Trg_Inj 1.9956e-01 (2.7911e-01)	Loss Disc 6.9255e-01 (6.9093e-01)	Loss Pred 5.7308e-01 (5.9277e-01)	Loss TOTAL 1.0317e+00 (9.9945e-01)
Epoch: [13][ 40/313]	L_Src_Sup 1.4598e-01 (2.0321e-01)	L_Trg_Inj 2.8074e-01 (2.7793e-01)	Loss Disc 6.9070e-01 (6.9094e-01)	Loss Pred 5.7992e-01 (5.9115e-01)	Loss TOTAL 9.6794e-01 (9.9643e-01)
Epoch: [13][ 50/313]	L_Src_Sup 1.2633e-01 (2.0233e-01)	L_Trg_Inj 2.4967e-01 (2.8055e-01)	Loss Disc 6.9153e-01 (6.9089e-01)	Loss Pred 5.8340e-01 (5.8905e-01)	Loss TOTAL 9.6676e-01 (9.9354e-01)
Epoch: [13][ 60/313]	L_Src_Sup 1.6001e-01 (2.0191e-01)	L_Trg_Inj 3.4324e-01 (2.8099e-01)	Loss Disc 6.9027e-01 (6.9089e-01)	Loss Pred 5.6535e-01 (5.8828e-01)	Loss TOTAL 9.6081e-01 (9.9329e-01)
Epoch: [13][ 70/313]	L_Src_Sup 1.9782e-01 (2.0555e-01)	L_Trg_Inj 2.4965e-01 (2.7694e-01)	Loss Disc 6.9108e-01 (6.9098e-01)	Loss Pred 5.9771e-01 (5.8912e-01)	Loss TOTAL 9.8800e-01 (9.9668e-01)
Epoch: [13][ 80/313]	L_Src_Sup 1.5847e-01 (2.0405e-01)	L_Trg_Inj 3.7453e-01 (2.7606e-01)	Loss Disc 6.9189e-01 (6.9100e-01)	Loss Pred 5.6176e-01 (5.8840e-01)	Loss TOTAL 9.6101e-01 (9.9470e-01)
Epoch: [13][ 90/313]	L_Src_Sup 1.5733e-01 (2.0085e-01)	L_Trg_Inj 3.5793e-01 (2.8055e-01)	Loss Disc 6.8795e-01 (6.9085e-01)	Loss Pred 6.0491e-01 (5.8916e-01)	Loss TOTAL 1.0004e+00 (9.9409e-01)
Epoch: [13][100/313]	L_Src_Sup 8.0425e-02 (2.0154e-01)	L_Trg_Inj 4.8403e-01 (2.8157e-01)	Loss Disc 6.8804e-01 (6.9083e-01)	Loss Pred 5.5830e-01 (5.8866e-01)	Loss TOTAL 9.5876e-01 (9.9391e-01)
Epoch: [13][110/313]	L_Src_Sup 2.2312e-01 (2.0085e-01)	L_Trg_Inj 3.1244e-01 (2.8537e-01)	Loss Disc 6.8862e-01 (6.9066e-01)	Loss Pred 5.6901e-01 (5.8836e-01)	Loss TOTAL 9.6688e-01 (9.9382e-01)
Epoch: [13][120/313]	L_Src_Sup 1.2501e-01 (1.9888e-01)	L_Trg_Inj 3.5933e-01 (2.8567e-01)	Loss Disc 6.8898e-01 (6.9069e-01)	Loss Pred 5.7965e-01 (5.8812e-01)	Loss TOTAL 9.7257e-01 (9.9259e-01)
Epoch: [13][130/313]	L_Src_Sup 1.3646e-01 (1.9801e-01)	L_Trg_Inj 2.1871e-01 (2.8600e-01)	Loss Disc 6.9237e-01 (6.9067e-01)	Loss Pred 6.0867e-01 (5.8862e-01)	Loss TOTAL 9.9037e-01 (9.9220e-01)
Epoch: [13][140/313]	L_Src_Sup 1.1632e-01 (1.9723e-01)	L_Trg_Inj 2.6556e-01 (2.8533e-01)	Loss Disc 6.8815e-01 (6.9062e-01)	Loss Pred 6.1586e-01 (5.8877e-01)	Loss TOTAL 9.9812e-01 (9.9214e-01)
Epoch: [13][150/313]	L_Src_Sup 1.6844e-01 (1.9657e-01)	L_Trg_Inj 3.2805e-01 (2.8569e-01)	Loss Disc 6.9116e-01 (6.9064e-01)	Loss Pred 5.8331e-01 (5.8843e-01)	Loss TOTAL 9.7854e-01 (9.9113e-01)
Epoch: [13][160/313]	L_Src_Sup 1.6851e-01 (1.9629e-01)	L_Trg_Inj 2.6553e-01 (2.8584e-01)	Loss Disc 6.9082e-01 (6.9063e-01)	Loss Pred 5.8331e-01 (5.8837e-01)	Loss TOTAL 9.7213e-01 (9.9072e-01)
Epoch: [13][170/313]	L_Src_Sup 3.4823e-01 (1.9833e-01)	L_Trg_Inj 2.7483e-01 (2.8851e-01)	Loss Disc 6.9055e-01 (6.9059e-01)	Loss Pred 6.0844e-01 (5.8909e-01)	Loss TOTAL 1.0894e+00 (9.9187e-01)
Epoch: [13][180/313]	L_Src_Sup 2.5022e-01 (1.9962e-01)	L_Trg_Inj 3.2797e-01 (2.8790e-01)	Loss Disc 6.8828e-01 (6.9057e-01)	Loss Pred 5.8009e-01 (5.8871e-01)	Loss TOTAL 9.8205e-01 (9.9233e-01)
Epoch: [13][190/313]	L_Src_Sup 2.3770e-01 (1.9925e-01)	L_Trg_Inj 3.4360e-01 (2.8805e-01)	Loss Disc 6.9306e-01 (6.9058e-01)	Loss Pred 5.6143e-01 (5.8813e-01)	Loss TOTAL 9.6609e-01 (9.9122e-01)
Epoch: [13][200/313]	L_Src_Sup 1.5535e-01 (1.9880e-01)	L_Trg_Inj 1.8743e-01 (2.8755e-01)	Loss Disc 6.9456e-01 (6.9059e-01)	Loss Pred 5.5391e-01 (5.8796e-01)	Loss TOTAL 9.3548e-01 (9.9074e-01)
Epoch: [13][210/313]	L_Src_Sup 1.5731e-01 (1.9914e-01)	L_Trg_Inj 3.1241e-01 (2.8782e-01)	Loss Disc 6.8763e-01 (6.9055e-01)	Loss Pred 6.0509e-01 (5.8843e-01)	Loss TOTAL 9.9587e-01 (9.9156e-01)
Epoch: [13][220/313]	L_Src_Sup 1.7204e-01 (1.9965e-01)	L_Trg_Inj 2.8115e-01 (2.8766e-01)	Loss Disc 6.9424e-01 (6.9056e-01)	Loss Pred 5.9052e-01 (5.8859e-01)	Loss TOTAL 9.8296e-01 (9.9201e-01)
Epoch: [13][230/313]	L_Src_Sup 1.4433e-01 (1.9936e-01)	L_Trg_Inj 2.6555e-01 (2.8744e-01)	Loss Disc 6.9233e-01 (6.9056e-01)	Loss Pred 5.7612e-01 (5.8850e-01)	Loss TOTAL 9.6328e-01 (9.9164e-01)
Epoch: [13][240/313]	L_Src_Sup 3.0435e-01 (1.9976e-01)	L_Trg_Inj 2.9240e-01 (2.8795e-01)	Loss Disc 6.8821e-01 (6.9052e-01)	Loss Pred 5.9411e-01 (5.8854e-01)	Loss TOTAL 1.0098e+00 (9.9182e-01)
Epoch: [13][250/313]	L_Src_Sup 2.1514e-01 (1.9943e-01)	L_Trg_Inj 2.1868e-01 (2.8839e-01)	Loss Disc 6.9050e-01 (6.9052e-01)	Loss Pred 5.9061e-01 (5.8864e-01)	Loss TOTAL 9.7924e-01 (9.9173e-01)
Epoch: [13][260/313]	L_Src_Sup 1.3044e-01 (1.9982e-01)	L_Trg_Inj 2.8107e-01 (2.8763e-01)	Loss Disc 6.8944e-01 (6.9052e-01)	Loss Pred 5.9410e-01 (5.8878e-01)	Loss TOTAL 9.7997e-01 (9.9170e-01)
Epoch: [13][270/313]	L_Src_Sup 2.8038e-01 (1.9972e-01)	L_Trg_Inj 2.4992e-01 (2.8722e-01)	Loss Disc 6.9472e-01 (6.9052e-01)	Loss Pred 5.4082e-01 (5.8870e-01)	Loss TOTAL 9.7168e-01 (9.9136e-01)
Epoch: [13][280/313]	L_Src_Sup 1.9780e-01 (1.9969e-01)	L_Trg_Inj 2.6554e-01 (2.8672e-01)	Loss Disc 6.9004e-01 (6.9052e-01)	Loss Pred 5.9761e-01 (5.8887e-01)	Loss TOTAL 9.8897e-01 (9.9166e-01)
Epoch: [13][290/313]	L_Src_Sup 1.6000e-01 (2.0102e-01)	L_Trg_Inj 3.2801e-01 (2.8691e-01)	Loss Disc 6.9059e-01 (6.9054e-01)	Loss Pred 5.6546e-01 (5.8865e-01)	Loss TOTAL 9.5955e-01 (9.9166e-01)
Epoch: [13][300/313]	L_Src_Sup 2.0000e-01 (2.0152e-01)	L_Trg_Inj 2.6554e-01 (2.8691e-01)	Loss Disc 6.9253e-01 (6.9054e-01)	Loss Pred 5.6558e-01 (5.8876e-01)	Loss TOTAL 9.5840e-01 (9.9164e-01)
Epoch: [13][310/313]	L_Src_Sup 1.7582e-01 (2.0101e-01)	L_Trg_Inj 3.1236e-01 (2.8657e-01)	Loss Disc 6.8857e-01 (6.9053e-01)	Loss Pred 5.9764e-01 (5.8880e-01)	Loss TOTAL 9.9074e-01 (9.9160e-01)
Epoch: [13][313/313]	L_Src_Sup 1.8605e-01 (2.0086e-01)	L_Trg_Inj 2.3428e-01 (2.8731e-01)	Loss Disc 6.9007e-01 (6.9052e-01)	Loss Pred 6.1554e-01 (5.8880e-01)	Loss TOTAL 1.0026e+00 (9.9156e-01)
Epoch 13 complete. Saving model state...
Epoch: [14][ 10/313]	L_Src_Sup 2.2449e-01 (1.8978e-01)	L_Trg_Inj 1.8742e-01 (2.9345e-01)	Loss Disc 6.9366e-01 (6.9105e-01)	Loss Pred 5.7226e-01 (5.7360e-01)	Loss TOTAL 9.9735e-01 (9.7173e-01)
Epoch: [14][ 20/313]	L_Src_Sup 2.9168e-01 (2.0398e-01)	L_Trg_Inj 2.4972e-01 (2.7526e-01)	Loss Disc 6.9225e-01 (6.9115e-01)	Loss Pred 5.7958e-01 (5.8046e-01)	Loss TOTAL 1.0218e+00 (9.8577e-01)
Epoch: [14][ 30/313]	L_Src_Sup 1.7804e-01 (2.0206e-01)	L_Trg_Inj 2.4942e-01 (2.8034e-01)	Loss Disc 6.9295e-01 (6.9091e-01)	Loss Pred 5.6136e-01 (5.8179e-01)	Loss TOTAL 9.5058e-01 (9.8336e-01)
Epoch: [14][ 40/313]	L_Src_Sup 2.5293e-01 (2.0420e-01)	L_Trg_Inj 2.3370e-01 (2.8066e-01)	Loss Disc 6.9079e-01 (6.9095e-01)	Loss Pred 6.1318e-01 (5.8187e-01)	Loss TOTAL 1.0265e+00 (9.8323e-01)
Epoch: [14][ 50/313]	L_Src_Sup 3.1461e-01 (2.0686e-01)	L_Trg_Inj 3.2286e-01 (2.7570e-01)	Loss Disc 6.8978e-01 (6.9100e-01)	Loss Pred 6.0537e-01 (5.8437e-01)	Loss TOTAL 1.0140e+00 (9.8738e-01)
Epoch: [14][ 60/313]	L_Src_Sup 1.3726e-01 (2.0810e-01)	L_Trg_Inj 1.7182e-01 (2.7858e-01)	Loss Disc 6.9210e-01 (6.9085e-01)	Loss Pred 5.5775e-01 (5.8548e-01)	Loss TOTAL 9.3471e-01 (9.8845e-01)
Epoch: [14][ 70/313]	L_Src_Sup 1.7294e-01 (2.0425e-01)	L_Trg_Inj 2.9670e-01 (2.7917e-01)	Loss Disc 6.8780e-01 (6.9076e-01)	Loss Pred 6.0879e-01 (5.8646e-01)	Loss TOTAL 9.9965e-01 (9.8780e-01)
Epoch: [14][ 80/313]	L_Src_Sup 2.4694e-01 (2.0273e-01)	L_Trg_Inj 2.4514e-01 (2.7840e-01)	Loss Disc 6.9368e-01 (6.9098e-01)	Loss Pred 5.7312e-01 (5.8709e-01)	Loss TOTAL 9.7097e-01 (9.8801e-01)
Epoch: [14][ 90/313]	L_Src_Sup 2.8279e-01 (2.0739e-01)	L_Trg_Inj 2.9620e-01 (2.7930e-01)	Loss Disc 6.8768e-01 (6.9083e-01)	Loss Pred 6.1931e-01 (5.8848e-01)	Loss TOTAL 1.0210e+00 (9.9061e-01)
Epoch: [14][100/313]	L_Src_Sup 2.9423e-01 (2.0925e-01)	L_Trg_Inj 2.8006e-01 (2.8188e-01)	Loss Disc 6.9132e-01 (6.9067e-01)	Loss Pred 5.5908e-01 (5.8828e-01)	Loss TOTAL 9.7635e-01 (9.9122e-01)
Epoch: [14][110/313]	L_Src_Sup 1.2633e-01 (2.0772e-01)	L_Trg_Inj 4.5973e-01 (2.8462e-01)	Loss Disc 6.8697e-01 (6.9058e-01)	Loss Pred 5.8351e-01 (5.8879e-01)	Loss TOTAL 9.8560e-01 (9.9151e-01)
Epoch: [14][120/313]	L_Src_Sup 1.0000e-01 (2.0924e-01)	L_Trg_Inj 2.6425e-01 (2.8562e-01)	Loss Disc 6.9219e-01 (6.9057e-01)	Loss Pred 5.6574e-01 (5.8861e-01)	Loss TOTAL 9.4826e-01 (9.9121e-01)
Epoch: [14][130/313]	L_Src_Sup 2.0458e-01 (2.0830e-01)	L_Trg_Inj 2.9666e-01 (2.8461e-01)	Loss Disc 6.9015e-01 (6.9057e-01)	Loss Pred 6.0830e-01 (5.8888e-01)	Loss TOTAL 1.0035e+00 (9.9106e-01)
Epoch: [14][140/313]	L_Src_Sup 1.6863e-01 (2.0872e-01)	L_Trg_Inj 1.5607e-01 (2.8453e-01)	Loss Disc 6.9654e-01 (6.9061e-01)	Loss Pred 5.8368e-01 (5.8889e-01)	Loss TOTAL 9.7698e-01 (9.9076e-01)
Epoch: [14][150/313]	L_Src_Sup 2.4270e-01 (2.0577e-01)	L_Trg_Inj 2.9638e-01 (2.8430e-01)	Loss Disc 6.9111e-01 (6.9075e-01)	Loss Pred 5.9758e-01 (5.8932e-01)	Loss TOTAL 9.9704e-01 (9.9052e-01)
Epoch: [14][160/313]	L_Src_Sup 2.6267e-01 (2.0685e-01)	L_Trg_Inj 2.3389e-01 (2.8300e-01)	Loss Disc 6.9150e-01 (6.9079e-01)	Loss Pred 5.6929e-01 (5.8878e-01)	Loss TOTAL 9.9349e-01 (9.9002e-01)
Epoch: [14][170/313]	L_Src_Sup 2.1506e-01 (2.0409e-01)	L_Trg_Inj 2.3399e-01 (2.8251e-01)	Loss Disc 6.9173e-01 (6.9080e-01)	Loss Pred 5.9061e-01 (5.8895e-01)	Loss TOTAL 9.8138e-01 (9.8946e-01)
Epoch: [14][180/313]	L_Src_Sup 1.4142e-01 (2.0232e-01)	L_Trg_Inj 3.4277e-01 (2.8431e-01)	Loss Disc 6.8903e-01 (6.9076e-01)	Loss Pred 5.6919e-01 (5.8884e-01)	Loss TOTAL 9.6212e-01 (9.8944e-01)
Epoch: [14][190/313]	L_Src_Sup 2.5288e-01 (2.0270e-01)	L_Trg_Inj 2.9518e-01 (2.8540e-01)	Loss Disc 6.9195e-01 (6.9073e-01)	Loss Pred 6.1208e-01 (5.8871e-01)	Loss TOTAL 1.0129e+00 (9.8979e-01)
Epoch: [14][200/313]	L_Src_Sup 1.4895e-01 (2.0204e-01)	L_Trg_Inj 1.5608e-01 (2.8484e-01)	Loss Disc 6.9239e-01 (6.9070e-01)	Loss Pred 5.8694e-01 (5.8875e-01)	Loss TOTAL 9.6364e-01 (9.9039e-01)
Epoch: [14][210/313]	L_Src_Sup 2.3656e-01 (2.0320e-01)	L_Trg_Inj 2.3412e-01 (2.8428e-01)	Loss Disc 6.9177e-01 (6.9074e-01)	Loss Pred 5.9054e-01 (5.8849e-01)	Loss TOTAL 9.8594e-01 (9.9070e-01)
Epoch: [14][220/313]	L_Src_Sup 1.9812e-01 (2.0373e-01)	L_Trg_Inj 2.1791e-01 (2.8382e-01)	Loss Disc 6.9147e-01 (6.9075e-01)	Loss Pred 5.6173e-01 (5.8839e-01)	Loss TOTAL 9.4907e-01 (9.9058e-01)
Epoch: [14][230/313]	L_Src_Sup 1.6094e-01 (2.0411e-01)	L_Trg_Inj 1.8739e-01 (2.8297e-01)	Loss Disc 6.8974e-01 (6.9073e-01)	Loss Pred 6.1257e-01 (5.8833e-01)	Loss TOTAL 9.9227e-01 (9.9081e-01)
Epoch: [14][240/313]	L_Src_Sup 1.9565e-01 (2.0425e-01)	L_Trg_Inj 2.8104e-01 (2.8424e-01)	Loss Disc 6.9047e-01 (6.9070e-01)	Loss Pred 5.9423e-01 (5.8832e-01)	Loss TOTAL 9.8713e-01 (9.9075e-01)
Epoch: [14][250/313]	L_Src_Sup 1.8605e-01 (2.0445e-01)	L_Trg_Inj 3.7462e-01 (2.8567e-01)	Loss Disc 6.8864e-01 (6.9068e-01)	Loss Pred 6.1655e-01 (5.8805e-01)	Loss TOTAL 1.0169e+00 (9.9030e-01)
Epoch: [14][260/313]	L_Src_Sup 1.1909e-01 (2.0362e-01)	L_Trg_Inj 3.5263e-01 (2.8574e-01)	Loss Disc 6.8809e-01 (6.9067e-01)	Loss Pred 6.2309e-01 (5.8865e-01)	Loss TOTAL 1.0143e+00 (9.9063e-01)
Epoch: [14][270/313]	L_Src_Sup 2.0000e-01 (2.0450e-01)	L_Trg_Inj 2.3394e-01 (2.8519e-01)	Loss Disc 6.9100e-01 (6.9066e-01)	Loss Pred 6.0116e-01 (5.8889e-01)	Loss TOTAL 9.9005e-01 (9.9146e-01)
Epoch: [14][280/313]	L_Src_Sup 1.0753e-01 (2.0366e-01)	L_Trg_Inj 2.8072e-01 (2.8504e-01)	Loss Disc 6.9299e-01 (6.9066e-01)	Loss Pred 5.9049e-01 (5.8908e-01)	Loss TOTAL 9.7581e-01 (9.9138e-01)
Epoch: [14][290/313]	L_Src_Sup 2.3256e-01 (2.0327e-01)	L_Trg_Inj 2.1724e-01 (2.8577e-01)	Loss Disc 6.8968e-01 (6.9063e-01)	Loss Pred 6.1490e-01 (5.8917e-01)	Loss TOTAL 1.0200e+00 (9.9127e-01)
Epoch: [14][300/313]	L_Src_Sup 1.7978e-01 (2.0319e-01)	L_Trg_Inj 2.4976e-01 (2.8616e-01)	Loss Disc 6.9019e-01 (6.9063e-01)	Loss Pred 6.0463e-01 (5.8904e-01)	Loss TOTAL 9.9268e-01 (9.9140e-01)
Epoch: [14][310/313]	L_Src_Sup 1.2766e-01 (2.0229e-01)	L_Trg_Inj 2.4967e-01 (2.8624e-01)	Loss Disc 6.8902e-01 (6.9061e-01)	Loss Pred 5.8694e-01 (5.8886e-01)	Loss TOTAL 9.6918e-01 (9.9087e-01)
Epoch: [14][313/313]	L_Src_Sup 2.5000e-01 (2.0223e-01)	L_Trg_Inj 2.1855e-01 (2.8614e-01)	Loss Disc 6.9129e-01 (6.9059e-01)	Loss Pred 5.7983e-01 (5.8889e-01)	Loss TOTAL 1.0038e+00 (9.9090e-01)
Epoch 14 complete. Saving model state...
Epoch: [15][ 10/313]	L_Src_Sup 2.8283e-01 (1.9957e-01)	L_Trg_Inj 2.4927e-01 (2.7080e-01)	Loss Disc 6.9707e-01 (6.9044e-01)	Loss Pred 5.6923e-01 (5.9054e-01)	Loss TOTAL 1.0045e+00 (9.8835e-01)
Epoch: [15][ 20/313]	L_Src_Sup 1.6162e-01 (2.0088e-01)	L_Trg_Inj 2.3870e-01 (2.6901e-01)	Loss Disc 6.9475e-01 (6.9062e-01)	Loss Pred 5.6935e-01 (5.9035e-01)	Loss TOTAL 9.5676e-01 (9.9549e-01)
Epoch: [15][ 30/313]	L_Src_Sup 1.8566e-01 (1.9763e-01)	L_Trg_Inj 3.7457e-01 (2.6456e-01)	Loss Disc 6.8916e-01 (6.9092e-01)	Loss Pred 5.7612e-01 (5.8624e-01)	Loss TOTAL 9.7673e-01 (9.8985e-01)
Epoch: [15][ 40/313]	L_Src_Sup 2.7453e-01 (1.9713e-01)	L_Trg_Inj 2.6919e-01 (2.7242e-01)	Loss Disc 6.9331e-01 (6.9079e-01)	Loss Pred 5.5839e-01 (5.8823e-01)	Loss TOTAL 9.6476e-01 (9.8986e-01)
Epoch: [15][ 50/313]	L_Src_Sup 1.7583e-01 (1.9262e-01)	L_Trg_Inj 2.8081e-01 (2.7418e-01)	Loss Disc 6.9021e-01 (6.9076e-01)	Loss Pred 5.9768e-01 (5.8845e-01)	Loss TOTAL 9.8845e-01 (9.8794e-01)
Epoch: [15][ 60/313]	L_Src_Sup 8.7913e-02 (1.9393e-01)	L_Trg_Inj 3.5916e-01 (2.7798e-01)	Loss Disc 6.8834e-01 (6.9063e-01)	Loss Pred 5.9764e-01 (5.8898e-01)	Loss TOTAL 9.8651e-01 (9.8773e-01)
Epoch: [15][ 70/313]	L_Src_Sup 3.0613e-01 (1.9193e-01)	L_Trg_Inj 2.9659e-01 (2.8355e-01)	Loss Disc 6.9028e-01 (6.9044e-01)	Loss Pred 5.7279e-01 (5.8931e-01)	Loss TOTAL 9.8775e-01 (9.8778e-01)
Epoch: [15][ 80/313]	L_Src_Sup 3.1579e-01 (1.9128e-01)	L_Trg_Inj 3.1278e-01 (2.9158e-01)	Loss Disc 6.8829e-01 (6.9021e-01)	Loss Pred 5.8348e-01 (5.8999e-01)	Loss TOTAL 9.9349e-01 (9.8841e-01)
Epoch: [15][ 90/313]	L_Src_Sup 1.9356e-01 (1.9200e-01)	L_Trg_Inj 2.1531e-01 (2.9053e-01)	Loss Disc 6.9167e-01 (6.9018e-01)	Loss Pred 5.9048e-01 (5.9009e-01)	Loss TOTAL 9.7720e-01 (9.8865e-01)
Epoch: [15][100/313]	L_Src_Sup 2.0358e-01 (1.9315e-01)	L_Trg_Inj 2.8117e-01 (2.9221e-01)	Loss Disc 6.9286e-01 (6.9015e-01)	Loss Pred 5.7300e-01 (5.8999e-01)	Loss TOTAL 9.6791e-01 (9.8850e-01)
Epoch: [15][110/313]	L_Src_Sup 2.2449e-01 (1.9469e-01)	L_Trg_Inj 1.5619e-01 (2.9308e-01)	Loss Disc 6.9400e-01 (6.9016e-01)	Loss Pred 5.7292e-01 (5.8969e-01)	Loss TOTAL 1.0263e+00 (9.8926e-01)
Epoch: [15][120/313]	L_Src_Sup 2.1062e-01 (1.9354e-01)	L_Trg_Inj 3.9050e-01 (2.9404e-01)	Loss Disc 6.9008e-01 (6.9025e-01)	Loss Pred 5.8371e-01 (5.8906e-01)	Loss TOTAL 9.8886e-01 (9.8834e-01)
Epoch: [15][130/313]	L_Src_Sup 1.5400e-01 (1.9241e-01)	L_Trg_Inj 3.1239e-01 (2.9305e-01)	Loss Disc 6.9066e-01 (6.9043e-01)	Loss Pred 5.9794e-01 (5.8988e-01)	Loss TOTAL 9.8991e-01 (9.8870e-01)
Epoch: [15][140/313]	L_Src_Sup 1.3486e-01 (1.9417e-01)	L_Trg_Inj 2.6550e-01 (2.9430e-01)	Loss Disc 6.9115e-01 (6.9042e-01)	Loss Pred 6.0440e-01 (5.9046e-01)	Loss TOTAL 9.9001e-01 (9.8982e-01)
Epoch: [15][150/313]	L_Src_Sup 2.7897e-01 (1.9589e-01)	L_Trg_Inj 2.6510e-01 (2.9459e-01)	Loss Disc 6.9109e-01 (6.9043e-01)	Loss Pred 5.9052e-01 (5.9053e-01)	Loss TOTAL 1.0043e+00 (9.8996e-01)
Epoch: [15][160/313]	L_Src_Sup 1.8847e-01 (1.9673e-01)	L_Trg_Inj 2.4997e-01 (2.9404e-01)	Loss Disc 6.9373e-01 (6.9039e-01)	Loss Pred 5.8022e-01 (5.9058e-01)	Loss TOTAL 9.7093e-01 (9.9008e-01)
Epoch: [15][170/313]	L_Src_Sup 1.5534e-01 (1.9766e-01)	L_Trg_Inj 2.6985e-01 (2.9110e-01)	Loss Disc 6.9125e-01 (6.9048e-01)	Loss Pred 5.5543e-01 (5.8982e-01)	Loss TOTAL 9.4358e-01 (9.9072e-01)
Epoch: [15][180/313]	L_Src_Sup 2.0049e-01 (2.0853e-01)	L_Trg_Inj 2.6519e-01 (2.9354e-01)	Loss Disc 6.7978e-01 (6.9030e-01)	Loss Pred 6.0218e-01 (5.9031e-01)	Loss TOTAL 9.8863e-01 (9.9915e-01)
Epoch: [15][190/313]	L_Src_Sup 1.9037e-01 (2.0875e-01)	L_Trg_Inj 2.6541e-01 (2.9268e-01)	Loss Disc 6.6283e-01 (6.8949e-01)	Loss Pred 6.2348e-01 (5.8991e-01)	Loss TOTAL 1.0005e+00 (9.9760e-01)
Epoch: [15][200/313]	L_Src_Sup 1.8185e-01 (2.0777e-01)	L_Trg_Inj 3.8450e-01 (2.9092e-01)	Loss Disc 6.5618e-01 (6.8827e-01)	Loss Pred 6.0875e-01 (5.8994e-01)	Loss TOTAL 9.9347e-01 (9.9664e-01)
Epoch: [15][210/313]	L_Src_Sup 2.7275e-01 (2.0716e-01)	L_Trg_Inj 4.7641e-01 (2.9259e-01)	Loss Disc 6.5470e-01 (6.8706e-01)	Loss Pred 6.0864e-01 (5.8980e-01)	Loss TOTAL 1.0109e+00 (9.9553e-01)
Epoch: [15][220/313]	L_Src_Sup 6.9742e-02 (2.0757e-01)	L_Trg_Inj 3.1231e-01 (2.9154e-01)	Loss Disc 6.4976e-01 (6.8621e-01)	Loss Pred 6.1563e-01 (5.8990e-01)	Loss TOTAL 9.7871e-01 (9.9550e-01)
Epoch: [15][230/313]	L_Src_Sup 1.7778e-01 (2.0777e-01)	L_Trg_Inj 3.7475e-01 (2.9117e-01)	Loss Disc 6.6616e-01 (6.8544e-01)	Loss Pred 6.0134e-01 (5.8962e-01)	Loss TOTAL 9.8967e-01 (9.9467e-01)
Epoch: [15][240/313]	L_Src_Sup 2.3256e-01 (2.0676e-01)	L_Trg_Inj 2.9662e-01 (2.9183e-01)	Loss Disc 6.5392e-01 (6.8462e-01)	Loss Pred 6.1573e-01 (5.8969e-01)	Loss TOTAL 9.9561e-01 (9.9384e-01)
Epoch: [15][250/313]	L_Src_Sup 8.2475e-02 (2.0623e-01)	L_Trg_Inj 2.4973e-01 (2.9147e-01)	Loss Disc 6.7386e-01 (6.8364e-01)	Loss Pred 5.7640e-01 (5.8993e-01)	Loss TOTAL 9.4655e-01 (9.9309e-01)
Epoch: [15][260/313]	L_Src_Sup 1.7204e-01 (2.0506e-01)	L_Trg_Inj 2.2394e-01 (2.9095e-01)	Loss Disc 6.6121e-01 (6.8287e-01)	Loss Pred 5.9051e-01 (5.8965e-01)	Loss TOTAL 9.6071e-01 (9.9198e-01)
Epoch: [15][270/313]	L_Src_Sup 2.6374e-01 (2.0512e-01)	L_Trg_Inj 2.9640e-01 (2.9077e-01)	Loss Disc 6.5844e-01 (6.8231e-01)	Loss Pred 5.9762e-01 (5.8975e-01)	Loss TOTAL 9.8285e-01 (9.9145e-01)
Epoch: [15][280/313]	L_Src_Sup 1.6667e-01 (2.0405e-01)	L_Trg_Inj 2.4869e-01 (2.8985e-01)	Loss Disc 6.6097e-01 (6.8162e-01)	Loss Pred 5.7982e-01 (5.8970e-01)	Loss TOTAL 9.5185e-01 (9.9061e-01)
Epoch: [15][290/313]	L_Src_Sup 1.2766e-01 (2.0391e-01)	L_Trg_Inj 3.3618e-01 (2.9067e-01)	Loss Disc 6.6521e-01 (6.8111e-01)	Loss Pred 5.8697e-01 (5.8967e-01)	Loss TOTAL 9.6596e-01 (9.9002e-01)
Epoch: [15][300/313]	L_Src_Sup 2.2691e-01 (2.0495e-01)	L_Trg_Inj 3.5857e-01 (2.9066e-01)	Loss Disc 6.7377e-01 (6.8065e-01)	Loss Pred 5.7604e-01 (5.8931e-01)	Loss TOTAL 9.7147e-01 (9.8953e-01)
Epoch: [15][310/313]	L_Src_Sup 8.4215e-02 (2.0450e-01)	L_Trg_Inj 1.8713e-01 (2.9072e-01)	Loss Disc 6.6179e-01 (6.8016e-01)	Loss Pred 5.8320e-01 (5.8898e-01)	Loss TOTAL 9.4123e-01 (9.8882e-01)
Epoch: [15][313/313]	L_Src_Sup 1.7366e-01 (2.0436e-01)	L_Trg_Inj 2.6525e-01 (2.9062e-01)	Loss Disc 6.7237e-01 (6.7997e-01)	Loss Pred 5.5013e-01 (5.8903e-01)	Loss TOTAL 9.3021e-01 (9.8865e-01)
Epoch 15 complete. Saving model state...
Epoch: [16][ 10/313]	L_Src_Sup 1.7022e-01 (1.9058e-01)	L_Trg_Inj 3.4238e-01 (2.7824e-01)	Loss Disc 6.7190e-01 (6.7137e-01)	Loss Pred 5.8690e-01 (5.7689e-01)	Loss TOTAL 9.7411e-01 (9.6198e-01)
Epoch: [16][ 20/313]	L_Src_Sup 2.6967e-01 (1.8522e-01)	L_Trg_Inj 2.8071e-01 (2.7954e-01)	Loss Disc 6.5766e-01 (6.6678e-01)	Loss Pred 6.0557e-01 (5.8490e-01)	Loss TOTAL 9.8944e-01 (9.6909e-01)
Epoch: [16][ 30/313]	L_Src_Sup 4.3011e-02 (1.8106e-01)	L_Trg_Inj 3.1205e-01 (2.8203e-01)	Loss Disc 6.7515e-01 (6.6753e-01)	Loss Pred 5.9062e-01 (5.8544e-01)	Loss TOTAL 9.6370e-01 (9.6913e-01)
Epoch: [16][ 40/313]	L_Src_Sup 2.7723e-01 (1.9375e-01)	L_Trg_Inj 3.1191e-01 (2.8398e-01)	Loss Disc 6.7273e-01 (6.6713e-01)	Loss Pred 5.6095e-01 (5.8563e-01)	Loss TOTAL 9.5623e-01 (9.7455e-01)
Epoch: [16][ 50/313]	L_Src_Sup 2.5179e-01 (1.9618e-01)	L_Trg_Inj 1.8721e-01 (2.8054e-01)	Loss Disc 6.5818e-01 (6.6707e-01)	Loss Pred 5.6910e-01 (5.8351e-01)	Loss TOTAL 1.0067e+00 (9.7425e-01)
Epoch: [16][ 60/313]	L_Src_Sup 2.5322e-01 (1.9797e-01)	L_Trg_Inj 4.5277e-01 (2.9025e-01)	Loss Disc 6.3768e-01 (6.6645e-01)	Loss Pred 6.4407e-01 (5.8522e-01)	Loss TOTAL 1.0335e+00 (9.7522e-01)
Epoch: [16][ 70/313]	L_Src_Sup 1.7647e-01 (2.0121e-01)	L_Trg_Inj 2.4984e-01 (2.8154e-01)	Loss Disc 6.6946e-01 (6.6703e-01)	Loss Pred 5.5625e-01 (5.8318e-01)	Loss TOTAL 9.3361e-01 (9.7592e-01)
Epoch: [16][ 80/313]	L_Src_Sup 1.1221e-01 (1.9866e-01)	L_Trg_Inj 1.4050e-01 (2.7797e-01)	Loss Disc 6.5059e-01 (6.6653e-01)	Loss Pred 6.0589e-01 (5.8490e-01)	Loss TOTAL 9.5646e-01 (9.7548e-01)
Epoch: [16][ 90/313]	L_Src_Sup 2.8889e-01 (2.0384e-01)	L_Trg_Inj 2.1861e-01 (2.7964e-01)	Loss Disc 6.6382e-01 (6.6660e-01)	Loss Pred 6.0191e-01 (5.8563e-01)	Loss TOTAL 1.0548e+00 (9.7799e-01)
Epoch: [16][100/313]	L_Src_Sup 8.6022e-02 (2.0529e-01)	L_Trg_Inj 2.0074e-01 (2.8159e-01)	Loss Disc 6.7286e-01 (6.6627e-01)	Loss Pred 5.9065e-01 (5.8579e-01)	Loss TOTAL 9.5575e-01 (9.7855e-01)
Epoch: [16][110/313]	L_Src_Sup 2.0202e-01 (2.0686e-01)	L_Trg_Inj 2.8109e-01 (2.8092e-01)	Loss Disc 6.7214e-01 (6.6639e-01)	Loss Pred 5.6804e-01 (5.8542e-01)	Loss TOTAL 9.5242e-01 (9.7835e-01)
Epoch: [16][120/313]	L_Src_Sup 1.2766e-01 (2.0471e-01)	L_Trg_Inj 2.1345e-01 (2.8474e-01)	Loss Disc 6.6020e-01 (6.6637e-01)	Loss Pred 5.8690e-01 (5.8573e-01)	Loss TOTAL 9.5111e-01 (9.7791e-01)
Epoch: [16][130/313]	L_Src_Sup 1.4894e-01 (2.0498e-01)	L_Trg_Inj 2.4975e-01 (2.8333e-01)	Loss Disc 6.5310e-01 (6.6637e-01)	Loss Pred 5.8690e-01 (5.8533e-01)	Loss TOTAL 9.5332e-01 (9.7692e-01)
Epoch: [16][140/313]	L_Src_Sup 1.6162e-01 (2.0487e-01)	L_Trg_Inj 2.1853e-01 (2.8127e-01)	Loss Disc 6.6984e-01 (6.6622e-01)	Loss Pred 5.6809e-01 (5.8562e-01)	Loss TOTAL 9.4102e-01 (9.7752e-01)
Epoch: [16][150/313]	L_Src_Sup 2.6263e-01 (2.0488e-01)	L_Trg_Inj 3.2109e-01 (2.8194e-01)	Loss Disc 6.7688e-01 (6.6623e-01)	Loss Pred 5.6792e-01 (5.8556e-01)	Loss TOTAL 9.6473e-01 (9.7708e-01)
Epoch: [16][160/313]	L_Src_Sup 2.5807e-01 (2.0604e-01)	L_Trg_Inj 3.1222e-01 (2.8193e-01)	Loss Disc 6.6572e-01 (6.6599e-01)	Loss Pred 5.9067e-01 (5.8579e-01)	Loss TOTAL 9.8056e-01 (9.7740e-01)
Epoch: [16][170/313]	L_Src_Sup 2.2917e-01 (2.0641e-01)	L_Trg_Inj 3.5904e-01 (2.8350e-01)	Loss Disc 6.6528e-01 (6.6530e-01)	Loss Pred 5.7953e-01 (5.8660e-01)	Loss TOTAL 9.7099e-01 (9.7814e-01)
Epoch: [16][180/313]	L_Src_Sup 8.4722e-02 (2.0624e-01)	L_Trg_Inj 2.6531e-01 (2.8516e-01)	Loss Disc 6.7577e-01 (6.6496e-01)	Loss Pred 5.8334e-01 (5.8745e-01)	Loss TOTAL 9.5623e-01 (9.7910e-01)
Epoch: [16][190/313]	L_Src_Sup 2.0619e-01 (2.0527e-01)	L_Trg_Inj 3.2255e-01 (2.8677e-01)	Loss Disc 6.7395e-01 (6.6464e-01)	Loss Pred 5.7651e-01 (5.8810e-01)	Loss TOTAL 9.6636e-01 (9.7912e-01)
Epoch: [16][200/313]	L_Src_Sup 2.9788e-01 (2.0588e-01)	L_Trg_Inj 2.4269e-01 (2.8710e-01)	Loss Disc 6.6010e-01 (6.6481e-01)	Loss Pred 5.8698e-01 (5.8780e-01)	Loss TOTAL 1.0263e+00 (9.7927e-01)
Epoch: [16][210/313]	L_Src_Sup 3.4147e-01 (2.0669e-01)	L_Trg_Inj 3.3341e-01 (2.8645e-01)	Loss Disc 6.5197e-01 (6.6468e-01)	Loss Pred 6.2957e-01 (5.8813e-01)	Loss TOTAL 1.0311e+00 (9.7977e-01)
Epoch: [16][220/313]	L_Src_Sup 2.1739e-01 (2.0686e-01)	L_Trg_Inj 2.8106e-01 (2.8743e-01)	Loss Disc 6.6428e-01 (6.6465e-01)	Loss Pred 5.9404e-01 (5.8795e-01)	Loss TOTAL 9.7603e-01 (9.7924e-01)
Epoch: [16][230/313]	L_Src_Sup 2.3914e-01 (2.0676e-01)	L_Trg_Inj 2.8102e-01 (2.8689e-01)	Loss Disc 6.7142e-01 (6.6467e-01)	Loss Pred 5.9409e-01 (5.8778e-01)	Loss TOTAL 9.8182e-01 (9.7887e-01)
Epoch: [16][240/313]	L_Src_Sup 2.8575e-01 (2.0677e-01)	L_Trg_Inj 3.7481e-01 (2.8695e-01)	Loss Disc 6.5016e-01 (6.6454e-01)	Loss Pred 6.2258e-01 (5.8818e-01)	Loss TOTAL 1.0137e+00 (9.7902e-01)
Epoch: [16][250/313]	L_Src_Sup 2.0000e-01 (2.0570e-01)	L_Trg_Inj 3.1227e-01 (2.8652e-01)	Loss Disc 6.6129e-01 (6.6440e-01)	Loss Pred 6.0093e-01 (5.8857e-01)	Loss TOTAL 9.8281e-01 (9.7958e-01)
Epoch: [16][260/313]	L_Src_Sup 1.2121e-01 (2.0473e-01)	L_Trg_Inj 2.4983e-01 (2.8687e-01)	Loss Disc 6.7939e-01 (6.6439e-01)	Loss Pred 5.6969e-01 (5.8854e-01)	Loss TOTAL 9.4648e-01 (9.7911e-01)
Epoch: [16][270/313]	L_Src_Sup 1.8948e-01 (2.0489e-01)	L_Trg_Inj 2.4962e-01 (2.8726e-01)	Loss Disc 6.7582e-01 (6.6441e-01)	Loss Pred 5.8344e-01 (5.8839e-01)	Loss TOTAL 9.6526e-01 (9.7869e-01)
Epoch: [16][280/313]	L_Src_Sup 2.0408e-01 (2.0542e-01)	L_Trg_Inj 2.6521e-01 (2.8684e-01)	Loss Disc 6.7784e-01 (6.6435e-01)	Loss Pred 5.7296e-01 (5.8851e-01)	Loss TOTAL 9.5881e-01 (9.7873e-01)
Epoch: [16][290/313]	L_Src_Sup 1.5218e-01 (2.0538e-01)	L_Trg_Inj 3.7468e-01 (2.8732e-01)	Loss Disc 6.6911e-01 (6.6448e-01)	Loss Pred 5.9404e-01 (5.8843e-01)	Loss TOTAL 9.8128e-01 (9.7891e-01)
Epoch: [16][300/313]	L_Src_Sup 2.2501e-01 (2.0471e-01)	L_Trg_Inj 2.8070e-01 (2.8781e-01)	Loss Disc 6.3718e-01 (6.6437e-01)	Loss Pred 6.3645e-01 (5.8862e-01)	Loss TOTAL 1.0056e+00 (9.7894e-01)
Epoch: [16][310/313]	L_Src_Sup 2.3810e-01 (2.0450e-01)	L_Trg_Inj 2.6538e-01 (2.8757e-01)	Loss Disc 6.4292e-01 (6.6423e-01)	Loss Pred 6.2214e-01 (5.8872e-01)	Loss TOTAL 9.9395e-01 (9.7905e-01)
Epoch: [16][313/313]	L_Src_Sup 1.5686e-01 (2.0411e-01)	L_Trg_Inj 3.7459e-01 (2.8746e-01)	Loss Disc 6.9093e-01 (6.6440e-01)	Loss Pred 5.5921e-01 (5.8874e-01)	Loss TOTAL 9.5782e-01 (9.7902e-01)
Epoch 16 complete. Saving model state...
Epoch: [17][ 10/313]	L_Src_Sup 1.8948e-01 (2.1361e-01)	L_Trg_Inj 3.1219e-01 (2.8766e-01)	Loss Disc 6.7344e-01 (6.6371e-01)	Loss Pred 5.8355e-01 (5.8913e-01)	Loss TOTAL 9.7044e-01 (9.8179e-01)
Epoch: [17][ 20/313]	L_Src_Sup 2.2222e-01 (2.0168e-01)	L_Trg_Inj 2.8107e-01 (2.6470e-01)	Loss Disc 6.5903e-01 (6.6542e-01)	Loss Pred 6.0107e-01 (5.8791e-01)	Loss TOTAL 9.8091e-01 (9.7834e-01)
Epoch: [17][ 30/313]	L_Src_Sup 2.0203e-01 (1.9871e-01)	L_Trg_Inj 2.6537e-01 (2.7101e-01)	Loss Disc 6.6735e-01 (6.6428e-01)	Loss Pred 5.6940e-01 (5.8796e-01)	Loss TOTAL 9.4981e-01 (9.7574e-01)
Epoch: [17][ 40/313]	L_Src_Sup 1.3187e-01 (1.9687e-01)	L_Trg_Inj 3.1179e-01 (2.7931e-01)	Loss Disc 6.6760e-01 (6.6342e-01)	Loss Pred 5.9750e-01 (5.8939e-01)	Loss TOTAL 9.7567e-01 (9.7522e-01)
Epoch: [17][ 50/313]	L_Src_Sup 2.7778e-01 (1.9934e-01)	L_Trg_Inj 3.1189e-01 (2.8578e-01)	Loss Disc 6.9022e-01 (6.6439e-01)	Loss Pred 5.3708e-01 (5.8650e-01)	Loss TOTAL 9.4115e-01 (9.7253e-01)
Epoch: [17][ 60/313]	L_Src_Sup 2.2472e-01 (2.0270e-01)	L_Trg_Inj 4.1416e-01 (2.8480e-01)	Loss Disc 6.5282e-01 (6.6479e-01)	Loss Pred 6.0509e-01 (5.8657e-01)	Loss TOTAL 9.9539e-01 (9.7374e-01)
Epoch: [17][ 70/313]	L_Src_Sup 1.9565e-01 (2.0417e-01)	L_Trg_Inj 2.3412e-01 (2.8243e-01)	Loss Disc 6.5950e-01 (6.6474e-01)	Loss Pred 5.9414e-01 (5.8721e-01)	Loss TOTAL 9.6687e-01 (9.7664e-01)
Epoch: [17][ 80/313]	L_Src_Sup 8.9889e-02 (2.0288e-01)	L_Trg_Inj 3.0964e-01 (2.8510e-01)	Loss Disc 6.5266e-01 (6.6425e-01)	Loss Pred 6.0483e-01 (5.8781e-01)	Loss TOTAL 9.7111e-01 (9.7751e-01)
Epoch: [17][ 90/313]	L_Src_Sup 2.1288e-01 (1.9973e-01)	L_Trg_Inj 3.2773e-01 (2.8425e-01)	Loss Disc 6.6488e-01 (6.6430e-01)	Loss Pred 5.8693e-01 (5.8783e-01)	Loss TOTAL 9.7343e-01 (9.7618e-01)
Epoch: [17][100/313]	L_Src_Sup 1.3187e-01 (1.9964e-01)	L_Trg_Inj 3.1212e-01 (2.8376e-01)	Loss Disc 6.6042e-01 (6.6394e-01)	Loss Pred 5.9757e-01 (5.8874e-01)	Loss TOTAL 9.7218e-01 (9.7621e-01)
Epoch: [17][110/313]	L_Src_Sup 2.2736e-01 (2.0114e-01)	L_Trg_Inj 3.5928e-01 (2.8406e-01)	Loss Disc 6.7642e-01 (6.6384e-01)	Loss Pred 5.7647e-01 (5.8871e-01)	Loss TOTAL 9.7335e-01 (9.7617e-01)
Epoch: [17][120/313]	L_Src_Sup 1.4000e-01 (2.0135e-01)	L_Trg_Inj 2.9689e-01 (2.8392e-01)	Loss Disc 6.8320e-01 (6.6419e-01)	Loss Pred 5.6558e-01 (5.8823e-01)	Loss TOTAL 9.5087e-01 (9.7671e-01)
Epoch: [17][130/313]	L_Src_Sup 1.2767e-01 (1.9890e-01)	L_Trg_Inj 2.8104e-01 (2.8409e-01)	Loss Disc 6.7203e-01 (6.6436e-01)	Loss Pred 5.8695e-01 (5.8835e-01)	Loss TOTAL 9.6383e-01 (9.7608e-01)
Epoch: [17][140/313]	L_Src_Sup 1.5842e-01 (1.9934e-01)	L_Trg_Inj 2.6537e-01 (2.8344e-01)	Loss Disc 6.7274e-01 (6.6438e-01)	Loss Pred 5.6210e-01 (5.8848e-01)	Loss TOTAL 9.4085e-01 (9.7585e-01)
Epoch: [17][150/313]	L_Src_Sup 2.1524e-01 (1.9691e-01)	L_Trg_Inj 5.7217e-01 (2.9156e-01)	Loss Disc 6.5846e-01 (6.6422e-01)	Loss Pred 5.9085e-01 (5.8869e-01)	Loss TOTAL 9.9882e-01 (9.7617e-01)
Epoch: [17][160/313]	L_Src_Sup 2.9479e-01 (1.9698e-01)	L_Trg_Inj 6.6973e-01 (3.0898e-01)	Loss Disc 6.6424e-01 (6.6388e-01)	Loss Pred 5.8017e-01 (5.8918e-01)	Loss TOTAL 1.0087e+00 (9.7783e-01)
Epoch: [17][170/313]	L_Src_Sup 1.9805e-01 (1.9702e-01)	L_Trg_Inj 7.1911e-01 (3.2604e-01)	Loss Disc 6.5058e-01 (6.6402e-01)	Loss Pred 6.0368e-01 (5.8881e-01)	Loss TOTAL 1.0207e+00 (9.7887e-01)
Epoch: [17][180/313]	L_Src_Sup 1.2502e-01 (1.9736e-01)	L_Trg_Inj 6.3781e-01 (3.3868e-01)	Loss Disc 6.6714e-01 (6.6422e-01)	Loss Pred 5.7993e-01 (5.8872e-01)	Loss TOTAL 9.8979e-01 (9.7987e-01)
Epoch: [17][190/313]	L_Src_Sup 2.0672e-01 (1.9523e-01)	L_Trg_Inj 3.3253e-01 (3.5233e-01)	Loss Disc 6.8232e-01 (6.6447e-01)	Loss Pred 5.7650e-01 (5.8856e-01)	Loss TOTAL 9.7158e-01 (9.8070e-01)
Epoch: [17][200/313]	L_Src_Sup 1.7479e-01 (1.9556e-01)	L_Trg_Inj 1.9639e-01 (3.5381e-01)	Loss Disc 6.5538e-01 (6.6446e-01)	Loss Pred 5.9519e-01 (5.8819e-01)	Loss TOTAL 9.6000e-01 (9.8024e-01)
Epoch: [17][210/313]	L_Src_Sup 1.7809e-01 (1.9563e-01)	L_Trg_Inj 3.1132e-01 (3.5029e-01)	Loss Disc 6.4993e-01 (6.6450e-01)	Loss Pred 6.0166e-01 (5.8812e-01)	Loss TOTAL 9.7557e-01 (9.7962e-01)
Epoch: [17][220/313]	L_Src_Sup 2.1184e-01 (1.9495e-01)	L_Trg_Inj 2.8258e-01 (3.4591e-01)	Loss Disc 6.6276e-01 (6.6459e-01)	Loss Pred 6.1981e-01 (5.8835e-01)	Loss TOTAL 1.0006e+00 (9.7977e-01)
Epoch: [17][230/313]	L_Src_Sup 2.0772e-01 (1.9593e-01)	L_Trg_Inj 2.8090e-01 (3.4582e-01)	Loss Disc 6.6503e-01 (6.6435e-01)	Loss Pred 5.7649e-01 (5.8880e-01)	Loss TOTAL 9.5787e-01 (9.8025e-01)
Epoch: [17][240/313]	L_Src_Sup 1.0010e+00 (1.9955e-01)	L_Trg_Inj 8.8741e-01 (3.4570e-01)	Loss Disc 6.7735e-01 (6.6425e-01)	Loss Pred 5.9091e-01 (5.8905e-01)	Loss TOTAL 1.2320e+00 (9.8142e-01)
Epoch: [17][250/313]	L_Src_Sup 2.1750e-01 (2.0092e-01)	L_Trg_Inj 3.5873e-01 (3.4224e-01)	Loss Disc 6.5943e-01 (6.6429e-01)	Loss Pred 5.9416e-01 (5.8948e-01)	Loss TOTAL 9.8150e-01 (9.8273e-01)
Epoch: [17][260/313]	L_Src_Sup 1.1113e-01 (2.0091e-01)	L_Trg_Inj 3.4568e-01 (3.3960e-01)	Loss Disc 6.6609e-01 (6.6440e-01)	Loss Pred 6.0100e-01 (5.8932e-01)	Loss TOTAL 9.7973e-01 (9.8303e-01)
Epoch: [17][270/313]	L_Src_Sup 2.1741e-01 (2.0148e-01)	L_Trg_Inj 2.7587e-01 (3.3745e-01)	Loss Disc 6.7133e-01 (6.6460e-01)	Loss Pred 5.9406e-01 (5.8909e-01)	Loss TOTAL 9.7905e-01 (9.8248e-01)
Epoch: [17][280/313]	L_Src_Sup 2.4720e-01 (2.0272e-01)	L_Trg_Inj 3.4356e-01 (3.3633e-01)	Loss Disc 6.5515e-01 (6.6453e-01)	Loss Pred 6.0474e-01 (5.8903e-01)	Loss TOTAL 9.9139e-01 (9.8271e-01)
Epoch: [17][290/313]	L_Src_Sup 1.0001e-01 (2.0254e-01)	L_Trg_Inj 2.9603e-01 (3.3431e-01)	Loss Disc 6.7833e-01 (6.6477e-01)	Loss Pred 5.6529e-01 (5.8866e-01)	Loss TOTAL 9.4406e-01 (9.8241e-01)
Epoch: [17][300/313]	L_Src_Sup 1.5385e-01 (2.0199e-01)	L_Trg_Inj 1.8456e-01 (3.3263e-01)	Loss Disc 6.5336e-01 (6.6470e-01)	Loss Pred 5.9790e-01 (5.8859e-01)	Loss TOTAL 9.5842e-01 (9.8184e-01)
Epoch: [17][310/313]	L_Src_Sup 2.3810e-01 (2.0247e-01)	L_Trg_Inj 2.7148e-01 (3.3214e-01)	Loss Disc 6.5256e-01 (6.6452e-01)	Loss Pred 6.2291e-01 (5.8887e-01)	Loss TOTAL 1.0001e+00 (9.8178e-01)
Epoch: [17][313/313]	L_Src_Sup 2.4720e-01 (2.0242e-01)	L_Trg_Inj 2.7870e-01 (3.3164e-01)	Loss Disc 6.5499e-01 (6.6450e-01)	Loss Pred 6.0480e-01 (5.8893e-01)	Loss TOTAL 9.8489e-01 (9.8171e-01)
Epoch 17 complete. Saving model state...
Epoch: [18][ 10/313]	L_Src_Sup 2.9157e-01 (2.2837e-01)	L_Trg_Inj 7.5512e-02 (6.5836e-02)	Loss Disc 6.6702e-01 (6.6090e-01)	Loss Pred 6.0461e-01 (5.9488e-01)	Loss TOTAL 1.1909e+00 (1.1173e+00)
Epoch: [18][ 20/313]	L_Src_Sup 3.3569e-01 (2.2155e-01)	L_Trg_Inj 6.4073e-02 (5.7318e-02)	Loss Disc 6.6696e-01 (6.5885e-01)	Loss Pred 6.0429e-01 (5.9897e-01)	Loss TOTAL 1.2494e+00 (1.1205e+00)
Epoch: [18][ 30/313]	L_Src_Sup 3.2447e-01 (2.5342e-01)	L_Trg_Inj 2.3394e-01 (1.0162e-01)	Loss Disc 6.7299e-01 (6.5894e-01)	Loss Pred 5.7370e-01 (5.9919e-01)	Loss TOTAL 1.0566e+00 (1.1160e+00)
Epoch: [18][ 40/313]	L_Src_Sup 3.2651e-01 (2.5162e-01)	L_Trg_Inj 9.3733e-02 (1.2595e-01)	Loss Disc 6.8017e-01 (6.6050e-01)	Loss Pred 5.7362e-01 (5.9728e-01)	Loss TOTAL 1.1885e+00 (1.0944e+00)
Epoch: [18][ 50/313]	L_Src_Sup 1.0987e-01 (2.4322e-01)	L_Trg_Inj 4.4152e-02 (1.1432e-01)	Loss Disc 6.5993e-01 (6.6242e-01)	Loss Pred 5.9742e-01 (5.9396e-01)	Loss TOTAL 1.0085e+00 (1.0926e+00)
Epoch: [18][ 60/313]	L_Src_Sup 2.0922e-01 (2.4244e-01)	L_Trg_Inj 1.5608e-01 (1.0734e-01)	Loss Disc 6.4588e-01 (6.6253e-01)	Loss Pred 6.1511e-01 (5.9253e-01)	Loss TOTAL 1.0277e+00 (1.0962e+00)
Epoch: [18][ 70/313]	L_Src_Sup 1.8672e-01 (2.5059e-01)	L_Trg_Inj 2.3495e-01 (1.1780e-01)	Loss Disc 6.3830e-01 (6.6262e-01)	Loss Pred 6.1231e-01 (5.9039e-01)	Loss TOTAL 9.7363e-01 (1.0940e+00)
Epoch: [18][ 80/313]	L_Src_Sup 1.7211e-01 (2.5539e-01)	L_Trg_Inj 2.7421e-01 (1.3234e-01)	Loss Disc 6.4168e-01 (6.5987e-01)	Loss Pred 5.9064e-01 (5.9087e-01)	Loss TOTAL 9.5611e-01 (1.0896e+00)
Epoch: [18][ 90/313]	L_Src_Sup 2.7438e-01 (2.5490e-01)	L_Trg_Inj 2.6437e-01 (1.4460e-01)	Loss Disc 6.3274e-01 (6.5782e-01)	Loss Pred 6.1188e-01 (5.9091e-01)	Loss TOTAL 9.9213e-01 (1.0782e+00)
Epoch: [18][100/313]	L_Src_Sup 4.5163e-01 (2.6498e-01)	L_Trg_Inj 4.6799e-01 (1.6323e-01)	Loss Disc 6.4153e-01 (6.5593e-01)	Loss Pred 5.9057e-01 (5.9151e-01)	Loss TOTAL 1.0033e+00 (1.0742e+00)
Epoch: [18][110/313]	L_Src_Sup 3.9584e-01 (2.7299e-01)	L_Trg_Inj 3.8143e-01 (1.8120e-01)	Loss Disc 6.4599e-01 (6.5472e-01)	Loss Pred 5.8016e-01 (5.9121e-01)	Loss TOTAL 9.9528e-01 (1.0678e+00)
Epoch: [18][120/313]	L_Src_Sup 5.4879e-01 (2.8183e-01)	L_Trg_Inj 2.7384e-01 (1.9603e-01)	Loss Disc 6.3860e-01 (6.5383e-01)	Loss Pred 5.9761e-01 (5.9066e-01)	Loss TOTAL 1.2741e+00 (1.0638e+00)
Epoch: [18][130/313]	L_Src_Sup 3.2955e-01 (2.8418e-01)	L_Trg_Inj 4.0555e-01 (2.0917e-01)	Loss Disc 6.3855e-01 (6.5263e-01)	Loss Pred 5.9749e-01 (5.9125e-01)	Loss TOTAL 9.9028e-01 (1.0594e+00)
Epoch: [18][140/313]	L_Src_Sup 4.5719e-01 (2.9401e-01)	L_Trg_Inj 2.7410e-01 (2.2460e-01)	Loss Disc 6.5923e-01 (6.5188e-01)	Loss Pred 5.4934e-01 (5.9111e-01)	Loss TOTAL 1.1352e+00 (1.0586e+00)
Epoch: [18][150/313]	L_Src_Sup 3.3668e-01 (3.0143e-01)	L_Trg_Inj 2.7584e-01 (2.3305e-01)	Loss Disc 6.3560e-01 (6.5135e-01)	Loss Pred 6.0835e-01 (5.9085e-01)	Loss TOTAL 1.0483e+00 (1.0596e+00)
Epoch: [18][160/313]	L_Src_Sup 4.1172e-01 (3.0643e-01)	L_Trg_Inj 2.9231e-01 (2.4213e-01)	Loss Disc 6.3264e-01 (6.5095e-01)	Loss Pred 6.1275e-01 (5.9038e-01)	Loss TOTAL 1.1189e+00 (1.0570e+00)
Epoch: [18][170/313]	L_Src_Sup 5.1681e-01 (3.1913e-01)	L_Trg_Inj 5.7819e-01 (2.6054e-01)	Loss Disc 6.3560e-01 (6.5043e-01)	Loss Pred 6.0493e-01 (5.9032e-01)	Loss TOTAL 1.0322e+00 (1.0559e+00)
Epoch: [18][180/313]	L_Src_Sup 3.7585e-01 (3.2596e-01)	L_Trg_Inj 3.8188e-01 (2.7325e-01)	Loss Disc 6.5332e-01 (6.5004e-01)	Loss Pred 5.6218e-01 (5.9023e-01)	Loss TOTAL 9.6461e-01 (1.0546e+00)
Epoch: [18][190/313]	L_Src_Sup 3.9170e-01 (3.3036e-01)	L_Trg_Inj 4.6649e-01 (2.8127e-01)	Loss Disc 6.4737e-01 (6.4967e-01)	Loss Pred 5.7625e-01 (5.9007e-01)	Loss TOTAL 9.8576e-01 (1.0525e+00)
Epoch: [18][200/313]	L_Src_Sup 4.3286e-01 (3.3134e-01)	L_Trg_Inj 2.8578e-01 (2.8354e-01)	Loss Disc 6.4741e-01 (6.4928e-01)	Loss Pred 5.7687e-01 (5.9010e-01)	Loss TOTAL 1.1195e+00 (1.0516e+00)
Epoch: [18][210/313]	L_Src_Sup 2.9886e-01 (3.2872e-01)	L_Trg_Inj 2.8615e-01 (2.8442e-01)	Loss Disc 6.3263e-01 (6.4883e-01)	Loss Pred 6.1207e-01 (5.9031e-01)	Loss TOTAL 9.9960e-01 (1.0483e+00)
Epoch: [18][220/313]	L_Src_Sup 1.7931e-01 (3.2830e-01)	L_Trg_Inj 3.3954e-01 (2.8464e-01)	Loss Disc 6.3504e-01 (6.4851e-01)	Loss Pred 6.0926e-01 (5.9033e-01)	Loss TOTAL 9.7867e-01 (1.0480e+00)
Epoch: [18][230/313]	L_Src_Sup 4.3921e-01 (3.2709e-01)	L_Trg_Inj 2.2096e-01 (2.8459e-01)	Loss Disc 6.4887e-01 (6.4826e-01)	Loss Pred 5.7724e-01 (5.9030e-01)	Loss TOTAL 1.1859e+00 (1.0467e+00)
Epoch: [18][240/313]	L_Src_Sup 3.0931e-01 (3.2582e-01)	L_Trg_Inj 2.6343e-01 (2.8317e-01)	Loss Disc 6.4961e-01 (6.4800e-01)	Loss Pred 5.7656e-01 (5.9029e-01)	Loss TOTAL 1.0045e+00 (1.0461e+00)
Epoch: [18][250/313]	L_Src_Sup 2.8060e-01 (3.2423e-01)	L_Trg_Inj 2.0750e-01 (2.8135e-01)	Loss Disc 6.5187e-01 (6.4810e-01)	Loss Pred 5.6589e-01 (5.8958e-01)	Loss TOTAL 1.0137e+00 (1.0449e+00)
Epoch: [18][260/313]	L_Src_Sup 2.7838e-01 (3.2232e-01)	L_Trg_Inj 2.0702e-01 (2.7974e-01)	Loss Disc 6.3111e-01 (6.4775e-01)	Loss Pred 6.1619e-01 (5.8989e-01)	Loss TOTAL 1.0516e+00 (1.0439e+00)
Epoch: [18][270/313]	L_Src_Sup 2.6073e-01 (3.2089e-01)	L_Trg_Inj 3.2372e-01 (2.7930e-01)	Loss Disc 6.4002e-01 (6.4754e-01)	Loss Pred 5.9421e-01 (5.8986e-01)	Loss TOTAL 9.7266e-01 (1.0422e+00)
Epoch: [18][280/313]	L_Src_Sup 2.8572e-01 (3.1965e-01)	L_Trg_Inj 3.3952e-01 (2.7930e-01)	Loss Disc 6.3856e-01 (6.4721e-01)	Loss Pred 5.9768e-01 (5.9017e-01)	Loss TOTAL 9.7948e-01 (1.0412e+00)
Epoch: [18][290/313]	L_Src_Sup 2.4493e-01 (3.1787e-01)	L_Trg_Inj 3.6798e-01 (2.8050e-01)	Loss Disc 6.4892e-01 (6.4718e-01)	Loss Pred 5.7255e-01 (5.8977e-01)	Loss TOTAL 9.5829e-01 (1.0388e+00)
Epoch: [18][300/313]	L_Src_Sup 2.0184e-01 (3.1632e-01)	L_Trg_Inj 2.3411e-01 (2.8013e-01)	Loss Disc 6.5038e-01 (6.4715e-01)	Loss Pred 5.6861e-01 (5.8944e-01)	Loss TOTAL 9.3740e-01 (1.0373e+00)
Epoch: [18][310/313]	L_Src_Sup 3.3357e-01 (3.1723e-01)	L_Trg_Inj 2.7739e-01 (2.8092e-01)	Loss Disc 6.5476e-01 (6.4698e-01)	Loss Pred 5.5766e-01 (5.8945e-01)	Loss TOTAL 1.0023e+00 (1.0373e+00)
Epoch: [18][313/313]	L_Src_Sup 2.9168e-01 (3.1654e-01)	L_Trg_Inj 3.1452e-01 (2.8108e-01)	Loss Disc 6.4594e-01 (6.4692e-01)	Loss Pred 5.7959e-01 (5.8948e-01)	Loss TOTAL 9.6318e-01 (1.0367e+00)
Epoch 18 complete. Saving model state...
Epoch: [19][ 10/313]	L_Src_Sup 3.3332e-01 (3.0022e-01)	L_Trg_Inj 2.3379e-01 (2.9791e-01)	Loss Disc 6.3703e-01 (6.3930e-01)	Loss Pred 6.0146e-01 (5.9608e-01)	Loss TOTAL 1.0762e+00 (1.0163e+00)
Epoch: [19][ 20/313]	L_Src_Sup 3.5641e-01 (3.1746e-01)	L_Trg_Inj 3.6390e-01 (3.0162e-01)	Loss Disc 6.5338e-01 (6.4299e-01)	Loss Pred 5.6131e-01 (5.8697e-01)	Loss TOTAL 9.6003e-01 (1.0106e+00)
Epoch: [19][ 30/313]	L_Src_Sup 3.8988e-01 (3.2931e-01)	L_Trg_Inj 4.6419e-01 (3.3087e-01)	Loss Disc 6.3563e-01 (6.4289e-01)	Loss Pred 6.0545e-01 (5.8722e-01)	Loss TOTAL 1.0087e+00 (1.0098e+00)
Epoch: [19][ 40/313]	L_Src_Sup 5.6029e-01 (3.4432e-01)	L_Trg_Inj 3.0727e-01 (3.4230e-01)	Loss Disc 6.4590e-01 (6.4170e-01)	Loss Pred 5.7972e-01 (5.9017e-01)	Loss TOTAL 1.2424e+00 (1.0250e+00)
Epoch: [19][ 50/313]	L_Src_Sup 3.6585e-01 (3.6183e-01)	L_Trg_Inj 4.7920e-01 (3.6321e-01)	Loss Disc 6.2532e-01 (6.4098e-01)	Loss Pred 6.2967e-01 (5.9189e-01)	Loss TOTAL 1.0268e+00 (1.0292e+00)
Epoch: [19][ 60/313]	L_Src_Sup 7.4232e-01 (4.0857e-01)	L_Trg_Inj 5.2960e-01 (4.0254e-01)	Loss Disc 6.4743e-01 (6.4144e-01)	Loss Pred 5.7644e-01 (5.9079e-01)	Loss TOTAL 1.2401e+00 (1.0443e+00)
Epoch: [19][ 70/313]	L_Src_Sup 3.0359e-01 (4.1492e-01)	L_Trg_Inj 3.4759e-01 (4.1653e-01)	Loss Disc 6.4447e-01 (6.4194e-01)	Loss Pred 5.8339e-01 (5.8963e-01)	Loss TOTAL 9.7074e-01 (1.0409e+00)
Epoch: [19][ 80/313]	L_Src_Sup 3.8200e-01 (4.0347e-01)	L_Trg_Inj 3.1428e-01 (4.0810e-01)	Loss Disc 6.4298e-01 (6.4202e-01)	Loss Pred 5.8702e-01 (5.8950e-01)	Loss TOTAL 1.0459e+00 (1.0354e+00)
Epoch: [19][ 90/313]	L_Src_Sup 2.5084e-01 (3.8989e-01)	L_Trg_Inj 2.6281e-01 (3.9541e-01)	Loss Disc 6.5334e-01 (6.4219e-01)	Loss Pred 5.6168e-01 (5.8912e-01)	Loss TOTAL 9.3972e-01 (1.0297e+00)
Epoch: [19][100/313]	L_Src_Sup 2.9548e-01 (3.8154e-01)	L_Trg_Inj 1.6442e-01 (3.8358e-01)	Loss Disc 6.3411e-01 (6.4193e-01)	Loss Pred 6.0849e-01 (5.8973e-01)	Loss TOTAL 1.1026e+00 (1.0293e+00)
Epoch: [19][110/313]	L_Src_Sup 2.4425e-01 (3.7293e-01)	L_Trg_Inj 1.9559e-01 (3.7331e-01)	Loss Disc 6.3708e-01 (6.4238e-01)	Loss Pred 6.0165e-01 (5.8863e-01)	Loss TOTAL 1.0128e+00 (1.0250e+00)
Epoch: [19][120/313]	L_Src_Sup 2.0988e-01 (3.6458e-01)	L_Trg_Inj 2.6742e-01 (3.6481e-01)	Loss Disc 6.4300e-01 (6.4258e-01)	Loss Pred 5.8691e-01 (5.8812e-01)	Loss TOTAL 9.5614e-01 (1.0225e+00)
Epoch: [19][130/313]	L_Src_Sup 4.0000e-01 (3.5958e-01)	L_Trg_Inj 3.1148e-01 (3.5916e-01)	Loss Disc 6.2969e-01 (6.4259e-01)	Loss Pred 6.2044e-01 (5.8809e-01)	Loss TOTAL 1.0949e+00 (1.0222e+00)
Epoch: [19][140/313]	L_Src_Sup 2.9265e-01 (3.5437e-01)	L_Trg_Inj 3.1471e-01 (3.5733e-01)	Loss Disc 6.2526e-01 (6.4245e-01)	Loss Pred 6.3133e-01 (5.8843e-01)	Loss TOTAL 1.0047e+00 (1.0204e+00)
Epoch: [19][150/313]	L_Src_Sup 2.6967e-01 (3.5060e-01)	L_Trg_Inj 3.7220e-01 (3.5512e-01)	Loss Disc 6.3561e-01 (6.4214e-01)	Loss Pred 6.0504e-01 (5.8918e-01)	Loss TOTAL 9.8704e-01 (1.0195e+00)
Epoch: [19][160/313]	L_Src_Sup 2.3310e-01 (3.4924e-01)	L_Trg_Inj 2.4781e-01 (3.4840e-01)	Loss Disc 6.2382e-01 (6.4210e-01)	Loss Pred 6.3360e-01 (5.8926e-01)	Loss TOTAL 9.9360e-01 (1.0218e+00)
Epoch: [19][170/313]	L_Src_Sup 2.6389e-01 (3.4126e-01)	L_Trg_Inj 2.9234e-01 (3.4278e-01)	Loss Disc 6.3861e-01 (6.4227e-01)	Loss Pred 5.9782e-01 (5.8886e-01)	Loss TOTAL 9.7275e-01 (1.0184e+00)
Epoch: [19][180/313]	L_Src_Sup 1.9375e-01 (3.3641e-01)	L_Trg_Inj 1.2171e-01 (3.3607e-01)	Loss Disc 6.4151e-01 (6.4217e-01)	Loss Pred 5.9054e-01 (5.8911e-01)	Loss TOTAL 1.0149e+00 (1.0179e+00)
Epoch: [19][190/313]	L_Src_Sup 2.1501e-01 (3.3093e-01)	L_Trg_Inj 2.2610e-01 (3.3034e-01)	Loss Disc 6.4150e-01 (6.4230e-01)	Loss Pred 5.9055e-01 (5.8879e-01)	Loss TOTAL 9.5541e-01 (1.0164e+00)
Epoch: [19][200/313]	L_Src_Sup 1.9376e-01 (3.2563e-01)	L_Trg_Inj 2.5525e-01 (3.2467e-01)	Loss Disc 6.4161e-01 (6.4234e-01)	Loss Pred 5.9058e-01 (5.8869e-01)	Loss TOTAL 9.5628e-01 (1.0151e+00)
Epoch: [19][210/313]	L_Src_Sup 2.5753e-01 (3.1859e-01)	L_Trg_Inj 2.4846e-01 (3.1875e-01)	Loss Disc 6.5332e-01 (6.4238e-01)	Loss Pred 5.6155e-01 (5.8859e-01)	Loss TOTAL 9.4789e-01 (1.0125e+00)
Epoch: [19][220/313]	L_Src_Sup 2.2789e-01 (3.1515e-01)	L_Trg_Inj 2.2195e-01 (3.1383e-01)	Loss Disc 6.4600e-01 (6.4236e-01)	Loss Pred 5.7970e-01 (5.8867e-01)	Loss TOTAL 9.5363e-01 (1.0124e+00)
Epoch: [19][230/313]	L_Src_Sup 2.5269e-01 (3.1183e-01)	L_Trg_Inj 1.7927e-01 (3.0823e-01)	Loss Disc 6.4451e-01 (6.4248e-01)	Loss Pred 5.8324e-01 (5.8837e-01)	Loss TOTAL 1.0221e+00 (1.0122e+00)
Epoch: [19][240/313]	L_Src_Sup 1.8438e-01 (3.0874e-01)	L_Trg_Inj 2.2203e-01 (3.0314e-01)	Loss Disc 6.4891e-01 (6.4243e-01)	Loss Pred 5.7244e-01 (5.8849e-01)	Loss TOTAL 9.3754e-01 (1.0127e+00)
Epoch: [19][250/313]	L_Src_Sup 2.0837e-01 (3.0700e-01)	L_Trg_Inj 2.8806e-01 (3.0251e-01)	Loss Disc 6.4591e-01 (6.4231e-01)	Loss Pred 5.8019e-01 (5.8879e-01)	Loss TOTAL 9.5278e-01 (1.0120e+00)
Epoch: [19][260/313]	L_Src_Sup 4.0452e-01 (3.0783e-01)	L_Trg_Inj 3.3970e-01 (3.0169e-01)	Loss Disc 6.3555e-01 (6.4235e-01)	Loss Pred 6.0519e-01 (5.8871e-01)	Loss TOTAL 1.0622e+00 (1.0123e+00)
Epoch: [19][270/313]	L_Src_Sup 2.8000e-01 (3.0731e-01)	L_Trg_Inj 1.6447e-01 (3.0045e-01)	Loss Disc 6.5181e-01 (6.4242e-01)	Loss Pred 5.6512e-01 (5.8852e-01)	Loss TOTAL 1.0510e+00 (1.0123e+00)
Epoch: [19][280/313]	L_Src_Sup 2.4447e-01 (3.0531e-01)	L_Trg_Inj 1.6433e-01 (2.9772e-01)	Loss Disc 6.3703e-01 (6.4245e-01)	Loss Pred 6.0173e-01 (5.8844e-01)	Loss TOTAL 1.0413e+00 (1.0123e+00)
Epoch: [19][290/313]	L_Src_Sup 2.0690e-01 (3.0289e-01)	L_Trg_Inj 1.6744e-01 (2.9445e-01)	Loss Disc 6.3262e-01 (6.4238e-01)	Loss Pred 6.1252e-01 (5.8861e-01)	Loss TOTAL 1.0057e+00 (1.0119e+00)
Epoch: [19][300/313]	L_Src_Sup 2.0835e-01 (2.9978e-01)	L_Trg_Inj 1.7966e-01 (2.9084e-01)	Loss Disc 6.4596e-01 (6.4230e-01)	Loss Pred 5.7987e-01 (5.8880e-01)	Loss TOTAL 9.7033e-01 (1.0111e+00)
Epoch: [19][310/313]	L_Src_Sup 2.5267e-01 (2.9812e-01)	L_Trg_Inj 1.8079e-01 (2.8844e-01)	Loss Disc 6.4443e-01 (6.4229e-01)	Loss Pred 5.8341e-01 (5.8882e-01)	Loss TOTAL 1.0208e+00 (1.0109e+00)
Epoch: [19][313/313]	L_Src_Sup 1.9782e-01 (2.9728e-01)	L_Trg_Inj 2.4795e-01 (2.8776e-01)	Loss Disc 6.3863e-01 (6.4227e-01)	Loss Pred 5.9768e-01 (5.8888e-01)	Loss TOTAL 9.6158e-01 (1.0105e+00)
Epoch 19 complete. Saving model state...
