Using device: cuda
Loading Source Train...
Using Mean/Std calculated from Source Train (mean[0]=5.506285903228045, std[0]=0.20951616163223202)
Loading Target Train...
Epoch: [0][ 10/112]	L_Src_Sup 1.7697e+00 (1.9621e+00)	L_Trg_Inj 1.8511e+00 (1.9766e+00)	Loss Disc 7.1894e-01 (7.2205e-01)	Loss Pred 1.0178e+00 (9.7594e-01)	Loss TOTAL 1.7394e+00 (1.7310e+00)
Epoch: [0][ 20/112]	L_Src_Sup 2.2857e-01 (1.2628e+00)	L_Trg_Inj 4.1719e-01 (1.3348e+00)	Loss Disc 7.0989e-01 (7.1813e-01)	Loss Pred 9.6351e-01 (9.7630e-01)	Loss TOTAL 1.3830e+00 (1.6086e+00)
Epoch: [0][ 30/112]	L_Src_Sup 2.9180e-01 (9.1473e-01)	L_Trg_Inj 4.4126e-01 (9.9544e-01)	Loss Disc 7.0024e-01 (7.1348e-01)	Loss Pred 8.9671e-01 (9.7002e-01)	Loss TOTAL 1.3201e+00 (1.5308e+00)
Epoch: [0][ 40/112]	L_Src_Sup 1.9382e-01 (7.3789e-01)	L_Trg_Inj 2.6138e-01 (8.2187e-01)	Loss Disc 6.9517e-01 (7.0938e-01)	Loss Pred 9.1199e-01 (9.7012e-01)	Loss TOTAL 1.3051e+00 (1.4918e+00)
Epoch: [0][ 50/112]	L_Src_Sup 2.2421e-01 (6.3934e-01)	L_Trg_Inj 3.3683e-01 (7.2525e-01)	Loss Disc 6.9366e-01 (7.0637e-01)	Loss Pred 1.0057e+00 (9.6922e-01)	Loss TOTAL 1.4086e+00 (1.4711e+00)
Epoch: [0][ 60/112]	L_Src_Sup 2.4447e-01 (5.6871e-01)	L_Trg_Inj 2.0705e-01 (6.5919e-01)	Loss Disc 6.9155e-01 (7.0407e-01)	Loss Pred 9.9027e-01 (9.7056e-01)	Loss TOTAL 1.4186e+00 (1.4567e+00)
Epoch: [0][ 70/112]	L_Src_Sup 1.8183e-01 (5.1519e-01)	L_Trg_Inj 2.9697e-01 (6.1587e-01)	Loss Disc 6.9170e-01 (7.0234e-01)	Loss Pred 9.4810e-01 (9.6934e-01)	Loss TOTAL 1.3418e+00 (1.4433e+00)
Epoch: [0][ 80/112]	L_Src_Sup 2.4157e-01 (4.7467e-01)	L_Trg_Inj 2.5071e-01 (5.7496e-01)	Loss Disc 6.9181e-01 (7.0103e-01)	Loss Pred 1.0022e+00 (9.7061e-01)	Loss TOTAL 1.3973e+00 (1.4349e+00)
Epoch: [0][ 90/112]	L_Src_Sup 2.6828e-01 (4.4685e-01)	L_Trg_Inj 3.6820e-01 (5.4463e-01)	Loss Disc 6.9155e-01 (6.9999e-01)	Loss Pred 9.6126e-01 (9.7108e-01)	Loss TOTAL 1.3707e+00 (1.4291e+00)
Epoch: [0][100/112]	L_Src_Sup 1.2992e-01 (4.2500e-01)	L_Trg_Inj 3.4209e-01 (5.3273e-01)	Loss Disc 6.9040e-01 (6.9907e-01)	Loss Pred 9.9370e-01 (9.7081e-01)	Loss TOTAL 1.3861e+00 (1.4244e+00)
Epoch: [0][110/112]	L_Src_Sup 1.5069e-01 (4.0553e-01)	L_Trg_Inj 3.8537e-01 (5.1245e-01)	Loss Disc 6.9156e-01 (6.9835e-01)	Loss Pred 9.6096e-01 (9.7034e-01)	Loss TOTAL 1.3604e+00 (1.4196e+00)
Epoch: [0][112/112]	L_Src_Sup 3.0489e-01 (4.0208e-01)	L_Trg_Inj 3.3015e-01 (5.0891e-01)	Loss Disc 6.9168e-01 (6.9823e-01)	Loss Pred 9.5457e-01 (9.6994e-01)	Loss TOTAL 1.3639e+00 (1.4183e+00)
Epoch 0 complete. Saving model state...
Epoch: [1][ 10/112]	L_Src_Sup 3.4207e-01 (2.2311e-01)	L_Trg_Inj 4.9048e-01 (3.3306e-01)	Loss Disc 6.9332e-01 (6.9284e-01)	Loss Pred 8.7855e-01 (9.5462e-01)	Loss TOTAL 1.3085e+00 (1.3652e+00)
Epoch: [1][ 20/112]	L_Src_Sup 1.7640e-01 (2.2140e-01)	L_Trg_Inj 5.0076e-01 (3.6648e-01)	Loss Disc 6.9324e-01 (6.9305e-01)	Loss Pred 1.0177e+00 (9.6253e-01)	Loss TOTAL 1.4320e+00 (1.3740e+00)
Epoch: [1][ 30/112]	L_Src_Sup 2.3719e-01 (2.1689e-01)	L_Trg_Inj 1.8299e-01 (3.3475e-01)	Loss Disc 6.9254e-01 (6.9302e-01)	Loss Pred 9.3617e-01 (9.6794e-01)	Loss TOTAL 1.3787e+00 (1.3821e+00)
Epoch: [1][ 40/112]	L_Src_Sup 3.1348e-01 (2.2448e-01)	L_Trg_Inj 2.9227e-01 (3.3969e-01)	Loss Disc 6.9249e-01 (6.9294e-01)	Loss Pred 9.9689e-01 (9.6701e-01)	Loss TOTAL 1.4249e+00 (1.3811e+00)
Epoch: [1][ 50/112]	L_Src_Sup 1.6683e-01 (2.1844e-01)	L_Trg_Inj 1.9507e-01 (3.4488e-01)	Loss Disc 6.9336e-01 (6.9250e-01)	Loss Pred 9.6635e-01 (9.6835e-01)	Loss TOTAL 1.3492e+00 (1.3799e+00)
Epoch: [1][ 60/112]	L_Src_Sup 2.5168e-01 (2.1702e-01)	L_Trg_Inj 2.9949e-01 (3.3156e-01)	Loss Disc 6.9432e-01 (6.9295e-01)	Loss Pred 9.3675e-01 (9.6615e-01)	Loss TOTAL 1.3390e+00 (1.3770e+00)
Epoch: [1][ 70/112]	L_Src_Sup 1.8696e-01 (2.1308e-01)	L_Trg_Inj 2.5187e-01 (3.4163e-01)	Loss Disc 6.9497e-01 (6.9317e-01)	Loss Pred 1.0304e+00 (9.6793e-01)	Loss TOTAL 1.4217e+00 (1.3782e+00)
Epoch: [1][ 80/112]	L_Src_Sup 2.3751e-01 (2.1100e-01)	L_Trg_Inj 4.4812e-01 (3.3927e-01)	Loss Disc 6.9288e-01 (6.9321e-01)	Loss Pred 9.3771e-01 (9.6892e-01)	Loss TOTAL 1.3527e+00 (1.3777e+00)
Epoch: [1][ 90/112]	L_Src_Sup 1.9789e-01 (2.1469e-01)	L_Trg_Inj 4.7260e-01 (3.5155e-01)	Loss Disc 6.9281e-01 (6.9318e-01)	Loss Pred 9.3785e-01 (9.6829e-01)	Loss TOTAL 1.3513e+00 (1.3789e+00)
Epoch: [1][100/112]	L_Src_Sup 2.2684e-01 (2.1733e-01)	L_Trg_Inj 2.6390e-01 (3.5710e-01)	Loss Disc 6.9231e-01 (6.9312e-01)	Loss Pred 9.0960e-01 (9.6761e-01)	Loss TOTAL 1.3048e+00 (1.3783e+00)
Epoch: [1][110/112]	L_Src_Sup 3.1204e-01 (2.1855e-01)	L_Trg_Inj 3.5741e-01 (3.5542e-01)	Loss Disc 6.9250e-01 (6.9308e-01)	Loss Pred 9.6585e-01 (9.6730e-01)	Loss TOTAL 1.3791e+00 (1.3782e+00)
Epoch: [1][112/112]	L_Src_Sup 1.5954e-01 (2.1761e-01)	L_Trg_Inj 4.1857e-01 (3.5664e-01)	Loss Disc 6.9229e-01 (6.9306e-01)	Loss Pred 9.7147e-01 (9.6687e-01)	Loss TOTAL 1.3754e+00 (1.3776e+00)
Epoch 1 complete. Saving model state...
Epoch: [2][ 10/112]	L_Src_Sup 1.5481e-01 (2.0298e-01)	L_Trg_Inj 3.9275e-01 (3.7476e-01)	Loss Disc 6.9215e-01 (6.9195e-01)	Loss Pred 9.4326e-01 (9.6576e-01)	Loss TOTAL 1.3441e+00 (1.3723e+00)
Epoch: [2][ 20/112]	L_Src_Sup 1.4748e-01 (1.8304e-01)	L_Trg_Inj 2.0165e-01 (3.3257e-01)	Loss Disc 6.9497e-01 (6.9267e-01)	Loss Pred 9.7127e-01 (9.6312e-01)	Loss TOTAL 1.3537e+00 (1.3624e+00)
Epoch: [2][ 30/112]	L_Src_Sup 2.8566e-01 (2.0260e-01)	L_Trg_Inj 3.7790e-01 (3.0977e-01)	Loss Disc 6.9277e-01 (6.9300e-01)	Loss Pred 9.9406e-01 (9.6010e-01)	Loss TOTAL 1.4068e+00 (1.3676e+00)
Epoch: [2][ 40/112]	L_Src_Sup 2.4421e-01 (1.9705e-01)	L_Trg_Inj 2.0893e-01 (3.0328e-01)	Loss Disc 6.9335e-01 (6.9305e-01)	Loss Pred 9.5958e-01 (9.6218e-01)	Loss TOTAL 1.3869e+00 (1.3669e+00)
Epoch: [2][ 50/112]	L_Src_Sup 2.5596e-01 (1.9826e-01)	L_Trg_Inj 4.4152e-01 (3.0218e-01)	Loss Disc 6.9340e-01 (6.9314e-01)	Loss Pred 9.7606e-01 (9.6322e-01)	Loss TOTAL 1.3925e+00 (1.3672e+00)
Epoch: [2][ 60/112]	L_Src_Sup 2.2163e-01 (2.0379e-01)	L_Trg_Inj 3.7406e-01 (3.1245e-01)	Loss Disc 6.9315e-01 (6.9314e-01)	Loss Pred 9.9145e-01 (9.6544e-01)	Loss TOTAL 1.3976e+00 (1.3703e+00)
Epoch: [2][ 70/112]	L_Src_Sup 2.7782e-01 (2.0894e-01)	L_Trg_Inj 4.0756e-01 (3.2157e-01)	Loss Disc 6.9257e-01 (6.9307e-01)	Loss Pred 9.7961e-01 (9.6475e-01)	Loss TOTAL 1.3944e+00 (1.3703e+00)
Epoch: [2][ 80/112]	L_Src_Sup 1.3654e-01 (2.0737e-01)	L_Trg_Inj 3.3128e-01 (3.1823e-01)	Loss Disc 6.9212e-01 (6.9296e-01)	Loss Pred 9.4167e-01 (9.6368e-01)	Loss TOTAL 1.3345e+00 (1.3679e+00)
Epoch: [2][ 90/112]	L_Src_Sup 1.6970e-01 (2.0808e-01)	L_Trg_Inj 2.1611e-01 (3.1473e-01)	Loss Disc 6.9401e-01 (6.9300e-01)	Loss Pred 9.6529e-01 (9.6341e-01)	Loss TOTAL 1.3509e+00 (1.3687e+00)
Epoch: [2][100/112]	L_Src_Sup 1.9776e-01 (2.0599e-01)	L_Trg_Inj 2.6431e-01 (3.1013e-01)	Loss Disc 6.9381e-01 (6.9309e-01)	Loss Pred 9.3377e-01 (9.6329e-01)	Loss TOTAL 1.3269e+00 (1.3680e+00)
Epoch: [2][110/112]	L_Src_Sup 1.0663e-01 (2.0588e-01)	L_Trg_Inj 3.8098e-01 (3.0918e-01)	Loss Disc 6.9319e-01 (6.9312e-01)	Loss Pred 9.7553e-01 (9.6441e-01)	Loss TOTAL 1.3709e+00 (1.3692e+00)
Epoch: [2][112/112]	L_Src_Sup 1.3951e-01 (2.0545e-01)	L_Trg_Inj 2.8263e-01 (3.0929e-01)	Loss Disc 6.9316e-01 (6.9312e-01)	Loss Pred 9.8053e-01 (9.6488e-01)	Loss TOTAL 1.3693e+00 (1.3695e+00)
Epoch 2 complete. Saving model state...
Epoch: [3][ 10/112]	L_Src_Sup 2.8046e-01 (2.2943e-01)	L_Trg_Inj 3.7101e-01 (3.0212e-01)	Loss Disc 6.9281e-01 (6.9299e-01)	Loss Pred 9.9028e-01 (9.6550e-01)	Loss TOTAL 1.4018e+00 (1.3691e+00)
Epoch: [3][ 20/112]	L_Src_Sup 2.0210e-01 (2.3055e-01)	L_Trg_Inj 4.0845e-01 (3.2873e-01)	Loss Disc 6.9282e-01 (6.9289e-01)	Loss Pred 1.0012e+00 (9.5944e-01)	Loss TOTAL 1.4087e+00 (1.3697e+00)
Epoch: [3][ 30/112]	L_Src_Sup 1.2708e-01 (2.1334e-01)	L_Trg_Inj 4.4656e-01 (3.3737e-01)	Loss Disc 6.9289e-01 (6.9289e-01)	Loss Pred 9.6818e-01 (9.6194e-01)	Loss TOTAL 1.3720e+00 (1.3688e+00)
Epoch: [3][ 40/112]	L_Src_Sup 1.8636e-01 (2.0499e-01)	L_Trg_Inj 1.5331e-01 (3.2782e-01)	Loss Disc 6.9379e-01 (6.9297e-01)	Loss Pred 1.0095e+00 (9.6398e-01)	Loss TOTAL 1.4234e+00 (1.3686e+00)
Epoch: [3][ 50/112]	L_Src_Sup 1.9022e-01 (2.0113e-01)	L_Trg_Inj 3.6429e-01 (3.2299e-01)	Loss Disc 6.9330e-01 (6.9304e-01)	Loss Pred 9.6570e-01 (9.6544e-01)	Loss TOTAL 1.3678e+00 (1.3686e+00)
Epoch: [3][ 60/112]	L_Src_Sup 1.9124e-01 (1.9931e-01)	L_Trg_Inj 3.9451e-01 (3.1685e-01)	Loss Disc 6.9321e-01 (6.9305e-01)	Loss Pred 9.6986e-01 (9.6356e-01)	Loss TOTAL 1.3750e+00 (1.3653e+00)
Epoch: [3][ 70/112]	L_Src_Sup 1.5505e-01 (1.9878e-01)	L_Trg_Inj 2.5318e-01 (3.1855e-01)	Loss Disc 6.9234e-01 (6.9304e-01)	Loss Pred 9.2977e-01 (9.6339e-01)	Loss TOTAL 1.3168e+00 (1.3661e+00)
Epoch: [3][ 80/112]	L_Src_Sup 1.8828e-01 (1.9667e-01)	L_Trg_Inj 2.3354e-01 (3.2427e-01)	Loss Disc 6.8754e-01 (6.9269e-01)	Loss Pred 9.0841e-01 (9.6259e-01)	Loss TOTAL 1.2944e+00 (1.3650e+00)
Epoch: [3][ 90/112]	L_Src_Sup 2.1440e-01 (1.9688e-01)	L_Trg_Inj 3.4626e-01 (3.2625e-01)	Loss Disc 6.8726e-01 (6.9183e-01)	Loss Pred 9.5955e-01 (9.5986e-01)	Loss TOTAL 1.3592e+00 (1.3625e+00)
Epoch: [3][100/112]	L_Src_Sup 1.9658e-01 (1.9753e-01)	L_Trg_Inj 3.1500e-01 (3.2718e-01)	Loss Disc 6.9444e-01 (6.9185e-01)	Loss Pred 8.9852e-01 (9.5766e-01)	Loss TOTAL 1.2969e+00 (1.3604e+00)
Epoch: [3][110/112]	L_Src_Sup 1.2768e-01 (2.0036e-01)	L_Trg_Inj 3.4079e-01 (3.2608e-01)	Loss Disc 6.9202e-01 (6.9196e-01)	Loss Pred 9.1427e-01 (9.5611e-01)	Loss TOTAL 1.3071e+00 (1.3599e+00)
Epoch: [3][112/112]	L_Src_Sup 2.1627e-01 (2.0003e-01)	L_Trg_Inj 3.1790e-01 (3.2772e-01)	Loss Disc 6.9059e-01 (6.9193e-01)	Loss Pred 9.5448e-01 (9.5589e-01)	Loss TOTAL 1.3532e+00 (1.3597e+00)
Epoch 3 complete. Saving model state...
Epoch: [4][ 10/112]	L_Src_Sup 3.5595e-01 (2.2289e-01)	L_Trg_Inj 1.3863e-01 (3.1501e-01)	Loss Disc 7.0670e-01 (6.9752e-01)	Loss Pred 9.6721e-01 (9.1995e-01)	Loss TOTAL 1.5873e+00 (1.3442e+00)
Epoch: [4][ 20/112]	L_Src_Sup 2.1034e-01 (2.1208e-01)	L_Trg_Inj 3.6790e-01 (5.3873e-01)	Loss Disc 6.9313e-01 (6.9781e-01)	Loss Pred 9.2497e-01 (9.2754e-01)	Loss TOTAL 1.3294e+00 (1.3637e+00)
Epoch: [4][ 30/112]	L_Src_Sup 3.7664e-01 (2.1735e-01)	L_Trg_Inj 2.6195e-01 (4.7307e-01)	Loss Disc 6.9233e-01 (6.9614e-01)	Loss Pred 8.6578e-01 (9.1430e-01)	Loss TOTAL 1.3905e+00 (1.3438e+00)
Epoch: [4][ 40/112]	L_Src_Sup 1.9090e-01 (2.2534e-01)	L_Trg_Inj 4.1119e-01 (4.6113e-01)	Loss Disc 6.9314e-01 (6.9539e-01)	Loss Pred 9.1994e-01 (9.1060e-01)	Loss TOTAL 1.3267e+00 (1.3362e+00)
Epoch: [4][ 50/112]	L_Src_Sup 2.7117e-01 (2.1838e-01)	L_Trg_Inj 7.8856e-01 (4.3079e-01)	Loss Disc 6.9985e-01 (6.9537e-01)	Loss Pred 8.4985e-01 (9.0014e-01)	Loss TOTAL 1.3057e+00 (1.3212e+00)
Epoch: [4][ 60/112]	L_Src_Sup 1.1130e-01 (2.1672e-01)	L_Trg_Inj 3.6989e-01 (4.1777e-01)	Loss Disc 6.9181e-01 (6.9493e-01)	Loss Pred 8.2975e-01 (8.9296e-01)	Loss TOTAL 1.2238e+00 (1.3114e+00)
Epoch: [4][ 70/112]	L_Src_Sup 2.6540e-01 (2.1381e-01)	L_Trg_Inj 5.1951e-01 (4.0649e-01)	Loss Disc 6.8681e-01 (6.9410e-01)	Loss Pred 8.2504e-01 (8.8460e-01)	Loss TOTAL 1.2469e+00 (1.3005e+00)
Epoch: [4][ 80/112]	L_Src_Sup 1.8368e-01 (2.1249e-01)	L_Trg_Inj 4.3332e-01 (4.0261e-01)	Loss Disc 7.0825e-01 (6.9460e-01)	Loss Pred 8.0697e-01 (8.7778e-01)	Loss TOTAL 1.2228e+00 (1.2934e+00)
Epoch: [4][ 90/112]	L_Src_Sup 1.9549e-01 (2.1303e-01)	L_Trg_Inj 3.3388e-01 (3.9283e-01)	Loss Disc 6.9654e-01 (6.9546e-01)	Loss Pred 7.8838e-01 (8.7172e-01)	Loss TOTAL 1.1896e+00 (1.2864e+00)
Epoch: [4][100/112]	L_Src_Sup 1.6965e-01 (2.1080e-01)	L_Trg_Inj 3.9518e-01 (3.8577e-01)	Loss Disc 6.9527e-01 (6.9549e-01)	Loss Pred 8.1218e-01 (8.6503e-01)	Loss TOTAL 1.2163e+00 (1.2783e+00)
Epoch: [4][110/112]	L_Src_Sup 2.6139e-01 (2.1619e-01)	L_Trg_Inj 3.2267e-01 (3.8818e-01)	Loss Disc 6.9410e-01 (6.9539e-01)	Loss Pred 8.4074e-01 (8.6272e-01)	Loss TOTAL 1.2462e+00 (1.2766e+00)
Epoch: [4][112/112]	L_Src_Sup 2.5253e-01 (2.1608e-01)	L_Trg_Inj 3.4222e-01 (3.8858e-01)	Loss Disc 6.9383e-01 (6.9536e-01)	Loss Pred 8.0663e-01 (8.6184e-01)	Loss TOTAL 1.2130e+00 (1.2757e+00)
Epoch 4 complete. Saving model state...
Epoch: [5][ 10/112]	L_Src_Sup 2.0992e-01 (2.1455e-01)	L_Trg_Inj 3.5763e-01 (3.1917e-01)	Loss Disc 6.9360e-01 (6.9377e-01)	Loss Pred 7.9170e-01 (8.1166e-01)	Loss TOTAL 1.1953e+00 (1.2347e+00)
Epoch: [5][ 20/112]	L_Src_Sup 2.5808e-01 (1.9789e-01)	L_Trg_Inj 3.2226e-01 (3.1858e-01)	Loss Disc 6.9346e-01 (6.9369e-01)	Loss Pred 7.6834e-01 (8.0781e-01)	Loss TOTAL 1.1731e+00 (1.2177e+00)
Epoch: [5][ 30/112]	L_Src_Sup 1.6234e-01 (2.0065e-01)	L_Trg_Inj 4.0479e-01 (3.3090e-01)	Loss Disc 6.9344e-01 (6.9359e-01)	Loss Pred 7.8626e-01 (8.0145e-01)	Loss TOTAL 1.1897e+00 (1.2138e+00)
Epoch: [5][ 40/112]	L_Src_Sup 1.7927e-01 (2.0780e-01)	L_Trg_Inj 2.4826e-01 (3.2597e-01)	Loss Disc 6.9303e-01 (6.9346e-01)	Loss Pred 8.1661e-01 (7.9861e-01)	Loss TOTAL 1.2059e+00 (1.2091e+00)
Epoch: [5][ 50/112]	L_Src_Sup 1.8447e-01 (2.0753e-01)	L_Trg_Inj 4.4103e-01 (3.4181e-01)	Loss Disc 6.9056e-01 (6.9313e-01)	Loss Pred 7.8728e-01 (7.9429e-01)	Loss TOTAL 1.1951e+00 (1.2041e+00)
Epoch: [5][ 60/112]	L_Src_Sup 1.4684e-01 (2.1171e-01)	L_Trg_Inj 3.6734e-01 (3.4419e-01)	Loss Disc 6.8108e-01 (6.9204e-01)	Loss Pred 7.8463e-01 (7.9164e-01)	Loss TOTAL 1.1766e+00 (1.2027e+00)
Epoch: [5][ 70/112]	L_Src_Sup 2.3100e-01 (2.1267e-01)	L_Trg_Inj 4.4601e-01 (3.5378e-01)	Loss Disc 6.9539e-01 (6.9093e-01)	Loss Pred 7.4160e-01 (7.8947e-01)	Loss TOTAL 1.1570e+00 (1.1998e+00)
Epoch: [5][ 80/112]	L_Src_Sup 2.5581e-01 (2.0923e-01)	L_Trg_Inj 4.0442e-01 (3.5998e-01)	Loss Disc 7.0544e-01 (6.9490e-01)	Loss Pred 7.7093e-01 (7.8722e-01)	Loss TOTAL 1.1897e+00 (1.1988e+00)
Epoch: [5][ 90/112]	L_Src_Sup 1.6978e-01 (2.0715e-01)	L_Trg_Inj 3.0733e-01 (3.6055e-01)	Loss Disc 6.8820e-01 (6.9453e-01)	Loss Pred 7.2898e-01 (7.8536e-01)	Loss TOTAL 1.1208e+00 (1.1958e+00)
Epoch: [5][100/112]	L_Src_Sup 2.2595e-01 (2.0854e-01)	L_Trg_Inj 2.7721e-01 (3.5544e-01)	Loss Disc 6.7899e-01 (6.9350e-01)	Loss Pred 7.8103e-01 (7.8372e-01)	Loss TOTAL 1.1708e+00 (1.1938e+00)
Epoch: [5][110/112]	L_Src_Sup 2.8940e-01 (2.0931e-01)	L_Trg_Inj 2.2444e-01 (3.5491e-01)	Loss Disc 6.4903e-01 (6.9080e-01)	Loss Pred 7.6310e-01 (7.8189e-01)	Loss TOTAL 1.2040e+00 (1.1906e+00)
Epoch: [5][112/112]	L_Src_Sup 1.7149e-01 (2.0936e-01)	L_Trg_Inj 2.9264e-01 (3.5517e-01)	Loss Disc 6.3981e-01 (6.8993e-01)	Loss Pred 7.7346e-01 (7.8167e-01)	Loss TOTAL 1.1398e+00 (1.1899e+00)
Epoch 5 complete. Saving model state...
Epoch: [6][ 10/112]	L_Src_Sup 1.7830e-01 (2.1860e-01)	L_Trg_Inj 3.0876e-01 (3.7377e-01)	Loss Disc 5.9466e-01 (6.0993e-01)	Loss Pred 7.6449e-01 (7.5933e-01)	Loss TOTAL 1.1105e+00 (1.1251e+00)
Epoch: [6][ 20/112]	L_Src_Sup 2.2791e-01 (2.1254e-01)	L_Trg_Inj 2.8958e-01 (3.5368e-01)	Loss Disc 7.8256e-01 (6.2543e-01)	Loss Pred 7.7843e-01 (7.6571e-01)	Loss TOTAL 1.2215e+00 (1.1370e+00)
Epoch: [6][ 30/112]	L_Src_Sup 1.1122e-01 (2.0367e-01)	L_Trg_Inj 4.1341e-01 (3.3776e-01)	Loss Disc 7.6517e-01 (6.7513e-01)	Loss Pred 7.7518e-01 (7.6213e-01)	Loss TOTAL 1.2102e+00 (1.1574e+00)
Epoch: [6][ 40/112]	L_Src_Sup 1.9368e-01 (2.0392e-01)	L_Trg_Inj 4.0205e-01 (3.3410e-01)	Loss Disc 7.1897e-01 (6.9043e-01)	Loss Pred 7.5760e-01 (7.5831e-01)	Loss TOTAL 1.1767e+00 (1.1609e+00)
Epoch: [6][ 50/112]	L_Src_Sup 1.4199e-01 (2.0201e-01)	L_Trg_Inj 2.3726e-01 (3.3155e-01)	Loss Disc 7.0174e-01 (6.9373e-01)	Loss Pred 7.3824e-01 (7.5643e-01)	Loss TOTAL 1.1270e+00 (1.1595e+00)
Epoch: [6][ 60/112]	L_Src_Sup 1.6460e-01 (2.0074e-01)	L_Trg_Inj 2.6720e-01 (3.1854e-01)	Loss Disc 6.9771e-01 (6.9476e-01)	Loss Pred 7.4531e-01 (7.5465e-01)	Loss TOTAL 1.1373e+00 (1.1586e+00)
Epoch: [6][ 70/112]	L_Src_Sup 2.4614e-01 (1.9615e-01)	L_Trg_Inj 1.5904e-01 (3.1237e-01)	Loss Disc 6.9569e-01 (6.9503e-01)	Loss Pred 7.3043e-01 (7.5404e-01)	Loss TOTAL 1.2059e+00 (1.1577e+00)
Epoch: [6][ 80/112]	L_Src_Sup 2.5286e-01 (2.0377e-01)	L_Trg_Inj 3.2515e-01 (3.1537e-01)	Loss Disc 6.9439e-01 (6.9506e-01)	Loss Pred 7.7471e-01 (7.5351e-01)	Loss TOTAL 1.1797e+00 (1.1585e+00)
Epoch: [6][ 90/112]	L_Src_Sup 1.3605e-01 (2.0282e-01)	L_Trg_Inj 3.3902e-01 (3.2054e-01)	Loss Disc 6.9418e-01 (6.9498e-01)	Loss Pred 7.5332e-01 (7.5269e-01)	Loss TOTAL 1.1479e+00 (1.1574e+00)
Epoch: [6][100/112]	L_Src_Sup 1.8751e-01 (2.0358e-01)	L_Trg_Inj 3.9511e-01 (3.2052e-01)	Loss Disc 6.9365e-01 (6.9486e-01)	Loss Pred 7.3097e-01 (7.5117e-01)	Loss TOTAL 1.1361e+00 (1.1568e+00)
Epoch: [6][110/112]	L_Src_Sup 2.2287e-01 (1.9948e-01)	L_Trg_Inj 2.6313e-01 (3.1353e-01)	Loss Disc 6.9317e-01 (6.9474e-01)	Loss Pred 7.3101e-01 (7.5023e-01)	Loss TOTAL 1.1262e+00 (1.1546e+00)
Epoch: [6][112/112]	L_Src_Sup 1.9979e-01 (1.9958e-01)	L_Trg_Inj 2.0064e-01 (3.1194e-01)	Loss Disc 6.9297e-01 (6.9471e-01)	Loss Pred 6.9616e-01 (7.4956e-01)	Loss TOTAL 1.0827e+00 (1.1537e+00)
Epoch 6 complete. Saving model state...
Epoch: [7][ 10/112]	L_Src_Sup 1.6616e-01 (1.9824e-01)	L_Trg_Inj 2.3659e-01 (2.2937e-01)	Loss Disc 6.9330e-01 (6.9334e-01)	Loss Pred 7.3538e-01 (7.3280e-01)	Loss TOTAL 1.1223e+00 (1.1348e+00)
Epoch: [7][ 20/112]	L_Src_Sup 8.8716e-02 (1.9652e-01)	L_Trg_Inj 3.3239e-01 (2.3756e-01)	Loss Disc 6.9359e-01 (6.9343e-01)	Loss Pred 7.4462e-01 (7.3186e-01)	Loss TOTAL 1.1335e+00 (1.1370e+00)
Epoch: [7][ 30/112]	L_Src_Sup 2.8886e-01 (2.0262e-01)	L_Trg_Inj 3.7925e-01 (2.7804e-01)	Loss Disc 6.9427e-01 (6.9353e-01)	Loss Pred 7.5317e-01 (7.3355e-01)	Loss TOTAL 1.1671e+00 (1.1386e+00)
Epoch: [7][ 40/112]	L_Src_Sup 2.9100e-01 (2.0174e-01)	L_Trg_Inj 3.2922e-01 (2.9037e-01)	Loss Disc 6.9356e-01 (6.9359e-01)	Loss Pred 7.1389e-01 (7.2990e-01)	Loss TOTAL 1.1227e+00 (1.1336e+00)
Epoch: [7][ 50/112]	L_Src_Sup 1.6670e-01 (1.9639e-01)	L_Trg_Inj 3.8085e-01 (3.0304e-01)	Loss Disc 6.9391e-01 (6.9365e-01)	Loss Pred 7.3401e-01 (7.2904e-01)	Loss TOTAL 1.1357e+00 (1.1324e+00)
Epoch: [7][ 60/112]	L_Src_Sup 1.8082e-01 (1.9627e-01)	L_Trg_Inj 2.7699e-01 (3.0692e-01)	Loss Disc 6.9372e-01 (6.9370e-01)	Loss Pred 7.2411e-01 (7.2720e-01)	Loss TOTAL 1.1168e+00 (1.1308e+00)
Epoch: [7][ 70/112]	L_Src_Sup 2.0568e-01 (1.9999e-01)	L_Trg_Inj 4.0568e-01 (3.1163e-01)	Loss Disc 6.9317e-01 (6.9367e-01)	Loss Pred 6.8326e-01 (7.2575e-01)	Loss TOTAL 1.0910e+00 (1.1293e+00)
Epoch: [7][ 80/112]	L_Src_Sup 2.0991e-01 (2.0089e-01)	L_Trg_Inj 3.8460e-01 (3.0945e-01)	Loss Disc 6.9356e-01 (6.9365e-01)	Loss Pred 7.7301e-01 (7.2571e-01)	Loss TOTAL 1.1792e+00 (1.1298e+00)
Epoch: [7][ 90/112]	L_Src_Sup 2.1983e-01 (2.0135e-01)	L_Trg_Inj 3.2638e-01 (3.0645e-01)	Loss Disc 6.9350e-01 (6.9363e-01)	Loss Pred 7.2126e-01 (7.2541e-01)	Loss TOTAL 1.1226e+00 (1.1297e+00)
Epoch: [7][100/112]	L_Src_Sup 2.5834e-01 (2.0031e-01)	L_Trg_Inj 3.7050e-01 (3.0410e-01)	Loss Disc 6.9347e-01 (6.9360e-01)	Loss Pred 7.1683e-01 (7.2408e-01)	Loss TOTAL 1.1265e+00 (1.1275e+00)
Epoch: [7][110/112]	L_Src_Sup 1.7419e-01 (1.9947e-01)	L_Trg_Inj 3.4385e-01 (3.0801e-01)	Loss Disc 6.9325e-01 (6.9359e-01)	Loss Pred 6.8876e-01 (7.2284e-01)	Loss TOTAL 1.0872e+00 (1.1262e+00)
Epoch: [7][112/112]	L_Src_Sup 3.1611e-01 (2.0024e-01)	L_Trg_Inj 2.6055e-01 (3.0770e-01)	Loss Disc 6.9329e-01 (6.9358e-01)	Loss Pred 7.0051e-01 (7.2218e-01)	Loss TOTAL 1.1604e+00 (1.1259e+00)
Epoch 7 complete. Saving model state...
Epoch: [8][ 10/112]	L_Src_Sup 2.2503e-01 (1.9325e-01)	L_Trg_Inj 2.7645e-01 (3.4792e-01)	Loss Disc 6.9348e-01 (6.9354e-01)	Loss Pred 7.0619e-01 (7.0808e-01)	Loss TOTAL 1.1031e+00 (1.1090e+00)
Epoch: [8][ 20/112]	L_Src_Sup 2.3726e-01 (2.1934e-01)	L_Trg_Inj 4.1731e-01 (3.3123e-01)	Loss Disc 6.9379e-01 (6.9357e-01)	Loss Pred 7.1481e-01 (7.0597e-01)	Loss TOTAL 1.1272e+00 (1.1122e+00)
Epoch: [8][ 30/112]	L_Src_Sup 3.0847e-01 (2.1959e-01)	L_Trg_Inj 3.9431e-01 (3.5581e-01)	Loss Disc 6.9371e-01 (6.9360e-01)	Loss Pred 7.1847e-01 (7.0203e-01)	Loss TOTAL 1.1356e+00 (1.1093e+00)
Epoch: [8][ 40/112]	L_Src_Sup 2.1671e-01 (2.1230e-01)	L_Trg_Inj 4.4445e-01 (3.4355e-01)	Loss Disc 6.9353e-01 (6.9366e-01)	Loss Pred 7.1878e-01 (7.0390e-01)	Loss TOTAL 1.1317e+00 (1.1096e+00)
Epoch: [8][ 50/112]	L_Src_Sup 1.8938e-01 (2.1195e-01)	L_Trg_Inj 2.0683e-01 (3.2938e-01)	Loss Disc 6.9352e-01 (6.9365e-01)	Loss Pred 6.9082e-01 (7.0272e-01)	Loss TOTAL 1.0772e+00 (1.1087e+00)
Epoch: [8][ 60/112]	L_Src_Sup 1.5736e-01 (2.0946e-01)	L_Trg_Inj 3.2424e-01 (3.1926e-01)	Loss Disc 6.9366e-01 (6.9363e-01)	Loss Pred 7.1751e-01 (7.0076e-01)	Loss TOTAL 1.1125e+00 (1.1061e+00)
Epoch: [8][ 70/112]	L_Src_Sup 2.4768e-01 (2.1277e-01)	L_Trg_Inj 2.8538e-01 (3.1151e-01)	Loss Disc 6.9337e-01 (6.9361e-01)	Loss Pred 6.5880e-01 (6.9973e-01)	Loss TOTAL 1.0588e+00 (1.1065e+00)
Epoch: [8][ 80/112]	L_Src_Sup 2.1155e-01 (2.1309e-01)	L_Trg_Inj 2.3318e-01 (3.0255e-01)	Loss Disc 6.9346e-01 (6.9359e-01)	Loss Pred 6.7916e-01 (6.9776e-01)	Loss TOTAL 1.0704e+00 (1.1028e+00)
Epoch: [8][ 90/112]	L_Src_Sup 2.2211e-01 (2.0749e-01)	L_Trg_Inj 2.1774e-01 (2.9468e-01)	Loss Disc 6.9353e-01 (6.9357e-01)	Loss Pred 7.0776e-01 (6.9662e-01)	Loss TOTAL 1.1029e+00 (1.0998e+00)
Epoch: [8][100/112]	L_Src_Sup 1.5390e-01 (2.0574e-01)	L_Trg_Inj 1.6634e-01 (2.9216e-01)	Loss Disc 6.9333e-01 (6.9356e-01)	Loss Pred 6.5524e-01 (6.9583e-01)	Loss TOTAL 1.0339e+00 (1.0989e+00)
Epoch: [8][110/112]	L_Src_Sup 1.9098e-01 (2.0467e-01)	L_Trg_Inj 2.4973e-01 (2.8801e-01)	Loss Disc 6.9334e-01 (6.9354e-01)	Loss Pred 6.9330e-01 (6.9447e-01)	Loss TOTAL 1.0840e+00 (1.0979e+00)
Epoch: [8][112/112]	L_Src_Sup 2.1042e-01 (2.0497e-01)	L_Trg_Inj 2.2713e-01 (2.8667e-01)	Loss Disc 6.9341e-01 (6.9354e-01)	Loss Pred 6.8886e-01 (6.9403e-01)	Loss TOTAL 1.0793e+00 (1.0975e+00)
Epoch 8 complete. Saving model state...
Epoch: [9][ 10/112]	L_Src_Sup 2.8594e-01 (2.2839e-01)	L_Trg_Inj 2.2229e-01 (2.6724e-01)	Loss Disc 6.9327e-01 (6.9336e-01)	Loss Pred 6.5699e-01 (6.8390e-01)	Loss TOTAL 1.1181e+00 (1.0924e+00)
Epoch: [9][ 20/112]	L_Src_Sup 2.9156e-01 (2.1103e-01)	L_Trg_Inj 2.8001e-01 (2.9190e-01)	Loss Disc 6.9314e-01 (6.9330e-01)	Loss Pred 6.7217e-01 (6.8794e-01)	Loss TOTAL 1.0874e+00 (1.0957e+00)
Epoch: [9][ 30/112]	L_Src_Sup 2.5278e-01 (2.0951e-01)	L_Trg_Inj 2.8847e-01 (2.9210e-01)	Loss Disc 6.9277e-01 (6.9319e-01)	Loss Pred 6.7952e-01 (6.8288e-01)	Loss TOTAL 1.0800e+00 (1.0868e+00)
Epoch: [9][ 40/112]	L_Src_Sup 1.8183e-01 (2.0828e-01)	L_Trg_Inj 2.2028e-01 (2.8650e-01)	Loss Disc 6.9026e-01 (6.9285e-01)	Loss Pred 6.5467e-01 (6.7798e-01)	Loss TOTAL 1.0400e+00 (1.0802e+00)
Epoch: [9][ 50/112]	L_Src_Sup 1.6314e-01 (2.1101e-01)	L_Trg_Inj 2.3242e-01 (2.7944e-01)	Loss Disc 6.5829e-01 (6.8846e-01)	Loss Pred 6.6486e-01 (6.7788e-01)	Loss TOTAL 1.0336e+00 (1.0802e+00)
Epoch: [9][ 60/112]	L_Src_Sup 1.7551e-01 (2.1278e-01)	L_Trg_Inj 3.2731e-01 (2.8439e-01)	Loss Disc 8.4464e-01 (6.8703e-01)	Loss Pred 7.2973e-01 (6.7811e-01)	Loss TOTAL 1.2023e+00 (1.0797e+00)
Epoch: [9][ 70/112]	L_Src_Sup 1.0271e-01 (2.1111e-01)	L_Trg_Inj 2.4705e-01 (2.8314e-01)	Loss Disc 6.9970e-01 (6.9896e-01)	Loss Pred 6.7258e-01 (6.7756e-01)	Loss TOTAL 1.0574e+00 (1.0847e+00)
Epoch: [9][ 80/112]	L_Src_Sup 2.2457e-01 (2.0964e-01)	L_Trg_Inj 3.5525e-01 (2.9115e-01)	Loss Disc 6.9399e-01 (6.9849e-01)	Loss Pred 6.5728e-01 (6.7522e-01)	Loss TOTAL 1.0623e+00 (1.0824e+00)
Epoch: [9][ 90/112]	L_Src_Sup 2.9975e-01 (2.0814e-01)	L_Trg_Inj 4.2053e-01 (2.9738e-01)	Loss Disc 6.9245e-01 (6.9791e-01)	Loss Pred 6.4417e-01 (6.7368e-01)	Loss TOTAL 1.0624e+00 (1.0818e+00)
Epoch: [9][100/112]	L_Src_Sup 2.6728e-01 (2.0632e-01)	L_Trg_Inj 2.0678e-01 (2.9673e-01)	Loss Disc 6.9266e-01 (6.9728e-01)	Loss Pred 6.8965e-01 (6.7193e-01)	Loss TOTAL 1.1439e+00 (1.0792e+00)
Epoch: [9][110/112]	L_Src_Sup 2.3669e-01 (2.0537e-01)	L_Trg_Inj 2.9095e-01 (3.0140e-01)	Loss Disc 7.1907e-01 (6.9775e-01)	Loss Pred 6.7030e-01 (6.7164e-01)	Loss TOTAL 1.0826e+00 (1.0790e+00)
Epoch: [9][112/112]	L_Src_Sup 1.2230e-01 (2.0490e-01)	L_Trg_Inj 3.3569e-01 (3.0165e-01)	Loss Disc 7.1116e-01 (6.9802e-01)	Loss Pred 6.5535e-01 (6.7152e-01)	Loss TOTAL 1.0567e+00 (1.0789e+00)
Epoch 9 complete. Saving model state...
Epoch: [10][ 10/112]	L_Src_Sup 2.2664e-01 (1.9988e-01)	L_Trg_Inj 1.9827e-01 (3.3971e-01)	Loss Disc 6.9781e-01 (7.0302e-01)	Loss Pred 6.4079e-01 (6.5214e-01)	Loss TOTAL 1.0606e+00 (1.0604e+00)
Epoch: [10][ 20/112]	L_Src_Sup 1.7842e-01 (2.0453e-01)	L_Trg_Inj 2.7308e-01 (3.2628e-01)	Loss Disc 6.9511e-01 (6.9942e-01)	Loss Pred 6.2681e-01 (6.4817e-01)	Loss TOTAL 1.0195e+00 (1.0557e+00)
Epoch: [10][ 30/112]	L_Src_Sup 1.8718e-01 (2.1439e-01)	L_Trg_Inj 3.1791e-01 (3.3485e-01)	Loss Disc 6.9473e-01 (6.9788e-01)	Loss Pred 6.4625e-01 (6.4974e-01)	Loss TOTAL 1.0441e+00 (1.0584e+00)
Epoch: [10][ 40/112]	L_Src_Sup 1.7819e-01 (2.1102e-01)	L_Trg_Inj 3.5415e-01 (3.3538e-01)	Loss Disc 6.9404e-01 (6.9698e-01)	Loss Pred 6.2760e-01 (6.4790e-01)	Loss TOTAL 1.0279e+00 (1.0553e+00)
Epoch: [10][ 50/112]	L_Src_Sup 3.3038e-01 (2.1614e-01)	L_Trg_Inj 2.7191e-01 (3.3748e-01)	Loss Disc 6.9396e-01 (6.9638e-01)	Loss Pred 6.2877e-01 (6.4762e-01)	Loss TOTAL 1.0945e+00 (1.0558e+00)
Epoch: [10][ 60/112]	L_Src_Sup 1.6226e-01 (2.1073e-01)	L_Trg_Inj 3.4378e-01 (3.3313e-01)	Loss Disc 6.9371e-01 (6.9595e-01)	Loss Pred 6.4474e-01 (6.4690e-01)	Loss TOTAL 1.0422e+00 (1.0531e+00)
Epoch: [10][ 70/112]	L_Src_Sup 2.0724e-01 (2.1797e-01)	L_Trg_Inj 3.9699e-01 (3.2087e-01)	Loss Disc 6.9336e-01 (6.9563e-01)	Loss Pred 6.6867e-01 (6.4690e-01)	Loss TOTAL 1.0758e+00 (1.0624e+00)
Epoch: [10][ 80/112]	L_Src_Sup 2.4127e-01 (2.2512e-01)	L_Trg_Inj 2.9356e-01 (3.2809e-01)	Loss Disc 6.9345e-01 (6.9535e-01)	Loss Pred 6.1705e-01 (6.5019e-01)	Loss TOTAL 1.0173e+00 (1.0660e+00)
Epoch: [10][ 90/112]	L_Src_Sup 4.0484e-01 (2.2384e-01)	L_Trg_Inj 3.0806e-01 (3.2340e-01)	Loss Disc 6.9357e-01 (6.9515e-01)	Loss Pred 6.3567e-01 (6.4854e-01)	Loss TOTAL 1.1505e+00 (1.0639e+00)
Epoch: [10][100/112]	L_Src_Sup 2.9753e-01 (2.2392e-01)	L_Trg_Inj 2.9432e-01 (3.2338e-01)	Loss Disc 6.9359e-01 (6.9499e-01)	Loss Pred 6.5082e-01 (6.4647e-01)	Loss TOTAL 1.0600e+00 (1.0605e+00)
Epoch: [10][110/112]	L_Src_Sup 2.6977e-01 (2.2346e-01)	L_Trg_Inj 2.8310e-01 (3.2493e-01)	Loss Disc 6.9355e-01 (6.9486e-01)	Loss Pred 6.6318e-01 (6.4628e-01)	Loss TOTAL 1.0652e+00 (1.0601e+00)
Epoch: [10][112/112]	L_Src_Sup 2.9797e-01 (2.2441e-01)	L_Trg_Inj 3.2481e-01 (3.2492e-01)	Loss Disc 6.9371e-01 (6.9484e-01)	Loss Pred 6.3527e-01 (6.4607e-01)	Loss TOTAL 1.0444e+00 (1.0597e+00)
Epoch 10 complete. Saving model state...
Epoch: [11][ 10/112]	L_Src_Sup 1.9149e-01 (2.0553e-01)	L_Trg_Inj 3.7142e-01 (2.4657e-01)	Loss Disc 6.9356e-01 (6.9365e-01)	Loss Pred 6.4825e-01 (6.2871e-01)	Loss TOTAL 1.0513e+00 (1.0551e+00)
Epoch: [11][ 20/112]	L_Src_Sup 2.8263e-01 (2.0303e-01)	L_Trg_Inj 3.3104e-01 (2.7679e-01)	Loss Disc 6.9343e-01 (6.9353e-01)	Loss Pred 6.5647e-01 (6.3402e-01)	Loss TOTAL 1.0646e+00 (1.0464e+00)
Epoch: [11][ 30/112]	L_Src_Sup 2.0616e-01 (2.1485e-01)	L_Trg_Inj 2.3137e-01 (2.9029e-01)	Loss Disc 6.9340e-01 (6.9348e-01)	Loss Pred 6.3473e-01 (6.3017e-01)	Loss TOTAL 1.0252e+00 (1.0394e+00)
Epoch: [11][ 40/112]	L_Src_Sup 2.2207e-01 (2.0860e-01)	L_Trg_Inj 3.7727e-01 (2.9651e-01)	Loss Disc 6.9349e-01 (6.9347e-01)	Loss Pred 6.4245e-01 (6.2751e-01)	Loss TOTAL 1.0491e+00 (1.0347e+00)
Epoch: [11][ 50/112]	L_Src_Sup 1.0636e-01 (2.0297e-01)	L_Trg_Inj 2.6322e-01 (2.9464e-01)	Loss Disc 6.9348e-01 (6.9348e-01)	Loss Pred 6.5478e-01 (6.2760e-01)	Loss TOTAL 1.0385e+00 (1.0344e+00)
Epoch: [11][ 60/112]	L_Src_Sup 2.4866e-01 (2.0780e-01)	L_Trg_Inj 2.8562e-01 (2.9347e-01)	Loss Disc 6.9345e-01 (6.9347e-01)	Loss Pred 6.2052e-01 (6.2654e-01)	Loss TOTAL 1.0207e+00 (1.0325e+00)
Epoch: [11][ 70/112]	L_Src_Sup 5.9999e-02 (2.0399e-01)	L_Trg_Inj 2.0654e-01 (2.9176e-01)	Loss Disc 6.9343e-01 (6.9346e-01)	Loss Pred 6.0352e-01 (6.2627e-01)	Loss TOTAL 9.7689e-01 (1.0304e+00)
Epoch: [11][ 80/112]	L_Src_Sup 1.6990e-01 (2.0411e-01)	L_Trg_Inj 4.2561e-01 (2.9000e-01)	Loss Disc 6.9329e-01 (6.9345e-01)	Loss Pred 5.6636e-01 (6.2360e-01)	Loss TOTAL 9.7256e-01 (1.0278e+00)
Epoch: [11][ 90/112]	L_Src_Sup 2.0834e-01 (2.0427e-01)	L_Trg_Inj 2.0046e-01 (2.9285e-01)	Loss Disc 6.9340e-01 (6.9344e-01)	Loss Pred 6.3331e-01 (6.2394e-01)	Loss TOTAL 1.0288e+00 (1.0277e+00)
Epoch: [11][100/112]	L_Src_Sup 2.8042e-01 (2.0577e-01)	L_Trg_Inj 4.3713e-01 (3.0106e-01)	Loss Disc 6.9327e-01 (6.9344e-01)	Loss Pred 5.5911e-01 (6.2391e-01)	Loss TOTAL 9.7750e-01 (1.0285e+00)
Epoch: [11][110/112]	L_Src_Sup 2.7367e-01 (2.0636e-01)	L_Trg_Inj 3.8693e-01 (3.0566e-01)	Loss Disc 6.9338e-01 (6.9343e-01)	Loss Pred 6.2194e-01 (6.2401e-01)	Loss TOTAL 1.0347e+00 (1.0284e+00)
Epoch: [11][112/112]	L_Src_Sup 1.8946e-01 (2.0646e-01)	L_Trg_Inj 3.5236e-01 (3.0651e-01)	Loss Disc 6.9338e-01 (6.9343e-01)	Loss Pred 6.2713e-01 (6.2393e-01)	Loss TOTAL 1.0280e+00 (1.0283e+00)
Epoch 11 complete. Saving model state...
Epoch: [12][ 10/112]	L_Src_Sup 1.4142e-01 (1.9859e-01)	L_Trg_Inj 3.9425e-01 (3.2788e-01)	Loss Disc 6.9332e-01 (6.9342e-01)	Loss Pred 5.9472e-01 (6.1198e-01)	Loss TOTAL 9.9495e-01 (1.0223e+00)
Epoch: [12][ 20/112]	L_Src_Sup 1.9144e-01 (1.9498e-01)	L_Trg_Inj 3.6973e-01 (3.2508e-01)	Loss Disc 6.9321e-01 (6.9337e-01)	Loss Pred 6.1847e-01 (6.1500e-01)	Loss TOTAL 1.0212e+00 (1.0242e+00)
Epoch: [12][ 30/112]	L_Src_Sup 1.3999e-01 (1.8689e-01)	L_Trg_Inj 2.6356e-01 (3.2101e-01)	Loss Disc 6.9299e-01 (6.9328e-01)	Loss Pred 6.0907e-01 (6.1023e-01)	Loss TOTAL 9.9592e-01 (1.0156e+00)
Epoch: [12][ 40/112]	L_Src_Sup 1.7057e-01 (1.8266e-01)	L_Trg_Inj 2.6071e-01 (3.1644e-01)	Loss Disc 6.9171e-01 (6.9307e-01)	Loss Pred 6.2665e-01 (6.1060e-01)	Loss TOTAL 1.0156e+00 (1.0130e+00)
Epoch: [12][ 50/112]	L_Src_Sup 2.6542e-01 (1.9520e-01)	L_Trg_Inj 2.1952e-01 (3.0444e-01)	Loss Disc 6.7415e-01 (6.9147e-01)	Loss Pred 5.9169e-01 (6.1016e-01)	Loss TOTAL 1.0232e+00 (1.0151e+00)
Epoch: [12][ 60/112]	L_Src_Sup 2.3912e-01 (2.0054e-01)	L_Trg_Inj 2.6451e-01 (2.9993e-01)	Loss Disc 6.9486e-01 (6.9302e-01)	Loss Pred 6.2741e-01 (6.1005e-01)	Loss TOTAL 1.0252e+00 (1.0158e+00)
Epoch: [12][ 70/112]	L_Src_Sup 2.1741e-01 (2.0179e-01)	L_Trg_Inj 2.6334e-01 (3.0900e-01)	Loss Disc 6.9358e-01 (6.9314e-01)	Loss Pred 6.0806e-01 (6.0860e-01)	Loss TOTAL 1.0029e+00 (1.0141e+00)
Epoch: [12][ 80/112]	L_Src_Sup 1.3187e-01 (2.0190e-01)	L_Trg_Inj 2.3430e-01 (3.1205e-01)	Loss Disc 6.9315e-01 (6.9316e-01)	Loss Pred 6.1112e-01 (6.0717e-01)	Loss TOTAL 9.9431e-01 (1.0128e+00)
Epoch: [12][ 90/112]	L_Src_Sup 3.6958e-01 (2.0364e-01)	L_Trg_Inj 3.3879e-01 (3.1406e-01)	Loss Disc 6.9233e-01 (6.9311e-01)	Loss Pred 6.4836e-01 (6.0584e-01)	Loss TOTAL 1.0962e+00 (1.0131e+00)
Epoch: [12][100/112]	L_Src_Sup 1.5092e-01 (2.0457e-01)	L_Trg_Inj 3.8974e-01 (3.1647e-01)	Loss Disc 6.8709e-01 (6.9286e-01)	Loss Pred 5.4489e-01 (6.0524e-01)	Loss TOTAL 9.4250e-01 (1.0118e+00)
Epoch: [12][110/112]	L_Src_Sup 1.2779e-01 (2.0306e-01)	L_Trg_Inj 2.6501e-01 (3.2184e-01)	Loss Disc 7.0877e-01 (6.9282e-01)	Loss Pred 6.1490e-01 (6.0523e-01)	Loss TOTAL 1.0086e+00 (1.0117e+00)
Epoch: [12][112/112]	L_Src_Sup 1.1539e-01 (2.0232e-01)	L_Trg_Inj 4.2809e-01 (3.2255e-01)	Loss Disc 6.9942e-01 (6.9300e-01)	Loss Pred 5.5576e-01 (6.0470e-01)	Loss TOTAL 9.5981e-01 (1.0111e+00)
Epoch 12 complete. Saving model state...
Epoch: [13][ 10/112]	L_Src_Sup 1.5555e-01 (1.6430e-01)	L_Trg_Inj 3.8924e-01 (3.1183e-01)	Loss Disc 6.9577e-01 (6.9698e-01)	Loss Pred 6.1260e-01 (5.8788e-01)	Loss TOTAL 1.0150e+00 (9.8617e-01)
Epoch: [13][ 20/112]	L_Src_Sup 1.2123e-01 (1.5855e-01)	L_Trg_Inj 4.3086e-01 (3.4423e-01)	Loss Disc 6.9430e-01 (6.9582e-01)	Loss Pred 5.7123e-01 (5.9048e-01)	Loss TOTAL 9.7359e-01 (9.9212e-01)
Epoch: [13][ 30/112]	L_Src_Sup 1.6668e-01 (1.6458e-01)	L_Trg_Inj 2.3339e-01 (3.2344e-01)	Loss Disc 6.9393e-01 (6.9518e-01)	Loss Pred 5.8352e-01 (5.9143e-01)	Loss TOTAL 9.7050e-01 (9.9018e-01)
Epoch: [13][ 40/112]	L_Src_Sup 2.2860e-01 (1.8000e-01)	L_Trg_Inj 1.3234e-01 (3.0743e-01)	Loss Disc 6.9360e-01 (6.9485e-01)	Loss Pred 5.3913e-01 (5.8991e-01)	Loss TOTAL 1.0183e+00 (9.9055e-01)
Epoch: [13][ 50/112]	L_Src_Sup 1.2374e-01 (1.8137e-01)	L_Trg_Inj 3.4237e-01 (3.0537e-01)	Loss Disc 6.9361e-01 (6.9461e-01)	Loss Pred 6.0355e-01 (5.9132e-01)	Loss TOTAL 9.9697e-01 (9.9167e-01)
Epoch: [13][ 60/112]	L_Src_Sup 2.3001e-01 (1.8685e-01)	L_Trg_Inj 3.5278e-01 (3.0663e-01)	Loss Disc 6.9352e-01 (6.9443e-01)	Loss Pred 6.0098e-01 (5.9220e-01)	Loss TOTAL 1.0060e+00 (9.9273e-01)
Epoch: [13][ 70/112]	L_Src_Sup 2.6695e-01 (1.8716e-01)	L_Trg_Inj 2.7096e-01 (3.0968e-01)	Loss Disc 6.9347e-01 (6.9430e-01)	Loss Pred 5.6262e-01 (5.9254e-01)	Loss TOTAL 9.6314e-01 (9.9277e-01)
Epoch: [13][ 80/112]	L_Src_Sup 9.7408e-02 (1.8774e-01)	L_Trg_Inj 4.6651e-01 (3.0756e-01)	Loss Disc 6.9327e-01 (6.9419e-01)	Loss Pred 5.7734e-01 (5.9185e-01)	Loss TOTAL 9.8037e-01 (9.9214e-01)
Epoch: [13][ 90/112]	L_Src_Sup 1.7070e-01 (1.8576e-01)	L_Trg_Inj 2.6165e-01 (3.1192e-01)	Loss Disc 6.9328e-01 (6.9409e-01)	Loss Pred 5.9229e-01 (5.9121e-01)	Loss TOTAL 9.8217e-01 (9.9127e-01)
Epoch: [13][100/112]	L_Src_Sup 2.8592e-01 (1.8793e-01)	L_Trg_Inj 4.6457e-01 (3.1522e-01)	Loss Disc 6.9308e-01 (6.9401e-01)	Loss Pred 5.7514e-01 (5.9098e-01)	Loss TOTAL 9.9673e-01 (9.9216e-01)
Epoch: [13][110/112]	L_Src_Sup 2.6410e-01 (1.9171e-01)	L_Trg_Inj 4.7336e-01 (3.2917e-01)	Loss Disc 6.9283e-01 (6.9391e-01)	Loss Pred 6.0845e-01 (5.9082e-01)	Loss TOTAL 1.0286e+00 (9.9370e-01)
Epoch: [13][112/112]	L_Src_Sup 1.4117e-01 (1.9112e-01)	L_Trg_Inj 3.8133e-01 (3.3012e-01)	Loss Disc 6.9306e-01 (6.9389e-01)	Loss Pred 6.3243e-01 (5.9140e-01)	Loss TOTAL 1.0312e+00 (9.9425e-01)
Epoch 13 complete. Saving model state...
Epoch: [14][ 10/112]	L_Src_Sup 1.7872e-01 (2.0197e-01)	L_Trg_Inj 4.0337e-01 (4.1552e-01)	Loss Disc 6.9263e-01 (6.9282e-01)	Loss Pred 5.8246e-01 (5.8805e-01)	Loss TOTAL 9.8699e-01 (9.9621e-01)
Epoch: [14][ 20/112]	L_Src_Sup 3.3048e-01 (2.0419e-01)	L_Trg_Inj 2.7691e-01 (3.6964e-01)	Loss Disc 6.9235e-01 (6.9270e-01)	Loss Pred 5.9937e-01 (5.9192e-01)	Loss TOTAL 1.0598e+00 (9.9833e-01)
Epoch: [14][ 30/112]	L_Src_Sup 1.6853e-01 (1.9543e-01)	L_Trg_Inj 3.4828e-01 (3.5233e-01)	Loss Disc 6.9225e-01 (6.9257e-01)	Loss Pred 6.0214e-01 (5.9180e-01)	Loss TOTAL 9.9995e-01 (9.9465e-01)
Epoch: [14][ 40/112]	L_Src_Sup 1.6331e-01 (1.9573e-01)	L_Trg_Inj 2.7328e-01 (3.4014e-01)	Loss Disc 6.9264e-01 (6.9259e-01)	Loss Pred 5.7291e-01 (5.9131e-01)	Loss TOTAL 9.6289e-01 (9.9442e-01)
Epoch: [14][ 50/112]	L_Src_Sup 1.9613e-01 (2.0013e-01)	L_Trg_Inj 2.7957e-01 (3.3572e-01)	Loss Disc 6.9060e-01 (6.9255e-01)	Loss Pred 5.7957e-01 (5.9229e-01)	Loss TOTAL 9.7244e-01 (9.9613e-01)
Epoch: [14][ 60/112]	L_Src_Sup 1.9053e-01 (2.0242e-01)	L_Trg_Inj 4.4907e-01 (3.3654e-01)	Loss Disc 7.2030e-01 (6.9010e-01)	Loss Pred 5.5811e-01 (5.9083e-01)	Loss TOTAL 9.8222e-01 (9.9465e-01)
Epoch: [14][ 70/112]	L_Src_Sup 1.3974e-01 (2.0367e-01)	L_Trg_Inj 4.3290e-01 (3.4544e-01)	Loss Disc 6.9448e-01 (6.9518e-01)	Loss Pred 6.3483e-01 (5.9116e-01)	Loss TOTAL 1.0393e+00 (9.9783e-01)
Epoch: [14][ 80/112]	L_Src_Sup 2.6269e-01 (2.0560e-01)	L_Trg_Inj 4.4786e-01 (3.4385e-01)	Loss Disc 6.9358e-01 (6.9503e-01)	Loss Pred 5.8000e-01 (5.9063e-01)	Loss TOTAL 9.9785e-01 (9.9690e-01)
Epoch: [14][ 90/112]	L_Src_Sup 1.2642e-01 (2.0330e-01)	L_Trg_Inj 4.3164e-01 (3.6164e-01)	Loss Disc 6.9349e-01 (6.9486e-01)	Loss Pred 5.8842e-01 (5.9067e-01)	Loss TOTAL 9.9097e-01 (9.9798e-01)
Epoch: [14][100/112]	L_Src_Sup 1.6066e-01 (2.0232e-01)	L_Trg_Inj 2.8128e-01 (3.6354e-01)	Loss Disc 6.9351e-01 (6.9472e-01)	Loss Pred 5.8785e-01 (5.9073e-01)	Loss TOTAL 9.7880e-01 (9.9772e-01)
Epoch: [14][110/112]	L_Src_Sup 2.3214e-01 (2.0214e-01)	L_Trg_Inj 3.9019e-01 (3.6366e-01)	Loss Disc 6.9337e-01 (6.9460e-01)	Loss Pred 5.9798e-01 (5.9073e-01)	Loss TOTAL 1.0069e+00 (9.9790e-01)
Epoch: [14][112/112]	L_Src_Sup 1.3679e-01 (2.0138e-01)	L_Trg_Inj 2.0737e-01 (3.6235e-01)	Loss Disc 6.9332e-01 (6.9458e-01)	Loss Pred 6.2896e-01 (5.9089e-01)	Loss TOTAL 1.0100e+00 (9.9778e-01)
Epoch 14 complete. Saving model state...
Epoch: [15][ 10/112]	L_Src_Sup 1.6325e-01 (2.2367e-01)	L_Trg_Inj 2.7712e-01 (2.6774e-01)	Loss Disc 6.9334e-01 (6.9333e-01)	Loss Pred 6.1946e-01 (6.0273e-01)	Loss TOTAL 1.0102e+00 (1.0128e+00)
Epoch: [15][ 20/112]	L_Src_Sup 1.4589e-01 (2.1039e-01)	L_Trg_Inj 2.5800e-01 (2.9002e-01)	Loss Disc 6.9327e-01 (6.9331e-01)	Loss Pred 5.8112e-01 (5.9821e-01)	Loss TOTAL 9.6814e-01 (1.0020e+00)
Epoch: [15][ 30/112]	L_Src_Sup 2.2968e-01 (2.0134e-01)	L_Trg_Inj 1.2009e-01 (2.8930e-01)	Loss Disc 6.9326e-01 (6.9329e-01)	Loss Pred 5.9484e-01 (5.9536e-01)	Loss TOTAL 1.0860e+00 (9.9947e-01)
Epoch: [15][ 40/112]	L_Src_Sup 2.1519e-01 (1.9493e-01)	L_Trg_Inj 3.5040e-01 (2.9001e-01)	Loss Disc 6.9322e-01 (6.9328e-01)	Loss Pred 5.9989e-01 (5.9300e-01)	Loss TOTAL 1.0031e+00 (9.9471e-01)
Epoch: [15][ 50/112]	L_Src_Sup 1.6330e-01 (1.9392e-01)	L_Trg_Inj 3.9984e-01 (2.9575e-01)	Loss Disc 6.9318e-01 (6.9326e-01)	Loss Pred 5.9845e-01 (5.9331e-01)	Loss TOTAL 1.0014e+00 (9.9464e-01)
Epoch: [15][ 60/112]	L_Src_Sup 6.8986e-02 (1.9321e-01)	L_Trg_Inj 2.5081e-01 (2.9342e-01)	Loss Disc 6.9319e-01 (6.9325e-01)	Loss Pred 6.2192e-01 (5.9328e-01)	Loss TOTAL 1.0005e+00 (9.9398e-01)
Epoch: [15][ 70/112]	L_Src_Sup 3.2347e-01 (1.9665e-01)	L_Trg_Inj 3.6431e-01 (2.9149e-01)	Loss Disc 6.9307e-01 (6.9323e-01)	Loss Pred 5.7618e-01 (5.9096e-01)	Loss TOTAL 9.9150e-01 (9.9381e-01)
Epoch: [15][ 80/112]	L_Src_Sup 1.4587e-01 (2.0182e-01)	L_Trg_Inj 3.1744e-01 (3.0497e-01)	Loss Disc 6.9193e-01 (6.9314e-01)	Loss Pred 5.8909e-01 (5.8961e-01)	Loss TOTAL 9.8138e-01 (9.9380e-01)
Epoch: [15][ 90/112]	L_Src_Sup 2.2454e-01 (2.0159e-01)	L_Trg_Inj 3.8261e-01 (3.0716e-01)	Loss Disc 6.7759e-01 (6.9257e-01)	Loss Pred 5.7986e-01 (5.8963e-01)	Loss TOTAL 9.7937e-01 (9.9296e-01)
Epoch: [15][100/112]	L_Src_Sup 2.2240e-01 (2.0149e-01)	L_Trg_Inj 3.8690e-01 (3.1060e-01)	Loss Disc 7.0153e-01 (6.9305e-01)	Loss Pred 5.9624e-01 (5.9171e-01)	Loss TOTAL 1.0079e+00 (9.9575e-01)
Epoch: [15][110/112]	L_Src_Sup 2.3422e-01 (2.0393e-01)	L_Trg_Inj 3.6818e-01 (3.0987e-01)	Loss Disc 6.9568e-01 (6.9352e-01)	Loss Pred 5.8815e-01 (5.9163e-01)	Loss TOTAL 9.9623e-01 (9.9606e-01)
Epoch: [15][112/112]	L_Src_Sup 2.6762e-01 (2.0448e-01)	L_Trg_Inj 4.1148e-01 (3.1072e-01)	Loss Disc 6.9506e-01 (6.9354e-01)	Loss Pred 5.8769e-01 (5.9137e-01)	Loss TOTAL 1.0031e+00 (9.9584e-01)
Epoch 15 complete. Saving model state...
Epoch: [16][ 10/112]	L_Src_Sup 1.7582e-01 (2.1361e-01)	L_Trg_Inj 4.6423e-01 (3.3831e-01)	Loss Disc 6.9420e-01 (6.9453e-01)	Loss Pred 6.0346e-01 (6.0038e-01)	Loss TOTAL 1.0146e+00 (1.0107e+00)
Epoch: [16][ 20/112]	L_Src_Sup 2.3212e-01 (2.1208e-01)	L_Trg_Inj 4.1688e-01 (3.5024e-01)	Loss Disc 6.9384e-01 (6.9421e-01)	Loss Pred 5.8155e-01 (5.9136e-01)	Loss TOTAL 9.9337e-01 (9.9861e-01)
Epoch: [16][ 30/112]	L_Src_Sup 1.7172e-01 (2.0061e-01)	L_Trg_Inj 2.4546e-01 (3.4101e-01)	Loss Disc 6.9351e-01 (6.9405e-01)	Loss Pred 6.2940e-01 (5.9793e-01)	Loss TOTAL 1.0179e+00 (1.0036e+00)
Epoch: [16][ 40/112]	L_Src_Sup 2.4575e-01 (2.0303e-01)	L_Trg_Inj 4.1850e-01 (3.3742e-01)	Loss Disc 6.9363e-01 (6.9393e-01)	Loss Pred 6.1873e-01 (5.9632e-01)	Loss TOTAL 1.0320e+00 (1.0034e+00)
Epoch: [16][ 50/112]	L_Src_Sup 1.7612e-01 (1.9996e-01)	L_Trg_Inj 3.6241e-01 (3.2593e-01)	Loss Disc 6.9340e-01 (6.9385e-01)	Loss Pred 5.5758e-01 (5.9415e-01)	Loss TOTAL 9.5814e-01 (9.9931e-01)
Epoch: [16][ 60/112]	L_Src_Sup 1.5238e-01 (1.9505e-01)	L_Trg_Inj 2.1542e-01 (3.1670e-01)	Loss Disc 6.9343e-01 (6.9378e-01)	Loss Pred 6.0613e-01 (5.9437e-01)	Loss TOTAL 9.8963e-01 (9.9762e-01)
Epoch: [16][ 70/112]	L_Src_Sup 1.5401e-01 (1.9853e-01)	L_Trg_Inj 2.1691e-01 (3.0681e-01)	Loss Disc 6.9335e-01 (6.9372e-01)	Loss Pred 6.0151e-01 (5.9315e-01)	Loss TOTAL 9.8528e-01 (9.9649e-01)
Epoch: [16][ 80/112]	L_Src_Sup 1.5839e-01 (2.0275e-01)	L_Trg_Inj 2.9140e-01 (3.0650e-01)	Loss Disc 6.9329e-01 (6.9367e-01)	Loss Pred 5.5984e-01 (5.9195e-01)	Loss TOTAL 9.5147e-01 (9.9670e-01)
Epoch: [16][ 90/112]	L_Src_Sup 1.3468e-01 (2.0471e-01)	L_Trg_Inj 2.2725e-01 (3.0354e-01)	Loss Disc 6.9321e-01 (6.9363e-01)	Loss Pred 5.5033e-01 (5.9157e-01)	Loss TOTAL 9.3313e-01 (9.9562e-01)
Epoch: [16][100/112]	L_Src_Sup 2.5888e-01 (2.0459e-01)	L_Trg_Inj 4.7898e-01 (3.1188e-01)	Loss Disc 6.9330e-01 (6.9359e-01)	Loss Pred 6.3176e-01 (5.9106e-01)	Loss TOTAL 1.0522e+00 (9.9571e-01)
Epoch: [16][110/112]	L_Src_Sup 2.4578e-01 (2.0410e-01)	L_Trg_Inj 3.0471e-01 (3.1548e-01)	Loss Disc 6.9320e-01 (6.9356e-01)	Loss Pred 6.0530e-01 (5.9095e-01)	Loss TOTAL 1.0070e+00 (9.9533e-01)
Epoch: [16][112/112]	L_Src_Sup 2.0176e-01 (2.0300e-01)	L_Trg_Inj 3.3845e-01 (3.1653e-01)	Loss Disc 6.9320e-01 (6.9355e-01)	Loss Pred 6.2009e-01 (5.9110e-01)	Loss TOTAL 1.0207e+00 (9.9537e-01)
Epoch 16 complete. Saving model state...
Epoch: [17][ 10/112]	L_Src_Sup 2.0904e-01 (2.1407e-01)	L_Trg_Inj 4.3888e-01 (3.9182e-01)	Loss Disc 6.9303e-01 (6.9310e-01)	Loss Pred 5.9007e-01 (5.8874e-01)	Loss TOTAL 1.0014e+00 (9.9956e-01)
Epoch: [17][ 20/112]	L_Src_Sup 1.6199e-01 (2.0165e-01)	L_Trg_Inj 2.7440e-01 (3.6959e-01)	Loss Disc 6.9261e-01 (6.9296e-01)	Loss Pred 5.8292e-01 (5.8881e-01)	Loss TOTAL 9.7287e-01 (9.9426e-01)
Epoch: [17][ 30/112]	L_Src_Sup 2.0624e-01 (2.0474e-01)	L_Trg_Inj 3.0564e-01 (3.4568e-01)	Loss Disc 6.8645e-01 (6.9215e-01)	Loss Pred 5.7471e-01 (5.8869e-01)	Loss TOTAL 9.6913e-01 (9.9104e-01)
Epoch: [17][ 40/112]	L_Src_Sup 1.3514e-01 (2.0458e-01)	L_Trg_Inj 4.1660e-01 (3.3761e-01)	Loss Disc 6.9641e-01 (6.9209e-01)	Loss Pred 6.1574e-01 (5.8622e-01)	Loss TOTAL 1.0191e+00 (9.8759e-01)
Epoch: [17][ 50/112]	L_Src_Sup 2.3348e-01 (1.9482e-01)	L_Trg_Inj 3.3762e-01 (3.3829e-01)	Loss Disc 6.9402e-01 (6.9255e-01)	Loss Pred 5.4880e-01 (5.8560e-01)	Loss TOTAL 9.5292e-01 (9.8607e-01)
Epoch: [17][ 60/112]	L_Src_Sup 3.1378e-01 (1.9693e-01)	L_Trg_Inj 3.2011e-01 (3.2860e-01)	Loss Disc 6.9305e-01 (6.9269e-01)	Loss Pred 6.4080e-01 (5.8815e-01)	Loss TOTAL 1.0507e+00 (9.8865e-01)
Epoch: [17][ 70/112]	L_Src_Sup 1.3329e-01 (1.9595e-01)	L_Trg_Inj 4.1575e-01 (3.2788e-01)	Loss Disc 6.9321e-01 (6.9278e-01)	Loss Pred 6.1589e-01 (5.8843e-01)	Loss TOTAL 1.0174e+00 (9.8982e-01)
Epoch: [17][ 80/112]	L_Src_Sup 1.3999e-01 (1.9733e-01)	L_Trg_Inj 3.5515e-01 (3.2779e-01)	Loss Disc 6.9310e-01 (6.9283e-01)	Loss Pred 5.7043e-01 (5.8745e-01)	Loss TOTAL 9.6650e-01 (9.8885e-01)
Epoch: [17][ 90/112]	L_Src_Sup 2.1051e-01 (1.9826e-01)	L_Trg_Inj 3.0247e-01 (3.2845e-01)	Loss Disc 6.9297e-01 (6.9284e-01)	Loss Pred 6.0106e-01 (5.8757e-01)	Loss TOTAL 9.9885e-01 (9.8886e-01)
Epoch: [17][100/112]	L_Src_Sup 1.6665e-01 (1.9819e-01)	L_Trg_Inj 2.5017e-01 (3.2345e-01)	Loss Disc 6.9234e-01 (6.9283e-01)	Loss Pred 5.8583e-01 (5.8774e-01)	Loss TOTAL 9.7368e-01 (9.8922e-01)
Epoch: [17][110/112]	L_Src_Sup 1.8949e-01 (1.9743e-01)	L_Trg_Inj 4.0952e-01 (3.1507e-01)	Loss Disc 6.9234e-01 (6.9282e-01)	Loss Pred 6.2242e-01 (5.8780e-01)	Loss TOTAL 1.0285e+00 (9.9009e-01)
Epoch: [17][112/112]	L_Src_Sup 2.6080e-01 (1.9873e-01)	L_Trg_Inj 2.2657e-01 (3.1433e-01)	Loss Disc 6.9148e-01 (6.9280e-01)	Loss Pred 6.0824e-01 (5.8811e-01)	Loss TOTAL 1.0369e+00 (9.9068e-01)
Epoch 17 complete. Saving model state...
Epoch: [18][ 10/112]	L_Src_Sup 8.9892e-02 (1.9430e-01)	L_Trg_Inj 2.4496e-01 (2.7550e-01)	Loss Disc 6.8994e-01 (6.9069e-01)	Loss Pred 6.1352e-01 (5.8821e-01)	Loss TOTAL 9.9198e-01 (9.8967e-01)
Epoch: [18][ 20/112]	L_Src_Sup 2.1569e-01 (2.0154e-01)	L_Trg_Inj 2.3172e-01 (2.7655e-01)	Loss Disc 6.9484e-01 (6.9302e-01)	Loss Pred 5.7731e-01 (5.9041e-01)	Loss TOTAL 9.6947e-01 (9.9253e-01)
Epoch: [18][ 30/112]	L_Src_Sup 2.3310e-01 (1.9947e-01)	L_Trg_Inj 3.2881e-01 (2.7156e-01)	Loss Disc 6.9362e-01 (6.9333e-01)	Loss Pred 5.5422e-01 (5.8517e-01)	Loss TOTAL 9.5723e-01 (9.8942e-01)
Epoch: [18][ 40/112]	L_Src_Sup 2.1792e-01 (2.0070e-01)	L_Trg_Inj 2.9419e-01 (2.7467e-01)	Loss Disc 6.9351e-01 (6.9340e-01)	Loss Pred 5.6685e-01 (5.8468e-01)	Loss TOTAL 9.6481e-01 (9.8949e-01)
Epoch: [18][ 50/112]	L_Src_Sup 1.1924e-01 (1.9648e-01)	L_Trg_Inj 2.7360e-01 (2.8430e-01)	Loss Disc 6.9345e-01 (6.9341e-01)	Loss Pred 5.5736e-01 (5.8278e-01)	Loss TOTAL 9.4337e-01 (9.8602e-01)
Epoch: [18][ 60/112]	L_Src_Sup 1.7650e-01 (1.9528e-01)	L_Trg_Inj 1.9272e-01 (2.7687e-01)	Loss Disc 6.9324e-01 (6.9340e-01)	Loss Pred 5.6657e-01 (5.8349e-01)	Loss TOTAL 9.5011e-01 (9.8895e-01)
Epoch: [18][ 70/112]	L_Src_Sup 1.7054e-01 (1.9639e-01)	L_Trg_Inj 2.4917e-01 (2.7197e-01)	Loss Disc 6.9324e-01 (6.9338e-01)	Loss Pred 5.9067e-01 (5.8448e-01)	Loss TOTAL 9.7926e-01 (9.9064e-01)
Epoch: [18][ 80/112]	L_Src_Sup 2.8897e-01 (1.9770e-01)	L_Trg_Inj 3.8585e-01 (2.8828e-01)	Loss Disc 6.9308e-01 (6.9335e-01)	Loss Pred 6.1355e-01 (5.8635e-01)	Loss TOTAL 1.0276e+00 (9.9314e-01)
Epoch: [18][ 90/112]	L_Src_Sup 2.5857e-01 (1.9695e-01)	L_Trg_Inj 2.6027e-01 (3.0083e-01)	Loss Disc 6.9307e-01 (6.9332e-01)	Loss Pred 5.9628e-01 (5.8791e-01)	Loss TOTAL 9.9470e-01 (9.9458e-01)
Epoch: [18][100/112]	L_Src_Sup 2.2052e-01 (1.9469e-01)	L_Trg_Inj 9.2865e-02 (2.9113e-01)	Loss Disc 6.9224e-01 (6.9325e-01)	Loss Pred 5.6715e-01 (5.8844e-01)	Loss TOTAL 1.0723e+00 (9.9564e-01)
Epoch: [18][110/112]	L_Src_Sup 2.8289e-01 (1.9471e-01)	L_Trg_Inj 1.3984e-01 (2.7590e-01)	Loss Disc 6.6815e-01 (6.9218e-01)	Loss Pred 5.8122e-01 (5.8827e-01)	Loss TOTAL 1.1006e+00 (9.9933e-01)
Epoch: [18][112/112]	L_Src_Sup 2.4646e-01 (1.9546e-01)	L_Trg_Inj 1.3991e-01 (2.7472e-01)	Loss Disc 6.7594e-01 (6.9186e-01)	Loss Pred 5.8264e-01 (5.8811e-01)	Loss TOTAL 1.0658e+00 (9.9959e-01)
Epoch 18 complete. Saving model state...
Epoch: [19][ 10/112]	L_Src_Sup 1.8559e-01 (2.1701e-01)	L_Trg_Inj 2.3266e-01 (2.8114e-01)	Loss Disc 6.9472e-01 (7.1357e-01)	Loss Pred 5.7934e-01 (5.8995e-01)	Loss TOTAL 9.6853e-01 (1.0038e+00)
Epoch: [19][ 20/112]	L_Src_Sup 1.8753e-01 (2.1141e-01)	L_Trg_Inj 4.4312e-01 (3.0067e-01)	Loss Disc 6.9376e-01 (7.0384e-01)	Loss Pred 5.9103e-01 (5.8879e-01)	Loss TOTAL 1.0010e+00 (9.9707e-01)
Epoch: [19][ 30/112]	L_Src_Sup 2.6000e-01 (2.1840e-01)	L_Trg_Inj 3.8472e-01 (3.0378e-01)	Loss Disc 6.9353e-01 (7.0041e-01)	Loss Pred 5.6351e-01 (5.8883e-01)	Loss TOTAL 9.7475e-01 (9.9761e-01)
Epoch: [19][ 40/112]	L_Src_Sup 2.3766e-01 (2.1939e-01)	L_Trg_Inj 4.0036e-01 (2.9683e-01)	Loss Disc 6.9342e-01 (6.9866e-01)	Loss Pred 5.6955e-01 (5.8918e-01)	Loss TOTAL 9.8006e-01 (9.9653e-01)
Epoch: [19][ 50/112]	L_Src_Sup 1.6982e-01 (2.1750e-01)	L_Trg_Inj 2.9252e-01 (3.2119e-01)	Loss Disc 6.9341e-01 (6.9761e-01)	Loss Pred 5.4521e-01 (5.8894e-01)	Loss TOTAL 9.3815e-01 (9.9674e-01)
Epoch: [19][ 60/112]	L_Src_Sup 1.8373e-01 (2.0965e-01)	L_Trg_Inj 3.3548e-01 (3.2466e-01)	Loss Disc 6.9329e-01 (6.9689e-01)	Loss Pred 5.7659e-01 (5.8702e-01)	Loss TOTAL 9.7516e-01 (9.9317e-01)
Epoch: [19][ 70/112]	L_Src_Sup 2.2566e-01 (2.0377e-01)	L_Trg_Inj 1.5122e-01 (3.1684e-01)	Loss Disc 6.9324e-01 (6.9638e-01)	Loss Pred 6.1391e-01 (5.8834e-01)	Loss TOTAL 1.0727e+00 (9.9385e-01)
Epoch: [19][ 80/112]	L_Src_Sup 1.8753e-01 (2.0470e-01)	L_Trg_Inj 3.0628e-01 (3.1279e-01)	Loss Disc 6.9319e-01 (6.9599e-01)	Loss Pred 5.8343e-01 (5.8784e-01)	Loss TOTAL 9.7940e-01 (9.9415e-01)
Epoch: [19][ 90/112]	L_Src_Sup 2.4492e-01 (2.0424e-01)	L_Trg_Inj 2.9526e-01 (3.0857e-01)	Loss Disc 6.9319e-01 (6.9567e-01)	Loss Pred 5.9000e-01 (5.8845e-01)	Loss TOTAL 9.9061e-01 (9.9340e-01)
Epoch: [19][100/112]	L_Src_Sup 1.0103e-01 (2.0242e-01)	L_Trg_Inj 4.9509e-01 (3.1183e-01)	Loss Disc 6.9284e-01 (6.9541e-01)	Loss Pred 5.7155e-01 (5.8874e-01)	Loss TOTAL 9.7758e-01 (9.9369e-01)
Epoch: [19][110/112]	L_Src_Sup 1.5390e-01 (2.0387e-01)	L_Trg_Inj 3.6975e-01 (3.2443e-01)	Loss Disc 6.9057e-01 (6.9510e-01)	Loss Pred 6.0140e-01 (5.8889e-01)	Loss TOTAL 9.9905e-01 (9.9455e-01)
Epoch: [19][112/112]	L_Src_Sup 1.6677e-01 (2.0403e-01)	L_Trg_Inj 3.3420e-01 (3.2579e-01)	Loss Disc 6.8728e-01 (6.9497e-01)	Loss Pred 5.7907e-01 (5.8869e-01)	Loss TOTAL 9.7280e-01 (9.9434e-01)
Epoch 19 complete. Saving model state...
Epoch: [20][ 10/112]	L_Src_Sup 1.7633e-01 (1.6410e-01)	L_Trg_Inj 4.1188e-01 (3.7620e-01)	Loss Disc 7.0580e-01 (6.9189e-01)	Loss Pred 6.1768e-01 (5.9090e-01)	Loss TOTAL 1.0294e+00 (9.9392e-01)
Epoch: [20][ 20/112]	L_Src_Sup 2.6337e-01 (1.8937e-01)	L_Trg_Inj 2.3288e-01 (3.2526e-01)	Loss Disc 6.9472e-01 (6.9430e-01)	Loss Pred 5.7121e-01 (5.8747e-01)	Loss TOTAL 9.9869e-01 (9.9506e-01)
Epoch: [20][ 30/112]	L_Src_Sup 1.0876e-01 (1.8623e-01)	L_Trg_Inj 1.7510e-01 (2.8688e-01)	Loss Disc 6.9427e-01 (6.9431e-01)	Loss Pred 6.0156e-01 (5.8649e-01)	Loss TOTAL 9.7708e-01 (9.9052e-01)
Epoch: [20][ 40/112]	L_Src_Sup 2.0460e-01 (2.0221e-01)	L_Trg_Inj 3.2230e-01 (2.8460e-01)	Loss Disc 6.9382e-01 (6.9419e-01)	Loss Pred 6.1503e-01 (5.8839e-01)	Loss TOTAL 1.0146e+00 (9.9584e-01)
Epoch: [20][ 50/112]	L_Src_Sup 1.8027e-01 (2.0125e-01)	L_Trg_Inj 4.3565e-01 (2.9837e-01)	Loss Disc 6.9309e-01 (6.9406e-01)	Loss Pred 5.3182e-01 (5.8923e-01)	Loss TOTAL 9.3996e-01 (9.9579e-01)
Epoch: [20][ 60/112]	L_Src_Sup 2.3672e-01 (2.0489e-01)	L_Trg_Inj 3.2500e-01 (3.0824e-01)	Loss Disc 6.9359e-01 (6.9393e-01)	Loss Pred 5.9622e-01 (5.8633e-01)	Loss TOTAL 9.9919e-01 (9.9259e-01)
Epoch: [20][ 70/112]	L_Src_Sup 1.0204e-01 (2.0328e-01)	L_Trg_Inj 2.3306e-01 (2.9917e-01)	Loss Disc 6.9346e-01 (6.9387e-01)	Loss Pred 5.7540e-01 (5.8554e-01)	Loss TOTAL 9.5564e-01 (9.9154e-01)
Epoch: [20][ 80/112]	L_Src_Sup 1.2373e-01 (2.0537e-01)	L_Trg_Inj 3.5611e-01 (3.0650e-01)	Loss Disc 6.9338e-01 (6.9377e-01)	Loss Pred 6.1987e-01 (5.8794e-01)	Loss TOTAL 1.0145e+00 (9.9374e-01)
Epoch: [20][ 90/112]	L_Src_Sup 1.8213e-01 (2.0183e-01)	L_Trg_Inj 4.4557e-01 (3.0783e-01)	Loss Disc 6.9348e-01 (6.9371e-01)	Loss Pred 6.1315e-01 (5.8839e-01)	Loss TOTAL 1.0227e+00 (9.9308e-01)
Epoch: [20][100/112]	L_Src_Sup 1.9686e-01 (1.9968e-01)	L_Trg_Inj 2.3361e-01 (3.0813e-01)	Loss Disc 6.9341e-01 (6.9367e-01)	Loss Pred 5.9949e-01 (5.8851e-01)	Loss TOTAL 9.8924e-01 (9.9277e-01)
Epoch: [20][110/112]	L_Src_Sup 1.8560e-01 (2.0026e-01)	L_Trg_Inj 2.7506e-01 (3.0429e-01)	Loss Disc 6.9307e-01 (6.9364e-01)	Loss Pred 5.8499e-01 (5.8837e-01)	Loss TOTAL 9.7759e-01 (9.9271e-01)
Epoch: [20][112/112]	L_Src_Sup 1.4002e-01 (2.0019e-01)	L_Trg_Inj 2.6446e-01 (3.0456e-01)	Loss Disc 6.9307e-01 (6.9363e-01)	Loss Pred 5.6225e-01 (5.8817e-01)	Loss TOTAL 9.4923e-01 (9.9240e-01)
Epoch 20 complete. Saving model state...
Epoch: [21][ 10/112]	L_Src_Sup 2.0839e-01 (1.8100e-01)	L_Trg_Inj 2.9645e-01 (2.8221e-01)	Loss Disc 6.9331e-01 (6.9328e-01)	Loss Pred 5.8073e-01 (5.8713e-01)	Loss TOTAL 9.7786e-01 (9.8253e-01)
Epoch: [21][ 20/112]	L_Src_Sup 1.6148e-01 (1.8380e-01)	L_Trg_Inj 2.8117e-01 (2.6179e-01)	Loss Disc 6.9324e-01 (6.9326e-01)	Loss Pred 5.7788e-01 (5.8637e-01)	Loss TOTAL 9.6877e-01 (9.8655e-01)
Epoch: [21][ 30/112]	L_Src_Sup 2.2834e-01 (1.9087e-01)	L_Trg_Inj 2.6517e-01 (2.4026e-01)	Loss Disc 6.9307e-01 (6.9322e-01)	Loss Pred 5.8731e-01 (5.8663e-01)	Loss TOTAL 9.8320e-01 (9.9491e-01)
Epoch: [21][ 40/112]	L_Src_Sup 1.6167e-01 (1.9470e-01)	L_Trg_Inj 3.3520e-01 (2.5192e-01)	Loss Disc 6.9292e-01 (6.9315e-01)	Loss Pred 5.8058e-01 (5.8921e-01)	Loss TOTAL 9.7673e-01 (9.9437e-01)
Epoch: [21][ 50/112]	L_Src_Sup 1.4884e-01 (1.9276e-01)	L_Trg_Inj 1.7549e-01 (2.5036e-01)	Loss Disc 6.8959e-01 (6.9292e-01)	Loss Pred 6.2700e-01 (5.8981e-01)	Loss TOTAL 1.0042e+00 (9.9344e-01)
Epoch: [21][ 60/112]	L_Src_Sup 1.5535e-01 (1.9092e-01)	L_Trg_Inj 1.2443e-01 (2.4057e-01)	Loss Disc 7.1454e-01 (6.9301e-01)	Loss Pred 5.5837e-01 (5.8992e-01)	Loss TOTAL 9.7454e-01 (9.9249e-01)
Epoch: [21][ 70/112]	L_Src_Sup 1.5054e-01 (1.9163e-01)	L_Trg_Inj 3.2804e-01 (2.4115e-01)	Loss Disc 6.9400e-01 (6.9341e-01)	Loss Pred 5.9158e-01 (5.9078e-01)	Loss TOTAL 9.8644e-01 (9.9410e-01)
Epoch: [21][ 80/112]	L_Src_Sup 1.7651e-01 (1.8955e-01)	L_Trg_Inj 3.1708e-01 (2.4971e-01)	Loss Disc 6.9341e-01 (6.9346e-01)	Loss Pred 5.5902e-01 (5.8858e-01)	Loss TOTAL 9.5509e-01 (9.9091e-01)
Epoch: [21][ 90/112]	L_Src_Sup 1.9629e-01 (1.8876e-01)	L_Trg_Inj 2.3362e-01 (2.5450e-01)	Loss Disc 6.9327e-01 (6.9344e-01)	Loss Pred 5.5368e-01 (5.8809e-01)	Loss TOTAL 9.4331e-01 (9.9009e-01)
Epoch: [21][100/112]	L_Src_Sup 2.1278e-01 (1.9092e-01)	L_Trg_Inj 1.9954e-01 (2.5703e-01)	Loss Disc 6.9323e-01 (6.9342e-01)	Loss Pred 5.8931e-01 (5.8870e-01)	Loss TOTAL 9.9040e-01 (9.9103e-01)
Epoch: [21][110/112]	L_Src_Sup 1.6109e-01 (1.9220e-01)	L_Trg_Inj 3.2783e-01 (2.6663e-01)	Loss Disc 6.9315e-01 (6.9339e-01)	Loss Pred 6.2530e-01 (5.8897e-01)	Loss TOTAL 1.0208e+00 (9.9139e-01)
Epoch: [21][112/112]	L_Src_Sup 1.3194e-01 (1.9134e-01)	L_Trg_Inj 3.4339e-01 (2.6800e-01)	Loss Disc 6.9294e-01 (6.9339e-01)	Loss Pred 6.0024e-01 (5.8876e-01)	Loss TOTAL 9.9424e-01 (9.9105e-01)
Epoch 21 complete. Saving model state...
Epoch: [22][ 10/112]	L_Src_Sup 2.3405e-01 (2.0600e-01)	L_Trg_Inj 3.1126e-01 (3.2506e-01)	Loss Disc 6.9263e-01 (6.9264e-01)	Loss Pred 6.0004e-01 (5.9443e-01)	Loss TOTAL 1.0009e+00 (9.9386e-01)
Epoch: [22][ 20/112]	L_Src_Sup 2.6377e-01 (2.0070e-01)	L_Trg_Inj 3.1199e-01 (2.9606e-01)	Loss Disc 6.9248e-01 (6.9217e-01)	Loss Pred 6.0018e-01 (5.9242e-01)	Loss TOTAL 1.0040e+00 (9.9193e-01)
Epoch: [22][ 30/112]	L_Src_Sup 1.9584e-01 (1.9861e-01)	L_Trg_Inj 2.1709e-01 (2.9611e-01)	Loss Disc 6.9634e-01 (6.9241e-01)	Loss Pred 6.1305e-01 (5.9054e-01)	Loss TOTAL 1.0025e+00 (9.8916e-01)
Epoch: [22][ 40/112]	L_Src_Sup 1.2516e-01 (1.9567e-01)	L_Trg_Inj 1.7089e-01 (2.9080e-01)	Loss Disc 6.9414e-01 (6.9293e-01)	Loss Pred 5.8764e-01 (5.8815e-01)	Loss TOTAL 9.6431e-01 (9.8546e-01)
Epoch: [22][ 50/112]	L_Src_Sup 8.0881e-02 (1.9518e-01)	L_Trg_Inj 2.6500e-01 (2.8214e-01)	Loss Disc 6.9344e-01 (6.9304e-01)	Loss Pred 5.7931e-01 (5.8854e-01)	Loss TOTAL 9.6062e-01 (9.8587e-01)
Epoch: [22][ 60/112]	L_Src_Sup 1.9570e-01 (1.9926e-01)	L_Trg_Inj 2.1649e-01 (2.8066e-01)	Loss Disc 6.9313e-01 (6.9312e-01)	Loss Pred 6.1571e-01 (5.8872e-01)	Loss TOTAL 1.0035e+00 (9.8729e-01)
Epoch: [22][ 70/112]	L_Src_Sup 2.1078e-01 (1.9940e-01)	L_Trg_Inj 2.3050e-01 (2.8689e-01)	Loss Disc 6.9316e-01 (6.9314e-01)	Loss Pred 5.9195e-01 (5.8710e-01)	Loss TOTAL 9.8266e-01 (9.8574e-01)
Epoch: [22][ 80/112]	L_Src_Sup 1.1650e-01 (1.9423e-01)	L_Trg_Inj 2.8091e-01 (2.8512e-01)	Loss Disc 6.9323e-01 (6.9317e-01)	Loss Pred 5.5708e-01 (5.8750e-01)	Loss TOTAL 9.4344e-01 (9.8529e-01)
Epoch: [22][ 90/112]	L_Src_Sup 3.3709e-01 (1.9840e-01)	L_Trg_Inj 2.9672e-01 (2.8168e-01)	Loss Disc 6.9329e-01 (6.9318e-01)	Loss Pred 6.0890e-01 (5.8829e-01)	Loss TOTAL 1.0593e+00 (9.8977e-01)
Epoch: [22][100/112]	L_Src_Sup 1.6000e-01 (1.9800e-01)	L_Trg_Inj 1.8737e-01 (2.7943e-01)	Loss Disc 6.9315e-01 (6.9318e-01)	Loss Pred 5.6216e-01 (5.8723e-01)	Loss TOTAL 9.4347e-01 (9.8861e-01)
Epoch: [22][110/112]	L_Src_Sup 1.0204e-01 (1.9684e-01)	L_Trg_Inj 1.6230e-01 (2.7445e-01)	Loss Disc 6.9302e-01 (6.9317e-01)	Loss Pred 5.8443e-01 (5.8763e-01)	Loss TOTAL 9.5737e-01 (9.9096e-01)
Epoch: [22][112/112]	L_Src_Sup 2.2455e-01 (1.9705e-01)	L_Trg_Inj 1.4052e-01 (2.7219e-01)	Loss Disc 6.9318e-01 (6.9317e-01)	Loss Pred 5.7597e-01 (5.8762e-01)	Loss TOTAL 1.0431e+00 (9.9166e-01)
Epoch 22 complete. Saving model state...
Epoch: [23][ 10/112]	L_Src_Sup 1.8013e-01 (2.1175e-01)	L_Trg_Inj 3.8648e-01 (3.1918e-01)	Loss Disc 6.9324e-01 (6.9301e-01)	Loss Pred 5.6219e-01 (5.8697e-01)	Loss TOTAL 9.6547e-01 (1.0002e+00)
Epoch: [23][ 20/112]	L_Src_Sup 2.7990e-01 (2.0415e-01)	L_Trg_Inj 3.4344e-01 (3.3860e-01)	Loss Disc 6.9294e-01 (6.9306e-01)	Loss Pred 5.9236e-01 (5.8292e-01)	Loss TOTAL 1.0012e+00 (9.9391e-01)
Epoch: [23][ 30/112]	L_Src_Sup 1.9574e-01 (2.0968e-01)	L_Trg_Inj 2.6536e-01 (3.2525e-01)	Loss Disc 6.9291e-01 (6.9305e-01)	Loss Pred 6.0074e-01 (5.8179e-01)	Loss TOTAL 9.9331e-01 (9.9103e-01)
Epoch: [23][ 40/112]	L_Src_Sup 2.0841e-01 (2.0761e-01)	L_Trg_Inj 1.7179e-01 (3.1583e-01)	Loss Disc 6.9391e-01 (6.9315e-01)	Loss Pred 6.0703e-01 (5.8772e-01)	Loss TOTAL 1.0286e+00 (9.9604e-01)
Epoch: [23][ 50/112]	L_Src_Sup 1.4584e-01 (2.0947e-01)	L_Trg_Inj 4.0602e-01 (3.0333e-01)	Loss Disc 6.9323e-01 (6.9317e-01)	Loss Pred 5.8576e-01 (5.8741e-01)	Loss TOTAL 9.8756e-01 (9.9632e-01)
Epoch: [23][ 60/112]	L_Src_Sup 1.9790e-01 (2.1079e-01)	L_Trg_Inj 4.1238e-01 (3.0618e-01)	Loss Disc 6.9234e-01 (6.9312e-01)	Loss Pred 6.0044e-01 (5.8731e-01)	Loss TOTAL 1.0076e+00 (9.9651e-01)
Epoch: [23][ 70/112]	L_Src_Sup 1.5397e-01 (2.1348e-01)	L_Trg_Inj 3.8182e-01 (3.0415e-01)	Loss Disc 6.9330e-01 (6.9312e-01)	Loss Pred 6.0496e-01 (5.8810e-01)	Loss TOTAL 1.0052e+00 (9.9870e-01)
Epoch: [23][ 80/112]	L_Src_Sup 2.0842e-01 (2.1433e-01)	L_Trg_Inj 2.8078e-01 (3.0849e-01)	Loss Disc 6.9286e-01 (6.9312e-01)	Loss Pred 5.8168e-01 (5.8752e-01)	Loss TOTAL 9.7704e-01 (9.9711e-01)
Epoch: [23][ 90/112]	L_Src_Sup 2.2440e-01 (2.1520e-01)	L_Trg_Inj 3.7413e-01 (3.1058e-01)	Loss Disc 6.9330e-01 (6.9314e-01)	Loss Pred 5.4934e-01 (5.8781e-01)	Loss TOTAL 9.5584e-01 (9.9652e-01)
Epoch: [23][100/112]	L_Src_Sup 2.7923e-01 (2.1435e-01)	L_Trg_Inj 2.6528e-01 (3.0920e-01)	Loss Disc 6.9317e-01 (6.9317e-01)	Loss Pred 5.7333e-01 (5.8852e-01)	Loss TOTAL 9.8832e-01 (9.9658e-01)
Epoch: [23][110/112]	L_Src_Sup 1.7827e-01 (2.1349e-01)	L_Trg_Inj 2.6545e-01 (3.1146e-01)	Loss Disc 6.9276e-01 (6.9315e-01)	Loss Pred 5.6132e-01 (5.8700e-01)	Loss TOTAL 9.5207e-01 (9.9437e-01)
Epoch: [23][112/112]	L_Src_Sup 9.8077e-02 (2.1243e-01)	L_Trg_Inj 2.1821e-01 (3.1021e-01)	Loss Disc 6.9260e-01 (6.9314e-01)	Loss Pred 5.6328e-01 (5.8691e-01)	Loss TOTAL 9.4121e-01 (9.9389e-01)
Epoch 23 complete. Saving model state...
Epoch: [24][ 10/112]	L_Src_Sup 3.3334e-01 (1.9734e-01)	L_Trg_Inj 2.3413e-01 (2.3635e-01)	Loss Disc 6.9151e-01 (6.9155e-01)	Loss Pred 6.0549e-01 (5.8171e-01)	Loss TOTAL 1.1072e+00 (9.9393e-01)
Epoch: [24][ 20/112]	L_Src_Sup 6.0003e-02 (1.9501e-01)	L_Trg_Inj 2.0299e-01 (2.6645e-01)	Loss Disc 6.9340e-01 (6.9323e-01)	Loss Pred 5.6543e-01 (5.8219e-01)	Loss TOTAL 9.3843e-01 (9.8921e-01)
Epoch: [24][ 30/112]	L_Src_Sup 2.0202e-01 (1.9360e-01)	L_Trg_Inj 2.4933e-01 (2.7819e-01)	Loss Disc 6.9433e-01 (6.9341e-01)	Loss Pred 5.7464e-01 (5.8198e-01)	Loss TOTAL 9.6694e-01 (9.9103e-01)
Epoch: [24][ 40/112]	L_Src_Sup 1.3637e-01 (1.9635e-01)	L_Trg_Inj 2.5662e-01 (2.7898e-01)	Loss Disc 6.9350e-01 (6.9348e-01)	Loss Pred 6.1411e-01 (5.8412e-01)	Loss TOTAL 1.0002e+00 (9.9267e-01)
Epoch: [24][ 50/112]	L_Src_Sup 1.6093e-01 (1.9600e-01)	L_Trg_Inj 1.4482e-01 (2.7064e-01)	Loss Disc 6.9326e-01 (6.9343e-01)	Loss Pred 6.6788e-01 (5.8516e-01)	Loss TOTAL 1.0612e+00 (9.9579e-01)
Epoch: [24][ 60/112]	L_Src_Sup 1.4894e-01 (1.9623e-01)	L_Trg_Inj 2.9664e-01 (2.8158e-01)	Loss Disc 6.9022e-01 (6.9324e-01)	Loss Pred 5.9998e-01 (5.8585e-01)	Loss TOTAL 9.8964e-01 (9.9557e-01)
Epoch: [24][ 70/112]	L_Src_Sup 2.9477e-01 (2.0299e-01)	L_Trg_Inj 4.5226e-01 (2.8718e-01)	Loss Disc 6.9485e-01 (6.9345e-01)	Loss Pred 5.8332e-01 (5.8613e-01)	Loss TOTAL 1.0055e+00 (9.9576e-01)
Epoch: [24][ 80/112]	L_Src_Sup 1.2000e-01 (2.0139e-01)	L_Trg_Inj 2.9640e-01 (2.9468e-01)	Loss Disc 6.9325e-01 (6.9349e-01)	Loss Pred 5.6619e-01 (5.8591e-01)	Loss TOTAL 9.5446e-01 (9.9540e-01)
Epoch: [24][ 90/112]	L_Src_Sup 2.6010e-01 (2.0123e-01)	L_Trg_Inj 2.3950e-01 (3.0007e-01)	Loss Disc 6.9333e-01 (6.9350e-01)	Loss Pred 5.7664e-01 (5.8583e-01)	Loss TOTAL 9.9386e-01 (9.9461e-01)
Epoch: [24][100/112]	L_Src_Sup 2.1506e-01 (2.0346e-01)	L_Trg_Inj 2.6685e-01 (3.0338e-01)	Loss Disc 6.9331e-01 (6.9348e-01)	Loss Pred 5.9670e-01 (5.8597e-01)	Loss TOTAL 9.9155e-01 (9.9491e-01)
Epoch: [24][110/112]	L_Src_Sup 1.3047e-01 (1.9975e-01)	L_Trg_Inj 3.0109e-01 (3.0122e-01)	Loss Disc 6.9326e-01 (6.9345e-01)	Loss Pred 5.9851e-01 (5.8620e-01)	Loss TOTAL 9.8830e-01 (9.9350e-01)
Epoch: [24][112/112]	L_Src_Sup 2.3076e-01 (2.0005e-01)	L_Trg_Inj 2.4907e-01 (2.9953e-01)	Loss Disc 6.9301e-01 (6.9345e-01)	Loss Pred 5.4525e-01 (5.8643e-01)	Loss TOTAL 9.3974e-01 (9.9373e-01)
Epoch 24 complete. Saving model state...
Epoch: [25][ 10/112]	L_Src_Sup 1.0100e-01 (1.8438e-01)	L_Trg_Inj 2.5374e-01 (2.7530e-01)	Loss Disc 6.9282e-01 (6.9296e-01)	Loss Pred 5.7533e-01 (5.8257e-01)	Loss TOTAL 9.5721e-01 (9.7502e-01)
Epoch: [25][ 20/112]	L_Src_Sup 2.5560e-01 (1.8822e-01)	L_Trg_Inj 3.9187e-01 (3.0409e-01)	Loss Disc 6.9320e-01 (6.9304e-01)	Loss Pred 5.9266e-01 (5.8792e-01)	Loss TOTAL 1.0040e+00 (9.8367e-01)
Epoch: [25][ 30/112]	L_Src_Sup 2.0410e-01 (1.9753e-01)	L_Trg_Inj 3.4252e-01 (2.9742e-01)	Loss Disc 6.9329e-01 (6.9301e-01)	Loss Pred 5.7379e-01 (5.8689e-01)	Loss TOTAL 9.7509e-01 (9.8768e-01)
Epoch: [25][ 40/112]	L_Src_Sup 1.5758e-01 (1.8934e-01)	L_Trg_Inj 3.3372e-01 (3.1544e-01)	Loss Disc 6.9229e-01 (6.9285e-01)	Loss Pred 6.1326e-01 (5.8807e-01)	Loss TOTAL 1.0085e+00 (9.8856e-01)
Epoch: [25][ 50/112]	L_Src_Sup 1.6331e-01 (1.8595e-01)	L_Trg_Inj 3.4102e-01 (3.2426e-01)	Loss Disc 6.9381e-01 (6.9327e-01)	Loss Pred 5.7643e-01 (5.8666e-01)	Loss TOTAL 9.7377e-01 (9.8889e-01)
Epoch: [25][ 60/112]	L_Src_Sup 1.6301e-01 (1.8739e-01)	L_Trg_Inj 3.1400e-01 (3.2252e-01)	Loss Disc 6.9302e-01 (6.9323e-01)	Loss Pred 6.2175e-01 (5.8689e-01)	Loss TOTAL 1.0160e+00 (9.8832e-01)
Epoch: [25][ 70/112]	L_Src_Sup 1.3486e-01 (1.8728e-01)	L_Trg_Inj 5.1095e-01 (3.2265e-01)	Loss Disc 6.8509e-01 (6.9286e-01)	Loss Pred 5.5110e-01 (5.8634e-01)	Loss TOTAL 9.5823e-01 (9.8799e-01)
Epoch: [25][ 80/112]	L_Src_Sup 2.1519e-01 (1.8917e-01)	L_Trg_Inj 4.1826e-01 (3.2745e-01)	Loss Disc 6.9457e-01 (6.9296e-01)	Loss Pred 5.9179e-01 (5.8682e-01)	Loss TOTAL 1.0024e+00 (9.8867e-01)
Epoch: [25][ 90/112]	L_Src_Sup 3.0684e-01 (1.9216e-01)	L_Trg_Inj 3.5654e-01 (3.2880e-01)	Loss Disc 6.9380e-01 (6.9308e-01)	Loss Pred 5.7652e-01 (5.8578e-01)	Loss TOTAL 9.8975e-01 (9.8771e-01)
Epoch: [25][100/112]	L_Src_Sup 1.8391e-01 (1.8971e-01)	L_Trg_Inj 2.2379e-01 (3.2502e-01)	Loss Disc 6.9333e-01 (6.9314e-01)	Loss Pred 5.6239e-01 (5.8604e-01)	Loss TOTAL 9.4982e-01 (9.8705e-01)
Epoch: [25][110/112]	L_Src_Sup 1.1155e-01 (1.9204e-01)	L_Trg_Inj 3.2422e-01 (3.2114e-01)	Loss Disc 6.9346e-01 (6.9316e-01)	Loss Pred 6.4237e-01 (5.8685e-01)	Loss TOTAL 1.0327e+00 (9.9016e-01)
Epoch: [25][112/112]	L_Src_Sup 2.0959e-01 (1.9199e-01)	L_Trg_Inj 1.7022e-01 (3.1978e-01)	Loss Disc 6.9332e-01 (6.9317e-01)	Loss Pred 5.4611e-01 (5.8649e-01)	Loss TOTAL 9.7012e-01 (9.8992e-01)
Epoch 25 complete. Saving model state...
Epoch: [26][ 10/112]	L_Src_Sup 1.9152e-01 (2.1315e-01)	L_Trg_Inj 2.4903e-01 (2.1883e-01)	Loss Disc 6.9329e-01 (6.9334e-01)	Loss Pred 5.9307e-01 (5.9360e-01)	Loss TOTAL 9.8377e-01 (1.0244e+00)
Epoch: [26][ 20/112]	L_Src_Sup 3.0623e-01 (2.2443e-01)	L_Trg_Inj 2.4939e-01 (2.4604e-01)	Loss Disc 6.9322e-01 (6.9329e-01)	Loss Pred 5.7910e-01 (5.8505e-01)	Loss TOTAL 1.0381e+00 (1.0091e+00)
Epoch: [26][ 30/112]	L_Src_Sup 1.4288e-01 (2.2263e-01)	L_Trg_Inj 2.0289e-01 (2.5104e-01)	Loss Disc 6.9315e-01 (6.9327e-01)	Loss Pred 6.3565e-01 (5.8544e-01)	Loss TOTAL 1.0168e+00 (1.0071e+00)
Epoch: [26][ 40/112]	L_Src_Sup 1.4002e-01 (2.1174e-01)	L_Trg_Inj 4.3599e-01 (2.5399e-01)	Loss Disc 6.9296e-01 (6.9321e-01)	Loss Pred 5.7085e-01 (5.8562e-01)	Loss TOTAL 9.7493e-01 (1.0030e+00)
Epoch: [26][ 50/112]	L_Src_Sup 1.5219e-01 (2.1093e-01)	L_Trg_Inj 3.4566e-01 (2.5787e-01)	Loss Disc 6.9146e-01 (6.9305e-01)	Loss Pred 6.1159e-01 (5.8753e-01)	Loss TOTAL 1.0071e+00 (1.0051e+00)
Epoch: [26][ 60/112]	L_Src_Sup 2.5809e-01 (2.0790e-01)	L_Trg_Inj 3.1163e-01 (2.6535e-01)	Loss Disc 6.8863e-01 (6.9197e-01)	Loss Pred 5.9672e-01 (5.8642e-01)	Loss TOTAL 9.9801e-01 (9.9988e-01)
Epoch: [26][ 70/112]	L_Src_Sup 2.6264e-01 (2.0627e-01)	L_Trg_Inj 3.4139e-01 (2.7379e-01)	Loss Disc 6.9488e-01 (6.9409e-01)	Loss Pred 5.7113e-01 (5.8610e-01)	Loss TOTAL 9.7898e-01 (9.9843e-01)
Epoch: [26][ 80/112]	L_Src_Sup 2.5504e-01 (2.0582e-01)	L_Trg_Inj 2.4915e-01 (2.7659e-01)	Loss Disc 6.9382e-01 (6.9409e-01)	Loss Pred 6.0377e-01 (5.8678e-01)	Loss TOTAL 1.0070e+00 (9.9725e-01)
Epoch: [26][ 90/112]	L_Src_Sup 1.6495e-01 (2.0072e-01)	L_Trg_Inj 7.7828e-02 (2.7105e-01)	Loss Disc 6.9347e-01 (6.9404e-01)	Loss Pred 5.7659e-01 (5.8600e-01)	Loss TOTAL 1.0347e+00 (9.9563e-01)
Epoch: [26][100/112]	L_Src_Sup 1.5053e-01 (2.0211e-01)	L_Trg_Inj 2.1528e-01 (2.6387e-01)	Loss Disc 6.9336e-01 (6.9397e-01)	Loss Pred 5.9190e-01 (5.8723e-01)	Loss TOTAL 9.7516e-01 (9.9999e-01)
Epoch: [26][110/112]	L_Src_Sup 2.4179e-01 (2.0406e-01)	L_Trg_Inj 2.3566e-01 (2.6524e-01)	Loss Disc 6.9337e-01 (6.9392e-01)	Loss Pred 6.2128e-01 (5.8819e-01)	Loss TOTAL 1.0218e+00 (1.0000e+00)
Epoch: [26][112/112]	L_Src_Sup 1.8752e-01 (2.0376e-01)	L_Trg_Inj 4.0908e-01 (2.6790e-01)	Loss Disc 6.9337e-01 (6.9391e-01)	Loss Pred 5.9647e-01 (5.8822e-01)	Loss TOTAL 1.0028e+00 (9.9995e-01)
Epoch 26 complete. Saving model state...
Epoch: [27][ 10/112]	L_Src_Sup 1.7393e-01 (2.0385e-01)	L_Trg_Inj 2.6530e-01 (3.3147e-01)	Loss Disc 6.9332e-01 (6.9337e-01)	Loss Pred 6.0445e-01 (5.9533e-01)	Loss TOTAL 9.9503e-01 (9.9555e-01)
Epoch: [27][ 20/112]	L_Src_Sup 1.5558e-01 (2.0709e-01)	L_Trg_Inj 2.9597e-01 (3.3553e-01)	Loss Disc 6.9322e-01 (6.9332e-01)	Loss Pred 6.3126e-01 (5.8853e-01)	Loss TOTAL 1.0230e+00 (9.8945e-01)
Epoch: [27][ 30/112]	L_Src_Sup 2.2917e-01 (2.0404e-01)	L_Trg_Inj 3.1199e-01 (3.1542e-01)	Loss Disc 6.9310e-01 (6.9327e-01)	Loss Pred 5.8421e-01 (5.8827e-01)	Loss TOTAL 9.8488e-01 (9.8714e-01)
Epoch: [27][ 40/112]	L_Src_Sup 2.8879e-01 (2.1218e-01)	L_Trg_Inj 1.6144e-01 (3.0224e-01)	Loss Disc 6.9282e-01 (6.9321e-01)	Loss Pred 5.7550e-01 (5.8849e-01)	Loss TOTAL 1.0943e+00 (9.9247e-01)
Epoch: [27][ 50/112]	L_Src_Sup 3.2968e-01 (2.1514e-01)	L_Trg_Inj 2.9661e-01 (2.9907e-01)	Loss Disc 6.8703e-01 (6.9265e-01)	Loss Pred 6.0014e-01 (5.8750e-01)	Loss TOTAL 1.0394e+00 (9.9368e-01)
Epoch: [27][ 60/112]	L_Src_Sup 1.3195e-01 (2.1033e-01)	L_Trg_Inj 3.3070e-01 (3.0369e-01)	Loss Disc 7.0195e-01 (6.9246e-01)	Loss Pred 6.0466e-01 (5.8719e-01)	Loss TOTAL 1.0019e+00 (9.9185e-01)
Epoch: [27][ 70/112]	L_Src_Sup 3.1163e-01 (2.0383e-01)	L_Trg_Inj 2.9379e-01 (2.9554e-01)	Loss Disc 6.9397e-01 (6.9282e-01)	Loss Pred 5.5459e-01 (5.8464e-01)	Loss TOTAL 9.7995e-01 (9.8727e-01)
Epoch: [27][ 80/112]	L_Src_Sup 1.8406e-01 (1.9809e-01)	L_Trg_Inj 2.9541e-01 (2.9046e-01)	Loss Disc 6.9360e-01 (6.9295e-01)	Loss Pred 5.8838e-01 (5.8586e-01)	Loss TOTAL 9.8312e-01 (9.8684e-01)
Epoch: [27][ 90/112]	L_Src_Sup 1.8456e-01 (2.0226e-01)	L_Trg_Inj 3.2749e-01 (2.8999e-01)	Loss Disc 6.9337e-01 (6.9301e-01)	Loss Pred 5.8782e-01 (5.8632e-01)	Loss TOTAL 9.8571e-01 (9.9003e-01)
Epoch: [27][100/112]	L_Src_Sup 8.3389e-02 (2.0036e-01)	L_Trg_Inj 2.6475e-01 (2.8562e-01)	Loss Disc 6.9335e-01 (6.9305e-01)	Loss Pred 5.7898e-01 (5.8697e-01)	Loss TOTAL 9.6047e-01 (9.9007e-01)
Epoch: [27][110/112]	L_Src_Sup 2.3529e-01 (1.9935e-01)	L_Trg_Inj 3.2738e-01 (2.8293e-01)	Loss Disc 6.9334e-01 (6.9308e-01)	Loss Pred 5.6029e-01 (5.8687e-01)	Loss TOTAL 9.6322e-01 (9.9018e-01)
Epoch: [27][112/112]	L_Src_Sup 1.5848e-01 (1.9976e-01)	L_Trg_Inj 3.9037e-01 (2.8387e-01)	Loss Disc 6.9330e-01 (6.9309e-01)	Loss Pred 5.5796e-01 (5.8668e-01)	Loss TOTAL 9.5950e-01 (9.9002e-01)
Epoch 27 complete. Saving model state...
Epoch: [28][ 10/112]	L_Src_Sup 1.7979e-01 (1.8860e-01)	L_Trg_Inj 2.0290e-01 (2.0565e-01)	Loss Disc 6.9337e-01 (6.9334e-01)	Loss Pred 6.1574e-01 (5.9379e-01)	Loss TOTAL 1.0007e+00 (1.0043e+00)
Epoch: [28][ 20/112]	L_Src_Sup 2.4176e-01 (1.9499e-01)	L_Trg_Inj 2.8109e-01 (2.2157e-01)	Loss Disc 6.9331e-01 (6.9330e-01)	Loss Pred 6.0512e-01 (5.8549e-01)	Loss TOTAL 1.0041e+00 (9.9521e-01)
Epoch: [28][ 30/112]	L_Src_Sup 1.7593e-01 (2.0188e-01)	L_Trg_Inj 2.9681e-01 (2.3911e-01)	Loss Disc 6.9325e-01 (6.9328e-01)	Loss Pred 6.0503e-01 (5.8751e-01)	Loss TOTAL 9.9893e-01 (9.9731e-01)
Epoch: [28][ 40/112]	L_Src_Sup 2.0409e-01 (2.0211e-01)	L_Trg_Inj 2.9671e-01 (2.3748e-01)	Loss Disc 6.9317e-01 (6.9326e-01)	Loss Pred 5.8920e-01 (5.8810e-01)	Loss TOTAL 9.8587e-01 (9.9379e-01)
Epoch: [28][ 50/112]	L_Src_Sup 1.9573e-01 (1.9845e-01)	L_Trg_Inj 2.3430e-01 (2.4209e-01)	Loss Disc 6.9306e-01 (6.9323e-01)	Loss Pred 5.9589e-01 (5.8765e-01)	Loss TOTAL 9.8542e-01 (9.9058e-01)
Epoch: [28][ 60/112]	L_Src_Sup 2.5266e-01 (1.9843e-01)	L_Trg_Inj 2.3425e-01 (2.4084e-01)	Loss Disc 6.9281e-01 (6.9319e-01)	Loss Pred 5.8366e-01 (5.8851e-01)	Loss TOTAL 9.9717e-01 (9.9082e-01)
Epoch: [28][ 70/112]	L_Src_Sup 1.4286e-01 (1.9744e-01)	L_Trg_Inj 1.2457e-01 (2.3380e-01)	Loss Disc 6.9059e-01 (6.9300e-01)	Loss Pred 5.7918e-01 (5.8764e-01)	Loss TOTAL 9.6951e-01 (9.9173e-01)
Epoch: [28][ 80/112]	L_Src_Sup 1.5054e-01 (1.9574e-01)	L_Trg_Inj 2.1580e-01 (2.2618e-01)	Loss Disc 6.9527e-01 (6.9220e-01)	Loss Pred 5.9596e-01 (5.8764e-01)	Loss TOTAL 9.8022e-01 (9.9293e-01)
Epoch: [28][ 90/112]	L_Src_Sup 1.5844e-01 (1.9862e-01)	L_Trg_Inj 1.8342e-01 (2.2629e-01)	Loss Disc 6.9413e-01 (6.9329e-01)	Loss Pred 5.5822e-01 (5.8742e-01)	Loss TOTAL 9.3947e-01 (9.9417e-01)
Epoch: [28][100/112]	L_Src_Sup 2.5534e-01 (2.0297e-01)	L_Trg_Inj 1.5619e-01 (2.2767e-01)	Loss Disc 6.9353e-01 (6.9336e-01)	Loss Pred 6.0559e-01 (5.8614e-01)	Loss TOTAL 1.0927e+00 (9.9603e-01)
Epoch: [28][110/112]	L_Src_Sup 3.3232e-01 (2.0326e-01)	L_Trg_Inj 2.8101e-01 (2.2747e-01)	Loss Disc 6.9343e-01 (6.9338e-01)	Loss Pred 6.0492e-01 (5.8604e-01)	Loss TOTAL 1.0643e+00 (9.9607e-01)
Epoch: [28][112/112]	L_Src_Sup 1.9692e-01 (2.0281e-01)	L_Trg_Inj 2.1869e-01 (2.2717e-01)	Loss Disc 6.9346e-01 (6.9338e-01)	Loss Pred 5.9737e-01 (5.8621e-01)	Loss TOTAL 9.8566e-01 (9.9581e-01)
Epoch 28 complete. Saving model state...
Epoch: [29][ 10/112]	L_Src_Sup 2.1279e-01 (2.0028e-01)	L_Trg_Inj 1.7188e-01 (2.0645e-01)	Loss Disc 6.9337e-01 (6.9336e-01)	Loss Pred 6.0543e-01 (5.7958e-01)	Loss TOTAL 1.0315e+00 (9.8652e-01)
Epoch: [29][ 20/112]	L_Src_Sup 1.8186e-01 (1.9692e-01)	L_Trg_Inj 2.9718e-01 (2.2818e-01)	Loss Disc 6.9334e-01 (6.9338e-01)	Loss Pred 5.6591e-01 (5.8067e-01)	Loss TOTAL 9.6049e-01 (9.8230e-01)
Epoch: [29][ 30/112]	L_Src_Sup 1.5385e-01 (2.0529e-01)	L_Trg_Inj 2.1979e-01 (2.1894e-01)	Loss Disc 6.9330e-01 (6.9334e-01)	Loss Pred 5.4902e-01 (5.8459e-01)	Loss TOTAL 9.3303e-01 (1.0019e+00)
Epoch: [29][ 40/112]	L_Src_Sup 2.5356e-01 (1.9402e-01)	L_Trg_Inj 2.1483e-01 (2.2198e-01)	Loss Disc 6.9324e-01 (6.9332e-01)	Loss Pred 5.8747e-01 (5.8293e-01)	Loss TOTAL 1.0197e+00 (9.9708e-01)
Epoch: [29][ 50/112]	L_Src_Sup 2.0411e-01 (1.9349e-01)	L_Trg_Inj 2.9533e-01 (2.2794e-01)	Loss Disc 6.9323e-01 (6.9330e-01)	Loss Pred 6.1969e-01 (5.8396e-01)	Loss TOTAL 1.0162e+00 (9.9406e-01)
Epoch: [29][ 60/112]	L_Src_Sup 8.3351e-02 (1.9249e-01)	L_Trg_Inj 3.6295e-01 (2.4408e-01)	Loss Disc 6.9314e-01 (6.9328e-01)	Loss Pred 5.8993e-01 (5.8554e-01)	Loss TOTAL 9.8114e-01 (9.9444e-01)
Epoch: [29][ 70/112]	L_Src_Sup 1.4895e-01 (1.9349e-01)	L_Trg_Inj 3.1192e-01 (2.5741e-01)	Loss Disc 6.9261e-01 (6.9323e-01)	Loss Pred 5.8871e-01 (5.8551e-01)	Loss TOTAL 9.8110e-01 (9.9435e-01)
Epoch: [29][ 80/112]	L_Src_Sup 1.8949e-01 (1.9343e-01)	L_Trg_Inj 3.3582e-01 (2.6042e-01)	Loss Disc 6.8161e-01 (6.9272e-01)	Loss Pred 5.8332e-01 (5.8554e-01)	Loss TOTAL 9.7666e-01 (9.9239e-01)
Epoch: [29][ 90/112]	L_Src_Sup 8.0852e-02 (1.9488e-01)	L_Trg_Inj 2.6540e-01 (2.6701e-01)	Loss Disc 6.9208e-01 (6.9280e-01)	Loss Pred 5.6634e-01 (5.8660e-01)	Loss TOTAL 9.4700e-01 (9.9313e-01)
Epoch: [29][100/112]	L_Src_Sup 1.9355e-01 (1.9838e-01)	L_Trg_Inj 2.6548e-01 (2.7079e-01)	Loss Disc 6.9506e-01 (6.9295e-01)	Loss Pred 5.9677e-01 (5.8827e-01)	Loss TOTAL 9.9020e-01 (9.9525e-01)
Epoch: [29][110/112]	L_Src_Sup 2.3918e-01 (2.0151e-01)	L_Trg_Inj 2.9613e-01 (2.6783e-01)	Loss Disc 6.9396e-01 (6.9306e-01)	Loss Pred 6.1373e-01 (5.8718e-01)	Loss TOTAL 1.0142e+00 (9.9560e-01)
Epoch: [29][112/112]	L_Src_Sup 1.4001e-01 (2.0101e-01)	L_Trg_Inj 2.0311e-01 (2.6653e-01)	Loss Disc 6.9367e-01 (6.9308e-01)	Loss Pred 5.6247e-01 (5.8698e-01)	Loss TOTAL 9.4362e-01 (9.9513e-01)
Epoch 29 complete. Saving model state...
Epoch: [30][ 10/112]	L_Src_Sup 2.4243e-01 (2.4787e-01)	L_Trg_Inj 2.1870e-01 (2.5534e-01)	Loss Disc 6.9354e-01 (6.9364e-01)	Loss Pred 5.6631e-01 (5.9279e-01)	Loss TOTAL 9.8292e-01 (1.0262e+00)
Epoch: [30][ 20/112]	L_Src_Sup 1.5218e-01 (2.1149e-01)	L_Trg_Inj 1.2498e-01 (2.5076e-01)	Loss Disc 6.9346e-01 (6.9352e-01)	Loss Pred 6.0036e-01 (5.8680e-01)	Loss TOTAL 1.0020e+00 (1.0004e+00)
Epoch: [30][ 30/112]	L_Src_Sup 1.4433e-01 (2.1111e-01)	L_Trg_Inj 2.0073e-01 (2.3140e-01)	Loss Disc 6.9342e-01 (6.9350e-01)	Loss Pred 6.0834e-01 (5.8698e-01)	Loss TOTAL 9.8956e-01 (1.0088e+00)
Epoch: [30][ 40/112]	L_Src_Sup 1.9569e-01 (2.0610e-01)	L_Trg_Inj 1.7095e-01 (2.1878e-01)	Loss Disc 6.9335e-01 (6.9347e-01)	Loss Pred 5.9719e-01 (5.8615e-01)	Loss TOTAL 1.0053e+00 (1.0086e+00)
Epoch: [30][ 50/112]	L_Src_Sup 2.6201e-01 (2.0811e-01)	L_Trg_Inj 1.5612e-01 (2.1982e-01)	Loss Disc 6.9323e-01 (6.9342e-01)	Loss Pred 6.4375e-01 (5.8837e-01)	Loss TOTAL 1.1381e+00 (1.0137e+00)
Epoch: [30][ 60/112]	L_Src_Sup 2.8283e-01 (2.0858e-01)	L_Trg_Inj 3.1239e-01 (2.2747e-01)	Loss Disc 6.9328e-01 (6.9339e-01)	Loss Pred 5.6623e-01 (5.8566e-01)	Loss TOTAL 9.7239e-01 (1.0087e+00)
Epoch: [30][ 70/112]	L_Src_Sup 2.8261e-01 (2.0913e-01)	L_Trg_Inj 2.0310e-01 (2.2951e-01)	Loss Disc 6.9329e-01 (6.9337e-01)	Loss Pred 5.9864e-01 (5.8442e-01)	Loss TOTAL 1.0734e+00 (1.0061e+00)
Epoch: [30][ 80/112]	L_Src_Sup 1.3187e-01 (2.0292e-01)	L_Trg_Inj 2.1861e-01 (2.3515e-01)	Loss Disc 6.9317e-01 (6.9335e-01)	Loss Pred 6.0997e-01 (5.8473e-01)	Loss TOTAL 9.9161e-01 (1.0025e+00)
Epoch: [30][ 90/112]	L_Src_Sup 1.1628e-01 (1.9837e-01)	L_Trg_Inj 2.6558e-01 (2.3693e-01)	Loss Disc 6.9319e-01 (6.9333e-01)	Loss Pred 6.2272e-01 (5.8444e-01)	Loss TOTAL 1.0075e+00 (9.9908e-01)
Epoch: [30][100/112]	L_Src_Sup 1.2121e-01 (1.9921e-01)	L_Trg_Inj 3.5621e-01 (2.3969e-01)	Loss Disc 6.9306e-01 (6.9332e-01)	Loss Pred 5.8897e-01 (5.8529e-01)	Loss TOTAL 9.8324e-01 (1.0002e+00)
Epoch: [30][110/112]	L_Src_Sup 1.7022e-01 (2.0201e-01)	L_Trg_Inj 1.7180e-01 (2.4209e-01)	Loss Disc 6.9316e-01 (6.9330e-01)	Loss Pred 5.8755e-01 (5.8516e-01)	Loss TOTAL 9.6833e-01 (1.0002e+00)
Epoch: [30][112/112]	L_Src_Sup 2.7083e-01 (2.0252e-01)	L_Trg_Inj 2.0136e-01 (2.4124e-01)	Loss Disc 6.9313e-01 (6.9330e-01)	Loss Pred 5.8946e-01 (5.8533e-01)	Loss TOTAL 1.0527e+00 (1.0005e+00)
Epoch 30 complete. Saving model state...
Epoch: [31][ 10/112]	L_Src_Sup 1.6332e-01 (1.7276e-01)	L_Trg_Inj 2.6540e-01 (2.7598e-01)	Loss Disc 6.9312e-01 (6.9312e-01)	Loss Pred 5.7038e-01 (5.7593e-01)	Loss TOTAL 9.5982e-01 (9.7628e-01)
Epoch: [31][ 20/112]	L_Src_Sup 1.3489e-01 (1.6630e-01)	L_Trg_Inj 1.7169e-01 (2.4434e-01)	Loss Disc 6.9294e-01 (6.9310e-01)	Loss Pred 6.2689e-01 (5.8496e-01)	Loss TOTAL 1.0040e+00 (9.7949e-01)
Epoch: [31][ 30/112]	L_Src_Sup 2.5279e-01 (1.8261e-01)	L_Trg_Inj 2.5388e-01 (2.3575e-01)	Loss Disc 6.9287e-01 (6.9304e-01)	Loss Pred 5.8841e-01 (5.8955e-01)	Loss TOTAL 9.8551e-01 (9.9001e-01)
Epoch: [31][ 40/112]	L_Src_Sup 2.4243e-01 (1.8775e-01)	L_Trg_Inj 1.8504e-01 (2.2742e-01)	Loss Disc 6.9306e-01 (6.9293e-01)	Loss Pred 5.6621e-01 (5.8632e-01)	Loss TOTAL 1.0129e+00 (9.9519e-01)
Epoch: [31][ 50/112]	L_Src_Sup 1.8182e-01 (1.8699e-01)	L_Trg_Inj 1.7184e-01 (2.2568e-01)	Loss Disc 6.9341e-01 (6.9313e-01)	Loss Pred 5.7208e-01 (5.8633e-01)	Loss TOTAL 9.6413e-01 (9.9546e-01)
Epoch: [31][ 60/112]	L_Src_Sup 2.1366e-01 (1.8929e-01)	L_Trg_Inj 2.8988e-01 (2.2426e-01)	Loss Disc 6.9385e-01 (6.9313e-01)	Loss Pred 5.4540e-01 (5.8807e-01)	Loss TOTAL 9.4268e-01 (9.9734e-01)
Epoch: [31][ 70/112]	L_Src_Sup 1.8649e-01 (1.9462e-01)	L_Trg_Inj 3.4518e-01 (2.4017e-01)	Loss Disc 6.9324e-01 (6.9316e-01)	Loss Pred 5.8751e-01 (5.8668e-01)	Loss TOTAL 9.8730e-01 (9.9582e-01)
Epoch: [31][ 80/112]	L_Src_Sup 2.1506e-01 (1.9349e-01)	L_Trg_Inj 2.7071e-01 (2.4701e-01)	Loss Disc 6.9306e-01 (6.9315e-01)	Loss Pred 5.9654e-01 (5.8437e-01)	Loss TOTAL 9.9165e-01 (9.9202e-01)
Epoch: [31][ 90/112]	L_Src_Sup 2.6667e-01 (1.9393e-01)	L_Trg_Inj 3.1044e-01 (2.4930e-01)	Loss Disc 6.9332e-01 (6.9312e-01)	Loss Pred 6.0525e-01 (5.8336e-01)	Loss TOTAL 1.0096e+00 (9.9024e-01)
Epoch: [31][100/112]	L_Src_Sup 2.4720e-01 (1.9593e-01)	L_Trg_Inj 1.9647e-01 (2.4961e-01)	Loss Disc 6.9189e-01 (6.9309e-01)	Loss Pred 6.1526e-01 (5.8373e-01)	Loss TOTAL 1.0563e+00 (9.9047e-01)
Epoch: [31][110/112]	L_Src_Sup 1.5731e-01 (1.9460e-01)	L_Trg_Inj 3.0481e-01 (2.5414e-01)	Loss Disc 6.9371e-01 (6.9310e-01)	Loss Pred 6.1139e-01 (5.8446e-01)	Loss TOTAL 1.0045e+00 (9.9019e-01)
Epoch: [31][112/112]	L_Src_Sup 3.1374e-01 (1.9474e-01)	L_Trg_Inj 2.3782e-01 (2.5367e-01)	Loss Disc 6.9333e-01 (6.9311e-01)	Loss Pred 5.5741e-01 (5.8448e-01)	Loss TOTAL 1.0352e+00 (9.9060e-01)
Epoch 31 complete. Saving model state...
Epoch: [32][ 10/112]	L_Src_Sup 2.2727e-01 (2.0737e-01)	L_Trg_Inj 3.4458e-01 (3.7010e-01)	Loss Disc 6.9367e-01 (6.9330e-01)	Loss Pred 6.1820e-01 (5.7204e-01)	Loss TOTAL 1.0222e+00 (9.7720e-01)
Epoch: [32][ 20/112]	L_Src_Sup 2.0637e-01 (2.0003e-01)	L_Trg_Inj 2.9142e-01 (3.2146e-01)	Loss Disc 6.9329e-01 (6.9331e-01)	Loss Pred 5.9961e-01 (5.8513e-01)	Loss TOTAL 9.9604e-01 (9.8594e-01)
Epoch: [32][ 30/112]	L_Src_Sup 1.8009e-01 (2.0283e-01)	L_Trg_Inj 3.3125e-01 (3.2122e-01)	Loss Disc 6.9313e-01 (6.9325e-01)	Loss Pred 5.6612e-01 (5.8808e-01)	Loss TOTAL 9.6382e-01 (9.9022e-01)
Epoch: [32][ 40/112]	L_Src_Sup 2.0620e-01 (2.0026e-01)	L_Trg_Inj 1.8610e-01 (3.0653e-01)	Loss Disc 6.9301e-01 (6.9321e-01)	Loss Pred 5.7476e-01 (5.8719e-01)	Loss TOTAL 9.8059e-01 (9.8731e-01)
Epoch: [32][ 50/112]	L_Src_Sup 9.8157e-02 (2.0585e-01)	L_Trg_Inj 4.6071e-01 (3.0637e-01)	Loss Disc 6.9391e-01 (6.9321e-01)	Loss Pred 5.5818e-01 (5.8587e-01)	Loss TOTAL 9.6102e-01 (9.8744e-01)
Epoch: [32][ 60/112]	L_Src_Sup 2.1580e-01 (2.0368e-01)	L_Trg_Inj 4.4025e-01 (3.2698e-01)	Loss Disc 6.9315e-01 (6.9321e-01)	Loss Pred 5.5746e-01 (5.8462e-01)	Loss TOTAL 9.6964e-01 (9.8740e-01)
Epoch: [32][ 70/112]	L_Src_Sup 2.7656e-01 (2.0249e-01)	L_Trg_Inj 3.2834e-01 (3.2348e-01)	Loss Disc 6.9292e-01 (6.9321e-01)	Loss Pred 6.1803e-01 (5.8453e-01)	Loss TOTAL 1.0250e+00 (9.8640e-01)
Epoch: [32][ 80/112]	L_Src_Sup 2.1057e-01 (1.9961e-01)	L_Trg_Inj 2.8662e-01 (3.1934e-01)	Loss Disc 6.9312e-01 (6.9321e-01)	Loss Pred 5.8754e-01 (5.8386e-01)	Loss TOTAL 9.8382e-01 (9.8499e-01)
Epoch: [32][ 90/112]	L_Src_Sup 2.4491e-01 (1.9938e-01)	L_Trg_Inj 1.8685e-01 (3.1384e-01)	Loss Disc 6.9339e-01 (6.9322e-01)	Loss Pred 5.7613e-01 (5.8483e-01)	Loss TOTAL 1.0241e+00 (9.8639e-01)
Epoch: [32][100/112]	L_Src_Sup 2.2450e-01 (2.0097e-01)	L_Trg_Inj 2.9225e-01 (3.0951e-01)	Loss Disc 6.9321e-01 (6.9322e-01)	Loss Pred 5.7902e-01 (5.8560e-01)	Loss TOTAL 9.7729e-01 (9.8865e-01)
Epoch: [32][110/112]	L_Src_Sup 2.8287e-01 (2.0179e-01)	L_Trg_Inj 2.6477e-01 (3.0734e-01)	Loss Disc 6.9317e-01 (6.9323e-01)	Loss Pred 5.6631e-01 (5.8546e-01)	Loss TOTAL 9.8575e-01 (9.8971e-01)
Epoch: [32][112/112]	L_Src_Sup 2.0230e-01 (2.0108e-01)	L_Trg_Inj 4.6985e-01 (3.0878e-01)	Loss Disc 6.9319e-01 (6.9322e-01)	Loss Pred 6.1393e-01 (5.8566e-01)	Loss TOTAL 1.0277e+00 (9.8986e-01)
Epoch 32 complete. Saving model state...
Epoch: [33][ 10/112]	L_Src_Sup 1.4439e-01 (2.0608e-01)	L_Trg_Inj 2.9794e-01 (3.4773e-01)	Loss Disc 6.9103e-01 (6.9262e-01)	Loss Pred 5.7524e-01 (5.9261e-01)	Loss TOTAL 9.6499e-01 (1.0010e+00)
Epoch: [33][ 20/112]	L_Src_Sup 2.1978e-01 (2.1305e-01)	L_Trg_Inj 4.9480e-01 (3.6432e-01)	Loss Disc 6.9238e-01 (6.9269e-01)	Loss Pred 6.0529e-01 (5.9073e-01)	Loss TOTAL 1.0229e+00 (1.0028e+00)
Epoch: [33][ 30/112]	L_Src_Sup 2.5284e-01 (2.1039e-01)	L_Trg_Inj 3.2372e-01 (3.7897e-01)	Loss Disc 6.9443e-01 (6.9297e-01)	Loss Pred 5.8748e-01 (5.9076e-01)	Loss TOTAL 9.9235e-01 (1.0015e+00)
Epoch: [33][ 40/112]	L_Src_Sup 3.6174e-01 (2.1393e-01)	L_Trg_Inj 2.5497e-01 (3.6515e-01)	Loss Disc 6.9332e-01 (6.9314e-01)	Loss Pred 5.9164e-01 (5.9115e-01)	Loss TOTAL 1.1067e+00 (1.0028e+00)
Epoch: [33][ 50/112]	L_Src_Sup 2.6378e-01 (2.1874e-01)	L_Trg_Inj 3.0189e-01 (3.6699e-01)	Loss Disc 6.9338e-01 (6.9318e-01)	Loss Pred 5.9995e-01 (5.9077e-01)	Loss TOTAL 1.0032e+00 (1.0024e+00)
Epoch: [33][ 60/112]	L_Src_Sup 2.1297e-01 (2.1757e-01)	L_Trg_Inj 3.2577e-01 (3.6128e-01)	Loss Disc 6.9332e-01 (6.9319e-01)	Loss Pred 5.8740e-01 (5.8758e-01)	Loss TOTAL 9.8794e-01 (9.9745e-01)
Epoch: [33][ 70/112]	L_Src_Sup 1.4434e-01 (2.1646e-01)	L_Trg_Inj 3.2103e-01 (3.5382e-01)	Loss Disc 6.9327e-01 (6.9320e-01)	Loss Pred 5.7949e-01 (5.8729e-01)	Loss TOTAL 9.7266e-01 (9.9699e-01)
Epoch: [33][ 80/112]	L_Src_Sup 1.5096e-01 (2.1526e-01)	L_Trg_Inj 5.5982e-01 (3.5879e-01)	Loss Disc 6.9311e-01 (6.9319e-01)	Loss Pred 5.4054e-01 (5.8541e-01)	Loss TOTAL 9.5817e-01 (9.9508e-01)
Epoch: [33][ 90/112]	L_Src_Sup 9.0926e-02 (2.1461e-01)	L_Trg_Inj 3.8177e-01 (3.6277e-01)	Loss Disc 6.9308e-01 (6.9319e-01)	Loss Pred 6.2560e-01 (5.8623e-01)	Loss TOTAL 1.0194e+00 (9.9560e-01)
Epoch: [33][100/112]	L_Src_Sup 1.4300e-01 (2.1348e-01)	L_Trg_Inj 2.9673e-01 (3.5810e-01)	Loss Disc 6.9307e-01 (6.9318e-01)	Loss Pred 5.7348e-01 (5.8484e-01)	Loss TOTAL 9.6399e-01 (9.9354e-01)
Epoch: [33][110/112]	L_Src_Sup 1.9613e-01 (2.1222e-01)	L_Trg_Inj 4.0373e-01 (3.5197e-01)	Loss Disc 6.9313e-01 (6.9317e-01)	Loss Pred 5.5727e-01 (5.8506e-01)	Loss TOTAL 9.6383e-01 (9.9300e-01)
Epoch: [33][112/112]	L_Src_Sup 2.5752e-01 (2.1257e-01)	L_Trg_Inj 2.4826e-01 (3.5012e-01)	Loss Disc 6.9315e-01 (6.9317e-01)	Loss Pred 5.6302e-01 (5.8478e-01)	Loss TOTAL 9.6943e-01 (9.9256e-01)
Epoch 33 complete. Saving model state...
Epoch: [34][ 10/112]	L_Src_Sup 1.8188e-01 (2.1233e-01)	L_Trg_Inj 4.1410e-01 (3.5594e-01)	Loss Disc 6.9260e-01 (6.9287e-01)	Loss Pred 6.1332e-01 (5.9461e-01)	Loss TOTAL 1.0192e+00 (9.9787e-01)
Epoch: [34][ 20/112]	L_Src_Sup 2.0937e-01 (1.9359e-01)	L_Trg_Inj 2.5838e-01 (3.1535e-01)	Loss Disc 6.9395e-01 (6.9301e-01)	Loss Pred 6.3079e-01 (5.8829e-01)	Loss TOTAL 1.0245e+00 (9.8659e-01)
Epoch: [34][ 30/112]	L_Src_Sup 2.5004e-01 (1.9033e-01)	L_Trg_Inj 2.9484e-01 (2.9814e-01)	Loss Disc 6.9315e-01 (6.9321e-01)	Loss Pred 5.7895e-01 (5.8450e-01)	Loss TOTAL 9.8001e-01 (9.8154e-01)
Epoch: [34][ 40/112]	L_Src_Sup 2.5002e-01 (1.9789e-01)	L_Trg_Inj 3.7937e-01 (2.9523e-01)	Loss Disc 6.9323e-01 (6.9324e-01)	Loss Pred 5.8463e-01 (5.8273e-01)	Loss TOTAL 9.9418e-01 (9.8144e-01)
Epoch: [34][ 50/112]	L_Src_Sup 2.1789e-01 (1.9875e-01)	L_Trg_Inj 2.6044e-01 (2.9400e-01)	Loss Disc 6.9313e-01 (6.9322e-01)	Loss Pred 5.6989e-01 (5.8169e-01)	Loss TOTAL 9.6429e-01 (9.8077e-01)
Epoch: [34][ 60/112]	L_Src_Sup 2.6024e-01 (2.0018e-01)	L_Trg_Inj 2.1865e-01 (2.9187e-01)	Loss Disc 6.9300e-01 (6.9322e-01)	Loss Pred 5.7130e-01 (5.8249e-01)	Loss TOTAL 1.0073e+00 (9.8270e-01)
Epoch: [34][ 70/112]	L_Src_Sup 1.4141e-01 (1.9974e-01)	L_Trg_Inj 2.8097e-01 (2.8790e-01)	Loss Disc 6.9304e-01 (6.9320e-01)	Loss Pred 5.6590e-01 (5.8316e-01)	Loss TOTAL 9.5466e-01 (9.8333e-01)
Epoch: [34][ 80/112]	L_Src_Sup 3.3687e-01 (2.0531e-01)	L_Trg_Inj 3.2762e-01 (2.8790e-01)	Loss Disc 6.9311e-01 (6.9321e-01)	Loss Pred 5.8327e-01 (5.8369e-01)	Loss TOTAL 1.0055e+00 (9.8496e-01)
Epoch: [34][ 90/112]	L_Src_Sup 2.3532e-01 (2.0836e-01)	L_Trg_Inj 3.7452e-01 (2.9419e-01)	Loss Disc 6.9326e-01 (6.9320e-01)	Loss Pred 5.5276e-01 (5.8292e-01)	Loss TOTAL 9.6037e-01 (9.8529e-01)
Epoch: [34][100/112]	L_Src_Sup 1.9834e-01 (2.0940e-01)	L_Trg_Inj 4.1992e-01 (2.9913e-01)	Loss Disc 6.9279e-01 (6.9317e-01)	Loss Pred 5.6152e-01 (5.8333e-01)	Loss TOTAL 9.6974e-01 (9.8741e-01)
Epoch: [34][110/112]	L_Src_Sup 2.2070e-01 (2.0852e-01)	L_Trg_Inj 3.3087e-01 (3.0076e-01)	Loss Disc 6.9985e-01 (6.9318e-01)	Loss Pred 5.7453e-01 (5.8355e-01)	Loss TOTAL 9.7962e-01 (9.8711e-01)
Epoch: [34][112/112]	L_Src_Sup 1.9873e-01 (2.0844e-01)	L_Trg_Inj 3.8886e-01 (3.0204e-01)	Loss Disc 6.9577e-01 (6.9322e-01)	Loss Pred 5.6597e-01 (5.8388e-01)	Loss TOTAL 9.7261e-01 (9.8746e-01)
Epoch 34 complete. Saving model state...
Epoch: [35][ 10/112]	L_Src_Sup 2.2468e-01 (1.9658e-01)	L_Trg_Inj 3.5688e-01 (3.0799e-01)	Loss Disc 6.9287e-01 (6.9333e-01)	Loss Pred 6.1971e-01 (5.8879e-01)	Loss TOTAL 1.0243e+00 (9.8664e-01)
Epoch: [35][ 20/112]	L_Src_Sup 1.3209e-01 (1.9396e-01)	L_Trg_Inj 2.7818e-01 (2.8789e-01)	Loss Disc 6.9364e-01 (6.9341e-01)	Loss Pred 6.1285e-01 (5.9231e-01)	Loss TOTAL 1.0007e+00 (9.9131e-01)
Epoch: [35][ 30/112]	L_Src_Sup 1.7649e-01 (2.0576e-01)	L_Trg_Inj 3.8811e-01 (3.0915e-01)	Loss Disc 6.9137e-01 (6.9323e-01)	Loss Pred 5.5515e-01 (5.9275e-01)	Loss TOTAL 9.5729e-01 (9.9630e-01)
Epoch: [35][ 40/112]	L_Src_Sup 2.6805e-01 (2.0929e-01)	L_Trg_Inj 4.9005e-01 (3.2096e-01)	Loss Disc 6.9498e-01 (6.9322e-01)	Loss Pred 5.7513e-01 (5.8960e-01)	Loss TOTAL 9.9843e-01 (9.9385e-01)
Epoch: [35][ 50/112]	L_Src_Sup 1.4287e-01 (2.0633e-01)	L_Trg_Inj 2.8044e-01 (3.2365e-01)	Loss Disc 6.9358e-01 (6.9331e-01)	Loss Pred 5.7168e-01 (5.8672e-01)	Loss TOTAL 9.6080e-01 (9.9006e-01)
Epoch: [35][ 60/112]	L_Src_Sup 1.4000e-01 (2.0724e-01)	L_Trg_Inj 3.9031e-01 (3.2270e-01)	Loss Disc 6.9338e-01 (6.9334e-01)	Loss Pred 5.6294e-01 (5.8598e-01)	Loss TOTAL 9.6266e-01 (9.8990e-01)
Epoch: [35][ 70/112]	L_Src_Sup 2.6532e-01 (2.0956e-01)	L_Trg_Inj 3.2645e-01 (3.2459e-01)	Loss Disc 6.9338e-01 (6.9335e-01)	Loss Pred 5.7947e-01 (5.8501e-01)	Loss TOTAL 9.8533e-01 (9.9072e-01)
Epoch: [35][ 80/112]	L_Src_Sup 1.5535e-01 (2.0842e-01)	L_Trg_Inj 2.3355e-01 (3.2271e-01)	Loss Disc 6.9328e-01 (6.9335e-01)	Loss Pred 5.5316e-01 (5.8530e-01)	Loss TOTAL 9.3869e-01 (9.9121e-01)
Epoch: [35][ 90/112]	L_Src_Sup 1.2245e-01 (2.0527e-01)	L_Trg_Inj 3.0708e-01 (3.2185e-01)	Loss Disc 6.9320e-01 (6.9334e-01)	Loss Pred 5.8295e-01 (5.8478e-01)	Loss TOTAL 9.7250e-01 (9.9097e-01)
Epoch: [35][100/112]	L_Src_Sup 2.4182e-01 (2.0291e-01)	L_Trg_Inj 4.4851e-01 (3.1866e-01)	Loss Disc 6.9323e-01 (6.9333e-01)	Loss Pred 6.0085e-01 (5.8478e-01)	Loss TOTAL 1.0165e+00 (9.9060e-01)
Epoch: [35][110/112]	L_Src_Sup 1.0875e-01 (2.0262e-01)	L_Trg_Inj 4.8715e-01 (3.2505e-01)	Loss Disc 6.9314e-01 (6.9331e-01)	Loss Pred 6.1399e-01 (5.8582e-01)	Loss TOTAL 1.0201e+00 (9.9160e-01)
Epoch: [35][112/112]	L_Src_Sup 1.0875e-01 (2.0165e-01)	L_Trg_Inj 3.1023e-01 (3.2526e-01)	Loss Disc 6.9311e-01 (6.9331e-01)	Loss Pred 6.0053e-01 (5.8589e-01)	Loss TOTAL 9.8898e-01 (9.9148e-01)
Epoch 35 complete. Saving model state...
Epoch: [36][ 10/112]	L_Src_Sup 1.9423e-01 (2.3392e-01)	L_Trg_Inj 3.5084e-01 (3.3988e-01)	Loss Disc 6.9314e-01 (6.9317e-01)	Loss Pred 5.5349e-01 (5.9501e-01)	Loss TOTAL 9.5457e-01 (9.9898e-01)
Epoch: [36][ 20/112]	L_Src_Sup 2.0756e-01 (2.2111e-01)	L_Trg_Inj 3.2759e-01 (3.1510e-01)	Loss Disc 6.9307e-01 (6.9312e-01)	Loss Pred 5.4510e-01 (5.9151e-01)	Loss TOTAL 9.4515e-01 (9.9456e-01)
Epoch: [36][ 30/112]	L_Src_Sup 1.9356e-01 (2.1097e-01)	L_Trg_Inj 3.5906e-01 (3.0900e-01)	Loss Disc 6.9229e-01 (6.9301e-01)	Loss Pred 5.9289e-01 (5.8962e-01)	Loss TOTAL 9.9429e-01 (9.9122e-01)
Epoch: [36][ 40/112]	L_Src_Sup 1.2421e-01 (2.0592e-01)	L_Trg_Inj 4.0470e-01 (2.9163e-01)	Loss Disc 6.9035e-01 (6.9270e-01)	Loss Pred 5.7859e-01 (5.8692e-01)	Loss TOTAL 9.7665e-01 (9.8922e-01)
Epoch: [36][ 50/112]	L_Src_Sup 2.7455e-01 (2.0360e-01)	L_Trg_Inj 2.6543e-01 (2.8863e-01)	Loss Disc 6.9796e-01 (6.9347e-01)	Loss Pred 5.7020e-01 (5.8603e-01)	Loss TOTAL 9.8231e-01 (9.9060e-01)
Epoch: [36][ 60/112]	L_Src_Sup 2.8573e-01 (2.0431e-01)	L_Trg_Inj 2.3432e-01 (2.8913e-01)	Loss Disc 6.9378e-01 (6.9365e-01)	Loss Pred 5.4076e-01 (5.8434e-01)	Loss TOTAL 9.9107e-01 (9.8854e-01)
Epoch: [36][ 70/112]	L_Src_Sup 3.0275e-01 (2.0209e-01)	L_Trg_Inj 1.8674e-01 (2.8510e-01)	Loss Disc 6.9338e-01 (6.9363e-01)	Loss Pred 6.2240e-01 (5.8461e-01)	Loss TOTAL 1.1341e+00 (9.8871e-01)
Epoch: [36][ 80/112]	L_Src_Sup 9.7090e-02 (2.0470e-01)	L_Trg_Inj 3.1233e-01 (2.8528e-01)	Loss Disc 6.9330e-01 (6.9359e-01)	Loss Pred 5.4862e-01 (5.8385e-01)	Loss TOTAL 9.3622e-01 (9.8860e-01)
Epoch: [36][ 90/112]	L_Src_Sup 2.7957e-01 (2.0578e-01)	L_Trg_Inj 3.6461e-01 (2.8530e-01)	Loss Disc 6.9296e-01 (6.9354e-01)	Loss Pred 6.0050e-01 (5.8421e-01)	Loss TOTAL 1.0114e+00 (9.9003e-01)
Epoch: [36][100/112]	L_Src_Sup 1.6843e-01 (2.0578e-01)	L_Trg_Inj 2.6559e-01 (2.8389e-01)	Loss Disc 6.9127e-01 (6.9342e-01)	Loss Pred 5.8323e-01 (5.8442e-01)	Loss TOTAL 9.7227e-01 (9.9029e-01)
Epoch: [36][110/112]	L_Src_Sup 2.1502e-01 (2.0774e-01)	L_Trg_Inj 2.8091e-01 (2.8697e-01)	Loss Disc 6.9015e-01 (6.9311e-01)	Loss Pred 6.0412e-01 (5.8464e-01)	Loss TOTAL 9.9879e-01 (9.9064e-01)
Epoch: [36][112/112]	L_Src_Sup 1.8556e-01 (2.0606e-01)	L_Trg_Inj 3.5898e-01 (2.8728e-01)	Loss Disc 6.9146e-01 (6.9307e-01)	Loss Pred 5.9048e-01 (5.8483e-01)	Loss TOTAL 9.9067e-01 (9.9050e-01)
Epoch 36 complete. Saving model state...
Epoch: [37][ 10/112]	L_Src_Sup 2.0707e-01 (2.3468e-01)	L_Trg_Inj 3.4249e-01 (3.6806e-01)	Loss Disc 6.9441e-01 (6.9553e-01)	Loss Pred 6.1764e-01 (5.9482e-01)	Loss TOTAL 1.0198e+00 (1.0029e+00)
Epoch: [37][ 20/112]	L_Src_Sup 1.7141e-01 (2.1394e-01)	L_Trg_Inj 2.7703e-01 (3.3573e-01)	Loss Disc 6.9359e-01 (6.9456e-01)	Loss Pred 5.9279e-01 (5.9036e-01)	Loss TOTAL 9.8442e-01 (9.9260e-01)
Epoch: [37][ 30/112]	L_Src_Sup 3.4177e-01 (2.1688e-01)	L_Trg_Inj 3.1444e-01 (3.1739e-01)	Loss Disc 6.9358e-01 (6.9420e-01)	Loss Pred 6.2003e-01 (5.8812e-01)	Loss TOTAL 1.0598e+00 (9.8970e-01)
Epoch: [37][ 40/112]	L_Src_Sup 2.4177e-01 (2.1698e-01)	L_Trg_Inj 4.0511e-01 (3.1165e-01)	Loss Disc 6.9334e-01 (6.9399e-01)	Loss Pred 6.0467e-01 (5.8601e-01)	Loss TOTAL 1.0160e+00 (9.8666e-01)
Epoch: [37][ 50/112]	L_Src_Sup 6.9768e-02 (2.1059e-01)	L_Trg_Inj 3.0014e-01 (3.0574e-01)	Loss Disc 6.9336e-01 (6.9386e-01)	Loss Pred 6.2497e-01 (5.8646e-01)	Loss TOTAL 1.0086e+00 (9.8625e-01)
Epoch: [37][ 60/112]	L_Src_Sup 2.5807e-01 (2.1056e-01)	L_Trg_Inj 2.8063e-01 (3.0228e-01)	Loss Disc 6.9327e-01 (6.9376e-01)	Loss Pred 5.9602e-01 (5.8619e-01)	Loss TOTAL 9.9652e-01 (9.8631e-01)
Epoch: [37][ 70/112]	L_Src_Sup 2.0756e-01 (2.1003e-01)	L_Trg_Inj 4.2138e-01 (2.9770e-01)	Loss Disc 6.9313e-01 (6.9368e-01)	Loss Pred 5.4990e-01 (5.8748e-01)	Loss TOTAL 9.5936e-01 (9.8789e-01)
Epoch: [37][ 80/112]	L_Src_Sup 1.7022e-01 (2.0730e-01)	L_Trg_Inj 2.9192e-01 (3.0069e-01)	Loss Disc 6.9314e-01 (6.9362e-01)	Loss Pred 5.8737e-01 (5.8712e-01)	Loss TOTAL 9.8015e-01 (9.8717e-01)
Epoch: [37][ 90/112]	L_Src_Sup 2.0024e-01 (2.0789e-01)	L_Trg_Inj 2.7942e-01 (3.0408e-01)	Loss Disc 6.9296e-01 (6.9356e-01)	Loss Pred 6.0442e-01 (5.8648e-01)	Loss TOTAL 9.9886e-01 (9.8663e-01)
Epoch: [37][100/112]	L_Src_Sup 1.8534e-01 (2.0508e-01)	L_Trg_Inj 3.4881e-01 (3.0378e-01)	Loss Disc 6.9201e-01 (6.9346e-01)	Loss Pred 5.7051e-01 (5.8656e-01)	Loss TOTAL 9.6993e-01 (9.8613e-01)
Epoch: [37][110/112]	L_Src_Sup 1.6163e-01 (2.0546e-01)	L_Trg_Inj 3.7422e-01 (2.9958e-01)	Loss Disc 6.9299e-01 (6.9339e-01)	Loss Pred 5.7024e-01 (5.8477e-01)	Loss TOTAL 9.7032e-01 (9.8589e-01)
Epoch: [37][112/112]	L_Src_Sup 2.2001e-01 (2.0568e-01)	L_Trg_Inj 4.2079e-01 (3.0077e-01)	Loss Disc 6.9174e-01 (6.9337e-01)	Loss Pred 5.7445e-01 (5.8443e-01)	Loss TOTAL 9.8440e-01 (9.8562e-01)
Epoch 37 complete. Saving model state...
Epoch: [38][ 10/112]	L_Src_Sup 3.1580e-01 (2.4021e-01)	L_Trg_Inj 4.5167e-01 (3.3692e-01)	Loss Disc 6.9359e-01 (6.9417e-01)	Loss Pred 5.8332e-01 (5.8506e-01)	Loss TOTAL 1.0069e+00 (9.9643e-01)
Epoch: [38][ 20/112]	L_Src_Sup 1.7205e-01 (2.2981e-01)	L_Trg_Inj 2.1101e-01 (3.2867e-01)	Loss Disc 6.9347e-01 (6.9384e-01)	Loss Pred 5.9247e-01 (5.8398e-01)	Loss TOTAL 9.7751e-01 (9.9269e-01)
Epoch: [38][ 30/112]	L_Src_Sup 1.6668e-01 (2.1327e-01)	L_Trg_Inj 3.4223e-01 (3.4136e-01)	Loss Disc 6.9396e-01 (6.9373e-01)	Loss Pred 5.3365e-01 (5.8582e-01)	Loss TOTAL 9.3152e-01 (9.9242e-01)
Epoch: [38][ 40/112]	L_Src_Sup 6.3876e-02 (2.0034e-01)	L_Trg_Inj 3.2783e-01 (3.3283e-01)	Loss Disc 6.9323e-01 (6.9361e-01)	Loss Pred 6.0552e-01 (5.8438e-01)	Loss TOTAL 9.9131e-01 (9.8771e-01)
Epoch: [38][ 50/112]	L_Src_Sup 2.1213e-01 (2.0304e-01)	L_Trg_Inj 2.4886e-01 (3.1914e-01)	Loss Disc 6.9316e-01 (6.9353e-01)	Loss Pred 5.8042e-01 (5.8592e-01)	Loss TOTAL 9.7310e-01 (9.9101e-01)
Epoch: [38][ 60/112]	L_Src_Sup 2.4743e-01 (2.0608e-01)	L_Trg_Inj 2.6522e-01 (3.1846e-01)	Loss Disc 6.9301e-01 (6.9346e-01)	Loss Pred 5.8743e-01 (5.8406e-01)	Loss TOTAL 9.8520e-01 (9.8872e-01)
Epoch: [38][ 70/112]	L_Src_Sup 2.0264e-01 (2.0455e-01)	L_Trg_Inj 3.5509e-01 (3.1909e-01)	Loss Disc 6.9335e-01 (6.9339e-01)	Loss Pred 5.7019e-01 (5.8413e-01)	Loss TOTAL 9.7264e-01 (9.8789e-01)
Epoch: [38][ 80/112]	L_Src_Sup 2.3087e-01 (2.0956e-01)	L_Trg_Inj 3.8935e-01 (3.1400e-01)	Loss Disc 6.9280e-01 (6.9336e-01)	Loss Pred 5.5725e-01 (5.8455e-01)	Loss TOTAL 9.6568e-01 (9.9098e-01)
Epoch: [38][ 90/112]	L_Src_Sup 1.5855e-01 (2.0913e-01)	L_Trg_Inj 4.5007e-01 (3.1873e-01)	Loss Disc 6.9261e-01 (6.9323e-01)	Loss Pred 5.6558e-01 (5.8415e-01)	Loss TOTAL 9.7274e-01 (9.9089e-01)
Epoch: [38][100/112]	L_Src_Sup 1.0208e-01 (2.0789e-01)	L_Trg_Inj 3.1093e-01 (3.1919e-01)	Loss Disc 6.9310e-01 (6.9332e-01)	Loss Pred 5.8897e-01 (5.8540e-01)	Loss TOTAL 9.7682e-01 (9.9138e-01)
Epoch: [38][110/112]	L_Src_Sup 1.2638e-01 (2.0832e-01)	L_Trg_Inj 4.0352e-01 (3.2351e-01)	Loss Disc 6.9342e-01 (6.9333e-01)	Loss Pred 5.8801e-01 (5.8524e-01)	Loss TOTAL 9.8771e-01 (9.9113e-01)
Epoch: [38][112/112]	L_Src_Sup 2.4264e-01 (2.0916e-01)	L_Trg_Inj 2.3312e-01 (3.2336e-01)	Loss Disc 6.9329e-01 (6.9333e-01)	Loss Pred 5.7897e-01 (5.8516e-01)	Loss TOTAL 9.8271e-01 (9.9110e-01)
Epoch 38 complete. Saving model state...
Epoch: [39][ 10/112]	L_Src_Sup 2.2950e-01 (1.9934e-01)	L_Trg_Inj 3.3570e-01 (3.9095e-01)	Loss Disc 6.9322e-01 (6.9327e-01)	Loss Pred 5.8323e-01 (5.8700e-01)	Loss TOTAL 9.8636e-01 (9.9485e-01)
Epoch: [39][ 20/112]	L_Src_Sup 2.7238e-01 (2.1578e-01)	L_Trg_Inj 4.3343e-01 (3.9208e-01)	Loss Disc 6.9320e-01 (6.9324e-01)	Loss Pred 5.5845e-01 (5.7926e-01)	Loss TOTAL 9.7563e-01 (9.8894e-01)
Epoch: [39][ 30/112]	L_Src_Sup 1.4146e-01 (2.1137e-01)	L_Trg_Inj 4.0401e-01 (3.7545e-01)	Loss Disc 6.9299e-01 (6.9319e-01)	Loss Pred 5.6876e-01 (5.7906e-01)	Loss TOTAL 9.6980e-01 (9.8660e-01)
Epoch: [39][ 40/112]	L_Src_Sup 1.5913e-01 (2.1446e-01)	L_Trg_Inj 2.7805e-01 (3.6649e-01)	Loss Disc 6.9094e-01 (6.9298e-01)	Loss Pred 6.1370e-01 (5.8224e-01)	Loss TOTAL 1.0029e+00 (9.8922e-01)
Epoch: [39][ 50/112]	L_Src_Sup 2.4183e-01 (2.1377e-01)	L_Trg_Inj 2.9542e-01 (3.5995e-01)	Loss Disc 6.9150e-01 (6.9290e-01)	Loss Pred 6.0681e-01 (5.8199e-01)	Loss TOTAL 1.0063e+00 (9.8773e-01)
Epoch: [39][ 60/112]	L_Src_Sup 3.1874e-01 (2.1432e-01)	L_Trg_Inj 2.3258e-01 (3.5614e-01)	Loss Disc 6.9240e-01 (6.9304e-01)	Loss Pred 6.1451e-01 (5.8504e-01)	Loss TOTAL 1.1020e+00 (9.9164e-01)
Epoch: [39][ 70/112]	L_Src_Sup 1.3862e-01 (2.1431e-01)	L_Trg_Inj 2.9606e-01 (3.4551e-01)	Loss Disc 6.9447e-01 (6.9314e-01)	Loss Pred 5.6173e-01 (5.8357e-01)	Loss TOTAL 9.5243e-01 (9.9236e-01)
Epoch: [39][ 80/112]	L_Src_Sup 2.5533e-01 (2.1410e-01)	L_Trg_Inj 3.5030e-01 (3.4682e-01)	Loss Disc 6.9329e-01 (6.9320e-01)	Loss Pred 5.9183e-01 (5.8406e-01)	Loss TOTAL 9.9904e-01 (9.9221e-01)
Epoch: [39][ 90/112]	L_Src_Sup 1.2897e-01 (2.1034e-01)	L_Trg_Inj 3.2439e-01 (3.3445e-01)	Loss Disc 6.9318e-01 (6.9321e-01)	Loss Pred 5.9635e-01 (5.8420e-01)	Loss TOTAL 9.8827e-01 (9.9217e-01)
Epoch: [39][100/112]	L_Src_Sup 1.6163e-01 (2.1081e-01)	L_Trg_Inj 2.8548e-01 (3.2644e-01)	Loss Disc 6.9314e-01 (6.9320e-01)	Loss Pred 5.6592e-01 (5.8398e-01)	Loss TOTAL 9.5720e-01 (9.9217e-01)
Epoch: [39][110/112]	L_Src_Sup 2.2000e-01 (2.1183e-01)	L_Trg_Inj 2.4997e-01 (3.2369e-01)	Loss Disc 6.9269e-01 (6.9319e-01)	Loss Pred 5.7680e-01 (5.8418e-01)	Loss TOTAL 9.7014e-01 (9.9298e-01)
Epoch: [39][112/112]	L_Src_Sup 1.2901e-01 (2.1141e-01)	L_Trg_Inj 3.7456e-01 (3.2360e-01)	Loss Disc 6.9264e-01 (6.9318e-01)	Loss Pred 5.9248e-01 (5.8423e-01)	Loss TOTAL 9.8916e-01 (9.9281e-01)
Epoch 39 complete. Saving model state...
Epoch: [40][ 10/112]	L_Src_Sup 8.3340e-02 (2.0271e-01)	L_Trg_Inj 2.7947e-01 (3.0095e-01)	Loss Disc 6.9441e-01 (6.9228e-01)	Loss Pred 5.8549e-01 (5.7918e-01)	Loss TOTAL 9.6898e-01 (9.7568e-01)
Epoch: [40][ 20/112]	L_Src_Sup 1.2919e-01 (1.7621e-01)	L_Trg_Inj 2.9494e-01 (2.9192e-01)	Loss Disc 6.9358e-01 (6.9319e-01)	Loss Pred 6.4390e-01 (5.8470e-01)	Loss TOTAL 1.0331e+00 (9.7811e-01)
Epoch: [40][ 30/112]	L_Src_Sup 1.4584e-01 (1.9115e-01)	L_Trg_Inj 2.6515e-01 (2.8082e-01)	Loss Disc 6.9331e-01 (6.9321e-01)	Loss Pred 5.8321e-01 (5.8409e-01)	Loss TOTAL 9.7096e-01 (9.8123e-01)
Epoch: [40][ 40/112]	L_Src_Sup 3.0441e-01 (1.8851e-01)	L_Trg_Inj 3.1180e-01 (2.8635e-01)	Loss Disc 6.9329e-01 (6.9322e-01)	Loss Pred 6.0914e-01 (5.8277e-01)	Loss TOTAL 1.0174e+00 (9.7989e-01)
Epoch: [40][ 50/112]	L_Src_Sup 2.4002e-01 (1.9836e-01)	L_Trg_Inj 2.2063e-01 (2.8946e-01)	Loss Disc 6.9315e-01 (6.9321e-01)	Loss Pred 5.7749e-01 (5.8305e-01)	Loss TOTAL 9.8952e-01 (9.8615e-01)
Epoch: [40][ 60/112]	L_Src_Sup 1.8368e-01 (1.9356e-01)	L_Trg_Inj 2.3354e-01 (2.9572e-01)	Loss Disc 6.9295e-01 (6.9318e-01)	Loss Pred 5.7031e-01 (5.8446e-01)	Loss TOTAL 9.5851e-01 (9.8641e-01)
Epoch: [40][ 70/112]	L_Src_Sup 1.8558e-01 (1.9687e-01)	L_Trg_Inj 3.1150e-01 (2.9097e-01)	Loss Disc 6.9220e-01 (6.9309e-01)	Loss Pred 5.7901e-01 (5.8536e-01)	Loss TOTAL 9.7482e-01 (9.8925e-01)
Epoch: [40][ 80/112]	L_Src_Sup 1.2922e-01 (1.9769e-01)	L_Trg_Inj 3.8631e-01 (2.9842e-01)	Loss Disc 6.9475e-01 (6.9313e-01)	Loss Pred 5.9160e-01 (5.8606e-01)	Loss TOTAL 9.9053e-01 (9.8973e-01)
Epoch: [40][ 90/112]	L_Src_Sup 1.5238e-01 (1.9578e-01)	L_Trg_Inj 3.7334e-01 (3.0228e-01)	Loss Disc 6.9394e-01 (6.9321e-01)	Loss Pred 5.4960e-01 (5.8674e-01)	Loss TOTAL 9.4915e-01 (9.9010e-01)
Epoch: [40][100/112]	L_Src_Sup 1.3486e-01 (1.9528e-01)	L_Trg_Inj 3.7152e-01 (3.0182e-01)	Loss Disc 6.9322e-01 (6.9323e-01)	Loss Pred 6.1572e-01 (5.8624e-01)	Loss TOTAL 1.0130e+00 (9.8938e-01)
Epoch: [40][110/112]	L_Src_Sup 3.0308e-01 (1.9980e-01)	L_Trg_Inj 2.6952e-01 (2.9818e-01)	Loss Disc 6.9302e-01 (6.9322e-01)	Loss Pred 5.6621e-01 (5.8466e-01)	Loss TOTAL 1.0035e+00 (9.8817e-01)
Epoch: [40][112/112]	L_Src_Sup 1.9609e-01 (1.9982e-01)	L_Trg_Inj 4.3285e-01 (3.0062e-01)	Loss Disc 6.9276e-01 (6.9321e-01)	Loss Pred 5.5303e-01 (5.8430e-01)	Loss TOTAL 9.6230e-01 (9.8793e-01)
Epoch 40 complete. Saving model state...
Epoch: [41][ 10/112]	L_Src_Sup 8.3490e-02 (2.0355e-01)	L_Trg_Inj 3.1153e-01 (3.4179e-01)	Loss Disc 6.7625e-01 (6.8737e-01)	Loss Pred 5.8317e-01 (5.7884e-01)	Loss TOTAL 9.6079e-01 (9.8108e-01)
Epoch: [41][ 20/112]	L_Src_Sup 2.3676e-01 (2.0850e-01)	L_Trg_Inj 3.2060e-01 (3.5209e-01)	Loss Disc 6.9413e-01 (6.9200e-01)	Loss Pred 5.7995e-01 (5.7889e-01)	Loss TOTAL 9.8275e-01 (9.8296e-01)
Epoch: [41][ 30/112]	L_Src_Sup 2.1065e-01 (2.0354e-01)	L_Trg_Inj 3.3875e-01 (3.4457e-01)	Loss Disc 6.9381e-01 (6.9258e-01)	Loss Pred 5.8439e-01 (5.7873e-01)	Loss TOTAL 9.8623e-01 (9.8124e-01)
Epoch: [41][ 40/112]	L_Src_Sup 1.9872e-01 (2.0391e-01)	L_Trg_Inj 2.5635e-01 (3.3489e-01)	Loss Disc 6.9353e-01 (6.9282e-01)	Loss Pred 6.0094e-01 (5.8171e-01)	Loss TOTAL 9.9321e-01 (9.8319e-01)
Epoch: [41][ 50/112]	L_Src_Sup 1.3347e-01 (1.9667e-01)	L_Trg_Inj 3.5133e-01 (3.1826e-01)	Loss Disc 6.9342e-01 (6.9294e-01)	Loss Pred 6.0677e-01 (5.8232e-01)	Loss TOTAL 1.0020e+00 (9.8172e-01)
Epoch: [41][ 60/112]	L_Src_Sup 2.1165e-01 (1.9911e-01)	L_Trg_Inj 4.3383e-01 (3.1826e-01)	Loss Disc 6.9321e-01 (6.9300e-01)	Loss Pred 5.4542e-01 (5.8303e-01)	Loss TOTAL 9.5658e-01 (9.8524e-01)
Epoch: [41][ 70/112]	L_Src_Sup 1.7826e-01 (1.9374e-01)	L_Trg_Inj 3.0252e-01 (3.2288e-01)	Loss Disc 6.9319e-01 (6.9304e-01)	Loss Pred 5.5753e-01 (5.8398e-01)	Loss TOTAL 9.5220e-01 (9.8557e-01)
Epoch: [41][ 80/112]	L_Src_Sup 1.8562e-01 (1.9410e-01)	L_Trg_Inj 3.3037e-01 (3.1857e-01)	Loss Disc 6.9323e-01 (6.9308e-01)	Loss Pred 5.7489e-01 (5.8472e-01)	Loss TOTAL 9.7310e-01 (9.8637e-01)
Epoch: [41][ 90/112]	L_Src_Sup 1.6670e-01 (1.9749e-01)	L_Trg_Inj 3.6806e-01 (3.2438e-01)	Loss Disc 6.9330e-01 (6.9309e-01)	Loss Pred 5.7891e-01 (5.8504e-01)	Loss TOTAL 9.7904e-01 (9.8778e-01)
Epoch: [41][100/112]	L_Src_Sup 3.1916e-01 (1.9692e-01)	L_Trg_Inj 4.2410e-01 (3.2678e-01)	Loss Disc 6.9321e-01 (6.9311e-01)	Loss Pred 5.8782e-01 (5.8451e-01)	Loss TOTAL 1.0087e+00 (9.8708e-01)
Epoch: [41][110/112]	L_Src_Sup 1.3333e-01 (1.9848e-01)	L_Trg_Inj 3.7660e-01 (3.2738e-01)	Loss Disc 6.9320e-01 (6.9312e-01)	Loss Pred 5.4023e-01 (5.8362e-01)	Loss TOTAL 9.3783e-01 (9.8617e-01)
Epoch: [41][112/112]	L_Src_Sup 2.2685e-01 (1.9965e-01)	L_Trg_Inj 2.5568e-01 (3.2623e-01)	Loss Disc 6.9325e-01 (6.9312e-01)	Loss Pred 5.7771e-01 (5.8368e-01)	Loss TOTAL 9.7259e-01 (9.8644e-01)
Epoch 41 complete. Saving model state...
Epoch: [42][ 10/112]	L_Src_Sup 2.0763e-01 (2.2500e-01)	L_Trg_Inj 3.2662e-01 (3.6815e-01)	Loss Disc 6.9320e-01 (6.9323e-01)	Loss Pred 5.3975e-01 (5.7492e-01)	Loss TOTAL 9.3977e-01 (9.8387e-01)
Epoch: [42][ 20/112]	L_Src_Sup 3.2643e-01 (2.2199e-01)	L_Trg_Inj 4.0189e-01 (3.6954e-01)	Loss Disc 6.9314e-01 (6.9321e-01)	Loss Pred 5.9619e-01 (5.8508e-01)	Loss TOTAL 1.0156e+00 (9.9332e-01)
Epoch: [42][ 30/112]	L_Src_Sup 2.2937e-01 (2.1404e-01)	L_Trg_Inj 3.5623e-01 (3.6529e-01)	Loss Disc 6.9311e-01 (6.9319e-01)	Loss Pred 5.8319e-01 (5.8449e-01)	Loss TOTAL 9.8830e-01 (9.9068e-01)
Epoch: [42][ 40/112]	L_Src_Sup 2.4507e-01 (2.1350e-01)	L_Trg_Inj 4.1228e-01 (3.5938e-01)	Loss Disc 6.9295e-01 (6.9315e-01)	Loss Pred 5.7684e-01 (5.8133e-01)	Loss TOTAL 9.8905e-01 (9.8749e-01)
Epoch: [42][ 50/112]	L_Src_Sup 1.4741e-01 (2.0789e-01)	L_Trg_Inj 3.7279e-01 (3.6146e-01)	Loss Disc 6.9266e-01 (6.9304e-01)	Loss Pred 5.9168e-01 (5.8346e-01)	Loss TOTAL 9.9003e-01 (9.8927e-01)
Epoch: [42][ 60/112]	L_Src_Sup 1.7023e-01 (2.0539e-01)	L_Trg_Inj 2.6341e-01 (3.6035e-01)	Loss Disc 6.9036e-01 (6.9259e-01)	Loss Pred 5.9203e-01 (5.8244e-01)	Loss TOTAL 9.8057e-01 (9.8727e-01)
Epoch: [42][ 70/112]	L_Src_Sup 2.7096e-01 (2.0791e-01)	L_Trg_Inj 4.4748e-01 (3.5726e-01)	Loss Disc 6.9497e-01 (6.9341e-01)	Loss Pred 5.7892e-01 (5.8362e-01)	Loss TOTAL 9.9825e-01 (9.8992e-01)
Epoch: [42][ 80/112]	L_Src_Sup 2.5590e-01 (2.0941e-01)	L_Trg_Inj 4.7207e-01 (3.5569e-01)	Loss Disc 6.9350e-01 (6.9348e-01)	Loss Pred 6.2237e-01 (5.8379e-01)	Loss TOTAL 1.0419e+00 (9.8973e-01)
Epoch: [42][ 90/112]	L_Src_Sup 2.7912e-01 (2.1056e-01)	L_Trg_Inj 3.3952e-01 (3.5270e-01)	Loss Disc 6.9341e-01 (6.9347e-01)	Loss Pred 6.2648e-01 (5.8391e-01)	Loss TOTAL 1.0351e+00 (9.8936e-01)
Epoch: [42][100/112]	L_Src_Sup 2.7671e-01 (2.0954e-01)	L_Trg_Inj 2.9636e-01 (3.4504e-01)	Loss Disc 6.9329e-01 (6.9346e-01)	Loss Pred 5.8954e-01 (5.8457e-01)	Loss TOTAL 9.9349e-01 (9.8890e-01)
Epoch: [42][110/112]	L_Src_Sup 3.3383e-01 (2.1313e-01)	L_Trg_Inj 3.1554e-01 (3.4035e-01)	Loss Disc 6.9321e-01 (6.9344e-01)	Loss Pred 6.1798e-01 (5.8420e-01)	Loss TOTAL 1.0478e+00 (9.8866e-01)
Epoch: [42][112/112]	L_Src_Sup 1.6001e-01 (2.1293e-01)	L_Trg_Inj 3.5215e-01 (3.4105e-01)	Loss Disc 6.9320e-01 (6.9344e-01)	Loss Pred 5.7129e-01 (5.8427e-01)	Loss TOTAL 9.6910e-01 (9.8873e-01)
Epoch 42 complete. Saving model state...
Epoch: [43][ 10/112]	L_Src_Sup 3.8204e-01 (2.5844e-01)	L_Trg_Inj 3.7587e-01 (3.3831e-01)	Loss Disc 6.9271e-01 (6.9301e-01)	Loss Pred 6.3042e-01 (5.8751e-01)	Loss TOTAL 1.0587e+00 (1.0104e+00)
Epoch: [43][ 20/112]	L_Src_Sup 1.7392e-01 (2.3970e-01)	L_Trg_Inj 3.7392e-01 (3.4473e-01)	Loss Disc 6.8305e-01 (6.9088e-01)	Loss Pred 6.0067e-01 (5.8506e-01)	Loss TOTAL 9.9697e-01 (1.0012e+00)
Epoch: [43][ 30/112]	L_Src_Sup 1.8185e-01 (2.3110e-01)	L_Trg_Inj 2.9323e-01 (3.4595e-01)	Loss Disc 6.9364e-01 (6.9328e-01)	Loss Pred 5.6610e-01 (5.8582e-01)	Loss TOTAL 9.6043e-01 (9.9836e-01)
Epoch: [43][ 40/112]	L_Src_Sup 2.2020e-01 (2.2479e-01)	L_Trg_Inj 3.0188e-01 (3.4077e-01)	Loss Disc 6.9362e-01 (6.9337e-01)	Loss Pred 5.7041e-01 (5.8564e-01)	Loss TOTAL 9.6943e-01 (9.9541e-01)
Epoch: [43][ 50/112]	L_Src_Sup 2.1750e-01 (2.2047e-01)	L_Trg_Inj 3.2996e-01 (3.3664e-01)	Loss Disc 6.9360e-01 (6.9341e-01)	Loss Pred 6.0853e-01 (5.8572e-01)	Loss TOTAL 1.0101e+00 (9.9336e-01)
Epoch: [43][ 60/112]	L_Src_Sup 1.1327e-01 (2.2201e-01)	L_Trg_Inj 3.0096e-01 (3.3076e-01)	Loss Disc 6.9320e-01 (6.9341e-01)	Loss Pred 5.4729e-01 (5.8442e-01)	Loss TOTAL 9.3531e-01 (9.9114e-01)
Epoch: [43][ 70/112]	L_Src_Sup 2.1845e-01 (2.2164e-01)	L_Trg_Inj 3.4082e-01 (3.2366e-01)	Loss Disc 6.9332e-01 (6.9341e-01)	Loss Pred 5.5908e-01 (5.8385e-01)	Loss TOTAL 9.6166e-01 (9.8953e-01)
Epoch: [43][ 80/112]	L_Src_Sup 1.5041e-01 (2.2069e-01)	L_Trg_Inj 3.5297e-01 (3.2300e-01)	Loss Disc 6.9324e-01 (6.9340e-01)	Loss Pred 5.9186e-01 (5.8435e-01)	Loss TOTAL 9.8882e-01 (9.9028e-01)
Epoch: [43][ 90/112]	L_Src_Sup 2.2690e-01 (2.1946e-01)	L_Trg_Inj 2.8048e-01 (3.1930e-01)	Loss Disc 6.9323e-01 (6.9338e-01)	Loss Pred 5.8319e-01 (5.8457e-01)	Loss TOTAL 9.8054e-01 (9.9010e-01)
Epoch: [43][100/112]	L_Src_Sup 1.9150e-01 (2.1985e-01)	L_Trg_Inj 3.2779e-01 (3.1597e-01)	Loss Disc 6.9320e-01 (6.9337e-01)	Loss Pred 5.9178e-01 (5.8541e-01)	Loss TOTAL 9.9031e-01 (9.9137e-01)
Epoch: [43][110/112]	L_Src_Sup 2.8002e-01 (2.1897e-01)	L_Trg_Inj 4.3675e-01 (3.2134e-01)	Loss Disc 6.9314e-01 (6.9335e-01)	Loss Pred 5.6186e-01 (5.8462e-01)	Loss TOTAL 9.8011e-01 (9.9087e-01)
Epoch: [43][112/112]	L_Src_Sup 2.3425e-01 (2.1964e-01)	L_Trg_Inj 5.7525e-01 (3.2433e-01)	Loss Disc 6.9313e-01 (6.9334e-01)	Loss Pred 5.1466e-01 (5.8406e-01)	Loss TOTAL 9.4218e-01 (9.9058e-01)
Epoch 43 complete. Saving model state...
Epoch: [44][ 10/112]	L_Src_Sup 6.4611e-02 (1.6115e-01)	L_Trg_Inj 3.8843e-01 (3.8212e-01)	Loss Disc 6.9300e-01 (6.9307e-01)	Loss Pred 5.9847e-01 (5.8820e-01)	Loss TOTAL 9.9027e-01 (9.8906e-01)
Epoch: [44][ 20/112]	L_Src_Sup 8.3504e-02 (1.8097e-01)	L_Trg_Inj 3.1190e-01 (3.2385e-01)	Loss Disc 6.9242e-01 (6.9292e-01)	Loss Pred 5.8326e-01 (5.8404e-01)	Loss TOTAL 9.6901e-01 (9.8332e-01)
Epoch: [44][ 30/112]	L_Src_Sup 1.6101e-01 (1.8874e-01)	L_Trg_Inj 4.2293e-01 (3.0308e-01)	Loss Disc 6.8592e-01 (6.9201e-01)	Loss Pred 6.2198e-01 (5.8539e-01)	Loss TOTAL 1.0233e+00 (9.8896e-01)
Epoch: [44][ 40/112]	L_Src_Sup 2.0647e-01 (1.9235e-01)	L_Trg_Inj 2.9541e-01 (3.0592e-01)	Loss Disc 6.9629e-01 (6.9356e-01)	Loss Pred 5.7504e-01 (5.8424e-01)	Loss TOTAL 9.7337e-01 (9.8713e-01)
Epoch: [44][ 50/112]	L_Src_Sup 2.4743e-01 (1.9131e-01)	L_Trg_Inj 2.1264e-01 (3.0372e-01)	Loss Disc 6.9343e-01 (6.9368e-01)	Loss Pred 5.8387e-01 (5.8517e-01)	Loss TOTAL 1.0114e+00 (9.9041e-01)
Epoch: [44][ 60/112]	L_Src_Sup 1.8875e-01 (1.9663e-01)	L_Trg_Inj 2.6522e-01 (3.0784e-01)	Loss Disc 6.9345e-01 (6.9365e-01)	Loss Pred 5.7953e-01 (5.8523e-01)	Loss TOTAL 9.7166e-01 (9.9077e-01)
Epoch: [44][ 70/112]	L_Src_Sup 1.4001e-01 (1.9494e-01)	L_Trg_Inj 3.1212e-01 (3.1515e-01)	Loss Disc 6.9339e-01 (6.9362e-01)	Loss Pred 5.7510e-01 (5.8621e-01)	Loss TOTAL 9.6701e-01 (9.9111e-01)
Epoch: [44][ 80/112]	L_Src_Sup 2.4495e-01 (1.9562e-01)	L_Trg_Inj 3.5654e-01 (3.1989e-01)	Loss Disc 6.9319e-01 (6.9357e-01)	Loss Pred 5.7925e-01 (5.8595e-01)	Loss TOTAL 9.8600e-01 (9.9049e-01)
Epoch: [44][ 90/112]	L_Src_Sup 2.5351e-01 (1.9706e-01)	L_Trg_Inj 4.0132e-01 (3.2629e-01)	Loss Disc 6.9313e-01 (6.9353e-01)	Loss Pred 5.8760e-01 (5.8522e-01)	Loss TOTAL 9.9965e-01 (9.8983e-01)
Epoch: [44][100/112]	L_Src_Sup 2.5734e-01 (1.9605e-01)	L_Trg_Inj 3.5295e-01 (3.2664e-01)	Loss Disc 6.9276e-01 (6.9347e-01)	Loss Pred 5.9150e-01 (5.8486e-01)	Loss TOTAL 9.9891e-01 (9.8882e-01)
Epoch: [44][110/112]	L_Src_Sup 2.8826e-01 (1.9744e-01)	L_Trg_Inj 2.4706e-01 (3.2436e-01)	Loss Disc 6.8857e-01 (6.9327e-01)	Loss Pred 6.0131e-01 (5.8442e-01)	Loss TOTAL 1.0403e+00 (9.8853e-01)
Epoch: [44][112/112]	L_Src_Sup 6.4593e-02 (1.9655e-01)	L_Trg_Inj 3.0897e-01 (3.2449e-01)	Loss Disc 6.8361e-01 (6.9312e-01)	Loss Pred 5.9638e-01 (5.8453e-01)	Loss TOTAL 9.7555e-01 (9.8839e-01)
Epoch 44 complete. Saving model state...
Epoch: [45][ 10/112]	L_Src_Sup 2.3915e-01 (2.5650e-01)	L_Trg_Inj 4.5175e-01 (3.1627e-01)	Loss Disc 6.9516e-01 (6.9441e-01)	Loss Pred 5.9651e-01 (5.8177e-01)	Loss TOTAL 1.0132e+00 (9.9413e-01)
Epoch: [45][ 20/112]	L_Src_Sup 2.6382e-01 (2.3059e-01)	L_Trg_Inj 3.7331e-01 (3.3126e-01)	Loss Disc 6.9376e-01 (6.9418e-01)	Loss Pred 6.0490e-01 (5.8152e-01)	Loss TOTAL 1.0155e+00 (9.9286e-01)
Epoch: [45][ 30/112]	L_Src_Sup 2.9129e-01 (2.2062e-01)	L_Trg_Inj 3.4276e-01 (3.3352e-01)	Loss Disc 6.9332e-01 (6.9396e-01)	Loss Pred 5.4880e-01 (5.8247e-01)	Loss TOTAL 9.5887e-01 (9.9191e-01)
Epoch: [45][ 40/112]	L_Src_Sup 1.9048e-01 (2.1690e-01)	L_Trg_Inj 3.7310e-01 (3.3440e-01)	Loss Disc 6.9341e-01 (6.9383e-01)	Loss Pred 5.4790e-01 (5.7979e-01)	Loss TOTAL 9.5096e-01 (9.8743e-01)
Epoch: [45][ 50/112]	L_Src_Sup 2.6714e-01 (2.1208e-01)	L_Trg_Inj 3.1575e-01 (3.2919e-01)	Loss Disc 6.9332e-01 (6.9373e-01)	Loss Pred 6.0497e-01 (5.8305e-01)	Loss TOTAL 1.0099e+00 (9.8852e-01)
Epoch: [45][ 60/112]	L_Src_Sup 3.0808e-01 (2.1382e-01)	L_Trg_Inj 2.1838e-01 (3.2344e-01)	Loss Disc 6.9334e-01 (6.9366e-01)	Loss Pred 6.0084e-01 (5.8299e-01)	Loss TOTAL 1.0899e+00 (9.8899e-01)
Epoch: [45][ 70/112]	L_Src_Sup 1.7583e-01 (2.1409e-01)	L_Trg_Inj 2.1642e-01 (3.1090e-01)	Loss Disc 6.9325e-01 (6.9360e-01)	Loss Pred 6.0858e-01 (5.8169e-01)	Loss TOTAL 9.9443e-01 (9.8851e-01)
Epoch: [45][ 80/112]	L_Src_Sup 2.5290e-01 (2.1403e-01)	L_Trg_Inj 4.1365e-01 (3.1114e-01)	Loss Disc 6.9328e-01 (6.9356e-01)	Loss Pred 6.2280e-01 (5.8232e-01)	Loss TOTAL 1.0361e+00 (9.8857e-01)
Epoch: [45][ 90/112]	L_Src_Sup 1.5558e-01 (2.1750e-01)	L_Trg_Inj 3.7798e-01 (3.1810e-01)	Loss Disc 6.9323e-01 (6.9352e-01)	Loss Pred 6.1365e-01 (5.8304e-01)	Loss TOTAL 1.0136e+00 (9.9095e-01)
Epoch: [45][100/112]	L_Src_Sup 1.0527e-01 (2.1554e-01)	L_Trg_Inj 2.9288e-01 (3.1980e-01)	Loss Disc 6.9317e-01 (6.9349e-01)	Loss Pred 5.9613e-01 (5.8335e-01)	Loss TOTAL 9.8253e-01 (9.9048e-01)
Epoch: [45][110/112]	L_Src_Sup 3.5415e-01 (2.1710e-01)	L_Trg_Inj 2.9171e-01 (3.2106e-01)	Loss Disc 6.9313e-01 (6.9346e-01)	Loss Pred 5.8325e-01 (5.8403e-01)	Loss TOTAL 1.0568e+00 (9.9137e-01)
Epoch: [45][112/112]	L_Src_Sup 2.2682e-01 (2.1700e-01)	L_Trg_Inj 3.2642e-01 (3.2152e-01)	Loss Disc 6.9310e-01 (6.9345e-01)	Loss Pred 5.7462e-01 (5.8371e-01)	Loss TOTAL 9.7649e-01 (9.9096e-01)
Epoch 45 complete. Saving model state...
Epoch: [46][ 10/112]	L_Src_Sup 2.4464e-01 (1.9840e-01)	L_Trg_Inj 3.2510e-01 (3.2782e-01)	Loss Disc 6.9284e-01 (6.9301e-01)	Loss Pred 6.1611e-01 (5.8633e-01)	Loss TOTAL 1.0195e+00 (9.8545e-01)
Epoch: [46][ 20/112]	L_Src_Sup 1.6010e-01 (2.0278e-01)	L_Trg_Inj 2.0086e-01 (3.1734e-01)	Loss Disc 6.9268e-01 (6.9288e-01)	Loss Pred 5.7331e-01 (5.8831e-01)	Loss TOTAL 9.5574e-01 (9.8743e-01)
Epoch: [46][ 30/112]	L_Src_Sup 2.1348e-01 (2.0253e-01)	L_Trg_Inj 2.7626e-01 (3.0915e-01)	Loss Disc 6.9397e-01 (6.9276e-01)	Loss Pred 5.9169e-01 (5.8862e-01)	Loss TOTAL 9.8765e-01 (9.8662e-01)
Epoch: [46][ 40/112]	L_Src_Sup 1.9803e-01 (2.0121e-01)	L_Trg_Inj 3.3210e-01 (2.9989e-01)	Loss Disc 6.9361e-01 (6.9289e-01)	Loss Pred 5.7104e-01 (5.8578e-01)	Loss TOTAL 9.7086e-01 (9.8468e-01)
Epoch: [46][ 50/112]	L_Src_Sup 1.4142e-01 (2.0159e-01)	L_Trg_Inj 4.4837e-01 (2.9586e-01)	Loss Disc 6.9406e-01 (6.9315e-01)	Loss Pred 5.6606e-01 (5.8498e-01)	Loss TOTAL 9.7207e-01 (9.8561e-01)
Epoch: [46][ 60/112]	L_Src_Sup 1.5054e-01 (2.0373e-01)	L_Trg_Inj 2.0276e-01 (2.9427e-01)	Loss Disc 6.9347e-01 (6.9322e-01)	Loss Pred 5.9602e-01 (5.8529e-01)	Loss TOTAL 9.7808e-01 (9.8563e-01)
Epoch: [46][ 70/112]	L_Src_Sup 1.9150e-01 (1.9804e-01)	L_Trg_Inj 2.0663e-01 (2.9344e-01)	Loss Disc 6.9318e-01 (6.9323e-01)	Loss Pred 5.8755e-01 (5.8487e-01)	Loss TOTAL 9.7395e-01 (9.8426e-01)
Epoch: [46][ 80/112]	L_Src_Sup 2.9127e-01 (2.0367e-01)	L_Trg_Inj 3.1182e-01 (2.8847e-01)	Loss Disc 6.9285e-01 (6.9321e-01)	Loss Pred 5.4886e-01 (5.8391e-01)	Loss TOTAL 9.5560e-01 (9.8763e-01)
Epoch: [46][ 90/112]	L_Src_Sup 2.3412e-01 (2.0506e-01)	L_Trg_Inj 2.4943e-01 (2.8749e-01)	Loss Disc 6.9204e-01 (6.9315e-01)	Loss Pred 6.0009e-01 (5.8418e-01)	Loss TOTAL 9.9447e-01 (9.8776e-01)
Epoch: [46][100/112]	L_Src_Sup 2.4001e-01 (2.0402e-01)	L_Trg_Inj 2.0112e-01 (2.8639e-01)	Loss Disc 6.9450e-01 (6.9313e-01)	Loss Pred 5.7415e-01 (5.8395e-01)	Loss TOTAL 1.0044e+00 (9.8692e-01)
Epoch: [46][110/112]	L_Src_Sup 2.3485e-01 (2.0264e-01)	L_Trg_Inj 2.6183e-01 (2.8968e-01)	Loss Disc 6.9339e-01 (6.9318e-01)	Loss Pred 5.8752e-01 (5.8368e-01)	Loss TOTAL 9.8388e-01 (9.8768e-01)
Epoch: [46][112/112]	L_Src_Sup 1.2550e-01 (2.0184e-01)	L_Trg_Inj 2.7681e-01 (2.9097e-01)	Loss Disc 6.9348e-01 (6.9318e-01)	Loss Pred 5.8749e-01 (5.8341e-01)	Loss TOTAL 9.7446e-01 (9.8730e-01)
Epoch 46 complete. Saving model state...
Epoch: [47][ 10/112]	L_Src_Sup 2.0213e-01 (2.0064e-01)	L_Trg_Inj 4.0480e-01 (3.5970e-01)	Loss Disc 6.9340e-01 (6.9342e-01)	Loss Pred 5.8381e-01 (5.8704e-01)	Loss TOTAL 9.9121e-01 (9.9176e-01)
Epoch: [47][ 20/112]	L_Src_Sup 2.5662e-01 (2.0626e-01)	L_Trg_Inj 3.3888e-01 (3.5272e-01)	Loss Disc 6.9298e-01 (6.9330e-01)	Loss Pred 5.6348e-01 (5.8582e-01)	Loss TOTAL 9.6952e-01 (9.9241e-01)
Epoch: [47][ 30/112]	L_Src_Sup 1.7987e-01 (2.2088e-01)	L_Trg_Inj 3.9730e-01 (3.6676e-01)	Loss Disc 6.9322e-01 (6.9327e-01)	Loss Pred 6.0974e-01 (5.8779e-01)	Loss TOTAL 1.0141e+00 (9.9884e-01)
Epoch: [47][ 40/112]	L_Src_Sup 2.0142e-01 (2.2272e-01)	L_Trg_Inj 4.7620e-01 (3.6960e-01)	Loss Disc 6.9305e-01 (6.9322e-01)	Loss Pred 6.0936e-01 (5.8543e-01)	Loss TOTAL 1.0236e+00 (9.9551e-01)
Epoch: [47][ 50/112]	L_Src_Sup 1.6581e-01 (2.2275e-01)	L_Trg_Inj 2.1565e-01 (3.7008e-01)	Loss Disc 6.9258e-01 (6.9316e-01)	Loss Pred 5.8426e-01 (5.8708e-01)	Loss TOTAL 9.6870e-01 (9.9633e-01)
Epoch: [47][ 60/112]	L_Src_Sup 1.4964e-01 (2.2149e-01)	L_Trg_Inj 2.6891e-01 (3.5618e-01)	Loss Disc 6.9085e-01 (6.9287e-01)	Loss Pred 5.8828e-01 (5.8545e-01)	Loss TOTAL 9.7556e-01 (9.9588e-01)
Epoch: [47][ 70/112]	L_Src_Sup 1.4599e-01 (2.1377e-01)	L_Trg_Inj 2.9475e-01 (3.4920e-01)	Loss Disc 7.0015e-01 (6.9275e-01)	Loss Pred 5.8352e-01 (5.8692e-01)	Loss TOTAL 9.7767e-01 (9.9593e-01)
Epoch: [47][ 80/112]	L_Src_Sup 2.5545e-01 (2.1267e-01)	L_Trg_Inj 3.9893e-01 (3.4969e-01)	Loss Disc 6.9353e-01 (6.9308e-01)	Loss Pred 5.9802e-01 (5.8661e-01)	Loss TOTAL 1.0102e+00 (9.9493e-01)
Epoch: [47][ 90/112]	L_Src_Sup 1.8372e-01 (2.0754e-01)	L_Trg_Inj 2.6371e-01 (3.4210e-01)	Loss Disc 6.9343e-01 (6.9312e-01)	Loss Pred 5.7536e-01 (5.8542e-01)	Loss TOTAL 9.6682e-01 (9.9267e-01)
Epoch: [47][100/112]	L_Src_Sup 2.1785e-01 (2.0706e-01)	L_Trg_Inj 2.1139e-01 (3.3611e-01)	Loss Disc 6.9339e-01 (6.9315e-01)	Loss Pred 5.7120e-01 (5.8499e-01)	Loss TOTAL 9.6728e-01 (9.9215e-01)
Epoch: [47][110/112]	L_Src_Sup 1.0527e-01 (2.0879e-01)	L_Trg_Inj 5.7158e-01 (3.3830e-01)	Loss Disc 6.9331e-01 (6.9316e-01)	Loss Pred 5.8868e-01 (5.8528e-01)	Loss TOTAL 1.0030e+00 (9.9261e-01)
Epoch: [47][112/112]	L_Src_Sup 1.4001e-01 (2.0685e-01)	L_Trg_Inj 4.9843e-01 (3.3977e-01)	Loss Disc 6.9332e-01 (6.9317e-01)	Loss Pred 5.6161e-01 (5.8490e-01)	Loss TOTAL 9.7211e-01 (9.9208e-01)
Epoch 47 complete. Saving model state...
Epoch: [48][ 10/112]	L_Src_Sup 2.0409e-01 (2.2575e-01)	L_Trg_Inj 2.4880e-01 (3.3427e-01)	Loss Disc 6.9327e-01 (6.9326e-01)	Loss Pred 5.7132e-01 (5.7485e-01)	Loss TOTAL 9.6324e-01 (9.7749e-01)
Epoch: [48][ 20/112]	L_Src_Sup 3.0616e-01 (2.3050e-01)	L_Trg_Inj 4.3495e-01 (3.4329e-01)	Loss Disc 6.9325e-01 (6.9325e-01)	Loss Pred 5.7463e-01 (5.8470e-01)	Loss TOTAL 9.9536e-01 (9.8898e-01)
Epoch: [48][ 30/112]	L_Src_Sup 1.5217e-01 (2.1842e-01)	L_Trg_Inj 3.1545e-01 (3.3006e-01)	Loss Disc 6.9323e-01 (6.9325e-01)	Loss Pred 5.9607e-01 (5.8492e-01)	Loss TOTAL 9.8945e-01 (9.8885e-01)
Epoch: [48][ 40/112]	L_Src_Sup 2.0955e-01 (2.1927e-01)	L_Trg_Inj 4.4203e-01 (3.3128e-01)	Loss Disc 6.9326e-01 (6.9325e-01)	Loss Pred 5.4031e-01 (5.8327e-01)	Loss TOTAL 9.5210e-01 (9.8708e-01)
Epoch: [48][ 50/112]	L_Src_Sup 3.4409e-01 (2.1942e-01)	L_Trg_Inj 4.1790e-01 (3.3718e-01)	Loss Disc 6.9320e-01 (6.9324e-01)	Loss Pred 5.9307e-01 (5.8269e-01)	Loss TOTAL 1.0159e+00 (9.8667e-01)
Epoch: [48][ 60/112]	L_Src_Sup 1.7216e-01 (2.1494e-01)	L_Trg_Inj 2.8245e-01 (3.3608e-01)	Loss Disc 6.9312e-01 (6.9323e-01)	Loss Pred 5.9629e-01 (5.8207e-01)	Loss TOTAL 9.8831e-01 (9.8520e-01)
Epoch: [48][ 70/112]	L_Src_Sup 8.6030e-02 (2.1068e-01)	L_Trg_Inj 3.2581e-01 (3.3485e-01)	Loss Disc 6.9265e-01 (6.9318e-01)	Loss Pred 5.9239e-01 (5.8167e-01)	Loss TOTAL 9.7989e-01 (9.8424e-01)
Epoch: [48][ 80/112]	L_Src_Sup 1.5385e-01 (2.0741e-01)	L_Trg_Inj 3.1804e-01 (3.2841e-01)	Loss Disc 6.8480e-01 (6.9278e-01)	Loss Pred 5.4980e-01 (5.8227e-01)	Loss TOTAL 9.3938e-01 (9.8467e-01)
Epoch: [48][ 90/112]	L_Src_Sup 2.4755e-01 (2.0190e-01)	L_Trg_Inj 2.2767e-01 (3.2517e-01)	Loss Disc 6.9416e-01 (6.9312e-01)	Loss Pred 6.0904e-01 (5.8372e-01)	Loss TOTAL 1.0235e+00 (9.8544e-01)
Epoch: [48][100/112]	L_Src_Sup 2.4490e-01 (1.9996e-01)	L_Trg_Inj 2.8211e-01 (3.2100e-01)	Loss Disc 6.9353e-01 (6.9317e-01)	Loss Pred 5.7495e-01 (5.8344e-01)	Loss TOTAL 9.7441e-01 (9.8432e-01)
Epoch: [48][110/112]	L_Src_Sup 1.8948e-01 (2.0076e-01)	L_Trg_Inj 3.5080e-01 (3.2093e-01)	Loss Disc 6.9336e-01 (6.9319e-01)	Loss Pred 6.0140e-01 (5.8382e-01)	Loss TOTAL 1.0021e+00 (9.8568e-01)
Epoch: [48][112/112]	L_Src_Sup 1.4957e-01 (2.0074e-01)	L_Trg_Inj 2.8772e-01 (3.2049e-01)	Loss Disc 6.9332e-01 (6.9319e-01)	Loss Pred 5.4063e-01 (5.8344e-01)	Loss TOTAL 9.3102e-01 (9.8520e-01)
Epoch 48 complete. Saving model state...
Epoch: [49][ 10/112]	L_Src_Sup 1.5055e-01 (2.0687e-01)	L_Trg_Inj 3.0975e-01 (3.1283e-01)	Loss Disc 6.9332e-01 (6.9333e-01)	Loss Pred 5.9202e-01 (5.8221e-01)	Loss TOTAL 9.8471e-01 (9.8380e-01)
Epoch: [49][ 20/112]	L_Src_Sup 1.0221e-01 (1.9881e-01)	L_Trg_Inj 4.1307e-01 (3.5125e-01)	Loss Disc 6.9327e-01 (6.9328e-01)	Loss Pred 5.7422e-01 (5.7964e-01)	Loss TOTAL 9.7238e-01 (9.8276e-01)
Epoch: [49][ 30/112]	L_Src_Sup 1.8085e-01 (1.9459e-01)	L_Trg_Inj 2.4854e-01 (3.3185e-01)	Loss Disc 6.9317e-01 (6.9326e-01)	Loss Pred 5.6170e-01 (5.8434e-01)	Loss TOTAL 9.5122e-01 (9.8460e-01)
Epoch: [49][ 40/112]	L_Src_Sup 1.7421e-01 (1.9090e-01)	L_Trg_Inj 1.5963e-01 (3.1358e-01)	Loss Disc 6.9307e-01 (6.9323e-01)	Loss Pred 6.0252e-01 (5.8732e-01)	Loss TOTAL 9.9701e-01 (9.8685e-01)
Epoch: [49][ 50/112]	L_Src_Sup 1.4143e-01 (1.9355e-01)	L_Trg_Inj 2.5311e-01 (3.0582e-01)	Loss Disc 6.9269e-01 (6.9317e-01)	Loss Pred 5.6696e-01 (5.8330e-01)	Loss TOTAL 9.5276e-01 (9.8271e-01)
Epoch: [49][ 60/112]	L_Src_Sup 2.8878e-01 (1.9963e-01)	L_Trg_Inj 3.1772e-01 (3.0497e-01)	Loss Disc 6.8998e-01 (6.9292e-01)	Loss Pred 5.8666e-01 (5.8386e-01)	Loss TOTAL 9.9230e-01 (9.8429e-01)
Epoch: [49][ 70/112]	L_Src_Sup 3.0935e-01 (1.9801e-01)	L_Trg_Inj 3.3751e-01 (3.0537e-01)	Loss Disc 6.9771e-01 (6.9277e-01)	Loss Pred 5.8503e-01 (5.8458e-01)	Loss TOTAL 9.9857e-01 (9.8514e-01)
Epoch: [49][ 80/112]	L_Src_Sup 1.4563e-01 (2.0084e-01)	L_Trg_Inj 2.1672e-01 (3.0503e-01)	Loss Disc 6.9385e-01 (6.9300e-01)	Loss Pred 5.7607e-01 (5.8423e-01)	Loss TOTAL 9.5923e-01 (9.8649e-01)
Epoch: [49][ 90/112]	L_Src_Sup 2.1506e-01 (2.0058e-01)	L_Trg_Inj 1.9772e-01 (3.0998e-01)	Loss Disc 6.9344e-01 (6.9305e-01)	Loss Pred 5.9677e-01 (5.8415e-01)	Loss TOTAL 1.0021e+00 (9.8652e-01)
Epoch: [49][100/112]	L_Src_Sup 2.0001e-01 (2.0304e-01)	L_Trg_Inj 3.0046e-01 (3.1117e-01)	Loss Disc 6.9326e-01 (6.9308e-01)	Loss Pred 5.6591e-01 (5.8418e-01)	Loss TOTAL 9.6259e-01 (9.8714e-01)
Epoch: [49][110/112]	L_Src_Sup 1.6162e-01 (2.0305e-01)	L_Trg_Inj 2.7016e-01 (3.1109e-01)	Loss Disc 6.9325e-01 (6.9309e-01)	Loss Pred 5.6601e-01 (5.8367e-01)	Loss TOTAL 9.5581e-01 (9.8661e-01)
Epoch: [49][112/112]	L_Src_Sup 2.9886e-01 (2.0469e-01)	L_Trg_Inj 3.6461e-01 (3.1218e-01)	Loss Disc 6.9324e-01 (6.9310e-01)	Loss Pred 6.1793e-01 (5.8397e-01)	Loss TOTAL 1.0309e+00 (9.8710e-01)
Epoch 49 complete. Saving model state...
