Using device: cuda
Loading Source Train...
Using Mean/Std calculated from Source Train (mean[0]=22.138862111119426, std[0]=1.9488357271938443)
Loading Target Train...
Epoch: [0][ 10/313]	L_Src_Sup 1.5996e+00 (1.9167e+00)	L_Trg_Inj 1.5859e+00 (1.9142e+00)	Loss Disc 7.1731e-01 (7.2043e-01)	Loss Pred 9.3347e-01 (9.9988e-01)	Loss TOTAL 1.6243e+00 (1.7491e+00)
Epoch: [0][ 20/313]	L_Src_Sup 1.0275e+00 (1.3954e+00)	L_Trg_Inj 9.4147e-01 (1.3614e+00)	Loss Disc 7.0775e-01 (7.1634e-01)	Loss Pred 1.0529e+00 (1.0006e+00)	Loss TOTAL 1.6896e+00 (1.6891e+00)
Epoch: [0][ 30/313]	L_Src_Sup 1.4570e-01 (1.0687e+00)	L_Trg_Inj 5.5724e-01 (1.0870e+00)	Loss Disc 6.9905e-01 (7.1174e-01)	Loss Pred 9.2647e-01 (9.9526e-01)	Loss TOTAL 1.3463e+00 (1.6088e+00)
Epoch: [0][ 40/313]	L_Src_Sup 1.8045e-01 (8.6155e-01)	L_Trg_Inj 4.4110e-01 (9.1854e-01)	Loss Disc 6.9526e-01 (7.0796e-01)	Loss Pred 1.0270e+00 (9.9290e-01)	Loss TOTAL 1.4368e+00 (1.5578e+00)
Epoch: [0][ 50/313]	L_Src_Sup 2.6437e-01 (7.2878e-01)	L_Trg_Inj 3.1631e-01 (8.1036e-01)	Loss Disc 6.9366e-01 (7.0524e-01)	Loss Pred 1.0183e+00 (9.9231e-01)	Loss TOTAL 1.4232e+00 (1.5252e+00)
Epoch: [0][ 60/313]	L_Src_Sup 3.1680e-01 (6.4868e-01)	L_Trg_Inj 6.0375e-01 (7.3231e-01)	Loss Disc 6.9342e-01 (7.0329e-01)	Loss Pred 9.3433e-01 (9.9083e-01)	Loss TOTAL 1.3731e+00 (1.5036e+00)
Epoch: [0][ 70/313]	L_Src_Sup 4.4903e-01 (6.0289e-01)	L_Trg_Inj 3.2572e-01 (6.7991e-01)	Loss Disc 6.9236e-01 (7.0180e-01)	Loss Pred 1.0152e+00 (9.9092e-01)	Loss TOTAL 1.5622e+00 (1.4957e+00)
Epoch: [0][ 80/313]	L_Src_Sup 1.8160e-01 (5.6563e-01)	L_Trg_Inj 3.1049e-01 (6.4920e-01)	Loss Disc 6.9097e-01 (7.0053e-01)	Loss Pred 9.8086e-01 (9.9062e-01)	Loss TOTAL 1.3755e+00 (1.4864e+00)
Epoch: [0][ 90/313]	L_Src_Sup 2.6383e-01 (5.3039e-01)	L_Trg_Inj 6.8673e-01 (6.2051e-01)	Loss Disc 6.8971e-01 (6.9944e-01)	Loss Pred 1.0251e+00 (9.9036e-01)	Loss TOTAL 1.4650e+00 (1.4773e+00)
Epoch: [0][100/313]	L_Src_Sup 2.8571e-01 (5.0078e-01)	L_Trg_Inj 4.8972e-01 (6.0831e-01)	Loss Disc 6.8648e-01 (6.9844e-01)	Loss Pred 9.6070e-01 (9.9181e-01)	Loss TOTAL 1.3815e+00 (1.4719e+00)
Epoch: [0][110/313]	L_Src_Sup 9.9604e-02 (4.7485e-01)	L_Trg_Inj 4.6515e-01 (5.8647e-01)	Loss Disc 6.8692e-01 (6.9753e-01)	Loss Pred 1.0630e+00 (9.9251e-01)	Loss TOTAL 1.4629e+00 (1.4669e+00)
Epoch: [0][120/313]	L_Src_Sup 2.0986e-01 (4.5373e-01)	L_Trg_Inj 2.6082e-01 (5.6589e-01)	Loss Disc 6.8491e-01 (6.9659e-01)	Loss Pred 1.0012e+00 (9.9280e-01)	Loss TOTAL 1.3908e+00 (1.4609e+00)
Epoch: [0][130/313]	L_Src_Sup 2.3876e-01 (4.3546e-01)	L_Trg_Inj 3.7045e-01 (5.4806e-01)	Loss Disc 6.7887e-01 (6.9557e-01)	Loss Pred 9.3762e-01 (9.9190e-01)	Loss TOTAL 1.3380e+00 (1.4545e+00)
Epoch: [0][140/313]	L_Src_Sup 2.1086e-01 (4.1944e-01)	L_Trg_Inj 3.1425e-01 (5.2947e-01)	Loss Disc 6.7950e-01 (6.9466e-01)	Loss Pred 9.8862e-01 (9.9042e-01)	Loss TOTAL 1.3809e+00 (1.4489e+00)
Epoch: [0][150/313]	L_Src_Sup 2.6866e-01 (4.0941e-01)	L_Trg_Inj 4.7428e-01 (5.2572e-01)	Loss Disc 6.8343e-01 (6.9376e-01)	Loss Pred 9.7133e-01 (9.8979e-01)	Loss TOTAL 1.3873e+00 (1.4461e+00)
Epoch: [0][160/313]	L_Src_Sup 1.5792e-01 (3.9700e-01)	L_Trg_Inj 4.5468e-01 (5.1206e-01)	Loss Disc 6.8175e-01 (6.9319e-01)	Loss Pred 9.3852e-01 (9.8901e-01)	Loss TOTAL 1.3407e+00 (1.4424e+00)
Epoch: [0][170/313]	L_Src_Sup 2.2748e-01 (3.8628e-01)	L_Trg_Inj 3.4242e-01 (5.0199e-01)	Loss Disc 6.7742e-01 (6.9255e-01)	Loss Pred 9.9814e-01 (9.8799e-01)	Loss TOTAL 1.3938e+00 (1.4381e+00)
Epoch: [0][180/313]	L_Src_Sup 1.8535e-01 (3.7740e-01)	L_Trg_Inj 3.5173e-01 (4.9019e-01)	Loss Disc 6.8319e-01 (6.9212e-01)	Loss Pred 9.6562e-01 (9.8711e-01)	Loss TOTAL 1.3609e+00 (1.4344e+00)
Epoch: [0][190/313]	L_Src_Sup 2.4633e-01 (3.7017e-01)	L_Trg_Inj 4.4709e-01 (4.8315e-01)	Loss Disc 6.8125e-01 (6.9168e-01)	Loss Pred 9.6029e-01 (9.8631e-01)	Loss TOTAL 1.3703e+00 (1.4321e+00)
Epoch: [0][200/313]	L_Src_Sup 1.9669e-01 (3.6298e-01)	L_Trg_Inj 6.1075e-01 (4.7669e-01)	Loss Disc 6.8543e-01 (6.9136e-01)	Loss Pred 9.5482e-01 (9.8535e-01)	Loss TOTAL 1.3783e+00 (1.4293e+00)
Epoch: [0][210/313]	L_Src_Sup 2.0813e-01 (3.5630e-01)	L_Trg_Inj 4.8959e-01 (4.7301e-01)	Loss Disc 6.8525e-01 (6.9122e-01)	Loss Pred 9.7055e-01 (9.8452e-01)	Loss TOTAL 1.3829e+00 (1.4269e+00)
Epoch: [0][220/313]	L_Src_Sup 2.5579e-01 (3.4828e-01)	L_Trg_Inj 4.1240e-01 (4.6815e-01)	Loss Disc 6.8465e-01 (6.9104e-01)	Loss Pred 9.8573e-01 (9.8438e-01)	Loss TOTAL 1.3949e+00 (1.4250e+00)
Epoch: [0][230/313]	L_Src_Sup 1.9652e-01 (3.4186e-01)	L_Trg_Inj 4.3260e-01 (4.6152e-01)	Loss Disc 6.8630e-01 (6.9090e-01)	Loss Pred 9.9038e-01 (9.8423e-01)	Loss TOTAL 1.3964e+00 (1.4233e+00)
Epoch: [0][240/313]	L_Src_Sup 1.7745e-01 (3.3595e-01)	L_Trg_Inj 2.1094e-01 (4.5338e-01)	Loss Disc 6.9216e-01 (6.9085e-01)	Loss Pred 1.0048e+00 (9.8383e-01)	Loss TOTAL 1.3898e+00 (1.4209e+00)
Epoch: [0][250/313]	L_Src_Sup 1.9642e-01 (3.2978e-01)	L_Trg_Inj 3.2523e-01 (4.4748e-01)	Loss Disc 6.8417e-01 (6.9076e-01)	Loss Pred 9.8440e-01 (9.8402e-01)	Loss TOTAL 1.3786e+00 (1.4194e+00)
Epoch: [0][260/313]	L_Src_Sup 1.7582e-01 (3.2548e-01)	L_Trg_Inj 3.0439e-01 (4.4281e-01)	Loss Disc 6.8967e-01 (6.9077e-01)	Loss Pred 9.8912e-01 (9.8335e-01)	Loss TOTAL 1.3820e+00 (1.4178e+00)
Epoch: [0][270/313]	L_Src_Sup 1.5105e-01 (3.2240e-01)	L_Trg_Inj 3.8519e-01 (4.3831e-01)	Loss Disc 6.8480e-01 (6.9069e-01)	Loss Pred 9.7936e-01 (9.8305e-01)	Loss TOTAL 1.3754e+00 (1.4163e+00)
Epoch: [0][280/313]	L_Src_Sup 2.0099e-01 (3.1847e-01)	L_Trg_Inj 3.0285e-01 (4.3317e-01)	Loss Disc 6.9149e-01 (6.9066e-01)	Loss Pred 9.4643e-01 (9.8256e-01)	Loss TOTAL 1.3426e+00 (1.4150e+00)
Epoch: [0][290/313]	L_Src_Sup 2.5111e-01 (3.1492e-01)	L_Trg_Inj 3.0156e-01 (4.2789e-01)	Loss Disc 6.9080e-01 (6.9066e-01)	Loss Pred 9.6952e-01 (9.8221e-01)	Loss TOTAL 1.3702e+00 (1.4136e+00)
Epoch: [0][300/313]	L_Src_Sup 3.0460e-01 (3.1293e-01)	L_Trg_Inj 3.4528e-01 (4.2347e-01)	Loss Disc 6.8549e-01 (6.9061e-01)	Loss Pred 9.7470e-01 (9.8221e-01)	Loss TOTAL 1.3824e+00 (1.4132e+00)
Epoch: [0][310/313]	L_Src_Sup 1.7916e-01 (3.0914e-01)	L_Trg_Inj 3.9864e-01 (4.2053e-01)	Loss Disc 6.8385e-01 (6.9052e-01)	Loss Pred 9.5200e-01 (9.8180e-01)	Loss TOTAL 1.3517e+00 (1.4117e+00)
Epoch: [0][313/313]	L_Src_Sup 2.6227e-01 (3.0811e-01)	L_Trg_Inj 3.0714e-01 (4.1884e-01)	Loss Disc 6.8628e-01 (6.9051e-01)	Loss Pred 9.8781e-01 (9.8182e-01)	Loss TOTAL 1.3879e+00 (1.4113e+00)
Epoch 0 complete. Saving model state...
Epoch: [1][ 10/313]	L_Src_Sup 2.4989e-01 (2.1077e-01)	L_Trg_Inj 2.4615e-01 (2.6841e-01)	Loss Disc 6.8958e-01 (6.8945e-01)	Loss Pred 9.6552e-01 (9.7787e-01)	Loss TOTAL 1.3637e+00 (1.3721e+00)
Epoch: [1][ 20/313]	L_Src_Sup 2.7959e-01 (2.0905e-01)	L_Trg_Inj 3.2760e-01 (2.9518e-01)	Loss Disc 6.8894e-01 (6.8863e-01)	Loss Pred 9.7863e-01 (9.7821e-01)	Loss TOTAL 1.3838e+00 (1.3737e+00)
Epoch: [1][ 30/313]	L_Src_Sup 3.1060e-01 (2.0765e-01)	L_Trg_Inj 3.9575e-01 (3.0014e-01)	Loss Disc 6.8557e-01 (6.8859e-01)	Loss Pred 9.6511e-01 (9.7605e-01)	Loss TOTAL 1.3785e+00 (1.3719e+00)
Epoch: [1][ 40/313]	L_Src_Sup 2.1346e-01 (2.0364e-01)	L_Trg_Inj 3.9825e-01 (2.9107e-01)	Loss Disc 6.8761e-01 (6.8905e-01)	Loss Pred 9.8149e-01 (9.7726e-01)	Loss TOTAL 1.3865e+00 (1.3745e+00)
Epoch: [1][ 50/313]	L_Src_Sup 2.0730e-01 (2.0095e-01)	L_Trg_Inj 2.7615e-01 (2.8961e-01)	Loss Disc 6.8974e-01 (6.8933e-01)	Loss Pred 9.6469e-01 (9.7442e-01)	Loss TOTAL 1.3579e+00 (1.3719e+00)
Epoch: [1][ 60/313]	L_Src_Sup 6.1633e-01 (2.0496e-01)	L_Trg_Inj 6.0917e-01 (2.9289e-01)	Loss Disc 6.9183e-01 (6.8948e-01)	Loss Pred 9.4828e-01 (9.7468e-01)	Loss TOTAL 1.4239e+00 (1.3747e+00)
Epoch: [1][ 70/313]	L_Src_Sup 2.7506e-01 (2.1545e-01)	L_Trg_Inj 4.5266e-01 (2.9478e-01)	Loss Disc 6.8802e-01 (6.8959e-01)	Loss Pred 9.4044e-01 (9.7461e-01)	Loss TOTAL 1.3572e+00 (1.3804e+00)
Epoch: [1][ 80/313]	L_Src_Sup 1.9698e-01 (2.1669e-01)	L_Trg_Inj 3.5512e-01 (3.0595e-01)	Loss Disc 6.8633e-01 (6.8933e-01)	Loss Pred 9.5733e-01 (9.7496e-01)	Loss TOTAL 1.3557e+00 (1.3808e+00)
Epoch: [1][ 90/313]	L_Src_Sup 1.9824e-01 (2.1672e-01)	L_Trg_Inj 1.9920e-01 (3.0596e-01)	Loss Disc 6.9112e-01 (6.8939e-01)	Loss Pred 9.6976e-01 (9.7517e-01)	Loss TOTAL 1.3551e+00 (1.3808e+00)
Epoch: [1][100/313]	L_Src_Sup 1.5614e-01 (2.1861e-01)	L_Trg_Inj 2.5047e-01 (3.0992e-01)	Loss Disc 6.8962e-01 (6.8923e-01)	Loss Pred 9.8996e-01 (9.7602e-01)	Loss TOTAL 1.3754e+00 (1.3813e+00)
Epoch: [1][110/313]	L_Src_Sup 1.5523e-01 (2.1840e-01)	L_Trg_Inj 2.3359e-01 (3.0727e-01)	Loss Disc 6.9258e-01 (6.8925e-01)	Loss Pred 9.9792e-01 (9.7568e-01)	Loss TOTAL 1.3831e+00 (1.3802e+00)
Epoch: [1][120/313]	L_Src_Sup 3.3738e-01 (2.2183e-01)	L_Trg_Inj 2.4814e-01 (3.0718e-01)	Loss Disc 6.8970e-01 (6.8918e-01)	Loss Pred 9.5024e-01 (9.7567e-01)	Loss TOTAL 1.4429e+00 (1.3809e+00)
Epoch: [1][130/313]	L_Src_Sup 2.4483e-01 (2.2202e-01)	L_Trg_Inj 2.6123e-01 (3.0757e-01)	Loss Disc 6.9130e-01 (6.8917e-01)	Loss Pred 9.5752e-01 (9.7513e-01)	Loss TOTAL 1.3538e+00 (1.3800e+00)
Epoch: [1][140/313]	L_Src_Sup 1.5087e-01 (2.2026e-01)	L_Trg_Inj 3.1835e-01 (3.0642e-01)	Loss Disc 6.8995e-01 (6.8920e-01)	Loss Pred 9.8088e-01 (9.7572e-01)	Loss TOTAL 1.3728e+00 (1.3798e+00)
Epoch: [1][150/313]	L_Src_Sup 1.7373e-01 (2.1850e-01)	L_Trg_Inj 2.3734e-01 (3.0521e-01)	Loss Disc 6.9025e-01 (6.8926e-01)	Loss Pred 9.8392e-01 (9.7609e-01)	Loss TOTAL 1.3702e+00 (1.3799e+00)
Epoch: [1][160/313]	L_Src_Sup 2.3056e-01 (2.1774e-01)	L_Trg_Inj 3.2174e-01 (3.0353e-01)	Loss Disc 6.9131e-01 (6.8938e-01)	Loss Pred 9.6742e-01 (9.7555e-01)	Loss TOTAL 1.3683e+00 (1.3787e+00)
Epoch: [1][170/313]	L_Src_Sup 2.6846e-01 (2.1576e-01)	L_Trg_Inj 2.7051e-01 (3.0193e-01)	Loss Disc 6.9066e-01 (6.8950e-01)	Loss Pred 9.8255e-01 (9.7554e-01)	Loss TOTAL 1.3818e+00 (1.3781e+00)
Epoch: [1][180/313]	L_Src_Sup 1.4810e-01 (2.1375e-01)	L_Trg_Inj 2.4424e-01 (2.9947e-01)	Loss Disc 6.9194e-01 (6.8963e-01)	Loss Pred 9.8082e-01 (9.7488e-01)	Loss TOTAL 1.3660e+00 (1.3768e+00)
Epoch: [1][190/313]	L_Src_Sup 2.0129e-01 (2.1260e-01)	L_Trg_Inj 2.0643e-01 (2.9755e-01)	Loss Disc 6.9268e-01 (6.8977e-01)	Loss Pred 9.6690e-01 (9.7433e-01)	Loss TOTAL 1.3540e+00 (1.3761e+00)
Epoch: [1][200/313]	L_Src_Sup 2.7732e-01 (2.1130e-01)	L_Trg_Inj 1.8791e-01 (2.9674e-01)	Loss Disc 6.9237e-01 (6.8982e-01)	Loss Pred 9.7233e-01 (9.7357e-01)	Loss TOTAL 1.4544e+00 (1.3760e+00)
Epoch: [1][210/313]	L_Src_Sup 2.1529e-01 (2.1056e-01)	L_Trg_Inj 2.8907e-01 (2.9862e-01)	Loss Disc 6.9244e-01 (6.8987e-01)	Loss Pred 9.6007e-01 (9.7374e-01)	Loss TOTAL 1.3567e+00 (1.3760e+00)
Epoch: [1][220/313]	L_Src_Sup 1.5322e-01 (2.0924e-01)	L_Trg_Inj 2.0008e-01 (2.9655e-01)	Loss Disc 6.9332e-01 (6.8996e-01)	Loss Pred 9.7733e-01 (9.7379e-01)	Loss TOTAL 1.3593e+00 (1.3758e+00)
Epoch: [1][230/313]	L_Src_Sup 3.7134e-01 (2.0916e-01)	L_Trg_Inj 3.8747e-01 (2.9582e-01)	Loss Disc 6.9150e-01 (6.9004e-01)	Loss Pred 9.6497e-01 (9.7340e-01)	Loss TOTAL 1.3866e+00 (1.3755e+00)
Epoch: [1][240/313]	L_Src_Sup 2.0894e-01 (2.0884e-01)	L_Trg_Inj 2.6861e-01 (2.9645e-01)	Loss Disc 6.9166e-01 (6.9010e-01)	Loss Pred 9.4985e-01 (9.7255e-01)	Loss TOTAL 1.3434e+00 (1.3748e+00)
Epoch: [1][250/313]	L_Src_Sup 1.2777e-01 (2.0862e-01)	L_Trg_Inj 2.8845e-01 (2.9624e-01)	Loss Disc 6.9088e-01 (6.9014e-01)	Loss Pred 8.9613e-01 (9.7119e-01)	Loss TOTAL 1.2832e+00 (1.3734e+00)
Epoch: [1][260/313]	L_Src_Sup 3.3883e-01 (2.0834e-01)	L_Trg_Inj 9.7435e-02 (2.9439e-01)	Loss Disc 6.9053e-01 (6.9019e-01)	Loss Pred 9.1450e-01 (9.6951e-01)	Loss TOTAL 1.5448e+00 (1.3722e+00)
Epoch: [1][270/313]	L_Src_Sup 3.9772e-01 (2.1099e-01)	L_Trg_Inj 3.9209e-01 (2.9636e-01)	Loss Disc 6.8983e-01 (6.9016e-01)	Loss Pred 9.4940e-01 (9.6864e-01)	Loss TOTAL 1.3789e+00 (1.3721e+00)
Epoch: [1][280/313]	L_Src_Sup 1.5241e-01 (2.1444e-01)	L_Trg_Inj 2.4999e-01 (2.9793e-01)	Loss Disc 6.8805e-01 (6.9010e-01)	Loss Pred 9.3421e-01 (9.6757e-01)	Loss TOTAL 1.3185e+00 (1.3727e+00)
Epoch: [1][290/313]	L_Src_Sup 2.4204e-01 (2.1503e-01)	L_Trg_Inj 3.9747e-01 (2.9907e-01)	Loss Disc 6.8239e-01 (6.8983e-01)	Loss Pred 9.1829e-01 (9.6616e-01)	Loss TOTAL 1.3234e+00 (1.3717e+00)
Epoch: [1][300/313]	L_Src_Sup 2.2022e-01 (2.1581e-01)	L_Trg_Inj 3.6308e-01 (3.0311e-01)	Loss Disc 6.8391e-01 (6.8963e-01)	Loss Pred 8.7112e-01 (9.6373e-01)	Loss TOTAL 1.2714e+00 (1.3695e+00)
Epoch: [1][310/313]	L_Src_Sup 1.7255e-01 (2.1671e-01)	L_Trg_Inj 3.3027e-01 (3.0577e-01)	Loss Disc 6.7843e-01 (6.8943e-01)	Loss Pred 8.6945e-01 (9.6066e-01)	Loss TOTAL 1.2589e+00 (1.3666e+00)
Epoch: [1][313/313]	L_Src_Sup 9.0077e-02 (2.1592e-01)	L_Trg_Inj 2.0106e-01 (3.0540e-01)	Loss Disc 7.0055e-01 (6.8945e-01)	Loss Pred 8.6464e-01 (9.5973e-01)	Loss TOTAL 1.2440e+00 (1.3655e+00)
Epoch 1 complete. Saving model state...
Epoch: [2][ 10/313]	L_Src_Sup 2.3342e-01 (2.2026e-01)	L_Trg_Inj 3.6109e-01 (3.8248e-01)	Loss Disc 6.9366e-01 (6.8593e-01)	Loss Pred 8.3276e-01 (8.5270e-01)	Loss TOTAL 1.2390e+00 (1.2619e+00)
Epoch: [2][ 20/313]	L_Src_Sup 1.4649e-01 (1.9673e-01)	L_Trg_Inj 2.3443e-01 (3.3423e-01)	Loss Disc 6.9349e-01 (6.8795e-01)	Loss Pred 7.9355e-01 (8.4039e-01)	Loss TOTAL 1.1784e+00 (1.2405e+00)
Epoch: [2][ 30/313]	L_Src_Sup 2.5884e-01 (2.0378e-01)	L_Trg_Inj 4.0408e-01 (3.6516e-01)	Loss Disc 6.9375e-01 (6.8933e-01)	Loss Pred 8.0098e-01 (8.3145e-01)	Loss TOTAL 1.2141e+00 (1.2365e+00)
Epoch: [2][ 40/313]	L_Src_Sup 1.4198e-01 (2.1075e-01)	L_Trg_Inj 3.5515e-01 (3.5245e-01)	Loss Disc 6.9414e-01 (6.8994e-01)	Loss Pred 7.8802e-01 (8.2633e-01)	Loss TOTAL 1.1848e+00 (1.2303e+00)
Epoch: [2][ 50/313]	L_Src_Sup 1.9297e-01 (2.1580e-01)	L_Trg_Inj 2.9382e-01 (3.4264e-01)	Loss Disc 6.9173e-01 (6.9048e-01)	Loss Pred 7.9543e-01 (8.1953e-01)	Loss TOTAL 1.1900e+00 (1.2237e+00)
Epoch: [2][ 60/313]	L_Src_Sup 1.8738e-01 (2.1189e-01)	L_Trg_Inj 3.5879e-01 (3.3593e-01)	Loss Disc 6.9446e-01 (6.9117e-01)	Loss Pred 7.5984e-01 (8.1245e-01)	Loss TOTAL 1.1617e+00 (1.2157e+00)
Epoch: [2][ 70/313]	L_Src_Sup 1.5090e-01 (2.1574e-01)	L_Trg_Inj 3.9025e-01 (3.2824e-01)	Loss Disc 6.9297e-01 (6.9144e-01)	Loss Pred 7.7360e-01 (8.0926e-01)	Loss TOTAL 1.1742e+00 (1.2148e+00)
Epoch: [2][ 80/313]	L_Src_Sup 1.5869e-01 (2.1584e-01)	L_Trg_Inj 2.9253e-01 (3.3034e-01)	Loss Disc 6.9182e-01 (6.9152e-01)	Loss Pred 7.8653e-01 (8.0546e-01)	Loss TOTAL 1.1776e+00 (1.2106e+00)
Epoch: [2][ 90/313]	L_Src_Sup 3.0494e-01 (2.1586e-01)	L_Trg_Inj 4.4613e-01 (3.3339e-01)	Loss Disc 6.9361e-01 (6.9169e-01)	Loss Pred 7.7136e-01 (8.0181e-01)	Loss TOTAL 1.1933e+00 (1.2073e+00)
Epoch: [2][100/313]	L_Src_Sup 2.1718e-01 (2.1550e-01)	L_Trg_Inj 3.2019e-01 (3.2982e-01)	Loss Disc 6.9268e-01 (6.9182e-01)	Loss Pred 7.6505e-01 (7.9761e-01)	Loss TOTAL 1.1651e+00 (1.2030e+00)
Epoch: [2][110/313]	L_Src_Sup 2.3048e-01 (2.1511e-01)	L_Trg_Inj 2.8766e-01 (3.2818e-01)	Loss Disc 6.9460e-01 (6.9195e-01)	Loss Pred 7.3875e-01 (7.9332e-01)	Loss TOTAL 1.1379e+00 (1.1982e+00)
Epoch: [2][120/313]	L_Src_Sup 1.4233e-01 (2.1376e-01)	L_Trg_Inj 3.4674e-01 (3.2464e-01)	Loss Disc 6.8943e-01 (6.9192e-01)	Loss Pred 7.3962e-01 (7.9035e-01)	Loss TOTAL 1.1332e+00 (1.1962e+00)
Epoch: [2][130/313]	L_Src_Sup 1.9464e-01 (2.1181e-01)	L_Trg_Inj 2.2872e-01 (3.2231e-01)	Loss Disc 6.8922e-01 (6.9163e-01)	Loss Pred 7.5077e-01 (7.8683e-01)	Loss TOTAL 1.1377e+00 (1.1916e+00)
Epoch: [2][140/313]	L_Src_Sup 1.9329e-01 (2.1055e-01)	L_Trg_Inj 1.8815e-01 (3.1994e-01)	Loss Disc 6.8894e-01 (6.9131e-01)	Loss Pred 7.4994e-01 (7.8360e-01)	Loss TOTAL 1.1377e+00 (1.1875e+00)
Epoch: [2][150/313]	L_Src_Sup 2.5776e-01 (2.1141e-01)	L_Trg_Inj 3.5347e-01 (3.2051e-01)	Loss Disc 6.8152e-01 (6.9104e-01)	Loss Pred 7.1764e-01 (7.8116e-01)	Loss TOTAL 1.1195e+00 (1.1853e+00)
Epoch: [2][160/313]	L_Src_Sup 2.0182e-01 (2.1151e-01)	L_Trg_Inj 2.4943e-01 (3.1711e-01)	Loss Disc 6.9106e-01 (6.9084e-01)	Loss Pred 7.4057e-01 (7.7890e-01)	Loss TOTAL 1.1312e+00 (1.1837e+00)
Epoch: [2][170/313]	L_Src_Sup 2.3267e-01 (2.1302e-01)	L_Trg_Inj 3.1608e-01 (3.1702e-01)	Loss Disc 6.8894e-01 (6.9071e-01)	Loss Pred 7.3185e-01 (7.7649e-01)	Loss TOTAL 1.1312e+00 (1.1810e+00)
Epoch: [2][180/313]	L_Src_Sup 2.3599e-01 (2.1173e-01)	L_Trg_Inj 3.1023e-01 (3.1493e-01)	Loss Disc 6.9008e-01 (6.9071e-01)	Loss Pred 7.1322e-01 (7.7453e-01)	Loss TOTAL 1.1129e+00 (1.1790e+00)
Epoch: [2][190/313]	L_Src_Sup 2.1566e-01 (2.1721e-01)	L_Trg_Inj 3.0920e-01 (3.1442e-01)	Loss Disc 6.8007e-01 (6.9052e-01)	Loss Pred 7.6361e-01 (7.7428e-01)	Loss TOTAL 1.1561e+00 (1.1824e+00)
Epoch: [2][200/313]	L_Src_Sup 1.3852e-01 (2.1613e-01)	L_Trg_Inj 3.3514e-01 (3.1492e-01)	Loss Disc 6.8571e-01 (6.8984e-01)	Loss Pred 7.5805e-01 (7.7311e-01)	Loss TOTAL 1.1483e+00 (1.1804e+00)
Epoch: [2][210/313]	L_Src_Sup 1.7723e-01 (2.1576e-01)	L_Trg_Inj 2.4892e-01 (3.1376e-01)	Loss Disc 6.8512e-01 (6.8923e-01)	Loss Pred 7.6629e-01 (7.7129e-01)	Loss TOTAL 1.1515e+00 (1.1777e+00)
Epoch: [2][220/313]	L_Src_Sup 2.3442e-01 (2.1590e-01)	L_Trg_Inj 3.5826e-01 (3.1400e-01)	Loss Disc 6.8915e-01 (6.8892e-01)	Loss Pred 7.4681e-01 (7.6926e-01)	Loss TOTAL 1.1507e+00 (1.1756e+00)
Epoch: [2][230/313]	L_Src_Sup 1.8419e-01 (2.1515e-01)	L_Trg_Inj 1.8560e-01 (3.1316e-01)	Loss Disc 6.8703e-01 (6.8868e-01)	Loss Pred 7.1432e-01 (7.6736e-01)	Loss TOTAL 1.0948e+00 (1.1738e+00)
Epoch: [2][240/313]	L_Src_Sup 6.8593e-02 (2.1533e-01)	L_Trg_Inj 2.3726e-01 (3.1468e-01)	Loss Disc 6.7665e-01 (6.8857e-01)	Loss Pred 7.3263e-01 (7.6564e-01)	Loss TOTAL 1.1015e+00 (1.1720e+00)
Epoch: [2][250/313]	L_Src_Sup 2.4183e-01 (2.1538e-01)	L_Trg_Inj 2.6109e-01 (3.1445e-01)	Loss Disc 6.9076e-01 (6.8818e-01)	Loss Pred 7.2539e-01 (7.6400e-01)	Loss TOTAL 1.1211e+00 (1.1699e+00)
Epoch: [2][260/313]	L_Src_Sup 2.6024e-01 (2.1382e-01)	L_Trg_Inj 4.5161e-01 (3.1375e-01)	Loss Disc 6.8823e-01 (6.8819e-01)	Loss Pred 7.1928e-01 (7.6248e-01)	Loss TOTAL 1.1346e+00 (1.1681e+00)
Epoch: [2][270/313]	L_Src_Sup 2.5851e-01 (2.1748e-01)	L_Trg_Inj 3.0704e-01 (3.1509e-01)	Loss Disc 6.8829e-01 (6.8819e-01)	Loss Pred 7.0813e-01 (7.6067e-01)	Loss TOTAL 1.1088e+00 (1.1679e+00)
Epoch: [2][280/313]	L_Src_Sup 1.4598e-01 (2.1748e-01)	L_Trg_Inj 2.4868e-01 (3.1474e-01)	Loss Disc 6.8447e-01 (6.8793e-01)	Loss Pred 7.2325e-01 (7.5893e-01)	Loss TOTAL 1.1049e+00 (1.1664e+00)
Epoch: [2][290/313]	L_Src_Sup 2.5446e-01 (2.1844e-01)	L_Trg_Inj 2.6652e-01 (3.1437e-01)	Loss Disc 6.8370e-01 (6.8772e-01)	Loss Pred 7.1152e-01 (7.5731e-01)	Loss TOTAL 1.1055e+00 (1.1648e+00)
Epoch: [2][300/313]	L_Src_Sup 3.1823e-01 (2.1931e-01)	L_Trg_Inj 2.3914e-01 (3.1373e-01)	Loss Disc 6.8567e-01 (6.8754e-01)	Loss Pred 7.0424e-01 (7.5548e-01)	Loss TOTAL 1.1819e+00 (1.1633e+00)
Epoch: [2][310/313]	L_Src_Sup 1.8408e-01 (2.1867e-01)	L_Trg_Inj 2.0069e-01 (3.1335e-01)	Loss Disc 6.8667e-01 (6.8736e-01)	Loss Pred 6.9896e-01 (7.5387e-01)	Loss TOTAL 1.0808e+00 (1.1613e+00)
Epoch: [2][313/313]	L_Src_Sup 2.4479e-01 (2.1889e-01)	L_Trg_Inj 2.5933e-01 (3.1283e-01)	Loss Disc 6.8138e-01 (6.8733e-01)	Loss Pred 6.8673e-01 (7.5339e-01)	Loss TOTAL 1.0778e+00 (1.1607e+00)
Epoch 2 complete. Saving model state...
Epoch: [3][ 10/313]	L_Src_Sup 2.5295e-01 (2.2497e-01)	L_Trg_Inj 2.0657e-01 (2.7557e-01)	Loss Disc 6.8967e-01 (6.8405e-01)	Loss Pred 6.9823e-01 (6.9850e-01)	Loss TOTAL 1.1354e+00 (1.1076e+00)
Epoch: [3][ 20/313]	L_Src_Sup 2.1795e-01 (2.0350e-01)	L_Trg_Inj 2.9102e-01 (2.8415e-01)	Loss Disc 6.8397e-01 (6.8491e-01)	Loss Pred 7.1692e-01 (7.0134e-01)	Loss TOTAL 1.1098e+00 (1.1031e+00)
Epoch: [3][ 30/313]	L_Src_Sup 1.7917e-01 (1.9626e-01)	L_Trg_Inj 2.1465e-01 (2.8363e-01)	Loss Disc 6.9230e-01 (6.8582e-01)	Loss Pred 6.9005e-01 (7.0028e-01)	Loss TOTAL 1.0756e+00 (1.0982e+00)
Epoch: [3][ 40/313]	L_Src_Sup 1.8356e-01 (2.0554e-01)	L_Trg_Inj 2.7526e-01 (2.8271e-01)	Loss Disc 6.8998e-01 (6.8656e-01)	Loss Pred 6.8243e-01 (6.9957e-01)	Loss TOTAL 1.0733e+00 (1.1031e+00)
Epoch: [3][ 50/313]	L_Src_Sup 2.9525e-01 (2.0717e-01)	L_Trg_Inj 2.1623e-01 (2.7876e-01)	Loss Disc 6.8984e-01 (6.8703e-01)	Loss Pred 7.0308e-01 (6.9887e-01)	Loss TOTAL 1.1782e+00 (1.1048e+00)
Epoch: [3][ 60/313]	L_Src_Sup 2.7893e-01 (2.0753e-01)	L_Trg_Inj 3.7933e-01 (2.7904e-01)	Loss Disc 6.8413e-01 (6.8716e-01)	Loss Pred 6.8735e-01 (6.9788e-01)	Loss TOTAL 1.0952e+00 (1.1029e+00)
Epoch: [3][ 70/313]	L_Src_Sup 2.3839e-01 (2.0986e-01)	L_Trg_Inj 3.2366e-01 (2.7713e-01)	Loss Disc 6.8961e-01 (6.8770e-01)	Loss Pred 6.8945e-01 (6.9656e-01)	Loss TOTAL 1.0905e+00 (1.1026e+00)
Epoch: [3][ 80/313]	L_Src_Sup 1.5209e-01 (2.0819e-01)	L_Trg_Inj 2.6268e-01 (2.8275e-01)	Loss Disc 6.9054e-01 (6.8811e-01)	Loss Pred 6.8760e-01 (6.9531e-01)	Loss TOTAL 1.0744e+00 (1.1003e+00)
Epoch: [3][ 90/313]	L_Src_Sup 1.3141e-01 (2.0598e-01)	L_Trg_Inj 2.0128e-01 (2.8136e-01)	Loss Disc 6.9210e-01 (6.8848e-01)	Loss Pred 6.8597e-01 (6.9377e-01)	Loss TOTAL 1.0653e+00 (1.0977e+00)
Epoch: [3][100/313]	L_Src_Sup 2.2921e-01 (2.0601e-01)	L_Trg_Inj 3.4279e-01 (2.8350e-01)	Loss Disc 6.9230e-01 (6.8875e-01)	Loss Pred 6.9409e-01 (6.9172e-01)	Loss TOTAL 1.0974e+00 (1.0965e+00)
Epoch: [3][110/313]	L_Src_Sup 1.0790e-01 (2.0531e-01)	L_Trg_Inj 2.9122e-01 (2.8133e-01)	Loss Disc 6.8430e-01 (6.8873e-01)	Loss Pred 6.7901e-01 (6.9094e-01)	Loss TOTAL 1.0611e+00 (1.0958e+00)
Epoch: [3][120/313]	L_Src_Sup 3.4396e-01 (2.0950e-01)	L_Trg_Inj 2.3379e-01 (2.8387e-01)	Loss Disc 6.9360e-01 (6.8844e-01)	Loss Pred 6.9903e-01 (6.9025e-01)	Loss TOTAL 1.2138e+00 (1.0961e+00)
Epoch: [3][130/313]	L_Src_Sup 1.4146e-01 (2.0711e-01)	L_Trg_Inj 3.2108e-01 (2.8728e-01)	Loss Disc 6.8535e-01 (6.8827e-01)	Loss Pred 6.5852e-01 (6.8879e-01)	Loss TOTAL 1.0474e+00 (1.0938e+00)
Epoch: [3][140/313]	L_Src_Sup 1.0987e-01 (2.0667e-01)	L_Trg_Inj 4.6802e-01 (2.8904e-01)	Loss Disc 6.8409e-01 (6.8835e-01)	Loss Pred 6.7681e-01 (6.8803e-01)	Loss TOTAL 1.0766e+00 (1.0926e+00)
Epoch: [3][150/313]	L_Src_Sup 2.7481e-01 (2.0597e-01)	L_Trg_Inj 2.7273e-01 (2.8838e-01)	Loss Disc 6.9324e-01 (6.8841e-01)	Loss Pred 7.0265e-01 (6.8743e-01)	Loss TOTAL 1.1061e+00 (1.0912e+00)
Epoch: [3][160/313]	L_Src_Sup 2.2470e-01 (2.0681e-01)	L_Trg_Inj 2.9666e-01 (2.8809e-01)	Loss Disc 6.8950e-01 (6.8830e-01)	Loss Pred 6.7739e-01 (6.8631e-01)	Loss TOTAL 1.0743e+00 (1.0899e+00)
Epoch: [3][170/313]	L_Src_Sup 1.9232e-01 (2.0666e-01)	L_Trg_Inj 1.6587e-01 (2.8637e-01)	Loss Disc 6.8853e-01 (6.8829e-01)	Loss Pred 6.3601e-01 (6.8447e-01)	Loss TOTAL 1.0425e+00 (1.0878e+00)
Epoch: [3][180/313]	L_Src_Sup 2.0661e-01 (2.0566e-01)	L_Trg_Inj 3.8368e-01 (2.8687e-01)	Loss Disc 6.8904e-01 (6.8834e-01)	Loss Pred 6.5427e-01 (6.8319e-01)	Loss TOTAL 1.0578e+00 (1.0867e+00)
Epoch: [3][190/313]	L_Src_Sup 1.6835e-01 (2.0525e-01)	L_Trg_Inj 3.3745e-01 (2.8576e-01)	Loss Disc 6.8987e-01 (6.8850e-01)	Loss Pred 6.5487e-01 (6.8176e-01)	Loss TOTAL 1.0504e+00 (1.0849e+00)
Epoch: [3][200/313]	L_Src_Sup 2.7656e-01 (2.0487e-01)	L_Trg_Inj 2.6425e-01 (2.8627e-01)	Loss Disc 6.9059e-01 (6.8860e-01)	Loss Pred 6.5511e-01 (6.8064e-01)	Loss TOTAL 1.0668e+00 (1.0840e+00)
Epoch: [3][210/313]	L_Src_Sup 2.8258e-01 (2.0304e-01)	L_Trg_Inj 2.8012e-01 (2.8589e-01)	Loss Disc 6.9005e-01 (6.8870e-01)	Loss Pred 6.5872e-01 (6.7927e-01)	Loss TOTAL 1.0625e+00 (1.0820e+00)
Epoch: [3][220/313]	L_Src_Sup 2.2724e-01 (2.0175e-01)	L_Trg_Inj 2.4859e-01 (2.8503e-01)	Loss Disc 6.9122e-01 (6.8881e-01)	Loss Pred 6.6836e-01 (6.7785e-01)	Loss TOTAL 1.0616e+00 (1.0800e+00)
Epoch: [3][230/313]	L_Src_Sup 2.2672e-01 (2.0140e-01)	L_Trg_Inj 3.0886e-01 (2.8534e-01)	Loss Disc 6.8823e-01 (6.8886e-01)	Loss Pred 6.3952e-01 (6.7671e-01)	Loss TOTAL 1.0372e+00 (1.0787e+00)
Epoch: [3][240/313]	L_Src_Sup 1.7020e-01 (2.0201e-01)	L_Trg_Inj 3.1184e-01 (2.8423e-01)	Loss Disc 6.8997e-01 (6.8893e-01)	Loss Pred 6.4600e-01 (6.7557e-01)	Loss TOTAL 1.0392e+00 (1.0783e+00)
Epoch: [3][250/313]	L_Src_Sup 2.4171e-01 (2.0144e-01)	L_Trg_Inj 3.4381e-01 (2.8508e-01)	Loss Disc 6.8458e-01 (6.8897e-01)	Loss Pred 6.5366e-01 (6.7444e-01)	Loss TOTAL 1.0545e+00 (1.0769e+00)
Epoch: [3][260/313]	L_Src_Sup 1.6087e-01 (2.0109e-01)	L_Trg_Inj 2.4893e-01 (2.8513e-01)	Loss Disc 6.8999e-01 (6.8908e-01)	Loss Pred 6.6323e-01 (6.7330e-01)	Loss TOTAL 1.0492e+00 (1.0754e+00)
Epoch: [3][270/313]	L_Src_Sup 1.2902e-01 (1.9946e-01)	L_Trg_Inj 3.1131e-01 (2.8521e-01)	Loss Disc 6.9108e-01 (6.8914e-01)	Loss Pred 6.4258e-01 (6.7202e-01)	Loss TOTAL 1.0322e+00 (1.0737e+00)
Epoch: [3][280/313]	L_Src_Sup 2.5244e-01 (2.0012e-01)	L_Trg_Inj 3.1156e-01 (2.8531e-01)	Loss Disc 6.9079e-01 (6.8916e-01)	Loss Pred 6.3405e-01 (6.7094e-01)	Loss TOTAL 1.0358e+00 (1.0731e+00)
Epoch: [3][290/313]	L_Src_Sup 1.9995e-01 (1.9997e-01)	L_Trg_Inj 2.2920e-01 (2.8550e-01)	Loss Disc 6.9053e-01 (6.8922e-01)	Loss Pred 6.4799e-01 (6.6991e-01)	Loss TOTAL 1.0362e+00 (1.0718e+00)
Epoch: [3][300/313]	L_Src_Sup 1.7622e-01 (2.0074e-01)	L_Trg_Inj 3.8981e-01 (2.8645e-01)	Loss Disc 6.8676e-01 (6.8926e-01)	Loss Pred 6.4350e-01 (6.6860e-01)	Loss TOTAL 1.0435e+00 (1.0706e+00)
Epoch: [3][310/313]	L_Src_Sup 1.8757e-01 (2.0129e-01)	L_Trg_Inj 3.5914e-01 (2.8611e-01)	Loss Disc 6.8751e-01 (6.8927e-01)	Loss Pred 6.2430e-01 (6.6750e-01)	Loss TOTAL 1.0227e+00 (1.0696e+00)
Epoch: [3][313/313]	L_Src_Sup 1.1887e-01 (2.0056e-01)	L_Trg_Inj 3.4337e-01 (2.8609e-01)	Loss Disc 6.8619e-01 (6.8925e-01)	Loss Pred 6.0691e-01 (6.6706e-01)	Loss TOTAL 9.9623e-01 (1.0690e+00)
Epoch 3 complete. Saving model state...
Epoch: [4][ 10/313]	L_Src_Sup 2.1047e-01 (1.7365e-01)	L_Trg_Inj 2.1809e-01 (2.5601e-01)	Loss Disc 6.9191e-01 (6.9015e-01)	Loss Pred 6.2529e-01 (6.3721e-01)	Loss TOTAL 1.0141e+00 (1.0274e+00)
Epoch: [4][ 20/313]	L_Src_Sup 2.4996e-01 (1.7875e-01)	L_Trg_Inj 1.8730e-01 (2.6770e-01)	Loss Disc 6.9412e-01 (6.9029e-01)	Loss Pred 6.4636e-01 (6.3546e-01)	Loss TOTAL 1.0998e+00 (1.0297e+00)
Epoch: [4][ 30/313]	L_Src_Sup 3.0759e-01 (1.9408e-01)	L_Trg_Inj 2.9656e-01 (2.7780e-01)	Loss Disc 6.8755e-01 (6.8991e-01)	Loss Pred 6.3435e-01 (6.3390e-01)	Loss TOTAL 1.0496e+00 (1.0294e+00)
Epoch: [4][ 40/313]	L_Src_Sup 2.9187e-01 (1.9106e-01)	L_Trg_Inj 2.3454e-01 (2.7812e-01)	Loss Disc 6.8965e-01 (6.8966e-01)	Loss Pred 6.3927e-01 (6.3179e-01)	Loss TOTAL 1.0941e+00 (1.0275e+00)
Epoch: [4][ 50/313]	L_Src_Sup 2.3523e-01 (1.9486e-01)	L_Trg_Inj 2.4962e-01 (2.8310e-01)	Loss Disc 6.8254e-01 (6.8925e-01)	Loss Pred 5.9214e-01 (6.2940e-01)	Loss TOTAL 9.8190e-01 (1.0251e+00)
Epoch: [4][ 60/313]	L_Src_Sup 2.4734e-01 (1.9484e-01)	L_Trg_Inj 1.7167e-01 (2.8388e-01)	Loss Disc 6.9188e-01 (6.8950e-01)	Loss Pred 6.0769e-01 (6.2854e-01)	Loss TOTAL 1.0712e+00 (1.0259e+00)
Epoch: [4][ 70/313]	L_Src_Sup 1.1233e-01 (1.9616e-01)	L_Trg_Inj 2.9635e-01 (2.8618e-01)	Loss Disc 6.9112e-01 (6.8971e-01)	Loss Pred 6.3389e-01 (6.2679e-01)	Loss TOTAL 1.0203e+00 (1.0239e+00)
Epoch: [4][ 80/313]	L_Src_Sup 1.7017e-01 (1.9246e-01)	L_Trg_Inj 2.7604e-01 (2.8891e-01)	Loss Disc 6.9136e-01 (6.8983e-01)	Loss Pred 6.1419e-01 (6.2605e-01)	Loss TOTAL 1.0045e+00 (1.0227e+00)
Epoch: [4][ 90/313]	L_Src_Sup 9.7970e-02 (1.9767e-01)	L_Trg_Inj 3.7426e-01 (2.9039e-01)	Loss Disc 6.8900e-01 (6.8991e-01)	Loss Pred 5.8328e-01 (6.2398e-01)	Loss TOTAL 9.7500e-01 (1.0217e+00)
Epoch: [4][100/313]	L_Src_Sup 1.0639e-01 (1.9632e-01)	L_Trg_Inj 2.8049e-01 (2.8937e-01)	Loss Disc 6.9125e-01 (6.9002e-01)	Loss Pred 6.1054e-01 (6.2316e-01)	Loss TOTAL 9.9485e-01 (1.0205e+00)
Epoch: [4][110/313]	L_Src_Sup 1.9192e-01 (1.9589e-01)	L_Trg_Inj 2.6443e-01 (2.9105e-01)	Loss Disc 6.9088e-01 (6.9009e-01)	Loss Pred 5.9745e-01 (6.2115e-01)	Loss TOTAL 9.8852e-01 (1.0184e+00)
Epoch: [4][120/313]	L_Src_Sup 1.7380e-01 (1.9801e-01)	L_Trg_Inj 2.6507e-01 (2.8962e-01)	Loss Disc 6.9155e-01 (6.9018e-01)	Loss Pred 6.1464e-01 (6.2057e-01)	Loss TOTAL 1.0043e+00 (1.0177e+00)
Epoch: [4][130/313]	L_Src_Sup 1.8930e-01 (1.9789e-01)	L_Trg_Inj 2.1038e-01 (2.9007e-01)	Loss Disc 6.9222e-01 (6.9023e-01)	Loss Pred 6.0165e-01 (6.1885e-01)	Loss TOTAL 9.8772e-01 (1.0158e+00)
Epoch: [4][140/313]	L_Src_Sup 1.2847e-01 (1.9883e-01)	L_Trg_Inj 3.1209e-01 (2.9053e-01)	Loss Disc 6.8966e-01 (6.9026e-01)	Loss Pred 6.0418e-01 (6.1843e-01)	Loss TOTAL 9.9306e-01 (1.0167e+00)
Epoch: [4][150/313]	L_Src_Sup 1.8338e-01 (1.9926e-01)	L_Trg_Inj 2.3402e-01 (2.8889e-01)	Loss Disc 6.9027e-01 (6.9026e-01)	Loss Pred 6.2940e-01 (6.1783e-01)	Loss TOTAL 1.0163e+00 (1.0157e+00)
Epoch: [4][160/313]	L_Src_Sup 2.1054e-01 (2.0100e-01)	L_Trg_Inj 3.2777e-01 (2.8858e-01)	Loss Disc 6.8764e-01 (6.9021e-01)	Loss Pred 6.3607e-01 (6.1712e-01)	Loss TOTAL 1.0337e+00 (1.0159e+00)
Epoch: [4][170/313]	L_Src_Sup 2.3969e-01 (2.0045e-01)	L_Trg_Inj 1.7176e-01 (2.8619e-01)	Loss Disc 6.9694e-01 (6.9030e-01)	Loss Pred 5.7669e-01 (6.1618e-01)	Loss TOTAL 1.0342e+00 (1.0152e+00)
Epoch: [4][180/313]	L_Src_Sup 1.3048e-01 (2.0007e-01)	L_Trg_Inj 2.4986e-01 (2.8408e-01)	Loss Disc 6.8726e-01 (6.9025e-01)	Loss Pred 6.0641e-01 (6.1621e-01)	Loss TOTAL 9.8807e-01 (1.0161e+00)
Epoch: [4][190/313]	L_Src_Sup 2.1749e-01 (1.9994e-01)	L_Trg_Inj 3.4322e-01 (2.8610e-01)	Loss Disc 6.8949e-01 (6.9028e-01)	Loss Pred 6.0522e-01 (6.1546e-01)	Loss TOTAL 1.0060e+00 (1.0155e+00)
Epoch: [4][200/313]	L_Src_Sup 1.5845e-01 (1.9793e-01)	L_Trg_Inj 2.9618e-01 (2.8676e-01)	Loss Disc 6.9052e-01 (6.9028e-01)	Loss Pred 5.6936e-01 (6.1441e-01)	Loss TOTAL 9.6008e-01 (1.0141e+00)
Epoch: [4][210/313]	L_Src_Sup 2.0653e-01 (1.9967e-01)	L_Trg_Inj 2.3428e-01 (2.8595e-01)	Loss Disc 6.9021e-01 (6.9030e-01)	Loss Pred 6.0391e-01 (6.1344e-01)	Loss TOTAL 9.9309e-01 (1.0134e+00)
Epoch: [4][220/313]	L_Src_Sup 2.9493e-01 (2.0185e-01)	L_Trg_Inj 4.8324e-01 (2.8751e-01)	Loss Disc 6.8901e-01 (6.9030e-01)	Loss Pred 6.0885e-01 (6.1299e-01)	Loss TOTAL 1.0312e+00 (1.0144e+00)
Epoch: [4][230/313]	L_Src_Sup 1.2357e-01 (2.0181e-01)	L_Trg_Inj 3.2834e-01 (2.9398e-01)	Loss Disc 6.9080e-01 (6.9020e-01)	Loss Pred 5.8181e-01 (6.1184e-01)	Loss TOTAL 9.7240e-01 (1.0135e+00)
Epoch: [4][240/313]	L_Src_Sup 2.0928e-01 (2.0336e-01)	L_Trg_Inj 2.4959e-01 (2.9435e-01)	Loss Disc 6.8752e-01 (6.9018e-01)	Loss Pred 6.2491e-01 (6.1146e-01)	Loss TOTAL 1.0146e+00 (1.0131e+00)
Epoch: [4][250/313]	L_Src_Sup 1.4268e-01 (2.0391e-01)	L_Trg_Inj 2.4982e-01 (2.9437e-01)	Loss Disc 6.9286e-01 (6.9019e-01)	Loss Pred 5.7806e-01 (6.1078e-01)	Loss TOTAL 9.6373e-01 (1.0126e+00)
Epoch: [4][260/313]	L_Src_Sup 1.3084e-01 (2.0373e-01)	L_Trg_Inj 3.8252e-01 (2.9431e-01)	Loss Disc 6.9113e-01 (6.9018e-01)	Loss Pred 5.3919e-01 (6.0992e-01)	Loss TOTAL 9.3610e-01 (1.0118e+00)
Epoch: [4][270/313]	L_Src_Sup 1.4581e-01 (2.0321e-01)	L_Trg_Inj 2.9092e-01 (2.9492e-01)	Loss Disc 6.9055e-01 (6.9017e-01)	Loss Pred 5.8277e-01 (6.0903e-01)	Loss TOTAL 9.7172e-01 (1.0107e+00)
Epoch: [4][280/313]	L_Src_Sup 1.8946e-01 (2.0303e-01)	L_Trg_Inj 3.1224e-01 (2.9413e-01)	Loss Disc 6.9053e-01 (6.9020e-01)	Loss Pred 5.8623e-01 (6.0814e-01)	Loss TOTAL 9.8167e-01 (1.0095e+00)
Epoch: [4][290/313]	L_Src_Sup 9.1958e-02 (2.0373e-01)	L_Trg_Inj 2.6597e-01 (2.9417e-01)	Loss Disc 6.9095e-01 (6.9022e-01)	Loss Pred 6.1846e-01 (6.0762e-01)	Loss TOTAL 9.9973e-01 (1.0095e+00)
Epoch: [4][300/313]	L_Src_Sup 2.8158e-01 (2.0439e-01)	L_Trg_Inj 2.6459e-01 (2.9382e-01)	Loss Disc 6.9290e-01 (6.9023e-01)	Loss Pred 5.5304e-01 (6.0736e-01)	Loss TOTAL 9.7109e-01 (1.0091e+00)
Epoch: [4][310/313]	L_Src_Sup 2.9921e-01 (2.0425e-01)	L_Trg_Inj 2.4877e-01 (2.9317e-01)	Loss Disc 6.9366e-01 (6.9022e-01)	Loss Pred 5.9071e-01 (6.0704e-01)	Loss TOTAL 1.0428e+00 (1.0088e+00)
Epoch: [4][313/313]	L_Src_Sup 1.5930e-01 (2.0391e-01)	L_Trg_Inj 2.8048e-01 (2.9314e-01)	Loss Disc 6.8986e-01 (6.9021e-01)	Loss Pred 6.1322e-01 (6.0699e-01)	Loss TOTAL 1.0021e+00 (1.0086e+00)
Epoch 4 complete. Saving model state...
Epoch: [5][ 10/313]	L_Src_Sup 2.4183e-01 (2.3420e-01)	L_Trg_Inj 3.1138e-01 (3.2085e-01)	Loss Disc 6.8931e-01 (6.9102e-01)	Loss Pred 6.0084e-01 (5.8600e-01)	Loss TOTAL 1.0008e+00 (9.8702e-01)
Epoch: [5][ 20/313]	L_Src_Sup 2.4493e-01 (2.3526e-01)	L_Trg_Inj 1.8722e-01 (3.0181e-01)	Loss Disc 6.9191e-01 (6.9061e-01)	Loss Pred 5.7258e-01 (5.8885e-01)	Loss TOTAL 1.0195e+00 (9.9681e-01)
Epoch: [5][ 30/313]	L_Src_Sup 8.4245e-02 (2.2147e-01)	L_Trg_Inj 3.3035e-01 (2.9240e-01)	Loss Disc 6.9042e-01 (6.9045e-01)	Loss Pred 5.8436e-01 (5.9367e-01)	Loss TOTAL 9.7103e-01 (9.9929e-01)
Epoch: [5][ 40/313]	L_Src_Sup 2.5555e-01 (2.1770e-01)	L_Trg_Inj 2.4973e-01 (2.8579e-01)	Loss Disc 6.9472e-01 (6.9067e-01)	Loss Pred 5.8808e-01 (5.9310e-01)	Loss TOTAL 9.9179e-01 (9.9925e-01)
Epoch: [5][ 50/313]	L_Src_Sup 1.7090e-01 (2.0476e-01)	L_Trg_Inj 2.1806e-01 (2.8010e-01)	Loss Disc 6.9231e-01 (6.9089e-01)	Loss Pred 5.8790e-01 (5.9113e-01)	Loss TOTAL 9.7295e-01 (9.9406e-01)
Epoch: [5][ 60/313]	L_Src_Sup 1.6659e-01 (2.0574e-01)	L_Trg_Inj 2.6521e-01 (2.8134e-01)	Loss Disc 6.9085e-01 (6.9090e-01)	Loss Pred 5.8007e-01 (5.8994e-01)	Loss TOTAL 9.6867e-01 (9.9279e-01)
Epoch: [5][ 70/313]	L_Src_Sup 2.1310e-01 (2.0330e-01)	L_Trg_Inj 2.6489e-01 (2.8733e-01)	Loss Disc 6.9177e-01 (6.9080e-01)	Loss Pred 5.8368e-01 (5.9070e-01)	Loss TOTAL 9.7736e-01 (9.9262e-01)
Epoch: [5][ 80/313]	L_Src_Sup 2.0246e-01 (2.0472e-01)	L_Trg_Inj 2.4412e-01 (2.8539e-01)	Loss Disc 6.8956e-01 (6.9071e-01)	Loss Pred 6.0722e-01 (5.9165e-01)	Loss TOTAL 9.9666e-01 (9.9451e-01)
Epoch: [5][ 90/313]	L_Src_Sup 2.7591e-01 (2.0337e-01)	L_Trg_Inj 4.1930e-01 (2.8449e-01)	Loss Disc 6.9071e-01 (6.9068e-01)	Loss Pred 6.1577e-01 (5.9250e-01)	Loss TOTAL 1.0306e+00 (9.9552e-01)
Epoch: [5][100/313]	L_Src_Sup 2.0835e-01 (2.0272e-01)	L_Trg_Inj 2.0581e-01 (2.8348e-01)	Loss Disc 6.9319e-01 (6.9080e-01)	Loss Pred 5.7986e-01 (5.9232e-01)	Loss TOTAL 9.7041e-01 (9.9468e-01)
Epoch: [5][110/313]	L_Src_Sup 2.9816e-01 (2.0274e-01)	L_Trg_Inj 2.8073e-01 (2.9057e-01)	Loss Disc 6.9232e-01 (6.9057e-01)	Loss Pred 5.8751e-01 (5.9266e-01)	Loss TOTAL 1.0090e+00 (9.9501e-01)
Epoch: [5][120/313]	L_Src_Sup 1.9786e-01 (2.0152e-01)	L_Trg_Inj 2.9577e-01 (2.9146e-01)	Loss Disc 6.9187e-01 (6.9028e-01)	Loss Pred 5.9893e-01 (5.9146e-01)	Loss TOTAL 9.9423e-01 (9.9388e-01)
Epoch: [5][130/313]	L_Src_Sup 1.9558e-01 (2.0476e-01)	L_Trg_Inj 4.1856e-01 (2.9204e-01)	Loss Disc 6.9151e-01 (6.9043e-01)	Loss Pred 5.9535e-01 (5.9102e-01)	Loss TOTAL 1.0025e+00 (9.9464e-01)
Epoch: [5][140/313]	L_Src_Sup 1.7390e-01 (2.0588e-01)	L_Trg_Inj 1.8179e-01 (2.9159e-01)	Loss Disc 6.9306e-01 (6.9049e-01)	Loss Pred 5.9511e-01 (5.9018e-01)	Loss TOTAL 9.7722e-01 (9.9374e-01)
Epoch: [5][150/313]	L_Src_Sup 1.7583e-01 (2.0260e-01)	L_Trg_Inj 2.9843e-01 (2.8845e-01)	Loss Disc 6.9103e-01 (6.9059e-01)	Loss Pred 5.9899e-01 (5.9030e-01)	Loss TOTAL 9.9193e-01 (9.9281e-01)
Epoch: [5][160/313]	L_Src_Sup 2.0407e-01 (2.0165e-01)	L_Trg_Inj 3.2874e-01 (2.8890e-01)	Loss Disc 6.9137e-01 (6.9062e-01)	Loss Pred 5.7180e-01 (5.9004e-01)	Loss TOTAL 9.7077e-01 (9.9278e-01)
Epoch: [5][170/313]	L_Src_Sup 2.0067e-01 (2.0255e-01)	L_Trg_Inj 2.9460e-01 (2.8771e-01)	Loss Disc 6.9111e-01 (6.9063e-01)	Loss Pred 5.6843e-01 (5.9064e-01)	Loss TOTAL 9.6351e-01 (9.9391e-01)
Epoch: [5][180/313]	L_Src_Sup 2.6641e-01 (2.0138e-01)	L_Trg_Inj 1.7348e-01 (2.8888e-01)	Loss Disc 6.8930e-01 (6.9061e-01)	Loss Pred 6.0227e-01 (5.9096e-01)	Loss TOTAL 1.0838e+00 (9.9424e-01)
Epoch: [5][190/313]	L_Src_Sup 2.1384e-01 (2.0327e-01)	L_Trg_Inj 3.2859e-01 (2.9127e-01)	Loss Disc 6.9352e-01 (6.9054e-01)	Loss Pred 5.8721e-01 (5.9128e-01)	Loss TOTAL 9.8821e-01 (9.9512e-01)
Epoch: [5][200/313]	L_Src_Sup 2.1740e-01 (2.0291e-01)	L_Trg_Inj 3.1147e-01 (2.9094e-01)	Loss Disc 6.9232e-01 (6.9057e-01)	Loss Pred 5.9469e-01 (5.9111e-01)	Loss TOTAL 9.9374e-01 (9.9473e-01)
Epoch: [5][210/313]	L_Src_Sup 1.8589e-01 (2.0301e-01)	L_Trg_Inj 3.4453e-01 (2.9042e-01)	Loss Disc 6.8858e-01 (6.9061e-01)	Loss Pred 6.1722e-01 (5.9071e-01)	Loss TOTAL 1.0145e+00 (9.9416e-01)
Epoch: [5][220/313]	L_Src_Sup 1.8172e-01 (2.0145e-01)	L_Trg_Inj 2.8108e-01 (2.9098e-01)	Loss Disc 6.8860e-01 (6.9056e-01)	Loss Pred 5.6879e-01 (5.9082e-01)	Loss TOTAL 9.5937e-01 (9.9375e-01)
Epoch: [5][230/313]	L_Src_Sup 1.7659e-01 (2.0169e-01)	L_Trg_Inj 3.1205e-01 (2.9008e-01)	Loss Disc 6.9306e-01 (6.9061e-01)	Loss Pred 5.5767e-01 (5.9067e-01)	Loss TOTAL 9.5306e-01 (9.9352e-01)
Epoch: [5][240/313]	L_Src_Sup 1.3945e-01 (2.0096e-01)	L_Trg_Inj 2.6518e-01 (2.9129e-01)	Loss Disc 6.9196e-01 (6.9059e-01)	Loss Pred 5.9083e-01 (5.9060e-01)	Loss TOTAL 9.7727e-01 (9.9314e-01)
Epoch: [5][250/313]	L_Src_Sup 9.5502e-02 (2.0713e-01)	L_Trg_Inj 1.9333e-01 (2.9146e-01)	Loss Disc 6.8866e-01 (6.9058e-01)	Loss Pred 6.6053e-01 (5.9094e-01)	Loss TOTAL 1.0337e+00 (9.9832e-01)
Epoch: [5][260/313]	L_Src_Sup 2.9988e-01 (2.0773e-01)	L_Trg_Inj 3.4079e-01 (2.9156e-01)	Loss Disc 6.8052e-01 (6.9019e-01)	Loss Pred 6.3637e-01 (5.9298e-01)	Loss TOTAL 1.0407e+00 (1.0004e+00)
Epoch: [5][270/313]	L_Src_Sup 2.1475e-01 (2.0690e-01)	L_Trg_Inj 2.6575e-01 (2.9119e-01)	Loss Disc 6.9777e-01 (6.9018e-01)	Loss Pred 5.5564e-01 (5.9300e-01)	Loss TOTAL 9.5257e-01 (9.9983e-01)
Epoch: [5][280/313]	L_Src_Sup 3.3748e-01 (2.0768e-01)	L_Trg_Inj 1.8746e-01 (2.9052e-01)	Loss Disc 6.9293e-01 (6.9017e-01)	Loss Pred 5.8460e-01 (5.9285e-01)	Loss TOTAL 1.1336e+00 (1.0002e+00)
Epoch: [5][290/313]	L_Src_Sup 1.6847e-01 (2.0725e-01)	L_Trg_Inj 2.1841e-01 (2.9032e-01)	Loss Disc 6.8903e-01 (6.9011e-01)	Loss Pred 5.8434e-01 (5.9282e-01)	Loss TOTAL 9.6754e-01 (9.9978e-01)
Epoch: [5][300/313]	L_Src_Sup 1.7396e-01 (2.0735e-01)	L_Trg_Inj 3.0917e-01 (2.9098e-01)	Loss Disc 6.8959e-01 (6.9011e-01)	Loss Pred 5.9491e-01 (5.9272e-01)	Loss TOTAL 9.8802e-01 (9.9972e-01)
Epoch: [5][310/313]	L_Src_Sup 2.3010e-01 (2.0730e-01)	L_Trg_Inj 3.2558e-01 (2.9116e-01)	Loss Disc 6.8964e-01 (6.9012e-01)	Loss Pred 5.8751e-01 (5.9269e-01)	Loss TOTAL 9.8790e-01 (9.9933e-01)
Epoch: [5][313/313]	L_Src_Sup 1.1820e-01 (2.0726e-01)	L_Trg_Inj 2.2949e-01 (2.9048e-01)	Loss Disc 6.9140e-01 (6.9013e-01)	Loss Pred 5.6661e-01 (5.9253e-01)	Loss TOTAL 9.4708e-01 (9.9928e-01)
Epoch 5 complete. Saving model state...
Epoch: [6][ 10/313]	L_Src_Sup 5.7695e-02 (1.7127e-01)	L_Trg_Inj 2.6489e-01 (3.1882e-01)	Loss Disc 6.9165e-01 (6.8853e-01)	Loss Pred 5.5545e-01 (5.8483e-01)	Loss TOTAL 9.3353e-01 (9.7897e-01)
Epoch: [6][ 20/313]	L_Src_Sup 1.6163e-01 (1.9344e-01)	L_Trg_Inj 2.9528e-01 (3.1062e-01)	Loss Disc 6.8776e-01 (6.8859e-01)	Loss Pred 5.6943e-01 (5.8389e-01)	Loss TOTAL 9.5900e-01 (9.8315e-01)
Epoch: [6][ 30/313]	L_Src_Sup 2.1359e-01 (1.9470e-01)	L_Trg_Inj 2.3729e-01 (2.9863e-01)	Loss Disc 6.9069e-01 (6.8888e-01)	Loss Pred 5.5512e-01 (5.8321e-01)	Loss TOTAL 9.4556e-01 (9.8156e-01)
Epoch: [6][ 40/313]	L_Src_Sup 1.6867e-01 (1.9289e-01)	L_Trg_Inj 3.7303e-01 (3.0383e-01)	Loss Disc 6.9174e-01 (6.8896e-01)	Loss Pred 6.2828e-01 (5.8320e-01)	Loss TOTAL 1.0283e+00 (9.8083e-01)
Epoch: [6][ 50/313]	L_Src_Sup 2.2728e-01 (1.9796e-01)	L_Trg_Inj 2.0212e-01 (3.0061e-01)	Loss Disc 6.9154e-01 (6.8926e-01)	Loss Pred 6.0985e-01 (5.8303e-01)	Loss TOTAL 1.0237e+00 (9.8108e-01)
Epoch: [6][ 60/313]	L_Src_Sup 2.0833e-01 (1.9975e-01)	L_Trg_Inj 3.2226e-01 (2.9589e-01)	Loss Disc 6.9130e-01 (6.8940e-01)	Loss Pred 5.8005e-01 (5.8512e-01)	Loss TOTAL 9.7876e-01 (9.8497e-01)
Epoch: [6][ 70/313]	L_Src_Sup 2.2450e-01 (2.0676e-01)	L_Trg_Inj 2.7984e-01 (2.9032e-01)	Loss Disc 6.9144e-01 (6.8958e-01)	Loss Pred 5.7279e-01 (5.8531e-01)	Loss TOTAL 9.6895e-01 (9.8878e-01)
Epoch: [6][ 80/313]	L_Src_Sup 2.3157e-01 (2.0192e-01)	L_Trg_Inj 2.1796e-01 (2.8843e-01)	Loss Disc 6.9273e-01 (6.8960e-01)	Loss Pred 5.8383e-01 (5.8670e-01)	Loss TOTAL 9.8876e-01 (9.8904e-01)
Epoch: [6][ 90/313]	L_Src_Sup 2.0930e-01 (1.9968e-01)	L_Trg_Inj 3.8904e-01 (2.8645e-01)	Loss Disc 6.8616e-01 (6.8975e-01)	Loss Pred 6.1655e-01 (5.8713e-01)	Loss TOTAL 1.0195e+00 (9.8869e-01)
Epoch: [6][100/313]	L_Src_Sup 1.6086e-01 (2.0200e-01)	L_Trg_Inj 3.6440e-01 (2.8557e-01)	Loss Disc 6.8667e-01 (6.8981e-01)	Loss Pred 6.1343e-01 (5.8725e-01)	Loss TOTAL 1.0093e+00 (9.8878e-01)
Epoch: [6][110/313]	L_Src_Sup 1.5216e-01 (2.0102e-01)	L_Trg_Inj 5.1529e-01 (2.8867e-01)	Loss Disc 6.8491e-01 (6.8973e-01)	Loss Pred 5.9463e-01 (5.8786e-01)	Loss TOTAL 1.0038e+00 (9.8947e-01)
Epoch: [6][120/313]	L_Src_Sup 2.1429e-01 (2.0077e-01)	L_Trg_Inj 2.0271e-01 (2.8623e-01)	Loss Disc 6.8955e-01 (6.8979e-01)	Loss Pred 6.2312e-01 (5.8842e-01)	Loss TOTAL 1.0212e+00 (9.8979e-01)
Epoch: [6][130/313]	L_Src_Sup 1.1115e-01 (2.0211e-01)	L_Trg_Inj 2.8056e-01 (2.8737e-01)	Loss Disc 6.8999e-01 (6.8984e-01)	Loss Pred 6.0179e-01 (5.8807e-01)	Loss TOTAL 9.8596e-01 (9.8961e-01)
Epoch: [6][140/313]	L_Src_Sup 1.1881e-01 (1.9954e-01)	L_Trg_Inj 2.6371e-01 (2.8803e-01)	Loss Disc 6.9447e-01 (6.8984e-01)	Loss Pred 5.6273e-01 (5.8871e-01)	Loss TOTAL 9.4821e-01 (9.8951e-01)
Epoch: [6][150/313]	L_Src_Sup 2.1689e-01 (1.9801e-01)	L_Trg_Inj 3.3720e-01 (2.8649e-01)	Loss Disc 6.8894e-01 (6.8983e-01)	Loss Pred 6.2616e-01 (5.8928e-01)	Loss TOTAL 1.0260e+00 (9.9004e-01)
Epoch: [6][160/313]	L_Src_Sup 1.9565e-01 (1.9774e-01)	L_Trg_Inj 2.8058e-01 (2.8817e-01)	Loss Disc 6.9125e-01 (6.8980e-01)	Loss Pred 5.9438e-01 (5.8928e-01)	Loss TOTAL 9.8763e-01 (9.8987e-01)
Epoch: [6][170/313]	L_Src_Sup 1.7021e-01 (1.9786e-01)	L_Trg_Inj 3.4280e-01 (2.8714e-01)	Loss Disc 6.8995e-01 (6.8985e-01)	Loss Pred 5.8741e-01 (5.8937e-01)	Loss TOTAL 9.8369e-01 (9.8949e-01)
Epoch: [6][180/313]	L_Src_Sup 1.4895e-01 (1.9737e-01)	L_Trg_Inj 3.4308e-01 (2.8631e-01)	Loss Disc 6.8685e-01 (6.8981e-01)	Loss Pred 5.8760e-01 (5.8969e-01)	Loss TOTAL 9.8023e-01 (9.8966e-01)
Epoch: [6][190/313]	L_Src_Sup 1.9355e-01 (1.9606e-01)	L_Trg_Inj 2.0265e-01 (2.8775e-01)	Loss Disc 6.9539e-01 (6.8989e-01)	Loss Pred 5.9081e-01 (5.8948e-01)	Loss TOTAL 9.7812e-01 (9.8927e-01)
Epoch: [6][200/313]	L_Src_Sup 2.3656e-01 (1.9721e-01)	L_Trg_Inj 3.4242e-01 (2.8729e-01)	Loss Disc 6.8972e-01 (6.8995e-01)	Loss Pred 5.9083e-01 (5.8958e-01)	Loss TOTAL 9.9359e-01 (9.8966e-01)
Epoch: [6][210/313]	L_Src_Sup 1.8186e-01 (1.9676e-01)	L_Trg_Inj 3.4299e-01 (2.8637e-01)	Loss Disc 6.8987e-01 (6.9001e-01)	Loss Pred 6.0851e-01 (5.8932e-01)	Loss TOTAL 1.0059e+00 (9.8997e-01)
Epoch: [6][220/313]	L_Src_Sup 2.4445e-01 (1.9792e-01)	L_Trg_Inj 2.9600e-01 (2.8607e-01)	Loss Disc 6.8975e-01 (6.9004e-01)	Loss Pred 6.0389e-01 (5.8936e-01)	Loss TOTAL 1.0028e+00 (9.9017e-01)
Epoch: [6][230/313]	L_Src_Sup 1.3186e-01 (1.9964e-01)	L_Trg_Inj 4.0454e-01 (2.8750e-01)	Loss Disc 6.8914e-01 (6.9004e-01)	Loss Pred 5.9789e-01 (5.8921e-01)	Loss TOTAL 9.9610e-01 (9.9049e-01)
Epoch: [6][240/313]	L_Src_Sup 2.3655e-01 (2.0037e-01)	L_Trg_Inj 2.8961e-01 (2.8785e-01)	Loss Disc 6.9260e-01 (6.9003e-01)	Loss Pred 5.9087e-01 (5.8937e-01)	Loss TOTAL 9.8979e-01 (9.9062e-01)
Epoch: [6][250/313]	L_Src_Sup 1.8948e-01 (2.0038e-01)	L_Trg_Inj 2.6542e-01 (2.8727e-01)	Loss Disc 6.9268e-01 (6.9005e-01)	Loss Pred 5.8385e-01 (5.8939e-01)	Loss TOTAL 9.7568e-01 (9.9061e-01)
Epoch: [6][260/313]	L_Src_Sup 1.1363e-01 (1.9991e-01)	L_Trg_Inj 2.8094e-01 (2.8761e-01)	Loss Disc 6.9024e-01 (6.9006e-01)	Loss Pred 6.0855e-01 (5.8944e-01)	Loss TOTAL 9.9312e-01 (9.9037e-01)
Epoch: [6][270/313]	L_Src_Sup 1.9566e-01 (1.9994e-01)	L_Trg_Inj 2.9620e-01 (2.8630e-01)	Loss Disc 6.8955e-01 (6.9010e-01)	Loss Pred 5.9443e-01 (5.8936e-01)	Loss TOTAL 9.8839e-01 (9.8999e-01)
Epoch: [6][280/313]	L_Src_Sup 1.4433e-01 (1.9980e-01)	L_Trg_Inj 2.8077e-01 (2.8578e-01)	Loss Disc 6.9039e-01 (6.9012e-01)	Loss Pred 5.7670e-01 (5.8933e-01)	Loss TOTAL 9.6440e-01 (9.9016e-01)
Epoch: [6][290/313]	L_Src_Sup 1.8825e-01 (1.9896e-01)	L_Trg_Inj 3.2754e-01 (2.8583e-01)	Loss Disc 6.8734e-01 (6.9014e-01)	Loss Pred 6.1922e-01 (5.8944e-01)	Loss TOTAL 1.0145e+00 (9.8995e-01)
Epoch: [6][300/313]	L_Src_Sup 1.9780e-01 (1.9756e-01)	L_Trg_Inj 2.9575e-01 (2.8591e-01)	Loss Disc 6.9073e-01 (6.9013e-01)	Loss Pred 5.9822e-01 (5.8960e-01)	Loss TOTAL 9.9294e-01 (9.8974e-01)
Epoch: [6][310/313]	L_Src_Sup 1.3636e-01 (1.9709e-01)	L_Trg_Inj 2.7999e-01 (2.8654e-01)	Loss Disc 6.8693e-01 (6.9013e-01)	Loss Pred 6.0814e-01 (5.8977e-01)	Loss TOTAL 9.9324e-01 (9.8971e-01)
Epoch: [6][313/313]	L_Src_Sup 1.3726e-01 (1.9711e-01)	L_Trg_Inj 3.0932e-01 (2.8647e-01)	Loss Disc 6.9067e-01 (6.9014e-01)	Loss Pred 5.5943e-01 (5.8961e-01)	Loss TOTAL 9.4943e-01 (9.8948e-01)
Epoch 6 complete. Saving model state...
Epoch: [7][ 10/313]	L_Src_Sup 3.9126e-01 (2.2312e-01)	L_Trg_Inj 4.4416e-01 (3.0792e-01)	Loss Disc 6.8522e-01 (6.8928e-01)	Loss Pred 5.8132e-01 (5.8788e-01)	Loss TOTAL 1.0075e+00 (9.9108e-01)
Epoch: [7][ 20/313]	L_Src_Sup 1.3365e-01 (2.1272e-01)	L_Trg_Inj 2.4863e-01 (2.9785e-01)	Loss Disc 6.9157e-01 (6.9005e-01)	Loss Pred 6.0114e-01 (5.9297e-01)	Loss TOTAL 9.8516e-01 (9.9936e-01)
Epoch: [7][ 30/313]	L_Src_Sup 2.2989e-01 (2.1300e-01)	L_Trg_Inj 2.6416e-01 (2.9241e-01)	Loss Disc 6.8895e-01 (6.9023e-01)	Loss Pred 6.1163e-01 (5.9318e-01)	Loss TOTAL 1.0055e+00 (9.9683e-01)
Epoch: [7][ 40/313]	L_Src_Sup 1.9354e-01 (2.1482e-01)	L_Trg_Inj 2.7969e-01 (2.8390e-01)	Loss Disc 6.9022e-01 (6.9026e-01)	Loss Pred 5.9072e-01 (5.9240e-01)	Loss TOTAL 9.8315e-01 (9.9910e-01)
Epoch: [7][ 50/313]	L_Src_Sup 1.7777e-01 (2.0900e-01)	L_Trg_Inj 2.9482e-01 (2.8309e-01)	Loss Disc 6.8925e-01 (6.9027e-01)	Loss Pred 6.0112e-01 (5.9216e-01)	Loss TOTAL 9.9300e-01 (9.9632e-01)
Epoch: [7][ 60/313]	L_Src_Sup 1.7979e-01 (2.0407e-01)	L_Trg_Inj 2.7788e-01 (2.8059e-01)	Loss Disc 6.8875e-01 (6.9030e-01)	Loss Pred 6.0459e-01 (5.9152e-01)	Loss TOTAL 9.9473e-01 (9.9480e-01)
Epoch: [7][ 70/313]	L_Src_Sup 2.0224e-01 (2.0387e-01)	L_Trg_Inj 2.7876e-01 (2.8154e-01)	Loss Disc 6.8813e-01 (6.9038e-01)	Loss Pred 6.0484e-01 (5.9038e-01)	Loss TOTAL 9.9700e-01 (9.9402e-01)
Epoch: [7][ 80/313]	L_Src_Sup 2.5265e-01 (1.9966e-01)	L_Trg_Inj 2.9537e-01 (2.8394e-01)	Loss Disc 6.8944e-01 (6.9031e-01)	Loss Pred 5.8376e-01 (5.9051e-01)	Loss TOTAL 9.8328e-01 (9.9286e-01)
Epoch: [7][ 90/313]	L_Src_Sup 2.3657e-01 (1.9844e-01)	L_Trg_Inj 3.4189e-01 (2.8527e-01)	Loss Disc 6.8856e-01 (6.9031e-01)	Loss Pred 5.9071e-01 (5.9112e-01)	Loss TOTAL 9.9284e-01 (9.9259e-01)
Epoch: [7][100/313]	L_Src_Sup 1.5385e-01 (1.9905e-01)	L_Trg_Inj 2.9509e-01 (2.8831e-01)	Loss Disc 6.8909e-01 (6.9020e-01)	Loss Pred 5.9757e-01 (5.9132e-01)	Loss TOTAL 9.8701e-01 (9.9261e-01)
Epoch: [7][110/313]	L_Src_Sup 3.5051e-01 (2.0128e-01)	L_Trg_Inj 2.2667e-01 (2.8971e-01)	Loss Disc 6.9220e-01 (6.9021e-01)	Loss Pred 5.7677e-01 (5.9048e-01)	Loss TOTAL 1.1044e+00 (9.9270e-01)
Epoch: [7][120/313]	L_Src_Sup 2.2219e-01 (2.0230e-01)	L_Trg_Inj 2.4911e-01 (2.8985e-01)	Loss Disc 6.9208e-01 (6.9026e-01)	Loss Pred 5.6972e-01 (5.9024e-01)	Loss TOTAL 9.6289e-01 (9.9229e-01)
Epoch: [7][130/313]	L_Src_Sup 2.2081e-01 (2.0042e-01)	L_Trg_Inj 1.8682e-01 (2.8672e-01)	Loss Disc 6.9305e-01 (6.9031e-01)	Loss Pred 5.6968e-01 (5.9025e-01)	Loss TOTAL 9.9097e-01 (9.9165e-01)
Epoch: [7][140/313]	L_Src_Sup 1.5243e-01 (2.0162e-01)	L_Trg_Inj 1.0906e-01 (2.8350e-01)	Loss Disc 6.9244e-01 (6.9035e-01)	Loss Pred 5.9428e-01 (5.8998e-01)	Loss TOTAL 1.0100e+00 (9.9256e-01)
Epoch: [7][150/313]	L_Src_Sup 9.1432e-02 (2.0323e-01)	L_Trg_Inj 3.8655e-01 (2.9326e-01)	Loss Disc 6.8828e-01 (6.9018e-01)	Loss Pred 5.7026e-01 (5.9032e-01)	Loss TOTAL 9.6220e-01 (9.9344e-01)
Epoch: [7][160/313]	L_Src_Sup 1.5840e-01 (2.0394e-01)	L_Trg_Inj 2.9556e-01 (2.9342e-01)	Loss Disc 6.9019e-01 (6.9017e-01)	Loss Pred 5.6283e-01 (5.9025e-01)	Loss TOTAL 9.5332e-01 (9.9337e-01)
Epoch: [7][170/313]	L_Src_Sup 2.4719e-01 (2.0306e-01)	L_Trg_Inj 3.1057e-01 (2.9203e-01)	Loss Disc 6.9003e-01 (6.9019e-01)	Loss Pred 6.0479e-01 (5.9020e-01)	Loss TOTAL 1.0056e+00 (9.9331e-01)
Epoch: [7][180/313]	L_Src_Sup 1.2632e-01 (2.0330e-01)	L_Trg_Inj 2.6490e-01 (2.9079e-01)	Loss Disc 6.8992e-01 (6.9022e-01)	Loss Pred 5.8360e-01 (5.8998e-01)	Loss TOTAL 9.6768e-01 (9.9323e-01)
Epoch: [7][190/313]	L_Src_Sup 2.8988e-01 (2.0427e-01)	L_Trg_Inj 3.3779e-01 (2.9257e-01)	Loss Disc 6.8947e-01 (6.9016e-01)	Loss Pred 5.9428e-01 (5.8965e-01)	Loss TOTAL 1.0018e+00 (9.9363e-01)
Epoch: [7][200/313]	L_Src_Sup 2.0247e-01 (2.0227e-01)	L_Trg_Inj 2.8050e-01 (2.9218e-01)	Loss Disc 6.9016e-01 (6.9019e-01)	Loss Pred 6.0521e-01 (5.8941e-01)	Loss TOTAL 9.9859e-01 (9.9273e-01)
Epoch: [7][210/313]	L_Src_Sup 2.6534e-01 (2.0197e-01)	L_Trg_Inj 1.8665e-01 (2.9066e-01)	Loss Disc 6.9298e-01 (6.9021e-01)	Loss Pred 5.7288e-01 (5.8952e-01)	Loss TOTAL 1.0432e+00 (9.9283e-01)
Epoch: [7][220/313]	L_Src_Sup 1.3636e-01 (2.0268e-01)	L_Trg_Inj 3.7534e-01 (2.9134e-01)	Loss Disc 6.8751e-01 (6.9020e-01)	Loss Pred 6.0862e-01 (5.8951e-01)	Loss TOTAL 1.0035e+00 (9.9288e-01)
Epoch: [7][230/313]	L_Src_Sup 2.2728e-01 (2.0243e-01)	L_Trg_Inj 2.9601e-01 (2.9003e-01)	Loss Disc 6.8878e-01 (6.9023e-01)	Loss Pred 6.0867e-01 (5.8941e-01)	Loss TOTAL 1.0054e+00 (9.9242e-01)
Epoch: [7][240/313]	L_Src_Sup 1.8947e-01 (2.0195e-01)	L_Trg_Inj 2.1779e-01 (2.9053e-01)	Loss Disc 6.9067e-01 (6.9022e-01)	Loss Pred 5.8351e-01 (5.8933e-01)	Loss TOTAL 9.6957e-01 (9.9197e-01)
Epoch: [7][250/313]	L_Src_Sup 2.5532e-01 (2.0265e-01)	L_Trg_Inj 1.8704e-01 (2.9038e-01)	Loss Disc 6.9182e-01 (6.9023e-01)	Loss Pred 5.8709e-01 (5.8914e-01)	Loss TOTAL 1.0455e+00 (9.9178e-01)
Epoch: [7][260/313]	L_Src_Sup 1.9565e-01 (2.0161e-01)	L_Trg_Inj 1.8505e-01 (2.8924e-01)	Loss Disc 6.9228e-01 (6.9026e-01)	Loss Pred 5.9436e-01 (5.8899e-01)	Loss TOTAL 9.8916e-01 (9.9117e-01)
Epoch: [7][270/313]	L_Src_Sup 3.3711e-01 (2.0398e-01)	L_Trg_Inj 2.4980e-01 (2.8860e-01)	Loss Disc 6.9065e-01 (6.9029e-01)	Loss Pred 5.8342e-01 (5.8883e-01)	Loss TOTAL 1.0747e+00 (9.9189e-01)
Epoch: [7][280/313]	L_Src_Sup 3.9539e-01 (2.0532e-01)	L_Trg_Inj 3.8317e-01 (2.8967e-01)	Loss Disc 6.8568e-01 (6.9025e-01)	Loss Pred 6.1575e-01 (5.8939e-01)	Loss TOTAL 1.0487e+00 (9.9265e-01)
Epoch: [7][290/313]	L_Src_Sup 1.7822e-01 (2.0432e-01)	L_Trg_Inj 2.9576e-01 (2.9011e-01)	Loss Disc 6.9336e-01 (6.9026e-01)	Loss Pred 5.6239e-01 (5.8937e-01)	Loss TOTAL 9.5647e-01 (9.9236e-01)
Epoch: [7][300/313]	L_Src_Sup 1.9224e-01 (2.0400e-01)	L_Trg_Inj 2.1835e-01 (2.8964e-01)	Loss Disc 6.9133e-01 (6.9028e-01)	Loss Pred 5.5149e-01 (5.8913e-01)	Loss TOTAL 9.3822e-01 (9.9207e-01)
Epoch: [7][310/313]	L_Src_Sup 3.2655e-01 (2.0460e-01)	L_Trg_Inj 1.8723e-01 (2.8876e-01)	Loss Disc 6.9299e-01 (6.9028e-01)	Loss Pred 5.7272e-01 (5.8925e-01)	Loss TOTAL 1.1099e+00 (9.9290e-01)
Epoch: [7][313/313]	L_Src_Sup 1.3481e-01 (2.0428e-01)	L_Trg_Inj 2.8063e-01 (2.8878e-01)	Loss Disc 6.8817e-01 (6.9028e-01)	Loss Pred 6.0507e-01 (5.8929e-01)	Loss TOTAL 9.9070e-01 (9.9282e-01)
Epoch 7 complete. Saving model state...
Epoch: [8][ 10/313]	L_Src_Sup 1.5559e-01 (2.4147e-01)	L_Trg_Inj 3.7307e-01 (2.8684e-01)	Loss Disc 6.8878e-01 (6.9026e-01)	Loss Pred 6.0224e-01 (5.8345e-01)	Loss TOTAL 9.9950e-01 (1.0186e+00)
Epoch: [8][ 20/313]	L_Src_Sup 4.6522e-02 (2.0249e-01)	L_Trg_Inj 2.3396e-01 (2.8225e-01)	Loss Disc 6.8700e-01 (6.8971e-01)	Loss Pred 6.1572e-01 (5.9112e-01)	Loss TOTAL 9.8727e-01 (1.0038e+00)
Epoch: [8][ 30/313]	L_Src_Sup 1.5557e-01 (1.9308e-01)	L_Trg_Inj 3.4297e-01 (2.9571e-01)	Loss Disc 6.8707e-01 (6.8991e-01)	Loss Pred 6.0148e-01 (5.8861e-01)	Loss TOTAL 9.9487e-01 (9.9761e-01)
Epoch: [8][ 40/313]	L_Src_Sup 1.0101e-01 (1.9334e-01)	L_Trg_Inj 3.7437e-01 (2.9935e-01)	Loss Disc 6.8794e-01 (6.8995e-01)	Loss Pred 5.6910e-01 (5.8814e-01)	Loss TOTAL 9.6061e-01 (9.9376e-01)
Epoch: [8][ 50/313]	L_Src_Sup 2.2793e-01 (1.9320e-01)	L_Trg_Inj 2.3398e-01 (3.0323e-01)	Loss Disc 6.8850e-01 (6.8970e-01)	Loss Pred 6.4085e-01 (5.9026e-01)	Loss TOTAL 1.0313e+00 (9.9419e-01)
Epoch: [8][ 60/313]	L_Src_Sup 1.0870e-01 (1.9555e-01)	L_Trg_Inj 3.5816e-01 (2.9890e-01)	Loss Disc 6.8862e-01 (6.8991e-01)	Loss Pred 5.9414e-01 (5.9074e-01)	Loss TOTAL 9.8514e-01 (9.9469e-01)
Epoch: [8][ 70/313]	L_Src_Sup 1.5908e-01 (1.9617e-01)	L_Trg_Inj 1.5609e-01 (2.9612e-01)	Loss Disc 6.9036e-01 (6.8997e-01)	Loss Pred 6.0812e-01 (5.9093e-01)	Loss TOTAL 9.8781e-01 (9.9354e-01)
Epoch: [8][ 80/313]	L_Src_Sup 1.0309e-01 (1.9495e-01)	L_Trg_Inj 2.5095e-01 (2.9575e-01)	Loss Disc 6.9220e-01 (6.9003e-01)	Loss Pred 5.7665e-01 (5.9055e-01)	Loss TOTAL 9.5815e-01 (9.9199e-01)
Epoch: [8][ 90/313]	L_Src_Sup 1.7204e-01 (1.9609e-01)	L_Trg_Inj 2.3413e-01 (2.9237e-01)	Loss Disc 6.9027e-01 (6.9014e-01)	Loss Pred 5.9062e-01 (5.8998e-01)	Loss TOTAL 9.7637e-01 (9.9091e-01)
Epoch: [8][100/313]	L_Src_Sup 3.0480e-01 (1.9733e-01)	L_Trg_Inj 2.8115e-01 (2.8956e-01)	Loss Disc 6.9254e-01 (6.9020e-01)	Loss Pred 5.9476e-01 (5.9047e-01)	Loss TOTAL 1.0233e+00 (9.9141e-01)
Epoch: [8][110/313]	L_Src_Sup 2.3022e-01 (1.9700e-01)	L_Trg_Inj 2.4988e-01 (2.8900e-01)	Loss Disc 6.9046e-01 (6.9021e-01)	Loss Pred 5.8026e-01 (5.9003e-01)	Loss TOTAL 9.7349e-01 (9.9033e-01)
Epoch: [8][120/313]	L_Src_Sup 1.2762e-01 (1.9926e-01)	L_Trg_Inj 1.8730e-01 (2.8913e-01)	Loss Disc 6.9381e-01 (6.9020e-01)	Loss Pred 5.8717e-01 (5.9088e-01)	Loss TOTAL 9.6557e-01 (9.9111e-01)
Epoch: [8][130/313]	L_Src_Sup 1.2766e-01 (1.9871e-01)	L_Trg_Inj 2.0294e-01 (2.8982e-01)	Loss Disc 6.9223e-01 (6.9022e-01)	Loss Pred 5.8712e-01 (5.9054e-01)	Loss TOTAL 9.6630e-01 (9.9043e-01)
Epoch: [8][140/313]	L_Src_Sup 1.7023e-01 (1.9829e-01)	L_Trg_Inj 2.8097e-01 (2.9015e-01)	Loss Disc 6.9143e-01 (6.9026e-01)	Loss Pred 5.8706e-01 (5.8971e-01)	Loss TOTAL 9.7789e-01 (9.8972e-01)
Epoch: [8][150/313]	L_Src_Sup 2.5000e-01 (1.9903e-01)	L_Trg_Inj 3.4341e-01 (2.9026e-01)	Loss Disc 6.8959e-01 (6.9031e-01)	Loss Pred 6.0900e-01 (5.8888e-01)	Loss TOTAL 1.0131e+00 (9.8897e-01)
Epoch: [8][160/313]	L_Src_Sup 1.5773e-01 (2.0030e-01)	L_Trg_Inj 3.2776e-01 (2.8909e-01)	Loss Disc 6.8958e-01 (6.9035e-01)	Loss Pred 5.9795e-01 (5.8900e-01)	Loss TOTAL 9.9129e-01 (9.8972e-01)
Epoch: [8][170/313]	L_Src_Sup 1.9144e-01 (1.9972e-01)	L_Trg_Inj 2.9017e-01 (2.8776e-01)	Loss Disc 6.9107e-01 (6.9040e-01)	Loss Pred 5.8704e-01 (5.8905e-01)	Loss TOTAL 9.8074e-01 (9.8932e-01)
Epoch: [8][180/313]	L_Src_Sup 1.0890e-01 (1.9879e-01)	L_Trg_Inj 3.2782e-01 (2.8697e-01)	Loss Disc 6.8952e-01 (6.9043e-01)	Loss Pred 5.9431e-01 (5.8920e-01)	Loss TOTAL 9.8274e-01 (9.8955e-01)
Epoch: [8][190/313]	L_Src_Sup 1.8557e-01 (1.9768e-01)	L_Trg_Inj 2.6519e-01 (2.8765e-01)	Loss Disc 6.9098e-01 (6.9045e-01)	Loss Pred 5.7632e-01 (5.8932e-01)	Loss TOTAL 9.6689e-01 (9.8928e-01)
Epoch: [8][200/313]	L_Src_Sup 2.1090e-01 (1.9954e-01)	L_Trg_Inj 3.1038e-01 (2.8853e-01)	Loss Disc 6.9008e-01 (6.9041e-01)	Loss Pred 5.8354e-01 (5.8904e-01)	Loss TOTAL 9.8071e-01 (9.8913e-01)
Epoch: [8][210/313]	L_Src_Sup 3.6049e-01 (2.0004e-01)	L_Trg_Inj 3.4698e-01 (2.8764e-01)	Loss Disc 6.8855e-01 (6.9045e-01)	Loss Pred 6.0576e-01 (5.8956e-01)	Loss TOTAL 1.0343e+00 (9.9132e-01)
Epoch: [8][220/313]	L_Src_Sup 3.1045e-01 (2.0214e-01)	L_Trg_Inj 3.8642e-01 (2.9394e-01)	Loss Disc 6.8709e-01 (6.9031e-01)	Loss Pred 6.0128e-01 (5.9016e-01)	Loss TOTAL 1.0145e+00 (9.9234e-01)
Epoch: [8][230/313]	L_Src_Sup 2.1282e-01 (2.0314e-01)	L_Trg_Inj 4.0444e-01 (2.9789e-01)	Loss Disc 6.8805e-01 (6.9011e-01)	Loss Pred 5.8721e-01 (5.9030e-01)	Loss TOTAL 9.9296e-01 (9.9270e-01)
Epoch: [8][240/313]	L_Src_Sup 2.1742e-01 (2.0291e-01)	L_Trg_Inj 2.4876e-01 (2.9627e-01)	Loss Disc 6.9151e-01 (6.9015e-01)	Loss Pred 5.9414e-01 (5.9041e-01)	Loss TOTAL 9.8651e-01 (9.9257e-01)
Epoch: [8][250/313]	L_Src_Sup 2.2000e-01 (2.0285e-01)	L_Trg_Inj 2.1797e-01 (2.9458e-01)	Loss Disc 6.9105e-01 (6.9018e-01)	Loss Pred 5.6671e-01 (5.9049e-01)	Loss TOTAL 9.5805e-01 (9.9279e-01)
Epoch: [8][260/313]	L_Src_Sup 2.0833e-01 (2.0347e-01)	L_Trg_Inj 1.0908e-01 (2.9428e-01)	Loss Disc 6.9435e-01 (6.9018e-01)	Loss Pred 5.8029e-01 (5.9033e-01)	Loss TOTAL 1.0584e+00 (9.9325e-01)
Epoch: [8][270/313]	L_Src_Sup 2.4998e-01 (2.0419e-01)	L_Trg_Inj 3.2753e-01 (2.9385e-01)	Loss Disc 6.8926e-01 (6.9019e-01)	Loss Pred 6.0790e-01 (5.9045e-01)	Loss TOTAL 1.0103e+00 (9.9374e-01)
Epoch: [8][280/313]	L_Src_Sup 2.3297e-01 (2.0397e-01)	L_Trg_Inj 2.8070e-01 (2.9349e-01)	Loss Disc 6.9003e-01 (6.9019e-01)	Loss Pred 6.1498e-01 (5.9024e-01)	Loss TOTAL 1.0114e+00 (9.9340e-01)
Epoch: [8][290/313]	L_Src_Sup 2.7273e-01 (2.0451e-01)	L_Trg_Inj 2.4966e-01 (2.9337e-01)	Loss Disc 6.8989e-01 (6.9017e-01)	Loss Pred 6.0815e-01 (5.9016e-01)	Loss TOTAL 1.0284e+00 (9.9379e-01)
Epoch: [8][300/313]	L_Src_Sup 1.8367e-01 (2.0315e-01)	L_Trg_Inj 3.2743e-01 (2.9458e-01)	Loss Disc 6.9009e-01 (6.9016e-01)	Loss Pred 5.7277e-01 (5.8973e-01)	Loss TOTAL 9.6892e-01 (9.9305e-01)
Epoch: [8][310/313]	L_Src_Sup 2.7450e-01 (2.0358e-01)	L_Trg_Inj 3.2756e-01 (2.9405e-01)	Loss Disc 6.8976e-01 (6.9018e-01)	Loss Pred 5.5848e-01 (5.8963e-01)	Loss TOTAL 9.6356e-01 (9.9290e-01)
Epoch: [8][313/313]	L_Src_Sup 1.2500e-01 (2.0298e-01)	L_Trg_Inj 2.9627e-01 (2.9358e-01)	Loss Disc 6.8993e-01 (6.9019e-01)	Loss Pred 5.8111e-01 (5.8958e-01)	Loss TOTAL 9.6821e-01 (9.9266e-01)
Epoch 8 complete. Saving model state...
Epoch: [9][ 10/313]	L_Src_Sup 2.3762e-01 (2.1548e-01)	L_Trg_Inj 3.4297e-01 (2.9779e-01)	Loss Disc 6.8951e-01 (6.9016e-01)	Loss Pred 5.6190e-01 (5.8818e-01)	Loss TOTAL 9.6471e-01 (9.9057e-01)
Epoch: [9][ 20/313]	L_Src_Sup 2.2221e-01 (2.1654e-01)	L_Trg_Inj 3.8979e-01 (2.9336e-01)	Loss Disc 6.8704e-01 (6.9006e-01)	Loss Pred 6.0139e-01 (5.9032e-01)	Loss TOTAL 1.0061e+00 (9.9563e-01)
Epoch: [9][ 30/313]	L_Src_Sup 1.7400e-01 (2.1081e-01)	L_Trg_Inj 2.0375e-01 (2.9398e-01)	Loss Disc 6.9190e-01 (6.9018e-01)	Loss Pred 5.9444e-01 (5.8817e-01)	Loss TOTAL 9.7817e-01 (9.9042e-01)
Epoch: [9][ 40/313]	L_Src_Sup 2.2679e-01 (2.1108e-01)	L_Trg_Inj 3.5914e-01 (2.9585e-01)	Loss Disc 6.9043e-01 (6.9021e-01)	Loss Pred 5.7625e-01 (5.8700e-01)	Loss TOTAL 9.8006e-01 (9.8791e-01)
Epoch: [9][ 50/313]	L_Src_Sup 1.7999e-01 (2.1621e-01)	L_Trg_Inj 1.7176e-01 (2.9447e-01)	Loss Disc 6.9474e-01 (6.9024e-01)	Loss Pred 5.6529e-01 (5.8760e-01)	Loss TOTAL 9.5607e-01 (9.9024e-01)
Epoch: [9][ 60/313]	L_Src_Sup 1.7999e-01 (2.1413e-01)	L_Trg_Inj 2.3420e-01 (2.8964e-01)	Loss Disc 6.9246e-01 (6.9037e-01)	Loss Pred 5.6513e-01 (5.8702e-01)	Loss TOTAL 9.5278e-01 (9.9086e-01)
Epoch: [9][ 70/313]	L_Src_Sup 1.0637e-01 (2.0716e-01)	L_Trg_Inj 2.6545e-01 (2.9226e-01)	Loss Disc 6.9133e-01 (6.9034e-01)	Loss Pred 5.8702e-01 (5.8660e-01)	Loss TOTAL 9.6986e-01 (9.8932e-01)
Epoch: [9][ 80/313]	L_Src_Sup 2.9473e-01 (2.0687e-01)	L_Trg_Inj 1.8733e-01 (2.9126e-01)	Loss Disc 6.9272e-01 (6.9038e-01)	Loss Pred 5.8327e-01 (5.8646e-01)	Loss TOTAL 1.0852e+00 (9.8984e-01)
Epoch: [9][ 90/313]	L_Src_Sup 2.3081e-01 (2.0668e-01)	L_Trg_Inj 2.1851e-01 (2.8990e-01)	Loss Disc 6.9241e-01 (6.9043e-01)	Loss Pred 5.4938e-01 (5.8507e-01)	Loss TOTAL 9.5282e-01 (9.8845e-01)
Epoch: [9][100/313]	L_Src_Sup 2.7585e-01 (2.0672e-01)	L_Trg_Inj 3.2794e-01 (2.8855e-01)	Loss Disc 6.8984e-01 (6.9048e-01)	Loss Pred 6.1344e-01 (5.8572e-01)	Loss TOTAL 1.0187e+00 (9.8913e-01)
Epoch: [9][110/313]	L_Src_Sup 1.4433e-01 (2.0570e-01)	L_Trg_Inj 2.3415e-01 (2.8999e-01)	Loss Disc 6.9208e-01 (6.9047e-01)	Loss Pred 5.7565e-01 (5.8553e-01)	Loss TOTAL 9.5954e-01 (9.8835e-01)
Epoch: [9][120/313]	L_Src_Sup 2.6506e-01 (2.0338e-01)	L_Trg_Inj 3.2771e-01 (2.8937e-01)	Loss Disc 6.8770e-01 (6.9044e-01)	Loss Pred 6.2785e-01 (5.8683e-01)	Loss TOTAL 1.0310e+00 (9.8907e-01)
Epoch: [9][130/313]	L_Src_Sup 2.1276e-01 (2.0317e-01)	L_Trg_Inj 3.5887e-01 (2.9003e-01)	Loss Disc 6.8889e-01 (6.9046e-01)	Loss Pred 5.8696e-01 (5.8659e-01)	Loss TOTAL 9.8857e-01 (9.8898e-01)
Epoch: [9][140/313]	L_Src_Sup 2.6506e-01 (2.0444e-01)	L_Trg_Inj 2.6496e-01 (2.8966e-01)	Loss Disc 6.8934e-01 (6.9046e-01)	Loss Pred 6.2787e-01 (5.8677e-01)	Loss TOTAL 1.0256e+00 (9.8870e-01)
Epoch: [9][150/313]	L_Src_Sup 1.8557e-01 (2.0281e-01)	L_Trg_Inj 3.1204e-01 (2.8804e-01)	Loss Disc 6.9032e-01 (6.9049e-01)	Loss Pred 5.7584e-01 (5.8661e-01)	Loss TOTAL 9.7076e-01 (9.8779e-01)
Epoch: [9][160/313]	L_Src_Sup 1.2500e-01 (2.0412e-01)	L_Trg_Inj 2.4966e-01 (2.8799e-01)	Loss Disc 6.9178e-01 (6.9052e-01)	Loss Pred 5.7955e-01 (5.8657e-01)	Loss TOTAL 9.6291e-01 (9.8754e-01)
Epoch: [9][170/313]	L_Src_Sup 2.0692e-01 (2.0374e-01)	L_Trg_Inj 3.2760e-01 (2.8729e-01)	Loss Disc 6.9048e-01 (6.9054e-01)	Loss Pred 6.1300e-01 (5.8681e-01)	Loss TOTAL 1.0117e+00 (9.8791e-01)
Epoch: [9][180/313]	L_Src_Sup 3.4793e-01 (2.0376e-01)	L_Trg_Inj 2.9651e-01 (2.8726e-01)	Loss Disc 6.9063e-01 (6.9054e-01)	Loss Pred 5.9434e-01 (5.8674e-01)	Loss TOTAL 1.0555e+00 (9.8779e-01)
Epoch: [9][190/313]	L_Src_Sup 2.5062e-01 (2.0348e-01)	L_Trg_Inj 2.1846e-01 (2.8622e-01)	Loss Disc 6.8922e-01 (6.9051e-01)	Loss Pred 5.7969e-01 (5.8731e-01)	Loss TOTAL 1.0034e+00 (9.8868e-01)
Epoch: [9][200/313]	L_Src_Sup 2.9793e-01 (2.0349e-01)	L_Trg_Inj 1.8682e-01 (2.8700e-01)	Loss Disc 6.9107e-01 (6.9047e-01)	Loss Pred 5.8696e-01 (5.8759e-01)	Loss TOTAL 1.0921e+00 (9.8921e-01)
Epoch: [9][210/313]	L_Src_Sup 2.6018e-01 (2.0232e-01)	L_Trg_Inj 3.5332e-01 (2.8789e-01)	Loss Disc 6.9362e-01 (6.9044e-01)	Loss Pred 5.6576e-01 (5.8785e-01)	Loss TOTAL 9.7392e-01 (9.8939e-01)
Epoch: [9][220/313]	L_Src_Sup 1.4898e-01 (2.0372e-01)	L_Trg_Inj 2.0271e-01 (2.8712e-01)	Loss Disc 6.9358e-01 (6.9043e-01)	Loss Pred 5.8702e-01 (5.8828e-01)	Loss TOTAL 9.6898e-01 (9.9023e-01)
Epoch: [9][230/313]	L_Src_Sup 2.2852e-01 (2.0419e-01)	L_Trg_Inj 2.4979e-01 (2.8604e-01)	Loss Disc 6.9212e-01 (6.9044e-01)	Loss Pred 5.8006e-01 (5.8832e-01)	Loss TOTAL 9.7395e-01 (9.9092e-01)
Epoch: [9][240/313]	L_Src_Sup 1.2770e-01 (2.0471e-01)	L_Trg_Inj 1.7174e-01 (2.8563e-01)	Loss Disc 6.9228e-01 (6.9045e-01)	Loss Pred 5.8705e-01 (5.8818e-01)	Loss TOTAL 9.6314e-01 (9.9098e-01)
Epoch: [9][250/313]	L_Src_Sup 1.5388e-01 (2.0531e-01)	L_Trg_Inj 2.8100e-01 (2.8587e-01)	Loss Disc 6.8571e-01 (6.9039e-01)	Loss Pred 5.9756e-01 (5.8853e-01)	Loss TOTAL 9.8390e-01 (9.9150e-01)
Epoch: [9][260/313]	L_Src_Sup 1.4433e-01 (2.0482e-01)	L_Trg_Inj 2.4982e-01 (2.8545e-01)	Loss Disc 6.9171e-01 (6.9041e-01)	Loss Pred 5.7664e-01 (5.8869e-01)	Loss TOTAL 9.6191e-01 (9.9128e-01)
Epoch: [9][270/313]	L_Src_Sup 1.2501e-01 (2.0447e-01)	L_Trg_Inj 3.4340e-01 (2.8596e-01)	Loss Disc 6.9000e-01 (6.9041e-01)	Loss Pred 5.8009e-01 (5.8877e-01)	Loss TOTAL 9.7193e-01 (9.9109e-01)
Epoch: [9][280/313]	L_Src_Sup 1.6170e-01 (2.0448e-01)	L_Trg_Inj 2.8321e-01 (2.8535e-01)	Loss Disc 6.9185e-01 (6.9044e-01)	Loss Pred 5.6946e-01 (5.8856e-01)	Loss TOTAL 9.5987e-01 (9.9097e-01)
Epoch: [9][290/313]	L_Src_Sup 6.3547e-02 (2.0446e-01)	L_Trg_Inj 3.2733e-01 (2.8462e-01)	Loss Disc 6.9063e-01 (6.9048e-01)	Loss Pred 5.8371e-01 (5.8847e-01)	Loss TOTAL 9.6811e-01 (9.9152e-01)
Epoch: [9][300/313]	L_Src_Sup 1.6296e-01 (2.0504e-01)	L_Trg_Inj 2.4424e-01 (2.8644e-01)	Loss Disc 6.8855e-01 (6.9043e-01)	Loss Pred 6.2538e-01 (5.8886e-01)	Loss TOTAL 1.0104e+00 (9.9221e-01)
Epoch: [9][310/313]	L_Src_Sup 1.7264e-01 (2.0478e-01)	L_Trg_Inj 2.6565e-01 (2.8677e-01)	Loss Disc 6.8713e-01 (6.9036e-01)	Loss Pred 5.9185e-01 (5.8946e-01)	Loss TOTAL 9.7925e-01 (9.9266e-01)
Epoch: [9][313/313]	L_Src_Sup 6.6837e-02 (2.0419e-01)	L_Trg_Inj 2.1825e-01 (2.8621e-01)	Loss Disc 6.9029e-01 (6.9035e-01)	Loss Pred 6.0153e-01 (5.8948e-01)	Loss TOTAL 9.7519e-01 (9.9247e-01)
Epoch 9 complete. Saving model state...
Epoch: [10][ 10/313]	L_Src_Sup 1.3308e-01 (2.1913e-01)	L_Trg_Inj 4.6100e-01 (3.3005e-01)	Loss Disc 6.8651e-01 (6.8861e-01)	Loss Pred 6.0099e-01 (5.9775e-01)	Loss TOTAL 1.0037e+00 (1.0047e+00)
Epoch: [10][ 20/313]	L_Src_Sup 1.7205e-01 (2.1317e-01)	L_Trg_Inj 2.3376e-01 (3.0448e-01)	Loss Disc 6.8973e-01 (6.8896e-01)	Loss Pred 5.9075e-01 (5.9190e-01)	Loss TOTAL 9.7620e-01 (9.9213e-01)
Epoch: [10][ 30/313]	L_Src_Sup 1.5730e-01 (2.1859e-01)	L_Trg_Inj 3.4291e-01 (2.9935e-01)	Loss Disc 6.8721e-01 (6.8907e-01)	Loss Pred 6.0439e-01 (5.9175e-01)	Loss TOTAL 9.9802e-01 (9.9518e-01)
Epoch: [10][ 40/313]	L_Src_Sup 2.0719e-01 (2.1014e-01)	L_Trg_Inj 3.4316e-01 (2.9387e-01)	Loss Disc 6.9257e-01 (6.8930e-01)	Loss Pred 5.4629e-01 (5.9021e-01)	Loss TOTAL 9.4761e-01 (9.9124e-01)
Epoch: [10][ 50/313]	L_Src_Sup 1.5054e-01 (2.1254e-01)	L_Trg_Inj 2.0129e-01 (2.9263e-01)	Loss Disc 6.9430e-01 (6.8953e-01)	Loss Pred 5.9067e-01 (5.8801e-01)	Loss TOTAL 9.7301e-01 (9.8808e-01)
Epoch: [10][ 60/313]	L_Src_Sup 1.0990e-01 (2.1268e-01)	L_Trg_Inj 3.2776e-01 (2.9091e-01)	Loss Disc 6.8822e-01 (6.8967e-01)	Loss Pred 5.9771e-01 (5.8899e-01)	Loss TOTAL 9.8559e-01 (9.9051e-01)
Epoch: [10][ 70/313]	L_Src_Sup 2.2222e-01 (2.1099e-01)	L_Trg_Inj 1.4031e-01 (2.8768e-01)	Loss Disc 6.9295e-01 (6.8974e-01)	Loss Pred 6.0099e-01 (5.9017e-01)	Loss TOTAL 1.0656e+00 (9.9213e-01)
Epoch: [10][ 80/313]	L_Src_Sup 2.6966e-01 (2.0882e-01)	L_Trg_Inj 2.9622e-01 (2.8853e-01)	Loss Disc 6.9107e-01 (6.8990e-01)	Loss Pred 6.0444e-01 (5.9006e-01)	Loss TOTAL 1.0066e+00 (9.9202e-01)
Epoch: [10][ 90/313]	L_Src_Sup 1.9565e-01 (2.0718e-01)	L_Trg_Inj 3.7355e-01 (2.9268e-01)	Loss Disc 6.8770e-01 (6.8983e-01)	Loss Pred 5.9410e-01 (5.8983e-01)	Loss TOTAL 9.9487e-01 (9.9193e-01)
Epoch: [10][100/313]	L_Src_Sup 1.2001e-01 (2.0485e-01)	L_Trg_Inj 2.9619e-01 (2.8974e-01)	Loss Disc 6.9156e-01 (6.8994e-01)	Loss Pred 5.6655e-01 (5.8929e-01)	Loss TOTAL 9.5395e-01 (9.9223e-01)
Epoch: [10][110/313]	L_Src_Sup 1.7143e-01 (2.0067e-01)	L_Trg_Inj 2.8106e-01 (2.9169e-01)	Loss Disc 6.9075e-01 (6.8991e-01)	Loss Pred 5.4861e-01 (5.8891e-01)	Loss TOTAL 9.3923e-01 (9.9083e-01)
Epoch: [10][120/313]	L_Src_Sup 8.3334e-02 (1.9741e-01)	L_Trg_Inj 2.9650e-01 (2.9309e-01)	Loss Disc 6.9165e-01 (6.8999e-01)	Loss Pred 5.7989e-01 (5.8840e-01)	Loss TOTAL 9.6370e-01 (9.8985e-01)
Epoch: [10][130/313]	L_Src_Sup 1.0989e-01 (1.9555e-01)	L_Trg_Inj 3.1345e-01 (2.9239e-01)	Loss Disc 6.9030e-01 (6.9003e-01)	Loss Pred 5.9781e-01 (5.8841e-01)	Loss TOTAL 9.8529e-01 (9.8906e-01)
Epoch: [10][140/313]	L_Src_Sup 2.3658e-01 (1.9510e-01)	L_Trg_Inj 2.4977e-01 (2.9142e-01)	Loss Disc 6.9143e-01 (6.9010e-01)	Loss Pred 5.9064e-01 (5.8798e-01)	Loss TOTAL 9.8499e-01 (9.8834e-01)
Epoch: [10][150/313]	L_Src_Sup 2.3193e-01 (1.9527e-01)	L_Trg_Inj 1.5613e-01 (2.8958e-01)	Loss Disc 6.9021e-01 (6.9013e-01)	Loss Pred 6.3250e-01 (5.8827e-01)	Loss TOTAL 1.0922e+00 (9.8854e-01)
Epoch: [10][160/313]	L_Src_Sup 2.5525e-01 (1.9520e-01)	L_Trg_Inj 3.4418e-01 (2.9026e-01)	Loss Disc 6.9170e-01 (6.9017e-01)	Loss Pred 5.8727e-01 (5.8808e-01)	Loss TOTAL 9.9307e-01 (9.8885e-01)
Epoch: [10][170/313]	L_Src_Sup 1.8182e-01 (1.9562e-01)	L_Trg_Inj 2.3415e-01 (2.9007e-01)	Loss Disc 6.9318e-01 (6.9019e-01)	Loss Pred 5.6908e-01 (5.8829e-01)	Loss TOTAL 9.5727e-01 (9.8868e-01)
Epoch: [10][180/313]	L_Src_Sup 1.9149e-01 (1.9643e-01)	L_Trg_Inj 3.2768e-01 (2.8933e-01)	Loss Disc 6.8898e-01 (6.9020e-01)	Loss Pred 5.8700e-01 (5.8856e-01)	Loss TOTAL 9.8341e-01 (9.8922e-01)
Epoch: [10][190/313]	L_Src_Sup 3.0760e-01 (1.9787e-01)	L_Trg_Inj 2.1996e-01 (2.8838e-01)	Loss Disc 6.9208e-01 (6.9020e-01)	Loss Pred 5.8355e-01 (5.8912e-01)	Loss TOTAL 1.0700e+00 (9.9030e-01)
Epoch: [10][200/313]	L_Src_Sup 2.8172e-01 (1.9820e-01)	L_Trg_Inj 2.9677e-01 (2.8732e-01)	Loss Disc 6.8793e-01 (6.9021e-01)	Loss Pred 6.2709e-01 (5.8941e-01)	Loss TOTAL 1.0289e+00 (9.9042e-01)
Epoch: [10][210/313]	L_Src_Sup 1.5428e-01 (1.9781e-01)	L_Trg_Inj 3.4341e-01 (2.8731e-01)	Loss Disc 6.8913e-01 (6.9026e-01)	Loss Pred 5.9817e-01 (5.8907e-01)	Loss TOTAL 9.9251e-01 (9.9039e-01)
Epoch: [10][220/313]	L_Src_Sup 2.2577e-01 (1.9831e-01)	L_Trg_Inj 3.1219e-01 (2.8854e-01)	Loss Disc 6.9313e-01 (6.9022e-01)	Loss Pred 5.7669e-01 (5.8948e-01)	Loss TOTAL 9.7705e-01 (9.9113e-01)
Epoch: [10][230/313]	L_Src_Sup 2.5179e-01 (1.9904e-01)	L_Trg_Inj 3.7627e-01 (2.8671e-01)	Loss Disc 6.8893e-01 (6.9026e-01)	Loss Pred 6.0573e-01 (5.8956e-01)	Loss TOTAL 1.0130e+00 (9.9217e-01)
Epoch: [10][240/313]	L_Src_Sup 3.0782e-01 (1.9970e-01)	L_Trg_Inj 3.1245e-01 (2.8726e-01)	Loss Disc 6.9136e-01 (6.9024e-01)	Loss Pred 5.7341e-01 (5.8952e-01)	Loss TOTAL 9.8112e-01 (9.9201e-01)
Epoch: [10][250/313]	L_Src_Sup 3.1330e-01 (1.9956e-01)	L_Trg_Inj 1.7331e-01 (2.8590e-01)	Loss Disc 6.9112e-01 (6.9024e-01)	Loss Pred 5.8040e-01 (5.8978e-01)	Loss TOTAL 1.1146e+00 (9.9277e-01)
Epoch: [10][260/313]	L_Src_Sup 2.3163e-01 (2.0088e-01)	L_Trg_Inj 3.7491e-01 (2.8661e-01)	Loss Disc 6.8888e-01 (6.9015e-01)	Loss Pred 5.8390e-01 (5.9043e-01)	Loss TOTAL 9.8899e-01 (9.9387e-01)
Epoch: [10][270/313]	L_Src_Sup 1.7389e-01 (2.0113e-01)	L_Trg_Inj 3.2822e-01 (2.8625e-01)	Loss Disc 6.8900e-01 (6.9023e-01)	Loss Pred 5.9411e-01 (5.8999e-01)	Loss TOTAL 9.8882e-01 (9.9363e-01)
Epoch: [10][280/313]	L_Src_Sup 2.0834e-01 (2.0085e-01)	L_Trg_Inj 2.3387e-01 (2.8441e-01)	Loss Disc 6.9221e-01 (6.9028e-01)	Loss Pred 5.8016e-01 (5.8989e-01)	Loss TOTAL 9.7048e-01 (9.9333e-01)
Epoch: [10][290/313]	L_Src_Sup 1.3793e-01 (2.0048e-01)	L_Trg_Inj 3.5928e-01 (2.8434e-01)	Loss Disc 6.8786e-01 (6.9029e-01)	Loss Pred 6.1175e-01 (5.8983e-01)	Loss TOTAL 1.0054e+00 (9.9305e-01)
Epoch: [10][300/313]	L_Src_Sup 2.9473e-01 (2.0263e-01)	L_Trg_Inj 2.4990e-01 (2.8470e-01)	Loss Disc 6.9226e-01 (6.9029e-01)	Loss Pred 5.8344e-01 (5.8960e-01)	Loss TOTAL 1.0289e+00 (9.9356e-01)
Epoch: [10][310/313]	L_Src_Sup 2.0225e-01 (2.0212e-01)	L_Trg_Inj 2.4992e-01 (2.8509e-01)	Loss Disc 6.9088e-01 (6.9030e-01)	Loss Pred 6.0485e-01 (5.8959e-01)	Loss TOTAL 9.9550e-01 (9.9351e-01)
Epoch: [10][313/313]	L_Src_Sup 2.3762e-01 (2.0269e-01)	L_Trg_Inj 4.9982e-01 (2.8575e-01)	Loss Disc 6.8681e-01 (6.9029e-01)	Loss Pred 5.6217e-01 (5.8958e-01)	Loss TOTAL 9.7932e-01 (9.9391e-01)
Epoch 10 complete. Saving model state...
Epoch: [11][ 10/313]	L_Src_Sup 2.3656e-01 (1.9666e-01)	L_Trg_Inj 2.4949e-01 (2.9148e-01)	Loss Disc 6.8980e-01 (6.8977e-01)	Loss Pred 5.9056e-01 (5.9627e-01)	Loss TOTAL 9.8406e-01 (9.8997e-01)
Epoch: [11][ 20/313]	L_Src_Sup 2.6530e-01 (2.0050e-01)	L_Trg_Inj 2.9659e-01 (2.9600e-01)	Loss Disc 6.9140e-01 (6.8949e-01)	Loss Pred 5.7303e-01 (5.9324e-01)	Loss TOTAL 9.7492e-01 (9.8764e-01)
Epoch: [11][ 30/313]	L_Src_Sup 1.3183e-01 (2.0536e-01)	L_Trg_Inj 3.5929e-01 (2.9158e-01)	Loss Disc 6.8771e-01 (6.8978e-01)	Loss Pred 5.9764e-01 (5.9320e-01)	Loss TOTAL 9.9061e-01 (9.9065e-01)
Epoch: [11][ 40/313]	L_Src_Sup 1.8823e-01 (2.0149e-01)	L_Trg_Inj 2.1865e-01 (2.8702e-01)	Loss Disc 6.9136e-01 (6.9037e-01)	Loss Pred 6.1899e-01 (5.9054e-01)	Loss TOTAL 1.0054e+00 (9.8783e-01)
Epoch: [11][ 50/313]	L_Src_Sup 2.1653e-01 (2.0476e-01)	L_Trg_Inj 2.4994e-01 (2.8829e-01)	Loss Disc 6.9329e-01 (6.9040e-01)	Loss Pred 5.5950e-01 (5.9170e-01)	Loss TOTAL 9.5279e-01 (9.9030e-01)
Epoch: [11][ 60/313]	L_Src_Sup 1.5842e-01 (2.0359e-01)	L_Trg_Inj 2.9675e-01 (2.9099e-01)	Loss Disc 6.9155e-01 (6.9027e-01)	Loss Pred 5.6291e-01 (5.9190e-01)	Loss TOTAL 9.5420e-01 (9.8991e-01)
Epoch: [11][ 70/313]	L_Src_Sup 1.5911e-01 (2.0148e-01)	L_Trg_Inj 2.9668e-01 (2.8827e-01)	Loss Disc 6.8936e-01 (6.9044e-01)	Loss Pred 6.0807e-01 (5.9117e-01)	Loss TOTAL 9.9833e-01 (9.8938e-01)
Epoch: [11][ 80/313]	L_Src_Sup 3.3706e-01 (2.0499e-01)	L_Trg_Inj 3.4358e-01 (2.8583e-01)	Loss Disc 6.9109e-01 (6.9047e-01)	Loss Pred 5.8362e-01 (5.9123e-01)	Loss TOTAL 9.9723e-01 (9.9067e-01)
Epoch: [11][ 90/313]	L_Src_Sup 2.8899e-01 (2.0476e-01)	L_Trg_Inj 1.4044e-01 (2.8379e-01)	Loss Disc 6.9358e-01 (6.9048e-01)	Loss Pred 6.0106e-01 (5.9105e-01)	Loss TOTAL 1.1393e+00 (9.9149e-01)
Epoch: [11][100/313]	L_Src_Sup 1.8182e-01 (2.0549e-01)	L_Trg_Inj 2.3420e-01 (2.8492e-01)	Loss Disc 6.9269e-01 (6.9056e-01)	Loss Pred 5.6948e-01 (5.9040e-01)	Loss TOTAL 9.5742e-01 (9.9104e-01)
Epoch: [11][110/313]	L_Src_Sup 1.0203e-01 (2.0526e-01)	L_Trg_Inj 3.4359e-01 (2.8515e-01)	Loss Disc 6.9060e-01 (6.9057e-01)	Loss Pred 5.7287e-01 (5.8997e-01)	Loss TOTAL 9.6273e-01 (9.9059e-01)
Epoch: [11][120/313]	L_Src_Sup 2.6532e-01 (2.0477e-01)	L_Trg_Inj 2.0301e-01 (2.8586e-01)	Loss Disc 6.9217e-01 (6.9057e-01)	Loss Pred 5.7284e-01 (5.9011e-01)	Loss TOTAL 1.0281e+00 (9.9094e-01)
Epoch: [11][130/313]	L_Src_Sup 2.3534e-01 (2.0559e-01)	L_Trg_Inj 2.9226e-01 (2.8606e-01)	Loss Disc 6.8797e-01 (6.9052e-01)	Loss Pred 6.1882e-01 (5.9051e-01)	Loss TOTAL 1.0156e+00 (9.9212e-01)
Epoch: [11][140/313]	L_Src_Sup 8.7914e-02 (2.0628e-01)	L_Trg_Inj 3.2699e-01 (2.8769e-01)	Loss Disc 6.9014e-01 (6.9050e-01)	Loss Pred 5.9763e-01 (5.9027e-01)	Loss TOTAL 9.8419e-01 (9.9190e-01)
Epoch: [11][150/313]	L_Src_Sup 1.6664e-01 (2.0519e-01)	L_Trg_Inj 3.2716e-01 (2.8961e-01)	Loss Disc 6.8963e-01 (6.9051e-01)	Loss Pred 5.7985e-01 (5.8958e-01)	Loss TOTAL 9.7404e-01 (9.9083e-01)
Epoch: [11][160/313]	L_Src_Sup 2.4000e-01 (2.0320e-01)	L_Trg_Inj 2.6400e-01 (2.8918e-01)	Loss Disc 6.9279e-01 (6.9052e-01)	Loss Pred 5.6553e-01 (5.8942e-01)	Loss TOTAL 9.6232e-01 (9.9003e-01)
Epoch: [11][170/313]	L_Src_Sup 1.0002e-01 (2.0174e-01)	L_Trg_Inj 3.9174e-02 (2.8708e-01)	Loss Disc 6.9283e-01 (6.9051e-01)	Loss Pred 5.6594e-01 (5.8962e-01)	Loss TOTAL 9.8711e-01 (9.8987e-01)
Epoch: [11][180/313]	L_Src_Sup 2.6428e-01 (2.0252e-01)	L_Trg_Inj 2.0446e-01 (2.8780e-01)	Loss Disc 6.9260e-01 (6.9048e-01)	Loss Pred 5.9772e-01 (5.8967e-01)	Loss TOTAL 1.0507e+00 (9.9010e-01)
Epoch: [11][190/313]	L_Src_Sup 1.4113e-01 (2.0093e-01)	L_Trg_Inj 2.8114e-01 (2.8639e-01)	Loss Disc 6.9039e-01 (6.9043e-01)	Loss Pred 6.1926e-01 (5.8980e-01)	Loss TOTAL 1.0067e+00 (9.8966e-01)
Epoch: [11][200/313]	L_Src_Sup 2.1481e-01 (2.0166e-01)	L_Trg_Inj 2.2983e-01 (2.8482e-01)	Loss Disc 6.9509e-01 (6.9052e-01)	Loss Pred 5.9079e-01 (5.8994e-01)	Loss TOTAL 9.8280e-01 (9.9002e-01)
Epoch: [11][210/313]	L_Src_Sup 1.6837e-01 (2.0254e-01)	L_Trg_Inj 3.5912e-01 (2.8524e-01)	Loss Disc 6.8735e-01 (6.9054e-01)	Loss Pred 5.8360e-01 (5.8974e-01)	Loss TOTAL 9.8002e-01 (9.9005e-01)
Epoch: [11][220/313]	L_Src_Sup 1.7587e-01 (2.0266e-01)	L_Trg_Inj 2.6535e-01 (2.8644e-01)	Loss Disc 6.9230e-01 (6.9047e-01)	Loss Pred 5.9765e-01 (5.8982e-01)	Loss TOTAL 9.8793e-01 (9.9022e-01)
Epoch: [11][230/313]	L_Src_Sup 7.6919e-02 (2.0295e-01)	L_Trg_Inj 2.9639e-01 (2.8626e-01)	Loss Disc 6.9737e-01 (6.9042e-01)	Loss Pred 6.4355e-01 (5.9011e-01)	Loss TOTAL 1.0296e+00 (9.9027e-01)
Epoch: [11][240/313]	L_Src_Sup 2.2857e-01 (2.0321e-01)	L_Trg_Inj 3.1206e-01 (2.8615e-01)	Loss Disc 6.8466e-01 (6.9037e-01)	Loss Pred 5.4885e-01 (5.8999e-01)	Loss TOTAL 9.4524e-01 (9.8998e-01)
Epoch: [11][250/313]	L_Src_Sup 2.4175e-01 (2.0346e-01)	L_Trg_Inj 3.1177e-01 (2.8668e-01)	Loss Disc 6.8705e-01 (6.9030e-01)	Loss Pred 5.9755e-01 (5.9007e-01)	Loss TOTAL 9.9643e-01 (9.8987e-01)
Epoch: [11][260/313]	L_Src_Sup 2.0621e-01 (2.0423e-01)	L_Trg_Inj 1.8595e-01 (2.8623e-01)	Loss Disc 6.9078e-01 (6.9027e-01)	Loss Pred 5.7653e-01 (5.8999e-01)	Loss TOTAL 9.8140e-01 (9.9015e-01)
Epoch: [11][270/313]	L_Src_Sup 1.9354e-01 (2.0436e-01)	L_Trg_Inj 2.0265e-01 (2.8580e-01)	Loss Disc 6.9453e-01 (6.9028e-01)	Loss Pred 5.9057e-01 (5.8969e-01)	Loss TOTAL 9.7746e-01 (9.8959e-01)
Epoch: [11][280/313]	L_Src_Sup 2.2463e-01 (2.0489e-01)	L_Trg_Inj 1.5545e-01 (2.8560e-01)	Loss Disc 6.9312e-01 (6.9030e-01)	Loss Pred 6.0508e-01 (5.8935e-01)	Loss TOTAL 1.0588e+00 (9.8966e-01)
Epoch: [11][290/313]	L_Src_Sup 2.3994e-01 (2.0584e-01)	L_Trg_Inj 1.7077e-01 (2.8565e-01)	Loss Disc 6.9093e-01 (6.9035e-01)	Loss Pred 5.6538e-01 (5.8918e-01)	Loss TOTAL 1.0211e+00 (9.8978e-01)
Epoch: [11][300/313]	L_Src_Sup 2.0453e-01 (2.0590e-01)	L_Trg_Inj 2.6518e-01 (2.8564e-01)	Loss Disc 6.9099e-01 (6.9039e-01)	Loss Pred 6.0872e-01 (5.8932e-01)	Loss TOTAL 1.0012e+00 (9.8973e-01)
Epoch: [11][310/313]	L_Src_Sup 2.1051e-01 (2.0537e-01)	L_Trg_Inj 2.2563e-01 (2.8649e-01)	Loss Disc 6.9205e-01 (6.9039e-01)	Loss Pred 5.8333e-01 (5.8912e-01)	Loss TOTAL 9.7297e-01 (9.8938e-01)
Epoch: [11][313/313]	L_Src_Sup 3.2263e-01 (2.0539e-01)	L_Trg_Inj 3.2421e-01 (2.8636e-01)	Loss Disc 6.9038e-01 (6.9040e-01)	Loss Pred 5.9065e-01 (5.8910e-01)	Loss TOTAL 1.0005e+00 (9.8929e-01)
Epoch 11 complete. Saving model state...
Epoch: [12][ 10/313]	L_Src_Sup 2.7989e-01 (2.1018e-01)	L_Trg_Inj 2.6845e-01 (2.9153e-01)	Loss Disc 6.9139e-01 (6.9069e-01)	Loss Pred 5.4386e-01 (5.7749e-01)	Loss TOTAL 9.5583e-01 (9.7949e-01)
Epoch: [12][ 20/313]	L_Src_Sup 3.5432e-01 (2.2226e-01)	L_Trg_Inj 2.3742e-01 (2.7388e-01)	Loss Disc 6.9035e-01 (6.9044e-01)	Loss Pred 5.6054e-01 (5.8661e-01)	Loss TOTAL 1.0818e+00 (9.9881e-01)
Epoch: [12][ 30/313]	L_Src_Sup 2.6395e-01 (5.6267e-01)	L_Trg_Inj 3.3721e-01 (6.0537e-01)	Loss Disc 6.9134e-01 (6.9035e-01)	Loss Pred 5.9499e-01 (5.8972e-01)	Loss TOTAL 1.0008e+00 (1.0657e+00)
Epoch: [12][ 40/313]	L_Src_Sup 2.3221e-01 (4.7316e-01)	L_Trg_Inj 2.1831e-01 (5.3567e-01)	Loss Disc 6.9185e-01 (6.9006e-01)	Loss Pred 5.8345e-01 (5.9010e-01)	Loss TOTAL 9.8833e-01 (1.0484e+00)
Epoch: [12][ 50/313]	L_Src_Sup 1.4834e-01 (4.1438e-01)	L_Trg_Inj 1.8899e-01 (4.9675e-01)	Loss Disc 6.9122e-01 (6.8965e-01)	Loss Pred 6.3368e-01 (5.9143e-01)	Loss TOTAL 1.0130e+00 (1.0373e+00)
Epoch: [12][ 60/313]	L_Src_Sup 3.2004e-01 (3.8543e-01)	L_Trg_Inj 2.9681e-01 (4.6163e-01)	Loss Disc 6.9199e-01 (6.8971e-01)	Loss Pred 5.6582e-01 (5.9136e-01)	Loss TOTAL 9.9672e-01 (1.0314e+00)
Epoch: [12][ 70/313]	L_Src_Sup 1.1111e-01 (3.6047e-01)	L_Trg_Inj 3.7498e-01 (4.3798e-01)	Loss Disc 6.8988e-01 (6.8980e-01)	Loss Pred 6.0116e-01 (5.9130e-01)	Loss TOTAL 9.9470e-01 (1.0254e+00)
Epoch: [12][ 80/313]	L_Src_Sup 1.6568e-01 (3.4198e-01)	L_Trg_Inj 3.2809e-01 (4.1483e-01)	Loss Disc 6.8871e-01 (6.8992e-01)	Loss Pred 5.7640e-01 (5.9063e-01)	Loss TOTAL 9.7014e-01 (1.0214e+00)
Epoch: [12][ 90/313]	L_Src_Sup 1.3186e-01 (3.2633e-01)	L_Trg_Inj 1.8749e-01 (3.9924e-01)	Loss Disc 6.9151e-01 (6.8996e-01)	Loss Pred 5.9776e-01 (5.8991e-01)	Loss TOTAL 9.7545e-01 (1.0175e+00)
Epoch: [12][100/313]	L_Src_Sup 1.2498e-01 (3.1379e-01)	L_Trg_Inj 3.7497e-01 (3.9081e-01)	Loss Disc 6.8827e-01 (6.8987e-01)	Loss Pred 5.7998e-01 (5.9073e-01)	Loss TOTAL 9.7411e-01 (1.0152e+00)
Epoch: [12][110/313]	L_Src_Sup 2.2726e-01 (3.0326e-01)	L_Trg_Inj 2.3448e-01 (3.7969e-01)	Loss Disc 6.8905e-01 (6.8999e-01)	Loss Pred 6.0818e-01 (5.9062e-01)	Loss TOTAL 9.9888e-01 (1.0125e+00)
Epoch: [12][120/313]	L_Src_Sup 1.6326e-01 (2.9640e-01)	L_Trg_Inj 2.9688e-01 (3.6940e-01)	Loss Disc 6.9379e-01 (6.9007e-01)	Loss Pred 5.7327e-01 (5.9132e-01)	Loss TOTAL 9.6618e-01 (1.0127e+00)
Epoch: [12][130/313]	L_Src_Sup 2.3418e-01 (2.8926e-01)	L_Trg_Inj 4.3448e-01 (3.7076e-01)	Loss Disc 6.8837e-01 (6.9000e-01)	Loss Pred 5.5610e-01 (5.9085e-01)	Loss TOTAL 9.6715e-01 (1.0127e+00)
Epoch: [12][140/313]	L_Src_Sup 2.6950e-01 (2.8454e-01)	L_Trg_Inj 3.2796e-01 (3.6799e-01)	Loss Disc 6.9080e-01 (6.8996e-01)	Loss Pred 5.5233e-01 (5.9054e-01)	Loss TOTAL 9.5747e-01 (1.0109e+00)
Epoch: [12][150/313]	L_Src_Sup 1.7977e-01 (2.7577e-01)	L_Trg_Inj 2.9686e-01 (3.6606e-01)	Loss Disc 6.8786e-01 (6.8990e-01)	Loss Pred 6.0450e-01 (5.9087e-01)	Loss TOTAL 9.9610e-01 (1.0096e+00)
Epoch: [12][160/313]	L_Src_Sup 9.9992e-02 (2.7041e-01)	L_Trg_Inj 2.8123e-01 (3.6094e-01)	Loss Disc 6.9047e-01 (6.8996e-01)	Loss Pred 5.6576e-01 (5.9013e-01)	Loss TOTAL 9.4912e-01 (1.0074e+00)
Epoch: [12][170/313]	L_Src_Sup 2.8911e-01 (2.6574e-01)	L_Trg_Inj 2.0313e-01 (3.5692e-01)	Loss Disc 6.9046e-01 (6.8997e-01)	Loss Pred 6.2656e-01 (5.8993e-01)	Loss TOTAL 1.1070e+00 (1.0065e+00)
Epoch: [12][180/313]	L_Src_Sup 2.3913e-01 (2.6406e-01)	L_Trg_Inj 2.6601e-01 (3.5410e-01)	Loss Disc 6.8928e-01 (6.8994e-01)	Loss Pred 5.9410e-01 (5.9024e-01)	Loss TOTAL 9.8925e-01 (1.0064e+00)
Epoch: [12][190/313]	L_Src_Sup 2.0225e-01 (2.6061e-01)	L_Trg_Inj 3.2817e-01 (3.4953e-01)	Loss Disc 6.9075e-01 (6.9000e-01)	Loss Pred 6.0475e-01 (5.9013e-01)	Loss TOTAL 1.0032e+00 (1.0056e+00)
Epoch: [12][200/313]	L_Src_Sup 1.5841e-01 (2.5729e-01)	L_Trg_Inj 3.2813e-01 (3.4752e-01)	Loss Disc 6.9004e-01 (6.9002e-01)	Loss Pred 5.6217e-01 (5.8988e-01)	Loss TOTAL 9.5584e-01 (1.0044e+00)
Epoch: [12][210/313]	L_Src_Sup 2.5289e-01 (2.5574e-01)	L_Trg_Inj 3.7499e-01 (3.4459e-01)	Loss Disc 6.8949e-01 (6.9006e-01)	Loss Pred 5.8505e-01 (5.9012e-01)	Loss TOTAL 9.9258e-01 (1.0043e+00)
Epoch: [12][220/313]	L_Src_Sup 2.1739e-01 (2.5380e-01)	L_Trg_Inj 3.2810e-01 (3.4228e-01)	Loss Disc 6.9052e-01 (6.9008e-01)	Loss Pred 5.9407e-01 (5.9009e-01)	Loss TOTAL 9.9388e-01 (1.0040e+00)
Epoch: [12][230/313]	L_Src_Sup 1.7391e-01 (2.5066e-01)	L_Trg_Inj 2.6562e-01 (3.4193e-01)	Loss Disc 6.9027e-01 (6.9005e-01)	Loss Pred 5.9410e-01 (5.8986e-01)	Loss TOTAL 9.8319e-01 (1.0030e+00)
Epoch: [12][240/313]	L_Src_Sup 2.7905e-01 (2.4773e-01)	L_Trg_Inj 4.0619e-01 (3.3903e-01)	Loss Disc 6.8688e-01 (6.9007e-01)	Loss Pred 6.1585e-01 (5.8967e-01)	Loss TOTAL 1.0278e+00 (1.0022e+00)
Epoch: [12][250/313]	L_Src_Sup 3.1918e-01 (2.4627e-01)	L_Trg_Inj 3.5935e-01 (3.3685e-01)	Loss Disc 6.9062e-01 (6.9010e-01)	Loss Pred 5.8695e-01 (5.8959e-01)	Loss TOTAL 1.0001e+00 (1.0020e+00)
Epoch: [12][260/313]	L_Src_Sup 2.9473e-01 (2.4550e-01)	L_Trg_Inj 2.9684e-01 (3.3585e-01)	Loss Disc 6.9110e-01 (6.9009e-01)	Loss Pred 5.8335e-01 (5.8955e-01)	Loss TOTAL 9.8805e-01 (1.0018e+00)
Epoch: [12][270/313]	L_Src_Sup 1.7218e-01 (2.4416e-01)	L_Trg_Inj 4.0198e-01 (3.3401e-01)	Loss Disc 6.8735e-01 (6.9011e-01)	Loss Pred 5.9075e-01 (5.8951e-01)	Loss TOTAL 9.9184e-01 (1.0014e+00)
Epoch: [12][280/313]	L_Src_Sup 2.0224e-01 (2.4294e-01)	L_Trg_Inj 3.1253e-01 (3.3252e-01)	Loss Disc 6.8837e-01 (6.9007e-01)	Loss Pred 6.0456e-01 (5.9002e-01)	Loss TOTAL 1.0002e+00 (1.0016e+00)
Epoch: [12][290/313]	L_Src_Sup 2.6084e-01 (2.4092e-01)	L_Trg_Inj 2.8127e-01 (3.3087e-01)	Loss Disc 6.8894e-01 (6.9008e-01)	Loss Pred 5.9408e-01 (5.8970e-01)	Loss TOTAL 9.9277e-01 (1.0006e+00)
Epoch: [12][300/313]	L_Src_Sup 2.3913e-01 (2.3961e-01)	L_Trg_Inj 3.4383e-01 (3.2890e-01)	Loss Disc 6.8920e-01 (6.9012e-01)	Loss Pred 5.9412e-01 (5.8955e-01)	Loss TOTAL 9.9702e-01 (1.0002e+00)
Epoch: [12][310/313]	L_Src_Sup 2.0209e-01 (2.3811e-01)	L_Trg_Inj 2.8126e-01 (3.2711e-01)	Loss Disc 6.9225e-01 (6.9017e-01)	Loss Pred 5.6908e-01 (5.8936e-01)	Loss TOTAL 9.6354e-01 (9.9982e-01)
Epoch: [12][313/313]	L_Src_Sup 3.0279e-01 (2.3814e-01)	L_Trg_Inj 2.3439e-01 (3.2705e-01)	Loss Disc 6.9229e-01 (6.9017e-01)	Loss Pred 5.6896e-01 (5.8928e-01)	Loss TOTAL 1.0372e+00 (9.9988e-01)
Epoch 12 complete. Saving model state...
Epoch: [13][ 10/313]	L_Src_Sup 2.2681e-01 (1.9733e-01)	L_Trg_Inj 3.1253e-01 (2.7665e-01)	Loss Disc 6.9056e-01 (6.9099e-01)	Loss Pred 5.7598e-01 (5.8662e-01)	Loss TOTAL 9.7519e-01 (9.8556e-01)
Epoch: [13][ 20/313]	L_Src_Sup 2.4208e-01 (2.0633e-01)	L_Trg_Inj 3.1246e-01 (2.8676e-01)	Loss Disc 6.9036e-01 (6.9086e-01)	Loss Pred 5.6852e-01 (5.8296e-01)	Loss TOTAL 9.6916e-01 (9.8072e-01)
Epoch: [13][ 30/313]	L_Src_Sup 1.8947e-01 (2.1636e-01)	L_Trg_Inj 1.8733e-01 (2.7929e-01)	Loss Disc 6.9272e-01 (6.9092e-01)	Loss Pred 5.8328e-01 (5.8688e-01)	Loss TOTAL 9.6947e-01 (9.9276e-01)
Epoch: [13][ 40/313]	L_Src_Sup 2.6000e-01 (2.1043e-01)	L_Trg_Inj 2.8121e-01 (2.7821e-01)	Loss Disc 6.9186e-01 (6.9091e-01)	Loss Pred 5.6494e-01 (5.8599e-01)	Loss TOTAL 9.6499e-01 (9.9150e-01)
Epoch: [13][ 50/313]	L_Src_Sup 2.5002e-01 (2.0820e-01)	L_Trg_Inj 2.4995e-01 (2.8083e-01)	Loss Disc 6.9223e-01 (6.9080e-01)	Loss Pred 5.7964e-01 (5.8773e-01)	Loss TOTAL 9.7582e-01 (9.9252e-01)
Epoch: [13][ 60/313]	L_Src_Sup 1.5762e-01 (2.0455e-01)	L_Trg_Inj 3.4373e-01 (2.8149e-01)	Loss Disc 6.8879e-01 (6.9079e-01)	Loss Pred 6.0553e-01 (5.8775e-01)	Loss TOTAL 1.0001e+00 (9.9205e-01)
Epoch: [13][ 70/313]	L_Src_Sup 2.2256e-01 (2.0352e-01)	L_Trg_Inj 2.5002e-01 (2.7744e-01)	Loss Disc 6.8864e-01 (6.9075e-01)	Loss Pred 6.0141e-01 (5.8904e-01)	Loss TOTAL 9.9299e-01 (9.9368e-01)
Epoch: [13][ 80/313]	L_Src_Sup 1.8138e-01 (2.0491e-01)	L_Trg_Inj 3.7498e-01 (2.7692e-01)	Loss Disc 6.8968e-01 (6.9093e-01)	Loss Pred 6.0186e-01 (5.8996e-01)	Loss TOTAL 1.0023e+00 (9.9605e-01)
Epoch: [13][ 90/313]	L_Src_Sup 1.7649e-01 (2.0021e-01)	L_Trg_Inj 3.5924e-01 (2.8142e-01)	Loss Disc 6.8470e-01 (6.9080e-01)	Loss Pred 5.5872e-01 (5.8948e-01)	Loss TOTAL 9.5464e-01 (9.9411e-01)
Epoch: [13][100/313]	L_Src_Sup 1.3351e-01 (2.0127e-01)	L_Trg_Inj 3.7423e-01 (2.8168e-01)	Loss Disc 6.8768e-01 (6.9073e-01)	Loss Pred 6.0164e-01 (5.9012e-01)	Loss TOTAL 9.9626e-01 (9.9464e-01)
Epoch: [13][110/313]	L_Src_Sup 1.6095e-01 (2.0177e-01)	L_Trg_Inj 3.1250e-01 (2.8510e-01)	Loss Disc 6.9247e-01 (6.9064e-01)	Loss Pred 6.1183e-01 (5.8996e-01)	Loss TOTAL 1.0054e+00 (9.9441e-01)
Epoch: [13][120/313]	L_Src_Sup 1.0001e-01 (2.0045e-01)	L_Trg_Inj 3.5934e-01 (2.8544e-01)	Loss Disc 6.8960e-01 (6.9071e-01)	Loss Pred 5.6556e-01 (5.8919e-01)	Loss TOTAL 9.5629e-01 (9.9371e-01)
Epoch: [13][130/313]	L_Src_Sup 1.7977e-01 (2.0224e-01)	L_Trg_Inj 2.1871e-01 (2.8560e-01)	Loss Disc 6.9243e-01 (6.9072e-01)	Loss Pred 6.0497e-01 (5.8913e-01)	Loss TOTAL 9.9103e-01 (9.9304e-01)
Epoch: [13][140/313]	L_Src_Sup 1.3862e-01 (2.0345e-01)	L_Trg_Inj 2.6559e-01 (2.8506e-01)	Loss Disc 6.9105e-01 (6.9074e-01)	Loss Pred 5.6172e-01 (5.8880e-01)	Loss TOTAL 9.4767e-01 (9.9317e-01)
Epoch: [13][150/313]	L_Src_Sup 1.3793e-01 (2.0160e-01)	L_Trg_Inj 3.2806e-01 (2.8532e-01)	Loss Disc 6.8921e-01 (6.9073e-01)	Loss Pred 6.1195e-01 (5.8956e-01)	Loss TOTAL 1.0032e+00 (9.9314e-01)
Epoch: [13][160/313]	L_Src_Sup 1.4458e-01 (1.9929e-01)	L_Trg_Inj 2.6555e-01 (2.8536e-01)	Loss Disc 6.9069e-01 (6.9074e-01)	Loss Pred 6.2669e-01 (5.8903e-01)	Loss TOTAL 1.0130e+00 (9.9179e-01)
Epoch: [13][170/313]	L_Src_Sup 3.4343e-01 (1.9847e-01)	L_Trg_Inj 2.7498e-01 (2.8799e-01)	Loss Disc 6.9221e-01 (6.9069e-01)	Loss Pred 5.6888e-01 (5.8876e-01)	Loss TOTAL 1.0453e+00 (9.9155e-01)
Epoch: [13][180/313]	L_Src_Sup 2.9323e-01 (1.9978e-01)	L_Trg_Inj 3.3918e-01 (2.8774e-01)	Loss Disc 6.8854e-01 (6.9067e-01)	Loss Pred 5.9449e-01 (5.8879e-01)	Loss TOTAL 1.0020e+00 (9.9198e-01)
Epoch: [13][190/313]	L_Src_Sup 2.3912e-01 (2.0077e-01)	L_Trg_Inj 3.4377e-01 (2.8783e-01)	Loss Disc 6.9072e-01 (6.9068e-01)	Loss Pred 5.9492e-01 (5.8907e-01)	Loss TOTAL 9.9857e-01 (9.9232e-01)
Epoch: [13][200/313]	L_Src_Sup 3.0953e-01 (2.0105e-01)	L_Trg_Inj 1.8747e-01 (2.8735e-01)	Loss Disc 6.9224e-01 (6.9071e-01)	Loss Pred 6.2258e-01 (5.8952e-01)	Loss TOTAL 1.1405e+00 (9.9358e-01)
Epoch: [13][210/313]	L_Src_Sup 1.9372e-01 (2.0033e-01)	L_Trg_Inj 3.1245e-01 (2.8758e-01)	Loss Disc 6.8972e-01 (6.9070e-01)	Loss Pred 5.9055e-01 (5.8970e-01)	Loss TOTAL 9.8602e-01 (9.9366e-01)
Epoch: [13][220/313]	L_Src_Sup 1.3805e-01 (2.0103e-01)	L_Trg_Inj 2.8122e-01 (2.8744e-01)	Loss Disc 6.9261e-01 (6.9069e-01)	Loss Pred 6.1183e-01 (5.8959e-01)	Loss TOTAL 1.0001e+00 (9.9353e-01)
Epoch: [13][230/313]	L_Src_Sup 2.5281e-01 (2.0004e-01)	L_Trg_Inj 2.6572e-01 (2.8724e-01)	Loss Disc 6.8991e-01 (6.9071e-01)	Loss Pred 6.1177e-01 (5.8993e-01)	Loss TOTAL 1.0086e+00 (9.9334e-01)
Epoch: [13][240/313]	L_Src_Sup 2.2680e-01 (1.9991e-01)	L_Trg_Inj 2.8116e-01 (2.8770e-01)	Loss Disc 6.9174e-01 (6.9062e-01)	Loss Pred 5.7648e-01 (5.8964e-01)	Loss TOTAL 9.7315e-01 (9.9291e-01)
Epoch: [13][250/313]	L_Src_Sup 2.9221e-01 (2.0095e-01)	L_Trg_Inj 2.1868e-01 (2.8816e-01)	Loss Disc 6.8955e-01 (6.9063e-01)	Loss Pred 6.0465e-01 (5.8972e-01)	Loss TOTAL 1.0740e+00 (9.9369e-01)
Epoch: [13][260/313]	L_Src_Sup 1.8823e-01 (2.0097e-01)	L_Trg_Inj 2.8106e-01 (2.8742e-01)	Loss Disc 6.8811e-01 (6.9060e-01)	Loss Pred 6.1871e-01 (5.8976e-01)	Loss TOTAL 1.0097e+00 (9.9331e-01)
Epoch: [13][270/313]	L_Src_Sup 2.2221e-01 (2.0077e-01)	L_Trg_Inj 2.4986e-01 (2.8701e-01)	Loss Disc 6.9060e-01 (6.9063e-01)	Loss Pred 6.0112e-01 (5.8965e-01)	Loss TOTAL 9.9363e-01 (9.9302e-01)
Epoch: [13][280/313]	L_Src_Sup 2.1277e-01 (1.9995e-01)	L_Trg_Inj 2.6535e-01 (2.8640e-01)	Loss Disc 6.9122e-01 (6.9064e-01)	Loss Pred 5.8697e-01 (5.8931e-01)	Loss TOTAL 9.8039e-01 (9.9225e-01)
Epoch: [13][290/313]	L_Src_Sup 1.4124e-01 (2.0071e-01)	L_Trg_Inj 3.2871e-01 (2.8660e-01)	Loss Disc 6.8858e-01 (6.9065e-01)	Loss Pred 6.1922e-01 (5.8946e-01)	Loss TOTAL 1.0105e+00 (9.9265e-01)
Epoch: [13][300/313]	L_Src_Sup 1.7203e-01 (2.0079e-01)	L_Trg_Inj 2.6549e-01 (2.8658e-01)	Loss Disc 6.9035e-01 (6.9064e-01)	Loss Pred 5.9055e-01 (5.8940e-01)	Loss TOTAL 9.7948e-01 (9.9232e-01)
Epoch: [13][310/313]	L_Src_Sup 1.9058e-01 (2.0076e-01)	L_Trg_Inj 3.1227e-01 (2.8625e-01)	Loss Disc 6.9357e-01 (6.9066e-01)	Loss Pred 5.4755e-01 (5.8921e-01)	Loss TOTAL 9.4461e-01 (9.9183e-01)
Epoch: [13][313/313]	L_Src_Sup 1.9603e-01 (2.0082e-01)	L_Trg_Inj 2.3414e-01 (2.8699e-01)	Loss Disc 6.9444e-01 (6.9065e-01)	Loss Pred 5.5825e-01 (5.8920e-01)	Loss TOTAL 9.4849e-01 (9.9181e-01)
Epoch 13 complete. Saving model state...
Epoch: [14][ 10/313]	L_Src_Sup 1.8796e-01 (1.8873e-01)	L_Trg_Inj 1.8740e-01 (2.9353e-01)	Loss Disc 6.9403e-01 (6.9069e-01)	Loss Pred 5.7994e-01 (5.9776e-01)	Loss TOTAL 9.6504e-01 (9.9297e-01)
Epoch: [14][ 20/313]	L_Src_Sup 2.8316e-01 (2.0825e-01)	L_Trg_Inj 2.4894e-01 (2.7467e-01)	Loss Disc 6.9156e-01 (6.9120e-01)	Loss Pred 5.9412e-01 (5.9183e-01)	Loss TOTAL 1.0273e+00 (9.9417e-01)
Epoch: [14][ 30/313]	L_Src_Sup 1.7341e-01 (2.0061e-01)	L_Trg_Inj 2.4968e-01 (2.7996e-01)	Loss Disc 6.9063e-01 (6.9108e-01)	Loss Pred 5.9417e-01 (5.8975e-01)	Loss TOTAL 9.8179e-01 (9.8897e-01)
Epoch: [14][ 40/313]	L_Src_Sup 2.8553e-01 (2.0120e-01)	L_Trg_Inj 2.3240e-01 (2.8008e-01)	Loss Disc 6.8982e-01 (6.9104e-01)	Loss Pred 5.9770e-01 (5.9113e-01)	Loss TOTAL 1.0475e+00 (9.9032e-01)
Epoch: [14][ 50/313]	L_Src_Sup 2.4582e-01 (1.9977e-01)	L_Trg_Inj 3.1452e-01 (2.7580e-01)	Loss Disc 6.9384e-01 (6.9112e-01)	Loss Pred 5.7285e-01 (5.9012e-01)	Loss TOTAL 9.7580e-01 (9.9007e-01)
Epoch: [14][ 60/313]	L_Src_Sup 2.2743e-01 (1.9990e-01)	L_Trg_Inj 1.7179e-01 (2.7858e-01)	Loss Disc 6.9258e-01 (6.9132e-01)	Loss Pred 5.4770e-01 (5.8946e-01)	Loss TOTAL 9.8955e-01 (9.9101e-01)
Epoch: [14][ 70/313]	L_Src_Sup 1.6326e-01 (2.0134e-01)	L_Trg_Inj 2.9678e-01 (2.7932e-01)	Loss Disc 6.8491e-01 (6.9100e-01)	Loss Pred 5.7243e-01 (5.8854e-01)	Loss TOTAL 9.6089e-01 (9.9026e-01)
Epoch: [14][ 80/313]	L_Src_Sup 2.1433e-01 (1.9836e-01)	L_Trg_Inj 2.4991e-01 (2.7841e-01)	Loss Disc 6.9616e-01 (6.9056e-01)	Loss Pred 6.2383e-01 (5.8789e-01)	Loss TOTAL 1.0183e+00 (9.8798e-01)
Epoch: [14][ 90/313]	L_Src_Sup 1.7995e-01 (2.0383e-01)	L_Trg_Inj 2.9673e-01 (2.7949e-01)	Loss Disc 6.8771e-01 (6.9040e-01)	Loss Pred 5.6498e-01 (5.8780e-01)	Loss TOTAL 9.5650e-01 (9.9055e-01)
Epoch: [14][100/313]	L_Src_Sup 3.1255e-01 (2.0655e-01)	L_Trg_Inj 2.8106e-01 (2.8234e-01)	Loss Disc 6.9539e-01 (6.9055e-01)	Loss Pred 6.2722e-01 (5.8841e-01)	Loss TOTAL 1.0658e+00 (9.9299e-01)
Epoch: [14][110/313]	L_Src_Sup 1.8601e-01 (2.0763e-01)	L_Trg_Inj 4.5296e-01 (2.8492e-01)	Loss Disc 6.9181e-01 (6.9070e-01)	Loss Pred 6.1610e-01 (5.8852e-01)	Loss TOTAL 1.0259e+00 (9.9259e-01)
Epoch: [14][120/313]	L_Src_Sup 1.9611e-01 (2.0918e-01)	L_Trg_Inj 2.6551e-01 (2.8577e-01)	Loss Disc 6.9045e-01 (6.9084e-01)	Loss Pred 5.9448e-01 (5.8826e-01)	Loss TOTAL 9.8587e-01 (9.9211e-01)
Epoch: [14][130/313]	L_Src_Sup 1.7209e-01 (2.0963e-01)	L_Trg_Inj 2.9676e-01 (2.8492e-01)	Loss Disc 6.8871e-01 (6.9085e-01)	Loss Pred 5.9058e-01 (5.8859e-01)	Loss TOTAL 9.8182e-01 (9.9231e-01)
Epoch: [14][140/313]	L_Src_Sup 2.0930e-01 (2.0970e-01)	L_Trg_Inj 1.5580e-01 (2.8475e-01)	Loss Disc 6.9278e-01 (6.9091e-01)	Loss Pred 6.1631e-01 (5.8806e-01)	Loss TOTAL 1.0527e+00 (9.9155e-01)
Epoch: [14][150/313]	L_Src_Sup 1.9770e-01 (2.0831e-01)	L_Trg_Inj 2.9661e-01 (2.8450e-01)	Loss Disc 6.9014e-01 (6.9091e-01)	Loss Pred 5.9790e-01 (5.8835e-01)	Loss TOTAL 9.9240e-01 (9.9156e-01)
Epoch: [14][160/313]	L_Src_Sup 1.7709e-01 (2.0709e-01)	L_Trg_Inj 2.3293e-01 (2.8324e-01)	Loss Disc 6.8837e-01 (6.9091e-01)	Loss Pred 6.4124e-01 (5.8895e-01)	Loss TOTAL 1.0264e+00 (9.9138e-01)
Epoch: [14][170/313]	L_Src_Sup 1.3493e-01 (2.0470e-01)	L_Trg_Inj 2.3424e-01 (2.8258e-01)	Loss Disc 6.9195e-01 (6.9103e-01)	Loss Pred 6.0499e-01 (5.8879e-01)	Loss TOTAL 9.8788e-01 (9.9051e-01)
Epoch: [14][180/313]	L_Src_Sup 2.0695e-01 (2.0481e-01)	L_Trg_Inj 3.4336e-01 (2.8441e-01)	Loss Disc 6.9027e-01 (6.9102e-01)	Loss Pred 6.1202e-01 (5.8917e-01)	Loss TOTAL 1.0122e+00 (9.9166e-01)
Epoch: [14][190/313]	L_Src_Sup 2.5542e-01 (2.0463e-01)	L_Trg_Inj 2.9594e-01 (2.8559e-01)	Loss Disc 6.9113e-01 (6.9100e-01)	Loss Pred 5.8724e-01 (5.8910e-01)	Loss TOTAL 9.8794e-01 (9.9217e-01)
Epoch: [14][200/313]	L_Src_Sup 1.3412e-01 (2.1011e-01)	L_Trg_Inj 1.6838e-01 (2.8795e-01)	Loss Disc 6.9287e-01 (6.9104e-01)	Loss Pred 6.0294e-01 (5.8948e-01)	Loss TOTAL 9.7963e-01 (9.9449e-01)
Epoch: [14][210/313]	L_Src_Sup 3.6731e-01 (2.1247e-01)	L_Trg_Inj 2.3413e-01 (2.8713e-01)	Loss Disc 6.8918e-01 (6.9101e-01)	Loss Pred 5.9367e-01 (5.8983e-01)	Loss TOTAL 1.1316e+00 (9.9605e-01)
Epoch: [14][220/313]	L_Src_Sup 2.1960e-01 (2.1256e-01)	L_Trg_Inj 2.0293e-01 (2.8642e-01)	Loss Disc 6.9061e-01 (6.9097e-01)	Loss Pred 6.2991e-01 (5.9014e-01)	Loss TOTAL 1.0341e+00 (9.9592e-01)
Epoch: [14][230/313]	L_Src_Sup 1.3044e-01 (2.1133e-01)	L_Trg_Inj 1.8727e-01 (2.8537e-01)	Loss Disc 6.9365e-01 (6.9096e-01)	Loss Pred 5.9430e-01 (5.9043e-01)	Loss TOTAL 9.7289e-01 (9.9620e-01)
Epoch: [14][240/313]	L_Src_Sup 2.2715e-01 (2.1024e-01)	L_Trg_Inj 2.8094e-01 (2.8646e-01)	Loss Disc 6.8860e-01 (6.9089e-01)	Loss Pred 6.0462e-01 (5.9042e-01)	Loss TOTAL 9.9973e-01 (9.9571e-01)
Epoch: [14][250/313]	L_Src_Sup 1.7205e-01 (2.1077e-01)	L_Trg_Inj 3.7464e-01 (2.8779e-01)	Loss Disc 6.8934e-01 (6.9084e-01)	Loss Pred 5.9072e-01 (5.9062e-01)	Loss TOTAL 9.9005e-01 (9.9579e-01)
Epoch: [14][260/313]	L_Src_Sup 1.0417e-01 (2.0945e-01)	L_Trg_Inj 3.4322e-01 (2.8779e-01)	Loss Disc 6.8590e-01 (6.9084e-01)	Loss Pred 5.8020e-01 (5.9014e-01)	Loss TOTAL 9.6789e-01 (9.9480e-01)
Epoch: [14][270/313]	L_Src_Sup 1.9151e-01 (2.0945e-01)	L_Trg_Inj 2.3346e-01 (2.8711e-01)	Loss Disc 6.8998e-01 (6.9079e-01)	Loss Pred 5.8717e-01 (5.8989e-01)	Loss TOTAL 9.7465e-01 (9.9450e-01)
Epoch: [14][280/313]	L_Src_Sup 2.2473e-01 (2.0914e-01)	L_Trg_Inj 2.7993e-01 (2.8691e-01)	Loss Disc 6.9518e-01 (6.9080e-01)	Loss Pred 6.0497e-01 (5.8983e-01)	Loss TOTAL 1.0030e+00 (9.9427e-01)
Epoch: [14][290/313]	L_Src_Sup 1.9231e-01 (2.0781e-01)	L_Trg_Inj 2.1359e-01 (2.8755e-01)	Loss Disc 6.9073e-01 (6.9082e-01)	Loss Pred 5.5190e-01 (5.8993e-01)	Loss TOTAL 9.3786e-01 (9.9399e-01)
Epoch: [14][300/313]	L_Src_Sup 1.8869e-01 (2.0763e-01)	L_Trg_Inj 2.7545e-01 (2.8791e-01)	Loss Disc 6.9008e-01 (6.9081e-01)	Loss Pred 5.4468e-01 (5.8979e-01)	Loss TOTAL 9.3614e-01 (9.9373e-01)
Epoch: [14][310/313]	L_Src_Sup 1.8818e-01 (2.0715e-01)	L_Trg_Inj 2.4979e-01 (2.8794e-01)	Loss Disc 6.9189e-01 (6.9082e-01)	Loss Pred 6.1913e-01 (5.8987e-01)	Loss TOTAL 1.0089e+00 (9.9351e-01)
Epoch: [14][313/313]	L_Src_Sup 2.2925e-01 (2.0732e-01)	L_Trg_Inj 2.1856e-01 (2.8782e-01)	Loss Disc 6.9229e-01 (6.9082e-01)	Loss Pred 5.8015e-01 (5.8983e-01)	Loss TOTAL 9.8177e-01 (9.9343e-01)
Epoch 14 complete. Saving model state...
Epoch: [15][ 10/313]	L_Src_Sup 1.3956e-01 (1.9255e-01)	L_Trg_Inj 2.4973e-01 (2.7011e-01)	Loss Disc 6.9093e-01 (6.9107e-01)	Loss Pred 6.1555e-01 (5.9108e-01)	Loss TOTAL 9.9994e-01 (9.8552e-01)
Epoch: [15][ 20/313]	L_Src_Sup 1.5555e-01 (2.0649e-01)	L_Trg_Inj 2.3413e-01 (2.6851e-01)	Loss Disc 6.9076e-01 (6.9069e-01)	Loss Pred 6.0115e-01 (5.9369e-01)	Loss TOTAL 9.8550e-01 (9.9633e-01)
Epoch: [15][ 30/313]	L_Src_Sup 1.7391e-01 (1.9849e-01)	L_Trg_Inj 3.7457e-01 (2.6435e-01)	Loss Disc 6.8868e-01 (6.9091e-01)	Loss Pred 5.9411e-01 (5.9271e-01)	Loss TOTAL 9.9329e-01 (9.9332e-01)
Epoch: [15][ 40/313]	L_Src_Sup 2.1275e-01 (1.9933e-01)	L_Trg_Inj 2.6543e-01 (2.7162e-01)	Loss Disc 6.9076e-01 (6.9097e-01)	Loss Pred 5.8712e-01 (5.8912e-01)	Loss TOTAL 9.8032e-01 (9.8875e-01)
Epoch: [15][ 50/313]	L_Src_Sup 1.9417e-01 (1.9370e-01)	L_Trg_Inj 2.8088e-01 (2.7347e-01)	Loss Disc 6.9113e-01 (6.9095e-01)	Loss Pred 5.5468e-01 (5.8712e-01)	Loss TOTAL 9.4774e-01 (9.8656e-01)
Epoch: [15][ 60/313]	L_Src_Sup 1.7391e-01 (1.9502e-01)	L_Trg_Inj 3.5898e-01 (2.7706e-01)	Loss Disc 6.8871e-01 (6.9089e-01)	Loss Pred 5.9432e-01 (5.8724e-01)	Loss TOTAL 9.9197e-01 (9.8593e-01)
Epoch: [15][ 70/313]	L_Src_Sup 3.2967e-01 (1.9590e-01)	L_Trg_Inj 2.9629e-01 (2.8289e-01)	Loss Disc 6.8942e-01 (6.9074e-01)	Loss Pred 5.9794e-01 (5.8742e-01)	Loss TOTAL 1.0386e+00 (9.8844e-01)
Epoch: [15][ 80/313]	L_Src_Sup 9.1952e-02 (1.9544e-01)	L_Trg_Inj 3.1176e-01 (2.9081e-01)	Loss Disc 6.8990e-01 (6.9063e-01)	Loss Pred 6.1265e-01 (5.8719e-01)	Loss TOTAL 9.9796e-01 (9.8793e-01)
Epoch: [15][ 90/313]	L_Src_Sup 3.1112e-01 (1.9778e-01)	L_Trg_Inj 2.0271e-01 (2.8895e-01)	Loss Disc 6.9169e-01 (6.9066e-01)	Loss Pred 6.0159e-01 (5.8734e-01)	Loss TOTAL 1.1072e+00 (9.9016e-01)
Epoch: [15][100/313]	L_Src_Sup 2.0456e-01 (2.0014e-01)	L_Trg_Inj 2.9538e-01 (2.9090e-01)	Loss Disc 6.8820e-01 (6.9058e-01)	Loss Pred 6.0862e-01 (5.8821e-01)	Loss TOTAL 1.0027e+00 (9.9194e-01)
Epoch: [15][110/313]	L_Src_Sup 2.2918e-01 (2.0105e-01)	L_Trg_Inj 1.5600e-01 (2.9169e-01)	Loss Disc 6.9151e-01 (6.9052e-01)	Loss Pred 5.7983e-01 (5.8810e-01)	Loss TOTAL 1.0373e+00 (9.9216e-01)
Epoch: [15][120/313]	L_Src_Sup 2.1740e-01 (2.0051e-01)	L_Trg_Inj 3.9015e-01 (2.9247e-01)	Loss Disc 6.9000e-01 (6.9042e-01)	Loss Pred 5.9416e-01 (5.8861e-01)	Loss TOTAL 9.9992e-01 (9.9185e-01)
Epoch: [15][130/313]	L_Src_Sup 8.0808e-02 (1.9693e-01)	L_Trg_Inj 3.1174e-01 (2.9179e-01)	Loss Disc 6.9233e-01 (6.9044e-01)	Loss Pred 5.6901e-01 (5.8813e-01)	Loss TOTAL 9.5443e-01 (9.9097e-01)
Epoch: [15][140/313]	L_Src_Sup 1.2121e-01 (1.9787e-01)	L_Trg_Inj 2.6523e-01 (2.9291e-01)	Loss Disc 6.9309e-01 (6.9045e-01)	Loss Pred 5.6870e-01 (5.8748e-01)	Loss TOTAL 9.5389e-01 (9.9097e-01)
Epoch: [15][150/313]	L_Src_Sup 2.7089e-01 (1.9934e-01)	L_Trg_Inj 2.8229e-01 (2.9334e-01)	Loss Disc 6.9133e-01 (6.9047e-01)	Loss Pred 5.7963e-01 (5.8713e-01)	Loss TOTAL 9.8061e-01 (9.9043e-01)
Epoch: [15][160/313]	L_Src_Sup 2.3915e-01 (1.9923e-01)	L_Trg_Inj 2.4899e-01 (2.9277e-01)	Loss Disc 6.9089e-01 (6.9052e-01)	Loss Pred 5.9446e-01 (5.8682e-01)	Loss TOTAL 9.8872e-01 (9.8952e-01)
Epoch: [15][170/313]	L_Src_Sup 2.0835e-01 (1.9938e-01)	L_Trg_Inj 2.7010e-01 (2.8989e-01)	Loss Disc 6.9357e-01 (6.9056e-01)	Loss Pred 5.7962e-01 (5.8737e-01)	Loss TOTAL 9.7425e-01 (9.9015e-01)
Epoch: [15][180/313]	L_Src_Sup 1.9356e-01 (1.9893e-01)	L_Trg_Inj 2.6532e-01 (2.8869e-01)	Loss Disc 6.9031e-01 (6.9059e-01)	Loss Pred 5.9069e-01 (5.8752e-01)	Loss TOTAL 9.8174e-01 (9.9037e-01)
Epoch: [15][190/313]	L_Src_Sup 1.0753e-01 (1.9863e-01)	L_Trg_Inj 2.6530e-01 (2.8779e-01)	Loss Disc 6.9125e-01 (6.9060e-01)	Loss Pred 5.9059e-01 (5.8770e-01)	Loss TOTAL 9.7350e-01 (9.9007e-01)
Epoch: [15][200/313]	L_Src_Sup 1.7391e-01 (1.9667e-01)	L_Trg_Inj 3.7417e-01 (2.8611e-01)	Loss Disc 6.8984e-01 (6.9062e-01)	Loss Pred 5.9424e-01 (5.8794e-01)	Loss TOTAL 9.9397e-01 (9.8953e-01)
Epoch: [15][210/313]	L_Src_Sup 3.4783e-01 (1.9797e-01)	L_Trg_Inj 4.6394e-01 (2.8790e-01)	Loss Disc 6.8672e-01 (6.9060e-01)	Loss Pred 5.9423e-01 (5.8776e-01)	Loss TOTAL 1.0188e+00 (9.8951e-01)
Epoch: [15][220/313]	L_Src_Sup 1.7206e-01 (1.9792e-01)	L_Trg_Inj 3.1223e-01 (2.8701e-01)	Loss Disc 6.9068e-01 (6.9066e-01)	Loss Pred 5.9064e-01 (5.8776e-01)	Loss TOTAL 9.8441e-01 (9.8956e-01)
Epoch: [15][230/313]	L_Src_Sup 1.2120e-01 (1.9964e-01)	L_Trg_Inj 3.7476e-01 (2.8681e-01)	Loss Disc 6.8912e-01 (6.9068e-01)	Loss Pred 5.6932e-01 (5.8822e-01)	Loss TOTAL 9.6348e-01 (9.9092e-01)
Epoch: [15][240/313]	L_Src_Sup 2.6000e-01 (1.9925e-01)	L_Trg_Inj 2.9656e-01 (2.8769e-01)	Loss Disc 6.8712e-01 (6.9058e-01)	Loss Pred 5.6537e-01 (5.8793e-01)	Loss TOTAL 9.6459e-01 (9.9026e-01)
Epoch: [15][250/313]	L_Src_Sup 1.5385e-01 (1.9890e-01)	L_Trg_Inj 2.4883e-01 (2.8741e-01)	Loss Disc 6.9510e-01 (6.9064e-01)	Loss Pred 5.9792e-01 (5.8830e-01)	Loss TOTAL 9.8573e-01 (9.9046e-01)
Epoch: [15][260/313]	L_Src_Sup 1.7573e-01 (1.9883e-01)	L_Trg_Inj 2.1908e-01 (2.8393e-01)	Loss Disc 6.9288e-01 (6.9067e-01)	Loss Pred 5.9905e-01 (5.8885e-01)	Loss TOTAL 9.8497e-01 (9.9253e-01)
Epoch: [15][270/313]	L_Src_Sup 2.1589e-01 (2.0125e-01)	L_Trg_Inj 2.9688e-01 (2.8572e-01)	Loss Disc 6.9041e-01 (6.9076e-01)	Loss Pred 5.9283e-01 (5.8865e-01)	Loss TOTAL 9.8931e-01 (9.9308e-01)
Epoch: [15][280/313]	L_Src_Sup 1.6172e-01 (2.0054e-01)	L_Trg_Inj 2.4997e-01 (2.8494e-01)	Loss Disc 6.8975e-01 (6.9076e-01)	Loss Pred 5.6943e-01 (5.8868e-01)	Loss TOTAL 9.5548e-01 (9.9259e-01)
Epoch: [15][290/313]	L_Src_Sup 1.2766e-01 (1.9960e-01)	L_Trg_Inj 3.5906e-01 (2.8608e-01)	Loss Disc 6.8935e-01 (6.9071e-01)	Loss Pred 5.8700e-01 (5.8857e-01)	Loss TOTAL 9.8035e-01 (9.9212e-01)
Epoch: [15][300/313]	L_Src_Sup 2.4316e-01 (2.0094e-01)	L_Trg_Inj 3.5951e-01 (2.8758e-01)	Loss Disc 6.8910e-01 (6.9069e-01)	Loss Pred 5.7038e-01 (5.8879e-01)	Loss TOTAL 9.7520e-01 (9.9291e-01)
Epoch: [15][310/313]	L_Src_Sup 1.5787e-01 (2.0085e-01)	L_Trg_Inj 1.8750e-01 (2.8768e-01)	Loss Disc 6.9188e-01 (6.9069e-01)	Loss Pred 6.0446e-01 (5.8923e-01)	Loss TOTAL 9.8494e-01 (9.9312e-01)
Epoch: [15][313/313]	L_Src_Sup 1.3956e-01 (2.0083e-01)	L_Trg_Inj 2.6563e-01 (2.8762e-01)	Loss Disc 6.9037e-01 (6.9069e-01)	Loss Pred 6.1559e-01 (5.8924e-01)	Loss TOTAL 1.0013e+00 (9.9304e-01)
Epoch 15 complete. Saving model state...
Epoch: [16][ 10/313]	L_Src_Sup 1.8832e-01 (2.0982e-01)	L_Trg_Inj 3.4555e-01 (2.7790e-01)	Loss Disc 6.8908e-01 (6.9058e-01)	Loss Pred 6.1801e-01 (5.9883e-01)	Loss TOTAL 1.0159e+00 (1.0012e+00)
Epoch: [16][ 20/313]	L_Src_Sup 2.5000e-01 (2.1672e-01)	L_Trg_Inj 2.8109e-01 (2.7940e-01)	Loss Disc 6.9052e-01 (6.9064e-01)	Loss Pred 6.0770e-01 (5.9265e-01)	Loss TOTAL 1.0061e+00 (9.9255e-01)
Epoch: [16][ 30/313]	L_Src_Sup 1.3483e-01 (2.0481e-01)	L_Trg_Inj 3.1248e-01 (2.8209e-01)	Loss Disc 6.8867e-01 (6.9053e-01)	Loss Pred 6.0420e-01 (5.9331e-01)	Loss TOTAL 9.9326e-01 (9.9058e-01)
Epoch: [16][ 40/313]	L_Src_Sup 1.7021e-01 (2.0665e-01)	L_Trg_Inj 3.1247e-01 (2.8330e-01)	Loss Disc 6.8912e-01 (6.9045e-01)	Loss Pred 5.8714e-01 (5.9340e-01)	Loss TOTAL 9.7997e-01 (9.9114e-01)
Epoch: [16][ 50/313]	L_Src_Sup 2.6611e-01 (2.0620e-01)	L_Trg_Inj 1.8749e-01 (2.7979e-01)	Loss Disc 6.9112e-01 (6.9046e-01)	Loss Pred 6.0077e-01 (5.9228e-01)	Loss TOTAL 1.0703e+00 (9.9125e-01)
Epoch: [16][ 60/313]	L_Src_Sup 1.9047e-01 (2.0534e-01)	L_Trg_Inj 4.8386e-01 (2.9017e-01)	Loss Disc 6.8797e-01 (6.9040e-01)	Loss Pred 5.4924e-01 (5.9045e-01)	Loss TOTAL 9.6066e-01 (9.8948e-01)
Epoch: [16][ 70/313]	L_Src_Sup 9.7564e-02 (2.0547e-01)	L_Trg_Inj 2.4998e-01 (2.8121e-01)	Loss Disc 6.9028e-01 (6.9059e-01)	Loss Pred 6.2870e-01 (5.9121e-01)	Loss TOTAL 1.0086e+00 (9.9365e-01)
Epoch: [16][ 80/313]	L_Src_Sup 1.6666e-01 (2.0273e-01)	L_Trg_Inj 1.4060e-01 (2.7730e-01)	Loss Disc 6.9364e-01 (6.9067e-01)	Loss Pred 5.8022e-01 (5.9082e-01)	Loss TOTAL 9.8382e-01 (9.9197e-01)
Epoch: [16][ 90/313]	L_Src_Sup 3.9080e-01 (2.0702e-01)	L_Trg_Inj 2.1871e-01 (2.7907e-01)	Loss Disc 6.9076e-01 (6.9061e-01)	Loss Pred 6.1148e-01 (5.9041e-01)	Loss TOTAL 1.1899e+00 (9.9396e-01)
Epoch: [16][100/313]	L_Src_Sup 1.3792e-01 (2.0788e-01)	L_Trg_Inj 1.8750e-01 (2.8086e-01)	Loss Disc 6.8676e-01 (6.9043e-01)	Loss Pred 6.1104e-01 (5.9149e-01)	Loss TOTAL 9.8696e-01 (9.9425e-01)
Epoch: [16][110/313]	L_Src_Sup 2.4176e-01 (2.0924e-01)	L_Trg_Inj 2.8119e-01 (2.8017e-01)	Loss Disc 6.9238e-01 (6.9041e-01)	Loss Pred 5.9732e-01 (5.9161e-01)	Loss TOTAL 9.9581e-01 (9.9459e-01)
Epoch: [16][120/313]	L_Src_Sup 1.3725e-01 (2.0663e-01)	L_Trg_Inj 2.0302e-01 (2.8388e-01)	Loss Disc 6.9233e-01 (6.9037e-01)	Loss Pred 5.5970e-01 (5.9104e-01)	Loss TOTAL 9.3989e-01 (9.9337e-01)
Epoch: [16][130/313]	L_Src_Sup 1.6162e-01 (2.0649e-01)	L_Trg_Inj 2.4985e-01 (2.8254e-01)	Loss Disc 6.9419e-01 (6.9048e-01)	Loss Pred 5.6982e-01 (5.9081e-01)	Loss TOTAL 9.5806e-01 (9.9261e-01)
Epoch: [16][140/313]	L_Src_Sup 1.8372e-01 (2.0646e-01)	L_Trg_Inj 2.1863e-01 (2.8069e-01)	Loss Disc 6.9226e-01 (6.9049e-01)	Loss Pred 5.7322e-01 (5.9067e-01)	Loss TOTAL 9.5958e-01 (9.9276e-01)
Epoch: [16][150/313]	L_Src_Sup 2.4742e-01 (2.0483e-01)	L_Trg_Inj 3.1226e-01 (2.8133e-01)	Loss Disc 6.9133e-01 (6.9051e-01)	Loss Pred 5.7667e-01 (5.9070e-01)	Loss TOTAL 9.7830e-01 (9.9222e-01)
Epoch: [16][160/313]	L_Src_Sup 2.2918e-01 (2.0537e-01)	L_Trg_Inj 3.1233e-01 (2.8122e-01)	Loss Disc 6.9209e-01 (6.9052e-01)	Loss Pred 5.8020e-01 (5.9093e-01)	Loss TOTAL 9.8040e-01 (9.9268e-01)
Epoch: [16][170/313]	L_Src_Sup 1.6334e-01 (2.0774e-01)	L_Trg_Inj 3.5789e-01 (2.8275e-01)	Loss Disc 6.8936e-01 (6.9055e-01)	Loss Pred 6.1502e-01 (5.9048e-01)	Loss TOTAL 1.0118e+00 (9.9325e-01)
Epoch: [16][180/313]	L_Src_Sup 1.0883e-01 (2.0749e-01)	L_Trg_Inj 2.6445e-01 (2.8420e-01)	Loss Disc 6.9183e-01 (6.9056e-01)	Loss Pred 5.9404e-01 (5.9035e-01)	Loss TOTAL 9.7728e-01 (9.9354e-01)
Epoch: [16][190/313]	L_Src_Sup 1.8391e-01 (2.0805e-01)	L_Trg_Inj 3.1152e-01 (2.8568e-01)	Loss Disc 6.8911e-01 (6.9054e-01)	Loss Pred 6.1191e-01 (5.8992e-01)	Loss TOTAL 1.0060e+00 (9.9284e-01)
Epoch: [16][200/313]	L_Src_Sup 2.5532e-01 (2.0901e-01)	L_Trg_Inj 2.3389e-01 (2.8599e-01)	Loss Disc 6.9171e-01 (6.9055e-01)	Loss Pred 5.8699e-01 (5.8991e-01)	Loss TOTAL 1.0032e+00 (9.9360e-01)
Epoch: [16][210/313]	L_Src_Sup 2.4000e-01 (2.0853e-01)	L_Trg_Inj 3.1185e-01 (2.8534e-01)	Loss Disc 6.9160e-01 (6.9060e-01)	Loss Pred 5.6593e-01 (5.8999e-01)	Loss TOTAL 9.6691e-01 (9.9357e-01)
Epoch: [16][220/313]	L_Src_Sup 2.6374e-01 (2.0792e-01)	L_Trg_Inj 2.7922e-01 (2.8616e-01)	Loss Disc 6.9048e-01 (6.9060e-01)	Loss Pred 5.9759e-01 (5.8999e-01)	Loss TOTAL 9.9713e-01 (9.9318e-01)
Epoch: [16][230/313]	L_Src_Sup 2.0627e-01 (2.0741e-01)	L_Trg_Inj 2.9103e-01 (2.8548e-01)	Loss Disc 6.8908e-01 (6.9058e-01)	Loss Pred 5.7643e-01 (5.9006e-01)	Loss TOTAL 9.7070e-01 (9.9292e-01)
Epoch: [16][240/313]	L_Src_Sup 2.4535e-01 (2.0768e-01)	L_Trg_Inj 3.7413e-01 (2.8546e-01)	Loss Disc 6.8557e-01 (6.9049e-01)	Loss Pred 5.4433e-01 (5.8962e-01)	Loss TOTAL 9.4906e-01 (9.9213e-01)
Epoch: [16][250/313]	L_Src_Sup 1.8184e-01 (2.0748e-01)	L_Trg_Inj 3.1216e-01 (2.8502e-01)	Loss Disc 6.9059e-01 (6.9057e-01)	Loss Pred 5.6908e-01 (5.8956e-01)	Loss TOTAL 9.6378e-01 (9.9255e-01)
Epoch: [16][260/313]	L_Src_Sup 1.8367e-01 (2.0696e-01)	L_Trg_Inj 2.4861e-01 (2.8542e-01)	Loss Disc 6.9113e-01 (6.9057e-01)	Loss Pred 5.7236e-01 (5.8921e-01)	Loss TOTAL 9.6116e-01 (9.9187e-01)
Epoch: [16][270/313]	L_Src_Sup 2.5295e-01 (2.0731e-01)	L_Trg_Inj 2.4994e-01 (2.8568e-01)	Loss Disc 6.9204e-01 (6.9060e-01)	Loss Pred 6.1227e-01 (5.8942e-01)	Loss TOTAL 1.0116e+00 (9.9188e-01)
Epoch: [16][280/313]	L_Src_Sup 2.5817e-01 (2.0812e-01)	L_Trg_Inj 2.6557e-01 (2.8540e-01)	Loss Disc 6.9131e-01 (6.9062e-01)	Loss Pred 5.9149e-01 (5.8938e-01)	Loss TOTAL 9.8951e-01 (9.9193e-01)
Epoch: [16][290/313]	L_Src_Sup 1.8186e-01 (2.0790e-01)	L_Trg_Inj 3.7489e-01 (2.8591e-01)	Loss Disc 6.8924e-01 (6.9062e-01)	Loss Pred 5.6909e-01 (5.8950e-01)	Loss TOTAL 9.6938e-01 (9.9198e-01)
Epoch: [16][300/313]	L_Src_Sup 2.4242e-01 (2.0708e-01)	L_Trg_Inj 2.8112e-01 (2.8638e-01)	Loss Disc 6.9103e-01 (6.9062e-01)	Loss Pred 5.6895e-01 (5.8926e-01)	Loss TOTAL 9.6682e-01 (9.9158e-01)
Epoch: [16][310/313]	L_Src_Sup 2.2680e-01 (2.0643e-01)	L_Trg_Inj 2.6545e-01 (2.8616e-01)	Loss Disc 6.9101e-01 (6.9063e-01)	Loss Pred 5.7587e-01 (5.8883e-01)	Loss TOTAL 9.7060e-01 (9.9083e-01)
Epoch: [16][313/313]	L_Src_Sup 2.0689e-01 (2.0608e-01)	L_Trg_Inj 3.7470e-01 (2.8606e-01)	Loss Disc 6.8885e-01 (6.9063e-01)	Loss Pred 6.1279e-01 (5.8892e-01)	Loss TOTAL 1.0154e+00 (9.9080e-01)
Epoch 16 complete. Saving model state...
Epoch: [17][ 10/313]	L_Src_Sup 1.4897e-01 (2.2715e-01)	L_Trg_Inj 3.1245e-01 (3.0931e-01)	Loss Disc 6.8964e-01 (6.8981e-01)	Loss Pred 5.8721e-01 (5.9054e-01)	Loss TOTAL 9.7818e-01 (9.9721e-01)
Epoch: [17][ 20/313]	L_Src_Sup 1.9355e-01 (2.1625e-01)	L_Trg_Inj 2.8116e-01 (2.7515e-01)	Loss Disc 6.8892e-01 (6.9039e-01)	Loss Pred 5.9055e-01 (5.9223e-01)	Loss TOTAL 9.8249e-01 (9.9221e-01)
Epoch: [17][ 30/313]	L_Src_Sup 1.7088e-01 (2.1203e-01)	L_Trg_Inj 2.6560e-01 (2.7047e-01)	Loss Disc 6.8841e-01 (6.9044e-01)	Loss Pred 6.3051e-01 (5.9201e-01)	Loss TOTAL 1.0184e+00 (9.9725e-01)
Epoch: [17][ 40/313]	L_Src_Sup 1.6845e-01 (2.0385e-01)	L_Trg_Inj 3.1250e-01 (2.7923e-01)	Loss Disc 6.9192e-01 (6.9069e-01)	Loss Pred 5.8357e-01 (5.9055e-01)	Loss TOTAL 9.7763e-01 (9.9303e-01)
Epoch: [17][ 50/313]	L_Src_Sup 3.2099e-01 (2.0424e-01)	L_Trg_Inj 3.1242e-01 (2.8548e-01)	Loss Disc 6.9016e-01 (6.9059e-01)	Loss Pred 6.3380e-01 (5.9147e-01)	Loss TOTAL 1.0508e+00 (9.9297e-01)
Epoch: [17][ 60/313]	L_Src_Sup 1.2904e-01 (2.0983e-01)	L_Trg_Inj 4.1546e-01 (2.8506e-01)	Loss Disc 6.8850e-01 (6.9058e-01)	Loss Pred 5.9089e-01 (5.9246e-01)	Loss TOTAL 9.8959e-01 (9.9677e-01)
Epoch: [17][ 70/313]	L_Src_Sup 2.2455e-01 (2.1184e-01)	L_Trg_Inj 2.3434e-01 (2.8297e-01)	Loss Disc 6.9160e-01 (6.9061e-01)	Loss Pred 5.7277e-01 (5.9103e-01)	Loss TOTAL 9.6446e-01 (9.9755e-01)
Epoch: [17][ 80/313]	L_Src_Sup 1.1593e-01 (2.0789e-01)	L_Trg_Inj 3.1415e-01 (2.8607e-01)	Loss Disc 6.9060e-01 (6.9059e-01)	Loss Pred 5.7609e-01 (5.8944e-01)	Loss TOTAL 9.6440e-01 (9.9481e-01)
Epoch: [17][ 90/313]	L_Src_Sup 2.1739e-01 (2.0721e-01)	L_Trg_Inj 3.2809e-01 (2.8482e-01)	Loss Disc 6.8983e-01 (6.9062e-01)	Loss Pred 5.9420e-01 (5.8937e-01)	Loss TOTAL 9.9367e-01 (9.9337e-01)
Epoch: [17][100/313]	L_Src_Sup 1.2900e-01 (2.0376e-01)	L_Trg_Inj 3.1244e-01 (2.8432e-01)	Loss Disc 6.8996e-01 (6.9063e-01)	Loss Pred 5.9058e-01 (5.8924e-01)	Loss TOTAL 9.7970e-01 (9.9241e-01)
Epoch: [17][110/313]	L_Src_Sup 1.8390e-01 (2.0312e-01)	L_Trg_Inj 3.5933e-01 (2.8446e-01)	Loss Disc 6.8940e-01 (6.9065e-01)	Loss Pred 6.1251e-01 (5.8904e-01)	Loss TOTAL 1.0115e+00 (9.9134e-01)
Epoch: [17][120/313]	L_Src_Sup 2.1052e-01 (2.0150e-01)	L_Trg_Inj 2.6558e-01 (2.8380e-01)	Loss Disc 6.9196e-01 (6.9064e-01)	Loss Pred 5.8332e-01 (5.8929e-01)	Loss TOTAL 9.7691e-01 (9.9073e-01)
Epoch: [17][130/313]	L_Src_Sup 1.5055e-01 (1.9915e-01)	L_Trg_Inj 2.8120e-01 (2.8396e-01)	Loss Disc 6.8968e-01 (6.9060e-01)	Loss Pred 5.9056e-01 (5.8889e-01)	Loss TOTAL 9.7858e-01 (9.8951e-01)
Epoch: [17][140/313]	L_Src_Sup 2.5532e-01 (1.9973e-01)	L_Trg_Inj 2.6560e-01 (2.8332e-01)	Loss Disc 6.9137e-01 (6.9063e-01)	Loss Pred 5.8692e-01 (5.8852e-01)	Loss TOTAL 9.8470e-01 (9.8886e-01)
Epoch: [17][150/313]	L_Src_Sup 2.4176e-01 (1.9774e-01)	L_Trg_Inj 2.8120e-01 (2.8190e-01)	Loss Disc 6.9110e-01 (6.9069e-01)	Loss Pred 5.9802e-01 (5.8807e-01)	Loss TOTAL 9.9587e-01 (9.8766e-01)
Epoch: [17][160/313]	L_Src_Sup 2.0833e-01 (1.9559e-01)	L_Trg_Inj 2.8118e-01 (2.8212e-01)	Loss Disc 6.9076e-01 (6.9070e-01)	Loss Pred 5.7937e-01 (5.8734e-01)	Loss TOTAL 9.7370e-01 (9.8635e-01)
Epoch: [17][170/313]	L_Src_Sup 3.0435e-01 (1.9558e-01)	L_Trg_Inj 3.9053e-01 (2.8335e-01)	Loss Disc 6.8862e-01 (6.9067e-01)	Loss Pred 5.9439e-01 (5.8763e-01)	Loss TOTAL 1.0082e+00 (9.8640e-01)
Epoch: [17][180/313]	L_Src_Sup 2.3529e-01 (1.9593e-01)	L_Trg_Inj 2.9746e-01 (2.8445e-01)	Loss Disc 6.8861e-01 (6.9063e-01)	Loss Pred 6.1999e-01 (5.8837e-01)	Loss TOTAL 1.0176e+00 (9.8699e-01)
Epoch: [17][190/313]	L_Src_Sup 2.2230e-01 (1.9515e-01)	L_Trg_Inj 1.2493e-01 (2.8577e-01)	Loss Disc 6.9214e-01 (6.9059e-01)	Loss Pred 6.0148e-01 (5.8873e-01)	Loss TOTAL 1.0796e+00 (9.8762e-01)
Epoch: [17][200/313]	L_Src_Sup 2.3912e-01 (1.9489e-01)	L_Trg_Inj 1.7172e-01 (2.8632e-01)	Loss Disc 6.9265e-01 (6.9058e-01)	Loss Pred 5.9411e-01 (5.8894e-01)	Loss TOTAL 1.0489e+00 (9.8792e-01)
Epoch: [17][210/313]	L_Src_Sup 1.4433e-01 (1.9543e-01)	L_Trg_Inj 3.1222e-01 (2.8577e-01)	Loss Disc 6.9104e-01 (6.9066e-01)	Loss Pred 5.7642e-01 (5.8909e-01)	Loss TOTAL 9.6759e-01 (9.8829e-01)
Epoch: [17][220/313]	L_Src_Sup 1.9517e-01 (1.9443e-01)	L_Trg_Inj 2.8119e-01 (2.8446e-01)	Loss Disc 6.8738e-01 (6.9066e-01)	Loss Pred 5.5523e-01 (5.8908e-01)	Loss TOTAL 9.4656e-01 (9.8808e-01)
Epoch: [17][230/313]	L_Src_Sup 1.5394e-01 (1.9424e-01)	L_Trg_Inj 2.8125e-01 (2.8697e-01)	Loss Disc 6.9319e-01 (6.9059e-01)	Loss Pred 5.9773e-01 (5.8906e-01)	Loss TOTAL 9.8784e-01 (9.8800e-01)
Epoch: [17][240/313]	L_Src_Sup 2.9147e-01 (1.9534e-01)	L_Trg_Inj 2.4998e-01 (2.8634e-01)	Loss Disc 6.9151e-01 (6.9063e-01)	Loss Pred 5.7983e-01 (5.8891e-01)	Loss TOTAL 1.0212e+00 (9.8824e-01)
Epoch: [17][250/313]	L_Src_Sup 1.7777e-01 (1.9492e-01)	L_Trg_Inj 3.5934e-01 (2.8532e-01)	Loss Disc 6.8946e-01 (6.9065e-01)	Loss Pred 6.0119e-01 (5.8922e-01)	Loss TOTAL 9.9963e-01 (9.8841e-01)
Epoch: [17][260/313]	L_Src_Sup 8.6042e-02 (1.9532e-01)	L_Trg_Inj 3.3043e-01 (2.8484e-01)	Loss Disc 6.9131e-01 (6.9067e-01)	Loss Pred 5.9108e-01 (5.8906e-01)	Loss TOTAL 9.7838e-01 (9.8847e-01)
Epoch: [17][270/313]	L_Src_Sup 2.4177e-01 (1.9624e-01)	L_Trg_Inj 2.7632e-01 (2.8516e-01)	Loss Disc 6.9118e-01 (6.9069e-01)	Loss Pred 5.9868e-01 (5.8902e-01)	Loss TOTAL 9.9608e-01 (9.8846e-01)
Epoch: [17][280/313]	L_Src_Sup 3.0436e-01 (1.9817e-01)	L_Trg_Inj 3.4328e-01 (2.8611e-01)	Loss Disc 6.8979e-01 (6.9068e-01)	Loss Pred 5.9407e-01 (5.8933e-01)	Loss TOTAL 1.0037e+00 (9.8927e-01)
Epoch: [17][290/313]	L_Src_Sup 1.0989e-01 (1.9849e-01)	L_Trg_Inj 3.0758e-01 (2.8595e-01)	Loss Disc 6.9044e-01 (6.9069e-01)	Loss Pred 5.9757e-01 (5.8940e-01)	Loss TOTAL 9.8454e-01 (9.8931e-01)
Epoch: [17][300/313]	L_Src_Sup 1.6330e-01 (1.9866e-01)	L_Trg_Inj 1.7179e-01 (2.8594e-01)	Loss Disc 6.9347e-01 (6.9070e-01)	Loss Pred 5.7303e-01 (5.8941e-01)	Loss TOTAL 9.5327e-01 (9.8933e-01)
Epoch: [17][310/313]	L_Src_Sup 2.2858e-01 (1.9974e-01)	L_Trg_Inj 2.8111e-01 (2.8675e-01)	Loss Disc 6.9138e-01 (6.9069e-01)	Loss Pred 5.4769e-01 (5.8897e-01)	Loss TOTAL 9.4435e-01 (9.8920e-01)
Epoch: [17][313/313]	L_Src_Sup 2.0000e-01 (1.9965e-01)	L_Trg_Inj 3.4308e-01 (2.8709e-01)	Loss Disc 6.8866e-01 (6.9068e-01)	Loss Pred 6.0129e-01 (5.8914e-01)	Loss TOTAL 9.9993e-01 (9.8933e-01)
Epoch 17 complete. Saving model state...
Epoch: [18][ 10/313]	L_Src_Sup 2.2024e-01 (1.8969e-01)	L_Trg_Inj 2.3412e-01 (2.7518e-01)	Loss Disc 6.9180e-01 (6.9096e-01)	Loss Pred 5.6578e-01 (5.8523e-01)	Loss TOTAL 9.5712e-01 (9.8059e-01)
Epoch: [18][ 20/313]	L_Src_Sup 2.2518e-01 (1.9241e-01)	L_Trg_Inj 2.8116e-01 (2.8806e-01)	Loss Disc 6.9002e-01 (6.9099e-01)	Loss Pred 5.7241e-01 (5.8257e-01)	Loss TOTAL 9.6806e-01 (9.8606e-01)
Epoch: [18][ 30/313]	L_Src_Sup 8.6978e-02 (1.8209e-01)	L_Trg_Inj 3.1354e-01 (2.8593e-01)	Loss Disc 6.9129e-01 (6.9090e-01)	Loss Pred 5.9429e-01 (5.8220e-01)	Loss TOTAL 9.7998e-01 (9.8154e-01)
Epoch: [18][ 40/313]	L_Src_Sup 2.4745e-01 (1.8287e-01)	L_Trg_Inj 2.4991e-01 (2.8441e-01)	Loss Disc 6.9176e-01 (6.9089e-01)	Loss Pred 5.7584e-01 (5.8265e-01)	Loss TOTAL 9.7146e-01 (9.8013e-01)
Epoch: [18][ 50/313]	L_Src_Sup 2.0855e-01 (1.8461e-01)	L_Trg_Inj 3.9046e-01 (2.9080e-01)	Loss Disc 6.8889e-01 (6.9086e-01)	Loss Pred 5.7958e-01 (5.8528e-01)	Loss TOTAL 9.8393e-01 (9.8377e-01)
Epoch: [18][ 60/313]	L_Src_Sup 2.5567e-01 (1.8902e-01)	L_Trg_Inj 3.2808e-01 (2.8827e-01)	Loss Disc 6.9007e-01 (6.9090e-01)	Loss Pred 5.8694e-01 (5.8688e-01)	Loss TOTAL 9.9035e-01 (9.8493e-01)
Epoch: [18][ 70/313]	L_Src_Sup 2.7679e-01 (1.8973e-01)	L_Trg_Inj 3.2478e-01 (2.9015e-01)	Loss Disc 6.8946e-01 (6.9076e-01)	Loss Pred 5.8698e-01 (5.8824e-01)	Loss TOTAL 9.9186e-01 (9.8621e-01)
Epoch: [18][ 80/313]	L_Src_Sup 1.3334e-01 (1.9285e-01)	L_Trg_Inj 2.1872e-01 (2.8889e-01)	Loss Disc 6.9123e-01 (6.9065e-01)	Loss Pred 6.0133e-01 (5.8840e-01)	Loss TOTAL 9.8215e-01 (9.8803e-01)
Epoch: [18][ 90/313]	L_Src_Sup 1.9230e-01 (1.9453e-01)	L_Trg_Inj 1.8757e-01 (2.8657e-01)	Loss Disc 6.9677e-01 (6.9073e-01)	Loss Pred 5.5160e-01 (5.8868e-01)	Loss TOTAL 9.4270e-01 (9.8834e-01)
Epoch: [18][100/313]	L_Src_Sup 1.8753e-01 (1.9484e-01)	L_Trg_Inj 2.9690e-01 (2.8423e-01)	Loss Disc 6.9095e-01 (6.9087e-01)	Loss Pred 5.7971e-01 (5.8769e-01)	Loss TOTAL 9.7363e-01 (9.8713e-01)
Epoch: [18][110/313]	L_Src_Sup 3.2258e-01 (1.9722e-01)	L_Trg_Inj 3.2805e-01 (2.8690e-01)	Loss Disc 6.8918e-01 (6.9083e-01)	Loss Pred 5.9057e-01 (5.8822e-01)	Loss TOTAL 1.0002e+00 (9.8767e-01)
Epoch: [18][120/313]	L_Src_Sup 2.4515e-01 (1.9868e-01)	L_Trg_Inj 2.6574e-01 (2.8693e-01)	Loss Disc 6.9041e-01 (6.9080e-01)	Loss Pred 5.7237e-01 (5.8742e-01)	Loss TOTAL 9.6867e-01 (9.8665e-01)
Epoch: [18][130/313]	L_Src_Sup 2.6263e-01 (1.9678e-01)	L_Trg_Inj 2.9697e-01 (2.8794e-01)	Loss Disc 6.9069e-01 (6.9081e-01)	Loss Pred 5.6854e-01 (5.8722e-01)	Loss TOTAL 9.6985e-01 (9.8633e-01)
Epoch: [18][140/313]	L_Src_Sup 2.6318e-01 (1.9617e-01)	L_Trg_Inj 2.8127e-01 (2.8761e-01)	Loss Disc 6.8996e-01 (6.9080e-01)	Loss Pred 6.5256e-01 (5.8803e-01)	Loss TOTAL 1.0520e+00 (9.8668e-01)
Epoch: [18][150/313]	L_Src_Sup 1.4665e-01 (1.9588e-01)	L_Trg_Inj 3.2824e-01 (2.8650e-01)	Loss Disc 6.9121e-01 (6.9083e-01)	Loss Pred 5.7628e-01 (5.8847e-01)	Loss TOTAL 9.6938e-01 (9.8739e-01)
Epoch: [18][160/313]	L_Src_Sup 2.0237e-01 (1.9617e-01)	L_Trg_Inj 2.8125e-01 (2.8751e-01)	Loss Disc 6.9177e-01 (6.9079e-01)	Loss Pred 6.0476e-01 (5.8900e-01)	Loss TOTAL 9.9901e-01 (9.8791e-01)
Epoch: [18][170/313]	L_Src_Sup 2.0941e-01 (1.9726e-01)	L_Trg_Inj 3.7495e-01 (2.8677e-01)	Loss Disc 6.8589e-01 (6.9076e-01)	Loss Pred 6.1498e-01 (5.8943e-01)	Loss TOTAL 1.0164e+00 (9.8941e-01)
Epoch: [18][180/313]	L_Src_Sup 3.0769e-01 (1.9734e-01)	L_Trg_Inj 1.4059e-01 (2.8620e-01)	Loss Disc 6.9281e-01 (6.9073e-01)	Loss Pred 5.9743e-01 (5.8958e-01)	Loss TOTAL 1.1558e+00 (9.9009e-01)
Epoch: [18][190/313]	L_Src_Sup 1.8390e-01 (1.9786e-01)	L_Trg_Inj 4.3737e-01 (2.8756e-01)	Loss Disc 6.8712e-01 (6.9070e-01)	Loss Pred 6.1140e-01 (5.8954e-01)	Loss TOTAL 1.0171e+00 (9.8986e-01)
Epoch: [18][200/313]	L_Src_Sup 1.5217e-01 (1.9881e-01)	L_Trg_Inj 3.2799e-01 (2.8564e-01)	Loss Disc 6.8934e-01 (6.9076e-01)	Loss Pred 5.9400e-01 (5.8941e-01)	Loss TOTAL 9.8669e-01 (9.9087e-01)
Epoch: [18][210/313]	L_Src_Sup 1.8557e-01 (1.9853e-01)	L_Trg_Inj 2.6537e-01 (2.8580e-01)	Loss Disc 6.9628e-01 (6.9078e-01)	Loss Pred 5.7660e-01 (5.8960e-01)	Loss TOTAL 9.6984e-01 (9.9088e-01)
Epoch: [18][220/313]	L_Src_Sup 1.5762e-01 (1.9869e-01)	L_Trg_Inj 2.4992e-01 (2.8762e-01)	Loss Disc 6.9199e-01 (6.9083e-01)	Loss Pred 5.4928e-01 (5.8904e-01)	Loss TOTAL 9.3603e-01 (9.9021e-01)
Epoch: [18][230/313]	L_Src_Sup 3.2716e-01 (2.0660e-01)	L_Trg_Inj 3.6863e-01 (2.8883e-01)	Loss Disc 6.8727e-01 (6.9078e-01)	Loss Pred 6.1684e-01 (5.9026e-01)	Loss TOTAL 1.0301e+00 (9.9851e-01)
Epoch: [18][240/313]	L_Src_Sup 3.0652e-01 (2.0711e-01)	L_Trg_Inj 2.8076e-01 (2.8789e-01)	Loss Disc 6.8488e-01 (6.9064e-01)	Loss Pred 6.2197e-01 (5.9069e-01)	Loss TOTAL 1.0489e+00 (9.9891e-01)
Epoch: [18][250/313]	L_Src_Sup 2.1051e-01 (2.0466e-01)	L_Trg_Inj 3.1193e-01 (2.8895e-01)	Loss Disc 6.9105e-01 (6.9051e-01)	Loss Pred 5.8438e-01 (5.9084e-01)	Loss TOTAL 9.8215e-01 (9.9870e-01)
Epoch: [18][260/313]	L_Src_Sup 1.8333e-01 (2.0430e-01)	L_Trg_Inj 3.4276e-01 (2.8941e-01)	Loss Disc 6.8913e-01 (6.9050e-01)	Loss Pred 5.7721e-01 (5.9096e-01)	Loss TOTAL 9.7438e-01 (9.9858e-01)
Epoch: [18][270/313]	L_Src_Sup 1.9149e-01 (2.0456e-01)	L_Trg_Inj 2.0211e-01 (2.9065e-01)	Loss Disc 6.9189e-01 (6.9046e-01)	Loss Pred 5.8749e-01 (5.9105e-01)	Loss TOTAL 9.7279e-01 (9.9831e-01)
Epoch: [18][280/313]	L_Src_Sup 8.6013e-02 (2.0389e-01)	L_Trg_Inj 2.4329e-01 (2.9118e-01)	Loss Disc 6.9123e-01 (6.9043e-01)	Loss Pred 5.9081e-01 (5.9085e-01)	Loss TOTAL 9.6936e-01 (9.9764e-01)
Epoch: [18][290/313]	L_Src_Sup 1.6841e-01 (2.0397e-01)	L_Trg_Inj 3.5883e-01 (2.9016e-01)	Loss Disc 6.8935e-01 (6.9046e-01)	Loss Pred 5.8396e-01 (5.9093e-01)	Loss TOTAL 9.8136e-01 (9.9763e-01)
Epoch: [18][300/313]	L_Src_Sup 1.1763e-01 (2.0320e-01)	L_Trg_Inj 2.4956e-01 (2.8938e-01)	Loss Disc 6.8644e-01 (6.9044e-01)	Loss Pred 5.5954e-01 (5.9064e-01)	Loss TOTAL 9.3948e-01 (9.9684e-01)
Epoch: [18][310/313]	L_Src_Sup 2.5263e-01 (2.0374e-01)	L_Trg_Inj 2.9650e-01 (2.8899e-01)	Loss Disc 6.9256e-01 (6.9043e-01)	Loss Pred 5.8371e-01 (5.9040e-01)	Loss TOTAL 9.8490e-01 (9.9627e-01)
Epoch: [18][313/313]	L_Src_Sup 1.5554e-01 (2.0337e-01)	L_Trg_Inj 3.4600e-01 (2.8907e-01)	Loss Disc 6.9225e-01 (6.9044e-01)	Loss Pred 6.0137e-01 (5.9043e-01)	Loss TOTAL 9.9765e-01 (9.9616e-01)
Epoch 18 complete. Saving model state...
Epoch: [19][ 10/313]	L_Src_Sup 2.0560e-01 (2.0241e-01)	L_Trg_Inj 2.8053e-01 (3.0580e-01)	Loss Disc 6.9004e-01 (6.9089e-01)	Loss Pred 5.4135e-01 (5.8477e-01)	Loss TOTAL 9.3498e-01 (9.8524e-01)
Epoch: [19][ 20/313]	L_Src_Sup 1.5729e-01 (1.9564e-01)	L_Trg_Inj 2.0265e-01 (2.8059e-01)	Loss Disc 6.9029e-01 (6.9090e-01)	Loss Pred 6.0466e-01 (5.9462e-01)	Loss TOTAL 9.8580e-01 (1.0008e+00)
Epoch: [19][ 30/313]	L_Src_Sup 1.7777e-01 (1.9361e-01)	L_Trg_Inj 3.1174e-01 (2.8457e-01)	Loss Disc 6.9105e-01 (6.9086e-01)	Loss Pred 6.0115e-01 (5.9252e-01)	Loss TOTAL 9.9563e-01 (9.9450e-01)
Epoch: [19][ 40/313]	L_Src_Sup 2.9787e-01 (1.8949e-01)	L_Trg_Inj 3.8922e-01 (2.7981e-01)	Loss Disc 6.8887e-01 (6.9094e-01)	Loss Pred 5.8738e-01 (5.9077e-01)	Loss TOTAL 1.0005e+00 (9.8971e-01)
Epoch: [19][ 50/313]	L_Src_Sup 1.8556e-01 (1.8850e-01)	L_Trg_Inj 2.8001e-01 (2.7614e-01)	Loss Disc 6.9073e-01 (6.9099e-01)	Loss Pred 5.7654e-01 (5.8871e-01)	Loss TOTAL 9.6846e-01 (9.8647e-01)
Epoch: [19][ 60/313]	L_Src_Sup 3.0000e-01 (1.9531e-01)	L_Trg_Inj 3.8987e-01 (2.7995e-01)	Loss Disc 6.8940e-01 (6.9089e-01)	Loss Pred 5.6570e-01 (5.8816e-01)	Loss TOTAL 9.7939e-01 (9.8678e-01)
Epoch: [19][ 70/313]	L_Src_Sup 2.9165e-01 (1.9772e-01)	L_Trg_Inj 2.8050e-01 (2.8143e-01)	Loss Disc 6.9103e-01 (6.9085e-01)	Loss Pred 5.8004e-01 (5.8842e-01)	Loss TOTAL 9.9392e-01 (9.8686e-01)
Epoch: [19][ 80/313]	L_Src_Sup 1.4893e-01 (1.9930e-01)	L_Trg_Inj 2.3359e-01 (2.8297e-01)	Loss Disc 6.9244e-01 (6.9078e-01)	Loss Pred 5.8709e-01 (5.8781e-01)	Loss TOTAL 9.7156e-01 (9.8622e-01)
Epoch: [19][ 90/313]	L_Src_Sup 1.4736e-01 (1.9965e-01)	L_Trg_Inj 1.7082e-01 (2.8330e-01)	Loss Disc 6.9241e-01 (6.9076e-01)	Loss Pred 5.8348e-01 (5.8770e-01)	Loss TOTAL 9.6150e-01 (9.8563e-01)
Epoch: [19][100/313]	L_Src_Sup 4.7615e-02 (1.9867e-01)	L_Trg_Inj 3.4302e-01 (2.8324e-01)	Loss Disc 6.8982e-01 (6.9081e-01)	Loss Pred 6.2339e-01 (5.8786e-01)	Loss TOTAL 1.0074e+00 (9.8672e-01)
Epoch: [19][110/313]	L_Src_Sup 2.7956e-01 (2.0130e-01)	L_Trg_Inj 2.9617e-01 (2.8513e-01)	Loss Disc 6.8882e-01 (6.9073e-01)	Loss Pred 5.9065e-01 (5.8880e-01)	Loss TOTAL 9.9263e-01 (9.8759e-01)
Epoch: [19][120/313]	L_Src_Sup 1.6470e-01 (2.0227e-01)	L_Trg_Inj 2.1839e-01 (2.8599e-01)	Loss Disc 6.9319e-01 (6.9066e-01)	Loss Pred 6.1865e-01 (5.8984e-01)	Loss TOTAL 1.0036e+00 (9.8961e-01)
Epoch: [19][130/313]	L_Src_Sup 1.8557e-01 (2.0249e-01)	L_Trg_Inj 2.8057e-01 (2.8672e-01)	Loss Disc 6.9067e-01 (6.9067e-01)	Loss Pred 5.7688e-01 (5.9028e-01)	Loss TOTAL 9.6883e-01 (9.8974e-01)
Epoch: [19][140/313]	L_Src_Sup 1.6666e-01 (2.0014e-01)	L_Trg_Inj 2.9635e-01 (2.8507e-01)	Loss Disc 6.9061e-01 (6.9071e-01)	Loss Pred 5.8019e-01 (5.8988e-01)	Loss TOTAL 9.7180e-01 (9.9002e-01)
Epoch: [19][150/313]	L_Src_Sup 2.3405e-01 (1.9883e-01)	L_Trg_Inj 2.6514e-01 (2.8390e-01)	Loss Disc 6.9062e-01 (6.9072e-01)	Loss Pred 5.8715e-01 (5.8968e-01)	Loss TOTAL 9.8238e-01 (9.8915e-01)
Epoch: [19][160/313]	L_Src_Sup 1.4141e-01 (1.9991e-01)	L_Trg_Inj 2.4966e-01 (2.8429e-01)	Loss Disc 6.9095e-01 (6.9069e-01)	Loss Pred 5.6977e-01 (5.8982e-01)	Loss TOTAL 9.5435e-01 (9.8975e-01)
Epoch: [19][170/313]	L_Src_Sup 2.5532e-01 (1.9840e-01)	L_Trg_Inj 3.2691e-01 (2.8454e-01)	Loss Disc 6.9053e-01 (6.9070e-01)	Loss Pred 5.9337e-01 (5.8985e-01)	Loss TOTAL 9.9686e-01 (9.8929e-01)
Epoch: [19][180/313]	L_Src_Sup 1.5555e-01 (1.9874e-01)	L_Trg_Inj 2.9659e-01 (2.8378e-01)	Loss Disc 6.9008e-01 (6.9070e-01)	Loss Pred 6.0103e-01 (5.9007e-01)	Loss TOTAL 9.9128e-01 (9.8937e-01)
Epoch: [19][190/313]	L_Src_Sup 1.3484e-01 (1.9838e-01)	L_Trg_Inj 2.4982e-01 (2.8625e-01)	Loss Disc 6.9127e-01 (6.9068e-01)	Loss Pred 6.0461e-01 (5.8992e-01)	Loss TOTAL 9.8871e-01 (9.8948e-01)
Epoch: [19][200/313]	L_Src_Sup 3.4041e-01 (1.9813e-01)	L_Trg_Inj 2.4947e-01 (2.8652e-01)	Loss Disc 6.9057e-01 (6.9069e-01)	Loss Pred 5.8714e-01 (5.8983e-01)	Loss TOTAL 1.0824e+00 (9.8957e-01)
Epoch: [19][210/313]	L_Src_Sup 1.7778e-01 (1.9705e-01)	L_Trg_Inj 3.2762e-01 (2.8685e-01)	Loss Disc 6.9047e-01 (6.9065e-01)	Loss Pred 6.0099e-01 (5.9004e-01)	Loss TOTAL 9.9677e-01 (9.8963e-01)
Epoch: [19][220/313]	L_Src_Sup 2.3403e-01 (1.9863e-01)	L_Trg_Inj 3.4346e-01 (2.8735e-01)	Loss Disc 6.9054e-01 (6.9064e-01)	Loss Pred 5.8709e-01 (5.8973e-01)	Loss TOTAL 9.9011e-01 (9.9005e-01)
Epoch: [19][230/313]	L_Src_Sup 1.5841e-01 (1.9865e-01)	L_Trg_Inj 2.8097e-01 (2.8827e-01)	Loss Disc 6.9012e-01 (6.9063e-01)	Loss Pred 5.6216e-01 (5.8932e-01)	Loss TOTAL 9.5116e-01 (9.8949e-01)
Epoch: [19][240/313]	L_Src_Sup 1.9998e-01 (1.9813e-01)	L_Trg_Inj 2.4975e-01 (2.8783e-01)	Loss Disc 6.9146e-01 (6.9065e-01)	Loss Pred 6.0131e-01 (5.8942e-01)	Loss TOTAL 9.9202e-01 (9.8964e-01)
Epoch: [19][250/313]	L_Src_Sup 1.4736e-01 (1.9793e-01)	L_Trg_Inj 2.6513e-01 (2.8718e-01)	Loss Disc 6.9068e-01 (6.9067e-01)	Loss Pred 5.8342e-01 (5.8924e-01)	Loss TOTAL 9.7001e-01 (9.8941e-01)
Epoch: [19][260/313]	L_Src_Sup 1.9565e-01 (1.9696e-01)	L_Trg_Inj 2.9599e-01 (2.8584e-01)	Loss Disc 6.9002e-01 (6.9069e-01)	Loss Pred 5.9426e-01 (5.8912e-01)	Loss TOTAL 9.8843e-01 (9.8893e-01)
Epoch: [19][270/313]	L_Src_Sup 1.4117e-01 (1.9748e-01)	L_Trg_Inj 2.3356e-01 (2.8618e-01)	Loss Disc 6.9023e-01 (6.9068e-01)	Loss Pred 6.1957e-01 (5.8909e-01)	Loss TOTAL 1.0022e+00 (9.8908e-01)
Epoch: [19][280/313]	L_Src_Sup 1.4583e-01 (1.9799e-01)	L_Trg_Inj 3.9018e-01 (2.8597e-01)	Loss Disc 6.8812e-01 (6.9069e-01)	Loss Pred 5.7987e-01 (5.8918e-01)	Loss TOTAL 9.7754e-01 (9.8915e-01)
Epoch: [19][290/313]	L_Src_Sup 1.8518e-01 (1.9750e-01)	L_Trg_Inj 2.1771e-01 (2.8561e-01)	Loss Disc 6.9474e-01 (6.9071e-01)	Loss Pred 5.3715e-01 (5.8914e-01)	Loss TOTAL 9.2481e-01 (9.8881e-01)
Epoch: [19][300/313]	L_Src_Sup 2.0001e-01 (1.9687e-01)	L_Trg_Inj 2.3941e-01 (2.8689e-01)	Loss Disc 6.9089e-01 (6.9070e-01)	Loss Pred 6.0156e-01 (5.8915e-01)	Loss TOTAL 9.9095e-01 (9.8868e-01)
Epoch: [19][310/313]	L_Src_Sup 1.7525e-01 (1.9903e-01)	L_Trg_Inj 3.7022e-01 (2.8687e-01)	Loss Disc 6.9070e-01 (6.9071e-01)	Loss Pred 5.9444e-01 (5.8913e-01)	Loss TOTAL 9.9434e-01 (9.8979e-01)
Epoch: [19][313/313]	L_Src_Sup 2.4243e-01 (1.9899e-01)	L_Trg_Inj 3.4949e-01 (2.8705e-01)	Loss Disc 6.8836e-01 (6.9070e-01)	Loss Pred 5.9792e-01 (5.8915e-01)	Loss TOTAL 1.0013e+00 (9.8975e-01)
Epoch 19 complete. Saving model state...
