Using device: cuda
Loading Source Train...
Using Mean/Std calculated from Source Train (mean[0]=5.528459487976898, std[0]=0.2838205993686952)
Loading Target Train...
Epoch: [0][ 10/140]	L_Src_Sup 8.6050e-01 (1.8012e+00)	L_Trg_Inj 1.1106e+00 (1.8382e+00)	Loss Disc 7.1733e-01 (7.2043e-01)	Loss Pred 7.9753e-01 (8.2830e-01)	Loss TOTAL 1.3533e+00 (1.5527e+00)
Epoch: [0][ 20/140]	L_Src_Sup 2.1531e-01 (1.1180e+00)	L_Trg_Inj 3.7414e-01 (1.1590e+00)	Loss Disc 7.0844e-01 (7.1648e-01)	Loss Pred 8.4322e-01 (8.2980e-01)	Loss TOTAL 1.2564e+00 (1.4475e+00)
Epoch: [0][ 30/140]	L_Src_Sup 2.0337e-01 (8.1984e-01)	L_Trg_Inj 3.5970e-01 (8.8224e-01)	Loss Disc 6.9972e-01 (7.1213e-01)	Loss Pred 8.1532e-01 (8.2023e-01)	Loss TOTAL 1.2215e+00 (1.3677e+00)
Epoch: [0][ 40/140]	L_Src_Sup 2.0390e-01 (6.6945e-01)	L_Trg_Inj 1.5907e-01 (7.3087e-01)	Loss Disc 6.9538e-01 (7.0834e-01)	Loss Pred 8.0342e-01 (8.1534e-01)	Loss TOTAL 1.2322e+00 (1.3285e+00)
Epoch: [0][ 50/140]	L_Src_Sup 1.9941e-01 (5.7696e-01)	L_Trg_Inj 4.1223e-01 (6.4630e-01)	Loss Disc 6.9311e-01 (7.0554e-01)	Loss Pred 8.5387e-01 (8.1879e-01)	Loss TOTAL 1.2616e+00 (1.3093e+00)
Epoch: [0][ 60/140]	L_Src_Sup 2.1238e-01 (5.1323e-01)	L_Trg_Inj 3.7377e-01 (5.8969e-01)	Loss Disc 6.9214e-01 (7.0342e-01)	Loss Pred 7.9723e-01 (8.1532e-01)	Loss TOTAL 1.2019e+00 (1.2920e+00)
Epoch: [0][ 70/140]	L_Src_Sup 3.1113e-01 (4.6801e-01)	L_Trg_Inj 3.9070e-01 (5.5262e-01)	Loss Disc 6.9100e-01 (7.0175e-01)	Loss Pred 8.0335e-01 (8.1498e-01)	Loss TOTAL 1.2190e+00 (1.2805e+00)
Epoch: [0][ 80/140]	L_Src_Sup 2.3139e-01 (4.4402e-01)	L_Trg_Inj 3.7784e-01 (5.3007e-01)	Loss Disc 6.9041e-01 (7.0046e-01)	Loss Pred 7.4462e-01 (8.1436e-01)	Loss TOTAL 1.1507e+00 (1.2733e+00)
Epoch: [0][ 90/140]	L_Src_Sup 1.8917e-01 (4.1845e-01)	L_Trg_Inj 3.3204e-01 (5.0254e-01)	Loss Disc 6.9157e-01 (6.9946e-01)	Loss Pred 7.8739e-01 (8.1041e-01)	Loss TOTAL 1.1853e+00 (1.2631e+00)
Epoch: [0][100/140]	L_Src_Sup 1.2841e-01 (3.9504e-01)	L_Trg_Inj 2.8262e-01 (4.8453e-01)	Loss Disc 6.9241e-01 (6.9867e-01)	Loss Pred 8.5521e-01 (8.0931e-01)	Loss TOTAL 1.2425e+00 (1.2566e+00)
Epoch: [0][110/140]	L_Src_Sup 2.8130e-01 (3.8282e-01)	L_Trg_Inj 3.3534e-01 (4.6817e-01)	Loss Disc 6.9432e-01 (6.9818e-01)	Loss Pred 7.7175e-01 (8.0807e-01)	Loss TOTAL 1.1806e+00 (1.2532e+00)
Epoch: [0][120/140]	L_Src_Sup 3.2586e-01 (3.7189e-01)	L_Trg_Inj 4.0718e-01 (4.6171e-01)	Loss Disc 6.9345e-01 (6.9774e-01)	Loss Pred 7.9914e-01 (8.0685e-01)	Loss TOTAL 1.2192e+00 (1.2495e+00)
Epoch: [0][130/140]	L_Src_Sup 1.6183e-01 (3.5963e-01)	L_Trg_Inj 3.8437e-01 (4.5218e-01)	Loss Disc 6.9336e-01 (6.9741e-01)	Loss Pred 7.7423e-01 (8.0522e-01)	Loss TOTAL 1.1755e+00 (1.2451e+00)
Epoch: [0][140/140]	L_Src_Sup 2.4703e-01 (3.4817e-01)	L_Trg_Inj 2.2707e-01 (4.3951e-01)	Loss Disc 6.9320e-01 (6.9714e-01)	Loss Pred 7.8158e-01 (8.0182e-01)	Loss TOTAL 1.1955e+00 (1.2388e+00)
Epoch: [0][140/140]	L_Src_Sup 2.4703e-01 (3.4817e-01)	L_Trg_Inj 2.2707e-01 (4.3951e-01)	Loss Disc 6.9320e-01 (6.9714e-01)	Loss Pred 7.8158e-01 (8.0182e-01)	Loss TOTAL 1.1955e+00 (1.2388e+00)
Epoch 0 complete. Saving model state...
Epoch: [1][ 10/140]	L_Src_Sup 1.4067e-01 (1.6115e-01)	L_Trg_Inj 3.0407e-01 (3.0695e-01)	Loss Disc 6.9317e-01 (6.9355e-01)	Loss Pred 7.9028e-01 (7.8111e-01)	Loss TOTAL 1.1813e+00 (1.1747e+00)
Epoch: [1][ 20/140]	L_Src_Sup 1.3326e-01 (1.6365e-01)	L_Trg_Inj 2.7242e-01 (2.9891e-01)	Loss Disc 6.9424e-01 (6.9366e-01)	Loss Pred 7.5189e-01 (7.7730e-01)	Loss TOTAL 1.1396e+00 (1.1742e+00)
Epoch: [1][ 30/140]	L_Src_Sup 1.6044e-01 (1.7612e-01)	L_Trg_Inj 3.7382e-01 (3.1214e-01)	Loss Disc 6.9363e-01 (6.9370e-01)	Loss Pred 8.0946e-01 (7.7505e-01)	Loss TOTAL 1.2097e+00 (1.1733e+00)
Epoch: [1][ 40/140]	L_Src_Sup 2.3206e-01 (1.8791e-01)	L_Trg_Inj 3.0281e-01 (3.0986e-01)	Loss Disc 6.9421e-01 (6.9369e-01)	Loss Pred 6.9503e-01 (7.7320e-01)	Loss TOTAL 1.0956e+00 (1.1763e+00)
Epoch: [1][ 50/140]	L_Src_Sup 2.1875e-01 (1.9338e-01)	L_Trg_Inj 3.1598e-01 (3.1172e-01)	Loss Disc 6.9428e-01 (6.9375e-01)	Loss Pred 7.5522e-01 (7.7464e-01)	Loss TOTAL 1.1558e+00 (1.1782e+00)
Epoch: [1][ 60/140]	L_Src_Sup 2.3393e-01 (1.9590e-01)	L_Trg_Inj 3.3950e-01 (3.1926e-01)	Loss Disc 6.9408e-01 (6.9382e-01)	Loss Pred 7.2637e-01 (7.7204e-01)	Loss TOTAL 1.1308e+00 (1.1756e+00)
Epoch: [1][ 70/140]	L_Src_Sup 2.4987e-01 (2.0256e-01)	L_Trg_Inj 2.5722e-01 (3.1867e-01)	Loss Disc 6.9391e-01 (6.9383e-01)	Loss Pred 7.5016e-01 (7.6872e-01)	Loss TOTAL 1.1478e+00 (1.1727e+00)
Epoch: [1][ 80/140]	L_Src_Sup 2.1117e-01 (2.0206e-01)	L_Trg_Inj 3.2162e-01 (3.1795e-01)	Loss Disc 6.9340e-01 (6.9381e-01)	Loss Pred 7.8776e-01 (7.6838e-01)	Loss TOTAL 1.1877e+00 (1.1719e+00)
Epoch: [1][ 90/140]	L_Src_Sup 1.8146e-01 (2.0158e-01)	L_Trg_Inj 2.2519e-01 (3.1711e-01)	Loss Disc 6.9307e-01 (6.9372e-01)	Loss Pred 6.6186e-01 (7.6588e-01)	Loss TOTAL 1.0491e+00 (1.1687e+00)
Epoch: [1][100/140]	L_Src_Sup 3.0494e-01 (2.0262e-01)	L_Trg_Inj 3.4896e-01 (3.1685e-01)	Loss Disc 6.9256e-01 (6.9361e-01)	Loss Pred 6.9947e-01 (7.6429e-01)	Loss TOTAL 1.1111e+00 (1.1677e+00)
Epoch: [1][110/140]	L_Src_Sup 2.1349e-01 (2.0290e-01)	L_Trg_Inj 3.4356e-01 (3.1517e-01)	Loss Disc 6.9189e-01 (6.9351e-01)	Loss Pred 7.8052e-01 (7.6376e-01)	Loss TOTAL 1.1822e+00 (1.1666e+00)
Epoch: [1][120/140]	L_Src_Sup 1.2171e-01 (2.0313e-01)	L_Trg_Inj 2.7512e-01 (3.1326e-01)	Loss Disc 6.9253e-01 (6.9342e-01)	Loss Pred 7.4617e-01 (7.6362e-01)	Loss TOTAL 1.1321e+00 (1.1664e+00)
Epoch: [1][130/140]	L_Src_Sup 1.7390e-01 (2.0607e-01)	L_Trg_Inj 3.2090e-01 (3.1528e-01)	Loss Disc 6.8052e-01 (6.9302e-01)	Loss Pred 7.2128e-01 (7.6150e-01)	Loss TOTAL 1.1110e+00 (1.1651e+00)
Epoch: [1][140/140]	L_Src_Sup 1.7678e-01 (2.0594e-01)	L_Trg_Inj 4.7032e-01 (3.1818e-01)	Loss Disc 6.6677e-01 (6.9177e-01)	Loss Pred 7.8096e-01 (7.5967e-01)	Loss TOTAL 1.1791e+00 (1.1626e+00)
Epoch: [1][140/140]	L_Src_Sup 1.7678e-01 (2.0594e-01)	L_Trg_Inj 4.7032e-01 (3.1818e-01)	Loss Disc 6.6677e-01 (6.9177e-01)	Loss Pred 7.8096e-01 (7.5967e-01)	Loss TOTAL 1.1791e+00 (1.1626e+00)
Epoch 1 complete. Saving model state...
Epoch: [2][ 10/140]	L_Src_Sup 1.3616e-01 (1.9018e-01)	L_Trg_Inj 2.7818e-01 (3.2982e-01)	Loss Disc 6.7366e-01 (6.7034e-01)	Loss Pred 6.7714e-01 (6.9047e-01)	Loss TOTAL 1.0554e+00 (1.0776e+00)
Epoch: [2][ 20/140]	L_Src_Sup 2.0792e-01 (3.0238e-01)	L_Trg_Inj 2.9113e-01 (3.6191e-01)	Loss Disc 6.9406e-01 (6.8150e-01)	Loss Pred 7.8224e-01 (7.2738e-01)	Loss TOTAL 1.1792e+00 (1.1838e+00)
Epoch: [2][ 30/140]	L_Src_Sup 2.1849e-01 (2.7348e-01)	L_Trg_Inj 9.3661e-01 (4.7649e-01)	Loss Disc 6.9328e-01 (6.8558e-01)	Loss Pred 8.4783e-01 (7.4480e-01)	Loss TOTAL 1.3100e+00 (1.1973e+00)
Epoch: [2][ 40/140]	L_Src_Sup 2.5966e-01 (2.5934e-01)	L_Trg_Inj 8.1477e-01 (5.7865e-01)	Loss Disc 6.9222e-01 (6.8740e-01)	Loss Pred 6.8541e-01 (7.3735e-01)	Loss TOTAL 1.1390e+00 (1.1909e+00)
Epoch: [2][ 50/140]	L_Src_Sup 9.4743e-02 (2.4985e-01)	L_Trg_Inj 9.0553e-01 (6.3679e-01)	Loss Disc 6.8807e-01 (6.8805e-01)	Loss Pred 7.9319e-01 (7.3883e-01)	Loss TOTAL 1.2373e+00 (1.1923e+00)
Epoch: [2][ 60/140]	L_Src_Sup 2.1284e-01 (2.4048e-01)	L_Trg_Inj 8.4740e-01 (6.7435e-01)	Loss Disc 6.6591e-01 (6.8551e-01)	Loss Pred 7.1011e-01 (7.3314e-01)	Loss TOTAL 1.1491e+00 (1.1847e+00)
Epoch: [2][ 70/140]	L_Src_Sup 2.3614e-01 (2.3542e-01)	L_Trg_Inj 8.3748e-01 (6.9868e-01)	Loss Disc 6.6160e-01 (6.8217e-01)	Loss Pred 6.3370e-01 (7.2281e-01)	Loss TOTAL 1.0719e+00 (1.1722e+00)
Epoch: [2][ 80/140]	L_Src_Sup 2.2616e-01 (2.3293e-01)	L_Trg_Inj 4.2172e-01 (7.0534e-01)	Loss Disc 6.6091e-01 (6.7975e-01)	Loss Pred 6.3313e-01 (7.1694e-01)	Loss TOTAL 1.0284e+00 (1.1636e+00)
Epoch: [2][ 90/140]	L_Src_Sup 2.8976e-01 (2.3215e-01)	L_Trg_Inj 2.9529e-01 (6.7146e-01)	Loss Disc 6.6922e-01 (6.7857e-01)	Loss Pred 7.0238e-01 (7.1189e-01)	Loss TOTAL 1.0955e+00 (1.1549e+00)
Epoch: [2][100/140]	L_Src_Sup 1.9284e-01 (2.3189e-01)	L_Trg_Inj 3.0558e-01 (6.3717e-01)	Loss Disc 6.8723e-01 (6.7837e-01)	Loss Pred 6.4779e-01 (7.0436e-01)	Loss TOTAL 1.0412e+00 (1.1435e+00)
Epoch: [2][110/140]	L_Src_Sup 2.1925e-01 (2.3246e-01)	L_Trg_Inj 3.1915e-01 (6.0986e-01)	Loss Disc 6.9188e-01 (6.7937e-01)	Loss Pred 6.9757e-01 (7.0047e-01)	Loss TOTAL 1.0974e+00 (1.1363e+00)
Epoch: [2][120/140]	L_Src_Sup 1.9865e-01 (2.3184e-01)	L_Trg_Inj 2.7218e-01 (5.9065e-01)	Loss Disc 6.7565e-01 (6.7913e-01)	Loss Pred 6.7100e-01 (6.9500e-01)	Loss TOTAL 1.0559e+00 (1.1290e+00)
Epoch: [2][130/140]	L_Src_Sup 2.5131e-01 (2.3278e-01)	L_Trg_Inj 2.8047e-01 (5.7145e-01)	Loss Disc 6.7915e-01 (6.7828e-01)	Loss Pred 5.6950e-01 (6.8848e-01)	Loss TOTAL 9.6226e-01 (1.1198e+00)
Epoch: [2][140/140]	L_Src_Sup 2.0770e-01 (2.2940e-01)	L_Trg_Inj 2.1249e-01 (5.5232e-01)	Loss Disc 6.8020e-01 (6.7793e-01)	Loss Pred 5.7921e-01 (6.8336e-01)	Loss TOTAL 9.6133e-01 (1.1115e+00)
Epoch: [2][140/140]	L_Src_Sup 2.0770e-01 (2.2940e-01)	L_Trg_Inj 2.1249e-01 (5.5232e-01)	Loss Disc 6.8020e-01 (6.7793e-01)	Loss Pred 5.7921e-01 (6.8336e-01)	Loss TOTAL 9.6133e-01 (1.1115e+00)
Epoch 2 complete. Saving model state...
Epoch: [3][ 10/140]	L_Src_Sup 1.9560e-01 (1.9383e-01)	L_Trg_Inj 3.5589e-01 (3.0803e-01)	Loss Disc 7.0134e-01 (6.8807e-01)	Loss Pred 6.0574e-01 (6.0856e-01)	Loss TOTAL 1.0116e+00 (1.0038e+00)
Epoch: [3][ 20/140]	L_Src_Sup 2.5645e-01 (1.9465e-01)	L_Trg_Inj 2.4254e-01 (2.9099e-01)	Loss Disc 6.9447e-01 (6.9219e-01)	Loss Pred 6.1896e-01 (5.9567e-01)	Loss TOTAL 1.0300e+00 (9.9362e-01)
Epoch: [3][ 30/140]	L_Src_Sup 1.7295e-01 (1.8997e-01)	L_Trg_Inj 3.6531e-01 (3.1398e-01)	Loss Disc 6.9380e-01 (6.9282e-01)	Loss Pred 5.5847e-01 (5.8150e-01)	Loss TOTAL 9.5920e-01 (9.8050e-01)
Epoch: [3][ 40/140]	L_Src_Sup 2.2905e-01 (2.0028e-01)	L_Trg_Inj 2.7416e-01 (3.1464e-01)	Loss Disc 6.9375e-01 (6.9303e-01)	Loss Pred 5.7616e-01 (5.7667e-01)	Loss TOTAL 9.7336e-01 (9.7864e-01)
Epoch: [3][ 50/140]	L_Src_Sup 1.8585e-01 (1.9651e-01)	L_Trg_Inj 3.4725e-01 (3.1241e-01)	Loss Disc 6.9354e-01 (6.9312e-01)	Loss Pred 5.3333e-01 (5.7179e-01)	Loss TOTAL 9.3341e-01 (9.7268e-01)
Epoch: [3][ 60/140]	L_Src_Sup 2.0193e-01 (1.9506e-01)	L_Trg_Inj 4.7790e-01 (3.1397e-01)	Loss Disc 6.9325e-01 (6.9316e-01)	Loss Pred 5.0924e-01 (5.6905e-01)	Loss TOTAL 9.2385e-01 (9.6944e-01)
Epoch: [3][ 70/140]	L_Src_Sup 2.1240e-01 (1.9490e-01)	L_Trg_Inj 3.2855e-01 (3.1338e-01)	Loss Disc 6.9324e-01 (6.9318e-01)	Loss Pred 5.4721e-01 (5.6436e-01)	Loss TOTAL 9.4792e-01 (9.6470e-01)
Epoch: [3][ 80/140]	L_Src_Sup 1.8848e-01 (1.9467e-01)	L_Trg_Inj 3.8472e-01 (3.1354e-01)	Loss Disc 6.9325e-01 (6.9320e-01)	Loss Pred 5.1089e-01 (5.5755e-01)	Loss TOTAL 9.1483e-01 (9.5753e-01)
Epoch: [3][ 90/140]	L_Src_Sup 2.4166e-01 (1.9696e-01)	L_Trg_Inj 3.5471e-01 (3.1164e-01)	Loss Disc 6.9315e-01 (6.9322e-01)	Loss Pred 5.7124e-01 (5.5465e-01)	Loss TOTAL 9.7745e-01 (9.5463e-01)
Epoch: [3][100/140]	L_Src_Sup 2.6323e-01 (1.9643e-01)	L_Trg_Inj 2.9092e-01 (3.0872e-01)	Loss Disc 6.9325e-01 (6.9323e-01)	Loss Pred 5.1836e-01 (5.5020e-01)	Loss TOTAL 9.2040e-01 (9.4981e-01)
Epoch: [3][110/140]	L_Src_Sup 2.2464e-01 (1.9309e-01)	L_Trg_Inj 3.3736e-01 (3.0776e-01)	Loss Disc 6.9314e-01 (6.9323e-01)	Loss Pred 4.9830e-01 (5.4631e-01)	Loss TOTAL 9.0107e-01 (9.4527e-01)
Epoch: [3][120/140]	L_Src_Sup 1.7472e-01 (1.9098e-01)	L_Trg_Inj 3.9907e-01 (3.0706e-01)	Loss Disc 6.9298e-01 (6.9322e-01)	Loss Pred 4.9898e-01 (5.4224e-01)	Loss TOTAL 9.0285e-01 (9.4072e-01)
Epoch: [3][130/140]	L_Src_Sup 1.4108e-01 (1.9015e-01)	L_Trg_Inj 4.0460e-01 (3.0889e-01)	Loss Disc 6.9248e-01 (6.9319e-01)	Loss Pred 5.0020e-01 (5.3941e-01)	Loss TOTAL 9.0101e-01 (9.3782e-01)
Epoch: [3][140/140]	L_Src_Sup 2.0937e-01 (1.9139e-01)	L_Trg_Inj 2.8662e-01 (3.0675e-01)	Loss Disc 6.8940e-01 (6.9307e-01)	Loss Pred 4.8884e-01 (5.3600e-01)	Loss TOTAL 8.8314e-01 (9.3416e-01)
Epoch: [3][140/140]	L_Src_Sup 2.0937e-01 (1.9139e-01)	L_Trg_Inj 2.8662e-01 (3.0675e-01)	Loss Disc 6.8940e-01 (6.9307e-01)	Loss Pred 4.8884e-01 (5.3600e-01)	Loss TOTAL 8.8314e-01 (9.3416e-01)
Epoch 3 complete. Saving model state...
Epoch: [4][ 10/140]	L_Src_Sup 2.8716e-01 (1.7997e-01)	L_Trg_Inj 4.1085e-01 (2.9205e-01)	Loss Disc 6.7388e-01 (6.8137e-01)	Loss Pred 4.6704e-01 (4.8348e-01)	Loss TOTAL 8.7378e-01 (8.7579e-01)
Epoch: [4][ 20/140]	L_Src_Sup 1.5678e-01 (1.9675e-01)	L_Trg_Inj 3.2657e-01 (2.9233e-01)	Loss Disc 6.7875e-01 (6.7949e-01)	Loss Pred 4.6349e-01 (4.8516e-01)	Loss TOTAL 8.5120e-01 (8.7720e-01)
Epoch: [4][ 30/140]	L_Src_Sup 2.4116e-01 (2.0808e-01)	L_Trg_Inj 3.9634e-01 (3.0535e-01)	Loss Disc 6.9234e-01 (6.8346e-01)	Loss Pred 4.8226e-01 (4.8303e-01)	Loss TOTAL 8.9218e-01 (8.8067e-01)
Epoch: [4][ 40/140]	L_Src_Sup 3.2253e-01 (2.0770e-01)	L_Trg_Inj 2.7002e-01 (3.0561e-01)	Loss Disc 6.9289e-01 (6.8487e-01)	Loss Pred 5.0101e-01 (4.8203e-01)	Loss TOTAL 9.5922e-01 (8.8054e-01)
Epoch: [4][ 50/140]	L_Src_Sup 1.8555e-01 (2.0577e-01)	L_Trg_Inj 2.4337e-01 (3.1105e-01)	Loss Disc 6.8441e-01 (6.8461e-01)	Loss Pred 5.2101e-01 (4.8140e-01)	Loss TOTAL 9.0610e-01 (8.7918e-01)
Epoch: [4][ 60/140]	L_Src_Sup 1.6288e-01 (2.0208e-01)	L_Trg_Inj 3.0071e-01 (3.1322e-01)	Loss Disc 6.8231e-01 (6.8378e-01)	Loss Pred 5.0124e-01 (4.8050e-01)	Loss TOTAL 8.8875e-01 (8.7708e-01)
Epoch: [4][ 70/140]	L_Src_Sup 1.1683e-01 (1.9898e-01)	L_Trg_Inj 2.9337e-01 (3.1432e-01)	Loss Disc 6.8743e-01 (6.8389e-01)	Loss Pred 4.6402e-01 (4.7843e-01)	Loss TOTAL 8.4875e-01 (8.7442e-01)
Epoch: [4][ 80/140]	L_Src_Sup 2.4851e-01 (1.9782e-01)	L_Trg_Inj 2.7839e-01 (3.0968e-01)	Loss Disc 6.8894e-01 (6.8473e-01)	Loss Pred 4.8739e-01 (4.7871e-01)	Loss TOTAL 8.8455e-01 (8.7419e-01)
Epoch: [4][ 90/140]	L_Src_Sup 1.9785e-01 (1.9579e-01)	L_Trg_Inj 3.8565e-01 (3.1124e-01)	Loss Disc 6.8105e-01 (6.8481e-01)	Loss Pred 4.5624e-01 (4.7829e-01)	Loss TOTAL 8.5512e-01 (8.7351e-01)
Epoch: [4][100/140]	L_Src_Sup 1.6004e-01 (1.9420e-01)	L_Trg_Inj 2.0179e-01 (3.0643e-01)	Loss Disc 6.8849e-01 (6.8512e-01)	Loss Pred 4.8629e-01 (4.7857e-01)	Loss TOTAL 8.6672e-01 (8.7431e-01)
Epoch: [4][110/140]	L_Src_Sup 2.5511e-01 (1.9342e-01)	L_Trg_Inj 2.4418e-01 (3.0398e-01)	Loss Disc 6.9014e-01 (6.8547e-01)	Loss Pred 5.0403e-01 (4.7904e-01)	Loss TOTAL 9.0996e-01 (8.7445e-01)
Epoch: [4][120/140]	L_Src_Sup 1.5292e-01 (1.9172e-01)	L_Trg_Inj 3.3955e-01 (3.0340e-01)	Loss Disc 6.8774e-01 (6.8577e-01)	Loss Pred 4.5464e-01 (4.7873e-01)	Loss TOTAL 8.4776e-01 (8.7382e-01)
Epoch: [4][130/140]	L_Src_Sup 1.4197e-01 (1.9111e-01)	L_Trg_Inj 3.0793e-01 (3.0275e-01)	Loss Disc 6.8906e-01 (6.8600e-01)	Loss Pred 4.6888e-01 (4.7840e-01)	Loss TOTAL 8.5840e-01 (8.7328e-01)
Epoch: [4][140/140]	L_Src_Sup 1.8241e-01 (1.9275e-01)	L_Trg_Inj 3.0990e-01 (3.0105e-01)	Loss Disc 6.8186e-01 (6.8599e-01)	Loss Pred 4.3531e-01 (4.7769e-01)	Loss TOTAL 8.2547e-01 (8.7403e-01)
Epoch: [4][140/140]	L_Src_Sup 1.8241e-01 (1.9275e-01)	L_Trg_Inj 3.0990e-01 (3.0105e-01)	Loss Disc 6.8186e-01 (6.8599e-01)	Loss Pred 4.3531e-01 (4.7769e-01)	Loss TOTAL 8.2547e-01 (8.7403e-01)
Epoch 4 complete. Saving model state...
Epoch: [5][ 10/140]	L_Src_Sup 1.9041e-01 (2.2133e-01)	L_Trg_Inj 3.5276e-01 (3.0294e-01)	Loss Disc 6.8467e-01 (6.8854e-01)	Loss Pred 4.6629e-01 (4.7658e-01)	Loss TOTAL 8.6295e-01 (8.7502e-01)
Epoch: [5][ 20/140]	L_Src_Sup 1.5160e-01 (2.0256e-01)	L_Trg_Inj 2.0236e-01 (3.0693e-01)	Loss Disc 6.9103e-01 (6.8873e-01)	Loss Pred 4.4796e-01 (4.7751e-01)	Loss TOTAL 8.2887e-01 (8.7411e-01)
Epoch: [5][ 30/140]	L_Src_Sup 2.3654e-01 (2.1540e-01)	L_Trg_Inj 2.9437e-01 (3.0243e-01)	Loss Disc 6.8724e-01 (6.8803e-01)	Loss Pred 4.4791e-01 (4.7289e-01)	Loss TOTAL 8.4463e-01 (8.7115e-01)
Epoch: [5][ 40/140]	L_Src_Sup 1.4543e-01 (2.0873e-01)	L_Trg_Inj 3.0240e-01 (3.0189e-01)	Loss Disc 6.9244e-01 (6.8801e-01)	Loss Pred 4.9755e-01 (4.7311e-01)	Loss TOTAL 8.8856e-01 (8.7078e-01)
Epoch: [5][ 50/140]	L_Src_Sup 1.2133e-01 (2.0850e-01)	L_Trg_Inj 3.7337e-01 (3.0271e-01)	Loss Disc 6.8367e-01 (6.8791e-01)	Loss Pred 4.6494e-01 (4.7366e-01)	Loss TOTAL 8.5625e-01 (8.7172e-01)
Epoch: [5][ 60/140]	L_Src_Sup 1.5158e-01 (2.0348e-01)	L_Trg_Inj 3.6744e-01 (2.9746e-01)	Loss Disc 6.8675e-01 (6.8793e-01)	Loss Pred 4.4619e-01 (4.7357e-01)	Loss TOTAL 8.4147e-01 (8.7170e-01)
Epoch: [5][ 70/140]	L_Src_Sup 2.5562e-01 (2.0379e-01)	L_Trg_Inj 2.9616e-01 (2.9588e-01)	Loss Disc 6.8900e-01 (6.8790e-01)	Loss Pred 4.5178e-01 (4.7139e-01)	Loss TOTAL 8.5146e-01 (8.6978e-01)
Epoch: [5][ 80/140]	L_Src_Sup 4.1255e-01 (2.4805e-01)	L_Trg_Inj 2.9859e-01 (3.0971e-01)	Loss Disc 6.6443e-01 (6.8660e-01)	Loss Pred 5.6346e-01 (4.8348e-01)	Loss TOTAL 1.0807e+00 (9.1766e-01)
Epoch: [5][ 90/140]	L_Src_Sup 2.3712e-01 (2.4665e-01)	L_Trg_Inj 3.4436e-01 (3.1363e-01)	Loss Disc 6.5081e-01 (6.8206e-01)	Loss Pred 4.7362e-01 (4.8810e-01)	Loss TOTAL 8.5718e-01 (9.1650e-01)
Epoch: [5][100/140]	L_Src_Sup 2.0455e-01 (2.4244e-01)	L_Trg_Inj 2.0418e-01 (3.1536e-01)	Loss Disc 6.5719e-01 (6.7946e-01)	Loss Pred 5.0328e-01 (4.8996e-01)	Loss TOTAL 8.7312e-01 (9.1409e-01)
Epoch: [5][110/140]	L_Src_Sup 2.7353e-01 (2.3848e-01)	L_Trg_Inj 2.6096e-01 (3.1441e-01)	Loss Disc 6.3146e-01 (6.7703e-01)	Loss Pred 4.5440e-01 (4.8960e-01)	Loss TOTAL 8.3615e-01 (9.0953e-01)
Epoch: [5][120/140]	L_Src_Sup 2.8476e-01 (2.3754e-01)	L_Trg_Inj 2.3460e-01 (3.1340e-01)	Loss Disc 6.4734e-01 (6.7543e-01)	Loss Pred 4.8399e-01 (4.8917e-01)	Loss TOTAL 9.0975e-01 (9.0645e-01)
Epoch: [5][130/140]	L_Src_Sup 3.0642e-01 (2.3513e-01)	L_Trg_Inj 3.1652e-01 (3.1214e-01)	Loss Disc 6.5575e-01 (6.7374e-01)	Loss Pred 4.9362e-01 (4.8866e-01)	Loss TOTAL 8.8378e-01 (9.0321e-01)
Epoch: [5][140/140]	L_Src_Sup 2.3207e-01 (2.3345e-01)	L_Trg_Inj 3.2641e-01 (3.1064e-01)	Loss Disc 6.5960e-01 (6.7258e-01)	Loss Pred 4.8847e-01 (4.8722e-01)	Loss TOTAL 8.7412e-01 (8.9991e-01)
Epoch: [5][140/140]	L_Src_Sup 2.3207e-01 (2.3345e-01)	L_Trg_Inj 3.2641e-01 (3.1064e-01)	Loss Disc 6.5960e-01 (6.7258e-01)	Loss Pred 4.8847e-01 (4.8722e-01)	Loss TOTAL 8.7412e-01 (8.9991e-01)
Epoch 5 complete. Saving model state...
Epoch: [6][ 10/140]	L_Src_Sup 1.8114e-01 (2.2567e-01)	L_Trg_Inj 3.4083e-01 (2.9970e-01)	Loss Disc 6.4887e-01 (6.4905e-01)	Loss Pred 5.1807e-01 (4.7428e-01)	Loss TOTAL 8.9471e-01 (8.6077e-01)
Epoch: [6][ 20/140]	L_Src_Sup 3.1463e-01 (2.3325e-01)	L_Trg_Inj 2.8538e-01 (3.1057e-01)	Loss Disc 6.4622e-01 (6.5074e-01)	Loss Pred 4.7474e-01 (4.7946e-01)	Loss TOTAL 8.8711e-01 (8.6539e-01)
Epoch: [6][ 30/140]	L_Src_Sup 1.3836e-01 (2.1671e-01)	L_Trg_Inj 3.2794e-01 (3.1246e-01)	Loss Disc 6.3944e-01 (6.5086e-01)	Loss Pred 4.6759e-01 (4.7879e-01)	Loss TOTAL 8.3394e-01 (8.6152e-01)
Epoch: [6][ 40/140]	L_Src_Sup 3.5391e-01 (2.1707e-01)	L_Trg_Inj 2.7041e-01 (3.0368e-01)	Loss Disc 6.4622e-01 (6.5228e-01)	Loss Pred 4.5901e-01 (4.7611e-01)	Loss TOTAL 9.2806e-01 (8.6079e-01)
Epoch: [6][ 50/140]	L_Src_Sup 2.2097e-01 (2.1648e-01)	L_Trg_Inj 3.4805e-01 (3.0615e-01)	Loss Disc 6.4062e-01 (6.5080e-01)	Loss Pred 4.5465e-01 (4.7481e-01)	Loss TOTAL 8.3186e-01 (8.5764e-01)
Epoch: [6][ 60/140]	L_Src_Sup 1.8843e-01 (2.1461e-01)	L_Trg_Inj 2.2786e-01 (2.9863e-01)	Loss Disc 6.6101e-01 (6.5186e-01)	Loss Pred 4.6061e-01 (4.7311e-01)	Loss TOTAL 8.3275e-01 (8.5584e-01)
Epoch: [6][ 70/140]	L_Src_Sup 2.9200e-01 (2.1680e-01)	L_Trg_Inj 3.2058e-01 (2.9762e-01)	Loss Disc 6.3861e-01 (6.5237e-01)	Loss Pred 4.9700e-01 (4.7432e-01)	Loss TOTAL 8.7756e-01 (8.5891e-01)
Epoch: [6][ 80/140]	L_Src_Sup 2.6679e-01 (2.1435e-01)	L_Trg_Inj 3.4560e-01 (2.9994e-01)	Loss Disc 6.3959e-01 (6.5296e-01)	Loss Pred 4.4164e-01 (4.7450e-01)	Loss TOTAL 8.2267e-01 (8.5850e-01)
Epoch: [6][ 90/140]	L_Src_Sup 2.4306e-01 (2.1387e-01)	L_Trg_Inj 2.7601e-01 (2.9609e-01)	Loss Disc 6.6559e-01 (6.5303e-01)	Loss Pred 5.2361e-01 (4.7474e-01)	Loss TOTAL 9.0831e-01 (8.5821e-01)
Epoch: [6][100/140]	L_Src_Sup 2.3558e-01 (2.1493e-01)	L_Trg_Inj 2.8642e-01 (2.9816e-01)	Loss Disc 6.5016e-01 (6.5317e-01)	Loss Pred 4.4669e-01 (4.7453e-01)	Loss TOTAL 8.2397e-01 (8.5836e-01)
Epoch: [6][110/140]	L_Src_Sup 1.7297e-01 (2.1365e-01)	L_Trg_Inj 3.2646e-01 (2.9802e-01)	Loss Disc 6.5890e-01 (6.5324e-01)	Loss Pred 4.8990e-01 (4.7396e-01)	Loss TOTAL 8.6930e-01 (8.5715e-01)
Epoch: [6][120/140]	L_Src_Sup 1.3940e-01 (2.1240e-01)	L_Trg_Inj 2.7994e-01 (2.9733e-01)	Loss Disc 6.5492e-01 (6.5349e-01)	Loss Pred 4.8980e-01 (4.7424e-01)	Loss TOTAL 8.5919e-01 (8.5730e-01)
Epoch: [6][130/140]	L_Src_Sup 1.6965e-01 (2.1001e-01)	L_Trg_Inj 3.4712e-01 (2.9938e-01)	Loss Disc 6.6586e-01 (6.5360e-01)	Loss Pred 4.5313e-01 (4.7346e-01)	Loss TOTAL 8.3773e-01 (8.5614e-01)
Epoch: [6][140/140]	L_Src_Sup 1.6994e-01 (2.0854e-01)	L_Trg_Inj 2.6302e-01 (2.9878e-01)	Loss Disc 6.9654e-01 (6.5546e-01)	Loss Pred 5.2921e-01 (4.7333e-01)	Loss TOTAL 9.2078e-01 (8.5638e-01)
Epoch: [6][140/140]	L_Src_Sup 1.6994e-01 (2.0854e-01)	L_Trg_Inj 2.6302e-01 (2.9878e-01)	Loss Disc 6.9654e-01 (6.5546e-01)	Loss Pred 5.2921e-01 (4.7333e-01)	Loss TOTAL 9.2078e-01 (8.5638e-01)
Epoch 6 complete. Saving model state...
Epoch: [7][ 10/140]	L_Src_Sup 2.1063e-01 (1.9008e-01)	L_Trg_Inj 2.5315e-01 (2.9538e-01)	Loss Disc 6.9291e-01 (6.9216e-01)	Loss Pred 4.7877e-01 (4.7310e-01)	Loss TOTAL 8.7160e-01 (8.6773e-01)
Epoch: [7][ 20/140]	L_Src_Sup 2.0381e-01 (1.9675e-01)	L_Trg_Inj 2.4871e-01 (2.8452e-01)	Loss Disc 6.9417e-01 (6.9172e-01)	Loss Pred 5.1515e-01 (4.7533e-01)	Loss TOTAL 9.0749e-01 (8.7115e-01)
Epoch: [7][ 30/140]	L_Src_Sup 2.7044e-01 (2.0451e-01)	L_Trg_Inj 2.6143e-01 (2.8909e-01)	Loss Disc 6.8642e-01 (6.9043e-01)	Loss Pred 4.5245e-01 (4.7589e-01)	Loss TOTAL 8.5786e-01 (8.7318e-01)
Epoch: [7][ 40/140]	L_Src_Sup 1.3395e-01 (2.0549e-01)	L_Trg_Inj 2.8966e-01 (2.9640e-01)	Loss Disc 6.8576e-01 (6.8871e-01)	Loss Pred 4.3950e-01 (4.7218e-01)	Loss TOTAL 8.2475e-01 (8.6876e-01)
Epoch: [7][ 50/140]	L_Src_Sup 1.9848e-01 (2.0384e-01)	L_Trg_Inj 3.4819e-01 (3.0033e-01)	Loss Disc 6.8764e-01 (6.8842e-01)	Loss Pred 4.9475e-01 (4.7353e-01)	Loss TOTAL 8.9324e-01 (8.6987e-01)
Epoch: [7][ 60/140]	L_Src_Sup 2.6407e-01 (2.0806e-01)	L_Trg_Inj 2.4364e-01 (3.0549e-01)	Loss Disc 6.8704e-01 (6.8810e-01)	Loss Pred 4.6392e-01 (4.7094e-01)	Loss TOTAL 8.7864e-01 (8.6864e-01)
Epoch: [7][ 70/140]	L_Src_Sup 1.0098e-01 (2.0102e-01)	L_Trg_Inj 3.1606e-01 (3.0627e-01)	Loss Disc 6.8451e-01 (6.8787e-01)	Loss Pred 4.4781e-01 (4.7138e-01)	Loss TOTAL 8.3177e-01 (8.6802e-01)
Epoch: [7][ 80/140]	L_Src_Sup 2.5452e-01 (2.0144e-01)	L_Trg_Inj 3.2390e-01 (3.1036e-01)	Loss Disc 6.8647e-01 (6.8768e-01)	Loss Pred 4.5165e-01 (4.7035e-01)	Loss TOTAL 8.5273e-01 (8.6709e-01)
Epoch: [7][ 90/140]	L_Src_Sup 2.1268e-01 (1.9976e-01)	L_Trg_Inj 2.8070e-01 (3.0940e-01)	Loss Disc 6.9000e-01 (6.8759e-01)	Loss Pred 4.8263e-01 (4.6975e-01)	Loss TOTAL 8.7697e-01 (8.6599e-01)
Epoch: [7][100/140]	L_Src_Sup 1.5531e-01 (1.9950e-01)	L_Trg_Inj 3.4304e-01 (3.1021e-01)	Loss Disc 6.8712e-01 (6.8771e-01)	Loss Pred 4.6338e-01 (4.6961e-01)	Loss TOTAL 8.5677e-01 (8.6640e-01)
Epoch: [7][110/140]	L_Src_Sup 1.7108e-01 (1.9840e-01)	L_Trg_Inj 3.1630e-01 (3.0792e-01)	Loss Disc 6.8832e-01 (6.8785e-01)	Loss Pred 4.5759e-01 (4.6988e-01)	Loss TOTAL 8.5049e-01 (8.6649e-01)
Epoch: [7][120/140]	L_Src_Sup 2.0813e-01 (1.9859e-01)	L_Trg_Inj 2.7964e-01 (3.0752e-01)	Loss Disc 6.8915e-01 (6.8784e-01)	Loss Pred 4.7519e-01 (4.6974e-01)	Loss TOTAL 8.6854e-01 (8.6625e-01)
Epoch: [7][130/140]	L_Src_Sup 1.5533e-01 (1.9681e-01)	L_Trg_Inj 3.9363e-01 (3.0531e-01)	Loss Disc 6.8092e-01 (6.8788e-01)	Loss Pred 4.6282e-01 (4.7042e-01)	Loss TOTAL 8.5818e-01 (8.6640e-01)
Epoch: [7][140/140]	L_Src_Sup 3.3082e-01 (1.9665e-01)	L_Trg_Inj 1.4417e-01 (3.0634e-01)	Loss Disc 6.9329e-01 (6.8788e-01)	Loss Pred 4.6877e-01 (4.7035e-01)	Loss TOTAL 1.0496e+00 (8.6762e-01)
Epoch: [7][140/140]	L_Src_Sup 3.3082e-01 (1.9665e-01)	L_Trg_Inj 1.4417e-01 (3.0634e-01)	Loss Disc 6.9329e-01 (6.8788e-01)	Loss Pred 4.6877e-01 (4.7035e-01)	Loss TOTAL 1.0496e+00 (8.6762e-01)
Epoch 7 complete. Saving model state...
Epoch: [8][ 10/140]	L_Src_Sup 2.8123e-01 (2.0577e-01)	L_Trg_Inj 2.1470e-01 (2.9601e-01)	Loss Disc 6.8544e-01 (6.8728e-01)	Loss Pred 4.3141e-01 (4.6814e-01)	Loss TOTAL 8.9025e-01 (8.8519e-01)
Epoch: [8][ 20/140]	L_Src_Sup 1.7408e-01 (2.0287e-01)	L_Trg_Inj 3.4554e-01 (2.9302e-01)	Loss Disc 6.8576e-01 (6.8737e-01)	Loss Pred 4.6905e-01 (4.6885e-01)	Loss TOTAL 8.6389e-01 (8.7795e-01)
Epoch: [8][ 30/140]	L_Src_Sup 2.2448e-01 (1.9967e-01)	L_Trg_Inj 3.8582e-01 (3.1980e-01)	Loss Disc 6.8365e-01 (6.8678e-01)	Loss Pred 4.6212e-01 (4.6869e-01)	Loss TOTAL 8.6497e-01 (8.7458e-01)
Epoch: [8][ 40/140]	L_Src_Sup 1.3578e-01 (1.9300e-01)	L_Trg_Inj 3.6698e-01 (3.2618e-01)	Loss Disc 6.8430e-01 (6.8691e-01)	Loss Pred 4.4938e-01 (4.6782e-01)	Loss TOTAL 8.4180e-01 (8.7111e-01)
Epoch: [8][ 50/140]	L_Src_Sup 1.8992e-01 (1.9665e-01)	L_Trg_Inj 3.9723e-01 (3.2482e-01)	Loss Disc 6.8477e-01 (6.8706e-01)	Loss Pred 4.6237e-01 (4.6880e-01)	Loss TOTAL 8.6347e-01 (8.7205e-01)
Epoch: [8][ 60/140]	L_Src_Sup 2.3237e-01 (1.9894e-01)	L_Trg_Inj 3.6795e-01 (3.2653e-01)	Loss Disc 6.8642e-01 (6.8717e-01)	Loss Pred 4.8697e-01 (4.6892e-01)	Loss TOTAL 8.9021e-01 (8.7454e-01)
Epoch: [8][ 70/140]	L_Src_Sup 2.3882e-01 (2.0043e-01)	L_Trg_Inj 3.3039e-01 (3.2425e-01)	Loss Disc 6.8993e-01 (6.8725e-01)	Loss Pred 5.0578e-01 (4.6799e-01)	Loss TOTAL 9.0767e-01 (8.7222e-01)
Epoch: [8][ 80/140]	L_Src_Sup 2.4373e-01 (2.0113e-01)	L_Trg_Inj 2.4588e-01 (3.2302e-01)	Loss Disc 6.9113e-01 (6.8736e-01)	Loss Pred 4.6780e-01 (4.6852e-01)	Loss TOTAL 8.6232e-01 (8.7187e-01)
Epoch: [8][ 90/140]	L_Src_Sup 2.6352e-01 (2.0167e-01)	L_Trg_Inj 3.0835e-01 (3.1922e-01)	Loss Disc 6.8650e-01 (6.8743e-01)	Loss Pred 4.7423e-01 (4.6844e-01)	Loss TOTAL 8.7467e-01 (8.7095e-01)
Epoch: [8][100/140]	L_Src_Sup 1.6230e-01 (2.0052e-01)	L_Trg_Inj 3.0677e-01 (3.1433e-01)	Loss Disc 6.9059e-01 (6.8747e-01)	Loss Pred 5.0063e-01 (4.6883e-01)	Loss TOTAL 8.9283e-01 (8.7009e-01)
Epoch: [8][110/140]	L_Src_Sup 2.9087e-01 (2.0389e-01)	L_Trg_Inj 2.5904e-01 (3.1293e-01)	Loss Disc 6.8919e-01 (6.8751e-01)	Loss Pred 4.5505e-01 (4.6902e-01)	Loss TOTAL 8.8647e-01 (8.7078e-01)
Epoch: [8][120/140]	L_Src_Sup 1.9309e-01 (2.0037e-01)	L_Trg_Inj 3.9650e-01 (3.1440e-01)	Loss Disc 6.8804e-01 (6.8752e-01)	Loss Pred 4.7412e-01 (4.6938e-01)	Loss TOTAL 8.7710e-01 (8.7086e-01)
Epoch: [8][130/140]	L_Src_Sup 2.4366e-01 (1.9815e-01)	L_Trg_Inj 3.5673e-01 (3.1539e-01)	Loss Disc 6.8609e-01 (6.8743e-01)	Loss Pred 4.6767e-01 (4.6895e-01)	Loss TOTAL 8.7075e-01 (8.6977e-01)
Epoch: [8][140/140]	L_Src_Sup 3.9393e-01 (1.9937e-01)	L_Trg_Inj 2.4215e-01 (3.1401e-01)	Loss Disc 6.8611e-01 (6.8740e-01)	Loss Pred 4.2326e-01 (4.6777e-01)	Loss TOTAL 9.8170e-01 (8.6957e-01)
Epoch: [8][140/140]	L_Src_Sup 3.9393e-01 (1.9937e-01)	L_Trg_Inj 2.4215e-01 (3.1401e-01)	Loss Disc 6.8611e-01 (6.8740e-01)	Loss Pred 4.2326e-01 (4.6777e-01)	Loss TOTAL 9.8170e-01 (8.6957e-01)
Epoch 8 complete. Saving model state...
Epoch: [9][ 10/140]	L_Src_Sup 1.8659e-01 (2.1227e-01)	L_Trg_Inj 3.2252e-01 (3.2551e-01)	Loss Disc 6.8805e-01 (6.8755e-01)	Loss Pred 4.4825e-01 (4.6860e-01)	Loss TOTAL 8.4318e-01 (8.6616e-01)
Epoch: [9][ 20/140]	L_Src_Sup 1.3934e-01 (1.9605e-01)	L_Trg_Inj 4.2521e-01 (3.0587e-01)	Loss Disc 6.8296e-01 (6.8840e-01)	Loss Pred 4.4848e-01 (4.7107e-01)	Loss TOTAL 8.4642e-01 (8.6676e-01)
Epoch: [9][ 30/140]	L_Src_Sup 2.9595e-01 (2.0412e-01)	L_Trg_Inj 2.3835e-01 (3.0300e-01)	Loss Disc 6.9023e-01 (6.8824e-01)	Loss Pred 4.6687e-01 (4.6804e-01)	Loss TOTAL 9.2302e-01 (8.6871e-01)
Epoch: [9][ 40/140]	L_Src_Sup 1.8663e-01 (2.0333e-01)	L_Trg_Inj 3.0729e-01 (3.0150e-01)	Loss Disc 6.8774e-01 (6.8823e-01)	Loss Pred 4.4844e-01 (4.6699e-01)	Loss TOTAL 8.4170e-01 (8.6752e-01)
Epoch: [9][ 50/140]	L_Src_Sup 2.3450e-01 (2.0152e-01)	L_Trg_Inj 2.6465e-01 (2.9631e-01)	Loss Disc 6.8970e-01 (6.8842e-01)	Loss Pred 4.9197e-01 (4.6760e-01)	Loss TOTAL 8.8674e-01 (8.6751e-01)
Epoch: [9][ 60/140]	L_Src_Sup 8.4149e-02 (2.0075e-01)	L_Trg_Inj 3.1246e-01 (3.0237e-01)	Loss Disc 6.8359e-01 (6.8805e-01)	Loss Pred 4.5344e-01 (4.6846e-01)	Loss TOTAL 8.3490e-01 (8.6914e-01)
Epoch: [9][ 70/140]	L_Src_Sup 2.2838e-01 (2.0315e-01)	L_Trg_Inj 3.0666e-01 (3.0490e-01)	Loss Disc 6.9012e-01 (6.8808e-01)	Loss Pred 4.7280e-01 (4.6821e-01)	Loss TOTAL 8.7136e-01 (8.6849e-01)
Epoch: [9][ 80/140]	L_Src_Sup 2.1450e-01 (2.0462e-01)	L_Trg_Inj 3.2708e-01 (3.0841e-01)	Loss Disc 6.8476e-01 (6.8793e-01)	Loss Pred 4.8585e-01 (4.6836e-01)	Loss TOTAL 8.8239e-01 (8.6839e-01)
Epoch: [9][ 90/140]	L_Src_Sup 2.0707e-01 (2.0203e-01)	L_Trg_Inj 2.8038e-01 (3.0643e-01)	Loss Disc 6.8468e-01 (6.8782e-01)	Loss Pred 4.6099e-01 (4.6763e-01)	Loss TOTAL 8.5207e-01 (8.6661e-01)
Epoch: [9][100/140]	L_Src_Sup 1.2403e-01 (1.9995e-01)	L_Trg_Inj 3.7441e-01 (3.0806e-01)	Loss Disc 6.8312e-01 (6.8775e-01)	Loss Pred 4.7938e-01 (4.6755e-01)	Loss TOTAL 8.7079e-01 (8.6658e-01)
Epoch: [9][110/140]	L_Src_Sup 2.2239e-01 (2.0245e-01)	L_Trg_Inj 2.2306e-01 (3.0328e-01)	Loss Disc 6.8828e-01 (6.8783e-01)	Loss Pred 4.5471e-01 (4.6697e-01)	Loss TOTAL 8.4339e-01 (8.6640e-01)
Epoch: [9][120/140]	L_Src_Sup 2.2239e-01 (2.0221e-01)	L_Trg_Inj 2.2994e-01 (3.0570e-01)	Loss Disc 6.9021e-01 (6.8782e-01)	Loss Pred 4.5463e-01 (4.6732e-01)	Loss TOTAL 8.4496e-01 (8.6655e-01)
Epoch: [9][130/140]	L_Src_Sup 2.6907e-01 (2.0214e-01)	L_Trg_Inj 2.9878e-01 (3.0649e-01)	Loss Disc 6.8536e-01 (6.8775e-01)	Loss Pred 4.4181e-01 (4.6654e-01)	Loss TOTAL 8.4128e-01 (8.6545e-01)
Epoch: [9][140/140]	L_Src_Sup 2.3157e-01 (2.0027e-01)	L_Trg_Inj 2.0230e-01 (3.0480e-01)	Loss Disc 6.8833e-01 (6.8783e-01)	Loss Pred 4.2849e-01 (4.6672e-01)	Loss TOTAL 8.4530e-01 (8.6531e-01)
Epoch: [9][140/140]	L_Src_Sup 2.3157e-01 (2.0027e-01)	L_Trg_Inj 2.0230e-01 (3.0480e-01)	Loss Disc 6.8833e-01 (6.8783e-01)	Loss Pred 4.2849e-01 (4.6672e-01)	Loss TOTAL 8.4530e-01 (8.6531e-01)
Epoch 9 complete. Saving model state...
Epoch: [10][ 10/140]	L_Src_Sup 1.5397e-01 (1.9822e-01)	L_Trg_Inj 2.9672e-01 (2.9059e-01)	Loss Disc 6.8670e-01 (6.8790e-01)	Loss Pred 4.5402e-01 (4.6770e-01)	Loss TOTAL 8.4244e-01 (8.6404e-01)
Epoch: [10][ 20/140]	L_Src_Sup 2.5023e-01 (2.0351e-01)	L_Trg_Inj 3.1205e-01 (2.8706e-01)	Loss Disc 6.8458e-01 (6.8745e-01)	Loss Pred 4.3501e-01 (4.6099e-01)	Loss TOTAL 8.3353e-01 (8.5552e-01)
Epoch: [10][ 30/140]	L_Src_Sup 1.6124e-01 (2.0877e-01)	L_Trg_Inj 4.3301e-01 (2.8660e-01)	Loss Disc 6.8691e-01 (6.8808e-01)	Loss Pred 4.6040e-01 (4.6438e-01)	Loss TOTAL 8.6328e-01 (8.7102e-01)
Epoch: [10][ 40/140]	L_Src_Sup 2.1269e-01 (2.1165e-01)	L_Trg_Inj 3.5043e-01 (2.9492e-01)	Loss Disc 6.8600e-01 (6.8824e-01)	Loss Pred 4.7898e-01 (4.6588e-01)	Loss TOTAL 8.7829e-01 (8.7045e-01)
Epoch: [10][ 50/140]	L_Src_Sup 2.9085e-01 (2.1442e-01)	L_Trg_Inj 3.0904e-01 (3.0010e-01)	Loss Disc 6.8935e-01 (6.8793e-01)	Loss Pred 4.7234e-01 (4.6477e-01)	Loss TOTAL 8.7701e-01 (8.6803e-01)
Epoch: [10][ 60/140]	L_Src_Sup 9.0986e-02 (2.0628e-01)	L_Trg_Inj 2.6681e-01 (3.0157e-01)	Loss Disc 6.9003e-01 (6.8789e-01)	Loss Pred 5.1172e-01 (4.6590e-01)	Loss TOTAL 8.9251e-01 (8.6715e-01)
Epoch: [10][ 70/140]	L_Src_Sup 2.1068e-01 (2.0491e-01)	L_Trg_Inj 3.4250e-01 (3.0031e-01)	Loss Disc 6.8969e-01 (6.8809e-01)	Loss Pred 4.7293e-01 (4.6707e-01)	Loss TOTAL 8.7309e-01 (8.6740e-01)
Epoch: [10][ 80/140]	L_Src_Sup 1.7717e-01 (2.0334e-01)	L_Trg_Inj 3.3027e-01 (3.0480e-01)	Loss Disc 6.8937e-01 (6.8798e-01)	Loss Pred 4.7877e-01 (4.6739e-01)	Loss TOTAL 8.7420e-01 (8.6723e-01)
Epoch: [10][ 90/140]	L_Src_Sup 2.7606e-01 (2.0622e-01)	L_Trg_Inj 2.6539e-01 (3.0816e-01)	Loss Disc 6.8741e-01 (6.8772e-01)	Loss Pred 4.6014e-01 (4.6660e-01)	Loss TOTAL 8.6866e-01 (8.6649e-01)
Epoch: [10][100/140]	L_Src_Sup 1.8072e-01 (2.0473e-01)	L_Trg_Inj 2.4981e-01 (3.0491e-01)	Loss Disc 6.8503e-01 (6.8769e-01)	Loss Pred 4.1624e-01 (4.6545e-01)	Loss TOTAL 8.0181e-01 (8.6527e-01)
Epoch: [10][110/140]	L_Src_Sup 1.9864e-01 (2.0584e-01)	L_Trg_Inj 3.1229e-01 (3.0673e-01)	Loss Disc 6.8854e-01 (6.8766e-01)	Loss Pred 4.9265e-01 (4.6641e-01)	Loss TOTAL 8.8801e-01 (8.6607e-01)
Epoch: [10][120/140]	L_Src_Sup 2.3944e-01 (2.0555e-01)	L_Trg_Inj 1.8716e-01 (3.0380e-01)	Loss Disc 6.8972e-01 (6.8778e-01)	Loss Pred 4.5378e-01 (4.6710e-01)	Loss TOTAL 8.9358e-01 (8.6655e-01)
Epoch: [10][130/140]	L_Src_Sup 1.9057e-01 (2.0552e-01)	L_Trg_Inj 3.7480e-01 (3.0516e-01)	Loss Disc 6.8518e-01 (6.8763e-01)	Loss Pred 4.5963e-01 (4.6610e-01)	Loss TOTAL 8.5875e-01 (8.6562e-01)
Epoch: [10][140/140]	L_Src_Sup 2.0538e-01 (2.0592e-01)	L_Trg_Inj 3.7390e-01 (3.0510e-01)	Loss Disc 6.9124e-01 (6.8768e-01)	Loss Pred 5.1029e-01 (4.6634e-01)	Loss TOTAL 9.1384e-01 (8.6582e-01)
Epoch: [10][140/140]	L_Src_Sup 2.0538e-01 (2.0592e-01)	L_Trg_Inj 3.7390e-01 (3.0510e-01)	Loss Disc 6.9124e-01 (6.8768e-01)	Loss Pred 5.1029e-01 (4.6634e-01)	Loss TOTAL 9.1384e-01 (8.6582e-01)
Epoch 10 complete. Saving model state...
Epoch: [11][ 10/140]	L_Src_Sup 1.5287e-01 (2.1060e-01)	L_Trg_Inj 3.1435e-01 (3.1095e-01)	Loss Disc 6.8734e-01 (6.8686e-01)	Loss Pred 4.4720e-01 (4.7030e-01)	Loss TOTAL 8.3759e-01 (8.6726e-01)
Epoch: [11][ 20/140]	L_Src_Sup 2.5033e-01 (2.1466e-01)	L_Trg_Inj 2.6556e-01 (2.9793e-01)	Loss Disc 6.8618e-01 (6.8729e-01)	Loss Pred 4.3432e-01 (4.6731e-01)	Loss TOTAL 8.2899e-01 (8.6686e-01)
Epoch: [11][ 30/140]	L_Src_Sup 1.3853e-01 (2.0143e-01)	L_Trg_Inj 2.3434e-01 (2.9128e-01)	Loss Disc 6.8459e-01 (6.8727e-01)	Loss Pred 4.5964e-01 (4.6758e-01)	Loss TOTAL 8.3922e-01 (8.6394e-01)
Epoch: [11][ 40/140]	L_Src_Sup 2.2442e-01 (2.0286e-01)	L_Trg_Inj 3.1242e-01 (2.9147e-01)	Loss Disc 6.8649e-01 (6.8768e-01)	Loss Pred 4.5977e-01 (4.6738e-01)	Loss TOTAL 8.5670e-01 (8.6610e-01)
Epoch: [11][ 50/140]	L_Src_Sup 2.2617e-01 (2.0926e-01)	L_Trg_Inj 4.2170e-01 (3.0236e-01)	Loss Disc 6.8629e-01 (6.8743e-01)	Loss Pred 4.6575e-01 (4.6721e-01)	Loss TOTAL 8.7368e-01 (8.6644e-01)
Epoch: [11][ 60/140]	L_Src_Sup 2.0575e-01 (2.0546e-01)	L_Trg_Inj 3.1215e-01 (3.0145e-01)	Loss Disc 6.8870e-01 (6.8768e-01)	Loss Pred 4.5389e-01 (4.6761e-01)	Loss TOTAL 8.5003e-01 (8.6649e-01)
Epoch: [11][ 70/140]	L_Src_Sup 1.8035e-01 (2.0390e-01)	L_Trg_Inj 3.5927e-01 (3.0083e-01)	Loss Disc 6.8628e-01 (6.8762e-01)	Loss Pred 4.9132e-01 (4.6701e-01)	Loss TOTAL 8.8842e-01 (8.6715e-01)
Epoch: [11][ 80/140]	L_Src_Sup 1.8869e-01 (2.0717e-01)	L_Trg_Inj 2.3082e-01 (2.9812e-01)	Loss Disc 6.8977e-01 (6.8766e-01)	Loss Pred 4.5376e-01 (4.6642e-01)	Loss TOTAL 8.4060e-01 (8.6610e-01)
Epoch: [11][ 90/140]	L_Src_Sup 1.5402e-01 (2.0500e-01)	L_Trg_Inj 2.1856e-01 (2.9345e-01)	Loss Disc 6.8845e-01 (6.8778e-01)	Loss Pred 4.5324e-01 (4.6716e-01)	Loss TOTAL 8.3472e-01 (8.6625e-01)
Epoch: [11][100/140]	L_Src_Sup 2.4370e-01 (2.0960e-01)	L_Trg_Inj 3.3019e-01 (2.9309e-01)	Loss Disc 6.8943e-01 (6.8789e-01)	Loss Pred 4.8115e-01 (4.6695e-01)	Loss TOTAL 8.8326e-01 (8.6769e-01)
Epoch: [11][110/140]	L_Src_Sup 1.5799e-01 (2.0663e-01)	L_Trg_Inj 2.6551e-01 (2.9047e-01)	Loss Disc 6.8827e-01 (6.8803e-01)	Loss Pred 4.7207e-01 (4.6661e-01)	Loss TOTAL 8.5856e-01 (8.6664e-01)
Epoch: [11][120/140]	L_Src_Sup 1.8980e-01 (2.0767e-01)	L_Trg_Inj 2.1860e-01 (2.9066e-01)	Loss Disc 6.8852e-01 (6.8808e-01)	Loss Pred 4.5946e-01 (4.6648e-01)	Loss TOTAL 8.4456e-01 (8.6728e-01)
Epoch: [11][130/140]	L_Src_Sup 2.0881e-01 (2.0469e-01)	L_Trg_Inj 3.7474e-01 (2.9117e-01)	Loss Disc 6.8696e-01 (6.8800e-01)	Loss Pred 4.6664e-01 (4.6595e-01)	Loss TOTAL 8.6848e-01 (8.6593e-01)
Epoch: [11][140/140]	L_Src_Sup 2.0534e-01 (2.0504e-01)	L_Trg_Inj 3.1162e-01 (2.9358e-01)	Loss Disc 6.8418e-01 (6.8791e-01)	Loss Pred 4.5353e-01 (4.6597e-01)	Loss TOTAL 8.4732e-01 (8.6593e-01)
Epoch: [11][140/140]	L_Src_Sup 2.0534e-01 (2.0504e-01)	L_Trg_Inj 3.1162e-01 (2.9358e-01)	Loss Disc 6.8418e-01 (6.8791e-01)	Loss Pred 4.5353e-01 (4.6597e-01)	Loss TOTAL 8.4732e-01 (8.6593e-01)
Epoch 11 complete. Saving model state...
Epoch: [12][ 10/140]	L_Src_Sup 2.8589e-01 (1.9208e-01)	L_Trg_Inj 2.8080e-01 (3.1778e-01)	Loss Disc 6.9053e-01 (6.8812e-01)	Loss Pred 4.9552e-01 (4.7147e-01)	Loss TOTAL 9.0254e-01 (8.6702e-01)
Epoch: [12][ 20/140]	L_Src_Sup 1.5660e-01 (1.9179e-01)	L_Trg_Inj 2.4939e-01 (3.1199e-01)	Loss Disc 6.8926e-01 (6.8756e-01)	Loss Pred 4.7561e-01 (4.6625e-01)	Loss TOTAL 8.6084e-01 (8.6235e-01)
Epoch: [12][ 30/140]	L_Src_Sup 2.0196e-01 (2.0297e-01)	L_Trg_Inj 3.4465e-01 (3.1625e-01)	Loss Disc 6.8403e-01 (6.8704e-01)	Loss Pred 4.4053e-01 (4.6324e-01)	Loss TOTAL 8.3721e-01 (8.6214e-01)
Epoch: [12][ 40/140]	L_Src_Sup 1.0840e-01 (2.1370e-01)	L_Trg_Inj 2.9661e-01 (3.0960e-01)	Loss Disc 6.8834e-01 (6.8695e-01)	Loss Pred 4.8567e-01 (4.6284e-01)	Loss TOTAL 8.7035e-01 (8.6296e-01)
Epoch: [12][ 50/140]	L_Src_Sup 1.9440e-01 (2.0759e-01)	L_Trg_Inj 2.2212e-01 (3.0465e-01)	Loss Disc 6.9042e-01 (6.8735e-01)	Loss Pred 4.6607e-01 (4.6363e-01)	Loss TOTAL 8.5294e-01 (8.6290e-01)
Epoch: [12][ 60/140]	L_Src_Sup 1.5329e-01 (2.4775e-01)	L_Trg_Inj 3.8712e-01 (3.1199e-01)	Loss Disc 6.8679e-01 (6.8764e-01)	Loss Pred 5.1948e-01 (4.6678e-01)	Loss TOTAL 9.1691e-01 (9.0733e-01)
Epoch: [12][ 70/140]	L_Src_Sup 2.3404e-01 (2.4658e-01)	L_Trg_Inj 3.2510e-01 (3.1646e-01)	Loss Disc 6.8991e-01 (6.8785e-01)	Loss Pred 5.3349e-01 (4.7813e-01)	Loss TOTAL 9.3436e-01 (9.1404e-01)
Epoch: [12][ 80/140]	L_Src_Sup 3.0906e-01 (2.4287e-01)	L_Trg_Inj 3.2302e-01 (3.1813e-01)	Loss Disc 6.8846e-01 (6.8799e-01)	Loss Pred 4.9802e-01 (4.8029e-01)	Loss TOTAL 9.0546e-01 (9.1218e-01)
Epoch: [12][ 90/140]	L_Src_Sup 1.9208e-01 (2.3970e-01)	L_Trg_Inj 2.8582e-01 (3.1893e-01)	Loss Disc 6.8667e-01 (6.8793e-01)	Loss Pred 4.7017e-01 (4.7850e-01)	Loss TOTAL 8.6129e-01 (9.0871e-01)
Epoch: [12][100/140]	L_Src_Sup 2.0565e-01 (2.3732e-01)	L_Trg_Inj 3.0802e-01 (3.1899e-01)	Loss Disc 6.8892e-01 (6.8794e-01)	Loss Pred 4.5688e-01 (4.7716e-01)	Loss TOTAL 8.5270e-01 (9.0411e-01)
Epoch: [12][110/140]	L_Src_Sup 2.0019e-01 (2.3425e-01)	L_Trg_Inj 2.4563e-01 (3.1865e-01)	Loss Disc 6.8783e-01 (6.8794e-01)	Loss Pred 5.0026e-01 (4.7713e-01)	Loss TOTAL 8.8875e-01 (9.0199e-01)
Epoch: [12][120/140]	L_Src_Sup 1.9311e-01 (2.3271e-01)	L_Trg_Inj 2.9412e-01 (3.1805e-01)	Loss Disc 6.8795e-01 (6.8799e-01)	Loss Pred 4.7475e-01 (4.7708e-01)	Loss TOTAL 8.6745e-01 (8.9961e-01)
Epoch: [12][130/140]	L_Src_Sup 2.1439e-01 (2.3101e-01)	L_Trg_Inj 3.0303e-01 (3.1584e-01)	Loss Disc 6.9006e-01 (6.8796e-01)	Loss Pred 4.9711e-01 (4.7616e-01)	Loss TOTAL 8.9389e-01 (8.9654e-01)
Epoch: [12][140/140]	L_Src_Sup 1.7399e-01 (2.2907e-01)	L_Trg_Inj 2.8011e-01 (3.1681e-01)	Loss Disc 6.8796e-01 (6.8797e-01)	Loss Pred 4.6800e-01 (4.7525e-01)	Loss TOTAL 8.5739e-01 (8.9398e-01)
Epoch: [12][140/140]	L_Src_Sup 1.7399e-01 (2.2907e-01)	L_Trg_Inj 2.8011e-01 (3.1681e-01)	Loss Disc 6.8796e-01 (6.8797e-01)	Loss Pred 4.6800e-01 (4.7525e-01)	Loss TOTAL 8.5739e-01 (8.9398e-01)
Epoch 12 complete. Saving model state...
Epoch: [13][ 10/140]	L_Src_Sup 3.0779e-01 (2.5397e-01)	L_Trg_Inj 3.2184e-01 (2.8018e-01)	Loss Disc 6.8437e-01 (6.8778e-01)	Loss Pred 4.5550e-01 (4.6636e-01)	Loss TOTAL 8.6065e-01 (8.9284e-01)
Epoch: [13][ 20/140]	L_Src_Sup 1.5391e-01 (2.2986e-01)	L_Trg_Inj 2.5929e-01 (2.8541e-01)	Loss Disc 6.8759e-01 (6.8731e-01)	Loss Pred 4.5499e-01 (4.5982e-01)	Loss TOTAL 8.4010e-01 (8.7186e-01)
Epoch: [13][ 30/140]	L_Src_Sup 2.8079e-01 (2.1807e-01)	L_Trg_Inj 2.6248e-01 (2.9147e-01)	Loss Disc 6.8966e-01 (6.8773e-01)	Loss Pred 4.7408e-01 (4.6152e-01)	Loss TOTAL 8.9155e-01 (8.6819e-01)
Epoch: [13][ 40/140]	L_Src_Sup 2.2615e-01 (2.1731e-01)	L_Trg_Inj 3.9040e-01 (3.0553e-01)	Loss Disc 6.8586e-01 (6.8798e-01)	Loss Pred 4.6735e-01 (4.6477e-01)	Loss TOTAL 8.7193e-01 (8.7165e-01)
Epoch: [13][ 50/140]	L_Src_Sup 1.2394e-01 (2.0943e-01)	L_Trg_Inj 3.3941e-01 (3.0904e-01)	Loss Disc 6.8796e-01 (6.8754e-01)	Loss Pred 4.7971e-01 (4.6458e-01)	Loss TOTAL 8.7003e-01 (8.6868e-01)
Epoch: [13][ 60/140]	L_Src_Sup 1.7862e-01 (2.0455e-01)	L_Trg_Inj 3.4305e-01 (3.0581e-01)	Loss Disc 6.8619e-01 (6.8771e-01)	Loss Pred 4.8601e-01 (4.6488e-01)	Loss TOTAL 8.8127e-01 (8.6684e-01)
Epoch: [13][ 70/140]	L_Src_Sup 2.2025e-01 (2.0284e-01)	L_Trg_Inj 3.7405e-01 (3.0687e-01)	Loss Disc 6.9019e-01 (6.8791e-01)	Loss Pred 5.0503e-01 (4.6575e-01)	Loss TOTAL 9.0955e-01 (8.6846e-01)
Epoch: [13][ 80/140]	L_Src_Sup 2.3736e-01 (2.0325e-01)	L_Trg_Inj 3.3273e-01 (3.0670e-01)	Loss Disc 6.8363e-01 (6.8781e-01)	Loss Pred 4.4773e-01 (4.6398e-01)	Loss TOTAL 8.4655e-01 (8.6569e-01)
Epoch: [13][ 90/140]	L_Src_Sup 2.7838e-01 (2.0784e-01)	L_Trg_Inj 2.0281e-01 (3.0272e-01)	Loss Disc 6.9153e-01 (6.8795e-01)	Loss Pred 4.6705e-01 (4.6476e-01)	Loss TOTAL 9.3650e-01 (8.6837e-01)
Epoch: [13][100/140]	L_Src_Sup 1.9474e-01 (2.0320e-01)	L_Trg_Inj 2.9650e-01 (3.0468e-01)	Loss Disc 6.8477e-01 (6.8785e-01)	Loss Pred 4.7898e-01 (4.6650e-01)	Loss TOTAL 8.7049e-01 (8.6893e-01)
Epoch: [13][110/140]	L_Src_Sup 1.5936e-01 (2.0024e-01)	L_Trg_Inj 2.9321e-01 (3.0245e-01)	Loss Disc 6.9070e-01 (6.8796e-01)	Loss Pred 4.7903e-01 (4.6729e-01)	Loss TOTAL 8.6963e-01 (8.6917e-01)
Epoch: [13][120/140]	L_Src_Sup 1.5259e-01 (1.9958e-01)	L_Trg_Inj 3.4300e-01 (3.0161e-01)	Loss Disc 6.8411e-01 (6.8799e-01)	Loss Pred 4.4794e-01 (4.6637e-01)	Loss TOTAL 8.3955e-01 (8.6772e-01)
Epoch: [13][130/140]	L_Src_Sup 1.5390e-01 (1.9764e-01)	L_Trg_Inj 2.3867e-01 (3.0011e-01)	Loss Disc 6.9109e-01 (6.8809e-01)	Loss Pred 4.5353e-01 (4.6710e-01)	Loss TOTAL 8.3833e-01 (8.6779e-01)
Epoch: [13][140/140]	L_Src_Sup 3.3052e-01 (1.9846e-01)	L_Trg_Inj 3.5842e-01 (3.0004e-01)	Loss Disc 6.8516e-01 (6.8809e-01)	Loss Pred 4.6615e-01 (4.6676e-01)	Loss TOTAL 8.7763e-01 (8.6725e-01)
Epoch: [13][140/140]	L_Src_Sup 3.3052e-01 (1.9846e-01)	L_Trg_Inj 3.5842e-01 (3.0004e-01)	Loss Disc 6.8516e-01 (6.8809e-01)	Loss Pred 4.6615e-01 (4.6676e-01)	Loss TOTAL 8.7763e-01 (8.6725e-01)
Epoch 13 complete. Saving model state...
Epoch: [14][ 10/140]	L_Src_Sup 1.1869e-01 (2.0967e-01)	L_Trg_Inj 2.1838e-01 (2.8646e-01)	Loss Disc 6.8898e-01 (6.8931e-01)	Loss Pred 4.4706e-01 (4.7938e-01)	Loss TOTAL 8.2526e-01 (8.9171e-01)
Epoch: [14][ 20/140]	L_Src_Sup 2.5872e-01 (2.1704e-01)	L_Trg_Inj 3.6218e-01 (2.9906e-01)	Loss Disc 6.8810e-01 (6.8816e-01)	Loss Pred 4.5957e-01 (4.7381e-01)	Loss TOTAL 8.6571e-01 (8.7853e-01)
Epoch: [14][ 30/140]	L_Src_Sup 3.1943e-01 (2.0961e-01)	L_Trg_Inj 2.9550e-01 (3.1085e-01)	Loss Disc 6.8555e-01 (6.8761e-01)	Loss Pred 4.4088e-01 (4.7274e-01)	Loss TOTAL 8.6907e-01 (8.7541e-01)
Epoch: [14][ 40/140]	L_Src_Sup 3.3055e-01 (2.2106e-01)	L_Trg_Inj 3.8186e-01 (3.0950e-01)	Loss Disc 6.9002e-01 (6.8772e-01)	Loss Pred 4.6597e-01 (4.7119e-01)	Loss TOTAL 8.8222e-01 (8.7328e-01)
Epoch: [14][ 50/140]	L_Src_Sup 2.2616e-01 (2.1802e-01)	L_Trg_Inj 2.8697e-01 (3.0311e-01)	Loss Disc 6.9065e-01 (6.8791e-01)	Loss Pred 4.6640e-01 (4.6849e-01)	Loss TOTAL 8.6304e-01 (8.6880e-01)
Epoch: [14][ 60/140]	L_Src_Sup 1.5258e-01 (2.1360e-01)	L_Trg_Inj 3.1200e-01 (3.0322e-01)	Loss Disc 6.8965e-01 (6.8754e-01)	Loss Pred 4.4805e-01 (4.6600e-01)	Loss TOTAL 8.3933e-01 (8.6498e-01)
Epoch: [14][ 70/140]	L_Src_Sup 1.9473e-01 (2.0998e-01)	L_Trg_Inj 3.4202e-01 (3.0395e-01)	Loss Disc 6.9120e-01 (6.8761e-01)	Loss Pred 4.7870e-01 (4.6592e-01)	Loss TOTAL 8.7797e-01 (8.6516e-01)
Epoch: [14][ 80/140]	L_Src_Sup 2.3706e-01 (2.1165e-01)	L_Trg_Inj 3.2654e-01 (3.0342e-01)	Loss Disc 6.8905e-01 (6.8767e-01)	Loss Pred 4.7192e-01 (4.6573e-01)	Loss TOTAL 8.7281e-01 (8.6512e-01)
Epoch: [14][ 90/140]	L_Src_Sup 3.6856e-01 (2.1219e-01)	L_Trg_Inj 2.3692e-01 (2.9927e-01)	Loss Disc 6.8776e-01 (6.8776e-01)	Loss Pred 4.7202e-01 (4.6525e-01)	Loss TOTAL 1.0081e+00 (8.6727e-01)
Epoch: [14][100/140]	L_Src_Sup 2.0176e-01 (2.1149e-01)	L_Trg_Inj 3.2076e-01 (3.0108e-01)	Loss Disc 6.8493e-01 (6.8783e-01)	Loss Pred 4.4044e-01 (4.6478e-01)	Loss TOTAL 8.3516e-01 (8.6668e-01)
Epoch: [14][110/140]	L_Src_Sup 2.3864e-01 (2.0986e-01)	L_Trg_Inj 2.6312e-01 (2.9947e-01)	Loss Disc 6.9005e-01 (6.8788e-01)	Loss Pred 5.0361e-01 (4.6486e-01)	Loss TOTAL 8.9881e-01 (8.6652e-01)
Epoch: [14][120/140]	L_Src_Sup 2.3586e-01 (2.0913e-01)	L_Trg_Inj 3.4984e-01 (3.0117e-01)	Loss Disc 6.8510e-01 (6.8781e-01)	Loss Pred 4.4010e-01 (4.6460e-01)	Loss TOTAL 8.4122e-01 (8.6576e-01)
Epoch: [14][130/140]	L_Src_Sup 2.2026e-01 (2.1281e-01)	L_Trg_Inj 3.7655e-01 (3.0372e-01)	Loss Disc 6.8804e-01 (6.8781e-01)	Loss Pred 5.0600e-01 (4.6484e-01)	Loss TOTAL 9.0970e-01 (8.6734e-01)
Epoch: [14][140/140]	L_Src_Sup 2.0005e-01 (2.1250e-01)	L_Trg_Inj 3.1193e-01 (3.0649e-01)	Loss Disc 6.8755e-01 (6.8777e-01)	Loss Pred 4.4364e-01 (4.6534e-01)	Loss TOTAL 8.3861e-01 (8.6757e-01)
Epoch: [14][140/140]	L_Src_Sup 2.0005e-01 (2.1250e-01)	L_Trg_Inj 3.1193e-01 (3.0649e-01)	Loss Disc 6.8755e-01 (6.8777e-01)	Loss Pred 4.4364e-01 (4.6534e-01)	Loss TOTAL 8.3861e-01 (8.6757e-01)
Epoch 14 complete. Saving model state...
Epoch: [15][ 10/140]	L_Src_Sup 2.4144e-01 (1.8778e-01)	L_Trg_Inj 2.5315e-01 (2.9153e-01)	Loss Disc 6.8759e-01 (6.8953e-01)	Loss Pred 4.5911e-01 (4.7072e-01)	Loss TOTAL 8.5237e-01 (8.6762e-01)
Epoch: [15][ 20/140]	L_Src_Sup 2.0345e-01 (2.0441e-01)	L_Trg_Inj 3.0236e-01 (3.1084e-01)	Loss Disc 6.8597e-01 (6.8795e-01)	Loss Pred 4.4643e-01 (4.6588e-01)	Loss TOTAL 8.3999e-01 (8.6547e-01)
Epoch: [15][ 30/140]	L_Src_Sup 1.7703e-01 (2.0185e-01)	L_Trg_Inj 2.7841e-01 (3.0799e-01)	Loss Disc 6.8285e-01 (6.8750e-01)	Loss Pred 4.7802e-01 (4.6621e-01)	Loss TOTAL 8.6499e-01 (8.6545e-01)
Epoch: [15][ 40/140]	L_Src_Sup 1.9546e-01 (2.0720e-01)	L_Trg_Inj 2.1932e-01 (3.0602e-01)	Loss Disc 6.9006e-01 (6.8784e-01)	Loss Pred 4.5907e-01 (4.6745e-01)	Loss TOTAL 8.4558e-01 (8.6745e-01)
Epoch: [15][ 50/140]	L_Src_Sup 1.3564e-01 (2.0208e-01)	L_Trg_Inj 3.2549e-01 (3.0290e-01)	Loss Disc 6.8242e-01 (6.8767e-01)	Loss Pred 4.4637e-01 (4.6842e-01)	Loss TOTAL 8.3369e-01 (8.6853e-01)
Epoch: [15][ 60/140]	L_Src_Sup 3.2739e-01 (2.0479e-01)	L_Trg_Inj 2.7957e-01 (3.0320e-01)	Loss Disc 6.8987e-01 (6.8773e-01)	Loss Pred 4.9705e-01 (4.6965e-01)	Loss TOTAL 9.5049e-01 (8.7046e-01)
Epoch: [15][ 70/140]	L_Src_Sup 1.0530e-01 (2.0212e-01)	L_Trg_Inj 3.2854e-01 (3.0439e-01)	Loss Disc 6.8743e-01 (6.8788e-01)	Loss Pred 4.7169e-01 (4.6852e-01)	Loss TOTAL 8.5879e-01 (8.6883e-01)
Epoch: [15][ 80/140]	L_Src_Sup 8.7741e-02 (1.9966e-01)	L_Trg_Inj 3.2878e-01 (3.0188e-01)	Loss Disc 6.9050e-01 (6.8798e-01)	Loss Pred 4.7171e-01 (4.6807e-01)	Loss TOTAL 8.5861e-01 (8.6790e-01)
Epoch: [15][ 90/140]	L_Src_Sup 2.7836e-01 (1.9920e-01)	L_Trg_Inj 2.6085e-01 (3.0290e-01)	Loss Disc 6.9014e-01 (6.8805e-01)	Loss Pred 4.6582e-01 (4.6700e-01)	Loss TOTAL 8.8232e-01 (8.6682e-01)
Epoch: [15][100/140]	L_Src_Sup 2.1495e-01 (1.9830e-01)	L_Trg_Inj 3.4408e-01 (3.0299e-01)	Loss Disc 6.8340e-01 (6.8803e-01)	Loss Pred 4.2740e-01 (4.6635e-01)	Loss TOTAL 8.2500e-01 (8.6553e-01)
Epoch: [15][110/140]	L_Src_Sup 2.6094e-01 (1.9873e-01)	L_Trg_Inj 3.9823e-01 (3.0155e-01)	Loss Disc 6.8754e-01 (6.8812e-01)	Loss Pred 4.6592e-01 (4.6639e-01)	Loss TOTAL 8.7561e-01 (8.6539e-01)
Epoch: [15][120/140]	L_Src_Sup 2.3017e-01 (1.9848e-01)	L_Trg_Inj 3.0707e-01 (3.0361e-01)	Loss Disc 6.8866e-01 (6.8807e-01)	Loss Pred 4.7806e-01 (4.6667e-01)	Loss TOTAL 8.7612e-01 (8.6566e-01)
Epoch: [15][130/140]	L_Src_Sup 1.0530e-01 (1.9628e-01)	L_Trg_Inj 2.4547e-01 (3.0357e-01)	Loss Disc 6.8365e-01 (6.8801e-01)	Loss Pred 4.7177e-01 (4.6638e-01)	Loss TOTAL 8.4867e-01 (8.6475e-01)
Epoch: [15][140/140]	L_Src_Sup 1.6812e-01 (1.9735e-01)	L_Trg_Inj 2.1821e-01 (3.0189e-01)	Loss Disc 6.8886e-01 (6.8790e-01)	Loss Pred 4.3977e-01 (4.6487e-01)	Loss TOTAL 8.2283e-01 (8.6339e-01)
Epoch: [15][140/140]	L_Src_Sup 1.6812e-01 (1.9735e-01)	L_Trg_Inj 2.1821e-01 (3.0189e-01)	Loss Disc 6.8886e-01 (6.8790e-01)	Loss Pred 4.3977e-01 (4.6487e-01)	Loss TOTAL 8.2283e-01 (8.6339e-01)
Epoch 15 complete. Saving model state...
Epoch: [16][ 10/140]	L_Src_Sup 1.8807e-01 (1.9587e-01)	L_Trg_Inj 2.3401e-01 (2.8889e-01)	Loss Disc 6.8741e-01 (6.8796e-01)	Loss Pred 4.5270e-01 (4.6542e-01)	Loss TOTAL 8.3862e-01 (8.7060e-01)
Epoch: [16][ 20/140]	L_Src_Sup 2.7832e-01 (1.9728e-01)	L_Trg_Inj 2.3378e-01 (3.1188e-01)	Loss Disc 6.9252e-01 (6.8686e-01)	Loss Pred 4.6552e-01 (4.6228e-01)	Loss TOTAL 9.0753e-01 (8.6521e-01)
Epoch: [16][ 30/140]	L_Src_Sup 1.2177e-01 (1.9657e-01)	L_Trg_Inj 2.6488e-01 (3.1013e-01)	Loss Disc 6.9152e-01 (6.8684e-01)	Loss Pred 4.6555e-01 (4.5892e-01)	Loss TOTAL 8.4998e-01 (8.6220e-01)
Epoch: [16][ 40/140]	L_Src_Sup 2.0696e-01 (1.9877e-01)	L_Trg_Inj 2.9095e-01 (3.0955e-01)	Loss Disc 6.8648e-01 (6.8699e-01)	Loss Pred 4.5935e-01 (4.6066e-01)	Loss TOTAL 8.5238e-01 (8.6331e-01)
Epoch: [16][ 50/140]	L_Src_Sup 2.4800e-01 (2.0575e-01)	L_Trg_Inj 3.7023e-01 (3.0152e-01)	Loss Disc 6.8490e-01 (6.8737e-01)	Loss Pred 4.2724e-01 (4.6189e-01)	Loss TOTAL 8.3152e-01 (8.6743e-01)
Epoch: [16][ 60/140]	L_Src_Sup 1.8043e-01 (2.0323e-01)	L_Trg_Inj 2.1815e-01 (2.9543e-01)	Loss Disc 6.8516e-01 (6.8764e-01)	Loss Pred 4.2116e-01 (4.6317e-01)	Loss TOTAL 8.0360e-01 (8.6613e-01)
Epoch: [16][ 70/140]	L_Src_Sup 8.6222e-02 (1.9780e-01)	L_Trg_Inj 3.4015e-01 (2.9483e-01)	Loss Disc 6.8994e-01 (6.8781e-01)	Loss Pred 4.5918e-01 (4.6332e-01)	Loss TOTAL 8.4679e-01 (8.6458e-01)
Epoch: [16][ 80/140]	L_Src_Sup 1.8971e-01 (1.9748e-01)	L_Trg_Inj 2.8067e-01 (2.9546e-01)	Loss Disc 6.8744e-01 (6.8772e-01)	Loss Pred 4.5910e-01 (4.6294e-01)	Loss TOTAL 8.4986e-01 (8.6369e-01)
Epoch: [16][ 90/140]	L_Src_Sup 1.5257e-01 (2.0036e-01)	L_Trg_Inj 1.7145e-01 (2.9267e-01)	Loss Disc 6.8793e-01 (6.8775e-01)	Loss Pred 4.4627e-01 (4.6378e-01)	Loss TOTAL 8.2263e-01 (8.6446e-01)
Epoch: [16][100/140]	L_Src_Sup 1.7549e-01 (2.0022e-01)	L_Trg_Inj 3.2165e-01 (2.9426e-01)	Loss Disc 6.8437e-01 (6.8785e-01)	Loss Pred 4.7178e-01 (4.6477e-01)	Loss TOTAL 8.6368e-01 (8.6490e-01)
Epoch: [16][110/140]	L_Src_Sup 2.4786e-01 (1.9823e-01)	L_Trg_Inj 2.6233e-01 (2.9708e-01)	Loss Disc 6.8980e-01 (6.8784e-01)	Loss Pred 4.7795e-01 (4.6445e-01)	Loss TOTAL 8.7387e-01 (8.6404e-01)
Epoch: [16][120/140]	L_Src_Sup 1.7320e-01 (1.9728e-01)	L_Trg_Inj 3.8049e-01 (2.9511e-01)	Loss Disc 6.8651e-01 (6.8786e-01)	Loss Pred 4.5933e-01 (4.6422e-01)	Loss TOTAL 8.5795e-01 (8.6372e-01)
Epoch: [16][130/140]	L_Src_Sup 1.5667e-01 (1.9921e-01)	L_Trg_Inj 2.4956e-01 (2.9232e-01)	Loss Disc 6.8852e-01 (6.8790e-01)	Loss Pred 4.6518e-01 (4.6394e-01)	Loss TOTAL 8.5006e-01 (8.6429e-01)
Epoch: [16][140/140]	L_Src_Sup 2.9574e-01 (2.0078e-01)	L_Trg_Inj 4.0503e-01 (2.9553e-01)	Loss Disc 6.8476e-01 (6.8789e-01)	Loss Pred 4.6527e-01 (4.6469e-01)	Loss TOTAL 8.7773e-01 (8.6499e-01)
Epoch: [16][140/140]	L_Src_Sup 2.9574e-01 (2.0078e-01)	L_Trg_Inj 4.0503e-01 (2.9553e-01)	Loss Disc 6.8476e-01 (6.8789e-01)	Loss Pred 4.6527e-01 (4.6469e-01)	Loss TOTAL 8.7773e-01 (8.6499e-01)
Epoch 16 complete. Saving model state...
Epoch: [17][ 10/140]	L_Src_Sup 2.3942e-01 (1.7751e-01)	L_Trg_Inj 2.7566e-01 (2.9435e-01)	Loss Disc 6.8437e-01 (6.8690e-01)	Loss Pred 4.5296e-01 (4.5978e-01)	Loss TOTAL 8.4665e-01 (8.5042e-01)
Epoch: [17][ 20/140]	L_Src_Sup 2.4355e-01 (1.8538e-01)	L_Trg_Inj 2.3368e-01 (2.8413e-01)	Loss Disc 6.8821e-01 (6.8777e-01)	Loss Pred 4.6530e-01 (4.6641e-01)	Loss TOTAL 8.6699e-01 (8.5847e-01)
Epoch: [17][ 30/140]	L_Src_Sup 1.8697e-01 (1.9113e-01)	L_Trg_Inj 2.4936e-01 (2.8987e-01)	Loss Disc 6.9501e-01 (6.8818e-01)	Loss Pred 5.1601e-01 (4.7097e-01)	Loss TOTAL 9.0715e-01 (8.6398e-01)
Epoch: [17][ 40/140]	L_Src_Sup 2.2039e-01 (1.8831e-01)	L_Trg_Inj 2.0350e-01 (2.9392e-01)	Loss Disc 6.8928e-01 (6.8809e-01)	Loss Pred 4.4644e-01 (4.6907e-01)	Loss TOTAL 8.5036e-01 (8.6237e-01)
Epoch: [17][ 50/140]	L_Src_Sup 2.3861e-01 (1.9320e-01)	L_Trg_Inj 3.5873e-01 (2.9936e-01)	Loss Disc 6.9123e-01 (6.8812e-01)	Loss Pred 5.0357e-01 (4.6763e-01)	Loss TOTAL 9.0892e-01 (8.6185e-01)
Epoch: [17][ 60/140]	L_Src_Sup 2.5652e-01 (1.9657e-01)	L_Trg_Inj 3.9727e-01 (3.0103e-01)	Loss Disc 6.8563e-01 (6.8809e-01)	Loss Pred 4.5273e-01 (4.6760e-01)	Loss TOTAL 8.6093e-01 (8.6215e-01)
Epoch: [17][ 70/140]	L_Src_Sup 2.6321e-01 (1.9728e-01)	L_Trg_Inj 3.5755e-01 (3.0035e-01)	Loss Disc 6.8788e-01 (6.8809e-01)	Loss Pred 4.7182e-01 (4.6640e-01)	Loss TOTAL 8.7784e-01 (8.6162e-01)
Epoch: [17][ 80/140]	L_Src_Sup 2.0875e-01 (1.9778e-01)	L_Trg_Inj 3.4168e-01 (2.9777e-01)	Loss Disc 6.8686e-01 (6.8816e-01)	Loss Pred 4.6490e-01 (4.6551e-01)	Loss TOTAL 8.6338e-01 (8.6133e-01)
Epoch: [17][ 90/140]	L_Src_Sup 1.7402e-01 (1.9799e-01)	L_Trg_Inj 3.4141e-01 (2.9781e-01)	Loss Disc 6.8613e-01 (6.8810e-01)	Loss Pred 4.6492e-01 (4.6516e-01)	Loss TOTAL 8.5953e-01 (8.6117e-01)
Epoch: [17][100/140]	L_Src_Sup 2.4397e-01 (1.9822e-01)	L_Trg_Inj 2.6050e-01 (2.9734e-01)	Loss Disc 6.8531e-01 (6.8804e-01)	Loss Pred 4.1434e-01 (4.6431e-01)	Loss TOTAL 8.0744e-01 (8.6100e-01)
Epoch: [17][110/140]	L_Src_Sup 3.0259e-01 (2.0001e-01)	L_Trg_Inj 2.8746e-01 (2.9528e-01)	Loss Disc 6.9007e-01 (6.8809e-01)	Loss Pred 4.4007e-01 (4.6479e-01)	Loss TOTAL 8.5924e-01 (8.6197e-01)
Epoch: [17][120/140]	L_Src_Sup 2.5006e-01 (1.9966e-01)	L_Trg_Inj 1.7048e-01 (2.9798e-01)	Loss Disc 6.9404e-01 (6.8798e-01)	Loss Pred 4.8460e-01 (4.6517e-01)	Loss TOTAL 9.5327e-01 (8.6290e-01)
Epoch: [17][130/140]	L_Src_Sup 2.0172e-01 (1.9861e-01)	L_Trg_Inj 2.5436e-01 (2.9915e-01)	Loss Disc 6.8743e-01 (6.8795e-01)	Loss Pred 4.4075e-01 (4.6490e-01)	Loss TOTAL 8.3007e-01 (8.6232e-01)
Epoch: [17][140/140]	L_Src_Sup 2.3644e-01 (1.9920e-01)	L_Trg_Inj 2.9286e-01 (2.9900e-01)	Loss Disc 6.8930e-01 (6.8798e-01)	Loss Pred 4.9783e-01 (4.6491e-01)	Loss TOTAL 8.9541e-01 (8.6224e-01)
Epoch: [17][140/140]	L_Src_Sup 2.3644e-01 (1.9920e-01)	L_Trg_Inj 2.9286e-01 (2.9900e-01)	Loss Disc 6.8930e-01 (6.8798e-01)	Loss Pred 4.9783e-01 (4.6491e-01)	Loss TOTAL 8.9541e-01 (8.6224e-01)
Epoch 17 complete. Saving model state...
Epoch: [18][ 10/140]	L_Src_Sup 2.2614e-01 (2.0022e-01)	L_Trg_Inj 2.4501e-01 (3.2813e-01)	Loss Disc 6.8776e-01 (6.8795e-01)	Loss Pred 4.6533e-01 (4.6496e-01)	Loss TOTAL 8.5633e-01 (8.6652e-01)
Epoch: [18][ 20/140]	L_Src_Sup 1.0717e-01 (2.0528e-01)	L_Trg_Inj 3.7211e-01 (3.3592e-01)	Loss Disc 6.9080e-01 (6.8826e-01)	Loss Pred 4.8454e-01 (4.6680e-01)	Loss TOTAL 8.7787e-01 (8.7107e-01)
Epoch: [18][ 30/140]	L_Src_Sup 2.3942e-01 (2.0582e-01)	L_Trg_Inj 3.5530e-01 (3.3251e-01)	Loss Disc 6.8900e-01 (6.8793e-01)	Loss Pred 4.5273e-01 (4.6265e-01)	Loss TOTAL 8.5670e-01 (8.6604e-01)
Epoch: [18][ 40/140]	L_Src_Sup 1.8650e-01 (2.0549e-01)	L_Trg_Inj 3.4235e-01 (3.3824e-01)	Loss Disc 6.8446e-01 (6.8744e-01)	Loss Pred 4.4671e-01 (4.6038e-01)	Loss TOTAL 8.4183e-01 (8.6267e-01)
Epoch: [18][ 50/140]	L_Src_Sup 2.2227e-01 (2.0426e-01)	L_Trg_Inj 3.0521e-01 (3.3186e-01)	Loss Disc 6.8793e-01 (6.8777e-01)	Loss Pred 4.5288e-01 (4.6256e-01)	Loss TOTAL 8.4960e-01 (8.6435e-01)
Epoch: [18][ 60/140]	L_Src_Sup 3.0098e-01 (2.0386e-01)	L_Trg_Inj 3.0605e-01 (3.2237e-01)	Loss Disc 6.9213e-01 (6.8799e-01)	Loss Pred 4.7833e-01 (4.6308e-01)	Loss TOTAL 8.8509e-01 (8.6328e-01)
Epoch: [18][ 70/140]	L_Src_Sup 2.8822e-01 (2.0447e-01)	L_Trg_Inj 2.7381e-01 (3.1936e-01)	Loss Disc 6.8681e-01 (6.8819e-01)	Loss Pred 4.4652e-01 (4.6529e-01)	Loss TOTAL 8.6053e-01 (8.6504e-01)
Epoch: [18][ 80/140]	L_Src_Sup 2.4785e-01 (2.0244e-01)	L_Trg_Inj 3.1006e-01 (3.1888e-01)	Loss Disc 6.8865e-01 (6.8804e-01)	Loss Pred 4.7847e-01 (4.6509e-01)	Loss TOTAL 8.7859e-01 (8.6411e-01)
Epoch: [18][ 90/140]	L_Src_Sup 1.4881e-01 (1.9752e-01)	L_Trg_Inj 2.2880e-01 (3.1343e-01)	Loss Disc 6.8875e-01 (6.8814e-01)	Loss Pred 4.2767e-01 (4.6500e-01)	Loss TOTAL 8.0980e-01 (8.6272e-01)
Epoch: [18][100/140]	L_Src_Sup 2.5261e-01 (1.9634e-01)	L_Trg_Inj 1.9878e-01 (3.1002e-01)	Loss Disc 6.8683e-01 (6.8809e-01)	Loss Pred 4.3985e-01 (4.6438e-01)	Loss TOTAL 8.8224e-01 (8.6190e-01)
Epoch: [18][110/140]	L_Src_Sup 1.6227e-01 (1.9526e-01)	L_Trg_Inj 2.9937e-01 (3.0989e-01)	Loss Disc 6.8758e-01 (6.8792e-01)	Loss Pred 4.9073e-01 (4.6410e-01)	Loss TOTAL 8.8069e-01 (8.6115e-01)
Epoch: [18][120/140]	L_Src_Sup 2.5012e-01 (1.9647e-01)	L_Trg_Inj 2.1900e-01 (3.0933e-01)	Loss Disc 6.8966e-01 (6.8791e-01)	Loss Pred 4.8466e-01 (4.6438e-01)	Loss TOTAL 9.0752e-01 (8.6154e-01)
Epoch: [18][130/140]	L_Src_Sup 1.5125e-01 (1.9655e-01)	L_Trg_Inj 3.5653e-01 (3.0734e-01)	Loss Disc 6.8365e-01 (6.8797e-01)	Loss Pred 4.4581e-01 (4.6477e-01)	Loss TOTAL 8.3841e-01 (8.6199e-01)
Epoch: [18][140/140]	L_Src_Sup 2.0006e-01 (1.9857e-01)	L_Trg_Inj 3.2845e-01 (3.0610e-01)	Loss Disc 6.8556e-01 (6.8799e-01)	Loss Pred 4.3368e-01 (4.6509e-01)	Loss TOTAL 8.2931e-01 (8.6262e-01)
Epoch: [18][140/140]	L_Src_Sup 2.0006e-01 (1.9857e-01)	L_Trg_Inj 3.2845e-01 (3.0610e-01)	Loss Disc 6.8556e-01 (6.8799e-01)	Loss Pred 4.3368e-01 (4.6509e-01)	Loss TOTAL 8.2931e-01 (8.6262e-01)
Epoch 18 complete. Saving model state...
Epoch: [19][ 10/140]	L_Src_Sup 1.6085e-01 (2.1557e-01)	L_Trg_Inj 2.7454e-01 (3.1546e-01)	Loss Disc 6.8805e-01 (6.8713e-01)	Loss Pred 4.9010e-01 (4.6609e-01)	Loss TOTAL 8.7766e-01 (8.6422e-01)
Epoch: [19][ 20/140]	L_Src_Sup 1.5914e-01 (1.8837e-01)	L_Trg_Inj 2.3420e-01 (3.2578e-01)	Loss Disc 6.9123e-01 (6.8706e-01)	Loss Pred 4.7242e-01 (4.5953e-01)	Loss TOTAL 8.5737e-01 (8.5642e-01)
Epoch: [19][ 30/140]	L_Src_Sup 2.6698e-01 (2.0323e-01)	L_Trg_Inj 3.6537e-01 (3.2276e-01)	Loss Disc 6.8604e-01 (6.8765e-01)	Loss Pred 4.7864e-01 (4.6409e-01)	Loss TOTAL 8.8489e-01 (8.6265e-01)
Epoch: [19][ 40/140]	L_Src_Sup 1.7708e-01 (2.0397e-01)	L_Trg_Inj 3.3856e-01 (3.1771e-01)	Loss Disc 6.8326e-01 (6.8717e-01)	Loss Pred 4.7879e-01 (4.6245e-01)	Loss TOTAL 8.7198e-01 (8.5981e-01)
Epoch: [19][ 50/140]	L_Src_Sup 1.8892e-01 (2.0032e-01)	L_Trg_Inj 3.8184e-01 (3.1552e-01)	Loss Disc 6.9180e-01 (6.8749e-01)	Loss Pred 5.2304e-01 (4.6370e-01)	Loss TOTAL 9.2601e-01 (8.6145e-01)
Epoch: [19][ 60/140]	L_Src_Sup 2.3739e-01 (1.9820e-01)	L_Trg_Inj 3.2812e-01 (3.1255e-01)	Loss Disc 6.8470e-01 (6.8753e-01)	Loss Pred 4.4655e-01 (4.6402e-01)	Loss TOTAL 8.4545e-01 (8.6088e-01)
Epoch: [19][ 70/140]	L_Src_Sup 1.7868e-01 (1.9946e-01)	L_Trg_Inj 2.1850e-01 (3.1008e-01)	Loss Disc 6.9325e-01 (6.8763e-01)	Loss Pred 4.8463e-01 (4.6510e-01)	Loss TOTAL 8.7097e-01 (8.6164e-01)
Epoch: [19][ 80/140]	L_Src_Sup 2.1039e-01 (1.9970e-01)	L_Trg_Inj 2.6550e-01 (3.0667e-01)	Loss Disc 6.8827e-01 (6.8773e-01)	Loss Pred 4.5889e-01 (4.6477e-01)	Loss TOTAL 8.5062e-01 (8.6115e-01)
Epoch: [19][ 90/140]	L_Src_Sup 1.2271e-01 (2.0202e-01)	L_Trg_Inj 3.4308e-01 (3.0362e-01)	Loss Disc 6.8627e-01 (6.8790e-01)	Loss Pred 4.6868e-01 (4.6493e-01)	Loss TOTAL 8.5840e-01 (8.6309e-01)
Epoch: [19][100/140]	L_Src_Sup 1.5241e-01 (1.9913e-01)	L_Trg_Inj 2.9615e-01 (3.0098e-01)	Loss Disc 6.9142e-01 (6.8797e-01)	Loss Pred 5.2871e-01 (4.6406e-01)	Loss TOTAL 9.1928e-01 (8.6227e-01)
Epoch: [19][110/140]	L_Src_Sup 2.0872e-01 (1.9843e-01)	L_Trg_Inj 2.7522e-01 (3.0179e-01)	Loss Disc 6.8753e-01 (6.8793e-01)	Loss Pred 4.6554e-01 (4.6363e-01)	Loss TOTAL 8.5770e-01 (8.6176e-01)
Epoch: [19][120/140]	L_Src_Sup 2.2625e-01 (1.9916e-01)	L_Trg_Inj 3.6198e-01 (2.9955e-01)	Loss Disc 6.8516e-01 (6.8800e-01)	Loss Pred 4.6969e-01 (4.6392e-01)	Loss TOTAL 8.7109e-01 (8.6223e-01)
Epoch: [19][130/140]	L_Src_Sup 2.2417e-01 (2.0015e-01)	L_Trg_Inj 3.0562e-01 (3.0317e-01)	Loss Disc 6.8790e-01 (6.8794e-01)	Loss Pred 4.5900e-01 (4.6472e-01)	Loss TOTAL 8.5593e-01 (8.6357e-01)
Epoch: [19][140/140]	L_Src_Sup 2.1439e-01 (2.0207e-01)	L_Trg_Inj 2.5084e-01 (3.0509e-01)	Loss Disc 6.9201e-01 (6.8809e-01)	Loss Pred 4.6567e-01 (4.6524e-01)	Loss TOTAL 8.5820e-01 (8.6437e-01)
Epoch: [19][140/140]	L_Src_Sup 2.1439e-01 (2.0207e-01)	L_Trg_Inj 2.5084e-01 (3.0509e-01)	Loss Disc 6.9201e-01 (6.8809e-01)	Loss Pred 4.6567e-01 (4.6524e-01)	Loss TOTAL 8.5820e-01 (8.6437e-01)
Epoch 19 complete. Saving model state...
Epoch: [20][ 10/140]	L_Src_Sup 2.5867e-01 (2.1097e-01)	L_Trg_Inj 4.4737e-01 (3.1169e-01)	Loss Disc 6.8692e-01 (6.8914e-01)	Loss Pred 4.5881e-01 (4.7465e-01)	Loss TOTAL 8.7287e-01 (8.8720e-01)
Epoch: [20][ 20/140]	L_Src_Sup 3.1601e-01 (1.9728e-01)	L_Trg_Inj 2.9339e-01 (3.1275e-01)	Loss Disc 6.9302e-01 (6.8865e-01)	Loss Pred 4.7194e-01 (4.6750e-01)	Loss TOTAL 9.0201e-01 (8.7189e-01)
Epoch: [20][ 30/140]	L_Src_Sup 1.6923e-01 (1.9512e-01)	L_Trg_Inj 3.7938e-01 (3.2664e-01)	Loss Disc 6.8543e-01 (6.8838e-01)	Loss Pred 4.4110e-01 (4.6892e-01)	Loss TOTAL 8.3868e-01 (8.7387e-01)
Epoch: [20][ 40/140]	L_Src_Sup 2.2421e-01 (1.9401e-01)	L_Trg_Inj 3.3346e-01 (3.3798e-01)	Loss Disc 6.8659e-01 (6.8802e-01)	Loss Pred 4.5940e-01 (4.6688e-01)	Loss TOTAL 8.5846e-01 (8.7053e-01)
Epoch: [20][ 50/140]	L_Src_Sup 1.8973e-01 (1.9571e-01)	L_Trg_Inj 3.7079e-01 (3.4112e-01)	Loss Disc 6.8571e-01 (6.8782e-01)	Loss Pred 4.5954e-01 (4.6767e-01)	Loss TOTAL 8.5845e-01 (8.7041e-01)
Epoch: [20][ 60/140]	L_Src_Sup 2.2328e-01 (1.9936e-01)	L_Trg_Inj 3.1067e-01 (3.4134e-01)	Loss Disc 6.8387e-01 (6.8781e-01)	Loss Pred 4.5936e-01 (4.6786e-01)	Loss TOTAL 8.5469e-01 (8.7037e-01)
Epoch: [20][ 70/140]	L_Src_Sup 3.5104e-01 (2.0550e-01)	L_Trg_Inj 2.7641e-01 (3.3939e-01)	Loss Disc 6.9397e-01 (6.8765e-01)	Loss Pred 4.7193e-01 (4.6674e-01)	Loss TOTAL 9.5629e-01 (8.7000e-01)
Epoch: [20][ 80/140]	L_Src_Sup 1.5811e-01 (2.0156e-01)	L_Trg_Inj 3.2901e-01 (3.3754e-01)	Loss Disc 6.9024e-01 (6.8779e-01)	Loss Pred 4.7167e-01 (4.6660e-01)	Loss TOTAL 8.6550e-01 (8.6874e-01)
Epoch: [20][ 90/140]	L_Src_Sup 1.6812e-01 (2.0513e-01)	L_Trg_Inj 3.4186e-01 (3.3458e-01)	Loss Disc 6.8830e-01 (6.8797e-01)	Loss Pred 4.4051e-01 (4.6635e-01)	Loss TOTAL 8.3566e-01 (8.6884e-01)
Epoch: [20][100/140]	L_Src_Sup 2.0739e-01 (2.0790e-01)	L_Trg_Inj 4.0939e-01 (3.3400e-01)	Loss Disc 6.8434e-01 (6.8792e-01)	Loss Pred 4.5922e-01 (4.6641e-01)	Loss TOTAL 8.6307e-01 (8.6878e-01)
Epoch: [20][110/140]	L_Src_Sup 2.2834e-01 (2.0728e-01)	L_Trg_Inj 3.3879e-01 (3.3420e-01)	Loss Disc 6.9079e-01 (6.8789e-01)	Loss Pred 4.7212e-01 (4.6564e-01)	Loss TOTAL 8.7423e-01 (8.6850e-01)
Epoch: [20][120/140]	L_Src_Sup 2.0885e-01 (2.0890e-01)	L_Trg_Inj 3.1346e-01 (3.3400e-01)	Loss Disc 6.8793e-01 (6.8787e-01)	Loss Pred 4.6592e-01 (4.6565e-01)	Loss TOTAL 8.6211e-01 (8.6824e-01)
Epoch: [20][130/140]	L_Src_Sup 1.6954e-01 (2.0803e-01)	L_Trg_Inj 3.3287e-01 (3.3156e-01)	Loss Disc 6.8684e-01 (6.8786e-01)	Loss Pred 4.4672e-01 (4.6527e-01)	Loss TOTAL 8.4039e-01 (8.6730e-01)
Epoch: [20][140/140]	L_Src_Sup 3.2784e-01 (2.0803e-01)	L_Trg_Inj 2.8441e-01 (3.3113e-01)	Loss Disc 6.8996e-01 (6.8782e-01)	Loss Pred 4.5942e-01 (4.6503e-01)	Loss TOTAL 9.0906e-01 (8.6700e-01)
Epoch: [20][140/140]	L_Src_Sup 3.2784e-01 (2.0803e-01)	L_Trg_Inj 2.8441e-01 (3.3113e-01)	Loss Disc 6.8996e-01 (6.8782e-01)	Loss Pred 4.5942e-01 (4.6503e-01)	Loss TOTAL 9.0906e-01 (8.6700e-01)
Epoch 20 complete. Saving model state...
Epoch: [21][ 10/140]	L_Src_Sup 1.5275e-01 (1.9766e-01)	L_Trg_Inj 2.9806e-01 (2.7870e-01)	Loss Disc 6.8886e-01 (6.8807e-01)	Loss Pred 4.4644e-01 (4.6761e-01)	Loss TOTAL 8.3595e-01 (8.6772e-01)
Epoch: [21][ 20/140]	L_Src_Sup 1.7561e-01 (1.7769e-01)	L_Trg_Inj 2.9298e-01 (2.8352e-01)	Loss Disc 6.8945e-01 (6.8789e-01)	Loss Pred 4.7229e-01 (4.6030e-01)	Loss TOTAL 8.6388e-01 (8.5459e-01)
Epoch: [21][ 30/140]	L_Src_Sup 2.1855e-01 (1.8391e-01)	L_Trg_Inj 3.1111e-01 (2.9337e-01)	Loss Disc 6.8781e-01 (6.8787e-01)	Loss Pred 4.4019e-01 (4.5952e-01)	Loss TOTAL 8.3707e-01 (8.5471e-01)
Epoch: [21][ 40/140]	L_Src_Sup 1.8357e-01 (1.8774e-01)	L_Trg_Inj 2.4968e-01 (2.8850e-01)	Loss Disc 6.9066e-01 (6.8838e-01)	Loss Pred 5.0346e-01 (4.6464e-01)	Loss TOTAL 8.9212e-01 (8.5910e-01)
Epoch: [21][ 50/140]	L_Src_Sup 1.7244e-01 (1.8887e-01)	L_Trg_Inj 3.0090e-01 (2.9668e-01)	Loss Disc 6.8632e-01 (6.8824e-01)	Loss Pred 4.5907e-01 (4.6493e-01)	Loss TOTAL 8.4956e-01 (8.5972e-01)
Epoch: [21][ 60/140]	L_Src_Sup 2.2487e-01 (1.9138e-01)	L_Trg_Inj 3.1205e-01 (2.9252e-01)	Loss Disc 6.8728e-01 (6.8847e-01)	Loss Pred 4.5908e-01 (4.6557e-01)	Loss TOTAL 8.5641e-01 (8.6030e-01)
Epoch: [21][ 70/140]	L_Src_Sup 1.3563e-01 (1.9267e-01)	L_Trg_Inj 2.9805e-01 (2.9965e-01)	Loss Disc 6.8653e-01 (6.8813e-01)	Loss Pred 4.4618e-01 (4.6546e-01)	Loss TOTAL 8.3281e-01 (8.6057e-01)
Epoch: [21][ 80/140]	L_Src_Sup 1.4880e-01 (1.9358e-01)	L_Trg_Inj 2.5433e-01 (2.9839e-01)	Loss Disc 6.8763e-01 (6.8822e-01)	Loss Pred 4.2719e-01 (4.6436e-01)	Loss TOTAL 8.1132e-01 (8.5926e-01)
Epoch: [21][ 90/140]	L_Src_Sup 3.3687e-01 (1.9602e-01)	L_Trg_Inj 1.8649e-01 (3.0102e-01)	Loss Disc 6.8400e-01 (6.8821e-01)	Loss Pred 4.0204e-01 (4.6400e-01)	Loss TOTAL 9.4675e-01 (8.6089e-01)
Epoch: [21][100/140]	L_Src_Sup 1.3506e-01 (1.9863e-01)	L_Trg_Inj 3.4990e-01 (3.0088e-01)	Loss Disc 6.8006e-01 (6.8820e-01)	Loss Pred 4.4007e-01 (4.6435e-01)	Loss TOTAL 8.2860e-01 (8.6248e-01)
Epoch: [21][110/140]	L_Src_Sup 1.2704e-01 (2.0043e-01)	L_Trg_Inj 2.2351e-01 (2.9902e-01)	Loss Disc 6.9036e-01 (6.8831e-01)	Loss Pred 5.1595e-01 (4.6612e-01)	Loss TOTAL 8.9618e-01 (8.6538e-01)
Epoch: [21][120/140]	L_Src_Sup 1.5329e-01 (2.0078e-01)	L_Trg_Inj 2.2470e-01 (2.9854e-01)	Loss Disc 6.9054e-01 (6.8819e-01)	Loss Pred 4.7812e-01 (4.6885e-01)	Loss TOTAL 8.6119e-01 (8.6806e-01)
Epoch: [21][130/140]	L_Src_Sup 1.9794e-01 (2.0001e-01)	L_Trg_Inj 3.1755e-01 (2.9968e-01)	Loss Disc 6.8472e-01 (6.8818e-01)	Loss Pred 4.9861e-01 (4.6937e-01)	Loss TOTAL 8.9252e-01 (8.6824e-01)
Epoch: [21][140/140]	L_Src_Sup 1.5880e-01 (1.9871e-01)	L_Trg_Inj 4.0269e-01 (2.9931e-01)	Loss Disc 6.8449e-01 (6.8804e-01)	Loss Pred 4.7413e-01 (4.6860e-01)	Loss TOTAL 8.7252e-01 (8.6694e-01)
Epoch: [21][140/140]	L_Src_Sup 1.5880e-01 (1.9871e-01)	L_Trg_Inj 4.0269e-01 (2.9931e-01)	Loss Disc 6.8449e-01 (6.8804e-01)	Loss Pred 4.7413e-01 (4.6860e-01)	Loss TOTAL 8.7252e-01 (8.6694e-01)
Epoch 21 complete. Saving model state...
Epoch: [22][ 10/140]	L_Src_Sup 2.3418e-01 (2.1745e-01)	L_Trg_Inj 2.7801e-01 (3.0235e-01)	Loss Disc 6.8877e-01 (6.8787e-01)	Loss Pred 4.3610e-01 (4.6892e-01)	Loss TOTAL 8.3170e-01 (8.6484e-01)
Epoch: [22][ 20/140]	L_Src_Sup 1.6972e-01 (2.1106e-01)	L_Trg_Inj 2.5518e-01 (2.9248e-01)	Loss Disc 6.8821e-01 (6.8855e-01)	Loss Pred 4.4861e-01 (4.6479e-01)	Loss TOTAL 8.3521e-01 (8.6250e-01)
Epoch: [22][ 30/140]	L_Src_Sup 1.9834e-01 (2.0680e-01)	L_Trg_Inj 2.7636e-01 (2.9143e-01)	Loss Disc 6.9056e-01 (6.8804e-01)	Loss Pred 4.9241e-01 (4.6266e-01)	Loss TOTAL 8.8516e-01 (8.5856e-01)
Epoch: [22][ 40/140]	L_Src_Sup 1.8652e-01 (2.0183e-01)	L_Trg_Inj 2.0393e-01 (2.9019e-01)	Loss Disc 6.8671e-01 (6.8795e-01)	Loss Pred 4.6055e-01 (4.6487e-01)	Loss TOTAL 8.4295e-01 (8.5958e-01)
Epoch: [22][ 50/140]	L_Src_Sup 1.8809e-01 (2.0275e-01)	L_Trg_Inj 2.8228e-01 (2.8601e-01)	Loss Disc 6.8513e-01 (6.8753e-01)	Loss Pred 4.5440e-01 (4.6510e-01)	Loss TOTAL 8.4400e-01 (8.6260e-01)
Epoch: [22][ 60/140]	L_Src_Sup 1.5686e-01 (2.0449e-01)	L_Trg_Inj 3.1072e-01 (2.8580e-01)	Loss Disc 6.8905e-01 (6.8758e-01)	Loss Pred 4.9861e-01 (4.6446e-01)	Loss TOTAL 8.8990e-01 (8.6197e-01)
Epoch: [22][ 70/140]	L_Src_Sup 2.3937e-01 (2.0605e-01)	L_Trg_Inj 2.7040e-01 (2.8449e-01)	Loss Disc 6.8840e-01 (6.8783e-01)	Loss Pred 4.5372e-01 (4.6549e-01)	Loss TOTAL 8.4890e-01 (8.6473e-01)
Epoch: [22][ 80/140]	L_Src_Sup 2.7123e-01 (2.0528e-01)	L_Trg_Inj 3.0168e-01 (2.8719e-01)	Loss Disc 6.8717e-01 (6.8794e-01)	Loss Pred 4.4746e-01 (4.6624e-01)	Loss TOTAL 8.4834e-01 (8.6495e-01)
Epoch: [22][ 90/140]	L_Src_Sup 2.6553e-01 (2.0355e-01)	L_Trg_Inj 2.3239e-01 (2.8749e-01)	Loss Disc 6.9260e-01 (6.8798e-01)	Loss Pred 4.7900e-01 (4.6625e-01)	Loss TOTAL 9.0824e-01 (8.6573e-01)
Epoch: [22][100/140]	L_Src_Sup 2.0694e-01 (2.0135e-01)	L_Trg_Inj 2.7891e-01 (2.8886e-01)	Loss Disc 6.8695e-01 (6.8790e-01)	Loss Pred 4.5981e-01 (4.6632e-01)	Loss TOTAL 8.5187e-01 (8.6559e-01)
Epoch: [22][110/140]	L_Src_Sup 1.4161e-01 (1.9899e-01)	L_Trg_Inj 3.5779e-01 (2.8859e-01)	Loss Disc 6.8608e-01 (6.8789e-01)	Loss Pred 4.7863e-01 (4.6635e-01)	Loss TOTAL 8.7161e-01 (8.6478e-01)
Epoch: [22][120/140]	L_Src_Sup 1.9024e-01 (1.9965e-01)	L_Trg_Inj 2.5694e-01 (2.8860e-01)	Loss Disc 6.8952e-01 (6.8783e-01)	Loss Pred 4.8497e-01 (4.6620e-01)	Loss TOTAL 8.7445e-01 (8.6428e-01)
Epoch: [22][130/140]	L_Src_Sup 1.2615e-01 (1.9825e-01)	L_Trg_Inj 3.2393e-01 (2.9126e-01)	Loss Disc 6.8906e-01 (6.8783e-01)	Loss Pred 4.9122e-01 (4.6639e-01)	Loss TOTAL 8.8076e-01 (8.6419e-01)
Epoch: [22][140/140]	L_Src_Sup 2.0516e-01 (1.9751e-01)	L_Trg_Inj 3.1671e-01 (2.9027e-01)	Loss Disc 6.9032e-01 (6.8786e-01)	Loss Pred 4.5295e-01 (4.6605e-01)	Loss TOTAL 8.5030e-01 (8.6431e-01)
Epoch: [22][140/140]	L_Src_Sup 2.0516e-01 (1.9751e-01)	L_Trg_Inj 3.1671e-01 (2.9027e-01)	Loss Disc 6.9032e-01 (6.8786e-01)	Loss Pred 4.5295e-01 (4.6605e-01)	Loss TOTAL 8.5030e-01 (8.6431e-01)
Epoch 22 complete. Saving model state...
Epoch: [23][ 10/140]	L_Src_Sup 2.1669e-01 (1.8783e-01)	L_Trg_Inj 3.4997e-01 (3.2637e-01)	Loss Disc 6.8103e-01 (6.8627e-01)	Loss Pred 4.3402e-01 (4.6074e-01)	Loss TOTAL 8.3120e-01 (8.5529e-01)
Epoch: [23][ 20/140]	L_Src_Sup 1.2802e-01 (1.9340e-01)	L_Trg_Inj 3.1232e-01 (3.1435e-01)	Loss Disc 6.8608e-01 (6.8738e-01)	Loss Pred 4.0228e-01 (4.6163e-01)	Loss TOTAL 7.8935e-01 (8.5907e-01)
Epoch: [23][ 30/140]	L_Src_Sup 2.0002e-01 (1.9407e-01)	L_Trg_Inj 2.4617e-01 (3.0720e-01)	Loss Disc 6.8859e-01 (6.8763e-01)	Loss Pred 4.3432e-01 (4.6114e-01)	Loss TOTAL 8.2324e-01 (8.5771e-01)
Epoch: [23][ 40/140]	L_Src_Sup 1.5791e-01 (1.9698e-01)	L_Trg_Inj 2.8745e-01 (3.1054e-01)	Loss Disc 6.8981e-01 (6.8760e-01)	Loss Pred 4.7183e-01 (4.6225e-01)	Loss TOTAL 8.6127e-01 (8.5910e-01)
Epoch: [23][ 50/140]	L_Src_Sup 1.5656e-01 (2.0357e-01)	L_Trg_Inj 3.3597e-01 (3.0573e-01)	Loss Disc 6.8573e-01 (6.8770e-01)	Loss Pred 4.6558e-01 (4.6360e-01)	Loss TOTAL 8.5770e-01 (8.6246e-01)
Epoch: [23][ 60/140]	L_Src_Sup 1.5792e-01 (2.0006e-01)	L_Trg_Inj 1.9834e-01 (3.0297e-01)	Loss Disc 6.9244e-01 (6.8772e-01)	Loss Pred 4.7187e-01 (4.6266e-01)	Loss TOTAL 8.5371e-01 (8.6122e-01)
Epoch: [23][ 70/140]	L_Src_Sup 1.8806e-01 (1.9971e-01)	L_Trg_Inj 2.4712e-01 (3.0104e-01)	Loss Disc 6.8544e-01 (6.8777e-01)	Loss Pred 4.5288e-01 (4.6281e-01)	Loss TOTAL 8.3912e-01 (8.6130e-01)
Epoch: [23][ 80/140]	L_Src_Sup 1.3934e-01 (2.0014e-01)	L_Trg_Inj 2.7857e-01 (2.9872e-01)	Loss Disc 6.8876e-01 (6.8780e-01)	Loss Pred 4.6558e-01 (4.6229e-01)	Loss TOTAL 8.5175e-01 (8.6186e-01)
Epoch: [23][ 90/140]	L_Src_Sup 1.3336e-01 (2.0067e-01)	L_Trg_Inj 3.3270e-01 (2.9838e-01)	Loss Disc 6.8703e-01 (6.8784e-01)	Loss Pred 4.3370e-01 (4.6278e-01)	Loss TOTAL 8.2382e-01 (8.6236e-01)
Epoch: [23][100/140]	L_Src_Sup 2.1815e-01 (1.9855e-01)	L_Trg_Inj 2.4406e-01 (2.9972e-01)	Loss Disc 6.8957e-01 (6.8790e-01)	Loss Pred 4.9722e-01 (4.6380e-01)	Loss TOTAL 8.8823e-01 (8.6276e-01)
Epoch: [23][110/140]	L_Src_Sup 2.5232e-01 (1.9946e-01)	L_Trg_Inj 3.5730e-01 (2.9760e-01)	Loss Disc 6.8906e-01 (6.8808e-01)	Loss Pred 4.9071e-01 (4.6448e-01)	Loss TOTAL 8.9620e-01 (8.6355e-01)
Epoch: [23][120/140]	L_Src_Sup 2.5215e-01 (2.0073e-01)	L_Trg_Inj 3.4973e-01 (2.9833e-01)	Loss Disc 6.8579e-01 (6.8800e-01)	Loss Pred 4.4010e-01 (4.6387e-01)	Loss TOTAL 8.4318e-01 (8.6266e-01)
Epoch: [23][130/140]	L_Src_Sup 1.6825e-01 (2.0131e-01)	L_Trg_Inj 2.7825e-01 (2.9772e-01)	Loss Disc 6.9064e-01 (6.8808e-01)	Loss Pred 5.1606e-01 (4.6472e-01)	Loss TOTAL 9.0603e-01 (8.6378e-01)
Epoch: [23][140/140]	L_Src_Sup 1.5002e-01 (1.9816e-01)	L_Trg_Inj 2.5550e-01 (2.9717e-01)	Loss Disc 6.8848e-01 (6.8804e-01)	Loss Pred 4.3381e-01 (4.6487e-01)	Loss TOTAL 8.1860e-01 (8.6366e-01)
Epoch: [23][140/140]	L_Src_Sup 1.5002e-01 (1.9816e-01)	L_Trg_Inj 2.5550e-01 (2.9717e-01)	Loss Disc 6.8848e-01 (6.8804e-01)	Loss Pred 4.3381e-01 (4.6487e-01)	Loss TOTAL 8.1860e-01 (8.6366e-01)
Epoch 23 complete. Saving model state...
Epoch: [24][ 10/140]	L_Src_Sup 2.4140e-01 (2.2631e-01)	L_Trg_Inj 2.8831e-01 (2.8842e-01)	Loss Disc 6.8462e-01 (6.8768e-01)	Loss Pred 4.5882e-01 (4.6034e-01)	Loss TOTAL 8.5410e-01 (8.6451e-01)
Epoch: [24][ 20/140]	L_Src_Sup 1.9471e-01 (2.1551e-01)	L_Trg_Inj 4.4567e-01 (2.9453e-01)	Loss Disc 6.8430e-01 (6.8765e-01)	Loss Pred 4.8695e-01 (4.6238e-01)	Loss TOTAL 8.9314e-01 (8.6722e-01)
Epoch: [24][ 30/140]	L_Src_Sup 2.1432e-01 (2.0855e-01)	L_Trg_Inj 3.1173e-01 (2.9810e-01)	Loss Disc 6.8916e-01 (6.8790e-01)	Loss Pred 4.8447e-01 (4.6471e-01)	Loss TOTAL 8.8165e-01 (8.6600e-01)
Epoch: [24][ 40/140]	L_Src_Sup 1.9646e-01 (2.0305e-01)	L_Trg_Inj 2.8230e-01 (2.9812e-01)	Loss Disc 6.8918e-01 (6.8758e-01)	Loss Pred 4.8426e-01 (4.6363e-01)	Loss TOTAL 8.7672e-01 (8.6329e-01)
Epoch: [24][ 50/140]	L_Src_Sup 2.3013e-01 (2.0038e-01)	L_Trg_Inj 3.9387e-01 (2.9590e-01)	Loss Disc 6.8951e-01 (6.8797e-01)	Loss Pred 4.7802e-01 (4.6296e-01)	Loss TOTAL 8.8517e-01 (8.6308e-01)
Epoch: [24][ 60/140]	L_Src_Sup 1.9839e-01 (2.0526e-01)	L_Trg_Inj 3.3257e-01 (2.9742e-01)	Loss Disc 6.8734e-01 (6.8793e-01)	Loss Pred 4.2734e-01 (4.6062e-01)	Loss TOTAL 8.2411e-01 (8.6102e-01)
Epoch: [24][ 70/140]	L_Src_Sup 1.7244e-01 (2.0308e-01)	L_Trg_Inj 3.2856e-01 (2.9981e-01)	Loss Disc 6.8799e-01 (6.8790e-01)	Loss Pred 4.5900e-01 (4.6178e-01)	Loss TOTAL 8.5309e-01 (8.6160e-01)
Epoch: [24][ 80/140]	L_Src_Sup 1.5520e-01 (2.0444e-01)	L_Trg_Inj 3.0935e-01 (3.0177e-01)	Loss Disc 6.8485e-01 (6.8788e-01)	Loss Pred 4.5877e-01 (4.6357e-01)	Loss TOTAL 8.4765e-01 (8.6364e-01)
Epoch: [24][ 90/140]	L_Src_Sup 1.7244e-01 (2.0525e-01)	L_Trg_Inj 1.9994e-01 (3.0053e-01)	Loss Disc 6.8780e-01 (6.8779e-01)	Loss Pred 4.5951e-01 (4.6356e-01)	Loss TOTAL 8.4064e-01 (8.6325e-01)
Epoch: [24][100/140]	L_Src_Sup 1.5654e-01 (2.0611e-01)	L_Trg_Inj 2.6821e-01 (3.0059e-01)	Loss Disc 6.8859e-01 (6.8791e-01)	Loss Pred 4.6527e-01 (4.6394e-01)	Loss TOTAL 8.5204e-01 (8.6431e-01)
Epoch: [24][110/140]	L_Src_Sup 2.2611e-01 (2.0663e-01)	L_Trg_Inj 2.5715e-01 (2.9978e-01)	Loss Disc 6.8816e-01 (6.8798e-01)	Loss Pred 4.6521e-01 (4.6448e-01)	Loss TOTAL 8.5761e-01 (8.6437e-01)
Epoch: [24][120/140]	L_Src_Sup 1.5931e-01 (2.0445e-01)	L_Trg_Inj 3.9439e-01 (2.9822e-01)	Loss Disc 6.8710e-01 (6.8809e-01)	Loss Pred 4.7812e-01 (4.6565e-01)	Loss TOTAL 8.7704e-01 (8.6514e-01)
Epoch: [24][130/140]	L_Src_Sup 3.3633e-01 (2.0482e-01)	L_Trg_Inj 3.1858e-01 (3.0045e-01)	Loss Disc 6.8814e-01 (6.8802e-01)	Loss Pred 4.7897e-01 (4.6529e-01)	Loss TOTAL 9.0629e-01 (8.6473e-01)
Epoch: [24][140/140]	L_Src_Sup 2.2614e-01 (2.0583e-01)	L_Trg_Inj 4.2090e-01 (3.0228e-01)	Loss Disc 6.8438e-01 (6.8798e-01)	Loss Pred 4.6511e-01 (4.6470e-01)	Loss TOTAL 8.7201e-01 (8.6408e-01)
Epoch: [24][140/140]	L_Src_Sup 2.2614e-01 (2.0583e-01)	L_Trg_Inj 4.2090e-01 (3.0228e-01)	Loss Disc 6.8438e-01 (6.8798e-01)	Loss Pred 4.6511e-01 (4.6470e-01)	Loss TOTAL 8.7201e-01 (8.6408e-01)
Epoch 24 complete. Saving model state...
Epoch: [25][ 10/140]	L_Src_Sup 2.7355e-01 (1.8897e-01)	L_Trg_Inj 2.1408e-01 (2.8386e-01)	Loss Disc 6.8807e-01 (6.8800e-01)	Loss Pred 4.5265e-01 (4.5592e-01)	Loss TOTAL 9.0492e-01 (8.5726e-01)
Epoch: [25][ 20/140]	L_Src_Sup 2.7357e-01 (1.9265e-01)	L_Trg_Inj 3.2847e-01 (3.0067e-01)	Loss Disc 6.8539e-01 (6.8778e-01)	Loss Pred 4.5258e-01 (4.5939e-01)	Loss TOTAL 8.5548e-01 (8.6008e-01)
Epoch: [25][ 30/140]	L_Src_Sup 1.0259e-01 (1.9624e-01)	L_Trg_Inj 3.8506e-01 (3.0165e-01)	Loss Disc 6.8664e-01 (6.8787e-01)	Loss Pred 4.5275e-01 (4.6127e-01)	Loss TOTAL 8.4484e-01 (8.5997e-01)
Epoch: [25][ 40/140]	L_Src_Sup 1.9133e-01 (2.0368e-01)	L_Trg_Inj 2.4816e-01 (3.0573e-01)	Loss Disc 6.8834e-01 (6.8778e-01)	Loss Pred 4.6570e-01 (4.6106e-01)	Loss TOTAL 8.5382e-01 (8.6023e-01)
Epoch: [25][ 50/140]	L_Src_Sup 1.3915e-01 (2.0760e-01)	L_Trg_Inj 2.4102e-01 (3.0431e-01)	Loss Disc 6.8892e-01 (6.8798e-01)	Loss Pred 4.6627e-01 (4.6332e-01)	Loss TOTAL 8.4875e-01 (8.6252e-01)
Epoch: [25][ 60/140]	L_Src_Sup 1.6074e-01 (2.0528e-01)	L_Trg_Inj 3.6772e-01 (3.0247e-01)	Loss Disc 6.8594e-01 (6.8794e-01)	Loss Pred 4.8499e-01 (4.6316e-01)	Loss TOTAL 8.8081e-01 (8.6236e-01)
Epoch: [25][ 70/140]	L_Src_Sup 1.9822e-01 (2.0330e-01)	L_Trg_Inj 2.7552e-01 (3.0224e-01)	Loss Disc 6.9040e-01 (6.8794e-01)	Loss Pred 4.9083e-01 (4.6429e-01)	Loss TOTAL 8.8340e-01 (8.6264e-01)
Epoch: [25][ 80/140]	L_Src_Sup 2.4796e-01 (2.0376e-01)	L_Trg_Inj 1.9752e-01 (3.0011e-01)	Loss Disc 6.8762e-01 (6.8802e-01)	Loss Pred 4.7820e-01 (4.6412e-01)	Loss TOTAL 9.1700e-01 (8.6411e-01)
Epoch: [25][ 90/140]	L_Src_Sup 2.7355e-01 (2.0406e-01)	L_Trg_Inj 3.4306e-01 (2.9978e-01)	Loss Disc 6.8787e-01 (6.8793e-01)	Loss Pred 4.5277e-01 (4.6321e-01)	Loss TOTAL 8.5837e-01 (8.6265e-01)
Epoch: [25][100/140]	L_Src_Sup 3.0778e-01 (2.0505e-01)	L_Trg_Inj 3.3641e-01 (3.0080e-01)	Loss Disc 6.8547e-01 (6.8789e-01)	Loss Pred 4.5243e-01 (4.6343e-01)	Loss TOTAL 8.5958e-01 (8.6339e-01)
Epoch: [25][110/140]	L_Src_Sup 1.4547e-01 (2.0519e-01)	L_Trg_Inj 3.4531e-01 (3.0078e-01)	Loss Disc 6.9042e-01 (6.8804e-01)	Loss Pred 4.9649e-01 (4.6412e-01)	Loss TOTAL 8.9077e-01 (8.6421e-01)
Epoch: [25][120/140]	L_Src_Sup 2.1439e-01 (2.0623e-01)	L_Trg_Inj 3.5316e-01 (3.0024e-01)	Loss Disc 6.8832e-01 (6.8803e-01)	Loss Pred 4.8491e-01 (4.6397e-01)	Loss TOTAL 8.8583e-01 (8.6458e-01)
Epoch: [25][130/140]	L_Src_Sup 1.3916e-01 (2.0331e-01)	L_Trg_Inj 3.5897e-01 (3.0261e-01)	Loss Disc 6.8516e-01 (6.8790e-01)	Loss Pred 4.6555e-01 (4.6413e-01)	Loss TOTAL 8.5794e-01 (8.6416e-01)
Epoch: [25][140/140]	L_Src_Sup 1.3915e-01 (2.0434e-01)	L_Trg_Inj 3.6336e-01 (3.0246e-01)	Loss Disc 6.8615e-01 (6.8794e-01)	Loss Pred 4.6511e-01 (4.6466e-01)	Loss TOTAL 8.5843e-01 (8.6447e-01)
Epoch: [25][140/140]	L_Src_Sup 1.3915e-01 (2.0434e-01)	L_Trg_Inj 3.6336e-01 (3.0246e-01)	Loss Disc 6.8615e-01 (6.8794e-01)	Loss Pred 4.6511e-01 (4.6466e-01)	Loss TOTAL 8.5843e-01 (8.6447e-01)
Epoch 25 complete. Saving model state...
Epoch: [26][ 10/140]	L_Src_Sup 1.6825e-01 (2.1747e-01)	L_Trg_Inj 2.9591e-01 (3.0496e-01)	Loss Disc 6.9433e-01 (6.8849e-01)	Loss Pred 5.1622e-01 (4.7190e-01)	Loss TOTAL 9.0980e-01 (8.7236e-01)
Epoch: [26][ 20/140]	L_Src_Sup 2.2418e-01 (2.1842e-01)	L_Trg_Inj 3.2726e-01 (3.3514e-01)	Loss Disc 6.8603e-01 (6.8785e-01)	Loss Pred 4.5940e-01 (4.6994e-01)	Loss TOTAL 8.5756e-01 (8.7121e-01)
Epoch: [26][ 30/140]	L_Src_Sup 1.3915e-01 (1.9694e-01)	L_Trg_Inj 2.5584e-01 (3.2247e-01)	Loss Disc 6.8783e-01 (6.8820e-01)	Loss Pred 4.6539e-01 (4.6929e-01)	Loss TOTAL 8.4880e-01 (8.6685e-01)
Epoch: [26][ 40/140]	L_Src_Sup 2.1057e-01 (1.9829e-01)	L_Trg_Inj 2.8100e-01 (3.1872e-01)	Loss Disc 6.8934e-01 (6.8809e-01)	Loss Pred 4.7168e-01 (4.6754e-01)	Loss TOTAL 8.6551e-01 (8.6645e-01)
Epoch: [26][ 50/140]	L_Src_Sup 1.8970e-01 (1.9835e-01)	L_Trg_Inj 3.1450e-01 (3.1788e-01)	Loss Disc 6.8496e-01 (6.8797e-01)	Loss Pred 4.5918e-01 (4.6647e-01)	Loss TOTAL 8.5208e-01 (8.6462e-01)
Epoch: [26][ 60/140]	L_Src_Sup 1.6953e-01 (2.0009e-01)	L_Trg_Inj 3.5973e-01 (3.1719e-01)	Loss Disc 6.8670e-01 (6.8780e-01)	Loss Pred 4.4693e-01 (4.6631e-01)	Loss TOTAL 8.4321e-01 (8.6440e-01)
Epoch: [26][ 70/140]	L_Src_Sup 2.4352e-01 (1.9938e-01)	L_Trg_Inj 3.9013e-01 (3.1276e-01)	Loss Disc 6.8625e-01 (6.8782e-01)	Loss Pred 4.6533e-01 (4.6566e-01)	Loss TOTAL 8.7182e-01 (8.6373e-01)
Epoch: [26][ 80/140]	L_Src_Sup 2.3737e-01 (1.9909e-01)	L_Trg_Inj 2.4967e-01 (3.0805e-01)	Loss Disc 6.8813e-01 (6.8793e-01)	Loss Pred 4.4654e-01 (4.6484e-01)	Loss TOTAL 8.3931e-01 (8.6228e-01)
Epoch: [26][ 90/140]	L_Src_Sup 2.9315e-01 (1.9655e-01)	L_Trg_Inj 2.2555e-01 (3.0532e-01)	Loss Disc 6.8847e-01 (6.8802e-01)	Loss Pred 4.5890e-01 (4.6449e-01)	Loss TOTAL 9.2261e-01 (8.6193e-01)
Epoch: [26][100/140]	L_Src_Sup 2.2229e-01 (1.9742e-01)	L_Trg_Inj 3.3735e-01 (3.0081e-01)	Loss Disc 6.8363e-01 (6.8790e-01)	Loss Pred 4.5193e-01 (4.6331e-01)	Loss TOTAL 8.4971e-01 (8.6052e-01)
Epoch: [26][110/140]	L_Src_Sup 2.4612e-01 (1.9712e-01)	L_Trg_Inj 2.3421e-01 (2.9654e-01)	Loss Disc 6.9108e-01 (6.8805e-01)	Loss Pred 4.7219e-01 (4.6364e-01)	Loss TOTAL 8.7768e-01 (8.6121e-01)
Epoch: [26][120/140]	L_Src_Sup 2.4149e-01 (1.9733e-01)	L_Trg_Inj 3.2792e-01 (2.9557e-01)	Loss Disc 6.8535e-01 (6.8811e-01)	Loss Pred 4.5972e-01 (4.6403e-01)	Loss TOTAL 8.5934e-01 (8.6124e-01)
Epoch: [26][130/140]	L_Src_Sup 1.0530e-01 (1.9634e-01)	L_Trg_Inj 4.2147e-01 (2.9410e-01)	Loss Disc 6.8654e-01 (6.8817e-01)	Loss Pred 4.7213e-01 (4.6443e-01)	Loss TOTAL 8.6808e-01 (8.6128e-01)
Epoch: [26][140/140]	L_Src_Sup 2.1258e-01 (1.9519e-01)	L_Trg_Inj 2.9655e-01 (2.9442e-01)	Loss Disc 6.8969e-01 (6.8820e-01)	Loss Pred 4.7804e-01 (4.6472e-01)	Loss TOTAL 8.7380e-01 (8.6171e-01)
Epoch: [26][140/140]	L_Src_Sup 2.1258e-01 (1.9519e-01)	L_Trg_Inj 2.9655e-01 (2.9442e-01)	Loss Disc 6.8969e-01 (6.8820e-01)	Loss Pred 4.7804e-01 (4.6472e-01)	Loss TOTAL 8.7380e-01 (8.6171e-01)
Epoch 26 complete. Saving model state...
Epoch: [27][ 10/140]	L_Src_Sup 2.0344e-01 (1.9840e-01)	L_Trg_Inj 3.4540e-01 (3.0942e-01)	Loss Disc 6.8855e-01 (6.8798e-01)	Loss Pred 4.4634e-01 (4.6610e-01)	Loss TOTAL 8.4550e-01 (8.6695e-01)
Epoch: [27][ 20/140]	L_Src_Sup 2.2026e-01 (2.0031e-01)	L_Trg_Inj 3.4316e-01 (3.0778e-01)	Loss Disc 6.9104e-01 (6.8805e-01)	Loss Pred 5.0370e-01 (4.6508e-01)	Loss TOTAL 9.0556e-01 (8.6759e-01)
Epoch: [27][ 30/140]	L_Src_Sup 1.6532e-01 (1.8996e-01)	L_Trg_Inj 2.1784e-01 (2.9086e-01)	Loss Disc 6.8843e-01 (6.8836e-01)	Loss Pred 4.2735e-01 (4.6687e-01)	Loss TOTAL 8.0988e-01 (8.6425e-01)
Epoch: [27][ 40/140]	L_Src_Sup 2.5869e-01 (1.9338e-01)	L_Trg_Inj 3.7341e-01 (2.8975e-01)	Loss Disc 6.8488e-01 (6.8842e-01)	Loss Pred 4.5902e-01 (4.6825e-01)	Loss TOTAL 8.6467e-01 (8.6529e-01)
Epoch: [27][ 50/140]	L_Src_Sup 1.5982e-01 (1.9517e-01)	L_Trg_Inj 3.1145e-01 (2.8674e-01)	Loss Disc 6.8899e-01 (6.8857e-01)	Loss Pred 4.7783e-01 (4.6767e-01)	Loss TOTAL 8.6945e-01 (8.6429e-01)
Epoch: [27][ 60/140]	L_Src_Sup 1.7245e-01 (1.9421e-01)	L_Trg_Inj 2.6588e-01 (2.9425e-01)	Loss Disc 6.8777e-01 (6.8848e-01)	Loss Pred 4.5904e-01 (4.6867e-01)	Loss TOTAL 8.4676e-01 (8.6520e-01)
Epoch: [27][ 70/140]	L_Src_Sup 1.7097e-01 (1.9456e-01)	L_Trg_Inj 2.7305e-01 (2.9130e-01)	Loss Disc 6.8712e-01 (6.8840e-01)	Loss Pred 4.5293e-01 (4.6703e-01)	Loss TOTAL 8.4089e-01 (8.6277e-01)
Epoch: [27][ 80/140]	L_Src_Sup 2.4364e-01 (1.9504e-01)	L_Trg_Inj 2.8196e-01 (2.8864e-01)	Loss Disc 6.8461e-01 (6.8817e-01)	Loss Pred 4.6509e-01 (4.6707e-01)	Loss TOTAL 8.5995e-01 (8.6285e-01)
Epoch: [27][ 90/140]	L_Src_Sup 1.4913e-01 (1.9537e-01)	L_Trg_Inj 4.0002e-01 (2.9021e-01)	Loss Disc 6.8259e-01 (6.8816e-01)	Loss Pred 4.2708e-01 (4.6610e-01)	Loss TOTAL 8.2329e-01 (8.6172e-01)
Epoch: [27][100/140]	L_Src_Sup 1.8194e-01 (1.9509e-01)	L_Trg_Inj 1.0935e-01 (2.8891e-01)	Loss Disc 6.9390e-01 (6.8816e-01)	Loss Pred 4.9720e-01 (4.6566e-01)	Loss TOTAL 9.4587e-01 (8.6154e-01)
Epoch: [27][110/140]	L_Src_Sup 2.0206e-01 (1.9537e-01)	L_Trg_Inj 2.5287e-01 (2.8861e-01)	Loss Disc 6.9059e-01 (6.8816e-01)	Loss Pred 5.0383e-01 (4.6552e-01)	Loss TOTAL 8.9462e-01 (8.6110e-01)
Epoch: [27][120/140]	L_Src_Sup 1.2316e-01 (1.9646e-01)	L_Trg_Inj 3.2799e-01 (2.9047e-01)	Loss Disc 6.8380e-01 (6.8812e-01)	Loss Pred 4.4590e-01 (4.6462e-01)	Loss TOTAL 8.3292e-01 (8.6179e-01)
Epoch: [27][130/140]	L_Src_Sup 1.6840e-01 (1.9662e-01)	L_Trg_Inj 2.9670e-01 (2.9092e-01)	Loss Disc 6.8738e-01 (6.8814e-01)	Loss Pred 4.4012e-01 (4.6507e-01)	Loss TOTAL 8.3032e-01 (8.6207e-01)
Epoch: [27][140/140]	L_Src_Sup 2.2619e-01 (1.9584e-01)	L_Trg_Inj 3.9032e-01 (2.9341e-01)	Loss Disc 6.8969e-01 (6.8808e-01)	Loss Pred 4.6461e-01 (4.6478e-01)	Loss TOTAL 8.7111e-01 (8.6210e-01)
Epoch: [27][140/140]	L_Src_Sup 2.2619e-01 (1.9584e-01)	L_Trg_Inj 3.9032e-01 (2.9341e-01)	Loss Disc 6.8969e-01 (6.8808e-01)	Loss Pred 4.6461e-01 (4.6478e-01)	Loss TOTAL 8.7111e-01 (8.6210e-01)
Epoch 27 complete. Saving model state...
Epoch: [28][ 10/140]	L_Src_Sup 2.1368e-01 (2.3466e-01)	L_Trg_Inj 2.9662e-01 (2.9903e-01)	Loss Disc 6.8878e-01 (6.8791e-01)	Loss Pred 4.7772e-01 (4.6345e-01)	Loss TOTAL 8.7314e-01 (8.6993e-01)
Epoch: [28][ 20/140]	L_Src_Sup 1.3563e-01 (2.2068e-01)	L_Trg_Inj 2.6122e-01 (2.9572e-01)	Loss Disc 6.8553e-01 (6.8824e-01)	Loss Pred 4.4620e-01 (4.6881e-01)	Loss TOTAL 8.2865e-01 (8.6915e-01)
Epoch: [28][ 30/140]	L_Src_Sup 2.6324e-01 (2.2222e-01)	L_Trg_Inj 2.6535e-01 (2.9787e-01)	Loss Disc 6.8947e-01 (6.8816e-01)	Loss Pred 4.7133e-01 (4.6725e-01)	Loss TOTAL 8.6893e-01 (8.6769e-01)
Epoch: [28][ 40/140]	L_Src_Sup 2.6097e-01 (2.0990e-01)	L_Trg_Inj 2.9630e-01 (3.0163e-01)	Loss Disc 6.9213e-01 (6.8822e-01)	Loss Pred 4.6542e-01 (4.6756e-01)	Loss TOTAL 8.6721e-01 (8.6609e-01)
Epoch: [28][ 50/140]	L_Src_Sup 2.2227e-01 (2.0719e-01)	L_Trg_Inj 3.4299e-01 (3.0173e-01)	Loss Disc 6.8566e-01 (6.8830e-01)	Loss Pred 4.5313e-01 (4.6726e-01)	Loss TOTAL 8.5249e-01 (8.6534e-01)
Epoch: [28][ 60/140]	L_Src_Sup 2.0695e-01 (2.0739e-01)	L_Trg_Inj 3.4246e-01 (3.0507e-01)	Loss Disc 6.8646e-01 (6.8803e-01)	Loss Pred 4.5942e-01 (4.6495e-01)	Loss TOTAL 8.5758e-01 (8.6419e-01)
Epoch: [28][ 70/140]	L_Src_Sup 1.8819e-01 (2.0600e-01)	L_Trg_Inj 2.6417e-01 (3.0262e-01)	Loss Disc 6.8443e-01 (6.8797e-01)	Loss Pred 4.5292e-01 (4.6403e-01)	Loss TOTAL 8.4038e-01 (8.6265e-01)
Epoch: [28][ 80/140]	L_Src_Sup 2.0187e-01 (2.0415e-01)	L_Trg_Inj 2.9448e-01 (2.9884e-01)	Loss Disc 6.8948e-01 (6.8806e-01)	Loss Pred 5.0379e-01 (4.6406e-01)	Loss TOTAL 8.9817e-01 (8.6169e-01)
Epoch: [28][ 90/140]	L_Src_Sup 1.7418e-01 (2.0543e-01)	L_Trg_Inj 2.2251e-01 (2.9589e-01)	Loss Disc 6.9146e-01 (6.8810e-01)	Loss Pred 4.6563e-01 (4.6357e-01)	Loss TOTAL 8.5103e-01 (8.6069e-01)
Epoch: [28][100/140]	L_Src_Sup 1.9342e-01 (2.0495e-01)	L_Trg_Inj 2.5915e-01 (2.9234e-01)	Loss Disc 6.9156e-01 (6.8830e-01)	Loss Pred 4.7382e-01 (4.6406e-01)	Loss TOTAL 8.6485e-01 (8.6172e-01)
Epoch: [28][110/140]	L_Src_Sup 2.6387e-01 (2.0189e-01)	L_Trg_Inj 3.3911e-01 (2.9105e-01)	Loss Disc 6.8335e-01 (6.8826e-01)	Loss Pred 4.6720e-01 (4.6396e-01)	Loss TOTAL 8.6917e-01 (8.6105e-01)
Epoch: [28][120/140]	L_Src_Sup 2.0877e-01 (2.0284e-01)	L_Trg_Inj 2.0260e-01 (2.8864e-01)	Loss Disc 6.8759e-01 (6.8841e-01)	Loss Pred 4.6562e-01 (4.6504e-01)	Loss TOTAL 8.5673e-01 (8.6191e-01)
Epoch: [28][130/140]	L_Src_Sup 1.8970e-01 (2.0228e-01)	L_Trg_Inj 3.5878e-01 (2.8804e-01)	Loss Disc 6.8466e-01 (6.8839e-01)	Loss Pred 4.5841e-01 (4.6488e-01)	Loss TOTAL 8.5559e-01 (8.6218e-01)
Epoch: [28][140/140]	L_Src_Sup 2.1821e-01 (2.0171e-01)	L_Trg_Inj 2.9640e-01 (2.9058e-01)	Loss Disc 6.8620e-01 (6.8823e-01)	Loss Pred 4.9698e-01 (4.6505e-01)	Loss TOTAL 8.9155e-01 (8.6233e-01)
Epoch: [28][140/140]	L_Src_Sup 2.1821e-01 (2.0171e-01)	L_Trg_Inj 2.9640e-01 (2.9058e-01)	Loss Disc 6.8620e-01 (6.8823e-01)	Loss Pred 4.9698e-01 (4.6505e-01)	Loss TOTAL 8.9155e-01 (8.6233e-01)
Epoch 28 complete. Saving model state...
Epoch: [29][ 10/140]	L_Src_Sup 2.3030e-01 (1.9013e-01)	L_Trg_Inj 2.6736e-01 (3.0161e-01)	Loss Disc 6.9250e-01 (6.8786e-01)	Loss Pred 4.7821e-01 (4.6727e-01)	Loss TOTAL 8.7422e-01 (8.6318e-01)
Epoch: [29][ 20/140]	L_Src_Sup 2.0515e-01 (1.9686e-01)	L_Trg_Inj 3.1199e-01 (2.8960e-01)	Loss Disc 6.8727e-01 (6.8803e-01)	Loss Pred 4.5293e-01 (4.6286e-01)	Loss TOTAL 8.4828e-01 (8.5775e-01)
Epoch: [29][ 30/140]	L_Src_Sup 1.7244e-01 (2.0366e-01)	L_Trg_Inj 2.9162e-01 (2.8630e-01)	Loss Disc 6.9036e-01 (6.8840e-01)	Loss Pred 4.5906e-01 (4.6355e-01)	Loss TOTAL 8.5065e-01 (8.6115e-01)
Epoch: [29][ 40/140]	L_Src_Sup 1.5792e-01 (2.0500e-01)	L_Trg_Inj 3.8990e-01 (2.8483e-01)	Loss Disc 6.8457e-01 (6.8822e-01)	Loss Pred 4.7175e-01 (4.6307e-01)	Loss TOTAL 8.6882e-01 (8.6378e-01)
Epoch: [29][ 50/140]	L_Src_Sup 1.8970e-01 (2.0566e-01)	L_Trg_Inj 1.2472e-01 (2.8863e-01)	Loss Disc 6.9209e-01 (6.8799e-01)	Loss Pred 4.5895e-01 (4.6229e-01)	Loss TOTAL 9.0141e-01 (8.6332e-01)
Epoch: [29][ 60/140]	L_Src_Sup 1.4288e-01 (2.0182e-01)	L_Trg_Inj 2.8287e-01 (2.8917e-01)	Loss Disc 6.9057e-01 (6.8807e-01)	Loss Pred 4.8443e-01 (4.6155e-01)	Loss TOTAL 8.7229e-01 (8.6105e-01)
Epoch: [29][ 70/140]	L_Src_Sup 1.2972e-01 (2.0030e-01)	L_Trg_Inj 2.9904e-01 (2.9185e-01)	Loss Disc 6.9060e-01 (6.8811e-01)	Loss Pred 5.0972e-01 (4.6164e-01)	Loss TOTAL 8.9789e-01 (8.6099e-01)
Epoch: [29][ 80/140]	L_Src_Sup 1.0442e-01 (1.9511e-01)	L_Trg_Inj 3.4277e-01 (2.9448e-01)	Loss Disc 6.8562e-01 (6.8806e-01)	Loss Pred 4.6532e-01 (4.6265e-01)	Loss TOTAL 8.5285e-01 (8.6096e-01)
Epoch: [29][ 90/140]	L_Src_Sup 2.2809e-01 (1.9464e-01)	L_Trg_Inj 2.4871e-01 (2.9359e-01)	Loss Disc 6.9021e-01 (6.8819e-01)	Loss Pred 4.7159e-01 (4.6442e-01)	Loss TOTAL 8.6437e-01 (8.6206e-01)
Epoch: [29][100/140]	L_Src_Sup 1.0527e-01 (1.9469e-01)	L_Trg_Inj 3.8823e-01 (2.9496e-01)	Loss Disc 6.8802e-01 (6.8812e-01)	Loss Pred 4.7169e-01 (4.6501e-01)	Loss TOTAL 8.6505e-01 (8.6229e-01)
Epoch: [29][110/140]	L_Src_Sup 1.7701e-01 (1.9460e-01)	L_Trg_Inj 2.0039e-01 (2.9351e-01)	Loss Disc 6.8976e-01 (6.8825e-01)	Loss Pred 4.7813e-01 (4.6510e-01)	Loss TOTAL 8.6075e-01 (8.6190e-01)
Epoch: [29][120/140]	L_Src_Sup 1.8996e-01 (1.9469e-01)	L_Trg_Inj 3.4698e-01 (2.9377e-01)	Loss Disc 6.8817e-01 (6.8826e-01)	Loss Pred 4.5859e-01 (4.6511e-01)	Loss TOTAL 8.5637e-01 (8.6163e-01)
Epoch: [29][130/140]	L_Src_Sup 2.8697e-01 (1.9629e-01)	L_Trg_Inj 3.8964e-01 (2.9104e-01)	Loss Disc 6.8749e-01 (6.8833e-01)	Loss Pred 4.5400e-01 (4.6515e-01)	Loss TOTAL 8.6540e-01 (8.6263e-01)
Epoch: [29][140/140]	L_Src_Sup 2.4405e-01 (1.9770e-01)	L_Trg_Inj 2.4904e-01 (2.8994e-01)	Loss Disc 6.9482e-01 (6.8829e-01)	Loss Pred 5.0344e-01 (4.6496e-01)	Loss TOTAL 9.0016e-01 (8.6279e-01)
Epoch: [29][140/140]	L_Src_Sup 2.4405e-01 (1.9770e-01)	L_Trg_Inj 2.4904e-01 (2.8994e-01)	Loss Disc 6.9482e-01 (6.8829e-01)	Loss Pred 5.0344e-01 (4.6496e-01)	Loss TOTAL 9.0016e-01 (8.6279e-01)
Epoch 29 complete. Saving model state...
Epoch: [30][ 10/140]	L_Src_Sup 1.5795e-01 (2.0102e-01)	L_Trg_Inj 3.5736e-01 (3.0509e-01)	Loss Disc 6.8861e-01 (6.8717e-01)	Loss Pred 4.7159e-01 (4.5229e-01)	Loss TOTAL 8.6743e-01 (8.5764e-01)
Epoch: [30][ 20/140]	L_Src_Sup 2.3934e-01 (2.0706e-01)	L_Trg_Inj 2.9411e-01 (3.1655e-01)	Loss Disc 6.8677e-01 (6.8746e-01)	Loss Pred 4.5255e-01 (4.6356e-01)	Loss TOTAL 8.4928e-01 (8.6751e-01)
Epoch: [30][ 30/140]	L_Src_Sup 2.2224e-01 (2.0590e-01)	L_Trg_Inj 2.8014e-01 (3.0242e-01)	Loss Disc 6.8725e-01 (6.8782e-01)	Loss Pred 4.5261e-01 (4.6437e-01)	Loss TOTAL 8.4647e-01 (8.6827e-01)
Epoch: [30][ 40/140]	L_Src_Sup 1.6953e-01 (2.0552e-01)	L_Trg_Inj 3.4164e-01 (3.0676e-01)	Loss Disc 6.8515e-01 (6.8765e-01)	Loss Pred 4.4649e-01 (4.6361e-01)	Loss TOTAL 8.4019e-01 (8.6553e-01)
Epoch: [30][ 50/140]	L_Src_Sup 1.4680e-01 (2.0193e-01)	L_Trg_Inj 2.6478e-01 (2.9702e-01)	Loss Disc 6.9355e-01 (6.8794e-01)	Loss Pred 5.0342e-01 (4.6661e-01)	Loss TOTAL 8.9135e-01 (8.6781e-01)
Epoch: [30][ 60/140]	L_Src_Sup 1.9836e-01 (1.9846e-01)	L_Trg_Inj 3.1186e-01 (2.9935e-01)	Loss Disc 6.8519e-01 (6.8791e-01)	Loss Pred 4.2733e-01 (4.6449e-01)	Loss TOTAL 8.2095e-01 (8.6487e-01)
Epoch: [30][ 70/140]	L_Src_Sup 1.5930e-01 (1.9420e-01)	L_Trg_Inj 2.1956e-01 (2.9866e-01)	Loss Disc 6.9053e-01 (6.8799e-01)	Loss Pred 4.7807e-01 (4.6542e-01)	Loss TOTAL 8.6122e-01 (8.6440e-01)
Epoch: [30][ 80/140]	L_Src_Sup 1.7700e-01 (1.9011e-01)	L_Trg_Inj 2.9571e-01 (2.9614e-01)	Loss Disc 6.9318e-01 (6.8797e-01)	Loss Pred 4.7810e-01 (4.6462e-01)	Loss TOTAL 8.7196e-01 (8.6221e-01)
Epoch: [30][ 90/140]	L_Src_Sup 2.5230e-01 (1.9233e-01)	L_Trg_Inj 2.7877e-01 (2.9447e-01)	Loss Disc 6.9155e-01 (6.8816e-01)	Loss Pred 4.9077e-01 (4.6672e-01)	Loss TOTAL 8.8965e-01 (8.6516e-01)
Epoch: [30][100/140]	L_Src_Sup 2.1853e-01 (1.8991e-01)	L_Trg_Inj 1.5505e-01 (2.9043e-01)	Loss Disc 6.8986e-01 (6.8824e-01)	Loss Pred 4.3956e-01 (4.6651e-01)	Loss TOTAL 8.8533e-01 (8.6470e-01)
Epoch: [30][110/140]	L_Src_Sup 1.3561e-01 (1.9006e-01)	L_Trg_Inj 2.4882e-01 (2.9079e-01)	Loss Disc 6.8315e-01 (6.8815e-01)	Loss Pred 4.4624e-01 (4.6592e-01)	Loss TOTAL 8.2625e-01 (8.6373e-01)
Epoch: [30][120/140]	L_Src_Sup 9.3461e-02 (1.9085e-01)	L_Trg_Inj 1.8646e-01 (2.8952e-01)	Loss Disc 6.9652e-01 (6.8816e-01)	Loss Pred 5.1599e-01 (4.6545e-01)	Loss TOTAL 8.9225e-01 (8.6327e-01)
Epoch: [30][130/140]	L_Src_Sup 1.5518e-01 (1.8993e-01)	L_Trg_Inj 3.6394e-01 (2.9218e-01)	Loss Disc 6.8688e-01 (6.8805e-01)	Loss Pred 4.5935e-01 (4.6472e-01)	Loss TOTAL 8.5470e-01 (8.6222e-01)
Epoch: [30][140/140]	L_Src_Sup 2.3365e-01 (1.9125e-01)	L_Trg_Inj 3.1583e-01 (2.9010e-01)	Loss Disc 6.8738e-01 (6.8811e-01)	Loss Pred 4.3340e-01 (4.6452e-01)	Loss TOTAL 8.3204e-01 (8.6248e-01)
Epoch: [30][140/140]	L_Src_Sup 2.3365e-01 (1.9125e-01)	L_Trg_Inj 3.1583e-01 (2.9010e-01)	Loss Disc 6.8738e-01 (6.8811e-01)	Loss Pred 4.3340e-01 (4.6452e-01)	Loss TOTAL 8.3204e-01 (8.6248e-01)
Epoch 30 complete. Saving model state...
Epoch: [31][ 10/140]	L_Src_Sup 2.9066e-01 (2.0942e-01)	L_Trg_Inj 3.3894e-01 (2.8476e-01)	Loss Disc 6.8680e-01 (6.8835e-01)	Loss Pred 4.5306e-01 (4.6019e-01)	Loss TOTAL 8.5942e-01 (8.5788e-01)
Epoch: [31][ 20/140]	L_Src_Sup 2.4350e-01 (2.1331e-01)	L_Trg_Inj 3.1224e-01 (3.0592e-01)	Loss Disc 6.8325e-01 (6.8776e-01)	Loss Pred 4.6515e-01 (4.6236e-01)	Loss TOTAL 8.6235e-01 (8.6021e-01)
Epoch: [31][ 30/140]	L_Src_Sup 2.0881e-01 (2.1593e-01)	L_Trg_Inj 3.0951e-01 (2.9628e-01)	Loss Disc 6.8840e-01 (6.8835e-01)	Loss Pred 4.6504e-01 (4.6666e-01)	Loss TOTAL 8.6107e-01 (8.6722e-01)
Epoch: [31][ 40/140]	L_Src_Sup 2.0514e-01 (2.1121e-01)	L_Trg_Inj 2.6366e-01 (2.8868e-01)	Loss Disc 6.8806e-01 (6.8863e-01)	Loss Pred 4.5231e-01 (4.6661e-01)	Loss TOTAL 8.4322e-01 (8.6487e-01)
Epoch: [31][ 50/140]	L_Src_Sup 2.1240e-01 (2.0887e-01)	L_Trg_Inj 3.5172e-01 (2.9564e-01)	Loss Disc 6.8851e-01 (6.8869e-01)	Loss Pred 4.7766e-01 (4.6746e-01)	Loss TOTAL 8.7833e-01 (8.6542e-01)
Epoch: [31][ 60/140]	L_Src_Sup 1.9135e-01 (2.0665e-01)	L_Trg_Inj 4.0761e-01 (2.9640e-01)	Loss Disc 6.8709e-01 (6.8843e-01)	Loss Pred 4.5901e-01 (4.6678e-01)	Loss TOTAL 8.6245e-01 (8.6571e-01)
Epoch: [31][ 70/140]	L_Src_Sup 2.4797e-01 (2.0404e-01)	L_Trg_Inj 2.4925e-01 (2.9586e-01)	Loss Disc 6.8871e-01 (6.8838e-01)	Loss Pred 4.7788e-01 (4.6566e-01)	Loss TOTAL 8.7196e-01 (8.6412e-01)
Epoch: [31][ 80/140]	L_Src_Sup 1.9303e-01 (2.0600e-01)	L_Trg_Inj 2.1745e-01 (2.9655e-01)	Loss Disc 6.9214e-01 (6.8822e-01)	Loss Pred 4.7183e-01 (4.6456e-01)	Loss TOTAL 8.5894e-01 (8.6293e-01)
Epoch: [31][ 90/140]	L_Src_Sup 1.7171e-01 (2.0589e-01)	L_Trg_Inj 3.3873e-01 (2.9466e-01)	Loss Disc 6.8510e-01 (6.8829e-01)	Loss Pred 4.5258e-01 (4.6444e-01)	Loss TOTAL 8.4618e-01 (8.6282e-01)
Epoch: [31][100/140]	L_Src_Sup 2.0340e-01 (2.0734e-01)	L_Trg_Inj 2.6331e-01 (2.9528e-01)	Loss Disc 6.8699e-01 (6.8832e-01)	Loss Pred 4.4616e-01 (4.6489e-01)	Loss TOTAL 8.3633e-01 (8.6336e-01)
Epoch: [31][110/140]	L_Src_Sup 2.5004e-01 (2.0830e-01)	L_Trg_Inj 2.5316e-01 (2.9313e-01)	Loss Disc 6.8898e-01 (6.8838e-01)	Loss Pred 4.5879e-01 (4.6481e-01)	Loss TOTAL 8.5360e-01 (8.6379e-01)
Epoch: [31][120/140]	L_Src_Sup 1.1969e-01 (2.0616e-01)	L_Trg_Inj 3.2182e-01 (2.9527e-01)	Loss Disc 6.8469e-01 (6.8825e-01)	Loss Pred 4.5245e-01 (4.6510e-01)	Loss TOTAL 8.3895e-01 (8.6363e-01)
Epoch: [31][130/140]	L_Src_Sup 2.7150e-01 (2.0648e-01)	L_Trg_Inj 3.8175e-01 (2.9609e-01)	Loss Disc 6.8804e-01 (6.8825e-01)	Loss Pred 4.4653e-01 (4.6487e-01)	Loss TOTAL 8.5587e-01 (8.6329e-01)
Epoch: [31][140/140]	L_Src_Sup 2.1703e-01 (2.0692e-01)	L_Trg_Inj 3.7276e-01 (2.9664e-01)	Loss Disc 6.8661e-01 (6.8827e-01)	Loss Pred 4.3286e-01 (4.6462e-01)	Loss TOTAL 8.3515e-01 (8.6337e-01)
Epoch: [31][140/140]	L_Src_Sup 2.1703e-01 (2.0692e-01)	L_Trg_Inj 3.7276e-01 (2.9664e-01)	Loss Disc 6.8661e-01 (6.8827e-01)	Loss Pred 4.3286e-01 (4.6462e-01)	Loss TOTAL 8.3515e-01 (8.6337e-01)
Epoch 31 complete. Saving model state...
Epoch: [32][ 10/140]	L_Src_Sup 1.1897e-01 (1.7393e-01)	L_Trg_Inj 3.3180e-01 (2.8702e-01)	Loss Disc 6.8558e-01 (6.8767e-01)	Loss Pred 4.4593e-01 (4.5633e-01)	Loss TOTAL 8.3380e-01 (8.4910e-01)
Epoch: [32][ 20/140]	L_Src_Sup 1.6931e-01 (1.9636e-01)	L_Trg_Inj 4.1855e-01 (3.1960e-01)	Loss Disc 6.8619e-01 (6.8746e-01)	Loss Pred 4.3965e-01 (4.5979e-01)	Loss TOTAL 8.4154e-01 (8.5986e-01)
Epoch: [32][ 30/140]	L_Src_Sup 2.2617e-01 (2.0475e-01)	L_Trg_Inj 3.7132e-01 (3.1870e-01)	Loss Disc 6.8516e-01 (6.8764e-01)	Loss Pred 4.6547e-01 (4.6283e-01)	Loss TOTAL 8.6780e-01 (8.6266e-01)
Epoch: [32][ 40/140]	L_Src_Sup 2.2814e-01 (2.0734e-01)	L_Trg_Inj 3.3088e-01 (3.1902e-01)	Loss Disc 6.8857e-01 (6.8776e-01)	Loss Pred 4.7132e-01 (4.6231e-01)	Loss TOTAL 8.7150e-01 (8.6157e-01)
Epoch: [32][ 50/140]	L_Src_Sup 2.0178e-01 (2.0461e-01)	L_Trg_Inj 3.1383e-01 (3.2435e-01)	Loss Disc 6.8777e-01 (6.8787e-01)	Loss Pred 4.3984e-01 (4.6314e-01)	Loss TOTAL 8.3529e-01 (8.6217e-01)
Epoch: [32][ 60/140]	L_Src_Sup 1.7242e-01 (2.0158e-01)	L_Trg_Inj 2.4444e-01 (3.1587e-01)	Loss Disc 6.8442e-01 (6.8796e-01)	Loss Pred 4.5894e-01 (4.6223e-01)	Loss TOTAL 8.4284e-01 (8.5979e-01)
Epoch: [32][ 70/140]	L_Src_Sup 1.8081e-01 (2.0420e-01)	L_Trg_Inj 2.3783e-01 (3.1435e-01)	Loss Disc 6.9249e-01 (6.8817e-01)	Loss Pred 4.9071e-01 (4.6212e-01)	Loss TOTAL 8.7882e-01 (8.6077e-01)
Epoch: [32][ 80/140]	L_Src_Sup 1.8912e-01 (2.0243e-01)	L_Trg_Inj 2.1724e-01 (3.1262e-01)	Loss Disc 6.8890e-01 (6.8824e-01)	Loss Pred 4.4583e-01 (4.6231e-01)	Loss TOTAL 8.3092e-01 (8.6091e-01)
Epoch: [32][ 90/140]	L_Src_Sup 1.7548e-01 (2.0203e-01)	L_Trg_Inj 2.6545e-01 (3.1234e-01)	Loss Disc 6.8936e-01 (6.8816e-01)	Loss Pred 4.7146e-01 (4.6257e-01)	Loss TOTAL 8.6024e-01 (8.6072e-01)
Epoch: [32][100/140]	L_Src_Sup 1.7565e-01 (2.0075e-01)	L_Trg_Inj 3.0901e-01 (3.1218e-01)	Loss Disc 6.8765e-01 (6.8814e-01)	Loss Pred 4.7140e-01 (4.6302e-01)	Loss TOTAL 8.6369e-01 (8.6192e-01)
Epoch: [32][110/140]	L_Src_Sup 1.9471e-01 (1.9900e-01)	L_Trg_Inj 2.8125e-01 (3.1212e-01)	Loss Disc 6.8778e-01 (6.8817e-01)	Loss Pred 4.7774e-01 (4.6408e-01)	Loss TOTAL 8.6923e-01 (8.6249e-01)
Epoch: [32][120/140]	L_Src_Sup 2.5461e-01 (1.9798e-01)	L_Trg_Inj 2.9673e-01 (3.1259e-01)	Loss Disc 6.8848e-01 (6.8819e-01)	Loss Pred 4.9690e-01 (4.6528e-01)	Loss TOTAL 8.9627e-01 (8.6338e-01)
Epoch: [32][130/140]	L_Src_Sup 1.8474e-01 (1.9990e-01)	L_Trg_Inj 1.8456e-01 (3.1047e-01)	Loss Disc 6.9224e-01 (6.8821e-01)	Loss Pred 4.7561e-01 (4.6442e-01)	Loss TOTAL 8.5884e-01 (8.6253e-01)
Epoch: [32][140/140]	L_Src_Sup 7.0886e-02 (1.9791e-01)	L_Trg_Inj 3.2246e-01 (3.1075e-01)	Loss Disc 6.8913e-01 (6.8827e-01)	Loss Pred 4.7785e-01 (4.6441e-01)	Loss TOTAL 8.6175e-01 (8.6216e-01)
Epoch: [32][140/140]	L_Src_Sup 7.0886e-02 (1.9791e-01)	L_Trg_Inj 3.2246e-01 (3.1075e-01)	Loss Disc 6.8913e-01 (6.8827e-01)	Loss Pred 4.7785e-01 (4.6441e-01)	Loss TOTAL 8.6175e-01 (8.6216e-01)
Epoch 32 complete. Saving model state...
Epoch: [33][ 10/140]	L_Src_Sup 2.8337e-01 (2.2151e-01)	L_Trg_Inj 2.9655e-01 (3.0009e-01)	Loss Disc 6.8797e-01 (6.8893e-01)	Loss Pred 4.3284e-01 (4.6198e-01)	Loss TOTAL 8.3482e-01 (8.6495e-01)
Epoch: [33][ 20/140]	L_Src_Sup 1.9132e-01 (2.0299e-01)	L_Trg_Inj 3.1212e-01 (2.9144e-01)	Loss Disc 6.8775e-01 (6.8868e-01)	Loss Pred 4.6510e-01 (4.5977e-01)	Loss TOTAL 8.5932e-01 (8.5959e-01)
Epoch: [33][ 30/140]	L_Src_Sup 1.7270e-01 (2.0839e-01)	L_Trg_Inj 4.9927e-01 (3.0767e-01)	Loss Disc 6.8493e-01 (6.8824e-01)	Loss Pred 4.5855e-01 (4.5652e-01)	Loss TOTAL 8.6821e-01 (8.5951e-01)
Epoch: [33][ 40/140]	L_Src_Sup 1.4418e-01 (2.0365e-01)	L_Trg_Inj 3.6689e-01 (3.0134e-01)	Loss Disc 6.8520e-01 (6.8853e-01)	Loss Pred 4.5236e-01 (4.5932e-01)	Loss TOTAL 8.4607e-01 (8.6094e-01)
Epoch: [33][ 50/140]	L_Src_Sup 1.1215e-01 (1.9775e-01)	L_Trg_Inj 2.3003e-01 (2.9930e-01)	Loss Disc 6.9411e-01 (6.8858e-01)	Loss Pred 5.1575e-01 (4.6158e-01)	Loss TOTAL 8.9702e-01 (8.6106e-01)
Epoch: [33][ 60/140]	L_Src_Sup 1.8519e-01 (1.9382e-01)	L_Trg_Inj 2.9590e-01 (2.9983e-01)	Loss Disc 6.9077e-01 (6.8849e-01)	Loss Pred 5.0955e-01 (4.6175e-01)	Loss TOTAL 9.0305e-01 (8.6032e-01)
Epoch: [33][ 70/140]	L_Src_Sup 2.5456e-01 (1.9801e-01)	L_Trg_Inj 2.4942e-01 (2.9374e-01)	Loss Disc 6.8852e-01 (6.8845e-01)	Loss Pred 4.9716e-01 (4.6225e-01)	Loss TOTAL 8.9695e-01 (8.6040e-01)
Epoch: [33][ 80/140]	L_Src_Sup 2.0870e-01 (1.9952e-01)	L_Trg_Inj 2.4924e-01 (2.9708e-01)	Loss Disc 6.9104e-01 (6.8839e-01)	Loss Pred 4.6510e-01 (4.6237e-01)	Loss TOTAL 8.5642e-01 (8.6039e-01)
Epoch: [33][ 90/140]	L_Src_Sup 2.3018e-01 (2.0022e-01)	L_Trg_Inj 2.7896e-01 (2.9719e-01)	Loss Disc 6.9012e-01 (6.8844e-01)	Loss Pred 4.7784e-01 (4.6352e-01)	Loss TOTAL 8.7381e-01 (8.6235e-01)
Epoch: [33][100/140]	L_Src_Sup 2.5673e-01 (2.0381e-01)	L_Trg_Inj 2.2403e-01 (2.9741e-01)	Loss Disc 6.8870e-01 (6.8834e-01)	Loss Pred 4.4643e-01 (4.6306e-01)	Loss TOTAL 8.7155e-01 (8.6315e-01)
Epoch: [33][110/140]	L_Src_Sup 8.8724e-02 (2.0713e-01)	L_Trg_Inj 1.6118e-01 (2.9759e-01)	Loss Disc 6.9051e-01 (6.8843e-01)	Loss Pred 4.6525e-01 (4.6370e-01)	Loss TOTAL 8.3550e-01 (8.6576e-01)
Epoch: [33][120/140]	L_Src_Sup 1.5873e-01 (2.0625e-01)	L_Trg_Inj 3.2372e-01 (2.9864e-01)	Loss Disc 6.8734e-01 (6.8843e-01)	Loss Pred 4.7158e-01 (4.6371e-01)	Loss TOTAL 8.6349e-01 (8.6517e-01)
Epoch: [33][130/140]	L_Src_Sup 1.1968e-01 (2.0473e-01)	L_Trg_Inj 2.9977e-01 (2.9820e-01)	Loss Disc 6.8862e-01 (6.8843e-01)	Loss Pred 4.5213e-01 (4.6434e-01)	Loss TOTAL 8.3838e-01 (8.6538e-01)
Epoch: [33][140/140]	L_Src_Sup 1.9303e-01 (2.0485e-01)	L_Trg_Inj 2.7626e-01 (3.0064e-01)	Loss Disc 6.9084e-01 (6.8832e-01)	Loss Pred 4.7167e-01 (4.6467e-01)	Loss TOTAL 8.6402e-01 (8.6544e-01)
Epoch: [33][140/140]	L_Src_Sup 1.9303e-01 (2.0485e-01)	L_Trg_Inj 2.7626e-01 (3.0064e-01)	Loss Disc 6.9084e-01 (6.8832e-01)	Loss Pred 4.7167e-01 (4.6467e-01)	Loss TOTAL 8.6402e-01 (8.6544e-01)
Epoch 33 complete. Saving model state...
Epoch: [34][ 10/140]	L_Src_Sup 1.5653e-01 (1.9778e-01)	L_Trg_Inj 2.6355e-01 (2.9370e-01)	Loss Disc 6.8672e-01 (6.8855e-01)	Loss Pred 4.6454e-01 (4.5697e-01)	Loss TOTAL 8.4990e-01 (8.5039e-01)
Epoch: [34][ 20/140]	L_Src_Sup 8.3781e-02 (2.0938e-01)	L_Trg_Inj 3.1217e-01 (2.8741e-01)	Loss Disc 6.8481e-01 (6.8909e-01)	Loss Pred 4.3395e-01 (4.6556e-01)	Loss TOTAL 8.1596e-01 (8.6395e-01)
Epoch: [34][ 30/140]	L_Src_Sup 1.3612e-01 (2.1151e-01)	L_Trg_Inj 2.6502e-01 (2.7725e-01)	Loss Disc 6.8851e-01 (6.8911e-01)	Loss Pred 4.4597e-01 (4.6528e-01)	Loss TOTAL 8.3034e-01 (8.6886e-01)
Epoch: [34][ 40/140]	L_Src_Sup 1.1483e-01 (2.0909e-01)	L_Trg_Inj 2.8054e-01 (2.8197e-01)	Loss Disc 6.8622e-01 (6.8861e-01)	Loss Pred 4.2099e-01 (4.6134e-01)	Loss TOTAL 8.0364e-01 (8.6549e-01)
Epoch: [34][ 50/140]	L_Src_Sup 2.3014e-01 (2.0731e-01)	L_Trg_Inj 3.2633e-01 (2.9594e-01)	Loss Disc 6.9103e-01 (6.8824e-01)	Loss Pred 4.7778e-01 (4.6098e-01)	Loss TOTAL 8.7894e-01 (8.6402e-01)
Epoch: [34][ 60/140]	L_Src_Sup 2.3877e-01 (2.0689e-01)	L_Trg_Inj 2.0225e-01 (2.9090e-01)	Loss Disc 6.9162e-01 (6.8833e-01)	Loss Pred 5.0321e-01 (4.6147e-01)	Loss TOTAL 9.2964e-01 (8.6540e-01)
Epoch: [34][ 70/140]	L_Src_Sup 2.2619e-01 (2.0763e-01)	L_Trg_Inj 2.8088e-01 (2.9007e-01)	Loss Disc 6.8982e-01 (6.8834e-01)	Loss Pred 4.6518e-01 (4.6065e-01)	Loss TOTAL 8.6080e-01 (8.6328e-01)
Epoch: [34][ 80/140]	L_Src_Sup 1.9300e-01 (2.0449e-01)	L_Trg_Inj 3.4286e-01 (2.8971e-01)	Loss Disc 6.8725e-01 (6.8828e-01)	Loss Pred 4.7161e-01 (4.6129e-01)	Loss TOTAL 8.6882e-01 (8.6246e-01)
Epoch: [34][ 90/140]	L_Src_Sup 2.8684e-01 (2.0556e-01)	L_Trg_Inj 2.7977e-01 (2.9063e-01)	Loss Disc 6.9090e-01 (6.8838e-01)	Loss Pred 4.8419e-01 (4.6298e-01)	Loss TOTAL 8.9338e-01 (8.6414e-01)
Epoch: [34][100/140]	L_Src_Sup 2.2044e-01 (2.0174e-01)	L_Trg_Inj 3.2738e-01 (2.9400e-01)	Loss Disc 6.8914e-01 (6.8836e-01)	Loss Pred 4.4618e-01 (4.6398e-01)	Loss TOTAL 8.4553e-01 (8.6435e-01)
Epoch: [34][110/140]	L_Src_Sup 1.7546e-01 (2.0340e-01)	L_Trg_Inj 3.8881e-01 (2.9597e-01)	Loss Disc 6.8792e-01 (6.8837e-01)	Loss Pred 4.7152e-01 (4.6437e-01)	Loss TOTAL 8.7191e-01 (8.6455e-01)
Epoch: [34][120/140]	L_Src_Sup 2.0631e-01 (2.0346e-01)	L_Trg_Inj 3.1187e-01 (2.9549e-01)	Loss Disc 6.8615e-01 (6.8842e-01)	Loss Pred 4.5189e-01 (4.6444e-01)	Loss TOTAL 8.4678e-01 (8.6457e-01)
Epoch: [34][130/140]	L_Src_Sup 2.9428e-01 (2.0329e-01)	L_Trg_Inj 2.8054e-01 (2.9481e-01)	Loss Disc 6.8923e-01 (6.8844e-01)	Loss Pred 4.5873e-01 (4.6440e-01)	Loss TOTAL 8.7456e-01 (8.6434e-01)
Epoch: [34][140/140]	L_Src_Sup 1.1008e-01 (2.0545e-01)	L_Trg_Inj 3.3015e-01 (2.9558e-01)	Loss Disc 6.8558e-01 (6.8842e-01)	Loss Pred 4.8967e-01 (4.6463e-01)	Loss TOTAL 8.7648e-01 (8.6607e-01)
Epoch: [34][140/140]	L_Src_Sup 1.1008e-01 (2.0545e-01)	L_Trg_Inj 3.3015e-01 (2.9558e-01)	Loss Disc 6.8558e-01 (6.8842e-01)	Loss Pred 4.8967e-01 (4.6463e-01)	Loss TOTAL 8.7648e-01 (8.6607e-01)
Epoch 34 complete. Saving model state...
Epoch: [35][ 10/140]	L_Src_Sup 2.2654e-01 (2.1963e-01)	L_Trg_Inj 2.6162e-01 (2.9340e-01)	Loss Disc 6.8725e-01 (6.8907e-01)	Loss Pred 4.6803e-01 (4.7019e-01)	Loss TOTAL 8.6048e-01 (8.7330e-01)
Epoch: [35][ 20/140]	L_Src_Sup 1.4036e-01 (2.1312e-01)	L_Trg_Inj 2.4996e-01 (2.8591e-01)	Loss Disc 6.8896e-01 (6.8892e-01)	Loss Pred 4.7142e-01 (4.6823e-01)	Loss TOTAL 8.5492e-01 (8.6859e-01)
Epoch: [35][ 30/140]	L_Src_Sup 1.2281e-01 (2.0443e-01)	L_Trg_Inj 2.8814e-01 (2.9244e-01)	Loss Disc 6.8975e-01 (6.8878e-01)	Loss Pred 4.7154e-01 (4.6573e-01)	Loss TOTAL 8.5751e-01 (8.6459e-01)
Epoch: [35][ 40/140]	L_Src_Sup 2.5226e-01 (2.1089e-01)	L_Trg_Inj 2.0309e-01 (2.8765e-01)	Loss Disc 6.9240e-01 (6.8899e-01)	Loss Pred 4.9058e-01 (4.6888e-01)	Loss TOTAL 9.3148e-01 (8.7087e-01)
Epoch: [35][ 50/140]	L_Src_Sup 2.0184e-01 (2.1504e-01)	L_Trg_Inj 2.8120e-01 (2.8722e-01)	Loss Disc 6.9041e-01 (6.8894e-01)	Loss Pred 5.0303e-01 (4.7040e-01)	Loss TOTAL 8.9654e-01 (8.7609e-01)
Epoch: [35][ 60/140]	L_Src_Sup 1.1668e-01 (2.0819e-01)	L_Trg_Inj 2.6557e-01 (2.8859e-01)	Loss Disc 6.8724e-01 (6.8884e-01)	Loss Pred 4.3363e-01 (4.6930e-01)	Loss TOTAL 8.1547e-01 (8.7256e-01)
Epoch: [35][ 70/140]	L_Src_Sup 2.1053e-01 (2.0674e-01)	L_Trg_Inj 3.9331e-01 (2.9595e-01)	Loss Disc 6.8780e-01 (6.8844e-01)	Loss Pred 4.7139e-01 (4.6798e-01)	Loss TOTAL 8.7568e-01 (8.7032e-01)
Epoch: [35][ 80/140]	L_Src_Sup 2.2415e-01 (2.0410e-01)	L_Trg_Inj 1.2498e-01 (2.9831e-01)	Loss Disc 6.9502e-01 (6.8831e-01)	Loss Pred 4.5922e-01 (4.6706e-01)	Loss TOTAL 9.4081e-01 (8.7024e-01)
Epoch: [35][ 90/140]	L_Src_Sup 2.0690e-01 (2.0253e-01)	L_Trg_Inj 2.1868e-01 (2.9492e-01)	Loss Disc 6.8932e-01 (6.8834e-01)	Loss Pred 4.5853e-01 (4.6684e-01)	Loss TOTAL 8.4575e-01 (8.6964e-01)
Epoch: [35][100/140]	L_Src_Sup 1.5255e-01 (2.0190e-01)	L_Trg_Inj 3.1450e-01 (2.9455e-01)	Loss Disc 6.8807e-01 (6.8836e-01)	Loss Pred 4.4596e-01 (4.6635e-01)	Loss TOTAL 8.3670e-01 (8.6838e-01)
Epoch: [35][110/140]	L_Src_Sup 1.7858e-01 (1.9933e-01)	L_Trg_Inj 2.9673e-01 (2.9343e-01)	Loss Disc 6.9196e-01 (6.8839e-01)	Loss Pred 4.8409e-01 (4.6537e-01)	Loss TOTAL 8.7760e-01 (8.6747e-01)
Epoch: [35][120/140]	L_Src_Sup 1.3224e-01 (1.9999e-01)	L_Trg_Inj 3.2796e-01 (2.9555e-01)	Loss Disc 6.8440e-01 (6.8840e-01)	Loss Pred 4.2715e-01 (4.6558e-01)	Loss TOTAL 8.1537e-01 (8.6751e-01)
Epoch: [35][130/140]	L_Src_Sup 2.0340e-01 (1.9918e-01)	L_Trg_Inj 2.6732e-01 (2.9424e-01)	Loss Disc 6.8899e-01 (6.8838e-01)	Loss Pred 4.4612e-01 (4.6442e-01)	Loss TOTAL 8.3768e-01 (8.6563e-01)
Epoch: [35][140/140]	L_Src_Sup 1.5790e-01 (1.9760e-01)	L_Trg_Inj 2.8103e-01 (2.9308e-01)	Loss Disc 6.9151e-01 (6.8849e-01)	Loss Pred 4.7121e-01 (4.6479e-01)	Loss TOTAL 8.6085e-01 (8.6523e-01)
Epoch: [35][140/140]	L_Src_Sup 1.5790e-01 (1.9760e-01)	L_Trg_Inj 2.8103e-01 (2.9308e-01)	Loss Disc 6.9151e-01 (6.8849e-01)	Loss Pred 4.7121e-01 (4.6479e-01)	Loss TOTAL 8.6085e-01 (8.6523e-01)
Epoch 35 complete. Saving model state...
Epoch: [36][ 10/140]	L_Src_Sup 1.3796e-01 (2.0062e-01)	L_Trg_Inj 2.9654e-01 (2.6814e-01)	Loss Disc 6.8666e-01 (6.8842e-01)	Loss Pred 4.5881e-01 (4.5309e-01)	Loss TOTAL 8.4559e-01 (8.5921e-01)
Epoch: [36][ 20/140]	L_Src_Sup 2.3730e-01 (2.0187e-01)	L_Trg_Inj 2.8076e-01 (2.7863e-01)	Loss Disc 6.8803e-01 (6.8924e-01)	Loss Pred 4.4559e-01 (4.6315e-01)	Loss TOTAL 8.4141e-01 (8.6393e-01)
Epoch: [36][ 30/140]	L_Src_Sup 1.7700e-01 (1.9424e-01)	L_Trg_Inj 3.2674e-01 (2.7675e-01)	Loss Disc 6.8937e-01 (6.8927e-01)	Loss Pred 4.7772e-01 (4.6358e-01)	Loss TOTAL 8.7277e-01 (8.6154e-01)
Epoch: [36][ 40/140]	L_Src_Sup 1.8350e-01 (1.9921e-01)	L_Trg_Inj 2.6495e-01 (2.8008e-01)	Loss Disc 6.8960e-01 (6.8921e-01)	Loss Pred 5.0345e-01 (4.6384e-01)	Loss TOTAL 8.9310e-01 (8.6304e-01)
Epoch: [36][ 50/140]	L_Src_Sup 1.9821e-01 (1.9249e-01)	L_Trg_Inj 2.4911e-01 (2.8278e-01)	Loss Disc 6.9170e-01 (6.8910e-01)	Loss Pred 4.9055e-01 (4.6409e-01)	Loss TOTAL 8.8114e-01 (8.6150e-01)
Epoch: [36][ 60/140]	L_Src_Sup 2.0002e-01 (1.9616e-01)	L_Trg_Inj 1.7102e-01 (2.8429e-01)	Loss Disc 6.8932e-01 (6.8908e-01)	Loss Pred 4.3347e-01 (4.6374e-01)	Loss TOTAL 8.4424e-01 (8.6255e-01)
Epoch: [36][ 70/140]	L_Src_Sup 1.3085e-01 (1.9651e-01)	L_Trg_Inj 2.8103e-01 (2.8579e-01)	Loss Disc 6.9256e-01 (6.8910e-01)	Loss Pred 5.1532e-01 (4.6439e-01)	Loss TOTAL 9.0278e-01 (8.6251e-01)
Epoch: [36][ 80/140]	L_Src_Sup 2.3068e-01 (1.9653e-01)	L_Trg_Inj 2.5233e-01 (2.9060e-01)	Loss Disc 6.9112e-01 (6.8902e-01)	Loss Pred 4.7196e-01 (4.6402e-01)	Loss TOTAL 8.6582e-01 (8.6192e-01)
Epoch: [36][ 90/140]	L_Src_Sup 1.3522e-01 (2.0705e-01)	L_Trg_Inj 4.0299e-01 (3.0114e-01)	Loss Disc 6.8502e-01 (6.8898e-01)	Loss Pred 4.3949e-01 (4.6423e-01)	Loss TOTAL 8.3582e-01 (8.6453e-01)
Epoch: [36][100/140]	L_Src_Sup 2.0757e-01 (2.0481e-01)	L_Trg_Inj 2.4514e-01 (2.9942e-01)	Loss Disc 6.8969e-01 (6.8896e-01)	Loss Pred 4.5891e-01 (4.6452e-01)	Loss TOTAL 8.4902e-01 (8.6416e-01)
Epoch: [36][110/140]	L_Src_Sup 1.4162e-01 (2.0388e-01)	L_Trg_Inj 2.9589e-01 (3.0030e-01)	Loss Disc 6.9392e-01 (6.8895e-01)	Loss Pred 4.7813e-01 (4.6435e-01)	Loss TOTAL 8.6884e-01 (8.6413e-01)
Epoch: [36][120/140]	L_Src_Sup 3.1062e-01 (2.0435e-01)	L_Trg_Inj 2.5675e-01 (2.9914e-01)	Loss Disc 6.8942e-01 (6.8891e-01)	Loss Pred 4.5882e-01 (4.6415e-01)	Loss TOTAL 9.1413e-01 (8.6430e-01)
Epoch: [36][130/140]	L_Src_Sup 2.6668e-01 (2.0407e-01)	L_Trg_Inj 2.6478e-01 (2.9976e-01)	Loss Disc 6.9245e-01 (6.8896e-01)	Loss Pred 4.7744e-01 (4.6521e-01)	Loss TOTAL 8.7870e-01 (8.6549e-01)
Epoch: [36][140/140]	L_Src_Sup 1.7158e-01 (2.0377e-01)	L_Trg_Inj 3.1100e-01 (3.0094e-01)	Loss Disc 6.8748e-01 (6.8888e-01)	Loss Pred 4.5191e-01 (4.6449e-01)	Loss TOTAL 8.4391e-01 (8.6477e-01)
Epoch: [36][140/140]	L_Src_Sup 1.7158e-01 (2.0377e-01)	L_Trg_Inj 3.1100e-01 (3.0094e-01)	Loss Disc 6.8748e-01 (6.8888e-01)	Loss Pred 4.5191e-01 (4.6449e-01)	Loss TOTAL 8.4391e-01 (8.6477e-01)
Epoch 36 complete. Saving model state...
Epoch: [37][ 10/140]	L_Src_Sup 1.9137e-01 (1.8609e-01)	L_Trg_Inj 2.7980e-01 (3.2442e-01)	Loss Disc 6.9019e-01 (6.8839e-01)	Loss Pred 4.6500e-01 (4.6389e-01)	Loss TOTAL 8.5721e-01 (8.5941e-01)
Epoch: [37][ 20/140]	L_Src_Sup 1.9305e-01 (1.9221e-01)	L_Trg_Inj 3.2609e-01 (3.1692e-01)	Loss Disc 6.8771e-01 (6.8848e-01)	Loss Pred 4.7147e-01 (4.6165e-01)	Loss TOTAL 8.6724e-01 (8.5980e-01)
Epoch: [37][ 30/140]	L_Src_Sup 1.8992e-01 (1.8792e-01)	L_Trg_Inj 3.2427e-01 (3.0532e-01)	Loss Disc 6.8825e-01 (6.8851e-01)	Loss Pred 4.5837e-01 (4.6069e-01)	Loss TOTAL 8.5391e-01 (8.5657e-01)
Epoch: [37][ 40/140]	L_Src_Sup 1.8021e-01 (1.8911e-01)	L_Trg_Inj 2.2674e-01 (3.0017e-01)	Loss Disc 6.9161e-01 (6.8891e-01)	Loss Pred 4.9041e-01 (4.6384e-01)	Loss TOTAL 8.7691e-01 (8.6166e-01)
Epoch: [37][ 50/140]	L_Src_Sup 1.9831e-01 (1.9158e-01)	L_Trg_Inj 2.0847e-01 (3.0029e-01)	Loss Disc 6.9217e-01 (6.8907e-01)	Loss Pred 4.9052e-01 (4.6498e-01)	Loss TOTAL 8.7728e-01 (8.6226e-01)
Epoch: [37][ 60/140]	L_Src_Sup 2.0522e-01 (1.9353e-01)	L_Trg_Inj 3.0957e-01 (2.9945e-01)	Loss Disc 6.8807e-01 (6.8888e-01)	Loss Pred 4.5195e-01 (4.6468e-01)	Loss TOTAL 8.4746e-01 (8.6333e-01)
Epoch: [37][ 70/140]	L_Src_Sup 2.7351e-01 (1.9180e-01)	L_Trg_Inj 2.5750e-01 (3.0125e-01)	Loss Disc 6.9146e-01 (6.8874e-01)	Loss Pred 4.5251e-01 (4.6510e-01)	Loss TOTAL 8.6735e-01 (8.6321e-01)
Epoch: [37][ 80/140]	L_Src_Sup 1.3586e-01 (1.9322e-01)	L_Trg_Inj 3.1147e-01 (3.0008e-01)	Loss Disc 6.8441e-01 (6.8862e-01)	Loss Pred 4.4602e-01 (4.6557e-01)	Loss TOTAL 8.3296e-01 (8.6336e-01)
Epoch: [37][ 90/140]	L_Src_Sup 3.0772e-01 (1.9299e-01)	L_Trg_Inj 1.6959e-01 (2.9503e-01)	Loss Disc 6.9081e-01 (6.8874e-01)	Loss Pred 4.5245e-01 (4.6531e-01)	Loss TOTAL 9.8371e-01 (8.6403e-01)
Epoch: [37][100/140]	L_Src_Sup 2.7592e-01 (1.9382e-01)	L_Trg_Inj 3.2790e-01 (2.9489e-01)	Loss Disc 6.8961e-01 (6.8864e-01)	Loss Pred 4.5902e-01 (4.6402e-01)	Loss TOTAL 8.6421e-01 (8.6224e-01)
Epoch: [37][110/140]	L_Src_Sup 2.5688e-01 (1.9028e-01)	L_Trg_Inj 3.0803e-01 (2.9459e-01)	Loss Disc 6.9046e-01 (6.8867e-01)	Loss Pred 5.0300e-01 (4.6493e-01)	Loss TOTAL 9.0471e-01 (8.6232e-01)
Epoch: [37][120/140]	L_Src_Sup 2.7396e-01 (1.9046e-01)	L_Trg_Inj 2.6295e-01 (2.9234e-01)	Loss Disc 6.9073e-01 (6.8872e-01)	Loss Pred 4.4378e-01 (4.6476e-01)	Loss TOTAL 8.5385e-01 (8.6211e-01)
Epoch: [37][130/140]	L_Src_Sup 2.9319e-01 (1.9067e-01)	L_Trg_Inj 3.1053e-01 (2.9354e-01)	Loss Disc 6.8714e-01 (6.8869e-01)	Loss Pred 4.5857e-01 (4.6466e-01)	Loss TOTAL 8.6252e-01 (8.6192e-01)
Epoch: [37][140/140]	L_Src_Sup 2.2035e-01 (1.9116e-01)	L_Trg_Inj 2.3292e-01 (2.9406e-01)	Loss Disc 6.8744e-01 (6.8859e-01)	Loss Pred 4.4600e-01 (4.6460e-01)	Loss TOTAL 8.3505e-01 (8.6159e-01)
Epoch: [37][140/140]	L_Src_Sup 2.2035e-01 (1.9116e-01)	L_Trg_Inj 2.3292e-01 (2.9406e-01)	Loss Disc 6.8744e-01 (6.8859e-01)	Loss Pred 4.4600e-01 (4.6460e-01)	Loss TOTAL 8.3505e-01 (8.6159e-01)
Epoch 37 complete. Saving model state...
Epoch: [38][ 10/140]	L_Src_Sup 8.3342e-02 (1.6037e-01)	L_Trg_Inj 2.7895e-01 (2.4920e-01)	Loss Disc 6.8428e-01 (6.8806e-01)	Loss Pred 4.3341e-01 (4.4926e-01)	Loss TOTAL 8.1178e-01 (8.3424e-01)
Epoch: [38][ 20/140]	L_Src_Sup 2.0184e-01 (1.7795e-01)	L_Trg_Inj 3.5348e-01 (2.6773e-01)	Loss Disc 6.8955e-01 (6.8868e-01)	Loss Pred 5.0313e-01 (4.6003e-01)	Loss TOTAL 9.0344e-01 (8.5516e-01)
Epoch: [38][ 30/140]	L_Src_Sup 1.8413e-01 (1.8696e-01)	L_Trg_Inj 3.4285e-01 (2.7083e-01)	Loss Disc 6.8863e-01 (6.8899e-01)	Loss Pred 4.9876e-01 (4.6101e-01)	Loss TOTAL 8.9578e-01 (8.5804e-01)
Epoch: [38][ 40/140]	L_Src_Sup 1.7180e-01 (1.8763e-01)	L_Trg_Inj 3.5758e-01 (2.8095e-01)	Loss Disc 6.8578e-01 (6.8833e-01)	Loss Pred 4.3957e-01 (4.6178e-01)	Loss TOTAL 8.3540e-01 (8.5857e-01)
Epoch: [38][ 50/140]	L_Src_Sup 2.7722e-01 (1.8820e-01)	L_Trg_Inj 3.5822e-01 (2.8755e-01)	Loss Disc 6.8578e-01 (6.8820e-01)	Loss Pred 4.5867e-01 (4.6242e-01)	Loss TOTAL 8.6510e-01 (8.5871e-01)
Epoch: [38][ 60/140]	L_Src_Sup 2.7354e-01 (1.9097e-01)	L_Trg_Inj 2.1666e-01 (2.8976e-01)	Loss Disc 6.8871e-01 (6.8812e-01)	Loss Pred 4.5230e-01 (4.6222e-01)	Loss TOTAL 9.0256e-01 (8.5917e-01)
Epoch: [38][ 70/140]	L_Src_Sup 2.5002e-01 (1.9055e-01)	L_Trg_Inj 2.0135e-01 (2.9094e-01)	Loss Disc 6.8779e-01 (6.8813e-01)	Loss Pred 4.3344e-01 (4.6164e-01)	Loss TOTAL 8.7115e-01 (8.5866e-01)
Epoch: [38][ 80/140]	L_Src_Sup 2.0514e-01 (1.9046e-01)	L_Trg_Inj 2.7854e-01 (2.8982e-01)	Loss Disc 6.8694e-01 (6.8814e-01)	Loss Pred 4.5215e-01 (4.6278e-01)	Loss TOTAL 8.4399e-01 (8.5909e-01)
Epoch: [38][ 90/140]	L_Src_Sup 1.1972e-01 (1.8983e-01)	L_Trg_Inj 2.2372e-01 (2.9186e-01)	Loss Disc 6.8917e-01 (6.8823e-01)	Loss Pred 4.5219e-01 (4.6373e-01)	Loss TOTAL 8.3112e-01 (8.5976e-01)
Epoch: [38][100/140]	L_Src_Sup 1.9488e-01 (1.9037e-01)	L_Trg_Inj 3.9811e-01 (2.9335e-01)	Loss Disc 6.8726e-01 (6.8825e-01)	Loss Pred 4.7840e-01 (4.6392e-01)	Loss TOTAL 8.8133e-01 (8.6085e-01)
Epoch: [38][110/140]	L_Src_Sup 1.9141e-01 (1.9229e-01)	L_Trg_Inj 3.4336e-01 (2.9304e-01)	Loss Disc 6.8752e-01 (6.8831e-01)	Loss Pred 4.6559e-01 (4.6335e-01)	Loss TOTAL 8.6282e-01 (8.6058e-01)
Epoch: [38][120/140]	L_Src_Sup 2.5000e-01 (1.9196e-01)	L_Trg_Inj 3.2318e-01 (2.9287e-01)	Loss Disc 6.8866e-01 (6.8827e-01)	Loss Pred 4.8408e-01 (4.6360e-01)	Loss TOTAL 8.8573e-01 (8.6039e-01)
Epoch: [38][130/140]	L_Src_Sup 1.8490e-01 (1.9259e-01)	L_Trg_Inj 3.2084e-01 (2.9491e-01)	Loss Disc 6.8621e-01 (6.8832e-01)	Loss Pred 4.3950e-01 (4.6469e-01)	Loss TOTAL 8.3317e-01 (8.6144e-01)
Epoch: [38][140/140]	L_Src_Sup 2.4784e-01 (1.9199e-01)	L_Trg_Inj 2.6183e-01 (2.9292e-01)	Loss Disc 6.8985e-01 (6.8832e-01)	Loss Pred 4.7786e-01 (4.6449e-01)	Loss TOTAL 8.7375e-01 (8.6101e-01)
Epoch: [38][140/140]	L_Src_Sup 2.4784e-01 (1.9199e-01)	L_Trg_Inj 2.6183e-01 (2.9292e-01)	Loss Disc 6.8985e-01 (6.8832e-01)	Loss Pred 4.7786e-01 (4.6449e-01)	Loss TOTAL 8.7375e-01 (8.6101e-01)
Epoch 38 complete. Saving model state...
Epoch: [39][ 10/140]	L_Src_Sup 1.8842e-01 (1.6977e-01)	L_Trg_Inj 2.9308e-01 (2.8480e-01)	Loss Disc 6.8764e-01 (6.8823e-01)	Loss Pred 4.5178e-01 (4.6439e-01)	Loss TOTAL 8.4376e-01 (8.5396e-01)
Epoch: [39][ 20/140]	L_Src_Sup 1.7021e-01 (1.9723e-01)	L_Trg_Inj 2.5303e-01 (2.9205e-01)	Loss Disc 6.9012e-01 (6.8802e-01)	Loss Pred 5.3498e-01 (4.7189e-01)	Loss TOTAL 9.2236e-01 (8.8553e-01)
Epoch: [39][ 30/140]	L_Src_Sup 1.7510e-01 (1.9444e-01)	L_Trg_Inj 3.1113e-01 (2.9958e-01)	Loss Disc 6.8190e-01 (6.8734e-01)	Loss Pred 4.5892e-01 (4.7807e-01)	Loss TOTAL 8.4849e-01 (8.8613e-01)
Epoch: [39][ 40/140]	L_Src_Sup 1.6142e-01 (2.0453e-01)	L_Trg_Inj 3.0618e-01 (2.9815e-01)	Loss Disc 6.9000e-01 (6.8696e-01)	Loss Pred 4.8063e-01 (4.7750e-01)	Loss TOTAL 8.7239e-01 (8.8406e-01)
Epoch: [39][ 50/140]	L_Src_Sup 1.9963e-01 (2.0536e-01)	L_Trg_Inj 2.4306e-01 (2.9515e-01)	Loss Disc 6.8815e-01 (6.8712e-01)	Loss Pred 4.9251e-01 (4.7607e-01)	Loss TOTAL 8.8085e-01 (8.8014e-01)
Epoch: [39][ 60/140]	L_Src_Sup 2.1897e-01 (2.0576e-01)	L_Trg_Inj 2.9093e-01 (2.9098e-01)	Loss Disc 6.8987e-01 (6.8740e-01)	Loss Pred 4.9878e-01 (4.7632e-01)	Loss TOTAL 8.9471e-01 (8.7864e-01)
Epoch: [39][ 70/140]	L_Src_Sup 2.8384e-01 (2.0362e-01)	L_Trg_Inj 2.3299e-01 (2.9016e-01)	Loss Disc 6.9059e-01 (6.8742e-01)	Loss Pred 4.7964e-01 (4.7338e-01)	Loss TOTAL 9.2747e-01 (8.7569e-01)
Epoch: [39][ 80/140]	L_Src_Sup 3.1048e-01 (2.0496e-01)	L_Trg_Inj 2.8016e-01 (2.9089e-01)	Loss Disc 6.8857e-01 (6.8752e-01)	Loss Pred 4.6124e-01 (4.7244e-01)	Loss TOTAL 8.9492e-01 (8.7499e-01)
Epoch: [39][ 90/140]	L_Src_Sup 1.6812e-01 (2.0407e-01)	L_Trg_Inj 2.9284e-01 (2.9103e-01)	Loss Disc 6.8583e-01 (6.8756e-01)	Loss Pred 4.4138e-01 (4.7124e-01)	Loss TOTAL 8.3039e-01 (8.7281e-01)
Epoch: [39][100/140]	L_Src_Sup 3.3339e-01 (2.0847e-01)	L_Trg_Inj 3.4223e-01 (2.9189e-01)	Loss Disc 6.8874e-01 (6.8759e-01)	Loss Pred 4.7317e-01 (4.7054e-01)	Loss TOTAL 8.8510e-01 (8.7192e-01)
Epoch: [39][110/140]	L_Src_Sup 1.0257e-01 (2.0606e-01)	L_Trg_Inj 2.8330e-01 (2.8997e-01)	Loss Disc 6.8429e-01 (6.8759e-01)	Loss Pred 4.5393e-01 (4.6932e-01)	Loss TOTAL 8.3466e-01 (8.7009e-01)
Epoch: [39][120/140]	L_Src_Sup 1.9299e-01 (2.0653e-01)	L_Trg_Inj 2.1768e-01 (2.8853e-01)	Loss Disc 6.8759e-01 (6.8769e-01)	Loss Pred 4.7279e-01 (4.6945e-01)	Loss TOTAL 8.5765e-01 (8.7102e-01)
Epoch: [39][130/140]	L_Src_Sup 1.1966e-01 (2.0547e-01)	L_Trg_Inj 2.1984e-01 (2.9071e-01)	Loss Disc 6.9202e-01 (6.8763e-01)	Loss Pred 4.5421e-01 (4.6807e-01)	Loss TOTAL 8.3417e-01 (8.6909e-01)
Epoch: [39][140/140]	L_Src_Sup 2.2414e-01 (2.0581e-01)	L_Trg_Inj 2.9556e-01 (2.9310e-01)	Loss Disc 6.8948e-01 (6.8759e-01)	Loss Pred 4.6030e-01 (4.6776e-01)	Loss TOTAL 8.5701e-01 (8.6849e-01)
Epoch: [39][140/140]	L_Src_Sup 2.2414e-01 (2.0581e-01)	L_Trg_Inj 2.9556e-01 (2.9310e-01)	Loss Disc 6.8948e-01 (6.8759e-01)	Loss Pred 4.6030e-01 (4.6776e-01)	Loss TOTAL 8.5701e-01 (8.6849e-01)
Epoch 39 complete. Saving model state...
Epoch: [40][ 10/140]	L_Src_Sup 1.7699e-01 (2.2243e-01)	L_Trg_Inj 2.8734e-01 (2.8591e-01)	Loss Disc 6.9022e-01 (6.8765e-01)	Loss Pred 4.7878e-01 (4.5817e-01)	Loss TOTAL 8.7032e-01 (8.7026e-01)
Epoch: [40][ 20/140]	L_Src_Sup 1.6260e-01 (1.8766e-01)	L_Trg_Inj 3.5709e-01 (3.0612e-01)	Loss Disc 6.8178e-01 (6.8716e-01)	Loss Pred 4.1583e-01 (4.6087e-01)	Loss TOTAL 8.0869e-01 (8.6255e-01)
Epoch: [40][ 30/140]	L_Src_Sup 2.4871e-01 (2.0007e-01)	L_Trg_Inj 1.6846e-01 (3.0355e-01)	Loss Disc 6.9399e-01 (6.8775e-01)	Loss Pred 4.9752e-01 (4.6514e-01)	Loss TOTAL 9.6649e-01 (8.6786e-01)
Epoch: [40][ 40/140]	L_Src_Sup 1.7699e-01 (1.9723e-01)	L_Trg_Inj 3.1098e-01 (2.9950e-01)	Loss Disc 6.8755e-01 (6.8789e-01)	Loss Pred 4.7864e-01 (4.6301e-01)	Loss TOTAL 8.7122e-01 (8.6315e-01)
Epoch: [40][ 50/140]	L_Src_Sup 1.5385e-01 (1.9395e-01)	L_Trg_Inj 2.6328e-01 (2.9613e-01)	Loss Disc 6.8511e-01 (6.8804e-01)	Loss Pred 4.5324e-01 (4.6450e-01)	Loss TOTAL 8.3751e-01 (8.6275e-01)
Epoch: [40][ 60/140]	L_Src_Sup 1.4286e-01 (1.9583e-01)	L_Trg_Inj 2.2136e-01 (2.9864e-01)	Loss Disc 6.8818e-01 (6.8772e-01)	Loss Pred 4.8505e-01 (4.6536e-01)	Loss TOTAL 8.6556e-01 (8.6302e-01)
Epoch: [40][ 70/140]	L_Src_Sup 2.3214e-01 (1.9440e-01)	L_Trg_Inj 2.6230e-01 (2.9525e-01)	Loss Disc 6.9037e-01 (6.8784e-01)	Loss Pred 4.8485e-01 (4.6526e-01)	Loss TOTAL 8.7948e-01 (8.6190e-01)
Epoch: [40][ 80/140]	L_Src_Sup 3.0252e-01 (1.9723e-01)	L_Trg_Inj 2.1615e-01 (2.9016e-01)	Loss Disc 6.8680e-01 (6.8792e-01)	Loss Pred 4.4058e-01 (4.6534e-01)	Loss TOTAL 9.2221e-01 (8.6322e-01)
Epoch: [40][ 90/140]	L_Src_Sup 1.9131e-01 (1.9336e-01)	L_Trg_Inj 3.1017e-01 (2.9050e-01)	Loss Disc 6.8597e-01 (6.8789e-01)	Loss Pred 4.6681e-01 (4.6486e-01)	Loss TOTAL 8.5994e-01 (8.6180e-01)
Epoch: [40][100/140]	L_Src_Sup 1.3333e-01 (1.9518e-01)	L_Trg_Inj 2.2994e-01 (2.9092e-01)	Loss Disc 6.8761e-01 (6.8786e-01)	Loss Pred 4.3391e-01 (4.6407e-01)	Loss TOTAL 8.1404e-01 (8.6110e-01)
Epoch: [40][110/140]	L_Src_Sup 1.7097e-01 (1.9749e-01)	L_Trg_Inj 1.7150e-01 (2.8717e-01)	Loss Disc 6.8938e-01 (6.8802e-01)	Loss Pred 4.5312e-01 (4.6451e-01)	Loss TOTAL 8.3206e-01 (8.6334e-01)
Epoch: [40][120/140]	L_Src_Sup 8.5470e-02 (1.9659e-01)	L_Trg_Inj 2.6445e-01 (2.8629e-01)	Loss Disc 6.8615e-01 (6.8807e-01)	Loss Pred 4.5293e-01 (4.6460e-01)	Loss TOTAL 8.3100e-01 (8.6344e-01)
Epoch: [40][130/140]	L_Src_Sup 1.8821e-01 (1.9780e-01)	L_Trg_Inj 2.6006e-01 (2.8989e-01)	Loss Disc 6.8498e-01 (6.8792e-01)	Loss Pred 4.5306e-01 (4.6406e-01)	Loss TOTAL 8.4038e-01 (8.6288e-01)
Epoch: [40][140/140]	L_Src_Sup 2.2034e-01 (2.0071e-01)	L_Trg_Inj 2.4518e-01 (2.9033e-01)	Loss Disc 6.9011e-01 (6.8800e-01)	Loss Pred 4.4675e-01 (4.6493e-01)	Loss TOTAL 8.3836e-01 (8.6441e-01)
Epoch: [40][140/140]	L_Src_Sup 2.2034e-01 (2.0071e-01)	L_Trg_Inj 2.4518e-01 (2.9033e-01)	Loss Disc 6.9011e-01 (6.8800e-01)	Loss Pred 4.4675e-01 (4.6493e-01)	Loss TOTAL 8.3836e-01 (8.6441e-01)
Epoch 40 complete. Saving model state...
Epoch: [41][ 10/140]	L_Src_Sup 2.1053e-01 (1.9066e-01)	L_Trg_Inj 2.7780e-01 (2.9905e-01)	Loss Disc 6.8877e-01 (6.8912e-01)	Loss Pred 4.7179e-01 (4.7561e-01)	Loss TOTAL 8.6501e-01 (8.6914e-01)
Epoch: [41][ 20/140]	L_Src_Sup 2.8571e-01 (2.0659e-01)	L_Trg_Inj 2.8439e-01 (3.1213e-01)	Loss Disc 6.8909e-01 (6.8795e-01)	Loss Pred 4.8457e-01 (4.6490e-01)	Loss TOTAL 8.8745e-01 (8.6561e-01)
Epoch: [41][ 30/140]	L_Src_Sup 3.3616e-01 (2.1966e-01)	L_Trg_Inj 3.2603e-01 (3.0177e-01)	Loss Disc 6.8478e-01 (6.8824e-01)	Loss Pred 4.4051e-01 (4.6388e-01)	Loss TOTAL 8.5924e-01 (8.6601e-01)
Epoch: [41][ 40/140]	L_Src_Sup 2.2414e-01 (2.1674e-01)	L_Trg_Inj 2.3318e-01 (2.9677e-01)	Loss Disc 6.8964e-01 (6.8830e-01)	Loss Pred 4.5884e-01 (4.6317e-01)	Loss TOTAL 8.4939e-01 (8.6554e-01)
Epoch: [41][ 50/140]	L_Src_Sup 1.2281e-01 (2.0890e-01)	L_Trg_Inj 2.8900e-01 (2.9780e-01)	Loss Disc 6.8633e-01 (6.8813e-01)	Loss Pred 4.7145e-01 (4.6488e-01)	Loss TOTAL 8.5579e-01 (8.6511e-01)
Epoch: [41][ 60/140]	L_Src_Sup 2.0168e-01 (2.1115e-01)	L_Trg_Inj 3.4079e-01 (2.9745e-01)	Loss Disc 6.8768e-01 (6.8792e-01)	Loss Pred 4.4041e-01 (4.6347e-01)	Loss TOTAL 8.3849e-01 (8.6584e-01)
Epoch: [41][ 70/140]	L_Src_Sup 1.8644e-01 (2.0893e-01)	L_Trg_Inj 2.9583e-01 (2.9950e-01)	Loss Disc 6.8504e-01 (6.8799e-01)	Loss Pred 4.4640e-01 (4.6330e-01)	Loss TOTAL 8.3715e-01 (8.6460e-01)
Epoch: [41][ 80/140]	L_Src_Sup 1.8488e-01 (2.0818e-01)	L_Trg_Inj 3.5001e-01 (2.9646e-01)	Loss Disc 6.8667e-01 (6.8803e-01)	Loss Pred 4.3988e-01 (4.6228e-01)	Loss TOTAL 8.3670e-01 (8.6431e-01)
Epoch: [41][ 90/140]	L_Src_Sup 1.9131e-01 (2.0900e-01)	L_Trg_Inj 3.3284e-01 (2.9496e-01)	Loss Disc 6.8625e-01 (6.8801e-01)	Loss Pred 4.6521e-01 (4.6318e-01)	Loss TOTAL 8.6075e-01 (8.6552e-01)
Epoch: [41][100/140]	L_Src_Sup 1.3334e-01 (2.1051e-01)	L_Trg_Inj 3.0945e-01 (2.9635e-01)	Loss Disc 6.8331e-01 (6.8808e-01)	Loss Pred 4.3393e-01 (4.6327e-01)	Loss TOTAL 8.1986e-01 (8.6732e-01)
Epoch: [41][110/140]	L_Src_Sup 1.2904e-01 (2.1027e-01)	L_Trg_Inj 2.1797e-01 (2.9668e-01)	Loss Disc 6.8436e-01 (6.8820e-01)	Loss Pred 4.0824e-01 (4.6419e-01)	Loss TOTAL 7.8512e-01 (8.6834e-01)
Epoch: [41][120/140]	L_Src_Sup 1.6073e-01 (2.0992e-01)	L_Trg_Inj 2.8165e-01 (2.9884e-01)	Loss Disc 6.8773e-01 (6.8810e-01)	Loss Pred 4.8460e-01 (4.6423e-01)	Loss TOTAL 8.7271e-01 (8.6774e-01)
Epoch: [41][130/140]	L_Src_Sup 3.1933e-01 (2.0854e-01)	L_Trg_Inj 3.2733e-01 (2.9744e-01)	Loss Disc 6.8754e-01 (6.8815e-01)	Loss Pred 4.4042e-01 (4.6465e-01)	Loss TOTAL 8.4885e-01 (8.6724e-01)
Epoch: [41][140/140]	L_Src_Sup 1.4415e-01 (2.0834e-01)	L_Trg_Inj 3.1332e-01 (2.9600e-01)	Loss Disc 6.8885e-01 (6.8813e-01)	Loss Pred 4.9070e-01 (4.6475e-01)	Loss TOTAL 8.8087e-01 (8.6661e-01)
Epoch: [41][140/140]	L_Src_Sup 1.4415e-01 (2.0834e-01)	L_Trg_Inj 3.1332e-01 (2.9600e-01)	Loss Disc 6.8885e-01 (6.8813e-01)	Loss Pred 4.9070e-01 (4.6475e-01)	Loss TOTAL 8.8087e-01 (8.6661e-01)
Epoch 41 complete. Saving model state...
Epoch: [42][ 10/140]	L_Src_Sup 1.4286e-01 (1.9789e-01)	L_Trg_Inj 3.2816e-01 (3.0806e-01)	Loss Disc 6.8796e-01 (6.8730e-01)	Loss Pred 4.8433e-01 (4.6399e-01)	Loss TOTAL 8.7541e-01 (8.5823e-01)
Epoch: [42][ 20/140]	L_Src_Sup 1.6006e-01 (1.9589e-01)	L_Trg_Inj 2.4814e-01 (3.0640e-01)	Loss Disc 6.9214e-01 (6.8725e-01)	Loss Pred 4.8447e-01 (4.6273e-01)	Loss TOTAL 8.7136e-01 (8.5658e-01)
Epoch: [42][ 30/140]	L_Src_Sup 1.7393e-01 (1.8973e-01)	L_Trg_Inj 3.5671e-01 (2.9177e-01)	Loss Disc 6.8712e-01 (6.8756e-01)	Loss Pred 4.6528e-01 (4.6299e-01)	Loss TOTAL 8.6190e-01 (8.5863e-01)
Epoch: [42][ 40/140]	L_Src_Sup 2.1849e-01 (1.9211e-01)	L_Trg_Inj 1.5503e-01 (2.9230e-01)	Loss Disc 6.9015e-01 (6.8766e-01)	Loss Pred 4.3978e-01 (4.6274e-01)	Loss TOTAL 8.8568e-01 (8.6034e-01)
Epoch: [42][ 50/140]	L_Src_Sup 2.0339e-01 (1.9330e-01)	L_Trg_Inj 3.1087e-01 (2.8815e-01)	Loss Disc 6.8808e-01 (6.8811e-01)	Loss Pred 4.4616e-01 (4.6461e-01)	Loss TOTAL 8.4162e-01 (8.6215e-01)
Epoch: [42][ 60/140]	L_Src_Sup 2.1622e-01 (1.9495e-01)	L_Trg_Inj 2.6377e-01 (2.8824e-01)	Loss Disc 6.8721e-01 (6.8804e-01)	Loss Pred 4.9057e-01 (4.6449e-01)	Loss TOTAL 8.8217e-01 (8.6162e-01)
Epoch: [42][ 70/140]	L_Src_Sup 1.2281e-01 (1.9637e-01)	L_Trg_Inj 3.6804e-01 (2.9252e-01)	Loss Disc 6.8717e-01 (6.8795e-01)	Loss Pred 4.7160e-01 (4.6349e-01)	Loss TOTAL 8.6427e-01 (8.6046e-01)
Epoch: [42][ 80/140]	L_Src_Sup 2.1240e-01 (1.9583e-01)	L_Trg_Inj 2.4718e-01 (2.8964e-01)	Loss Disc 6.9130e-01 (6.8797e-01)	Loss Pred 4.7782e-01 (4.6369e-01)	Loss TOTAL 8.6943e-01 (8.6171e-01)
Epoch: [42][ 90/140]	L_Src_Sup 2.1667e-01 (1.9491e-01)	L_Trg_Inj 2.6228e-01 (2.8697e-01)	Loss Disc 6.8719e-01 (6.8811e-01)	Loss Pred 4.3325e-01 (4.6391e-01)	Loss TOTAL 8.2473e-01 (8.6110e-01)
Epoch: [42][100/140]	L_Src_Sup 1.8969e-01 (1.9481e-01)	L_Trg_Inj 3.6765e-01 (2.8768e-01)	Loss Disc 6.8787e-01 (6.8807e-01)	Loss Pred 4.5872e-01 (4.6371e-01)	Loss TOTAL 8.5839e-01 (8.6064e-01)
Epoch: [42][110/140]	L_Src_Sup 1.3913e-01 (1.9525e-01)	L_Trg_Inj 3.0754e-01 (2.8717e-01)	Loss Disc 6.8764e-01 (6.8807e-01)	Loss Pred 4.6497e-01 (4.6366e-01)	Loss TOTAL 8.5345e-01 (8.6036e-01)
Epoch: [42][120/140]	L_Src_Sup 3.2760e-01 (1.9660e-01)	L_Trg_Inj 2.0212e-01 (2.8690e-01)	Loss Disc 6.8978e-01 (6.8813e-01)	Loss Pred 4.5862e-01 (4.6483e-01)	Loss TOTAL 9.8196e-01 (8.6367e-01)
Epoch: [42][130/140]	L_Src_Sup 2.7121e-01 (1.9854e-01)	L_Trg_Inj 3.2702e-01 (2.8811e-01)	Loss Disc 6.8627e-01 (6.8807e-01)	Loss Pred 4.4617e-01 (4.6436e-01)	Loss TOTAL 8.4913e-01 (8.6432e-01)
Epoch: [42][140/140]	L_Src_Sup 1.8804e-01 (1.9722e-01)	L_Trg_Inj 2.8031e-01 (2.8666e-01)	Loss Disc 6.8716e-01 (6.8808e-01)	Loss Pred 4.5249e-01 (4.6450e-01)	Loss TOTAL 8.4291e-01 (8.6429e-01)
Epoch: [42][140/140]	L_Src_Sup 1.8804e-01 (1.9722e-01)	L_Trg_Inj 2.8031e-01 (2.8666e-01)	Loss Disc 6.8716e-01 (6.8808e-01)	Loss Pred 4.5249e-01 (4.6450e-01)	Loss TOTAL 8.4291e-01 (8.6429e-01)
Epoch 42 complete. Saving model state...
Epoch: [43][ 10/140]	L_Src_Sup 2.4561e-01 (2.1857e-01)	L_Trg_Inj 3.6000e-01 (3.2530e-01)	Loss Disc 6.8991e-01 (6.8745e-01)	Loss Pred 4.7147e-01 (4.6443e-01)	Loss TOTAL 8.7699e-01 (8.6841e-01)
Epoch: [43][ 20/140]	L_Src_Sup 1.8182e-01 (2.1324e-01)	L_Trg_Inj 2.9602e-01 (3.0928e-01)	Loss Disc 6.8770e-01 (6.8770e-01)	Loss Pred 4.2700e-01 (4.6001e-01)	Loss TOTAL 8.1863e-01 (8.6365e-01)
Epoch: [43][ 30/140]	L_Src_Sup 2.3729e-01 (2.0807e-01)	L_Trg_Inj 3.1405e-01 (3.0860e-01)	Loss Disc 6.8525e-01 (6.8756e-01)	Loss Pred 4.4594e-01 (4.6001e-01)	Loss TOTAL 8.4370e-01 (8.6049e-01)
Epoch: [43][ 40/140]	L_Src_Sup 2.4562e-01 (2.0366e-01)	L_Trg_Inj 2.0252e-01 (2.9843e-01)	Loss Disc 6.9204e-01 (6.8787e-01)	Loss Pred 4.7140e-01 (4.6183e-01)	Loss TOTAL 9.0533e-01 (8.6327e-01)
Epoch: [43][ 50/140]	L_Src_Sup 2.7590e-01 (2.0649e-01)	L_Trg_Inj 3.3804e-01 (3.0007e-01)	Loss Disc 6.8856e-01 (6.8774e-01)	Loss Pred 4.5863e-01 (4.6142e-01)	Loss TOTAL 8.6430e-01 (8.6200e-01)
Epoch: [43][ 60/140]	L_Src_Sup 1.7546e-01 (2.0284e-01)	L_Trg_Inj 2.9780e-01 (2.9730e-01)	Loss Disc 6.8856e-01 (6.8784e-01)	Loss Pred 4.7131e-01 (4.6196e-01)	Loss TOTAL 8.6292e-01 (8.6144e-01)
Epoch: [43][ 70/140]	L_Src_Sup 2.5455e-01 (2.0199e-01)	L_Trg_Inj 2.9635e-01 (2.9601e-01)	Loss Disc 6.9035e-01 (6.8776e-01)	Loss Pred 4.9633e-01 (4.6249e-01)	Loss TOTAL 8.9660e-01 (8.6163e-01)
Epoch: [43][ 80/140]	L_Src_Sup 1.5126e-01 (1.9929e-01)	L_Trg_Inj 4.0533e-01 (2.9675e-01)	Loss Disc 6.8699e-01 (6.8778e-01)	Loss Pred 4.3964e-01 (4.6328e-01)	Loss TOTAL 8.3880e-01 (8.6180e-01)
Epoch: [43][ 90/140]	L_Src_Sup 9.0911e-02 (1.9713e-01)	L_Trg_Inj 3.2743e-01 (2.9489e-01)	Loss Disc 6.9073e-01 (6.8786e-01)	Loss Pred 4.9680e-01 (4.6370e-01)	Loss TOTAL 8.8400e-01 (8.6129e-01)
Epoch: [43][100/140]	L_Src_Sup 1.2175e-01 (1.9869e-01)	L_Trg_Inj 2.6491e-01 (2.9246e-01)	Loss Disc 6.8804e-01 (6.8794e-01)	Loss Pred 4.6486e-01 (4.6345e-01)	Loss TOTAL 8.4755e-01 (8.6258e-01)
Epoch: [43][110/140]	L_Src_Sup 1.8335e-01 (1.9855e-01)	L_Trg_Inj 2.3374e-01 (2.8950e-01)	Loss Disc 6.8815e-01 (6.8795e-01)	Loss Pred 4.3335e-01 (4.6325e-01)	Loss TOTAL 8.1914e-01 (8.6187e-01)
Epoch: [43][120/140]	L_Src_Sup 2.7588e-01 (1.9830e-01)	L_Trg_Inj 3.6305e-01 (2.8997e-01)	Loss Disc 6.8910e-01 (6.8801e-01)	Loss Pred 4.5873e-01 (4.6388e-01)	Loss TOTAL 8.6717e-01 (8.6242e-01)
Epoch: [43][130/140]	L_Src_Sup 1.6951e-01 (1.9650e-01)	L_Trg_Inj 2.8008e-01 (2.9205e-01)	Loss Disc 6.8653e-01 (6.8802e-01)	Loss Pred 4.4593e-01 (4.6387e-01)	Loss TOTAL 8.3416e-01 (8.6257e-01)
Epoch: [43][140/140]	L_Src_Sup 1.9132e-01 (1.9733e-01)	L_Trg_Inj 2.5738e-01 (2.9345e-01)	Loss Disc 6.8723e-01 (6.8797e-01)	Loss Pred 4.6518e-01 (4.6459e-01)	Loss TOTAL 8.5366e-01 (8.6307e-01)
Epoch: [43][140/140]	L_Src_Sup 1.9132e-01 (1.9733e-01)	L_Trg_Inj 2.5738e-01 (2.9345e-01)	Loss Disc 6.8723e-01 (6.8797e-01)	Loss Pred 4.6518e-01 (4.6459e-01)	Loss TOTAL 8.5366e-01 (8.6307e-01)
Epoch 43 complete. Saving model state...
Epoch: [44][ 10/140]	L_Src_Sup 1.8656e-01 (2.1395e-01)	L_Trg_Inj 3.0673e-01 (3.0406e-01)	Loss Disc 6.8782e-01 (6.8909e-01)	Loss Pred 4.4650e-01 (4.6800e-01)	Loss TOTAL 8.3974e-01 (8.7486e-01)
Epoch: [44][ 20/140]	L_Src_Sup 8.6957e-02 (1.9559e-01)	L_Trg_Inj 3.8776e-01 (3.0146e-01)	Loss Disc 6.8402e-01 (6.8830e-01)	Loss Pred 4.6514e-01 (4.6747e-01)	Loss TOTAL 8.5462e-01 (8.6917e-01)
Epoch: [44][ 30/140]	L_Src_Sup 8.6217e-02 (1.9310e-01)	L_Trg_Inj 3.2273e-01 (3.0012e-01)	Loss Disc 6.8441e-01 (6.8802e-01)	Loss Pred 4.6025e-01 (4.6636e-01)	Loss TOTAL 8.4335e-01 (8.6514e-01)
Epoch: [44][ 40/140]	L_Src_Sup 1.0909e-01 (1.9083e-01)	L_Trg_Inj 1.9760e-01 (2.9374e-01)	Loss Disc 6.9038e-01 (6.8836e-01)	Loss Pred 4.9681e-01 (4.6746e-01)	Loss TOTAL 8.7267e-01 (8.6516e-01)
Epoch: [44][ 50/140]	L_Src_Sup 1.4160e-01 (1.9038e-01)	L_Trg_Inj 2.8087e-01 (2.9031e-01)	Loss Disc 6.9008e-01 (6.8863e-01)	Loss Pred 4.7767e-01 (4.6799e-01)	Loss TOTAL 8.6496e-01 (8.6733e-01)
Epoch: [44][ 60/140]	L_Src_Sup 2.4564e-01 (1.9309e-01)	L_Trg_Inj 2.3880e-01 (2.9145e-01)	Loss Disc 6.8887e-01 (6.8845e-01)	Loss Pred 4.7087e-01 (4.6761e-01)	Loss TOTAL 8.7059e-01 (8.6632e-01)
Epoch: [44][ 70/140]	L_Src_Sup 2.4562e-01 (1.9293e-01)	L_Trg_Inj 2.3398e-01 (2.9468e-01)	Loss Disc 6.8419e-01 (6.8834e-01)	Loss Pred 4.7140e-01 (4.6672e-01)	Loss TOTAL 8.7309e-01 (8.6510e-01)
Epoch: [44][ 80/140]	L_Src_Sup 1.9300e-01 (1.9465e-01)	L_Trg_Inj 3.5313e-01 (2.9822e-01)	Loss Disc 6.8593e-01 (6.8811e-01)	Loss Pred 4.7193e-01 (4.6470e-01)	Loss TOTAL 8.6951e-01 (8.6281e-01)
Epoch: [44][ 90/140]	L_Src_Sup 1.5518e-01 (1.9549e-01)	L_Trg_Inj 3.1581e-01 (3.0008e-01)	Loss Disc 6.8730e-01 (6.8812e-01)	Loss Pred 4.5893e-01 (4.6473e-01)	Loss TOTAL 8.4969e-01 (8.6451e-01)
Epoch: [44][100/140]	L_Src_Sup 1.7095e-01 (1.9331e-01)	L_Trg_Inj 2.6106e-01 (2.9928e-01)	Loss Disc 6.8873e-01 (6.8814e-01)	Loss Pred 4.5234e-01 (4.6514e-01)	Loss TOTAL 8.3990e-01 (8.6413e-01)
Epoch: [44][110/140]	L_Src_Sup 1.6082e-01 (1.9393e-01)	L_Trg_Inj 4.0630e-01 (3.0056e-01)	Loss Disc 6.8817e-01 (6.8816e-01)	Loss Pred 4.8402e-01 (4.6514e-01)	Loss TOTAL 8.8481e-01 (8.6463e-01)
Epoch: [44][120/140]	L_Src_Sup 3.2480e-01 (1.9639e-01)	L_Trg_Inj 3.5206e-01 (2.9836e-01)	Loss Disc 6.8351e-01 (6.8820e-01)	Loss Pred 4.5219e-01 (4.6524e-01)	Loss TOTAL 8.6163e-01 (8.6581e-01)
Epoch: [44][130/140]	L_Src_Sup 1.3914e-01 (1.9479e-01)	L_Trg_Inj 3.5448e-01 (3.0025e-01)	Loss Disc 6.8871e-01 (6.8819e-01)	Loss Pred 4.6498e-01 (4.6488e-01)	Loss TOTAL 8.5870e-01 (8.6531e-01)
Epoch: [44][140/140]	L_Src_Sup 2.8320e-01 (1.9661e-01)	L_Trg_Inj 3.6801e-01 (3.0216e-01)	Loss Disc 6.9015e-01 (6.8814e-01)	Loss Pred 4.7772e-01 (4.6449e-01)	Loss TOTAL 8.8792e-01 (8.6478e-01)
Epoch: [44][140/140]	L_Src_Sup 2.8320e-01 (1.9661e-01)	L_Trg_Inj 3.6801e-01 (3.0216e-01)	Loss Disc 6.9015e-01 (6.8814e-01)	Loss Pred 4.7772e-01 (4.6449e-01)	Loss TOTAL 8.8792e-01 (8.6478e-01)
Epoch 44 complete. Saving model state...
Epoch: [45][ 10/140]	L_Src_Sup 1.7510e-01 (2.0608e-01)	L_Trg_Inj 4.4491e-01 (3.0946e-01)	Loss Disc 6.7980e-01 (6.8737e-01)	Loss Pred 4.6516e-01 (4.6360e-01)	Loss TOTAL 8.6707e-01 (8.6066e-01)
Epoch: [45][ 20/140]	L_Src_Sup 1.6996e-01 (1.9514e-01)	L_Trg_Inj 2.1864e-01 (3.0224e-01)	Loss Disc 6.9175e-01 (6.8758e-01)	Loss Pred 4.4665e-01 (4.6690e-01)	Loss TOTAL 8.3138e-01 (8.6447e-01)
Epoch: [45][ 30/140]	L_Src_Sup 2.1624e-01 (2.0325e-01)	L_Trg_Inj 3.2310e-01 (2.9769e-01)	Loss Disc 6.9007e-01 (6.8799e-01)	Loss Pred 4.9068e-01 (4.6863e-01)	Loss TOTAL 8.8964e-01 (8.6892e-01)
Epoch: [45][ 40/140]	L_Src_Sup 2.2235e-01 (1.9679e-01)	L_Trg_Inj 2.4993e-01 (2.9614e-01)	Loss Disc 6.9058e-01 (6.8803e-01)	Loss Pred 4.5244e-01 (4.6586e-01)	Loss TOTAL 8.4496e-01 (8.6382e-01)
Epoch: [45][ 50/140]	L_Src_Sup 2.3551e-01 (1.9641e-01)	L_Trg_Inj 3.2229e-01 (2.9169e-01)	Loss Disc 6.8880e-01 (6.8822e-01)	Loss Pred 4.3964e-01 (4.6445e-01)	Loss TOTAL 8.3982e-01 (8.6223e-01)
Epoch: [45][ 60/140]	L_Src_Sup 1.2411e-01 (2.0004e-01)	L_Trg_Inj 4.3871e-01 (2.9165e-01)	Loss Disc 6.8320e-01 (6.8819e-01)	Loss Pred 4.4013e-01 (4.6427e-01)	Loss TOTAL 8.3802e-01 (8.6292e-01)
Epoch: [45][ 70/140]	L_Src_Sup 1.6960e-01 (2.0017e-01)	L_Trg_Inj 2.6646e-01 (2.9156e-01)	Loss Disc 6.8680e-01 (6.8826e-01)	Loss Pred 4.4561e-01 (4.6404e-01)	Loss TOTAL 8.3262e-01 (8.6268e-01)
Epoch: [45][ 80/140]	L_Src_Sup 2.3011e-01 (2.0318e-01)	L_Trg_Inj 3.0708e-01 (2.9235e-01)	Loss Disc 6.8826e-01 (6.8822e-01)	Loss Pred 4.7772e-01 (4.6403e-01)	Loss TOTAL 8.7557e-01 (8.6311e-01)
Epoch: [45][ 90/140]	L_Src_Sup 2.2414e-01 (2.0255e-01)	L_Trg_Inj 3.8024e-01 (2.9441e-01)	Loss Disc 6.8516e-01 (6.8823e-01)	Loss Pred 4.5895e-01 (4.6429e-01)	Loss TOTAL 8.6197e-01 (8.6372e-01)
Epoch: [45][100/140]	L_Src_Sup 1.7243e-01 (2.0469e-01)	L_Trg_Inj 2.9299e-01 (2.9786e-01)	Loss Disc 6.8801e-01 (6.8812e-01)	Loss Pred 4.5867e-01 (4.6381e-01)	Loss TOTAL 8.4922e-01 (8.6318e-01)
Epoch: [45][110/140]	L_Src_Sup 1.4159e-01 (2.0621e-01)	L_Trg_Inj 2.9427e-01 (2.9505e-01)	Loss Disc 6.8687e-01 (6.8825e-01)	Loss Pred 4.7765e-01 (4.6422e-01)	Loss TOTAL 8.6466e-01 (8.6460e-01)
Epoch: [45][120/140]	L_Src_Sup 2.9566e-01 (2.0605e-01)	L_Trg_Inj 2.6495e-01 (2.9302e-01)	Loss Disc 6.8955e-01 (6.8828e-01)	Loss Pred 4.6472e-01 (4.6414e-01)	Loss TOTAL 8.9626e-01 (8.6427e-01)
Epoch: [45][130/140]	L_Src_Sup 2.4562e-01 (2.0307e-01)	L_Trg_Inj 2.9590e-01 (2.9155e-01)	Loss Disc 6.8726e-01 (6.8827e-01)	Loss Pred 4.7158e-01 (4.6417e-01)	Loss TOTAL 8.6936e-01 (8.6337e-01)
Epoch: [45][140/140]	L_Src_Sup 1.4416e-01 (2.0302e-01)	L_Trg_Inj 3.2971e-01 (2.9140e-01)	Loss Disc 6.9002e-01 (6.8830e-01)	Loss Pred 4.9062e-01 (4.6455e-01)	Loss TOTAL 8.8302e-01 (8.6407e-01)
Epoch: [45][140/140]	L_Src_Sup 1.4416e-01 (2.0302e-01)	L_Trg_Inj 3.2971e-01 (2.9140e-01)	Loss Disc 6.9002e-01 (6.8830e-01)	Loss Pred 4.9062e-01 (4.6455e-01)	Loss TOTAL 8.8302e-01 (8.6407e-01)
Epoch 45 complete. Saving model state...
Epoch: [46][ 10/140]	L_Src_Sup 1.7701e-01 (1.9339e-01)	L_Trg_Inj 2.2949e-01 (2.9251e-01)	Loss Disc 6.9172e-01 (6.8848e-01)	Loss Pred 4.7796e-01 (4.7211e-01)	Loss TOTAL 8.6447e-01 (8.6494e-01)
Epoch: [46][ 20/140]	L_Src_Sup 3.3902e-01 (2.0420e-01)	L_Trg_Inj 2.3395e-01 (2.7332e-01)	Loss Disc 6.8741e-01 (6.8907e-01)	Loss Pred 4.4585e-01 (4.6511e-01)	Loss TOTAL 9.5192e-01 (8.6483e-01)
Epoch: [46][ 30/140]	L_Src_Sup 2.3932e-01 (1.9961e-01)	L_Trg_Inj 3.8964e-01 (2.8750e-01)	Loss Disc 6.8650e-01 (6.8882e-01)	Loss Pred 4.5223e-01 (4.6574e-01)	Loss TOTAL 8.5838e-01 (8.6382e-01)
Epoch: [46][ 40/140]	L_Src_Sup 2.0188e-01 (1.9749e-01)	L_Trg_Inj 3.4078e-01 (2.9022e-01)	Loss Disc 6.9326e-01 (6.8870e-01)	Loss Pred 5.0302e-01 (4.6527e-01)	Loss TOTAL 9.0392e-01 (8.6211e-01)
Epoch: [46][ 50/140]	L_Src_Sup 2.0731e-01 (1.9391e-01)	L_Trg_Inj 2.3424e-01 (2.8729e-01)	Loss Disc 6.8780e-01 (6.8875e-01)	Loss Pred 4.9807e-01 (4.6669e-01)	Loss TOTAL 8.8612e-01 (8.6361e-01)
Epoch: [46][ 60/140]	L_Src_Sup 2.2891e-01 (1.9426e-01)	L_Trg_Inj 2.6547e-01 (2.8861e-01)	Loss Disc 6.8785e-01 (6.8870e-01)	Loss Pred 4.7188e-01 (4.6647e-01)	Loss TOTAL 8.6525e-01 (8.6279e-01)
Epoch: [46][ 70/140]	L_Src_Sup 1.0811e-01 (1.9385e-01)	L_Trg_Inj 2.9674e-01 (2.8664e-01)	Loss Disc 6.9319e-01 (6.8874e-01)	Loss Pred 4.9021e-01 (4.6573e-01)	Loss TOTAL 8.7729e-01 (8.6263e-01)
Epoch: [46][ 80/140]	L_Src_Sup 1.8803e-01 (1.9194e-01)	L_Trg_Inj 2.6630e-01 (2.8959e-01)	Loss Disc 6.8596e-01 (6.8848e-01)	Loss Pred 4.5250e-01 (4.6511e-01)	Loss TOTAL 8.4091e-01 (8.6141e-01)
Epoch: [46][ 90/140]	L_Src_Sup 2.1055e-01 (1.9476e-01)	L_Trg_Inj 2.7688e-01 (2.9141e-01)	Loss Disc 6.9080e-01 (6.8851e-01)	Loss Pred 4.7144e-01 (4.6606e-01)	Loss TOTAL 8.6559e-01 (8.6313e-01)
Epoch: [46][100/140]	L_Src_Sup 2.5863e-01 (1.9491e-01)	L_Trg_Inj 2.3410e-01 (2.9172e-01)	Loss Disc 6.8867e-01 (6.8843e-01)	Loss Pred 4.5819e-01 (4.6533e-01)	Loss TOTAL 8.7633e-01 (8.6258e-01)
Epoch: [46][110/140]	L_Src_Sup 1.9470e-01 (1.9709e-01)	L_Trg_Inj 1.8461e-01 (2.9272e-01)	Loss Disc 6.8994e-01 (6.8838e-01)	Loss Pred 4.7779e-01 (4.6508e-01)	Loss TOTAL 8.7078e-01 (8.6376e-01)
Epoch: [46][120/140]	L_Src_Sup 1.2500e-01 (1.9695e-01)	L_Trg_Inj 3.1394e-01 (2.9363e-01)	Loss Disc 6.9154e-01 (6.8838e-01)	Loss Pred 4.8414e-01 (4.6476e-01)	Loss TOTAL 8.7381e-01 (8.6306e-01)
Epoch: [46][130/140]	L_Src_Sup 1.5652e-01 (1.9551e-01)	L_Trg_Inj 2.4128e-01 (2.9465e-01)	Loss Disc 6.8943e-01 (6.8829e-01)	Loss Pred 4.6510e-01 (4.6498e-01)	Loss TOTAL 8.4960e-01 (8.6280e-01)
Epoch: [46][140/140]	L_Src_Sup 2.8585e-01 (1.9645e-01)	L_Trg_Inj 2.8013e-01 (2.9513e-01)	Loss Disc 6.9272e-01 (6.8830e-01)	Loss Pred 4.8443e-01 (4.6449e-01)	Loss TOTAL 8.9311e-01 (8.6220e-01)
Epoch: [46][140/140]	L_Src_Sup 2.8585e-01 (1.9645e-01)	L_Trg_Inj 2.8013e-01 (2.9513e-01)	Loss Disc 6.9272e-01 (6.8830e-01)	Loss Pred 4.8443e-01 (4.6449e-01)	Loss TOTAL 8.9311e-01 (8.6220e-01)
Epoch 46 complete. Saving model state...
Epoch: [47][ 10/140]	L_Src_Sup 2.4563e-01 (1.6711e-01)	L_Trg_Inj 3.3486e-01 (2.9721e-01)	Loss Disc 6.8547e-01 (6.8762e-01)	Loss Pred 4.7139e-01 (4.5751e-01)	Loss TOTAL 8.7218e-01 (8.4775e-01)
Epoch: [47][ 20/140]	L_Src_Sup 2.0514e-01 (1.9105e-01)	L_Trg_Inj 3.3795e-01 (2.9897e-01)	Loss Disc 6.8639e-01 (6.8820e-01)	Loss Pred 4.5253e-01 (4.5498e-01)	Loss TOTAL 8.5003e-01 (8.4808e-01)
Epoch: [47][ 30/140]	L_Src_Sup 2.2469e-01 (1.9668e-01)	L_Trg_Inj 4.4159e-01 (2.9414e-01)	Loss Disc 6.8760e-01 (6.8847e-01)	Loss Pred 4.5873e-01 (4.5642e-01)	Loss TOTAL 8.6916e-01 (8.5110e-01)
Epoch: [47][ 40/140]	L_Src_Sup 1.8246e-01 (2.0011e-01)	L_Trg_Inj 2.3372e-01 (2.9234e-01)	Loss Disc 6.9305e-01 (6.8853e-01)	Loss Pred 4.9688e-01 (4.6016e-01)	Loss TOTAL 8.8502e-01 (8.5485e-01)
Epoch: [47][ 50/140]	L_Src_Sup 2.2361e-01 (1.9963e-01)	L_Trg_Inj 3.5758e-01 (2.8836e-01)	Loss Disc 6.8715e-01 (6.8876e-01)	Loss Pred 4.5274e-01 (4.6115e-01)	Loss TOTAL 8.5444e-01 (8.5572e-01)
Epoch: [47][ 60/140]	L_Src_Sup 3.3760e-01 (2.0061e-01)	L_Trg_Inj 3.4191e-01 (2.8711e-01)	Loss Disc 6.8741e-01 (6.8882e-01)	Loss Pred 4.7934e-01 (4.6301e-01)	Loss TOTAL 8.9100e-01 (8.5924e-01)
Epoch: [47][ 70/140]	L_Src_Sup 1.9824e-01 (2.0176e-01)	L_Trg_Inj 3.1181e-01 (2.8856e-01)	Loss Disc 6.9001e-01 (6.8882e-01)	Loss Pred 4.9014e-01 (4.6379e-01)	Loss TOTAL 8.8615e-01 (8.6062e-01)
Epoch: [47][ 80/140]	L_Src_Sup 1.5391e-01 (2.0266e-01)	L_Trg_Inj 2.4859e-01 (2.9229e-01)	Loss Disc 6.8545e-01 (6.8880e-01)	Loss Pred 4.5241e-01 (4.6450e-01)	Loss TOTAL 8.3539e-01 (8.6187e-01)
Epoch: [47][ 90/140]	L_Src_Sup 1.9300e-01 (2.0058e-01)	L_Trg_Inj 2.6913e-01 (2.9346e-01)	Loss Disc 6.8983e-01 (6.8868e-01)	Loss Pred 4.7130e-01 (4.6428e-01)	Loss TOTAL 8.6242e-01 (8.6112e-01)
Epoch: [47][100/140]	L_Src_Sup 2.6324e-01 (1.9858e-01)	L_Trg_Inj 3.3511e-01 (2.9136e-01)	Loss Disc 6.9044e-01 (6.8872e-01)	Loss Pred 4.7106e-01 (4.6347e-01)	Loss TOTAL 8.7611e-01 (8.5961e-01)
Epoch: [47][110/140]	L_Src_Sup 1.8972e-01 (1.9926e-01)	L_Trg_Inj 3.9774e-01 (2.9177e-01)	Loss Disc 6.8315e-01 (6.8866e-01)	Loss Pred 4.7650e-01 (4.6580e-01)	Loss TOTAL 8.7681e-01 (8.6255e-01)
Epoch: [47][120/140]	L_Src_Sup 2.1150e-01 (2.0115e-01)	L_Trg_Inj 2.8950e-01 (2.9198e-01)	Loss Disc 6.8757e-01 (6.8847e-01)	Loss Pred 4.6930e-01 (4.6676e-01)	Loss TOTAL 8.6318e-01 (8.6402e-01)
Epoch: [47][130/140]	L_Src_Sup 2.4906e-01 (2.0172e-01)	L_Trg_Inj 2.5203e-01 (2.9072e-01)	Loss Disc 6.9085e-01 (6.8865e-01)	Loss Pred 4.7961e-01 (4.6741e-01)	Loss TOTAL 8.7514e-01 (8.6581e-01)
Epoch: [47][140/140]	L_Src_Sup 1.9334e-01 (2.0156e-01)	L_Trg_Inj 1.8670e-01 (2.8904e-01)	Loss Disc 6.8907e-01 (6.8868e-01)	Loss Pred 4.7280e-01 (4.6766e-01)	Loss TOTAL 8.6198e-01 (8.6624e-01)
Epoch: [47][140/140]	L_Src_Sup 1.9334e-01 (2.0156e-01)	L_Trg_Inj 1.8670e-01 (2.8904e-01)	Loss Disc 6.8907e-01 (6.8868e-01)	Loss Pred 4.7280e-01 (4.6766e-01)	Loss TOTAL 8.6198e-01 (8.6624e-01)
Epoch 47 complete. Saving model state...
Epoch: [48][ 10/140]	L_Src_Sup 2.7136e-01 (2.1844e-01)	L_Trg_Inj 3.2684e-01 (3.0941e-01)	Loss Disc 6.8630e-01 (6.8821e-01)	Loss Pred 4.4718e-01 (4.6921e-01)	Loss TOTAL 8.5015e-01 (8.7112e-01)
Epoch: [48][ 20/140]	L_Src_Sup 3.1309e-01 (2.2386e-01)	L_Trg_Inj 2.1801e-01 (3.0034e-01)	Loss Disc 6.9166e-01 (6.8797e-01)	Loss Pred 4.6612e-01 (4.6736e-01)	Loss TOTAL 9.6014e-01 (8.7108e-01)
Epoch: [48][ 30/140]	L_Src_Sup 2.3011e-01 (2.1897e-01)	L_Trg_Inj 3.3186e-01 (3.1058e-01)	Loss Disc 6.8742e-01 (6.8791e-01)	Loss Pred 4.7863e-01 (4.6547e-01)	Loss TOTAL 8.7854e-01 (8.6884e-01)
Epoch: [48][ 40/140]	L_Src_Sup 2.2414e-01 (2.1370e-01)	L_Trg_Inj 3.2469e-01 (3.0227e-01)	Loss Disc 6.8700e-01 (6.8795e-01)	Loss Pred 4.5955e-01 (4.6542e-01)	Loss TOTAL 8.5794e-01 (8.6703e-01)
Epoch: [48][ 50/140]	L_Src_Sup 1.0435e-01 (2.1355e-01)	L_Trg_Inj 2.4578e-01 (3.0863e-01)	Loss Disc 6.8927e-01 (6.8773e-01)	Loss Pred 4.6564e-01 (4.6371e-01)	Loss TOTAL 8.4529e-01 (8.6606e-01)
Epoch: [48][ 60/140]	L_Src_Sup 2.6893e-01 (2.1606e-01)	L_Trg_Inj 5.2784e-01 (3.2004e-01)	Loss Disc 6.7718e-01 (6.8747e-01)	Loss Pred 4.4118e-01 (4.6417e-01)	Loss TOTAL 8.5945e-01 (8.6756e-01)
Epoch: [48][ 70/140]	L_Src_Sup 1.7391e-01 (2.1406e-01)	L_Trg_Inj 3.5657e-01 (3.2171e-01)	Loss Disc 6.8861e-01 (6.8755e-01)	Loss Pred 4.6555e-01 (4.6395e-01)	Loss TOTAL 8.6291e-01 (8.6700e-01)
Epoch: [48][ 80/140]	L_Src_Sup 2.5688e-01 (2.1325e-01)	L_Trg_Inj 2.4191e-01 (3.1884e-01)	Loss Disc 6.9401e-01 (6.8774e-01)	Loss Pred 5.0345e-01 (4.6494e-01)	Loss TOTAL 9.1530e-01 (8.6793e-01)
Epoch: [48][ 90/140]	L_Src_Sup 2.4419e-01 (2.1203e-01)	L_Trg_Inj 3.0205e-01 (3.1986e-01)	Loss Disc 6.8789e-01 (6.8793e-01)	Loss Pred 4.6548e-01 (4.6719e-01)	Loss TOTAL 8.6405e-01 (8.6959e-01)
Epoch: [48][100/140]	L_Src_Sup 1.8033e-01 (2.1274e-01)	L_Trg_Inj 3.5594e-01 (3.2181e-01)	Loss Disc 6.8654e-01 (6.8790e-01)	Loss Pred 4.2108e-01 (4.6687e-01)	Loss TOTAL 8.1798e-01 (8.6931e-01)
Epoch: [48][110/140]	L_Src_Sup 1.7094e-01 (2.1224e-01)	L_Trg_Inj 2.7623e-01 (3.2042e-01)	Loss Disc 6.8773e-01 (6.8787e-01)	Loss Pred 4.5284e-01 (4.6620e-01)	Loss TOTAL 8.4142e-01 (8.6797e-01)
Epoch: [48][120/140]	L_Src_Sup 3.6522e-01 (2.1144e-01)	L_Trg_Inj 3.4252e-01 (3.2029e-01)	Loss Disc 6.8899e-01 (6.8786e-01)	Loss Pred 4.6578e-01 (4.6634e-01)	Loss TOTAL 9.0375e-01 (8.6783e-01)
Epoch: [48][130/140]	L_Src_Sup 1.1865e-01 (2.1080e-01)	L_Trg_Inj 3.2684e-01 (3.1667e-01)	Loss Disc 6.8710e-01 (6.8787e-01)	Loss Pred 4.4671e-01 (4.6593e-01)	Loss TOTAL 8.3481e-01 (8.6726e-01)
Epoch: [48][140/140]	L_Src_Sup 9.7567e-02 (2.0980e-01)	L_Trg_Inj 3.5881e-01 (3.1804e-01)	Loss Disc 6.8227e-01 (6.8781e-01)	Loss Pred 4.1438e-01 (4.6520e-01)	Loss TOTAL 8.0115e-01 (8.6621e-01)
Epoch: [48][140/140]	L_Src_Sup 9.7567e-02 (2.0980e-01)	L_Trg_Inj 3.5881e-01 (3.1804e-01)	Loss Disc 6.8227e-01 (6.8781e-01)	Loss Pred 4.1438e-01 (4.6520e-01)	Loss TOTAL 8.0115e-01 (8.6621e-01)
Epoch 48 complete. Saving model state...
Epoch: [49][ 10/140]	L_Src_Sup 2.2414e-01 (1.9175e-01)	L_Trg_Inj 2.4536e-01 (3.3128e-01)	Loss Disc 6.8478e-01 (6.8723e-01)	Loss Pred 4.5885e-01 (4.5685e-01)	Loss TOTAL 8.4819e-01 (8.5968e-01)
Epoch: [49][ 20/140]	L_Src_Sup 2.9225e-01 (2.0313e-01)	L_Trg_Inj 2.8497e-01 (3.2301e-01)	Loss Disc 6.9417e-01 (6.8758e-01)	Loss Pred 5.0358e-01 (4.5918e-01)	Loss TOTAL 9.1567e-01 (8.6342e-01)
Epoch: [49][ 30/140]	L_Src_Sup 1.2069e-01 (1.9951e-01)	L_Trg_Inj 3.4442e-01 (3.2536e-01)	Loss Disc 6.8712e-01 (6.8812e-01)	Loss Pred 4.5870e-01 (4.6410e-01)	Loss TOTAL 8.4877e-01 (8.6587e-01)
Epoch: [49][ 40/140]	L_Src_Sup 2.8319e-01 (2.1169e-01)	L_Trg_Inj 3.5608e-01 (3.2049e-01)	Loss Disc 6.8750e-01 (6.8810e-01)	Loss Pred 4.7773e-01 (4.6247e-01)	Loss TOTAL 8.8540e-01 (8.6470e-01)
Epoch: [49][ 50/140]	L_Src_Sup 2.3932e-01 (2.1005e-01)	L_Trg_Inj 2.6282e-01 (3.2109e-01)	Loss Disc 6.8906e-01 (6.8795e-01)	Loss Pred 4.5226e-01 (4.6325e-01)	Loss TOTAL 8.4700e-01 (8.6430e-01)
Epoch: [49][ 60/140]	L_Src_Sup 2.2414e-01 (2.0596e-01)	L_Trg_Inj 3.6661e-01 (3.1888e-01)	Loss Disc 6.8777e-01 (6.8809e-01)	Loss Pred 4.5880e-01 (4.6399e-01)	Loss TOTAL 8.6176e-01 (8.6382e-01)
Epoch: [49][ 70/140]	L_Src_Sup 2.7968e-01 (2.0578e-01)	L_Trg_Inj 2.4774e-01 (3.1493e-01)	Loss Disc 6.8895e-01 (6.8804e-01)	Loss Pred 4.7139e-01 (4.6377e-01)	Loss TOTAL 9.0054e-01 (8.6315e-01)
Epoch: [49][ 80/140]	L_Src_Sup 1.9298e-01 (2.0528e-01)	L_Trg_Inj 2.7937e-01 (3.1335e-01)	Loss Disc 6.8986e-01 (6.8794e-01)	Loss Pred 4.7134e-01 (4.6385e-01)	Loss TOTAL 8.6351e-01 (8.6303e-01)
Epoch: [49][ 90/140]	L_Src_Sup 2.3534e-01 (2.0723e-01)	L_Trg_Inj 2.9550e-01 (3.1080e-01)	Loss Disc 6.8759e-01 (6.8802e-01)	Loss Pred 4.3974e-01 (4.6315e-01)	Loss TOTAL 8.3662e-01 (8.6224e-01)
Epoch: [49][100/140]	L_Src_Sup 2.1668e-01 (2.0644e-01)	L_Trg_Inj 2.9360e-01 (3.0986e-01)	Loss Disc 6.8807e-01 (6.8802e-01)	Loss Pred 4.3327e-01 (4.6302e-01)	Loss TOTAL 8.2833e-01 (8.6205e-01)
Epoch: [49][110/140]	L_Src_Sup 2.0690e-01 (2.0465e-01)	L_Trg_Inj 3.2646e-01 (3.1095e-01)	Loss Disc 6.8811e-01 (6.8802e-01)	Loss Pred 4.5872e-01 (4.6311e-01)	Loss TOTAL 8.5611e-01 (8.6227e-01)
Epoch: [49][120/140]	L_Src_Sup 2.1053e-01 (2.0507e-01)	L_Trg_Inj 2.9398e-01 (3.1050e-01)	Loss Disc 6.9150e-01 (6.8812e-01)	Loss Pred 4.7127e-01 (4.6321e-01)	Loss TOTAL 8.6747e-01 (8.6224e-01)
Epoch: [49][130/140]	L_Src_Sup 1.6667e-01 (2.0309e-01)	L_Trg_Inj 3.2511e-01 (3.0881e-01)	Loss Disc 6.8660e-01 (6.8825e-01)	Loss Pred 4.3322e-01 (4.6417e-01)	Loss TOTAL 8.2570e-01 (8.6278e-01)
Epoch: [49][140/140]	L_Src_Sup 2.3214e-01 (2.0460e-01)	L_Trg_Inj 2.7476e-01 (3.0881e-01)	Loss Disc 6.8599e-01 (6.8821e-01)	Loss Pred 4.8392e-01 (4.6445e-01)	Loss TOTAL 8.7761e-01 (8.6295e-01)
Epoch: [49][140/140]	L_Src_Sup 2.3214e-01 (2.0460e-01)	L_Trg_Inj 2.7476e-01 (3.0881e-01)	Loss Disc 6.8599e-01 (6.8821e-01)	Loss Pred 4.8392e-01 (4.6445e-01)	Loss TOTAL 8.7761e-01 (8.6295e-01)
Epoch 49 complete. Saving model state...
