Using device: cuda
Loading Source Train...
Using Mean/Std calculated from Source Train (mean[0]=22.916930489982846, std[0]=2.694687994693646)
Loading Target Train...
Epoch: [0][ 10/441]	L_Src_Sup 1.9999e+00 (1.9999e+00)	L_Trg_Inj 1.9998e+00 (1.9999e+00)	Loss Disc 7.1741e-01 (7.2094e-01)	Loss Pred 7.7312e-01 (7.8147e-01)	Loss TOTAL 1.5319e+00 (1.5420e+00)
Epoch: [0][ 20/441]	L_Src_Sup 1.9989e+00 (1.9996e+00)	L_Trg_Inj 1.9992e+00 (1.9996e+00)	Loss Disc 7.0615e-01 (7.1621e-01)	Loss Pred 7.4265e-01 (7.8149e-01)	Loss TOTAL 1.4955e+00 (1.5396e+00)
Epoch: [0][ 30/441]	L_Src_Sup 1.2735e+00 (1.8078e+00)	L_Trg_Inj 1.2820e+00 (1.7940e+00)	Loss Disc 6.9788e-01 (7.1111e-01)	Loss Pred 7.2027e-01 (7.8003e-01)	Loss TOTAL 1.3248e+00 (1.5175e+00)
Epoch: [0][ 40/441]	L_Src_Sup 5.3247e-01 (1.5239e+00)	L_Trg_Inj 4.0891e-01 (1.4985e+00)	Loss Disc 6.9507e-01 (7.0734e-01)	Loss Pred 7.3145e-01 (7.7784e-01)	Loss TOTAL 1.2967e+00 (1.4682e+00)
Epoch: [0][ 50/441]	L_Src_Sup 5.6413e-01 (1.3166e+00)	L_Trg_Inj 6.7424e-01 (1.2906e+00)	Loss Disc 6.9433e-01 (7.0478e-01)	Loss Pred 7.6226e-01 (7.7492e-01)	Loss TOTAL 1.2333e+00 (1.4266e+00)
Epoch: [0][ 60/441]	L_Src_Sup 4.1423e-01 (1.1873e+00)	L_Trg_Inj 5.8266e-01 (1.1720e+00)	Loss Disc 6.9381e-01 (7.0299e-01)	Loss Pred 7.5779e-01 (7.7133e-01)	Loss TOTAL 1.2044e+00 (1.3947e+00)
Epoch: [0][ 70/441]	L_Src_Sup 4.0179e-01 (1.0723e+00)	L_Trg_Inj 4.0980e-01 (1.0563e+00)	Loss Disc 6.9370e-01 (7.0165e-01)	Loss Pred 7.8208e-01 (7.6849e-01)	Loss TOTAL 1.2101e+00 (1.3693e+00)
Epoch: [0][ 80/441]	L_Src_Sup 7.9646e-01 (1.0052e+00)	L_Trg_Inj 7.0185e-01 (9.9307e-01)	Loss Disc 6.9363e-01 (7.0064e-01)	Loss Pred 7.3958e-01 (7.6522e-01)	Loss TOTAL 1.3308e+00 (1.3527e+00)
Epoch: [0][ 90/441]	L_Src_Sup 2.2067e-01 (9.3925e-01)	L_Trg_Inj 2.9911e-01 (9.3931e-01)	Loss Disc 6.9310e-01 (6.9982e-01)	Loss Pred 7.2437e-01 (7.6305e-01)	Loss TOTAL 1.1229e+00 (1.3340e+00)
Epoch: [0][100/441]	L_Src_Sup 3.8287e-01 (8.8123e-01)	L_Trg_Inj 3.7394e-01 (8.8344e-01)	Loss Disc 6.9326e-01 (6.9915e-01)	Loss Pred 6.9952e-01 (7.6242e-01)	Loss TOTAL 1.1308e+00 (1.3210e+00)
Epoch: [0][110/441]	L_Src_Sup 6.1989e-01 (8.4164e-01)	L_Trg_Inj 7.7906e-01 (8.4924e-01)	Loss Disc 6.9317e-01 (6.9860e-01)	Loss Pred 7.1583e-01 (7.5815e-01)	Loss TOTAL 1.2023e+00 (1.3081e+00)
Epoch: [0][120/441]	L_Src_Sup 3.6500e-01 (8.0411e-01)	L_Trg_Inj 3.3749e-01 (8.1298e-01)	Loss Disc 6.9293e-01 (6.9812e-01)	Loss Pred 7.1060e-01 (7.5722e-01)	Loss TOTAL 1.1548e+00 (1.2997e+00)
Epoch: [0][130/441]	L_Src_Sup 4.6401e-01 (7.7248e-01)	L_Trg_Inj 4.5728e-01 (7.8172e-01)	Loss Disc 6.9293e-01 (6.9768e-01)	Loss Pred 7.8431e-01 (7.5608e-01)	Loss TOTAL 1.2296e+00 (1.2930e+00)
Epoch: [0][140/441]	L_Src_Sup 4.1389e-01 (7.4472e-01)	L_Trg_Inj 5.4418e-01 (7.5343e-01)	Loss Disc 6.9241e-01 (6.9729e-01)	Loss Pred 7.0224e-01 (7.5405e-01)	Loss TOTAL 1.1443e+00 (1.2850e+00)
Epoch: [0][150/441]	L_Src_Sup 2.3566e-01 (7.1551e-01)	L_Trg_Inj 2.8336e-01 (7.2288e-01)	Loss Disc 6.9038e-01 (6.9690e-01)	Loss Pred 7.0850e-01 (7.5116e-01)	Loss TOTAL 1.1056e+00 (1.2766e+00)
Epoch: [0][160/441]	L_Src_Sup 4.1261e-01 (6.9106e-01)	L_Trg_Inj 2.5152e-01 (6.9606e-01)	Loss Disc 6.9193e-01 (6.9654e-01)	Loss Pred 7.0446e-01 (7.4883e-01)	Loss TOTAL 1.2779e+00 (1.2712e+00)
Epoch: [0][170/441]	L_Src_Sup 3.4852e-01 (6.7250e-01)	L_Trg_Inj 3.0810e-01 (6.7778e-01)	Loss Disc 6.9116e-01 (6.9621e-01)	Loss Pred 7.0069e-01 (7.4647e-01)	Loss TOTAL 1.1524e+00 (1.2642e+00)
Epoch: [0][180/441]	L_Src_Sup 2.6864e-01 (6.5441e-01)	L_Trg_Inj 2.5297e-01 (6.6444e-01)	Loss Disc 6.8603e-01 (6.9570e-01)	Loss Pred 6.3429e-01 (7.4523e-01)	Loss TOTAL 1.0451e+00 (1.2579e+00)
Epoch: [0][190/441]	L_Src_Sup 3.9607e-01 (6.4005e-01)	L_Trg_Inj 7.2221e-01 (6.5260e-01)	Loss Disc 6.8367e-01 (6.9521e-01)	Loss Pred 7.1914e-01 (7.4286e-01)	Loss TOTAL 1.1728e+00 (1.2525e+00)
Epoch: [0][200/441]	L_Src_Sup 3.4590e-01 (6.2573e-01)	L_Trg_Inj 4.4814e-01 (6.4007e-01)	Loss Disc 6.7895e-01 (6.9452e-01)	Loss Pred 7.1522e-01 (7.4213e-01)	Loss TOTAL 1.1341e+00 (1.2478e+00)
Epoch: [0][210/441]	L_Src_Sup 3.5831e-01 (6.1278e-01)	L_Trg_Inj 3.2174e-01 (6.3049e-01)	Loss Disc 6.8235e-01 (6.9370e-01)	Loss Pred 7.3875e-01 (7.4102e-01)	Loss TOTAL 1.1845e+00 (1.2429e+00)
Epoch: [0][220/441]	L_Src_Sup 5.7309e-01 (6.0496e-01)	L_Trg_Inj 7.6703e-01 (6.2481e-01)	Loss Disc 6.8509e-01 (6.9324e-01)	Loss Pred 7.1091e-01 (7.3962e-01)	Loss TOTAL 1.1875e+00 (1.2394e+00)
Epoch: [0][230/441]	L_Src_Sup 4.9263e-01 (5.9313e-01)	L_Trg_Inj 2.5990e-01 (6.1482e-01)	Loss Disc 6.8777e-01 (6.9266e-01)	Loss Pred 6.3688e-01 (7.3774e-01)	Loss TOTAL 1.2887e+00 (1.2348e+00)
Epoch: [0][240/441]	L_Src_Sup 3.6765e-01 (5.8308e-01)	L_Trg_Inj 3.7722e-01 (6.0468e-01)	Loss Disc 6.8272e-01 (6.9209e-01)	Loss Pred 7.1705e-01 (7.3670e-01)	Loss TOTAL 1.1329e+00 (1.2316e+00)
Epoch: [0][250/441]	L_Src_Sup 2.6009e-01 (5.7418e-01)	L_Trg_Inj 3.5100e-01 (5.9904e-01)	Loss Disc 6.7313e-01 (6.9168e-01)	Loss Pred 6.8550e-01 (7.3456e-01)	Loss TOTAL 1.0832e+00 (1.2271e+00)
Epoch: [0][260/441]	L_Src_Sup 3.0555e-01 (5.6267e-01)	L_Trg_Inj 3.2780e-01 (5.8650e-01)	Loss Disc 6.8505e-01 (6.9124e-01)	Loss Pred 7.2641e-01 (7.3256e-01)	Loss TOTAL 1.1323e+00 (1.2224e+00)
Epoch: [0][270/441]	L_Src_Sup 2.3088e-01 (5.5618e-01)	L_Trg_Inj 4.0679e-01 (5.8208e-01)	Loss Disc 6.8883e-01 (6.9107e-01)	Loss Pred 6.7943e-01 (7.3008e-01)	Loss TOTAL 1.0876e+00 (1.2185e+00)
Epoch: [0][280/441]	L_Src_Sup 3.7442e-01 (5.4738e-01)	L_Trg_Inj 3.8048e-01 (5.7379e-01)	Loss Disc 6.8001e-01 (6.9074e-01)	Loss Pred 8.1214e-01 (7.2879e-01)	Loss TOTAL 1.2276e+00 (1.2146e+00)
Epoch: [0][290/441]	L_Src_Sup 3.7406e-01 (5.3819e-01)	L_Trg_Inj 3.4547e-01 (5.6586e-01)	Loss Disc 6.8524e-01 (6.9042e-01)	Loss Pred 7.3470e-01 (7.2754e-01)	Loss TOTAL 1.1779e+00 (1.2110e+00)
Epoch: [0][300/441]	L_Src_Sup 2.4025e-01 (5.3136e-01)	L_Trg_Inj 4.0929e-01 (5.5918e-01)	Loss Disc 6.7508e-01 (6.9016e-01)	Loss Pred 6.2258e-01 (7.2571e-01)	Loss TOTAL 1.0251e+00 (1.2076e+00)
Epoch: [0][310/441]	L_Src_Sup 5.2494e-01 (5.2440e-01)	L_Trg_Inj 5.7253e-01 (5.5243e-01)	Loss Disc 6.8538e-01 (6.9000e-01)	Loss Pred 5.7143e-01 (7.2387e-01)	Loss TOTAL 1.0239e+00 (1.2039e+00)
Epoch: [0][320/441]	L_Src_Sup 3.4878e-01 (5.1732e-01)	L_Trg_Inj 4.4979e-01 (5.4790e-01)	Loss Disc 6.9151e-01 (6.8995e-01)	Loss Pred 6.8129e-01 (7.2225e-01)	Loss TOTAL 1.1069e+00 (1.2003e+00)
Epoch: [0][330/441]	L_Src_Sup 3.4610e-01 (5.1081e-01)	L_Trg_Inj 2.5133e-01 (5.4213e-01)	Loss Disc 6.9335e-01 (6.8996e-01)	Loss Pred 6.6287e-01 (7.2000e-01)	Loss TOTAL 1.1641e+00 (1.1965e+00)
Epoch: [0][340/441]	L_Src_Sup 3.0874e-01 (5.0389e-01)	L_Trg_Inj 3.9731e-01 (5.3718e-01)	Loss Disc 6.8706e-01 (6.8997e-01)	Loss Pred 6.5810e-01 (7.1866e-01)	Loss TOTAL 1.0722e+00 (1.1933e+00)
Epoch: [0][350/441]	L_Src_Sup 2.9535e-01 (4.9837e-01)	L_Trg_Inj 5.1513e-01 (5.3007e-01)	Loss Disc 6.9048e-01 (6.8998e-01)	Loss Pred 6.5647e-01 (7.1701e-01)	Loss TOTAL 1.0828e+00 (1.1912e+00)
Epoch: [0][360/441]	L_Src_Sup 2.2941e-01 (4.9242e-01)	L_Trg_Inj 2.4537e-01 (5.2550e-01)	Loss Disc 6.9457e-01 (6.8999e-01)	Loss Pred 7.0508e-01 (7.1517e-01)	Loss TOTAL 1.0998e+00 (1.1877e+00)
Epoch: [0][370/441]	L_Src_Sup 1.8903e-01 (4.8719e-01)	L_Trg_Inj 4.1476e-01 (5.2018e-01)	Loss Disc 6.9158e-01 (6.8998e-01)	Loss Pred 6.5058e-01 (7.1316e-01)	Loss TOTAL 1.0568e+00 (1.1846e+00)
Epoch: [0][380/441]	L_Src_Sup 3.1278e-01 (4.8271e-01)	L_Trg_Inj 5.0389e-01 (5.1789e-01)	Loss Disc 6.9016e-01 (6.8995e-01)	Loss Pred 5.3881e-01 (7.1167e-01)	Loss TOTAL 9.6556e-01 (1.1821e+00)
Epoch: [0][390/441]	L_Src_Sup 3.9339e-01 (4.7935e-01)	L_Trg_Inj 6.6266e-01 (5.1668e-01)	Loss Disc 6.8994e-01 (6.8997e-01)	Loss Pred 6.8208e-01 (7.0963e-01)	Loss TOTAL 1.1327e+00 (1.1796e+00)
Epoch: [0][400/441]	L_Src_Sup 4.1034e-01 (4.7572e-01)	L_Trg_Inj 3.8055e-01 (5.1404e-01)	Loss Disc 6.9130e-01 (6.8999e-01)	Loss Pred 6.2390e-01 (7.0799e-01)	Loss TOTAL 1.0784e+00 (1.1768e+00)
Epoch: [0][410/441]	L_Src_Sup 2.2728e-01 (4.7092e-01)	L_Trg_Inj 2.4932e-01 (5.1167e-01)	Loss Disc 6.9541e-01 (6.9003e-01)	Loss Pred 7.1739e-01 (7.0730e-01)	Loss TOTAL 1.1128e+00 (1.1748e+00)
Epoch: [0][420/441]	L_Src_Sup 2.9306e-01 (4.6580e-01)	L_Trg_Inj 3.1727e-01 (5.0690e-01)	Loss Disc 6.8985e-01 (6.9004e-01)	Loss Pred 6.9469e-01 (7.0571e-01)	Loss TOTAL 1.1006e+00 (1.1720e+00)
Epoch: [0][430/441]	L_Src_Sup 2.4469e-01 (4.6027e-01)	L_Trg_Inj 3.8769e-01 (5.0125e-01)	Loss Disc 6.9265e-01 (6.9007e-01)	Loss Pred 6.3705e-01 (7.0431e-01)	Loss TOTAL 1.0466e+00 (1.1694e+00)
Epoch: [0][440/441]	L_Src_Sup 2.4084e-01 (4.5528e-01)	L_Trg_Inj 3.1689e-01 (4.9683e-01)	Loss Disc 6.8964e-01 (6.9012e-01)	Loss Pred 5.9527e-01 (7.0257e-01)	Loss TOTAL 9.9587e-01 (1.1664e+00)
Epoch: [0][441/441]	L_Src_Sup 2.8333e-01 (4.5489e-01)	L_Trg_Inj 3.4445e-01 (4.9649e-01)	Loss Disc 6.9224e-01 (6.9012e-01)	Loss Pred 6.5429e-01 (7.0247e-01)	Loss TOTAL 1.0632e+00 (1.1662e+00)
Epoch 0 complete. Saving model state...
Epoch: [1][ 10/441]	L_Src_Sup 1.8962e-01 (2.7070e-01)	L_Trg_Inj 2.9999e-01 (3.4540e-01)	Loss Disc 6.9333e-01 (6.9175e-01)	Loss Pred 6.7260e-01 (6.3044e-01)	Loss TOTAL 1.0682e+00 (1.0384e+00)
Epoch: [1][ 20/441]	L_Src_Sup 2.8950e-01 (2.6700e-01)	L_Trg_Inj 2.8397e-01 (3.1924e-01)	Loss Disc 6.9297e-01 (6.9190e-01)	Loss Pred 6.1005e-01 (6.3198e-01)	Loss TOTAL 1.0194e+00 (1.0495e+00)
Epoch: [1][ 30/441]	L_Src_Sup 1.0453e-01 (2.6987e-01)	L_Trg_Inj 2.2227e-01 (3.5573e-01)	Loss Disc 6.9508e-01 (6.9194e-01)	Loss Pred 7.3296e-01 (6.3809e-01)	Loss TOTAL 1.1132e+00 (1.0552e+00)
Epoch: [1][ 40/441]	L_Src_Sup 2.6626e-01 (2.7615e-01)	L_Trg_Inj 4.3755e-01 (3.5349e-01)	Loss Disc 6.9038e-01 (6.9181e-01)	Loss Pred 6.4713e-01 (6.3544e-01)	Loss TOTAL 1.0627e+00 (1.0547e+00)
Epoch: [1][ 50/441]	L_Src_Sup 3.2572e-01 (2.7588e-01)	L_Trg_Inj 4.9740e-01 (3.5581e-01)	Loss Disc 6.9278e-01 (6.9190e-01)	Loss Pred 6.4646e-01 (6.3091e-01)	Loss TOTAL 1.0752e+00 (1.0508e+00)
Epoch: [1][ 60/441]	L_Src_Sup 3.1913e-01 (2.7140e-01)	L_Trg_Inj 3.9183e-01 (3.6626e-01)	Loss Disc 6.8998e-01 (6.9206e-01)	Loss Pred 6.0201e-01 (6.2827e-01)	Loss TOTAL 1.0181e+00 (1.0486e+00)
Epoch: [1][ 70/441]	L_Src_Sup 3.0037e-01 (2.7691e-01)	L_Trg_Inj 2.8822e-01 (3.7243e-01)	Loss Disc 6.9224e-01 (6.9217e-01)	Loss Pred 5.5761e-01 (6.2648e-01)	Loss TOTAL 9.7474e-01 (1.0479e+00)
Epoch: [1][ 80/441]	L_Src_Sup 2.0908e-01 (2.8319e-01)	L_Trg_Inj 3.0083e-01 (3.8266e-01)	Loss Disc 6.9296e-01 (6.9220e-01)	Loss Pred 7.0442e-01 (6.2623e-01)	Loss TOTAL 1.1019e+00 (1.0497e+00)
Epoch: [1][ 90/441]	L_Src_Sup 3.3852e-01 (2.8287e-01)	L_Trg_Inj 4.3892e-01 (3.8044e-01)	Loss Disc 6.9278e-01 (6.9231e-01)	Loss Pred 5.9558e-01 (6.2543e-01)	Loss TOTAL 1.0197e+00 (1.0479e+00)
Epoch: [1][100/441]	L_Src_Sup 2.7155e-01 (2.8190e-01)	L_Trg_Inj 3.3332e-01 (3.7560e-01)	Loss Disc 6.9244e-01 (6.9237e-01)	Loss Pred 6.4039e-01 (6.2388e-01)	Loss TOTAL 1.0471e+00 (1.0469e+00)
Epoch: [1][110/441]	L_Src_Sup 3.0515e-01 (2.7802e-01)	L_Trg_Inj 1.9409e-01 (3.6679e-01)	Loss Disc 6.9251e-01 (6.9241e-01)	Loss Pred 6.1627e-01 (6.2298e-01)	Loss TOTAL 1.1235e+00 (1.0457e+00)
Epoch: [1][120/441]	L_Src_Sup 2.6649e-01 (2.8087e-01)	L_Trg_Inj 2.3911e-01 (3.7169e-01)	Loss Disc 6.9342e-01 (6.9246e-01)	Loss Pred 5.6692e-01 (6.2521e-01)	Loss TOTAL 9.9156e-01 (1.0480e+00)
Epoch: [1][130/441]	L_Src_Sup 3.4724e-01 (2.8205e-01)	L_Trg_Inj 6.2366e-01 (3.7618e-01)	Loss Disc 6.9258e-01 (6.9249e-01)	Loss Pred 6.1286e-01 (6.2517e-01)	Loss TOTAL 1.0562e+00 (1.0483e+00)
Epoch: [1][140/441]	L_Src_Sup 3.2882e-01 (2.8305e-01)	L_Trg_Inj 3.4292e-01 (3.7560e-01)	Loss Disc 6.9356e-01 (6.9253e-01)	Loss Pred 6.1039e-01 (6.2516e-01)	Loss TOTAL 1.0243e+00 (1.0488e+00)
Epoch: [1][150/441]	L_Src_Sup 2.9356e-01 (2.8071e-01)	L_Trg_Inj 2.2664e-01 (3.7431e-01)	Loss Disc 6.9287e-01 (6.9255e-01)	Loss Pred 5.6518e-01 (6.2483e-01)	Loss TOTAL 1.0306e+00 (1.0481e+00)
Epoch: [1][160/441]	L_Src_Sup 1.8290e-01 (2.7934e-01)	L_Trg_Inj 3.1750e-01 (3.7249e-01)	Loss Disc 6.9306e-01 (6.9260e-01)	Loss Pred 6.5637e-01 (6.2396e-01)	Loss TOTAL 1.0529e+00 (1.0467e+00)
Epoch: [1][170/441]	L_Src_Sup 1.6881e-01 (2.7691e-01)	L_Trg_Inj 3.8747e-01 (3.6638e-01)	Loss Disc 6.9300e-01 (6.9263e-01)	Loss Pred 6.5460e-01 (6.2371e-01)	Loss TOTAL 1.0567e+00 (1.0473e+00)
Epoch: [1][180/441]	L_Src_Sup 2.5545e-01 (2.7477e-01)	L_Trg_Inj 3.0155e-01 (3.6333e-01)	Loss Disc 6.9321e-01 (6.9268e-01)	Loss Pred 6.0581e-01 (6.2277e-01)	Loss TOTAL 1.0081e+00 (1.0453e+00)
Epoch: [1][190/441]	L_Src_Sup 1.5757e-01 (2.7438e-01)	L_Trg_Inj 4.8186e-01 (3.5986e-01)	Loss Disc 6.9324e-01 (6.9271e-01)	Loss Pred 7.2741e-01 (6.2223e-01)	Loss TOTAL 1.1380e+00 (1.0455e+00)
Epoch: [1][200/441]	L_Src_Sup 2.7497e-01 (2.7548e-01)	L_Trg_Inj 4.1519e-01 (3.6295e-01)	Loss Disc 6.9309e-01 (6.9273e-01)	Loss Pred 6.5330e-01 (6.2294e-01)	Loss TOTAL 1.0689e+00 (1.0462e+00)
Epoch: [1][210/441]	L_Src_Sup 3.2077e-01 (2.7570e-01)	L_Trg_Inj 3.2044e-01 (3.6247e-01)	Loss Disc 6.9320e-01 (6.9276e-01)	Loss Pred 6.5336e-01 (6.2126e-01)	Loss TOTAL 1.0644e+00 (1.0443e+00)
Epoch: [1][220/441]	L_Src_Sup 2.9735e-01 (2.7626e-01)	L_Trg_Inj 2.8638e-01 (3.6401e-01)	Loss Disc 6.9358e-01 (6.9278e-01)	Loss Pred 6.5266e-01 (6.2134e-01)	Loss TOTAL 1.0688e+00 (1.0443e+00)
Epoch: [1][230/441]	L_Src_Sup 2.2501e-01 (2.7516e-01)	L_Trg_Inj 3.4311e-01 (3.6147e-01)	Loss Disc 6.9332e-01 (6.9281e-01)	Loss Pred 6.0006e-01 (6.2091e-01)	Loss TOTAL 1.0035e+00 (1.0435e+00)
Epoch: [1][240/441]	L_Src_Sup 2.2900e-01 (2.7407e-01)	L_Trg_Inj 3.6133e-01 (3.5952e-01)	Loss Disc 6.9322e-01 (6.9283e-01)	Loss Pred 6.2649e-01 (6.2038e-01)	Loss TOTAL 1.0321e+00 (1.0425e+00)
Epoch: [1][250/441]	L_Src_Sup 3.6350e-01 (2.7459e-01)	L_Trg_Inj 4.4994e-01 (3.6113e-01)	Loss Disc 6.9321e-01 (6.9285e-01)	Loss Pred 6.2340e-01 (6.1903e-01)	Loss TOTAL 1.0513e+00 (1.0417e+00)
Epoch: [1][260/441]	L_Src_Sup 2.3923e-01 (2.7310e-01)	L_Trg_Inj 3.1879e-01 (3.5887e-01)	Loss Disc 6.9336e-01 (6.9287e-01)	Loss Pred 5.9931e-01 (6.1845e-01)	Loss TOTAL 1.0018e+00 (1.0408e+00)
Epoch: [1][270/441]	L_Src_Sup 2.1282e-01 (2.7080e-01)	L_Trg_Inj 2.5171e-01 (3.5602e-01)	Loss Disc 6.9318e-01 (6.9288e-01)	Loss Pred 5.9847e-01 (6.1649e-01)	Loss TOTAL 9.9151e-01 (1.0382e+00)
Epoch: [1][280/441]	L_Src_Sup 2.1001e-01 (2.6888e-01)	L_Trg_Inj 2.3778e-01 (3.5412e-01)	Loss Disc 6.9334e-01 (6.9290e-01)	Loss Pred 5.9974e-01 (6.1684e-01)	Loss TOTAL 9.9119e-01 (1.0377e+00)
Epoch: [1][290/441]	L_Src_Sup 2.2011e-01 (2.6816e-01)	L_Trg_Inj 3.6033e-01 (3.5201e-01)	Loss Disc 6.9328e-01 (6.9291e-01)	Loss Pred 5.7188e-01 (6.1589e-01)	Loss TOTAL 9.7657e-01 (1.0368e+00)
Epoch: [1][300/441]	L_Src_Sup 1.9875e-01 (2.6724e-01)	L_Trg_Inj 4.7014e-01 (3.5138e-01)	Loss Disc 6.9318e-01 (6.9292e-01)	Loss Pred 6.9116e-01 (6.1450e-01)	Loss TOTAL 1.1046e+00 (1.0353e+00)
Epoch: [1][310/441]	L_Src_Sup 3.2531e-01 (2.6631e-01)	L_Trg_Inj 2.7456e-01 (3.4974e-01)	Loss Disc 6.9309e-01 (6.9293e-01)	Loss Pred 5.6938e-01 (6.1396e-01)	Loss TOTAL 1.0267e+00 (1.0344e+00)
Epoch: [1][320/441]	L_Src_Sup 1.7881e-01 (2.6528e-01)	L_Trg_Inj 4.4856e-01 (3.4865e-01)	Loss Disc 6.9311e-01 (6.9294e-01)	Loss Pred 5.1847e-01 (6.1376e-01)	Loss TOTAL 9.2776e-01 (1.0339e+00)
Epoch: [1][330/441]	L_Src_Sup 3.5755e-01 (2.6675e-01)	L_Trg_Inj 4.6083e-01 (3.5096e-01)	Loss Disc 6.9299e-01 (6.9294e-01)	Loss Pred 6.0342e-01 (6.1346e-01)	Loss TOTAL 1.0318e+00 (1.0337e+00)
Epoch: [1][340/441]	L_Src_Sup 2.4241e-01 (2.6626e-01)	L_Trg_Inj 4.2981e-01 (3.5059e-01)	Loss Disc 6.9274e-01 (6.9294e-01)	Loss Pred 6.8160e-01 (6.1288e-01)	Loss TOTAL 1.0952e+00 (1.0328e+00)
Epoch: [1][350/441]	L_Src_Sup 2.5916e-01 (2.6591e-01)	L_Trg_Inj 2.8249e-01 (3.5067e-01)	Loss Disc 6.9172e-01 (6.9293e-01)	Loss Pred 5.7670e-01 (6.1202e-01)	Loss TOTAL 9.7673e-01 (1.0316e+00)
Epoch: [1][360/441]	L_Src_Sup 1.6110e-01 (2.6473e-01)	L_Trg_Inj 2.5765e-01 (3.4898e-01)	Loss Disc 6.8972e-01 (6.9285e-01)	Loss Pred 5.6761e-01 (6.1110e-01)	Loss TOTAL 9.5435e-01 (1.0301e+00)
Epoch: [1][370/441]	L_Src_Sup 2.1008e-01 (2.6416e-01)	L_Trg_Inj 2.5880e-01 (3.4732e-01)	Loss Disc 6.8328e-01 (6.9267e-01)	Loss Pred 4.8448e-01 (6.0949e-01)	Loss TOTAL 8.7301e-01 (1.0285e+00)
Epoch: [1][380/441]	L_Src_Sup 2.7310e-01 (2.7213e-01)	L_Trg_Inj 3.3507e-01 (3.5401e-01)	Loss Disc 6.8242e-01 (6.9236e-01)	Loss Pred 4.5915e-01 (6.0853e-01)	Loss TOTAL 8.6117e-01 (1.0301e+00)
Epoch: [1][390/441]	L_Src_Sup 1.8006e-01 (2.7076e-01)	L_Trg_Inj 2.1902e-01 (3.5189e-01)	Loss Disc 6.7472e-01 (6.9201e-01)	Loss Pred 6.1090e-01 (6.0773e-01)	Loss TOTAL 9.8817e-01 (1.0288e+00)
Epoch: [1][400/441]	L_Src_Sup 2.4732e-01 (2.7031e-01)	L_Trg_Inj 2.7693e-01 (3.4960e-01)	Loss Disc 6.9172e-01 (6.9182e-01)	Loss Pred 5.2984e-01 (6.0617e-01)	Loss TOTAL 9.2813e-01 (1.0270e+00)
Epoch: [1][410/441]	L_Src_Sup 2.6833e-01 (2.7064e-01)	L_Trg_Inj 3.0460e-01 (3.5093e-01)	Loss Disc 6.8376e-01 (6.9168e-01)	Loss Pred 5.4726e-01 (6.0444e-01)	Loss TOTAL 9.4644e-01 (1.0251e+00)
Epoch: [1][420/441]	L_Src_Sup 1.8151e-01 (2.6972e-01)	L_Trg_Inj 2.8100e-01 (3.5069e-01)	Loss Disc 6.8467e-01 (6.9149e-01)	Loss Pred 5.0154e-01 (6.0286e-01)	Loss TOTAL 8.9013e-01 (1.0234e+00)
Epoch: [1][430/441]	L_Src_Sup 1.5994e-01 (2.6945e-01)	L_Trg_Inj 3.0485e-01 (3.4942e-01)	Loss Disc 6.8877e-01 (6.9130e-01)	Loss Pred 4.9895e-01 (6.0150e-01)	Loss TOTAL 8.8981e-01 (1.0216e+00)
Epoch: [1][440/441]	L_Src_Sup 3.1415e-01 (2.6978e-01)	L_Trg_Inj 3.7163e-01 (3.4961e-01)	Loss Disc 6.8679e-01 (6.9115e-01)	Loss Pred 5.0117e-01 (5.9969e-01)	Loss TOTAL 9.1314e-01 (1.0196e+00)
Epoch: [1][441/441]	L_Src_Sup 2.9974e-01 (2.6985e-01)	L_Trg_Inj 4.3390e-01 (3.4980e-01)	Loss Disc 6.9089e-01 (6.9115e-01)	Loss Pred 4.3053e-01 (5.9930e-01)	Loss TOTAL 8.4934e-01 (1.0192e+00)
Epoch 1 complete. Saving model state...
Epoch: [2][ 10/441]	L_Src_Sup 2.2040e-01 (2.6814e-01)	L_Trg_Inj 4.6029e-01 (3.7944e-01)	Loss Disc 6.8798e-01 (6.8380e-01)	Loss Pred 5.4952e-01 (5.1996e-01)	Loss TOTAL 9.6158e-01 (9.3232e-01)
Epoch: [2][ 20/441]	L_Src_Sup 1.0800e-01 (2.3307e-01)	L_Trg_Inj 2.1996e-01 (3.3182e-01)	Loss Disc 6.8078e-01 (6.8370e-01)	Loss Pred 5.3681e-01 (5.1152e-01)	Loss TOTAL 9.1000e-01 (9.1715e-01)
Epoch: [2][ 30/441]	L_Src_Sup 1.5010e-01 (2.2344e-01)	L_Trg_Inj 3.7863e-01 (3.1685e-01)	Loss Disc 6.8731e-01 (6.8406e-01)	Loss Pred 4.6896e-01 (5.0722e-01)	Loss TOTAL 8.6549e-01 (9.1076e-01)
Epoch: [2][ 40/441]	L_Src_Sup 9.4915e-02 (2.1790e-01)	L_Trg_Inj 2.5228e-01 (3.1113e-01)	Loss Disc 6.8757e-01 (6.8377e-01)	Loss Pred 4.4910e-01 (5.0759e-01)	Loss TOTAL 8.2761e-01 (9.1753e-01)
Epoch: [2][ 50/441]	L_Src_Sup 2.4680e-01 (2.2208e-01)	L_Trg_Inj 3.9590e-01 (3.0949e-01)	Loss Disc 6.8617e-01 (6.8371e-01)	Loss Pred 4.7827e-01 (5.0580e-01)	Loss TOTAL 8.8562e-01 (9.1352e-01)
Epoch: [2][ 60/441]	L_Src_Sup 3.2333e-01 (2.2752e-01)	L_Trg_Inj 3.9624e-01 (3.1816e-01)	Loss Disc 6.8288e-01 (6.8332e-01)	Loss Pred 4.9106e-01 (5.0516e-01)	Loss TOTAL 9.0446e-01 (9.1221e-01)
Epoch: [2][ 70/441]	L_Src_Sup 2.1787e-01 (2.2687e-01)	L_Trg_Inj 1.7407e-01 (3.1475e-01)	Loss Disc 6.8197e-01 (6.8329e-01)	Loss Pred 4.8547e-01 (5.0308e-01)	Loss TOTAL 9.0944e-01 (9.1104e-01)
Epoch: [2][ 80/441]	L_Src_Sup 3.1238e-01 (2.2768e-01)	L_Trg_Inj 4.6272e-01 (3.1002e-01)	Loss Disc 6.7760e-01 (6.8298e-01)	Loss Pred 5.4816e-01 (5.0239e-01)	Loss TOTAL 9.6447e-01 (9.0922e-01)
Epoch: [2][ 90/441]	L_Src_Sup 2.2790e-01 (2.2765e-01)	L_Trg_Inj 2.1558e-01 (3.0612e-01)	Loss Disc 6.8325e-01 (6.8309e-01)	Loss Pred 4.6610e-01 (4.9945e-01)	Loss TOTAL 8.6439e-01 (9.0503e-01)
Epoch: [2][100/441]	L_Src_Sup 3.5528e-01 (2.3146e-01)	L_Trg_Inj 5.1571e-01 (3.1317e-01)	Loss Disc 6.8072e-01 (6.8296e-01)	Loss Pred 4.8233e-01 (4.9814e-01)	Loss TOTAL 9.0979e-01 (9.0449e-01)
Epoch: [2][110/441]	L_Src_Sup 3.1039e-01 (2.3191e-01)	L_Trg_Inj 2.6414e-01 (3.1661e-01)	Loss Disc 6.8435e-01 (6.8283e-01)	Loss Pred 4.9692e-01 (4.9819e-01)	Loss TOTAL 9.4280e-01 (9.0452e-01)
Epoch: [2][120/441]	L_Src_Sup 1.8543e-01 (2.3078e-01)	L_Trg_Inj 2.9330e-01 (3.1914e-01)	Loss Disc 6.8387e-01 (6.8292e-01)	Loss Pred 4.6520e-01 (4.9631e-01)	Loss TOTAL 8.5501e-01 (9.0217e-01)
Epoch: [2][130/441]	L_Src_Sup 2.7646e-01 (2.2876e-01)	L_Trg_Inj 2.5486e-01 (3.1642e-01)	Loss Disc 6.8319e-01 (6.8294e-01)	Loss Pred 5.3352e-01 (4.9463e-01)	Loss TOTAL 9.4985e-01 (9.0008e-01)
Epoch: [2][140/441]	L_Src_Sup 3.0077e-01 (2.2981e-01)	L_Trg_Inj 5.3926e-01 (3.1660e-01)	Loss Disc 6.7894e-01 (6.8290e-01)	Loss Pred 4.8481e-01 (4.9304e-01)	Loss TOTAL 9.0828e-01 (8.9914e-01)
Epoch: [2][150/441]	L_Src_Sup 1.8317e-01 (2.3269e-01)	L_Trg_Inj 4.3855e-01 (3.2191e-01)	Loss Disc 6.8177e-01 (6.8297e-01)	Loss Pred 4.6296e-01 (4.9129e-01)	Loss TOTAL 8.6602e-01 (8.9797e-01)
Epoch: [2][160/441]	L_Src_Sup 2.0063e-01 (2.3307e-01)	L_Trg_Inj 3.3123e-01 (3.2427e-01)	Loss Disc 6.8465e-01 (6.8291e-01)	Loss Pred 4.4058e-01 (4.9028e-01)	Loss TOTAL 8.3609e-01 (8.9760e-01)
Epoch: [2][170/441]	L_Src_Sup 1.6351e-01 (2.3245e-01)	L_Trg_Inj 3.3397e-01 (3.2122e-01)	Loss Disc 6.8608e-01 (6.8293e-01)	Loss Pred 4.3332e-01 (4.8835e-01)	Loss TOTAL 8.2611e-01 (8.9582e-01)
Epoch: [2][180/441]	L_Src_Sup 2.6964e-01 (2.3610e-01)	L_Trg_Inj 1.6036e-01 (3.2529e-01)	Loss Disc 6.7301e-01 (6.8281e-01)	Loss Pred 5.0443e-01 (4.8777e-01)	Loss TOTAL 9.9322e-01 (8.9620e-01)
Epoch: [2][190/441]	L_Src_Sup 2.0922e-01 (2.3745e-01)	L_Trg_Inj 3.2881e-01 (3.2491e-01)	Loss Disc 6.8763e-01 (6.8285e-01)	Loss Pred 4.2591e-01 (4.8650e-01)	Loss TOTAL 8.2353e-01 (8.9541e-01)
Epoch: [2][200/441]	L_Src_Sup 2.4084e-01 (2.3956e-01)	L_Trg_Inj 5.2834e-01 (3.2820e-01)	Loss Disc 6.7885e-01 (6.8275e-01)	Loss Pred 4.9865e-01 (4.8562e-01)	Loss TOTAL 9.1499e-01 (8.9502e-01)
Epoch: [2][210/441]	L_Src_Sup 3.8671e-01 (2.4048e-01)	L_Trg_Inj 3.2124e-01 (3.2855e-01)	Loss Disc 6.7835e-01 (6.8269e-01)	Loss Pred 4.6783e-01 (4.8467e-01)	Loss TOTAL 9.4327e-01 (8.9419e-01)
Epoch: [2][220/441]	L_Src_Sup 1.9116e-01 (2.4124e-01)	L_Trg_Inj 2.1727e-01 (3.2848e-01)	Loss Disc 6.8192e-01 (6.8257e-01)	Loss Pred 4.8113e-01 (4.8452e-01)	Loss TOTAL 8.6293e-01 (8.9416e-01)
Epoch: [2][230/441]	L_Src_Sup 2.8964e-01 (2.4223e-01)	L_Trg_Inj 4.1994e-01 (3.2778e-01)	Loss Disc 6.8635e-01 (6.8258e-01)	Loss Pred 4.3362e-01 (4.8361e-01)	Loss TOTAL 8.4776e-01 (8.9360e-01)
Epoch: [2][240/441]	L_Src_Sup 2.6951e-01 (2.4200e-01)	L_Trg_Inj 1.5728e-01 (3.2417e-01)	Loss Disc 6.8600e-01 (6.8264e-01)	Loss Pred 4.3705e-01 (4.8243e-01)	Loss TOTAL 9.3496e-01 (8.9282e-01)
Epoch: [2][250/441]	L_Src_Sup 3.7130e-01 (2.4492e-01)	L_Trg_Inj 4.6239e-01 (3.2651e-01)	Loss Disc 6.8598e-01 (6.8261e-01)	Loss Pred 4.2764e-01 (4.8173e-01)	Loss TOTAL 8.5400e-01 (8.9243e-01)
Epoch: [2][260/441]	L_Src_Sup 2.0839e-01 (2.4403e-01)	L_Trg_Inj 3.0210e-01 (3.2616e-01)	Loss Disc 6.8886e-01 (6.8255e-01)	Loss Pred 4.1479e-01 (4.8107e-01)	Loss TOTAL 8.1027e-01 (8.9122e-01)
Epoch: [2][270/441]	L_Src_Sup 3.4610e-01 (2.4566e-01)	L_Trg_Inj 5.1846e-01 (3.2833e-01)	Loss Disc 6.9038e-01 (6.8266e-01)	Loss Pred 4.0665e-01 (4.7973e-01)	Loss TOTAL 8.3829e-01 (8.9035e-01)
Epoch: [2][280/441]	L_Src_Sup 2.1285e-01 (2.4616e-01)	L_Trg_Inj 2.5542e-01 (3.2919e-01)	Loss Disc 6.8157e-01 (6.8262e-01)	Loss Pred 4.5207e-01 (4.7911e-01)	Loss TOTAL 8.3969e-01 (8.8991e-01)
Epoch: [2][290/441]	L_Src_Sup 3.9842e-01 (2.4795e-01)	L_Trg_Inj 3.9003e-01 (3.2985e-01)	Loss Disc 6.7915e-01 (6.8259e-01)	Loss Pred 4.9313e-01 (4.7863e-01)	Loss TOTAL 9.1994e-01 (8.8968e-01)
Epoch: [2][300/441]	L_Src_Sup 1.5186e-01 (2.4927e-01)	L_Trg_Inj 2.5744e-01 (3.3369e-01)	Loss Disc 6.7860e-01 (6.8250e-01)	Loss Pred 4.6340e-01 (4.7792e-01)	Loss TOTAL 8.4364e-01 (8.8914e-01)
Epoch: [2][310/441]	L_Src_Sup 3.8941e-01 (2.5096e-01)	L_Trg_Inj 2.7752e-01 (3.3427e-01)	Loss Disc 6.8449e-01 (6.8256e-01)	Loss Pred 4.8516e-01 (4.7732e-01)	Loss TOTAL 1.0060e+00 (8.8891e-01)
Epoch: [2][320/441]	L_Src_Sup 2.6077e-01 (2.5015e-01)	L_Trg_Inj 2.3706e-01 (3.3330e-01)	Loss Disc 6.8744e-01 (6.8253e-01)	Loss Pred 4.1830e-01 (4.7669e-01)	Loss TOTAL 8.3551e-01 (8.8827e-01)
Epoch: [2][330/441]	L_Src_Sup 2.9578e-01 (2.5044e-01)	L_Trg_Inj 3.0113e-01 (3.3465e-01)	Loss Disc 6.7767e-01 (6.8247e-01)	Loss Pred 4.9737e-01 (4.7643e-01)	Loss TOTAL 8.9590e-01 (8.8779e-01)
Epoch: [2][340/441]	L_Src_Sup 2.4401e-01 (2.4974e-01)	L_Trg_Inj 1.9806e-01 (3.3141e-01)	Loss Disc 6.8154e-01 (6.8240e-01)	Loss Pred 4.4500e-01 (4.7623e-01)	Loss TOTAL 8.7592e-01 (8.8754e-01)
Epoch: [2][350/441]	L_Src_Sup 2.1235e-01 (2.4923e-01)	L_Trg_Inj 2.6828e-01 (3.3038e-01)	Loss Disc 6.8452e-01 (6.8237e-01)	Loss Pred 4.3457e-01 (4.7596e-01)	Loss TOTAL 8.2489e-01 (8.8681e-01)
Epoch: [2][360/441]	L_Src_Sup 1.3052e-01 (2.4952e-01)	L_Trg_Inj 4.4641e-01 (3.3052e-01)	Loss Disc 6.7709e-01 (6.8234e-01)	Loss Pred 4.9049e-01 (4.7577e-01)	Loss TOTAL 8.8672e-01 (8.8659e-01)
Epoch: [2][370/441]	L_Src_Sup 2.2887e-01 (2.4943e-01)	L_Trg_Inj 2.0873e-01 (3.2950e-01)	Loss Disc 6.8012e-01 (6.8233e-01)	Loss Pred 4.5616e-01 (4.7524e-01)	Loss TOTAL 8.6012e-01 (8.8613e-01)
Epoch: [2][380/441]	L_Src_Sup 3.1562e-01 (2.5111e-01)	L_Trg_Inj 2.0637e-01 (3.2922e-01)	Loss Disc 6.8308e-01 (6.8235e-01)	Loss Pred 4.5405e-01 (4.7485e-01)	Loss TOTAL 9.5704e-01 (8.8693e-01)
Epoch: [2][390/441]	L_Src_Sup 2.5700e-01 (2.5251e-01)	L_Trg_Inj 3.3164e-01 (3.2953e-01)	Loss Disc 6.9039e-01 (6.8235e-01)	Loss Pred 4.0508e-01 (4.7466e-01)	Loss TOTAL 8.0913e-01 (8.8711e-01)
Epoch: [2][400/441]	L_Src_Sup 3.8716e-01 (2.5296e-01)	L_Trg_Inj 4.0985e-01 (3.2955e-01)	Loss Disc 6.8743e-01 (6.8229e-01)	Loss Pred 4.1968e-01 (4.7436e-01)	Loss TOTAL 8.4309e-01 (8.8659e-01)
Epoch: [2][410/441]	L_Src_Sup 2.6268e-01 (2.5235e-01)	L_Trg_Inj 1.6681e-01 (3.2918e-01)	Loss Disc 6.8293e-01 (6.8228e-01)	Loss Pred 4.6375e-01 (4.7430e-01)	Loss TOTAL 9.4404e-01 (8.8634e-01)
Epoch: [2][420/441]	L_Src_Sup 4.1009e-01 (2.5209e-01)	L_Trg_Inj 3.1524e-01 (3.2742e-01)	Loss Disc 6.8388e-01 (6.8231e-01)	Loss Pred 4.3024e-01 (4.7349e-01)	Loss TOTAL 9.3956e-01 (8.8578e-01)
Epoch: [2][430/441]	L_Src_Sup 2.2383e-01 (2.5163e-01)	L_Trg_Inj 1.3839e-01 (3.2605e-01)	Loss Disc 6.8586e-01 (6.8234e-01)	Loss Pred 4.2357e-01 (4.7278e-01)	Loss TOTAL 8.8816e-01 (8.8523e-01)
Epoch: [2][440/441]	L_Src_Sup 2.6154e-01 (2.5166e-01)	L_Trg_Inj 4.5800e-01 (3.2466e-01)	Loss Disc 6.7734e-01 (6.8232e-01)	Loss Pred 5.1750e-01 (4.7281e-01)	Loss TOTAL 9.2812e-01 (8.8551e-01)
Epoch: [2][441/441]	L_Src_Sup 3.7271e-01 (2.5194e-01)	L_Trg_Inj 3.5361e-01 (3.2472e-01)	Loss Disc 6.8735e-01 (6.8233e-01)	Loss Pred 4.4113e-01 (4.7274e-01)	Loss TOTAL 8.7654e-01 (8.8549e-01)
Epoch 2 complete. Saving model state...
Epoch: [3][ 10/441]	L_Src_Sup 3.4340e-01 (3.1641e-01)	L_Trg_Inj 3.0281e-01 (4.7130e-01)	Loss Disc 6.7865e-01 (6.8220e-01)	Loss Pred 5.0884e-01 (4.5960e-01)	Loss TOTAL 9.5339e-01 (8.8353e-01)
Epoch: [3][ 20/441]	L_Src_Sup 2.6100e-01 (3.0957e-01)	L_Trg_Inj 2.4838e-01 (4.4380e-01)	Loss Disc 6.8595e-01 (6.8253e-01)	Loss Pred 4.4979e-01 (4.6229e-01)	Loss TOTAL 8.5631e-01 (8.8155e-01)
Epoch: [3][ 30/441]	L_Src_Sup 2.7198e-01 (3.0773e-01)	L_Trg_Inj 3.5677e-01 (4.2749e-01)	Loss Disc 6.8303e-01 (6.8225e-01)	Loss Pred 4.3811e-01 (4.6051e-01)	Loss TOTAL 8.4250e-01 (8.8676e-01)
Epoch: [3][ 40/441]	L_Src_Sup 2.8553e-01 (2.9854e-01)	L_Trg_Inj 4.8942e-01 (4.0209e-01)	Loss Disc 6.7732e-01 (6.8201e-01)	Loss Pred 4.6158e-01 (4.6124e-01)	Loss TOTAL 8.7774e-01 (8.8975e-01)
Epoch: [3][ 50/441]	L_Src_Sup 3.3334e-01 (2.9974e-01)	L_Trg_Inj 4.6786e-01 (3.9860e-01)	Loss Disc 6.7716e-01 (6.8188e-01)	Loss Pred 4.6035e-01 (4.6066e-01)	Loss TOTAL 8.7905e-01 (8.8706e-01)
Epoch: [3][ 60/441]	L_Src_Sup 1.9723e-01 (2.9101e-01)	L_Trg_Inj 1.7804e-01 (3.7348e-01)	Loss Disc 6.8304e-01 (6.8210e-01)	Loss Pred 4.3541e-01 (4.5741e-01)	Loss TOTAL 8.3365e-01 (8.8688e-01)
Epoch: [3][ 70/441]	L_Src_Sup 3.4125e-01 (2.8450e-01)	L_Trg_Inj 2.3379e-01 (3.6500e-01)	Loss Disc 6.8297e-01 (6.8184e-01)	Loss Pred 4.5829e-01 (4.5876e-01)	Loss TOTAL 9.6473e-01 (8.8499e-01)
Epoch: [3][ 80/441]	L_Src_Sup 2.7023e-01 (2.8048e-01)	L_Trg_Inj 3.6679e-01 (3.5777e-01)	Loss Disc 6.7436e-01 (6.8169e-01)	Loss Pred 4.7151e-01 (4.5825e-01)	Loss TOTAL 8.7239e-01 (8.8260e-01)
Epoch: [3][ 90/441]	L_Src_Sup 2.6627e-01 (2.7812e-01)	L_Trg_Inj 3.3604e-01 (3.5855e-01)	Loss Disc 6.8301e-01 (6.8193e-01)	Loss Pred 4.5812e-01 (4.5727e-01)	Loss TOTAL 8.5986e-01 (8.8069e-01)
Epoch: [3][100/441]	L_Src_Sup 2.3599e-01 (2.7762e-01)	L_Trg_Inj 2.8564e-01 (3.5555e-01)	Loss Disc 6.8155e-01 (6.8204e-01)	Loss Pred 4.3755e-01 (4.5638e-01)	Loss TOTAL 8.3049e-01 (8.7844e-01)
Epoch: [3][110/441]	L_Src_Sup 1.3879e-01 (2.7384e-01)	L_Trg_Inj 2.5163e-01 (3.5061e-01)	Loss Disc 6.8304e-01 (6.8219e-01)	Loss Pred 4.3100e-01 (4.5462e-01)	Loss TOTAL 8.1157e-01 (8.7496e-01)
Epoch: [3][120/441]	L_Src_Sup 3.0770e-01 (2.7227e-01)	L_Trg_Inj 2.7042e-01 (3.4886e-01)	Loss Disc 6.8444e-01 (6.8231e-01)	Loss Pred 4.2458e-01 (4.5412e-01)	Loss TOTAL 8.6189e-01 (8.7394e-01)
Epoch: [3][130/441]	L_Src_Sup 1.9681e-01 (2.6771e-01)	L_Trg_Inj 3.3421e-01 (3.4462e-01)	Loss Disc 6.8737e-01 (6.8240e-01)	Loss Pred 4.1371e-01 (4.5344e-01)	Loss TOTAL 8.1049e-01 (8.7145e-01)
Epoch: [3][140/441]	L_Src_Sup 1.9574e-01 (2.6807e-01)	L_Trg_Inj 2.9172e-01 (3.4423e-01)	Loss Disc 6.8295e-01 (6.8227e-01)	Loss Pred 4.6137e-01 (4.5378e-01)	Loss TOTAL 8.5159e-01 (8.7087e-01)
Epoch: [3][150/441]	L_Src_Sup 1.2944e-01 (2.6608e-01)	L_Trg_Inj 4.4229e-01 (3.4539e-01)	Loss Disc 6.8296e-01 (6.8218e-01)	Loss Pred 4.3196e-01 (4.5396e-01)	Loss TOTAL 8.3061e-01 (8.7051e-01)
Epoch: [3][160/441]	L_Src_Sup 2.2068e-01 (2.6568e-01)	L_Trg_Inj 4.2584e-01 (3.4378e-01)	Loss Disc 6.8298e-01 (6.8219e-01)	Loss Pred 4.3292e-01 (4.5342e-01)	Loss TOTAL 8.3906e-01 (8.6932e-01)
Epoch: [3][170/441]	L_Src_Sup 2.3212e-01 (2.6708e-01)	L_Trg_Inj 3.3045e-01 (3.4778e-01)	Loss Disc 6.8580e-01 (6.8210e-01)	Loss Pred 4.1960e-01 (4.5363e-01)	Loss TOTAL 8.1876e-01 (8.6920e-01)
Epoch: [3][180/441]	L_Src_Sup 3.0269e-01 (2.6470e-01)	L_Trg_Inj 2.1653e-01 (3.4300e-01)	Loss Disc 6.8442e-01 (6.8210e-01)	Loss Pred 4.2553e-01 (4.5387e-01)	Loss TOTAL 9.0582e-01 (8.6954e-01)
Epoch: [3][190/441]	L_Src_Sup 1.8302e-01 (2.6243e-01)	L_Trg_Inj 2.2944e-01 (3.4236e-01)	Loss Disc 6.8299e-01 (6.8218e-01)	Loss Pred 4.3024e-01 (4.5340e-01)	Loss TOTAL 8.1298e-01 (8.6809e-01)
Epoch: [3][200/441]	L_Src_Sup 1.4427e-01 (2.6168e-01)	L_Trg_Inj 4.2423e-01 (3.4005e-01)	Loss Disc 6.9025e-01 (6.8227e-01)	Loss Pred 3.9849e-01 (4.5266e-01)	Loss TOTAL 8.0046e-01 (8.6731e-01)
Epoch: [3][210/441]	L_Src_Sup 3.6068e-01 (2.5977e-01)	L_Trg_Inj 2.0279e-01 (3.3910e-01)	Loss Disc 6.8439e-01 (6.8226e-01)	Loss Pred 4.2563e-01 (4.5220e-01)	Loss TOTAL 9.8206e-01 (8.6667e-01)
Epoch: [3][220/441]	L_Src_Sup 2.2987e-01 (2.5832e-01)	L_Trg_Inj 2.5158e-01 (3.3730e-01)	Loss Disc 6.8297e-01 (6.8227e-01)	Loss Pred 4.3018e-01 (4.5166e-01)	Loss TOTAL 8.1981e-01 (8.6569e-01)
Epoch: [3][230/441]	L_Src_Sup 2.7759e-01 (2.6011e-01)	L_Trg_Inj 3.5561e-01 (3.3849e-01)	Loss Disc 6.7569e-01 (6.8221e-01)	Loss Pred 4.6168e-01 (4.5174e-01)	Loss TOTAL 8.6284e-01 (8.6584e-01)
Epoch: [3][240/441]	L_Src_Sup 2.5605e-01 (2.5844e-01)	L_Trg_Inj 2.3282e-01 (3.3615e-01)	Loss Disc 6.8150e-01 (6.8224e-01)	Loss Pred 4.3609e-01 (4.5131e-01)	Loss TOTAL 8.4896e-01 (8.6468e-01)
Epoch: [3][250/441]	L_Src_Sup 3.3291e-01 (2.6106e-01)	L_Trg_Inj 3.7180e-01 (3.4039e-01)	Loss Disc 6.8587e-01 (6.8227e-01)	Loss Pred 4.7105e-01 (4.5137e-01)	Loss TOTAL 8.8446e-01 (8.6523e-01)
Epoch: [3][260/441]	L_Src_Sup 2.9578e-01 (2.6122e-01)	L_Trg_Inj 4.1488e-01 (3.4115e-01)	Loss Disc 6.8150e-01 (6.8221e-01)	Loss Pred 4.3671e-01 (4.5132e-01)	Loss TOTAL 8.4852e-01 (8.6501e-01)
Epoch: [3][270/441]	L_Src_Sup 3.0122e-01 (2.6121e-01)	L_Trg_Inj 4.1226e-01 (3.4023e-01)	Loss Disc 6.7443e-01 (6.8220e-01)	Loss Pred 4.6579e-01 (4.5153e-01)	Loss TOTAL 8.7435e-01 (8.6494e-01)
Epoch: [3][280/441]	L_Src_Sup 2.1409e-01 (2.5975e-01)	L_Trg_Inj 3.1706e-01 (3.3931e-01)	Loss Disc 6.8302e-01 (6.8218e-01)	Loss Pred 4.3153e-01 (4.5154e-01)	Loss TOTAL 8.2616e-01 (8.6446e-01)
Epoch: [3][290/441]	L_Src_Sup 1.8215e-01 (2.5832e-01)	L_Trg_Inj 3.7452e-01 (3.3829e-01)	Loss Disc 6.8126e-01 (6.8224e-01)	Loss Pred 4.6417e-01 (4.5116e-01)	Loss TOTAL 8.6047e-01 (8.6359e-01)
Epoch: [3][300/441]	L_Src_Sup 3.7045e-01 (2.5918e-01)	L_Trg_Inj 2.3641e-01 (3.3646e-01)	Loss Disc 6.6982e-01 (6.8216e-01)	Loss Pred 4.9542e-01 (4.5124e-01)	Loss TOTAL 1.0251e+00 (8.6406e-01)
Epoch: [3][310/441]	L_Src_Sup 1.3252e-01 (2.5788e-01)	L_Trg_Inj 4.7693e-01 (3.3667e-01)	Loss Disc 6.8303e-01 (6.8216e-01)	Loss Pred 4.6023e-01 (4.5108e-01)	Loss TOTAL 8.6268e-01 (8.6357e-01)
Epoch: [3][320/441]	L_Src_Sup 3.5695e-01 (2.5768e-01)	L_Trg_Inj 4.0839e-01 (3.3717e-01)	Loss Disc 6.8156e-01 (6.8219e-01)	Loss Pred 4.3750e-01 (4.5107e-01)	Loss TOTAL 8.5481e-01 (8.6328e-01)
Epoch: [3][330/441]	L_Src_Sup 2.5393e-01 (2.5786e-01)	L_Trg_Inj 3.7278e-01 (3.3751e-01)	Loss Disc 6.7271e-01 (6.8216e-01)	Loss Pred 4.7813e-01 (4.5094e-01)	Loss TOTAL 8.7715e-01 (8.6284e-01)
Epoch: [3][340/441]	L_Src_Sup 1.6832e-01 (2.5656e-01)	L_Trg_Inj 2.8351e-01 (3.3743e-01)	Loss Disc 6.7983e-01 (6.8205e-01)	Loss Pred 4.4516e-01 (4.5111e-01)	Loss TOTAL 8.3025e-01 (8.6277e-01)
Epoch: [3][350/441]	L_Src_Sup 2.5868e-01 (2.5621e-01)	L_Trg_Inj 4.0191e-01 (3.3718e-01)	Loss Disc 6.8582e-01 (6.8201e-01)	Loss Pred 4.7147e-01 (4.5134e-01)	Loss TOTAL 8.8044e-01 (8.6298e-01)
Epoch: [3][360/441]	L_Src_Sup 1.7182e-01 (2.5590e-01)	L_Trg_Inj 2.8744e-01 (3.3850e-01)	Loss Disc 6.8007e-01 (6.8204e-01)	Loss Pred 4.4269e-01 (4.5133e-01)	Loss TOTAL 8.2865e-01 (8.6282e-01)
Epoch: [3][370/441]	L_Src_Sup 2.8698e-01 (2.5616e-01)	L_Trg_Inj 3.6106e-01 (3.3797e-01)	Loss Disc 6.8289e-01 (6.8198e-01)	Loss Pred 4.3614e-01 (4.5139e-01)	Loss TOTAL 8.4239e-01 (8.6273e-01)
Epoch: [3][380/441]	L_Src_Sup 2.6940e-01 (2.5629e-01)	L_Trg_Inj 4.5277e-01 (3.3829e-01)	Loss Disc 6.8005e-01 (6.8200e-01)	Loss Pred 4.4271e-01 (4.5116e-01)	Loss TOTAL 8.5495e-01 (8.6246e-01)
Epoch: [3][390/441]	L_Src_Sup 1.5988e-01 (2.5589e-01)	L_Trg_Inj 3.8361e-01 (3.3802e-01)	Loss Disc 6.8580e-01 (6.8198e-01)	Loss Pred 4.7094e-01 (4.5126e-01)	Loss TOTAL 8.6819e-01 (8.6226e-01)
Epoch: [3][400/441]	L_Src_Sup 1.5220e-01 (2.5559e-01)	L_Trg_Inj 2.2381e-01 (3.3717e-01)	Loss Disc 6.7854e-01 (6.8196e-01)	Loss Pred 5.2403e-01 (4.5145e-01)	Loss TOTAL 9.0090e-01 (8.6213e-01)
Epoch: [3][410/441]	L_Src_Sup 1.2919e-01 (2.5445e-01)	L_Trg_Inj 3.0711e-01 (3.3600e-01)	Loss Disc 6.8433e-01 (6.8199e-01)	Loss Pred 4.2351e-01 (4.5101e-01)	Loss TOTAL 8.0930e-01 (8.6150e-01)
Epoch: [3][420/441]	L_Src_Sup 2.1246e-01 (2.5524e-01)	L_Trg_Inj 4.3138e-01 (3.3799e-01)	Loss Disc 6.8297e-01 (6.8202e-01)	Loss Pred 4.2965e-01 (4.5092e-01)	Loss TOTAL 8.3551e-01 (8.6178e-01)
Epoch: [3][430/441]	L_Src_Sup 2.0582e-01 (2.5505e-01)	L_Trg_Inj 4.3328e-01 (3.3783e-01)	Loss Disc 6.8414e-01 (6.8199e-01)	Loss Pred 4.5091e-01 (4.5095e-01)	Loss TOTAL 8.5689e-01 (8.6171e-01)
Epoch: [3][440/441]	L_Src_Sup 1.8258e-01 (2.5444e-01)	L_Trg_Inj 3.2903e-01 (3.3789e-01)	Loss Disc 6.8720e-01 (6.8202e-01)	Loss Pred 4.1966e-01 (4.5075e-01)	Loss TOTAL 8.1442e-01 (8.6141e-01)
Epoch: [3][441/441]	L_Src_Sup 1.8348e-01 (2.5427e-01)	L_Trg_Inj 3.5124e-01 (3.3792e-01)	Loss Disc 6.8305e-01 (6.8202e-01)	Loss Pred 4.8839e-01 (4.5084e-01)	Loss TOTAL 8.8339e-01 (8.6146e-01)
Epoch 3 complete. Saving model state...
Epoch: [4][ 10/441]	L_Src_Sup 2.6570e-01 (2.5686e-01)	L_Trg_Inj 4.8123e-01 (3.6918e-01)	Loss Disc 6.8572e-01 (6.8108e-01)	Loss Pred 4.7111e-01 (4.4978e-01)	Loss TOTAL 8.8866e-01 (8.6078e-01)
Epoch: [4][ 20/441]	L_Src_Sup 1.6824e-01 (2.3954e-01)	L_Trg_Inj 1.8199e-01 (3.3629e-01)	Loss Disc 6.8147e-01 (6.8117e-01)	Loss Pred 4.3596e-01 (4.5147e-01)	Loss TOTAL 8.1171e-01 (8.5357e-01)
Epoch: [4][ 30/441]	L_Src_Sup 2.9439e-01 (2.5496e-01)	L_Trg_Inj 3.8728e-01 (3.4791e-01)	Loss Disc 6.7983e-01 (6.8100e-01)	Loss Pred 4.5922e-01 (4.5141e-01)	Loss TOTAL 8.6730e-01 (8.5849e-01)
Epoch: [4][ 40/441]	L_Src_Sup 1.9583e-01 (2.4587e-01)	L_Trg_Inj 2.4596e-01 (3.3286e-01)	Loss Disc 6.7712e-01 (6.8115e-01)	Loss Pred 4.8230e-01 (4.5153e-01)	Loss TOTAL 8.6504e-01 (8.5503e-01)
Epoch: [4][ 50/441]	L_Src_Sup 2.9452e-01 (2.4407e-01)	L_Trg_Inj 2.8932e-01 (3.2551e-01)	Loss Disc 6.8571e-01 (6.8123e-01)	Loss Pred 4.1754e-01 (4.5161e-01)	Loss TOTAL 8.2397e-01 (8.5727e-01)
Epoch: [4][ 60/441]	L_Src_Sup 2.6997e-01 (2.4596e-01)	L_Trg_Inj 2.5760e-01 (3.2931e-01)	Loss Disc 6.8380e-01 (6.8114e-01)	Loss Pred 4.6610e-01 (4.5346e-01)	Loss TOTAL 8.7312e-01 (8.5849e-01)
Epoch: [4][ 70/441]	L_Src_Sup 1.4262e-01 (2.4205e-01)	L_Trg_Inj 3.4014e-01 (3.3218e-01)	Loss Disc 6.7704e-01 (6.8121e-01)	Loss Pred 4.6474e-01 (4.5163e-01)	Loss TOTAL 8.5154e-01 (8.5627e-01)
Epoch: [4][ 80/441]	L_Src_Sup 8.2580e-02 (2.3739e-01)	L_Trg_Inj 2.5024e-01 (3.3029e-01)	Loss Disc 6.7701e-01 (6.8125e-01)	Loss Pred 4.5274e-01 (4.5125e-01)	Loss TOTAL 8.2452e-01 (8.5490e-01)
Epoch: [4][ 90/441]	L_Src_Sup 1.4802e-01 (2.3237e-01)	L_Trg_Inj 2.8104e-01 (3.2337e-01)	Loss Disc 6.8392e-01 (6.8121e-01)	Loss Pred 4.2490e-01 (4.5347e-01)	Loss TOTAL 8.0977e-01 (8.5569e-01)
Epoch: [4][100/441]	L_Src_Sup 2.8002e-01 (2.3379e-01)	L_Trg_Inj 3.5897e-01 (3.2011e-01)	Loss Disc 6.8304e-01 (6.8134e-01)	Loss Pred 4.2968e-01 (4.5230e-01)	Loss TOTAL 8.3510e-01 (8.5573e-01)
Epoch: [4][110/441]	L_Src_Sup 2.5539e-01 (2.3321e-01)	L_Trg_Inj 2.7271e-01 (3.1661e-01)	Loss Disc 6.8163e-01 (6.8148e-01)	Loss Pred 4.3628e-01 (4.5109e-01)	Loss TOTAL 8.2991e-01 (8.5408e-01)
Epoch: [4][120/441]	L_Src_Sup 2.8296e-01 (2.3093e-01)	L_Trg_Inj 3.3735e-01 (3.1190e-01)	Loss Disc 6.8468e-01 (6.8156e-01)	Loss Pred 4.3513e-01 (4.5046e-01)	Loss TOTAL 8.3950e-01 (8.5339e-01)
Epoch: [4][130/441]	L_Src_Sup 1.7050e-01 (2.2776e-01)	L_Trg_Inj 2.0793e-01 (3.1058e-01)	Loss Disc 6.8187e-01 (6.8164e-01)	Loss Pred 4.9303e-01 (4.5051e-01)	Loss TOTAL 8.7181e-01 (8.5260e-01)
Epoch: [4][140/441]	L_Src_Sup 1.6991e-01 (2.2696e-01)	L_Trg_Inj 2.9954e-01 (3.1119e-01)	Loss Disc 6.8013e-01 (6.8163e-01)	Loss Pred 4.6971e-01 (4.5045e-01)	Loss TOTAL 8.5672e-01 (8.5236e-01)
Epoch: [4][150/441]	L_Src_Sup 7.4855e-01 (2.3085e-01)	L_Trg_Inj 3.7187e-01 (3.1047e-01)	Loss Disc 6.8491e-01 (6.8162e-01)	Loss Pred 4.4014e-01 (4.5110e-01)	Loss TOTAL 1.2713e+00 (8.5649e-01)
Epoch: [4][160/441]	L_Src_Sup 2.3839e-01 (2.3468e-01)	L_Trg_Inj 5.3224e-01 (3.1925e-01)	Loss Disc 6.8090e-01 (6.8160e-01)	Loss Pred 4.9912e-01 (4.5456e-01)	Loss TOTAL 9.1663e-01 (8.6069e-01)
Epoch: [4][170/441]	L_Src_Sup 2.1174e-01 (2.3450e-01)	L_Trg_Inj 3.1523e-01 (3.1876e-01)	Loss Disc 6.7869e-01 (6.8158e-01)	Loss Pred 4.8968e-01 (4.5582e-01)	Loss TOTAL 8.8172e-01 (8.6134e-01)
Epoch: [4][180/441]	L_Src_Sup 2.9413e-01 (2.3683e-01)	L_Trg_Inj 2.5997e-01 (3.2068e-01)	Loss Disc 6.8262e-01 (6.8159e-01)	Loss Pred 4.3355e-01 (4.5543e-01)	Loss TOTAL 8.6444e-01 (8.6117e-01)
Epoch: [4][190/441]	L_Src_Sup 3.3736e-01 (2.3751e-01)	L_Trg_Inj 4.1220e-01 (3.2182e-01)	Loss Disc 6.8143e-01 (6.8152e-01)	Loss Pred 4.3843e-01 (4.5608e-01)	Loss TOTAL 8.5410e-01 (8.6175e-01)
Epoch: [4][200/441]	L_Src_Sup 1.5698e-01 (2.3488e-01)	L_Trg_Inj 2.4941e-01 (3.1907e-01)	Loss Disc 6.8413e-01 (6.8158e-01)	Loss Pred 4.2492e-01 (4.5554e-01)	Loss TOTAL 8.0763e-01 (8.6070e-01)
Epoch: [4][210/441]	L_Src_Sup 3.2346e-01 (2.3672e-01)	L_Trg_Inj 4.6417e-01 (3.1850e-01)	Loss Disc 6.8011e-01 (6.8159e-01)	Loss Pred 4.4372e-01 (4.5524e-01)	Loss TOTAL 8.6254e-01 (8.6109e-01)
Epoch: [4][220/441]	L_Src_Sup 2.3795e-01 (2.3906e-01)	L_Trg_Inj 4.2900e-01 (3.2155e-01)	Loss Disc 6.8303e-01 (6.8169e-01)	Loss Pred 4.8350e-01 (4.5471e-01)	Loss TOTAL 8.9170e-01 (8.6115e-01)
Epoch: [4][230/441]	L_Src_Sup 2.2434e-01 (2.3820e-01)	L_Trg_Inj 2.9577e-01 (3.2214e-01)	Loss Disc 6.8719e-01 (6.8172e-01)	Loss Pred 4.1268e-01 (4.5380e-01)	Loss TOTAL 8.0829e-01 (8.6008e-01)
Epoch: [4][240/441]	L_Src_Sup 1.8143e-01 (2.3748e-01)	L_Trg_Inj 2.7148e-01 (3.2022e-01)	Loss Disc 6.8425e-01 (6.8171e-01)	Loss Pred 4.5094e-01 (4.5390e-01)	Loss TOTAL 8.3836e-01 (8.5979e-01)
Epoch: [4][250/441]	L_Src_Sup 2.6273e-01 (2.3708e-01)	L_Trg_Inj 3.5542e-01 (3.1853e-01)	Loss Disc 6.7843e-01 (6.8160e-01)	Loss Pred 5.1163e-01 (4.5418e-01)	Loss TOTAL 9.1267e-01 (8.6049e-01)
Epoch: [4][260/441]	L_Src_Sup 3.0066e-01 (2.3642e-01)	L_Trg_Inj 3.1072e-01 (3.1809e-01)	Loss Disc 6.8540e-01 (6.8158e-01)	Loss Pred 4.1844e-01 (4.5379e-01)	Loss TOTAL 8.2228e-01 (8.5990e-01)
Epoch: [4][270/441]	L_Src_Sup 2.3482e-01 (2.3670e-01)	L_Trg_Inj 3.8552e-01 (3.1917e-01)	Loss Disc 6.7982e-01 (6.8158e-01)	Loss Pred 4.4399e-01 (4.5353e-01)	Loss TOTAL 8.4593e-01 (8.6022e-01)
Epoch: [4][280/441]	L_Src_Sup 1.6425e-01 (2.3584e-01)	L_Trg_Inj 2.9376e-01 (3.2063e-01)	Loss Disc 6.8427e-01 (6.8157e-01)	Loss Pred 4.4996e-01 (4.5329e-01)	Loss TOTAL 8.3790e-01 (8.5967e-01)
Epoch: [4][290/441]	L_Src_Sup 2.2534e-01 (2.3522e-01)	L_Trg_Inj 3.6546e-01 (3.2053e-01)	Loss Disc 6.7562e-01 (6.8151e-01)	Loss Pred 4.6417e-01 (4.5332e-01)	Loss TOTAL 8.6106e-01 (8.5944e-01)
Epoch: [4][300/441]	L_Src_Sup 1.5247e-01 (2.3416e-01)	L_Trg_Inj 3.1314e-01 (3.2038e-01)	Loss Disc 6.7833e-01 (6.8149e-01)	Loss Pred 4.4969e-01 (4.5309e-01)	Loss TOTAL 8.3541e-01 (8.5878e-01)
Epoch: [4][310/441]	L_Src_Sup 1.7255e-01 (2.3357e-01)	L_Trg_Inj 1.8774e-01 (3.1924e-01)	Loss Disc 6.7712e-01 (6.8149e-01)	Loss Pred 4.8065e-01 (4.5345e-01)	Loss TOTAL 8.5524e-01 (8.5867e-01)
Epoch: [4][320/441]	L_Src_Sup 2.0415e-01 (2.3329e-01)	L_Trg_Inj 2.0386e-01 (3.1781e-01)	Loss Disc 6.7900e-01 (6.8156e-01)	Loss Pred 4.4905e-01 (4.5301e-01)	Loss TOTAL 8.2963e-01 (8.5854e-01)
Epoch: [4][330/441]	L_Src_Sup 2.0545e-01 (2.3188e-01)	L_Trg_Inj 3.6078e-01 (3.1964e-01)	Loss Disc 6.7606e-01 (6.8153e-01)	Loss Pred 4.6673e-01 (4.5270e-01)	Loss TOTAL 8.6139e-01 (8.5801e-01)
Epoch: [4][340/441]	L_Src_Sup 3.3534e-01 (2.3145e-01)	L_Trg_Inj 3.2020e-01 (3.2028e-01)	Loss Disc 6.8836e-01 (6.8160e-01)	Loss Pred 4.3296e-01 (4.5214e-01)	Loss TOTAL 8.5784e-01 (8.5731e-01)
Epoch: [4][350/441]	L_Src_Sup 2.2993e-01 (2.3100e-01)	L_Trg_Inj 4.3595e-01 (3.2267e-01)	Loss Disc 6.8562e-01 (6.8163e-01)	Loss Pred 4.1052e-01 (4.5154e-01)	Loss TOTAL 8.1992e-01 (8.5665e-01)
Epoch: [4][360/441]	L_Src_Sup 2.4221e-01 (2.3032e-01)	L_Trg_Inj 2.7134e-01 (3.2268e-01)	Loss Disc 6.8818e-01 (6.8162e-01)	Loss Pred 4.2999e-01 (4.5138e-01)	Loss TOTAL 8.2544e-01 (8.5619e-01)
Epoch: [4][370/441]	L_Src_Sup 2.3638e-01 (2.2986e-01)	L_Trg_Inj 2.4577e-01 (3.2165e-01)	Loss Disc 6.7896e-01 (6.8159e-01)	Loss Pred 4.5547e-01 (4.5154e-01)	Loss TOTAL 8.4317e-01 (8.5604e-01)
Epoch: [4][380/441]	L_Src_Sup 2.5253e-01 (2.2949e-01)	L_Trg_Inj 2.3825e-01 (3.1999e-01)	Loss Disc 6.9093e-01 (6.8158e-01)	Loss Pred 3.9159e-01 (4.5140e-01)	Loss TOTAL 8.0042e-01 (8.5554e-01)
Epoch: [4][390/441]	L_Src_Sup 2.5033e-01 (2.2804e-01)	L_Trg_Inj 2.1737e-01 (3.1904e-01)	Loss Disc 6.8144e-01 (6.8164e-01)	Loss Pred 4.3594e-01 (4.5104e-01)	Loss TOTAL 8.5639e-01 (8.5484e-01)
Epoch: [4][400/441]	L_Src_Sup 2.2832e-01 (2.2747e-01)	L_Trg_Inj 2.6240e-01 (3.1924e-01)	Loss Disc 6.7459e-01 (6.8166e-01)	Loss Pred 4.9345e-01 (4.5079e-01)	Loss TOTAL 8.7982e-01 (8.5435e-01)
Epoch: [4][410/441]	L_Src_Sup 3.2264e-01 (2.2698e-01)	L_Trg_Inj 3.2628e-01 (3.1720e-01)	Loss Disc 6.7969e-01 (6.8166e-01)	Loss Pred 4.6797e-01 (4.5080e-01)	Loss TOTAL 8.7271e-01 (8.5418e-01)
Epoch: [4][420/441]	L_Src_Sup 4.6566e-01 (2.2733e-01)	L_Trg_Inj 3.4466e-01 (3.1760e-01)	Loss Disc 6.7759e-01 (6.8170e-01)	Loss Pred 4.8063e-01 (4.5048e-01)	Loss TOTAL 1.0215e+00 (8.5420e-01)
Epoch: [4][430/441]	L_Src_Sup 2.9181e-01 (2.2682e-01)	L_Trg_Inj 2.0402e-01 (3.1796e-01)	Loss Disc 6.7904e-01 (6.8170e-01)	Loss Pred 4.7392e-01 (4.5065e-01)	Loss TOTAL 9.5081e-01 (8.5436e-01)
Epoch: [4][440/441]	L_Src_Sup 2.5433e-01 (2.2618e-01)	L_Trg_Inj 2.8134e-01 (3.1770e-01)	Loss Disc 6.8257e-01 (6.8170e-01)	Loss Pred 4.8334e-01 (4.5050e-01)	Loss TOTAL 8.7820e-01 (8.5393e-01)
Epoch: [4][441/441]	L_Src_Sup 2.2244e-01 (2.2617e-01)	L_Trg_Inj 3.0612e-01 (3.1767e-01)	Loss Disc 6.7807e-01 (6.8169e-01)	Loss Pred 4.7374e-01 (4.5055e-01)	Loss TOTAL 8.6563e-01 (8.5395e-01)
Epoch 4 complete. Saving model state...
Epoch: [5][ 10/441]	L_Src_Sup 1.7263e-01 (2.1607e-01)	L_Trg_Inj 2.9079e-01 (3.1771e-01)	Loss Disc 6.8303e-01 (6.8422e-01)	Loss Pred 4.3160e-01 (4.2730e-01)	Loss TOTAL 8.1945e-01 (8.2827e-01)
Epoch: [5][ 20/441]	L_Src_Sup 2.1556e-01 (2.1286e-01)	L_Trg_Inj 4.9746e-01 (3.5713e-01)	Loss Disc 6.8246e-01 (6.8312e-01)	Loss Pred 4.8237e-01 (4.3372e-01)	Loss TOTAL 8.9490e-01 (8.3594e-01)
Epoch: [5][ 30/441]	L_Src_Sup 1.7437e-01 (2.0801e-01)	L_Trg_Inj 2.7387e-01 (3.5320e-01)	Loss Disc 6.7437e-01 (6.8252e-01)	Loss Pred 4.6650e-01 (4.4033e-01)	Loss TOTAL 8.4850e-01 (8.4015e-01)
Epoch: [5][ 40/441]	L_Src_Sup 2.1557e-01 (2.0960e-01)	L_Trg_Inj 3.2804e-01 (3.4586e-01)	Loss Disc 6.8266e-01 (6.8198e-01)	Loss Pred 4.2926e-01 (4.4215e-01)	Loss TOTAL 8.2495e-01 (8.4118e-01)
Epoch: [5][ 50/441]	L_Src_Sup 3.0801e-01 (2.1345e-01)	L_Trg_Inj 3.8031e-01 (3.4017e-01)	Loss Disc 6.7680e-01 (6.8173e-01)	Loss Pred 4.5387e-01 (4.4467e-01)	Loss TOTAL 8.6110e-01 (8.4601e-01)
Epoch: [5][ 60/441]	L_Src_Sup 1.5250e-01 (2.1238e-01)	L_Trg_Inj 3.1768e-01 (3.3746e-01)	Loss Disc 6.7814e-01 (6.8168e-01)	Loss Pred 4.4780e-01 (4.4493e-01)	Loss TOTAL 8.3389e-01 (8.4511e-01)
Epoch: [5][ 70/441]	L_Src_Sup 1.6398e-01 (2.1200e-01)	L_Trg_Inj 3.2293e-01 (3.3467e-01)	Loss Disc 6.8487e-01 (6.8172e-01)	Loss Pred 4.4081e-01 (4.4547e-01)	Loss TOTAL 8.3194e-01 (8.4537e-01)
Epoch: [5][ 80/441]	L_Src_Sup 1.9675e-01 (2.1099e-01)	L_Trg_Inj 3.1232e-01 (3.2842e-01)	Loss Disc 6.8525e-01 (6.8184e-01)	Loss Pred 4.4252e-01 (4.4513e-01)	Loss TOTAL 8.3605e-01 (8.4473e-01)
Epoch: [5][ 90/441]	L_Src_Sup 1.0289e-01 (2.0859e-01)	L_Trg_Inj 3.4216e-01 (3.2849e-01)	Loss Disc 6.7699e-01 (6.8165e-01)	Loss Pred 4.5361e-01 (4.4595e-01)	Loss TOTAL 8.3661e-01 (8.4498e-01)
Epoch: [5][100/441]	L_Src_Sup 2.3553e-01 (2.0774e-01)	L_Trg_Inj 2.3926e-01 (3.2588e-01)	Loss Disc 6.8129e-01 (6.8162e-01)	Loss Pred 4.6111e-01 (4.4690e-01)	Loss TOTAL 8.4923e-01 (8.4512e-01)
Epoch: [5][110/441]	L_Src_Sup 1.4921e-01 (2.0574e-01)	L_Trg_Inj 1.5453e-01 (3.2042e-01)	Loss Disc 6.8337e-01 (6.8162e-01)	Loss Pred 4.2800e-01 (4.4727e-01)	Loss TOTAL 8.0006e-01 (8.4437e-01)
Epoch: [5][120/441]	L_Src_Sup 1.9176e-01 (2.0704e-01)	L_Trg_Inj 3.1083e-01 (3.1866e-01)	Loss Disc 6.8830e-01 (6.8157e-01)	Loss Pred 4.0379e-01 (4.4751e-01)	Loss TOTAL 7.9820e-01 (8.4552e-01)
Epoch: [5][130/441]	L_Src_Sup 2.4797e-01 (2.0824e-01)	L_Trg_Inj 2.4400e-01 (3.2016e-01)	Loss Disc 6.8301e-01 (6.8158e-01)	Loss Pred 4.2831e-01 (4.4795e-01)	Loss TOTAL 8.2298e-01 (8.4659e-01)
Epoch: [5][140/441]	L_Src_Sup 3.3354e-01 (2.0829e-01)	L_Trg_Inj 3.2246e-01 (3.2043e-01)	Loss Disc 6.8231e-01 (6.8150e-01)	Loss Pred 4.5504e-01 (4.4791e-01)	Loss TOTAL 8.7287e-01 (8.4692e-01)
Epoch: [5][150/441]	L_Src_Sup 2.6452e-01 (2.0697e-01)	L_Trg_Inj 3.1338e-01 (3.2179e-01)	Loss Disc 6.8246e-01 (6.8141e-01)	Loss Pred 4.2806e-01 (4.4852e-01)	Loss TOTAL 8.2708e-01 (8.4713e-01)
Epoch: [5][160/441]	L_Src_Sup 2.0349e-01 (2.0663e-01)	L_Trg_Inj 1.7459e-01 (3.2033e-01)	Loss Disc 6.7884e-01 (6.8132e-01)	Loss Pred 4.4691e-01 (4.4846e-01)	Loss TOTAL 8.5304e-01 (8.4671e-01)
Epoch: [5][170/441]	L_Src_Sup 1.3673e-01 (2.0664e-01)	L_Trg_Inj 2.5004e-01 (3.1804e-01)	Loss Disc 6.7710e-01 (6.8121e-01)	Loss Pred 4.5364e-01 (4.4890e-01)	Loss TOTAL 8.3086e-01 (8.4659e-01)
Epoch: [5][180/441]	L_Src_Sup 1.6427e-01 (2.0595e-01)	L_Trg_Inj 3.9251e-01 (3.1546e-01)	Loss Disc 6.8304e-01 (6.8134e-01)	Loss Pred 4.2250e-01 (4.4764e-01)	Loss TOTAL 8.1970e-01 (8.4515e-01)
Epoch: [5][190/441]	L_Src_Sup 1.6675e-01 (2.0433e-01)	L_Trg_Inj 1.9277e-01 (3.1374e-01)	Loss Disc 6.8166e-01 (6.8132e-01)	Loss Pred 4.3469e-01 (4.4775e-01)	Loss TOTAL 8.1148e-01 (8.4474e-01)
Epoch: [5][200/441]	L_Src_Sup 1.4025e-01 (2.0510e-01)	L_Trg_Inj 3.4370e-01 (3.1228e-01)	Loss Disc 6.7850e-01 (6.8133e-01)	Loss Pred 4.4838e-01 (4.4730e-01)	Loss TOTAL 8.3602e-01 (8.4472e-01)
Epoch: [5][210/441]	L_Src_Sup 3.0259e-01 (2.0382e-01)	L_Trg_Inj 3.5425e-01 (3.1359e-01)	Loss Disc 6.8107e-01 (6.8147e-01)	Loss Pred 4.6139e-01 (4.4667e-01)	Loss TOTAL 8.6761e-01 (8.4391e-01)
Epoch: [5][220/441]	L_Src_Sup 2.0320e-01 (2.0388e-01)	L_Trg_Inj 2.7451e-01 (3.1322e-01)	Loss Disc 6.7594e-01 (6.8148e-01)	Loss Pred 4.8640e-01 (4.4653e-01)	Loss TOTAL 8.7215e-01 (8.4361e-01)
Epoch: [5][230/441]	L_Src_Sup 1.8567e-01 (2.0383e-01)	L_Trg_Inj 3.2443e-01 (3.1406e-01)	Loss Disc 6.8282e-01 (6.8149e-01)	Loss Pred 4.8145e-01 (4.4614e-01)	Loss TOTAL 8.7387e-01 (8.4343e-01)
Epoch: [5][240/441]	L_Src_Sup 2.1784e-01 (2.1023e-01)	L_Trg_Inj 4.1115e-01 (3.1598e-01)	Loss Disc 6.7756e-01 (6.8149e-01)	Loss Pred 5.3222e-01 (4.4677e-01)	Loss TOTAL 9.3390e-01 (8.4815e-01)
Epoch: [5][250/441]	L_Src_Sup 2.0883e-01 (2.1074e-01)	L_Trg_Inj 3.5210e-01 (3.1518e-01)	Loss Disc 6.8453e-01 (6.8141e-01)	Loss Pred 5.1695e-01 (4.4911e-01)	Loss TOTAL 9.1530e-01 (8.5011e-01)
Epoch: [5][260/441]	L_Src_Sup 1.8132e-01 (2.1031e-01)	L_Trg_Inj 3.9317e-01 (3.1489e-01)	Loss Disc 6.8441e-01 (6.8148e-01)	Loss Pred 4.5442e-01 (4.4927e-01)	Loss TOTAL 8.5407e-01 (8.5001e-01)
Epoch: [5][270/441]	L_Src_Sup 2.4653e-01 (2.0930e-01)	L_Trg_Inj 2.4524e-01 (3.1357e-01)	Loss Disc 6.8652e-01 (6.8155e-01)	Loss Pred 4.2851e-01 (4.4897e-01)	Loss TOTAL 8.2224e-01 (8.4923e-01)
Epoch: [5][280/441]	L_Src_Sup 1.6116e-01 (2.0883e-01)	L_Trg_Inj 3.2690e-01 (3.1329e-01)	Loss Disc 6.8445e-01 (6.8162e-01)	Loss Pred 4.2574e-01 (4.4924e-01)	Loss TOTAL 8.1678e-01 (8.4928e-01)
Epoch: [5][290/441]	L_Src_Sup 1.8737e-01 (2.0798e-01)	L_Trg_Inj 1.5478e-01 (3.1250e-01)	Loss Disc 6.8002e-01 (6.8163e-01)	Loss Pred 4.7166e-01 (4.4948e-01)	Loss TOTAL 8.7847e-01 (8.4937e-01)
Epoch: [5][300/441]	L_Src_Sup 1.3641e-01 (2.0786e-01)	L_Trg_Inj 2.9466e-01 (3.1134e-01)	Loss Disc 6.7979e-01 (6.8164e-01)	Loss Pred 4.7214e-01 (4.4933e-01)	Loss TOTAL 8.5514e-01 (8.4898e-01)
Epoch: [5][310/441]	L_Src_Sup 2.6290e-01 (2.0760e-01)	L_Trg_Inj 2.5882e-01 (3.1139e-01)	Loss Disc 6.8414e-01 (6.8168e-01)	Loss Pred 4.2430e-01 (4.4917e-01)	Loss TOTAL 8.2262e-01 (8.4861e-01)
Epoch: [5][320/441]	L_Src_Sup 1.8249e-01 (2.0762e-01)	L_Trg_Inj 3.1660e-01 (3.1049e-01)	Loss Disc 6.8158e-01 (6.8169e-01)	Loss Pred 4.3219e-01 (4.4891e-01)	Loss TOTAL 8.2289e-01 (8.4808e-01)
Epoch: [5][330/441]	L_Src_Sup 2.6909e-01 (2.0849e-01)	L_Trg_Inj 3.3594e-01 (3.1063e-01)	Loss Disc 6.8087e-01 (6.8165e-01)	Loss Pred 4.6286e-01 (4.4905e-01)	Loss TOTAL 8.6379e-01 (8.4831e-01)
Epoch: [5][340/441]	L_Src_Sup 2.4164e-01 (2.0919e-01)	L_Trg_Inj 2.7100e-01 (3.1013e-01)	Loss Disc 6.7696e-01 (6.8166e-01)	Loss Pred 4.8291e-01 (4.4897e-01)	Loss TOTAL 8.7265e-01 (8.4806e-01)
Epoch: [5][350/441]	L_Src_Sup 2.2980e-01 (2.0878e-01)	L_Trg_Inj 3.1609e-01 (3.0937e-01)	Loss Disc 6.8783e-01 (6.8175e-01)	Loss Pred 4.8416e-01 (4.4866e-01)	Loss TOTAL 8.8266e-01 (8.4764e-01)
Epoch: [5][360/441]	L_Src_Sup 1.8047e-01 (2.0853e-01)	L_Trg_Inj 3.5920e-01 (3.0861e-01)	Loss Disc 6.8562e-01 (6.8172e-01)	Loss Pred 4.6388e-01 (4.4891e-01)	Loss TOTAL 8.6066e-01 (8.4760e-01)
Epoch: [5][370/441]	L_Src_Sup 1.8667e-01 (2.0839e-01)	L_Trg_Inj 2.8657e-01 (3.0779e-01)	Loss Disc 6.7831e-01 (6.8166e-01)	Loss Pred 4.4836e-01 (4.4921e-01)	Loss TOTAL 8.3484e-01 (8.4779e-01)
Epoch: [5][380/441]	L_Src_Sup 1.6988e-01 (2.0813e-01)	L_Trg_Inj 2.6603e-01 (3.0667e-01)	Loss Disc 6.7833e-01 (6.8161e-01)	Loss Pred 4.4782e-01 (4.4922e-01)	Loss TOTAL 8.3057e-01 (8.4775e-01)
Epoch: [5][390/441]	L_Src_Sup 1.8211e-01 (2.0775e-01)	L_Trg_Inj 3.2267e-01 (3.0546e-01)	Loss Disc 6.8218e-01 (6.8157e-01)	Loss Pred 4.2865e-01 (4.4911e-01)	Loss TOTAL 8.2022e-01 (8.4735e-01)
Epoch: [5][400/441]	L_Src_Sup 1.4045e-01 (2.0680e-01)	L_Trg_Inj 2.7540e-01 (3.0408e-01)	Loss Disc 6.7393e-01 (6.8149e-01)	Loss Pred 4.9314e-01 (4.4926e-01)	Loss TOTAL 8.7170e-01 (8.4707e-01)
Epoch: [5][410/441]	L_Src_Sup 1.0629e-01 (2.0675e-01)	L_Trg_Inj 2.9146e-01 (3.0338e-01)	Loss Disc 6.8276e-01 (6.8153e-01)	Loss Pred 4.5280e-01 (4.4918e-01)	Loss TOTAL 8.3395e-01 (8.4710e-01)
Epoch: [5][420/441]	L_Src_Sup 2.4613e-01 (2.0602e-01)	L_Trg_Inj 2.4743e-01 (3.0257e-01)	Loss Disc 6.8523e-01 (6.8155e-01)	Loss Pred 4.4250e-01 (4.4900e-01)	Loss TOTAL 8.3447e-01 (8.4673e-01)
Epoch: [5][430/441]	L_Src_Sup 1.5688e-01 (2.0576e-01)	L_Trg_Inj 4.0548e-01 (3.0242e-01)	Loss Disc 6.8738e-01 (6.8156e-01)	Loss Pred 4.0389e-01 (4.4870e-01)	Loss TOTAL 8.0382e-01 (8.4648e-01)
Epoch: [5][440/441]	L_Src_Sup 2.4154e-01 (2.0527e-01)	L_Trg_Inj 3.0976e-01 (3.0231e-01)	Loss Disc 6.7839e-01 (6.8157e-01)	Loss Pred 5.0102e-01 (4.4858e-01)	Loss TOTAL 8.9535e-01 (8.4633e-01)
Epoch: [5][441/441]	L_Src_Sup 3.1424e-01 (2.0551e-01)	L_Trg_Inj 2.8440e-01 (3.0227e-01)	Loss Disc 6.8247e-01 (6.8157e-01)	Loss Pred 4.2827e-01 (4.4853e-01)	Loss TOTAL 8.5921e-01 (8.4636e-01)
Epoch 5 complete. Saving model state...
Epoch: [6][ 10/441]	L_Src_Sup 2.2775e-01 (2.0607e-01)	L_Trg_Inj 1.8069e-01 (3.1286e-01)	Loss Disc 6.8616e-01 (6.8347e-01)	Loss Pred 4.1541e-01 (4.3586e-01)	Loss TOTAL 8.4639e-01 (8.3419e-01)
Epoch: [6][ 20/441]	L_Src_Sup 3.6084e-01 (2.1897e-01)	L_Trg_Inj 3.4635e-01 (3.1999e-01)	Loss Disc 6.8285e-01 (6.8259e-01)	Loss Pred 4.2172e-01 (4.3527e-01)	Loss TOTAL 8.4835e-01 (8.3726e-01)
Epoch: [6][ 30/441]	L_Src_Sup 2.0351e-01 (2.2099e-01)	L_Trg_Inj 2.6599e-01 (3.2457e-01)	Loss Disc 6.7891e-01 (6.8210e-01)	Loss Pred 4.4717e-01 (4.3530e-01)	Loss TOTAL 8.3358e-01 (8.3573e-01)
Epoch: [6][ 40/441]	L_Src_Sup 1.6823e-01 (2.1734e-01)	L_Trg_Inj 3.1270e-01 (3.2279e-01)	Loss Disc 6.8079e-01 (6.8143e-01)	Loss Pred 4.6074e-01 (4.3887e-01)	Loss TOTAL 8.4923e-01 (8.3808e-01)
Epoch: [6][ 50/441]	L_Src_Sup 2.3670e-01 (2.2491e-01)	L_Trg_Inj 4.3268e-01 (3.2445e-01)	Loss Disc 6.7496e-01 (6.8122e-01)	Loss Pred 4.5985e-01 (4.4004e-01)	Loss TOTAL 8.6426e-01 (8.3968e-01)
Epoch: [6][ 60/441]	L_Src_Sup 2.1834e-01 (2.1683e-01)	L_Trg_Inj 4.1917e-01 (3.2952e-01)	Loss Disc 6.7882e-01 (6.8115e-01)	Loss Pred 4.4054e-01 (4.4043e-01)	Loss TOTAL 8.4371e-01 (8.3906e-01)
Epoch: [6][ 70/441]	L_Src_Sup 2.7241e-01 (2.1365e-01)	L_Trg_Inj 3.6530e-01 (3.2625e-01)	Loss Disc 6.8854e-01 (6.8138e-01)	Loss Pred 4.2252e-01 (4.4137e-01)	Loss TOTAL 8.3056e-01 (8.3898e-01)
Epoch: [6][ 80/441]	L_Src_Sup 1.4886e-01 (2.0914e-01)	L_Trg_Inj 2.7538e-01 (3.2076e-01)	Loss Disc 6.8276e-01 (6.8146e-01)	Loss Pred 4.3006e-01 (4.4151e-01)	Loss TOTAL 8.1386e-01 (8.3839e-01)
Epoch: [6][ 90/441]	L_Src_Sup 1.6811e-01 (2.1184e-01)	L_Trg_Inj 3.0583e-01 (3.1810e-01)	Loss Disc 6.8140e-01 (6.8141e-01)	Loss Pred 4.6092e-01 (4.4211e-01)	Loss TOTAL 8.4901e-01 (8.4012e-01)
Epoch: [6][100/441]	L_Src_Sup 1.6399e-01 (2.1118e-01)	L_Trg_Inj 2.9164e-01 (3.1600e-01)	Loss Disc 6.8510e-01 (6.8155e-01)	Loss Pred 4.4199e-01 (4.4347e-01)	Loss TOTAL 8.3010e-01 (8.4178e-01)
Epoch: [6][110/441]	L_Src_Sup 2.5414e-01 (2.0834e-01)	L_Trg_Inj 3.1185e-01 (3.1518e-01)	Loss Disc 6.8228e-01 (6.8148e-01)	Loss Pred 5.0783e-01 (4.4470e-01)	Loss TOTAL 9.0557e-01 (8.4253e-01)
Epoch: [6][120/441]	L_Src_Sup 1.6813e-01 (2.0817e-01)	L_Trg_Inj 2.7828e-01 (3.1631e-01)	Loss Disc 6.7944e-01 (6.8134e-01)	Loss Pred 4.4153e-01 (4.4493e-01)	Loss TOTAL 8.2590e-01 (8.4264e-01)
Epoch: [6][130/441]	L_Src_Sup 1.8495e-01 (2.0760e-01)	L_Trg_Inj 3.0229e-01 (3.1588e-01)	Loss Disc 6.7985e-01 (6.8137e-01)	Loss Pred 4.4075e-01 (4.4477e-01)	Loss TOTAL 8.2940e-01 (8.4231e-01)
Epoch: [6][140/441]	L_Src_Sup 1.5006e-01 (2.0688e-01)	L_Trg_Inj 4.0329e-01 (3.1613e-01)	Loss Disc 6.8018e-01 (6.8115e-01)	Loss Pred 4.3391e-01 (4.4602e-01)	Loss TOTAL 8.2934e-01 (8.4350e-01)
Epoch: [6][150/441]	L_Src_Sup 2.1328e-01 (2.0547e-01)	L_Trg_Inj 3.7980e-01 (3.1742e-01)	Loss Disc 6.7474e-01 (6.8115e-01)	Loss Pred 4.5957e-01 (4.4572e-01)	Loss TOTAL 8.5624e-01 (8.4289e-01)
Epoch: [6][160/441]	L_Src_Sup 1.3246e-01 (2.0451e-01)	L_Trg_Inj 1.7669e-01 (3.1472e-01)	Loss Disc 6.8455e-01 (6.8126e-01)	Loss Pred 4.4806e-01 (4.4512e-01)	Loss TOTAL 8.2125e-01 (8.4192e-01)
Epoch: [6][170/441]	L_Src_Sup 1.3568e-01 (2.0336e-01)	L_Trg_Inj 3.1052e-01 (3.1269e-01)	Loss Disc 6.7816e-01 (6.8132e-01)	Loss Pred 4.4796e-01 (4.4450e-01)	Loss TOTAL 8.3166e-01 (8.4088e-01)
Epoch: [6][180/441]	L_Src_Sup 1.7500e-01 (2.0235e-01)	L_Trg_Inj 2.9322e-01 (3.1310e-01)	Loss Disc 6.7955e-01 (6.8137e-01)	Loss Pred 4.6842e-01 (4.4420e-01)	Loss TOTAL 8.5502e-01 (8.4043e-01)
Epoch: [6][190/441]	L_Src_Sup 1.4878e-01 (2.0163e-01)	L_Trg_Inj 4.3914e-01 (3.1424e-01)	Loss Disc 6.8315e-01 (6.8136e-01)	Loss Pred 4.6808e-01 (4.4421e-01)	Loss TOTAL 8.6844e-01 (8.4056e-01)
Epoch: [6][200/441]	L_Src_Sup 1.8908e-01 (2.0165e-01)	L_Trg_Inj 3.0521e-01 (3.1272e-01)	Loss Disc 6.7984e-01 (6.8141e-01)	Loss Pred 4.4034e-01 (4.4399e-01)	Loss TOTAL 8.2969e-01 (8.4068e-01)
Epoch: [6][210/441]	L_Src_Sup 2.8351e-01 (2.0109e-01)	L_Trg_Inj 3.3355e-01 (3.1351e-01)	Loss Disc 6.8205e-01 (6.8142e-01)	Loss Pred 4.5426e-01 (4.4386e-01)	Loss TOTAL 8.5699e-01 (8.4037e-01)
Epoch: [6][220/441]	L_Src_Sup 2.3616e-01 (2.0130e-01)	L_Trg_Inj 3.4858e-01 (3.1254e-01)	Loss Disc 6.7919e-01 (6.8145e-01)	Loss Pred 4.4031e-01 (4.4405e-01)	Loss TOTAL 8.3838e-01 (8.4107e-01)
Epoch: [6][230/441]	L_Src_Sup 2.4026e-01 (2.0041e-01)	L_Trg_Inj 2.6904e-01 (3.1216e-01)	Loss Disc 6.8785e-01 (6.8146e-01)	Loss Pred 4.0220e-01 (4.4402e-01)	Loss TOTAL 7.9706e-01 (8.4071e-01)
Epoch: [6][240/441]	L_Src_Sup 2.9030e-01 (2.0209e-01)	L_Trg_Inj 2.7403e-01 (3.1044e-01)	Loss Disc 6.8264e-01 (6.8144e-01)	Loss Pred 4.2793e-01 (4.4457e-01)	Loss TOTAL 8.4195e-01 (8.4164e-01)
Epoch: [6][250/441]	L_Src_Sup 1.9516e-01 (2.0306e-01)	L_Trg_Inj 3.4678e-01 (3.1144e-01)	Loss Disc 6.8452e-01 (6.8150e-01)	Loss Pred 4.1474e-01 (4.4462e-01)	Loss TOTAL 8.1119e-01 (8.4184e-01)
Epoch: [6][260/441]	L_Src_Sup 1.6768e-01 (2.0307e-01)	L_Trg_Inj 2.6921e-01 (3.1224e-01)	Loss Disc 6.8038e-01 (6.8143e-01)	Loss Pred 5.0239e-01 (4.4554e-01)	Loss TOTAL 8.8627e-01 (8.4266e-01)
Epoch: [6][270/441]	L_Src_Sup 2.0514e-01 (2.0328e-01)	L_Trg_Inj 2.3744e-01 (3.1205e-01)	Loss Disc 6.7784e-01 (6.8141e-01)	Loss Pred 4.5286e-01 (4.4524e-01)	Loss TOTAL 8.3604e-01 (8.4230e-01)
Epoch: [6][280/441]	L_Src_Sup 1.8195e-01 (2.0254e-01)	L_Trg_Inj 3.6487e-01 (3.1224e-01)	Loss Disc 6.8192e-01 (6.8144e-01)	Loss Pred 4.2986e-01 (4.4505e-01)	Loss TOTAL 8.2550e-01 (8.4202e-01)
Epoch: [6][290/441]	L_Src_Sup 1.6263e-01 (2.0207e-01)	L_Trg_Inj 2.7540e-01 (3.1160e-01)	Loss Disc 6.8503e-01 (6.8139e-01)	Loss Pred 4.1511e-01 (4.4538e-01)	Loss TOTAL 8.0143e-01 (8.4205e-01)
Epoch: [6][300/441]	L_Src_Sup 3.1071e-01 (2.0293e-01)	L_Trg_Inj 3.0883e-01 (3.1014e-01)	Loss Disc 6.7559e-01 (6.8140e-01)	Loss Pred 4.5998e-01 (4.4520e-01)	Loss TOTAL 8.6161e-01 (8.4190e-01)
Epoch: [6][310/441]	L_Src_Sup 1.6673e-01 (2.0272e-01)	L_Trg_Inj 3.4130e-01 (3.1005e-01)	Loss Disc 6.8341e-01 (6.8141e-01)	Loss Pred 4.7237e-01 (4.4529e-01)	Loss TOTAL 8.6488e-01 (8.4181e-01)
Epoch: [6][320/441]	L_Src_Sup 2.2956e-01 (2.0236e-01)	L_Trg_Inj 2.3772e-01 (3.1090e-01)	Loss Disc 6.8405e-01 (6.8138e-01)	Loss Pred 4.2120e-01 (4.4523e-01)	Loss TOTAL 8.0995e-01 (8.4165e-01)
Epoch: [6][330/441]	L_Src_Sup 2.2589e-01 (2.0211e-01)	L_Trg_Inj 3.5151e-01 (3.1079e-01)	Loss Disc 6.8633e-01 (6.8139e-01)	Loss Pred 4.0872e-01 (4.4496e-01)	Loss TOTAL 8.0962e-01 (8.4121e-01)
Epoch: [6][340/441]	L_Src_Sup 1.9845e-01 (2.0228e-01)	L_Trg_Inj 2.3435e-01 (3.1036e-01)	Loss Disc 6.8409e-01 (6.8140e-01)	Loss Pred 4.4802e-01 (4.4501e-01)	Loss TOTAL 8.3335e-01 (8.4119e-01)
Epoch: [6][350/441]	L_Src_Sup 3.1420e-01 (2.0241e-01)	L_Trg_Inj 3.7275e-01 (3.1095e-01)	Loss Disc 6.8140e-01 (6.8145e-01)	Loss Pred 4.2760e-01 (4.4450e-01)	Loss TOTAL 8.3699e-01 (8.4066e-01)
Epoch: [6][360/441]	L_Src_Sup 2.2973e-01 (2.0273e-01)	L_Trg_Inj 2.2049e-01 (3.1071e-01)	Loss Disc 6.8588e-01 (6.8142e-01)	Loss Pred 4.4142e-01 (4.4474e-01)	Loss TOTAL 8.3863e-01 (8.4085e-01)
Epoch: [6][370/441]	L_Src_Sup 1.9839e-01 (2.0311e-01)	L_Trg_Inj 3.3570e-01 (3.1054e-01)	Loss Disc 6.8355e-01 (6.8136e-01)	Loss Pred 4.4766e-01 (4.4536e-01)	Loss TOTAL 8.4285e-01 (8.4156e-01)
Epoch: [6][380/441]	L_Src_Sup 1.1296e-01 (2.0295e-01)	L_Trg_Inj 2.2673e-01 (3.1055e-01)	Loss Disc 6.8678e-01 (6.8141e-01)	Loss Pred 4.0841e-01 (4.4509e-01)	Loss TOTAL 7.8576e-01 (8.4119e-01)
Epoch: [6][390/441]	L_Src_Sup 1.8339e-01 (2.0291e-01)	L_Trg_Inj 2.9809e-01 (3.1050e-01)	Loss Disc 6.8106e-01 (6.8138e-01)	Loss Pred 4.3386e-01 (4.4511e-01)	Loss TOTAL 8.2254e-01 (8.4125e-01)
Epoch: [6][400/441]	L_Src_Sup 2.1697e-01 (2.0273e-01)	L_Trg_Inj 2.9293e-01 (3.1076e-01)	Loss Disc 6.8229e-01 (6.8140e-01)	Loss Pred 4.5449e-01 (4.4483e-01)	Loss TOTAL 8.4662e-01 (8.4098e-01)
Epoch: [6][410/441]	L_Src_Sup 1.5524e-01 (2.0206e-01)	L_Trg_Inj 3.0186e-01 (3.1008e-01)	Loss Disc 6.7825e-01 (6.8140e-01)	Loss Pred 5.0052e-01 (4.4491e-01)	Loss TOTAL 8.8536e-01 (8.4082e-01)
Epoch: [6][420/441]	L_Src_Sup 2.8853e-01 (2.0231e-01)	L_Trg_Inj 1.7261e-01 (3.0898e-01)	Loss Disc 6.7927e-01 (6.8132e-01)	Loss Pred 4.5337e-01 (4.4539e-01)	Loss TOTAL 9.5503e-01 (8.4145e-01)
Epoch: [6][430/441]	L_Src_Sup 2.4200e-01 (2.0215e-01)	L_Trg_Inj 3.0378e-01 (3.0831e-01)	Loss Disc 6.8633e-01 (6.8131e-01)	Loss Pred 4.0883e-01 (4.4532e-01)	Loss TOTAL 8.0657e-01 (8.4119e-01)
Epoch: [6][440/441]	L_Src_Sup 1.6539e-01 (2.0140e-01)	L_Trg_Inj 2.4984e-01 (3.0670e-01)	Loss Disc 6.8249e-01 (6.8132e-01)	Loss Pred 4.2766e-01 (4.4564e-01)	Loss TOTAL 8.1042e-01 (8.4123e-01)
Epoch: [6][441/441]	L_Src_Sup 2.8610e-01 (2.0159e-01)	L_Trg_Inj 2.9211e-01 (3.0666e-01)	Loss Disc 6.8101e-01 (6.8131e-01)	Loss Pred 4.6081e-01 (4.4567e-01)	Loss TOTAL 8.5914e-01 (8.4127e-01)
Epoch 6 complete. Saving model state...
Epoch: [7][ 10/441]	L_Src_Sup 8.3395e-02 (1.8753e-01)	L_Trg_Inj 2.1462e-01 (2.7142e-01)	Loss Disc 6.8160e-01 (6.8137e-01)	Loss Pred 4.3338e-01 (4.4337e-01)	Loss TOTAL 8.0398e-01 (8.3090e-01)
Epoch: [7][ 20/441]	L_Src_Sup 1.6417e-01 (1.9751e-01)	L_Trg_Inj 3.0280e-01 (2.7306e-01)	Loss Disc 6.8367e-01 (6.8164e-01)	Loss Pred 4.2160e-01 (4.4462e-01)	Loss TOTAL 8.1013e-01 (8.3526e-01)
Epoch: [7][ 30/441]	L_Src_Sup 2.5826e-01 (1.9457e-01)	L_Trg_Inj 3.3872e-01 (2.8101e-01)	Loss Disc 6.8884e-01 (6.8132e-01)	Loss Pred 4.5051e-01 (4.4812e-01)	Loss TOTAL 8.5463e-01 (8.3995e-01)
Epoch: [7][ 40/441]	L_Src_Sup 1.7344e-01 (1.9575e-01)	L_Trg_Inj 2.5178e-01 (2.8731e-01)	Loss Disc 6.7590e-01 (6.8112e-01)	Loss Pred 4.5954e-01 (4.4829e-01)	Loss TOTAL 8.4001e-01 (8.4155e-01)
Epoch: [7][ 50/441]	L_Src_Sup 1.6236e-01 (1.9875e-01)	L_Trg_Inj 2.2509e-01 (2.8618e-01)	Loss Disc 6.8694e-01 (6.8088e-01)	Loss Pred 4.0892e-01 (4.5091e-01)	Loss TOTAL 7.9114e-01 (8.4647e-01)
Epoch: [7][ 60/441]	L_Src_Sup 2.7211e-01 (1.9469e-01)	L_Trg_Inj 3.9135e-01 (2.8701e-01)	Loss Disc 6.8755e-01 (6.8105e-01)	Loss Pred 4.0223e-01 (4.4935e-01)	Loss TOTAL 8.1235e-01 (8.4357e-01)
Epoch: [7][ 70/441]	L_Src_Sup 2.4808e-01 (1.9134e-01)	L_Trg_Inj 3.6057e-01 (2.9155e-01)	Loss Disc 6.8189e-01 (6.8111e-01)	Loss Pred 4.2782e-01 (4.4754e-01)	Loss TOTAL 8.2963e-01 (8.4113e-01)
Epoch: [7][ 80/441]	L_Src_Sup 1.6236e-01 (1.9458e-01)	L_Trg_Inj 1.9229e-01 (2.8157e-01)	Loss Disc 6.8582e-01 (6.8113e-01)	Loss Pred 4.2125e-01 (4.4910e-01)	Loss TOTAL 7.9963e-01 (8.4773e-01)
Epoch: [7][ 90/441]	L_Src_Sup 1.5518e-01 (1.9252e-01)	L_Trg_Inj 3.0112e-01 (2.8558e-01)	Loss Disc 6.7539e-01 (6.8088e-01)	Loss Pred 4.5963e-01 (4.4892e-01)	Loss TOTAL 8.4296e-01 (8.4669e-01)
Epoch: [7][100/441]	L_Src_Sup 1.6674e-01 (1.9432e-01)	L_Trg_Inj 3.2504e-01 (2.8798e-01)	Loss Disc 6.8078e-01 (6.8090e-01)	Loss Pred 4.3357e-01 (4.4974e-01)	Loss TOTAL 8.2314e-01 (8.4702e-01)
Epoch: [7][110/441]	L_Src_Sup 1.3676e-01 (1.9535e-01)	L_Trg_Inj 2.1777e-01 (2.8869e-01)	Loss Disc 6.7761e-01 (6.8108e-01)	Loss Pred 4.5323e-01 (4.4776e-01)	Loss TOTAL 8.2749e-01 (8.4474e-01)
Epoch: [7][120/441]	L_Src_Sup 1.3447e-01 (1.9567e-01)	L_Trg_Inj 3.3650e-01 (2.9205e-01)	Loss Disc 6.8077e-01 (6.8109e-01)	Loss Pred 4.6013e-01 (4.4729e-01)	Loss TOTAL 8.4761e-01 (8.4448e-01)
Epoch: [7][130/441]	L_Src_Sup 1.3010e-01 (1.9639e-01)	L_Trg_Inj 3.3900e-01 (2.9473e-01)	Loss Disc 6.8424e-01 (6.8118e-01)	Loss Pred 4.1532e-01 (4.4625e-01)	Loss TOTAL 8.0434e-01 (8.4349e-01)
Epoch: [7][140/441]	L_Src_Sup 1.2802e-01 (1.9572e-01)	L_Trg_Inj 3.2418e-01 (2.9707e-01)	Loss Disc 6.8731e-01 (6.8115e-01)	Loss Pred 4.0195e-01 (4.4681e-01)	Loss TOTAL 7.9082e-01 (8.4366e-01)
Epoch: [7][150/441]	L_Src_Sup 2.0344e-01 (1.9586e-01)	L_Trg_Inj 1.6577e-01 (2.9579e-01)	Loss Disc 6.8330e-01 (6.8112e-01)	Loss Pred 5.0803e-01 (4.4736e-01)	Loss TOTAL 9.2427e-01 (8.4399e-01)
Epoch: [7][160/441]	L_Src_Sup 1.4877e-01 (1.9657e-01)	L_Trg_Inj 3.1010e-01 (2.9639e-01)	Loss Disc 6.8327e-01 (6.8111e-01)	Loss Pred 4.4774e-01 (4.4713e-01)	Loss TOTAL 8.3526e-01 (8.4376e-01)
Epoch: [7][170/441]	L_Src_Sup 2.8584e-01 (1.9933e-01)	L_Trg_Inj 3.5400e-01 (2.9738e-01)	Loss Disc 6.8818e-01 (6.8114e-01)	Loss Pred 3.9623e-01 (4.4687e-01)	Loss TOTAL 8.0430e-01 (8.4371e-01)
Epoch: [7][180/441]	L_Src_Sup 1.9840e-01 (2.0043e-01)	L_Trg_Inj 3.1142e-01 (2.9784e-01)	Loss Disc 6.8185e-01 (6.8111e-01)	Loss Pred 4.2767e-01 (4.4682e-01)	Loss TOTAL 8.1957e-01 (8.4413e-01)
Epoch: [7][190/441]	L_Src_Sup 2.6147e-01 (2.0130e-01)	L_Trg_Inj 3.4720e-01 (2.9896e-01)	Loss Disc 6.7486e-01 (6.8106e-01)	Loss Pred 4.8580e-01 (4.4691e-01)	Loss TOTAL 8.8410e-01 (8.4405e-01)
Epoch: [7][200/441]	L_Src_Sup 2.1173e-01 (2.0289e-01)	L_Trg_Inj 3.5422e-01 (3.0074e-01)	Loss Disc 6.8355e-01 (6.8116e-01)	Loss Pred 4.1425e-01 (4.4606e-01)	Loss TOTAL 8.1261e-01 (8.4351e-01)
Epoch: [7][210/441]	L_Src_Sup 1.8650e-01 (2.0243e-01)	L_Trg_Inj 3.1088e-01 (3.0125e-01)	Loss Disc 6.8052e-01 (6.8106e-01)	Loss Pred 4.8709e-01 (4.4634e-01)	Loss TOTAL 8.7709e-01 (8.4346e-01)
Epoch: [7][220/441]	L_Src_Sup 8.3357e-02 (2.0163e-01)	L_Trg_Inj 3.2677e-01 (3.0030e-01)	Loss Disc 6.8058e-01 (6.8113e-01)	Loss Pred 4.3373e-01 (4.4567e-01)	Loss TOTAL 8.1503e-01 (8.4280e-01)
Epoch: [7][230/441]	L_Src_Sup 1.3225e-01 (2.0197e-01)	L_Trg_Inj 3.7659e-01 (3.0120e-01)	Loss Disc 6.8077e-01 (6.8106e-01)	Loss Pred 4.2781e-01 (4.4567e-01)	Loss TOTAL 8.1908e-01 (8.4261e-01)
Epoch: [7][240/441]	L_Src_Sup 2.5023e-01 (2.0143e-01)	L_Trg_Inj 3.3807e-01 (3.0146e-01)	Loss Disc 6.8116e-01 (6.8106e-01)	Loss Pred 4.5436e-01 (4.4568e-01)	Loss TOTAL 8.5376e-01 (8.4234e-01)
Epoch: [7][250/441]	L_Src_Sup 1.4935e-01 (2.0147e-01)	L_Trg_Inj 2.9198e-01 (3.0011e-01)	Loss Disc 6.8321e-01 (6.8113e-01)	Loss Pred 4.4785e-01 (4.4547e-01)	Loss TOTAL 8.3359e-01 (8.4201e-01)
Epoch: [7][260/441]	L_Src_Sup 1.6269e-01 (2.0048e-01)	L_Trg_Inj 3.1322e-01 (2.9986e-01)	Loss Disc 6.8352e-01 (6.8115e-01)	Loss Pred 4.1440e-01 (4.4562e-01)	Loss TOTAL 8.0375e-01 (8.4182e-01)
Epoch: [7][270/441]	L_Src_Sup 1.6711e-01 (2.0070e-01)	L_Trg_Inj 2.5680e-01 (3.0000e-01)	Loss Disc 6.7940e-01 (6.8108e-01)	Loss Pred 4.4084e-01 (4.4557e-01)	Loss TOTAL 8.2293e-01 (8.4172e-01)
Epoch: [7][280/441]	L_Src_Sup 1.7894e-01 (2.0048e-01)	L_Trg_Inj 3.0622e-01 (3.0052e-01)	Loss Disc 6.8543e-01 (6.8108e-01)	Loss Pred 4.3074e-01 (4.4575e-01)	Loss TOTAL 8.2197e-01 (8.4176e-01)
Epoch: [7][290/441]	L_Src_Sup 1.6144e-01 (2.0019e-01)	L_Trg_Inj 4.6299e-01 (3.0062e-01)	Loss Disc 6.8079e-01 (6.8113e-01)	Loss Pred 4.1292e-01 (4.4549e-01)	Loss TOTAL 8.1575e-01 (8.4171e-01)
Epoch: [7][300/441]	L_Src_Sup 1.6671e-01 (2.0002e-01)	L_Trg_Inj 3.7065e-01 (3.0041e-01)	Loss Disc 6.8080e-01 (6.8116e-01)	Loss Pred 4.5386e-01 (4.4528e-01)	Loss TOTAL 8.4799e-01 (8.4133e-01)
Epoch: [7][310/441]	L_Src_Sup 2.6895e-01 (2.0104e-01)	L_Trg_Inj 2.9907e-01 (3.0116e-01)	Loss Disc 6.8048e-01 (6.8112e-01)	Loss Pred 4.6096e-01 (4.4537e-01)	Loss TOTAL 8.5800e-01 (8.4195e-01)
Epoch: [7][320/441]	L_Src_Sup 2.7892e-01 (2.0146e-01)	L_Trg_Inj 2.6614e-01 (3.0131e-01)	Loss Disc 6.7707e-01 (6.8106e-01)	Loss Pred 4.8193e-01 (4.4548e-01)	Loss TOTAL 8.8775e-01 (8.4204e-01)
Epoch: [7][330/441]	L_Src_Sup 2.0908e-01 (2.0126e-01)	L_Trg_Inj 3.5350e-01 (3.0223e-01)	Loss Disc 6.7518e-01 (6.8104e-01)	Loss Pred 4.8575e-01 (4.4540e-01)	Loss TOTAL 8.7960e-01 (8.4185e-01)
Epoch: [7][340/441]	L_Src_Sup 2.3977e-01 (2.0147e-01)	L_Trg_Inj 2.8565e-01 (3.0245e-01)	Loss Disc 6.7673e-01 (6.8105e-01)	Loss Pred 4.7491e-01 (4.4536e-01)	Loss TOTAL 8.6582e-01 (8.4169e-01)
Epoch: [7][350/441]	L_Src_Sup 1.4963e-01 (2.0104e-01)	L_Trg_Inj 3.2334e-01 (3.0262e-01)	Loss Disc 6.8772e-01 (6.8098e-01)	Loss Pred 4.5575e-01 (4.4583e-01)	Loss TOTAL 8.4691e-01 (8.4209e-01)
Epoch: [7][360/441]	L_Src_Sup 1.4537e-01 (2.0097e-01)	L_Trg_Inj 4.2724e-01 (3.0356e-01)	Loss Disc 6.8310e-01 (6.8097e-01)	Loss Pred 4.0825e-01 (4.4571e-01)	Loss TOTAL 8.0706e-01 (8.4190e-01)
Epoch: [7][370/441]	L_Src_Sup 2.5589e-01 (2.0141e-01)	L_Trg_Inj 4.1739e-01 (3.0398e-01)	Loss Disc 6.8298e-01 (6.8097e-01)	Loss Pred 4.2251e-01 (4.4564e-01)	Loss TOTAL 8.3132e-01 (8.4198e-01)
Epoch: [7][380/441]	L_Src_Sup 2.3166e-01 (2.0188e-01)	L_Trg_Inj 2.5368e-01 (3.0596e-01)	Loss Disc 6.7906e-01 (6.8095e-01)	Loss Pred 4.7343e-01 (4.4551e-01)	Loss TOTAL 8.6150e-01 (8.4195e-01)
Epoch: [7][390/441]	L_Src_Sup 2.4989e-01 (2.0189e-01)	L_Trg_Inj 2.8156e-01 (3.0570e-01)	Loss Disc 6.8055e-01 (6.8093e-01)	Loss Pred 4.3438e-01 (4.4534e-01)	Loss TOTAL 8.2780e-01 (8.4176e-01)
Epoch: [7][400/441]	L_Src_Sup 1.1673e-01 (2.0161e-01)	L_Trg_Inj 3.8593e-01 (3.0690e-01)	Loss Disc 6.8052e-01 (6.8093e-01)	Loss Pred 4.5416e-01 (4.4539e-01)	Loss TOTAL 8.4468e-01 (8.4181e-01)
Epoch: [7][410/441]	L_Src_Sup 2.9580e-01 (2.0260e-01)	L_Trg_Inj 3.1380e-01 (3.0666e-01)	Loss Disc 6.7518e-01 (6.8095e-01)	Loss Pred 4.8565e-01 (4.4541e-01)	Loss TOTAL 8.8420e-01 (8.4199e-01)
Epoch: [7][420/441]	L_Src_Sup 2.4477e-01 (2.0255e-01)	L_Trg_Inj 2.3265e-01 (3.0629e-01)	Loss Disc 6.7821e-01 (6.8094e-01)	Loss Pred 4.5257e-01 (4.4536e-01)	Loss TOTAL 8.5154e-01 (8.4201e-01)
Epoch: [7][430/441]	L_Src_Sup 2.0178e-01 (2.0306e-01)	L_Trg_Inj 2.7511e-01 (3.0581e-01)	Loss Disc 6.8200e-01 (6.8094e-01)	Loss Pred 4.8084e-01 (4.4539e-01)	Loss TOTAL 8.6953e-01 (8.4214e-01)
Epoch: [7][440/441]	L_Src_Sup 1.8338e-01 (2.0326e-01)	L_Trg_Inj 3.4229e-01 (3.0627e-01)	Loss Disc 6.7982e-01 (6.8094e-01)	Loss Pred 4.3388e-01 (4.4520e-01)	Loss TOTAL 8.2636e-01 (8.4190e-01)
Epoch: [7][441/441]	L_Src_Sup 1.5397e-01 (2.0315e-01)	L_Trg_Inj 2.7344e-01 (3.0620e-01)	Loss Disc 6.7813e-01 (6.8094e-01)	Loss Pred 4.7295e-01 (4.4527e-01)	Loss TOTAL 8.5476e-01 (8.4193e-01)
Epoch 7 complete. Saving model state...
Epoch: [8][ 10/441]	L_Src_Sup 1.7902e-01 (1.7981e-01)	L_Trg_Inj 3.1589e-01 (3.1573e-01)	Loss Disc 6.8318e-01 (6.8225e-01)	Loss Pred 4.1506e-01 (4.4483e-01)	Loss TOTAL 8.0615e-01 (8.4387e-01)
Epoch: [8][ 20/441]	L_Src_Sup 2.4792e-01 (1.9458e-01)	L_Trg_Inj 2.2081e-01 (2.8968e-01)	Loss Disc 6.8232e-01 (6.8072e-01)	Loss Pred 4.2743e-01 (4.4345e-01)	Loss TOTAL 8.4257e-01 (8.3892e-01)
Epoch: [8][ 30/441]	L_Src_Sup 1.2317e-01 (1.9627e-01)	L_Trg_Inj 3.8090e-01 (2.9717e-01)	Loss Disc 6.7282e-01 (6.8063e-01)	Loss Pred 4.9142e-01 (4.4420e-01)	Loss TOTAL 8.7823e-01 (8.4083e-01)
Epoch: [8][ 40/441]	L_Src_Sup 2.5004e-01 (1.9866e-01)	L_Trg_Inj 2.8628e-01 (2.9619e-01)	Loss Disc 6.8053e-01 (6.8055e-01)	Loss Pred 4.3345e-01 (4.4374e-01)	Loss TOTAL 8.2735e-01 (8.4044e-01)
Epoch: [8][ 50/441]	L_Src_Sup 2.2618e-01 (1.9595e-01)	L_Trg_Inj 3.1699e-01 (3.0082e-01)	Loss Disc 6.7487e-01 (6.8035e-01)	Loss Pred 4.8607e-01 (4.4597e-01)	Loss TOTAL 8.7782e-01 (8.4137e-01)
Epoch: [8][ 60/441]	L_Src_Sup 1.4892e-01 (1.9691e-01)	L_Trg_Inj 1.8989e-01 (2.9901e-01)	Loss Disc 6.8296e-01 (6.8059e-01)	Loss Pred 4.2762e-01 (4.4560e-01)	Loss TOTAL 8.0298e-01 (8.4102e-01)
Epoch: [8][ 70/441]	L_Src_Sup 1.0528e-01 (1.9547e-01)	L_Trg_Inj 3.6762e-01 (3.0043e-01)	Loss Disc 6.8090e-01 (6.8080e-01)	Loss Pred 4.2738e-01 (4.4425e-01)	Loss TOTAL 8.1512e-01 (8.3952e-01)
Epoch: [8][ 80/441]	L_Src_Sup 2.2972e-01 (1.9457e-01)	L_Trg_Inj 2.8779e-01 (3.0322e-01)	Loss Disc 6.8230e-01 (6.8080e-01)	Loss Pred 4.2111e-01 (4.4381e-01)	Loss TOTAL 8.1401e-01 (8.3861e-01)
Epoch: [8][ 90/441]	L_Src_Sup 2.1763e-01 (1.9530e-01)	L_Trg_Inj 2.7827e-01 (2.9775e-01)	Loss Disc 6.8078e-01 (6.8081e-01)	Loss Pred 4.3475e-01 (4.4383e-01)	Loss TOTAL 8.2473e-01 (8.3997e-01)
Epoch: [8][100/441]	L_Src_Sup 1.6964e-01 (1.9291e-01)	L_Trg_Inj 2.5906e-01 (2.9467e-01)	Loss Disc 6.7936e-01 (6.8071e-01)	Loss Pred 4.6646e-01 (4.4437e-01)	Loss TOTAL 8.4901e-01 (8.3940e-01)
Epoch: [8][110/441]	L_Src_Sup 2.2829e-01 (1.9447e-01)	L_Trg_Inj 3.4906e-01 (2.9179e-01)	Loss Disc 6.8520e-01 (6.8090e-01)	Loss Pred 4.3495e-01 (4.4379e-01)	Loss TOTAL 8.3529e-01 (8.3910e-01)
Epoch: [8][120/441]	L_Src_Sup 2.8015e-01 (1.9582e-01)	L_Trg_Inj 3.6254e-01 (2.9291e-01)	Loss Disc 6.8051e-01 (6.8078e-01)	Loss Pred 4.2722e-01 (4.4393e-01)	Loss TOTAL 8.3175e-01 (8.3897e-01)
Epoch: [8][130/441]	L_Src_Sup 2.5073e-01 (1.9631e-01)	L_Trg_Inj 3.2766e-01 (2.9445e-01)	Loss Disc 6.7949e-01 (6.8072e-01)	Loss Pred 4.3396e-01 (4.4432e-01)	Loss TOTAL 8.3155e-01 (8.3910e-01)
Epoch: [8][140/441]	L_Src_Sup 1.6378e-01 (1.9697e-01)	L_Trg_Inj 2.9682e-01 (2.9219e-01)	Loss Disc 6.8379e-01 (6.8066e-01)	Loss Pred 4.1452e-01 (4.4440e-01)	Loss TOTAL 8.0248e-01 (8.3949e-01)
Epoch: [8][150/441]	L_Src_Sup 2.5005e-01 (1.9806e-01)	L_Trg_Inj 3.5520e-01 (2.9380e-01)	Loss Disc 6.8113e-01 (6.8058e-01)	Loss Pred 4.7420e-01 (4.4520e-01)	Loss TOTAL 8.7529e-01 (8.4017e-01)
Epoch: [8][160/441]	L_Src_Sup 2.3818e-01 (1.9838e-01)	L_Trg_Inj 2.0641e-01 (2.9128e-01)	Loss Disc 6.8839e-01 (6.8061e-01)	Loss Pred 3.9584e-01 (4.4478e-01)	Loss TOTAL 8.1626e-01 (8.3941e-01)
Epoch: [8][170/441]	L_Src_Sup 4.9398e-02 (1.9701e-01)	L_Trg_Inj 2.3887e-01 (2.8993e-01)	Loss Disc 6.8368e-01 (6.8056e-01)	Loss Pred 4.2088e-01 (4.4545e-01)	Loss TOTAL 7.9155e-01 (8.4047e-01)
Epoch: [8][180/441]	L_Src_Sup 1.0085e-01 (1.9659e-01)	L_Trg_Inj 2.2415e-01 (2.8935e-01)	Loss Disc 6.7996e-01 (6.8058e-01)	Loss Pred 4.3979e-01 (4.4546e-01)	Loss TOTAL 8.1227e-01 (8.4006e-01)
Epoch: [8][190/441]	L_Src_Sup 1.8646e-01 (1.9572e-01)	L_Trg_Inj 3.4450e-01 (2.8904e-01)	Loss Disc 6.7690e-01 (6.8060e-01)	Loss Pred 4.4616e-01 (4.4554e-01)	Loss TOTAL 8.3771e-01 (8.3990e-01)
Epoch: [8][200/441]	L_Src_Sup 2.0971e-01 (1.9449e-01)	L_Trg_Inj 2.4333e-01 (2.8959e-01)	Loss Disc 6.8586e-01 (6.8056e-01)	Loss Pred 4.0807e-01 (4.4547e-01)	Loss TOTAL 7.9631e-01 (8.3951e-01)
Epoch: [8][210/441]	L_Src_Sup 1.8951e-01 (1.9428e-01)	L_Trg_Inj 2.1680e-01 (2.8818e-01)	Loss Disc 6.8573e-01 (6.8063e-01)	Loss Pred 4.3570e-01 (4.4537e-01)	Loss TOTAL 8.1919e-01 (8.3903e-01)
Epoch: [8][220/441]	L_Src_Sup 2.1743e-01 (1.9588e-01)	L_Trg_Inj 3.3637e-01 (2.8653e-01)	Loss Disc 6.8000e-01 (6.8063e-01)	Loss Pred 4.3370e-01 (4.4525e-01)	Loss TOTAL 8.2908e-01 (8.3955e-01)
Epoch: [8][230/441]	L_Src_Sup 1.5024e-01 (1.9649e-01)	L_Trg_Inj 3.0298e-01 (2.8671e-01)	Loss Disc 6.8021e-01 (6.8060e-01)	Loss Pred 4.3342e-01 (4.4552e-01)	Loss TOTAL 8.1885e-01 (8.3964e-01)
Epoch: [8][240/441]	L_Src_Sup 3.3829e-01 (1.9683e-01)	L_Trg_Inj 2.7907e-01 (2.8691e-01)	Loss Disc 6.8039e-01 (6.8062e-01)	Loss Pred 4.3366e-01 (4.4524e-01)	Loss TOTAL 8.9480e-01 (8.3944e-01)
Epoch: [8][250/441]	L_Src_Sup 2.3692e-01 (1.9853e-01)	L_Trg_Inj 3.5174e-01 (2.8831e-01)	Loss Disc 6.7856e-01 (6.8062e-01)	Loss Pred 4.3945e-01 (4.4501e-01)	Loss TOTAL 8.3759e-01 (8.3955e-01)
Epoch: [8][260/441]	L_Src_Sup 1.8651e-01 (1.9876e-01)	L_Trg_Inj 3.1293e-01 (2.8852e-01)	Loss Disc 6.7782e-01 (6.8062e-01)	Loss Pred 4.4661e-01 (4.4484e-01)	Loss TOTAL 8.3546e-01 (8.3940e-01)
Epoch: [8][270/441]	L_Src_Sup 2.2041e-01 (1.9934e-01)	L_Trg_Inj 2.4676e-01 (2.8951e-01)	Loss Disc 6.7921e-01 (6.8066e-01)	Loss Pred 4.4683e-01 (4.4485e-01)	Loss TOTAL 8.3315e-01 (8.3939e-01)
Epoch: [8][280/441]	L_Src_Sup 2.3157e-01 (2.0002e-01)	L_Trg_Inj 3.7438e-01 (2.9060e-01)	Loss Disc 6.8058e-01 (6.8065e-01)	Loss Pred 4.2773e-01 (4.4472e-01)	Loss TOTAL 8.2862e-01 (8.3930e-01)
Epoch: [8][290/441]	L_Src_Sup 9.1793e-02 (1.9928e-01)	L_Trg_Inj 3.2845e-01 (2.9025e-01)	Loss Disc 6.7631e-01 (6.8063e-01)	Loss Pred 4.5337e-01 (4.4495e-01)	Loss TOTAL 8.3355e-01 (8.3925e-01)
Epoch: [8][300/441]	L_Src_Sup 1.5128e-01 (1.9926e-01)	L_Trg_Inj 2.8578e-01 (2.9134e-01)	Loss Disc 6.8198e-01 (6.8067e-01)	Loss Pred 4.8065e-01 (4.4485e-01)	Loss TOTAL 8.6535e-01 (8.3917e-01)
Epoch: [8][310/441]	L_Src_Sup 2.1855e-01 (1.9945e-01)	L_Trg_Inj 3.1349e-01 (2.9155e-01)	Loss Disc 6.8025e-01 (6.8072e-01)	Loss Pred 4.6057e-01 (4.4495e-01)	Loss TOTAL 8.5389e-01 (8.3917e-01)
Epoch: [8][320/441]	L_Src_Sup 1.3444e-01 (1.9962e-01)	L_Trg_Inj 2.7674e-01 (2.9290e-01)	Loss Disc 6.7906e-01 (6.8074e-01)	Loss Pred 4.6563e-01 (4.4504e-01)	Loss TOTAL 8.4627e-01 (8.3927e-01)
Epoch: [8][330/441]	L_Src_Sup 1.6679e-01 (1.9953e-01)	L_Trg_Inj 2.4706e-01 (2.9304e-01)	Loss Disc 6.8081e-01 (6.8070e-01)	Loss Pred 4.3297e-01 (4.4488e-01)	Loss TOTAL 8.1476e-01 (8.3896e-01)
Epoch: [8][340/441]	L_Src_Sup 1.4759e-01 (2.0016e-01)	L_Trg_Inj 2.5579e-01 (2.9245e-01)	Loss Disc 6.8335e-01 (6.8072e-01)	Loss Pred 4.2167e-01 (4.4507e-01)	Loss TOTAL 8.0369e-01 (8.3946e-01)
Epoch: [8][350/441]	L_Src_Sup 2.1667e-01 (2.0010e-01)	L_Trg_Inj 2.3709e-01 (2.9225e-01)	Loss Disc 6.8062e-01 (6.8065e-01)	Loss Pred 4.3386e-01 (4.4521e-01)	Loss TOTAL 8.1955e-01 (8.3940e-01)
Epoch: [8][360/441]	L_Src_Sup 1.9155e-01 (1.9964e-01)	L_Trg_Inj 3.2434e-01 (2.9037e-01)	Loss Disc 6.7704e-01 (6.8062e-01)	Loss Pred 4.6071e-01 (4.4532e-01)	Loss TOTAL 8.5082e-01 (8.3938e-01)
Epoch: [8][370/441]	L_Src_Sup 2.2028e-01 (2.0026e-01)	L_Trg_Inj 3.6444e-01 (2.9012e-01)	Loss Disc 6.7973e-01 (6.8064e-01)	Loss Pred 4.8719e-01 (4.4517e-01)	Loss TOTAL 8.8553e-01 (8.3922e-01)
Epoch: [8][380/441]	L_Src_Sup 2.5644e-01 (2.0043e-01)	L_Trg_Inj 4.6225e-01 (2.9180e-01)	Loss Disc 6.7481e-01 (6.8057e-01)	Loss Pred 4.5294e-01 (4.4539e-01)	Loss TOTAL 8.6221e-01 (8.3947e-01)
Epoch: [8][390/441]	L_Src_Sup 3.6670e-01 (2.0035e-01)	L_Trg_Inj 1.4391e-01 (2.9104e-01)	Loss Disc 6.8225e-01 (6.8061e-01)	Loss Pred 4.3390e-01 (4.4518e-01)	Loss TOTAL 1.0489e+00 (8.3965e-01)
Epoch: [8][400/441]	L_Src_Sup 1.0169e-01 (2.0023e-01)	L_Trg_Inj 2.9275e-01 (2.9163e-01)	Loss Disc 6.7877e-01 (6.8062e-01)	Loss Pred 4.6744e-01 (4.4514e-01)	Loss TOTAL 8.4627e-01 (8.3959e-01)
Epoch: [8][410/441]	L_Src_Sup 2.3143e-01 (2.0080e-01)	L_Trg_Inj 3.3377e-01 (2.9263e-01)	Loss Disc 6.8346e-01 (6.8062e-01)	Loss Pred 4.6764e-01 (4.4507e-01)	Loss TOTAL 8.6589e-01 (8.3961e-01)
Epoch: [8][420/441]	L_Src_Sup 1.7409e-01 (2.0035e-01)	L_Trg_Inj 3.2668e-01 (2.9334e-01)	Loss Disc 6.7596e-01 (6.8061e-01)	Loss Pred 5.0624e-01 (4.4523e-01)	Loss TOTAL 8.9430e-01 (8.3972e-01)
Epoch: [8][430/441]	L_Src_Sup 2.6098e-01 (2.0027e-01)	L_Trg_Inj 2.8861e-01 (2.9392e-01)	Loss Disc 6.7550e-01 (6.8062e-01)	Loss Pred 4.8609e-01 (4.4487e-01)	Loss TOTAL 8.7880e-01 (8.3941e-01)
Epoch: [8][440/441]	L_Src_Sup 2.0175e-01 (2.0025e-01)	L_Trg_Inj 3.8123e-01 (2.9390e-01)	Loss Disc 6.7896e-01 (6.8064e-01)	Loss Pred 4.6013e-01 (4.4485e-01)	Loss TOTAL 8.5790e-01 (8.3948e-01)
Epoch: [8][441/441]	L_Src_Sup 1.2282e-01 (2.0007e-01)	L_Trg_Inj 2.7567e-01 (2.9386e-01)	Loss Disc 6.7390e-01 (6.8062e-01)	Loss Pred 4.7192e-01 (4.4491e-01)	Loss TOTAL 8.4872e-01 (8.3950e-01)
Epoch 8 complete. Saving model state...
Epoch: [9][ 10/441]	L_Src_Sup 1.1887e-01 (2.2883e-01)	L_Trg_Inj 2.5653e-01 (2.8747e-01)	Loss Disc 6.7827e-01 (6.7913e-01)	Loss Pred 4.4684e-01 (4.4938e-01)	Loss TOTAL 8.2352e-01 (8.5274e-01)
Epoch: [9][ 20/441]	L_Src_Sup 1.9725e-01 (2.2413e-01)	L_Trg_Inj 4.4160e-01 (3.0938e-01)	Loss Disc 6.8115e-01 (6.7939e-01)	Loss Pred 4.2132e-01 (4.4492e-01)	Loss TOTAL 8.2578e-01 (8.5339e-01)
Epoch: [9][ 30/441]	L_Src_Sup 3.1621e-01 (2.1965e-01)	L_Trg_Inj 2.2797e-01 (3.0123e-01)	Loss Disc 6.7611e-01 (6.8006e-01)	Loss Pred 5.1206e-01 (4.4522e-01)	Loss TOTAL 9.9277e-01 (8.5093e-01)
Epoch: [9][ 40/441]	L_Src_Sup 3.3337e-01 (2.2296e-01)	L_Trg_Inj 3.9617e-01 (3.0741e-01)	Loss Disc 6.8005e-01 (6.8015e-01)	Loss Pred 4.5410e-01 (4.4517e-01)	Loss TOTAL 8.6708e-01 (8.4989e-01)
Epoch: [9][ 50/441]	L_Src_Sup 1.3448e-01 (2.1967e-01)	L_Trg_Inj 2.5936e-01 (3.1364e-01)	Loss Disc 6.8156e-01 (6.8037e-01)	Loss Pred 4.6042e-01 (4.4322e-01)	Loss TOTAL 8.4059e-01 (8.4621e-01)
Epoch: [9][ 60/441]	L_Src_Sup 2.0018e-01 (2.1593e-01)	L_Trg_Inj 3.1693e-01 (3.1730e-01)	Loss Disc 6.8037e-01 (6.8044e-01)	Loss Pred 4.3442e-01 (4.4333e-01)	Loss TOTAL 8.2631e-01 (8.4609e-01)
Epoch: [9][ 70/441]	L_Src_Sup 1.9676e-01 (2.1406e-01)	L_Trg_Inj 3.7891e-01 (3.1734e-01)	Loss Disc 6.8576e-01 (6.8043e-01)	Loss Pred 4.8053e-01 (4.4485e-01)	Loss TOTAL 8.8098e-01 (8.4687e-01)
Epoch: [9][ 80/441]	L_Src_Sup 1.5131e-01 (2.1375e-01)	L_Trg_Inj 3.8948e-01 (3.1846e-01)	Loss Disc 6.7916e-01 (6.8053e-01)	Loss Pred 4.6024e-01 (4.4539e-01)	Loss TOTAL 8.5390e-01 (8.4674e-01)
Epoch: [9][ 90/441]	L_Src_Sup 1.8335e-01 (2.1010e-01)	L_Trg_Inj 3.7659e-01 (3.2258e-01)	Loss Disc 6.7990e-01 (6.8070e-01)	Loss Pred 4.3330e-01 (4.4318e-01)	Loss TOTAL 8.2924e-01 (8.4441e-01)
Epoch: [9][100/441]	L_Src_Sup 1.6135e-01 (2.1120e-01)	L_Trg_Inj 3.1971e-01 (3.1851e-01)	Loss Disc 6.8547e-01 (6.8075e-01)	Loss Pred 4.0831e-01 (4.4310e-01)	Loss TOTAL 7.9915e-01 (8.4377e-01)
Epoch: [9][110/441]	L_Src_Sup 1.8057e-01 (2.0799e-01)	L_Trg_Inj 4.0749e-01 (3.1625e-01)	Loss Disc 6.8234e-01 (6.8055e-01)	Loss Pred 4.2072e-01 (4.4410e-01)	Loss TOTAL 8.2070e-01 (8.4418e-01)
Epoch: [9][120/441]	L_Src_Sup 2.1572e-01 (2.0707e-01)	L_Trg_Inj 2.4983e-01 (3.1493e-01)	Loss Disc 6.8456e-01 (6.8071e-01)	Loss Pred 4.2132e-01 (4.4331e-01)	Loss TOTAL 8.1016e-01 (8.4273e-01)
Epoch: [9][130/441]	L_Src_Sup 1.5791e-01 (2.0630e-01)	L_Trg_Inj 3.5048e-01 (3.1503e-01)	Loss Disc 6.7354e-01 (6.8057e-01)	Loss Pred 4.9212e-01 (4.4365e-01)	Loss TOTAL 8.7972e-01 (8.4271e-01)
Epoch: [9][140/441]	L_Src_Sup 1.9027e-01 (2.0598e-01)	L_Trg_Inj 2.8651e-01 (3.1485e-01)	Loss Disc 6.8313e-01 (6.8056e-01)	Loss Pred 4.2039e-01 (4.4383e-01)	Loss TOTAL 8.0963e-01 (8.4249e-01)
Epoch: [9][150/441]	L_Src_Sup 2.0514e-01 (2.0583e-01)	L_Trg_Inj 3.5129e-01 (3.1349e-01)	Loss Disc 6.7860e-01 (6.8061e-01)	Loss Pred 4.9311e-01 (4.4430e-01)	Loss TOTAL 8.8805e-01 (8.4254e-01)
Epoch: [9][160/441]	L_Src_Sup 1.9521e-01 (2.0548e-01)	L_Trg_Inj 1.5631e-01 (3.1009e-01)	Loss Disc 6.8568e-01 (6.8071e-01)	Loss Pred 4.1443e-01 (4.4389e-01)	Loss TOTAL 8.3132e-01 (8.4167e-01)
Epoch: [9][170/441]	L_Src_Sup 1.5008e-01 (2.0418e-01)	L_Trg_Inj 2.1164e-01 (3.0863e-01)	Loss Disc 6.8177e-01 (6.8081e-01)	Loss Pred 4.3390e-01 (4.4325e-01)	Loss TOTAL 8.1096e-01 (8.4058e-01)
Epoch: [9][180/441]	L_Src_Sup 2.2767e-01 (2.0406e-01)	L_Trg_Inj 1.8861e-01 (3.0997e-01)	Loss Disc 6.8548e-01 (6.8076e-01)	Loss Pred 4.1462e-01 (4.4324e-01)	Loss TOTAL 8.3804e-01 (8.4058e-01)
Epoch: [9][190/441]	L_Src_Sup 1.9514e-01 (2.0401e-01)	L_Trg_Inj 2.9142e-01 (3.1001e-01)	Loss Disc 6.8495e-01 (6.8078e-01)	Loss Pred 4.3580e-01 (4.4315e-01)	Loss TOTAL 8.2693e-01 (8.4020e-01)
Epoch: [9][200/441]	L_Src_Sup 2.5616e-01 (2.0221e-01)	L_Trg_Inj 3.2710e-01 (3.0957e-01)	Loss Disc 6.8639e-01 (6.8082e-01)	Loss Pred 4.0162e-01 (4.4286e-01)	Loss TOTAL 8.0314e-01 (8.3958e-01)
Epoch: [9][210/441]	L_Src_Sup 1.2808e-01 (2.0148e-01)	L_Trg_Inj 3.0464e-01 (3.0829e-01)	Loss Disc 6.8664e-01 (6.8079e-01)	Loss Pred 4.0235e-01 (4.4323e-01)	Loss TOTAL 7.8894e-01 (8.3951e-01)
Epoch: [9][220/441]	L_Src_Sup 3.1398e-01 (2.0189e-01)	L_Trg_Inj 3.1918e-01 (3.0742e-01)	Loss Disc 6.8260e-01 (6.8082e-01)	Loss Pred 4.4713e-01 (4.4353e-01)	Loss TOTAL 8.5175e-01 (8.3959e-01)
Epoch: [9][230/441]	L_Src_Sup 2.7133e-01 (2.0343e-01)	L_Trg_Inj 2.9650e-01 (3.0817e-01)	Loss Disc 6.7786e-01 (6.8080e-01)	Loss Pred 4.4625e-01 (4.4345e-01)	Loss TOTAL 8.4197e-01 (8.3974e-01)
Epoch: [9][240/441]	L_Src_Sup 2.7658e-01 (2.0266e-01)	L_Trg_Inj 4.2553e-01 (3.0796e-01)	Loss Disc 6.8128e-01 (6.8083e-01)	Loss Pred 4.1624e-01 (4.4306e-01)	Loss TOTAL 8.2709e-01 (8.3908e-01)
Epoch: [9][250/441]	L_Src_Sup 1.6811e-01 (2.0175e-01)	L_Trg_Inj 3.2449e-01 (3.0776e-01)	Loss Disc 6.8070e-01 (6.8078e-01)	Loss Pred 4.8073e-01 (4.4331e-01)	Loss TOTAL 8.7034e-01 (8.3901e-01)
Epoch: [9][260/441]	L_Src_Sup 2.0367e-01 (2.0238e-01)	L_Trg_Inj 3.2415e-01 (3.0658e-01)	Loss Disc 6.8182e-01 (6.8080e-01)	Loss Pred 4.2894e-01 (4.4318e-01)	Loss TOTAL 8.2263e-01 (8.3922e-01)
Epoch: [9][270/441]	L_Src_Sup 1.8193e-01 (2.0380e-01)	L_Trg_Inj 3.1354e-01 (3.0677e-01)	Loss Disc 6.8156e-01 (6.8084e-01)	Loss Pred 4.2738e-01 (4.4317e-01)	Loss TOTAL 8.1771e-01 (8.3981e-01)
Epoch: [9][280/441]	L_Src_Sup 1.9261e-01 (2.0328e-01)	L_Trg_Inj 3.8315e-01 (3.0808e-01)	Loss Disc 6.7923e-01 (6.8077e-01)	Loss Pred 4.6014e-01 (4.4355e-01)	Loss TOTAL 8.5734e-01 (8.4006e-01)
Epoch: [9][290/441]	L_Src_Sup 2.2415e-01 (2.0414e-01)	L_Trg_Inj 3.9058e-01 (3.0970e-01)	Loss Disc 6.7640e-01 (6.8071e-01)	Loss Pred 4.7952e-01 (4.4378e-01)	Loss TOTAL 8.7920e-01 (8.4041e-01)
Epoch: [9][300/441]	L_Src_Sup 2.0939e-01 (2.0370e-01)	L_Trg_Inj 2.8379e-01 (3.0981e-01)	Loss Disc 6.7579e-01 (6.8072e-01)	Loss Pred 4.5875e-01 (4.4357e-01)	Loss TOTAL 8.4596e-01 (8.4006e-01)
Epoch: [9][310/441]	L_Src_Sup 2.5608e-01 (2.0413e-01)	L_Trg_Inj 3.5211e-01 (3.1237e-01)	Loss Disc 6.8537e-01 (6.8073e-01)	Loss Pred 4.0199e-01 (4.4337e-01)	Loss TOTAL 8.0550e-01 (8.4000e-01)
Epoch: [9][320/441]	L_Src_Sup 1.8654e-01 (2.0419e-01)	L_Trg_Inj 2.8292e-01 (3.1135e-01)	Loss Disc 6.7822e-01 (6.8075e-01)	Loss Pred 4.4674e-01 (4.4311e-01)	Loss TOTAL 8.3279e-01 (8.4018e-01)
Epoch: [9][330/441]	L_Src_Sup 1.8036e-01 (2.0353e-01)	L_Trg_Inj 3.5008e-01 (3.1178e-01)	Loss Disc 6.8245e-01 (6.8076e-01)	Loss Pred 4.4536e-01 (4.4310e-01)	Loss TOTAL 8.3963e-01 (8.4000e-01)
Epoch: [9][340/441]	L_Src_Sup 1.7576e-01 (2.0337e-01)	L_Trg_Inj 2.1389e-01 (3.0994e-01)	Loss Disc 6.7519e-01 (6.8077e-01)	Loss Pred 4.9444e-01 (4.4309e-01)	Loss TOTAL 8.7100e-01 (8.3977e-01)
Epoch: [9][350/441]	L_Src_Sup 1.2177e-01 (2.0310e-01)	L_Trg_Inj 2.2853e-01 (3.0896e-01)	Loss Disc 6.7707e-01 (6.8074e-01)	Loss Pred 5.0634e-01 (4.4342e-01)	Loss TOTAL 8.7990e-01 (8.3982e-01)
Epoch: [9][360/441]	L_Src_Sup 2.3413e-01 (2.0312e-01)	L_Trg_Inj 3.6676e-01 (3.0832e-01)	Loss Disc 6.7677e-01 (6.8072e-01)	Loss Pred 4.7308e-01 (4.4340e-01)	Loss TOTAL 8.7156e-01 (8.3969e-01)
Epoch: [9][370/441]	L_Src_Sup 2.3345e-01 (2.0285e-01)	L_Trg_Inj 3.1615e-01 (3.0894e-01)	Loss Disc 6.8024e-01 (6.8074e-01)	Loss Pred 4.3368e-01 (4.4300e-01)	Loss TOTAL 8.2876e-01 (8.3930e-01)
Epoch: [9][380/441]	L_Src_Sup 1.5003e-01 (2.0274e-01)	L_Trg_Inj 2.7330e-01 (3.0854e-01)	Loss Disc 6.8037e-01 (6.8076e-01)	Loss Pred 4.3446e-01 (4.4326e-01)	Loss TOTAL 8.1698e-01 (8.3940e-01)
Epoch: [9][390/441]	L_Src_Sup 1.3283e-01 (2.0221e-01)	L_Trg_Inj 2.1553e-01 (3.0700e-01)	Loss Disc 6.8271e-01 (6.8073e-01)	Loss Pred 4.2661e-01 (4.4360e-01)	Loss TOTAL 8.0281e-01 (8.3965e-01)
Epoch: [9][400/441]	L_Src_Sup 1.5019e-01 (2.0177e-01)	L_Trg_Inj 3.2585e-01 (3.0774e-01)	Loss Disc 6.8102e-01 (6.8071e-01)	Loss Pred 4.5417e-01 (4.4347e-01)	Loss TOTAL 8.4228e-01 (8.3949e-01)
Epoch: [9][410/441]	L_Src_Sup 8.8576e-02 (2.0155e-01)	L_Trg_Inj 3.5280e-01 (3.0753e-01)	Loss Disc 6.7080e-01 (6.8064e-01)	Loss Pred 4.7872e-01 (4.4379e-01)	Loss TOTAL 8.5826e-01 (8.3977e-01)
Epoch: [9][420/441]	L_Src_Sup 1.3279e-01 (2.0088e-01)	L_Trg_Inj 2.7113e-01 (3.0773e-01)	Loss Disc 6.8183e-01 (6.8059e-01)	Loss Pred 4.2715e-01 (4.4421e-01)	Loss TOTAL 8.0846e-01 (8.4000e-01)
Epoch: [9][430/441]	L_Src_Sup 1.6811e-01 (2.0090e-01)	L_Trg_Inj 2.4014e-01 (3.0765e-01)	Loss Disc 6.8089e-01 (6.8055e-01)	Loss Pred 4.5999e-01 (4.4470e-01)	Loss TOTAL 8.4126e-01 (8.4035e-01)
Epoch: [9][440/441]	L_Src_Sup 1.6821e-01 (2.0089e-01)	L_Trg_Inj 3.7824e-01 (3.0714e-01)	Loss Disc 6.7947e-01 (6.8056e-01)	Loss Pred 4.5962e-01 (4.4472e-01)	Loss TOTAL 8.5401e-01 (8.4031e-01)
Epoch: [9][441/441]	L_Src_Sup 2.2250e-01 (2.0093e-01)	L_Trg_Inj 4.1027e-01 (3.0738e-01)	Loss Disc 6.8662e-01 (6.8058e-01)	Loss Pred 3.9528e-01 (4.4461e-01)	Loss TOTAL 8.0187e-01 (8.4023e-01)
Epoch 9 complete. Saving model state...
Epoch: [10][ 10/441]	L_Src_Sup 2.6259e-01 (2.0687e-01)	L_Trg_Inj 2.2030e-01 (2.7760e-01)	Loss Disc 6.8390e-01 (6.8187e-01)	Loss Pred 4.2132e-01 (4.4122e-01)	Loss TOTAL 8.5384e-01 (8.4225e-01)
Epoch: [10][ 20/441]	L_Src_Sup 2.8071e-01 (2.1092e-01)	L_Trg_Inj 3.9990e-01 (3.0342e-01)	Loss Disc 6.7241e-01 (6.8080e-01)	Loss Pred 4.9190e-01 (4.4329e-01)	Loss TOTAL 8.9616e-01 (8.4095e-01)
Epoch: [10][ 30/441]	L_Src_Sup 3.5900e-01 (2.0852e-01)	L_Trg_Inj 2.2911e-01 (2.9808e-01)	Loss Disc 6.7847e-01 (6.8035e-01)	Loss Pred 4.7250e-01 (4.4570e-01)	Loss TOTAL 1.0004e+00 (8.4564e-01)
Epoch: [10][ 40/441]	L_Src_Sup 1.7574e-01 (2.0822e-01)	L_Trg_Inj 3.3116e-01 (2.9922e-01)	Loss Disc 6.7227e-01 (6.8045e-01)	Loss Pred 4.7274e-01 (4.4493e-01)	Loss TOTAL 8.5956e-01 (8.4323e-01)
Epoch: [10][ 50/441]	L_Src_Sup 1.9837e-01 (2.0540e-01)	L_Trg_Inj 3.6547e-01 (3.0444e-01)	Loss Disc 6.8146e-01 (6.8065e-01)	Loss Pred 4.4851e-01 (4.4398e-01)	Loss TOTAL 8.4562e-01 (8.4116e-01)
Epoch: [10][ 60/441]	L_Src_Sup 2.0354e-01 (2.0147e-01)	L_Trg_Inj 2.8051e-01 (3.0631e-01)	Loss Disc 6.7935e-01 (6.8074e-01)	Loss Pred 4.6679e-01 (4.4497e-01)	Loss TOTAL 8.5487e-01 (8.4250e-01)
Epoch: [10][ 70/441]	L_Src_Sup 1.7706e-01 (2.0096e-01)	L_Trg_Inj 1.9950e-01 (3.0545e-01)	Loss Disc 6.7441e-01 (6.8054e-01)	Loss Pred 4.9748e-01 (4.4552e-01)	Loss TOTAL 8.7235e-01 (8.4267e-01)
Epoch: [10][ 80/441]	L_Src_Sup 1.3796e-01 (2.0000e-01)	L_Trg_Inj 3.7243e-01 (3.0529e-01)	Loss Disc 6.7705e-01 (6.8051e-01)	Loss Pred 4.9985e-01 (4.4661e-01)	Loss TOTAL 8.8941e-01 (8.4384e-01)
Epoch: [10][ 90/441]	L_Src_Sup 1.6529e-01 (1.9864e-01)	L_Trg_Inj 3.0352e-01 (3.0867e-01)	Loss Disc 6.8174e-01 (6.8064e-01)	Loss Pred 4.2669e-01 (4.4497e-01)	Loss TOTAL 8.1444e-01 (8.4175e-01)
Epoch: [10][100/441]	L_Src_Sup 2.0802e-01 (1.9690e-01)	L_Trg_Inj 2.7558e-01 (3.0768e-01)	Loss Disc 6.8661e-01 (6.8082e-01)	Loss Pred 4.0159e-01 (4.4493e-01)	Loss TOTAL 7.9326e-01 (8.4095e-01)
Epoch: [10][110/441]	L_Src_Sup 2.8555e-01 (1.9776e-01)	L_Trg_Inj 2.3808e-01 (3.0264e-01)	Loss Disc 6.8213e-01 (6.8069e-01)	Loss Pred 4.5357e-01 (4.4544e-01)	Loss TOTAL 8.9446e-01 (8.4117e-01)
Epoch: [10][120/441]	L_Src_Sup 2.0201e-01 (1.9704e-01)	L_Trg_Inj 2.6103e-01 (3.0395e-01)	Loss Disc 6.8093e-01 (6.8057e-01)	Loss Pred 4.6033e-01 (4.4677e-01)	Loss TOTAL 8.4710e-01 (8.4205e-01)
Epoch: [10][130/441]	L_Src_Sup 1.8653e-01 (1.9692e-01)	L_Trg_Inj 2.8861e-01 (3.0360e-01)	Loss Disc 6.8033e-01 (6.8052e-01)	Loss Pred 4.8686e-01 (4.4686e-01)	Loss TOTAL 8.7454e-01 (8.4176e-01)
Epoch: [10][140/441]	L_Src_Sup 2.0351e-01 (1.9727e-01)	L_Trg_Inj 3.1337e-01 (3.0454e-01)	Loss Disc 6.7740e-01 (6.8050e-01)	Loss Pred 4.4583e-01 (4.4634e-01)	Loss TOTAL 8.3622e-01 (8.4126e-01)
Epoch: [10][150/441]	L_Src_Sup 2.0517e-01 (1.9695e-01)	L_Trg_Inj 3.1680e-01 (3.0599e-01)	Loss Disc 6.7682e-01 (6.8036e-01)	Loss Pred 4.7318e-01 (4.4674e-01)	Loss TOTAL 8.6379e-01 (8.4141e-01)
Epoch: [10][160/441]	L_Src_Sup 2.7952e-01 (1.9741e-01)	L_Trg_Inj 2.9561e-01 (3.0496e-01)	Loss Disc 6.8289e-01 (6.8043e-01)	Loss Pred 4.2226e-01 (4.4596e-01)	Loss TOTAL 8.2122e-01 (8.4126e-01)
Epoch: [10][170/441]	L_Src_Sup 1.9830e-01 (1.9715e-01)	L_Trg_Inj 2.6039e-01 (3.0363e-01)	Loss Disc 6.8109e-01 (6.8040e-01)	Loss Pred 4.3048e-01 (4.4611e-01)	Loss TOTAL 8.1689e-01 (8.4105e-01)
Epoch: [10][180/441]	L_Src_Sup 1.6003e-01 (1.9617e-01)	L_Trg_Inj 2.6759e-01 (3.0478e-01)	Loss Disc 6.8686e-01 (6.8042e-01)	Loss Pred 4.0154e-01 (4.4571e-01)	Loss TOTAL 7.8774e-01 (8.4042e-01)
Epoch: [10][190/441]	L_Src_Sup 1.8500e-01 (1.9719e-01)	L_Trg_Inj 2.9630e-01 (3.0393e-01)	Loss Disc 6.7904e-01 (6.8049e-01)	Loss Pred 4.4529e-01 (4.4503e-01)	Loss TOTAL 8.3294e-01 (8.3992e-01)
Epoch: [10][200/441]	L_Src_Sup 1.3564e-01 (1.9722e-01)	L_Trg_Inj 3.3735e-01 (3.0352e-01)	Loss Disc 6.7677e-01 (6.8045e-01)	Loss Pred 4.4660e-01 (4.4508e-01)	Loss TOTAL 8.3229e-01 (8.3978e-01)
Epoch: [10][210/441]	L_Src_Sup 1.5131e-01 (1.9753e-01)	L_Trg_Inj 2.5062e-01 (3.0258e-01)	Loss Disc 6.8061e-01 (6.8047e-01)	Loss Pred 4.5974e-01 (4.4485e-01)	Loss TOTAL 8.4023e-01 (8.3968e-01)
Epoch: [10][220/441]	L_Src_Sup 2.4144e-01 (1.9791e-01)	L_Trg_Inj 2.2948e-01 (3.0185e-01)	Loss Disc 6.7779e-01 (6.8051e-01)	Loss Pred 4.7909e-01 (4.4462e-01)	Loss TOTAL 8.7703e-01 (8.3927e-01)
Epoch: [10][230/441]	L_Src_Sup 9.8374e-02 (1.9682e-01)	L_Trg_Inj 3.2276e-01 (3.0138e-01)	Loss Disc 6.8233e-01 (6.8060e-01)	Loss Pred 4.2104e-01 (4.4410e-01)	Loss TOTAL 8.0432e-01 (8.3846e-01)
Epoch: [10][240/441]	L_Src_Sup 2.7607e-01 (1.9680e-01)	L_Trg_Inj 2.5091e-01 (3.0136e-01)	Loss Disc 6.7678e-01 (6.8062e-01)	Loss Pred 4.7882e-01 (4.4422e-01)	Loss TOTAL 8.9506e-01 (8.3851e-01)
Epoch: [10][250/441]	L_Src_Sup 1.5010e-01 (1.9658e-01)	L_Trg_Inj 2.1914e-01 (3.0064e-01)	Loss Disc 6.8128e-01 (6.8065e-01)	Loss Pred 4.3350e-01 (4.4396e-01)	Loss TOTAL 8.1107e-01 (8.3812e-01)
Epoch: [10][260/441]	L_Src_Sup 2.0004e-01 (1.9606e-01)	L_Trg_Inj 4.3742e-01 (3.0078e-01)	Loss Disc 6.8319e-01 (6.8053e-01)	Loss Pred 4.9440e-01 (4.4526e-01)	Loss TOTAL 8.9974e-01 (8.3916e-01)
Epoch: [10][270/441]	L_Src_Sup 1.8974e-01 (1.9708e-01)	L_Trg_Inj 3.5073e-01 (2.9961e-01)	Loss Disc 6.7718e-01 (6.8059e-01)	Loss Pred 4.9947e-01 (4.4491e-01)	Loss TOTAL 8.9210e-01 (8.3894e-01)
Epoch: [10][280/441]	L_Src_Sup 1.4877e-01 (1.9646e-01)	L_Trg_Inj 2.4128e-01 (3.0038e-01)	Loss Disc 6.8348e-01 (6.8057e-01)	Loss Pred 4.4735e-01 (4.4519e-01)	Loss TOTAL 8.2809e-01 (8.3908e-01)
Epoch: [10][290/441]	L_Src_Sup 2.4005e-01 (1.9662e-01)	L_Trg_Inj 2.5297e-01 (3.0004e-01)	Loss Disc 6.8707e-01 (6.8054e-01)	Loss Pred 4.0152e-01 (4.4514e-01)	Loss TOTAL 7.9436e-01 (8.3886e-01)
Epoch: [10][300/441]	L_Src_Sup 1.8187e-01 (1.9634e-01)	L_Trg_Inj 2.0894e-01 (2.9791e-01)	Loss Disc 6.8226e-01 (6.8058e-01)	Loss Pred 4.2738e-01 (4.4472e-01)	Loss TOTAL 8.0759e-01 (8.3888e-01)
Epoch: [10][310/441]	L_Src_Sup 1.7316e-01 (1.9635e-01)	L_Trg_Inj 3.3119e-01 (2.9574e-01)	Loss Disc 6.7632e-01 (6.8057e-01)	Loss Pred 4.8027e-01 (4.4508e-01)	Loss TOTAL 8.6886e-01 (8.3954e-01)
Epoch: [10][320/441]	L_Src_Sup 9.9201e-02 (1.9602e-01)	L_Trg_Inj 3.0379e-01 (2.9628e-01)	Loss Disc 6.8168e-01 (6.8060e-01)	Loss Pred 4.2684e-01 (4.4477e-01)	Loss TOTAL 8.0798e-01 (8.3927e-01)
Epoch: [10][330/441]	L_Src_Sup 1.5257e-01 (1.9534e-01)	L_Trg_Inj 3.1839e-01 (2.9611e-01)	Loss Disc 6.7847e-01 (6.8067e-01)	Loss Pred 4.6635e-01 (4.4455e-01)	Loss TOTAL 8.5268e-01 (8.3885e-01)
Epoch: [10][340/441]	L_Src_Sup 1.9837e-01 (1.9550e-01)	L_Trg_Inj 1.8466e-01 (2.9611e-01)	Loss Disc 6.8614e-01 (6.8070e-01)	Loss Pred 4.6831e-01 (4.4432e-01)	Loss TOTAL 8.6339e-01 (8.3861e-01)
Epoch: [10][350/441]	L_Src_Sup 2.2967e-01 (1.9594e-01)	L_Trg_Inj 1.5249e-01 (2.9668e-01)	Loss Disc 6.8469e-01 (6.8069e-01)	Loss Pred 4.2052e-01 (4.4437e-01)	Loss TOTAL 8.7825e-01 (8.3883e-01)
Epoch: [10][360/441]	L_Src_Sup 2.9781e-01 (1.9683e-01)	L_Trg_Inj 3.9412e-01 (2.9651e-01)	Loss Disc 6.8038e-01 (6.8064e-01)	Loss Pred 4.2696e-01 (4.4439e-01)	Loss TOTAL 8.3635e-01 (8.3901e-01)
Epoch: [10][370/441]	L_Src_Sup 2.0176e-01 (1.9717e-01)	L_Trg_Inj 3.6454e-01 (2.9712e-01)	Loss Disc 6.7803e-01 (6.8065e-01)	Loss Pred 4.3988e-01 (4.4410e-01)	Loss TOTAL 8.3552e-01 (8.3870e-01)
Epoch: [10][380/441]	L_Src_Sup 1.8233e-01 (1.9687e-01)	L_Trg_Inj 3.7363e-01 (2.9730e-01)	Loss Disc 6.8290e-01 (6.8065e-01)	Loss Pred 4.4127e-01 (4.4413e-01)	Loss TOTAL 8.3832e-01 (8.3863e-01)
Epoch: [10][390/441]	L_Src_Sup 1.8600e-01 (1.9729e-01)	L_Trg_Inj 3.2210e-01 (2.9695e-01)	Loss Disc 6.7878e-01 (6.8065e-01)	Loss Pred 4.4062e-01 (4.4432e-01)	Loss TOTAL 8.3082e-01 (8.3911e-01)
Epoch: [10][400/441]	L_Src_Sup 1.4518e-01 (1.9638e-01)	L_Trg_Inj 3.4041e-01 (2.9725e-01)	Loss Disc 6.8450e-01 (6.8065e-01)	Loss Pred 4.0805e-01 (4.4415e-01)	Loss TOTAL 7.9886e-01 (8.3875e-01)
Epoch: [10][410/441]	L_Src_Sup 2.1672e-01 (1.9751e-01)	L_Trg_Inj 3.5010e-01 (2.9715e-01)	Loss Disc 6.7958e-01 (6.8063e-01)	Loss Pred 4.3324e-01 (4.4422e-01)	Loss TOTAL 8.2972e-01 (8.3927e-01)
Epoch: [10][420/441]	L_Src_Sup 2.5178e-01 (1.9828e-01)	L_Trg_Inj 3.7725e-01 (2.9719e-01)	Loss Disc 6.7932e-01 (6.8062e-01)	Loss Pred 4.3418e-01 (4.4419e-01)	Loss TOTAL 8.3674e-01 (8.3943e-01)
Epoch: [10][430/441]	L_Src_Sup 2.4793e-01 (1.9840e-01)	L_Trg_Inj 4.0450e-01 (2.9784e-01)	Loss Disc 6.8265e-01 (6.8061e-01)	Loss Pred 4.6767e-01 (4.4440e-01)	Loss TOTAL 8.7424e-01 (8.3960e-01)
Epoch: [10][440/441]	L_Src_Sup 1.6951e-01 (1.9806e-01)	L_Trg_Inj 2.1869e-01 (2.9770e-01)	Loss Disc 6.7866e-01 (6.8059e-01)	Loss Pred 4.4582e-01 (4.4453e-01)	Loss TOTAL 8.2397e-01 (8.3955e-01)
Epoch: [10][441/441]	L_Src_Sup 1.4040e-01 (1.9793e-01)	L_Trg_Inj 2.7461e-01 (2.9765e-01)	Loss Disc 6.7263e-01 (6.8057e-01)	Loss Pred 4.7144e-01 (4.4460e-01)	Loss TOTAL 8.4925e-01 (8.3957e-01)
Epoch 10 complete. Saving model state...
Epoch: [11][ 10/441]	L_Src_Sup 2.6742e-01 (2.0003e-01)	L_Trg_Inj 3.3793e-01 (3.1066e-01)	Loss Disc 6.8106e-01 (6.8043e-01)	Loss Pred 4.5414e-01 (4.4031e-01)	Loss TOTAL 8.5520e-01 (8.3392e-01)
Epoch: [11][ 20/441]	L_Src_Sup 1.3229e-01 (1.8909e-01)	L_Trg_Inj 2.8474e-01 (3.0441e-01)	Loss Disc 6.8183e-01 (6.7990e-01)	Loss Pred 4.2688e-01 (4.4609e-01)	Loss TOTAL 8.0950e-01 (8.3758e-01)
Epoch: [11][ 30/441]	L_Src_Sup 1.0170e-01 (1.9394e-01)	L_Trg_Inj 2.6776e-01 (2.9641e-01)	Loss Disc 6.7811e-01 (6.8030e-01)	Loss Pred 4.4640e-01 (4.4720e-01)	Loss TOTAL 8.2240e-01 (8.3805e-01)
Epoch: [11][ 40/441]	L_Src_Sup 1.6395e-01 (2.0048e-01)	L_Trg_Inj 2.3619e-01 (3.0899e-01)	Loss Disc 6.8378e-01 (6.8031e-01)	Loss Pred 4.2071e-01 (4.4509e-01)	Loss TOTAL 8.0262e-01 (8.3775e-01)
Epoch: [11][ 50/441]	L_Src_Sup 1.8308e-01 (2.0041e-01)	L_Trg_Inj 2.7280e-01 (3.0298e-01)	Loss Disc 6.8101e-01 (6.8043e-01)	Loss Pred 4.4199e-01 (4.4373e-01)	Loss TOTAL 8.2808e-01 (8.3553e-01)
Epoch: [11][ 60/441]	L_Src_Sup 2.1494e-01 (1.9852e-01)	L_Trg_Inj 3.8252e-01 (3.0631e-01)	Loss Disc 6.7978e-01 (6.8035e-01)	Loss Pred 4.2717e-01 (4.4317e-01)	Loss TOTAL 8.2681e-01 (8.3504e-01)
Epoch: [11][ 70/441]	L_Src_Sup 2.0001e-01 (1.9927e-01)	L_Trg_Inj 3.1221e-01 (3.0491e-01)	Loss Disc 6.8248e-01 (6.8035e-01)	Loss Pred 4.7422e-01 (4.4490e-01)	Loss TOTAL 8.6668e-01 (8.3743e-01)
Epoch: [11][ 80/441]	L_Src_Sup 1.5390e-01 (1.9778e-01)	L_Trg_Inj 2.8336e-01 (3.0185e-01)	Loss Disc 6.7480e-01 (6.8033e-01)	Loss Pred 4.5455e-01 (4.4519e-01)	Loss TOTAL 8.3568e-01 (8.3702e-01)
Epoch: [11][ 90/441]	L_Src_Sup 2.1321e-01 (2.0031e-01)	L_Trg_Inj 3.2802e-01 (3.0088e-01)	Loss Disc 6.8360e-01 (6.8031e-01)	Loss Pred 4.4104e-01 (4.4510e-01)	Loss TOTAL 8.3696e-01 (8.3824e-01)
Epoch: [11][100/441]	L_Src_Sup 1.9674e-01 (2.0129e-01)	L_Trg_Inj 3.4971e-01 (3.0087e-01)	Loss Disc 6.8183e-01 (6.8034e-01)	Loss Pred 4.2284e-01 (4.4450e-01)	Loss TOTAL 8.1840e-01 (8.3773e-01)
Epoch: [11][110/441]	L_Src_Sup 2.5791e-01 (1.9921e-01)	L_Trg_Inj 2.4434e-01 (3.0121e-01)	Loss Disc 6.8501e-01 (6.8040e-01)	Loss Pred 4.0784e-01 (4.4328e-01)	Loss TOTAL 8.1413e-01 (8.3623e-01)
Epoch: [11][120/441]	L_Src_Sup 2.9754e-01 (2.0281e-01)	L_Trg_Inj 2.4229e-01 (2.9958e-01)	Loss Disc 6.8363e-01 (6.8060e-01)	Loss Pred 4.4699e-01 (4.4427e-01)	Loss TOTAL 8.9804e-01 (8.3913e-01)
Epoch: [11][130/441]	L_Src_Sup 1.7888e-01 (2.0244e-01)	L_Trg_Inj 2.7348e-01 (2.9931e-01)	Loss Disc 6.8455e-01 (6.8062e-01)	Loss Pred 4.1374e-01 (4.4375e-01)	Loss TOTAL 8.0125e-01 (8.3826e-01)
Epoch: [11][140/441]	L_Src_Sup 1.6530e-01 (2.0170e-01)	L_Trg_Inj 2.5338e-01 (2.9959e-01)	Loss Disc 6.8350e-01 (6.8068e-01)	Loss Pred 4.4600e-01 (4.4329e-01)	Loss TOTAL 8.2962e-01 (8.3750e-01)
Epoch: [11][150/441]	L_Src_Sup 2.5285e-01 (2.0141e-01)	L_Trg_Inj 4.1570e-01 (3.0154e-01)	Loss Disc 6.7868e-01 (6.8076e-01)	Loss Pred 4.5986e-01 (4.4364e-01)	Loss TOTAL 8.6606e-01 (8.3832e-01)
Epoch: [11][160/441]	L_Src_Sup 2.3337e-01 (2.0011e-01)	L_Trg_Inj 2.4337e-01 (3.0478e-01)	Loss Disc 6.8132e-01 (6.8068e-01)	Loss Pred 4.3345e-01 (4.4391e-01)	Loss TOTAL 8.2179e-01 (8.3849e-01)
Epoch: [11][170/441]	L_Src_Sup 1.8183e-01 (2.0004e-01)	L_Trg_Inj 2.8513e-01 (3.0398e-01)	Loss Disc 6.8182e-01 (6.8057e-01)	Loss Pred 4.2715e-01 (4.4440e-01)	Loss TOTAL 8.1476e-01 (8.3877e-01)
Epoch: [11][180/441]	L_Src_Sup 1.1505e-01 (2.0032e-01)	L_Trg_Inj 3.5166e-01 (3.0474e-01)	Loss Disc 6.8172e-01 (6.8057e-01)	Loss Pred 4.2188e-01 (4.4417e-01)	Loss TOTAL 8.0941e-01 (8.3853e-01)
Epoch: [11][190/441]	L_Src_Sup 2.1140e-01 (1.9974e-01)	L_Trg_Inj 3.1446e-01 (3.0492e-01)	Loss Disc 6.8485e-01 (6.8059e-01)	Loss Pred 4.3457e-01 (4.4462e-01)	Loss TOTAL 8.2958e-01 (8.3892e-01)
Epoch: [11][200/441]	L_Src_Sup 2.8579e-01 (2.0089e-01)	L_Trg_Inj 3.5525e-01 (3.0636e-01)	Loss Disc 6.7818e-01 (6.8050e-01)	Loss Pred 4.3974e-01 (4.4472e-01)	Loss TOTAL 8.4293e-01 (8.3929e-01)
Epoch: [11][210/441]	L_Src_Sup 2.2268e-01 (2.0140e-01)	L_Trg_Inj 2.7047e-01 (3.0532e-01)	Loss Disc 6.8836e-01 (6.8051e-01)	Loss Pred 3.9488e-01 (4.4487e-01)	Loss TOTAL 7.8838e-01 (8.3936e-01)
Epoch: [11][220/441]	L_Src_Sup 2.2402e-01 (2.0114e-01)	L_Trg_Inj 2.3975e-01 (3.0460e-01)	Loss Disc 6.8751e-01 (6.8055e-01)	Loss Pred 4.0165e-01 (4.4452e-01)	Loss TOTAL 7.9179e-01 (8.3896e-01)
Epoch: [11][230/441]	L_Src_Sup 2.3730e-01 (2.0067e-01)	L_Trg_Inj 2.3505e-01 (3.0456e-01)	Loss Disc 6.8276e-01 (6.8055e-01)	Loss Pred 5.0706e-01 (4.4468e-01)	Loss TOTAL 8.9793e-01 (8.3892e-01)
Epoch: [11][240/441]	L_Src_Sup 1.8373e-01 (2.0155e-01)	L_Trg_Inj 3.9359e-01 (3.0669e-01)	Loss Disc 6.8164e-01 (6.8051e-01)	Loss Pred 4.4741e-01 (4.4487e-01)	Loss TOTAL 8.4596e-01 (8.3925e-01)
Epoch: [11][250/441]	L_Src_Sup 2.3932e-01 (2.0236e-01)	L_Trg_Inj 2.9993e-01 (3.0598e-01)	Loss Disc 6.7650e-01 (6.8052e-01)	Loss Pred 4.5244e-01 (4.4511e-01)	Loss TOTAL 8.4462e-01 (8.3966e-01)
Epoch: [11][260/441]	L_Src_Sup 1.6364e-01 (2.0261e-01)	L_Trg_Inj 3.2752e-01 (3.0616e-01)	Loss Disc 6.6709e-01 (6.8043e-01)	Loss Pred 5.2180e-01 (4.4604e-01)	Loss TOTAL 9.0446e-01 (8.4050e-01)
Epoch: [11][270/441]	L_Src_Sup 1.3451e-01 (2.0222e-01)	L_Trg_Inj 2.2241e-01 (3.0664e-01)	Loss Disc 6.8034e-01 (6.8041e-01)	Loss Pred 4.3952e-01 (4.4571e-01)	Loss TOTAL 8.1538e-01 (8.4012e-01)
Epoch: [11][280/441]	L_Src_Sup 1.8768e-01 (2.0200e-01)	L_Trg_Inj 3.7565e-01 (3.0693e-01)	Loss Disc 6.7819e-01 (6.8042e-01)	Loss Pred 4.6651e-01 (4.4548e-01)	Loss TOTAL 8.6193e-01 (8.3997e-01)
Epoch: [11][290/441]	L_Src_Sup 2.6021e-01 (2.0197e-01)	L_Trg_Inj 3.2457e-01 (3.0707e-01)	Loss Disc 6.8505e-01 (6.8040e-01)	Loss Pred 4.3482e-01 (4.4587e-01)	Loss TOTAL 8.3583e-01 (8.4024e-01)
Epoch: [11][300/441]	L_Src_Sup 1.8051e-01 (2.0169e-01)	L_Trg_Inj 2.5339e-01 (3.0781e-01)	Loss Disc 6.8265e-01 (6.8036e-01)	Loss Pred 4.2019e-01 (4.4587e-01)	Loss TOTAL 8.0491e-01 (8.4016e-01)
Epoch: [11][310/441]	L_Src_Sup 1.5036e-01 (2.0304e-01)	L_Trg_Inj 2.0747e-01 (3.0629e-01)	Loss Disc 6.8264e-01 (6.8037e-01)	Loss Pred 4.2873e-01 (4.4587e-01)	Loss TOTAL 8.0584e-01 (8.4093e-01)
Epoch: [11][320/441]	L_Src_Sup 2.7428e-01 (2.0301e-01)	L_Trg_Inj 2.6609e-01 (3.0583e-01)	Loss Disc 6.8586e-01 (6.8036e-01)	Loss Pred 4.0796e-01 (4.4581e-01)	Loss TOTAL 8.1311e-01 (8.4110e-01)
Epoch: [11][330/441]	L_Src_Sup 1.5256e-01 (2.0172e-01)	L_Trg_Inj 3.5430e-01 (3.0741e-01)	Loss Disc 6.7828e-01 (6.8035e-01)	Loss Pred 4.6631e-01 (4.4568e-01)	Loss TOTAL 8.5614e-01 (8.4087e-01)
Epoch: [11][340/441]	L_Src_Sup 1.5000e-01 (2.0112e-01)	L_Trg_Inj 2.7823e-01 (3.0800e-01)	Loss Disc 6.8433e-01 (6.8036e-01)	Loss Pred 4.9376e-01 (4.4560e-01)	Loss TOTAL 8.7875e-01 (8.4083e-01)
Epoch: [11][350/441]	L_Src_Sup 3.0255e-01 (2.0123e-01)	L_Trg_Inj 2.5848e-01 (3.0796e-01)	Loss Disc 6.8077e-01 (6.8039e-01)	Loss Pred 4.6037e-01 (4.4554e-01)	Loss TOTAL 9.0092e-01 (8.4091e-01)
Epoch: [11][360/441]	L_Src_Sup 2.1488e-01 (2.0012e-01)	L_Trg_Inj 1.6151e-01 (3.0763e-01)	Loss Disc 6.8345e-01 (6.8037e-01)	Loss Pred 4.2696e-01 (4.4577e-01)	Loss TOTAL 8.5969e-01 (8.4101e-01)
Epoch: [11][370/441]	L_Src_Sup 2.7645e-01 (1.9994e-01)	L_Trg_Inj 2.7159e-01 (3.0717e-01)	Loss Disc 6.8441e-01 (6.8041e-01)	Loss Pred 4.1425e-01 (4.4539e-01)	Loss TOTAL 8.1612e-01 (8.4049e-01)
Epoch: [11][380/441]	L_Src_Sup 1.9837e-01 (2.0002e-01)	L_Trg_Inj 2.8494e-01 (3.0668e-01)	Loss Disc 6.8321e-01 (6.8038e-01)	Loss Pred 4.4756e-01 (4.4546e-01)	Loss TOTAL 8.3749e-01 (8.4051e-01)
Epoch: [11][390/441]	L_Src_Sup 2.0590e-01 (2.0066e-01)	L_Trg_Inj 3.2104e-01 (3.0653e-01)	Loss Disc 6.8148e-01 (6.8035e-01)	Loss Pred 4.2693e-01 (4.4534e-01)	Loss TOTAL 8.2036e-01 (8.4051e-01)
Epoch: [11][400/441]	L_Src_Sup 1.5461e-01 (2.0014e-01)	L_Trg_Inj 3.3883e-01 (3.0644e-01)	Loss Disc 6.8506e-01 (6.8042e-01)	Loss Pred 4.3461e-01 (4.4497e-01)	Loss TOTAL 8.2648e-01 (8.4001e-01)
Epoch: [11][410/441]	L_Src_Sup 1.8491e-01 (1.9969e-01)	L_Trg_Inj 2.6321e-01 (3.0644e-01)	Loss Disc 6.8081e-01 (6.8043e-01)	Loss Pred 4.6042e-01 (4.4503e-01)	Loss TOTAL 8.4563e-01 (8.3993e-01)
Epoch: [11][420/441]	L_Src_Sup 2.5003e-01 (1.9989e-01)	L_Trg_Inj 2.9953e-01 (3.0582e-01)	Loss Disc 6.8169e-01 (6.8048e-01)	Loss Pred 4.5380e-01 (4.4483e-01)	Loss TOTAL 8.4960e-01 (8.3981e-01)
Epoch: [11][430/441]	L_Src_Sup 2.9760e-01 (2.0046e-01)	L_Trg_Inj 3.5423e-01 (3.0594e-01)	Loss Disc 6.8069e-01 (6.8051e-01)	Loss Pred 4.2702e-01 (4.4465e-01)	Loss TOTAL 8.3255e-01 (8.3965e-01)
Epoch: [11][440/441]	L_Src_Sup 1.6133e-01 (2.0066e-01)	L_Trg_Inj 3.1594e-01 (3.0653e-01)	Loss Disc 6.8485e-01 (6.8052e-01)	Loss Pred 4.0797e-01 (4.4459e-01)	Loss TOTAL 7.9812e-01 (8.3960e-01)
Epoch: [11][441/441]	L_Src_Sup 1.6532e-01 (2.0058e-01)	L_Trg_Inj 2.9556e-01 (3.0651e-01)	Loss Disc 6.8280e-01 (6.8053e-01)	Loss Pred 4.4747e-01 (4.4460e-01)	Loss TOTAL 8.3495e-01 (8.3958e-01)
Epoch 11 complete. Saving model state...
Epoch: [12][ 10/441]	L_Src_Sup 1.9444e-01 (1.7435e-01)	L_Trg_Inj 4.3932e-01 (2.8151e-01)	Loss Disc 6.8325e-01 (6.8127e-01)	Loss Pred 4.1264e-01 (4.3910e-01)	Loss TOTAL 8.1764e-01 (8.2597e-01)
Epoch: [12][ 20/441]	L_Src_Sup 2.0176e-01 (1.7978e-01)	L_Trg_Inj 3.6365e-01 (2.9418e-01)	Loss Disc 6.7929e-01 (6.8091e-01)	Loss Pred 4.5989e-01 (4.4211e-01)	Loss TOTAL 8.5608e-01 (8.3029e-01)
Epoch: [12][ 30/441]	L_Src_Sup 1.3448e-01 (1.8302e-01)	L_Trg_Inj 2.3024e-01 (2.8931e-01)	Loss Disc 6.7974e-01 (6.8075e-01)	Loss Pred 4.3959e-01 (4.4473e-01)	Loss TOTAL 8.1593e-01 (8.3595e-01)
Epoch: [12][ 40/441]	L_Src_Sup 2.0261e-01 (1.8677e-01)	L_Trg_Inj 2.8813e-01 (2.9746e-01)	Loss Disc 6.8242e-01 (6.8056e-01)	Loss Pred 4.2020e-01 (4.4557e-01)	Loss TOTAL 8.1049e-01 (8.3699e-01)
Epoch: [12][ 50/441]	L_Src_Sup 1.2706e-01 (1.8785e-01)	L_Trg_Inj 2.8353e-01 (2.9072e-01)	Loss Disc 6.8714e-01 (6.8068e-01)	Loss Pred 4.1543e-01 (4.4336e-01)	Loss TOTAL 8.0005e-01 (8.3373e-01)
Epoch: [12][ 60/441]	L_Src_Sup 2.0012e-01 (1.9743e-01)	L_Trg_Inj 2.7802e-01 (2.9305e-01)	Loss Disc 6.8105e-01 (6.8019e-01)	Loss Pred 4.3311e-01 (4.4433e-01)	Loss TOTAL 8.2145e-01 (8.3667e-01)
Epoch: [12][ 70/441]	L_Src_Sup 1.6397e-01 (1.9500e-01)	L_Trg_Inj 3.5529e-01 (2.9762e-01)	Loss Disc 6.8313e-01 (6.8037e-01)	Loss Pred 4.4048e-01 (4.4300e-01)	Loss TOTAL 8.3397e-01 (8.3610e-01)
Epoch: [12][ 80/441]	L_Src_Sup 2.2769e-01 (1.9694e-01)	L_Trg_Inj 3.2485e-01 (2.9954e-01)	Loss Disc 6.8357e-01 (6.8043e-01)	Loss Pred 4.1433e-01 (4.4202e-01)	Loss TOTAL 8.1138e-01 (8.3573e-01)
Epoch: [12][ 90/441]	L_Src_Sup 1.7743e-01 (1.9783e-01)	L_Trg_Inj 2.7025e-01 (2.9959e-01)	Loss Disc 6.8556e-01 (6.8045e-01)	Loss Pred 4.0796e-01 (4.4173e-01)	Loss TOTAL 7.9551e-01 (8.3512e-01)
Epoch: [12][100/441]	L_Src_Sup 1.9073e-01 (1.9715e-01)	L_Trg_Inj 1.8234e-01 (2.9838e-01)	Loss Disc 6.7890e-01 (6.8051e-01)	Loss Pred 4.4572e-01 (4.4112e-01)	Loss TOTAL 8.3087e-01 (8.3410e-01)
Epoch: [12][110/441]	L_Src_Sup 2.0006e-01 (1.9715e-01)	L_Trg_Inj 2.9594e-01 (2.9725e-01)	Loss Disc 6.7999e-01 (6.8077e-01)	Loss Pred 4.3341e-01 (4.4007e-01)	Loss TOTAL 8.2300e-01 (8.3349e-01)
Epoch: [12][120/441]	L_Src_Sup 1.9303e-01 (1.9876e-01)	L_Trg_Inj 2.1008e-01 (2.9348e-01)	Loss Disc 6.7330e-01 (6.8070e-01)	Loss Pred 4.7136e-01 (4.4027e-01)	Loss TOTAL 8.4832e-01 (8.3462e-01)
Epoch: [12][130/441]	L_Src_Sup 2.2402e-01 (2.0112e-01)	L_Trg_Inj 3.3118e-01 (2.9308e-01)	Loss Disc 6.7627e-01 (6.8063e-01)	Loss Pred 4.5231e-01 (4.4080e-01)	Loss TOTAL 8.4597e-01 (8.3647e-01)
Epoch: [12][140/441]	L_Src_Sup 1.4138e-01 (2.0245e-01)	L_Trg_Inj 3.3654e-01 (2.9489e-01)	Loss Disc 6.7220e-01 (6.8064e-01)	Loss Pred 4.7147e-01 (4.4047e-01)	Loss TOTAL 8.5536e-01 (8.3709e-01)
Epoch: [12][150/441]	L_Src_Sup 1.4762e-01 (2.0142e-01)	L_Trg_Inj 2.6660e-01 (2.9681e-01)	Loss Disc 6.8358e-01 (6.8077e-01)	Loss Pred 4.2028e-01 (4.4056e-01)	Loss TOTAL 8.0349e-01 (8.3690e-01)
Epoch: [12][160/441]	L_Src_Sup 1.6530e-01 (2.0376e-01)	L_Trg_Inj 2.4067e-01 (2.9716e-01)	Loss Disc 6.8382e-01 (6.8085e-01)	Loss Pred 4.4692e-01 (4.4023e-01)	Loss TOTAL 8.2942e-01 (8.3770e-01)
Epoch: [12][170/441]	L_Src_Sup 2.6891e-01 (2.0269e-01)	L_Trg_Inj 2.3716e-01 (2.9818e-01)	Loss Disc 6.8012e-01 (6.8082e-01)	Loss Pred 4.4012e-01 (4.4029e-01)	Loss TOTAL 8.6254e-01 (8.3769e-01)
Epoch: [12][180/441]	L_Src_Sup 1.9520e-01 (2.0253e-01)	L_Trg_Inj 2.4027e-01 (2.9825e-01)	Loss Disc 6.8506e-01 (6.8089e-01)	Loss Pred 4.1412e-01 (4.3986e-01)	Loss TOTAL 8.0020e-01 (8.3704e-01)
Epoch: [12][190/441]	L_Src_Sup 1.8334e-01 (2.0209e-01)	L_Trg_Inj 1.9296e-01 (2.9791e-01)	Loss Disc 6.8541e-01 (6.8086e-01)	Loss Pred 4.9431e-01 (4.4053e-01)	Loss TOTAL 8.7464e-01 (8.3727e-01)
Epoch: [12][200/441]	L_Src_Sup 1.7699e-01 (2.0091e-01)	L_Trg_Inj 2.7858e-01 (2.9813e-01)	Loss Disc 6.7707e-01 (6.8087e-01)	Loss Pred 5.5915e-01 (4.4107e-01)	Loss TOTAL 9.4325e-01 (8.3751e-01)
Epoch: [12][210/441]	L_Src_Sup 1.5256e-01 (1.9991e-01)	L_Trg_Inj 3.7180e-01 (2.9790e-01)	Loss Disc 6.7792e-01 (6.8081e-01)	Loss Pred 4.6639e-01 (4.4180e-01)	Loss TOTAL 8.5779e-01 (8.3779e-01)
Epoch: [12][220/441]	L_Src_Sup 1.3559e-01 (1.9939e-01)	L_Trg_Inj 2.1355e-01 (2.9765e-01)	Loss Disc 6.7975e-01 (6.8071e-01)	Loss Pred 4.6256e-01 (4.4262e-01)	Loss TOTAL 8.3734e-01 (8.3830e-01)
Epoch: [12][230/441]	L_Src_Sup 2.5226e-01 (1.9943e-01)	L_Trg_Inj 4.2755e-01 (2.9827e-01)	Loss Disc 6.7971e-01 (6.8068e-01)	Loss Pred 4.8031e-01 (4.4324e-01)	Loss TOTAL 8.8814e-01 (8.3874e-01)
Epoch: [12][240/441]	L_Src_Sup 2.4792e-01 (1.9935e-01)	L_Trg_Inj 3.1730e-01 (2.9750e-01)	Loss Disc 6.8139e-01 (6.8065e-01)	Loss Pred 4.2671e-01 (4.4304e-01)	Loss TOTAL 8.2392e-01 (8.3826e-01)
Epoch: [12][250/441]	L_Src_Sup 8.1991e-02 (1.9911e-01)	L_Trg_Inj 2.3164e-01 (2.9750e-01)	Loss Disc 6.8497e-01 (6.8062e-01)	Loss Pred 4.4106e-01 (4.4307e-01)	Loss TOTAL 8.1491e-01 (8.3807e-01)
Epoch: [12][260/441]	L_Src_Sup 2.7588e-01 (1.9889e-01)	L_Trg_Inj 2.5048e-01 (2.9638e-01)	Loss Disc 6.7545e-01 (6.8061e-01)	Loss Pred 4.5841e-01 (4.4298e-01)	Loss TOTAL 8.7417e-01 (8.3774e-01)
Epoch: [12][270/441]	L_Src_Sup 2.5942e-01 (1.9946e-01)	L_Trg_Inj 2.8673e-01 (2.9650e-01)	Loss Disc 6.8669e-01 (6.8069e-01)	Loss Pred 4.0253e-01 (4.4257e-01)	Loss TOTAL 8.0049e-01 (8.3732e-01)
Epoch: [12][280/441]	L_Src_Sup 1.5387e-01 (1.9905e-01)	L_Trg_Inj 2.6103e-01 (2.9590e-01)	Loss Disc 6.7688e-01 (6.8071e-01)	Loss Pred 4.5230e-01 (4.4246e-01)	Loss TOTAL 8.3223e-01 (8.3697e-01)
Epoch: [12][290/441]	L_Src_Sup 1.3676e-01 (1.9760e-01)	L_Trg_Inj 3.6760e-01 (2.9685e-01)	Loss Disc 6.7508e-01 (6.8067e-01)	Loss Pred 4.5225e-01 (4.4239e-01)	Loss TOTAL 8.4022e-01 (8.3667e-01)
Epoch: [12][300/441]	L_Src_Sup 2.6020e-01 (1.9843e-01)	L_Trg_Inj 2.9349e-01 (2.9606e-01)	Loss Disc 6.8400e-01 (6.8069e-01)	Loss Pred 4.1431e-01 (4.4260e-01)	Loss TOTAL 8.1168e-01 (8.3699e-01)
Epoch: [12][310/441]	L_Src_Sup 1.8210e-01 (1.9866e-01)	L_Trg_Inj 2.6288e-01 (2.9682e-01)	Loss Disc 6.8091e-01 (6.8068e-01)	Loss Pred 4.2700e-01 (4.4229e-01)	Loss TOTAL 8.1195e-01 (8.3663e-01)
Epoch: [12][320/441]	L_Src_Sup 2.3746e-01 (1.9837e-01)	L_Trg_Inj 4.5599e-01 (2.9681e-01)	Loss Disc 6.7707e-01 (6.8065e-01)	Loss Pred 4.7772e-01 (4.4284e-01)	Loss TOTAL 8.8560e-01 (8.3729e-01)
Epoch: [12][330/441]	L_Src_Sup 2.5293e-01 (1.9822e-01)	L_Trg_Inj 2.4264e-01 (2.9710e-01)	Loss Disc 6.7930e-01 (6.8060e-01)	Loss Pred 4.3989e-01 (4.4298e-01)	Loss TOTAL 8.3939e-01 (8.3731e-01)
Epoch: [12][340/441]	L_Src_Sup 2.2775e-01 (1.9849e-01)	L_Trg_Inj 2.8350e-01 (2.9671e-01)	Loss Disc 6.8391e-01 (6.8061e-01)	Loss Pred 4.1450e-01 (4.4296e-01)	Loss TOTAL 8.0758e-01 (8.3724e-01)
Epoch: [12][350/441]	L_Src_Sup 2.8304e-01 (1.9863e-01)	L_Trg_Inj 4.0229e-01 (2.9674e-01)	Loss Disc 6.8180e-01 (6.8060e-01)	Loss Pred 4.4746e-01 (4.4319e-01)	Loss TOTAL 8.5689e-01 (8.3742e-01)
Epoch: [12][360/441]	L_Src_Sup 2.6447e-01 (1.9928e-01)	L_Trg_Inj 1.6616e-01 (2.9689e-01)	Loss Disc 6.8420e-01 (6.8061e-01)	Loss Pred 4.2715e-01 (4.4320e-01)	Loss TOTAL 9.1063e-01 (8.3766e-01)
Epoch: [12][370/441]	L_Src_Sup 1.5822e-01 (1.9897e-01)	L_Trg_Inj 3.9919e-01 (2.9747e-01)	Loss Disc 6.7669e-01 (6.8058e-01)	Loss Pred 4.7240e-01 (4.4348e-01)	Loss TOTAL 8.6649e-01 (8.3787e-01)
Epoch: [12][380/441]	L_Src_Sup 1.7243e-01 (1.9862e-01)	L_Trg_Inj 3.0515e-01 (2.9742e-01)	Loss Disc 6.7535e-01 (6.8056e-01)	Loss Pred 4.5894e-01 (4.4364e-01)	Loss TOTAL 8.4437e-01 (8.3786e-01)
Epoch: [12][390/441]	L_Src_Sup 2.1878e-01 (1.9833e-01)	L_Trg_Inj 3.3639e-01 (2.9740e-01)	Loss Disc 6.7957e-01 (6.8053e-01)	Loss Pred 4.5708e-01 (4.4366e-01)	Loss TOTAL 8.5238e-01 (8.3782e-01)
Epoch: [12][400/441]	L_Src_Sup 1.8655e-01 (1.9798e-01)	L_Trg_Inj 2.1794e-01 (2.9693e-01)	Loss Disc 6.7985e-01 (6.8051e-01)	Loss Pred 4.6629e-01 (4.4373e-01)	Loss TOTAL 8.4667e-01 (8.3781e-01)
Epoch: [12][410/441]	L_Src_Sup 1.3020e-01 (1.9718e-01)	L_Trg_Inj 2.3462e-01 (2.9619e-01)	Loss Disc 6.8437e-01 (6.8055e-01)	Loss Pred 4.1388e-01 (4.4379e-01)	Loss TOTAL 7.9255e-01 (8.3772e-01)
Epoch: [12][420/441]	L_Src_Sup 2.0578e-01 (1.9801e-01)	L_Trg_Inj 3.1368e-01 (2.9659e-01)	Loss Disc 6.7633e-01 (6.8055e-01)	Loss Pred 4.5272e-01 (4.4380e-01)	Loss TOTAL 8.4283e-01 (8.3812e-01)
Epoch: [12][430/441]	L_Src_Sup 1.8975e-01 (1.9803e-01)	L_Trg_Inj 2.7590e-01 (2.9676e-01)	Loss Disc 6.7665e-01 (6.8056e-01)	Loss Pred 4.7887e-01 (4.4402e-01)	Loss TOTAL 8.6376e-01 (8.3838e-01)
Epoch: [12][440/441]	L_Src_Sup 1.4632e-01 (1.9810e-01)	L_Trg_Inj 3.6007e-01 (2.9712e-01)	Loss Disc 6.8458e-01 (6.8054e-01)	Loss Pred 4.3506e-01 (4.4410e-01)	Loss TOTAL 8.2799e-01 (8.3841e-01)
Epoch: [12][441/441]	L_Src_Sup 2.9752e-01 (1.9832e-01)	L_Trg_Inj 1.2886e-01 (2.9673e-01)	Loss Disc 6.8409e-01 (6.8055e-01)	Loss Pred 4.4984e-01 (4.4412e-01)	Loss TOTAL 1.0032e+00 (8.3879e-01)
Epoch 12 complete. Saving model state...
Epoch: [13][ 10/441]	L_Src_Sup 2.3389e-01 (1.8891e-01)	L_Trg_Inj 3.4325e-01 (2.8473e-01)	Loss Disc 6.8111e-01 (6.7965e-01)	Loss Pred 4.5266e-01 (4.5642e-01)	Loss TOTAL 8.5093e-01 (8.4775e-01)
Epoch: [13][ 20/441]	L_Src_Sup 1.8808e-01 (1.9609e-01)	L_Trg_Inj 2.7517e-01 (2.9209e-01)	Loss Disc 6.7657e-01 (6.7961e-01)	Loss Pred 4.5238e-01 (4.5081e-01)	Loss TOTAL 8.3699e-01 (8.4261e-01)
Epoch: [13][ 30/441]	L_Src_Sup 2.3141e-01 (1.8919e-01)	L_Trg_Inj 2.6097e-01 (3.0077e-01)	Loss Disc 6.8202e-01 (6.7953e-01)	Loss Pred 4.2690e-01 (4.4873e-01)	Loss TOTAL 8.1715e-01 (8.3961e-01)
Epoch: [13][ 40/441]	L_Src_Sup 6.8396e-02 (1.9182e-01)	L_Trg_Inj 3.6839e-01 (2.9542e-01)	Loss Disc 6.7559e-01 (6.7998e-01)	Loss Pred 4.5265e-01 (4.4593e-01)	Loss TOTAL 8.3413e-01 (8.3728e-01)
Epoch: [13][ 50/441]	L_Src_Sup 1.1765e-01 (1.9394e-01)	L_Trg_Inj 3.1547e-01 (2.9530e-01)	Loss Disc 6.7865e-01 (6.7995e-01)	Loss Pred 4.3959e-01 (4.4542e-01)	Loss TOTAL 8.2223e-01 (8.3643e-01)
Epoch: [13][ 60/441]	L_Src_Sup 1.8840e-01 (1.9189e-01)	L_Trg_Inj 2.7250e-01 (2.9425e-01)	Loss Disc 6.7674e-01 (6.7994e-01)	Loss Pred 4.5217e-01 (4.4593e-01)	Loss TOTAL 8.3663e-01 (8.3713e-01)
Epoch: [13][ 70/441]	L_Src_Sup 1.6395e-01 (1.8963e-01)	L_Trg_Inj 2.5222e-01 (2.9582e-01)	Loss Disc 6.8293e-01 (6.8005e-01)	Loss Pred 4.2001e-01 (4.4549e-01)	Loss TOTAL 8.0309e-01 (8.3630e-01)
Epoch: [13][ 80/441]	L_Src_Sup 2.5001e-01 (1.9335e-01)	L_Trg_Inj 3.2352e-01 (2.9558e-01)	Loss Disc 6.7949e-01 (6.8023e-01)	Loss Pred 4.3311e-01 (4.4477e-01)	Loss TOTAL 8.3021e-01 (8.3627e-01)
Epoch: [13][ 90/441]	L_Src_Sup 2.0574e-01 (1.9421e-01)	L_Trg_Inj 4.1620e-01 (2.9493e-01)	Loss Disc 6.7463e-01 (6.8026e-01)	Loss Pred 4.5208e-01 (4.4580e-01)	Loss TOTAL 8.5159e-01 (8.3785e-01)
Epoch: [13][100/441]	L_Src_Sup 1.4761e-01 (1.9226e-01)	L_Trg_Inj 2.4284e-01 (2.9399e-01)	Loss Disc 6.8352e-01 (6.8039e-01)	Loss Pred 4.2087e-01 (4.4479e-01)	Loss TOTAL 8.0167e-01 (8.3665e-01)
Epoch: [13][110/441]	L_Src_Sup 1.0320e-01 (1.9144e-01)	L_Trg_Inj 2.1941e-01 (2.9235e-01)	Loss Disc 6.8110e-01 (6.8036e-01)	Loss Pred 4.3476e-01 (4.4498e-01)	Loss TOTAL 8.0757e-01 (8.3684e-01)
Epoch: [13][120/441]	L_Src_Sup 1.7247e-01 (1.9135e-01)	L_Trg_Inj 2.2288e-01 (2.9246e-01)	Loss Disc 6.7603e-01 (6.8042e-01)	Loss Pred 4.5936e-01 (4.4532e-01)	Loss TOTAL 8.3691e-01 (8.3706e-01)
Epoch: [13][130/441]	L_Src_Sup 1.3448e-01 (1.9173e-01)	L_Trg_Inj 2.8986e-01 (2.9477e-01)	Loss Disc 6.7949e-01 (6.8049e-01)	Loss Pred 4.4013e-01 (4.4499e-01)	Loss TOTAL 8.2230e-01 (8.3678e-01)
Epoch: [13][140/441]	L_Src_Sup 2.2036e-01 (1.9213e-01)	L_Trg_Inj 3.2548e-01 (2.9454e-01)	Loss Disc 6.7749e-01 (6.8056e-01)	Loss Pred 4.4578e-01 (4.4439e-01)	Loss TOTAL 8.3911e-01 (8.3679e-01)
Epoch: [13][150/441]	L_Src_Sup 2.3141e-01 (1.9197e-01)	L_Trg_Inj 3.6470e-01 (2.9763e-01)	Loss Disc 6.8194e-01 (6.8050e-01)	Loss Pred 4.4760e-01 (4.4462e-01)	Loss TOTAL 8.4819e-01 (8.3705e-01)
Epoch: [13][160/441]	L_Src_Sup 2.6676e-01 (1.9389e-01)	L_Trg_Inj 2.3835e-01 (2.9609e-01)	Loss Disc 6.8108e-01 (6.8051e-01)	Loss Pred 4.3316e-01 (4.4470e-01)	Loss TOTAL 8.5261e-01 (8.3778e-01)
Epoch: [13][170/441]	L_Src_Sup 1.6535e-01 (1.9480e-01)	L_Trg_Inj 4.0098e-01 (2.9621e-01)	Loss Disc 6.8065e-01 (6.8046e-01)	Loss Pred 4.2697e-01 (4.4534e-01)	Loss TOTAL 8.2393e-01 (8.3827e-01)
Epoch: [13][180/441]	L_Src_Sup 2.5006e-01 (1.9560e-01)	L_Trg_Inj 3.0382e-01 (2.9659e-01)	Loss Disc 6.8149e-01 (6.8049e-01)	Loss Pred 4.5334e-01 (4.4527e-01)	Loss TOTAL 8.4947e-01 (8.3813e-01)
Epoch: [13][190/441]	L_Src_Sup 1.9234e-01 (1.9533e-01)	L_Trg_Inj 2.8706e-01 (2.9750e-01)	Loss Disc 6.7664e-01 (6.8052e-01)	Loss Pred 5.0573e-01 (4.4489e-01)	Loss TOTAL 8.9199e-01 (8.3793e-01)
Epoch: [13][200/441]	L_Src_Sup 2.8626e-01 (1.9677e-01)	L_Trg_Inj 2.5914e-01 (2.9569e-01)	Loss Disc 6.7940e-01 (6.8054e-01)	Loss Pred 4.3960e-01 (4.4455e-01)	Loss TOTAL 8.6096e-01 (8.3799e-01)
Epoch: [13][210/441]	L_Src_Sup 1.5530e-01 (1.9781e-01)	L_Trg_Inj 3.9532e-01 (2.9729e-01)	Loss Disc 6.7555e-01 (6.8055e-01)	Loss Pred 4.5220e-01 (4.4399e-01)	Loss TOTAL 8.4504e-01 (8.3829e-01)
Epoch: [13][220/441]	L_Src_Sup 1.8687e-01 (1.9830e-01)	L_Trg_Inj 4.0737e-01 (2.9928e-01)	Loss Disc 6.7259e-01 (6.8054e-01)	Loss Pred 4.6509e-01 (4.4402e-01)	Loss TOTAL 8.6081e-01 (8.3878e-01)
Epoch: [13][230/441]	L_Src_Sup 2.1058e-01 (1.9897e-01)	L_Trg_Inj 2.2654e-01 (2.9961e-01)	Loss Disc 6.7500e-01 (6.8046e-01)	Loss Pred 4.9135e-01 (4.4461e-01)	Loss TOTAL 8.7256e-01 (8.3944e-01)
Epoch: [13][240/441]	L_Src_Sup 1.0085e-01 (1.9972e-01)	L_Trg_Inj 4.1653e-01 (3.0178e-01)	Loss Disc 6.7720e-01 (6.8045e-01)	Loss Pred 4.3915e-01 (4.4467e-01)	Loss TOTAL 8.2948e-01 (8.3961e-01)
Epoch: [13][250/441]	L_Src_Sup 1.8489e-01 (2.0054e-01)	L_Trg_Inj 3.0106e-01 (3.0361e-01)	Loss Disc 6.7920e-01 (6.8044e-01)	Loss Pred 4.3957e-01 (4.4480e-01)	Loss TOTAL 8.2776e-01 (8.3985e-01)
Epoch: [13][260/441]	L_Src_Sup 1.5006e-01 (2.0031e-01)	L_Trg_Inj 4.4057e-01 (3.0403e-01)	Loss Disc 6.8154e-01 (6.8046e-01)	Loss Pred 4.7431e-01 (4.4490e-01)	Loss TOTAL 8.7415e-01 (8.4020e-01)
Epoch: [13][270/441]	L_Src_Sup 1.7159e-01 (1.9969e-01)	L_Trg_Inj 3.0568e-01 (3.0408e-01)	Loss Disc 6.8040e-01 (6.8055e-01)	Loss Pred 4.3371e-01 (4.4472e-01)	Loss TOTAL 8.2163e-01 (8.4002e-01)
Epoch: [13][280/441]	L_Src_Sup 2.1667e-01 (1.9982e-01)	L_Trg_Inj 3.6527e-01 (3.0385e-01)	Loss Disc 6.7961e-01 (6.8052e-01)	Loss Pred 4.3295e-01 (4.4448e-01)	Loss TOTAL 8.3095e-01 (8.3962e-01)
Epoch: [13][290/441]	L_Src_Sup 1.1967e-01 (1.9958e-01)	L_Trg_Inj 4.2046e-01 (3.0521e-01)	Loss Disc 6.7507e-01 (6.8049e-01)	Loss Pred 4.5786e-01 (4.4466e-01)	Loss TOTAL 8.4941e-01 (8.3990e-01)
Epoch: [13][300/441]	L_Src_Sup 1.8182e-01 (1.9990e-01)	L_Trg_Inj 2.2091e-01 (3.0467e-01)	Loss Disc 6.8387e-01 (6.8056e-01)	Loss Pred 4.4688e-01 (4.4430e-01)	Loss TOTAL 8.2909e-01 (8.3939e-01)
Epoch: [13][310/441]	L_Src_Sup 1.3446e-01 (1.9991e-01)	L_Trg_Inj 3.7637e-01 (3.0441e-01)	Loss Disc 6.7819e-01 (6.8057e-01)	Loss Pred 4.3954e-01 (4.4412e-01)	Loss TOTAL 8.2972e-01 (8.3928e-01)
Epoch: [13][320/441]	L_Src_Sup 1.7746e-01 (1.9982e-01)	L_Trg_Inj 3.3740e-01 (3.0490e-01)	Loss Disc 6.8404e-01 (6.8060e-01)	Loss Pred 4.0900e-01 (4.4362e-01)	Loss TOTAL 8.0250e-01 (8.3870e-01)
Epoch: [13][330/441]	L_Src_Sup 1.7183e-01 (2.0001e-01)	L_Trg_Inj 3.2564e-01 (3.0459e-01)	Loss Disc 6.7448e-01 (6.8058e-01)	Loss Pred 4.6154e-01 (4.4374e-01)	Loss TOTAL 8.4853e-01 (8.3901e-01)
Epoch: [13][340/441]	L_Src_Sup 2.5496e-01 (2.0020e-01)	L_Trg_Inj 2.5414e-01 (3.0507e-01)	Loss Disc 6.8090e-01 (6.8055e-01)	Loss Pred 4.6062e-01 (4.4403e-01)	Loss TOTAL 8.5281e-01 (8.3940e-01)
Epoch: [13][350/441]	L_Src_Sup 1.5521e-01 (2.0034e-01)	L_Trg_Inj 3.2069e-01 (3.0451e-01)	Loss Disc 6.7753e-01 (6.8053e-01)	Loss Pred 4.9938e-01 (4.4434e-01)	Loss TOTAL 8.8574e-01 (8.3983e-01)
Epoch: [13][360/441]	L_Src_Sup 2.4194e-01 (2.0086e-01)	L_Trg_Inj 2.4343e-01 (3.0521e-01)	Loss Disc 6.8626e-01 (6.8055e-01)	Loss Pred 4.0805e-01 (4.4404e-01)	Loss TOTAL 7.9972e-01 (8.3956e-01)
Epoch: [13][370/441]	L_Src_Sup 2.3142e-01 (2.0046e-01)	L_Trg_Inj 3.1502e-01 (3.0614e-01)	Loss Disc 6.8141e-01 (6.8056e-01)	Loss Pred 4.2724e-01 (4.4384e-01)	Loss TOTAL 8.2259e-01 (8.3930e-01)
Epoch: [13][380/441]	L_Src_Sup 1.3115e-01 (2.0005e-01)	L_Trg_Inj 3.3919e-01 (3.0543e-01)	Loss Disc 6.8504e-01 (6.8058e-01)	Loss Pred 4.6110e-01 (4.4383e-01)	Loss TOTAL 8.5065e-01 (8.3935e-01)
Epoch: [13][390/441]	L_Src_Sup 2.3336e-01 (2.0049e-01)	L_Trg_Inj 3.0871e-01 (3.0501e-01)	Loss Disc 6.8154e-01 (6.8056e-01)	Loss Pred 4.5385e-01 (4.4371e-01)	Loss TOTAL 8.4883e-01 (8.3925e-01)
Epoch: [13][400/441]	L_Src_Sup 2.2962e-01 (2.0030e-01)	L_Trg_Inj 3.0651e-01 (3.0483e-01)	Loss Disc 6.8404e-01 (6.8060e-01)	Loss Pred 4.1504e-01 (4.4350e-01)	Loss TOTAL 8.1067e-01 (8.3894e-01)
Epoch: [13][410/441]	L_Src_Sup 2.0174e-01 (1.9989e-01)	L_Trg_Inj 3.6411e-01 (3.0561e-01)	Loss Disc 6.7825e-01 (6.8058e-01)	Loss Pred 4.3975e-01 (4.4353e-01)	Loss TOTAL 8.3546e-01 (8.3906e-01)
Epoch: [13][420/441]	L_Src_Sup 1.3117e-01 (1.9967e-01)	L_Trg_Inj 3.6204e-01 (3.0648e-01)	Loss Disc 6.8207e-01 (6.8053e-01)	Loss Pred 4.1990e-01 (4.4382e-01)	Loss TOTAL 8.1025e-01 (8.3934e-01)
Epoch: [13][430/441]	L_Src_Sup 2.2059e-01 (1.9933e-01)	L_Trg_Inj 3.1799e-01 (3.0610e-01)	Loss Disc 6.8015e-01 (6.8058e-01)	Loss Pred 4.8626e-01 (4.4391e-01)	Loss TOTAL 8.8019e-01 (8.3929e-01)
Epoch: [13][440/441]	L_Src_Sup 1.8341e-01 (1.9962e-01)	L_Trg_Inj 3.1941e-01 (3.0618e-01)	Loss Disc 6.8016e-01 (6.8055e-01)	Loss Pred 4.3367e-01 (4.4415e-01)	Loss TOTAL 8.2403e-01 (8.3951e-01)
Epoch: [13][441/441]	L_Src_Sup 1.1292e-01 (1.9943e-01)	L_Trg_Inj 3.0556e-01 (3.0618e-01)	Loss Disc 6.8546e-01 (6.8056e-01)	Loss Pred 4.0734e-01 (4.4406e-01)	Loss TOTAL 7.9192e-01 (8.3940e-01)
Epoch 13 complete. Saving model state...
Epoch: [14][ 10/441]	L_Src_Sup 1.8349e-01 (2.0206e-01)	L_Trg_Inj 3.7445e-01 (3.1382e-01)	Loss Disc 6.7944e-01 (6.8090e-01)	Loss Pred 4.3333e-01 (4.4074e-01)	Loss TOTAL 8.2884e-01 (8.3277e-01)
Epoch: [14][ 20/441]	L_Src_Sup 2.0968e-01 (2.1208e-01)	L_Trg_Inj 5.0187e-01 (3.2176e-01)	Loss Disc 6.8258e-01 (6.8006e-01)	Loss Pred 4.0782e-01 (4.4675e-01)	Loss TOTAL 8.2027e-01 (8.4672e-01)
Epoch: [14][ 30/441]	L_Src_Sup 1.2183e-01 (2.0244e-01)	L_Trg_Inj 4.0607e-01 (3.2306e-01)	Loss Disc 6.7238e-01 (6.8058e-01)	Loss Pred 4.6525e-01 (4.4128e-01)	Loss TOTAL 8.5423e-01 (8.4179e-01)
Epoch: [14][ 40/441]	L_Src_Sup 2.4799e-01 (2.1271e-01)	L_Trg_Inj 4.1118e-01 (3.1488e-01)	Loss Disc 6.8010e-01 (6.8081e-01)	Loss Pred 4.2712e-01 (4.3852e-01)	Loss TOTAL 8.3309e-01 (8.4029e-01)
Epoch: [14][ 50/441]	L_Src_Sup 2.8336e-01 (2.1634e-01)	L_Trg_Inj 4.3492e-01 (3.1031e-01)	Loss Disc 6.8033e-01 (6.8060e-01)	Loss Pred 4.5326e-01 (4.4302e-01)	Loss TOTAL 8.6525e-01 (8.4438e-01)
Epoch: [14][ 60/441]	L_Src_Sup 1.1967e-01 (2.1185e-01)	L_Trg_Inj 2.8374e-01 (3.0781e-01)	Loss Disc 6.7779e-01 (6.8045e-01)	Loss Pred 4.7216e-01 (4.4416e-01)	Loss TOTAL 8.5139e-01 (8.4334e-01)
Epoch: [14][ 70/441]	L_Src_Sup 2.2886e-01 (2.1223e-01)	L_Trg_Inj 2.8563e-01 (3.0606e-01)	Loss Disc 6.8527e-01 (6.8058e-01)	Loss Pred 4.3928e-01 (4.4360e-01)	Loss TOTAL 8.3336e-01 (8.4279e-01)
Epoch: [14][ 80/441]	L_Src_Sup 2.6787e-01 (2.1371e-01)	L_Trg_Inj 2.3736e-01 (3.0656e-01)	Loss Disc 6.8244e-01 (6.8056e-01)	Loss Pred 4.5366e-01 (4.4406e-01)	Loss TOTAL 8.7591e-01 (8.4303e-01)
Epoch: [14][ 90/441]	L_Src_Sup 2.1314e-01 (2.1185e-01)	L_Trg_Inj 3.3327e-01 (3.0723e-01)	Loss Disc 6.8136e-01 (6.8059e-01)	Loss Pred 4.2198e-01 (4.4270e-01)	Loss TOTAL 8.1730e-01 (8.4083e-01)
Epoch: [14][100/441]	L_Src_Sup 2.1171e-01 (2.1187e-01)	L_Trg_Inj 2.5652e-01 (3.0731e-01)	Loss Disc 6.7501e-01 (6.8057e-01)	Loss Pred 4.9165e-01 (4.4324e-01)	Loss TOTAL 8.7598e-01 (8.4166e-01)
Epoch: [14][110/441]	L_Src_Sup 1.6424e-01 (2.1297e-01)	L_Trg_Inj 3.3937e-01 (3.0634e-01)	Loss Disc 6.8216e-01 (6.8060e-01)	Loss Pred 4.2039e-01 (4.4301e-01)	Loss TOTAL 8.1183e-01 (8.4182e-01)
Epoch: [14][120/441]	L_Src_Sup 2.0020e-01 (2.1277e-01)	L_Trg_Inj 2.3933e-01 (3.0371e-01)	Loss Disc 6.8233e-01 (6.8063e-01)	Loss Pred 4.5372e-01 (4.4277e-01)	Loss TOTAL 8.3884e-01 (8.4161e-01)
Epoch: [14][130/441]	L_Src_Sup 2.3731e-01 (2.1158e-01)	L_Trg_Inj 2.4656e-01 (3.0247e-01)	Loss Disc 6.8099e-01 (6.8072e-01)	Loss Pred 4.8663e-01 (4.4293e-01)	Loss TOTAL 8.7551e-01 (8.4106e-01)
Epoch: [14][140/441]	L_Src_Sup 2.1488e-01 (2.1172e-01)	L_Trg_Inj 2.5820e-01 (3.0063e-01)	Loss Disc 6.8197e-01 (6.8058e-01)	Loss Pred 4.2680e-01 (4.4326e-01)	Loss TOTAL 8.1509e-01 (8.4077e-01)
Epoch: [14][150/441]	L_Src_Sup 2.8818e-01 (2.0987e-01)	L_Trg_Inj 3.9355e-01 (3.0167e-01)	Loss Disc 6.7713e-01 (6.8055e-01)	Loss Pred 4.6652e-01 (4.4323e-01)	Loss TOTAL 8.7325e-01 (8.4025e-01)
Epoch: [14][160/441]	L_Src_Sup 1.9854e-01 (2.0826e-01)	L_Trg_Inj 2.8503e-01 (2.9972e-01)	Loss Disc 6.8140e-01 (6.8059e-01)	Loss Pred 4.2740e-01 (4.4313e-01)	Loss TOTAL 8.1646e-01 (8.3988e-01)
Epoch: [14][170/441]	L_Src_Sup 1.7393e-01 (2.0839e-01)	L_Trg_Inj 2.7535e-01 (2.9939e-01)	Loss Disc 6.7397e-01 (6.8053e-01)	Loss Pred 4.6483e-01 (4.4348e-01)	Loss TOTAL 8.4674e-01 (8.4025e-01)
Epoch: [14][180/441]	L_Src_Sup 2.5007e-01 (2.0930e-01)	L_Trg_Inj 2.3031e-01 (2.9834e-01)	Loss Disc 6.8219e-01 (6.8061e-01)	Loss Pred 4.5407e-01 (4.4305e-01)	Loss TOTAL 8.6296e-01 (8.3997e-01)
Epoch: [14][190/441]	L_Src_Sup 2.4446e-01 (2.0673e-01)	L_Trg_Inj 2.4058e-01 (2.9520e-01)	Loss Disc 6.7408e-01 (6.8050e-01)	Loss Pred 4.6499e-01 (4.4352e-01)	Loss TOTAL 8.5441e-01 (8.3965e-01)
Epoch: [14][200/441]	L_Src_Sup 3.0150e-01 (2.0800e-01)	L_Trg_Inj 3.9897e-01 (2.9491e-01)	Loss Disc 6.7914e-01 (6.8049e-01)	Loss Pred 4.3306e-01 (4.4360e-01)	Loss TOTAL 8.4268e-01 (8.4012e-01)
Epoch: [14][210/441]	L_Src_Sup 1.4772e-01 (2.0634e-01)	L_Trg_Inj 3.9157e-01 (2.9708e-01)	Loss Disc 6.8103e-01 (6.8050e-01)	Loss Pred 4.2000e-01 (4.4391e-01)	Loss TOTAL 8.1444e-01 (8.4033e-01)
Epoch: [14][220/441]	L_Src_Sup 1.7245e-01 (2.0557e-01)	L_Trg_Inj 2.5069e-01 (2.9829e-01)	Loss Disc 6.7720e-01 (6.8045e-01)	Loss Pred 4.7920e-01 (4.4415e-01)	Loss TOTAL 8.6011e-01 (8.4032e-01)
Epoch: [14][230/441]	L_Src_Sup 1.4636e-01 (2.0481e-01)	L_Trg_Inj 2.4377e-01 (2.9696e-01)	Loss Disc 6.8710e-01 (6.8051e-01)	Loss Pred 4.5493e-01 (4.4430e-01)	Loss TOTAL 8.3749e-01 (8.4017e-01)
Epoch: [14][240/441]	L_Src_Sup 3.5595e-01 (2.0419e-01)	L_Trg_Inj 1.8056e-01 (2.9570e-01)	Loss Disc 6.7899e-01 (6.8042e-01)	Loss Pred 4.4616e-01 (4.4464e-01)	Loss TOTAL 1.0147e+00 (8.4090e-01)
Epoch: [14][250/441]	L_Src_Sup 1.4636e-01 (2.0424e-01)	L_Trg_Inj 2.4266e-01 (2.9449e-01)	Loss Disc 6.8499e-01 (6.8044e-01)	Loss Pred 4.1449e-01 (4.4456e-01)	Loss TOTAL 7.9589e-01 (8.4059e-01)
Epoch: [14][260/441]	L_Src_Sup 1.8810e-01 (2.0396e-01)	L_Trg_Inj 4.1725e-01 (2.9492e-01)	Loss Disc 6.7474e-01 (6.8040e-01)	Loss Pred 4.5262e-01 (4.4505e-01)	Loss TOTAL 8.5052e-01 (8.4100e-01)
Epoch: [14][270/441]	L_Src_Sup 2.2235e-01 (2.0527e-01)	L_Trg_Inj 3.5136e-01 (2.9593e-01)	Loss Disc 6.7706e-01 (6.8045e-01)	Loss Pred 4.7232e-01 (4.4458e-01)	Loss TOTAL 8.6822e-01 (8.4087e-01)
Epoch: [14][280/441]	L_Src_Sup 1.5126e-01 (2.0510e-01)	L_Trg_Inj 3.1886e-01 (2.9657e-01)	Loss Disc 6.7974e-01 (6.8045e-01)	Loss Pred 4.5997e-01 (4.4426e-01)	Loss TOTAL 8.4685e-01 (8.4038e-01)
Epoch: [14][290/441]	L_Src_Sup 1.6777e-01 (2.0494e-01)	L_Trg_Inj 2.9927e-01 (2.9522e-01)	Loss Disc 6.8319e-01 (6.8051e-01)	Loss Pred 4.7632e-01 (4.4422e-01)	Loss TOTAL 8.6462e-01 (8.4048e-01)
Epoch: [14][300/441]	L_Src_Sup 1.4305e-01 (2.0438e-01)	L_Trg_Inj 3.0595e-01 (2.9694e-01)	Loss Disc 6.7122e-01 (6.8045e-01)	Loss Pred 4.8423e-01 (4.4451e-01)	Loss TOTAL 8.6474e-01 (8.4070e-01)
Epoch: [14][310/441]	L_Src_Sup 1.4159e-01 (2.0398e-01)	L_Trg_Inj 3.2665e-01 (2.9707e-01)	Loss Disc 6.8391e-01 (6.8049e-01)	Loss Pred 4.4038e-01 (4.4477e-01)	Loss TOTAL 8.2916e-01 (8.4104e-01)
Epoch: [14][320/441]	L_Src_Sup 2.5001e-01 (2.0356e-01)	L_Trg_Inj 2.8562e-01 (2.9736e-01)	Loss Disc 6.8201e-01 (6.8048e-01)	Loss Pred 4.5383e-01 (4.4467e-01)	Loss TOTAL 8.4840e-01 (8.4076e-01)
Epoch: [14][330/441]	L_Src_Sup 1.6668e-01 (2.0446e-01)	L_Trg_Inj 3.3509e-01 (2.9820e-01)	Loss Disc 6.7972e-01 (6.8048e-01)	Loss Pred 4.3311e-01 (4.4444e-01)	Loss TOTAL 8.2315e-01 (8.4060e-01)
Epoch: [14][340/441]	L_Src_Sup 2.6703e-01 (2.0435e-01)	L_Trg_Inj 2.3766e-01 (2.9811e-01)	Loss Disc 6.8246e-01 (6.8050e-01)	Loss Pred 4.2686e-01 (4.4436e-01)	Loss TOTAL 8.4792e-01 (8.4043e-01)
Epoch: [14][350/441]	L_Src_Sup 2.0169e-01 (2.0379e-01)	L_Trg_Inj 2.7371e-01 (2.9868e-01)	Loss Disc 6.7972e-01 (6.8050e-01)	Loss Pred 4.3927e-01 (4.4415e-01)	Loss TOTAL 8.2667e-01 (8.4014e-01)
Epoch: [14][360/441]	L_Src_Sup 1.3446e-01 (2.0242e-01)	L_Trg_Inj 3.2804e-01 (2.9928e-01)	Loss Disc 6.7823e-01 (6.8051e-01)	Loss Pred 4.4013e-01 (4.4389e-01)	Loss TOTAL 8.2550e-01 (8.3966e-01)
Epoch: [14][370/441]	L_Src_Sup 1.8341e-01 (2.0234e-01)	L_Trg_Inj 2.6236e-01 (2.9858e-01)	Loss Disc 6.8059e-01 (6.8051e-01)	Loss Pred 4.3493e-01 (4.4367e-01)	Loss TOTAL 8.1980e-01 (8.3930e-01)
Epoch: [14][380/441]	L_Src_Sup 2.5215e-01 (2.0229e-01)	L_Trg_Inj 3.7903e-01 (2.9840e-01)	Loss Disc 6.7927e-01 (6.8049e-01)	Loss Pred 4.6039e-01 (4.4386e-01)	Loss TOTAL 8.6315e-01 (8.3948e-01)
Epoch: [14][390/441]	L_Src_Sup 1.4876e-01 (2.0215e-01)	L_Trg_Inj 1.4608e-01 (2.9791e-01)	Loss Disc 6.8479e-01 (6.8054e-01)	Loss Pred 4.4749e-01 (4.4385e-01)	Loss TOTAL 8.2205e-01 (8.3939e-01)
Epoch: [14][400/441]	L_Src_Sup 2.2226e-01 (2.0170e-01)	L_Trg_Inj 3.8263e-01 (2.9804e-01)	Loss Disc 6.8655e-01 (6.8057e-01)	Loss Pred 3.9573e-01 (4.4362e-01)	Loss TOTAL 7.9949e-01 (8.3901e-01)
Epoch: [14][410/441]	L_Src_Sup 1.0172e-01 (2.0205e-01)	L_Trg_Inj 2.4960e-01 (2.9756e-01)	Loss Disc 6.7839e-01 (6.8058e-01)	Loss Pred 4.4576e-01 (4.4392e-01)	Loss TOTAL 8.2009e-01 (8.3954e-01)
Epoch: [14][420/441]	L_Src_Sup 1.5519e-01 (2.0167e-01)	L_Trg_Inj 4.2120e-01 (2.9814e-01)	Loss Disc 6.7337e-01 (6.8056e-01)	Loss Pred 4.5866e-01 (4.4404e-01)	Loss TOTAL 8.5299e-01 (8.3955e-01)
Epoch: [14][430/441]	L_Src_Sup 1.8335e-01 (2.0117e-01)	L_Trg_Inj 2.9566e-01 (2.9838e-01)	Loss Disc 6.8020e-01 (6.8060e-01)	Loss Pred 4.3312e-01 (4.4409e-01)	Loss TOTAL 8.2112e-01 (8.3952e-01)
Epoch: [14][440/441]	L_Src_Sup 1.1669e-01 (2.0040e-01)	L_Trg_Inj 3.2086e-01 (2.9751e-01)	Loss Disc 6.8132e-01 (6.8060e-01)	Loss Pred 4.5382e-01 (4.4413e-01)	Loss TOTAL 8.3824e-01 (8.3936e-01)
Epoch: [14][441/441]	L_Src_Sup 1.5518e-01 (2.0030e-01)	L_Trg_Inj 2.1677e-01 (2.9732e-01)	Loss Disc 6.7572e-01 (6.8059e-01)	Loss Pred 4.5834e-01 (4.4417e-01)	Loss TOTAL 8.3339e-01 (8.3934e-01)
Epoch 14 complete. Saving model state...
Epoch: [15][ 10/441]	L_Src_Sup 3.0010e-01 (1.9663e-01)	L_Trg_Inj 3.1374e-01 (2.8721e-01)	Loss Disc 6.7849e-01 (6.8164e-01)	Loss Pred 4.3682e-01 (4.3114e-01)	Loss TOTAL 8.3745e-01 (8.2237e-01)
Epoch: [15][ 20/441]	L_Src_Sup 1.1783e-01 (2.0104e-01)	L_Trg_Inj 3.6981e-01 (2.8732e-01)	Loss Disc 6.7953e-01 (6.8154e-01)	Loss Pred 4.5963e-01 (4.3499e-01)	Loss TOTAL 8.4816e-01 (8.2847e-01)
Epoch: [15][ 30/441]	L_Src_Sup 1.3226e-01 (1.9775e-01)	L_Trg_Inj 2.4455e-01 (2.9693e-01)	Loss Disc 6.8249e-01 (6.8155e-01)	Loss Pred 4.2703e-01 (4.3715e-01)	Loss TOTAL 8.0596e-01 (8.3127e-01)
Epoch: [15][ 40/441]	L_Src_Sup 2.5609e-01 (1.9917e-01)	L_Trg_Inj 2.4939e-01 (2.9459e-01)	Loss Disc 6.7932e-01 (6.8112e-01)	Loss Pred 4.3909e-01 (4.3865e-01)	Loss TOTAL 8.3599e-01 (8.3167e-01)
Epoch: [15][ 50/441]	L_Src_Sup 1.6670e-01 (1.9837e-01)	L_Trg_Inj 2.8485e-01 (2.9521e-01)	Loss Disc 6.8061e-01 (6.8143e-01)	Loss Pred 4.3364e-01 (4.3713e-01)	Loss TOTAL 8.1910e-01 (8.3061e-01)
Epoch: [15][ 60/441]	L_Src_Sup 2.6232e-01 (1.9937e-01)	L_Trg_Inj 2.8079e-01 (2.9839e-01)	Loss Disc 6.8311e-01 (6.8140e-01)	Loss Pred 4.2057e-01 (4.3701e-01)	Loss TOTAL 8.1643e-01 (8.3082e-01)
Epoch: [15][ 70/441]	L_Src_Sup 1.8807e-01 (1.9674e-01)	L_Trg_Inj 2.4504e-01 (3.0032e-01)	Loss Disc 6.7723e-01 (6.8107e-01)	Loss Pred 4.5264e-01 (4.4092e-01)	Loss TOTAL 8.3456e-01 (8.3402e-01)
Epoch: [15][ 80/441]	L_Src_Sup 2.0015e-01 (1.9728e-01)	L_Trg_Inj 2.7975e-01 (3.0098e-01)	Loss Disc 6.8061e-01 (6.8090e-01)	Loss Pred 4.3369e-01 (4.4321e-01)	Loss TOTAL 8.2199e-01 (8.3612e-01)
Epoch: [15][ 90/441]	L_Src_Sup 1.8973e-01 (1.9901e-01)	L_Trg_Inj 2.7587e-01 (3.0273e-01)	Loss Disc 6.7684e-01 (6.8064e-01)	Loss Pred 4.7918e-01 (4.4409e-01)	Loss TOTAL 8.6416e-01 (8.3693e-01)
Epoch: [15][100/441]	L_Src_Sup 1.6951e-01 (1.9775e-01)	L_Trg_Inj 2.4189e-01 (3.0435e-01)	Loss Disc 6.7901e-01 (6.8049e-01)	Loss Pred 4.4634e-01 (4.4425e-01)	Loss TOTAL 8.2698e-01 (8.3684e-01)
Epoch: [15][110/441]	L_Src_Sup 1.6677e-01 (1.9854e-01)	L_Trg_Inj 3.7436e-01 (3.0394e-01)	Loss Disc 6.8051e-01 (6.8047e-01)	Loss Pred 4.5312e-01 (4.4543e-01)	Loss TOTAL 8.4749e-01 (8.3813e-01)
Epoch: [15][120/441]	L_Src_Sup 1.5576e-01 (2.0068e-01)	L_Trg_Inj 2.2868e-01 (3.0440e-01)	Loss Disc 6.8012e-01 (6.8038e-01)	Loss Pred 4.6627e-01 (4.4607e-01)	Loss TOTAL 8.4478e-01 (8.3888e-01)
Epoch: [15][130/441]	L_Src_Sup 2.3530e-01 (2.0200e-01)	L_Trg_Inj 3.6871e-01 (3.0384e-01)	Loss Disc 6.7924e-01 (6.8035e-01)	Loss Pred 4.5952e-01 (4.4621e-01)	Loss TOTAL 8.5954e-01 (8.3940e-01)
Epoch: [15][140/441]	L_Src_Sup 2.0193e-01 (2.0204e-01)	L_Trg_Inj 3.2783e-01 (3.0213e-01)	Loss Disc 6.8103e-01 (6.8040e-01)	Loss Pred 4.5342e-01 (4.4544e-01)	Loss TOTAL 8.4691e-01 (8.3886e-01)
Epoch: [15][150/441]	L_Src_Sup 2.1428e-01 (2.0158e-01)	L_Trg_Inj 2.5995e-01 (3.0104e-01)	Loss Disc 6.8470e-01 (6.8052e-01)	Loss Pred 4.1409e-01 (4.4421e-01)	Loss TOTAL 8.0386e-01 (8.3745e-01)
Epoch: [15][160/441]	L_Src_Sup 2.2413e-01 (2.0182e-01)	L_Trg_Inj 2.6541e-01 (2.9985e-01)	Loss Disc 6.8203e-01 (6.8054e-01)	Loss Pred 4.2687e-01 (4.4358e-01)	Loss TOTAL 8.1684e-01 (8.3771e-01)
Epoch: [15][170/441]	L_Src_Sup 8.4854e-02 (2.0210e-01)	L_Trg_Inj 2.6701e-01 (3.0210e-01)	Loss Disc 6.8081e-01 (6.8053e-01)	Loss Pred 4.3398e-01 (4.4318e-01)	Loss TOTAL 8.0958e-01 (8.3743e-01)
Epoch: [15][180/441]	L_Src_Sup 1.8527e-01 (2.0128e-01)	L_Trg_Inj 2.9442e-01 (3.0214e-01)	Loss Disc 6.8035e-01 (6.8051e-01)	Loss Pred 4.5995e-01 (4.4369e-01)	Loss TOTAL 8.4809e-01 (8.3766e-01)
Epoch: [15][190/441]	L_Src_Sup 2.1319e-01 (2.0143e-01)	L_Trg_Inj 2.1547e-01 (3.0094e-01)	Loss Disc 6.8517e-01 (6.8052e-01)	Loss Pred 4.4083e-01 (4.4391e-01)	Loss TOTAL 8.2628e-01 (8.3770e-01)
Epoch: [15][200/441]	L_Src_Sup 1.7746e-01 (2.0152e-01)	L_Trg_Inj 2.0211e-01 (3.0069e-01)	Loss Disc 6.8661e-01 (6.8046e-01)	Loss Pred 4.0752e-01 (4.4413e-01)	Loss TOTAL 7.8878e-01 (8.3793e-01)
Epoch: [15][210/441]	L_Src_Sup 1.6951e-01 (2.0206e-01)	L_Trg_Inj 3.1913e-01 (3.0183e-01)	Loss Disc 6.7760e-01 (6.8043e-01)	Loss Pred 4.4596e-01 (4.4434e-01)	Loss TOTAL 8.3362e-01 (8.3843e-01)
Epoch: [15][220/441]	L_Src_Sup 2.1313e-01 (2.0097e-01)	L_Trg_Inj 3.3829e-01 (3.0118e-01)	Loss Disc 6.8210e-01 (6.8047e-01)	Loss Pred 4.2083e-01 (4.4425e-01)	Loss TOTAL 8.1702e-01 (8.3813e-01)
Epoch: [15][230/441]	L_Src_Sup 1.6129e-01 (1.9964e-01)	L_Trg_Inj 2.5264e-01 (3.0139e-01)	Loss Disc 6.8563e-01 (6.8042e-01)	Loss Pred 4.0757e-01 (4.4471e-01)	Loss TOTAL 7.9178e-01 (8.3831e-01)
Epoch: [15][240/441]	L_Src_Sup 1.7847e-01 (1.9849e-01)	L_Trg_Inj 2.0065e-01 (2.9753e-01)	Loss Disc 6.7534e-01 (6.8040e-01)	Loss Pred 4.9639e-01 (4.4499e-01)	Loss TOTAL 8.7198e-01 (8.3825e-01)
Epoch: [15][250/441]	L_Src_Sup 1.1968e-01 (1.9741e-01)	L_Trg_Inj 1.6428e-01 (2.9481e-01)	Loss Disc 6.7745e-01 (6.8033e-01)	Loss Pred 4.5255e-01 (4.4563e-01)	Loss TOTAL 8.1967e-01 (8.3846e-01)
Epoch: [15][260/441]	L_Src_Sup 2.2774e-01 (1.9906e-01)	L_Trg_Inj 3.1739e-01 (2.9404e-01)	Loss Disc 6.8370e-01 (6.8042e-01)	Loss Pred 4.1439e-01 (4.4564e-01)	Loss TOTAL 8.1075e-01 (8.3896e-01)
Epoch: [15][270/441]	L_Src_Sup 2.1136e-01 (1.9863e-01)	L_Trg_Inj 2.7677e-01 (2.9452e-01)	Loss Disc 6.8417e-01 (6.8049e-01)	Loss Pred 4.1367e-01 (4.4536e-01)	Loss TOTAL 8.0457e-01 (8.3858e-01)
Epoch: [15][280/441]	L_Src_Sup 2.6448e-01 (1.9919e-01)	L_Trg_Inj 3.0013e-01 (2.9457e-01)	Loss Disc 6.8140e-01 (6.8047e-01)	Loss Pred 4.2671e-01 (4.4524e-01)	Loss TOTAL 8.2387e-01 (8.3843e-01)
Epoch: [15][290/441]	L_Src_Sup 2.2955e-01 (1.9912e-01)	L_Trg_Inj 3.9126e-01 (2.9505e-01)	Loss Disc 6.8148e-01 (6.8048e-01)	Loss Pred 4.2073e-01 (4.4522e-01)	Loss TOTAL 8.2355e-01 (8.3844e-01)
Epoch: [15][300/441]	L_Src_Sup 1.6265e-01 (1.9942e-01)	L_Trg_Inj 3.2989e-01 (2.9487e-01)	Loss Disc 6.8365e-01 (6.8049e-01)	Loss Pred 4.1364e-01 (4.4509e-01)	Loss TOTAL 8.0471e-01 (8.3843e-01)
Epoch: [15][310/441]	L_Src_Sup 6.4529e-02 (1.9804e-01)	L_Trg_Inj 3.0331e-01 (2.9429e-01)	Loss Disc 6.8527e-01 (6.8053e-01)	Loss Pred 4.0837e-01 (4.4502e-01)	Loss TOTAL 7.8778e-01 (8.3810e-01)
Epoch: [15][320/441]	L_Src_Sup 2.1460e-01 (1.9852e-01)	L_Trg_Inj 3.2744e-01 (2.9446e-01)	Loss Disc 6.8103e-01 (6.8057e-01)	Loss Pred 4.2730e-01 (4.4463e-01)	Loss TOTAL 8.2202e-01 (8.3781e-01)
Epoch: [15][330/441]	L_Src_Sup 2.2425e-01 (1.9898e-01)	L_Trg_Inj 2.3728e-01 (2.9389e-01)	Loss Disc 6.7575e-01 (6.8055e-01)	Loss Pred 4.5905e-01 (4.4471e-01)	Loss TOTAL 8.4308e-01 (8.3800e-01)
Epoch: [15][340/441]	L_Src_Sup 1.5010e-01 (1.9838e-01)	L_Trg_Inj 2.3154e-01 (2.9275e-01)	Loss Disc 6.8100e-01 (6.8058e-01)	Loss Pred 4.3316e-01 (4.4474e-01)	Loss TOTAL 8.1182e-01 (8.3799e-01)
Epoch: [15][350/441]	L_Src_Sup 1.7744e-01 (1.9859e-01)	L_Trg_Inj 3.9997e-01 (2.9337e-01)	Loss Disc 6.8377e-01 (6.8054e-01)	Loss Pred 4.0732e-01 (4.4482e-01)	Loss TOTAL 8.0695e-01 (8.3803e-01)
Epoch: [15][360/441]	L_Src_Sup 1.7887e-01 (1.9828e-01)	L_Trg_Inj 2.5192e-01 (2.9286e-01)	Loss Disc 6.8439e-01 (6.8057e-01)	Loss Pred 4.1404e-01 (4.4449e-01)	Loss TOTAL 7.9931e-01 (8.3756e-01)
Epoch: [15][370/441]	L_Src_Sup 1.5877e-01 (1.9895e-01)	L_Trg_Inj 2.5819e-01 (2.9275e-01)	Loss Disc 6.8837e-01 (6.8061e-01)	Loss Pred 3.9515e-01 (4.4431e-01)	Loss TOTAL 7.8103e-01 (8.3779e-01)
Epoch: [15][380/441]	L_Src_Sup 1.4637e-01 (1.9825e-01)	L_Trg_Inj 2.9221e-01 (2.9284e-01)	Loss Disc 6.8395e-01 (6.8060e-01)	Loss Pred 4.1405e-01 (4.4423e-01)	Loss TOTAL 7.9989e-01 (8.3753e-01)
Epoch: [15][390/441]	L_Src_Sup 2.0202e-01 (1.9852e-01)	L_Trg_Inj 3.4657e-01 (2.9243e-01)	Loss Disc 6.8188e-01 (6.8062e-01)	Loss Pred 4.4736e-01 (4.4416e-01)	Loss TOTAL 8.4317e-01 (8.3753e-01)
Epoch: [15][400/441]	L_Src_Sup 2.6239e-01 (1.9861e-01)	L_Trg_Inj 2.0768e-01 (2.9188e-01)	Loss Disc 6.8440e-01 (6.8060e-01)	Loss Pred 4.4104e-01 (4.4410e-01)	Loss TOTAL 8.8496e-01 (8.3746e-01)
Epoch: [15][410/441]	L_Src_Sup 1.9843e-01 (1.9868e-01)	L_Trg_Inj 2.2796e-01 (2.9112e-01)	Loss Disc 6.8243e-01 (6.8066e-01)	Loss Pred 4.2692e-01 (4.4375e-01)	Loss TOTAL 8.1078e-01 (8.3719e-01)
Epoch: [15][420/441]	L_Src_Sup 3.2236e-01 (1.9849e-01)	L_Trg_Inj 2.1119e-01 (2.9058e-01)	Loss Disc 6.7993e-01 (6.8066e-01)	Loss Pred 4.6625e-01 (4.4387e-01)	Loss TOTAL 9.7075e-01 (8.3760e-01)
Epoch: [15][430/441]	L_Src_Sup 1.3282e-01 (1.9825e-01)	L_Trg_Inj 3.1478e-01 (2.9111e-01)	Loss Disc 6.8148e-01 (6.8062e-01)	Loss Pred 4.2677e-01 (4.4398e-01)	Loss TOTAL 8.1227e-01 (8.3768e-01)
Epoch: [15][440/441]	L_Src_Sup 2.0173e-01 (1.9867e-01)	L_Trg_Inj 3.6091e-01 (2.9178e-01)	Loss Disc 6.7802e-01 (6.8062e-01)	Loss Pred 4.3974e-01 (4.4388e-01)	Loss TOTAL 8.3501e-01 (8.3759e-01)
Epoch: [15][441/441]	L_Src_Sup 1.9836e-01 (1.9867e-01)	L_Trg_Inj 3.7157e-01 (2.9196e-01)	Loss Disc 6.8142e-01 (6.8062e-01)	Loss Pred 4.4713e-01 (4.4388e-01)	Loss TOTAL 8.4483e-01 (8.3761e-01)
Epoch 15 complete. Saving model state...
Epoch: [16][ 10/441]	L_Src_Sup 1.3334e-01 (1.7379e-01)	L_Trg_Inj 4.0840e-01 (2.9661e-01)	Loss Disc 6.8115e-01 (6.7987e-01)	Loss Pred 4.7367e-01 (4.5344e-01)	Loss TOTAL 8.6842e-01 (8.4184e-01)
Epoch: [16][ 20/441]	L_Src_Sup 1.7603e-01 (1.9018e-01)	L_Trg_Inj 2.5411e-01 (2.8656e-01)	Loss Disc 6.8737e-01 (6.7926e-01)	Loss Pred 4.0130e-01 (4.5577e-01)	Loss TOTAL 7.8801e-01 (8.4430e-01)
Epoch: [16][ 30/441]	L_Src_Sup 2.6700e-01 (2.0107e-01)	L_Trg_Inj 2.3702e-01 (2.8359e-01)	Loss Disc 6.8111e-01 (6.7995e-01)	Loss Pred 4.3286e-01 (4.4792e-01)	Loss TOTAL 8.5380e-01 (8.3962e-01)
Epoch: [16][ 40/441]	L_Src_Sup 2.3280e-01 (2.0128e-01)	L_Trg_Inj 2.4816e-01 (2.9034e-01)	Loss Disc 6.8384e-01 (6.7996e-01)	Loss Pred 4.2096e-01 (4.4800e-01)	Loss TOTAL 8.1097e-01 (8.4266e-01)
Epoch: [16][ 50/441]	L_Src_Sup 2.6907e-01 (1.9902e-01)	L_Trg_Inj 2.9580e-01 (2.9127e-01)	Loss Disc 6.7911e-01 (6.8011e-01)	Loss Pred 4.3968e-01 (4.4833e-01)	Loss TOTAL 8.3572e-01 (8.4194e-01)
Epoch: [16][ 60/441]	L_Src_Sup 2.7875e-01 (2.0084e-01)	L_Trg_Inj 2.7251e-01 (2.8982e-01)	Loss Disc 6.8441e-01 (6.8032e-01)	Loss Pred 4.4140e-01 (4.4729e-01)	Loss TOTAL 8.4498e-01 (8.4039e-01)
Epoch: [16][ 70/441]	L_Src_Sup 1.2177e-01 (2.0138e-01)	L_Trg_Inj 2.1224e-01 (2.9417e-01)	Loss Disc 6.7648e-01 (6.8033e-01)	Loss Pred 4.8500e-01 (4.4613e-01)	Loss TOTAL 8.5664e-01 (8.3918e-01)
Epoch: [16][ 80/441]	L_Src_Sup 3.0778e-01 (2.0438e-01)	L_Trg_Inj 3.4692e-01 (2.9426e-01)	Loss Disc 6.7609e-01 (6.8022e-01)	Loss Pred 4.5243e-01 (4.4701e-01)	Loss TOTAL 8.5595e-01 (8.4063e-01)
Epoch: [16][ 90/441]	L_Src_Sup 1.9840e-01 (2.0436e-01)	L_Trg_Inj 3.0976e-01 (2.9776e-01)	Loss Disc 6.8142e-01 (6.8031e-01)	Loss Pred 4.2698e-01 (4.4580e-01)	Loss TOTAL 8.1850e-01 (8.3941e-01)
Epoch: [16][100/441]	L_Src_Sup 2.4396e-01 (2.0659e-01)	L_Trg_Inj 3.6503e-01 (3.0078e-01)	Loss Disc 6.8372e-01 (6.8006e-01)	Loss Pred 4.1431e-01 (4.4622e-01)	Loss TOTAL 8.1707e-01 (8.4065e-01)
Epoch: [16][110/441]	L_Src_Sup 1.5006e-01 (2.0755e-01)	L_Trg_Inj 3.2023e-01 (3.0355e-01)	Loss Disc 6.8014e-01 (6.8008e-01)	Loss Pred 4.3310e-01 (4.4540e-01)	Loss TOTAL 8.2020e-01 (8.4011e-01)
Epoch: [16][120/441]	L_Src_Sup 2.4407e-01 (2.0892e-01)	L_Trg_Inj 2.2945e-01 (3.0361e-01)	Loss Disc 6.8578e-01 (6.8023e-01)	Loss Pred 4.2577e-01 (4.4501e-01)	Loss TOTAL 8.3064e-01 (8.4111e-01)
Epoch: [16][130/441]	L_Src_Sup 1.5119e-01 (2.0868e-01)	L_Trg_Inj 3.4026e-01 (3.0416e-01)	Loss Disc 6.7866e-01 (6.8024e-01)	Loss Pred 4.4031e-01 (4.4461e-01)	Loss TOTAL 8.2879e-01 (8.4041e-01)
Epoch: [16][140/441]	L_Src_Sup 2.6317e-01 (2.0858e-01)	L_Trg_Inj 1.9189e-01 (3.0421e-01)	Loss Disc 6.7597e-01 (6.8040e-01)	Loss Pred 5.1559e-01 (4.4577e-01)	Loss TOTAL 9.7035e-01 (8.4185e-01)
Epoch: [16][150/441]	L_Src_Sup 2.4150e-01 (2.0808e-01)	L_Trg_Inj 3.4446e-01 (3.0625e-01)	Loss Disc 6.7507e-01 (6.8038e-01)	Loss Pred 4.5850e-01 (4.4542e-01)	Loss TOTAL 8.5463e-01 (8.4141e-01)
Epoch: [16][160/441]	L_Src_Sup 1.1882e-01 (2.0738e-01)	L_Trg_Inj 3.3308e-01 (3.0611e-01)	Loss Disc 6.7733e-01 (6.8041e-01)	Loss Pred 4.4702e-01 (4.4547e-01)	Loss TOTAL 8.3088e-01 (8.4176e-01)
Epoch: [16][170/441]	L_Src_Sup 1.5001e-01 (2.0610e-01)	L_Trg_Inj 3.3365e-01 (3.0412e-01)	Loss Disc 6.8027e-01 (6.8048e-01)	Loss Pred 4.3323e-01 (4.4466e-01)	Loss TOTAL 8.2173e-01 (8.4055e-01)
Epoch: [16][180/441]	L_Src_Sup 1.7887e-01 (2.0522e-01)	L_Trg_Inj 2.9435e-01 (3.0308e-01)	Loss Disc 6.8448e-01 (6.8036e-01)	Loss Pred 4.1411e-01 (4.4477e-01)	Loss TOTAL 8.0367e-01 (8.4015e-01)
Epoch: [16][190/441]	L_Src_Sup 1.1574e-01 (2.0494e-01)	L_Trg_Inj 3.6327e-01 (3.0390e-01)	Loss Disc 6.8051e-01 (6.8041e-01)	Loss Pred 4.2682e-01 (4.4482e-01)	Loss TOTAL 8.1497e-01 (8.4012e-01)
Epoch: [16][200/441]	L_Src_Sup 1.6809e-01 (2.0525e-01)	L_Trg_Inj 2.9275e-01 (3.0406e-01)	Loss Disc 6.8020e-01 (6.8047e-01)	Loss Pred 4.5943e-01 (4.4496e-01)	Loss TOTAL 8.4562e-01 (8.4013e-01)
Epoch: [16][210/441]	L_Src_Sup 2.0709e-01 (2.0485e-01)	L_Trg_Inj 3.7065e-01 (3.0149e-01)	Loss Disc 6.8790e-01 (6.8056e-01)	Loss Pred 4.1886e-01 (4.4478e-01)	Loss TOTAL 8.2059e-01 (8.4023e-01)
Epoch: [16][220/441]	L_Src_Sup 2.2045e-01 (2.0443e-01)	L_Trg_Inj 2.7228e-01 (2.9960e-01)	Loss Disc 6.7926e-01 (6.8054e-01)	Loss Pred 4.6623e-01 (4.4509e-01)	Loss TOTAL 8.5513e-01 (8.4048e-01)
Epoch: [16][230/441]	L_Src_Sup 1.8455e-01 (2.0403e-01)	L_Trg_Inj 3.7961e-01 (3.0062e-01)	Loss Disc 6.8037e-01 (6.8053e-01)	Loss Pred 4.2723e-01 (4.4472e-01)	Loss TOTAL 8.2383e-01 (8.4034e-01)
Epoch: [16][240/441]	L_Src_Sup 2.3336e-01 (2.0404e-01)	L_Trg_Inj 3.9371e-01 (3.0055e-01)	Loss Disc 6.7893e-01 (6.8053e-01)	Loss Pred 4.3350e-01 (4.4438e-01)	Loss TOTAL 8.3567e-01 (8.3996e-01)
Epoch: [16][250/441]	L_Src_Sup 1.8334e-01 (2.0455e-01)	L_Trg_Inj 2.8610e-01 (2.9909e-01)	Loss Disc 6.8038e-01 (6.8058e-01)	Loss Pred 4.3298e-01 (4.4471e-01)	Loss TOTAL 8.2011e-01 (8.4029e-01)
Epoch: [16][260/441]	L_Src_Sup 1.1202e-01 (2.0409e-01)	L_Trg_Inj 2.2668e-01 (2.9824e-01)	Loss Disc 6.8868e-01 (6.8058e-01)	Loss Pred 4.2167e-01 (4.4502e-01)	Loss TOTAL 7.9988e-01 (8.4062e-01)
Epoch: [16][270/441]	L_Src_Sup 2.8344e-01 (2.0458e-01)	L_Trg_Inj 3.1592e-01 (2.9848e-01)	Loss Disc 6.7980e-01 (6.8057e-01)	Loss Pred 4.3277e-01 (4.4523e-01)	Loss TOTAL 8.3261e-01 (8.4096e-01)
Epoch: [16][280/441]	L_Src_Sup 1.3682e-01 (2.0391e-01)	L_Trg_Inj 2.9152e-01 (2.9696e-01)	Loss Disc 6.7619e-01 (6.8062e-01)	Loss Pred 4.5257e-01 (4.4483e-01)	Loss TOTAL 8.3350e-01 (8.4031e-01)
Epoch: [16][290/441]	L_Src_Sup 1.8970e-01 (2.0454e-01)	L_Trg_Inj 3.3642e-01 (2.9631e-01)	Loss Disc 6.7467e-01 (6.8063e-01)	Loss Pred 4.5901e-01 (4.4489e-01)	Loss TOTAL 8.4896e-01 (8.4044e-01)
Epoch: [16][300/441]	L_Src_Sup 2.4200e-01 (2.0390e-01)	L_Trg_Inj 2.3548e-01 (2.9568e-01)	Loss Disc 6.8627e-01 (6.8066e-01)	Loss Pred 4.0813e-01 (4.4454e-01)	Loss TOTAL 8.0553e-01 (8.4008e-01)
Epoch: [16][310/441]	L_Src_Sup 1.8020e-01 (2.0383e-01)	L_Trg_Inj 2.8730e-01 (2.9572e-01)	Loss Disc 6.8319e-01 (6.8071e-01)	Loss Pred 4.2122e-01 (4.4417e-01)	Loss TOTAL 8.0956e-01 (8.3973e-01)
Epoch: [16][320/441]	L_Src_Sup 1.7242e-01 (2.0490e-01)	L_Trg_Inj 3.9126e-01 (2.9653e-01)	Loss Disc 6.7545e-01 (6.8067e-01)	Loss Pred 4.7850e-01 (4.4471e-01)	Loss TOTAL 8.7259e-01 (8.4050e-01)
Epoch: [16][330/441]	L_Src_Sup 1.9681e-01 (2.0504e-01)	L_Trg_Inj 3.8299e-01 (2.9770e-01)	Loss Disc 6.8164e-01 (6.8068e-01)	Loss Pred 4.2045e-01 (4.4475e-01)	Loss TOTAL 8.1925e-01 (8.4051e-01)
Epoch: [16][340/441]	L_Src_Sup 2.5010e-01 (2.0550e-01)	L_Trg_Inj 4.0216e-01 (2.9858e-01)	Loss Disc 6.7847e-01 (6.8069e-01)	Loss Pred 4.3387e-01 (4.4445e-01)	Loss TOTAL 8.3833e-01 (8.4026e-01)
Epoch: [16][350/441]	L_Src_Sup 1.8647e-01 (2.0529e-01)	L_Trg_Inj 2.6122e-01 (2.9874e-01)	Loss Disc 6.7944e-01 (6.8064e-01)	Loss Pred 4.6622e-01 (4.4465e-01)	Loss TOTAL 8.5071e-01 (8.4033e-01)
Epoch: [16][360/441]	L_Src_Sup 2.3349e-01 (2.0528e-01)	L_Trg_Inj 3.5539e-01 (2.9855e-01)	Loss Disc 6.8061e-01 (6.8064e-01)	Loss Pred 4.5357e-01 (4.4454e-01)	Loss TOTAL 8.5277e-01 (8.4024e-01)
Epoch: [16][370/441]	L_Src_Sup 2.3741e-01 (2.0522e-01)	L_Trg_Inj 1.7106e-01 (2.9858e-01)	Loss Disc 6.7911e-01 (6.8055e-01)	Loss Pred 4.4591e-01 (4.4475e-01)	Loss TOTAL 8.9267e-01 (8.4071e-01)
Epoch: [16][380/441]	L_Src_Sup 1.8329e-01 (2.0549e-01)	L_Trg_Inj 3.0272e-01 (2.9893e-01)	Loss Disc 6.8394e-01 (6.8052e-01)	Loss Pred 4.1411e-01 (4.4484e-01)	Loss TOTAL 8.0468e-01 (8.4090e-01)
Epoch: [16][390/441]	L_Src_Sup 2.0523e-01 (2.0621e-01)	L_Trg_Inj 3.4186e-01 (2.9936e-01)	Loss Disc 6.7593e-01 (6.8051e-01)	Loss Pred 4.5237e-01 (4.4472e-01)	Loss TOTAL 8.4505e-01 (8.4103e-01)
Epoch: [16][400/441]	L_Src_Sup 2.6090e-01 (2.0641e-01)	L_Trg_Inj 3.0502e-01 (2.9987e-01)	Loss Disc 6.7389e-01 (6.8049e-01)	Loss Pred 4.6484e-01 (4.4454e-01)	Loss TOTAL 8.5838e-01 (8.4078e-01)
Epoch: [16][410/441]	L_Src_Sup 8.6210e-02 (2.0592e-01)	L_Trg_Inj 3.4936e-01 (3.0011e-01)	Loss Disc 6.7458e-01 (6.8054e-01)	Loss Pred 4.5840e-01 (4.4437e-01)	Loss TOTAL 8.3924e-01 (8.4060e-01)
Epoch: [16][420/441]	L_Src_Sup 2.9048e-01 (2.0539e-01)	L_Trg_Inj 2.9020e-01 (3.0008e-01)	Loss Disc 6.8540e-01 (6.8057e-01)	Loss Pred 4.0778e-01 (4.4418e-01)	Loss TOTAL 8.0884e-01 (8.4036e-01)
Epoch: [16][430/441]	L_Src_Sup 2.9558e-01 (2.0583e-01)	L_Trg_Inj 3.7605e-01 (3.0148e-01)	Loss Disc 6.7669e-01 (6.8056e-01)	Loss Pred 4.4586e-01 (4.4408e-01)	Loss TOTAL 8.5136e-01 (8.4050e-01)
Epoch: [16][440/441]	L_Src_Sup 1.8354e-01 (2.0587e-01)	L_Trg_Inj 3.7537e-01 (3.0237e-01)	Loss Disc 6.7926e-01 (6.8052e-01)	Loss Pred 4.3294e-01 (4.4411e-01)	Loss TOTAL 8.2846e-01 (8.4068e-01)
Epoch: [16][441/441]	L_Src_Sup 2.3160e-01 (2.0593e-01)	L_Trg_Inj 3.7248e-01 (3.0253e-01)	Loss Disc 6.8052e-01 (6.8052e-01)	Loss Pred 4.2706e-01 (4.4408e-01)	Loss TOTAL 8.2773e-01 (8.4065e-01)
Epoch 16 complete. Saving model state...
Epoch: [17][ 10/441]	L_Src_Sup 1.8968e-01 (1.5896e-01)	L_Trg_Inj 2.5186e-01 (3.2073e-01)	Loss Disc 6.7627e-01 (6.7994e-01)	Loss Pred 4.5835e-01 (4.4180e-01)	Loss TOTAL 8.4064e-01 (8.2974e-01)
Epoch: [17][ 20/441]	L_Src_Sup 1.5519e-01 (1.8306e-01)	L_Trg_Inj 3.3037e-01 (2.9677e-01)	Loss Disc 6.7472e-01 (6.8002e-01)	Loss Pred 4.5863e-01 (4.3877e-01)	Loss TOTAL 8.4455e-01 (8.3151e-01)
Epoch: [17][ 30/441]	L_Src_Sup 2.6667e-01 (1.8632e-01)	L_Trg_Inj 3.0580e-01 (3.0136e-01)	Loss Disc 6.8027e-01 (6.8094e-01)	Loss Pred 4.3308e-01 (4.3622e-01)	Loss TOTAL 8.3046e-01 (8.2862e-01)
Epoch: [17][ 40/441]	L_Src_Sup 2.5211e-01 (1.8944e-01)	L_Trg_Inj 3.8143e-01 (3.0264e-01)	Loss Disc 6.7755e-01 (6.8077e-01)	Loss Pred 4.3959e-01 (4.3834e-01)	Loss TOTAL 8.4172e-01 (8.3055e-01)
Epoch: [17][ 50/441]	L_Src_Sup 1.4766e-01 (1.9393e-01)	L_Trg_Inj 2.9429e-01 (3.0259e-01)	Loss Disc 6.8292e-01 (6.8073e-01)	Loss Pred 4.2010e-01 (4.3799e-01)	Loss TOTAL 8.0576e-01 (8.3062e-01)
Epoch: [17][ 60/441]	L_Src_Sup 2.3163e-01 (1.9609e-01)	L_Trg_Inj 2.8932e-01 (2.9721e-01)	Loss Disc 6.8170e-01 (6.8085e-01)	Loss Pred 4.2715e-01 (4.3877e-01)	Loss TOTAL 8.2009e-01 (8.3156e-01)
Epoch: [17][ 70/441]	L_Src_Sup 2.4973e-01 (1.9733e-01)	L_Trg_Inj 4.0490e-01 (3.0128e-01)	Loss Disc 6.8157e-01 (6.8069e-01)	Loss Pred 4.2088e-01 (4.3892e-01)	Loss TOTAL 8.2713e-01 (8.3341e-01)
Epoch: [17][ 80/441]	L_Src_Sup 2.2957e-01 (2.0009e-01)	L_Trg_Inj 2.4245e-01 (3.0145e-01)	Loss Disc 6.8368e-01 (6.8081e-01)	Loss Pred 4.2141e-01 (4.3810e-01)	Loss TOTAL 8.1046e-01 (8.3335e-01)
Epoch: [17][ 90/441]	L_Src_Sup 2.4796e-01 (1.9938e-01)	L_Trg_Inj 2.2705e-01 (3.0060e-01)	Loss Disc 6.8377e-01 (6.8064e-01)	Loss Pred 4.4751e-01 (4.3999e-01)	Loss TOTAL 8.5781e-01 (8.3471e-01)
Epoch: [17][100/441]	L_Src_Sup 2.1299e-01 (1.9595e-01)	L_Trg_Inj 4.6386e-01 (3.0456e-01)	Loss Disc 6.7681e-01 (6.8038e-01)	Loss Pred 4.3394e-01 (4.4134e-01)	Loss TOTAL 8.4004e-01 (8.3554e-01)
Epoch: [17][110/441]	L_Src_Sup 2.0001e-01 (1.9454e-01)	L_Trg_Inj 4.1539e-01 (3.0718e-01)	Loss Disc 6.7696e-01 (6.8003e-01)	Loss Pred 4.3756e-01 (4.4251e-01)	Loss TOTAL 8.3758e-01 (8.3632e-01)
Epoch: [17][120/441]	L_Src_Sup 1.7547e-01 (1.9658e-01)	L_Trg_Inj 2.5516e-01 (3.0641e-01)	Loss Disc 6.7301e-01 (6.7998e-01)	Loss Pred 4.7141e-01 (4.4347e-01)	Loss TOTAL 8.5097e-01 (8.3735e-01)
Epoch: [17][130/441]	L_Src_Sup 2.2231e-01 (1.9641e-01)	L_Trg_Inj 3.2307e-01 (3.0830e-01)	Loss Disc 6.7625e-01 (6.7998e-01)	Loss Pred 4.5254e-01 (4.4391e-01)	Loss TOTAL 8.4521e-01 (8.3768e-01)
Epoch: [17][140/441]	L_Src_Sup 1.7749e-01 (1.9598e-01)	L_Trg_Inj 2.7444e-01 (3.0816e-01)	Loss Disc 6.8523e-01 (6.7995e-01)	Loss Pred 4.0756e-01 (4.4427e-01)	Loss TOTAL 7.9537e-01 (8.3774e-01)
Epoch: [17][150/441]	L_Src_Sup 2.1862e-01 (1.9739e-01)	L_Trg_Inj 1.9300e-01 (3.0748e-01)	Loss Disc 6.8105e-01 (6.8008e-01)	Loss Pred 4.4022e-01 (4.4310e-01)	Loss TOTAL 8.4753e-01 (8.3784e-01)
Epoch: [17][160/441]	L_Src_Sup 3.6670e-01 (1.9939e-01)	L_Trg_Inj 3.9306e-01 (3.0873e-01)	Loss Disc 6.8039e-01 (6.8004e-01)	Loss Pred 4.5349e-01 (4.4331e-01)	Loss TOTAL 8.6966e-01 (8.3821e-01)
Epoch: [17][170/441]	L_Src_Sup 2.0169e-01 (2.0086e-01)	L_Trg_Inj 2.8517e-01 (3.0996e-01)	Loss Disc 6.8058e-01 (6.8002e-01)	Loss Pred 4.5939e-01 (4.4353e-01)	Loss TOTAL 8.4836e-01 (8.3914e-01)
Epoch: [17][180/441]	L_Src_Sup 2.0690e-01 (1.9966e-01)	L_Trg_Inj 3.5688e-01 (3.0908e-01)	Loss Disc 6.7571e-01 (6.8000e-01)	Loss Pred 4.7872e-01 (4.4421e-01)	Loss TOTAL 8.7296e-01 (8.3934e-01)
Epoch: [17][190/441]	L_Src_Sup 2.9064e-01 (2.0034e-01)	L_Trg_Inj 2.6243e-01 (3.0883e-01)	Loss Disc 6.7979e-01 (6.8009e-01)	Loss Pred 4.9271e-01 (4.4383e-01)	Loss TOTAL 9.1612e-01 (8.3925e-01)
Epoch: [17][200/441]	L_Src_Sup 1.8805e-01 (2.0153e-01)	L_Trg_Inj 2.2562e-01 (3.0880e-01)	Loss Disc 6.7745e-01 (6.8004e-01)	Loss Pred 4.5247e-01 (4.4399e-01)	Loss TOTAL 8.3256e-01 (8.3980e-01)
Epoch: [17][210/441]	L_Src_Sup 2.7870e-01 (2.0185e-01)	L_Trg_Inj 2.6922e-01 (3.0871e-01)	Loss Disc 6.8330e-01 (6.8019e-01)	Loss Pred 4.2007e-01 (4.4328e-01)	Loss TOTAL 8.2600e-01 (8.3902e-01)
Epoch: [17][220/441]	L_Src_Sup 1.9672e-01 (2.0105e-01)	L_Trg_Inj 3.0087e-01 (3.0893e-01)	Loss Disc 6.8286e-01 (6.8025e-01)	Loss Pred 4.2076e-01 (4.4350e-01)	Loss TOTAL 8.1194e-01 (8.3900e-01)
Epoch: [17][230/441]	L_Src_Sup 2.3335e-01 (2.0058e-01)	L_Trg_Inj 3.2516e-01 (3.0885e-01)	Loss Disc 6.8126e-01 (6.8026e-01)	Loss Pred 4.5351e-01 (4.4346e-01)	Loss TOTAL 8.4999e-01 (8.3872e-01)
Epoch: [17][240/441]	L_Src_Sup 2.2584e-01 (2.0124e-01)	L_Trg_Inj 2.9370e-01 (3.0918e-01)	Loss Disc 6.8664e-01 (6.8026e-01)	Loss Pred 4.2787e-01 (4.4398e-01)	Loss TOTAL 8.2314e-01 (8.3922e-01)
Epoch: [17][250/441]	L_Src_Sup 2.3541e-01 (2.0131e-01)	L_Trg_Inj 3.0666e-01 (3.0851e-01)	Loss Disc 6.8128e-01 (6.8028e-01)	Loss Pred 4.7823e-01 (4.4419e-01)	Loss TOTAL 8.7307e-01 (8.3922e-01)
Epoch: [17][260/441]	L_Src_Sup 1.6864e-01 (2.0082e-01)	L_Trg_Inj 3.1796e-01 (3.0684e-01)	Loss Disc 6.7876e-01 (6.8028e-01)	Loss Pred 4.3968e-01 (4.4417e-01)	Loss TOTAL 8.2772e-01 (8.3924e-01)
Epoch: [17][270/441]	L_Src_Sup 1.3919e-01 (1.9979e-01)	L_Trg_Inj 2.1538e-01 (3.0760e-01)	Loss Disc 6.7729e-01 (6.8030e-01)	Loss Pred 4.8543e-01 (4.4418e-01)	Loss TOTAL 8.5954e-01 (8.3931e-01)
Epoch: [17][280/441]	L_Src_Sup 1.5386e-01 (1.9875e-01)	L_Trg_Inj 1.4501e-01 (3.0659e-01)	Loss Disc 6.8006e-01 (6.8034e-01)	Loss Pred 4.7265e-01 (4.4396e-01)	Loss TOTAL 8.5141e-01 (8.3884e-01)
Epoch: [17][290/441]	L_Src_Sup 1.9470e-01 (1.9844e-01)	L_Trg_Inj 2.0582e-01 (3.0644e-01)	Loss Disc 6.7366e-01 (6.8029e-01)	Loss Pred 4.9772e-01 (4.4463e-01)	Loss TOTAL 8.7460e-01 (8.3930e-01)
Epoch: [17][300/441]	L_Src_Sup 1.2074e-01 (1.9811e-01)	L_Trg_Inj 3.8575e-01 (3.0498e-01)	Loss Disc 6.7649e-01 (6.8031e-01)	Loss Pred 4.9936e-01 (4.4473e-01)	Loss TOTAL 8.8826e-01 (8.3937e-01)
Epoch: [17][310/441]	L_Src_Sup 1.9831e-01 (1.9797e-01)	L_Trg_Inj 3.6096e-01 (3.0527e-01)	Loss Disc 6.8197e-01 (6.8027e-01)	Loss Pred 4.4741e-01 (4.4503e-01)	Loss TOTAL 8.4432e-01 (8.3976e-01)
Epoch: [17][320/441]	L_Src_Sup 2.3531e-01 (1.9773e-01)	L_Trg_Inj 2.5542e-01 (3.0546e-01)	Loss Disc 6.7943e-01 (6.8022e-01)	Loss Pred 4.3972e-01 (4.4503e-01)	Loss TOTAL 8.2851e-01 (8.3959e-01)
Epoch: [17][330/441]	L_Src_Sup 2.2777e-01 (1.9817e-01)	L_Trg_Inj 2.8512e-01 (3.0425e-01)	Loss Disc 6.8550e-01 (6.8031e-01)	Loss Pred 4.3431e-01 (4.4467e-01)	Loss TOTAL 8.2835e-01 (8.3934e-01)
Epoch: [17][340/441]	L_Src_Sup 1.1667e-01 (1.9792e-01)	L_Trg_Inj 3.6724e-01 (3.0439e-01)	Loss Disc 6.7877e-01 (6.8034e-01)	Loss Pred 4.3344e-01 (4.4443e-01)	Loss TOTAL 8.2122e-01 (8.3898e-01)
Epoch: [17][350/441]	L_Src_Sup 1.8063e-01 (1.9713e-01)	L_Trg_Inj 1.9260e-01 (3.0311e-01)	Loss Disc 6.8612e-01 (6.8036e-01)	Loss Pred 4.6301e-01 (4.4469e-01)	Loss TOTAL 8.4339e-01 (8.3903e-01)
Epoch: [17][360/441]	L_Src_Sup 2.2955e-01 (1.9744e-01)	L_Trg_Inj 3.2008e-01 (3.0216e-01)	Loss Disc 6.8250e-01 (6.8040e-01)	Loss Pred 4.2061e-01 (4.4458e-01)	Loss TOTAL 8.1682e-01 (8.3892e-01)
Epoch: [17][370/441]	L_Src_Sup 1.6950e-01 (1.9759e-01)	L_Trg_Inj 3.6699e-01 (3.0258e-01)	Loss Disc 6.7650e-01 (6.8035e-01)	Loss Pred 4.4599e-01 (4.4462e-01)	Loss TOTAL 8.3789e-01 (8.3888e-01)
Epoch: [17][380/441]	L_Src_Sup 1.6899e-01 (1.9766e-01)	L_Trg_Inj 2.9076e-01 (3.0213e-01)	Loss Disc 6.8449e-01 (6.8037e-01)	Loss Pred 4.3418e-01 (4.4441e-01)	Loss TOTAL 8.2240e-01 (8.3853e-01)
Epoch: [17][390/441]	L_Src_Sup 2.3020e-01 (1.9776e-01)	L_Trg_Inj 2.7339e-01 (3.0040e-01)	Loss Disc 6.8451e-01 (6.8035e-01)	Loss Pred 4.3956e-01 (4.4450e-01)	Loss TOTAL 8.3217e-01 (8.3874e-01)
Epoch: [17][400/441]	L_Src_Sup 2.0346e-01 (1.9815e-01)	L_Trg_Inj 3.1444e-01 (2.9975e-01)	Loss Disc 6.7707e-01 (6.8033e-01)	Loss Pred 4.4591e-01 (4.4483e-01)	Loss TOTAL 8.3623e-01 (8.3905e-01)
Epoch: [17][410/441]	L_Src_Sup 1.9063e-01 (1.9802e-01)	L_Trg_Inj 2.5530e-01 (2.9924e-01)	Loss Disc 6.8971e-01 (6.8037e-01)	Loss Pred 4.1515e-01 (4.4452e-01)	Loss TOTAL 8.0460e-01 (8.3891e-01)
Epoch: [17][420/441]	L_Src_Sup 2.6029e-01 (1.9767e-01)	L_Trg_Inj 2.4066e-01 (2.9874e-01)	Loss Disc 6.8478e-01 (6.8042e-01)	Loss Pred 4.1436e-01 (4.4434e-01)	Loss TOTAL 8.2647e-01 (8.3861e-01)
Epoch: [17][430/441]	L_Src_Sup 1.9890e-01 (1.9820e-01)	L_Trg_Inj 2.7076e-01 (2.9830e-01)	Loss Disc 6.8588e-01 (6.8044e-01)	Loss Pred 4.0782e-01 (4.4423e-01)	Loss TOTAL 7.9772e-01 (8.3863e-01)
Epoch: [17][440/441]	L_Src_Sup 1.1291e-01 (1.9797e-01)	L_Trg_Inj 3.3098e-01 (2.9799e-01)	Loss Disc 6.8644e-01 (6.8046e-01)	Loss Pred 4.2725e-01 (4.4414e-01)	Loss TOTAL 8.1486e-01 (8.3840e-01)
Epoch: [17][441/441]	L_Src_Sup 1.6010e-01 (1.9788e-01)	L_Trg_Inj 1.6085e-01 (2.9768e-01)	Loss Disc 6.8847e-01 (6.8048e-01)	Loss Pred 4.0093e-01 (4.4404e-01)	Loss TOTAL 7.7726e-01 (8.3826e-01)
Epoch 17 complete. Saving model state...
Epoch: [18][ 10/441]	L_Src_Sup 1.9764e-01 (1.7241e-01)	L_Trg_Inj 3.2609e-01 (3.0209e-01)	Loss Disc 6.8561e-01 (6.8208e-01)	Loss Pred 4.2834e-01 (4.3367e-01)	Loss TOTAL 8.2351e-01 (8.2216e-01)
Epoch: [18][ 20/441]	L_Src_Sup 1.6669e-01 (1.9047e-01)	L_Trg_Inj 2.8247e-01 (2.9869e-01)	Loss Disc 6.8265e-01 (6.8064e-01)	Loss Pred 4.7390e-01 (4.4585e-01)	Loss TOTAL 8.6014e-01 (8.4038e-01)
Epoch: [18][ 30/441]	L_Src_Sup 1.6531e-01 (1.9008e-01)	L_Trg_Inj 2.7723e-01 (2.9569e-01)	Loss Disc 6.8131e-01 (6.8101e-01)	Loss Pred 4.4736e-01 (4.4322e-01)	Loss TOTAL 8.3227e-01 (8.3584e-01)
Epoch: [18][ 40/441]	L_Src_Sup 2.0384e-01 (2.0183e-01)	L_Trg_Inj 2.4110e-01 (2.8346e-01)	Loss Disc 6.7991e-01 (6.8136e-01)	Loss Pred 4.6643e-01 (4.4212e-01)	Loss TOTAL 8.5088e-01 (8.4076e-01)
Epoch: [18][ 50/441]	L_Src_Sup 1.8651e-01 (2.0264e-01)	L_Trg_Inj 2.1784e-01 (2.8785e-01)	Loss Disc 6.8030e-01 (6.8128e-01)	Loss Pred 4.6682e-01 (4.4276e-01)	Loss TOTAL 8.4740e-01 (8.4143e-01)
Epoch: [18][ 60/441]	L_Src_Sup 1.6393e-01 (1.9640e-01)	L_Trg_Inj 2.8687e-01 (2.9182e-01)	Loss Disc 6.8280e-01 (6.8098e-01)	Loss Pred 4.2099e-01 (4.4231e-01)	Loss TOTAL 8.0747e-01 (8.3935e-01)
Epoch: [18][ 70/441]	L_Src_Sup 1.6951e-01 (1.9089e-01)	L_Trg_Inj 2.7278e-01 (2.9183e-01)	Loss Disc 6.8051e-01 (6.8080e-01)	Loss Pred 4.8619e-01 (4.4438e-01)	Loss TOTAL 8.7068e-01 (8.3967e-01)
Epoch: [18][ 80/441]	L_Src_Sup 2.0649e-01 (1.9207e-01)	L_Trg_Inj 1.8851e-01 (2.8810e-01)	Loss Disc 6.8638e-01 (6.8093e-01)	Loss Pred 4.2543e-01 (4.4555e-01)	Loss TOTAL 8.2609e-01 (8.4065e-01)
Epoch: [18][ 90/441]	L_Src_Sup 1.6564e-01 (1.9437e-01)	L_Trg_Inj 3.2082e-01 (2.8688e-01)	Loss Disc 6.8247e-01 (6.8085e-01)	Loss Pred 4.4736e-01 (4.4592e-01)	Loss TOTAL 8.3725e-01 (8.4136e-01)
Epoch: [18][100/441]	L_Src_Sup 1.1314e-01 (1.9245e-01)	L_Trg_Inj 2.3136e-01 (2.8666e-01)	Loss Disc 6.8613e-01 (6.8098e-01)	Loss Pred 4.0793e-01 (4.4485e-01)	Loss TOTAL 7.8544e-01 (8.3946e-01)
Epoch: [18][110/441]	L_Src_Sup 2.0876e-01 (1.9516e-01)	L_Trg_Inj 3.0935e-01 (2.8769e-01)	Loss Disc 6.7550e-01 (6.8108e-01)	Loss Pred 4.8521e-01 (4.4498e-01)	Loss TOTAL 8.7478e-01 (8.4031e-01)
Epoch: [18][120/441]	L_Src_Sup 2.9275e-01 (1.9866e-01)	L_Trg_Inj 2.9001e-01 (2.8952e-01)	Loss Disc 6.8667e-01 (6.8104e-01)	Loss Pred 4.5492e-01 (4.4577e-01)	Loss TOTAL 8.5927e-01 (8.4146e-01)
Epoch: [18][130/441]	L_Src_Sup 1.0624e-01 (1.9842e-01)	L_Trg_Inj 2.8291e-01 (2.9028e-01)	Loss Disc 6.7258e-01 (6.8073e-01)	Loss Pred 4.9799e-01 (4.4686e-01)	Loss TOTAL 8.7319e-01 (8.4251e-01)
Epoch: [18][140/441]	L_Src_Sup 3.1407e-01 (1.9789e-01)	L_Trg_Inj 3.6750e-01 (2.9187e-01)	Loss Disc 6.8216e-01 (6.8061e-01)	Loss Pred 4.4688e-01 (4.4753e-01)	Loss TOTAL 8.5611e-01 (8.4289e-01)
Epoch: [18][150/441]	L_Src_Sup 1.7747e-01 (1.9698e-01)	L_Trg_Inj 2.8921e-01 (2.9373e-01)	Loss Disc 6.8541e-01 (6.8065e-01)	Loss Pred 4.0788e-01 (4.4657e-01)	Loss TOTAL 7.9725e-01 (8.4164e-01)
Epoch: [18][160/441]	L_Src_Sup 2.3959e-01 (1.9841e-01)	L_Trg_Inj 2.5546e-01 (2.9519e-01)	Loss Disc 6.8468e-01 (6.8077e-01)	Loss Pred 4.1397e-01 (4.4602e-01)	Loss TOTAL 8.0582e-01 (8.4109e-01)
Epoch: [18][170/441]	L_Src_Sup 1.8805e-01 (1.9871e-01)	L_Trg_Inj 2.5119e-01 (2.9524e-01)	Loss Disc 6.7820e-01 (6.8069e-01)	Loss Pred 4.7241e-01 (4.4627e-01)	Loss TOTAL 8.5543e-01 (8.4115e-01)
Epoch: [18][180/441]	L_Src_Sup 2.0343e-01 (1.9834e-01)	L_Trg_Inj 3.0755e-01 (2.9368e-01)	Loss Disc 6.7852e-01 (6.8065e-01)	Loss Pred 4.6624e-01 (4.4603e-01)	Loss TOTAL 8.5660e-01 (8.4043e-01)
Epoch: [18][190/441]	L_Src_Sup 1.3677e-01 (1.9914e-01)	L_Trg_Inj 4.4215e-01 (2.9549e-01)	Loss Disc 6.7659e-01 (6.8058e-01)	Loss Pred 4.9306e-01 (4.4588e-01)	Loss TOTAL 8.8925e-01 (8.4046e-01)
Epoch: [18][200/441]	L_Src_Sup 2.5001e-01 (2.0008e-01)	L_Trg_Inj 3.0607e-01 (2.9575e-01)	Loss Disc 6.8036e-01 (6.8057e-01)	Loss Pred 4.3296e-01 (4.4590e-01)	Loss TOTAL 8.2874e-01 (8.4042e-01)
Epoch: [18][210/441]	L_Src_Sup 1.9356e-01 (1.9988e-01)	L_Trg_Inj 3.3649e-01 (2.9616e-01)	Loss Disc 6.8504e-01 (6.8063e-01)	Loss Pred 4.0799e-01 (4.4558e-01)	Loss TOTAL 8.0351e-01 (8.4055e-01)
Epoch: [18][220/441]	L_Src_Sup 2.6024e-01 (1.9942e-01)	L_Trg_Inj 2.7983e-01 (2.9566e-01)	Loss Disc 6.8419e-01 (6.8066e-01)	Loss Pred 4.1446e-01 (4.4505e-01)	Loss TOTAL 8.1056e-01 (8.3981e-01)
Epoch: [18][230/441]	L_Src_Sup 2.7424e-01 (1.9891e-01)	L_Trg_Inj 1.7128e-01 (2.9565e-01)	Loss Disc 6.8681e-01 (6.8066e-01)	Loss Pred 4.0766e-01 (4.4457e-01)	Loss TOTAL 8.9859e-01 (8.3952e-01)
Epoch: [18][240/441]	L_Src_Sup 2.3729e-01 (1.9886e-01)	L_Trg_Inj 2.6081e-01 (2.9506e-01)	Loss Disc 6.7841e-01 (6.8062e-01)	Loss Pred 4.4598e-01 (4.4469e-01)	Loss TOTAL 8.3500e-01 (8.3974e-01)
Epoch: [18][250/441]	L_Src_Sup 1.3914e-01 (1.9894e-01)	L_Trg_Inj 2.8044e-01 (2.9469e-01)	Loss Disc 6.7536e-01 (6.8061e-01)	Loss Pred 4.8537e-01 (4.4471e-01)	Loss TOTAL 8.6501e-01 (8.3956e-01)
Epoch: [18][260/441]	L_Src_Sup 1.7886e-01 (1.9886e-01)	L_Trg_Inj 2.4904e-01 (2.9610e-01)	Loss Disc 6.8565e-01 (6.8059e-01)	Loss Pred 4.3498e-01 (4.4488e-01)	Loss TOTAL 8.2060e-01 (8.3969e-01)
Epoch: [18][270/441]	L_Src_Sup 2.3142e-01 (1.9920e-01)	L_Trg_Inj 2.6894e-01 (2.9596e-01)	Loss Disc 6.8209e-01 (6.8066e-01)	Loss Pred 4.2671e-01 (4.4447e-01)	Loss TOTAL 8.1779e-01 (8.3919e-01)
Epoch: [18][280/441]	L_Src_Sup 1.6530e-01 (1.9921e-01)	L_Trg_Inj 3.2527e-01 (2.9617e-01)	Loss Disc 6.8113e-01 (6.8063e-01)	Loss Pred 4.2679e-01 (4.4435e-01)	Loss TOTAL 8.1641e-01 (8.3890e-01)
Epoch: [18][290/441]	L_Src_Sup 1.5127e-01 (1.9925e-01)	L_Trg_Inj 3.1599e-01 (2.9652e-01)	Loss Disc 6.7981e-01 (6.8063e-01)	Loss Pred 4.6011e-01 (4.4406e-01)	Loss TOTAL 8.4674e-01 (8.3864e-01)
Epoch: [18][300/441]	L_Src_Sup 1.0188e-01 (1.9821e-01)	L_Trg_Inj 2.5046e-01 (2.9634e-01)	Loss Disc 6.8177e-01 (6.8068e-01)	Loss Pred 5.0713e-01 (4.4413e-01)	Loss TOTAL 8.8325e-01 (8.3845e-01)
Epoch: [18][310/441]	L_Src_Sup 1.5525e-01 (1.9760e-01)	L_Trg_Inj 3.3149e-01 (2.9560e-01)	Loss Disc 6.7722e-01 (6.8066e-01)	Loss Pred 4.9926e-01 (4.4417e-01)	Loss TOTAL 8.8655e-01 (8.3860e-01)
Epoch: [18][320/441]	L_Src_Sup 2.4592e-01 (1.9763e-01)	L_Trg_Inj 2.4451e-01 (2.9523e-01)	Loss Disc 6.8386e-01 (6.8067e-01)	Loss Pred 4.2073e-01 (4.4426e-01)	Loss TOTAL 8.1310e-01 (8.3900e-01)
Epoch: [18][330/441]	L_Src_Sup 1.7242e-01 (1.9811e-01)	L_Trg_Inj 3.1320e-01 (2.9542e-01)	Loss Disc 6.7488e-01 (6.8060e-01)	Loss Pred 4.5908e-01 (4.4449e-01)	Loss TOTAL 8.4508e-01 (8.3912e-01)
Epoch: [18][340/441]	L_Src_Sup 2.6454e-01 (1.9891e-01)	L_Trg_Inj 2.7217e-01 (2.9663e-01)	Loss Disc 6.8192e-01 (6.8062e-01)	Loss Pred 4.2617e-01 (4.4442e-01)	Loss TOTAL 8.2080e-01 (8.3911e-01)
Epoch: [18][350/441]	L_Src_Sup 2.2425e-01 (1.9892e-01)	L_Trg_Inj 3.0977e-01 (2.9603e-01)	Loss Disc 6.7448e-01 (6.8060e-01)	Loss Pred 4.5858e-01 (4.4435e-01)	Loss TOTAL 8.4922e-01 (8.3884e-01)
Epoch: [18][360/441]	L_Src_Sup 2.6100e-01 (1.9915e-01)	L_Trg_Inj 3.2711e-01 (2.9532e-01)	Loss Disc 6.7344e-01 (6.8060e-01)	Loss Pred 4.6506e-01 (4.4401e-01)	Loss TOTAL 8.6059e-01 (8.3847e-01)
Epoch: [18][370/441]	L_Src_Sup 2.9518e-01 (1.9966e-01)	L_Trg_Inj 3.2212e-01 (2.9552e-01)	Loss Disc 6.8169e-01 (6.8059e-01)	Loss Pred 4.2035e-01 (4.4383e-01)	Loss TOTAL 8.2293e-01 (8.3823e-01)
Epoch: [18][380/441]	L_Src_Sup 1.8495e-01 (1.9986e-01)	L_Trg_Inj 3.0888e-01 (2.9492e-01)	Loss Disc 6.7858e-01 (6.8056e-01)	Loss Pred 4.3988e-01 (4.4393e-01)	Loss TOTAL 8.2855e-01 (8.3822e-01)
Epoch: [18][390/441]	L_Src_Sup 2.4398e-01 (1.9932e-01)	L_Trg_Inj 2.8695e-01 (2.9380e-01)	Loss Disc 6.8489e-01 (6.8060e-01)	Loss Pred 4.3429e-01 (4.4390e-01)	Loss TOTAL 8.2983e-01 (8.3818e-01)
Epoch: [18][400/441]	L_Src_Sup 1.9840e-01 (1.9973e-01)	L_Trg_Inj 3.5121e-01 (2.9374e-01)	Loss Disc 6.8099e-01 (6.8056e-01)	Loss Pred 4.2657e-01 (4.4410e-01)	Loss TOTAL 8.2202e-01 (8.3876e-01)
Epoch: [18][410/441]	L_Src_Sup 3.1166e-01 (1.9999e-01)	L_Trg_Inj 2.5523e-01 (2.9404e-01)	Loss Disc 6.8314e-01 (6.8054e-01)	Loss Pred 4.2102e-01 (4.4434e-01)	Loss TOTAL 8.7571e-01 (8.3917e-01)
Epoch: [18][420/441]	L_Src_Sup 2.1865e-01 (2.0000e-01)	L_Trg_Inj 3.0271e-01 (2.9363e-01)	Loss Disc 6.7923e-01 (6.8055e-01)	Loss Pred 4.3978e-01 (4.4414e-01)	Loss TOTAL 8.3153e-01 (8.3889e-01)
Epoch: [18][430/441]	L_Src_Sup 1.1867e-01 (2.0021e-01)	L_Trg_Inj 2.8021e-01 (2.9463e-01)	Loss Disc 6.7838e-01 (6.8051e-01)	Loss Pred 4.4607e-01 (4.4420e-01)	Loss TOTAL 8.2515e-01 (8.3924e-01)
Epoch: [18][440/441]	L_Src_Sup 3.8336e-01 (2.0078e-01)	L_Trg_Inj 2.2829e-01 (2.9480e-01)	Loss Disc 6.8261e-01 (6.8055e-01)	Loss Pred 4.5337e-01 (4.4400e-01)	Loss TOTAL 1.0109e+00 (8.3940e-01)
Epoch: [18][441/441]	L_Src_Sup 2.4798e-01 (2.0089e-01)	L_Trg_Inj 2.5802e-01 (2.9471e-01)	Loss Disc 6.8346e-01 (6.8056e-01)	Loss Pred 4.4727e-01 (4.4401e-01)	Loss TOTAL 8.3960e-01 (8.3940e-01)
Epoch 18 complete. Saving model state...
Epoch: [19][ 10/441]	L_Src_Sup 1.6950e-01 (2.0124e-01)	L_Trg_Inj 3.2313e-01 (3.0082e-01)	Loss Disc 6.7757e-01 (6.8041e-01)	Loss Pred 4.4572e-01 (4.4184e-01)	Loss TOTAL 8.3377e-01 (8.3701e-01)
Epoch: [19][ 20/441]	L_Src_Sup 2.1488e-01 (2.0343e-01)	L_Trg_Inj 2.4441e-01 (3.0422e-01)	Loss Disc 6.8242e-01 (6.8038e-01)	Loss Pred 4.2712e-01 (4.4544e-01)	Loss TOTAL 8.1425e-01 (8.3933e-01)
Epoch: [19][ 30/441]	L_Src_Sup 2.1495e-01 (2.0337e-01)	L_Trg_Inj 3.4555e-01 (3.2440e-01)	Loss Disc 6.8088e-01 (6.7992e-01)	Loss Pred 4.2684e-01 (4.4574e-01)	Loss TOTAL 8.2333e-01 (8.4044e-01)
Epoch: [19][ 40/441]	L_Src_Sup 1.6262e-01 (2.0602e-01)	L_Trg_Inj 3.2520e-01 (3.2210e-01)	Loss Disc 6.8369e-01 (6.7989e-01)	Loss Pred 4.1407e-01 (4.4505e-01)	Loss TOTAL 8.0469e-01 (8.3928e-01)
Epoch: [19][ 50/441]	L_Src_Sup 1.6808e-01 (2.0238e-01)	L_Trg_Inj 2.1435e-01 (3.1391e-01)	Loss Disc 6.8128e-01 (6.7994e-01)	Loss Pred 4.5963e-01 (4.4412e-01)	Loss TOTAL 8.3851e-01 (8.3732e-01)
Epoch: [19][ 60/441]	L_Src_Sup 2.0401e-01 (2.0264e-01)	L_Trg_Inj 2.4527e-01 (3.0876e-01)	Loss Disc 6.7840e-01 (6.8002e-01)	Loss Pred 4.4582e-01 (4.4317e-01)	Loss TOTAL 8.2995e-01 (8.3571e-01)
Epoch: [19][ 70/441]	L_Src_Sup 2.0524e-01 (2.0431e-01)	L_Trg_Inj 2.7377e-01 (3.0912e-01)	Loss Disc 6.7679e-01 (6.8020e-01)	Loss Pred 4.5244e-01 (4.4245e-01)	Loss TOTAL 8.3874e-01 (8.3620e-01)
Epoch: [19][ 80/441]	L_Src_Sup 1.8524e-01 (2.0418e-01)	L_Trg_Inj 3.2874e-01 (3.0481e-01)	Loss Disc 6.7875e-01 (6.8034e-01)	Loss Pred 4.3958e-01 (4.4245e-01)	Loss TOTAL 8.3035e-01 (8.3561e-01)
Epoch: [19][ 90/441]	L_Src_Sup 2.3336e-01 (2.0243e-01)	L_Trg_Inj 1.8963e-01 (2.9950e-01)	Loss Disc 6.8267e-01 (6.8030e-01)	Loss Pred 4.5345e-01 (4.4295e-01)	Loss TOTAL 8.8081e-01 (8.3564e-01)
Epoch: [19][100/441]	L_Src_Sup 1.5130e-01 (2.0007e-01)	L_Trg_Inj 2.7431e-01 (2.9920e-01)	Loss Disc 6.7937e-01 (6.8037e-01)	Loss Pred 4.3973e-01 (4.4185e-01)	Loss TOTAL 8.2197e-01 (8.3413e-01)
Epoch: [19][110/441]	L_Src_Sup 2.6022e-01 (1.9931e-01)	L_Trg_Inj 3.1638e-01 (3.0085e-01)	Loss Disc 6.8344e-01 (6.8038e-01)	Loss Pred 4.1371e-01 (4.4155e-01)	Loss TOTAL 8.1309e-01 (8.3372e-01)
Epoch: [19][120/441]	L_Src_Sup 1.2069e-01 (1.9816e-01)	L_Trg_Inj 2.9258e-01 (3.0073e-01)	Loss Disc 6.7577e-01 (6.8017e-01)	Loss Pred 4.7981e-01 (4.4280e-01)	Loss TOTAL 8.5903e-01 (8.3540e-01)
Epoch: [19][130/441]	L_Src_Sup 1.6533e-01 (1.9675e-01)	L_Trg_Inj 2.1230e-01 (2.9913e-01)	Loss Disc 6.8250e-01 (6.8025e-01)	Loss Pred 4.2703e-01 (4.4197e-01)	Loss TOTAL 8.0604e-01 (8.3487e-01)
Epoch: [19][140/441]	L_Src_Sup 2.1672e-01 (1.9718e-01)	L_Trg_Inj 3.5996e-01 (2.9680e-01)	Loss Disc 6.7924e-01 (6.8023e-01)	Loss Pred 4.3348e-01 (4.4205e-01)	Loss TOTAL 8.3076e-01 (8.3493e-01)
Epoch: [19][150/441]	L_Src_Sup 2.7871e-01 (1.9522e-01)	L_Trg_Inj 2.3509e-01 (2.9454e-01)	Loss Disc 6.8329e-01 (6.8023e-01)	Loss Pred 4.1996e-01 (4.4239e-01)	Loss TOTAL 8.5661e-01 (8.3492e-01)
Epoch: [19][160/441]	L_Src_Sup 1.5327e-01 (1.9553e-01)	L_Trg_Inj 3.7991e-01 (2.9483e-01)	Loss Disc 6.7787e-01 (6.8031e-01)	Loss Pred 4.3920e-01 (4.4193e-01)	Loss TOTAL 8.3145e-01 (8.3524e-01)
Epoch: [19][170/441]	L_Src_Sup 1.7486e-01 (1.9602e-01)	L_Trg_Inj 3.8078e-01 (2.9527e-01)	Loss Disc 6.7679e-01 (6.8036e-01)	Loss Pred 5.2605e-01 (4.4278e-01)	Loss TOTAL 9.2001e-01 (8.3601e-01)
Epoch: [19][180/441]	L_Src_Sup 1.3119e-01 (1.9427e-01)	L_Trg_Inj 2.1577e-01 (2.9351e-01)	Loss Disc 6.8382e-01 (6.8044e-01)	Loss Pred 4.2025e-01 (4.4255e-01)	Loss TOTAL 7.9685e-01 (8.3525e-01)
Epoch: [19][190/441]	L_Src_Sup 1.0021e-01 (1.9533e-01)	L_Trg_Inj 3.2903e-01 (2.9438e-01)	Loss Disc 6.7996e-01 (6.8046e-01)	Loss Pred 4.3308e-01 (4.4270e-01)	Loss TOTAL 8.1598e-01 (8.3595e-01)
Epoch: [19][200/441]	L_Src_Sup 2.7659e-01 (1.9651e-01)	L_Trg_Inj 3.9109e-01 (2.9599e-01)	Loss Disc 6.8292e-01 (6.8037e-01)	Loss Pred 4.3139e-01 (4.4290e-01)	Loss TOTAL 8.3962e-01 (8.3655e-01)
Epoch: [19][210/441]	L_Src_Sup 2.2766e-01 (1.9721e-01)	L_Trg_Inj 3.6458e-01 (2.9681e-01)	Loss Disc 6.8321e-01 (6.8045e-01)	Loss Pred 4.1406e-01 (4.4274e-01)	Loss TOTAL 8.1489e-01 (8.3672e-01)
Epoch: [19][220/441]	L_Src_Sup 3.2788e-01 (1.9826e-01)	L_Trg_Inj 3.6086e-01 (2.9704e-01)	Loss Disc 6.8180e-01 (6.8051e-01)	Loss Pred 4.2021e-01 (4.4254e-01)	Loss TOTAL 8.2998e-01 (8.3649e-01)
Epoch: [19][230/441]	L_Src_Sup 2.4595e-01 (1.9936e-01)	L_Trg_Inj 2.4188e-01 (2.9579e-01)	Loss Disc 6.8477e-01 (6.8060e-01)	Loss Pred 4.4072e-01 (4.4198e-01)	Loss TOTAL 8.3595e-01 (8.3622e-01)
Epoch: [19][240/441]	L_Src_Sup 2.1865e-01 (2.0058e-01)	L_Trg_Inj 1.9089e-01 (2.9606e-01)	Loss Disc 6.8064e-01 (6.8063e-01)	Loss Pred 4.3958e-01 (4.4217e-01)	Loss TOTAL 8.4861e-01 (8.3662e-01)
Epoch: [19][250/441]	L_Src_Sup 1.3677e-01 (2.0117e-01)	L_Trg_Inj 3.5590e-01 (2.9655e-01)	Loss Disc 6.7702e-01 (6.8053e-01)	Loss Pred 4.7227e-01 (4.4293e-01)	Loss TOTAL 8.6005e-01 (8.3727e-01)
Epoch: [19][260/441]	L_Src_Sup 1.4878e-01 (2.0244e-01)	L_Trg_Inj 3.6762e-01 (2.9754e-01)	Loss Disc 6.8069e-01 (6.8060e-01)	Loss Pred 4.2685e-01 (4.4307e-01)	Loss TOTAL 8.1884e-01 (8.3773e-01)
Epoch: [19][270/441]	L_Src_Sup 1.6807e-01 (2.0239e-01)	L_Trg_Inj 2.3998e-01 (2.9696e-01)	Loss Disc 6.8238e-01 (6.8061e-01)	Loss Pred 4.8008e-01 (4.4292e-01)	Loss TOTAL 8.6207e-01 (8.3768e-01)
Epoch: [19][280/441]	L_Src_Sup 2.1852e-01 (2.0226e-01)	L_Trg_Inj 2.1403e-01 (2.9805e-01)	Loss Disc 6.8180e-01 (6.8064e-01)	Loss Pred 4.5968e-01 (4.4276e-01)	Loss TOTAL 8.4832e-01 (8.3749e-01)
Epoch: [19][290/441]	L_Src_Sup 2.9522e-01 (2.0230e-01)	L_Trg_Inj 3.3110e-01 (2.9844e-01)	Loss Disc 6.8276e-01 (6.8066e-01)	Loss Pred 4.4048e-01 (4.4262e-01)	Loss TOTAL 8.4449e-01 (8.3725e-01)
Epoch: [19][300/441]	L_Src_Sup 2.7428e-01 (2.0230e-01)	L_Trg_Inj 3.5786e-01 (2.9705e-01)	Loss Disc 6.7900e-01 (6.8067e-01)	Loss Pred 4.8674e-01 (4.4260e-01)	Loss TOTAL 8.8945e-01 (8.3741e-01)
Epoch: [19][310/441]	L_Src_Sup 2.1140e-01 (2.0227e-01)	L_Trg_Inj 1.9952e-01 (2.9579e-01)	Loss Disc 6.8552e-01 (6.8068e-01)	Loss Pred 4.1404e-01 (4.4280e-01)	Loss TOTAL 8.0977e-01 (8.3742e-01)
Epoch: [19][320/441]	L_Src_Sup 1.0084e-01 (2.0130e-01)	L_Trg_Inj 3.2003e-01 (2.9576e-01)	Loss Disc 6.7854e-01 (6.8062e-01)	Loss Pred 4.3973e-01 (4.4284e-01)	Loss TOTAL 8.2109e-01 (8.3731e-01)
Epoch: [19][330/441]	L_Src_Sup 2.2038e-01 (2.0076e-01)	L_Trg_Inj 2.9196e-01 (2.9628e-01)	Loss Disc 6.7676e-01 (6.8061e-01)	Loss Pred 4.4601e-01 (4.4282e-01)	Loss TOTAL 8.3562e-01 (8.3715e-01)
Epoch: [19][340/441]	L_Src_Sup 2.3533e-01 (2.0151e-01)	L_Trg_Inj 2.7605e-01 (2.9630e-01)	Loss Disc 6.7991e-01 (6.8057e-01)	Loss Pred 4.5914e-01 (4.4318e-01)	Loss TOTAL 8.5023e-01 (8.3763e-01)
Epoch: [19][350/441]	L_Src_Sup 2.0972e-01 (2.0161e-01)	L_Trg_Inj 1.9886e-01 (2.9522e-01)	Loss Disc 6.8648e-01 (6.8063e-01)	Loss Pred 4.0772e-01 (4.4292e-01)	Loss TOTAL 8.0269e-01 (8.3759e-01)
Epoch: [19][360/441]	L_Src_Sup 1.3562e-01 (2.0189e-01)	L_Trg_Inj 2.9955e-01 (2.9563e-01)	Loss Disc 6.7757e-01 (6.8060e-01)	Loss Pred 4.4591e-01 (4.4333e-01)	Loss TOTAL 8.2821e-01 (8.3794e-01)
Epoch: [19][370/441]	L_Src_Sup 2.3017e-01 (2.0155e-01)	L_Trg_Inj 2.9408e-01 (2.9595e-01)	Loss Disc 6.8794e-01 (6.8058e-01)	Loss Pred 3.9492e-01 (4.4345e-01)	Loss TOTAL 7.9131e-01 (8.3793e-01)
Epoch: [19][380/441]	L_Src_Sup 9.9206e-02 (2.0151e-01)	L_Trg_Inj 2.9583e-01 (2.9598e-01)	Loss Disc 6.8141e-01 (6.8059e-01)	Loss Pred 4.2646e-01 (4.4314e-01)	Loss TOTAL 8.0667e-01 (8.3753e-01)
Epoch: [19][390/441]	L_Src_Sup 1.6811e-01 (2.0167e-01)	L_Trg_Inj 3.2022e-01 (2.9479e-01)	Loss Disc 6.8132e-01 (6.8066e-01)	Loss Pred 4.8002e-01 (4.4295e-01)	Loss TOTAL 8.6951e-01 (8.3777e-01)
Epoch: [19][400/441]	L_Src_Sup 1.3556e-01 (2.0169e-01)	L_Trg_Inj 3.8614e-01 (2.9526e-01)	Loss Disc 6.7764e-01 (6.8064e-01)	Loss Pred 4.6729e-01 (4.4300e-01)	Loss TOTAL 8.5827e-01 (8.3797e-01)
Epoch: [19][410/441]	L_Src_Sup 3.8727e-01 (2.0173e-01)	L_Trg_Inj 2.0226e-01 (2.9498e-01)	Loss Disc 6.8659e-01 (6.8060e-01)	Loss Pred 4.0859e-01 (4.4333e-01)	Loss TOTAL 9.9584e-01 (8.3859e-01)
Epoch: [19][420/441]	L_Src_Sup 1.5001e-01 (2.0190e-01)	L_Trg_Inj 1.9998e-01 (2.9493e-01)	Loss Disc 6.8311e-01 (6.8064e-01)	Loss Pred 4.5333e-01 (4.4309e-01)	Loss TOTAL 8.2989e-01 (8.3836e-01)
Epoch: [19][430/441]	L_Src_Sup 2.3542e-01 (2.0222e-01)	L_Trg_Inj 2.6446e-01 (2.9457e-01)	Loss Disc 6.7951e-01 (6.8059e-01)	Loss Pred 4.3942e-01 (4.4335e-01)	Loss TOTAL 8.2917e-01 (8.3852e-01)
Epoch: [19][440/441]	L_Src_Sup 2.5428e-01 (2.0228e-01)	L_Trg_Inj 3.7469e-01 (2.9464e-01)	Loss Disc 6.7800e-01 (6.8057e-01)	Loss Pred 4.6586e-01 (4.4361e-01)	Loss TOTAL 8.6776e-01 (8.3874e-01)
Epoch: [19][441/441]	L_Src_Sup 1.8807e-01 (2.0225e-01)	L_Trg_Inj 3.2414e-01 (2.9471e-01)	Loss Disc 6.7871e-01 (6.8057e-01)	Loss Pred 4.9272e-01 (4.4372e-01)	Loss TOTAL 8.8330e-01 (8.3884e-01)
Epoch 19 complete. Saving model state...
Epoch: [20][ 10/441]	L_Src_Sup 3.1427e-01 (2.0700e-01)	L_Trg_Inj 3.1759e-01 (3.2490e-01)	Loss Disc 6.8121e-01 (6.8002e-01)	Loss Pred 4.2699e-01 (4.4307e-01)	Loss TOTAL 8.3078e-01 (8.3627e-01)
Epoch: [20][ 20/441]	L_Src_Sup 1.6671e-01 (1.9445e-01)	L_Trg_Inj 2.9795e-01 (3.0543e-01)	Loss Disc 6.8015e-01 (6.8093e-01)	Loss Pred 4.3264e-01 (4.3799e-01)	Loss TOTAL 8.1918e-01 (8.2918e-01)
Epoch: [20][ 30/441]	L_Src_Sup 1.2174e-01 (2.0905e-01)	L_Trg_Inj 4.3386e-01 (3.1058e-01)	Loss Disc 6.7769e-01 (6.7979e-01)	Loss Pred 5.0015e-01 (4.4916e-01)	Loss TOTAL 8.9456e-01 (8.4872e-01)
Epoch: [20][ 40/441]	L_Src_Sup 1.1744e-01 (2.0088e-01)	L_Trg_Inj 3.8731e-01 (3.1112e-01)	Loss Disc 6.7881e-01 (6.8015e-01)	Loss Pred 4.3429e-01 (4.4505e-01)	Loss TOTAL 8.2417e-01 (8.4288e-01)
Epoch: [20][ 50/441]	L_Src_Sup 1.8334e-01 (1.9939e-01)	L_Trg_Inj 2.1276e-01 (3.1389e-01)	Loss Disc 6.8278e-01 (6.8031e-01)	Loss Pred 4.5398e-01 (4.4376e-01)	Loss TOTAL 8.3498e-01 (8.4063e-01)
Epoch: [20][ 60/441]	L_Src_Sup 2.6088e-01 (1.9934e-01)	L_Trg_Inj 2.3519e-01 (3.1147e-01)	Loss Disc 6.7732e-01 (6.8027e-01)	Loss Pred 5.0326e-01 (4.4610e-01)	Loss TOTAL 9.1722e-01 (8.4236e-01)
Epoch: [20][ 70/441]	L_Src_Sup 1.1111e-01 (2.0031e-01)	L_Trg_Inj 3.2673e-01 (3.1086e-01)	Loss Disc 6.8738e-01 (6.8064e-01)	Loss Pred 3.9521e-01 (4.4389e-01)	Loss TOTAL 7.8269e-01 (8.4086e-01)
Epoch: [20][ 80/441]	L_Src_Sup 1.6261e-01 (2.0137e-01)	L_Trg_Inj 2.8971e-01 (3.1376e-01)	Loss Disc 6.8420e-01 (6.8054e-01)	Loss Pred 4.1399e-01 (4.4320e-01)	Loss TOTAL 8.0132e-01 (8.3982e-01)
Epoch: [20][ 90/441]	L_Src_Sup 1.0085e-01 (1.9670e-01)	L_Trg_Inj 3.6546e-01 (3.1645e-01)	Loss Disc 6.7803e-01 (6.8069e-01)	Loss Pred 4.3943e-01 (4.4269e-01)	Loss TOTAL 8.2507e-01 (8.3967e-01)
Epoch: [20][100/441]	L_Src_Sup 1.3016e-01 (1.9371e-01)	L_Trg_Inj 3.7731e-01 (3.1451e-01)	Loss Disc 6.8270e-01 (6.8075e-01)	Loss Pred 4.1416e-01 (4.4257e-01)	Loss TOTAL 8.0626e-01 (8.3855e-01)
Epoch: [20][110/441]	L_Src_Sup 2.0846e-01 (1.9491e-01)	L_Trg_Inj 3.1507e-01 (3.1217e-01)	Loss Disc 6.8631e-01 (6.8072e-01)	Loss Pred 4.0126e-01 (4.4262e-01)	Loss TOTAL 7.9677e-01 (8.3873e-01)
Epoch: [20][120/441]	L_Src_Sup 2.0516e-01 (1.9581e-01)	L_Trg_Inj 3.0907e-01 (3.0974e-01)	Loss Disc 6.7744e-01 (6.8073e-01)	Loss Pred 4.7251e-01 (4.4333e-01)	Loss TOTAL 8.6265e-01 (8.3918e-01)
Epoch: [20][130/441]	L_Src_Sup 1.8337e-01 (1.9527e-01)	L_Trg_Inj 2.4445e-01 (3.0762e-01)	Loss Disc 6.8171e-01 (6.8063e-01)	Loss Pred 4.5347e-01 (4.4404e-01)	Loss TOTAL 8.3711e-01 (8.3920e-01)
Epoch: [20][140/441]	L_Src_Sup 1.6675e-01 (1.9756e-01)	L_Trg_Inj 3.8776e-01 (3.0624e-01)	Loss Disc 6.7914e-01 (6.8065e-01)	Loss Pred 4.3324e-01 (4.4461e-01)	Loss TOTAL 8.2826e-01 (8.4052e-01)
Epoch: [20][150/441]	L_Src_Sup 2.1671e-01 (1.9948e-01)	L_Trg_Inj 2.7839e-01 (3.0579e-01)	Loss Disc 6.8065e-01 (6.8061e-01)	Loss Pred 4.3325e-01 (4.4446e-01)	Loss TOTAL 8.2309e-01 (8.4027e-01)
Epoch: [20][160/441]	L_Src_Sup 2.0169e-01 (2.0079e-01)	L_Trg_Inj 4.0996e-01 (3.0843e-01)	Loss Disc 6.7840e-01 (6.8063e-01)	Loss Pred 4.5990e-01 (4.4387e-01)	Loss TOTAL 8.6026e-01 (8.3978e-01)
Epoch: [20][170/441]	L_Src_Sup 1.3560e-01 (1.9971e-01)	L_Trg_Inj 2.2140e-01 (3.0506e-01)	Loss Disc 6.7991e-01 (6.8073e-01)	Loss Pred 4.6624e-01 (4.4333e-01)	Loss TOTAL 8.4189e-01 (8.3946e-01)
Epoch: [20][180/441]	L_Src_Sup 1.8355e-01 (1.9896e-01)	L_Trg_Inj 3.3653e-01 (3.0523e-01)	Loss Disc 6.7975e-01 (6.8081e-01)	Loss Pred 4.3340e-01 (4.4322e-01)	Loss TOTAL 8.2528e-01 (8.3923e-01)
Epoch: [20][190/441]	L_Src_Sup 2.1156e-01 (1.9946e-01)	L_Trg_Inj 3.4381e-01 (3.0357e-01)	Loss Disc 6.8380e-01 (6.8090e-01)	Loss Pred 4.1453e-01 (4.4306e-01)	Loss TOTAL 8.1197e-01 (8.3929e-01)
Epoch: [20][200/441]	L_Src_Sup 2.0529e-01 (1.9957e-01)	L_Trg_Inj 3.3001e-01 (3.0508e-01)	Loss Disc 6.7873e-01 (6.8084e-01)	Loss Pred 4.9268e-01 (4.4329e-01)	Loss TOTAL 8.8558e-01 (8.3958e-01)
Epoch: [20][210/441]	L_Src_Sup 1.6530e-01 (1.9900e-01)	L_Trg_Inj 2.5900e-01 (3.0559e-01)	Loss Disc 6.8219e-01 (6.8085e-01)	Loss Pred 4.2677e-01 (4.4282e-01)	Loss TOTAL 8.1029e-01 (8.3885e-01)
Epoch: [20][220/441]	L_Src_Sup 1.7605e-01 (1.9864e-01)	L_Trg_Inj 2.6585e-01 (3.0421e-01)	Loss Disc 6.8688e-01 (6.8096e-01)	Loss Pred 4.0141e-01 (4.4247e-01)	Loss TOTAL 7.8905e-01 (8.3814e-01)
Epoch: [20][230/441]	L_Src_Sup 2.1857e-01 (1.9717e-01)	L_Trg_Inj 2.3537e-01 (3.0260e-01)	Loss Disc 6.8091e-01 (6.8096e-01)	Loss Pred 4.5996e-01 (4.4239e-01)	Loss TOTAL 8.4581e-01 (8.3761e-01)
Epoch: [20][240/441]	L_Src_Sup 1.9847e-01 (1.9709e-01)	L_Trg_Inj 2.2085e-01 (3.0095e-01)	Loss Disc 6.8275e-01 (6.8101e-01)	Loss Pred 4.2693e-01 (4.4230e-01)	Loss TOTAL 8.1023e-01 (8.3750e-01)
Epoch: [20][250/441]	L_Src_Sup 1.6659e-01 (1.9602e-01)	L_Trg_Inj 2.5505e-01 (2.9997e-01)	Loss Disc 6.8329e-01 (6.8105e-01)	Loss Pred 4.2033e-01 (4.4187e-01)	Loss TOTAL 8.0414e-01 (8.3675e-01)
Epoch: [20][260/441]	L_Src_Sup 1.8677e-01 (1.9649e-01)	L_Trg_Inj 3.2410e-01 (3.0053e-01)	Loss Disc 6.7868e-01 (6.8101e-01)	Loss Pred 4.6629e-01 (4.4194e-01)	Loss TOTAL 8.5672e-01 (8.3698e-01)
Epoch: [20][270/441]	L_Src_Sup 2.7645e-01 (1.9537e-01)	L_Trg_Inj 3.9089e-01 (3.0028e-01)	Loss Disc 6.8277e-01 (6.8102e-01)	Loss Pred 4.1433e-01 (4.4175e-01)	Loss TOTAL 8.2245e-01 (8.3647e-01)
Epoch: [20][280/441]	L_Src_Sup 1.6560e-01 (1.9531e-01)	L_Trg_Inj 3.7601e-01 (2.9958e-01)	Loss Disc 6.8052e-01 (6.8103e-01)	Loss Pred 4.2766e-01 (4.4139e-01)	Loss TOTAL 8.2208e-01 (8.3607e-01)
Epoch: [20][290/441]	L_Src_Sup 1.9204e-01 (1.9532e-01)	L_Trg_Inj 2.4362e-01 (2.9972e-01)	Loss Disc 6.8858e-01 (6.8105e-01)	Loss Pred 4.2153e-01 (4.4107e-01)	Loss TOTAL 8.0938e-01 (8.3579e-01)
Epoch: [20][300/441]	L_Src_Sup 1.8339e-01 (1.9566e-01)	L_Trg_Inj 1.8627e-01 (2.9931e-01)	Loss Disc 6.8094e-01 (6.8104e-01)	Loss Pred 4.3419e-01 (4.4131e-01)	Loss TOTAL 8.1162e-01 (8.3587e-01)
Epoch: [20][310/441]	L_Src_Sup 1.6818e-01 (1.9517e-01)	L_Trg_Inj 2.1259e-01 (2.9823e-01)	Loss Disc 6.7977e-01 (6.8099e-01)	Loss Pred 4.3967e-01 (4.4184e-01)	Loss TOTAL 8.1763e-01 (8.3631e-01)
Epoch: [20][320/441]	L_Src_Sup 1.5129e-01 (1.9523e-01)	L_Trg_Inj 3.1283e-01 (2.9718e-01)	Loss Disc 6.8000e-01 (6.8096e-01)	Loss Pred 4.5985e-01 (4.4179e-01)	Loss TOTAL 8.4626e-01 (8.3656e-01)
Epoch: [20][330/441]	L_Src_Sup 2.3532e-01 (1.9533e-01)	L_Trg_Inj 2.1692e-01 (2.9679e-01)	Loss Disc 6.8137e-01 (6.8097e-01)	Loss Pred 4.5960e-01 (4.4212e-01)	Loss TOTAL 8.6391e-01 (8.3677e-01)
Epoch: [20][340/441]	L_Src_Sup 2.6447e-01 (1.9665e-01)	L_Trg_Inj 2.6456e-01 (2.9702e-01)	Loss Disc 6.8202e-01 (6.8097e-01)	Loss Pred 4.2624e-01 (4.4243e-01)	Loss TOTAL 8.2016e-01 (8.3734e-01)
Epoch: [20][350/441]	L_Src_Sup 2.4160e-01 (1.9700e-01)	L_Trg_Inj 2.7601e-01 (2.9620e-01)	Loss Disc 6.7664e-01 (6.8092e-01)	Loss Pred 4.5274e-01 (4.4280e-01)	Loss TOTAL 8.4282e-01 (8.3793e-01)
Epoch: [20][360/441]	L_Src_Sup 1.9564e-01 (1.9670e-01)	L_Trg_Inj 2.0443e-01 (2.9660e-01)	Loss Disc 6.8631e-01 (6.8085e-01)	Loss Pred 4.3538e-01 (4.4313e-01)	Loss TOTAL 8.1854e-01 (8.3808e-01)
Epoch: [20][370/441]	L_Src_Sup 1.4644e-01 (1.9686e-01)	L_Trg_Inj 2.8202e-01 (2.9634e-01)	Loss Disc 6.8365e-01 (6.8085e-01)	Loss Pred 4.1394e-01 (4.4343e-01)	Loss TOTAL 7.9861e-01 (8.3823e-01)
Epoch: [20][380/441]	L_Src_Sup 2.5003e-01 (1.9749e-01)	L_Trg_Inj 2.2740e-01 (2.9562e-01)	Loss Disc 6.8183e-01 (6.8079e-01)	Loss Pred 4.5331e-01 (4.4364e-01)	Loss TOTAL 8.6460e-01 (8.3849e-01)
Epoch: [20][390/441]	L_Src_Sup 2.3938e-01 (1.9721e-01)	L_Trg_Inj 2.3866e-01 (2.9530e-01)	Loss Disc 6.7789e-01 (6.8075e-01)	Loss Pred 4.7243e-01 (4.4386e-01)	Loss TOTAL 8.5989e-01 (8.3850e-01)
Epoch: [20][400/441]	L_Src_Sup 2.4202e-01 (1.9735e-01)	L_Trg_Inj 2.6217e-01 (2.9455e-01)	Loss Disc 6.8827e-01 (6.8077e-01)	Loss Pred 4.4798e-01 (4.4382e-01)	Loss TOTAL 8.4253e-01 (8.3868e-01)
Epoch: [20][410/441]	L_Src_Sup 2.3654e-01 (1.9790e-01)	L_Trg_Inj 3.2259e-01 (2.9441e-01)	Loss Disc 6.8001e-01 (6.8071e-01)	Loss Pred 4.5974e-01 (4.4402e-01)	Loss TOTAL 8.5566e-01 (8.3897e-01)
Epoch: [20][420/441]	L_Src_Sup 2.0543e-01 (1.9855e-01)	L_Trg_Inj 3.7624e-01 (2.9441e-01)	Loss Disc 6.7547e-01 (6.8063e-01)	Loss Pred 4.5226e-01 (4.4433e-01)	Loss TOTAL 8.4816e-01 (8.3939e-01)
Epoch: [20][430/441]	L_Src_Sup 2.2039e-01 (1.9887e-01)	L_Trg_Inj 2.2260e-01 (2.9456e-01)	Loss Disc 6.7901e-01 (6.8059e-01)	Loss Pred 4.4574e-01 (4.4452e-01)	Loss TOTAL 8.2954e-01 (8.3952e-01)
Epoch: [20][440/441]	L_Src_Sup 1.2082e-01 (1.9902e-01)	L_Trg_Inj 2.5540e-01 (2.9487e-01)	Loss Disc 6.7586e-01 (6.8058e-01)	Loss Pred 4.5854e-01 (4.4440e-01)	Loss TOTAL 8.3409e-01 (8.3944e-01)
Epoch: [20][441/441]	L_Src_Sup 2.6911e-01 (1.9918e-01)	L_Trg_Inj 2.6137e-01 (2.9480e-01)	Loss Disc 6.7950e-01 (6.8057e-01)	Loss Pred 4.3951e-01 (4.4438e-01)	Loss TOTAL 8.4006e-01 (8.3944e-01)
Epoch 20 complete. Saving model state...
Epoch: [21][ 10/441]	L_Src_Sup 1.6825e-01 (1.8964e-01)	L_Trg_Inj 2.6477e-01 (3.1968e-01)	Loss Disc 6.7948e-01 (6.7867e-01)	Loss Pred 4.3952e-01 (4.5021e-01)	Loss TOTAL 8.2256e-01 (8.4221e-01)
Epoch: [21][ 20/441]	L_Src_Sup 1.5000e-01 (1.8492e-01)	L_Trg_Inj 3.2099e-01 (2.9899e-01)	Loss Disc 6.8142e-01 (6.7961e-01)	Loss Pred 4.5368e-01 (4.4304e-01)	Loss TOTAL 8.4148e-01 (8.3378e-01)
Epoch: [21][ 30/441]	L_Src_Sup 2.5653e-01 (1.8019e-01)	L_Trg_Inj 2.7333e-01 (2.9925e-01)	Loss Disc 6.7924e-01 (6.7941e-01)	Loss Pred 4.9296e-01 (4.4630e-01)	Loss TOTAL 8.8557e-01 (8.3647e-01)
Epoch: [21][ 40/441]	L_Src_Sup 9.6801e-02 (1.8459e-01)	L_Trg_Inj 2.8912e-01 (3.0192e-01)	Loss Disc 6.8667e-01 (6.7971e-01)	Loss Pred 4.2805e-01 (4.4636e-01)	Loss TOTAL 8.0998e-01 (8.3723e-01)
Epoch: [21][ 50/441]	L_Src_Sup 2.2458e-01 (1.9270e-01)	L_Trg_Inj 4.1450e-01 (3.0815e-01)	Loss Disc 6.8446e-01 (6.8027e-01)	Loss Pred 4.0131e-01 (4.4357e-01)	Loss TOTAL 8.0745e-01 (8.3836e-01)
Epoch: [21][ 60/441]	L_Src_Sup 2.0189e-01 (1.9359e-01)	L_Trg_Inj 2.8324e-01 (3.0175e-01)	Loss Disc 6.8059e-01 (6.8040e-01)	Loss Pred 4.6009e-01 (4.4394e-01)	Loss TOTAL 8.4890e-01 (8.3935e-01)
Epoch: [21][ 70/441]	L_Src_Sup 2.0172e-01 (1.9427e-01)	L_Trg_Inj 3.0534e-01 (3.0009e-01)	Loss Disc 6.7892e-01 (6.8031e-01)	Loss Pred 4.3913e-01 (4.4398e-01)	Loss TOTAL 8.2929e-01 (8.3929e-01)
Epoch: [21][ 80/441]	L_Src_Sup 2.0970e-01 (1.9523e-01)	L_Trg_Inj 2.9301e-01 (3.0070e-01)	Loss Disc 6.8690e-01 (6.8034e-01)	Loss Pred 4.2678e-01 (4.4378e-01)	Loss TOTAL 8.2050e-01 (8.3966e-01)
Epoch: [21][ 90/441]	L_Src_Sup 2.5045e-01 (1.9575e-01)	L_Trg_Inj 3.8648e-01 (3.0155e-01)	Loss Disc 6.7923e-01 (6.8030e-01)	Loss Pred 4.3330e-01 (4.4422e-01)	Loss TOTAL 8.3661e-01 (8.4077e-01)
Epoch: [21][100/441]	L_Src_Sup 1.6395e-01 (1.9532e-01)	L_Trg_Inj 3.0550e-01 (3.0208e-01)	Loss Disc 6.8272e-01 (6.8035e-01)	Loss Pred 4.2025e-01 (4.4312e-01)	Loss TOTAL 8.0856e-01 (8.3903e-01)
Epoch: [21][110/441]	L_Src_Sup 2.5311e-01 (1.9574e-01)	L_Trg_Inj 3.0481e-01 (3.0161e-01)	Loss Disc 6.7899e-01 (6.8061e-01)	Loss Pred 4.3905e-01 (4.4233e-01)	Loss TOTAL 8.3433e-01 (8.3823e-01)
Epoch: [21][120/441]	L_Src_Sup 1.3337e-01 (1.9899e-01)	L_Trg_Inj 4.6138e-01 (3.0424e-01)	Loss Disc 6.7932e-01 (6.8061e-01)	Loss Pred 4.2636e-01 (4.4196e-01)	Loss TOTAL 8.2549e-01 (8.3877e-01)
Epoch: [21][130/441]	L_Src_Sup 3.0347e-01 (1.9884e-01)	L_Trg_Inj 3.3908e-01 (3.0446e-01)	Loss Disc 6.7849e-01 (6.8062e-01)	Loss Pred 4.3990e-01 (4.4150e-01)	Loss TOTAL 8.4340e-01 (8.3818e-01)
Epoch: [21][140/441]	L_Src_Sup 1.9848e-01 (1.9743e-01)	L_Trg_Inj 2.9732e-01 (3.0566e-01)	Loss Disc 6.8289e-01 (6.8060e-01)	Loss Pred 4.4756e-01 (4.4172e-01)	Loss TOTAL 8.3859e-01 (8.3795e-01)
Epoch: [21][150/441]	L_Src_Sup 1.4884e-01 (1.9616e-01)	L_Trg_Inj 3.6452e-01 (3.0507e-01)	Loss Disc 6.8144e-01 (6.8064e-01)	Loss Pred 4.4713e-01 (4.4222e-01)	Loss TOTAL 8.3919e-01 (8.3791e-01)
Epoch: [21][160/441]	L_Src_Sup 2.1857e-01 (1.9513e-01)	L_Trg_Inj 3.2899e-01 (3.0483e-01)	Loss Disc 6.7970e-01 (6.8067e-01)	Loss Pred 4.5995e-01 (4.4186e-01)	Loss TOTAL 8.5456e-01 (8.3719e-01)
Epoch: [21][170/441]	L_Src_Sup 2.1513e-01 (1.9544e-01)	L_Trg_Inj 2.4082e-01 (3.0448e-01)	Loss Disc 6.8226e-01 (6.8065e-01)	Loss Pred 4.2680e-01 (4.4175e-01)	Loss TOTAL 8.1353e-01 (8.3689e-01)
Epoch: [21][180/441]	L_Src_Sup 2.1513e-01 (1.9569e-01)	L_Trg_Inj 2.6238e-01 (3.0363e-01)	Loss Disc 6.8328e-01 (6.8060e-01)	Loss Pred 4.4708e-01 (4.4211e-01)	Loss TOTAL 8.3647e-01 (8.3715e-01)
Epoch: [21][190/441]	L_Src_Sup 1.3467e-01 (1.9495e-01)	L_Trg_Inj 2.5192e-01 (3.0308e-01)	Loss Disc 6.7977e-01 (6.8064e-01)	Loss Pred 4.3916e-01 (4.4255e-01)	Loss TOTAL 8.1771e-01 (8.3728e-01)
Epoch: [21][200/441]	L_Src_Sup 2.4798e-01 (1.9623e-01)	L_Trg_Inj 2.3164e-01 (3.0354e-01)	Loss Disc 6.8488e-01 (6.8063e-01)	Loss Pred 4.6784e-01 (4.4273e-01)	Loss TOTAL 8.7458e-01 (8.3779e-01)
Epoch: [21][210/441]	L_Src_Sup 1.3576e-01 (1.9603e-01)	L_Trg_Inj 2.2198e-01 (3.0275e-01)	Loss Disc 6.7737e-01 (6.8057e-01)	Loss Pred 4.4858e-01 (4.4345e-01)	Loss TOTAL 8.2304e-01 (8.3828e-01)
Epoch: [21][220/441]	L_Src_Sup 1.7890e-01 (1.9617e-01)	L_Trg_Inj 3.2746e-01 (3.0497e-01)	Loss Disc 6.7100e-01 (6.8046e-01)	Loss Pred 5.0412e-01 (4.4384e-01)	Loss TOTAL 8.9026e-01 (8.3874e-01)
Epoch: [21][230/441]	L_Src_Sup 1.7891e-01 (1.9671e-01)	L_Trg_Inj 2.3383e-01 (3.0414e-01)	Loss Disc 6.8502e-01 (6.8055e-01)	Loss Pred 4.1439e-01 (4.4339e-01)	Loss TOTAL 7.9817e-01 (8.3844e-01)
Epoch: [21][240/441]	L_Src_Sup 2.1489e-01 (1.9666e-01)	L_Trg_Inj 2.7212e-01 (3.0545e-01)	Loss Disc 6.8188e-01 (6.8055e-01)	Loss Pred 4.2660e-01 (4.4301e-01)	Loss TOTAL 8.1624e-01 (8.3799e-01)
Epoch: [21][250/441]	L_Src_Sup 2.0007e-01 (1.9711e-01)	L_Trg_Inj 3.1846e-01 (3.0575e-01)	Loss Disc 6.8092e-01 (6.8055e-01)	Loss Pred 4.5440e-01 (4.4298e-01)	Loss TOTAL 8.4672e-01 (8.3786e-01)
Epoch: [21][260/441]	L_Src_Sup 2.5467e-01 (1.9749e-01)	L_Trg_Inj 1.9025e-01 (3.0500e-01)	Loss Disc 6.7941e-01 (6.8055e-01)	Loss Pred 4.4571e-01 (4.4319e-01)	Loss TOTAL 8.9431e-01 (8.3829e-01)
Epoch: [21][270/441]	L_Src_Sup 1.6231e-01 (1.9831e-01)	L_Trg_Inj 4.1651e-01 (3.0533e-01)	Loss Disc 6.8380e-01 (6.8060e-01)	Loss Pred 4.0731e-01 (4.4320e-01)	Loss TOTAL 8.0709e-01 (8.3836e-01)
Epoch: [21][280/441]	L_Src_Sup 1.9674e-01 (1.9884e-01)	L_Trg_Inj 2.6210e-01 (3.0409e-01)	Loss Disc 6.7049e-01 (6.8058e-01)	Loss Pred 4.8407e-01 (4.4307e-01)	Loss TOTAL 8.6520e-01 (8.3896e-01)
Epoch: [21][290/441]	L_Src_Sup 2.7351e-01 (1.9869e-01)	L_Trg_Inj 2.1968e-01 (3.0382e-01)	Loss Disc 6.7857e-01 (6.8050e-01)	Loss Pred 4.7256e-01 (4.4384e-01)	Loss TOTAL 9.1500e-01 (8.3983e-01)
Epoch: [21][300/441]	L_Src_Sup 3.1543e-01 (1.9993e-01)	L_Trg_Inj 3.0183e-01 (3.0328e-01)	Loss Disc 6.8172e-01 (6.8052e-01)	Loss Pred 4.2686e-01 (4.4382e-01)	Loss TOTAL 8.4304e-01 (8.4041e-01)
Epoch: [21][310/441]	L_Src_Sup 2.6533e-01 (2.0020e-01)	L_Trg_Inj 2.7293e-01 (3.0325e-01)	Loss Disc 6.8205e-01 (6.8058e-01)	Loss Pred 4.2711e-01 (4.4354e-01)	Loss TOTAL 8.2196e-01 (8.4048e-01)
Epoch: [21][320/441]	L_Src_Sup 2.1055e-01 (2.0052e-01)	L_Trg_Inj 3.9790e-01 (3.0303e-01)	Loss Disc 6.7422e-01 (6.8056e-01)	Loss Pred 5.1221e-01 (4.4386e-01)	Loss TOTAL 9.1017e-01 (8.4060e-01)
Epoch: [21][330/441]	L_Src_Sup 2.0345e-01 (2.0031e-01)	L_Trg_Inj 2.0040e-01 (3.0289e-01)	Loss Disc 6.7897e-01 (6.8055e-01)	Loss Pred 4.4606e-01 (4.4373e-01)	Loss TOTAL 8.2899e-01 (8.4026e-01)
Epoch: [21][340/441]	L_Src_Sup 1.7158e-01 (2.0038e-01)	L_Trg_Inj 2.6366e-01 (3.0378e-01)	Loss Disc 6.7742e-01 (6.8052e-01)	Loss Pred 4.5252e-01 (4.4387e-01)	Loss TOTAL 8.3476e-01 (8.4031e-01)
Epoch: [21][350/441]	L_Src_Sup 1.6002e-01 (2.0006e-01)	L_Trg_Inj 2.8177e-01 (3.0536e-01)	Loss Disc 6.8684e-01 (6.8053e-01)	Loss Pred 4.0148e-01 (4.4353e-01)	Loss TOTAL 7.8907e-01 (8.3994e-01)
Epoch: [21][360/441]	L_Src_Sup 1.8343e-01 (1.9993e-01)	L_Trg_Inj 2.6093e-01 (3.0571e-01)	Loss Disc 6.8060e-01 (6.8053e-01)	Loss Pred 4.3282e-01 (4.4353e-01)	Loss TOTAL 8.1756e-01 (8.3980e-01)
Epoch: [21][370/441]	L_Src_Sup 1.9672e-01 (1.9959e-01)	L_Trg_Inj 3.7269e-01 (3.0538e-01)	Loss Disc 6.8254e-01 (6.8056e-01)	Loss Pred 4.4150e-01 (4.4350e-01)	Loss TOTAL 8.3971e-01 (8.3960e-01)
Epoch: [21][380/441]	L_Src_Sup 1.8804e-01 (1.9902e-01)	L_Trg_Inj 4.2038e-01 (3.0506e-01)	Loss Disc 6.7453e-01 (6.8058e-01)	Loss Pred 4.5235e-01 (4.4358e-01)	Loss TOTAL 8.5046e-01 (8.3952e-01)
Epoch: [21][390/441]	L_Src_Sup 2.3334e-01 (1.9871e-01)	L_Trg_Inj 2.8420e-01 (3.0426e-01)	Loss Disc 6.8021e-01 (6.8063e-01)	Loss Pred 4.3319e-01 (4.4317e-01)	Loss TOTAL 8.2505e-01 (8.3901e-01)
Epoch: [21][400/441]	L_Src_Sup 2.6448e-01 (1.9894e-01)	L_Trg_Inj 2.2291e-01 (3.0355e-01)	Loss Disc 6.8249e-01 (6.8063e-01)	Loss Pred 4.2665e-01 (4.4320e-01)	Loss TOTAL 8.5821e-01 (8.3907e-01)
Epoch: [21][410/441]	L_Src_Sup 2.1488e-01 (1.9857e-01)	L_Trg_Inj 3.6846e-01 (3.0447e-01)	Loss Disc 6.8065e-01 (6.8058e-01)	Loss Pred 4.2700e-01 (4.4350e-01)	Loss TOTAL 8.2565e-01 (8.3927e-01)
Epoch: [21][420/441]	L_Src_Sup 2.1491e-01 (1.9857e-01)	L_Trg_Inj 2.5441e-01 (3.0434e-01)	Loss Disc 6.8332e-01 (6.8057e-01)	Loss Pred 4.4664e-01 (4.4362e-01)	Loss TOTAL 8.3523e-01 (8.3925e-01)
Epoch: [21][430/441]	L_Src_Sup 1.6265e-01 (1.9892e-01)	L_Trg_Inj 3.7135e-01 (3.0448e-01)	Loss Disc 6.8448e-01 (6.8057e-01)	Loss Pred 4.3460e-01 (4.4369e-01)	Loss TOTAL 8.3024e-01 (8.3940e-01)
Epoch: [21][440/441]	L_Src_Sup 1.8647e-01 (1.9886e-01)	L_Trg_Inj 3.8346e-01 (3.0583e-01)	Loss Disc 6.7675e-01 (6.8051e-01)	Loss Pred 4.4602e-01 (4.4374e-01)	Loss TOTAL 8.4139e-01 (8.3944e-01)
Epoch: [21][441/441]	L_Src_Sup 1.6670e-01 (1.9878e-01)	L_Trg_Inj 3.2346e-01 (3.0587e-01)	Loss Disc 6.8117e-01 (6.8051e-01)	Loss Pred 4.5301e-01 (4.4376e-01)	Loss TOTAL 8.4261e-01 (8.3944e-01)
Epoch 21 complete. Saving model state...
Epoch: [22][ 10/441]	L_Src_Sup 2.8115e-01 (1.8574e-01)	L_Trg_Inj 2.7103e-01 (3.3034e-01)	Loss Disc 6.8166e-01 (6.8089e-01)	Loss Pred 4.2694e-01 (4.3219e-01)	Loss TOTAL 8.3311e-01 (8.2526e-01)
Epoch: [22][ 20/441]	L_Src_Sup 2.2850e-01 (1.8003e-01)	L_Trg_Inj 2.6279e-01 (3.1098e-01)	Loss Disc 6.8594e-01 (6.8028e-01)	Loss Pred 4.3447e-01 (4.3938e-01)	Loss TOTAL 8.2657e-01 (8.2936e-01)
Epoch: [22][ 30/441]	L_Src_Sup 1.3335e-01 (1.8845e-01)	L_Trg_Inj 2.8232e-01 (3.0690e-01)	Loss Disc 6.8163e-01 (6.8033e-01)	Loss Pred 4.5370e-01 (4.4325e-01)	Loss TOTAL 8.3608e-01 (8.3344e-01)
Epoch: [22][ 40/441]	L_Src_Sup 1.6951e-01 (1.9360e-01)	L_Trg_Inj 3.3047e-01 (3.0998e-01)	Loss Disc 6.7722e-01 (6.8026e-01)	Loss Pred 4.4581e-01 (4.4319e-01)	Loss TOTAL 8.3441e-01 (8.3558e-01)
Epoch: [22][ 50/441]	L_Src_Sup 1.7094e-01 (1.9616e-01)	L_Trg_Inj 3.7332e-01 (3.1136e-01)	Loss Disc 6.7657e-01 (6.8015e-01)	Loss Pred 4.7265e-01 (4.4249e-01)	Loss TOTAL 8.6536e-01 (8.3543e-01)
Epoch: [22][ 60/441]	L_Src_Sup 1.9543e-01 (2.0227e-01)	L_Trg_Inj 3.5748e-01 (3.0849e-01)	Loss Disc 6.8312e-01 (6.8035e-01)	Loss Pred 4.1396e-01 (4.4321e-01)	Loss TOTAL 8.1081e-01 (8.3857e-01)
Epoch: [22][ 70/441]	L_Src_Sup 2.3341e-01 (2.0197e-01)	L_Trg_Inj 3.2237e-01 (3.0740e-01)	Loss Disc 6.7977e-01 (6.8049e-01)	Loss Pred 4.3312e-01 (4.4187e-01)	Loss TOTAL 8.2858e-01 (8.3789e-01)
Epoch: [22][ 80/441]	L_Src_Sup 1.1659e-01 (2.0050e-01)	L_Trg_Inj 3.4437e-01 (3.0716e-01)	Loss Disc 6.8099e-01 (6.8034e-01)	Loss Pred 4.2677e-01 (4.4216e-01)	Loss TOTAL 8.1336e-01 (8.3854e-01)
Epoch: [22][ 90/441]	L_Src_Sup 1.5142e-01 (2.0190e-01)	L_Trg_Inj 3.8154e-01 (3.0565e-01)	Loss Disc 6.7798e-01 (6.8035e-01)	Loss Pred 4.3940e-01 (4.4197e-01)	Loss TOTAL 8.3169e-01 (8.3844e-01)
Epoch: [22][100/441]	L_Src_Sup 1.5023e-01 (2.0291e-01)	L_Trg_Inj 4.6331e-01 (3.0651e-01)	Loss Disc 6.7851e-01 (6.8023e-01)	Loss Pred 4.3285e-01 (4.4292e-01)	Loss TOTAL 8.3346e-01 (8.3995e-01)
Epoch: [22][110/441]	L_Src_Sup 2.1492e-01 (2.0076e-01)	L_Trg_Inj 3.5373e-01 (3.0866e-01)	Loss Disc 6.8204e-01 (6.8031e-01)	Loss Pred 4.4733e-01 (4.4248e-01)	Loss TOTAL 8.4521e-01 (8.3901e-01)
Epoch: [22][120/441]	L_Src_Sup 9.7583e-02 (1.9835e-01)	L_Trg_Inj 2.5557e-01 (3.0726e-01)	Loss Disc 6.8456e-01 (6.8030e-01)	Loss Pred 4.1394e-01 (4.4255e-01)	Loss TOTAL 7.9153e-01 (8.3825e-01)
Epoch: [22][130/441]	L_Src_Sup 2.4796e-01 (1.9767e-01)	L_Trg_Inj 2.4833e-01 (3.0505e-01)	Loss Disc 6.8214e-01 (6.8029e-01)	Loss Pred 4.2654e-01 (4.4296e-01)	Loss TOTAL 8.1724e-01 (8.3814e-01)
Epoch: [22][140/441]	L_Src_Sup 1.1777e-01 (1.9853e-01)	L_Trg_Inj 3.2267e-01 (3.0268e-01)	Loss Disc 6.7997e-01 (6.8041e-01)	Loss Pred 4.3333e-01 (4.4210e-01)	Loss TOTAL 8.1736e-01 (8.3790e-01)
Epoch: [22][150/441]	L_Src_Sup 1.7894e-01 (1.9915e-01)	L_Trg_Inj 3.6170e-01 (3.0200e-01)	Loss Disc 6.8309e-01 (6.8034e-01)	Loss Pred 4.1537e-01 (4.4283e-01)	Loss TOTAL 8.1098e-01 (8.3822e-01)
Epoch: [22][160/441]	L_Src_Sup 1.2266e-01 (1.9928e-01)	L_Trg_Inj 2.4920e-01 (3.0216e-01)	Loss Disc 6.7844e-01 (6.8027e-01)	Loss Pred 4.4593e-01 (4.4334e-01)	Loss TOTAL 8.2233e-01 (8.3854e-01)
Epoch: [22][170/441]	L_Src_Sup 2.1785e-01 (2.0209e-01)	L_Trg_Inj 2.8363e-01 (3.0178e-01)	Loss Disc 6.8314e-01 (6.8031e-01)	Loss Pred 4.4711e-01 (4.4368e-01)	Loss TOTAL 8.3883e-01 (8.3920e-01)
Epoch: [22][180/441]	L_Src_Sup 2.3066e-01 (2.0279e-01)	L_Trg_Inj 2.9893e-01 (3.0169e-01)	Loss Disc 6.8418e-01 (6.8036e-01)	Loss Pred 4.4116e-01 (4.4362e-01)	Loss TOTAL 8.3621e-01 (8.3972e-01)
Epoch: [22][190/441]	L_Src_Sup 2.9771e-01 (2.0173e-01)	L_Trg_Inj 3.5361e-01 (3.0223e-01)	Loss Disc 6.8086e-01 (6.8038e-01)	Loss Pred 4.2655e-01 (4.4324e-01)	Loss TOTAL 8.3211e-01 (8.3901e-01)
Epoch: [22][200/441]	L_Src_Sup 2.1491e-01 (2.0172e-01)	L_Trg_Inj 2.9646e-01 (3.0137e-01)	Loss Disc 6.8147e-01 (6.8047e-01)	Loss Pred 4.2684e-01 (4.4255e-01)	Loss TOTAL 8.1871e-01 (8.3859e-01)
Epoch: [22][210/441]	L_Src_Sup 2.3339e-01 (2.0183e-01)	L_Trg_Inj 2.5183e-01 (3.0297e-01)	Loss Disc 6.8220e-01 (6.8039e-01)	Loss Pred 4.5307e-01 (4.4303e-01)	Loss TOTAL 8.4269e-01 (8.3894e-01)
Epoch: [22][220/441]	L_Src_Sup 1.4755e-01 (2.0100e-01)	L_Trg_Inj 3.7559e-01 (3.0218e-01)	Loss Disc 6.8167e-01 (6.8045e-01)	Loss Pred 4.2066e-01 (4.4312e-01)	Loss TOTAL 8.1382e-01 (8.3887e-01)
Epoch: [22][230/441]	L_Src_Sup 1.6396e-01 (2.0141e-01)	L_Trg_Inj 3.2348e-01 (3.0237e-01)	Loss Disc 6.8226e-01 (6.8044e-01)	Loss Pred 4.2038e-01 (4.4298e-01)	Loss TOTAL 8.1025e-01 (8.3864e-01)
Epoch: [22][240/441]	L_Src_Sup 1.4527e-01 (2.0241e-01)	L_Trg_Inj 3.4677e-01 (3.0205e-01)	Loss Disc 6.8446e-01 (6.8049e-01)	Loss Pred 4.0733e-01 (4.4250e-01)	Loss TOTAL 7.9876e-01 (8.3874e-01)
Epoch: [22][250/441]	L_Src_Sup 1.5981e-01 (2.0329e-01)	L_Trg_Inj 3.8352e-01 (3.0119e-01)	Loss Disc 6.8170e-01 (6.8057e-01)	Loss Pred 4.2059e-01 (4.4209e-01)	Loss TOTAL 8.1577e-01 (8.3869e-01)
Epoch: [22][260/441]	L_Src_Sup 2.7121e-01 (2.0360e-01)	L_Trg_Inj 2.4777e-01 (3.0094e-01)	Loss Disc 6.7854e-01 (6.8056e-01)	Loss Pred 4.4580e-01 (4.4208e-01)	Loss TOTAL 8.6041e-01 (8.3914e-01)
Epoch: [22][270/441]	L_Src_Sup 3.7778e-01 (2.0456e-01)	L_Trg_Inj 4.0562e-01 (3.0105e-01)	Loss Disc 6.7784e-01 (6.8054e-01)	Loss Pred 4.6578e-01 (4.4239e-01)	Loss TOTAL 8.8303e-01 (8.3973e-01)
Epoch: [22][280/441]	L_Src_Sup 2.3144e-01 (2.0402e-01)	L_Trg_Inj 2.7030e-01 (3.0146e-01)	Loss Disc 6.8338e-01 (6.8058e-01)	Loss Pred 4.4669e-01 (4.4246e-01)	Loss TOTAL 8.3856e-01 (8.3957e-01)
Epoch: [22][290/441]	L_Src_Sup 1.6409e-01 (2.0367e-01)	L_Trg_Inj 3.8184e-01 (3.0126e-01)	Loss Disc 6.8161e-01 (6.8063e-01)	Loss Pred 4.2037e-01 (4.4206e-01)	Loss TOTAL 8.1577e-01 (8.3892e-01)
Epoch: [22][300/441]	L_Src_Sup 1.8821e-01 (2.0345e-01)	L_Trg_Inj 4.1364e-01 (3.0140e-01)	Loss Disc 6.7613e-01 (6.8064e-01)	Loss Pred 4.4624e-01 (4.4199e-01)	Loss TOTAL 8.4449e-01 (8.3908e-01)
Epoch: [22][310/441]	L_Src_Sup 2.0673e-01 (2.0328e-01)	L_Trg_Inj 3.4834e-01 (3.0010e-01)	Loss Disc 6.7582e-01 (6.8069e-01)	Loss Pred 4.5230e-01 (4.4169e-01)	Loss TOTAL 8.4572e-01 (8.3877e-01)
Epoch: [22][320/441]	L_Src_Sup 1.5007e-01 (2.0283e-01)	L_Trg_Inj 2.7969e-01 (2.9937e-01)	Loss Disc 6.8170e-01 (6.8066e-01)	Loss Pred 4.5359e-01 (4.4204e-01)	Loss TOTAL 8.3742e-01 (8.3879e-01)
Epoch: [22][330/441]	L_Src_Sup 2.2339e-01 (2.0324e-01)	L_Trg_Inj 3.4197e-01 (2.9842e-01)	Loss Disc 6.7706e-01 (6.8065e-01)	Loss Pred 4.9909e-01 (4.4201e-01)	Loss TOTAL 8.9416e-01 (8.3874e-01)
Epoch: [22][340/441]	L_Src_Sup 2.0871e-01 (2.0317e-01)	L_Trg_Inj 2.9852e-01 (2.9810e-01)	Loss Disc 6.7488e-01 (6.8061e-01)	Loss Pred 4.8530e-01 (4.4250e-01)	Loss TOTAL 8.7346e-01 (8.3899e-01)
Epoch: [22][350/441]	L_Src_Sup 2.5425e-01 (2.0296e-01)	L_Trg_Inj 1.9151e-01 (2.9790e-01)	Loss Disc 6.7905e-01 (6.8059e-01)	Loss Pred 4.4585e-01 (4.4262e-01)	Loss TOTAL 8.9269e-01 (8.3919e-01)
Epoch: [22][360/441]	L_Src_Sup 1.3334e-01 (2.0256e-01)	L_Trg_Inj 2.7131e-01 (2.9842e-01)	Loss Disc 6.8019e-01 (6.8055e-01)	Loss Pred 4.3333e-01 (4.4275e-01)	Loss TOTAL 8.1389e-01 (8.3914e-01)
Epoch: [22][370/441]	L_Src_Sup 1.9128e-01 (2.0300e-01)	L_Trg_Inj 2.8578e-01 (2.9757e-01)	Loss Disc 6.7787e-01 (6.8055e-01)	Loss Pred 5.2593e-01 (4.4299e-01)	Loss TOTAL 9.1257e-01 (8.3967e-01)
Epoch: [22][380/441]	L_Src_Sup 1.7094e-01 (2.0340e-01)	L_Trg_Inj 2.0026e-01 (2.9731e-01)	Loss Disc 6.7925e-01 (6.8059e-01)	Loss Pred 4.7217e-01 (4.4297e-01)	Loss TOTAL 8.4891e-01 (8.3959e-01)
Epoch: [22][390/441]	L_Src_Sup 2.1141e-01 (2.0332e-01)	L_Trg_Inj 3.3634e-01 (2.9721e-01)	Loss Disc 6.8486e-01 (6.8060e-01)	Loss Pred 4.3430e-01 (4.4296e-01)	Loss TOTAL 8.3151e-01 (8.3945e-01)
Epoch: [22][400/441]	L_Src_Sup 2.0530e-01 (2.0290e-01)	L_Trg_Inj 2.8561e-01 (2.9688e-01)	Loss Disc 6.7651e-01 (6.8057e-01)	Loss Pred 4.5265e-01 (4.4307e-01)	Loss TOTAL 8.4000e-01 (8.3936e-01)
Epoch: [22][410/441]	L_Src_Sup 2.9277e-01 (2.0283e-01)	L_Trg_Inj 3.0546e-01 (2.9590e-01)	Loss Disc 6.8688e-01 (6.8059e-01)	Loss Pred 4.5519e-01 (4.4301e-01)	Loss TOTAL 8.5845e-01 (8.3919e-01)
Epoch: [22][420/441]	L_Src_Sup 2.1493e-01 (2.0199e-01)	L_Trg_Inj 3.3799e-01 (2.9632e-01)	Loss Disc 6.8195e-01 (6.8060e-01)	Loss Pred 4.4734e-01 (4.4320e-01)	Loss TOTAL 8.4361e-01 (8.3919e-01)
Epoch: [22][430/441]	L_Src_Sup 1.2072e-01 (2.0261e-01)	L_Trg_Inj 3.7138e-01 (2.9638e-01)	Loss Disc 6.7410e-01 (6.8058e-01)	Loss Pred 4.5805e-01 (4.4349e-01)	Loss TOTAL 8.4431e-01 (8.3993e-01)
Epoch: [22][440/441]	L_Src_Sup 1.6809e-01 (2.0239e-01)	L_Trg_Inj 2.4071e-01 (2.9614e-01)	Loss Disc 6.7976e-01 (6.8057e-01)	Loss Pred 4.3933e-01 (4.4358e-01)	Loss TOTAL 8.2009e-01 (8.3999e-01)
Epoch: [22][441/441]	L_Src_Sup 1.4754e-01 (2.0227e-01)	L_Trg_Inj 2.3776e-01 (2.9601e-01)	Loss Disc 6.8352e-01 (6.8058e-01)	Loss Pred 4.2063e-01 (4.4353e-01)	Loss TOTAL 8.0092e-01 (8.3990e-01)
Epoch 22 complete. Saving model state...
Epoch: [23][ 10/441]	L_Src_Sup 2.3300e-01 (2.1512e-01)	L_Trg_Inj 2.4916e-01 (2.7603e-01)	Loss Disc 6.8331e-01 (6.8011e-01)	Loss Pred 4.4659e-01 (4.5567e-01)	Loss TOTAL 8.3647e-01 (8.5023e-01)
Epoch: [23][ 20/441]	L_Src_Sup 2.1492e-01 (2.0587e-01)	L_Trg_Inj 1.9978e-01 (2.7580e-01)	Loss Disc 6.8272e-01 (6.8061e-01)	Loss Pred 4.2694e-01 (4.4915e-01)	Loss TOTAL 8.2491e-01 (8.4107e-01)
Epoch: [23][ 30/441]	L_Src_Sup 2.5807e-01 (2.0116e-01)	L_Trg_Inj 2.5476e-01 (2.6958e-01)	Loss Disc 6.8547e-01 (6.8018e-01)	Loss Pred 4.0783e-01 (4.4748e-01)	Loss TOTAL 8.0516e-01 (8.3705e-01)
Epoch: [23][ 40/441]	L_Src_Sup 2.7664e-01 (2.0379e-01)	L_Trg_Inj 3.5335e-01 (2.7449e-01)	Loss Disc 6.8341e-01 (6.8027e-01)	Loss Pred 4.1419e-01 (4.4824e-01)	Loss TOTAL 8.1890e-01 (8.3823e-01)
Epoch: [23][ 50/441]	L_Src_Sup 1.5144e-01 (2.0501e-01)	L_Trg_Inj 2.7892e-01 (2.8203e-01)	Loss Disc 6.8029e-01 (6.8051e-01)	Loss Pred 4.5990e-01 (4.4566e-01)	Loss TOTAL 8.4308e-01 (8.3763e-01)
Epoch: [23][ 60/441]	L_Src_Sup 2.1851e-01 (2.0312e-01)	L_Trg_Inj 3.3409e-01 (2.8024e-01)	Loss Disc 6.7987e-01 (6.8055e-01)	Loss Pred 4.6013e-01 (4.4613e-01)	Loss TOTAL 8.5532e-01 (8.4006e-01)
Epoch: [23][ 70/441]	L_Src_Sup 1.5260e-01 (2.0128e-01)	L_Trg_Inj 2.6014e-01 (2.8474e-01)	Loss Disc 6.7871e-01 (6.8054e-01)	Loss Pred 4.4570e-01 (4.4514e-01)	Loss TOTAL 8.2633e-01 (8.3953e-01)
Epoch: [23][ 80/441]	L_Src_Sup 1.4737e-01 (1.9921e-01)	L_Trg_Inj 2.6962e-01 (2.8244e-01)	Loss Disc 6.8324e-01 (6.8066e-01)	Loss Pred 4.2074e-01 (4.4549e-01)	Loss TOTAL 8.0406e-01 (8.3900e-01)
Epoch: [23][ 90/441]	L_Src_Sup 3.3345e-01 (2.0391e-01)	L_Trg_Inj 3.0469e-01 (2.8444e-01)	Loss Disc 6.8002e-01 (6.8059e-01)	Loss Pred 4.3371e-01 (4.4604e-01)	Loss TOTAL 8.6629e-01 (8.3995e-01)
Epoch: [23][100/441]	L_Src_Sup 2.2995e-01 (2.0667e-01)	L_Trg_Inj 3.0642e-01 (2.8878e-01)	Loss Disc 6.8264e-01 (6.8066e-01)	Loss Pred 4.2075e-01 (4.4639e-01)	Loss TOTAL 8.1571e-01 (8.4100e-01)
Epoch: [23][110/441]	L_Src_Sup 1.5790e-01 (2.0842e-01)	L_Trg_Inj 3.4605e-01 (2.9089e-01)	Loss Disc 6.7360e-01 (6.8035e-01)	Loss Pred 4.9948e-01 (4.4774e-01)	Loss TOTAL 8.8668e-01 (8.4283e-01)
Epoch: [23][120/441]	L_Src_Sup 2.5433e-01 (2.0728e-01)	L_Trg_Inj 2.3886e-01 (2.9081e-01)	Loss Disc 6.8107e-01 (6.8054e-01)	Loss Pred 4.8710e-01 (4.4668e-01)	Loss TOTAL 8.9242e-01 (8.4197e-01)
Epoch: [23][130/441]	L_Src_Sup 1.8673e-01 (2.0784e-01)	L_Trg_Inj 3.4592e-01 (2.9310e-01)	Loss Disc 6.7718e-01 (6.8056e-01)	Loss Pred 4.4571e-01 (4.4580e-01)	Loss TOTAL 8.3756e-01 (8.4174e-01)
Epoch: [23][140/441]	L_Src_Sup 2.6893e-01 (2.0769e-01)	L_Trg_Inj 1.9026e-01 (2.9271e-01)	Loss Disc 6.8057e-01 (6.8072e-01)	Loss Pred 4.3938e-01 (4.4503e-01)	Loss TOTAL 9.0425e-01 (8.4116e-01)
Epoch: [23][150/441]	L_Src_Sup 1.8411e-01 (2.0552e-01)	L_Trg_Inj 4.2309e-01 (2.9447e-01)	Loss Disc 6.8036e-01 (6.8057e-01)	Loss Pred 4.2648e-01 (4.4514e-01)	Loss TOTAL 8.2738e-01 (8.4112e-01)
Epoch: [23][160/441]	L_Src_Sup 2.8815e-01 (2.0510e-01)	L_Trg_Inj 3.4755e-01 (2.9326e-01)	Loss Disc 6.7731e-01 (6.8058e-01)	Loss Pred 4.4591e-01 (4.4472e-01)	Loss TOTAL 8.4814e-01 (8.4044e-01)
Epoch: [23][170/441]	L_Src_Sup 2.0692e-01 (2.0384e-01)	L_Trg_Inj 2.9636e-01 (2.9525e-01)	Loss Disc 6.7540e-01 (6.8048e-01)	Loss Pred 4.5819e-01 (4.4500e-01)	Loss TOTAL 8.4622e-01 (8.4041e-01)
Epoch: [23][180/441]	L_Src_Sup 1.5060e-01 (2.0299e-01)	L_Trg_Inj 2.4763e-01 (2.9477e-01)	Loss Disc 6.8210e-01 (6.8051e-01)	Loss Pred 4.5266e-01 (4.4489e-01)	Loss TOTAL 8.3353e-01 (8.4024e-01)
Epoch: [23][190/441]	L_Src_Sup 2.1512e-01 (2.0294e-01)	L_Trg_Inj 2.3160e-01 (2.9522e-01)	Loss Disc 6.8497e-01 (6.8048e-01)	Loss Pred 4.3945e-01 (4.4507e-01)	Loss TOTAL 8.2661e-01 (8.4016e-01)
Epoch: [23][200/441]	L_Src_Sup 2.1154e-01 (2.0303e-01)	L_Trg_Inj 2.3606e-01 (2.9457e-01)	Loss Disc 6.8481e-01 (6.8058e-01)	Loss Pred 4.1351e-01 (4.4459e-01)	Loss TOTAL 8.0068e-01 (8.3988e-01)
Epoch: [23][210/441]	L_Src_Sup 1.5013e-01 (2.0371e-01)	L_Trg_Inj 3.4963e-01 (2.9400e-01)	Loss Disc 6.7979e-01 (6.8067e-01)	Loss Pred 4.3269e-01 (4.4453e-01)	Loss TOTAL 8.2256e-01 (8.3963e-01)
Epoch: [23][220/441]	L_Src_Sup 1.8496e-01 (2.0279e-01)	L_Trg_Inj 2.9075e-01 (2.9583e-01)	Loss Disc 6.7913e-01 (6.8057e-01)	Loss Pred 4.3948e-01 (4.4439e-01)	Loss TOTAL 8.2662e-01 (8.3931e-01)
Epoch: [23][230/441]	L_Src_Sup 1.4026e-01 (2.0312e-01)	L_Trg_Inj 2.2718e-01 (2.9451e-01)	Loss Disc 6.7722e-01 (6.8061e-01)	Loss Pred 4.5187e-01 (4.4500e-01)	Loss TOTAL 8.2722e-01 (8.3988e-01)
Epoch: [23][240/441]	L_Src_Sup 1.0900e-01 (2.0274e-01)	L_Trg_Inj 2.2542e-01 (2.9418e-01)	Loss Disc 6.8237e-01 (6.8067e-01)	Loss Pred 4.2052e-01 (4.4452e-01)	Loss TOTAL 7.9515e-01 (8.3917e-01)
Epoch: [23][250/441]	L_Src_Sup 1.7043e-01 (2.0307e-01)	L_Trg_Inj 2.6854e-01 (2.9444e-01)	Loss Disc 6.7809e-01 (6.8065e-01)	Loss Pred 4.4586e-01 (4.4429e-01)	Loss TOTAL 8.2880e-01 (8.3909e-01)
Epoch: [23][260/441]	L_Src_Sup 2.1849e-01 (2.0323e-01)	L_Trg_Inj 2.9603e-01 (2.9441e-01)	Loss Disc 6.7886e-01 (6.8059e-01)	Loss Pred 4.3961e-01 (4.4442e-01)	Loss TOTAL 8.3049e-01 (8.3920e-01)
Epoch: [23][270/441]	L_Src_Sup 2.3143e-01 (2.0313e-01)	L_Trg_Inj 3.2697e-01 (2.9525e-01)	Loss Disc 6.8479e-01 (6.8052e-01)	Loss Pred 4.8777e-01 (4.4510e-01)	Loss TOTAL 8.8601e-01 (8.3974e-01)
Epoch: [23][280/441]	L_Src_Sup 2.3144e-01 (2.0430e-01)	L_Trg_Inj 3.7157e-01 (2.9483e-01)	Loss Disc 6.8557e-01 (6.8057e-01)	Loss Pred 5.0818e-01 (4.4502e-01)	Loss TOTAL 9.1126e-01 (8.4043e-01)
Epoch: [23][290/441]	L_Src_Sup 1.0250e-01 (2.0361e-01)	L_Trg_Inj 2.9124e-01 (2.9428e-01)	Loss Disc 6.7770e-01 (6.8057e-01)	Loss Pred 4.7264e-01 (4.4486e-01)	Loss TOTAL 8.5086e-01 (8.4033e-01)
Epoch: [23][300/441]	L_Src_Sup 1.4799e-01 (2.0362e-01)	L_Trg_Inj 2.9289e-01 (2.9467e-01)	Loss Disc 6.8464e-01 (6.8061e-01)	Loss Pred 4.4080e-01 (4.4475e-01)	Loss TOTAL 8.2721e-01 (8.4021e-01)
Epoch: [23][310/441]	L_Src_Sup 1.5384e-01 (2.0315e-01)	L_Trg_Inj 3.3202e-01 (2.9566e-01)	Loss Disc 6.7744e-01 (6.8056e-01)	Loss Pred 4.7273e-01 (4.4496e-01)	Loss TOTAL 8.6003e-01 (8.4027e-01)
Epoch: [23][320/441]	L_Src_Sup 2.5000e-01 (2.0293e-01)	L_Trg_Inj 3.7825e-01 (2.9672e-01)	Loss Disc 6.7886e-01 (6.8052e-01)	Loss Pred 4.3347e-01 (4.4482e-01)	Loss TOTAL 8.3572e-01 (8.4009e-01)
Epoch: [23][330/441]	L_Src_Sup 2.1662e-01 (2.0247e-01)	L_Trg_Inj 2.1275e-01 (2.9698e-01)	Loss Disc 6.8029e-01 (6.8049e-01)	Loss Pred 4.3751e-01 (4.4487e-01)	Loss TOTAL 8.2447e-01 (8.4013e-01)
Epoch: [23][340/441]	L_Src_Sup 1.5389e-01 (2.0297e-01)	L_Trg_Inj 2.4437e-01 (2.9758e-01)	Loss Disc 6.7639e-01 (6.8051e-01)	Loss Pred 4.5653e-01 (4.4472e-01)	Loss TOTAL 8.3455e-01 (8.4028e-01)
Epoch: [23][350/441]	L_Src_Sup 1.9836e-01 (2.0262e-01)	L_Trg_Inj 3.6893e-01 (2.9763e-01)	Loss Disc 6.8042e-01 (6.8050e-01)	Loss Pred 4.2678e-01 (4.4448e-01)	Loss TOTAL 8.2372e-01 (8.3994e-01)
Epoch: [23][360/441]	L_Src_Sup 2.2765e-01 (2.0365e-01)	L_Trg_Inj 3.8540e-01 (2.9819e-01)	Loss Disc 6.8278e-01 (6.8047e-01)	Loss Pred 4.1397e-01 (4.4431e-01)	Loss TOTAL 8.1666e-01 (8.3984e-01)
Epoch: [23][370/441]	L_Src_Sup 2.9034e-01 (2.0377e-01)	L_Trg_Inj 2.8831e-01 (2.9870e-01)	Loss Disc 6.8509e-01 (6.8048e-01)	Loss Pred 4.0789e-01 (4.4394e-01)	Loss TOTAL 8.1034e-01 (8.3940e-01)
Epoch: [23][380/441]	L_Src_Sup 2.6669e-01 (2.0432e-01)	L_Trg_Inj 3.5235e-01 (2.9884e-01)	Loss Disc 6.8028e-01 (6.8045e-01)	Loss Pred 4.5355e-01 (4.4409e-01)	Loss TOTAL 8.5559e-01 (8.3983e-01)
Epoch: [23][390/441]	L_Src_Sup 1.8335e-01 (2.0425e-01)	L_Trg_Inj 3.9803e-01 (2.9900e-01)	Loss Disc 6.7880e-01 (6.8046e-01)	Loss Pred 4.3271e-01 (4.4403e-01)	Loss TOTAL 8.3025e-01 (8.3983e-01)
Epoch: [23][400/441]	L_Src_Sup 1.5179e-01 (2.0415e-01)	L_Trg_Inj 2.9434e-01 (2.9837e-01)	Loss Disc 6.8034e-01 (6.8048e-01)	Loss Pred 4.5945e-01 (4.4414e-01)	Loss TOTAL 8.4424e-01 (8.4028e-01)
Epoch: [23][410/441]	L_Src_Sup 2.6765e-01 (2.0416e-01)	L_Trg_Inj 3.4717e-01 (2.9867e-01)	Loss Disc 6.8077e-01 (6.8051e-01)	Loss Pred 4.5342e-01 (4.4409e-01)	Loss TOTAL 8.5529e-01 (8.4014e-01)
Epoch: [23][420/441]	L_Src_Sup 2.0971e-01 (2.0379e-01)	L_Trg_Inj 3.3753e-01 (2.9849e-01)	Loss Disc 6.8447e-01 (6.8057e-01)	Loss Pred 4.0801e-01 (4.4373e-01)	Loss TOTAL 8.0497e-01 (8.3963e-01)
Epoch: [23][430/441]	L_Src_Sup 2.5015e-01 (2.0376e-01)	L_Trg_Inj 4.0654e-01 (2.9977e-01)	Loss Disc 6.7816e-01 (6.8052e-01)	Loss Pred 4.3292e-01 (4.4365e-01)	Loss TOTAL 8.3767e-01 (8.3974e-01)
Epoch: [23][440/441]	L_Src_Sup 3.0473e-01 (2.0396e-01)	L_Trg_Inj 2.5402e-01 (2.9972e-01)	Loss Disc 6.8959e-01 (6.8053e-01)	Loss Pred 4.4191e-01 (4.4364e-01)	Loss TOTAL 8.9329e-01 (8.3981e-01)
Epoch: [23][441/441]	L_Src_Sup 1.6989e-01 (2.0388e-01)	L_Trg_Inj 2.6029e-01 (2.9963e-01)	Loss Disc 6.7830e-01 (6.8053e-01)	Loss Pred 4.4554e-01 (4.4365e-01)	Loss TOTAL 8.2771e-01 (8.3978e-01)
Epoch 23 complete. Saving model state...
Epoch: [24][ 10/441]	L_Src_Sup 2.5600e-01 (1.9744e-01)	L_Trg_Inj 2.4606e-01 (2.9198e-01)	Loss Disc 6.8732e-01 (6.8151e-01)	Loss Pred 4.0094e-01 (4.3005e-01)	Loss TOTAL 8.0476e-01 (8.2074e-01)
Epoch: [24][ 20/441]	L_Src_Sup 8.4116e-02 (1.8256e-01)	L_Trg_Inj 3.0663e-01 (3.0892e-01)	Loss Disc 6.8142e-01 (6.8122e-01)	Loss Pred 4.8018e-01 (4.3440e-01)	Loss TOTAL 8.5996e-01 (8.2516e-01)
Epoch: [24][ 30/441]	L_Src_Sup 2.2224e-01 (1.8867e-01)	L_Trg_Inj 2.5149e-01 (3.0844e-01)	Loss Disc 6.7743e-01 (6.8109e-01)	Loss Pred 4.5162e-01 (4.3821e-01)	Loss TOTAL 8.3771e-01 (8.2913e-01)
Epoch: [24][ 40/441]	L_Src_Sup 3.3610e-01 (1.9952e-01)	L_Trg_Inj 3.1810e-01 (3.0391e-01)	Loss Disc 6.8624e-01 (6.8128e-01)	Loss Pred 4.0109e-01 (4.3969e-01)	Loss TOTAL 8.2763e-01 (8.3215e-01)
Epoch: [24][ 50/441]	L_Src_Sup 2.4592e-01 (1.9625e-01)	L_Trg_Inj 2.6739e-01 (3.0651e-01)	Loss Disc 6.8335e-01 (6.8151e-01)	Loss Pred 4.2056e-01 (4.3931e-01)	Loss TOTAL 8.1357e-01 (8.3152e-01)
Epoch: [24][ 60/441]	L_Src_Sup 1.4761e-01 (1.9773e-01)	L_Trg_Inj 2.7603e-01 (3.0295e-01)	Loss Disc 6.8312e-01 (6.8124e-01)	Loss Pred 4.1980e-01 (4.3969e-01)	Loss TOTAL 8.0372e-01 (8.3146e-01)
Epoch: [24][ 70/441]	L_Src_Sup 2.1244e-01 (1.9900e-01)	L_Trg_Inj 4.0382e-01 (3.0656e-01)	Loss Disc 6.7088e-01 (6.8096e-01)	Loss Pred 4.9812e-01 (4.4151e-01)	Loss TOTAL 8.9518e-01 (8.3359e-01)
Epoch: [24][ 80/441]	L_Src_Sup 1.7751e-01 (1.9917e-01)	L_Trg_Inj 2.1269e-01 (3.0723e-01)	Loss Disc 6.8642e-01 (6.8070e-01)	Loss Pred 4.0757e-01 (4.4210e-01)	Loss TOTAL 7.8980e-01 (8.3444e-01)
Epoch: [24][ 90/441]	L_Src_Sup 2.4220e-01 (1.9694e-01)	L_Trg_Inj 3.0985e-01 (3.0588e-01)	Loss Disc 6.8627e-01 (6.8069e-01)	Loss Pred 4.2766e-01 (4.4325e-01)	Loss TOTAL 8.2601e-01 (8.3537e-01)
Epoch: [24][100/441]	L_Src_Sup 1.7244e-01 (1.9689e-01)	L_Trg_Inj 3.7587e-01 (3.0474e-01)	Loss Disc 6.7645e-01 (6.8055e-01)	Loss Pred 4.9942e-01 (4.4428e-01)	Loss TOTAL 8.9247e-01 (8.3674e-01)
Epoch: [24][110/441]	L_Src_Sup 3.0974e-01 (1.9741e-01)	L_Trg_Inj 3.6320e-01 (3.0619e-01)	Loss Disc 6.8453e-01 (6.8060e-01)	Loss Pred 4.3411e-01 (4.4418e-01)	Loss TOTAL 8.4367e-01 (8.3733e-01)
Epoch: [24][120/441]	L_Src_Sup 2.0173e-01 (1.9720e-01)	L_Trg_Inj 2.0181e-01 (3.0516e-01)	Loss Disc 6.8154e-01 (6.8059e-01)	Loss Pred 4.5989e-01 (4.4360e-01)	Loss TOTAL 8.4101e-01 (8.3641e-01)
Epoch: [24][130/441]	L_Src_Sup 2.7127e-01 (1.9897e-01)	L_Trg_Inj 3.0666e-01 (3.0304e-01)	Loss Disc 6.7871e-01 (6.8042e-01)	Loss Pred 4.6638e-01 (4.4409e-01)	Loss TOTAL 8.6352e-01 (8.3799e-01)
Epoch: [24][140/441]	L_Src_Sup 2.3532e-01 (1.9759e-01)	L_Trg_Inj 3.2177e-01 (3.0290e-01)	Loss Disc 6.7951e-01 (6.8048e-01)	Loss Pred 4.6003e-01 (4.4460e-01)	Loss TOTAL 8.5550e-01 (8.3813e-01)
Epoch: [24][150/441]	L_Src_Sup 2.1674e-01 (1.9825e-01)	L_Trg_Inj 2.6155e-01 (3.0147e-01)	Loss Disc 6.8057e-01 (6.8054e-01)	Loss Pred 4.3287e-01 (4.4401e-01)	Loss TOTAL 8.2098e-01 (8.3799e-01)
Epoch: [24][160/441]	L_Src_Sup 2.1249e-01 (1.9792e-01)	L_Trg_Inj 3.0650e-01 (2.9984e-01)	Loss Disc 6.7231e-01 (6.8058e-01)	Loss Pred 4.9791e-01 (4.4343e-01)	Loss TOTAL 8.8597e-01 (8.3742e-01)
Epoch: [24][170/441]	L_Src_Sup 1.5542e-01 (1.9803e-01)	L_Trg_Inj 3.7172e-01 (2.9944e-01)	Loss Disc 6.8013e-01 (6.8063e-01)	Loss Pred 4.8021e-01 (4.4295e-01)	Loss TOTAL 8.7299e-01 (8.3710e-01)
Epoch: [24][180/441]	L_Src_Sup 1.5334e-01 (1.9831e-01)	L_Trg_Inj 3.4804e-01 (2.9824e-01)	Loss Disc 6.8627e-01 (6.8058e-01)	Loss Pred 4.3174e-01 (4.4321e-01)	Loss TOTAL 8.2501e-01 (8.3738e-01)
Epoch: [24][190/441]	L_Src_Sup 1.9393e-01 (1.9947e-01)	L_Trg_Inj 2.6412e-01 (2.9771e-01)	Loss Disc 6.8458e-01 (6.8061e-01)	Loss Pred 4.1400e-01 (4.4294e-01)	Loss TOTAL 8.0209e-01 (8.3756e-01)
Epoch: [24][200/441]	L_Src_Sup 2.9313e-01 (1.9849e-01)	L_Trg_Inj 2.6977e-01 (2.9730e-01)	Loss Disc 6.7551e-01 (6.8058e-01)	Loss Pred 4.5832e-01 (4.4320e-01)	Loss TOTAL 8.7573e-01 (8.3756e-01)
Epoch: [24][210/441]	L_Src_Sup 2.1139e-01 (1.9863e-01)	L_Trg_Inj 2.3595e-01 (2.9832e-01)	Loss Disc 6.8502e-01 (6.8057e-01)	Loss Pred 4.1432e-01 (4.4303e-01)	Loss TOTAL 8.0157e-01 (8.3729e-01)
Epoch: [24][220/441]	L_Src_Sup 1.7095e-01 (1.9924e-01)	L_Trg_Inj 2.7325e-01 (2.9788e-01)	Loss Disc 6.7684e-01 (6.8058e-01)	Loss Pred 4.5178e-01 (4.4311e-01)	Loss TOTAL 8.3462e-01 (8.3722e-01)
Epoch: [24][230/441]	L_Src_Sup 2.0973e-01 (1.9862e-01)	L_Trg_Inj 3.0759e-01 (2.9842e-01)	Loss Disc 6.8584e-01 (6.8060e-01)	Loss Pred 4.2796e-01 (4.4317e-01)	Loss TOTAL 8.2261e-01 (8.3711e-01)
Epoch: [24][240/441]	L_Src_Sup 1.3309e-01 (1.9786e-01)	L_Trg_Inj 1.6767e-01 (2.9593e-01)	Loss Disc 6.8570e-01 (6.8062e-01)	Loss Pred 4.0744e-01 (4.4302e-01)	Loss TOTAL 7.8036e-01 (8.3648e-01)
Epoch: [24][250/441]	L_Src_Sup 1.6507e-01 (1.9915e-01)	L_Trg_Inj 3.9161e-01 (2.9459e-01)	Loss Disc 6.8183e-01 (6.8069e-01)	Loss Pred 4.2025e-01 (4.4295e-01)	Loss TOTAL 8.1683e-01 (8.3723e-01)
Epoch: [24][260/441]	L_Src_Sup 2.3173e-01 (1.9912e-01)	L_Trg_Inj 3.3922e-01 (2.9544e-01)	Loss Disc 6.8077e-01 (6.8073e-01)	Loss Pred 4.2661e-01 (4.4277e-01)	Loss TOTAL 8.2409e-01 (8.3698e-01)
Epoch: [24][270/441]	L_Src_Sup 1.7742e-01 (1.9926e-01)	L_Trg_Inj 2.7602e-01 (2.9520e-01)	Loss Disc 6.8567e-01 (6.8073e-01)	Loss Pred 4.0803e-01 (4.4312e-01)	Loss TOTAL 7.9621e-01 (8.3730e-01)
Epoch: [24][280/441]	L_Src_Sup 1.5385e-01 (1.9939e-01)	L_Trg_Inj 2.5673e-01 (2.9551e-01)	Loss Disc 6.7691e-01 (6.8067e-01)	Loss Pred 4.5224e-01 (4.4297e-01)	Loss TOTAL 8.3175e-01 (8.3700e-01)
Epoch: [24][290/441]	L_Src_Sup 1.6394e-01 (1.9955e-01)	L_Trg_Inj 2.7220e-01 (2.9551e-01)	Loss Disc 6.8312e-01 (6.8069e-01)	Loss Pred 4.2089e-01 (4.4301e-01)	Loss TOTAL 8.0606e-01 (8.3716e-01)
Epoch: [24][300/441]	L_Src_Sup 1.0346e-01 (1.9942e-01)	L_Trg_Inj 2.5260e-01 (2.9484e-01)	Loss Disc 6.7559e-01 (6.8067e-01)	Loss Pred 4.5809e-01 (4.4301e-01)	Loss TOTAL 8.3149e-01 (8.3692e-01)
Epoch: [24][310/441]	L_Src_Sup 1.6653e-01 (1.9907e-01)	L_Trg_Inj 2.2985e-01 (2.9377e-01)	Loss Disc 6.8387e-01 (6.8067e-01)	Loss Pred 4.4078e-01 (4.4299e-01)	Loss TOTAL 8.2236e-01 (8.3663e-01)
Epoch: [24][320/441]	L_Src_Sup 1.6811e-01 (1.9985e-01)	L_Trg_Inj 2.3999e-01 (2.9290e-01)	Loss Disc 6.7991e-01 (6.8063e-01)	Loss Pred 4.3931e-01 (4.4309e-01)	Loss TOTAL 8.2008e-01 (8.3722e-01)
Epoch: [24][330/441]	L_Src_Sup 2.2223e-01 (2.0013e-01)	L_Trg_Inj 2.3196e-01 (2.9373e-01)	Loss Disc 6.7802e-01 (6.8060e-01)	Loss Pred 4.5192e-01 (4.4331e-01)	Loss TOTAL 8.3635e-01 (8.3740e-01)
Epoch: [24][340/441]	L_Src_Sup 2.2301e-01 (2.0035e-01)	L_Trg_Inj 4.0225e-01 (2.9504e-01)	Loss Disc 6.7432e-01 (6.8057e-01)	Loss Pred 4.5191e-01 (4.4322e-01)	Loss TOTAL 8.5159e-01 (8.3732e-01)
Epoch: [24][350/441]	L_Src_Sup 1.8645e-01 (2.0058e-01)	L_Trg_Inj 3.0813e-01 (2.9487e-01)	Loss Disc 6.7996e-01 (6.8056e-01)	Loss Pred 4.8619e-01 (4.4358e-01)	Loss TOTAL 8.7563e-01 (8.3770e-01)
Epoch: [24][360/441]	L_Src_Sup 1.8334e-01 (2.0004e-01)	L_Trg_Inj 2.0672e-01 (2.9386e-01)	Loss Disc 6.8118e-01 (6.8054e-01)	Loss Pred 4.3297e-01 (4.4375e-01)	Loss TOTAL 8.1257e-01 (8.3759e-01)
Epoch: [24][370/441]	L_Src_Sup 1.1865e-01 (2.0034e-01)	L_Trg_Inj 1.8935e-01 (2.9357e-01)	Loss Disc 6.8106e-01 (6.8056e-01)	Loss Pred 4.6649e-01 (4.4407e-01)	Loss TOTAL 8.3782e-01 (8.3809e-01)
Epoch: [24][380/441]	L_Src_Sup 2.4451e-01 (2.0029e-01)	L_Trg_Inj 3.3888e-01 (2.9474e-01)	Loss Disc 6.7528e-01 (6.8051e-01)	Loss Pred 4.5176e-01 (4.4426e-01)	Loss TOTAL 8.4774e-01 (8.3826e-01)
Epoch: [24][390/441]	L_Src_Sup 2.4197e-01 (2.0128e-01)	L_Trg_Inj 2.9627e-01 (2.9503e-01)	Loss Disc 6.8483e-01 (6.8054e-01)	Loss Pred 4.0750e-01 (4.4396e-01)	Loss TOTAL 8.0374e-01 (8.3809e-01)
Epoch: [24][400/441]	L_Src_Sup 1.9835e-01 (2.0144e-01)	L_Trg_Inj 2.4575e-01 (2.9421e-01)	Loss Disc 6.8201e-01 (6.8056e-01)	Loss Pred 4.2652e-01 (4.4379e-01)	Loss TOTAL 8.1193e-01 (8.3792e-01)
Epoch: [24][410/441]	L_Src_Sup 1.1267e-01 (2.0151e-01)	L_Trg_Inj 3.5669e-01 (2.9386e-01)	Loss Disc 6.8087e-01 (6.8058e-01)	Loss Pred 4.2668e-01 (4.4374e-01)	Loss TOTAL 8.1406e-01 (8.3800e-01)
Epoch: [24][420/441]	L_Src_Sup 2.4135e-01 (2.0170e-01)	L_Trg_Inj 3.4757e-01 (2.9413e-01)	Loss Disc 6.7432e-01 (6.8058e-01)	Loss Pred 4.5850e-01 (4.4377e-01)	Loss TOTAL 8.5455e-01 (8.3813e-01)
Epoch: [24][430/441]	L_Src_Sup 2.1325e-01 (2.0131e-01)	L_Trg_Inj 3.0194e-01 (2.9427e-01)	Loss Disc 6.8252e-01 (6.8058e-01)	Loss Pred 4.2041e-01 (4.4363e-01)	Loss TOTAL 8.1319e-01 (8.3790e-01)
Epoch: [24][440/441]	L_Src_Sup 1.7247e-01 (2.0092e-01)	L_Trg_Inj 3.5021e-01 (2.9372e-01)	Loss Disc 6.7413e-01 (6.8057e-01)	Loss Pred 4.5884e-01 (4.4371e-01)	Loss TOTAL 8.4817e-01 (8.3787e-01)
Epoch: [24][441/441]	L_Src_Sup 1.6813e-01 (2.0085e-01)	L_Trg_Inj 2.1271e-01 (2.9354e-01)	Loss Disc 6.7975e-01 (6.8057e-01)	Loss Pred 4.3906e-01 (4.4369e-01)	Loss TOTAL 8.1702e-01 (8.3783e-01)
Epoch 24 complete. Saving model state...
Epoch: [25][ 10/441]	L_Src_Sup 2.3338e-01 (1.8642e-01)	L_Trg_Inj 3.1327e-01 (2.8313e-01)	Loss Disc 6.7980e-01 (6.7975e-01)	Loss Pred 4.3376e-01 (4.4566e-01)	Loss TOTAL 8.2832e-01 (8.3493e-01)
Epoch: [25][ 20/441]	L_Src_Sup 2.1139e-01 (1.9301e-01)	L_Trg_Inj 2.6694e-01 (2.8937e-01)	Loss Disc 6.8415e-01 (6.7975e-01)	Loss Pred 4.1359e-01 (4.4827e-01)	Loss TOTAL 8.0350e-01 (8.3760e-01)
Epoch: [25][ 30/441]	L_Src_Sup 2.8100e-01 (1.8876e-01)	L_Trg_Inj 3.2914e-01 (2.8808e-01)	Loss Disc 6.8181e-01 (6.8056e-01)	Loss Pred 4.4730e-01 (4.4447e-01)	Loss TOTAL 8.4922e-01 (8.3334e-01)
Epoch: [25][ 40/441]	L_Src_Sup 2.3533e-01 (1.9505e-01)	L_Trg_Inj 2.4726e-01 (2.8629e-01)	Loss Disc 6.8036e-01 (6.8023e-01)	Loss Pred 4.5976e-01 (4.4472e-01)	Loss TOTAL 8.4820e-01 (8.3366e-01)
Epoch: [25][ 50/441]	L_Src_Sup 1.9197e-01 (2.0155e-01)	L_Trg_Inj 3.9584e-01 (2.8603e-01)	Loss Disc 6.7394e-01 (6.8016e-01)	Loss Pred 4.8554e-01 (4.4545e-01)	Loss TOTAL 8.8129e-01 (8.3945e-01)
Epoch: [25][ 60/441]	L_Src_Sup 2.6111e-01 (2.0648e-01)	L_Trg_Inj 3.3960e-01 (2.8831e-01)	Loss Disc 6.7467e-01 (6.7974e-01)	Loss Pred 4.8530e-01 (4.4639e-01)	Loss TOTAL 8.8271e-01 (8.4382e-01)
Epoch: [25][ 70/441]	L_Src_Sup 2.4810e-01 (2.0161e-01)	L_Trg_Inj 1.7142e-01 (2.8785e-01)	Loss Disc 6.8324e-01 (6.7991e-01)	Loss Pred 4.2779e-01 (4.4651e-01)	Loss TOTAL 8.8804e-01 (8.4343e-01)
Epoch: [25][ 80/441]	L_Src_Sup 2.0170e-01 (1.9905e-01)	L_Trg_Inj 2.8782e-01 (2.9008e-01)	Loss Disc 6.8036e-01 (6.7998e-01)	Loss Pred 4.6003e-01 (4.4670e-01)	Loss TOTAL 8.4916e-01 (8.4262e-01)
Epoch: [25][ 90/441]	L_Src_Sup 1.8505e-01 (2.0271e-01)	L_Trg_Inj 2.7834e-01 (2.9177e-01)	Loss Disc 6.7933e-01 (6.8016e-01)	Loss Pred 4.3942e-01 (4.4558e-01)	Loss TOTAL 8.2542e-01 (8.4259e-01)
Epoch: [25][100/441]	L_Src_Sup 1.5400e-01 (2.0339e-01)	L_Trg_Inj 3.7324e-01 (2.9522e-01)	Loss Disc 6.7659e-01 (6.8023e-01)	Loss Pred 4.7243e-01 (4.4548e-01)	Loss TOTAL 8.6345e-01 (8.4282e-01)
Epoch: [25][110/441]	L_Src_Sup 1.7550e-01 (2.0454e-01)	L_Trg_Inj 2.5174e-01 (2.9574e-01)	Loss Disc 6.7443e-01 (6.8015e-01)	Loss Pred 4.9171e-01 (4.4644e-01)	Loss TOTAL 8.7165e-01 (8.4390e-01)
Epoch: [25][120/441]	L_Src_Sup 2.9820e-01 (2.0779e-01)	L_Trg_Inj 2.1995e-01 (2.9835e-01)	Loss Disc 6.8280e-01 (6.8017e-01)	Loss Pred 4.2641e-01 (4.4561e-01)	Loss TOTAL 8.9787e-01 (8.4437e-01)
Epoch: [25][130/441]	L_Src_Sup 1.8816e-01 (2.0850e-01)	L_Trg_Inj 3.3285e-01 (3.0040e-01)	Loss Disc 6.7887e-01 (6.8009e-01)	Loss Pred 4.6652e-01 (4.4604e-01)	Loss TOTAL 8.5806e-01 (8.4496e-01)
Epoch: [25][140/441]	L_Src_Sup 1.7802e-01 (2.0764e-01)	L_Trg_Inj 3.0872e-01 (3.0180e-01)	Loss Disc 6.8539e-01 (6.8013e-01)	Loss Pred 4.0757e-01 (4.4546e-01)	Loss TOTAL 7.9894e-01 (8.4388e-01)
Epoch: [25][150/441]	L_Src_Sup 1.9370e-01 (2.0677e-01)	L_Trg_Inj 3.0395e-01 (3.0215e-01)	Loss Disc 6.8488e-01 (6.8027e-01)	Loss Pred 4.0795e-01 (4.4449e-01)	Loss TOTAL 8.0015e-01 (8.4244e-01)
Epoch: [25][160/441]	L_Src_Sup 2.1323e-01 (2.0654e-01)	L_Trg_Inj 3.8984e-01 (3.0091e-01)	Loss Disc 6.8159e-01 (6.8034e-01)	Loss Pred 4.2040e-01 (4.4376e-01)	Loss TOTAL 8.2150e-01 (8.4166e-01)
Epoch: [25][170/441]	L_Src_Sup 1.8184e-01 (2.0561e-01)	L_Trg_Inj 4.0936e-01 (3.0058e-01)	Loss Disc 6.8163e-01 (6.8031e-01)	Loss Pred 4.4720e-01 (4.4489e-01)	Loss TOTAL 8.4714e-01 (8.4256e-01)
Epoch: [25][180/441]	L_Src_Sup 2.1639e-01 (2.0471e-01)	L_Trg_Inj 4.1957e-01 (3.0092e-01)	Loss Disc 6.7802e-01 (6.8029e-01)	Loss Pred 4.3444e-01 (4.4455e-01)	Loss TOTAL 8.3705e-01 (8.4198e-01)
Epoch: [25][190/441]	L_Src_Sup 1.7402e-01 (2.0412e-01)	L_Trg_Inj 2.7465e-01 (3.0088e-01)	Loss Disc 6.7542e-01 (6.8020e-01)	Loss Pred 4.8537e-01 (4.4536e-01)	Loss TOTAL 8.6794e-01 (8.4246e-01)
Epoch: [25][200/441]	L_Src_Sup 9.1985e-02 (2.0422e-01)	L_Trg_Inj 2.8121e-01 (2.9964e-01)	Loss Disc 6.8193e-01 (6.8022e-01)	Loss Pred 4.5400e-01 (4.4582e-01)	Loss TOTAL 8.3228e-01 (8.4299e-01)
Epoch: [25][210/441]	L_Src_Sup 1.7893e-01 (2.0263e-01)	L_Trg_Inj 2.6753e-01 (2.9937e-01)	Loss Disc 6.8441e-01 (6.8025e-01)	Loss Pred 4.1382e-01 (4.4593e-01)	Loss TOTAL 8.0067e-01 (8.4261e-01)
Epoch: [25][220/441]	L_Src_Sup 1.6448e-01 (2.0266e-01)	L_Trg_Inj 2.4883e-01 (2.9865e-01)	Loss Disc 6.8476e-01 (6.8023e-01)	Loss Pred 4.4076e-01 (4.4598e-01)	Loss TOTAL 8.2447e-01 (8.4252e-01)
Epoch: [25][230/441]	L_Src_Sup 1.8191e-01 (2.0274e-01)	L_Trg_Inj 2.7204e-01 (3.0000e-01)	Loss Disc 6.8164e-01 (6.8015e-01)	Loss Pred 4.2653e-01 (4.4604e-01)	Loss TOTAL 8.1274e-01 (8.4241e-01)
Epoch: [25][240/441]	L_Src_Sup 1.1895e-01 (2.0166e-01)	L_Trg_Inj 2.2470e-01 (2.9780e-01)	Loss Disc 6.7867e-01 (6.8023e-01)	Loss Pred 4.4551e-01 (4.4560e-01)	Loss TOTAL 8.1921e-01 (8.4165e-01)
Epoch: [25][250/441]	L_Src_Sup 2.5038e-01 (2.0094e-01)	L_Trg_Inj 3.9686e-01 (2.9820e-01)	Loss Disc 6.7869e-01 (6.8023e-01)	Loss Pred 4.3355e-01 (4.4516e-01)	Loss TOTAL 8.3762e-01 (8.4109e-01)
Epoch: [25][260/441]	L_Src_Sup 2.1682e-01 (1.9994e-01)	L_Trg_Inj 3.3508e-01 (2.9789e-01)	Loss Disc 6.7972e-01 (6.8021e-01)	Loss Pred 4.3296e-01 (4.4543e-01)	Loss TOTAL 8.2801e-01 (8.4100e-01)
Epoch: [25][270/441]	L_Src_Sup 1.8648e-01 (2.0012e-01)	L_Trg_Inj 2.4498e-01 (2.9743e-01)	Loss Disc 6.7789e-01 (6.8021e-01)	Loss Pred 4.4606e-01 (4.4502e-01)	Loss TOTAL 8.2815e-01 (8.4036e-01)
Epoch: [25][280/441]	L_Src_Sup 1.6550e-01 (2.0000e-01)	L_Trg_Inj 3.5815e-01 (2.9658e-01)	Loss Disc 6.8496e-01 (6.8024e-01)	Loss Pred 4.8533e-01 (4.4530e-01)	Loss TOTAL 8.8018e-01 (8.4080e-01)
Epoch: [25][290/441]	L_Src_Sup 1.6673e-01 (1.9987e-01)	L_Trg_Inj 3.3356e-01 (2.9692e-01)	Loss Disc 6.7994e-01 (6.8024e-01)	Loss Pred 4.3303e-01 (4.4528e-01)	Loss TOTAL 8.2303e-01 (8.4069e-01)
Epoch: [25][300/441]	L_Src_Sup 2.1488e-01 (2.0026e-01)	L_Trg_Inj 2.5593e-01 (2.9648e-01)	Loss Disc 6.8224e-01 (6.8030e-01)	Loss Pred 4.2696e-01 (4.4518e-01)	Loss TOTAL 8.1516e-01 (8.4063e-01)
Epoch: [25][310/441]	L_Src_Sup 3.3065e-01 (1.9928e-01)	L_Trg_Inj 3.0539e-01 (2.9733e-01)	Loss Disc 6.8145e-01 (6.8030e-01)	Loss Pred 4.2708e-01 (4.4535e-01)	Loss TOTAL 8.5667e-01 (8.4070e-01)
Epoch: [25][320/441]	L_Src_Sup 1.1727e-01 (2.0006e-01)	L_Trg_Inj 6.2220e-01 (2.9995e-01)	Loss Disc 6.8089e-01 (6.8026e-01)	Loss Pred 4.3614e-01 (4.4529e-01)	Loss TOTAL 8.5053e-01 (8.4089e-01)
Epoch: [25][330/441]	L_Src_Sup 9.9467e-02 (2.0032e-01)	L_Trg_Inj 3.4215e-01 (3.0280e-01)	Loss Disc 6.8419e-01 (6.8031e-01)	Loss Pred 4.6769e-01 (4.4508e-01)	Loss TOTAL 8.5394e-01 (8.4106e-01)
Epoch: [25][340/441]	L_Src_Sup 3.0010e-01 (2.0077e-01)	L_Trg_Inj 4.0990e-01 (3.0352e-01)	Loss Disc 6.7880e-01 (6.8032e-01)	Loss Pred 4.3303e-01 (4.4492e-01)	Loss TOTAL 8.4343e-01 (8.4086e-01)
Epoch: [25][350/441]	L_Src_Sup 1.6266e-01 (2.0062e-01)	L_Trg_Inj 2.9230e-01 (3.0383e-01)	Loss Disc 6.8407e-01 (6.8036e-01)	Loss Pred 4.1404e-01 (4.4469e-01)	Loss TOTAL 8.0157e-01 (8.4051e-01)
Epoch: [25][360/441]	L_Src_Sup 1.9685e-01 (1.9988e-01)	L_Trg_Inj 2.6067e-01 (3.0269e-01)	Loss Disc 6.8209e-01 (6.8041e-01)	Loss Pred 4.2057e-01 (4.4422e-01)	Loss TOTAL 8.0736e-01 (8.3991e-01)
Epoch: [25][370/441]	L_Src_Sup 1.2906e-01 (1.9930e-01)	L_Trg_Inj 3.0864e-01 (3.0137e-01)	Loss Disc 6.8538e-01 (6.8042e-01)	Loss Pred 4.0739e-01 (4.4416e-01)	Loss TOTAL 7.9385e-01 (8.3991e-01)
Epoch: [25][380/441]	L_Src_Sup 1.8036e-01 (1.9940e-01)	L_Trg_Inj 3.6639e-01 (3.0064e-01)	Loss Disc 6.8225e-01 (6.8040e-01)	Loss Pred 4.2093e-01 (4.4450e-01)	Loss TOTAL 8.1673e-01 (8.4022e-01)
Epoch: [25][390/441]	L_Src_Sup 2.2953e-01 (1.9990e-01)	L_Trg_Inj 2.5931e-01 (3.0084e-01)	Loss Disc 6.8466e-01 (6.8045e-01)	Loss Pred 4.4080e-01 (4.4441e-01)	Loss TOTAL 8.3201e-01 (8.4021e-01)
Epoch: [25][400/441]	L_Src_Sup 1.1866e-01 (2.0023e-01)	L_Trg_Inj 3.3626e-01 (3.0130e-01)	Loss Disc 6.7828e-01 (6.8042e-01)	Loss Pred 4.6644e-01 (4.4453e-01)	Loss TOTAL 8.5108e-01 (8.4037e-01)
Epoch: [25][410/441]	L_Src_Sup 2.1839e-01 (2.0038e-01)	L_Trg_Inj 3.8609e-01 (3.0130e-01)	Loss Disc 6.8036e-01 (6.8047e-01)	Loss Pred 4.2695e-01 (4.4418e-01)	Loss TOTAL 8.2757e-01 (8.3994e-01)
Epoch: [25][420/441]	L_Src_Sup 1.8493e-01 (2.0029e-01)	L_Trg_Inj 2.6571e-01 (3.0066e-01)	Loss Disc 6.7926e-01 (6.8049e-01)	Loss Pred 4.3961e-01 (4.4397e-01)	Loss TOTAL 8.2430e-01 (8.3968e-01)
Epoch: [25][430/441]	L_Src_Sup 2.2952e-01 (2.0064e-01)	L_Trg_Inj 3.9758e-01 (3.0114e-01)	Loss Disc 6.8089e-01 (6.8052e-01)	Loss Pred 4.2056e-01 (4.4381e-01)	Loss TOTAL 8.2371e-01 (8.3962e-01)
Epoch: [25][440/441]	L_Src_Sup 1.1383e-01 (2.0106e-01)	L_Trg_Inj 3.9470e-01 (3.0108e-01)	Loss Disc 6.8413e-01 (6.8054e-01)	Loss Pred 4.3429e-01 (4.4367e-01)	Loss TOTAL 8.2721e-01 (8.3953e-01)
Epoch: [25][441/441]	L_Src_Sup 2.0513e-01 (2.0107e-01)	L_Trg_Inj 3.2690e-01 (3.0114e-01)	Loss Disc 6.7595e-01 (6.8053e-01)	Loss Pred 4.5232e-01 (4.4369e-01)	Loss TOTAL 8.4350e-01 (8.3954e-01)
Epoch 25 complete. Saving model state...
Epoch: [26][ 10/441]	L_Src_Sup 1.3793e-01 (1.9066e-01)	L_Trg_Inj 2.2918e-01 (2.9845e-01)	Loss Disc 6.7622e-01 (6.7921e-01)	Loss Pred 4.5861e-01 (4.4858e-01)	Loss TOTAL 8.3343e-01 (8.4889e-01)
Epoch: [26][ 20/441]	L_Src_Sup 2.1765e-01 (2.0528e-01)	L_Trg_Inj 1.9709e-01 (2.8802e-01)	Loss Disc 6.8270e-01 (6.7980e-01)	Loss Pred 4.5395e-01 (4.4487e-01)	Loss TOTAL 8.5733e-01 (8.4176e-01)
Epoch: [26][ 30/441]	L_Src_Sup 2.2497e-01 (2.0903e-01)	L_Trg_Inj 2.8239e-01 (2.9405e-01)	Loss Disc 6.7678e-01 (6.7988e-01)	Loss Pred 4.5233e-01 (4.4852e-01)	Loss TOTAL 8.4146e-01 (8.4644e-01)
Epoch: [26][ 40/441]	L_Src_Sup 1.6229e-01 (2.0093e-01)	L_Trg_Inj 2.8954e-01 (2.9934e-01)	Loss Disc 6.8548e-01 (6.8033e-01)	Loss Pred 4.3445e-01 (4.4942e-01)	Loss TOTAL 8.2238e-01 (8.4536e-01)
Epoch: [26][ 50/441]	L_Src_Sup 2.0001e-01 (2.0205e-01)	L_Trg_Inj 3.6355e-01 (3.0644e-01)	Loss Disc 6.7923e-01 (6.8038e-01)	Loss Pred 4.3297e-01 (4.4646e-01)	Loss TOTAL 8.2894e-01 (8.4224e-01)
Epoch: [26][ 60/441]	L_Src_Sup 1.3448e-01 (2.0029e-01)	L_Trg_Inj 2.8613e-01 (3.0837e-01)	Loss Disc 6.7908e-01 (6.8017e-01)	Loss Pred 4.3976e-01 (4.4630e-01)	Loss TOTAL 8.2137e-01 (8.4120e-01)
Epoch: [26][ 70/441]	L_Src_Sup 2.1432e-01 (1.9780e-01)	L_Trg_Inj 3.5365e-01 (3.0359e-01)	Loss Disc 6.7025e-01 (6.8022e-01)	Loss Pred 5.0430e-01 (4.4669e-01)	Loss TOTAL 8.9622e-01 (8.4072e-01)
Epoch: [26][ 80/441]	L_Src_Sup 2.2227e-01 (1.9824e-01)	L_Trg_Inj 3.1207e-01 (3.0389e-01)	Loss Disc 6.7577e-01 (6.8037e-01)	Loss Pred 4.5230e-01 (4.4637e-01)	Loss TOTAL 8.4362e-01 (8.4056e-01)
Epoch: [26][ 90/441]	L_Src_Sup 2.4662e-01 (1.9788e-01)	L_Trg_Inj 3.2373e-01 (2.9860e-01)	Loss Disc 6.8362e-01 (6.8061e-01)	Loss Pred 4.1406e-01 (4.4487e-01)	Loss TOTAL 8.1290e-01 (8.3898e-01)
Epoch: [26][100/441]	L_Src_Sup 2.2954e-01 (1.9646e-01)	L_Trg_Inj 2.9215e-01 (2.9669e-01)	Loss Disc 6.8271e-01 (6.8070e-01)	Loss Pred 4.2016e-01 (4.4531e-01)	Loss TOTAL 8.1368e-01 (8.3953e-01)
Epoch: [26][110/441]	L_Src_Sup 1.4946e-01 (1.9929e-01)	L_Trg_Inj 4.1396e-01 (2.9685e-01)	Loss Disc 6.8141e-01 (6.8064e-01)	Loss Pred 4.2007e-01 (4.4524e-01)	Loss TOTAL 8.1712e-01 (8.4055e-01)
Epoch: [26][120/441]	L_Src_Sup 1.1977e-01 (1.9944e-01)	L_Trg_Inj 3.2970e-01 (2.9731e-01)	Loss Disc 6.7598e-01 (6.8068e-01)	Loss Pred 4.5249e-01 (4.4469e-01)	Loss TOTAL 8.3543e-01 (8.4007e-01)
Epoch: [26][130/441]	L_Src_Sup 1.7893e-01 (1.9582e-01)	L_Trg_Inj 1.5085e-01 (2.9605e-01)	Loss Disc 6.8595e-01 (6.8061e-01)	Loss Pred 4.1384e-01 (4.4505e-01)	Loss TOTAL 8.1787e-01 (8.3976e-01)
Epoch: [26][140/441]	L_Src_Sup 2.1868e-01 (1.9353e-01)	L_Trg_Inj 3.7299e-01 (2.9492e-01)	Loss Disc 6.7911e-01 (6.8061e-01)	Loss Pred 4.5994e-01 (4.4473e-01)	Loss TOTAL 8.5866e-01 (8.3872e-01)
Epoch: [26][150/441]	L_Src_Sup 1.7905e-01 (1.9463e-01)	L_Trg_Inj 2.1944e-01 (2.9553e-01)	Loss Disc 6.8534e-01 (6.8064e-01)	Loss Pred 4.1387e-01 (4.4392e-01)	Loss TOTAL 7.9638e-01 (8.3781e-01)
Epoch: [26][160/441]	L_Src_Sup 2.7591e-01 (1.9533e-01)	L_Trg_Inj 2.3768e-01 (2.9573e-01)	Loss Disc 6.7610e-01 (6.8055e-01)	Loss Pred 4.5845e-01 (4.4407e-01)	Loss TOTAL 8.8609e-01 (8.3795e-01)
Epoch: [26][170/441]	L_Src_Sup 1.6674e-01 (1.9368e-01)	L_Trg_Inj 2.5574e-01 (2.9623e-01)	Loss Disc 6.8056e-01 (6.8046e-01)	Loss Pred 4.3302e-01 (4.4446e-01)	Loss TOTAL 8.1555e-01 (8.3792e-01)
Epoch: [26][180/441]	L_Src_Sup 2.4595e-01 (1.9467e-01)	L_Trg_Inj 3.0529e-01 (2.9619e-01)	Loss Disc 6.8273e-01 (6.8041e-01)	Loss Pred 4.2016e-01 (4.4475e-01)	Loss TOTAL 8.1664e-01 (8.3816e-01)
Epoch: [26][190/441]	L_Src_Sup 1.5392e-01 (1.9500e-01)	L_Trg_Inj 3.0948e-01 (2.9564e-01)	Loss Disc 6.8004e-01 (6.8040e-01)	Loss Pred 4.8388e-01 (4.4523e-01)	Loss TOTAL 8.7024e-01 (8.3916e-01)
Epoch: [26][200/441]	L_Src_Sup 2.3335e-01 (1.9554e-01)	L_Trg_Inj 3.7277e-01 (2.9864e-01)	Loss Disc 6.7894e-01 (6.8032e-01)	Loss Pred 4.3271e-01 (4.4530e-01)	Loss TOTAL 8.3280e-01 (8.3931e-01)
Epoch: [26][210/441]	L_Src_Sup 2.2965e-01 (1.9549e-01)	L_Trg_Inj 3.9072e-01 (2.9885e-01)	Loss Disc 6.8028e-01 (6.8037e-01)	Loss Pred 4.2694e-01 (4.4505e-01)	Loss TOTAL 8.2911e-01 (8.3895e-01)
Epoch: [26][220/441]	L_Src_Sup 1.6950e-01 (1.9520e-01)	L_Trg_Inj 2.1557e-01 (2.9752e-01)	Loss Disc 6.8279e-01 (6.8046e-01)	Loss Pred 5.0700e-01 (4.4495e-01)	Loss TOTAL 8.8690e-01 (8.3870e-01)
Epoch: [26][230/441]	L_Src_Sup 2.2592e-01 (1.9669e-01)	L_Trg_Inj 3.5442e-01 (2.9733e-01)	Loss Disc 6.8436e-01 (6.8049e-01)	Loss Pred 4.0779e-01 (4.4477e-01)	Loss TOTAL 8.0800e-01 (8.3861e-01)
Epoch: [26][240/441]	L_Src_Sup 2.9764e-01 (1.9742e-01)	L_Trg_Inj 3.5806e-01 (2.9758e-01)	Loss Disc 6.8033e-01 (6.8050e-01)	Loss Pred 4.2650e-01 (4.4435e-01)	Loss TOTAL 8.3224e-01 (8.3841e-01)
Epoch: [26][250/441]	L_Src_Sup 3.9734e-01 (1.9771e-01)	L_Trg_Inj 2.5992e-01 (2.9813e-01)	Loss Disc 6.7694e-01 (6.8049e-01)	Loss Pred 4.7908e-01 (4.4417e-01)	Loss TOTAL 1.0207e+00 (8.3879e-01)
Epoch: [26][260/441]	L_Src_Sup 1.4969e-01 (1.9835e-01)	L_Trg_Inj 2.0529e-01 (2.9767e-01)	Loss Disc 6.8043e-01 (6.8044e-01)	Loss Pred 4.3590e-01 (4.4426e-01)	Loss TOTAL 8.1161e-01 (8.3899e-01)
Epoch: [26][270/441]	L_Src_Sup 2.7914e-01 (1.9848e-01)	L_Trg_Inj 3.4761e-01 (2.9822e-01)	Loss Disc 6.8255e-01 (6.8040e-01)	Loss Pred 4.2061e-01 (4.4431e-01)	Loss TOTAL 8.2456e-01 (8.3902e-01)
Epoch: [26][280/441]	L_Src_Sup 2.4780e-01 (1.9870e-01)	L_Trg_Inj 2.8497e-01 (2.9942e-01)	Loss Disc 6.7285e-01 (6.8037e-01)	Loss Pred 4.9808e-01 (4.4441e-01)	Loss TOTAL 8.8778e-01 (8.3907e-01)
Epoch: [26][290/441]	L_Src_Sup 1.7888e-01 (1.9867e-01)	L_Trg_Inj 2.4034e-01 (2.9890e-01)	Loss Disc 6.8516e-01 (6.8041e-01)	Loss Pred 4.1404e-01 (4.4430e-01)	Loss TOTAL 7.9854e-01 (8.3887e-01)
Epoch: [26][300/441]	L_Src_Sup 2.9271e-01 (1.9963e-01)	L_Trg_Inj 2.5672e-01 (2.9967e-01)	Loss Disc 6.8487e-01 (6.8045e-01)	Loss Pred 4.1414e-01 (4.4381e-01)	Loss TOTAL 8.4750e-01 (8.3859e-01)
Epoch: [26][310/441]	L_Src_Sup 1.7887e-01 (1.9998e-01)	L_Trg_Inj 3.1040e-01 (2.9999e-01)	Loss Disc 6.8394e-01 (6.8046e-01)	Loss Pred 4.1448e-01 (4.4377e-01)	Loss TOTAL 8.0538e-01 (8.3877e-01)
Epoch: [26][320/441]	L_Src_Sup 1.8346e-01 (1.9976e-01)	L_Trg_Inj 4.5455e-01 (3.0008e-01)	Loss Disc 6.7858e-01 (6.8049e-01)	Loss Pred 4.3304e-01 (4.4352e-01)	Loss TOTAL 8.3613e-01 (8.3839e-01)
Epoch: [26][330/441]	L_Src_Sup 1.8654e-01 (2.0073e-01)	L_Trg_Inj 2.7407e-01 (3.0035e-01)	Loss Disc 6.8311e-01 (6.8044e-01)	Loss Pred 4.4687e-01 (4.4370e-01)	Loss TOTAL 8.3449e-01 (8.3897e-01)
Epoch: [26][340/441]	L_Src_Sup 1.8082e-01 (2.0016e-01)	L_Trg_Inj 2.8554e-01 (3.0030e-01)	Loss Disc 6.8440e-01 (6.8046e-01)	Loss Pred 4.4087e-01 (4.4363e-01)	Loss TOTAL 8.2971e-01 (8.3927e-01)
Epoch: [26][350/441]	L_Src_Sup 2.2355e-01 (2.0040e-01)	L_Trg_Inj 3.4957e-01 (3.0095e-01)	Loss Disc 6.8228e-01 (6.8047e-01)	Loss Pred 4.2001e-01 (4.4349e-01)	Loss TOTAL 8.1846e-01 (8.3907e-01)
Epoch: [26][360/441]	L_Src_Sup 9.9250e-02 (1.9998e-01)	L_Trg_Inj 2.8324e-01 (3.0120e-01)	Loss Disc 6.8384e-01 (6.8049e-01)	Loss Pred 4.4669e-01 (4.4352e-01)	Loss TOTAL 8.2686e-01 (8.3898e-01)
Epoch: [26][370/441]	L_Src_Sup 1.6341e-01 (1.9934e-01)	L_Trg_Inj 3.0364e-01 (3.0090e-01)	Loss Disc 6.8526e-01 (6.8051e-01)	Loss Pred 4.3430e-01 (4.4341e-01)	Loss TOTAL 8.2364e-01 (8.3865e-01)
Epoch: [26][380/441]	L_Src_Sup 2.4321e-01 (1.9910e-01)	L_Trg_Inj 3.3760e-01 (2.9965e-01)	Loss Disc 6.8082e-01 (6.8054e-01)	Loss Pred 4.8633e-01 (4.4339e-01)	Loss TOTAL 8.8482e-01 (8.3864e-01)
Epoch: [26][390/441]	L_Src_Sup 1.6398e-01 (1.9846e-01)	L_Trg_Inj 2.5333e-01 (2.9818e-01)	Loss Disc 6.8434e-01 (6.8055e-01)	Loss Pred 4.4095e-01 (4.4332e-01)	Loss TOTAL 8.2485e-01 (8.3834e-01)
Epoch: [26][400/441]	L_Src_Sup 8.6228e-02 (1.9791e-01)	L_Trg_Inj 2.4588e-01 (2.9746e-01)	Loss Disc 6.7698e-01 (6.8052e-01)	Loss Pred 4.7882e-01 (4.4322e-01)	Loss TOTAL 8.5052e-01 (8.3832e-01)
Epoch: [26][410/441]	L_Src_Sup 9.8369e-02 (1.9791e-01)	L_Trg_Inj 2.8209e-01 (2.9690e-01)	Loss Disc 6.8271e-01 (6.8049e-01)	Loss Pred 4.2062e-01 (4.4336e-01)	Loss TOTAL 8.0002e-01 (8.3855e-01)
Epoch: [26][420/441]	L_Src_Sup 3.0664e-01 (1.9805e-01)	L_Trg_Inj 2.7179e-01 (2.9648e-01)	Loss Disc 6.8842e-01 (6.8050e-01)	Loss Pred 4.4841e-01 (4.4346e-01)	Loss TOTAL 8.8531e-01 (8.3862e-01)
Epoch: [26][430/441]	L_Src_Sup 1.8490e-01 (1.9796e-01)	L_Trg_Inj 1.9654e-01 (2.9681e-01)	Loss Disc 6.8039e-01 (6.8049e-01)	Loss Pred 4.3923e-01 (4.4345e-01)	Loss TOTAL 8.1757e-01 (8.3851e-01)
Epoch: [26][440/441]	L_Src_Sup 2.8274e-01 (1.9787e-01)	L_Trg_Inj 3.0959e-01 (2.9662e-01)	Loss Disc 6.8246e-01 (6.8052e-01)	Loss Pred 4.7345e-01 (4.4366e-01)	Loss TOTAL 8.7392e-01 (8.3868e-01)
Epoch: [26][441/441]	L_Src_Sup 1.8490e-01 (1.9784e-01)	L_Trg_Inj 2.4964e-01 (2.9651e-01)	Loss Disc 6.7960e-01 (6.8052e-01)	Loss Pred 4.3919e-01 (4.4365e-01)	Loss TOTAL 8.2244e-01 (8.3865e-01)
Epoch 26 complete. Saving model state...
Epoch: [27][ 10/441]	L_Src_Sup 1.8040e-01 (2.1232e-01)	L_Trg_Inj 1.9285e-01 (2.8925e-01)	Loss Disc 6.8546e-01 (6.8143e-01)	Loss Pred 4.4098e-01 (4.3591e-01)	Loss TOTAL 8.2103e-01 (8.4357e-01)
Epoch: [27][ 20/441]	L_Src_Sup 2.1668e-01 (2.0495e-01)	L_Trg_Inj 2.5572e-01 (2.7965e-01)	Loss Disc 6.8051e-01 (6.8055e-01)	Loss Pred 4.3293e-01 (4.4154e-01)	Loss TOTAL 8.2043e-01 (8.4370e-01)
Epoch: [27][ 30/441]	L_Src_Sup 2.3334e-01 (2.0423e-01)	L_Trg_Inj 3.3435e-01 (2.8996e-01)	Loss Disc 6.8102e-01 (6.8049e-01)	Loss Pred 4.5379e-01 (4.4364e-01)	Loss TOTAL 8.5107e-01 (8.4276e-01)
Epoch: [27][ 40/441]	L_Src_Sup 1.8132e-01 (2.0493e-01)	L_Trg_Inj 3.1421e-01 (2.8675e-01)	Loss Disc 6.8277e-01 (6.8053e-01)	Loss Pred 4.2018e-01 (4.4174e-01)	Loss TOTAL 8.1112e-01 (8.3961e-01)
Epoch: [27][ 50/441]	L_Src_Sup 2.5645e-01 (2.0318e-01)	L_Trg_Inj 3.0787e-01 (2.9601e-01)	Loss Disc 6.7827e-01 (6.8068e-01)	Loss Pred 4.7249e-01 (4.4076e-01)	Loss TOTAL 8.6806e-01 (8.3777e-01)
Epoch: [27][ 60/441]	L_Src_Sup 2.3046e-01 (2.0342e-01)	L_Trg_Inj 3.1741e-01 (2.9962e-01)	Loss Disc 6.8491e-01 (6.8070e-01)	Loss Pred 4.6140e-01 (4.4185e-01)	Loss TOTAL 8.5864e-01 (8.3813e-01)
Epoch: [27][ 70/441]	L_Src_Sup 2.1318e-01 (2.0237e-01)	L_Trg_Inj 3.9500e-01 (2.9913e-01)	Loss Disc 6.8150e-01 (6.8058e-01)	Loss Pred 4.2050e-01 (4.4125e-01)	Loss TOTAL 8.2207e-01 (8.3680e-01)
Epoch: [27][ 80/441]	L_Src_Sup 1.8189e-01 (2.0294e-01)	L_Trg_Inj 2.7896e-01 (2.9884e-01)	Loss Disc 6.8119e-01 (6.8054e-01)	Loss Pred 4.2775e-01 (4.4100e-01)	Loss TOTAL 8.1443e-01 (8.3638e-01)
Epoch: [27][ 90/441]	L_Src_Sup 2.0802e-01 (2.0222e-01)	L_Trg_Inj 3.0621e-01 (3.0053e-01)	Loss Disc 6.8642e-01 (6.8062e-01)	Loss Pred 4.0124e-01 (4.4068e-01)	Loss TOTAL 7.9588e-01 (8.3595e-01)
Epoch: [27][100/441]	L_Src_Sup 2.8356e-01 (2.0335e-01)	L_Trg_Inj 3.1963e-01 (3.0120e-01)	Loss Disc 6.7993e-01 (6.8051e-01)	Loss Pred 4.3288e-01 (4.4105e-01)	Loss TOTAL 8.3317e-01 (8.3598e-01)
Epoch: [27][110/441]	L_Src_Sup 1.7260e-01 (2.0456e-01)	L_Trg_Inj 3.0002e-01 (3.0164e-01)	Loss Disc 6.7546e-01 (6.8052e-01)	Loss Pred 4.5839e-01 (4.4107e-01)	Loss TOTAL 8.4338e-01 (8.3607e-01)
Epoch: [27][120/441]	L_Src_Sup 1.4425e-01 (2.0615e-01)	L_Trg_Inj 2.5611e-01 (3.0323e-01)	Loss Disc 6.8731e-01 (6.8050e-01)	Loss Pred 4.0140e-01 (4.4080e-01)	Loss TOTAL 7.8509e-01 (8.3634e-01)
Epoch: [27][130/441]	L_Src_Sup 1.8669e-01 (2.0535e-01)	L_Trg_Inj 3.5113e-01 (3.0292e-01)	Loss Disc 6.7860e-01 (6.8040e-01)	Loss Pred 4.6613e-01 (4.4208e-01)	Loss TOTAL 8.5921e-01 (8.3747e-01)
Epoch: [27][140/441]	L_Src_Sup 1.3452e-01 (2.0256e-01)	L_Trg_Inj 3.6467e-01 (3.0332e-01)	Loss Disc 6.7927e-01 (6.8050e-01)	Loss Pred 4.5971e-01 (4.4222e-01)	Loss TOTAL 8.4926e-01 (8.3711e-01)
Epoch: [27][150/441]	L_Src_Sup 2.5672e-01 (2.0327e-01)	L_Trg_Inj 3.7513e-01 (3.0262e-01)	Loss Disc 6.7691e-01 (6.8041e-01)	Loss Pred 4.7274e-01 (4.4328e-01)	Loss TOTAL 8.7438e-01 (8.3789e-01)
Epoch: [27][160/441]	L_Src_Sup 3.3104e-01 (2.0241e-01)	L_Trg_Inj 3.2796e-01 (3.0332e-01)	Loss Disc 6.8263e-01 (6.8043e-01)	Loss Pred 4.4700e-01 (4.4298e-01)	Loss TOTAL 8.5730e-01 (8.3781e-01)
Epoch: [27][170/441]	L_Src_Sup 1.9534e-01 (2.0090e-01)	L_Trg_Inj 4.0835e-01 (3.0344e-01)	Loss Disc 6.8304e-01 (6.8044e-01)	Loss Pred 4.1343e-01 (4.4309e-01)	Loss TOTAL 8.1532e-01 (8.3769e-01)
Epoch: [27][180/441]	L_Src_Sup 1.8335e-01 (2.0141e-01)	L_Trg_Inj 2.5706e-01 (3.0406e-01)	Loss Disc 6.8105e-01 (6.8049e-01)	Loss Pred 4.3263e-01 (4.4332e-01)	Loss TOTAL 8.1719e-01 (8.3793e-01)
Epoch: [27][190/441]	L_Src_Sup 1.4759e-01 (2.0150e-01)	L_Trg_Inj 3.4687e-01 (3.0648e-01)	Loss Disc 6.8217e-01 (6.8052e-01)	Loss Pred 4.2023e-01 (4.4269e-01)	Loss TOTAL 8.1076e-01 (8.3762e-01)
Epoch: [27][200/441]	L_Src_Sup 2.0079e-01 (2.0151e-01)	L_Trg_Inj 3.0021e-01 (3.0687e-01)	Loss Disc 6.8429e-01 (6.8048e-01)	Loss Pred 4.4059e-01 (4.4274e-01)	Loss TOTAL 8.3284e-01 (8.3771e-01)
Epoch: [27][210/441]	L_Src_Sup 1.8808e-01 (2.0131e-01)	L_Trg_Inj 4.4299e-01 (3.0751e-01)	Loss Disc 6.7568e-01 (6.8052e-01)	Loss Pred 4.7263e-01 (4.4236e-01)	Loss TOTAL 8.7358e-01 (8.3721e-01)
Epoch: [27][220/441]	L_Src_Sup 1.4756e-01 (2.0115e-01)	L_Trg_Inj 2.7819e-01 (3.0897e-01)	Loss Disc 6.8341e-01 (6.8049e-01)	Loss Pred 4.2025e-01 (4.4238e-01)	Loss TOTAL 8.0453e-01 (8.3718e-01)
Epoch: [27][230/441]	L_Src_Sup 1.7747e-01 (2.0076e-01)	L_Trg_Inj 2.2732e-01 (3.0827e-01)	Loss Disc 6.8604e-01 (6.8053e-01)	Loss Pred 4.0753e-01 (4.4208e-01)	Loss TOTAL 7.9102e-01 (8.3664e-01)
Epoch: [27][240/441]	L_Src_Sup 2.0097e-01 (2.0198e-01)	L_Trg_Inj 3.6171e-01 (3.0817e-01)	Loss Disc 6.8220e-01 (6.8044e-01)	Loss Pred 4.2005e-01 (4.4262e-01)	Loss TOTAL 8.1743e-01 (8.3758e-01)
Epoch: [27][250/441]	L_Src_Sup 2.4890e-01 (2.0267e-01)	L_Trg_Inj 3.7368e-01 (3.0961e-01)	Loss Disc 6.8047e-01 (6.8044e-01)	Loss Pred 4.2647e-01 (4.4275e-01)	Loss TOTAL 8.2896e-01 (8.3779e-01)
Epoch: [27][260/441]	L_Src_Sup 2.2830e-01 (2.0180e-01)	L_Trg_Inj 2.4611e-01 (3.0910e-01)	Loss Disc 6.7490e-01 (6.8047e-01)	Loss Pred 4.9129e-01 (4.4247e-01)	Loss TOTAL 8.7618e-01 (8.3724e-01)
Epoch: [27][270/441]	L_Src_Sup 2.0001e-01 (2.0211e-01)	L_Trg_Inj 2.6797e-01 (3.1021e-01)	Loss Disc 6.8082e-01 (6.8041e-01)	Loss Pred 4.3306e-01 (4.4278e-01)	Loss TOTAL 8.2027e-01 (8.3787e-01)
Epoch: [27][280/441]	L_Src_Sup 2.3334e-01 (2.0177e-01)	L_Trg_Inj 2.5584e-01 (3.0925e-01)	Loss Disc 6.8215e-01 (6.8042e-01)	Loss Pred 4.5299e-01 (4.4269e-01)	Loss TOTAL 8.4298e-01 (8.3813e-01)
Epoch: [27][290/441]	L_Src_Sup 1.5255e-01 (2.0099e-01)	L_Trg_Inj 3.5870e-01 (3.0868e-01)	Loss Disc 6.7840e-01 (6.8040e-01)	Loss Pred 4.6626e-01 (4.4349e-01)	Loss TOTAL 8.5658e-01 (8.3888e-01)
Epoch: [27][300/441]	L_Src_Sup 1.0086e-01 (2.0126e-01)	L_Trg_Inj 2.7056e-01 (3.0952e-01)	Loss Disc 6.8071e-01 (6.8046e-01)	Loss Pred 4.5987e-01 (4.4329e-01)	Loss TOTAL 8.3737e-01 (8.3868e-01)
Epoch: [27][310/441]	L_Src_Sup 2.4794e-01 (2.0158e-01)	L_Trg_Inj 2.9443e-01 (3.0931e-01)	Loss Disc 6.8294e-01 (6.8053e-01)	Loss Pred 4.4686e-01 (4.4317e-01)	Loss TOTAL 8.4256e-01 (8.3850e-01)
Epoch: [27][320/441]	L_Src_Sup 2.0514e-01 (2.0159e-01)	L_Trg_Inj 2.4853e-01 (3.0788e-01)	Loss Disc 6.7709e-01 (6.8057e-01)	Loss Pred 4.5211e-01 (4.4337e-01)	Loss TOTAL 8.3602e-01 (8.3860e-01)
Epoch: [27][330/441]	L_Src_Sup 2.2581e-01 (2.0105e-01)	L_Trg_Inj 3.5458e-01 (3.0873e-01)	Loss Disc 6.8381e-01 (6.8062e-01)	Loss Pred 4.0795e-01 (4.4288e-01)	Loss TOTAL 8.0789e-01 (8.3820e-01)
Epoch: [27][340/441]	L_Src_Sup 2.0692e-01 (2.0117e-01)	L_Trg_Inj 3.6091e-01 (3.0821e-01)	Loss Disc 6.7713e-01 (6.8061e-01)	Loss Pred 4.9930e-01 (4.4310e-01)	Loss TOTAL 8.9465e-01 (8.3845e-01)
Epoch: [27][350/441]	L_Src_Sup 2.0340e-01 (2.0118e-01)	L_Trg_Inj 2.2567e-01 (3.0843e-01)	Loss Disc 6.8026e-01 (6.8065e-01)	Loss Pred 4.6584e-01 (4.4296e-01)	Loss TOTAL 8.4887e-01 (8.3823e-01)
Epoch: [27][360/441]	L_Src_Sup 2.4796e-01 (2.0182e-01)	L_Trg_Inj 2.9327e-01 (3.0867e-01)	Loss Disc 6.8140e-01 (6.8064e-01)	Loss Pred 4.2691e-01 (4.4300e-01)	Loss TOTAL 8.2173e-01 (8.3828e-01)
Epoch: [27][370/441]	L_Src_Sup 2.5808e-01 (2.0186e-01)	L_Trg_Inj 3.2488e-01 (3.0874e-01)	Loss Disc 6.8376e-01 (6.8065e-01)	Loss Pred 4.0774e-01 (4.4285e-01)	Loss TOTAL 8.0791e-01 (8.3803e-01)
Epoch: [27][380/441]	L_Src_Sup 1.7248e-01 (2.0175e-01)	L_Trg_Inj 3.1152e-01 (3.0753e-01)	Loss Disc 6.7488e-01 (6.8067e-01)	Loss Pred 4.5842e-01 (4.4251e-01)	Loss TOTAL 8.4426e-01 (8.3758e-01)
Epoch: [27][390/441]	L_Src_Sup 2.6681e-01 (2.0207e-01)	L_Trg_Inj 3.4465e-01 (3.0640e-01)	Loss Disc 6.7833e-01 (6.8069e-01)	Loss Pred 4.3660e-01 (4.4266e-01)	Loss TOTAL 8.3692e-01 (8.3779e-01)
Epoch: [27][400/441]	L_Src_Sup 1.3675e-01 (2.0220e-01)	L_Trg_Inj 2.5655e-01 (3.0589e-01)	Loss Disc 6.7940e-01 (6.8065e-01)	Loss Pred 4.9273e-01 (4.4302e-01)	Loss TOTAL 8.7176e-01 (8.3827e-01)
Epoch: [27][410/441]	L_Src_Sup 1.3568e-01 (2.0171e-01)	L_Trg_Inj 3.3769e-01 (3.0542e-01)	Loss Disc 6.7752e-01 (6.8054e-01)	Loss Pred 4.4583e-01 (4.4359e-01)	Loss TOTAL 8.3193e-01 (8.3874e-01)
Epoch: [27][420/441]	L_Src_Sup 9.8448e-02 (2.0184e-01)	L_Trg_Inj 2.6713e-01 (3.0578e-01)	Loss Disc 6.8508e-01 (6.8057e-01)	Loss Pred 4.3880e-01 (4.4347e-01)	Loss TOTAL 8.1790e-01 (8.3880e-01)
Epoch: [27][430/441]	L_Src_Sup 1.8522e-01 (2.0149e-01)	L_Trg_Inj 3.1338e-01 (3.0592e-01)	Loss Disc 6.7889e-01 (6.8054e-01)	Loss Pred 4.3924e-01 (4.4358e-01)	Loss TOTAL 8.2854e-01 (8.3889e-01)
Epoch: [27][440/441]	L_Src_Sup 2.2043e-01 (2.0104e-01)	L_Trg_Inj 3.2092e-01 (3.0603e-01)	Loss Disc 6.7763e-01 (6.8055e-01)	Loss Pred 4.4585e-01 (4.4339e-01)	Loss TOTAL 8.3880e-01 (8.3860e-01)
Epoch: [27][441/441]	L_Src_Sup 1.7747e-01 (2.0099e-01)	L_Trg_Inj 3.1903e-01 (3.0606e-01)	Loss Disc 6.8788e-01 (6.8057e-01)	Loss Pred 4.4829e-01 (4.4340e-01)	Loss TOTAL 8.4188e-01 (8.3861e-01)
Epoch 27 complete. Saving model state...
Epoch: [28][ 10/441]	L_Src_Sup 2.3378e-01 (2.0157e-01)	L_Trg_Inj 3.4437e-01 (2.9750e-01)	Loss Disc 6.7982e-01 (6.8127e-01)	Loss Pred 4.3338e-01 (4.3927e-01)	Loss TOTAL 8.3110e-01 (8.3187e-01)
Epoch: [28][ 20/441]	L_Src_Sup 2.0175e-01 (1.8860e-01)	L_Trg_Inj 3.5615e-01 (3.0370e-01)	Loss Disc 6.7795e-01 (6.8082e-01)	Loss Pred 4.3958e-01 (4.4465e-01)	Loss TOTAL 8.3434e-01 (8.3531e-01)
Epoch: [28][ 30/441]	L_Src_Sup 1.5258e-01 (1.9022e-01)	L_Trg_Inj 3.1966e-01 (3.0628e-01)	Loss Disc 6.7847e-01 (6.8061e-01)	Loss Pred 4.6612e-01 (4.4304e-01)	Loss TOTAL 8.5258e-01 (8.3368e-01)
Epoch: [28][ 40/441]	L_Src_Sup 2.3147e-01 (1.9392e-01)	L_Trg_Inj 2.4419e-01 (3.0111e-01)	Loss Disc 6.8223e-01 (6.8071e-01)	Loss Pred 4.2647e-01 (4.4091e-01)	Loss TOTAL 8.1515e-01 (8.3277e-01)
Epoch: [28][ 50/441]	L_Src_Sup 1.6669e-01 (1.9809e-01)	L_Trg_Inj 3.6820e-01 (3.0530e-01)	Loss Disc 6.8022e-01 (6.8023e-01)	Loss Pred 4.5337e-01 (4.4364e-01)	Loss TOTAL 8.4697e-01 (8.3570e-01)
Epoch: [28][ 60/441]	L_Src_Sup 2.1853e-01 (1.9834e-01)	L_Trg_Inj 3.1350e-01 (3.0593e-01)	Loss Disc 6.8002e-01 (6.8035e-01)	Loss Pred 4.5753e-01 (4.4285e-01)	Loss TOTAL 8.5074e-01 (8.3535e-01)
Epoch: [28][ 70/441]	L_Src_Sup 1.9675e-01 (1.9808e-01)	L_Trg_Inj 2.0519e-01 (3.0310e-01)	Loss Disc 6.8523e-01 (6.8037e-01)	Loss Pred 4.4057e-01 (4.4318e-01)	Loss TOTAL 8.2338e-01 (8.3512e-01)
Epoch: [28][ 80/441]	L_Src_Sup 7.0486e-01 (2.0528e-01)	L_Trg_Inj 9.3345e-01 (3.1212e-01)	Loss Disc 6.8013e-01 (6.8043e-01)	Loss Pred 4.1832e-01 (4.4411e-01)	Loss TOTAL 9.2222e-01 (8.3887e-01)
Epoch: [28][ 90/441]	L_Src_Sup 2.7750e-01 (2.0732e-01)	L_Trg_Inj 3.0827e-01 (3.1207e-01)	Loss Disc 6.8015e-01 (6.8023e-01)	Loss Pred 4.2831e-01 (4.4500e-01)	Loss TOTAL 8.2697e-01 (8.4023e-01)
Epoch: [28][100/441]	L_Src_Sup 9.7583e-02 (2.0552e-01)	L_Trg_Inj 2.4518e-01 (3.0970e-01)	Loss Disc 6.8475e-01 (6.8017e-01)	Loss Pred 4.1394e-01 (4.4535e-01)	Loss TOTAL 7.9060e-01 (8.4064e-01)
Epoch: [28][110/441]	L_Src_Sup 1.8256e-01 (2.0389e-01)	L_Trg_Inj 2.7290e-01 (3.0757e-01)	Loss Disc 6.8160e-01 (6.8029e-01)	Loss Pred 4.2626e-01 (4.4524e-01)	Loss TOTAL 8.1260e-01 (8.3988e-01)
Epoch: [28][120/441]	L_Src_Sup 1.8182e-01 (2.0184e-01)	L_Trg_Inj 1.9629e-01 (3.0614e-01)	Loss Disc 6.8305e-01 (6.8032e-01)	Loss Pred 4.2633e-01 (4.4445e-01)	Loss TOTAL 8.0566e-01 (8.3892e-01)
Epoch: [28][130/441]	L_Src_Sup 1.8337e-01 (2.0154e-01)	L_Trg_Inj 3.6440e-01 (3.0669e-01)	Loss Disc 6.8008e-01 (6.8043e-01)	Loss Pred 4.5354e-01 (4.4423e-01)	Loss TOTAL 8.4836e-01 (8.3858e-01)
Epoch: [28][140/441]	L_Src_Sup 2.6667e-01 (2.0101e-01)	L_Trg_Inj 3.9581e-01 (3.0674e-01)	Loss Disc 6.7859e-01 (6.8042e-01)	Loss Pred 4.3348e-01 (4.4424e-01)	Loss TOTAL 8.3902e-01 (8.3858e-01)
Epoch: [28][150/441]	L_Src_Sup 1.4404e-01 (2.0027e-01)	L_Trg_Inj 3.0793e-01 (3.0625e-01)	Loss Disc 6.8606e-01 (6.8042e-01)	Loss Pred 4.0140e-01 (4.4408e-01)	Loss TOTAL 7.8962e-01 (8.3851e-01)
Epoch: [28][160/441]	L_Src_Sup 1.8490e-01 (2.0063e-01)	L_Trg_Inj 2.4973e-01 (3.0485e-01)	Loss Disc 6.8193e-01 (6.8047e-01)	Loss Pred 4.7818e-01 (4.4384e-01)	Loss TOTAL 8.6261e-01 (8.3797e-01)
Epoch: [28][170/441]	L_Src_Sup 1.3115e-01 (2.0023e-01)	L_Trg_Inj 2.6656e-01 (3.0319e-01)	Loss Disc 6.8307e-01 (6.8050e-01)	Loss Pred 4.2006e-01 (4.4372e-01)	Loss TOTAL 8.0137e-01 (8.3766e-01)
Epoch: [28][180/441]	L_Src_Sup 1.8487e-01 (2.0008e-01)	L_Trg_Inj 2.9522e-01 (3.0161e-01)	Loss Disc 6.7884e-01 (6.8046e-01)	Loss Pred 4.3949e-01 (4.4341e-01)	Loss TOTAL 8.2692e-01 (8.3731e-01)
Epoch: [28][190/441]	L_Src_Sup 2.3934e-01 (1.9965e-01)	L_Trg_Inj 3.0514e-01 (3.0142e-01)	Loss Disc 6.7630e-01 (6.8045e-01)	Loss Pred 4.5190e-01 (4.4353e-01)	Loss TOTAL 8.4450e-01 (8.3803e-01)
Epoch: [28][200/441]	L_Src_Sup 1.4884e-01 (1.9846e-01)	L_Trg_Inj 2.8508e-01 (3.0107e-01)	Loss Disc 6.8158e-01 (6.8050e-01)	Loss Pred 4.2637e-01 (4.4309e-01)	Loss TOTAL 8.1056e-01 (8.3726e-01)
Epoch: [28][210/441]	L_Src_Sup 2.1842e-01 (1.9846e-01)	L_Trg_Inj 2.9979e-01 (3.0095e-01)	Loss Disc 6.7898e-01 (6.8043e-01)	Loss Pred 4.3972e-01 (4.4353e-01)	Loss TOTAL 8.3103e-01 (8.3763e-01)
Epoch: [28][220/441]	L_Src_Sup 3.4428e-01 (1.9952e-01)	L_Trg_Inj 2.7185e-01 (3.0114e-01)	Loss Disc 6.8307e-01 (6.8043e-01)	Loss Pred 4.2010e-01 (4.4347e-01)	Loss TOTAL 8.9567e-01 (8.3815e-01)
Epoch: [28][230/441]	L_Src_Sup 1.8336e-01 (1.9985e-01)	L_Trg_Inj 3.1849e-01 (3.0055e-01)	Loss Disc 6.8263e-01 (6.8045e-01)	Loss Pred 4.7361e-01 (4.4329e-01)	Loss TOTAL 8.6511e-01 (8.3779e-01)
Epoch: [28][240/441]	L_Src_Sup 2.2132e-01 (2.0046e-01)	L_Trg_Inj 3.2464e-01 (3.0129e-01)	Loss Disc 6.7847e-01 (6.8052e-01)	Loss Pred 4.3902e-01 (4.4285e-01)	Loss TOTAL 8.3285e-01 (8.3734e-01)
Epoch: [28][250/441]	L_Src_Sup 2.3575e-01 (2.0231e-01)	L_Trg_Inj 3.1367e-01 (3.0192e-01)	Loss Disc 6.7871e-01 (6.8050e-01)	Loss Pred 4.6285e-01 (4.4316e-01)	Loss TOTAL 8.5715e-01 (8.3773e-01)
Epoch: [28][260/441]	L_Src_Sup 2.0814e-01 (2.0197e-01)	L_Trg_Inj 3.3272e-01 (3.0192e-01)	Loss Disc 6.8587e-01 (6.8051e-01)	Loss Pred 4.0147e-01 (4.4345e-01)	Loss TOTAL 7.9849e-01 (8.3784e-01)
Epoch: [28][270/441]	L_Src_Sup 2.4794e-01 (2.0263e-01)	L_Trg_Inj 2.1168e-01 (3.0122e-01)	Loss Disc 6.8246e-01 (6.8048e-01)	Loss Pred 4.2652e-01 (4.4323e-01)	Loss TOTAL 8.4998e-01 (8.3783e-01)
Epoch: [28][280/441]	L_Src_Sup 1.5388e-01 (2.0319e-01)	L_Trg_Inj 3.1399e-01 (3.0147e-01)	Loss Disc 6.7592e-01 (6.8044e-01)	Loss Pred 4.5172e-01 (4.4324e-01)	Loss TOTAL 8.3647e-01 (8.3776e-01)
Epoch: [28][290/441]	L_Src_Sup 2.1147e-01 (2.0341e-01)	L_Trg_Inj 2.6066e-01 (2.9989e-01)	Loss Disc 6.8395e-01 (6.8044e-01)	Loss Pred 4.1366e-01 (4.4375e-01)	Loss TOTAL 8.0285e-01 (8.3811e-01)
Epoch: [28][300/441]	L_Src_Sup 1.3337e-01 (2.0370e-01)	L_Trg_Inj 2.5016e-01 (2.9983e-01)	Loss Disc 6.8063e-01 (6.8043e-01)	Loss Pred 4.3282e-01 (4.4382e-01)	Loss TOTAL 8.1149e-01 (8.3821e-01)
Epoch: [28][310/441]	L_Src_Sup 3.0515e-01 (2.0359e-01)	L_Trg_Inj 2.1673e-01 (2.9925e-01)	Loss Disc 6.7874e-01 (6.8046e-01)	Loss Pred 4.4606e-01 (4.4359e-01)	Loss TOTAL 9.2603e-01 (8.3830e-01)
Epoch: [28][320/441]	L_Src_Sup 2.0873e-01 (2.0341e-01)	L_Trg_Inj 2.7415e-01 (2.9804e-01)	Loss Disc 6.7528e-01 (6.8045e-01)	Loss Pred 4.8554e-01 (4.4361e-01)	Loss TOTAL 8.7147e-01 (8.3804e-01)
Epoch: [28][330/441]	L_Src_Sup 2.4852e-01 (2.0260e-01)	L_Trg_Inj 4.1917e-01 (2.9813e-01)	Loss Disc 6.8121e-01 (6.8048e-01)	Loss Pred 4.4658e-01 (4.4336e-01)	Loss TOTAL 8.5395e-01 (8.3768e-01)
Epoch: [28][340/441]	L_Src_Sup 2.0523e-01 (2.0207e-01)	L_Trg_Inj 2.7251e-01 (2.9843e-01)	Loss Disc 6.7677e-01 (6.8042e-01)	Loss Pred 4.5228e-01 (4.4340e-01)	Loss TOTAL 8.3844e-01 (8.3763e-01)
Epoch: [28][350/441]	L_Src_Sup 1.9840e-01 (2.0164e-01)	L_Trg_Inj 3.7515e-01 (2.9778e-01)	Loss Disc 6.8063e-01 (6.8043e-01)	Loss Pred 4.2633e-01 (4.4336e-01)	Loss TOTAL 8.2400e-01 (8.3745e-01)
Epoch: [28][360/441]	L_Src_Sup 2.0001e-01 (2.0113e-01)	L_Trg_Inj 3.3455e-01 (2.9829e-01)	Loss Disc 6.7952e-01 (6.8043e-01)	Loss Pred 4.3311e-01 (4.4352e-01)	Loss TOTAL 8.2633e-01 (8.3750e-01)
Epoch: [28][370/441]	L_Src_Sup 1.3446e-01 (2.0078e-01)	L_Trg_Inj 1.7547e-01 (2.9771e-01)	Loss Disc 6.8062e-01 (6.8045e-01)	Loss Pred 4.3899e-01 (4.4362e-01)	Loss TOTAL 8.1029e-01 (8.3742e-01)
Epoch: [28][380/441]	L_Src_Sup 2.0169e-01 (2.0008e-01)	L_Trg_Inj 2.5790e-01 (2.9638e-01)	Loss Disc 6.7907e-01 (6.8045e-01)	Loss Pred 4.3945e-01 (4.4352e-01)	Loss TOTAL 8.2495e-01 (8.3711e-01)
Epoch: [28][390/441]	L_Src_Sup 1.8726e-01 (2.0050e-01)	L_Trg_Inj 2.7544e-01 (2.9525e-01)	Loss Disc 6.7912e-01 (6.8048e-01)	Loss Pred 4.3940e-01 (4.4350e-01)	Loss TOTAL 8.2523e-01 (8.3715e-01)
Epoch: [28][400/441]	L_Src_Sup 1.7261e-01 (2.0025e-01)	L_Trg_Inj 3.6469e-01 (2.9455e-01)	Loss Disc 6.7416e-01 (6.8047e-01)	Loss Pred 4.5846e-01 (4.4348e-01)	Loss TOTAL 8.4927e-01 (8.3706e-01)
Epoch: [28][410/441]	L_Src_Sup 1.0085e-01 (2.0045e-01)	L_Trg_Inj 2.9631e-01 (2.9517e-01)	Loss Disc 6.7846e-01 (6.8045e-01)	Loss Pred 4.3914e-01 (4.4355e-01)	Loss TOTAL 8.1809e-01 (8.3711e-01)
Epoch: [28][420/441]	L_Src_Sup 1.3223e-01 (2.0009e-01)	L_Trg_Inj 3.3840e-01 (2.9478e-01)	Loss Disc 6.8029e-01 (6.8046e-01)	Loss Pred 4.2651e-01 (4.4359e-01)	Loss TOTAL 8.1372e-01 (8.3730e-01)
Epoch: [28][430/441]	L_Src_Sup 1.9848e-01 (1.9979e-01)	L_Trg_Inj 2.6816e-01 (2.9352e-01)	Loss Disc 6.6883e-01 (6.8048e-01)	Loss Pred 4.9041e-01 (4.4366e-01)	Loss TOTAL 8.7149e-01 (8.3729e-01)
Epoch: [28][440/441]	L_Src_Sup 1.6395e-01 (1.9982e-01)	L_Trg_Inj 2.9539e-01 (2.9288e-01)	Loss Disc 6.8385e-01 (6.8048e-01)	Loss Pred 4.4018e-01 (4.4380e-01)	Loss TOTAL 8.2804e-01 (8.3740e-01)
Epoch: [28][441/441]	L_Src_Sup 2.9757e-01 (2.0004e-01)	L_Trg_Inj 1.5996e-01 (2.9257e-01)	Loss Disc 6.8315e-01 (6.8049e-01)	Loss Pred 4.2680e-01 (4.4376e-01)	Loss TOTAL 9.5173e-01 (8.3766e-01)
Epoch 28 complete. Saving model state...
Epoch: [29][ 10/441]	L_Src_Sup 1.3224e-01 (1.8243e-01)	L_Trg_Inj 2.1254e-01 (2.8640e-01)	Loss Disc 6.8248e-01 (6.7956e-01)	Loss Pred 4.2673e-01 (4.4759e-01)	Loss TOTAL 8.0245e-01 (8.3557e-01)
Epoch: [29][ 20/441]	L_Src_Sup 2.0975e-01 (1.9435e-01)	L_Trg_Inj 3.8715e-01 (2.8270e-01)	Loss Disc 6.8441e-01 (6.8060e-01)	Loss Pred 4.0735e-01 (4.4545e-01)	Loss TOTAL 8.0925e-01 (8.3776e-01)
Epoch: [29][ 30/441]	L_Src_Sup 2.3160e-01 (1.9682e-01)	L_Trg_Inj 2.9893e-01 (2.8669e-01)	Loss Disc 6.8142e-01 (6.8086e-01)	Loss Pred 4.2681e-01 (4.4030e-01)	Loss TOTAL 8.2057e-01 (8.3258e-01)
Epoch: [29][ 40/441]	L_Src_Sup 1.6669e-01 (2.0351e-01)	L_Trg_Inj 2.5172e-01 (2.8760e-01)	Loss Disc 6.8201e-01 (6.8037e-01)	Loss Pred 4.5282e-01 (4.4288e-01)	Loss TOTAL 8.3567e-01 (8.3480e-01)
Epoch: [29][ 50/441]	L_Src_Sup 2.6543e-01 (2.1049e-01)	L_Trg_Inj 2.9599e-01 (2.8791e-01)	Loss Disc 6.8146e-01 (6.8058e-01)	Loss Pred 4.2673e-01 (4.4193e-01)	Loss TOTAL 8.2361e-01 (8.3536e-01)
Epoch: [29][ 60/441]	L_Src_Sup 8.2656e-02 (2.0306e-01)	L_Trg_Inj 2.0726e-01 (2.9028e-01)	Loss Disc 6.8268e-01 (6.8067e-01)	Loss Pred 4.2684e-01 (4.4128e-01)	Loss TOTAL 7.9717e-01 (8.3371e-01)
Epoch: [29][ 70/441]	L_Src_Sup 2.1714e-01 (2.0562e-01)	L_Trg_Inj 3.4454e-01 (2.9209e-01)	Loss Disc 6.8057e-01 (6.8051e-01)	Loss Pred 4.5338e-01 (4.4191e-01)	Loss TOTAL 8.4983e-01 (8.3525e-01)
Epoch: [29][ 80/441]	L_Src_Sup 2.2585e-01 (2.0514e-01)	L_Trg_Inj 3.4978e-01 (2.9581e-01)	Loss Disc 6.8406e-01 (6.8058e-01)	Loss Pred 4.0756e-01 (4.4059e-01)	Loss TOTAL 8.0715e-01 (8.3404e-01)
Epoch: [29][ 90/441]	L_Src_Sup 2.8341e-01 (2.0583e-01)	L_Trg_Inj 2.1235e-01 (2.9248e-01)	Loss Disc 6.8110e-01 (6.8049e-01)	Loss Pred 4.3298e-01 (4.4010e-01)	Loss TOTAL 8.9417e-01 (8.3399e-01)
Epoch: [29][100/441]	L_Src_Sup 1.2801e-01 (2.0068e-01)	L_Trg_Inj 2.1784e-01 (2.9140e-01)	Loss Disc 6.8732e-01 (6.8050e-01)	Loss Pred 4.0115e-01 (4.4053e-01)	Loss TOTAL 7.7940e-01 (8.3342e-01)
Epoch: [29][110/441]	L_Src_Sup 2.5808e-01 (1.9986e-01)	L_Trg_Inj 2.1738e-01 (2.8558e-01)	Loss Disc 6.8753e-01 (6.8073e-01)	Loss Pred 4.2761e-01 (4.3983e-01)	Loss TOTAL 8.5962e-01 (8.3274e-01)
Epoch: [29][120/441]	L_Src_Sup 2.6793e-01 (2.0115e-01)	L_Trg_Inj 3.8504e-01 (2.8610e-01)	Loss Disc 6.7006e-01 (6.8068e-01)	Loss Pred 5.0422e-01 (4.4088e-01)	Loss TOTAL 9.0455e-01 (8.3427e-01)
Epoch: [29][130/441]	L_Src_Sup 1.7900e-01 (2.0067e-01)	L_Trg_Inj 2.3811e-01 (2.8849e-01)	Loss Disc 6.8618e-01 (6.8074e-01)	Loss Pred 4.3389e-01 (4.4025e-01)	Loss TOTAL 8.1869e-01 (8.3353e-01)
Epoch: [29][140/441]	L_Src_Sup 2.5818e-01 (2.0184e-01)	L_Trg_Inj 2.4314e-01 (2.8815e-01)	Loss Disc 6.8510e-01 (6.8076e-01)	Loss Pred 4.0735e-01 (4.3970e-01)	Loss TOTAL 8.1506e-01 (8.3290e-01)
Epoch: [29][150/441]	L_Src_Sup 2.6898e-01 (2.0220e-01)	L_Trg_Inj 2.6346e-01 (2.8971e-01)	Loss Disc 6.7952e-01 (6.8073e-01)	Loss Pred 4.3933e-01 (4.3995e-01)	Loss TOTAL 8.3785e-01 (8.3341e-01)
Epoch: [29][160/441]	L_Src_Sup 2.1674e-01 (2.0447e-01)	L_Trg_Inj 2.6875e-01 (2.9120e-01)	Loss Disc 6.8054e-01 (6.8061e-01)	Loss Pred 4.3302e-01 (4.4054e-01)	Loss TOTAL 8.2184e-01 (8.3437e-01)
Epoch: [29][170/441]	L_Src_Sup 1.3459e-01 (2.0343e-01)	L_Trg_Inj 3.0019e-01 (2.9068e-01)	Loss Disc 6.8004e-01 (6.8052e-01)	Loss Pred 4.5955e-01 (4.4138e-01)	Loss TOTAL 8.4304e-01 (8.3495e-01)
Epoch: [29][180/441]	L_Src_Sup 2.3841e-01 (2.0675e-01)	L_Trg_Inj 3.5280e-01 (2.9098e-01)	Loss Disc 6.7683e-01 (6.8057e-01)	Loss Pred 4.4585e-01 (4.4086e-01)	Loss TOTAL 8.4338e-01 (8.3626e-01)
Epoch: [29][190/441]	L_Src_Sup 2.0893e-01 (2.0746e-01)	L_Trg_Inj 3.3379e-01 (2.9127e-01)	Loss Disc 6.7354e-01 (6.8061e-01)	Loss Pred 4.6559e-01 (4.4123e-01)	Loss TOTAL 8.5663e-01 (8.3696e-01)
Epoch: [29][200/441]	L_Src_Sup 1.9843e-01 (2.0677e-01)	L_Trg_Inj 2.8128e-01 (2.9071e-01)	Loss Disc 6.8183e-01 (6.8061e-01)	Loss Pred 4.2713e-01 (4.4146e-01)	Loss TOTAL 8.1602e-01 (8.3702e-01)
Epoch: [29][210/441]	L_Src_Sup 1.8490e-01 (2.0562e-01)	L_Trg_Inj 4.3185e-01 (2.9151e-01)	Loss Disc 6.7865e-01 (6.8058e-01)	Loss Pred 4.5984e-01 (4.4200e-01)	Loss TOTAL 8.6083e-01 (8.3739e-01)
Epoch: [29][220/441]	L_Src_Sup 2.8802e-01 (2.0588e-01)	L_Trg_Inj 2.3218e-01 (2.9257e-01)	Loss Disc 6.8879e-01 (6.8058e-01)	Loss Pred 4.2160e-01 (4.4207e-01)	Loss TOTAL 8.7385e-01 (8.3769e-01)
Epoch: [29][230/441]	L_Src_Sup 1.3793e-01 (2.0483e-01)	L_Trg_Inj 4.3772e-01 (2.9482e-01)	Loss Disc 6.7563e-01 (6.8051e-01)	Loss Pred 4.9894e-01 (4.4251e-01)	Loss TOTAL 8.9432e-01 (8.3798e-01)
Epoch: [29][240/441]	L_Src_Sup 2.1315e-01 (2.0511e-01)	L_Trg_Inj 2.7876e-01 (2.9489e-01)	Loss Disc 6.8440e-01 (6.8055e-01)	Loss Pred 4.4020e-01 (4.4255e-01)	Loss TOTAL 8.3159e-01 (8.3802e-01)
Epoch: [29][250/441]	L_Src_Sup 2.5645e-01 (2.0527e-01)	L_Trg_Inj 2.5823e-01 (2.9616e-01)	Loss Disc 6.7754e-01 (6.8054e-01)	Loss Pred 4.5215e-01 (4.4262e-01)	Loss TOTAL 8.4238e-01 (8.3803e-01)
Epoch: [29][260/441]	L_Src_Sup 1.8502e-01 (2.0553e-01)	L_Trg_Inj 3.3307e-01 (2.9599e-01)	Loss Disc 6.7850e-01 (6.8049e-01)	Loss Pred 4.3985e-01 (4.4289e-01)	Loss TOTAL 8.3091e-01 (8.3818e-01)
Epoch: [29][270/441]	L_Src_Sup 1.3679e-01 (2.0501e-01)	L_Trg_Inj 2.7410e-01 (2.9639e-01)	Loss Disc 6.7939e-01 (6.8047e-01)	Loss Pred 4.3921e-01 (4.4316e-01)	Loss TOTAL 8.1999e-01 (8.3852e-01)
Epoch: [29][280/441]	L_Src_Sup 2.0172e-01 (2.0422e-01)	L_Trg_Inj 2.3798e-01 (2.9536e-01)	Loss Disc 6.8103e-01 (6.8047e-01)	Loss Pred 4.5949e-01 (4.4321e-01)	Loss TOTAL 8.4397e-01 (8.3868e-01)
Epoch: [29][290/441]	L_Src_Sup 2.9335e-01 (2.0399e-01)	L_Trg_Inj 2.6462e-01 (2.9509e-01)	Loss Disc 6.7559e-01 (6.8050e-01)	Loss Pred 4.5870e-01 (4.4321e-01)	Loss TOTAL 8.8102e-01 (8.3877e-01)
Epoch: [29][300/441]	L_Src_Sup 2.0968e-01 (2.0361e-01)	L_Trg_Inj 3.2321e-01 (2.9622e-01)	Loss Disc 6.8616e-01 (6.8052e-01)	Loss Pred 4.2822e-01 (4.4310e-01)	Loss TOTAL 8.2459e-01 (8.3857e-01)
Epoch: [29][310/441]	L_Src_Sup 2.7373e-01 (2.0280e-01)	L_Trg_Inj 2.9604e-01 (2.9604e-01)	Loss Disc 6.7785e-01 (6.8055e-01)	Loss Pred 4.7283e-01 (4.4334e-01)	Loss TOTAL 8.6873e-01 (8.3855e-01)
Epoch: [29][320/441]	L_Src_Sup 1.3226e-01 (2.0124e-01)	L_Trg_Inj 3.6169e-01 (2.9604e-01)	Loss Disc 6.8141e-01 (6.8058e-01)	Loss Pred 4.4705e-01 (4.4330e-01)	Loss TOTAL 8.3715e-01 (8.3821e-01)
Epoch: [29][330/441]	L_Src_Sup 2.0524e-01 (2.0093e-01)	L_Trg_Inj 2.7252e-01 (2.9483e-01)	Loss Disc 6.7648e-01 (6.8057e-01)	Loss Pred 4.5234e-01 (4.4311e-01)	Loss TOTAL 8.3836e-01 (8.3834e-01)
Epoch: [29][340/441]	L_Src_Sup 2.7327e-01 (2.0103e-01)	L_Trg_Inj 2.8698e-01 (2.9433e-01)	Loss Disc 6.7916e-01 (6.8066e-01)	Loss Pred 4.6617e-01 (4.4285e-01)	Loss TOTAL 8.6178e-01 (8.3801e-01)
Epoch: [29][350/441]	L_Src_Sup 8.2670e-02 (2.0072e-01)	L_Trg_Inj 2.8721e-01 (2.9495e-01)	Loss Disc 6.8401e-01 (6.8062e-01)	Loss Pred 4.6531e-01 (4.4309e-01)	Loss TOTAL 8.4430e-01 (8.3811e-01)
Epoch: [29][360/441]	L_Src_Sup 1.4226e-01 (2.0083e-01)	L_Trg_Inj 3.3382e-01 (2.9393e-01)	Loss Disc 6.7086e-01 (6.8063e-01)	Loss Pred 4.7768e-01 (4.4285e-01)	Loss TOTAL 8.6072e-01 (8.3817e-01)
Epoch: [29][370/441]	L_Src_Sup 2.1542e-01 (2.0159e-01)	L_Trg_Inj 3.8986e-01 (2.9425e-01)	Loss Disc 6.8058e-01 (6.8066e-01)	Loss Pred 4.2674e-01 (4.4261e-01)	Loss TOTAL 8.2755e-01 (8.3790e-01)
Epoch: [29][380/441]	L_Src_Sup 1.5129e-01 (2.0197e-01)	L_Trg_Inj 3.4548e-01 (2.9500e-01)	Loss Disc 6.8096e-01 (6.8067e-01)	Loss Pred 4.8039e-01 (4.4271e-01)	Loss TOTAL 8.7055e-01 (8.3812e-01)
Epoch: [29][390/441]	L_Src_Sup 2.1667e-01 (2.0178e-01)	L_Trg_Inj 2.8368e-01 (2.9517e-01)	Loss Disc 6.8183e-01 (6.8066e-01)	Loss Pred 4.5352e-01 (4.4288e-01)	Loss TOTAL 8.4447e-01 (8.3823e-01)
Epoch: [29][400/441]	L_Src_Sup 1.8137e-01 (2.0125e-01)	L_Trg_Inj 2.5584e-01 (2.9583e-01)	Loss Disc 6.8221e-01 (6.8067e-01)	Loss Pred 4.2672e-01 (4.4261e-01)	Loss TOTAL 8.1155e-01 (8.3784e-01)
Epoch: [29][410/441]	L_Src_Sup 1.1449e-01 (2.0133e-01)	L_Trg_Inj 3.3435e-01 (2.9612e-01)	Loss Disc 6.8464e-01 (6.8069e-01)	Loss Pred 4.3428e-01 (4.4253e-01)	Loss TOTAL 8.2148e-01 (8.3772e-01)
Epoch: [29][420/441]	L_Src_Sup 1.7141e-01 (2.0122e-01)	L_Trg_Inj 2.5213e-01 (2.9572e-01)	Loss Disc 6.7726e-01 (6.8070e-01)	Loss Pred 4.5195e-01 (4.4258e-01)	Loss TOTAL 8.3293e-01 (8.3771e-01)
Epoch: [29][430/441]	L_Src_Sup 2.7590e-01 (2.0171e-01)	L_Trg_Inj 2.9177e-01 (2.9633e-01)	Loss Disc 6.7654e-01 (6.8064e-01)	Loss Pred 4.7888e-01 (4.4297e-01)	Loss TOTAL 8.7391e-01 (8.3818e-01)
Epoch: [29][440/441]	L_Src_Sup 2.3976e-01 (2.0209e-01)	L_Trg_Inj 2.1780e-01 (2.9627e-01)	Loss Disc 6.7747e-01 (6.8060e-01)	Loss Pred 4.5172e-01 (4.4337e-01)	Loss TOTAL 8.5817e-01 (8.3854e-01)
Epoch: [29][441/441]	L_Src_Sup 1.5129e-01 (2.0198e-01)	L_Trg_Inj 2.1594e-01 (2.9609e-01)	Loss Disc 6.8013e-01 (6.8060e-01)	Loss Pred 4.3953e-01 (4.4336e-01)	Loss TOTAL 8.1631e-01 (8.3849e-01)
Epoch 29 complete. Saving model state...
Epoch: [30][ 10/441]	L_Src_Sup 2.5020e-01 (1.8754e-01)	L_Trg_Inj 2.9512e-01 (2.6952e-01)	Loss Disc 6.8171e-01 (6.8217e-01)	Loss Pred 4.5336e-01 (4.3136e-01)	Loss TOTAL 8.4875e-01 (8.1863e-01)
Epoch: [30][ 20/441]	L_Src_Sup 1.7889e-01 (1.9930e-01)	L_Trg_Inj 4.6451e-01 (3.1050e-01)	Loss Disc 6.8108e-01 (6.8132e-01)	Loss Pred 4.1399e-01 (4.3529e-01)	Loss TOTAL 8.1887e-01 (8.2717e-01)
Epoch: [30][ 30/441]	L_Src_Sup 2.7372e-01 (2.0432e-01)	L_Trg_Inj 2.3312e-01 (3.0013e-01)	Loss Disc 6.7853e-01 (6.8112e-01)	Loss Pred 4.7240e-01 (4.3698e-01)	Loss TOTAL 9.0296e-01 (8.3016e-01)
Epoch: [30][ 40/441]	L_Src_Sup 1.9382e-01 (2.0517e-01)	L_Trg_Inj 3.1930e-01 (3.0268e-01)	Loss Disc 6.7375e-01 (6.8050e-01)	Loss Pred 4.9126e-01 (4.3989e-01)	Loss TOTAL 8.7944e-01 (8.3299e-01)
Epoch: [30][ 50/441]	L_Src_Sup 2.9762e-01 (2.0634e-01)	L_Trg_Inj 2.6790e-01 (3.0288e-01)	Loss Disc 6.8335e-01 (6.8052e-01)	Loss Pred 4.4693e-01 (4.3920e-01)	Loss TOTAL 8.7487e-01 (8.3354e-01)
Epoch: [30][ 60/441]	L_Src_Sup 2.2835e-01 (2.0392e-01)	L_Trg_Inj 3.9184e-01 (3.0620e-01)	Loss Disc 6.7413e-01 (6.8063e-01)	Loss Pred 5.1071e-01 (4.4041e-01)	Loss TOTAL 9.0979e-01 (8.3451e-01)
Epoch: [30][ 70/441]	L_Src_Sup 1.5001e-01 (2.0162e-01)	L_Trg_Inj 2.9556e-01 (3.0656e-01)	Loss Disc 6.8164e-01 (6.8051e-01)	Loss Pred 4.5308e-01 (4.4190e-01)	Loss TOTAL 8.3845e-01 (8.3547e-01)
Epoch: [30][ 80/441]	L_Src_Sup 1.6532e-01 (2.0014e-01)	L_Trg_Inj 2.5333e-01 (3.0629e-01)	Loss Disc 6.8202e-01 (6.8006e-01)	Loss Pred 4.2637e-01 (4.4419e-01)	Loss TOTAL 8.0925e-01 (8.3704e-01)
Epoch: [30][ 90/441]	L_Src_Sup 8.3535e-02 (1.9982e-01)	L_Trg_Inj 4.0896e-01 (3.0384e-01)	Loss Disc 6.8064e-01 (6.8033e-01)	Loss Pred 4.5351e-01 (4.4363e-01)	Loss TOTAL 8.4308e-01 (8.3674e-01)
Epoch: [30][100/441]	L_Src_Sup 2.1233e-01 (2.0010e-01)	L_Trg_Inj 2.8446e-01 (3.0679e-01)	Loss Disc 6.8395e-01 (6.8030e-01)	Loss Pred 4.1477e-01 (4.4313e-01)	Loss TOTAL 8.0643e-01 (8.3638e-01)
Epoch: [30][110/441]	L_Src_Sup 2.6015e-01 (2.0396e-01)	L_Trg_Inj 2.5890e-01 (3.0430e-01)	Loss Disc 6.7691e-01 (6.8022e-01)	Loss Pred 4.5215e-01 (4.4426e-01)	Loss TOTAL 8.4376e-01 (8.3806e-01)
Epoch: [30][120/441]	L_Src_Sup 1.1881e-01 (2.0373e-01)	L_Trg_Inj 2.9989e-01 (3.0499e-01)	Loss Disc 6.8040e-01 (6.8041e-01)	Loss Pred 4.8660e-01 (4.4353e-01)	Loss TOTAL 8.6867e-01 (8.3723e-01)
Epoch: [30][130/441]	L_Src_Sup 2.3166e-01 (2.0266e-01)	L_Trg_Inj 1.7741e-01 (3.0431e-01)	Loss Disc 6.8332e-01 (6.8041e-01)	Loss Pred 4.2660e-01 (4.4359e-01)	Loss TOTAL 8.6342e-01 (8.3733e-01)
Epoch: [30][140/441]	L_Src_Sup 2.3532e-01 (2.0480e-01)	L_Trg_Inj 2.3355e-01 (3.0592e-01)	Loss Disc 6.8117e-01 (6.8037e-01)	Loss Pred 4.5970e-01 (4.4364e-01)	Loss TOTAL 8.4894e-01 (8.3754e-01)
Epoch: [30][150/441]	L_Src_Sup 1.8806e-01 (2.0406e-01)	L_Trg_Inj 3.1605e-01 (3.0683e-01)	Loss Disc 6.7614e-01 (6.8032e-01)	Loss Pred 4.5234e-01 (4.4381e-01)	Loss TOTAL 8.4082e-01 (8.3753e-01)
Epoch: [30][160/441]	L_Src_Sup 1.5136e-01 (2.0501e-01)	L_Trg_Inj 2.6689e-01 (3.0561e-01)	Loss Disc 6.7942e-01 (6.8025e-01)	Loss Pred 4.3940e-01 (4.4416e-01)	Loss TOTAL 8.2093e-01 (8.3804e-01)
Epoch: [30][170/441]	L_Src_Sup 2.5863e-01 (2.0573e-01)	L_Trg_Inj 3.1453e-01 (3.0524e-01)	Loss Disc 6.7575e-01 (6.8004e-01)	Loss Pred 4.7956e-01 (4.4492e-01)	Loss TOTAL 8.7475e-01 (8.3908e-01)
Epoch: [30][180/441]	L_Src_Sup 2.4393e-01 (2.0586e-01)	L_Trg_Inj 3.2295e-01 (3.0552e-01)	Loss Disc 6.8357e-01 (6.8003e-01)	Loss Pred 4.1394e-01 (4.4493e-01)	Loss TOTAL 8.1242e-01 (8.3896e-01)
Epoch: [30][190/441]	L_Src_Sup 1.5306e-01 (2.0561e-01)	L_Trg_Inj 2.1826e-01 (3.0301e-01)	Loss Disc 6.7734e-01 (6.7999e-01)	Loss Pred 4.8306e-01 (4.4505e-01)	Loss TOTAL 8.5886e-01 (8.3888e-01)
Epoch: [30][200/441]	L_Src_Sup 1.6814e-01 (2.0659e-01)	L_Trg_Inj 2.1038e-01 (3.0252e-01)	Loss Disc 6.8162e-01 (6.8002e-01)	Loss Pred 4.5970e-01 (4.4531e-01)	Loss TOTAL 8.3836e-01 (8.4019e-01)
Epoch: [30][210/441]	L_Src_Sup 1.9675e-01 (2.0686e-01)	L_Trg_Inj 3.0356e-01 (3.0141e-01)	Loss Disc 6.8259e-01 (6.8004e-01)	Loss Pred 4.2054e-01 (4.4504e-01)	Loss TOTAL 8.1187e-01 (8.4023e-01)
Epoch: [30][220/441]	L_Src_Sup 2.7870e-01 (2.0809e-01)	L_Trg_Inj 2.1951e-01 (3.0193e-01)	Loss Disc 6.8399e-01 (6.8011e-01)	Loss Pred 4.2066e-01 (4.4470e-01)	Loss TOTAL 8.7166e-01 (8.4026e-01)
Epoch: [30][230/441]	L_Src_Sup 2.5675e-01 (2.0838e-01)	L_Trg_Inj 4.0254e-01 (3.0303e-01)	Loss Disc 6.7956e-01 (6.8010e-01)	Loss Pred 4.5373e-01 (4.4495e-01)	Loss TOTAL 8.5944e-01 (8.4045e-01)
Epoch: [30][240/441]	L_Src_Sup 2.1318e-01 (2.0833e-01)	L_Trg_Inj 2.6469e-01 (3.0211e-01)	Loss Disc 6.8310e-01 (6.8009e-01)	Loss Pred 4.2035e-01 (4.4519e-01)	Loss TOTAL 8.0969e-01 (8.4079e-01)
Epoch: [30][250/441]	L_Src_Sup 2.5461e-01 (2.0811e-01)	L_Trg_Inj 3.1227e-01 (3.0186e-01)	Loss Disc 6.8004e-01 (6.8013e-01)	Loss Pred 4.8649e-01 (4.4507e-01)	Loss TOTAL 8.8320e-01 (8.4063e-01)
Epoch: [30][260/441]	L_Src_Sup 1.6813e-01 (2.0708e-01)	L_Trg_Inj 3.3066e-01 (3.0187e-01)	Loss Disc 6.7967e-01 (6.8020e-01)	Loss Pred 4.6020e-01 (4.4445e-01)	Loss TOTAL 8.4991e-01 (8.3978e-01)
Epoch: [30][270/441]	L_Src_Sup 2.8822e-01 (2.0613e-01)	L_Trg_Inj 2.7055e-01 (3.0198e-01)	Loss Disc 6.7766e-01 (6.8022e-01)	Loss Pred 4.4603e-01 (4.4404e-01)	Loss TOTAL 8.5840e-01 (8.3920e-01)
Epoch: [30][280/441]	L_Src_Sup 2.2581e-01 (2.0613e-01)	L_Trg_Inj 2.8501e-01 (3.0131e-01)	Loss Disc 6.8542e-01 (6.8026e-01)	Loss Pred 4.0751e-01 (4.4394e-01)	Loss TOTAL 8.0130e-01 (8.3896e-01)
Epoch: [30][290/441]	L_Src_Sup 2.1487e-01 (2.0562e-01)	L_Trg_Inj 2.5692e-01 (3.0043e-01)	Loss Disc 6.8179e-01 (6.8024e-01)	Loss Pred 4.2665e-01 (4.4399e-01)	Loss TOTAL 8.1472e-01 (8.3871e-01)
Epoch: [30][300/441]	L_Src_Sup 2.4780e-01 (2.0498e-01)	L_Trg_Inj 3.1772e-01 (2.9968e-01)	Loss Disc 6.7173e-01 (6.8017e-01)	Loss Pred 4.9763e-01 (4.4454e-01)	Loss TOTAL 8.9005e-01 (8.3902e-01)
Epoch: [30][310/441]	L_Src_Sup 1.6260e-01 (2.0451e-01)	L_Trg_Inj 2.0400e-01 (2.9918e-01)	Loss Disc 6.8526e-01 (6.8027e-01)	Loss Pred 4.1404e-01 (4.4406e-01)	Loss TOTAL 7.9333e-01 (8.3854e-01)
Epoch: [30][320/441]	L_Src_Sup 2.8572e-01 (2.0482e-01)	L_Trg_Inj 2.4598e-01 (2.9861e-01)	Loss Disc 6.7977e-01 (6.8031e-01)	Loss Pred 4.3932e-01 (4.4365e-01)	Loss TOTAL 8.7212e-01 (8.3825e-01)
Epoch: [30][330/441]	L_Src_Sup 2.3337e-01 (2.0485e-01)	L_Trg_Inj 3.5763e-01 (2.9793e-01)	Loss Disc 6.8210e-01 (6.8034e-01)	Loss Pred 4.7376e-01 (4.4399e-01)	Loss TOTAL 8.7391e-01 (8.3872e-01)
Epoch: [30][340/441]	L_Src_Sup 1.5386e-01 (2.0440e-01)	L_Trg_Inj 3.7346e-01 (2.9768e-01)	Loss Disc 6.7665e-01 (6.8036e-01)	Loss Pred 4.7219e-01 (4.4422e-01)	Loss TOTAL 8.6325e-01 (8.3876e-01)
Epoch: [30][350/441]	L_Src_Sup 1.6683e-01 (2.0436e-01)	L_Trg_Inj 3.0024e-01 (2.9709e-01)	Loss Disc 6.8101e-01 (6.8039e-01)	Loss Pred 4.5357e-01 (4.4410e-01)	Loss TOTAL 8.4079e-01 (8.3856e-01)
Epoch: [30][360/441]	L_Src_Sup 2.1671e-01 (2.0396e-01)	L_Trg_Inj 3.7294e-01 (2.9701e-01)	Loss Disc 6.7905e-01 (6.8032e-01)	Loss Pred 4.3301e-01 (4.4437e-01)	Loss TOTAL 8.3150e-01 (8.3864e-01)
Epoch: [30][370/441]	L_Src_Sup 2.4606e-01 (2.0441e-01)	L_Trg_Inj 3.0249e-01 (2.9606e-01)	Loss Disc 6.8402e-01 (6.8039e-01)	Loss Pred 4.1398e-01 (4.4403e-01)	Loss TOTAL 8.1084e-01 (8.3828e-01)
Epoch: [30][380/441]	L_Src_Sup 2.0034e-01 (2.0496e-01)	L_Trg_Inj 1.7395e-01 (2.9566e-01)	Loss Disc 6.8591e-01 (6.8046e-01)	Loss Pred 4.9436e-01 (4.4402e-01)	Loss TOTAL 9.0114e-01 (8.3866e-01)
Epoch: [30][390/441]	L_Src_Sup 1.7270e-01 (2.0516e-01)	L_Trg_Inj 3.4869e-01 (2.9563e-01)	Loss Disc 6.7471e-01 (6.8046e-01)	Loss Pred 4.5860e-01 (4.4386e-01)	Loss TOTAL 8.4810e-01 (8.3859e-01)
Epoch: [30][400/441]	L_Src_Sup 2.3732e-01 (2.0543e-01)	L_Trg_Inj 3.3298e-01 (2.9547e-01)	Loss Disc 6.7873e-01 (6.8047e-01)	Loss Pred 4.6603e-01 (4.4394e-01)	Loss TOTAL 8.6243e-01 (8.3885e-01)
Epoch: [30][410/441]	L_Src_Sup 2.1249e-01 (2.0495e-01)	L_Trg_Inj 3.4876e-01 (2.9600e-01)	Loss Disc 6.7104e-01 (6.8050e-01)	Loss Pred 4.7799e-01 (4.4371e-01)	Loss TOTAL 8.6964e-01 (8.3853e-01)
Epoch: [30][420/441]	L_Src_Sup 1.5386e-01 (2.0484e-01)	L_Trg_Inj 4.6732e-01 (2.9741e-01)	Loss Disc 6.7535e-01 (6.8046e-01)	Loss Pred 4.7221e-01 (4.4390e-01)	Loss TOTAL 8.7200e-01 (8.3882e-01)
Epoch: [30][430/441]	L_Src_Sup 3.4717e-01 (2.0574e-01)	L_Trg_Inj 2.6490e-01 (2.9800e-01)	Loss Disc 6.8211e-01 (6.8047e-01)	Loss Pred 4.2696e-01 (4.4371e-01)	Loss TOTAL 9.1149e-01 (8.3887e-01)
Epoch: [30][440/441]	L_Src_Sup 3.0905e-01 (2.0640e-01)	L_Trg_Inj 2.3703e-01 (2.9860e-01)	Loss Disc 6.8632e-01 (6.8047e-01)	Loss Pred 4.3453e-01 (4.4376e-01)	Loss TOTAL 9.0431e-01 (8.3911e-01)
Epoch: [30][441/441]	L_Src_Sup 3.0769e-01 (2.0663e-01)	L_Trg_Inj 2.9792e-01 (2.9860e-01)	Loss Disc 6.8292e-01 (6.8048e-01)	Loss Pred 4.2016e-01 (4.4371e-01)	Loss TOTAL 8.3196e-01 (8.3909e-01)
Epoch 30 complete. Saving model state...
Epoch: [31][ 10/441]	L_Src_Sup 2.8337e-01 (2.2081e-01)	L_Trg_Inj 3.6216e-01 (2.8454e-01)	Loss Disc 6.7988e-01 (6.8154e-01)	Loss Pred 4.3328e-01 (4.5043e-01)	Loss TOTAL 8.3777e-01 (8.4401e-01)
Epoch: [31][ 20/441]	L_Src_Sup 1.4884e-01 (2.1827e-01)	L_Trg_Inj 4.0715e-01 (3.1118e-01)	Loss Disc 6.8123e-01 (6.8079e-01)	Loss Pred 4.4699e-01 (4.4592e-01)	Loss TOTAL 8.4320e-01 (8.4203e-01)
Epoch: [31][ 30/441]	L_Src_Sup 1.0087e-01 (2.0657e-01)	L_Trg_Inj 2.9144e-01 (3.0230e-01)	Loss Disc 6.7916e-01 (6.8040e-01)	Loss Pred 4.3958e-01 (4.4713e-01)	Loss TOTAL 8.1840e-01 (8.4006e-01)
Epoch: [31][ 40/441]	L_Src_Sup 1.7013e-01 (2.0874e-01)	L_Trg_Inj 2.9046e-01 (3.0508e-01)	Loss Disc 6.7725e-01 (6.7990e-01)	Loss Pred 4.4565e-01 (4.4886e-01)	Loss TOTAL 8.3034e-01 (8.4158e-01)
Epoch: [31][ 50/441]	L_Src_Sup 2.5037e-01 (2.0918e-01)	L_Trg_Inj 3.9377e-01 (3.0977e-01)	Loss Disc 6.7853e-01 (6.7980e-01)	Loss Pred 4.3306e-01 (4.4810e-01)	Loss TOTAL 8.3674e-01 (8.4204e-01)
Epoch: [31][ 60/441]	L_Src_Sup 2.1333e-01 (2.1504e-01)	L_Trg_Inj 2.7468e-01 (3.0961e-01)	Loss Disc 6.8316e-01 (6.7996e-01)	Loss Pred 4.2065e-01 (4.4719e-01)	Loss TOTAL 8.1103e-01 (8.4339e-01)
Epoch: [31][ 70/441]	L_Src_Sup 1.8034e-01 (2.0945e-01)	L_Trg_Inj 2.5226e-01 (3.0717e-01)	Loss Disc 6.8330e-01 (6.8016e-01)	Loss Pred 4.1985e-01 (4.4552e-01)	Loss TOTAL 8.0476e-01 (8.4064e-01)
Epoch: [31][ 80/441]	L_Src_Sup 1.5002e-01 (2.0803e-01)	L_Trg_Inj 2.5395e-01 (3.0011e-01)	Loss Disc 6.8081e-01 (6.8020e-01)	Loss Pred 4.3271e-01 (4.4546e-01)	Loss TOTAL 8.1351e-01 (8.4011e-01)
Epoch: [31][ 90/441]	L_Src_Sup 1.7747e-01 (2.0958e-01)	L_Trg_Inj 2.5536e-01 (3.0324e-01)	Loss Disc 6.8606e-01 (6.8027e-01)	Loss Pred 4.0783e-01 (4.4455e-01)	Loss TOTAL 7.9414e-01 (8.3928e-01)
Epoch: [31][100/441]	L_Src_Sup 2.4607e-01 (2.1040e-01)	L_Trg_Inj 2.2282e-01 (3.0400e-01)	Loss Disc 6.8415e-01 (6.8039e-01)	Loss Pred 4.2056e-01 (4.4357e-01)	Loss TOTAL 8.3278e-01 (8.3913e-01)
Epoch: [31][110/441]	L_Src_Sup 2.4602e-01 (2.1280e-01)	L_Trg_Inj 2.1595e-01 (3.0154e-01)	Loss Disc 6.8407e-01 (6.8050e-01)	Loss Pred 4.1999e-01 (4.4325e-01)	Loss TOTAL 8.3829e-01 (8.3925e-01)
Epoch: [31][120/441]	L_Src_Sup 2.1539e-01 (2.1218e-01)	L_Trg_Inj 3.2244e-01 (3.0215e-01)	Loss Disc 6.8146e-01 (6.8050e-01)	Loss Pred 4.2652e-01 (4.4279e-01)	Loss TOTAL 8.2103e-01 (8.3927e-01)
Epoch: [31][130/441]	L_Src_Sup 2.0187e-01 (2.1231e-01)	L_Trg_Inj 3.3682e-01 (3.0353e-01)	Loss Disc 6.8129e-01 (6.8054e-01)	Loss Pred 4.8083e-01 (4.4321e-01)	Loss TOTAL 8.7534e-01 (8.3978e-01)
Epoch: [31][140/441]	L_Src_Sup 1.6679e-01 (2.1208e-01)	L_Trg_Inj 3.6849e-01 (3.0468e-01)	Loss Disc 6.7957e-01 (6.8057e-01)	Loss Pred 4.3299e-01 (4.4260e-01)	Loss TOTAL 8.2630e-01 (8.3898e-01)
Epoch: [31][150/441]	L_Src_Sup 1.7888e-01 (2.1113e-01)	L_Trg_Inj 3.0546e-01 (3.0498e-01)	Loss Disc 6.8548e-01 (6.8056e-01)	Loss Pred 4.3449e-01 (4.4335e-01)	Loss TOTAL 8.2567e-01 (8.3957e-01)
Epoch: [31][160/441]	L_Src_Sup 2.3340e-01 (2.1007e-01)	L_Trg_Inj 3.9471e-01 (3.0634e-01)	Loss Disc 6.7907e-01 (6.8067e-01)	Loss Pred 4.3277e-01 (4.4227e-01)	Loss TOTAL 8.3512e-01 (8.3830e-01)
Epoch: [31][170/441]	L_Src_Sup 2.2416e-01 (2.0983e-01)	L_Trg_Inj 2.3917e-01 (3.0764e-01)	Loss Disc 6.7890e-01 (6.8068e-01)	Loss Pred 4.9920e-01 (4.4209e-01)	Loss TOTAL 8.8499e-01 (8.3805e-01)
Epoch: [31][180/441]	L_Src_Sup 1.8042e-01 (2.0970e-01)	L_Trg_Inj 2.5492e-01 (3.0724e-01)	Loss Disc 6.8478e-01 (6.8071e-01)	Loss Pred 4.4051e-01 (4.4237e-01)	Loss TOTAL 8.2644e-01 (8.3868e-01)
Epoch: [31][190/441]	L_Src_Sup 1.6817e-01 (2.0923e-01)	L_Trg_Inj 2.3435e-01 (3.0731e-01)	Loss Disc 6.7991e-01 (6.8069e-01)	Loss Pred 4.3948e-01 (4.4269e-01)	Loss TOTAL 8.1968e-01 (8.3873e-01)
Epoch: [31][200/441]	L_Src_Sup 2.9331e-01 (2.1004e-01)	L_Trg_Inj 2.6770e-01 (3.0778e-01)	Loss Disc 6.7691e-01 (6.8058e-01)	Loss Pred 4.7910e-01 (4.4328e-01)	Loss TOTAL 8.9926e-01 (8.3944e-01)
Epoch: [31][210/441]	L_Src_Sup 1.6224e-01 (2.0922e-01)	L_Trg_Inj 3.3722e-01 (3.1051e-01)	Loss Disc 6.7122e-01 (6.8051e-01)	Loss Pred 5.3059e-01 (4.4362e-01)	Loss TOTAL 9.1615e-01 (8.3974e-01)
Epoch: [31][220/441]	L_Src_Sup 1.8668e-01 (2.0752e-01)	L_Trg_Inj 1.9694e-01 (3.0862e-01)	Loss Disc 6.8036e-01 (6.8056e-01)	Loss Pred 4.8631e-01 (4.4357e-01)	Loss TOTAL 8.6485e-01 (8.3919e-01)
Epoch: [31][230/441]	L_Src_Sup 1.6658e-01 (2.0760e-01)	L_Trg_Inj 3.7661e-01 (3.0772e-01)	Loss Disc 6.8296e-01 (6.8056e-01)	Loss Pred 4.4076e-01 (4.4360e-01)	Loss TOTAL 8.3656e-01 (8.3994e-01)
Epoch: [31][240/441]	L_Src_Sup 1.8649e-01 (2.0737e-01)	L_Trg_Inj 2.3850e-01 (3.0767e-01)	Loss Disc 6.8044e-01 (6.8056e-01)	Loss Pred 4.6632e-01 (4.4372e-01)	Loss TOTAL 8.4904e-01 (8.4008e-01)
Epoch: [31][250/441]	L_Src_Sup 2.2238e-01 (2.0624e-01)	L_Trg_Inj 2.5082e-01 (3.0678e-01)	Loss Disc 6.7794e-01 (6.8060e-01)	Loss Pred 4.7265e-01 (4.4331e-01)	Loss TOTAL 8.5894e-01 (8.3931e-01)
Epoch: [31][260/441]	L_Src_Sup 1.7095e-01 (2.0634e-01)	L_Trg_Inj 3.1847e-01 (3.0694e-01)	Loss Disc 6.7569e-01 (6.8048e-01)	Loss Pred 4.5186e-01 (4.4366e-01)	Loss TOTAL 8.3864e-01 (8.3951e-01)
Epoch: [31][270/441]	L_Src_Sup 1.9426e-01 (2.0589e-01)	L_Trg_Inj 3.1821e-01 (3.0566e-01)	Loss Disc 6.7608e-01 (6.8043e-01)	Loss Pred 4.7896e-01 (4.4378e-01)	Loss TOTAL 8.6825e-01 (8.3954e-01)
Epoch: [31][280/441]	L_Src_Sup 2.6983e-01 (2.0561e-01)	L_Trg_Inj 2.5864e-01 (3.0408e-01)	Loss Disc 6.8858e-01 (6.8047e-01)	Loss Pred 3.9509e-01 (4.4350e-01)	Loss TOTAL 8.0342e-01 (8.3955e-01)
Epoch: [31][290/441]	L_Src_Sup 2.6668e-01 (2.0452e-01)	L_Trg_Inj 3.5321e-01 (3.0406e-01)	Loss Disc 6.7952e-01 (6.8052e-01)	Loss Pred 4.3340e-01 (4.4313e-01)	Loss TOTAL 8.3515e-01 (8.3892e-01)
Epoch: [31][300/441]	L_Src_Sup 1.9513e-01 (2.0518e-01)	L_Trg_Inj 2.2364e-01 (3.0359e-01)	Loss Disc 6.8511e-01 (6.8045e-01)	Loss Pred 4.1397e-01 (4.4348e-01)	Loss TOTAL 7.9841e-01 (8.3936e-01)
Epoch: [31][310/441]	L_Src_Sup 2.5645e-01 (2.0554e-01)	L_Trg_Inj 2.8299e-01 (3.0347e-01)	Loss Disc 6.7671e-01 (6.8045e-01)	Loss Pred 4.5255e-01 (4.4383e-01)	Loss TOTAL 8.4485e-01 (8.3976e-01)
Epoch: [31][320/441]	L_Src_Sup 5.0427e-02 (2.0551e-01)	L_Trg_Inj 3.2308e-01 (3.0443e-01)	Loss Disc 6.7872e-01 (6.8052e-01)	Loss Pred 4.3938e-01 (4.4345e-01)	Loss TOTAL 8.1609e-01 (8.3936e-01)
Epoch: [31][330/441]	L_Src_Sup 1.5309e-01 (2.0468e-01)	L_Trg_Inj 2.8546e-01 (3.0451e-01)	Loss Disc 6.8034e-01 (6.8048e-01)	Loss Pred 4.8664e-01 (4.4352e-01)	Loss TOTAL 8.7066e-01 (8.3919e-01)
Epoch: [31][340/441]	L_Src_Sup 1.1765e-01 (2.0440e-01)	L_Trg_Inj 1.5785e-01 (3.0393e-01)	Loss Disc 6.8068e-01 (6.8044e-01)	Loss Pred 4.3937e-01 (4.4378e-01)	Loss TOTAL 8.0726e-01 (8.3931e-01)
Epoch: [31][350/441]	L_Src_Sup 2.0342e-01 (2.0385e-01)	L_Trg_Inj 2.6322e-01 (3.0367e-01)	Loss Disc 6.7801e-01 (6.8046e-01)	Loss Pred 4.4566e-01 (4.4352e-01)	Loss TOTAL 8.3133e-01 (8.3884e-01)
Epoch: [31][360/441]	L_Src_Sup 1.2179e-01 (2.0280e-01)	L_Trg_Inj 2.0582e-01 (3.0283e-01)	Loss Disc 6.7585e-01 (6.8046e-01)	Loss Pred 4.8511e-01 (4.4329e-01)	Loss TOTAL 8.5580e-01 (8.3830e-01)
Epoch: [31][370/441]	L_Src_Sup 2.2407e-01 (2.0273e-01)	L_Trg_Inj 3.0954e-01 (3.0170e-01)	Loss Disc 6.8593e-01 (6.8045e-01)	Loss Pred 4.0110e-01 (4.4330e-01)	Loss TOTAL 7.9742e-01 (8.3841e-01)
Epoch: [31][380/441]	L_Src_Sup 1.8491e-01 (2.0233e-01)	L_Trg_Inj 2.7559e-01 (3.0043e-01)	Loss Disc 6.7871e-01 (6.8048e-01)	Loss Pred 4.3945e-01 (4.4305e-01)	Loss TOTAL 8.2485e-01 (8.3795e-01)
Epoch: [31][390/441]	L_Src_Sup 2.1010e-01 (2.0295e-01)	L_Trg_Inj 2.7675e-01 (2.9969e-01)	Loss Disc 6.8469e-01 (6.8053e-01)	Loss Pred 4.0773e-01 (4.4285e-01)	Loss TOTAL 7.9876e-01 (8.3825e-01)
Epoch: [31][400/441]	L_Src_Sup 2.3940e-01 (2.0365e-01)	L_Trg_Inj 3.1366e-01 (2.9879e-01)	Loss Disc 6.7614e-01 (6.8053e-01)	Loss Pred 4.5257e-01 (4.4304e-01)	Loss TOTAL 8.4594e-01 (8.3900e-01)
Epoch: [31][410/441]	L_Src_Sup 2.6030e-01 (2.0415e-01)	L_Trg_Inj 2.6656e-01 (2.9843e-01)	Loss Disc 6.8481e-01 (6.8051e-01)	Loss Pred 4.1361e-01 (4.4334e-01)	Loss TOTAL 8.0871e-01 (8.3950e-01)
Epoch: [31][420/441]	L_Src_Sup 2.0970e-01 (2.0417e-01)	L_Trg_Inj 2.3957e-01 (2.9909e-01)	Loss Disc 6.8644e-01 (6.8049e-01)	Loss Pred 4.0749e-01 (4.4342e-01)	Loss TOTAL 7.9564e-01 (8.3950e-01)
Epoch: [31][430/441]	L_Src_Sup 3.2524e-01 (2.0415e-01)	L_Trg_Inj 2.7503e-01 (2.9983e-01)	Loss Disc 6.8588e-01 (6.8052e-01)	Loss Pred 4.3455e-01 (4.4342e-01)	Loss TOTAL 8.8772e-01 (8.3957e-01)
Epoch: [31][440/441]	L_Src_Sup 2.5399e-01 (2.0399e-01)	L_Trg_Inj 3.4356e-01 (3.0027e-01)	Loss Disc 6.8733e-01 (6.8055e-01)	Loss Pred 3.9454e-01 (4.4346e-01)	Loss TOTAL 7.9796e-01 (8.3953e-01)
Epoch: [31][441/441]	L_Src_Sup 2.1669e-01 (2.0401e-01)	L_Trg_Inj 2.0830e-01 (3.0007e-01)	Loss Disc 6.8296e-01 (6.8056e-01)	Loss Pred 4.5355e-01 (4.4348e-01)	Loss TOTAL 8.4592e-01 (8.3955e-01)
Epoch 31 complete. Saving model state...
Epoch: [32][ 10/441]	L_Src_Sup 1.6807e-01 (1.9234e-01)	L_Trg_Inj 2.9200e-01 (3.2697e-01)	Loss Disc 6.7913e-01 (6.7902e-01)	Loss Pred 4.3945e-01 (4.4605e-01)	Loss TOTAL 8.2502e-01 (8.3749e-01)
Epoch: [32][ 20/441]	L_Src_Sup 2.2585e-01 (1.9906e-01)	L_Trg_Inj 3.0728e-01 (3.2315e-01)	Loss Disc 6.8543e-01 (6.8041e-01)	Loss Pred 4.0745e-01 (4.4596e-01)	Loss TOTAL 8.0348e-01 (8.4009e-01)
Epoch: [32][ 30/441]	L_Src_Sup 2.3530e-01 (1.9414e-01)	L_Trg_Inj 2.9559e-01 (3.1431e-01)	Loss Disc 6.7891e-01 (6.8022e-01)	Loss Pred 4.3903e-01 (4.4338e-01)	Loss TOTAL 8.3157e-01 (8.3547e-01)
Epoch: [32][ 40/441]	L_Src_Sup 1.5126e-01 (1.9726e-01)	L_Trg_Inj 2.2716e-01 (3.0755e-01)	Loss Disc 6.8003e-01 (6.8007e-01)	Loss Pred 4.3955e-01 (4.4522e-01)	Loss TOTAL 8.1741e-01 (8.3895e-01)
Epoch: [32][ 50/441]	L_Src_Sup 1.4876e-01 (2.0258e-01)	L_Trg_Inj 2.4210e-01 (3.0528e-01)	Loss Disc 6.8377e-01 (6.8050e-01)	Loss Pred 4.4693e-01 (4.4473e-01)	Loss TOTAL 8.2790e-01 (8.3923e-01)
Epoch: [32][ 60/441]	L_Src_Sup 1.3446e-01 (1.9897e-01)	L_Trg_Inj 3.0972e-01 (3.0497e-01)	Loss Disc 6.8020e-01 (6.8037e-01)	Loss Pred 4.5952e-01 (4.4597e-01)	Loss TOTAL 8.4404e-01 (8.4030e-01)
Epoch: [32][ 70/441]	L_Src_Sup 2.2612e-01 (1.9737e-01)	L_Trg_Inj 4.0757e-01 (3.0745e-01)	Loss Disc 6.7191e-01 (6.8040e-01)	Loss Pred 4.6508e-01 (4.4472e-01)	Loss TOTAL 8.6440e-01 (8.3862e-01)
Epoch: [32][ 80/441]	L_Src_Sup 2.0538e-01 (1.9455e-01)	L_Trg_Inj 2.2583e-01 (2.9814e-01)	Loss Disc 6.7687e-01 (6.8037e-01)	Loss Pred 4.5237e-01 (4.4399e-01)	Loss TOTAL 8.3393e-01 (8.3691e-01)
Epoch: [32][ 90/441]	L_Src_Sup 2.7044e-01 (1.9757e-01)	L_Trg_Inj 1.9397e-01 (2.9273e-01)	Loss Disc 6.8218e-01 (6.8033e-01)	Loss Pred 4.8062e-01 (4.4421e-01)	Loss TOTAL 9.4462e-01 (8.4001e-01)
Epoch: [32][100/441]	L_Src_Sup 1.7779e-01 (2.0010e-01)	L_Trg_Inj 3.5355e-01 (2.9328e-01)	Loss Disc 6.8379e-01 (6.8030e-01)	Loss Pred 4.0970e-01 (4.4559e-01)	Loss TOTAL 8.0473e-01 (8.4110e-01)
Epoch: [32][110/441]	L_Src_Sup 2.0868e-01 (2.0470e-01)	L_Trg_Inj 2.7457e-01 (2.9354e-01)	Loss Disc 6.7419e-01 (6.8013e-01)	Loss Pred 4.6481e-01 (4.4534e-01)	Loss TOTAL 8.5023e-01 (8.4227e-01)
Epoch: [32][120/441]	L_Src_Sup 2.1667e-01 (2.0531e-01)	L_Trg_Inj 3.4856e-01 (2.9482e-01)	Loss Disc 6.8109e-01 (6.8029e-01)	Loss Pred 4.5329e-01 (4.4451e-01)	Loss TOTAL 8.5036e-01 (8.4113e-01)
Epoch: [32][130/441]	L_Src_Sup 1.8334e-01 (2.0610e-01)	L_Trg_Inj 2.8801e-01 (2.9623e-01)	Loss Disc 6.8187e-01 (6.8025e-01)	Loss Pred 4.5312e-01 (4.4485e-01)	Loss TOTAL 8.4119e-01 (8.4128e-01)
Epoch: [32][140/441]	L_Src_Sup 2.0169e-01 (2.0434e-01)	L_Trg_Inj 3.2484e-01 (2.9867e-01)	Loss Disc 6.8000e-01 (6.8027e-01)	Loss Pred 4.5976e-01 (4.4458e-01)	Loss TOTAL 8.5241e-01 (8.4066e-01)
Epoch: [32][150/441]	L_Src_Sup 1.7248e-01 (2.0194e-01)	L_Trg_Inj 4.8384e-01 (2.9945e-01)	Loss Disc 6.7242e-01 (6.8020e-01)	Loss Pred 4.6266e-01 (4.4519e-01)	Loss TOTAL 8.6450e-01 (8.4069e-01)
Epoch: [32][160/441]	L_Src_Sup 2.0238e-01 (2.0077e-01)	L_Trg_Inj 2.8044e-01 (2.9719e-01)	Loss Disc 6.7999e-01 (6.8020e-01)	Loss Pred 4.3366e-01 (4.4456e-01)	Loss TOTAL 8.2193e-01 (8.4038e-01)
Epoch: [32][170/441]	L_Src_Sup 1.8551e-01 (1.9936e-01)	L_Trg_Inj 3.0006e-01 (2.9427e-01)	Loss Disc 6.8467e-01 (6.8025e-01)	Loss Pred 4.0758e-01 (4.4400e-01)	Loss TOTAL 7.9847e-01 (8.3937e-01)
Epoch: [32][180/441]	L_Src_Sup 1.8991e-01 (2.0036e-01)	L_Trg_Inj 2.5553e-01 (2.9288e-01)	Loss Disc 6.7713e-01 (6.8038e-01)	Loss Pred 4.5335e-01 (4.4336e-01)	Loss TOTAL 8.3646e-01 (8.3899e-01)
Epoch: [32][190/441]	L_Src_Sup 2.9633e-01 (1.9978e-01)	L_Trg_Inj 2.9722e-01 (2.9277e-01)	Loss Disc 6.8325e-01 (6.8039e-01)	Loss Pred 4.2464e-01 (4.4316e-01)	Loss TOTAL 8.2562e-01 (8.3883e-01)
Epoch: [32][200/441]	L_Src_Sup 1.0009e-01 (2.0041e-01)	L_Trg_Inj 3.1460e-01 (2.9221e-01)	Loss Disc 6.8020e-01 (6.8043e-01)	Loss Pred 4.3302e-01 (4.4350e-01)	Loss TOTAL 8.1459e-01 (8.3925e-01)
Epoch: [32][210/441]	L_Src_Sup 1.9218e-01 (2.0079e-01)	L_Trg_Inj 4.6887e-01 (2.9392e-01)	Loss Disc 6.8425e-01 (6.8038e-01)	Loss Pred 4.0094e-01 (4.4388e-01)	Loss TOTAL 8.0917e-01 (8.3952e-01)
Epoch: [32][220/441]	L_Src_Sup 2.0014e-01 (2.0127e-01)	L_Trg_Inj 2.4666e-01 (2.9425e-01)	Loss Disc 6.8083e-01 (6.8040e-01)	Loss Pred 4.3289e-01 (4.4337e-01)	Loss TOTAL 8.1799e-01 (8.3882e-01)
Epoch: [32][230/441]	L_Src_Sup 2.3011e-01 (2.0230e-01)	L_Trg_Inj 4.5272e-01 (2.9489e-01)	Loss Disc 6.7176e-01 (6.8032e-01)	Loss Pred 5.1829e-01 (4.4371e-01)	Loss TOTAL 9.2245e-01 (8.3939e-01)
Epoch: [32][240/441]	L_Src_Sup 2.3535e-01 (2.0258e-01)	L_Trg_Inj 2.1182e-01 (2.9537e-01)	Loss Disc 6.7997e-01 (6.8031e-01)	Loss Pred 4.3890e-01 (4.4368e-01)	Loss TOTAL 8.4713e-01 (8.3929e-01)
Epoch: [32][250/441]	L_Src_Sup 1.9513e-01 (2.0322e-01)	L_Trg_Inj 2.3775e-01 (2.9555e-01)	Loss Disc 6.8479e-01 (6.8035e-01)	Loss Pred 4.1389e-01 (4.4382e-01)	Loss TOTAL 7.9957e-01 (8.3943e-01)
Epoch: [32][260/441]	L_Src_Sup 1.8494e-01 (2.0271e-01)	L_Trg_Inj 2.7687e-01 (2.9553e-01)	Loss Disc 6.8183e-01 (6.8031e-01)	Loss Pred 4.8015e-01 (4.4388e-01)	Loss TOTAL 8.6724e-01 (8.3922e-01)
Epoch: [32][270/441]	L_Src_Sup 2.1851e-01 (2.0256e-01)	L_Trg_Inj 1.6914e-01 (2.9548e-01)	Loss Disc 6.8169e-01 (6.8033e-01)	Loss Pred 4.5959e-01 (4.4415e-01)	Loss TOTAL 8.8857e-01 (8.3947e-01)
Epoch: [32][280/441]	L_Src_Sup 8.0663e-02 (2.0204e-01)	L_Trg_Inj 1.9563e-01 (2.9566e-01)	Loss Disc 6.8662e-01 (6.8035e-01)	Loss Pred 4.0761e-01 (4.4388e-01)	Loss TOTAL 7.7855e-01 (8.3916e-01)
Epoch: [32][290/441]	L_Src_Sup 1.8034e-01 (2.0055e-01)	L_Trg_Inj 2.1802e-01 (2.9532e-01)	Loss Disc 6.8358e-01 (6.8043e-01)	Loss Pred 4.2022e-01 (4.4375e-01)	Loss TOTAL 8.0185e-01 (8.3870e-01)
Epoch: [32][300/441]	L_Src_Sup 1.9513e-01 (1.9973e-01)	L_Trg_Inj 2.1875e-01 (2.9415e-01)	Loss Disc 6.8497e-01 (6.8049e-01)	Loss Pred 4.1372e-01 (4.4365e-01)	Loss TOTAL 7.9760e-01 (8.3840e-01)
Epoch: [32][310/441]	L_Src_Sup 2.1717e-01 (1.9994e-01)	L_Trg_Inj 3.6087e-01 (2.9476e-01)	Loss Disc 6.7930e-01 (6.8050e-01)	Loss Pred 4.3283e-01 (4.4342e-01)	Loss TOTAL 8.3029e-01 (8.3841e-01)
Epoch: [32][320/441]	L_Src_Sup 1.8496e-01 (1.9924e-01)	L_Trg_Inj 2.7217e-01 (2.9403e-01)	Loss Disc 6.7923e-01 (6.8047e-01)	Loss Pred 4.3915e-01 (4.4369e-01)	Loss TOTAL 8.2447e-01 (8.3837e-01)
Epoch: [32][330/441]	L_Src_Sup 1.8338e-01 (1.9961e-01)	L_Trg_Inj 2.3516e-01 (2.9382e-01)	Loss Disc 6.8190e-01 (6.8049e-01)	Loss Pred 4.5427e-01 (4.4339e-01)	Loss TOTAL 8.3707e-01 (8.3813e-01)
Epoch: [32][340/441]	L_Src_Sup 1.6327e-01 (1.9994e-01)	L_Trg_Inj 3.3780e-01 (2.9423e-01)	Loss Disc 6.8632e-01 (6.8053e-01)	Loss Pred 4.5438e-01 (4.4341e-01)	Loss TOTAL 8.4764e-01 (8.3864e-01)
Epoch: [32][350/441]	L_Src_Sup 2.1330e-01 (2.0011e-01)	L_Trg_Inj 3.0483e-01 (2.9442e-01)	Loss Disc 6.8269e-01 (6.8057e-01)	Loss Pred 4.2014e-01 (4.4310e-01)	Loss TOTAL 8.1330e-01 (8.3826e-01)
Epoch: [32][360/441]	L_Src_Sup 2.1669e-01 (1.9994e-01)	L_Trg_Inj 2.7218e-01 (2.9465e-01)	Loss Disc 6.8038e-01 (6.8050e-01)	Loss Pred 4.3286e-01 (4.4340e-01)	Loss TOTAL 8.2193e-01 (8.3861e-01)
Epoch: [32][370/441]	L_Src_Sup 2.2224e-01 (2.0045e-01)	L_Trg_Inj 2.6758e-01 (2.9456e-01)	Loss Disc 6.7675e-01 (6.8050e-01)	Loss Pred 4.5199e-01 (4.4330e-01)	Loss TOTAL 8.3935e-01 (8.3866e-01)
Epoch: [32][380/441]	L_Src_Sup 2.5001e-01 (2.0072e-01)	L_Trg_Inj 3.4296e-01 (2.9433e-01)	Loss Disc 6.7944e-01 (6.8054e-01)	Loss Pred 4.3325e-01 (4.4319e-01)	Loss TOTAL 8.3226e-01 (8.3870e-01)
Epoch: [32][390/441]	L_Src_Sup 2.6906e-01 (2.0174e-01)	L_Trg_Inj 1.9855e-01 (2.9401e-01)	Loss Disc 6.8147e-01 (6.8054e-01)	Loss Pred 4.5980e-01 (4.4311e-01)	Loss TOTAL 9.1781e-01 (8.3899e-01)
Epoch: [32][400/441]	L_Src_Sup 2.9755e-01 (2.0212e-01)	L_Trg_Inj 4.1229e-01 (2.9492e-01)	Loss Disc 6.7989e-01 (6.8053e-01)	Loss Pred 4.2630e-01 (4.4314e-01)	Loss TOTAL 8.3723e-01 (8.3900e-01)
Epoch: [32][410/441]	L_Src_Sup 2.1672e-01 (2.0183e-01)	L_Trg_Inj 3.7946e-01 (2.9494e-01)	Loss Disc 6.7887e-01 (6.8055e-01)	Loss Pred 4.3275e-01 (4.4318e-01)	Loss TOTAL 8.3180e-01 (8.3887e-01)
Epoch: [32][420/441]	L_Src_Sup 2.7422e-01 (2.0214e-01)	L_Trg_Inj 2.6548e-01 (2.9546e-01)	Loss Disc 6.8587e-01 (6.8053e-01)	Loss Pred 4.0731e-01 (4.4341e-01)	Loss TOTAL 8.1294e-01 (8.3921e-01)
Epoch: [32][430/441]	L_Src_Sup 3.2533e-01 (2.0253e-01)	L_Trg_Inj 2.8059e-01 (2.9567e-01)	Loss Disc 6.8564e-01 (6.8055e-01)	Loss Pred 4.3358e-01 (4.4346e-01)	Loss TOTAL 8.8173e-01 (8.3942e-01)
Epoch: [32][440/441]	L_Src_Sup 2.0345e-01 (2.0245e-01)	L_Trg_Inj 3.6176e-01 (2.9565e-01)	Loss Disc 6.7705e-01 (6.8057e-01)	Loss Pred 4.4558e-01 (4.4329e-01)	Loss TOTAL 8.4062e-01 (8.3935e-01)
Epoch: [32][441/441]	L_Src_Sup 5.1306e-02 (2.0210e-01)	L_Trg_Inj 3.0625e-01 (2.9567e-01)	Loss Disc 6.7911e-01 (6.8057e-01)	Loss Pred 4.9283e-01 (4.4340e-01)	Loss TOTAL 8.6814e-01 (8.3941e-01)
Epoch 32 complete. Saving model state...
Epoch: [33][ 10/441]	L_Src_Sup 1.1677e-01 (2.0869e-01)	L_Trg_Inj 2.1207e-01 (2.9589e-01)	Loss Disc 6.8156e-01 (6.8073e-01)	Loss Pred 4.3333e-01 (4.3975e-01)	Loss TOTAL 8.0699e-01 (8.4443e-01)
Epoch: [33][ 20/441]	L_Src_Sup 1.8488e-01 (2.0417e-01)	L_Trg_Inj 2.2393e-01 (3.0886e-01)	Loss Disc 6.8022e-01 (6.8055e-01)	Loss Pred 4.3937e-01 (4.4768e-01)	Loss TOTAL 8.2037e-01 (8.4619e-01)
Epoch: [33][ 30/441]	L_Src_Sup 2.1507e-01 (2.1951e-01)	L_Trg_Inj 2.1241e-01 (3.0972e-01)	Loss Disc 6.8408e-01 (6.8026e-01)	Loss Pred 4.4676e-01 (4.5262e-01)	Loss TOTAL 8.3421e-01 (8.5471e-01)
Epoch: [33][ 40/441]	L_Src_Sup 1.8184e-01 (2.1284e-01)	L_Trg_Inj 3.1288e-01 (3.1261e-01)	Loss Disc 6.8143e-01 (6.8048e-01)	Loss Pred 4.2644e-01 (4.5245e-01)	Loss TOTAL 8.1663e-01 (8.5202e-01)
Epoch: [33][ 50/441]	L_Src_Sup 2.0972e-01 (2.1443e-01)	L_Trg_Inj 3.4922e-01 (3.1470e-01)	Loss Disc 6.8460e-01 (6.8026e-01)	Loss Pred 4.0708e-01 (4.5187e-01)	Loss TOTAL 8.0528e-01 (8.5034e-01)
Epoch: [33][ 60/441]	L_Src_Sup 2.3151e-01 (2.1246e-01)	L_Trg_Inj 2.4167e-01 (3.0882e-01)	Loss Disc 6.8236e-01 (6.8047e-01)	Loss Pred 4.2688e-01 (4.4978e-01)	Loss TOTAL 8.1538e-01 (8.4704e-01)
Epoch: [33][ 70/441]	L_Src_Sup 1.4886e-01 (2.0689e-01)	L_Trg_Inj 3.7111e-01 (3.1079e-01)	Loss Disc 6.8052e-01 (6.8023e-01)	Loss Pred 4.2694e-01 (4.4944e-01)	Loss TOTAL 8.1920e-01 (8.4551e-01)
Epoch: [33][ 80/441]	L_Src_Sup 2.1610e-01 (2.0902e-01)	L_Trg_Inj 3.2027e-01 (3.1099e-01)	Loss Disc 6.8134e-01 (6.8019e-01)	Loss Pred 4.2687e-01 (4.4875e-01)	Loss TOTAL 8.2118e-01 (8.4510e-01)
Epoch: [33][ 90/441]	L_Src_Sup 1.3229e-01 (2.0974e-01)	L_Trg_Inj 2.5050e-01 (3.1429e-01)	Loss Disc 6.8241e-01 (6.8027e-01)	Loss Pred 4.2648e-01 (4.4673e-01)	Loss TOTAL 8.0596e-01 (8.4356e-01)
Epoch: [33][100/441]	L_Src_Sup 2.3339e-01 (2.0819e-01)	L_Trg_Inj 2.6449e-01 (3.1279e-01)	Loss Disc 6.8332e-01 (6.8027e-01)	Loss Pred 4.7359e-01 (4.4650e-01)	Loss TOTAL 8.6503e-01 (8.4271e-01)
Epoch: [33][110/441]	L_Src_Sup 2.1319e-01 (2.0676e-01)	L_Trg_Inj 3.6292e-01 (3.1182e-01)	Loss Disc 6.8228e-01 (6.8022e-01)	Loss Pred 4.2040e-01 (4.4675e-01)	Loss TOTAL 8.1915e-01 (8.4278e-01)
Epoch: [33][120/441]	L_Src_Sup 2.3542e-01 (2.0878e-01)	L_Trg_Inj 3.3795e-01 (3.1116e-01)	Loss Disc 6.7854e-01 (6.8022e-01)	Loss Pred 4.3904e-01 (4.4632e-01)	Loss TOTAL 8.3565e-01 (8.4395e-01)
Epoch: [33][130/441]	L_Src_Sup 2.7019e-01 (2.1007e-01)	L_Trg_Inj 3.2013e-01 (3.0717e-01)	Loss Disc 6.7882e-01 (6.8019e-01)	Loss Pred 4.4441e-01 (4.4579e-01)	Loss TOTAL 8.4285e-01 (8.4372e-01)
Epoch: [33][140/441]	L_Src_Sup 1.6883e-01 (2.0977e-01)	L_Trg_Inj 2.3300e-01 (3.0677e-01)	Loss Disc 6.8121e-01 (6.8020e-01)	Loss Pred 4.3384e-01 (4.4634e-01)	Loss TOTAL 8.1462e-01 (8.4405e-01)
Epoch: [33][150/441]	L_Src_Sup 1.8569e-01 (2.0787e-01)	L_Trg_Inj 2.9286e-01 (3.0644e-01)	Loss Disc 6.8171e-01 (6.8033e-01)	Loss Pred 4.7849e-01 (4.4575e-01)	Loss TOTAL 8.6720e-01 (8.4293e-01)
Epoch: [33][160/441]	L_Src_Sup 1.8514e-01 (2.0717e-01)	L_Trg_Inj 2.3560e-01 (3.0637e-01)	Loss Disc 6.8112e-01 (6.8036e-01)	Loss Pred 4.5963e-01 (4.4538e-01)	Loss TOTAL 8.4227e-01 (8.4215e-01)
Epoch: [33][170/441]	L_Src_Sup 2.6946e-01 (2.0605e-01)	L_Trg_Inj 2.4859e-01 (3.0399e-01)	Loss Disc 6.7873e-01 (6.8030e-01)	Loss Pred 4.3915e-01 (4.4569e-01)	Loss TOTAL 8.5119e-01 (8.4190e-01)
Epoch: [33][180/441]	L_Src_Sup 1.6396e-01 (2.0585e-01)	L_Trg_Inj 3.6044e-01 (3.0407e-01)	Loss Disc 6.8181e-01 (6.8035e-01)	Loss Pred 4.2016e-01 (4.4515e-01)	Loss TOTAL 8.1351e-01 (8.4178e-01)
Epoch: [33][190/441]	L_Src_Sup 2.2953e-01 (2.0591e-01)	L_Trg_Inj 2.1612e-01 (3.0278e-01)	Loss Disc 6.8497e-01 (6.8034e-01)	Loss Pred 4.4032e-01 (4.4526e-01)	Loss TOTAL 8.4078e-01 (8.4189e-01)
Epoch: [33][200/441]	L_Src_Sup 2.2035e-01 (2.0520e-01)	L_Trg_Inj 3.6538e-01 (3.0238e-01)	Loss Disc 6.7666e-01 (6.8039e-01)	Loss Pred 4.4561e-01 (4.4449e-01)	Loss TOTAL 8.4252e-01 (8.4075e-01)
Epoch: [33][210/441]	L_Src_Sup 1.1291e-01 (2.0568e-01)	L_Trg_Inj 2.7275e-01 (3.0383e-01)	Loss Disc 6.8542e-01 (6.8042e-01)	Loss Pred 4.0735e-01 (4.4373e-01)	Loss TOTAL 7.8862e-01 (8.4002e-01)
Epoch: [33][220/441]	L_Src_Sup 2.3729e-01 (2.0527e-01)	L_Trg_Inj 3.0564e-01 (3.0167e-01)	Loss Disc 6.7896e-01 (6.8041e-01)	Loss Pred 4.6593e-01 (4.4399e-01)	Loss TOTAL 8.5971e-01 (8.4017e-01)
Epoch: [33][230/441]	L_Src_Sup 2.0000e-01 (2.0660e-01)	L_Trg_Inj 2.7590e-01 (3.0097e-01)	Loss Disc 6.8185e-01 (6.8049e-01)	Loss Pred 4.5328e-01 (4.4356e-01)	Loss TOTAL 8.4179e-01 (8.4022e-01)
Epoch: [33][240/441]	L_Src_Sup 3.1035e-01 (2.0625e-01)	L_Trg_Inj 2.2754e-01 (3.0091e-01)	Loss Disc 6.7625e-01 (6.8046e-01)	Loss Pred 4.5825e-01 (4.4336e-01)	Loss TOTAL 9.3298e-01 (8.4007e-01)
Epoch: [33][250/441]	L_Src_Sup 1.8488e-01 (2.0548e-01)	L_Trg_Inj 3.5826e-01 (3.0056e-01)	Loss Disc 6.7944e-01 (6.8045e-01)	Loss Pred 4.5963e-01 (4.4340e-01)	Loss TOTAL 8.5366e-01 (8.3976e-01)
Epoch: [33][260/441]	L_Src_Sup 2.3336e-01 (2.0594e-01)	L_Trg_Inj 3.1320e-01 (3.0078e-01)	Loss Disc 6.8001e-01 (6.8041e-01)	Loss Pred 4.3295e-01 (4.4330e-01)	Loss TOTAL 8.2761e-01 (8.3950e-01)
Epoch: [33][270/441]	L_Src_Sup 2.9510e-01 (2.0612e-01)	L_Trg_Inj 3.2534e-01 (3.0060e-01)	Loss Disc 6.8578e-01 (6.8041e-01)	Loss Pred 4.8148e-01 (4.4329e-01)	Loss TOTAL 8.8641e-01 (8.3942e-01)
Epoch: [33][280/441]	L_Src_Sup 2.6671e-01 (2.0640e-01)	L_Trg_Inj 2.8654e-01 (3.0017e-01)	Loss Disc 6.8016e-01 (6.8042e-01)	Loss Pred 4.3282e-01 (4.4334e-01)	Loss TOTAL 8.2823e-01 (8.3928e-01)
Epoch: [33][290/441]	L_Src_Sup 1.0527e-01 (2.0699e-01)	L_Trg_Inj 2.8826e-01 (2.9850e-01)	Loss Disc 6.7224e-01 (6.8038e-01)	Loss Pred 4.7166e-01 (4.4380e-01)	Loss TOTAL 8.4713e-01 (8.4007e-01)
Epoch: [33][300/441]	L_Src_Sup 1.8274e-01 (2.0670e-01)	L_Trg_Inj 2.8560e-01 (2.9851e-01)	Loss Disc 6.7925e-01 (6.8043e-01)	Loss Pred 4.3938e-01 (4.4366e-01)	Loss TOTAL 8.2584e-01 (8.3975e-01)
Epoch: [33][310/441]	L_Src_Sup 1.7241e-01 (2.0603e-01)	L_Trg_Inj 1.8379e-01 (2.9731e-01)	Loss Disc 6.7731e-01 (6.8037e-01)	Loss Pred 4.7917e-01 (4.4380e-01)	Loss TOTAL 8.5345e-01 (8.3953e-01)
Epoch: [33][320/441]	L_Src_Sup 2.5427e-01 (2.0546e-01)	L_Trg_Inj 2.9129e-01 (2.9705e-01)	Loss Disc 6.7865e-01 (6.8035e-01)	Loss Pred 4.6572e-01 (4.4393e-01)	Loss TOTAL 8.5960e-01 (8.3941e-01)
Epoch: [33][330/441]	L_Src_Sup 3.1408e-01 (2.0543e-01)	L_Trg_Inj 2.2276e-01 (2.9557e-01)	Loss Disc 6.8172e-01 (6.8033e-01)	Loss Pred 4.2660e-01 (4.4415e-01)	Loss TOTAL 9.1246e-01 (8.3967e-01)
Epoch: [33][340/441]	L_Src_Sup 1.5652e-01 (2.0540e-01)	L_Trg_Inj 2.5214e-01 (2.9458e-01)	Loss Disc 6.7676e-01 (6.8034e-01)	Loss Pred 5.0561e-01 (4.4442e-01)	Loss TOTAL 8.8486e-01 (8.3986e-01)
Epoch: [33][350/441]	L_Src_Sup 1.3727e-01 (2.0582e-01)	L_Trg_Inj 3.3620e-01 (2.9382e-01)	Loss Disc 6.7993e-01 (6.8038e-01)	Loss Pred 4.3313e-01 (4.4468e-01)	Loss TOTAL 8.2044e-01 (8.4019e-01)
Epoch: [33][360/441]	L_Src_Sup 1.6810e-01 (2.0494e-01)	L_Trg_Inj 2.3848e-01 (2.9390e-01)	Loss Disc 6.7952e-01 (6.8034e-01)	Loss Pred 4.3973e-01 (4.4512e-01)	Loss TOTAL 8.2015e-01 (8.4038e-01)
Epoch: [33][370/441]	L_Src_Sup 1.0000e-01 (2.0531e-01)	L_Trg_Inj 1.9488e-01 (2.9303e-01)	Loss Disc 6.8436e-01 (6.8040e-01)	Loss Pred 4.7369e-01 (4.4483e-01)	Loss TOTAL 8.4536e-01 (8.4024e-01)
Epoch: [33][380/441]	L_Src_Sup 2.1668e-01 (2.0461e-01)	L_Trg_Inj 3.7863e-01 (2.9229e-01)	Loss Disc 6.7829e-01 (6.8043e-01)	Loss Pred 4.3275e-01 (4.4464e-01)	Loss TOTAL 8.3142e-01 (8.3998e-01)
Epoch: [33][390/441]	L_Src_Sup 1.7726e-01 (2.0410e-01)	L_Trg_Inj 2.7743e-01 (2.9172e-01)	Loss Disc 6.8165e-01 (6.8046e-01)	Loss Pred 4.2668e-01 (4.4415e-01)	Loss TOTAL 8.1297e-01 (8.3944e-01)
Epoch: [33][400/441]	L_Src_Sup 2.6892e-01 (2.0383e-01)	L_Trg_Inj 2.3151e-01 (2.9127e-01)	Loss Disc 6.7934e-01 (6.8047e-01)	Loss Pred 4.3924e-01 (4.4427e-01)	Loss TOTAL 8.6637e-01 (8.3944e-01)
Epoch: [33][410/441]	L_Src_Sup 1.9000e-01 (2.0327e-01)	L_Trg_Inj 2.6257e-01 (2.9060e-01)	Loss Disc 6.7556e-01 (6.8052e-01)	Loss Pred 4.5832e-01 (4.4399e-01)	Loss TOTAL 8.4135e-01 (8.3902e-01)
Epoch: [33][420/441]	L_Src_Sup 2.5648e-01 (2.0319e-01)	L_Trg_Inj 2.7252e-01 (2.9007e-01)	Loss Disc 6.7670e-01 (6.8053e-01)	Loss Pred 4.7283e-01 (4.4389e-01)	Loss TOTAL 8.6408e-01 (8.3875e-01)
Epoch: [33][430/441]	L_Src_Sup 2.4758e-01 (2.0334e-01)	L_Trg_Inj 2.9364e-01 (2.8914e-01)	Loss Disc 6.7833e-01 (6.8050e-01)	Loss Pred 4.3923e-01 (4.4402e-01)	Loss TOTAL 8.3251e-01 (8.3895e-01)
Epoch: [33][440/441]	L_Src_Sup 1.8488e-01 (2.0294e-01)	L_Trg_Inj 3.4392e-01 (2.8896e-01)	Loss Disc 6.7797e-01 (6.8052e-01)	Loss Pred 4.3934e-01 (4.4361e-01)	Loss TOTAL 8.3121e-01 (8.3881e-01)
Epoch: [33][441/441]	L_Src_Sup 2.6230e-01 (2.0307e-01)	L_Trg_Inj 3.1905e-01 (2.8903e-01)	Loss Disc 6.8140e-01 (6.8052e-01)	Loss Pred 4.2116e-01 (4.4356e-01)	Loss TOTAL 8.1999e-01 (8.3877e-01)
Epoch 33 complete. Saving model state...
Epoch: [34][ 10/441]	L_Src_Sup 2.8319e-01 (2.2376e-01)	L_Trg_Inj 2.3030e-01 (2.6776e-01)	Loss Disc 6.7163e-01 (6.7978e-01)	Loss Pred 4.7744e-01 (4.4362e-01)	Loss TOTAL 9.1749e-01 (8.4592e-01)
Epoch: [34][ 20/441]	L_Src_Sup 1.4517e-01 (1.8803e-01)	L_Trg_Inj 2.7054e-01 (2.7804e-01)	Loss Disc 6.8510e-01 (6.8068e-01)	Loss Pred 4.0732e-01 (4.4084e-01)	Loss TOTAL 7.9144e-01 (8.3442e-01)
Epoch: [34][ 30/441]	L_Src_Sup 2.1502e-01 (2.0390e-01)	L_Trg_Inj 2.3198e-01 (2.6847e-01)	Loss Disc 6.8238e-01 (6.8049e-01)	Loss Pred 4.2678e-01 (4.4346e-01)	Loss TOTAL 8.1267e-01 (8.3906e-01)
Epoch: [34][ 40/441]	L_Src_Sup 1.1200e-01 (2.0156e-01)	L_Trg_Inj 2.4551e-01 (2.7938e-01)	Loss Disc 6.8731e-01 (6.8021e-01)	Loss Pred 4.0139e-01 (4.4337e-01)	Loss TOTAL 7.8080e-01 (8.3877e-01)
Epoch: [34][ 50/441]	L_Src_Sup 2.2954e-01 (2.0498e-01)	L_Trg_Inj 2.2133e-01 (2.8455e-01)	Loss Disc 6.8497e-01 (6.8063e-01)	Loss Pred 4.3967e-01 (4.3963e-01)	Loss TOTAL 8.3544e-01 (8.3483e-01)
Epoch: [34][ 60/441]	L_Src_Sup 2.4795e-01 (1.9955e-01)	L_Trg_Inj 2.2056e-01 (2.8616e-01)	Loss Disc 6.8367e-01 (6.8054e-01)	Loss Pred 4.4705e-01 (4.4034e-01)	Loss TOTAL 8.6312e-01 (8.3458e-01)
Epoch: [34][ 70/441]	L_Src_Sup 1.8491e-01 (1.9749e-01)	L_Trg_Inj 2.4458e-01 (2.8479e-01)	Loss Disc 6.7964e-01 (6.8070e-01)	Loss Pred 4.3984e-01 (4.3943e-01)	Loss TOTAL 8.2261e-01 (8.3263e-01)
Epoch: [34][ 80/441]	L_Src_Sup 1.1867e-01 (1.9673e-01)	L_Trg_Inj 3.5391e-01 (2.8488e-01)	Loss Disc 6.7806e-01 (6.8060e-01)	Loss Pred 4.6617e-01 (4.4124e-01)	Loss TOTAL 8.5246e-01 (8.3470e-01)
Epoch: [34][ 90/441]	L_Src_Sup 2.9076e-01 (1.9978e-01)	L_Trg_Inj 2.0821e-01 (2.8578e-01)	Loss Disc 6.7659e-01 (6.8050e-01)	Loss Pred 4.5436e-01 (4.4228e-01)	Loss TOTAL 9.2510e-01 (8.3647e-01)
Epoch: [34][100/441]	L_Src_Sup 1.4271e-01 (1.9665e-01)	L_Trg_Inj 2.8568e-01 (2.8687e-01)	Loss Disc 6.7407e-01 (6.8043e-01)	Loss Pred 4.6461e-01 (4.4209e-01)	Loss TOTAL 8.4449e-01 (8.3551e-01)
Epoch: [34][110/441]	L_Src_Sup 2.7881e-01 (1.9834e-01)	L_Trg_Inj 2.4965e-01 (2.8562e-01)	Loss Disc 6.8349e-01 (6.8047e-01)	Loss Pred 4.2041e-01 (4.4188e-01)	Loss TOTAL 8.4416e-01 (8.3565e-01)
Epoch: [34][120/441]	L_Src_Sup 1.6394e-01 (1.9764e-01)	L_Trg_Inj 1.9420e-01 (2.8848e-01)	Loss Disc 6.8459e-01 (6.8052e-01)	Loss Pred 4.2077e-01 (4.4144e-01)	Loss TOTAL 7.9889e-01 (8.3502e-01)
Epoch: [34][130/441]	L_Src_Sup 2.0172e-01 (1.9853e-01)	L_Trg_Inj 2.1011e-01 (2.8777e-01)	Loss Disc 6.8000e-01 (6.8051e-01)	Loss Pred 4.3915e-01 (4.4184e-01)	Loss TOTAL 8.2033e-01 (8.3508e-01)
Epoch: [34][140/441]	L_Src_Sup 2.2223e-01 (1.9940e-01)	L_Trg_Inj 3.6660e-01 (2.8844e-01)	Loss Disc 6.7561e-01 (6.8053e-01)	Loss Pred 4.5230e-01 (4.4220e-01)	Loss TOTAL 8.4898e-01 (8.3534e-01)
Epoch: [34][150/441]	L_Src_Sup 1.9685e-01 (2.0188e-01)	L_Trg_Inj 2.5496e-01 (2.9184e-01)	Loss Disc 6.8608e-01 (6.8053e-01)	Loss Pred 4.3440e-01 (4.4222e-01)	Loss TOTAL 8.2262e-01 (8.3598e-01)
Epoch: [34][160/441]	L_Src_Sup 2.5809e-01 (2.0139e-01)	L_Trg_Inj 3.8308e-01 (2.9411e-01)	Loss Disc 6.8398e-01 (6.8063e-01)	Loss Pred 4.0759e-01 (4.4192e-01)	Loss TOTAL 8.1370e-01 (8.3594e-01)
Epoch: [34][170/441]	L_Src_Sup 1.7887e-01 (2.0222e-01)	L_Trg_Inj 2.6384e-01 (2.9500e-01)	Loss Disc 6.8458e-01 (6.8057e-01)	Loss Pred 4.1341e-01 (4.4266e-01)	Loss TOTAL 7.9997e-01 (8.3660e-01)
Epoch: [34][180/441]	L_Src_Sup 2.1670e-01 (2.0224e-01)	L_Trg_Inj 3.4482e-01 (2.9449e-01)	Loss Disc 6.7958e-01 (6.8055e-01)	Loss Pred 4.3285e-01 (4.4304e-01)	Loss TOTAL 8.2879e-01 (8.3750e-01)
Epoch: [34][190/441]	L_Src_Sup 1.8183e-01 (2.0234e-01)	L_Trg_Inj 3.2236e-01 (2.9616e-01)	Loss Disc 6.8117e-01 (6.8054e-01)	Loss Pred 4.2694e-01 (4.4297e-01)	Loss TOTAL 8.1795e-01 (8.3739e-01)
Epoch: [34][200/441]	L_Src_Sup 1.3225e-01 (2.0076e-01)	L_Trg_Inj 1.6057e-01 (2.9456e-01)	Loss Disc 6.8356e-01 (6.8069e-01)	Loss Pred 4.2620e-01 (4.4255e-01)	Loss TOTAL 7.9726e-01 (8.3651e-01)
Epoch: [34][210/441]	L_Src_Sup 1.5044e-01 (2.0011e-01)	L_Trg_Inj 3.3738e-01 (2.9271e-01)	Loss Disc 6.8053e-01 (6.8065e-01)	Loss Pred 4.2679e-01 (4.4270e-01)	Loss TOTAL 8.1584e-01 (8.3619e-01)
Epoch: [34][220/441]	L_Src_Sup 1.8521e-01 (2.0074e-01)	L_Trg_Inj 2.5856e-01 (2.9074e-01)	Loss Disc 6.7889e-01 (6.8069e-01)	Loss Pred 4.3937e-01 (4.4236e-01)	Loss TOTAL 8.2319e-01 (8.3568e-01)
Epoch: [34][230/441]	L_Src_Sup 1.9101e-01 (2.0170e-01)	L_Trg_Inj 3.3633e-01 (2.8896e-01)	Loss Disc 6.8424e-01 (6.8075e-01)	Loss Pred 4.1480e-01 (4.4198e-01)	Loss TOTAL 8.0965e-01 (8.3635e-01)
Epoch: [34][240/441]	L_Src_Sup 1.6667e-01 (2.0250e-01)	L_Trg_Inj 3.5352e-01 (2.9092e-01)	Loss Disc 6.7964e-01 (6.8073e-01)	Loss Pred 4.3326e-01 (4.4257e-01)	Loss TOTAL 8.2510e-01 (8.3728e-01)
Epoch: [34][250/441]	L_Src_Sup 2.0939e-01 (2.0382e-01)	L_Trg_Inj 4.1266e-01 (2.9258e-01)	Loss Disc 6.7439e-01 (6.8066e-01)	Loss Pred 5.0692e-01 (4.4328e-01)	Loss TOTAL 9.0632e-01 (8.3827e-01)
Epoch: [34][260/441]	L_Src_Sup 3.6067e-01 (2.0356e-01)	L_Trg_Inj 3.5870e-01 (2.9315e-01)	Loss Disc 6.8230e-01 (6.8054e-01)	Loss Pred 4.2028e-01 (4.4371e-01)	Loss TOTAL 8.3534e-01 (8.3848e-01)
Epoch: [34][270/441]	L_Src_Sup 2.9754e-01 (2.0459e-01)	L_Trg_Inj 3.0883e-01 (2.9330e-01)	Loss Disc 6.8204e-01 (6.8056e-01)	Loss Pred 4.2633e-01 (4.4349e-01)	Loss TOTAL 8.2798e-01 (8.3859e-01)
Epoch: [34][280/441]	L_Src_Sup 2.1488e-01 (2.0383e-01)	L_Trg_Inj 2.6397e-01 (2.9386e-01)	Loss Disc 6.8353e-01 (6.8058e-01)	Loss Pred 4.4709e-01 (4.4357e-01)	Loss TOTAL 8.3674e-01 (8.3848e-01)
Epoch: [34][290/441]	L_Src_Sup 2.0167e-01 (2.0509e-01)	L_Trg_Inj 3.5675e-01 (2.9520e-01)	Loss Disc 6.7935e-01 (6.8050e-01)	Loss Pred 4.5981e-01 (4.4391e-01)	Loss TOTAL 8.5532e-01 (8.3891e-01)
Epoch: [34][300/441]	L_Src_Sup 1.6129e-01 (2.0439e-01)	L_Trg_Inj 3.6871e-01 (2.9588e-01)	Loss Disc 6.8239e-01 (6.8048e-01)	Loss Pred 4.1232e-01 (4.4411e-01)	Loss TOTAL 8.0652e-01 (8.3904e-01)
Epoch: [34][310/441]	L_Src_Sup 1.6072e-01 (2.0442e-01)	L_Trg_Inj 3.5862e-01 (2.9655e-01)	Loss Disc 6.7190e-01 (6.8045e-01)	Loss Pred 5.2464e-01 (4.4413e-01)	Loss TOTAL 9.1253e-01 (8.3904e-01)
Epoch: [34][320/441]	L_Src_Sup 1.6813e-01 (2.0431e-01)	L_Trg_Inj 2.2212e-01 (2.9660e-01)	Loss Disc 6.7987e-01 (6.8046e-01)	Loss Pred 4.3973e-01 (4.4367e-01)	Loss TOTAL 8.1869e-01 (8.3843e-01)
Epoch: [34][330/441]	L_Src_Sup 2.0001e-01 (2.0333e-01)	L_Trg_Inj 2.4616e-01 (2.9559e-01)	Loss Disc 6.8018e-01 (6.8050e-01)	Loss Pred 4.3303e-01 (4.4335e-01)	Loss TOTAL 8.1774e-01 (8.3788e-01)
Epoch: [34][340/441]	L_Src_Sup 2.2955e-01 (2.0351e-01)	L_Trg_Inj 3.5474e-01 (2.9498e-01)	Loss Disc 6.8138e-01 (6.8051e-01)	Loss Pred 4.2027e-01 (4.4294e-01)	Loss TOTAL 8.1939e-01 (8.3764e-01)
Epoch: [34][350/441]	L_Src_Sup 2.3736e-01 (2.0360e-01)	L_Trg_Inj 4.0621e-01 (2.9504e-01)	Loss Disc 6.7709e-01 (6.8049e-01)	Loss Pred 4.6623e-01 (4.4303e-01)	Loss TOTAL 8.6913e-01 (8.3779e-01)
Epoch: [34][360/441]	L_Src_Sup 1.4880e-01 (2.0315e-01)	L_Trg_Inj 3.2329e-01 (2.9502e-01)	Loss Disc 6.8066e-01 (6.8052e-01)	Loss Pred 4.2608e-01 (4.4297e-01)	Loss TOTAL 8.1362e-01 (8.3805e-01)
Epoch: [34][370/441]	L_Src_Sup 1.8726e-01 (2.0355e-01)	L_Trg_Inj 1.2605e-01 (2.9373e-01)	Loss Disc 6.8185e-01 (6.8054e-01)	Loss Pred 4.6431e-01 (4.4294e-01)	Loss TOTAL 8.9778e-01 (8.3802e-01)
Epoch: [34][380/441]	L_Src_Sup 1.5455e-01 (2.0327e-01)	L_Trg_Inj 3.3210e-01 (2.9328e-01)	Loss Disc 6.7727e-01 (6.8051e-01)	Loss Pred 4.4401e-01 (4.4319e-01)	Loss TOTAL 8.3130e-01 (8.3810e-01)
Epoch: [34][390/441]	L_Src_Sup 2.6673e-01 (2.0377e-01)	L_Trg_Inj 3.7768e-01 (2.9383e-01)	Loss Disc 6.7967e-01 (6.8047e-01)	Loss Pred 4.3295e-01 (4.4345e-01)	Loss TOTAL 8.3723e-01 (8.3849e-01)
Epoch: [34][400/441]	L_Src_Sup 2.0005e-01 (2.0378e-01)	L_Trg_Inj 2.5095e-01 (2.9442e-01)	Loss Disc 6.8123e-01 (6.8049e-01)	Loss Pred 4.3267e-01 (4.4336e-01)	Loss TOTAL 8.1839e-01 (8.3834e-01)
Epoch: [34][410/441]	L_Src_Sup 2.7421e-01 (2.0371e-01)	L_Trg_Inj 2.5624e-01 (2.9476e-01)	Loss Disc 6.8587e-01 (6.8049e-01)	Loss Pred 4.0768e-01 (4.4331e-01)	Loss TOTAL 8.2163e-01 (8.3828e-01)
Epoch: [34][420/441]	L_Src_Sup 1.9115e-01 (2.0335e-01)	L_Trg_Inj 4.3865e-01 (2.9510e-01)	Loss Disc 6.7345e-01 (6.8049e-01)	Loss Pred 4.5822e-01 (4.4328e-01)	Loss TOTAL 8.5793e-01 (8.3832e-01)
Epoch: [34][430/441]	L_Src_Sup 2.8574e-01 (2.0325e-01)	L_Trg_Inj 3.7998e-01 (2.9602e-01)	Loss Disc 6.7829e-01 (6.8045e-01)	Loss Pred 4.3990e-01 (4.4343e-01)	Loss TOTAL 8.4562e-01 (8.3852e-01)
Epoch: [34][440/441]	L_Src_Sup 1.6529e-01 (2.0317e-01)	L_Trg_Inj 3.2738e-01 (2.9651e-01)	Loss Disc 6.8120e-01 (6.8048e-01)	Loss Pred 4.2692e-01 (4.4331e-01)	Loss TOTAL 8.1679e-01 (8.3835e-01)
Epoch: [34][441/441]	L_Src_Sup 1.6809e-01 (2.0309e-01)	L_Trg_Inj 3.3570e-01 (2.9660e-01)	Loss Disc 6.7996e-01 (6.8048e-01)	Loss Pred 4.5959e-01 (4.4335e-01)	Loss TOTAL 8.4996e-01 (8.3838e-01)
Epoch 34 complete. Saving model state...
Epoch: [35][ 10/441]	L_Src_Sup 2.0001e-01 (2.0865e-01)	L_Trg_Inj 3.3546e-01 (2.8442e-01)	Loss Disc 6.7999e-01 (6.8197e-01)	Loss Pred 4.3356e-01 (4.3914e-01)	Loss TOTAL 8.2710e-01 (8.3236e-01)
Epoch: [35][ 20/441]	L_Src_Sup 1.1865e-01 (1.9109e-01)	L_Trg_Inj 1.9956e-01 (2.8360e-01)	Loss Disc 6.8018e-01 (6.8143e-01)	Loss Pred 4.6590e-01 (4.3974e-01)	Loss TOTAL 8.3781e-01 (8.3189e-01)
Epoch: [35][ 30/441]	L_Src_Sup 1.1765e-01 (1.9131e-01)	L_Trg_Inj 3.6190e-01 (2.9844e-01)	Loss Disc 6.7964e-01 (6.8080e-01)	Loss Pred 4.6015e-01 (4.4188e-01)	Loss TOTAL 8.4792e-01 (8.3523e-01)
Epoch: [35][ 40/441]	L_Src_Sup 8.6208e-02 (1.8722e-01)	L_Trg_Inj 3.3889e-01 (3.0521e-01)	Loss Disc 6.7868e-01 (6.8073e-01)	Loss Pred 5.1952e-01 (4.4506e-01)	Loss TOTAL 9.0137e-01 (8.3765e-01)
Epoch: [35][ 50/441]	L_Src_Sup 2.2808e-01 (1.9037e-01)	L_Trg_Inj 3.1769e-01 (3.0671e-01)	Loss Disc 6.7423e-01 (6.8084e-01)	Loss Pred 4.9161e-01 (4.4365e-01)	Loss TOTAL 8.8331e-01 (8.3617e-01)
Epoch: [35][ 60/441]	L_Src_Sup 1.9674e-01 (1.9242e-01)	L_Trg_Inj 3.0886e-01 (3.0432e-01)	Loss Disc 6.8100e-01 (6.8068e-01)	Loss Pred 4.8024e-01 (4.4415e-01)	Loss TOTAL 8.7130e-01 (8.3704e-01)
Epoch: [35][ 70/441]	L_Src_Sup 3.2215e-01 (1.9189e-01)	L_Trg_Inj 3.2478e-01 (3.0119e-01)	Loss Disc 6.7882e-01 (6.8046e-01)	Loss Pred 4.8595e-01 (4.4483e-01)	Loss TOTAL 8.9005e-01 (8.3683e-01)
Epoch: [35][ 80/441]	L_Src_Sup 2.8380e-01 (1.9554e-01)	L_Trg_Inj 3.2589e-01 (2.9823e-01)	Loss Disc 6.7922e-01 (6.8056e-01)	Loss Pred 4.3290e-01 (4.4407e-01)	Loss TOTAL 8.3347e-01 (8.3692e-01)
Epoch: [35][ 90/441]	L_Src_Sup 1.8808e-01 (1.9142e-01)	L_Trg_Inj 1.5067e-01 (2.9432e-01)	Loss Disc 6.7853e-01 (6.8047e-01)	Loss Pred 4.5214e-01 (4.4510e-01)	Loss TOTAL 8.6269e-01 (8.3734e-01)
Epoch: [35][100/441]	L_Src_Sup 2.2786e-01 (1.9317e-01)	L_Trg_Inj 2.6276e-01 (2.9302e-01)	Loss Disc 6.8399e-01 (6.8035e-01)	Loss Pred 4.1392e-01 (4.4565e-01)	Loss TOTAL 8.0498e-01 (8.3824e-01)
Epoch: [35][110/441]	L_Src_Sup 2.2068e-01 (1.9262e-01)	L_Trg_Inj 2.4623e-01 (2.9043e-01)	Loss Disc 6.7954e-01 (6.8039e-01)	Loss Pred 4.6668e-01 (4.4488e-01)	Loss TOTAL 8.5315e-01 (8.3723e-01)
Epoch: [35][120/441]	L_Src_Sup 1.3592e-01 (1.9152e-01)	L_Trg_Inj 3.1419e-01 (2.8961e-01)	Loss Disc 6.7725e-01 (6.8050e-01)	Loss Pred 4.4602e-01 (4.4457e-01)	Loss TOTAL 8.2966e-01 (8.3665e-01)
Epoch: [35][130/441]	L_Src_Sup 2.9771e-01 (1.9219e-01)	L_Trg_Inj 2.0401e-01 (2.8742e-01)	Loss Disc 6.8261e-01 (6.8052e-01)	Loss Pred 4.2692e-01 (4.4378e-01)	Loss TOTAL 9.1210e-01 (8.3634e-01)
Epoch: [35][140/441]	L_Src_Sup 2.5810e-01 (1.9318e-01)	L_Trg_Inj 2.8771e-01 (2.8674e-01)	Loss Disc 6.7758e-01 (6.8035e-01)	Loss Pred 4.7331e-01 (4.4475e-01)	Loss TOTAL 8.6668e-01 (8.3811e-01)
Epoch: [35][150/441]	L_Src_Sup 2.5119e-01 (1.9594e-01)	L_Trg_Inj 2.7388e-01 (2.8662e-01)	Loss Disc 6.8184e-01 (6.8032e-01)	Loss Pred 4.5325e-01 (4.4481e-01)	Loss TOTAL 8.4668e-01 (8.3849e-01)
Epoch: [35][160/441]	L_Src_Sup 1.3947e-01 (1.9513e-01)	L_Trg_Inj 2.1542e-01 (2.8769e-01)	Loss Disc 6.8282e-01 (6.8029e-01)	Loss Pred 4.2679e-01 (4.4537e-01)	Loss TOTAL 8.0369e-01 (8.3908e-01)
Epoch: [35][170/441]	L_Src_Sup 2.4078e-01 (1.9574e-01)	L_Trg_Inj 3.6014e-01 (2.8678e-01)	Loss Disc 6.7568e-01 (6.8028e-01)	Loss Pred 4.5231e-01 (4.4509e-01)	Loss TOTAL 8.5025e-01 (8.3847e-01)
Epoch: [35][180/441]	L_Src_Sup 1.6807e-01 (1.9612e-01)	L_Trg_Inj 3.3151e-01 (2.8765e-01)	Loss Disc 6.7978e-01 (6.8033e-01)	Loss Pred 4.5936e-01 (4.4472e-01)	Loss TOTAL 8.4921e-01 (8.3843e-01)
Epoch: [35][190/441]	L_Src_Sup 1.8974e-01 (1.9673e-01)	L_Trg_Inj 3.0772e-01 (2.8975e-01)	Loss Disc 6.7874e-01 (6.8027e-01)	Loss Pred 5.1934e-01 (4.4522e-01)	Loss TOTAL 9.0845e-01 (8.3919e-01)
Epoch: [35][200/441]	L_Src_Sup 1.7888e-01 (1.9742e-01)	L_Trg_Inj 1.5158e-01 (2.8886e-01)	Loss Disc 6.8580e-01 (6.8025e-01)	Loss Pred 4.1421e-01 (4.4517e-01)	Loss TOTAL 8.1746e-01 (8.3919e-01)
Epoch: [35][210/441]	L_Src_Sup 2.4196e-01 (1.9884e-01)	L_Trg_Inj 3.0034e-01 (2.9010e-01)	Loss Disc 6.8568e-01 (6.8033e-01)	Loss Pred 4.0728e-01 (4.4496e-01)	Loss TOTAL 8.0435e-01 (8.3928e-01)
Epoch: [35][220/441]	L_Src_Sup 1.6395e-01 (1.9806e-01)	L_Trg_Inj 2.8178e-01 (2.9060e-01)	Loss Disc 6.8295e-01 (6.8035e-01)	Loss Pred 4.2043e-01 (4.4466e-01)	Loss TOTAL 8.0648e-01 (8.3893e-01)
Epoch: [35][230/441]	L_Src_Sup 8.4038e-02 (1.9726e-01)	L_Trg_Inj 2.4896e-01 (2.8998e-01)	Loss Disc 6.7951e-01 (6.8040e-01)	Loss Pred 4.3930e-01 (4.4454e-01)	Loss TOTAL 8.1236e-01 (8.3866e-01)
Epoch: [35][240/441]	L_Src_Sup 2.4152e-01 (1.9890e-01)	L_Trg_Inj 2.7676e-01 (2.9023e-01)	Loss Disc 6.7665e-01 (6.8050e-01)	Loss Pred 4.5882e-01 (4.4384e-01)	Loss TOTAL 8.4898e-01 (8.3836e-01)
Epoch: [35][250/441]	L_Src_Sup 2.2402e-01 (1.9982e-01)	L_Trg_Inj 3.1767e-01 (2.9129e-01)	Loss Disc 6.8639e-01 (6.8052e-01)	Loss Pred 4.0110e-01 (4.4354e-01)	Loss TOTAL 7.9846e-01 (8.3831e-01)
Epoch: [35][260/441]	L_Src_Sup 1.3115e-01 (2.0068e-01)	L_Trg_Inj 2.9318e-01 (2.9126e-01)	Loss Disc 6.8277e-01 (6.8054e-01)	Loss Pred 4.1998e-01 (4.4349e-01)	Loss TOTAL 8.0380e-01 (8.3839e-01)
Epoch: [35][270/441]	L_Src_Sup 1.4035e-01 (1.9949e-01)	L_Trg_Inj 2.0515e-01 (2.8967e-01)	Loss Disc 6.7480e-01 (6.8057e-01)	Loss Pred 4.9124e-01 (4.4339e-01)	Loss TOTAL 8.6320e-01 (8.3783e-01)
Epoch: [35][280/441]	L_Src_Sup 2.5654e-01 (2.0065e-01)	L_Trg_Inj 3.5476e-01 (2.8948e-01)	Loss Disc 6.7455e-01 (6.8060e-01)	Loss Pred 4.5631e-01 (4.4297e-01)	Loss TOTAL 8.5471e-01 (8.3757e-01)
Epoch: [35][290/441]	L_Src_Sup 1.7098e-01 (2.0061e-01)	L_Trg_Inj 3.1934e-01 (2.9025e-01)	Loss Disc 6.7617e-01 (6.8055e-01)	Loss Pred 4.5246e-01 (4.4329e-01)	Loss TOTAL 8.3958e-01 (8.3779e-01)
Epoch: [35][300/441]	L_Src_Sup 2.9755e-01 (2.0115e-01)	L_Trg_Inj 2.8175e-01 (2.9165e-01)	Loss Disc 6.8319e-01 (6.8051e-01)	Loss Pred 4.4735e-01 (4.4328e-01)	Loss TOTAL 8.6268e-01 (8.3791e-01)
Epoch: [35][310/441]	L_Src_Sup 1.5127e-01 (2.0071e-01)	L_Trg_Inj 2.7714e-01 (2.9299e-01)	Loss Disc 6.7961e-01 (6.8050e-01)	Loss Pred 4.3955e-01 (4.4342e-01)	Loss TOTAL 8.2220e-01 (8.3797e-01)
Epoch: [35][320/441]	L_Src_Sup 1.3010e-01 (2.0079e-01)	L_Trg_Inj 3.3299e-01 (2.9312e-01)	Loss Disc 6.8340e-01 (6.8048e-01)	Loss Pred 4.1424e-01 (4.4376e-01)	Loss TOTAL 8.0226e-01 (8.3817e-01)
Epoch: [35][330/441]	L_Src_Sup 1.6258e-01 (2.0142e-01)	L_Trg_Inj 4.0465e-01 (2.9327e-01)	Loss Disc 6.8386e-01 (6.8046e-01)	Loss Pred 4.3450e-01 (4.4394e-01)	Loss TOTAL 8.3315e-01 (8.3837e-01)
Epoch: [35][340/441]	L_Src_Sup 2.0514e-01 (2.0198e-01)	L_Trg_Inj 3.8631e-01 (2.9351e-01)	Loss Disc 6.7532e-01 (6.8041e-01)	Loss Pred 4.5228e-01 (4.4404e-01)	Loss TOTAL 8.4909e-01 (8.3841e-01)
Epoch: [35][350/441]	L_Src_Sup 1.7743e-01 (2.0260e-01)	L_Trg_Inj 2.4905e-01 (2.9292e-01)	Loss Disc 6.8587e-01 (6.8044e-01)	Loss Pred 4.0731e-01 (4.4377e-01)	Loss TOTAL 7.9289e-01 (8.3802e-01)
Epoch: [35][360/441]	L_Src_Sup 2.1312e-01 (2.0257e-01)	L_Trg_Inj 3.8564e-01 (2.9298e-01)	Loss Disc 6.8286e-01 (6.8047e-01)	Loss Pred 4.4048e-01 (4.4372e-01)	Loss TOTAL 8.4179e-01 (8.3796e-01)
Epoch: [35][370/441]	L_Src_Sup 1.8334e-01 (2.0233e-01)	L_Trg_Inj 2.8002e-01 (2.9322e-01)	Loss Disc 6.8165e-01 (6.8048e-01)	Loss Pred 4.5361e-01 (4.4390e-01)	Loss TOTAL 8.4077e-01 (8.3808e-01)
Epoch: [35][380/441]	L_Src_Sup 2.9330e-01 (2.0203e-01)	L_Trg_Inj 3.3547e-01 (2.9291e-01)	Loss Disc 6.7495e-01 (6.8048e-01)	Loss Pred 4.8020e-01 (4.4375e-01)	Loss TOTAL 8.8055e-01 (8.3782e-01)
Epoch: [35][390/441]	L_Src_Sup 2.2751e-01 (2.0220e-01)	L_Trg_Inj 2.5382e-01 (2.9262e-01)	Loss Disc 6.7554e-01 (6.8046e-01)	Loss Pred 4.5823e-01 (4.4379e-01)	Loss TOTAL 8.4413e-01 (8.3791e-01)
Epoch: [35][400/441]	L_Src_Sup 1.3334e-01 (2.0177e-01)	L_Trg_Inj 3.0739e-01 (2.9324e-01)	Loss Disc 6.7942e-01 (6.8047e-01)	Loss Pred 4.3342e-01 (4.4360e-01)	Loss TOTAL 8.1720e-01 (8.3763e-01)
Epoch: [35][410/441]	L_Src_Sup 1.8163e-01 (2.0223e-01)	L_Trg_Inj 3.5503e-01 (2.9305e-01)	Loss Disc 6.8037e-01 (6.8048e-01)	Loss Pred 4.2682e-01 (4.4333e-01)	Loss TOTAL 8.2067e-01 (8.3743e-01)
Epoch: [35][420/441]	L_Src_Sup 1.4518e-01 (2.0153e-01)	L_Trg_Inj 3.0427e-01 (2.9230e-01)	Loss Disc 6.8476e-01 (6.8051e-01)	Loss Pred 4.0819e-01 (4.4313e-01)	Loss TOTAL 7.9551e-01 (8.3699e-01)
Epoch: [35][430/441]	L_Src_Sup 8.2986e-02 (2.0087e-01)	L_Trg_Inj 3.2893e-01 (2.9171e-01)	Loss Disc 6.8073e-01 (6.8048e-01)	Loss Pred 4.2691e-01 (4.4326e-01)	Loss TOTAL 8.0847e-01 (8.3706e-01)
Epoch: [35][440/441]	L_Src_Sup 2.5001e-01 (2.0092e-01)	L_Trg_Inj 2.4314e-01 (2.9194e-01)	Loss Disc 6.7985e-01 (6.8046e-01)	Loss Pred 4.3491e-01 (4.4315e-01)	Loss TOTAL 8.3102e-01 (8.3688e-01)
Epoch: [35][441/441]	L_Src_Sup 3.2794e-01 (2.0121e-01)	L_Trg_Inj 2.9577e-01 (2.9195e-01)	Loss Disc 6.8210e-01 (6.8047e-01)	Loss Pred 4.2105e-01 (4.4310e-01)	Loss TOTAL 8.5664e-01 (8.3693e-01)
Epoch 35 complete. Saving model state...
Epoch: [36][ 10/441]	L_Src_Sup 2.3731e-01 (1.8348e-01)	L_Trg_Inj 3.4367e-01 (2.7528e-01)	Loss Disc 6.7700e-01 (6.7959e-01)	Loss Pred 4.4560e-01 (4.5279e-01)	Loss TOTAL 8.4220e-01 (8.3912e-01)
Epoch: [36][ 20/441]	L_Src_Sup 1.6835e-01 (1.8880e-01)	L_Trg_Inj 3.0541e-01 (2.7033e-01)	Loss Disc 6.8147e-01 (6.8070e-01)	Loss Pred 4.2731e-01 (4.4693e-01)	Loss TOTAL 8.1542e-01 (8.4000e-01)
Epoch: [36][ 30/441]	L_Src_Sup 2.0460e-01 (1.9540e-01)	L_Trg_Inj 2.0429e-01 (2.7668e-01)	Loss Disc 6.7767e-01 (6.8039e-01)	Loss Pred 4.4975e-01 (4.4672e-01)	Loss TOTAL 8.2979e-01 (8.3899e-01)
Epoch: [36][ 40/441]	L_Src_Sup 1.7100e-01 (1.9325e-01)	L_Trg_Inj 2.7204e-01 (2.7987e-01)	Loss Disc 6.7680e-01 (6.8048e-01)	Loss Pred 4.5213e-01 (4.4605e-01)	Loss TOTAL 8.3484e-01 (8.3902e-01)
Epoch: [36][ 50/441]	L_Src_Sup 2.6039e-01 (1.9842e-01)	L_Trg_Inj 3.5516e-01 (2.8482e-01)	Loss Disc 6.8350e-01 (6.8045e-01)	Loss Pred 4.1383e-01 (4.4553e-01)	Loss TOTAL 8.1714e-01 (8.3841e-01)
Epoch: [36][ 60/441]	L_Src_Sup 2.4795e-01 (2.0510e-01)	L_Trg_Inj 1.4419e-01 (2.8847e-01)	Loss Disc 6.8402e-01 (6.8047e-01)	Loss Pred 4.2608e-01 (4.4430e-01)	Loss TOTAL 9.1107e-01 (8.3923e-01)
Epoch: [36][ 70/441]	L_Src_Sup 1.1383e-01 (2.0125e-01)	L_Trg_Inj 2.3004e-01 (2.8590e-01)	Loss Disc 6.8497e-01 (6.8040e-01)	Loss Pred 4.1386e-01 (4.4486e-01)	Loss TOTAL 7.9073e-01 (8.3939e-01)
Epoch: [36][ 80/441]	L_Src_Sup 2.0514e-01 (1.9794e-01)	L_Trg_Inj 3.0219e-01 (2.8769e-01)	Loss Disc 6.7575e-01 (6.8033e-01)	Loss Pred 4.5186e-01 (4.4507e-01)	Loss TOTAL 8.4046e-01 (8.3899e-01)
Epoch: [36][ 90/441]	L_Src_Sup 1.7546e-01 (1.9894e-01)	L_Trg_Inj 3.0307e-01 (2.8940e-01)	Loss Disc 6.7342e-01 (6.8006e-01)	Loss Pred 4.9120e-01 (4.4641e-01)	Loss TOTAL 8.7576e-01 (8.3998e-01)
Epoch: [36][100/441]	L_Src_Sup 1.8808e-01 (1.9801e-01)	L_Trg_Inj 2.2400e-01 (2.9024e-01)	Loss Disc 6.7718e-01 (6.7994e-01)	Loss Pred 4.5203e-01 (4.4658e-01)	Loss TOTAL 8.3183e-01 (8.3962e-01)
Epoch: [36][110/441]	L_Src_Sup 1.7893e-01 (1.9871e-01)	L_Trg_Inj 2.5834e-01 (2.8702e-01)	Loss Disc 6.8459e-01 (6.8006e-01)	Loss Pred 4.1379e-01 (4.4549e-01)	Loss TOTAL 7.9981e-01 (8.3885e-01)
Epoch: [36][120/441]	L_Src_Sup 1.7096e-01 (1.9780e-01)	L_Trg_Inj 2.0279e-01 (2.8706e-01)	Loss Disc 6.8006e-01 (6.8004e-01)	Loss Pred 4.9269e-01 (4.4555e-01)	Loss TOTAL 8.7009e-01 (8.3878e-01)
Epoch: [36][130/441]	L_Src_Sup 1.9673e-01 (1.9874e-01)	L_Trg_Inj 2.3565e-01 (2.8730e-01)	Loss Disc 6.8476e-01 (6.8009e-01)	Loss Pred 4.4069e-01 (4.4521e-01)	Loss TOTAL 8.2631e-01 (8.3843e-01)
Epoch: [36][140/441]	L_Src_Sup 1.1667e-01 (1.9820e-01)	L_Trg_Inj 2.9090e-01 (2.8846e-01)	Loss Disc 6.8019e-01 (6.8013e-01)	Loss Pred 4.3280e-01 (4.4491e-01)	Loss TOTAL 8.1366e-01 (8.3800e-01)
Epoch: [36][150/441]	L_Src_Sup 2.8336e-01 (1.9837e-01)	L_Trg_Inj 3.2280e-01 (2.8726e-01)	Loss Disc 6.8023e-01 (6.8019e-01)	Loss Pred 4.3305e-01 (4.4434e-01)	Loss TOTAL 8.3378e-01 (8.3745e-01)
Epoch: [36][160/441]	L_Src_Sup 1.8488e-01 (1.9852e-01)	L_Trg_Inj 2.6076e-01 (2.8940e-01)	Loss Disc 6.7976e-01 (6.8017e-01)	Loss Pred 4.3885e-01 (4.4456e-01)	Loss TOTAL 8.2330e-01 (8.3761e-01)
Epoch: [36][170/441]	L_Src_Sup 9.9181e-02 (1.9696e-01)	L_Trg_Inj 3.0642e-01 (2.9282e-01)	Loss Disc 6.8247e-01 (6.8007e-01)	Loss Pred 4.4682e-01 (4.4475e-01)	Loss TOTAL 8.2862e-01 (8.3769e-01)
Epoch: [36][180/441]	L_Src_Sup 1.8343e-01 (1.9667e-01)	L_Trg_Inj 3.3445e-01 (2.9192e-01)	Loss Disc 6.7993e-01 (6.7995e-01)	Loss Pred 4.3358e-01 (4.4506e-01)	Loss TOTAL 8.2533e-01 (8.3761e-01)
Epoch: [36][190/441]	L_Src_Sup 2.8334e-01 (1.9611e-01)	L_Trg_Inj 2.7701e-01 (2.9252e-01)	Loss Disc 6.8086e-01 (6.8003e-01)	Loss Pred 4.3345e-01 (4.4468e-01)	Loss TOTAL 8.3625e-01 (8.3711e-01)
Epoch: [36][200/441]	L_Src_Sup 2.2034e-01 (1.9545e-01)	L_Trg_Inj 3.7397e-01 (2.9355e-01)	Loss Disc 6.7659e-01 (6.8012e-01)	Loss Pred 4.4541e-01 (4.4444e-01)	Loss TOTAL 8.4314e-01 (8.3678e-01)
Epoch: [36][210/441]	L_Src_Sup 1.6529e-01 (1.9549e-01)	L_Trg_Inj 2.8830e-01 (2.9402e-01)	Loss Disc 6.8172e-01 (6.8023e-01)	Loss Pred 4.2654e-01 (4.4370e-01)	Loss TOTAL 8.1275e-01 (8.3619e-01)
Epoch: [36][220/441]	L_Src_Sup 2.1143e-01 (1.9644e-01)	L_Trg_Inj 3.5536e-01 (2.9511e-01)	Loss Disc 6.8366e-01 (6.8025e-01)	Loss Pred 4.1374e-01 (4.4332e-01)	Loss TOTAL 8.1225e-01 (8.3611e-01)
Epoch: [36][230/441]	L_Src_Sup 2.0024e-01 (1.9788e-01)	L_Trg_Inj 3.8188e-01 (2.9556e-01)	Loss Disc 6.8464e-01 (6.8035e-01)	Loss Pred 4.3419e-01 (4.4335e-01)	Loss TOTAL 8.3472e-01 (8.3687e-01)
Epoch: [36][240/441]	L_Src_Sup 2.9100e-01 (1.9762e-01)	L_Trg_Inj 2.7295e-01 (2.9506e-01)	Loss Disc 6.8578e-01 (6.8037e-01)	Loss Pred 4.0727e-01 (4.4320e-01)	Loss TOTAL 8.2460e-01 (8.3656e-01)
Epoch: [36][250/441]	L_Src_Sup 1.7438e-01 (2.0832e-01)	L_Trg_Inj 6.7758e-01 (3.0569e-01)	Loss Disc 6.7140e-01 (6.8024e-01)	Loss Pred 4.6005e-01 (4.4364e-01)	Loss TOTAL 8.8095e-01 (8.4523e-01)
Epoch: [36][260/441]	L_Src_Sup 6.5358e-02 (2.0788e-01)	L_Trg_Inj 2.8138e-01 (3.0855e-01)	Loss Disc 6.7429e-01 (6.8000e-01)	Loss Pred 4.3424e-01 (4.4423e-01)	Loss TOTAL 8.0606e-01 (8.4605e-01)
Epoch: [36][270/441]	L_Src_Sup 1.9734e-01 (2.0675e-01)	L_Trg_Inj 2.3598e-01 (3.0981e-01)	Loss Disc 6.7842e-01 (6.7975e-01)	Loss Pred 5.1824e-01 (4.4503e-01)	Loss TOTAL 9.0078e-01 (8.4636e-01)
Epoch: [36][280/441]	L_Src_Sup 2.1807e-01 (2.0684e-01)	L_Trg_Inj 2.8682e-01 (3.0917e-01)	Loss Disc 6.8007e-01 (6.7973e-01)	Loss Pred 4.3394e-01 (4.4480e-01)	Loss TOTAL 8.2446e-01 (8.4603e-01)
Epoch: [36][290/441]	L_Src_Sup 2.3341e-01 (2.0792e-01)	L_Trg_Inj 3.0954e-01 (3.0843e-01)	Loss Disc 6.8145e-01 (6.7977e-01)	Loss Pred 4.3381e-01 (4.4505e-01)	Loss TOTAL 8.2882e-01 (8.4651e-01)
Epoch: [36][300/441]	L_Src_Sup 1.1385e-01 (2.0676e-01)	L_Trg_Inj 2.6781e-01 (3.0818e-01)	Loss Disc 6.8598e-01 (6.7990e-01)	Loss Pred 4.1482e-01 (4.4492e-01)	Loss TOTAL 7.9598e-01 (8.4596e-01)
Epoch: [36][310/441]	L_Src_Sup 2.5447e-01 (2.0528e-01)	L_Trg_Inj 2.3393e-01 (3.0678e-01)	Loss Disc 6.8051e-01 (6.7997e-01)	Loss Pred 4.6630e-01 (4.4500e-01)	Loss TOTAL 8.7594e-01 (8.4562e-01)
Epoch: [36][320/441]	L_Src_Sup 2.2409e-01 (2.0552e-01)	L_Trg_Inj 2.7063e-01 (3.0683e-01)	Loss Disc 6.8869e-01 (6.8002e-01)	Loss Pred 4.0173e-01 (4.4516e-01)	Loss TOTAL 7.9555e-01 (8.4571e-01)
Epoch: [36][330/441]	L_Src_Sup 1.6055e-01 (2.0521e-01)	L_Trg_Inj 2.2262e-01 (3.0698e-01)	Loss Disc 6.8606e-01 (6.8003e-01)	Loss Pred 4.4109e-01 (4.4536e-01)	Loss TOTAL 8.2243e-01 (8.4575e-01)
Epoch: [36][340/441]	L_Src_Sup 1.5002e-01 (2.0417e-01)	L_Trg_Inj 2.2726e-01 (3.0579e-01)	Loss Disc 6.8160e-01 (6.8005e-01)	Loss Pred 4.3407e-01 (4.4533e-01)	Loss TOTAL 8.1260e-01 (8.4547e-01)
Epoch: [36][350/441]	L_Src_Sup 1.3449e-01 (2.0351e-01)	L_Trg_Inj 3.2224e-01 (3.0592e-01)	Loss Disc 6.8131e-01 (6.8006e-01)	Loss Pred 4.5980e-01 (4.4554e-01)	Loss TOTAL 8.4612e-01 (8.4587e-01)
Epoch: [36][360/441]	L_Src_Sup 2.7115e-01 (2.0410e-01)	L_Trg_Inj 3.6454e-01 (3.0514e-01)	Loss Disc 6.7962e-01 (6.8010e-01)	Loss Pred 4.6620e-01 (4.4598e-01)	Loss TOTAL 8.6958e-01 (8.4607e-01)
Epoch: [36][370/441]	L_Src_Sup 1.7888e-01 (2.0397e-01)	L_Trg_Inj 2.6267e-01 (3.0479e-01)	Loss Disc 6.8563e-01 (6.8017e-01)	Loss Pred 4.1401e-01 (4.4576e-01)	Loss TOTAL 8.0098e-01 (8.4587e-01)
Epoch: [36][380/441]	L_Src_Sup 1.6531e-01 (2.0367e-01)	L_Trg_Inj 2.8689e-01 (3.0458e-01)	Loss Disc 6.8260e-01 (6.8024e-01)	Loss Pred 4.2672e-01 (4.4557e-01)	Loss TOTAL 8.1324e-01 (8.4564e-01)
Epoch: [36][390/441]	L_Src_Sup 1.7889e-01 (2.0340e-01)	L_Trg_Inj 3.1161e-01 (3.0402e-01)	Loss Disc 6.8495e-01 (6.8033e-01)	Loss Pred 4.1416e-01 (4.4522e-01)	Loss TOTAL 8.0569e-01 (8.4527e-01)
Epoch: [36][400/441]	L_Src_Sup 1.3011e-01 (2.0329e-01)	L_Trg_Inj 3.1899e-01 (3.0325e-01)	Loss Disc 6.8516e-01 (6.8038e-01)	Loss Pred 4.1418e-01 (4.4501e-01)	Loss TOTAL 8.0167e-01 (8.4484e-01)
Epoch: [36][410/441]	L_Src_Sup 2.0517e-01 (2.0325e-01)	L_Trg_Inj 3.6297e-01 (3.0302e-01)	Loss Disc 6.7670e-01 (6.8041e-01)	Loss Pred 4.5210e-01 (4.4475e-01)	Loss TOTAL 8.4727e-01 (8.4449e-01)
Epoch: [36][420/441]	L_Src_Sup 1.2077e-01 (2.0351e-01)	L_Trg_Inj 3.6046e-01 (3.0348e-01)	Loss Disc 6.7804e-01 (6.8046e-01)	Loss Pred 4.9978e-01 (4.4470e-01)	Loss TOTAL 8.8692e-01 (8.4432e-01)
Epoch: [36][430/441]	L_Src_Sup 2.3543e-01 (2.0374e-01)	L_Trg_Inj 2.2746e-01 (3.0261e-01)	Loss Disc 6.8027e-01 (6.8050e-01)	Loss Pred 4.4031e-01 (4.4465e-01)	Loss TOTAL 8.3471e-01 (8.4423e-01)
Epoch: [36][440/441]	L_Src_Sup 1.6672e-01 (2.0409e-01)	L_Trg_Inj 1.6162e-01 (3.0179e-01)	Loss Disc 6.8187e-01 (6.8052e-01)	Loss Pred 4.3309e-01 (4.4448e-01)	Loss TOTAL 8.1196e-01 (8.4405e-01)
Epoch: [36][441/441]	L_Src_Sup 2.5029e-01 (2.0419e-01)	L_Trg_Inj 2.6351e-01 (3.0171e-01)	Loss Disc 6.8432e-01 (6.8053e-01)	Loss Pred 4.7380e-01 (4.4455e-01)	Loss TOTAL 8.6734e-01 (8.4410e-01)
Epoch 36 complete. Saving model state...
Epoch: [37][ 10/441]	L_Src_Sup 1.6674e-01 (1.9537e-01)	L_Trg_Inj 2.6477e-01 (3.1408e-01)	Loss Disc 6.8149e-01 (6.8226e-01)	Loss Pred 4.3284e-01 (4.4653e-01)	Loss TOTAL 8.1674e-01 (8.3861e-01)
Epoch: [37][ 20/441]	L_Src_Sup 2.1868e-01 (1.8186e-01)	L_Trg_Inj 2.8197e-01 (2.9045e-01)	Loss Disc 6.8130e-01 (6.8232e-01)	Loss Pred 4.5953e-01 (4.4553e-01)	Loss TOTAL 8.5025e-01 (8.3392e-01)
Epoch: [37][ 30/441]	L_Src_Sup 1.3563e-01 (1.9357e-01)	L_Trg_Inj 2.1808e-01 (2.8725e-01)	Loss Disc 6.7913e-01 (6.8288e-01)	Loss Pred 4.4567e-01 (4.4075e-01)	Loss TOTAL 8.2060e-01 (8.3478e-01)
Epoch: [37][ 40/441]	L_Src_Sup 1.3562e-01 (2.0119e-01)	L_Trg_Inj 3.3111e-01 (2.8621e-01)	Loss Disc 6.7819e-01 (6.8197e-01)	Loss Pred 4.4574e-01 (4.4330e-01)	Loss TOTAL 8.3151e-01 (8.3891e-01)
Epoch: [37][ 50/441]	L_Src_Sup 1.7096e-01 (1.9713e-01)	L_Trg_Inj 2.6073e-01 (2.8656e-01)	Loss Disc 6.7734e-01 (6.8161e-01)	Loss Pred 4.5178e-01 (4.4263e-01)	Loss TOTAL 8.3362e-01 (8.3651e-01)
Epoch: [37][ 60/441]	L_Src_Sup 3.1157e-01 (1.9904e-01)	L_Trg_Inj 2.8188e-01 (2.8623e-01)	Loss Disc 6.8399e-01 (6.8158e-01)	Loss Pred 4.2010e-01 (4.4177e-01)	Loss TOTAL 8.5114e-01 (8.3700e-01)
Epoch: [37][ 70/441]	L_Src_Sup 1.6808e-01 (1.9732e-01)	L_Trg_Inj 2.6245e-01 (2.8961e-01)	Loss Disc 6.8007e-01 (6.8159e-01)	Loss Pred 4.3941e-01 (4.4178e-01)	Loss TOTAL 8.2250e-01 (8.3720e-01)
Epoch: [37][ 80/441]	L_Src_Sup 1.6536e-01 (1.9683e-01)	L_Trg_Inj 3.0353e-01 (2.9292e-01)	Loss Disc 6.8265e-01 (6.8136e-01)	Loss Pred 4.2649e-01 (4.4210e-01)	Loss TOTAL 8.1470e-01 (8.3726e-01)
Epoch: [37][ 90/441]	L_Src_Sup 3.0012e-01 (1.9613e-01)	L_Trg_Inj 2.8400e-01 (2.9359e-01)	Loss Disc 6.8153e-01 (6.8133e-01)	Loss Pred 4.3264e-01 (4.4229e-01)	Loss TOTAL 8.4794e-01 (8.3700e-01)
Epoch: [37][100/441]	L_Src_Sup 1.8187e-01 (1.9701e-01)	L_Trg_Inj 2.4645e-01 (2.9141e-01)	Loss Disc 6.8459e-01 (6.8141e-01)	Loss Pred 4.4672e-01 (4.4263e-01)	Loss TOTAL 8.3185e-01 (8.3686e-01)
Epoch: [37][110/441]	L_Src_Sup 2.1490e-01 (1.9852e-01)	L_Trg_Inj 3.3980e-01 (2.9333e-01)	Loss Disc 6.8242e-01 (6.8141e-01)	Loss Pred 4.5102e-01 (4.4295e-01)	Loss TOTAL 8.4770e-01 (8.3711e-01)
Epoch: [37][120/441]	L_Src_Sup 2.2954e-01 (1.9941e-01)	L_Trg_Inj 2.8553e-01 (2.9156e-01)	Loss Disc 6.8426e-01 (6.8152e-01)	Loss Pred 4.1996e-01 (4.4242e-01)	Loss TOTAL 8.1360e-01 (8.3645e-01)
Epoch: [37][130/441]	L_Src_Sup 1.4402e-01 (2.0268e-01)	L_Trg_Inj 3.0497e-01 (2.9376e-01)	Loss Disc 6.8791e-01 (6.8152e-01)	Loss Pred 4.0096e-01 (4.4209e-01)	Loss TOTAL 7.8981e-01 (8.3666e-01)
Epoch: [37][140/441]	L_Src_Sup 2.0342e-01 (2.0137e-01)	L_Trg_Inj 1.7427e-01 (2.9155e-01)	Loss Disc 6.8069e-01 (6.8152e-01)	Loss Pred 4.6590e-01 (4.4273e-01)	Loss TOTAL 8.7315e-01 (8.3690e-01)
Epoch: [37][150/441]	L_Src_Sup 1.3115e-01 (1.9949e-01)	L_Trg_Inj 2.2688e-01 (2.8963e-01)	Loss Disc 6.8426e-01 (6.8157e-01)	Loss Pred 4.1987e-01 (4.4217e-01)	Loss TOTAL 7.9780e-01 (8.3571e-01)
Epoch: [37][160/441]	L_Src_Sup 1.9301e-01 (1.9941e-01)	L_Trg_Inj 3.1242e-01 (2.8943e-01)	Loss Disc 6.7378e-01 (6.8161e-01)	Loss Pred 4.8219e-01 (4.4260e-01)	Loss TOTAL 8.6962e-01 (8.3619e-01)
Epoch: [37][170/441]	L_Src_Sup 1.9718e-01 (2.0120e-01)	L_Trg_Inj 3.4360e-01 (2.8704e-01)	Loss Disc 6.8252e-01 (6.8165e-01)	Loss Pred 4.2458e-01 (4.4211e-01)	Loss TOTAL 8.1992e-01 (8.3661e-01)
Epoch: [37][180/441]	L_Src_Sup 2.0003e-01 (2.0116e-01)	L_Trg_Inj 3.1661e-01 (2.8770e-01)	Loss Disc 6.8395e-01 (6.8165e-01)	Loss Pred 4.7210e-01 (4.4285e-01)	Loss TOTAL 8.6574e-01 (8.3715e-01)
Epoch: [37][190/441]	L_Src_Sup 1.9258e-01 (2.0121e-01)	L_Trg_Inj 2.0955e-01 (2.8794e-01)	Loss Disc 6.8052e-01 (6.8163e-01)	Loss Pred 4.4002e-01 (4.4342e-01)	Loss TOTAL 8.2049e-01 (8.3762e-01)
Epoch: [37][200/441]	L_Src_Sup 1.6277e-01 (2.0210e-01)	L_Trg_Inj 2.9625e-01 (2.8969e-01)	Loss Disc 6.8539e-01 (6.8163e-01)	Loss Pred 4.1357e-01 (4.4346e-01)	Loss TOTAL 8.0217e-01 (8.3774e-01)
Epoch: [37][210/441]	L_Src_Sup 2.2040e-01 (2.0207e-01)	L_Trg_Inj 3.2918e-01 (2.9011e-01)	Loss Disc 6.7818e-01 (6.8167e-01)	Loss Pred 4.4550e-01 (4.4306e-01)	Loss TOTAL 8.3954e-01 (8.3724e-01)
Epoch: [37][220/441]	L_Src_Sup 1.4878e-01 (2.0152e-01)	L_Trg_Inj 3.5700e-01 (2.9090e-01)	Loss Disc 6.8314e-01 (6.8175e-01)	Loss Pred 4.4724e-01 (4.4268e-01)	Loss TOTAL 8.3938e-01 (8.3681e-01)
Epoch: [37][230/441]	L_Src_Sup 1.3010e-01 (2.0178e-01)	L_Trg_Inj 3.2336e-01 (2.9041e-01)	Loss Disc 6.8502e-01 (6.8174e-01)	Loss Pred 4.1354e-01 (4.4251e-01)	Loss TOTAL 8.0139e-01 (8.3678e-01)
Epoch: [37][240/441]	L_Src_Sup 1.3117e-01 (2.0286e-01)	L_Trg_Inj 3.1225e-01 (2.9128e-01)	Loss Disc 6.8359e-01 (6.8173e-01)	Loss Pred 4.2009e-01 (4.4238e-01)	Loss TOTAL 8.0623e-01 (8.3676e-01)
Epoch: [37][250/441]	L_Src_Sup 2.6019e-01 (2.0356e-01)	L_Trg_Inj 3.0021e-01 (2.9099e-01)	Loss Disc 6.8636e-01 (6.8173e-01)	Loss Pred 4.3394e-01 (4.4294e-01)	Loss TOTAL 8.3316e-01 (8.3730e-01)
Epoch: [37][260/441]	L_Src_Sup 1.2966e-01 (2.0213e-01)	L_Trg_Inj 2.5397e-01 (2.9108e-01)	Loss Disc 6.6789e-01 (6.8161e-01)	Loss Pred 5.4983e-01 (4.4346e-01)	Loss TOTAL 9.2213e-01 (8.3748e-01)
Epoch: [37][270/441]	L_Src_Sup 1.8185e-01 (2.0287e-01)	L_Trg_Inj 2.7912e-01 (2.9267e-01)	Loss Disc 6.8204e-01 (6.8166e-01)	Loss Pred 4.2720e-01 (4.4281e-01)	Loss TOTAL 8.1431e-01 (8.3719e-01)
Epoch: [37][280/441]	L_Src_Sup 1.6401e-01 (2.0283e-01)	L_Trg_Inj 2.8558e-01 (2.9433e-01)	Loss Disc 6.8305e-01 (6.8162e-01)	Loss Pred 4.1992e-01 (4.4281e-01)	Loss TOTAL 8.0641e-01 (8.3720e-01)
Epoch: [37][290/441]	L_Src_Sup 1.5128e-01 (2.0240e-01)	L_Trg_Inj 2.0876e-01 (2.9400e-01)	Loss Disc 6.8216e-01 (6.8164e-01)	Loss Pred 4.6920e-01 (4.4242e-01)	Loss TOTAL 8.4629e-01 (8.3718e-01)
Epoch: [37][300/441]	L_Src_Sup 1.9840e-01 (2.0317e-01)	L_Trg_Inj 2.7593e-01 (2.9518e-01)	Loss Disc 6.8195e-01 (6.8160e-01)	Loss Pred 4.2650e-01 (4.4249e-01)	Loss TOTAL 8.1491e-01 (8.3728e-01)
Epoch: [37][310/441]	L_Src_Sup 2.1516e-01 (2.0290e-01)	L_Trg_Inj 3.4308e-01 (2.9460e-01)	Loss Disc 6.8232e-01 (6.8159e-01)	Loss Pred 4.4656e-01 (4.4234e-01)	Loss TOTAL 8.4355e-01 (8.3690e-01)
Epoch: [37][320/441]	L_Src_Sup 1.6956e-01 (2.0251e-01)	L_Trg_Inj 1.3513e-01 (2.9311e-01)	Loss Disc 6.7966e-01 (6.8161e-01)	Loss Pred 4.4553e-01 (4.4215e-01)	Loss TOTAL 8.5025e-01 (8.3652e-01)
Epoch: [37][330/441]	L_Src_Sup 1.5566e-01 (2.0225e-01)	L_Trg_Inj 2.9002e-01 (2.9307e-01)	Loss Disc 6.8294e-01 (6.8159e-01)	Loss Pred 4.2012e-01 (4.4196e-01)	Loss TOTAL 8.0616e-01 (8.3616e-01)
Epoch: [37][340/441]	L_Src_Sup 1.5002e-01 (2.0152e-01)	L_Trg_Inj 3.5521e-01 (2.9382e-01)	Loss Disc 6.8030e-01 (6.8154e-01)	Loss Pred 4.5314e-01 (4.4198e-01)	Loss TOTAL 8.4382e-01 (8.3606e-01)
Epoch: [37][350/441]	L_Src_Sup 8.1314e-02 (2.0191e-01)	L_Trg_Inj 2.5301e-01 (2.9299e-01)	Loss Disc 6.8469e-01 (6.8155e-01)	Loss Pred 4.1382e-01 (4.4170e-01)	Loss TOTAL 7.8959e-01 (8.3620e-01)
Epoch: [37][360/441]	L_Src_Sup 2.1862e-01 (2.0269e-01)	L_Trg_Inj 2.6212e-01 (2.9337e-01)	Loss Disc 6.7948e-01 (6.8152e-01)	Loss Pred 4.3923e-01 (4.4192e-01)	Loss TOTAL 8.2704e-01 (8.3668e-01)
Epoch: [37][370/441]	L_Src_Sup 2.4450e-01 (2.0347e-01)	L_Trg_Inj 4.0100e-01 (2.9429e-01)	Loss Disc 6.8254e-01 (6.8153e-01)	Loss Pred 4.1376e-01 (4.4183e-01)	Loss TOTAL 8.1958e-01 (8.3708e-01)
Epoch: [37][380/441]	L_Src_Sup 1.8042e-01 (2.0374e-01)	L_Trg_Inj 3.6155e-01 (2.9548e-01)	Loss Disc 6.8210e-01 (6.8143e-01)	Loss Pred 4.1999e-01 (4.4220e-01)	Loss TOTAL 8.1523e-01 (8.3742e-01)
Epoch: [37][390/441]	L_Src_Sup 2.0170e-01 (2.0305e-01)	L_Trg_Inj 3.1149e-01 (2.9538e-01)	Loss Disc 6.8112e-01 (6.8143e-01)	Loss Pred 4.7990e-01 (4.4220e-01)	Loss TOTAL 8.7177e-01 (8.3726e-01)
Epoch: [37][400/441]	L_Src_Sup 2.9313e-01 (2.0314e-01)	L_Trg_Inj 2.6152e-01 (2.9490e-01)	Loss Disc 6.7560e-01 (6.8139e-01)	Loss Pred 4.5819e-01 (4.4226e-01)	Loss TOTAL 8.8307e-01 (8.3746e-01)
Epoch: [37][410/441]	L_Src_Sup 1.8493e-01 (2.0289e-01)	L_Trg_Inj 3.4658e-01 (2.9590e-01)	Loss Disc 6.7981e-01 (6.8133e-01)	Loss Pred 4.5991e-01 (4.4226e-01)	Loss TOTAL 8.5297e-01 (8.3739e-01)
Epoch: [37][420/441]	L_Src_Sup 2.5433e-01 (2.0263e-01)	L_Trg_Inj 2.6740e-01 (2.9650e-01)	Loss Disc 6.7937e-01 (6.8125e-01)	Loss Pred 4.6591e-01 (4.4254e-01)	Loss TOTAL 8.5777e-01 (8.3757e-01)
Epoch: [37][430/441]	L_Src_Sup 2.0172e-01 (2.0260e-01)	L_Trg_Inj 3.0872e-01 (2.9630e-01)	Loss Disc 6.8009e-01 (6.8120e-01)	Loss Pred 4.5965e-01 (4.4272e-01)	Loss TOTAL 8.5074e-01 (8.3758e-01)
Epoch: [37][440/441]	L_Src_Sup 3.1040e-01 (2.0291e-01)	L_Trg_Inj 3.2426e-01 (2.9666e-01)	Loss Disc 6.7483e-01 (6.8120e-01)	Loss Pred 4.5820e-01 (4.4263e-01)	Loss TOTAL 8.5908e-01 (8.3774e-01)
Epoch: [37][441/441]	L_Src_Sup 1.5793e-01 (2.0280e-01)	L_Trg_Inj 3.1945e-01 (2.9671e-01)	Loss Disc 6.7257e-01 (6.8118e-01)	Loss Pred 4.7126e-01 (4.4270e-01)	Loss TOTAL 8.5529e-01 (8.3778e-01)
Epoch 37 complete. Saving model state...
Epoch: [38][ 10/441]	L_Src_Sup 1.5519e-01 (1.9386e-01)	L_Trg_Inj 3.5396e-01 (2.9876e-01)	Loss Disc 6.7677e-01 (6.7891e-01)	Loss Pred 4.9913e-01 (4.5257e-01)	Loss TOTAL 8.8843e-01 (8.4129e-01)
Epoch: [38][ 20/441]	L_Src_Sup 1.6951e-01 (1.8387e-01)	L_Trg_Inj 3.0303e-01 (2.9877e-01)	Loss Disc 6.7847e-01 (6.7959e-01)	Loss Pred 4.6603e-01 (4.5010e-01)	Loss TOTAL 8.5251e-01 (8.3817e-01)
Epoch: [38][ 30/441]	L_Src_Sup 1.7546e-01 (1.8808e-01)	L_Trg_Inj 3.4793e-01 (2.9429e-01)	Loss Disc 6.7317e-01 (6.7974e-01)	Loss Pred 4.8861e-01 (4.4997e-01)	Loss TOTAL 8.7753e-01 (8.3890e-01)
Epoch: [38][ 40/441]	L_Src_Sup 2.0027e-01 (1.8662e-01)	L_Trg_Inj 2.9894e-01 (2.9439e-01)	Loss Disc 6.8000e-01 (6.8006e-01)	Loss Pred 4.3304e-01 (4.4808e-01)	Loss TOTAL 8.2296e-01 (8.3862e-01)
Epoch: [38][ 50/441]	L_Src_Sup 2.1418e-01 (1.9314e-01)	L_Trg_Inj 3.3948e-01 (2.9127e-01)	Loss Disc 6.8238e-01 (6.8008e-01)	Loss Pred 4.4700e-01 (4.4865e-01)	Loss TOTAL 8.4356e-01 (8.4288e-01)
Epoch: [38][ 60/441]	L_Src_Sup 2.6689e-01 (1.9822e-01)	L_Trg_Inj 2.8023e-01 (2.9162e-01)	Loss Disc 6.8054e-01 (6.8021e-01)	Loss Pred 4.3293e-01 (4.4693e-01)	Loss TOTAL 8.2791e-01 (8.4153e-01)
Epoch: [38][ 70/441]	L_Src_Sup 1.5163e-01 (1.9617e-01)	L_Trg_Inj 3.0557e-01 (2.9102e-01)	Loss Disc 6.8043e-01 (6.8013e-01)	Loss Pred 4.5960e-01 (4.4744e-01)	Loss TOTAL 8.4554e-01 (8.4268e-01)
Epoch: [38][ 80/441]	L_Src_Sup 1.9050e-01 (1.9587e-01)	L_Trg_Inj 3.0978e-01 (2.9618e-01)	Loss Disc 6.8804e-01 (6.7999e-01)	Loss Pred 3.9468e-01 (4.4822e-01)	Loss TOTAL 7.8873e-01 (8.4308e-01)
Epoch: [38][ 90/441]	L_Src_Sup 1.6950e-01 (1.9653e-01)	L_Trg_Inj 3.3314e-01 (2.9582e-01)	Loss Disc 6.7879e-01 (6.8011e-01)	Loss Pred 4.6600e-01 (4.4748e-01)	Loss TOTAL 8.5566e-01 (8.4184e-01)
Epoch: [38][100/441]	L_Src_Sup 2.1308e-01 (1.9761e-01)	L_Trg_Inj 2.7748e-01 (2.9508e-01)	Loss Disc 6.8462e-01 (6.8029e-01)	Loss Pred 4.1425e-01 (4.4631e-01)	Loss TOTAL 8.0562e-01 (8.4041e-01)
Epoch: [38][110/441]	L_Src_Sup 2.3730e-01 (1.9819e-01)	L_Trg_Inj 3.9920e-01 (3.0105e-01)	Loss Disc 6.7661e-01 (6.8023e-01)	Loss Pred 4.4616e-01 (4.4543e-01)	Loss TOTAL 8.4811e-01 (8.4061e-01)
Epoch: [38][120/441]	L_Src_Sup 1.0436e-01 (1.9685e-01)	L_Trg_Inj 1.9833e-01 (3.0235e-01)	Loss Disc 6.7574e-01 (6.8023e-01)	Loss Pred 4.6505e-01 (4.4644e-01)	Loss TOTAL 8.3319e-01 (8.4119e-01)
Epoch: [38][130/441]	L_Src_Sup 1.4755e-01 (1.9632e-01)	L_Trg_Inj 2.9294e-01 (3.0310e-01)	Loss Disc 6.8445e-01 (6.8030e-01)	Loss Pred 4.4111e-01 (4.4587e-01)	Loss TOTAL 8.2739e-01 (8.4036e-01)
Epoch: [38][140/441]	L_Src_Sup 1.6669e-01 (1.9367e-01)	L_Trg_Inj 2.9111e-01 (3.0369e-01)	Loss Disc 6.8053e-01 (6.8028e-01)	Loss Pred 4.3286e-01 (4.4580e-01)	Loss TOTAL 8.1890e-01 (8.4067e-01)
Epoch: [38][150/441]	L_Src_Sup 1.1296e-01 (1.9247e-01)	L_Trg_Inj 2.7611e-01 (3.0518e-01)	Loss Disc 6.8588e-01 (6.8032e-01)	Loss Pred 4.0749e-01 (4.4509e-01)	Loss TOTAL 7.8933e-01 (8.3985e-01)
Epoch: [38][160/441]	L_Src_Sup 1.4876e-01 (1.9432e-01)	L_Trg_Inj 4.0604e-01 (3.0763e-01)	Loss Disc 6.8052e-01 (6.8032e-01)	Loss Pred 4.2659e-01 (4.4545e-01)	Loss TOTAL 8.2233e-01 (8.4087e-01)
Epoch: [38][170/441]	L_Src_Sup 1.7743e-01 (1.9469e-01)	L_Trg_Inj 2.6161e-01 (3.0701e-01)	Loss Disc 6.8607e-01 (6.8044e-01)	Loss Pred 4.0730e-01 (4.4479e-01)	Loss TOTAL 7.9424e-01 (8.4022e-01)
Epoch: [38][180/441]	L_Src_Sup 1.3224e-01 (1.9513e-01)	L_Trg_Inj 2.8011e-01 (3.0702e-01)	Loss Disc 6.8206e-01 (6.8047e-01)	Loss Pred 4.2632e-01 (4.4441e-01)	Loss TOTAL 8.0858e-01 (8.3976e-01)
Epoch: [38][190/441]	L_Src_Sup 1.5126e-01 (1.9729e-01)	L_Trg_Inj 4.3253e-01 (3.1102e-01)	Loss Disc 6.7722e-01 (6.8058e-01)	Loss Pred 4.3932e-01 (4.4399e-01)	Loss TOTAL 8.3631e-01 (8.3979e-01)
Epoch: [38][200/441]	L_Src_Sup 2.7646e-01 (1.9740e-01)	L_Trg_Inj 3.6866e-01 (3.1192e-01)	Loss Disc 6.8622e-01 (6.8048e-01)	Loss Pred 4.5438e-01 (4.4476e-01)	Loss TOTAL 8.6200e-01 (8.4037e-01)
Epoch: [38][210/441]	L_Src_Sup 2.0342e-01 (1.9676e-01)	L_Trg_Inj 2.8437e-01 (3.1253e-01)	Loss Disc 6.7802e-01 (6.8045e-01)	Loss Pred 4.4585e-01 (4.4445e-01)	Loss TOTAL 8.3364e-01 (8.3983e-01)
Epoch: [38][220/441]	L_Src_Sup 2.4779e-01 (1.9790e-01)	L_Trg_Inj 2.8617e-01 (3.1239e-01)	Loss Disc 6.7172e-01 (6.8040e-01)	Loss Pred 4.7748e-01 (4.4437e-01)	Loss TOTAL 8.6674e-01 (8.3999e-01)
Epoch: [38][230/441]	L_Src_Sup 2.3556e-01 (1.9782e-01)	L_Trg_Inj 2.6346e-01 (3.1366e-01)	Loss Disc 6.8070e-01 (6.8041e-01)	Loss Pred 4.5955e-01 (4.4403e-01)	Loss TOTAL 8.4980e-01 (8.3958e-01)
Epoch: [38][240/441]	L_Src_Sup 1.0437e-01 (1.9734e-01)	L_Trg_Inj 2.6342e-01 (3.1190e-01)	Loss Disc 6.7285e-01 (6.8030e-01)	Loss Pred 4.6979e-01 (4.4501e-01)	Loss TOTAL 8.4299e-01 (8.4065e-01)
Epoch: [38][250/441]	L_Src_Sup 1.5259e-01 (1.9809e-01)	L_Trg_Inj 1.9339e-01 (3.1053e-01)	Loss Disc 6.7898e-01 (6.8027e-01)	Loss Pred 4.4612e-01 (4.4497e-01)	Loss TOTAL 8.2021e-01 (8.4100e-01)
Epoch: [38][260/441]	L_Src_Sup 1.6395e-01 (1.9820e-01)	L_Trg_Inj 2.9642e-01 (3.1061e-01)	Loss Disc 6.8262e-01 (6.8028e-01)	Loss Pred 4.2043e-01 (4.4496e-01)	Loss TOTAL 8.0778e-01 (8.4082e-01)
Epoch: [38][270/441]	L_Src_Sup 2.0969e-01 (1.9751e-01)	L_Trg_Inj 4.0225e-01 (3.0981e-01)	Loss Disc 6.8422e-01 (6.8031e-01)	Loss Pred 4.2768e-01 (4.4451e-01)	Loss TOTAL 8.3099e-01 (8.4014e-01)
Epoch: [38][280/441]	L_Src_Sup 2.3742e-01 (1.9925e-01)	L_Trg_Inj 2.8837e-01 (3.0934e-01)	Loss Disc 6.7778e-01 (6.8039e-01)	Loss Pred 4.4581e-01 (4.4373e-01)	Loss TOTAL 8.3728e-01 (8.3982e-01)
Epoch: [38][290/441]	L_Src_Sup 1.6534e-01 (1.9928e-01)	L_Trg_Inj 4.2013e-01 (3.0923e-01)	Loss Disc 6.7898e-01 (6.8040e-01)	Loss Pred 4.2627e-01 (4.4341e-01)	Loss TOTAL 8.2431e-01 (8.3932e-01)
Epoch: [38][300/441]	L_Src_Sup 1.7109e-01 (2.0001e-01)	L_Trg_Inj 2.5152e-01 (3.0760e-01)	Loss Disc 6.7921e-01 (6.8039e-01)	Loss Pred 4.9302e-01 (4.4376e-01)	Loss TOTAL 8.7489e-01 (8.4002e-01)
Epoch: [38][310/441]	L_Src_Sup 2.2604e-01 (1.9858e-01)	L_Trg_Inj 2.9999e-01 (3.0625e-01)	Loss Disc 6.8499e-01 (6.8041e-01)	Loss Pred 4.0816e-01 (4.4367e-01)	Loss TOTAL 8.0326e-01 (8.3949e-01)
Epoch: [38][320/441]	L_Src_Sup 1.4929e-01 (1.9874e-01)	L_Trg_Inj 3.5482e-01 (3.0520e-01)	Loss Disc 6.8130e-01 (6.8041e-01)	Loss Pred 4.4711e-01 (4.4380e-01)	Loss TOTAL 8.3817e-01 (8.3975e-01)
Epoch: [38][330/441]	L_Src_Sup 2.7079e-01 (1.9927e-01)	L_Trg_Inj 3.1706e-01 (3.0473e-01)	Loss Disc 6.7842e-01 (6.8037e-01)	Loss Pred 4.3947e-01 (4.4397e-01)	Loss TOTAL 8.3746e-01 (8.4017e-01)
Epoch: [38][340/441]	L_Src_Sup 1.6262e-01 (1.9946e-01)	L_Trg_Inj 3.3894e-01 (3.0419e-01)	Loss Disc 6.8302e-01 (6.8039e-01)	Loss Pred 4.1391e-01 (4.4364e-01)	Loss TOTAL 8.0558e-01 (8.3984e-01)
Epoch: [38][350/441]	L_Src_Sup 2.5001e-01 (1.9930e-01)	L_Trg_Inj 2.4017e-01 (3.0305e-01)	Loss Disc 6.8097e-01 (6.8043e-01)	Loss Pred 4.3338e-01 (4.4344e-01)	Loss TOTAL 8.3274e-01 (8.3950e-01)
Epoch: [38][360/441]	L_Src_Sup 2.4194e-01 (2.0002e-01)	L_Trg_Inj 3.3796e-01 (3.0268e-01)	Loss Disc 6.8466e-01 (6.8045e-01)	Loss Pred 4.0780e-01 (4.4322e-01)	Loss TOTAL 8.0813e-01 (8.3972e-01)
Epoch: [38][370/441]	L_Src_Sup 1.9672e-01 (2.0068e-01)	L_Trg_Inj 2.4792e-01 (3.0207e-01)	Loss Disc 6.8332e-01 (6.8048e-01)	Loss Pred 4.2019e-01 (4.4302e-01)	Loss TOTAL 8.0632e-01 (8.3937e-01)
Epoch: [38][380/441]	L_Src_Sup 1.8335e-01 (2.0083e-01)	L_Trg_Inj 3.0935e-01 (3.0247e-01)	Loss Disc 6.7970e-01 (6.8046e-01)	Loss Pred 4.5483e-01 (4.4300e-01)	Loss TOTAL 8.4395e-01 (8.3925e-01)
Epoch: [38][390/441]	L_Src_Sup 2.2539e-01 (2.0120e-01)	L_Trg_Inj 3.3077e-01 (3.0207e-01)	Loss Disc 6.7802e-01 (6.8044e-01)	Loss Pred 4.3983e-01 (4.4310e-01)	Loss TOTAL 8.3446e-01 (8.3943e-01)
Epoch: [38][400/441]	L_Src_Sup 2.5398e-01 (2.0194e-01)	L_Trg_Inj 3.1375e-01 (3.0200e-01)	Loss Disc 6.8723e-01 (6.8043e-01)	Loss Pred 3.9499e-01 (4.4324e-01)	Loss TOTAL 7.9538e-01 (8.3952e-01)
Epoch: [38][410/441]	L_Src_Sup 2.0047e-01 (2.0245e-01)	L_Trg_Inj 2.3183e-01 (3.0120e-01)	Loss Disc 6.8753e-01 (6.8039e-01)	Loss Pred 4.0144e-01 (4.4325e-01)	Loss TOTAL 7.8844e-01 (8.3952e-01)
Epoch: [38][420/441]	L_Src_Sup 2.2766e-01 (2.0296e-01)	L_Trg_Inj 3.8039e-01 (3.0120e-01)	Loss Disc 6.8306e-01 (6.8040e-01)	Loss Pred 4.1379e-01 (4.4327e-01)	Loss TOTAL 8.1613e-01 (8.3966e-01)
Epoch: [38][430/441]	L_Src_Sup 2.3334e-01 (2.0252e-01)	L_Trg_Inj 1.3925e-01 (3.0066e-01)	Loss Disc 6.8223e-01 (6.8045e-01)	Loss Pred 4.3338e-01 (4.4317e-01)	Loss TOTAL 9.0584e-01 (8.3957e-01)
Epoch: [38][440/441]	L_Src_Sup 9.8378e-02 (2.0306e-01)	L_Trg_Inj 2.5497e-01 (3.0058e-01)	Loss Disc 6.8332e-01 (6.8046e-01)	Loss Pred 4.2000e-01 (4.4298e-01)	Loss TOTAL 7.9700e-01 (8.3945e-01)
Epoch: [38][441/441]	L_Src_Sup 2.3732e-01 (2.0313e-01)	L_Trg_Inj 3.0978e-01 (3.0060e-01)	Loss Disc 6.7763e-01 (6.8045e-01)	Loss Pred 4.4573e-01 (4.4299e-01)	Loss TOTAL 8.3926e-01 (8.3945e-01)
Epoch 38 complete. Saving model state...
Epoch: [39][ 10/441]	L_Src_Sup 1.9585e-01 (2.4516e-01)	L_Trg_Inj 2.1910e-01 (2.9860e-01)	Loss Disc 6.7742e-01 (6.7927e-01)	Loss Pred 4.5242e-01 (4.4691e-01)	Loss TOTAL 8.3263e-01 (8.5130e-01)
Epoch: [39][ 20/441]	L_Src_Sup 1.1765e-01 (2.2028e-01)	L_Trg_Inj 2.9327e-01 (2.9043e-01)	Loss Disc 6.7907e-01 (6.7974e-01)	Loss Pred 4.3966e-01 (4.4144e-01)	Loss TOTAL 8.2029e-01 (8.3756e-01)
Epoch: [39][ 30/441]	L_Src_Sup 1.6394e-01 (2.1441e-01)	L_Trg_Inj 2.3714e-01 (2.8402e-01)	Loss Disc 6.8364e-01 (6.8000e-01)	Loss Pred 4.1994e-01 (4.4122e-01)	Loss TOTAL 8.0187e-01 (8.3631e-01)
Epoch: [39][ 40/441]	L_Src_Sup 1.8188e-01 (2.0672e-01)	L_Trg_Inj 3.3731e-01 (2.8821e-01)	Loss Disc 6.8131e-01 (6.8009e-01)	Loss Pred 4.2653e-01 (4.4116e-01)	Loss TOTAL 8.1910e-01 (8.3580e-01)
Epoch: [39][ 50/441]	L_Src_Sup 2.6231e-01 (2.0140e-01)	L_Trg_Inj 2.8065e-01 (2.9128e-01)	Loss Disc 6.8312e-01 (6.8031e-01)	Loss Pred 4.2058e-01 (4.4232e-01)	Loss TOTAL 8.1644e-01 (8.3583e-01)
Epoch: [39][ 60/441]	L_Src_Sup 2.3622e-01 (2.0143e-01)	L_Trg_Inj 2.1506e-01 (2.9056e-01)	Loss Disc 6.7987e-01 (6.8002e-01)	Loss Pred 4.3989e-01 (4.4360e-01)	Loss TOTAL 8.4611e-01 (8.3660e-01)
Epoch: [39][ 70/441]	L_Src_Sup 1.6809e-01 (2.0045e-01)	L_Trg_Inj 2.5272e-01 (2.9321e-01)	Loss Disc 6.7981e-01 (6.8030e-01)	Loss Pred 4.3948e-01 (4.4166e-01)	Loss TOTAL 8.2146e-01 (8.3491e-01)
Epoch: [39][ 80/441]	L_Src_Sup 2.9752e-01 (2.0128e-01)	L_Trg_Inj 3.0661e-01 (2.9244e-01)	Loss Disc 6.8150e-01 (6.8046e-01)	Loss Pred 4.2682e-01 (4.4074e-01)	Loss TOTAL 8.2798e-01 (8.3416e-01)
Epoch: [39][ 90/441]	L_Src_Sup 2.8099e-01 (2.0439e-01)	L_Trg_Inj 3.1395e-01 (2.9633e-01)	Loss Disc 6.8265e-01 (6.8048e-01)	Loss Pred 4.4715e-01 (4.4034e-01)	Loss TOTAL 8.4797e-01 (8.3411e-01)
Epoch: [39][100/441]	L_Src_Sup 2.2035e-01 (2.0555e-01)	L_Trg_Inj 3.1100e-01 (2.9681e-01)	Loss Disc 6.7761e-01 (6.8046e-01)	Loss Pred 4.4576e-01 (4.4091e-01)	Loss TOTAL 8.3770e-01 (8.3488e-01)
Epoch: [39][110/441]	L_Src_Sup 1.9513e-01 (2.0626e-01)	L_Trg_Inj 2.2395e-01 (2.9787e-01)	Loss Disc 6.8519e-01 (6.8049e-01)	Loss Pred 4.1389e-01 (4.4050e-01)	Loss TOTAL 7.9839e-01 (8.3485e-01)
Epoch: [39][120/441]	L_Src_Sup 2.5002e-01 (2.0618e-01)	L_Trg_Inj 2.6005e-01 (2.9766e-01)	Loss Disc 6.8087e-01 (6.8041e-01)	Loss Pred 4.3311e-01 (4.4114e-01)	Loss TOTAL 8.2455e-01 (8.3538e-01)
Epoch: [39][130/441]	L_Src_Sup 2.2035e-01 (2.0662e-01)	L_Trg_Inj 3.8469e-01 (2.9874e-01)	Loss Disc 6.7823e-01 (6.8032e-01)	Loss Pred 4.6598e-01 (4.4213e-01)	Loss TOTAL 8.6559e-01 (8.3642e-01)
Epoch: [39][140/441]	L_Src_Sup 1.6808e-01 (2.0683e-01)	L_Trg_Inj 3.7999e-01 (3.0096e-01)	Loss Disc 6.7791e-01 (6.8038e-01)	Loss Pred 4.3938e-01 (4.4217e-01)	Loss TOTAL 8.3314e-01 (8.3656e-01)
Epoch: [39][150/441]	L_Src_Sup 2.1849e-01 (2.0529e-01)	L_Trg_Inj 3.0572e-01 (3.0105e-01)	Loss Disc 6.8000e-01 (6.8045e-01)	Loss Pred 4.6002e-01 (4.4174e-01)	Loss TOTAL 8.5244e-01 (8.3579e-01)
Epoch: [39][160/441]	L_Src_Sup 2.1854e-01 (2.0477e-01)	L_Trg_Inj 3.0255e-01 (2.9963e-01)	Loss Disc 6.8019e-01 (6.8039e-01)	Loss Pred 4.5971e-01 (4.4276e-01)	Loss TOTAL 8.5191e-01 (8.3701e-01)
Epoch: [39][170/441]	L_Src_Sup 1.6394e-01 (2.0401e-01)	L_Trg_Inj 2.4498e-01 (3.0061e-01)	Loss Disc 6.8375e-01 (6.8049e-01)	Loss Pred 4.2021e-01 (4.4235e-01)	Loss TOTAL 8.0298e-01 (8.3646e-01)
Epoch: [39][180/441]	L_Src_Sup 1.3243e-01 (2.0331e-01)	L_Trg_Inj 3.0444e-01 (2.9981e-01)	Loss Disc 6.8277e-01 (6.8047e-01)	Loss Pred 4.4743e-01 (4.4289e-01)	Loss TOTAL 8.3251e-01 (8.3699e-01)
Epoch: [39][190/441]	L_Src_Sup 2.1672e-01 (2.0281e-01)	L_Trg_Inj 2.7264e-01 (3.0112e-01)	Loss Disc 6.8100e-01 (6.8045e-01)	Loss Pred 4.3305e-01 (4.4273e-01)	Loss TOTAL 8.2249e-01 (8.3674e-01)
Epoch: [39][200/441]	L_Src_Sup 3.0921e-01 (2.0384e-01)	L_Trg_Inj 2.4933e-01 (3.0135e-01)	Loss Disc 6.8505e-01 (6.8040e-01)	Loss Pred 4.1398e-01 (4.4234e-01)	Loss TOTAL 8.7223e-01 (8.3676e-01)
Epoch: [39][210/441]	L_Src_Sup 1.6728e-01 (2.0369e-01)	L_Trg_Inj 3.2178e-01 (3.0083e-01)	Loss Disc 6.8151e-01 (6.8041e-01)	Loss Pred 4.5310e-01 (4.4291e-01)	Loss TOTAL 8.4276e-01 (8.3726e-01)
Epoch: [39][220/441]	L_Src_Sup 1.5540e-01 (2.0357e-01)	L_Trg_Inj 2.9384e-01 (3.0106e-01)	Loss Disc 6.7668e-01 (6.8043e-01)	Loss Pred 4.7868e-01 (4.4291e-01)	Loss TOTAL 8.6195e-01 (8.3796e-01)
Epoch: [39][230/441]	L_Src_Sup 1.6398e-01 (2.0284e-01)	L_Trg_Inj 3.6920e-01 (3.0267e-01)	Loss Disc 6.8289e-01 (6.8047e-01)	Loss Pred 4.4043e-01 (4.4287e-01)	Loss TOTAL 8.3519e-01 (8.3783e-01)
Epoch: [39][240/441]	L_Src_Sup 2.2234e-01 (2.0323e-01)	L_Trg_Inj 4.5370e-01 (3.0277e-01)	Loss Disc 6.7436e-01 (6.8044e-01)	Loss Pred 4.5206e-01 (4.4264e-01)	Loss TOTAL 8.5684e-01 (8.3759e-01)
Epoch: [39][250/441]	L_Src_Sup 2.4194e-01 (2.0294e-01)	L_Trg_Inj 3.1584e-01 (3.0148e-01)	Loss Disc 6.8517e-01 (6.8043e-01)	Loss Pred 4.0759e-01 (4.4245e-01)	Loss TOTAL 8.0595e-01 (8.3711e-01)
Epoch: [39][260/441]	L_Src_Sup 1.9838e-01 (2.0242e-01)	L_Trg_Inj 1.8047e-01 (3.0006e-01)	Loss Disc 6.8288e-01 (6.8041e-01)	Loss Pred 4.2673e-01 (4.4272e-01)	Loss TOTAL 8.2397e-01 (8.3721e-01)
Epoch: [39][270/441]	L_Src_Sup 2.3659e-01 (2.0196e-01)	L_Trg_Inj 2.2026e-01 (3.0041e-01)	Loss Disc 6.8884e-01 (6.8041e-01)	Loss Pred 3.9643e-01 (4.4244e-01)	Loss TOTAL 8.0287e-01 (8.3691e-01)
Epoch: [39][280/441]	L_Src_Sup 1.4761e-01 (2.0214e-01)	L_Trg_Inj 2.6197e-01 (3.0191e-01)	Loss Disc 6.8385e-01 (6.8046e-01)	Loss Pred 4.4319e-01 (4.4219e-01)	Loss TOTAL 8.2607e-01 (8.3671e-01)
Epoch: [39][290/441]	L_Src_Sup 1.5132e-01 (2.0104e-01)	L_Trg_Inj 2.8110e-01 (3.0248e-01)	Loss Disc 6.8007e-01 (6.8045e-01)	Loss Pred 4.5954e-01 (4.4228e-01)	Loss TOTAL 8.4282e-01 (8.3660e-01)
Epoch: [39][300/441]	L_Src_Sup 2.7645e-01 (2.0266e-01)	L_Trg_Inj 2.8094e-01 (3.0160e-01)	Loss Disc 6.8552e-01 (6.8054e-01)	Loss Pred 4.3405e-01 (4.4167e-01)	Loss TOTAL 8.3254e-01 (8.3639e-01)
Epoch: [39][310/441]	L_Src_Sup 1.8646e-01 (2.0242e-01)	L_Trg_Inj 3.0256e-01 (3.0177e-01)	Loss Disc 6.7901e-01 (6.8051e-01)	Loss Pred 4.6611e-01 (4.4220e-01)	Loss TOTAL 8.5452e-01 (8.3680e-01)
Epoch: [39][320/441]	L_Src_Sup 2.0169e-01 (2.0204e-01)	L_Trg_Inj 1.7964e-01 (3.0197e-01)	Loss Disc 6.8071e-01 (6.8049e-01)	Loss Pred 4.3937e-01 (4.4214e-01)	Loss TOTAL 8.3990e-01 (8.3666e-01)
Epoch: [39][330/441]	L_Src_Sup 1.5515e-01 (2.0170e-01)	L_Trg_Inj 3.3887e-01 (3.0164e-01)	Loss Disc 6.7352e-01 (6.8051e-01)	Loss Pred 4.6172e-01 (4.4206e-01)	Loss TOTAL 8.4788e-01 (8.3649e-01)
Epoch: [39][340/441]	L_Src_Sup 2.2764e-01 (2.0145e-01)	L_Trg_Inj 3.5452e-01 (3.0136e-01)	Loss Disc 6.8467e-01 (6.8058e-01)	Loss Pred 4.3462e-01 (4.4166e-01)	Loss TOTAL 8.3518e-01 (8.3597e-01)
Epoch: [39][350/441]	L_Src_Sup 2.8100e-01 (2.0156e-01)	L_Trg_Inj 2.4230e-01 (3.0181e-01)	Loss Disc 6.8266e-01 (6.8061e-01)	Loss Pred 4.2713e-01 (4.4152e-01)	Loss TOTAL 8.5949e-01 (8.3590e-01)
Epoch: [39][360/441]	L_Src_Sup 3.0788e-01 (2.0242e-01)	L_Trg_Inj 4.5574e-01 (3.0204e-01)	Loss Disc 6.7548e-01 (6.8059e-01)	Loss Pred 4.7239e-01 (4.4170e-01)	Loss TOTAL 8.8649e-01 (8.3646e-01)
Epoch: [39][370/441]	L_Src_Sup 2.3730e-01 (2.0247e-01)	L_Trg_Inj 2.2134e-01 (3.0291e-01)	Loss Disc 6.8012e-01 (6.8054e-01)	Loss Pred 4.6626e-01 (4.4200e-01)	Loss TOTAL 8.6814e-01 (8.3676e-01)
Epoch: [39][380/441]	L_Src_Sup 1.3676e-01 (2.0262e-01)	L_Trg_Inj 2.6186e-01 (3.0420e-01)	Loss Disc 6.7736e-01 (6.8048e-01)	Loss Pred 4.5211e-01 (4.4227e-01)	Loss TOTAL 8.3065e-01 (8.3704e-01)
Epoch: [39][390/441]	L_Src_Sup 2.6985e-01 (2.0235e-01)	L_Trg_Inj 2.0569e-01 (3.0343e-01)	Loss Disc 6.8898e-01 (6.8049e-01)	Loss Pred 3.9467e-01 (4.4233e-01)	Loss TOTAL 8.5089e-01 (8.3730e-01)
Epoch: [39][400/441]	L_Src_Sup 2.3334e-01 (2.0227e-01)	L_Trg_Inj 3.4409e-01 (3.0390e-01)	Loss Disc 6.8096e-01 (6.8047e-01)	Loss Pred 4.5358e-01 (4.4272e-01)	Loss TOTAL 8.5180e-01 (8.3764e-01)
Epoch: [39][410/441]	L_Src_Sup 1.7888e-01 (2.0251e-01)	L_Trg_Inj 2.7669e-01 (3.0347e-01)	Loss Disc 6.8544e-01 (6.8048e-01)	Loss Pred 4.3415e-01 (4.4267e-01)	Loss TOTAL 8.2243e-01 (8.3760e-01)
Epoch: [39][420/441]	L_Src_Sup 1.9673e-01 (2.0240e-01)	L_Trg_Inj 2.4944e-01 (3.0353e-01)	Loss Disc 6.8337e-01 (6.8048e-01)	Loss Pred 4.2004e-01 (4.4295e-01)	Loss TOTAL 8.0635e-01 (8.3778e-01)
Epoch: [39][430/441]	L_Src_Sup 1.6576e-01 (2.0141e-01)	L_Trg_Inj 1.9766e-01 (3.0288e-01)	Loss Disc 6.8136e-01 (6.8048e-01)	Loss Pred 4.3354e-01 (4.4288e-01)	Loss TOTAL 8.1056e-01 (8.3745e-01)
Epoch: [39][440/441]	L_Src_Sup 2.1014e-01 (2.0209e-01)	L_Trg_Inj 2.6949e-01 (3.0256e-01)	Loss Disc 6.8670e-01 (6.8050e-01)	Loss Pred 4.2773e-01 (4.4293e-01)	Loss TOTAL 8.1904e-01 (8.3773e-01)
Epoch: [39][441/441]	L_Src_Sup 1.5553e-01 (2.0199e-01)	L_Trg_Inj 3.0615e-01 (3.0257e-01)	Loss Disc 6.7451e-01 (6.8048e-01)	Loss Pred 4.8332e-01 (4.4302e-01)	Loss TOTAL 8.6675e-01 (8.3780e-01)
Epoch 39 complete. Saving model state...
Epoch: [40][ 10/441]	L_Src_Sup 2.3811e-01 (2.1350e-01)	L_Trg_Inj 2.7640e-01 (2.6445e-01)	Loss Disc 6.7802e-01 (6.8247e-01)	Loss Pred 4.4564e-01 (4.3663e-01)	Loss TOTAL 8.3610e-01 (8.4673e-01)
Epoch: [40][ 20/441]	L_Src_Sup 9.8401e-02 (2.0847e-01)	L_Trg_Inj 2.8068e-01 (2.7431e-01)	Loss Disc 6.8420e-01 (6.8196e-01)	Loss Pred 4.4085e-01 (4.3902e-01)	Loss TOTAL 8.2086e-01 (8.4236e-01)
Epoch: [40][ 30/441]	L_Src_Sup 2.5428e-01 (2.2161e-01)	L_Trg_Inj 4.1955e-01 (2.8462e-01)	Loss Disc 6.7613e-01 (6.8086e-01)	Loss Pred 4.4530e-01 (4.4577e-01)	Loss TOTAL 8.5075e-01 (8.5060e-01)
Epoch: [40][ 40/441]	L_Src_Sup 2.2414e-01 (2.1037e-01)	L_Trg_Inj 2.9518e-01 (2.8383e-01)	Loss Disc 6.7629e-01 (6.8035e-01)	Loss Pred 4.7868e-01 (4.4855e-01)	Loss TOTAL 8.6875e-01 (8.4848e-01)
Epoch: [40][ 50/441]	L_Src_Sup 2.4140e-01 (2.1107e-01)	L_Trg_Inj 2.2197e-01 (2.8662e-01)	Loss Disc 6.7741e-01 (6.8056e-01)	Loss Pred 4.7877e-01 (4.4903e-01)	Loss TOTAL 8.8325e-01 (8.4834e-01)
Epoch: [40][ 60/441]	L_Src_Sup 2.0005e-01 (2.0837e-01)	L_Trg_Inj 3.0588e-01 (2.8686e-01)	Loss Disc 6.8129e-01 (6.8063e-01)	Loss Pred 4.5347e-01 (4.4899e-01)	Loss TOTAL 8.4470e-01 (8.4701e-01)
Epoch: [40][ 70/441]	L_Src_Sup 1.8644e-01 (2.0546e-01)	L_Trg_Inj 2.5144e-01 (2.8737e-01)	Loss Disc 6.7975e-01 (6.8057e-01)	Loss Pred 4.6595e-01 (4.4758e-01)	Loss TOTAL 8.4961e-01 (8.4427e-01)
Epoch: [40][ 80/441]	L_Src_Sup 2.1065e-01 (2.0504e-01)	L_Trg_Inj 2.6182e-01 (2.8943e-01)	Loss Disc 6.8541e-01 (6.8042e-01)	Loss Pred 4.0776e-01 (4.4683e-01)	Loss TOTAL 7.9771e-01 (8.4272e-01)
Epoch: [40][ 90/441]	L_Src_Sup 1.3796e-01 (2.0292e-01)	L_Trg_Inj 2.3386e-01 (2.9311e-01)	Loss Disc 6.7621e-01 (6.8015e-01)	Loss Pred 4.5912e-01 (4.4787e-01)	Loss TOTAL 8.3441e-01 (8.4319e-01)
Epoch: [40][100/441]	L_Src_Sup 1.3560e-01 (2.0026e-01)	L_Trg_Inj 1.9494e-01 (2.9220e-01)	Loss Disc 6.8154e-01 (6.8005e-01)	Loss Pred 4.8642e-01 (4.4950e-01)	Loss TOTAL 8.6024e-01 (8.4384e-01)
Epoch: [40][110/441]	L_Src_Sup 1.5999e-01 (1.9795e-01)	L_Trg_Inj 3.4645e-01 (2.9341e-01)	Loss Disc 6.8650e-01 (6.8028e-01)	Loss Pred 4.1770e-01 (4.4792e-01)	Loss TOTAL 8.1159e-01 (8.4181e-01)
Epoch: [40][120/441]	L_Src_Sup 1.6408e-01 (1.9765e-01)	L_Trg_Inj 1.9031e-01 (2.9106e-01)	Loss Disc 6.8398e-01 (6.8036e-01)	Loss Pred 4.2059e-01 (4.4746e-01)	Loss TOTAL 7.9802e-01 (8.4180e-01)
Epoch: [40][130/441]	L_Src_Sup 1.6542e-01 (2.0097e-01)	L_Trg_Inj 2.3353e-01 (2.9141e-01)	Loss Disc 6.8209e-01 (6.8033e-01)	Loss Pred 4.2672e-01 (4.4672e-01)	Loss TOTAL 8.0765e-01 (8.4230e-01)
Epoch: [40][140/441]	L_Src_Sup 1.3010e-01 (1.9895e-01)	L_Trg_Inj 2.0428e-01 (2.8892e-01)	Loss Disc 6.8513e-01 (6.8038e-01)	Loss Pred 4.1413e-01 (4.4630e-01)	Loss TOTAL 7.9013e-01 (8.4115e-01)
Epoch: [40][150/441]	L_Src_Sup 3.6524e-01 (2.0121e-01)	L_Trg_Inj 2.7810e-01 (2.8845e-01)	Loss Disc 6.7789e-01 (6.8024e-01)	Loss Pred 5.2583e-01 (4.4751e-01)	Loss TOTAL 1.0162e+00 (8.4322e-01)
Epoch: [40][160/441]	L_Src_Sup 1.5133e-01 (2.0241e-01)	L_Trg_Inj 2.1635e-01 (2.9032e-01)	Loss Disc 6.8049e-01 (6.8024e-01)	Loss Pred 4.3921e-01 (4.4740e-01)	Loss TOTAL 8.1622e-01 (8.4325e-01)
Epoch: [40][170/441]	L_Src_Sup 2.2415e-01 (2.0229e-01)	L_Trg_Inj 2.8727e-01 (2.9008e-01)	Loss Disc 6.7537e-01 (6.8020e-01)	Loss Pred 4.5827e-01 (4.4784e-01)	Loss TOTAL 8.4710e-01 (8.4367e-01)
Epoch: [40][180/441]	L_Src_Sup 1.0084e-01 (2.0217e-01)	L_Trg_Inj 2.5592e-01 (2.9133e-01)	Loss Disc 6.8229e-01 (6.8032e-01)	Loss Pred 4.8004e-01 (4.4689e-01)	Loss TOTAL 8.5686e-01 (8.4260e-01)
Epoch: [40][190/441]	L_Src_Sup 2.2224e-01 (2.0415e-01)	L_Trg_Inj 3.6922e-01 (2.9262e-01)	Loss Disc 6.7531e-01 (6.8035e-01)	Loss Pred 4.5206e-01 (4.4661e-01)	Loss TOTAL 8.4886e-01 (8.4284e-01)
Epoch: [40][200/441]	L_Src_Sup 1.6807e-01 (2.0454e-01)	L_Trg_Inj 2.8527e-01 (2.9376e-01)	Loss Disc 6.8182e-01 (6.8027e-01)	Loss Pred 4.7981e-01 (4.4695e-01)	Loss TOTAL 8.6605e-01 (8.4322e-01)
Epoch: [40][210/441]	L_Src_Sup 1.6949e-01 (2.0395e-01)	L_Trg_Inj 3.4062e-01 (2.9408e-01)	Loss Disc 6.7849e-01 (6.8032e-01)	Loss Pred 4.6630e-01 (4.4630e-01)	Loss TOTAL 8.5655e-01 (8.4227e-01)
Epoch: [40][220/441]	L_Src_Sup 1.1865e-01 (2.0305e-01)	L_Trg_Inj 3.5001e-01 (2.9369e-01)	Loss Disc 6.7684e-01 (6.8033e-01)	Loss Pred 4.4537e-01 (4.4603e-01)	Loss TOTAL 8.3065e-01 (8.4169e-01)
Epoch: [40][230/441]	L_Src_Sup 1.6667e-01 (2.0305e-01)	L_Trg_Inj 3.9124e-01 (2.9423e-01)	Loss Disc 6.8010e-01 (6.8037e-01)	Loss Pred 4.5353e-01 (4.4552e-01)	Loss TOTAL 8.4937e-01 (8.4105e-01)
Epoch: [40][240/441]	L_Src_Sup 1.9823e-01 (2.0376e-01)	L_Trg_Inj 3.4135e-01 (2.9478e-01)	Loss Disc 6.6810e-01 (6.8029e-01)	Loss Pred 4.8991e-01 (4.4548e-01)	Loss TOTAL 8.7792e-01 (8.4102e-01)
Epoch: [40][250/441]	L_Src_Sup 2.3144e-01 (2.0314e-01)	L_Trg_Inj 2.7782e-01 (2.9498e-01)	Loss Disc 6.8167e-01 (6.8037e-01)	Loss Pred 4.2673e-01 (4.4490e-01)	Loss TOTAL 8.1849e-01 (8.4038e-01)
Epoch: [40][260/441]	L_Src_Sup 2.4194e-01 (2.0292e-01)	L_Trg_Inj 2.8410e-01 (2.9621e-01)	Loss Disc 6.8536e-01 (6.8044e-01)	Loss Pred 4.0777e-01 (4.4429e-01)	Loss TOTAL 8.0306e-01 (8.3969e-01)
Epoch: [40][270/441]	L_Src_Sup 1.4877e-01 (2.0230e-01)	L_Trg_Inj 3.4507e-01 (2.9691e-01)	Loss Disc 6.8059e-01 (6.8043e-01)	Loss Pred 4.2678e-01 (4.4430e-01)	Loss TOTAL 8.1646e-01 (8.3951e-01)
Epoch: [40][280/441]	L_Src_Sup 1.8788e-01 (2.0200e-01)	L_Trg_Inj 3.2498e-01 (2.9687e-01)	Loss Disc 6.8096e-01 (6.8041e-01)	Loss Pred 4.2623e-01 (4.4458e-01)	Loss TOTAL 8.1800e-01 (8.3961e-01)
Epoch: [40][290/441]	L_Src_Sup 2.4206e-01 (2.0164e-01)	L_Trg_Inj 2.3926e-01 (2.9580e-01)	Loss Disc 6.8624e-01 (6.8043e-01)	Loss Pred 4.0728e-01 (4.4485e-01)	Loss TOTAL 8.0134e-01 (8.3979e-01)
Epoch: [40][300/441]	L_Src_Sup 1.6540e-01 (2.0075e-01)	L_Trg_Inj 2.4932e-01 (2.9651e-01)	Loss Disc 6.8241e-01 (6.8044e-01)	Loss Pred 4.2668e-01 (4.4490e-01)	Loss TOTAL 8.0935e-01 (8.3968e-01)
Epoch: [40][310/441]	L_Src_Sup 1.3446e-01 (2.0023e-01)	L_Trg_Inj 3.0789e-01 (2.9604e-01)	Loss Disc 6.8004e-01 (6.8043e-01)	Loss Pred 4.5975e-01 (4.4495e-01)	Loss TOTAL 8.4401e-01 (8.3967e-01)
Epoch: [40][320/441]	L_Src_Sup 2.0341e-01 (1.9928e-01)	L_Trg_Inj 2.8805e-01 (2.9599e-01)	Loss Disc 6.7744e-01 (6.8044e-01)	Loss Pred 4.4623e-01 (4.4465e-01)	Loss TOTAL 8.3410e-01 (8.3912e-01)
Epoch: [40][330/441]	L_Src_Sup 1.9836e-01 (1.9928e-01)	L_Trg_Inj 3.6691e-01 (2.9493e-01)	Loss Disc 6.8060e-01 (6.8047e-01)	Loss Pred 4.2680e-01 (4.4420e-01)	Loss TOTAL 8.2363e-01 (8.3865e-01)
Epoch: [40][340/441]	L_Src_Sup 1.9837e-01 (1.9991e-01)	L_Trg_Inj 3.4223e-01 (2.9516e-01)	Loss Disc 6.8186e-01 (6.8048e-01)	Loss Pred 4.4741e-01 (4.4414e-01)	Loss TOTAL 8.4240e-01 (8.3872e-01)
Epoch: [40][350/441]	L_Src_Sup 1.3913e-01 (1.9884e-01)	L_Trg_Inj 1.7829e-01 (2.9504e-01)	Loss Disc 6.7694e-01 (6.8046e-01)	Loss Pred 4.8521e-01 (4.4416e-01)	Loss TOTAL 8.5542e-01 (8.3855e-01)
Epoch: [40][360/441]	L_Src_Sup 2.2225e-01 (1.9848e-01)	L_Trg_Inj 3.0712e-01 (2.9529e-01)	Loss Disc 6.7700e-01 (6.8045e-01)	Loss Pred 4.7260e-01 (4.4413e-01)	Loss TOTAL 8.6404e-01 (8.3841e-01)
Epoch: [40][370/441]	L_Src_Sup 2.5403e-01 (1.9893e-01)	L_Trg_Inj 2.9793e-01 (2.9519e-01)	Loss Disc 6.8733e-01 (6.8047e-01)	Loss Pred 3.9492e-01 (4.4386e-01)	Loss TOTAL 7.9377e-01 (8.3811e-01)
Epoch: [40][380/441]	L_Src_Sup 2.4204e-01 (1.9884e-01)	L_Trg_Inj 2.4363e-01 (2.9469e-01)	Loss Disc 6.8601e-01 (6.8050e-01)	Loss Pred 4.0767e-01 (4.4382e-01)	Loss TOTAL 7.9924e-01 (8.3825e-01)
Epoch: [40][390/441]	L_Src_Sup 1.4645e-01 (1.9774e-01)	L_Trg_Inj 2.7640e-01 (2.9488e-01)	Loss Disc 6.8435e-01 (6.8050e-01)	Loss Pred 4.1425e-01 (4.4359e-01)	Loss TOTAL 7.9871e-01 (8.3783e-01)
Epoch: [40][400/441]	L_Src_Sup 1.1476e-01 (1.9796e-01)	L_Trg_Inj 3.5235e-01 (2.9498e-01)	Loss Disc 6.8194e-01 (6.8050e-01)	Loss Pred 4.1997e-01 (4.4356e-01)	Loss TOTAL 8.0765e-01 (8.3772e-01)
Epoch: [40][410/441]	L_Src_Sup 1.1574e-01 (1.9775e-01)	L_Trg_Inj 3.1246e-01 (2.9405e-01)	Loss Disc 6.8240e-01 (6.8052e-01)	Loss Pred 4.4733e-01 (4.4362e-01)	Loss TOTAL 8.3135e-01 (8.3789e-01)
Epoch: [40][420/441]	L_Src_Sup 2.2770e-01 (1.9787e-01)	L_Trg_Inj 3.3111e-01 (2.9465e-01)	Loss Disc 6.8323e-01 (6.8053e-01)	Loss Pred 4.1364e-01 (4.4339e-01)	Loss TOTAL 8.1113e-01 (8.3764e-01)
Epoch: [40][430/441]	L_Src_Sup 1.7555e-01 (1.9817e-01)	L_Trg_Inj 2.1219e-01 (2.9396e-01)	Loss Disc 6.7413e-01 (6.8053e-01)	Loss Pred 4.7711e-01 (4.4333e-01)	Loss TOTAL 8.5295e-01 (8.3757e-01)
Epoch: [40][440/441]	L_Src_Sup 1.7577e-01 (1.9809e-01)	L_Trg_Inj 2.8104e-01 (2.9376e-01)	Loss Disc 6.7268e-01 (6.8051e-01)	Loss Pred 4.7162e-01 (4.4329e-01)	Loss TOTAL 8.5364e-01 (8.3738e-01)
Epoch: [40][441/441]	L_Src_Sup 2.0636e-01 (1.9811e-01)	L_Trg_Inj 2.9416e-01 (2.9376e-01)	Loss Disc 6.8786e-01 (6.8053e-01)	Loss Pred 3.9453e-01 (4.4318e-01)	Loss TOTAL 7.8851e-01 (8.3727e-01)
Epoch 40 complete. Saving model state...
Epoch: [41][ 10/441]	L_Src_Sup 3.2790e-01 (1.9228e-01)	L_Trg_Inj 2.3664e-01 (2.7369e-01)	Loss Disc 6.8330e-01 (6.8124e-01)	Loss Pred 4.2052e-01 (4.3134e-01)	Loss TOTAL 9.0988e-01 (8.2852e-01)
Epoch: [41][ 20/441]	L_Src_Sup 1.8570e-01 (1.7484e-01)	L_Trg_Inj 2.8302e-01 (2.9320e-01)	Loss Disc 6.8141e-01 (6.8015e-01)	Loss Pred 4.7979e-01 (4.4740e-01)	Loss TOTAL 8.6737e-01 (8.3927e-01)
Epoch: [41][ 30/441]	L_Src_Sup 2.9067e-01 (1.8406e-01)	L_Trg_Inj 2.4042e-01 (2.9213e-01)	Loss Disc 6.7725e-01 (6.7995e-01)	Loss Pred 4.5202e-01 (4.4504e-01)	Loss TOTAL 8.9400e-01 (8.3977e-01)
Epoch: [41][ 40/441]	L_Src_Sup 2.3848e-01 (1.9011e-01)	L_Trg_Inj 3.0658e-01 (2.9011e-01)	Loss Disc 6.8235e-01 (6.8046e-01)	Loss Pred 4.2924e-01 (4.4137e-01)	Loss TOTAL 8.2492e-01 (8.3750e-01)
Epoch: [41][ 50/441]	L_Src_Sup 1.3126e-01 (1.9137e-01)	L_Trg_Inj 3.3749e-01 (2.8877e-01)	Loss Disc 6.8198e-01 (6.8002e-01)	Loss Pred 4.2302e-01 (4.4568e-01)	Loss TOTAL 8.1089e-01 (8.4000e-01)
Epoch: [41][ 60/441]	L_Src_Sup 1.6550e-01 (1.8910e-01)	L_Trg_Inj 2.6341e-01 (2.8597e-01)	Loss Disc 6.8134e-01 (6.7993e-01)	Loss Pred 4.2843e-01 (4.4553e-01)	Loss TOTAL 8.1199e-01 (8.3826e-01)
Epoch: [41][ 70/441]	L_Src_Sup 1.6718e-01 (1.9074e-01)	L_Trg_Inj 2.9704e-01 (2.8584e-01)	Loss Disc 6.8218e-01 (6.7991e-01)	Loss Pred 4.5367e-01 (4.4567e-01)	Loss TOTAL 8.4118e-01 (8.3871e-01)
Epoch: [41][ 80/441]	L_Src_Sup 1.5531e-01 (1.9164e-01)	L_Trg_Inj 2.0538e-01 (2.8772e-01)	Loss Disc 6.7674e-01 (6.7996e-01)	Loss Pred 4.5859e-01 (4.4526e-01)	Loss TOTAL 8.3303e-01 (8.3793e-01)
Epoch: [41][ 90/441]	L_Src_Sup 2.1978e-01 (1.9176e-01)	L_Trg_Inj 2.6500e-01 (2.8704e-01)	Loss Disc 6.8067e-01 (6.8019e-01)	Loss Pred 4.5968e-01 (4.4455e-01)	Loss TOTAL 8.4850e-01 (8.3707e-01)
Epoch: [41][100/441]	L_Src_Sup 1.3597e-01 (1.9261e-01)	L_Trg_Inj 3.4422e-01 (2.8735e-01)	Loss Disc 6.7736e-01 (6.8018e-01)	Loss Pred 4.4603e-01 (4.4454e-01)	Loss TOTAL 8.3273e-01 (8.3703e-01)
Epoch: [41][110/441]	L_Src_Sup 1.8191e-01 (1.9356e-01)	L_Trg_Inj 3.7387e-01 (2.8856e-01)	Loss Disc 6.8265e-01 (6.8020e-01)	Loss Pred 4.4706e-01 (4.4440e-01)	Loss TOTAL 8.4396e-01 (8.3739e-01)
Epoch: [41][120/441]	L_Src_Sup 1.1698e-01 (1.9471e-01)	L_Trg_Inj 2.4044e-01 (2.9146e-01)	Loss Disc 6.8130e-01 (6.8021e-01)	Loss Pred 4.3312e-01 (4.4346e-01)	Loss TOTAL 8.0951e-01 (8.3675e-01)
Epoch: [41][130/441]	L_Src_Sup 8.4758e-02 (1.9732e-01)	L_Trg_Inj 5.1036e-01 (2.9624e-01)	Loss Disc 6.7504e-01 (6.8025e-01)	Loss Pred 4.4588e-01 (4.4399e-01)	Loss TOTAL 8.4291e-01 (8.3782e-01)
Epoch: [41][140/441]	L_Src_Sup 1.6548e-01 (1.9661e-01)	L_Trg_Inj 2.9880e-01 (2.9607e-01)	Loss Disc 6.8493e-01 (6.8029e-01)	Loss Pred 4.6856e-01 (4.4392e-01)	Loss TOTAL 8.5745e-01 (8.3737e-01)
Epoch: [41][150/441]	L_Src_Sup 2.6042e-01 (1.9738e-01)	L_Trg_Inj 3.8826e-01 (2.9646e-01)	Loss Disc 6.8278e-01 (6.8045e-01)	Loss Pred 4.1423e-01 (4.4323e-01)	Loss TOTAL 8.2049e-01 (8.3678e-01)
Epoch: [41][160/441]	L_Src_Sup 1.8654e-01 (1.9796e-01)	L_Trg_Inj 2.9922e-01 (2.9673e-01)	Loss Disc 6.8081e-01 (6.8050e-01)	Loss Pred 4.8664e-01 (4.4296e-01)	Loss TOTAL 8.7562e-01 (8.3693e-01)
Epoch: [41][170/441]	L_Src_Sup 1.8362e-01 (1.9953e-01)	L_Trg_Inj 3.0119e-01 (2.9817e-01)	Loss Disc 6.8047e-01 (6.8050e-01)	Loss Pred 4.3305e-01 (4.4316e-01)	Loss TOTAL 8.2176e-01 (8.3739e-01)
Epoch: [41][180/441]	L_Src_Sup 1.5692e-01 (1.9988e-01)	L_Trg_Inj 4.1142e-01 (3.0049e-01)	Loss Disc 6.7381e-01 (6.8050e-01)	Loss Pred 4.8534e-01 (4.4335e-01)	Loss TOTAL 8.7908e-01 (8.3837e-01)
Epoch: [41][190/441]	L_Src_Sup 2.2786e-01 (2.0101e-01)	L_Trg_Inj 3.2524e-01 (3.0043e-01)	Loss Disc 6.8504e-01 (6.8061e-01)	Loss Pred 4.3507e-01 (4.4305e-01)	Loss TOTAL 8.3290e-01 (8.3822e-01)
Epoch: [41][200/441]	L_Src_Sup 2.0699e-01 (2.0216e-01)	L_Trg_Inj 3.1568e-01 (3.0266e-01)	Loss Disc 6.7554e-01 (6.8054e-01)	Loss Pred 4.5886e-01 (4.4376e-01)	Loss TOTAL 8.4890e-01 (8.3945e-01)
Epoch: [41][210/441]	L_Src_Sup 2.3146e-01 (2.0171e-01)	L_Trg_Inj 3.5077e-01 (3.0143e-01)	Loss Disc 6.8235e-01 (6.8054e-01)	Loss Pred 4.4697e-01 (4.4401e-01)	Loss TOTAL 8.4637e-01 (8.3936e-01)
Epoch: [41][220/441]	L_Src_Sup 2.3931e-01 (2.0120e-01)	L_Trg_Inj 3.3357e-01 (3.0331e-01)	Loss Disc 6.7356e-01 (6.8054e-01)	Loss Pred 4.6169e-01 (4.4379e-01)	Loss TOTAL 8.5576e-01 (8.3920e-01)
Epoch: [41][230/441]	L_Src_Sup 1.8039e-01 (2.0200e-01)	L_Trg_Inj 1.9682e-01 (3.0352e-01)	Loss Disc 6.8432e-01 (6.8058e-01)	Loss Pred 4.2048e-01 (4.4373e-01)	Loss TOTAL 8.0036e-01 (8.3906e-01)
Epoch: [41][240/441]	L_Src_Sup 2.4365e-01 (2.0107e-01)	L_Trg_Inj 3.6991e-01 (3.0523e-01)	Loss Disc 6.7570e-01 (6.8047e-01)	Loss Pred 5.0232e-01 (4.4398e-01)	Loss TOTAL 9.0153e-01 (8.3915e-01)
Epoch: [41][250/441]	L_Src_Sup 2.5026e-01 (2.0095e-01)	L_Trg_Inj 2.1573e-01 (3.0557e-01)	Loss Disc 6.8262e-01 (6.8048e-01)	Loss Pred 4.5343e-01 (4.4390e-01)	Loss TOTAL 8.7587e-01 (8.3907e-01)
Epoch: [41][260/441]	L_Src_Sup 2.8122e-01 (2.0125e-01)	L_Trg_Inj 3.5426e-01 (3.0678e-01)	Loss Disc 6.8191e-01 (6.8041e-01)	Loss Pred 4.4702e-01 (4.4383e-01)	Loss TOTAL 8.5152e-01 (8.3899e-01)
Epoch: [41][270/441]	L_Src_Sup 2.0192e-01 (2.0043e-01)	L_Trg_Inj 2.0111e-01 (3.0584e-01)	Loss Disc 6.8168e-01 (6.8044e-01)	Loss Pred 4.5950e-01 (4.4403e-01)	Loss TOTAL 8.4145e-01 (8.3912e-01)
Epoch: [41][280/441]	L_Src_Sup 1.9839e-01 (1.9998e-01)	L_Trg_Inj 3.1992e-01 (3.0540e-01)	Loss Disc 6.8135e-01 (6.8043e-01)	Loss Pred 4.2690e-01 (4.4412e-01)	Loss TOTAL 8.1941e-01 (8.3897e-01)
Epoch: [41][290/441]	L_Src_Sup 1.6456e-01 (1.9852e-01)	L_Trg_Inj 2.4010e-01 (3.0489e-01)	Loss Disc 6.8295e-01 (6.8041e-01)	Loss Pred 4.2039e-01 (4.4399e-01)	Loss TOTAL 8.0233e-01 (8.3849e-01)
Epoch: [41][300/441]	L_Src_Sup 2.1245e-01 (1.9909e-01)	L_Trg_Inj 2.7941e-01 (3.0429e-01)	Loss Disc 6.7171e-01 (6.8034e-01)	Loss Pred 4.7752e-01 (4.4407e-01)	Loss TOTAL 8.6256e-01 (8.3868e-01)
Epoch: [41][310/441]	L_Src_Sup 1.3450e-01 (1.9912e-01)	L_Trg_Inj 2.2615e-01 (3.0278e-01)	Loss Disc 6.7989e-01 (6.8038e-01)	Loss Pred 4.3944e-01 (4.4386e-01)	Loss TOTAL 8.1545e-01 (8.3832e-01)
Epoch: [41][320/441]	L_Src_Sup 2.6231e-01 (1.9931e-01)	L_Trg_Inj 4.4412e-01 (3.0261e-01)	Loss Disc 6.8280e-01 (6.8040e-01)	Loss Pred 4.4056e-01 (4.4409e-01)	Loss TOTAL 8.5260e-01 (8.3856e-01)
Epoch: [41][330/441]	L_Src_Sup 2.3752e-01 (1.9991e-01)	L_Trg_Inj 2.5505e-01 (3.0287e-01)	Loss Disc 6.7859e-01 (6.8045e-01)	Loss Pred 4.4581e-01 (4.4398e-01)	Loss TOTAL 8.3436e-01 (8.3844e-01)
Epoch: [41][340/441]	L_Src_Sup 1.6553e-01 (2.0088e-01)	L_Trg_Inj 4.2230e-01 (3.0421e-01)	Loss Disc 6.7975e-01 (6.8048e-01)	Loss Pred 4.2643e-01 (4.4369e-01)	Loss TOTAL 8.2509e-01 (8.3853e-01)
Epoch: [41][350/441]	L_Src_Sup 2.0346e-01 (2.0078e-01)	L_Trg_Inj 3.7742e-01 (3.0390e-01)	Loss Disc 6.7688e-01 (6.8053e-01)	Loss Pred 4.4523e-01 (4.4324e-01)	Loss TOTAL 8.4176e-01 (8.3800e-01)
Epoch: [41][360/441]	L_Src_Sup 1.1477e-01 (2.0065e-01)	L_Trg_Inj 2.3964e-01 (3.0381e-01)	Loss Disc 6.8369e-01 (6.8052e-01)	Loss Pred 4.2008e-01 (4.4327e-01)	Loss TOTAL 7.9737e-01 (8.3802e-01)
Epoch: [41][370/441]	L_Src_Sup 1.3346e-01 (2.0027e-01)	L_Trg_Inj 3.1633e-01 (3.0416e-01)	Loss Disc 6.8146e-01 (6.8057e-01)	Loss Pred 4.5291e-01 (4.4330e-01)	Loss TOTAL 8.3862e-01 (8.3798e-01)
Epoch: [41][380/441]	L_Src_Sup 2.4150e-01 (2.0022e-01)	L_Trg_Inj 3.6603e-01 (3.0469e-01)	Loss Disc 6.7562e-01 (6.8055e-01)	Loss Pred 4.7835e-01 (4.4341e-01)	Loss TOTAL 8.7692e-01 (8.3808e-01)
Epoch: [41][390/441]	L_Src_Sup 2.0524e-01 (2.0030e-01)	L_Trg_Inj 2.3015e-01 (3.0376e-01)	Loss Disc 6.8108e-01 (6.8056e-01)	Loss Pred 5.1317e-01 (4.4342e-01)	Loss TOTAL 8.9725e-01 (8.3791e-01)
Epoch: [41][400/441]	L_Src_Sup 1.3594e-01 (2.0015e-01)	L_Trg_Inj 2.6292e-01 (3.0342e-01)	Loss Disc 6.7827e-01 (6.8055e-01)	Loss Pred 4.4549e-01 (4.4332e-01)	Loss TOTAL 8.2452e-01 (8.3784e-01)
Epoch: [41][410/441]	L_Src_Sup 2.8336e-01 (2.0029e-01)	L_Trg_Inj 1.5916e-01 (3.0311e-01)	Loss Disc 6.8220e-01 (6.8052e-01)	Loss Pred 4.3308e-01 (4.4352e-01)	Loss TOTAL 9.4264e-01 (8.3836e-01)
Epoch: [41][420/441]	L_Src_Sup 2.1562e-01 (2.0065e-01)	L_Trg_Inj 2.8327e-01 (3.0360e-01)	Loss Disc 6.8311e-01 (6.8052e-01)	Loss Pred 4.4409e-01 (4.4365e-01)	Loss TOTAL 8.3553e-01 (8.3871e-01)
Epoch: [41][430/441]	L_Src_Sup 2.3541e-01 (2.0017e-01)	L_Trg_Inj 3.8458e-01 (3.0315e-01)	Loss Disc 6.8058e-01 (6.8057e-01)	Loss Pred 4.8024e-01 (4.4343e-01)	Loss TOTAL 8.8253e-01 (8.3836e-01)
Epoch: [41][440/441]	L_Src_Sup 2.3142e-01 (2.0036e-01)	L_Trg_Inj 3.9576e-01 (3.0283e-01)	Loss Disc 6.8182e-01 (6.8059e-01)	Loss Pred 4.4673e-01 (4.4341e-01)	Loss TOTAL 8.5035e-01 (8.3843e-01)
Epoch: [41][441/441]	L_Src_Sup 1.4401e-01 (2.0023e-01)	L_Trg_Inj 3.0685e-01 (3.0284e-01)	Loss Disc 6.8673e-01 (6.8061e-01)	Loss Pred 4.0123e-01 (4.4331e-01)	Loss TOTAL 7.8968e-01 (8.3832e-01)
Epoch 41 complete. Saving model state...
Epoch: [42][ 10/441]	L_Src_Sup 1.6396e-01 (1.9542e-01)	L_Trg_Inj 2.7148e-01 (3.2241e-01)	Loss Disc 6.8465e-01 (6.8162e-01)	Loss Pred 4.4059e-01 (4.3674e-01)	Loss TOTAL 8.2646e-01 (8.2933e-01)
Epoch: [42][ 20/441]	L_Src_Sup 1.5520e-01 (2.1018e-01)	L_Trg_Inj 3.2344e-01 (3.0839e-01)	Loss Disc 6.7635e-01 (6.8070e-01)	Loss Pred 4.7897e-01 (4.4080e-01)	Loss TOTAL 8.6501e-01 (8.3703e-01)
Epoch: [42][ 30/441]	L_Src_Sup 2.0390e-01 (2.0768e-01)	L_Trg_Inj 3.9968e-01 (3.2501e-01)	Loss Disc 6.7774e-01 (6.8063e-01)	Loss Pred 4.3930e-01 (4.3947e-01)	Loss TOTAL 8.3853e-01 (8.3574e-01)
Epoch: [42][ 40/441]	L_Src_Sup 2.1491e-01 (2.0109e-01)	L_Trg_Inj 3.6666e-01 (3.2795e-01)	Loss Disc 6.8068e-01 (6.8061e-01)	Loss Pred 4.2675e-01 (4.3843e-01)	Loss TOTAL 8.2525e-01 (8.3365e-01)
Epoch: [42][ 50/441]	L_Src_Sup 2.1329e-01 (2.0399e-01)	L_Trg_Inj 2.5627e-01 (3.3276e-01)	Loss Disc 6.8486e-01 (6.8046e-01)	Loss Pred 4.4038e-01 (4.3923e-01)	Loss TOTAL 8.2977e-01 (8.3524e-01)
Epoch: [42][ 60/441]	L_Src_Sup 2.8072e-01 (2.0426e-01)	L_Trg_Inj 3.2931e-01 (3.2509e-01)	Loss Disc 6.7222e-01 (6.8042e-01)	Loss Pred 4.7130e-01 (4.4162e-01)	Loss TOTAL 8.6842e-01 (8.3685e-01)
Epoch: [42][ 70/441]	L_Src_Sup 1.6953e-01 (2.0518e-01)	L_Trg_Inj 2.8329e-01 (3.2709e-01)	Loss Disc 6.7762e-01 (6.8029e-01)	Loss Pred 4.4714e-01 (4.4360e-01)	Loss TOTAL 8.3123e-01 (8.3897e-01)
Epoch: [42][ 80/441]	L_Src_Sup 2.0552e-01 (2.0736e-01)	L_Trg_Inj 3.3100e-01 (3.2759e-01)	Loss Disc 6.7750e-01 (6.8040e-01)	Loss Pred 4.7285e-01 (4.4324e-01)	Loss TOTAL 8.6525e-01 (8.3899e-01)
Epoch: [42][ 90/441]	L_Src_Sup 8.4064e-02 (2.0804e-01)	L_Trg_Inj 2.0308e-01 (3.2323e-01)	Loss Disc 6.8310e-01 (6.8063e-01)	Loss Pred 4.7995e-01 (4.4317e-01)	Loss TOTAL 8.5022e-01 (8.4020e-01)
Epoch: [42][100/441]	L_Src_Sup 2.4406e-01 (2.0854e-01)	L_Trg_Inj 3.7129e-01 (3.2457e-01)	Loss Disc 6.8324e-01 (6.8056e-01)	Loss Pred 4.1426e-01 (4.4302e-01)	Loss TOTAL 8.1741e-01 (8.4049e-01)
Epoch: [42][110/441]	L_Src_Sup 1.3233e-01 (2.0915e-01)	L_Trg_Inj 3.2413e-01 (3.2790e-01)	Loss Disc 6.8400e-01 (6.8056e-01)	Loss Pred 4.6369e-01 (4.4235e-01)	Loss TOTAL 8.5134e-01 (8.3991e-01)
Epoch: [42][120/441]	L_Src_Sup 1.1478e-01 (2.0773e-01)	L_Trg_Inj 3.2398e-01 (3.2739e-01)	Loss Disc 6.8267e-01 (6.8053e-01)	Loss Pred 4.1998e-01 (4.4293e-01)	Loss TOTAL 8.0519e-01 (8.3999e-01)
Epoch: [42][130/441]	L_Src_Sup 1.6262e-01 (2.0771e-01)	L_Trg_Inj 2.1424e-01 (3.2534e-01)	Loss Disc 6.8537e-01 (6.8058e-01)	Loss Pred 4.1376e-01 (4.4208e-01)	Loss TOTAL 7.9413e-01 (8.3896e-01)
Epoch: [42][140/441]	L_Src_Sup 2.0345e-01 (2.0768e-01)	L_Trg_Inj 3.6667e-01 (3.2478e-01)	Loss Disc 6.7829e-01 (6.8055e-01)	Loss Pred 4.8994e-01 (4.4232e-01)	Loss TOTAL 8.8609e-01 (8.3889e-01)
Epoch: [42][150/441]	L_Src_Sup 1.9846e-01 (2.0807e-01)	L_Trg_Inj 2.4622e-01 (3.2225e-01)	Loss Disc 6.8231e-01 (6.8060e-01)	Loss Pred 4.2663e-01 (4.4232e-01)	Loss TOTAL 8.1226e-01 (8.3915e-01)
Epoch: [42][160/441]	L_Src_Sup 1.1769e-01 (2.0684e-01)	L_Trg_Inj 3.4580e-01 (3.2381e-01)	Loss Disc 6.7740e-01 (6.8059e-01)	Loss Pred 4.4373e-01 (4.4255e-01)	Loss TOTAL 8.2878e-01 (8.3919e-01)
Epoch: [42][170/441]	L_Src_Sup 2.2965e-01 (2.0741e-01)	L_Trg_Inj 3.2382e-01 (3.2437e-01)	Loss Disc 6.8264e-01 (6.8062e-01)	Loss Pred 4.1993e-01 (4.4257e-01)	Loss TOTAL 8.1660e-01 (8.3975e-01)
Epoch: [42][180/441]	L_Src_Sup 2.0826e-01 (2.0808e-01)	L_Trg_Inj 3.4247e-01 (3.2310e-01)	Loss Disc 6.8624e-01 (6.8077e-01)	Loss Pred 4.0102e-01 (4.4168e-01)	Loss TOTAL 7.9921e-01 (8.3912e-01)
Epoch: [42][190/441]	L_Src_Sup 2.0972e-01 (2.0844e-01)	L_Trg_Inj 3.5755e-01 (3.2422e-01)	Loss Disc 6.8479e-01 (6.8084e-01)	Loss Pred 4.0770e-01 (4.4111e-01)	Loss TOTAL 8.0682e-01 (8.3855e-01)
Epoch: [42][200/441]	L_Src_Sup 2.3148e-01 (2.0899e-01)	L_Trg_Inj 2.6284e-01 (3.2362e-01)	Loss Disc 6.8213e-01 (6.8082e-01)	Loss Pred 4.2725e-01 (4.4131e-01)	Loss TOTAL 8.1775e-01 (8.3858e-01)
Epoch: [42][210/441]	L_Src_Sup 1.8183e-01 (2.0962e-01)	L_Trg_Inj 3.0784e-01 (3.2478e-01)	Loss Disc 6.8163e-01 (6.8074e-01)	Loss Pred 4.2617e-01 (4.4133e-01)	Loss TOTAL 8.1595e-01 (8.3859e-01)
Epoch: [42][220/441]	L_Src_Sup 1.9837e-01 (2.0854e-01)	L_Trg_Inj 4.1575e-01 (3.2576e-01)	Loss Disc 6.8007e-01 (6.8069e-01)	Loss Pred 4.2670e-01 (4.4158e-01)	Loss TOTAL 8.2815e-01 (8.3865e-01)
Epoch: [42][230/441]	L_Src_Sup 1.6669e-01 (2.0786e-01)	L_Trg_Inj 2.1320e-01 (3.2393e-01)	Loss Disc 6.8139e-01 (6.8068e-01)	Loss Pred 4.3261e-01 (4.4172e-01)	Loss TOTAL 8.1130e-01 (8.3846e-01)
Epoch: [42][240/441]	L_Src_Sup 3.2256e-01 (2.0811e-01)	L_Trg_Inj 3.3866e-01 (3.2399e-01)	Loss Disc 6.7747e-01 (6.8065e-01)	Loss Pred 4.4613e-01 (4.4191e-01)	Loss TOTAL 8.5098e-01 (8.3852e-01)
Epoch: [42][250/441]	L_Src_Sup 2.3546e-01 (2.0766e-01)	L_Trg_Inj 3.4190e-01 (3.2403e-01)	Loss Disc 6.7728e-01 (6.8063e-01)	Loss Pred 4.6840e-01 (4.4209e-01)	Loss TOTAL 8.6477e-01 (8.3854e-01)
Epoch: [42][260/441]	L_Src_Sup 2.3864e-01 (2.0678e-01)	L_Trg_Inj 2.7565e-01 (3.2310e-01)	Loss Disc 6.8619e-01 (6.8068e-01)	Loss Pred 4.5114e-01 (4.4225e-01)	Loss TOTAL 8.4566e-01 (8.3843e-01)
Epoch: [42][270/441]	L_Src_Sup 2.4867e-01 (2.0691e-01)	L_Trg_Inj 3.3185e-01 (3.2130e-01)	Loss Disc 6.7381e-01 (6.8073e-01)	Loss Pred 5.1306e-01 (4.4229e-01)	Loss TOTAL 9.0801e-01 (8.3877e-01)
Epoch: [42][280/441]	L_Src_Sup 1.8492e-01 (2.0783e-01)	L_Trg_Inj 2.7148e-01 (3.2020e-01)	Loss Disc 6.7083e-01 (6.8076e-01)	Loss Pred 4.8366e-01 (4.4246e-01)	Loss TOTAL 8.6472e-01 (8.3941e-01)
Epoch: [42][290/441]	L_Src_Sup 1.5002e-01 (2.0712e-01)	L_Trg_Inj 2.6808e-01 (3.1959e-01)	Loss Disc 6.8191e-01 (6.8079e-01)	Loss Pred 4.5330e-01 (4.4228e-01)	Loss TOTAL 8.3606e-01 (8.3899e-01)
Epoch: [42][300/441]	L_Src_Sup 1.1958e-01 (2.0566e-01)	L_Trg_Inj 3.2508e-01 (3.1860e-01)	Loss Disc 6.7965e-01 (6.8079e-01)	Loss Pred 4.3294e-01 (4.4214e-01)	Loss TOTAL 8.1723e-01 (8.3849e-01)
Epoch: [42][310/441]	L_Src_Sup 1.1575e-01 (2.0544e-01)	L_Trg_Inj 2.6775e-01 (3.1823e-01)	Loss Disc 6.8316e-01 (6.8078e-01)	Loss Pred 4.4264e-01 (4.4205e-01)	Loss TOTAL 8.2257e-01 (8.3849e-01)
Epoch: [42][320/441]	L_Src_Sup 2.3484e-01 (2.0579e-01)	L_Trg_Inj 2.5329e-01 (3.1782e-01)	Loss Disc 6.8102e-01 (6.8080e-01)	Loss Pred 4.3297e-01 (4.4191e-01)	Loss TOTAL 8.2229e-01 (8.3900e-01)
Epoch: [42][330/441]	L_Src_Sup 1.3117e-01 (2.0402e-01)	L_Trg_Inj 2.8374e-01 (3.1770e-01)	Loss Disc 6.8303e-01 (6.8078e-01)	Loss Pred 4.2075e-01 (4.4196e-01)	Loss TOTAL 8.0376e-01 (8.3872e-01)
Epoch: [42][340/441]	L_Src_Sup 2.1691e-01 (2.0429e-01)	L_Trg_Inj 2.3015e-01 (3.1661e-01)	Loss Disc 6.8057e-01 (6.8072e-01)	Loss Pred 4.3305e-01 (4.4236e-01)	Loss TOTAL 8.1804e-01 (8.3889e-01)
Epoch: [42][350/441]	L_Src_Sup 2.0976e-01 (2.0340e-01)	L_Trg_Inj 2.3980e-01 (3.1596e-01)	Loss Disc 6.8565e-01 (6.8072e-01)	Loss Pred 4.0766e-01 (4.4215e-01)	Loss TOTAL 7.9544e-01 (8.3844e-01)
Epoch: [42][360/441]	L_Src_Sup 2.0607e-01 (2.0321e-01)	L_Trg_Inj 3.6747e-01 (3.1399e-01)	Loss Disc 6.7431e-01 (6.8072e-01)	Loss Pred 4.5226e-01 (4.4214e-01)	Loss TOTAL 8.4677e-01 (8.3855e-01)
Epoch: [42][370/441]	L_Src_Sup 2.3585e-01 (2.0314e-01)	L_Trg_Inj 2.3978e-01 (3.1241e-01)	Loss Disc 6.8310e-01 (6.8073e-01)	Loss Pred 4.2033e-01 (4.4199e-01)	Loss TOTAL 8.0945e-01 (8.3834e-01)
Epoch: [42][380/441]	L_Src_Sup 1.9131e-01 (2.0329e-01)	L_Trg_Inj 2.8663e-01 (3.1081e-01)	Loss Disc 6.7499e-01 (6.8067e-01)	Loss Pred 4.8482e-01 (4.4236e-01)	Loss TOTAL 8.7011e-01 (8.3872e-01)
Epoch: [42][390/441]	L_Src_Sup 1.8342e-01 (2.0311e-01)	L_Trg_Inj 2.4378e-01 (3.1012e-01)	Loss Disc 6.8198e-01 (6.8064e-01)	Loss Pred 4.5335e-01 (4.4279e-01)	Loss TOTAL 8.3706e-01 (8.3907e-01)
Epoch: [42][400/441]	L_Src_Sup 2.8334e-01 (2.0363e-01)	L_Trg_Inj 3.8475e-01 (3.0977e-01)	Loss Disc 6.7881e-01 (6.8064e-01)	Loss Pred 4.3315e-01 (4.4266e-01)	Loss TOTAL 8.3936e-01 (8.3926e-01)
Epoch: [42][410/441]	L_Src_Sup 2.3142e-01 (2.0297e-01)	L_Trg_Inj 2.9174e-01 (3.0935e-01)	Loss Disc 6.8160e-01 (6.8064e-01)	Loss Pred 4.2725e-01 (4.4273e-01)	Loss TOTAL 8.2036e-01 (8.3919e-01)
Epoch: [42][420/441]	L_Src_Sup 3.0775e-01 (2.0230e-01)	L_Trg_Inj 3.7965e-01 (3.0858e-01)	Loss Disc 6.7515e-01 (6.8058e-01)	Loss Pred 4.5322e-01 (4.4303e-01)	Loss TOTAL 8.5954e-01 (8.3938e-01)
Epoch: [42][430/441]	L_Src_Sup 1.4890e-01 (2.0241e-01)	L_Trg_Inj 2.4883e-01 (3.0757e-01)	Loss Disc 6.8217e-01 (6.8059e-01)	Loss Pred 4.2691e-01 (4.4296e-01)	Loss TOTAL 8.0776e-01 (8.3962e-01)
Epoch: [42][440/441]	L_Src_Sup 1.4877e-01 (2.0252e-01)	L_Trg_Inj 2.9542e-01 (3.0680e-01)	Loss Disc 6.8170e-01 (6.8057e-01)	Loss Pred 4.2672e-01 (4.4303e-01)	Loss TOTAL 8.1199e-01 (8.3951e-01)
Epoch: [42][441/441]	L_Src_Sup 1.5653e-01 (2.0242e-01)	L_Trg_Inj 2.3321e-01 (3.0663e-01)	Loss Disc 6.7559e-01 (6.8055e-01)	Loss Pred 4.8525e-01 (4.4312e-01)	Loss TOTAL 8.6201e-01 (8.3956e-01)
Epoch 42 complete. Saving model state...
Epoch: [43][ 10/441]	L_Src_Sup 2.6871e-01 (1.9348e-01)	L_Trg_Inj 2.7567e-01 (2.9692e-01)	Loss Disc 6.7917e-01 (6.8140e-01)	Loss Pred 4.3645e-01 (4.4703e-01)	Loss TOTAL 8.3048e-01 (8.4103e-01)
Epoch: [43][ 20/441]	L_Src_Sup 1.3793e-01 (1.8986e-01)	L_Trg_Inj 2.9951e-01 (2.9000e-01)	Loss Disc 6.8124e-01 (6.8146e-01)	Loss Pred 5.6004e-01 (4.4848e-01)	Loss TOTAL 9.4440e-01 (8.3933e-01)
Epoch: [43][ 30/441]	L_Src_Sup 1.8191e-01 (1.9196e-01)	L_Trg_Inj 1.7010e-01 (2.9003e-01)	Loss Disc 6.8363e-01 (6.8107e-01)	Loss Pred 4.2697e-01 (4.4361e-01)	Loss TOTAL 8.1580e-01 (8.3416e-01)
Epoch: [43][ 40/441]	L_Src_Sup 1.3677e-01 (1.9016e-01)	L_Trg_Inj 3.2343e-01 (2.9490e-01)	Loss Disc 6.7587e-01 (6.8090e-01)	Loss Pred 4.5203e-01 (4.4366e-01)	Loss TOTAL 8.3599e-01 (8.3409e-01)
Epoch: [43][ 50/441]	L_Src_Sup 1.8335e-01 (1.9017e-01)	L_Trg_Inj 2.9749e-01 (2.8487e-01)	Loss Disc 6.8004e-01 (6.8087e-01)	Loss Pred 4.3322e-01 (4.4262e-01)	Loss TOTAL 8.2132e-01 (8.3454e-01)
Epoch: [43][ 60/441]	L_Src_Sup 1.8803e-01 (1.9102e-01)	L_Trg_Inj 2.3693e-01 (2.8971e-01)	Loss Disc 6.8511e-01 (6.8088e-01)	Loss Pred 4.3746e-01 (4.4183e-01)	Loss TOTAL 8.2250e-01 (8.3366e-01)
Epoch: [43][ 70/441]	L_Src_Sup 2.1276e-01 (1.9220e-01)	L_Trg_Inj 3.1001e-01 (2.8750e-01)	Loss Disc 6.7104e-01 (6.8066e-01)	Loss Pred 4.7739e-01 (4.4230e-01)	Loss TOTAL 8.6518e-01 (8.3359e-01)
Epoch: [43][ 80/441]	L_Src_Sup 1.8130e-01 (1.9167e-01)	L_Trg_Inj 3.3405e-01 (2.8497e-01)	Loss Disc 6.7085e-01 (6.8049e-01)	Loss Pred 5.0605e-01 (4.4344e-01)	Loss TOTAL 8.9301e-01 (8.3539e-01)
Epoch: [43][ 90/441]	L_Src_Sup 2.2979e-01 (1.8930e-01)	L_Trg_Inj 3.8506e-01 (2.8417e-01)	Loss Disc 6.8034e-01 (6.8050e-01)	Loss Pred 4.2196e-01 (4.4443e-01)	Loss TOTAL 8.2361e-01 (8.3561e-01)
Epoch: [43][100/441]	L_Src_Sup 1.8049e-01 (1.8832e-01)	L_Trg_Inj 2.1071e-01 (2.8167e-01)	Loss Disc 6.8632e-01 (6.8075e-01)	Loss Pred 4.2640e-01 (4.4455e-01)	Loss TOTAL 8.0868e-01 (8.3537e-01)
Epoch: [43][110/441]	L_Src_Sup 2.1651e-01 (1.8920e-01)	L_Trg_Inj 4.3965e-01 (2.7711e-01)	Loss Disc 6.8552e-01 (6.8133e-01)	Loss Pred 4.2507e-01 (4.4381e-01)	Loss TOTAL 8.3344e-01 (8.3578e-01)
Epoch: [43][120/441]	L_Src_Sup 1.5039e-01 (1.9081e-01)	L_Trg_Inj 2.0808e-01 (2.7807e-01)	Loss Disc 6.8309e-01 (6.8143e-01)	Loss Pred 4.3368e-01 (4.4586e-01)	Loss TOTAL 8.1107e-01 (8.3801e-01)
Epoch: [43][130/441]	L_Src_Sup 2.3938e-01 (1.9216e-01)	L_Trg_Inj 3.4796e-01 (2.8020e-01)	Loss Disc 6.7740e-01 (6.8147e-01)	Loss Pred 4.5244e-01 (4.4606e-01)	Loss TOTAL 8.4987e-01 (8.3865e-01)
Epoch: [43][140/441]	L_Src_Sup 2.5245e-01 (1.9146e-01)	L_Trg_Inj 2.0198e-01 (2.8134e-01)	Loss Disc 6.8209e-01 (6.8147e-01)	Loss Pred 4.3947e-01 (4.4682e-01)	Loss TOTAL 8.7643e-01 (8.3949e-01)
Epoch: [43][150/441]	L_Src_Sup 2.2616e-01 (1.9220e-01)	L_Trg_Inj 2.0552e-01 (2.8007e-01)	Loss Disc 6.8789e-01 (6.8156e-01)	Loss Pred 4.0769e-01 (4.4664e-01)	Loss TOTAL 8.1544e-01 (8.3940e-01)
Epoch: [43][160/441]	L_Src_Sup 1.9673e-01 (1.9302e-01)	L_Trg_Inj 2.7131e-01 (2.8247e-01)	Loss Disc 6.8355e-01 (6.8157e-01)	Loss Pred 4.2018e-01 (4.4595e-01)	Loss TOTAL 8.0876e-01 (8.3912e-01)
Epoch: [43][170/441]	L_Src_Sup 2.2058e-01 (1.9330e-01)	L_Trg_Inj 4.6572e-01 (2.8288e-01)	Loss Disc 6.8129e-01 (6.8160e-01)	Loss Pred 4.6239e-01 (4.4548e-01)	Loss TOTAL 8.7167e-01 (8.3845e-01)
Epoch: [43][180/441]	L_Src_Sup 2.8208e-01 (1.9489e-01)	L_Trg_Inj 1.3176e-02 (2.7393e-01)	Loss Disc 6.9732e-01 (6.8240e-01)	Loss Pred 4.1345e-01 (4.4563e-01)	Loss TOTAL 1.0605e+00 (8.4526e-01)
Epoch: [43][190/441]	L_Src_Sup 1.2179e-01 (1.9407e-01)	L_Trg_Inj 3.5687e-02 (2.5990e-01)	Loss Disc 6.9327e-01 (6.8296e-01)	Loss Pred 4.8538e-01 (4.4560e-01)	Loss TOTAL 9.3387e-01 (8.5247e-01)
Epoch: [43][200/441]	L_Src_Sup 3.0707e-01 (2.0008e-01)	L_Trg_Inj 2.9019e-01 (2.5774e-01)	Loss Disc 6.9276e-01 (6.8345e-01)	Loss Pred 5.0806e-01 (4.4606e-01)	Loss TOTAL 9.3105e-01 (8.5799e-01)
Epoch: [43][210/441]	L_Src_Sup 2.2363e-01 (2.0192e-01)	L_Trg_Inj 4.2851e-01 (2.5971e-01)	Loss Disc 6.9216e-01 (6.8388e-01)	Loss Pred 4.4129e-01 (4.4596e-01)	Loss TOTAL 8.5259e-01 (8.5798e-01)
Epoch: [43][220/441]	L_Src_Sup 2.6479e-01 (2.0388e-01)	L_Trg_Inj 3.2818e-01 (2.5912e-01)	Loss Disc 6.9162e-01 (6.8424e-01)	Loss Pred 4.4059e-01 (4.4561e-01)	Loss TOTAL 8.4570e-01 (8.5798e-01)
Epoch: [43][230/441]	L_Src_Sup 2.1325e-01 (2.0481e-01)	L_Trg_Inj 3.4127e-01 (2.6223e-01)	Loss Disc 6.9148e-01 (6.8455e-01)	Loss Pred 4.4160e-01 (4.4541e-01)	Loss TOTAL 8.4279e-01 (8.5738e-01)
Epoch: [43][240/441]	L_Src_Sup 1.5086e-01 (2.0498e-01)	L_Trg_Inj 2.9348e-01 (2.6393e-01)	Loss Disc 6.9134e-01 (6.8483e-01)	Loss Pred 4.2087e-01 (4.4484e-01)	Loss TOTAL 8.1097e-01 (8.5621e-01)
Epoch: [43][250/441]	L_Src_Sup 2.2771e-01 (2.0483e-01)	L_Trg_Inj 2.6658e-01 (2.6586e-01)	Loss Disc 6.9098e-01 (6.8507e-01)	Loss Pred 4.2056e-01 (4.4437e-01)	Loss TOTAL 8.1547e-01 (8.5516e-01)
Epoch: [43][260/441]	L_Src_Sup 2.4097e-01 (2.0483e-01)	L_Trg_Inj 2.8960e-01 (2.6611e-01)	Loss Disc 6.8755e-01 (6.8522e-01)	Loss Pred 4.4323e-01 (4.4440e-01)	Loss TOTAL 8.4006e-01 (8.5501e-01)
Epoch: [43][270/441]	L_Src_Sup 1.8670e-01 (2.0491e-01)	L_Trg_Inj 3.8677e-01 (2.6923e-01)	Loss Disc 6.8547e-01 (6.8531e-01)	Loss Pred 4.6645e-01 (4.4460e-01)	Loss TOTAL 8.6654e-01 (8.5481e-01)
Epoch: [43][280/441]	L_Src_Sup 1.6647e-01 (2.0543e-01)	L_Trg_Inj 3.7541e-01 (2.7188e-01)	Loss Disc 6.8672e-01 (6.8538e-01)	Loss Pred 4.3343e-01 (4.4464e-01)	Loss TOTAL 8.3098e-01 (8.5450e-01)
Epoch: [43][290/441]	L_Src_Sup 2.0413e-01 (2.0551e-01)	L_Trg_Inj 2.8758e-01 (2.7211e-01)	Loss Disc 6.9196e-01 (6.8552e-01)	Loss Pred 4.2464e-01 (4.4429e-01)	Loss TOTAL 8.1979e-01 (8.5380e-01)
Epoch: [43][300/441]	L_Src_Sup 2.4779e-01 (2.0654e-01)	L_Trg_Inj 2.9768e-01 (2.7259e-01)	Loss Disc 6.8885e-01 (6.8568e-01)	Loss Pred 4.1530e-01 (4.4414e-01)	Loss TOTAL 8.1427e-01 (8.5435e-01)
Epoch: [43][310/441]	L_Src_Sup 3.2272e-01 (2.0776e-01)	L_Trg_Inj 3.7228e-01 (2.7513e-01)	Loss Disc 6.8864e-01 (6.8570e-01)	Loss Pred 4.0773e-01 (4.4359e-01)	Loss TOTAL 8.2155e-01 (8.5356e-01)
Epoch: [43][320/441]	L_Src_Sup 1.8493e-01 (2.0763e-01)	L_Trg_Inj 2.8875e-01 (2.7539e-01)	Loss Disc 6.9013e-01 (6.8569e-01)	Loss Pred 4.6084e-01 (4.4425e-01)	Loss TOTAL 8.5327e-01 (8.5367e-01)
Epoch: [43][330/441]	L_Src_Sup 1.1670e-01 (2.0720e-01)	L_Trg_Inj 2.9991e-01 (2.7538e-01)	Loss Disc 6.8671e-01 (6.8578e-01)	Loss Pred 4.5333e-01 (4.4387e-01)	Loss TOTAL 8.3835e-01 (8.5293e-01)
Epoch: [43][340/441]	L_Src_Sup 2.0522e-01 (2.0737e-01)	L_Trg_Inj 4.8155e-01 (2.7690e-01)	Loss Disc 6.8099e-01 (6.8577e-01)	Loss Pred 4.8621e-01 (4.4407e-01)	Loss TOTAL 8.9538e-01 (8.5277e-01)
Epoch: [43][350/441]	L_Src_Sup 1.6233e-01 (2.0723e-01)	L_Trg_Inj 3.2146e-01 (2.7602e-01)	Loss Disc 6.8891e-01 (6.8595e-01)	Loss Pred 4.2680e-01 (4.4399e-01)	Loss TOTAL 8.1964e-01 (8.5228e-01)
Epoch: [43][360/441]	L_Src_Sup 1.1972e-01 (2.0677e-01)	L_Trg_Inj 3.7229e-01 (2.7580e-01)	Loss Disc 6.8265e-01 (6.8602e-01)	Loss Pred 4.6753e-01 (4.4402e-01)	Loss TOTAL 8.5805e-01 (8.5183e-01)
Epoch: [43][370/441]	L_Src_Sup 1.6811e-01 (2.0742e-01)	L_Trg_Inj 2.5576e-01 (2.7544e-01)	Loss Disc 6.9199e-01 (6.8619e-01)	Loss Pred 4.4015e-01 (4.4385e-01)	Loss TOTAL 8.2853e-01 (8.5238e-01)
Epoch: [43][380/441]	L_Src_Sup 1.8654e-01 (2.0736e-01)	L_Trg_Inj 2.5718e-01 (2.7681e-01)	Loss Disc 6.8938e-01 (6.8627e-01)	Loss Pred 4.4577e-01 (4.4377e-01)	Loss TOTAL 8.3483e-01 (8.5241e-01)
Epoch: [43][390/441]	L_Src_Sup 2.3758e-01 (2.0703e-01)	L_Trg_Inj 3.1863e-01 (2.7807e-01)	Loss Disc 6.8366e-01 (6.8626e-01)	Loss Pred 4.4579e-01 (4.4397e-01)	Loss TOTAL 8.4325e-01 (8.5226e-01)
Epoch: [43][400/441]	L_Src_Sup 2.5665e-01 (2.0740e-01)	L_Trg_Inj 3.8600e-01 (2.7841e-01)	Loss Disc 6.8289e-01 (6.8625e-01)	Loss Pred 4.5247e-01 (4.4380e-01)	Loss TOTAL 8.5818e-01 (8.5174e-01)
Epoch: [43][410/441]	L_Src_Sup 2.1325e-01 (2.0751e-01)	L_Trg_Inj 1.9977e-01 (2.7784e-01)	Loss Disc 6.8909e-01 (6.8639e-01)	Loss Pred 4.2157e-01 (4.4379e-01)	Loss TOTAL 8.2089e-01 (8.5145e-01)
Epoch: [43][420/441]	L_Src_Sup 2.0710e-01 (2.0754e-01)	L_Trg_Inj 2.7409e-01 (2.7824e-01)	Loss Disc 6.8251e-01 (6.8637e-01)	Loss Pred 4.9564e-01 (4.4397e-01)	Loss TOTAL 8.8501e-01 (8.5140e-01)
Epoch: [43][430/441]	L_Src_Sup 1.9537e-01 (2.0711e-01)	L_Trg_Inj 2.6912e-01 (2.7904e-01)	Loss Disc 6.9510e-01 (6.8636e-01)	Loss Pred 4.1390e-01 (4.4402e-01)	Loss TOTAL 8.0790e-01 (8.5118e-01)
Epoch: [43][440/441]	L_Src_Sup 3.1318e-01 (2.0741e-01)	L_Trg_Inj 1.9092e-01 (2.7909e-01)	Loss Disc 6.8322e-01 (6.8637e-01)	Loss Pred 4.6480e-01 (4.4411e-01)	Loss TOTAL 9.7908e-01 (8.5137e-01)
Epoch: [43][441/441]	L_Src_Sup 1.3681e-01 (2.0725e-01)	L_Trg_Inj 2.7551e-01 (2.7908e-01)	Loss Disc 6.8508e-01 (6.8637e-01)	Loss Pred 4.7239e-01 (4.4418e-01)	Loss TOTAL 8.5616e-01 (8.5138e-01)
Epoch 43 complete. Saving model state...
Epoch: [44][ 10/441]	L_Src_Sup 2.4616e-01 (1.7991e-01)	L_Trg_Inj 2.0346e-01 (2.9876e-01)	Loss Disc 6.9520e-01 (6.8663e-01)	Loss Pred 4.2013e-01 (4.3979e-01)	Loss TOTAL 8.5539e-01 (8.3524e-01)
Epoch: [44][ 20/441]	L_Src_Sup 1.6691e-01 (1.9524e-01)	L_Trg_Inj 2.7253e-01 (2.8649e-01)	Loss Disc 6.8729e-01 (6.8637e-01)	Loss Pred 4.5315e-01 (4.4511e-01)	Loss TOTAL 8.4074e-01 (8.4069e-01)
Epoch: [44][ 30/441]	L_Src_Sup 1.8396e-01 (2.0210e-01)	L_Trg_Inj 3.2301e-01 (2.8824e-01)	Loss Disc 6.8218e-01 (6.8556e-01)	Loss Pred 4.2891e-01 (4.4728e-01)	Loss TOTAL 8.2070e-01 (8.4237e-01)
Epoch: [44][ 40/441]	L_Src_Sup 2.6018e-01 (2.0593e-01)	L_Trg_Inj 2.3324e-01 (3.0007e-01)	Loss Disc 6.8137e-01 (6.8481e-01)	Loss Pred 4.6802e-01 (4.4639e-01)	Loss TOTAL 8.8499e-01 (8.4337e-01)
Epoch: [44][ 50/441]	L_Src_Sup 2.0175e-01 (2.0058e-01)	L_Trg_Inj 3.7730e-01 (3.0998e-01)	Loss Disc 6.7915e-01 (6.8433e-01)	Loss Pred 4.4021e-01 (4.4796e-01)	Loss TOTAL 8.3769e-01 (8.4436e-01)
Epoch: [44][ 60/441]	L_Src_Sup 1.1767e-01 (2.0152e-01)	L_Trg_Inj 3.2911e-01 (3.0873e-01)	Loss Disc 6.8131e-01 (6.8439e-01)	Loss Pred 4.4094e-01 (4.4717e-01)	Loss TOTAL 8.2627e-01 (8.4373e-01)
Epoch: [44][ 70/441]	L_Src_Sup 1.8922e-01 (2.0087e-01)	L_Trg_Inj 3.3917e-01 (3.0773e-01)	Loss Disc 6.7870e-01 (6.8415e-01)	Loss Pred 4.5236e-01 (4.4632e-01)	Loss TOTAL 8.4455e-01 (8.4338e-01)
Epoch: [44][ 80/441]	L_Src_Sup 2.1675e-01 (2.0006e-01)	L_Trg_Inj 2.7045e-01 (3.1414e-01)	Loss Disc 6.8924e-01 (6.8396e-01)	Loss Pred 4.3345e-01 (4.4574e-01)	Loss TOTAL 8.2679e-01 (8.4275e-01)
Epoch: [44][ 90/441]	L_Src_Sup 1.6695e-01 (2.0059e-01)	L_Trg_Inj 2.9998e-01 (3.1160e-01)	Loss Disc 6.8104e-01 (6.8371e-01)	Loss Pred 4.3309e-01 (4.4532e-01)	Loss TOTAL 8.2031e-01 (8.4292e-01)
Epoch: [44][100/441]	L_Src_Sup 2.3070e-01 (1.9964e-01)	L_Trg_Inj 2.6190e-01 (3.1315e-01)	Loss Disc 6.8743e-01 (6.8347e-01)	Loss Pred 4.2044e-01 (4.4515e-01)	Loss TOTAL 8.1341e-01 (8.4313e-01)
Epoch: [44][110/441]	L_Src_Sup 9.9397e-02 (2.0024e-01)	L_Trg_Inj 3.1850e-01 (3.1428e-01)	Loss Disc 6.8544e-01 (6.8344e-01)	Loss Pred 4.2659e-01 (4.4449e-01)	Loss TOTAL 8.1110e-01 (8.4257e-01)
Epoch: [44][120/441]	L_Src_Sup 1.0685e-01 (2.0120e-01)	L_Trg_Inj 3.3905e-01 (3.1322e-01)	Loss Disc 6.8154e-01 (6.8336e-01)	Loss Pred 4.5973e-01 (4.4479e-01)	Loss TOTAL 8.4509e-01 (8.4248e-01)
Epoch: [44][130/441]	L_Src_Sup 2.5230e-01 (2.0226e-01)	L_Trg_Inj 2.9822e-01 (3.1438e-01)	Loss Disc 6.8290e-01 (6.8333e-01)	Loss Pred 4.8003e-01 (4.4497e-01)	Loss TOTAL 8.7654e-01 (8.4273e-01)
Epoch: [44][140/441]	L_Src_Sup 2.0183e-01 (2.0326e-01)	L_Trg_Inj 2.7197e-01 (3.1553e-01)	Loss Disc 6.8051e-01 (6.8336e-01)	Loss Pred 4.3945e-01 (4.4417e-01)	Loss TOTAL 8.2708e-01 (8.4185e-01)
Epoch: [44][150/441]	L_Src_Sup 1.5134e-01 (2.0358e-01)	L_Trg_Inj 2.2527e-01 (3.1222e-01)	Loss Disc 6.8258e-01 (6.8334e-01)	Loss Pred 4.3905e-01 (4.4415e-01)	Loss TOTAL 8.1800e-01 (8.4158e-01)
Epoch: [44][160/441]	L_Src_Sup 1.8646e-01 (2.0461e-01)	L_Trg_Inj 3.4379e-01 (3.1257e-01)	Loss Disc 6.8060e-01 (6.8326e-01)	Loss Pred 4.4606e-01 (4.4367e-01)	Loss TOTAL 8.3938e-01 (8.4137e-01)
Epoch: [44][170/441]	L_Src_Sup 1.6722e-01 (2.0479e-01)	L_Trg_Inj 2.9041e-01 (3.1234e-01)	Loss Disc 6.8300e-01 (6.8328e-01)	Loss Pred 4.3299e-01 (4.4395e-01)	Loss TOTAL 8.2025e-01 (8.4183e-01)
Epoch: [44][180/441]	L_Src_Sup 2.1671e-01 (2.0385e-01)	L_Trg_Inj 3.1772e-01 (3.0964e-01)	Loss Disc 6.8588e-01 (6.8332e-01)	Loss Pred 4.5324e-01 (4.4410e-01)	Loss TOTAL 8.4962e-01 (8.4139e-01)
Epoch: [44][190/441]	L_Src_Sup 3.0006e-01 (2.0353e-01)	L_Trg_Inj 1.4686e-01 (3.0542e-01)	Loss Disc 6.8523e-01 (6.8365e-01)	Loss Pred 4.3289e-01 (4.4398e-01)	Loss TOTAL 9.7340e-01 (8.4157e-01)
Epoch: [44][200/441]	L_Src_Sup 2.1349e-01 (2.0490e-01)	L_Trg_Inj 2.0746e-01 (3.0473e-01)	Loss Disc 6.8608e-01 (6.8378e-01)	Loss Pred 4.2124e-01 (4.4345e-01)	Loss TOTAL 8.1240e-01 (8.4144e-01)
Epoch: [44][210/441]	L_Src_Sup 2.6023e-01 (2.0493e-01)	L_Trg_Inj 3.1289e-01 (3.0486e-01)	Loss Disc 6.8591e-01 (6.8371e-01)	Loss Pred 4.1370e-01 (4.4327e-01)	Loss TOTAL 8.1396e-01 (8.4100e-01)
Epoch: [44][220/441]	L_Src_Sup 2.8578e-01 (2.0560e-01)	L_Trg_Inj 2.9660e-01 (3.0355e-01)	Loss Disc 6.8900e-01 (6.8387e-01)	Loss Pred 4.6052e-01 (4.4294e-01)	Loss TOTAL 8.6326e-01 (8.4077e-01)
Epoch: [44][230/441]	L_Src_Sup 1.7068e-01 (2.0611e-01)	L_Trg_Inj 2.8366e-01 (3.0140e-01)	Loss Disc 6.8115e-01 (6.8390e-01)	Loss Pred 4.3510e-01 (4.4296e-01)	Loss TOTAL 8.2111e-01 (8.4117e-01)
Epoch: [44][240/441]	L_Src_Sup 1.5019e-01 (2.0531e-01)	L_Trg_Inj 2.0594e-01 (3.0120e-01)	Loss Disc 6.8506e-01 (6.8380e-01)	Loss Pred 4.5418e-01 (4.4331e-01)	Loss TOTAL 8.3233e-01 (8.4117e-01)
Epoch: [44][250/441]	L_Src_Sup 2.2962e-01 (2.0496e-01)	L_Trg_Inj 2.7411e-01 (3.0166e-01)	Loss Disc 6.8331e-01 (6.8367e-01)	Loss Pred 4.2003e-01 (4.4358e-01)	Loss TOTAL 8.1206e-01 (8.4118e-01)
Epoch: [44][260/441]	L_Src_Sup 3.0744e-01 (2.0523e-01)	L_Trg_Inj 3.6668e-01 (3.0103e-01)	Loss Disc 6.7750e-01 (6.8353e-01)	Loss Pred 4.4586e-01 (4.4388e-01)	Loss TOTAL 8.5202e-01 (8.4128e-01)
Epoch: [44][270/441]	L_Src_Sup 1.3008e-01 (2.0479e-01)	L_Trg_Inj 2.7010e-01 (3.0058e-01)	Loss Disc 6.8569e-01 (6.8348e-01)	Loss Pred 4.3430e-01 (4.4370e-01)	Loss TOTAL 8.1716e-01 (8.4081e-01)
Epoch: [44][280/441]	L_Src_Sup 1.6969e-01 (2.0386e-01)	L_Trg_Inj 2.4556e-01 (2.9892e-01)	Loss Disc 6.7757e-01 (6.8343e-01)	Loss Pred 4.4585e-01 (4.4393e-01)	Loss TOTAL 8.2616e-01 (8.4058e-01)
Epoch: [44][290/441]	L_Src_Sup 1.6568e-01 (2.0373e-01)	L_Trg_Inj 2.6641e-01 (2.9633e-01)	Loss Disc 6.8381e-01 (6.8341e-01)	Loss Pred 4.2709e-01 (4.4426e-01)	Loss TOTAL 8.1221e-01 (8.4113e-01)
Epoch: [44][300/441]	L_Src_Sup 2.1667e-01 (2.0320e-01)	L_Trg_Inj 3.3153e-01 (2.9595e-01)	Loss Disc 6.8189e-01 (6.8334e-01)	Loss Pred 4.3278e-01 (4.4449e-01)	Loss TOTAL 8.2854e-01 (8.4116e-01)
Epoch: [44][310/441]	L_Src_Sup 1.3119e-01 (2.0196e-01)	L_Trg_Inj 2.6739e-01 (2.9530e-01)	Loss Disc 6.8430e-01 (6.8339e-01)	Loss Pred 4.2133e-01 (4.4401e-01)	Loss TOTAL 8.0333e-01 (8.4035e-01)
Epoch: [44][320/441]	L_Src_Sup 2.2085e-01 (2.0069e-01)	L_Trg_Inj 2.8200e-01 (2.9315e-01)	Loss Disc 6.7961e-01 (6.8339e-01)	Loss Pred 4.4638e-01 (4.4396e-01)	Loss TOTAL 8.3647e-01 (8.4017e-01)
Epoch: [44][330/441]	L_Src_Sup 1.4879e-01 (2.0039e-01)	L_Trg_Inj 1.6761e-01 (2.9227e-01)	Loss Disc 6.8472e-01 (6.8335e-01)	Loss Pred 4.2766e-01 (4.4384e-01)	Loss TOTAL 8.0166e-01 (8.3987e-01)
Epoch: [44][340/441]	L_Src_Sup 2.4590e-01 (2.0077e-01)	L_Trg_Inj 3.0437e-01 (2.9191e-01)	Loss Disc 6.7698e-01 (6.8337e-01)	Loss Pred 4.5205e-01 (4.4339e-01)	Loss TOTAL 8.4557e-01 (8.3969e-01)
Epoch: [44][350/441]	L_Src_Sup 3.0786e-01 (2.0126e-01)	L_Trg_Inj 3.9970e-01 (2.9247e-01)	Loss Disc 6.8477e-01 (6.8333e-01)	Loss Pred 4.0758e-01 (4.4335e-01)	Loss TOTAL 8.2072e-01 (8.3981e-01)
Epoch: [44][360/441]	L_Src_Sup 2.5702e-01 (2.0162e-01)	L_Trg_Inj 2.1948e-01 (2.9210e-01)	Loss Disc 6.7845e-01 (6.8332e-01)	Loss Pred 4.5354e-01 (4.4316e-01)	Loss TOTAL 8.7795e-01 (8.3972e-01)
Epoch: [44][370/441]	L_Src_Sup 2.4595e-01 (2.0151e-01)	L_Trg_Inj 3.7695e-01 (2.9219e-01)	Loss Disc 6.8284e-01 (6.8329e-01)	Loss Pred 4.2003e-01 (4.4286e-01)	Loss TOTAL 8.2374e-01 (8.3926e-01)
Epoch: [44][380/441]	L_Src_Sup 3.0630e-01 (2.0139e-01)	L_Trg_Inj 2.9464e-01 (2.9221e-01)	Loss Disc 6.8029e-01 (6.8325e-01)	Loss Pred 4.8644e-01 (4.4291e-01)	Loss TOTAL 8.9834e-01 (8.3918e-01)
Epoch: [44][390/441]	L_Src_Sup 2.6730e-01 (2.0132e-01)	L_Trg_Inj 3.5966e-01 (2.9290e-01)	Loss Disc 6.8104e-01 (6.8319e-01)	Loss Pred 4.5266e-01 (4.4295e-01)	Loss TOTAL 8.5588e-01 (8.3917e-01)
Epoch: [44][400/441]	L_Src_Sup 1.6133e-01 (2.0110e-01)	L_Trg_Inj 3.2826e-01 (2.9356e-01)	Loss Disc 6.8747e-01 (6.8316e-01)	Loss Pred 4.4709e-01 (4.4268e-01)	Loss TOTAL 8.3978e-01 (8.3881e-01)
Epoch: [44][410/441]	L_Src_Sup 8.4760e-02 (2.0063e-01)	L_Trg_Inj 3.8232e-01 (2.9367e-01)	Loss Disc 6.7801e-01 (6.8315e-01)	Loss Pred 4.6629e-01 (4.4254e-01)	Loss TOTAL 8.5200e-01 (8.3850e-01)
Epoch: [44][420/441]	L_Src_Sup 6.7256e-02 (2.0044e-01)	L_Trg_Inj 3.0729e-01 (2.9394e-01)	Loss Disc 6.7927e-01 (6.8311e-01)	Loss Pred 4.3926e-01 (4.4265e-01)	Loss TOTAL 8.1635e-01 (8.3848e-01)
Epoch: [44][430/441]	L_Src_Sup 2.3409e-01 (2.0034e-01)	L_Trg_Inj 2.5487e-01 (2.9374e-01)	Loss Disc 6.8224e-01 (6.8303e-01)	Loss Pred 4.5406e-01 (4.4280e-01)	Loss TOTAL 8.4408e-01 (8.3862e-01)
Epoch: [44][440/441]	L_Src_Sup 2.9562e-01 (2.0037e-01)	L_Trg_Inj 4.3280e-01 (2.9416e-01)	Loss Disc 6.8116e-01 (6.8297e-01)	Loss Pred 4.2016e-01 (4.4287e-01)	Loss TOTAL 8.3359e-01 (8.3860e-01)
Epoch: [44][441/441]	L_Src_Sup 1.7107e-01 (2.0031e-01)	L_Trg_Inj 2.6894e-01 (2.9410e-01)	Loss Disc 6.7717e-01 (6.8295e-01)	Loss Pred 4.5221e-01 (4.4289e-01)	Loss TOTAL 8.3480e-01 (8.3859e-01)
Epoch 44 complete. Saving model state...
Epoch: [45][ 10/441]	L_Src_Sup 2.7556e-01 (1.9394e-01)	L_Trg_Inj 3.2412e-01 (2.9333e-01)	Loss Disc 6.8516e-01 (6.8184e-01)	Loss Pred 4.0755e-01 (4.4213e-01)	Loss TOTAL 8.1009e-01 (8.3270e-01)
Epoch: [45][ 20/441]	L_Src_Sup 1.3562e-01 (1.9230e-01)	L_Trg_Inj 2.5166e-01 (2.9648e-01)	Loss Disc 6.7844e-01 (6.8202e-01)	Loss Pred 4.4596e-01 (4.4275e-01)	Loss TOTAL 8.2390e-01 (8.3490e-01)
Epoch: [45][ 30/441]	L_Src_Sup 2.2223e-01 (1.9434e-01)	L_Trg_Inj 3.3055e-01 (2.9962e-01)	Loss Disc 6.7613e-01 (6.8164e-01)	Loss Pred 4.5218e-01 (4.4193e-01)	Loss TOTAL 8.4553e-01 (8.3370e-01)
Epoch: [45][ 40/441]	L_Src_Sup 1.8648e-01 (1.9912e-01)	L_Trg_Inj 3.7103e-01 (3.0672e-01)	Loss Disc 6.7700e-01 (6.8141e-01)	Loss Pred 4.4576e-01 (4.4012e-01)	Loss TOTAL 8.4001e-01 (8.3489e-01)
Epoch: [45][ 50/441]	L_Src_Sup 2.3699e-01 (2.0090e-01)	L_Trg_Inj 2.6159e-01 (3.0387e-01)	Loss Disc 6.7850e-01 (6.8121e-01)	Loss Pred 4.4612e-01 (4.4175e-01)	Loss TOTAL 8.3522e-01 (8.3561e-01)
Epoch: [45][ 60/441]	L_Src_Sup 1.7892e-01 (2.0253e-01)	L_Trg_Inj 2.2738e-01 (3.0671e-01)	Loss Disc 6.8521e-01 (6.8105e-01)	Loss Pred 4.1389e-01 (4.4129e-01)	Loss TOTAL 7.9713e-01 (8.3711e-01)
Epoch: [45][ 70/441]	L_Src_Sup 1.5438e-01 (2.0106e-01)	L_Trg_Inj 2.9223e-01 (3.0167e-01)	Loss Disc 6.8047e-01 (6.8100e-01)	Loss Pred 4.3300e-01 (4.4142e-01)	Loss TOTAL 8.1790e-01 (8.3715e-01)
Epoch: [45][ 80/441]	L_Src_Sup 2.1491e-01 (2.0119e-01)	L_Trg_Inj 3.5072e-01 (3.0460e-01)	Loss Disc 6.8076e-01 (6.8080e-01)	Loss Pred 4.2654e-01 (4.4274e-01)	Loss TOTAL 8.2348e-01 (8.3805e-01)
Epoch: [45][ 90/441]	L_Src_Sup 1.1701e-01 (2.0005e-01)	L_Trg_Inj 4.1469e-01 (3.0397e-01)	Loss Disc 6.8131e-01 (6.8092e-01)	Loss Pred 4.2020e-01 (4.4197e-01)	Loss TOTAL 8.1402e-01 (8.3708e-01)
Epoch: [45][100/441]	L_Src_Sup 1.8363e-01 (2.0174e-01)	L_Trg_Inj 3.7974e-01 (3.0341e-01)	Loss Disc 6.7950e-01 (6.8095e-01)	Loss Pred 4.3276e-01 (4.4108e-01)	Loss TOTAL 8.2885e-01 (8.3724e-01)
Epoch: [45][110/441]	L_Src_Sup 2.0514e-01 (1.9979e-01)	L_Trg_Inj 3.2559e-01 (3.0188e-01)	Loss Disc 6.7751e-01 (6.8076e-01)	Loss Pred 4.7214e-01 (4.4309e-01)	Loss TOTAL 8.6397e-01 (8.3834e-01)
Epoch: [45][120/441]	L_Src_Sup 2.1863e-01 (1.9771e-01)	L_Trg_Inj 1.9349e-01 (3.0240e-01)	Loss Disc 6.8078e-01 (6.8082e-01)	Loss Pred 4.3945e-01 (4.4267e-01)	Loss TOTAL 8.4620e-01 (8.3760e-01)
Epoch: [45][130/441]	L_Src_Sup 2.4140e-01 (1.9757e-01)	L_Trg_Inj 3.6984e-01 (3.0422e-01)	Loss Disc 6.7424e-01 (6.8076e-01)	Loss Pred 4.5877e-01 (4.4218e-01)	Loss TOTAL 8.5701e-01 (8.3690e-01)
Epoch: [45][140/441]	L_Src_Sup 2.1489e-01 (1.9776e-01)	L_Trg_Inj 2.2845e-01 (3.0365e-01)	Loss Disc 6.8148e-01 (6.8087e-01)	Loss Pred 4.3029e-01 (4.4163e-01)	Loss TOTAL 8.1536e-01 (8.3693e-01)
Epoch: [45][150/441]	L_Src_Sup 2.1503e-01 (1.9787e-01)	L_Trg_Inj 3.4039e-01 (3.0271e-01)	Loss Disc 6.8309e-01 (6.8085e-01)	Loss Pred 4.4711e-01 (4.4177e-01)	Loss TOTAL 8.4419e-01 (8.3698e-01)
Epoch: [45][160/441]	L_Src_Sup 1.3341e-01 (1.9670e-01)	L_Trg_Inj 2.2934e-01 (3.0187e-01)	Loss Disc 6.8374e-01 (6.8084e-01)	Loss Pred 4.3272e-01 (4.4158e-01)	Loss TOTAL 8.1086e-01 (8.3679e-01)
Epoch: [45][170/441]	L_Src_Sup 1.6407e-01 (1.9589e-01)	L_Trg_Inj 3.5940e-01 (3.0055e-01)	Loss Disc 6.8276e-01 (6.8079e-01)	Loss Pred 4.4050e-01 (4.4173e-01)	Loss TOTAL 8.3423e-01 (8.3642e-01)
Epoch: [45][180/441]	L_Src_Sup 2.1577e-01 (1.9558e-01)	L_Trg_Inj 2.6646e-01 (2.9829e-01)	Loss Disc 6.8282e-01 (6.8077e-01)	Loss Pred 4.4753e-01 (4.4247e-01)	Loss TOTAL 8.3716e-01 (8.3677e-01)
Epoch: [45][190/441]	L_Src_Sup 2.9286e-01 (1.9571e-01)	L_Trg_Inj 3.1585e-01 (2.9705e-01)	Loss Disc 6.8497e-01 (6.8079e-01)	Loss Pred 4.3408e-01 (4.4250e-01)	Loss TOTAL 8.3744e-01 (8.3646e-01)
Epoch: [45][200/441]	L_Src_Sup 2.2015e-01 (1.9563e-01)	L_Trg_Inj 3.3896e-01 (2.9524e-01)	Loss Disc 6.8028e-01 (6.8081e-01)	Loss Pred 4.8024e-01 (4.4289e-01)	Loss TOTAL 8.7629e-01 (8.3690e-01)
Epoch: [45][210/441]	L_Src_Sup 2.7013e-01 (1.9523e-01)	L_Trg_Inj 2.8863e-01 (2.9446e-01)	Loss Disc 6.7948e-01 (6.8075e-01)	Loss Pred 4.3922e-01 (4.4290e-01)	Loss TOTAL 8.3483e-01 (8.3656e-01)
Epoch: [45][220/441]	L_Src_Sup 1.9842e-01 (1.9509e-01)	L_Trg_Inj 1.7202e-01 (2.9422e-01)	Loss Disc 6.8465e-01 (6.8074e-01)	Loss Pred 4.4696e-01 (4.4311e-01)	Loss TOTAL 8.5273e-01 (8.3679e-01)
Epoch: [45][230/441]	L_Src_Sup 1.9679e-01 (1.9527e-01)	L_Trg_Inj 3.3909e-01 (2.9471e-01)	Loss Disc 6.8163e-01 (6.8069e-01)	Loss Pred 4.2007e-01 (4.4317e-01)	Loss TOTAL 8.1448e-01 (8.3677e-01)
Epoch: [45][240/441]	L_Src_Sup 1.8068e-01 (1.9573e-01)	L_Trg_Inj 4.5744e-01 (2.9450e-01)	Loss Disc 6.7297e-01 (6.8065e-01)	Loss Pred 4.5838e-01 (4.4355e-01)	Loss TOTAL 8.5868e-01 (8.3739e-01)
Epoch: [45][250/441]	L_Src_Sup 2.1850e-01 (1.9642e-01)	L_Trg_Inj 2.6387e-01 (2.9431e-01)	Loss Disc 6.8228e-01 (6.8074e-01)	Loss Pred 4.6019e-01 (4.4302e-01)	Loss TOTAL 8.4957e-01 (8.3691e-01)
Epoch: [45][260/441]	L_Src_Sup 2.5043e-01 (1.9708e-01)	L_Trg_Inj 2.6529e-01 (2.9440e-01)	Loss Disc 6.8393e-01 (6.8079e-01)	Loss Pred 4.5321e-01 (4.4336e-01)	Loss TOTAL 8.4674e-01 (8.3759e-01)
Epoch: [45][270/441]	L_Src_Sup 1.7175e-01 (1.9754e-01)	L_Trg_Inj 2.6218e-01 (2.9381e-01)	Loss Disc 6.8347e-01 (6.8082e-01)	Loss Pred 4.7249e-01 (4.4353e-01)	Loss TOTAL 8.5762e-01 (8.3796e-01)
Epoch: [45][280/441]	L_Src_Sup 1.0506e-01 (1.9785e-01)	L_Trg_Inj 2.4493e-01 (2.9337e-01)	Loss Disc 6.8099e-01 (6.8098e-01)	Loss Pred 4.5388e-01 (4.4332e-01)	Loss TOTAL 8.2937e-01 (8.3800e-01)
Epoch: [45][290/441]	L_Src_Sup 1.5032e-01 (1.9694e-01)	L_Trg_Inj 1.7960e-01 (2.9234e-01)	Loss Disc 6.8254e-01 (6.8109e-01)	Loss Pred 4.3304e-01 (4.4332e-01)	Loss TOTAL 8.0730e-01 (8.3785e-01)
Epoch: [45][300/441]	L_Src_Sup 1.8096e-01 (1.9664e-01)	L_Trg_Inj 2.7806e-01 (2.9261e-01)	Loss Disc 6.8453e-01 (6.8114e-01)	Loss Pred 4.2016e-01 (4.4291e-01)	Loss TOTAL 8.0832e-01 (8.3734e-01)
Epoch: [45][310/441]	L_Src_Sup 1.4179e-01 (1.9602e-01)	L_Trg_Inj 2.5862e-01 (2.9254e-01)	Loss Disc 6.8175e-01 (6.8116e-01)	Loss Pred 4.4579e-01 (4.4271e-01)	Loss TOTAL 8.2671e-01 (8.3710e-01)
Epoch: [45][320/441]	L_Src_Sup 1.3561e-01 (1.9622e-01)	L_Trg_Inj 3.1124e-01 (2.9160e-01)	Loss Disc 6.7917e-01 (6.8120e-01)	Loss Pred 4.4043e-01 (4.4257e-01)	Loss TOTAL 8.2470e-01 (8.3703e-01)
Epoch: [45][330/441]	L_Src_Sup 2.0887e-01 (1.9502e-01)	L_Trg_Inj 3.3350e-01 (2.9058e-01)	Loss Disc 6.7315e-01 (6.8119e-01)	Loss Pred 4.6466e-01 (4.4237e-01)	Loss TOTAL 8.5547e-01 (8.3649e-01)
Epoch: [45][340/441]	L_Src_Sup 2.0018e-01 (1.9495e-01)	L_Trg_Inj 3.3434e-01 (2.9114e-01)	Loss Disc 6.8098e-01 (6.8121e-01)	Loss Pred 4.5316e-01 (4.4242e-01)	Loss TOTAL 8.4710e-01 (8.3667e-01)
Epoch: [45][350/441]	L_Src_Sup 2.5215e-01 (1.9495e-01)	L_Trg_Inj 3.1975e-01 (2.9124e-01)	Loss Disc 6.7874e-01 (6.8118e-01)	Loss Pred 4.3921e-01 (4.4237e-01)	Loss TOTAL 8.3577e-01 (8.3664e-01)
Epoch: [45][360/441]	L_Src_Sup 1.5256e-01 (1.9562e-01)	L_Trg_Inj 2.8302e-01 (2.9127e-01)	Loss Disc 6.7917e-01 (6.8112e-01)	Loss Pred 4.8505e-01 (4.4266e-01)	Loss TOTAL 8.6820e-01 (8.3687e-01)
Epoch: [45][370/441]	L_Src_Sup 8.4050e-02 (1.9524e-01)	L_Trg_Inj 3.9188e-01 (2.9067e-01)	Loss Disc 6.7778e-01 (6.8107e-01)	Loss Pred 4.3948e-01 (4.4272e-01)	Loss TOTAL 8.2596e-01 (8.3681e-01)
Epoch: [45][380/441]	L_Src_Sup 1.9357e-01 (1.9528e-01)	L_Trg_Inj 3.4781e-01 (2.9071e-01)	Loss Disc 6.8509e-01 (6.8106e-01)	Loss Pred 4.2772e-01 (4.4293e-01)	Loss TOTAL 8.2440e-01 (8.3689e-01)
Epoch: [45][390/441]	L_Src_Sup 2.3008e-01 (1.9560e-01)	L_Trg_Inj 3.0422e-01 (2.9045e-01)	Loss Disc 6.8181e-01 (6.8107e-01)	Loss Pred 4.2013e-01 (4.4253e-01)	Loss TOTAL 8.1446e-01 (8.3666e-01)
Epoch: [45][400/441]	L_Src_Sup 1.3014e-01 (1.9471e-01)	L_Trg_Inj 2.3267e-01 (2.8903e-01)	Loss Disc 6.8442e-01 (6.8108e-01)	Loss Pred 4.1386e-01 (4.4253e-01)	Loss TOTAL 7.9235e-01 (8.3633e-01)
Epoch: [45][410/441]	L_Src_Sup 1.5819e-01 (1.9483e-01)	L_Trg_Inj 2.3598e-01 (2.8925e-01)	Loss Disc 6.7622e-01 (6.8107e-01)	Loss Pred 4.8490e-01 (4.4251e-01)	Loss TOTAL 8.6242e-01 (8.3628e-01)
Epoch: [45][420/441]	L_Src_Sup 2.2223e-01 (1.9527e-01)	L_Trg_Inj 2.0599e-01 (2.8822e-01)	Loss Disc 6.7840e-01 (6.8103e-01)	Loss Pred 4.7240e-01 (4.4270e-01)	Loss TOTAL 8.7067e-01 (8.3655e-01)
Epoch: [45][430/441]	L_Src_Sup 1.9711e-01 (1.9577e-01)	L_Trg_Inj 2.7527e-01 (2.8783e-01)	Loss Disc 6.7515e-01 (6.8096e-01)	Loss Pred 4.8251e-01 (4.4293e-01)	Loss TOTAL 8.6732e-01 (8.3693e-01)
Epoch: [45][440/441]	L_Src_Sup 1.6755e-01 (1.9604e-01)	L_Trg_Inj 2.6544e-01 (2.8765e-01)	Loss Disc 6.8310e-01 (6.8098e-01)	Loss Pred 4.4711e-01 (4.4284e-01)	Loss TOTAL 8.3196e-01 (8.3687e-01)
Epoch: [45][441/441]	L_Src_Sup 3.2486e-01 (1.9633e-01)	L_Trg_Inj 3.8072e-01 (2.8786e-01)	Loss Disc 6.7515e-01 (6.8097e-01)	Loss Pred 4.5195e-01 (4.4286e-01)	Loss TOTAL 8.6008e-01 (8.3692e-01)
Epoch 45 complete. Saving model state...
Epoch: [46][ 10/441]	L_Src_Sup 3.0001e-01 (2.1579e-01)	L_Trg_Inj 2.1825e-01 (2.9084e-01)	Loss Disc 6.8097e-01 (6.7983e-01)	Loss Pred 4.3304e-01 (4.3697e-01)	Loss TOTAL 9.0711e-01 (8.4331e-01)
Epoch: [46][ 20/441]	L_Src_Sup 2.2034e-01 (2.1579e-01)	L_Trg_Inj 2.3549e-01 (2.8446e-01)	Loss Disc 6.7851e-01 (6.8047e-01)	Loss Pred 4.4555e-01 (4.3523e-01)	Loss TOTAL 8.3039e-01 (8.3338e-01)
Epoch: [46][ 30/441]	L_Src_Sup 1.8588e-01 (2.0934e-01)	L_Trg_Inj 3.2031e-01 (2.8434e-01)	Loss Disc 6.7975e-01 (6.8027e-01)	Loss Pred 4.3261e-01 (4.3922e-01)	Loss TOTAL 8.2311e-01 (8.3574e-01)
Epoch: [46][ 40/441]	L_Src_Sup 1.8966e-01 (2.0756e-01)	L_Trg_Inj 2.5788e-01 (2.8998e-01)	Loss Disc 6.7848e-01 (6.7987e-01)	Loss Pred 4.9906e-01 (4.4310e-01)	Loss TOTAL 8.8306e-01 (8.3958e-01)
Epoch: [46][ 50/441]	L_Src_Sup 2.1320e-01 (2.0878e-01)	L_Trg_Inj 3.7530e-01 (2.8991e-01)	Loss Disc 6.8103e-01 (6.8012e-01)	Loss Pred 4.2007e-01 (4.4139e-01)	Loss TOTAL 8.1943e-01 (8.3703e-01)
Epoch: [46][ 60/441]	L_Src_Sup 1.8653e-01 (2.0473e-01)	L_Trg_Inj 3.1284e-01 (2.8452e-01)	Loss Disc 6.7799e-01 (6.8037e-01)	Loss Pred 4.6601e-01 (4.4036e-01)	Loss TOTAL 8.5495e-01 (8.3502e-01)
Epoch: [46][ 70/441]	L_Src_Sup 2.1668e-01 (2.0571e-01)	L_Trg_Inj 2.7615e-01 (2.8183e-01)	Loss Disc 6.8017e-01 (6.8036e-01)	Loss Pred 4.3301e-01 (4.4054e-01)	Loss TOTAL 8.2238e-01 (8.3623e-01)
Epoch: [46][ 80/441]	L_Src_Sup 2.3542e-01 (2.0582e-01)	L_Trg_Inj 2.5100e-01 (2.7954e-01)	Loss Disc 6.7917e-01 (6.8044e-01)	Loss Pred 4.3930e-01 (4.4108e-01)	Loss TOTAL 8.2753e-01 (8.3574e-01)
Epoch: [46][ 90/441]	L_Src_Sup 2.2587e-01 (2.0612e-01)	L_Trg_Inj 3.3843e-01 (2.7965e-01)	Loss Disc 6.8320e-01 (6.8058e-01)	Loss Pred 4.0768e-01 (4.4055e-01)	Loss TOTAL 8.0571e-01 (8.3498e-01)
Epoch: [46][100/441]	L_Src_Sup 2.2883e-01 (2.0549e-01)	L_Trg_Inj 2.9645e-01 (2.7938e-01)	Loss Disc 6.8243e-01 (6.8033e-01)	Loss Pred 4.4696e-01 (4.4128e-01)	Loss TOTAL 8.4070e-01 (8.3543e-01)
Epoch: [46][110/441]	L_Src_Sup 2.1852e-01 (2.0645e-01)	L_Trg_Inj 2.9979e-01 (2.7923e-01)	Loss Disc 6.7841e-01 (6.8037e-01)	Loss Pred 4.3914e-01 (4.4090e-01)	Loss TOTAL 8.3017e-01 (8.3496e-01)
Epoch: [46][120/441]	L_Src_Sup 1.3829e-01 (2.0423e-01)	L_Trg_Inj 2.1711e-01 (2.7750e-01)	Loss Disc 6.7848e-01 (6.8035e-01)	Loss Pred 4.9896e-01 (4.4208e-01)	Loss TOTAL 8.7374e-01 (8.3534e-01)
Epoch: [46][130/441]	L_Src_Sup 1.5260e-01 (2.0371e-01)	L_Trg_Inj 3.3997e-01 (2.7765e-01)	Loss Disc 6.7762e-01 (6.8026e-01)	Loss Pred 4.6547e-01 (4.4245e-01)	Loss TOTAL 8.5354e-01 (8.3620e-01)
Epoch: [46][140/441]	L_Src_Sup 2.3932e-01 (2.0524e-01)	L_Trg_Inj 3.5778e-01 (2.7705e-01)	Loss Disc 6.7486e-01 (6.8027e-01)	Loss Pred 4.5243e-01 (4.4227e-01)	Loss TOTAL 8.4957e-01 (8.3607e-01)
Epoch: [46][150/441]	L_Src_Sup 1.0089e-01 (2.0256e-01)	L_Trg_Inj 3.7171e-01 (2.7722e-01)	Loss Disc 6.7711e-01 (6.8020e-01)	Loss Pred 4.3936e-01 (4.4204e-01)	Loss TOTAL 8.2517e-01 (8.3523e-01)
Epoch: [46][160/441]	L_Src_Sup 2.7754e-01 (2.0548e-01)	L_Trg_Inj 2.6744e-01 (2.7712e-01)	Loss Disc 6.8397e-01 (6.8023e-01)	Loss Pred 4.1191e-01 (4.4181e-01)	Loss TOTAL 8.1850e-01 (8.3580e-01)
Epoch: [46][170/441]	L_Src_Sup 2.5247e-01 (2.0665e-01)	L_Trg_Inj 3.6241e-01 (2.8064e-01)	Loss Disc 6.7841e-01 (6.8018e-01)	Loss Pred 4.3953e-01 (4.4207e-01)	Loss TOTAL 8.4022e-01 (8.3660e-01)
Epoch: [46][180/441]	L_Src_Sup 2.2583e-01 (2.0712e-01)	L_Trg_Inj 2.2073e-01 (2.8311e-01)	Loss Disc 6.8643e-01 (6.8017e-01)	Loss Pred 4.0755e-01 (4.4241e-01)	Loss TOTAL 8.0052e-01 (8.3694e-01)
Epoch: [46][190/441]	L_Src_Sup 1.3560e-01 (2.0742e-01)	L_Trg_Inj 2.6660e-01 (2.8380e-01)	Loss Disc 6.7711e-01 (6.8018e-01)	Loss Pred 4.4769e-01 (4.4241e-01)	Loss TOTAL 8.2646e-01 (8.3676e-01)
Epoch: [46][200/441]	L_Src_Sup 1.6967e-01 (2.0712e-01)	L_Trg_Inj 3.1982e-01 (2.8495e-01)	Loss Disc 6.7711e-01 (6.8013e-01)	Loss Pred 4.4596e-01 (4.4240e-01)	Loss TOTAL 8.3347e-01 (8.3655e-01)
Epoch: [46][210/441]	L_Src_Sup 2.6235e-01 (2.0749e-01)	L_Trg_Inj 2.9721e-01 (2.8596e-01)	Loss Disc 6.8406e-01 (6.8017e-01)	Loss Pred 4.4047e-01 (4.4237e-01)	Loss TOTAL 8.3846e-01 (8.3658e-01)
Epoch: [46][220/441]	L_Src_Sup 9.8400e-02 (2.0763e-01)	L_Trg_Inj 2.2174e-01 (2.8539e-01)	Loss Disc 6.8387e-01 (6.8028e-01)	Loss Pred 4.2043e-01 (4.4232e-01)	Loss TOTAL 7.9438e-01 (8.3760e-01)
Epoch: [46][230/441]	L_Src_Sup 2.4383e-01 (2.0807e-01)	L_Trg_Inj 2.4234e-01 (2.8625e-01)	Loss Disc 6.8489e-01 (6.8031e-01)	Loss Pred 4.1429e-01 (4.4256e-01)	Loss TOTAL 8.0684e-01 (8.3774e-01)
Epoch: [46][240/441]	L_Src_Sup 1.6951e-01 (2.0718e-01)	L_Trg_Inj 2.9847e-01 (2.8689e-01)	Loss Disc 6.7773e-01 (6.8022e-01)	Loss Pred 4.4563e-01 (4.4315e-01)	Loss TOTAL 8.3129e-01 (8.3809e-01)
Epoch: [46][250/441]	L_Src_Sup 1.2906e-01 (2.0746e-01)	L_Trg_Inj 1.6589e-01 (2.8780e-01)	Loss Disc 6.8755e-01 (6.8027e-01)	Loss Pred 4.0740e-01 (4.4283e-01)	Loss TOTAL 7.8067e-01 (8.3781e-01)
Epoch: [46][260/441]	L_Src_Sup 1.8488e-01 (2.0746e-01)	L_Trg_Inj 2.2878e-01 (2.8841e-01)	Loss Disc 6.8149e-01 (6.8036e-01)	Loss Pred 4.5979e-01 (4.4233e-01)	Loss TOTAL 8.4190e-01 (8.3744e-01)
Epoch: [46][270/441]	L_Src_Sup 2.5618e-01 (2.0796e-01)	L_Trg_Inj 2.6403e-01 (2.9033e-01)	Loss Disc 6.8711e-01 (6.8036e-01)	Loss Pred 4.0116e-01 (4.4205e-01)	Loss TOTAL 7.9674e-01 (8.3720e-01)
Epoch: [46][280/441]	L_Src_Sup 1.1592e-01 (2.0686e-01)	L_Trg_Inj 2.5649e-01 (2.9041e-01)	Loss Disc 6.8158e-01 (6.8038e-01)	Loss Pred 4.2698e-01 (4.4202e-01)	Loss TOTAL 8.0501e-01 (8.3690e-01)
Epoch: [46][290/441]	L_Src_Sup 3.4204e-01 (2.0650e-01)	L_Trg_Inj 3.6690e-01 (2.9130e-01)	Loss Disc 6.7581e-01 (6.8033e-01)	Loss Pred 4.7325e-01 (4.4208e-01)	Loss TOTAL 8.8205e-01 (8.3718e-01)
Epoch: [46][300/441]	L_Src_Sup 2.3811e-01 (2.0658e-01)	L_Trg_Inj 3.2915e-01 (2.9104e-01)	Loss Disc 6.8699e-01 (6.8035e-01)	Loss Pred 3.9472e-01 (4.4235e-01)	Loss TOTAL 7.9494e-01 (8.3736e-01)
Epoch: [46][310/441]	L_Src_Sup 3.1668e-01 (2.0731e-01)	L_Trg_Inj 2.7963e-01 (2.9075e-01)	Loss Disc 6.8012e-01 (6.8031e-01)	Loss Pred 4.5750e-01 (4.4265e-01)	Loss TOTAL 8.9424e-01 (8.3770e-01)
Epoch: [46][320/441]	L_Src_Sup 1.6260e-01 (2.0741e-01)	L_Trg_Inj 2.3684e-01 (2.9076e-01)	Loss Disc 6.8512e-01 (6.8030e-01)	Loss Pred 4.1417e-01 (4.4250e-01)	Loss TOTAL 7.9668e-01 (8.3748e-01)
Epoch: [46][330/441]	L_Src_Sup 2.9268e-01 (2.0687e-01)	L_Trg_Inj 3.2976e-01 (2.9068e-01)	Loss Disc 6.8392e-01 (6.8033e-01)	Loss Pred 4.1386e-01 (4.4266e-01)	Loss TOTAL 8.1806e-01 (8.3746e-01)
Epoch: [46][340/441]	L_Src_Sup 8.5480e-02 (2.0628e-01)	L_Trg_Inj 3.0081e-01 (2.9079e-01)	Loss Disc 6.7658e-01 (6.8038e-01)	Loss Pred 4.5208e-01 (4.4236e-01)	Loss TOTAL 8.2899e-01 (8.3709e-01)
Epoch: [46][350/441]	L_Src_Sup 2.4564e-01 (2.0610e-01)	L_Trg_Inj 2.6090e-01 (2.9061e-01)	Loss Disc 6.7294e-01 (6.8036e-01)	Loss Pred 4.7119e-01 (4.4241e-01)	Loss TOTAL 8.5832e-01 (8.3696e-01)
Epoch: [46][360/441]	L_Src_Sup 2.0001e-01 (2.0663e-01)	L_Trg_Inj 3.3299e-01 (2.9102e-01)	Loss Disc 6.7995e-01 (6.8034e-01)	Loss Pred 4.3299e-01 (4.4266e-01)	Loss TOTAL 8.2626e-01 (8.3743e-01)
Epoch: [46][370/441]	L_Src_Sup 8.7734e-02 (2.0625e-01)	L_Trg_Inj 3.2092e-01 (2.9095e-01)	Loss Disc 6.7357e-01 (6.8036e-01)	Loss Pred 4.9172e-01 (4.4261e-01)	Loss TOTAL 8.6938e-01 (8.3726e-01)
Epoch: [46][380/441]	L_Src_Sup 2.2231e-01 (2.0708e-01)	L_Trg_Inj 3.2492e-01 (2.9098e-01)	Loss Disc 6.7742e-01 (6.8035e-01)	Loss Pred 4.7182e-01 (4.4256e-01)	Loss TOTAL 8.6526e-01 (8.3740e-01)
Epoch: [46][390/441]	L_Src_Sup 1.7244e-01 (2.0603e-01)	L_Trg_Inj 2.3965e-01 (2.9046e-01)	Loss Disc 6.7585e-01 (6.8032e-01)	Loss Pred 4.6064e-01 (4.4285e-01)	Loss TOTAL 8.3977e-01 (8.3741e-01)
Epoch: [46][400/441]	L_Src_Sup 1.5403e-01 (2.0518e-01)	L_Trg_Inj 2.4896e-01 (2.9023e-01)	Loss Disc 6.7952e-01 (6.8030e-01)	Loss Pred 4.9282e-01 (4.4291e-01)	Loss TOTAL 8.7288e-01 (8.3724e-01)
Epoch: [46][410/441]	L_Src_Sup 1.1773e-01 (2.0468e-01)	L_Trg_Inj 2.2284e-01 (2.9061e-01)	Loss Disc 6.8037e-01 (6.8033e-01)	Loss Pred 4.3946e-01 (4.4284e-01)	Loss TOTAL 8.1370e-01 (8.3708e-01)
Epoch: [46][420/441]	L_Src_Sup 1.8813e-01 (2.0469e-01)	L_Trg_Inj 3.2775e-01 (2.9089e-01)	Loss Disc 6.7597e-01 (6.8035e-01)	Loss Pred 4.5199e-01 (4.4268e-01)	Loss TOTAL 8.4156e-01 (8.3685e-01)
Epoch: [46][430/441]	L_Src_Sup 2.0209e-01 (2.0478e-01)	L_Trg_Inj 2.5860e-01 (2.8993e-01)	Loss Disc 6.8187e-01 (6.8037e-01)	Loss Pred 4.5321e-01 (4.4268e-01)	Loss TOTAL 8.4022e-01 (8.3682e-01)
Epoch: [46][440/441]	L_Src_Sup 1.3149e-01 (2.0551e-01)	L_Trg_Inj 2.6840e-01 (2.9018e-01)	Loss Disc 6.8331e-01 (6.8039e-01)	Loss Pred 4.2066e-01 (4.4282e-01)	Loss TOTAL 8.0231e-01 (8.3743e-01)
Epoch: [46][441/441]	L_Src_Sup 1.6831e-01 (2.0543e-01)	L_Trg_Inj 3.6064e-01 (2.9034e-01)	Loss Disc 6.7836e-01 (6.8038e-01)	Loss Pred 4.3918e-01 (4.4281e-01)	Loss TOTAL 8.3125e-01 (8.3742e-01)
Epoch 46 complete. Saving model state...
Epoch: [47][ 10/441]	L_Src_Sup 2.7491e-01 (1.9022e-01)	L_Trg_Inj 2.8043e-01 (3.0778e-01)	Loss Disc 6.7973e-01 (6.8249e-01)	Loss Pred 4.6163e-01 (4.3733e-01)	Loss TOTAL 8.5703e-01 (8.3035e-01)
Epoch: [47][ 20/441]	L_Src_Sup 2.6998e-01 (2.0773e-01)	L_Trg_Inj 2.8939e-01 (2.9521e-01)	Loss Disc 6.8323e-01 (6.8218e-01)	Loss Pred 4.2005e-01 (4.3862e-01)	Loss TOTAL 8.1760e-01 (8.3228e-01)
Epoch: [47][ 30/441]	L_Src_Sup 1.3114e-01 (2.0660e-01)	L_Trg_Inj 2.3842e-01 (3.1009e-01)	Loss Disc 6.8378e-01 (6.8202e-01)	Loss Pred 4.2057e-01 (4.4093e-01)	Loss TOTAL 7.9942e-01 (8.3512e-01)
Epoch: [47][ 40/441]	L_Src_Sup 1.8427e-01 (2.0685e-01)	L_Trg_Inj 3.1366e-01 (3.0786e-01)	Loss Disc 6.8276e-01 (6.8101e-01)	Loss Pred 4.1782e-01 (4.4544e-01)	Loss TOTAL 8.0899e-01 (8.4025e-01)
Epoch: [47][ 50/441]	L_Src_Sup 1.8969e-01 (2.0298e-01)	L_Trg_Inj 3.0680e-01 (3.0180e-01)	Loss Disc 6.6954e-01 (6.8064e-01)	Loss Pred 4.7502e-01 (4.4430e-01)	Loss TOTAL 8.5944e-01 (8.3737e-01)
Epoch: [47][ 60/441]	L_Src_Sup 3.0522e-01 (1.9912e-01)	L_Trg_Inj 2.6334e-01 (3.0110e-01)	Loss Disc 6.7603e-01 (6.7989e-01)	Loss Pred 4.4942e-01 (4.4616e-01)	Loss TOTAL 8.8616e-01 (8.3872e-01)
Epoch: [47][ 70/441]	L_Src_Sup 2.6448e-01 (1.9970e-01)	L_Trg_Inj 2.8070e-01 (3.0021e-01)	Loss Disc 6.8158e-01 (6.8008e-01)	Loss Pred 4.2638e-01 (4.4660e-01)	Loss TOTAL 8.2169e-01 (8.3885e-01)
Epoch: [47][ 80/441]	L_Src_Sup 1.7243e-01 (2.0063e-01)	L_Trg_Inj 2.5521e-01 (2.9653e-01)	Loss Disc 6.7777e-01 (6.8015e-01)	Loss Pred 4.9800e-01 (4.4671e-01)	Loss TOTAL 8.7965e-01 (8.3966e-01)
Epoch: [47][ 90/441]	L_Src_Sup 3.0000e-01 (2.0048e-01)	L_Trg_Inj 3.1863e-01 (2.9791e-01)	Loss Disc 6.7909e-01 (6.8002e-01)	Loss Pred 4.3332e-01 (4.4638e-01)	Loss TOTAL 8.3473e-01 (8.3918e-01)
Epoch: [47][100/441]	L_Src_Sup 1.3334e-01 (1.9877e-01)	L_Trg_Inj 2.4552e-01 (2.9613e-01)	Loss Disc 6.8074e-01 (6.8012e-01)	Loss Pred 4.3281e-01 (4.4587e-01)	Loss TOTAL 8.1106e-01 (8.3832e-01)
Epoch: [47][110/441]	L_Src_Sup 2.7872e-01 (2.0047e-01)	L_Trg_Inj 2.3988e-01 (2.9662e-01)	Loss Disc 6.8378e-01 (6.8013e-01)	Loss Pred 4.2028e-01 (4.4512e-01)	Loss TOTAL 8.5286e-01 (8.3797e-01)
Epoch: [47][120/441]	L_Src_Sup 1.8334e-01 (1.9938e-01)	L_Trg_Inj 3.5063e-01 (2.9648e-01)	Loss Disc 6.7993e-01 (6.7995e-01)	Loss Pred 4.3305e-01 (4.4618e-01)	Loss TOTAL 8.2641e-01 (8.3859e-01)
Epoch: [47][130/441]	L_Src_Sup 2.0169e-01 (1.9994e-01)	L_Trg_Inj 2.6942e-01 (2.9720e-01)	Loss Disc 6.8057e-01 (6.7994e-01)	Loss Pred 4.5948e-01 (4.4586e-01)	Loss TOTAL 8.4688e-01 (8.3817e-01)
Epoch: [47][140/441]	L_Src_Sup 2.2954e-01 (2.0067e-01)	L_Trg_Inj 2.9170e-01 (2.9600e-01)	Loss Disc 6.8287e-01 (6.8001e-01)	Loss Pred 4.2019e-01 (4.4546e-01)	Loss TOTAL 8.1375e-01 (8.3797e-01)
Epoch: [47][150/441]	L_Src_Sup 1.1673e-01 (2.0182e-01)	L_Trg_Inj 3.7133e-01 (2.9735e-01)	Loss Disc 6.7932e-01 (6.8000e-01)	Loss Pred 4.3289e-01 (4.4537e-01)	Loss TOTAL 8.2135e-01 (8.3894e-01)
Epoch: [47][160/441]	L_Src_Sup 1.8119e-01 (2.0329e-01)	L_Trg_Inj 2.6290e-01 (2.9578e-01)	Loss Disc 6.8603e-01 (6.8017e-01)	Loss Pred 4.0772e-01 (4.4472e-01)	Loss TOTAL 7.9515e-01 (8.3954e-01)
Epoch: [47][170/441]	L_Src_Sup 1.5261e-01 (2.0300e-01)	L_Trg_Inj 3.4896e-01 (2.9638e-01)	Loss Disc 6.7852e-01 (6.8009e-01)	Loss Pred 4.6589e-01 (4.4476e-01)	Loss TOTAL 8.5530e-01 (8.3942e-01)
Epoch: [47][180/441]	L_Src_Sup 3.2207e-01 (2.0163e-01)	L_Trg_Inj 2.5091e-01 (2.9637e-01)	Loss Disc 6.7973e-01 (6.8017e-01)	Loss Pred 4.6611e-01 (4.4454e-01)	Loss TOTAL 9.3444e-01 (8.3923e-01)
Epoch: [47][190/441]	L_Src_Sup 1.8338e-01 (2.0147e-01)	L_Trg_Inj 3.3718e-01 (2.9888e-01)	Loss Disc 6.8028e-01 (6.8015e-01)	Loss Pred 4.4134e-01 (4.4469e-01)	Loss TOTAL 8.3353e-01 (8.3945e-01)
Epoch: [47][200/441]	L_Src_Sup 1.0527e-01 (2.0167e-01)	L_Trg_Inj 3.1469e-01 (2.9864e-01)	Loss Disc 6.7496e-01 (6.8009e-01)	Loss Pred 5.1180e-01 (4.4496e-01)	Loss TOTAL 8.9127e-01 (8.3955e-01)
Epoch: [47][210/441]	L_Src_Sup 1.8187e-01 (2.0167e-01)	L_Trg_Inj 3.9556e-01 (3.0014e-01)	Loss Disc 6.8046e-01 (6.8017e-01)	Loss Pred 4.2654e-01 (4.4437e-01)	Loss TOTAL 8.2451e-01 (8.3919e-01)
Epoch: [47][220/441]	L_Src_Sup 2.8141e-01 (2.0127e-01)	L_Trg_Inj 2.5320e-01 (3.0109e-01)	Loss Disc 6.7975e-01 (6.8018e-01)	Loss Pred 4.4027e-01 (4.4406e-01)	Loss TOTAL 8.6181e-01 (8.3908e-01)
Epoch: [47][230/441]	L_Src_Sup 1.9054e-01 (2.0197e-01)	L_Trg_Inj 2.8593e-01 (3.0230e-01)	Loss Disc 6.8811e-01 (6.8015e-01)	Loss Pred 3.9500e-01 (4.4381e-01)	Loss TOTAL 7.8670e-01 (8.3902e-01)
Epoch: [47][240/441]	L_Src_Sup 3.5201e-01 (2.0275e-01)	L_Trg_Inj 2.5723e-01 (3.0203e-01)	Loss Disc 6.8737e-01 (6.8015e-01)	Loss Pred 4.0109e-01 (4.4387e-01)	Loss TOTAL 9.0048e-01 (8.3933e-01)
Epoch: [47][250/441]	L_Src_Sup 2.5807e-01 (2.0319e-01)	L_Trg_Inj 3.3427e-01 (3.0218e-01)	Loss Disc 6.8658e-01 (6.8012e-01)	Loss Pred 4.2793e-01 (4.4423e-01)	Loss TOTAL 8.3045e-01 (8.3957e-01)
Epoch: [47][260/441]	L_Src_Sup 1.4634e-01 (2.0342e-01)	L_Trg_Inj 2.8539e-01 (3.0204e-01)	Loss Disc 6.8441e-01 (6.8018e-01)	Loss Pred 4.1386e-01 (4.4406e-01)	Loss TOTAL 7.9924e-01 (8.3955e-01)
Epoch: [47][270/441]	L_Src_Sup 1.4878e-01 (2.0296e-01)	L_Trg_Inj 2.3903e-01 (3.0268e-01)	Loss Disc 6.8232e-01 (6.8020e-01)	Loss Pred 4.2659e-01 (4.4386e-01)	Loss TOTAL 8.0654e-01 (8.3919e-01)
Epoch: [47][280/441]	L_Src_Sup 1.9117e-01 (2.0253e-01)	L_Trg_Inj 2.2632e-01 (3.0193e-01)	Loss Disc 6.8516e-01 (6.8026e-01)	Loss Pred 4.1457e-01 (4.4374e-01)	Loss TOTAL 7.9889e-01 (8.3882e-01)
Epoch: [47][290/441]	L_Src_Sup 2.2997e-01 (2.0244e-01)	L_Trg_Inj 2.0437e-01 (3.0047e-01)	Loss Disc 6.7986e-01 (6.8020e-01)	Loss Pred 4.6604e-01 (4.4401e-01)	Loss TOTAL 8.7500e-01 (8.3924e-01)
Epoch: [47][300/441]	L_Src_Sup 8.1567e-02 (2.0324e-01)	L_Trg_Inj 3.2059e-01 (3.0053e-01)	Loss Disc 6.8375e-01 (6.8030e-01)	Loss Pred 4.1409e-01 (4.4329e-01)	Loss TOTAL 7.9618e-01 (8.3856e-01)
Epoch: [47][310/441]	L_Src_Sup 2.5248e-01 (2.0285e-01)	L_Trg_Inj 2.9859e-01 (3.0008e-01)	Loss Disc 6.7860e-01 (6.8027e-01)	Loss Pred 4.3275e-01 (4.4354e-01)	Loss TOTAL 8.2716e-01 (8.3856e-01)
Epoch: [47][320/441]	L_Src_Sup 2.9756e-01 (2.0333e-01)	L_Trg_Inj 2.8219e-01 (2.9998e-01)	Loss Disc 6.8124e-01 (6.8021e-01)	Loss Pred 4.2713e-01 (4.4371e-01)	Loss TOTAL 8.4109e-01 (8.3866e-01)
Epoch: [47][330/441]	L_Src_Sup 1.2735e-01 (2.0348e-01)	L_Trg_Inj 3.2165e-01 (3.0040e-01)	Loss Disc 6.6709e-01 (6.8016e-01)	Loss Pred 4.9666e-01 (4.4392e-01)	Loss TOTAL 8.7511e-01 (8.3878e-01)
Epoch: [47][340/441]	L_Src_Sup 2.6246e-01 (2.0320e-01)	L_Trg_Inj 4.1494e-01 (3.0083e-01)	Loss Disc 6.7985e-01 (6.8019e-01)	Loss Pred 4.2389e-01 (4.4356e-01)	Loss TOTAL 8.3156e-01 (8.3837e-01)
Epoch: [47][350/441]	L_Src_Sup 1.5519e-01 (2.0292e-01)	L_Trg_Inj 3.0938e-01 (3.0196e-01)	Loss Disc 6.7599e-01 (6.8018e-01)	Loss Pred 4.7865e-01 (4.4374e-01)	Loss TOTAL 8.6310e-01 (8.3851e-01)
Epoch: [47][360/441]	L_Src_Sup 2.1142e-01 (2.0221e-01)	L_Trg_Inj 3.2674e-01 (3.0178e-01)	Loss Disc 6.8324e-01 (6.8020e-01)	Loss Pred 4.1387e-01 (4.4351e-01)	Loss TOTAL 8.0931e-01 (8.3810e-01)
Epoch: [47][370/441]	L_Src_Sup 1.4286e-01 (2.0221e-01)	L_Trg_Inj 2.4604e-01 (3.0118e-01)	Loss Disc 6.8790e-01 (6.8019e-01)	Loss Pred 3.9491e-01 (4.4339e-01)	Loss TOTAL 7.7775e-01 (8.3781e-01)
Epoch: [47][380/441]	L_Src_Sup 1.9360e-01 (2.0159e-01)	L_Trg_Inj 3.1318e-01 (2.9990e-01)	Loss Disc 6.8550e-01 (6.8023e-01)	Loss Pred 4.2784e-01 (4.4328e-01)	Loss TOTAL 8.2126e-01 (8.3772e-01)
Epoch: [47][390/441]	L_Src_Sup 1.8058e-01 (2.0165e-01)	L_Trg_Inj 2.7247e-01 (2.9905e-01)	Loss Disc 6.8416e-01 (6.8027e-01)	Loss Pred 4.1414e-01 (4.4307e-01)	Loss TOTAL 8.0153e-01 (8.3752e-01)
Epoch: [47][400/441]	L_Src_Sup 3.3777e-01 (2.0205e-01)	L_Trg_Inj 3.0435e-01 (2.9902e-01)	Loss Disc 6.7822e-01 (6.8026e-01)	Loss Pred 4.3937e-01 (4.4310e-01)	Loss TOTAL 8.7612e-01 (8.3774e-01)
Epoch: [47][410/441]	L_Src_Sup 2.3148e-01 (2.0252e-01)	L_Trg_Inj 3.5773e-01 (2.9867e-01)	Loss Disc 6.8082e-01 (6.8029e-01)	Loss Pred 4.2642e-01 (4.4312e-01)	Loss TOTAL 8.2575e-01 (8.3786e-01)
Epoch: [47][420/441]	L_Src_Sup 1.6950e-01 (2.0255e-01)	L_Trg_Inj 2.2047e-01 (2.9877e-01)	Loss Disc 6.7891e-01 (6.8027e-01)	Loss Pred 4.4544e-01 (4.4305e-01)	Loss TOTAL 8.2389e-01 (8.3781e-01)
Epoch: [47][430/441]	L_Src_Sup 1.4635e-01 (2.0210e-01)	L_Trg_Inj 2.9998e-01 (2.9818e-01)	Loss Disc 6.8559e-01 (6.8031e-01)	Loss Pred 4.3425e-01 (4.4299e-01)	Loss TOTAL 8.2168e-01 (8.3755e-01)
Epoch: [47][440/441]	L_Src_Sup 2.3729e-01 (2.0233e-01)	L_Trg_Inj 2.8018e-01 (2.9788e-01)	Loss Disc 6.7924e-01 (6.8031e-01)	Loss Pred 4.6599e-01 (4.4292e-01)	Loss TOTAL 8.5735e-01 (8.3744e-01)
Epoch: [47][441/441]	L_Src_Sup 1.8644e-01 (2.0230e-01)	L_Trg_Inj 2.9897e-01 (2.9788e-01)	Loss Disc 6.7776e-01 (6.8030e-01)	Loss Pred 4.4571e-01 (4.4292e-01)	Loss TOTAL 8.3313e-01 (8.3743e-01)
Epoch 47 complete. Saving model state...
Epoch: [48][ 10/441]	L_Src_Sup 1.1391e-01 (1.9187e-01)	L_Trg_Inj 3.3614e-01 (2.8713e-01)	Loss Disc 6.8616e-01 (6.7970e-01)	Loss Pred 4.5404e-01 (4.4676e-01)	Loss TOTAL 8.4212e-01 (8.3451e-01)
Epoch: [48][ 20/441]	L_Src_Sup 2.3316e-01 (2.0444e-01)	L_Trg_Inj 4.4973e-01 (2.8389e-01)	Loss Disc 6.7913e-01 (6.8092e-01)	Loss Pred 4.3015e-01 (4.3802e-01)	Loss TOTAL 8.3801e-01 (8.3472e-01)
Epoch: [48][ 30/441]	L_Src_Sup 2.4599e-01 (2.0304e-01)	L_Trg_Inj 2.5929e-01 (2.8601e-01)	Loss Disc 6.8455e-01 (6.8079e-01)	Loss Pred 4.3802e-01 (4.4157e-01)	Loss TOTAL 8.3082e-01 (8.3581e-01)
Epoch: [48][ 40/441]	L_Src_Sup 1.8045e-01 (2.0557e-01)	L_Trg_Inj 3.3403e-01 (2.8318e-01)	Loss Disc 6.8192e-01 (6.8029e-01)	Loss Pred 4.2025e-01 (4.4078e-01)	Loss TOTAL 8.1266e-01 (8.3487e-01)
Epoch: [48][ 50/441]	L_Src_Sup 1.7886e-01 (2.0366e-01)	L_Trg_Inj 2.4718e-01 (2.8581e-01)	Loss Disc 6.8462e-01 (6.8047e-01)	Loss Pred 4.1380e-01 (4.3954e-01)	Loss TOTAL 7.9871e-01 (8.3277e-01)
Epoch: [48][ 60/441]	L_Src_Sup 2.4336e-01 (2.0586e-01)	L_Trg_Inj 2.1016e-01 (2.8544e-01)	Loss Disc 6.8437e-01 (6.8057e-01)	Loss Pred 4.1565e-01 (4.3986e-01)	Loss TOTAL 8.3639e-01 (8.3457e-01)
Epoch: [48][ 70/441]	L_Src_Sup 3.3338e-02 (2.0169e-01)	L_Trg_Inj 3.3026e-01 (2.8979e-01)	Loss Disc 6.7985e-01 (6.8057e-01)	Loss Pred 4.3311e-01 (4.3970e-01)	Loss TOTAL 8.0940e-01 (8.3367e-01)
Epoch: [48][ 80/441]	L_Src_Sup 2.1494e-01 (2.0304e-01)	L_Trg_Inj 3.2656e-01 (2.9907e-01)	Loss Disc 6.8121e-01 (6.8059e-01)	Loss Pred 4.2653e-01 (4.3862e-01)	Loss TOTAL 8.2129e-01 (8.3310e-01)
Epoch: [48][ 90/441]	L_Src_Sup 1.7733e-01 (2.0217e-01)	L_Trg_Inj 2.7671e-01 (2.9646e-01)	Loss Disc 6.8562e-01 (6.8071e-01)	Loss Pred 4.0726e-01 (4.3820e-01)	Loss TOTAL 7.9548e-01 (8.3206e-01)
Epoch: [48][100/441]	L_Src_Sup 1.7094e-01 (2.0119e-01)	L_Trg_Inj 2.3620e-01 (2.9166e-01)	Loss Disc 6.7674e-01 (6.8043e-01)	Loss Pred 4.5185e-01 (4.4013e-01)	Loss TOTAL 8.3093e-01 (8.3292e-01)
Epoch: [48][110/441]	L_Src_Sup 2.1668e-01 (2.0274e-01)	L_Trg_Inj 2.5038e-01 (2.9482e-01)	Loss Disc 6.8111e-01 (6.8049e-01)	Loss Pred 4.3252e-01 (4.4007e-01)	Loss TOTAL 8.1978e-01 (8.3358e-01)
Epoch: [48][120/441]	L_Src_Sup 2.1849e-01 (2.0270e-01)	L_Trg_Inj 3.4939e-01 (2.9286e-01)	Loss Disc 6.7831e-01 (6.8050e-01)	Loss Pred 4.3950e-01 (4.3992e-01)	Loss TOTAL 8.3544e-01 (8.3346e-01)
Epoch: [48][130/441]	L_Src_Sup 2.2949e-01 (2.0380e-01)	L_Trg_Inj 3.0521e-01 (2.9301e-01)	Loss Disc 6.7633e-01 (6.8056e-01)	Loss Pred 4.5206e-01 (4.3975e-01)	Loss TOTAL 8.4369e-01 (8.3353e-01)
Epoch: [48][140/441]	L_Src_Sup 1.7393e-01 (2.0282e-01)	L_Trg_Inj 2.5939e-01 (2.9395e-01)	Loss Disc 6.7476e-01 (6.8044e-01)	Loss Pred 4.6496e-01 (4.4029e-01)	Loss TOTAL 8.4567e-01 (8.3385e-01)
Epoch: [48][150/441]	L_Src_Sup 1.9835e-01 (2.0366e-01)	L_Trg_Inj 2.8681e-01 (2.9444e-01)	Loss Disc 6.8134e-01 (6.8039e-01)	Loss Pred 4.2697e-01 (4.4095e-01)	Loss TOTAL 8.1615e-01 (8.3439e-01)
Epoch: [48][160/441]	L_Src_Sup 1.8334e-01 (2.0260e-01)	L_Trg_Inj 2.4938e-01 (2.9354e-01)	Loss Disc 6.8178e-01 (6.8027e-01)	Loss Pred 4.5334e-01 (4.4184e-01)	Loss TOTAL 8.3750e-01 (8.3481e-01)
Epoch: [48][170/441]	L_Src_Sup 1.9303e-01 (2.0171e-01)	L_Trg_Inj 3.2959e-01 (2.9389e-01)	Loss Disc 6.7274e-01 (6.8017e-01)	Loss Pred 4.9145e-01 (4.4262e-01)	Loss TOTAL 8.8008e-01 (8.3529e-01)
Epoch: [48][180/441]	L_Src_Sup 1.8806e-01 (2.0216e-01)	L_Trg_Inj 2.5220e-01 (2.9397e-01)	Loss Disc 6.7693e-01 (6.8027e-01)	Loss Pred 4.5193e-01 (4.4194e-01)	Loss TOTAL 8.3442e-01 (8.3486e-01)
Epoch: [48][190/441]	L_Src_Sup 2.4482e-01 (2.0270e-01)	L_Trg_Inj 2.4672e-01 (2.9154e-01)	Loss Disc 6.8456e-01 (6.8029e-01)	Loss Pred 4.1373e-01 (4.4154e-01)	Loss TOTAL 8.0517e-01 (8.3456e-01)
Epoch: [48][200/441]	L_Src_Sup 1.6270e-01 (2.0275e-01)	L_Trg_Inj 3.5007e-01 (2.9174e-01)	Loss Disc 6.8449e-01 (6.8031e-01)	Loss Pred 4.3407e-01 (4.4128e-01)	Loss TOTAL 8.2759e-01 (8.3422e-01)
Epoch: [48][210/441]	L_Src_Sup 2.6019e-01 (2.0234e-01)	L_Trg_Inj 2.5109e-01 (2.9258e-01)	Loss Disc 6.8586e-01 (6.8035e-01)	Loss Pred 4.3444e-01 (4.4109e-01)	Loss TOTAL 8.3760e-01 (8.3401e-01)
Epoch: [48][220/441]	L_Src_Sup 1.1966e-01 (2.0106e-01)	L_Trg_Inj 3.7710e-01 (2.9399e-01)	Loss Disc 6.7501e-01 (6.8035e-01)	Loss Pred 4.5225e-01 (4.4106e-01)	Loss TOTAL 8.3943e-01 (8.3385e-01)
Epoch: [48][230/441]	L_Src_Sup 2.5642e-01 (2.0064e-01)	L_Trg_Inj 2.8303e-01 (2.9375e-01)	Loss Disc 6.7745e-01 (6.8034e-01)	Loss Pred 4.7226e-01 (4.4120e-01)	Loss TOTAL 8.6494e-01 (8.3378e-01)
Epoch: [48][240/441]	L_Src_Sup 2.3142e-01 (2.0025e-01)	L_Trg_Inj 2.1108e-01 (2.9331e-01)	Loss Disc 6.8251e-01 (6.8032e-01)	Loss Pred 4.2669e-01 (4.4126e-01)	Loss TOTAL 8.3253e-01 (8.3375e-01)
Epoch: [48][250/441]	L_Src_Sup 2.1312e-01 (1.9985e-01)	L_Trg_Inj 3.0020e-01 (2.9400e-01)	Loss Disc 6.8264e-01 (6.8032e-01)	Loss Pred 4.2010e-01 (4.4117e-01)	Loss TOTAL 8.1276e-01 (8.3357e-01)
Epoch: [48][260/441]	L_Src_Sup 1.9471e-01 (1.9966e-01)	L_Trg_Inj 3.1171e-01 (2.9337e-01)	Loss Disc 6.7022e-01 (6.8029e-01)	Loss Pred 4.7738e-01 (4.4155e-01)	Loss TOTAL 8.6313e-01 (8.3374e-01)
Epoch: [48][270/441]	L_Src_Sup 2.4864e-01 (1.9937e-01)	L_Trg_Inj 2.9633e-01 (2.9291e-01)	Loss Disc 6.7972e-01 (6.8025e-01)	Loss Pred 4.3475e-01 (4.4154e-01)	Loss TOTAL 8.2911e-01 (8.3353e-01)
Epoch: [48][280/441]	L_Src_Sup 2.7646e-01 (1.9945e-01)	L_Trg_Inj 2.8398e-01 (2.9107e-01)	Loss Disc 6.8415e-01 (6.8034e-01)	Loss Pred 4.1456e-01 (4.4188e-01)	Loss TOTAL 8.1267e-01 (8.3427e-01)
Epoch: [48][290/441]	L_Src_Sup 2.0355e-01 (1.9955e-01)	L_Trg_Inj 3.2316e-01 (2.8975e-01)	Loss Disc 6.7879e-01 (6.8031e-01)	Loss Pred 4.6388e-01 (4.4240e-01)	Loss TOTAL 8.5595e-01 (8.3479e-01)
Epoch: [48][300/441]	L_Src_Sup 1.6668e-01 (2.0006e-01)	L_Trg_Inj 2.5939e-01 (2.8982e-01)	Loss Disc 6.7941e-01 (6.8032e-01)	Loss Pred 4.3516e-01 (4.4209e-01)	Loss TOTAL 8.1747e-01 (8.3443e-01)
Epoch: [48][310/441]	L_Src_Sup 2.1849e-01 (2.0039e-01)	L_Trg_Inj 3.3384e-01 (2.8910e-01)	Loss Disc 6.7961e-01 (6.8033e-01)	Loss Pred 4.5934e-01 (4.4234e-01)	Loss TOTAL 8.5438e-01 (8.3475e-01)
Epoch: [48][320/441]	L_Src_Sup 8.4040e-02 (2.0052e-01)	L_Trg_Inj 2.6444e-01 (2.8903e-01)	Loss Disc 6.8047e-01 (6.8031e-01)	Loss Pred 4.6432e-01 (4.4264e-01)	Loss TOTAL 8.3941e-01 (8.3504e-01)
Epoch: [48][330/441]	L_Src_Sup 2.4596e-01 (2.0032e-01)	L_Trg_Inj 3.0044e-01 (2.8907e-01)	Loss Disc 6.8262e-01 (6.8026e-01)	Loss Pred 4.2001e-01 (4.4283e-01)	Loss TOTAL 8.1596e-01 (8.3520e-01)
Epoch: [48][340/441]	L_Src_Sup 1.7461e-01 (1.9983e-01)	L_Trg_Inj 2.2729e-01 (2.8900e-01)	Loss Disc 6.8858e-01 (6.8031e-01)	Loss Pred 3.9519e-01 (4.4289e-01)	Loss TOTAL 7.7967e-01 (8.3531e-01)
Epoch: [48][350/441]	L_Src_Sup 1.3913e-01 (1.9884e-01)	L_Trg_Inj 2.8013e-01 (2.8954e-01)	Loss Disc 6.7542e-01 (6.8031e-01)	Loss Pred 4.8509e-01 (4.4273e-01)	Loss TOTAL 8.6473e-01 (8.3501e-01)
Epoch: [48][360/441]	L_Src_Sup 2.0592e-01 (1.9854e-01)	L_Trg_Inj 3.7803e-01 (2.8945e-01)	Loss Disc 6.7616e-01 (6.8027e-01)	Loss Pred 4.4566e-01 (4.4289e-01)	Loss TOTAL 8.4214e-01 (8.3503e-01)
Epoch: [48][370/441]	L_Src_Sup 2.5209e-01 (1.9877e-01)	L_Trg_Inj 3.7845e-01 (2.8991e-01)	Loss Disc 6.7306e-01 (6.8025e-01)	Loss Pred 4.5825e-01 (4.4288e-01)	Loss TOTAL 8.5783e-01 (8.3499e-01)
Epoch: [48][380/441]	L_Src_Sup 2.5429e-01 (1.9885e-01)	L_Trg_Inj 2.4023e-01 (2.8951e-01)	Loss Disc 6.7950e-01 (6.8026e-01)	Loss Pred 4.6600e-01 (4.4287e-01)	Loss TOTAL 8.6927e-01 (8.3501e-01)
Epoch: [48][390/441]	L_Src_Sup 1.5448e-01 (1.9919e-01)	L_Trg_Inj 2.8975e-01 (2.8921e-01)	Loss Disc 6.8272e-01 (6.8022e-01)	Loss Pred 4.2055e-01 (4.4346e-01)	Loss TOTAL 8.0634e-01 (8.3562e-01)
Epoch: [48][400/441]	L_Src_Sup 2.0180e-01 (1.9887e-01)	L_Trg_Inj 2.3474e-01 (2.8943e-01)	Loss Disc 6.7981e-01 (6.8021e-01)	Loss Pred 4.3957e-01 (4.4329e-01)	Loss TOTAL 8.2312e-01 (8.3554e-01)
Epoch: [48][410/441]	L_Src_Sup 8.7728e-02 (1.9844e-01)	L_Trg_Inj 2.9643e-01 (2.8929e-01)	Loss Disc 6.7343e-01 (6.8023e-01)	Loss Pred 4.9176e-01 (4.4319e-01)	Loss TOTAL 8.6689e-01 (8.3531e-01)
Epoch: [48][420/441]	L_Src_Sup 2.5867e-01 (1.9843e-01)	L_Trg_Inj 2.1387e-01 (2.8866e-01)	Loss Disc 6.7723e-01 (6.8026e-01)	Loss Pred 4.7880e-01 (4.4291e-01)	Loss TOTAL 9.0947e-01 (8.3503e-01)
Epoch: [48][430/441]	L_Src_Sup 2.1867e-01 (1.9916e-01)	L_Trg_Inj 2.9765e-01 (2.8923e-01)	Loss Disc 6.8010e-01 (6.8026e-01)	Loss Pred 4.5984e-01 (4.4299e-01)	Loss TOTAL 8.5152e-01 (8.3525e-01)
Epoch: [48][440/441]	L_Src_Sup 1.8350e-01 (1.9892e-01)	L_Trg_Inj 3.3911e-01 (2.8888e-01)	Loss Disc 6.7958e-01 (6.8030e-01)	Loss Pred 4.3313e-01 (4.4278e-01)	Loss TOTAL 8.2518e-01 (8.3506e-01)
Epoch: [48][441/441]	L_Src_Sup 1.8813e-01 (1.9890e-01)	L_Trg_Inj 2.0486e-01 (2.8869e-01)	Loss Disc 6.7756e-01 (6.8029e-01)	Loss Pred 4.5180e-01 (4.4280e-01)	Loss TOTAL 8.2988e-01 (8.3505e-01)
Epoch 48 complete. Saving model state...
Epoch: [49][ 10/441]	L_Src_Sup 1.6394e-01 (1.9452e-01)	L_Trg_Inj 2.4260e-01 (3.0594e-01)	Loss Disc 6.8483e-01 (6.8075e-01)	Loss Pred 4.4076e-01 (4.5295e-01)	Loss TOTAL 8.2384e-01 (8.4437e-01)
Epoch: [49][ 20/441]	L_Src_Sup 2.5007e-01 (1.9547e-01)	L_Trg_Inj 2.9371e-01 (3.0749e-01)	Loss Disc 6.8019e-01 (6.8038e-01)	Loss Pred 4.3311e-01 (4.4949e-01)	Loss TOTAL 8.2758e-01 (8.4168e-01)
Epoch: [49][ 30/441]	L_Src_Sup 1.8966e-01 (2.0102e-01)	L_Trg_Inj 3.8688e-01 (3.0647e-01)	Loss Disc 6.7466e-01 (6.8003e-01)	Loss Pred 4.7879e-01 (4.4933e-01)	Loss TOTAL 8.7377e-01 (8.4123e-01)
Epoch: [49][ 40/441]	L_Src_Sup 1.5255e-01 (1.9810e-01)	L_Trg_Inj 2.4262e-01 (2.9939e-01)	Loss Disc 6.7993e-01 (6.8038e-01)	Loss Pred 4.6603e-01 (4.4631e-01)	Loss TOTAL 8.4551e-01 (8.3782e-01)
Epoch: [49][ 50/441]	L_Src_Sup 2.0211e-01 (1.9606e-01)	L_Trg_Inj 2.9599e-01 (2.9297e-01)	Loss Disc 6.7855e-01 (6.8025e-01)	Loss Pred 4.3911e-01 (4.4521e-01)	Loss TOTAL 8.2819e-01 (8.3715e-01)
Epoch: [49][ 60/441]	L_Src_Sup 2.8331e-01 (2.0181e-01)	L_Trg_Inj 2.4806e-01 (2.9069e-01)	Loss Disc 6.8235e-01 (6.8007e-01)	Loss Pred 4.5328e-01 (4.4612e-01)	Loss TOTAL 8.8285e-01 (8.4041e-01)
Epoch: [49][ 70/441]	L_Src_Sup 1.9276e-01 (2.0336e-01)	L_Trg_Inj 3.9336e-01 (2.9426e-01)	Loss Disc 6.7651e-01 (6.8015e-01)	Loss Pred 4.7216e-01 (4.4617e-01)	Loss TOTAL 8.6902e-01 (8.4130e-01)
Epoch: [49][ 80/441]	L_Src_Sup 1.3560e-01 (2.0211e-01)	L_Trg_Inj 3.5650e-01 (2.9614e-01)	Loss Disc 6.7699e-01 (6.8025e-01)	Loss Pred 4.4544e-01 (4.4543e-01)	Loss TOTAL 8.3315e-01 (8.4001e-01)
Epoch: [49][ 90/441]	L_Src_Sup 1.9132e-01 (2.0228e-01)	L_Trg_Inj 2.1213e-01 (2.9284e-01)	Loss Disc 6.7474e-01 (6.8019e-01)	Loss Pred 4.6464e-01 (4.4539e-01)	Loss TOTAL 8.4236e-01 (8.3937e-01)
Epoch: [49][100/441]	L_Src_Sup 2.7911e-01 (2.0576e-01)	L_Trg_Inj 2.6838e-01 (2.9159e-01)	Loss Disc 6.7036e-01 (6.8020e-01)	Loss Pred 4.8395e-01 (4.4504e-01)	Loss TOTAL 8.8461e-01 (8.4083e-01)
Epoch: [49][110/441]	L_Src_Sup 2.0134e-01 (2.0959e-01)	L_Trg_Inj 3.0158e-01 (2.9623e-01)	Loss Disc 6.7956e-01 (6.8025e-01)	Loss Pred 4.3982e-01 (4.4425e-01)	Loss TOTAL 8.2989e-01 (8.4061e-01)
Epoch: [49][120/441]	L_Src_Sup 1.7126e-01 (2.0753e-01)	L_Trg_Inj 2.5796e-01 (2.9935e-01)	Loss Disc 6.7755e-01 (6.8028e-01)	Loss Pred 4.5191e-01 (4.4467e-01)	Loss TOTAL 8.3360e-01 (8.4101e-01)
Epoch: [49][130/441]	L_Src_Sup 1.9678e-01 (2.0648e-01)	L_Trg_Inj 2.9602e-01 (3.0129e-01)	Loss Disc 6.8417e-01 (6.8042e-01)	Loss Pred 4.3889e-01 (4.4400e-01)	Loss TOTAL 8.3025e-01 (8.4007e-01)
Epoch: [49][140/441]	L_Src_Sup 2.0039e-01 (2.0437e-01)	L_Trg_Inj 3.2882e-01 (3.0055e-01)	Loss Disc 6.8002e-01 (6.8034e-01)	Loss Pred 4.3297e-01 (4.4381e-01)	Loss TOTAL 8.2590e-01 (8.3932e-01)
Epoch: [49][150/441]	L_Src_Sup 2.6470e-01 (2.0349e-01)	L_Trg_Inj 2.6861e-01 (3.0447e-01)	Loss Disc 6.8228e-01 (6.8025e-01)	Loss Pred 4.2686e-01 (4.4426e-01)	Loss TOTAL 8.2134e-01 (8.3971e-01)
Epoch: [49][160/441]	L_Src_Sup 1.3449e-01 (2.0325e-01)	L_Trg_Inj 3.7100e-01 (3.0401e-01)	Loss Disc 6.7802e-01 (6.8025e-01)	Loss Pred 4.3925e-01 (4.4368e-01)	Loss TOTAL 8.2881e-01 (8.3924e-01)
Epoch: [49][170/441]	L_Src_Sup 2.3347e-01 (2.0381e-01)	L_Trg_Inj 3.1355e-01 (3.0443e-01)	Loss Disc 6.8113e-01 (6.8030e-01)	Loss Pred 4.5312e-01 (4.4345e-01)	Loss TOTAL 8.4839e-01 (8.3916e-01)
Epoch: [49][180/441]	L_Src_Sup 1.6529e-01 (2.0296e-01)	L_Trg_Inj 2.6347e-01 (3.0428e-01)	Loss Disc 6.8196e-01 (6.8039e-01)	Loss Pred 4.2666e-01 (4.4307e-01)	Loss TOTAL 8.1052e-01 (8.3847e-01)
Epoch: [49][190/441]	L_Src_Sup 1.5879e-01 (2.0194e-01)	L_Trg_Inj 2.7624e-01 (3.0116e-01)	Loss Disc 6.8856e-01 (6.8047e-01)	Loss Pred 3.9483e-01 (4.4245e-01)	Loss TOTAL 7.8262e-01 (8.3841e-01)
Epoch: [49][200/441]	L_Src_Sup 2.4797e-01 (2.0110e-01)	L_Trg_Inj 3.2692e-01 (3.0121e-01)	Loss Disc 6.8133e-01 (6.8039e-01)	Loss Pred 4.2661e-01 (4.4299e-01)	Loss TOTAL 8.2476e-01 (8.3856e-01)
Epoch: [49][210/441]	L_Src_Sup 1.2183e-01 (2.0092e-01)	L_Trg_Inj 2.9522e-01 (3.0142e-01)	Loss Disc 6.7255e-01 (6.8038e-01)	Loss Pred 4.6710e-01 (4.4315e-01)	Loss TOTAL 8.4508e-01 (8.3853e-01)
Epoch: [49][220/441]	L_Src_Sup 1.3226e-01 (2.0165e-01)	L_Trg_Inj 2.4420e-01 (3.0093e-01)	Loss Disc 6.8127e-01 (6.8043e-01)	Loss Pred 4.2922e-01 (4.4291e-01)	Loss TOTAL 8.0751e-01 (8.3860e-01)
Epoch: [49][230/441]	L_Src_Sup 1.8759e-01 (2.0079e-01)	L_Trg_Inj 4.0308e-01 (3.0103e-01)	Loss Disc 6.7974e-01 (6.8041e-01)	Loss Pred 5.0548e-01 (4.4310e-01)	Loss TOTAL 9.0441e-01 (8.3853e-01)
Epoch: [49][240/441]	L_Src_Sup 2.0001e-01 (2.0008e-01)	L_Trg_Inj 3.4143e-01 (3.0086e-01)	Loss Disc 6.7929e-01 (6.8046e-01)	Loss Pred 4.3294e-01 (4.4263e-01)	Loss TOTAL 8.2673e-01 (8.3778e-01)
Epoch: [49][250/441]	L_Src_Sup 1.5517e-01 (1.9945e-01)	L_Trg_Inj 2.5040e-01 (3.0062e-01)	Loss Disc 6.7333e-01 (6.8043e-01)	Loss Pred 4.8863e-01 (4.4289e-01)	Loss TOTAL 8.6586e-01 (8.3776e-01)
Epoch: [49][260/441]	L_Src_Sup 1.4875e-01 (1.9960e-01)	L_Trg_Inj 2.9826e-01 (2.9968e-01)	Loss Disc 6.7814e-01 (6.8034e-01)	Loss Pred 4.3580e-01 (4.4288e-01)	Loss TOTAL 8.1957e-01 (8.3761e-01)
Epoch: [49][270/441]	L_Src_Sup 2.6773e-01 (1.9972e-01)	L_Trg_Inj 3.1164e-01 (2.9986e-01)	Loss Disc 6.8928e-01 (6.8033e-01)	Loss Pred 3.8841e-01 (4.4283e-01)	Loss TOTAL 7.9098e-01 (8.3746e-01)
Epoch: [49][280/441]	L_Src_Sup 1.8033e-01 (1.9931e-01)	L_Trg_Inj 3.0983e-01 (3.0105e-01)	Loss Disc 6.8259e-01 (6.8030e-01)	Loss Pred 4.1981e-01 (4.4281e-01)	Loss TOTAL 8.1013e-01 (8.3734e-01)
Epoch: [49][290/441]	L_Src_Sup 2.2223e-01 (1.9948e-01)	L_Trg_Inj 2.9674e-01 (3.0030e-01)	Loss Disc 6.8782e-01 (6.8029e-01)	Loss Pred 3.9450e-01 (4.4284e-01)	Loss TOTAL 7.9030e-01 (8.3715e-01)
Epoch: [49][300/441]	L_Src_Sup 1.8807e-01 (2.0009e-01)	L_Trg_Inj 3.1048e-01 (3.0068e-01)	Loss Disc 6.7635e-01 (6.8028e-01)	Loss Pred 4.5190e-01 (4.4338e-01)	Loss TOTAL 8.3993e-01 (8.3812e-01)
Epoch: [49][310/441]	L_Src_Sup 2.2196e-01 (1.9981e-01)	L_Trg_Inj 1.8298e-01 (2.9962e-01)	Loss Disc 6.8445e-01 (6.8032e-01)	Loss Pred 4.2032e-01 (4.4319e-01)	Loss TOTAL 8.4202e-01 (8.3789e-01)
Epoch: [49][320/441]	L_Src_Sup 1.9843e-01 (2.0080e-01)	L_Trg_Inj 2.9435e-01 (3.0037e-01)	Loss Disc 6.8224e-01 (6.8028e-01)	Loss Pred 4.4699e-01 (4.4324e-01)	Loss TOTAL 8.3739e-01 (8.3801e-01)
Epoch: [49][330/441]	L_Src_Sup 1.1865e-01 (2.0104e-01)	L_Trg_Inj 2.7913e-01 (2.9992e-01)	Loss Disc 6.7905e-01 (6.8028e-01)	Loss Pred 4.6614e-01 (4.4303e-01)	Loss TOTAL 8.4544e-01 (8.3806e-01)
Epoch: [49][340/441]	L_Src_Sup 2.0133e-01 (2.0145e-01)	L_Trg_Inj 2.8800e-01 (3.0015e-01)	Loss Disc 6.8065e-01 (6.8026e-01)	Loss Pred 4.3977e-01 (4.4318e-01)	Loss TOTAL 8.2903e-01 (8.3834e-01)
Epoch: [49][350/441]	L_Src_Sup 1.9126e-01 (2.0148e-01)	L_Trg_Inj 2.1639e-01 (2.9983e-01)	Loss Disc 6.9277e-01 (6.8033e-01)	Loss Pred 4.2760e-01 (4.4314e-01)	Loss TOTAL 8.1475e-01 (8.3817e-01)
Epoch: [49][360/441]	L_Src_Sup 1.3179e-01 (2.0081e-01)	L_Trg_Inj 1.8092e-01 (2.9920e-01)	Loss Disc 6.8755e-01 (6.8059e-01)	Loss Pred 4.2034e-01 (4.4290e-01)	Loss TOTAL 7.9539e-01 (8.3780e-01)
Epoch: [49][370/441]	L_Src_Sup 2.0011e-01 (2.0087e-01)	L_Trg_Inj 1.9411e-01 (2.9781e-01)	Loss Disc 6.9482e-01 (6.8090e-01)	Loss Pred 4.5340e-01 (4.4305e-01)	Loss TOTAL 8.4623e-01 (8.3793e-01)
Epoch: [49][380/441]	L_Src_Sup 1.7604e-01 (2.0071e-01)	L_Trg_Inj 2.9764e-01 (2.9748e-01)	Loss Disc 6.8807e-01 (6.8114e-01)	Loss Pred 4.0221e-01 (4.4299e-01)	Loss TOTAL 7.9361e-01 (8.3796e-01)
Epoch: [49][390/441]	L_Src_Sup 1.8042e-01 (2.0045e-01)	L_Trg_Inj 2.1710e-01 (2.9737e-01)	Loss Disc 6.9168e-01 (6.8137e-01)	Loss Pred 4.2033e-01 (4.4263e-01)	Loss TOTAL 8.0592e-01 (8.3757e-01)
Epoch: [49][400/441]	L_Src_Sup 2.6450e-01 (2.0013e-01)	L_Trg_Inj 3.6185e-01 (2.9701e-01)	Loss Disc 6.8853e-01 (6.8154e-01)	Loss Pred 4.3612e-01 (4.4282e-01)	Loss TOTAL 8.4302e-01 (8.3776e-01)
Epoch: [49][410/441]	L_Src_Sup 1.6846e-01 (1.9969e-01)	L_Trg_Inj 2.8228e-01 (2.9661e-01)	Loss Disc 6.8807e-01 (6.8180e-01)	Loss Pred 4.4529e-01 (4.4303e-01)	Loss TOTAL 8.3440e-01 (8.3791e-01)
Epoch: [49][420/441]	L_Src_Sup 1.1777e-01 (1.9914e-01)	L_Trg_Inj 2.0220e-01 (2.9553e-01)	Loss Disc 6.9039e-01 (6.8198e-01)	Loss Pred 4.4032e-01 (4.4315e-01)	Loss TOTAL 8.1751e-01 (8.3802e-01)
Epoch: [49][430/441]	L_Src_Sup 2.7146e-01 (1.9944e-01)	L_Trg_Inj 3.3711e-01 (2.9505e-01)	Loss Disc 6.8846e-01 (6.8217e-01)	Loss Pred 4.4582e-01 (4.4316e-01)	Loss TOTAL 8.5090e-01 (8.3845e-01)
Epoch: [49][440/441]	L_Src_Sup 2.2393e-01 (2.0067e-01)	L_Trg_Inj 3.1946e-01 (2.9575e-01)	Loss Disc 6.8842e-01 (6.8234e-01)	Loss Pred 4.0254e-01 (4.4289e-01)	Loss TOTAL 8.0109e-01 (8.3875e-01)
Epoch: [49][441/441]	L_Src_Sup 2.3174e-01 (2.0074e-01)	L_Trg_Inj 3.3453e-01 (2.9584e-01)	Loss Disc 6.8901e-01 (6.8236e-01)	Loss Pred 4.4703e-01 (4.4290e-01)	Loss TOTAL 8.4817e-01 (8.3877e-01)
Epoch 49 complete. Saving model state...
