Using device: cuda
Loading Source Train...
Using Mean/Std calculated from Source Train (mean[0]=22.219199755650582, std[0]=1.4933710387550707)
Loading Target Train...
Epoch: [0][ 10/140]	L_Src_Sup 1.1502e+00 (1.8530e+00)	L_Trg_Inj 1.4255e+00 (1.8954e+00)	Loss Disc 7.1886e-01 (7.2206e-01)	Loss Pred 8.2133e-01 (8.1634e-01)	Loss TOTAL 1.4383e+00 (1.5526e+00)
Epoch: [0][ 20/140]	L_Src_Sup 1.5968e-01 (1.0737e+00)	L_Trg_Inj 3.4445e-01 (1.1568e+00)	Loss Disc 7.1002e-01 (7.1815e-01)	Loss Pred 8.1011e-01 (8.1679e-01)	Loss TOTAL 1.2155e+00 (1.4017e+00)
Epoch: [0][ 30/140]	L_Src_Sup 3.3251e-01 (7.9853e-01)	L_Trg_Inj 4.5339e-01 (8.8961e-01)	Loss Disc 7.0118e-01 (7.1362e-01)	Loss Pred 8.1560e-01 (8.1650e-01)	Loss TOTAL 1.2448e+00 (1.3462e+00)
Epoch: [0][ 40/140]	L_Src_Sup 2.1014e-01 (6.6323e-01)	L_Trg_Inj 2.9387e-01 (7.6176e-01)	Loss Disc 6.9635e-01 (7.0974e-01)	Loss Pred 7.7837e-01 (8.1612e-01)	Loss TOTAL 1.1769e+00 (1.3166e+00)
Epoch: [0][ 50/140]	L_Src_Sup 2.1714e-01 (5.7041e-01)	L_Trg_Inj 2.4241e-01 (6.7041e-01)	Loss Disc 6.9370e-01 (7.0671e-01)	Loss Pred 7.7416e-01 (8.1406e-01)	Loss TOTAL 1.1670e+00 (1.2962e+00)
Epoch: [0][ 60/140]	L_Src_Sup 2.4863e-01 (5.1066e-01)	L_Trg_Inj 3.5438e-01 (6.0397e-01)	Loss Disc 6.9212e-01 (7.0447e-01)	Loss Pred 8.1558e-01 (8.1318e-01)	Loss TOTAL 1.2219e+00 (1.2818e+00)
Epoch: [0][ 70/140]	L_Src_Sup 2.5630e-01 (5.1185e-01)	L_Trg_Inj 7.8188e-01 (6.2563e-01)	Loss Disc 6.8450e-01 (7.0246e-01)	Loss Pred 7.9473e-01 (8.1171e-01)	Loss TOTAL 1.2408e+00 (1.2820e+00)
Epoch: [0][ 80/140]	L_Src_Sup 3.0786e-01 (4.7461e-01)	L_Trg_Inj 7.4434e-01 (6.3808e-01)	Loss Disc 6.8034e-01 (6.9980e-01)	Loss Pred 7.2467e-01 (8.1066e-01)	Loss TOTAL 1.1701e+00 (1.2775e+00)
Epoch: [0][ 90/140]	L_Src_Sup 1.2485e-01 (4.4076e-01)	L_Trg_Inj 7.5898e-01 (6.6026e-01)	Loss Disc 6.7183e-01 (6.9675e-01)	Loss Pred 7.5863e-01 (8.0961e-01)	Loss TOTAL 1.1829e+00 (1.2732e+00)
Epoch: [0][100/140]	L_Src_Sup 2.5304e-01 (4.1651e-01)	L_Trg_Inj 3.3816e-01 (6.4617e-01)	Loss Disc 6.7478e-01 (6.9399e-01)	Loss Pred 7.6552e-01 (8.0928e-01)	Loss TOTAL 1.1620e+00 (1.2683e+00)
Epoch: [0][110/140]	L_Src_Sup 1.5140e-01 (3.9624e-01)	L_Trg_Inj 3.8677e-01 (6.1770e-01)	Loss Disc 6.6573e-01 (6.9169e-01)	Loss Pred 7.8198e-01 (8.0887e-01)	Loss TOTAL 1.1687e+00 (1.2614e+00)
Epoch: [0][120/140]	L_Src_Sup 2.5120e-01 (3.7953e-01)	L_Trg_Inj 3.5629e-01 (5.9152e-01)	Loss Disc 6.6348e-01 (6.8954e-01)	Loss Pred 7.6732e-01 (8.0645e-01)	Loss TOTAL 1.1598e+00 (1.2535e+00)
Epoch: [0][130/140]	L_Src_Sup 2.5327e-01 (3.6851e-01)	L_Trg_Inj 3.1068e-01 (5.7201e-01)	Loss Disc 6.6191e-01 (6.8751e-01)	Loss Pred 7.3071e-01 (8.0510e-01)	Loss TOTAL 1.1181e+00 (1.2477e+00)
Epoch: [0][140/140]	L_Src_Sup 1.3216e-01 (3.5683e-01)	L_Trg_Inj 3.3690e-01 (5.5297e-01)	Loss Disc 6.6827e-01 (6.8628e-01)	Loss Pred 7.5931e-01 (8.0212e-01)	Loss TOTAL 1.1404e+00 (1.2409e+00)
Epoch: [0][140/140]	L_Src_Sup 1.3216e-01 (3.5683e-01)	L_Trg_Inj 3.3690e-01 (5.5297e-01)	Loss Disc 6.6827e-01 (6.8628e-01)	Loss Pred 7.5931e-01 (8.0212e-01)	Loss TOTAL 1.1404e+00 (1.2409e+00)
Epoch 0 complete. Saving model state...
Epoch: [1][ 10/140]	L_Src_Sup 2.7796e-01 (2.3210e-01)	L_Trg_Inj 3.3170e-01 (3.1428e-01)	Loss Disc 6.7077e-01 (6.6925e-01)	Loss Pred 6.9874e-01 (7.8829e-01)	Loss TOTAL 1.0951e+00 (1.1864e+00)
Epoch: [1][ 20/140]	L_Src_Sup 1.0131e-01 (2.1893e-01)	L_Trg_Inj 3.4469e-01 (3.0251e-01)	Loss Disc 6.7942e-01 (6.7255e-01)	Loss Pred 7.4160e-01 (7.8821e-01)	Loss TOTAL 1.1259e+00 (1.1859e+00)
Epoch: [1][ 30/140]	L_Src_Sup 1.8470e-01 (2.1133e-01)	L_Trg_Inj 2.4367e-01 (2.8876e-01)	Loss Disc 7.0242e-01 (6.8193e-01)	Loss Pred 8.1023e-01 (7.8434e-01)	Loss TOTAL 1.2043e+00 (1.1815e+00)
Epoch: [1][ 40/140]	L_Src_Sup 2.1860e-01 (2.0941e-01)	L_Trg_Inj 3.3566e-01 (2.9602e-01)	Loss Disc 6.9820e-01 (6.8662e-01)	Loss Pred 6.7253e-01 (7.7740e-01)	Loss TOTAL 1.0771e+00 (1.1759e+00)
Epoch: [1][ 50/140]	L_Src_Sup 2.5528e-01 (2.0125e-01)	L_Trg_Inj 2.8570e-01 (2.9545e-01)	Loss Disc 6.9585e-01 (6.8878e-01)	Loss Pred 7.6779e-01 (7.7303e-01)	Loss TOTAL 1.1698e+00 (1.1708e+00)
Epoch: [1][ 60/140]	L_Src_Sup 2.4654e-01 (2.0788e-01)	L_Trg_Inj 2.6462e-01 (2.8666e-01)	Loss Disc 6.9407e-01 (6.8969e-01)	Loss Pred 7.7902e-01 (7.7138e-01)	Loss TOTAL 1.1772e+00 (1.1743e+00)
Epoch: [1][ 70/140]	L_Src_Sup 2.4238e-01 (2.0416e-01)	L_Trg_Inj 2.8337e-01 (2.8549e-01)	Loss Disc 6.9379e-01 (6.9025e-01)	Loss Pred 7.2288e-01 (7.7096e-01)	Loss TOTAL 1.1223e+00 (1.1730e+00)
Epoch: [1][ 80/140]	L_Src_Sup 1.3226e-01 (2.0322e-01)	L_Trg_Inj 2.8026e-01 (2.8283e-01)	Loss Disc 6.9422e-01 (6.9074e-01)	Loss Pred 8.5634e-01 (7.6914e-01)	Loss TOTAL 1.2447e+00 (1.1701e+00)
Epoch: [1][ 90/140]	L_Src_Sup 2.1894e-01 (2.0296e-01)	L_Trg_Inj 3.5393e-01 (2.8565e-01)	Loss Disc 6.9390e-01 (6.9111e-01)	Loss Pred 7.3313e-01 (7.6417e-01)	Loss TOTAL 1.1374e+00 (1.1648e+00)
Epoch: [1][100/140]	L_Src_Sup 1.5393e-01 (2.0338e-01)	L_Trg_Inj 2.7010e-01 (2.8578e-01)	Loss Disc 6.9362e-01 (6.9139e-01)	Loss Pred 6.7018e-01 (7.5869e-01)	Loss TOTAL 1.0594e+00 (1.1597e+00)
Epoch: [1][110/140]	L_Src_Sup 1.5214e-01 (2.0115e-01)	L_Trg_Inj 5.0375e-01 (2.8770e-01)	Loss Disc 6.9395e-01 (6.9159e-01)	Loss Pred 6.8904e-01 (7.5517e-01)	Loss TOTAL 1.1016e+00 (1.1564e+00)
Epoch: [1][120/140]	L_Src_Sup 1.5856e-01 (1.9976e-01)	L_Trg_Inj 2.5843e-01 (2.8576e-01)	Loss Disc 6.9389e-01 (6.9179e-01)	Loss Pred 6.6992e-01 (7.4983e-01)	Loss TOTAL 1.0586e+00 (1.1503e+00)
Epoch: [1][130/140]	L_Src_Sup 2.2145e-01 (2.0221e-01)	L_Trg_Inj 3.2318e-01 (2.8566e-01)	Loss Disc 6.9303e-01 (6.9192e-01)	Loss Pred 7.2244e-01 (7.4436e-01)	Loss TOTAL 1.1234e+00 (1.1454e+00)
Epoch: [1][140/140]	L_Src_Sup 1.7431e-01 (2.0141e-01)	L_Trg_Inj 4.2130e-01 (2.8492e-01)	Loss Disc 6.9346e-01 (6.9201e-01)	Loss Pred 6.5359e-01 (7.3784e-01)	Loss TOTAL 1.0599e+00 (1.1389e+00)
Epoch: [1][140/140]	L_Src_Sup 1.7431e-01 (2.0141e-01)	L_Trg_Inj 4.2130e-01 (2.8492e-01)	Loss Disc 6.9346e-01 (6.9201e-01)	Loss Pred 6.5359e-01 (7.3784e-01)	Loss TOTAL 1.0599e+00 (1.1389e+00)
Epoch 1 complete. Saving model state...
Epoch: [2][ 10/140]	L_Src_Sup 1.4623e-01 (2.0564e-01)	L_Trg_Inj 2.7504e-01 (3.4034e-01)	Loss Disc 6.9405e-01 (6.9385e-01)	Loss Pred 5.6340e-01 (6.3781e-01)	Loss TOTAL 9.5255e-01 (1.0456e+00)
Epoch: [2][ 20/140]	L_Src_Sup 2.4441e-01 (2.1131e-01)	L_Trg_Inj 1.9058e-01 (3.2735e-01)	Loss Disc 6.9387e-01 (6.9372e-01)	Loss Pred 6.2530e-01 (6.4072e-01)	Loss TOTAL 1.0696e+00 (1.0473e+00)
Epoch: [2][ 30/140]	L_Src_Sup 2.0641e-01 (2.1471e-01)	L_Trg_Inj 2.6009e-01 (3.2774e-01)	Loss Disc 6.9382e-01 (6.9371e-01)	Loss Pred 6.0720e-01 (6.3030e-01)	Loss TOTAL 1.0008e+00 (1.0353e+00)
Epoch: [2][ 40/140]	L_Src_Sup 2.5577e-01 (2.4600e-01)	L_Trg_Inj 3.4075e-01 (3.3728e-01)	Loss Disc 6.9321e-01 (6.9363e-01)	Loss Pred 7.0033e-01 (6.3290e-01)	Loss TOTAL 1.1066e+00 (1.0531e+00)
Epoch: [2][ 50/140]	L_Src_Sup 2.0665e-01 (2.3679e-01)	L_Trg_Inj 3.8843e-01 (3.3815e-01)	Loss Disc 6.9289e-01 (6.9352e-01)	Loss Pred 6.2196e-01 (6.3869e-01)	Loss TOTAL 1.0279e+00 (1.0550e+00)
Epoch: [2][ 60/140]	L_Src_Sup 3.0799e-01 (2.3096e-01)	L_Trg_Inj 3.2202e-01 (3.3227e-01)	Loss Disc 6.9194e-01 (6.9335e-01)	Loss Pred 6.0780e-01 (6.3598e-01)	Loss TOTAL 1.0168e+00 (1.0490e+00)
Epoch: [2][ 70/140]	L_Src_Sup 1.3494e-01 (2.3266e-01)	L_Trg_Inj 3.1394e-01 (3.2054e-01)	Loss Disc 6.8850e-01 (6.9295e-01)	Loss Pred 5.7463e-01 (6.3090e-01)	Loss TOTAL 9.6377e-01 (1.0462e+00)
Epoch: [2][ 80/140]	L_Src_Sup 1.7850e-01 (2.3165e-01)	L_Trg_Inj 2.9803e-01 (3.2057e-01)	Loss Disc 6.7989e-01 (6.9118e-01)	Loss Pred 5.9564e-01 (6.2565e-01)	Loss TOTAL 9.8324e-01 (1.0383e+00)
Epoch: [2][ 90/140]	L_Src_Sup 9.5023e-02 (2.2913e-01)	L_Trg_Inj 2.2164e-01 (3.1770e-01)	Loss Disc 6.8442e-01 (6.9031e-01)	Loss Pred 6.1474e-01 (6.2116e-01)	Loss TOTAL 9.8862e-01 (1.0319e+00)
Epoch: [2][100/140]	L_Src_Sup 2.8350e-01 (2.3025e-01)	L_Trg_Inj 3.7794e-01 (3.1623e-01)	Loss Disc 6.8587e-01 (6.8970e-01)	Loss Pred 5.7878e-01 (6.1657e-01)	Loss TOTAL 9.8785e-01 (1.0261e+00)
Epoch: [2][110/140]	L_Src_Sup 7.0234e-02 (2.2723e-01)	L_Trg_Inj 4.0847e-01 (3.1369e-01)	Loss Disc 6.9174e-01 (6.8988e-01)	Loss Pred 5.7151e-01 (6.1224e-01)	Loss TOTAL 9.6525e-01 (1.0220e+00)
Epoch: [2][120/140]	L_Src_Sup 2.0243e-01 (2.2411e-01)	L_Trg_Inj 2.9455e-01 (3.1058e-01)	Loss Disc 6.9139e-01 (6.9026e-01)	Loss Pred 5.2998e-01 (6.0870e-01)	Loss TOTAL 9.2537e-01 (1.0174e+00)
Epoch: [2][130/140]	L_Src_Sup 2.3580e-01 (2.2212e-01)	L_Trg_Inj 2.8950e-01 (3.1122e-01)	Loss Disc 6.8487e-01 (6.9006e-01)	Loss Pred 5.2385e-01 (6.0506e-01)	Loss TOTAL 9.1881e-01 (1.0137e+00)
Epoch: [2][140/140]	L_Src_Sup 1.8862e-01 (2.1887e-01)	L_Trg_Inj 2.0192e-01 (3.1078e-01)	Loss Disc 6.8762e-01 (6.8983e-01)	Loss Pred 5.3116e-01 (6.0038e-01)	Loss TOTAL 9.1402e-01 (1.0078e+00)
Epoch: [2][140/140]	L_Src_Sup 1.8862e-01 (2.1887e-01)	L_Trg_Inj 2.0192e-01 (3.1078e-01)	Loss Disc 6.8762e-01 (6.8983e-01)	Loss Pred 5.3116e-01 (6.0038e-01)	Loss TOTAL 9.1402e-01 (1.0078e+00)
Epoch 2 complete. Saving model state...
Epoch: [3][ 10/140]	L_Src_Sup 1.9672e-01 (2.3913e-01)	L_Trg_Inj 2.2787e-01 (2.9948e-01)	Loss Disc 6.8852e-01 (6.8551e-01)	Loss Pred 5.5905e-01 (5.4906e-01)	Loss TOTAL 9.4577e-01 (9.6152e-01)
Epoch: [3][ 20/140]	L_Src_Sup 2.4571e-01 (2.1615e-01)	L_Trg_Inj 3.8575e-01 (2.9751e-01)	Loss Disc 6.8014e-01 (6.8513e-01)	Loss Pred 5.3960e-01 (5.3573e-01)	Loss TOTAL 9.4282e-01 (9.3758e-01)
Epoch: [3][ 30/140]	L_Src_Sup 1.8691e-01 (2.1094e-01)	L_Trg_Inj 2.2399e-01 (2.9496e-01)	Loss Disc 6.9074e-01 (6.8556e-01)	Loss Pred 5.0943e-01 (5.3371e-01)	Loss TOTAL 8.9589e-01 (9.3387e-01)
Epoch: [3][ 40/140]	L_Src_Sup 2.7910e-01 (2.0681e-01)	L_Trg_Inj 3.4303e-01 (2.9417e-01)	Loss Disc 6.8649e-01 (6.8688e-01)	Loss Pred 4.9622e-01 (5.3113e-01)	Loss TOTAL 9.0168e-01 (9.3038e-01)
Epoch: [3][ 50/140]	L_Src_Sup 1.4287e-01 (2.0766e-01)	L_Trg_Inj 3.7557e-01 (2.9566e-01)	Loss Disc 6.8757e-01 (6.8668e-01)	Loss Pred 5.3565e-01 (5.2807e-01)	Loss TOTAL 9.3127e-01 (9.2762e-01)
Epoch: [3][ 60/140]	L_Src_Sup 2.0381e-01 (2.0683e-01)	L_Trg_Inj 2.8302e-01 (2.9279e-01)	Loss Disc 6.8762e-01 (6.8686e-01)	Loss Pred 4.9235e-01 (5.2389e-01)	Loss TOTAL 8.8484e-01 (9.2466e-01)
Epoch: [3][ 70/140]	L_Src_Sup 1.7870e-01 (2.0395e-01)	L_Trg_Inj 2.7823e-01 (2.9629e-01)	Loss Disc 6.9235e-01 (6.8692e-01)	Loss Pred 5.2503e-01 (5.2146e-01)	Loss TOTAL 9.1690e-01 (9.2128e-01)
Epoch: [3][ 80/140]	L_Src_Sup 1.2715e-01 (2.0318e-01)	L_Trg_Inj 2.3831e-01 (2.9367e-01)	Loss Disc 6.8755e-01 (6.8696e-01)	Loss Pred 5.0164e-01 (5.1890e-01)	Loss TOTAL 8.8196e-01 (9.1826e-01)
Epoch: [3][ 90/140]	L_Src_Sup 2.2036e-01 (2.0499e-01)	L_Trg_Inj 4.0324e-01 (2.9333e-01)	Loss Disc 6.8521e-01 (6.8681e-01)	Loss Pred 5.4927e-01 (5.1772e-01)	Loss TOTAL 9.5424e-01 (9.1808e-01)
Epoch: [3][100/140]	L_Src_Sup 1.9117e-01 (2.0475e-01)	L_Trg_Inj 2.1706e-01 (2.9474e-01)	Loss Disc 6.8662e-01 (6.8690e-01)	Loss Pred 4.8062e-01 (5.1648e-01)	Loss TOTAL 8.6475e-01 (9.1705e-01)
Epoch: [3][110/140]	L_Src_Sup 1.2869e-01 (2.0187e-01)	L_Trg_Inj 3.4041e-01 (2.9981e-01)	Loss Disc 6.8805e-01 (6.8676e-01)	Loss Pred 5.2616e-01 (5.1499e-01)	Loss TOTAL 9.1710e-01 (9.1506e-01)
Epoch: [3][120/140]	L_Src_Sup 1.6562e-01 (2.0223e-01)	L_Trg_Inj 3.1779e-01 (2.9951e-01)	Loss Disc 6.8884e-01 (6.8689e-01)	Loss Pred 4.6066e-01 (5.1290e-01)	Loss TOTAL 8.5342e-01 (9.1251e-01)
Epoch: [3][130/140]	L_Src_Sup 1.2978e-01 (2.0112e-01)	L_Trg_Inj 3.4211e-01 (2.9872e-01)	Loss Disc 6.8931e-01 (6.8692e-01)	Loss Pred 5.2537e-01 (5.0997e-01)	Loss TOTAL 9.1721e-01 (9.0969e-01)
Epoch: [3][140/140]	L_Src_Sup 2.1689e-01 (2.0120e-01)	L_Trg_Inj 3.5826e-01 (2.9990e-01)	Loss Disc 6.8422e-01 (6.8697e-01)	Loss Pred 4.4934e-01 (5.0785e-01)	Loss TOTAL 8.4896e-01 (9.0778e-01)
Epoch: [3][140/140]	L_Src_Sup 2.1689e-01 (2.0120e-01)	L_Trg_Inj 3.5826e-01 (2.9990e-01)	Loss Disc 6.8422e-01 (6.8697e-01)	Loss Pred 4.4934e-01 (5.0785e-01)	Loss TOTAL 8.4896e-01 (9.0778e-01)
Epoch 3 complete. Saving model state...
Epoch: [4][ 10/140]	L_Src_Sup 1.4756e-01 (1.8390e-01)	L_Trg_Inj 2.8333e-01 (2.7496e-01)	Loss Disc 6.8742e-01 (6.9012e-01)	Loss Pred 4.3517e-01 (4.8072e-01)	Loss TOTAL 8.2197e-01 (8.7167e-01)
Epoch: [4][ 20/140]	L_Src_Sup 1.2080e-01 (1.9876e-01)	L_Trg_Inj 2.6666e-01 (3.0560e-01)	Loss Disc 6.8835e-01 (6.8858e-01)	Loss Pred 4.6970e-01 (4.7809e-01)	Loss TOTAL 8.5262e-01 (8.7282e-01)
Epoch: [4][ 30/140]	L_Src_Sup 2.4370e-01 (1.9487e-01)	L_Trg_Inj 2.6101e-01 (2.9811e-01)	Loss Disc 6.9255e-01 (6.8777e-01)	Loss Pred 4.7475e-01 (4.7428e-01)	Loss TOTAL 8.7149e-01 (8.6788e-01)
Epoch: [4][ 40/140]	L_Src_Sup 2.4227e-01 (1.9660e-01)	L_Trg_Inj 3.0359e-01 (3.0082e-01)	Loss Disc 6.8369e-01 (6.8732e-01)	Loss Pred 4.4993e-01 (4.7191e-01)	Loss TOTAL 8.4636e-01 (8.6664e-01)
Epoch: [4][ 50/140]	L_Src_Sup 1.3821e-01 (2.0259e-01)	L_Trg_Inj 3.4107e-01 (3.0032e-01)	Loss Disc 6.8210e-01 (6.8717e-01)	Loss Pred 4.6754e-01 (4.7314e-01)	Loss TOTAL 8.5652e-01 (8.6957e-01)
Epoch: [4][ 60/140]	L_Src_Sup 2.9605e-01 (2.1269e-01)	L_Trg_Inj 1.6837e-01 (2.9479e-01)	Loss Disc 6.9106e-01 (6.8712e-01)	Loss Pred 4.7226e-01 (4.7270e-01)	Loss TOTAL 9.9191e-01 (8.7754e-01)
Epoch: [4][ 70/140]	L_Src_Sup 1.9142e-01 (2.1292e-01)	L_Trg_Inj 2.7701e-01 (2.9416e-01)	Loss Disc 6.8843e-01 (6.8721e-01)	Loss Pred 4.7167e-01 (4.7388e-01)	Loss TOTAL 8.6272e-01 (8.7823e-01)
Epoch: [4][ 80/140]	L_Src_Sup 1.3454e-01 (2.1395e-01)	L_Trg_Inj 2.7779e-01 (2.9191e-01)	Loss Disc 6.8366e-01 (6.8722e-01)	Loss Pred 4.4660e-01 (4.7413e-01)	Loss TOTAL 8.2967e-01 (8.7798e-01)
Epoch: [4][ 90/140]	L_Src_Sup 1.5397e-01 (2.1226e-01)	L_Trg_Inj 3.4287e-01 (2.9742e-01)	Loss Disc 6.8515e-01 (6.8716e-01)	Loss Pred 4.5913e-01 (4.7414e-01)	Loss TOTAL 8.5139e-01 (8.7727e-01)
Epoch: [4][100/140]	L_Src_Sup 3.0404e-01 (2.1160e-01)	L_Trg_Inj 1.7147e-01 (2.9403e-01)	Loss Disc 6.9212e-01 (6.8734e-01)	Loss Pred 4.8957e-01 (4.7426e-01)	Loss TOTAL 1.0158e+00 (8.7766e-01)
Epoch: [4][110/140]	L_Src_Sup 1.9491e-01 (2.1041e-01)	L_Trg_Inj 2.6407e-01 (2.9391e-01)	Loss Disc 6.9129e-01 (6.8735e-01)	Loss Pred 4.8227e-01 (4.7344e-01)	Loss TOTAL 8.7382e-01 (8.7608e-01)
Epoch: [4][120/140]	L_Src_Sup 3.0797e-01 (2.1020e-01)	L_Trg_Inj 3.0877e-01 (2.9691e-01)	Loss Disc 6.8842e-01 (6.8728e-01)	Loss Pred 4.5717e-01 (4.7341e-01)	Loss TOTAL 8.6305e-01 (8.7559e-01)
Epoch: [4][130/140]	L_Src_Sup 2.2427e-01 (2.0972e-01)	L_Trg_Inj 2.9498e-01 (2.9922e-01)	Loss Disc 6.8932e-01 (6.8714e-01)	Loss Pred 4.6306e-01 (4.7317e-01)	Loss TOTAL 8.5964e-01 (8.7486e-01)
Epoch: [4][140/140]	L_Src_Sup 1.3963e-01 (2.1012e-01)	L_Trg_Inj 3.4043e-01 (2.9966e-01)	Loss Disc 6.8867e-01 (6.8719e-01)	Loss Pred 4.6991e-01 (4.7258e-01)	Loss TOTAL 8.6225e-01 (8.7481e-01)
Epoch: [4][140/140]	L_Src_Sup 1.3963e-01 (2.1012e-01)	L_Trg_Inj 3.4043e-01 (2.9966e-01)	Loss Disc 6.8867e-01 (6.8719e-01)	Loss Pred 4.6991e-01 (4.7258e-01)	Loss TOTAL 8.6225e-01 (8.7481e-01)
Epoch 4 complete. Saving model state...
Epoch: [5][ 10/140]	L_Src_Sup 2.0757e-01 (2.0461e-01)	L_Trg_Inj 3.4260e-01 (3.1219e-01)	Loss Disc 6.8608e-01 (6.8762e-01)	Loss Pred 4.6294e-01 (4.7500e-01)	Loss TOTAL 8.6100e-01 (8.7617e-01)
Epoch: [5][ 20/140]	L_Src_Sup 1.7577e-01 (2.0893e-01)	L_Trg_Inj 2.3877e-01 (3.1859e-01)	Loss Disc 6.8815e-01 (6.8797e-01)	Loss Pred 4.7648e-01 (4.7661e-01)	Loss TOTAL 8.6200e-01 (8.7791e-01)
Epoch: [5][ 30/140]	L_Src_Sup 2.7612e-01 (2.0898e-01)	L_Trg_Inj 3.0945e-01 (3.1527e-01)	Loss Disc 6.8430e-01 (6.8750e-01)	Loss Pred 4.8577e-01 (4.7448e-01)	Loss TOTAL 8.8648e-01 (8.7370e-01)
Epoch: [5][ 40/140]	L_Src_Sup 1.2634e-01 (2.0226e-01)	L_Trg_Inj 3.9541e-01 (3.1886e-01)	Loss Disc 6.8708e-01 (6.8722e-01)	Loss Pred 4.9322e-01 (4.7440e-01)	Loss TOTAL 8.8894e-01 (8.7241e-01)
Epoch: [5][ 50/140]	L_Src_Sup 1.5667e-01 (2.0788e-01)	L_Trg_Inj 2.8089e-01 (3.1324e-01)	Loss Disc 6.8502e-01 (6.8730e-01)	Loss Pred 4.5576e-01 (4.7419e-01)	Loss TOTAL 8.4202e-01 (8.7391e-01)
Epoch: [5][ 60/140]	L_Src_Sup 1.9881e-01 (2.1112e-01)	L_Trg_Inj 4.2539e-01 (3.1645e-01)	Loss Disc 6.8619e-01 (6.8728e-01)	Loss Pred 4.5603e-01 (4.7241e-01)	Loss TOTAL 8.6154e-01 (8.7493e-01)
Epoch: [5][ 70/140]	L_Src_Sup 2.2417e-01 (2.1023e-01)	L_Trg_Inj 3.1173e-01 (3.1509e-01)	Loss Disc 6.8734e-01 (6.8723e-01)	Loss Pred 5.2174e-01 (4.7115e-01)	Loss TOTAL 9.1900e-01 (8.7254e-01)
Epoch: [5][ 80/140]	L_Src_Sup 2.1865e-01 (2.1074e-01)	L_Trg_Inj 3.4402e-01 (3.1318e-01)	Loss Disc 6.8575e-01 (6.8727e-01)	Loss Pred 4.4299e-01 (4.6861e-01)	Loss TOTAL 8.4213e-01 (8.6923e-01)
Epoch: [5][ 90/140]	L_Src_Sup 1.4687e-01 (2.0699e-01)	L_Trg_Inj 2.6761e-01 (3.1021e-01)	Loss Disc 6.8917e-01 (6.8731e-01)	Loss Pred 5.0526e-01 (4.6901e-01)	Loss TOTAL 8.9129e-01 (8.6847e-01)
Epoch: [5][100/140]	L_Src_Sup 2.1513e-01 (2.0617e-01)	L_Trg_Inj 3.4802e-01 (3.1009e-01)	Loss Disc 6.8582e-01 (6.8750e-01)	Loss Pred 4.9000e-01 (4.6963e-01)	Loss TOTAL 8.8923e-01 (8.6867e-01)
Epoch: [5][110/140]	L_Src_Sup 2.8420e-01 (2.0539e-01)	L_Trg_Inj 2.2905e-01 (3.0546e-01)	Loss Disc 6.8856e-01 (6.8754e-01)	Loss Pred 4.3120e-01 (4.6775e-01)	Loss TOTAL 8.8196e-01 (8.6676e-01)
Epoch: [5][120/140]	L_Src_Sup 1.8040e-01 (2.0487e-01)	L_Trg_Inj 2.9055e-01 (3.0482e-01)	Loss Disc 6.8844e-01 (6.8753e-01)	Loss Pred 4.9205e-01 (4.6720e-01)	Loss TOTAL 8.8337e-01 (8.6589e-01)
Epoch: [5][130/140]	L_Src_Sup 2.0712e-01 (2.0554e-01)	L_Trg_Inj 2.9532e-01 (3.0557e-01)	Loss Disc 6.8864e-01 (6.8750e-01)	Loss Pred 4.6096e-01 (4.6700e-01)	Loss TOTAL 8.5553e-01 (8.6558e-01)
Epoch: [5][140/140]	L_Src_Sup 2.5336e-01 (2.0616e-01)	L_Trg_Inj 3.2965e-01 (3.0575e-01)	Loss Disc 6.8352e-01 (6.8756e-01)	Loss Pred 4.4827e-01 (4.6744e-01)	Loss TOTAL 8.4833e-01 (8.6712e-01)
Epoch: [5][140/140]	L_Src_Sup 2.5336e-01 (2.0616e-01)	L_Trg_Inj 3.2965e-01 (3.0575e-01)	Loss Disc 6.8352e-01 (6.8756e-01)	Loss Pred 4.4827e-01 (4.6744e-01)	Loss TOTAL 8.4833e-01 (8.6712e-01)
Epoch 5 complete. Saving model state...
Epoch: [6][ 10/140]	L_Src_Sup 2.4793e-01 (1.7860e-01)	L_Trg_Inj 4.2090e-01 (3.0660e-01)	Loss Disc 6.8731e-01 (6.8668e-01)	Loss Pred 4.7975e-01 (4.5635e-01)	Loss TOTAL 8.9029e-01 (8.4832e-01)
Epoch: [6][ 20/140]	L_Src_Sup 1.9150e-01 (2.0696e-01)	L_Trg_Inj 4.2011e-01 (3.0034e-01)	Loss Disc 6.8572e-01 (6.8748e-01)	Loss Pred 4.6666e-01 (4.6190e-01)	Loss TOTAL 8.7068e-01 (8.6907e-01)
Epoch: [6][ 30/140]	L_Src_Sup 1.7564e-01 (2.0337e-01)	L_Trg_Inj 3.3048e-01 (3.0171e-01)	Loss Disc 6.8604e-01 (6.8741e-01)	Loss Pred 4.7275e-01 (4.6556e-01)	Loss TOTAL 8.6638e-01 (8.6830e-01)
Epoch: [6][ 40/140]	L_Src_Sup 1.9137e-01 (1.9697e-01)	L_Trg_Inj 1.7113e-01 (2.9986e-01)	Loss Disc 6.8985e-01 (6.8730e-01)	Loss Pred 4.6680e-01 (4.6290e-01)	Loss TOTAL 8.6821e-01 (8.6313e-01)
Epoch: [6][ 50/140]	L_Src_Sup 1.9365e-01 (2.0321e-01)	L_Trg_Inj 2.3251e-01 (2.9938e-01)	Loss Disc 6.8926e-01 (6.8727e-01)	Loss Pred 4.6670e-01 (4.6352e-01)	Loss TOTAL 8.5395e-01 (8.6496e-01)
Epoch: [6][ 60/140]	L_Src_Sup 2.1408e-01 (2.0238e-01)	L_Trg_Inj 3.7557e-01 (2.9462e-01)	Loss Disc 6.8623e-01 (6.8748e-01)	Loss Pred 4.2211e-01 (4.6311e-01)	Loss TOTAL 8.2419e-01 (8.6326e-01)
Epoch: [6][ 70/140]	L_Src_Sup 1.3488e-01 (2.0335e-01)	L_Trg_Inj 2.6353e-01 (2.9704e-01)	Loss Disc 6.8633e-01 (6.8758e-01)	Loss Pred 4.4156e-01 (4.6310e-01)	Loss TOTAL 8.2457e-01 (8.6368e-01)
Epoch: [6][ 80/140]	L_Src_Sup 1.4302e-01 (2.0371e-01)	L_Trg_Inj 2.1378e-01 (2.9570e-01)	Loss Disc 6.8890e-01 (6.8760e-01)	Loss Pred 4.8498e-01 (4.6556e-01)	Loss TOTAL 8.6511e-01 (8.6604e-01)
Epoch: [6][ 90/140]	L_Src_Sup 2.2632e-01 (2.0371e-01)	L_Trg_Inj 2.5565e-01 (2.9799e-01)	Loss Disc 6.8711e-01 (6.8770e-01)	Loss Pred 4.6650e-01 (4.6626e-01)	Loss TOTAL 8.5825e-01 (8.6708e-01)
Epoch: [6][100/140]	L_Src_Sup 2.3941e-01 (2.0481e-01)	L_Trg_Inj 3.0977e-01 (2.9847e-01)	Loss Disc 6.8515e-01 (6.8765e-01)	Loss Pred 4.5389e-01 (4.6659e-01)	Loss TOTAL 8.5139e-01 (8.6715e-01)
Epoch: [6][110/140]	L_Src_Sup 1.1355e-01 (2.0569e-01)	L_Trg_Inj 2.8357e-01 (2.9734e-01)	Loss Disc 6.8841e-01 (6.8758e-01)	Loss Pred 4.4770e-01 (4.6600e-01)	Loss TOTAL 8.3162e-01 (8.6663e-01)
Epoch: [6][120/140]	L_Src_Sup 2.0379e-01 (2.0457e-01)	L_Trg_Inj 3.7064e-01 (2.9975e-01)	Loss Disc 6.8885e-01 (6.8758e-01)	Loss Pred 5.1033e-01 (4.6635e-01)	Loss TOTAL 9.1220e-01 (8.6656e-01)
Epoch: [6][130/140]	L_Src_Sup 9.0937e-02 (2.0399e-01)	L_Trg_Inj 3.3624e-01 (3.0159e-01)	Loss Disc 6.9095e-01 (6.8759e-01)	Loss Pred 4.9779e-01 (4.6660e-01)	Loss TOTAL 8.8598e-01 (8.6648e-01)
Epoch: [6][140/140]	L_Src_Sup 1.5682e-01 (2.0288e-01)	L_Trg_Inj 2.6881e-01 (3.0103e-01)	Loss Disc 6.8730e-01 (6.8763e-01)	Loss Pred 4.6030e-01 (4.6656e-01)	Loss TOTAL 8.4651e-01 (8.6639e-01)
Epoch: [6][140/140]	L_Src_Sup 1.5682e-01 (2.0288e-01)	L_Trg_Inj 2.6881e-01 (3.0103e-01)	Loss Disc 6.8730e-01 (6.8763e-01)	Loss Pred 4.6030e-01 (4.6656e-01)	Loss TOTAL 8.4651e-01 (8.6639e-01)
Epoch 6 complete. Saving model state...
Epoch: [7][ 10/140]	L_Src_Sup 1.8540e-01 (2.0952e-01)	L_Trg_Inj 1.8662e-01 (2.6500e-01)	Loss Disc 6.9152e-01 (6.8980e-01)	Loss Pred 5.1065e-01 (4.8379e-01)	Loss TOTAL 8.9362e-01 (8.8405e-01)
Epoch: [7][ 20/140]	L_Src_Sup 2.3094e-01 (2.1074e-01)	L_Trg_Inj 4.2061e-01 (2.8894e-01)	Loss Disc 6.8592e-01 (6.8881e-01)	Loss Pred 4.3459e-01 (4.7606e-01)	Loss TOTAL 8.4270e-01 (8.8022e-01)
Epoch: [7][ 30/140]	L_Src_Sup 2.2842e-01 (2.0874e-01)	L_Trg_Inj 3.2850e-01 (3.0321e-01)	Loss Disc 6.8950e-01 (6.8800e-01)	Loss Pred 4.7247e-01 (4.6906e-01)	Loss TOTAL 8.7291e-01 (8.7078e-01)
Epoch: [7][ 40/140]	L_Src_Sup 3.0472e-01 (2.1287e-01)	L_Trg_Inj 2.9325e-01 (3.0268e-01)	Loss Disc 6.8575e-01 (6.8793e-01)	Loss Pred 4.4104e-01 (4.6884e-01)	Loss TOTAL 8.5519e-01 (8.7078e-01)
Epoch: [7][ 50/140]	L_Src_Sup 1.6954e-01 (2.1430e-01)	L_Trg_Inj 3.0964e-01 (3.0850e-01)	Loss Disc 6.8856e-01 (6.8766e-01)	Loss Pred 4.4736e-01 (4.6799e-01)	Loss TOTAL 8.3956e-01 (8.6924e-01)
Epoch: [7][ 60/140]	L_Src_Sup 1.3817e-01 (2.0973e-01)	L_Trg_Inj 1.8611e-01 (3.0379e-01)	Loss Disc 6.8781e-01 (6.8776e-01)	Loss Pred 4.6019e-01 (4.6797e-01)	Loss TOTAL 8.3652e-01 (8.6832e-01)
Epoch: [7][ 70/140]	L_Src_Sup 2.7599e-01 (2.1047e-01)	L_Trg_Inj 2.4831e-01 (3.0303e-01)	Loss Disc 6.9025e-01 (6.8795e-01)	Loss Pred 4.5982e-01 (4.7058e-01)	Loss TOTAL 8.8505e-01 (8.7109e-01)
Epoch: [7][ 80/140]	L_Src_Sup 2.1096e-01 (2.0892e-01)	L_Trg_Inj 3.5577e-01 (3.0309e-01)	Loss Disc 6.8723e-01 (6.8785e-01)	Loss Pred 4.7265e-01 (4.6995e-01)	Loss TOTAL 8.7294e-01 (8.7018e-01)
Epoch: [7][ 90/140]	L_Src_Sup 2.9296e-01 (2.0928e-01)	L_Trg_Inj 2.5824e-01 (3.0169e-01)	Loss Disc 6.8601e-01 (6.8779e-01)	Loss Pred 4.2287e-01 (4.6811e-01)	Loss TOTAL 8.5573e-01 (8.6909e-01)
Epoch: [7][100/140]	L_Src_Sup 2.1233e-01 (2.0827e-01)	L_Trg_Inj 3.7741e-01 (3.0516e-01)	Loss Disc 6.8650e-01 (6.8767e-01)	Loss Pred 4.6629e-01 (4.6662e-01)	Loss TOTAL 8.6852e-01 (8.6734e-01)
Epoch: [7][110/140]	L_Src_Sup 2.1461e-01 (2.0801e-01)	L_Trg_Inj 2.4169e-01 (3.0531e-01)	Loss Disc 6.8654e-01 (6.8770e-01)	Loss Pred 4.2171e-01 (4.6606e-01)	Loss TOTAL 8.1061e-01 (8.6675e-01)
Epoch: [7][120/140]	L_Src_Sup 2.9324e-01 (2.0931e-01)	L_Trg_Inj 3.5285e-01 (3.0631e-01)	Loss Disc 6.8601e-01 (6.8766e-01)	Loss Pred 4.5978e-01 (4.6628e-01)	Loss TOTAL 8.6740e-01 (8.6672e-01)
Epoch: [7][130/140]	L_Src_Sup 2.1128e-01 (2.0977e-01)	L_Trg_Inj 2.5643e-01 (3.0552e-01)	Loss Disc 6.8904e-01 (6.8775e-01)	Loss Pred 4.7330e-01 (4.6681e-01)	Loss TOTAL 8.6459e-01 (8.6761e-01)
Epoch: [7][140/140]	L_Src_Sup 2.4637e-01 (2.1232e-01)	L_Trg_Inj 2.5406e-01 (3.0431e-01)	Loss Disc 6.9165e-01 (6.8772e-01)	Loss Pred 4.6785e-01 (4.6649e-01)	Loss TOTAL 8.6372e-01 (8.6809e-01)
Epoch: [7][140/140]	L_Src_Sup 2.4637e-01 (2.1232e-01)	L_Trg_Inj 2.5406e-01 (3.0431e-01)	Loss Disc 6.9165e-01 (6.8772e-01)	Loss Pred 4.6785e-01 (4.6649e-01)	Loss TOTAL 8.6372e-01 (8.6809e-01)
Epoch 7 complete. Saving model state...
Epoch: [8][ 10/140]	L_Src_Sup 2.5548e-01 (1.9503e-01)	L_Trg_Inj 3.1199e-01 (2.8365e-01)	Loss Disc 6.8906e-01 (6.8937e-01)	Loss Pred 4.4785e-01 (4.6292e-01)	Loss TOTAL 8.4912e-01 (8.6171e-01)
Epoch: [8][ 20/140]	L_Src_Sup 2.9356e-01 (2.0117e-01)	L_Trg_Inj 3.1432e-01 (2.8862e-01)	Loss Disc 6.8753e-01 (6.8839e-01)	Loss Pred 4.5993e-01 (4.6054e-01)	Loss TOTAL 8.6449e-01 (8.5757e-01)
Epoch: [8][ 30/140]	L_Src_Sup 1.7101e-01 (1.9477e-01)	L_Trg_Inj 3.2283e-01 (2.9773e-01)	Loss Disc 6.8558e-01 (6.8802e-01)	Loss Pred 4.5301e-01 (4.6445e-01)	Loss TOTAL 8.4518e-01 (8.6029e-01)
Epoch: [8][ 40/140]	L_Src_Sup 1.9304e-01 (1.9987e-01)	L_Trg_Inj 4.6797e-01 (3.0399e-01)	Loss Disc 6.8379e-01 (6.8766e-01)	Loss Pred 4.7193e-01 (4.6310e-01)	Loss TOTAL 8.7992e-01 (8.6048e-01)
Epoch: [8][ 50/140]	L_Src_Sup 2.2614e-01 (1.9838e-01)	L_Trg_Inj 2.1850e-01 (3.0445e-01)	Loss Disc 6.9000e-01 (6.8767e-01)	Loss Pred 4.6615e-01 (4.6303e-01)	Loss TOTAL 8.6326e-01 (8.5983e-01)
Epoch: [8][ 60/140]	L_Src_Sup 1.3685e-01 (1.9919e-01)	L_Trg_Inj 3.3892e-01 (3.0027e-01)	Loss Disc 6.8445e-01 (6.8776e-01)	Loss Pred 4.7429e-01 (4.6399e-01)	Loss TOTAL 8.6409e-01 (8.6061e-01)
Epoch: [8][ 70/140]	L_Src_Sup 2.3482e-01 (2.0308e-01)	L_Trg_Inj 1.7166e-01 (2.9652e-01)	Loss Disc 6.8963e-01 (6.8780e-01)	Loss Pred 4.2818e-01 (4.6442e-01)	Loss TOTAL 8.7680e-01 (8.6209e-01)
Epoch: [8][ 80/140]	L_Src_Sup 3.0956e-01 (2.0435e-01)	L_Trg_Inj 3.6111e-01 (2.9759e-01)	Loss Disc 6.8862e-01 (6.8777e-01)	Loss Pred 4.9741e-01 (4.6516e-01)	Loss TOTAL 9.0879e-01 (8.6257e-01)
Epoch: [8][ 90/140]	L_Src_Sup 3.1314e-01 (2.0472e-01)	L_Trg_Inj 2.4962e-01 (2.9873e-01)	Loss Disc 6.8993e-01 (6.8770e-01)	Loss Pred 4.6602e-01 (4.6462e-01)	Loss TOTAL 9.3078e-01 (8.6248e-01)
Epoch: [8][100/140]	L_Src_Sup 1.6402e-01 (1.9984e-01)	L_Trg_Inj 3.8998e-01 (2.9724e-01)	Loss Disc 6.8228e-01 (6.8781e-01)	Loss Pred 4.2173e-01 (4.6518e-01)	Loss TOTAL 8.1827e-01 (8.6235e-01)
Epoch: [8][110/140]	L_Src_Sup 1.7727e-01 (2.0151e-01)	L_Trg_Inj 2.6513e-01 (2.9639e-01)	Loss Disc 6.9112e-01 (6.8788e-01)	Loss Pred 4.7889e-01 (4.6456e-01)	Loss TOTAL 8.6869e-01 (8.6237e-01)
Epoch: [8][120/140]	L_Src_Sup 2.1799e-01 (2.0263e-01)	L_Trg_Inj 1.9601e-01 (2.9440e-01)	Loss Disc 6.8840e-01 (6.8780e-01)	Loss Pred 4.9167e-01 (4.6473e-01)	Loss TOTAL 8.9925e-01 (8.6383e-01)
Epoch: [8][130/140]	L_Src_Sup 2.1831e-01 (2.0339e-01)	L_Trg_Inj 2.6521e-01 (2.9270e-01)	Loss Disc 6.9108e-01 (6.8794e-01)	Loss Pred 4.9724e-01 (4.6535e-01)	Loss TOTAL 8.9113e-01 (8.6516e-01)
Epoch: [8][140/140]	L_Src_Sup 1.7430e-01 (2.0443e-01)	L_Trg_Inj 2.7359e-01 (2.9187e-01)	Loss Disc 6.8883e-01 (6.8802e-01)	Loss Pred 4.6527e-01 (4.6574e-01)	Loss TOTAL 8.5448e-01 (8.6575e-01)
Epoch: [8][140/140]	L_Src_Sup 1.7430e-01 (2.0443e-01)	L_Trg_Inj 2.7359e-01 (2.9187e-01)	Loss Disc 6.8883e-01 (6.8802e-01)	Loss Pred 4.6527e-01 (4.6574e-01)	Loss TOTAL 8.5448e-01 (8.6575e-01)
Epoch 8 complete. Saving model state...
Epoch: [9][ 10/140]	L_Src_Sup 1.8654e-01 (2.0442e-01)	L_Trg_Inj 3.2249e-01 (2.9838e-01)	Loss Disc 6.8384e-01 (6.8727e-01)	Loss Pred 4.4654e-01 (4.6213e-01)	Loss TOTAL 8.3937e-01 (8.5604e-01)
Epoch: [9][ 20/140]	L_Src_Sup 2.6095e-01 (2.1204e-01)	L_Trg_Inj 2.6509e-01 (2.9670e-01)	Loss Disc 6.9017e-01 (6.8821e-01)	Loss Pred 4.6574e-01 (4.6650e-01)	Loss TOTAL 8.6343e-01 (8.6148e-01)
Epoch: [9][ 30/140]	L_Src_Sup 2.1070e-01 (2.1427e-01)	L_Trg_Inj 1.8722e-01 (2.8134e-01)	Loss Disc 6.8837e-01 (6.8855e-01)	Loss Pred 4.3383e-01 (4.6451e-01)	Loss TOTAL 8.4128e-01 (8.6532e-01)
Epoch: [9][ 40/140]	L_Src_Sup 1.2361e-01 (2.1879e-01)	L_Trg_Inj 2.8461e-01 (2.9499e-01)	Loss Disc 6.8957e-01 (6.8834e-01)	Loss Pred 4.7167e-01 (4.6726e-01)	Loss TOTAL 8.5728e-01 (8.6803e-01)
Epoch: [9][ 50/140]	L_Src_Sup 2.1503e-01 (2.1147e-01)	L_Trg_Inj 3.7408e-01 (2.9163e-01)	Loss Disc 6.8540e-01 (6.8806e-01)	Loss Pred 4.2972e-01 (4.6348e-01)	Loss TOTAL 8.3133e-01 (8.6200e-01)
Epoch: [9][ 60/140]	L_Src_Sup 1.9304e-01 (2.0930e-01)	L_Trg_Inj 2.7515e-01 (2.9190e-01)	Loss Disc 6.9040e-01 (6.8826e-01)	Loss Pred 4.7151e-01 (4.6598e-01)	Loss TOTAL 8.6354e-01 (8.6372e-01)
Epoch: [9][ 70/140]	L_Src_Sup 1.5387e-01 (2.0593e-01)	L_Trg_Inj 3.7311e-01 (2.9542e-01)	Loss Disc 6.8530e-01 (6.8819e-01)	Loss Pred 4.5292e-01 (4.6731e-01)	Loss TOTAL 8.4827e-01 (8.6497e-01)
Epoch: [9][ 80/140]	L_Src_Sup 1.5530e-01 (2.0470e-01)	L_Trg_Inj 2.1305e-01 (2.9474e-01)	Loss Disc 6.9182e-01 (6.8815e-01)	Loss Pred 4.5941e-01 (4.6658e-01)	Loss TOTAL 8.4215e-01 (8.6360e-01)
Epoch: [9][ 90/140]	L_Src_Sup 1.9482e-01 (2.0574e-01)	L_Trg_Inj 3.5467e-01 (2.9345e-01)	Loss Disc 6.8566e-01 (6.8816e-01)	Loss Pred 4.7851e-01 (4.6629e-01)	Loss TOTAL 8.7629e-01 (8.6493e-01)
Epoch: [9][100/140]	L_Src_Sup 2.7036e-01 (2.0677e-01)	L_Trg_Inj 2.6101e-01 (2.9440e-01)	Loss Disc 6.8928e-01 (6.8805e-01)	Loss Pred 4.9124e-01 (4.6575e-01)	Loss TOTAL 8.9838e-01 (8.6416e-01)
Epoch: [9][110/140]	L_Src_Sup 7.2486e-02 (2.0406e-01)	L_Trg_Inj 2.9168e-01 (2.9512e-01)	Loss Disc 6.9259e-01 (6.8813e-01)	Loss Pred 4.9043e-01 (4.6583e-01)	Loss TOTAL 8.7314e-01 (8.6417e-01)
Epoch: [9][120/140]	L_Src_Sup 1.8338e-01 (2.0140e-01)	L_Trg_Inj 3.0355e-01 (2.9507e-01)	Loss Disc 6.8641e-01 (6.8807e-01)	Loss Pred 4.3406e-01 (4.6569e-01)	Loss TOTAL 8.2596e-01 (8.6338e-01)
Epoch: [9][130/140]	L_Src_Sup 2.2225e-01 (2.0008e-01)	L_Trg_Inj 4.2070e-01 (2.9440e-01)	Loss Disc 6.8569e-01 (6.8801e-01)	Loss Pred 4.5338e-01 (4.6513e-01)	Loss TOTAL 8.6052e-01 (8.6227e-01)
Epoch: [9][140/140]	L_Src_Sup 2.4793e-01 (2.0006e-01)	L_Trg_Inj 4.6735e-01 (2.9758e-01)	Loss Disc 6.8679e-01 (6.8803e-01)	Loss Pred 4.7816e-01 (4.6555e-01)	Loss TOTAL 8.9308e-01 (8.6281e-01)
Epoch: [9][140/140]	L_Src_Sup 2.4793e-01 (2.0006e-01)	L_Trg_Inj 4.6735e-01 (2.9758e-01)	Loss Disc 6.8679e-01 (6.8803e-01)	Loss Pred 4.7816e-01 (4.6555e-01)	Loss TOTAL 8.9308e-01 (8.6281e-01)
Epoch 9 complete. Saving model state...
Epoch: [10][ 10/140]	L_Src_Sup 1.9300e-01 (2.1305e-01)	L_Trg_Inj 2.0221e-01 (3.1639e-01)	Loss Disc 6.8763e-01 (6.8695e-01)	Loss Pred 4.7183e-01 (4.5886e-01)	Loss TOTAL 8.5517e-01 (8.5527e-01)
Epoch: [10][ 20/140]	L_Src_Sup 1.2178e-01 (2.0494e-01)	L_Trg_Inj 3.4171e-01 (3.0841e-01)	Loss Disc 6.8721e-01 (6.8740e-01)	Loss Pred 4.6570e-01 (4.6486e-01)	Loss TOTAL 8.5565e-01 (8.6044e-01)
Epoch: [10][ 30/140]	L_Src_Sup 2.2611e-01 (2.0254e-01)	L_Trg_Inj 3.9886e-01 (3.0056e-01)	Loss Disc 6.8671e-01 (6.8773e-01)	Loss Pred 4.7244e-01 (4.6539e-01)	Loss TOTAL 8.7829e-01 (8.6107e-01)
Epoch: [10][ 40/140]	L_Src_Sup 2.0514e-01 (1.9808e-01)	L_Trg_Inj 1.0818e-01 (3.0131e-01)	Loss Disc 6.9058e-01 (6.8778e-01)	Loss Pred 4.5360e-01 (4.6548e-01)	Loss TOTAL 9.2718e-01 (8.6287e-01)
Epoch: [10][ 50/140]	L_Src_Sup 2.9693e-01 (2.0113e-01)	L_Trg_Inj 2.4862e-01 (2.9642e-01)	Loss Disc 6.8935e-01 (6.8802e-01)	Loss Pred 5.0987e-01 (4.6596e-01)	Loss TOTAL 9.5741e-01 (8.6852e-01)
Epoch: [10][ 60/140]	L_Src_Sup 1.8377e-01 (2.0603e-01)	L_Trg_Inj 3.2398e-01 (2.9335e-01)	Loss Disc 6.8626e-01 (6.8800e-01)	Loss Pred 4.3349e-01 (4.6416e-01)	Loss TOTAL 8.2739e-01 (8.6608e-01)
Epoch: [10][ 70/140]	L_Src_Sup 2.4180e-01 (2.0322e-01)	L_Trg_Inj 2.3345e-01 (2.9435e-01)	Loss Disc 6.8844e-01 (6.8794e-01)	Loss Pred 4.5865e-01 (4.6205e-01)	Loss TOTAL 8.5875e-01 (8.6371e-01)
Epoch: [10][ 80/140]	L_Src_Sup 1.9471e-01 (2.0252e-01)	L_Trg_Inj 3.1150e-01 (2.9229e-01)	Loss Disc 6.9072e-01 (6.8799e-01)	Loss Pred 4.7805e-01 (4.6282e-01)	Loss TOTAL 8.7404e-01 (8.6382e-01)
Epoch: [10][ 90/140]	L_Src_Sup 1.6073e-01 (2.0172e-01)	L_Trg_Inj 2.8209e-01 (2.9266e-01)	Loss Disc 6.8914e-01 (6.8804e-01)	Loss Pred 4.8486e-01 (4.6314e-01)	Loss TOTAL 8.7371e-01 (8.6328e-01)
Epoch: [10][100/140]	L_Src_Sup 1.7242e-01 (2.0084e-01)	L_Trg_Inj 3.5767e-01 (2.9393e-01)	Loss Disc 6.8748e-01 (6.8810e-01)	Loss Pred 4.5912e-01 (4.6376e-01)	Loss TOTAL 8.5587e-01 (8.6331e-01)
Epoch: [10][110/140]	L_Src_Sup 2.8073e-01 (2.0016e-01)	L_Trg_Inj 2.1747e-01 (2.9419e-01)	Loss Disc 6.8885e-01 (6.8811e-01)	Loss Pred 4.7135e-01 (4.6382e-01)	Loss TOTAL 9.2886e-01 (8.6392e-01)
Epoch: [10][120/140]	L_Src_Sup 2.6099e-01 (2.0091e-01)	L_Trg_Inj 3.5999e-01 (2.9304e-01)	Loss Disc 6.8575e-01 (6.8807e-01)	Loss Pred 4.6618e-01 (4.6397e-01)	Loss TOTAL 8.7116e-01 (8.6419e-01)
Epoch: [10][130/140]	L_Src_Sup 2.0519e-01 (2.0198e-01)	L_Trg_Inj 3.0622e-01 (2.9244e-01)	Loss Disc 6.8530e-01 (6.8807e-01)	Loss Pred 4.5289e-01 (4.6409e-01)	Loss TOTAL 8.4668e-01 (8.6480e-01)
Epoch: [10][140/140]	L_Src_Sup 2.0514e-01 (2.0110e-01)	L_Trg_Inj 3.3565e-01 (2.9220e-01)	Loss Disc 6.8597e-01 (6.8815e-01)	Loss Pred 4.5212e-01 (4.6529e-01)	Loss TOTAL 8.4919e-01 (8.6542e-01)
Epoch: [10][140/140]	L_Src_Sup 2.0514e-01 (2.0110e-01)	L_Trg_Inj 3.3565e-01 (2.9220e-01)	Loss Disc 6.8597e-01 (6.8815e-01)	Loss Pred 4.5212e-01 (4.6529e-01)	Loss TOTAL 8.4919e-01 (8.6542e-01)
Epoch 10 complete. Saving model state...
Epoch: [11][ 10/140]	L_Src_Sup 1.3115e-01 (1.9531e-01)	L_Trg_Inj 3.4034e-01 (2.8853e-01)	Loss Disc 6.8277e-01 (6.8762e-01)	Loss Pred 4.2150e-01 (4.5869e-01)	Loss TOTAL 8.1004e-01 (8.5089e-01)
Epoch: [11][ 20/140]	L_Src_Sup 1.0269e-01 (1.8247e-01)	L_Trg_Inj 1.7145e-01 (2.8128e-01)	Loss Disc 6.9118e-01 (6.8804e-01)	Loss Pred 4.5292e-01 (4.5996e-01)	Loss TOTAL 8.2592e-01 (8.5044e-01)
Epoch: [11][ 30/140]	L_Src_Sup 2.5464e-01 (1.9154e-01)	L_Trg_Inj 3.2739e-01 (2.7700e-01)	Loss Disc 6.8997e-01 (6.8831e-01)	Loss Pred 4.9720e-01 (4.6479e-01)	Loss TOTAL 9.0039e-01 (8.5586e-01)
Epoch: [11][ 40/140]	L_Src_Sup 1.3932e-01 (1.9422e-01)	L_Trg_Inj 2.9591e-01 (2.8304e-01)	Loss Disc 6.8865e-01 (6.8837e-01)	Loss Pred 4.6558e-01 (4.6451e-01)	Loss TOTAL 8.5343e-01 (8.5957e-01)
Epoch: [11][ 50/140]	L_Src_Sup 2.6093e-01 (1.9813e-01)	L_Trg_Inj 3.5792e-01 (2.8864e-01)	Loss Disc 6.8694e-01 (6.8833e-01)	Loss Pred 4.8220e-01 (4.6583e-01)	Loss TOTAL 8.8756e-01 (8.6321e-01)
Epoch: [11][ 60/140]	L_Src_Sup 2.2810e-01 (2.0186e-01)	L_Trg_Inj 3.2709e-01 (2.9111e-01)	Loss Disc 6.8978e-01 (6.8830e-01)	Loss Pred 4.7186e-01 (4.6595e-01)	Loss TOTAL 8.7227e-01 (8.6318e-01)
Epoch: [11][ 70/140]	L_Src_Sup 2.0522e-01 (2.0333e-01)	L_Trg_Inj 3.8930e-01 (2.9661e-01)	Loss Disc 6.8399e-01 (6.8799e-01)	Loss Pred 4.5300e-01 (4.6505e-01)	Loss TOTAL 8.5445e-01 (8.6262e-01)
Epoch: [11][ 80/140]	L_Src_Sup 1.8493e-01 (2.0371e-01)	L_Trg_Inj 2.6482e-01 (2.9321e-01)	Loss Disc 6.8487e-01 (6.8809e-01)	Loss Pred 4.4017e-01 (4.6559e-01)	Loss TOTAL 8.2759e-01 (8.6290e-01)
Epoch: [11][ 90/140]	L_Src_Sup 2.3336e-01 (2.0367e-01)	L_Trg_Inj 2.8036e-01 (2.9139e-01)	Loss Disc 6.8581e-01 (6.8802e-01)	Loss Pred 4.3389e-01 (4.6448e-01)	Loss TOTAL 8.2817e-01 (8.6167e-01)
Epoch: [11][100/140]	L_Src_Sup 2.4595e-01 (2.0377e-01)	L_Trg_Inj 2.6528e-01 (2.9286e-01)	Loss Disc 6.8851e-01 (6.8808e-01)	Loss Pred 4.5301e-01 (4.6471e-01)	Loss TOTAL 8.4839e-01 (8.6205e-01)
Epoch: [11][110/140]	L_Src_Sup 2.2814e-01 (2.0465e-01)	L_Trg_Inj 2.1791e-01 (2.9140e-01)	Loss Disc 6.9011e-01 (6.8815e-01)	Loss Pred 4.6533e-01 (4.6444e-01)	Loss TOTAL 8.6522e-01 (8.6269e-01)
Epoch: [11][120/140]	L_Src_Sup 2.4153e-01 (2.0580e-01)	L_Trg_Inj 3.1465e-01 (2.9128e-01)	Loss Disc 6.8694e-01 (6.8803e-01)	Loss Pred 4.5896e-01 (4.6416e-01)	Loss TOTAL 8.5804e-01 (8.6252e-01)
Epoch: [11][130/140]	L_Src_Sup 1.9135e-01 (2.0226e-01)	L_Trg_Inj 3.2291e-01 (2.9313e-01)	Loss Disc 6.8861e-01 (6.8792e-01)	Loss Pred 4.6556e-01 (4.6402e-01)	Loss TOTAL 8.6129e-01 (8.6180e-01)
Epoch: [11][140/140]	L_Src_Sup 2.2249e-01 (2.0301e-01)	L_Trg_Inj 3.1218e-01 (2.9031e-01)	Loss Disc 6.9090e-01 (6.8804e-01)	Loss Pred 5.0991e-01 (4.6495e-01)	Loss TOTAL 9.0882e-01 (8.6407e-01)
Epoch: [11][140/140]	L_Src_Sup 2.2249e-01 (2.0301e-01)	L_Trg_Inj 3.1218e-01 (2.9031e-01)	Loss Disc 6.9090e-01 (6.8804e-01)	Loss Pred 5.0991e-01 (4.6495e-01)	Loss TOTAL 9.0882e-01 (8.6407e-01)
Epoch 11 complete. Saving model state...
Epoch: [12][ 10/140]	L_Src_Sup 1.2625e-01 (1.9792e-01)	L_Trg_Inj 3.9022e-01 (2.7099e-01)	Loss Disc 6.8697e-01 (6.8797e-01)	Loss Pred 4.9085e-01 (4.6177e-01)	Loss TOTAL 8.8598e-01 (8.6354e-01)
Epoch: [12][ 20/140]	L_Src_Sup 2.6094e-01 (2.1075e-01)	L_Trg_Inj 2.9217e-01 (2.8008e-01)	Loss Disc 6.8847e-01 (6.8797e-01)	Loss Pred 4.6560e-01 (4.6116e-01)	Loss TOTAL 8.6514e-01 (8.6788e-01)
Epoch: [12][ 30/140]	L_Src_Sup 1.6075e-01 (2.1613e-01)	L_Trg_Inj 2.3414e-01 (2.9729e-01)	Loss Disc 6.9181e-01 (6.8798e-01)	Loss Pred 4.8398e-01 (4.6537e-01)	Loss TOTAL 8.6938e-01 (8.7252e-01)
Epoch: [12][ 40/140]	L_Src_Sup 1.7550e-01 (2.1161e-01)	L_Trg_Inj 2.6526e-01 (3.0237e-01)	Loss Disc 6.8585e-01 (6.8795e-01)	Loss Pred 4.7195e-01 (4.6494e-01)	Loss TOTAL 8.5895e-01 (8.7063e-01)
Epoch: [12][ 50/140]	L_Src_Sup 2.1622e-01 (2.0807e-01)	L_Trg_Inj 2.9182e-01 (2.9528e-01)	Loss Disc 6.8875e-01 (6.8796e-01)	Loss Pred 4.9103e-01 (4.6424e-01)	Loss TOTAL 8.8620e-01 (8.6681e-01)
Epoch: [12][ 60/140]	L_Src_Sup 1.7095e-01 (2.0868e-01)	L_Trg_Inj 2.2840e-01 (2.9715e-01)	Loss Disc 6.9144e-01 (6.8805e-01)	Loss Pred 4.5285e-01 (4.6476e-01)	Loss TOTAL 8.3851e-01 (8.6692e-01)
Epoch: [12][ 70/140]	L_Src_Sup 1.4290e-01 (2.0766e-01)	L_Trg_Inj 2.7635e-01 (2.9577e-01)	Loss Disc 6.8968e-01 (6.8813e-01)	Loss Pred 4.8461e-01 (4.6388e-01)	Loss TOTAL 8.7137e-01 (8.6522e-01)
Epoch: [12][ 80/140]	L_Src_Sup 1.4041e-01 (2.0393e-01)	L_Trg_Inj 3.5870e-01 (2.9470e-01)	Loss Disc 6.8618e-01 (6.8819e-01)	Loss Pred 4.7185e-01 (4.6401e-01)	Loss TOTAL 8.6485e-01 (8.6411e-01)
Epoch: [12][ 90/140]	L_Src_Sup 1.6367e-01 (2.0513e-01)	L_Trg_Inj 3.4293e-01 (2.9440e-01)	Loss Disc 6.8795e-01 (6.8817e-01)	Loss Pred 4.9735e-01 (4.6408e-01)	Loss TOTAL 8.9198e-01 (8.6358e-01)
Epoch: [12][100/140]	L_Src_Sup 2.2225e-01 (2.0519e-01)	L_Trg_Inj 2.9163e-01 (2.9528e-01)	Loss Disc 6.8566e-01 (6.8817e-01)	Loss Pred 4.5300e-01 (4.6459e-01)	Loss TOTAL 8.4722e-01 (8.6419e-01)
Epoch: [12][110/140]	L_Src_Sup 1.6223e-01 (2.0208e-01)	L_Trg_Inj 2.4109e-01 (2.9575e-01)	Loss Disc 6.8962e-01 (6.8811e-01)	Loss Pred 4.9030e-01 (4.6441e-01)	Loss TOTAL 8.7545e-01 (8.6322e-01)
Epoch: [12][120/140]	L_Src_Sup 2.3556e-01 (2.0607e-01)	L_Trg_Inj 3.5889e-01 (2.9601e-01)	Loss Disc 6.8449e-01 (6.8815e-01)	Loss Pred 4.4061e-01 (4.6489e-01)	Loss TOTAL 8.4229e-01 (8.6474e-01)
Epoch: [12][130/140]	L_Src_Sup 1.6531e-01 (2.0741e-01)	L_Trg_Inj 2.3402e-01 (2.9728e-01)	Loss Disc 6.8458e-01 (6.8804e-01)	Loss Pred 4.2753e-01 (4.6479e-01)	Loss TOTAL 8.0975e-01 (8.6459e-01)
Epoch: [12][140/140]	L_Src_Sup 1.0345e-01 (2.0592e-01)	L_Trg_Inj 2.4903e-01 (2.9654e-01)	Loss Disc 6.9024e-01 (6.8804e-01)	Loss Pred 4.5918e-01 (4.6498e-01)	Loss TOTAL 8.3955e-01 (8.6418e-01)
Epoch: [12][140/140]	L_Src_Sup 1.0345e-01 (2.0592e-01)	L_Trg_Inj 2.4903e-01 (2.9654e-01)	Loss Disc 6.9024e-01 (6.8804e-01)	Loss Pred 4.5918e-01 (4.6498e-01)	Loss TOTAL 8.3955e-01 (8.6418e-01)
Epoch 12 complete. Saving model state...
Epoch: [13][ 10/140]	L_Src_Sup 2.2223e-01 (2.2813e-01)	L_Trg_Inj 3.0036e-01 (3.0924e-01)	Loss Disc 6.8813e-01 (6.8830e-01)	Loss Pred 4.5288e-01 (4.6233e-01)	Loss TOTAL 8.4921e-01 (8.6022e-01)
Epoch: [13][ 20/140]	L_Src_Sup 2.5644e-01 (2.3038e-01)	L_Trg_Inj 3.4501e-01 (3.0681e-01)	Loss Disc 6.9045e-01 (6.8811e-01)	Loss Pred 4.5244e-01 (4.6469e-01)	Loss TOTAL 8.5781e-01 (8.6703e-01)
Epoch: [13][ 30/140]	L_Src_Sup 2.0711e-01 (2.1483e-01)	L_Trg_Inj 1.8715e-01 (2.9567e-01)	Loss Disc 6.8991e-01 (6.8828e-01)	Loss Pred 4.5913e-01 (4.6496e-01)	Loss TOTAL 8.6348e-01 (8.6444e-01)
Epoch: [13][ 40/140]	L_Src_Sup 2.2678e-01 (2.0837e-01)	L_Trg_Inj 3.9340e-01 (2.8943e-01)	Loss Disc 6.8628e-01 (6.8794e-01)	Loss Pred 4.6993e-01 (4.6251e-01)	Loss TOTAL 8.7509e-01 (8.6243e-01)
Epoch: [13][ 50/140]	L_Src_Sup 1.9306e-01 (2.0845e-01)	L_Trg_Inj 3.4707e-01 (2.9624e-01)	Loss Disc 6.8826e-01 (6.8787e-01)	Loss Pred 4.7303e-01 (4.6198e-01)	Loss TOTAL 8.7118e-01 (8.6132e-01)
Epoch: [13][ 60/140]	L_Src_Sup 1.9299e-01 (2.0877e-01)	L_Trg_Inj 2.9839e-01 (2.9702e-01)	Loss Disc 6.8994e-01 (6.8806e-01)	Loss Pred 4.7173e-01 (4.6351e-01)	Loss TOTAL 8.6584e-01 (8.6297e-01)
Epoch: [13][ 70/140]	L_Src_Sup 2.1288e-01 (2.0995e-01)	L_Trg_Inj 3.1769e-01 (2.9494e-01)	Loss Disc 6.8856e-01 (6.8812e-01)	Loss Pred 4.7888e-01 (4.6363e-01)	Loss TOTAL 8.7622e-01 (8.6287e-01)
Epoch: [13][ 80/140]	L_Src_Sup 2.2559e-01 (2.0951e-01)	L_Trg_Inj 3.6031e-01 (2.9742e-01)	Loss Disc 6.8816e-01 (6.8814e-01)	Loss Pred 4.7198e-01 (4.6370e-01)	Loss TOTAL 8.7465e-01 (8.6310e-01)
Epoch: [13][ 90/140]	L_Src_Sup 8.7728e-02 (2.0706e-01)	L_Trg_Inj 4.0822e-01 (3.0209e-01)	Loss Disc 6.8216e-01 (6.8799e-01)	Loss Pred 4.7177e-01 (4.6375e-01)	Loss TOTAL 8.6245e-01 (8.6278e-01)
Epoch: [13][100/140]	L_Src_Sup 1.3802e-01 (2.0665e-01)	L_Trg_Inj 2.8300e-01 (3.0148e-01)	Loss Disc 6.8651e-01 (6.8799e-01)	Loss Pred 4.5913e-01 (4.6347e-01)	Loss TOTAL 8.4448e-01 (8.6268e-01)
Epoch: [13][110/140]	L_Src_Sup 1.2070e-01 (2.0377e-01)	L_Trg_Inj 3.5590e-01 (3.0023e-01)	Loss Disc 6.8610e-01 (6.8803e-01)	Loss Pred 4.5925e-01 (4.6368e-01)	Loss TOTAL 8.4996e-01 (8.6277e-01)
Epoch: [13][120/140]	L_Src_Sup 2.0340e-01 (2.0220e-01)	L_Trg_Inj 3.0588e-01 (3.0242e-01)	Loss Disc 6.8833e-01 (6.8804e-01)	Loss Pred 4.4655e-01 (4.6356e-01)	Loss TOTAL 8.4165e-01 (8.6233e-01)
Epoch: [13][130/140]	L_Src_Sup 1.4160e-01 (2.0175e-01)	L_Trg_Inj 1.4999e-01 (2.9937e-01)	Loss Disc 6.9177e-01 (6.8813e-01)	Loss Pred 4.7789e-01 (4.6366e-01)	Loss TOTAL 8.5294e-01 (8.6227e-01)
Epoch: [13][140/140]	L_Src_Sup 1.5653e-01 (1.9984e-01)	L_Trg_Inj 3.2246e-01 (3.0151e-01)	Loss Disc 6.8737e-01 (6.8816e-01)	Loss Pred 4.6517e-01 (4.6472e-01)	Loss TOTAL 8.5676e-01 (8.6306e-01)
Epoch: [13][140/140]	L_Src_Sup 1.5653e-01 (1.9984e-01)	L_Trg_Inj 3.2246e-01 (3.0151e-01)	Loss Disc 6.8737e-01 (6.8816e-01)	Loss Pred 4.6517e-01 (4.6472e-01)	Loss TOTAL 8.5676e-01 (8.6306e-01)
Epoch 13 complete. Saving model state...
Epoch: [14][ 10/140]	L_Src_Sup 2.1104e-01 (1.6913e-01)	L_Trg_Inj 1.9634e-01 (2.6870e-01)	Loss Disc 6.8980e-01 (6.9001e-01)	Loss Pred 4.7175e-01 (4.7671e-01)	Loss TOTAL 8.7209e-01 (8.6697e-01)
Epoch: [14][ 20/140]	L_Src_Sup 1.2632e-01 (1.7944e-01)	L_Trg_Inj 2.8532e-01 (2.9434e-01)	Loss Disc 6.9226e-01 (6.8856e-01)	Loss Pred 4.9069e-01 (4.6698e-01)	Loss TOTAL 8.7798e-01 (8.5937e-01)
Epoch: [14][ 30/140]	L_Src_Sup 1.7392e-01 (1.8039e-01)	L_Trg_Inj 3.7508e-01 (2.9940e-01)	Loss Disc 6.8452e-01 (6.8814e-01)	Loss Pred 4.6547e-01 (4.6541e-01)	Loss TOTAL 8.6263e-01 (8.5905e-01)
Epoch: [14][ 40/140]	L_Src_Sup 1.9179e-01 (1.8818e-01)	L_Trg_Inj 2.7592e-01 (2.9946e-01)	Loss Disc 6.8634e-01 (6.8774e-01)	Loss Pred 4.6477e-01 (4.6436e-01)	Loss TOTAL 8.5471e-01 (8.5819e-01)
Epoch: [14][ 50/140]	L_Src_Sup 2.2584e-01 (1.9551e-01)	L_Trg_Inj 3.2741e-01 (2.9349e-01)	Loss Disc 6.8211e-01 (6.8795e-01)	Loss Pred 4.0857e-01 (4.6282e-01)	Loss TOTAL 8.0495e-01 (8.5765e-01)
Epoch: [14][ 60/140]	L_Src_Sup 1.9833e-01 (1.9666e-01)	L_Trg_Inj 3.5915e-01 (2.9539e-01)	Loss Disc 6.8970e-01 (6.8796e-01)	Loss Pred 4.9084e-01 (4.6273e-01)	Loss TOTAL 8.9143e-01 (8.5809e-01)
Epoch: [14][ 70/140]	L_Src_Sup 2.5003e-01 (2.0116e-01)	L_Trg_Inj 3.5845e-01 (2.9488e-01)	Loss Disc 6.8513e-01 (6.8795e-01)	Loss Pred 4.8420e-01 (4.6247e-01)	Loss TOTAL 8.8761e-01 (8.5791e-01)
Epoch: [14][ 80/140]	L_Src_Sup 1.9470e-01 (2.0049e-01)	L_Trg_Inj 3.2328e-01 (2.9552e-01)	Loss Disc 6.8773e-01 (6.8802e-01)	Loss Pred 4.7799e-01 (4.6363e-01)	Loss TOTAL 8.7365e-01 (8.5912e-01)
Epoch: [14][ 90/140]	L_Src_Sup 1.1766e-01 (1.9841e-01)	L_Trg_Inj 1.8107e-01 (2.9199e-01)	Loss Disc 6.8898e-01 (6.8808e-01)	Loss Pred 4.3995e-01 (4.6523e-01)	Loss TOTAL 8.1431e-01 (8.6148e-01)
Epoch: [14][100/140]	L_Src_Sup 1.9821e-01 (1.9937e-01)	L_Trg_Inj 2.4426e-01 (2.9378e-01)	Loss Disc 6.9190e-01 (6.8820e-01)	Loss Pred 4.9075e-01 (4.6644e-01)	Loss TOTAL 8.8095e-01 (8.6290e-01)
Epoch: [14][110/140]	L_Src_Sup 1.2190e-01 (1.9742e-01)	L_Trg_Inj 2.7583e-01 (2.9348e-01)	Loss Disc 6.8687e-01 (6.8815e-01)	Loss Pred 4.6497e-01 (4.6589e-01)	Loss TOTAL 8.4818e-01 (8.6183e-01)
Epoch: [14][120/140]	L_Src_Sup 1.9480e-01 (1.9759e-01)	L_Trg_Inj 4.4283e-01 (2.9502e-01)	Loss Disc 6.8712e-01 (6.8818e-01)	Loss Pred 4.7744e-01 (4.6601e-01)	Loss TOTAL 8.8477e-01 (8.6255e-01)
Epoch: [14][130/140]	L_Src_Sup 1.8647e-01 (1.9822e-01)	L_Trg_Inj 3.3158e-01 (2.9705e-01)	Loss Disc 6.8006e-01 (6.8804e-01)	Loss Pred 4.4649e-01 (4.6518e-01)	Loss TOTAL 8.3832e-01 (8.6180e-01)
Epoch: [14][140/140]	L_Src_Sup 1.5519e-01 (2.0072e-01)	L_Trg_Inj 3.4114e-01 (2.9713e-01)	Loss Disc 6.8462e-01 (6.8807e-01)	Loss Pred 4.5894e-01 (4.6470e-01)	Loss TOTAL 8.5089e-01 (8.6260e-01)
Epoch: [14][140/140]	L_Src_Sup 1.5519e-01 (2.0072e-01)	L_Trg_Inj 3.4114e-01 (2.9713e-01)	Loss Disc 6.8462e-01 (6.8807e-01)	Loss Pred 4.5894e-01 (4.6470e-01)	Loss TOTAL 8.5089e-01 (8.6260e-01)
Epoch 14 complete. Saving model state...
Epoch: [15][ 10/140]	L_Src_Sup 2.8474e-01 (2.5072e-01)	L_Trg_Inj 2.1832e-01 (3.0804e-01)	Loss Disc 6.8847e-01 (6.8737e-01)	Loss Pred 4.7789e-01 (4.6601e-01)	Loss TOTAL 9.3884e-01 (8.7725e-01)
Epoch: [15][ 20/140]	L_Src_Sup 1.7097e-01 (2.1414e-01)	L_Trg_Inj 3.4341e-01 (3.1513e-01)	Loss Disc 6.8716e-01 (6.8759e-01)	Loss Pred 4.5254e-01 (4.6566e-01)	Loss TOTAL 8.4755e-01 (8.6822e-01)
Epoch: [15][ 30/140]	L_Src_Sup 1.5542e-01 (2.1110e-01)	L_Trg_Inj 2.3075e-01 (3.0274e-01)	Loss Disc 6.8573e-01 (6.8769e-01)	Loss Pred 4.5920e-01 (4.6075e-01)	Loss TOTAL 8.4068e-01 (8.6264e-01)
Epoch: [15][ 40/140]	L_Src_Sup 7.9083e-02 (2.0413e-01)	L_Trg_Inj 2.4546e-01 (2.9473e-01)	Loss Disc 6.8928e-01 (6.8780e-01)	Loss Pred 4.7915e-01 (4.6178e-01)	Loss TOTAL 8.5625e-01 (8.6081e-01)
Epoch: [15][ 50/140]	L_Src_Sup 1.8524e-01 (2.0311e-01)	L_Trg_Inj 2.9212e-01 (2.9499e-01)	Loss Disc 6.8742e-01 (6.8784e-01)	Loss Pred 4.4004e-01 (4.6211e-01)	Loss TOTAL 8.3148e-01 (8.6170e-01)
Epoch: [15][ 60/140]	L_Src_Sup 1.8348e-01 (2.0274e-01)	L_Trg_Inj 3.1203e-01 (2.9779e-01)	Loss Disc 6.8784e-01 (6.8754e-01)	Loss Pred 4.3314e-01 (4.6033e-01)	Loss TOTAL 8.2661e-01 (8.5931e-01)
Epoch: [15][ 70/140]	L_Src_Sup 1.2270e-01 (1.9794e-01)	L_Trg_Inj 2.7306e-01 (2.9853e-01)	Loss Disc 6.8999e-01 (6.8760e-01)	Loss Pred 4.7174e-01 (4.6061e-01)	Loss TOTAL 8.5631e-01 (8.5847e-01)
Epoch: [15][ 80/140]	L_Src_Sup 1.9131e-01 (1.9575e-01)	L_Trg_Inj 2.8076e-01 (2.9896e-01)	Loss Disc 6.8669e-01 (6.8767e-01)	Loss Pred 4.6534e-01 (4.6185e-01)	Loss TOTAL 8.5589e-01 (8.5935e-01)
Epoch: [15][ 90/140]	L_Src_Sup 1.7719e-01 (1.9573e-01)	L_Trg_Inj 3.0675e-01 (3.0084e-01)	Loss Disc 6.9007e-01 (6.8775e-01)	Loss Pred 4.7795e-01 (4.6258e-01)	Loss TOTAL 8.7138e-01 (8.6107e-01)
Epoch: [15][100/140]	L_Src_Sup 2.5472e-01 (1.9519e-01)	L_Trg_Inj 3.8710e-01 (2.9690e-01)	Loss Disc 6.8967e-01 (6.8801e-01)	Loss Pred 4.9692e-01 (4.6309e-01)	Loss TOTAL 9.0594e-01 (8.6253e-01)
Epoch: [15][110/140]	L_Src_Sup 2.0073e-01 (1.9545e-01)	L_Trg_Inj 4.1791e-01 (2.9734e-01)	Loss Disc 6.8605e-01 (6.8800e-01)	Loss Pred 5.0334e-01 (4.6352e-01)	Loss TOTAL 9.0823e-01 (8.6247e-01)
Epoch: [15][120/140]	L_Src_Sup 1.3560e-01 (1.9511e-01)	L_Trg_Inj 3.2669e-01 (2.9796e-01)	Loss Disc 6.8531e-01 (6.8798e-01)	Loss Pred 4.4644e-01 (4.6404e-01)	Loss TOTAL 8.3533e-01 (8.6253e-01)
Epoch: [15][130/140]	L_Src_Sup 3.0648e-01 (1.9700e-01)	L_Trg_Inj 3.2931e-01 (2.9972e-01)	Loss Disc 6.8717e-01 (6.8803e-01)	Loss Pred 4.9066e-01 (4.6477e-01)	Loss TOTAL 8.9782e-01 (8.6472e-01)
Epoch: [15][140/140]	L_Src_Sup 3.0466e-01 (1.9808e-01)	L_Trg_Inj 3.5889e-01 (2.9946e-01)	Loss Disc 6.8891e-01 (6.8796e-01)	Loss Pred 4.8458e-01 (4.6460e-01)	Loss TOTAL 8.9539e-01 (8.6424e-01)
Epoch: [15][140/140]	L_Src_Sup 3.0466e-01 (1.9808e-01)	L_Trg_Inj 3.5889e-01 (2.9946e-01)	Loss Disc 6.8891e-01 (6.8796e-01)	Loss Pred 4.8458e-01 (4.6460e-01)	Loss TOTAL 8.9539e-01 (8.6424e-01)
Epoch 15 complete. Saving model state...
Epoch: [16][ 10/140]	L_Src_Sup 1.8979e-01 (1.8913e-01)	L_Trg_Inj 2.5032e-01 (3.1843e-01)	Loss Disc 6.9064e-01 (6.8775e-01)	Loss Pred 4.5908e-01 (4.5530e-01)	Loss TOTAL 8.4841e-01 (8.4993e-01)
Epoch: [16][ 20/140]	L_Src_Sup 2.2276e-01 (1.9563e-01)	L_Trg_Inj 2.4972e-01 (2.9485e-01)	Loss Disc 6.8774e-01 (6.8827e-01)	Loss Pred 4.5232e-01 (4.6264e-01)	Loss TOTAL 8.4344e-01 (8.5741e-01)
Epoch: [16][ 30/140]	L_Src_Sup 2.0197e-01 (1.9049e-01)	L_Trg_Inj 3.3247e-01 (3.0474e-01)	Loss Disc 6.9312e-01 (6.8807e-01)	Loss Pred 5.0340e-01 (4.6356e-01)	Loss TOTAL 9.0340e-01 (8.5817e-01)
Epoch: [16][ 40/140]	L_Src_Sup 2.2048e-01 (1.9663e-01)	L_Trg_Inj 2.7539e-01 (3.0852e-01)	Loss Disc 6.8672e-01 (6.8765e-01)	Loss Pred 4.4761e-01 (4.6312e-01)	Loss TOTAL 8.4056e-01 (8.5976e-01)
Epoch: [16][ 50/140]	L_Src_Sup 2.0514e-01 (1.9649e-01)	L_Trg_Inj 3.7325e-01 (3.0845e-01)	Loss Disc 6.8455e-01 (6.8754e-01)	Loss Pred 4.5280e-01 (4.6320e-01)	Loss TOTAL 8.5292e-01 (8.5930e-01)
Epoch: [16][ 60/140]	L_Src_Sup 1.9643e-01 (2.0095e-01)	L_Trg_Inj 2.6812e-01 (3.0516e-01)	Loss Disc 6.9042e-01 (6.8782e-01)	Loss Pred 4.8418e-01 (4.6282e-01)	Loss TOTAL 8.7585e-01 (8.5952e-01)
Epoch: [16][ 70/140]	L_Src_Sup 2.0000e-01 (2.0067e-01)	L_Trg_Inj 2.5118e-01 (3.0243e-01)	Loss Disc 6.9041e-01 (6.8799e-01)	Loss Pred 4.9711e-01 (4.6399e-01)	Loss TOTAL 8.8743e-01 (8.6044e-01)
Epoch: [16][ 80/140]	L_Src_Sup 1.3913e-01 (2.0095e-01)	L_Trg_Inj 3.1069e-01 (3.0323e-01)	Loss Disc 6.8997e-01 (6.8793e-01)	Loss Pred 4.6471e-01 (4.6306e-01)	Loss TOTAL 8.5468e-01 (8.6031e-01)
Epoch: [16][ 90/140]	L_Src_Sup 3.2788e-01 (2.0233e-01)	L_Trg_Inj 2.4904e-01 (3.0349e-01)	Loss Disc 6.8589e-01 (6.8787e-01)	Loss Pred 4.2113e-01 (4.6346e-01)	Loss TOTAL 9.0061e-01 (8.6140e-01)
Epoch: [16][100/140]	L_Src_Sup 1.7862e-01 (2.0201e-01)	L_Trg_Inj 2.4930e-01 (3.0134e-01)	Loss Disc 6.9246e-01 (6.8800e-01)	Loss Pred 4.8486e-01 (4.6398e-01)	Loss TOTAL 8.7388e-01 (8.6237e-01)
Epoch: [16][110/140]	L_Src_Sup 2.9312e-01 (2.0144e-01)	L_Trg_Inj 4.2062e-01 (3.0344e-01)	Loss Disc 6.8108e-01 (6.8793e-01)	Loss Pred 4.5896e-01 (4.6336e-01)	Loss TOTAL 8.7087e-01 (8.6149e-01)
Epoch: [16][120/140]	L_Src_Sup 2.2807e-01 (2.0332e-01)	L_Trg_Inj 3.8953e-01 (3.0426e-01)	Loss Disc 6.8613e-01 (6.8792e-01)	Loss Pred 4.7176e-01 (4.6310e-01)	Loss TOTAL 8.7659e-01 (8.6199e-01)
Epoch: [16][130/140]	L_Src_Sup 2.5008e-01 (2.0312e-01)	L_Trg_Inj 3.2659e-01 (3.0463e-01)	Loss Disc 6.9028e-01 (6.8793e-01)	Loss Pred 4.6538e-01 (4.6351e-01)	Loss TOTAL 8.6819e-01 (8.6267e-01)
Epoch: [16][140/140]	L_Src_Sup 1.3331e-01 (2.7043e-01)	L_Trg_Inj 3.1335e-01 (3.6835e-01)	Loss Disc 6.8999e-01 (6.8799e-01)	Loss Pred 4.9784e-01 (4.6486e-01)	Loss TOTAL 8.8750e-01 (8.7704e-01)
Epoch: [16][140/140]	L_Src_Sup 1.3331e-01 (2.7043e-01)	L_Trg_Inj 3.1335e-01 (3.6835e-01)	Loss Disc 6.8999e-01 (6.8799e-01)	Loss Pred 4.9784e-01 (4.6486e-01)	Loss TOTAL 8.8750e-01 (8.7704e-01)
Epoch 16 complete. Saving model state...
Epoch: [17][ 10/140]	L_Src_Sup 2.8342e-01 (2.1506e-01)	L_Trg_Inj 2.1536e-01 (2.9601e-01)	Loss Disc 6.8983e-01 (6.8887e-01)	Loss Pred 4.3363e-01 (4.6142e-01)	Loss TOTAL 8.9648e-01 (8.7117e-01)
Epoch: [17][ 20/140]	L_Src_Sup 1.9132e-01 (2.1203e-01)	L_Trg_Inj 3.6348e-01 (3.1310e-01)	Loss Disc 6.8715e-01 (6.8788e-01)	Loss Pred 4.6570e-01 (4.5840e-01)	Loss TOTAL 8.6476e-01 (8.6196e-01)
Epoch: [17][ 30/140]	L_Src_Sup 1.3676e-01 (2.0498e-01)	L_Trg_Inj 2.7679e-01 (3.1085e-01)	Loss Disc 6.8620e-01 (6.8789e-01)	Loss Pred 4.5217e-01 (4.5840e-01)	Loss TOTAL 8.3662e-01 (8.5867e-01)
Epoch: [17][ 40/140]	L_Src_Sup 3.1582e-01 (2.0218e-01)	L_Trg_Inj 2.3409e-01 (3.0626e-01)	Loss Disc 6.9169e-01 (6.8797e-01)	Loss Pred 4.7179e-01 (4.5982e-01)	Loss TOTAL 9.5436e-01 (8.6025e-01)
Epoch: [17][ 50/140]	L_Src_Sup 2.1430e-01 (1.9990e-01)	L_Trg_Inj 2.0289e-01 (3.0157e-01)	Loss Disc 6.8782e-01 (6.8805e-01)	Loss Pred 4.8427e-01 (4.6218e-01)	Loss TOTAL 8.8130e-01 (8.6216e-01)
Epoch: [17][ 60/140]	L_Src_Sup 2.8071e-01 (1.9624e-01)	L_Trg_Inj 3.9030e-01 (3.0202e-01)	Loss Disc 6.8608e-01 (6.8813e-01)	Loss Pred 4.7138e-01 (4.6281e-01)	Loss TOTAL 8.8153e-01 (8.6180e-01)
Epoch: [17][ 70/140]	L_Src_Sup 1.5126e-01 (1.9356e-01)	L_Trg_Inj 2.6143e-01 (3.0116e-01)	Loss Disc 6.9004e-01 (6.8802e-01)	Loss Pred 4.3991e-01 (4.6297e-01)	Loss TOTAL 8.2620e-01 (8.6095e-01)
Epoch: [17][ 80/140]	L_Src_Sup 2.5424e-01 (1.9360e-01)	L_Trg_Inj 1.7803e-01 (2.9939e-01)	Loss Disc 6.9051e-01 (6.8809e-01)	Loss Pred 4.4596e-01 (4.6445e-01)	Loss TOTAL 9.1066e-01 (8.6268e-01)
Epoch: [17][ 90/140]	L_Src_Sup 1.7392e-01 (1.9332e-01)	L_Trg_Inj 3.1196e-01 (2.9839e-01)	Loss Disc 6.8658e-01 (6.8807e-01)	Loss Pred 4.6523e-01 (4.6307e-01)	Loss TOTAL 8.5711e-01 (8.6061e-01)
Epoch: [17][100/140]	L_Src_Sup 1.2844e-01 (1.9505e-01)	L_Trg_Inj 4.0565e-01 (3.0095e-01)	Loss Disc 6.8837e-01 (6.8804e-01)	Loss Pred 5.0353e-01 (4.6411e-01)	Loss TOTAL 9.0112e-01 (8.6234e-01)
Epoch: [17][110/140]	L_Src_Sup 2.2807e-01 (1.9411e-01)	L_Trg_Inj 3.9008e-01 (2.9867e-01)	Loss Disc 6.8487e-01 (6.8802e-01)	Loss Pred 4.7202e-01 (4.6394e-01)	Loss TOTAL 8.7627e-01 (8.6294e-01)
Epoch: [17][120/140]	L_Src_Sup 2.0871e-01 (1.9465e-01)	L_Trg_Inj 2.3062e-01 (2.9796e-01)	Loss Disc 6.8817e-01 (6.8813e-01)	Loss Pred 4.6513e-01 (4.6432e-01)	Loss TOTAL 8.5314e-01 (8.6301e-01)
Epoch: [17][130/140]	L_Src_Sup 1.0346e-01 (1.9336e-01)	L_Trg_Inj 3.2755e-01 (2.9749e-01)	Loss Disc 6.8553e-01 (6.8814e-01)	Loss Pred 4.5897e-01 (4.6507e-01)	Loss TOTAL 8.4483e-01 (8.6335e-01)
Epoch: [17][140/140]	L_Src_Sup 1.4546e-01 (1.9312e-01)	L_Trg_Inj 2.8384e-01 (2.9678e-01)	Loss Disc 6.9072e-01 (6.8813e-01)	Loss Pred 4.9717e-01 (4.6432e-01)	Loss TOTAL 8.8546e-01 (8.6213e-01)
Epoch: [17][140/140]	L_Src_Sup 1.4546e-01 (1.9312e-01)	L_Trg_Inj 2.8384e-01 (2.9678e-01)	Loss Disc 6.9072e-01 (6.8813e-01)	Loss Pred 4.9717e-01 (4.6432e-01)	Loss TOTAL 8.8546e-01 (8.6213e-01)
Epoch 17 complete. Saving model state...
Epoch: [18][ 10/140]	L_Src_Sup 2.4140e-01 (1.9901e-01)	L_Trg_Inj 2.4955e-01 (2.6323e-01)	Loss Disc 6.8807e-01 (6.8855e-01)	Loss Pred 4.5885e-01 (4.5961e-01)	Loss TOTAL 8.5199e-01 (8.5805e-01)
Epoch: [18][ 20/140]	L_Src_Sup 1.8183e-01 (2.0778e-01)	L_Trg_Inj 2.1925e-01 (2.8153e-01)	Loss Disc 6.9488e-01 (6.8853e-01)	Loss Pred 4.9724e-01 (4.6404e-01)	Loss TOTAL 8.8478e-01 (8.6389e-01)
Epoch: [18][ 30/140]	L_Src_Sup 2.2021e-01 (2.0983e-01)	L_Trg_Inj 2.6527e-01 (2.6951e-01)	Loss Disc 6.9074e-01 (6.8889e-01)	Loss Pred 5.0370e-01 (4.6636e-01)	Loss TOTAL 8.9762e-01 (8.6428e-01)
Epoch: [18][ 40/140]	L_Src_Sup 2.0691e-01 (2.1221e-01)	L_Trg_Inj 3.7451e-01 (2.7496e-01)	Loss Disc 6.8623e-01 (6.8881e-01)	Loss Pred 4.5866e-01 (4.6702e-01)	Loss TOTAL 8.5992e-01 (8.6649e-01)
Epoch: [18][ 50/140]	L_Src_Sup 1.8192e-01 (2.0648e-01)	L_Trg_Inj 2.3401e-01 (2.7400e-01)	Loss Disc 6.8990e-01 (6.8891e-01)	Loss Pred 4.9721e-01 (4.6731e-01)	Loss TOTAL 8.8375e-01 (8.6594e-01)
Epoch: [18][ 60/140]	L_Src_Sup 1.7242e-01 (2.0022e-01)	L_Trg_Inj 2.1443e-01 (2.8254e-01)	Loss Disc 6.8944e-01 (6.8867e-01)	Loss Pred 4.5906e-01 (4.6626e-01)	Loss TOTAL 8.4247e-01 (8.6398e-01)
Epoch: [18][ 70/140]	L_Src_Sup 6.8377e-02 (1.9704e-01)	L_Trg_Inj 2.3374e-01 (2.8773e-01)	Loss Disc 6.9241e-01 (6.8842e-01)	Loss Pred 4.5271e-01 (4.6530e-01)	Loss TOTAL 8.2913e-01 (8.6237e-01)
Epoch: [18][ 80/140]	L_Src_Sup 1.4035e-01 (1.9537e-01)	L_Trg_Inj 2.3368e-01 (2.8956e-01)	Loss Disc 6.8928e-01 (6.8847e-01)	Loss Pred 4.7169e-01 (4.6578e-01)	Loss TOTAL 8.5373e-01 (8.6327e-01)
Epoch: [18][ 90/140]	L_Src_Sup 1.8972e-01 (1.9694e-01)	L_Trg_Inj 2.9571e-01 (2.9147e-01)	Loss Disc 6.8776e-01 (6.8842e-01)	Loss Pred 4.5899e-01 (4.6565e-01)	Loss TOTAL 8.5141e-01 (8.6379e-01)
Epoch: [18][100/140]	L_Src_Sup 2.9325e-01 (1.9924e-01)	L_Trg_Inj 2.5751e-01 (2.9449e-01)	Loss Disc 6.8812e-01 (6.8829e-01)	Loss Pred 4.5903e-01 (4.6563e-01)	Loss TOTAL 8.9391e-01 (8.6505e-01)
Epoch: [18][110/140]	L_Src_Sup 2.0871e-01 (2.0207e-01)	L_Trg_Inj 3.8489e-01 (2.9639e-01)	Loss Disc 6.9032e-01 (6.8829e-01)	Loss Pred 4.6750e-01 (4.6499e-01)	Loss TOTAL 8.7202e-01 (8.6500e-01)
Epoch: [18][120/140]	L_Src_Sup 2.2496e-01 (2.0085e-01)	L_Trg_Inj 3.2653e-01 (2.9718e-01)	Loss Disc 6.8977e-01 (6.8823e-01)	Loss Pred 4.6547e-01 (4.6430e-01)	Loss TOTAL 8.6551e-01 (8.6387e-01)
Epoch: [18][130/140]	L_Src_Sup 2.3731e-01 (1.9939e-01)	L_Trg_Inj 2.9167e-01 (3.0172e-01)	Loss Disc 6.9267e-01 (6.8812e-01)	Loss Pred 4.4628e-01 (4.6404e-01)	Loss TOTAL 8.4551e-01 (8.6342e-01)
Epoch: [18][140/140]	L_Src_Sup 1.8022e-01 (2.0131e-01)	L_Trg_Inj 4.3126e-01 (3.0147e-01)	Loss Disc 6.8758e-01 (6.8819e-01)	Loss Pred 4.9056e-01 (4.6458e-01)	Loss TOTAL 8.9550e-01 (8.6445e-01)
Epoch: [18][140/140]	L_Src_Sup 1.8022e-01 (2.0131e-01)	L_Trg_Inj 4.3126e-01 (3.0147e-01)	Loss Disc 6.8758e-01 (6.8819e-01)	Loss Pred 4.9056e-01 (4.6458e-01)	Loss TOTAL 8.9550e-01 (8.6445e-01)
Epoch 18 complete. Saving model state...
Epoch: [19][ 10/140]	L_Src_Sup 2.6318e-01 (2.2447e-01)	L_Trg_Inj 4.0192e-01 (3.2843e-01)	Loss Disc 6.8715e-01 (6.8769e-01)	Loss Pred 4.7182e-01 (4.5639e-01)	Loss TOTAL 8.8190e-01 (8.5553e-01)
Epoch: [19][ 20/140]	L_Src_Sup 2.0339e-01 (2.2514e-01)	L_Trg_Inj 4.2118e-01 (3.2620e-01)	Loss Disc 6.8291e-01 (6.8799e-01)	Loss Pred 4.4586e-01 (4.6426e-01)	Loss TOTAL 8.4977e-01 (8.7459e-01)
Epoch: [19][ 30/140]	L_Src_Sup 1.6366e-01 (2.1270e-01)	L_Trg_Inj 2.8180e-01 (3.2171e-01)	Loss Disc 6.9260e-01 (6.8783e-01)	Loss Pred 4.9743e-01 (4.5949e-01)	Loss TOTAL 8.8828e-01 (8.6459e-01)
Epoch: [19][ 40/140]	L_Src_Sup 1.6072e-01 (2.0673e-01)	L_Trg_Inj 3.4959e-01 (3.2345e-01)	Loss Disc 6.9015e-01 (6.8777e-01)	Loss Pred 4.8436e-01 (4.6250e-01)	Loss TOTAL 8.8047e-01 (8.6577e-01)
Epoch: [19][ 50/140]	L_Src_Sup 2.0002e-01 (2.0573e-01)	L_Trg_Inj 4.7826e-01 (3.2699e-01)	Loss Disc 6.8733e-01 (6.8746e-01)	Loss Pred 4.9687e-01 (4.6205e-01)	Loss TOTAL 9.0836e-01 (8.6446e-01)
Epoch: [19][ 60/140]	L_Src_Sup 2.0675e-01 (2.0316e-01)	L_Trg_Inj 4.4299e-01 (3.2585e-01)	Loss Disc 6.8234e-01 (6.8739e-01)	Loss Pred 4.5886e-01 (4.6089e-01)	Loss TOTAL 8.6500e-01 (8.6200e-01)
Epoch: [19][ 70/140]	L_Src_Sup 1.9653e-01 (2.0655e-01)	L_Trg_Inj 3.5770e-01 (3.2315e-01)	Loss Disc 6.9020e-01 (6.8774e-01)	Loss Pred 4.8429e-01 (4.6368e-01)	Loss TOTAL 8.8481e-01 (8.6501e-01)
Epoch: [19][ 80/140]	L_Src_Sup 2.4175e-01 (2.0665e-01)	L_Trg_Inj 2.9625e-01 (3.2223e-01)	Loss Disc 6.8670e-01 (6.8788e-01)	Loss Pred 4.5877e-01 (4.6450e-01)	Loss TOTAL 8.5592e-01 (8.6571e-01)
Epoch: [19][ 90/140]	L_Src_Sup 2.8580e-01 (2.0651e-01)	L_Trg_Inj 2.7316e-01 (3.1984e-01)	Loss Disc 6.8938e-01 (6.8789e-01)	Loss Pred 4.3982e-01 (4.6409e-01)	Loss TOTAL 8.5304e-01 (8.6470e-01)
Epoch: [19][100/140]	L_Src_Sup 2.8097e-01 (2.0662e-01)	L_Trg_Inj 2.4505e-01 (3.1428e-01)	Loss Disc 6.9127e-01 (6.8803e-01)	Loss Pred 4.7166e-01 (4.6389e-01)	Loss TOTAL 9.0581e-01 (8.6425e-01)
Epoch: [19][110/140]	L_Src_Sup 1.9093e-01 (2.0746e-01)	L_Trg_Inj 3.2942e-01 (3.1492e-01)	Loss Disc 6.8622e-01 (6.8802e-01)	Loss Pred 4.5838e-01 (4.6390e-01)	Loss TOTAL 8.5353e-01 (8.6456e-01)
Epoch: [19][120/140]	L_Src_Sup 2.2249e-01 (2.0487e-01)	L_Trg_Inj 3.3841e-01 (3.1482e-01)	Loss Disc 6.8863e-01 (6.8801e-01)	Loss Pred 4.5240e-01 (4.6395e-01)	Loss TOTAL 8.5281e-01 (8.6397e-01)
Epoch: [19][130/140]	L_Src_Sup 1.8806e-01 (2.0377e-01)	L_Trg_Inj 2.7690e-01 (3.1338e-01)	Loss Disc 6.8536e-01 (6.8801e-01)	Loss Pred 4.5254e-01 (4.6386e-01)	Loss TOTAL 8.4172e-01 (8.6342e-01)
Epoch: [19][140/140]	L_Src_Sup 1.0621e-01 (2.0275e-01)	L_Trg_Inj 2.0006e-01 (3.1162e-01)	Loss Disc 6.8918e-01 (6.8809e-01)	Loss Pred 4.7796e-01 (4.6436e-01)	Loss TOTAL 8.5318e-01 (8.6383e-01)
Epoch: [19][140/140]	L_Src_Sup 1.0621e-01 (2.0275e-01)	L_Trg_Inj 2.0006e-01 (3.1162e-01)	Loss Disc 6.8918e-01 (6.8809e-01)	Loss Pred 4.7796e-01 (4.6436e-01)	Loss TOTAL 8.5318e-01 (8.6383e-01)
Epoch 19 complete. Saving model state...
Epoch: [20][ 10/140]	L_Src_Sup 2.2034e-01 (1.7442e-01)	L_Trg_Inj 3.2786e-01 (2.9660e-01)	Loss Disc 6.8472e-01 (6.8853e-01)	Loss Pred 4.4598e-01 (4.6142e-01)	Loss TOTAL 8.4316e-01 (8.5278e-01)
Epoch: [20][ 20/140]	L_Src_Sup 3.3045e-01 (1.8078e-01)	L_Trg_Inj 2.0005e-01 (2.9640e-01)	Loss Disc 6.8955e-01 (6.8824e-01)	Loss Pred 4.6518e-01 (4.6615e-01)	Loss TOTAL 9.9340e-01 (8.6451e-01)
Epoch: [20][ 30/140]	L_Src_Sup 1.5662e-01 (1.8634e-01)	L_Trg_Inj 4.6026e-01 (3.0355e-01)	Loss Disc 6.8418e-01 (6.8792e-01)	Loss Pred 4.6531e-01 (4.6629e-01)	Loss TOTAL 8.6909e-01 (8.6499e-01)
Epoch: [20][ 40/140]	L_Src_Sup 2.1145e-01 (1.8899e-01)	L_Trg_Inj 3.8453e-01 (3.0574e-01)	Loss Disc 6.8610e-01 (6.8797e-01)	Loss Pred 4.7206e-01 (4.6635e-01)	Loss TOTAL 8.7470e-01 (8.6565e-01)
Epoch: [20][ 50/140]	L_Src_Sup 2.3737e-01 (1.8665e-01)	L_Trg_Inj 2.8112e-01 (3.0288e-01)	Loss Disc 6.9168e-01 (6.8820e-01)	Loss Pred 4.4625e-01 (4.6512e-01)	Loss TOTAL 8.4394e-01 (8.6403e-01)
Epoch: [20][ 60/140]	L_Src_Sup 2.4472e-01 (1.8955e-01)	L_Trg_Inj 3.1237e-01 (3.0402e-01)	Loss Disc 6.8936e-01 (6.8839e-01)	Loss Pred 4.6530e-01 (4.6557e-01)	Loss TOTAL 8.6569e-01 (8.6439e-01)
Epoch: [20][ 70/140]	L_Src_Sup 1.5318e-01 (1.9266e-01)	L_Trg_Inj 2.1854e-01 (3.0163e-01)	Loss Disc 6.8664e-01 (6.8806e-01)	Loss Pred 4.4636e-01 (4.6435e-01)	Loss TOTAL 8.2686e-01 (8.6271e-01)
Epoch: [20][ 80/140]	L_Src_Sup 1.1768e-01 (1.9302e-01)	L_Trg_Inj 2.3419e-01 (2.9844e-01)	Loss Disc 6.8802e-01 (6.8812e-01)	Loss Pred 4.4004e-01 (4.6469e-01)	Loss TOTAL 8.1924e-01 (8.6270e-01)
Epoch: [20][ 90/140]	L_Src_Sup 1.8814e-01 (1.9190e-01)	L_Trg_Inj 2.6497e-01 (2.9597e-01)	Loss Disc 6.8688e-01 (6.8819e-01)	Loss Pred 4.5231e-01 (4.6552e-01)	Loss TOTAL 8.4106e-01 (8.6341e-01)
Epoch: [20][100/140]	L_Src_Sup 2.2019e-01 (1.9075e-01)	L_Trg_Inj 3.4338e-01 (2.9534e-01)	Loss Disc 6.9008e-01 (6.8840e-01)	Loss Pred 5.0319e-01 (4.6657e-01)	Loss TOTAL 9.0459e-01 (8.6389e-01)
Epoch: [20][110/140]	L_Src_Sup 1.6808e-01 (1.9004e-01)	L_Trg_Inj 3.4656e-01 (2.9512e-01)	Loss Disc 6.8692e-01 (6.8832e-01)	Loss Pred 4.3999e-01 (4.6524e-01)	Loss TOTAL 8.3491e-01 (8.6201e-01)
Epoch: [20][120/140]	L_Src_Sup 2.7525e-01 (1.9127e-01)	L_Trg_Inj 4.2155e-01 (2.9672e-01)	Loss Disc 6.9009e-01 (6.8837e-01)	Loss Pred 5.0317e-01 (4.6545e-01)	Loss TOTAL 9.1789e-01 (8.6225e-01)
Epoch: [20][130/140]	L_Src_Sup 1.5654e-01 (1.9250e-01)	L_Trg_Inj 2.8261e-01 (2.9551e-01)	Loss Disc 6.8610e-01 (6.8833e-01)	Loss Pred 4.6521e-01 (4.6489e-01)	Loss TOTAL 8.5217e-01 (8.6138e-01)
Epoch: [20][140/140]	L_Src_Sup 2.5229e-01 (1.9480e-01)	L_Trg_Inj 3.4526e-01 (2.9695e-01)	Loss Disc 6.8722e-01 (6.8827e-01)	Loss Pred 4.9066e-01 (4.6447e-01)	Loss TOTAL 8.9403e-01 (8.6114e-01)
Epoch: [20][140/140]	L_Src_Sup 2.5229e-01 (1.9480e-01)	L_Trg_Inj 3.4526e-01 (2.9695e-01)	Loss Disc 6.8722e-01 (6.8827e-01)	Loss Pred 4.9066e-01 (4.6447e-01)	Loss TOTAL 8.9403e-01 (8.6114e-01)
Epoch 20 complete. Saving model state...
Epoch: [21][ 10/140]	L_Src_Sup 1.7414e-01 (1.8653e-01)	L_Trg_Inj 2.7429e-01 (2.9632e-01)	Loss Disc 6.8481e-01 (6.8677e-01)	Loss Pred 4.3985e-01 (4.5633e-01)	Loss TOTAL 8.2710e-01 (8.4800e-01)
Epoch: [21][ 20/140]	L_Src_Sup 3.2957e-01 (2.0188e-01)	L_Trg_Inj 4.0884e-01 (3.1193e-01)	Loss Disc 6.9086e-01 (6.8751e-01)	Loss Pred 4.7217e-01 (4.6432e-01)	Loss TOTAL 8.9144e-01 (8.6011e-01)
Epoch: [21][ 30/140]	L_Src_Sup 1.3797e-01 (2.0025e-01)	L_Trg_Inj 2.4973e-01 (2.8580e-01)	Loss Disc 6.8712e-01 (6.8805e-01)	Loss Pred 4.5897e-01 (4.6416e-01)	Loss TOTAL 8.4130e-01 (8.6533e-01)
Epoch: [21][ 40/140]	L_Src_Sup 1.2844e-01 (1.9643e-01)	L_Trg_Inj 2.6531e-01 (2.8224e-01)	Loss Disc 6.9517e-01 (6.8831e-01)	Loss Pred 5.0351e-01 (4.6523e-01)	Loss TOTAL 8.9048e-01 (8.6539e-01)
Epoch: [21][ 50/140]	L_Src_Sup 7.1429e-02 (1.9251e-01)	L_Trg_Inj 2.4968e-01 (2.7922e-01)	Loss Disc 6.9094e-01 (6.8841e-01)	Loss Pred 4.8446e-01 (4.6472e-01)	Loss TOTAL 8.6204e-01 (8.6529e-01)
Epoch: [21][ 60/140]	L_Src_Sup 1.9131e-01 (1.9526e-01)	L_Trg_Inj 3.1192e-01 (2.8632e-01)	Loss Disc 6.8776e-01 (6.8822e-01)	Loss Pred 4.6509e-01 (4.6447e-01)	Loss TOTAL 8.5929e-01 (8.6441e-01)
Epoch: [21][ 70/140]	L_Src_Sup 1.5258e-01 (1.9304e-01)	L_Trg_Inj 3.2765e-01 (2.9045e-01)	Loss Disc 6.8495e-01 (6.8813e-01)	Loss Pred 4.4617e-01 (4.6467e-01)	Loss TOTAL 8.3666e-01 (8.6365e-01)
Epoch: [21][ 80/140]	L_Src_Sup 7.4532e-01 (2.3431e-01)	L_Trg_Inj 7.8164e-01 (3.2753e-01)	Loss Disc 6.9170e-01 (6.8807e-01)	Loss Pred 4.7693e-01 (4.6497e-01)	Loss TOTAL 9.7548e-01 (8.7216e-01)
Epoch: [21][ 90/140]	L_Src_Sup 2.2421e-01 (2.2894e-01)	L_Trg_Inj 3.2980e-01 (3.2121e-01)	Loss Disc 6.8760e-01 (6.8816e-01)	Loss Pred 4.5846e-01 (4.6514e-01)	Loss TOTAL 8.5767e-01 (8.7107e-01)
Epoch: [21][100/140]	L_Src_Sup 1.9475e-01 (2.2483e-01)	L_Trg_Inj 2.8102e-01 (3.2132e-01)	Loss Disc 6.8745e-01 (6.8805e-01)	Loss Pred 4.7787e-01 (4.6565e-01)	Loss TOTAL 8.6918e-01 (8.7044e-01)
Epoch: [21][110/140]	L_Src_Sup 1.9131e-01 (2.2300e-01)	L_Trg_Inj 3.5461e-01 (3.1900e-01)	Loss Disc 6.8272e-01 (6.8802e-01)	Loss Pred 4.6520e-01 (4.6543e-01)	Loss TOTAL 8.6115e-01 (8.6924e-01)
Epoch: [21][120/140]	L_Src_Sup 3.1408e-01 (2.2185e-01)	L_Trg_Inj 2.1920e-01 (3.1681e-01)	Loss Disc 6.9050e-01 (6.8798e-01)	Loss Pred 4.2675e-01 (4.6426e-01)	Loss TOTAL 9.2021e-01 (8.6831e-01)
Epoch: [21][130/140]	L_Src_Sup 2.2723e-01 (2.1913e-01)	L_Trg_Inj 3.9406e-01 (3.1524e-01)	Loss Disc 6.8603e-01 (6.8805e-01)	Loss Pred 4.7791e-01 (4.6467e-01)	Loss TOTAL 8.8305e-01 (8.6827e-01)
Epoch: [21][140/140]	L_Src_Sup 2.3933e-01 (2.1901e-01)	L_Trg_Inj 3.7209e-01 (3.1389e-01)	Loss Disc 6.8899e-01 (6.8809e-01)	Loss Pred 4.5240e-01 (4.6466e-01)	Loss TOTAL 8.5803e-01 (8.6798e-01)
Epoch: [21][140/140]	L_Src_Sup 2.3933e-01 (2.1901e-01)	L_Trg_Inj 3.7209e-01 (3.1389e-01)	Loss Disc 6.8899e-01 (6.8809e-01)	Loss Pred 4.5240e-01 (4.6466e-01)	Loss TOTAL 8.5803e-01 (8.6798e-01)
Epoch 21 complete. Saving model state...
Epoch: [22][ 10/140]	L_Src_Sup 2.2611e-01 (2.2307e-01)	L_Trg_Inj 2.8926e-01 (3.2738e-01)	Loss Disc 6.8751e-01 (6.8836e-01)	Loss Pred 4.6502e-01 (4.6709e-01)	Loss TOTAL 8.6031e-01 (8.8213e-01)
Epoch: [22][ 20/140]	L_Src_Sup 2.8572e-01 (2.1945e-01)	L_Trg_Inj 2.1251e-01 (3.2057e-01)	Loss Disc 6.9523e-01 (6.8798e-01)	Loss Pred 4.8416e-01 (4.6739e-01)	Loss TOTAL 9.5481e-01 (8.7695e-01)
Epoch: [22][ 30/140]	L_Src_Sup 1.2069e-01 (2.0526e-01)	L_Trg_Inj 3.0752e-01 (3.1791e-01)	Loss Disc 6.8279e-01 (6.8761e-01)	Loss Pred 4.5895e-01 (4.6475e-01)	Loss TOTAL 8.4316e-01 (8.6875e-01)
Epoch: [22][ 40/140]	L_Src_Sup 2.2414e-01 (2.0910e-01)	L_Trg_Inj 3.2768e-01 (3.1062e-01)	Loss Disc 6.8508e-01 (6.8753e-01)	Loss Pred 4.5824e-01 (4.6042e-01)	Loss TOTAL 8.5597e-01 (8.6245e-01)
Epoch: [22][ 50/140]	L_Src_Sup 1.8644e-01 (2.0753e-01)	L_Trg_Inj 2.2771e-01 (3.1326e-01)	Loss Disc 6.8932e-01 (6.8777e-01)	Loss Pred 4.4620e-01 (4.6275e-01)	Loss TOTAL 8.3228e-01 (8.6375e-01)
Epoch: [22][ 60/140]	L_Src_Sup 1.6807e-01 (2.0812e-01)	L_Trg_Inj 3.4470e-01 (3.1719e-01)	Loss Disc 6.8580e-01 (6.8779e-01)	Loss Pred 4.3982e-01 (4.6179e-01)	Loss TOTAL 8.3399e-01 (8.6247e-01)
Epoch: [22][ 70/140]	L_Src_Sup 1.9132e-01 (2.0815e-01)	L_Trg_Inj 3.3834e-01 (3.1555e-01)	Loss Disc 6.8645e-01 (6.8788e-01)	Loss Pred 4.6487e-01 (4.6236e-01)	Loss TOTAL 8.6107e-01 (8.6365e-01)
Epoch: [22][ 80/140]	L_Src_Sup 2.1849e-01 (2.0731e-01)	L_Trg_Inj 4.3861e-01 (3.1722e-01)	Loss Disc 6.8447e-01 (6.8780e-01)	Loss Pred 4.4004e-01 (4.6211e-01)	Loss TOTAL 8.4798e-01 (8.6283e-01)
Epoch: [22][ 90/140]	L_Src_Sup 8.6214e-02 (2.0305e-01)	L_Trg_Inj 1.4493e-01 (3.1391e-01)	Loss Disc 6.9052e-01 (6.8793e-01)	Loss Pred 4.5871e-01 (4.6252e-01)	Loss TOTAL 8.2709e-01 (8.6205e-01)
Epoch: [22][100/140]	L_Src_Sup 1.5937e-01 (2.0339e-01)	L_Trg_Inj 3.0675e-01 (3.1099e-01)	Loss Disc 6.8798e-01 (6.8797e-01)	Loss Pred 4.7766e-01 (4.6380e-01)	Loss TOTAL 8.6826e-01 (8.6336e-01)
Epoch: [22][110/140]	L_Src_Sup 7.0810e-02 (2.0128e-01)	L_Trg_Inj 3.0615e-01 (3.1064e-01)	Loss Disc 6.8839e-01 (6.8808e-01)	Loss Pred 4.7779e-01 (4.6432e-01)	Loss TOTAL 8.5968e-01 (8.6387e-01)
Epoch: [22][120/140]	L_Src_Sup 2.0004e-01 (2.0211e-01)	L_Trg_Inj 2.9648e-01 (3.0825e-01)	Loss Disc 6.9005e-01 (6.8803e-01)	Loss Pred 4.9689e-01 (4.6408e-01)	Loss TOTAL 8.9156e-01 (8.6314e-01)
Epoch: [22][130/140]	L_Src_Sup 1.8967e-01 (2.0095e-01)	L_Trg_Inj 3.2943e-01 (3.0710e-01)	Loss Disc 6.8797e-01 (6.8804e-01)	Loss Pred 4.5882e-01 (4.6417e-01)	Loss TOTAL 8.5472e-01 (8.6270e-01)
Epoch: [22][140/140]	L_Src_Sup 1.9821e-01 (1.9973e-01)	L_Trg_Inj 2.6451e-01 (3.0716e-01)	Loss Disc 6.9037e-01 (6.8807e-01)	Loss Pred 4.9042e-01 (4.6451e-01)	Loss TOTAL 8.8188e-01 (8.6268e-01)
Epoch: [22][140/140]	L_Src_Sup 1.9821e-01 (1.9973e-01)	L_Trg_Inj 2.6451e-01 (3.0716e-01)	Loss Disc 6.9037e-01 (6.8807e-01)	Loss Pred 4.9042e-01 (4.6451e-01)	Loss TOTAL 8.8188e-01 (8.6268e-01)
Epoch 22 complete. Saving model state...
Epoch: [23][ 10/140]	L_Src_Sup 1.9313e-01 (1.8493e-01)	L_Trg_Inj 2.3054e-01 (2.5268e-01)	Loss Disc 6.9080e-01 (6.8882e-01)	Loss Pred 4.7147e-01 (4.6833e-01)	Loss TOTAL 8.5924e-01 (8.6657e-01)
Epoch: [23][ 20/140]	L_Src_Sup 2.5869e-01 (1.9130e-01)	L_Trg_Inj 1.7159e-01 (2.7088e-01)	Loss Disc 6.8996e-01 (6.8840e-01)	Loss Pred 4.5872e-01 (4.6705e-01)	Loss TOTAL 9.3383e-01 (8.6858e-01)
Epoch: [23][ 30/140]	L_Src_Sup 2.2223e-01 (1.9515e-01)	L_Trg_Inj 3.6876e-01 (2.8186e-01)	Loss Disc 6.8689e-01 (6.8824e-01)	Loss Pred 4.5274e-01 (4.6559e-01)	Loss TOTAL 8.5528e-01 (8.6481e-01)
Epoch: [23][ 40/140]	L_Src_Sup 1.7243e-01 (2.0177e-01)	L_Trg_Inj 3.1245e-01 (2.8435e-01)	Loss Disc 6.8773e-01 (6.8841e-01)	Loss Pred 4.5847e-01 (4.6768e-01)	Loss TOTAL 8.5082e-01 (8.6691e-01)
Epoch: [23][ 50/140]	L_Src_Sup 2.3637e-01 (2.0071e-01)	L_Trg_Inj 4.2115e-01 (2.9165e-01)	Loss Disc 6.8680e-01 (6.8833e-01)	Loss Pred 4.9692e-01 (4.6693e-01)	Loss TOTAL 9.0607e-01 (8.6547e-01)
Epoch: [23][ 60/140]	L_Src_Sup 1.8647e-01 (1.9773e-01)	L_Trg_Inj 3.1208e-01 (2.9255e-01)	Loss Disc 6.8827e-01 (6.8839e-01)	Loss Pred 4.4577e-01 (4.6653e-01)	Loss TOTAL 8.3976e-01 (8.6468e-01)
Epoch: [23][ 70/140]	L_Src_Sup 2.1675e-01 (2.0254e-01)	L_Trg_Inj 2.3395e-01 (2.9423e-01)	Loss Disc 6.8850e-01 (6.8817e-01)	Loss Pred 4.9108e-01 (4.6616e-01)	Loss TOTAL 8.8040e-01 (8.6519e-01)
Epoch: [23][ 80/140]	L_Src_Sup 1.6088e-01 (2.0551e-01)	L_Trg_Inj 2.9602e-01 (2.9699e-01)	Loss Disc 6.9160e-01 (6.8820e-01)	Loss Pred 4.8403e-01 (4.6642e-01)	Loss TOTAL 8.7552e-01 (8.6596e-01)
Epoch: [23][ 90/140]	L_Src_Sup 2.1430e-01 (2.0341e-01)	L_Trg_Inj 3.7659e-01 (2.9670e-01)	Loss Disc 6.8626e-01 (6.8807e-01)	Loss Pred 4.8416e-01 (4.6565e-01)	Loss TOTAL 8.8638e-01 (8.6470e-01)
Epoch: [23][100/140]	L_Src_Sup 2.0517e-01 (2.0411e-01)	L_Trg_Inj 2.6132e-01 (2.9464e-01)	Loss Disc 6.8940e-01 (6.8814e-01)	Loss Pred 4.5248e-01 (4.6497e-01)	Loss TOTAL 8.4383e-01 (8.6352e-01)
Epoch: [23][110/140]	L_Src_Sup 1.4957e-01 (2.0344e-01)	L_Trg_Inj 3.4603e-01 (2.9392e-01)	Loss Disc 6.8998e-01 (6.8813e-01)	Loss Pred 5.1610e-01 (4.6476e-01)	Loss TOTAL 9.1065e-01 (8.6284e-01)
Epoch: [23][120/140]	L_Src_Sup 1.7242e-01 (2.0260e-01)	L_Trg_Inj 2.6139e-01 (2.9327e-01)	Loss Disc 6.8809e-01 (6.8820e-01)	Loss Pred 4.5910e-01 (4.6515e-01)	Loss TOTAL 8.4653e-01 (8.6311e-01)
Epoch: [23][130/140]	L_Src_Sup 1.6960e-01 (2.0154e-01)	L_Trg_Inj 3.6233e-01 (2.9289e-01)	Loss Disc 6.8680e-01 (6.8809e-01)	Loss Pred 4.4605e-01 (4.6447e-01)	Loss TOTAL 8.4264e-01 (8.6283e-01)
Epoch: [23][140/140]	L_Src_Sup 1.9133e-01 (2.0025e-01)	L_Trg_Inj 3.7509e-01 (2.9401e-01)	Loss Disc 6.8272e-01 (6.8803e-01)	Loss Pred 4.6530e-01 (4.6429e-01)	Loss TOTAL 8.6331e-01 (8.6226e-01)
Epoch: [23][140/140]	L_Src_Sup 1.9133e-01 (2.0025e-01)	L_Trg_Inj 3.7509e-01 (2.9401e-01)	Loss Disc 6.8272e-01 (6.8803e-01)	Loss Pred 4.6530e-01 (4.6429e-01)	Loss TOTAL 8.6331e-01 (8.6226e-01)
Epoch 23 complete. Saving model state...
Epoch: [24][ 10/140]	L_Src_Sup 1.4546e-01 (1.7133e-01)	L_Trg_Inj 2.7576e-01 (3.1081e-01)	Loss Disc 6.9274e-01 (6.8851e-01)	Loss Pred 4.9674e-01 (4.6197e-01)	Loss TOTAL 8.8523e-01 (8.5444e-01)
Epoch: [24][ 20/140]	L_Src_Sup 1.8028e-01 (1.8702e-01)	L_Trg_Inj 2.8038e-01 (2.9403e-01)	Loss Disc 6.8976e-01 (6.8836e-01)	Loss Pred 4.9050e-01 (4.5944e-01)	Loss TOTAL 8.8144e-01 (8.5394e-01)
Epoch: [24][ 30/140]	L_Src_Sup 2.2809e-01 (1.9498e-01)	L_Trg_Inj 3.4263e-01 (2.9345e-01)	Loss Disc 6.8818e-01 (6.8827e-01)	Loss Pred 4.7154e-01 (4.6048e-01)	Loss TOTAL 8.7271e-01 (8.5657e-01)
Epoch: [24][ 40/140]	L_Src_Sup 1.4035e-01 (1.9740e-01)	L_Trg_Inj 2.6424e-01 (2.9195e-01)	Loss Disc 6.9111e-01 (6.8837e-01)	Loss Pred 4.7208e-01 (4.6249e-01)	Loss TOTAL 8.5809e-01 (8.5794e-01)
Epoch: [24][ 50/140]	L_Src_Sup 1.6169e-01 (1.9974e-01)	L_Trg_Inj 3.0127e-01 (2.9052e-01)	Loss Disc 6.8518e-01 (6.8838e-01)	Loss Pred 4.0790e-01 (4.6176e-01)	Loss TOTAL 7.9679e-01 (8.5843e-01)
Epoch: [24][ 60/140]	L_Src_Sup 1.1866e-01 (1.9810e-01)	L_Trg_Inj 3.7262e-01 (2.9261e-01)	Loss Disc 6.8546e-01 (6.8842e-01)	Loss Pred 4.4615e-01 (4.6243e-01)	Loss TOTAL 8.3801e-01 (8.5859e-01)
Epoch: [24][ 70/140]	L_Src_Sup 1.9250e-01 (2.0148e-01)	L_Trg_Inj 3.0985e-01 (2.9477e-01)	Loss Disc 6.9061e-01 (6.8849e-01)	Loss Pred 4.6496e-01 (4.6489e-01)	Loss TOTAL 8.6050e-01 (8.6343e-01)
Epoch: [24][ 80/140]	L_Src_Sup 1.7110e-01 (2.0150e-01)	L_Trg_Inj 3.0700e-01 (2.9525e-01)	Loss Disc 6.8444e-01 (6.8833e-01)	Loss Pred 4.5248e-01 (4.6397e-01)	Loss TOTAL 8.4251e-01 (8.6226e-01)
Epoch: [24][ 90/140]	L_Src_Sup 1.8339e-01 (2.0294e-01)	L_Trg_Inj 2.1835e-01 (2.9364e-01)	Loss Disc 6.8484e-01 (6.8819e-01)	Loss Pred 4.3355e-01 (4.6347e-01)	Loss TOTAL 8.1614e-01 (8.6358e-01)
Epoch: [24][100/140]	L_Src_Sup 2.4561e-01 (2.0148e-01)	L_Trg_Inj 2.9050e-01 (2.9431e-01)	Loss Disc 6.8805e-01 (6.8817e-01)	Loss Pred 4.7143e-01 (4.6446e-01)	Loss TOTAL 8.6907e-01 (8.6384e-01)
Epoch: [24][110/140]	L_Src_Sup 2.9057e-01 (2.0386e-01)	L_Trg_Inj 3.4293e-01 (2.9515e-01)	Loss Disc 6.8265e-01 (6.8811e-01)	Loss Pred 4.5236e-01 (4.6452e-01)	Loss TOTAL 8.5703e-01 (8.6422e-01)
Epoch: [24][120/140]	L_Src_Sup 5.0024e-02 (2.0095e-01)	L_Trg_Inj 3.7457e-01 (2.9680e-01)	Loss Disc 6.8231e-01 (6.8806e-01)	Loss Pred 4.3328e-01 (4.6441e-01)	Loss TOTAL 8.1689e-01 (8.6369e-01)
Epoch: [24][130/140]	L_Src_Sup 1.2502e-01 (2.0076e-01)	L_Trg_Inj 2.9135e-01 (2.9629e-01)	Loss Disc 6.8980e-01 (6.8814e-01)	Loss Pred 4.8406e-01 (4.6471e-01)	Loss TOTAL 8.7059e-01 (8.6404e-01)
Epoch: [24][140/140]	L_Src_Sup 1.5386e-01 (2.0259e-01)	L_Trg_Inj 2.7116e-01 (2.9623e-01)	Loss Disc 6.9004e-01 (6.8815e-01)	Loss Pred 4.5236e-01 (4.6438e-01)	Loss TOTAL 8.3989e-01 (8.6464e-01)
Epoch: [24][140/140]	L_Src_Sup 1.5386e-01 (2.0259e-01)	L_Trg_Inj 2.7116e-01 (2.9623e-01)	Loss Disc 6.9004e-01 (6.8815e-01)	Loss Pred 4.5236e-01 (4.6438e-01)	Loss TOTAL 8.3989e-01 (8.6464e-01)
Epoch 24 complete. Saving model state...
Epoch: [25][ 10/140]	L_Src_Sup 2.6672e-01 (2.0525e-01)	L_Trg_Inj 3.2294e-01 (2.9991e-01)	Loss Disc 6.8615e-01 (6.8862e-01)	Loss Pred 4.3535e-01 (4.5810e-01)	Loss TOTAL 8.3739e-01 (8.5641e-01)
Epoch: [25][ 20/140]	L_Src_Sup 2.4348e-01 (2.0502e-01)	L_Trg_Inj 2.4257e-01 (3.0401e-01)	Loss Disc 6.9075e-01 (6.8795e-01)	Loss Pred 4.6514e-01 (4.6116e-01)	Loss TOTAL 8.6003e-01 (8.6124e-01)
Epoch: [25][ 30/140]	L_Src_Sup 1.8649e-01 (1.9500e-01)	L_Trg_Inj 3.7192e-01 (3.1705e-01)	Loss Disc 6.8432e-01 (6.8762e-01)	Loss Pred 4.4635e-01 (4.6102e-01)	Loss TOTAL 8.4435e-01 (8.5961e-01)
Epoch: [25][ 40/140]	L_Src_Sup 1.0621e-01 (1.9185e-01)	L_Trg_Inj 3.7479e-01 (3.1307e-01)	Loss Disc 6.8818e-01 (6.8840e-01)	Loss Pred 4.7768e-01 (4.6726e-01)	Loss TOTAL 8.6987e-01 (8.6490e-01)
Epoch: [25][ 50/140]	L_Src_Sup 1.9132e-01 (1.9305e-01)	L_Trg_Inj 1.8726e-01 (3.0734e-01)	Loss Disc 6.9154e-01 (6.8835e-01)	Loss Pred 4.6508e-01 (4.6621e-01)	Loss TOTAL 8.5277e-01 (8.6320e-01)
Epoch: [25][ 60/140]	L_Src_Sup 2.9832e-01 (1.9653e-01)	L_Trg_Inj 2.3085e-01 (3.0431e-01)	Loss Disc 6.8926e-01 (6.8842e-01)	Loss Pred 4.7136e-01 (4.6761e-01)	Loss TOTAL 9.3637e-01 (8.6833e-01)
Epoch: [25][ 70/140]	L_Src_Sup 2.0594e-01 (1.9547e-01)	L_Trg_Inj 3.4415e-01 (3.0361e-01)	Loss Disc 6.8869e-01 (6.8828e-01)	Loss Pred 4.5218e-01 (4.6680e-01)	Loss TOTAL 8.5154e-01 (8.6748e-01)
Epoch: [25][ 80/140]	L_Src_Sup 1.8966e-01 (1.9070e-01)	L_Trg_Inj 3.7479e-01 (2.9743e-01)	Loss Disc 6.8700e-01 (6.8830e-01)	Loss Pred 4.5887e-01 (4.6541e-01)	Loss TOTAL 8.5882e-01 (8.6417e-01)
Epoch: [25][ 90/140]	L_Src_Sup 1.9470e-01 (1.9175e-01)	L_Trg_Inj 2.0304e-01 (2.9819e-01)	Loss Disc 6.9798e-01 (6.8835e-01)	Loss Pred 4.7742e-01 (4.6609e-01)	Loss TOTAL 8.6619e-01 (8.6441e-01)
Epoch: [25][100/140]	L_Src_Sup 3.1039e-01 (1.9364e-01)	L_Trg_Inj 3.4366e-01 (2.9883e-01)	Loss Disc 6.8461e-01 (6.8823e-01)	Loss Pred 4.5876e-01 (4.6605e-01)	Loss TOTAL 8.6647e-01 (8.6432e-01)
Epoch: [25][110/140]	L_Src_Sup 1.2864e-01 (1.9513e-01)	L_Trg_Inj 3.1600e-01 (2.9781e-01)	Loss Disc 6.8165e-01 (6.8818e-01)	Loss Pred 4.0176e-01 (4.6551e-01)	Loss TOTAL 7.8705e-01 (8.6449e-01)
Epoch: [25][120/140]	L_Src_Sup 2.0173e-01 (1.9473e-01)	L_Trg_Inj 2.3302e-01 (2.9782e-01)	Loss Disc 6.8994e-01 (6.8814e-01)	Loss Pred 4.3983e-01 (4.6558e-01)	Loss TOTAL 8.2827e-01 (8.6546e-01)
Epoch: [25][130/140]	L_Src_Sup 1.2583e-01 (1.9630e-01)	L_Trg_Inj 3.1302e-01 (2.9581e-01)	Loss Disc 6.8471e-01 (6.8818e-01)	Loss Pred 4.6607e-01 (4.6498e-01)	Loss TOTAL 8.5230e-01 (8.6539e-01)
Epoch: [25][140/140]	L_Src_Sup 1.3794e-01 (1.9453e-01)	L_Trg_Inj 2.6540e-01 (2.9580e-01)	Loss Disc 6.8808e-01 (6.8817e-01)	Loss Pred 4.5897e-01 (4.6454e-01)	Loss TOTAL 8.4334e-01 (8.6425e-01)
Epoch: [25][140/140]	L_Src_Sup 1.3794e-01 (1.9453e-01)	L_Trg_Inj 2.6540e-01 (2.9580e-01)	Loss Disc 6.8808e-01 (6.8817e-01)	Loss Pred 4.5897e-01 (4.6454e-01)	Loss TOTAL 8.4334e-01 (8.6425e-01)
Epoch 25 complete. Saving model state...
Epoch: [26][ 10/140]	L_Src_Sup 2.2439e-01 (1.9408e-01)	L_Trg_Inj 1.4055e-01 (2.6243e-01)	Loss Disc 6.9422e-01 (6.8910e-01)	Loss Pred 5.1571e-01 (4.8536e-01)	Loss TOTAL 9.8314e-01 (8.9061e-01)
Epoch: [26][ 20/140]	L_Src_Sup 2.0690e-01 (1.9784e-01)	L_Trg_Inj 2.9661e-01 (2.7331e-01)	Loss Disc 6.8640e-01 (6.8921e-01)	Loss Pred 4.5876e-01 (4.7270e-01)	Loss TOTAL 8.5231e-01 (8.7341e-01)
Epoch: [26][ 30/140]	L_Src_Sup 2.9099e-01 (1.9974e-01)	L_Trg_Inj 4.3720e-01 (2.7652e-01)	Loss Disc 6.8873e-01 (6.8882e-01)	Loss Pred 4.9688e-01 (4.6914e-01)	Loss TOTAL 9.1407e-01 (8.7014e-01)
Epoch: [26][ 40/140]	L_Src_Sup 1.2176e-01 (1.9432e-01)	L_Trg_Inj 2.8111e-01 (2.8118e-01)	Loss Disc 6.8912e-01 (6.8848e-01)	Loss Pred 4.6536e-01 (4.6830e-01)	Loss TOTAL 8.5021e-01 (8.6693e-01)
Epoch: [26][ 50/140]	L_Src_Sup 2.4138e-01 (1.9071e-01)	L_Trg_Inj 3.1209e-01 (2.8557e-01)	Loss Disc 6.8580e-01 (6.8837e-01)	Loss Pred 4.5878e-01 (4.6703e-01)	Loss TOTAL 8.5703e-01 (8.6432e-01)
Epoch: [26][ 60/140]	L_Src_Sup 1.4167e-01 (1.8905e-01)	L_Trg_Inj 2.3563e-01 (2.8070e-01)	Loss Disc 6.9123e-01 (6.8854e-01)	Loss Pred 4.7788e-01 (4.6640e-01)	Loss TOTAL 8.6122e-01 (8.6240e-01)
Epoch: [26][ 70/140]	L_Src_Sup 2.2226e-01 (1.9227e-01)	L_Trg_Inj 3.9001e-01 (2.8613e-01)	Loss Disc 6.8946e-01 (6.8839e-01)	Loss Pred 5.0887e-01 (4.6603e-01)	Loss TOTAL 9.1483e-01 (8.6425e-01)
Epoch: [26][ 80/140]	L_Src_Sup 2.4598e-01 (1.9120e-01)	L_Trg_Inj 2.3426e-01 (2.9121e-01)	Loss Disc 6.9022e-01 (6.8822e-01)	Loss Pred 4.7186e-01 (4.6550e-01)	Loss TOTAL 8.7672e-01 (8.6395e-01)
Epoch: [26][ 90/140]	L_Src_Sup 1.9191e-01 (1.9030e-01)	L_Trg_Inj 3.5908e-01 (2.9256e-01)	Loss Disc 6.8951e-01 (6.8830e-01)	Loss Pred 4.6537e-01 (4.6617e-01)	Loss TOTAL 8.6523e-01 (8.6430e-01)
Epoch: [26][100/140]	L_Src_Sup 1.6668e-01 (1.9090e-01)	L_Trg_Inj 3.2987e-01 (2.9289e-01)	Loss Disc 6.8436e-01 (6.8825e-01)	Loss Pred 4.3328e-01 (4.6531e-01)	Loss TOTAL 8.2511e-01 (8.6477e-01)
Epoch: [26][110/140]	L_Src_Sup 2.8814e-01 (1.9302e-01)	L_Trg_Inj 3.7464e-01 (2.9110e-01)	Loss Disc 6.8570e-01 (6.8832e-01)	Loss Pred 4.4588e-01 (4.6587e-01)	Loss TOTAL 8.5501e-01 (8.6529e-01)
Epoch: [26][120/140]	L_Src_Sup 1.8520e-01 (1.9261e-01)	L_Trg_Inj 3.3826e-01 (2.9343e-01)	Loss Disc 6.9295e-01 (6.8820e-01)	Loss Pred 5.0955e-01 (4.6523e-01)	Loss TOTAL 9.0837e-01 (8.6421e-01)
Epoch: [26][130/140]	L_Src_Sup 1.6668e-01 (1.9380e-01)	L_Trg_Inj 3.7494e-01 (2.9297e-01)	Loss Disc 6.8344e-01 (6.8812e-01)	Loss Pred 4.3340e-01 (4.6502e-01)	Loss TOTAL 8.2929e-01 (8.6397e-01)
Epoch: [26][140/140]	L_Src_Sup 1.8650e-01 (1.9581e-01)	L_Trg_Inj 1.5621e-01 (2.9433e-01)	Loss Disc 6.9103e-01 (6.8807e-01)	Loss Pred 4.4621e-01 (4.6453e-01)	Loss TOTAL 8.5628e-01 (8.6376e-01)
Epoch: [26][140/140]	L_Src_Sup 1.8650e-01 (1.9581e-01)	L_Trg_Inj 1.5621e-01 (2.9433e-01)	Loss Disc 6.9103e-01 (6.8807e-01)	Loss Pred 4.4621e-01 (4.6453e-01)	Loss TOTAL 8.5628e-01 (8.6376e-01)
Epoch 26 complete. Saving model state...
Epoch: [27][ 10/140]	L_Src_Sup 1.8741e-01 (1.8975e-01)	L_Trg_Inj 2.9681e-01 (3.0635e-01)	Loss Disc 6.9072e-01 (6.8710e-01)	Loss Pred 5.1554e-01 (4.6511e-01)	Loss TOTAL 9.0932e-01 (8.5882e-01)
Epoch: [27][ 20/140]	L_Src_Sup 2.7599e-01 (2.2227e-01)	L_Trg_Inj 2.0308e-01 (2.9397e-01)	Loss Disc 6.8800e-01 (6.8794e-01)	Loss Pred 4.5857e-01 (4.6699e-01)	Loss TOTAL 9.2339e-01 (8.7059e-01)
Epoch: [27][ 30/140]	L_Src_Sup 9.0092e-02 (2.1726e-01)	L_Trg_Inj 2.6559e-01 (2.8255e-01)	Loss Disc 6.8919e-01 (6.8831e-01)	Loss Pred 4.9051e-01 (4.6660e-01)	Loss TOTAL 8.7067e-01 (8.7037e-01)
Epoch: [27][ 40/140]	L_Src_Sup 2.7119e-01 (2.1895e-01)	L_Trg_Inj 2.6558e-01 (2.9472e-01)	Loss Disc 6.8722e-01 (6.8803e-01)	Loss Pred 4.4608e-01 (4.6497e-01)	Loss TOTAL 8.4897e-01 (8.6900e-01)
Epoch: [27][ 50/140]	L_Src_Sup 2.5004e-01 (2.2282e-01)	L_Trg_Inj 3.1215e-01 (2.9867e-01)	Loss Disc 6.8897e-01 (6.8816e-01)	Loss Pred 4.8516e-01 (4.6529e-01)	Loss TOTAL 8.8586e-01 (8.6943e-01)
Epoch: [27][ 60/140]	L_Src_Sup 1.9469e-01 (2.1716e-01)	L_Trg_Inj 3.0758e-01 (2.9508e-01)	Loss Disc 6.8690e-01 (6.8819e-01)	Loss Pred 4.7799e-01 (4.6536e-01)	Loss TOTAL 8.7166e-01 (8.6758e-01)
Epoch: [27][ 70/140]	L_Src_Sup 1.3913e-01 (2.1130e-01)	L_Trg_Inj 3.9266e-01 (2.9706e-01)	Loss Disc 6.8707e-01 (6.8805e-01)	Loss Pred 4.6509e-01 (4.6479e-01)	Loss TOTAL 8.6181e-01 (8.6562e-01)
Epoch: [27][ 80/140]	L_Src_Sup 1.9267e-01 (2.1341e-01)	L_Trg_Inj 2.9685e-01 (2.9721e-01)	Loss Disc 6.9165e-01 (6.8800e-01)	Loss Pred 4.6524e-01 (4.6404e-01)	Loss TOTAL 8.6002e-01 (8.6571e-01)
Epoch: [27][ 90/140]	L_Src_Sup 2.8071e-01 (2.0982e-01)	L_Trg_Inj 2.6561e-01 (2.9871e-01)	Loss Disc 6.8643e-01 (6.8792e-01)	Loss Pred 4.7111e-01 (4.6331e-01)	Loss TOTAL 8.8405e-01 (8.6417e-01)
Epoch: [27][100/140]	L_Src_Sup 1.5519e-01 (2.0957e-01)	L_Trg_Inj 1.8749e-01 (2.9567e-01)	Loss Disc 6.9188e-01 (6.8804e-01)	Loss Pred 4.5885e-01 (4.6318e-01)	Loss TOTAL 8.3906e-01 (8.6321e-01)
Epoch: [27][110/140]	L_Src_Sup 1.6957e-01 (2.0849e-01)	L_Trg_Inj 2.9700e-01 (2.9723e-01)	Loss Disc 6.8538e-01 (6.8803e-01)	Loss Pred 4.4612e-01 (4.6375e-01)	Loss TOTAL 8.3547e-01 (8.6333e-01)
Epoch: [27][120/140]	L_Src_Sup 2.5010e-01 (2.0971e-01)	L_Trg_Inj 2.6562e-01 (2.9709e-01)	Loss Disc 6.8830e-01 (6.8804e-01)	Loss Pred 4.8417e-01 (4.6456e-01)	Loss TOTAL 8.7989e-01 (8.6495e-01)
Epoch: [27][130/140]	L_Src_Sup 1.5823e-01 (2.0951e-01)	L_Trg_Inj 2.4999e-01 (2.9750e-01)	Loss Disc 6.8983e-01 (6.8804e-01)	Loss Pred 4.7264e-01 (4.6495e-01)	Loss TOTAL 8.5838e-01 (8.6507e-01)
Epoch: [27][140/140]	L_Src_Sup 1.9679e-01 (2.0750e-01)	L_Trg_Inj 3.2811e-01 (2.9669e-01)	Loss Disc 6.8367e-01 (6.8793e-01)	Loss Pred 4.2076e-01 (4.6420e-01)	Loss TOTAL 8.1509e-01 (8.6374e-01)
Epoch: [27][140/140]	L_Src_Sup 1.9679e-01 (2.0750e-01)	L_Trg_Inj 3.2811e-01 (2.9669e-01)	Loss Disc 6.8367e-01 (6.8793e-01)	Loss Pred 4.2076e-01 (4.6420e-01)	Loss TOTAL 8.1509e-01 (8.6374e-01)
Epoch 27 complete. Saving model state...
Epoch: [28][ 10/140]	L_Src_Sup 1.5932e-01 (1.8344e-01)	L_Trg_Inj 2.9685e-01 (3.1187e-01)	Loss Disc 6.8843e-01 (6.8633e-01)	Loss Pred 4.7788e-01 (4.5503e-01)	Loss TOTAL 8.6771e-01 (8.4773e-01)
Epoch: [28][ 20/140]	L_Src_Sup 1.5518e-01 (1.9222e-01)	L_Trg_Inj 4.1825e-01 (3.0716e-01)	Loss Disc 6.8435e-01 (6.8669e-01)	Loss Pred 4.5866e-01 (4.5784e-01)	Loss TOTAL 8.5818e-01 (8.5113e-01)
Epoch: [28][ 30/140]	L_Src_Sup 2.4566e-01 (1.9378e-01)	L_Trg_Inj 2.9690e-01 (3.0082e-01)	Loss Disc 6.8729e-01 (6.8740e-01)	Loss Pred 4.7127e-01 (4.6110e-01)	Loss TOTAL 8.6917e-01 (8.5481e-01)
Epoch: [28][ 40/140]	L_Src_Sup 2.4779e-01 (1.9761e-01)	L_Trg_Inj 3.4372e-01 (2.9955e-01)	Loss Disc 6.8945e-01 (6.8765e-01)	Loss Pred 4.7762e-01 (4.6194e-01)	Loss TOTAL 8.8149e-01 (8.5622e-01)
Epoch: [28][ 50/140]	L_Src_Sup 2.4075e-01 (2.0156e-01)	L_Trg_Inj 2.9682e-01 (3.0069e-01)	Loss Disc 6.9159e-01 (6.8788e-01)	Loss Pred 5.0937e-01 (4.6497e-01)	Loss TOTAL 9.0892e-01 (8.5972e-01)
Epoch: [28][ 60/140]	L_Src_Sup 1.6675e-01 (2.0333e-01)	L_Trg_Inj 2.3427e-01 (2.9069e-01)	Loss Disc 6.8780e-01 (6.8801e-01)	Loss Pred 4.3285e-01 (4.6268e-01)	Loss TOTAL 8.1685e-01 (8.5977e-01)
Epoch: [28][ 70/140]	L_Src_Sup 2.8574e-01 (2.0334e-01)	L_Trg_Inj 3.5921e-01 (2.9064e-01)	Loss Disc 6.8689e-01 (6.8800e-01)	Loss Pred 4.3951e-01 (4.6314e-01)	Loss TOTAL 8.4745e-01 (8.5989e-01)
Epoch: [28][ 80/140]	L_Src_Sup 1.3793e-01 (1.9862e-01)	L_Trg_Inj 3.1205e-01 (2.9212e-01)	Loss Disc 6.8664e-01 (6.8795e-01)	Loss Pred 4.5881e-01 (4.6165e-01)	Loss TOTAL 8.4713e-01 (8.5764e-01)
Epoch: [28][ 90/140]	L_Src_Sup 2.1488e-01 (1.9875e-01)	L_Trg_Inj 3.1240e-01 (2.9590e-01)	Loss Disc 6.8378e-01 (6.8781e-01)	Loss Pred 4.2694e-01 (4.6189e-01)	Loss TOTAL 8.2156e-01 (8.5845e-01)
Epoch: [28][100/140]	L_Src_Sup 2.0339e-01 (1.9722e-01)	L_Trg_Inj 3.0072e-01 (2.9475e-01)	Loss Disc 6.8458e-01 (6.8790e-01)	Loss Pred 4.4581e-01 (4.6247e-01)	Loss TOTAL 8.3852e-01 (8.5895e-01)
Epoch: [28][110/140]	L_Src_Sup 2.4563e-01 (2.0017e-01)	L_Trg_Inj 3.3229e-01 (2.9344e-01)	Loss Disc 6.9050e-01 (6.8801e-01)	Loss Pred 4.7167e-01 (4.6358e-01)	Loss TOTAL 8.7472e-01 (8.6065e-01)
Epoch: [28][120/140]	L_Src_Sup 2.1429e-01 (1.9817e-01)	L_Trg_Inj 1.7182e-01 (2.9217e-01)	Loss Disc 6.9007e-01 (6.8804e-01)	Loss Pred 4.8418e-01 (4.6370e-01)	Loss TOTAL 9.1029e-01 (8.6067e-01)
Epoch: [28][130/140]	L_Src_Sup 1.4287e-01 (1.9673e-01)	L_Trg_Inj 4.2726e-01 (2.9201e-01)	Loss Disc 6.8483e-01 (6.8805e-01)	Loss Pred 4.8412e-01 (4.6386e-01)	Loss TOTAL 8.8355e-01 (8.6109e-01)
Epoch: [28][140/140]	L_Src_Sup 2.6087e-01 (1.9713e-01)	L_Trg_Inj 2.4991e-01 (2.9192e-01)	Loss Disc 6.8932e-01 (6.8810e-01)	Loss Pred 4.6508e-01 (4.6417e-01)	Loss TOTAL 8.7177e-01 (8.6123e-01)
Epoch: [28][140/140]	L_Src_Sup 2.6087e-01 (1.9713e-01)	L_Trg_Inj 2.4991e-01 (2.9192e-01)	Loss Disc 6.8932e-01 (6.8810e-01)	Loss Pred 4.6508e-01 (4.6417e-01)	Loss TOTAL 8.7177e-01 (8.6123e-01)
Epoch 28 complete. Saving model state...
Epoch: [29][ 10/140]	L_Src_Sup 2.1623e-01 (1.9433e-01)	L_Trg_Inj 4.2180e-01 (3.1577e-01)	Loss Disc 6.8616e-01 (6.8745e-01)	Loss Pred 4.9054e-01 (4.6320e-01)	Loss TOTAL 8.9742e-01 (8.6348e-01)
Epoch: [29][ 20/140]	L_Src_Sup 1.3675e-01 (1.8936e-01)	L_Trg_Inj 2.9673e-01 (3.1439e-01)	Loss Disc 6.9366e-01 (6.8763e-01)	Loss Pred 4.5207e-01 (4.6262e-01)	Loss TOTAL 8.4224e-01 (8.5958e-01)
Epoch: [29][ 30/140]	L_Src_Sup 2.0359e-01 (1.9693e-01)	L_Trg_Inj 3.2807e-01 (3.1337e-01)	Loss Disc 6.8318e-01 (6.8752e-01)	Loss Pred 4.4629e-01 (4.6283e-01)	Loss TOTAL 8.4104e-01 (8.5998e-01)
Epoch: [29][ 40/140]	L_Src_Sup 1.5421e-01 (2.0625e-01)	L_Trg_Inj 3.5930e-01 (3.1006e-01)	Loss Disc 6.8568e-01 (6.8746e-01)	Loss Pred 4.5258e-01 (4.6103e-01)	Loss TOTAL 8.4677e-01 (8.6178e-01)
Epoch: [29][ 50/140]	L_Src_Sup 1.8019e-01 (2.0592e-01)	L_Trg_Inj 2.9676e-01 (3.1132e-01)	Loss Disc 6.8871e-01 (6.8758e-01)	Loss Pred 4.9037e-01 (4.6400e-01)	Loss TOTAL 8.8242e-01 (8.6526e-01)
Epoch: [29][ 60/140]	L_Src_Sup 2.2818e-01 (2.0338e-01)	L_Trg_Inj 1.7181e-01 (3.0027e-01)	Loss Disc 6.8840e-01 (6.8780e-01)	Loss Pred 4.7145e-01 (4.6354e-01)	Loss TOTAL 9.1202e-01 (8.6577e-01)
Epoch: [29][ 70/140]	L_Src_Sup 1.9471e-01 (2.0031e-01)	L_Trg_Inj 2.9682e-01 (3.0148e-01)	Loss Disc 6.8985e-01 (6.8780e-01)	Loss Pred 4.7779e-01 (4.6331e-01)	Loss TOTAL 8.7187e-01 (8.6496e-01)
Epoch: [29][ 80/140]	L_Src_Sup 2.5210e-01 (2.0040e-01)	L_Trg_Inj 2.6553e-01 (2.9841e-01)	Loss Disc 6.8694e-01 (6.8796e-01)	Loss Pred 4.3967e-01 (4.6519e-01)	Loss TOTAL 8.3490e-01 (8.6616e-01)
Epoch: [29][ 90/140]	L_Src_Sup 1.7242e-01 (1.9843e-01)	L_Trg_Inj 3.7700e-01 (2.9530e-01)	Loss Disc 6.8544e-01 (6.8807e-01)	Loss Pred 4.5869e-01 (4.6489e-01)	Loss TOTAL 8.5635e-01 (8.6510e-01)
Epoch: [29][100/140]	L_Src_Sup 2.2038e-01 (1.9769e-01)	L_Trg_Inj 2.3436e-01 (2.9400e-01)	Loss Disc 6.8728e-01 (6.8807e-01)	Loss Pred 4.4594e-01 (4.6428e-01)	Loss TOTAL 8.3505e-01 (8.6387e-01)
Epoch: [29][110/140]	L_Src_Sup 1.2179e-01 (1.9683e-01)	L_Trg_Inj 3.5934e-01 (2.9315e-01)	Loss Disc 6.8618e-01 (6.8800e-01)	Loss Pred 4.6524e-01 (4.6412e-01)	Loss TOTAL 8.5644e-01 (8.6315e-01)
Epoch: [29][120/140]	L_Src_Sup 2.2224e-01 (1.9683e-01)	L_Trg_Inj 4.3742e-01 (2.9347e-01)	Loss Disc 6.8319e-01 (6.8804e-01)	Loss Pred 4.5315e-01 (4.6415e-01)	Loss TOTAL 8.6071e-01 (8.6274e-01)
Epoch: [29][130/140]	L_Src_Sup 1.6099e-01 (1.9764e-01)	L_Trg_Inj 2.6551e-01 (2.9488e-01)	Loss Disc 6.8987e-01 (6.8797e-01)	Loss Pred 4.7805e-01 (4.6434e-01)	Loss TOTAL 8.6564e-01 (8.6382e-01)
Epoch: [29][140/140]	L_Src_Sup 2.1293e-01 (1.9937e-01)	L_Trg_Inj 3.3038e-01 (2.9411e-01)	Loss Disc 6.8579e-01 (6.8801e-01)	Loss Pred 4.7795e-01 (4.6453e-01)	Loss TOTAL 8.7518e-01 (8.6484e-01)
Epoch: [29][140/140]	L_Src_Sup 2.1293e-01 (1.9937e-01)	L_Trg_Inj 3.3038e-01 (2.9411e-01)	Loss Disc 6.8579e-01 (6.8801e-01)	Loss Pred 4.7795e-01 (4.6453e-01)	Loss TOTAL 8.7518e-01 (8.6484e-01)
Epoch 29 complete. Saving model state...
Epoch: [30][ 10/140]	L_Src_Sup 1.2284e-01 (2.2545e-01)	L_Trg_Inj 3.5395e-01 (2.8331e-01)	Loss Disc 6.8707e-01 (6.8850e-01)	Loss Pred 4.7142e-01 (4.6886e-01)	Loss TOTAL 8.6264e-01 (8.7273e-01)
Epoch: [30][ 20/140]	L_Src_Sup 2.2609e-01 (2.0632e-01)	L_Trg_Inj 3.2802e-01 (2.8768e-01)	Loss Disc 6.8897e-01 (6.8865e-01)	Loss Pred 4.6498e-01 (4.7138e-01)	Loss TOTAL 8.6488e-01 (8.7776e-01)
Epoch: [30][ 30/140]	L_Src_Sup 3.1035e-01 (2.0592e-01)	L_Trg_Inj 2.1864e-01 (2.9560e-01)	Loss Disc 6.8845e-01 (6.8817e-01)	Loss Pred 4.5869e-01 (4.6906e-01)	Loss TOTAL 9.4752e-01 (8.7608e-01)
Epoch: [30][ 40/140]	L_Src_Sup 2.9061e-01 (2.0380e-01)	L_Trg_Inj 3.2929e-01 (3.0082e-01)	Loss Disc 6.8502e-01 (6.8769e-01)	Loss Pred 4.5305e-01 (4.6397e-01)	Loss TOTAL 8.5755e-01 (8.6878e-01)
Epoch: [30][ 50/140]	L_Src_Sup 3.2059e-01 (2.1214e-01)	L_Trg_Inj 1.8480e-01 (3.0181e-01)	Loss Disc 6.8971e-01 (6.8797e-01)	Loss Pred 4.4005e-01 (4.6447e-01)	Loss TOTAL 9.7123e-01 (8.7143e-01)
Epoch: [30][ 60/140]	L_Src_Sup 1.8037e-01 (2.0858e-01)	L_Trg_Inj 2.8856e-01 (3.0156e-01)	Loss Disc 6.8903e-01 (6.8825e-01)	Loss Pred 4.9008e-01 (4.6675e-01)	Loss TOTAL 8.8149e-01 (8.7201e-01)
Epoch: [30][ 70/140]	L_Src_Sup 1.5791e-01 (2.0846e-01)	L_Trg_Inj 3.4375e-01 (3.0446e-01)	Loss Disc 6.8939e-01 (6.8814e-01)	Loss Pred 4.7118e-01 (4.6595e-01)	Loss TOTAL 8.6604e-01 (8.7000e-01)
Epoch: [30][ 80/140]	L_Src_Sup 1.8803e-01 (2.0717e-01)	L_Trg_Inj 3.1250e-01 (3.0628e-01)	Loss Disc 6.8612e-01 (6.8807e-01)	Loss Pred 4.5222e-01 (4.6679e-01)	Loss TOTAL 8.4534e-01 (8.7065e-01)
Epoch: [30][ 90/140]	L_Src_Sup 1.1967e-01 (2.0595e-01)	L_Trg_Inj 3.5554e-01 (3.0345e-01)	Loss Disc 6.8252e-01 (6.8800e-01)	Loss Pred 4.5238e-01 (4.6540e-01)	Loss TOTAL 8.4116e-01 (8.6899e-01)
Epoch: [30][100/140]	L_Src_Sup 1.8334e-01 (2.0371e-01)	L_Trg_Inj 3.0781e-01 (3.0355e-01)	Loss Disc 6.8455e-01 (6.8799e-01)	Loss Pred 4.3352e-01 (4.6429e-01)	Loss TOTAL 8.2491e-01 (8.6679e-01)
Epoch: [30][110/140]	L_Src_Sup 2.9753e-01 (2.0572e-01)	L_Trg_Inj 3.6026e-01 (3.0296e-01)	Loss Disc 6.8684e-01 (6.8800e-01)	Loss Pred 4.2704e-01 (4.6351e-01)	Loss TOTAL 8.3624e-01 (8.6733e-01)
Epoch: [30][120/140]	L_Src_Sup 1.6072e-01 (2.0515e-01)	L_Trg_Inj 4.1918e-01 (3.0570e-01)	Loss Disc 6.8566e-01 (6.8787e-01)	Loss Pred 4.8426e-01 (4.6327e-01)	Loss TOTAL 8.8508e-01 (8.6650e-01)
Epoch: [30][130/140]	L_Src_Sup 2.8882e-01 (2.0371e-01)	L_Trg_Inj 3.5283e-01 (3.0557e-01)	Loss Disc 6.8768e-01 (6.8783e-01)	Loss Pred 4.9690e-01 (4.6385e-01)	Loss TOTAL 9.0491e-01 (8.6659e-01)
Epoch: [30][140/140]	L_Src_Sup 1.5385e-01 (2.0246e-01)	L_Trg_Inj 3.8476e-01 (3.0815e-01)	Loss Disc 6.8531e-01 (6.8785e-01)	Loss Pred 4.5240e-01 (4.6443e-01)	Loss TOTAL 8.4892e-01 (8.6675e-01)
Epoch: [30][140/140]	L_Src_Sup 1.5385e-01 (2.0246e-01)	L_Trg_Inj 3.8476e-01 (3.0815e-01)	Loss Disc 6.8531e-01 (6.8785e-01)	Loss Pred 4.5240e-01 (4.6443e-01)	Loss TOTAL 8.4892e-01 (8.6675e-01)
Epoch 30 complete. Saving model state...
Epoch: [31][ 10/140]	L_Src_Sup 2.0000e-01 (2.1482e-01)	L_Trg_Inj 2.5154e-01 (2.9184e-01)	Loss Disc 6.9346e-01 (6.8849e-01)	Loss Pred 4.9662e-01 (4.7011e-01)	Loss TOTAL 8.8850e-01 (8.6673e-01)
Epoch: [31][ 20/140]	L_Src_Sup 2.4794e-01 (2.1476e-01)	L_Trg_Inj 4.2187e-01 (3.1865e-01)	Loss Disc 6.8355e-01 (6.8776e-01)	Loss Pred 4.2755e-01 (4.6602e-01)	Loss TOTAL 8.3631e-01 (8.6409e-01)
Epoch: [31][ 30/140]	L_Src_Sup 2.0169e-01 (2.1324e-01)	L_Trg_Inj 2.6562e-01 (2.9681e-01)	Loss Disc 6.8959e-01 (6.8784e-01)	Loss Pred 4.3968e-01 (4.6338e-01)	Loss TOTAL 8.3121e-01 (8.6507e-01)
Epoch: [31][ 40/140]	L_Src_Sup 1.3913e-01 (2.1047e-01)	L_Trg_Inj 3.1250e-01 (3.0088e-01)	Loss Disc 6.8342e-01 (6.8778e-01)	Loss Pred 4.6511e-01 (4.6380e-01)	Loss TOTAL 8.5198e-01 (8.6390e-01)
Epoch: [31][ 50/140]	L_Src_Sup 1.5929e-01 (2.0665e-01)	L_Trg_Inj 3.6176e-01 (2.9853e-01)	Loss Disc 6.8777e-01 (6.8774e-01)	Loss Pred 4.7751e-01 (4.6405e-01)	Loss TOTAL 8.7349e-01 (8.6249e-01)
Epoch: [31][ 60/140]	L_Src_Sup 2.7351e-01 (2.0484e-01)	L_Trg_Inj 3.2813e-01 (2.9262e-01)	Loss Disc 6.8535e-01 (6.8783e-01)	Loss Pred 4.5270e-01 (4.6263e-01)	Loss TOTAL 8.5554e-01 (8.6113e-01)
Epoch: [31][ 70/140]	L_Src_Sup 1.6077e-01 (2.0490e-01)	L_Trg_Inj 2.5875e-01 (2.9018e-01)	Loss Disc 6.9114e-01 (6.8797e-01)	Loss Pred 4.8399e-01 (4.6380e-01)	Loss TOTAL 8.7151e-01 (8.6356e-01)
Epoch: [31][ 80/140]	L_Src_Sup 1.0643e-01 (2.0378e-01)	L_Trg_Inj 2.9247e-01 (2.8981e-01)	Loss Disc 6.8865e-01 (6.8811e-01)	Loss Pred 4.7740e-01 (4.6390e-01)	Loss TOTAL 8.6161e-01 (8.6476e-01)
Epoch: [31][ 90/140]	L_Src_Sup 1.8675e-01 (2.0527e-01)	L_Trg_Inj 3.7500e-01 (2.9518e-01)	Loss Disc 6.8480e-01 (6.8802e-01)	Loss Pred 4.4571e-01 (4.6343e-01)	Loss TOTAL 8.4428e-01 (8.6423e-01)
Epoch: [31][100/140]	L_Src_Sup 2.7120e-01 (2.0442e-01)	L_Trg_Inj 2.6170e-01 (2.9753e-01)	Loss Disc 6.8924e-01 (6.8794e-01)	Loss Pred 4.4607e-01 (4.6315e-01)	Loss TOTAL 8.5348e-01 (8.6348e-01)
Epoch: [31][110/140]	L_Src_Sup 2.0953e-01 (2.0518e-01)	L_Trg_Inj 1.8481e-01 (2.9522e-01)	Loss Disc 6.9632e-01 (6.8793e-01)	Loss Pred 5.2844e-01 (4.6327e-01)	Loss TOTAL 9.4075e-01 (8.6386e-01)
Epoch: [31][120/140]	L_Src_Sup 2.0168e-01 (2.0662e-01)	L_Trg_Inj 3.2813e-01 (2.9846e-01)	Loss Disc 6.8461e-01 (6.8781e-01)	Loss Pred 4.4016e-01 (4.6356e-01)	Loss TOTAL 8.3545e-01 (8.6438e-01)
Epoch: [31][130/140]	L_Src_Sup 2.3529e-01 (2.0708e-01)	L_Trg_Inj 2.9886e-01 (2.9784e-01)	Loss Disc 6.8342e-01 (6.8788e-01)	Loss Pred 4.3974e-01 (4.6368e-01)	Loss TOTAL 8.3486e-01 (8.6430e-01)
Epoch: [31][140/140]	L_Src_Sup 2.0007e-01 (2.0551e-01)	L_Trg_Inj 3.9932e-01 (2.9879e-01)	Loss Disc 6.8828e-01 (6.8793e-01)	Loss Pred 4.9155e-01 (4.6433e-01)	Loss TOTAL 8.9563e-01 (8.6531e-01)
Epoch: [31][140/140]	L_Src_Sup 2.0007e-01 (2.0551e-01)	L_Trg_Inj 3.9932e-01 (2.9879e-01)	Loss Disc 6.8828e-01 (6.8793e-01)	Loss Pred 4.9155e-01 (4.6433e-01)	Loss TOTAL 8.9563e-01 (8.6531e-01)
Epoch 31 complete. Saving model state...
Epoch: [32][ 10/140]	L_Src_Sup 1.3913e-01 (1.9836e-01)	L_Trg_Inj 3.7486e-01 (3.4453e-01)	Loss Disc 6.8290e-01 (6.8661e-01)	Loss Pred 4.6502e-01 (4.6343e-01)	Loss TOTAL 8.5787e-01 (8.6103e-01)
Epoch: [32][ 20/140]	L_Src_Sup 2.7036e-01 (1.9770e-01)	L_Trg_Inj 2.8125e-01 (3.2655e-01)	Loss Disc 6.9206e-01 (6.8650e-01)	Loss Pred 4.9042e-01 (4.6521e-01)	Loss TOTAL 8.9161e-01 (8.6162e-01)
Epoch: [32][ 30/140]	L_Src_Sup 1.9644e-01 (2.0594e-01)	L_Trg_Inj 2.1693e-01 (3.1211e-01)	Loss Disc 6.9284e-01 (6.8753e-01)	Loss Pred 4.8410e-01 (4.6942e-01)	Loss TOTAL 8.7186e-01 (8.7027e-01)
Epoch: [32][ 40/140]	L_Src_Sup 1.7243e-01 (2.1008e-01)	L_Trg_Inj 3.3398e-01 (3.0862e-01)	Loss Disc 6.8848e-01 (6.8764e-01)	Loss Pred 4.5885e-01 (4.6833e-01)	Loss TOTAL 8.5373e-01 (8.7088e-01)
Epoch: [32][ 50/140]	L_Src_Sup 1.9136e-01 (2.0386e-01)	L_Trg_Inj 3.4056e-01 (3.0614e-01)	Loss Disc 6.8784e-01 (6.8785e-01)	Loss Pred 4.6503e-01 (4.6901e-01)	Loss TOTAL 8.6215e-01 (8.7099e-01)
Epoch: [32][ 60/140]	L_Src_Sup 1.5386e-01 (2.0423e-01)	L_Trg_Inj 2.8125e-01 (3.1432e-01)	Loss Disc 6.8784e-01 (6.8761e-01)	Loss Pred 4.5217e-01 (4.6730e-01)	Loss TOTAL 8.3960e-01 (8.6932e-01)
Epoch: [32][ 70/140]	L_Src_Sup 2.4640e-01 (2.0319e-01)	L_Trg_Inj 3.4891e-01 (3.1050e-01)	Loss Disc 6.8616e-01 (6.8770e-01)	Loss Pred 4.7147e-01 (4.6708e-01)	Loss TOTAL 8.7408e-01 (8.6857e-01)
Epoch: [32][ 80/140]	L_Src_Sup 2.0513e-01 (2.0175e-01)	L_Trg_Inj 2.9248e-01 (3.0732e-01)	Loss Disc 6.8804e-01 (6.8791e-01)	Loss Pred 4.5240e-01 (4.6754e-01)	Loss TOTAL 8.4618e-01 (8.6789e-01)
Epoch: [32][ 90/140]	L_Src_Sup 2.9842e-01 (2.0322e-01)	L_Trg_Inj 2.4492e-01 (3.0534e-01)	Loss Disc 6.8709e-01 (6.8795e-01)	Loss Pred 4.6516e-01 (4.6748e-01)	Loss TOTAL 9.1655e-01 (8.6778e-01)
Epoch: [32][100/140]	L_Src_Sup 2.5956e-01 (2.0480e-01)	L_Trg_Inj 2.9688e-01 (2.9955e-01)	Loss Disc 6.8754e-01 (6.8810e-01)	Loss Pred 4.5888e-01 (4.6612e-01)	Loss TOTAL 8.5829e-01 (8.6706e-01)
Epoch: [32][110/140]	L_Src_Sup 1.0088e-01 (2.0205e-01)	L_Trg_Inj 3.9645e-01 (2.9807e-01)	Loss Disc 6.8457e-01 (6.8806e-01)	Loss Pred 4.3992e-01 (4.6470e-01)	Loss TOTAL 8.3194e-01 (8.6478e-01)
Epoch: [32][120/140]	L_Src_Sup 1.0257e-01 (2.0075e-01)	L_Trg_Inj 2.0312e-01 (2.9823e-01)	Loss Disc 6.9305e-01 (6.8797e-01)	Loss Pred 4.5241e-01 (4.6420e-01)	Loss TOTAL 8.2950e-01 (8.6362e-01)
Epoch: [32][130/140]	L_Src_Sup 1.6368e-01 (1.9899e-01)	L_Trg_Inj 2.5001e-01 (2.9843e-01)	Loss Disc 6.9354e-01 (6.8794e-01)	Loss Pred 4.9671e-01 (4.6412e-01)	Loss TOTAL 8.8485e-01 (8.6294e-01)
Epoch: [32][140/140]	L_Src_Sup 1.4172e-01 (2.0201e-01)	L_Trg_Inj 2.3465e-01 (2.9858e-01)	Loss Disc 6.9001e-01 (6.8798e-01)	Loss Pred 4.7784e-01 (4.6451e-01)	Loss TOTAL 8.6048e-01 (8.6412e-01)
Epoch: [32][140/140]	L_Src_Sup 1.4172e-01 (2.0201e-01)	L_Trg_Inj 2.3465e-01 (2.9858e-01)	Loss Disc 6.9001e-01 (6.8798e-01)	Loss Pred 4.7784e-01 (4.6451e-01)	Loss TOTAL 8.6048e-01 (8.6412e-01)
Epoch 32 complete. Saving model state...
Epoch: [33][ 10/140]	L_Src_Sup 1.2175e-01 (1.9172e-01)	L_Trg_Inj 2.6564e-01 (2.7410e-01)	Loss Disc 6.8807e-01 (6.8809e-01)	Loss Pred 4.6512e-01 (4.5679e-01)	Loss TOTAL 8.4790e-01 (8.4741e-01)
Epoch: [33][ 20/140]	L_Src_Sup 2.5124e-01 (1.9907e-01)	L_Trg_Inj 3.5939e-01 (2.9230e-01)	Loss Disc 6.8353e-01 (6.8802e-01)	Loss Pred 4.3342e-01 (4.6059e-01)	Loss TOTAL 8.3625e-01 (8.5746e-01)
Epoch: [33][ 30/140]	L_Src_Sup 1.5299e-01 (2.0361e-01)	L_Trg_Inj 1.8743e-01 (2.9215e-01)	Loss Disc 6.8987e-01 (6.8768e-01)	Loss Pred 4.4621e-01 (4.5808e-01)	Loss TOTAL 8.2519e-01 (8.5813e-01)
Epoch: [33][ 40/140]	L_Src_Sup 6.7228e-02 (2.0038e-01)	L_Trg_Inj 2.6563e-01 (2.8633e-01)	Loss Disc 6.8856e-01 (6.8788e-01)	Loss Pred 4.3971e-01 (4.5871e-01)	Loss TOTAL 8.1727e-01 (8.5764e-01)
Epoch: [33][ 50/140]	L_Src_Sup 2.5865e-01 (2.0224e-01)	L_Trg_Inj 4.0423e-01 (2.9407e-01)	Loss Disc 6.8660e-01 (6.8774e-01)	Loss Pred 4.5866e-01 (4.6061e-01)	Loss TOTAL 8.6825e-01 (8.5920e-01)
Epoch: [33][ 60/140]	L_Src_Sup 2.4584e-01 (2.0010e-01)	L_Trg_Inj 3.1250e-01 (2.9229e-01)	Loss Disc 6.9085e-01 (6.8784e-01)	Loss Pred 4.7111e-01 (4.5997e-01)	Loss TOTAL 8.7237e-01 (8.5865e-01)
Epoch: [33][ 70/140]	L_Src_Sup 2.8336e-01 (2.0209e-01)	L_Trg_Inj 3.3862e-01 (2.9058e-01)	Loss Disc 6.8542e-01 (6.8783e-01)	Loss Pred 4.3336e-01 (4.5924e-01)	Loss TOTAL 8.3827e-01 (8.5871e-01)
Epoch: [33][ 80/140]	L_Src_Sup 2.5641e-01 (2.0501e-01)	L_Trg_Inj 3.3050e-01 (2.9343e-01)	Loss Disc 6.8661e-01 (6.8778e-01)	Loss Pred 4.5246e-01 (4.6084e-01)	Loss TOTAL 8.5445e-01 (8.6019e-01)
Epoch: [33][ 90/140]	L_Src_Sup 2.4140e-01 (2.0818e-01)	L_Trg_Inj 3.1250e-01 (2.9409e-01)	Loss Disc 6.8412e-01 (6.8783e-01)	Loss Pred 4.5872e-01 (4.6165e-01)	Loss TOTAL 8.5616e-01 (8.6134e-01)
Epoch: [33][100/140]	L_Src_Sup 2.9092e-01 (2.1163e-01)	L_Trg_Inj 3.9604e-01 (2.9435e-01)	Loss Disc 6.8862e-01 (6.8788e-01)	Loss Pred 4.9671e-01 (4.6237e-01)	Loss TOTAL 9.0972e-01 (8.6327e-01)
Epoch: [33][110/140]	L_Src_Sup 2.7289e-01 (2.1294e-01)	L_Trg_Inj 2.8322e-01 (2.9282e-01)	Loss Disc 6.9092e-01 (6.8797e-01)	Loss Pred 4.9674e-01 (4.6307e-01)	Loss TOTAL 8.9781e-01 (8.6470e-01)
Epoch: [33][120/140]	L_Src_Sup 1.5653e-01 (2.1161e-01)	L_Trg_Inj 2.3437e-01 (2.9412e-01)	Loss Disc 6.8999e-01 (6.8790e-01)	Loss Pred 4.6509e-01 (4.6386e-01)	Loss TOTAL 8.4917e-01 (8.6492e-01)
Epoch: [33][130/140]	L_Src_Sup 1.6667e-01 (2.0944e-01)	L_Trg_Inj 2.6562e-01 (2.9571e-01)	Loss Disc 6.8611e-01 (6.8783e-01)	Loss Pred 4.3334e-01 (4.6414e-01)	Loss TOTAL 8.1962e-01 (8.6461e-01)
Epoch: [33][140/140]	L_Src_Sup 1.7566e-01 (2.0962e-01)	L_Trg_Inj 3.1250e-01 (2.9568e-01)	Loss Disc 6.8884e-01 (6.8793e-01)	Loss Pred 4.7124e-01 (4.6434e-01)	Loss TOTAL 8.6448e-01 (8.6496e-01)
Epoch: [33][140/140]	L_Src_Sup 1.7566e-01 (2.0962e-01)	L_Trg_Inj 3.1250e-01 (2.9568e-01)	Loss Disc 6.8884e-01 (6.8793e-01)	Loss Pred 4.7124e-01 (4.6434e-01)	Loss TOTAL 8.6448e-01 (8.6496e-01)
Epoch 33 complete. Saving model state...
Epoch: [34][ 10/140]	L_Src_Sup 1.2728e-01 (1.9010e-01)	L_Trg_Inj 2.9687e-01 (2.7984e-01)	Loss Disc 6.9265e-01 (6.8764e-01)	Loss Pred 4.9656e-01 (4.7137e-01)	Loss TOTAL 8.8530e-01 (8.7179e-01)
Epoch: [34][ 20/140]	L_Src_Sup 2.9063e-01 (1.9362e-01)	L_Trg_Inj 2.6750e-01 (2.7750e-01)	Loss Disc 6.8769e-01 (6.8829e-01)	Loss Pred 4.5228e-01 (4.6596e-01)	Loss TOTAL 8.7507e-01 (8.7274e-01)
Epoch: [34][ 30/140]	L_Src_Sup 2.2044e-01 (1.9740e-01)	L_Trg_Inj 3.5667e-01 (2.9798e-01)	Loss Disc 6.8363e-01 (6.8777e-01)	Loss Pred 4.4593e-01 (4.6544e-01)	Loss TOTAL 8.4546e-01 (8.7023e-01)
Epoch: [34][ 40/140]	L_Src_Sup 2.3636e-01 (1.9526e-01)	L_Trg_Inj 2.4999e-01 (2.9380e-01)	Loss Disc 6.8866e-01 (6.8804e-01)	Loss Pred 4.9676e-01 (4.6771e-01)	Loss TOTAL 8.8972e-01 (8.6944e-01)
Epoch: [34][ 50/140]	L_Src_Sup 2.5230e-01 (1.9643e-01)	L_Trg_Inj 3.2318e-01 (2.9668e-01)	Loss Disc 6.9128e-01 (6.8815e-01)	Loss Pred 4.9021e-01 (4.6754e-01)	Loss TOTAL 8.9340e-01 (8.6815e-01)
Epoch: [34][ 60/140]	L_Src_Sup 1.4036e-01 (1.9921e-01)	L_Trg_Inj 2.1723e-01 (2.9050e-01)	Loss Disc 6.9208e-01 (6.8829e-01)	Loss Pred 4.7144e-01 (4.6701e-01)	Loss TOTAL 8.5324e-01 (8.6777e-01)
Epoch: [34][ 70/140]	L_Src_Sup 1.9132e-01 (1.9877e-01)	L_Trg_Inj 2.3437e-01 (2.9287e-01)	Loss Disc 6.9178e-01 (6.8814e-01)	Loss Pred 4.6509e-01 (4.6592e-01)	Loss TOTAL 8.5356e-01 (8.6570e-01)
Epoch: [34][ 80/140]	L_Src_Sup 1.9821e-01 (1.9925e-01)	L_Trg_Inj 3.2811e-01 (2.9373e-01)	Loss Disc 6.8668e-01 (6.8824e-01)	Loss Pred 4.9056e-01 (4.6620e-01)	Loss TOTAL 8.8653e-01 (8.6655e-01)
Epoch: [34][ 90/140]	L_Src_Sup 2.5642e-01 (1.9999e-01)	L_Trg_Inj 2.6560e-01 (2.9383e-01)	Loss Disc 6.9157e-01 (6.8815e-01)	Loss Pred 4.5226e-01 (4.6585e-01)	Loss TOTAL 8.5025e-01 (8.6673e-01)
Epoch: [34][100/140]	L_Src_Sup 1.2178e-01 (1.9948e-01)	L_Trg_Inj 3.6968e-01 (2.9442e-01)	Loss Disc 6.8546e-01 (6.8817e-01)	Loss Pred 4.6459e-01 (4.6631e-01)	Loss TOTAL 8.5647e-01 (8.6682e-01)
Epoch: [34][110/140]	L_Src_Sup 2.2414e-01 (2.0097e-01)	L_Trg_Inj 2.7022e-01 (2.9700e-01)	Loss Disc 6.8996e-01 (6.8811e-01)	Loss Pred 4.5881e-01 (4.6601e-01)	Loss TOTAL 8.5323e-01 (8.6628e-01)
Epoch: [34][120/140]	L_Src_Sup 2.4287e-01 (2.0093e-01)	L_Trg_Inj 3.4371e-01 (3.0006e-01)	Loss Disc 6.8745e-01 (6.8804e-01)	Loss Pred 4.6501e-01 (4.6532e-01)	Loss TOTAL 8.6739e-01 (8.6546e-01)
Epoch: [34][130/140]	L_Src_Sup 2.3530e-01 (1.9933e-01)	L_Trg_Inj 2.0016e-01 (3.0151e-01)	Loss Disc 6.8631e-01 (6.8807e-01)	Loss Pred 4.3956e-01 (4.6501e-01)	Loss TOTAL 8.6140e-01 (8.6495e-01)
Epoch: [34][140/140]	L_Src_Sup 2.1862e-01 (1.9990e-01)	L_Trg_Inj 3.2807e-01 (3.0247e-01)	Loss Disc 6.8043e-01 (6.8800e-01)	Loss Pred 4.3978e-01 (4.6447e-01)	Loss TOTAL 8.3466e-01 (8.6504e-01)
Epoch: [34][140/140]	L_Src_Sup 2.1862e-01 (1.9990e-01)	L_Trg_Inj 3.2807e-01 (3.0247e-01)	Loss Disc 6.8043e-01 (6.8800e-01)	Loss Pred 4.3978e-01 (4.6447e-01)	Loss TOTAL 8.3466e-01 (8.6504e-01)
Epoch 34 complete. Saving model state...
Epoch: [35][ 10/140]	L_Src_Sup 1.3560e-01 (1.7453e-01)	L_Trg_Inj 3.2290e-01 (3.0449e-01)	Loss Disc 6.8339e-01 (6.8740e-01)	Loss Pred 4.4604e-01 (4.6121e-01)	Loss TOTAL 8.3358e-01 (8.5281e-01)
Epoch: [35][ 20/140]	L_Src_Sup 1.7391e-01 (1.7860e-01)	L_Trg_Inj 2.1551e-01 (2.9986e-01)	Loss Disc 6.9146e-01 (6.8837e-01)	Loss Pred 4.6491e-01 (4.6752e-01)	Loss TOTAL 8.4958e-01 (8.5955e-01)
Epoch: [35][ 30/140]	L_Src_Sup 2.2809e-01 (1.8053e-01)	L_Trg_Inj 2.4627e-01 (3.0182e-01)	Loss Disc 6.9022e-01 (6.8806e-01)	Loss Pred 4.7136e-01 (4.6415e-01)	Loss TOTAL 8.6391e-01 (8.5729e-01)
Epoch: [35][ 40/140]	L_Src_Sup 2.9311e-01 (1.8199e-01)	L_Trg_Inj 3.1458e-01 (3.0811e-01)	Loss Disc 6.8705e-01 (6.8776e-01)	Loss Pred 4.5871e-01 (4.6151e-01)	Loss TOTAL 8.6300e-01 (8.5506e-01)
Epoch: [35][ 50/140]	L_Src_Sup 1.7244e-01 (1.9172e-01)	L_Trg_Inj 2.7711e-01 (3.0130e-01)	Loss Disc 6.8932e-01 (6.8794e-01)	Loss Pred 4.5861e-01 (4.6209e-01)	Loss TOTAL 8.4822e-01 (8.5797e-01)
Epoch: [35][ 60/140]	L_Src_Sup 1.4289e-01 (1.9212e-01)	L_Trg_Inj 2.6546e-01 (2.9733e-01)	Loss Disc 6.8980e-01 (6.8795e-01)	Loss Pred 4.8414e-01 (4.6280e-01)	Loss TOTAL 8.6987e-01 (8.6041e-01)
Epoch: [35][ 70/140]	L_Src_Sup 2.8572e-01 (1.8956e-01)	L_Trg_Inj 3.3427e-01 (2.9720e-01)	Loss Disc 6.8504e-01 (6.8787e-01)	Loss Pred 4.8412e-01 (4.6303e-01)	Loss TOTAL 8.8864e-01 (8.5966e-01)
Epoch: [35][ 80/140]	L_Src_Sup 1.4546e-01 (1.8795e-01)	L_Trg_Inj 2.6170e-01 (2.9715e-01)	Loss Disc 6.9071e-01 (6.8801e-01)	Loss Pred 4.9640e-01 (4.6390e-01)	Loss TOTAL 8.8247e-01 (8.5993e-01)
Epoch: [35][ 90/140]	L_Src_Sup 3.2759e-01 (1.9131e-01)	L_Trg_Inj 2.3419e-01 (2.9997e-01)	Loss Disc 6.9090e-01 (6.8809e-01)	Loss Pred 4.5818e-01 (4.6453e-01)	Loss TOTAL 9.5320e-01 (8.6186e-01)
Epoch: [35][100/140]	L_Src_Sup 1.8968e-01 (1.9371e-01)	L_Trg_Inj 3.1223e-01 (3.0053e-01)	Loss Disc 6.9008e-01 (6.8811e-01)	Loss Pred 4.5831e-01 (4.6413e-01)	Loss TOTAL 8.5354e-01 (8.6261e-01)
Epoch: [35][110/140]	L_Src_Sup 1.9305e-01 (1.9362e-01)	L_Trg_Inj 2.6749e-01 (3.0226e-01)	Loss Disc 6.9170e-01 (6.8810e-01)	Loss Pred 4.7165e-01 (4.6393e-01)	Loss TOTAL 8.6356e-01 (8.6211e-01)
Epoch: [35][120/140]	L_Src_Sup 2.8572e-01 (1.9383e-01)	L_Trg_Inj 2.9674e-01 (3.0064e-01)	Loss Disc 6.9088e-01 (6.8817e-01)	Loss Pred 4.8374e-01 (4.6397e-01)	Loss TOTAL 8.8743e-01 (8.6205e-01)
Epoch: [35][130/140]	L_Src_Sup 2.2809e-01 (1.9557e-01)	L_Trg_Inj 2.5565e-01 (3.0087e-01)	Loss Disc 6.8844e-01 (6.8824e-01)	Loss Pred 4.7140e-01 (4.6473e-01)	Loss TOTAL 8.6399e-01 (8.6285e-01)
Epoch: [35][140/140]	L_Src_Sup 2.6094e-01 (1.9685e-01)	L_Trg_Inj 3.2319e-01 (2.9952e-01)	Loss Disc 6.8877e-01 (6.8823e-01)	Loss Pred 4.6538e-01 (4.6438e-01)	Loss TOTAL 8.6818e-01 (8.6237e-01)
Epoch: [35][140/140]	L_Src_Sup 2.6094e-01 (1.9685e-01)	L_Trg_Inj 3.2319e-01 (2.9952e-01)	Loss Disc 6.8877e-01 (6.8823e-01)	Loss Pred 4.6538e-01 (4.6438e-01)	Loss TOTAL 8.6818e-01 (8.6237e-01)
Epoch 35 complete. Saving model state...
Epoch: [36][ 10/140]	L_Src_Sup 1.7550e-01 (1.9532e-01)	L_Trg_Inj 3.6890e-01 (3.2609e-01)	Loss Disc 6.8467e-01 (6.8780e-01)	Loss Pred 4.7138e-01 (4.6762e-01)	Loss TOTAL 8.6816e-01 (8.6588e-01)
Epoch: [36][ 20/140]	L_Src_Sup 2.0374e-01 (1.9675e-01)	L_Trg_Inj 2.2402e-01 (3.1621e-01)	Loss Disc 6.8992e-01 (6.8747e-01)	Loss Pred 5.0960e-01 (4.6445e-01)	Loss TOTAL 8.9734e-01 (8.6838e-01)
Epoch: [36][ 30/140]	L_Src_Sup 2.0692e-01 (2.0040e-01)	L_Trg_Inj 3.3814e-01 (3.1680e-01)	Loss Disc 6.8194e-01 (6.8752e-01)	Loss Pred 4.5880e-01 (4.6379e-01)	Loss TOTAL 8.5428e-01 (8.6683e-01)
Epoch: [36][ 40/140]	L_Src_Sup 1.0527e-01 (1.9669e-01)	L_Trg_Inj 3.0388e-01 (3.1320e-01)	Loss Disc 6.8990e-01 (6.8757e-01)	Loss Pred 4.7137e-01 (4.6284e-01)	Loss TOTAL 8.5723e-01 (8.6330e-01)
Epoch: [36][ 50/140]	L_Src_Sup 2.2691e-01 (1.9251e-01)	L_Trg_Inj 1.8902e-01 (3.0620e-01)	Loss Disc 6.8962e-01 (6.8770e-01)	Loss Pred 4.2668e-01 (4.6290e-01)	Loss TOTAL 8.5097e-01 (8.6192e-01)
Epoch: [36][ 60/140]	L_Src_Sup 2.0352e-01 (1.8999e-01)	L_Trg_Inj 2.8495e-01 (3.0645e-01)	Loss Disc 6.8541e-01 (6.8796e-01)	Loss Pred 4.4580e-01 (4.6303e-01)	Loss TOTAL 8.3735e-01 (8.6254e-01)
Epoch: [36][ 70/140]	L_Src_Sup 2.3142e-01 (1.9396e-01)	L_Trg_Inj 3.2123e-01 (3.0962e-01)	Loss Disc 6.8142e-01 (6.8781e-01)	Loss Pred 4.2717e-01 (4.6278e-01)	Loss TOTAL 8.2314e-01 (8.6207e-01)
Epoch: [36][ 80/140]	L_Src_Sup 1.8182e-01 (1.9264e-01)	L_Trg_Inj 3.6514e-01 (3.0682e-01)	Loss Disc 6.8227e-01 (6.8794e-01)	Loss Pred 4.2672e-01 (4.6290e-01)	Loss TOTAL 8.2255e-01 (8.6122e-01)
Epoch: [36][ 90/140]	L_Src_Sup 1.5460e-01 (1.9464e-01)	L_Trg_Inj 4.1548e-01 (3.0449e-01)	Loss Disc 6.8479e-01 (6.8804e-01)	Loss Pred 4.4210e-01 (4.6428e-01)	Loss TOTAL 8.4150e-01 (8.6335e-01)
Epoch: [36][100/140]	L_Src_Sup 2.5863e-01 (1.9739e-01)	L_Trg_Inj 1.3693e-01 (3.0213e-01)	Loss Disc 6.9128e-01 (6.8816e-01)	Loss Pred 4.5872e-01 (4.6425e-01)	Loss TOTAL 9.6562e-01 (8.6539e-01)
Epoch: [36][110/140]	L_Src_Sup 2.5424e-01 (2.0039e-01)	L_Trg_Inj 3.3862e-01 (3.0583e-01)	Loss Disc 6.8402e-01 (6.8805e-01)	Loss Pred 4.4583e-01 (4.6489e-01)	Loss TOTAL 8.4713e-01 (8.6723e-01)
Epoch: [36][120/140]	L_Src_Sup 1.4035e-01 (2.0095e-01)	L_Trg_Inj 3.0773e-01 (3.0576e-01)	Loss Disc 6.8933e-01 (6.8817e-01)	Loss Pred 4.7097e-01 (4.6546e-01)	Loss TOTAL 8.6044e-01 (8.6726e-01)
Epoch: [36][130/140]	L_Src_Sup 2.0709e-01 (2.0149e-01)	L_Trg_Inj 2.7343e-01 (3.0502e-01)	Loss Disc 6.8542e-01 (6.8809e-01)	Loss Pred 4.5834e-01 (4.6479e-01)	Loss TOTAL 8.4910e-01 (8.6621e-01)
Epoch: [36][140/140]	L_Src_Sup 2.7354e-01 (2.0351e-01)	L_Trg_Inj 3.8456e-01 (3.0888e-01)	Loss Disc 6.8471e-01 (6.8798e-01)	Loss Pred 4.5197e-01 (4.6431e-01)	Loss TOTAL 8.6014e-01 (8.6578e-01)
Epoch: [36][140/140]	L_Src_Sup 2.7354e-01 (2.0351e-01)	L_Trg_Inj 3.8456e-01 (3.0888e-01)	Loss Disc 6.8471e-01 (6.8798e-01)	Loss Pred 4.5197e-01 (4.6431e-01)	Loss TOTAL 8.6014e-01 (8.6578e-01)
Epoch 36 complete. Saving model state...
Epoch: [37][ 10/140]	L_Src_Sup 1.7393e-01 (1.8265e-01)	L_Trg_Inj 3.0264e-01 (3.1165e-01)	Loss Disc 6.9103e-01 (6.8881e-01)	Loss Pred 4.6493e-01 (4.6564e-01)	Loss TOTAL 8.5810e-01 (8.5948e-01)
Epoch: [37][ 20/140]	L_Src_Sup 8.7761e-02 (1.9031e-01)	L_Trg_Inj 2.3533e-01 (2.9884e-01)	Loss Disc 6.9159e-01 (6.8909e-01)	Loss Pred 4.7100e-01 (4.7040e-01)	Loss TOTAL 8.4910e-01 (8.6581e-01)
Epoch: [37][ 30/140]	L_Src_Sup 1.8805e-01 (1.9240e-01)	L_Trg_Inj 2.9239e-01 (2.9719e-01)	Loss Disc 6.8714e-01 (6.8860e-01)	Loss Pred 4.5229e-01 (4.6969e-01)	Loss TOTAL 8.4391e-01 (8.6425e-01)
Epoch: [37][ 40/140]	L_Src_Sup 2.4797e-01 (1.8925e-01)	L_Trg_Inj 2.7311e-01 (3.0052e-01)	Loss Disc 6.8791e-01 (6.8868e-01)	Loss Pred 4.2680e-01 (4.6962e-01)	Loss TOTAL 8.2286e-01 (8.6391e-01)
Epoch: [37][ 50/140]	L_Src_Sup 1.5930e-01 (1.8408e-01)	L_Trg_Inj 2.8124e-01 (2.9724e-01)	Loss Disc 6.8610e-01 (6.8861e-01)	Loss Pred 4.7766e-01 (4.6896e-01)	Loss TOTAL 8.6476e-01 (8.6217e-01)
Epoch: [37][ 60/140]	L_Src_Sup 1.8437e-01 (1.8739e-01)	L_Trg_Inj 4.3678e-01 (3.0254e-01)	Loss Disc 6.8347e-01 (6.8817e-01)	Loss Pred 4.5868e-01 (4.6640e-01)	Loss TOTAL 8.6253e-01 (8.6013e-01)
Epoch: [37][ 70/140]	L_Src_Sup 2.5866e-01 (1.9261e-01)	L_Trg_Inj 3.6115e-01 (3.0211e-01)	Loss Disc 6.8649e-01 (6.8799e-01)	Loss Pred 4.5900e-01 (4.6607e-01)	Loss TOTAL 8.6423e-01 (8.6174e-01)
Epoch: [37][ 80/140]	L_Src_Sup 1.4287e-01 (1.9357e-01)	L_Trg_Inj 3.4904e-01 (3.0347e-01)	Loss Disc 6.8978e-01 (6.8804e-01)	Loss Pred 4.8431e-01 (4.6549e-01)	Loss TOTAL 8.7839e-01 (8.6147e-01)
Epoch: [37][ 90/140]	L_Src_Sup 2.2445e-01 (1.9354e-01)	L_Trg_Inj 3.5936e-01 (3.0279e-01)	Loss Disc 6.8704e-01 (6.8795e-01)	Loss Pred 4.5872e-01 (4.6460e-01)	Loss TOTAL 8.6062e-01 (8.6054e-01)
Epoch: [37][100/140]	L_Src_Sup 2.4144e-01 (1.9435e-01)	L_Trg_Inj 2.4307e-01 (3.0220e-01)	Loss Disc 6.8841e-01 (6.8794e-01)	Loss Pred 4.5859e-01 (4.6407e-01)	Loss TOTAL 8.5125e-01 (8.5994e-01)
Epoch: [37][110/140]	L_Src_Sup 2.3542e-01 (1.9491e-01)	L_Trg_Inj 4.0619e-01 (3.0720e-01)	Loss Disc 6.8564e-01 (6.8776e-01)	Loss Pred 4.3965e-01 (4.6364e-01)	Loss TOTAL 8.4664e-01 (8.5978e-01)
Epoch: [37][120/140]	L_Src_Sup 2.9063e-01 (1.9770e-01)	L_Trg_Inj 2.9832e-01 (3.0655e-01)	Loss Disc 6.8811e-01 (6.8783e-01)	Loss Pred 4.5225e-01 (4.6439e-01)	Loss TOTAL 8.5520e-01 (8.6071e-01)
Epoch: [37][130/140]	L_Src_Sup 2.7125e-01 (1.9832e-01)	L_Trg_Inj 2.1875e-01 (3.0382e-01)	Loss Disc 6.8946e-01 (6.8793e-01)	Loss Pred 4.4607e-01 (4.6443e-01)	Loss TOTAL 8.9230e-01 (8.6120e-01)
Epoch: [37][140/140]	L_Src_Sup 1.0811e-01 (1.9826e-01)	L_Trg_Inj 2.9219e-01 (3.0296e-01)	Loss Disc 6.8974e-01 (6.8789e-01)	Loss Pred 4.9087e-01 (4.6439e-01)	Loss TOTAL 8.7577e-01 (8.6086e-01)
Epoch: [37][140/140]	L_Src_Sup 1.0811e-01 (1.9826e-01)	L_Trg_Inj 2.9219e-01 (3.0296e-01)	Loss Disc 6.8974e-01 (6.8789e-01)	Loss Pred 4.9087e-01 (4.6439e-01)	Loss TOTAL 8.7577e-01 (8.6086e-01)
Epoch 37 complete. Saving model state...
Epoch: [38][ 10/140]	L_Src_Sup 2.1685e-01 (1.8823e-01)	L_Trg_Inj 2.3436e-01 (2.5605e-01)	Loss Disc 6.8905e-01 (6.8879e-01)	Loss Pred 4.3329e-01 (4.6053e-01)	Loss TOTAL 8.2294e-01 (8.5867e-01)
Epoch: [38][ 20/140]	L_Src_Sup 1.1765e-01 (1.8546e-01)	L_Trg_Inj 2.1557e-01 (2.7813e-01)	Loss Disc 6.9030e-01 (6.8817e-01)	Loss Pred 4.3978e-01 (4.6024e-01)	Loss TOTAL 8.1825e-01 (8.5534e-01)
Epoch: [38][ 30/140]	L_Src_Sup 2.1062e-01 (1.8446e-01)	L_Trg_Inj 2.8126e-01 (2.8469e-01)	Loss Disc 6.8827e-01 (6.8814e-01)	Loss Pred 4.7138e-01 (4.5846e-01)	Loss TOTAL 8.6470e-01 (8.5254e-01)
Epoch: [38][ 40/140]	L_Src_Sup 2.0001e-01 (1.9126e-01)	L_Trg_Inj 3.5941e-01 (2.9047e-01)	Loss Disc 6.9074e-01 (6.8806e-01)	Loss Pred 4.9669e-01 (4.6072e-01)	Loss TOTAL 8.9800e-01 (8.5654e-01)
Epoch: [38][ 50/140]	L_Src_Sup 2.9827e-01 (1.9374e-01)	L_Trg_Inj 1.5308e-01 (2.9076e-01)	Loss Disc 6.9603e-01 (6.8805e-01)	Loss Pred 4.7155e-01 (4.6197e-01)	Loss TOTAL 1.0099e+00 (8.6038e-01)
Epoch: [38][ 60/140]	L_Src_Sup 1.8663e-01 (1.9430e-01)	L_Trg_Inj 2.1873e-01 (2.9507e-01)	Loss Disc 6.8972e-01 (6.8806e-01)	Loss Pred 4.4581e-01 (4.6373e-01)	Loss TOTAL 8.3121e-01 (8.6239e-01)
Epoch: [38][ 70/140]	L_Src_Sup 2.4825e-01 (2.0052e-01)	L_Trg_Inj 3.5059e-01 (2.9678e-01)	Loss Disc 6.8336e-01 (6.8785e-01)	Loss Pred 4.2682e-01 (4.6300e-01)	Loss TOTAL 8.2838e-01 (8.6239e-01)
Epoch: [38][ 80/140]	L_Src_Sup 2.1670e-01 (2.0079e-01)	L_Trg_Inj 2.4999e-01 (2.9611e-01)	Loss Disc 6.8436e-01 (6.8771e-01)	Loss Pred 4.3320e-01 (4.6246e-01)	Loss TOTAL 8.2205e-01 (8.6103e-01)
Epoch: [38][ 90/140]	L_Src_Sup 1.0345e-01 (1.9927e-01)	L_Trg_Inj 2.2565e-01 (2.9664e-01)	Loss Disc 6.9134e-01 (6.8771e-01)	Loss Pred 4.5883e-01 (4.6211e-01)	Loss TOTAL 8.3741e-01 (8.6022e-01)
Epoch: [38][100/140]	L_Src_Sup 1.5790e-01 (2.0176e-01)	L_Trg_Inj 2.6562e-01 (2.9830e-01)	Loss Disc 6.8754e-01 (6.8778e-01)	Loss Pred 4.7129e-01 (4.6360e-01)	Loss TOTAL 8.5742e-01 (8.6214e-01)
Epoch: [38][110/140]	L_Src_Sup 1.8019e-01 (2.0266e-01)	L_Trg_Inj 4.5280e-01 (3.0081e-01)	Loss Disc 6.8532e-01 (6.8763e-01)	Loss Pred 4.9018e-01 (4.6361e-01)	Loss TOTAL 8.9614e-01 (8.6199e-01)
Epoch: [38][120/140]	L_Src_Sup 1.7544e-01 (2.0090e-01)	L_Trg_Inj 2.3095e-01 (3.0202e-01)	Loss Disc 6.9297e-01 (6.8758e-01)	Loss Pred 4.7150e-01 (4.6287e-01)	Loss TOTAL 8.5863e-01 (8.6083e-01)
Epoch: [38][130/140]	L_Src_Sup 2.4563e-01 (2.0319e-01)	L_Trg_Inj 2.6562e-01 (3.0357e-01)	Loss Disc 6.8601e-01 (6.8759e-01)	Loss Pred 4.7132e-01 (4.6342e-01)	Loss TOTAL 8.6546e-01 (8.6180e-01)
Epoch: [38][140/140]	L_Src_Sup 1.3334e-01 (2.0207e-01)	L_Trg_Inj 3.4374e-01 (3.0256e-01)	Loss Disc 6.8882e-01 (6.8765e-01)	Loss Pred 5.2900e-01 (4.6417e-01)	Loss TOTAL 9.2112e-01 (8.6208e-01)
Epoch: [38][140/140]	L_Src_Sup 1.3334e-01 (2.0207e-01)	L_Trg_Inj 3.4374e-01 (3.0256e-01)	Loss Disc 6.8882e-01 (6.8765e-01)	Loss Pred 5.2900e-01 (4.6417e-01)	Loss TOTAL 9.2112e-01 (8.6208e-01)
Epoch 38 complete. Saving model state...
Epoch: [39][ 10/140]	L_Src_Sup 2.3009e-01 (2.0122e-01)	L_Trg_Inj 2.6562e-01 (3.0862e-01)	Loss Disc 6.9161e-01 (6.8802e-01)	Loss Pred 4.7759e-01 (4.6494e-01)	Loss TOTAL 8.7296e-01 (8.5994e-01)
Epoch: [39][ 20/140]	L_Src_Sup 1.8021e-01 (2.0300e-01)	L_Trg_Inj 2.6700e-01 (2.8611e-01)	Loss Disc 6.9220e-01 (6.8835e-01)	Loss Pred 4.9036e-01 (4.6403e-01)	Loss TOTAL 8.8118e-01 (8.6209e-01)
Epoch: [39][ 30/140]	L_Src_Sup 1.8019e-01 (1.9589e-01)	L_Trg_Inj 2.9687e-01 (2.8681e-01)	Loss Disc 6.9057e-01 (6.8828e-01)	Loss Pred 4.9046e-01 (4.6266e-01)	Loss TOTAL 8.8345e-01 (8.5848e-01)
Epoch: [39][ 40/140]	L_Src_Sup 1.3447e-01 (1.9101e-01)	L_Trg_Inj 3.0972e-01 (2.8676e-01)	Loss Disc 6.8652e-01 (6.8841e-01)	Loss Pred 4.3968e-01 (4.6355e-01)	Loss TOTAL 8.2736e-01 (8.5808e-01)
Epoch: [39][ 50/140]	L_Src_Sup 2.4147e-01 (1.9492e-01)	L_Trg_Inj 3.2812e-01 (2.8573e-01)	Loss Disc 6.8714e-01 (6.8834e-01)	Loss Pred 4.5854e-01 (4.6396e-01)	Loss TOTAL 8.5907e-01 (8.6060e-01)
Epoch: [39][ 60/140]	L_Src_Sup 2.6329e-01 (1.9678e-01)	L_Trg_Inj 2.3437e-01 (2.8382e-01)	Loss Disc 6.8920e-01 (6.8841e-01)	Loss Pred 4.7120e-01 (4.6402e-01)	Loss TOTAL 8.9449e-01 (8.6230e-01)
Epoch: [39][ 70/140]	L_Src_Sup 2.0339e-01 (1.9343e-01)	L_Trg_Inj 2.6562e-01 (2.8558e-01)	Loss Disc 6.8614e-01 (6.8832e-01)	Loss Pred 4.4594e-01 (4.6541e-01)	Loss TOTAL 8.3591e-01 (8.6327e-01)
Epoch: [39][ 80/140]	L_Src_Sup 1.7391e-01 (1.9502e-01)	L_Trg_Inj 3.5936e-01 (2.8973e-01)	Loss Disc 6.8520e-01 (6.8819e-01)	Loss Pred 4.6482e-01 (4.6449e-01)	Loss TOTAL 8.6075e-01 (8.6213e-01)
Epoch: [39][ 90/140]	L_Src_Sup 2.2034e-01 (1.9526e-01)	L_Trg_Inj 2.9686e-01 (2.9345e-01)	Loss Disc 6.8933e-01 (6.8812e-01)	Loss Pred 4.4585e-01 (4.6468e-01)	Loss TOTAL 8.4224e-01 (8.6212e-01)
Epoch: [39][100/140]	L_Src_Sup 1.2174e-01 (1.9468e-01)	L_Trg_Inj 3.1248e-01 (2.9413e-01)	Loss Disc 6.9057e-01 (6.8801e-01)	Loss Pred 4.6555e-01 (4.6395e-01)	Loss TOTAL 8.5425e-01 (8.6090e-01)
Epoch: [39][110/140]	L_Src_Sup 8.4748e-02 (1.9251e-01)	L_Trg_Inj 2.9665e-01 (2.9368e-01)	Loss Disc 6.8768e-01 (6.8791e-01)	Loss Pred 4.4589e-01 (4.6312e-01)	Loss TOTAL 8.2787e-01 (8.5939e-01)
Epoch: [39][120/140]	L_Src_Sup 2.2614e-01 (1.9346e-01)	L_Trg_Inj 2.8769e-01 (2.9170e-01)	Loss Disc 6.8745e-01 (6.8795e-01)	Loss Pred 4.6493e-01 (4.6296e-01)	Loss TOTAL 8.6003e-01 (8.5966e-01)
Epoch: [39][130/140]	L_Src_Sup 1.8488e-01 (1.9236e-01)	L_Trg_Inj 3.6134e-01 (2.9396e-01)	Loss Disc 6.8594e-01 (6.8796e-01)	Loss Pred 4.3941e-01 (4.6376e-01)	Loss TOTAL 8.3701e-01 (8.6025e-01)
Epoch: [39][140/140]	L_Src_Sup 1.3793e-01 (1.9153e-01)	L_Trg_Inj 2.4995e-01 (2.9359e-01)	Loss Disc 6.9077e-01 (6.8801e-01)	Loss Pred 4.5856e-01 (4.6407e-01)	Loss TOTAL 8.4274e-01 (8.6019e-01)
Epoch: [39][140/140]	L_Src_Sup 1.3793e-01 (1.9153e-01)	L_Trg_Inj 2.4995e-01 (2.9359e-01)	Loss Disc 6.9077e-01 (6.8801e-01)	Loss Pred 4.5856e-01 (4.6407e-01)	Loss TOTAL 8.4274e-01 (8.6019e-01)
Epoch 39 complete. Saving model state...
Epoch: [40][ 10/140]	L_Src_Sup 6.8966e-02 (1.6235e-01)	L_Trg_Inj 2.9687e-01 (2.7185e-01)	Loss Disc 6.8872e-01 (6.8983e-01)	Loss Pred 4.5844e-01 (4.6752e-01)	Loss TOTAL 8.3938e-01 (8.5776e-01)
Epoch: [40][ 20/140]	L_Src_Sup 2.0516e-01 (1.7218e-01)	L_Trg_Inj 3.4324e-01 (2.9954e-01)	Loss Disc 6.8767e-01 (6.8870e-01)	Loss Pred 4.5234e-01 (4.6118e-01)	Loss TOTAL 8.5101e-01 (8.5401e-01)
Epoch: [40][ 30/140]	L_Src_Sup 2.2222e-01 (1.7455e-01)	L_Trg_Inj 3.9266e-01 (3.1025e-01)	Loss Disc 6.8615e-01 (6.8811e-01)	Loss Pred 4.5176e-01 (4.6455e-01)	Loss TOTAL 8.5633e-01 (8.5795e-01)
Epoch: [40][ 40/140]	L_Src_Sup 3.1936e-01 (1.8176e-01)	L_Trg_Inj 3.4374e-01 (3.0761e-01)	Loss Disc 6.8639e-01 (6.8807e-01)	Loss Pred 4.3953e-01 (4.6734e-01)	Loss TOTAL 8.4903e-01 (8.6135e-01)
Epoch: [40][ 50/140]	L_Src_Sup 2.0971e-01 (1.8323e-01)	L_Trg_Inj 2.4989e-01 (2.9948e-01)	Loss Disc 6.9377e-01 (6.8811e-01)	Loss Pred 5.2856e-01 (4.6498e-01)	Loss TOTAL 9.2141e-01 (8.5892e-01)
Epoch: [40][ 60/140]	L_Src_Sup 2.7592e-01 (1.8797e-01)	L_Trg_Inj 3.7699e-01 (3.0068e-01)	Loss Disc 6.8766e-01 (6.8808e-01)	Loss Pred 4.5860e-01 (4.6434e-01)	Loss TOTAL 8.6772e-01 (8.5859e-01)
Epoch: [40][ 70/140]	L_Src_Sup 2.3026e-01 (1.9657e-01)	L_Trg_Inj 2.5710e-01 (2.9818e-01)	Loss Disc 6.8997e-01 (6.8819e-01)	Loss Pred 4.7860e-01 (4.6587e-01)	Loss TOTAL 8.7233e-01 (8.6487e-01)
Epoch: [40][ 80/140]	L_Src_Sup 2.1854e-01 (1.9432e-01)	L_Trg_Inj 4.2489e-01 (2.9769e-01)	Loss Disc 6.7952e-01 (6.8806e-01)	Loss Pred 4.3962e-01 (4.6545e-01)	Loss TOTAL 8.4372e-01 (8.6485e-01)
Epoch: [40][ 90/140]	L_Src_Sup 1.9303e-01 (1.9649e-01)	L_Trg_Inj 2.1875e-01 (2.9816e-01)	Loss Disc 6.8987e-01 (6.8801e-01)	Loss Pred 4.7187e-01 (4.6449e-01)	Loss TOTAL 8.5798e-01 (8.6447e-01)
Epoch: [40][100/140]	L_Src_Sup 1.2069e-01 (1.9621e-01)	L_Trg_Inj 3.4375e-01 (2.9785e-01)	Loss Disc 6.8797e-01 (6.8804e-01)	Loss Pred 4.5866e-01 (4.6422e-01)	Loss TOTAL 8.4909e-01 (8.6351e-01)
Epoch: [40][110/140]	L_Src_Sup 1.5654e-01 (1.9538e-01)	L_Trg_Inj 3.7500e-01 (2.9683e-01)	Loss Disc 6.8553e-01 (6.8802e-01)	Loss Pred 4.6491e-01 (4.6475e-01)	Loss TOTAL 8.6083e-01 (8.6342e-01)
Epoch: [40][120/140]	L_Src_Sup 1.3446e-01 (1.9403e-01)	L_Trg_Inj 3.3390e-01 (2.9739e-01)	Loss Disc 6.8468e-01 (6.8793e-01)	Loss Pred 4.3966e-01 (4.6408e-01)	Loss TOTAL 8.2883e-01 (8.6224e-01)
Epoch: [40][130/140]	L_Src_Sup 2.9569e-01 (1.9530e-01)	L_Trg_Inj 3.0326e-01 (2.9755e-01)	Loss Disc 6.8793e-01 (6.8800e-01)	Loss Pred 4.6563e-01 (4.6430e-01)	Loss TOTAL 8.6949e-01 (8.6253e-01)
Epoch: [40][140/140]	L_Src_Sup 1.0171e-01 (1.9470e-01)	L_Trg_Inj 3.9327e-01 (2.9874e-01)	Loss Disc 6.8386e-01 (6.8795e-01)	Loss Pred 4.4591e-01 (4.6408e-01)	Loss TOTAL 8.3734e-01 (8.6198e-01)
Epoch: [40][140/140]	L_Src_Sup 1.0171e-01 (1.9470e-01)	L_Trg_Inj 3.9327e-01 (2.9874e-01)	Loss Disc 6.8386e-01 (6.8795e-01)	Loss Pred 4.4591e-01 (4.6408e-01)	Loss TOTAL 8.3734e-01 (8.6198e-01)
Epoch 40 complete. Saving model state...
Epoch: [41][ 10/140]	L_Src_Sup 2.7827e-01 (2.0002e-01)	L_Trg_Inj 1.5625e-01 (2.9368e-01)	Loss Disc 6.9192e-01 (6.8741e-01)	Loss Pred 4.6518e-01 (4.5933e-01)	Loss TOTAL 9.7660e-01 (8.6461e-01)
Epoch: [41][ 20/140]	L_Src_Sup 1.7545e-01 (2.0568e-01)	L_Trg_Inj 2.9690e-01 (2.9018e-01)	Loss Disc 6.9042e-01 (6.8832e-01)	Loss Pred 4.7141e-01 (4.6342e-01)	Loss TOTAL 8.6386e-01 (8.6327e-01)
Epoch: [41][ 30/140]	L_Src_Sup 1.7097e-01 (2.0180e-01)	L_Trg_Inj 3.8477e-01 (3.0658e-01)	Loss Disc 6.8537e-01 (6.8810e-01)	Loss Pred 4.5211e-01 (4.6584e-01)	Loss TOTAL 8.5037e-01 (8.6510e-01)
Epoch: [41][ 40/140]	L_Src_Sup 2.3954e-01 (2.0034e-01)	L_Trg_Inj 2.9688e-01 (2.9918e-01)	Loss Disc 6.8757e-01 (6.8808e-01)	Loss Pred 4.5258e-01 (4.6419e-01)	Loss TOTAL 8.5001e-01 (8.6358e-01)
Epoch: [41][ 50/140]	L_Src_Sup 2.5691e-01 (2.0640e-01)	L_Trg_Inj 2.9687e-01 (2.9886e-01)	Loss Disc 6.8946e-01 (6.8822e-01)	Loss Pred 4.5237e-01 (4.6473e-01)	Loss TOTAL 8.5248e-01 (8.6469e-01)
Epoch: [41][ 60/140]	L_Src_Sup 3.1322e-01 (2.0547e-01)	L_Trg_Inj 2.2153e-01 (3.0338e-01)	Loss Disc 6.8976e-01 (6.8815e-01)	Loss Pred 4.6489e-01 (4.6614e-01)	Loss TOTAL 9.5492e-01 (8.6796e-01)
Epoch: [41][ 70/140]	L_Src_Sup 1.5127e-01 (2.0476e-01)	L_Trg_Inj 2.8317e-01 (3.0233e-01)	Loss Disc 6.8664e-01 (6.8787e-01)	Loss Pred 4.3962e-01 (4.6579e-01)	Loss TOTAL 8.2638e-01 (8.6759e-01)
Epoch: [41][ 80/140]	L_Src_Sup 2.8321e-01 (2.0297e-01)	L_Trg_Inj 2.5169e-01 (3.0079e-01)	Loss Disc 6.8917e-01 (6.8796e-01)	Loss Pred 4.7753e-01 (4.6601e-01)	Loss TOTAL 9.0712e-01 (8.6710e-01)
Epoch: [41][ 90/140]	L_Src_Sup 1.8805e-01 (2.0068e-01)	L_Trg_Inj 2.8125e-01 (2.9831e-01)	Loss Disc 6.8943e-01 (6.8797e-01)	Loss Pred 4.5231e-01 (4.6519e-01)	Loss TOTAL 8.4396e-01 (8.6534e-01)
Epoch: [41][100/140]	L_Src_Sup 2.1434e-01 (1.9931e-01)	L_Trg_Inj 3.1250e-01 (2.9555e-01)	Loss Disc 6.8873e-01 (6.8807e-01)	Loss Pred 4.8345e-01 (4.6523e-01)	Loss TOTAL 8.8050e-01 (8.6504e-01)
Epoch: [41][110/140]	L_Src_Sup 1.3924e-01 (1.9658e-01)	L_Trg_Inj 2.9687e-01 (2.9317e-01)	Loss Disc 6.8982e-01 (6.8810e-01)	Loss Pred 4.6535e-01 (4.6475e-01)	Loss TOTAL 8.5388e-01 (8.6398e-01)
Epoch: [41][120/140]	L_Src_Sup 2.9536e-01 (1.9680e-01)	L_Trg_Inj 2.6563e-01 (2.9181e-01)	Loss Disc 6.9025e-01 (6.8811e-01)	Loss Pred 4.5869e-01 (4.6436e-01)	Loss TOTAL 8.8964e-01 (8.6488e-01)
Epoch: [41][130/140]	L_Src_Sup 1.8805e-01 (1.9607e-01)	L_Trg_Inj 3.2812e-01 (2.9191e-01)	Loss Disc 6.8522e-01 (6.8813e-01)	Loss Pred 4.5257e-01 (4.6426e-01)	Loss TOTAL 8.4680e-01 (8.6430e-01)
Epoch: [41][140/140]	L_Src_Sup 1.5652e-01 (1.9582e-01)	L_Trg_Inj 2.1558e-01 (2.9347e-01)	Loss Disc 6.8739e-01 (6.8807e-01)	Loss Pred 4.6511e-01 (4.6413e-01)	Loss TOTAL 8.4601e-01 (8.6391e-01)
Epoch: [41][140/140]	L_Src_Sup 1.5652e-01 (1.9582e-01)	L_Trg_Inj 2.1558e-01 (2.9347e-01)	Loss Disc 6.8739e-01 (6.8807e-01)	Loss Pred 4.6511e-01 (4.6413e-01)	Loss TOTAL 8.4601e-01 (8.6391e-01)
Epoch 41 complete. Saving model state...
Epoch: [42][ 10/140]	L_Src_Sup 1.1475e-01 (1.8436e-01)	L_Trg_Inj 3.4375e-01 (2.8339e-01)	Loss Disc 6.8381e-01 (6.8925e-01)	Loss Pred 4.2059e-01 (4.6685e-01)	Loss TOTAL 8.0835e-01 (8.5825e-01)
Epoch: [42][ 20/140]	L_Src_Sup 2.0870e-01 (2.0134e-01)	L_Trg_Inj 3.3039e-01 (2.9114e-01)	Loss Disc 6.8702e-01 (6.8883e-01)	Loss Pred 4.6549e-01 (4.6658e-01)	Loss TOTAL 8.6291e-01 (8.6877e-01)
Epoch: [42][ 30/140]	L_Src_Sup 2.8070e-01 (2.0410e-01)	L_Trg_Inj 2.6725e-01 (2.8779e-01)	Loss Disc 6.9018e-01 (6.8853e-01)	Loss Pred 4.7074e-01 (4.6306e-01)	Loss TOTAL 8.8408e-01 (8.6325e-01)
Epoch: [42][ 40/140]	L_Src_Sup 2.4138e-01 (2.0159e-01)	L_Trg_Inj 3.6938e-01 (2.8851e-01)	Loss Disc 6.8932e-01 (6.8845e-01)	Loss Pred 4.5851e-01 (4.6133e-01)	Loss TOTAL 8.6424e-01 (8.6022e-01)
Epoch: [42][ 50/140]	L_Src_Sup 1.6364e-01 (1.9740e-01)	L_Trg_Inj 3.6096e-01 (2.9121e-01)	Loss Disc 6.8864e-01 (6.8831e-01)	Loss Pred 4.9661e-01 (4.6308e-01)	Loss TOTAL 8.9338e-01 (8.6120e-01)
Epoch: [42][ 60/140]	L_Src_Sup 1.8488e-01 (1.9801e-01)	L_Trg_Inj 4.2173e-01 (2.9396e-01)	Loss Disc 6.8446e-01 (6.8837e-01)	Loss Pred 4.3947e-01 (4.6423e-01)	Loss TOTAL 8.4237e-01 (8.6205e-01)
Epoch: [42][ 70/140]	L_Src_Sup 2.2223e-01 (1.9783e-01)	L_Trg_Inj 2.5000e-01 (2.9419e-01)	Loss Disc 6.9245e-01 (6.8819e-01)	Loss Pred 4.5202e-01 (4.6325e-01)	Loss TOTAL 8.4546e-01 (8.6034e-01)
Epoch: [42][ 80/140]	L_Src_Sup 1.8644e-01 (2.0035e-01)	L_Trg_Inj 2.8125e-01 (2.9533e-01)	Loss Disc 6.8423e-01 (6.8809e-01)	Loss Pred 4.4599e-01 (4.6434e-01)	Loss TOTAL 8.3488e-01 (8.6128e-01)
Epoch: [42][ 90/140]	L_Src_Sup 2.2035e-01 (2.0073e-01)	L_Trg_Inj 2.8125e-01 (2.9327e-01)	Loss Disc 6.8717e-01 (6.8813e-01)	Loss Pred 4.4588e-01 (4.6483e-01)	Loss TOTAL 8.3963e-01 (8.6345e-01)
Epoch: [42][100/140]	L_Src_Sup 1.0909e-01 (1.9997e-01)	L_Trg_Inj 3.3030e-01 (2.9380e-01)	Loss Disc 6.8869e-01 (6.8812e-01)	Loss Pred 4.9663e-01 (4.6579e-01)	Loss TOTAL 8.8492e-01 (8.6430e-01)
Epoch: [42][110/140]	L_Src_Sup 1.3677e-01 (1.9596e-01)	L_Trg_Inj 3.4597e-01 (2.9572e-01)	Loss Disc 6.8900e-01 (6.8813e-01)	Loss Pred 4.5240e-01 (4.6618e-01)	Loss TOTAL 8.4517e-01 (8.6416e-01)
Epoch: [42][120/140]	L_Src_Sup 1.1994e-01 (1.9699e-01)	L_Trg_Inj 2.0313e-01 (2.9374e-01)	Loss Disc 6.9015e-01 (6.8815e-01)	Loss Pred 4.5227e-01 (4.6586e-01)	Loss TOTAL 8.2965e-01 (8.6455e-01)
Epoch: [42][130/140]	L_Src_Sup 2.6893e-01 (1.9660e-01)	L_Trg_Inj 3.9165e-01 (2.9638e-01)	Loss Disc 6.8454e-01 (6.8806e-01)	Loss Pred 4.3953e-01 (4.6545e-01)	Loss TOTAL 8.4786e-01 (8.6396e-01)
Epoch: [42][140/140]	L_Src_Sup 2.1057e-01 (1.9610e-01)	L_Trg_Inj 2.5000e-01 (2.9707e-01)	Loss Disc 6.8535e-01 (6.8793e-01)	Loss Pred 4.7146e-01 (4.6429e-01)	Loss TOTAL 8.6020e-01 (8.6278e-01)
Epoch: [42][140/140]	L_Src_Sup 2.1057e-01 (1.9610e-01)	L_Trg_Inj 2.5000e-01 (2.9707e-01)	Loss Disc 6.8535e-01 (6.8793e-01)	Loss Pred 4.7146e-01 (4.6429e-01)	Loss TOTAL 8.6020e-01 (8.6278e-01)
Epoch 42 complete. Saving model state...
Epoch: [43][ 10/140]	L_Src_Sup 2.7789e-01 (2.3054e-01)	L_Trg_Inj 1.7186e-01 (2.6444e-01)	Loss Disc 6.9161e-01 (6.8900e-01)	Loss Pred 5.0931e-01 (4.6759e-01)	Loss TOTAL 1.0061e+00 (8.7957e-01)
Epoch: [43][ 20/140]	L_Src_Sup 2.4363e-01 (2.1816e-01)	L_Trg_Inj 2.2036e-01 (2.6406e-01)	Loss Disc 6.9113e-01 (6.8909e-01)	Loss Pred 4.6504e-01 (4.6816e-01)	Loss TOTAL 8.8027e-01 (8.7602e-01)
Epoch: [43][ 30/140]	L_Src_Sup 2.6232e-01 (2.1087e-01)	L_Trg_Inj 3.5597e-01 (2.8799e-01)	Loss Disc 6.8038e-01 (6.8826e-01)	Loss Pred 4.2068e-01 (4.6327e-01)	Loss TOTAL 8.2270e-01 (8.6886e-01)
Epoch: [43][ 40/140]	L_Src_Sup 1.1762e-01 (2.0512e-01)	L_Trg_Inj 3.2474e-01 (2.9238e-01)	Loss Disc 6.8765e-01 (6.8819e-01)	Loss Pred 4.2682e-01 (4.6368e-01)	Loss TOTAL 8.1488e-01 (8.6621e-01)
Epoch: [43][ 50/140]	L_Src_Sup 2.2036e-01 (2.0095e-01)	L_Trg_Inj 2.8196e-01 (2.9866e-01)	Loss Disc 6.8836e-01 (6.8808e-01)	Loss Pred 4.4576e-01 (4.6268e-01)	Loss TOTAL 8.4017e-01 (8.6383e-01)
Epoch: [43][ 60/140]	L_Src_Sup 1.6823e-01 (2.0091e-01)	L_Trg_Inj 3.0003e-01 (3.0261e-01)	Loss Disc 6.9103e-01 (6.8802e-01)	Loss Pred 5.1576e-01 (4.6454e-01)	Loss TOTAL 9.0810e-01 (8.6487e-01)
Epoch: [43][ 70/140]	L_Src_Sup 3.0915e-01 (2.0562e-01)	L_Trg_Inj 3.6421e-01 (3.0648e-01)	Loss Disc 6.9011e-01 (6.8803e-01)	Loss Pred 4.9673e-01 (4.6514e-01)	Loss TOTAL 9.0912e-01 (8.6557e-01)
Epoch: [43][ 80/140]	L_Src_Sup 2.0690e-01 (2.0661e-01)	L_Trg_Inj 2.4141e-01 (3.0842e-01)	Loss Disc 6.9277e-01 (6.8798e-01)	Loss Pred 4.5869e-01 (4.6544e-01)	Loss TOTAL 8.4991e-01 (8.6548e-01)
Epoch: [43][ 90/140]	L_Src_Sup 2.4690e-01 (2.0836e-01)	L_Trg_Inj 4.5713e-01 (3.1517e-01)	Loss Disc 6.8386e-01 (6.8788e-01)	Loss Pred 4.7109e-01 (4.6552e-01)	Loss TOTAL 8.8342e-01 (8.6684e-01)
Epoch: [43][100/140]	L_Src_Sup 1.1968e-01 (2.0350e-01)	L_Trg_Inj 3.6812e-01 (3.1665e-01)	Loss Disc 6.8664e-01 (6.8789e-01)	Loss Pred 4.5224e-01 (4.6578e-01)	Loss TOTAL 8.4434e-01 (8.6626e-01)
Epoch: [43][110/140]	L_Src_Sup 2.3538e-01 (2.0399e-01)	L_Trg_Inj 2.7709e-01 (3.1569e-01)	Loss Disc 6.8958e-01 (6.8796e-01)	Loss Pred 4.3950e-01 (4.6582e-01)	Loss TOTAL 8.3554e-01 (8.6588e-01)
Epoch: [43][120/140]	L_Src_Sup 2.4142e-01 (2.0572e-01)	L_Trg_Inj 2.1289e-01 (3.1241e-01)	Loss Disc 6.9190e-01 (6.8800e-01)	Loss Pred 4.5869e-01 (4.6512e-01)	Loss TOTAL 8.7861e-01 (8.6533e-01)
Epoch: [43][130/140]	L_Src_Sup 2.7352e-01 (2.0560e-01)	L_Trg_Inj 2.8186e-01 (3.1095e-01)	Loss Disc 6.8587e-01 (6.8804e-01)	Loss Pred 4.5209e-01 (4.6534e-01)	Loss TOTAL 8.5056e-01 (8.6549e-01)
Epoch: [43][140/140]	L_Src_Sup 1.9673e-01 (2.0516e-01)	L_Trg_Inj 2.8857e-01 (3.1179e-01)	Loss Disc 6.8270e-01 (6.8790e-01)	Loss Pred 4.2065e-01 (4.6428e-01)	Loss TOTAL 8.1053e-01 (8.6427e-01)
Epoch: [43][140/140]	L_Src_Sup 1.9673e-01 (2.0516e-01)	L_Trg_Inj 2.8857e-01 (3.1179e-01)	Loss Disc 6.8270e-01 (6.8790e-01)	Loss Pred 4.2065e-01 (4.6428e-01)	Loss TOTAL 8.1053e-01 (8.6427e-01)
Epoch 43 complete. Saving model state...
Epoch: [44][ 10/140]	L_Src_Sup 2.3598e-01 (2.0019e-01)	L_Trg_Inj 2.5817e-01 (3.0216e-01)	Loss Disc 6.8920e-01 (6.8845e-01)	Loss Pred 4.9032e-01 (4.7765e-01)	Loss TOTAL 8.8434e-01 (8.7694e-01)
Epoch: [44][ 20/140]	L_Src_Sup 1.5812e-01 (2.0260e-01)	L_Trg_Inj 2.9248e-01 (2.9975e-01)	Loss Disc 6.8923e-01 (6.8824e-01)	Loss Pred 4.7101e-01 (4.7097e-01)	Loss TOTAL 8.6068e-01 (8.7187e-01)
Epoch: [44][ 30/140]	L_Src_Sup 1.3915e-01 (1.9024e-01)	L_Trg_Inj 3.2549e-01 (3.0377e-01)	Loss Disc 6.8868e-01 (6.8817e-01)	Loss Pred 4.6494e-01 (4.6856e-01)	Loss TOTAL 8.5575e-01 (8.6782e-01)
Epoch: [44][ 40/140]	L_Src_Sup 1.5391e-01 (1.9239e-01)	L_Trg_Inj 2.9285e-01 (2.9685e-01)	Loss Disc 6.8429e-01 (6.8823e-01)	Loss Pred 4.5282e-01 (4.6799e-01)	Loss TOTAL 8.3965e-01 (8.6736e-01)
Epoch: [44][ 50/140]	L_Src_Sup 1.9824e-01 (1.9426e-01)	L_Trg_Inj 3.9048e-01 (3.0676e-01)	Loss Disc 6.8887e-01 (6.8791e-01)	Loss Pred 4.9086e-01 (4.6715e-01)	Loss TOTAL 8.9417e-01 (8.6626e-01)
Epoch: [44][ 60/140]	L_Src_Sup 1.4035e-01 (1.8946e-01)	L_Trg_Inj 2.7489e-01 (3.0804e-01)	Loss Disc 6.9054e-01 (6.8805e-01)	Loss Pred 4.7132e-01 (4.6604e-01)	Loss TOTAL 8.5812e-01 (8.6403e-01)
Epoch: [44][ 70/140]	L_Src_Sup 2.3214e-01 (1.9142e-01)	L_Trg_Inj 2.8513e-01 (3.0904e-01)	Loss Disc 6.8964e-01 (6.8805e-01)	Loss Pred 4.8411e-01 (4.6616e-01)	Loss TOTAL 8.8066e-01 (8.6391e-01)
Epoch: [44][ 80/140]	L_Src_Sup 2.9311e-01 (1.9199e-01)	L_Trg_Inj 2.1391e-01 (3.0779e-01)	Loss Disc 6.9178e-01 (6.8818e-01)	Loss Pred 4.5825e-01 (4.6633e-01)	Loss TOTAL 9.3404e-01 (8.6487e-01)
Epoch: [44][ 90/140]	L_Src_Sup 2.3012e-01 (1.9311e-01)	L_Trg_Inj 3.2403e-01 (3.1107e-01)	Loss Disc 6.8745e-01 (6.8819e-01)	Loss Pred 4.7769e-01 (4.6645e-01)	Loss TOTAL 8.7683e-01 (8.6495e-01)
Epoch: [44][100/140]	L_Src_Sup 1.0170e-01 (1.9164e-01)	L_Trg_Inj 3.2313e-01 (3.1107e-01)	Loss Disc 6.8316e-01 (6.8808e-01)	Loss Pred 4.4634e-01 (4.6561e-01)	Loss TOTAL 8.3040e-01 (8.6381e-01)
Epoch: [44][110/140]	L_Src_Sup 8.8508e-02 (1.9208e-01)	L_Trg_Inj 3.0728e-01 (3.0900e-01)	Loss Disc 6.8587e-01 (6.8807e-01)	Loss Pred 4.7771e-01 (4.6486e-01)	Loss TOTAL 8.6023e-01 (8.6312e-01)
Epoch: [44][120/140]	L_Src_Sup 2.1243e-01 (1.9333e-01)	L_Trg_Inj 3.0786e-01 (3.0856e-01)	Loss Disc 6.8982e-01 (6.8803e-01)	Loss Pred 4.7723e-01 (4.6413e-01)	Loss TOTAL 8.7416e-01 (8.6214e-01)
Epoch: [44][130/140]	L_Src_Sup 1.7242e-01 (1.9372e-01)	L_Trg_Inj 3.3472e-01 (3.0843e-01)	Loss Disc 6.8501e-01 (6.8802e-01)	Loss Pred 4.5864e-01 (4.6410e-01)	Loss TOTAL 8.5186e-01 (8.6183e-01)
Epoch: [44][140/140]	L_Src_Sup 1.8803e-01 (1.9302e-01)	L_Trg_Inj 3.1341e-01 (3.0904e-01)	Loss Disc 6.8751e-01 (6.8800e-01)	Loss Pred 4.5235e-01 (4.6420e-01)	Loss TOTAL 8.4625e-01 (8.6167e-01)
Epoch: [44][140/140]	L_Src_Sup 1.8803e-01 (1.9302e-01)	L_Trg_Inj 3.1341e-01 (3.0904e-01)	Loss Disc 6.8751e-01 (6.8800e-01)	Loss Pred 4.5235e-01 (4.6420e-01)	Loss TOTAL 8.4625e-01 (8.6167e-01)
Epoch 44 complete. Saving model state...
Epoch: [45][ 10/140]	L_Src_Sup 2.2810e-01 (1.8441e-01)	L_Trg_Inj 3.5439e-01 (2.8807e-01)	Loss Disc 6.9081e-01 (6.8810e-01)	Loss Pred 4.7126e-01 (4.6621e-01)	Loss TOTAL 8.7491e-01 (8.6085e-01)
Epoch: [45][ 20/140]	L_Src_Sup 2.1628e-01 (1.9907e-01)	L_Trg_Inj 4.6428e-01 (2.9701e-01)	Loss Disc 6.8524e-01 (6.8902e-01)	Loss Pred 4.9015e-01 (4.7160e-01)	Loss TOTAL 9.0083e-01 (8.6771e-01)
Epoch: [45][ 30/140]	L_Src_Sup 2.0532e-01 (2.0418e-01)	L_Trg_Inj 3.3794e-01 (3.0390e-01)	Loss Disc 6.8513e-01 (6.8862e-01)	Loss Pred 4.5205e-01 (4.6916e-01)	Loss TOTAL 8.4894e-01 (8.6613e-01)
Epoch: [45][ 40/140]	L_Src_Sup 3.2488e-01 (2.0908e-01)	L_Trg_Inj 2.4633e-01 (3.0303e-01)	Loss Disc 6.8797e-01 (6.8841e-01)	Loss Pred 4.5231e-01 (4.6732e-01)	Loss TOTAL 9.3196e-01 (8.6609e-01)
Epoch: [45][ 50/140]	L_Src_Sup 1.6765e-01 (2.0499e-01)	L_Trg_Inj 3.5396e-01 (3.0682e-01)	Loss Disc 6.8274e-01 (6.8806e-01)	Loss Pred 4.3274e-01 (4.6577e-01)	Loss TOTAL 8.2628e-01 (8.6511e-01)
Epoch: [45][ 60/140]	L_Src_Sup 2.8100e-01 (2.0650e-01)	L_Trg_Inj 4.0625e-01 (3.0458e-01)	Loss Disc 6.8203e-01 (6.8794e-01)	Loss Pred 4.2741e-01 (4.6215e-01)	Loss TOTAL 8.3715e-01 (8.6068e-01)
Epoch: [45][ 70/140]	L_Src_Sup 7.3522e-02 (2.0307e-01)	L_Trg_Inj 2.0554e-01 (2.9982e-01)	Loss Disc 6.9020e-01 (6.8810e-01)	Loss Pred 5.0310e-01 (4.6267e-01)	Loss TOTAL 8.7611e-01 (8.6049e-01)
Epoch: [45][ 80/140]	L_Src_Sup 1.7947e-01 (2.0658e-01)	L_Trg_Inj 3.4375e-01 (3.0301e-01)	Loss Disc 6.8863e-01 (6.8813e-01)	Loss Pred 4.8416e-01 (4.6327e-01)	Loss TOTAL 8.8079e-01 (8.6324e-01)
Epoch: [45][ 90/140]	L_Src_Sup 1.7394e-01 (2.0812e-01)	L_Trg_Inj 2.7339e-01 (3.0521e-01)	Loss Disc 6.8731e-01 (6.8800e-01)	Loss Pred 4.6490e-01 (4.6381e-01)	Loss TOTAL 8.5329e-01 (8.6358e-01)
Epoch: [45][100/140]	L_Src_Sup 1.5661e-01 (2.0657e-01)	L_Trg_Inj 3.8215e-01 (3.0282e-01)	Loss Disc 6.8789e-01 (6.8804e-01)	Loss Pred 4.6591e-01 (4.6438e-01)	Loss TOTAL 8.6373e-01 (8.6537e-01)
Epoch: [45][110/140]	L_Src_Sup 1.4755e-01 (2.0884e-01)	L_Trg_Inj 2.5217e-01 (3.0252e-01)	Loss Disc 6.8663e-01 (6.8814e-01)	Loss Pred 4.2026e-01 (4.6444e-01)	Loss TOTAL 8.0354e-01 (8.6558e-01)
Epoch: [45][120/140]	L_Src_Sup 1.6433e-01 (2.0891e-01)	L_Trg_Inj 2.8607e-01 (3.0454e-01)	Loss Disc 6.8648e-01 (6.8813e-01)	Loss Pred 4.2042e-01 (4.6485e-01)	Loss TOTAL 8.0870e-01 (8.6600e-01)
Epoch: [45][130/140]	L_Src_Sup 1.2071e-01 (2.0938e-01)	L_Trg_Inj 3.7500e-01 (3.0560e-01)	Loss Disc 6.8444e-01 (6.8811e-01)	Loss Pred 4.5874e-01 (4.6491e-01)	Loss TOTAL 8.5053e-01 (8.6606e-01)
Epoch: [45][140/140]	L_Src_Sup 2.3336e-01 (2.0827e-01)	L_Trg_Inj 3.3365e-01 (3.0301e-01)	Loss Disc 6.8456e-01 (6.8801e-01)	Loss Pred 4.3381e-01 (4.6429e-01)	Loss TOTAL 8.3279e-01 (8.6526e-01)
Epoch: [45][140/140]	L_Src_Sup 2.3336e-01 (2.0827e-01)	L_Trg_Inj 3.3365e-01 (3.0301e-01)	Loss Disc 6.8456e-01 (6.8801e-01)	Loss Pred 4.3381e-01 (4.6429e-01)	Loss TOTAL 8.3279e-01 (8.6526e-01)
Epoch 45 complete. Saving model state...
Epoch: [46][ 10/140]	L_Src_Sup 1.7392e-01 (2.1544e-01)	L_Trg_Inj 3.0462e-01 (3.0046e-01)	Loss Disc 6.8885e-01 (6.8849e-01)	Loss Pred 4.6515e-01 (4.5985e-01)	Loss TOTAL 8.5743e-01 (8.6189e-01)
Epoch: [46][ 20/140]	L_Src_Sup 2.5862e-01 (2.0776e-01)	L_Trg_Inj 2.9247e-01 (3.0034e-01)	Loss Disc 6.8572e-01 (6.8840e-01)	Loss Pred 4.5851e-01 (4.6239e-01)	Loss TOTAL 8.5648e-01 (8.6050e-01)
Epoch: [46][ 30/140]	L_Src_Sup 2.1659e-01 (2.0235e-01)	L_Trg_Inj 3.2935e-01 (2.9176e-01)	Loss Disc 6.9090e-01 (6.8799e-01)	Loss Pred 4.8366e-01 (4.6051e-01)	Loss TOTAL 8.8370e-01 (8.6053e-01)
Epoch: [46][ 40/140]	L_Src_Sup 2.6667e-01 (2.0067e-01)	L_Trg_Inj 3.4064e-01 (2.9779e-01)	Loss Disc 6.8477e-01 (6.8800e-01)	Loss Pred 4.3328e-01 (4.6019e-01)	Loss TOTAL 8.3640e-01 (8.5900e-01)
Epoch: [46][ 50/140]	L_Src_Sup 1.7699e-01 (2.0355e-01)	L_Trg_Inj 2.8136e-01 (3.0552e-01)	Loss Disc 6.9403e-01 (6.8856e-01)	Loss Pred 4.9647e-01 (4.6066e-01)	Loss TOTAL 8.8932e-01 (8.6030e-01)
Epoch: [46][ 60/140]	L_Src_Sup 1.3675e-01 (2.0310e-01)	L_Trg_Inj 2.5008e-01 (3.0403e-01)	Loss Disc 6.9217e-01 (6.8923e-01)	Loss Pred 4.5192e-01 (4.6132e-01)	Loss TOTAL 8.3669e-01 (8.6037e-01)
Epoch: [46][ 70/140]	L_Src_Sup 3.4189e-02 (2.0460e-01)	L_Trg_Inj 3.0783e-01 (3.0590e-01)	Loss Disc 6.8918e-01 (6.8949e-01)	Loss Pred 4.7021e-01 (4.6171e-01)	Loss TOTAL 8.4900e-01 (8.6257e-01)
Epoch: [46][ 80/140]	L_Src_Sup 1.4884e-01 (2.0792e-01)	L_Trg_Inj 3.9636e-01 (3.0607e-01)	Loss Disc 6.8449e-01 (6.8933e-01)	Loss Pred 4.2671e-01 (4.6251e-01)	Loss TOTAL 8.2347e-01 (8.6471e-01)
Epoch: [46][ 90/140]	L_Src_Sup 1.8659e-01 (2.0983e-01)	L_Trg_Inj 3.0768e-01 (3.0633e-01)	Loss Disc 6.8804e-01 (6.8932e-01)	Loss Pred 4.4583e-01 (4.6454e-01)	Loss TOTAL 8.3928e-01 (8.6660e-01)
Epoch: [46][100/140]	L_Src_Sup 1.7720e-01 (2.0907e-01)	L_Trg_Inj 2.9768e-01 (3.0579e-01)	Loss Disc 6.8830e-01 (6.8931e-01)	Loss Pred 4.7767e-01 (4.6515e-01)	Loss TOTAL 8.6931e-01 (8.6664e-01)
Epoch: [46][110/140]	L_Src_Sup 1.9840e-01 (2.0947e-01)	L_Trg_Inj 2.5001e-01 (3.0228e-01)	Loss Disc 6.9068e-01 (6.8944e-01)	Loss Pred 4.2679e-01 (4.6525e-01)	Loss TOTAL 8.1697e-01 (8.6611e-01)
Epoch: [46][120/140]	L_Src_Sup 1.1966e-01 (2.0814e-01)	L_Trg_Inj 3.4375e-01 (3.0420e-01)	Loss Disc 6.9109e-01 (6.8958e-01)	Loss Pred 4.5278e-01 (4.6413e-01)	Loss TOTAL 8.4466e-01 (8.6471e-01)
Epoch: [46][130/140]	L_Src_Sup 3.1209e-01 (2.0613e-01)	L_Trg_Inj 3.1250e-01 (3.0276e-01)	Loss Disc 6.9325e-01 (6.8981e-01)	Loss Pred 5.0304e-01 (4.6511e-01)	Loss TOTAL 9.1212e-01 (8.6562e-01)
Epoch: [46][140/140]	L_Src_Sup 2.2610e-01 (2.0609e-01)	L_Trg_Inj 2.9688e-01 (3.0168e-01)	Loss Disc 6.9278e-01 (6.9004e-01)	Loss Pred 4.6489e-01 (4.6541e-01)	Loss TOTAL 8.6358e-01 (8.6618e-01)
Epoch: [46][140/140]	L_Src_Sup 2.2610e-01 (2.0609e-01)	L_Trg_Inj 2.9688e-01 (3.0168e-01)	Loss Disc 6.9278e-01 (6.9004e-01)	Loss Pred 4.6489e-01 (4.6541e-01)	Loss TOTAL 8.6358e-01 (8.6618e-01)
Epoch 46 complete. Saving model state...
Epoch: [47][ 10/140]	L_Src_Sup 2.0690e-01 (1.9617e-01)	L_Trg_Inj 2.9689e-01 (3.0914e-01)	Loss Disc 6.9229e-01 (6.9271e-01)	Loss Pred 4.5860e-01 (4.6403e-01)	Loss TOTAL 8.5513e-01 (8.6091e-01)
Epoch: [47][ 20/140]	L_Src_Sup 1.9850e-01 (2.0826e-01)	L_Trg_Inj 2.1874e-01 (2.8488e-01)	Loss Disc 6.9358e-01 (6.9289e-01)	Loss Pred 4.9056e-01 (4.6396e-01)	Loss TOTAL 8.7907e-01 (8.6932e-01)
Epoch: [47][ 30/140]	L_Src_Sup 1.6673e-01 (1.9683e-01)	L_Trg_Inj 3.2817e-01 (2.9428e-01)	Loss Disc 6.9028e-01 (6.9253e-01)	Loss Pred 4.3338e-01 (4.6154e-01)	Loss TOTAL 8.2801e-01 (8.6332e-01)
Epoch: [47][ 40/140]	L_Src_Sup 2.4074e-01 (1.9729e-01)	L_Trg_Inj 3.4377e-01 (2.9476e-01)	Loss Disc 6.9327e-01 (6.9260e-01)	Loss Pred 5.0934e-01 (4.6413e-01)	Loss TOTAL 9.1442e-01 (8.6443e-01)
Epoch: [47][ 50/140]	L_Src_Sup 1.9048e-01 (1.9140e-01)	L_Trg_Inj 3.0787e-01 (2.9270e-01)	Loss Disc 6.9386e-01 (6.9268e-01)	Loss Pred 5.2797e-01 (4.6442e-01)	Loss TOTAL 9.2473e-01 (8.6300e-01)
Epoch: [47][ 60/140]	L_Src_Sup 2.1440e-01 (1.9213e-01)	L_Trg_Inj 3.1251e-01 (2.9192e-01)	Loss Disc 6.9311e-01 (6.9271e-01)	Loss Pred 4.8403e-01 (4.6476e-01)	Loss TOTAL 8.8327e-01 (8.6284e-01)
Epoch: [47][ 70/140]	L_Src_Sup 4.0353e-01 (1.9310e-01)	L_Trg_Inj 3.1253e-01 (2.9059e-01)	Loss Disc 6.9268e-01 (6.9274e-01)	Loss Pred 4.7095e-01 (4.6472e-01)	Loss TOTAL 9.7989e-01 (8.6360e-01)
Epoch: [47][ 80/140]	L_Src_Sup 1.7863e-01 (1.9785e-01)	L_Trg_Inj 3.4375e-01 (2.9321e-01)	Loss Disc 6.9246e-01 (6.9271e-01)	Loss Pred 4.8813e-01 (4.6493e-01)	Loss TOTAL 8.8660e-01 (8.6527e-01)
Epoch: [47][ 90/140]	L_Src_Sup 2.2020e-01 (1.9856e-01)	L_Trg_Inj 2.4415e-01 (2.9263e-01)	Loss Disc 6.9367e-01 (6.9269e-01)	Loss Pred 5.0295e-01 (4.6501e-01)	Loss TOTAL 8.9622e-01 (8.6576e-01)
Epoch: [47][100/140]	L_Src_Sup 1.9131e-01 (2.0022e-01)	L_Trg_Inj 3.7501e-01 (2.9528e-01)	Loss Disc 6.9058e-01 (6.9259e-01)	Loss Pred 4.6521e-01 (4.6494e-01)	Loss TOTAL 8.6713e-01 (8.6555e-01)
Epoch: [47][110/140]	L_Src_Sup 2.0514e-01 (2.0013e-01)	L_Trg_Inj 3.1249e-01 (2.9643e-01)	Loss Disc 6.8494e-01 (6.9213e-01)	Loss Pred 4.7159e-01 (4.6511e-01)	Loss TOTAL 8.6582e-01 (8.6543e-01)
Epoch: [47][120/140]	L_Src_Sup 2.2764e-01 (2.0086e-01)	L_Trg_Inj 2.9689e-01 (2.9715e-01)	Loss Disc 7.1052e-01 (6.9195e-01)	Loss Pred 4.1408e-01 (4.6507e-01)	Loss TOTAL 8.2180e-01 (8.6506e-01)
Epoch: [47][130/140]	L_Src_Sup 3.0631e-01 (2.0115e-01)	L_Trg_Inj 2.8123e-01 (2.9957e-01)	Loss Disc 6.9197e-01 (6.9217e-01)	Loss Pred 4.9034e-01 (4.6526e-01)	Loss TOTAL 9.2016e-01 (8.6550e-01)
Epoch: [47][140/140]	L_Src_Sup 1.1018e-01 (1.9949e-01)	L_Trg_Inj 2.8117e-01 (2.9655e-01)	Loss Disc 6.8989e-01 (6.9209e-01)	Loss Pred 5.0301e-01 (4.6551e-01)	Loss TOTAL 8.8709e-01 (8.6505e-01)
Epoch: [47][140/140]	L_Src_Sup 1.1018e-01 (1.9949e-01)	L_Trg_Inj 2.8117e-01 (2.9655e-01)	Loss Disc 6.8989e-01 (6.9209e-01)	Loss Pred 5.0301e-01 (4.6551e-01)	Loss TOTAL 8.8709e-01 (8.6505e-01)
Epoch 47 complete. Saving model state...
Epoch: [48][ 10/140]	L_Src_Sup 1.1765e-01 (2.1565e-01)	L_Trg_Inj 2.3507e-01 (2.9730e-01)	Loss Disc 6.8822e-01 (6.8852e-01)	Loss Pred 4.3965e-01 (4.5673e-01)	Loss TOTAL 8.1903e-01 (8.5557e-01)
Epoch: [48][ 20/140]	L_Src_Sup 1.8511e-01 (2.0275e-01)	L_Trg_Inj 2.6523e-01 (2.9418e-01)	Loss Disc 6.8906e-01 (6.8833e-01)	Loss Pred 4.3931e-01 (4.6240e-01)	Loss TOTAL 8.2888e-01 (8.6003e-01)
Epoch: [48][ 30/140]	L_Src_Sup 1.0526e-01 (2.0422e-01)	L_Trg_Inj 2.4640e-01 (2.9634e-01)	Loss Disc 6.8951e-01 (6.8838e-01)	Loss Pred 4.7126e-01 (4.6261e-01)	Loss TOTAL 8.5118e-01 (8.5938e-01)
Epoch: [48][ 40/140]	L_Src_Sup 1.7870e-01 (2.0687e-01)	L_Trg_Inj 2.4999e-01 (2.9096e-01)	Loss Disc 6.9078e-01 (6.8839e-01)	Loss Pred 4.8430e-01 (4.6390e-01)	Loss TOTAL 8.7255e-01 (8.6285e-01)
Epoch: [48][ 50/140]	L_Src_Sup 1.2298e-01 (2.0177e-01)	L_Trg_Inj 3.2813e-01 (2.8996e-01)	Loss Disc 6.8720e-01 (6.8854e-01)	Loss Pred 4.7137e-01 (4.6449e-01)	Loss TOTAL 8.6008e-01 (8.6241e-01)
Epoch: [48][ 60/140]	L_Src_Sup 1.5030e-01 (2.0356e-01)	L_Trg_Inj 2.9592e-01 (2.9335e-01)	Loss Disc 6.8831e-01 (6.8851e-01)	Loss Pred 5.0918e-01 (4.6606e-01)	Loss TOTAL 8.9795e-01 (8.6621e-01)
Epoch: [48][ 70/140]	L_Src_Sup 1.3575e-01 (2.0176e-01)	L_Trg_Inj 3.4369e-01 (2.9357e-01)	Loss Disc 6.8476e-01 (6.8835e-01)	Loss Pred 4.4571e-01 (4.6336e-01)	Loss TOTAL 8.3604e-01 (8.6261e-01)
Epoch: [48][ 80/140]	L_Src_Sup 1.0832e-01 (1.9808e-01)	L_Trg_Inj 3.1612e-01 (2.9690e-01)	Loss Disc 6.8891e-01 (6.8828e-01)	Loss Pred 4.9046e-01 (4.6372e-01)	Loss TOTAL 8.7736e-01 (8.6299e-01)
Epoch: [48][ 90/140]	L_Src_Sup 1.9165e-01 (1.9815e-01)	L_Trg_Inj 2.5926e-01 (2.9696e-01)	Loss Disc 6.9035e-01 (6.8833e-01)	Loss Pred 4.6505e-01 (4.6358e-01)	Loss TOTAL 8.5532e-01 (8.6360e-01)
Epoch: [48][100/140]	L_Src_Sup 2.1829e-01 (1.9829e-01)	L_Trg_Inj 3.2806e-01 (2.9686e-01)	Loss Disc 6.8690e-01 (6.8834e-01)	Loss Pred 4.7815e-01 (4.6340e-01)	Loss TOTAL 8.7624e-01 (8.6280e-01)
Epoch: [48][110/140]	L_Src_Sup 2.0514e-01 (1.9919e-01)	L_Trg_Inj 2.9680e-01 (2.9718e-01)	Loss Disc 6.9115e-01 (6.8835e-01)	Loss Pred 4.5226e-01 (4.6371e-01)	Loss TOTAL 8.4803e-01 (8.6273e-01)
Epoch: [48][120/140]	L_Src_Sup 1.3675e-01 (2.0001e-01)	L_Trg_Inj 2.3433e-01 (2.9734e-01)	Loss Disc 6.8960e-01 (6.8832e-01)	Loss Pred 4.5213e-01 (4.6340e-01)	Loss TOTAL 8.3404e-01 (8.6294e-01)
Epoch: [48][130/140]	L_Src_Sup 4.0000e-01 (2.0118e-01)	L_Trg_Inj 3.3854e-01 (2.9732e-01)	Loss Disc 6.8534e-01 (6.8827e-01)	Loss Pred 4.6489e-01 (4.6381e-01)	Loss TOTAL 9.4287e-01 (8.6348e-01)
Epoch: [48][140/140]	L_Src_Sup 1.7883e-01 (2.0358e-01)	L_Trg_Inj 2.4995e-01 (2.9630e-01)	Loss Disc 6.9403e-01 (6.8830e-01)	Loss Pred 4.8404e-01 (4.6411e-01)	Loss TOTAL 8.7394e-01 (8.6433e-01)
Epoch: [48][140/140]	L_Src_Sup 1.7883e-01 (2.0358e-01)	L_Trg_Inj 2.4995e-01 (2.9630e-01)	Loss Disc 6.9403e-01 (6.8830e-01)	Loss Pred 4.8404e-01 (4.6411e-01)	Loss TOTAL 8.7394e-01 (8.6433e-01)
Epoch 48 complete. Saving model state...
Epoch: [49][ 10/140]	L_Src_Sup 1.6364e-01 (1.6959e-01)	L_Trg_Inj 2.1864e-01 (2.8389e-01)	Loss Disc 6.9380e-01 (6.8848e-01)	Loss Pred 4.9672e-01 (4.6808e-01)	Loss TOTAL 8.8185e-01 (8.5767e-01)
Epoch: [49][ 20/140]	L_Src_Sup 2.6447e-01 (1.8326e-01)	L_Trg_Inj 2.4990e-01 (2.8697e-01)	Loss Disc 6.8916e-01 (6.8810e-01)	Loss Pred 4.2631e-01 (4.6047e-01)	Loss TOTAL 8.3688e-01 (8.5228e-01)
Epoch: [49][ 30/140]	L_Src_Sup 1.3914e-01 (1.7897e-01)	L_Trg_Inj 2.6560e-01 (2.8480e-01)	Loss Disc 6.8754e-01 (6.8822e-01)	Loss Pred 4.6497e-01 (4.5964e-01)	Loss TOTAL 8.4921e-01 (8.5132e-01)
Epoch: [49][ 40/140]	L_Src_Sup 2.8571e-01 (1.8447e-01)	L_Trg_Inj 3.3594e-01 (2.9802e-01)	Loss Disc 6.8705e-01 (6.8819e-01)	Loss Pred 4.3953e-01 (4.6192e-01)	Loss TOTAL 8.4522e-01 (8.5516e-01)
Epoch: [49][ 50/140]	L_Src_Sup 2.2266e-01 (1.9692e-01)	L_Trg_Inj 3.1238e-01 (2.9145e-01)	Loss Disc 6.9173e-01 (6.8831e-01)	Loss Pred 5.1009e-01 (4.6304e-01)	Loss TOTAL 9.0946e-01 (8.6215e-01)
Epoch: [49][ 60/140]	L_Src_Sup 2.4139e-01 (2.0171e-01)	L_Trg_Inj 4.0499e-01 (2.9058e-01)	Loss Disc 6.8369e-01 (6.8813e-01)	Loss Pred 4.5831e-01 (4.6210e-01)	Loss TOTAL 8.6480e-01 (8.6408e-01)
Epoch: [49][ 70/140]	L_Src_Sup 1.9820e-01 (2.0192e-01)	L_Trg_Inj 2.5513e-01 (2.9158e-01)	Loss Disc 6.9103e-01 (6.8828e-01)	Loss Pred 4.9030e-01 (4.6413e-01)	Loss TOTAL 8.8115e-01 (8.6532e-01)
Epoch: [49][ 80/140]	L_Src_Sup 1.4286e-01 (2.0051e-01)	L_Trg_Inj 3.2788e-01 (2.9078e-01)	Loss Disc 6.8834e-01 (6.8830e-01)	Loss Pred 4.8345e-01 (4.6454e-01)	Loss TOTAL 8.7470e-01 (8.6602e-01)
Epoch: [49][ 90/140]	L_Src_Sup 1.2069e-01 (2.0014e-01)	L_Trg_Inj 3.1396e-01 (2.9467e-01)	Loss Disc 6.8663e-01 (6.8815e-01)	Loss Pred 4.5875e-01 (4.6381e-01)	Loss TOTAL 8.4553e-01 (8.6488e-01)
Epoch: [49][100/140]	L_Src_Sup 2.6333e-01 (2.0081e-01)	L_Trg_Inj 2.8100e-01 (2.9506e-01)	Loss Disc 6.8801e-01 (6.8815e-01)	Loss Pred 4.7134e-01 (4.6502e-01)	Loss TOTAL 8.6978e-01 (8.6619e-01)
Epoch: [49][110/140]	L_Src_Sup 1.9135e-01 (1.9847e-01)	L_Trg_Inj 2.9672e-01 (2.9491e-01)	Loss Disc 6.9033e-01 (6.8819e-01)	Loss Pred 4.6493e-01 (4.6479e-01)	Loss TOTAL 8.5890e-01 (8.6544e-01)
Epoch: [49][120/140]	L_Src_Sup 1.5654e-01 (1.9842e-01)	L_Trg_Inj 3.1230e-01 (2.9574e-01)	Loss Disc 6.8893e-01 (6.8818e-01)	Loss Pred 4.6487e-01 (4.6491e-01)	Loss TOTAL 8.5622e-01 (8.6510e-01)
Epoch: [49][130/140]	L_Src_Sup 1.7544e-01 (1.9763e-01)	L_Trg_Inj 3.5895e-01 (2.9510e-01)	Loss Disc 6.8613e-01 (6.8813e-01)	Loss Pred 4.7131e-01 (4.6432e-01)	Loss TOTAL 8.6782e-01 (8.6384e-01)
Epoch: [49][140/140]	L_Src_Sup 1.5518e-01 (1.9722e-01)	L_Trg_Inj 2.7830e-01 (2.9182e-01)	Loss Disc 6.8690e-01 (6.8817e-01)	Loss Pred 4.5855e-01 (4.6423e-01)	Loss TOTAL 8.4535e-01 (8.6363e-01)
Epoch: [49][140/140]	L_Src_Sup 1.5518e-01 (1.9722e-01)	L_Trg_Inj 2.7830e-01 (2.9182e-01)	Loss Disc 6.8690e-01 (6.8817e-01)	Loss Pred 4.5855e-01 (4.6423e-01)	Loss TOTAL 8.4535e-01 (8.6363e-01)
Epoch 49 complete. Saving model state...
