Using device: cuda
Loading Source Train...
Using Mean/Std calculated from Source Train (mean[0]=22.097156962620485, std[0]=2.01194913049682)
Loading Target Train...
Epoch: [0][ 10/299]	L_Src_Sup 1.8866e+00 (1.9829e+00)	L_Trg_Inj 1.9036e+00 (1.9845e+00)	Loss Disc 7.1734e-01 (7.2044e-01)	Loss Pred 9.6524e-01 (9.0180e-01)	Loss TOTAL 1.7029e+00 (1.6590e+00)
Epoch: [0][ 20/299]	L_Src_Sup 1.6578e-01 (1.3431e+00)	L_Trg_Inj 2.5738e-01 (1.3433e+00)	Loss Disc 7.0771e-01 (7.1637e-01)	Loss Pred 9.0918e-01 (9.0875e-01)	Loss TOTAL 1.3054e+00 (1.5546e+00)
Epoch: [0][ 30/299]	L_Src_Sup 4.1146e-01 (1.0528e+00)	L_Trg_Inj 5.5275e-01 (1.0567e+00)	Loss Disc 6.9911e-01 (7.1176e-01)	Loss Pred 9.0039e-01 (9.0366e-01)	Loss TOTAL 1.3464e+00 (1.4919e+00)
Epoch: [0][ 40/299]	L_Src_Sup 1.2035e-01 (8.5085e-01)	L_Trg_Inj 2.8254e-01 (8.8709e-01)	Loss Disc 6.9534e-01 (7.0800e-01)	Loss Pred 9.7517e-01 (9.0510e-01)	Loss TOTAL 1.3631e+00 (1.4498e+00)
Epoch: [0][ 50/299]	L_Src_Sup 2.8330e-01 (7.2808e-01)	L_Trg_Inj 4.4088e-01 (7.8878e-01)	Loss Disc 6.9406e-01 (7.0533e-01)	Loss Pred 9.0816e-01 (9.0657e-01)	Loss TOTAL 1.3276e+00 (1.4251e+00)
Epoch: [0][ 60/299]	L_Src_Sup 1.3034e-01 (6.4212e-01)	L_Trg_Inj 5.1797e-01 (7.1684e-01)	Loss Disc 6.9372e-01 (7.0340e-01)	Loss Pred 9.7585e-01 (9.0794e-01)	Loss TOTAL 1.3875e+00 (1.4094e+00)
Epoch: [0][ 70/299]	L_Src_Sup 2.5489e-01 (5.7635e-01)	L_Trg_Inj 2.0861e-01 (6.7188e-01)	Loss Disc 6.9347e-01 (7.0194e-01)	Loss Pred 1.0010e+00 (9.1241e-01)	Loss TOTAL 1.4403e+00 (1.4008e+00)
Epoch: [0][ 80/299]	L_Src_Sup 1.8703e-01 (5.2549e-01)	L_Trg_Inj 2.1657e-01 (6.3901e-01)	Loss Disc 6.9328e-01 (7.0081e-01)	Loss Pred 8.9923e-01 (9.1331e-01)	Loss TOTAL 1.2862e+00 (1.3912e+00)
Epoch: [0][ 90/299]	L_Src_Sup 5.9468e-02 (4.8609e-01)	L_Trg_Inj 4.3257e-01 (6.0456e-01)	Loss Disc 6.9235e-01 (6.9991e-01)	Loss Pred 9.2448e-01 (9.1484e-01)	Loss TOTAL 1.3199e+00 (1.3841e+00)
Epoch: [0][100/299]	L_Src_Sup 1.6128e-01 (4.5237e-01)	L_Trg_Inj 2.5907e-01 (5.7515e-01)	Loss Disc 6.9264e-01 (6.9917e-01)	Loss Pred 9.6664e-01 (9.1356e-01)	Loss TOTAL 1.3550e+00 (1.3752e+00)
Epoch: [0][110/299]	L_Src_Sup 1.8419e-01 (4.2376e-01)	L_Trg_Inj 1.5736e-01 (5.3929e-01)	Loss Disc 6.9195e-01 (6.9854e-01)	Loss Pred 9.2337e-01 (9.1423e-01)	Loss TOTAL 1.3303e+00 (1.3693e+00)
Epoch: [0][120/299]	L_Src_Sup 2.1605e-01 (4.0218e-01)	L_Trg_Inj 2.9957e-01 (5.2017e-01)	Loss Disc 6.9033e-01 (6.9795e-01)	Loss Pred 8.4505e-01 (9.1384e-01)	Loss TOTAL 1.2418e+00 (1.3640e+00)
Epoch: [0][130/299]	L_Src_Sup 1.8145e-01 (3.8305e-01)	L_Trg_Inj 2.8843e-01 (5.0175e-01)	Loss Disc 6.9104e-01 (6.9737e-01)	Loss Pred 9.1930e-01 (9.1268e-01)	Loss TOTAL 1.3118e+00 (1.3587e+00)
Epoch: [0][140/299]	L_Src_Sup 1.6012e-01 (3.6752e-01)	L_Trg_Inj 2.5840e-01 (4.8306e-01)	Loss Disc 6.8927e-01 (6.9683e-01)	Loss Pred 8.7488e-01 (9.1248e-01)	Loss TOTAL 1.2614e+00 (1.3543e+00)
Epoch: [0][150/299]	L_Src_Sup 1.4722e-01 (3.4964e-01)	L_Trg_Inj 1.1706e-01 (4.6226e-01)	Loss Disc 6.9089e-01 (6.9633e-01)	Loss Pred 9.3433e-01 (9.1193e-01)	Loss TOTAL 1.3364e+00 (1.3493e+00)
Epoch: [0][160/299]	L_Src_Sup 4.5926e-02 (3.3439e-01)	L_Trg_Inj 1.3095e-01 (4.4439e-01)	Loss Disc 6.9014e-01 (6.9585e-01)	Loss Pred 8.9579e-01 (9.0957e-01)	Loss TOTAL 1.2585e+00 (1.3430e+00)
Epoch: [0][170/299]	L_Src_Sup 1.3315e-01 (3.1994e-01)	L_Trg_Inj 1.3385e-01 (4.2746e-01)	Loss Disc 6.9141e-01 (6.9551e-01)	Loss Pred 9.3382e-01 (9.1042e-01)	Loss TOTAL 1.3062e+00 (1.3402e+00)
Epoch: [0][180/299]	L_Src_Sup 2.1730e-01 (3.1274e-01)	L_Trg_Inj 3.2107e-01 (4.1516e-01)	Loss Disc 6.9154e-01 (6.9519e-01)	Loss Pred 9.1935e-01 (9.0908e-01)	Loss TOTAL 1.3190e+00 (1.3377e+00)
Epoch: [0][190/299]	L_Src_Sup 1.3510e-01 (3.0371e-01)	L_Trg_Inj 3.8960e-01 (4.1063e-01)	Loss Disc 6.8932e-01 (6.9490e-01)	Loss Pred 9.0324e-01 (9.0780e-01)	Loss TOTAL 1.3004e+00 (1.3345e+00)
Epoch: [0][200/299]	L_Src_Sup 6.9824e-02 (2.9369e-01)	L_Trg_Inj 2.9621e-01 (4.0854e-01)	Loss Disc 6.8017e-01 (6.9441e-01)	Loss Pred 8.8159e-01 (9.0710e-01)	Loss TOTAL 1.2583e+00 (1.3319e+00)
Epoch: [0][210/299]	L_Src_Sup 2.2123e-01 (2.8650e-01)	L_Trg_Inj 1.1974e-01 (4.0108e-01)	Loss Disc 6.8655e-01 (6.9410e-01)	Loss Pred 8.9771e-01 (9.0433e-01)	Loss TOTAL 1.3766e+00 (1.3277e+00)
Epoch: [0][220/299]	L_Src_Sup 1.3281e-01 (2.7901e-01)	L_Trg_Inj 1.3587e-01 (3.9511e-01)	Loss Disc 6.9085e-01 (6.9383e-01)	Loss Pred 8.3688e-01 (9.0179e-01)	Loss TOTAL 1.2092e+00 (1.3233e+00)
Epoch: [0][230/299]	L_Src_Sup 8.2187e-02 (2.7177e-01)	L_Trg_Inj 1.7536e-01 (3.8491e-01)	Loss Disc 6.8690e-01 (6.9348e-01)	Loss Pred 8.4200e-01 (8.9917e-01)	Loss TOTAL 1.2112e+00 (1.3185e+00)
Epoch: [0][240/299]	L_Src_Sup 1.4840e-01 (2.6587e-01)	L_Trg_Inj 1.3530e-01 (3.7728e-01)	Loss Disc 6.9159e-01 (6.9331e-01)	Loss Pred 8.5571e-01 (8.9683e-01)	Loss TOTAL 1.2430e+00 (1.3147e+00)
Epoch: [0][250/299]	L_Src_Sup 1.1796e-01 (2.6014e-01)	L_Trg_Inj 3.1165e-01 (3.7162e-01)	Loss Disc 6.8742e-01 (6.9317e-01)	Loss Pred 7.9643e-01 (8.9419e-01)	Loss TOTAL 1.1831e+00 (1.3106e+00)
Epoch: [0][260/299]	L_Src_Sup 1.2530e-01 (2.5437e-01)	L_Trg_Inj 1.7057e-01 (3.6427e-01)	Loss Disc 6.7956e-01 (6.9301e-01)	Loss Pred 7.6638e-01 (8.9145e-01)	Loss TOTAL 1.1357e+00 (1.3062e+00)
Epoch: [0][270/299]	L_Src_Sup 1.0737e-01 (2.4897e-01)	L_Trg_Inj 8.4491e-02 (3.5684e-01)	Loss Disc 6.9170e-01 (6.9298e-01)	Loss Pred 8.2627e-01 (8.8800e-01)	Loss TOTAL 1.2142e+00 (1.3015e+00)
Epoch: [0][280/299]	L_Src_Sup 1.2713e-01 (2.4349e-01)	L_Trg_Inj 1.1783e-01 (3.4933e-01)	Loss Disc 6.8730e-01 (6.9293e-01)	Loss Pred 8.0899e-01 (8.8488e-01)	Loss TOTAL 1.1864e+00 (1.2968e+00)
Epoch: [0][290/299]	L_Src_Sup 2.3640e-01 (2.4319e-01)	L_Trg_Inj 1.9562e-01 (3.4702e-01)	Loss Disc 6.9127e-01 (6.9291e-01)	Loss Pred 7.8222e-01 (8.8402e-01)	Loss TOTAL 1.2118e+00 (1.2962e+00)
Epoch: [0][299/299]	L_Src_Sup 1.1749e-01 (2.4049e-01)	L_Trg_Inj 2.2904e-01 (3.4576e-01)	Loss Disc 6.9232e-01 (6.9288e-01)	Loss Pred 8.0313e-01 (8.8149e-01)	Loss TOTAL 1.1839e+00 (1.2931e+00)
Epoch 0 complete. Saving model state...
Epoch: [1][ 10/299]	L_Src_Sup 1.0428e-01 (8.3879e-02)	L_Trg_Inj 2.9010e-01 (2.3287e-01)	Loss Disc 6.9140e-01 (6.9263e-01)	Loss Pred 8.0666e-01 (7.9758e-01)	Loss TOTAL 1.1918e+00 (1.1756e+00)
Epoch: [1][ 20/299]	L_Src_Sup 5.0383e-02 (8.0497e-02)	L_Trg_Inj 1.9387e-01 (1.8486e-01)	Loss Disc 6.9095e-01 (6.9235e-01)	Loss Pred 7.9845e-01 (7.8468e-01)	Loss TOTAL 1.1683e+00 (1.1574e+00)
Epoch: [1][ 30/299]	L_Src_Sup 1.5243e-01 (9.4003e-02)	L_Trg_Inj 1.1319e-01 (1.7056e-01)	Loss Disc 6.9192e-01 (6.9247e-01)	Loss Pred 7.4501e-01 (7.8146e-01)	Loss TOTAL 1.1568e+00 (1.1571e+00)
Epoch: [1][ 40/299]	L_Src_Sup 1.5723e-01 (1.1159e-01)	L_Trg_Inj 3.6050e-01 (1.9562e-01)	Loss Disc 6.9328e-01 (6.9276e-01)	Loss Pred 7.6356e-01 (7.8848e-01)	Loss TOTAL 1.1620e+00 (1.1741e+00)
Epoch: [1][ 50/299]	L_Src_Sup 9.8620e-02 (1.1194e-01)	L_Trg_Inj 2.4839e-01 (2.1711e-01)	Loss Disc 6.9253e-01 (6.9285e-01)	Loss Pred 7.7251e-01 (7.8497e-01)	Loss TOTAL 1.1535e+00 (1.1711e+00)
Epoch: [1][ 60/299]	L_Src_Sup 9.3132e-02 (1.1486e-01)	L_Trg_Inj 2.6500e-01 (2.1319e-01)	Loss Disc 6.9298e-01 (6.9296e-01)	Loss Pred 7.2570e-01 (7.8076e-01)	Loss TOTAL 1.1080e+00 (1.1665e+00)
Epoch: [1][ 70/299]	L_Src_Sup 1.6215e-01 (1.1723e-01)	L_Trg_Inj 1.2349e-01 (2.1240e-01)	Loss Disc 6.9367e-01 (6.9305e-01)	Loss Pred 7.4059e-01 (7.7827e-01)	Loss TOTAL 1.1547e+00 (1.1639e+00)
Epoch: [1][ 80/299]	L_Src_Sup 8.8643e-02 (1.1912e-01)	L_Trg_Inj 2.5530e-01 (2.1945e-01)	Loss Disc 6.9457e-01 (6.9309e-01)	Loss Pred 7.5796e-01 (7.7526e-01)	Loss TOTAL 1.1396e+00 (1.1610e+00)
Epoch: [1][ 90/299]	L_Src_Sup 1.4323e-01 (1.1648e-01)	L_Trg_Inj 2.7190e-01 (2.1445e-01)	Loss Disc 6.9319e-01 (6.9314e-01)	Loss Pred 7.2725e-01 (7.7084e-01)	Loss TOTAL 1.1154e+00 (1.1555e+00)
Epoch: [1][100/299]	L_Src_Sup 1.0120e-01 (1.1494e-01)	L_Trg_Inj 2.9517e-01 (2.1572e-01)	Loss Disc 6.9338e-01 (6.9317e-01)	Loss Pred 7.1747e-01 (7.6691e-01)	Loss TOTAL 1.1038e+00 (1.1511e+00)
Epoch: [1][110/299]	L_Src_Sup 1.0064e-01 (1.1467e-01)	L_Trg_Inj 1.4758e-01 (2.1301e-01)	Loss Disc 6.9330e-01 (6.9321e-01)	Loss Pred 6.9273e-01 (7.6349e-01)	Loss TOTAL 1.0642e+00 (1.1471e+00)
Epoch: [1][120/299]	L_Src_Sup 1.5368e-01 (1.1151e-01)	L_Trg_Inj 3.1789e-01 (2.1006e-01)	Loss Disc 6.9314e-01 (6.9323e-01)	Loss Pred 7.1768e-01 (7.6073e-01)	Loss TOTAL 1.1114e+00 (1.1437e+00)
Epoch: [1][130/299]	L_Src_Sup 6.1715e-02 (1.1031e-01)	L_Trg_Inj 1.6618e-01 (2.1100e-01)	Loss Disc 6.9361e-01 (6.9325e-01)	Loss Pred 7.5938e-01 (7.5828e-01)	Loss TOTAL 1.1290e+00 (1.1409e+00)
Epoch: [1][140/299]	L_Src_Sup 1.2271e-01 (1.0939e-01)	L_Trg_Inj 8.8805e-02 (2.0510e-01)	Loss Disc 6.9347e-01 (6.9325e-01)	Loss Pred 7.4731e-01 (7.5645e-01)	Loss TOTAL 1.1491e+00 (1.1386e+00)
Epoch: [1][150/299]	L_Src_Sup 1.1155e-01 (1.0859e-01)	L_Trg_Inj 2.3122e-01 (2.0517e-01)	Loss Disc 6.9276e-01 (6.9325e-01)	Loss Pred 7.4851e-01 (7.5500e-01)	Loss TOTAL 1.1292e+00 (1.1374e+00)
Epoch: [1][160/299]	L_Src_Sup 5.2690e-02 (1.0991e-01)	L_Trg_Inj 1.3829e-01 (2.0596e-01)	Loss Disc 6.9297e-01 (6.9325e-01)	Loss Pred 6.7432e-01 (7.5184e-01)	Loss TOTAL 1.0399e+00 (1.1345e+00)
Epoch: [1][170/299]	L_Src_Sup 4.8346e-02 (1.0760e-01)	L_Trg_Inj 1.1632e-01 (2.0367e-01)	Loss Disc 6.9049e-01 (6.9322e-01)	Loss Pred 6.9198e-01 (7.4826e-01)	Loss TOTAL 1.0537e+00 (1.1301e+00)
Epoch: [1][180/299]	L_Src_Sup 1.0807e-01 (1.0641e-01)	L_Trg_Inj 1.5592e-01 (2.0053e-01)	Loss Disc 6.9222e-01 (6.9309e-01)	Loss Pred 6.9205e-01 (7.4589e-01)	Loss TOTAL 1.0646e+00 (1.1276e+00)
Epoch: [1][190/299]	L_Src_Sup 6.4801e-02 (1.0578e-01)	L_Trg_Inj 1.3631e-01 (1.9669e-01)	Loss Disc 6.9991e-01 (6.9277e-01)	Loss Pred 7.7477e-01 (7.4444e-01)	Loss TOTAL 1.1448e+00 (1.1257e+00)
Epoch: [1][200/299]	L_Src_Sup 8.7489e-02 (1.0699e-01)	L_Trg_Inj 2.3108e-01 (1.9612e-01)	Loss Disc 6.9214e-01 (6.9284e-01)	Loss Pred 6.6119e-01 (7.4243e-01)	Loss TOTAL 1.0391e+00 (1.1241e+00)
Epoch: [1][210/299]	L_Src_Sup 1.1191e-01 (1.0691e-01)	L_Trg_Inj 2.5278e-01 (1.9526e-01)	Loss Disc 6.9156e-01 (6.9275e-01)	Loss Pred 6.6515e-01 (7.4046e-01)	Loss TOTAL 1.0474e+00 (1.1221e+00)
Epoch: [1][220/299]	L_Src_Sup 9.9934e-02 (1.0561e-01)	L_Trg_Inj 5.4756e-02 (1.9386e-01)	Loss Disc 6.8741e-01 (6.9262e-01)	Loss Pred 7.1940e-01 (7.3822e-01)	Loss TOTAL 1.1238e+00 (1.1195e+00)
Epoch: [1][230/299]	L_Src_Sup 6.9736e-02 (1.0525e-01)	L_Trg_Inj 1.1588e-01 (1.9245e-01)	Loss Disc 6.8881e-01 (6.9245e-01)	Loss Pred 7.0379e-01 (7.3668e-01)	Loss TOTAL 1.0668e+00 (1.1176e+00)
Epoch: [1][240/299]	L_Src_Sup 1.0125e-01 (1.0440e-01)	L_Trg_Inj 1.7399e-01 (1.9135e-01)	Loss Disc 6.9395e-01 (6.9236e-01)	Loss Pred 6.8175e-01 (7.3416e-01)	Loss TOTAL 1.0563e+00 (1.1147e+00)
Epoch: [1][250/299]	L_Src_Sup 1.4600e-01 (1.0353e-01)	L_Trg_Inj 1.2423e-01 (1.8891e-01)	Loss Disc 6.8664e-01 (6.9220e-01)	Loss Pred 7.1224e-01 (7.3210e-01)	Loss TOTAL 1.1044e+00 (1.1122e+00)
Epoch: [1][260/299]	L_Src_Sup 8.6511e-02 (1.0298e-01)	L_Trg_Inj 1.5283e-01 (1.8882e-01)	Loss Disc 6.9029e-01 (6.9220e-01)	Loss Pred 6.5493e-01 (7.2938e-01)	Loss TOTAL 1.0240e+00 (1.1092e+00)
Epoch: [1][270/299]	L_Src_Sup 7.9857e-02 (1.0152e-01)	L_Trg_Inj 1.2870e-01 (1.8702e-01)	Loss Disc 6.9247e-01 (6.9218e-01)	Loss Pred 6.9145e-01 (7.2703e-01)	Loss TOTAL 1.0585e+00 (1.1064e+00)
Epoch: [1][280/299]	L_Src_Sup 4.4209e-02 (1.0017e-01)	L_Trg_Inj 9.1621e-02 (1.8600e-01)	Loss Disc 6.9007e-01 (6.9211e-01)	Loss Pred 7.4219e-01 (7.2510e-01)	Loss TOTAL 1.1008e+00 (1.1040e+00)
Epoch: [1][290/299]	L_Src_Sup 9.6823e-02 (9.9210e-02)	L_Trg_Inj 1.4417e-01 (1.8455e-01)	Loss Disc 7.0327e-01 (6.9209e-01)	Loss Pred 6.9262e-01 (7.2288e-01)	Loss TOTAL 1.0684e+00 (1.1014e+00)
Epoch: [1][299/299]	L_Src_Sup 2.6997e-02 (9.7991e-02)	L_Trg_Inj 9.4805e-02 (1.8307e-01)	Loss Disc 6.9159e-01 (6.9212e-01)	Loss Pred 6.9520e-01 (7.2090e-01)	Loss TOTAL 1.0532e+00 (1.0991e+00)
Epoch 1 complete. Saving model state...
Epoch: [2][ 10/299]	L_Src_Sup 4.3225e-02 (6.1946e-02)	L_Trg_Inj 1.5486e-01 (1.4408e-01)	Loss Disc 6.9611e-01 (6.9271e-01)	Loss Pred 6.6046e-01 (6.6443e-01)	Loss TOTAL 1.0283e+00 (1.0314e+00)
Epoch: [2][ 20/299]	L_Src_Sup 3.4658e-02 (6.1827e-02)	L_Trg_Inj 6.8751e-02 (1.3479e-01)	Loss Disc 6.9221e-01 (6.9276e-01)	Loss Pred 6.3065e-01 (6.5503e-01)	Loss TOTAL 9.8710e-01 (1.0211e+00)
Epoch: [2][ 30/299]	L_Src_Sup 7.9031e-02 (6.6477e-02)	L_Trg_Inj 1.4421e-01 (1.4154e-01)	Loss Disc 6.9620e-01 (6.9330e-01)	Loss Pred 7.6068e-01 (6.5434e-01)	Loss TOTAL 1.1311e+00 (1.0235e+00)
Epoch: [2][ 40/299]	L_Src_Sup 1.0431e-01 (8.3481e-02)	L_Trg_Inj 4.2329e-01 (1.8280e-01)	Loss Disc 6.9108e-01 (6.9318e-01)	Loss Pred 6.4985e-01 (6.6532e-01)	Loss TOTAL 1.0481e+00 (1.0420e+00)
Epoch: [2][ 50/299]	L_Src_Sup 8.5901e-02 (8.7354e-02)	L_Trg_Inj 4.2026e-01 (2.2817e-01)	Loss Disc 6.9218e-01 (6.9258e-01)	Loss Pred 6.5300e-01 (6.6295e-01)	Loss TOTAL 1.0497e+00 (1.0436e+00)
Epoch: [2][ 60/299]	L_Src_Sup 3.9781e-02 (8.4687e-02)	L_Trg_Inj 3.7473e-01 (2.6168e-01)	Loss Disc 6.9373e-01 (6.9224e-01)	Loss Pred 6.4297e-01 (6.5823e-01)	Loss TOTAL 1.0313e+00 (1.0413e+00)
Epoch: [2][ 70/299]	L_Src_Sup 9.5878e-02 (8.3038e-02)	L_Trg_Inj 1.2015e-01 (2.6287e-01)	Loss Disc 6.8741e-01 (6.9175e-01)	Loss Pred 6.2388e-01 (6.5390e-01)	Loss TOTAL 9.8919e-01 (1.0363e+00)
Epoch: [2][ 80/299]	L_Src_Sup 6.1690e-02 (8.0178e-02)	L_Trg_Inj 1.2329e-01 (2.4618e-01)	Loss Disc 6.9379e-01 (6.9160e-01)	Loss Pred 5.9889e-01 (6.4923e-01)	Loss TOTAL 9.6428e-01 (1.0294e+00)
Epoch: [2][ 90/299]	L_Src_Sup 2.2884e-02 (8.0917e-02)	L_Trg_Inj 1.1004e-01 (2.4051e-01)	Loss Disc 6.8836e-01 (6.9162e-01)	Loss Pred 6.4155e-01 (6.4748e-01)	Loss TOTAL 9.9902e-01 (1.0274e+00)
Epoch: [2][100/299]	L_Src_Sup 2.0753e-02 (7.7182e-02)	L_Trg_Inj 1.0967e-01 (2.3020e-01)	Loss Disc 6.9124e-01 (6.9158e-01)	Loss Pred 6.1979e-01 (6.4360e-01)	Loss TOTAL 9.7845e-01 (1.0219e+00)
Epoch: [2][110/299]	L_Src_Sup 2.2607e-02 (7.4709e-02)	L_Trg_Inj 9.3454e-02 (2.2284e-01)	Loss Disc 6.9481e-01 (6.9190e-01)	Loss Pred 5.6399e-01 (6.3835e-01)	Loss TOTAL 9.2300e-01 (1.0157e+00)
Epoch: [2][120/299]	L_Src_Sup 1.1848e-01 (8.5094e-02)	L_Trg_Inj 1.5453e-01 (2.2202e-01)	Loss Disc 6.9145e-01 (6.9200e-01)	Loss Pred 6.4189e-01 (6.3701e-01)	Loss TOTAL 1.0149e+00 (1.0174e+00)
Epoch: [2][130/299]	L_Src_Sup 5.3797e-02 (8.4191e-02)	L_Trg_Inj 8.0199e-02 (2.1571e-01)	Loss Disc 6.9243e-01 (6.9203e-01)	Loss Pred 6.0252e-01 (6.3423e-01)	Loss TOTAL 9.6213e-01 (1.0137e+00)
Epoch: [2][140/299]	L_Src_Sup 7.3630e-02 (8.2651e-02)	L_Trg_Inj 9.4115e-02 (2.1041e-01)	Loss Disc 6.9353e-01 (6.9216e-01)	Loss Pred 5.7454e-01 (6.3022e-01)	Loss TOTAL 9.3808e-01 (1.0088e+00)
Epoch: [2][150/299]	L_Src_Sup 6.6804e-02 (8.1572e-02)	L_Trg_Inj 1.0836e-01 (2.0625e-01)	Loss Disc 6.9023e-01 (6.9219e-01)	Loss Pred 6.2388e-01 (6.2807e-01)	Loss TOTAL 9.8651e-01 (1.0059e+00)
Epoch: [2][160/299]	L_Src_Sup 6.2072e-02 (7.9792e-02)	L_Trg_Inj 1.7113e-01 (2.0143e-01)	Loss Disc 6.9026e-01 (6.9226e-01)	Loss Pred 5.8440e-01 (6.2366e-01)	Loss TOTAL 9.5285e-01 (1.0007e+00)
Epoch: [2][170/299]	L_Src_Sup 3.9905e-02 (7.7095e-02)	L_Trg_Inj 6.4928e-02 (1.9718e-01)	Loss Disc 6.9194e-01 (6.9229e-01)	Loss Pred 6.1814e-01 (6.2118e-01)	Loss TOTAL 9.7460e-01 (9.9736e-01)
Epoch: [2][180/299]	L_Src_Sup 8.6237e-02 (7.5251e-02)	L_Trg_Inj 1.7207e-01 (1.9360e-01)	Loss Disc 6.9071e-01 (6.9227e-01)	Loss Pred 6.4797e-01 (6.1850e-01)	Loss TOTAL 1.0192e+00 (9.9399e-01)
Epoch: [2][190/299]	L_Src_Sup 8.4052e-03 (7.3344e-02)	L_Trg_Inj 1.4285e-01 (1.9018e-01)	Loss Disc 6.9418e-01 (6.9233e-01)	Loss Pred 5.6580e-01 (6.1617e-01)	Loss TOTAL 9.2802e-01 (9.9103e-01)
Epoch: [2][200/299]	L_Src_Sup 1.2996e-01 (7.3232e-02)	L_Trg_Inj 1.4908e-01 (1.8732e-01)	Loss Disc 6.9356e-01 (6.9233e-01)	Loss Pred 6.0279e-01 (6.1494e-01)	Loss TOTAL 9.7748e-01 (9.9018e-01)
Epoch: [2][210/299]	L_Src_Sup 1.0137e-01 (7.8223e-02)	L_Trg_Inj 2.2635e-01 (1.8900e-01)	Loss Disc 6.9302e-01 (6.9240e-01)	Loss Pred 5.7428e-01 (6.1312e-01)	Loss TOTAL 9.5356e-01 (9.8954e-01)
Epoch: [2][220/299]	L_Src_Sup 1.5159e-01 (7.9080e-02)	L_Trg_Inj 8.3431e-02 (1.8961e-01)	Loss Disc 6.9204e-01 (6.9241e-01)	Loss Pred 6.2900e-01 (6.1162e-01)	Loss TOTAL 1.0667e+00 (9.8834e-01)
Epoch: [2][230/299]	L_Src_Sup 1.0108e-02 (7.7274e-02)	L_Trg_Inj 1.5512e-01 (1.8793e-01)	Loss Disc 6.9342e-01 (6.9243e-01)	Loss Pred 6.1671e-01 (6.1020e-01)	Loss TOTAL 9.7994e-01 (9.8642e-01)
Epoch: [2][240/299]	L_Src_Sup 5.9775e-02 (7.6882e-02)	L_Trg_Inj 1.1304e-01 (1.8604e-01)	Loss Disc 6.9345e-01 (6.9246e-01)	Loss Pred 5.4619e-01 (6.0787e-01)	Loss TOTAL 9.1020e-01 (9.8374e-01)
Epoch: [2][250/299]	L_Src_Sup 3.9210e-02 (7.5313e-02)	L_Trg_Inj 1.1365e-01 (1.8340e-01)	Loss Disc 6.9259e-01 (6.9249e-01)	Loss Pred 5.9229e-01 (6.0647e-01)	Loss TOTAL 9.5388e-01 (9.8179e-01)
Epoch: [2][260/299]	L_Src_Sup 2.9418e-03 (7.3144e-02)	L_Trg_Inj 1.0074e-01 (1.8115e-01)	Loss Disc 6.9234e-01 (6.9250e-01)	Loss Pred 5.9440e-01 (6.0497e-01)	Loss TOTAL 9.5094e-01 (9.7974e-01)
Epoch: [2][270/299]	L_Src_Sup 1.7965e-02 (7.1550e-02)	L_Trg_Inj 1.6733e-01 (1.7877e-01)	Loss Disc 6.9328e-01 (6.9252e-01)	Loss Pred 5.3337e-01 (6.0353e-01)	Loss TOTAL 8.9854e-01 (9.7779e-01)
Epoch: [2][280/299]	L_Src_Sup 7.8872e-03 (6.9394e-02)	L_Trg_Inj 7.0518e-02 (1.7696e-01)	Loss Disc 6.9376e-01 (6.9255e-01)	Loss Pred 4.9735e-01 (6.0172e-01)	Loss TOTAL 8.5206e-01 (9.7549e-01)
Epoch: [2][290/299]	L_Src_Sup 3.6155e-02 (6.7781e-02)	L_Trg_Inj 8.2667e-02 (1.7234e-01)	Loss Disc 6.9288e-01 (6.9256e-01)	Loss Pred 6.1803e-01 (6.0036e-01)	Loss TOTAL 9.7635e-01 (9.7346e-01)
Epoch: [2][299/299]	L_Src_Sup 1.2905e-02 (6.6254e-02)	L_Trg_Inj 3.3613e-02 (1.6913e-01)	Loss Disc 6.9335e-01 (6.9258e-01)	Loss Pred 5.3175e-01 (5.9939e-01)	Loss TOTAL 8.8307e-01 (9.7193e-01)
Epoch 2 complete. Saving model state...
Epoch: [3][ 10/299]	L_Src_Sup 2.0362e-02 (5.2022e-02)	L_Trg_Inj 1.8142e-01 (9.6091e-02)	Loss Disc 6.9399e-01 (6.9335e-01)	Loss Pred 5.4808e-01 (5.8703e-01)	Loss TOTAL 9.1525e-01 (9.5807e-01)
Epoch: [3][ 20/299]	L_Src_Sup 3.9225e-02 (4.6584e-02)	L_Trg_Inj 1.0277e-01 (1.1580e-01)	Loss Disc 6.9262e-01 (6.9317e-01)	Loss Pred 5.7628e-01 (5.7195e-01)	Loss TOTAL 9.3679e-01 (9.3955e-01)
Epoch: [3][ 30/299]	L_Src_Sup 9.7251e-03 (4.0318e-02)	L_Trg_Inj 9.3856e-02 (1.1506e-01)	Loss Disc 6.9317e-01 (6.9314e-01)	Loss Pred 5.6031e-01 (5.6389e-01)	Loss TOTAL 9.1725e-01 (9.2918e-01)
Epoch: [3][ 40/299]	L_Src_Sup 5.5500e-02 (3.9040e-02)	L_Trg_Inj 9.8207e-02 (1.0437e-01)	Loss Disc 6.9305e-01 (6.9314e-01)	Loss Pred 6.3222e-01 (5.6179e-01)	Loss TOTAL 9.9411e-01 (9.2545e-01)
Epoch: [3][ 50/299]	L_Src_Sup 1.0985e-02 (3.3870e-02)	L_Trg_Inj 5.2963e-02 (1.0761e-01)	Loss Disc 6.9347e-01 (6.9316e-01)	Loss Pred 6.3363e-01 (5.6327e-01)	Loss TOTAL 9.8676e-01 (9.2619e-01)
Epoch: [3][ 60/299]	L_Src_Sup 3.5011e-02 (3.1379e-02)	L_Trg_Inj 1.0229e-02 (9.9051e-02)	Loss Disc 6.9365e-01 (6.9318e-01)	Loss Pred 5.4473e-01 (5.6236e-01)	Loss TOTAL 9.2086e-01 (9.2423e-01)
Epoch: [3][ 70/299]	L_Src_Sup 9.9073e-03 (3.1354e-02)	L_Trg_Inj 1.4844e-01 (9.4305e-02)	Loss Disc 6.9320e-01 (6.9318e-01)	Loss Pred 5.5561e-01 (5.6560e-01)	Loss TOTAL 9.1805e-01 (9.2854e-01)
Epoch: [3][ 80/299]	L_Src_Sup 2.1158e-02 (2.9219e-02)	L_Trg_Inj 9.0379e-02 (9.6531e-02)	Loss Disc 6.9316e-01 (6.9317e-01)	Loss Pred 5.3638e-01 (5.6436e-01)	Loss TOTAL 8.9411e-01 (9.2683e-01)
Epoch: [3][ 90/299]	L_Src_Sup 2.1844e-02 (2.8016e-02)	L_Trg_Inj 1.1064e-01 (9.6002e-02)	Loss Disc 6.9279e-01 (6.9315e-01)	Loss Pred 5.6008e-01 (5.6287e-01)	Loss TOTAL 9.1972e-01 (9.2479e-01)
Epoch: [3][100/299]	L_Src_Sup 4.0162e-03 (2.6501e-02)	L_Trg_Inj 6.1521e-02 (9.0424e-02)	Loss Disc 6.9236e-01 (6.9311e-01)	Loss Pred 5.4597e-01 (5.6231e-01)	Loss TOTAL 8.9870e-01 (9.2340e-01)
Epoch: [3][110/299]	L_Src_Sup 1.3333e-02 (2.7663e-02)	L_Trg_Inj 9.5261e-02 (9.0346e-02)	Loss Disc 6.9214e-01 (6.9305e-01)	Loss Pred 5.3157e-01 (5.6285e-01)	Loss TOTAL 8.8850e-01 (9.2438e-01)
Epoch: [3][120/299]	L_Src_Sup 3.4621e-02 (2.6865e-02)	L_Trg_Inj 1.0192e-01 (9.1649e-02)	Loss Disc 6.9221e-01 (6.9307e-01)	Loss Pred 5.6592e-01 (5.6061e-01)	Loss TOTAL 9.2567e-01 (9.2193e-01)
Epoch: [3][130/299]	L_Src_Sup 0.0000e+00 (2.6015e-02)	L_Trg_Inj 6.4170e-02 (9.1415e-02)	Loss Disc 6.9406e-01 (6.9306e-01)	Loss Pred 5.0200e-01 (5.5996e-01)	Loss TOTAL 8.5544e-01 (9.2113e-01)
Epoch: [3][140/299]	L_Src_Sup 1.1060e-02 (2.5764e-02)	L_Trg_Inj 9.7319e-02 (9.0769e-02)	Loss Disc 6.9345e-01 (6.9310e-01)	Loss Pred 5.3646e-01 (5.5899e-01)	Loss TOTAL 8.9403e-01 (9.1994e-01)
Epoch: [3][150/299]	L_Src_Sup 1.4777e-02 (2.4713e-02)	L_Trg_Inj 2.8382e-02 (8.8031e-02)	Loss Disc 6.9301e-01 (6.9311e-01)	Loss Pred 5.8423e-01 (5.5759e-01)	Loss TOTAL 9.3505e-01 (9.1800e-01)
Epoch: [3][160/299]	L_Src_Sup 2.1071e-02 (2.4517e-02)	L_Trg_Inj 2.4729e-01 (8.6526e-02)	Loss Disc 6.9293e-01 (6.9311e-01)	Loss Pred 6.2422e-01 (5.5768e-01)	Loss TOTAL 9.9752e-01 (9.1806e-01)
Epoch: [3][170/299]	L_Src_Sup 1.0665e-03 (2.4316e-02)	L_Trg_Inj 8.0899e-02 (8.9281e-02)	Loss Disc 6.9115e-01 (6.9307e-01)	Loss Pred 5.8220e-01 (5.5848e-01)	Loss TOTAL 9.3597e-01 (9.1893e-01)
Epoch: [3][180/299]	L_Src_Sup 1.1613e-02 (2.3666e-02)	L_Trg_Inj 4.0301e-02 (8.7991e-02)	Loss Disc 6.9077e-01 (6.9290e-01)	Loss Pred 5.6705e-01 (5.5834e-01)	Loss TOTAL 9.1763e-01 (9.1837e-01)
Epoch: [3][190/299]	L_Src_Sup 2.0197e-02 (2.4260e-02)	L_Trg_Inj 2.1372e-01 (9.0001e-02)	Loss Disc 6.9189e-01 (6.9295e-01)	Loss Pred 6.0498e-01 (5.5958e-01)	Loss TOTAL 9.7432e-01 (9.2022e-01)
Epoch: [3][200/299]	L_Src_Sup 2.2005e-02 (2.4104e-02)	L_Trg_Inj 1.2562e-01 (9.1002e-02)	Loss Disc 6.8963e-01 (6.9289e-01)	Loss Pred 6.0686e-01 (5.5930e-01)	Loss TOTAL 9.6644e-01 (9.1986e-01)
Epoch: [3][210/299]	L_Src_Sup 4.7904e-03 (2.3808e-02)	L_Trg_Inj 5.4068e-02 (8.9714e-02)	Loss Disc 6.9443e-01 (6.9288e-01)	Loss Pred 5.3832e-01 (5.5988e-01)	Loss TOTAL 8.9142e-01 (9.2026e-01)
Epoch: [3][220/299]	L_Src_Sup 7.3517e-02 (2.6239e-02)	L_Trg_Inj 4.0466e-01 (9.1358e-02)	Loss Disc 6.9400e-01 (6.9292e-01)	Loss Pred 5.6746e-01 (5.6011e-01)	Loss TOTAL 9.6228e-01 (9.2171e-01)
Epoch: [3][230/299]	L_Src_Sup 4.4204e-02 (2.6299e-02)	L_Trg_Inj 1.9202e-01 (9.7381e-02)	Loss Disc 6.9154e-01 (6.9290e-01)	Loss Pred 5.5307e-01 (5.5988e-01)	Loss TOTAL 9.2247e-01 (9.2193e-01)
Epoch: [3][240/299]	L_Src_Sup 1.6025e-03 (2.5936e-02)	L_Trg_Inj 1.3651e-01 (9.9844e-02)	Loss Disc 6.8512e-01 (6.9275e-01)	Loss Pred 5.6789e-01 (5.5968e-01)	Loss TOTAL 9.2427e-01 (9.2173e-01)
Epoch: [3][250/299]	L_Src_Sup 1.7782e-02 (2.5796e-02)	L_Trg_Inj 8.4753e-02 (1.0097e-01)	Loss Disc 6.9666e-01 (6.9259e-01)	Loss Pred 5.2382e-01 (5.5935e-01)	Loss TOTAL 8.8240e-01 (9.2129e-01)
Epoch: [3][260/299]	L_Src_Sup 1.1540e-02 (2.5087e-02)	L_Trg_Inj 1.3493e-01 (1.0250e-01)	Loss Disc 6.9483e-01 (6.9261e-01)	Loss Pred 5.0414e-01 (5.5899e-01)	Loss TOTAL 8.6620e-01 (9.2091e-01)
Epoch: [3][270/299]	L_Src_Sup 1.4689e-02 (2.4527e-02)	L_Trg_Inj 1.1177e-01 (1.0269e-01)	Loss Disc 6.9436e-01 (6.9263e-01)	Loss Pred 5.3942e-01 (5.5849e-01)	Loss TOTAL 8.9925e-01 (9.2028e-01)
Epoch: [3][280/299]	L_Src_Sup 5.2100e-02 (2.4124e-02)	L_Trg_Inj 5.7584e-02 (1.0297e-01)	Loss Disc 6.9334e-01 (6.9264e-01)	Loss Pred 5.3752e-01 (5.5863e-01)	Loss TOTAL 8.9516e-01 (9.2031e-01)
Epoch: [3][290/299]	L_Src_Sup 4.2075e-02 (2.3899e-02)	L_Trg_Inj 2.9034e-02 (1.0183e-01)	Loss Disc 6.9303e-01 (6.9267e-01)	Loss Pred 6.1610e-01 (5.5898e-01)	Loss TOTAL 9.8277e-01 (9.2064e-01)
Epoch: [3][299/299]	L_Src_Sup 1.1553e-02 (2.4029e-02)	L_Trg_Inj 1.4438e-01 (1.0232e-01)	Loss Disc 6.9317e-01 (6.9267e-01)	Loss Pred 5.4058e-01 (5.5908e-01)	Loss TOTAL 9.0276e-01 (9.2072e-01)
Epoch 3 complete. Saving model state...
Epoch: [4][ 10/299]	L_Src_Sup 4.0145e-03 (1.6886e-02)	L_Trg_Inj 7.1145e-02 (6.3140e-02)	Loss Disc 6.9309e-01 (6.9309e-01)	Loss Pred 5.1051e-01 (5.5511e-01)	Loss TOTAL 8.6457e-01 (9.1361e-01)
Epoch: [4][ 20/299]	L_Src_Sup 0.0000e+00 (1.5276e-02)	L_Trg_Inj 5.9000e-03 (5.3442e-02)	Loss Disc 6.9336e-01 (6.9321e-01)	Loss Pred 5.5616e-01 (5.4677e-01)	Loss TOTAL 9.0343e-01 (9.0222e-01)
Epoch: [4][ 30/299]	L_Src_Sup 0.0000e+00 (1.5139e-02)	L_Trg_Inj 8.3429e-02 (6.6534e-02)	Loss Disc 6.9323e-01 (6.9324e-01)	Loss Pred 5.2414e-01 (5.4501e-01)	Loss TOTAL 8.7910e-01 (9.0173e-01)
Epoch: [4][ 40/299]	L_Src_Sup 3.2942e-02 (1.9330e-02)	L_Trg_Inj 8.3287e-02 (6.8536e-02)	Loss Disc 6.9296e-01 (6.9323e-01)	Loss Pred 5.7972e-01 (5.5227e-01)	Loss TOTAL 9.3783e-01 (9.1081e-01)
Epoch: [4][ 50/299]	L_Src_Sup 1.3271e-02 (1.8740e-02)	L_Trg_Inj 1.8268e-01 (7.8893e-02)	Loss Disc 6.9282e-01 (6.9313e-01)	Loss Pred 5.2089e-01 (5.4933e-01)	Loss TOTAL 8.8690e-01 (9.0868e-01)
Epoch: [4][ 60/299]	L_Src_Sup 2.6133e-03 (1.6936e-02)	L_Trg_Inj 1.0633e-01 (8.3274e-02)	Loss Disc 6.9075e-01 (6.9294e-01)	Loss Pred 5.7726e-01 (5.4955e-01)	Loss TOTAL 9.3353e-01 (9.0856e-01)
Epoch: [4][ 70/299]	L_Src_Sup 1.5569e-01 (1.8743e-02)	L_Trg_Inj 7.1968e-02 (8.2139e-02)	Loss Disc 6.8997e-01 (6.9288e-01)	Loss Pred 6.1260e-01 (5.4998e-01)	Loss TOTAL 1.0641e+00 (9.1001e-01)
Epoch: [4][ 80/299]	L_Src_Sup 6.6904e-02 (2.4171e-02)	L_Trg_Inj 7.3744e-02 (8.5645e-02)	Loss Disc 6.9380e-01 (6.9296e-01)	Loss Pred 5.1924e-01 (5.5209e-01)	Loss TOTAL 8.8020e-01 (9.1337e-01)
Epoch: [4][ 90/299]	L_Src_Sup 2.2892e-02 (2.4076e-02)	L_Trg_Inj 1.0846e-01 (8.7172e-02)	Loss Disc 6.9253e-01 (6.9298e-01)	Loss Pred 5.6529e-01 (5.5330e-01)	Loss TOTAL 9.2469e-01 (9.1465e-01)
Epoch: [4][100/299]	L_Src_Sup 1.2153e-02 (2.2536e-02)	L_Trg_Inj 4.7383e-02 (8.6982e-02)	Loss Disc 6.9355e-01 (6.9301e-01)	Loss Pred 5.1347e-01 (5.5192e-01)	Loss TOTAL 8.6620e-01 (9.1274e-01)
Epoch: [4][110/299]	L_Src_Sup 8.2709e-02 (2.1973e-02)	L_Trg_Inj 5.5625e-02 (8.1227e-02)	Loss Disc 6.9287e-01 (6.9303e-01)	Loss Pred 5.6668e-01 (5.5123e-01)	Loss TOTAL 9.5404e-01 (9.1145e-01)
Epoch: [4][120/299]	L_Src_Sup 7.8501e-03 (2.1090e-02)	L_Trg_Inj 1.4323e-01 (8.2302e-02)	Loss Disc 6.9356e-01 (6.9303e-01)	Loss Pred 6.0882e-01 (5.5190e-01)	Loss TOTAL 9.7071e-01 (9.1186e-01)
Epoch: [4][130/299]	L_Src_Sup 1.0565e-02 (2.0254e-02)	L_Trg_Inj 6.9313e-03 (7.8970e-02)	Loss Disc 6.9203e-01 (6.9302e-01)	Loss Pred 5.3704e-01 (5.5262e-01)	Loss TOTAL 8.8844e-01 (9.1195e-01)
Epoch: [4][140/299]	L_Src_Sup 3.7271e-03 (1.9731e-02)	L_Trg_Inj 5.3995e-02 (7.7308e-02)	Loss Disc 6.9401e-01 (6.9305e-01)	Loss Pred 5.1896e-01 (5.5183e-01)	Loss TOTAL 8.7174e-01 (9.1076e-01)
Epoch: [4][150/299]	L_Src_Sup 0.0000e+00 (1.9251e-02)	L_Trg_Inj 1.2446e-01 (7.6392e-02)	Loss Disc 6.9309e-01 (6.9304e-01)	Loss Pred 5.4218e-01 (5.5164e-01)	Loss TOTAL 9.0117e-01 (9.1040e-01)
Epoch: [4][160/299]	L_Src_Sup 2.0618e-02 (1.8538e-02)	L_Trg_Inj 5.4396e-02 (7.6770e-02)	Loss Disc 6.9303e-01 (6.9303e-01)	Loss Pred 5.8379e-01 (5.5181e-01)	Loss TOTAL 9.3780e-01 (9.1037e-01)
Epoch: [4][170/299]	L_Src_Sup 3.7641e-02 (1.8403e-02)	L_Trg_Inj 2.9143e-02 (7.4098e-02)	Loss Disc 6.9137e-01 (6.9300e-01)	Loss Pred 5.8833e-01 (5.5280e-01)	Loss TOTAL 9.4919e-01 (9.1105e-01)
Epoch: [4][180/299]	L_Src_Sup 3.1345e-02 (1.8347e-02)	L_Trg_Inj 7.8778e-02 (7.2589e-02)	Loss Disc 6.9410e-01 (6.9305e-01)	Loss Pred 5.4408e-01 (5.5229e-01)	Loss TOTAL 9.0214e-01 (9.1032e-01)
Epoch: [4][190/299]	L_Src_Sup 1.9717e-03 (1.8006e-02)	L_Trg_Inj 1.2900e-02 (7.1054e-02)	Loss Disc 6.9342e-01 (6.9305e-01)	Loss Pred 5.4261e-01 (5.5227e-01)	Loss TOTAL 8.9080e-01 (9.0999e-01)
Epoch: [4][200/299]	L_Src_Sup 4.5260e-03 (1.7414e-02)	L_Trg_Inj 1.8648e-02 (6.8241e-02)	Loss Disc 6.9332e-01 (6.9306e-01)	Loss Pred 5.9189e-01 (5.5195e-01)	Loss TOTAL 9.4087e-01 (9.0925e-01)
Epoch: [4][210/299]	L_Src_Sup 1.5462e-02 (1.7085e-02)	L_Trg_Inj 3.4956e-02 (6.6986e-02)	Loss Disc 6.9282e-01 (6.9306e-01)	Loss Pred 5.9098e-01 (5.5227e-01)	Loss TOTAL 9.4243e-01 (9.0940e-01)
Epoch: [4][220/299]	L_Src_Sup 2.1530e-03 (1.7155e-02)	L_Trg_Inj 7.5413e-02 (6.6827e-02)	Loss Disc 6.9295e-01 (6.9307e-01)	Loss Pred 5.2510e-01 (5.5168e-01)	Loss TOTAL 8.7933e-01 (9.0892e-01)
Epoch: [4][230/299]	L_Src_Sup 8.8438e-03 (1.7391e-02)	L_Trg_Inj 1.0606e-01 (6.7694e-02)	Loss Disc 6.9286e-01 (6.9306e-01)	Loss Pred 5.7605e-01 (5.5236e-01)	Loss TOTAL 9.3397e-01 (9.0967e-01)
Epoch: [4][240/299]	L_Src_Sup 1.3887e-02 (1.7431e-02)	L_Trg_Inj 5.7844e-02 (6.7364e-02)	Loss Disc 6.9229e-01 (6.9306e-01)	Loss Pred 5.7063e-01 (5.5265e-01)	Loss TOTAL 9.2395e-01 (9.0990e-01)
Epoch: [4][250/299]	L_Src_Sup 2.1108e-02 (1.7179e-02)	L_Trg_Inj 4.0675e-02 (6.6875e-02)	Loss Disc 6.9298e-01 (6.9308e-01)	Loss Pred 5.6819e-01 (5.5203e-01)	Loss TOTAL 9.2086e-01 (9.0917e-01)
Epoch: [4][260/299]	L_Src_Sup 1.2048e-02 (1.7420e-02)	L_Trg_Inj 1.9786e-01 (7.2452e-02)	Loss Disc 6.9330e-01 (6.9309e-01)	Loss Pred 5.2092e-01 (5.5172e-01)	Loss TOTAL 8.8856e-01 (9.0946e-01)
Epoch: [4][270/299]	L_Src_Sup 8.4046e-04 (1.7092e-02)	L_Trg_Inj 3.0190e-02 (7.3273e-02)	Loss Disc 6.9303e-01 (6.9309e-01)	Loss Pred 4.7078e-01 (5.5076e-01)	Loss TOTAL 8.2040e-01 (9.0847e-01)
Epoch: [4][280/299]	L_Src_Sup 2.7267e-02 (1.6884e-02)	L_Trg_Inj 3.1158e-02 (7.1463e-02)	Loss Disc 6.9292e-01 (6.9309e-01)	Loss Pred 5.6094e-01 (5.5073e-01)	Loss TOTAL 9.1324e-01 (9.0823e-01)
Epoch: [4][290/299]	L_Src_Sup 0.0000e+00 (1.6500e-02)	L_Trg_Inj 5.3766e-03 (6.9599e-02)	Loss Disc 6.9285e-01 (6.9309e-01)	Loss Pred 5.4955e-01 (5.5060e-01)	Loss TOTAL 8.9652e-01 (9.0780e-01)
Epoch: [4][299/299]	L_Src_Sup 3.1692e-03 (1.6525e-02)	L_Trg_Inj 7.6243e-02 (6.8483e-02)	Loss Disc 6.9425e-01 (6.9309e-01)	Loss Pred 5.1220e-01 (5.5079e-01)	Loss TOTAL 8.6727e-01 (9.0804e-01)
Epoch 4 complete. Saving model state...
Epoch: [5][ 10/299]	L_Src_Sup 2.4545e-02 (3.3148e-02)	L_Trg_Inj 1.6681e-01 (4.9816e-02)	Loss Disc 6.9339e-01 (6.9326e-01)	Loss Pred 5.3788e-01 (5.6089e-01)	Loss TOTAL 9.0371e-01 (9.2867e-01)
Epoch: [5][ 20/299]	L_Src_Sup 2.7893e-02 (3.4916e-02)	L_Trg_Inj 7.9846e-02 (9.0570e-02)	Loss Disc 6.9337e-01 (6.9317e-01)	Loss Pred 4.9567e-01 (5.5348e-01)	Loss TOTAL 8.5313e-01 (9.1904e-01)
Epoch: [5][ 30/299]	L_Src_Sup 6.7118e-03 (3.0495e-02)	L_Trg_Inj 5.7018e-02 (8.8470e-02)	Loss Disc 6.9329e-01 (6.9305e-01)	Loss Pred 5.0096e-01 (5.4961e-01)	Loss TOTAL 8.5398e-01 (9.1232e-01)
Epoch: [5][ 40/299]	L_Src_Sup 3.6721e-03 (2.6260e-02)	L_Trg_Inj 4.7181e-02 (8.1021e-02)	Loss Disc 6.9172e-01 (6.9298e-01)	Loss Pred 5.5977e-01 (5.4727e-01)	Loss TOTAL 9.1071e-01 (9.0825e-01)
Epoch: [5][ 50/299]	L_Src_Sup 1.3133e-02 (2.2904e-02)	L_Trg_Inj 4.4641e-02 (7.2747e-02)	Loss Disc 6.9417e-01 (6.9280e-01)	Loss Pred 5.4177e-01 (5.4637e-01)	Loss TOTAL 8.9463e-01 (9.0555e-01)
Epoch: [5][ 60/299]	L_Src_Sup 1.7885e-02 (2.0802e-02)	L_Trg_Inj 4.5772e-02 (6.5957e-02)	Loss Disc 6.9262e-01 (6.9252e-01)	Loss Pred 5.3705e-01 (5.4797e-01)	Loss TOTAL 8.8972e-01 (9.0558e-01)
Epoch: [5][ 70/299]	L_Src_Sup 3.7383e-02 (2.0243e-02)	L_Trg_Inj 8.6100e-03 (6.2180e-02)	Loss Disc 6.9301e-01 (6.9269e-01)	Loss Pred 5.2686e-01 (5.4618e-01)	Loss TOTAL 9.0674e-01 (9.0420e-01)
Epoch: [5][ 80/299]	L_Src_Sup 2.2396e-02 (2.1944e-02)	L_Trg_Inj 4.9129e-02 (6.5286e-02)	Loss Disc 6.9335e-01 (6.9278e-01)	Loss Pred 5.1916e-01 (5.4689e-01)	Loss TOTAL 8.7298e-01 (9.0563e-01)
Epoch: [5][ 90/299]	L_Src_Sup 4.7075e-03 (2.0503e-02)	L_Trg_Inj 2.1110e-02 (6.6182e-02)	Loss Disc 6.9219e-01 (6.9281e-01)	Loss Pred 5.8586e-01 (5.4731e-01)	Loss TOTAL 9.3453e-01 (9.0560e-01)
Epoch: [5][100/299]	L_Src_Sup 7.7147e-03 (1.8976e-02)	L_Trg_Inj 2.0556e-02 (6.0924e-02)	Loss Disc 6.9202e-01 (6.9277e-01)	Loss Pred 5.9226e-01 (5.4841e-01)	Loss TOTAL 9.4110e-01 (9.0580e-01)
Epoch: [5][110/299]	L_Src_Sup 3.0963e-02 (1.7584e-02)	L_Trg_Inj 3.6991e-02 (5.7072e-02)	Loss Disc 6.9379e-01 (6.9272e-01)	Loss Pred 5.6964e-01 (5.4856e-01)	Loss TOTAL 9.2334e-01 (9.0512e-01)
Epoch: [5][120/299]	L_Src_Sup 2.0291e-03 (1.6754e-02)	L_Trg_Inj 6.2617e-03 (5.3912e-02)	Loss Disc 6.9041e-01 (6.9269e-01)	Loss Pred 5.5984e-01 (5.4889e-01)	Loss TOTAL 9.0588e-01 (9.0483e-01)
Epoch: [5][130/299]	L_Src_Sup 1.9194e-03 (1.6630e-02)	L_Trg_Inj 3.4362e-02 (5.1415e-02)	Loss Disc 6.9391e-01 (6.9276e-01)	Loss Pred 5.7253e-01 (5.4926e-01)	Loss TOTAL 9.2312e-01 (9.0527e-01)
Epoch: [5][140/299]	L_Src_Sup 5.2171e-03 (1.5929e-02)	L_Trg_Inj 3.9681e-03 (4.9269e-02)	Loss Disc 6.9251e-01 (6.9278e-01)	Loss Pred 5.3452e-01 (5.4988e-01)	Loss TOTAL 8.8294e-01 (9.0543e-01)
Epoch: [5][150/299]	L_Src_Sup 3.9572e-02 (1.5839e-02)	L_Trg_Inj 2.1656e-01 (5.2025e-02)	Loss Disc 6.9510e-01 (6.9283e-01)	Loss Pred 6.1383e-01 (5.5019e-01)	Loss TOTAL 9.8699e-01 (9.0608e-01)
Epoch: [5][160/299]	L_Src_Sup 4.2714e-03 (1.5936e-02)	L_Trg_Inj 1.1141e-01 (5.5694e-02)	Loss Disc 6.9303e-01 (6.9286e-01)	Loss Pred 5.1129e-01 (5.4920e-01)	Loss TOTAL 8.6938e-01 (9.0533e-01)
Epoch: [5][170/299]	L_Src_Sup 3.4702e-03 (1.5238e-02)	L_Trg_Inj 9.4469e-04 (5.5198e-02)	Loss Disc 6.9205e-01 (6.9286e-01)	Loss Pred 5.7796e-01 (5.4922e-01)	Loss TOTAL 9.2695e-01 (9.0510e-01)
Epoch: [5][180/299]	L_Src_Sup 0.0000e+00 (1.4810e-02)	L_Trg_Inj 3.2399e-02 (5.3130e-02)	Loss Disc 6.9265e-01 (6.9285e-01)	Loss Pred 5.4175e-01 (5.4822e-01)	Loss TOTAL 8.9132e-01 (9.0387e-01)
Epoch: [5][190/299]	L_Src_Sup 3.7024e-03 (1.4321e-02)	L_Trg_Inj 5.3304e-03 (5.0906e-02)	Loss Disc 6.8830e-01 (6.9274e-01)	Loss Pred 5.6441e-01 (5.4923e-01)	Loss TOTAL 9.0946e-01 (9.0448e-01)
Epoch: [5][200/299]	L_Src_Sup 5.3003e-03 (1.3932e-02)	L_Trg_Inj 3.9799e-03 (4.9164e-02)	Loss Disc 6.8620e-01 (6.9265e-01)	Loss Pred 5.6766e-01 (5.4867e-01)	Loss TOTAL 9.1301e-01 (9.0356e-01)
Epoch: [5][210/299]	L_Src_Sup 8.2501e-03 (1.4310e-02)	L_Trg_Inj 3.1858e-01 (5.3838e-02)	Loss Disc 6.9284e-01 (6.9268e-01)	Loss Pred 5.7637e-01 (5.4880e-01)	Loss TOTAL 9.5547e-01 (9.0434e-01)
Epoch: [5][220/299]	L_Src_Sup 2.7616e-02 (1.4198e-02)	L_Trg_Inj 4.7258e-02 (5.9164e-02)	Loss Disc 6.8978e-01 (6.9264e-01)	Loss Pred 5.4964e-01 (5.4942e-01)	Loss TOTAL 9.0201e-01 (9.0535e-01)
Epoch: [5][230/299]	L_Src_Sup 2.2003e-02 (1.3874e-02)	L_Trg_Inj 5.7420e-02 (5.8550e-02)	Loss Disc 6.9392e-01 (6.9252e-01)	Loss Pred 5.3694e-01 (5.4913e-01)	Loss TOTAL 8.9184e-01 (9.0484e-01)
Epoch: [5][240/299]	L_Src_Sup 0.0000e+00 (1.3706e-02)	L_Trg_Inj 1.4353e-01 (5.8672e-02)	Loss Disc 6.8876e-01 (6.9246e-01)	Loss Pred 6.1399e-01 (5.4873e-01)	Loss TOTAL 9.7273e-01 (9.0431e-01)
Epoch: [5][250/299]	L_Src_Sup 4.1330e-03 (1.4475e-02)	L_Trg_Inj 3.0474e-02 (5.8996e-02)	Loss Disc 6.8893e-01 (6.9241e-01)	Loss Pred 5.6079e-01 (5.4916e-01)	Loss TOTAL 9.0871e-01 (9.0478e-01)
Epoch: [5][260/299]	L_Src_Sup 5.1087e-02 (1.4574e-02)	L_Trg_Inj 5.9298e-03 (5.8372e-02)	Loss Disc 6.9080e-01 (6.9244e-01)	Loss Pred 5.4056e-01 (5.4885e-01)	Loss TOTAL 9.3682e-01 (9.0455e-01)
Epoch: [5][270/299]	L_Src_Sup 1.6535e-02 (1.5087e-02)	L_Trg_Inj 2.3839e-02 (5.7362e-02)	Loss Disc 6.9467e-01 (6.9244e-01)	Loss Pred 5.0579e-01 (5.4837e-01)	Loss TOTAL 8.5716e-01 (9.0449e-01)
Epoch: [5][280/299]	L_Src_Sup 1.2311e-03 (1.5315e-02)	L_Trg_Inj 5.5213e-03 (5.6937e-02)	Loss Disc 6.9387e-01 (6.9242e-01)	Loss Pred 5.2140e-01 (5.4815e-01)	Loss TOTAL 8.6901e-01 (9.0424e-01)
Epoch: [5][290/299]	L_Src_Sup 4.2538e-03 (1.5527e-02)	L_Trg_Inj 6.8329e-02 (5.6456e-02)	Loss Disc 6.9074e-01 (6.9241e-01)	Loss Pred 5.6417e-01 (5.4834e-01)	Loss TOTAL 9.1680e-01 (9.0442e-01)
Epoch: [5][299/299]	L_Src_Sup 5.7709e-05 (1.5288e-02)	L_Trg_Inj 3.3248e-02 (5.5917e-02)	Loss Disc 6.9203e-01 (6.9232e-01)	Loss Pred 5.2479e-01 (5.4826e-01)	Loss TOTAL 8.7414e-01 (9.0425e-01)
Epoch 5 complete. Saving model state...
Epoch: [6][ 10/299]	L_Src_Sup 1.9982e-05 (7.4015e-03)	L_Trg_Inj 3.9795e-03 (2.5458e-02)	Loss Disc 6.9046e-01 (6.8945e-01)	Loss Pred 5.2404e-01 (5.5216e-01)	Loss TOTAL 8.6967e-01 (9.0017e-01)
Epoch: [6][ 20/299]	L_Src_Sup 4.2416e-02 (1.1203e-02)	L_Trg_Inj 9.8406e-02 (2.7818e-02)	Loss Disc 6.9959e-01 (6.9122e-01)	Loss Pred 5.4050e-01 (5.4724e-01)	Loss TOTAL 9.0438e-01 (8.9729e-01)
Epoch: [6][ 30/299]	L_Src_Sup 1.8845e-03 (9.9189e-03)	L_Trg_Inj 4.4868e-02 (2.7309e-02)	Loss Disc 6.9170e-01 (6.9127e-01)	Loss Pred 5.4822e-01 (5.4722e-01)	Loss TOTAL 8.9875e-01 (8.9726e-01)
Epoch: [6][ 40/299]	L_Src_Sup 0.0000e+00 (9.9887e-03)	L_Trg_Inj 2.9468e-02 (2.9360e-02)	Loss Disc 6.9321e-01 (6.9167e-01)	Loss Pred 5.3538e-01 (5.4771e-01)	Loss TOTAL 8.8494e-01 (8.9810e-01)
Epoch: [6][ 50/299]	L_Src_Sup 2.8239e-03 (8.6284e-03)	L_Trg_Inj 3.8893e-03 (2.7149e-02)	Loss Disc 6.9116e-01 (6.9190e-01)	Loss Pred 5.7839e-01 (5.4652e-01)	Loss TOTAL 9.2464e-01 (8.9658e-01)
Epoch: [6][ 60/299]	L_Src_Sup 1.6391e-07 (8.1998e-03)	L_Trg_Inj 9.9427e-03 (2.4732e-02)	Loss Disc 6.9330e-01 (6.9220e-01)	Loss Pred 5.6110e-01 (5.4232e-01)	Loss TOTAL 9.0874e-01 (8.9250e-01)
Epoch: [6][ 70/299]	L_Src_Sup 3.1207e-03 (7.8984e-03)	L_Trg_Inj 3.8649e-03 (2.3717e-02)	Loss Disc 6.9282e-01 (6.9219e-01)	Loss Pred 5.0467e-01 (5.4442e-01)	Loss TOTAL 8.5178e-01 (8.9477e-01)
Epoch: [6][ 80/299]	L_Src_Sup 5.5350e-02 (8.1948e-03)	L_Trg_Inj 1.4890e-02 (2.2240e-02)	Loss Disc 6.9473e-01 (6.9219e-01)	Loss Pred 5.2376e-01 (5.4264e-01)	Loss TOTAL 9.1861e-01 (8.9350e-01)
Epoch: [6][ 90/299]	L_Src_Sup 5.3942e-02 (1.9872e-02)	L_Trg_Inj 3.6247e-01 (4.9352e-02)	Loss Disc 6.9384e-01 (6.9258e-01)	Loss Pred 6.1537e-01 (5.5725e-01)	Loss TOTAL 1.0039e+00 (9.1409e-01)
Epoch: [6][100/299]	L_Src_Sup 1.7841e-02 (2.1768e-02)	L_Trg_Inj 1.1428e-01 (6.5303e-02)	Loss Disc 6.9334e-01 (6.9265e-01)	Loss Pred 5.6621e-01 (5.5966e-01)	Loss TOTAL 9.2609e-01 (9.1795e-01)
Epoch: [6][110/299]	L_Src_Sup 9.8844e-03 (2.1555e-02)	L_Trg_Inj 5.1157e-02 (6.8246e-02)	Loss Disc 6.9300e-01 (6.9269e-01)	Loss Pred 5.1578e-01 (5.5753e-01)	Loss TOTAL 8.6839e-01 (9.1608e-01)
Epoch: [6][120/299]	L_Src_Sup 3.8964e-03 (2.0892e-02)	L_Trg_Inj 5.1353e-02 (6.6698e-02)	Loss Disc 6.9329e-01 (6.9273e-01)	Loss Pred 5.3405e-01 (5.5597e-01)	Loss TOTAL 8.8623e-01 (9.1428e-01)
Epoch: [6][130/299]	L_Src_Sup 9.6475e-03 (1.9925e-02)	L_Trg_Inj 2.0059e-02 (6.3697e-02)	Loss Disc 6.9317e-01 (6.9276e-01)	Loss Pred 5.8469e-01 (5.5471e-01)	Loss TOTAL 9.3424e-01 (9.1244e-01)
Epoch: [6][140/299]	L_Src_Sup 1.9767e-02 (1.9426e-02)	L_Trg_Inj 3.5923e-02 (6.1396e-02)	Loss Disc 6.9279e-01 (6.9277e-01)	Loss Pred 5.3232e-01 (5.5405e-01)	Loss TOTAL 8.8428e-01 (9.1159e-01)
Epoch: [6][150/299]	L_Src_Sup 2.3344e-02 (1.8756e-02)	L_Trg_Inj 1.7325e-02 (5.8400e-02)	Loss Disc 6.9276e-01 (6.9278e-01)	Loss Pred 5.4851e-01 (5.5431e-01)	Loss TOTAL 9.0498e-01 (9.1164e-01)
Epoch: [6][160/299]	L_Src_Sup 0.0000e+00 (1.7996e-02)	L_Trg_Inj 3.5274e-02 (5.6031e-02)	Loss Disc 6.9269e-01 (6.9277e-01)	Loss Pred 5.5402e-01 (5.5397e-01)	Loss TOTAL 9.0389e-01 (9.1081e-01)
Epoch: [6][170/299]	L_Src_Sup 4.5566e-03 (1.7130e-02)	L_Trg_Inj 1.9245e-02 (5.4063e-02)	Loss Disc 6.9327e-01 (6.9277e-01)	Loss Pred 5.2357e-01 (5.5320e-01)	Loss TOTAL 8.7258e-01 (9.0962e-01)
Epoch: [6][180/299]	L_Src_Sup 5.7283e-03 (1.6822e-02)	L_Trg_Inj 1.6119e-02 (5.1827e-02)	Loss Disc 6.9394e-01 (6.9279e-01)	Loss Pred 5.0041e-01 (5.5328e-01)	Loss TOTAL 8.4957e-01 (9.0955e-01)
Epoch: [6][190/299]	L_Src_Sup 5.7286e-03 (1.6336e-02)	L_Trg_Inj 1.7040e-02 (5.0426e-02)	Loss Disc 6.9300e-01 (6.9282e-01)	Loss Pred 5.8181e-01 (5.5265e-01)	Loss TOTAL 9.3059e-01 (9.0870e-01)
Epoch: [6][200/299]	L_Src_Sup 2.0073e-02 (1.5723e-02)	L_Trg_Inj 9.5498e-04 (4.8514e-02)	Loss Disc 6.9367e-01 (6.9285e-01)	Loss Pred 5.5762e-01 (5.5274e-01)	Loss TOTAL 9.2567e-01 (9.0849e-01)
Epoch: [6][210/299]	L_Src_Sup 0.0000e+00 (1.5494e-02)	L_Trg_Inj 2.9534e-02 (4.7714e-02)	Loss Disc 6.9383e-01 (6.9288e-01)	Loss Pred 5.2389e-01 (5.5265e-01)	Loss TOTAL 8.7376e-01 (9.0834e-01)
Epoch: [6][220/299]	L_Src_Sup 2.2666e-02 (1.5043e-02)	L_Trg_Inj 1.0294e-02 (4.6552e-02)	Loss Disc 6.9289e-01 (6.9290e-01)	Loss Pred 5.4404e-01 (5.5187e-01)	Loss TOTAL 9.0615e-01 (9.0734e-01)
Epoch: [6][230/299]	L_Src_Sup 2.8317e-03 (1.4862e-02)	L_Trg_Inj 2.4538e-02 (4.5906e-02)	Loss Disc 6.9331e-01 (6.9291e-01)	Loss Pred 5.4397e-01 (5.5210e-01)	Loss TOTAL 8.9337e-01 (9.0745e-01)
Epoch: [6][240/299]	L_Src_Sup 0.0000e+00 (1.4803e-02)	L_Trg_Inj 5.4188e-02 (4.5146e-02)	Loss Disc 6.9351e-01 (6.9293e-01)	Loss Pred 5.3060e-01 (5.5185e-01)	Loss TOTAL 8.8277e-01 (9.0723e-01)
Epoch: [6][250/299]	L_Src_Sup 1.7224e-02 (1.4461e-02)	L_Trg_Inj 1.6437e-02 (4.4409e-02)	Loss Disc 6.9370e-01 (6.9295e-01)	Loss Pred 5.2658e-01 (5.5130e-01)	Loss TOTAL 8.7759e-01 (9.0647e-01)
Epoch: [6][260/299]	L_Src_Sup 3.7725e-03 (1.4410e-02)	L_Trg_Inj 1.4050e-02 (4.4444e-02)	Loss Disc 6.9336e-01 (6.9296e-01)	Loss Pred 4.9840e-01 (5.5104e-01)	Loss TOTAL 8.4686e-01 (9.0614e-01)
Epoch: [6][270/299]	L_Src_Sup 0.0000e+00 (1.4033e-02)	L_Trg_Inj 2.0953e-02 (4.3458e-02)	Loss Disc 6.9302e-01 (6.9297e-01)	Loss Pred 5.7877e-01 (5.5056e-01)	Loss TOTAL 9.2737e-01 (9.0547e-01)
Epoch: [6][280/299]	L_Src_Sup 7.3370e-04 (1.3818e-02)	L_Trg_Inj 1.2939e-02 (4.2701e-02)	Loss Disc 6.9331e-01 (6.9298e-01)	Loss Pred 4.6064e-01 (5.4958e-01)	Loss TOTAL 8.0866e-01 (9.0433e-01)
Epoch: [6][290/299]	L_Src_Sup 6.1651e-03 (1.3476e-02)	L_Trg_Inj 2.3267e-02 (4.1641e-02)	Loss Disc 6.9315e-01 (6.9298e-01)	Loss Pred 5.8360e-01 (5.4924e-01)	Loss TOTAL 9.3312e-01 (9.0381e-01)
Epoch: [6][299/299]	L_Src_Sup 4.8221e-04 (1.3149e-02)	L_Trg_Inj 2.5965e-03 (4.0665e-02)	Loss Disc 6.9320e-01 (6.9299e-01)	Loss Pred 5.4085e-01 (5.4908e-01)	Loss TOTAL 8.8776e-01 (9.0345e-01)
Epoch 6 complete. Saving model state...
Epoch: [7][ 10/299]	L_Src_Sup 2.3402e-03 (8.5310e-03)	L_Trg_Inj 4.4134e-02 (1.4652e-02)	Loss Disc 6.9329e-01 (6.9323e-01)	Loss Pred 6.0076e-01 (5.3129e-01)	Loss TOTAL 9.5205e-01 (8.8593e-01)
Epoch: [7][ 20/299]	L_Src_Sup 6.6484e-03 (8.6914e-03)	L_Trg_Inj 1.3744e-02 (2.3192e-02)	Loss Disc 6.9332e-01 (6.9320e-01)	Loss Pred 5.1104e-01 (5.3758e-01)	Loss TOTAL 8.5974e-01 (8.9134e-01)
Epoch: [7][ 30/299]	L_Src_Sup 1.3660e-05 (7.0038e-03)	L_Trg_Inj 2.2359e-02 (2.0344e-02)	Loss Disc 6.9319e-01 (6.9316e-01)	Loss Pred 5.1364e-01 (5.3492e-01)	Loss TOTAL 8.6248e-01 (8.8741e-01)
Epoch: [7][ 40/299]	L_Src_Sup 1.9050e-02 (1.0550e-02)	L_Trg_Inj 1.2175e-01 (2.6140e-02)	Loss Disc 6.9317e-01 (6.9317e-01)	Loss Pred 5.3219e-01 (5.3933e-01)	Loss TOTAL 8.9286e-01 (8.9369e-01)
Epoch: [7][ 50/299]	L_Src_Sup 0.0000e+00 (1.1448e-02)	L_Trg_Inj 4.6968e-02 (2.9543e-02)	Loss Disc 6.9294e-01 (6.9315e-01)	Loss Pred 5.6097e-01 (5.4158e-01)	Loss TOTAL 9.1213e-01 (8.9566e-01)
Epoch: [7][ 60/299]	L_Src_Sup 0.0000e+00 (9.9555e-03)	L_Trg_Inj 4.0166e-02 (3.0162e-02)	Loss Disc 6.9282e-01 (6.9310e-01)	Loss Pred 5.6626e-01 (5.4134e-01)	Loss TOTAL 9.1668e-01 (8.9484e-01)
Epoch: [7][ 70/299]	L_Src_Sup 4.4708e-06 (9.3471e-03)	L_Trg_Inj 1.9252e-02 (2.9411e-02)	Loss Disc 6.9226e-01 (6.9306e-01)	Loss Pred 5.8012e-01 (5.4045e-01)	Loss TOTAL 9.2818e-01 (8.9353e-01)
Epoch: [7][ 80/299]	L_Src_Sup 2.6661e-02 (9.1368e-03)	L_Trg_Inj 2.0706e-02 (2.7408e-02)	Loss Disc 6.9444e-01 (6.9302e-01)	Loss Pred 5.4343e-01 (5.4134e-01)	Loss TOTAL 9.0135e-01 (8.9401e-01)
Epoch: [7][ 90/299]	L_Src_Sup 1.1799e-02 (1.1088e-02)	L_Trg_Inj 9.7028e-02 (3.6705e-02)	Loss Disc 6.9211e-01 (6.9302e-01)	Loss Pred 5.9496e-01 (5.4472e-01)	Loss TOTAL 9.5190e-01 (8.9840e-01)
Epoch: [7][100/299]	L_Src_Sup 8.5218e-03 (1.1460e-02)	L_Trg_Inj 7.6679e-02 (4.1601e-02)	Loss Disc 6.9287e-01 (6.9300e-01)	Loss Pred 5.4651e-01 (5.4377e-01)	Loss TOTAL 9.0146e-01 (8.9772e-01)
Epoch: [7][110/299]	L_Src_Sup 3.7421e-02 (1.1788e-02)	L_Trg_Inj 1.4843e-01 (4.3734e-02)	Loss Disc 6.9473e-01 (6.9287e-01)	Loss Pred 5.5011e-01 (5.4469e-01)	Loss TOTAL 9.1606e-01 (8.9867e-01)
Epoch: [7][120/299]	L_Src_Sup 4.4135e-03 (1.1358e-02)	L_Trg_Inj 4.4337e-02 (4.4910e-02)	Loss Disc 6.9576e-01 (6.9274e-01)	Loss Pred 5.2602e-01 (5.4443e-01)	Loss TOTAL 8.7878e-01 (8.9826e-01)
Epoch: [7][130/299]	L_Src_Sup 3.2460e-03 (1.0757e-02)	L_Trg_Inj 2.7860e-02 (4.3865e-02)	Loss Disc 6.9382e-01 (6.9287e-01)	Loss Pred 5.5749e-01 (5.4434e-01)	Loss TOTAL 9.0751e-01 (8.9794e-01)
Epoch: [7][140/299]	L_Src_Sup 8.7970e-04 (1.0133e-02)	L_Trg_Inj 1.2532e-02 (4.1494e-02)	Loss Disc 6.9348e-01 (6.9292e-01)	Loss Pred 5.4807e-01 (5.4459e-01)	Loss TOTAL 8.9615e-01 (8.9780e-01)
Epoch: [7][150/299]	L_Src_Sup 0.0000e+00 (9.6598e-03)	L_Trg_Inj 1.6222e-02 (3.9414e-02)	Loss Disc 6.9325e-01 (6.9295e-01)	Loss Pred 5.6294e-01 (5.4399e-01)	Loss TOTAL 9.1119e-01 (8.9697e-01)
Epoch: [7][160/299]	L_Src_Sup 3.5857e-03 (9.5198e-03)	L_Trg_Inj 3.8953e-02 (3.8464e-02)	Loss Disc 6.9335e-01 (6.9298e-01)	Loss Pred 5.4319e-01 (5.4357e-01)	Loss TOTAL 8.9413e-01 (8.9647e-01)
Epoch: [7][170/299]	L_Src_Sup 7.3897e-02 (9.7707e-03)	L_Trg_Inj 3.1296e-02 (3.7120e-02)	Loss Disc 6.9324e-01 (6.9299e-01)	Loss Pred 5.4252e-01 (5.4314e-01)	Loss TOTAL 9.4226e-01 (8.9621e-01)
Epoch: [7][180/299]	L_Src_Sup 0.0000e+00 (1.0104e-02)	L_Trg_Inj 7.9784e-02 (4.0679e-02)	Loss Disc 6.9334e-01 (6.9301e-01)	Loss Pred 5.4126e-01 (5.4336e-01)	Loss TOTAL 8.9591e-01 (8.9673e-01)
Epoch: [7][190/299]	L_Src_Sup 5.2613e-03 (1.0208e-02)	L_Trg_Inj 5.7615e-02 (4.2146e-02)	Loss Disc 6.9312e-01 (6.9302e-01)	Loss Pred 5.3471e-01 (5.4337e-01)	Loss TOTAL 8.8756e-01 (8.9695e-01)
Epoch: [7][200/299]	L_Src_Sup 7.5981e-03 (1.0085e-02)	L_Trg_Inj 1.2210e-02 (4.1047e-02)	Loss Disc 6.9321e-01 (6.9303e-01)	Loss Pred 4.9100e-01 (5.4348e-01)	Loss TOTAL 8.3959e-01 (8.9685e-01)
Epoch: [7][210/299]	L_Src_Sup 3.3420e-03 (1.0036e-02)	L_Trg_Inj 4.1220e-02 (3.9855e-02)	Loss Disc 6.9324e-01 (6.9304e-01)	Loss Pred 6.2936e-01 (5.4340e-01)	Loss TOTAL 9.8044e-01 (8.9674e-01)
Epoch: [7][220/299]	L_Src_Sup 0.0000e+00 (9.7867e-03)	L_Trg_Inj 3.4046e-02 (3.9238e-02)	Loss Disc 6.9322e-01 (6.9305e-01)	Loss Pred 5.2959e-01 (5.4385e-01)	Loss TOTAL 8.7961e-01 (8.9703e-01)
Epoch: [7][230/299]	L_Src_Sup 1.6122e-03 (9.8293e-03)	L_Trg_Inj 1.3425e-02 (3.8668e-02)	Loss Disc 6.9305e-01 (6.9305e-01)	Loss Pred 5.5780e-01 (5.4460e-01)	Loss TOTAL 9.0583e-01 (8.9769e-01)
Epoch: [7][240/299]	L_Src_Sup 2.0528e-03 (9.5360e-03)	L_Trg_Inj 5.9111e-03 (3.7539e-02)	Loss Disc 6.9335e-01 (6.9306e-01)	Loss Pred 5.4740e-01 (5.4443e-01)	Loss TOTAL 8.9487e-01 (8.9731e-01)
Epoch: [7][250/299]	L_Src_Sup 4.1574e-03 (9.4858e-03)	L_Trg_Inj 5.9875e-02 (3.6664e-02)	Loss Disc 6.9315e-01 (6.9306e-01)	Loss Pred 5.4563e-01 (5.4427e-01)	Loss TOTAL 8.9861e-01 (8.9717e-01)
Epoch: [7][260/299]	L_Src_Sup 7.4840e-02 (9.6887e-03)	L_Trg_Inj 4.2610e-02 (3.6471e-02)	Loss Disc 6.9296e-01 (6.9307e-01)	Loss Pred 5.7333e-01 (5.4399e-01)	Loss TOTAL 9.6378e-01 (8.9698e-01)
Epoch: [7][270/299]	L_Src_Sup 1.1709e-03 (1.0080e-02)	L_Trg_Inj 9.7393e-02 (3.8899e-02)	Loss Disc 6.9336e-01 (6.9307e-01)	Loss Pred 5.0779e-01 (5.4446e-01)	Loss TOTAL 8.6432e-01 (8.9771e-01)
Epoch: [7][280/299]	L_Src_Sup 5.0105e-04 (9.9833e-03)	L_Trg_Inj 4.3440e-02 (3.9436e-02)	Loss Disc 6.9329e-01 (6.9308e-01)	Loss Pred 5.3881e-01 (5.4384e-01)	Loss TOTAL 8.8985e-01 (8.9707e-01)
Epoch: [7][290/299]	L_Src_Sup 0.0000e+00 (9.7901e-03)	L_Trg_Inj 1.2474e-02 (3.8979e-02)	Loss Disc 6.9298e-01 (6.9308e-01)	Loss Pred 5.5404e-01 (5.4356e-01)	Loss TOTAL 9.0177e-01 (8.9668e-01)
Epoch: [7][299/299]	L_Src_Sup 1.5273e-02 (9.9508e-03)	L_Trg_Inj 4.8622e-03 (3.8363e-02)	Loss Disc 6.9315e-01 (6.9308e-01)	Loss Pred 5.5262e-01 (5.4407e-01)	Loss TOTAL 9.1162e-01 (8.9733e-01)
Epoch 7 complete. Saving model state...
Epoch: [8][ 10/299]	L_Src_Sup 7.6529e-03 (1.3534e-02)	L_Trg_Inj 4.0215e-02 (4.2575e-02)	Loss Disc 6.9363e-01 (6.9311e-01)	Loss Pred 4.9821e-01 (5.5581e-01)	Loss TOTAL 8.4981e-01 (9.1198e-01)
Epoch: [8][ 20/299]	L_Src_Sup 1.9187e-03 (9.5783e-03)	L_Trg_Inj 1.6182e-02 (3.6633e-02)	Loss Disc 6.9342e-01 (6.9315e-01)	Loss Pred 5.1731e-01 (5.4399e-01)	Loss TOTAL 8.6582e-01 (8.9748e-01)
Epoch: [8][ 30/299]	L_Src_Sup 4.1504e-03 (7.9819e-03)	L_Trg_Inj 1.8105e-02 (2.9574e-02)	Loss Disc 6.9309e-01 (6.9317e-01)	Loss Pred 5.5836e-01 (5.4502e-01)	Loss TOTAL 9.0713e-01 (8.9758e-01)
Epoch: [8][ 40/299]	L_Src_Sup 8.4247e-03 (1.3810e-02)	L_Trg_Inj 4.2719e-02 (2.8386e-02)	Loss Disc 6.9323e-01 (6.9317e-01)	Loss Pred 5.3912e-01 (5.4439e-01)	Loss TOTAL 8.9085e-01 (9.0159e-01)
Epoch: [8][ 50/299]	L_Src_Sup 2.5015e-03 (1.6183e-02)	L_Trg_Inj 5.3410e-02 (4.1106e-02)	Loss Disc 6.9313e-01 (6.9317e-01)	Loss Pred 4.8728e-01 (5.4229e-01)	Loss TOTAL 8.3943e-01 (9.0019e-01)
Epoch: [8][ 60/299]	L_Src_Sup 1.3714e-02 (1.5355e-02)	L_Trg_Inj 1.1633e-02 (4.0745e-02)	Loss Disc 6.9109e-01 (6.9302e-01)	Loss Pred 5.1674e-01 (5.4165e-01)	Loss TOTAL 8.6690e-01 (8.9846e-01)
Epoch: [8][ 70/299]	L_Src_Sup 1.8533e-02 (1.4593e-02)	L_Trg_Inj 6.5855e-03 (3.8890e-02)	Loss Disc 6.9168e-01 (6.9263e-01)	Loss Pred 5.2956e-01 (5.4268e-01)	Loss TOTAL 8.8986e-01 (8.9854e-01)
Epoch: [8][ 80/299]	L_Src_Sup 6.2598e-04 (1.3347e-02)	L_Trg_Inj 4.4718e-03 (3.6502e-02)	Loss Disc 6.9320e-01 (6.9284e-01)	Loss Pred 5.3479e-01 (5.4108e-01)	Loss TOTAL 8.8190e-01 (8.9615e-01)
Epoch: [8][ 90/299]	L_Src_Sup 8.0278e-03 (1.2266e-02)	L_Trg_Inj 4.0205e-03 (3.3391e-02)	Loss Disc 6.9346e-01 (6.9289e-01)	Loss Pred 5.3103e-01 (5.4190e-01)	Loss TOTAL 8.8297e-01 (8.9623e-01)
Epoch: [8][100/299]	L_Src_Sup 0.0000e+00 (1.1446e-02)	L_Trg_Inj 2.0246e-02 (3.1365e-02)	Loss Disc 6.9374e-01 (6.9292e-01)	Loss Pred 5.0404e-01 (5.4198e-01)	Loss TOTAL 8.5293e-01 (8.9588e-01)
Epoch: [8][110/299]	L_Src_Sup 4.6841e-03 (1.2034e-02)	L_Trg_Inj 1.5745e-01 (3.1687e-02)	Loss Disc 6.9322e-01 (6.9295e-01)	Loss Pred 5.4196e-01 (5.4182e-01)	Loss TOTAL 9.0478e-01 (8.9609e-01)
Epoch: [8][120/299]	L_Src_Sup 1.5035e-02 (1.1837e-02)	L_Trg_Inj 2.9476e-02 (3.7293e-02)	Loss Disc 6.9302e-01 (6.9297e-01)	Loss Pred 5.7603e-01 (5.4228e-01)	Loss TOTAL 9.2699e-01 (8.9681e-01)
Epoch: [8][130/299]	L_Src_Sup 1.6578e-03 (1.1327e-02)	L_Trg_Inj 2.7993e-03 (3.5238e-02)	Loss Disc 6.9319e-01 (6.9299e-01)	Loss Pred 5.5445e-01 (5.4070e-01)	Loss TOTAL 9.0149e-01 (8.9475e-01)
Epoch: [8][140/299]	L_Src_Sup 1.3533e-02 (1.0845e-02)	L_Trg_Inj 1.8095e-02 (3.3519e-02)	Loss Disc 6.9328e-01 (6.9301e-01)	Loss Pred 4.9282e-01 (5.3996e-01)	Loss TOTAL 8.4262e-01 (8.9370e-01)
Epoch: [8][150/299]	L_Src_Sup 7.1009e-03 (1.0463e-02)	L_Trg_Inj 1.1772e-02 (3.2640e-02)	Loss Disc 6.9316e-01 (6.9303e-01)	Loss Pred 5.4521e-01 (5.4067e-01)	Loss TOTAL 8.9368e-01 (8.9417e-01)
Epoch: [8][160/299]	L_Src_Sup 1.9821e-02 (1.0093e-02)	L_Trg_Inj 1.6850e-03 (3.1204e-02)	Loss Disc 6.9323e-01 (6.9304e-01)	Loss Pred 5.1154e-01 (5.4126e-01)	Loss TOTAL 8.7844e-01 (8.9463e-01)
Epoch: [8][170/299]	L_Src_Sup 2.9712e-04 (1.0217e-02)	L_Trg_Inj 1.2754e-02 (3.0809e-02)	Loss Disc 6.9316e-01 (6.9305e-01)	Loss Pred 5.4252e-01 (5.4115e-01)	Loss TOTAL 8.9040e-01 (8.9440e-01)
Epoch: [8][180/299]	L_Src_Sup 7.7060e-04 (9.9490e-03)	L_Trg_Inj 3.9441e-02 (2.9979e-02)	Loss Disc 6.9326e-01 (6.9306e-01)	Loss Pred 5.3326e-01 (5.4091e-01)	Loss TOTAL 8.8391e-01 (8.9408e-01)
Epoch: [8][190/299]	L_Src_Sup 1.1186e-02 (1.0373e-02)	L_Trg_Inj 4.8953e-02 (3.3368e-02)	Loss Disc 6.9316e-01 (6.9307e-01)	Loss Pred 5.2249e-01 (5.4109e-01)	Loss TOTAL 8.7509e-01 (8.9467e-01)
Epoch: [8][200/299]	L_Src_Sup 1.8273e-03 (1.0326e-02)	L_Trg_Inj 2.5494e-02 (3.4040e-02)	Loss Disc 6.9317e-01 (6.9307e-01)	Loss Pred 5.2621e-01 (5.4124e-01)	Loss TOTAL 8.7553e-01 (8.9481e-01)
Epoch: [8][210/299]	L_Src_Sup 2.6108e-02 (1.0178e-02)	L_Trg_Inj 2.0463e-03 (3.3051e-02)	Loss Disc 6.9316e-01 (6.9308e-01)	Loss Pred 5.6280e-01 (5.4044e-01)	Loss TOTAL 9.3626e-01 (8.9389e-01)
Epoch: [8][220/299]	L_Src_Sup 5.0746e-03 (1.1027e-02)	L_Trg_Inj 5.9679e-02 (3.3922e-02)	Loss Disc 6.9291e-01 (6.9308e-01)	Loss Pred 6.0835e-01 (5.4199e-01)	Loss TOTAL 9.6128e-01 (8.9616e-01)
Epoch: [8][230/299]	L_Src_Sup 1.9131e-02 (1.1235e-02)	L_Trg_Inj 6.3494e-02 (3.4579e-02)	Loss Disc 6.9296e-01 (6.9308e-01)	Loss Pred 5.6007e-01 (5.4219e-01)	Loss TOTAL 9.1481e-01 (8.9634e-01)
Epoch: [8][240/299]	L_Src_Sup 3.0422e-03 (1.0936e-02)	L_Trg_Inj 1.1121e-02 (3.4454e-02)	Loss Disc 6.9286e-01 (6.9308e-01)	Loss Pred 5.8727e-01 (5.4243e-01)	Loss TOTAL 9.3512e-01 (8.9641e-01)
Epoch: [8][250/299]	L_Src_Sup 1.6882e-03 (1.0540e-02)	L_Trg_Inj 1.2775e-03 (3.3405e-02)	Loss Disc 6.9327e-01 (6.9308e-01)	Loss Pred 5.5137e-01 (5.4229e-01)	Loss TOTAL 8.9872e-01 (8.9602e-01)
Epoch: [8][260/299]	L_Src_Sup 1.4706e-02 (1.0576e-02)	L_Trg_Inj 3.3582e-02 (3.3126e-02)	Loss Disc 6.9344e-01 (6.9308e-01)	Loss Pred 5.0779e-01 (5.4205e-01)	Loss TOTAL 8.5934e-01 (8.9568e-01)
Epoch: [8][270/299]	L_Src_Sup 5.3180e-03 (1.0276e-02)	L_Trg_Inj 2.1062e-02 (3.2371e-02)	Loss Disc 6.9325e-01 (6.9308e-01)	Loss Pred 5.5081e-01 (5.4275e-01)	Loss TOTAL 9.0007e-01 (8.9621e-01)
Epoch: [8][280/299]	L_Src_Sup 8.2943e-03 (1.0094e-02)	L_Trg_Inj 1.5027e-02 (3.1853e-02)	Loss Disc 6.9326e-01 (6.9309e-01)	Loss Pred 5.5238e-01 (5.4218e-01)	Loss TOTAL 9.0135e-01 (8.9549e-01)
Epoch: [8][290/299]	L_Src_Sup 1.4433e-02 (9.9659e-03)	L_Trg_Inj 3.1949e-02 (3.1167e-02)	Loss Disc 6.9350e-01 (6.9309e-01)	Loss Pred 5.3887e-01 (5.4183e-01)	Loss TOTAL 8.9025e-01 (8.9501e-01)
Epoch: [8][299/299]	L_Src_Sup 5.9280e-05 (9.7931e-03)	L_Trg_Inj 3.0699e-02 (3.0855e-02)	Loss Disc 6.9307e-01 (6.9310e-01)	Loss Pred 5.4221e-01 (5.4177e-01)	Loss TOTAL 8.9182e-01 (8.9485e-01)
Epoch 8 complete. Saving model state...
Epoch: [9][ 10/299]	L_Src_Sup 7.0419e-03 (6.5852e-03)	L_Trg_Inj 2.3478e-02 (1.1035e-02)	Loss Disc 6.9321e-01 (6.9318e-01)	Loss Pred 5.6631e-01 (5.3602e-01)	Loss TOTAL 9.1597e-01 (8.8733e-01)
Epoch: [9][ 20/299]	L_Src_Sup 4.4978e-03 (4.0646e-03)	L_Trg_Inj 8.5322e-03 (1.4891e-02)	Loss Disc 6.9309e-01 (6.9316e-01)	Loss Pred 4.9754e-01 (5.3193e-01)	Loss TOTAL 8.4539e-01 (8.8189e-01)
Epoch: [9][ 30/299]	L_Src_Sup 0.0000e+00 (3.7915e-03)	L_Trg_Inj 1.1123e-02 (1.5993e-02)	Loss Disc 6.9336e-01 (6.9317e-01)	Loss Pred 5.4772e-01 (5.3135e-01)	Loss TOTAL 8.9551e-01 (8.8111e-01)
Epoch: [9][ 40/299]	L_Src_Sup 5.4205e-04 (3.2451e-03)	L_Trg_Inj 8.1582e-04 (1.4354e-02)	Loss Disc 6.9314e-01 (6.9317e-01)	Loss Pred 5.1726e-01 (5.3417e-01)	Loss TOTAL 8.6397e-01 (8.8343e-01)
Epoch: [9][ 50/299]	L_Src_Sup 2.1572e-02 (5.1861e-03)	L_Trg_Inj 4.3961e-02 (1.9949e-02)	Loss Disc 6.9305e-01 (6.9318e-01)	Loss Pred 5.2391e-01 (5.3527e-01)	Loss TOTAL 8.7698e-01 (8.8591e-01)
Epoch: [9][ 60/299]	L_Src_Sup 0.0000e+00 (5.6209e-03)	L_Trg_Inj 4.2072e-02 (2.5223e-02)	Loss Disc 6.9312e-01 (6.9317e-01)	Loss Pred 5.1010e-01 (5.3668e-01)	Loss TOTAL 8.6087e-01 (8.8765e-01)
Epoch: [9][ 70/299]	L_Src_Sup 3.8643e-02 (8.4859e-03)	L_Trg_Inj 1.6752e-01 (3.1331e-02)	Loss Disc 6.9301e-01 (6.9317e-01)	Loss Pred 6.1935e-01 (5.4050e-01)	Loss TOTAL 9.8646e-01 (8.9282e-01)
Epoch: [9][ 80/299]	L_Src_Sup 2.2961e-02 (9.2165e-03)	L_Trg_Inj 6.9759e-02 (3.8101e-02)	Loss Disc 6.9322e-01 (6.9316e-01)	Loss Pred 5.4796e-01 (5.4109e-01)	Loss TOTAL 9.0384e-01 (8.9394e-01)
Epoch: [9][ 90/299]	L_Src_Sup 4.0872e-03 (9.3114e-03)	L_Trg_Inj 3.7674e-02 (3.6914e-02)	Loss Disc 6.9336e-01 (6.9312e-01)	Loss Pred 5.2245e-01 (5.4202e-01)	Loss TOTAL 8.7330e-01 (8.9481e-01)
Epoch: [9][100/299]	L_Src_Sup 0.0000e+00 (9.2516e-03)	L_Trg_Inj 4.7467e-02 (3.5944e-02)	Loss Disc 6.9435e-01 (6.9310e-01)	Loss Pred 5.2983e-01 (5.4129e-01)	Loss TOTAL 8.8176e-01 (8.9384e-01)
Epoch: [9][110/299]	L_Src_Sup 5.2471e-03 (9.0152e-03)	L_Trg_Inj 9.2194e-03 (3.5376e-02)	Loss Disc 6.9326e-01 (6.9311e-01)	Loss Pred 5.4775e-01 (5.4138e-01)	Loss TOTAL 8.9582e-01 (8.9375e-01)
Epoch: [9][120/299]	L_Src_Sup 2.2727e-01 (1.0398e-02)	L_Trg_Inj 2.9025e-02 (3.3456e-02)	Loss Disc 6.9299e-01 (6.9313e-01)	Loss Pred 6.2491e-01 (5.4148e-01)	Loss TOTAL 1.1953e+00 (8.9536e-01)
Epoch: [9][130/299]	L_Src_Sup 5.0237e-02 (1.2464e-02)	L_Trg_Inj 3.5568e-02 (3.6830e-02)	Loss Disc 6.9319e-01 (6.9315e-01)	Loss Pred 5.4122e-01 (5.4178e-01)	Loss TOTAL 9.1107e-01 (8.9624e-01)
Epoch: [9][140/299]	L_Src_Sup 3.8707e-03 (1.2054e-02)	L_Trg_Inj 1.2850e-02 (3.7329e-02)	Loss Disc 6.9306e-01 (6.9316e-01)	Loss Pred 5.4099e-01 (5.4157e-01)	Loss TOTAL 8.8920e-01 (8.9582e-01)
Epoch: [9][150/299]	L_Src_Sup 1.0855e-05 (1.2014e-02)	L_Trg_Inj 3.1860e-02 (3.7747e-02)	Loss Disc 6.9283e-01 (6.9316e-01)	Loss Pred 4.6905e-01 (5.3981e-01)	Loss TOTAL 8.1865e-01 (8.9401e-01)
Epoch: [9][160/299]	L_Src_Sup 1.6208e-04 (1.1545e-02)	L_Trg_Inj 2.8035e-02 (3.6869e-02)	Loss Disc 6.9335e-01 (6.9316e-01)	Loss Pred 6.2228e-01 (5.4047e-01)	Loss TOTAL 9.7178e-01 (8.9446e-01)
Epoch: [9][170/299]	L_Src_Sup 1.9608e-02 (1.1698e-02)	L_Trg_Inj 6.7558e-02 (3.6423e-02)	Loss Disc 6.9318e-01 (6.9316e-01)	Loss Pred 5.5182e-01 (5.4067e-01)	Loss TOTAL 9.0713e-01 (8.9473e-01)
Epoch: [9][180/299]	L_Src_Sup 3.3301e-05 (1.1472e-02)	L_Trg_Inj 1.8226e-02 (3.6464e-02)	Loss Disc 6.9326e-01 (6.9316e-01)	Loss Pred 4.8565e-01 (5.4039e-01)	Loss TOTAL 8.3411e-01 (8.9431e-01)
Epoch: [9][190/299]	L_Src_Sup 2.6659e-02 (1.1656e-02)	L_Trg_Inj 3.6353e-02 (3.6219e-02)	Loss Disc 6.9320e-01 (6.9316e-01)	Loss Pred 5.2453e-01 (5.4072e-01)	Loss TOTAL 8.7743e-01 (8.9468e-01)
Epoch: [9][200/299]	L_Src_Sup 0.0000e+00 (1.1475e-02)	L_Trg_Inj 3.0115e-02 (3.6588e-02)	Loss Disc 6.9313e-01 (6.9317e-01)	Loss Pred 5.7211e-01 (5.4106e-01)	Loss TOTAL 9.2168e-01 (8.9498e-01)
Epoch: [9][210/299]	L_Src_Sup 5.8770e-03 (1.1351e-02)	L_Trg_Inj 1.0109e-02 (3.5909e-02)	Loss Disc 6.9324e-01 (6.9317e-01)	Loss Pred 5.7251e-01 (5.4169e-01)	Loss TOTAL 9.2073e-01 (8.9542e-01)
Epoch: [9][220/299]	L_Src_Sup 2.2931e-02 (1.1060e-02)	L_Trg_Inj 2.1690e-02 (3.4981e-02)	Loss Disc 6.9311e-01 (6.9317e-01)	Loss Pred 5.5961e-01 (5.4120e-01)	Loss TOTAL 9.1187e-01 (8.9474e-01)
Epoch: [9][230/299]	L_Src_Sup 4.1411e-02 (1.0833e-02)	L_Trg_Inj 1.7333e-02 (3.4545e-02)	Loss Disc 6.9331e-01 (6.9317e-01)	Loss Pred 5.1991e-01 (5.4062e-01)	Loss TOTAL 8.9652e-01 (8.9410e-01)
Epoch: [9][240/299]	L_Src_Sup 2.4103e-04 (1.0438e-02)	L_Trg_Inj 1.1351e-02 (3.3818e-02)	Loss Disc 6.9315e-01 (6.9317e-01)	Loss Pred 5.3686e-01 (5.4041e-01)	Loss TOTAL 8.8459e-01 (8.9368e-01)
Epoch: [9][250/299]	L_Src_Sup 6.4761e-03 (1.0098e-02)	L_Trg_Inj 2.7137e-03 (3.2710e-02)	Loss Disc 6.9319e-01 (6.9317e-01)	Loss Pred 5.7205e-01 (5.4068e-01)	Loss TOTAL 9.2333e-01 (8.9373e-01)
Epoch: [9][260/299]	L_Src_Sup 9.8169e-03 (9.9579e-03)	L_Trg_Inj 1.0211e-02 (3.2473e-02)	Loss Disc 6.9323e-01 (6.9317e-01)	Loss Pred 5.7404e-01 (5.4118e-01)	Loss TOTAL 9.2266e-01 (8.9417e-01)
Epoch: [9][270/299]	L_Src_Sup 3.3241e-04 (9.6267e-03)	L_Trg_Inj 9.4765e-03 (3.1793e-02)	Loss Disc 6.9313e-01 (6.9317e-01)	Loss Pred 5.3486e-01 (5.4100e-01)	Loss TOTAL 8.8240e-01 (8.9381e-01)
Epoch: [9][280/299]	L_Src_Sup 5.3443e-02 (1.0405e-02)	L_Trg_Inj 2.4820e-02 (3.1131e-02)	Loss Disc 6.9332e-01 (6.9317e-01)	Loss Pred 5.8678e-01 (5.4383e-01)	Loss TOTAL 9.6989e-01 (8.9748e-01)
Epoch: [9][290/299]	L_Src_Sup 5.7261e-04 (1.1518e-02)	L_Trg_Inj 1.9343e-01 (3.4127e-02)	Loss Disc 6.9311e-01 (6.9317e-01)	Loss Pred 5.4367e-01 (5.4476e-01)	Loss TOTAL 9.0963e-01 (8.9903e-01)
Epoch: [9][299/299]	L_Src_Sup 1.7150e-02 (1.1370e-02)	L_Trg_Inj 3.3485e-02 (3.5070e-02)	Loss Disc 6.9282e-01 (6.9317e-01)	Loss Pred 4.9950e-01 (5.4434e-01)	Loss TOTAL 8.5098e-01 (8.9859e-01)
Epoch 9 complete. Saving model state...
Epoch: [10][ 10/299]	L_Src_Sup 1.5086e-02 (9.9867e-03)	L_Trg_Inj 2.2358e-02 (2.3350e-02)	Loss Disc 6.9344e-01 (6.9320e-01)	Loss Pred 5.6279e-01 (5.5680e-01)	Loss TOTAL 9.1325e-01 (9.0825e-01)
Epoch: [10][ 20/299]	L_Src_Sup 5.7552e-03 (6.3191e-03)	L_Trg_Inj 2.7813e-02 (2.2166e-02)	Loss Disc 6.9316e-01 (6.9319e-01)	Loss Pred 5.4579e-01 (5.4912e-01)	Loss TOTAL 8.9572e-01 (8.9931e-01)
Epoch: [10][ 30/299]	L_Src_Sup 6.3080e-04 (5.5365e-03)	L_Trg_Inj 9.6693e-03 (1.9783e-02)	Loss Disc 6.9250e-01 (6.9310e-01)	Loss Pred 5.8680e-01 (5.4748e-01)	Loss TOTAL 9.3409e-01 (8.9707e-01)
Epoch: [10][ 40/299]	L_Src_Sup 7.7955e-03 (4.9619e-03)	L_Trg_Inj 4.2724e-03 (1.7721e-02)	Loss Disc 6.9274e-01 (6.9298e-01)	Loss Pred 5.3052e-01 (5.4266e-01)	Loss TOTAL 8.8162e-01 (8.9190e-01)
Epoch: [10][ 50/299]	L_Src_Sup 0.0000e+00 (4.5600e-03)	L_Trg_Inj 1.7621e-02 (1.8232e-02)	Loss Disc 6.9459e-01 (6.9291e-01)	Loss Pred 4.9865e-01 (5.4098e-01)	Loss TOTAL 8.4771e-01 (8.9032e-01)
Epoch: [10][ 60/299]	L_Src_Sup 6.2361e-03 (3.9947e-03)	L_Trg_Inj 2.6895e-02 (1.8927e-02)	Loss Disc 6.9194e-01 (6.9290e-01)	Loss Pred 5.4796e-01 (5.4096e-01)	Loss TOTAL 8.9724e-01 (8.9020e-01)
Epoch: [10][ 70/299]	L_Src_Sup 2.7778e-03 (3.6623e-03)	L_Trg_Inj 2.7928e-02 (1.8584e-02)	Loss Disc 6.9535e-01 (6.9284e-01)	Loss Pred 5.0187e-01 (5.3950e-01)	Loss TOTAL 8.5261e-01 (8.8866e-01)
Epoch: [10][ 80/299]	L_Src_Sup 0.0000e+00 (4.3105e-03)	L_Trg_Inj 3.3333e-02 (1.9483e-02)	Loss Disc 6.9171e-01 (6.9277e-01)	Loss Pred 5.9090e-01 (5.3981e-01)	Loss TOTAL 9.4008e-01 (8.8956e-01)
Epoch: [10][ 90/299]	L_Src_Sup 1.9531e-02 (5.5450e-03)	L_Trg_Inj 3.8254e-01 (2.3268e-02)	Loss Disc 6.9760e-01 (6.9285e-01)	Loss Pred 5.4626e-01 (5.3884e-01)	Loss TOTAL 9.3527e-01 (8.8930e-01)
Epoch: [10][100/299]	L_Src_Sup 5.4256e-06 (6.1718e-03)	L_Trg_Inj 1.4267e-02 (3.2269e-02)	Loss Disc 6.9364e-01 (6.9298e-01)	Loss Pred 5.3530e-01 (5.3937e-01)	Loss TOTAL 8.8355e-01 (8.9075e-01)
Epoch: [10][110/299]	L_Src_Sup 0.0000e+00 (6.1940e-03)	L_Trg_Inj 3.4186e-02 (3.0875e-02)	Loss Disc 6.9299e-01 (6.9299e-01)	Loss Pred 5.6018e-01 (5.3845e-01)	Loss TOTAL 9.1009e-01 (8.8975e-01)
Epoch: [10][120/299]	L_Src_Sup 0.0000e+00 (6.5489e-03)	L_Trg_Inj 2.0036e-02 (3.0416e-02)	Loss Disc 6.9263e-01 (6.9296e-01)	Loss Pred 5.2861e-01 (5.3868e-01)	Loss TOTAL 8.7694e-01 (8.9001e-01)
Epoch: [10][130/299]	L_Src_Sup 1.3274e-04 (6.2732e-03)	L_Trg_Inj 3.2476e-02 (2.9619e-02)	Loss Disc 6.9361e-01 (6.9292e-01)	Loss Pred 5.2243e-01 (5.3921e-01)	Loss TOTAL 8.7249e-01 (8.9036e-01)
Epoch: [10][140/299]	L_Src_Sup 1.4346e-02 (7.0764e-03)	L_Trg_Inj 1.6733e-02 (2.8908e-02)	Loss Disc 6.9238e-01 (6.9287e-01)	Loss Pred 5.3483e-01 (5.3927e-01)	Loss TOTAL 8.8412e-01 (8.9064e-01)
Epoch: [10][150/299]	L_Src_Sup 0.0000e+00 (6.9327e-03)	L_Trg_Inj 1.6457e-02 (2.9001e-02)	Loss Disc 6.9181e-01 (6.9289e-01)	Loss Pred 5.5988e-01 (5.3875e-01)	Loss TOTAL 9.0743e-01 (8.9014e-01)
Epoch: [10][160/299]	L_Src_Sup 2.0648e-02 (6.9458e-03)	L_Trg_Inj 7.8679e-03 (2.8174e-02)	Loss Disc 6.8952e-01 (6.9282e-01)	Loss Pred 6.0275e-01 (5.3894e-01)	Loss TOTAL 9.6315e-01 (8.9027e-01)
Epoch: [10][170/299]	L_Src_Sup 3.2323e-02 (7.1777e-03)	L_Trg_Inj 3.1877e-02 (2.8276e-02)	Loss Disc 6.9275e-01 (6.9279e-01)	Loss Pred 5.2700e-01 (5.3880e-01)	Loss TOTAL 8.8024e-01 (8.9017e-01)
Epoch: [10][180/299]	L_Src_Sup 5.7387e-03 (8.6367e-03)	L_Trg_Inj 7.7375e-02 (3.3025e-02)	Loss Disc 6.9348e-01 (6.9282e-01)	Loss Pred 5.3346e-01 (5.4060e-01)	Loss TOTAL 8.8851e-01 (8.9283e-01)
Epoch: [10][190/299]	L_Src_Sup 5.7642e-03 (8.8439e-03)	L_Trg_Inj 5.9786e-02 (3.3533e-02)	Loss Disc 6.9308e-01 (6.9286e-01)	Loss Pred 5.2020e-01 (5.4026e-01)	Loss TOTAL 8.7330e-01 (8.9255e-01)
Epoch: [10][200/299]	L_Src_Sup 1.2609e-03 (8.4843e-03)	L_Trg_Inj 1.1826e-02 (3.3023e-02)	Loss Disc 6.9324e-01 (6.9288e-01)	Loss Pred 5.1920e-01 (5.4047e-01)	Loss TOTAL 8.6713e-01 (8.9260e-01)
Epoch: [10][210/299]	L_Src_Sup 4.3751e-04 (8.3550e-03)	L_Trg_Inj 4.1388e-02 (3.2373e-02)	Loss Disc 6.9338e-01 (6.9291e-01)	Loss Pred 5.2398e-01 (5.4016e-01)	Loss TOTAL 8.7485e-01 (8.9228e-01)
Epoch: [10][220/299]	L_Src_Sup 2.5766e-02 (8.2250e-03)	L_Trg_Inj 2.3185e-02 (3.1780e-02)	Loss Disc 6.9307e-01 (6.9292e-01)	Loss Pred 5.5817e-01 (5.4072e-01)	Loss TOTAL 9.1218e-01 (8.9275e-01)
Epoch: [10][230/299]	L_Src_Sup 1.3642e-02 (8.1503e-03)	L_Trg_Inj 1.2719e-02 (3.1818e-02)	Loss Disc 6.9302e-01 (6.9294e-01)	Loss Pred 5.9322e-01 (5.4085e-01)	Loss TOTAL 9.4329e-01 (8.9283e-01)
Epoch: [10][240/299]	L_Src_Sup 1.0354e-03 (8.5370e-03)	L_Trg_Inj 9.3948e-02 (3.4861e-02)	Loss Disc 6.9334e-01 (6.9295e-01)	Loss Pred 5.1043e-01 (5.4135e-01)	Loss TOTAL 8.6660e-01 (8.9365e-01)
Epoch: [10][250/299]	L_Src_Sup 1.5912e-02 (8.5491e-03)	L_Trg_Inj 1.6903e-02 (3.5325e-02)	Loss Disc 6.9324e-01 (6.9297e-01)	Loss Pred 5.0846e-01 (5.4085e-01)	Loss TOTAL 8.5837e-01 (8.9315e-01)
Epoch: [10][260/299]	L_Src_Sup 1.9314e-02 (8.5089e-03)	L_Trg_Inj 1.7649e-02 (3.4664e-02)	Loss Disc 6.9320e-01 (6.9298e-01)	Loss Pred 5.2354e-01 (5.4100e-01)	Loss TOTAL 8.7550e-01 (8.9320e-01)
Epoch: [10][270/299]	L_Src_Sup 1.0498e-04 (8.3215e-03)	L_Trg_Inj 1.3226e-02 (3.4529e-02)	Loss Disc 6.9321e-01 (6.9299e-01)	Loss Pred 5.2502e-01 (5.4096e-01)	Loss TOTAL 8.7296e-01 (8.9308e-01)
Epoch: [10][280/299]	L_Src_Sup 4.6610e-03 (8.1422e-03)	L_Trg_Inj 1.5424e-02 (3.3728e-02)	Loss Disc 6.9289e-01 (6.9299e-01)	Loss Pred 5.7218e-01 (5.4077e-01)	Loss TOTAL 9.2063e-01 (8.9280e-01)
Epoch: [10][290/299]	L_Src_Sup 4.7644e-03 (7.9269e-03)	L_Trg_Inj 7.7008e-03 (3.2885e-02)	Loss Disc 6.9287e-01 (6.9299e-01)	Loss Pred 5.4192e-01 (5.4056e-01)	Loss TOTAL 8.8960e-01 (8.9244e-01)
Epoch: [10][299/299]	L_Src_Sup 1.6837e-03 (7.8977e-03)	L_Trg_Inj 5.5142e-02 (3.2563e-02)	Loss Disc 6.9205e-01 (6.9299e-01)	Loss Pred 5.6825e-01 (5.4081e-01)	Loss TOTAL 9.1996e-01 (8.9262e-01)
Epoch 10 complete. Saving model state...
Epoch: [11][ 10/299]	L_Src_Sup 0.0000e+00 (2.2952e-03)	L_Trg_Inj 8.2401e-03 (2.5636e-02)	Loss Disc 6.9363e-01 (6.9287e-01)	Loss Pred 4.9751e-01 (5.3776e-01)	Loss TOTAL 8.4515e-01 (8.8699e-01)
Epoch: [11][ 20/299]	L_Src_Sup 2.7399e-05 (3.7806e-03)	L_Trg_Inj 6.3509e-03 (2.1086e-02)	Loss Disc 6.9244e-01 (6.9300e-01)	Loss Pred 5.4237e-01 (5.4221e-01)	Loss TOTAL 8.8923e-01 (8.9127e-01)
Epoch: [11][ 30/299]	L_Src_Sup 1.9608e-02 (4.5030e-03)	L_Trg_Inj 1.4209e-02 (1.8553e-02)	Loss Disc 6.9355e-01 (6.9301e-01)	Loss Pred 5.5662e-01 (5.4302e-01)	Loss TOTAL 9.1217e-01 (8.9231e-01)
Epoch: [11][ 40/299]	L_Src_Sup 7.1352e-03 (5.1752e-03)	L_Trg_Inj 1.7729e-02 (2.3867e-02)	Loss Disc 6.9322e-01 (6.9314e-01)	Loss Pred 5.2255e-01 (5.3974e-01)	Loss TOTAL 8.7164e-01 (8.8997e-01)
Epoch: [11][ 50/299]	L_Src_Sup 2.4560e-03 (5.1626e-03)	L_Trg_Inj 4.0308e-02 (2.2082e-02)	Loss Disc 6.9316e-01 (6.9315e-01)	Loss Pred 5.5492e-01 (5.3964e-01)	Loss TOTAL 9.0578e-01 (8.8956e-01)
Epoch: [11][ 60/299]	L_Src_Sup 3.8349e-03 (5.2201e-03)	L_Trg_Inj 1.5546e-02 (2.1812e-02)	Loss Disc 6.9314e-01 (6.9314e-01)	Loss Pred 5.1628e-01 (5.4094e-01)	Loss TOTAL 8.6479e-01 (8.9095e-01)
Epoch: [11][ 70/299]	L_Src_Sup 0.0000e+00 (4.8369e-03)	L_Trg_Inj 6.7878e-03 (2.0255e-02)	Loss Disc 6.9341e-01 (6.9316e-01)	Loss Pred 4.9109e-01 (5.4019e-01)	Loss TOTAL 8.3848e-01 (8.8994e-01)
Epoch: [11][ 80/299]	L_Src_Sup 0.0000e+00 (4.8056e-03)	L_Trg_Inj 1.3179e-02 (2.0236e-02)	Loss Disc 6.9343e-01 (6.9316e-01)	Loss Pred 5.5346e-01 (5.4081e-01)	Loss TOTAL 9.0149e-01 (8.9065e-01)
Epoch: [11][ 90/299]	L_Src_Sup 7.2686e-03 (4.8796e-03)	L_Trg_Inj 3.9220e-02 (2.0058e-02)	Loss Disc 6.9269e-01 (6.9313e-01)	Loss Pred 5.3923e-01 (5.4005e-01)	Loss TOTAL 8.9022e-01 (8.8986e-01)
Epoch: [11][100/299]	L_Src_Sup 9.6708e-02 (1.3394e-02)	L_Trg_Inj 2.1133e-01 (2.9570e-02)	Loss Disc 6.9622e-01 (6.9319e-01)	Loss Pred 5.2409e-01 (5.4204e-01)	Loss TOTAL 9.0300e-01 (8.9767e-01)
Epoch: [11][110/299]	L_Src_Sup 4.7445e-02 (1.7898e-02)	L_Trg_Inj 1.5038e-01 (4.8676e-02)	Loss Disc 6.9314e-01 (6.9324e-01)	Loss Pred 5.8188e-01 (5.4295e-01)	Loss TOTAL 9.4824e-01 (9.0082e-01)
Epoch: [11][120/299]	L_Src_Sup 1.5226e-02 (2.0112e-02)	L_Trg_Inj 1.7841e-02 (5.3243e-02)	Loss Disc 6.9315e-01 (6.9324e-01)	Loss Pred 5.3544e-01 (5.4220e-01)	Loss TOTAL 8.8532e-01 (9.0037e-01)
Epoch: [11][130/299]	L_Src_Sup 6.3255e-03 (1.9994e-02)	L_Trg_Inj 8.7506e-02 (5.4052e-02)	Loss Disc 6.9301e-01 (6.9322e-01)	Loss Pred 5.5420e-01 (5.4247e-01)	Loss TOTAL 9.1009e-01 (9.0056e-01)
Epoch: [11][140/299]	L_Src_Sup 2.3228e-02 (1.9296e-02)	L_Trg_Inj 7.8950e-03 (5.2174e-02)	Loss Disc 6.9310e-01 (6.9322e-01)	Loss Pred 5.2746e-01 (5.4245e-01)	Loss TOTAL 8.9245e-01 (9.0011e-01)
Epoch: [11][150/299]	L_Src_Sup 2.3516e-03 (1.8361e-02)	L_Trg_Inj 2.8205e-02 (5.0425e-02)	Loss Disc 6.9332e-01 (6.9322e-01)	Loss Pred 5.1253e-01 (5.4229e-01)	Loss TOTAL 8.6225e-01 (8.9949e-01)
Epoch: [11][160/299]	L_Src_Sup 1.3265e-03 (1.7470e-02)	L_Trg_Inj 7.3305e-03 (4.8170e-02)	Loss Disc 6.9308e-01 (6.9321e-01)	Loss Pred 5.2239e-01 (5.4239e-01)	Loss TOTAL 8.6979e-01 (8.9904e-01)
Epoch: [11][170/299]	L_Src_Sup 2.4857e-03 (1.6610e-02)	L_Trg_Inj 1.0287e-02 (4.6019e-02)	Loss Disc 6.9314e-01 (6.9320e-01)	Loss Pred 5.3686e-01 (5.4289e-01)	Loss TOTAL 8.8471e-01 (8.9910e-01)
Epoch: [11][180/299]	L_Src_Sup 1.5067e-03 (1.5997e-02)	L_Trg_Inj 1.6081e-02 (4.4032e-02)	Loss Disc 6.9364e-01 (6.9320e-01)	Loss Pred 5.2205e-01 (5.4280e-01)	Loss TOTAL 8.7063e-01 (8.9871e-01)
Epoch: [11][190/299]	L_Src_Sup 2.8843e-02 (1.5428e-02)	L_Trg_Inj 1.0416e-02 (4.2274e-02)	Loss Disc 6.9211e-01 (6.9319e-01)	Loss Pred 6.1007e-01 (5.4328e-01)	Loss TOTAL 9.7848e-01 (8.9888e-01)
Epoch: [11][200/299]	L_Src_Sup 0.0000e+00 (1.4917e-02)	L_Trg_Inj 9.2571e-03 (4.0877e-02)	Loss Disc 6.9229e-01 (6.9319e-01)	Loss Pred 5.6699e-01 (5.4289e-01)	Loss TOTAL 9.1406e-01 (8.9826e-01)
Epoch: [11][210/299]	L_Src_Sup 0.0000e+00 (1.4372e-02)	L_Trg_Inj 1.5504e-02 (3.9569e-02)	Loss Disc 6.9394e-01 (6.9318e-01)	Loss Pred 5.1060e-01 (5.4217e-01)	Loss TOTAL 8.5912e-01 (8.9721e-01)
Epoch: [11][220/299]	L_Src_Sup 1.5529e-02 (1.4058e-02)	L_Trg_Inj 2.6435e-02 (3.8432e-02)	Loss Disc 6.9232e-01 (6.9314e-01)	Loss Pred 5.6370e-01 (5.4217e-01)	Loss TOTAL 9.1406e-01 (8.9699e-01)
Epoch: [11][230/299]	L_Src_Sup 3.6798e-03 (1.3661e-02)	L_Trg_Inj 2.2460e-02 (3.7803e-02)	Loss Disc 6.9231e-01 (6.9312e-01)	Loss Pred 5.5182e-01 (5.4150e-01)	Loss TOTAL 9.0059e-01 (8.9610e-01)
Epoch: [11][240/299]	L_Src_Sup 1.9048e-02 (1.3274e-02)	L_Trg_Inj 3.9865e-03 (3.6661e-02)	Loss Disc 6.9092e-01 (6.9307e-01)	Loss Pred 5.2873e-01 (5.4114e-01)	Loss TOTAL 8.9156e-01 (8.9551e-01)
Epoch: [11][250/299]	L_Src_Sup 0.0000e+00 (1.2893e-02)	L_Trg_Inj 1.1263e-02 (3.5545e-02)	Loss Disc 6.9391e-01 (6.9308e-01)	Loss Pred 5.2255e-01 (5.4053e-01)	Loss TOTAL 8.7063e-01 (8.9470e-01)
Epoch: [11][260/299]	L_Src_Sup 8.8582e-05 (1.2496e-02)	L_Trg_Inj 7.9739e-03 (3.4461e-02)	Loss Disc 6.9394e-01 (6.9303e-01)	Loss Pred 5.3033e-01 (5.4101e-01)	Loss TOTAL 8.7811e-01 (8.9497e-01)
Epoch: [11][270/299]	L_Src_Sup 5.5459e-03 (1.2378e-02)	L_Trg_Inj 3.4577e-02 (3.4069e-02)	Loss Disc 6.9274e-01 (6.9302e-01)	Loss Pred 5.4843e-01 (5.4071e-01)	Loss TOTAL 8.9881e-01 (8.9458e-01)
Epoch: [11][280/299]	L_Src_Sup 3.9867e-02 (1.2229e-02)	L_Trg_Inj 7.0075e-03 (3.3579e-02)	Loss Disc 6.9461e-01 (6.9302e-01)	Loss Pred 5.6768e-01 (5.4094e-01)	Loss TOTAL 9.5253e-01 (8.9480e-01)
Epoch: [11][290/299]	L_Src_Sup 5.5070e-03 (1.2629e-02)	L_Trg_Inj 2.3373e-02 (3.4086e-02)	Loss Disc 6.9393e-01 (6.9306e-01)	Loss Pred 5.3926e-01 (5.4119e-01)	Loss TOTAL 8.8911e-01 (8.9540e-01)
Epoch: [11][299/299]	L_Src_Sup 0.0000e+00 (1.2370e-02)	L_Trg_Inj 2.2559e-02 (3.3375e-02)	Loss Disc 6.9328e-01 (6.9307e-01)	Loss Pred 5.0358e-01 (5.4071e-01)	Loss TOTAL 8.5248e-01 (8.9478e-01)
Epoch 11 complete. Saving model state...
Epoch: [12][ 10/299]	L_Src_Sup 0.0000e+00 (1.2007e-03)	L_Trg_Inj 2.6753e-02 (1.8426e-02)	Loss Disc 6.9318e-01 (6.9320e-01)	Loss Pred 4.9124e-01 (5.3672e-01)	Loss TOTAL 8.4050e-01 (8.8529e-01)
Epoch: [12][ 20/299]	L_Src_Sup 0.0000e+00 (1.2418e-03)	L_Trg_Inj 4.9106e-03 (1.4266e-02)	Loss Disc 6.9315e-01 (6.9290e-01)	Loss Pred 5.6589e-01 (5.3632e-01)	Loss TOTAL 9.1296e-01 (8.8449e-01)
Epoch: [12][ 30/299]	L_Src_Sup 0.0000e+00 (3.8782e-03)	L_Trg_Inj 1.5046e-02 (1.5266e-02)	Loss Disc 6.9209e-01 (6.9266e-01)	Loss Pred 5.2142e-01 (5.4077e-01)	Loss TOTAL 8.6897e-01 (8.9034e-01)
Epoch: [12][ 40/299]	L_Src_Sup 1.0780e-02 (4.0008e-03)	L_Trg_Inj 1.0077e-02 (1.3779e-02)	Loss Disc 6.9279e-01 (6.9261e-01)	Loss Pred 5.8436e-01 (5.4177e-01)	Loss TOTAL 9.3355e-01 (8.9120e-01)
Epoch: [12][ 50/299]	L_Src_Sup 3.7395e-03 (4.1411e-03)	L_Trg_Inj 1.5420e-02 (1.4430e-02)	Loss Disc 6.9160e-01 (6.9240e-01)	Loss Pred 5.3467e-01 (5.3913e-01)	Loss TOTAL 8.8238e-01 (8.8851e-01)
Epoch: [12][ 60/299]	L_Src_Sup 0.0000e+00 (3.5771e-03)	L_Trg_Inj 1.2640e-03 (1.3542e-02)	Loss Disc 6.9239e-01 (6.9244e-01)	Loss Pred 5.5971e-01 (5.4111e-01)	Loss TOTAL 9.0603e-01 (8.9018e-01)
Epoch: [12][ 70/299]	L_Src_Sup 2.2517e-02 (3.8030e-03)	L_Trg_Inj 1.4574e-02 (1.2486e-02)	Loss Disc 6.9317e-01 (6.9245e-01)	Loss Pred 5.8232e-01 (5.4174e-01)	Loss TOTAL 9.4056e-01 (8.9099e-01)
Epoch: [12][ 80/299]	L_Src_Sup 2.4482e-04 (4.0097e-03)	L_Trg_Inj 3.6169e-02 (1.2480e-02)	Loss Disc 6.9250e-01 (6.9248e-01)	Loss Pred 5.6775e-01 (5.4209e-01)	Loss TOTAL 9.1764e-01 (8.9162e-01)
Epoch: [12][ 90/299]	L_Src_Sup 2.2730e-03 (3.8286e-03)	L_Trg_Inj 5.4520e-03 (1.2732e-02)	Loss Disc 6.9287e-01 (6.9252e-01)	Loss Pred 5.5121e-01 (5.4301e-01)	Loss TOTAL 8.9842e-01 (8.9239e-01)
Epoch: [12][100/299]	L_Src_Sup 1.2987e-02 (3.6970e-03)	L_Trg_Inj 1.1710e-02 (1.2093e-02)	Loss Disc 6.9219e-01 (6.9253e-01)	Loss Pred 5.4501e-01 (5.4306e-01)	Loss TOTAL 8.9485e-01 (8.9229e-01)
Epoch: [12][110/299]	L_Src_Sup 4.7918e-03 (3.5868e-03)	L_Trg_Inj 4.5992e-02 (1.2554e-02)	Loss Disc 6.9035e-01 (6.9247e-01)	Loss Pred 5.2289e-01 (5.4141e-01)	Loss TOTAL 8.7314e-01 (8.9063e-01)
Epoch: [12][120/299]	L_Src_Sup 5.0885e-03 (3.4090e-03)	L_Trg_Inj 3.4472e-03 (1.2659e-02)	Loss Disc 6.9240e-01 (6.9245e-01)	Loss Pred 5.4582e-01 (5.4183e-01)	Loss TOTAL 8.9451e-01 (8.9094e-01)
Epoch: [12][130/299]	L_Src_Sup 1.7715e-02 (3.4446e-03)	L_Trg_Inj 7.3466e-03 (1.2711e-02)	Loss Disc 6.9083e-01 (6.9241e-01)	Loss Pred 5.0026e-01 (5.4101e-01)	Loss TOTAL 8.5855e-01 (8.9010e-01)
Epoch: [12][140/299]	L_Src_Sup 1.5888e-03 (3.6679e-03)	L_Trg_Inj 1.7565e-02 (1.3040e-02)	Loss Disc 6.9305e-01 (6.9243e-01)	Loss Pred 5.5366e-01 (5.4088e-01)	Loss TOTAL 9.0210e-01 (8.8998e-01)
Epoch: [12][150/299]	L_Src_Sup 2.3976e-02 (4.3946e-03)	L_Trg_Inj 3.9495e-02 (1.3853e-02)	Loss Disc 6.9268e-01 (6.9238e-01)	Loss Pred 5.2109e-01 (5.3968e-01)	Loss TOTAL 8.7378e-01 (8.8915e-01)
Epoch: [12][160/299]	L_Src_Sup 2.1115e-03 (4.3310e-03)	L_Trg_Inj 2.7005e-02 (1.4819e-02)	Loss Disc 6.9035e-01 (6.9240e-01)	Loss Pred 5.0371e-01 (5.4012e-01)	Loss TOTAL 8.5180e-01 (8.8964e-01)
Epoch: [12][170/299]	L_Src_Sup 0.0000e+00 (4.2050e-03)	L_Trg_Inj 7.0122e-03 (1.4641e-02)	Loss Disc 6.9200e-01 (6.9239e-01)	Loss Pred 5.2582e-01 (5.3972e-01)	Loss TOTAL 8.7252e-01 (8.8913e-01)
Epoch: [12][180/299]	L_Src_Sup 1.3735e-03 (4.1077e-03)	L_Trg_Inj 1.5482e-02 (1.4476e-02)	Loss Disc 6.9249e-01 (6.9238e-01)	Loss Pred 5.2885e-01 (5.3980e-01)	Loss TOTAL 8.7678e-01 (8.8911e-01)
Epoch: [12][190/299]	L_Src_Sup 0.0000e+00 (4.0523e-03)	L_Trg_Inj 2.0587e-02 (1.4367e-02)	Loss Disc 6.9148e-01 (6.9239e-01)	Loss Pred 5.3518e-01 (5.3985e-01)	Loss TOTAL 8.8298e-01 (8.8911e-01)
Epoch: [12][200/299]	L_Src_Sup 7.1719e-04 (3.9708e-03)	L_Trg_Inj 7.7535e-03 (1.4128e-02)	Loss Disc 6.9317e-01 (6.9240e-01)	Loss Pred 5.4109e-01 (5.4001e-01)	Loss TOTAL 8.8852e-01 (8.8924e-01)
Epoch: [12][210/299]	L_Src_Sup 7.4910e-04 (4.6810e-03)	L_Trg_Inj 1.8124e-02 (1.5280e-02)	Loss Disc 6.8975e-01 (6.9236e-01)	Loss Pred 4.9756e-01 (5.3958e-01)	Loss TOTAL 8.4432e-01 (8.8912e-01)
Epoch: [12][220/299]	L_Src_Sup 4.6547e-02 (4.9379e-03)	L_Trg_Inj 8.3665e-02 (1.6025e-02)	Loss Disc 6.9057e-01 (6.9233e-01)	Loss Pred 5.3694e-01 (5.3945e-01)	Loss TOTAL 8.9525e-01 (8.8905e-01)
Epoch: [12][230/299]	L_Src_Sup 2.3145e-02 (5.8575e-03)	L_Trg_Inj 5.3806e-02 (1.7030e-02)	Loss Disc 6.9292e-01 (6.9235e-01)	Loss Pred 5.8282e-01 (5.3948e-01)	Loss TOTAL 9.3698e-01 (8.8974e-01)
Epoch: [12][240/299]	L_Src_Sup 2.4871e-03 (6.0130e-03)	L_Trg_Inj 2.9284e-02 (1.7501e-02)	Loss Disc 6.9410e-01 (6.9238e-01)	Loss Pred 5.6368e-01 (5.3940e-01)	Loss TOTAL 9.1391e-01 (8.8970e-01)
Epoch: [12][250/299]	L_Src_Sup 0.0000e+00 (5.7959e-03)	L_Trg_Inj 5.2278e-03 (1.7401e-02)	Loss Disc 6.9358e-01 (6.9242e-01)	Loss Pred 6.0987e-01 (5.3948e-01)	Loss TOTAL 9.5718e-01 (8.8970e-01)
Epoch: [12][260/299]	L_Src_Sup 5.4475e-04 (5.6769e-03)	L_Trg_Inj 2.4867e-03 (1.7054e-02)	Loss Disc 6.9327e-01 (6.9245e-01)	Loss Pred 5.3460e-01 (5.3927e-01)	Loss TOTAL 8.8154e-01 (8.8939e-01)
Epoch: [12][270/299]	L_Src_Sup 0.0000e+00 (5.5605e-03)	L_Trg_Inj 2.3954e-03 (1.6533e-02)	Loss Disc 6.9329e-01 (6.9248e-01)	Loss Pred 5.5347e-01 (5.3898e-01)	Loss TOTAL 9.0035e-01 (8.8905e-01)
Epoch: [12][280/299]	L_Src_Sup 7.8310e-02 (5.8860e-03)	L_Trg_Inj 1.7833e-02 (1.6143e-02)	Loss Disc 6.9294e-01 (6.9250e-01)	Loss Pred 5.4277e-01 (5.3928e-01)	Loss TOTAL 9.5933e-01 (8.8967e-01)
Epoch: [12][290/299]	L_Src_Sup 2.2407e-02 (5.9071e-03)	L_Trg_Inj 3.9618e-02 (1.8214e-02)	Loss Disc 6.9272e-01 (6.9252e-01)	Loss Pred 5.4094e-01 (5.3955e-01)	Loss TOTAL 8.9350e-01 (8.9011e-01)
Epoch: [12][299/299]	L_Src_Sup 6.8390e-04 (5.8668e-03)	L_Trg_Inj 1.7513e-02 (1.8522e-02)	Loss Disc 6.9292e-01 (6.9249e-01)	Loss Pred 5.1665e-01 (5.3990e-01)	Loss TOTAL 8.6493e-01 (8.9047e-01)
Epoch 12 complete. Saving model state...
Epoch: [13][ 10/299]	L_Src_Sup 0.0000e+00 (2.4993e-03)	L_Trg_Inj 9.0655e-03 (1.4567e-02)	Loss Disc 6.9118e-01 (6.9134e-01)	Loss Pred 5.1592e-01 (5.3178e-01)	Loss TOTAL 8.6242e-01 (8.8018e-01)
Epoch: [13][ 20/299]	L_Src_Sup 4.3312e-03 (3.1491e-03)	L_Trg_Inj 1.3395e-02 (1.2905e-02)	Loss Disc 6.9534e-01 (6.9049e-01)	Loss Pred 4.8387e-01 (5.3355e-01)	Loss TOTAL 8.3331e-01 (8.8115e-01)
Epoch: [13][ 30/299]	L_Src_Sup 6.4174e-05 (3.4683e-03)	L_Trg_Inj 4.8092e-02 (1.7370e-02)	Loss Disc 6.9582e-01 (6.9181e-01)	Loss Pred 4.9774e-01 (5.3399e-01)	Loss TOTAL 8.5046e-01 (8.8275e-01)
Epoch: [13][ 40/299]	L_Src_Sup 3.8651e-03 (3.9925e-03)	L_Trg_Inj 1.3368e-02 (1.6313e-02)	Loss Disc 6.9260e-01 (6.9215e-01)	Loss Pred 5.3880e-01 (5.3527e-01)	Loss TOTAL 8.8682e-01 (8.8422e-01)
Epoch: [13][ 50/299]	L_Src_Sup 3.4498e-03 (4.3551e-03)	L_Trg_Inj 8.3419e-03 (1.7646e-02)	Loss Disc 6.9297e-01 (6.9248e-01)	Loss Pred 5.3257e-01 (5.3508e-01)	Loss TOTAL 8.8024e-01 (8.8478e-01)
Epoch: [13][ 60/299]	L_Src_Sup 4.8317e-03 (6.8400e-03)	L_Trg_Inj 3.2970e-02 (1.7562e-02)	Loss Disc 6.9308e-01 (6.9261e-01)	Loss Pred 5.8632e-01 (5.3900e-01)	Loss TOTAL 9.3664e-01 (8.9109e-01)
Epoch: [13][ 70/299]	L_Src_Sup 1.5501e-03 (6.1115e-03)	L_Trg_Inj 1.0404e-02 (1.7651e-02)	Loss Disc 6.9231e-01 (6.9269e-01)	Loss Pred 5.6618e-01 (5.3671e-01)	Loss TOTAL 9.1353e-01 (8.8830e-01)
Epoch: [13][ 80/299]	L_Src_Sup 0.0000e+00 (5.7866e-03)	L_Trg_Inj 1.7757e-02 (1.6854e-02)	Loss Disc 6.9400e-01 (6.9272e-01)	Loss Pred 5.4709e-01 (5.3852e-01)	Loss TOTAL 8.9586e-01 (8.8975e-01)
Epoch: [13][ 90/299]	L_Src_Sup 5.3921e-03 (5.3027e-03)	L_Trg_Inj 9.1527e-03 (1.5837e-02)	Loss Disc 6.9225e-01 (6.9266e-01)	Loss Pred 5.7607e-01 (5.3885e-01)	Loss TOTAL 9.2365e-01 (8.8961e-01)
Epoch: [13][100/299]	L_Src_Sup 0.0000e+00 (5.1648e-03)	L_Trg_Inj 3.5174e-02 (1.5482e-02)	Loss Disc 6.9276e-01 (6.9267e-01)	Loss Pred 5.7920e-01 (5.3881e-01)	Loss TOTAL 9.2910e-01 (8.8946e-01)
Epoch: [13][110/299]	L_Src_Sup 2.7866e-03 (5.2304e-03)	L_Trg_Inj 1.7125e-02 (1.5229e-02)	Loss Disc 6.9226e-01 (6.9270e-01)	Loss Pred 5.9595e-01 (5.3974e-01)	Loss TOTAL 9.4408e-01 (8.9047e-01)
Epoch: [13][120/299]	L_Src_Sup 2.6031e-03 (5.3475e-03)	L_Trg_Inj 1.8256e-02 (1.5835e-02)	Loss Disc 6.9359e-01 (6.9281e-01)	Loss Pred 5.1023e-01 (5.4081e-01)	Loss TOTAL 8.5911e-01 (8.9168e-01)
Epoch: [13][130/299]	L_Src_Sup 6.3088e-07 (5.0914e-03)	L_Trg_Inj 2.2188e-02 (1.5588e-02)	Loss Disc 6.9354e-01 (6.9287e-01)	Loss Pred 4.9254e-01 (5.3931e-01)	Loss TOTAL 8.4153e-01 (8.9000e-01)
Epoch: [13][140/299]	L_Src_Sup 1.8396e-02 (4.9677e-03)	L_Trg_Inj 6.0611e-03 (1.5318e-02)	Loss Disc 6.9333e-01 (6.9290e-01)	Loss Pred 5.1165e-01 (5.3918e-01)	Loss TOTAL 8.7309e-01 (8.8977e-01)
Epoch: [13][150/299]	L_Src_Sup 2.0537e-03 (4.7457e-03)	L_Trg_Inj 1.1942e-02 (1.5128e-02)	Loss Disc 6.9316e-01 (6.9293e-01)	Loss Pred 5.7062e-01 (5.3857e-01)	Loss TOTAL 9.1860e-01 (8.8901e-01)
Epoch: [13][160/299]	L_Src_Sup 8.2915e-04 (4.5398e-03)	L_Trg_Inj 1.6328e-02 (1.4744e-02)	Loss Disc 6.9293e-01 (6.9294e-01)	Loss Pred 5.0362e-01 (5.3909e-01)	Loss TOTAL 8.5180e-01 (8.8935e-01)
Epoch: [13][170/299]	L_Src_Sup 0.0000e+00 (4.4323e-03)	L_Trg_Inj 1.3941e-02 (1.4256e-02)	Loss Disc 6.9276e-01 (6.9294e-01)	Loss Pred 5.0409e-01 (5.3942e-01)	Loss TOTAL 8.5187e-01 (8.8957e-01)
Epoch: [13][180/299]	L_Src_Sup 8.5798e-03 (4.4240e-03)	L_Trg_Inj 8.8261e-03 (1.4051e-02)	Loss Disc 6.9175e-01 (6.9292e-01)	Loss Pred 5.7026e-01 (5.3916e-01)	Loss TOTAL 9.1788e-01 (8.8920e-01)
Epoch: [13][190/299]	L_Src_Sup 3.9540e-02 (4.6271e-03)	L_Trg_Inj 1.7056e-02 (1.3767e-02)	Loss Disc 6.9287e-01 (6.9291e-01)	Loss Pred 5.6674e-01 (5.3915e-01)	Loss TOTAL 9.4132e-01 (8.8930e-01)
Epoch: [13][200/299]	L_Src_Sup 3.0934e-03 (4.6905e-03)	L_Trg_Inj 2.7045e-02 (1.6904e-02)	Loss Disc 6.9204e-01 (6.9286e-01)	Loss Pred 5.3485e-01 (5.3928e-01)	Loss TOTAL 8.8388e-01 (8.8964e-01)
Epoch: [13][210/299]	L_Src_Sup 0.0000e+00 (4.6080e-03)	L_Trg_Inj 9.0261e-03 (1.6586e-02)	Loss Disc 6.9047e-01 (6.9282e-01)	Loss Pred 5.1682e-01 (5.3861e-01)	Loss TOTAL 8.6296e-01 (8.8884e-01)
Epoch: [13][220/299]	L_Src_Sup 6.2266e-03 (5.3753e-03)	L_Trg_Inj 1.6935e-01 (1.8217e-02)	Loss Disc 6.9411e-01 (6.9282e-01)	Loss Pred 5.7058e-01 (5.3908e-01)	Loss TOTAL 9.3519e-01 (8.8967e-01)
Epoch: [13][230/299]	L_Src_Sup 1.4844e-03 (5.7137e-03)	L_Trg_Inj 2.8482e-02 (1.9587e-02)	Loss Disc 6.9324e-01 (6.9284e-01)	Loss Pred 5.3216e-01 (5.3914e-01)	Loss TOTAL 8.8177e-01 (8.8995e-01)
Epoch: [13][240/299]	L_Src_Sup 2.4800e-03 (5.6976e-03)	L_Trg_Inj 2.6380e-02 (1.9776e-02)	Loss Disc 6.9267e-01 (6.9285e-01)	Loss Pred 4.9715e-01 (5.3923e-01)	Loss TOTAL 8.4638e-01 (8.9009e-01)
Epoch: [13][250/299]	L_Src_Sup 0.0000e+00 (5.6920e-03)	L_Trg_Inj 2.0495e-02 (1.9818e-02)	Loss Disc 6.9356e-01 (6.9286e-01)	Loss Pred 6.2900e-01 (5.3938e-01)	Loss TOTAL 9.7784e-01 (8.9022e-01)
Epoch: [13][260/299]	L_Src_Sup 1.8278e-03 (5.5786e-03)	L_Trg_Inj 3.3703e-02 (2.0003e-02)	Loss Disc 6.9348e-01 (6.9287e-01)	Loss Pred 5.7113e-01 (5.3930e-01)	Loss TOTAL 9.2142e-01 (8.9007e-01)
Epoch: [13][270/299]	L_Src_Sup 5.1938e-04 (5.5057e-03)	L_Trg_Inj 1.2444e-02 (1.9817e-02)	Loss Disc 6.9286e-01 (6.9288e-01)	Loss Pred 4.9959e-01 (5.3868e-01)	Loss TOTAL 8.4731e-01 (8.8941e-01)
Epoch: [13][280/299]	L_Src_Sup 5.7941e-03 (5.4833e-03)	L_Trg_Inj 1.8222e-02 (1.9761e-02)	Loss Disc 6.9306e-01 (6.9290e-01)	Loss Pred 5.3275e-01 (5.3917e-01)	Loss TOTAL 8.8168e-01 (8.8994e-01)
Epoch: [13][290/299]	L_Src_Sup 1.3771e-03 (5.3507e-03)	L_Trg_Inj 9.9124e-03 (1.9639e-02)	Loss Disc 6.9309e-01 (6.9290e-01)	Loss Pred 5.0813e-01 (5.3881e-01)	Loss TOTAL 8.5581e-01 (8.8949e-01)
Epoch: [13][299/299]	L_Src_Sup 3.7653e-03 (5.2476e-03)	L_Trg_Inj 1.5295e-02 (1.9248e-02)	Loss Disc 6.9310e-01 (6.9291e-01)	Loss Pred 5.7004e-01 (5.3897e-01)	Loss TOTAL 9.1849e-01 (8.8956e-01)
Epoch 13 complete. Saving model state...
Epoch: [14][ 10/299]	L_Src_Sup 0.0000e+00 (2.7683e-03)	L_Trg_Inj 7.1497e-03 (6.4772e-03)	Loss Disc 6.9320e-01 (6.9317e-01)	Loss Pred 5.0990e-01 (5.4701e-01)	Loss TOTAL 8.5721e-01 (8.9501e-01)
Epoch: [14][ 20/299]	L_Src_Sup 1.6630e-05 (2.4798e-03)	L_Trg_Inj 9.8141e-03 (6.8721e-03)	Loss Disc 6.9327e-01 (6.9313e-01)	Loss Pred 5.1090e-01 (5.4136e-01)	Loss TOTAL 8.5852e-01 (8.8985e-01)
Epoch: [14][ 30/299]	L_Src_Sup 0.0000e+00 (2.1359e-03)	L_Trg_Inj 2.1981e-03 (7.5411e-03)	Loss Disc 6.9269e-01 (6.9308e-01)	Loss Pred 5.1583e-01 (5.3612e-01)	Loss TOTAL 8.6239e-01 (8.8461e-01)
Epoch: [14][ 40/299]	L_Src_Sup 3.8537e-03 (2.9068e-03)	L_Trg_Inj 1.2730e-02 (8.4988e-03)	Loss Disc 6.9181e-01 (6.9302e-01)	Loss Pred 5.6100e-01 (5.3641e-01)	Loss TOTAL 9.0856e-01 (8.8551e-01)
Epoch: [14][ 50/299]	L_Src_Sup 6.7365e-02 (4.8434e-03)	L_Trg_Inj 2.4917e-02 (1.0162e-02)	Loss Disc 6.9123e-01 (6.9292e-01)	Loss Pred 5.8473e-01 (5.3733e-01)	Loss TOTAL 9.8202e-01 (8.8781e-01)
Epoch: [14][ 60/299]	L_Src_Sup 0.0000e+00 (5.9514e-03)	L_Trg_Inj 7.1091e-02 (2.1772e-02)	Loss Disc 6.9495e-01 (6.9288e-01)	Loss Pred 5.4859e-01 (5.3914e-01)	Loss TOTAL 9.0317e-01 (8.9078e-01)
Epoch: [14][ 70/299]	L_Src_Sup 6.7712e-03 (5.7392e-03)	L_Trg_Inj 4.5121e-03 (2.1827e-02)	Loss Disc 6.9222e-01 (6.9289e-01)	Loss Pred 5.4504e-01 (5.3844e-01)	Loss TOTAL 8.9453e-01 (8.8975e-01)
Epoch: [14][ 80/299]	L_Src_Sup 9.8985e-02 (7.8069e-03)	L_Trg_Inj 7.9410e-03 (2.0866e-02)	Loss Disc 6.9249e-01 (6.9284e-01)	Loss Pred 6.2047e-01 (5.4137e-01)	Loss TOTAL 1.0685e+00 (8.9494e-01)
Epoch: [14][ 90/299]	L_Src_Sup 0.0000e+00 (9.2055e-03)	L_Trg_Inj 4.4645e-03 (2.2370e-02)	Loss Disc 6.9292e-01 (6.9275e-01)	Loss Pred 5.0619e-01 (5.4168e-01)	Loss TOTAL 8.5310e-01 (8.9627e-01)
Epoch: [14][100/299]	L_Src_Sup 0.0000e+00 (8.6812e-03)	L_Trg_Inj 1.0772e-02 (2.1289e-02)	Loss Disc 6.9077e-01 (6.9268e-01)	Loss Pred 5.4108e-01 (5.4236e-01)	Loss TOTAL 8.8754e-01 (8.9633e-01)
Epoch: [14][110/299]	L_Src_Sup 0.0000e+00 (8.4062e-03)	L_Trg_Inj 5.0389e-02 (2.1475e-02)	Loss Disc 6.9531e-01 (6.9274e-01)	Loss Pred 5.5973e-01 (5.4341e-01)	Loss TOTAL 9.1242e-01 (8.9700e-01)
Epoch: [14][120/299]	L_Src_Sup 7.7740e-03 (8.2210e-03)	L_Trg_Inj 2.9560e-02 (2.2596e-02)	Loss Disc 6.9350e-01 (6.9281e-01)	Loss Pred 5.2457e-01 (5.4181e-01)	Loss TOTAL 8.7505e-01 (8.9520e-01)
Epoch: [14][130/299]	L_Src_Sup 1.0361e-02 (8.2500e-03)	L_Trg_Inj 1.1915e-02 (2.2348e-02)	Loss Disc 6.9351e-01 (6.9284e-01)	Loss Pred 5.0371e-01 (5.4169e-01)	Loss TOTAL 8.5269e-01 (8.9486e-01)
Epoch: [14][140/299]	L_Src_Sup 2.3823e-02 (8.2417e-03)	L_Trg_Inj 1.6223e-02 (2.2227e-02)	Loss Disc 6.9392e-01 (6.9289e-01)	Loss Pred 4.5986e-01 (5.4033e-01)	Loss TOTAL 8.1842e-01 (8.9330e-01)
Epoch: [14][150/299]	L_Src_Sup 3.4807e-03 (7.8407e-03)	L_Trg_Inj 2.0897e-02 (2.2491e-02)	Loss Disc 6.9307e-01 (6.9291e-01)	Loss Pred 5.4293e-01 (5.3971e-01)	Loss TOTAL 8.9191e-01 (8.9245e-01)
Epoch: [14][160/299]	L_Src_Sup 1.2552e-02 (9.4647e-03)	L_Trg_Inj 2.7727e-02 (2.4082e-02)	Loss Disc 6.9296e-01 (6.9293e-01)	Loss Pred 5.9327e-01 (5.4304e-01)	Loss TOTAL 9.4378e-01 (8.9631e-01)
Epoch: [14][170/299]	L_Src_Sup 1.1945e-02 (9.3650e-03)	L_Trg_Inj 2.4702e-02 (2.3957e-02)	Loss Disc 6.9234e-01 (6.9293e-01)	Loss Pred 5.3950e-01 (5.4259e-01)	Loss TOTAL 8.8933e-01 (8.9584e-01)
Epoch: [14][180/299]	L_Src_Sup 0.0000e+00 (9.0606e-03)	L_Trg_Inj 7.5604e-03 (2.3317e-02)	Loss Disc 6.9468e-01 (6.9289e-01)	Loss Pred 5.8433e-01 (5.4277e-01)	Loss TOTAL 9.3242e-01 (8.9576e-01)
Epoch: [14][190/299]	L_Src_Sup 1.7794e-02 (8.9163e-03)	L_Trg_Inj 2.6869e-02 (2.3393e-02)	Loss Disc 6.8784e-01 (6.9279e-01)	Loss Pred 4.7958e-01 (5.4244e-01)	Loss TOTAL 8.2796e-01 (8.9523e-01)
Epoch: [14][200/299]	L_Src_Sup 8.5106e-03 (8.7450e-03)	L_Trg_Inj 4.5223e-02 (2.3649e-02)	Loss Disc 6.9077e-01 (6.9277e-01)	Loss Pred 5.4921e-01 (5.4285e-01)	Loss TOTAL 8.9997e-01 (8.9552e-01)
Epoch: [14][210/299]	L_Src_Sup 1.7059e-03 (8.4779e-03)	L_Trg_Inj 1.5439e-02 (2.3475e-02)	Loss Disc 6.9219e-01 (6.9270e-01)	Loss Pred 5.5872e-01 (5.4232e-01)	Loss TOTAL 9.0653e-01 (8.9477e-01)
Epoch: [14][220/299]	L_Src_Sup 0.0000e+00 (8.1767e-03)	L_Trg_Inj 5.2406e-03 (2.2773e-02)	Loss Disc 6.9065e-01 (6.9262e-01)	Loss Pred 5.3524e-01 (5.4157e-01)	Loss TOTAL 8.8109e-01 (8.9375e-01)
Epoch: [14][230/299]	L_Src_Sup 0.0000e+00 (8.0567e-03)	L_Trg_Inj 5.1841e-03 (2.2016e-02)	Loss Disc 6.9178e-01 (6.9262e-01)	Loss Pred 4.9744e-01 (5.4135e-01)	Loss TOTAL 8.4385e-01 (8.9345e-01)
Epoch: [14][240/299]	L_Src_Sup 2.8855e-06 (7.9667e-03)	L_Trg_Inj 1.5988e-02 (2.1663e-02)	Loss Disc 6.9197e-01 (6.9260e-01)	Loss Pred 5.1707e-01 (5.4195e-01)	Loss TOTAL 8.6465e-01 (8.9397e-01)
Epoch: [14][250/299]	L_Src_Sup 2.8594e-02 (7.8895e-03)	L_Trg_Inj 2.4000e-02 (2.1254e-02)	Loss Disc 6.9301e-01 (6.9264e-01)	Loss Pred 5.4501e-01 (5.4156e-01)	Loss TOTAL 9.0137e-01 (8.9352e-01)
Epoch: [14][260/299]	L_Src_Sup 0.0000e+00 (7.6956e-03)	L_Trg_Inj 1.0233e-02 (2.1101e-02)	Loss Disc 6.9322e-01 (6.9267e-01)	Loss Pred 5.4125e-01 (5.4177e-01)	Loss TOTAL 8.8889e-01 (8.9360e-01)
Epoch: [14][270/299]	L_Src_Sup 0.0000e+00 (7.5470e-03)	L_Trg_Inj 6.9609e-03 (2.0521e-02)	Loss Disc 6.9246e-01 (6.9267e-01)	Loss Pred 5.2850e-01 (5.4195e-01)	Loss TOTAL 8.7543e-01 (8.9369e-01)
Epoch: [14][280/299]	L_Src_Sup 0.0000e+00 (7.4284e-03)	L_Trg_Inj 7.2018e-03 (2.0164e-02)	Loss Disc 6.9144e-01 (6.9264e-01)	Loss Pred 5.4242e-01 (5.4171e-01)	Loss TOTAL 8.8886e-01 (8.9335e-01)
Epoch: [14][290/299]	L_Src_Sup 4.5826e-03 (7.3017e-03)	L_Trg_Inj 1.4057e-02 (1.9756e-02)	Loss Disc 6.8937e-01 (6.9257e-01)	Loss Pred 5.4727e-01 (5.4174e-01)	Loss TOTAL 8.9382e-01 (8.9324e-01)
Epoch: [14][299/299]	L_Src_Sup 1.6843e-02 (7.7733e-03)	L_Trg_Inj 7.3843e-02 (2.1515e-02)	Loss Disc 6.9206e-01 (6.9257e-01)	Loss Pred 5.4234e-01 (5.4219e-01)	Loss TOTAL 8.9744e-01 (8.9392e-01)
Epoch 14 complete. Saving model state...
Epoch: [15][ 10/299]	L_Src_Sup 1.0594e-02 (1.2260e-02)	L_Trg_Inj 5.4387e-02 (4.4380e-02)	Loss Disc 6.9164e-01 (6.8991e-01)	Loss Pred 5.3484e-01 (5.5063e-01)	Loss TOTAL 8.8716e-01 (9.0243e-01)
Epoch: [15][ 20/299]	L_Src_Sup 4.5235e-03 (7.3859e-03)	L_Trg_Inj 6.4540e-03 (2.9062e-02)	Loss Disc 6.9484e-01 (6.9083e-01)	Loss Pred 5.1521e-01 (5.4636e-01)	Loss TOTAL 8.6373e-01 (8.9602e-01)
Epoch: [15][ 30/299]	L_Src_Sup 2.5364e-04 (5.5471e-03)	L_Trg_Inj 8.8856e-03 (2.2437e-02)	Loss Disc 6.9082e-01 (6.9107e-01)	Loss Pred 5.7183e-01 (5.4670e-01)	Loss TOTAL 9.1815e-01 (8.9553e-01)
Epoch: [15][ 40/299]	L_Src_Sup 0.0000e+00 (4.8339e-03)	L_Trg_Inj 1.5071e-02 (1.9701e-02)	Loss Disc 6.9262e-01 (6.9098e-01)	Loss Pred 5.7757e-01 (5.4576e-01)	Loss TOTAL 9.2539e-01 (8.9438e-01)
Epoch: [15][ 50/299]	L_Src_Sup 3.0695e-03 (4.5593e-03)	L_Trg_Inj 1.0025e-02 (1.7247e-02)	Loss Disc 7.0088e-01 (6.9140e-01)	Loss Pred 4.9501e-01 (5.4135e-01)	Loss TOTAL 8.4676e-01 (8.9007e-01)
Epoch: [15][ 60/299]	L_Src_Sup 4.3640e-03 (4.7814e-03)	L_Trg_Inj 1.5608e-02 (1.6398e-02)	Loss Disc 6.9345e-01 (6.9132e-01)	Loss Pred 5.5459e-01 (5.4500e-01)	Loss TOTAL 9.0331e-01 (8.9384e-01)
Epoch: [15][ 70/299]	L_Src_Sup 3.9210e-03 (5.3784e-03)	L_Trg_Inj 5.5997e-03 (1.7101e-02)	Loss Disc 6.8972e-01 (6.9134e-01)	Loss Pred 5.6353e-01 (5.4563e-01)	Loss TOTAL 9.0934e-01 (8.9458e-01)
Epoch: [15][ 80/299]	L_Src_Sup 0.0000e+00 (4.9495e-03)	L_Trg_Inj 7.8688e-03 (1.7008e-02)	Loss Disc 6.9418e-01 (6.9188e-01)	Loss Pred 5.3488e-01 (5.4308e-01)	Loss TOTAL 8.8275e-01 (8.9212e-01)
Epoch: [15][ 90/299]	L_Src_Sup 2.8110e-03 (4.8867e-03)	L_Trg_Inj 2.5971e-03 (1.6114e-02)	Loss Disc 6.9367e-01 (6.9208e-01)	Loss Pred 5.6419e-01 (5.4281e-01)	Loss TOTAL 9.1178e-01 (8.9182e-01)
Epoch: [15][100/299]	L_Src_Sup 4.9016e-03 (4.6745e-03)	L_Trg_Inj 3.4202e-03 (1.5629e-02)	Loss Disc 6.9338e-01 (6.9222e-01)	Loss Pred 5.5966e-01 (5.4221e-01)	Loss TOTAL 9.0867e-01 (8.9115e-01)
Epoch: [15][110/299]	L_Src_Sup 9.4357e-04 (4.3542e-03)	L_Trg_Inj 1.8948e-03 (1.5469e-02)	Loss Disc 6.9351e-01 (6.9233e-01)	Loss Pred 5.4134e-01 (5.4154e-01)	Loss TOTAL 8.8837e-01 (8.9042e-01)
Epoch: [15][120/299]	L_Src_Sup 0.0000e+00 (4.0471e-03)	L_Trg_Inj 1.1544e-02 (1.4639e-02)	Loss Disc 6.9335e-01 (6.9242e-01)	Loss Pred 5.0985e-01 (5.4031e-01)	Loss TOTAL 8.5768e-01 (8.8907e-01)
Epoch: [15][130/299]	L_Src_Sup 5.9035e-03 (4.0106e-03)	L_Trg_Inj 2.3317e-02 (1.6837e-02)	Loss Disc 6.9337e-01 (6.9249e-01)	Loss Pred 5.0962e-01 (5.3927e-01)	Loss TOTAL 8.5922e-01 (8.8835e-01)
Epoch: [15][140/299]	L_Src_Sup 7.7275e-04 (3.8452e-03)	L_Trg_Inj 4.6579e-04 (1.6279e-02)	Loss Disc 6.9318e-01 (6.9254e-01)	Loss Pred 5.2872e-01 (5.3956e-01)	Loss TOTAL 8.7574e-01 (8.8854e-01)
Epoch: [15][150/299]	L_Src_Sup 1.6470e-02 (3.8177e-03)	L_Trg_Inj 1.0028e-02 (1.5584e-02)	Loss Disc 6.9258e-01 (6.9257e-01)	Loss Pred 5.1593e-01 (5.3930e-01)	Loss TOTAL 8.7131e-01 (8.8827e-01)
Epoch: [15][160/299]	L_Src_Sup 3.1409e-02 (3.9235e-03)	L_Trg_Inj 2.5567e-02 (1.5530e-02)	Loss Disc 6.9298e-01 (6.9259e-01)	Loss Pred 5.8387e-01 (5.3938e-01)	Loss TOTAL 9.4191e-01 (8.8844e-01)
Epoch: [15][170/299]	L_Src_Sup 3.5690e-03 (4.6052e-03)	L_Trg_Inj 2.8041e-02 (2.1044e-02)	Loss Disc 6.9285e-01 (6.9260e-01)	Loss Pred 5.7195e-01 (5.4031e-01)	Loss TOTAL 9.2153e-01 (8.8998e-01)
Epoch: [15][180/299]	L_Src_Sup 1.9802e-02 (4.5655e-03)	L_Trg_Inj 9.5621e-03 (2.1814e-02)	Loss Disc 6.9357e-01 (6.9259e-01)	Loss Pred 5.5343e-01 (5.3987e-01)	Loss TOTAL 9.1339e-01 (8.8963e-01)
Epoch: [15][190/299]	L_Src_Sup 0.0000e+00 (4.4896e-03)	L_Trg_Inj 4.9900e-02 (2.1964e-02)	Loss Disc 6.9152e-01 (6.9258e-01)	Loss Pred 5.2856e-01 (5.3948e-01)	Loss TOTAL 8.7931e-01 (8.8923e-01)
Epoch: [15][200/299]	L_Src_Sup 4.5825e-03 (4.3405e-03)	L_Trg_Inj 1.1080e-02 (2.1604e-02)	Loss Disc 6.9139e-01 (6.9258e-01)	Loss Pred 5.2890e-01 (5.3937e-01)	Loss TOTAL 8.7616e-01 (8.8904e-01)
Epoch: [15][210/299]	L_Src_Sup 0.0000e+00 (4.3834e-03)	L_Trg_Inj 2.5010e-02 (2.1767e-02)	Loss Disc 6.9736e-01 (6.9255e-01)	Loss Pred 6.0412e-01 (5.3938e-01)	Loss TOTAL 9.5530e-01 (8.8905e-01)
Epoch: [15][220/299]	L_Src_Sup 0.0000e+00 (4.3631e-03)	L_Trg_Inj 8.3315e-03 (2.1348e-02)	Loss Disc 6.9405e-01 (6.9254e-01)	Loss Pred 6.0366e-01 (5.3971e-01)	Loss TOTAL 9.5152e-01 (8.8930e-01)
Epoch: [15][230/299]	L_Src_Sup 1.2355e-02 (4.4363e-03)	L_Trg_Inj 1.0845e-02 (2.0889e-02)	Loss Disc 6.9037e-01 (6.9252e-01)	Loss Pred 5.3059e-01 (5.3989e-01)	Loss TOTAL 8.7961e-01 (8.8941e-01)
Epoch: [15][240/299]	L_Src_Sup 1.9417e-02 (4.3492e-03)	L_Trg_Inj 9.6234e-03 (2.0425e-02)	Loss Disc 6.9327e-01 (6.9255e-01)	Loss Pred 5.4095e-01 (5.3929e-01)	Loss TOTAL 9.0028e-01 (8.8878e-01)
Epoch: [15][250/299]	L_Src_Sup 5.9725e-03 (4.2650e-03)	L_Trg_Inj 4.3262e-03 (1.9945e-02)	Loss Disc 6.9333e-01 (6.9258e-01)	Loss Pred 5.3537e-01 (5.3849e-01)	Loss TOTAL 8.8471e-01 (8.8792e-01)
Epoch: [15][260/299]	L_Src_Sup 5.1347e-03 (4.1500e-03)	L_Trg_Inj 1.5504e-03 (1.9403e-02)	Loss Disc 6.9336e-01 (6.9261e-01)	Loss Pred 5.8910e-01 (5.3871e-01)	Loss TOTAL 9.4003e-01 (8.8807e-01)
Epoch: [15][270/299]	L_Src_Sup 2.3760e-03 (4.0375e-03)	L_Trg_Inj 3.4566e-03 (1.8898e-02)	Loss Disc 6.9314e-01 (6.9263e-01)	Loss Pred 5.1612e-01 (5.3913e-01)	Loss TOTAL 8.6327e-01 (8.8841e-01)
Epoch: [15][280/299]	L_Src_Sup 0.0000e+00 (4.4275e-03)	L_Trg_Inj 1.5268e-01 (1.9644e-02)	Loss Disc 6.9316e-01 (6.9264e-01)	Loss Pred 5.1581e-01 (5.3885e-01)	Loss TOTAL 8.7766e-01 (8.8863e-01)
Epoch: [15][290/299]	L_Src_Sup 4.9804e-03 (4.4082e-03)	L_Trg_Inj 7.5002e-02 (2.1613e-02)	Loss Disc 6.9275e-01 (6.9266e-01)	Loss Pred 5.5234e-01 (5.3862e-01)	Loss TOTAL 9.0672e-01 (8.8861e-01)
Epoch: [15][299/299]	L_Src_Sup 2.0806e-03 (4.3079e-03)	L_Trg_Inj 3.5101e-03 (2.1413e-02)	Loss Disc 6.9293e-01 (6.9265e-01)	Loss Pred 5.3868e-01 (5.3840e-01)	Loss TOTAL 8.8571e-01 (8.8833e-01)
Epoch 15 complete. Saving model state...
Epoch: [16][ 10/299]	L_Src_Sup 2.6308e-03 (2.7389e-03)	L_Trg_Inj 6.7940e-03 (7.7567e-03)	Loss Disc 6.9024e-01 (6.9021e-01)	Loss Pred 5.4099e-01 (5.3483e-01)	Loss TOTAL 8.8705e-01 (8.8123e-01)
Epoch: [16][ 20/299]	L_Src_Sup 4.9384e-02 (1.8796e-02)	L_Trg_Inj 2.3057e-01 (2.7605e-02)	Loss Disc 6.9595e-01 (6.9140e-01)	Loss Pred 6.1983e-01 (5.5002e-01)	Loss TOTAL 9.9580e-01 (9.0540e-01)
Epoch: [16][ 30/299]	L_Src_Sup 3.1217e-02 (1.4738e-02)	L_Trg_Inj 1.8176e-01 (8.9835e-02)	Loss Disc 6.9255e-01 (6.9203e-01)	Loss Pred 5.5956e-01 (5.4823e-01)	Loss TOTAL 9.2713e-01 (9.0806e-01)
Epoch: [16][ 40/299]	L_Src_Sup 7.2058e-03 (1.2992e-02)	L_Trg_Inj 8.0268e-02 (1.0652e-01)	Loss Disc 6.9178e-01 (6.9228e-01)	Loss Pred 5.6571e-01 (5.4440e-01)	Loss TOTAL 9.2035e-01 (9.0500e-01)
Epoch: [16][ 50/299]	L_Src_Sup 2.0093e-02 (1.1886e-02)	L_Trg_Inj 4.0520e-02 (9.1219e-02)	Loss Disc 6.9227e-01 (6.9219e-01)	Loss Pred 5.2543e-01 (5.4332e-01)	Loss TOTAL 8.7763e-01 (9.0187e-01)
Epoch: [16][ 60/299]	L_Src_Sup 4.2707e-06 (1.0955e-02)	L_Trg_Inj 1.8172e-02 (8.0492e-02)	Loss Disc 6.9065e-01 (6.9220e-01)	Loss Pred 5.4738e-01 (5.4312e-01)	Loss TOTAL 8.9453e-01 (9.0014e-01)
Epoch: [16][ 70/299]	L_Src_Sup 1.7591e-02 (1.0535e-02)	L_Trg_Inj 3.5804e-02 (7.2331e-02)	Loss Disc 6.9375e-01 (6.9229e-01)	Loss Pred 5.1355e-01 (5.4204e-01)	Loss TOTAL 8.6577e-01 (8.9816e-01)
Epoch: [16][ 80/299]	L_Src_Sup 0.0000e+00 (9.7444e-03)	L_Trg_Inj 8.7792e-03 (6.5205e-02)	Loss Disc 6.9313e-01 (6.9235e-01)	Loss Pred 5.6582e-01 (5.4268e-01)	Loss TOTAL 9.1327e-01 (8.9783e-01)
Epoch: [16][ 90/299]	L_Src_Sup 0.0000e+00 (8.7927e-03)	L_Trg_Inj 1.6473e-02 (5.8886e-02)	Loss Disc 6.9287e-01 (6.9244e-01)	Loss Pred 5.6050e-01 (5.4160e-01)	Loss TOTAL 9.0858e-01 (8.9592e-01)
Epoch: [16][100/299]	L_Src_Sup 3.3757e-03 (8.1902e-03)	L_Trg_Inj 2.8919e-03 (5.3846e-02)	Loss Disc 6.9248e-01 (6.9253e-01)	Loss Pred 5.1617e-01 (5.4058e-01)	Loss TOTAL 8.6352e-01 (8.9430e-01)
Epoch: [16][110/299]	L_Src_Sup 3.2576e-03 (7.5550e-03)	L_Trg_Inj 4.8597e-03 (4.9893e-02)	Loss Disc 6.9220e-01 (6.9258e-01)	Loss Pred 5.2846e-01 (5.4069e-01)	Loss TOTAL 8.7538e-01 (8.9386e-01)
Epoch: [16][120/299]	L_Src_Sup 1.9231e-02 (7.2723e-03)	L_Trg_Inj 1.2182e-02 (4.6548e-02)	Loss Disc 6.9397e-01 (6.9262e-01)	Loss Pred 5.3479e-01 (5.4187e-01)	Loss TOTAL 8.9197e-01 (8.9471e-01)
Epoch: [16][130/299]	L_Src_Sup 0.0000e+00 (7.0767e-03)	L_Trg_Inj 4.9950e-02 (4.5049e-02)	Loss Disc 6.9331e-01 (6.9270e-01)	Loss Pred 5.3489e-01 (5.4117e-01)	Loss TOTAL 8.8654e-01 (8.9382e-01)
Epoch: [16][140/299]	L_Src_Sup 0.0000e+00 (6.8154e-03)	L_Trg_Inj 5.0126e-03 (4.2776e-02)	Loss Disc 6.9272e-01 (6.9272e-01)	Loss Pred 5.5952e-01 (5.4182e-01)	Loss TOTAL 9.0638e-01 (8.9415e-01)
Epoch: [16][150/299]	L_Src_Sup 7.1618e-03 (6.6978e-03)	L_Trg_Inj 9.8384e-03 (4.0619e-02)	Loss Disc 6.9380e-01 (6.9276e-01)	Loss Pred 4.7586e-01 (5.4109e-01)	Loss TOTAL 8.2446e-01 (8.9333e-01)
Epoch: [16][160/299]	L_Src_Sup 3.8348e-06 (6.3334e-03)	L_Trg_Inj 3.4497e-03 (3.8599e-02)	Loss Disc 6.9208e-01 (6.9277e-01)	Loss Pred 6.2352e-01 (5.4075e-01)	Loss TOTAL 9.6991e-01 (8.9269e-01)
Epoch: [16][170/299]	L_Src_Sup 0.0000e+00 (6.1066e-03)	L_Trg_Inj 4.6464e-03 (3.6803e-02)	Loss Disc 6.9228e-01 (6.9279e-01)	Loss Pred 5.9724e-01 (5.4021e-01)	Loss TOTAL 9.4384e-01 (8.9192e-01)
Epoch: [16][180/299]	L_Src_Sup 5.3959e-04 (5.8656e-03)	L_Trg_Inj 1.2350e-02 (3.5317e-02)	Loss Disc 6.9475e-01 (6.9279e-01)	Loss Pred 4.9719e-01 (5.4070e-01)	Loss TOTAL 8.4586e-01 (8.9221e-01)
Epoch: [16][190/299]	L_Src_Sup 3.7422e-02 (6.1432e-03)	L_Trg_Inj 6.8270e-03 (3.4042e-02)	Loss Disc 6.9207e-01 (6.9279e-01)	Loss Pred 6.2472e-01 (5.4138e-01)	Loss TOTAL 1.0058e+00 (8.9303e-01)
Epoch: [16][200/299]	L_Src_Sup 2.5476e-04 (7.0533e-03)	L_Trg_Inj 6.8766e-02 (3.5006e-02)	Loss Disc 6.9332e-01 (6.9280e-01)	Loss Pred 5.4708e-01 (5.4154e-01)	Loss TOTAL 9.0064e-01 (8.9406e-01)
Epoch: [16][210/299]	L_Src_Sup 2.5049e-03 (6.8991e-03)	L_Trg_Inj 1.6887e-02 (3.4485e-02)	Loss Disc 6.9270e-01 (6.9283e-01)	Loss Pred 5.4124e-01 (5.4066e-01)	Loss TOTAL 8.8952e-01 (8.9304e-01)
Epoch: [16][220/299]	L_Src_Sup 8.4495e-05 (6.8498e-03)	L_Trg_Inj 1.6748e-02 (3.3894e-02)	Loss Disc 6.9272e-01 (6.9285e-01)	Loss Pred 5.6663e-01 (5.4015e-01)	Loss TOTAL 9.1468e-01 (8.9241e-01)
Epoch: [16][230/299]	L_Src_Sup 0.0000e+00 (6.6409e-03)	L_Trg_Inj 3.8270e-03 (3.2869e-02)	Loss Disc 6.9260e-01 (6.9287e-01)	Loss Pred 5.5351e-01 (5.4004e-01)	Loss TOTAL 9.0019e-01 (8.9215e-01)
Epoch: [16][240/299]	L_Src_Sup 2.9937e-02 (6.5179e-03)	L_Trg_Inj 1.0995e-02 (3.1971e-02)	Loss Disc 6.9421e-01 (6.9287e-01)	Loss Pred 4.8457e-01 (5.4014e-01)	Loss TOTAL 8.5471e-01 (8.9216e-01)
Epoch: [16][250/299]	L_Src_Sup 3.1311e-03 (6.3857e-03)	L_Trg_Inj 6.0666e-03 (3.1089e-02)	Loss Disc 6.9286e-01 (6.9287e-01)	Loss Pred 5.4890e-01 (5.4015e-01)	Loss TOTAL 8.9625e-01 (8.9202e-01)
Epoch: [16][260/299]	L_Src_Sup 0.0000e+00 (6.2449e-03)	L_Trg_Inj 1.3278e-02 (3.0397e-02)	Loss Disc 6.9378e-01 (6.9288e-01)	Loss Pred 5.1604e-01 (5.4006e-01)	Loss TOTAL 8.6426e-01 (8.9181e-01)
Epoch: [16][270/299]	L_Src_Sup 0.0000e+00 (6.0141e-03)	L_Trg_Inj 7.1763e-03 (2.9519e-02)	Loss Disc 6.9351e-01 (6.9289e-01)	Loss Pred 5.0342e-01 (5.3925e-01)	Loss TOTAL 8.5090e-01 (8.9083e-01)
Epoch: [16][280/299]	L_Src_Sup 0.0000e+00 (5.8388e-03)	L_Trg_Inj 1.5680e-02 (2.8667e-02)	Loss Disc 6.9376e-01 (6.9290e-01)	Loss Pred 5.1577e-01 (5.3889e-01)	Loss TOTAL 8.6421e-01 (8.9032e-01)
Epoch: [16][290/299]	L_Src_Sup 1.0206e-02 (5.8155e-03)	L_Trg_Inj 7.4770e-03 (2.7961e-02)	Loss Disc 6.9370e-01 (6.9291e-01)	Loss Pred 5.1374e-01 (5.3890e-01)	Loss TOTAL 8.6508e-01 (8.9027e-01)
Epoch: [16][299/299]	L_Src_Sup 0.0000e+00 (5.6985e-03)	L_Trg_Inj 6.9439e-03 (2.7725e-02)	Loss Disc 6.9242e-01 (6.9291e-01)	Loss Pred 5.4714e-01 (5.3889e-01)	Loss TOTAL 8.9405e-01 (8.9018e-01)
Epoch 16 complete. Saving model state...
Epoch: [17][ 10/299]	L_Src_Sup 6.7041e-03 (8.3036e-03)	L_Trg_Inj 2.3142e-02 (1.3513e-02)	Loss Disc 6.9237e-01 (6.9286e-01)	Loss Pred 5.4855e-01 (5.4468e-01)	Loss TOTAL 8.9772e-01 (8.9712e-01)
Epoch: [17][ 20/299]	L_Src_Sup 3.8212e-03 (7.4160e-03)	L_Trg_Inj 2.3162e-02 (1.9330e-02)	Loss Disc 6.9260e-01 (6.9314e-01)	Loss Pred 5.8950e-01 (5.3850e-01)	Loss TOTAL 9.3850e-01 (8.8968e-01)
Epoch: [17][ 30/299]	L_Src_Sup 1.5233e-02 (9.5128e-03)	L_Trg_Inj 6.5256e-02 (2.4170e-02)	Loss Disc 6.9429e-01 (6.9314e-01)	Loss Pred 5.0358e-01 (5.4305e-01)	Loss TOTAL 8.5877e-01 (8.9480e-01)
Epoch: [17][ 40/299]	L_Src_Sup 0.0000e+00 (8.6808e-03)	L_Trg_Inj 7.0934e-03 (2.7373e-02)	Loss Disc 6.9318e-01 (6.9316e-01)	Loss Pred 4.9729e-01 (5.4307e-01)	Loss TOTAL 8.4459e-01 (8.9462e-01)
Epoch: [17][ 50/299]	L_Src_Sup 3.7420e-04 (7.7982e-03)	L_Trg_Inj 8.5462e-03 (2.4805e-02)	Loss Disc 6.9280e-01 (6.9315e-01)	Loss Pred 5.7274e-01 (5.3976e-01)	Loss TOTAL 9.2003e-01 (8.9121e-01)
Epoch: [17][ 60/299]	L_Src_Sup 2.9892e-03 (7.0972e-03)	L_Trg_Inj 4.6551e-03 (2.1862e-02)	Loss Disc 6.9327e-01 (6.9314e-01)	Loss Pred 4.9482e-01 (5.3937e-01)	Loss TOTAL 8.4221e-01 (8.9046e-01)
Epoch: [17][ 70/299]	L_Src_Sup 8.4747e-02 (9.0601e-03)	L_Trg_Inj 1.3531e-01 (2.2296e-02)	Loss Disc 6.9543e-01 (6.9315e-01)	Loss Pred 6.0434e-01 (5.4341e-01)	Loss TOTAL 9.7406e-01 (8.9534e-01)
Epoch: [17][ 80/299]	L_Src_Sup 6.4912e-04 (1.1657e-02)	L_Trg_Inj 1.2228e-01 (3.4503e-02)	Loss Disc 6.9255e-01 (6.9316e-01)	Loss Pred 5.8864e-01 (5.4983e-01)	Loss TOTAL 9.4721e-01 (9.0371e-01)
Epoch: [17][ 90/299]	L_Src_Sup 0.0000e+00 (1.1022e-02)	L_Trg_Inj 2.6264e-02 (3.6758e-02)	Loss Disc 6.9289e-01 (6.9316e-01)	Loss Pred 5.8700e-01 (5.4850e-01)	Loss TOTAL 9.3607e-01 (9.0225e-01)
Epoch: [17][100/299]	L_Src_Sup 2.5013e-05 (1.0261e-02)	L_Trg_Inj 5.8154e-03 (3.4734e-02)	Loss Disc 6.9271e-01 (6.9313e-01)	Loss Pred 5.3570e-01 (5.4707e-01)	Loss TOTAL 8.8264e-01 (9.0041e-01)
Epoch: [17][110/299]	L_Src_Sup 1.8319e-05 (9.4548e-03)	L_Trg_Inj 7.1583e-03 (3.2445e-02)	Loss Disc 6.9336e-01 (6.9309e-01)	Loss Pred 5.1696e-01 (5.4629e-01)	Loss TOTAL 8.6436e-01 (8.9909e-01)
Epoch: [17][120/299]	L_Src_Sup 0.0000e+00 (8.9295e-03)	L_Trg_Inj 2.8688e-03 (3.0408e-02)	Loss Disc 6.9309e-01 (6.9308e-01)	Loss Pred 5.4081e-01 (5.4472e-01)	Loss TOTAL 8.8764e-01 (8.9722e-01)
Epoch: [17][130/299]	L_Src_Sup 3.3274e-02 (8.6697e-03)	L_Trg_Inj 1.1835e-02 (2.8693e-02)	Loss Disc 6.9171e-01 (6.9299e-01)	Loss Pred 6.0223e-01 (5.4494e-01)	Loss TOTAL 9.7404e-01 (8.9724e-01)
Epoch: [17][140/299]	L_Src_Sup 0.0000e+00 (8.5138e-03)	L_Trg_Inj 2.0841e-02 (2.7376e-02)	Loss Disc 6.9420e-01 (6.9294e-01)	Loss Pred 4.9708e-01 (5.4407e-01)	Loss TOTAL 8.4627e-01 (8.9620e-01)
Epoch: [17][150/299]	L_Src_Sup 5.5117e-03 (8.0918e-03)	L_Trg_Inj 3.8042e-03 (2.6268e-02)	Loss Disc 6.8911e-01 (6.9281e-01)	Loss Pred 5.5962e-01 (5.4459e-01)	Loss TOTAL 9.0682e-01 (8.9640e-01)
Epoch: [17][160/299]	L_Src_Sup 7.6361e-03 (7.7004e-03)	L_Trg_Inj 1.2462e-02 (2.5274e-02)	Loss Disc 6.8303e-01 (6.9252e-01)	Loss Pred 6.0292e-01 (5.4596e-01)	Loss TOTAL 9.4644e-01 (8.9737e-01)
Epoch: [17][170/299]	L_Src_Sup 1.2613e-03 (7.3633e-03)	L_Trg_Inj 1.2418e-02 (2.4306e-02)	Loss Disc 6.8750e-01 (6.9252e-01)	Loss Pred 5.8961e-01 (5.4550e-01)	Loss TOTAL 9.3473e-01 (8.9672e-01)
Epoch: [17][180/299]	L_Src_Sup 0.0000e+00 (7.0941e-03)	L_Trg_Inj 8.6471e-03 (2.3461e-02)	Loss Disc 6.8602e-01 (6.9235e-01)	Loss Pred 5.7204e-01 (5.4541e-01)	Loss TOTAL 9.1592e-01 (8.9640e-01)
Epoch: [17][190/299]	L_Src_Sup 2.1595e-03 (6.9728e-03)	L_Trg_Inj 8.6276e-03 (2.3414e-02)	Loss Disc 6.8954e-01 (6.9243e-01)	Loss Pred 5.5346e-01 (5.4558e-01)	Loss TOTAL 8.9931e-01 (8.9653e-01)
Epoch: [17][200/299]	L_Src_Sup 0.0000e+00 (6.8742e-03)	L_Trg_Inj 2.9900e-02 (2.3672e-02)	Loss Disc 6.9342e-01 (6.9250e-01)	Loss Pred 5.5982e-01 (5.4482e-01)	Loss TOTAL 9.0952e-01 (8.9586e-01)
Epoch: [17][210/299]	L_Src_Sup 1.7613e-02 (6.8459e-03)	L_Trg_Inj 1.2872e-02 (2.3055e-02)	Loss Disc 6.9391e-01 (6.9256e-01)	Loss Pred 5.4107e-01 (5.4454e-01)	Loss TOTAL 8.9581e-01 (8.9564e-01)
Epoch: [17][220/299]	L_Src_Sup 0.0000e+00 (6.6889e-03)	L_Trg_Inj 8.5732e-03 (2.3208e-02)	Loss Disc 6.9289e-01 (6.9260e-01)	Loss Pred 5.2848e-01 (5.4416e-01)	Loss TOTAL 8.7578e-01 (8.9519e-01)
Epoch: [17][230/299]	L_Src_Sup 0.0000e+00 (6.4850e-03)	L_Trg_Inj 1.0019e-02 (2.2623e-02)	Loss Disc 6.9415e-01 (6.9262e-01)	Loss Pred 4.9134e-01 (5.4357e-01)	Loss TOTAL 8.3942e-01 (8.9450e-01)
Epoch: [17][240/299]	L_Src_Sup 0.0000e+00 (6.4131e-03)	L_Trg_Inj 2.1679e-02 (2.2094e-02)	Loss Disc 6.9319e-01 (6.9263e-01)	Loss Pred 5.4107e-01 (5.4278e-01)	Loss TOTAL 8.8984e-01 (8.9367e-01)
Epoch: [17][250/299]	L_Src_Sup 1.3056e-03 (6.2823e-03)	L_Trg_Inj 8.8667e-03 (2.1950e-02)	Loss Disc 6.9360e-01 (6.9264e-01)	Loss Pred 5.6635e-01 (5.4275e-01)	Loss TOTAL 9.1416e-01 (8.9354e-01)
Epoch: [17][260/299]	L_Src_Sup 2.1362e-04 (6.1806e-03)	L_Trg_Inj 1.4506e-02 (2.1649e-02)	Loss Disc 6.9324e-01 (6.9268e-01)	Loss Pred 5.4263e-01 (5.4233e-01)	Loss TOTAL 8.9072e-01 (8.9304e-01)
Epoch: [17][270/299]	L_Src_Sup 1.5050e-03 (6.0041e-03)	L_Trg_Inj 3.5723e-03 (2.1060e-02)	Loss Disc 6.9327e-01 (6.9270e-01)	Loss Pred 5.0331e-01 (5.4187e-01)	Loss TOTAL 8.5045e-01 (8.9247e-01)
Epoch: [17][280/299]	L_Src_Sup 1.0110e-03 (5.8092e-03)	L_Trg_Inj 4.2822e-03 (2.0511e-02)	Loss Disc 6.9323e-01 (6.9272e-01)	Loss Pred 5.2234e-01 (5.4151e-01)	Loss TOTAL 8.6948e-01 (8.9199e-01)
Epoch: [17][290/299]	L_Src_Sup 5.7741e-02 (6.5363e-03)	L_Trg_Inj 2.0144e-01 (2.1052e-02)	Loss Disc 6.9447e-01 (6.9275e-01)	Loss Pred 5.3493e-01 (5.4113e-01)	Loss TOTAL 9.0809e-01 (8.9201e-01)
Epoch: [17][299/299]	L_Src_Sup 0.0000e+00 (6.5867e-03)	L_Trg_Inj 1.1707e-01 (2.4703e-02)	Loss Disc 6.9355e-01 (6.9276e-01)	Loss Pred 4.7930e-01 (5.4138e-01)	Loss TOTAL 8.3778e-01 (8.9264e-01)
Epoch 17 complete. Saving model state...
Epoch: [18][ 10/299]	L_Src_Sup 1.3036e-03 (3.9437e-03)	L_Trg_Inj 1.0841e-02 (4.0503e-02)	Loss Disc 6.9265e-01 (6.9305e-01)	Loss Pred 5.4092e-01 (5.3879e-01)	Loss TOTAL 8.8846e-01 (8.8976e-01)
Epoch: [18][ 20/299]	L_Src_Sup 2.3132e-05 (3.1203e-03)	L_Trg_Inj 7.9353e-03 (2.5336e-02)	Loss Disc 6.9170e-01 (6.9286e-01)	Loss Pred 5.9812e-01 (5.4500e-01)	Loss TOTAL 9.4477e-01 (8.9519e-01)
Epoch: [18][ 30/299]	L_Src_Sup 1.8868e-02 (2.9007e-03)	L_Trg_Inj 9.2019e-03 (2.0191e-02)	Loss Disc 6.9316e-01 (6.9293e-01)	Loss Pred 5.2205e-01 (5.4335e-01)	Loss TOTAL 8.8110e-01 (8.9312e-01)
Epoch: [18][ 40/299]	L_Src_Sup 4.6630e-04 (2.5941e-03)	L_Trg_Inj 1.0601e-02 (1.8418e-02)	Loss Disc 6.9400e-01 (6.9302e-01)	Loss Pred 5.1700e-01 (5.4429e-01)	Loss TOTAL 8.6511e-01 (8.9365e-01)
Epoch: [18][ 50/299]	L_Src_Sup 1.7746e-03 (2.3037e-03)	L_Trg_Inj 1.4902e-02 (1.6474e-02)	Loss Disc 6.9385e-01 (6.9307e-01)	Loss Pred 5.3049e-01 (5.4360e-01)	Loss TOTAL 8.7908e-01 (8.9261e-01)
Epoch: [18][ 60/299]	L_Src_Sup 1.5631e-02 (2.4580e-03)	L_Trg_Inj 3.2730e-03 (1.4852e-02)	Loss Disc 6.9294e-01 (6.9306e-01)	Loss Pred 5.4002e-01 (5.4416e-01)	Loss TOTAL 9.0074e-01 (8.9313e-01)
Epoch: [18][ 70/299]	L_Src_Sup 0.0000e+00 (2.1665e-03)	L_Trg_Inj 1.0839e-03 (1.3130e-02)	Loss Disc 6.9366e-01 (6.9310e-01)	Loss Pred 5.2256e-01 (5.3981e-01)	Loss TOTAL 8.6950e-01 (8.8850e-01)
Epoch: [18][ 80/299]	L_Src_Sup 0.0000e+00 (1.9263e-03)	L_Trg_Inj 1.7133e-02 (1.2767e-02)	Loss Disc 6.9307e-01 (6.9312e-01)	Loss Pred 5.5343e-01 (5.4013e-01)	Loss TOTAL 9.0167e-01 (8.8869e-01)
Epoch: [18][ 90/299]	L_Src_Sup 0.0000e+00 (1.8560e-03)	L_Trg_Inj 5.5267e-03 (1.1874e-02)	Loss Disc 6.9312e-01 (6.9311e-01)	Loss Pred 5.2843e-01 (5.4097e-01)	Loss TOTAL 8.7554e-01 (8.8946e-01)
Epoch: [18][100/299]	L_Src_Sup 8.1029e-04 (2.1514e-03)	L_Trg_Inj 1.0238e-02 (1.1551e-02)	Loss Disc 6.9340e-01 (6.9315e-01)	Loss Pred 4.8474e-01 (5.4026e-01)	Loss TOTAL 8.3255e-01 (8.8907e-01)
Epoch: [18][110/299]	L_Src_Sup 5.4448e-03 (2.3165e-03)	L_Trg_Inj 1.6223e-02 (1.1049e-02)	Loss Disc 6.9185e-01 (6.9313e-01)	Loss Pred 5.6276e-01 (5.3998e-01)	Loss TOTAL 9.1085e-01 (8.8892e-01)
Epoch: [18][120/299]	L_Src_Sup 0.0000e+00 (2.3527e-03)	L_Trg_Inj 1.5944e-02 (1.0990e-02)	Loss Disc 6.9335e-01 (6.9308e-01)	Loss Pred 5.5375e-01 (5.3883e-01)	Loss TOTAL 9.0201e-01 (8.8776e-01)
Epoch: [18][130/299]	L_Src_Sup 0.0000e+00 (2.1717e-03)	L_Trg_Inj 3.9985e-03 (1.0503e-02)	Loss Disc 6.9180e-01 (6.9302e-01)	Loss Pred 5.0954e-01 (5.3849e-01)	Loss TOTAL 8.5585e-01 (8.8724e-01)
Epoch: [18][140/299]	L_Src_Sup 8.0465e-03 (3.2564e-03)	L_Trg_Inj 7.9112e-03 (1.0571e-02)	Loss Disc 6.9246e-01 (6.9301e-01)	Loss Pred 5.4826e-01 (5.3900e-01)	Loss TOTAL 8.9622e-01 (8.8864e-01)
Epoch: [18][150/299]	L_Src_Sup 6.8278e-03 (3.5579e-03)	L_Trg_Inj 2.0741e-02 (1.1258e-02)	Loss Disc 6.9142e-01 (6.9296e-01)	Loss Pred 5.0600e-01 (5.3865e-01)	Loss TOTAL 8.5447e-01 (8.8842e-01)
Epoch: [18][160/299]	L_Src_Sup 9.9112e-06 (3.6056e-03)	L_Trg_Inj 4.4098e-02 (1.2337e-02)	Loss Disc 6.9163e-01 (6.9290e-01)	Loss Pred 5.3579e-01 (5.3904e-01)	Loss TOTAL 8.8601e-01 (8.8884e-01)
Epoch: [18][170/299]	L_Src_Sup 0.0000e+00 (3.4359e-03)	L_Trg_Inj 1.3756e-02 (1.3068e-02)	Loss Disc 6.9227e-01 (6.9287e-01)	Loss Pred 5.2917e-01 (5.3929e-01)	Loss TOTAL 8.7668e-01 (8.8904e-01)
Epoch: [18][180/299]	L_Src_Sup 1.7890e-05 (3.3064e-03)	L_Trg_Inj 2.9433e-03 (1.2866e-02)	Loss Disc 6.9054e-01 (6.9284e-01)	Loss Pred 4.8100e-01 (5.3907e-01)	Loss TOTAL 8.2656e-01 (8.8867e-01)
Epoch: [18][190/299]	L_Src_Sup 1.7968e-02 (3.4075e-03)	L_Trg_Inj 4.7010e-03 (1.2647e-02)	Loss Disc 6.9266e-01 (6.9283e-01)	Loss Pred 5.9531e-01 (5.3973e-01)	Loss TOTAL 9.5718e-01 (8.8934e-01)
Epoch: [18][200/299]	L_Src_Sup 4.7505e-04 (3.3682e-03)	L_Trg_Inj 1.2051e-02 (1.2699e-02)	Loss Disc 6.9271e-01 (6.9278e-01)	Loss Pred 5.2851e-01 (5.3940e-01)	Loss TOTAL 8.7612e-01 (8.8892e-01)
Epoch: [18][210/299]	L_Src_Sup 8.5937e-03 (3.5148e-03)	L_Trg_Inj 2.4804e-02 (1.2946e-02)	Loss Disc 6.9123e-01 (6.9277e-01)	Loss Pred 4.8989e-01 (5.3978e-01)	Loss TOTAL 8.3884e-01 (8.8928e-01)
Epoch: [18][220/299]	L_Src_Sup 4.0580e-03 (3.5101e-03)	L_Trg_Inj 1.8364e-02 (1.3034e-02)	Loss Disc 6.9095e-01 (6.9272e-01)	Loss Pred 5.3864e-01 (5.3966e-01)	Loss TOTAL 8.8636e-01 (8.8908e-01)
Epoch: [18][230/299]	L_Src_Sup 2.5430e-05 (3.4154e-03)	L_Trg_Inj 8.8362e-03 (1.2803e-02)	Loss Disc 6.9084e-01 (6.9270e-01)	Loss Pred 4.9808e-01 (5.3860e-01)	Loss TOTAL 8.4438e-01 (8.8792e-01)
Epoch: [18][240/299]	L_Src_Sup 2.9606e-02 (3.6408e-03)	L_Trg_Inj 1.8386e-02 (1.2819e-02)	Loss Disc 6.9185e-01 (6.9266e-01)	Loss Pred 5.4496e-01 (5.3798e-01)	Loss TOTAL 9.0690e-01 (8.8736e-01)
Epoch: [18][250/299]	L_Src_Sup 0.0000e+00 (3.7148e-03)	L_Trg_Inj 1.0910e-02 (1.3902e-02)	Loss Disc 6.9334e-01 (6.9265e-01)	Loss Pred 5.1580e-01 (5.3786e-01)	Loss TOTAL 8.6356e-01 (8.8732e-01)
Epoch: [18][260/299]	L_Src_Sup 0.0000e+00 (3.6544e-03)	L_Trg_Inj 1.4914e-02 (1.3989e-02)	Loss Disc 6.9098e-01 (6.9261e-01)	Loss Pred 5.0996e-01 (5.3746e-01)	Loss TOTAL 8.5694e-01 (8.8685e-01)
Epoch: [18][270/299]	L_Src_Sup 1.0835e-02 (4.5080e-03)	L_Trg_Inj 8.0659e-02 (1.5161e-02)	Loss Disc 6.9185e-01 (6.9259e-01)	Loss Pred 5.2839e-01 (5.3788e-01)	Loss TOTAL 8.8346e-01 (8.8788e-01)
Epoch: [18][280/299]	L_Src_Sup 4.0708e-03 (4.8394e-03)	L_Trg_Inj 3.1087e-02 (1.5701e-02)	Loss Disc 6.9206e-01 (6.9259e-01)	Loss Pred 5.4539e-01 (5.3805e-01)	Loss TOTAL 8.9494e-01 (8.8808e-01)
Epoch: [18][290/299]	L_Src_Sup 2.1518e-03 (4.7437e-03)	L_Trg_Inj 6.6781e-03 (1.5600e-02)	Loss Disc 6.9382e-01 (6.9258e-01)	Loss Pred 5.4077e-01 (5.3833e-01)	Loss TOTAL 8.8857e-01 (8.8827e-01)
Epoch: [18][299/299]	L_Src_Sup 1.0933e-02 (4.8279e-03)	L_Trg_Inj 3.0088e-02 (1.6122e-02)	Loss Disc 6.9227e-01 (6.9258e-01)	Loss Pred 5.4726e-01 (5.3807e-01)	Loss TOTAL 8.9750e-01 (8.8815e-01)
Epoch 18 complete. Saving model state...
Epoch: [19][ 10/299]	L_Src_Sup 0.0000e+00 (0.0000e+00)	L_Trg_Inj 7.7153e-03 (1.0521e-02)	Loss Disc 6.9231e-01 (6.9220e-01)	Loss Pred 5.0944e-01 (5.3087e-01)	Loss TOTAL 8.5637e-01 (8.7803e-01)
Epoch: [19][ 20/299]	L_Src_Sup 0.0000e+00 (1.2803e-03)	L_Trg_Inj 8.7199e-03 (1.0271e-02)	Loss Disc 6.9291e-01 (6.9263e-01)	Loss Pred 5.8224e-01 (5.4379e-01)	Loss TOTAL 9.2956e-01 (8.9139e-01)
Epoch: [19][ 30/299]	L_Src_Sup 4.8635e-04 (2.3184e-03)	L_Trg_Inj 8.8944e-03 (1.0460e-02)	Loss Disc 6.9249e-01 (6.9256e-01)	Loss Pred 5.3457e-01 (5.4427e-01)	Loss TOTAL 8.8175e-01 (8.9236e-01)
Epoch: [19][ 40/299]	L_Src_Sup 0.0000e+00 (2.4633e-03)	L_Trg_Inj 9.5754e-04 (1.1048e-02)	Loss Disc 6.9308e-01 (6.9252e-01)	Loss Pred 5.1580e-01 (5.4306e-01)	Loss TOTAL 8.6243e-01 (8.9144e-01)
Epoch: [19][ 50/299]	L_Src_Sup 3.1742e-03 (2.2827e-03)	L_Trg_Inj 2.5651e-03 (1.0003e-02)	Loss Disc 6.9247e-01 (6.9254e-01)	Loss Pred 5.1977e-01 (5.4195e-01)	Loss TOTAL 8.6718e-01 (8.9007e-01)
Epoch: [19][ 60/299]	L_Src_Sup 0.0000e+00 (2.5468e-03)	L_Trg_Inj 7.1955e-03 (1.0783e-02)	Loss Disc 6.9188e-01 (6.9249e-01)	Loss Pred 5.4077e-01 (5.4253e-01)	Loss TOTAL 8.8743e-01 (8.9096e-01)
Epoch: [19][ 70/299]	L_Src_Sup 1.9103e-02 (2.6689e-03)	L_Trg_Inj 9.0402e-03 (1.0813e-02)	Loss Disc 6.9006e-01 (6.9240e-01)	Loss Pred 5.0170e-01 (5.4068e-01)	Loss TOTAL 8.5961e-01 (8.8910e-01)
Epoch: [19][ 80/299]	L_Src_Sup 2.9903e-02 (2.8669e-03)	L_Trg_Inj 8.3438e-03 (1.0281e-02)	Loss Disc 6.9127e-01 (6.9244e-01)	Loss Pred 5.1579e-01 (5.3982e-01)	Loss TOTAL 8.8681e-01 (8.8839e-01)
Epoch: [19][ 90/299]	L_Src_Sup 3.8985e-04 (3.1934e-03)	L_Trg_Inj 4.9116e-03 (1.1082e-02)	Loss Disc 6.9132e-01 (6.9238e-01)	Loss Pred 4.9814e-01 (5.3887e-01)	Loss TOTAL 8.4433e-01 (8.8770e-01)
Epoch: [19][100/299]	L_Src_Sup 0.0000e+00 (2.9769e-03)	L_Trg_Inj 1.6013e-02 (1.0956e-02)	Loss Disc 6.9391e-01 (6.9245e-01)	Loss Pred 5.8481e-01 (5.4056e-01)	Loss TOTAL 9.3336e-01 (8.8926e-01)
Epoch: [19][110/299]	L_Src_Sup 5.0874e-03 (2.9834e-03)	L_Trg_Inj 9.5099e-03 (1.0433e-02)	Loss Disc 6.9224e-01 (6.9243e-01)	Loss Pred 5.2393e-01 (5.4030e-01)	Loss TOTAL 8.7151e-01 (8.8901e-01)
Epoch: [19][120/299]	L_Src_Sup 0.0000e+00 (2.9305e-03)	L_Trg_Inj 6.0448e-03 (1.0161e-02)	Loss Disc 6.9309e-01 (6.9245e-01)	Loss Pred 5.4107e-01 (5.4089e-01)	Loss TOTAL 8.8822e-01 (8.8958e-01)
Epoch: [19][130/299]	L_Src_Sup 0.0000e+00 (2.7681e-03)	L_Trg_Inj 4.9210e-03 (9.8571e-03)	Loss Disc 6.9245e-01 (6.9246e-01)	Loss Pred 5.3456e-01 (5.4135e-01)	Loss TOTAL 8.8128e-01 (8.8991e-01)
Epoch: [19][140/299]	L_Src_Sup 0.0000e+00 (2.6144e-03)	L_Trg_Inj 7.5345e-03 (9.6058e-03)	Loss Disc 6.9089e-01 (6.9243e-01)	Loss Pred 5.2919e-01 (5.4061e-01)	Loss TOTAL 8.7539e-01 (8.8904e-01)
Epoch: [19][150/299]	L_Src_Sup 2.2026e-03 (2.8272e-03)	L_Trg_Inj 5.3276e-03 (9.2769e-03)	Loss Disc 6.9371e-01 (6.9242e-01)	Loss Pred 5.0269e-01 (5.3974e-01)	Loss TOTAL 8.5030e-01 (8.8838e-01)
Epoch: [19][160/299]	L_Src_Sup 4.7528e-03 (3.2495e-03)	L_Trg_Inj 7.1289e-02 (9.7045e-03)	Loss Disc 6.9370e-01 (6.9250e-01)	Loss Pred 5.7222e-01 (5.4033e-01)	Loss TOTAL 9.2667e-01 (8.8930e-01)
Epoch: [19][170/299]	L_Src_Sup 1.2689e-04 (3.6127e-03)	L_Trg_Inj 4.6854e-02 (1.3821e-02)	Loss Disc 6.9326e-01 (6.9254e-01)	Loss Pred 5.3620e-01 (5.4040e-01)	Loss TOTAL 8.8753e-01 (8.8992e-01)
Epoch: [19][180/299]	L_Src_Sup 0.0000e+00 (3.5148e-03)	L_Trg_Inj 5.0699e-03 (1.3937e-02)	Loss Disc 6.9325e-01 (6.9258e-01)	Loss Pred 5.3492e-01 (5.3995e-01)	Loss TOTAL 8.8205e-01 (8.8949e-01)
Epoch: [19][190/299]	L_Src_Sup 0.0000e+00 (3.4629e-03)	L_Trg_Inj 1.2719e-02 (1.3711e-02)	Loss Disc 6.9303e-01 (6.9261e-01)	Loss Pred 5.2222e-01 (5.3987e-01)	Loss TOTAL 8.7001e-01 (8.8934e-01)
Epoch: [19][200/299]	L_Src_Sup 2.8523e-03 (3.3384e-03)	L_Trg_Inj 1.2049e-02 (1.3434e-02)	Loss Disc 6.9202e-01 (6.9261e-01)	Loss Pred 5.4271e-01 (5.3971e-01)	Loss TOTAL 8.9021e-01 (8.8907e-01)
Epoch: [19][210/299]	L_Src_Sup 5.9091e-03 (3.3391e-03)	L_Trg_Inj 7.6422e-03 (1.3185e-02)	Loss Disc 6.9200e-01 (6.9258e-01)	Loss Pred 5.0832e-01 (5.3948e-01)	Loss TOTAL 8.5567e-01 (8.8874e-01)
Epoch: [19][220/299]	L_Src_Sup 1.9484e-02 (3.3385e-03)	L_Trg_Inj 6.4947e-03 (1.2774e-02)	Loss Disc 6.8807e-01 (6.9249e-01)	Loss Pred 5.4060e-01 (5.3942e-01)	Loss TOTAL 9.0022e-01 (8.8867e-01)
Epoch: [19][230/299]	L_Src_Sup 1.6102e-03 (3.2337e-03)	L_Trg_Inj 4.2417e-03 (1.2404e-02)	Loss Disc 6.9196e-01 (6.9252e-01)	Loss Pred 5.7230e-01 (5.3927e-01)	Loss TOTAL 9.1886e-01 (8.8842e-01)
Epoch: [19][240/299]	L_Src_Sup 0.0000e+00 (3.2352e-03)	L_Trg_Inj 1.0090e-02 (1.2325e-02)	Loss Disc 6.9249e-01 (6.9255e-01)	Loss Pred 5.6664e-01 (5.3862e-01)	Loss TOTAL 9.1389e-01 (8.8780e-01)
Epoch: [19][250/299]	L_Src_Sup 0.0000e+00 (3.5366e-03)	L_Trg_Inj 1.3970e-01 (1.3956e-02)	Loss Disc 6.9440e-01 (6.9256e-01)	Loss Pred 5.7069e-01 (5.3882e-01)	Loss TOTAL 9.3186e-01 (8.8834e-01)
Epoch: [19][260/299]	L_Src_Sup 7.7062e-04 (3.5082e-03)	L_Trg_Inj 1.4617e-02 (1.5322e-02)	Loss Disc 6.9466e-01 (6.9261e-01)	Loss Pred 5.1845e-01 (5.3839e-01)	Loss TOTAL 8.6732e-01 (8.8802e-01)
Epoch: [19][270/299]	L_Src_Sup 0.0000e+00 (3.5228e-03)	L_Trg_Inj 8.7173e-03 (1.5103e-02)	Loss Disc 6.9398e-01 (6.9264e-01)	Loss Pred 5.3513e-01 (5.3793e-01)	Loss TOTAL 8.8299e-01 (8.8754e-01)
Epoch: [19][280/299]	L_Src_Sup 0.0000e+00 (3.4170e-03)	L_Trg_Inj 3.1282e-03 (1.4839e-02)	Loss Disc 6.9204e-01 (6.9266e-01)	Loss Pred 5.8543e-01 (5.3779e-01)	Loss TOTAL 9.3176e-01 (8.8732e-01)
Epoch: [19][290/299]	L_Src_Sup 0.0000e+00 (3.4038e-03)	L_Trg_Inj 1.6811e-02 (1.4735e-02)	Loss Disc 6.9360e-01 (6.9269e-01)	Loss Pred 5.7265e-01 (5.3749e-01)	Loss TOTAL 9.2114e-01 (8.8700e-01)
Epoch: [19][299/299]	L_Src_Sup 3.4703e-04 (3.3528e-03)	L_Trg_Inj 3.8429e-03 (1.4574e-02)	Loss Disc 6.9304e-01 (6.9271e-01)	Loss Pred 5.3452e-01 (5.3762e-01)	Loss TOTAL 8.8146e-01 (8.8710e-01)
Epoch 19 complete. Saving model state...
