Using device: cuda
Loading Source Train...
Using Mean/Std calculated from Source Train (mean[0]=17.56404310385394, std[0]=2.9524771517385417)
Loading Target Train...
Epoch: [0][ 10/497]	L_Src_Sup 1.9999e+00 (1.9999e+00)	L_Trg_Inj 1.9999e+00 (1.9999e+00)	Loss Disc 7.1812e-01 (7.2117e-01)	Loss Pred 9.0929e-01 (8.7401e-01)	Loss TOTAL 1.6683e+00 (1.6346e+00)
Epoch: [0][ 20/497]	L_Src_Sup 1.9994e+00 (1.9999e+00)	L_Trg_Inj 1.9995e+00 (1.9999e+00)	Loss Disc 7.0855e-01 (7.1717e-01)	Loss Pred 8.5896e-01 (8.6785e-01)	Loss TOTAL 1.6131e+00 (1.6264e+00)
Epoch: [0][ 30/497]	L_Src_Sup 1.8275e+00 (1.9690e+00)	L_Trg_Inj 1.8483e+00 (1.9662e+00)	Loss Disc 6.9959e-01 (7.1246e-01)	Loss Pred 8.4040e-01 (8.7488e-01)	Loss TOTAL 1.5578e+00 (1.6284e+00)
Epoch: [0][ 40/497]	L_Src_Sup 4.8669e-01 (1.7841e+00)	L_Trg_Inj 4.3479e-01 (1.7754e+00)	Loss Disc 6.9569e-01 (7.0857e-01)	Loss Pred 8.9903e-01 (8.7696e-01)	Loss TOTAL 1.3909e+00 (1.6012e+00)
Epoch: [0][ 50/497]	L_Src_Sup 3.0601e-01 (1.5179e+00)	L_Trg_Inj 2.2220e-01 (1.5279e+00)	Loss Disc 6.9446e-01 (7.0589e-01)	Loss Pred 8.9846e-01 (8.7748e-01)	Loss TOTAL 1.3823e+00 (1.5514e+00)
Epoch: [0][ 60/497]	L_Src_Sup 1.9894e+00 (1.5923e+00)	L_Trg_Inj 1.9893e+00 (1.5985e+00)	Loss Disc 6.9480e-01 (7.0413e-01)	Loss Pred 8.6368e-01 (8.8012e-01)	Loss TOTAL 1.6090e+00 (1.5672e+00)
Epoch: [0][ 70/497]	L_Src_Sup 1.8406e+00 (1.6429e+00)	L_Trg_Inj 1.8477e+00 (1.6486e+00)	Loss Disc 6.9417e-01 (7.0274e-01)	Loss Pred 9.6938e-01 (8.8131e-01)	Loss TOTAL 1.6853e+00 (1.5755e+00)
Epoch: [0][ 80/497]	L_Src_Sup 4.8731e-01 (1.5474e+00)	L_Trg_Inj 4.7155e-01 (1.5510e+00)	Loss Disc 6.9387e-01 (7.0167e-01)	Loss Pred 8.8864e-01 (8.8212e-01)	Loss TOTAL 1.3472e+00 (1.5597e+00)
Epoch: [0][ 90/497]	L_Src_Sup 5.0084e-01 (1.4492e+00)	L_Trg_Inj 5.6168e-01 (1.4620e+00)	Loss Disc 6.9392e-01 (7.0082e-01)	Loss Pred 9.3385e-01 (8.8087e-01)	Loss TOTAL 1.3871e+00 (1.5379e+00)
Epoch: [0][100/497]	L_Src_Sup 4.8863e-01 (1.3372e+00)	L_Trg_Inj 5.4073e-01 (1.3602e+00)	Loss Disc 6.9371e-01 (7.0008e-01)	Loss Pred 8.8771e-01 (8.8172e-01)	Loss TOTAL 1.3375e+00 (1.5161e+00)
Epoch: [0][110/497]	L_Src_Sup 5.2929e-01 (1.2646e+00)	L_Trg_Inj 4.2956e-01 (1.2795e+00)	Loss Disc 6.9230e-01 (6.9941e-01)	Loss Pred 8.3050e-01 (8.8275e-01)	Loss TOTAL 1.3723e+00 (1.5064e+00)
Epoch: [0][120/497]	L_Src_Sup 3.3793e-01 (1.1931e+00)	L_Trg_Inj 3.3651e-01 (1.2113e+00)	Loss Disc 6.9276e-01 (6.9882e-01)	Loss Pred 9.0564e-01 (8.8302e-01)	Loss TOTAL 1.3209e+00 (1.4914e+00)
Epoch: [0][130/497]	L_Src_Sup 2.5130e-01 (1.1228e+00)	L_Trg_Inj 3.1957e-01 (1.1501e+00)	Loss Disc 6.9186e-01 (6.9828e-01)	Loss Pred 7.8888e-01 (8.8230e-01)	Loss TOTAL 1.1919e+00 (1.4759e+00)
Epoch: [0][140/497]	L_Src_Sup 2.2541e-01 (1.0599e+00)	L_Trg_Inj 3.8521e-01 (1.0988e+00)	Loss Disc 6.9158e-01 (6.9779e-01)	Loss Pred 9.2547e-01 (8.8410e-01)	Loss TOTAL 1.3323e+00 (1.4648e+00)
Epoch: [0][150/497]	L_Src_Sup 2.5246e-01 (1.0053e+00)	L_Trg_Inj 2.9923e-01 (1.0488e+00)	Loss Disc 6.9143e-01 (6.9732e-01)	Loss Pred 8.7628e-01 (8.8555e-01)	Loss TOTAL 1.2772e+00 (1.4547e+00)
Epoch: [0][160/497]	L_Src_Sup 2.6406e-01 (9.5561e-01)	L_Trg_Inj 2.7064e-01 (1.0061e+00)	Loss Disc 6.9171e-01 (6.9686e-01)	Loss Pred 8.7488e-01 (8.8489e-01)	Loss TOTAL 1.2742e+00 (1.4438e+00)
Epoch: [0][170/497]	L_Src_Sup 2.1508e-01 (9.1315e-01)	L_Trg_Inj 3.2989e-01 (9.6704e-01)	Loss Disc 6.9025e-01 (6.9647e-01)	Loss Pred 9.0563e-01 (8.8558e-01)	Loss TOTAL 1.3053e+00 (1.4353e+00)
Epoch: [0][180/497]	L_Src_Sup 2.3826e-01 (8.7415e-01)	L_Trg_Inj 3.2551e-01 (9.3371e-01)	Loss Disc 6.9229e-01 (6.9610e-01)	Loss Pred 8.6482e-01 (8.8541e-01)	Loss TOTAL 1.2673e+00 (1.4270e+00)
Epoch: [0][190/497]	L_Src_Sup 2.6496e-01 (8.3922e-01)	L_Trg_Inj 2.9877e-01 (9.0476e-01)	Loss Disc 6.8819e-01 (6.9567e-01)	Loss Pred 9.0425e-01 (8.8455e-01)	Loss TOTAL 1.3047e+00 (1.4189e+00)
Epoch: [0][200/497]	L_Src_Sup 1.7748e-01 (8.0775e-01)	L_Trg_Inj 2.1350e-01 (8.7546e-01)	Loss Disc 6.9389e-01 (6.9541e-01)	Loss Pred 9.0446e-01 (8.8465e-01)	Loss TOTAL 1.2905e+00 (1.4122e+00)
Epoch: [0][210/497]	L_Src_Sup 3.6217e-01 (7.8017e-01)	L_Trg_Inj 4.7757e-01 (8.5414e-01)	Loss Disc 6.8862e-01 (6.9512e-01)	Loss Pred 8.9069e-01 (8.8465e-01)	Loss TOTAL 1.3190e+00 (1.4067e+00)
Epoch: [0][220/497]	L_Src_Sup 2.2860e-01 (7.5448e-01)	L_Trg_Inj 3.5423e-01 (8.3281e-01)	Loss Disc 6.9176e-01 (6.9492e-01)	Loss Pred 9.3232e-01 (8.8371e-01)	Loss TOTAL 1.3365e+00 (1.4005e+00)
Epoch: [0][230/497]	L_Src_Sup 2.2489e-01 (7.3166e-01)	L_Trg_Inj 2.6062e-01 (8.1334e-01)	Loss Disc 6.9011e-01 (6.9473e-01)	Loss Pred 8.7913e-01 (8.8339e-01)	Loss TOTAL 1.2727e+00 (1.3954e+00)
Epoch: [0][240/497]	L_Src_Sup 2.9339e-01 (7.1048e-01)	L_Trg_Inj 5.3127e-01 (7.9461e-01)	Loss Disc 6.8795e-01 (6.9457e-01)	Loss Pred 9.2075e-01 (8.8357e-01)	Loss TOTAL 1.3472e+00 (1.3912e+00)
Epoch: [0][250/497]	L_Src_Sup 2.8233e-01 (6.9155e-01)	L_Trg_Inj 5.2582e-01 (7.7846e-01)	Loss Disc 6.9010e-01 (6.9444e-01)	Loss Pred 8.8413e-01 (8.8341e-01)	Loss TOTAL 1.3100e+00 (1.3872e+00)
Epoch: [0][260/497]	L_Src_Sup 5.8446e-01 (6.8418e-01)	L_Trg_Inj 3.8090e-01 (7.6486e-01)	Loss Disc 6.9350e-01 (6.9439e-01)	Loss Pred 8.8449e-01 (8.8304e-01)	Loss TOTAL 1.5313e+00 (1.3881e+00)
Epoch: [0][270/497]	L_Src_Sup 3.1502e-01 (6.7376e-01)	L_Trg_Inj 1.9399e-01 (7.4681e-01)	Loss Disc 6.9372e-01 (6.9434e-01)	Loss Pred 8.8857e-01 (8.8284e-01)	Loss TOTAL 1.4074e+00 (1.3892e+00)
Epoch: [0][280/497]	L_Src_Sup 4.4336e-01 (6.6714e-01)	L_Trg_Inj 4.1153e-01 (7.3593e-01)	Loss Disc 6.9318e-01 (6.9431e-01)	Loss Pred 8.7265e-01 (8.8306e-01)	Loss TOTAL 1.3366e+00 (1.3892e+00)
Epoch: [0][290/497]	L_Src_Sup 6.3160e-01 (6.5886e-01)	L_Trg_Inj 5.6804e-01 (7.2347e-01)	Loss Disc 6.9281e-01 (6.9427e-01)	Loss Pred 8.0362e-01 (8.8286e-01)	Loss TOTAL 1.3336e+00 (1.3887e+00)
Epoch: [0][300/497]	L_Src_Sup 2.9760e-01 (6.5351e-01)	L_Trg_Inj 3.7121e-01 (7.1746e-01)	Loss Disc 6.9300e-01 (6.9424e-01)	Loss Pred 9.6350e-01 (8.8337e-01)	Loss TOTAL 1.3769e+00 (1.3877e+00)
Epoch: [0][310/497]	L_Src_Sup 1.9740e-01 (6.4383e-01)	L_Trg_Inj 2.5970e-01 (7.0280e-01)	Loss Disc 6.9237e-01 (6.9419e-01)	Loss Pred 7.5720e-01 (8.8249e-01)	Loss TOTAL 1.1491e+00 (1.3870e+00)
Epoch: [0][320/497]	L_Src_Sup 2.9155e-01 (6.3255e-01)	L_Trg_Inj 1.7765e-01 (6.8607e-01)	Loss Disc 6.9291e-01 (6.9414e-01)	Loss Pred 8.7120e-01 (8.8245e-01)	Loss TOTAL 1.3785e+00 (1.3871e+00)
Epoch: [0][330/497]	L_Src_Sup 4.1207e-01 (6.2659e-01)	L_Trg_Inj 3.9672e-01 (6.7863e-01)	Loss Disc 6.9287e-01 (6.9412e-01)	Loss Pred 8.3606e-01 (8.8182e-01)	Loss TOTAL 1.2787e+00 (1.3853e+00)
Epoch: [0][340/497]	L_Src_Sup 3.5280e-01 (6.1821e-01)	L_Trg_Inj 2.7148e-01 (6.6756e-01)	Loss Disc 6.9337e-01 (6.9409e-01)	Loss Pred 8.8191e-01 (8.8153e-01)	Loss TOTAL 1.3723e+00 (1.3846e+00)
Epoch: [0][350/497]	L_Src_Sup 2.2667e-01 (6.1030e-01)	L_Trg_Inj 3.3549e-01 (6.5895e-01)	Loss Disc 6.9285e-01 (6.9407e-01)	Loss Pred 9.6175e-01 (8.8177e-01)	Loss TOTAL 1.3644e+00 (1.3834e+00)
Epoch: [0][360/497]	L_Src_Sup 4.2370e-01 (6.0155e-01)	L_Trg_Inj 2.9970e-01 (6.4878e-01)	Loss Disc 6.9348e-01 (6.9404e-01)	Loss Pred 9.2566e-01 (8.8209e-01)	Loss TOTAL 1.4687e+00 (1.3819e+00)
Epoch: [0][370/497]	L_Src_Sup 4.5452e-01 (5.9572e-01)	L_Trg_Inj 4.2519e-01 (6.4102e-01)	Loss Disc 6.9342e-01 (6.9402e-01)	Loss Pred 9.1346e-01 (8.8184e-01)	Loss TOTAL 1.3775e+00 (1.3808e+00)
Epoch: [0][380/497]	L_Src_Sup 4.7121e-01 (5.9065e-01)	L_Trg_Inj 4.4217e-01 (6.3508e-01)	Loss Disc 6.9355e-01 (6.9401e-01)	Loss Pred 8.8008e-01 (8.8141e-01)	Loss TOTAL 1.3472e+00 (1.3801e+00)
Epoch: [0][390/497]	L_Src_Sup 4.1809e-01 (5.8543e-01)	L_Trg_Inj 5.7393e-01 (6.2932e-01)	Loss Disc 6.9361e-01 (6.9399e-01)	Loss Pred 9.0062e-01 (8.8132e-01)	Loss TOTAL 1.3466e+00 (1.3788e+00)
Epoch: [0][400/497]	L_Src_Sup 4.5329e-01 (5.8043e-01)	L_Trg_Inj 3.6836e-01 (6.2380e-01)	Loss Disc 6.9336e-01 (6.9398e-01)	Loss Pred 9.2136e-01 (8.8217e-01)	Loss TOTAL 1.4351e+00 (1.3783e+00)
Epoch: [0][410/497]	L_Src_Sup 3.7034e-01 (5.7544e-01)	L_Trg_Inj 3.1797e-01 (6.1879e-01)	Loss Disc 6.9333e-01 (6.9397e-01)	Loss Pred 8.7312e-01 (8.8174e-01)	Loss TOTAL 1.3410e+00 (1.3770e+00)
Epoch: [0][420/497]	L_Src_Sup 3.6176e-01 (5.7249e-01)	L_Trg_Inj 5.3247e-01 (6.1580e-01)	Loss Disc 6.9334e-01 (6.9395e-01)	Loss Pred 8.3106e-01 (8.8126e-01)	Loss TOTAL 1.2672e+00 (1.3757e+00)
Epoch: [0][430/497]	L_Src_Sup 4.8420e-01 (5.6835e-01)	L_Trg_Inj 3.0953e-01 (6.1132e-01)	Loss Disc 6.9321e-01 (6.9394e-01)	Loss Pred 9.3048e-01 (8.8111e-01)	Loss TOTAL 1.5311e+00 (1.3752e+00)
Epoch: [0][440/497]	L_Src_Sup 2.9541e-01 (5.6247e-01)	L_Trg_Inj 4.3620e-01 (6.0495e-01)	Loss Disc 6.9348e-01 (6.9392e-01)	Loss Pred 8.0304e-01 (8.8067e-01)	Loss TOTAL 1.2229e+00 (1.3733e+00)
Epoch: [0][450/497]	L_Src_Sup 4.0092e-01 (5.6022e-01)	L_Trg_Inj 4.7323e-01 (6.0162e-01)	Loss Disc 6.9334e-01 (6.9391e-01)	Loss Pred 9.1155e-01 (8.8033e-01)	Loss TOTAL 1.3456e+00 (1.3729e+00)
Epoch: [0][460/497]	L_Src_Sup 2.1509e-01 (5.5524e-01)	L_Trg_Inj 4.2835e-01 (5.9716e-01)	Loss Disc 6.9327e-01 (6.9390e-01)	Loss Pred 8.8907e-01 (8.8042e-01)	Loss TOTAL 1.3001e+00 (1.3716e+00)
Epoch: [0][470/497]	L_Src_Sup 2.5831e-01 (5.4985e-01)	L_Trg_Inj 2.7787e-01 (5.9074e-01)	Loss Disc 6.9321e-01 (6.9388e-01)	Loss Pred 8.7697e-01 (8.7997e-01)	Loss TOTAL 1.2772e+00 (1.3701e+00)
Epoch: [0][480/497]	L_Src_Sup 3.3309e-01 (5.4383e-01)	L_Trg_Inj 3.4466e-01 (5.8421e-01)	Loss Disc 6.9304e-01 (6.9387e-01)	Loss Pred 8.8754e-01 (8.7956e-01)	Loss TOTAL 1.3018e+00 (1.3684e+00)
Epoch: [0][490/497]	L_Src_Sup 2.5615e-01 (5.3897e-01)	L_Trg_Inj 3.0344e-01 (5.7877e-01)	Loss Disc 6.9362e-01 (6.9386e-01)	Loss Pred 8.5639e-01 (8.7869e-01)	Loss TOTAL 1.2592e+00 (1.3667e+00)
Epoch: [0][497/497]	L_Src_Sup 1.7645e-01 (5.3475e-01)	L_Trg_Inj 5.1791e-01 (5.7509e-01)	Loss Disc 6.9284e-01 (6.9385e-01)	Loss Pred 8.0525e-01 (8.7814e-01)	Loss TOTAL 1.2211e+00 (1.3655e+00)
Epoch 0 complete. Saving model state...
Epoch: [1][ 10/497]	L_Src_Sup 4.7095e-01 (3.4300e-01)	L_Trg_Inj 4.8874e-01 (3.4984e-01)	Loss Disc 6.9336e-01 (6.9350e-01)	Loss Pred 7.7161e-01 (8.0971e-01)	Loss TOTAL 1.2143e+00 (1.2477e+00)
Epoch: [1][ 20/497]	L_Src_Sup 7.5743e-01 (4.5464e-01)	L_Trg_Inj 1.2502e+00 (5.0631e-01)	Loss Disc 6.9312e-01 (6.9340e-01)	Loss Pred 8.9332e-01 (8.3632e-01)	Loss TOTAL 1.4406e+00 (1.3032e+00)
Epoch: [1][ 30/497]	L_Src_Sup 4.2439e-01 (4.6991e-01)	L_Trg_Inj 2.5850e-01 (5.2973e-01)	Loss Disc 6.9364e-01 (6.9334e-01)	Loss Pred 8.3725e-01 (8.4806e-01)	Loss TOTAL 1.4183e+00 (1.3163e+00)
Epoch: [1][ 40/497]	L_Src_Sup 2.7565e-01 (4.2848e-01)	L_Trg_Inj 4.2288e-01 (4.9290e-01)	Loss Disc 6.9353e-01 (6.9334e-01)	Loss Pred 7.9821e-01 (8.3825e-01)	Loss TOTAL 1.2148e+00 (1.2971e+00)
Epoch: [1][ 50/497]	L_Src_Sup 1.9527e-01 (4.0463e-01)	L_Trg_Inj 3.3640e-01 (4.6600e-01)	Loss Disc 6.9199e-01 (6.9324e-01)	Loss Pred 7.4323e-01 (8.2822e-01)	Loss TOTAL 1.1424e+00 (1.2820e+00)
Epoch: [1][ 60/497]	L_Src_Sup 2.1170e-01 (3.8947e-01)	L_Trg_Inj 4.5938e-01 (4.5780e-01)	Loss Disc 6.9431e-01 (6.9329e-01)	Loss Pred 8.2720e-01 (8.1827e-01)	Loss TOTAL 1.2415e+00 (1.2684e+00)
Epoch: [1][ 70/497]	L_Src_Sup 3.5969e-01 (3.7438e-01)	L_Trg_Inj 2.9536e-01 (4.4514e-01)	Loss Disc 6.9361e-01 (6.9331e-01)	Loss Pred 7.5398e-01 (8.0990e-01)	Loss TOTAL 1.2306e+00 (1.2567e+00)
Epoch: [1][ 80/497]	L_Src_Sup 2.5509e-01 (3.6295e-01)	L_Trg_Inj 3.4920e-01 (4.3424e-01)	Loss Disc 6.9349e-01 (6.9335e-01)	Loss Pred 7.2777e-01 (8.0230e-01)	Loss TOTAL 1.1349e+00 (1.2471e+00)
Epoch: [1][ 90/497]	L_Src_Sup 3.8654e-01 (3.5211e-01)	L_Trg_Inj 3.9287e-01 (4.2553e-01)	Loss Disc 6.9309e-01 (6.9335e-01)	Loss Pred 7.9655e-01 (7.9207e-01)	Loss TOTAL 1.2210e+00 (1.2332e+00)
Epoch: [1][100/497]	L_Src_Sup 3.3969e-01 (3.4503e-01)	L_Trg_Inj 4.2079e-01 (4.1747e-01)	Loss Disc 6.9302e-01 (6.9336e-01)	Loss Pred 6.5747e-01 (7.8524e-01)	Loss TOTAL 1.0800e+00 (1.2247e+00)
Epoch: [1][110/497]	L_Src_Sup 1.5067e-01 (3.3540e-01)	L_Trg_Inj 3.0406e-01 (4.0953e-01)	Loss Disc 6.9218e-01 (6.9329e-01)	Loss Pred 7.3962e-01 (7.7725e-01)	Loss TOTAL 1.1312e+00 (1.2134e+00)
Epoch: [1][120/497]	L_Src_Sup 2.7017e-01 (3.3259e-01)	L_Trg_Inj 3.6389e-01 (4.0344e-01)	Loss Disc 6.8761e-01 (6.9314e-01)	Loss Pred 6.9822e-01 (7.7097e-01)	Loss TOTAL 1.1054e+00 (1.2069e+00)
Epoch: [1][130/497]	L_Src_Sup 3.0223e-01 (3.2559e-01)	L_Trg_Inj 3.2831e-01 (3.9806e-01)	Loss Disc 6.8720e-01 (6.9284e-01)	Loss Pred 6.4871e-01 (7.6456e-01)	Loss TOTAL 1.0554e+00 (1.1984e+00)
Epoch: [1][140/497]	L_Src_Sup 5.0253e-01 (3.3304e-01)	L_Trg_Inj 6.7359e-01 (3.9545e-01)	Loss Disc 6.9173e-01 (6.9275e-01)	Loss Pred 7.1498e-01 (7.6040e-01)	Loss TOTAL 1.1785e+00 (1.2009e+00)
Epoch: [1][150/497]	L_Src_Sup 5.0204e-01 (3.5163e-01)	L_Trg_Inj 5.8260e-01 (4.1231e-01)	Loss Disc 6.8689e-01 (6.9255e-01)	Loss Pred 7.2151e-01 (7.5918e-01)	Loss TOTAL 1.1734e+00 (1.2038e+00)
Epoch: [1][160/497]	L_Src_Sup 3.2805e-01 (3.5024e-01)	L_Trg_Inj 3.4673e-01 (4.1072e-01)	Loss Disc 6.7449e-01 (6.9180e-01)	Loss Pred 6.9862e-01 (7.5594e-01)	Loss TOTAL 1.1033e+00 (1.1994e+00)
Epoch: [1][170/497]	L_Src_Sup 2.3391e-01 (3.4374e-01)	L_Trg_Inj 3.2424e-01 (4.0584e-01)	Loss Disc 6.7133e-01 (6.9095e-01)	Loss Pred 6.7659e-01 (7.5028e-01)	Loss TOTAL 1.0681e+00 (1.1912e+00)
Epoch: [1][180/497]	L_Src_Sup 1.6642e-01 (3.3716e-01)	L_Trg_Inj 2.5644e-01 (3.9988e-01)	Loss Disc 6.7527e-01 (6.9001e-01)	Loss Pred 6.3926e-01 (7.4462e-01)	Loss TOTAL 1.0192e+00 (1.1830e+00)
Epoch: [1][190/497]	L_Src_Sup 3.9046e-01 (3.3328e-01)	L_Trg_Inj 2.5507e-01 (3.9393e-01)	Loss Disc 6.7855e-01 (6.8933e-01)	Loss Pred 6.9991e-01 (7.4019e-01)	Loss TOTAL 1.2391e+00 (1.1779e+00)
Epoch: [1][200/497]	L_Src_Sup 2.9943e-01 (3.3009e-01)	L_Trg_Inj 3.8658e-01 (3.9330e-01)	Loss Disc 6.7890e-01 (6.8863e-01)	Loss Pred 6.1929e-01 (7.3524e-01)	Loss TOTAL 1.0273e+00 (1.1718e+00)
Epoch: [1][210/497]	L_Src_Sup 2.9974e-01 (3.2530e-01)	L_Trg_Inj 3.0701e-01 (3.8849e-01)	Loss Disc 6.8807e-01 (6.8835e-01)	Loss Pred 6.3201e-01 (7.3077e-01)	Loss TOTAL 1.0367e+00 (1.1658e+00)
Epoch: [1][220/497]	L_Src_Sup 3.1245e-01 (3.2305e-01)	L_Trg_Inj 3.0923e-01 (3.8478e-01)	Loss Disc 6.8308e-01 (6.8826e-01)	Loss Pred 5.9335e-01 (7.2552e-01)	Loss TOTAL 1.0003e+00 (1.1602e+00)
Epoch: [1][230/497]	L_Src_Sup 2.5840e-01 (3.2039e-01)	L_Trg_Inj 3.8482e-01 (3.8281e-01)	Loss Disc 6.8735e-01 (6.8799e-01)	Loss Pred 6.0269e-01 (7.2133e-01)	Loss TOTAL 1.0107e+00 (1.1553e+00)
Epoch: [1][240/497]	L_Src_Sup 1.9966e-01 (3.1672e-01)	L_Trg_Inj 2.9804e-01 (3.7869e-01)	Loss Disc 6.8575e-01 (6.8790e-01)	Loss Pred 5.9141e-01 (7.1664e-01)	Loss TOTAL 9.8406e-01 (1.1494e+00)
Epoch: [1][250/497]	L_Src_Sup 2.5880e-01 (3.1390e-01)	L_Trg_Inj 1.9702e-01 (3.7523e-01)	Loss Disc 6.9065e-01 (6.8793e-01)	Loss Pred 6.2349e-01 (7.1209e-01)	Loss TOTAL 1.0762e+00 (1.1439e+00)
Epoch: [1][260/497]	L_Src_Sup 2.4162e-01 (3.0963e-01)	L_Trg_Inj 3.0233e-01 (3.7134e-01)	Loss Disc 6.9613e-01 (6.8809e-01)	Loss Pred 5.7925e-01 (7.0814e-01)	Loss TOTAL 9.8171e-01 (1.1386e+00)
Epoch: [1][270/497]	L_Src_Sup 1.9563e-01 (3.0675e-01)	L_Trg_Inj 2.6664e-01 (3.6865e-01)	Loss Disc 6.9336e-01 (6.8826e-01)	Loss Pred 5.8245e-01 (7.0379e-01)	Loss TOTAL 9.7536e-01 (1.1334e+00)
Epoch: [1][280/497]	L_Src_Sup 2.6748e-01 (3.0383e-01)	L_Trg_Inj 2.4231e-01 (3.6527e-01)	Loss Disc 6.9274e-01 (6.8840e-01)	Loss Pred 5.8106e-01 (7.0002e-01)	Loss TOTAL 1.0036e+00 (1.1291e+00)
Epoch: [1][290/497]	L_Src_Sup 2.1036e-01 (3.0059e-01)	L_Trg_Inj 3.1476e-01 (3.6257e-01)	Loss Disc 6.9211e-01 (6.8855e-01)	Loss Pred 5.8061e-01 (6.9666e-01)	Loss TOTAL 9.7918e-01 (1.1246e+00)
Epoch: [1][300/497]	L_Src_Sup 3.4721e-01 (2.9984e-01)	L_Trg_Inj 3.8075e-01 (3.6057e-01)	Loss Disc 6.8618e-01 (6.8856e-01)	Loss Pred 6.2183e-01 (6.9355e-01)	Loss TOTAL 1.0377e+00 (1.1216e+00)
Epoch: [1][310/497]	L_Src_Sup 2.4327e-01 (3.0165e-01)	L_Trg_Inj 3.0602e-01 (3.6161e-01)	Loss Disc 6.9370e-01 (6.8861e-01)	Loss Pred 5.7675e-01 (6.8965e-01)	Loss TOTAL 9.7853e-01 (1.1182e+00)
Epoch: [1][320/497]	L_Src_Sup 3.1369e-01 (3.0247e-01)	L_Trg_Inj 2.8641e-01 (3.6198e-01)	Loss Disc 6.9091e-01 (6.8868e-01)	Loss Pred 5.6679e-01 (6.8663e-01)	Loss TOTAL 9.9953e-01 (1.1156e+00)
Epoch: [1][330/497]	L_Src_Sup 2.9443e-01 (3.0151e-01)	L_Trg_Inj 3.9270e-01 (3.6188e-01)	Loss Disc 6.8401e-01 (6.8869e-01)	Loss Pred 5.2603e-01 (6.8298e-01)	Loss TOTAL 9.3675e-01 (1.1115e+00)
Epoch: [1][340/497]	L_Src_Sup 1.8574e-01 (2.9955e-01)	L_Trg_Inj 2.3863e-01 (3.6030e-01)	Loss Disc 6.9070e-01 (6.8880e-01)	Loss Pred 5.6749e-01 (6.7941e-01)	Loss TOTAL 9.5527e-01 (1.1072e+00)
Epoch: [1][350/497]	L_Src_Sup 3.8256e-01 (2.9821e-01)	L_Trg_Inj 3.4934e-01 (3.5890e-01)	Loss Disc 6.8993e-01 (6.8889e-01)	Loss Pred 5.9577e-01 (6.7646e-01)	Loss TOTAL 1.0471e+00 (1.1039e+00)
Epoch: [1][360/497]	L_Src_Sup 1.5609e-01 (2.9617e-01)	L_Trg_Inj 3.2807e-01 (3.5786e-01)	Loss Disc 6.8615e-01 (6.8890e-01)	Loss Pred 5.5630e-01 (6.7343e-01)	Loss TOTAL 9.4779e-01 (1.1000e+00)
Epoch: [1][370/497]	L_Src_Sup 2.9874e-01 (2.9426e-01)	L_Trg_Inj 3.1510e-01 (3.5625e-01)	Loss Disc 6.8060e-01 (6.8878e-01)	Loss Pred 5.5911e-01 (6.7038e-01)	Loss TOTAL 9.6080e-01 (1.0963e+00)
Epoch: [1][380/497]	L_Src_Sup 3.3589e-01 (2.9389e-01)	L_Trg_Inj 4.0393e-01 (3.5419e-01)	Loss Disc 6.9186e-01 (6.8870e-01)	Loss Pred 6.6771e-01 (6.6819e-01)	Loss TOTAL 1.0876e+00 (1.0948e+00)
Epoch: [1][390/497]	L_Src_Sup 3.7599e-01 (2.9522e-01)	L_Trg_Inj 3.6041e-01 (3.5481e-01)	Loss Disc 6.8861e-01 (6.8875e-01)	Loss Pred 5.8807e-01 (6.6611e-01)	Loss TOTAL 1.0216e+00 (1.0932e+00)
Epoch: [1][400/497]	L_Src_Sup 3.5450e-01 (2.9548e-01)	L_Trg_Inj 2.7800e-01 (3.5353e-01)	Loss Disc 6.8520e-01 (6.8875e-01)	Loss Pred 5.4267e-01 (6.6370e-01)	Loss TOTAL 1.0250e+00 (1.0909e+00)
Epoch: [1][410/497]	L_Src_Sup 2.1621e-01 (2.9324e-01)	L_Trg_Inj 2.2414e-01 (3.5133e-01)	Loss Disc 6.8011e-01 (6.8868e-01)	Loss Pred 5.2540e-01 (6.6095e-01)	Loss TOTAL 9.0949e-01 (1.0872e+00)
Epoch: [1][420/497]	L_Src_Sup 1.8841e-01 (2.9201e-01)	L_Trg_Inj 3.6263e-01 (3.4951e-01)	Loss Disc 6.7245e-01 (6.8856e-01)	Loss Pred 5.2939e-01 (6.5828e-01)	Loss TOTAL 9.2072e-01 (1.0843e+00)
Epoch: [1][430/497]	L_Src_Sup 2.1802e-01 (2.9137e-01)	L_Trg_Inj 3.9123e-01 (3.4859e-01)	Loss Disc 6.9065e-01 (6.8855e-01)	Loss Pred 5.5367e-01 (6.5600e-01)	Loss TOTAL 9.5992e-01 (1.0819e+00)
Epoch: [1][440/497]	L_Src_Sup 3.0817e-01 (2.9045e-01)	L_Trg_Inj 3.9697e-01 (3.4762e-01)	Loss Disc 6.8637e-01 (6.8851e-01)	Loss Pred 5.6887e-01 (6.5400e-01)	Loss TOTAL 9.8257e-01 (1.0800e+00)
Epoch: [1][450/497]	L_Src_Sup 2.6832e-01 (2.8991e-01)	L_Trg_Inj 4.3168e-01 (3.4871e-01)	Loss Disc 6.8185e-01 (6.8846e-01)	Loss Pred 5.3349e-01 (6.5205e-01)	Loss TOTAL 9.4442e-01 (1.0776e+00)
Epoch: [1][460/497]	L_Src_Sup 5.9349e-01 (2.9096e-01)	L_Trg_Inj 3.3957e-01 (3.5003e-01)	Loss Disc 6.9422e-01 (6.8841e-01)	Loss Pred 6.1589e-01 (6.5041e-01)	Loss TOTAL 1.3102e+00 (1.0767e+00)
Epoch: [1][470/497]	L_Src_Sup 3.3824e-01 (2.9417e-01)	L_Trg_Inj 4.7951e-01 (3.5387e-01)	Loss Disc 6.8977e-01 (6.8846e-01)	Loss Pred 5.7009e-01 (6.4871e-01)	Loss TOTAL 9.9675e-01 (1.0755e+00)
Epoch: [1][480/497]	L_Src_Sup 2.1479e-01 (2.9456e-01)	L_Trg_Inj 4.8365e-01 (3.5591e-01)	Loss Disc 6.8725e-01 (6.8843e-01)	Loss Pred 5.2578e-01 (6.4657e-01)	Loss TOTAL 9.3925e-01 (1.0734e+00)
Epoch: [1][490/497]	L_Src_Sup 2.2595e-01 (2.9447e-01)	L_Trg_Inj 3.3787e-01 (3.5786e-01)	Loss Disc 6.9101e-01 (6.8844e-01)	Loss Pred 5.6735e-01 (6.4488e-01)	Loss TOTAL 9.6924e-01 (1.0716e+00)
Epoch: [1][497/497]	L_Src_Sup 3.8671e-01 (2.9438e-01)	L_Trg_Inj 3.0625e-01 (3.5879e-01)	Loss Disc 6.8745e-01 (6.8843e-01)	Loss Pred 5.5193e-01 (6.4371e-01)	Loss TOTAL 1.0454e+00 (1.0705e+00)
Epoch 1 complete. Saving model state...
Epoch: [2][ 10/497]	L_Src_Sup 2.1187e-01 (2.3146e-01)	L_Trg_Inj 3.7756e-01 (3.4515e-01)	Loss Disc 6.7917e-01 (6.8399e-01)	Loss Pred 5.3831e-01 (5.5375e-01)	Loss TOTAL 9.3684e-01 (9.5589e-01)
Epoch: [2][ 20/497]	L_Src_Sup 2.3382e-01 (2.3475e-01)	L_Trg_Inj 3.1076e-01 (3.1408e-01)	Loss Disc 6.8353e-01 (6.8439e-01)	Loss Pred 5.8064e-01 (5.5696e-01)	Loss TOTAL 9.7687e-01 (9.6525e-01)
Epoch: [2][ 30/497]	L_Src_Sup 2.4697e-01 (2.3303e-01)	L_Trg_Inj 3.2458e-01 (3.0868e-01)	Loss Disc 6.7774e-01 (6.8376e-01)	Loss Pred 5.5500e-01 (5.5799e-01)	Loss TOTAL 9.5103e-01 (9.6217e-01)
Epoch: [2][ 40/497]	L_Src_Sup 1.9309e-01 (2.2570e-01)	L_Trg_Inj 3.0672e-01 (3.1196e-01)	Loss Disc 6.9119e-01 (6.8390e-01)	Loss Pred 6.2594e-01 (5.6210e-01)	Loss TOTAL 1.0215e+00 (9.6391e-01)
Epoch: [2][ 50/497]	L_Src_Sup 3.6584e-01 (2.3040e-01)	L_Trg_Inj 3.7468e-01 (3.2295e-01)	Loss Disc 6.7930e-01 (6.8299e-01)	Loss Pred 5.4649e-01 (5.5973e-01)	Loss TOTAL 9.6019e-01 (9.6167e-01)
Epoch: [2][ 60/497]	L_Src_Sup 2.2790e-01 (2.2807e-01)	L_Trg_Inj 3.2937e-01 (3.2121e-01)	Loss Disc 6.7521e-01 (6.8285e-01)	Loss Pred 5.2094e-01 (5.5966e-01)	Loss TOTAL 9.1428e-01 (9.6105e-01)
Epoch: [2][ 70/497]	L_Src_Sup 6.7513e-02 (2.2960e-01)	L_Trg_Inj 2.9797e-01 (3.2004e-01)	Loss Disc 6.9098e-01 (6.8306e-01)	Loss Pred 5.2611e-01 (5.5836e-01)	Loss TOTAL 9.0815e-01 (9.5977e-01)
Epoch: [2][ 80/497]	L_Src_Sup 3.5820e-01 (2.3130e-01)	L_Trg_Inj 2.6083e-01 (3.1153e-01)	Loss Disc 6.8729e-01 (6.8383e-01)	Loss Pred 5.3529e-01 (5.5742e-01)	Loss TOTAL 1.0382e+00 (9.6299e-01)
Epoch: [2][ 90/497]	L_Src_Sup 2.5045e-01 (2.3139e-01)	L_Trg_Inj 3.5888e-01 (3.0973e-01)	Loss Disc 6.8575e-01 (6.8445e-01)	Loss Pred 5.3939e-01 (5.5751e-01)	Loss TOTAL 9.4320e-01 (9.6315e-01)
Epoch: [2][100/497]	L_Src_Sup 2.7490e-01 (2.3240e-01)	L_Trg_Inj 3.2251e-01 (3.0690e-01)	Loss Disc 6.8746e-01 (6.8492e-01)	Loss Pred 5.4216e-01 (5.5744e-01)	Loss TOTAL 9.4563e-01 (9.6372e-01)
Epoch: [2][110/497]	L_Src_Sup 2.0268e-01 (2.3438e-01)	L_Trg_Inj 3.1877e-01 (3.0782e-01)	Loss Disc 6.7842e-01 (6.8518e-01)	Loss Pred 5.1218e-01 (5.5580e-01)	Loss TOTAL 9.0354e-01 (9.6296e-01)
Epoch: [2][120/497]	L_Src_Sup 1.7847e-01 (2.3422e-01)	L_Trg_Inj 2.8650e-01 (3.0465e-01)	Loss Disc 6.9502e-01 (6.8537e-01)	Loss Pred 6.0611e-01 (5.5726e-01)	Loss TOTAL 1.0001e+00 (9.6449e-01)
Epoch: [2][130/497]	L_Src_Sup 2.5962e-01 (2.3531e-01)	L_Trg_Inj 2.7192e-01 (3.0312e-01)	Loss Disc 6.8467e-01 (6.8554e-01)	Loss Pred 5.3252e-01 (5.5700e-01)	Loss TOTAL 9.2801e-01 (9.6495e-01)
Epoch: [2][140/497]	L_Src_Sup 3.8411e-01 (2.3731e-01)	L_Trg_Inj 2.0960e-01 (3.0698e-01)	Loss Disc 6.9474e-01 (6.8566e-01)	Loss Pred 5.5577e-01 (5.5670e-01)	Loss TOTAL 1.1370e+00 (9.6602e-01)
Epoch: [2][150/497]	L_Src_Sup 2.8926e-01 (2.3878e-01)	L_Trg_Inj 3.7294e-01 (3.1045e-01)	Loss Disc 6.8223e-01 (6.8579e-01)	Loss Pred 5.1967e-01 (5.5688e-01)	Loss TOTAL 9.2700e-01 (9.6616e-01)
Epoch: [2][160/497]	L_Src_Sup 2.2895e-01 (2.3885e-01)	L_Trg_Inj 3.5667e-01 (3.1132e-01)	Loss Disc 6.8595e-01 (6.8597e-01)	Loss Pred 5.0802e-01 (5.5712e-01)	Loss TOTAL 9.0956e-01 (9.6643e-01)
Epoch: [2][170/497]	L_Src_Sup 2.3381e-01 (2.3971e-01)	L_Trg_Inj 3.7182e-01 (3.1470e-01)	Loss Disc 6.9084e-01 (6.8614e-01)	Loss Pred 5.3899e-01 (5.5614e-01)	Loss TOTAL 9.4497e-01 (9.6560e-01)
Epoch: [2][180/497]	L_Src_Sup 4.1239e-01 (2.5005e-01)	L_Trg_Inj 5.2723e-01 (3.2734e-01)	Loss Disc 6.8885e-01 (6.8642e-01)	Loss Pred 6.1153e-01 (5.5795e-01)	Loss TOTAL 1.0499e+00 (9.7022e-01)
Epoch: [2][190/497]	L_Src_Sup 3.1503e-01 (2.5362e-01)	L_Trg_Inj 3.9050e-01 (3.3109e-01)	Loss Disc 6.9226e-01 (6.8666e-01)	Loss Pred 5.3313e-01 (5.5773e-01)	Loss TOTAL 9.4981e-01 (9.7044e-01)
Epoch: [2][200/497]	L_Src_Sup 1.9367e-01 (2.5184e-01)	L_Trg_Inj 3.1917e-01 (3.3032e-01)	Loss Disc 6.9178e-01 (6.8692e-01)	Loss Pred 5.1485e-01 (5.5622e-01)	Loss TOTAL 9.1202e-01 (9.6903e-01)
Epoch: [2][210/497]	L_Src_Sup 3.1053e-01 (2.5086e-01)	L_Trg_Inj 2.4258e-01 (3.2789e-01)	Loss Disc 6.9278e-01 (6.8721e-01)	Loss Pred 5.3710e-01 (5.5529e-01)	Loss TOTAL 1.0067e+00 (9.6874e-01)
Epoch: [2][220/497]	L_Src_Sup 2.4174e-01 (2.5030e-01)	L_Trg_Inj 3.4167e-01 (3.2815e-01)	Loss Disc 6.9460e-01 (6.8746e-01)	Loss Pred 5.7713e-01 (5.5401e-01)	Loss TOTAL 9.8277e-01 (9.6736e-01)
Epoch: [2][230/497]	L_Src_Sup 3.1811e-01 (2.5022e-01)	L_Trg_Inj 3.6371e-01 (3.2994e-01)	Loss Disc 6.9203e-01 (6.8770e-01)	Loss Pred 4.8857e-01 (5.5311e-01)	Loss TOTAL 9.0277e-01 (9.6648e-01)
Epoch: [2][240/497]	L_Src_Sup 3.1586e-01 (2.5006e-01)	L_Trg_Inj 2.8590e-01 (3.2934e-01)	Loss Disc 6.9329e-01 (6.8793e-01)	Loss Pred 5.6442e-01 (5.5221e-01)	Loss TOTAL 1.0012e+00 (9.6590e-01)
Epoch: [2][250/497]	L_Src_Sup 1.3210e-01 (2.4872e-01)	L_Trg_Inj 1.8965e-01 (3.2773e-01)	Loss Disc 6.9243e-01 (6.8811e-01)	Loss Pred 5.2834e-01 (5.5125e-01)	Loss TOTAL 9.0673e-01 (9.6464e-01)
Epoch: [2][260/497]	L_Src_Sup 1.9294e-01 (2.4877e-01)	L_Trg_Inj 2.5912e-01 (3.2498e-01)	Loss Disc 6.9264e-01 (6.8830e-01)	Loss Pred 5.0089e-01 (5.5005e-01)	Loss TOTAL 8.9242e-01 (9.6453e-01)
Epoch: [2][270/497]	L_Src_Sup 1.7849e-01 (2.4889e-01)	L_Trg_Inj 3.2059e-01 (3.2628e-01)	Loss Disc 6.9372e-01 (6.8848e-01)	Loss Pred 5.6726e-01 (5.4964e-01)	Loss TOTAL 9.6403e-01 (9.6424e-01)
Epoch: [2][280/497]	L_Src_Sup 2.5485e-01 (2.4902e-01)	L_Trg_Inj 3.2318e-01 (3.2577e-01)	Loss Disc 6.9203e-01 (6.8863e-01)	Loss Pred 5.1769e-01 (5.4910e-01)	Loss TOTAL 9.2151e-01 (9.6365e-01)
Epoch: [2][290/497]	L_Src_Sup 1.6753e-01 (2.4960e-01)	L_Trg_Inj 3.6735e-01 (3.2810e-01)	Loss Disc 6.9267e-01 (6.8875e-01)	Loss Pred 5.5337e-01 (5.4862e-01)	Loss TOTAL 9.5319e-01 (9.6311e-01)
Epoch: [2][300/497]	L_Src_Sup 4.1249e-01 (2.5069e-01)	L_Trg_Inj 5.4526e-01 (3.3053e-01)	Loss Disc 6.9132e-01 (6.8887e-01)	Loss Pred 4.9170e-01 (5.4777e-01)	Loss TOTAL 9.3313e-01 (9.6243e-01)
Epoch: [2][310/497]	L_Src_Sup 2.7359e-01 (2.5149e-01)	L_Trg_Inj 5.2594e-01 (3.3543e-01)	Loss Disc 6.9025e-01 (6.8899e-01)	Loss Pred 5.0382e-01 (5.4717e-01)	Loss TOTAL 9.2890e-01 (9.6210e-01)
Epoch: [2][320/497]	L_Src_Sup 2.6624e-01 (2.5251e-01)	L_Trg_Inj 4.6900e-01 (3.3977e-01)	Loss Disc 6.9260e-01 (6.8908e-01)	Loss Pred 5.4539e-01 (5.4622e-01)	Loss TOTAL 9.6522e-01 (9.6137e-01)
Epoch: [2][330/497]	L_Src_Sup 3.0259e-01 (2.5215e-01)	L_Trg_Inj 4.0554e-01 (3.4145e-01)	Loss Disc 6.9261e-01 (6.8918e-01)	Loss Pred 5.4224e-01 (5.4567e-01)	Loss TOTAL 9.5936e-01 (9.6075e-01)
Epoch: [2][340/497]	L_Src_Sup 3.5033e-01 (2.5143e-01)	L_Trg_Inj 1.9669e-01 (3.4160e-01)	Loss Disc 6.9399e-01 (6.8928e-01)	Loss Pred 5.1957e-01 (5.4520e-01)	Loss TOTAL 1.0749e+00 (9.6040e-01)
Epoch: [2][350/497]	L_Src_Sup 5.9424e-01 (2.5375e-01)	L_Trg_Inj 6.2048e-01 (3.4343e-01)	Loss Disc 6.9341e-01 (6.8937e-01)	Loss Pred 6.1333e-01 (5.4543e-01)	Loss TOTAL 1.0815e+00 (9.6109e-01)
Epoch: [2][360/497]	L_Src_Sup 2.2835e-01 (2.5642e-01)	L_Trg_Inj 3.1115e-01 (3.4701e-01)	Loss Disc 6.9274e-01 (6.8948e-01)	Loss Pred 5.0454e-01 (5.4519e-01)	Loss TOTAL 9.0486e-01 (9.6122e-01)
Epoch: [2][370/497]	L_Src_Sup 1.9675e-01 (2.5661e-01)	L_Trg_Inj 4.3809e-01 (3.4668e-01)	Loss Disc 6.9188e-01 (6.8956e-01)	Loss Pred 5.5011e-01 (5.4469e-01)	Loss TOTAL 9.5953e-01 (9.6069e-01)
Epoch: [2][380/497]	L_Src_Sup 3.0192e-01 (2.5695e-01)	L_Trg_Inj 4.1882e-01 (3.4664e-01)	Loss Disc 6.9259e-01 (6.8963e-01)	Loss Pred 5.6720e-01 (5.4452e-01)	Loss TOTAL 9.8557e-01 (9.6094e-01)
Epoch: [2][390/497]	L_Src_Sup 2.1204e-01 (2.5722e-01)	L_Trg_Inj 3.6764e-01 (3.4652e-01)	Loss Disc 6.9071e-01 (6.8969e-01)	Loss Pred 4.8474e-01 (5.4398e-01)	Loss TOTAL 8.8806e-01 (9.6042e-01)
Epoch: [2][400/497]	L_Src_Sup 3.1392e-01 (2.5705e-01)	L_Trg_Inj 3.5297e-01 (3.4702e-01)	Loss Disc 6.9226e-01 (6.8975e-01)	Loss Pred 5.5254e-01 (5.4371e-01)	Loss TOTAL 9.6536e-01 (9.6002e-01)
Epoch: [2][410/497]	L_Src_Sup 2.2028e-01 (2.5506e-01)	L_Trg_Inj 2.2464e-01 (3.4540e-01)	Loss Disc 6.9139e-01 (6.8982e-01)	Loss Pred 5.0745e-01 (5.4341e-01)	Loss TOTAL 8.9764e-01 (9.5912e-01)
Epoch: [2][420/497]	L_Src_Sup 2.1233e-01 (2.5458e-01)	L_Trg_Inj 3.7017e-01 (3.4489e-01)	Loss Disc 6.9068e-01 (6.8985e-01)	Loss Pred 4.8442e-01 (5.4276e-01)	Loss TOTAL 8.8801e-01 (9.5841e-01)
Epoch: [2][430/497]	L_Src_Sup 1.8012e-01 (2.5239e-01)	L_Trg_Inj 2.5725e-01 (3.4389e-01)	Loss Disc 6.9428e-01 (6.8991e-01)	Loss Pred 5.6285e-01 (5.4259e-01)	Loss TOTAL 9.5372e-01 (9.5770e-01)
Epoch: [2][440/497]	L_Src_Sup 2.4232e-01 (2.5143e-01)	L_Trg_Inj 2.6623e-01 (3.4280e-01)	Loss Disc 6.9334e-01 (6.8996e-01)	Loss Pred 5.5007e-01 (5.4230e-01)	Loss TOTAL 9.4760e-01 (9.5708e-01)
Epoch: [2][450/497]	L_Src_Sup 2.0528e-01 (2.5118e-01)	L_Trg_Inj 1.5408e-01 (3.4080e-01)	Loss Disc 6.9413e-01 (6.9001e-01)	Loss Pred 5.6064e-01 (5.4212e-01)	Loss TOTAL 9.9484e-01 (9.5733e-01)
Epoch: [2][460/497]	L_Src_Sup 1.3410e-01 (2.5120e-01)	L_Trg_Inj 4.1993e-01 (3.4102e-01)	Loss Disc 6.9135e-01 (6.9006e-01)	Loss Pred 5.4421e-01 (5.4177e-01)	Loss TOTAL 9.4529e-01 (9.5688e-01)
Epoch: [2][470/497]	L_Src_Sup 1.1388e-01 (2.4985e-01)	L_Trg_Inj 2.6651e-01 (3.4109e-01)	Loss Disc 6.9547e-01 (6.9010e-01)	Loss Pred 5.7323e-01 (5.4119e-01)	Loss TOTAL 9.5901e-01 (9.5596e-01)
Epoch: [2][480/497]	L_Src_Sup 2.2703e-01 (2.4882e-01)	L_Trg_Inj 2.9453e-01 (3.3965e-01)	Loss Disc 6.9350e-01 (6.9017e-01)	Loss Pred 5.4313e-01 (5.4093e-01)	Loss TOTAL 9.4203e-01 (9.5555e-01)
Epoch: [2][490/497]	L_Src_Sup 2.7403e-01 (2.4855e-01)	L_Trg_Inj 3.4004e-01 (3.3839e-01)	Loss Disc 6.9253e-01 (6.9021e-01)	Loss Pred 5.4958e-01 (5.4036e-01)	Loss TOTAL 9.5725e-01 (9.5486e-01)
Epoch: [2][497/497]	L_Src_Sup 1.2483e-01 (2.4775e-01)	L_Trg_Inj 2.8993e-01 (3.3813e-01)	Loss Disc 6.9493e-01 (6.9026e-01)	Loss Pred 5.1971e-01 (5.4018e-01)	Loss TOTAL 9.0865e-01 (9.5445e-01)
Epoch 2 complete. Saving model state...
Epoch: [3][ 10/497]	L_Src_Sup 2.0523e-01 (2.2358e-01)	L_Trg_Inj 2.4581e-01 (3.3398e-01)	Loss Disc 6.9381e-01 (6.9248e-01)	Loss Pred 5.2469e-01 (5.2373e-01)	Loss TOTAL 9.1670e-01 (9.3469e-01)
Epoch: [3][ 20/497]	L_Src_Sup 1.8739e-01 (2.1814e-01)	L_Trg_Inj 2.2823e-01 (3.2464e-01)	Loss Disc 6.9366e-01 (6.9323e-01)	Loss Pred 5.1942e-01 (5.3208e-01)	Loss TOTAL 9.0781e-01 (9.3965e-01)
Epoch: [3][ 30/497]	L_Src_Sup 2.3694e-01 (2.3238e-01)	L_Trg_Inj 3.3337e-01 (3.2835e-01)	Loss Disc 6.9306e-01 (6.9314e-01)	Loss Pred 5.3408e-01 (5.2834e-01)	Loss TOTAL 9.3764e-01 (9.3829e-01)
Epoch: [3][ 40/497]	L_Src_Sup 1.7330e-01 (2.2877e-01)	L_Trg_Inj 1.9796e-01 (3.1790e-01)	Loss Disc 6.9363e-01 (6.9321e-01)	Loss Pred 4.8521e-01 (5.2686e-01)	Loss TOTAL 8.6915e-01 (9.3361e-01)
Epoch: [3][ 50/497]	L_Src_Sup 2.4525e-01 (2.2836e-01)	L_Trg_Inj 3.1490e-01 (3.1303e-01)	Loss Disc 6.9343e-01 (6.9318e-01)	Loss Pred 5.2556e-01 (5.2662e-01)	Loss TOTAL 9.2829e-01 (9.3316e-01)
Epoch: [3][ 60/497]	L_Src_Sup 1.5061e-01 (2.2791e-01)	L_Trg_Inj 3.0782e-01 (3.1369e-01)	Loss Disc 6.9318e-01 (6.9321e-01)	Loss Pred 5.3862e-01 (5.2869e-01)	Loss TOTAL 9.3105e-01 (9.3497e-01)
Epoch: [3][ 70/497]	L_Src_Sup 1.4874e-01 (2.2893e-01)	L_Trg_Inj 2.2715e-01 (3.1118e-01)	Loss Disc 6.9333e-01 (6.9322e-01)	Loss Pred 5.1175e-01 (5.2876e-01)	Loss TOTAL 8.9600e-01 (9.3424e-01)
Epoch: [3][ 80/497]	L_Src_Sup 2.0952e-01 (2.2243e-01)	L_Trg_Inj 1.7663e-01 (3.0265e-01)	Loss Disc 6.9317e-01 (6.9323e-01)	Loss Pred 4.7568e-01 (5.2715e-01)	Loss TOTAL 8.9377e-01 (9.3164e-01)
Epoch: [3][ 90/497]	L_Src_Sup 3.6381e-01 (2.2943e-01)	L_Trg_Inj 3.7565e-01 (3.0604e-01)	Loss Disc 6.9308e-01 (6.9322e-01)	Loss Pred 5.0576e-01 (5.2854e-01)	Loss TOTAL 9.2625e-01 (9.3572e-01)
Epoch: [3][100/497]	L_Src_Sup 2.2973e-01 (2.3767e-01)	L_Trg_Inj 4.0162e-01 (3.1832e-01)	Loss Disc 6.9296e-01 (6.9320e-01)	Loss Pred 5.0715e-01 (5.2823e-01)	Loss TOTAL 9.1677e-01 (9.3704e-01)
Epoch: [3][110/497]	L_Src_Sup 2.0897e-01 (2.4135e-01)	L_Trg_Inj 2.5469e-01 (3.1765e-01)	Loss Disc 6.9337e-01 (6.9320e-01)	Loss Pred 6.0860e-01 (5.2830e-01)	Loss TOTAL 1.0017e+00 (9.3739e-01)
Epoch: [3][120/497]	L_Src_Sup 2.7524e-01 (2.4023e-01)	L_Trg_Inj 1.7954e-01 (3.0974e-01)	Loss Disc 6.9232e-01 (6.9317e-01)	Loss Pred 5.1301e-01 (5.2679e-01)	Loss TOTAL 1.0004e+00 (9.3799e-01)
Epoch: [3][130/497]	L_Src_Sup 3.0632e-01 (2.4120e-01)	L_Trg_Inj 3.5291e-01 (3.0906e-01)	Loss Disc 6.9256e-01 (6.9310e-01)	Loss Pred 5.1449e-01 (5.2695e-01)	Loss TOTAL 9.2669e-01 (9.3881e-01)
Epoch: [3][140/497]	L_Src_Sup 2.7779e-01 (2.4303e-01)	L_Trg_Inj 4.3339e-01 (3.1615e-01)	Loss Disc 6.9358e-01 (6.9306e-01)	Loss Pred 5.3226e-01 (5.2694e-01)	Loss TOTAL 9.5017e-01 (9.3950e-01)
Epoch: [3][150/497]	L_Src_Sup 3.0888e-01 (2.4682e-01)	L_Trg_Inj 4.1029e-01 (3.2083e-01)	Loss Disc 6.9252e-01 (6.9305e-01)	Loss Pred 5.4550e-01 (5.2741e-01)	Loss TOTAL 9.6368e-01 (9.4095e-01)
Epoch: [3][160/497]	L_Src_Sup 3.6472e-01 (2.5324e-01)	L_Trg_Inj 5.1136e-01 (3.2691e-01)	Loss Disc 6.8991e-01 (6.9302e-01)	Loss Pred 5.1976e-01 (5.2783e-01)	Loss TOTAL 9.5232e-01 (9.4347e-01)
Epoch: [3][170/497]	L_Src_Sup 3.5897e-01 (2.5736e-01)	L_Trg_Inj 3.7289e-01 (3.3252e-01)	Loss Disc 6.9332e-01 (6.9299e-01)	Loss Pred 5.4903e-01 (5.2739e-01)	Loss TOTAL 9.6887e-01 (9.4354e-01)
Epoch: [3][180/497]	L_Src_Sup 2.9150e-01 (2.5702e-01)	L_Trg_Inj 2.4054e-01 (3.2988e-01)	Loss Disc 6.9349e-01 (6.9295e-01)	Loss Pred 5.2894e-01 (5.2753e-01)	Loss TOTAL 9.7985e-01 (9.4450e-01)
Epoch: [3][190/497]	L_Src_Sup 1.4333e-01 (2.5538e-01)	L_Trg_Inj 3.4825e-01 (3.3087e-01)	Loss Disc 6.9242e-01 (6.9298e-01)	Loss Pred 5.4858e-01 (5.2743e-01)	Loss TOTAL 9.4395e-01 (9.4415e-01)
Epoch: [3][200/497]	L_Src_Sup 2.9786e-01 (2.5508e-01)	L_Trg_Inj 2.1781e-01 (3.2996e-01)	Loss Disc 6.9325e-01 (6.9300e-01)	Loss Pred 5.1830e-01 (5.2707e-01)	Loss TOTAL 9.9654e-01 (9.4350e-01)
Epoch: [3][210/497]	L_Src_Sup 3.3273e-01 (2.5454e-01)	L_Trg_Inj 4.0586e-01 (3.3035e-01)	Loss Disc 6.9222e-01 (6.9302e-01)	Loss Pred 5.7285e-01 (5.2658e-01)	Loss TOTAL 9.9282e-01 (9.4286e-01)
Epoch: [3][220/497]	L_Src_Sup 2.7868e-01 (2.5482e-01)	L_Trg_Inj 3.3460e-01 (3.3203e-01)	Loss Disc 6.9379e-01 (6.9305e-01)	Loss Pred 4.9904e-01 (5.2630e-01)	Loss TOTAL 9.0726e-01 (9.4238e-01)
Epoch: [3][230/497]	L_Src_Sup 3.1250e-01 (2.5509e-01)	L_Trg_Inj 4.3355e-01 (3.3319e-01)	Loss Disc 6.9406e-01 (6.9307e-01)	Loss Pred 4.8919e-01 (5.2613e-01)	Loss TOTAL 9.1082e-01 (9.4195e-01)
Epoch: [3][240/497]	L_Src_Sup 2.6854e-01 (2.5510e-01)	L_Trg_Inj 2.2434e-01 (3.3395e-01)	Loss Disc 6.9332e-01 (6.9308e-01)	Loss Pred 4.9949e-01 (5.2577e-01)	Loss TOTAL 9.3964e-01 (9.4141e-01)
Epoch: [3][250/497]	L_Src_Sup 1.8131e-01 (2.5293e-01)	L_Trg_Inj 2.9212e-01 (3.3261e-01)	Loss Disc 6.9311e-01 (6.9308e-01)	Loss Pred 5.2503e-01 (5.2606e-01)	Loss TOTAL 9.1893e-01 (9.4097e-01)
Epoch: [3][260/497]	L_Src_Sup 2.7407e-01 (2.5225e-01)	L_Trg_Inj 2.8465e-01 (3.3258e-01)	Loss Disc 6.9388e-01 (6.9309e-01)	Loss Pred 4.6915e-01 (5.2595e-01)	Loss TOTAL 8.7196e-01 (9.4040e-01)
Epoch: [3][270/497]	L_Src_Sup 1.3627e-01 (2.5095e-01)	L_Trg_Inj 2.8281e-01 (3.3194e-01)	Loss Disc 6.9316e-01 (6.9309e-01)	Loss Pred 5.4211e-01 (5.2628e-01)	Loss TOTAL 9.3059e-01 (9.4036e-01)
Epoch: [3][280/497]	L_Src_Sup 1.9804e-01 (2.4904e-01)	L_Trg_Inj 2.3544e-01 (3.3035e-01)	Loss Disc 6.9246e-01 (6.9309e-01)	Loss Pred 5.6699e-01 (5.2609e-01)	Loss TOTAL 9.5657e-01 (9.3981e-01)
Epoch: [3][290/497]	L_Src_Sup 1.7133e-01 (2.4773e-01)	L_Trg_Inj 3.1605e-01 (3.2804e-01)	Loss Disc 6.9324e-01 (6.9310e-01)	Loss Pred 5.4258e-01 (5.2589e-01)	Loss TOTAL 9.3794e-01 (9.3904e-01)
Epoch: [3][300/497]	L_Src_Sup 2.4844e-01 (2.4684e-01)	L_Trg_Inj 2.9998e-01 (3.2681e-01)	Loss Disc 6.9289e-01 (6.9311e-01)	Loss Pred 5.7680e-01 (5.2600e-01)	Loss TOTAL 9.7808e-01 (9.3870e-01)
Epoch: [3][310/497]	L_Src_Sup 2.1950e-01 (2.4654e-01)	L_Trg_Inj 3.3838e-01 (3.2558e-01)	Loss Disc 6.9166e-01 (6.9310e-01)	Loss Pred 5.0653e-01 (5.2588e-01)	Loss TOTAL 9.0815e-01 (9.3882e-01)
Epoch: [3][320/497]	L_Src_Sup 1.5187e-01 (2.4552e-01)	L_Trg_Inj 2.5359e-01 (3.2505e-01)	Loss Disc 6.9419e-01 (6.9307e-01)	Loss Pred 5.9700e-01 (5.2612e-01)	Loss TOTAL 9.8464e-01 (9.3861e-01)
Epoch: [3][330/497]	L_Src_Sup 3.4264e-01 (2.4664e-01)	L_Trg_Inj 3.5685e-01 (3.2455e-01)	Loss Disc 6.9120e-01 (6.9306e-01)	Loss Pred 4.9299e-01 (5.2596e-01)	Loss TOTAL 9.0854e-01 (9.3888e-01)
Epoch: [3][340/497]	L_Src_Sup 1.8069e-01 (2.4554e-01)	L_Trg_Inj 2.2864e-01 (3.2352e-01)	Loss Disc 6.9358e-01 (6.9305e-01)	Loss Pred 5.0545e-01 (5.2592e-01)	Loss TOTAL 8.9318e-01 (9.3834e-01)
Epoch: [3][350/497]	L_Src_Sup 3.7350e-01 (2.4845e-01)	L_Trg_Inj 4.9206e-01 (3.2528e-01)	Loss Disc 6.9290e-01 (6.9305e-01)	Loss Pred 5.1136e-01 (5.2639e-01)	Loss TOTAL 9.4436e-01 (9.4017e-01)
Epoch: [3][360/497]	L_Src_Sup 2.4774e-01 (2.4989e-01)	L_Trg_Inj 2.6360e-01 (3.2520e-01)	Loss Disc 6.9304e-01 (6.9306e-01)	Loss Pred 5.3013e-01 (5.2634e-01)	Loss TOTAL 9.2778e-01 (9.4053e-01)
Epoch: [3][370/497]	L_Src_Sup 2.1653e-01 (2.4866e-01)	L_Trg_Inj 2.3982e-01 (3.2352e-01)	Loss Disc 6.9256e-01 (6.9305e-01)	Loss Pred 5.4443e-01 (5.2655e-01)	Loss TOTAL 9.3635e-01 (9.4017e-01)
Epoch: [3][380/497]	L_Src_Sup 2.9648e-01 (2.4842e-01)	L_Trg_Inj 2.5845e-01 (3.2104e-01)	Loss Disc 6.9141e-01 (6.9302e-01)	Loss Pred 5.3791e-01 (5.2644e-01)	Loss TOTAL 9.7714e-01 (9.4033e-01)
Epoch: [3][390/497]	L_Src_Sup 2.9741e-01 (2.5091e-01)	L_Trg_Inj 3.1834e-01 (3.2293e-01)	Loss Disc 6.9270e-01 (6.9303e-01)	Loss Pred 4.9362e-01 (5.2618e-01)	Loss TOTAL 9.0155e-01 (9.4087e-01)
Epoch: [3][400/497]	L_Src_Sup 1.1321e-01 (2.5115e-01)	L_Trg_Inj 3.3962e-01 (3.2396e-01)	Loss Disc 6.9316e-01 (6.9303e-01)	Loss Pred 5.2339e-01 (5.2620e-01)	Loss TOTAL 9.1526e-01 (9.4083e-01)
Epoch: [3][410/497]	L_Src_Sup 2.1625e-01 (2.5108e-01)	L_Trg_Inj 2.7477e-01 (3.2327e-01)	Loss Disc 6.9365e-01 (6.9304e-01)	Loss Pred 4.9566e-01 (5.2590e-01)	Loss TOTAL 8.9158e-01 (9.4053e-01)
Epoch: [3][420/497]	L_Src_Sup 2.0127e-01 (2.5061e-01)	L_Trg_Inj 2.4432e-01 (3.2288e-01)	Loss Disc 6.9298e-01 (6.9304e-01)	Loss Pred 5.2966e-01 (5.2599e-01)	Loss TOTAL 9.2071e-01 (9.4063e-01)
Epoch: [3][430/497]	L_Src_Sup 2.6772e-01 (2.5065e-01)	L_Trg_Inj 2.8787e-01 (3.2167e-01)	Loss Disc 6.9341e-01 (6.9305e-01)	Loss Pred 4.8795e-01 (5.2622e-01)	Loss TOTAL 8.9021e-01 (9.4104e-01)
Epoch: [3][440/497]	L_Src_Sup 2.3864e-01 (2.4937e-01)	L_Trg_Inj 1.3680e-01 (3.2060e-01)	Loss Disc 6.9293e-01 (6.9305e-01)	Loss Pred 5.0584e-01 (5.2604e-01)	Loss TOTAL 9.9169e-01 (9.4068e-01)
Epoch: [3][450/497]	L_Src_Sup 2.8070e-01 (2.4966e-01)	L_Trg_Inj 2.4328e-01 (3.1993e-01)	Loss Disc 6.9340e-01 (6.9305e-01)	Loss Pred 4.7450e-01 (5.2609e-01)	Loss TOTAL 9.1101e-01 (9.4096e-01)
Epoch: [3][460/497]	L_Src_Sup 1.9925e-01 (2.5063e-01)	L_Trg_Inj 4.0766e-01 (3.2147e-01)	Loss Disc 6.9269e-01 (6.9305e-01)	Loss Pred 5.6630e-01 (5.2584e-01)	Loss TOTAL 9.7334e-01 (9.4077e-01)
Epoch: [3][470/497]	L_Src_Sup 3.0496e-01 (2.5024e-01)	L_Trg_Inj 2.1423e-01 (3.2082e-01)	Loss Disc 6.9226e-01 (6.9305e-01)	Loss Pred 5.6063e-01 (5.2581e-01)	Loss TOTAL 1.0494e+00 (9.4058e-01)
Epoch: [3][480/497]	L_Src_Sup 3.6322e-01 (2.5031e-01)	L_Trg_Inj 2.3750e-01 (3.2020e-01)	Loss Disc 6.9336e-01 (6.9305e-01)	Loss Pred 4.9918e-01 (5.2557e-01)	Loss TOTAL 1.0316e+00 (9.4067e-01)
Epoch: [3][490/497]	L_Src_Sup 2.8316e-01 (2.5166e-01)	L_Trg_Inj 3.1963e-01 (3.2289e-01)	Loss Disc 6.9270e-01 (6.9305e-01)	Loss Pred 5.4485e-01 (5.2555e-01)	Loss TOTAL 9.5148e-01 (9.4091e-01)
Epoch: [3][497/497]	L_Src_Sup 3.3821e-01 (2.5221e-01)	L_Trg_Inj 2.9001e-01 (3.2335e-01)	Loss Disc 6.9319e-01 (6.9306e-01)	Loss Pred 5.2355e-01 (5.2537e-01)	Loss TOTAL 9.8117e-01 (9.4076e-01)
Epoch 3 complete. Saving model state...
Epoch: [4][ 10/497]	L_Src_Sup 2.0208e-01 (2.2317e-01)	L_Trg_Inj 3.8855e-01 (3.0515e-01)	Loss Disc 6.9336e-01 (6.9316e-01)	Loss Pred 5.0606e-01 (5.1791e-01)	Loss TOTAL 9.1180e-01 (9.3456e-01)
Epoch: [4][ 20/497]	L_Src_Sup 2.3321e-01 (2.2243e-01)	L_Trg_Inj 2.9607e-01 (3.0113e-01)	Loss Disc 6.9314e-01 (6.9314e-01)	Loss Pred 5.5521e-01 (5.2316e-01)	Loss TOTAL 9.5471e-01 (9.3322e-01)
Epoch: [4][ 30/497]	L_Src_Sup 2.7654e-01 (2.3568e-01)	L_Trg_Inj 5.1731e-01 (3.0240e-01)	Loss Disc 6.9350e-01 (6.9314e-01)	Loss Pred 5.3781e-01 (5.2341e-01)	Loss TOTAL 9.6395e-01 (9.4202e-01)
Epoch: [4][ 40/497]	L_Src_Sup 3.7237e-01 (2.4584e-01)	L_Trg_Inj 5.9101e-01 (3.3678e-01)	Loss Disc 6.9341e-01 (6.9317e-01)	Loss Pred 4.8548e-01 (5.2229e-01)	Loss TOTAL 9.2852e-01 (9.4174e-01)
Epoch: [4][ 50/497]	L_Src_Sup 2.9709e-01 (2.6084e-01)	L_Trg_Inj 3.9681e-01 (3.7006e-01)	Loss Disc 6.9301e-01 (6.9316e-01)	Loss Pred 5.1065e-01 (5.1988e-01)	Loss TOTAL 9.2654e-01 (9.4123e-01)
Epoch: [4][ 60/497]	L_Src_Sup 2.7674e-01 (2.6501e-01)	L_Trg_Inj 4.9555e-01 (3.6812e-01)	Loss Disc 6.9338e-01 (6.9315e-01)	Loss Pred 5.1407e-01 (5.2104e-01)	Loss TOTAL 9.3799e-01 (9.4527e-01)
Epoch: [4][ 70/497]	L_Src_Sup 3.1864e-01 (2.7340e-01)	L_Trg_Inj 3.4135e-01 (3.7017e-01)	Loss Disc 6.9340e-01 (6.9312e-01)	Loss Pred 4.8881e-01 (5.2272e-01)	Loss TOTAL 9.0150e-01 (9.4807e-01)
Epoch: [4][ 80/497]	L_Src_Sup 1.9393e-01 (2.7236e-01)	L_Trg_Inj 4.6314e-01 (3.7222e-01)	Loss Disc 6.9320e-01 (6.9314e-01)	Loss Pred 5.1056e-01 (5.2094e-01)	Loss TOTAL 9.2287e-01 (9.4464e-01)
Epoch: [4][ 90/497]	L_Src_Sup 1.8276e-01 (2.7033e-01)	L_Trg_Inj 3.5851e-01 (3.6737e-01)	Loss Disc 6.9299e-01 (6.9312e-01)	Loss Pred 5.0439e-01 (5.2105e-01)	Loss TOTAL 9.0501e-01 (9.4381e-01)
Epoch: [4][100/497]	L_Src_Sup 2.5852e-01 (2.6385e-01)	L_Trg_Inj 3.4261e-01 (3.5514e-01)	Loss Disc 6.9320e-01 (6.9308e-01)	Loss Pred 4.6099e-01 (5.2033e-01)	Loss TOTAL 8.6771e-01 (9.4202e-01)
Epoch: [4][110/497]	L_Src_Sup 2.9658e-01 (2.6560e-01)	L_Trg_Inj 3.3989e-01 (3.5028e-01)	Loss Disc 6.9388e-01 (6.9309e-01)	Loss Pred 5.1246e-01 (5.2025e-01)	Loss TOTAL 9.2305e-01 (9.4250e-01)
Epoch: [4][120/497]	L_Src_Sup 3.0613e-01 (2.6256e-01)	L_Trg_Inj 3.1934e-01 (3.4939e-01)	Loss Disc 6.9351e-01 (6.9306e-01)	Loss Pred 4.9162e-01 (5.1994e-01)	Loss TOTAL 9.0092e-01 (9.4060e-01)
Epoch: [4][130/497]	L_Src_Sup 1.1325e-01 (2.5979e-01)	L_Trg_Inj 2.6587e-01 (3.4616e-01)	Loss Disc 6.9257e-01 (6.9303e-01)	Loss Pred 5.4225e-01 (5.1990e-01)	Loss TOTAL 9.2645e-01 (9.4020e-01)
Epoch: [4][140/497]	L_Src_Sup 2.7578e-01 (2.5761e-01)	L_Trg_Inj 4.0495e-01 (3.4134e-01)	Loss Disc 6.9163e-01 (6.9299e-01)	Loss Pred 5.1049e-01 (5.2011e-01)	Loss TOTAL 9.2438e-01 (9.4083e-01)
Epoch: [4][150/497]	L_Src_Sup 3.0983e-01 (2.5529e-01)	L_Trg_Inj 3.6769e-01 (3.4375e-01)	Loss Disc 6.9191e-01 (6.9291e-01)	Loss Pred 5.4587e-01 (5.1963e-01)	Loss TOTAL 9.5958e-01 (9.3936e-01)
Epoch: [4][160/497]	L_Src_Sup 7.5771e-02 (2.5225e-01)	L_Trg_Inj 2.6680e-01 (3.4216e-01)	Loss Disc 6.9259e-01 (6.9288e-01)	Loss Pred 5.4203e-01 (5.1963e-01)	Loss TOTAL 9.2258e-01 (9.3814e-01)
Epoch: [4][170/497]	L_Src_Sup 1.7204e-01 (2.4912e-01)	L_Trg_Inj 3.4102e-01 (3.4249e-01)	Loss Disc 6.9354e-01 (6.9283e-01)	Loss Pred 4.6638e-01 (5.1929e-01)	Loss TOTAL 8.6446e-01 (9.3682e-01)
Epoch: [4][180/497]	L_Src_Sup 1.3726e-01 (2.4909e-01)	L_Trg_Inj 2.0087e-01 (3.4005e-01)	Loss Disc 6.9068e-01 (6.9281e-01)	Loss Pred 5.6711e-01 (5.2056e-01)	Loss TOTAL 9.4627e-01 (9.3768e-01)
Epoch: [4][190/497]	L_Src_Sup 2.5266e-01 (2.4765e-01)	L_Trg_Inj 2.4481e-01 (3.3656e-01)	Loss Disc 6.7326e-01 (6.9224e-01)	Loss Pred 5.0519e-01 (5.2060e-01)	Loss TOTAL 8.9942e-01 (9.3663e-01)
Epoch: [4][200/497]	L_Src_Sup 1.8558e-01 (2.4654e-01)	L_Trg_Inj 2.2747e-01 (3.3601e-01)	Loss Disc 6.9607e-01 (6.9263e-01)	Loss Pred 5.1015e-01 (5.2040e-01)	Loss TOTAL 8.9949e-01 (9.3591e-01)
Epoch: [4][210/497]	L_Src_Sup 1.9072e-01 (2.4520e-01)	L_Trg_Inj 3.6680e-01 (3.3205e-01)	Loss Disc 6.9417e-01 (6.9269e-01)	Loss Pred 5.2670e-01 (5.2084e-01)	Loss TOTAL 9.2954e-01 (9.3677e-01)
Epoch: [4][220/497]	L_Src_Sup 2.1142e-01 (2.4605e-01)	L_Trg_Inj 3.1700e-01 (3.3381e-01)	Loss Disc 6.9382e-01 (6.9273e-01)	Loss Pred 4.6067e-01 (5.2032e-01)	Loss TOTAL 8.6042e-01 (9.3643e-01)
Epoch: [4][230/497]	L_Src_Sup 2.7122e-01 (2.4655e-01)	L_Trg_Inj 3.7564e-01 (3.3319e-01)	Loss Disc 6.9284e-01 (6.9275e-01)	Loss Pred 5.4152e-01 (5.2075e-01)	Loss TOTAL 9.5262e-01 (9.3694e-01)
Epoch: [4][240/497]	L_Src_Sup 2.1077e-01 (2.4608e-01)	L_Trg_Inj 2.9329e-01 (3.3246e-01)	Loss Disc 6.9334e-01 (6.9277e-01)	Loss Pred 5.1641e-01 (5.2060e-01)	Loss TOTAL 9.1348e-01 (9.3634e-01)
Epoch: [4][250/497]	L_Src_Sup 2.6556e-01 (2.4471e-01)	L_Trg_Inj 3.3256e-01 (3.3035e-01)	Loss Disc 6.9375e-01 (6.9279e-01)	Loss Pred 5.1706e-01 (5.2084e-01)	Loss TOTAL 9.2375e-01 (9.3618e-01)
Epoch: [4][260/497]	L_Src_Sup 2.6212e-01 (2.4363e-01)	L_Trg_Inj 1.9917e-01 (3.2829e-01)	Loss Disc 6.9300e-01 (6.9281e-01)	Loss Pred 5.5367e-01 (5.2111e-01)	Loss TOTAL 1.0092e+00 (9.3594e-01)
Epoch: [4][270/497]	L_Src_Sup 2.5253e-01 (2.4290e-01)	L_Trg_Inj 2.0726e-01 (3.2644e-01)	Loss Disc 6.9311e-01 (6.9283e-01)	Loss Pred 5.4122e-01 (5.2135e-01)	Loss TOTAL 9.7902e-01 (9.3629e-01)
Epoch: [4][280/497]	L_Src_Sup 1.6349e-01 (2.4224e-01)	L_Trg_Inj 4.3271e-01 (3.2760e-01)	Loss Disc 6.9343e-01 (6.9285e-01)	Loss Pred 5.4193e-01 (5.2161e-01)	Loss TOTAL 9.4827e-01 (9.3621e-01)
Epoch: [4][290/497]	L_Src_Sup 2.2097e-01 (2.4184e-01)	L_Trg_Inj 3.0881e-01 (3.2735e-01)	Loss Disc 6.9299e-01 (6.9286e-01)	Loss Pred 4.8732e-01 (5.2166e-01)	Loss TOTAL 8.8680e-01 (9.3599e-01)
Epoch: [4][300/497]	L_Src_Sup 2.2566e-01 (2.4011e-01)	L_Trg_Inj 2.9909e-01 (3.2498e-01)	Loss Disc 6.9050e-01 (6.9285e-01)	Loss Pred 4.9950e-01 (5.2148e-01)	Loss TOTAL 8.9723e-01 (9.3525e-01)
Epoch: [4][310/497]	L_Src_Sup 1.5341e-01 (2.3994e-01)	L_Trg_Inj 1.5824e-01 (3.2427e-01)	Loss Disc 6.9374e-01 (6.9283e-01)	Loss Pred 5.2291e-01 (5.2157e-01)	Loss TOTAL 9.0094e-01 (9.3526e-01)
Epoch: [4][320/497]	L_Src_Sup 2.6377e-01 (2.4099e-01)	L_Trg_Inj 4.1577e-01 (3.2534e-01)	Loss Disc 6.9268e-01 (6.9283e-01)	Loss Pred 5.4288e-01 (5.2173e-01)	Loss TOTAL 9.5717e-01 (9.3560e-01)
Epoch: [4][330/497]	L_Src_Sup 1.4665e-01 (2.4085e-01)	L_Trg_Inj 3.7813e-01 (3.2727e-01)	Loss Disc 6.9275e-01 (6.9283e-01)	Loss Pred 5.1344e-01 (5.2182e-01)	Loss TOTAL 9.1229e-01 (9.3555e-01)
Epoch: [4][340/497]	L_Src_Sup 2.4411e-01 (2.4094e-01)	L_Trg_Inj 3.3665e-01 (3.2796e-01)	Loss Disc 6.9247e-01 (6.9282e-01)	Loss Pred 5.1664e-01 (5.2216e-01)	Loss TOTAL 9.2095e-01 (9.3579e-01)
Epoch: [4][350/497]	L_Src_Sup 2.0376e-01 (2.3940e-01)	L_Trg_Inj 2.3636e-01 (3.2630e-01)	Loss Disc 6.9307e-01 (6.9281e-01)	Loss Pred 5.1066e-01 (5.2254e-01)	Loss TOTAL 9.0121e-01 (9.3571e-01)
Epoch: [4][360/497]	L_Src_Sup 2.8335e-01 (2.3941e-01)	L_Trg_Inj 2.7084e-01 (3.2608e-01)	Loss Disc 6.9239e-01 (6.9280e-01)	Loss Pred 5.1642e-01 (5.2229e-01)	Loss TOTAL 9.3055e-01 (9.3553e-01)
Epoch: [4][370/497]	L_Src_Sup 2.4533e-01 (2.4009e-01)	L_Trg_Inj 3.1611e-01 (3.2757e-01)	Loss Disc 6.9256e-01 (6.9278e-01)	Loss Pred 5.2242e-01 (5.2257e-01)	Loss TOTAL 9.2484e-01 (9.3576e-01)
Epoch: [4][380/497]	L_Src_Sup 1.9444e-01 (2.4024e-01)	L_Trg_Inj 3.3690e-01 (3.2747e-01)	Loss Disc 6.9254e-01 (6.9277e-01)	Loss Pred 4.7909e-01 (5.2249e-01)	Loss TOTAL 8.7849e-01 (9.3561e-01)
Epoch: [4][390/497]	L_Src_Sup 2.9268e-01 (2.4033e-01)	L_Trg_Inj 2.9274e-01 (3.2824e-01)	Loss Disc 6.9225e-01 (6.9277e-01)	Loss Pred 5.1119e-01 (5.2241e-01)	Loss TOTAL 9.1586e-01 (9.3542e-01)
Epoch: [4][400/497]	L_Src_Sup 2.6758e-01 (2.3968e-01)	L_Trg_Inj 2.9752e-01 (3.2835e-01)	Loss Disc 6.9279e-01 (6.9274e-01)	Loss Pred 4.9231e-01 (5.2273e-01)	Loss TOTAL 8.9521e-01 (9.3542e-01)
Epoch: [4][410/497]	L_Src_Sup 3.2078e-01 (2.3980e-01)	L_Trg_Inj 2.6741e-01 (3.2756e-01)	Loss Disc 6.9005e-01 (6.9273e-01)	Loss Pred 5.6158e-01 (5.2291e-01)	Loss TOTAL 1.0188e+00 (9.3588e-01)
Epoch: [4][420/497]	L_Src_Sup 1.3007e-01 (2.4026e-01)	L_Trg_Inj 4.4327e-01 (3.2907e-01)	Loss Disc 6.9033e-01 (6.9272e-01)	Loss Pred 5.2904e-01 (5.2314e-01)	Loss TOTAL 9.3154e-01 (9.3624e-01)
Epoch: [4][430/497]	L_Src_Sup 3.1456e-01 (2.4002e-01)	L_Trg_Inj 3.0574e-01 (3.2890e-01)	Loss Disc 6.9207e-01 (6.9271e-01)	Loss Pred 5.4165e-01 (5.2323e-01)	Loss TOTAL 9.5853e-01 (9.3615e-01)
Epoch: [4][440/497]	L_Src_Sup 2.8003e-01 (2.4018e-01)	L_Trg_Inj 4.9490e-01 (3.3038e-01)	Loss Disc 6.8851e-01 (6.9266e-01)	Loss Pred 4.9948e-01 (5.2293e-01)	Loss TOTAL 9.2123e-01 (9.3580e-01)
Epoch: [4][450/497]	L_Src_Sup 2.0010e-01 (2.4009e-01)	L_Trg_Inj 3.2240e-01 (3.3088e-01)	Loss Disc 6.9265e-01 (6.9265e-01)	Loss Pred 5.5983e-01 (5.2318e-01)	Loss TOTAL 9.5841e-01 (9.3594e-01)
Epoch: [4][460/497]	L_Src_Sup 2.2097e-01 (2.3932e-01)	L_Trg_Inj 2.6183e-01 (3.3043e-01)	Loss Disc 6.9110e-01 (6.9263e-01)	Loss Pred 5.0405e-01 (5.2301e-01)	Loss TOTAL 8.9788e-01 (9.3543e-01)
Epoch: [4][470/497]	L_Src_Sup 1.8012e-01 (2.3838e-01)	L_Trg_Inj 3.2062e-01 (3.2963e-01)	Loss Disc 6.9324e-01 (6.9263e-01)	Loss Pred 5.0560e-01 (5.2306e-01)	Loss TOTAL 9.0230e-01 (9.3518e-01)
Epoch: [4][480/497]	L_Src_Sup 2.7985e-01 (2.3785e-01)	L_Trg_Inj 3.1401e-01 (3.2891e-01)	Loss Disc 6.9259e-01 (6.9264e-01)	Loss Pred 5.2203e-01 (5.2316e-01)	Loss TOTAL 9.2771e-01 (9.3498e-01)
Epoch: [4][490/497]	L_Src_Sup 1.7353e-01 (2.3781e-01)	L_Trg_Inj 4.0261e-01 (3.2897e-01)	Loss Disc 6.9120e-01 (6.9263e-01)	Loss Pred 5.2862e-01 (5.2325e-01)	Loss TOTAL 9.3184e-01 (9.3501e-01)
Epoch: [4][497/497]	L_Src_Sup 2.3285e-01 (2.3797e-01)	L_Trg_Inj 2.6671e-01 (3.2888e-01)	Loss Disc 6.9387e-01 (6.9262e-01)	Loss Pred 5.1656e-01 (5.2314e-01)	Loss TOTAL 9.1345e-01 (9.3495e-01)
Epoch 4 complete. Saving model state...
Epoch: [5][ 10/497]	L_Src_Sup 2.9161e-01 (2.0326e-01)	L_Trg_Inj 2.8297e-01 (2.8732e-01)	Loss Disc 6.9215e-01 (6.9303e-01)	Loss Pred 5.1075e-01 (5.2245e-01)	Loss TOTAL 9.2291e-01 (9.1888e-01)
Epoch: [5][ 20/497]	L_Src_Sup 2.3581e-01 (2.1153e-01)	L_Trg_Inj 1.5474e-01 (2.6947e-01)	Loss Disc 6.8737e-01 (6.9187e-01)	Loss Pred 5.7117e-01 (5.2928e-01)	Loss TOTAL 1.0350e+00 (9.3161e-01)
Epoch: [5][ 30/497]	L_Src_Sup 3.3076e-01 (2.1561e-01)	L_Trg_Inj 2.9444e-01 (2.8932e-01)	Loss Disc 6.9339e-01 (6.9297e-01)	Loss Pred 5.5367e-01 (5.3120e-01)	Loss TOTAL 9.9920e-01 (9.3503e-01)
Epoch: [5][ 40/497]	L_Src_Sup 3.3635e-01 (2.2049e-01)	L_Trg_Inj 2.7937e-01 (2.9221e-01)	Loss Disc 6.9292e-01 (6.9292e-01)	Loss Pred 5.2360e-01 (5.3203e-01)	Loss TOTAL 9.8861e-01 (9.3748e-01)
Epoch: [5][ 50/497]	L_Src_Sup 3.3254e-01 (2.3799e-01)	L_Trg_Inj 3.6453e-01 (3.0479e-01)	Loss Disc 6.8969e-01 (6.9259e-01)	Loss Pred 5.1193e-01 (5.3153e-01)	Loss TOTAL 9.2648e-01 (9.4506e-01)
Epoch: [5][ 60/497]	L_Src_Sup 1.3458e-01 (2.3474e-01)	L_Trg_Inj 2.4631e-01 (3.0160e-01)	Loss Disc 6.9194e-01 (6.9253e-01)	Loss Pred 5.2448e-01 (5.2992e-01)	Loss TOTAL 9.0854e-01 (9.4142e-01)
Epoch: [5][ 70/497]	L_Src_Sup 2.1634e-01 (2.3485e-01)	L_Trg_Inj 3.6991e-01 (3.0105e-01)	Loss Disc 6.9428e-01 (6.9269e-01)	Loss Pred 5.1792e-01 (5.2802e-01)	Loss TOTAL 9.2369e-01 (9.3846e-01)
Epoch: [5][ 80/497]	L_Src_Sup 2.5289e-01 (2.3480e-01)	L_Trg_Inj 3.7591e-01 (3.0596e-01)	Loss Disc 6.9203e-01 (6.9267e-01)	Loss Pred 5.3531e-01 (5.2819e-01)	Loss TOTAL 9.4420e-01 (9.3779e-01)
Epoch: [5][ 90/497]	L_Src_Sup 3.4039e-01 (2.3356e-01)	L_Trg_Inj 2.8927e-01 (3.0739e-01)	Loss Disc 6.9155e-01 (6.9255e-01)	Loss Pred 5.1009e-01 (5.2805e-01)	Loss TOTAL 9.6995e-01 (9.3721e-01)
Epoch: [5][100/497]	L_Src_Sup 2.1938e-01 (2.3270e-01)	L_Trg_Inj 4.5332e-01 (3.1264e-01)	Loss Disc 6.9167e-01 (6.9251e-01)	Loss Pred 5.3494e-01 (5.2754e-01)	Loss TOTAL 9.4805e-01 (9.3685e-01)
Epoch: [5][110/497]	L_Src_Sup 1.7733e-01 (2.3042e-01)	L_Trg_Inj 3.3603e-01 (3.1564e-01)	Loss Disc 6.9216e-01 (6.9243e-01)	Loss Pred 5.2908e-01 (5.2549e-01)	Loss TOTAL 9.2649e-01 (9.3447e-01)
Epoch: [5][120/497]	L_Src_Sup 2.6809e-01 (2.3082e-01)	L_Trg_Inj 4.0481e-01 (3.1815e-01)	Loss Disc 6.8918e-01 (6.9235e-01)	Loss Pred 4.8488e-01 (5.2476e-01)	Loss TOTAL 8.9676e-01 (9.3442e-01)
Epoch: [5][130/497]	L_Src_Sup 2.3072e-01 (2.3246e-01)	L_Trg_Inj 2.9256e-01 (3.1864e-01)	Loss Disc 6.9304e-01 (6.9235e-01)	Loss Pred 5.1627e-01 (5.2403e-01)	Loss TOTAL 9.1511e-01 (9.3344e-01)
Epoch: [5][140/497]	L_Src_Sup 2.4188e-01 (2.3408e-01)	L_Trg_Inj 3.4106e-01 (3.2238e-01)	Loss Disc 6.9188e-01 (6.9235e-01)	Loss Pred 5.3580e-01 (5.2368e-01)	Loss TOTAL 9.4003e-01 (9.3336e-01)
Epoch: [5][150/497]	L_Src_Sup 3.0736e-01 (2.3561e-01)	L_Trg_Inj 3.4459e-01 (3.2430e-01)	Loss Disc 6.9332e-01 (6.9231e-01)	Loss Pred 5.3063e-01 (5.2342e-01)	Loss TOTAL 9.4248e-01 (9.3294e-01)
Epoch: [5][160/497]	L_Src_Sup 1.3432e-01 (2.3470e-01)	L_Trg_Inj 2.6501e-01 (3.2486e-01)	Loss Disc 6.9233e-01 (6.9238e-01)	Loss Pred 5.7919e-01 (5.2437e-01)	Loss TOTAL 9.6528e-01 (9.3402e-01)
Epoch: [5][170/497]	L_Src_Sup 2.9061e-01 (2.3445e-01)	L_Trg_Inj 2.8800e-01 (3.2441e-01)	Loss Disc 6.9058e-01 (6.9234e-01)	Loss Pred 4.9736e-01 (5.2309e-01)	Loss TOTAL 9.0312e-01 (9.3223e-01)
Epoch: [5][180/497]	L_Src_Sup 1.9085e-01 (2.3411e-01)	L_Trg_Inj 2.4524e-01 (3.2368e-01)	Loss Disc 6.9333e-01 (6.9232e-01)	Loss Pred 5.4785e-01 (5.2302e-01)	Loss TOTAL 9.3812e-01 (9.3221e-01)
Epoch: [5][190/497]	L_Src_Sup 1.6748e-01 (2.3348e-01)	L_Trg_Inj 2.4935e-01 (3.2372e-01)	Loss Disc 6.9328e-01 (6.9233e-01)	Loss Pred 5.0456e-01 (5.2267e-01)	Loss TOTAL 8.9288e-01 (9.3148e-01)
Epoch: [5][200/497]	L_Src_Sup 2.3514e-01 (2.3222e-01)	L_Trg_Inj 3.0967e-01 (3.2116e-01)	Loss Disc 6.9493e-01 (6.9232e-01)	Loss Pred 5.4725e-01 (5.2273e-01)	Loss TOTAL 9.4920e-01 (9.3163e-01)
Epoch: [5][210/497]	L_Src_Sup 2.0774e-01 (2.3150e-01)	L_Trg_Inj 3.6619e-01 (3.2133e-01)	Loss Disc 6.9269e-01 (6.9235e-01)	Loss Pred 5.2238e-01 (5.2276e-01)	Loss TOTAL 9.2612e-01 (9.3183e-01)
Epoch: [5][220/497]	L_Src_Sup 1.6369e-01 (2.3085e-01)	L_Trg_Inj 3.5363e-01 (3.1840e-01)	Loss Disc 6.9306e-01 (6.9240e-01)	Loss Pred 4.9189e-01 (5.2242e-01)	Loss TOTAL 8.9015e-01 (9.3211e-01)
Epoch: [5][230/497]	L_Src_Sup 1.9706e-01 (2.3249e-01)	L_Trg_Inj 4.3470e-01 (3.2002e-01)	Loss Disc 6.9310e-01 (6.9243e-01)	Loss Pred 5.5432e-01 (5.2244e-01)	Loss TOTAL 9.6404e-01 (9.3273e-01)
Epoch: [5][240/497]	L_Src_Sup 2.1662e-01 (2.3446e-01)	L_Trg_Inj 3.7691e-01 (3.2296e-01)	Loss Disc 6.9314e-01 (6.9246e-01)	Loss Pred 5.0357e-01 (5.2232e-01)	Loss TOTAL 9.0949e-01 (9.3281e-01)
Epoch: [5][250/497]	L_Src_Sup 2.3083e-01 (2.3496e-01)	L_Trg_Inj 3.2067e-01 (3.2298e-01)	Loss Disc 6.9269e-01 (6.9248e-01)	Loss Pred 5.5606e-01 (5.2266e-01)	Loss TOTAL 9.5755e-01 (9.3314e-01)
Epoch: [5][260/497]	L_Src_Sup 3.3538e-01 (2.3504e-01)	L_Trg_Inj 3.3077e-01 (3.2335e-01)	Loss Disc 6.9273e-01 (6.9248e-01)	Loss Pred 5.4815e-01 (5.2316e-01)	Loss TOTAL 9.6574e-01 (9.3353e-01)
Epoch: [5][270/497]	L_Src_Sup 3.2536e-01 (2.3589e-01)	L_Trg_Inj 3.9087e-01 (3.2519e-01)	Loss Disc 6.9187e-01 (6.9249e-01)	Loss Pred 5.0550e-01 (5.2295e-01)	Loss TOTAL 9.2305e-01 (9.3339e-01)
Epoch: [5][280/497]	L_Src_Sup 1.4822e-01 (2.3557e-01)	L_Trg_Inj 3.1998e-01 (3.2709e-01)	Loss Disc 6.9221e-01 (6.9248e-01)	Loss Pred 5.1006e-01 (5.2330e-01)	Loss TOTAL 9.0299e-01 (9.3361e-01)
Epoch: [5][290/497]	L_Src_Sup 2.0739e-01 (2.3529e-01)	L_Trg_Inj 3.2031e-01 (3.2749e-01)	Loss Disc 6.9251e-01 (6.9247e-01)	Loss Pred 5.2250e-01 (5.2319e-01)	Loss TOTAL 9.2153e-01 (9.3352e-01)
Epoch: [5][300/497]	L_Src_Sup 2.1092e-01 (2.3465e-01)	L_Trg_Inj 2.8858e-01 (3.2779e-01)	Loss Disc 6.9237e-01 (6.9244e-01)	Loss Pred 5.1150e-01 (5.2309e-01)	Loss TOTAL 9.0763e-01 (9.3311e-01)
Epoch: [5][310/497]	L_Src_Sup 1.4926e-01 (2.3454e-01)	L_Trg_Inj 2.6872e-01 (3.2727e-01)	Loss Disc 6.9265e-01 (6.9244e-01)	Loss Pred 5.0380e-01 (5.2312e-01)	Loss TOTAL 8.9192e-01 (9.3317e-01)
Epoch: [5][320/497]	L_Src_Sup 2.0408e-01 (2.3410e-01)	L_Trg_Inj 3.8300e-01 (3.2732e-01)	Loss Disc 6.9171e-01 (6.9242e-01)	Loss Pred 5.1053e-01 (5.2283e-01)	Loss TOTAL 9.1509e-01 (9.3270e-01)
Epoch: [5][330/497]	L_Src_Sup 2.5458e-01 (2.3460e-01)	L_Trg_Inj 1.9478e-01 (3.2657e-01)	Loss Disc 6.9207e-01 (6.9242e-01)	Loss Pred 4.9180e-01 (5.2257e-01)	Loss TOTAL 9.4257e-01 (9.3282e-01)
Epoch: [5][340/497]	L_Src_Sup 1.3549e-01 (2.3426e-01)	L_Trg_Inj 3.2388e-01 (3.2498e-01)	Loss Disc 6.9366e-01 (6.9243e-01)	Loss Pred 4.9864e-01 (5.2277e-01)	Loss TOTAL 8.9141e-01 (9.3329e-01)
Epoch: [5][350/497]	L_Src_Sup 1.3681e-01 (2.3585e-01)	L_Trg_Inj 4.6915e-01 (3.2824e-01)	Loss Disc 6.9307e-01 (6.9246e-01)	Loss Pred 5.1658e-01 (5.2250e-01)	Loss TOTAL 9.2371e-01 (9.3339e-01)
Epoch: [5][360/497]	L_Src_Sup 2.5000e-01 (2.3732e-01)	L_Trg_Inj 4.1486e-01 (3.2949e-01)	Loss Disc 6.9322e-01 (6.9248e-01)	Loss Pred 5.8517e-01 (5.2252e-01)	Loss TOTAL 9.9826e-01 (9.3395e-01)
Epoch: [5][370/497]	L_Src_Sup 2.2607e-01 (2.3686e-01)	L_Trg_Inj 2.1282e-01 (3.2855e-01)	Loss Disc 6.9320e-01 (6.9250e-01)	Loss Pred 5.2324e-01 (5.2221e-01)	Loss TOTAL 9.2698e-01 (9.3336e-01)
Epoch: [5][380/497]	L_Src_Sup 1.3649e-01 (2.3665e-01)	L_Trg_Inj 4.5145e-01 (3.2874e-01)	Loss Disc 6.9328e-01 (6.9251e-01)	Loss Pred 5.4515e-01 (5.2223e-01)	Loss TOTAL 9.5059e-01 (9.3372e-01)
Epoch: [5][390/497]	L_Src_Sup 5.7494e-01 (2.3843e-01)	L_Trg_Inj 2.6751e-01 (3.2948e-01)	Loss Disc 6.9323e-01 (6.9253e-01)	Loss Pred 5.2875e-01 (5.2239e-01)	Loss TOTAL 1.2670e+00 (9.3493e-01)
Epoch: [5][400/497]	L_Src_Sup 1.4369e-01 (2.3876e-01)	L_Trg_Inj 3.9623e-01 (3.2836e-01)	Loss Disc 6.9285e-01 (6.9254e-01)	Loss Pred 5.4287e-01 (5.2241e-01)	Loss TOTAL 9.4329e-01 (9.3556e-01)
Epoch: [5][410/497]	L_Src_Sup 2.2636e-01 (2.3880e-01)	L_Trg_Inj 4.5345e-01 (3.2812e-01)	Loss Disc 6.9168e-01 (6.9255e-01)	Loss Pred 4.9266e-01 (5.2236e-01)	Loss TOTAL 9.0648e-01 (9.3568e-01)
Epoch: [5][420/497]	L_Src_Sup 1.8936e-01 (2.3805e-01)	L_Trg_Inj 2.3448e-01 (3.2748e-01)	Loss Disc 6.9411e-01 (6.9255e-01)	Loss Pred 5.4513e-01 (5.2236e-01)	Loss TOTAL 9.3457e-01 (9.3554e-01)
Epoch: [5][430/497]	L_Src_Sup 2.2530e-01 (2.3804e-01)	L_Trg_Inj 4.0632e-01 (3.2780e-01)	Loss Disc 6.9160e-01 (6.9255e-01)	Loss Pred 5.1838e-01 (5.2263e-01)	Loss TOTAL 9.2734e-01 (9.3570e-01)
Epoch: [5][440/497]	L_Src_Sup 2.2917e-01 (2.3761e-01)	L_Trg_Inj 2.9029e-01 (3.2746e-01)	Loss Disc 6.9206e-01 (6.9254e-01)	Loss Pred 5.1728e-01 (5.2256e-01)	Loss TOTAL 9.1525e-01 (9.3550e-01)
Epoch: [5][450/497]	L_Src_Sup 2.9175e-01 (2.3846e-01)	L_Trg_Inj 4.1307e-01 (3.2783e-01)	Loss Disc 6.9122e-01 (6.9253e-01)	Loss Pred 5.4219e-01 (5.2260e-01)	Loss TOTAL 9.5828e-01 (9.3561e-01)
Epoch: [5][460/497]	L_Src_Sup 2.3947e-01 (2.3842e-01)	L_Trg_Inj 2.9925e-01 (3.2811e-01)	Loss Disc 6.9208e-01 (6.9252e-01)	Loss Pred 5.1107e-01 (5.2255e-01)	Loss TOTAL 9.1098e-01 (9.3548e-01)
Epoch: [5][470/497]	L_Src_Sup 2.1625e-01 (2.3847e-01)	L_Trg_Inj 4.0633e-01 (3.2860e-01)	Loss Disc 6.9199e-01 (6.9251e-01)	Loss Pred 5.1083e-01 (5.2260e-01)	Loss TOTAL 9.1909e-01 (9.3579e-01)
Epoch: [5][480/497]	L_Src_Sup 2.2019e-01 (2.3910e-01)	L_Trg_Inj 3.3717e-01 (3.2870e-01)	Loss Disc 6.9306e-01 (6.9251e-01)	Loss Pred 5.0392e-01 (5.2260e-01)	Loss TOTAL 9.0619e-01 (9.3625e-01)
Epoch: [5][490/497]	L_Src_Sup 3.3193e-01 (2.4011e-01)	L_Trg_Inj 3.5551e-01 (3.2932e-01)	Loss Disc 6.9305e-01 (6.9253e-01)	Loss Pred 5.2237e-01 (5.2243e-01)	Loss TOTAL 9.3764e-01 (9.3609e-01)
Epoch: [5][497/497]	L_Src_Sup 2.7680e-01 (2.4003e-01)	L_Trg_Inj 2.1974e-01 (3.2872e-01)	Loss Disc 6.9270e-01 (6.9253e-01)	Loss Pred 5.0980e-01 (5.2252e-01)	Loss TOTAL 9.6287e-01 (9.3625e-01)
Epoch 5 complete. Saving model state...
Epoch: [6][ 10/497]	L_Src_Sup 1.9570e-01 (2.4664e-01)	L_Trg_Inj 3.4707e-01 (4.0425e-01)	Loss Disc 6.9393e-01 (6.9218e-01)	Loss Pred 5.2238e-01 (5.1422e-01)	Loss TOTAL 9.2362e-01 (9.2751e-01)
Epoch: [6][ 20/497]	L_Src_Sup 2.0832e-01 (2.5234e-01)	L_Trg_Inj 2.7165e-01 (3.9293e-01)	Loss Disc 6.9225e-01 (6.9253e-01)	Loss Pred 4.6668e-01 (5.2089e-01)	Loss TOTAL 8.6080e-01 (9.3926e-01)
Epoch: [6][ 30/497]	L_Src_Sup 2.4250e-01 (2.4199e-01)	L_Trg_Inj 2.3983e-01 (3.6235e-01)	Loss Disc 6.9293e-01 (6.9256e-01)	Loss Pred 5.1653e-01 (5.2352e-01)	Loss TOTAL 9.1391e-01 (9.3674e-01)
Epoch: [6][ 40/497]	L_Src_Sup 1.8467e-01 (2.4279e-01)	L_Trg_Inj 2.6048e-01 (3.5419e-01)	Loss Disc 6.9354e-01 (6.9275e-01)	Loss Pred 5.8909e-01 (5.2806e-01)	Loss TOTAL 9.8038e-01 (9.4203e-01)
Epoch: [6][ 50/497]	L_Src_Sup 1.7341e-01 (2.4766e-01)	L_Trg_Inj 3.9228e-01 (3.4832e-01)	Loss Disc 6.9226e-01 (6.9274e-01)	Loss Pred 5.3670e-01 (5.2595e-01)	Loss TOTAL 9.3940e-01 (9.4395e-01)
Epoch: [6][ 60/497]	L_Src_Sup 2.5332e-01 (2.4282e-01)	L_Trg_Inj 3.7420e-01 (3.5011e-01)	Loss Disc 6.9205e-01 (6.9268e-01)	Loss Pred 5.1726e-01 (5.2352e-01)	Loss TOTAL 9.2603e-01 (9.3956e-01)
Epoch: [6][ 70/497]	L_Src_Sup 2.0376e-01 (2.4115e-01)	L_Trg_Inj 2.5029e-01 (3.5010e-01)	Loss Disc 6.9364e-01 (6.9260e-01)	Loss Pred 5.0998e-01 (5.2231e-01)	Loss TOTAL 9.0220e-01 (9.3665e-01)
Epoch: [6][ 80/497]	L_Src_Sup 2.1551e-01 (2.3966e-01)	L_Trg_Inj 3.6982e-01 (3.4915e-01)	Loss Disc 6.9344e-01 (6.9262e-01)	Loss Pred 5.5691e-01 (5.2211e-01)	Loss TOTAL 9.6217e-01 (9.3528e-01)
Epoch: [6][ 90/497]	L_Src_Sup 3.5781e-01 (2.4216e-01)	L_Trg_Inj 2.4953e-01 (3.4559e-01)	Loss Disc 6.9294e-01 (6.9268e-01)	Loss Pred 4.9785e-01 (5.2270e-01)	Loss TOTAL 1.0133e+00 (9.3681e-01)
Epoch: [6][100/497]	L_Src_Sup 2.7204e-01 (2.4182e-01)	L_Trg_Inj 3.1498e-01 (3.4527e-01)	Loss Disc 6.9319e-01 (6.9273e-01)	Loss Pred 5.1227e-01 (5.2281e-01)	Loss TOTAL 9.1757e-01 (9.3660e-01)
Epoch: [6][110/497]	L_Src_Sup 3.3975e-01 (2.4225e-01)	L_Trg_Inj 3.1097e-01 (3.4854e-01)	Loss Disc 6.9370e-01 (6.9277e-01)	Loss Pred 5.2257e-01 (5.2209e-01)	Loss TOTAL 9.6326e-01 (9.3698e-01)
Epoch: [6][120/497]	L_Src_Sup 2.2596e-01 (2.4660e-01)	L_Trg_Inj 4.1956e-01 (3.5818e-01)	Loss Disc 6.9373e-01 (6.9280e-01)	Loss Pred 5.7287e-01 (5.2211e-01)	Loss TOTAL 9.8428e-01 (9.3897e-01)
Epoch: [6][130/497]	L_Src_Sup 2.8001e-01 (2.5043e-01)	L_Trg_Inj 2.7894e-01 (3.5918e-01)	Loss Disc 6.9348e-01 (6.9282e-01)	Loss Pred 5.5973e-01 (5.2400e-01)	Loss TOTAL 9.6343e-01 (9.4070e-01)
Epoch: [6][140/497]	L_Src_Sup 1.9806e-01 (2.4858e-01)	L_Trg_Inj 4.3918e-01 (3.5582e-01)	Loss Disc 6.9324e-01 (6.9285e-01)	Loss Pred 5.7260e-01 (5.2446e-01)	Loss TOTAL 9.8295e-01 (9.4064e-01)
Epoch: [6][150/497]	L_Src_Sup 2.4026e-01 (2.4963e-01)	L_Trg_Inj 3.1862e-01 (3.5623e-01)	Loss Disc 6.9352e-01 (6.9286e-01)	Loss Pred 5.7258e-01 (5.2424e-01)	Loss TOTAL 9.7523e-01 (9.3995e-01)
Epoch: [6][160/497]	L_Src_Sup 1.2063e-01 (2.4642e-01)	L_Trg_Inj 2.3616e-01 (3.5249e-01)	Loss Disc 6.9291e-01 (6.9287e-01)	Loss Pred 5.4144e-01 (5.2521e-01)	Loss TOTAL 9.2357e-01 (9.4021e-01)
Epoch: [6][170/497]	L_Src_Sup 2.3644e-01 (2.4343e-01)	L_Trg_Inj 2.9351e-01 (3.4785e-01)	Loss Disc 6.9332e-01 (6.9286e-01)	Loss Pred 5.4829e-01 (5.2527e-01)	Loss TOTAL 9.4794e-01 (9.3923e-01)
Epoch: [6][180/497]	L_Src_Sup 1.9924e-01 (2.4427e-01)	L_Trg_Inj 2.2267e-01 (3.4638e-01)	Loss Disc 6.9315e-01 (6.9287e-01)	Loss Pred 5.2398e-01 (5.2453e-01)	Loss TOTAL 9.1274e-01 (9.3891e-01)
Epoch: [6][190/497]	L_Src_Sup 3.3000e-01 (2.4476e-01)	L_Trg_Inj 2.9367e-01 (3.4560e-01)	Loss Disc 6.9314e-01 (6.9289e-01)	Loss Pred 4.8609e-01 (5.2403e-01)	Loss TOTAL 9.3136e-01 (9.3864e-01)
Epoch: [6][200/497]	L_Src_Sup 2.5932e-01 (2.4656e-01)	L_Trg_Inj 2.6607e-01 (3.4750e-01)	Loss Disc 6.9304e-01 (6.9290e-01)	Loss Pred 5.1014e-01 (5.2304e-01)	Loss TOTAL 9.0920e-01 (9.3843e-01)
Epoch: [6][210/497]	L_Src_Sup 1.9101e-01 (2.4575e-01)	L_Trg_Inj 4.0286e-01 (3.4651e-01)	Loss Disc 6.9279e-01 (6.9291e-01)	Loss Pred 4.9136e-01 (5.2267e-01)	Loss TOTAL 8.9714e-01 (9.3838e-01)
Epoch: [6][220/497]	L_Src_Sup 2.1110e-01 (2.4500e-01)	L_Trg_Inj 4.0666e-01 (3.4372e-01)	Loss Disc 6.9240e-01 (6.9291e-01)	Loss Pred 5.4858e-01 (5.2291e-01)	Loss TOTAL 9.5655e-01 (9.3857e-01)
Epoch: [6][230/497]	L_Src_Sup 3.1299e-01 (2.4350e-01)	L_Trg_Inj 3.5173e-01 (3.4233e-01)	Loss Disc 6.9141e-01 (6.9289e-01)	Loss Pred 5.4227e-01 (5.2343e-01)	Loss TOTAL 9.5445e-01 (9.3839e-01)
Epoch: [6][240/497]	L_Src_Sup 2.2748e-01 (2.4144e-01)	L_Trg_Inj 2.7477e-01 (3.4148e-01)	Loss Disc 6.9242e-01 (6.9289e-01)	Loss Pred 5.3483e-01 (5.2356e-01)	Loss TOTAL 9.3127e-01 (9.3782e-01)
Epoch: [6][250/497]	L_Src_Sup 2.1555e-01 (2.4004e-01)	L_Trg_Inj 3.0506e-01 (3.3898e-01)	Loss Disc 6.9275e-01 (6.9289e-01)	Loss Pred 5.4145e-01 (5.2412e-01)	Loss TOTAL 9.3989e-01 (9.3777e-01)
Epoch: [6][260/497]	L_Src_Sup 1.3438e-01 (2.3925e-01)	L_Trg_Inj 3.3796e-01 (3.3869e-01)	Loss Disc 6.9256e-01 (6.9288e-01)	Loss Pred 5.2875e-01 (5.2441e-01)	Loss TOTAL 9.2226e-01 (9.3779e-01)
Epoch: [6][270/497]	L_Src_Sup 1.5293e-01 (2.3893e-01)	L_Trg_Inj 4.1346e-01 (3.3827e-01)	Loss Disc 6.9202e-01 (6.9287e-01)	Loss Pred 5.1785e-01 (5.2478e-01)	Loss TOTAL 9.2050e-01 (9.3805e-01)
Epoch: [6][280/497]	L_Src_Sup 1.4279e-01 (2.3830e-01)	L_Trg_Inj 2.7562e-01 (3.3695e-01)	Loss Disc 6.9377e-01 (6.9285e-01)	Loss Pred 5.2982e-01 (5.2451e-01)	Loss TOTAL 9.1855e-01 (9.3764e-01)
Epoch: [6][290/497]	L_Src_Sup 3.2151e-01 (2.3697e-01)	L_Trg_Inj 2.5319e-01 (3.3341e-01)	Loss Disc 6.9194e-01 (6.9284e-01)	Loss Pred 4.7718e-01 (5.2434e-01)	Loss TOTAL 9.4894e-01 (9.3740e-01)
Epoch: [6][300/497]	L_Src_Sup 2.6867e-01 (2.3739e-01)	L_Trg_Inj 3.9605e-01 (3.3444e-01)	Loss Disc 6.9106e-01 (6.9282e-01)	Loss Pred 4.8573e-01 (5.2431e-01)	Loss TOTAL 8.9773e-01 (9.3770e-01)
Epoch: [6][310/497]	L_Src_Sup 2.3371e-01 (2.3738e-01)	L_Trg_Inj 2.9944e-01 (3.3524e-01)	Loss Disc 6.9267e-01 (6.9279e-01)	Loss Pred 5.2238e-01 (5.2415e-01)	Loss TOTAL 9.2203e-01 (9.3756e-01)
Epoch: [6][320/497]	L_Src_Sup 1.6205e-01 (2.3655e-01)	L_Trg_Inj 4.1367e-01 (3.3557e-01)	Loss Disc 6.9006e-01 (6.9274e-01)	Loss Pred 5.6767e-01 (5.2402e-01)	Loss TOTAL 9.7028e-01 (9.3721e-01)
Epoch: [6][330/497]	L_Src_Sup 1.9377e-01 (2.3523e-01)	L_Trg_Inj 3.8763e-01 (3.3550e-01)	Loss Disc 6.9090e-01 (6.9271e-01)	Loss Pred 4.6645e-01 (5.2357e-01)	Loss TOTAL 8.7004e-01 (9.3631e-01)
Epoch: [6][340/497]	L_Src_Sup 2.2654e-01 (2.3495e-01)	L_Trg_Inj 3.3523e-01 (3.3506e-01)	Loss Disc 6.9150e-01 (6.9270e-01)	Loss Pred 4.6574e-01 (5.2319e-01)	Loss TOTAL 8.6767e-01 (9.3571e-01)
Epoch: [6][350/497]	L_Src_Sup 2.8627e-01 (2.3515e-01)	L_Trg_Inj 2.9883e-01 (3.3402e-01)	Loss Disc 6.9268e-01 (6.9271e-01)	Loss Pred 4.6822e-01 (5.2308e-01)	Loss TOTAL 8.7307e-01 (9.3583e-01)
Epoch: [6][360/497]	L_Src_Sup 2.3723e-01 (2.3358e-01)	L_Trg_Inj 2.5594e-01 (3.3299e-01)	Loss Disc 6.9332e-01 (6.9273e-01)	Loss Pred 5.2904e-01 (5.2305e-01)	Loss TOTAL 9.2502e-01 (9.3529e-01)
Epoch: [6][370/497]	L_Src_Sup 2.4539e-01 (2.3338e-01)	L_Trg_Inj 2.4037e-01 (3.3128e-01)	Loss Disc 6.9321e-01 (6.9274e-01)	Loss Pred 5.2217e-01 (5.2311e-01)	Loss TOTAL 9.2237e-01 (9.3517e-01)
Epoch: [6][380/497]	L_Src_Sup 3.4269e-01 (2.3335e-01)	L_Trg_Inj 3.8492e-01 (3.3024e-01)	Loss Disc 6.9275e-01 (6.9275e-01)	Loss Pred 4.8161e-01 (5.2298e-01)	Loss TOTAL 9.0074e-01 (9.3512e-01)
Epoch: [6][390/497]	L_Src_Sup 4.0018e-01 (2.3548e-01)	L_Trg_Inj 3.3950e-01 (3.3137e-01)	Loss Disc 6.9297e-01 (6.9275e-01)	Loss Pred 5.3483e-01 (5.2283e-01)	Loss TOTAL 1.0160e+00 (9.3534e-01)
Epoch: [6][400/497]	L_Src_Sup 1.9423e-01 (2.3542e-01)	L_Trg_Inj 2.0945e-01 (3.2987e-01)	Loss Disc 6.9304e-01 (6.9277e-01)	Loss Pred 5.4098e-01 (5.2274e-01)	Loss TOTAL 9.2787e-01 (9.3506e-01)
Epoch: [6][410/497]	L_Src_Sup 2.3083e-01 (2.3441e-01)	L_Trg_Inj 1.5012e-01 (3.2669e-01)	Loss Disc 6.9078e-01 (6.9275e-01)	Loss Pred 5.3617e-01 (5.2247e-01)	Loss TOTAL 1.0004e+00 (9.3477e-01)
Epoch: [6][420/497]	L_Src_Sup 2.0680e-01 (2.3407e-01)	L_Trg_Inj 3.5199e-01 (3.2681e-01)	Loss Disc 6.9291e-01 (6.9276e-01)	Loss Pred 5.4096e-01 (5.2247e-01)	Loss TOTAL 9.4330e-01 (9.3469e-01)
Epoch: [6][430/497]	L_Src_Sup 1.4683e-01 (2.3318e-01)	L_Trg_Inj 1.8408e-01 (3.2517e-01)	Loss Disc 6.9337e-01 (6.9277e-01)	Loss Pred 5.0378e-01 (5.2252e-01)	Loss TOTAL 8.8356e-01 (9.3459e-01)
Epoch: [6][440/497]	L_Src_Sup 2.1748e-01 (2.3277e-01)	L_Trg_Inj 2.6310e-01 (3.2362e-01)	Loss Disc 6.9175e-01 (6.9277e-01)	Loss Pred 5.4323e-01 (5.2274e-01)	Loss TOTAL 9.3716e-01 (9.3474e-01)
Epoch: [6][450/497]	L_Src_Sup 2.2017e-01 (2.3313e-01)	L_Trg_Inj 3.4344e-01 (3.2412e-01)	Loss Disc 6.9300e-01 (6.9277e-01)	Loss Pred 5.0344e-01 (5.2253e-01)	Loss TOTAL 9.0630e-01 (9.3449e-01)
Epoch: [6][460/497]	L_Src_Sup 1.6378e-01 (2.3302e-01)	L_Trg_Inj 5.1720e-01 (3.2470e-01)	Loss Disc 6.9432e-01 (6.9279e-01)	Loss Pred 5.0988e-01 (5.2229e-01)	Loss TOTAL 9.2514e-01 (9.3416e-01)
Epoch: [6][470/497]	L_Src_Sup 2.7523e-01 (2.3304e-01)	L_Trg_Inj 3.6537e-01 (3.2492e-01)	Loss Disc 6.9362e-01 (6.9279e-01)	Loss Pred 5.2369e-01 (5.2225e-01)	Loss TOTAL 9.3456e-01 (9.3400e-01)
Epoch: [6][480/497]	L_Src_Sup 1.9309e-01 (2.3347e-01)	L_Trg_Inj 3.7868e-01 (3.2611e-01)	Loss Disc 6.9361e-01 (6.9281e-01)	Loss Pred 4.9113e-01 (5.2203e-01)	Loss TOTAL 8.9512e-01 (9.3376e-01)
Epoch: [6][490/497]	L_Src_Sup 1.0910e-01 (2.3279e-01)	L_Trg_Inj 4.0515e-01 (3.2727e-01)	Loss Disc 6.9303e-01 (6.9281e-01)	Loss Pred 4.9781e-01 (5.2217e-01)	Loss TOTAL 8.9575e-01 (9.3385e-01)
Epoch: [6][497/497]	L_Src_Sup 1.4494e-01 (2.3220e-01)	L_Trg_Inj 1.9836e-01 (3.2714e-01)	Loss Disc 6.9271e-01 (6.9281e-01)	Loss Pred 4.9150e-01 (5.2204e-01)	Loss TOTAL 8.7219e-01 (9.3351e-01)
Epoch 6 complete. Saving model state...
Epoch: [7][ 10/497]	L_Src_Sup 1.9630e-01 (2.2291e-01)	L_Trg_Inj 4.8073e-01 (3.2755e-01)	Loss Disc 6.9245e-01 (6.9283e-01)	Loss Pred 5.4753e-01 (5.2278e-01)	Loss TOTAL 9.6146e-01 (9.3453e-01)
Epoch: [7][ 20/497]	L_Src_Sup 2.6121e-01 (2.2171e-01)	L_Trg_Inj 5.1439e-01 (3.3567e-01)	Loss Disc 6.9250e-01 (6.9283e-01)	Loss Pred 5.6042e-01 (5.2835e-01)	Loss TOTAL 9.8423e-01 (9.3640e-01)
Epoch: [7][ 30/497]	L_Src_Sup 1.7191e-01 (2.1471e-01)	L_Trg_Inj 3.3128e-01 (3.2519e-01)	Loss Disc 6.9251e-01 (6.9274e-01)	Loss Pred 5.2921e-01 (5.2617e-01)	Loss TOTAL 9.2578e-01 (9.3265e-01)
Epoch: [7][ 40/497]	L_Src_Sup 1.1469e-01 (2.0767e-01)	L_Trg_Inj 3.0577e-01 (3.0703e-01)	Loss Disc 6.9236e-01 (6.9268e-01)	Loss Pred 5.2999e-01 (5.2439e-01)	Loss TOTAL 9.1822e-01 (9.2946e-01)
Epoch: [7][ 50/497]	L_Src_Sup 1.7297e-01 (2.1049e-01)	L_Trg_Inj 4.1151e-01 (2.9897e-01)	Loss Disc 6.8671e-01 (6.9245e-01)	Loss Pred 5.4833e-01 (5.2717e-01)	Loss TOTAL 9.5014e-01 (9.3528e-01)
Epoch: [7][ 60/497]	L_Src_Sup 1.7281e-01 (2.1352e-01)	L_Trg_Inj 2.5119e-01 (3.0580e-01)	Loss Disc 6.9366e-01 (6.9227e-01)	Loss Pred 5.6222e-01 (5.2606e-01)	Loss TOTAL 9.5145e-01 (9.3325e-01)
Epoch: [7][ 70/497]	L_Src_Sup 1.6702e-01 (2.0958e-01)	L_Trg_Inj 1.8518e-01 (3.0216e-01)	Loss Disc 6.9075e-01 (6.9225e-01)	Loss Pred 5.0989e-01 (5.2725e-01)	Loss TOTAL 8.9049e-01 (9.3236e-01)
Epoch: [7][ 80/497]	L_Src_Sup 1.9102e-01 (2.1001e-01)	L_Trg_Inj 3.5364e-01 (2.9672e-01)	Loss Disc 6.9291e-01 (6.9232e-01)	Loss Pred 5.3083e-01 (5.2856e-01)	Loss TOTAL 9.3175e-01 (9.3466e-01)
Epoch: [7][ 90/497]	L_Src_Sup 2.1288e-01 (2.0918e-01)	L_Trg_Inj 3.1095e-01 (3.0158e-01)	Loss Disc 6.9129e-01 (6.9232e-01)	Loss Pred 5.0000e-01 (5.2969e-01)	Loss TOTAL 8.9803e-01 (9.3543e-01)
Epoch: [7][100/497]	L_Src_Sup 1.3171e-01 (2.0856e-01)	L_Trg_Inj 3.1727e-01 (3.0549e-01)	Loss Disc 6.9049e-01 (6.9220e-01)	Loss Pred 5.1684e-01 (5.2751e-01)	Loss TOTAL 9.0698e-01 (9.3267e-01)
Epoch: [7][110/497]	L_Src_Sup 1.7117e-01 (2.0607e-01)	L_Trg_Inj 3.1283e-01 (3.0397e-01)	Loss Disc 6.8925e-01 (6.9204e-01)	Loss Pred 5.0973e-01 (5.2649e-01)	Loss TOTAL 9.0275e-01 (9.3052e-01)
Epoch: [7][120/497]	L_Src_Sup 1.5482e-01 (2.0648e-01)	L_Trg_Inj 3.4052e-01 (3.0350e-01)	Loss Disc 6.9108e-01 (6.9191e-01)	Loss Pred 4.9744e-01 (5.2461e-01)	Loss TOTAL 8.9251e-01 (9.2850e-01)
Epoch: [7][130/497]	L_Src_Sup 2.7501e-01 (2.0571e-01)	L_Trg_Inj 3.1903e-01 (3.0569e-01)	Loss Disc 6.9046e-01 (6.9188e-01)	Loss Pred 5.0345e-01 (5.2428e-01)	Loss TOTAL 9.0809e-01 (9.2790e-01)
Epoch: [7][140/497]	L_Src_Sup 1.8321e-01 (2.0424e-01)	L_Trg_Inj 3.7069e-01 (3.0589e-01)	Loss Disc 6.9239e-01 (6.9188e-01)	Loss Pred 5.5428e-01 (5.2424e-01)	Loss TOTAL 9.5586e-01 (9.2737e-01)
Epoch: [7][150/497]	L_Src_Sup 2.3704e-01 (2.0488e-01)	L_Trg_Inj 3.0447e-01 (3.0518e-01)	Loss Disc 6.9119e-01 (6.9188e-01)	Loss Pred 5.4760e-01 (5.2363e-01)	Loss TOTAL 9.4735e-01 (9.2635e-01)
Epoch: [7][160/497]	L_Src_Sup 1.0052e-01 (2.0425e-01)	L_Trg_Inj 3.4643e-01 (3.0413e-01)	Loss Disc 6.9098e-01 (6.9190e-01)	Loss Pred 5.5369e-01 (5.2472e-01)	Loss TOTAL 9.4387e-01 (9.2720e-01)
Epoch: [7][170/497]	L_Src_Sup 1.4791e-01 (2.0327e-01)	L_Trg_Inj 1.7610e-01 (3.0171e-01)	Loss Disc 6.9252e-01 (6.9189e-01)	Loss Pred 5.1078e-01 (5.2474e-01)	Loss TOTAL 8.8944e-01 (9.2654e-01)
Epoch: [7][180/497]	L_Src_Sup 2.1741e-01 (2.0486e-01)	L_Trg_Inj 3.8463e-01 (3.0036e-01)	Loss Disc 6.9297e-01 (6.9194e-01)	Loss Pred 5.2301e-01 (5.2413e-01)	Loss TOTAL 9.2970e-01 (9.2648e-01)
Epoch: [7][190/497]	L_Src_Sup 2.1170e-01 (2.0480e-01)	L_Trg_Inj 3.1312e-01 (3.0109e-01)	Loss Disc 6.9226e-01 (6.9199e-01)	Loss Pred 5.4824e-01 (5.2390e-01)	Loss TOTAL 9.4685e-01 (9.2604e-01)
Epoch: [7][200/497]	L_Src_Sup 1.3855e-01 (2.0425e-01)	L_Trg_Inj 3.3458e-01 (2.9834e-01)	Loss Disc 6.9171e-01 (6.9203e-01)	Loss Pred 5.1049e-01 (5.2392e-01)	Loss TOTAL 9.0366e-01 (9.2619e-01)
Epoch: [7][210/497]	L_Src_Sup 1.8649e-01 (2.0369e-01)	L_Trg_Inj 3.8362e-01 (3.0022e-01)	Loss Disc 6.9106e-01 (6.9205e-01)	Loss Pred 5.1324e-01 (5.2397e-01)	Loss TOTAL 9.1578e-01 (9.2656e-01)
Epoch: [7][220/497]	L_Src_Sup 1.3297e-01 (2.0207e-01)	L_Trg_Inj 3.4299e-01 (3.0039e-01)	Loss Disc 6.9165e-01 (6.9208e-01)	Loss Pred 4.9764e-01 (5.2453e-01)	Loss TOTAL 8.9106e-01 (9.2671e-01)
Epoch: [7][230/497]	L_Src_Sup 2.6725e-01 (2.0463e-01)	L_Trg_Inj 4.7509e-01 (3.0067e-01)	Loss Disc 6.8885e-01 (6.9207e-01)	Loss Pred 5.3109e-01 (5.2469e-01)	Loss TOTAL 9.4975e-01 (9.2802e-01)
Epoch: [7][240/497]	L_Src_Sup 3.9712e-01 (2.0560e-01)	L_Trg_Inj 2.0338e-01 (3.0126e-01)	Loss Disc 6.9345e-01 (6.9207e-01)	Loss Pred 5.2912e-01 (5.2471e-01)	Loss TOTAL 1.1296e+00 (9.2872e-01)
Epoch: [7][250/497]	L_Src_Sup 1.3593e-01 (2.0492e-01)	L_Trg_Inj 3.0392e-01 (3.0159e-01)	Loss Disc 6.9180e-01 (6.9205e-01)	Loss Pred 5.3487e-01 (5.2427e-01)	Loss TOTAL 9.2475e-01 (9.2794e-01)
Epoch: [7][260/497]	L_Src_Sup 2.1504e-01 (2.0446e-01)	L_Trg_Inj 2.4713e-01 (2.9948e-01)	Loss Disc 6.9071e-01 (6.9205e-01)	Loss Pred 5.0273e-01 (5.2363e-01)	Loss TOTAL 8.9431e-01 (9.2703e-01)
Epoch: [7][270/497]	L_Src_Sup 2.4004e-01 (2.0559e-01)	L_Trg_Inj 3.9455e-01 (2.9851e-01)	Loss Disc 6.9291e-01 (6.9204e-01)	Loss Pred 5.4745e-01 (5.2316e-01)	Loss TOTAL 9.5737e-01 (9.2673e-01)
Epoch: [7][280/497]	L_Src_Sup 5.7480e-01 (2.1035e-01)	L_Trg_Inj 4.0818e-01 (3.0313e-01)	Loss Disc 6.9293e-01 (6.9208e-01)	Loss Pred 5.1090e-01 (5.2354e-01)	Loss TOTAL 1.1223e+00 (9.2844e-01)
Epoch: [7][290/497]	L_Src_Sup 2.1717e-01 (2.1291e-01)	L_Trg_Inj 3.5865e-01 (3.0641e-01)	Loss Disc 6.9304e-01 (6.9212e-01)	Loss Pred 5.0435e-01 (5.2341e-01)	Loss TOTAL 9.0845e-01 (9.2880e-01)
Epoch: [7][300/497]	L_Src_Sup 2.2012e-01 (2.1330e-01)	L_Trg_Inj 2.0167e-01 (3.0714e-01)	Loss Disc 6.9358e-01 (6.9216e-01)	Loss Pred 5.6041e-01 (5.2334e-01)	Loss TOTAL 9.6783e-01 (9.2868e-01)
Epoch: [7][310/497]	L_Src_Sup 7.1426e-02 (2.1359e-01)	L_Trg_Inj 2.3183e-01 (3.0657e-01)	Loss Disc 6.9320e-01 (6.9219e-01)	Loss Pred 5.1696e-01 (5.2338e-01)	Loss TOTAL 8.9389e-01 (9.2873e-01)
Epoch: [7][320/497]	L_Src_Sup 2.8471e-01 (2.1388e-01)	L_Trg_Inj 2.6644e-01 (3.0614e-01)	Loss Disc 6.9310e-01 (6.9222e-01)	Loss Pred 4.9714e-01 (5.2328e-01)	Loss TOTAL 9.1708e-01 (9.2855e-01)
Epoch: [7][330/497]	L_Src_Sup 3.1426e-01 (2.1455e-01)	L_Trg_Inj 3.2338e-01 (3.0487e-01)	Loss Disc 6.9305e-01 (6.9224e-01)	Loss Pred 5.0988e-01 (5.2278e-01)	Loss TOTAL 9.2017e-01 (9.2810e-01)
Epoch: [7][340/497]	L_Src_Sup 2.1623e-01 (2.1454e-01)	L_Trg_Inj 3.2068e-01 (3.0386e-01)	Loss Disc 6.9299e-01 (6.9227e-01)	Loss Pred 4.9083e-01 (5.2297e-01)	Loss TOTAL 8.9102e-01 (9.2854e-01)
Epoch: [7][350/497]	L_Src_Sup 1.8991e-01 (2.1480e-01)	L_Trg_Inj 4.3887e-01 (3.0258e-01)	Loss Disc 6.9235e-01 (6.9229e-01)	Loss Pred 4.9218e-01 (5.2261e-01)	Loss TOTAL 9.0123e-01 (9.2852e-01)
Epoch: [7][360/497]	L_Src_Sup 2.4302e-01 (2.1522e-01)	L_Trg_Inj 2.2358e-01 (3.0189e-01)	Loss Disc 6.9334e-01 (6.9231e-01)	Loss Pred 5.1622e-01 (5.2254e-01)	Loss TOTAL 9.2899e-01 (9.2847e-01)
Epoch: [7][370/497]	L_Src_Sup 1.9396e-01 (2.1554e-01)	L_Trg_Inj 4.4125e-01 (3.0317e-01)	Loss Disc 6.9323e-01 (6.9233e-01)	Loss Pred 5.4161e-01 (5.2237e-01)	Loss TOTAL 9.5174e-01 (9.2832e-01)
Epoch: [7][380/497]	L_Src_Sup 2.7319e-01 (2.1702e-01)	L_Trg_Inj 5.2612e-01 (3.0444e-01)	Loss Disc 6.9321e-01 (6.9236e-01)	Loss Pred 5.4127e-01 (5.2228e-01)	Loss TOTAL 9.6781e-01 (9.2877e-01)
Epoch: [7][390/497]	L_Src_Sup 1.9610e-01 (2.1776e-01)	L_Trg_Inj 5.2745e-01 (3.0769e-01)	Loss Disc 6.9307e-01 (6.9238e-01)	Loss Pred 5.4768e-01 (5.2228e-01)	Loss TOTAL 9.6657e-01 (9.2897e-01)
Epoch: [7][400/497]	L_Src_Sup 2.5002e-01 (2.1942e-01)	L_Trg_Inj 3.6408e-01 (3.0929e-01)	Loss Disc 6.9330e-01 (6.9240e-01)	Loss Pred 5.3486e-01 (5.2227e-01)	Loss TOTAL 9.4292e-01 (9.2913e-01)
Epoch: [7][410/497]	L_Src_Sup 2.7565e-01 (2.1964e-01)	L_Trg_Inj 4.1481e-01 (3.1030e-01)	Loss Disc 6.9319e-01 (6.9242e-01)	Loss Pred 5.3571e-01 (5.2231e-01)	Loss TOTAL 9.5135e-01 (9.2922e-01)
Epoch: [7][420/497]	L_Src_Sup 1.2912e-01 (2.1987e-01)	L_Trg_Inj 3.4473e-01 (3.1138e-01)	Loss Disc 6.9321e-01 (6.9244e-01)	Loss Pred 5.4227e-01 (5.2244e-01)	Loss TOTAL 9.3626e-01 (9.2931e-01)
Epoch: [7][430/497]	L_Src_Sup 2.5340e-01 (2.1958e-01)	L_Trg_Inj 2.8677e-01 (3.1063e-01)	Loss Disc 6.9306e-01 (6.9245e-01)	Loss Pred 5.5565e-01 (5.2227e-01)	Loss TOTAL 9.5620e-01 (9.2888e-01)
Epoch: [7][440/497]	L_Src_Sup 2.4243e-01 (2.1941e-01)	L_Trg_Inj 2.6464e-01 (3.0934e-01)	Loss Disc 6.9324e-01 (6.9247e-01)	Loss Pred 5.1006e-01 (5.2250e-01)	Loss TOTAL 9.0739e-01 (9.2892e-01)
Epoch: [7][450/497]	L_Src_Sup 3.1736e-01 (2.1977e-01)	L_Trg_Inj 3.3565e-01 (3.1056e-01)	Loss Disc 6.9318e-01 (6.9248e-01)	Loss Pred 5.1622e-01 (5.2264e-01)	Loss TOTAL 9.2811e-01 (9.2918e-01)
Epoch: [7][460/497]	L_Src_Sup 1.4817e-01 (2.1906e-01)	L_Trg_Inj 2.8004e-01 (3.1004e-01)	Loss Disc 6.9312e-01 (6.9250e-01)	Loss Pred 5.0996e-01 (5.2247e-01)	Loss TOTAL 8.9934e-01 (9.2892e-01)
Epoch: [7][470/497]	L_Src_Sup 1.4819e-01 (2.1907e-01)	L_Trg_Inj 3.1179e-01 (3.0987e-01)	Loss Disc 6.9303e-01 (6.9251e-01)	Loss Pred 5.1163e-01 (5.2231e-01)	Loss TOTAL 9.0414e-01 (9.2876e-01)
Epoch: [7][480/497]	L_Src_Sup 2.0551e-01 (2.1972e-01)	L_Trg_Inj 3.5242e-01 (3.1033e-01)	Loss Disc 6.9313e-01 (6.9253e-01)	Loss Pred 5.1716e-01 (5.2214e-01)	Loss TOTAL 9.1952e-01 (9.2877e-01)
Epoch: [7][490/497]	L_Src_Sup 2.0510e-01 (2.1962e-01)	L_Trg_Inj 3.8182e-01 (3.1033e-01)	Loss Disc 6.9310e-01 (6.9254e-01)	Loss Pred 5.4743e-01 (5.2217e-01)	Loss TOTAL 9.5268e-01 (9.2878e-01)
Epoch: [7][497/497]	L_Src_Sup 2.4878e-01 (2.2023e-01)	L_Trg_Inj 2.8390e-01 (3.1058e-01)	Loss Disc 6.9372e-01 (6.9255e-01)	Loss Pred 5.6691e-01 (5.2226e-01)	Loss TOTAL 9.6703e-01 (9.2903e-01)
Epoch 7 complete. Saving model state...
Epoch: [8][ 10/497]	L_Src_Sup 1.9736e-01 (2.1188e-01)	L_Trg_Inj 2.1327e-01 (3.1900e-01)	Loss Disc 6.9370e-01 (6.9313e-01)	Loss Pred 5.5462e-01 (5.1753e-01)	Loss TOTAL 9.4253e-01 (9.1718e-01)
Epoch: [8][ 20/497]	L_Src_Sup 2.4807e-01 (2.1645e-01)	L_Trg_Inj 4.0217e-01 (3.2064e-01)	Loss Disc 6.9200e-01 (6.9296e-01)	Loss Pred 4.7829e-01 (5.1408e-01)	Loss TOTAL 8.8932e-01 (9.1828e-01)
Epoch: [8][ 30/497]	L_Src_Sup 1.3501e-01 (1.9641e-01)	L_Trg_Inj 2.9767e-01 (3.1253e-01)	Loss Disc 6.9196e-01 (6.9281e-01)	Loss Pred 5.3495e-01 (5.1836e-01)	Loss TOTAL 9.2420e-01 (9.1901e-01)
Epoch: [8][ 40/497]	L_Src_Sup 2.4205e-01 (2.0283e-01)	L_Trg_Inj 2.5197e-01 (3.0386e-01)	Loss Disc 6.9349e-01 (6.9265e-01)	Loss Pred 5.4205e-01 (5.1760e-01)	Loss TOTAL 9.3820e-01 (9.1729e-01)
Epoch: [8][ 50/497]	L_Src_Sup 7.4478e-02 (2.0513e-01)	L_Trg_Inj 2.8774e-01 (3.0229e-01)	Loss Disc 6.9262e-01 (6.9247e-01)	Loss Pred 5.1596e-01 (5.1668e-01)	Loss TOTAL 8.9849e-01 (9.1627e-01)
Epoch: [8][ 60/497]	L_Src_Sup 1.7061e-01 (2.1123e-01)	L_Trg_Inj 4.2136e-01 (3.0205e-01)	Loss Disc 6.9215e-01 (6.9242e-01)	Loss Pred 5.2442e-01 (5.1638e-01)	Loss TOTAL 9.2969e-01 (9.1894e-01)
Epoch: [8][ 70/497]	L_Src_Sup 1.6352e-01 (2.1231e-01)	L_Trg_Inj 3.0906e-01 (3.0706e-01)	Loss Disc 6.9432e-01 (6.9239e-01)	Loss Pred 5.7257e-01 (5.1664e-01)	Loss TOTAL 9.6699e-01 (9.1920e-01)
Epoch: [8][ 80/497]	L_Src_Sup 2.5074e-01 (2.1290e-01)	L_Trg_Inj 2.0076e-01 (2.9788e-01)	Loss Disc 6.9339e-01 (6.9245e-01)	Loss Pred 5.3871e-01 (5.1720e-01)	Loss TOTAL 9.8053e-01 (9.2173e-01)
Epoch: [8][ 90/497]	L_Src_Sup 1.8725e-01 (2.1074e-01)	L_Trg_Inj 1.0947e-01 (2.9122e-01)	Loss Disc 6.9403e-01 (6.9253e-01)	Loss Pred 5.0005e-01 (5.1955e-01)	Loss TOTAL 9.5451e-01 (9.2348e-01)
Epoch: [8][100/497]	L_Src_Sup 1.6929e-01 (2.1144e-01)	L_Trg_Inj 2.6234e-01 (2.8608e-01)	Loss Disc 6.9282e-01 (6.9260e-01)	Loss Pred 5.2266e-01 (5.2046e-01)	Loss TOTAL 9.1224e-01 (9.2678e-01)
Epoch: [8][110/497]	L_Src_Sup 1.8711e-01 (2.1271e-01)	L_Trg_Inj 2.6907e-01 (2.8897e-01)	Loss Disc 6.8898e-01 (6.9248e-01)	Loss Pred 5.1577e-01 (5.2017e-01)	Loss TOTAL 9.0587e-01 (9.2612e-01)
Epoch: [8][120/497]	L_Src_Sup 2.3126e-01 (2.1078e-01)	L_Trg_Inj 2.9118e-01 (2.8592e-01)	Loss Disc 6.7500e-01 (6.9166e-01)	Loss Pred 5.3665e-01 (5.2015e-01)	Loss TOTAL 9.2639e-01 (9.2461e-01)
Epoch: [8][130/497]	L_Src_Sup 3.6149e-01 (2.1186e-01)	L_Trg_Inj 3.5173e-01 (2.8801e-01)	Loss Disc 6.9761e-01 (6.9132e-01)	Loss Pred 5.1110e-01 (5.2078e-01)	Loss TOTAL 9.4098e-01 (9.2496e-01)
Epoch: [8][140/497]	L_Src_Sup 2.5815e-01 (2.1433e-01)	L_Trg_Inj 3.0036e-01 (2.9083e-01)	Loss Disc 6.9305e-01 (6.9145e-01)	Loss Pred 5.1611e-01 (5.2215e-01)	Loss TOTAL 9.1849e-01 (9.2649e-01)
Epoch: [8][150/497]	L_Src_Sup 2.1635e-01 (2.1324e-01)	L_Trg_Inj 3.4416e-01 (2.9329e-01)	Loss Disc 6.9445e-01 (6.9165e-01)	Loss Pred 4.8469e-01 (5.2105e-01)	Loss TOTAL 8.8796e-01 (9.2516e-01)
Epoch: [8][160/497]	L_Src_Sup 2.2217e-01 (2.1248e-01)	L_Trg_Inj 2.6833e-01 (2.9504e-01)	Loss Disc 6.9292e-01 (6.9177e-01)	Loss Pred 5.6641e-01 (5.2074e-01)	Loss TOTAL 9.6192e-01 (9.2454e-01)
Epoch: [8][170/497]	L_Src_Sup 2.1914e-01 (2.1245e-01)	L_Trg_Inj 2.6704e-01 (2.9344e-01)	Loss Disc 6.9288e-01 (6.9186e-01)	Loss Pred 5.2230e-01 (5.2077e-01)	Loss TOTAL 9.1736e-01 (9.2510e-01)
Epoch: [8][180/497]	L_Src_Sup 3.0305e-01 (2.1202e-01)	L_Trg_Inj 3.6090e-01 (2.9530e-01)	Loss Disc 6.9388e-01 (6.9194e-01)	Loss Pred 4.8499e-01 (5.2072e-01)	Loss TOTAL 8.9833e-01 (9.2519e-01)
Epoch: [8][190/497]	L_Src_Sup 2.6754e-01 (2.1235e-01)	L_Trg_Inj 3.7396e-01 (2.9705e-01)	Loss Disc 6.9407e-01 (6.9202e-01)	Loss Pred 4.9979e-01 (5.2093e-01)	Loss TOTAL 9.1097e-01 (9.2527e-01)
Epoch: [8][200/497]	L_Src_Sup 2.0716e-01 (2.1133e-01)	L_Trg_Inj 3.1087e-01 (2.9491e-01)	Loss Disc 6.9335e-01 (6.9207e-01)	Loss Pred 5.3499e-01 (5.2218e-01)	Loss TOTAL 9.3346e-01 (9.2654e-01)
Epoch: [8][210/497]	L_Src_Sup 2.0022e-01 (2.1176e-01)	L_Trg_Inj 2.7523e-01 (2.9513e-01)	Loss Disc 6.9327e-01 (6.9213e-01)	Loss Pred 4.9892e-01 (5.2166e-01)	Loss TOTAL 8.9310e-01 (9.2641e-01)
Epoch: [8][220/497]	L_Src_Sup 1.6692e-01 (2.1203e-01)	L_Trg_Inj 4.3110e-01 (2.9589e-01)	Loss Disc 6.9404e-01 (6.9219e-01)	Loss Pred 5.1137e-01 (5.2215e-01)	Loss TOTAL 9.1819e-01 (9.2685e-01)
Epoch: [8][230/497]	L_Src_Sup 1.8119e-01 (2.1236e-01)	L_Trg_Inj 3.4514e-01 (3.0021e-01)	Loss Disc 6.9330e-01 (6.9224e-01)	Loss Pred 5.2234e-01 (5.2207e-01)	Loss TOTAL 9.2162e-01 (9.2718e-01)
Epoch: [8][240/497]	L_Src_Sup 2.4700e-01 (2.1339e-01)	L_Trg_Inj 2.4667e-01 (3.0167e-01)	Loss Disc 6.9297e-01 (6.9228e-01)	Loss Pred 5.2912e-01 (5.2217e-01)	Loss TOTAL 9.2530e-01 (9.2769e-01)
Epoch: [8][250/497]	L_Src_Sup 3.3612e-01 (2.1377e-01)	L_Trg_Inj 3.5213e-01 (3.0301e-01)	Loss Disc 6.9324e-01 (6.9232e-01)	Loss Pred 5.4092e-01 (5.2231e-01)	Loss TOTAL 9.5637e-01 (9.2770e-01)
Epoch: [8][260/497]	L_Src_Sup 9.1749e-02 (2.1271e-01)	L_Trg_Inj 2.7550e-01 (3.0153e-01)	Loss Disc 6.9317e-01 (6.9235e-01)	Loss Pred 5.0364e-01 (5.2213e-01)	Loss TOTAL 8.8695e-01 (9.2720e-01)
Epoch: [8][270/497]	L_Src_Sup 2.2757e-01 (2.1278e-01)	L_Trg_Inj 2.1797e-01 (2.9983e-01)	Loss Disc 6.9309e-01 (6.9238e-01)	Loss Pred 5.0340e-01 (5.2181e-01)	Loss TOTAL 9.0410e-01 (9.2674e-01)
Epoch: [8][280/497]	L_Src_Sup 2.0666e-01 (2.1286e-01)	L_Trg_Inj 2.9821e-01 (3.0004e-01)	Loss Disc 6.9283e-01 (6.9240e-01)	Loss Pred 5.0387e-01 (5.2207e-01)	Loss TOTAL 9.0077e-01 (9.2687e-01)
Epoch: [8][290/497]	L_Src_Sup 2.3638e-01 (2.1282e-01)	L_Trg_Inj 2.4474e-01 (2.9958e-01)	Loss Disc 6.9178e-01 (6.9241e-01)	Loss Pred 4.9726e-01 (5.2215e-01)	Loss TOTAL 8.9126e-01 (9.2665e-01)
Epoch: [8][300/497]	L_Src_Sup 1.7736e-01 (2.1161e-01)	L_Trg_Inj 2.0987e-01 (2.9697e-01)	Loss Disc 6.9234e-01 (6.9242e-01)	Loss Pred 4.8513e-01 (5.2188e-01)	Loss TOTAL 8.7002e-01 (9.2646e-01)
Epoch: [8][310/497]	L_Src_Sup 1.5264e-01 (2.1111e-01)	L_Trg_Inj 3.7726e-01 (2.9566e-01)	Loss Disc 6.9256e-01 (6.9243e-01)	Loss Pred 5.2273e-01 (5.2210e-01)	Loss TOTAL 9.2200e-01 (9.2670e-01)
Epoch: [8][320/497]	L_Src_Sup 1.7095e-01 (2.1084e-01)	L_Trg_Inj 2.5600e-01 (2.9552e-01)	Loss Disc 6.9285e-01 (6.9244e-01)	Loss Pred 5.1605e-01 (5.2185e-01)	Loss TOTAL 9.0517e-01 (9.2618e-01)
Epoch: [8][330/497]	L_Src_Sup 1.6279e-01 (2.1024e-01)	L_Trg_Inj 2.0188e-01 (2.9424e-01)	Loss Disc 6.9305e-01 (6.9244e-01)	Loss Pred 5.4222e-01 (5.2188e-01)	Loss TOTAL 9.2521e-01 (9.2618e-01)
Epoch: [8][340/497]	L_Src_Sup 2.4196e-01 (2.0955e-01)	L_Trg_Inj 1.5534e-01 (2.9318e-01)	Loss Disc 6.9372e-01 (6.9245e-01)	Loss Pred 5.5372e-01 (5.2220e-01)	Loss TOTAL 1.0269e+00 (9.2636e-01)
Epoch: [8][350/497]	L_Src_Sup 3.2385e-01 (2.1087e-01)	L_Trg_Inj 3.4217e-01 (2.9480e-01)	Loss Disc 6.9080e-01 (6.9244e-01)	Loss Pred 5.8057e-01 (5.2225e-01)	Loss TOTAL 9.9257e-01 (9.2665e-01)
Epoch: [8][360/497]	L_Src_Sup 2.4000e-01 (2.1093e-01)	L_Trg_Inj 3.2392e-01 (2.9514e-01)	Loss Disc 6.9228e-01 (6.9245e-01)	Loss Pred 4.9193e-01 (5.2234e-01)	Loss TOTAL 8.9447e-01 (9.2665e-01)
Epoch: [8][370/497]	L_Src_Sup 2.3000e-01 (2.1067e-01)	L_Trg_Inj 2.2320e-01 (2.9460e-01)	Loss Disc 6.8911e-01 (6.9241e-01)	Loss Pred 4.9111e-01 (5.2213e-01)	Loss TOTAL 8.8778e-01 (9.2619e-01)
Epoch: [8][380/497]	L_Src_Sup 2.6176e-01 (2.1059e-01)	L_Trg_Inj 2.6184e-01 (2.9438e-01)	Loss Disc 6.7540e-01 (6.9209e-01)	Loss Pred 5.1581e-01 (5.2202e-01)	Loss TOTAL 9.0587e-01 (9.2571e-01)
Epoch: [8][390/497]	L_Src_Sup 1.9436e-01 (2.1080e-01)	L_Trg_Inj 2.7580e-01 (2.9531e-01)	Loss Disc 6.6933e-01 (6.9164e-01)	Loss Pred 5.4133e-01 (5.2191e-01)	Loss TOTAL 9.2301e-01 (9.2539e-01)
Epoch: [8][400/497]	L_Src_Sup 3.1798e-01 (2.1060e-01)	L_Trg_Inj 2.9611e-01 (2.9583e-01)	Loss Disc 6.6877e-01 (6.9114e-01)	Loss Pred 5.2224e-01 (5.2178e-01)	Loss TOTAL 9.3991e-01 (9.2505e-01)
Epoch: [8][410/497]	L_Src_Sup 1.5239e-01 (2.1006e-01)	L_Trg_Inj 1.6488e-01 (2.9427e-01)	Loss Disc 6.6447e-01 (6.9064e-01)	Loss Pred 5.2884e-01 (5.2131e-01)	Loss TOTAL 8.9280e-01 (9.2405e-01)
Epoch: [8][420/497]	L_Src_Sup 3.0205e-01 (2.1037e-01)	L_Trg_Inj 3.5066e-01 (2.9445e-01)	Loss Disc 6.6911e-01 (6.9006e-01)	Loss Pred 4.9704e-01 (5.2114e-01)	Loss TOTAL 8.9687e-01 (9.2360e-01)
Epoch: [8][430/497]	L_Src_Sup 1.5857e-01 (2.1016e-01)	L_Trg_Inj 3.1862e-01 (2.9497e-01)	Loss Disc 6.6005e-01 (6.8941e-01)	Loss Pred 5.3508e-01 (5.2131e-01)	Loss TOTAL 9.1282e-01 (9.2341e-01)
Epoch: [8][440/497]	L_Src_Sup 1.9072e-01 (2.0981e-01)	L_Trg_Inj 3.5537e-01 (2.9644e-01)	Loss Disc 6.6079e-01 (6.8880e-01)	Loss Pred 5.2865e-01 (5.2136e-01)	Loss TOTAL 9.1365e-01 (9.2311e-01)
Epoch: [8][450/497]	L_Src_Sup 2.4028e-01 (2.0917e-01)	L_Trg_Inj 3.3056e-01 (2.9679e-01)	Loss Disc 6.5346e-01 (6.8820e-01)	Loss Pred 5.6039e-01 (5.2142e-01)	Loss TOTAL 9.4421e-01 (9.2269e-01)
Epoch: [8][460/497]	L_Src_Sup 1.7611e-01 (2.0940e-01)	L_Trg_Inj 2.5729e-01 (2.9570e-01)	Loss Disc 7.5930e-01 (6.8802e-01)	Loss Pred 5.2474e-01 (5.2166e-01)	Loss TOTAL 9.4773e-01 (9.2278e-01)
Epoch: [8][470/497]	L_Src_Sup 1.9975e-01 (2.0986e-01)	L_Trg_Inj 2.7014e-01 (2.9592e-01)	Loss Disc 6.9968e-01 (6.8874e-01)	Loss Pred 5.4038e-01 (5.2201e-01)	Loss TOTAL 9.3721e-01 (9.2369e-01)
Epoch: [8][480/497]	L_Src_Sup 1.8918e-01 (2.0939e-01)	L_Trg_Inj 2.8572e-01 (2.9527e-01)	Loss Disc 6.9326e-01 (6.8884e-01)	Loss Pred 5.5515e-01 (5.2263e-01)	Loss TOTAL 9.4927e-01 (9.2449e-01)
Epoch: [8][490/497]	L_Src_Sup 3.3518e-01 (2.0954e-01)	L_Trg_Inj 3.2309e-01 (2.9468e-01)	Loss Disc 6.9322e-01 (6.8893e-01)	Loss Pred 5.1643e-01 (5.2298e-01)	Loss TOTAL 9.4095e-01 (9.2480e-01)
Epoch: [8][497/497]	L_Src_Sup 3.1344e-01 (2.0947e-01)	L_Trg_Inj 2.5625e-01 (2.9484e-01)	Loss Disc 6.9310e-01 (6.8899e-01)	Loss Pred 5.5355e-01 (5.2294e-01)	Loss TOTAL 1.0143e+00 (9.2481e-01)
Epoch 8 complete. Saving model state...
Epoch: [9][ 10/497]	L_Src_Sup 1.8461e-01 (2.2550e-01)	L_Trg_Inj 4.7103e-01 (3.7066e-01)	Loss Disc 6.9342e-01 (6.9321e-01)	Loss Pred 5.2913e-01 (5.1731e-01)	Loss TOTAL 9.4140e-01 (9.3035e-01)
Epoch: [9][ 20/497]	L_Src_Sup 2.8094e-01 (2.2010e-01)	L_Trg_Inj 3.1582e-01 (3.6975e-01)	Loss Disc 6.9341e-01 (6.9327e-01)	Loss Pred 5.1574e-01 (5.2317e-01)	Loss TOTAL 9.2212e-01 (9.3220e-01)
Epoch: [9][ 30/497]	L_Src_Sup 1.9272e-01 (2.2607e-01)	L_Trg_Inj 4.1543e-01 (3.5451e-01)	Loss Disc 6.9319e-01 (6.9326e-01)	Loss Pred 5.4779e-01 (5.1999e-01)	Loss TOTAL 9.5520e-01 (9.2866e-01)
Epoch: [9][ 40/497]	L_Src_Sup 2.9947e-01 (2.2177e-01)	L_Trg_Inj 3.9202e-01 (3.4364e-01)	Loss Disc 6.9347e-01 (6.9327e-01)	Loss Pred 5.1684e-01 (5.2063e-01)	Loss TOTAL 9.3273e-01 (9.2743e-01)
Epoch: [9][ 50/497]	L_Src_Sup 1.4171e-01 (2.1955e-01)	L_Trg_Inj 2.7264e-01 (3.3667e-01)	Loss Disc 6.9312e-01 (6.9328e-01)	Loss Pred 5.3541e-01 (5.1714e-01)	Loss TOTAL 9.2341e-01 (9.2250e-01)
Epoch: [9][ 60/497]	L_Src_Sup 1.8355e-01 (2.2150e-01)	L_Trg_Inj 3.7372e-01 (3.3148e-01)	Loss Disc 6.9315e-01 (6.9326e-01)	Loss Pred 5.3661e-01 (5.1878e-01)	Loss TOTAL 9.3891e-01 (9.2512e-01)
Epoch: [9][ 70/497]	L_Src_Sup 1.8029e-01 (2.1837e-01)	L_Trg_Inj 2.2866e-01 (3.2890e-01)	Loss Disc 6.9295e-01 (6.9325e-01)	Loss Pred 5.5989e-01 (5.2047e-01)	Loss TOTAL 9.4726e-01 (9.2656e-01)
Epoch: [9][ 80/497]	L_Src_Sup 8.1992e-02 (2.1914e-01)	L_Trg_Inj 1.8472e-01 (3.2640e-01)	Loss Disc 6.9289e-01 (6.9325e-01)	Loss Pred 5.7231e-01 (5.2059e-01)	Loss TOTAL 9.4542e-01 (9.2857e-01)
Epoch: [9][ 90/497]	L_Src_Sup 2.4328e-01 (2.1516e-01)	L_Trg_Inj 2.4446e-01 (3.1925e-01)	Loss Disc 6.9332e-01 (6.9325e-01)	Loss Pred 5.1063e-01 (5.2064e-01)	Loss TOTAL 9.0606e-01 (9.2679e-01)
Epoch: [9][100/497]	L_Src_Sup 2.8669e-01 (2.1725e-01)	L_Trg_Inj 3.3843e-01 (3.1681e-01)	Loss Disc 6.9284e-01 (6.9324e-01)	Loss Pred 4.9723e-01 (5.1925e-01)	Loss TOTAL 9.0616e-01 (9.2742e-01)
Epoch: [9][110/497]	L_Src_Sup 1.4947e-01 (2.1363e-01)	L_Trg_Inj 2.3802e-01 (3.1367e-01)	Loss Disc 6.9316e-01 (6.9323e-01)	Loss Pred 5.7266e-01 (5.2072e-01)	Loss TOTAL 9.5799e-01 (9.2747e-01)
Epoch: [9][120/497]	L_Src_Sup 2.7933e-01 (2.1244e-01)	L_Trg_Inj 2.8635e-01 (3.0673e-01)	Loss Disc 6.9306e-01 (6.9320e-01)	Loss Pred 5.0074e-01 (5.2097e-01)	Loss TOTAL 9.0384e-01 (9.2830e-01)
Epoch: [9][130/497]	L_Src_Sup 1.8676e-01 (2.1414e-01)	L_Trg_Inj 2.8018e-01 (3.0810e-01)	Loss Disc 6.9272e-01 (6.9316e-01)	Loss Pred 5.0383e-01 (5.2113e-01)	Loss TOTAL 8.9688e-01 (9.2919e-01)
Epoch: [9][140/497]	L_Src_Sup 1.1894e-01 (2.1350e-01)	L_Trg_Inj 3.7518e-01 (3.1020e-01)	Loss Disc 6.9300e-01 (6.9315e-01)	Loss Pred 5.5342e-01 (5.2153e-01)	Loss TOTAL 9.4933e-01 (9.2941e-01)
Epoch: [9][150/497]	L_Src_Sup 3.0908e-01 (2.1275e-01)	L_Trg_Inj 3.7427e-01 (3.0815e-01)	Loss Disc 6.9259e-01 (6.9314e-01)	Loss Pred 4.9704e-01 (5.2053e-01)	Loss TOTAL 9.1167e-01 (9.2839e-01)
Epoch: [9][160/497]	L_Src_Sup 1.1657e-01 (2.1293e-01)	L_Trg_Inj 1.0744e-01 (3.0561e-01)	Loss Disc 6.9411e-01 (6.9313e-01)	Loss Pred 5.4138e-01 (5.1999e-01)	Loss TOTAL 9.1997e-01 (9.2712e-01)
Epoch: [9][170/497]	L_Src_Sup 1.8645e-01 (2.1386e-01)	L_Trg_Inj 3.2341e-01 (3.0810e-01)	Loss Disc 6.9236e-01 (6.9310e-01)	Loss Pred 5.4728e-01 (5.2074e-01)	Loss TOTAL 9.4444e-01 (9.2786e-01)
Epoch: [9][180/497]	L_Src_Sup 2.0792e-01 (2.1316e-01)	L_Trg_Inj 2.3560e-01 (3.0888e-01)	Loss Disc 6.9283e-01 (6.9307e-01)	Loss Pred 5.2283e-01 (5.2051e-01)	Loss TOTAL 9.1360e-01 (9.2747e-01)
Epoch: [9][190/497]	L_Src_Sup 9.6351e-02 (2.1129e-01)	L_Trg_Inj 3.4955e-01 (3.1040e-01)	Loss Disc 6.9082e-01 (6.9302e-01)	Loss Pred 4.7820e-01 (5.2051e-01)	Loss TOTAL 8.6820e-01 (9.2699e-01)
Epoch: [9][200/497]	L_Src_Sup 1.6599e-01 (2.1074e-01)	L_Trg_Inj 2.8057e-01 (3.1032e-01)	Loss Disc 6.9268e-01 (6.9302e-01)	Loss Pred 4.7801e-01 (5.2039e-01)	Loss TOTAL 8.6900e-01 (9.2653e-01)
Epoch: [9][210/497]	L_Src_Sup 2.8855e-01 (2.1170e-01)	L_Trg_Inj 2.0803e-01 (3.0923e-01)	Loss Disc 6.9345e-01 (6.9302e-01)	Loss Pred 5.3467e-01 (5.2081e-01)	Loss TOTAL 1.0116e+00 (9.2696e-01)
Epoch: [9][220/497]	L_Src_Sup 1.6140e-01 (2.1187e-01)	L_Trg_Inj 2.1567e-01 (3.0911e-01)	Loss Disc 6.9324e-01 (6.9302e-01)	Loss Pred 5.3503e-01 (5.2098e-01)	Loss TOTAL 9.1936e-01 (9.2730e-01)
Epoch: [9][230/497]	L_Src_Sup 1.5533e-01 (2.1088e-01)	L_Trg_Inj 1.9705e-01 (3.0728e-01)	Loss Disc 6.9349e-01 (6.9303e-01)	Loss Pred 5.4093e-01 (5.2158e-01)	Loss TOTAL 9.2292e-01 (9.2756e-01)
Epoch: [9][240/497]	L_Src_Sup 2.8266e-01 (2.1203e-01)	L_Trg_Inj 2.7884e-01 (3.0716e-01)	Loss Disc 6.9334e-01 (6.9303e-01)	Loss Pred 5.5355e-01 (5.2187e-01)	Loss TOTAL 9.6018e-01 (9.2809e-01)
Epoch: [9][250/497]	L_Src_Sup 1.0628e-01 (2.1301e-01)	L_Trg_Inj 4.5351e-01 (3.1015e-01)	Loss Disc 6.9291e-01 (6.9303e-01)	Loss Pred 4.7831e-01 (5.2189e-01)	Loss TOTAL 8.8074e-01 (9.2819e-01)
Epoch: [9][260/497]	L_Src_Sup 1.9816e-01 (2.1303e-01)	L_Trg_Inj 3.5146e-01 (3.1088e-01)	Loss Disc 6.9318e-01 (6.9304e-01)	Loss Pred 5.5364e-01 (5.2206e-01)	Loss TOTAL 9.5519e-01 (9.2828e-01)
Epoch: [9][270/497]	L_Src_Sup 2.2017e-01 (2.1331e-01)	L_Trg_Inj 3.6741e-01 (3.1255e-01)	Loss Disc 6.9284e-01 (6.9304e-01)	Loss Pred 5.1639e-01 (5.2186e-01)	Loss TOTAL 9.2157e-01 (9.2819e-01)
Epoch: [9][280/497]	L_Src_Sup 2.2268e-01 (2.1334e-01)	L_Trg_Inj 4.2354e-01 (3.1624e-01)	Loss Disc 6.9285e-01 (6.9301e-01)	Loss Pred 5.1728e-01 (5.2169e-01)	Loss TOTAL 9.2833e-01 (9.2823e-01)
Epoch: [9][290/497]	L_Src_Sup 1.9227e-01 (2.1285e-01)	L_Trg_Inj 3.6236e-01 (3.1821e-01)	Loss Disc 6.9502e-01 (6.9300e-01)	Loss Pred 6.1084e-01 (5.2181e-01)	Loss TOTAL 1.0138e+00 (9.2827e-01)
Epoch: [9][300/497]	L_Src_Sup 2.1474e-01 (2.1291e-01)	L_Trg_Inj 3.4661e-01 (3.1877e-01)	Loss Disc 6.9213e-01 (6.9299e-01)	Loss Pred 4.8535e-01 (5.2185e-01)	Loss TOTAL 8.8755e-01 (9.2815e-01)
Epoch: [9][310/497]	L_Src_Sup 2.1642e-01 (2.1298e-01)	L_Trg_Inj 3.5697e-01 (3.2072e-01)	Loss Disc 6.9272e-01 (6.9297e-01)	Loss Pred 5.4729e-01 (5.2240e-01)	Loss TOTAL 9.5099e-01 (9.2874e-01)
Epoch: [9][320/497]	L_Src_Sup 7.6736e-02 (2.1223e-01)	L_Trg_Inj 2.6157e-01 (3.2113e-01)	Loss Disc 6.9250e-01 (6.9295e-01)	Loss Pred 5.2237e-01 (5.2229e-01)	Loss TOTAL 9.0245e-01 (9.2837e-01)
Epoch: [9][330/497]	L_Src_Sup 3.1546e-01 (2.1229e-01)	L_Trg_Inj 3.8651e-01 (3.2060e-01)	Loss Disc 6.9271e-01 (6.9294e-01)	Loss Pred 5.2250e-01 (5.2233e-01)	Loss TOTAL 9.3905e-01 (9.2822e-01)
Epoch: [9][340/497]	L_Src_Sup 2.8724e-01 (2.1331e-01)	L_Trg_Inj 2.5432e-01 (3.2083e-01)	Loss Disc 6.9323e-01 (6.9293e-01)	Loss Pred 5.4718e-01 (5.2272e-01)	Loss TOTAL 9.8086e-01 (9.2871e-01)
Epoch: [9][350/497]	L_Src_Sup 2.8006e-01 (2.1382e-01)	L_Trg_Inj 2.5862e-01 (3.2071e-01)	Loss Disc 6.9214e-01 (6.9291e-01)	Loss Pred 4.9090e-01 (5.2252e-01)	Loss TOTAL 9.1227e-01 (9.2844e-01)
Epoch: [9][360/497]	L_Src_Sup 3.0452e-01 (2.1475e-01)	L_Trg_Inj 2.6780e-01 (3.2056e-01)	Loss Disc 6.9361e-01 (6.9289e-01)	Loss Pred 5.4801e-01 (5.2264e-01)	Loss TOTAL 9.8877e-01 (9.2864e-01)
Epoch: [9][370/497]	L_Src_Sup 2.9397e-01 (2.1491e-01)	L_Trg_Inj 3.3864e-01 (3.2178e-01)	Loss Disc 6.9237e-01 (6.9286e-01)	Loss Pred 5.2334e-01 (5.2237e-01)	Loss TOTAL 9.3279e-01 (9.2832e-01)
Epoch: [9][380/497]	L_Src_Sup 1.2985e-01 (2.1463e-01)	L_Trg_Inj 3.4214e-01 (3.2134e-01)	Loss Disc 6.9096e-01 (6.9285e-01)	Loss Pred 5.0981e-01 (5.2233e-01)	Loss TOTAL 9.0248e-01 (9.2805e-01)
Epoch: [9][390/497]	L_Src_Sup 2.4665e-01 (2.1471e-01)	L_Trg_Inj 1.6837e-01 (3.2008e-01)	Loss Disc 6.9313e-01 (6.9285e-01)	Loss Pred 5.2943e-01 (5.2173e-01)	Loss TOTAL 9.9578e-01 (9.2755e-01)
Epoch: [9][400/497]	L_Src_Sup 2.3637e-01 (2.1394e-01)	L_Trg_Inj 2.2070e-01 (3.1895e-01)	Loss Disc 6.9336e-01 (6.9286e-01)	Loss Pred 4.9723e-01 (5.2175e-01)	Loss TOTAL 9.0529e-01 (9.2734e-01)
Epoch: [9][410/497]	L_Src_Sup 3.2018e-01 (2.1404e-01)	L_Trg_Inj 1.9072e-01 (3.1763e-01)	Loss Disc 6.9311e-01 (6.9287e-01)	Loss Pred 5.1590e-01 (5.2215e-01)	Loss TOTAL 1.0430e+00 (9.2779e-01)
Epoch: [9][420/497]	L_Src_Sup 1.8202e-01 (2.1411e-01)	L_Trg_Inj 3.3516e-01 (3.1743e-01)	Loss Disc 6.9283e-01 (6.9287e-01)	Loss Pred 4.9828e-01 (5.2188e-01)	Loss TOTAL 8.9642e-01 (9.2737e-01)
Epoch: [9][430/497]	L_Src_Sup 1.3333e-01 (2.1293e-01)	L_Trg_Inj 2.8179e-01 (3.1646e-01)	Loss Disc 6.8596e-01 (6.9283e-01)	Loss Pred 5.2982e-01 (5.2195e-01)	Loss TOTAL 9.1431e-01 (9.2718e-01)
Epoch: [9][440/497]	L_Src_Sup 1.1387e-01 (2.1276e-01)	L_Trg_Inj 2.3953e-01 (3.1626e-01)	Loss Disc 6.9123e-01 (6.9287e-01)	Loss Pred 5.2283e-01 (5.2196e-01)	Loss TOTAL 9.0379e-01 (9.2705e-01)
Epoch: [9][450/497]	L_Src_Sup 1.7603e-01 (2.1306e-01)	L_Trg_Inj 3.6340e-01 (3.1563e-01)	Loss Disc 6.9117e-01 (6.9285e-01)	Loss Pred 5.3169e-01 (5.2191e-01)	Loss TOTAL 9.3121e-01 (9.2753e-01)
Epoch: [9][460/497]	L_Src_Sup 1.1326e-01 (2.1284e-01)	L_Trg_Inj 2.2662e-01 (3.1525e-01)	Loss Disc 6.9285e-01 (6.9289e-01)	Loss Pred 5.3326e-01 (5.2171e-01)	Loss TOTAL 9.1367e-01 (9.2758e-01)
Epoch: [9][470/497]	L_Src_Sup 1.9647e-01 (2.1275e-01)	L_Trg_Inj 2.6345e-01 (3.1428e-01)	Loss Disc 6.9442e-01 (6.9290e-01)	Loss Pred 4.8584e-01 (5.2163e-01)	Loss TOTAL 8.7905e-01 (9.2740e-01)
Epoch: [9][480/497]	L_Src_Sup 1.8289e-01 (2.1304e-01)	L_Trg_Inj 3.5436e-01 (3.1398e-01)	Loss Disc 6.9359e-01 (6.9291e-01)	Loss Pred 5.0335e-01 (5.2154e-01)	Loss TOTAL 9.0387e-01 (9.2735e-01)
Epoch: [9][490/497]	L_Src_Sup 1.9367e-01 (2.1263e-01)	L_Trg_Inj 1.8254e-01 (3.1221e-01)	Loss Disc 6.9256e-01 (6.9291e-01)	Loss Pred 5.5364e-01 (5.2163e-01)	Loss TOTAL 9.4867e-01 (9.2724e-01)
Epoch: [9][497/497]	L_Src_Sup 2.2057e-01 (2.1241e-01)	L_Trg_Inj 2.0915e-01 (3.1130e-01)	Loss Disc 6.9294e-01 (6.9291e-01)	Loss Pred 5.0345e-01 (5.2152e-01)	Loss TOTAL 9.0430e-01 (9.2721e-01)
Epoch 9 complete. Saving model state...
Epoch: [10][ 10/497]	L_Src_Sup 1.8534e-01 (2.3146e-01)	L_Trg_Inj 3.8509e-01 (3.5424e-01)	Loss Disc 6.9370e-01 (6.9343e-01)	Loss Pred 5.0965e-01 (5.1458e-01)	Loss TOTAL 9.1354e-01 (9.2776e-01)
Epoch: [10][ 20/497]	L_Src_Sup 1.5281e-01 (2.1295e-01)	L_Trg_Inj 4.1785e-01 (3.6609e-01)	Loss Disc 6.9375e-01 (6.9347e-01)	Loss Pred 5.2898e-01 (5.1587e-01)	Loss TOTAL 9.3292e-01 (9.2445e-01)
Epoch: [10][ 30/497]	L_Src_Sup 1.6134e-01 (2.0674e-01)	L_Trg_Inj 1.8935e-01 (3.2832e-01)	Loss Disc 6.9302e-01 (6.9340e-01)	Loss Pred 5.1200e-01 (5.1382e-01)	Loss TOTAL 8.9358e-01 (9.1731e-01)
Epoch: [10][ 40/497]	L_Src_Sup 2.0678e-01 (2.0720e-01)	L_Trg_Inj 2.4918e-01 (3.2110e-01)	Loss Disc 6.9334e-01 (6.9339e-01)	Loss Pred 4.9690e-01 (5.1482e-01)	Loss TOTAL 8.8917e-01 (9.1754e-01)
Epoch: [10][ 50/497]	L_Src_Sup 1.3458e-01 (2.1144e-01)	L_Trg_Inj 3.2083e-01 (3.2295e-01)	Loss Disc 6.9309e-01 (6.9337e-01)	Loss Pred 5.3513e-01 (5.1581e-01)	Loss TOTAL 9.2721e-01 (9.2131e-01)
Epoch: [10][ 60/497]	L_Src_Sup 1.3302e-01 (2.1031e-01)	L_Trg_Inj 3.0984e-01 (3.1829e-01)	Loss Disc 6.9333e-01 (6.9335e-01)	Loss Pred 5.2353e-01 (5.1681e-01)	Loss TOTAL 9.1448e-01 (9.2240e-01)
Epoch: [10][ 70/497]	L_Src_Sup 1.5381e-01 (2.1082e-01)	L_Trg_Inj 4.0492e-01 (3.1943e-01)	Loss Disc 6.9334e-01 (6.9334e-01)	Loss Pred 5.2281e-01 (5.1662e-01)	Loss TOTAL 9.2535e-01 (9.2198e-01)
Epoch: [10][ 80/497]	L_Src_Sup 2.9874e-01 (2.1293e-01)	L_Trg_Inj 2.9586e-01 (3.2038e-01)	Loss Disc 6.9315e-01 (6.9333e-01)	Loss Pred 5.3515e-01 (5.1809e-01)	Loss TOTAL 9.4407e-01 (9.2332e-01)
Epoch: [10][ 90/497]	L_Src_Sup 1.5846e-01 (2.1143e-01)	L_Trg_Inj 3.2519e-01 (3.1887e-01)	Loss Disc 6.9313e-01 (6.9332e-01)	Loss Pred 5.5350e-01 (5.1816e-01)	Loss TOTAL 9.4843e-01 (9.2354e-01)
Epoch: [10][100/497]	L_Src_Sup 1.8771e-01 (2.1007e-01)	L_Trg_Inj 3.6818e-01 (3.2010e-01)	Loss Disc 6.9326e-01 (6.9332e-01)	Loss Pred 5.6625e-01 (5.1833e-01)	Loss TOTAL 9.6847e-01 (9.2344e-01)
Epoch: [10][110/497]	L_Src_Sup 2.3316e-01 (2.0810e-01)	L_Trg_Inj 2.8205e-01 (3.1905e-01)	Loss Disc 6.9318e-01 (6.9331e-01)	Loss Pred 5.2879e-01 (5.1851e-01)	Loss TOTAL 9.2690e-01 (9.2330e-01)
Epoch: [10][120/497]	L_Src_Sup 2.5270e-01 (2.0925e-01)	L_Trg_Inj 2.4614e-01 (3.1533e-01)	Loss Disc 6.9319e-01 (6.9330e-01)	Loss Pred 5.2377e-01 (5.1782e-01)	Loss TOTAL 9.2682e-01 (9.2226e-01)
Epoch: [10][130/497]	L_Src_Sup 4.5372e-01 (2.1272e-01)	L_Trg_Inj 3.6768e-01 (3.1388e-01)	Loss Disc 6.9312e-01 (6.9329e-01)	Loss Pred 5.1803e-01 (5.1914e-01)	Loss TOTAL 1.0328e+00 (9.2575e-01)
Epoch: [10][140/497]	L_Src_Sup 2.2049e-01 (2.1311e-01)	L_Trg_Inj 2.2886e-01 (3.1643e-01)	Loss Disc 6.9285e-01 (6.9328e-01)	Loss Pred 5.7806e-01 (5.2136e-01)	Loss TOTAL 9.6943e-01 (9.2774e-01)
Epoch: [10][150/497]	L_Src_Sup 1.7263e-01 (2.1429e-01)	L_Trg_Inj 3.4442e-01 (3.1860e-01)	Loss Disc 6.9320e-01 (6.9328e-01)	Loss Pred 5.2209e-01 (5.2010e-01)	Loss TOTAL 9.2039e-01 (9.2635e-01)
Epoch: [10][160/497]	L_Src_Sup 2.0713e-01 (2.1457e-01)	L_Trg_Inj 2.5839e-01 (3.1823e-01)	Loss Disc 6.9278e-01 (6.9326e-01)	Loss Pred 5.5994e-01 (5.2074e-01)	Loss TOTAL 9.5288e-01 (9.2679e-01)
Epoch: [10][170/497]	L_Src_Sup 2.8163e-01 (2.1316e-01)	L_Trg_Inj 2.3932e-01 (3.1608e-01)	Loss Disc 6.9326e-01 (6.9323e-01)	Loss Pred 5.8645e-01 (5.2083e-01)	Loss TOTAL 1.0275e+00 (9.2639e-01)
Epoch: [10][180/497]	L_Src_Sup 1.5410e-01 (2.1465e-01)	L_Trg_Inj 2.4887e-01 (3.1559e-01)	Loss Disc 6.9315e-01 (6.9323e-01)	Loss Pred 5.1590e-01 (5.2155e-01)	Loss TOTAL 9.0277e-01 (9.2780e-01)
Epoch: [10][190/497]	L_Src_Sup 1.9028e-01 (2.1497e-01)	L_Trg_Inj 4.3734e-01 (3.1586e-01)	Loss Disc 6.9306e-01 (6.9322e-01)	Loss Pred 5.1579e-01 (5.2096e-01)	Loss TOTAL 9.2508e-01 (9.2727e-01)
Epoch: [10][200/497]	L_Src_Sup 1.7477e-01 (2.1350e-01)	L_Trg_Inj 3.1902e-01 (3.1560e-01)	Loss Disc 6.9327e-01 (6.9321e-01)	Loss Pred 5.4101e-01 (5.2059e-01)	Loss TOTAL 9.3703e-01 (9.2640e-01)
Epoch: [10][210/497]	L_Src_Sup 1.2854e-01 (2.1203e-01)	L_Trg_Inj 1.6389e-01 (3.1325e-01)	Loss Disc 6.9270e-01 (6.9320e-01)	Loss Pred 4.6599e-01 (5.2024e-01)	Loss TOTAL 8.4158e-01 (9.2535e-01)
Epoch: [10][220/497]	L_Src_Sup 1.8694e-01 (2.1109e-01)	L_Trg_Inj 2.4679e-01 (3.1043e-01)	Loss Disc 6.9289e-01 (6.9320e-01)	Loss Pred 5.1583e-01 (5.2109e-01)	Loss TOTAL 9.0565e-01 (9.2606e-01)
Epoch: [10][230/497]	L_Src_Sup 2.2501e-01 (2.1106e-01)	L_Trg_Inj 2.1495e-01 (3.0717e-01)	Loss Disc 6.9275e-01 (6.9319e-01)	Loss Pred 5.0950e-01 (5.2147e-01)	Loss TOTAL 9.0994e-01 (9.2640e-01)
Epoch: [10][240/497]	L_Src_Sup 1.9430e-01 (2.1016e-01)	L_Trg_Inj 2.4894e-01 (3.0754e-01)	Loss Disc 6.9243e-01 (6.9316e-01)	Loss Pred 5.2850e-01 (5.2106e-01)	Loss TOTAL 9.1904e-01 (9.2565e-01)
Epoch: [10][250/497]	L_Src_Sup 2.3341e-01 (2.0902e-01)	L_Trg_Inj 2.0854e-01 (3.0445e-01)	Loss Disc 6.9349e-01 (6.9314e-01)	Loss Pred 5.4165e-01 (5.2092e-01)	Loss TOTAL 9.5745e-01 (9.2500e-01)
Epoch: [10][260/497]	L_Src_Sup 2.2226e-01 (2.1018e-01)	L_Trg_Inj 3.1636e-01 (3.0677e-01)	Loss Disc 6.9215e-01 (6.9308e-01)	Loss Pred 5.0979e-01 (5.2069e-01)	Loss TOTAL 9.0973e-01 (9.2532e-01)
Epoch: [10][270/497]	L_Src_Sup 1.3598e-01 (2.0983e-01)	L_Trg_Inj 3.0404e-01 (3.0839e-01)	Loss Disc 6.9160e-01 (6.9303e-01)	Loss Pred 4.9760e-01 (5.2028e-01)	Loss TOTAL 8.8740e-01 (9.2487e-01)
Epoch: [10][280/497]	L_Src_Sup 2.1054e-01 (2.1008e-01)	L_Trg_Inj 1.5433e-01 (3.0673e-01)	Loss Disc 6.9339e-01 (6.9301e-01)	Loss Pred 4.7758e-01 (5.2000e-01)	Loss TOTAL 9.1697e-01 (9.2482e-01)
Epoch: [10][290/497]	L_Src_Sup 2.4389e-01 (2.1116e-01)	L_Trg_Inj 4.6050e-01 (3.0764e-01)	Loss Disc 6.9279e-01 (6.9301e-01)	Loss Pred 4.9721e-01 (5.2020e-01)	Loss TOTAL 9.1404e-01 (9.2530e-01)
Epoch: [10][300/497]	L_Src_Sup 1.3380e-01 (2.1303e-01)	L_Trg_Inj 4.0775e-01 (3.1167e-01)	Loss Disc 6.9231e-01 (6.9301e-01)	Loss Pred 4.5291e-01 (5.1998e-01)	Loss TOTAL 8.5322e-01 (9.2561e-01)
Epoch: [10][310/497]	L_Src_Sup 1.6347e-01 (2.1213e-01)	L_Trg_Inj 3.3218e-01 (3.1133e-01)	Loss Disc 6.9372e-01 (6.9302e-01)	Loss Pred 5.7292e-01 (5.1959e-01)	Loss TOTAL 9.6934e-01 (9.2489e-01)
Epoch: [10][320/497]	L_Src_Sup 2.8563e-01 (2.1294e-01)	L_Trg_Inj 3.2677e-01 (3.1152e-01)	Loss Disc 6.9324e-01 (6.9302e-01)	Loss Pred 5.5341e-01 (5.2019e-01)	Loss TOTAL 9.6127e-01 (9.2583e-01)
Epoch: [10][330/497]	L_Src_Sup 2.1538e-01 (2.1275e-01)	L_Trg_Inj 2.8276e-01 (3.1017e-01)	Loss Disc 6.9377e-01 (6.9303e-01)	Loss Pred 6.0435e-01 (5.2026e-01)	Loss TOTAL 1.0010e+00 (9.2588e-01)
Epoch: [10][340/497]	L_Src_Sup 2.6118e-01 (2.1355e-01)	L_Trg_Inj 2.1790e-01 (3.0835e-01)	Loss Disc 6.9292e-01 (6.9303e-01)	Loss Pred 4.6636e-01 (5.2050e-01)	Loss TOTAL 9.0401e-01 (9.2670e-01)
Epoch: [10][350/497]	L_Src_Sup 2.2615e-01 (2.1416e-01)	L_Trg_Inj 3.3656e-01 (3.0861e-01)	Loss Disc 6.9193e-01 (6.9302e-01)	Loss Pred 4.6613e-01 (5.2024e-01)	Loss TOTAL 8.6837e-01 (9.2635e-01)
Epoch: [10][360/497]	L_Src_Sup 1.6675e-01 (2.1383e-01)	L_Trg_Inj 3.1102e-01 (3.0839e-01)	Loss Disc 6.9226e-01 (6.9302e-01)	Loss Pred 5.0964e-01 (5.2037e-01)	Loss TOTAL 9.0355e-01 (9.2622e-01)
Epoch: [10][370/497]	L_Src_Sup 1.3334e-01 (2.1293e-01)	L_Trg_Inj 2.9360e-01 (3.0757e-01)	Loss Disc 6.9252e-01 (6.9300e-01)	Loss Pred 5.2951e-01 (5.2039e-01)	Loss TOTAL 9.1846e-01 (9.2598e-01)
Epoch: [10][380/497]	L_Src_Sup 2.0958e-01 (2.1341e-01)	L_Trg_Inj 2.9488e-01 (3.0830e-01)	Loss Disc 6.9199e-01 (6.9299e-01)	Loss Pred 5.3528e-01 (5.2091e-01)	Loss TOTAL 9.3172e-01 (9.2646e-01)
Epoch: [10][390/497]	L_Src_Sup 1.3990e-01 (2.1316e-01)	L_Trg_Inj 2.9352e-01 (3.0895e-01)	Loss Disc 6.9241e-01 (6.9297e-01)	Loss Pred 5.7285e-01 (5.2098e-01)	Loss TOTAL 9.6240e-01 (9.2640e-01)
Epoch: [10][400/497]	L_Src_Sup 2.9140e-01 (2.1365e-01)	L_Trg_Inj 1.8939e-01 (3.0757e-01)	Loss Disc 6.9240e-01 (6.9298e-01)	Loss Pred 5.4249e-01 (5.2099e-01)	Loss TOTAL 1.0388e+00 (9.2649e-01)
Epoch: [10][410/497]	L_Src_Sup 1.9883e-01 (2.1367e-01)	L_Trg_Inj 2.1212e-01 (3.0708e-01)	Loss Disc 6.9296e-01 (6.9299e-01)	Loss Pred 5.6014e-01 (5.2133e-01)	Loss TOTAL 9.4772e-01 (9.2680e-01)
Epoch: [10][420/497]	L_Src_Sup 1.9972e-01 (2.1416e-01)	L_Trg_Inj 2.2706e-01 (3.0778e-01)	Loss Disc 6.9318e-01 (6.9299e-01)	Loss Pred 5.0359e-01 (5.2159e-01)	Loss TOTAL 8.9286e-01 (9.2734e-01)
Epoch: [10][430/497]	L_Src_Sup 2.8321e-01 (2.1388e-01)	L_Trg_Inj 2.6733e-01 (3.0854e-01)	Loss Disc 6.9325e-01 (6.9300e-01)	Loss Pred 5.2211e-01 (5.2176e-01)	Loss TOTAL 9.3966e-01 (9.2746e-01)
Epoch: [10][440/497]	L_Src_Sup 1.8416e-01 (2.1408e-01)	L_Trg_Inj 3.2121e-01 (3.1019e-01)	Loss Disc 6.9326e-01 (6.9301e-01)	Loss Pred 5.0338e-01 (5.2201e-01)	Loss TOTAL 9.0055e-01 (9.2774e-01)
Epoch: [10][450/497]	L_Src_Sup 2.6926e-01 (2.1447e-01)	L_Trg_Inj 2.3677e-01 (3.0946e-01)	Loss Disc 6.9328e-01 (6.9301e-01)	Loss Pred 5.3493e-01 (5.2207e-01)	Loss TOTAL 9.6466e-01 (9.2791e-01)
Epoch: [10][460/497]	L_Src_Sup 1.8856e-01 (2.1449e-01)	L_Trg_Inj 3.2327e-01 (3.1042e-01)	Loss Disc 6.9324e-01 (6.9302e-01)	Loss Pred 5.3491e-01 (5.2193e-01)	Loss TOTAL 9.3272e-01 (9.2782e-01)
Epoch: [10][470/497]	L_Src_Sup 2.7327e-01 (2.1461e-01)	L_Trg_Inj 3.9274e-01 (3.1092e-01)	Loss Disc 6.9322e-01 (6.9302e-01)	Loss Pred 4.9248e-01 (5.2188e-01)	Loss TOTAL 9.0569e-01 (9.2784e-01)
Epoch: [10][480/497]	L_Src_Sup 1.3862e-01 (2.1472e-01)	L_Trg_Inj 3.2972e-01 (3.1264e-01)	Loss Disc 6.9334e-01 (6.9303e-01)	Loss Pred 5.5374e-01 (5.2185e-01)	Loss TOTAL 9.4725e-01 (9.2785e-01)
Epoch: [10][490/497]	L_Src_Sup 1.6496e-01 (2.1511e-01)	L_Trg_Inj 3.4765e-01 (3.1321e-01)	Loss Disc 6.9314e-01 (6.9303e-01)	Loss Pred 4.8458e-01 (5.2165e-01)	Loss TOTAL 8.8240e-01 (9.2761e-01)
Epoch: [10][497/497]	L_Src_Sup 2.4217e-01 (2.1520e-01)	L_Trg_Inj 2.7512e-01 (3.1265e-01)	Loss Disc 6.9310e-01 (6.9303e-01)	Loss Pred 4.9695e-01 (5.2151e-01)	Loss TOTAL 8.9523e-01 (9.2750e-01)
Epoch 10 complete. Saving model state...
Epoch: [11][ 10/497]	L_Src_Sup 2.3273e-01 (2.0486e-01)	L_Trg_Inj 1.3478e-01 (2.4268e-01)	Loss Disc 6.9343e-01 (6.9323e-01)	Loss Pred 5.4153e-01 (5.1931e-01)	Loss TOTAL 1.0229e+00 (9.2880e-01)
Epoch: [11][ 20/497]	L_Src_Sup 9.1765e-02 (2.0021e-01)	L_Trg_Inj 2.9276e-01 (2.4090e-01)	Loss Disc 6.9318e-01 (6.9322e-01)	Loss Pred 5.0383e-01 (5.2310e-01)	Loss TOTAL 8.8888e-01 (9.3007e-01)
Epoch: [11][ 30/497]	L_Src_Sup 2.5494e-01 (2.0812e-01)	L_Trg_Inj 4.2827e-01 (2.6811e-01)	Loss Disc 6.9320e-01 (6.9321e-01)	Loss Pred 4.9784e-01 (5.1984e-01)	Loss TOTAL 9.1276e-01 (9.2608e-01)
Epoch: [11][ 40/497]	L_Src_Sup 2.2242e-01 (2.1063e-01)	L_Trg_Inj 4.4526e-01 (2.8442e-01)	Loss Disc 6.9316e-01 (6.9319e-01)	Loss Pred 5.7242e-01 (5.2144e-01)	Loss TOTAL 9.8577e-01 (9.2668e-01)
Epoch: [11][ 50/497]	L_Src_Sup 1.2253e-01 (2.0576e-01)	L_Trg_Inj 3.4032e-01 (2.8648e-01)	Loss Disc 6.9264e-01 (6.9315e-01)	Loss Pred 5.6622e-01 (5.2308e-01)	Loss TOTAL 9.5882e-01 (9.2619e-01)
Epoch: [11][ 60/497]	L_Src_Sup 2.5020e-01 (2.1184e-01)	L_Trg_Inj 3.8812e-01 (2.9430e-01)	Loss Disc 6.9332e-01 (6.9314e-01)	Loss Pred 5.4178e-01 (5.2344e-01)	Loss TOTAL 9.5227e-01 (9.2870e-01)
Epoch: [11][ 70/497]	L_Src_Sup 2.3587e-01 (2.1419e-01)	L_Trg_Inj 2.9538e-01 (3.0268e-01)	Loss Disc 6.9326e-01 (6.9316e-01)	Loss Pred 4.9696e-01 (5.2183e-01)	Loss TOTAL 8.9671e-01 (9.2797e-01)
Epoch: [11][ 80/497]	L_Src_Sup 2.2644e-01 (2.0878e-01)	L_Trg_Inj 2.2984e-01 (3.0630e-01)	Loss Disc 6.9312e-01 (6.9317e-01)	Loss Pred 5.2272e-01 (5.2246e-01)	Loss TOTAL 9.1491e-01 (9.2743e-01)
Epoch: [11][ 90/497]	L_Src_Sup 2.0998e-01 (2.0757e-01)	L_Trg_Inj 2.0116e-01 (3.0347e-01)	Loss Disc 6.9304e-01 (6.9316e-01)	Loss Pred 5.3031e-01 (5.2348e-01)	Loss TOTAL 9.2676e-01 (9.2789e-01)
Epoch: [11][100/497]	L_Src_Sup 4.3583e-01 (2.1086e-01)	L_Trg_Inj 3.2709e-01 (3.1025e-01)	Loss Disc 6.9305e-01 (6.9317e-01)	Loss Pred 5.6928e-01 (5.2592e-01)	Loss TOTAL 1.1008e+00 (9.3176e-01)
Epoch: [11][110/497]	L_Src_Sup 1.6350e-01 (2.1011e-01)	L_Trg_Inj 3.9260e-01 (3.1162e-01)	Loss Disc 6.9390e-01 (6.9317e-01)	Loss Pred 5.1059e-01 (5.2639e-01)	Loss TOTAL 9.1315e-01 (9.3248e-01)
Epoch: [11][120/497]	L_Src_Sup 2.3076e-01 (2.0888e-01)	L_Trg_Inj 3.4125e-01 (3.1010e-01)	Loss Disc 6.9325e-01 (6.9318e-01)	Loss Pred 5.3471e-01 (5.2570e-01)	Loss TOTAL 9.3853e-01 (9.3100e-01)
Epoch: [11][130/497]	L_Src_Sup 2.2964e-01 (2.1261e-01)	L_Trg_Inj 1.9709e-01 (3.0926e-01)	Loss Disc 6.9309e-01 (6.9318e-01)	Loss Pred 5.1773e-01 (5.2578e-01)	Loss TOTAL 9.3950e-01 (9.3288e-01)
Epoch: [11][140/497]	L_Src_Sup 1.5678e-01 (2.1140e-01)	L_Trg_Inj 3.2472e-01 (3.1494e-01)	Loss Disc 6.9327e-01 (6.9319e-01)	Loss Pred 4.5341e-01 (5.2522e-01)	Loss TOTAL 8.4819e-01 (9.3218e-01)
Epoch: [11][150/497]	L_Src_Sup 1.9261e-01 (2.1178e-01)	L_Trg_Inj 2.9578e-01 (3.1729e-01)	Loss Disc 6.9323e-01 (6.9319e-01)	Loss Pred 5.3479e-01 (5.2413e-01)	Loss TOTAL 9.3025e-01 (9.3166e-01)
Epoch: [11][160/497]	L_Src_Sup 2.0750e-01 (2.0983e-01)	L_Trg_Inj 3.5254e-01 (3.1636e-01)	Loss Disc 6.9306e-01 (6.9319e-01)	Loss Pred 5.2217e-01 (5.2347e-01)	Loss TOTAL 9.2470e-01 (9.3037e-01)
Epoch: [11][170/497]	L_Src_Sup 2.0971e-01 (2.0845e-01)	L_Trg_Inj 3.5928e-01 (3.1646e-01)	Loss Disc 6.9315e-01 (6.9319e-01)	Loss Pred 5.2869e-01 (5.2293e-01)	Loss TOTAL 9.3216e-01 (9.2924e-01)
Epoch: [11][180/497]	L_Src_Sup 1.9085e-01 (2.0858e-01)	L_Trg_Inj 3.5642e-01 (3.1571e-01)	Loss Disc 6.9316e-01 (6.9319e-01)	Loss Pred 5.2888e-01 (5.2357e-01)	Loss TOTAL 9.3019e-01 (9.2955e-01)
Epoch: [11][190/497]	L_Src_Sup 2.0355e-01 (2.0843e-01)	L_Trg_Inj 4.7302e-01 (3.1646e-01)	Loss Disc 6.9309e-01 (6.9319e-01)	Loss Pred 4.4686e-01 (5.2363e-01)	Loss TOTAL 8.6106e-01 (9.2936e-01)
Epoch: [11][200/497]	L_Src_Sup 2.1601e-01 (2.0782e-01)	L_Trg_Inj 2.0838e-01 (3.1467e-01)	Loss Disc 6.9327e-01 (6.9319e-01)	Loss Pred 5.4820e-01 (5.2392e-01)	Loss TOTAL 9.4491e-01 (9.2947e-01)
Epoch: [11][210/497]	L_Src_Sup 2.4735e-01 (2.1253e-01)	L_Trg_Inj 3.5081e-01 (3.1446e-01)	Loss Disc 6.9313e-01 (6.9319e-01)	Loss Pred 5.1674e-01 (5.2384e-01)	Loss TOTAL 9.2312e-01 (9.3298e-01)
Epoch: [11][220/497]	L_Src_Sup 1.7574e-01 (2.1286e-01)	L_Trg_Inj 4.0128e-01 (3.1526e-01)	Loss Disc 6.9310e-01 (6.9319e-01)	Loss Pred 5.1284e-01 (5.2434e-01)	Loss TOTAL 9.1710e-01 (9.3331e-01)
Epoch: [11][230/497]	L_Src_Sup 7.7031e-02 (2.1268e-01)	L_Trg_Inj 3.8577e-01 (3.1673e-01)	Loss Disc 6.9308e-01 (6.9319e-01)	Loss Pred 5.0416e-01 (5.2413e-01)	Loss TOTAL 8.9698e-01 (9.3292e-01)
Epoch: [11][240/497]	L_Src_Sup 2.1450e-01 (2.1323e-01)	L_Trg_Inj 4.3970e-01 (3.1824e-01)	Loss Disc 6.9302e-01 (6.9319e-01)	Loss Pred 4.8520e-01 (5.2373e-01)	Loss TOTAL 8.9713e-01 (9.3239e-01)
Epoch: [11][250/497]	L_Src_Sup 2.1483e-01 (2.1430e-01)	L_Trg_Inj 2.9708e-01 (3.1854e-01)	Loss Disc 6.9299e-01 (6.9318e-01)	Loss Pred 4.8475e-01 (5.2322e-01)	Loss TOTAL 8.8244e-01 (9.3166e-01)
Epoch: [11][260/497]	L_Src_Sup 2.2036e-01 (2.1429e-01)	L_Trg_Inj 2.0876e-01 (3.1650e-01)	Loss Disc 6.9333e-01 (6.9318e-01)	Loss Pred 5.0334e-01 (5.2249e-01)	Loss TOTAL 9.0452e-01 (9.3069e-01)
Epoch: [11][270/497]	L_Src_Sup 2.3203e-01 (2.1417e-01)	L_Trg_Inj 4.2824e-01 (3.1512e-01)	Loss Disc 6.9210e-01 (6.9318e-01)	Loss Pred 4.9790e-01 (5.2247e-01)	Loss TOTAL 9.0998e-01 (9.3072e-01)
Epoch: [11][280/497]	L_Src_Sup 3.2601e-01 (2.1520e-01)	L_Trg_Inj 2.8572e-01 (3.1607e-01)	Loss Disc 6.9317e-01 (6.9315e-01)	Loss Pred 5.7286e-01 (5.2259e-01)	Loss TOTAL 1.0209e+00 (9.3085e-01)
Epoch: [11][290/497]	L_Src_Sup 1.3262e-01 (2.1385e-01)	L_Trg_Inj 2.9863e-01 (3.1750e-01)	Loss Disc 6.9305e-01 (6.9312e-01)	Loss Pred 5.3457e-01 (5.2278e-01)	Loss TOTAL 9.2422e-01 (9.3074e-01)
Epoch: [11][300/497]	L_Src_Sup 1.9336e-01 (2.1338e-01)	L_Trg_Inj 2.5777e-01 (3.1688e-01)	Loss Disc 6.9302e-01 (6.9311e-01)	Loss Pred 5.4096e-01 (5.2280e-01)	Loss TOTAL 9.3258e-01 (9.3038e-01)
Epoch: [11][310/497]	L_Src_Sup 2.2843e-01 (2.1373e-01)	L_Trg_Inj 3.7665e-01 (3.1621e-01)	Loss Disc 6.9271e-01 (6.9310e-01)	Loss Pred 5.0341e-01 (5.2256e-01)	Loss TOTAL 9.1028e-01 (9.3020e-01)
Epoch: [11][320/497]	L_Src_Sup 2.1624e-01 (2.1268e-01)	L_Trg_Inj 2.3828e-01 (3.1519e-01)	Loss Disc 6.9304e-01 (6.9310e-01)	Loss Pred 4.9062e-01 (5.2202e-01)	Loss TOTAL 8.8259e-01 (9.2920e-01)
Epoch: [11][330/497]	L_Src_Sup 2.6310e-01 (2.1157e-01)	L_Trg_Inj 2.9059e-01 (3.1374e-01)	Loss Disc 6.9342e-01 (6.9309e-01)	Loss Pred 5.4947e-01 (5.2197e-01)	Loss TOTAL 9.5155e-01 (9.2871e-01)
Epoch: [11][340/497]	L_Src_Sup 1.5681e-01 (2.1200e-01)	L_Trg_Inj 3.1788e-01 (3.1277e-01)	Loss Disc 6.9248e-01 (6.9308e-01)	Loss Pred 5.4778e-01 (5.2200e-01)	Loss TOTAL 9.4149e-01 (9.2910e-01)
Epoch: [11][350/497]	L_Src_Sup 2.1369e-01 (2.1195e-01)	L_Trg_Inj 3.7849e-01 (3.1330e-01)	Loss Disc 6.9194e-01 (6.9305e-01)	Loss Pred 5.4098e-01 (5.2167e-01)	Loss TOTAL 9.4617e-01 (9.2875e-01)
Epoch: [11][360/497]	L_Src_Sup 1.2322e-01 (2.1102e-01)	L_Trg_Inj 2.4772e-01 (3.1393e-01)	Loss Disc 6.9208e-01 (6.9299e-01)	Loss Pred 4.9072e-01 (5.2116e-01)	Loss TOTAL 8.7385e-01 (9.2796e-01)
Epoch: [11][370/497]	L_Src_Sup 2.0798e-01 (2.1075e-01)	L_Trg_Inj 2.6580e-01 (3.1332e-01)	Loss Disc 6.9148e-01 (6.9297e-01)	Loss Pred 4.9045e-01 (5.2097e-01)	Loss TOTAL 8.8357e-01 (9.2758e-01)
Epoch: [11][380/497]	L_Src_Sup 1.7230e-01 (2.1070e-01)	L_Trg_Inj 1.3752e-01 (3.1157e-01)	Loss Disc 6.9444e-01 (6.9297e-01)	Loss Pred 5.9119e-01 (5.2142e-01)	Loss TOTAL 1.0042e+00 (9.2794e-01)
Epoch: [11][390/497]	L_Src_Sup 1.8346e-01 (2.1018e-01)	L_Trg_Inj 1.2494e-01 (3.0870e-01)	Loss Disc 6.9336e-01 (6.9297e-01)	Loss Pred 5.0322e-01 (5.2145e-01)	Loss TOTAL 9.3926e-01 (9.2830e-01)
Epoch: [11][400/497]	L_Src_Sup 2.1157e-01 (2.0979e-01)	L_Trg_Inj 3.3007e-01 (3.0768e-01)	Loss Disc 6.9302e-01 (6.9298e-01)	Loss Pred 5.3470e-01 (5.2176e-01)	Loss TOTAL 9.3538e-01 (9.2832e-01)
Epoch: [11][410/497]	L_Src_Sup 2.2020e-01 (2.0967e-01)	L_Trg_Inj 4.2376e-01 (3.0721e-01)	Loss Disc 6.9282e-01 (6.9298e-01)	Loss Pred 5.0407e-01 (5.2159e-01)	Loss TOTAL 9.1488e-01 (9.2821e-01)
Epoch: [11][420/497]	L_Src_Sup 2.3531e-01 (2.0920e-01)	L_Trg_Inj 2.3002e-01 (3.0628e-01)	Loss Disc 6.9323e-01 (6.9298e-01)	Loss Pred 5.4717e-01 (5.2159e-01)	Loss TOTAL 9.4560e-01 (9.2825e-01)
Epoch: [11][430/497]	L_Src_Sup 2.3296e-01 (2.0843e-01)	L_Trg_Inj 2.6634e-01 (3.0598e-01)	Loss Disc 6.9324e-01 (6.9298e-01)	Loss Pred 5.4113e-01 (5.2157e-01)	Loss TOTAL 9.3768e-01 (9.2797e-01)
Epoch: [11][440/497]	L_Src_Sup 1.7308e-01 (2.0837e-01)	L_Trg_Inj 2.1698e-01 (3.0541e-01)	Loss Disc 6.9308e-01 (6.9297e-01)	Loss Pred 5.5138e-01 (5.2144e-01)	Loss TOTAL 9.3693e-01 (9.2759e-01)
Epoch: [11][450/497]	L_Src_Sup 2.5520e-01 (2.0780e-01)	L_Trg_Inj 2.5467e-01 (3.0377e-01)	Loss Disc 6.9217e-01 (6.9296e-01)	Loss Pred 5.3521e-01 (5.2136e-01)	Loss TOTAL 9.3281e-01 (9.2714e-01)
Epoch: [11][460/497]	L_Src_Sup 1.5524e-01 (2.0668e-01)	L_Trg_Inj 2.5662e-01 (3.0131e-01)	Loss Disc 6.9517e-01 (6.9294e-01)	Loss Pred 5.0343e-01 (5.2137e-01)	Loss TOTAL 8.9220e-01 (9.2694e-01)
Epoch: [11][470/497]	L_Src_Sup 2.1685e-01 (2.0769e-01)	L_Trg_Inj 4.8821e-01 (3.0251e-01)	Loss Disc 6.9368e-01 (6.9296e-01)	Loss Pred 5.3478e-01 (5.2140e-01)	Loss TOTAL 9.5213e-01 (9.2721e-01)
Epoch: [11][480/497]	L_Src_Sup 1.6816e-01 (2.0847e-01)	L_Trg_Inj 2.9846e-01 (3.0237e-01)	Loss Disc 6.9358e-01 (6.9296e-01)	Loss Pred 5.0349e-01 (5.2147e-01)	Loss TOTAL 8.9694e-01 (9.2747e-01)
Epoch: [11][490/497]	L_Src_Sup 2.6161e-01 (2.0823e-01)	L_Trg_Inj 3.0222e-01 (3.0300e-01)	Loss Disc 6.9304e-01 (6.9297e-01)	Loss Pred 5.3450e-01 (5.2153e-01)	Loss TOTAL 9.3740e-01 (9.2750e-01)
Epoch: [11][497/497]	L_Src_Sup 2.4466e-01 (2.0815e-01)	L_Trg_Inj 3.4928e-01 (3.0352e-01)	Loss Disc 6.9330e-01 (6.9298e-01)	Loss Pred 5.1570e-01 (5.2160e-01)	Loss TOTAL 9.2175e-01 (9.2752e-01)
Epoch 11 complete. Saving model state...
Epoch: [12][ 10/497]	L_Src_Sup 1.5536e-01 (2.4027e-01)	L_Trg_Inj 4.5039e-01 (3.4087e-01)	Loss Disc 6.9340e-01 (6.9331e-01)	Loss Pred 5.4083e-01 (5.3051e-01)	Loss TOTAL 9.4810e-01 (9.4379e-01)
Epoch: [12][ 20/497]	L_Src_Sup 2.3818e-01 (2.2588e-01)	L_Trg_Inj 2.8621e-01 (3.3454e-01)	Loss Disc 6.9325e-01 (6.9330e-01)	Loss Pred 5.0438e-01 (5.2510e-01)	Loss TOTAL 9.0344e-01 (9.3205e-01)
Epoch: [12][ 30/497]	L_Src_Sup 1.5526e-01 (2.1486e-01)	L_Trg_Inj 3.1626e-01 (3.1567e-01)	Loss Disc 6.9311e-01 (6.9326e-01)	Loss Pred 5.4090e-01 (5.2701e-01)	Loss TOTAL 9.3461e-01 (9.3024e-01)
Epoch: [12][ 40/497]	L_Src_Sup 8.7981e-02 (2.1042e-01)	L_Trg_Inj 3.5136e-01 (3.1272e-01)	Loss Disc 6.9305e-01 (6.9323e-01)	Loss Pred 5.6599e-01 (5.2895e-01)	Loss TOTAL 9.5645e-01 (9.3154e-01)
Epoch: [12][ 50/497]	L_Src_Sup 1.7648e-01 (2.1144e-01)	L_Trg_Inj 3.0921e-01 (3.0945e-01)	Loss Disc 6.9312e-01 (6.9326e-01)	Loss Pred 5.4734e-01 (5.2512e-01)	Loss TOTAL 9.4247e-01 (9.2677e-01)
Epoch: [12][ 60/497]	L_Src_Sup 1.6292e-01 (2.1149e-01)	L_Trg_Inj 3.2041e-01 (3.0654e-01)	Loss Disc 6.9317e-01 (6.9326e-01)	Loss Pred 5.4114e-01 (5.2413e-01)	Loss TOTAL 9.3606e-01 (9.2596e-01)
Epoch: [12][ 70/497]	L_Src_Sup 2.4937e-01 (2.1516e-01)	L_Trg_Inj 3.0309e-01 (3.0419e-01)	Loss Disc 6.9309e-01 (6.9324e-01)	Loss Pred 5.2203e-01 (5.2469e-01)	Loss TOTAL 9.2382e-01 (9.2826e-01)
Epoch: [12][ 80/497]	L_Src_Sup 1.7184e-01 (2.1702e-01)	L_Trg_Inj 3.6797e-01 (3.1054e-01)	Loss Disc 6.9327e-01 (6.9325e-01)	Loss Pred 5.2837e-01 (5.2343e-01)	Loss TOTAL 9.2899e-01 (9.2720e-01)
Epoch: [12][ 90/497]	L_Src_Sup 3.1069e-01 (2.1632e-01)	L_Trg_Inj 3.5871e-01 (3.1164e-01)	Loss Disc 6.9321e-01 (6.9325e-01)	Loss Pred 5.4106e-01 (5.2274e-01)	Loss TOTAL 9.5461e-01 (9.2666e-01)
Epoch: [12][100/497]	L_Src_Sup 1.8350e-01 (2.1771e-01)	L_Trg_Inj 2.4789e-01 (3.0853e-01)	Loss Disc 6.9322e-01 (6.9324e-01)	Loss Pred 5.0333e-01 (5.2213e-01)	Loss TOTAL 8.9308e-01 (9.2610e-01)
Epoch: [12][110/497]	L_Src_Sup 2.7881e-01 (2.1747e-01)	L_Trg_Inj 4.2830e-01 (3.0644e-01)	Loss Disc 6.9339e-01 (6.9324e-01)	Loss Pred 5.0989e-01 (5.2294e-01)	Loss TOTAL 9.2730e-01 (9.2685e-01)
Epoch: [12][120/497]	L_Src_Sup 7.2075e-02 (2.1321e-01)	L_Trg_Inj 3.1675e-01 (3.0586e-01)	Loss Disc 6.9322e-01 (6.9324e-01)	Loss Pred 4.9091e-01 (5.2221e-01)	Loss TOTAL 8.7640e-01 (9.2538e-01)
Epoch: [12][130/497]	L_Src_Sup 1.5473e-01 (2.1265e-01)	L_Trg_Inj 2.4516e-01 (3.0484e-01)	Loss Disc 6.9314e-01 (6.9323e-01)	Loss Pred 4.6544e-01 (5.2173e-01)	Loss TOTAL 8.5200e-01 (9.2486e-01)
Epoch: [12][140/497]	L_Src_Sup 1.8334e-01 (2.1121e-01)	L_Trg_Inj 2.2016e-01 (3.0237e-01)	Loss Disc 6.9254e-01 (6.9322e-01)	Loss Pred 6.1045e-01 (5.2178e-01)	Loss TOTAL 9.9707e-01 (9.2452e-01)
Epoch: [12][150/497]	L_Src_Sup 1.2462e-01 (2.0966e-01)	L_Trg_Inj 3.2386e-01 (2.9982e-01)	Loss Disc 6.9395e-01 (6.9320e-01)	Loss Pred 4.9709e-01 (5.2152e-01)	Loss TOTAL 8.8891e-01 (9.2365e-01)
Epoch: [12][160/497]	L_Src_Sup 1.8196e-01 (2.1034e-01)	L_Trg_Inj 3.5404e-01 (2.9903e-01)	Loss Disc 6.9351e-01 (6.9321e-01)	Loss Pred 4.9698e-01 (5.2064e-01)	Loss TOTAL 8.9734e-01 (9.2295e-01)
Epoch: [12][170/497]	L_Src_Sup 2.3420e-01 (2.1169e-01)	L_Trg_Inj 3.2374e-01 (2.9853e-01)	Loss Disc 6.9320e-01 (6.9321e-01)	Loss Pred 5.4091e-01 (5.2091e-01)	Loss TOTAL 9.4330e-01 (9.2352e-01)
Epoch: [12][180/497]	L_Src_Sup 2.2269e-01 (2.1177e-01)	L_Trg_Inj 3.1329e-01 (2.9980e-01)	Loss Disc 6.9349e-01 (6.9321e-01)	Loss Pred 5.0335e-01 (5.2152e-01)	Loss TOTAL 9.0370e-01 (9.2435e-01)
Epoch: [12][190/497]	L_Src_Sup 2.0538e-01 (2.1374e-01)	L_Trg_Inj 2.4691e-01 (3.0014e-01)	Loss Disc 6.9318e-01 (6.9321e-01)	Loss Pred 5.1626e-01 (5.2177e-01)	Loss TOTAL 9.0808e-01 (9.2545e-01)
Epoch: [12][200/497]	L_Src_Sup 2.6163e-01 (2.1398e-01)	L_Trg_Inj 2.3648e-01 (2.9853e-01)	Loss Disc 6.9319e-01 (6.9321e-01)	Loss Pred 5.1578e-01 (5.2178e-01)	Loss TOTAL 9.3734e-01 (9.2609e-01)
Epoch: [12][210/497]	L_Src_Sup 2.3448e-01 (2.1578e-01)	L_Trg_Inj 2.8273e-01 (3.0150e-01)	Loss Disc 6.9324e-01 (6.9321e-01)	Loss Pred 5.0319e-01 (5.2232e-01)	Loss TOTAL 9.0153e-01 (9.2681e-01)
Epoch: [12][220/497]	L_Src_Sup 2.4550e-01 (2.1594e-01)	L_Trg_Inj 3.1227e-01 (3.0241e-01)	Loss Disc 6.9344e-01 (6.9321e-01)	Loss Pred 5.2242e-01 (5.2256e-01)	Loss TOTAL 9.2492e-01 (9.2687e-01)
Epoch: [12][230/497]	L_Src_Sup 2.4399e-01 (2.1541e-01)	L_Trg_Inj 3.7273e-01 (3.0210e-01)	Loss Disc 6.9320e-01 (6.9322e-01)	Loss Pred 5.2328e-01 (5.2250e-01)	Loss TOTAL 9.3155e-01 (9.2662e-01)
Epoch: [12][240/497]	L_Src_Sup 1.4853e-01 (2.1388e-01)	L_Trg_Inj 3.6877e-01 (3.0250e-01)	Loss Disc 6.9325e-01 (6.9322e-01)	Loss Pred 5.0955e-01 (5.2258e-01)	Loss TOTAL 9.0790e-01 (9.2644e-01)
Epoch: [12][250/497]	L_Src_Sup 1.7050e-01 (2.1319e-01)	L_Trg_Inj 2.8336e-01 (3.0411e-01)	Loss Disc 6.9320e-01 (6.9322e-01)	Loss Pred 5.1605e-01 (5.2187e-01)	Loss TOTAL 9.0803e-01 (9.2569e-01)
Epoch: [12][260/497]	L_Src_Sup 2.1504e-01 (2.1382e-01)	L_Trg_Inj 4.8244e-01 (3.0673e-01)	Loss Disc 6.9247e-01 (6.9321e-01)	Loss Pred 4.9078e-01 (5.2197e-01)	Loss TOTAL 9.0676e-01 (9.2619e-01)
Epoch: [12][270/497]	L_Src_Sup 2.6709e-01 (2.1474e-01)	L_Trg_Inj 2.3177e-01 (3.0635e-01)	Loss Disc 6.9320e-01 (6.9322e-01)	Loss Pred 4.9712e-01 (5.2206e-01)	Loss TOTAL 9.2893e-01 (9.2633e-01)
Epoch: [12][280/497]	L_Src_Sup 2.1045e-01 (2.1509e-01)	L_Trg_Inj 3.1080e-01 (3.0729e-01)	Loss Disc 6.9318e-01 (6.9322e-01)	Loss Pred 4.9716e-01 (5.2192e-01)	Loss TOTAL 8.9587e-01 (9.2646e-01)
Epoch: [12][290/497]	L_Src_Sup 2.1157e-01 (2.1464e-01)	L_Trg_Inj 2.0987e-01 (3.0639e-01)	Loss Disc 6.9349e-01 (6.9322e-01)	Loss Pred 5.3523e-01 (5.2131e-01)	Loss TOTAL 9.2582e-01 (9.2607e-01)
Epoch: [12][300/497]	L_Src_Sup 2.2995e-01 (2.1384e-01)	L_Trg_Inj 3.1114e-01 (3.0686e-01)	Loss Disc 6.9313e-01 (6.9322e-01)	Loss Pred 5.0352e-01 (5.2167e-01)	Loss TOTAL 9.0419e-01 (9.2648e-01)
Epoch: [12][310/497]	L_Src_Sup 2.1837e-01 (2.1256e-01)	L_Trg_Inj 2.5698e-01 (3.0509e-01)	Loss Disc 6.9314e-01 (6.9322e-01)	Loss Pred 4.9722e-01 (5.2205e-01)	Loss TOTAL 8.9132e-01 (9.2635e-01)
Epoch: [12][320/497]	L_Src_Sup 2.1660e-01 (2.1260e-01)	L_Trg_Inj 2.9111e-01 (3.0513e-01)	Loss Disc 6.9310e-01 (6.9322e-01)	Loss Pred 4.9071e-01 (5.2216e-01)	Loss TOTAL 8.8803e-01 (9.2654e-01)
Epoch: [12][330/497]	L_Src_Sup 9.0039e-02 (2.1277e-01)	L_Trg_Inj 2.1721e-01 (3.0416e-01)	Loss Disc 6.9318e-01 (6.9321e-01)	Loss Pred 4.7794e-01 (5.2210e-01)	Loss TOTAL 8.5526e-01 (9.2641e-01)
Epoch: [12][340/497]	L_Src_Sup 2.3334e-01 (2.1247e-01)	L_Trg_Inj 3.5870e-01 (3.0344e-01)	Loss Disc 6.9317e-01 (6.9321e-01)	Loss Pred 5.4221e-01 (5.2211e-01)	Loss TOTAL 9.4800e-01 (9.2616e-01)
Epoch: [12][350/497]	L_Src_Sup 3.2079e-01 (2.1241e-01)	L_Trg_Inj 1.9450e-01 (3.0173e-01)	Loss Disc 6.9313e-01 (6.9321e-01)	Loss Pred 5.2243e-01 (5.2203e-01)	Loss TOTAL 1.0468e+00 (9.2618e-01)
Epoch: [12][360/497]	L_Src_Sup 2.8135e-01 (2.1353e-01)	L_Trg_Inj 3.6237e-01 (3.0214e-01)	Loss Disc 6.9311e-01 (6.9321e-01)	Loss Pred 5.3571e-01 (5.2225e-01)	Loss TOTAL 9.4664e-01 (9.2710e-01)
Epoch: [12][370/497]	L_Src_Sup 2.5562e-01 (2.1416e-01)	L_Trg_Inj 3.2170e-01 (3.0269e-01)	Loss Disc 6.9316e-01 (6.9321e-01)	Loss Pred 5.1955e-01 (5.2227e-01)	Loss TOTAL 9.2386e-01 (9.2706e-01)
Epoch: [12][380/497]	L_Src_Sup 2.8097e-01 (2.1424e-01)	L_Trg_Inj 2.5780e-01 (3.0297e-01)	Loss Disc 6.9298e-01 (6.9320e-01)	Loss Pred 5.1606e-01 (5.2205e-01)	Loss TOTAL 9.3960e-01 (9.2675e-01)
Epoch: [12][390/497]	L_Src_Sup 1.9426e-01 (2.1376e-01)	L_Trg_Inj 2.7784e-01 (3.0180e-01)	Loss Disc 6.9315e-01 (6.9320e-01)	Loss Pred 5.4114e-01 (5.2203e-01)	Loss TOTAL 9.3493e-01 (9.2647e-01)
Epoch: [12][400/497]	L_Src_Sup 1.8877e-01 (2.1350e-01)	L_Trg_Inj 1.7336e-01 (3.0061e-01)	Loss Disc 6.9330e-01 (6.9320e-01)	Loss Pred 5.2224e-01 (5.2185e-01)	Loss TOTAL 9.2051e-01 (9.2610e-01)
Epoch: [12][410/497]	L_Src_Sup 2.5773e-01 (2.1395e-01)	L_Trg_Inj 3.3327e-01 (3.0034e-01)	Loss Disc 6.9295e-01 (6.9319e-01)	Loss Pred 5.2912e-01 (5.2183e-01)	Loss TOTAL 9.3469e-01 (9.2617e-01)
Epoch: [12][420/497]	L_Src_Sup 2.5445e-01 (2.1350e-01)	L_Trg_Inj 2.1828e-01 (2.9982e-01)	Loss Disc 6.9272e-01 (6.9318e-01)	Loss Pred 4.9194e-01 (5.2171e-01)	Loss TOTAL 9.2174e-01 (9.2597e-01)
Epoch: [12][430/497]	L_Src_Sup 2.0870e-01 (2.1278e-01)	L_Trg_Inj 3.2807e-01 (3.0018e-01)	Loss Disc 6.9290e-01 (6.9317e-01)	Loss Pred 5.3483e-01 (5.2182e-01)	Loss TOTAL 9.3496e-01 (9.2589e-01)
Epoch: [12][440/497]	L_Src_Sup 2.6665e-01 (2.1281e-01)	L_Trg_Inj 3.0384e-01 (3.0082e-01)	Loss Disc 6.9307e-01 (6.9317e-01)	Loss Pred 5.1575e-01 (5.2173e-01)	Loss TOTAL 9.1933e-01 (9.2595e-01)
Epoch: [12][450/497]	L_Src_Sup 1.3084e-01 (2.1287e-01)	L_Trg_Inj 4.0542e-01 (3.0163e-01)	Loss Disc 6.9308e-01 (6.9316e-01)	Loss Pred 5.1614e-01 (5.2163e-01)	Loss TOTAL 9.1631e-01 (9.2582e-01)
Epoch: [12][460/497]	L_Src_Sup 2.0955e-01 (2.1274e-01)	L_Trg_Inj 3.7282e-01 (3.0159e-01)	Loss Disc 6.9320e-01 (6.9317e-01)	Loss Pred 5.4090e-01 (5.2156e-01)	Loss TOTAL 9.4574e-01 (9.2574e-01)
Epoch: [12][470/497]	L_Src_Sup 1.3727e-01 (2.1300e-01)	L_Trg_Inj 2.8705e-01 (3.0257e-01)	Loss Disc 6.9325e-01 (6.9317e-01)	Loss Pred 5.4711e-01 (5.2155e-01)	Loss TOTAL 9.3617e-01 (9.2572e-01)
Epoch: [12][480/497]	L_Src_Sup 3.9024e-01 (2.1326e-01)	L_Trg_Inj 2.0056e-01 (3.0281e-01)	Loss Disc 6.9365e-01 (6.9317e-01)	Loss Pred 5.6654e-01 (5.2143e-01)	Loss TOTAL 1.1621e+00 (9.2591e-01)
Epoch: [12][490/497]	L_Src_Sup 2.4402e-01 (2.1374e-01)	L_Trg_Inj 3.2762e-01 (3.0321e-01)	Loss Disc 6.9292e-01 (6.9316e-01)	Loss Pred 5.2870e-01 (5.2141e-01)	Loss TOTAL 9.3232e-01 (9.2587e-01)
Epoch: [12][497/497]	L_Src_Sup 2.5031e-01 (2.1407e-01)	L_Trg_Inj 3.0057e-01 (3.0330e-01)	Loss Disc 6.9179e-01 (6.9314e-01)	Loss Pred 4.8424e-01 (5.2122e-01)	Loss TOTAL 8.8522e-01 (9.2567e-01)
Epoch 12 complete. Saving model state...
Epoch: [13][ 10/497]	L_Src_Sup 1.4920e-01 (2.3780e-01)	L_Trg_Inj 3.1889e-01 (3.1657e-01)	Loss Disc 6.9297e-01 (6.9305e-01)	Loss Pred 5.3453e-01 (5.2466e-01)	Loss TOTAL 9.2782e-01 (9.2996e-01)
Epoch: [13][ 20/497]	L_Src_Sup 3.3175e-01 (2.3052e-01)	L_Trg_Inj 4.9086e-01 (3.3282e-01)	Loss Disc 6.9286e-01 (6.9305e-01)	Loss Pred 5.2205e-01 (5.2177e-01)	Loss TOTAL 9.5074e-01 (9.3384e-01)
Epoch: [13][ 30/497]	L_Src_Sup 1.8351e-01 (2.2695e-01)	L_Trg_Inj 3.7555e-01 (3.3720e-01)	Loss Disc 6.9306e-01 (6.9313e-01)	Loss Pred 5.0399e-01 (5.2669e-01)	Loss TOTAL 9.0642e-01 (9.3799e-01)
Epoch: [13][ 40/497]	L_Src_Sup 2.3356e-01 (2.1626e-01)	L_Trg_Inj 3.4314e-01 (3.3973e-01)	Loss Disc 6.9308e-01 (6.9313e-01)	Loss Pred 4.9122e-01 (5.2167e-01)	Loss TOTAL 8.9543e-01 (9.3007e-01)
Epoch: [13][ 50/497]	L_Src_Sup 2.2758e-01 (2.1622e-01)	L_Trg_Inj 3.9802e-01 (3.3686e-01)	Loss Disc 6.9322e-01 (6.9315e-01)	Loss Pred 5.2214e-01 (5.2226e-01)	Loss TOTAL 9.3131e-01 (9.3050e-01)
Epoch: [13][ 60/497]	L_Src_Sup 1.7839e-01 (2.1148e-01)	L_Trg_Inj 2.4791e-01 (3.3429e-01)	Loss Disc 6.9344e-01 (6.9314e-01)	Loss Pred 5.5375e-01 (5.1936e-01)	Loss TOTAL 9.4310e-01 (9.2580e-01)
Epoch: [13][ 70/497]	L_Src_Sup 2.5549e-01 (2.1106e-01)	L_Trg_Inj 3.8861e-01 (3.2897e-01)	Loss Disc 6.9262e-01 (6.9313e-01)	Loss Pred 4.7831e-01 (5.1882e-01)	Loss TOTAL 8.8903e-01 (9.2402e-01)
Epoch: [13][ 80/497]	L_Src_Sup 2.3400e-01 (2.0994e-01)	L_Trg_Inj 2.6260e-01 (3.2787e-01)	Loss Disc 6.9279e-01 (6.9311e-01)	Loss Pred 5.1036e-01 (5.1972e-01)	Loss TOTAL 9.0642e-01 (9.2454e-01)
Epoch: [13][ 90/497]	L_Src_Sup 1.4576e-01 (2.0426e-01)	L_Trg_Inj 1.8083e-01 (3.1864e-01)	Loss Disc 6.9306e-01 (6.9310e-01)	Loss Pred 4.9196e-01 (5.1883e-01)	Loss TOTAL 8.7115e-01 (9.2199e-01)
Epoch: [13][100/497]	L_Src_Sup 9.8791e-02 (2.0513e-01)	L_Trg_Inj 3.8293e-01 (3.1601e-01)	Loss Disc 6.9282e-01 (6.9310e-01)	Loss Pred 5.3164e-01 (5.1946e-01)	Loss TOTAL 9.2623e-01 (9.2336e-01)
Epoch: [13][110/497]	L_Src_Sup 2.4549e-01 (2.0736e-01)	L_Trg_Inj 2.3433e-01 (3.1472e-01)	Loss Disc 6.9298e-01 (6.9310e-01)	Loss Pred 5.2366e-01 (5.1853e-01)	Loss TOTAL 9.2929e-01 (9.2223e-01)
Epoch: [13][120/497]	L_Src_Sup 2.2779e-01 (2.0763e-01)	L_Trg_Inj 3.2429e-01 (3.1434e-01)	Loss Disc 6.9292e-01 (6.9310e-01)	Loss Pred 5.6825e-01 (5.2006e-01)	Loss TOTAL 9.6992e-01 (9.2341e-01)
Epoch: [13][130/497]	L_Src_Sup 2.5691e-01 (2.0941e-01)	L_Trg_Inj 3.0616e-01 (3.1607e-01)	Loss Disc 6.9291e-01 (6.9310e-01)	Loss Pred 5.4772e-01 (5.1984e-01)	Loss TOTAL 9.5048e-01 (9.2319e-01)
Epoch: [13][140/497]	L_Src_Sup 1.8106e-01 (2.0920e-01)	L_Trg_Inj 3.0877e-01 (3.1461e-01)	Loss Disc 6.9329e-01 (6.9310e-01)	Loss Pred 4.9059e-01 (5.1974e-01)	Loss TOTAL 8.8622e-01 (9.2322e-01)
Epoch: [13][150/497]	L_Src_Sup 1.7790e-01 (2.0902e-01)	L_Trg_Inj 3.0496e-01 (3.1494e-01)	Loss Disc 6.9313e-01 (6.9311e-01)	Loss Pred 5.4745e-01 (5.1956e-01)	Loss TOTAL 9.4230e-01 (9.2276e-01)
Epoch: [13][160/497]	L_Src_Sup 1.6444e-01 (2.1125e-01)	L_Trg_Inj 3.2004e-01 (3.1458e-01)	Loss Disc 6.9325e-01 (6.9312e-01)	Loss Pred 5.4504e-01 (5.1996e-01)	Loss TOTAL 9.4011e-01 (9.2368e-01)
Epoch: [13][170/497]	L_Src_Sup 1.8895e-01 (2.1176e-01)	L_Trg_Inj 3.5427e-01 (3.1739e-01)	Loss Disc 6.9313e-01 (6.9312e-01)	Loss Pred 5.2246e-01 (5.2077e-01)	Loss TOTAL 9.2335e-01 (9.2493e-01)
Epoch: [13][180/497]	L_Src_Sup 2.8945e-01 (2.1241e-01)	L_Trg_Inj 3.1196e-01 (3.1814e-01)	Loss Disc 6.9282e-01 (6.9311e-01)	Loss Pred 4.7806e-01 (5.2013e-01)	Loss TOTAL 8.8461e-01 (9.2416e-01)
Epoch: [13][190/497]	L_Src_Sup 2.5803e-01 (2.1385e-01)	L_Trg_Inj 3.6111e-01 (3.1937e-01)	Loss Disc 6.9361e-01 (6.9310e-01)	Loss Pred 5.5386e-01 (5.1997e-01)	Loss TOTAL 9.6258e-01 (9.2408e-01)
Epoch: [13][200/497]	L_Src_Sup 2.9707e-01 (2.1288e-01)	L_Trg_Inj 3.0170e-01 (3.2046e-01)	Loss Disc 6.9341e-01 (6.9311e-01)	Loss Pred 5.5342e-01 (5.2080e-01)	Loss TOTAL 9.6000e-01 (9.2471e-01)
Epoch: [13][210/497]	L_Src_Sup 1.5789e-01 (2.1205e-01)	L_Trg_Inj 2.5211e-01 (3.1867e-01)	Loss Disc 6.9324e-01 (6.9311e-01)	Loss Pred 5.0322e-01 (5.2110e-01)	Loss TOTAL 8.9083e-01 (9.2500e-01)
Epoch: [13][220/497]	L_Src_Sup 2.3318e-01 (2.1107e-01)	L_Trg_Inj 2.4945e-01 (3.1656e-01)	Loss Disc 6.9328e-01 (6.9312e-01)	Loss Pred 5.4112e-01 (5.2098e-01)	Loss TOTAL 9.3602e-01 (9.2464e-01)
Epoch: [13][230/497]	L_Src_Sup 2.3013e-01 (2.1246e-01)	L_Trg_Inj 3.3674e-01 (3.1725e-01)	Loss Disc 6.9215e-01 (6.9310e-01)	Loss Pred 5.5129e-01 (5.2113e-01)	Loss TOTAL 9.5405e-01 (9.2504e-01)
Epoch: [13][240/497]	L_Src_Sup 2.4835e-01 (2.1139e-01)	L_Trg_Inj 3.9197e-01 (3.2052e-01)	Loss Disc 6.9288e-01 (6.9309e-01)	Loss Pred 5.2839e-01 (5.2085e-01)	Loss TOTAL 9.3886e-01 (9.2503e-01)
Epoch: [13][250/497]	L_Src_Sup 2.2068e-01 (2.1246e-01)	L_Trg_Inj 2.8426e-01 (3.2022e-01)	Loss Disc 6.9281e-01 (6.9309e-01)	Loss Pred 5.0599e-01 (5.2024e-01)	Loss TOTAL 9.0289e-01 (9.2475e-01)
Epoch: [13][260/497]	L_Src_Sup 2.5477e-01 (2.1337e-01)	L_Trg_Inj 3.2943e-01 (3.2070e-01)	Loss Disc 6.9238e-01 (6.9307e-01)	Loss Pred 5.5916e-01 (5.2044e-01)	Loss TOTAL 9.6377e-01 (9.2489e-01)
Epoch: [13][270/497]	L_Src_Sup 2.2016e-01 (2.1238e-01)	L_Trg_Inj 3.3286e-01 (3.1880e-01)	Loss Disc 6.9228e-01 (6.9305e-01)	Loss Pred 5.1001e-01 (5.2051e-01)	Loss TOTAL 9.1145e-01 (9.2458e-01)
Epoch: [13][280/497]	L_Src_Sup 1.6957e-01 (2.1179e-01)	L_Trg_Inj 2.3194e-01 (3.1804e-01)	Loss Disc 6.9168e-01 (6.9302e-01)	Loss Pred 5.4134e-01 (5.2062e-01)	Loss TOTAL 9.2732e-01 (9.2438e-01)
Epoch: [13][290/497]	L_Src_Sup 1.4487e-01 (2.1199e-01)	L_Trg_Inj 3.2466e-01 (3.1765e-01)	Loss Disc 6.9293e-01 (6.9303e-01)	Loss Pred 5.7858e-01 (5.2064e-01)	Loss TOTAL 9.7199e-01 (9.2449e-01)
Epoch: [13][300/497]	L_Src_Sup 2.7589e-01 (2.1224e-01)	L_Trg_Inj 3.1451e-01 (3.1765e-01)	Loss Disc 6.9330e-01 (6.9303e-01)	Loss Pred 4.6622e-01 (5.2089e-01)	Loss TOTAL 8.7191e-01 (9.2491e-01)
Epoch: [13][310/497]	L_Src_Sup 1.6143e-01 (2.1304e-01)	L_Trg_Inj 3.0766e-01 (3.1807e-01)	Loss Disc 6.9332e-01 (6.9304e-01)	Loss Pred 5.1622e-01 (5.2086e-01)	Loss TOTAL 9.0978e-01 (9.2509e-01)
Epoch: [13][320/497]	L_Src_Sup 2.3447e-01 (2.1435e-01)	L_Trg_Inj 4.7932e-01 (3.1931e-01)	Loss Disc 6.9349e-01 (6.9305e-01)	Loss Pred 5.2832e-01 (5.2103e-01)	Loss TOTAL 9.4644e-01 (9.2558e-01)
Epoch: [13][330/497]	L_Src_Sup 2.1645e-01 (2.1444e-01)	L_Trg_Inj 4.1912e-01 (3.2026e-01)	Loss Disc 6.9337e-01 (6.9305e-01)	Loss Pred 5.4519e-01 (5.2111e-01)	Loss TOTAL 9.5543e-01 (9.2575e-01)
Epoch: [13][340/497]	L_Src_Sup 9.2685e-02 (2.1487e-01)	L_Trg_Inj 4.0006e-01 (3.2090e-01)	Loss Disc 6.9356e-01 (6.9306e-01)	Loss Pred 5.0972e-01 (5.2114e-01)	Loss TOTAL 9.0578e-01 (9.2611e-01)
Epoch: [13][350/497]	L_Src_Sup 2.1857e-01 (2.1435e-01)	L_Trg_Inj 4.2895e-01 (3.2079e-01)	Loss Disc 6.9383e-01 (6.9307e-01)	Loss Pred 4.5930e-01 (5.2166e-01)	Loss TOTAL 8.7096e-01 (9.2643e-01)
Epoch: [13][360/497]	L_Src_Sup 1.2397e-01 (2.1366e-01)	L_Trg_Inj 1.8693e-01 (3.2032e-01)	Loss Disc 6.9319e-01 (6.9307e-01)	Loss Pred 4.7821e-01 (5.2151e-01)	Loss TOTAL 8.5589e-01 (9.2603e-01)
Epoch: [13][370/497]	L_Src_Sup 3.0719e-01 (2.1313e-01)	L_Trg_Inj 3.2315e-01 (3.1930e-01)	Loss Disc 6.9323e-01 (6.9308e-01)	Loss Pred 5.2843e-01 (5.2146e-01)	Loss TOTAL 9.3808e-01 (9.2588e-01)
Epoch: [13][380/497]	L_Src_Sup 1.7072e-01 (2.1417e-01)	L_Trg_Inj 3.2723e-01 (3.1941e-01)	Loss Disc 6.9311e-01 (6.9308e-01)	Loss Pred 5.3575e-01 (5.2109e-01)	Loss TOTAL 9.3210e-01 (9.2593e-01)
Epoch: [13][390/497]	L_Src_Sup 2.2741e-01 (2.1423e-01)	L_Trg_Inj 2.5783e-01 (3.1972e-01)	Loss Disc 6.9349e-01 (6.9308e-01)	Loss Pred 5.2210e-01 (5.2121e-01)	Loss TOTAL 9.1737e-01 (9.2596e-01)
Epoch: [13][400/497]	L_Src_Sup 2.8189e-01 (2.1362e-01)	L_Trg_Inj 2.4442e-01 (3.1762e-01)	Loss Disc 6.9338e-01 (6.9308e-01)	Loss Pred 5.2084e-01 (5.2099e-01)	Loss TOTAL 9.5764e-01 (9.2577e-01)
Epoch: [13][410/497]	L_Src_Sup 1.9464e-01 (2.1379e-01)	L_Trg_Inj 4.4914e-01 (3.1758e-01)	Loss Disc 6.9322e-01 (6.9308e-01)	Loss Pred 5.4737e-01 (5.2102e-01)	Loss TOTAL 9.5836e-01 (9.2595e-01)
Epoch: [13][420/497]	L_Src_Sup 1.8520e-01 (2.1401e-01)	L_Trg_Inj 3.6021e-01 (3.1824e-01)	Loss Disc 6.9322e-01 (6.9309e-01)	Loss Pred 5.0940e-01 (5.2136e-01)	Loss TOTAL 9.1055e-01 (9.2633e-01)
Epoch: [13][430/497]	L_Src_Sup 3.0078e-01 (2.1418e-01)	L_Trg_Inj 2.7235e-01 (3.1789e-01)	Loss Disc 6.9319e-01 (6.9309e-01)	Loss Pred 5.6082e-01 (5.2141e-01)	Loss TOTAL 9.9316e-01 (9.2647e-01)
Epoch: [13][440/497]	L_Src_Sup 1.9140e-01 (2.1384e-01)	L_Trg_Inj 2.2801e-01 (3.1752e-01)	Loss Disc 6.9311e-01 (6.9309e-01)	Loss Pred 4.7840e-01 (5.2135e-01)	Loss TOTAL 8.6689e-01 (9.2621e-01)
Epoch: [13][450/497]	L_Src_Sup 2.0525e-01 (2.1338e-01)	L_Trg_Inj 2.6660e-01 (3.1647e-01)	Loss Disc 6.9305e-01 (6.9308e-01)	Loss Pred 5.4929e-01 (5.2150e-01)	Loss TOTAL 9.4300e-01 (9.2630e-01)
Epoch: [13][460/497]	L_Src_Sup 2.2516e-01 (2.1227e-01)	L_Trg_Inj 2.8715e-01 (3.1484e-01)	Loss Disc 6.9249e-01 (6.9308e-01)	Loss Pred 4.5953e-01 (5.2139e-01)	Loss TOTAL 8.5701e-01 (9.2582e-01)
Epoch: [13][470/497]	L_Src_Sup 1.7273e-01 (2.1211e-01)	L_Trg_Inj 2.2510e-01 (3.1340e-01)	Loss Disc 6.9360e-01 (6.9307e-01)	Loss Pred 5.3532e-01 (5.2138e-01)	Loss TOTAL 9.2190e-01 (9.2574e-01)
Epoch: [13][480/497]	L_Src_Sup 1.3063e-01 (2.1178e-01)	L_Trg_Inj 3.3820e-01 (3.1302e-01)	Loss Disc 6.9307e-01 (6.9307e-01)	Loss Pred 4.9066e-01 (5.2133e-01)	Loss TOTAL 8.8408e-01 (9.2562e-01)
Epoch: [13][490/497]	L_Src_Sup 1.7590e-01 (2.1143e-01)	L_Trg_Inj 2.3333e-01 (3.1215e-01)	Loss Disc 6.9318e-01 (6.9307e-01)	Loss Pred 5.4111e-01 (5.2121e-01)	Loss TOTAL 9.2862e-01 (9.2543e-01)
Epoch: [13][497/497]	L_Src_Sup 2.8029e-01 (2.1185e-01)	L_Trg_Inj 1.4008e-01 (3.1050e-01)	Loss Disc 6.9317e-01 (6.9308e-01)	Loss Pred 4.7267e-01 (5.2130e-01)	Loss TOTAL 1.0015e+00 (9.2626e-01)
Epoch 13 complete. Saving model state...
Epoch: [14][ 10/497]	L_Src_Sup 1.5750e-01 (2.4102e-01)	L_Trg_Inj 4.6567e-01 (3.1345e-01)	Loss Disc 6.9324e-01 (6.9319e-01)	Loss Pred 5.2213e-01 (5.2391e-01)	Loss TOTAL 9.3107e-01 (9.4413e-01)
Epoch: [14][ 20/497]	L_Src_Sup 1.8381e-01 (2.3275e-01)	L_Trg_Inj 2.9439e-01 (3.1121e-01)	Loss Disc 6.9311e-01 (6.9320e-01)	Loss Pred 5.7305e-01 (5.1905e-01)	Loss TOTAL 9.6743e-01 (9.2988e-01)
Epoch: [14][ 30/497]	L_Src_Sup 1.7415e-01 (2.2676e-01)	L_Trg_Inj 2.6300e-01 (3.0589e-01)	Loss Disc 6.9304e-01 (6.9318e-01)	Loss Pred 5.3482e-01 (5.2209e-01)	Loss TOTAL 9.2506e-01 (9.2877e-01)
Epoch: [14][ 40/497]	L_Src_Sup 1.5386e-01 (2.2162e-01)	L_Trg_Inj 5.1008e-01 (3.1128e-01)	Loss Disc 6.9340e-01 (6.9320e-01)	Loss Pred 5.3459e-01 (5.2329e-01)	Loss TOTAL 9.4769e-01 (9.2926e-01)
Epoch: [14][ 50/497]	L_Src_Sup 2.2103e-01 (2.1386e-01)	L_Trg_Inj 2.5968e-01 (3.0350e-01)	Loss Disc 6.9324e-01 (6.9321e-01)	Loss Pred 5.0313e-01 (5.2120e-01)	Loss TOTAL 8.9782e-01 (9.2440e-01)
Epoch: [14][ 60/497]	L_Src_Sup 2.3374e-01 (2.2849e-01)	L_Trg_Inj 3.4371e-01 (3.0523e-01)	Loss Disc 6.9311e-01 (6.9321e-01)	Loss Pred 5.3436e-01 (5.2368e-01)	Loss TOTAL 9.3865e-01 (9.3209e-01)
Epoch: [14][ 70/497]	L_Src_Sup 3.0878e-01 (2.2974e-01)	L_Trg_Inj 1.8543e-01 (3.0555e-01)	Loss Disc 6.9287e-01 (6.9317e-01)	Loss Pred 5.3002e-01 (5.2610e-01)	Loss TOTAL 1.0492e+00 (9.3521e-01)
Epoch: [14][ 80/497]	L_Src_Sup 2.5377e-01 (2.2963e-01)	L_Trg_Inj 3.3120e-01 (3.0115e-01)	Loss Disc 6.9280e-01 (6.9315e-01)	Loss Pred 4.9281e-01 (5.2488e-01)	Loss TOTAL 8.9771e-01 (9.3652e-01)
Epoch: [14][ 90/497]	L_Src_Sup 1.0895e-01 (2.2562e-01)	L_Trg_Inj 2.9901e-01 (2.9706e-01)	Loss Disc 6.9184e-01 (6.9307e-01)	Loss Pred 5.6673e-01 (5.2430e-01)	Loss TOTAL 9.5345e-01 (9.3464e-01)
Epoch: [14][100/497]	L_Src_Sup 2.0726e-01 (2.2352e-01)	L_Trg_Inj 2.2341e-01 (2.9387e-01)	Loss Disc 6.9225e-01 (6.9299e-01)	Loss Pred 5.3478e-01 (5.2568e-01)	Loss TOTAL 9.2397e-01 (9.3507e-01)
Epoch: [14][110/497]	L_Src_Sup 2.1163e-01 (2.2288e-01)	L_Trg_Inj 3.0631e-01 (2.9203e-01)	Loss Disc 6.9159e-01 (6.9293e-01)	Loss Pred 5.3475e-01 (5.2585e-01)	Loss TOTAL 9.3234e-01 (9.3570e-01)
Epoch: [14][120/497]	L_Src_Sup 2.1028e-01 (2.2273e-01)	L_Trg_Inj 3.1292e-01 (2.9315e-01)	Loss Disc 6.9114e-01 (6.9285e-01)	Loss Pred 4.7245e-01 (5.2470e-01)	Loss TOTAL 8.7034e-01 (9.3414e-01)
Epoch: [14][130/497]	L_Src_Sup 2.6266e-01 (2.2338e-01)	L_Trg_Inj 3.2643e-01 (2.9348e-01)	Loss Disc 6.9334e-01 (6.9289e-01)	Loss Pred 4.7239e-01 (5.2472e-01)	Loss TOTAL 8.7797e-01 (9.3455e-01)
Epoch: [14][140/497]	L_Src_Sup 1.3864e-01 (2.2115e-01)	L_Trg_Inj 4.0090e-01 (2.9423e-01)	Loss Disc 6.9327e-01 (6.9292e-01)	Loss Pred 5.5374e-01 (5.2504e-01)	Loss TOTAL 9.5434e-01 (9.3490e-01)
Epoch: [14][150/497]	L_Src_Sup 1.1321e-01 (2.1939e-01)	L_Trg_Inj 2.9637e-01 (2.9799e-01)	Loss Disc 6.9326e-01 (6.9294e-01)	Loss Pred 5.2206e-01 (5.2490e-01)	Loss TOTAL 9.0965e-01 (9.3452e-01)
Epoch: [14][160/497]	L_Src_Sup 1.5385e-01 (2.1788e-01)	L_Trg_Inj 2.1311e-01 (3.0004e-01)	Loss Disc 6.9327e-01 (6.9296e-01)	Loss Pred 5.3465e-01 (5.2551e-01)	Loss TOTAL 9.1798e-01 (9.3448e-01)
Epoch: [14][170/497]	L_Src_Sup 3.2878e-01 (2.1896e-01)	L_Trg_Inj 4.4962e-01 (3.0321e-01)	Loss Disc 6.9322e-01 (6.9298e-01)	Loss Pred 5.6007e-01 (5.2498e-01)	Loss TOTAL 9.8452e-01 (9.3395e-01)
Epoch: [14][180/497]	L_Src_Sup 1.9427e-01 (2.1879e-01)	L_Trg_Inj 2.8074e-01 (3.0415e-01)	Loss Disc 6.9325e-01 (6.9299e-01)	Loss Pred 5.4102e-01 (5.2487e-01)	Loss TOTAL 9.3514e-01 (9.3360e-01)
Epoch: [14][190/497]	L_Src_Sup 1.8693e-01 (2.1875e-01)	L_Trg_Inj 2.5500e-01 (3.0563e-01)	Loss Disc 6.9323e-01 (6.9300e-01)	Loss Pred 5.1566e-01 (5.2404e-01)	Loss TOTAL 9.0647e-01 (9.3242e-01)
Epoch: [14][200/497]	L_Src_Sup 1.6671e-01 (2.1726e-01)	L_Trg_Inj 2.7898e-01 (3.0409e-01)	Loss Disc 6.9321e-01 (6.9302e-01)	Loss Pred 5.0943e-01 (5.2432e-01)	Loss TOTAL 9.0061e-01 (9.3194e-01)
Epoch: [14][210/497]	L_Src_Sup 1.8097e-01 (2.1792e-01)	L_Trg_Inj 2.9581e-01 (3.0297e-01)	Loss Disc 6.9323e-01 (6.9303e-01)	Loss Pred 5.0320e-01 (5.2423e-01)	Loss TOTAL 8.9749e-01 (9.3222e-01)
Epoch: [14][220/497]	L_Src_Sup 2.6070e-01 (2.1733e-01)	L_Trg_Inj 3.0099e-01 (3.0316e-01)	Loss Disc 6.9323e-01 (6.9303e-01)	Loss Pred 5.1579e-01 (5.2368e-01)	Loss TOTAL 9.1857e-01 (9.3121e-01)
Epoch: [14][230/497]	L_Src_Sup 2.7724e-01 (2.1841e-01)	L_Trg_Inj 3.7426e-01 (3.0286e-01)	Loss Disc 6.9321e-01 (6.9304e-01)	Loss Pred 5.5370e-01 (5.2400e-01)	Loss TOTAL 9.6545e-01 (9.3147e-01)
Epoch: [14][240/497]	L_Src_Sup 5.7698e-02 (2.1778e-01)	L_Trg_Inj 3.7010e-01 (3.0253e-01)	Loss Disc 6.9320e-01 (6.9305e-01)	Loss Pred 5.3474e-01 (5.2394e-01)	Loss TOTAL 9.2412e-01 (9.3097e-01)
Epoch: [14][250/497]	L_Src_Sup 2.7588e-01 (2.1905e-01)	L_Trg_Inj 3.4001e-01 (3.0322e-01)	Loss Disc 6.9319e-01 (6.9306e-01)	Loss Pred 4.5906e-01 (5.2356e-01)	Loss TOTAL 8.6724e-01 (9.3120e-01)
Epoch: [14][260/497]	L_Src_Sup 1.7833e-01 (2.1801e-01)	L_Trg_Inj 3.6986e-01 (3.0539e-01)	Loss Disc 6.9318e-01 (6.9306e-01)	Loss Pred 4.8425e-01 (5.2321e-01)	Loss TOTAL 8.8566e-01 (9.3063e-01)
Epoch: [14][270/497]	L_Src_Sup 2.4343e-01 (2.1724e-01)	L_Trg_Inj 3.6815e-01 (3.0458e-01)	Loss Disc 6.9325e-01 (6.9307e-01)	Loss Pred 4.9055e-01 (5.2320e-01)	Loss TOTAL 8.9833e-01 (9.3029e-01)
Epoch: [14][280/497]	L_Src_Sup 1.3335e-01 (2.1597e-01)	L_Trg_Inj 2.3363e-01 (3.0517e-01)	Loss Disc 6.9322e-01 (6.9307e-01)	Loss Pred 5.2861e-01 (5.2278e-01)	Loss TOTAL 9.1191e-01 (9.2972e-01)
Epoch: [14][290/497]	L_Src_Sup 2.6264e-01 (2.1604e-01)	L_Trg_Inj 2.3280e-01 (3.0438e-01)	Loss Disc 6.9322e-01 (6.9308e-01)	Loss Pred 5.6628e-01 (5.2282e-01)	Loss TOTAL 9.9228e-01 (9.2967e-01)
Epoch: [14][300/497]	L_Src_Sup 1.9600e-01 (2.1490e-01)	L_Trg_Inj 2.5469e-01 (3.0433e-01)	Loss Disc 6.9318e-01 (6.9308e-01)	Loss Pred 5.4723e-01 (5.2277e-01)	Loss TOTAL 9.3889e-01 (9.2933e-01)
Epoch: [14][310/497]	L_Src_Sup 1.8351e-01 (2.1479e-01)	L_Trg_Inj 2.6475e-01 (3.0417e-01)	Loss Disc 6.9318e-01 (6.9308e-01)	Loss Pred 5.0298e-01 (5.2249e-01)	Loss TOTAL 8.9440e-01 (9.2907e-01)
Epoch: [14][320/497]	L_Src_Sup 2.4743e-01 (2.1472e-01)	L_Trg_Inj 4.7367e-01 (3.0599e-01)	Loss Disc 6.9311e-01 (6.9309e-01)	Loss Pred 5.7906e-01 (5.2286e-01)	Loss TOTAL 9.9773e-01 (9.2939e-01)
Epoch: [14][330/497]	L_Src_Sup 3.3109e-01 (2.1563e-01)	L_Trg_Inj 4.2037e-01 (3.0633e-01)	Loss Disc 6.9321e-01 (6.9309e-01)	Loss Pred 4.9045e-01 (5.2263e-01)	Loss TOTAL 9.1220e-01 (9.2905e-01)
Epoch: [14][340/497]	L_Src_Sup 1.3466e-01 (2.1542e-01)	L_Trg_Inj 3.9451e-01 (3.0806e-01)	Loss Disc 6.9314e-01 (6.9309e-01)	Loss Pred 5.5052e-01 (5.2232e-01)	Loss TOTAL 9.5001e-01 (9.2867e-01)
Epoch: [14][350/497]	L_Src_Sup 1.9048e-01 (2.1551e-01)	L_Trg_Inj 2.9703e-01 (3.0823e-01)	Loss Disc 6.9317e-01 (6.9309e-01)	Loss Pred 5.2888e-01 (5.2163e-01)	Loss TOTAL 9.2422e-01 (9.2813e-01)
Epoch: [14][360/497]	L_Src_Sup 1.5698e-01 (2.1497e-01)	L_Trg_Inj 3.1765e-01 (3.0848e-01)	Loss Disc 6.9313e-01 (6.9309e-01)	Loss Pred 5.5355e-01 (5.2178e-01)	Loss TOTAL 9.4758e-01 (9.2804e-01)
Epoch: [14][370/497]	L_Src_Sup 1.6724e-01 (2.1493e-01)	L_Trg_Inj 3.6477e-01 (3.0795e-01)	Loss Disc 6.9314e-01 (6.9310e-01)	Loss Pred 5.4106e-01 (5.2194e-01)	Loss TOTAL 9.4083e-01 (9.2811e-01)
Epoch: [14][380/497]	L_Src_Sup 2.5636e-01 (2.1486e-01)	L_Trg_Inj 2.3174e-01 (3.0769e-01)	Loss Disc 6.9308e-01 (6.9310e-01)	Loss Pred 5.4091e-01 (5.2205e-01)	Loss TOTAL 9.6088e-01 (9.2806e-01)
Epoch: [14][390/497]	L_Src_Sup 2.4302e-01 (2.1469e-01)	L_Trg_Inj 2.6165e-01 (3.0707e-01)	Loss Disc 6.9319e-01 (6.9310e-01)	Loss Pred 5.1615e-01 (5.2188e-01)	Loss TOTAL 9.1322e-01 (9.2777e-01)
Epoch: [14][400/497]	L_Src_Sup 1.8299e-01 (2.1457e-01)	L_Trg_Inj 4.0246e-01 (3.0694e-01)	Loss Disc 6.9330e-01 (6.9310e-01)	Loss Pred 5.0332e-01 (5.2197e-01)	Loss TOTAL 9.0852e-01 (9.2800e-01)
Epoch: [14][410/497]	L_Src_Sup 2.4764e-01 (2.1444e-01)	L_Trg_Inj 3.2561e-01 (3.0637e-01)	Loss Disc 6.9323e-01 (6.9311e-01)	Loss Pred 5.2858e-01 (5.2184e-01)	Loss TOTAL 9.3252e-01 (9.2807e-01)
Epoch: [14][420/497]	L_Src_Sup 2.5715e-01 (2.1467e-01)	L_Trg_Inj 3.1052e-01 (3.0574e-01)	Loss Disc 6.9324e-01 (6.9311e-01)	Loss Pred 5.0342e-01 (5.2161e-01)	Loss TOTAL 9.0681e-01 (9.2766e-01)
Epoch: [14][430/497]	L_Src_Sup 2.0596e-01 (2.1451e-01)	L_Trg_Inj 3.3240e-01 (3.0587e-01)	Loss Disc 6.9315e-01 (6.9311e-01)	Loss Pred 5.1595e-01 (5.2144e-01)	Loss TOTAL 9.1636e-01 (9.2735e-01)
Epoch: [14][440/497]	L_Src_Sup 2.6895e-01 (2.1520e-01)	L_Trg_Inj 3.3940e-01 (3.0658e-01)	Loss Disc 6.9329e-01 (6.9311e-01)	Loss Pred 5.3464e-01 (5.2147e-01)	Loss TOTAL 9.4212e-01 (9.2757e-01)
Epoch: [14][450/497]	L_Src_Sup 1.7672e-01 (2.1415e-01)	L_Trg_Inj 3.4319e-01 (3.0707e-01)	Loss Disc 6.9319e-01 (6.9311e-01)	Loss Pred 5.2195e-01 (5.2163e-01)	Loss TOTAL 9.2053e-01 (9.2751e-01)
Epoch: [14][460/497]	L_Src_Sup 1.6824e-01 (2.1394e-01)	L_Trg_Inj 3.3963e-01 (3.0725e-01)	Loss Disc 6.9322e-01 (6.9312e-01)	Loss Pred 5.1566e-01 (5.2171e-01)	Loss TOTAL 9.1306e-01 (9.2750e-01)
Epoch: [14][470/497]	L_Src_Sup 2.7446e-01 (2.1383e-01)	L_Trg_Inj 2.8047e-01 (3.0701e-01)	Loss Disc 6.9314e-01 (6.9312e-01)	Loss Pred 5.6636e-01 (5.2173e-01)	Loss TOTAL 9.6842e-01 (9.2749e-01)
Epoch: [14][480/497]	L_Src_Sup 2.3076e-01 (2.1419e-01)	L_Trg_Inj 2.6348e-01 (3.0641e-01)	Loss Disc 6.9318e-01 (6.9312e-01)	Loss Pred 4.9714e-01 (5.2153e-01)	Loss TOTAL 8.9316e-01 (9.2747e-01)
Epoch: [14][490/497]	L_Src_Sup 1.2890e-01 (2.1394e-01)	L_Trg_Inj 4.5769e-01 (3.0624e-01)	Loss Disc 6.9303e-01 (6.9312e-01)	Loss Pred 5.0820e-01 (5.2148e-01)	Loss TOTAL 9.1338e-01 (9.2742e-01)
Epoch: [14][497/497]	L_Src_Sup 2.1628e-01 (2.1426e-01)	L_Trg_Inj 2.7240e-01 (3.0629e-01)	Loss Disc 6.9318e-01 (6.9312e-01)	Loss Pred 5.1668e-01 (5.2150e-01)	Loss TOTAL 9.1214e-01 (9.2751e-01)
Epoch 14 complete. Saving model state...
Epoch: [15][ 10/497]	L_Src_Sup 2.2663e-01 (2.3093e-01)	L_Trg_Inj 3.1035e-01 (2.9544e-01)	Loss Disc 6.9315e-01 (6.9320e-01)	Loss Pred 5.2196e-01 (5.1716e-01)	Loss TOTAL 9.2223e-01 (9.2560e-01)
Epoch: [15][ 20/497]	L_Src_Sup 1.7141e-01 (2.1696e-01)	L_Trg_Inj 2.4900e-01 (2.9273e-01)	Loss Disc 6.9327e-01 (6.9320e-01)	Loss Pred 5.2918e-01 (5.1356e-01)	Loss TOTAL 9.1786e-01 (9.1674e-01)
Epoch: [15][ 30/497]	L_Src_Sup 2.2393e-01 (2.2073e-01)	L_Trg_Inj 3.1583e-01 (3.0215e-01)	Loss Disc 6.9318e-01 (6.9320e-01)	Loss Pred 4.9717e-01 (5.2059e-01)	Loss TOTAL 8.9774e-01 (9.2530e-01)
Epoch: [15][ 40/497]	L_Src_Sup 1.9172e-01 (2.1849e-01)	L_Trg_Inj 3.3112e-01 (3.0567e-01)	Loss Disc 6.9322e-01 (6.9320e-01)	Loss Pred 5.0343e-01 (5.1945e-01)	Loss TOTAL 9.0232e-01 (9.2452e-01)
Epoch: [15][ 50/497]	L_Src_Sup 1.8004e-01 (2.2033e-01)	L_Trg_Inj 3.0945e-01 (2.9620e-01)	Loss Disc 6.9311e-01 (6.9319e-01)	Loss Pred 5.6944e-01 (5.2225e-01)	Loss TOTAL 9.6495e-01 (9.3018e-01)
Epoch: [15][ 60/497]	L_Src_Sup 1.3485e-01 (2.1660e-01)	L_Trg_Inj 3.0321e-01 (3.0227e-01)	Loss Disc 6.9322e-01 (6.9320e-01)	Loss Pred 5.4968e-01 (5.2275e-01)	Loss TOTAL 9.4010e-01 (9.2966e-01)
Epoch: [15][ 70/497]	L_Src_Sup 1.8378e-01 (2.1508e-01)	L_Trg_Inj 3.2552e-01 (3.0032e-01)	Loss Disc 6.9325e-01 (6.9320e-01)	Loss Pred 5.7270e-01 (5.2146e-01)	Loss TOTAL 9.7025e-01 (9.2701e-01)
Epoch: [15][ 80/497]	L_Src_Sup 1.1741e-01 (2.1618e-01)	L_Trg_Inj 2.7446e-01 (3.0364e-01)	Loss Disc 6.9323e-01 (6.9320e-01)	Loss Pred 5.3501e-01 (5.2087e-01)	Loss TOTAL 9.2082e-01 (9.2633e-01)
Epoch: [15][ 90/497]	L_Src_Sup 1.3118e-01 (2.1374e-01)	L_Trg_Inj 2.9224e-01 (3.0075e-01)	Loss Disc 6.9317e-01 (6.9320e-01)	Loss Pred 5.1596e-01 (5.2132e-01)	Loss TOTAL 9.0488e-01 (9.2636e-01)
Epoch: [15][100/497]	L_Src_Sup 2.4272e-01 (2.1603e-01)	L_Trg_Inj 3.0020e-01 (3.0154e-01)	Loss Disc 6.9317e-01 (6.9320e-01)	Loss Pred 4.7794e-01 (5.2093e-01)	Loss TOTAL 8.7882e-01 (9.2719e-01)
Epoch: [15][110/497]	L_Src_Sup 1.8212e-01 (2.1340e-01)	L_Trg_Inj 2.1104e-01 (3.0088e-01)	Loss Disc 6.9326e-01 (6.9320e-01)	Loss Pred 5.4718e-01 (5.2057e-01)	Loss TOTAL 9.3312e-01 (9.2620e-01)
Epoch: [15][120/497]	L_Src_Sup 1.6456e-01 (2.1298e-01)	L_Trg_Inj 2.4324e-01 (3.0406e-01)	Loss Disc 6.9321e-01 (6.9320e-01)	Loss Pred 4.9802e-01 (5.1999e-01)	Loss TOTAL 8.8541e-01 (9.2535e-01)
Epoch: [15][130/497]	L_Src_Sup 1.4681e-01 (2.1138e-01)	L_Trg_Inj 3.1157e-01 (3.0261e-01)	Loss Disc 6.9312e-01 (6.9320e-01)	Loss Pred 5.0346e-01 (5.1966e-01)	Loss TOTAL 8.9586e-01 (9.2459e-01)
Epoch: [15][140/497]	L_Src_Sup 2.2860e-01 (2.1044e-01)	L_Trg_Inj 2.8649e-01 (3.0175e-01)	Loss Disc 6.9323e-01 (6.9320e-01)	Loss Pred 5.2876e-01 (5.1973e-01)	Loss TOTAL 9.2689e-01 (9.2464e-01)
Epoch: [15][150/497]	L_Src_Sup 2.1015e-01 (2.1152e-01)	L_Trg_Inj 2.6449e-01 (3.0229e-01)	Loss Disc 6.9324e-01 (6.9320e-01)	Loss Pred 5.4082e-01 (5.2056e-01)	Loss TOTAL 9.3490e-01 (9.2529e-01)
Epoch: [15][160/497]	L_Src_Sup 1.5844e-01 (2.1176e-01)	L_Trg_Inj 3.2131e-01 (3.0057e-01)	Loss Disc 6.9324e-01 (6.9320e-01)	Loss Pred 5.5364e-01 (5.2095e-01)	Loss TOTAL 9.4824e-01 (9.2571e-01)
Epoch: [15][170/497]	L_Src_Sup 1.3210e-01 (2.1283e-01)	L_Trg_Inj 3.2702e-01 (3.0200e-01)	Loss Disc 6.9319e-01 (6.9320e-01)	Loss Pred 5.2199e-01 (5.2067e-01)	Loss TOTAL 9.1449e-01 (9.2559e-01)
Epoch: [15][180/497]	L_Src_Sup 5.9090e-02 (2.1161e-01)	L_Trg_Inj 2.4413e-01 (3.0095e-01)	Loss Disc 6.9311e-01 (6.9320e-01)	Loss Pred 5.0365e-01 (5.2066e-01)	Loss TOTAL 8.8053e-01 (9.2581e-01)
Epoch: [15][190/497]	L_Src_Sup 2.3219e-01 (2.1228e-01)	L_Trg_Inj 3.1127e-01 (3.0096e-01)	Loss Disc 6.9311e-01 (6.9320e-01)	Loss Pred 4.8468e-01 (5.2036e-01)	Loss TOTAL 8.8558e-01 (9.2538e-01)
Epoch: [15][200/497]	L_Src_Sup 3.4868e-01 (2.1348e-01)	L_Trg_Inj 2.3845e-01 (3.0003e-01)	Loss Disc 6.9318e-01 (6.9320e-01)	Loss Pred 5.0307e-01 (5.2027e-01)	Loss TOTAL 1.0186e+00 (9.2591e-01)
Epoch: [15][210/497]	L_Src_Sup 2.3065e-01 (2.1259e-01)	L_Trg_Inj 2.2421e-01 (2.9954e-01)	Loss Disc 6.9320e-01 (6.9320e-01)	Loss Pred 4.7825e-01 (5.1967e-01)	Loss TOTAL 8.7678e-01 (9.2510e-01)
Epoch: [15][220/497]	L_Src_Sup 2.0064e-01 (2.1206e-01)	L_Trg_Inj 3.5737e-01 (2.9993e-01)	Loss Disc 6.9312e-01 (6.9320e-01)	Loss Pred 4.9718e-01 (5.1999e-01)	Loss TOTAL 8.9954e-01 (9.2506e-01)
Epoch: [15][230/497]	L_Src_Sup 1.7480e-01 (2.1290e-01)	L_Trg_Inj 2.6615e-01 (2.9993e-01)	Loss Disc 6.9324e-01 (6.9320e-01)	Loss Pred 5.4088e-01 (5.1979e-01)	Loss TOTAL 9.3160e-01 (9.2510e-01)
Epoch: [15][240/497]	L_Src_Sup 2.0474e-01 (2.1383e-01)	L_Trg_Inj 2.6464e-01 (3.0053e-01)	Loss Disc 6.9335e-01 (6.9320e-01)	Loss Pred 5.5604e-01 (5.2026e-01)	Loss TOTAL 9.4965e-01 (9.2581e-01)
Epoch: [15][250/497]	L_Src_Sup 2.4953e-01 (2.1470e-01)	L_Trg_Inj 2.3070e-01 (3.0123e-01)	Loss Disc 6.9313e-01 (6.9320e-01)	Loss Pred 5.1645e-01 (5.2043e-01)	Loss TOTAL 9.2986e-01 (9.2637e-01)
Epoch: [15][260/497]	L_Src_Sup 2.2172e-01 (2.1677e-01)	L_Trg_Inj 3.0938e-01 (3.0158e-01)	Loss Disc 6.9310e-01 (6.9320e-01)	Loss Pred 4.9104e-01 (5.2064e-01)	Loss TOTAL 8.9070e-01 (9.2784e-01)
Epoch: [15][270/497]	L_Src_Sup 2.7375e-01 (2.1651e-01)	L_Trg_Inj 4.1950e-01 (3.0367e-01)	Loss Disc 6.9340e-01 (6.9320e-01)	Loss Pred 5.9156e-01 (5.2055e-01)	Loss TOTAL 1.0076e+00 (9.2761e-01)
Epoch: [15][280/497]	L_Src_Sup 1.6469e-01 (2.1588e-01)	L_Trg_Inj 3.0949e-01 (3.0320e-01)	Loss Disc 6.9274e-01 (6.9319e-01)	Loss Pred 5.0435e-01 (5.2010e-01)	Loss TOTAL 8.9814e-01 (9.2695e-01)
Epoch: [15][290/497]	L_Src_Sup 3.0619e-01 (2.1531e-01)	L_Trg_Inj 2.8358e-01 (3.0204e-01)	Loss Disc 6.9305e-01 (6.9319e-01)	Loss Pred 5.1586e-01 (5.2007e-01)	Loss TOTAL 9.4397e-01 (9.2660e-01)
Epoch: [15][300/497]	L_Src_Sup 2.6899e-01 (2.1547e-01)	L_Trg_Inj 3.7273e-01 (3.0152e-01)	Loss Disc 6.9319e-01 (6.9319e-01)	Loss Pred 5.2849e-01 (5.2018e-01)	Loss TOTAL 9.3926e-01 (9.2689e-01)
Epoch: [15][310/497]	L_Src_Sup 1.9374e-01 (2.1551e-01)	L_Trg_Inj 3.8880e-01 (3.0395e-01)	Loss Disc 6.9298e-01 (6.9319e-01)	Loss Pred 4.9107e-01 (5.1988e-01)	Loss TOTAL 8.9581e-01 (9.2677e-01)
Epoch: [15][320/497]	L_Src_Sup 1.8786e-01 (2.1526e-01)	L_Trg_Inj 2.0712e-01 (3.0451e-01)	Loss Disc 6.9365e-01 (6.9319e-01)	Loss Pred 5.8557e-01 (5.2015e-01)	Loss TOTAL 9.7189e-01 (9.2681e-01)
Epoch: [15][330/497]	L_Src_Sup 1.4271e-01 (2.1476e-01)	L_Trg_Inj 4.0970e-01 (3.0473e-01)	Loss Disc 6.9281e-01 (6.9319e-01)	Loss Pred 4.8448e-01 (5.1955e-01)	Loss TOTAL 8.8613e-01 (9.2593e-01)
Epoch: [15][340/497]	L_Src_Sup 1.0887e-01 (2.1358e-01)	L_Trg_Inj 2.8341e-01 (3.0454e-01)	Loss Disc 6.9288e-01 (6.9319e-01)	Loss Pred 4.9075e-01 (5.1982e-01)	Loss TOTAL 8.7642e-01 (9.2584e-01)
Epoch: [15][350/497]	L_Src_Sup 2.7290e-01 (2.1419e-01)	L_Trg_Inj 2.6808e-01 (3.0363e-01)	Loss Disc 6.9325e-01 (6.9319e-01)	Loss Pred 4.9761e-01 (5.1994e-01)	Loss TOTAL 9.0315e-01 (9.2590e-01)
Epoch: [15][360/497]	L_Src_Sup 1.0105e-01 (2.1471e-01)	L_Trg_Inj 2.4859e-01 (3.0516e-01)	Loss Disc 6.9366e-01 (6.9319e-01)	Loss Pred 5.6596e-01 (5.1988e-01)	Loss TOTAL 9.4775e-01 (9.2584e-01)
Epoch: [15][370/497]	L_Src_Sup 2.5513e-01 (2.1498e-01)	L_Trg_Inj 2.8521e-01 (3.0590e-01)	Loss Disc 6.9334e-01 (6.9319e-01)	Loss Pred 5.4726e-01 (5.1993e-01)	Loss TOTAL 9.4796e-01 (9.2597e-01)
Epoch: [15][380/497]	L_Src_Sup 2.5743e-01 (2.1554e-01)	L_Trg_Inj 2.8033e-01 (3.0524e-01)	Loss Disc 6.9331e-01 (6.9319e-01)	Loss Pred 5.5352e-01 (5.2022e-01)	Loss TOTAL 9.5395e-01 (9.2639e-01)
Epoch: [15][390/497]	L_Src_Sup 2.6444e-01 (2.1571e-01)	L_Trg_Inj 3.0883e-01 (3.0493e-01)	Loss Disc 6.9319e-01 (6.9319e-01)	Loss Pred 5.2965e-01 (5.2037e-01)	Loss TOTAL 9.3357e-01 (9.2663e-01)
Epoch: [15][400/497]	L_Src_Sup 2.9643e-01 (2.1598e-01)	L_Trg_Inj 2.9429e-01 (3.0531e-01)	Loss Disc 6.9319e-01 (6.9319e-01)	Loss Pred 5.1133e-01 (5.2064e-01)	Loss TOTAL 9.1914e-01 (9.2713e-01)
Epoch: [15][410/497]	L_Src_Sup 1.8870e-01 (2.1584e-01)	L_Trg_Inj 3.4157e-01 (3.0643e-01)	Loss Disc 6.9317e-01 (6.9319e-01)	Loss Pred 5.2225e-01 (5.2067e-01)	Loss TOTAL 9.2186e-01 (9.2708e-01)
Epoch: [15][420/497]	L_Src_Sup 2.6928e-01 (2.1592e-01)	L_Trg_Inj 2.8290e-01 (3.0582e-01)	Loss Disc 6.9319e-01 (6.9319e-01)	Loss Pred 4.8434e-01 (5.2065e-01)	Loss TOTAL 8.8615e-01 (9.2691e-01)
Epoch: [15][430/497]	L_Src_Sup 1.5095e-01 (2.1578e-01)	L_Trg_Inj 2.4949e-01 (3.0595e-01)	Loss Disc 6.9320e-01 (6.9319e-01)	Loss Pred 5.2207e-01 (5.2082e-01)	Loss TOTAL 9.0871e-01 (9.2724e-01)
Epoch: [15][440/497]	L_Src_Sup 1.2770e-01 (2.1551e-01)	L_Trg_Inj 3.7826e-01 (3.0590e-01)	Loss Disc 6.9327e-01 (6.9319e-01)	Loss Pred 4.9710e-01 (5.2099e-01)	Loss TOTAL 8.9433e-01 (9.2750e-01)
Epoch: [15][450/497]	L_Src_Sup 1.6316e-01 (2.1649e-01)	L_Trg_Inj 3.4872e-01 (3.0596e-01)	Loss Disc 6.9319e-01 (6.9319e-01)	Loss Pred 5.5742e-01 (5.2117e-01)	Loss TOTAL 9.5520e-01 (9.2843e-01)
Epoch: [15][460/497]	L_Src_Sup 1.7248e-01 (2.1693e-01)	L_Trg_Inj 3.9006e-01 (3.0692e-01)	Loss Disc 6.9320e-01 (6.9319e-01)	Loss Pred 5.2865e-01 (5.2105e-01)	Loss TOTAL 9.3150e-01 (9.2848e-01)
Epoch: [15][470/497]	L_Src_Sup 1.5105e-01 (2.1678e-01)	L_Trg_Inj 3.8997e-01 (3.0728e-01)	Loss Disc 6.9315e-01 (6.9319e-01)	Loss Pred 5.2229e-01 (5.2107e-01)	Loss TOTAL 9.2297e-01 (9.2857e-01)
Epoch: [15][480/497]	L_Src_Sup 1.8954e-01 (2.1656e-01)	L_Trg_Inj 3.8546e-01 (3.0723e-01)	Loss Disc 6.9322e-01 (6.9319e-01)	Loss Pred 5.9123e-01 (5.2116e-01)	Loss TOTAL 9.9534e-01 (9.2851e-01)
Epoch: [15][490/497]	L_Src_Sup 1.5918e-01 (2.1616e-01)	L_Trg_Inj 3.7007e-01 (3.0823e-01)	Loss Disc 6.9315e-01 (6.9319e-01)	Loss Pred 5.0938e-01 (5.2115e-01)	Loss TOTAL 9.0888e-01 (9.2840e-01)
Epoch: [15][497/497]	L_Src_Sup 1.7100e-01 (2.1613e-01)	L_Trg_Inj 3.1169e-01 (3.0830e-01)	Loss Disc 6.9313e-01 (6.9319e-01)	Loss Pred 4.7158e-01 (5.2116e-01)	Loss TOTAL 8.6642e-01 (9.2829e-01)
Epoch 15 complete. Saving model state...
Epoch: [16][ 10/497]	L_Src_Sup 2.3821e-01 (2.0442e-01)	L_Trg_Inj 2.8121e-01 (3.1077e-01)	Loss Disc 6.9319e-01 (6.9321e-01)	Loss Pred 5.2219e-01 (5.3356e-01)	Loss TOTAL 9.2073e-01 (9.3168e-01)
Epoch: [16][ 20/497]	L_Src_Sup 1.6674e-01 (1.9116e-01)	L_Trg_Inj 2.1475e-01 (3.0396e-01)	Loss Disc 6.9322e-01 (6.9320e-01)	Loss Pred 5.0951e-01 (5.2693e-01)	Loss TOTAL 8.9427e-01 (9.2304e-01)
Epoch: [16][ 30/497]	L_Src_Sup 2.4033e-01 (2.0322e-01)	L_Trg_Inj 2.6114e-01 (2.9833e-01)	Loss Disc 6.9314e-01 (6.9320e-01)	Loss Pred 4.8597e-01 (5.2590e-01)	Loss TOTAL 8.8269e-01 (9.2505e-01)
Epoch: [16][ 40/497]	L_Src_Sup 2.2020e-01 (1.9462e-01)	L_Trg_Inj 3.5720e-01 (2.9368e-01)	Loss Disc 6.9294e-01 (6.9318e-01)	Loss Pred 5.0549e-01 (5.2022e-01)	Loss TOTAL 9.0970e-01 (9.1744e-01)
Epoch: [16][ 50/497]	L_Src_Sup 2.4765e-01 (1.9873e-01)	L_Trg_Inj 2.8317e-01 (2.8527e-01)	Loss Disc 6.9323e-01 (6.9319e-01)	Loss Pred 5.2836e-01 (5.2075e-01)	Loss TOTAL 9.2805e-01 (9.1948e-01)
Epoch: [16][ 60/497]	L_Src_Sup 2.6694e-01 (1.9809e-01)	L_Trg_Inj 2.0170e-01 (2.8154e-01)	Loss Disc 6.9326e-01 (6.9319e-01)	Loss Pred 5.4650e-01 (5.2175e-01)	Loss TOTAL 1.0052e+00 (9.2119e-01)
Epoch: [16][ 70/497]	L_Src_Sup 2.0293e-01 (1.9808e-01)	L_Trg_Inj 3.3607e-01 (2.8710e-01)	Loss Disc 6.9307e-01 (6.9319e-01)	Loss Pred 4.7832e-01 (5.2038e-01)	Loss TOTAL 8.7875e-01 (9.1986e-01)
Epoch: [16][ 80/497]	L_Src_Sup 1.8750e-01 (1.9857e-01)	L_Trg_Inj 2.8536e-01 (2.9155e-01)	Loss Disc 6.9315e-01 (6.9318e-01)	Loss Pred 5.1578e-01 (5.1833e-01)	Loss TOTAL 9.0964e-01 (9.1782e-01)
Epoch: [16][ 90/497]	L_Src_Sup 2.3398e-01 (2.0201e-01)	L_Trg_Inj 3.2638e-01 (2.9787e-01)	Loss Disc 6.9302e-01 (6.9318e-01)	Loss Pred 4.9698e-01 (5.1933e-01)	Loss TOTAL 8.9953e-01 (9.1958e-01)
Epoch: [16][100/497]	L_Src_Sup 1.4288e-01 (2.0442e-01)	L_Trg_Inj 4.1326e-01 (3.0120e-01)	Loss Disc 6.9306e-01 (6.9319e-01)	Loss Pred 4.8426e-01 (5.1936e-01)	Loss TOTAL 8.8640e-01 (9.1984e-01)
Epoch: [16][110/497]	L_Src_Sup 3.0209e-01 (2.0414e-01)	L_Trg_Inj 3.7275e-01 (3.0174e-01)	Loss Disc 6.9317e-01 (6.9319e-01)	Loss Pred 5.2214e-01 (5.2015e-01)	Loss TOTAL 9.3621e-01 (9.2069e-01)
Epoch: [16][120/497]	L_Src_Sup 1.7261e-01 (2.0172e-01)	L_Trg_Inj 3.6805e-01 (3.0545e-01)	Loss Disc 6.9329e-01 (6.9319e-01)	Loss Pred 6.1039e-01 (5.2085e-01)	Loss TOTAL 1.0111e+00 (9.2124e-01)
Epoch: [16][130/497]	L_Src_Sup 3.1764e-01 (2.0354e-01)	L_Trg_Inj 3.6020e-01 (3.0574e-01)	Loss Disc 6.9317e-01 (6.9319e-01)	Loss Pred 5.2835e-01 (5.2048e-01)	Loss TOTAL 9.4272e-01 (9.2108e-01)
Epoch: [16][140/497]	L_Src_Sup 1.7700e-01 (2.0267e-01)	L_Trg_Inj 3.1756e-01 (3.0757e-01)	Loss Disc 6.9302e-01 (6.9319e-01)	Loss Pred 4.7792e-01 (5.2019e-01)	Loss TOTAL 8.7389e-01 (9.2072e-01)
Epoch: [16][150/497]	L_Src_Sup 2.9637e-01 (2.0474e-01)	L_Trg_Inj 3.3936e-01 (3.0482e-01)	Loss Disc 6.9312e-01 (6.9319e-01)	Loss Pred 5.0945e-01 (5.2017e-01)	Loss TOTAL 9.1958e-01 (9.2085e-01)
Epoch: [16][160/497]	L_Src_Sup 2.2867e-01 (2.0573e-01)	L_Trg_Inj 3.7150e-01 (3.0453e-01)	Loss Disc 6.9301e-01 (6.9319e-01)	Loss Pred 4.7194e-01 (5.1997e-01)	Loss TOTAL 8.7846e-01 (9.2117e-01)
Epoch: [16][170/497]	L_Src_Sup 2.5088e-01 (2.0481e-01)	L_Trg_Inj 2.9433e-01 (3.0249e-01)	Loss Disc 6.9314e-01 (6.9319e-01)	Loss Pred 5.3477e-01 (5.1989e-01)	Loss TOTAL 9.3586e-01 (9.2058e-01)
Epoch: [16][180/497]	L_Src_Sup 2.7053e-01 (2.0539e-01)	L_Trg_Inj 3.2537e-01 (3.0133e-01)	Loss Disc 6.9322e-01 (6.9319e-01)	Loss Pred 5.5448e-01 (5.2017e-01)	Loss TOTAL 9.6068e-01 (9.2092e-01)
Epoch: [16][190/497]	L_Src_Sup 2.6930e-01 (2.0697e-01)	L_Trg_Inj 3.8582e-01 (3.0392e-01)	Loss Disc 6.9309e-01 (6.9319e-01)	Loss Pred 5.0310e-01 (5.1980e-01)	Loss TOTAL 9.1516e-01 (9.2079e-01)
Epoch: [16][200/497]	L_Src_Sup 2.9641e-01 (2.0752e-01)	L_Trg_Inj 2.7823e-01 (3.0394e-01)	Loss Disc 6.9315e-01 (6.9319e-01)	Loss Pred 5.0937e-01 (5.1993e-01)	Loss TOTAL 9.3160e-01 (9.2108e-01)
Epoch: [16][210/497]	L_Src_Sup 2.0213e-01 (2.0762e-01)	L_Trg_Inj 3.6896e-01 (3.0751e-01)	Loss Disc 6.9316e-01 (6.9319e-01)	Loss Pred 5.0316e-01 (5.2039e-01)	Loss TOTAL 9.0685e-01 (9.2190e-01)
Epoch: [16][220/497]	L_Src_Sup 2.4104e-01 (2.0823e-01)	L_Trg_Inj 3.5831e-01 (3.0957e-01)	Loss Disc 6.9314e-01 (6.9319e-01)	Loss Pred 5.2923e-01 (5.2031e-01)	Loss TOTAL 9.3573e-01 (9.2240e-01)
Epoch: [16][230/497]	L_Src_Sup 2.5699e-01 (2.0868e-01)	L_Trg_Inj 3.4502e-01 (3.1061e-01)	Loss Disc 6.9256e-01 (6.9318e-01)	Loss Pred 5.0335e-01 (5.1961e-01)	Loss TOTAL 9.0983e-01 (9.2175e-01)
Epoch: [16][240/497]	L_Src_Sup 1.5415e-01 (2.0884e-01)	L_Trg_Inj 3.3965e-01 (3.1009e-01)	Loss Disc 6.9286e-01 (6.9317e-01)	Loss Pred 5.3500e-01 (5.1983e-01)	Loss TOTAL 9.3081e-01 (9.2216e-01)
Epoch: [16][250/497]	L_Src_Sup 1.4789e-01 (2.0981e-01)	L_Trg_Inj 1.8100e-01 (3.0942e-01)	Loss Disc 6.9354e-01 (6.9317e-01)	Loss Pred 5.2302e-01 (5.2046e-01)	Loss TOTAL 9.0268e-01 (9.2271e-01)
Epoch: [16][260/497]	L_Src_Sup 2.4895e-01 (2.0888e-01)	L_Trg_Inj 2.6784e-01 (3.0675e-01)	Loss Disc 6.9395e-01 (6.9315e-01)	Loss Pred 5.7881e-01 (5.2061e-01)	Loss TOTAL 9.7747e-01 (9.2296e-01)
Epoch: [16][270/497]	L_Src_Sup 2.2068e-01 (2.0869e-01)	L_Trg_Inj 3.4514e-01 (3.0579e-01)	Loss Disc 6.9241e-01 (6.9314e-01)	Loss Pred 5.2844e-01 (5.2045e-01)	Loss TOTAL 9.3123e-01 (9.2270e-01)
Epoch: [16][280/497]	L_Src_Sup 1.7255e-01 (2.0888e-01)	L_Trg_Inj 3.6725e-01 (3.0591e-01)	Loss Disc 6.9332e-01 (6.9312e-01)	Loss Pred 5.2856e-01 (5.1973e-01)	Loss TOTAL 9.2920e-01 (9.2224e-01)
Epoch: [16][290/497]	L_Src_Sup 1.5549e-01 (2.0861e-01)	L_Trg_Inj 2.4360e-01 (3.0687e-01)	Loss Disc 6.9355e-01 (6.9313e-01)	Loss Pred 5.4107e-01 (5.2021e-01)	Loss TOTAL 9.2775e-01 (9.2264e-01)
Epoch: [16][300/497]	L_Src_Sup 2.3820e-01 (2.0848e-01)	L_Trg_Inj 2.5942e-01 (3.0735e-01)	Loss Disc 6.9351e-01 (6.9313e-01)	Loss Pred 5.5409e-01 (5.2047e-01)	Loss TOTAL 9.5061e-01 (9.2281e-01)
Epoch: [16][310/497]	L_Src_Sup 1.5736e-01 (2.0917e-01)	L_Trg_Inj 3.7272e-01 (3.0806e-01)	Loss Disc 6.9319e-01 (6.9313e-01)	Loss Pred 5.4714e-01 (5.2104e-01)	Loss TOTAL 9.4675e-01 (9.2344e-01)
Epoch: [16][320/497]	L_Src_Sup 2.0091e-01 (2.0876e-01)	L_Trg_Inj 3.1477e-01 (3.0813e-01)	Loss Disc 6.9318e-01 (6.9313e-01)	Loss Pred 5.0951e-01 (5.2142e-01)	Loss TOTAL 9.0766e-01 (9.2372e-01)
Epoch: [16][330/497]	L_Src_Sup 2.2247e-01 (2.0903e-01)	L_Trg_Inj 3.2918e-01 (3.0942e-01)	Loss Disc 6.9308e-01 (6.9313e-01)	Loss Pred 4.8470e-01 (5.2102e-01)	Loss TOTAL 8.8641e-01 (9.2336e-01)
Epoch: [16][340/497]	L_Src_Sup 2.4300e-01 (2.0945e-01)	L_Trg_Inj 3.0098e-01 (3.0919e-01)	Loss Disc 6.9324e-01 (6.9314e-01)	Loss Pred 5.1567e-01 (5.2099e-01)	Loss TOTAL 9.1669e-01 (9.2328e-01)
Epoch: [16][350/497]	L_Src_Sup 2.0184e-01 (2.0936e-01)	L_Trg_Inj 1.5430e-01 (3.0999e-01)	Loss Disc 6.9335e-01 (6.9314e-01)	Loss Pred 5.0306e-01 (5.2120e-01)	Loss TOTAL 9.3289e-01 (9.2377e-01)
Epoch: [16][360/497]	L_Src_Sup 2.7176e-01 (2.1002e-01)	L_Trg_Inj 4.1680e-01 (3.1106e-01)	Loss Disc 6.9306e-01 (6.9314e-01)	Loss Pred 5.0968e-01 (5.2051e-01)	Loss TOTAL 9.2507e-01 (9.2321e-01)
Epoch: [16][370/497]	L_Src_Sup 1.4276e-01 (2.1004e-01)	L_Trg_Inj 5.0770e-01 (3.1197e-01)	Loss Disc 6.9290e-01 (6.9314e-01)	Loss Pred 5.2960e-01 (5.2047e-01)	Loss TOTAL 9.4110e-01 (9.2325e-01)
Epoch: [16][380/497]	L_Src_Sup 1.8058e-01 (2.0984e-01)	L_Trg_Inj 5.4583e-01 (3.1321e-01)	Loss Disc 6.9275e-01 (6.9314e-01)	Loss Pred 4.9063e-01 (5.2046e-01)	Loss TOTAL 9.0964e-01 (9.2335e-01)
Epoch: [16][390/497]	L_Src_Sup 2.1532e-01 (2.1077e-01)	L_Trg_Inj 1.9667e-01 (3.1287e-01)	Loss Disc 6.9325e-01 (6.9314e-01)	Loss Pred 5.1701e-01 (5.2041e-01)	Loss TOTAL 9.2348e-01 (9.2331e-01)
Epoch: [16][400/497]	L_Src_Sup 1.8708e-01 (2.1029e-01)	L_Trg_Inj 4.3101e-01 (3.1359e-01)	Loss Disc 6.9295e-01 (6.9314e-01)	Loss Pred 5.1591e-01 (5.2012e-01)	Loss TOTAL 9.2419e-01 (9.2295e-01)
Epoch: [16][410/497]	L_Src_Sup 1.6509e-01 (2.0995e-01)	L_Trg_Inj 2.2614e-01 (3.1313e-01)	Loss Disc 6.9323e-01 (6.9314e-01)	Loss Pred 5.0520e-01 (5.2018e-01)	Loss TOTAL 8.9093e-01 (9.2291e-01)
Epoch: [16][420/497]	L_Src_Sup 2.2154e-01 (2.1003e-01)	L_Trg_Inj 2.7316e-01 (3.1302e-01)	Loss Disc 6.9335e-01 (6.9314e-01)	Loss Pred 5.6615e-01 (5.2019e-01)	Loss TOTAL 9.6229e-01 (9.2297e-01)
Epoch: [16][430/497]	L_Src_Sup 1.5846e-01 (2.0999e-01)	L_Trg_Inj 3.1739e-01 (3.1330e-01)	Loss Disc 6.9315e-01 (6.9315e-01)	Loss Pred 4.8432e-01 (5.2029e-01)	Loss TOTAL 8.7847e-01 (9.2300e-01)
Epoch: [16][440/497]	L_Src_Sup 1.9443e-01 (2.0932e-01)	L_Trg_Inj 3.2982e-01 (3.1323e-01)	Loss Disc 6.9318e-01 (6.9315e-01)	Loss Pred 5.1645e-01 (5.2040e-01)	Loss TOTAL 9.1546e-01 (9.2302e-01)
Epoch: [16][450/497]	L_Src_Sup 2.9112e-01 (2.0871e-01)	L_Trg_Inj 3.8298e-01 (3.1304e-01)	Loss Disc 6.9317e-01 (6.9315e-01)	Loss Pred 5.2821e-01 (5.2064e-01)	Loss TOTAL 9.4221e-01 (9.2310e-01)
Epoch: [16][460/497]	L_Src_Sup 1.0205e-01 (2.0872e-01)	L_Trg_Inj 2.7210e-01 (3.1257e-01)	Loss Disc 6.9319e-01 (6.9315e-01)	Loss Pred 5.7248e-01 (5.2110e-01)	Loss TOTAL 9.5649e-01 (9.2343e-01)
Epoch: [16][470/497]	L_Src_Sup 1.2515e-01 (2.0858e-01)	L_Trg_Inj 3.7675e-01 (3.1196e-01)	Loss Disc 6.9320e-01 (6.9315e-01)	Loss Pred 5.8544e-01 (5.2123e-01)	Loss TOTAL 9.8224e-01 (9.2358e-01)
Epoch: [16][480/497]	L_Src_Sup 1.6365e-01 (2.0818e-01)	L_Trg_Inj 1.5342e-01 (3.1031e-01)	Loss Disc 6.9320e-01 (6.9315e-01)	Loss Pred 4.9739e-01 (5.2117e-01)	Loss TOTAL 8.8592e-01 (9.2325e-01)
Epoch: [16][490/497]	L_Src_Sup 1.5510e-01 (2.0830e-01)	L_Trg_Inj 3.0956e-01 (3.0932e-01)	Loss Disc 6.9328e-01 (6.9315e-01)	Loss Pred 5.4148e-01 (5.2109e-01)	Loss TOTAL 9.3459e-01 (9.2334e-01)
Epoch: [16][497/497]	L_Src_Sup 8.9709e-02 (2.0852e-01)	L_Trg_Inj 4.4478e-01 (3.0973e-01)	Loss Disc 6.9316e-01 (6.9315e-01)	Loss Pred 5.2219e-01 (5.2102e-01)	Loss TOTAL 9.2223e-01 (9.2331e-01)
Epoch 16 complete. Saving model state...
Epoch: [17][ 10/497]	L_Src_Sup 1.9803e-01 (1.8739e-01)	L_Trg_Inj 3.4720e-01 (3.0791e-01)	Loss Disc 6.9319e-01 (6.9321e-01)	Loss Pred 5.5472e-01 (5.1589e-01)	Loss TOTAL 9.5584e-01 (9.1653e-01)
Epoch: [17][ 20/497]	L_Src_Sup 2.6415e-01 (2.0448e-01)	L_Trg_Inj 3.7747e-01 (3.2218e-01)	Loss Disc 6.9320e-01 (6.9320e-01)	Loss Pred 5.2206e-01 (5.1773e-01)	Loss TOTAL 9.3281e-01 (9.1992e-01)
Epoch: [17][ 30/497]	L_Src_Sup 2.1949e-01 (2.0405e-01)	L_Trg_Inj 2.7219e-01 (3.2569e-01)	Loss Disc 6.9318e-01 (6.9320e-01)	Loss Pred 5.2857e-01 (5.2107e-01)	Loss TOTAL 9.2433e-01 (9.2260e-01)
Epoch: [17][ 40/497]	L_Src_Sup 3.1597e-01 (2.1088e-01)	L_Trg_Inj 3.2993e-01 (3.2143e-01)	Loss Disc 6.9318e-01 (6.9320e-01)	Loss Pred 5.4109e-01 (5.1947e-01)	Loss TOTAL 9.5227e-01 (9.2207e-01)
Epoch: [17][ 50/497]	L_Src_Sup 2.1796e-01 (2.1150e-01)	L_Trg_Inj 2.4713e-01 (3.3190e-01)	Loss Disc 6.9377e-01 (6.9319e-01)	Loss Pred 5.5393e-01 (5.1927e-01)	Loss TOTAL 9.4733e-01 (9.2280e-01)
Epoch: [17][ 60/497]	L_Src_Sup 2.9362e-01 (2.1162e-01)	L_Trg_Inj 3.2656e-01 (3.2992e-01)	Loss Disc 6.9305e-01 (6.9318e-01)	Loss Pred 5.3483e-01 (5.1941e-01)	Loss TOTAL 9.4338e-01 (9.2231e-01)
Epoch: [17][ 70/497]	L_Src_Sup 1.6374e-01 (2.0689e-01)	L_Trg_Inj 2.7597e-01 (3.2277e-01)	Loss Disc 6.9296e-01 (6.9317e-01)	Loss Pred 4.9712e-01 (5.1858e-01)	Loss TOTAL 8.8757e-01 (9.2020e-01)
Epoch: [17][ 80/497]	L_Src_Sup 1.4963e-01 (2.0558e-01)	L_Trg_Inj 2.7816e-01 (3.1664e-01)	Loss Disc 6.9322e-01 (6.9318e-01)	Loss Pred 5.1574e-01 (5.1996e-01)	Loss TOTAL 9.0513e-01 (9.2165e-01)
Epoch: [17][ 90/497]	L_Src_Sup 1.8263e-01 (2.0382e-01)	L_Trg_Inj 3.3606e-01 (3.1772e-01)	Loss Disc 6.9311e-01 (6.9318e-01)	Loss Pred 5.3508e-01 (5.2217e-01)	Loss TOTAL 9.3351e-01 (9.2355e-01)
Epoch: [17][100/497]	L_Src_Sup 2.7101e-01 (2.0085e-01)	L_Trg_Inj 3.4217e-01 (3.1663e-01)	Loss Disc 6.9316e-01 (6.9318e-01)	Loss Pred 5.3527e-01 (5.2407e-01)	Loss TOTAL 9.4317e-01 (9.2504e-01)
Epoch: [17][110/497]	L_Src_Sup 1.8890e-01 (1.9965e-01)	L_Trg_Inj 3.2603e-01 (3.1257e-01)	Loss Disc 6.9315e-01 (6.9318e-01)	Loss Pred 5.2203e-01 (5.2391e-01)	Loss TOTAL 9.2010e-01 (9.2411e-01)
Epoch: [17][120/497]	L_Src_Sup 2.9476e-01 (2.0297e-01)	L_Trg_Inj 2.2899e-01 (3.1025e-01)	Loss Disc 6.9319e-01 (6.9318e-01)	Loss Pred 5.4722e-01 (5.2394e-01)	Loss TOTAL 1.0120e+00 (9.2501e-01)
Epoch: [17][130/497]	L_Src_Sup 2.5301e-01 (2.0413e-01)	L_Trg_Inj 3.7778e-01 (3.1226e-01)	Loss Disc 6.9340e-01 (6.9317e-01)	Loss Pred 4.9116e-01 (5.2361e-01)	Loss TOTAL 9.0094e-01 (9.2521e-01)
Epoch: [17][140/497]	L_Src_Sup 1.8039e-01 (2.0291e-01)	L_Trg_Inj 2.6886e-01 (3.1235e-01)	Loss Disc 6.9318e-01 (6.9317e-01)	Loss Pred 5.3471e-01 (5.2263e-01)	Loss TOTAL 9.2623e-01 (9.2392e-01)
Epoch: [17][150/497]	L_Src_Sup 1.2246e-01 (2.0353e-01)	L_Trg_Inj 3.3826e-01 (3.1372e-01)	Loss Disc 6.9321e-01 (6.9317e-01)	Loss Pred 5.7232e-01 (5.2306e-01)	Loss TOTAL 9.6499e-01 (9.2472e-01)
Epoch: [17][160/497]	L_Src_Sup 1.4308e-01 (2.0669e-01)	L_Trg_Inj 2.9052e-01 (3.1397e-01)	Loss Disc 6.9319e-01 (6.9317e-01)	Loss Pred 4.9708e-01 (5.2360e-01)	Loss TOTAL 8.8704e-01 (9.2562e-01)
Epoch: [17][170/497]	L_Src_Sup 2.8678e-01 (2.0861e-01)	L_Trg_Inj 3.5197e-01 (3.1654e-01)	Loss Disc 6.9321e-01 (6.9318e-01)	Loss Pred 5.2908e-01 (5.2416e-01)	Loss TOTAL 9.3956e-01 (9.2646e-01)
Epoch: [17][180/497]	L_Src_Sup 1.8750e-01 (2.0991e-01)	L_Trg_Inj 3.5644e-01 (3.1841e-01)	Loss Disc 6.9322e-01 (6.9318e-01)	Loss Pred 5.1584e-01 (5.2419e-01)	Loss TOTAL 9.1684e-01 (9.2662e-01)
Epoch: [17][190/497]	L_Src_Sup 2.3996e-01 (2.1108e-01)	L_Trg_Inj 3.0897e-01 (3.1949e-01)	Loss Disc 6.9328e-01 (6.9318e-01)	Loss Pred 5.5995e-01 (5.2326e-01)	Loss TOTAL 9.6149e-01 (9.2586e-01)
Epoch: [17][200/497]	L_Src_Sup 2.1891e-01 (2.0955e-01)	L_Trg_Inj 3.3144e-01 (3.1829e-01)	Loss Disc 6.9316e-01 (6.9318e-01)	Loss Pred 4.9691e-01 (5.2319e-01)	Loss TOTAL 8.9852e-01 (9.2536e-01)
Epoch: [17][210/497]	L_Src_Sup 1.5694e-01 (2.0866e-01)	L_Trg_Inj 3.0826e-01 (3.1564e-01)	Loss Disc 6.9320e-01 (6.9318e-01)	Loss Pred 5.4858e-01 (5.2330e-01)	Loss TOTAL 9.4169e-01 (9.2517e-01)
Epoch: [17][220/497]	L_Src_Sup 2.6938e-01 (2.0897e-01)	L_Trg_Inj 2.1541e-01 (3.1445e-01)	Loss Disc 6.9326e-01 (6.9319e-01)	Loss Pred 4.8461e-01 (5.2340e-01)	Loss TOTAL 9.3369e-01 (9.2530e-01)
Epoch: [17][230/497]	L_Src_Sup 2.3200e-01 (2.1000e-01)	L_Trg_Inj 2.8695e-01 (3.1263e-01)	Loss Disc 6.9323e-01 (6.9319e-01)	Loss Pred 5.4701e-01 (5.2370e-01)	Loss TOTAL 9.4552e-01 (9.2593e-01)
Epoch: [17][240/497]	L_Src_Sup 2.6949e-01 (2.1035e-01)	L_Trg_Inj 2.9535e-01 (3.1077e-01)	Loss Disc 6.9322e-01 (6.9319e-01)	Loss Pred 5.3458e-01 (5.2353e-01)	Loss TOTAL 9.3767e-01 (9.2637e-01)
Epoch: [17][250/497]	L_Src_Sup 1.5882e-01 (2.1145e-01)	L_Trg_Inj 2.8419e-01 (3.1090e-01)	Loss Disc 6.9327e-01 (6.9319e-01)	Loss Pred 5.6022e-01 (5.2348e-01)	Loss TOTAL 9.5116e-01 (9.2686e-01)
Epoch: [17][260/497]	L_Src_Sup 2.0210e-01 (2.1193e-01)	L_Trg_Inj 4.4783e-01 (3.1358e-01)	Loss Disc 6.9316e-01 (6.9319e-01)	Loss Pred 5.0357e-01 (5.2381e-01)	Loss TOTAL 9.1515e-01 (9.2743e-01)
Epoch: [17][270/497]	L_Src_Sup 1.7136e-01 (2.1124e-01)	L_Trg_Inj 3.2579e-01 (3.1488e-01)	Loss Disc 6.9319e-01 (6.9319e-01)	Loss Pred 5.2855e-01 (5.2331e-01)	Loss TOTAL 9.2486e-01 (9.2682e-01)
Epoch: [17][280/497]	L_Src_Sup 1.6085e-01 (2.1165e-01)	L_Trg_Inj 1.9407e-01 (3.1488e-01)	Loss Disc 6.9331e-01 (6.9319e-01)	Loss Pred 4.8439e-01 (5.2245e-01)	Loss TOTAL 8.6653e-01 (9.2607e-01)
Epoch: [17][290/497]	L_Src_Sup 1.1433e-01 (2.1201e-01)	L_Trg_Inj 3.2614e-01 (3.1482e-01)	Loss Disc 6.9325e-01 (6.9319e-01)	Loss Pred 5.2820e-01 (5.2230e-01)	Loss TOTAL 9.1887e-01 (9.2620e-01)
Epoch: [17][300/497]	L_Src_Sup 2.2224e-01 (2.1156e-01)	L_Trg_Inj 3.4444e-01 (3.1617e-01)	Loss Disc 6.9307e-01 (6.9319e-01)	Loss Pred 5.0970e-01 (5.2169e-01)	Loss TOTAL 9.1290e-01 (9.2552e-01)
Epoch: [17][310/497]	L_Src_Sup 2.9945e-01 (2.1196e-01)	L_Trg_Inj 3.7077e-01 (3.1607e-01)	Loss Disc 6.9311e-01 (6.9319e-01)	Loss Pred 5.1593e-01 (5.2186e-01)	Loss TOTAL 9.2951e-01 (9.2564e-01)
Epoch: [17][320/497]	L_Src_Sup 1.9947e-01 (2.1080e-01)	L_Trg_Inj 3.4050e-01 (3.1576e-01)	Loss Disc 6.9303e-01 (6.9319e-01)	Loss Pred 4.9124e-01 (5.2130e-01)	Loss TOTAL 8.9175e-01 (9.2482e-01)
Epoch: [17][330/497]	L_Src_Sup 1.3814e-01 (2.1068e-01)	L_Trg_Inj 4.4565e-01 (3.1699e-01)	Loss Disc 6.9290e-01 (6.9319e-01)	Loss Pred 4.7789e-01 (5.2147e-01)	Loss TOTAL 8.8271e-01 (9.2507e-01)
Epoch: [17][340/497]	L_Src_Sup 2.2859e-01 (2.1208e-01)	L_Trg_Inj 3.3854e-01 (3.1691e-01)	Loss Disc 6.9324e-01 (6.9319e-01)	Loss Pred 5.2851e-01 (5.2130e-01)	Loss TOTAL 9.3184e-01 (9.2529e-01)
Epoch: [17][350/497]	L_Src_Sup 1.9643e-01 (2.1236e-01)	L_Trg_Inj 3.0060e-01 (3.1598e-01)	Loss Disc 6.9313e-01 (6.9319e-01)	Loss Pred 4.8491e-01 (5.2143e-01)	Loss TOTAL 8.8118e-01 (9.2530e-01)
Epoch: [17][360/497]	L_Src_Sup 2.5744e-01 (2.1250e-01)	L_Trg_Inj 3.0092e-01 (3.1462e-01)	Loss Disc 6.9324e-01 (6.9319e-01)	Loss Pred 5.5356e-01 (5.2132e-01)	Loss TOTAL 9.5602e-01 (9.2528e-01)
Epoch: [17][370/497]	L_Src_Sup 2.3314e-01 (2.1217e-01)	L_Trg_Inj 2.8023e-01 (3.1465e-01)	Loss Disc 6.9319e-01 (6.9319e-01)	Loss Pred 4.7811e-01 (5.2133e-01)	Loss TOTAL 8.7604e-01 (9.2513e-01)
Epoch: [17][380/497]	L_Src_Sup 2.6416e-01 (2.1252e-01)	L_Trg_Inj 2.6731e-01 (3.1447e-01)	Loss Disc 6.9319e-01 (6.9319e-01)	Loss Pred 5.2215e-01 (5.2107e-01)	Loss TOTAL 9.2189e-01 (9.2479e-01)
Epoch: [17][390/497]	L_Src_Sup 1.3668e-01 (2.1202e-01)	L_Trg_Inj 3.6008e-01 (3.1356e-01)	Loss Disc 6.9319e-01 (6.9319e-01)	Loss Pred 5.4089e-01 (5.2120e-01)	Loss TOTAL 9.3716e-01 (9.2528e-01)
Epoch: [17][400/497]	L_Src_Sup 1.9070e-01 (2.1235e-01)	L_Trg_Inj 4.1645e-01 (3.1389e-01)	Loss Disc 6.9320e-01 (6.9319e-01)	Loss Pred 5.2846e-01 (5.2161e-01)	Loss TOTAL 9.3577e-01 (9.2566e-01)
Epoch: [17][410/497]	L_Src_Sup 1.8182e-01 (2.1306e-01)	L_Trg_Inj 3.3426e-01 (3.1354e-01)	Loss Disc 6.9318e-01 (6.9319e-01)	Loss Pred 5.1764e-01 (5.2144e-01)	Loss TOTAL 9.1584e-01 (9.2599e-01)
Epoch: [17][420/497]	L_Src_Sup 1.7382e-01 (2.1279e-01)	L_Trg_Inj 3.0897e-01 (3.1349e-01)	Loss Disc 6.9319e-01 (6.9319e-01)	Loss Pred 5.3522e-01 (5.2180e-01)	Loss TOTAL 9.3009e-01 (9.2630e-01)
Epoch: [17][430/497]	L_Src_Sup 2.1700e-01 (2.1457e-01)	L_Trg_Inj 3.1164e-01 (3.1439e-01)	Loss Disc 6.9336e-01 (6.9319e-01)	Loss Pred 5.4172e-01 (5.2176e-01)	Loss TOTAL 9.4126e-01 (9.2680e-01)
Epoch: [17][440/497]	L_Src_Sup 2.1042e-01 (2.1479e-01)	L_Trg_Inj 2.5136e-01 (3.1481e-01)	Loss Disc 6.9323e-01 (6.9319e-01)	Loss Pred 5.2829e-01 (5.2168e-01)	Loss TOTAL 9.2109e-01 (9.2667e-01)
Epoch: [17][450/497]	L_Src_Sup 1.8696e-01 (2.1503e-01)	L_Trg_Inj 4.1314e-01 (3.1560e-01)	Loss Disc 6.9303e-01 (6.9319e-01)	Loss Pred 5.1589e-01 (5.2139e-01)	Loss TOTAL 9.2241e-01 (9.2649e-01)
Epoch: [17][460/497]	L_Src_Sup 1.4960e-01 (2.1459e-01)	L_Trg_Inj 2.0023e-01 (3.1526e-01)	Loss Disc 6.9331e-01 (6.9319e-01)	Loss Pred 5.1566e-01 (5.2144e-01)	Loss TOTAL 8.9730e-01 (9.2637e-01)
Epoch: [17][470/497]	L_Src_Sup 2.7528e-01 (2.1447e-01)	L_Trg_Inj 3.2625e-01 (3.1448e-01)	Loss Disc 6.9301e-01 (6.9319e-01)	Loss Pred 5.0319e-01 (5.2146e-01)	Loss TOTAL 9.0985e-01 (9.2624e-01)
Epoch: [17][480/497]	L_Src_Sup 2.8044e-01 (2.1446e-01)	L_Trg_Inj 1.8637e-01 (3.1336e-01)	Loss Disc 6.9346e-01 (6.9319e-01)	Loss Pred 5.1571e-01 (5.2130e-01)	Loss TOTAL 1.0032e+00 (9.2638e-01)
Epoch: [17][490/497]	L_Src_Sup 1.9623e-01 (2.1481e-01)	L_Trg_Inj 2.4874e-01 (3.1347e-01)	Loss Disc 6.9341e-01 (6.9319e-01)	Loss Pred 5.4719e-01 (5.2118e-01)	Loss TOTAL 9.3839e-01 (9.2623e-01)
Epoch: [17][497/497]	L_Src_Sup 2.3829e-01 (2.1518e-01)	L_Trg_Inj 3.5721e-01 (3.1340e-01)	Loss Disc 6.9294e-01 (6.9318e-01)	Loss Pred 4.9715e-01 (5.2118e-01)	Loss TOTAL 9.0317e-01 (9.2627e-01)
Epoch 17 complete. Saving model state...
Epoch: [18][ 10/497]	L_Src_Sup 3.5048e-01 (2.5217e-01)	L_Trg_Inj 2.2599e-01 (2.9954e-01)	Loss Disc 6.9336e-01 (6.9310e-01)	Loss Pred 5.4121e-01 (5.1617e-01)	Loss TOTAL 1.0700e+00 (9.4241e-01)
Epoch: [18][ 20/497]	L_Src_Sup 1.8155e-01 (2.3813e-01)	L_Trg_Inj 4.0116e-01 (3.1081e-01)	Loss Disc 6.9315e-01 (6.9315e-01)	Loss Pred 5.2821e-01 (5.1843e-01)	Loss TOTAL 9.3306e-01 (9.3866e-01)
Epoch: [18][ 30/497]	L_Src_Sup 2.5244e-01 (2.2335e-01)	L_Trg_Inj 2.2098e-01 (3.1015e-01)	Loss Disc 6.9339e-01 (6.9316e-01)	Loss Pred 5.5367e-01 (5.1795e-01)	Loss TOTAL 9.7917e-01 (9.3339e-01)
Epoch: [18][ 40/497]	L_Src_Sup 2.9449e-01 (2.2906e-01)	L_Trg_Inj 2.6534e-01 (3.1029e-01)	Loss Disc 6.9329e-01 (6.9318e-01)	Loss Pred 5.4710e-01 (5.2198e-01)	Loss TOTAL 9.7888e-01 (9.3667e-01)
Epoch: [18][ 50/497]	L_Src_Sup 1.8519e-01 (2.2785e-01)	L_Trg_Inj 4.1094e-01 (3.1872e-01)	Loss Disc 6.9310e-01 (6.9318e-01)	Loss Pred 5.0930e-01 (5.2056e-01)	Loss TOTAL 9.1546e-01 (9.3675e-01)
Epoch: [18][ 60/497]	L_Src_Sup 1.7143e-01 (2.1967e-01)	L_Trg_Inj 3.3081e-01 (3.2347e-01)	Loss Disc 6.9318e-01 (6.9318e-01)	Loss Pred 5.2812e-01 (5.2101e-01)	Loss TOTAL 9.2494e-01 (9.3436e-01)
Epoch: [18][ 70/497]	L_Src_Sup 2.0371e-01 (2.1775e-01)	L_Trg_Inj 3.0395e-01 (3.1828e-01)	Loss Disc 6.9322e-01 (6.9318e-01)	Loss Pred 5.0926e-01 (5.1953e-01)	Loss TOTAL 9.0664e-01 (9.3168e-01)
Epoch: [18][ 80/497]	L_Src_Sup 2.0220e-01 (2.1901e-01)	L_Trg_Inj 2.7527e-01 (3.1721e-01)	Loss Disc 6.9328e-01 (6.9318e-01)	Loss Pred 5.2211e-01 (5.1849e-01)	Loss TOTAL 9.1649e-01 (9.3082e-01)
Epoch: [18][ 90/497]	L_Src_Sup 2.5627e-01 (2.2187e-01)	L_Trg_Inj 3.8909e-01 (3.2085e-01)	Loss Disc 6.9309e-01 (6.9318e-01)	Loss Pred 5.0945e-01 (5.1832e-01)	Loss TOTAL 9.2053e-01 (9.3109e-01)
Epoch: [18][100/497]	L_Src_Sup 2.8832e-01 (2.2177e-01)	L_Trg_Inj 2.8386e-01 (3.2040e-01)	Loss Disc 6.9315e-01 (6.9318e-01)	Loss Pred 4.9164e-01 (5.1796e-01)	Loss TOTAL 8.9989e-01 (9.2952e-01)
Epoch: [18][110/497]	L_Src_Sup 2.6097e-01 (2.2108e-01)	L_Trg_Inj 3.8794e-01 (3.1811e-01)	Loss Disc 6.9303e-01 (6.9318e-01)	Loss Pred 4.6523e-01 (5.1801e-01)	Loss TOTAL 8.7664e-01 (9.2868e-01)
Epoch: [18][120/497]	L_Src_Sup 1.6514e-01 (2.2005e-01)	L_Trg_Inj 2.6096e-01 (3.1975e-01)	Loss Disc 6.9333e-01 (6.9318e-01)	Loss Pred 5.0302e-01 (5.1788e-01)	Loss TOTAL 8.9229e-01 (9.2776e-01)
Epoch: [18][130/497]	L_Src_Sup 3.0191e-01 (2.2101e-01)	L_Trg_Inj 3.1014e-01 (3.1886e-01)	Loss Disc 6.9313e-01 (6.9318e-01)	Loss Pred 5.2732e-01 (5.1806e-01)	Loss TOTAL 9.3510e-01 (9.2734e-01)
Epoch: [18][140/497]	L_Src_Sup 2.7551e-01 (2.2119e-01)	L_Trg_Inj 2.7629e-01 (3.1894e-01)	Loss Disc 6.9332e-01 (6.9318e-01)	Loss Pred 5.3549e-01 (5.1858e-01)	Loss TOTAL 9.3733e-01 (9.2734e-01)
Epoch: [18][150/497]	L_Src_Sup 2.4763e-01 (2.1835e-01)	L_Trg_Inj 2.1983e-01 (3.1710e-01)	Loss Disc 6.9337e-01 (6.9318e-01)	Loss Pred 5.2825e-01 (5.1861e-01)	Loss TOTAL 9.4948e-01 (9.2653e-01)
Epoch: [18][160/497]	L_Src_Sup 1.7481e-01 (2.1888e-01)	L_Trg_Inj 3.4361e-01 (3.1638e-01)	Loss Disc 6.9320e-01 (6.9318e-01)	Loss Pred 5.4077e-01 (5.1941e-01)	Loss TOTAL 9.3921e-01 (9.2720e-01)
Epoch: [18][170/497]	L_Src_Sup 1.9820e-01 (2.1692e-01)	L_Trg_Inj 3.4227e-01 (3.1763e-01)	Loss Disc 6.9316e-01 (6.9318e-01)	Loss Pred 4.9038e-01 (5.1953e-01)	Loss TOTAL 8.9101e-01 (9.2679e-01)
Epoch: [18][180/497]	L_Src_Sup 3.1134e-01 (2.1664e-01)	L_Trg_Inj 3.2397e-01 (3.1795e-01)	Loss Disc 6.9311e-01 (6.9318e-01)	Loss Pred 4.8407e-01 (5.1922e-01)	Loss TOTAL 8.9415e-01 (9.2609e-01)
Epoch: [18][190/497]	L_Src_Sup 2.1218e-01 (2.1623e-01)	L_Trg_Inj 3.6179e-01 (3.1976e-01)	Loss Disc 6.9250e-01 (6.9317e-01)	Loss Pred 4.8440e-01 (5.1878e-01)	Loss TOTAL 8.8805e-01 (9.2542e-01)
Epoch: [18][200/497]	L_Src_Sup 2.4248e-01 (2.1646e-01)	L_Trg_Inj 2.9836e-01 (3.1862e-01)	Loss Disc 6.9297e-01 (6.9316e-01)	Loss Pred 5.0964e-01 (5.1881e-01)	Loss TOTAL 9.1021e-01 (9.2579e-01)
Epoch: [18][210/497]	L_Src_Sup 1.4333e-01 (2.1406e-01)	L_Trg_Inj 2.3998e-01 (3.1838e-01)	Loss Disc 6.9357e-01 (6.9317e-01)	Loss Pred 5.7233e-01 (5.1948e-01)	Loss TOTAL 9.5745e-01 (9.2586e-01)
Epoch: [18][220/497]	L_Src_Sup 1.7593e-01 (2.1447e-01)	L_Trg_Inj 3.2429e-01 (3.1720e-01)	Loss Disc 6.9322e-01 (6.9316e-01)	Loss Pred 5.4078e-01 (5.1916e-01)	Loss TOTAL 9.3741e-01 (9.2546e-01)
Epoch: [18][230/497]	L_Src_Sup 1.8559e-01 (2.1328e-01)	L_Trg_Inj 2.6314e-01 (3.1523e-01)	Loss Disc 6.9309e-01 (6.9316e-01)	Loss Pred 5.0933e-01 (5.1924e-01)	Loss TOTAL 9.0075e-01 (9.2510e-01)
Epoch: [18][240/497]	L_Src_Sup 2.7807e-01 (2.1444e-01)	L_Trg_Inj 2.4521e-01 (3.1521e-01)	Loss Disc 6.9331e-01 (6.9316e-01)	Loss Pred 5.1051e-01 (5.1876e-01)	Loss TOTAL 9.4235e-01 (9.2497e-01)
Epoch: [18][250/497]	L_Src_Sup 2.5051e-01 (2.1429e-01)	L_Trg_Inj 3.0618e-01 (3.1482e-01)	Loss Disc 6.9310e-01 (6.9316e-01)	Loss Pred 4.8407e-01 (5.1880e-01)	Loss TOTAL 8.8629e-01 (9.2473e-01)
Epoch: [18][260/497]	L_Src_Sup 1.9235e-01 (2.1332e-01)	L_Trg_Inj 2.1670e-01 (3.1342e-01)	Loss Disc 6.9323e-01 (6.9317e-01)	Loss Pred 5.3450e-01 (5.1927e-01)	Loss TOTAL 9.2201e-01 (9.2499e-01)
Epoch: [18][270/497]	L_Src_Sup 3.8831e-01 (2.1485e-01)	L_Trg_Inj 2.6603e-01 (3.1224e-01)	Loss Disc 6.9318e-01 (6.9317e-01)	Loss Pred 5.0302e-01 (5.1936e-01)	Loss TOTAL 1.0373e+00 (9.2603e-01)
Epoch: [18][280/497]	L_Src_Sup 2.1155e-01 (2.1428e-01)	L_Trg_Inj 4.1175e-01 (3.1194e-01)	Loss Disc 6.9312e-01 (6.9317e-01)	Loss Pred 5.3487e-01 (5.1904e-01)	Loss TOTAL 9.4376e-01 (9.2543e-01)
Epoch: [18][290/497]	L_Src_Sup 2.0182e-01 (2.1442e-01)	L_Trg_Inj 2.9137e-01 (3.1096e-01)	Loss Disc 6.9313e-01 (6.9317e-01)	Loss Pred 5.0341e-01 (5.1944e-01)	Loss TOTAL 8.9929e-01 (9.2550e-01)
Epoch: [18][300/497]	L_Src_Sup 2.9912e-01 (2.1516e-01)	L_Trg_Inj 2.5907e-01 (3.0955e-01)	Loss Disc 6.9320e-01 (6.9317e-01)	Loss Pred 5.2215e-01 (5.1941e-01)	Loss TOTAL 9.6462e-01 (9.2572e-01)
Epoch: [18][310/497]	L_Src_Sup 2.2290e-01 (2.1516e-01)	L_Trg_Inj 3.8020e-01 (3.1080e-01)	Loss Disc 6.9320e-01 (6.9317e-01)	Loss Pred 5.4786e-01 (5.1983e-01)	Loss TOTAL 9.5477e-01 (9.2634e-01)
Epoch: [18][320/497]	L_Src_Sup 1.7840e-01 (2.1490e-01)	L_Trg_Inj 3.3050e-01 (3.1170e-01)	Loss Disc 6.9323e-01 (6.9317e-01)	Loss Pred 5.5336e-01 (5.2002e-01)	Loss TOTAL 9.5087e-01 (9.2641e-01)
Epoch: [18][330/497]	L_Src_Sup 1.3519e-01 (2.1406e-01)	L_Trg_Inj 2.4776e-01 (3.1076e-01)	Loss Disc 6.9317e-01 (6.9317e-01)	Loss Pred 5.4723e-01 (5.2033e-01)	Loss TOTAL 9.3211e-01 (9.2640e-01)
Epoch: [18][340/497]	L_Src_Sup 2.3600e-01 (2.1457e-01)	L_Trg_Inj 2.6874e-01 (3.1042e-01)	Loss Disc 6.9319e-01 (6.9317e-01)	Loss Pred 4.9662e-01 (5.2010e-01)	Loss TOTAL 8.9369e-01 (9.2628e-01)
Epoch: [18][350/497]	L_Src_Sup 2.1362e-01 (2.1507e-01)	L_Trg_Inj 2.4483e-01 (3.1030e-01)	Loss Disc 6.9324e-01 (6.9317e-01)	Loss Pred 5.4144e-01 (5.1998e-01)	Loss TOTAL 9.3390e-01 (9.2614e-01)
Epoch: [18][360/497]	L_Src_Sup 2.5161e-01 (2.1468e-01)	L_Trg_Inj 3.6056e-01 (3.1192e-01)	Loss Disc 6.9309e-01 (6.9317e-01)	Loss Pred 5.0951e-01 (5.2006e-01)	Loss TOTAL 9.1727e-01 (9.2615e-01)
Epoch: [18][370/497]	L_Src_Sup 1.6987e-01 (2.1428e-01)	L_Trg_Inj 2.9189e-01 (3.1249e-01)	Loss Disc 6.9333e-01 (6.9317e-01)	Loss Pred 5.2211e-01 (5.1973e-01)	Loss TOTAL 9.1495e-01 (9.2565e-01)
Epoch: [18][380/497]	L_Src_Sup 2.3290e-01 (2.1496e-01)	L_Trg_Inj 3.1534e-01 (3.1125e-01)	Loss Disc 6.9310e-01 (6.9317e-01)	Loss Pred 5.4762e-01 (5.2003e-01)	Loss TOTAL 9.4900e-01 (9.2605e-01)
Epoch: [18][390/497]	L_Src_Sup 2.0810e-01 (2.1544e-01)	L_Trg_Inj 2.9149e-01 (3.1090e-01)	Loss Disc 6.9324e-01 (6.9317e-01)	Loss Pred 5.2211e-01 (5.1981e-01)	Loss TOTAL 9.1869e-01 (9.2580e-01)
Epoch: [18][400/497]	L_Src_Sup 2.2855e-01 (2.1442e-01)	L_Trg_Inj 3.4008e-01 (3.1075e-01)	Loss Disc 6.9300e-01 (6.9317e-01)	Loss Pred 4.7192e-01 (5.1978e-01)	Loss TOTAL 8.7529e-01 (9.2548e-01)
Epoch: [18][410/497]	L_Src_Sup 1.2946e-01 (2.1388e-01)	L_Trg_Inj 2.9693e-01 (3.1021e-01)	Loss Disc 6.9317e-01 (6.9317e-01)	Loss Pred 4.6556e-01 (5.1987e-01)	Loss TOTAL 8.5478e-01 (9.2537e-01)
Epoch: [18][420/497]	L_Src_Sup 2.2196e-01 (2.1390e-01)	L_Trg_Inj 3.2656e-01 (3.1142e-01)	Loss Disc 6.9320e-01 (6.9318e-01)	Loss Pred 5.3475e-01 (5.2041e-01)	Loss TOTAL 9.3620e-01 (9.2605e-01)
Epoch: [18][430/497]	L_Src_Sup 2.1433e-01 (2.1392e-01)	L_Trg_Inj 3.6632e-01 (3.1201e-01)	Loss Disc 6.9313e-01 (6.9318e-01)	Loss Pred 4.8420e-01 (5.2039e-01)	Loss TOTAL 8.8883e-01 (9.2597e-01)
Epoch: [18][440/497]	L_Src_Sup 1.6838e-01 (2.1381e-01)	L_Trg_Inj 2.5293e-01 (3.1204e-01)	Loss Disc 6.9328e-01 (6.9318e-01)	Loss Pred 5.1571e-01 (5.2038e-01)	Loss TOTAL 9.0448e-01 (9.2580e-01)
Epoch: [18][450/497]	L_Src_Sup 2.8355e-01 (2.1407e-01)	L_Trg_Inj 3.6860e-01 (3.1222e-01)	Loss Disc 6.9315e-01 (6.9318e-01)	Loss Pred 5.2841e-01 (5.2036e-01)	Loss TOTAL 9.4020e-01 (9.2574e-01)
Epoch: [18][460/497]	L_Src_Sup 2.5003e-01 (2.1325e-01)	L_Trg_Inj 2.3855e-01 (3.1231e-01)	Loss Disc 6.9318e-01 (6.9318e-01)	Loss Pred 5.3464e-01 (5.2032e-01)	Loss TOTAL 9.4156e-01 (9.2551e-01)
Epoch: [18][470/497]	L_Src_Sup 2.3252e-01 (2.1311e-01)	L_Trg_Inj 3.3785e-01 (3.1255e-01)	Loss Disc 6.9315e-01 (6.9318e-01)	Loss Pred 4.9681e-01 (5.2033e-01)	Loss TOTAL 9.0042e-01 (9.2545e-01)
Epoch: [18][480/497]	L_Src_Sup 1.5409e-01 (2.1264e-01)	L_Trg_Inj 2.7530e-01 (3.1271e-01)	Loss Disc 6.9330e-01 (6.9318e-01)	Loss Pred 5.3483e-01 (5.2031e-01)	Loss TOTAL 9.2442e-01 (9.2526e-01)
Epoch: [18][490/497]	L_Src_Sup 1.7601e-01 (2.1171e-01)	L_Trg_Inj 3.1812e-01 (3.1228e-01)	Loss Disc 6.9317e-01 (6.9318e-01)	Loss Pred 5.4086e-01 (5.2051e-01)	Loss TOTAL 9.3685e-01 (9.2521e-01)
Epoch: [18][497/497]	L_Src_Sup 2.2528e-01 (2.1191e-01)	L_Trg_Inj 3.3371e-01 (3.1216e-01)	Loss Disc 6.9320e-01 (6.9318e-01)	Loss Pred 5.0323e-01 (5.2081e-01)	Loss TOTAL 9.0573e-01 (9.2562e-01)
Epoch 18 complete. Saving model state...
Epoch: [19][ 10/497]	L_Src_Sup 1.8549e-01 (2.4127e-01)	L_Trg_Inj 2.4598e-01 (2.9316e-01)	Loss Disc 6.9321e-01 (6.9320e-01)	Loss Pred 5.0925e-01 (5.1640e-01)	Loss TOTAL 8.9900e-01 (9.2699e-01)
Epoch: [19][ 20/497]	L_Src_Sup 2.2425e-01 (2.4282e-01)	L_Trg_Inj 4.1680e-01 (3.1676e-01)	Loss Disc 6.9319e-01 (6.9318e-01)	Loss Pred 5.3463e-01 (5.2264e-01)	Loss TOTAL 9.4533e-01 (9.3400e-01)
Epoch: [19][ 30/497]	L_Src_Sup 1.5292e-01 (2.2831e-01)	L_Trg_Inj 3.2726e-01 (3.2818e-01)	Loss Disc 6.9320e-01 (6.9319e-01)	Loss Pred 5.2839e-01 (5.2128e-01)	Loss TOTAL 9.2301e-01 (9.3213e-01)
Epoch: [19][ 40/497]	L_Src_Sup 1.7388e-01 (2.2523e-01)	L_Trg_Inj 2.7280e-01 (3.2703e-01)	Loss Disc 6.9342e-01 (6.9319e-01)	Loss Pred 5.9161e-01 (5.2102e-01)	Loss TOTAL 9.8299e-01 (9.2991e-01)
Epoch: [19][ 50/497]	L_Src_Sup 1.4817e-01 (2.2319e-01)	L_Trg_Inj 3.2377e-01 (3.3356e-01)	Loss Disc 6.9318e-01 (6.9319e-01)	Loss Pred 5.0927e-01 (5.2172e-01)	Loss TOTAL 9.0305e-01 (9.3027e-01)
Epoch: [19][ 60/497]	L_Src_Sup 1.3209e-01 (2.1615e-01)	L_Trg_Inj 3.2495e-01 (3.3196e-01)	Loss Disc 6.9320e-01 (6.9319e-01)	Loss Pred 5.2195e-01 (5.2335e-01)	Loss TOTAL 9.1425e-01 (9.3064e-01)
Epoch: [19][ 70/497]	L_Src_Sup 2.3322e-01 (2.1144e-01)	L_Trg_Inj 3.3591e-01 (3.3060e-01)	Loss Disc 6.9319e-01 (6.9319e-01)	Loss Pred 5.4100e-01 (5.2435e-01)	Loss TOTAL 9.4450e-01 (9.3059e-01)
Epoch: [19][ 80/497]	L_Src_Sup 1.9470e-01 (2.1215e-01)	L_Trg_Inj 2.6065e-01 (3.2423e-01)	Loss Disc 6.9317e-01 (6.9319e-01)	Loss Pred 5.2321e-01 (5.2282e-01)	Loss TOTAL 9.1532e-01 (9.2927e-01)
Epoch: [19][ 90/497]	L_Src_Sup 1.9123e-01 (2.1305e-01)	L_Trg_Inj 2.7963e-01 (3.1664e-01)	Loss Disc 6.9322e-01 (6.9319e-01)	Loss Pred 5.2195e-01 (5.2162e-01)	Loss TOTAL 9.1565e-01 (9.2803e-01)
Epoch: [19][100/497]	L_Src_Sup 1.3209e-01 (2.1293e-01)	L_Trg_Inj 2.7957e-01 (3.1530e-01)	Loss Disc 6.9319e-01 (6.9319e-01)	Loss Pred 5.2187e-01 (5.2242e-01)	Loss TOTAL 9.0963e-01 (9.2861e-01)
Epoch: [19][110/497]	L_Src_Sup 3.3019e-01 (2.1281e-01)	L_Trg_Inj 2.4920e-01 (3.1318e-01)	Loss Disc 6.9325e-01 (6.9319e-01)	Loss Pred 5.4199e-01 (5.2262e-01)	Loss TOTAL 1.0275e+00 (9.2939e-01)
Epoch: [19][120/497]	L_Src_Sup 2.6175e-01 (2.1233e-01)	L_Trg_Inj 2.0014e-01 (3.1158e-01)	Loss Disc 6.9320e-01 (6.9319e-01)	Loss Pred 5.1565e-01 (5.2257e-01)	Loss TOTAL 9.7006e-01 (9.2958e-01)
Epoch: [19][130/497]	L_Src_Sup 3.8096e-01 (2.0915e-01)	L_Trg_Inj 3.5985e-01 (3.1367e-01)	Loss Disc 6.9318e-01 (6.9319e-01)	Loss Pred 5.2862e-01 (5.2203e-01)	Loss TOTAL 9.7040e-01 (9.2848e-01)
Epoch: [19][140/497]	L_Src_Sup 2.6435e-01 (2.0845e-01)	L_Trg_Inj 2.1536e-01 (3.1126e-01)	Loss Disc 6.9330e-01 (6.9319e-01)	Loss Pred 5.2204e-01 (5.2227e-01)	Loss TOTAL 9.6565e-01 (9.2837e-01)
Epoch: [19][150/497]	L_Src_Sup 1.5697e-01 (2.0563e-01)	L_Trg_Inj 2.4867e-01 (3.0864e-01)	Loss Disc 6.9323e-01 (6.9319e-01)	Loss Pred 5.4721e-01 (5.2231e-01)	Loss TOTAL 9.3440e-01 (9.2755e-01)
Epoch: [19][160/497]	L_Src_Sup 2.3303e-01 (2.0708e-01)	L_Trg_Inj 2.5678e-01 (3.0626e-01)	Loss Disc 6.9298e-01 (6.9318e-01)	Loss Pred 5.4178e-01 (5.2227e-01)	Loss TOTAL 9.3725e-01 (9.2754e-01)
Epoch: [19][170/497]	L_Src_Sup 3.0779e-01 (2.0593e-01)	L_Trg_Inj 2.3079e-01 (3.0353e-01)	Loss Disc 6.9308e-01 (6.9318e-01)	Loss Pred 5.3473e-01 (5.2264e-01)	Loss TOTAL 1.0121e+00 (9.2770e-01)
Epoch: [19][180/497]	L_Src_Sup 2.4295e-01 (2.0588e-01)	L_Trg_Inj 2.8075e-01 (3.0275e-01)	Loss Disc 6.9319e-01 (6.9318e-01)	Loss Pred 5.5758e-01 (5.2348e-01)	Loss TOTAL 9.5655e-01 (9.2804e-01)
Epoch: [19][190/497]	L_Src_Sup 2.2824e-01 (2.0714e-01)	L_Trg_Inj 2.7984e-01 (3.0070e-01)	Loss Disc 6.9323e-01 (6.9319e-01)	Loss Pred 5.1617e-01 (5.2339e-01)	Loss TOTAL 9.1359e-01 (9.2839e-01)
Epoch: [19][200/497]	L_Src_Sup 2.0697e-01 (2.0650e-01)	L_Trg_Inj 2.9053e-01 (3.0210e-01)	Loss Disc 6.9318e-01 (6.9319e-01)	Loss Pred 5.0933e-01 (5.2296e-01)	Loss TOTAL 9.0567e-01 (9.2803e-01)
Epoch: [19][210/497]	L_Src_Sup 2.6388e-01 (2.0623e-01)	L_Trg_Inj 2.4698e-01 (3.0190e-01)	Loss Disc 6.9319e-01 (6.9319e-01)	Loss Pred 5.5990e-01 (5.2320e-01)	Loss TOTAL 9.7448e-01 (9.2793e-01)
Epoch: [19][220/497]	L_Src_Sup 2.6553e-01 (2.0724e-01)	L_Trg_Inj 4.1107e-01 (3.0273e-01)	Loss Disc 6.9338e-01 (6.9319e-01)	Loss Pred 4.7779e-01 (5.2267e-01)	Loss TOTAL 8.9214e-01 (9.2748e-01)
Epoch: [19][230/497]	L_Src_Sup 1.8354e-01 (2.0747e-01)	L_Trg_Inj 3.4189e-01 (3.0375e-01)	Loss Disc 6.9276e-01 (6.9318e-01)	Loss Pred 5.0324e-01 (5.2257e-01)	Loss TOTAL 9.0217e-01 (9.2744e-01)
Epoch: [19][240/497]	L_Src_Sup 1.7879e-01 (2.0630e-01)	L_Trg_Inj 2.9789e-01 (3.0517e-01)	Loss Disc 6.9332e-01 (6.9315e-01)	Loss Pred 5.2782e-01 (5.2284e-01)	Loss TOTAL 9.2215e-01 (9.2777e-01)
Epoch: [19][250/497]	L_Src_Sup 1.8883e-01 (2.0669e-01)	L_Trg_Inj 4.7503e-01 (3.0648e-01)	Loss Disc 6.9432e-01 (6.9316e-01)	Loss Pred 5.2203e-01 (5.2293e-01)	Loss TOTAL 9.3558e-01 (9.2810e-01)
Epoch: [19][260/497]	L_Src_Sup 2.0971e-01 (2.0607e-01)	L_Trg_Inj 4.0391e-01 (3.0792e-01)	Loss Disc 6.9339e-01 (6.9317e-01)	Loss Pred 5.2820e-01 (5.2315e-01)	Loss TOTAL 9.3626e-01 (9.2814e-01)
Epoch: [19][270/497]	L_Src_Sup 2.5962e-01 (2.0648e-01)	L_Trg_Inj 2.4016e-01 (3.0781e-01)	Loss Disc 6.9313e-01 (6.9317e-01)	Loss Pred 5.1037e-01 (5.2283e-01)	Loss TOTAL 9.2637e-01 (9.2767e-01)
Epoch: [19][280/497]	L_Src_Sup 2.5760e-01 (2.0715e-01)	L_Trg_Inj 4.4154e-01 (3.0879e-01)	Loss Disc 6.9329e-01 (6.9318e-01)	Loss Pred 5.5997e-01 (5.2266e-01)	Loss TOTAL 9.7653e-01 (9.2743e-01)
Epoch: [19][290/497]	L_Src_Sup 2.9301e-01 (2.0777e-01)	L_Trg_Inj 2.9404e-01 (3.0884e-01)	Loss Disc 6.9332e-01 (6.9318e-01)	Loss Pred 5.4723e-01 (5.2206e-01)	Loss TOTAL 9.5259e-01 (9.2667e-01)
Epoch: [19][300/497]	L_Src_Sup 1.6441e-01 (2.0659e-01)	L_Trg_Inj 2.7335e-01 (3.0707e-01)	Loss Disc 6.9320e-01 (6.9318e-01)	Loss Pred 5.3572e-01 (5.2247e-01)	Loss TOTAL 9.2609e-01 (9.2673e-01)
Epoch: [19][310/497]	L_Src_Sup 1.1542e-01 (2.0654e-01)	L_Trg_Inj 2.9365e-01 (3.0754e-01)	Loss Disc 6.9332e-01 (6.9318e-01)	Loss Pred 5.3482e-01 (5.2203e-01)	Loss TOTAL 9.2238e-01 (9.2647e-01)
Epoch: [19][320/497]	L_Src_Sup 2.3202e-01 (2.0590e-01)	L_Trg_Inj 3.7566e-01 (3.0791e-01)	Loss Disc 6.9319e-01 (6.9318e-01)	Loss Pred 5.3450e-01 (5.2237e-01)	Loss TOTAL 9.4187e-01 (9.2659e-01)
Epoch: [19][330/497]	L_Src_Sup 1.1011e-01 (2.0524e-01)	L_Trg_Inj 2.4735e-01 (3.0673e-01)	Loss Disc 6.9318e-01 (6.9318e-01)	Loss Pred 5.0320e-01 (5.2197e-01)	Loss TOTAL 8.8553e-01 (9.2598e-01)
Epoch: [19][340/497]	L_Src_Sup 2.4001e-01 (2.0516e-01)	L_Trg_Inj 2.9329e-01 (3.0618e-01)	Loss Disc 6.9304e-01 (6.9318e-01)	Loss Pred 5.6008e-01 (5.2198e-01)	Loss TOTAL 9.5993e-01 (9.2576e-01)
Epoch: [19][350/497]	L_Src_Sup 2.9414e-01 (2.0591e-01)	L_Trg_Inj 2.2890e-01 (3.0562e-01)	Loss Disc 6.9320e-01 (6.9318e-01)	Loss Pred 5.4751e-01 (5.2175e-01)	Loss TOTAL 1.0116e+00 (9.2592e-01)
Epoch: [19][360/497]	L_Src_Sup 2.4075e-01 (2.0555e-01)	L_Trg_Inj 2.2653e-01 (3.0463e-01)	Loss Disc 6.9320e-01 (6.9318e-01)	Loss Pred 5.0957e-01 (5.2129e-01)	Loss TOTAL 9.1712e-01 (9.2526e-01)
Epoch: [19][370/497]	L_Src_Sup 2.5201e-01 (2.0608e-01)	L_Trg_Inj 3.2141e-01 (3.0386e-01)	Loss Disc 6.9316e-01 (6.9318e-01)	Loss Pred 5.0809e-01 (5.2106e-01)	Loss TOTAL 9.1202e-01 (9.2534e-01)
Epoch: [19][380/497]	L_Src_Sup 1.8880e-01 (2.0605e-01)	L_Trg_Inj 2.0212e-01 (3.0232e-01)	Loss Disc 6.9319e-01 (6.9318e-01)	Loss Pred 5.2194e-01 (5.2089e-01)	Loss TOTAL 9.0763e-01 (9.2503e-01)
Epoch: [19][390/497]	L_Src_Sup 1.8871e-01 (2.0555e-01)	L_Trg_Inj 3.0394e-01 (3.0218e-01)	Loss Disc 6.9321e-01 (6.9318e-01)	Loss Pred 5.2192e-01 (5.2120e-01)	Loss TOTAL 9.1779e-01 (9.2532e-01)
Epoch: [19][400/497]	L_Src_Sup 2.3402e-01 (2.0644e-01)	L_Trg_Inj 3.2558e-01 (3.0228e-01)	Loss Disc 6.9328e-01 (6.9319e-01)	Loss Pred 4.9074e-01 (5.2114e-01)	Loss TOTAL 8.9334e-01 (9.2548e-01)
Epoch: [19][410/497]	L_Src_Sup 2.1825e-01 (2.0607e-01)	L_Trg_Inj 2.4611e-01 (3.0131e-01)	Loss Disc 6.9322e-01 (6.9319e-01)	Loss Pred 4.9751e-01 (5.2105e-01)	Loss TOTAL 8.9056e-01 (9.2521e-01)
Epoch: [19][420/497]	L_Src_Sup 2.0588e-01 (2.0569e-01)	L_Trg_Inj 3.2654e-01 (3.0106e-01)	Loss Disc 6.9324e-01 (6.9319e-01)	Loss Pred 5.1709e-01 (5.2107e-01)	Loss TOTAL 9.1695e-01 (9.2502e-01)
Epoch: [19][430/497]	L_Src_Sup 7.8455e-02 (2.0481e-01)	L_Trg_Inj 2.6670e-01 (3.0106e-01)	Loss Disc 6.9344e-01 (6.9319e-01)	Loss Pred 5.4740e-01 (5.2087e-01)	Loss TOTAL 9.2864e-01 (9.2476e-01)
Epoch: [19][440/497]	L_Src_Sup 2.0679e-01 (2.0554e-01)	L_Trg_Inj 2.8019e-01 (3.0103e-01)	Loss Disc 6.9322e-01 (6.9319e-01)	Loss Pred 5.1561e-01 (5.2079e-01)	Loss TOTAL 9.1092e-01 (9.2493e-01)
Epoch: [19][450/497]	L_Src_Sup 1.7668e-01 (2.0602e-01)	L_Trg_Inj 2.8387e-01 (3.0055e-01)	Loss Disc 6.9323e-01 (6.9319e-01)	Loss Pred 5.4784e-01 (5.2077e-01)	Loss TOTAL 9.4051e-01 (9.2549e-01)
Epoch: [19][460/497]	L_Src_Sup 2.1623e-01 (2.0614e-01)	L_Trg_Inj 3.2573e-01 (2.9972e-01)	Loss Disc 6.9335e-01 (6.9319e-01)	Loss Pred 4.9042e-01 (5.2064e-01)	Loss TOTAL 8.9130e-01 (9.2518e-01)
Epoch: [19][470/497]	L_Src_Sup 2.4604e-01 (2.0665e-01)	L_Trg_Inj 3.8107e-01 (3.0022e-01)	Loss Disc 6.9320e-01 (6.9319e-01)	Loss Pred 5.2187e-01 (5.2086e-01)	Loss TOTAL 9.3119e-01 (9.2560e-01)
Epoch: [19][480/497]	L_Src_Sup 1.1359e-01 (2.0675e-01)	L_Trg_Inj 2.4852e-01 (3.0082e-01)	Loss Disc 6.9324e-01 (6.9319e-01)	Loss Pred 4.8424e-01 (5.2089e-01)	Loss TOTAL 8.6707e-01 (9.2554e-01)
Epoch: [19][490/497]	L_Src_Sup 2.2250e-01 (2.0725e-01)	L_Trg_Inj 3.2470e-01 (3.0114e-01)	Loss Disc 6.9321e-01 (6.9318e-01)	Loss Pred 5.0939e-01 (5.2108e-01)	Loss TOTAL 9.1072e-01 (9.2592e-01)
Epoch: [19][497/497]	L_Src_Sup 1.6675e-01 (2.0698e-01)	L_Trg_Inj 3.2266e-01 (3.0107e-01)	Loss Disc 6.9331e-01 (6.9318e-01)	Loss Pred 5.0950e-01 (5.2097e-01)	Loss TOTAL 9.0510e-01 (9.2567e-01)
Epoch 19 complete. Saving model state...
Epoch: [20][ 10/497]	L_Src_Sup 1.3216e-01 (2.1123e-01)	L_Trg_Inj 3.3072e-01 (3.0408e-01)	Loss Disc 6.9310e-01 (6.9315e-01)	Loss Pred 5.2202e-01 (5.2714e-01)	Loss TOTAL 9.1486e-01 (9.3386e-01)
Epoch: [20][ 20/497]	L_Src_Sup 2.7801e-01 (2.0307e-01)	L_Trg_Inj 2.6460e-01 (3.0755e-01)	Loss Disc 6.9321e-01 (6.9316e-01)	Loss Pred 5.0916e-01 (5.2620e-01)	Loss TOTAL 9.2344e-01 (9.2882e-01)
Epoch: [20][ 30/497]	L_Src_Sup 2.7453e-01 (2.1713e-01)	L_Trg_Inj 3.7358e-01 (3.1714e-01)	Loss Disc 6.9323e-01 (6.9316e-01)	Loss Pred 5.4705e-01 (5.2778e-01)	Loss TOTAL 9.5848e-01 (9.3234e-01)
Epoch: [20][ 40/497]	L_Src_Sup 2.3636e-01 (2.1139e-01)	L_Trg_Inj 3.9972e-01 (3.2067e-01)	Loss Disc 6.9329e-01 (6.9317e-01)	Loss Pred 4.9793e-01 (5.2512e-01)	Loss TOTAL 9.0818e-01 (9.2971e-01)
Epoch: [20][ 50/497]	L_Src_Sup 1.6163e-01 (2.1131e-01)	L_Trg_Inj 3.5637e-01 (3.2639e-01)	Loss Disc 6.9315e-01 (6.9318e-01)	Loss Pred 5.6638e-01 (5.2539e-01)	Loss TOTAL 9.6475e-01 (9.2965e-01)
Epoch: [20][ 60/497]	L_Src_Sup 1.9784e-01 (2.0815e-01)	L_Trg_Inj 3.9655e-01 (3.3034e-01)	Loss Disc 6.9318e-01 (6.9318e-01)	Loss Pred 5.4116e-01 (5.2536e-01)	Loss TOTAL 9.4719e-01 (9.2981e-01)
Epoch: [20][ 70/497]	L_Src_Sup 2.9589e-01 (2.1122e-01)	L_Trg_Inj 3.4089e-01 (3.3063e-01)	Loss Disc 6.9320e-01 (6.9319e-01)	Loss Pred 5.5474e-01 (5.2539e-01)	Loss TOTAL 9.6502e-01 (9.2969e-01)
Epoch: [20][ 80/497]	L_Src_Sup 1.3208e-01 (2.1027e-01)	L_Trg_Inj 4.0443e-01 (3.3114e-01)	Loss Disc 6.9313e-01 (6.9319e-01)	Loss Pred 5.2196e-01 (5.2444e-01)	Loss TOTAL 9.2217e-01 (9.2844e-01)
Epoch: [20][ 90/497]	L_Src_Sup 2.6790e-01 (2.0830e-01)	L_Trg_Inj 2.0153e-01 (3.2797e-01)	Loss Disc 6.9327e-01 (6.9319e-01)	Loss Pred 4.9832e-01 (5.2315e-01)	Loss TOTAL 9.5827e-01 (9.2767e-01)
Epoch: [20][100/497]	L_Src_Sup 1.9614e-01 (2.0793e-01)	L_Trg_Inj 3.8082e-01 (3.2786e-01)	Loss Disc 6.9318e-01 (6.9319e-01)	Loss Pred 5.4717e-01 (5.2264e-01)	Loss TOTAL 9.5146e-01 (9.2675e-01)
Epoch: [20][110/497]	L_Src_Sup 1.5105e-01 (2.0630e-01)	L_Trg_Inj 3.7091e-01 (3.2615e-01)	Loss Disc 6.9314e-01 (6.9319e-01)	Loss Pred 5.2228e-01 (5.2172e-01)	Loss TOTAL 9.2105e-01 (9.2514e-01)
Epoch: [20][120/497]	L_Src_Sup 1.7325e-01 (2.0645e-01)	L_Trg_Inj 1.4212e-01 (3.2342e-01)	Loss Disc 6.9331e-01 (6.9320e-01)	Loss Pred 5.3478e-01 (5.2144e-01)	Loss TOTAL 9.4410e-01 (9.2490e-01)
Epoch: [20][130/497]	L_Src_Sup 2.2643e-01 (2.0763e-01)	L_Trg_Inj 2.9435e-01 (3.2407e-01)	Loss Disc 6.9322e-01 (6.9320e-01)	Loss Pred 5.2213e-01 (5.2193e-01)	Loss TOTAL 9.2081e-01 (9.2527e-01)
Epoch: [20][140/497]	L_Src_Sup 1.3081e-01 (2.0621e-01)	L_Trg_Inj 3.2675e-01 (3.2218e-01)	Loss Disc 6.9326e-01 (6.9320e-01)	Loss Pred 5.1564e-01 (5.2256e-01)	Loss TOTAL 9.0803e-01 (9.2532e-01)
Epoch: [20][150/497]	L_Src_Sup 1.5153e-01 (2.0756e-01)	L_Trg_Inj 4.2701e-01 (3.2333e-01)	Loss Disc 6.9327e-01 (6.9320e-01)	Loss Pred 5.2210e-01 (5.2285e-01)	Loss TOTAL 9.2659e-01 (9.2587e-01)
Epoch: [20][160/497]	L_Src_Sup 1.8887e-01 (2.0765e-01)	L_Trg_Inj 3.0284e-01 (3.2422e-01)	Loss Disc 6.9315e-01 (6.9320e-01)	Loss Pred 5.2220e-01 (5.2315e-01)	Loss TOTAL 9.1795e-01 (9.2654e-01)
Epoch: [20][170/497]	L_Src_Sup 1.6999e-01 (2.0619e-01)	L_Trg_Inj 3.8295e-01 (3.2650e-01)	Loss Disc 6.9310e-01 (6.9320e-01)	Loss Pred 5.2280e-01 (5.2273e-01)	Loss TOTAL 9.2465e-01 (9.2599e-01)
Epoch: [20][180/497]	L_Src_Sup 2.1569e-01 (2.0566e-01)	L_Trg_Inj 3.0095e-01 (3.2562e-01)	Loss Disc 6.9270e-01 (6.9318e-01)	Loss Pred 5.3540e-01 (5.2344e-01)	Loss TOTAL 9.3341e-01 (9.2639e-01)
Epoch: [20][190/497]	L_Src_Sup 1.9123e-01 (2.0612e-01)	L_Trg_Inj 4.3469e-01 (3.2621e-01)	Loss Disc 6.9211e-01 (6.9315e-01)	Loss Pred 5.0944e-01 (5.2294e-01)	Loss TOTAL 9.1808e-01 (9.2601e-01)
Epoch: [20][200/497]	L_Src_Sup 2.0738e-01 (2.0582e-01)	L_Trg_Inj 2.6085e-01 (3.2596e-01)	Loss Disc 6.9440e-01 (6.9311e-01)	Loss Pred 5.2820e-01 (5.2279e-01)	Loss TOTAL 9.2222e-01 (9.2573e-01)
Epoch: [20][210/497]	L_Src_Sup 1.9220e-01 (2.0536e-01)	L_Trg_Inj 4.0618e-01 (3.2526e-01)	Loss Disc 6.9176e-01 (6.9306e-01)	Loss Pred 5.3005e-01 (5.2240e-01)	Loss TOTAL 9.3577e-01 (9.2595e-01)
Epoch: [20][220/497]	L_Src_Sup 3.1853e-01 (2.0575e-01)	L_Trg_Inj 2.9879e-01 (3.2494e-01)	Loss Disc 6.9304e-01 (6.9306e-01)	Loss Pred 5.1137e-01 (5.2239e-01)	Loss TOTAL 9.3936e-01 (9.2588e-01)
Epoch: [20][230/497]	L_Src_Sup 3.2505e-01 (2.0535e-01)	L_Trg_Inj 4.3140e-01 (3.2683e-01)	Loss Disc 6.9312e-01 (6.9307e-01)	Loss Pred 4.9039e-01 (5.2239e-01)	Loss TOTAL 9.1259e-01 (9.2586e-01)
Epoch: [20][240/497]	L_Src_Sup 2.5295e-01 (2.0826e-01)	L_Trg_Inj 2.4888e-01 (3.2713e-01)	Loss Disc 6.9332e-01 (6.9308e-01)	Loss Pred 5.3572e-01 (5.2218e-01)	Loss TOTAL 9.3664e-01 (9.2595e-01)
Epoch: [20][250/497]	L_Src_Sup 1.6549e-01 (2.0831e-01)	L_Trg_Inj 3.3068e-01 (3.2904e-01)	Loss Disc 6.9319e-01 (6.9308e-01)	Loss Pred 5.0327e-01 (5.2166e-01)	Loss TOTAL 8.9949e-01 (9.2568e-01)
Epoch: [20][260/497]	L_Src_Sup 2.2910e-01 (2.0776e-01)	L_Trg_Inj 3.4396e-01 (3.2925e-01)	Loss Disc 6.9303e-01 (6.9308e-01)	Loss Pred 5.0951e-01 (5.2141e-01)	Loss TOTAL 9.1333e-01 (9.2525e-01)
Epoch: [20][270/497]	L_Src_Sup 2.0788e-01 (2.0749e-01)	L_Trg_Inj 3.4583e-01 (3.2930e-01)	Loss Disc 6.9321e-01 (6.9308e-01)	Loss Pred 5.2191e-01 (5.2082e-01)	Loss TOTAL 9.2389e-01 (9.2450e-01)
Epoch: [20][280/497]	L_Src_Sup 2.4696e-01 (2.0855e-01)	L_Trg_Inj 3.2940e-01 (3.2848e-01)	Loss Disc 6.9311e-01 (6.9308e-01)	Loss Pred 5.2210e-01 (5.2074e-01)	Loss TOTAL 9.2629e-01 (9.2477e-01)
Epoch: [20][290/497]	L_Src_Sup 1.8819e-01 (2.0999e-01)	L_Trg_Inj 2.7841e-01 (3.2867e-01)	Loss Disc 6.9273e-01 (6.9308e-01)	Loss Pred 4.5310e-01 (5.2015e-01)	Loss TOTAL 8.4613e-01 (9.2443e-01)
Epoch: [20][300/497]	L_Src_Sup 1.3497e-01 (2.1017e-01)	L_Trg_Inj 3.1468e-01 (3.2708e-01)	Loss Disc 6.9338e-01 (6.9309e-01)	Loss Pred 5.3522e-01 (5.2060e-01)	Loss TOTAL 9.2688e-01 (9.2485e-01)
Epoch: [20][310/497]	L_Src_Sup 1.6773e-01 (2.0963e-01)	L_Trg_Inj 3.1252e-01 (3.2764e-01)	Loss Disc 6.9303e-01 (6.9309e-01)	Loss Pred 5.0331e-01 (5.2041e-01)	Loss TOTAL 8.9785e-01 (9.2459e-01)
Epoch: [20][320/497]	L_Src_Sup 2.2567e-01 (2.0949e-01)	L_Trg_Inj 2.7708e-01 (3.2726e-01)	Loss Disc 6.9356e-01 (6.9309e-01)	Loss Pred 5.6622e-01 (5.2065e-01)	Loss TOTAL 9.6327e-01 (9.2480e-01)
Epoch: [20][330/497]	L_Src_Sup 3.3480e-01 (2.1051e-01)	L_Trg_Inj 3.0734e-01 (3.2644e-01)	Loss Disc 6.9314e-01 (6.9309e-01)	Loss Pred 5.1982e-01 (5.2032e-01)	Loss TOTAL 9.5807e-01 (9.2469e-01)
Epoch: [20][340/497]	L_Src_Sup 2.1361e-01 (2.1100e-01)	L_Trg_Inj 3.3267e-01 (3.2396e-01)	Loss Disc 6.9321e-01 (6.9310e-01)	Loss Pred 5.4103e-01 (5.2061e-01)	Loss TOTAL 9.4226e-01 (9.2529e-01)
Epoch: [20][350/497]	L_Src_Sup 2.5128e-01 (2.1085e-01)	L_Trg_Inj 4.2264e-01 (3.2292e-01)	Loss Disc 6.9312e-01 (6.9310e-01)	Loss Pred 5.2823e-01 (5.2067e-01)	Loss TOTAL 9.4218e-01 (9.2515e-01)
Epoch: [20][360/497]	L_Src_Sup 2.1360e-01 (2.1156e-01)	L_Trg_Inj 1.7499e-01 (3.2323e-01)	Loss Disc 6.9338e-01 (6.9310e-01)	Loss Pred 5.4079e-01 (5.2090e-01)	Loss TOTAL 9.6495e-01 (9.2551e-01)
Epoch: [20][370/497]	L_Src_Sup 2.4161e-01 (2.1197e-01)	L_Trg_Inj 4.3156e-01 (3.2372e-01)	Loss Disc 6.9293e-01 (6.9310e-01)	Loss Pred 4.5890e-01 (5.2049e-01)	Loss TOTAL 8.7268e-01 (9.2509e-01)
Epoch: [20][380/497]	L_Src_Sup 2.2663e-01 (2.1249e-01)	L_Trg_Inj 2.1529e-01 (3.2460e-01)	Loss Disc 6.9353e-01 (6.9310e-01)	Loss Pred 5.2255e-01 (5.2046e-01)	Loss TOTAL 9.2485e-01 (9.2514e-01)
Epoch: [20][390/497]	L_Src_Sup 2.3497e-01 (2.1246e-01)	L_Trg_Inj 4.2483e-01 (3.2476e-01)	Loss Disc 6.9272e-01 (6.9310e-01)	Loss Pred 4.9303e-01 (5.2031e-01)	Loss TOTAL 9.0537e-01 (9.2509e-01)
Epoch: [20][400/497]	L_Src_Sup 1.6261e-01 (2.1203e-01)	L_Trg_Inj 3.5496e-01 (3.2416e-01)	Loss Disc 6.9253e-01 (6.9310e-01)	Loss Pred 4.9073e-01 (5.2039e-01)	Loss TOTAL 8.8875e-01 (9.2503e-01)
Epoch: [20][410/497]	L_Src_Sup 9.1758e-02 (2.1134e-01)	L_Trg_Inj 2.6996e-01 (3.2392e-01)	Loss Disc 6.9258e-01 (6.9309e-01)	Loss Pred 5.2203e-01 (5.2042e-01)	Loss TOTAL 9.0449e-01 (9.2486e-01)
Epoch: [20][420/497]	L_Src_Sup 2.4243e-01 (2.1123e-01)	L_Trg_Inj 3.1250e-01 (3.2271e-01)	Loss Disc 6.9277e-01 (6.9309e-01)	Loss Pred 5.6608e-01 (5.2070e-01)	Loss TOTAL 9.6796e-01 (9.2494e-01)
Epoch: [20][430/497]	L_Src_Sup 1.5587e-01 (2.1100e-01)	L_Trg_Inj 2.9032e-01 (3.2199e-01)	Loss Disc 6.9309e-01 (6.9308e-01)	Loss Pred 5.4124e-01 (5.2083e-01)	Loss TOTAL 9.3240e-01 (9.2490e-01)
Epoch: [20][440/497]	L_Src_Sup 8.0844e-02 (2.1023e-01)	L_Trg_Inj 2.2273e-01 (3.2017e-01)	Loss Disc 6.9375e-01 (6.9307e-01)	Loss Pred 5.6709e-01 (5.2073e-01)	Loss TOTAL 9.4433e-01 (9.2449e-01)
Epoch: [20][450/497]	L_Src_Sup 3.6093e-01 (2.1105e-01)	L_Trg_Inj 2.6303e-01 (3.1958e-01)	Loss Disc 6.9288e-01 (6.9307e-01)	Loss Pred 5.2201e-01 (5.2089e-01)	Loss TOTAL 1.0288e+00 (9.2512e-01)
Epoch: [20][460/497]	L_Src_Sup 1.9049e-01 (2.1043e-01)	L_Trg_Inj 2.5622e-01 (3.1854e-01)	Loss Disc 6.9311e-01 (6.9307e-01)	Loss Pred 5.2825e-01 (5.2090e-01)	Loss TOTAL 9.1948e-01 (9.2496e-01)
Epoch: [20][470/497]	L_Src_Sup 2.6930e-01 (2.1009e-01)	L_Trg_Inj 2.4870e-01 (3.1765e-01)	Loss Disc 6.9307e-01 (6.9307e-01)	Loss Pred 5.3443e-01 (5.2105e-01)	Loss TOTAL 9.5338e-01 (9.2502e-01)
Epoch: [20][480/497]	L_Src_Sup 1.3114e-01 (2.0884e-01)	L_Trg_Inj 2.1308e-01 (3.1663e-01)	Loss Disc 6.9326e-01 (6.9307e-01)	Loss Pred 5.1681e-01 (5.2091e-01)	Loss TOTAL 8.9786e-01 (9.2455e-01)
Epoch: [20][490/497]	L_Src_Sup 2.2636e-01 (2.0884e-01)	L_Trg_Inj 3.3026e-01 (3.1523e-01)	Loss Disc 6.9300e-01 (6.9307e-01)	Loss Pred 5.1677e-01 (5.2090e-01)	Loss TOTAL 9.1894e-01 (9.2458e-01)
Epoch: [20][497/497]	L_Src_Sup 2.2685e-01 (2.0853e-01)	L_Trg_Inj 2.5543e-01 (3.1528e-01)	Loss Disc 6.9294e-01 (6.9307e-01)	Loss Pred 5.2192e-01 (5.2108e-01)	Loss TOTAL 9.1662e-01 (9.2466e-01)
Epoch 20 complete. Saving model state...
Epoch: [21][ 10/497]	L_Src_Sup 3.1932e-01 (2.1466e-01)	L_Trg_Inj 2.6794e-01 (2.8515e-01)	Loss Disc 6.9259e-01 (6.9273e-01)	Loss Pred 5.2206e-01 (5.3603e-01)	Loss TOTAL 9.7846e-01 (9.4266e-01)
Epoch: [21][ 20/497]	L_Src_Sup 2.6410e-01 (2.2601e-01)	L_Trg_Inj 3.2777e-01 (3.0375e-01)	Loss Disc 6.9149e-01 (6.9226e-01)	Loss Pred 5.2283e-01 (5.2742e-01)	Loss TOTAL 9.2777e-01 (9.3373e-01)
Epoch: [21][ 30/497]	L_Src_Sup 2.0953e-01 (2.2316e-01)	L_Trg_Inj 3.8314e-01 (3.0560e-01)	Loss Disc 6.9156e-01 (6.9228e-01)	Loss Pred 5.2846e-01 (5.2826e-01)	Loss TOTAL 9.3351e-01 (9.3257e-01)
Epoch: [21][ 40/497]	L_Src_Sup 2.6124e-01 (2.2440e-01)	L_Trg_Inj 3.2502e-01 (3.0482e-01)	Loss Disc 6.9158e-01 (6.9237e-01)	Loss Pred 5.3147e-01 (5.2967e-01)	Loss TOTAL 9.3589e-01 (9.3542e-01)
Epoch: [21][ 50/497]	L_Src_Sup 2.1810e-01 (2.1468e-01)	L_Trg_Inj 2.4899e-01 (3.0158e-01)	Loss Disc 6.9209e-01 (6.9229e-01)	Loss Pred 4.9742e-01 (5.2472e-01)	Loss TOTAL 8.9017e-01 (9.2780e-01)
Epoch: [21][ 60/497]	L_Src_Sup 1.1014e-01 (2.1254e-01)	L_Trg_Inj 2.8182e-01 (2.9880e-01)	Loss Disc 6.9175e-01 (6.9222e-01)	Loss Pred 5.1575e-01 (5.2267e-01)	Loss TOTAL 9.0082e-01 (9.2625e-01)
Epoch: [21][ 70/497]	L_Src_Sup 2.0015e-01 (2.1548e-01)	L_Trg_Inj 3.9939e-01 (3.0294e-01)	Loss Disc 6.9319e-01 (6.9220e-01)	Loss Pred 5.5995e-01 (5.2070e-01)	Loss TOTAL 9.6650e-01 (9.2487e-01)
Epoch: [21][ 80/497]	L_Src_Sup 1.4864e-01 (2.1468e-01)	L_Trg_Inj 2.9108e-01 (3.0923e-01)	Loss Disc 6.9313e-01 (6.9220e-01)	Loss Pred 5.1722e-01 (5.2099e-01)	Loss TOTAL 9.0775e-01 (9.2515e-01)
Epoch: [21][ 90/497]	L_Src_Sup 2.4065e-01 (2.1560e-01)	L_Trg_Inj 3.2180e-01 (3.1188e-01)	Loss Disc 6.9175e-01 (6.9225e-01)	Loss Pred 5.0306e-01 (5.2125e-01)	Loss TOTAL 9.0517e-01 (9.2608e-01)
Epoch: [21][100/497]	L_Src_Sup 2.9445e-01 (2.1561e-01)	L_Trg_Inj 2.7698e-01 (3.1282e-01)	Loss Disc 6.9295e-01 (6.9220e-01)	Loss Pred 5.4750e-01 (5.1997e-01)	Loss TOTAL 9.6859e-01 (9.2445e-01)
Epoch: [21][110/497]	L_Src_Sup 1.4816e-01 (2.1380e-01)	L_Trg_Inj 3.0400e-01 (3.1177e-01)	Loss Disc 6.9105e-01 (6.9220e-01)	Loss Pred 5.0936e-01 (5.2032e-01)	Loss TOTAL 9.0010e-01 (9.2407e-01)
Epoch: [21][120/497]	L_Src_Sup 2.7463e-01 (2.1366e-01)	L_Trg_Inj 2.4539e-01 (3.1104e-01)	Loss Disc 6.9271e-01 (6.9209e-01)	Loss Pred 5.4743e-01 (5.1983e-01)	Loss TOTAL 9.7503e-01 (9.2336e-01)
Epoch: [21][130/497]	L_Src_Sup 2.4310e-01 (2.1160e-01)	L_Trg_Inj 3.5177e-01 (3.1220e-01)	Loss Disc 6.9301e-01 (6.9212e-01)	Loss Pred 5.1587e-01 (5.1852e-01)	Loss TOTAL 9.2187e-01 (9.2182e-01)
Epoch: [21][140/497]	L_Src_Sup 1.8396e-01 (2.1158e-01)	L_Trg_Inj 4.7422e-01 (3.1431e-01)	Loss Disc 6.9346e-01 (6.9221e-01)	Loss Pred 5.7256e-01 (5.1877e-01)	Loss TOTAL 9.8511e-01 (9.2220e-01)
Epoch: [21][150/497]	L_Src_Sup 1.6994e-01 (2.1031e-01)	L_Trg_Inj 2.5487e-01 (3.1479e-01)	Loss Disc 6.9337e-01 (6.9229e-01)	Loss Pred 5.2226e-01 (5.1846e-01)	Loss TOTAL 9.1143e-01 (9.2154e-01)
Epoch: [21][160/497]	L_Src_Sup 2.1570e-01 (2.0899e-01)	L_Trg_Inj 3.2593e-01 (3.1301e-01)	Loss Disc 6.9322e-01 (6.9235e-01)	Loss Pred 5.4701e-01 (5.1956e-01)	Loss TOTAL 9.4778e-01 (9.2226e-01)
Epoch: [21][170/497]	L_Src_Sup 2.6420e-01 (2.0846e-01)	L_Trg_Inj 1.8470e-01 (3.0958e-01)	Loss Disc 6.9215e-01 (6.9238e-01)	Loss Pred 5.2181e-01 (5.1974e-01)	Loss TOTAL 9.9227e-01 (9.2253e-01)
Epoch: [21][180/497]	L_Src_Sup 1.9975e-01 (2.0827e-01)	L_Trg_Inj 3.4658e-01 (3.0731e-01)	Loss Disc 6.8832e-01 (6.9225e-01)	Loss Pred 5.1579e-01 (5.1967e-01)	Loss TOTAL 9.1459e-01 (9.2269e-01)
Epoch: [21][190/497]	L_Src_Sup 1.7003e-01 (2.0716e-01)	L_Trg_Inj 3.5143e-01 (3.0924e-01)	Loss Disc 6.9356e-01 (6.9229e-01)	Loss Pred 5.2219e-01 (5.1960e-01)	Loss TOTAL 9.2111e-01 (9.2270e-01)
Epoch: [21][200/497]	L_Src_Sup 2.0955e-01 (2.0821e-01)	L_Trg_Inj 2.8631e-01 (3.0952e-01)	Loss Disc 6.9280e-01 (6.9233e-01)	Loss Pred 5.2870e-01 (5.2007e-01)	Loss TOTAL 9.2469e-01 (9.2338e-01)
Epoch: [21][210/497]	L_Src_Sup 1.2129e-01 (2.0718e-01)	L_Trg_Inj 4.1992e-01 (3.1086e-01)	Loss Disc 6.9339e-01 (6.9239e-01)	Loss Pred 5.6642e-01 (5.1979e-01)	Loss TOTAL 9.6724e-01 (9.2334e-01)
Epoch: [21][220/497]	L_Src_Sup 1.6581e-01 (2.0744e-01)	L_Trg_Inj 2.0140e-01 (3.1084e-01)	Loss Disc 6.9262e-01 (6.9244e-01)	Loss Pred 5.2836e-01 (5.1947e-01)	Loss TOTAL 9.1139e-01 (9.2296e-01)
Epoch: [21][230/497]	L_Src_Sup 2.4311e-01 (2.0700e-01)	L_Trg_Inj 2.7808e-01 (3.0985e-01)	Loss Disc 6.9346e-01 (6.9248e-01)	Loss Pred 5.1568e-01 (5.1917e-01)	Loss TOTAL 9.1453e-01 (9.2290e-01)
Epoch: [21][240/497]	L_Src_Sup 2.4412e-01 (2.0621e-01)	L_Trg_Inj 2.8435e-01 (3.0976e-01)	Loss Disc 6.9332e-01 (6.9252e-01)	Loss Pred 5.1254e-01 (5.1875e-01)	Loss TOTAL 9.1205e-01 (9.2217e-01)
Epoch: [21][250/497]	L_Src_Sup 7.2846e-02 (2.0611e-01)	L_Trg_Inj 2.9324e-01 (3.0906e-01)	Loss Disc 6.9347e-01 (6.9256e-01)	Loss Pred 4.8747e-01 (5.1823e-01)	Loss TOTAL 8.7082e-01 (9.2153e-01)
Epoch: [21][260/497]	L_Src_Sup 2.0773e-01 (2.0514e-01)	L_Trg_Inj 3.4363e-01 (3.0834e-01)	Loss Disc 6.9347e-01 (6.9259e-01)	Loss Pred 5.0319e-01 (5.1779e-01)	Loss TOTAL 9.0506e-01 (9.2075e-01)
Epoch: [21][270/497]	L_Src_Sup 2.1470e-01 (2.0549e-01)	L_Trg_Inj 2.9505e-01 (3.0754e-01)	Loss Disc 6.9363e-01 (6.9261e-01)	Loss Pred 5.0305e-01 (5.1837e-01)	Loss TOTAL 9.0083e-01 (9.2171e-01)
Epoch: [21][280/497]	L_Src_Sup 2.6712e-01 (2.0570e-01)	L_Trg_Inj 2.0142e-01 (3.0648e-01)	Loss Disc 6.9340e-01 (6.9263e-01)	Loss Pred 4.8453e-01 (5.1826e-01)	Loss TOTAL 9.4378e-01 (9.2157e-01)
Epoch: [21][290/497]	L_Src_Sup 1.8883e-01 (2.0481e-01)	L_Trg_Inj 3.5364e-01 (3.0680e-01)	Loss Disc 6.9331e-01 (6.9266e-01)	Loss Pred 5.2231e-01 (5.1805e-01)	Loss TOTAL 9.2321e-01 (9.2112e-01)
Epoch: [21][300/497]	L_Src_Sup 8.3326e-02 (2.0353e-01)	L_Trg_Inj 2.7797e-01 (3.0600e-01)	Loss Disc 6.9291e-01 (6.9267e-01)	Loss Pred 5.8343e-01 (5.1863e-01)	Loss TOTAL 9.6601e-01 (9.2140e-01)
Epoch: [21][310/497]	L_Src_Sup 2.0467e-01 (2.0340e-01)	L_Trg_Inj 2.4168e-01 (3.0504e-01)	Loss Disc 6.9291e-01 (6.9268e-01)	Loss Pred 4.9725e-01 (5.1857e-01)	Loss TOTAL 8.8834e-01 (9.2116e-01)
Epoch: [21][320/497]	L_Src_Sup 2.2431e-01 (2.0365e-01)	L_Trg_Inj 3.2899e-01 (3.0480e-01)	Loss Disc 6.9333e-01 (6.9269e-01)	Loss Pred 5.1555e-01 (5.1908e-01)	Loss TOTAL 9.1755e-01 (9.2151e-01)
Epoch: [21][330/497]	L_Src_Sup 7.5547e-02 (2.0388e-01)	L_Trg_Inj 3.1534e-01 (3.0433e-01)	Loss Disc 6.9309e-01 (6.9271e-01)	Loss Pred 5.2190e-01 (5.1897e-01)	Loss TOTAL 9.0753e-01 (9.2188e-01)
Epoch: [21][340/497]	L_Src_Sup 2.2576e-01 (2.0457e-01)	L_Trg_Inj 2.7849e-01 (3.0494e-01)	Loss Disc 6.9312e-01 (6.9272e-01)	Loss Pred 5.1566e-01 (5.1938e-01)	Loss TOTAL 9.1264e-01 (9.2233e-01)
Epoch: [21][350/497]	L_Src_Sup 1.4188e-01 (2.0463e-01)	L_Trg_Inj 3.2964e-01 (3.0536e-01)	Loss Disc 6.9335e-01 (6.9273e-01)	Loss Pred 4.9060e-01 (5.1980e-01)	Loss TOTAL 8.8442e-01 (9.2298e-01)
Epoch: [21][360/497]	L_Src_Sup 1.2501e-01 (2.0464e-01)	L_Trg_Inj 2.7212e-01 (3.0514e-01)	Loss Disc 6.9327e-01 (6.9275e-01)	Loss Pred 4.8405e-01 (5.2001e-01)	Loss TOTAL 8.7040e-01 (9.2301e-01)
Epoch: [21][370/497]	L_Src_Sup 1.9003e-01 (2.0433e-01)	L_Trg_Inj 3.0955e-01 (3.0504e-01)	Loss Disc 6.9330e-01 (6.9276e-01)	Loss Pred 4.9146e-01 (5.1968e-01)	Loss TOTAL 8.8807e-01 (9.2255e-01)
Epoch: [21][380/497]	L_Src_Sup 1.5200e-01 (2.0425e-01)	L_Trg_Inj 3.7827e-01 (3.0530e-01)	Loss Disc 6.9243e-01 (6.9276e-01)	Loss Pred 5.2276e-01 (5.1959e-01)	Loss TOTAL 9.2201e-01 (9.2265e-01)
Epoch: [21][390/497]	L_Src_Sup 2.4293e-01 (2.0444e-01)	L_Trg_Inj 2.2540e-01 (3.0461e-01)	Loss Disc 6.9170e-01 (6.9274e-01)	Loss Pred 5.0978e-01 (5.1958e-01)	Loss TOTAL 9.2000e-01 (9.2262e-01)
Epoch: [21][400/497]	L_Src_Sup 1.3549e-01 (2.0434e-01)	L_Trg_Inj 3.0807e-01 (3.0413e-01)	Loss Disc 6.9141e-01 (6.9273e-01)	Loss Pred 5.1641e-01 (5.1973e-01)	Loss TOTAL 9.0647e-01 (9.2272e-01)
Epoch: [21][410/497]	L_Src_Sup 1.7362e-01 (2.0427e-01)	L_Trg_Inj 3.4625e-01 (3.0458e-01)	Loss Disc 6.9123e-01 (6.9270e-01)	Loss Pred 5.3460e-01 (5.1978e-01)	Loss TOTAL 9.3220e-01 (9.2268e-01)
Epoch: [21][420/497]	L_Src_Sup 3.1987e-01 (2.0550e-01)	L_Trg_Inj 3.0520e-01 (3.0467e-01)	Loss Disc 6.9319e-01 (6.9270e-01)	Loss Pred 5.0352e-01 (5.1971e-01)	Loss TOTAL 9.2729e-01 (9.2308e-01)
Epoch: [21][430/497]	L_Src_Sup 2.7243e-01 (2.0729e-01)	L_Trg_Inj 3.2834e-01 (3.0467e-01)	Loss Disc 6.9327e-01 (6.9272e-01)	Loss Pred 5.4084e-01 (5.1984e-01)	Loss TOTAL 9.4755e-01 (9.2411e-01)
Epoch: [21][440/497]	L_Src_Sup 1.6661e-01 (2.0771e-01)	L_Trg_Inj 2.7134e-01 (3.0427e-01)	Loss Disc 6.9314e-01 (6.9273e-01)	Loss Pred 5.0943e-01 (5.1996e-01)	Loss TOTAL 8.9979e-01 (9.2446e-01)
Epoch: [21][450/497]	L_Src_Sup 3.4263e-01 (2.0798e-01)	L_Trg_Inj 2.1858e-01 (3.0359e-01)	Loss Disc 6.9274e-01 (6.9274e-01)	Loss Pred 4.9198e-01 (5.2024e-01)	Loss TOTAL 1.0185e+00 (9.2514e-01)
Epoch: [21][460/497]	L_Src_Sup 2.1040e-01 (2.0828e-01)	L_Trg_Inj 4.3130e-01 (3.0403e-01)	Loss Disc 6.9224e-01 (6.9273e-01)	Loss Pred 5.2848e-01 (5.2037e-01)	Loss TOTAL 9.3877e-01 (9.2536e-01)
Epoch: [21][470/497]	L_Src_Sup 1.8194e-01 (2.0800e-01)	L_Trg_Inj 3.2595e-01 (3.0386e-01)	Loss Disc 6.9346e-01 (6.9274e-01)	Loss Pred 5.6903e-01 (5.2075e-01)	Loss TOTAL 9.6655e-01 (9.2557e-01)
Epoch: [21][480/497]	L_Src_Sup 3.8840e-01 (2.0813e-01)	L_Trg_Inj 2.0225e-01 (3.0359e-01)	Loss Disc 6.9340e-01 (6.9275e-01)	Loss Pred 5.4077e-01 (5.2123e-01)	Loss TOTAL 1.1327e+00 (9.2628e-01)
Epoch: [21][490/497]	L_Src_Sup 2.6964e-01 (2.0843e-01)	L_Trg_Inj 2.0701e-01 (3.0344e-01)	Loss Disc 6.9322e-01 (6.9276e-01)	Loss Pred 5.1564e-01 (5.2117e-01)	Loss TOTAL 9.7254e-01 (9.2628e-01)
Epoch: [21][497/497]	L_Src_Sup 2.2917e-01 (2.0805e-01)	L_Trg_Inj 2.6432e-01 (3.0323e-01)	Loss Disc 6.9328e-01 (6.9276e-01)	Loss Pred 5.2855e-01 (5.2103e-01)	Loss TOTAL 9.2453e-01 (9.2598e-01)
Epoch 21 complete. Saving model state...
Epoch: [22][ 10/497]	L_Src_Sup 1.7782e-01 (2.2118e-01)	L_Trg_Inj 2.8785e-01 (2.5664e-01)	Loss Disc 6.9315e-01 (6.9319e-01)	Loss Pred 5.2828e-01 (5.1227e-01)	Loss TOTAL 9.2142e-01 (9.1427e-01)
Epoch: [22][ 20/497]	L_Src_Sup 1.7437e-01 (2.0450e-01)	L_Trg_Inj 3.1446e-01 (2.6692e-01)	Loss Disc 6.9281e-01 (6.9310e-01)	Loss Pred 5.1629e-01 (5.1166e-01)	Loss TOTAL 9.1158e-01 (9.1088e-01)
Epoch: [22][ 30/497]	L_Src_Sup 2.8376e-01 (2.0843e-01)	L_Trg_Inj 2.7558e-01 (2.7742e-01)	Loss Disc 6.9245e-01 (6.9299e-01)	Loss Pred 5.0690e-01 (5.1436e-01)	Loss TOTAL 9.1723e-01 (9.1475e-01)
Epoch: [22][ 40/497]	L_Src_Sup 1.4708e-01 (2.0920e-01)	L_Trg_Inj 3.3565e-01 (2.8516e-01)	Loss Disc 6.9158e-01 (6.9286e-01)	Loss Pred 5.0321e-01 (5.1514e-01)	Loss TOTAL 8.9727e-01 (9.1756e-01)
Epoch: [22][ 50/497]	L_Src_Sup 2.3938e-01 (2.1113e-01)	L_Trg_Inj 3.5171e-01 (2.9278e-01)	Loss Disc 6.9204e-01 (6.9284e-01)	Loss Pred 5.0389e-01 (5.1763e-01)	Loss TOTAL 9.0902e-01 (9.2025e-01)
Epoch: [22][ 60/497]	L_Src_Sup 2.8668e-01 (2.0994e-01)	L_Trg_Inj 3.1278e-01 (2.9813e-01)	Loss Disc 6.9294e-01 (6.9287e-01)	Loss Pred 5.1038e-01 (5.1881e-01)	Loss TOTAL 9.1680e-01 (9.2118e-01)
Epoch: [22][ 70/497]	L_Src_Sup 1.4026e-01 (2.0368e-01)	L_Trg_Inj 3.7629e-01 (3.0745e-01)	Loss Disc 6.9290e-01 (6.9285e-01)	Loss Pred 4.7942e-01 (5.1752e-01)	Loss TOTAL 8.7752e-01 (9.1946e-01)
Epoch: [22][ 80/497]	L_Src_Sup 2.1629e-01 (2.0343e-01)	L_Trg_Inj 3.1576e-01 (3.0319e-01)	Loss Disc 6.9226e-01 (6.9283e-01)	Loss Pred 4.7288e-01 (5.1606e-01)	Loss TOTAL 8.7221e-01 (9.1722e-01)
Epoch: [22][ 90/497]	L_Src_Sup 2.4918e-01 (2.0557e-01)	L_Trg_Inj 3.6406e-01 (3.0662e-01)	Loss Disc 6.9292e-01 (6.9280e-01)	Loss Pred 5.4118e-01 (5.1820e-01)	Loss TOTAL 9.4896e-01 (9.1949e-01)
Epoch: [22][100/497]	L_Src_Sup 2.5702e-01 (2.0435e-01)	L_Trg_Inj 2.6349e-01 (3.0698e-01)	Loss Disc 6.9333e-01 (6.9285e-01)	Loss Pred 5.0327e-01 (5.1746e-01)	Loss TOTAL 9.0198e-01 (9.1833e-01)
Epoch: [22][110/497]	L_Src_Sup 1.6478e-01 (2.0195e-01)	L_Trg_Inj 1.9926e-01 (3.0314e-01)	Loss Disc 6.9252e-01 (6.9285e-01)	Loss Pred 4.9693e-01 (5.1856e-01)	Loss TOTAL 8.7959e-01 (9.1850e-01)
Epoch: [22][120/497]	L_Src_Sup 1.3468e-01 (1.9897e-01)	L_Trg_Inj 2.0961e-01 (2.9977e-01)	Loss Disc 6.9320e-01 (6.9286e-01)	Loss Pred 5.3467e-01 (5.1745e-01)	Loss TOTAL 9.1570e-01 (9.1684e-01)
Epoch: [22][130/497]	L_Src_Sup 1.6188e-01 (2.0098e-01)	L_Trg_Inj 3.0800e-01 (3.0024e-01)	Loss Disc 6.9393e-01 (6.9287e-01)	Loss Pred 5.6005e-01 (5.1770e-01)	Loss TOTAL 9.5400e-01 (9.1828e-01)
Epoch: [22][140/497]	L_Src_Sup 2.2015e-01 (2.0129e-01)	L_Trg_Inj 2.3211e-01 (3.0010e-01)	Loss Disc 6.9234e-01 (6.9287e-01)	Loss Pred 5.0324e-01 (5.1780e-01)	Loss TOTAL 8.9464e-01 (9.1829e-01)
Epoch: [22][150/497]	L_Src_Sup 1.5444e-01 (2.0091e-01)	L_Trg_Inj 2.0873e-01 (2.9694e-01)	Loss Disc 6.8728e-01 (6.9269e-01)	Loss Pred 5.0412e-01 (5.1805e-01)	Loss TOTAL 8.8408e-01 (9.1835e-01)
Epoch: [22][160/497]	L_Src_Sup 2.7723e-01 (2.0130e-01)	L_Trg_Inj 2.8824e-01 (2.9548e-01)	Loss Disc 6.9847e-01 (6.9188e-01)	Loss Pred 5.5337e-01 (5.1937e-01)	Loss TOTAL 9.5915e-01 (9.1908e-01)
Epoch: [22][170/497]	L_Src_Sup 1.6366e-01 (2.0130e-01)	L_Trg_Inj 2.8791e-01 (2.9283e-01)	Loss Disc 6.9421e-01 (6.9205e-01)	Loss Pred 4.9700e-01 (5.1889e-01)	Loss TOTAL 8.8926e-01 (9.1844e-01)
Epoch: [22][180/497]	L_Src_Sup 1.5391e-01 (2.0044e-01)	L_Trg_Inj 4.0855e-01 (2.9356e-01)	Loss Disc 6.9403e-01 (6.9212e-01)	Loss Pred 5.3464e-01 (5.1913e-01)	Loss TOTAL 9.3791e-01 (9.1867e-01)
Epoch: [22][190/497]	L_Src_Sup 2.1191e-01 (2.0156e-01)	L_Trg_Inj 2.6047e-01 (2.9468e-01)	Loss Disc 6.9295e-01 (6.9218e-01)	Loss Pred 5.3451e-01 (5.1945e-01)	Loss TOTAL 9.2822e-01 (9.1907e-01)
Epoch: [22][200/497]	L_Src_Sup 1.5544e-01 (2.0231e-01)	L_Trg_Inj 3.2329e-01 (2.9376e-01)	Loss Disc 6.9348e-01 (6.9223e-01)	Loss Pred 5.4102e-01 (5.1917e-01)	Loss TOTAL 9.3564e-01 (9.1905e-01)
Epoch: [22][210/497]	L_Src_Sup 9.4381e-02 (2.0122e-01)	L_Trg_Inj 3.2177e-01 (2.9332e-01)	Loss Disc 6.9341e-01 (6.9229e-01)	Loss Pred 5.2190e-01 (5.1940e-01)	Loss TOTAL 9.1022e-01 (9.1915e-01)
Epoch: [22][220/497]	L_Src_Sup 1.4706e-01 (2.0121e-01)	L_Trg_Inj 2.8103e-01 (2.9295e-01)	Loss Disc 6.9339e-01 (6.9234e-01)	Loss Pred 5.2363e-01 (5.1914e-01)	Loss TOTAL 9.1313e-01 (9.1882e-01)
Epoch: [22][230/497]	L_Src_Sup 1.3296e-01 (2.0180e-01)	L_Trg_Inj 1.5547e-01 (2.9341e-01)	Loss Disc 6.9256e-01 (6.9238e-01)	Loss Pred 5.2810e-01 (5.1911e-01)	Loss TOTAL 9.0322e-01 (9.1881e-01)
Epoch: [22][240/497]	L_Src_Sup 2.0001e-01 (2.0115e-01)	L_Trg_Inj 2.4758e-01 (2.9195e-01)	Loss Disc 6.9287e-01 (6.9241e-01)	Loss Pred 5.5979e-01 (5.1945e-01)	Loss TOTAL 9.5098e-01 (9.1881e-01)
Epoch: [22][250/497]	L_Src_Sup 2.3008e-01 (2.0203e-01)	L_Trg_Inj 2.4438e-01 (2.9020e-01)	Loss Disc 6.9329e-01 (6.9246e-01)	Loss Pred 5.2312e-01 (5.1947e-01)	Loss TOTAL 9.1721e-01 (9.1933e-01)
Epoch: [22][260/497]	L_Src_Sup 1.8127e-01 (2.0204e-01)	L_Trg_Inj 2.9402e-01 (2.8826e-01)	Loss Disc 6.9367e-01 (6.9249e-01)	Loss Pred 4.8435e-01 (5.1960e-01)	Loss TOTAL 8.7871e-01 (9.1973e-01)
Epoch: [22][270/497]	L_Src_Sup 2.3638e-01 (2.0122e-01)	L_Trg_Inj 2.4178e-01 (2.8720e-01)	Loss Disc 6.9331e-01 (6.9252e-01)	Loss Pred 4.9654e-01 (5.1957e-01)	Loss TOTAL 8.9102e-01 (9.1935e-01)
Epoch: [22][280/497]	L_Src_Sup 2.5255e-01 (2.0164e-01)	L_Trg_Inj 3.5140e-01 (2.8751e-01)	Loss Disc 6.9314e-01 (6.9255e-01)	Loss Pred 5.4094e-01 (5.1989e-01)	Loss TOTAL 9.4791e-01 (9.1980e-01)
Epoch: [22][290/497]	L_Src_Sup 1.6090e-01 (2.0024e-01)	L_Trg_Inj 3.9562e-01 (2.8740e-01)	Loss Disc 6.9378e-01 (6.9257e-01)	Loss Pred 4.8398e-01 (5.1939e-01)	Loss TOTAL 8.8653e-01 (9.1900e-01)
Epoch: [22][300/497]	L_Src_Sup 2.6771e-01 (2.0032e-01)	L_Trg_Inj 4.1751e-01 (2.8823e-01)	Loss Disc 6.9388e-01 (6.9260e-01)	Loss Pred 4.7791e-01 (5.1979e-01)	Loss TOTAL 8.9338e-01 (9.1955e-01)
Epoch: [22][310/497]	L_Src_Sup 3.2080e-01 (2.0019e-01)	L_Trg_Inj 3.1061e-01 (2.8834e-01)	Loss Disc 6.9309e-01 (6.9262e-01)	Loss Pred 5.5986e-01 (5.1993e-01)	Loss TOTAL 9.7975e-01 (9.1963e-01)
Epoch: [22][320/497]	L_Src_Sup 2.2205e-01 (1.9949e-01)	L_Trg_Inj 3.4943e-01 (2.8816e-01)	Loss Disc 6.9316e-01 (6.9264e-01)	Loss Pred 5.4142e-01 (5.2001e-01)	Loss TOTAL 9.4514e-01 (9.1961e-01)
Epoch: [22][330/497]	L_Src_Sup 2.4697e-01 (1.9985e-01)	L_Trg_Inj 2.6549e-01 (2.8763e-01)	Loss Disc 6.9331e-01 (6.9265e-01)	Loss Pred 5.2186e-01 (5.2030e-01)	Loss TOTAL 9.1976e-01 (9.1992e-01)
Epoch: [22][340/497]	L_Src_Sup 1.9236e-01 (2.0027e-01)	L_Trg_Inj 3.3900e-01 (2.8755e-01)	Loss Disc 6.9318e-01 (6.9267e-01)	Loss Pred 5.3511e-01 (5.2037e-01)	Loss TOTAL 9.3484e-01 (9.2007e-01)
Epoch: [22][350/497]	L_Src_Sup 2.5034e-01 (2.0040e-01)	L_Trg_Inj 2.6215e-01 (2.8744e-01)	Loss Disc 6.9345e-01 (6.9268e-01)	Loss Pred 4.8410e-01 (5.2010e-01)	Loss TOTAL 8.8208e-01 (9.1985e-01)
Epoch: [22][360/497]	L_Src_Sup 1.3727e-01 (2.0079e-01)	L_Trg_Inj 3.5766e-01 (2.8782e-01)	Loss Disc 6.9304e-01 (6.9269e-01)	Loss Pred 5.4709e-01 (5.2042e-01)	Loss TOTAL 9.4311e-01 (9.2045e-01)
Epoch: [22][370/497]	L_Src_Sup 3.1781e-01 (2.0144e-01)	L_Trg_Inj 2.0495e-01 (2.8903e-01)	Loss Disc 6.9310e-01 (6.9271e-01)	Loss Pred 5.1571e-01 (5.2026e-01)	Loss TOTAL 1.0274e+00 (9.2069e-01)
Epoch: [22][380/497]	L_Src_Sup 9.7125e-02 (2.0117e-01)	L_Trg_Inj 3.5122e-01 (2.8877e-01)	Loss Disc 6.9322e-01 (6.9272e-01)	Loss Pred 5.5039e-01 (5.2045e-01)	Loss TOTAL 9.4184e-01 (9.2099e-01)
Epoch: [22][390/497]	L_Src_Sup 2.0041e-01 (2.0108e-01)	L_Trg_Inj 3.4775e-01 (2.8977e-01)	Loss Disc 6.9311e-01 (6.9274e-01)	Loss Pred 5.4720e-01 (5.2026e-01)	Loss TOTAL 9.4857e-01 (9.2122e-01)
Epoch: [22][400/497]	L_Src_Sup 1.4546e-01 (2.0125e-01)	L_Trg_Inj 3.5289e-01 (2.9080e-01)	Loss Disc 6.9322e-01 (6.9275e-01)	Loss Pred 4.9705e-01 (5.1971e-01)	Loss TOTAL 8.9349e-01 (9.2066e-01)
Epoch: [22][410/497]	L_Src_Sup 1.7661e-01 (2.0093e-01)	L_Trg_Inj 2.7790e-01 (2.9146e-01)	Loss Disc 6.9327e-01 (6.9276e-01)	Loss Pred 5.4778e-01 (5.1988e-01)	Loss TOTAL 9.3986e-01 (9.2074e-01)
Epoch: [22][420/497]	L_Src_Sup 2.0194e-01 (2.0084e-01)	L_Trg_Inj 1.1307e-01 (2.9113e-01)	Loss Disc 6.9322e-01 (6.9277e-01)	Loss Pred 5.3483e-01 (5.1997e-01)	Loss TOTAL 1.0018e+00 (9.2089e-01)
Epoch: [22][430/497]	L_Src_Sup 1.4479e-01 (2.0102e-01)	L_Trg_Inj 2.2133e-01 (2.9107e-01)	Loss Disc 6.9303e-01 (6.9278e-01)	Loss Pred 5.7862e-01 (5.2035e-01)	Loss TOTAL 9.6175e-01 (9.2133e-01)
Epoch: [22][440/497]	L_Src_Sup 1.3606e-01 (2.0111e-01)	L_Trg_Inj 1.9018e-01 (2.9054e-01)	Loss Disc 6.9319e-01 (6.9279e-01)	Loss Pred 5.1758e-01 (5.2004e-01)	Loss TOTAL 8.9680e-01 (9.2112e-01)
Epoch: [22][450/497]	L_Src_Sup 1.3218e-01 (2.0060e-01)	L_Trg_Inj 3.1864e-01 (2.9012e-01)	Loss Disc 6.9328e-01 (6.9280e-01)	Loss Pred 5.2254e-01 (5.2015e-01)	Loss TOTAL 9.1426e-01 (9.2109e-01)
Epoch: [22][460/497]	L_Src_Sup 3.1081e-01 (2.0018e-01)	L_Trg_Inj 2.2962e-01 (2.8808e-01)	Loss Disc 6.9321e-01 (6.9281e-01)	Loss Pred 5.4197e-01 (5.2035e-01)	Loss TOTAL 1.0238e+00 (9.2161e-01)
Epoch: [22][470/497]	L_Src_Sup 3.4814e-01 (2.0125e-01)	L_Trg_Inj 3.3900e-01 (2.8821e-01)	Loss Disc 6.9334e-01 (6.9282e-01)	Loss Pred 4.9683e-01 (5.2034e-01)	Loss TOTAL 9.2135e-01 (9.2196e-01)
Epoch: [22][480/497]	L_Src_Sup 2.0202e-01 (2.0133e-01)	L_Trg_Inj 3.2587e-01 (2.8934e-01)	Loss Disc 6.9319e-01 (6.9283e-01)	Loss Pred 5.0790e-01 (5.2047e-01)	Loss TOTAL 9.0729e-01 (9.2230e-01)
Epoch: [22][490/497]	L_Src_Sup 1.6163e-01 (2.0138e-01)	L_Trg_Inj 2.6948e-01 (2.8942e-01)	Loss Disc 6.9293e-01 (6.9284e-01)	Loss Pred 5.4725e-01 (5.2068e-01)	Loss TOTAL 9.3683e-01 (9.2259e-01)
Epoch: [22][497/497]	L_Src_Sup 2.1163e-01 (2.0102e-01)	L_Trg_Inj 4.6527e-01 (2.8972e-01)	Loss Disc 6.9350e-01 (6.9284e-01)	Loss Pred 5.3449e-01 (5.2088e-01)	Loss TOTAL 9.4893e-01 (9.2273e-01)
Epoch 22 complete. Saving model state...
Epoch: [23][ 10/497]	L_Src_Sup 2.0315e-01 (2.4384e-01)	L_Trg_Inj 2.8200e-01 (2.9815e-01)	Loss Disc 6.9286e-01 (6.9307e-01)	Loss Pred 5.5971e-01 (5.4514e-01)	Loss TOTAL 9.5466e-01 (9.5778e-01)
Epoch: [23][ 20/497]	L_Src_Sup 1.5560e-01 (2.4304e-01)	L_Trg_Inj 2.2398e-01 (3.2688e-01)	Loss Disc 6.9310e-01 (6.9320e-01)	Loss Pred 5.2219e-01 (5.3827e-01)	Loss TOTAL 9.0671e-01 (9.5502e-01)
Epoch: [23][ 30/497]	L_Src_Sup 2.9019e-01 (2.3061e-01)	L_Trg_Inj 2.4048e-01 (3.2495e-01)	Loss Disc 6.9271e-01 (6.9320e-01)	Loss Pred 5.9108e-01 (5.3830e-01)	Loss TOTAL 1.0402e+00 (9.5089e-01)
Epoch: [23][ 40/497]	L_Src_Sup 1.9132e-01 (2.2580e-01)	L_Trg_Inj 2.4816e-01 (3.1726e-01)	Loss Disc 6.9329e-01 (6.9321e-01)	Loss Pred 5.0370e-01 (5.3369e-01)	Loss TOTAL 8.9429e-01 (9.4390e-01)
Epoch: [23][ 50/497]	L_Src_Sup 2.5939e-01 (2.2472e-01)	L_Trg_Inj 2.7392e-01 (3.1198e-01)	Loss Disc 6.9336e-01 (6.9321e-01)	Loss Pred 5.0942e-01 (5.3424e-01)	Loss TOTAL 9.0943e-01 (9.4510e-01)
Epoch: [23][ 60/497]	L_Src_Sup 2.3855e-01 (2.1960e-01)	L_Trg_Inj 3.2888e-01 (3.1314e-01)	Loss Disc 6.9330e-01 (6.9322e-01)	Loss Pred 5.0315e-01 (5.3171e-01)	Loss TOTAL 9.0655e-01 (9.4078e-01)
Epoch: [23][ 70/497]	L_Src_Sup 2.7454e-01 (2.2047e-01)	L_Trg_Inj 3.7080e-01 (3.1845e-01)	Loss Disc 6.9320e-01 (6.9324e-01)	Loss Pred 5.4747e-01 (5.3025e-01)	Loss TOTAL 9.5860e-01 (9.3879e-01)
Epoch: [23][ 80/497]	L_Src_Sup 2.0282e-01 (2.2213e-01)	L_Trg_Inj 2.5210e-01 (3.1730e-01)	Loss Disc 6.9318e-01 (6.9324e-01)	Loss Pred 5.5423e-01 (5.2877e-01)	Loss TOTAL 9.4632e-01 (9.3636e-01)
Epoch: [23][ 90/497]	L_Src_Sup 3.1700e-01 (2.1930e-01)	L_Trg_Inj 2.6270e-01 (3.1498e-01)	Loss Disc 6.9320e-01 (6.9324e-01)	Loss Pred 5.0928e-01 (5.2611e-01)	Loss TOTAL 9.6815e-01 (9.3316e-01)
Epoch: [23][100/497]	L_Src_Sup 1.2948e-01 (2.1796e-01)	L_Trg_Inj 3.6763e-01 (3.1522e-01)	Loss Disc 6.9304e-01 (6.9323e-01)	Loss Pred 4.7805e-01 (5.2445e-01)	Loss TOTAL 8.7428e-01 (9.3069e-01)
Epoch: [23][110/497]	L_Src_Sup 2.3078e-01 (2.1721e-01)	L_Trg_Inj 2.6237e-01 (3.1134e-01)	Loss Disc 6.9321e-01 (6.9323e-01)	Loss Pred 5.3476e-01 (5.2413e-01)	Loss TOTAL 9.3068e-01 (9.2936e-01)
Epoch: [23][120/497]	L_Src_Sup 1.9050e-01 (2.1470e-01)	L_Trg_Inj 3.8136e-01 (3.1148e-01)	Loss Disc 6.9303e-01 (6.9322e-01)	Loss Pred 5.2822e-01 (5.2318e-01)	Loss TOTAL 9.3192e-01 (9.2777e-01)
Epoch: [23][130/497]	L_Src_Sup 1.3600e-01 (2.1512e-01)	L_Trg_Inj 2.7819e-01 (3.0850e-01)	Loss Disc 6.9326e-01 (6.9321e-01)	Loss Pred 5.4108e-01 (5.2226e-01)	Loss TOTAL 9.2913e-01 (9.2712e-01)
Epoch: [23][140/497]	L_Src_Sup 1.7016e-01 (2.1317e-01)	L_Trg_Inj 3.3463e-01 (3.0854e-01)	Loss Disc 6.9300e-01 (6.9321e-01)	Loss Pred 5.2231e-01 (5.2377e-01)	Loss TOTAL 9.1929e-01 (9.2875e-01)
Epoch: [23][150/497]	L_Src_Sup 2.0023e-01 (2.1501e-01)	L_Trg_Inj 2.3847e-01 (3.0717e-01)	Loss Disc 6.9300e-01 (6.9319e-01)	Loss Pred 4.9690e-01 (5.2247e-01)	Loss TOTAL 8.8727e-01 (9.2731e-01)
Epoch: [23][160/497]	L_Src_Sup 1.6826e-01 (2.1444e-01)	L_Trg_Inj 2.0322e-01 (3.0791e-01)	Loss Disc 6.9307e-01 (6.9318e-01)	Loss Pred 5.1557e-01 (5.2304e-01)	Loss TOTAL 8.9925e-01 (9.2779e-01)
Epoch: [23][170/497]	L_Src_Sup 1.8533e-01 (2.1274e-01)	L_Trg_Inj 2.8016e-01 (3.0819e-01)	Loss Disc 6.9314e-01 (6.9318e-01)	Loss Pred 5.0929e-01 (5.2315e-01)	Loss TOTAL 9.0241e-01 (9.2759e-01)
Epoch: [23][180/497]	L_Src_Sup 2.1456e-01 (2.1264e-01)	L_Trg_Inj 2.6255e-01 (3.0780e-01)	Loss Disc 6.9320e-01 (6.9318e-01)	Loss Pred 5.0922e-01 (5.2400e-01)	Loss TOTAL 9.0353e-01 (9.2811e-01)
Epoch: [23][190/497]	L_Src_Sup 1.8526e-01 (2.1024e-01)	L_Trg_Inj 3.2064e-01 (3.0654e-01)	Loss Disc 6.9324e-01 (6.9318e-01)	Loss Pred 5.0941e-01 (5.2347e-01)	Loss TOTAL 9.0662e-01 (9.2694e-01)
Epoch: [23][200/497]	L_Src_Sup 2.5969e-01 (2.1083e-01)	L_Trg_Inj 3.3663e-01 (3.0618e-01)	Loss Disc 6.9317e-01 (6.9318e-01)	Loss Pred 5.0921e-01 (5.2330e-01)	Loss TOTAL 9.1543e-01 (9.2726e-01)
Epoch: [23][210/497]	L_Src_Sup 2.2048e-01 (2.0946e-01)	L_Trg_Inj 3.0212e-01 (3.0487e-01)	Loss Disc 6.9302e-01 (6.9318e-01)	Loss Pred 5.0326e-01 (5.2355e-01)	Loss TOTAL 9.0203e-01 (9.2725e-01)
Epoch: [23][220/497]	L_Src_Sup 1.4711e-01 (2.0881e-01)	L_Trg_Inj 3.0449e-01 (3.0392e-01)	Loss Disc 6.9286e-01 (6.9318e-01)	Loss Pred 5.0313e-01 (5.2384e-01)	Loss TOTAL 8.9472e-01 (9.2712e-01)
Epoch: [23][230/497]	L_Src_Sup 7.2968e-02 (2.0848e-01)	L_Trg_Inj 3.6682e-01 (3.0284e-01)	Loss Disc 6.9170e-01 (6.9315e-01)	Loss Pred 5.1577e-01 (5.2306e-01)	Loss TOTAL 9.0560e-01 (9.2697e-01)
Epoch: [23][240/497]	L_Src_Sup 2.7483e-01 (2.0737e-01)	L_Trg_Inj 3.0789e-01 (3.0111e-01)	Loss Disc 6.9310e-01 (6.9315e-01)	Loss Pred 5.4710e-01 (5.2340e-01)	Loss TOTAL 9.5193e-01 (9.2677e-01)
Epoch: [23][250/497]	L_Src_Sup 2.8415e-01 (2.0760e-01)	L_Trg_Inj 1.9354e-01 (3.0007e-01)	Loss Disc 6.9340e-01 (6.9315e-01)	Loss Pred 5.2205e-01 (5.2299e-01)	Loss TOTAL 1.0071e+00 (9.2641e-01)
Epoch: [23][260/497]	L_Src_Sup 2.3311e-01 (2.0728e-01)	L_Trg_Inj 3.3871e-01 (2.9806e-01)	Loss Disc 6.9325e-01 (6.9316e-01)	Loss Pred 5.4114e-01 (5.2262e-01)	Loss TOTAL 9.4495e-01 (9.2616e-01)
Epoch: [23][270/497]	L_Src_Sup 2.0204e-01 (2.0841e-01)	L_Trg_Inj 2.5493e-01 (2.9660e-01)	Loss Disc 6.9327e-01 (6.9316e-01)	Loss Pred 5.7582e-01 (5.2285e-01)	Loss TOTAL 9.6815e-01 (9.2743e-01)
Epoch: [23][280/497]	L_Src_Sup 1.7549e-01 (2.0772e-01)	L_Trg_Inj 1.6968e-01 (2.9557e-01)	Loss Disc 6.9306e-01 (6.9315e-01)	Loss Pred 5.3523e-01 (5.2267e-01)	Loss TOTAL 9.2209e-01 (9.2692e-01)
Epoch: [23][290/497]	L_Src_Sup 2.7310e-01 (2.0742e-01)	L_Trg_Inj 2.1824e-01 (2.9383e-01)	Loss Disc 6.9303e-01 (6.9315e-01)	Loss Pred 5.3466e-01 (5.2270e-01)	Loss TOTAL 9.8517e-01 (9.2709e-01)
Epoch: [23][300/497]	L_Src_Sup 1.7151e-01 (2.0777e-01)	L_Trg_Inj 2.7952e-01 (2.9481e-01)	Loss Disc 6.9322e-01 (6.9315e-01)	Loss Pred 5.2879e-01 (5.2233e-01)	Loss TOTAL 9.2050e-01 (9.2661e-01)
Epoch: [23][310/497]	L_Src_Sup 2.1776e-01 (2.0778e-01)	L_Trg_Inj 2.4548e-01 (2.9482e-01)	Loss Disc 6.9307e-01 (6.9315e-01)	Loss Pred 5.5403e-01 (5.2264e-01)	Loss TOTAL 9.4689e-01 (9.2669e-01)
Epoch: [23][320/497]	L_Src_Sup 1.6787e-01 (2.0855e-01)	L_Trg_Inj 3.8848e-01 (2.9473e-01)	Loss Disc 6.9339e-01 (6.9316e-01)	Loss Pred 5.3514e-01 (5.2270e-01)	Loss TOTAL 9.3747e-01 (9.2714e-01)
Epoch: [23][330/497]	L_Src_Sup 1.9823e-01 (2.0864e-01)	L_Trg_Inj 3.4055e-01 (2.9427e-01)	Loss Disc 6.9355e-01 (6.9315e-01)	Loss Pred 4.9059e-01 (5.2261e-01)	Loss TOTAL 8.9125e-01 (9.2715e-01)
Epoch: [23][340/497]	L_Src_Sup 2.0970e-01 (2.0872e-01)	L_Trg_Inj 2.7996e-01 (2.9376e-01)	Loss Disc 6.9316e-01 (6.9315e-01)	Loss Pred 5.4713e-01 (5.2247e-01)	Loss TOTAL 9.4268e-01 (9.2695e-01)
Epoch: [23][350/497]	L_Src_Sup 1.8019e-01 (2.0768e-01)	L_Trg_Inj 3.0818e-01 (2.9334e-01)	Loss Disc 6.9333e-01 (6.9316e-01)	Loss Pred 4.9124e-01 (5.2209e-01)	Loss TOTAL 8.8674e-01 (9.2621e-01)
Epoch: [23][360/497]	L_Src_Sup 2.7350e-01 (2.0732e-01)	L_Trg_Inj 3.1498e-01 (2.9283e-01)	Loss Disc 6.9315e-01 (6.9316e-01)	Loss Pred 5.3449e-01 (5.2215e-01)	Loss TOTAL 9.3991e-01 (9.2631e-01)
Epoch: [23][370/497]	L_Src_Sup 2.1088e-01 (2.0777e-01)	L_Trg_Inj 3.6930e-01 (2.9182e-01)	Loss Disc 6.9263e-01 (6.9315e-01)	Loss Pred 5.2993e-01 (5.2221e-01)	Loss TOTAL 9.3427e-01 (9.2652e-01)
Epoch: [23][380/497]	L_Src_Sup 2.8635e-01 (2.0817e-01)	L_Trg_Inj 3.1959e-01 (2.9307e-01)	Loss Disc 6.9275e-01 (6.9310e-01)	Loss Pred 4.7618e-01 (5.2156e-01)	Loss TOTAL 8.8315e-01 (9.2612e-01)
Epoch: [23][390/497]	L_Src_Sup 2.3870e-01 (2.0795e-01)	L_Trg_Inj 3.0555e-01 (2.9390e-01)	Loss Disc 6.9388e-01 (6.9310e-01)	Loss Pred 5.0303e-01 (5.2180e-01)	Loss TOTAL 9.0440e-01 (9.2622e-01)
Epoch: [23][400/497]	L_Src_Sup 2.3856e-01 (2.0761e-01)	L_Trg_Inj 2.4834e-01 (2.9340e-01)	Loss Disc 6.9327e-01 (6.9312e-01)	Loss Pred 5.0323e-01 (5.2104e-01)	Loss TOTAL 8.9856e-01 (9.2520e-01)
Epoch: [23][410/497]	L_Src_Sup 1.9803e-01 (2.0818e-01)	L_Trg_Inj 2.7365e-01 (2.9274e-01)	Loss Disc 6.9283e-01 (6.9312e-01)	Loss Pred 5.5390e-01 (5.2107e-01)	Loss TOTAL 9.4749e-01 (9.2546e-01)
Epoch: [23][420/497]	L_Src_Sup 2.4614e-01 (2.0859e-01)	L_Trg_Inj 2.0490e-01 (2.9191e-01)	Loss Disc 6.9344e-01 (6.9312e-01)	Loss Pred 4.7819e-01 (5.2065e-01)	Loss TOTAL 9.1125e-01 (9.2544e-01)
Epoch: [23][430/497]	L_Src_Sup 1.8691e-01 (2.0827e-01)	L_Trg_Inj 3.1542e-01 (2.9159e-01)	Loss Disc 6.9330e-01 (6.9312e-01)	Loss Pred 5.1581e-01 (5.2067e-01)	Loss TOTAL 9.1269e-01 (9.2533e-01)
Epoch: [23][440/497]	L_Src_Sup 7.7710e-02 (2.0694e-01)	L_Trg_Inj 3.0183e-01 (2.9071e-01)	Loss Disc 6.9306e-01 (6.9312e-01)	Loss Pred 5.4110e-01 (5.2061e-01)	Loss TOTAL 9.2559e-01 (9.2516e-01)
Epoch: [23][450/497]	L_Src_Sup 2.6177e-01 (2.0618e-01)	L_Trg_Inj 1.5399e-01 (2.9005e-01)	Loss Disc 6.9290e-01 (6.9312e-01)	Loss Pred 5.1579e-01 (5.2072e-01)	Loss TOTAL 1.0116e+00 (9.2518e-01)
Epoch: [23][460/497]	L_Src_Sup 2.4576e-01 (2.0698e-01)	L_Trg_Inj 2.9512e-01 (2.8969e-01)	Loss Disc 6.9323e-01 (6.9312e-01)	Loss Pred 5.2191e-01 (5.2089e-01)	Loss TOTAL 9.2262e-01 (9.2541e-01)
Epoch: [23][470/497]	L_Src_Sup 2.7814e-01 (2.0704e-01)	L_Trg_Inj 3.7978e-01 (2.8940e-01)	Loss Disc 6.9283e-01 (6.9312e-01)	Loss Pred 5.0934e-01 (5.2090e-01)	Loss TOTAL 9.2154e-01 (9.2552e-01)
Epoch: [23][480/497]	L_Src_Sup 2.0377e-01 (2.0717e-01)	L_Trg_Inj 2.0688e-01 (2.9017e-01)	Loss Disc 6.9292e-01 (6.9312e-01)	Loss Pred 5.0946e-01 (5.2087e-01)	Loss TOTAL 8.9699e-01 (9.2541e-01)
Epoch: [23][490/497]	L_Src_Sup 9.8063e-02 (2.0676e-01)	L_Trg_Inj 2.5446e-01 (2.8984e-01)	Loss Disc 6.9294e-01 (6.9313e-01)	Loss Pred 5.4736e-01 (5.2062e-01)	Loss TOTAL 9.2908e-01 (9.2506e-01)
Epoch: [23][497/497]	L_Src_Sup 1.6377e-01 (2.0649e-01)	L_Trg_Inj 1.9466e-01 (2.8977e-01)	Loss Disc 6.9304e-01 (6.9313e-01)	Loss Pred 4.9664e-01 (5.2079e-01)	Loss TOTAL 8.7901e-01 (9.2509e-01)
Epoch 23 complete. Saving model state...
Epoch: [24][ 10/497]	L_Src_Sup 1.6670e-01 (1.9259e-01)	L_Trg_Inj 2.6336e-01 (2.7043e-01)	Loss Disc 6.9334e-01 (6.9327e-01)	Loss Pred 5.0937e-01 (5.1517e-01)	Loss TOTAL 8.9905e-01 (9.0811e-01)
Epoch: [24][ 20/497]	L_Src_Sup 1.7331e-01 (1.9422e-01)	L_Trg_Inj 2.4695e-01 (2.7839e-01)	Loss Disc 6.9317e-01 (6.9326e-01)	Loss Pred 5.3466e-01 (5.1827e-01)	Loss TOTAL 9.2327e-01 (9.1216e-01)
Epoch: [24][ 30/497]	L_Src_Sup 2.2175e-01 (1.9373e-01)	L_Trg_Inj 3.6636e-01 (2.8154e-01)	Loss Disc 6.9307e-01 (6.9324e-01)	Loss Pred 5.2926e-01 (5.1694e-01)	Loss TOTAL 9.3461e-01 (9.1255e-01)
Epoch: [24][ 40/497]	L_Src_Sup 2.3456e-01 (1.9771e-01)	L_Trg_Inj 2.8150e-01 (2.7459e-01)	Loss Disc 6.9309e-01 (6.9323e-01)	Loss Pred 4.9036e-01 (5.1551e-01)	Loss TOTAL 8.8852e-01 (9.1095e-01)
Epoch: [24][ 50/497]	L_Src_Sup 1.3339e-01 (1.9861e-01)	L_Trg_Inj 2.7267e-01 (2.7193e-01)	Loss Disc 6.9315e-01 (6.9322e-01)	Loss Pred 5.2817e-01 (5.1849e-01)	Loss TOTAL 9.1535e-01 (9.1443e-01)
Epoch: [24][ 60/497]	L_Src_Sup 2.9134e-01 (2.0950e-01)	L_Trg_Inj 2.7569e-01 (2.7864e-01)	Loss Disc 6.9320e-01 (6.9321e-01)	Loss Pred 5.4118e-01 (5.1888e-01)	Loss TOTAL 9.6012e-01 (9.1984e-01)
Epoch: [24][ 70/497]	L_Src_Sup 3.0052e-01 (2.1664e-01)	L_Trg_Inj 3.6218e-01 (2.8741e-01)	Loss Disc 6.9317e-01 (6.9321e-01)	Loss Pred 5.3479e-01 (5.2099e-01)	Loss TOTAL 9.4764e-01 (9.2442e-01)
Epoch: [24][ 80/497]	L_Src_Sup 1.7333e-01 (2.2286e-01)	L_Trg_Inj 3.4294e-01 (2.9203e-01)	Loss Disc 6.9315e-01 (6.9320e-01)	Loss Pred 5.0325e-01 (5.1918e-01)	Loss TOTAL 9.0145e-01 (9.2433e-01)
Epoch: [24][ 90/497]	L_Src_Sup 2.4613e-01 (2.2082e-01)	L_Trg_Inj 3.1478e-01 (2.9536e-01)	Loss Disc 6.9321e-01 (6.9320e-01)	Loss Pred 5.0303e-01 (5.1851e-01)	Loss TOTAL 9.0573e-01 (9.2441e-01)
Epoch: [24][100/497]	L_Src_Sup 1.6990e-01 (2.1653e-01)	L_Trg_Inj 2.9228e-01 (2.9700e-01)	Loss Disc 6.9314e-01 (6.9320e-01)	Loss Pred 5.2201e-01 (5.1919e-01)	Loss TOTAL 9.1480e-01 (9.2416e-01)
Epoch: [24][110/497]	L_Src_Sup 2.3080e-01 (2.1409e-01)	L_Trg_Inj 2.6135e-01 (2.9829e-01)	Loss Disc 6.9319e-01 (6.9320e-01)	Loss Pred 5.3463e-01 (5.1858e-01)	Loss TOTAL 9.3044e-01 (9.2331e-01)
Epoch: [24][120/497]	L_Src_Sup 3.1074e-01 (2.1199e-01)	L_Trg_Inj 2.2968e-01 (2.9946e-01)	Loss Disc 6.9312e-01 (6.9319e-01)	Loss Pred 5.4096e-01 (5.1888e-01)	Loss TOTAL 1.0226e+00 (9.2361e-01)
Epoch: [24][130/497]	L_Src_Sup 2.9874e-01 (2.1568e-01)	L_Trg_Inj 3.0826e-01 (2.9881e-01)	Loss Disc 6.9319e-01 (6.9319e-01)	Loss Pred 5.0938e-01 (5.1866e-01)	Loss TOTAL 9.1667e-01 (9.2479e-01)
Epoch: [24][140/497]	L_Src_Sup 1.1162e-01 (2.1372e-01)	L_Trg_Inj 3.5164e-01 (3.0092e-01)	Loss Disc 6.9319e-01 (6.9319e-01)	Loss Pred 5.0360e-01 (5.1881e-01)	Loss TOTAL 8.9652e-01 (9.2441e-01)
Epoch: [24][150/497]	L_Src_Sup 2.5460e-01 (2.1435e-01)	L_Trg_Inj 2.3775e-01 (3.0327e-01)	Loss Disc 6.9325e-01 (6.9319e-01)	Loss Pred 4.9652e-01 (5.1852e-01)	Loss TOTAL 9.0923e-01 (9.2422e-01)
Epoch: [24][160/497]	L_Src_Sup 1.4547e-01 (2.1141e-01)	L_Trg_Inj 2.8033e-01 (3.0322e-01)	Loss Disc 6.9318e-01 (6.9319e-01)	Loss Pred 4.9651e-01 (5.1866e-01)	Loss TOTAL 8.8568e-01 (9.2361e-01)
Epoch: [24][170/497]	L_Src_Sup 6.0928e-01 (2.1603e-01)	L_Trg_Inj 4.6703e-01 (3.0204e-01)	Loss Disc 6.9284e-01 (6.9319e-01)	Loss Pred 5.4300e-01 (5.1898e-01)	Loss TOTAL 1.1393e+00 (9.2562e-01)
Epoch: [24][180/497]	L_Src_Sup 1.2955e-01 (2.1730e-01)	L_Trg_Inj 2.8661e-01 (3.0485e-01)	Loss Disc 6.9323e-01 (6.9319e-01)	Loss Pred 4.7203e-01 (5.1916e-01)	Loss TOTAL 8.6026e-01 (9.2618e-01)
Epoch: [24][190/497]	L_Src_Sup 2.0654e-01 (2.1629e-01)	L_Trg_Inj 3.0683e-01 (3.0511e-01)	Loss Disc 6.9322e-01 (6.9319e-01)	Loss Pred 5.1609e-01 (5.1907e-01)	Loss TOTAL 9.1404e-01 (9.2601e-01)
Epoch: [24][200/497]	L_Src_Sup 3.0930e-01 (2.1504e-01)	L_Trg_Inj 3.2202e-01 (3.0375e-01)	Loss Disc 6.9325e-01 (6.9320e-01)	Loss Pred 4.9655e-01 (5.1912e-01)	Loss TOTAL 9.0630e-01 (9.2558e-01)
Epoch: [24][210/497]	L_Src_Sup 1.5539e-01 (2.1337e-01)	L_Trg_Inj 2.6893e-01 (3.0232e-01)	Loss Disc 6.9328e-01 (6.9320e-01)	Loss Pred 5.0289e-01 (5.1931e-01)	Loss TOTAL 8.9196e-01 (9.2551e-01)
Epoch: [24][220/497]	L_Src_Sup 2.1792e-01 (2.1365e-01)	L_Trg_Inj 3.8903e-01 (3.0282e-01)	Loss Disc 6.9327e-01 (6.9320e-01)	Loss Pred 5.5335e-01 (5.1989e-01)	Loss TOTAL 9.6068e-01 (9.2603e-01)
Epoch: [24][230/497]	L_Src_Sup 1.8520e-01 (2.1336e-01)	L_Trg_Inj 3.1056e-01 (3.0274e-01)	Loss Disc 6.9326e-01 (6.9320e-01)	Loss Pred 5.0923e-01 (5.2039e-01)	Loss TOTAL 9.0543e-01 (9.2621e-01)
Epoch: [24][240/497]	L_Src_Sup 1.2390e-01 (2.1368e-01)	L_Trg_Inj 3.1244e-01 (3.0260e-01)	Loss Disc 6.9334e-01 (6.9320e-01)	Loss Pred 4.7763e-01 (5.2019e-01)	Loss TOTAL 8.6794e-01 (9.2659e-01)
Epoch: [24][250/497]	L_Src_Sup 2.1912e-01 (2.1460e-01)	L_Trg_Inj 2.1776e-01 (3.0325e-01)	Loss Disc 6.9325e-01 (6.9320e-01)	Loss Pred 4.9694e-01 (5.2030e-01)	Loss TOTAL 8.8861e-01 (9.2653e-01)
Epoch: [24][260/497]	L_Src_Sup 3.1441e-01 (2.1597e-01)	L_Trg_Inj 3.7796e-01 (3.0338e-01)	Loss Disc 6.9304e-01 (6.9320e-01)	Loss Pred 5.5440e-01 (5.2067e-01)	Loss TOTAL 9.7016e-01 (9.2722e-01)
Epoch: [24][270/497]	L_Src_Sup 2.0689e-01 (2.1590e-01)	L_Trg_Inj 3.3969e-01 (3.0350e-01)	Loss Disc 6.9284e-01 (6.9319e-01)	Loss Pred 4.8501e-01 (5.2096e-01)	Loss TOTAL 8.8608e-01 (9.2752e-01)
Epoch: [24][280/497]	L_Src_Sup 1.7267e-01 (2.1459e-01)	L_Trg_Inj 2.4106e-01 (3.0287e-01)	Loss Disc 6.9324e-01 (6.9319e-01)	Loss Pred 5.2212e-01 (5.2111e-01)	Loss TOTAL 9.1011e-01 (9.2719e-01)
Epoch: [24][290/497]	L_Src_Sup 2.1242e-01 (2.1427e-01)	L_Trg_Inj 4.7271e-01 (3.0229e-01)	Loss Disc 6.9231e-01 (6.9318e-01)	Loss Pred 4.7804e-01 (5.2108e-01)	Loss TOTAL 8.9271e-01 (9.2712e-01)
Epoch: [24][300/497]	L_Src_Sup 1.8522e-01 (2.1318e-01)	L_Trg_Inj 1.7309e-01 (3.0206e-01)	Loss Disc 6.9246e-01 (6.9314e-01)	Loss Pred 5.0942e-01 (5.2091e-01)	Loss TOTAL 9.0362e-01 (9.2658e-01)
Epoch: [24][310/497]	L_Src_Sup 2.3522e-01 (2.1301e-01)	L_Trg_Inj 2.6239e-01 (3.0186e-01)	Loss Disc 6.9263e-01 (6.9312e-01)	Loss Pred 5.4742e-01 (5.2124e-01)	Loss TOTAL 9.4350e-01 (9.2662e-01)
Epoch: [24][320/497]	L_Src_Sup 2.0564e-01 (2.1324e-01)	L_Trg_Inj 3.8739e-01 (3.0192e-01)	Loss Disc 6.9001e-01 (6.9308e-01)	Loss Pred 5.1589e-01 (5.2121e-01)	Loss TOTAL 9.2020e-01 (9.2678e-01)
Epoch: [24][330/497]	L_Src_Sup 1.3728e-01 (2.1260e-01)	L_Trg_Inj 2.5413e-01 (3.0180e-01)	Loss Disc 6.9392e-01 (6.9305e-01)	Loss Pred 5.4084e-01 (5.2089e-01)	Loss TOTAL 9.2695e-01 (9.2656e-01)
Epoch: [24][340/497]	L_Src_Sup 2.5001e-01 (2.1210e-01)	L_Trg_Inj 3.6990e-01 (3.0167e-01)	Loss Disc 6.9286e-01 (6.9305e-01)	Loss Pred 4.8407e-01 (5.2080e-01)	Loss TOTAL 8.9249e-01 (9.2619e-01)
Epoch: [24][350/497]	L_Src_Sup 2.5006e-01 (2.1170e-01)	L_Trg_Inj 3.5581e-01 (3.0085e-01)	Loss Disc 6.9292e-01 (6.9306e-01)	Loss Pred 4.8404e-01 (5.2083e-01)	Loss TOTAL 8.9108e-01 (9.2635e-01)
Epoch: [24][360/497]	L_Src_Sup 1.9475e-01 (2.1115e-01)	L_Trg_Inj 3.2921e-01 (3.0076e-01)	Loss Disc 6.9302e-01 (6.9306e-01)	Loss Pred 4.7787e-01 (5.2067e-01)	Loss TOTAL 8.7678e-01 (9.2591e-01)
Epoch: [24][370/497]	L_Src_Sup 2.7494e-01 (2.1074e-01)	L_Trg_Inj 2.6139e-01 (3.0054e-01)	Loss Disc 6.9071e-01 (6.9304e-01)	Loss Pred 5.0925e-01 (5.2077e-01)	Loss TOTAL 9.2178e-01 (9.2580e-01)
Epoch: [24][380/497]	L_Src_Sup 2.1790e-01 (2.1060e-01)	L_Trg_Inj 3.3942e-01 (3.0018e-01)	Loss Disc 6.9647e-01 (6.9292e-01)	Loss Pred 5.5337e-01 (5.2125e-01)	Loss TOTAL 9.5734e-01 (9.2598e-01)
Epoch: [24][390/497]	L_Src_Sup 1.7311e-01 (2.1092e-01)	L_Trg_Inj 3.4177e-01 (2.9971e-01)	Loss Disc 6.9336e-01 (6.9294e-01)	Loss Pred 5.3460e-01 (5.2122e-01)	Loss TOTAL 9.3277e-01 (9.2609e-01)
Epoch: [24][400/497]	L_Src_Sup 2.2860e-01 (2.1099e-01)	L_Trg_Inj 2.8528e-01 (2.9989e-01)	Loss Disc 6.9347e-01 (6.9296e-01)	Loss Pred 5.2813e-01 (5.2134e-01)	Loss TOTAL 9.2625e-01 (9.2622e-01)
Epoch: [24][410/497]	L_Src_Sup 1.5243e-01 (2.1002e-01)	L_Trg_Inj 2.9571e-01 (3.0008e-01)	Loss Disc 6.9304e-01 (6.9297e-01)	Loss Pred 5.2889e-01 (5.2122e-01)	Loss TOTAL 9.2022e-01 (9.2585e-01)
Epoch: [24][420/497]	L_Src_Sup 2.0715e-01 (2.0971e-01)	L_Trg_Inj 3.8469e-01 (2.9985e-01)	Loss Disc 6.9407e-01 (6.9298e-01)	Loss Pred 4.7800e-01 (5.2097e-01)	Loss TOTAL 8.8421e-01 (9.2555e-01)
Epoch: [24][430/497]	L_Src_Sup 7.5657e-02 (2.0927e-01)	L_Trg_Inj 3.7339e-01 (2.9906e-01)	Loss Disc 6.9357e-01 (6.9298e-01)	Loss Pred 5.2209e-01 (5.2139e-01)	Loss TOTAL 9.1378e-01 (9.2586e-01)
Epoch: [24][440/497]	L_Src_Sup 1.3689e-01 (2.0939e-01)	L_Trg_Inj 2.4046e-01 (2.9881e-01)	Loss Disc 6.9367e-01 (6.9299e-01)	Loss Pred 4.5286e-01 (5.2116e-01)	Loss TOTAL 8.3743e-01 (9.2546e-01)
Epoch: [24][450/497]	L_Src_Sup 2.4516e-01 (2.0876e-01)	L_Trg_Inj 1.1413e-01 (2.9702e-01)	Loss Disc 6.9257e-01 (6.9299e-01)	Loss Pred 5.7423e-01 (5.2105e-01)	Loss TOTAL 1.0875e+00 (9.2535e-01)
Epoch: [24][460/497]	L_Src_Sup 1.8089e-01 (2.0876e-01)	L_Trg_Inj 2.4181e-01 (2.9571e-01)	Loss Disc 6.9290e-01 (6.9300e-01)	Loss Pred 5.5968e-01 (5.2107e-01)	Loss TOTAL 9.4840e-01 (9.2577e-01)
Epoch: [24][470/497]	L_Src_Sup 9.6180e-02 (2.0858e-01)	L_Trg_Inj 2.6470e-01 (2.9471e-01)	Loss Disc 6.9310e-01 (6.9300e-01)	Loss Pred 5.3446e-01 (5.2090e-01)	Loss TOTAL 9.1710e-01 (9.2547e-01)
Epoch: [24][480/497]	L_Src_Sup 2.1155e-01 (2.0877e-01)	L_Trg_Inj 2.5830e-01 (2.9409e-01)	Loss Disc 6.9304e-01 (6.9301e-01)	Loss Pred 5.3479e-01 (5.2073e-01)	Loss TOTAL 9.2829e-01 (9.2544e-01)
Epoch: [24][490/497]	L_Src_Sup 2.4310e-01 (2.0839e-01)	L_Trg_Inj 2.1514e-01 (2.9372e-01)	Loss Disc 6.9307e-01 (6.9301e-01)	Loss Pred 5.1552e-01 (5.2088e-01)	Loss TOTAL 9.3584e-01 (9.2541e-01)
Epoch: [24][497/497]	L_Src_Sup 2.4522e-01 (2.0837e-01)	L_Trg_Inj 3.8107e-01 (2.9393e-01)	Loss Disc 6.9347e-01 (6.9302e-01)	Loss Pred 5.2195e-01 (5.2091e-01)	Loss TOTAL 9.3132e-01 (9.2535e-01)
Epoch 24 complete. Saving model state...
Epoch: [25][ 10/497]	L_Src_Sup 1.9234e-01 (1.8005e-01)	L_Trg_Inj 2.7980e-01 (2.4818e-01)	Loss Disc 6.9329e-01 (6.9315e-01)	Loss Pred 5.3464e-01 (5.3605e-01)	Loss TOTAL 9.2850e-01 (9.2818e-01)
Epoch: [25][ 20/497]	L_Src_Sup 3.2289e-01 (2.2532e-01)	L_Trg_Inj 6.4610e-01 (2.6655e-01)	Loss Disc 6.9400e-01 (6.9319e-01)	Loss Pred 5.1731e-01 (5.2961e-01)	Loss TOTAL 9.6121e-01 (9.4694e-01)
Epoch: [25][ 30/497]	L_Src_Sup 2.8851e-01 (2.3284e-01)	L_Trg_Inj 2.7556e-01 (2.8017e-01)	Loss Disc 6.9319e-01 (6.9322e-01)	Loss Pred 5.3451e-01 (5.2521e-01)	Loss TOTAL 9.5046e-01 (9.3791e-01)
Epoch: [25][ 40/497]	L_Src_Sup 1.3991e-01 (2.2573e-01)	L_Trg_Inj 2.4806e-01 (2.8426e-01)	Loss Disc 6.9321e-01 (6.9324e-01)	Loss Pred 5.2215e-01 (5.2085e-01)	Loss TOTAL 9.0755e-01 (9.2956e-01)
Epoch: [25][ 50/497]	L_Src_Sup 2.6930e-01 (2.1878e-01)	L_Trg_Inj 2.4905e-01 (2.9270e-01)	Loss Disc 6.9326e-01 (6.9324e-01)	Loss Pred 5.3472e-01 (5.1973e-01)	Loss TOTAL 9.5343e-01 (9.2678e-01)
Epoch: [25][ 60/497]	L_Src_Sup 2.5928e-01 (2.1662e-01)	L_Trg_Inj 3.8824e-01 (2.9254e-01)	Loss Disc 6.9325e-01 (6.9324e-01)	Loss Pred 5.0945e-01 (5.2051e-01)	Loss TOTAL 9.2082e-01 (9.2697e-01)
Epoch: [25][ 70/497]	L_Src_Sup 1.8975e-01 (2.1143e-01)	L_Trg_Inj 2.1521e-01 (2.9044e-01)	Loss Disc 6.9311e-01 (6.9323e-01)	Loss Pred 5.9171e-01 (5.2332e-01)	Loss TOTAL 9.7876e-01 (9.2777e-01)
Epoch: [25][ 80/497]	L_Src_Sup 1.9048e-01 (2.1090e-01)	L_Trg_Inj 2.1883e-01 (2.8846e-01)	Loss Disc 6.9321e-01 (6.9323e-01)	Loss Pred 5.2819e-01 (5.2347e-01)	Loss TOTAL 9.1573e-01 (9.2784e-01)
Epoch: [25][ 90/497]	L_Src_Sup 2.4554e-01 (2.0832e-01)	L_Trg_Inj 2.6402e-01 (2.8568e-01)	Loss Disc 6.9320e-01 (6.9323e-01)	Loss Pred 5.2185e-01 (5.2387e-01)	Loss TOTAL 9.1941e-01 (9.2803e-01)
Epoch: [25][100/497]	L_Src_Sup 1.8394e-01 (2.1031e-01)	L_Trg_Inj 2.2799e-01 (2.8704e-01)	Loss Disc 6.9314e-01 (6.9322e-01)	Loss Pred 5.0317e-01 (5.2311e-01)	Loss TOTAL 8.9093e-01 (9.2810e-01)
Epoch: [25][110/497]	L_Src_Sup 3.6941e-01 (2.1308e-01)	L_Trg_Inj 3.4172e-01 (2.9096e-01)	Loss Disc 6.9286e-01 (6.9320e-01)	Loss Pred 5.4107e-01 (5.2370e-01)	Loss TOTAL 9.8630e-01 (9.2909e-01)
Epoch: [25][120/497]	L_Src_Sup 2.2948e-01 (2.1275e-01)	L_Trg_Inj 3.6446e-01 (2.9450e-01)	Loss Disc 6.9365e-01 (6.9320e-01)	Loss Pred 4.7145e-01 (5.2303e-01)	Loss TOTAL 8.7767e-01 (9.2832e-01)
Epoch: [25][130/497]	L_Src_Sup 1.6005e-01 (2.1153e-01)	L_Trg_Inj 3.4274e-01 (2.9623e-01)	Loss Disc 6.9306e-01 (6.9320e-01)	Loss Pred 5.5988e-01 (5.2276e-01)	Loss TOTAL 9.5669e-01 (9.2759e-01)
Epoch: [25][140/497]	L_Src_Sup 1.4161e-01 (2.1070e-01)	L_Trg_Inj 3.2932e-01 (2.9572e-01)	Loss Disc 6.9366e-01 (6.9319e-01)	Loss Pred 4.7769e-01 (5.2369e-01)	Loss TOTAL 8.7161e-01 (9.2825e-01)
Epoch: [25][150/497]	L_Src_Sup 1.5386e-01 (2.0963e-01)	L_Trg_Inj 3.8866e-01 (2.9736e-01)	Loss Disc 6.9322e-01 (6.9319e-01)	Loss Pred 5.3472e-01 (5.2316e-01)	Loss TOTAL 9.3558e-01 (9.2742e-01)
Epoch: [25][160/497]	L_Src_Sup 1.8875e-01 (2.1047e-01)	L_Trg_Inj 3.3899e-01 (2.9831e-01)	Loss Disc 6.9315e-01 (6.9320e-01)	Loss Pred 5.2198e-01 (5.2230e-01)	Loss TOTAL 9.2133e-01 (9.2717e-01)
Epoch: [25][170/497]	L_Src_Sup 2.0003e-01 (2.0932e-01)	L_Trg_Inj 2.5779e-01 (2.9808e-01)	Loss Disc 6.9314e-01 (6.9320e-01)	Loss Pred 4.9684e-01 (5.2125e-01)	Loss TOTAL 8.8920e-01 (9.2555e-01)
Epoch: [25][180/497]	L_Src_Sup 1.5536e-01 (2.0878e-01)	L_Trg_Inj 3.7216e-01 (2.9808e-01)	Loss Disc 6.9304e-01 (6.9317e-01)	Loss Pred 5.4129e-01 (5.2133e-01)	Loss TOTAL 9.4056e-01 (9.2604e-01)
Epoch: [25][190/497]	L_Src_Sup 2.0417e-01 (2.0985e-01)	L_Trg_Inj 3.0842e-01 (2.9877e-01)	Loss Disc 6.9220e-01 (6.9316e-01)	Loss Pred 5.7229e-01 (5.2163e-01)	Loss TOTAL 9.6965e-01 (9.2612e-01)
Epoch: [25][200/497]	L_Src_Sup 2.1263e-01 (2.1144e-01)	L_Trg_Inj 3.1306e-01 (3.0048e-01)	Loss Disc 6.9381e-01 (6.9317e-01)	Loss Pred 4.8404e-01 (5.2183e-01)	Loss TOTAL 8.8352e-01 (9.2646e-01)
Epoch: [25][210/497]	L_Src_Sup 2.8444e-01 (2.1181e-01)	L_Trg_Inj 3.0670e-01 (3.0158e-01)	Loss Disc 6.9324e-01 (6.9317e-01)	Loss Pred 5.3458e-01 (5.2208e-01)	Loss TOTAL 9.4032e-01 (9.2653e-01)
Epoch: [25][220/497]	L_Src_Sup 2.6411e-01 (2.1295e-01)	L_Trg_Inj 2.9450e-01 (3.0171e-01)	Loss Disc 6.9306e-01 (6.9317e-01)	Loss Pred 5.2215e-01 (5.2242e-01)	Loss TOTAL 9.2454e-01 (9.2694e-01)
Epoch: [25][230/497]	L_Src_Sup 1.8712e-01 (2.1174e-01)	L_Trg_Inj 3.8648e-01 (3.0128e-01)	Loss Disc 6.9339e-01 (6.9318e-01)	Loss Pred 5.1571e-01 (5.2236e-01)	Loss TOTAL 9.1977e-01 (9.2656e-01)
Epoch: [25][240/497]	L_Src_Sup 1.7289e-01 (2.1179e-01)	L_Trg_Inj 3.2585e-01 (3.0171e-01)	Loss Disc 6.9315e-01 (6.9318e-01)	Loss Pred 5.2196e-01 (5.2213e-01)	Loss TOTAL 9.1841e-01 (9.2637e-01)
Epoch: [25][250/497]	L_Src_Sup 3.3575e-01 (2.1078e-01)	L_Trg_Inj 2.6183e-01 (3.0146e-01)	Loss Disc 6.9314e-01 (6.9318e-01)	Loss Pred 5.0927e-01 (5.2203e-01)	Loss TOTAL 9.8952e-01 (9.2619e-01)
Epoch: [25][260/497]	L_Src_Sup 2.2811e-01 (2.1103e-01)	L_Trg_Inj 2.9386e-01 (3.0232e-01)	Loss Disc 6.9343e-01 (6.9318e-01)	Loss Pred 4.7135e-01 (5.2180e-01)	Loss TOTAL 8.7027e-01 (9.2582e-01)
Epoch: [25][270/497]	L_Src_Sup 2.6444e-01 (2.1118e-01)	L_Trg_Inj 2.4593e-01 (3.0090e-01)	Loss Disc 6.9315e-01 (6.9319e-01)	Loss Pred 5.2192e-01 (5.2179e-01)	Loss TOTAL 9.3805e-01 (9.2592e-01)
Epoch: [25][280/497]	L_Src_Sup 1.2845e-01 (2.1036e-01)	L_Trg_Inj 2.3955e-01 (3.0257e-01)	Loss Disc 6.9099e-01 (6.9315e-01)	Loss Pred 5.0300e-01 (5.2130e-01)	Loss TOTAL 8.8530e-01 (9.2527e-01)
Epoch: [25][290/497]	L_Src_Sup 2.7660e-01 (2.0968e-01)	L_Trg_Inj 2.4355e-01 (3.0164e-01)	Loss Disc 6.9269e-01 (6.9314e-01)	Loss Pred 5.4707e-01 (5.2166e-01)	Loss TOTAL 9.7848e-01 (9.2538e-01)
Epoch: [25][300/497]	L_Src_Sup 3.4593e-01 (2.0975e-01)	L_Trg_Inj 2.4738e-01 (3.0155e-01)	Loss Disc 6.9286e-01 (6.9315e-01)	Loss Pred 5.4101e-01 (5.2116e-01)	Loss TOTAL 1.0453e+00 (9.2501e-01)
Epoch: [25][310/497]	L_Src_Sup 1.4032e-01 (2.0979e-01)	L_Trg_Inj 3.0940e-01 (3.0121e-01)	Loss Disc 6.9305e-01 (6.9316e-01)	Loss Pred 5.5993e-01 (5.2107e-01)	Loss TOTAL 9.5143e-01 (9.2489e-01)
Epoch: [25][320/497]	L_Src_Sup 7.7013e-02 (2.0908e-01)	L_Trg_Inj 2.4832e-01 (3.0044e-01)	Loss Disc 6.9332e-01 (6.9316e-01)	Loss Pred 5.3448e-01 (5.2132e-01)	Loss TOTAL 9.1367e-01 (9.2508e-01)
Epoch: [25][330/497]	L_Src_Sup 1.3564e-01 (2.0896e-01)	L_Trg_Inj 3.7294e-01 (2.9940e-01)	Loss Disc 6.9334e-01 (6.9317e-01)	Loss Pred 5.3490e-01 (5.2127e-01)	Loss TOTAL 9.3243e-01 (9.2509e-01)
Epoch: [25][340/497]	L_Src_Sup 2.1156e-01 (2.0921e-01)	L_Trg_Inj 2.3421e-01 (2.9940e-01)	Loss Disc 6.9319e-01 (6.9317e-01)	Loss Pred 5.3480e-01 (5.2147e-01)	Loss TOTAL 9.2597e-01 (9.2545e-01)
Epoch: [25][350/497]	L_Src_Sup 1.1355e-01 (2.0901e-01)	L_Trg_Inj 3.0584e-01 (2.9854e-01)	Loss Disc 6.9326e-01 (6.9317e-01)	Loss Pred 5.2240e-01 (5.2161e-01)	Loss TOTAL 9.1097e-01 (9.2538e-01)
Epoch: [25][360/497]	L_Src_Sup 1.2984e-01 (2.0789e-01)	L_Trg_Inj 3.5363e-01 (2.9894e-01)	Loss Disc 6.9319e-01 (6.9317e-01)	Loss Pred 5.0978e-01 (5.2121e-01)	Loss TOTAL 9.0472e-01 (9.2482e-01)
Epoch: [25][370/497]	L_Src_Sup 1.8735e-01 (2.0830e-01)	L_Trg_Inj 3.3008e-01 (2.9907e-01)	Loss Disc 6.9316e-01 (6.9318e-01)	Loss Pred 5.1591e-01 (5.2135e-01)	Loss TOTAL 9.1423e-01 (9.2518e-01)
Epoch: [25][380/497]	L_Src_Sup 2.4766e-01 (2.0852e-01)	L_Trg_Inj 3.1137e-01 (3.0027e-01)	Loss Disc 6.9322e-01 (6.9318e-01)	Loss Pred 5.2855e-01 (5.2134e-01)	Loss TOTAL 9.3106e-01 (9.2514e-01)
Epoch: [25][390/497]	L_Src_Sup 1.5885e-01 (2.0831e-01)	L_Trg_Inj 2.4890e-01 (2.9983e-01)	Loss Disc 6.9308e-01 (6.9318e-01)	Loss Pred 5.5331e-01 (5.2192e-01)	Loss TOTAL 9.4062e-01 (9.2557e-01)
Epoch: [25][400/497]	L_Src_Sup 1.2866e-01 (2.0801e-01)	L_Trg_Inj 3.5937e-01 (3.0014e-01)	Loss Disc 6.9335e-01 (6.9318e-01)	Loss Pred 5.0315e-01 (5.2180e-01)	Loss TOTAL 8.9863e-01 (9.2534e-01)
Epoch: [25][410/497]	L_Src_Sup 2.4529e-01 (2.0792e-01)	L_Trg_Inj 3.0482e-01 (3.0027e-01)	Loss Disc 6.9324e-01 (6.9318e-01)	Loss Pred 5.2228e-01 (5.2167e-01)	Loss TOTAL 9.2391e-01 (9.2516e-01)
Epoch: [25][420/497]	L_Src_Sup 1.8530e-01 (2.0791e-01)	L_Trg_Inj 2.6348e-01 (2.9984e-01)	Loss Disc 6.9320e-01 (6.9318e-01)	Loss Pred 5.0945e-01 (5.2170e-01)	Loss TOTAL 9.0092e-01 (9.2500e-01)
Epoch: [25][430/497]	L_Src_Sup 1.6630e-01 (2.0747e-01)	L_Trg_Inj 2.1413e-01 (2.9976e-01)	Loss Disc 6.9323e-01 (6.9318e-01)	Loss Pred 5.0966e-01 (5.2155e-01)	Loss TOTAL 8.9432e-01 (9.2467e-01)
Epoch: [25][440/497]	L_Src_Sup 2.7814e-01 (2.0734e-01)	L_Trg_Inj 2.3210e-01 (2.9906e-01)	Loss Disc 6.9315e-01 (6.9318e-01)	Loss Pred 5.0953e-01 (5.2134e-01)	Loss TOTAL 9.5317e-01 (9.2469e-01)
Epoch: [25][450/497]	L_Src_Sup 2.0390e-01 (2.0752e-01)	L_Trg_Inj 2.7457e-01 (2.9864e-01)	Loss Disc 6.9317e-01 (6.9318e-01)	Loss Pred 5.0931e-01 (5.2120e-01)	Loss TOTAL 9.0375e-01 (9.2460e-01)
Epoch: [25][460/497]	L_Src_Sup 1.7336e-01 (2.0742e-01)	L_Trg_Inj 2.0400e-01 (2.9819e-01)	Loss Disc 6.9386e-01 (6.9318e-01)	Loss Pred 5.9790e-01 (5.2106e-01)	Loss TOTAL 9.8256e-01 (9.2431e-01)
Epoch: [25][470/497]	L_Src_Sup 2.1569e-01 (2.0740e-01)	L_Trg_Inj 2.4795e-01 (2.9770e-01)	Loss Disc 6.9325e-01 (6.9318e-01)	Loss Pred 5.4716e-01 (5.2091e-01)	Loss TOTAL 9.4015e-01 (9.2406e-01)
Epoch: [25][480/497]	L_Src_Sup 2.2857e-01 (2.0703e-01)	L_Trg_Inj 3.4045e-01 (2.9807e-01)	Loss Disc 6.9312e-01 (6.9318e-01)	Loss Pred 5.2831e-01 (5.2089e-01)	Loss TOTAL 9.3177e-01 (9.2393e-01)
Epoch: [25][490/497]	L_Src_Sup 1.8521e-01 (2.0710e-01)	L_Trg_Inj 3.7251e-01 (2.9802e-01)	Loss Disc 6.9299e-01 (6.9318e-01)	Loss Pred 5.0963e-01 (5.2084e-01)	Loss TOTAL 9.1190e-01 (9.2377e-01)
Epoch: [25][497/497]	L_Src_Sup 9.4346e-02 (2.0713e-01)	L_Trg_Inj 3.0684e-01 (2.9761e-01)	Loss Disc 6.9298e-01 (6.9318e-01)	Loss Pred 5.2248e-01 (5.2069e-01)	Loss TOTAL 9.0909e-01 (9.2349e-01)
Epoch 25 complete. Saving model state...
Epoch: [26][ 10/497]	L_Src_Sup 9.3524e-02 (1.8333e-01)	L_Trg_Inj 2.3777e-01 (2.5762e-01)	Loss Disc 6.9314e-01 (6.9320e-01)	Loss Pred 5.1574e-01 (5.2179e-01)	Loss TOTAL 8.9544e-01 (9.2299e-01)
Epoch: [26][ 20/497]	L_Src_Sup 1.8218e-01 (1.7571e-01)	L_Trg_Inj 2.4737e-01 (2.7320e-01)	Loss Disc 6.9310e-01 (6.9315e-01)	Loss Pred 5.0330e-01 (5.2086e-01)	Loss TOTAL 8.9281e-01 (9.2347e-01)
Epoch: [26][ 30/497]	L_Src_Sup 2.1202e-01 (1.8556e-01)	L_Trg_Inj 2.6494e-01 (2.8062e-01)	Loss Disc 6.9314e-01 (6.9316e-01)	Loss Pred 4.7154e-01 (5.2140e-01)	Loss TOTAL 8.6580e-01 (9.2430e-01)
Epoch: [26][ 40/497]	L_Src_Sup 2.4728e-01 (1.9326e-01)	L_Trg_Inj 3.4074e-01 (2.9122e-01)	Loss Disc 6.9155e-01 (6.9298e-01)	Loss Pred 5.0922e-01 (5.2186e-01)	Loss TOTAL 9.1380e-01 (9.2407e-01)
Epoch: [26][ 50/497]	L_Src_Sup 2.3748e-01 (1.9512e-01)	L_Trg_Inj 2.9123e-01 (2.9033e-01)	Loss Disc 6.9292e-01 (6.9291e-01)	Loss Pred 5.3472e-01 (5.2226e-01)	Loss TOTAL 9.3405e-01 (9.2308e-01)
Epoch: [26][ 60/497]	L_Src_Sup 2.6957e-01 (2.0047e-01)	L_Trg_Inj 3.8905e-01 (2.9133e-01)	Loss Disc 6.9411e-01 (6.9300e-01)	Loss Pred 4.8431e-01 (5.2129e-01)	Loss TOTAL 8.9723e-01 (9.2344e-01)
Epoch: [26][ 70/497]	L_Src_Sup 1.3726e-01 (1.9899e-01)	L_Trg_Inj 2.3772e-01 (2.8608e-01)	Loss Disc 6.9315e-01 (6.9303e-01)	Loss Pred 5.4728e-01 (5.2157e-01)	Loss TOTAL 9.3136e-01 (9.2446e-01)
Epoch: [26][ 80/497]	L_Src_Sup 2.0192e-01 (1.9756e-01)	L_Trg_Inj 2.0108e-01 (2.8309e-01)	Loss Disc 6.9328e-01 (6.9307e-01)	Loss Pred 5.0315e-01 (5.2055e-01)	Loss TOTAL 8.9093e-01 (9.2204e-01)
Epoch: [26][ 90/497]	L_Src_Sup 1.9423e-01 (2.0371e-01)	L_Trg_Inj 3.1160e-01 (2.8274e-01)	Loss Disc 6.9327e-01 (6.9308e-01)	Loss Pred 5.4029e-01 (5.2170e-01)	Loss TOTAL 9.3751e-01 (9.2613e-01)
Epoch: [26][100/497]	L_Src_Sup 2.8134e-01 (2.1031e-01)	L_Trg_Inj 3.1344e-01 (2.8514e-01)	Loss Disc 6.9356e-01 (6.9310e-01)	Loss Pred 4.6559e-01 (5.2063e-01)	Loss TOTAL 8.7185e-01 (9.2667e-01)
Epoch: [26][110/497]	L_Src_Sup 2.8055e-01 (2.1048e-01)	L_Trg_Inj 3.5639e-01 (2.8740e-01)	Loss Disc 6.9323e-01 (6.9312e-01)	Loss Pred 5.5996e-01 (5.1955e-01)	Loss TOTAL 9.7027e-01 (9.2494e-01)
Epoch: [26][120/497]	L_Src_Sup 1.6168e-01 (2.0986e-01)	L_Trg_Inj 2.6050e-01 (2.8449e-01)	Loss Disc 6.9320e-01 (6.9313e-01)	Loss Pred 5.6605e-01 (5.1986e-01)	Loss TOTAL 9.5487e-01 (9.2567e-01)
Epoch: [26][130/497]	L_Src_Sup 1.5240e-01 (2.0771e-01)	L_Trg_Inj 2.4743e-01 (2.8104e-01)	Loss Disc 6.9312e-01 (6.9313e-01)	Loss Pred 5.2824e-01 (5.2032e-01)	Loss TOTAL 9.1478e-01 (9.2556e-01)
Epoch: [26][140/497]	L_Src_Sup 1.4415e-01 (2.0680e-01)	L_Trg_Inj 3.5920e-01 (2.8026e-01)	Loss Disc 6.9311e-01 (6.9314e-01)	Loss Pred 4.9034e-01 (5.1931e-01)	Loss TOTAL 8.8724e-01 (9.2419e-01)
Epoch: [26][150/497]	L_Src_Sup 2.0063e-01 (2.0615e-01)	L_Trg_Inj 3.2730e-01 (2.7908e-01)	Loss Disc 6.9319e-01 (6.9314e-01)	Loss Pred 5.4723e-01 (5.1932e-01)	Loss TOTAL 9.4662e-01 (9.2402e-01)
Epoch: [26][160/497]	L_Src_Sup 2.6278e-01 (2.0765e-01)	L_Trg_Inj 2.1956e-01 (2.7797e-01)	Loss Disc 6.9328e-01 (6.9315e-01)	Loss Pred 4.7457e-01 (5.1951e-01)	Loss TOTAL 9.1267e-01 (9.2397e-01)
Epoch: [26][170/497]	L_Src_Sup 2.4340e-01 (2.0974e-01)	L_Trg_Inj 2.3362e-01 (2.7753e-01)	Loss Disc 6.9313e-01 (6.9315e-01)	Loss Pred 5.2820e-01 (5.1995e-01)	Loss TOTAL 9.3225e-01 (9.2516e-01)
Epoch: [26][180/497]	L_Src_Sup 2.4301e-01 (2.0970e-01)	L_Trg_Inj 2.9083e-01 (2.7859e-01)	Loss Disc 6.9320e-01 (6.9315e-01)	Loss Pred 5.1573e-01 (5.2000e-01)	Loss TOTAL 9.1571e-01 (9.2524e-01)
Epoch: [26][190/497]	L_Src_Sup 1.4693e-01 (2.0845e-01)	L_Trg_Inj 3.4112e-01 (2.7622e-01)	Loss Disc 6.9317e-01 (6.9315e-01)	Loss Pred 5.6626e-01 (5.2044e-01)	Loss TOTAL 9.6165e-01 (9.2620e-01)
Epoch: [26][200/497]	L_Src_Sup 2.1783e-01 (2.0979e-01)	L_Trg_Inj 3.1157e-01 (2.7461e-01)	Loss Disc 6.9309e-01 (6.9316e-01)	Loss Pred 5.5457e-01 (5.2029e-01)	Loss TOTAL 9.5406e-01 (9.2634e-01)
Epoch: [26][210/497]	L_Src_Sup 2.7045e-01 (2.0871e-01)	L_Trg_Inj 2.2764e-01 (2.7452e-01)	Loss Disc 6.9326e-01 (6.9316e-01)	Loss Pred 4.9040e-01 (5.1954e-01)	Loss TOTAL 9.2964e-01 (9.2536e-01)
Epoch: [26][220/497]	L_Src_Sup 2.0195e-01 (2.0818e-01)	L_Trg_Inj 2.1821e-01 (2.7379e-01)	Loss Disc 6.9321e-01 (6.9316e-01)	Loss Pred 5.0348e-01 (5.1916e-01)	Loss TOTAL 8.9210e-01 (9.2435e-01)
Epoch: [26][230/497]	L_Src_Sup 2.0193e-01 (2.0698e-01)	L_Trg_Inj 1.5820e-01 (2.7416e-01)	Loss Disc 6.9323e-01 (6.9316e-01)	Loss Pred 5.0301e-01 (5.1978e-01)	Loss TOTAL 9.2936e-01 (9.2462e-01)
Epoch: [26][240/497]	L_Src_Sup 2.8923e-01 (2.0766e-01)	L_Trg_Inj 2.4241e-01 (2.7402e-01)	Loss Disc 6.9314e-01 (6.9316e-01)	Loss Pred 5.2816e-01 (5.2035e-01)	Loss TOTAL 9.7471e-01 (9.2527e-01)
Epoch: [26][250/497]	L_Src_Sup 1.5692e-01 (2.0891e-01)	L_Trg_Inj 3.1171e-01 (2.7605e-01)	Loss Disc 6.9316e-01 (6.9316e-01)	Loss Pred 5.4700e-01 (5.2063e-01)	Loss TOTAL 9.4044e-01 (9.2561e-01)
Epoch: [26][260/497]	L_Src_Sup 1.3200e-01 (2.0922e-01)	L_Trg_Inj 3.8952e-01 (2.7662e-01)	Loss Disc 6.9318e-01 (6.9317e-01)	Loss Pred 5.4140e-01 (5.2013e-01)	Loss TOTAL 9.4015e-01 (9.2504e-01)
Epoch: [26][270/497]	L_Src_Sup 2.1361e-01 (2.1038e-01)	L_Trg_Inj 3.3499e-01 (2.7632e-01)	Loss Disc 6.9318e-01 (6.9317e-01)	Loss Pred 5.4092e-01 (5.2059e-01)	Loss TOTAL 9.4237e-01 (9.2609e-01)
Epoch: [26][280/497]	L_Src_Sup 2.3441e-01 (2.1093e-01)	L_Trg_Inj 3.1354e-01 (2.7869e-01)	Loss Disc 6.9323e-01 (6.9317e-01)	Loss Pred 4.9050e-01 (5.2059e-01)	Loss TOTAL 8.9191e-01 (9.2602e-01)
Epoch: [26][290/497]	L_Src_Sup 2.1363e-01 (2.1120e-01)	L_Trg_Inj 3.3760e-01 (2.7861e-01)	Loss Disc 6.9315e-01 (6.9317e-01)	Loss Pred 5.4092e-01 (5.2102e-01)	Loss TOTAL 9.4262e-01 (9.2668e-01)
Epoch: [26][300/497]	L_Src_Sup 1.2391e-01 (2.0978e-01)	L_Trg_Inj 2.9349e-01 (2.7990e-01)	Loss Disc 6.9316e-01 (6.9317e-01)	Loss Pred 4.7779e-01 (5.2057e-01)	Loss TOTAL 8.6612e-01 (9.2588e-01)
Epoch: [26][310/497]	L_Src_Sup 1.3208e-01 (2.0940e-01)	L_Trg_Inj 3.7776e-01 (2.7914e-01)	Loss Disc 6.9317e-01 (6.9317e-01)	Loss Pred 5.2202e-01 (5.2028e-01)	Loss TOTAL 9.1959e-01 (9.2582e-01)
Epoch: [26][320/497]	L_Src_Sup 1.7824e-01 (2.0959e-01)	L_Trg_Inj 2.2593e-01 (2.7907e-01)	Loss Disc 6.9311e-01 (6.9317e-01)	Loss Pred 5.5360e-01 (5.2032e-01)	Loss TOTAL 9.4057e-01 (9.2570e-01)
Epoch: [26][330/497]	L_Src_Sup 1.3335e-01 (2.0928e-01)	L_Trg_Inj 2.7882e-01 (2.7961e-01)	Loss Disc 6.9319e-01 (6.9317e-01)	Loss Pred 5.2810e-01 (5.2005e-01)	Loss TOTAL 9.1592e-01 (9.2539e-01)
Epoch: [26][340/497]	L_Src_Sup 1.6668e-01 (2.1065e-01)	L_Trg_Inj 3.8085e-01 (2.8164e-01)	Loss Disc 6.9320e-01 (6.9317e-01)	Loss Pred 5.0925e-01 (5.2012e-01)	Loss TOTAL 9.1060e-01 (9.2588e-01)
Epoch: [26][350/497]	L_Src_Sup 1.7308e-01 (2.1084e-01)	L_Trg_Inj 2.9571e-01 (2.8222e-01)	Loss Disc 6.9321e-01 (6.9317e-01)	Loss Pred 5.3437e-01 (5.2028e-01)	Loss TOTAL 9.2785e-01 (9.2591e-01)
Epoch: [26][360/497]	L_Src_Sup 1.8019e-01 (2.1111e-01)	L_Trg_Inj 3.4726e-01 (2.8324e-01)	Loss Disc 6.9329e-01 (6.9318e-01)	Loss Pred 4.9040e-01 (5.2042e-01)	Loss TOTAL 8.8979e-01 (9.2592e-01)
Epoch: [26][370/497]	L_Src_Sup 3.2691e-01 (2.1129e-01)	L_Trg_Inj 2.8725e-01 (2.8347e-01)	Loss Disc 6.9316e-01 (6.9318e-01)	Loss Pred 5.2230e-01 (5.2044e-01)	Loss TOTAL 9.6995e-01 (9.2584e-01)
Epoch: [26][380/497]	L_Src_Sup 2.6946e-01 (2.1131e-01)	L_Trg_Inj 2.6422e-01 (2.8331e-01)	Loss Disc 6.9324e-01 (6.9318e-01)	Loss Pred 5.3460e-01 (5.2040e-01)	Loss TOTAL 9.3983e-01 (9.2564e-01)
Epoch: [26][390/497]	L_Src_Sup 2.4597e-01 (2.1096e-01)	L_Trg_Inj 4.7214e-01 (2.8503e-01)	Loss Disc 6.9311e-01 (6.9318e-01)	Loss Pred 5.2197e-01 (5.2038e-01)	Loss TOTAL 9.4033e-01 (9.2552e-01)
Epoch: [26][400/497]	L_Src_Sup 1.3594e-01 (2.1070e-01)	L_Trg_Inj 3.1482e-01 (2.8562e-01)	Loss Disc 6.9326e-01 (6.9318e-01)	Loss Pred 5.4109e-01 (5.2044e-01)	Loss TOTAL 9.3280e-01 (9.2544e-01)
Epoch: [26][410/497]	L_Src_Sup 1.8818e-01 (2.1028e-01)	L_Trg_Inj 2.9566e-01 (2.8643e-01)	Loss Disc 6.9315e-01 (6.9318e-01)	Loss Pred 4.9028e-01 (5.2034e-01)	Loss TOTAL 8.8523e-01 (9.2531e-01)
Epoch: [26][420/497]	L_Src_Sup 1.5240e-01 (2.1035e-01)	L_Trg_Inj 2.1699e-01 (2.8611e-01)	Loss Disc 6.9327e-01 (6.9318e-01)	Loss Pred 5.2824e-01 (5.2022e-01)	Loss TOTAL 9.1181e-01 (9.2519e-01)
Epoch: [26][430/497]	L_Src_Sup 1.1654e-01 (2.0964e-01)	L_Trg_Inj 3.5982e-01 (2.8684e-01)	Loss Disc 6.9319e-01 (6.9318e-01)	Loss Pred 5.4083e-01 (5.2032e-01)	Loss TOTAL 9.3506e-01 (9.2514e-01)
Epoch: [26][440/497]	L_Src_Sup 2.2187e-01 (2.0982e-01)	L_Trg_Inj 2.3507e-01 (2.8716e-01)	Loss Disc 6.9318e-01 (6.9318e-01)	Loss Pred 5.4097e-01 (5.2053e-01)	Loss TOTAL 9.3325e-01 (9.2529e-01)
Epoch: [26][450/497]	L_Src_Sup 1.7828e-01 (2.0933e-01)	L_Trg_Inj 1.2506e-01 (2.8765e-01)	Loss Disc 6.9310e-01 (6.9318e-01)	Loss Pred 5.5341e-01 (5.2063e-01)	Loss TOTAL 9.8352e-01 (9.2543e-01)
Epoch: [26][460/497]	L_Src_Sup 1.8202e-01 (2.0930e-01)	L_Trg_Inj 2.2179e-01 (2.8833e-01)	Loss Disc 6.9306e-01 (6.9318e-01)	Loss Pred 5.6650e-01 (5.2099e-01)	Loss TOTAL 9.5341e-01 (9.2580e-01)
Epoch: [26][470/497]	L_Src_Sup 2.1082e-01 (2.0985e-01)	L_Trg_Inj 4.0426e-01 (2.8892e-01)	Loss Disc 6.9322e-01 (6.9318e-01)	Loss Pred 5.2823e-01 (5.2105e-01)	Loss TOTAL 9.3635e-01 (9.2597e-01)
Epoch: [26][480/497]	L_Src_Sup 2.5755e-01 (2.0968e-01)	L_Trg_Inj 4.1561e-01 (2.8933e-01)	Loss Disc 6.9324e-01 (6.9318e-01)	Loss Pred 5.5366e-01 (5.2109e-01)	Loss TOTAL 9.6760e-01 (9.2585e-01)
Epoch: [26][490/497]	L_Src_Sup 3.2730e-01 (2.0936e-01)	L_Trg_Inj 2.2556e-01 (2.8871e-01)	Loss Disc 6.9316e-01 (6.9318e-01)	Loss Pred 4.9744e-01 (5.2080e-01)	Loss TOTAL 1.0010e+00 (9.2552e-01)
Epoch: [26][497/497]	L_Src_Sup 1.3220e-01 (2.0893e-01)	L_Trg_Inj 2.4948e-01 (2.8815e-01)	Loss Disc 6.9319e-01 (6.9318e-01)	Loss Pred 5.2227e-01 (5.2073e-01)	Loss TOTAL 9.0703e-01 (9.2533e-01)
Epoch 26 complete. Saving model state...
Epoch: [27][ 10/497]	L_Src_Sup 2.5750e-01 (1.9811e-01)	L_Trg_Inj 2.3568e-01 (3.1483e-01)	Loss Disc 6.9321e-01 (6.9323e-01)	Loss Pred 5.0303e-01 (5.1532e-01)	Loss TOTAL 9.2078e-01 (9.1541e-01)
Epoch: [27][ 20/497]	L_Src_Sup 2.3304e-01 (2.0498e-01)	L_Trg_Inj 2.5347e-01 (2.8942e-01)	Loss Disc 6.9327e-01 (6.9322e-01)	Loss Pred 5.4082e-01 (5.1537e-01)	Loss TOTAL 9.3611e-01 (9.1855e-01)
Epoch: [27][ 30/497]	L_Src_Sup 2.5004e-01 (2.0033e-01)	L_Trg_Inj 1.7156e-01 (2.7401e-01)	Loss Disc 6.9326e-01 (6.9321e-01)	Loss Pred 5.3452e-01 (5.1866e-01)	Loss TOTAL 1.0018e+00 (9.2601e-01)
Epoch: [27][ 40/497]	L_Src_Sup 2.0574e-01 (1.9991e-01)	L_Trg_Inj 2.1068e-01 (2.7021e-01)	Loss Disc 6.9323e-01 (6.9321e-01)	Loss Pred 5.1556e-01 (5.1654e-01)	Loss TOTAL 9.0382e-01 (9.2649e-01)
Epoch: [27][ 50/497]	L_Src_Sup 1.8353e-01 (2.0041e-01)	L_Trg_Inj 1.7752e-01 (2.6589e-01)	Loss Disc 6.9320e-01 (6.9321e-01)	Loss Pred 5.0294e-01 (5.1942e-01)	Loss TOTAL 8.9166e-01 (9.2615e-01)
Epoch: [27][ 60/497]	L_Src_Sup 2.0208e-01 (2.0132e-01)	L_Trg_Inj 3.8275e-01 (2.6749e-01)	Loss Disc 6.9321e-01 (6.9321e-01)	Loss Pred 5.6645e-01 (5.1953e-01)	Loss TOTAL 9.7154e-01 (9.2579e-01)
Epoch: [27][ 70/497]	L_Src_Sup 2.7239e-01 (2.0240e-01)	L_Trg_Inj 3.3761e-01 (2.7083e-01)	Loss Disc 6.9313e-01 (6.9321e-01)	Loss Pred 4.8403e-01 (5.1826e-01)	Loss TOTAL 8.9159e-01 (9.2385e-01)
Epoch: [27][ 80/497]	L_Src_Sup 1.5245e-01 (2.0481e-01)	L_Trg_Inj 1.8665e-01 (2.7351e-01)	Loss Disc 6.9327e-01 (6.9321e-01)	Loss Pred 5.2830e-01 (5.1792e-01)	Loss TOTAL 9.0884e-01 (9.2339e-01)
Epoch: [27][ 90/497]	L_Src_Sup 2.6063e-01 (2.0265e-01)	L_Trg_Inj 2.5755e-01 (2.7796e-01)	Loss Disc 6.9319e-01 (6.9321e-01)	Loss Pred 4.9151e-01 (5.1873e-01)	Loss TOTAL 8.9300e-01 (9.2324e-01)
Epoch: [27][100/497]	L_Src_Sup 2.7111e-01 (2.0343e-01)	L_Trg_Inj 2.6892e-01 (2.7964e-01)	Loss Disc 6.9315e-01 (6.9321e-01)	Loss Pred 4.9106e-01 (5.1762e-01)	Loss TOTAL 8.9383e-01 (9.2279e-01)
Epoch: [27][110/497]	L_Src_Sup 1.9255e-01 (2.0414e-01)	L_Trg_Inj 3.3662e-01 (2.8351e-01)	Loss Disc 6.9313e-01 (6.9321e-01)	Loss Pred 5.3505e-01 (5.1867e-01)	Loss TOTAL 9.3454e-01 (9.2364e-01)
Epoch: [27][120/497]	L_Src_Sup 1.8240e-01 (2.0517e-01)	L_Trg_Inj 1.9016e-01 (2.8775e-01)	Loss Disc 6.9301e-01 (6.9319e-01)	Loss Pred 4.7788e-01 (5.1837e-01)	Loss TOTAL 8.6164e-01 (9.2394e-01)
Epoch: [27][130/497]	L_Src_Sup 1.3241e-01 (2.0467e-01)	L_Trg_Inj 2.9729e-01 (2.9081e-01)	Loss Disc 6.9301e-01 (6.9314e-01)	Loss Pred 5.2195e-01 (5.1963e-01)	Loss TOTAL 9.1142e-01 (9.2503e-01)
Epoch: [27][140/497]	L_Src_Sup 2.2417e-01 (2.0414e-01)	L_Trg_Inj 3.5920e-01 (2.8909e-01)	Loss Disc 6.9124e-01 (6.9308e-01)	Loss Pred 5.0467e-01 (5.1946e-01)	Loss TOTAL 9.0863e-01 (9.2444e-01)
Epoch: [27][150/497]	L_Src_Sup 2.2496e-01 (2.0499e-01)	L_Trg_Inj 2.9116e-01 (2.9177e-01)	Loss Disc 6.9132e-01 (6.9298e-01)	Loss Pred 5.1607e-01 (5.1972e-01)	Loss TOTAL 9.1334e-01 (9.2450e-01)
Epoch: [27][160/497]	L_Src_Sup 1.8851e-01 (2.0600e-01)	L_Trg_Inj 3.9800e-01 (2.9470e-01)	Loss Disc 6.9361e-01 (6.9294e-01)	Loss Pred 5.8509e-01 (5.2034e-01)	Loss TOTAL 9.9054e-01 (9.2568e-01)
Epoch: [27][170/497]	L_Src_Sup 2.4985e-01 (2.0673e-01)	L_Trg_Inj 2.6112e-01 (2.9464e-01)	Loss Disc 6.9370e-01 (6.9296e-01)	Loss Pred 5.4734e-01 (5.2001e-01)	Loss TOTAL 9.4529e-01 (9.2550e-01)
Epoch: [27][180/497]	L_Src_Sup 1.3464e-01 (2.0818e-01)	L_Trg_Inj 3.3329e-01 (2.9357e-01)	Loss Disc 6.9329e-01 (6.9297e-01)	Loss Pred 5.5372e-01 (5.2023e-01)	Loss TOTAL 9.4716e-01 (9.2606e-01)
Epoch: [27][190/497]	L_Src_Sup 2.6568e-01 (2.0865e-01)	L_Trg_Inj 1.9129e-01 (2.9332e-01)	Loss Disc 6.9323e-01 (6.9299e-01)	Loss Pred 5.0925e-01 (5.2045e-01)	Loss TOTAL 9.7596e-01 (9.2623e-01)
Epoch: [27][200/497]	L_Src_Sup 1.1961e-01 (2.0748e-01)	L_Trg_Inj 2.8033e-01 (2.9354e-01)	Loss Disc 6.9294e-01 (6.9300e-01)	Loss Pred 4.9250e-01 (5.2085e-01)	Loss TOTAL 8.7897e-01 (9.2608e-01)
Epoch: [27][210/497]	L_Src_Sup 2.2429e-01 (2.0769e-01)	L_Trg_Inj 2.9309e-01 (2.9112e-01)	Loss Disc 6.9313e-01 (6.9300e-01)	Loss Pred 5.2202e-01 (5.2028e-01)	Loss TOTAL 9.2032e-01 (9.2579e-01)
Epoch: [27][220/497]	L_Src_Sup 1.6843e-01 (2.0609e-01)	L_Trg_Inj 2.6167e-01 (2.9003e-01)	Loss Disc 6.9322e-01 (6.9302e-01)	Loss Pred 5.1548e-01 (5.2098e-01)	Loss TOTAL 9.0510e-01 (9.2593e-01)
Epoch: [27][230/497]	L_Src_Sup 1.8867e-01 (2.0753e-01)	L_Trg_Inj 2.2208e-01 (2.8987e-01)	Loss Disc 6.9338e-01 (6.9302e-01)	Loss Pred 5.2201e-01 (5.2111e-01)	Loss TOTAL 9.0977e-01 (9.2608e-01)
Epoch: [27][240/497]	L_Src_Sup 2.0282e-01 (2.0770e-01)	L_Trg_Inj 2.3568e-01 (2.8821e-01)	Loss Disc 6.9337e-01 (6.9303e-01)	Loss Pred 5.4733e-01 (5.2095e-01)	Loss TOTAL 9.3786e-01 (9.2582e-01)
Epoch: [27][250/497]	L_Src_Sup 2.7435e-01 (2.0784e-01)	L_Trg_Inj 2.3589e-01 (2.8617e-01)	Loss Disc 6.9336e-01 (6.9304e-01)	Loss Pred 5.4786e-01 (5.2034e-01)	Loss TOTAL 9.8402e-01 (9.2521e-01)
Epoch: [27][260/497]	L_Src_Sup 2.4762e-01 (2.0740e-01)	L_Trg_Inj 2.9077e-01 (2.8501e-01)	Loss Disc 6.9315e-01 (6.9304e-01)	Loss Pred 5.2826e-01 (5.2024e-01)	Loss TOTAL 9.2868e-01 (9.2475e-01)
Epoch: [27][270/497]	L_Src_Sup 2.2441e-01 (2.0712e-01)	L_Trg_Inj 2.8970e-01 (2.8370e-01)	Loss Disc 6.9320e-01 (6.9305e-01)	Loss Pred 5.1556e-01 (5.2026e-01)	Loss TOTAL 9.1358e-01 (9.2455e-01)
Epoch: [27][280/497]	L_Src_Sup 1.9693e-01 (2.0689e-01)	L_Trg_Inj 1.9093e-01 (2.8231e-01)	Loss Disc 6.9312e-01 (6.9305e-01)	Loss Pred 4.8490e-01 (5.1987e-01)	Loss TOTAL 8.7625e-01 (9.2396e-01)
Epoch: [27][290/497]	L_Src_Sup 2.6170e-01 (2.0746e-01)	L_Trg_Inj 2.9577e-01 (2.8124e-01)	Loss Disc 6.9321e-01 (6.9306e-01)	Loss Pred 5.1594e-01 (5.1996e-01)	Loss TOTAL 9.1829e-01 (9.2448e-01)
Epoch: [27][300/497]	L_Src_Sup 2.1420e-01 (2.0814e-01)	L_Trg_Inj 2.6480e-01 (2.8154e-01)	Loss Disc 6.9323e-01 (6.9306e-01)	Loss Pred 5.2821e-01 (5.1984e-01)	Loss TOTAL 9.2272e-01 (9.2479e-01)
Epoch: [27][310/497]	L_Src_Sup 1.7518e-01 (2.0876e-01)	L_Trg_Inj 2.6103e-01 (2.8260e-01)	Loss Disc 6.9349e-01 (6.9306e-01)	Loss Pred 5.4072e-01 (5.2000e-01)	Loss TOTAL 9.3109e-01 (9.2527e-01)
Epoch: [27][320/497]	L_Src_Sup 2.7681e-01 (2.0923e-01)	L_Trg_Inj 1.7139e-01 (2.8234e-01)	Loss Disc 6.9343e-01 (6.9307e-01)	Loss Pred 5.4731e-01 (5.2007e-01)	Loss TOTAL 1.0443e+00 (9.2566e-01)
Epoch: [27][330/497]	L_Src_Sup 1.8067e-01 (2.0965e-01)	L_Trg_Inj 2.4763e-01 (2.8076e-01)	Loss Disc 6.9317e-01 (6.9307e-01)	Loss Pred 5.0924e-01 (5.2032e-01)	Loss TOTAL 8.9866e-01 (9.2644e-01)
Epoch: [27][340/497]	L_Src_Sup 1.1355e-01 (2.0858e-01)	L_Trg_Inj 2.5784e-01 (2.8029e-01)	Loss Disc 6.9310e-01 (6.9307e-01)	Loss Pred 5.2211e-01 (5.2018e-01)	Loss TOTAL 9.0580e-01 (9.2614e-01)
Epoch: [27][350/497]	L_Src_Sup 2.9110e-01 (2.0822e-01)	L_Trg_Inj 3.1197e-01 (2.8081e-01)	Loss Disc 6.9300e-01 (6.9307e-01)	Loss Pred 4.9700e-01 (5.2002e-01)	Loss TOTAL 9.0381e-01 (9.2574e-01)
Epoch: [27][360/497]	L_Src_Sup 1.4001e-01 (2.0925e-01)	L_Trg_Inj 2.6335e-01 (2.8009e-01)	Loss Disc 6.9338e-01 (6.9308e-01)	Loss Pred 5.6030e-01 (5.2012e-01)	Loss TOTAL 9.4732e-01 (9.2681e-01)
Epoch: [27][370/497]	L_Src_Sup 1.8349e-01 (2.0901e-01)	L_Trg_Inj 1.8332e-01 (2.8014e-01)	Loss Disc 6.9325e-01 (6.9308e-01)	Loss Pred 4.9043e-01 (5.2020e-01)	Loss TOTAL 8.7391e-01 (9.2660e-01)
Epoch: [27][380/497]	L_Src_Sup 1.6701e-01 (2.0857e-01)	L_Trg_Inj 2.5446e-01 (2.8018e-01)	Loss Disc 6.9319e-01 (6.9309e-01)	Loss Pred 5.0925e-01 (5.2019e-01)	Loss TOTAL 8.9799e-01 (9.2634e-01)
Epoch: [27][390/497]	L_Src_Sup 1.6182e-01 (2.0813e-01)	L_Trg_Inj 3.1504e-01 (2.8044e-01)	Loss Disc 6.9316e-01 (6.9309e-01)	Loss Pred 5.6669e-01 (5.2061e-01)	Loss TOTAL 9.6096e-01 (9.2666e-01)
Epoch: [27][400/497]	L_Src_Sup 1.4437e-01 (2.0805e-01)	L_Trg_Inj 2.3399e-01 (2.8116e-01)	Loss Disc 6.9319e-01 (6.9309e-01)	Loss Pred 4.9048e-01 (5.2050e-01)	Loss TOTAL 8.7492e-01 (9.2635e-01)
Epoch: [27][410/497]	L_Src_Sup 2.6426e-01 (2.0764e-01)	L_Trg_Inj 1.7156e-01 (2.7980e-01)	Loss Disc 6.9330e-01 (6.9309e-01)	Loss Pred 5.2229e-01 (5.2019e-01)	Loss TOTAL 1.0052e+00 (9.2592e-01)
Epoch: [27][420/497]	L_Src_Sup 1.3593e-01 (2.0655e-01)	L_Trg_Inj 2.4049e-01 (2.7932e-01)	Loss Disc 6.9320e-01 (6.9310e-01)	Loss Pred 5.4081e-01 (5.2037e-01)	Loss TOTAL 9.2505e-01 (9.2569e-01)
Epoch: [27][430/497]	L_Src_Sup 1.8224e-01 (2.0646e-01)	L_Trg_Inj 2.0273e-01 (2.7799e-01)	Loss Disc 6.9318e-01 (6.9310e-01)	Loss Pred 5.0295e-01 (5.2049e-01)	Loss TOTAL 8.8803e-01 (9.2562e-01)
Epoch: [27][440/497]	L_Src_Sup 2.3882e-01 (2.0593e-01)	L_Trg_Inj 2.7415e-01 (2.7809e-01)	Loss Disc 6.9323e-01 (6.9310e-01)	Loss Pred 5.0298e-01 (5.2064e-01)	Loss TOTAL 9.0089e-01 (9.2551e-01)
Epoch: [27][450/497]	L_Src_Sup 2.1577e-01 (2.0534e-01)	L_Trg_Inj 2.8317e-01 (2.7699e-01)	Loss Disc 6.9322e-01 (6.9310e-01)	Loss Pred 5.4775e-01 (5.2042e-01)	Loss TOTAL 9.4425e-01 (9.2529e-01)
Epoch: [27][460/497]	L_Src_Sup 2.7869e-01 (2.0535e-01)	L_Trg_Inj 2.8443e-01 (2.7697e-01)	Loss Disc 6.9315e-01 (6.9311e-01)	Loss Pred 5.0949e-01 (5.2012e-01)	Loss TOTAL 9.1237e-01 (9.2513e-01)
Epoch: [27][470/497]	L_Src_Sup 1.6981e-01 (2.0503e-01)	L_Trg_Inj 2.0265e-01 (2.7648e-01)	Loss Disc 6.9326e-01 (6.9311e-01)	Loss Pred 5.2204e-01 (5.2013e-01)	Loss TOTAL 9.0591e-01 (9.2491e-01)
Epoch: [27][480/497]	L_Src_Sup 2.2464e-01 (2.0507e-01)	L_Trg_Inj 3.5003e-01 (2.7638e-01)	Loss Disc 6.9320e-01 (6.9311e-01)	Loss Pred 5.5967e-01 (5.2028e-01)	Loss TOTAL 9.6374e-01 (9.2499e-01)
Epoch: [27][490/497]	L_Src_Sup 2.3103e-01 (2.0544e-01)	L_Trg_Inj 2.6122e-01 (2.7574e-01)	Loss Disc 6.9316e-01 (6.9311e-01)	Loss Pred 5.2200e-01 (5.2051e-01)	Loss TOTAL 9.1780e-01 (9.2562e-01)
Epoch: [27][497/497]	L_Src_Sup 1.5105e-01 (2.0564e-01)	L_Trg_Inj 2.4896e-01 (2.7652e-01)	Loss Disc 6.9320e-01 (6.9311e-01)	Loss Pred 5.0948e-01 (5.2072e-01)	Loss TOTAL 8.9608e-01 (9.2588e-01)
Epoch 27 complete. Saving model state...
Epoch: [28][ 10/497]	L_Src_Sup 2.3941e-01 (2.3295e-01)	L_Trg_Inj 3.2707e-01 (2.8291e-01)	Loss Disc 6.9310e-01 (6.9320e-01)	Loss Pred 4.5247e-01 (5.1012e-01)	Loss TOTAL 8.5566e-01 (9.1237e-01)
Epoch: [28][ 20/497]	L_Src_Sup 1.9437e-01 (1.9654e-01)	L_Trg_Inj 3.8968e-01 (2.8973e-01)	Loss Disc 6.9323e-01 (6.9321e-01)	Loss Pred 5.1549e-01 (5.2106e-01)	Loss TOTAL 9.2051e-01 (9.2020e-01)
Epoch: [28][ 30/497]	L_Src_Sup 2.0358e-01 (2.0091e-01)	L_Trg_Inj 2.9221e-01 (2.8739e-01)	Loss Disc 6.9320e-01 (6.9321e-01)	Loss Pred 5.0294e-01 (5.2031e-01)	Loss TOTAL 8.9912e-01 (9.1835e-01)
Epoch: [28][ 40/497]	L_Src_Sup 2.1434e-01 (2.0602e-01)	L_Trg_Inj 2.4054e-01 (2.7960e-01)	Loss Disc 6.9316e-01 (6.9320e-01)	Loss Pred 5.0304e-01 (5.1684e-01)	Loss TOTAL 8.9511e-01 (9.1950e-01)
Epoch: [28][ 50/497]	L_Src_Sup 1.0913e-01 (2.0289e-01)	L_Trg_Inj 2.1497e-01 (2.6816e-01)	Loss Disc 6.9316e-01 (6.9320e-01)	Loss Pred 4.9660e-01 (5.1763e-01)	Loss TOTAL 8.7558e-01 (9.1939e-01)
Epoch: [28][ 60/497]	L_Src_Sup 2.2242e-01 (1.9658e-01)	L_Trg_Inj 2.5560e-01 (2.6227e-01)	Loss Disc 6.9307e-01 (6.9320e-01)	Loss Pred 5.0939e-01 (5.1890e-01)	Loss TOTAL 9.0372e-01 (9.1888e-01)
Epoch: [28][ 70/497]	L_Src_Sup 1.4041e-01 (1.9915e-01)	L_Trg_Inj 3.6713e-01 (2.5952e-01)	Loss Disc 6.9296e-01 (6.9319e-01)	Loss Pred 5.2850e-01 (5.2040e-01)	Loss TOTAL 9.2573e-01 (9.2070e-01)
Epoch: [28][ 80/497]	L_Src_Sup 1.8019e-01 (1.9911e-01)	L_Trg_Inj 2.2854e-01 (2.5672e-01)	Loss Disc 6.9311e-01 (6.9320e-01)	Loss Pred 4.9091e-01 (5.2006e-01)	Loss TOTAL 8.7834e-01 (9.2040e-01)
Epoch: [28][ 90/497]	L_Src_Sup 2.6585e-01 (2.0039e-01)	L_Trg_Inj 2.3115e-01 (2.5550e-01)	Loss Disc 6.9320e-01 (6.9320e-01)	Loss Pred 5.0933e-01 (5.2029e-01)	Loss TOTAL 9.4032e-01 (9.2125e-01)
Epoch: [28][100/497]	L_Src_Sup 2.3315e-01 (1.9973e-01)	L_Trg_Inj 2.6664e-01 (2.5646e-01)	Loss Disc 6.9328e-01 (6.9320e-01)	Loss Pred 5.4101e-01 (5.1921e-01)	Loss TOTAL 9.3762e-01 (9.2019e-01)
Epoch: [28][110/497]	L_Src_Sup 2.8867e-01 (1.9846e-01)	L_Trg_Inj 1.8374e-01 (2.5718e-01)	Loss Disc 6.9331e-01 (6.9320e-01)	Loss Pred 5.3454e-01 (5.1977e-01)	Loss TOTAL 1.0334e+00 (9.2137e-01)
Epoch: [28][120/497]	L_Src_Sup 2.1797e-01 (1.9754e-01)	L_Trg_Inj 2.4096e-01 (2.5849e-01)	Loss Disc 6.9328e-01 (6.9320e-01)	Loss Pred 5.5351e-01 (5.2037e-01)	Loss TOTAL 9.4604e-01 (9.2156e-01)
Epoch: [28][130/497]	L_Src_Sup 9.6213e-02 (1.9706e-01)	L_Trg_Inj 2.9792e-01 (2.5882e-01)	Loss Disc 6.9321e-01 (6.9320e-01)	Loss Pred 5.3447e-01 (5.2070e-01)	Loss TOTAL 9.2049e-01 (9.2173e-01)
Epoch: [28][140/497]	L_Src_Sup 2.1366e-01 (1.9767e-01)	L_Trg_Inj 4.9722e-01 (2.6098e-01)	Loss Disc 6.9322e-01 (6.9320e-01)	Loss Pred 5.4071e-01 (5.2089e-01)	Loss TOTAL 9.5841e-01 (9.2223e-01)
Epoch: [28][150/497]	L_Src_Sup 7.8456e-02 (1.9642e-01)	L_Trg_Inj 3.7748e-01 (2.6324e-01)	Loss Disc 6.9317e-01 (6.9320e-01)	Loss Pred 5.4731e-01 (5.2155e-01)	Loss TOTAL 9.3949e-01 (9.2239e-01)
Epoch: [28][160/497]	L_Src_Sup 2.9369e-01 (1.9679e-01)	L_Trg_Inj 2.4823e-01 (2.6152e-01)	Loss Disc 6.9320e-01 (6.9320e-01)	Loss Pred 5.0296e-01 (5.2232e-01)	Loss TOTAL 9.4921e-01 (9.2294e-01)
Epoch: [28][170/497]	L_Src_Sup 1.7038e-01 (1.9857e-01)	L_Trg_Inj 3.1859e-01 (2.6248e-01)	Loss Disc 6.9312e-01 (6.9320e-01)	Loss Pred 5.2223e-01 (5.2216e-01)	Loss TOTAL 9.1769e-01 (9.2360e-01)
Epoch: [28][180/497]	L_Src_Sup 2.2660e-01 (2.0059e-01)	L_Trg_Inj 5.1718e-01 (2.6657e-01)	Loss Disc 6.9268e-01 (6.9319e-01)	Loss Pred 5.5073e-01 (5.2221e-01)	Loss TOTAL 9.7145e-01 (9.2403e-01)
Epoch: [28][190/497]	L_Src_Sup 2.5023e-01 (2.0253e-01)	L_Trg_Inj 3.9157e-01 (2.7126e-01)	Loss Disc 6.8971e-01 (6.9311e-01)	Loss Pred 4.8426e-01 (5.2179e-01)	Loss TOTAL 8.9329e-01 (9.2399e-01)
Epoch: [28][200/497]	L_Src_Sup 2.2031e-01 (2.0412e-01)	L_Trg_Inj 2.9839e-01 (2.7895e-01)	Loss Disc 6.9242e-01 (6.9292e-01)	Loss Pred 5.0308e-01 (5.2142e-01)	Loss TOTAL 9.0116e-01 (9.2404e-01)
Epoch: [28][210/497]	L_Src_Sup 2.5455e-01 (2.0529e-01)	L_Trg_Inj 2.8060e-01 (2.7950e-01)	Loss Disc 6.9278e-01 (6.9290e-01)	Loss Pred 4.9653e-01 (5.2121e-01)	Loss TOTAL 8.9644e-01 (9.2367e-01)
Epoch: [28][220/497]	L_Src_Sup 1.2965e-01 (2.0398e-01)	L_Trg_Inj 2.0801e-01 (2.7944e-01)	Loss Disc 6.9384e-01 (6.9290e-01)	Loss Pred 5.0920e-01 (5.2045e-01)	Loss TOTAL 8.8988e-01 (9.2243e-01)
Epoch: [28][230/497]	L_Src_Sup 1.5539e-01 (2.0203e-01)	L_Trg_Inj 2.3974e-01 (2.7798e-01)	Loss Disc 6.9350e-01 (6.9292e-01)	Loss Pred 5.4103e-01 (5.2092e-01)	Loss TOTAL 9.2729e-01 (9.2225e-01)
Epoch: [28][240/497]	L_Src_Sup 1.7313e-01 (2.0194e-01)	L_Trg_Inj 2.4632e-01 (2.7748e-01)	Loss Disc 6.9311e-01 (6.9293e-01)	Loss Pred 5.3448e-01 (5.2113e-01)	Loss TOTAL 9.2298e-01 (9.2212e-01)
Epoch: [28][250/497]	L_Src_Sup 2.9366e-01 (2.0299e-01)	L_Trg_Inj 2.5577e-01 (2.7691e-01)	Loss Disc 6.9191e-01 (6.9293e-01)	Loss Pred 5.0329e-01 (5.2171e-01)	Loss TOTAL 9.4208e-01 (9.2340e-01)
Epoch: [28][260/497]	L_Src_Sup 1.4680e-01 (2.0305e-01)	L_Trg_Inj 3.7996e-01 (2.8214e-01)	Loss Disc 6.8865e-01 (6.9283e-01)	Loss Pred 5.0293e-01 (5.2116e-01)	Loss TOTAL 8.9993e-01 (9.2306e-01)
Epoch: [28][270/497]	L_Src_Sup 1.8876e-01 (2.0237e-01)	L_Trg_Inj 3.1068e-01 (2.8281e-01)	Loss Disc 6.8688e-01 (6.9268e-01)	Loss Pred 5.2182e-01 (5.2108e-01)	Loss TOTAL 9.1520e-01 (9.2288e-01)
Epoch: [28][280/497]	L_Src_Sup 2.6335e-01 (2.0367e-01)	L_Trg_Inj 4.1524e-01 (2.8669e-01)	Loss Disc 6.8591e-01 (6.9251e-01)	Loss Pred 5.1058e-01 (5.2136e-01)	Loss TOTAL 9.2139e-01 (9.2353e-01)
Epoch: [28][290/497]	L_Src_Sup 2.2425e-01 (2.0283e-01)	L_Trg_Inj 2.7865e-01 (2.8726e-01)	Loss Disc 6.8488e-01 (6.9229e-01)	Loss Pred 4.5871e-01 (5.2076e-01)	Loss TOTAL 8.5144e-01 (9.2261e-01)
Epoch: [28][300/497]	L_Src_Sup 1.9450e-01 (2.0296e-01)	L_Trg_Inj 4.1551e-01 (2.8969e-01)	Loss Disc 6.8929e-01 (6.9215e-01)	Loss Pred 5.4074e-01 (5.2122e-01)	Loss TOTAL 9.4638e-01 (9.2306e-01)
Epoch: [28][310/497]	L_Src_Sup 2.5189e-01 (2.0212e-01)	L_Trg_Inj 2.1100e-01 (2.9079e-01)	Loss Disc 6.8900e-01 (6.9202e-01)	Loss Pred 5.1011e-01 (5.2127e-01)	Loss TOTAL 9.4180e-01 (9.2298e-01)
Epoch: [28][320/497]	L_Src_Sup 1.9441e-01 (2.0116e-01)	L_Trg_Inj 3.2032e-01 (2.9095e-01)	Loss Disc 6.9115e-01 (6.9186e-01)	Loss Pred 5.4162e-01 (5.2117e-01)	Loss TOTAL 9.3867e-01 (9.2257e-01)
Epoch: [28][330/497]	L_Src_Sup 1.7862e-01 (2.0072e-01)	L_Trg_Inj 2.4991e-01 (2.9010e-01)	Loss Disc 6.9263e-01 (6.9183e-01)	Loss Pred 4.8423e-01 (5.2120e-01)	Loss TOTAL 8.7339e-01 (9.2289e-01)
Epoch: [28][340/497]	L_Src_Sup 1.4954e-01 (2.0119e-01)	L_Trg_Inj 2.9122e-01 (2.9055e-01)	Loss Disc 6.9314e-01 (6.9187e-01)	Loss Pred 5.1551e-01 (5.2088e-01)	Loss TOTAL 9.0615e-01 (9.2251e-01)
Epoch: [28][350/497]	L_Src_Sup 2.5231e-01 (2.0105e-01)	L_Trg_Inj 4.7412e-01 (2.9093e-01)	Loss Disc 6.9153e-01 (6.9189e-01)	Loss Pred 4.9112e-01 (5.2071e-01)	Loss TOTAL 9.0953e-01 (9.2236e-01)
Epoch: [28][360/497]	L_Src_Sup 1.4401e-01 (2.0098e-01)	L_Trg_Inj 3.2410e-01 (2.9101e-01)	Loss Disc 6.9266e-01 (6.9193e-01)	Loss Pred 5.0306e-01 (5.2083e-01)	Loss TOTAL 8.9620e-01 (9.2249e-01)
Epoch: [28][370/497]	L_Src_Sup 3.0609e-01 (2.0153e-01)	L_Trg_Inj 4.6712e-01 (2.9108e-01)	Loss Disc 6.9203e-01 (6.9195e-01)	Loss Pred 5.0336e-01 (5.2074e-01)	Loss TOTAL 9.2670e-01 (9.2254e-01)
Epoch: [28][380/497]	L_Src_Sup 1.8561e-01 (2.0176e-01)	L_Trg_Inj 3.7509e-01 (2.9221e-01)	Loss Disc 6.9284e-01 (6.9197e-01)	Loss Pred 5.0947e-01 (5.2078e-01)	Loss TOTAL 9.1196e-01 (9.2261e-01)
Epoch: [28][390/497]	L_Src_Sup 3.0455e-01 (2.0156e-01)	L_Trg_Inj 3.6852e-01 (2.9353e-01)	Loss Disc 6.9285e-01 (6.9200e-01)	Loss Pred 5.1609e-01 (5.2099e-01)	Loss TOTAL 9.2982e-01 (9.2278e-01)
Epoch: [28][400/497]	L_Src_Sup 2.1445e-01 (2.0141e-01)	L_Trg_Inj 3.6948e-01 (2.9466e-01)	Loss Disc 6.9267e-01 (6.9202e-01)	Loss Pred 4.8386e-01 (5.2074e-01)	Loss TOTAL 8.8858e-01 (9.2248e-01)
Epoch: [28][410/497]	L_Src_Sup 3.2445e-01 (2.0150e-01)	L_Trg_Inj 3.6032e-01 (2.9523e-01)	Loss Disc 6.9246e-01 (6.9204e-01)	Loss Pred 4.9025e-01 (5.2099e-01)	Loss TOTAL 9.0496e-01 (9.2266e-01)
Epoch: [28][420/497]	L_Src_Sup 1.5394e-01 (2.0050e-01)	L_Trg_Inj 2.3301e-01 (2.9551e-01)	Loss Disc 6.9336e-01 (6.9206e-01)	Loss Pred 5.3492e-01 (5.2081e-01)	Loss TOTAL 9.2030e-01 (9.2227e-01)
Epoch: [28][430/497]	L_Src_Sup 3.2149e-01 (2.0089e-01)	L_Trg_Inj 3.9348e-01 (2.9570e-01)	Loss Disc 6.9216e-01 (6.9208e-01)	Loss Pred 4.8393e-01 (5.2097e-01)	Loss TOTAL 9.0151e-01 (9.2242e-01)
Epoch: [28][440/497]	L_Src_Sup 2.3858e-01 (2.0102e-01)	L_Trg_Inj 3.4649e-01 (2.9587e-01)	Loss Disc 6.9276e-01 (6.9210e-01)	Loss Pred 5.0322e-01 (5.2058e-01)	Loss TOTAL 9.0811e-01 (9.2209e-01)
Epoch: [28][450/497]	L_Src_Sup 1.3340e-01 (2.0096e-01)	L_Trg_Inj 3.7762e-01 (2.9586e-01)	Loss Disc 6.9275e-01 (6.9213e-01)	Loss Pred 5.2823e-01 (5.2067e-01)	Loss TOTAL 9.2571e-01 (9.2213e-01)
Epoch: [28][460/497]	L_Src_Sup 1.7509e-01 (2.0194e-01)	L_Trg_Inj 3.3320e-01 (2.9611e-01)	Loss Disc 6.9315e-01 (6.9214e-01)	Loss Pred 5.4092e-01 (5.2079e-01)	Loss TOTAL 9.3833e-01 (9.2272e-01)
Epoch: [28][470/497]	L_Src_Sup 2.7065e-01 (2.0269e-01)	L_Trg_Inj 4.6189e-01 (2.9729e-01)	Loss Disc 6.9140e-01 (6.9215e-01)	Loss Pred 5.1743e-01 (5.2082e-01)	Loss TOTAL 9.3638e-01 (9.2317e-01)
Epoch: [28][480/497]	L_Src_Sup 2.4646e-01 (2.0315e-01)	L_Trg_Inj 2.8421e-01 (2.9887e-01)	Loss Disc 6.8898e-01 (6.9211e-01)	Loss Pred 5.3254e-01 (5.2078e-01)	Loss TOTAL 9.3010e-01 (9.2318e-01)
Epoch: [28][490/497]	L_Src_Sup 2.8057e-01 (2.0296e-01)	L_Trg_Inj 2.3584e-01 (2.9796e-01)	Loss Disc 6.8659e-01 (6.9204e-01)	Loss Pred 5.1594e-01 (5.2072e-01)	Loss TOTAL 9.5560e-01 (9.2296e-01)
Epoch: [28][497/497]	L_Src_Sup 2.1613e-01 (2.0329e-01)	L_Trg_Inj 4.3247e-01 (2.9869e-01)	Loss Disc 6.8377e-01 (6.9197e-01)	Loss Pred 5.4738e-01 (5.2083e-01)	Loss TOTAL 9.5413e-01 (9.2314e-01)
Epoch 28 complete. Saving model state...
Epoch: [29][ 10/497]	L_Src_Sup 3.1748e-01 (2.2991e-01)	L_Trg_Inj 2.7526e-01 (3.2842e-01)	Loss Disc 6.9029e-01 (6.8752e-01)	Loss Pred 5.5348e-01 (5.2595e-01)	Loss TOTAL 1.0001e+00 (9.2977e-01)
Epoch: [29][ 20/497]	L_Src_Sup 2.0571e-01 (2.1873e-01)	L_Trg_Inj 3.3746e-01 (3.2982e-01)	Loss Disc 6.8873e-01 (6.8842e-01)	Loss Pred 5.1547e-01 (5.2872e-01)	Loss TOTAL 9.1415e-01 (9.3078e-01)
Epoch: [29][ 30/497]	L_Src_Sup 1.9344e-01 (2.1787e-01)	L_Trg_Inj 2.4774e-01 (3.2239e-01)	Loss Disc 6.9236e-01 (6.8901e-01)	Loss Pred 5.1570e-01 (5.2522e-01)	Loss TOTAL 9.0600e-01 (9.2574e-01)
Epoch: [29][ 40/497]	L_Src_Sup 1.2728e-01 (2.0386e-01)	L_Trg_Inj 2.2640e-01 (2.9656e-01)	Loss Disc 6.9310e-01 (6.9009e-01)	Loss Pred 4.9661e-01 (5.2534e-01)	Loss TOTAL 8.7853e-01 (9.2399e-01)
Epoch: [29][ 50/497]	L_Src_Sup 1.1543e-01 (2.0303e-01)	L_Trg_Inj 3.2419e-01 (2.9679e-01)	Loss Disc 6.9286e-01 (6.9065e-01)	Loss Pred 5.3486e-01 (5.2242e-01)	Loss TOTAL 9.2525e-01 (9.2207e-01)
Epoch: [29][ 60/497]	L_Src_Sup 2.9908e-01 (2.0132e-01)	L_Trg_Inj 2.2558e-01 (2.9292e-01)	Loss Disc 6.9336e-01 (6.9107e-01)	Loss Pred 5.1571e-01 (5.2066e-01)	Loss TOTAL 9.8835e-01 (9.2080e-01)
Epoch: [29][ 70/497]	L_Src_Sup 1.5458e-01 (2.0480e-01)	L_Trg_Inj 2.4888e-01 (2.9801e-01)	Loss Disc 6.9385e-01 (6.9136e-01)	Loss Pred 5.3480e-01 (5.1969e-01)	Loss TOTAL 9.2207e-01 (9.2084e-01)
Epoch: [29][ 80/497]	L_Src_Sup 2.0756e-01 (2.0615e-01)	L_Trg_Inj 3.6460e-01 (2.9748e-01)	Loss Disc 6.9282e-01 (6.9159e-01)	Loss Pred 5.2227e-01 (5.1944e-01)	Loss TOTAL 9.2589e-01 (9.2231e-01)
Epoch: [29][ 90/497]	L_Src_Sup 2.6418e-01 (2.0785e-01)	L_Trg_Inj 4.3467e-01 (3.0349e-01)	Loss Disc 6.9281e-01 (6.9176e-01)	Loss Pred 5.2193e-01 (5.2037e-01)	Loss TOTAL 9.3822e-01 (9.2334e-01)
Epoch: [29][100/497]	L_Src_Sup 1.7649e-01 (2.0610e-01)	L_Trg_Inj 2.0724e-01 (3.0400e-01)	Loss Disc 6.9377e-01 (6.9190e-01)	Loss Pred 5.4723e-01 (5.2074e-01)	Loss TOTAL 9.3249e-01 (9.2307e-01)
Epoch: [29][110/497]	L_Src_Sup 2.3174e-01 (2.0859e-01)	L_Trg_Inj 2.8041e-01 (3.0189e-01)	Loss Disc 6.9250e-01 (6.9201e-01)	Loss Pred 4.7818e-01 (5.1984e-01)	Loss TOTAL 8.7565e-01 (9.2308e-01)
Epoch: [29][120/497]	L_Src_Sup 1.5271e-01 (2.0835e-01)	L_Trg_Inj 2.1200e-01 (3.0122e-01)	Loss Disc 6.9376e-01 (6.9209e-01)	Loss Pred 5.2814e-01 (5.1873e-01)	Loss TOTAL 9.1150e-01 (9.2236e-01)
Epoch: [29][130/497]	L_Src_Sup 1.7145e-01 (2.0849e-01)	L_Trg_Inj 2.4805e-01 (3.0335e-01)	Loss Disc 6.9349e-01 (6.9217e-01)	Loss Pred 5.4500e-01 (5.1891e-01)	Loss TOTAL 9.3370e-01 (9.2230e-01)
Epoch: [29][140/497]	L_Src_Sup 2.3371e-01 (2.0836e-01)	L_Trg_Inj 3.5718e-01 (3.0254e-01)	Loss Disc 6.9306e-01 (6.9225e-01)	Loss Pred 5.3451e-01 (5.1944e-01)	Loss TOTAL 9.4013e-01 (9.2308e-01)
Epoch: [29][150/497]	L_Src_Sup 2.5198e-01 (2.0853e-01)	L_Trg_Inj 2.6462e-01 (3.0191e-01)	Loss Disc 6.9331e-01 (6.9231e-01)	Loss Pred 5.4705e-01 (5.2062e-01)	Loss TOTAL 9.4537e-01 (9.2426e-01)
Epoch: [29][160/497]	L_Src_Sup 2.5251e-01 (2.0939e-01)	L_Trg_Inj 3.7352e-01 (3.0412e-01)	Loss Disc 6.9307e-01 (6.9237e-01)	Loss Pred 4.9045e-01 (5.2098e-01)	Loss TOTAL 8.9959e-01 (9.2469e-01)
Epoch: [29][170/497]	L_Src_Sup 2.5764e-01 (2.0919e-01)	L_Trg_Inj 2.8366e-01 (3.0271e-01)	Loss Disc 6.9318e-01 (6.9241e-01)	Loss Pred 5.5359e-01 (5.2163e-01)	Loss TOTAL 9.5431e-01 (9.2512e-01)
Epoch: [29][180/497]	L_Src_Sup 2.3098e-01 (2.0858e-01)	L_Trg_Inj 3.1773e-01 (3.0261e-01)	Loss Disc 6.9316e-01 (6.9245e-01)	Loss Pred 5.3498e-01 (5.2177e-01)	Loss TOTAL 9.3643e-01 (9.2502e-01)
Epoch: [29][190/497]	L_Src_Sup 1.4816e-01 (2.0820e-01)	L_Trg_Inj 2.5035e-01 (3.0090e-01)	Loss Disc 6.9311e-01 (6.9249e-01)	Loss Pred 5.0929e-01 (5.2167e-01)	Loss TOTAL 8.9569e-01 (9.2454e-01)
Epoch: [29][200/497]	L_Src_Sup 1.3609e-01 (2.0875e-01)	L_Trg_Inj 1.9794e-01 (2.9906e-01)	Loss Disc 6.9328e-01 (6.9252e-01)	Loss Pred 5.4075e-01 (5.2161e-01)	Loss TOTAL 9.2079e-01 (9.2472e-01)
Epoch: [29][210/497]	L_Src_Sup 3.4051e-01 (2.0807e-01)	L_Trg_Inj 4.0887e-01 (2.9856e-01)	Loss Disc 6.9311e-01 (6.9255e-01)	Loss Pred 5.5984e-01 (5.2149e-01)	Loss TOTAL 9.8134e-01 (9.2421e-01)
Epoch: [29][220/497]	L_Src_Sup 1.7899e-01 (2.0772e-01)	L_Trg_Inj 2.0358e-01 (2.9720e-01)	Loss Disc 6.9317e-01 (6.9258e-01)	Loss Pred 4.8438e-01 (5.2087e-01)	Loss TOTAL 8.6922e-01 (9.2320e-01)
Epoch: [29][230/497]	L_Src_Sup 2.6557e-01 (2.0789e-01)	L_Trg_Inj 3.0812e-01 (2.9611e-01)	Loss Disc 6.9293e-01 (6.9260e-01)	Loss Pred 4.7804e-01 (5.2095e-01)	Loss TOTAL 8.8187e-01 (9.2325e-01)
Epoch: [29][240/497]	L_Src_Sup 2.0440e-01 (2.0891e-01)	L_Trg_Inj 3.1254e-01 (2.9702e-01)	Loss Disc 6.9290e-01 (6.9262e-01)	Loss Pred 5.0302e-01 (5.2126e-01)	Loss TOTAL 9.0116e-01 (9.2406e-01)
Epoch: [29][250/497]	L_Src_Sup 2.1354e-01 (2.0932e-01)	L_Trg_Inj 3.1546e-01 (2.9807e-01)	Loss Disc 6.9317e-01 (6.9264e-01)	Loss Pred 5.4753e-01 (5.2189e-01)	Loss TOTAL 9.4702e-01 (9.2472e-01)
Epoch: [29][260/497]	L_Src_Sup 1.7255e-01 (2.1012e-01)	L_Trg_Inj 4.3537e-01 (2.9969e-01)	Loss Disc 6.9263e-01 (6.9265e-01)	Loss Pred 5.4100e-01 (5.2215e-01)	Loss TOTAL 9.4810e-01 (9.2545e-01)
Epoch: [29][270/497]	L_Src_Sup 2.1091e-01 (2.0934e-01)	L_Trg_Inj 3.7826e-01 (3.0195e-01)	Loss Disc 6.9305e-01 (6.9266e-01)	Loss Pred 5.2828e-01 (5.2204e-01)	Loss TOTAL 9.3373e-01 (9.2527e-01)
Epoch: [29][280/497]	L_Src_Sup 2.4156e-01 (2.0939e-01)	L_Trg_Inj 3.4532e-01 (3.0229e-01)	Loss Disc 6.9286e-01 (6.9268e-01)	Loss Pred 5.0929e-01 (5.2201e-01)	Loss TOTAL 9.1440e-01 (9.2527e-01)
Epoch: [29][290/497]	L_Src_Sup 1.5989e-01 (2.0943e-01)	L_Trg_Inj 2.9023e-01 (3.0198e-01)	Loss Disc 6.9261e-01 (6.9269e-01)	Loss Pred 4.7783e-01 (5.2192e-01)	Loss TOTAL 8.6915e-01 (9.2496e-01)
Epoch: [29][300/497]	L_Src_Sup 2.4150e-01 (2.1031e-01)	L_Trg_Inj 3.1308e-01 (3.0187e-01)	Loss Disc 6.9286e-01 (6.9269e-01)	Loss Pred 5.0951e-01 (5.2162e-01)	Loss TOTAL 9.1140e-01 (9.2474e-01)
Epoch: [29][310/497]	L_Src_Sup 1.1019e-01 (2.0999e-01)	L_Trg_Inj 3.9581e-01 (3.0277e-01)	Loss Disc 6.9167e-01 (6.9269e-01)	Loss Pred 5.0285e-01 (5.2170e-01)	Loss TOTAL 8.9929e-01 (9.2512e-01)
Epoch: [29][320/497]	L_Src_Sup 2.1234e-01 (2.0935e-01)	L_Trg_Inj 3.2355e-01 (3.0228e-01)	Loss Disc 6.9014e-01 (6.9266e-01)	Loss Pred 5.3501e-01 (5.2216e-01)	Loss TOTAL 9.3366e-01 (9.2542e-01)
Epoch: [29][330/497]	L_Src_Sup 2.2344e-01 (2.0910e-01)	L_Trg_Inj 2.5920e-01 (3.0119e-01)	Loss Disc 6.9173e-01 (6.9250e-01)	Loss Pred 5.2889e-01 (5.2175e-01)	Loss TOTAL 9.2302e-01 (9.2464e-01)
Epoch: [29][340/497]	L_Src_Sup 1.3264e-01 (2.0829e-01)	L_Trg_Inj 3.0035e-01 (2.9991e-01)	Loss Disc 6.9126e-01 (6.9244e-01)	Loss Pred 5.0921e-01 (5.2180e-01)	Loss TOTAL 8.9813e-01 (9.2428e-01)
Epoch: [29][350/497]	L_Src_Sup 2.5013e-01 (2.0727e-01)	L_Trg_Inj 3.3074e-01 (2.9838e-01)	Loss Disc 6.9166e-01 (6.9243e-01)	Loss Pred 4.8467e-01 (5.2130e-01)	Loss TOTAL 8.8858e-01 (9.2346e-01)
Epoch: [29][360/497]	L_Src_Sup 1.0001e-01 (2.0766e-01)	L_Trg_Inj 2.4891e-01 (2.9767e-01)	Loss Disc 6.9368e-01 (6.9246e-01)	Loss Pred 5.5992e-01 (5.2130e-01)	Loss TOTAL 9.4165e-01 (9.2358e-01)
Epoch: [29][370/497]	L_Src_Sup 1.8156e-01 (2.0733e-01)	L_Trg_Inj 3.2756e-01 (2.9648e-01)	Loss Disc 6.9319e-01 (6.9247e-01)	Loss Pred 5.6625e-01 (5.2147e-01)	Loss TOTAL 9.6376e-01 (9.2375e-01)
Epoch: [29][380/497]	L_Src_Sup 1.2210e-01 (2.0688e-01)	L_Trg_Inj 2.7601e-01 (2.9489e-01)	Loss Disc 6.9347e-01 (6.9249e-01)	Loss Pred 5.5398e-01 (5.2149e-01)	Loss TOTAL 9.4053e-01 (9.2382e-01)
Epoch: [29][390/497]	L_Src_Sup 3.0480e-01 (2.0657e-01)	L_Trg_Inj 3.2239e-01 (2.9356e-01)	Loss Disc 6.9310e-01 (6.9251e-01)	Loss Pred 5.2826e-01 (5.2116e-01)	Loss TOTAL 9.3753e-01 (9.2334e-01)
Epoch: [29][400/497]	L_Src_Sup 2.5459e-01 (2.0647e-01)	L_Trg_Inj 2.4708e-01 (2.9198e-01)	Loss Disc 6.9302e-01 (6.9252e-01)	Loss Pred 4.9650e-01 (5.2120e-01)	Loss TOTAL 9.0068e-01 (9.2327e-01)
Epoch: [29][410/497]	L_Src_Sup 2.3596e-01 (2.0700e-01)	L_Trg_Inj 3.0606e-01 (2.9114e-01)	Loss Disc 6.9328e-01 (6.9254e-01)	Loss Pred 5.1570e-01 (5.2123e-01)	Loss TOTAL 9.1654e-01 (9.2355e-01)
Epoch: [29][420/497]	L_Src_Sup 2.8010e-01 (2.0716e-01)	L_Trg_Inj 2.8985e-01 (2.9047e-01)	Loss Disc 6.9351e-01 (6.9256e-01)	Loss Pred 5.5353e-01 (5.2106e-01)	Loss TOTAL 9.5728e-01 (9.2345e-01)
Epoch: [29][430/497]	L_Src_Sup 2.3303e-01 (2.0707e-01)	L_Trg_Inj 2.4767e-01 (2.9057e-01)	Loss Disc 6.9339e-01 (6.9257e-01)	Loss Pred 5.4078e-01 (5.2105e-01)	Loss TOTAL 9.3554e-01 (9.2330e-01)
Epoch: [29][440/497]	L_Src_Sup 3.1948e-01 (2.0729e-01)	L_Trg_Inj 2.1770e-01 (2.8975e-01)	Loss Disc 6.9322e-01 (6.9259e-01)	Loss Pred 5.0279e-01 (5.2119e-01)	Loss TOTAL 1.0049e+00 (9.2369e-01)
Epoch: [29][450/497]	L_Src_Sup 2.3220e-01 (2.0699e-01)	L_Trg_Inj 2.6449e-01 (2.9017e-01)	Loss Disc 6.9300e-01 (6.9260e-01)	Loss Pred 4.8418e-01 (5.2099e-01)	Loss TOTAL 8.8035e-01 (9.2337e-01)
Epoch: [29][460/497]	L_Src_Sup 3.2310e-01 (2.0684e-01)	L_Trg_Inj 2.3521e-01 (2.8987e-01)	Loss Disc 6.9350e-01 (6.9261e-01)	Loss Pred 5.6596e-01 (5.2140e-01)	Loss TOTAL 1.0564e+00 (9.2392e-01)
Epoch: [29][470/497]	L_Src_Sup 2.6417e-01 (2.0663e-01)	L_Trg_Inj 2.3677e-01 (2.8908e-01)	Loss Disc 6.9326e-01 (6.9262e-01)	Loss Pred 5.2200e-01 (5.2143e-01)	Loss TOTAL 9.4612e-01 (9.2399e-01)
Epoch: [29][480/497]	L_Src_Sup 1.8881e-01 (2.0631e-01)	L_Trg_Inj 4.1980e-01 (2.8947e-01)	Loss Disc 6.9296e-01 (6.9263e-01)	Loss Pred 5.2190e-01 (5.2133e-01)	Loss TOTAL 9.2924e-01 (9.2382e-01)
Epoch: [29][490/497]	L_Src_Sup 2.5548e-01 (2.0599e-01)	L_Trg_Inj 2.3122e-01 (2.8942e-01)	Loss Disc 6.9330e-01 (6.9265e-01)	Loss Pred 5.2189e-01 (5.2115e-01)	Loss TOTAL 9.4148e-01 (9.2352e-01)
Epoch: [29][497/497]	L_Src_Sup 3.1310e-01 (2.0634e-01)	L_Trg_Inj 2.7229e-01 (2.8902e-01)	Loss Disc 6.9201e-01 (6.9265e-01)	Loss Pred 4.8543e-01 (5.2074e-01)	Loss TOTAL 9.3079e-01 (9.2331e-01)
Epoch 29 complete. Saving model state...
Epoch: [30][ 10/497]	L_Src_Sup 1.8898e-01 (1.9746e-01)	L_Trg_Inj 4.0183e-01 (2.8235e-01)	Loss Disc 6.9282e-01 (6.9323e-01)	Loss Pred 4.9695e-01 (5.2051e-01)	Loss TOTAL 9.0244e-01 (9.2193e-01)
Epoch: [30][ 20/497]	L_Src_Sup 1.6888e-01 (2.1337e-01)	L_Trg_Inj 2.9601e-01 (2.9147e-01)	Loss Disc 6.9306e-01 (6.9324e-01)	Loss Pred 4.9050e-01 (5.2597e-01)	Loss TOTAL 8.8352e-01 (9.3402e-01)
Epoch: [30][ 30/497]	L_Src_Sup 2.2224e-01 (2.1622e-01)	L_Trg_Inj 2.3421e-01 (2.9187e-01)	Loss Disc 6.9311e-01 (6.9324e-01)	Loss Pred 5.0922e-01 (5.2719e-01)	Loss TOTAL 9.0142e-01 (9.3295e-01)
Epoch: [30][ 40/497]	L_Src_Sup 2.1573e-01 (2.0868e-01)	L_Trg_Inj 2.5369e-01 (2.9288e-01)	Loss Disc 6.9326e-01 (6.9322e-01)	Loss Pred 5.4718e-01 (5.2863e-01)	Loss TOTAL 9.4076e-01 (9.3164e-01)
Epoch: [30][ 50/497]	L_Src_Sup 1.9619e-01 (2.0518e-01)	L_Trg_Inj 1.9263e-01 (2.8278e-01)	Loss Disc 6.9322e-01 (6.9321e-01)	Loss Pred 5.4714e-01 (5.2670e-01)	Loss TOTAL 9.3618e-01 (9.2977e-01)
Epoch: [30][ 60/497]	L_Src_Sup 2.6173e-01 (2.0403e-01)	L_Trg_Inj 2.0126e-01 (2.7668e-01)	Loss Disc 6.9308e-01 (6.9320e-01)	Loss Pred 5.4716e-01 (5.2676e-01)	Loss TOTAL 1.0005e+00 (9.3120e-01)
Epoch: [30][ 70/497]	L_Src_Sup 2.2822e-01 (2.0498e-01)	L_Trg_Inj 2.3019e-01 (2.7179e-01)	Loss Disc 6.9306e-01 (6.9320e-01)	Loss Pred 4.7180e-01 (5.2512e-01)	Loss TOTAL 8.6417e-01 (9.3072e-01)
Epoch: [30][ 80/497]	L_Src_Sup 1.4437e-01 (2.0301e-01)	L_Trg_Inj 1.6366e-01 (2.6863e-01)	Loss Disc 6.9368e-01 (6.9319e-01)	Loss Pred 5.7863e-01 (5.2576e-01)	Loss TOTAL 9.5627e-01 (9.3053e-01)
Epoch: [30][ 90/497]	L_Src_Sup 1.5035e-01 (2.0168e-01)	L_Trg_Inj 3.5761e-01 (2.6717e-01)	Loss Disc 6.9309e-01 (6.9319e-01)	Loss Pred 5.1566e-01 (5.2581e-01)	Loss TOTAL 9.1300e-01 (9.2933e-01)
Epoch: [30][100/497]	L_Src_Sup 2.3307e-01 (1.9961e-01)	L_Trg_Inj 2.9258e-01 (2.6179e-01)	Loss Disc 6.9322e-01 (6.9319e-01)	Loss Pred 5.4081e-01 (5.2531e-01)	Loss TOTAL 9.3998e-01 (9.2896e-01)
Epoch: [30][110/497]	L_Src_Sup 9.8043e-02 (1.9764e-01)	L_Trg_Inj 2.3737e-01 (2.6209e-01)	Loss Disc 6.9326e-01 (6.9319e-01)	Loss Pred 5.4709e-01 (5.2576e-01)	Loss TOTAL 9.2726e-01 (9.2826e-01)
Epoch: [30][120/497]	L_Src_Sup 2.0012e-01 (1.9833e-01)	L_Trg_Inj 2.8017e-01 (2.5897e-01)	Loss Disc 6.9311e-01 (6.9319e-01)	Loss Pred 4.9731e-01 (5.2492e-01)	Loss TOTAL 8.9189e-01 (9.2847e-01)
Epoch: [30][130/497]	L_Src_Sup 2.6552e-01 (2.0090e-01)	L_Trg_Inj 2.8061e-01 (2.5970e-01)	Loss Disc 6.9312e-01 (6.9319e-01)	Loss Pred 4.7769e-01 (5.2359e-01)	Loss TOTAL 8.7886e-01 (9.2774e-01)
Epoch: [30][140/497]	L_Src_Sup 2.4309e-01 (2.0116e-01)	L_Trg_Inj 2.9492e-01 (2.6241e-01)	Loss Disc 6.9327e-01 (6.9319e-01)	Loss Pred 5.4085e-01 (5.2302e-01)	Loss TOTAL 9.4128e-01 (9.2710e-01)
Epoch: [30][150/497]	L_Src_Sup 2.2024e-01 (2.0247e-01)	L_Trg_Inj 2.4954e-01 (2.6447e-01)	Loss Disc 6.9320e-01 (6.9319e-01)	Loss Pred 5.0311e-01 (5.2204e-01)	Loss TOTAL 8.9669e-01 (9.2634e-01)
Epoch: [30][160/497]	L_Src_Sup 2.3588e-01 (2.0304e-01)	L_Trg_Inj 4.7088e-01 (2.6735e-01)	Loss Disc 6.9310e-01 (6.9319e-01)	Loss Pred 5.4714e-01 (5.2219e-01)	Loss TOTAL 9.6437e-01 (9.2630e-01)
Epoch: [30][170/497]	L_Src_Sup 2.2319e-01 (2.0252e-01)	L_Trg_Inj 3.0128e-01 (2.6870e-01)	Loss Disc 6.9324e-01 (6.9319e-01)	Loss Pred 5.5967e-01 (5.2270e-01)	Loss TOTAL 9.5874e-01 (9.2630e-01)
Epoch: [30][180/497]	L_Src_Sup 1.5098e-01 (2.0491e-01)	L_Trg_Inj 3.1179e-01 (2.7059e-01)	Loss Disc 6.9319e-01 (6.9319e-01)	Loss Pred 5.2193e-01 (5.2288e-01)	Loss TOTAL 9.1480e-01 (9.2751e-01)
Epoch: [30][190/497]	L_Src_Sup 2.0331e-01 (2.0540e-01)	L_Trg_Inj 3.0458e-01 (2.7347e-01)	Loss Disc 6.9321e-01 (6.9319e-01)	Loss Pred 5.2027e-01 (5.2340e-01)	Loss TOTAL 9.1766e-01 (9.2781e-01)
Epoch: [30][200/497]	L_Src_Sup 2.6432e-01 (2.0528e-01)	L_Trg_Inj 2.6438e-01 (2.7652e-01)	Loss Disc 6.9321e-01 (6.9319e-01)	Loss Pred 5.2189e-01 (5.2359e-01)	Loss TOTAL 9.2137e-01 (9.2780e-01)
Epoch: [30][210/497]	L_Src_Sup 2.1497e-01 (2.0583e-01)	L_Trg_Inj 3.2510e-01 (2.7800e-01)	Loss Disc 6.9317e-01 (6.9319e-01)	Loss Pred 5.1578e-01 (5.2347e-01)	Loss TOTAL 9.1637e-01 (9.2743e-01)
Epoch: [30][220/497]	L_Src_Sup 1.9163e-01 (2.0492e-01)	L_Trg_Inj 1.8978e-01 (2.7679e-01)	Loss Disc 6.9318e-01 (6.9319e-01)	Loss Pred 4.9168e-01 (5.2304e-01)	Loss TOTAL 8.7826e-01 (9.2649e-01)
Epoch: [30][230/497]	L_Src_Sup 2.4302e-01 (2.0544e-01)	L_Trg_Inj 2.7121e-01 (2.7571e-01)	Loss Disc 6.9316e-01 (6.9319e-01)	Loss Pred 5.1554e-01 (5.2273e-01)	Loss TOTAL 9.1354e-01 (9.2606e-01)
Epoch: [30][240/497]	L_Src_Sup 1.9828e-01 (2.0567e-01)	L_Trg_Inj 2.8853e-01 (2.7492e-01)	Loss Disc 6.9314e-01 (6.9319e-01)	Loss Pred 4.9030e-01 (5.2275e-01)	Loss TOTAL 8.8555e-01 (9.2614e-01)
Epoch: [30][250/497]	L_Src_Sup 2.2642e-01 (2.0525e-01)	L_Trg_Inj 3.7210e-01 (2.7539e-01)	Loss Disc 6.9318e-01 (6.9319e-01)	Loss Pred 5.2219e-01 (5.2275e-01)	Loss TOTAL 9.2863e-01 (9.2589e-01)
Epoch: [30][260/497]	L_Src_Sup 2.2300e-01 (2.0460e-01)	L_Trg_Inj 2.3045e-01 (2.7528e-01)	Loss Disc 6.9338e-01 (6.9319e-01)	Loss Pred 5.6654e-01 (5.2263e-01)	Loss TOTAL 9.5857e-01 (9.2556e-01)
Epoch: [30][270/497]	L_Src_Sup 1.6678e-01 (2.0556e-01)	L_Trg_Inj 2.4846e-01 (2.7683e-01)	Loss Disc 6.9328e-01 (6.9319e-01)	Loss Pred 5.2243e-01 (5.2266e-01)	Loss TOTAL 9.1059e-01 (9.2608e-01)
Epoch: [30][280/497]	L_Src_Sup 1.7571e-01 (2.0496e-01)	L_Trg_Inj 2.1834e-01 (2.7742e-01)	Loss Disc 6.9314e-01 (6.9319e-01)	Loss Pred 4.7135e-01 (5.2258e-01)	Loss TOTAL 8.5733e-01 (9.2576e-01)
Epoch: [30][290/497]	L_Src_Sup 1.5388e-01 (2.0529e-01)	L_Trg_Inj 2.8262e-01 (2.7823e-01)	Loss Disc 6.9327e-01 (6.9319e-01)	Loss Pred 5.3441e-01 (5.2227e-01)	Loss TOTAL 9.2470e-01 (9.2534e-01)
Epoch: [30][300/497]	L_Src_Sup 1.3094e-01 (2.0576e-01)	L_Trg_Inj 2.3373e-01 (2.7814e-01)	Loss Disc 6.9322e-01 (6.9319e-01)	Loss Pred 5.1566e-01 (5.2214e-01)	Loss TOTAL 8.9874e-01 (9.2500e-01)
Epoch: [30][310/497]	L_Src_Sup 3.1590e-01 (2.0514e-01)	L_Trg_Inj 2.4268e-01 (2.7741e-01)	Loss Disc 6.9324e-01 (6.9319e-01)	Loss Pred 5.5336e-01 (5.2234e-01)	Loss TOTAL 1.0291e+00 (9.2506e-01)
Epoch: [30][320/497]	L_Src_Sup 2.4075e-01 (2.0554e-01)	L_Trg_Inj 3.4269e-01 (2.7849e-01)	Loss Disc 6.9309e-01 (6.9319e-01)	Loss Pred 5.0942e-01 (5.2203e-01)	Loss TOTAL 9.1431e-01 (9.2466e-01)
Epoch: [30][330/497]	L_Src_Sup 2.2431e-01 (2.0513e-01)	L_Trg_Inj 2.4925e-01 (2.7768e-01)	Loss Disc 6.9313e-01 (6.9319e-01)	Loss Pred 5.1551e-01 (5.2217e-01)	Loss TOTAL 9.0943e-01 (9.2466e-01)
Epoch: [30][340/497]	L_Src_Sup 3.1972e-01 (2.0596e-01)	L_Trg_Inj 2.6517e-01 (2.7671e-01)	Loss Disc 6.9317e-01 (6.9319e-01)	Loss Pred 5.1590e-01 (5.2220e-01)	Loss TOTAL 9.7553e-01 (9.2504e-01)
Epoch: [30][350/497]	L_Src_Sup 2.2313e-01 (2.0676e-01)	L_Trg_Inj 1.7168e-01 (2.7640e-01)	Loss Disc 6.9331e-01 (6.9319e-01)	Loss Pred 5.5360e-01 (5.2223e-01)	Loss TOTAL 9.9119e-01 (9.2555e-01)
Epoch: [30][360/497]	L_Src_Sup 1.7171e-01 (2.0680e-01)	L_Trg_Inj 3.9474e-01 (2.7765e-01)	Loss Disc 6.9320e-01 (6.9319e-01)	Loss Pred 5.2813e-01 (5.2249e-01)	Loss TOTAL 9.3138e-01 (9.2571e-01)
Epoch: [30][370/497]	L_Src_Sup 1.0637e-01 (2.0749e-01)	L_Trg_Inj 3.8871e-01 (2.7910e-01)	Loss Disc 6.9319e-01 (6.9319e-01)	Loss Pred 4.7769e-01 (5.2240e-01)	Loss TOTAL 8.7380e-01 (9.2593e-01)
Epoch: [30][380/497]	L_Src_Sup 2.2349e-01 (2.0747e-01)	L_Trg_Inj 4.3650e-01 (2.8088e-01)	Loss Disc 6.9315e-01 (6.9319e-01)	Loss Pred 5.0920e-01 (5.2214e-01)	Loss TOTAL 9.2178e-01 (9.2580e-01)
Epoch: [30][390/497]	L_Src_Sup 3.1275e-01 (2.0720e-01)	L_Trg_Inj 2.4595e-01 (2.8234e-01)	Loss Disc 6.9330e-01 (6.9319e-01)	Loss Pred 5.2812e-01 (5.2217e-01)	Loss TOTAL 9.9744e-01 (9.2591e-01)
Epoch: [30][400/497]	L_Src_Sup 2.3736e-01 (2.0766e-01)	L_Trg_Inj 3.8520e-01 (2.8408e-01)	Loss Disc 6.9297e-01 (6.9319e-01)	Loss Pred 4.4596e-01 (5.2170e-01)	Loss TOTAL 8.5470e-01 (9.2585e-01)
Epoch: [30][410/497]	L_Src_Sup 1.1221e-01 (2.0741e-01)	L_Trg_Inj 3.4960e-01 (2.8527e-01)	Loss Disc 6.9320e-01 (6.9319e-01)	Loss Pred 5.1547e-01 (5.2156e-01)	Loss TOTAL 9.0825e-01 (9.2564e-01)
Epoch: [30][420/497]	L_Src_Sup 1.8231e-01 (2.0731e-01)	L_Trg_Inj 2.9605e-01 (2.8548e-01)	Loss Disc 6.9310e-01 (6.9319e-01)	Loss Pred 4.7795e-01 (5.2129e-01)	Loss TOTAL 8.7234e-01 (9.2535e-01)
Epoch: [30][430/497]	L_Src_Sup 1.3088e-01 (2.0678e-01)	L_Trg_Inj 2.7217e-01 (2.8633e-01)	Loss Disc 6.9321e-01 (6.9319e-01)	Loss Pred 5.1552e-01 (5.2094e-01)	Loss TOTAL 9.0243e-01 (9.2497e-01)
Epoch: [30][440/497]	L_Src_Sup 1.1805e-01 (2.0683e-01)	L_Trg_Inj 2.1785e-01 (2.8646e-01)	Loss Disc 6.9346e-01 (6.9319e-01)	Loss Pred 5.4083e-01 (5.2106e-01)	Loss TOTAL 9.2115e-01 (9.2503e-01)
Epoch: [30][450/497]	L_Src_Sup 1.7476e-01 (2.0640e-01)	L_Trg_Inj 2.1740e-01 (2.8600e-01)	Loss Disc 6.9324e-01 (6.9319e-01)	Loss Pred 5.4080e-01 (5.2111e-01)	Loss TOTAL 9.2664e-01 (9.2508e-01)
Epoch: [30][460/497]	L_Src_Sup 1.1380e-01 (2.0639e-01)	L_Trg_Inj 2.4012e-01 (2.8545e-01)	Loss Disc 6.9321e-01 (6.9319e-01)	Loss Pred 4.9034e-01 (5.2124e-01)	Loss TOTAL 8.7234e-01 (9.2518e-01)
Epoch: [30][470/497]	L_Src_Sup 2.7909e-01 (2.0692e-01)	L_Trg_Inj 3.5768e-01 (2.8515e-01)	Loss Disc 6.9329e-01 (6.9319e-01)	Loss Pred 5.0947e-01 (5.2130e-01)	Loss TOTAL 9.1980e-01 (9.2550e-01)
Epoch: [30][480/497]	L_Src_Sup 2.3317e-01 (2.0758e-01)	L_Trg_Inj 3.1182e-01 (2.8502e-01)	Loss Disc 6.9320e-01 (6.9319e-01)	Loss Pred 5.5661e-01 (5.2119e-01)	Loss TOTAL 9.5771e-01 (9.2530e-01)
Epoch: [30][490/497]	L_Src_Sup 1.9235e-01 (2.0682e-01)	L_Trg_Inj 2.6273e-01 (2.8559e-01)	Loss Disc 6.9327e-01 (6.9319e-01)	Loss Pred 5.3475e-01 (5.2110e-01)	Loss TOTAL 9.2690e-01 (9.2502e-01)
Epoch: [30][497/497]	L_Src_Sup 1.8019e-01 (2.0666e-01)	L_Trg_Inj 2.3368e-01 (2.8556e-01)	Loss Disc 6.9316e-01 (6.9319e-01)	Loss Pred 4.9045e-01 (5.2068e-01)	Loss TOTAL 8.7842e-01 (9.2447e-01)
Epoch 30 complete. Saving model state...
Epoch: [31][ 10/497]	L_Src_Sup 1.4815e-01 (1.6970e-01)	L_Trg_Inj 2.3358e-01 (2.7820e-01)	Loss Disc 6.9319e-01 (6.9322e-01)	Loss Pred 5.0927e-01 (5.2723e-01)	Loss TOTAL 8.9404e-01 (9.1863e-01)
Epoch: [31][ 20/497]	L_Src_Sup 3.2334e-01 (1.8461e-01)	L_Trg_Inj 3.5651e-01 (2.9422e-01)	Loss Disc 6.9323e-01 (6.9321e-01)	Loss Pred 5.6660e-01 (5.2739e-01)	Loss TOTAL 9.8120e-01 (9.2188e-01)
Epoch: [31][ 30/497]	L_Src_Sup 1.7508e-01 (1.8587e-01)	L_Trg_Inj 3.1156e-01 (2.8977e-01)	Loss Disc 6.9313e-01 (6.9319e-01)	Loss Pred 5.4094e-01 (5.2448e-01)	Loss TOTAL 9.3617e-01 (9.1919e-01)
Epoch: [31][ 40/497]	L_Src_Sup 2.2265e-01 (1.9004e-01)	L_Trg_Inj 1.7656e-01 (2.8090e-01)	Loss Disc 6.9319e-01 (6.9320e-01)	Loss Pred 4.8400e-01 (5.2431e-01)	Loss TOTAL 9.1661e-01 (9.2682e-01)
Epoch: [31][ 50/497]	L_Src_Sup 2.2936e-01 (1.9073e-01)	L_Trg_Inj 2.9572e-01 (2.8247e-01)	Loss Disc 6.9313e-01 (6.9320e-01)	Loss Pred 5.2257e-01 (5.2432e-01)	Loss TOTAL 9.2164e-01 (9.2697e-01)
Epoch: [31][ 60/497]	L_Src_Sup 7.7671e-02 (1.9129e-01)	L_Trg_Inj 2.1805e-01 (2.8142e-01)	Loss Disc 6.9333e-01 (6.9320e-01)	Loss Pred 5.4088e-01 (5.2382e-01)	Loss TOTAL 9.1712e-01 (9.2571e-01)
Epoch: [31][ 70/497]	L_Src_Sup 1.2846e-01 (1.8640e-01)	L_Trg_Inj 2.4814e-01 (2.7786e-01)	Loss Disc 6.9320e-01 (6.9320e-01)	Loss Pred 5.0288e-01 (5.2319e-01)	Loss TOTAL 8.8714e-01 (9.2309e-01)
Epoch: [31][ 80/497]	L_Src_Sup 7.6457e-02 (1.8340e-01)	L_Trg_Inj 2.4193e-01 (2.7236e-01)	Loss Disc 6.9315e-01 (6.9320e-01)	Loss Pred 5.4808e-01 (5.2285e-01)	Loss TOTAL 9.2649e-01 (9.2242e-01)
Epoch: [31][ 90/497]	L_Src_Sup 2.8043e-01 (1.8728e-01)	L_Trg_Inj 2.8321e-01 (2.7314e-01)	Loss Disc 6.9317e-01 (6.9319e-01)	Loss Pred 5.1552e-01 (5.2214e-01)	Loss TOTAL 9.1847e-01 (9.2165e-01)
Epoch: [31][100/497]	L_Src_Sup 2.4427e-01 (1.9052e-01)	L_Trg_Inj 1.9236e-01 (2.7096e-01)	Loss Disc 6.9327e-01 (6.9319e-01)	Loss Pred 5.1620e-01 (5.2181e-01)	Loss TOTAL 9.5841e-01 (9.2361e-01)
Epoch: [31][110/497]	L_Src_Sup 1.6163e-01 (1.9172e-01)	L_Trg_Inj 3.7657e-01 (2.7582e-01)	Loss Disc 6.9189e-01 (6.9313e-01)	Loss Pred 5.5495e-01 (5.2258e-01)	Loss TOTAL 9.5472e-01 (9.2425e-01)
Epoch: [31][120/497]	L_Src_Sup 3.0175e-01 (1.9148e-01)	L_Trg_Inj 2.6553e-01 (2.7359e-01)	Loss Disc 6.9062e-01 (6.9300e-01)	Loss Pred 5.2246e-01 (5.2270e-01)	Loss TOTAL 9.6072e-01 (9.2390e-01)
Epoch: [31][130/497]	L_Src_Sup 2.4117e-01 (1.9310e-01)	L_Trg_Inj 3.1201e-01 (2.7532e-01)	Loss Disc 6.9298e-01 (6.9300e-01)	Loss Pred 5.0983e-01 (5.2280e-01)	Loss TOTAL 9.1164e-01 (9.2370e-01)
Epoch: [31][140/497]	L_Src_Sup 1.7365e-01 (1.9576e-01)	L_Trg_Inj 3.0948e-01 (2.7498e-01)	Loss Disc 6.9324e-01 (6.9301e-01)	Loss Pred 5.3547e-01 (5.2267e-01)	Loss TOTAL 9.3041e-01 (9.2430e-01)
Epoch: [31][150/497]	L_Src_Sup 2.8954e-01 (1.9639e-01)	L_Trg_Inj 3.1340e-01 (2.7854e-01)	Loss Disc 6.9226e-01 (6.9297e-01)	Loss Pred 5.8481e-01 (5.2362e-01)	Loss TOTAL 9.9124e-01 (9.2522e-01)
Epoch: [31][160/497]	L_Src_Sup 1.7803e-01 (1.9641e-01)	L_Trg_Inj 2.8336e-01 (2.7780e-01)	Loss Disc 6.9227e-01 (6.9284e-01)	Loss Pred 4.7829e-01 (5.2310e-01)	Loss TOTAL 8.7057e-01 (9.2443e-01)
Epoch: [31][170/497]	L_Src_Sup 2.1587e-01 (1.9411e-01)	L_Trg_Inj 2.7026e-01 (2.7599e-01)	Loss Disc 6.9328e-01 (6.9289e-01)	Loss Pred 5.4710e-01 (5.2370e-01)	Loss TOTAL 9.4235e-01 (9.2448e-01)
Epoch: [31][180/497]	L_Src_Sup 1.0170e-01 (1.9434e-01)	L_Trg_Inj 2.8072e-01 (2.7465e-01)	Loss Disc 6.9228e-01 (6.9289e-01)	Loss Pred 4.4628e-01 (5.2245e-01)	Loss TOTAL 8.3066e-01 (9.2390e-01)
Epoch: [31][190/497]	L_Src_Sup 1.7004e-01 (1.9322e-01)	L_Trg_Inj 1.7107e-01 (2.7250e-01)	Loss Disc 6.9398e-01 (6.9290e-01)	Loss Pred 5.2292e-01 (5.2164e-01)	Loss TOTAL 9.0402e-01 (9.2239e-01)
Epoch: [31][200/497]	L_Src_Sup 2.6590e-01 (1.9531e-01)	L_Trg_Inj 4.2051e-01 (2.6973e-01)	Loss Disc 6.9285e-01 (6.9292e-01)	Loss Pred 5.2844e-01 (5.2174e-01)	Loss TOTAL 9.4350e-01 (9.2509e-01)
Epoch: [31][210/497]	L_Src_Sup 2.6923e-01 (1.9749e-01)	L_Trg_Inj 2.5681e-01 (2.7123e-01)	Loss Disc 6.9344e-01 (6.9293e-01)	Loss Pred 5.3474e-01 (5.2204e-01)	Loss TOTAL 9.4649e-01 (9.2577e-01)
Epoch: [31][220/497]	L_Src_Sup 2.5489e-01 (1.9865e-01)	L_Trg_Inj 3.0496e-01 (2.7399e-01)	Loss Disc 6.9330e-01 (6.9294e-01)	Loss Pred 5.4746e-01 (5.2229e-01)	Loss TOTAL 9.5010e-01 (9.2608e-01)
Epoch: [31][230/497]	L_Src_Sup 2.6416e-01 (2.0007e-01)	L_Trg_Inj 3.0381e-01 (2.7681e-01)	Loss Disc 6.9326e-01 (6.9295e-01)	Loss Pred 5.2199e-01 (5.2241e-01)	Loss TOTAL 9.2542e-01 (9.2655e-01)
Epoch: [31][240/497]	L_Src_Sup 3.1782e-01 (2.0008e-01)	L_Trg_Inj 2.4929e-01 (2.7769e-01)	Loss Disc 6.9328e-01 (6.9296e-01)	Loss Pred 5.1557e-01 (5.2244e-01)	Loss TOTAL 9.8746e-01 (9.2655e-01)
Epoch: [31][250/497]	L_Src_Sup 2.2226e-01 (1.9866e-01)	L_Trg_Inj 3.1228e-01 (2.7877e-01)	Loss Disc 6.9318e-01 (6.9297e-01)	Loss Pred 5.0954e-01 (5.2268e-01)	Loss TOTAL 9.0959e-01 (9.2637e-01)
Epoch: [31][260/497]	L_Src_Sup 1.2971e-01 (1.9882e-01)	L_Trg_Inj 3.2784e-01 (2.7999e-01)	Loss Disc 6.9315e-01 (6.9298e-01)	Loss Pred 5.0967e-01 (5.2244e-01)	Loss TOTAL 9.0200e-01 (9.2591e-01)
Epoch: [31][270/497]	L_Src_Sup 2.1382e-01 (1.9895e-01)	L_Trg_Inj 2.8064e-01 (2.8036e-01)	Loss Disc 6.9325e-01 (6.9299e-01)	Loss Pred 5.4101e-01 (5.2248e-01)	Loss TOTAL 9.3708e-01 (9.2565e-01)
Epoch: [31][280/497]	L_Src_Sup 2.1156e-01 (1.9896e-01)	L_Trg_Inj 3.2826e-01 (2.8002e-01)	Loss Disc 6.9321e-01 (6.9300e-01)	Loss Pred 5.3504e-01 (5.2174e-01)	Loss TOTAL 9.3563e-01 (9.2494e-01)
Epoch: [31][290/497]	L_Src_Sup 2.7004e-01 (1.9844e-01)	L_Trg_Inj 1.8881e-01 (2.7843e-01)	Loss Disc 6.9336e-01 (6.9300e-01)	Loss Pred 5.3442e-01 (5.2167e-01)	Loss TOTAL 1.0082e+00 (9.2479e-01)
Epoch: [31][300/497]	L_Src_Sup 1.6202e-01 (1.9880e-01)	L_Trg_Inj 1.8726e-01 (2.7891e-01)	Loss Disc 6.9323e-01 (6.9301e-01)	Loss Pred 4.9659e-01 (5.2147e-01)	Loss TOTAL 8.7813e-01 (9.2438e-01)
Epoch: [31][310/497]	L_Src_Sup 2.0001e-01 (1.9829e-01)	L_Trg_Inj 1.8280e-01 (2.7757e-01)	Loss Disc 6.9321e-01 (6.9302e-01)	Loss Pred 4.9660e-01 (5.2167e-01)	Loss TOTAL 8.9870e-01 (9.2443e-01)
Epoch: [31][320/497]	L_Src_Sup 2.0344e-01 (1.9968e-01)	L_Trg_Inj 2.0291e-01 (2.7698e-01)	Loss Disc 6.9322e-01 (6.9302e-01)	Loss Pred 5.0557e-01 (5.2195e-01)	Loss TOTAL 8.9334e-01 (9.2518e-01)
Epoch: [31][330/497]	L_Src_Sup 2.6107e-01 (2.0008e-01)	L_Trg_Inj 3.8219e-01 (2.7871e-01)	Loss Disc 6.9320e-01 (6.9303e-01)	Loss Pred 5.3520e-01 (5.2193e-01)	Loss TOTAL 9.4613e-01 (9.2511e-01)
Epoch: [31][340/497]	L_Src_Sup 1.4817e-01 (2.0001e-01)	L_Trg_Inj 2.4082e-01 (2.7928e-01)	Loss Disc 6.9320e-01 (6.9303e-01)	Loss Pred 5.0928e-01 (5.2208e-01)	Loss TOTAL 8.9478e-01 (9.2510e-01)
Epoch: [31][350/497]	L_Src_Sup 2.0001e-01 (2.0076e-01)	L_Trg_Inj 3.1747e-01 (2.8061e-01)	Loss Disc 6.9313e-01 (6.9304e-01)	Loss Pred 5.0246e-01 (5.2220e-01)	Loss TOTAL 9.0077e-01 (9.2584e-01)
Epoch: [31][360/497]	L_Src_Sup 2.6670e-01 (2.0024e-01)	L_Trg_Inj 3.1216e-01 (2.8043e-01)	Loss Disc 6.9317e-01 (6.9304e-01)	Loss Pred 5.2873e-01 (5.2197e-01)	Loss TOTAL 9.3320e-01 (9.2542e-01)
Epoch: [31][370/497]	L_Src_Sup 3.5850e-01 (2.0054e-01)	L_Trg_Inj 2.9224e-01 (2.8042e-01)	Loss Disc 6.9313e-01 (6.9305e-01)	Loss Pred 5.2214e-01 (5.2186e-01)	Loss TOTAL 1.0000e+00 (9.2527e-01)
Epoch: [31][380/497]	L_Src_Sup 2.8580e-01 (2.0090e-01)	L_Trg_Inj 2.6420e-01 (2.8009e-01)	Loss Disc 6.9331e-01 (6.9305e-01)	Loss Pred 5.2849e-01 (5.2138e-01)	Loss TOTAL 9.5174e-01 (9.2471e-01)
Epoch: [31][390/497]	L_Src_Sup 2.8586e-01 (2.0140e-01)	L_Trg_Inj 3.6783e-01 (2.8062e-01)	Loss Disc 6.9315e-01 (6.9305e-01)	Loss Pred 5.2848e-01 (5.2173e-01)	Loss TOTAL 9.4043e-01 (9.2507e-01)
Epoch: [31][400/497]	L_Src_Sup 2.6441e-01 (2.0183e-01)	L_Trg_Inj 3.1114e-01 (2.8098e-01)	Loss Disc 6.9317e-01 (6.9306e-01)	Loss Pred 5.2299e-01 (5.2148e-01)	Loss TOTAL 9.2713e-01 (9.2534e-01)
Epoch: [31][410/497]	L_Src_Sup 1.9350e-01 (2.0148e-01)	L_Trg_Inj 2.4087e-01 (2.8174e-01)	Loss Disc 6.9311e-01 (6.9306e-01)	Loss Pred 4.7202e-01 (5.2134e-01)	Loss TOTAL 8.6201e-01 (9.2503e-01)
Epoch: [31][420/497]	L_Src_Sup 2.0585e-01 (2.0132e-01)	L_Trg_Inj 3.7049e-01 (2.8228e-01)	Loss Disc 6.9307e-01 (6.9306e-01)	Loss Pred 5.3101e-01 (5.2120e-01)	Loss TOTAL 9.3518e-01 (9.2489e-01)
Epoch: [31][430/497]	L_Src_Sup 2.5716e-01 (2.0255e-01)	L_Trg_Inj 2.2549e-01 (2.8232e-01)	Loss Disc 6.9327e-01 (6.9307e-01)	Loss Pred 5.2816e-01 (5.2117e-01)	Loss TOTAL 9.5473e-01 (9.2518e-01)
Epoch: [31][440/497]	L_Src_Sup 2.1092e-01 (2.0206e-01)	L_Trg_Inj 2.1799e-01 (2.8268e-01)	Loss Disc 6.9340e-01 (6.9307e-01)	Loss Pred 5.2853e-01 (5.2093e-01)	Loss TOTAL 9.1812e-01 (9.2473e-01)
Epoch: [31][450/497]	L_Src_Sup 1.8885e-01 (2.0225e-01)	L_Trg_Inj 3.7233e-01 (2.8322e-01)	Loss Disc 6.9311e-01 (6.9307e-01)	Loss Pred 5.2195e-01 (5.2094e-01)	Loss TOTAL 9.2462e-01 (9.2493e-01)
Epoch: [31][460/497]	L_Src_Sup 1.7143e-01 (2.0198e-01)	L_Trg_Inj 3.2888e-01 (2.8329e-01)	Loss Disc 6.9315e-01 (6.9307e-01)	Loss Pred 5.2858e-01 (5.2090e-01)	Loss TOTAL 9.2519e-01 (9.2480e-01)
Epoch: [31][470/497]	L_Src_Sup 2.2432e-01 (2.0146e-01)	L_Trg_Inj 3.3583e-01 (2.8443e-01)	Loss Disc 6.9311e-01 (6.9308e-01)	Loss Pred 5.1561e-01 (5.2091e-01)	Loss TOTAL 9.1818e-01 (9.2468e-01)
Epoch: [31][480/497]	L_Src_Sup 3.0575e-01 (2.0211e-01)	L_Trg_Inj 2.7968e-01 (2.8405e-01)	Loss Disc 6.9338e-01 (6.9308e-01)	Loss Pred 5.0952e-01 (5.2067e-01)	Loss TOTAL 9.4082e-01 (9.2464e-01)
Epoch: [31][490/497]	L_Src_Sup 2.1066e-01 (2.0266e-01)	L_Trg_Inj 3.9542e-01 (2.8435e-01)	Loss Disc 6.9301e-01 (6.9308e-01)	Loss Pred 5.2180e-01 (5.2057e-01)	Loss TOTAL 9.2891e-01 (9.2474e-01)
Epoch: [31][497/497]	L_Src_Sup 2.3635e-01 (2.0305e-01)	L_Trg_Inj 2.2086e-01 (2.8430e-01)	Loss Disc 6.9300e-01 (6.9308e-01)	Loss Pred 4.9662e-01 (5.2075e-01)	Loss TOTAL 9.0433e-01 (9.2506e-01)
Epoch 31 complete. Saving model state...
Epoch: [32][ 10/497]	L_Src_Sup 2.0186e-01 (1.8579e-01)	L_Trg_Inj 2.8142e-01 (2.4852e-01)	Loss Disc 6.9315e-01 (6.9318e-01)	Loss Pred 5.0297e-01 (5.2000e-01)	Loss TOTAL 8.9787e-01 (9.2370e-01)
Epoch: [32][ 20/497]	L_Src_Sup 1.6517e-01 (1.8485e-01)	L_Trg_Inj 2.3057e-01 (2.6025e-01)	Loss Disc 6.9317e-01 (6.9319e-01)	Loss Pred 5.0290e-01 (5.2333e-01)	Loss TOTAL 8.8905e-01 (9.2140e-01)
Epoch: [32][ 30/497]	L_Src_Sup 1.4816e-01 (1.9058e-01)	L_Trg_Inj 2.0257e-01 (2.5254e-01)	Loss Disc 6.9326e-01 (6.9319e-01)	Loss Pred 5.0925e-01 (5.2244e-01)	Loss TOTAL 8.9095e-01 (9.2307e-01)
Epoch: [32][ 40/497]	L_Src_Sup 1.9074e-01 (2.0608e-01)	L_Trg_Inj 4.1695e-01 (2.5292e-01)	Loss Disc 6.9276e-01 (6.9317e-01)	Loss Pred 5.1672e-01 (5.1842e-01)	Loss TOTAL 9.2387e-01 (9.2809e-01)
Epoch: [32][ 50/497]	L_Src_Sup 2.4521e-01 (2.0974e-01)	L_Trg_Inj 2.2766e-01 (2.5838e-01)	Loss Disc 6.9333e-01 (6.9313e-01)	Loss Pred 4.9044e-01 (5.1625e-01)	Loss TOTAL 9.0195e-01 (9.2438e-01)
Epoch: [32][ 60/497]	L_Src_Sup 2.6697e-01 (2.0648e-01)	L_Trg_Inj 2.3091e-01 (2.6236e-01)	Loss Disc 6.9323e-01 (6.9314e-01)	Loss Pred 5.2192e-01 (5.1784e-01)	Loss TOTAL 9.5438e-01 (9.2418e-01)
Epoch: [32][ 70/497]	L_Src_Sup 1.4142e-01 (2.0688e-01)	L_Trg_Inj 3.1208e-01 (2.6260e-01)	Loss Disc 6.9318e-01 (6.9315e-01)	Loss Pred 5.7363e-01 (5.1937e-01)	Loss TOTAL 9.6557e-01 (9.2404e-01)
Epoch: [32][ 80/497]	L_Src_Sup 1.7561e-01 (2.0525e-01)	L_Trg_Inj 2.0131e-01 (2.6458e-01)	Loss Disc 6.9332e-01 (6.9316e-01)	Loss Pred 5.2814e-01 (5.2002e-01)	Loss TOTAL 9.1249e-01 (9.2484e-01)
Epoch: [32][ 90/497]	L_Src_Sup 1.1010e-01 (2.0033e-01)	L_Trg_Inj 2.0458e-01 (2.6171e-01)	Loss Disc 6.9326e-01 (6.9316e-01)	Loss Pred 5.0328e-01 (5.1856e-01)	Loss TOTAL 8.8138e-01 (9.2135e-01)
Epoch: [32][100/497]	L_Src_Sup 2.4762e-01 (1.9814e-01)	L_Trg_Inj 2.9868e-01 (2.6062e-01)	Loss Disc 6.9314e-01 (6.9316e-01)	Loss Pred 5.2842e-01 (5.1827e-01)	Loss TOTAL 9.2962e-01 (9.2007e-01)
Epoch: [32][110/497]	L_Src_Sup 2.2430e-01 (1.9839e-01)	L_Trg_Inj 2.6507e-01 (2.6232e-01)	Loss Disc 6.9311e-01 (6.9316e-01)	Loss Pred 5.1555e-01 (5.1741e-01)	Loss TOTAL 9.1104e-01 (9.1855e-01)
Epoch: [32][120/497]	L_Src_Sup 3.1307e-01 (1.9917e-01)	L_Trg_Inj 1.9550e-01 (2.5865e-01)	Loss Disc 6.9308e-01 (6.9316e-01)	Loss Pred 4.6482e-01 (5.1737e-01)	Loss TOTAL 9.7979e-01 (9.1954e-01)
Epoch: [32][130/497]	L_Src_Sup 2.1331e-01 (2.0359e-01)	L_Trg_Inj 3.2120e-01 (2.6780e-01)	Loss Disc 6.9204e-01 (6.9314e-01)	Loss Pred 4.7785e-01 (5.1775e-01)	Loss TOTAL 8.7732e-01 (9.2141e-01)
Epoch: [32][140/497]	L_Src_Sup 1.4857e-01 (2.0100e-01)	L_Trg_Inj 1.7158e-01 (2.6895e-01)	Loss Disc 6.9020e-01 (6.9299e-01)	Loss Pred 5.0298e-01 (5.1810e-01)	Loss TOTAL 8.8009e-01 (9.2083e-01)
Epoch: [32][150/497]	L_Src_Sup 3.1112e-01 (2.0074e-01)	L_Trg_Inj 2.2626e-01 (2.6734e-01)	Loss Disc 6.8757e-01 (6.9274e-01)	Loss Pred 4.9753e-01 (5.1832e-01)	Loss TOTAL 9.7992e-01 (9.2074e-01)
Epoch: [32][160/497]	L_Src_Sup 2.0410e-01 (2.0108e-01)	L_Trg_Inj 2.4343e-01 (2.6923e-01)	Loss Disc 6.9421e-01 (6.9258e-01)	Loss Pred 5.7306e-01 (5.1772e-01)	Loss TOTAL 9.6491e-01 (9.1986e-01)
Epoch: [32][170/497]	L_Src_Sup 1.3336e-01 (2.0335e-01)	L_Trg_Inj 3.5950e-01 (2.7027e-01)	Loss Disc 6.9292e-01 (6.9260e-01)	Loss Pred 5.2834e-01 (5.1775e-01)	Loss TOTAL 9.2409e-01 (9.2091e-01)
Epoch: [32][180/497]	L_Src_Sup 1.6852e-01 (2.0261e-01)	L_Trg_Inj 3.1365e-01 (2.7105e-01)	Loss Disc 6.9191e-01 (6.9260e-01)	Loss Pred 5.1560e-01 (5.1854e-01)	Loss TOTAL 9.0977e-01 (9.2143e-01)
Epoch: [32][190/497]	L_Src_Sup 2.6950e-01 (2.0347e-01)	L_Trg_Inj 2.9269e-01 (2.7615e-01)	Loss Disc 6.9442e-01 (6.9249e-01)	Loss Pred 5.7860e-01 (5.1872e-01)	Loss TOTAL 9.8203e-01 (9.2197e-01)
Epoch: [32][200/497]	L_Src_Sup 2.7956e-01 (2.0477e-01)	L_Trg_Inj 3.0071e-01 (2.7919e-01)	Loss Disc 6.8480e-01 (6.9223e-01)	Loss Pred 5.0918e-01 (5.1869e-01)	Loss TOTAL 9.0960e-01 (9.2192e-01)
Epoch: [32][210/497]	L_Src_Sup 2.4078e-01 (2.0531e-01)	L_Trg_Inj 3.7331e-01 (2.8207e-01)	Loss Disc 6.9141e-01 (6.9201e-01)	Loss Pred 5.0911e-01 (5.1864e-01)	Loss TOTAL 9.1622e-01 (9.2189e-01)
Epoch: [32][220/497]	L_Src_Sup 2.4618e-01 (2.0535e-01)	L_Trg_Inj 2.6890e-01 (2.8285e-01)	Loss Disc 6.9387e-01 (6.9202e-01)	Loss Pred 5.7242e-01 (5.1899e-01)	Loss TOTAL 9.7086e-01 (9.2194e-01)
Epoch: [32][230/497]	L_Src_Sup 3.2458e-01 (2.0506e-01)	L_Trg_Inj 2.0211e-01 (2.8150e-01)	Loss Disc 6.9279e-01 (6.9207e-01)	Loss Pred 4.9024e-01 (5.1947e-01)	Loss TOTAL 1.0118e+00 (9.2280e-01)
Epoch: [32][240/497]	L_Src_Sup 1.5956e-01 (2.0449e-01)	L_Trg_Inj 2.6500e-01 (2.8300e-01)	Loss Disc 6.9249e-01 (6.9209e-01)	Loss Pred 4.7820e-01 (5.1957e-01)	Loss TOTAL 8.6690e-01 (9.2265e-01)
Epoch: [32][250/497]	L_Src_Sup 1.9237e-01 (2.0543e-01)	L_Trg_Inj 3.2521e-01 (2.8386e-01)	Loss Disc 6.9289e-01 (6.9214e-01)	Loss Pred 5.2173e-01 (5.1977e-01)	Loss TOTAL 9.1994e-01 (9.2272e-01)
Epoch: [32][260/497]	L_Src_Sup 1.2632e-01 (2.0488e-01)	L_Trg_Inj 3.5899e-01 (2.8226e-01)	Loss Disc 6.9337e-01 (6.9218e-01)	Loss Pred 5.9151e-01 (5.2000e-01)	Loss TOTAL 9.8672e-01 (9.2296e-01)
Epoch: [32][270/497]	L_Src_Sup 2.6931e-01 (2.0453e-01)	L_Trg_Inj 3.2354e-01 (2.8219e-01)	Loss Disc 6.9307e-01 (6.9222e-01)	Loss Pred 5.3439e-01 (5.2047e-01)	Loss TOTAL 9.4021e-01 (9.2320e-01)
Epoch: [32][280/497]	L_Src_Sup 2.1562e-01 (2.0405e-01)	L_Trg_Inj 2.7011e-01 (2.8220e-01)	Loss Disc 6.9312e-01 (6.9225e-01)	Loss Pred 4.8386e-01 (5.2018e-01)	Loss TOTAL 8.7900e-01 (9.2264e-01)
Epoch: [32][290/497]	L_Src_Sup 1.9984e-01 (2.0457e-01)	L_Trg_Inj 3.3041e-01 (2.8151e-01)	Loss Disc 6.9272e-01 (6.9229e-01)	Loss Pred 4.9030e-01 (5.2028e-01)	Loss TOTAL 8.8968e-01 (9.2294e-01)
Epoch: [32][300/497]	L_Src_Sup 2.3216e-01 (2.0560e-01)	L_Trg_Inj 2.1919e-01 (2.8261e-01)	Loss Disc 6.9326e-01 (6.9231e-01)	Loss Pred 4.8455e-01 (5.2055e-01)	Loss TOTAL 8.8929e-01 (9.2384e-01)
Epoch: [32][310/497]	L_Src_Sup 2.5022e-01 (2.0541e-01)	L_Trg_Inj 2.9534e-01 (2.8485e-01)	Loss Disc 6.9330e-01 (6.9234e-01)	Loss Pred 5.8485e-01 (5.2125e-01)	Loss TOTAL 9.8606e-01 (9.2449e-01)
Epoch: [32][320/497]	L_Src_Sup 2.0463e-01 (2.0628e-01)	L_Trg_Inj 3.4426e-01 (2.8649e-01)	Loss Disc 6.9315e-01 (6.9237e-01)	Loss Pred 5.0309e-01 (5.2143e-01)	Loss TOTAL 9.0456e-01 (9.2470e-01)
Epoch: [32][330/497]	L_Src_Sup 1.7536e-01 (2.0625e-01)	L_Trg_Inj 3.2450e-01 (2.8804e-01)	Loss Disc 6.9325e-01 (6.9239e-01)	Loss Pred 5.4075e-01 (5.2111e-01)	Loss TOTAL 9.3736e-01 (9.2440e-01)
Epoch: [32][340/497]	L_Src_Sup 1.6843e-01 (2.0615e-01)	L_Trg_Inj 2.9754e-01 (2.8774e-01)	Loss Disc 6.9301e-01 (6.9242e-01)	Loss Pred 5.1571e-01 (5.2068e-01)	Loss TOTAL 9.0882e-01 (9.2382e-01)
Epoch: [32][350/497]	L_Src_Sup 2.1526e-01 (2.0677e-01)	L_Trg_Inj 3.4003e-01 (2.8965e-01)	Loss Disc 6.9256e-01 (6.9242e-01)	Loss Pred 5.4102e-01 (5.2109e-01)	Loss TOTAL 9.4283e-01 (9.2458e-01)
Epoch: [32][360/497]	L_Src_Sup 2.1312e-01 (2.0691e-01)	L_Trg_Inj 2.4127e-01 (2.9000e-01)	Loss Disc 6.8892e-01 (6.9239e-01)	Loss Pred 4.7891e-01 (5.2080e-01)	Loss TOTAL 8.6881e-01 (9.2411e-01)
Epoch: [32][370/497]	L_Src_Sup 2.4663e-01 (2.0669e-01)	L_Trg_Inj 2.9632e-01 (2.8871e-01)	Loss Disc 6.9439e-01 (6.9230e-01)	Loss Pred 5.3467e-01 (5.2068e-01)	Loss TOTAL 9.3616e-01 (9.2375e-01)
Epoch: [32][380/497]	L_Src_Sup 2.0954e-01 (2.0641e-01)	L_Trg_Inj 3.7856e-01 (2.8965e-01)	Loss Disc 6.9208e-01 (6.9226e-01)	Loss Pred 5.2814e-01 (5.2093e-01)	Loss TOTAL 9.3300e-01 (9.2393e-01)
Epoch: [32][390/497]	L_Src_Sup 1.4706e-01 (2.0647e-01)	L_Trg_Inj 4.2587e-01 (2.9054e-01)	Loss Disc 6.9155e-01 (6.9226e-01)	Loss Pred 5.0285e-01 (5.2072e-01)	Loss TOTAL 9.0591e-01 (9.2377e-01)
Epoch: [32][400/497]	L_Src_Sup 1.7478e-01 (2.0580e-01)	L_Trg_Inj 1.7481e-01 (2.8979e-01)	Loss Disc 6.9348e-01 (6.9229e-01)	Loss Pred 5.4105e-01 (5.2099e-01)	Loss TOTAL 9.2275e-01 (9.2385e-01)
Epoch: [32][410/497]	L_Src_Sup 2.6206e-01 (2.0590e-01)	L_Trg_Inj 3.3046e-01 (2.8902e-01)	Loss Disc 6.9207e-01 (6.9230e-01)	Loss Pred 5.3149e-01 (5.2085e-01)	Loss TOTAL 9.3678e-01 (9.2379e-01)
Epoch: [32][420/497]	L_Src_Sup 2.8780e-01 (2.0614e-01)	L_Trg_Inj 3.4853e-01 (2.8991e-01)	Loss Disc 6.9016e-01 (6.9225e-01)	Loss Pred 5.7281e-01 (5.2076e-01)	Loss TOTAL 9.8152e-01 (9.2380e-01)
Epoch: [32][430/497]	L_Src_Sup 1.7611e-01 (2.0660e-01)	L_Trg_Inj 3.4703e-01 (2.9086e-01)	Loss Disc 6.8074e-01 (6.9211e-01)	Loss Pred 4.7378e-01 (5.2045e-01)	Loss TOTAL 8.6646e-01 (9.2357e-01)
Epoch: [32][440/497]	L_Src_Sup 1.2967e-01 (2.0641e-01)	L_Trg_Inj 2.4902e-01 (2.9152e-01)	Loss Disc 6.8664e-01 (6.9200e-01)	Loss Pred 5.0921e-01 (5.2057e-01)	Loss TOTAL 8.9040e-01 (9.2352e-01)
Epoch: [32][450/497]	L_Src_Sup 1.8869e-01 (2.0698e-01)	L_Trg_Inj 3.7054e-01 (2.9163e-01)	Loss Disc 6.8220e-01 (6.9192e-01)	Loss Pred 5.2211e-01 (5.2066e-01)	Loss TOTAL 9.1914e-01 (9.2354e-01)
Epoch: [32][460/497]	L_Src_Sup 1.3003e-01 (2.0723e-01)	L_Trg_Inj 3.4700e-01 (2.9291e-01)	Loss Disc 6.8477e-01 (6.9179e-01)	Loss Pred 5.1051e-01 (5.2052e-01)	Loss TOTAL 9.0059e-01 (9.2344e-01)
Epoch: [32][470/497]	L_Src_Sup 2.1283e-01 (2.0717e-01)	L_Trg_Inj 2.4250e-01 (2.9250e-01)	Loss Disc 6.9446e-01 (6.9170e-01)	Loss Pred 5.5367e-01 (5.2045e-01)	Loss TOTAL 9.4643e-01 (9.2321e-01)
Epoch: [32][480/497]	L_Src_Sup 2.2512e-01 (2.0729e-01)	L_Trg_Inj 2.9279e-01 (2.9220e-01)	Loss Disc 6.9276e-01 (6.9171e-01)	Loss Pred 5.0318e-01 (5.2065e-01)	Loss TOTAL 9.0134e-01 (9.2329e-01)
Epoch: [32][490/497]	L_Src_Sup 1.7159e-01 (2.0745e-01)	L_Trg_Inj 1.5573e-01 (2.9075e-01)	Loss Disc 6.9358e-01 (6.9175e-01)	Loss Pred 5.2810e-01 (5.2072e-01)	Loss TOTAL 9.2348e-01 (9.2356e-01)
Epoch: [32][497/497]	L_Src_Sup 2.7204e-01 (2.0753e-01)	L_Trg_Inj 1.7161e-01 (2.8950e-01)	Loss Disc 6.9322e-01 (6.9177e-01)	Loss Pred 5.0950e-01 (5.2074e-01)	Loss TOTAL 1.0009e+00 (9.2398e-01)
Epoch 32 complete. Saving model state...
Epoch: [33][ 10/497]	L_Src_Sup 1.6853e-01 (1.7731e-01)	L_Trg_Inj 3.1689e-01 (2.4714e-01)	Loss Disc 6.9291e-01 (6.9305e-01)	Loss Pred 5.1628e-01 (5.1795e-01)	Loss TOTAL 9.1128e-01 (9.0954e-01)
Epoch: [33][ 20/497]	L_Src_Sup 2.2438e-01 (1.9264e-01)	L_Trg_Inj 3.5607e-01 (2.7478e-01)	Loss Disc 6.9282e-01 (6.9306e-01)	Loss Pred 5.1589e-01 (5.2137e-01)	Loss TOTAL 9.2034e-01 (9.1989e-01)
Epoch: [33][ 30/497]	L_Src_Sup 1.9967e-01 (1.9758e-01)	L_Trg_Inj 4.1837e-01 (2.8090e-01)	Loss Disc 6.9003e-01 (6.9285e-01)	Loss Pred 4.8577e-01 (5.2384e-01)	Loss TOTAL 8.9259e-01 (9.3230e-01)
Epoch: [33][ 40/497]	L_Src_Sup 2.7614e-01 (1.9980e-01)	L_Trg_Inj 3.1922e-01 (2.8201e-01)	Loss Disc 6.8964e-01 (6.9236e-01)	Loss Pred 5.5410e-01 (5.2557e-01)	Loss TOTAL 9.5846e-01 (9.3122e-01)
Epoch: [33][ 50/497]	L_Src_Sup 2.8613e-01 (2.0378e-01)	L_Trg_Inj 4.0349e-01 (2.8654e-01)	Loss Disc 6.8636e-01 (6.9163e-01)	Loss Pred 5.2887e-01 (5.2465e-01)	Loss TOTAL 9.4102e-01 (9.3020e-01)
Epoch: [33][ 60/497]	L_Src_Sup 2.7806e-01 (2.0554e-01)	L_Trg_Inj 3.1662e-01 (2.9145e-01)	Loss Disc 6.8561e-01 (6.9096e-01)	Loss Pred 5.0951e-01 (5.2284e-01)	Loss TOTAL 9.1179e-01 (9.2703e-01)
Epoch: [33][ 70/497]	L_Src_Sup 1.3352e-01 (2.0508e-01)	L_Trg_Inj 3.6691e-01 (2.9857e-01)	Loss Disc 6.8651e-01 (6.9050e-01)	Loss Pred 5.2838e-01 (5.2199e-01)	Loss TOTAL 9.2167e-01 (9.2533e-01)
Epoch: [33][ 80/497]	L_Src_Sup 1.4689e-01 (2.0244e-01)	L_Trg_Inj 2.6295e-01 (2.9972e-01)	Loss Disc 6.8546e-01 (6.8998e-01)	Loss Pred 4.9652e-01 (5.2035e-01)	Loss TOTAL 8.8023e-01 (9.2231e-01)
Epoch: [33][ 90/497]	L_Src_Sup 1.2251e-01 (2.0073e-01)	L_Trg_Inj 2.5241e-01 (2.9390e-01)	Loss Disc 6.9167e-01 (6.8986e-01)	Loss Pred 5.7287e-01 (5.2069e-01)	Loss TOTAL 9.5620e-01 (9.2278e-01)
Epoch: [33][100/497]	L_Src_Sup 3.4019e-01 (2.0220e-01)	L_Trg_Inj 2.5236e-01 (2.9188e-01)	Loss Disc 6.9130e-01 (6.8971e-01)	Loss Pred 5.2179e-01 (5.2007e-01)	Loss TOTAL 1.0145e+00 (9.2308e-01)
Epoch: [33][110/497]	L_Src_Sup 2.2647e-01 (2.0166e-01)	L_Trg_Inj 2.9453e-01 (2.9306e-01)	Loss Disc 6.9029e-01 (6.8946e-01)	Loss Pred 5.2195e-01 (5.1990e-01)	Loss TOTAL 9.1919e-01 (9.2205e-01)
Epoch: [33][120/497]	L_Src_Sup 2.2835e-01 (2.0073e-01)	L_Trg_Inj 3.3066e-01 (2.9246e-01)	Loss Disc 6.7857e-01 (6.8903e-01)	Loss Pred 4.7144e-01 (5.1968e-01)	Loss TOTAL 8.6663e-01 (9.2116e-01)
Epoch: [33][130/497]	L_Src_Sup 6.7756e-02 (1.9981e-01)	L_Trg_Inj 2.6907e-01 (2.8944e-01)	Loss Disc 6.8740e-01 (6.8885e-01)	Loss Pred 5.4088e-01 (5.1976e-01)	Loss TOTAL 9.1826e-01 (9.2173e-01)
Epoch: [33][140/497]	L_Src_Sup 1.5386e-01 (2.0007e-01)	L_Trg_Inj 2.6025e-01 (2.8901e-01)	Loss Disc 6.9336e-01 (6.8868e-01)	Loss Pred 5.3451e-01 (5.1937e-01)	Loss TOTAL 9.2261e-01 (9.2111e-01)
Epoch: [33][150/497]	L_Src_Sup 2.1357e-01 (2.0116e-01)	L_Trg_Inj 3.1026e-01 (2.9045e-01)	Loss Disc 6.9438e-01 (6.8857e-01)	Loss Pred 5.2865e-01 (5.1909e-01)	Loss TOTAL 9.2822e-01 (9.2081e-01)
Epoch: [33][160/497]	L_Src_Sup 1.5261e-01 (2.0050e-01)	L_Trg_Inj 2.0986e-01 (2.8876e-01)	Loss Disc 6.9396e-01 (6.8880e-01)	Loss Pred 5.2843e-01 (5.1912e-01)	Loss TOTAL 9.1165e-01 (9.2020e-01)
Epoch: [33][170/497]	L_Src_Sup 2.6709e-01 (2.0059e-01)	L_Trg_Inj 2.0085e-01 (2.8498e-01)	Loss Disc 6.8937e-01 (6.8890e-01)	Loss Pred 5.2824e-01 (5.1866e-01)	Loss TOTAL 9.8596e-01 (9.1992e-01)
Epoch: [33][180/497]	L_Src_Sup 1.0923e-01 (2.0049e-01)	L_Trg_Inj 3.0829e-01 (2.8613e-01)	Loss Disc 6.9065e-01 (6.8899e-01)	Loss Pred 4.9661e-01 (5.1887e-01)	Loss TOTAL 8.8369e-01 (9.1997e-01)
Epoch: [33][190/497]	L_Src_Sup 2.1451e-01 (2.0174e-01)	L_Trg_Inj 2.8185e-01 (2.8776e-01)	Loss Disc 6.9270e-01 (6.8916e-01)	Loss Pred 4.8838e-01 (5.1863e-01)	Loss TOTAL 8.8437e-01 (9.2024e-01)
Epoch: [33][200/497]	L_Src_Sup 2.5584e-01 (2.0085e-01)	L_Trg_Inj 2.9751e-01 (2.8814e-01)	Loss Disc 6.9284e-01 (6.8937e-01)	Loss Pred 5.3508e-01 (5.1990e-01)	Loss TOTAL 9.3684e-01 (9.2124e-01)
Epoch: [33][210/497]	L_Src_Sup 2.1056e-01 (2.0214e-01)	L_Trg_Inj 3.4176e-01 (2.9005e-01)	Loss Disc 6.9246e-01 (6.8952e-01)	Loss Pred 5.2184e-01 (5.1994e-01)	Loss TOTAL 9.2330e-01 (9.2142e-01)
Epoch: [33][220/497]	L_Src_Sup 1.3219e-01 (1.9962e-01)	L_Trg_Inj 3.7662e-01 (2.8943e-01)	Loss Disc 6.9251e-01 (6.8967e-01)	Loss Pred 5.2185e-01 (5.2025e-01)	Loss TOTAL 9.1898e-01 (9.2141e-01)
Epoch: [33][230/497]	L_Src_Sup 2.3740e-01 (1.9892e-01)	L_Trg_Inj 3.7648e-01 (2.9105e-01)	Loss Disc 6.9064e-01 (6.8979e-01)	Loss Pred 4.9677e-01 (5.2046e-01)	Loss TOTAL 9.0348e-01 (9.2150e-01)
Epoch: [33][240/497]	L_Src_Sup 2.1363e-01 (1.9776e-01)	L_Trg_Inj 2.9279e-01 (2.9168e-01)	Loss Disc 6.9323e-01 (6.8990e-01)	Loss Pred 5.4092e-01 (5.2037e-01)	Loss TOTAL 9.3818e-01 (9.2111e-01)
Epoch: [33][250/497]	L_Src_Sup 2.1850e-01 (1.9824e-01)	L_Trg_Inj 3.1379e-01 (2.9125e-01)	Loss Disc 6.9142e-01 (6.8999e-01)	Loss Pred 5.3646e-01 (5.2031e-01)	Loss TOTAL 9.3540e-01 (9.2131e-01)
Epoch: [33][260/497]	L_Src_Sup 1.2391e-01 (1.9856e-01)	L_Trg_Inj 4.0052e-01 (2.9164e-01)	Loss Disc 6.8333e-01 (6.8993e-01)	Loss Pred 4.7798e-01 (5.1995e-01)	Loss TOTAL 8.7209e-01 (9.2108e-01)
Epoch: [33][270/497]	L_Src_Sup 1.3138e-01 (1.9829e-01)	L_Trg_Inj 2.2252e-01 (2.9196e-01)	Loss Disc 6.9292e-01 (6.8997e-01)	Loss Pred 5.1119e-01 (5.2008e-01)	Loss TOTAL 8.9304e-01 (9.2097e-01)
Epoch: [33][280/497]	L_Src_Sup 2.5119e-01 (1.9892e-01)	L_Trg_Inj 3.2155e-01 (2.9168e-01)	Loss Disc 6.9220e-01 (6.9007e-01)	Loss Pred 5.2916e-01 (5.2015e-01)	Loss TOTAL 9.3254e-01 (9.2140e-01)
Epoch: [33][290/497]	L_Src_Sup 1.6084e-01 (1.9963e-01)	L_Trg_Inj 2.4497e-01 (2.9160e-01)	Loss Disc 6.9252e-01 (6.9016e-01)	Loss Pred 4.8387e-01 (5.1952e-01)	Loss TOTAL 8.7071e-01 (9.2097e-01)
Epoch: [33][300/497]	L_Src_Sup 1.6984e-01 (1.9963e-01)	L_Trg_Inj 2.5800e-01 (2.9274e-01)	Loss Disc 6.9318e-01 (6.9025e-01)	Loss Pred 5.2195e-01 (5.1960e-01)	Loss TOTAL 9.1132e-01 (9.2102e-01)
Epoch: [33][310/497]	L_Src_Sup 2.2472e-01 (2.0015e-01)	L_Trg_Inj 2.4768e-01 (2.9285e-01)	Loss Disc 6.9313e-01 (6.9034e-01)	Loss Pred 5.1549e-01 (5.1987e-01)	Loss TOTAL 9.0930e-01 (9.2140e-01)
Epoch: [33][320/497]	L_Src_Sup 2.4006e-01 (2.0052e-01)	L_Trg_Inj 3.1542e-01 (2.9302e-01)	Loss Disc 6.9384e-01 (6.9043e-01)	Loss Pred 5.5989e-01 (5.1984e-01)	Loss TOTAL 9.6236e-01 (9.2132e-01)
Epoch: [33][330/497]	L_Src_Sup 1.2124e-01 (2.0003e-01)	L_Trg_Inj 2.9315e-01 (2.9411e-01)	Loss Disc 6.9364e-01 (6.9051e-01)	Loss Pred 5.6631e-01 (5.1996e-01)	Loss TOTAL 9.5457e-01 (9.2134e-01)
Epoch: [33][340/497]	L_Src_Sup 1.6415e-01 (2.0089e-01)	L_Trg_Inj 2.6298e-01 (2.9424e-01)	Loss Disc 6.9304e-01 (6.9059e-01)	Loss Pred 5.0944e-01 (5.2015e-01)	Loss TOTAL 8.9867e-01 (9.2147e-01)
Epoch: [33][350/497]	L_Src_Sup 2.4330e-01 (2.0104e-01)	L_Trg_Inj 2.8067e-01 (2.9331e-01)	Loss Disc 6.9323e-01 (6.9067e-01)	Loss Pred 5.1571e-01 (5.2033e-01)	Loss TOTAL 9.1472e-01 (9.2177e-01)
Epoch: [33][360/497]	L_Src_Sup 2.2335e-01 (2.0170e-01)	L_Trg_Inj 3.7607e-01 (2.9460e-01)	Loss Disc 6.9317e-01 (6.9074e-01)	Loss Pred 5.4115e-01 (5.2037e-01)	Loss TOTAL 9.4768e-01 (9.2188e-01)
Epoch: [33][370/497]	L_Src_Sup 1.7158e-01 (2.0193e-01)	L_Trg_Inj 2.8941e-01 (2.9623e-01)	Loss Disc 6.9329e-01 (6.9080e-01)	Loss Pred 5.2810e-01 (5.2055e-01)	Loss TOTAL 9.2085e-01 (9.2211e-01)
Epoch: [33][380/497]	L_Src_Sup 2.2901e-01 (2.0188e-01)	L_Trg_Inj 2.1772e-01 (2.9676e-01)	Loss Disc 6.9338e-01 (6.9087e-01)	Loss Pred 5.2827e-01 (5.2055e-01)	Loss TOTAL 9.3092e-01 (9.2205e-01)
Epoch: [33][390/497]	L_Src_Sup 2.2224e-01 (2.0165e-01)	L_Trg_Inj 2.5104e-01 (2.9690e-01)	Loss Disc 6.9319e-01 (6.9093e-01)	Loss Pred 5.0935e-01 (5.2062e-01)	Loss TOTAL 9.0327e-01 (9.2199e-01)
Epoch: [33][400/497]	L_Src_Sup 2.4533e-01 (2.0167e-01)	L_Trg_Inj 2.5473e-01 (2.9697e-01)	Loss Disc 6.9323e-01 (6.9098e-01)	Loss Pred 5.2229e-01 (5.2026e-01)	Loss TOTAL 9.1891e-01 (9.2152e-01)
Epoch: [33][410/497]	L_Src_Sup 2.0211e-01 (2.0240e-01)	L_Trg_Inj 2.9703e-01 (2.9698e-01)	Loss Disc 6.9323e-01 (6.9103e-01)	Loss Pred 5.6619e-01 (5.2048e-01)	Loss TOTAL 9.6272e-01 (9.2217e-01)
Epoch: [33][420/497]	L_Src_Sup 1.8187e-01 (2.0179e-01)	L_Trg_Inj 2.3826e-01 (2.9656e-01)	Loss Disc 6.9316e-01 (6.9108e-01)	Loss Pred 4.9668e-01 (5.2048e-01)	Loss TOTAL 8.8528e-01 (9.2224e-01)
Epoch: [33][430/497]	L_Src_Sup 2.4103e-01 (2.0206e-01)	L_Trg_Inj 2.5090e-01 (2.9604e-01)	Loss Disc 6.9323e-01 (6.9113e-01)	Loss Pred 5.1085e-01 (5.2068e-01)	Loss TOTAL 9.0666e-01 (9.2240e-01)
Epoch: [33][440/497]	L_Src_Sup 1.6381e-01 (2.0258e-01)	L_Trg_Inj 3.2543e-01 (2.9663e-01)	Loss Disc 6.9305e-01 (6.9118e-01)	Loss Pred 4.9660e-01 (5.2072e-01)	Loss TOTAL 8.9205e-01 (9.2264e-01)
Epoch: [33][450/497]	L_Src_Sup 2.2966e-01 (2.0179e-01)	L_Trg_Inj 3.1011e-01 (2.9764e-01)	Loss Disc 6.9339e-01 (6.9122e-01)	Loss Pred 5.2829e-01 (5.2053e-01)	Loss TOTAL 9.2897e-01 (9.2235e-01)
Epoch: [33][460/497]	L_Src_Sup 1.8927e-01 (2.0143e-01)	L_Trg_Inj 2.9298e-01 (2.9737e-01)	Loss Disc 6.9309e-01 (6.9126e-01)	Loss Pred 5.2187e-01 (5.2065e-01)	Loss TOTAL 9.1665e-01 (9.2234e-01)
Epoch: [33][470/497]	L_Src_Sup 2.7010e-01 (2.0184e-01)	L_Trg_Inj 3.1212e-01 (2.9678e-01)	Loss Disc 6.9314e-01 (6.9131e-01)	Loss Pred 5.1607e-01 (5.2059e-01)	Loss TOTAL 9.2086e-01 (9.2242e-01)
Epoch: [33][480/497]	L_Src_Sup 1.9300e-01 (2.0227e-01)	L_Trg_Inj 3.8864e-01 (2.9700e-01)	Loss Disc 6.9295e-01 (6.9134e-01)	Loss Pred 4.7184e-01 (5.2072e-01)	Loss TOTAL 8.7648e-01 (9.2259e-01)
Epoch: [33][490/497]	L_Src_Sup 2.2860e-01 (2.0187e-01)	L_Trg_Inj 2.3199e-01 (2.9778e-01)	Loss Disc 6.9335e-01 (6.9138e-01)	Loss Pred 5.2819e-01 (5.2067e-01)	Loss TOTAL 9.2093e-01 (9.2247e-01)
Epoch: [33][497/497]	L_Src_Sup 3.3412e-01 (2.0233e-01)	L_Trg_Inj 3.3018e-01 (2.9755e-01)	Loss Disc 6.9310e-01 (6.9141e-01)	Loss Pred 5.1556e-01 (5.2069e-01)	Loss TOTAL 9.3248e-01 (9.2276e-01)
Epoch 33 complete. Saving model state...
Epoch: [34][ 10/497]	L_Src_Sup 1.1766e-01 (2.3826e-01)	L_Trg_Inj 2.8100e-01 (2.8692e-01)	Loss Disc 6.9329e-01 (6.9325e-01)	Loss Pred 5.4724e-01 (5.3271e-01)	Loss TOTAL 9.3375e-01 (9.5967e-01)
Epoch: [34][ 20/497]	L_Src_Sup 2.3865e-01 (2.2073e-01)	L_Trg_Inj 2.8042e-01 (3.1092e-01)	Loss Disc 6.9314e-01 (6.9322e-01)	Loss Pred 5.0312e-01 (5.3207e-01)	Loss TOTAL 9.0160e-01 (9.4576e-01)
Epoch: [34][ 30/497]	L_Src_Sup 1.3084e-01 (2.1104e-01)	L_Trg_Inj 3.1054e-01 (3.0815e-01)	Loss Disc 6.9316e-01 (6.9321e-01)	Loss Pred 5.1547e-01 (5.2803e-01)	Loss TOTAL 9.0619e-01 (9.3859e-01)
Epoch: [34][ 40/497]	L_Src_Sup 1.4296e-01 (2.0454e-01)	L_Trg_Inj 2.9433e-01 (2.9824e-01)	Loss Disc 6.9335e-01 (6.9322e-01)	Loss Pred 5.7269e-01 (5.2504e-01)	Loss TOTAL 9.6309e-01 (9.3780e-01)
Epoch: [34][ 50/497]	L_Src_Sup 3.3335e-01 (2.0137e-01)	L_Trg_Inj 2.5128e-01 (3.0168e-01)	Loss Disc 6.9310e-01 (6.9321e-01)	Loss Pred 4.7123e-01 (5.2343e-01)	Loss TOTAL 9.5832e-01 (9.3469e-01)
Epoch: [34][ 60/497]	L_Src_Sup 2.3647e-01 (1.9623e-01)	L_Trg_Inj 3.0453e-01 (3.0274e-01)	Loss Disc 6.9317e-01 (6.9321e-01)	Loss Pred 4.9683e-01 (5.2360e-01)	Loss TOTAL 8.9752e-01 (9.3205e-01)
Epoch: [34][ 70/497]	L_Src_Sup 1.5695e-01 (1.9877e-01)	L_Trg_Inj 2.3053e-01 (3.0404e-01)	Loss Disc 6.9336e-01 (6.9321e-01)	Loss Pred 5.4766e-01 (5.2428e-01)	Loss TOTAL 9.3309e-01 (9.3281e-01)
Epoch: [34][ 80/497]	L_Src_Sup 1.4180e-01 (1.9883e-01)	L_Trg_Inj 3.1741e-01 (3.0478e-01)	Loss Disc 6.9320e-01 (6.9321e-01)	Loss Pred 5.6353e-01 (5.2530e-01)	Loss TOTAL 9.5605e-01 (9.3287e-01)
Epoch: [34][ 90/497]	L_Src_Sup 1.7703e-01 (1.9963e-01)	L_Trg_Inj 4.7102e-01 (3.0828e-01)	Loss Disc 6.9302e-01 (6.9321e-01)	Loss Pred 4.7763e-01 (5.2303e-01)	Loss TOTAL 8.8895e-01 (9.3141e-01)
Epoch: [34][100/497]	L_Src_Sup 1.7310e-01 (2.0010e-01)	L_Trg_Inj 3.4061e-01 (3.0882e-01)	Loss Disc 6.9316e-01 (6.9321e-01)	Loss Pred 5.3495e-01 (5.2413e-01)	Loss TOTAL 9.3290e-01 (9.3170e-01)
Epoch: [34][110/497]	L_Src_Sup 1.6002e-01 (1.9739e-01)	L_Trg_Inj 2.3402e-01 (3.0940e-01)	Loss Disc 6.9334e-01 (6.9321e-01)	Loss Pred 5.6008e-01 (5.2397e-01)	Loss TOTAL 9.4616e-01 (9.3041e-01)
Epoch: [34][120/497]	L_Src_Sup 1.9048e-01 (1.9799e-01)	L_Trg_Inj 2.4674e-01 (3.1064e-01)	Loss Disc 6.9335e-01 (6.9320e-01)	Loss Pred 5.2870e-01 (5.2281e-01)	Loss TOTAL 9.1910e-01 (9.2867e-01)
Epoch: [34][130/497]	L_Src_Sup 1.5105e-01 (2.0045e-01)	L_Trg_Inj 3.7595e-01 (3.1302e-01)	Loss Disc 6.9289e-01 (6.9320e-01)	Loss Pred 5.2200e-01 (5.2276e-01)	Loss TOTAL 9.2114e-01 (9.2932e-01)
Epoch: [34][140/497]	L_Src_Sup 1.6095e-01 (2.0119e-01)	L_Trg_Inj 2.8088e-01 (3.1165e-01)	Loss Disc 6.9332e-01 (6.9320e-01)	Loss Pred 5.5968e-01 (5.2344e-01)	Loss TOTAL 9.5052e-01 (9.2972e-01)
Epoch: [34][150/497]	L_Src_Sup 2.4984e-01 (1.9970e-01)	L_Trg_Inj 3.0410e-01 (3.1007e-01)	Loss Disc 6.9300e-01 (6.9319e-01)	Loss Pred 4.7778e-01 (5.2320e-01)	Loss TOTAL 8.7967e-01 (9.2861e-01)
Epoch: [34][160/497]	L_Src_Sup 1.7181e-01 (2.0133e-01)	L_Trg_Inj 2.9296e-01 (3.0690e-01)	Loss Disc 6.9303e-01 (6.9319e-01)	Loss Pred 5.2878e-01 (5.2280e-01)	Loss TOTAL 9.2178e-01 (9.2949e-01)
Epoch: [34][170/497]	L_Src_Sup 1.3007e-01 (2.0054e-01)	L_Trg_Inj 1.3028e-01 (3.0392e-01)	Loss Disc 6.9307e-01 (6.9318e-01)	Loss Pred 5.0941e-01 (5.2168e-01)	Loss TOTAL 8.8198e-01 (9.2745e-01)
Epoch: [34][180/497]	L_Src_Sup 2.0290e-01 (2.0146e-01)	L_Trg_Inj 3.0853e-01 (3.0228e-01)	Loss Disc 6.9138e-01 (6.9314e-01)	Loss Pred 4.7151e-01 (5.2134e-01)	Loss TOTAL 8.6834e-01 (9.2692e-01)
Epoch: [34][190/497]	L_Src_Sup 2.2299e-01 (2.0154e-01)	L_Trg_Inj 3.1399e-01 (2.9977e-01)	Loss Disc 6.9188e-01 (6.9311e-01)	Loss Pred 5.0939e-01 (5.2114e-01)	Loss TOTAL 9.0903e-01 (9.2626e-01)
Epoch: [34][200/497]	L_Src_Sup 1.7407e-01 (2.0097e-01)	L_Trg_Inj 2.5335e-01 (2.9714e-01)	Loss Disc 6.9164e-01 (6.9310e-01)	Loss Pred 4.6530e-01 (5.2050e-01)	Loss TOTAL 8.5386e-01 (9.2512e-01)
Epoch: [34][210/497]	L_Src_Sup 1.8597e-01 (1.9953e-01)	L_Trg_Inj 4.0619e-01 (2.9668e-01)	Loss Disc 6.9247e-01 (6.9308e-01)	Loss Pred 5.1700e-01 (5.2043e-01)	Loss TOTAL 9.2245e-01 (9.2446e-01)
Epoch: [34][220/497]	L_Src_Sup 1.9296e-01 (1.9878e-01)	L_Trg_Inj 2.1757e-01 (2.9383e-01)	Loss Disc 6.9337e-01 (6.9308e-01)	Loss Pred 5.4101e-01 (5.2044e-01)	Loss TOTAL 9.2875e-01 (9.2431e-01)
Epoch: [34][230/497]	L_Src_Sup 2.1167e-01 (1.9749e-01)	L_Trg_Inj 1.7948e-01 (2.9084e-01)	Loss Disc 6.9252e-01 (6.9306e-01)	Loss Pred 5.3469e-01 (5.1998e-01)	Loss TOTAL 9.5225e-01 (9.2331e-01)
Epoch: [34][240/497]	L_Src_Sup 2.0002e-01 (1.9753e-01)	L_Trg_Inj 2.2304e-01 (2.8922e-01)	Loss Disc 6.9268e-01 (6.9305e-01)	Loss Pred 4.9654e-01 (5.2023e-01)	Loss TOTAL 8.8519e-01 (9.2354e-01)
Epoch: [34][250/497]	L_Src_Sup 2.0629e-01 (1.9771e-01)	L_Trg_Inj 3.9145e-01 (2.9069e-01)	Loss Disc 6.9012e-01 (6.9301e-01)	Loss Pred 5.0957e-01 (5.2021e-01)	Loss TOTAL 9.1440e-01 (9.2423e-01)
Epoch: [34][260/497]	L_Src_Sup 1.3096e-01 (1.9752e-01)	L_Trg_Inj 3.0629e-01 (2.9223e-01)	Loss Disc 6.8254e-01 (6.9280e-01)	Loss Pred 5.1567e-01 (5.1975e-01)	Loss TOTAL 9.0067e-01 (9.2348e-01)
Epoch: [34][270/497]	L_Src_Sup 2.6673e-01 (1.9833e-01)	L_Trg_Inj 2.7139e-01 (2.9336e-01)	Loss Disc 6.9192e-01 (6.9261e-01)	Loss Pred 5.2185e-01 (5.1980e-01)	Loss TOTAL 9.2162e-01 (9.2381e-01)
Epoch: [34][280/497]	L_Src_Sup 1.1479e-01 (1.9813e-01)	L_Trg_Inj 3.0781e-01 (2.9536e-01)	Loss Disc 6.9017e-01 (6.9236e-01)	Loss Pred 5.2213e-01 (5.1918e-01)	Loss TOTAL 9.0947e-01 (9.2294e-01)
Epoch: [34][290/497]	L_Src_Sup 2.0242e-01 (1.9925e-01)	L_Trg_Inj 2.3962e-01 (2.9555e-01)	Loss Disc 6.8339e-01 (6.9217e-01)	Loss Pred 4.8401e-01 (5.1895e-01)	Loss TOTAL 8.6991e-01 (9.2246e-01)
Epoch: [34][300/497]	L_Src_Sup 1.8524e-01 (1.9990e-01)	L_Trg_Inj 2.3966e-01 (2.9391e-01)	Loss Disc 6.8722e-01 (6.9200e-01)	Loss Pred 5.0948e-01 (5.1855e-01)	Loss TOTAL 8.9558e-01 (9.2212e-01)
Epoch: [34][310/497]	L_Src_Sup 1.6364e-01 (1.9945e-01)	L_Trg_Inj 1.5992e-01 (2.9263e-01)	Loss Disc 6.8922e-01 (6.9184e-01)	Loss Pred 4.9693e-01 (5.1816e-01)	Loss TOTAL 8.7762e-01 (9.2131e-01)
Epoch: [34][320/497]	L_Src_Sup 2.4567e-01 (1.9938e-01)	L_Trg_Inj 2.4214e-01 (2.9190e-01)	Loss Disc 6.8538e-01 (6.9170e-01)	Loss Pred 4.7119e-01 (5.1782e-01)	Loss TOTAL 8.6618e-01 (9.2059e-01)
Epoch: [34][330/497]	L_Src_Sup 2.7814e-01 (2.0065e-01)	L_Trg_Inj 3.7083e-01 (2.9288e-01)	Loss Disc 6.8528e-01 (6.9154e-01)	Loss Pred 5.0965e-01 (5.1791e-01)	Loss TOTAL 9.1719e-01 (9.2061e-01)
Epoch: [34][340/497]	L_Src_Sup 1.6630e-01 (1.9948e-01)	L_Trg_Inj 3.1525e-01 (2.9342e-01)	Loss Disc 6.9093e-01 (6.9146e-01)	Loss Pred 5.4072e-01 (5.1844e-01)	Loss TOTAL 9.3434e-01 (9.2085e-01)
Epoch: [34][350/497]	L_Src_Sup 2.3696e-01 (1.9911e-01)	L_Trg_Inj 2.0695e-01 (2.9297e-01)	Loss Disc 6.8733e-01 (6.9137e-01)	Loss Pred 4.9677e-01 (5.1862e-01)	Loss TOTAL 9.1483e-01 (9.2078e-01)
Epoch: [34][360/497]	L_Src_Sup 1.3465e-01 (1.9781e-01)	L_Trg_Inj 3.6663e-01 (2.9300e-01)	Loss Disc 6.8961e-01 (6.9123e-01)	Loss Pred 5.3475e-01 (5.1874e-01)	Loss TOTAL 9.2968e-01 (9.2051e-01)
Epoch: [34][370/497]	L_Src_Sup 3.1221e-01 (1.9812e-01)	L_Trg_Inj 3.6821e-01 (2.9332e-01)	Loss Disc 6.8041e-01 (6.9113e-01)	Loss Pred 5.0290e-01 (5.1907e-01)	Loss TOTAL 9.1114e-01 (9.2068e-01)
Epoch: [34][380/497]	L_Src_Sup 2.8900e-01 (1.9845e-01)	L_Trg_Inj 2.9924e-01 (2.9277e-01)	Loss Disc 6.9033e-01 (6.9107e-01)	Loss Pred 5.3593e-01 (5.1928e-01)	Loss TOTAL 9.3992e-01 (9.2092e-01)
Epoch: [34][390/497]	L_Src_Sup 1.9393e-01 (1.9812e-01)	L_Trg_Inj 3.6402e-01 (2.9372e-01)	Loss Disc 6.8210e-01 (6.9092e-01)	Loss Pred 5.3441e-01 (5.1941e-01)	Loss TOTAL 9.3125e-01 (9.2086e-01)
Epoch: [34][400/497]	L_Src_Sup 2.8307e-01 (1.9820e-01)	L_Trg_Inj 3.1901e-01 (2.9353e-01)	Loss Disc 6.8939e-01 (6.9085e-01)	Loss Pred 5.2191e-01 (5.1955e-01)	Loss TOTAL 9.2681e-01 (9.2087e-01)
Epoch: [34][410/497]	L_Src_Sup 1.9503e-01 (1.9827e-01)	L_Trg_Inj 2.2427e-01 (2.9373e-01)	Loss Disc 6.9384e-01 (6.9079e-01)	Loss Pred 5.4078e-01 (5.1990e-01)	Loss TOTAL 9.2963e-01 (9.2115e-01)
Epoch: [34][420/497]	L_Src_Sup 2.5750e-01 (1.9828e-01)	L_Trg_Inj 2.5545e-01 (2.9311e-01)	Loss Disc 6.9098e-01 (6.9073e-01)	Loss Pred 5.5358e-01 (5.1992e-01)	Loss TOTAL 9.5241e-01 (9.2100e-01)
Epoch: [34][430/497]	L_Src_Sup 1.6671e-01 (1.9876e-01)	L_Trg_Inj 2.6932e-01 (2.9423e-01)	Loss Disc 6.9039e-01 (6.9067e-01)	Loss Pred 5.0941e-01 (5.1993e-01)	Loss TOTAL 8.9821e-01 (9.2103e-01)
Epoch: [34][440/497]	L_Src_Sup 2.5694e-01 (1.9897e-01)	L_Trg_Inj 3.6914e-01 (2.9533e-01)	Loss Disc 6.8629e-01 (6.9062e-01)	Loss Pred 5.0325e-01 (5.1991e-01)	Loss TOTAL 9.0900e-01 (9.2116e-01)
Epoch: [34][450/497]	L_Src_Sup 1.8869e-01 (1.9916e-01)	L_Trg_Inj 3.1800e-01 (2.9687e-01)	Loss Disc 6.8766e-01 (6.9056e-01)	Loss Pred 5.4155e-01 (5.2015e-01)	Loss TOTAL 9.3605e-01 (9.2140e-01)
Epoch: [34][460/497]	L_Src_Sup 2.8143e-01 (1.9800e-01)	L_Trg_Inj 3.9174e-01 (2.9762e-01)	Loss Disc 6.8632e-01 (6.9051e-01)	Loss Pred 5.1553e-01 (5.2013e-01)	Loss TOTAL 9.2600e-01 (9.2117e-01)
Epoch: [34][470/497]	L_Src_Sup 3.1057e-01 (1.9835e-01)	L_Trg_Inj 2.9085e-01 (2.9762e-01)	Loss Disc 6.8763e-01 (6.9048e-01)	Loss Pred 4.5896e-01 (5.2035e-01)	Loss TOTAL 8.8263e-01 (9.2133e-01)
Epoch: [34][480/497]	L_Src_Sup 2.0199e-01 (1.9880e-01)	L_Trg_Inj 1.3491e-01 (2.9703e-01)	Loss Disc 6.9437e-01 (6.9054e-01)	Loss Pred 5.5984e-01 (5.2033e-01)	Loss TOTAL 1.0078e+00 (9.2157e-01)
Epoch: [34][490/497]	L_Src_Sup 3.0442e-01 (1.9944e-01)	L_Trg_Inj 3.2477e-01 (2.9728e-01)	Loss Disc 6.9111e-01 (6.9057e-01)	Loss Pred 4.8427e-01 (5.2063e-01)	Loss TOTAL 8.9274e-01 (9.2206e-01)
Epoch: [34][497/497]	L_Src_Sup 2.1811e-01 (1.9918e-01)	L_Trg_Inj 2.0756e-01 (2.9750e-01)	Loss Disc 6.9313e-01 (6.9060e-01)	Loss Pred 4.9047e-01 (5.2068e-01)	Loss TOTAL 8.9016e-01 (9.2204e-01)
Epoch 34 complete. Saving model state...
Epoch: [35][ 10/497]	L_Src_Sup 2.3531e-01 (2.2401e-01)	L_Trg_Inj 3.0148e-01 (2.7194e-01)	Loss Disc 6.9286e-01 (6.9336e-01)	Loss Pred 4.9023e-01 (5.2627e-01)	Loss TOTAL 8.9034e-01 (9.2404e-01)
Epoch: [35][ 20/497]	L_Src_Sup 3.1117e-01 (2.3013e-01)	L_Trg_Inj 2.6936e-01 (2.7856e-01)	Loss Disc 6.9242e-01 (6.9319e-01)	Loss Pred 5.2901e-01 (5.2744e-01)	Loss TOTAL 9.7510e-01 (9.3588e-01)
Epoch: [35][ 30/497]	L_Src_Sup 1.8035e-01 (2.2623e-01)	L_Trg_Inj 3.2220e-01 (3.0921e-01)	Loss Disc 6.8943e-01 (6.9235e-01)	Loss Pred 4.9050e-01 (5.2337e-01)	Loss TOTAL 8.8547e-01 (9.3160e-01)
Epoch: [35][ 40/497]	L_Src_Sup 1.3094e-01 (2.2989e-01)	L_Trg_Inj 4.1828e-01 (3.3082e-01)	Loss Disc 6.8728e-01 (6.9136e-01)	Loss Pred 5.1549e-01 (5.2207e-01)	Loss TOTAL 9.1405e-01 (9.3020e-01)
Epoch: [35][ 50/497]	L_Src_Sup 1.3736e-01 (2.2931e-01)	L_Trg_Inj 3.6001e-01 (3.3263e-01)	Loss Disc 6.8951e-01 (6.9078e-01)	Loss Pred 5.5799e-01 (5.2331e-01)	Loss TOTAL 9.5248e-01 (9.3012e-01)
Epoch: [35][ 60/497]	L_Src_Sup 2.6254e-01 (2.2375e-01)	L_Trg_Inj 3.3460e-01 (3.3669e-01)	Loss Disc 6.8627e-01 (6.9051e-01)	Loss Pred 5.1545e-01 (5.2540e-01)	Loss TOTAL 9.1830e-01 (9.3105e-01)
Epoch: [35][ 70/497]	L_Src_Sup 2.6769e-01 (2.2457e-01)	L_Trg_Inj 2.6548e-01 (3.3455e-01)	Loss Disc 6.8893e-01 (6.9009e-01)	Loss Pred 5.2818e-01 (5.2536e-01)	Loss TOTAL 9.2817e-01 (9.3008e-01)
Epoch: [35][ 80/497]	L_Src_Sup 1.3215e-01 (2.2188e-01)	L_Trg_Inj 3.6721e-01 (3.3800e-01)	Loss Disc 6.8869e-01 (6.8988e-01)	Loss Pred 5.2178e-01 (5.2635e-01)	Loss TOTAL 9.1607e-01 (9.3163e-01)
Epoch: [35][ 90/497]	L_Src_Sup 1.6990e-01 (2.1772e-01)	L_Trg_Inj 3.3699e-01 (3.4157e-01)	Loss Disc 6.8227e-01 (6.8952e-01)	Loss Pred 5.2989e-01 (5.2588e-01)	Loss TOTAL 9.2171e-01 (9.3044e-01)
Epoch: [35][100/497]	L_Src_Sup 1.6670e-01 (2.1522e-01)	L_Trg_Inj 2.9036e-01 (3.3477e-01)	Loss Disc 6.8992e-01 (6.8953e-01)	Loss Pred 5.0931e-01 (5.2480e-01)	Loss TOTAL 8.9998e-01 (9.2846e-01)
Epoch: [35][110/497]	L_Src_Sup 2.5007e-01 (2.1316e-01)	L_Trg_Inj 1.7773e-01 (3.2774e-01)	Loss Disc 6.9198e-01 (6.8974e-01)	Loss Pred 4.8401e-01 (5.2323e-01)	Loss TOTAL 9.4513e-01 (9.2639e-01)
Epoch: [35][120/497]	L_Src_Sup 1.9629e-01 (2.1354e-01)	L_Trg_Inj 3.4493e-01 (3.2381e-01)	Loss Disc 6.9186e-01 (6.9003e-01)	Loss Pred 5.4731e-01 (5.2308e-01)	Loss TOTAL 9.4736e-01 (9.2677e-01)
Epoch: [35][130/497]	L_Src_Sup 9.9036e-02 (2.1207e-01)	L_Trg_Inj 2.3567e-01 (3.2108e-01)	Loss Disc 6.9405e-01 (6.9030e-01)	Loss Pred 5.5346e-01 (5.2325e-01)	Loss TOTAL 9.3395e-01 (9.2675e-01)
Epoch: [35][140/497]	L_Src_Sup 2.4304e-01 (2.1274e-01)	L_Trg_Inj 3.0400e-01 (3.1880e-01)	Loss Disc 6.9329e-01 (6.9052e-01)	Loss Pred 5.6050e-01 (5.2242e-01)	Loss TOTAL 9.6185e-01 (9.2568e-01)
Epoch: [35][150/497]	L_Src_Sup 2.0194e-01 (2.1260e-01)	L_Trg_Inj 3.0924e-01 (3.2045e-01)	Loss Disc 6.9092e-01 (6.9064e-01)	Loss Pred 5.0305e-01 (5.2254e-01)	Loss TOTAL 8.9963e-01 (9.2586e-01)
Epoch: [35][160/497]	L_Src_Sup 1.4717e-01 (2.1093e-01)	L_Trg_Inj 2.6778e-01 (3.2053e-01)	Loss Disc 6.9309e-01 (6.9077e-01)	Loss Pred 5.0296e-01 (5.2305e-01)	Loss TOTAL 8.9100e-01 (9.2627e-01)
Epoch: [35][170/497]	L_Src_Sup 1.9011e-01 (2.1106e-01)	L_Trg_Inj 3.3895e-01 (3.2002e-01)	Loss Disc 6.9272e-01 (6.9090e-01)	Loss Pred 5.2190e-01 (5.2289e-01)	Loss TOTAL 9.2117e-01 (9.2586e-01)
Epoch: [35][180/497]	L_Src_Sup 2.7847e-01 (2.1242e-01)	L_Trg_Inj 3.4514e-01 (3.1739e-01)	Loss Disc 6.9186e-01 (6.9102e-01)	Loss Pred 5.0353e-01 (5.2288e-01)	Loss TOTAL 9.1182e-01 (9.2644e-01)
Epoch: [35][190/497]	L_Src_Sup 2.2672e-01 (2.1195e-01)	L_Trg_Inj 3.6026e-01 (3.1673e-01)	Loss Disc 6.9262e-01 (6.9109e-01)	Loss Pred 5.2182e-01 (5.2274e-01)	Loss TOTAL 9.2683e-01 (9.2604e-01)
Epoch: [35][200/497]	L_Src_Sup 1.1123e-01 (2.1111e-01)	L_Trg_Inj 2.7405e-01 (3.1751e-01)	Loss Disc 6.9231e-01 (6.9118e-01)	Loss Pred 5.0929e-01 (5.2288e-01)	Loss TOTAL 8.9398e-01 (9.2597e-01)
Epoch: [35][210/497]	L_Src_Sup 2.6964e-01 (2.1100e-01)	L_Trg_Inj 2.6089e-01 (3.1565e-01)	Loss Disc 6.8968e-01 (6.9123e-01)	Loss Pred 5.3454e-01 (5.2284e-01)	Loss TOTAL 9.4119e-01 (9.2558e-01)
Epoch: [35][220/497]	L_Src_Sup 1.3472e-01 (2.1012e-01)	L_Trg_Inj 3.3834e-01 (3.1478e-01)	Loss Disc 6.7470e-01 (6.9087e-01)	Loss Pred 5.3537e-01 (5.2247e-01)	Loss TOTAL 9.2003e-01 (9.2535e-01)
Epoch: [35][230/497]	L_Src_Sup 2.6445e-01 (2.0997e-01)	L_Trg_Inj 3.1400e-01 (3.1324e-01)	Loss Disc 6.7146e-01 (6.9011e-01)	Loss Pred 5.2188e-01 (5.2261e-01)	Loss TOTAL 9.1546e-01 (9.2472e-01)
Epoch: [35][240/497]	L_Src_Sup 1.9811e-01 (2.0867e-01)	L_Trg_Inj 2.6369e-01 (3.0958e-01)	Loss Disc 6.6087e-01 (6.8917e-01)	Loss Pred 5.5354e-01 (5.2283e-01)	Loss TOTAL 9.3015e-01 (9.2387e-01)
Epoch: [35][250/497]	L_Src_Sup 1.3598e-01 (2.0788e-01)	L_Trg_Inj 2.7601e-01 (3.0566e-01)	Loss Disc 6.6030e-01 (6.8817e-01)	Loss Pred 5.4111e-01 (5.2317e-01)	Loss TOTAL 9.1246e-01 (9.2410e-01)
Epoch: [35][260/497]	L_Src_Sup 2.8678e-01 (2.0777e-01)	L_Trg_Inj 2.9719e-01 (3.0380e-01)	Loss Disc 6.6318e-01 (6.8732e-01)	Loss Pred 5.2241e-01 (5.2269e-01)	Loss TOTAL 9.1240e-01 (9.2283e-01)
Epoch: [35][270/497]	L_Src_Sup 2.6711e-01 (2.0670e-01)	L_Trg_Inj 2.1084e-01 (3.0134e-01)	Loss Disc 6.6131e-01 (6.8650e-01)	Loss Pred 5.2841e-01 (5.2235e-01)	Loss TOTAL 9.6313e-01 (9.2196e-01)
Epoch: [35][280/497]	L_Src_Sup 2.7339e-01 (2.0711e-01)	L_Trg_Inj 3.4796e-01 (3.0320e-01)	Loss Disc 6.6785e-01 (6.8569e-01)	Loss Pred 4.9675e-01 (5.2209e-01)	Loss TOTAL 8.9281e-01 (9.2135e-01)
Epoch: [35][290/497]	L_Src_Sup 2.6598e-01 (2.0683e-01)	L_Trg_Inj 2.9410e-01 (3.0287e-01)	Loss Disc 6.7178e-01 (6.8500e-01)	Loss Pred 4.7768e-01 (5.2164e-01)	Loss TOTAL 8.6958e-01 (9.2031e-01)
Epoch: [35][300/497]	L_Src_Sup 2.5231e-01 (2.0745e-01)	L_Trg_Inj 2.3535e-01 (3.0134e-01)	Loss Disc 7.0895e-01 (6.8453e-01)	Loss Pred 4.9119e-01 (5.2166e-01)	Loss TOTAL 9.1139e-01 (9.2047e-01)
Epoch: [35][310/497]	L_Src_Sup 1.7559e-01 (2.0630e-01)	L_Trg_Inj 2.6497e-01 (3.0128e-01)	Loss Disc 7.0858e-01 (6.8570e-01)	Loss Pred 5.1800e-01 (5.2132e-01)	Loss TOTAL 9.1634e-01 (9.2041e-01)
Epoch: [35][320/497]	L_Src_Sup 1.8664e-01 (2.0637e-01)	L_Trg_Inj 3.6054e-01 (3.0109e-01)	Loss Disc 6.9787e-01 (6.8612e-01)	Loss Pred 5.0292e-01 (5.2154e-01)	Loss TOTAL 9.0657e-01 (9.2089e-01)
Epoch: [35][330/497]	L_Src_Sup 2.3068e-01 (2.0564e-01)	L_Trg_Inj 3.3873e-01 (3.0160e-01)	Loss Disc 6.9363e-01 (6.8635e-01)	Loss Pred 5.2839e-01 (5.2127e-01)	Loss TOTAL 9.3215e-01 (9.2055e-01)
Epoch: [35][340/497]	L_Src_Sup 3.0670e-01 (2.0546e-01)	L_Trg_Inj 2.3870e-01 (3.0126e-01)	Loss Disc 6.9564e-01 (6.8656e-01)	Loss Pred 4.9018e-01 (5.2146e-01)	Loss TOTAL 9.6055e-01 (9.2100e-01)
Epoch: [35][350/497]	L_Src_Sup 3.2513e-01 (2.0568e-01)	L_Trg_Inj 3.3675e-01 (3.0096e-01)	Loss Disc 6.9460e-01 (6.8677e-01)	Loss Pred 4.9041e-01 (5.2117e-01)	Loss TOTAL 9.0390e-01 (9.2064e-01)
Epoch: [35][360/497]	L_Src_Sup 2.2684e-01 (2.0579e-01)	L_Trg_Inj 1.7954e-01 (2.9976e-01)	Loss Disc 6.9280e-01 (6.8695e-01)	Loss Pred 5.2180e-01 (5.2119e-01)	Loss TOTAL 9.5614e-01 (9.2063e-01)
Epoch: [35][370/497]	L_Src_Sup 1.3478e-01 (2.0647e-01)	L_Trg_Inj 3.4530e-01 (2.9961e-01)	Loss Disc 6.9138e-01 (6.8710e-01)	Loss Pred 5.3475e-01 (5.2137e-01)	Loss TOTAL 9.2845e-01 (9.2099e-01)
Epoch: [35][380/497]	L_Src_Sup 1.1217e-01 (2.0588e-01)	L_Trg_Inj 2.6753e-01 (2.9987e-01)	Loss Disc 6.8961e-01 (6.8719e-01)	Loss Pred 5.1544e-01 (5.2130e-01)	Loss TOTAL 8.9822e-01 (9.2079e-01)
Epoch: [35][390/497]	L_Src_Sup 2.2856e-01 (2.0693e-01)	L_Trg_Inj 3.8661e-01 (2.9971e-01)	Loss Disc 6.8372e-01 (6.8722e-01)	Loss Pred 5.2843e-01 (5.2138e-01)	Loss TOTAL 9.3180e-01 (9.2158e-01)
Epoch: [35][400/497]	L_Src_Sup 1.0813e-01 (2.0573e-01)	L_Trg_Inj 2.7411e-01 (2.9951e-01)	Loss Disc 6.8209e-01 (6.8717e-01)	Loss Pred 4.9025e-01 (5.2130e-01)	Loss TOTAL 8.6952e-01 (9.2119e-01)
Epoch: [35][410/497]	L_Src_Sup 1.8700e-01 (2.0506e-01)	L_Trg_Inj 2.8031e-01 (2.9843e-01)	Loss Disc 6.8463e-01 (6.8717e-01)	Loss Pred 5.1561e-01 (5.2126e-01)	Loss TOTAL 9.0466e-01 (9.2090e-01)
Epoch: [35][420/497]	L_Src_Sup 1.5655e-01 (2.0426e-01)	L_Trg_Inj 2.4921e-01 (2.9762e-01)	Loss Disc 6.8621e-01 (6.8717e-01)	Loss Pred 5.2834e-01 (5.2121e-01)	Loss TOTAL 9.1202e-01 (9.2058e-01)
Epoch: [35][430/497]	L_Src_Sup 2.6670e-01 (2.0415e-01)	L_Trg_Inj 3.3491e-01 (2.9705e-01)	Loss Disc 6.8753e-01 (6.8721e-01)	Loss Pred 5.2823e-01 (5.2130e-01)	Loss TOTAL 9.3216e-01 (9.2051e-01)
Epoch: [35][440/497]	L_Src_Sup 2.5080e-01 (2.0458e-01)	L_Trg_Inj 3.0985e-01 (2.9690e-01)	Loss Disc 6.8341e-01 (6.8720e-01)	Loss Pred 4.8408e-01 (5.2127e-01)	Loss TOTAL 8.8185e-01 (9.2054e-01)
Epoch: [35][450/497]	L_Src_Sup 1.3214e-01 (2.0449e-01)	L_Trg_Inj 2.8980e-01 (2.9661e-01)	Loss Disc 6.8514e-01 (6.8715e-01)	Loss Pred 5.2181e-01 (5.2102e-01)	Loss TOTAL 9.0658e-01 (9.2012e-01)
Epoch: [35][460/497]	L_Src_Sup 1.8402e-01 (2.0450e-01)	L_Trg_Inj 3.1786e-01 (2.9621e-01)	Loss Disc 6.8590e-01 (6.8719e-01)	Loss Pred 5.0291e-01 (5.2102e-01)	Loss TOTAL 8.9605e-01 (9.2025e-01)
Epoch: [35][470/497]	L_Src_Sup 1.8698e-01 (2.0364e-01)	L_Trg_Inj 2.6612e-01 (2.9658e-01)	Loss Disc 6.9175e-01 (6.8717e-01)	Loss Pred 5.1557e-01 (5.2083e-01)	Loss TOTAL 9.0675e-01 (9.1987e-01)
Epoch: [35][480/497]	L_Src_Sup 2.1393e-01 (2.0374e-01)	L_Trg_Inj 2.4823e-01 (2.9567e-01)	Loss Disc 6.9013e-01 (6.8719e-01)	Loss Pred 5.4111e-01 (5.2076e-01)	Loss TOTAL 9.3239e-01 (9.2007e-01)
Epoch: [35][490/497]	L_Src_Sup 2.8377e-01 (2.0443e-01)	L_Trg_Inj 4.0798e-01 (2.9730e-01)	Loss Disc 6.8758e-01 (6.8717e-01)	Loss Pred 5.2245e-01 (5.2065e-01)	Loss TOTAL 9.3542e-01 (9.2019e-01)
Epoch: [35][497/497]	L_Src_Sup 2.4146e-01 (2.0437e-01)	L_Trg_Inj 2.4920e-01 (2.9790e-01)	Loss Disc 6.8809e-01 (6.8720e-01)	Loss Pred 5.0940e-01 (5.2093e-01)	Loss TOTAL 9.0251e-01 (9.2047e-01)
Epoch 35 complete. Saving model state...
Epoch: [36][ 10/497]	L_Src_Sup 7.2923e-02 (2.0424e-01)	L_Trg_Inj 3.1228e-01 (3.3709e-01)	Loss Disc 6.8566e-01 (6.8692e-01)	Loss Pred 4.9688e-01 (5.1024e-01)	Loss TOTAL 8.7823e-01 (9.1178e-01)
Epoch: [36][ 20/497]	L_Src_Sup 1.8532e-01 (1.8600e-01)	L_Trg_Inj 2.2679e-01 (3.2745e-01)	Loss Disc 6.9223e-01 (6.8763e-01)	Loss Pred 5.0915e-01 (5.2364e-01)	Loss TOTAL 8.9648e-01 (9.2077e-01)
Epoch: [36][ 30/497]	L_Src_Sup 1.5806e-01 (1.8872e-01)	L_Trg_Inj 3.1907e-01 (3.1984e-01)	Loss Disc 6.8373e-01 (6.8798e-01)	Loss Pred 4.7141e-01 (5.2159e-01)	Loss TOTAL 8.6099e-01 (9.1891e-01)
Epoch: [36][ 40/497]	L_Src_Sup 2.2304e-01 (1.9204e-01)	L_Trg_Inj 3.8283e-01 (3.1899e-01)	Loss Disc 6.8598e-01 (6.8769e-01)	Loss Pred 5.0928e-01 (5.2077e-01)	Loss TOTAL 9.1285e-01 (9.1933e-01)
Epoch: [36][ 50/497]	L_Src_Sup 1.8950e-01 (1.9230e-01)	L_Trg_Inj 3.2841e-01 (3.2549e-01)	Loss Disc 6.9202e-01 (6.8802e-01)	Loss Pred 5.9144e-01 (5.2466e-01)	Loss TOTAL 9.8924e-01 (9.2359e-01)
Epoch: [36][ 60/497]	L_Src_Sup 1.7159e-01 (1.9476e-01)	L_Trg_Inj 2.7371e-01 (3.2269e-01)	Loss Disc 6.8532e-01 (6.8786e-01)	Loss Pred 5.2829e-01 (5.2423e-01)	Loss TOTAL 9.1548e-01 (9.2252e-01)
Epoch: [36][ 70/497]	L_Src_Sup 1.2785e-01 (1.9296e-01)	L_Trg_Inj 2.1002e-01 (3.1089e-01)	Loss Disc 6.8487e-01 (6.8782e-01)	Loss Pred 4.9677e-01 (5.2419e-01)	Loss TOTAL 8.7298e-01 (9.2204e-01)
Epoch: [36][ 80/497]	L_Src_Sup 2.9107e-01 (1.9381e-01)	L_Trg_Inj 2.6037e-01 (3.0484e-01)	Loss Disc 6.8722e-01 (6.8802e-01)	Loss Pred 4.9657e-01 (5.2469e-01)	Loss TOTAL 9.2602e-01 (9.2221e-01)
Epoch: [36][ 90/497]	L_Src_Sup 1.6497e-01 (1.9508e-01)	L_Trg_Inj 3.9531e-01 (3.0247e-01)	Loss Disc 6.8558e-01 (6.8801e-01)	Loss Pred 4.9678e-01 (5.2343e-01)	Loss TOTAL 8.9560e-01 (9.2155e-01)
Epoch: [36][100/497]	L_Src_Sup 2.4549e-01 (1.9904e-01)	L_Trg_Inj 2.9620e-01 (3.0302e-01)	Loss Disc 6.8450e-01 (6.8779e-01)	Loss Pred 5.2181e-01 (5.2265e-01)	Loss TOTAL 9.1823e-01 (9.2068e-01)
Epoch: [36][110/497]	L_Src_Sup 2.0379e-01 (1.9853e-01)	L_Trg_Inj 3.1114e-01 (3.0112e-01)	Loss Disc 6.8769e-01 (6.8759e-01)	Loss Pred 5.0943e-01 (5.2036e-01)	Loss TOTAL 9.0477e-01 (9.1803e-01)
Epoch: [36][120/497]	L_Src_Sup 2.8581e-01 (2.0016e-01)	L_Trg_Inj 2.3312e-01 (2.9872e-01)	Loss Disc 6.9417e-01 (6.8784e-01)	Loss Pred 5.8226e-01 (5.2063e-01)	Loss TOTAL 1.0339e+00 (9.1879e-01)
Epoch: [36][130/497]	L_Src_Sup 2.4963e-01 (2.0082e-01)	L_Trg_Inj 3.0029e-01 (2.9990e-01)	Loss Disc 6.9311e-01 (6.8822e-01)	Loss Pred 5.0933e-01 (5.1994e-01)	Loss TOTAL 9.1087e-01 (9.1833e-01)
Epoch: [36][140/497]	L_Src_Sup 2.4533e-01 (1.9969e-01)	L_Trg_Inj 3.0297e-01 (3.0059e-01)	Loss Disc 6.9310e-01 (6.8857e-01)	Loss Pred 5.2195e-01 (5.2011e-01)	Loss TOTAL 9.2333e-01 (9.1871e-01)
Epoch: [36][150/497]	L_Src_Sup 1.7040e-01 (2.0008e-01)	L_Trg_Inj 3.3105e-01 (3.0250e-01)	Loss Disc 6.9323e-01 (6.8888e-01)	Loss Pred 5.3447e-01 (5.2100e-01)	Loss TOTAL 9.3123e-01 (9.1974e-01)
Epoch: [36][160/497]	L_Src_Sup 2.2746e-01 (1.9944e-01)	L_Trg_Inj 3.2025e-01 (3.0267e-01)	Loss Disc 6.9218e-01 (6.8914e-01)	Loss Pred 5.2183e-01 (5.2172e-01)	Loss TOTAL 9.2269e-01 (9.2036e-01)
Epoch: [36][170/497]	L_Src_Sup 1.7480e-01 (1.9953e-01)	L_Trg_Inj 3.7456e-01 (3.0232e-01)	Loss Disc 6.8803e-01 (6.8920e-01)	Loss Pred 5.4092e-01 (5.2170e-01)	Loss TOTAL 9.3987e-01 (9.2011e-01)
Epoch: [36][180/497]	L_Src_Sup 2.1594e-01 (2.0044e-01)	L_Trg_Inj 3.0679e-01 (2.9948e-01)	Loss Disc 6.8944e-01 (6.8916e-01)	Loss Pred 5.4714e-01 (5.2168e-01)	Loss TOTAL 9.4414e-01 (9.2057e-01)
Epoch: [36][190/497]	L_Src_Sup 1.1539e-01 (1.9944e-01)	L_Trg_Inj 2.9646e-01 (2.9949e-01)	Loss Disc 6.8464e-01 (6.8895e-01)	Loss Pred 5.3493e-01 (5.2142e-01)	Loss TOTAL 9.1843e-01 (9.1989e-01)
Epoch: [36][200/497]	L_Src_Sup 1.6361e-01 (1.9950e-01)	L_Trg_Inj 2.0739e-01 (2.9720e-01)	Loss Disc 6.8880e-01 (6.8888e-01)	Loss Pred 4.9649e-01 (5.2126e-01)	Loss TOTAL 8.7799e-01 (9.1985e-01)
Epoch: [36][210/497]	L_Src_Sup 1.2636e-01 (1.9844e-01)	L_Trg_Inj 3.0258e-01 (2.9541e-01)	Loss Disc 6.9624e-01 (6.8875e-01)	Loss Pred 5.9168e-01 (5.2094e-01)	Loss TOTAL 9.8270e-01 (9.1922e-01)
Epoch: [36][220/497]	L_Src_Sup 1.9789e-01 (1.9954e-01)	L_Trg_Inj 4.3103e-01 (2.9671e-01)	Loss Disc 6.9326e-01 (6.8899e-01)	Loss Pred 5.4708e-01 (5.2152e-01)	Loss TOTAL 9.5660e-01 (9.2024e-01)
Epoch: [36][230/497]	L_Src_Sup 7.2750e-02 (1.9965e-01)	L_Trg_Inj 3.6665e-01 (2.9966e-01)	Loss Disc 6.9288e-01 (6.8916e-01)	Loss Pred 4.9796e-01 (5.2078e-01)	Loss TOTAL 8.8834e-01 (9.1983e-01)
Epoch: [36][240/497]	L_Src_Sup 1.5836e-01 (2.0131e-01)	L_Trg_Inj 3.3328e-01 (3.0132e-01)	Loss Disc 6.9206e-01 (6.8931e-01)	Loss Pred 4.7126e-01 (5.2041e-01)	Loss TOTAL 8.6646e-01 (9.1987e-01)
Epoch: [36][250/497]	L_Src_Sup 2.0267e-01 (2.0098e-01)	L_Trg_Inj 2.8679e-01 (3.0125e-01)	Loss Disc 6.9164e-01 (6.8945e-01)	Loss Pred 5.0294e-01 (5.2052e-01)	Loss TOTAL 8.9770e-01 (9.1983e-01)
Epoch: [36][260/497]	L_Src_Sup 2.1628e-01 (2.0078e-01)	L_Trg_Inj 2.9074e-01 (3.0076e-01)	Loss Disc 6.7834e-01 (6.8920e-01)	Loss Pred 4.9028e-01 (5.2033e-01)	Loss TOTAL 8.8016e-01 (9.1951e-01)
Epoch: [36][270/497]	L_Src_Sup 1.8875e-01 (1.9989e-01)	L_Trg_Inj 2.4495e-01 (3.0029e-01)	Loss Disc 6.6921e-01 (6.8860e-01)	Loss Pred 5.2203e-01 (5.1999e-01)	Loss TOTAL 9.0000e-01 (9.1857e-01)
Epoch: [36][280/497]	L_Src_Sup 1.2967e-01 (1.9881e-01)	L_Trg_Inj 3.5382e-01 (3.0018e-01)	Loss Disc 6.6743e-01 (6.8790e-01)	Loss Pred 5.0932e-01 (5.1964e-01)	Loss TOTAL 8.9139e-01 (9.1772e-01)
Epoch: [36][290/497]	L_Src_Sup 1.7479e-01 (1.9859e-01)	L_Trg_Inj 2.7774e-01 (2.9967e-01)	Loss Disc 6.6030e-01 (6.8705e-01)	Loss Pred 5.5810e-01 (5.1993e-01)	Loss TOTAL 9.3350e-01 (9.1763e-01)
Epoch: [36][300/497]	L_Src_Sup 1.8182e-01 (2.0039e-01)	L_Trg_Inj 3.2347e-01 (2.9970e-01)	Loss Disc 6.5322e-01 (6.8616e-01)	Loss Pred 5.6605e-01 (5.2033e-01)	Loss TOTAL 9.4319e-01 (9.1804e-01)
Epoch: [36][310/497]	L_Src_Sup 2.0609e-01 (2.0190e-01)	L_Trg_Inj 2.9873e-01 (3.0062e-01)	Loss Disc 7.1696e-01 (6.8573e-01)	Loss Pred 5.5354e-01 (5.2047e-01)	Loss TOTAL 9.6250e-01 (9.1822e-01)
Epoch: [36][320/497]	L_Src_Sup 2.4020e-01 (2.0120e-01)	L_Trg_Inj 2.6280e-01 (3.0112e-01)	Loss Disc 6.9711e-01 (6.8652e-01)	Loss Pred 5.6312e-01 (5.2063e-01)	Loss TOTAL 9.6198e-01 (9.1860e-01)
Epoch: [36][330/497]	L_Src_Sup 1.5109e-01 (2.0107e-01)	L_Trg_Inj 3.3529e-01 (3.0219e-01)	Loss Disc 6.9349e-01 (6.8706e-01)	Loss Pred 5.2314e-01 (5.2039e-01)	Loss TOTAL 9.1852e-01 (9.1860e-01)
Epoch: [36][340/497]	L_Src_Sup 1.9059e-01 (2.0095e-01)	L_Trg_Inj 2.1520e-01 (3.0110e-01)	Loss Disc 6.9333e-01 (6.8725e-01)	Loss Pred 5.2841e-01 (5.2015e-01)	Loss TOTAL 9.1565e-01 (9.1820e-01)
Epoch: [36][350/497]	L_Src_Sup 1.9174e-01 (2.0043e-01)	L_Trg_Inj 2.8263e-01 (2.9971e-01)	Loss Disc 6.9332e-01 (6.8743e-01)	Loss Pred 5.2812e-01 (5.2041e-01)	Loss TOTAL 9.2222e-01 (9.1824e-01)
Epoch: [36][360/497]	L_Src_Sup 1.2618e-01 (2.0014e-01)	L_Trg_Inj 1.4776e-01 (2.9725e-01)	Loss Disc 6.9311e-01 (6.8758e-01)	Loss Pred 4.9033e-01 (5.2064e-01)	Loss TOTAL 8.6428e-01 (9.1865e-01)
Epoch: [36][370/497]	L_Src_Sup 3.2915e-01 (2.0247e-01)	L_Trg_Inj 2.5443e-01 (2.9800e-01)	Loss Disc 6.9300e-01 (6.8773e-01)	Loss Pred 5.4099e-01 (5.2053e-01)	Loss TOTAL 1.0206e+00 (9.1935e-01)
Epoch: [36][380/497]	L_Src_Sup 2.8714e-01 (2.0327e-01)	L_Trg_Inj 2.8837e-01 (2.9863e-01)	Loss Disc 6.7724e-01 (6.8777e-01)	Loss Pred 5.7251e-01 (5.2029e-01)	Loss TOTAL 9.6869e-01 (9.1922e-01)
Epoch: [36][390/497]	L_Src_Sup 1.0431e-01 (2.0287e-01)	L_Trg_Inj 2.7618e-01 (2.9899e-01)	Loss Disc 6.9249e-01 (6.8795e-01)	Loss Pred 5.5360e-01 (5.2019e-01)	Loss TOTAL 9.3790e-01 (9.1918e-01)
Epoch: [36][400/497]	L_Src_Sup 2.2032e-01 (2.0303e-01)	L_Trg_Inj 2.5029e-01 (2.9979e-01)	Loss Disc 6.9161e-01 (6.8806e-01)	Loss Pred 5.0287e-01 (5.2024e-01)	Loss TOTAL 8.9574e-01 (9.1934e-01)
Epoch: [36][410/497]	L_Src_Sup 2.7644e-01 (2.0344e-01)	L_Trg_Inj 3.9156e-01 (3.0060e-01)	Loss Disc 6.8969e-01 (6.8813e-01)	Loss Pred 5.3463e-01 (5.2074e-01)	Loss TOTAL 9.4627e-01 (9.1999e-01)
Epoch: [36][420/497]	L_Src_Sup 1.5688e-01 (2.0363e-01)	L_Trg_Inj 2.8610e-01 (3.0151e-01)	Loss Disc 6.9183e-01 (6.8815e-01)	Loss Pred 5.4705e-01 (5.2086e-01)	Loss TOTAL 9.3727e-01 (9.2012e-01)
Epoch: [36][430/497]	L_Src_Sup 1.7863e-01 (2.0321e-01)	L_Trg_Inj 3.6674e-01 (3.0253e-01)	Loss Disc 6.8470e-01 (6.8812e-01)	Loss Pred 4.8389e-01 (5.2087e-01)	Loss TOTAL 8.8077e-01 (9.2023e-01)
Epoch: [36][440/497]	L_Src_Sup 1.6516e-01 (2.0291e-01)	L_Trg_Inj 3.6099e-01 (3.0314e-01)	Loss Disc 6.8739e-01 (6.8813e-01)	Loss Pred 5.0297e-01 (5.2082e-01)	Loss TOTAL 8.9928e-01 (9.2011e-01)
Epoch: [36][450/497]	L_Src_Sup 2.5696e-01 (2.0270e-01)	L_Trg_Inj 2.8384e-01 (3.0383e-01)	Loss Disc 6.8503e-01 (6.8807e-01)	Loss Pred 5.0284e-01 (5.2090e-01)	Loss TOTAL 8.9943e-01 (9.2011e-01)
Epoch: [36][460/497]	L_Src_Sup 1.9131e-01 (2.0261e-01)	L_Trg_Inj 3.2219e-01 (3.0404e-01)	Loss Disc 6.8201e-01 (6.8805e-01)	Loss Pred 4.6523e-01 (5.2068e-01)	Loss TOTAL 8.5759e-01 (9.1987e-01)
Epoch: [36][470/497]	L_Src_Sup 1.6828e-01 (2.0217e-01)	L_Trg_Inj 2.5723e-01 (3.0381e-01)	Loss Disc 6.8968e-01 (6.8802e-01)	Loss Pred 5.1553e-01 (5.2077e-01)	Loss TOTAL 9.0292e-01 (9.1978e-01)
Epoch: [36][480/497]	L_Src_Sup 2.5253e-01 (2.0230e-01)	L_Trg_Inj 2.6678e-01 (3.0324e-01)	Loss Disc 6.8998e-01 (6.8801e-01)	Loss Pred 5.4084e-01 (5.2089e-01)	Loss TOTAL 9.3776e-01 (9.1980e-01)
Epoch: [36][490/497]	L_Src_Sup 2.1573e-01 (2.0209e-01)	L_Trg_Inj 2.9014e-01 (3.0250e-01)	Loss Disc 6.9277e-01 (6.8799e-01)	Loss Pred 5.4709e-01 (5.2075e-01)	Loss TOTAL 9.4406e-01 (9.1958e-01)
Epoch: [36][497/497]	L_Src_Sup 1.3724e-01 (2.0225e-01)	L_Trg_Inj 2.8636e-01 (3.0214e-01)	Loss Disc 6.9172e-01 (6.8799e-01)	Loss Pred 5.4898e-01 (5.2078e-01)	Loss TOTAL 9.3720e-01 (9.1972e-01)
Epoch 36 complete. Saving model state...
Epoch: [37][ 10/497]	L_Src_Sup 2.0366e-01 (1.9087e-01)	L_Trg_Inj 2.9359e-01 (2.8279e-01)	Loss Disc 6.8179e-01 (6.8663e-01)	Loss Pred 5.0925e-01 (5.2659e-01)	Loss TOTAL 8.9987e-01 (9.1950e-01)
Epoch: [37][ 20/497]	L_Src_Sup 1.1765e-01 (1.9324e-01)	L_Trg_Inj 3.3412e-01 (3.0281e-01)	Loss Disc 6.8615e-01 (6.8666e-01)	Loss Pred 5.4717e-01 (5.2400e-01)	Loss TOTAL 9.3543e-01 (9.2061e-01)
Epoch: [37][ 30/497]	L_Src_Sup 2.6550e-01 (1.9276e-01)	L_Trg_Inj 2.4114e-01 (3.0804e-01)	Loss Disc 6.9001e-01 (6.8610e-01)	Loss Pred 4.7759e-01 (5.2121e-01)	Loss TOTAL 8.9763e-01 (9.1783e-01)
Epoch: [37][ 40/497]	L_Src_Sup 2.5004e-01 (1.9078e-01)	L_Trg_Inj 1.5661e-01 (3.0041e-01)	Loss Disc 6.9256e-01 (6.8629e-01)	Loss Pred 5.3481e-01 (5.2208e-01)	Loss TOTAL 1.0152e+00 (9.1929e-01)
Epoch: [37][ 50/497]	L_Src_Sup 4.0426e-01 (2.0260e-01)	L_Trg_Inj 3.3901e-01 (3.0188e-01)	Loss Disc 6.8774e-01 (6.8649e-01)	Loss Pred 5.3440e-01 (5.2249e-01)	Loss TOTAL 1.0178e+00 (9.2289e-01)
Epoch: [37][ 60/497]	L_Src_Sup 2.0815e-01 (2.0238e-01)	L_Trg_Inj 3.5200e-01 (3.0467e-01)	Loss Disc 6.8676e-01 (6.8681e-01)	Loss Pred 5.2333e-01 (5.2377e-01)	Loss TOTAL 9.2273e-01 (9.2498e-01)
Epoch: [37][ 70/497]	L_Src_Sup 1.5103e-01 (2.0524e-01)	L_Trg_Inj 3.5837e-01 (3.0883e-01)	Loss Disc 6.8405e-01 (6.8688e-01)	Loss Pred 5.2181e-01 (5.2424e-01)	Loss TOTAL 9.1477e-01 (9.2564e-01)
Epoch: [37][ 80/497]	L_Src_Sup 2.1785e-01 (2.0441e-01)	L_Trg_Inj 3.9178e-01 (3.1170e-01)	Loss Disc 6.8756e-01 (6.8694e-01)	Loss Pred 5.5356e-01 (5.2489e-01)	Loss TOTAL 9.5830e-01 (9.2574e-01)
Epoch: [37][ 90/497]	L_Src_Sup 2.1786e-01 (2.0194e-01)	L_Trg_Inj 3.4044e-01 (3.1494e-01)	Loss Disc 6.8912e-01 (6.8706e-01)	Loss Pred 5.5343e-01 (5.2592e-01)	Loss TOTAL 9.5381e-01 (9.2626e-01)
Epoch: [37][100/497]	L_Src_Sup 2.7282e-01 (2.0413e-01)	L_Trg_Inj 3.5759e-01 (3.1613e-01)	Loss Disc 6.7985e-01 (6.8677e-01)	Loss Pred 4.9662e-01 (5.2339e-01)	Loss TOTAL 8.9959e-01 (9.2342e-01)
Epoch: [37][110/497]	L_Src_Sup 1.9612e-01 (2.0119e-01)	L_Trg_Inj 2.6612e-01 (3.1122e-01)	Loss Disc 6.8826e-01 (6.8680e-01)	Loss Pred 5.4728e-01 (5.2339e-01)	Loss TOTAL 9.3764e-01 (9.2232e-01)
Epoch: [37][120/497]	L_Src_Sup 1.8934e-01 (2.0094e-01)	L_Trg_Inj 3.1297e-01 (3.0896e-01)	Loss Disc 6.8796e-01 (6.8692e-01)	Loss Pred 5.2199e-01 (5.2295e-01)	Loss TOTAL 9.1620e-01 (9.2166e-01)
Epoch: [37][130/497]	L_Src_Sup 2.5745e-01 (2.0095e-01)	L_Trg_Inj 1.9637e-01 (3.0544e-01)	Loss Disc 6.9159e-01 (6.8689e-01)	Loss Pred 5.5406e-01 (5.2225e-01)	Loss TOTAL 1.0063e+00 (9.2074e-01)
Epoch: [37][140/497]	L_Src_Sup 1.8869e-01 (2.0253e-01)	L_Trg_Inj 3.0184e-01 (3.0506e-01)	Loss Disc 6.8704e-01 (6.8692e-01)	Loss Pred 5.2202e-01 (5.2096e-01)	Loss TOTAL 9.1459e-01 (9.2002e-01)
Epoch: [37][150/497]	L_Src_Sup 2.2020e-01 (2.0388e-01)	L_Trg_Inj 2.2926e-01 (3.0401e-01)	Loss Disc 6.8937e-01 (6.8706e-01)	Loss Pred 5.0286e-01 (5.2166e-01)	Loss TOTAL 8.9250e-01 (9.2071e-01)
Epoch: [37][160/497]	L_Src_Sup 1.3914e-01 (2.0282e-01)	L_Trg_Inj 2.6108e-01 (3.0246e-01)	Loss Disc 6.8709e-01 (6.8704e-01)	Loss Pred 4.6494e-01 (5.2116e-01)	Loss TOTAL 8.4850e-01 (9.1965e-01)
Epoch: [37][170/497]	L_Src_Sup 2.8080e-01 (2.0267e-01)	L_Trg_Inj 2.9099e-01 (3.0096e-01)	Loss Disc 6.7871e-01 (6.8702e-01)	Loss Pred 4.8538e-01 (5.2151e-01)	Loss TOTAL 8.8191e-01 (9.1979e-01)
Epoch: [37][180/497]	L_Src_Sup 3.3345e-01 (2.0229e-01)	L_Trg_Inj 3.7889e-01 (3.0120e-01)	Loss Disc 6.8384e-01 (6.8700e-01)	Loss Pred 5.4718e-01 (5.2223e-01)	Loss TOTAL 9.6033e-01 (9.2023e-01)
Epoch: [37][190/497]	L_Src_Sup 2.6014e-01 (2.0286e-01)	L_Trg_Inj 3.8750e-01 (3.0495e-01)	Loss Disc 6.9133e-01 (6.8704e-01)	Loss Pred 5.6011e-01 (5.2242e-01)	Loss TOTAL 9.7054e-01 (9.2069e-01)
Epoch: [37][200/497]	L_Src_Sup 2.1715e-01 (2.0442e-01)	L_Trg_Inj 4.5754e-01 (3.1000e-01)	Loss Disc 6.7213e-01 (6.8684e-01)	Loss Pred 5.2857e-01 (5.2164e-01)	Loss TOTAL 9.3211e-01 (9.2027e-01)
Epoch: [37][210/497]	L_Src_Sup 2.0222e-01 (2.0453e-01)	L_Trg_Inj 3.6321e-01 (3.1248e-01)	Loss Disc 6.6181e-01 (6.8604e-01)	Loss Pred 5.6661e-01 (5.2128e-01)	Loss TOTAL 9.5406e-01 (9.1959e-01)
Epoch: [37][220/497]	L_Src_Sup 1.4011e-01 (2.0458e-01)	L_Trg_Inj 1.4410e-01 (3.1314e-01)	Loss Disc 6.9122e-01 (6.8525e-01)	Loss Pred 5.6011e-01 (5.2193e-01)	Loss TOTAL 9.3414e-01 (9.1975e-01)
Epoch: [37][230/497]	L_Src_Sup 3.5282e-01 (2.0549e-01)	L_Trg_Inj 4.3070e-01 (3.1189e-01)	Loss Disc 6.8163e-01 (6.8549e-01)	Loss Pred 5.4707e-01 (5.2152e-01)	Loss TOTAL 9.6624e-01 (9.1994e-01)
Epoch: [37][240/497]	L_Src_Sup 1.8990e-01 (2.0607e-01)	L_Trg_Inj 3.2236e-01 (3.1067e-01)	Loss Disc 6.8562e-01 (6.8558e-01)	Loss Pred 5.3112e-01 (5.2158e-01)	Loss TOTAL 9.2515e-01 (9.2021e-01)
Epoch: [37][250/497]	L_Src_Sup 1.6677e-01 (2.0520e-01)	L_Trg_Inj 2.4005e-01 (3.1040e-01)	Loss Disc 6.8955e-01 (6.8560e-01)	Loss Pred 5.0933e-01 (5.2086e-01)	Loss TOTAL 8.9479e-01 (9.1922e-01)
Epoch: [37][260/497]	L_Src_Sup 1.1579e-01 (2.0391e-01)	L_Trg_Inj 2.9221e-01 (3.0970e-01)	Loss Disc 6.8550e-01 (6.8561e-01)	Loss Pred 5.2260e-01 (5.2050e-01)	Loss TOTAL 9.0615e-01 (9.1850e-01)
Epoch: [37][270/497]	L_Src_Sup 1.4829e-01 (2.0248e-01)	L_Trg_Inj 2.1111e-01 (3.0750e-01)	Loss Disc 6.9153e-01 (6.8572e-01)	Loss Pred 5.0915e-01 (5.2062e-01)	Loss TOTAL 8.9086e-01 (9.1822e-01)
Epoch: [37][280/497]	L_Src_Sup 2.6182e-01 (2.0226e-01)	L_Trg_Inj 2.8598e-01 (3.0605e-01)	Loss Disc 6.8306e-01 (6.8579e-01)	Loss Pred 5.1550e-01 (5.2084e-01)	Loss TOTAL 9.1181e-01 (9.1852e-01)
Epoch: [37][290/497]	L_Src_Sup 1.8188e-01 (2.0199e-01)	L_Trg_Inj 2.7410e-01 (3.0417e-01)	Loss Disc 6.8648e-01 (6.8585e-01)	Loss Pred 5.1755e-01 (5.2087e-01)	Loss TOTAL 9.0639e-01 (9.1838e-01)
Epoch: [37][300/497]	L_Src_Sup 2.2651e-01 (2.0280e-01)	L_Trg_Inj 2.0466e-01 (3.0335e-01)	Loss Disc 6.8395e-01 (6.8587e-01)	Loss Pred 5.2181e-01 (5.2127e-01)	Loss TOTAL 9.2876e-01 (9.1894e-01)
Epoch: [37][310/497]	L_Src_Sup 1.4870e-01 (2.0249e-01)	L_Trg_Inj 2.8251e-01 (3.0168e-01)	Loss Disc 6.8462e-01 (6.8593e-01)	Loss Pred 5.1715e-01 (5.2154e-01)	Loss TOTAL 9.0258e-01 (9.1916e-01)
Epoch: [37][320/497]	L_Src_Sup 2.4091e-01 (2.0205e-01)	L_Trg_Inj 2.0295e-01 (3.0054e-01)	Loss Disc 6.8935e-01 (6.8594e-01)	Loss Pred 5.0938e-01 (5.2084e-01)	Loss TOTAL 9.3640e-01 (9.1830e-01)
Epoch: [37][330/497]	L_Src_Sup 1.1654e-01 (2.0173e-01)	L_Trg_Inj 2.5808e-01 (3.0011e-01)	Loss Disc 6.9604e-01 (6.8601e-01)	Loss Pred 5.4069e-01 (5.2150e-01)	Loss TOTAL 9.2617e-01 (9.1881e-01)
Epoch: [37][340/497]	L_Src_Sup 2.0374e-01 (2.0140e-01)	L_Trg_Inj 3.2263e-01 (2.9950e-01)	Loss Disc 6.8392e-01 (6.8605e-01)	Loss Pred 5.0936e-01 (5.2166e-01)	Loss TOTAL 9.0396e-01 (9.1895e-01)
Epoch: [37][350/497]	L_Src_Sup 2.3087e-01 (2.0153e-01)	L_Trg_Inj 2.8141e-01 (2.9930e-01)	Loss Disc 6.8909e-01 (6.8602e-01)	Loss Pred 5.3471e-01 (5.2142e-01)	Loss TOTAL 9.3048e-01 (9.1857e-01)
Epoch: [37][360/497]	L_Src_Sup 2.8612e-01 (2.0144e-01)	L_Trg_Inj 2.9906e-01 (2.9855e-01)	Loss Disc 6.8783e-01 (6.8602e-01)	Loss Pred 5.2806e-01 (5.2162e-01)	Loss TOTAL 9.3049e-01 (9.1883e-01)
Epoch: [37][370/497]	L_Src_Sup 1.5387e-01 (2.0138e-01)	L_Trg_Inj 3.3051e-01 (2.9830e-01)	Loss Disc 6.8814e-01 (6.8600e-01)	Loss Pred 5.3468e-01 (5.2110e-01)	Loss TOTAL 9.2719e-01 (9.1833e-01)
Epoch: [37][380/497]	L_Src_Sup 2.3394e-01 (2.0172e-01)	L_Trg_Inj 3.5907e-01 (2.9866e-01)	Loss Disc 6.8981e-01 (6.8602e-01)	Loss Pred 5.4092e-01 (5.2109e-01)	Loss TOTAL 9.4513e-01 (9.1830e-01)
Epoch: [37][390/497]	L_Src_Sup 1.7152e-01 (2.0142e-01)	L_Trg_Inj 3.7697e-01 (2.9867e-01)	Loss Disc 6.8583e-01 (6.8608e-01)	Loss Pred 5.2841e-01 (5.2098e-01)	Loss TOTAL 9.2617e-01 (9.1809e-01)
Epoch: [37][400/497]	L_Src_Sup 1.4813e-01 (2.0150e-01)	L_Trg_Inj 2.8509e-01 (2.9828e-01)	Loss Disc 6.9012e-01 (6.8608e-01)	Loss Pred 5.9144e-01 (5.2088e-01)	Loss TOTAL 9.7982e-01 (9.1788e-01)
Epoch: [37][410/497]	L_Src_Sup 2.1958e-01 (2.0109e-01)	L_Trg_Inj 2.0051e-01 (2.9668e-01)	Loss Disc 6.8997e-01 (6.8616e-01)	Loss Pred 4.9046e-01 (5.2081e-01)	Loss TOTAL 8.9653e-01 (9.1769e-01)
Epoch: [37][420/497]	L_Src_Sup 1.8703e-01 (2.0088e-01)	L_Trg_Inj 3.1098e-01 (2.9551e-01)	Loss Disc 6.9128e-01 (6.8628e-01)	Loss Pred 5.1593e-01 (5.2084e-01)	Loss TOTAL 9.1137e-01 (9.1795e-01)
Epoch: [37][430/497]	L_Src_Sup 1.6305e-01 (2.0066e-01)	L_Trg_Inj 3.2716e-01 (2.9448e-01)	Loss Disc 6.8590e-01 (6.8639e-01)	Loss Pred 4.9030e-01 (5.2111e-01)	Loss TOTAL 8.8227e-01 (9.1896e-01)
Epoch: [37][440/497]	L_Src_Sup 1.9616e-01 (2.0055e-01)	L_Trg_Inj 3.1840e-01 (2.9426e-01)	Loss Disc 6.9068e-01 (6.8642e-01)	Loss Pred 5.4720e-01 (5.2120e-01)	Loss TOTAL 9.4400e-01 (9.1892e-01)
Epoch: [37][450/497]	L_Src_Sup 2.6647e-01 (2.0044e-01)	L_Trg_Inj 1.6330e-01 (2.9329e-01)	Loss Disc 6.9434e-01 (6.8651e-01)	Loss Pred 5.6621e-01 (5.2132e-01)	Loss TOTAL 1.0595e+00 (9.1917e-01)
Epoch: [37][460/497]	L_Src_Sup 2.0413e-01 (2.0094e-01)	L_Trg_Inj 2.6361e-01 (2.9270e-01)	Loss Disc 6.8305e-01 (6.8657e-01)	Loss Pred 5.0301e-01 (5.2098e-01)	Loss TOTAL 8.9131e-01 (9.1897e-01)
Epoch: [37][470/497]	L_Src_Sup 1.1161e-01 (2.0135e-01)	L_Trg_Inj 3.5810e-01 (2.9220e-01)	Loss Disc 6.8777e-01 (6.8654e-01)	Loss Pred 5.0967e-01 (5.2077e-01)	Loss TOTAL 9.0052e-01 (9.1894e-01)
Epoch: [37][480/497]	L_Src_Sup 2.2229e-01 (2.0168e-01)	L_Trg_Inj 2.6857e-01 (2.9259e-01)	Loss Disc 6.8678e-01 (6.8653e-01)	Loss Pred 5.0911e-01 (5.2055e-01)	Loss TOTAL 9.0159e-01 (9.1869e-01)
Epoch: [37][490/497]	L_Src_Sup 1.2134e-01 (2.0142e-01)	L_Trg_Inj 3.2803e-01 (2.9292e-01)	Loss Disc 6.9357e-01 (6.8660e-01)	Loss Pred 5.6608e-01 (5.2063e-01)	Loss TOTAL 9.5780e-01 (9.1870e-01)
Epoch: [37][497/497]	L_Src_Sup 2.3871e-01 (2.0143e-01)	L_Trg_Inj 3.0642e-01 (2.9304e-01)	Loss Disc 6.9242e-01 (6.8669e-01)	Loss Pred 5.0294e-01 (5.2055e-01)	Loss TOTAL 9.0366e-01 (9.1862e-01)
Epoch 37 complete. Saving model state...
Epoch: [38][ 10/497]	L_Src_Sup 1.6668e-01 (1.8593e-01)	L_Trg_Inj 2.0124e-01 (2.9763e-01)	Loss Disc 6.9297e-01 (6.9300e-01)	Loss Pred 5.0918e-01 (5.2505e-01)	Loss TOTAL 8.9246e-01 (9.1990e-01)
Epoch: [38][ 20/497]	L_Src_Sup 1.7454e-01 (1.9133e-01)	L_Trg_Inj 2.7027e-01 (2.8359e-01)	Loss Disc 6.9292e-01 (6.9301e-01)	Loss Pred 5.4092e-01 (5.2623e-01)	Loss TOTAL 9.3186e-01 (9.2688e-01)
Epoch: [38][ 30/497]	L_Src_Sup 2.0775e-01 (1.9175e-01)	L_Trg_Inj 1.9905e-01 (2.7921e-01)	Loss Disc 6.9335e-01 (6.9299e-01)	Loss Pred 5.1559e-01 (5.2529e-01)	Loss TOTAL 9.1164e-01 (9.2781e-01)
Epoch: [38][ 40/497]	L_Src_Sup 2.1801e-01 (1.9389e-01)	L_Trg_Inj 3.0078e-01 (2.8266e-01)	Loss Disc 6.9299e-01 (6.9296e-01)	Loss Pred 5.7135e-01 (5.2317e-01)	Loss TOTAL 9.6972e-01 (9.2400e-01)
Epoch: [38][ 50/497]	L_Src_Sup 9.7229e-02 (1.9832e-01)	L_Trg_Inj 1.7975e-01 (2.8103e-01)	Loss Disc 6.9337e-01 (6.9297e-01)	Loss Pred 5.4073e-01 (5.2379e-01)	Loss TOTAL 9.1512e-01 (9.2478e-01)
Epoch: [38][ 60/497]	L_Src_Sup 2.1663e-01 (1.9498e-01)	L_Trg_Inj 1.4795e-01 (2.7542e-01)	Loss Disc 6.9419e-01 (6.9302e-01)	Loss Pred 5.4086e-01 (5.2518e-01)	Loss TOTAL 9.9309e-01 (9.2556e-01)
Epoch: [38][ 70/497]	L_Src_Sup 1.9363e-01 (1.9743e-01)	L_Trg_Inj 9.9529e-02 (2.7191e-01)	Loss Disc 6.9332e-01 (6.9307e-01)	Loss Pred 4.7783e-01 (5.2454e-01)	Loss TOTAL 9.4790e-01 (9.2978e-01)
Epoch: [38][ 80/497]	L_Src_Sup 2.2632e-01 (1.9789e-01)	L_Trg_Inj 2.4352e-01 (2.6765e-01)	Loss Disc 6.9316e-01 (6.9309e-01)	Loss Pred 5.2183e-01 (5.2390e-01)	Loss TOTAL 9.1539e-01 (9.2875e-01)
Epoch: [38][ 90/497]	L_Src_Sup 1.4300e-01 (2.0187e-01)	L_Trg_Inj 5.0608e-01 (2.7256e-01)	Loss Disc 6.9297e-01 (6.9310e-01)	Loss Pred 4.8430e-01 (5.2376e-01)	Loss TOTAL 8.9570e-01 (9.2947e-01)
Epoch: [38][100/497]	L_Src_Sup 2.8634e-01 (2.0342e-01)	L_Trg_Inj 3.1668e-01 (2.7848e-01)	Loss Disc 6.9270e-01 (6.9307e-01)	Loss Pred 5.2815e-01 (5.2253e-01)	Loss TOTAL 9.3481e-01 (9.2782e-01)
Epoch: [38][110/497]	L_Src_Sup 1.7660e-01 (2.0342e-01)	L_Trg_Inj 2.7736e-01 (2.8215e-01)	Loss Disc 6.8172e-01 (6.9279e-01)	Loss Pred 5.4728e-01 (5.2242e-01)	Loss TOTAL 9.3353e-01 (9.2697e-01)
Epoch: [38][120/497]	L_Src_Sup 1.5645e-01 (2.0382e-01)	L_Trg_Inj 2.8685e-01 (2.8465e-01)	Loss Disc 6.9644e-01 (6.9170e-01)	Loss Pred 4.6526e-01 (5.2159e-01)	Loss TOTAL 8.5781e-01 (9.2534e-01)
Epoch: [38][130/497]	L_Src_Sup 3.1534e-01 (2.0503e-01)	L_Trg_Inj 4.2425e-01 (2.8550e-01)	Loss Disc 6.9415e-01 (6.9223e-01)	Loss Pred 5.1068e-01 (5.2073e-01)	Loss TOTAL 9.3171e-01 (9.2436e-01)
Epoch: [38][140/497]	L_Src_Sup 1.9138e-01 (2.0304e-01)	L_Trg_Inj 1.8547e-01 (2.8385e-01)	Loss Disc 6.9321e-01 (6.9229e-01)	Loss Pred 5.2875e-01 (5.2195e-01)	Loss TOTAL 9.1894e-01 (9.2469e-01)
Epoch: [38][150/497]	L_Src_Sup 2.0389e-01 (2.0449e-01)	L_Trg_Inj 2.8372e-01 (2.8284e-01)	Loss Disc 6.9339e-01 (6.9236e-01)	Loss Pred 5.0991e-01 (5.2198e-01)	Loss TOTAL 9.0536e-01 (9.2516e-01)
Epoch: [38][160/497]	L_Src_Sup 1.2752e-01 (2.0382e-01)	L_Trg_Inj 5.2548e-01 (2.8081e-01)	Loss Disc 6.9380e-01 (6.9242e-01)	Loss Pred 4.9723e-01 (5.2122e-01)	Loss TOTAL 9.0942e-01 (9.2498e-01)
Epoch: [38][170/497]	L_Src_Sup 2.4775e-01 (2.0524e-01)	L_Trg_Inj 3.1520e-01 (2.8381e-01)	Loss Disc 6.9319e-01 (6.9247e-01)	Loss Pred 5.2823e-01 (5.2115e-01)	Loss TOTAL 9.3112e-01 (9.2526e-01)
Epoch: [38][180/497]	L_Src_Sup 2.5721e-01 (2.0742e-01)	L_Trg_Inj 4.4823e-01 (2.8596e-01)	Loss Disc 6.9296e-01 (6.9251e-01)	Loss Pred 5.0365e-01 (5.2055e-01)	Loss TOTAL 9.2067e-01 (9.2501e-01)
Epoch: [38][190/497]	L_Src_Sup 2.0375e-01 (2.0732e-01)	L_Trg_Inj 3.0050e-01 (2.8636e-01)	Loss Disc 6.9314e-01 (6.9254e-01)	Loss Pred 5.0936e-01 (5.2023e-01)	Loss TOTAL 9.0636e-01 (9.2430e-01)
Epoch: [38][200/497]	L_Src_Sup 1.9224e-01 (2.0695e-01)	L_Trg_Inj 3.0701e-01 (2.8509e-01)	Loss Disc 6.9029e-01 (6.9251e-01)	Loss Pred 5.0992e-01 (5.1934e-01)	Loss TOTAL 9.0499e-01 (9.2289e-01)
Epoch: [38][210/497]	L_Src_Sup 1.8349e-01 (2.0660e-01)	L_Trg_Inj 3.3911e-01 (2.8662e-01)	Loss Disc 6.8837e-01 (6.9243e-01)	Loss Pred 5.0308e-01 (5.2034e-01)	Loss TOTAL 8.9952e-01 (9.2377e-01)
Epoch: [38][220/497]	L_Src_Sup 1.5125e-01 (2.0668e-01)	L_Trg_Inj 3.0020e-01 (2.8938e-01)	Loss Disc 6.8908e-01 (6.9229e-01)	Loss Pred 5.2175e-01 (5.2005e-01)	Loss TOTAL 9.1143e-01 (9.2370e-01)
Epoch: [38][230/497]	L_Src_Sup 2.2716e-01 (2.0612e-01)	L_Trg_Inj 3.0351e-01 (2.8882e-01)	Loss Disc 6.8880e-01 (6.9212e-01)	Loss Pred 5.2223e-01 (5.1959e-01)	Loss TOTAL 9.1970e-01 (9.2290e-01)
Epoch: [38][240/497]	L_Src_Sup 2.9379e-01 (2.0679e-01)	L_Trg_Inj 1.8302e-01 (2.8940e-01)	Loss Disc 6.8932e-01 (6.9193e-01)	Loss Pred 5.0353e-01 (5.1940e-01)	Loss TOTAL 1.0066e+00 (9.2305e-01)
Epoch: [38][250/497]	L_Src_Sup 1.8484e-01 (2.0746e-01)	L_Trg_Inj 2.6762e-01 (2.9001e-01)	Loss Disc 6.9088e-01 (6.9178e-01)	Loss Pred 5.0935e-01 (5.1923e-01)	Loss TOTAL 9.0003e-01 (9.2272e-01)
Epoch: [38][260/497]	L_Src_Sup 2.0774e-01 (2.0798e-01)	L_Trg_Inj 2.3249e-01 (2.9114e-01)	Loss Disc 6.9012e-01 (6.9158e-01)	Loss Pred 5.2171e-01 (5.1897e-01)	Loss TOTAL 9.1080e-01 (9.2249e-01)
Epoch: [38][270/497]	L_Src_Sup 2.8853e-01 (2.0806e-01)	L_Trg_Inj 2.5857e-01 (2.9062e-01)	Loss Disc 6.8636e-01 (6.9140e-01)	Loss Pred 5.3492e-01 (5.1873e-01)	Loss TOTAL 9.6277e-01 (9.2211e-01)
Epoch: [38][280/497]	L_Src_Sup 2.0003e-01 (2.0817e-01)	L_Trg_Inj 3.2938e-01 (2.9124e-01)	Loss Disc 6.8573e-01 (6.9126e-01)	Loss Pred 4.9635e-01 (5.1878e-01)	Loss TOTAL 8.9216e-01 (9.2223e-01)
Epoch: [38][290/497]	L_Src_Sup 1.5091e-01 (2.0828e-01)	L_Trg_Inj 2.5316e-01 (2.9177e-01)	Loss Disc 6.8971e-01 (6.9108e-01)	Loss Pred 5.2818e-01 (5.1873e-01)	Loss TOTAL 9.1344e-01 (9.2203e-01)
Epoch: [38][300/497]	L_Src_Sup 1.8395e-01 (2.0836e-01)	L_Trg_Inj 2.7283e-01 (2.9204e-01)	Loss Disc 6.9065e-01 (6.9098e-01)	Loss Pred 5.7243e-01 (5.1900e-01)	Loss TOTAL 9.6343e-01 (9.2208e-01)
Epoch: [38][310/497]	L_Src_Sup 2.1256e-01 (2.0832e-01)	L_Trg_Inj 2.1757e-01 (2.9178e-01)	Loss Disc 6.8741e-01 (6.9084e-01)	Loss Pred 4.7757e-01 (5.1878e-01)	Loss TOTAL 8.6428e-01 (9.2160e-01)
Epoch: [38][320/497]	L_Src_Sup 1.9650e-01 (2.0796e-01)	L_Trg_Inj 3.0854e-01 (2.9268e-01)	Loss Disc 6.8456e-01 (6.9068e-01)	Loss Pred 4.8383e-01 (5.1874e-01)	Loss TOTAL 8.7661e-01 (9.2129e-01)
Epoch: [38][330/497]	L_Src_Sup 2.2873e-01 (2.0718e-01)	L_Trg_Inj 2.9336e-01 (2.9275e-01)	Loss Disc 6.8585e-01 (6.9054e-01)	Loss Pred 5.2859e-01 (5.1883e-01)	Loss TOTAL 9.2372e-01 (9.2118e-01)
Epoch: [38][340/497]	L_Src_Sup 2.2029e-01 (2.0669e-01)	L_Trg_Inj 3.8476e-01 (2.9276e-01)	Loss Disc 6.7688e-01 (6.9040e-01)	Loss Pred 5.0269e-01 (5.1904e-01)	Loss TOTAL 9.0163e-01 (9.2112e-01)
Epoch: [38][350/497]	L_Src_Sup 1.8694e-01 (2.0662e-01)	L_Trg_Inj 2.2682e-01 (2.9236e-01)	Loss Disc 6.8426e-01 (6.9031e-01)	Loss Pred 5.1566e-01 (5.1918e-01)	Loss TOTAL 8.9917e-01 (9.2104e-01)
Epoch: [38][360/497]	L_Src_Sup 1.6514e-01 (2.0630e-01)	L_Trg_Inj 3.2515e-01 (2.9246e-01)	Loss Disc 6.8483e-01 (6.9024e-01)	Loss Pred 5.0277e-01 (5.1936e-01)	Loss TOTAL 8.9422e-01 (9.2107e-01)
Epoch: [38][370/497]	L_Src_Sup 2.4765e-01 (2.0632e-01)	L_Trg_Inj 2.6033e-01 (2.9244e-01)	Loss Disc 6.8929e-01 (6.9017e-01)	Loss Pred 5.2848e-01 (5.1954e-01)	Loss TOTAL 9.2393e-01 (9.2115e-01)
Epoch: [38][380/497]	L_Src_Sup 3.1199e-01 (2.0577e-01)	L_Trg_Inj 2.8733e-01 (2.9187e-01)	Loss Disc 6.8665e-01 (6.9009e-01)	Loss Pred 5.0287e-01 (5.1918e-01)	Loss TOTAL 9.3078e-01 (9.2059e-01)
Epoch: [38][390/497]	L_Src_Sup 1.6682e-01 (2.0494e-01)	L_Trg_Inj 3.1374e-01 (2.9265e-01)	Loss Disc 6.8389e-01 (6.9001e-01)	Loss Pred 5.0915e-01 (5.1933e-01)	Loss TOTAL 8.9916e-01 (9.2052e-01)
Epoch: [38][400/497]	L_Src_Sup 2.7318e-01 (2.0450e-01)	L_Trg_Inj 3.2216e-01 (2.9312e-01)	Loss Disc 6.8302e-01 (6.8995e-01)	Loss Pred 4.9639e-01 (5.1951e-01)	Loss TOTAL 8.9743e-01 (9.2051e-01)
Epoch: [38][410/497]	L_Src_Sup 2.4641e-01 (2.0538e-01)	L_Trg_Inj 2.9441e-01 (2.9321e-01)	Loss Disc 6.8779e-01 (6.8992e-01)	Loss Pred 5.1592e-01 (5.1959e-01)	Loss TOTAL 9.1390e-01 (9.2086e-01)
Epoch: [38][420/497]	L_Src_Sup 2.0211e-01 (2.0556e-01)	L_Trg_Inj 2.8077e-01 (2.9358e-01)	Loss Disc 6.8819e-01 (6.8987e-01)	Loss Pred 5.0299e-01 (5.1972e-01)	Loss TOTAL 8.9537e-01 (9.2100e-01)
Epoch: [38][430/497]	L_Src_Sup 1.9383e-01 (2.0562e-01)	L_Trg_Inj 3.6370e-01 (2.9510e-01)	Loss Disc 6.8654e-01 (6.8978e-01)	Loss Pred 5.3458e-01 (5.1980e-01)	Loss TOTAL 9.3361e-01 (9.2114e-01)
Epoch: [38][440/497]	L_Src_Sup 2.3344e-01 (2.0595e-01)	L_Trg_Inj 3.2509e-01 (2.9577e-01)	Loss Disc 6.9332e-01 (6.8986e-01)	Loss Pred 5.4079e-01 (5.1985e-01)	Loss TOTAL 9.4331e-01 (9.2137e-01)
Epoch: [38][450/497]	L_Src_Sup 1.3729e-01 (2.0558e-01)	L_Trg_Inj 2.9420e-01 (2.9623e-01)	Loss Disc 6.9351e-01 (6.8993e-01)	Loss Pred 5.4706e-01 (5.2007e-01)	Loss TOTAL 9.3696e-01 (9.2158e-01)
Epoch: [38][460/497]	L_Src_Sup 2.9423e-01 (2.0620e-01)	L_Trg_Inj 2.9022e-01 (2.9647e-01)	Loss Disc 6.9336e-01 (6.9000e-01)	Loss Pred 5.4703e-01 (5.2031e-01)	Loss TOTAL 9.5617e-01 (9.2180e-01)
Epoch: [38][470/497]	L_Src_Sup 2.5929e-01 (2.0572e-01)	L_Trg_Inj 3.4659e-01 (2.9694e-01)	Loss Disc 6.9323e-01 (6.9007e-01)	Loss Pred 5.0923e-01 (5.2038e-01)	Loss TOTAL 9.1644e-01 (9.2177e-01)
Epoch: [38][480/497]	L_Src_Sup 2.7801e-01 (2.0614e-01)	L_Trg_Inj 2.7664e-01 (2.9678e-01)	Loss Disc 6.9279e-01 (6.9013e-01)	Loss Pred 5.0925e-01 (5.2049e-01)	Loss TOTAL 9.1247e-01 (9.2190e-01)
Epoch: [38][490/497]	L_Src_Sup 2.5846e-01 (2.0582e-01)	L_Trg_Inj 3.2991e-01 (2.9764e-01)	Loss Disc 6.8106e-01 (6.9012e-01)	Loss Pred 5.2822e-01 (5.2057e-01)	Loss TOTAL 9.2759e-01 (9.2192e-01)
Epoch: [38][497/497]	L_Src_Sup 2.0762e-01 (2.0589e-01)	L_Trg_Inj 3.1350e-01 (2.9817e-01)	Loss Disc 6.7256e-01 (6.8992e-01)	Loss Pred 5.2215e-01 (5.2049e-01)	Loss TOTAL 9.1053e-01 (9.2171e-01)
Epoch 38 complete. Saving model state...
Epoch: [39][ 10/497]	L_Src_Sup 1.0817e-01 (1.6699e-01)	L_Trg_Inj 3.6084e-01 (3.0407e-01)	Loss Disc 6.7254e-01 (6.6953e-01)	Loss Pred 4.9047e-01 (5.2207e-01)	Loss TOTAL 8.7364e-01 (9.1120e-01)
Epoch: [39][ 20/497]	L_Src_Sup 2.6011e-01 (1.8755e-01)	L_Trg_Inj 3.4105e-01 (3.2497e-01)	Loss Disc 6.6383e-01 (6.6823e-01)	Loss Pred 5.2246e-01 (5.1666e-01)	Loss TOTAL 9.1449e-01 (9.0566e-01)
Epoch: [39][ 30/497]	L_Src_Sup 1.3935e-01 (1.8924e-01)	L_Trg_Inj 2.8997e-01 (3.1828e-01)	Loss Disc 6.7501e-01 (6.6642e-01)	Loss Pred 4.6492e-01 (5.1865e-01)	Loss TOTAL 8.4536e-01 (9.0552e-01)
Epoch: [39][ 40/497]	L_Src_Sup 2.4249e-01 (1.9484e-01)	L_Trg_Inj 2.8103e-01 (3.1245e-01)	Loss Disc 6.5196e-01 (6.6489e-01)	Loss Pred 5.6643e-01 (5.2151e-01)	Loss TOTAL 9.4477e-01 (9.0689e-01)
Epoch: [39][ 50/497]	L_Src_Sup 2.3639e-01 (2.0191e-01)	L_Trg_Inj 3.1531e-01 (3.0928e-01)	Loss Disc 6.7046e-01 (6.6435e-01)	Loss Pred 4.9660e-01 (5.2172e-01)	Loss TOTAL 8.8700e-01 (9.0755e-01)
Epoch: [39][ 60/497]	L_Src_Sup 2.4781e-01 (2.0581e-01)	L_Trg_Inj 2.7394e-01 (3.0565e-01)	Loss Disc 7.0700e-01 (6.7223e-01)	Loss Pred 4.7773e-01 (5.2377e-01)	Loss TOTAL 8.8340e-01 (9.1476e-01)
Epoch: [39][ 70/497]	L_Src_Sup 1.7646e-01 (2.0439e-01)	L_Trg_Inj 3.0114e-01 (3.0700e-01)	Loss Disc 6.9305e-01 (6.7622e-01)	Loss Pred 5.4738e-01 (5.2320e-01)	Loss TOTAL 9.4167e-01 (9.1564e-01)
Epoch: [39][ 80/497]	L_Src_Sup 1.6223e-01 (2.0523e-01)	L_Trg_Inj 3.5966e-01 (3.1006e-01)	Loss Disc 6.9335e-01 (6.7834e-01)	Loss Pred 4.9027e-01 (5.2266e-01)	Loss TOTAL 8.8913e-01 (9.1642e-01)
Epoch: [39][ 90/497]	L_Src_Sup 7.6202e-02 (2.0405e-01)	L_Trg_Inj 3.5649e-01 (3.1076e-01)	Loss Disc 6.9268e-01 (6.7996e-01)	Loss Pred 5.2810e-01 (5.2328e-01)	Loss TOTAL 9.1771e-01 (9.1746e-01)
Epoch: [39][100/497]	L_Src_Sup 1.1249e-01 (2.0412e-01)	L_Trg_Inj 3.4327e-01 (3.1235e-01)	Loss Disc 6.9412e-01 (6.8129e-01)	Loss Pred 5.1571e-01 (5.2378e-01)	Loss TOTAL 9.0835e-01 (9.1865e-01)
Epoch: [39][110/497]	L_Src_Sup 2.7074e-01 (2.0404e-01)	L_Trg_Inj 3.1957e-01 (3.1022e-01)	Loss Disc 6.9353e-01 (6.8238e-01)	Loss Pred 4.9032e-01 (5.2295e-01)	Loss TOTAL 8.9612e-01 (9.1800e-01)
Epoch: [39][120/497]	L_Src_Sup 1.0145e-01 (2.0213e-01)	L_Trg_Inj 4.2517e-01 (3.1319e-01)	Loss Disc 6.9315e-01 (6.8327e-01)	Loss Pred 5.6596e-01 (5.2423e-01)	Loss TOTAL 9.6520e-01 (9.2005e-01)
Epoch: [39][130/497]	L_Src_Sup 1.8535e-01 (2.0157e-01)	L_Trg_Inj 3.9038e-01 (3.1388e-01)	Loss Disc 6.9330e-01 (6.8404e-01)	Loss Pred 4.9041e-01 (5.2376e-01)	Loss TOTAL 8.9463e-01 (9.1978e-01)
Epoch: [39][140/497]	L_Src_Sup 2.1281e-01 (2.0282e-01)	L_Trg_Inj 4.2038e-01 (3.1423e-01)	Loss Disc 6.9375e-01 (6.8470e-01)	Loss Pred 4.7173e-01 (5.2355e-01)	Loss TOTAL 8.8193e-01 (9.2010e-01)
Epoch: [39][150/497]	L_Src_Sup 1.7449e-01 (2.0112e-01)	L_Trg_Inj 3.3576e-01 (3.1396e-01)	Loss Disc 6.9301e-01 (6.8525e-01)	Loss Pred 5.2835e-01 (5.2448e-01)	Loss TOTAL 9.2588e-01 (9.2094e-01)
Epoch: [39][160/497]	L_Src_Sup 1.1025e-01 (2.0098e-01)	L_Trg_Inj 2.5806e-01 (3.1215e-01)	Loss Disc 6.9071e-01 (6.8569e-01)	Loss Pred 5.0344e-01 (5.2334e-01)	Loss TOTAL 8.8563e-01 (9.1968e-01)
Epoch: [39][170/497]	L_Src_Sup 1.9722e-01 (2.0097e-01)	L_Trg_Inj 2.4316e-01 (3.0922e-01)	Loss Disc 6.8829e-01 (6.8586e-01)	Loss Pred 5.1120e-01 (5.2248e-01)	Loss TOTAL 8.9939e-01 (9.1858e-01)
Epoch: [39][180/497]	L_Src_Sup 2.6670e-01 (2.0160e-01)	L_Trg_Inj 4.0808e-01 (3.0809e-01)	Loss Disc 6.8243e-01 (6.8597e-01)	Loss Pred 5.2187e-01 (5.2249e-01)	Loss TOTAL 9.3057e-01 (9.1902e-01)
Epoch: [39][190/497]	L_Src_Sup 2.9513e-01 (2.0208e-01)	L_Trg_Inj 2.7375e-01 (3.0823e-01)	Loss Disc 6.9139e-01 (6.8598e-01)	Loss Pred 5.4710e-01 (5.2261e-01)	Loss TOTAL 9.7107e-01 (9.1920e-01)
Epoch: [39][200/497]	L_Src_Sup 1.9670e-01 (2.0350e-01)	L_Trg_Inj 2.9370e-01 (3.0796e-01)	Loss Disc 6.8231e-01 (6.8601e-01)	Loss Pred 4.8433e-01 (5.2261e-01)	Loss TOTAL 8.7453e-01 (9.1919e-01)
Epoch: [39][210/497]	L_Src_Sup 2.8578e-01 (2.0403e-01)	L_Trg_Inj 3.4211e-01 (3.0595e-01)	Loss Disc 6.9078e-01 (6.8612e-01)	Loss Pred 5.7226e-01 (5.2316e-01)	Loss TOTAL 9.8044e-01 (9.1978e-01)
Epoch: [39][220/497]	L_Src_Sup 2.0758e-01 (2.0513e-01)	L_Trg_Inj 3.1010e-01 (3.0557e-01)	Loss Disc 6.8760e-01 (6.8620e-01)	Loss Pred 5.2204e-01 (5.2264e-01)	Loss TOTAL 9.1761e-01 (9.1935e-01)
Epoch: [39][230/497]	L_Src_Sup 1.9055e-01 (2.0404e-01)	L_Trg_Inj 2.3627e-01 (3.0518e-01)	Loss Disc 6.8997e-01 (6.8623e-01)	Loss Pred 5.2815e-01 (5.2300e-01)	Loss TOTAL 9.1582e-01 (9.1946e-01)
Epoch: [39][240/497]	L_Src_Sup 2.2229e-01 (2.0337e-01)	L_Trg_Inj 2.2053e-01 (3.0391e-01)	Loss Disc 6.8374e-01 (6.8623e-01)	Loss Pred 5.0941e-01 (5.2282e-01)	Loss TOTAL 8.9731e-01 (9.1902e-01)
Epoch: [39][250/497]	L_Src_Sup 1.7478e-01 (2.0271e-01)	L_Trg_Inj 2.7240e-01 (3.0225e-01)	Loss Disc 6.8831e-01 (6.8621e-01)	Loss Pred 5.4095e-01 (5.2226e-01)	Loss TOTAL 9.2983e-01 (9.1812e-01)
Epoch: [39][260/497]	L_Src_Sup 1.8911e-01 (2.0226e-01)	L_Trg_Inj 1.6026e-01 (3.0116e-01)	Loss Disc 7.0250e-01 (6.8621e-01)	Loss Pred 5.2203e-01 (5.2150e-01)	Loss TOTAL 9.3706e-01 (9.1732e-01)
Epoch: [39][270/497]	L_Src_Sup 2.4088e-01 (2.0212e-01)	L_Trg_Inj 2.1083e-01 (2.9973e-01)	Loss Disc 6.9065e-01 (6.8644e-01)	Loss Pred 5.0916e-01 (5.2155e-01)	Loss TOTAL 9.2970e-01 (9.1761e-01)
Epoch: [39][280/497]	L_Src_Sup 1.5667e-01 (2.0180e-01)	L_Trg_Inj 2.5562e-01 (2.9940e-01)	Loss Disc 6.9307e-01 (6.8660e-01)	Loss Pred 4.9793e-01 (5.2199e-01)	Loss TOTAL 8.8569e-01 (9.1797e-01)
Epoch: [39][290/497]	L_Src_Sup 2.4335e-01 (2.0194e-01)	L_Trg_Inj 2.9119e-01 (2.9943e-01)	Loss Disc 6.9308e-01 (6.8681e-01)	Loss Pred 5.1583e-01 (5.2136e-01)	Loss TOTAL 9.1583e-01 (9.1754e-01)
Epoch: [39][300/497]	L_Src_Sup 2.9652e-01 (2.0247e-01)	L_Trg_Inj 3.3335e-01 (3.0056e-01)	Loss Disc 6.9227e-01 (6.8702e-01)	Loss Pred 5.0935e-01 (5.2161e-01)	Loss TOTAL 9.1847e-01 (9.1797e-01)
Epoch: [39][310/497]	L_Src_Sup 3.0483e-01 (2.0267e-01)	L_Trg_Inj 2.7289e-01 (2.9924e-01)	Loss Disc 6.9290e-01 (6.8722e-01)	Loss Pred 5.2838e-01 (5.2146e-01)	Loss TOTAL 9.6455e-01 (9.1811e-01)
Epoch: [39][320/497]	L_Src_Sup 2.2231e-01 (2.0270e-01)	L_Trg_Inj 4.0198e-01 (3.0031e-01)	Loss Disc 6.9195e-01 (6.8739e-01)	Loss Pred 5.0983e-01 (5.2098e-01)	Loss TOTAL 9.1823e-01 (9.1774e-01)
Epoch: [39][330/497]	L_Src_Sup 3.1538e-01 (2.0387e-01)	L_Trg_Inj 3.1119e-01 (3.0019e-01)	Loss Disc 6.9272e-01 (6.8756e-01)	Loss Pred 5.0300e-01 (5.2078e-01)	Loss TOTAL 9.1620e-01 (9.1769e-01)
Epoch: [39][340/497]	L_Src_Sup 1.9617e-01 (2.0561e-01)	L_Trg_Inj 2.5503e-01 (3.0115e-01)	Loss Disc 6.9342e-01 (6.8772e-01)	Loss Pred 5.4701e-01 (5.2097e-01)	Loss TOTAL 9.3884e-01 (9.1840e-01)
Epoch: [39][350/497]	L_Src_Sup 2.1826e-01 (2.0494e-01)	L_Trg_Inj 3.2356e-01 (3.0120e-01)	Loss Disc 6.9279e-01 (6.8787e-01)	Loss Pred 5.0936e-01 (5.2082e-01)	Loss TOTAL 9.0993e-01 (9.1819e-01)
Epoch: [39][360/497]	L_Src_Sup 2.5668e-01 (2.0495e-01)	L_Trg_Inj 3.0932e-01 (3.0090e-01)	Loss Disc 6.9299e-01 (6.8802e-01)	Loss Pred 4.9307e-01 (5.2098e-01)	Loss TOTAL 8.9617e-01 (9.1850e-01)
Epoch: [39][370/497]	L_Src_Sup 2.2642e-01 (2.0469e-01)	L_Trg_Inj 3.6267e-01 (3.0162e-01)	Loss Disc 6.9313e-01 (6.8816e-01)	Loss Pred 5.2196e-01 (5.2092e-01)	Loss TOTAL 9.2743e-01 (9.1847e-01)
Epoch: [39][380/497]	L_Src_Sup 1.6327e-01 (2.0458e-01)	L_Trg_Inj 2.7374e-01 (3.0216e-01)	Loss Disc 6.9302e-01 (6.8829e-01)	Loss Pred 5.7224e-01 (5.2168e-01)	Loss TOTAL 9.6246e-01 (9.1926e-01)
Epoch: [39][390/497]	L_Src_Sup 2.0954e-01 (2.0586e-01)	L_Trg_Inj 2.7156e-01 (3.0228e-01)	Loss Disc 6.7397e-01 (6.8820e-01)	Loss Pred 5.2823e-01 (5.2140e-01)	Loss TOTAL 9.1332e-01 (9.1920e-01)
Epoch: [39][400/497]	L_Src_Sup 1.5239e-01 (2.0522e-01)	L_Trg_Inj 2.9824e-01 (3.0169e-01)	Loss Disc 6.6686e-01 (6.8778e-01)	Loss Pred 5.2828e-01 (5.2130e-01)	Loss TOTAL 9.0677e-01 (9.1870e-01)
Epoch: [39][410/497]	L_Src_Sup 1.8315e-01 (2.0535e-01)	L_Trg_Inj 3.4424e-01 (3.0189e-01)	Loss Disc 6.9804e-01 (6.8811e-01)	Loss Pred 4.8388e-01 (5.2139e-01)	Loss TOTAL 8.8564e-01 (9.1898e-01)
Epoch: [39][420/497]	L_Src_Sup 2.0372e-01 (2.0537e-01)	L_Trg_Inj 2.1697e-01 (3.0197e-01)	Loss Disc 6.9297e-01 (6.8823e-01)	Loss Pred 5.0930e-01 (5.2118e-01)	Loss TOTAL 8.9785e-01 (9.1879e-01)
Epoch: [39][430/497]	L_Src_Sup 1.2614e-01 (2.0526e-01)	L_Trg_Inj 2.3601e-01 (3.0221e-01)	Loss Disc 6.9325e-01 (6.8835e-01)	Loss Pred 4.9031e-01 (5.2097e-01)	Loss TOTAL 8.7315e-01 (9.1861e-01)
Epoch: [39][440/497]	L_Src_Sup 2.3265e-01 (2.0511e-01)	L_Trg_Inj 2.8996e-01 (3.0215e-01)	Loss Disc 6.9298e-01 (6.8846e-01)	Loss Pred 5.5349e-01 (5.2090e-01)	Loss TOTAL 9.5224e-01 (9.1857e-01)
Epoch: [39][450/497]	L_Src_Sup 1.7899e-01 (2.0467e-01)	L_Trg_Inj 3.4096e-01 (3.0190e-01)	Loss Disc 6.9346e-01 (6.8857e-01)	Loss Pred 4.8404e-01 (5.2050e-01)	Loss TOTAL 8.8276e-01 (9.1810e-01)
Epoch: [39][460/497]	L_Src_Sup 1.4967e-01 (2.0391e-01)	L_Trg_Inj 2.6781e-01 (3.0167e-01)	Loss Disc 6.9333e-01 (6.8867e-01)	Loss Pred 5.1601e-01 (5.2051e-01)	Loss TOTAL 9.0442e-01 (9.1800e-01)
Epoch: [39][470/497]	L_Src_Sup 1.9810e-01 (2.0329e-01)	L_Trg_Inj 1.2573e-01 (2.9985e-01)	Loss Disc 6.9311e-01 (6.8876e-01)	Loss Pred 5.5403e-01 (5.2069e-01)	Loss TOTAL 1.0053e+00 (9.1808e-01)
Epoch: [39][480/497]	L_Src_Sup 1.3594e-01 (2.0300e-01)	L_Trg_Inj 2.0898e-01 (2.9872e-01)	Loss Disc 6.9291e-01 (6.8885e-01)	Loss Pred 5.4118e-01 (5.2065e-01)	Loss TOTAL 9.2213e-01 (9.1791e-01)
Epoch: [39][490/497]	L_Src_Sup 1.8003e-01 (2.0286e-01)	L_Trg_Inj 2.9019e-01 (2.9847e-01)	Loss Disc 6.9285e-01 (6.8894e-01)	Loss Pred 5.6017e-01 (5.2073e-01)	Loss TOTAL 9.5362e-01 (9.1822e-01)
Epoch: [39][497/497]	L_Src_Sup 1.6005e-01 (2.0272e-01)	L_Trg_Inj 3.2819e-01 (2.9843e-01)	Loss Disc 6.9253e-01 (6.8899e-01)	Loss Pred 5.5983e-01 (5.2072e-01)	Loss TOTAL 9.5492e-01 (9.1827e-01)
Epoch 39 complete. Saving model state...
Epoch: [40][ 10/497]	L_Src_Sup 1.9972e-01 (1.6442e-01)	L_Trg_Inj 2.3305e-01 (2.8989e-01)	Loss Disc 6.9088e-01 (6.9228e-01)	Loss Pred 4.9683e-01 (5.0323e-01)	Loss TOTAL 8.8555e-01 (8.9480e-01)
Epoch: [40][ 20/497]	L_Src_Sup 2.3127e-01 (1.8276e-01)	L_Trg_Inj 1.8690e-01 (2.7983e-01)	Loss Disc 6.9382e-01 (6.9040e-01)	Loss Pred 5.3434e-01 (5.1014e-01)	Loss TOTAL 9.6744e-01 (9.0638e-01)
Epoch: [40][ 30/497]	L_Src_Sup 2.3856e-01 (1.8947e-01)	L_Trg_Inj 2.6747e-01 (2.9021e-01)	Loss Disc 6.8810e-01 (6.8970e-01)	Loss Pred 5.0266e-01 (5.1569e-01)	Loss TOTAL 8.9731e-01 (9.1170e-01)
Epoch: [40][ 40/497]	L_Src_Sup 2.3763e-01 (2.0126e-01)	L_Trg_Inj 2.6147e-01 (2.9236e-01)	Loss Disc 6.9177e-01 (6.8982e-01)	Loss Pred 5.5343e-01 (5.1852e-01)	Loss TOTAL 9.4922e-01 (9.1647e-01)
Epoch: [40][ 50/497]	L_Src_Sup 2.2450e-01 (2.0493e-01)	L_Trg_Inj 3.1625e-01 (2.9391e-01)	Loss Disc 6.8999e-01 (6.8908e-01)	Loss Pred 5.7258e-01 (5.1842e-01)	Loss TOTAL 9.7165e-01 (9.1579e-01)
Epoch: [40][ 60/497]	L_Src_Sup 2.8075e-01 (2.0492e-01)	L_Trg_Inj 3.4336e-01 (2.9331e-01)	Loss Disc 6.8052e-01 (6.8877e-01)	Loss Pred 4.7109e-01 (5.1798e-01)	Loss TOTAL 8.7376e-01 (9.1512e-01)
Epoch: [40][ 70/497]	L_Src_Sup 1.8353e-01 (2.0409e-01)	L_Trg_Inj 3.0800e-01 (2.9337e-01)	Loss Disc 6.8598e-01 (6.8861e-01)	Loss Pred 5.0364e-01 (5.1775e-01)	Loss TOTAL 8.9579e-01 (9.1431e-01)
Epoch: [40][ 80/497]	L_Src_Sup 1.3219e-01 (2.0033e-01)	L_Trg_Inj 2.8481e-01 (2.8755e-01)	Loss Disc 6.8481e-01 (6.8834e-01)	Loss Pred 5.1549e-01 (5.1782e-01)	Loss TOTAL 8.9959e-01 (9.1348e-01)
Epoch: [40][ 90/497]	L_Src_Sup 1.1376e-01 (2.0103e-01)	L_Trg_Inj 2.3843e-01 (2.8603e-01)	Loss Disc 6.8927e-01 (6.8812e-01)	Loss Pred 5.2201e-01 (5.1694e-01)	Loss TOTAL 9.0187e-01 (9.1216e-01)
Epoch: [40][100/497]	L_Src_Sup 3.0679e-01 (2.0347e-01)	L_Trg_Inj 2.1004e-01 (2.8636e-01)	Loss Disc 6.9649e-01 (6.8809e-01)	Loss Pred 5.6615e-01 (5.1696e-01)	Loss TOTAL 1.0628e+00 (9.1403e-01)
Epoch: [40][110/497]	L_Src_Sup 2.7837e-01 (2.0384e-01)	L_Trg_Inj 2.9974e-01 (2.8588e-01)	Loss Disc 6.8693e-01 (6.8808e-01)	Loss Pred 4.8419e-01 (5.1726e-01)	Loss TOTAL 8.8547e-01 (9.1421e-01)
Epoch: [40][120/497]	L_Src_Sup 2.8323e-01 (2.0557e-01)	L_Trg_Inj 4.0680e-01 (2.9285e-01)	Loss Disc 6.8921e-01 (6.8803e-01)	Loss Pred 5.2197e-01 (5.1746e-01)	Loss TOTAL 9.3558e-01 (9.1549e-01)
Epoch: [40][130/497]	L_Src_Sup 3.1580e-01 (2.0655e-01)	L_Trg_Inj 4.3529e-01 (2.9791e-01)	Loss Disc 6.8835e-01 (6.8785e-01)	Loss Pred 5.4719e-01 (5.1811e-01)	Loss TOTAL 9.6647e-01 (9.1660e-01)
Epoch: [40][140/497]	L_Src_Sup 1.6670e-01 (2.0607e-01)	L_Trg_Inj 2.6692e-01 (2.9946e-01)	Loss Disc 6.9023e-01 (6.8788e-01)	Loss Pred 5.8512e-01 (5.1944e-01)	Loss TOTAL 9.7359e-01 (9.1775e-01)
Epoch: [40][150/497]	L_Src_Sup 1.1221e-01 (2.0707e-01)	L_Trg_Inj 2.3419e-01 (2.9836e-01)	Loss Disc 6.9036e-01 (6.8791e-01)	Loss Pred 5.1553e-01 (5.1962e-01)	Loss TOTAL 8.9536e-01 (9.1794e-01)
Epoch: [40][160/497]	L_Src_Sup 1.6240e-01 (2.0491e-01)	L_Trg_Inj 2.9092e-01 (2.9776e-01)	Loss Disc 6.8498e-01 (6.8772e-01)	Loss Pred 4.9036e-01 (5.1866e-01)	Loss TOTAL 8.7818e-01 (9.1654e-01)
Epoch: [40][170/497]	L_Src_Sup 2.8963e-01 (2.1051e-01)	L_Trg_Inj 2.7080e-01 (2.9785e-01)	Loss Disc 6.8825e-01 (6.8763e-01)	Loss Pred 5.1218e-01 (5.1813e-01)	Loss TOTAL 9.3118e-01 (9.2030e-01)
Epoch: [40][180/497]	L_Src_Sup 1.7432e-01 (2.1007e-01)	L_Trg_Inj 2.2831e-01 (3.0013e-01)	Loss Disc 6.9419e-01 (6.8769e-01)	Loss Pred 5.5315e-01 (5.1828e-01)	Loss TOTAL 9.4051e-01 (9.2025e-01)
Epoch: [40][190/497]	L_Src_Sup 1.4411e-01 (2.0891e-01)	L_Trg_Inj 3.0490e-01 (2.9705e-01)	Loss Disc 6.8991e-01 (6.8792e-01)	Loss Pred 4.9013e-01 (5.1850e-01)	Loss TOTAL 8.7998e-01 (9.2040e-01)
Epoch: [40][200/497]	L_Src_Sup 2.1798e-01 (2.0854e-01)	L_Trg_Inj 2.6833e-01 (2.9942e-01)	Loss Disc 6.9686e-01 (6.8804e-01)	Loss Pred 5.5347e-01 (5.1857e-01)	Loss TOTAL 9.5053e-01 (9.2040e-01)
Epoch: [40][210/497]	L_Src_Sup 7.7863e-02 (2.0930e-01)	L_Trg_Inj 3.2216e-01 (2.9989e-01)	Loss Disc 6.9330e-01 (6.8829e-01)	Loss Pred 5.4495e-01 (5.1899e-01)	Loss TOTAL 9.3160e-01 (9.2120e-01)
Epoch: [40][220/497]	L_Src_Sup 1.8400e-01 (2.0794e-01)	L_Trg_Inj 3.0030e-01 (3.0015e-01)	Loss Disc 6.9222e-01 (6.8848e-01)	Loss Pred 5.0266e-01 (5.1863e-01)	Loss TOTAL 8.9719e-01 (9.2051e-01)
Epoch: [40][230/497]	L_Src_Sup 1.5817e-01 (2.0691e-01)	L_Trg_Inj 3.2220e-01 (3.0072e-01)	Loss Disc 6.9251e-01 (6.8868e-01)	Loss Pred 4.7104e-01 (5.1878e-01)	Loss TOTAL 8.6533e-01 (9.2041e-01)
Epoch: [40][240/497]	L_Src_Sup 1.8968e-01 (2.0747e-01)	L_Trg_Inj 2.0080e-01 (2.9889e-01)	Loss Disc 6.9333e-01 (6.8888e-01)	Loss Pred 5.1550e-01 (5.1878e-01)	Loss TOTAL 9.0121e-01 (9.2040e-01)
Epoch: [40][250/497]	L_Src_Sup 2.7031e-01 (2.0743e-01)	L_Trg_Inj 2.4933e-01 (2.9821e-01)	Loss Disc 6.9324e-01 (6.8905e-01)	Loss Pred 5.3450e-01 (5.1920e-01)	Loss TOTAL 9.5406e-01 (9.2066e-01)
Epoch: [40][260/497]	L_Src_Sup 1.6074e-01 (2.0757e-01)	L_Trg_Inj 2.6986e-01 (2.9786e-01)	Loss Disc 6.9250e-01 (6.8920e-01)	Loss Pred 4.8393e-01 (5.1902e-01)	Loss TOTAL 8.7324e-01 (9.2077e-01)
Epoch: [40][270/497]	L_Src_Sup 1.3208e-01 (2.0632e-01)	L_Trg_Inj 3.4669e-01 (2.9813e-01)	Loss Disc 6.9298e-01 (6.8934e-01)	Loss Pred 5.2192e-01 (5.1911e-01)	Loss TOTAL 9.1629e-01 (9.2064e-01)
Epoch: [40][280/497]	L_Src_Sup 1.9234e-01 (2.0515e-01)	L_Trg_Inj 3.1349e-01 (2.9785e-01)	Loss Disc 6.9311e-01 (6.8948e-01)	Loss Pred 5.3452e-01 (5.1898e-01)	Loss TOTAL 9.3166e-01 (9.2020e-01)
Epoch: [40][290/497]	L_Src_Sup 1.4816e-01 (2.0565e-01)	L_Trg_Inj 3.6427e-01 (2.9841e-01)	Loss Disc 6.9160e-01 (6.8959e-01)	Loss Pred 5.0911e-01 (5.1917e-01)	Loss TOTAL 9.0615e-01 (9.2074e-01)
Epoch: [40][300/497]	L_Src_Sup 1.2089e-01 (2.0549e-01)	L_Trg_Inj 3.1048e-01 (2.9832e-01)	Loss Disc 6.7369e-01 (6.8931e-01)	Loss Pred 5.2181e-01 (5.1911e-01)	Loss TOTAL 9.0180e-01 (9.2070e-01)
Epoch: [40][310/497]	L_Src_Sup 2.3079e-01 (2.0567e-01)	L_Trg_Inj 3.0383e-01 (2.9902e-01)	Loss Disc 6.9735e-01 (6.8880e-01)	Loss Pred 5.3444e-01 (5.1924e-01)	Loss TOTAL 9.3657e-01 (9.2048e-01)
Epoch: [40][320/497]	L_Src_Sup 1.1112e-01 (2.0518e-01)	L_Trg_Inj 2.8356e-01 (2.9905e-01)	Loss Disc 6.9533e-01 (6.8910e-01)	Loss Pred 5.0907e-01 (5.1952e-01)	Loss TOTAL 8.9621e-01 (9.2084e-01)
Epoch: [40][330/497]	L_Src_Sup 1.2850e-01 (2.0575e-01)	L_Trg_Inj 2.7778e-01 (2.9780e-01)	Loss Disc 6.9310e-01 (6.8923e-01)	Loss Pred 5.0319e-01 (5.1888e-01)	Loss TOTAL 8.9037e-01 (9.2063e-01)
Epoch: [40][340/497]	L_Src_Sup 1.7825e-01 (2.0543e-01)	L_Trg_Inj 2.3664e-01 (2.9796e-01)	Loss Disc 6.9305e-01 (6.8935e-01)	Loss Pred 5.5356e-01 (5.1905e-01)	Loss TOTAL 9.4158e-01 (9.2063e-01)
Epoch: [40][350/497]	L_Src_Sup 1.8026e-01 (2.0482e-01)	L_Trg_Inj 2.9434e-01 (2.9804e-01)	Loss Disc 6.9355e-01 (6.8946e-01)	Loss Pred 4.9023e-01 (5.1886e-01)	Loss TOTAL 8.8446e-01 (9.2027e-01)
Epoch: [40][360/497]	L_Src_Sup 1.4160e-01 (2.0562e-01)	L_Trg_Inj 2.6756e-01 (2.9786e-01)	Loss Disc 6.9351e-01 (6.8957e-01)	Loss Pred 4.7761e-01 (5.1856e-01)	Loss TOTAL 8.6528e-01 (9.2001e-01)
Epoch: [40][370/497]	L_Src_Sup 1.7459e-01 (2.0482e-01)	L_Trg_Inj 2.2337e-01 (2.9747e-01)	Loss Disc 6.9264e-01 (6.8966e-01)	Loss Pred 5.4106e-01 (5.1840e-01)	Loss TOTAL 9.2718e-01 (9.1964e-01)
Epoch: [40][380/497]	L_Src_Sup 2.7453e-01 (2.0456e-01)	L_Trg_Inj 2.8523e-01 (2.9670e-01)	Loss Disc 6.9281e-01 (6.8975e-01)	Loss Pred 5.4700e-01 (5.1871e-01)	Loss TOTAL 9.4938e-01 (9.1973e-01)
Epoch: [40][390/497]	L_Src_Sup 2.5008e-01 (2.0457e-01)	L_Trg_Inj 2.6587e-01 (2.9616e-01)	Loss Disc 6.9277e-01 (6.8983e-01)	Loss Pred 5.3451e-01 (5.1879e-01)	Loss TOTAL 9.3249e-01 (9.1976e-01)
Epoch: [40][400/497]	L_Src_Sup 7.6194e-02 (2.0472e-01)	L_Trg_Inj 2.7999e-01 (2.9554e-01)	Loss Disc 6.9192e-01 (6.8990e-01)	Loss Pred 5.2812e-01 (5.1889e-01)	Loss TOTAL 9.0970e-01 (9.2009e-01)
Epoch: [40][410/497]	L_Src_Sup 1.6502e-01 (2.0470e-01)	L_Trg_Inj 3.2094e-01 (2.9538e-01)	Loss Disc 6.9178e-01 (6.8993e-01)	Loss Pred 5.7860e-01 (5.1945e-01)	Loss TOTAL 9.7309e-01 (9.2065e-01)
Epoch: [40][420/497]	L_Src_Sup 1.7836e-01 (2.0443e-01)	L_Trg_Inj 3.2706e-01 (2.9534e-01)	Loss Disc 6.9152e-01 (6.8994e-01)	Loss Pred 5.5331e-01 (5.1972e-01)	Loss TOTAL 9.4961e-01 (9.2080e-01)
Epoch: [40][430/497]	L_Src_Sup 2.3036e-01 (2.0386e-01)	L_Trg_Inj 2.7047e-01 (2.9560e-01)	Loss Disc 6.9060e-01 (6.8989e-01)	Loss Pred 5.3442e-01 (5.1947e-01)	Loss TOTAL 9.2980e-01 (9.2035e-01)
Epoch: [40][440/497]	L_Src_Sup 2.0954e-01 (2.0432e-01)	L_Trg_Inj 3.6543e-01 (2.9599e-01)	Loss Disc 6.8967e-01 (6.8987e-01)	Loss Pred 5.2812e-01 (5.1976e-01)	Loss TOTAL 9.3045e-01 (9.2079e-01)
Epoch: [40][450/497]	L_Src_Sup 1.2804e-01 (2.0474e-01)	L_Trg_Inj 2.8336e-01 (2.9597e-01)	Loss Disc 6.8781e-01 (6.8982e-01)	Loss Pred 4.9731e-01 (5.2001e-01)	Loss TOTAL 8.8236e-01 (9.2095e-01)
Epoch: [40][460/497]	L_Src_Sup 2.6800e-01 (2.0529e-01)	L_Trg_Inj 2.7654e-01 (2.9604e-01)	Loss Disc 6.8455e-01 (6.8975e-01)	Loss Pred 4.8398e-01 (5.2002e-01)	Loss TOTAL 8.8071e-01 (9.2090e-01)
Epoch: [40][470/497]	L_Src_Sup 2.9704e-01 (2.0558e-01)	L_Trg_Inj 2.4972e-01 (2.9586e-01)	Loss Disc 6.9257e-01 (6.8970e-01)	Loss Pred 5.5336e-01 (5.2022e-01)	Loss TOTAL 1.0016e+00 (9.2109e-01)
Epoch: [40][480/497]	L_Src_Sup 1.0001e-01 (2.0592e-01)	L_Trg_Inj 4.6928e-01 (2.9878e-01)	Loss Disc 6.8312e-01 (6.8963e-01)	Loss Pred 5.6014e-01 (5.2040e-01)	Loss TOTAL 9.5863e-01 (9.2144e-01)
Epoch: [40][490/497]	L_Src_Sup 2.2647e-01 (2.0625e-01)	L_Trg_Inj 4.1639e-01 (3.0148e-01)	Loss Disc 6.6785e-01 (6.8929e-01)	Loss Pred 5.2212e-01 (5.2069e-01)	Loss TOTAL 9.2033e-01 (9.2175e-01)
Epoch: [40][497/497]	L_Src_Sup 1.6520e-01 (2.0607e-01)	L_Trg_Inj 4.0130e-01 (3.0250e-01)	Loss Disc 6.6753e-01 (6.8898e-01)	Loss Pred 5.0288e-01 (5.2057e-01)	Loss TOTAL 8.9329e-01 (9.2148e-01)
Epoch 40 complete. Saving model state...
Epoch: [41][ 10/497]	L_Src_Sup 1.6331e-01 (1.9339e-01)	L_Trg_Inj 3.3959e-01 (3.6024e-01)	Loss Disc 6.5422e-01 (6.6106e-01)	Loss Pred 5.7230e-01 (5.3534e-01)	Loss TOTAL 9.4970e-01 (9.2259e-01)
Epoch: [41][ 20/497]	L_Src_Sup 2.0371e-01 (2.0100e-01)	L_Trg_Inj 3.5814e-01 (3.6742e-01)	Loss Disc 6.5918e-01 (6.6108e-01)	Loss Pred 5.0948e-01 (5.1890e-01)	Loss TOTAL 8.9525e-01 (9.0696e-01)
Epoch: [41][ 30/497]	L_Src_Sup 1.8698e-01 (2.0124e-01)	L_Trg_Inj 2.8274e-01 (3.6302e-01)	Loss Disc 6.6218e-01 (6.5966e-01)	Loss Pred 5.1546e-01 (5.2248e-01)	Loss TOTAL 8.9352e-01 (9.0919e-01)
Epoch: [41][ 40/497]	L_Src_Sup 2.0207e-01 (2.0520e-01)	L_Trg_Inj 3.9093e-01 (3.6586e-01)	Loss Disc 6.4810e-01 (6.5875e-01)	Loss Pred 5.6629e-01 (5.2188e-01)	Loss TOTAL 9.4965e-01 (9.0915e-01)
Epoch: [41][ 50/497]	L_Src_Sup 1.2983e-01 (2.0515e-01)	L_Trg_Inj 3.6025e-01 (3.6665e-01)	Loss Disc 6.5654e-01 (6.5815e-01)	Loss Pred 5.1554e-01 (5.2188e-01)	Loss TOTAL 8.9282e-01 (9.0891e-01)
Epoch: [41][ 60/497]	L_Src_Sup 1.2001e-01 (2.0005e-01)	L_Trg_Inj 4.5478e-01 (3.7040e-01)	Loss Disc 6.4246e-01 (6.5752e-01)	Loss Pred 5.5991e-01 (5.2143e-01)	Loss TOTAL 9.3862e-01 (9.0788e-01)
Epoch: [41][ 70/497]	L_Src_Sup 1.3233e-01 (2.0089e-01)	L_Trg_Inj 3.7565e-01 (3.6385e-01)	Loss Disc 6.5301e-01 (6.5745e-01)	Loss Pred 5.2213e-01 (5.2273e-01)	Loss TOTAL 8.9943e-01 (9.0848e-01)
Epoch: [41][ 80/497]	L_Src_Sup 1.5257e-01 (2.0207e-01)	L_Trg_Inj 2.5537e-01 (3.5577e-01)	Loss Disc 6.5615e-01 (6.5746e-01)	Loss Pred 5.2811e-01 (5.2225e-01)	Loss TOTAL 8.9698e-01 (9.0725e-01)
Epoch: [41][ 90/497]	L_Src_Sup 1.8214e-01 (1.9935e-01)	L_Trg_Inj 2.4273e-01 (3.4884e-01)	Loss Disc 6.6387e-01 (6.5706e-01)	Loss Pred 4.9661e-01 (5.2411e-01)	Loss TOTAL 8.7103e-01 (9.0789e-01)
Epoch: [41][100/497]	L_Src_Sup 1.4703e-01 (2.0114e-01)	L_Trg_Inj 3.5784e-01 (3.4380e-01)	Loss Disc 6.6062e-01 (6.5705e-01)	Loss Pred 5.0327e-01 (5.2340e-01)	Loss TOTAL 8.8407e-01 (9.0823e-01)
Epoch: [41][110/497]	L_Src_Sup 2.3464e-01 (2.0135e-01)	L_Trg_Inj 2.6142e-01 (3.4358e-01)	Loss Disc 6.6375e-01 (6.5701e-01)	Loss Pred 4.9060e-01 (5.2281e-01)	Loss TOTAL 8.7208e-01 (9.0746e-01)
Epoch: [41][120/497]	L_Src_Sup 1.9247e-01 (2.0080e-01)	L_Trg_Inj 3.5176e-01 (3.4062e-01)	Loss Disc 6.5471e-01 (6.5671e-01)	Loss Pred 5.3449e-01 (5.2365e-01)	Loss TOTAL 9.1627e-01 (9.0770e-01)
Epoch: [41][130/497]	L_Src_Sup 1.7381e-01 (2.0134e-01)	L_Trg_Inj 1.9670e-01 (3.3540e-01)	Loss Disc 7.0210e-01 (6.5849e-01)	Loss Pred 5.5323e-01 (5.2351e-01)	Loss TOTAL 9.4133e-01 (9.0864e-01)
Epoch: [41][140/497]	L_Src_Sup 1.9380e-01 (2.0179e-01)	L_Trg_Inj 4.0937e-01 (3.3403e-01)	Loss Disc 6.7443e-01 (6.6006e-01)	Loss Pred 5.2833e-01 (5.2305e-01)	Loss TOTAL 9.2586e-01 (9.0959e-01)
Epoch: [41][150/497]	L_Src_Sup 1.5690e-01 (1.9961e-01)	L_Trg_Inj 1.4479e-01 (3.2905e-01)	Loss Disc 6.8422e-01 (6.6188e-01)	Loss Pred 5.4720e-01 (5.2340e-01)	Loss TOTAL 9.3158e-01 (9.1002e-01)
Epoch: [41][160/497]	L_Src_Sup 2.9972e-01 (2.0065e-01)	L_Trg_Inj 1.5538e-01 (3.2335e-01)	Loss Disc 6.9552e-01 (6.6368e-01)	Loss Pred 4.9083e-01 (5.2305e-01)	Loss TOTAL 1.0284e+00 (9.1157e-01)
Epoch: [41][170/497]	L_Src_Sup 2.1843e-01 (2.0065e-01)	L_Trg_Inj 2.6952e-01 (3.2234e-01)	Loss Disc 6.8842e-01 (6.6497e-01)	Loss Pred 4.9680e-01 (5.2299e-01)	Loss TOTAL 8.8981e-01 (9.1194e-01)
Epoch: [41][180/497]	L_Src_Sup 1.3155e-01 (2.0049e-01)	L_Trg_Inj 4.2571e-01 (3.1937e-01)	Loss Disc 6.8013e-01 (6.6621e-01)	Loss Pred 5.1573e-01 (5.2284e-01)	Loss TOTAL 9.1152e-01 (9.1253e-01)
Epoch: [41][190/497]	L_Src_Sup 2.6423e-01 (2.0017e-01)	L_Trg_Inj 2.4404e-01 (3.1537e-01)	Loss Disc 6.8849e-01 (6.6732e-01)	Loss Pred 5.2215e-01 (5.2221e-01)	Loss TOTAL 9.3741e-01 (9.1201e-01)
Epoch: [41][200/497]	L_Src_Sup 1.5406e-01 (1.9998e-01)	L_Trg_Inj 3.2002e-01 (3.1418e-01)	Loss Disc 6.8407e-01 (6.6834e-01)	Loss Pred 5.3463e-01 (5.2206e-01)	Loss TOTAL 9.2407e-01 (9.1220e-01)
Epoch: [41][210/497]	L_Src_Sup 1.6219e-01 (1.9958e-01)	L_Trg_Inj 2.6423e-01 (3.1429e-01)	Loss Disc 6.9223e-01 (6.6925e-01)	Loss Pred 4.9049e-01 (5.2192e-01)	Loss TOTAL 8.7925e-01 (9.1227e-01)
Epoch: [41][220/497]	L_Src_Sup 3.2513e-01 (2.0093e-01)	L_Trg_Inj 3.1188e-01 (3.1206e-01)	Loss Disc 6.6716e-01 (6.6976e-01)	Loss Pred 5.8013e-01 (5.2273e-01)	Loss TOTAL 9.9066e-01 (9.1385e-01)
Epoch: [41][230/497]	L_Src_Sup 2.9117e-01 (2.0062e-01)	L_Trg_Inj 3.4146e-01 (3.1400e-01)	Loss Disc 6.9612e-01 (6.7102e-01)	Loss Pred 4.9675e-01 (5.2217e-01)	Loss TOTAL 9.0807e-01 (9.1387e-01)
Epoch: [41][240/497]	L_Src_Sup 1.5844e-01 (1.9982e-01)	L_Trg_Inj 2.3856e-01 (3.1340e-01)	Loss Disc 6.8901e-01 (6.7182e-01)	Loss Pred 5.5348e-01 (5.2227e-01)	Loss TOTAL 9.3769e-01 (9.1432e-01)
Epoch: [41][250/497]	L_Src_Sup 3.0477e-01 (2.0067e-01)	L_Trg_Inj 3.9594e-01 (3.1261e-01)	Loss Disc 6.8644e-01 (6.7252e-01)	Loss Pred 5.2853e-01 (5.2231e-01)	Loss TOTAL 9.4182e-01 (9.1454e-01)
Epoch: [41][260/497]	L_Src_Sup 2.8581e-01 (2.0156e-01)	L_Trg_Inj 3.7333e-01 (3.1279e-01)	Loss Disc 6.8656e-01 (6.7313e-01)	Loss Pred 5.2885e-01 (5.2236e-01)	Loss TOTAL 9.3805e-01 (9.1545e-01)
Epoch: [41][270/497]	L_Src_Sup 1.4919e-01 (2.0141e-01)	L_Trg_Inj 2.6492e-01 (3.1423e-01)	Loss Disc 6.8902e-01 (6.7374e-01)	Loss Pred 5.0313e-01 (5.2206e-01)	Loss TOTAL 8.8905e-01 (9.1546e-01)
Epoch: [41][280/497]	L_Src_Sup 4.4965e-01 (2.0097e-01)	L_Trg_Inj 2.9564e-01 (3.1334e-01)	Loss Disc 6.6529e-01 (6.7384e-01)	Loss Pred 5.6945e-01 (5.2210e-01)	Loss TOTAL 1.1306e+00 (9.1579e-01)
Epoch: [41][290/497]	L_Src_Sup 2.9915e-01 (2.0072e-01)	L_Trg_Inj 3.0922e-01 (3.1350e-01)	Loss Disc 6.9942e-01 (6.7462e-01)	Loss Pred 4.9435e-01 (5.2176e-01)	Loss TOTAL 9.0489e-01 (9.1565e-01)
Epoch: [41][300/497]	L_Src_Sup 2.3304e-01 (2.0102e-01)	L_Trg_Inj 2.8107e-01 (3.1371e-01)	Loss Disc 6.9159e-01 (6.7526e-01)	Loss Pred 5.6098e-01 (5.2180e-01)	Loss TOTAL 9.5818e-01 (9.1588e-01)
Epoch: [41][310/497]	L_Src_Sup 1.4685e-01 (2.0105e-01)	L_Trg_Inj 2.4828e-01 (3.1416e-01)	Loss Disc 6.8869e-01 (6.7568e-01)	Loss Pred 5.0318e-01 (5.2150e-01)	Loss TOTAL 8.8704e-01 (9.1569e-01)
Epoch: [41][320/497]	L_Src_Sup 1.4820e-01 (2.0066e-01)	L_Trg_Inj 2.4907e-01 (3.1258e-01)	Loss Disc 6.8804e-01 (6.7605e-01)	Loss Pred 5.0920e-01 (5.2147e-01)	Loss TOTAL 8.9295e-01 (9.1564e-01)
Epoch: [41][330/497]	L_Src_Sup 1.1432e-01 (2.0077e-01)	L_Trg_Inj 2.8206e-01 (3.1223e-01)	Loss Disc 6.9273e-01 (6.7649e-01)	Loss Pred 5.2806e-01 (5.2166e-01)	Loss TOTAL 9.1406e-01 (9.1601e-01)
Epoch: [41][340/497]	L_Src_Sup 1.3772e-01 (2.0091e-01)	L_Trg_Inj 2.8847e-01 (3.1164e-01)	Loss Disc 6.7589e-01 (6.7676e-01)	Loss Pred 5.4715e-01 (5.2195e-01)	Loss TOTAL 9.2771e-01 (9.1638e-01)
Epoch: [41][350/497]	L_Src_Sup 2.1622e-01 (2.0138e-01)	L_Trg_Inj 2.8336e-01 (3.1107e-01)	Loss Disc 6.7508e-01 (6.7663e-01)	Loss Pred 4.9032e-01 (5.2217e-01)	Loss TOTAL 8.7782e-01 (9.1641e-01)
Epoch: [41][360/497]	L_Src_Sup 1.8414e-01 (2.0109e-01)	L_Trg_Inj 3.0228e-01 (3.1055e-01)	Loss Disc 7.0210e-01 (6.7668e-01)	Loss Pred 5.0758e-01 (5.2229e-01)	Loss TOTAL 9.0727e-01 (9.1671e-01)
Epoch: [41][370/497]	L_Src_Sup 2.2645e-01 (2.0101e-01)	L_Trg_Inj 3.4263e-01 (3.1020e-01)	Loss Disc 6.9519e-01 (6.7738e-01)	Loss Pred 5.2244e-01 (5.2192e-01)	Loss TOTAL 9.2694e-01 (9.1664e-01)
Epoch: [41][380/497]	L_Src_Sup 1.8353e-01 (2.0034e-01)	L_Trg_Inj 2.8240e-01 (3.0895e-01)	Loss Disc 6.9383e-01 (6.7785e-01)	Loss Pred 5.0317e-01 (5.2186e-01)	Loss TOTAL 8.9668e-01 (9.1650e-01)
Epoch: [41][390/497]	L_Src_Sup 1.6827e-01 (2.0065e-01)	L_Trg_Inj 2.8823e-01 (3.0762e-01)	Loss Disc 6.8569e-01 (6.7819e-01)	Loss Pred 5.1638e-01 (5.2146e-01)	Loss TOTAL 9.0487e-01 (9.1620e-01)
Epoch: [41][400/497]	L_Src_Sup 1.7164e-01 (2.0021e-01)	L_Trg_Inj 2.4805e-01 (3.0712e-01)	Loss Disc 6.9328e-01 (6.7846e-01)	Loss Pred 5.2839e-01 (5.2109e-01)	Loss TOTAL 9.1700e-01 (9.1589e-01)
Epoch: [41][410/497]	L_Src_Sup 2.0204e-01 (2.0110e-01)	L_Trg_Inj 2.6680e-01 (3.0667e-01)	Loss Disc 6.7207e-01 (6.7859e-01)	Loss Pred 5.6613e-01 (5.2138e-01)	Loss TOTAL 9.4905e-01 (9.1667e-01)
Epoch: [41][420/497]	L_Src_Sup 2.5460e-01 (2.0127e-01)	L_Trg_Inj 3.1107e-01 (3.0749e-01)	Loss Disc 7.0108e-01 (6.7872e-01)	Loss Pred 4.9670e-01 (5.2152e-01)	Loss TOTAL 9.0381e-01 (9.1692e-01)
Epoch: [41][430/497]	L_Src_Sup 1.2374e-01 (2.0142e-01)	L_Trg_Inj 2.3874e-01 (3.0711e-01)	Loss Disc 6.9201e-01 (6.7910e-01)	Loss Pred 5.7878e-01 (5.2156e-01)	Loss TOTAL 9.6103e-01 (9.1701e-01)
Epoch: [41][440/497]	L_Src_Sup 1.2005e-01 (2.0181e-01)	L_Trg_Inj 2.8897e-01 (3.0724e-01)	Loss Disc 6.8884e-01 (6.7935e-01)	Loss Pred 5.6019e-01 (5.2174e-01)	Loss TOTAL 9.4551e-01 (9.1727e-01)
Epoch: [41][450/497]	L_Src_Sup 2.6681e-01 (2.0233e-01)	L_Trg_Inj 5.2728e-01 (3.0819e-01)	Loss Disc 6.8150e-01 (6.7947e-01)	Loss Pred 5.2970e-01 (5.2143e-01)	Loss TOTAL 9.4986e-01 (9.1719e-01)
Epoch: [41][460/497]	L_Src_Sup 1.4817e-01 (2.0205e-01)	L_Trg_Inj 3.0990e-01 (3.0901e-01)	Loss Disc 6.8622e-01 (6.7961e-01)	Loss Pred 5.0909e-01 (5.2135e-01)	Loss TOTAL 8.9801e-01 (9.1713e-01)
Epoch: [41][470/497]	L_Src_Sup 2.5693e-01 (2.0265e-01)	L_Trg_Inj 3.0904e-01 (3.0898e-01)	Loss Disc 6.9085e-01 (6.7988e-01)	Loss Pred 5.0274e-01 (5.2142e-01)	Loss TOTAL 9.0476e-01 (9.1729e-01)
Epoch: [41][480/497]	L_Src_Sup 2.2223e-01 (2.0219e-01)	L_Trg_Inj 2.3022e-01 (3.0800e-01)	Loss Disc 6.8010e-01 (6.8003e-01)	Loss Pred 5.0928e-01 (5.2122e-01)	Loss TOTAL 8.9458e-01 (9.1700e-01)
Epoch: [41][490/497]	L_Src_Sup 2.3345e-01 (2.0220e-01)	L_Trg_Inj 2.2404e-01 (3.0684e-01)	Loss Disc 6.7811e-01 (6.7995e-01)	Loss Pred 4.8419e-01 (5.2100e-01)	Loss TOTAL 8.7840e-01 (9.1670e-01)
Epoch: [41][497/497]	L_Src_Sup 1.8694e-01 (2.0215e-01)	L_Trg_Inj 3.2225e-01 (3.0659e-01)	Loss Disc 7.0241e-01 (6.7998e-01)	Loss Pred 5.1574e-01 (5.2094e-01)	Loss TOTAL 9.1786e-01 (9.1664e-01)
Epoch 41 complete. Saving model state...
Epoch: [42][ 10/497]	L_Src_Sup 1.2614e-01 (2.1670e-01)	L_Trg_Inj 2.8405e-01 (3.2198e-01)	Loss Disc 6.9759e-01 (6.9714e-01)	Loss Pred 4.9030e-01 (5.2054e-01)	Loss TOTAL 8.8012e-01 (9.2298e-01)
Epoch: [42][ 20/497]	L_Src_Sup 1.8352e-01 (2.2723e-01)	L_Trg_Inj 3.6812e-01 (3.1183e-01)	Loss Disc 6.9026e-01 (6.9502e-01)	Loss Pred 5.0345e-01 (5.2310e-01)	Loss TOTAL 9.0374e-01 (9.3160e-01)
Epoch: [42][ 30/497]	L_Src_Sup 1.6217e-01 (2.3581e-01)	L_Trg_Inj 3.9379e-01 (3.2149e-01)	Loss Disc 6.8643e-01 (6.9303e-01)	Loss Pred 4.9011e-01 (5.1902e-01)	Loss TOTAL 8.8892e-01 (9.2889e-01)
Epoch: [42][ 40/497]	L_Src_Sup 1.3208e-01 (2.2621e-01)	L_Trg_Inj 3.0665e-01 (3.2171e-01)	Loss Disc 6.8023e-01 (6.9035e-01)	Loss Pred 5.2855e-01 (5.2348e-01)	Loss TOTAL 9.1254e-01 (9.3028e-01)
Epoch: [42][ 50/497]	L_Src_Sup 1.9048e-01 (2.1722e-01)	L_Trg_Inj 2.5449e-01 (3.1153e-01)	Loss Disc 6.9378e-01 (6.9085e-01)	Loss Pred 5.2822e-01 (5.2254e-01)	Loss TOTAL 9.1961e-01 (9.2631e-01)
Epoch: [42][ 60/497]	L_Src_Sup 2.5745e-01 (2.1421e-01)	L_Trg_Inj 2.5384e-01 (3.0462e-01)	Loss Disc 6.9216e-01 (6.9113e-01)	Loss Pred 5.5330e-01 (5.2496e-01)	Loss TOTAL 9.5412e-01 (9.2703e-01)
Epoch: [42][ 70/497]	L_Src_Sup 1.5845e-01 (2.1180e-01)	L_Trg_Inj 3.6374e-01 (3.0378e-01)	Loss Disc 6.8675e-01 (6.9085e-01)	Loss Pred 5.5346e-01 (5.2627e-01)	Loss TOTAL 9.4906e-01 (9.2817e-01)
Epoch: [42][ 80/497]	L_Src_Sup 2.1269e-01 (2.1196e-01)	L_Trg_Inj 3.6428e-01 (3.0849e-01)	Loss Disc 6.8420e-01 (6.9032e-01)	Loss Pred 4.7754e-01 (5.2592e-01)	Loss TOTAL 8.7734e-01 (9.2743e-01)
Epoch: [42][ 90/497]	L_Src_Sup 1.6367e-01 (2.1266e-01)	L_Trg_Inj 1.8055e-01 (3.0410e-01)	Loss Disc 6.8976e-01 (6.9019e-01)	Loss Pred 4.9646e-01 (5.2457e-01)	Loss TOTAL 8.7576e-01 (9.2628e-01)
Epoch: [42][100/497]	L_Src_Sup 2.6957e-01 (2.1056e-01)	L_Trg_Inj 3.2517e-01 (2.9986e-01)	Loss Disc 6.7454e-01 (6.8933e-01)	Loss Pred 5.3442e-01 (5.2304e-01)	Loss TOTAL 9.3116e-01 (9.2414e-01)
Epoch: [42][110/497]	L_Src_Sup 2.6876e-01 (2.0871e-01)	L_Trg_Inj 2.8215e-01 (2.9826e-01)	Loss Disc 6.9797e-01 (6.8879e-01)	Loss Pred 5.2862e-01 (5.2099e-01)	Loss TOTAL 9.3269e-01 (9.2112e-01)
Epoch: [42][120/497]	L_Src_Sup 2.8855e-01 (2.1082e-01)	L_Trg_Inj 3.0825e-01 (2.9663e-01)	Loss Disc 6.9437e-01 (6.8890e-01)	Loss Pred 5.3492e-01 (5.2039e-01)	Loss TOTAL 9.4179e-01 (9.2167e-01)
Epoch: [42][130/497]	L_Src_Sup 2.6183e-01 (2.1155e-01)	L_Trg_Inj 2.5968e-01 (2.9570e-01)	Loss Disc 6.9038e-01 (6.8913e-01)	Loss Pred 5.1542e-01 (5.2085e-01)	Loss TOTAL 9.1491e-01 (9.2178e-01)
Epoch: [42][140/497]	L_Src_Sup 2.2924e-01 (2.1009e-01)	L_Trg_Inj 2.3605e-01 (2.9689e-01)	Loss Disc 6.9167e-01 (6.8916e-01)	Loss Pred 5.8505e-01 (5.2111e-01)	Loss TOTAL 9.7742e-01 (9.2187e-01)
Epoch: [42][150/497]	L_Src_Sup 2.2226e-01 (2.1041e-01)	L_Trg_Inj 3.4399e-01 (2.9616e-01)	Loss Disc 6.8491e-01 (6.8907e-01)	Loss Pred 5.0911e-01 (5.2104e-01)	Loss TOTAL 9.0820e-01 (9.2225e-01)
Epoch: [42][160/497]	L_Src_Sup 1.8673e-01 (2.1065e-01)	L_Trg_Inj 3.7334e-01 (2.9692e-01)	Loss Disc 6.8474e-01 (6.8899e-01)	Loss Pred 5.4078e-01 (5.2098e-01)	Loss TOTAL 9.3916e-01 (9.2229e-01)
Epoch: [42][170/497]	L_Src_Sup 2.5021e-01 (2.1203e-01)	L_Trg_Inj 2.3114e-01 (2.9909e-01)	Loss Disc 6.8651e-01 (6.8890e-01)	Loss Pred 4.8440e-01 (5.2087e-01)	Loss TOTAL 8.9486e-01 (9.2226e-01)
Epoch: [42][180/497]	L_Src_Sup 2.9321e-01 (2.1421e-01)	L_Trg_Inj 4.2295e-01 (2.9994e-01)	Loss Disc 6.8858e-01 (6.8890e-01)	Loss Pred 5.0916e-01 (5.2104e-01)	Loss TOTAL 9.2507e-01 (9.2302e-01)
Epoch: [42][190/497]	L_Src_Sup 3.3763e-01 (2.1366e-01)	L_Trg_Inj 3.6980e-01 (3.0406e-01)	Loss Disc 6.9065e-01 (6.8888e-01)	Loss Pred 5.2178e-01 (5.2137e-01)	Loss TOTAL 9.3785e-01 (9.2338e-01)
Epoch: [42][200/497]	L_Src_Sup 2.1853e-01 (2.1282e-01)	L_Trg_Inj 2.4894e-01 (3.0595e-01)	Loss Disc 6.9108e-01 (6.8900e-01)	Loss Pred 5.5379e-01 (5.2163e-01)	Loss TOTAL 9.4608e-01 (9.2351e-01)
Epoch: [42][210/497]	L_Src_Sup 1.6983e-01 (2.1434e-01)	L_Trg_Inj 3.7154e-01 (3.0712e-01)	Loss Disc 6.8053e-01 (6.8886e-01)	Loss Pred 5.2190e-01 (5.2146e-01)	Loss TOTAL 9.1630e-01 (9.2352e-01)
Epoch: [42][220/497]	L_Src_Sup 2.2139e-01 (2.1387e-01)	L_Trg_Inj 3.2067e-01 (3.0923e-01)	Loss Disc 6.9437e-01 (6.8873e-01)	Loss Pred 5.0291e-01 (5.2188e-01)	Loss TOTAL 9.0430e-01 (9.2410e-01)
Epoch: [42][230/497]	L_Src_Sup 2.5001e-01 (2.1336e-01)	L_Trg_Inj 3.8219e-01 (3.0944e-01)	Loss Disc 6.8724e-01 (6.8900e-01)	Loss Pred 5.3461e-01 (5.2164e-01)	Loss TOTAL 9.4145e-01 (9.2374e-01)
Epoch: [42][240/497]	L_Src_Sup 2.5253e-01 (2.1308e-01)	L_Trg_Inj 2.7329e-01 (3.1002e-01)	Loss Disc 6.9330e-01 (6.8912e-01)	Loss Pred 5.4078e-01 (5.2213e-01)	Loss TOTAL 9.4001e-01 (9.2411e-01)
Epoch: [42][250/497]	L_Src_Sup 2.2289e-01 (2.1197e-01)	L_Trg_Inj 3.7893e-01 (3.1073e-01)	Loss Disc 6.8623e-01 (6.8917e-01)	Loss Pred 5.0923e-01 (5.2197e-01)	Loss TOTAL 9.1253e-01 (9.2373e-01)
Epoch: [42][260/497]	L_Src_Sup 1.2893e-01 (2.1012e-01)	L_Trg_Inj 1.1036e-01 (3.0726e-01)	Loss Disc 6.9719e-01 (6.8933e-01)	Loss Pred 5.0287e-01 (5.2135e-01)	Loss TOTAL 8.9397e-01 (9.2272e-01)
Epoch: [42][270/497]	L_Src_Sup 2.5366e-01 (2.0991e-01)	L_Trg_Inj 3.2676e-01 (3.0734e-01)	Loss Disc 6.8931e-01 (6.8934e-01)	Loss Pred 5.4722e-01 (5.2186e-01)	Loss TOTAL 9.4992e-01 (9.2321e-01)
Epoch: [42][280/497]	L_Src_Sup 2.7482e-01 (2.0922e-01)	L_Trg_Inj 2.2308e-01 (3.0701e-01)	Loss Disc 6.9119e-01 (6.8933e-01)	Loss Pred 5.0947e-01 (5.2204e-01)	Loss TOTAL 9.5659e-01 (9.2330e-01)
Epoch: [42][290/497]	L_Src_Sup 1.9522e-01 (2.0860e-01)	L_Trg_Inj 3.2829e-01 (3.0680e-01)	Loss Disc 6.8888e-01 (6.8932e-01)	Loss Pred 5.4090e-01 (5.2222e-01)	Loss TOTAL 9.3769e-01 (9.2329e-01)
Epoch: [42][300/497]	L_Src_Sup 3.5074e-01 (2.0937e-01)	L_Trg_Inj 3.1354e-01 (3.0643e-01)	Loss Disc 6.8880e-01 (6.8930e-01)	Loss Pred 5.7869e-01 (5.2269e-01)	Loss TOTAL 1.0267e+00 (9.2443e-01)
Epoch: [42][310/497]	L_Src_Sup 2.1199e-01 (2.0874e-01)	L_Trg_Inj 3.3204e-01 (3.0826e-01)	Loss Disc 6.8931e-01 (6.8922e-01)	Loss Pred 5.3453e-01 (5.2239e-01)	Loss TOTAL 9.3359e-01 (9.2420e-01)
Epoch: [42][320/497]	L_Src_Sup 1.5696e-01 (2.0911e-01)	L_Trg_Inj 4.0369e-01 (3.0865e-01)	Loss Disc 6.8835e-01 (6.8923e-01)	Loss Pred 5.4718e-01 (5.2228e-01)	Loss TOTAL 9.4742e-01 (9.2464e-01)
Epoch: [42][330/497]	L_Src_Sup 1.7027e-01 (2.0981e-01)	L_Trg_Inj 2.4442e-01 (3.0849e-01)	Loss Disc 6.9092e-01 (6.8921e-01)	Loss Pred 5.2178e-01 (5.2199e-01)	Loss TOTAL 9.0871e-01 (9.2425e-01)
Epoch: [42][340/497]	L_Src_Sup 2.7383e-01 (2.0994e-01)	L_Trg_Inj 3.3476e-01 (3.0877e-01)	Loss Disc 6.9057e-01 (6.8924e-01)	Loss Pred 5.9197e-01 (5.2203e-01)	Loss TOTAL 9.9812e-01 (9.2432e-01)
Epoch: [42][350/497]	L_Src_Sup 1.7319e-01 (2.0967e-01)	L_Trg_Inj 3.5538e-01 (3.0937e-01)	Loss Disc 6.8796e-01 (6.8923e-01)	Loss Pred 5.3454e-01 (5.2203e-01)	Loss TOTAL 9.3138e-01 (9.2418e-01)
Epoch: [42][360/497]	L_Src_Sup 2.1827e-01 (2.0900e-01)	L_Trg_Inj 2.8154e-01 (3.0992e-01)	Loss Disc 6.8919e-01 (6.8922e-01)	Loss Pred 4.9643e-01 (5.2180e-01)	Loss TOTAL 8.9100e-01 (9.2378e-01)
Epoch: [42][370/497]	L_Src_Sup 2.4703e-01 (2.0867e-01)	L_Trg_Inj 2.6347e-01 (3.1031e-01)	Loss Disc 6.8449e-01 (6.8914e-01)	Loss Pred 5.4100e-01 (5.2171e-01)	Loss TOTAL 9.3429e-01 (9.2352e-01)
Epoch: [42][380/497]	L_Src_Sup 2.0378e-01 (2.0818e-01)	L_Trg_Inj 3.7148e-01 (3.0984e-01)	Loss Disc 6.8784e-01 (6.8917e-01)	Loss Pred 5.0905e-01 (5.2175e-01)	Loss TOTAL 9.1050e-01 (9.2335e-01)
Epoch: [42][390/497]	L_Src_Sup 1.7706e-01 (2.0850e-01)	L_Trg_Inj 2.9028e-01 (3.0946e-01)	Loss Disc 6.8931e-01 (6.8918e-01)	Loss Pred 4.7756e-01 (5.2132e-01)	Loss TOTAL 8.6896e-01 (9.2299e-01)
Epoch: [42][400/497]	L_Src_Sup 2.0001e-01 (2.0892e-01)	L_Trg_Inj 2.8838e-01 (3.1010e-01)	Loss Disc 6.9076e-01 (6.8916e-01)	Loss Pred 5.5989e-01 (5.2176e-01)	Loss TOTAL 9.5411e-01 (9.2354e-01)
Epoch: [42][410/497]	L_Src_Sup 1.9825e-01 (2.0878e-01)	L_Trg_Inj 4.7864e-01 (3.1073e-01)	Loss Disc 6.8279e-01 (6.8913e-01)	Loss Pred 4.9013e-01 (5.2186e-01)	Loss TOTAL 8.9921e-01 (9.2354e-01)
Epoch: [42][420/497]	L_Src_Sup 2.2465e-01 (2.0833e-01)	L_Trg_Inj 2.9523e-01 (3.1033e-01)	Loss Disc 6.8572e-01 (6.8909e-01)	Loss Pred 5.1578e-01 (5.2163e-01)	Loss TOTAL 9.1064e-01 (9.2320e-01)
Epoch: [42][430/497]	L_Src_Sup 1.3607e-01 (2.0776e-01)	L_Trg_Inj 1.4183e-01 (3.0995e-01)	Loss Disc 6.9326e-01 (6.8914e-01)	Loss Pred 5.4070e-01 (5.2160e-01)	Loss TOTAL 9.1512e-01 (9.2298e-01)
Epoch: [42][440/497]	L_Src_Sup 1.6601e-01 (2.0814e-01)	L_Trg_Inj 3.1463e-01 (3.0983e-01)	Loss Disc 6.8555e-01 (6.8913e-01)	Loss Pred 5.0276e-01 (5.2144e-01)	Loss TOTAL 8.9360e-01 (9.2298e-01)
Epoch: [42][450/497]	L_Src_Sup 1.8735e-01 (2.0810e-01)	L_Trg_Inj 3.8224e-01 (3.1051e-01)	Loss Disc 6.8420e-01 (6.8895e-01)	Loss Pred 5.1541e-01 (5.2139e-01)	Loss TOTAL 9.1447e-01 (9.2285e-01)
Epoch: [42][460/497]	L_Src_Sup 1.1433e-01 (2.0784e-01)	L_Trg_Inj 3.3027e-01 (3.1070e-01)	Loss Disc 6.9443e-01 (6.8908e-01)	Loss Pred 5.2807e-01 (5.2100e-01)	Loss TOTAL 9.1974e-01 (9.2249e-01)
Epoch: [42][470/497]	L_Src_Sup 1.6668e-01 (2.0771e-01)	L_Trg_Inj 2.9213e-01 (3.1106e-01)	Loss Disc 6.9079e-01 (6.8912e-01)	Loss Pred 5.0922e-01 (5.2103e-01)	Loss TOTAL 9.0050e-01 (9.2245e-01)
Epoch: [42][480/497]	L_Src_Sup 2.0189e-01 (2.0814e-01)	L_Trg_Inj 4.7233e-01 (3.1152e-01)	Loss Disc 6.8422e-01 (6.8911e-01)	Loss Pred 5.0281e-01 (5.2100e-01)	Loss TOTAL 9.1234e-01 (9.2270e-01)
Epoch: [42][490/497]	L_Src_Sup 2.7393e-01 (2.0818e-01)	L_Trg_Inj 3.8145e-01 (3.1200e-01)	Loss Disc 6.8619e-01 (6.8909e-01)	Loss Pred 4.9669e-01 (5.2066e-01)	Loss TOTAL 9.0532e-01 (9.2232e-01)
Epoch: [42][497/497]	L_Src_Sup 1.5698e-01 (2.0788e-01)	L_Trg_Inj 3.5973e-01 (3.1208e-01)	Loss Disc 6.8525e-01 (6.8907e-01)	Loss Pred 4.9649e-01 (5.2057e-01)	Loss TOTAL 8.9078e-01 (9.2213e-01)
Epoch 42 complete. Saving model state...
Epoch: [43][ 10/497]	L_Src_Sup 1.7701e-01 (2.0406e-01)	L_Trg_Inj 3.1773e-01 (3.4944e-01)	Loss Disc 6.8917e-01 (6.8888e-01)	Loss Pred 4.7769e-01 (5.0822e-01)	Loss TOTAL 8.7175e-01 (9.1695e-01)
Epoch: [43][ 20/497]	L_Src_Sup 3.2357e-01 (2.1908e-01)	L_Trg_Inj 4.4953e-01 (3.4278e-01)	Loss Disc 6.8545e-01 (6.8814e-01)	Loss Pred 5.3364e-01 (5.1161e-01)	Loss TOTAL 9.5367e-01 (9.1692e-01)
Epoch: [43][ 30/497]	L_Src_Sup 2.0198e-01 (2.0522e-01)	L_Trg_Inj 4.0186e-01 (3.3793e-01)	Loss Disc 6.8605e-01 (6.8834e-01)	Loss Pred 5.0292e-01 (5.1771e-01)	Loss TOTAL 9.0633e-01 (9.2045e-01)
Epoch: [43][ 40/497]	L_Src_Sup 2.8415e-01 (2.0320e-01)	L_Trg_Inj 3.5066e-01 (3.2486e-01)	Loss Disc 6.8777e-01 (6.8857e-01)	Loss Pred 5.2186e-01 (5.1774e-01)	Loss TOTAL 9.2923e-01 (9.1982e-01)
Epoch: [43][ 50/497]	L_Src_Sup 1.1437e-01 (1.9475e-01)	L_Trg_Inj 2.6926e-01 (3.2447e-01)	Loss Disc 6.8842e-01 (6.8839e-01)	Loss Pred 5.2811e-01 (5.2033e-01)	Loss TOTAL 9.1068e-01 (9.2044e-01)
Epoch: [43][ 60/497]	L_Src_Sup 1.4975e-01 (1.9713e-01)	L_Trg_Inj 2.4078e-01 (3.1492e-01)	Loss Disc 6.9050e-01 (6.8862e-01)	Loss Pred 5.1552e-01 (5.2048e-01)	Loss TOTAL 8.9983e-01 (9.2115e-01)
Epoch: [43][ 70/497]	L_Src_Sup 1.4192e-01 (1.9911e-01)	L_Trg_Inj 3.8509e-01 (3.2072e-01)	Loss Disc 6.8782e-01 (6.8855e-01)	Loss Pred 5.2178e-01 (5.2264e-01)	Loss TOTAL 9.1839e-01 (9.2466e-01)
Epoch: [43][ 80/497]	L_Src_Sup 2.2876e-01 (2.0242e-01)	L_Trg_Inj 2.6701e-01 (3.2450e-01)	Loss Disc 6.9106e-01 (6.8854e-01)	Loss Pred 5.4076e-01 (5.2144e-01)	Loss TOTAL 9.3587e-01 (9.2358e-01)
Epoch: [43][ 90/497]	L_Src_Sup 2.3728e-01 (2.0235e-01)	L_Trg_Inj 2.7527e-01 (3.2198e-01)	Loss Disc 6.8878e-01 (6.8864e-01)	Loss Pred 4.9663e-01 (5.2031e-01)	Loss TOTAL 8.9227e-01 (9.2186e-01)
Epoch: [43][100/497]	L_Src_Sup 2.1819e-01 (2.0166e-01)	L_Trg_Inj 3.8074e-01 (3.2689e-01)	Loss Disc 6.8752e-01 (6.8863e-01)	Loss Pred 4.9641e-01 (5.2084e-01)	Loss TOTAL 9.0006e-01 (9.2241e-01)
Epoch: [43][110/497]	L_Src_Sup 2.1360e-01 (2.0293e-01)	L_Trg_Inj 3.9606e-01 (3.2803e-01)	Loss Disc 6.8622e-01 (6.8855e-01)	Loss Pred 5.4093e-01 (5.2020e-01)	Loss TOTAL 9.4500e-01 (9.2156e-01)
Epoch: [43][120/497]	L_Src_Sup 9.2599e-02 (2.0166e-01)	L_Trg_Inj 2.1378e-01 (3.2428e-01)	Loss Disc 6.9226e-01 (6.8874e-01)	Loss Pred 5.0928e-01 (5.1890e-01)	Loss TOTAL 8.8605e-01 (9.1983e-01)
Epoch: [43][130/497]	L_Src_Sup 1.5425e-01 (2.0089e-01)	L_Trg_Inj 2.9559e-01 (3.2250e-01)	Loss Disc 6.8821e-01 (6.8872e-01)	Loss Pred 5.3439e-01 (5.1899e-01)	Loss TOTAL 9.2348e-01 (9.1967e-01)
Epoch: [43][140/497]	L_Src_Sup 1.0726e-01 (2.0205e-01)	L_Trg_Inj 3.0796e-01 (3.2228e-01)	Loss Disc 6.8872e-01 (6.8877e-01)	Loss Pred 4.8374e-01 (5.1918e-01)	Loss TOTAL 8.6962e-01 (9.1970e-01)
Epoch: [43][150/497]	L_Src_Sup 2.5499e-01 (2.0108e-01)	L_Trg_Inj 3.1759e-01 (3.1989e-01)	Loss Disc 6.8707e-01 (6.8871e-01)	Loss Pred 5.4724e-01 (5.1974e-01)	Loss TOTAL 9.4803e-01 (9.1987e-01)
Epoch: [43][160/497]	L_Src_Sup 1.1429e-01 (2.0049e-01)	L_Trg_Inj 2.2749e-01 (3.1853e-01)	Loss Disc 6.9068e-01 (6.8874e-01)	Loss Pred 5.2810e-01 (5.2018e-01)	Loss TOTAL 9.0762e-01 (9.1991e-01)
Epoch: [43][170/497]	L_Src_Sup 1.7311e-01 (1.9931e-01)	L_Trg_Inj 2.4685e-01 (3.1402e-01)	Loss Disc 6.9075e-01 (6.8886e-01)	Loss Pred 5.3440e-01 (5.2039e-01)	Loss TOTAL 9.2177e-01 (9.1959e-01)
Epoch: [43][180/497]	L_Src_Sup 2.3642e-01 (1.9956e-01)	L_Trg_Inj 3.4011e-01 (3.1461e-01)	Loss Disc 6.8762e-01 (6.8883e-01)	Loss Pred 4.9674e-01 (5.2072e-01)	Loss TOTAL 8.9820e-01 (9.1995e-01)
Epoch: [43][190/497]	L_Src_Sup 2.0018e-01 (1.9877e-01)	L_Trg_Inj 3.9412e-01 (3.1548e-01)	Loss Disc 6.8401e-01 (6.8869e-01)	Loss Pred 4.9676e-01 (5.1972e-01)	Loss TOTAL 8.9820e-01 (9.1872e-01)
Epoch: [43][200/497]	L_Src_Sup 1.3393e-01 (1.9783e-01)	L_Trg_Inj 2.5214e-01 (3.1404e-01)	Loss Disc 6.9332e-01 (6.8872e-01)	Loss Pred 5.2802e-01 (5.1986e-01)	Loss TOTAL 9.1329e-01 (9.1883e-01)
Epoch: [43][210/497]	L_Src_Sup 1.2748e-01 (1.9746e-01)	L_Trg_Inj 2.7939e-01 (3.1332e-01)	Loss Disc 6.9038e-01 (6.8883e-01)	Loss Pred 5.0004e-01 (5.2089e-01)	Loss TOTAL 8.8592e-01 (9.1999e-01)
Epoch: [43][220/497]	L_Src_Sup 2.8364e-01 (1.9806e-01)	L_Trg_Inj 2.9782e-01 (3.1388e-01)	Loss Disc 6.8924e-01 (6.8882e-01)	Loss Pred 5.2182e-01 (5.2098e-01)	Loss TOTAL 9.2458e-01 (9.2005e-01)
Epoch: [43][230/497]	L_Src_Sup 1.8522e-01 (1.9794e-01)	L_Trg_Inj 3.6509e-01 (3.1558e-01)	Loss Disc 6.8716e-01 (6.8878e-01)	Loss Pred 5.2702e-01 (5.2033e-01)	Loss TOTAL 9.2563e-01 (9.1962e-01)
Epoch: [43][240/497]	L_Src_Sup 1.3680e-01 (1.9798e-01)	L_Trg_Inj 2.4831e-01 (3.1412e-01)	Loss Disc 6.9013e-01 (6.8881e-01)	Loss Pred 5.4069e-01 (5.2040e-01)	Loss TOTAL 9.2427e-01 (9.1950e-01)
Epoch: [43][250/497]	L_Src_Sup 1.9244e-01 (1.9842e-01)	L_Trg_Inj 2.9309e-01 (3.1306e-01)	Loss Disc 6.8923e-01 (6.8884e-01)	Loss Pred 5.3438e-01 (5.2048e-01)	Loss TOTAL 9.2755e-01 (9.1982e-01)
Epoch: [43][260/497]	L_Src_Sup 2.2335e-01 (1.9897e-01)	L_Trg_Inj 1.8356e-01 (3.1261e-01)	Loss Disc 6.9364e-01 (6.8885e-01)	Loss Pred 5.6619e-01 (5.2116e-01)	Loss TOTAL 9.9350e-01 (9.2072e-01)
Epoch: [43][270/497]	L_Src_Sup 2.7551e-01 (1.9940e-01)	L_Trg_Inj 2.4233e-01 (3.1363e-01)	Loss Disc 6.9015e-01 (6.8883e-01)	Loss Pred 5.0304e-01 (5.2117e-01)	Loss TOTAL 9.3308e-01 (9.2083e-01)
Epoch: [43][280/497]	L_Src_Sup 2.0565e-01 (1.9858e-01)	L_Trg_Inj 2.6100e-01 (3.1304e-01)	Loss Disc 6.9114e-01 (6.8886e-01)	Loss Pred 5.1602e-01 (5.2106e-01)	Loss TOTAL 9.0826e-01 (9.2045e-01)
Epoch: [43][290/497]	L_Src_Sup 2.3652e-01 (1.9982e-01)	L_Trg_Inj 4.3047e-01 (3.1357e-01)	Loss Disc 6.8303e-01 (6.8883e-01)	Loss Pred 4.9668e-01 (5.2085e-01)	Loss TOTAL 9.0490e-01 (9.2063e-01)
Epoch: [43][300/497]	L_Src_Sup 1.6669e-01 (2.0053e-01)	L_Trg_Inj 3.0101e-01 (3.1431e-01)	Loss Disc 6.9028e-01 (6.8876e-01)	Loss Pred 5.0927e-01 (5.2061e-01)	Loss TOTAL 9.0118e-01 (9.2036e-01)
Epoch: [43][310/497]	L_Src_Sup 2.2025e-01 (2.0045e-01)	L_Trg_Inj 3.5482e-01 (3.1306e-01)	Loss Disc 6.8834e-01 (6.8879e-01)	Loss Pred 5.0297e-01 (5.2019e-01)	Loss TOTAL 9.0465e-01 (9.1988e-01)
Epoch: [43][320/497]	L_Src_Sup 2.0775e-01 (2.0001e-01)	L_Trg_Inj 2.4966e-01 (3.1179e-01)	Loss Disc 6.8551e-01 (6.8874e-01)	Loss Pred 5.2199e-01 (5.2017e-01)	Loss TOTAL 9.1049e-01 (9.1956e-01)
Epoch: [43][330/497]	L_Src_Sup 1.4699e-01 (2.0009e-01)	L_Trg_Inj 3.1911e-01 (3.1270e-01)	Loss Disc 6.8432e-01 (6.8850e-01)	Loss Pred 5.0284e-01 (5.2026e-01)	Loss TOTAL 8.9161e-01 (9.1970e-01)
Epoch: [43][340/497]	L_Src_Sup 2.8904e-01 (2.0048e-01)	L_Trg_Inj 3.3402e-01 (3.1294e-01)	Loss Disc 6.9329e-01 (6.8865e-01)	Loss Pred 4.9030e-01 (5.2008e-01)	Loss TOTAL 8.9925e-01 (9.1987e-01)
Epoch: [43][350/497]	L_Src_Sup 1.8065e-01 (2.0077e-01)	L_Trg_Inj 2.2534e-01 (3.1213e-01)	Loss Disc 6.9095e-01 (6.8875e-01)	Loss Pred 5.5414e-01 (5.2002e-01)	Loss TOTAL 9.4021e-01 (9.2008e-01)
Epoch: [43][360/497]	L_Src_Sup 1.7683e-01 (2.0028e-01)	L_Trg_Inj 2.8108e-01 (3.1170e-01)	Loss Disc 6.8890e-01 (6.8877e-01)	Loss Pred 5.4706e-01 (5.2015e-01)	Loss TOTAL 9.3730e-01 (9.2001e-01)
Epoch: [43][370/497]	L_Src_Sup 1.5014e-01 (2.0060e-01)	L_Trg_Inj 3.7273e-01 (3.1139e-01)	Loss Disc 6.8598e-01 (6.8876e-01)	Loss Pred 5.1555e-01 (5.2029e-01)	Loss TOTAL 9.1083e-01 (9.2021e-01)
Epoch: [43][380/497]	L_Src_Sup 1.6327e-01 (1.9942e-01)	L_Trg_Inj 2.1002e-01 (3.1026e-01)	Loss Disc 6.9019e-01 (6.8877e-01)	Loss Pred 5.7239e-01 (5.2064e-01)	Loss TOTAL 9.5481e-01 (9.2023e-01)
Epoch: [43][390/497]	L_Src_Sup 2.4684e-01 (1.9976e-01)	L_Trg_Inj 2.5987e-01 (3.0891e-01)	Loss Disc 6.9043e-01 (6.8878e-01)	Loss Pred 5.5574e-01 (5.2065e-01)	Loss TOTAL 9.5163e-01 (9.2005e-01)
Epoch: [43][400/497]	L_Src_Sup 2.8573e-01 (1.9991e-01)	L_Trg_Inj 2.2863e-01 (3.0730e-01)	Loss Disc 6.8621e-01 (6.8876e-01)	Loss Pred 5.2834e-01 (5.2046e-01)	Loss TOTAL 9.7998e-01 (9.2016e-01)
Epoch: [43][410/497]	L_Src_Sup 4.0825e-01 (2.0080e-01)	L_Trg_Inj 3.2142e-01 (3.0671e-01)	Loss Disc 6.8915e-01 (6.8875e-01)	Loss Pred 5.4119e-01 (5.2042e-01)	Loss TOTAL 1.0456e+00 (9.2025e-01)
Epoch: [43][420/497]	L_Src_Sup 1.7649e-01 (2.0036e-01)	L_Trg_Inj 3.0270e-01 (3.0698e-01)	Loss Disc 6.8983e-01 (6.8876e-01)	Loss Pred 5.4742e-01 (5.2071e-01)	Loss TOTAL 9.4026e-01 (9.2041e-01)
Epoch: [43][430/497]	L_Src_Sup 1.3255e-01 (1.9951e-01)	L_Trg_Inj 2.9242e-01 (3.0655e-01)	Loss Disc 6.9044e-01 (6.8879e-01)	Loss Pred 5.2213e-01 (5.2072e-01)	Loss TOTAL 9.0985e-01 (9.2052e-01)
Epoch: [43][440/497]	L_Src_Sup 1.5536e-01 (1.9935e-01)	L_Trg_Inj 3.0120e-01 (3.0718e-01)	Loss Disc 6.9108e-01 (6.8877e-01)	Loss Pred 5.4076e-01 (5.2082e-01)	Loss TOTAL 9.3195e-01 (9.2056e-01)
Epoch: [43][450/497]	L_Src_Sup 2.9479e-01 (2.0000e-01)	L_Trg_Inj 3.0058e-01 (3.0738e-01)	Loss Disc 6.8942e-01 (6.8874e-01)	Loss Pred 5.0322e-01 (5.2058e-01)	Loss TOTAL 9.0746e-01 (9.2029e-01)
Epoch: [43][460/497]	L_Src_Sup 2.5456e-01 (2.0035e-01)	L_Trg_Inj 3.4565e-01 (3.0681e-01)	Loss Disc 6.8950e-01 (6.8878e-01)	Loss Pred 4.9647e-01 (5.2088e-01)	Loss TOTAL 9.0125e-01 (9.2051e-01)
Epoch: [43][470/497]	L_Src_Sup 3.0480e-01 (1.9999e-01)	L_Trg_Inj 3.2088e-01 (3.0697e-01)	Loss Disc 6.8797e-01 (6.8877e-01)	Loss Pred 5.2887e-01 (5.2089e-01)	Loss TOTAL 9.3542e-01 (9.2039e-01)
Epoch: [43][480/497]	L_Src_Sup 1.4816e-01 (1.9969e-01)	L_Trg_Inj 2.5071e-01 (3.0645e-01)	Loss Disc 6.9126e-01 (6.8881e-01)	Loss Pred 5.0926e-01 (5.2053e-01)	Loss TOTAL 8.9478e-01 (9.1988e-01)
Epoch: [43][490/497]	L_Src_Sup 1.4956e-01 (1.9994e-01)	L_Trg_Inj 1.9309e-01 (3.0604e-01)	Loss Disc 6.9206e-01 (6.8881e-01)	Loss Pred 5.1543e-01 (5.2054e-01)	Loss TOTAL 8.9572e-01 (9.1979e-01)
Epoch: [43][497/497]	L_Src_Sup 1.9834e-01 (2.0007e-01)	L_Trg_Inj 2.2596e-01 (3.0581e-01)	Loss Disc 6.9032e-01 (6.8882e-01)	Loss Pred 4.9020e-01 (5.2053e-01)	Loss TOTAL 8.7780e-01 (9.1976e-01)
Epoch 43 complete. Saving model state...
Epoch: [44][ 10/497]	L_Src_Sup 1.4890e-01 (2.2614e-01)	L_Trg_Inj 2.9834e-01 (3.4951e-01)	Loss Disc 6.8948e-01 (6.8770e-01)	Loss Pred 5.6595e-01 (5.3199e-01)	Loss TOTAL 9.5541e-01 (9.3844e-01)
Epoch: [44][ 20/497]	L_Src_Sup 1.6826e-01 (1.9842e-01)	L_Trg_Inj 2.7682e-01 (3.2974e-01)	Loss Disc 6.8925e-01 (6.8826e-01)	Loss Pred 5.1566e-01 (5.2758e-01)	Loss TOTAL 9.0480e-01 (9.2705e-01)
Epoch: [44][ 30/497]	L_Src_Sup 1.6696e-01 (1.9714e-01)	L_Trg_Inj 2.1677e-01 (3.0820e-01)	Loss Disc 6.8992e-01 (6.8841e-01)	Loss Pred 5.0925e-01 (5.2693e-01)	Loss TOTAL 8.9258e-01 (9.2335e-01)
Epoch: [44][ 40/497]	L_Src_Sup 1.4554e-01 (1.9718e-01)	L_Trg_Inj 1.5142e-01 (3.0509e-01)	Loss Disc 6.9484e-01 (6.8835e-01)	Loss Pred 4.9013e-01 (5.2709e-01)	Loss TOTAL 8.6725e-01 (9.2562e-01)
Epoch: [44][ 50/497]	L_Src_Sup 2.5898e-01 (2.0079e-01)	L_Trg_Inj 1.6737e-01 (2.9499e-01)	Loss Disc 6.9068e-01 (6.8857e-01)	Loss Pred 5.5345e-01 (5.2719e-01)	Loss TOTAL 1.0330e+00 (9.2766e-01)
Epoch: [44][ 60/497]	L_Src_Sup 1.7320e-01 (2.0051e-01)	L_Trg_Inj 2.7558e-01 (3.0206e-01)	Loss Disc 6.9171e-01 (6.8867e-01)	Loss Pred 5.3444e-01 (5.2694e-01)	Loss TOTAL 9.2517e-01 (9.2767e-01)
Epoch: [44][ 70/497]	L_Src_Sup 1.4693e-01 (2.0038e-01)	L_Trg_Inj 3.2206e-01 (3.0394e-01)	Loss Disc 6.8895e-01 (6.8871e-01)	Loss Pred 5.0317e-01 (5.2397e-01)	Loss TOTAL 8.9454e-01 (9.2420e-01)
Epoch: [44][ 80/497]	L_Src_Sup 2.8849e-01 (2.0317e-01)	L_Trg_Inj 3.4055e-01 (3.0865e-01)	Loss Disc 6.8658e-01 (6.8866e-01)	Loss Pred 5.3449e-01 (5.2320e-01)	Loss TOTAL 9.4068e-01 (9.2348e-01)
Epoch: [44][ 90/497]	L_Src_Sup 1.8692e-01 (2.0222e-01)	L_Trg_Inj 3.1533e-01 (3.0584e-01)	Loss Disc 6.8200e-01 (6.8830e-01)	Loss Pred 5.1550e-01 (5.2193e-01)	Loss TOTAL 9.0672e-01 (9.2230e-01)
Epoch: [44][100/497]	L_Src_Sup 2.1385e-01 (2.0519e-01)	L_Trg_Inj 2.6646e-01 (3.0621e-01)	Loss Disc 6.9570e-01 (6.8828e-01)	Loss Pred 5.4079e-01 (5.2094e-01)	Loss TOTAL 9.3667e-01 (9.2180e-01)
Epoch: [44][110/497]	L_Src_Sup 2.4740e-01 (2.0418e-01)	L_Trg_Inj 2.9971e-01 (3.0371e-01)	Loss Disc 6.9246e-01 (6.8856e-01)	Loss Pred 5.2183e-01 (5.2053e-01)	Loss TOTAL 9.2277e-01 (9.2109e-01)
Epoch: [44][120/497]	L_Src_Sup 1.7331e-01 (2.0270e-01)	L_Trg_Inj 2.8311e-01 (3.0445e-01)	Loss Disc 6.9026e-01 (6.8867e-01)	Loss Pred 5.3441e-01 (5.2158e-01)	Loss TOTAL 9.2518e-01 (9.2199e-01)
Epoch: [44][130/497]	L_Src_Sup 1.9126e-01 (2.0339e-01)	L_Trg_Inj 3.7945e-01 (3.0463e-01)	Loss Disc 6.8654e-01 (6.8868e-01)	Loss Pred 5.2808e-01 (5.2214e-01)	Loss TOTAL 9.2843e-01 (9.2222e-01)
Epoch: [44][140/497]	L_Src_Sup 1.5704e-01 (2.0274e-01)	L_Trg_Inj 2.3445e-01 (3.0246e-01)	Loss Disc 6.9150e-01 (6.8881e-01)	Loss Pred 5.6577e-01 (5.2213e-01)	Loss TOTAL 9.5067e-01 (9.2224e-01)
Epoch: [44][150/497]	L_Src_Sup 1.7878e-01 (2.0308e-01)	L_Trg_Inj 3.0537e-01 (3.0356e-01)	Loss Disc 6.8722e-01 (6.8878e-01)	Loss Pred 4.8379e-01 (5.2203e-01)	Loss TOTAL 8.7581e-01 (9.2235e-01)
Epoch: [44][160/497]	L_Src_Sup 2.6439e-01 (2.0168e-01)	L_Trg_Inj 4.6286e-01 (3.0541e-01)	Loss Disc 6.8627e-01 (6.8877e-01)	Loss Pred 5.2180e-01 (5.2120e-01)	Loss TOTAL 9.3766e-01 (9.2124e-01)
Epoch: [44][170/497]	L_Src_Sup 1.2376e-01 (2.0233e-01)	L_Trg_Inj 3.5559e-01 (3.0479e-01)	Loss Disc 6.8885e-01 (6.8882e-01)	Loss Pred 5.7916e-01 (5.2147e-01)	Loss TOTAL 9.7152e-01 (9.2190e-01)
Epoch: [44][180/497]	L_Src_Sup 2.5010e-01 (2.0157e-01)	L_Trg_Inj 3.4402e-01 (3.0608e-01)	Loss Disc 6.8941e-01 (6.8877e-01)	Loss Pred 5.8495e-01 (5.2171e-01)	Loss TOTAL 9.8907e-01 (9.2188e-01)
Epoch: [44][190/497]	L_Src_Sup 2.0005e-01 (2.0147e-01)	L_Trg_Inj 3.6852e-01 (3.0728e-01)	Loss Disc 6.8430e-01 (6.8873e-01)	Loss Pred 5.6921e-01 (5.2177e-01)	Loss TOTAL 9.6822e-01 (9.2183e-01)
Epoch: [44][200/497]	L_Src_Sup 2.1670e-01 (2.0100e-01)	L_Trg_Inj 3.0036e-01 (3.0673e-01)	Loss Disc 6.8889e-01 (6.8872e-01)	Loss Pred 4.9659e-01 (5.2124e-01)	Loss TOTAL 8.9275e-01 (9.2158e-01)
Epoch: [44][210/497]	L_Src_Sup 1.7870e-01 (2.0133e-01)	L_Trg_Inj 3.1152e-01 (3.0637e-01)	Loss Disc 6.8821e-01 (6.8877e-01)	Loss Pred 4.8392e-01 (5.2110e-01)	Loss TOTAL 8.7704e-01 (9.2205e-01)
Epoch: [44][220/497]	L_Src_Sup 9.1813e-02 (1.9971e-01)	L_Trg_Inj 3.1768e-01 (3.0692e-01)	Loss Disc 6.8828e-01 (6.8875e-01)	Loss Pred 5.0273e-01 (5.2085e-01)	Loss TOTAL 8.8782e-01 (9.2146e-01)
Epoch: [44][230/497]	L_Src_Sup 1.5105e-01 (1.9937e-01)	L_Trg_Inj 4.5823e-01 (3.0652e-01)	Loss Disc 6.8474e-01 (6.8874e-01)	Loss Pred 5.2184e-01 (5.2141e-01)	Loss TOTAL 9.2514e-01 (9.2193e-01)
Epoch: [44][240/497]	L_Src_Sup 1.9634e-01 (2.0009e-01)	L_Trg_Inj 2.7216e-01 (3.0643e-01)	Loss Disc 6.9155e-01 (6.8877e-01)	Loss Pred 5.4719e-01 (5.2128e-01)	Loss TOTAL 9.3981e-01 (9.2183e-01)
Epoch: [44][250/497]	L_Src_Sup 1.6518e-01 (2.0064e-01)	L_Trg_Inj 3.7526e-01 (3.0782e-01)	Loss Disc 6.8653e-01 (6.8875e-01)	Loss Pred 5.0272e-01 (5.2113e-01)	Loss TOTAL 9.0003e-01 (9.2182e-01)
Epoch: [44][260/497]	L_Src_Sup 2.2651e-01 (2.0080e-01)	L_Trg_Inj 3.7393e-01 (3.0837e-01)	Loss Disc 6.8599e-01 (6.8871e-01)	Loss Pred 5.2245e-01 (5.2063e-01)	Loss TOTAL 9.2549e-01 (9.2116e-01)
Epoch: [44][270/497]	L_Src_Sup 1.6832e-01 (1.9983e-01)	L_Trg_Inj 3.1200e-01 (3.0733e-01)	Loss Disc 6.8748e-01 (6.8872e-01)	Loss Pred 5.1554e-01 (5.2067e-01)	Loss TOTAL 9.0731e-01 (9.2102e-01)
Epoch: [44][280/497]	L_Src_Sup 1.7192e-01 (2.0005e-01)	L_Trg_Inj 4.5179e-01 (3.0753e-01)	Loss Disc 6.8559e-01 (6.8872e-01)	Loss Pred 5.1572e-01 (5.2067e-01)	Loss TOTAL 9.2088e-01 (9.2106e-01)
Epoch: [44][290/497]	L_Src_Sup 2.9354e-01 (2.0003e-01)	L_Trg_Inj 3.7901e-01 (3.0846e-01)	Loss Disc 6.8655e-01 (6.8872e-01)	Loss Pred 4.5855e-01 (5.2054e-01)	Loss TOTAL 8.6908e-01 (9.2090e-01)
Epoch: [44][300/497]	L_Src_Sup 9.0931e-02 (1.9946e-01)	L_Trg_Inj 3.4375e-01 (3.0767e-01)	Loss Disc 6.8699e-01 (6.8873e-01)	Loss Pred 4.9655e-01 (5.2039e-01)	Loss TOTAL 8.8351e-01 (9.2045e-01)
Epoch: [44][310/497]	L_Src_Sup 1.8203e-01 (1.9927e-01)	L_Trg_Inj 3.1553e-01 (3.0728e-01)	Loss Disc 6.8856e-01 (6.8872e-01)	Loss Pred 4.9664e-01 (5.2001e-01)	Loss TOTAL 8.9067e-01 (9.2034e-01)
Epoch: [44][320/497]	L_Src_Sup 2.3083e-01 (1.9955e-01)	L_Trg_Inj 3.5758e-01 (3.0661e-01)	Loss Disc 6.8788e-01 (6.8875e-01)	Loss Pred 5.3434e-01 (5.2041e-01)	Loss TOTAL 9.3712e-01 (9.2065e-01)
Epoch: [44][330/497]	L_Src_Sup 1.7867e-01 (1.9937e-01)	L_Trg_Inj 2.2532e-01 (3.0645e-01)	Loss Disc 6.9066e-01 (6.8876e-01)	Loss Pred 4.8417e-01 (5.1996e-01)	Loss TOTAL 8.6989e-01 (9.2006e-01)
Epoch: [44][340/497]	L_Src_Sup 1.1274e-01 (1.9958e-01)	L_Trg_Inj 2.6244e-01 (3.0689e-01)	Loss Disc 6.9112e-01 (6.8873e-01)	Loss Pred 5.0289e-01 (5.1951e-01)	Loss TOTAL 8.8597e-01 (9.1953e-01)
Epoch: [44][350/497]	L_Src_Sup 1.9709e-01 (1.9993e-01)	L_Trg_Inj 3.3606e-01 (3.0711e-01)	Loss Disc 6.8915e-01 (6.8878e-01)	Loss Pred 5.1548e-01 (5.1933e-01)	Loss TOTAL 9.1337e-01 (9.1929e-01)
Epoch: [44][360/497]	L_Src_Sup 1.8359e-01 (2.0118e-01)	L_Trg_Inj 2.6968e-01 (3.0856e-01)	Loss Disc 6.9125e-01 (6.8878e-01)	Loss Pred 5.0274e-01 (5.1971e-01)	Loss TOTAL 8.9369e-01 (9.1994e-01)
Epoch: [44][370/497]	L_Src_Sup 2.3771e-01 (2.0094e-01)	L_Trg_Inj 3.2724e-01 (3.0864e-01)	Loss Disc 6.9041e-01 (6.8882e-01)	Loss Pred 5.5335e-01 (5.2008e-01)	Loss TOTAL 9.5505e-01 (9.2019e-01)
Epoch: [44][380/497]	L_Src_Sup 1.1549e-01 (2.0117e-01)	L_Trg_Inj 3.7827e-01 (3.0922e-01)	Loss Disc 6.8570e-01 (6.8880e-01)	Loss Pred 5.3444e-01 (5.2042e-01)	Loss TOTAL 9.2667e-01 (9.2060e-01)
Epoch: [44][390/497]	L_Src_Sup 1.9748e-01 (2.0116e-01)	L_Trg_Inj 3.7885e-01 (3.1021e-01)	Loss Disc 6.8843e-01 (6.8883e-01)	Loss Pred 4.9023e-01 (5.2026e-01)	Loss TOTAL 8.9208e-01 (9.2044e-01)
Epoch: [44][400/497]	L_Src_Sup 1.7195e-01 (2.0179e-01)	L_Trg_Inj 3.3453e-01 (3.1056e-01)	Loss Disc 6.9091e-01 (6.8887e-01)	Loss Pred 5.2804e-01 (5.2042e-01)	Loss TOTAL 9.2415e-01 (9.2088e-01)
Epoch: [44][410/497]	L_Src_Sup 1.7389e-01 (2.0237e-01)	L_Trg_Inj 3.5785e-01 (3.1185e-01)	Loss Disc 6.8824e-01 (6.8886e-01)	Loss Pred 5.2825e-01 (5.2022e-01)	Loss TOTAL 9.2555e-01 (9.2086e-01)
Epoch: [44][420/497]	L_Src_Sup 2.1799e-01 (2.0240e-01)	L_Trg_Inj 2.8221e-01 (3.1228e-01)	Loss Disc 6.9368e-01 (6.8889e-01)	Loss Pred 5.5351e-01 (5.2007e-01)	Loss TOTAL 9.5037e-01 (9.2070e-01)
Epoch: [44][430/497]	L_Src_Sup 2.0966e-01 (2.0214e-01)	L_Trg_Inj 4.3911e-01 (3.1232e-01)	Loss Disc 6.8902e-01 (6.8893e-01)	Loss Pred 5.2832e-01 (5.1995e-01)	Loss TOTAL 9.3770e-01 (9.2050e-01)
Epoch: [44][440/497]	L_Src_Sup 2.9322e-01 (2.0274e-01)	L_Trg_Inj 3.6308e-01 (3.1243e-01)	Loss Disc 6.8426e-01 (6.8890e-01)	Loss Pred 5.4069e-01 (5.2046e-01)	Loss TOTAL 9.4845e-01 (9.2123e-01)
Epoch: [44][450/497]	L_Src_Sup 2.4519e-01 (2.0247e-01)	L_Trg_Inj 3.4093e-01 (3.1200e-01)	Loss Disc 6.9315e-01 (6.8892e-01)	Loss Pred 4.9432e-01 (5.2018e-01)	Loss TOTAL 8.9951e-01 (9.2078e-01)
Epoch: [44][460/497]	L_Src_Sup 1.1778e-01 (2.0341e-01)	L_Trg_Inj 3.2467e-01 (3.1275e-01)	Loss Disc 6.8944e-01 (6.8894e-01)	Loss Pred 5.4763e-01 (5.2035e-01)	Loss TOTAL 9.3660e-01 (9.2137e-01)
Epoch: [44][470/497]	L_Src_Sup 2.0764e-01 (2.0355e-01)	L_Trg_Inj 3.6371e-01 (3.1406e-01)	Loss Disc 6.8716e-01 (6.8892e-01)	Loss Pred 5.2196e-01 (5.2045e-01)	Loss TOTAL 9.2267e-01 (9.2149e-01)
Epoch: [44][480/497]	L_Src_Sup 1.6590e-01 (2.0367e-01)	L_Trg_Inj 2.5151e-01 (3.1408e-01)	Loss Disc 6.9106e-01 (6.8892e-01)	Loss Pred 5.7242e-01 (5.2048e-01)	Loss TOTAL 9.5969e-01 (9.2144e-01)
Epoch: [44][490/497]	L_Src_Sup 4.1284e-02 (2.0323e-01)	L_Trg_Inj 2.9761e-01 (3.1400e-01)	Loss Disc 6.8886e-01 (6.8892e-01)	Loss Pred 5.7869e-01 (5.2066e-01)	Loss TOTAL 9.5701e-01 (9.2148e-01)
Epoch: [44][497/497]	L_Src_Sup 2.8858e-01 (2.0344e-01)	L_Trg_Inj 3.0465e-01 (3.1420e-01)	Loss Disc 6.8902e-01 (6.8891e-01)	Loss Pred 5.3490e-01 (5.2055e-01)	Loss TOTAL 9.3873e-01 (9.2141e-01)
Epoch 44 complete. Saving model state...
Epoch: [45][ 10/497]	L_Src_Sup 2.2659e-01 (1.7373e-01)	L_Trg_Inj 2.4050e-01 (2.9989e-01)	Loss Disc 6.8876e-01 (6.8848e-01)	Loss Pred 5.2195e-01 (5.1813e-01)	Loss TOTAL 9.1304e-01 (9.0974e-01)
Epoch: [45][ 20/497]	L_Src_Sup 2.1367e-01 (1.7533e-01)	L_Trg_Inj 1.9462e-01 (2.7464e-01)	Loss Disc 6.9127e-01 (6.8908e-01)	Loss Pred 5.4077e-01 (5.1926e-01)	Loss TOTAL 9.4629e-01 (9.1279e-01)
Epoch: [45][ 30/497]	L_Src_Sup 2.3292e-01 (1.7779e-01)	L_Trg_Inj 2.7833e-01 (2.7851e-01)	Loss Disc 6.8880e-01 (6.8909e-01)	Loss Pred 5.3459e-01 (5.1924e-01)	Loss TOTAL 9.3012e-01 (9.1208e-01)
Epoch: [45][ 40/497]	L_Src_Sup 9.4472e-02 (1.9335e-01)	L_Trg_Inj 3.4549e-01 (2.8178e-01)	Loss Disc 6.8889e-01 (6.8907e-01)	Loss Pred 5.2198e-01 (5.1692e-01)	Loss TOTAL 9.1042e-01 (9.1794e-01)
Epoch: [45][ 50/497]	L_Src_Sup 1.5856e-01 (1.9455e-01)	L_Trg_Inj 2.3905e-01 (2.9007e-01)	Loss Disc 6.9134e-01 (6.8912e-01)	Loss Pred 5.5329e-01 (5.1916e-01)	Loss TOTAL 9.3872e-01 (9.1936e-01)
Epoch: [45][ 60/497]	L_Src_Sup 1.4837e-01 (1.9408e-01)	L_Trg_Inj 2.4406e-01 (2.9252e-01)	Loss Disc 6.9033e-01 (6.8911e-01)	Loss Pred 5.0910e-01 (5.1908e-01)	Loss TOTAL 8.9351e-01 (9.1828e-01)
Epoch: [45][ 70/497]	L_Src_Sup 2.5234e-01 (1.9808e-01)	L_Trg_Inj 3.3653e-01 (3.0062e-01)	Loss Disc 6.8848e-01 (6.8894e-01)	Loss Pred 4.9016e-01 (5.1965e-01)	Loss TOTAL 8.9329e-01 (9.1987e-01)
Epoch: [45][ 80/497]	L_Src_Sup 1.9817e-01 (1.9635e-01)	L_Trg_Inj 3.9952e-01 (3.0213e-01)	Loss Disc 6.8413e-01 (6.8883e-01)	Loss Pred 5.5346e-01 (5.1961e-01)	Loss TOTAL 9.5529e-01 (9.1922e-01)
Epoch: [45][ 90/497]	L_Src_Sup 1.3335e-01 (1.9947e-01)	L_Trg_Inj 4.0436e-01 (3.0052e-01)	Loss Disc 6.8562e-01 (6.8884e-01)	Loss Pred 5.2826e-01 (5.1995e-01)	Loss TOTAL 9.2484e-01 (9.2037e-01)
Epoch: [45][100/497]	L_Src_Sup 2.2434e-01 (2.0086e-01)	L_Trg_Inj 4.3273e-01 (3.0349e-01)	Loss Disc 6.8512e-01 (6.8873e-01)	Loss Pred 5.1552e-01 (5.1982e-01)	Loss TOTAL 9.2378e-01 (9.2029e-01)
Epoch: [45][110/497]	L_Src_Sup 2.6272e-01 (2.0206e-01)	L_Trg_Inj 3.6173e-01 (3.0229e-01)	Loss Disc 6.8617e-01 (6.8878e-01)	Loss Pred 5.6612e-01 (5.2047e-01)	Loss TOTAL 9.7165e-01 (9.2045e-01)
Epoch: [45][120/497]	L_Src_Sup 2.3639e-01 (2.0322e-01)	L_Trg_Inj 3.0453e-01 (3.0198e-01)	Loss Disc 6.8924e-01 (6.8880e-01)	Loss Pred 4.9641e-01 (5.1942e-01)	Loss TOTAL 8.9512e-01 (9.2005e-01)
Epoch: [45][130/497]	L_Src_Sup 9.6205e-02 (2.0155e-01)	L_Trg_Inj 3.1112e-01 (3.0297e-01)	Loss Disc 6.8965e-01 (6.8882e-01)	Loss Pred 5.3500e-01 (5.1801e-01)	Loss TOTAL 9.2055e-01 (9.1837e-01)
Epoch: [45][140/497]	L_Src_Sup 1.6899e-01 (2.0217e-01)	L_Trg_Inj 3.9044e-01 (3.0783e-01)	Loss Disc 6.8707e-01 (6.8872e-01)	Loss Pred 5.1535e-01 (5.1815e-01)	Loss TOTAL 9.1483e-01 (9.1861e-01)
Epoch: [45][150/497]	L_Src_Sup 2.4493e-01 (2.0139e-01)	L_Trg_Inj 4.0199e-01 (3.0600e-01)	Loss Disc 6.8633e-01 (6.8884e-01)	Loss Pred 5.2176e-01 (5.1859e-01)	Loss TOTAL 9.2962e-01 (9.1851e-01)
Epoch: [45][160/497]	L_Src_Sup 1.3614e-01 (1.9904e-01)	L_Trg_Inj 9.9073e-02 (3.0353e-01)	Loss Disc 6.9134e-01 (6.8893e-01)	Loss Pred 4.4017e-01 (5.1778e-01)	Loss TOTAL 8.4644e-01 (9.1719e-01)
Epoch: [45][170/497]	L_Src_Sup 2.1546e-01 (2.0045e-01)	L_Trg_Inj 3.7352e-01 (3.0497e-01)	Loss Disc 6.8670e-01 (6.8888e-01)	Loss Pred 4.8387e-01 (5.1809e-01)	Loss TOTAL 8.8612e-01 (9.1805e-01)
Epoch: [45][180/497]	L_Src_Sup 1.8534e-01 (2.0101e-01)	L_Trg_Inj 3.0914e-01 (3.0664e-01)	Loss Disc 6.8324e-01 (6.8860e-01)	Loss Pred 5.0922e-01 (5.1805e-01)	Loss TOTAL 9.0028e-01 (9.1783e-01)
Epoch: [45][190/497]	L_Src_Sup 3.7467e-01 (2.0216e-01)	L_Trg_Inj 2.0377e-01 (3.0501e-01)	Loss Disc 6.9470e-01 (6.8876e-01)	Loss Pred 5.0104e-01 (5.1822e-01)	Loss TOTAL 1.0771e+00 (9.1911e-01)
Epoch: [45][200/497]	L_Src_Sup 3.6724e-02 (2.0260e-01)	L_Trg_Inj 4.6025e-01 (3.0694e-01)	Loss Disc 6.8584e-01 (6.8877e-01)	Loss Pred 5.0279e-01 (5.1862e-01)	Loss TOTAL 8.9540e-01 (9.1981e-01)
Epoch: [45][210/497]	L_Src_Sup 2.5001e-01 (2.0354e-01)	L_Trg_Inj 2.1895e-01 (3.0955e-01)	Loss Disc 6.9278e-01 (6.8874e-01)	Loss Pred 4.8394e-01 (5.1845e-01)	Loss TOTAL 9.0829e-01 (9.1984e-01)
Epoch: [45][220/497]	L_Src_Sup 1.9617e-01 (2.0396e-01)	L_Trg_Inj 2.8455e-01 (3.1089e-01)	Loss Disc 6.8964e-01 (6.8867e-01)	Loss Pred 5.4740e-01 (5.1869e-01)	Loss TOTAL 9.4029e-01 (9.1996e-01)
Epoch: [45][230/497]	L_Src_Sup 2.6440e-01 (2.0443e-01)	L_Trg_Inj 2.8994e-01 (3.1075e-01)	Loss Disc 6.8846e-01 (6.8867e-01)	Loss Pred 5.2196e-01 (5.1869e-01)	Loss TOTAL 9.2162e-01 (9.1977e-01)
Epoch: [45][240/497]	L_Src_Sup 2.3533e-01 (2.0452e-01)	L_Trg_Inj 4.5963e-01 (3.1216e-01)	Loss Disc 6.8576e-01 (6.8862e-01)	Loss Pred 5.4734e-01 (5.1847e-01)	Loss TOTAL 9.5972e-01 (9.1946e-01)
Epoch: [45][250/497]	L_Src_Sup 1.6982e-01 (2.0335e-01)	L_Trg_Inj 3.1989e-01 (3.1049e-01)	Loss Disc 6.8826e-01 (6.8866e-01)	Loss Pred 5.2169e-01 (5.1880e-01)	Loss TOTAL 9.1479e-01 (9.1955e-01)
Epoch: [45][260/497]	L_Src_Sup 2.0185e-01 (2.0263e-01)	L_Trg_Inj 2.3989e-01 (3.0942e-01)	Loss Disc 6.9044e-01 (6.8866e-01)	Loss Pred 5.0293e-01 (5.1838e-01)	Loss TOTAL 8.9233e-01 (9.1927e-01)
Epoch: [45][270/497]	L_Src_Sup 1.6366e-01 (2.0299e-01)	L_Trg_Inj 3.5400e-01 (3.0842e-01)	Loss Disc 6.8683e-01 (6.8867e-01)	Loss Pred 4.9635e-01 (5.1853e-01)	Loss TOTAL 8.9153e-01 (9.1941e-01)
Epoch: [45][280/497]	L_Src_Sup 3.1722e-01 (2.0269e-01)	L_Trg_Inj 3.1620e-01 (3.0767e-01)	Loss Disc 6.8879e-01 (6.8867e-01)	Loss Pred 5.0343e-01 (5.1852e-01)	Loss TOTAL 9.1219e-01 (9.1910e-01)
Epoch: [45][290/497]	L_Src_Sup 2.9716e-01 (2.0325e-01)	L_Trg_Inj 1.8961e-01 (3.0627e-01)	Loss Disc 6.9185e-01 (6.8870e-01)	Loss Pred 5.5336e-01 (5.1889e-01)	Loss TOTAL 1.0555e+00 (9.1981e-01)
Epoch: [45][300/497]	L_Src_Sup 1.8351e-01 (2.0377e-01)	L_Trg_Inj 3.5140e-01 (3.0636e-01)	Loss Disc 6.8791e-01 (6.8870e-01)	Loss Pred 5.0281e-01 (5.1937e-01)	Loss TOTAL 9.0025e-01 (9.2027e-01)
Epoch: [45][310/497]	L_Src_Sup 2.7453e-01 (2.0358e-01)	L_Trg_Inj 2.7927e-01 (3.0713e-01)	Loss Disc 6.8922e-01 (6.8869e-01)	Loss Pred 5.4705e-01 (5.2019e-01)	Loss TOTAL 9.4704e-01 (9.2106e-01)
Epoch: [45][320/497]	L_Src_Sup 2.6788e-01 (2.0287e-01)	L_Trg_Inj 1.4982e-01 (3.0795e-01)	Loss Disc 6.9429e-01 (6.8864e-01)	Loss Pred 4.8388e-01 (5.2016e-01)	Loss TOTAL 9.9086e-01 (9.2122e-01)
Epoch: [45][330/497]	L_Src_Sup 1.6982e-01 (2.0227e-01)	L_Trg_Inj 3.5255e-01 (3.0704e-01)	Loss Disc 6.8780e-01 (6.8867e-01)	Loss Pred 5.2175e-01 (5.2025e-01)	Loss TOTAL 9.1789e-01 (9.2114e-01)
Epoch: [45][340/497]	L_Src_Sup 2.1575e-01 (2.0156e-01)	L_Trg_Inj 3.1414e-01 (3.0669e-01)	Loss Disc 6.8378e-01 (6.8860e-01)	Loss Pred 5.4069e-01 (5.2069e-01)	Loss TOTAL 9.3557e-01 (9.2140e-01)
Epoch: [45][350/497]	L_Src_Sup 1.9299e-01 (2.0163e-01)	L_Trg_Inj 3.2901e-01 (3.0668e-01)	Loss Disc 6.9016e-01 (6.8863e-01)	Loss Pred 4.7122e-01 (5.2088e-01)	Loss TOTAL 8.6850e-01 (9.2146e-01)
Epoch: [45][360/497]	L_Src_Sup 1.4960e-01 (2.0091e-01)	L_Trg_Inj 2.2787e-01 (3.0594e-01)	Loss Disc 6.8930e-01 (6.8865e-01)	Loss Pred 5.1547e-01 (5.2082e-01)	Loss TOTAL 8.9787e-01 (9.2111e-01)
Epoch: [45][370/497]	L_Src_Sup 2.5929e-01 (2.0157e-01)	L_Trg_Inj 2.0790e-01 (3.0469e-01)	Loss Disc 6.9019e-01 (6.8865e-01)	Loss Pred 5.0907e-01 (5.2094e-01)	Loss TOTAL 9.5228e-01 (9.2142e-01)
Epoch: [45][380/497]	L_Src_Sup 1.2731e-01 (2.0116e-01)	L_Trg_Inj 2.0104e-01 (3.0357e-01)	Loss Disc 6.8904e-01 (6.8865e-01)	Loss Pred 4.9682e-01 (5.2101e-01)	Loss TOTAL 8.7418e-01 (9.2120e-01)
Epoch: [45][390/497]	L_Src_Sup 2.2230e-01 (2.0021e-01)	L_Trg_Inj 1.9205e-01 (3.0174e-01)	Loss Disc 6.8895e-01 (6.8863e-01)	Loss Pred 5.2413e-01 (5.2090e-01)	Loss TOTAL 9.4029e-01 (9.2108e-01)
Epoch: [45][400/497]	L_Src_Sup 2.9453e-01 (2.0065e-01)	L_Trg_Inj 2.9058e-01 (3.0149e-01)	Loss Disc 6.9050e-01 (6.8864e-01)	Loss Pred 5.4075e-01 (5.2119e-01)	Loss TOTAL 9.4847e-01 (9.2146e-01)
Epoch: [45][410/497]	L_Src_Sup 2.0344e-01 (1.9992e-01)	L_Trg_Inj 3.9440e-01 (3.0256e-01)	Loss Disc 6.8301e-01 (6.8859e-01)	Loss Pred 5.0283e-01 (5.2085e-01)	Loss TOTAL 9.0412e-01 (9.2098e-01)
Epoch: [45][420/497]	L_Src_Sup 2.5569e-01 (1.9986e-01)	L_Trg_Inj 2.9355e-01 (3.0256e-01)	Loss Disc 6.8633e-01 (6.8855e-01)	Loss Pred 5.1332e-01 (5.2056e-01)	Loss TOTAL 9.1141e-01 (9.2053e-01)
Epoch: [45][430/497]	L_Src_Sup 2.2284e-01 (2.0026e-01)	L_Trg_Inj 2.6137e-01 (3.0200e-01)	Loss Disc 6.8894e-01 (6.8854e-01)	Loss Pred 5.2202e-01 (5.2051e-01)	Loss TOTAL 9.1491e-01 (9.2065e-01)
Epoch: [45][440/497]	L_Src_Sup 1.5699e-01 (2.0089e-01)	L_Trg_Inj 2.2079e-01 (3.0205e-01)	Loss Disc 6.9308e-01 (6.8853e-01)	Loss Pred 5.4706e-01 (5.2045e-01)	Loss TOTAL 9.3138e-01 (9.2057e-01)
Epoch: [45][450/497]	L_Src_Sup 1.4718e-01 (2.0076e-01)	L_Trg_Inj 3.3097e-01 (3.0222e-01)	Loss Disc 6.8492e-01 (6.8849e-01)	Loss Pred 5.0294e-01 (5.2051e-01)	Loss TOTAL 8.9321e-01 (9.2049e-01)
Epoch: [45][460/497]	L_Src_Sup 3.1784e-01 (2.0110e-01)	L_Trg_Inj 2.8866e-01 (3.0217e-01)	Loss Disc 6.8689e-01 (6.8846e-01)	Loss Pred 5.3229e-01 (5.2055e-01)	Loss TOTAL 9.6556e-01 (9.2054e-01)
Epoch: [45][470/497]	L_Src_Sup 1.3336e-01 (2.0110e-01)	L_Trg_Inj 2.5125e-01 (3.0252e-01)	Loss Disc 6.8880e-01 (6.8848e-01)	Loss Pred 5.2797e-01 (5.2074e-01)	Loss TOTAL 9.1083e-01 (9.2066e-01)
Epoch: [45][480/497]	L_Src_Sup 1.1010e-01 (2.0134e-01)	L_Trg_Inj 2.4078e-01 (3.0179e-01)	Loss Disc 6.9468e-01 (6.8847e-01)	Loss Pred 5.0294e-01 (5.2078e-01)	Loss TOTAL 8.8537e-01 (9.2091e-01)
Epoch: [45][490/497]	L_Src_Sup 3.0634e-01 (2.0132e-01)	L_Trg_Inj 2.9073e-01 (3.0188e-01)	Loss Disc 6.8726e-01 (6.8848e-01)	Loss Pred 4.9022e-01 (5.2056e-01)	Loss TOTAL 9.0917e-01 (9.2076e-01)
Epoch: [45][497/497]	L_Src_Sup 1.4290e-01 (2.0111e-01)	L_Trg_Inj 3.6514e-01 (3.0220e-01)	Loss Disc 6.8679e-01 (6.8847e-01)	Loss Pred 4.8439e-01 (5.2050e-01)	Loss TOTAL 8.7859e-01 (9.2065e-01)
Epoch 45 complete. Saving model state...
Epoch: [46][ 10/497]	L_Src_Sup 2.9415e-01 (2.2189e-01)	L_Trg_Inj 3.6483e-01 (3.1014e-01)	Loss Disc 6.8779e-01 (6.8812e-01)	Loss Pred 5.4705e-01 (5.3085e-01)	Loss TOTAL 9.5684e-01 (9.2875e-01)
Epoch: [46][ 20/497]	L_Src_Sup 2.7355e-01 (2.2469e-01)	L_Trg_Inj 2.7682e-01 (3.2257e-01)	Loss Disc 6.8653e-01 (6.8737e-01)	Loss Pred 4.5275e-01 (5.2041e-01)	Loss TOTAL 8.5105e-01 (9.1914e-01)
Epoch: [46][ 30/497]	L_Src_Sup 3.8093e-01 (2.1791e-01)	L_Trg_Inj 3.5849e-01 (3.2316e-01)	Loss Disc 6.8647e-01 (6.8711e-01)	Loss Pred 5.1323e-01 (5.2082e-01)	Loss TOTAL 9.5285e-01 (9.2007e-01)
Epoch: [46][ 40/497]	L_Src_Sup 1.6303e-01 (2.1212e-01)	L_Trg_Inj 4.1721e-01 (3.2283e-01)	Loss Disc 6.8190e-01 (6.8716e-01)	Loss Pred 4.7790e-01 (5.2114e-01)	Loss TOTAL 8.7688e-01 (9.1977e-01)
Epoch: [46][ 50/497]	L_Src_Sup 2.0377e-01 (2.1140e-01)	L_Trg_Inj 2.7268e-01 (3.2537e-01)	Loss Disc 6.9069e-01 (6.8766e-01)	Loss Pred 5.0911e-01 (5.2470e-01)	Loss TOTAL 9.0210e-01 (9.2345e-01)
Epoch: [46][ 60/497]	L_Src_Sup 7.4420e-02 (2.0426e-01)	L_Trg_Inj 2.8020e-01 (3.1881e-01)	Loss Disc 6.8572e-01 (6.8770e-01)	Loss Pred 5.0912e-01 (5.2446e-01)	Loss TOTAL 8.8744e-01 (9.2165e-01)
Epoch: [46][ 70/497]	L_Src_Sup 2.2228e-01 (2.0296e-01)	L_Trg_Inj 2.0795e-01 (3.1728e-01)	Loss Disc 6.9589e-01 (6.8767e-01)	Loss Pred 5.0933e-01 (5.2308e-01)	Loss TOTAL 9.1463e-01 (9.2003e-01)
Epoch: [46][ 80/497]	L_Src_Sup 5.8832e-02 (1.9986e-01)	L_Trg_Inj 3.5669e-01 (3.1659e-01)	Loss Disc 6.8679e-01 (6.8791e-01)	Loss Pred 5.4723e-01 (5.2254e-01)	Loss TOTAL 9.3218e-01 (9.1930e-01)
Epoch: [46][ 90/497]	L_Src_Sup 1.6514e-01 (1.9502e-01)	L_Trg_Inj 2.5806e-01 (3.1393e-01)	Loss Disc 6.8929e-01 (6.8800e-01)	Loss Pred 5.0277e-01 (5.2227e-01)	Loss TOTAL 8.8973e-01 (9.1820e-01)
Epoch: [46][100/497]	L_Src_Sup 1.9673e-01 (2.0049e-01)	L_Trg_Inj 1.4531e-01 (3.0449e-01)	Loss Disc 6.9581e-01 (6.8825e-01)	Loss Pred 5.1192e-01 (5.2125e-01)	Loss TOTAL 9.4545e-01 (9.2388e-01)
Epoch: [46][110/497]	L_Src_Sup 1.7670e-01 (2.0430e-01)	L_Trg_Inj 2.6922e-01 (2.9938e-01)	Loss Disc 6.9131e-01 (6.8855e-01)	Loss Pred 5.4713e-01 (5.2123e-01)	Loss TOTAL 9.3738e-01 (9.2691e-01)
Epoch: [46][120/497]	L_Src_Sup 1.9826e-01 (2.0866e-01)	L_Trg_Inj 1.6865e-01 (2.9814e-01)	Loss Disc 6.9343e-01 (6.8896e-01)	Loss Pred 5.5347e-01 (5.2176e-01)	Loss TOTAL 9.6649e-01 (9.2853e-01)
Epoch: [46][130/497]	L_Src_Sup 1.3701e-01 (2.0889e-01)	L_Trg_Inj 2.7639e-01 (2.9566e-01)	Loss Disc 6.9257e-01 (6.8926e-01)	Loss Pred 5.5981e-01 (5.2117e-01)	Loss TOTAL 9.4743e-01 (9.2735e-01)
Epoch: [46][140/497]	L_Src_Sup 2.3944e-01 (2.0951e-01)	L_Trg_Inj 1.9130e-01 (2.9574e-01)	Loss Disc 6.9227e-01 (6.8950e-01)	Loss Pred 5.6635e-01 (5.2092e-01)	Loss TOTAL 1.0037e+00 (9.2765e-01)
Epoch: [46][150/497]	L_Src_Sup 1.4945e-01 (2.0882e-01)	L_Trg_Inj 2.5199e-01 (2.9406e-01)	Loss Disc 6.9243e-01 (6.8969e-01)	Loss Pred 5.2827e-01 (5.2036e-01)	Loss TOTAL 9.1463e-01 (9.2691e-01)
Epoch: [46][160/497]	L_Src_Sup 1.8550e-01 (2.0888e-01)	L_Trg_Inj 2.1660e-01 (2.9346e-01)	Loss Disc 6.9346e-01 (6.8993e-01)	Loss Pred 5.7807e-01 (5.2089e-01)	Loss TOTAL 9.6501e-01 (9.2704e-01)
Epoch: [46][170/497]	L_Src_Sup 2.9968e-01 (2.0967e-01)	L_Trg_Inj 1.8738e-01 (2.8944e-01)	Loss Disc 6.9270e-01 (6.9012e-01)	Loss Pred 5.1750e-01 (5.2034e-01)	Loss TOTAL 1.0249e+00 (9.2700e-01)
Epoch: [46][180/497]	L_Src_Sup 2.4768e-01 (2.1145e-01)	L_Trg_Inj 1.7539e-01 (2.9116e-01)	Loss Disc 6.9443e-01 (6.9028e-01)	Loss Pred 5.7893e-01 (5.2079e-01)	Loss TOTAL 1.0407e+00 (9.2776e-01)
Epoch: [46][190/497]	L_Src_Sup 1.1111e-01 (2.1021e-01)	L_Trg_Inj 2.5889e-01 (2.9044e-01)	Loss Disc 6.9281e-01 (6.9042e-01)	Loss Pred 5.0954e-01 (5.2115e-01)	Loss TOTAL 8.9294e-01 (9.2770e-01)
Epoch: [46][200/497]	L_Src_Sup 1.6668e-01 (2.0927e-01)	L_Trg_Inj 2.3774e-01 (2.9064e-01)	Loss Disc 6.9295e-01 (6.9054e-01)	Loss Pred 5.5974e-01 (5.2146e-01)	Loss TOTAL 9.4666e-01 (9.2744e-01)
Epoch: [46][210/497]	L_Src_Sup 1.3867e-01 (2.0845e-01)	L_Trg_Inj 2.3161e-01 (2.8904e-01)	Loss Disc 6.9319e-01 (6.9066e-01)	Loss Pred 5.5368e-01 (5.2124e-01)	Loss TOTAL 9.3731e-01 (9.2696e-01)
Epoch: [46][220/497]	L_Src_Sup 1.7322e-01 (2.0857e-01)	L_Trg_Inj 3.7227e-01 (2.9024e-01)	Loss Disc 6.9302e-01 (6.9077e-01)	Loss Pred 5.3450e-01 (5.2135e-01)	Loss TOTAL 9.3556e-01 (9.2722e-01)
Epoch: [46][230/497]	L_Src_Sup 1.8354e-01 (2.0686e-01)	L_Trg_Inj 2.0376e-01 (2.8894e-01)	Loss Disc 6.9319e-01 (6.9088e-01)	Loss Pred 5.0279e-01 (5.2140e-01)	Loss TOTAL 8.8812e-01 (9.2656e-01)
Epoch: [46][240/497]	L_Src_Sup 2.4747e-01 (2.0603e-01)	L_Trg_Inj 2.5032e-01 (2.8778e-01)	Loss Disc 6.9332e-01 (6.9097e-01)	Loss Pred 5.7890e-01 (5.2137e-01)	Loss TOTAL 9.7534e-01 (9.2608e-01)
Epoch: [46][250/497]	L_Src_Sup 1.9047e-01 (2.0591e-01)	L_Trg_Inj 2.4679e-01 (2.8658e-01)	Loss Disc 6.9321e-01 (6.9106e-01)	Loss Pred 5.2813e-01 (5.2164e-01)	Loss TOTAL 9.1846e-01 (9.2652e-01)
Epoch: [46][260/497]	L_Src_Sup 2.0561e-01 (2.0689e-01)	L_Trg_Inj 3.5948e-01 (2.8616e-01)	Loss Disc 6.9302e-01 (6.9115e-01)	Loss Pred 5.1561e-01 (5.2107e-01)	Loss TOTAL 9.1863e-01 (9.2607e-01)
Epoch: [46][270/497]	L_Src_Sup 1.6250e-01 (2.0863e-01)	L_Trg_Inj 3.6707e-01 (2.8538e-01)	Loss Disc 6.9325e-01 (6.9122e-01)	Loss Pred 5.4113e-01 (5.2114e-01)	Loss TOTAL 9.4072e-01 (9.2687e-01)
Epoch: [46][280/497]	L_Src_Sup 3.2742e-01 (2.1052e-01)	L_Trg_Inj 2.2030e-01 (2.8705e-01)	Loss Disc 6.9332e-01 (6.9130e-01)	Loss Pred 5.2846e-01 (5.2097e-01)	Loss TOTAL 1.0370e+00 (9.2730e-01)
Epoch: [46][290/497]	L_Src_Sup 1.4982e-01 (2.1057e-01)	L_Trg_Inj 2.2966e-01 (2.8992e-01)	Loss Disc 6.9343e-01 (6.9136e-01)	Loss Pred 5.1564e-01 (5.2074e-01)	Loss TOTAL 9.0030e-01 (9.2702e-01)
Epoch: [46][300/497]	L_Src_Sup 2.4867e-01 (2.1023e-01)	L_Trg_Inj 3.3424e-01 (2.8824e-01)	Loss Disc 6.9310e-01 (6.9142e-01)	Loss Pred 5.2868e-01 (5.2067e-01)	Loss TOTAL 9.3352e-01 (9.2654e-01)
Epoch: [46][310/497]	L_Src_Sup 3.1762e-01 (2.1032e-01)	L_Trg_Inj 4.1126e-01 (2.8806e-01)	Loss Disc 6.9320e-01 (6.9148e-01)	Loss Pred 5.0940e-01 (5.2083e-01)	Loss TOTAL 9.2888e-01 (9.2734e-01)
Epoch: [46][320/497]	L_Src_Sup 1.9251e-01 (2.0945e-01)	L_Trg_Inj 4.2447e-01 (2.8826e-01)	Loss Disc 6.9321e-01 (6.9154e-01)	Loss Pred 5.3466e-01 (5.2106e-01)	Loss TOTAL 9.4296e-01 (9.2747e-01)
Epoch: [46][330/497]	L_Src_Sup 1.9424e-01 (2.0877e-01)	L_Trg_Inj 2.9414e-01 (2.8737e-01)	Loss Disc 6.9322e-01 (6.9159e-01)	Loss Pred 5.4111e-01 (5.2084e-01)	Loss TOTAL 9.3656e-01 (9.2694e-01)
Epoch: [46][340/497]	L_Src_Sup 1.5689e-01 (2.0855e-01)	L_Trg_Inj 3.5355e-01 (2.8768e-01)	Loss Disc 6.9312e-01 (6.9164e-01)	Loss Pred 5.4715e-01 (5.2107e-01)	Loss TOTAL 9.4476e-01 (9.2741e-01)
Epoch: [46][350/497]	L_Src_Sup 1.7877e-01 (2.0883e-01)	L_Trg_Inj 2.6407e-01 (2.8848e-01)	Loss Disc 6.9305e-01 (6.9167e-01)	Loss Pred 4.8392e-01 (5.2095e-01)	Loss TOTAL 8.7473e-01 (9.2711e-01)
Epoch: [46][360/497]	L_Src_Sup 2.4181e-01 (2.0847e-01)	L_Trg_Inj 2.6915e-01 (2.8872e-01)	Loss Disc 6.9321e-01 (6.9172e-01)	Loss Pred 5.0932e-01 (5.2091e-01)	Loss TOTAL 9.0702e-01 (9.2678e-01)
Epoch: [46][370/497]	L_Src_Sup 2.6772e-01 (2.0888e-01)	L_Trg_Inj 3.0189e-01 (2.8800e-01)	Loss Disc 6.9349e-01 (6.9176e-01)	Loss Pred 4.7746e-01 (5.2075e-01)	Loss TOTAL 8.8116e-01 (9.2653e-01)
Epoch: [46][380/497]	L_Src_Sup 2.0571e-01 (2.0908e-01)	L_Trg_Inj 2.3237e-01 (2.8757e-01)	Loss Disc 6.9312e-01 (6.9179e-01)	Loss Pred 5.1538e-01 (5.2084e-01)	Loss TOTAL 9.0575e-01 (9.2663e-01)
Epoch: [46][390/497]	L_Src_Sup 1.8702e-01 (2.0846e-01)	L_Trg_Inj 2.1764e-01 (2.8670e-01)	Loss Disc 6.9307e-01 (6.9183e-01)	Loss Pred 5.1547e-01 (5.2108e-01)	Loss TOTAL 9.0247e-01 (9.2655e-01)
Epoch: [46][400/497]	L_Src_Sup 2.3639e-01 (2.0829e-01)	L_Trg_Inj 2.3011e-01 (2.8641e-01)	Loss Disc 6.9331e-01 (6.9186e-01)	Loss Pred 4.9658e-01 (5.2119e-01)	Loss TOTAL 8.9616e-01 (9.2660e-01)
Epoch: [46][410/497]	L_Src_Sup 2.3321e-01 (2.0876e-01)	L_Trg_Inj 3.3835e-01 (2.8743e-01)	Loss Disc 6.9322e-01 (6.9190e-01)	Loss Pred 5.0283e-01 (5.2131e-01)	Loss TOTAL 9.0660e-01 (9.2690e-01)
Epoch: [46][420/497]	L_Src_Sup 1.6469e-01 (2.0834e-01)	L_Trg_Inj 1.8649e-01 (2.8867e-01)	Loss Disc 6.9316e-01 (6.9193e-01)	Loss Pred 4.9055e-01 (5.2124e-01)	Loss TOTAL 8.7225e-01 (9.2669e-01)
Epoch: [46][430/497]	L_Src_Sup 1.4488e-01 (2.0744e-01)	L_Trg_Inj 2.4654e-01 (2.8812e-01)	Loss Disc 6.9315e-01 (6.9196e-01)	Loss Pred 5.1557e-01 (5.2095e-01)	Loss TOTAL 9.0129e-01 (9.2614e-01)
Epoch: [46][440/497]	L_Src_Sup 1.7679e-01 (2.0784e-01)	L_Trg_Inj 3.3956e-01 (2.8898e-01)	Loss Disc 6.9326e-01 (6.9198e-01)	Loss Pred 5.4702e-01 (5.2108e-01)	Loss TOTAL 9.4529e-01 (9.2640e-01)
Epoch: [46][450/497]	L_Src_Sup 1.6371e-01 (2.0774e-01)	L_Trg_Inj 3.2808e-01 (2.9000e-01)	Loss Disc 6.9305e-01 (6.9201e-01)	Loss Pred 4.9646e-01 (5.2120e-01)	Loss TOTAL 8.9217e-01 (9.2646e-01)
Epoch: [46][460/497]	L_Src_Sup 2.8598e-01 (2.0776e-01)	L_Trg_Inj 2.2973e-01 (2.9030e-01)	Loss Disc 6.9329e-01 (6.9203e-01)	Loss Pred 5.2803e-01 (5.2132e-01)	Loss TOTAL 9.8249e-01 (9.2676e-01)
Epoch: [46][470/497]	L_Src_Sup 2.5480e-01 (2.0802e-01)	L_Trg_Inj 2.7805e-01 (2.9004e-01)	Loss Disc 6.9315e-01 (6.9206e-01)	Loss Pred 4.9641e-01 (5.2135e-01)	Loss TOTAL 8.9628e-01 (9.2696e-01)
Epoch: [46][480/497]	L_Src_Sup 1.0816e-01 (2.0798e-01)	L_Trg_Inj 2.6007e-01 (2.9075e-01)	Loss Disc 6.9324e-01 (6.9208e-01)	Loss Pred 4.9061e-01 (5.2093e-01)	Loss TOTAL 8.7406e-01 (9.2643e-01)
Epoch: [46][490/497]	L_Src_Sup 2.2252e-01 (2.0748e-01)	L_Trg_Inj 3.5876e-01 (2.9059e-01)	Loss Disc 6.9310e-01 (6.9210e-01)	Loss Pred 4.5846e-01 (5.2080e-01)	Loss TOTAL 8.6314e-01 (9.2617e-01)
Epoch: [46][497/497]	L_Src_Sup 2.1787e-01 (2.0738e-01)	L_Trg_Inj 3.1032e-01 (2.9071e-01)	Loss Disc 6.9309e-01 (6.9212e-01)	Loss Pred 4.9067e-01 (5.2052e-01)	Loss TOTAL 8.9004e-01 (9.2577e-01)
Epoch 46 complete. Saving model state...
Epoch: [47][ 10/497]	L_Src_Sup 9.9894e-02 (1.8365e-01)	L_Trg_Inj 1.6157e-01 (2.6595e-01)	Loss Disc 6.9319e-01 (6.9320e-01)	Loss Pred 5.5332e-01 (5.3782e-01)	Loss TOTAL 9.2606e-01 (9.2938e-01)
Epoch: [47][ 20/497]	L_Src_Sup 3.3904e-01 (1.9206e-01)	L_Trg_Inj 2.5481e-01 (2.7652e-01)	Loss Disc 6.9313e-01 (6.9318e-01)	Loss Pred 5.1540e-01 (5.3014e-01)	Loss TOTAL 1.0056e+00 (9.2901e-01)
Epoch: [47][ 30/497]	L_Src_Sup 1.8550e-01 (2.0043e-01)	L_Trg_Inj 4.3702e-01 (2.9260e-01)	Loss Disc 6.9305e-01 (6.9317e-01)	Loss Pred 5.4084e-01 (5.2612e-01)	Loss TOTAL 9.4962e-01 (9.2664e-01)
Epoch: [47][ 40/497]	L_Src_Sup 2.2646e-01 (2.1299e-01)	L_Trg_Inj 3.2681e-01 (2.9876e-01)	Loss Disc 6.9320e-01 (6.9316e-01)	Loss Pred 5.2177e-01 (5.2365e-01)	Loss TOTAL 9.2370e-01 (9.2646e-01)
Epoch: [47][ 50/497]	L_Src_Sup 3.0358e-01 (2.1128e-01)	L_Trg_Inj 2.4670e-01 (2.9395e-01)	Loss Disc 6.9320e-01 (6.9317e-01)	Loss Pred 4.8471e-01 (5.2469e-01)	Loss TOTAL 9.4322e-01 (9.2825e-01)
Epoch: [47][ 60/497]	L_Src_Sup 1.8868e-01 (2.1751e-01)	L_Trg_Inj 3.6482e-01 (3.0269e-01)	Loss Disc 6.9318e-01 (6.9317e-01)	Loss Pred 5.2188e-01 (5.2352e-01)	Loss TOTAL 9.2381e-01 (9.2909e-01)
Epoch: [47][ 70/497]	L_Src_Sup 2.6169e-01 (2.2178e-01)	L_Trg_Inj 4.2399e-01 (3.1085e-01)	Loss Disc 6.9296e-01 (6.9317e-01)	Loss Pred 5.2100e-01 (5.2304e-01)	Loss TOTAL 9.3605e-01 (9.2955e-01)
Epoch: [47][ 80/497]	L_Src_Sup 2.4548e-01 (2.1847e-01)	L_Trg_Inj 2.8033e-01 (3.0894e-01)	Loss Disc 6.9309e-01 (6.9317e-01)	Loss Pred 4.8390e-01 (5.2173e-01)	Loss TOTAL 8.8303e-01 (9.2689e-01)
Epoch: [47][ 90/497]	L_Src_Sup 1.9303e-01 (2.1505e-01)	L_Trg_Inj 2.5457e-01 (3.0825e-01)	Loss Disc 6.9316e-01 (6.9317e-01)	Loss Pred 5.2177e-01 (5.2259e-01)	Loss TOTAL 9.1311e-01 (9.2668e-01)
Epoch: [47][100/497]	L_Src_Sup 1.3596e-01 (2.1568e-01)	L_Trg_Inj 3.6511e-01 (3.0295e-01)	Loss Disc 6.9311e-01 (6.9317e-01)	Loss Pred 5.4117e-01 (5.2226e-01)	Loss TOTAL 9.3783e-01 (9.2711e-01)
Epoch: [47][110/497]	L_Src_Sup 1.7148e-01 (2.1203e-01)	L_Trg_Inj 2.6517e-01 (2.9868e-01)	Loss Disc 6.9315e-01 (6.9317e-01)	Loss Pred 5.2813e-01 (5.2218e-01)	Loss TOTAL 9.1837e-01 (9.2652e-01)
Epoch: [47][120/497]	L_Src_Sup 2.3020e-01 (2.1278e-01)	L_Trg_Inj 2.1628e-01 (2.9555e-01)	Loss Disc 6.9315e-01 (6.9317e-01)	Loss Pred 4.7784e-01 (5.2177e-01)	Loss TOTAL 8.8298e-01 (9.2654e-01)
Epoch: [47][130/497]	L_Src_Sup 2.1205e-01 (2.1459e-01)	L_Trg_Inj 2.8086e-01 (2.9461e-01)	Loss Disc 6.9321e-01 (6.9317e-01)	Loss Pred 5.2836e-01 (5.2162e-01)	Loss TOTAL 9.2426e-01 (9.2679e-01)
Epoch: [47][140/497]	L_Src_Sup 2.6716e-01 (2.1362e-01)	L_Trg_Inj 1.7167e-01 (2.9420e-01)	Loss Disc 6.9334e-01 (6.9317e-01)	Loss Pred 5.4079e-01 (5.2196e-01)	Loss TOTAL 1.0268e+00 (9.2712e-01)
Epoch: [47][150/497]	L_Src_Sup 2.4006e-01 (2.1373e-01)	L_Trg_Inj 3.3818e-01 (2.9199e-01)	Loss Disc 6.9318e-01 (6.9317e-01)	Loss Pred 5.5975e-01 (5.2167e-01)	Loss TOTAL 9.6417e-01 (9.2659e-01)
Epoch: [47][160/497]	L_Src_Sup 1.9242e-01 (2.1315e-01)	L_Trg_Inj 3.2496e-01 (2.9163e-01)	Loss Disc 6.9321e-01 (6.9317e-01)	Loss Pred 5.0923e-01 (5.2192e-01)	Loss TOTAL 9.0757e-01 (9.2685e-01)
Epoch: [47][170/497]	L_Src_Sup 4.2764e-01 (2.1575e-01)	L_Trg_Inj 3.6933e-01 (2.9129e-01)	Loss Disc 6.9316e-01 (6.9317e-01)	Loss Pred 5.1563e-01 (5.2141e-01)	Loss TOTAL 1.0002e+00 (9.2809e-01)
Epoch: [47][180/497]	L_Src_Sup 2.7282e-01 (2.1656e-01)	L_Trg_Inj 4.5121e-01 (2.9731e-01)	Loss Disc 6.9311e-01 (6.9316e-01)	Loss Pred 4.9662e-01 (5.2078e-01)	Loss TOTAL 9.1558e-01 (9.2777e-01)
Epoch: [47][190/497]	L_Src_Sup 2.8623e-01 (2.1773e-01)	L_Trg_Inj 4.2292e-01 (3.0008e-01)	Loss Disc 6.9311e-01 (6.9316e-01)	Loss Pred 5.2800e-01 (5.2090e-01)	Loss TOTAL 9.4547e-01 (9.2829e-01)
Epoch: [47][200/497]	L_Src_Sup 2.5340e-01 (2.1768e-01)	L_Trg_Inj 2.7264e-01 (3.0208e-01)	Loss Disc 6.9301e-01 (6.9316e-01)	Loss Pred 5.0929e-01 (5.2054e-01)	Loss TOTAL 9.0840e-01 (9.2767e-01)
Epoch: [47][210/497]	L_Src_Sup 2.3050e-01 (2.1491e-01)	L_Trg_Inj 1.8778e-01 (3.0049e-01)	Loss Disc 6.9309e-01 (6.9316e-01)	Loss Pred 4.7752e-01 (5.2087e-01)	Loss TOTAL 9.0862e-01 (9.2736e-01)
Epoch: [47][220/497]	L_Src_Sup 2.3892e-01 (2.1451e-01)	L_Trg_Inj 1.5553e-01 (2.9933e-01)	Loss Disc 6.9329e-01 (6.9317e-01)	Loss Pred 5.0281e-01 (5.2143e-01)	Loss TOTAL 9.7229e-01 (9.2777e-01)
Epoch: [47][230/497]	L_Src_Sup 9.7175e-02 (2.1217e-01)	L_Trg_Inj 3.3990e-01 (2.9822e-01)	Loss Disc 6.9325e-01 (6.9317e-01)	Loss Pred 5.4098e-01 (5.2110e-01)	Loss TOTAL 9.3131e-01 (9.2673e-01)
Epoch: [47][240/497]	L_Src_Sup 2.1585e-01 (2.1221e-01)	L_Trg_Inj 2.6167e-01 (2.9627e-01)	Loss Disc 6.9336e-01 (6.9317e-01)	Loss Pred 5.4703e-01 (5.2146e-01)	Loss TOTAL 9.4146e-01 (9.2735e-01)
Epoch: [47][250/497]	L_Src_Sup 3.4289e-01 (2.1296e-01)	L_Trg_Inj 2.6254e-01 (2.9483e-01)	Loss Disc 6.9323e-01 (6.9317e-01)	Loss Pred 5.2811e-01 (5.2180e-01)	Loss TOTAL 1.0156e+00 (9.2815e-01)
Epoch: [47][260/497]	L_Src_Sup 2.2004e-01 (2.1265e-01)	L_Trg_Inj 3.7968e-01 (2.9471e-01)	Loss Disc 6.9324e-01 (6.9317e-01)	Loss Pred 5.6005e-01 (5.2152e-01)	Loss TOTAL 9.6664e-01 (9.2757e-01)
Epoch: [47][270/497]	L_Src_Sup 1.5112e-01 (2.1260e-01)	L_Trg_Inj 4.0746e-01 (2.9583e-01)	Loss Disc 6.9314e-01 (6.9317e-01)	Loss Pred 5.6651e-01 (5.2149e-01)	Loss TOTAL 9.6894e-01 (9.2733e-01)
Epoch: [47][280/497]	L_Src_Sup 1.7186e-01 (2.1136e-01)	L_Trg_Inj 2.3572e-01 (2.9571e-01)	Loss Disc 6.9330e-01 (6.9317e-01)	Loss Pred 5.2826e-01 (5.2140e-01)	Loss TOTAL 9.1567e-01 (9.2680e-01)
Epoch: [47][290/497]	L_Src_Sup 1.2404e-01 (2.1027e-01)	L_Trg_Inj 2.5067e-01 (2.9516e-01)	Loss Disc 6.9292e-01 (6.9317e-01)	Loss Pred 4.7751e-01 (5.2124e-01)	Loss TOTAL 8.6144e-01 (9.2622e-01)
Epoch: [47][300/497]	L_Src_Sup 3.2097e-01 (2.1040e-01)	L_Trg_Inj 3.4202e-01 (2.9552e-01)	Loss Disc 6.9399e-01 (6.9315e-01)	Loss Pred 5.2182e-01 (5.2133e-01)	Loss TOTAL 9.3511e-01 (9.2612e-01)
Epoch: [47][310/497]	L_Src_Sup 2.6673e-01 (2.1002e-01)	L_Trg_Inj 2.9322e-01 (2.9529e-01)	Loss Disc 6.9301e-01 (6.9315e-01)	Loss Pred 5.2810e-01 (5.2169e-01)	Loss TOTAL 9.3060e-01 (9.2618e-01)
Epoch: [47][320/497]	L_Src_Sup 2.9883e-01 (2.1056e-01)	L_Trg_Inj 2.5496e-01 (2.9364e-01)	Loss Disc 6.9293e-01 (6.9315e-01)	Loss Pred 5.4099e-01 (5.2181e-01)	Loss TOTAL 9.8670e-01 (9.2663e-01)
Epoch: [47][330/497]	L_Src_Sup 1.8796e-01 (2.1083e-01)	L_Trg_Inj 3.2702e-01 (2.9534e-01)	Loss Disc 6.9340e-01 (6.9316e-01)	Loss Pred 4.7787e-01 (5.2168e-01)	Loss TOTAL 8.7607e-01 (9.2649e-01)
Epoch: [47][340/497]	L_Src_Sup 2.6535e-01 (2.1104e-01)	L_Trg_Inj 2.3233e-01 (2.9689e-01)	Loss Disc 6.9313e-01 (6.9316e-01)	Loss Pred 5.2181e-01 (5.2172e-01)	Loss TOTAL 9.5116e-01 (9.2659e-01)
Epoch: [47][350/497]	L_Src_Sup 1.6023e-01 (2.1111e-01)	L_Trg_Inj 1.8709e-01 (2.9775e-01)	Loss Disc 6.9343e-01 (6.9317e-01)	Loss Pred 5.6000e-01 (5.2158e-01)	Loss TOTAL 9.4145e-01 (9.2633e-01)
Epoch: [47][360/497]	L_Src_Sup 2.4551e-01 (2.1087e-01)	L_Trg_Inj 3.1001e-01 (2.9738e-01)	Loss Disc 6.9318e-01 (6.9317e-01)	Loss Pred 5.2207e-01 (5.2156e-01)	Loss TOTAL 9.2422e-01 (9.2604e-01)
Epoch: [47][370/497]	L_Src_Sup 2.2115e-01 (2.1090e-01)	L_Trg_Inj 3.4201e-01 (2.9675e-01)	Loss Disc 6.9312e-01 (6.9317e-01)	Loss Pred 5.0298e-01 (5.2145e-01)	Loss TOTAL 9.0586e-01 (9.2614e-01)
Epoch: [47][380/497]	L_Src_Sup 1.8961e-01 (2.1030e-01)	L_Trg_Inj 4.0341e-01 (2.9783e-01)	Loss Disc 6.9311e-01 (6.9317e-01)	Loss Pred 5.2194e-01 (5.2143e-01)	Loss TOTAL 9.2780e-01 (9.2597e-01)
Epoch: [47][390/497]	L_Src_Sup 1.7963e-01 (2.0990e-01)	L_Trg_Inj 4.0727e-01 (2.9722e-01)	Loss Disc 6.9313e-01 (6.9317e-01)	Loss Pred 4.8430e-01 (5.2118e-01)	Loss TOTAL 8.8955e-01 (9.2581e-01)
Epoch: [47][400/497]	L_Src_Sup 1.6680e-01 (2.0947e-01)	L_Trg_Inj 3.3128e-01 (2.9746e-01)	Loss Disc 6.9319e-01 (6.9317e-01)	Loss Pred 5.0911e-01 (5.2128e-01)	Loss TOTAL 9.0551e-01 (9.2586e-01)
Epoch: [47][410/497]	L_Src_Sup 2.2659e-01 (2.0935e-01)	L_Trg_Inj 2.4226e-01 (2.9766e-01)	Loss Disc 6.9326e-01 (6.9317e-01)	Loss Pred 5.2192e-01 (5.2106e-01)	Loss TOTAL 9.1543e-01 (9.2547e-01)
Epoch: [47][420/497]	L_Src_Sup 2.5565e-01 (2.0983e-01)	L_Trg_Inj 2.9160e-01 (2.9838e-01)	Loss Disc 6.9322e-01 (6.9317e-01)	Loss Pred 5.4751e-01 (5.2098e-01)	Loss TOTAL 9.4885e-01 (9.2534e-01)
Epoch: [47][430/497]	L_Src_Sup 2.2476e-01 (2.0904e-01)	L_Trg_Inj 2.8705e-01 (2.9864e-01)	Loss Disc 6.9313e-01 (6.9317e-01)	Loss Pred 5.1554e-01 (5.2093e-01)	Loss TOTAL 9.1328e-01 (9.2523e-01)
Epoch: [47][440/497]	L_Src_Sup 2.4202e-01 (2.0921e-01)	L_Trg_Inj 3.5589e-01 (2.9850e-01)	Loss Disc 6.9299e-01 (6.9317e-01)	Loss Pred 5.0905e-01 (5.2094e-01)	Loss TOTAL 9.1534e-01 (9.2513e-01)
Epoch: [47][450/497]	L_Src_Sup 2.6658e-01 (2.0950e-01)	L_Trg_Inj 1.9835e-01 (2.9820e-01)	Loss Disc 6.9324e-01 (6.9317e-01)	Loss Pred 5.2186e-01 (5.2114e-01)	Loss TOTAL 9.8320e-01 (9.2546e-01)
Epoch: [47][460/497]	L_Src_Sup 1.6521e-01 (2.0996e-01)	L_Trg_Inj 2.1781e-01 (2.9807e-01)	Loss Disc 6.9319e-01 (6.9317e-01)	Loss Pred 5.0292e-01 (5.2096e-01)	Loss TOTAL 8.8782e-01 (9.2543e-01)
Epoch: [47][470/497]	L_Src_Sup 1.6622e-01 (2.0999e-01)	L_Trg_Inj 3.5873e-01 (2.9987e-01)	Loss Disc 6.9313e-01 (6.9317e-01)	Loss Pred 5.1553e-01 (5.2088e-01)	Loss TOTAL 9.1459e-01 (9.2538e-01)
Epoch: [47][480/497]	L_Src_Sup 2.4456e-01 (2.0979e-01)	L_Trg_Inj 3.2626e-01 (3.0047e-01)	Loss Disc 6.9311e-01 (6.9317e-01)	Loss Pred 5.2192e-01 (5.2076e-01)	Loss TOTAL 9.2556e-01 (9.2516e-01)
Epoch: [47][490/497]	L_Src_Sup 2.8899e-01 (2.0916e-01)	L_Trg_Inj 2.8635e-01 (3.0054e-01)	Loss Disc 6.9319e-01 (6.9317e-01)	Loss Pred 4.9038e-01 (5.2067e-01)	Loss TOTAL 8.9715e-01 (9.2487e-01)
Epoch: [47][497/497]	L_Src_Sup 2.2225e-01 (2.0897e-01)	L_Trg_Inj 1.5531e-01 (3.0020e-01)	Loss Disc 6.9322e-01 (6.9317e-01)	Loss Pred 5.0903e-01 (5.2056e-01)	Loss TOTAL 9.6034e-01 (9.2475e-01)
Epoch 47 complete. Saving model state...
Epoch: [48][ 10/497]	L_Src_Sup 2.9129e-01 (2.1351e-01)	L_Trg_Inj 3.4274e-01 (3.1387e-01)	Loss Disc 6.9321e-01 (6.9320e-01)	Loss Pred 5.4122e-01 (5.2118e-01)	Loss TOTAL 9.5123e-01 (9.2052e-01)
Epoch: [48][ 20/497]	L_Src_Sup 1.0912e-01 (2.0031e-01)	L_Trg_Inj 2.9586e-01 (3.1489e-01)	Loss Disc 6.9317e-01 (6.9320e-01)	Loss Pred 4.9649e-01 (5.2189e-01)	Loss TOTAL 8.8358e-01 (9.2001e-01)
Epoch: [48][ 30/497]	L_Src_Sup 1.7298e-01 (1.9470e-01)	L_Trg_Inj 1.7095e-01 (3.0700e-01)	Loss Disc 6.9328e-01 (6.9320e-01)	Loss Pred 5.3442e-01 (5.2001e-01)	Loss TOTAL 9.1748e-01 (9.1699e-01)
Epoch: [48][ 40/497]	L_Src_Sup 1.3936e-01 (2.0067e-01)	L_Trg_Inj 3.8906e-01 (3.1096e-01)	Loss Disc 6.9316e-01 (6.9320e-01)	Loss Pred 5.4111e-01 (5.1954e-01)	Loss TOTAL 9.4054e-01 (9.1940e-01)
Epoch: [48][ 50/497]	L_Src_Sup 1.6078e-01 (2.0369e-01)	L_Trg_Inj 2.9619e-01 (3.1568e-01)	Loss Disc 6.9319e-01 (6.9320e-01)	Loss Pred 4.8386e-01 (5.2315e-01)	Loss TOTAL 8.7615e-01 (9.2337e-01)
Epoch: [48][ 60/497]	L_Src_Sup 3.2728e-01 (2.0894e-01)	L_Trg_Inj 3.2373e-01 (3.1365e-01)	Loss Disc 6.9316e-01 (6.9320e-01)	Loss Pred 5.0281e-01 (5.2190e-01)	Loss TOTAL 9.1805e-01 (9.2448e-01)
Epoch: [48][ 70/497]	L_Src_Sup 1.5687e-01 (2.0674e-01)	L_Trg_Inj 3.1229e-01 (3.1249e-01)	Loss Disc 6.9322e-01 (6.9320e-01)	Loss Pred 5.4757e-01 (5.2262e-01)	Loss TOTAL 9.4109e-01 (9.2703e-01)
Epoch: [48][ 80/497]	L_Src_Sup 1.6983e-01 (2.0968e-01)	L_Trg_Inj 2.0042e-01 (3.0876e-01)	Loss Disc 6.9323e-01 (6.9320e-01)	Loss Pred 5.2189e-01 (5.2366e-01)	Loss TOTAL 9.0553e-01 (9.2938e-01)
Epoch: [48][ 90/497]	L_Src_Sup 2.2039e-01 (2.0751e-01)	L_Trg_Inj 2.1798e-01 (3.0281e-01)	Loss Disc 6.9325e-01 (6.9320e-01)	Loss Pred 5.0309e-01 (5.2165e-01)	Loss TOTAL 8.9596e-01 (9.2673e-01)
Epoch: [48][100/497]	L_Src_Sup 1.2503e-01 (2.0701e-01)	L_Trg_Inj 2.8081e-01 (3.0225e-01)	Loss Disc 6.9292e-01 (6.9319e-01)	Loss Pred 4.8410e-01 (5.2067e-01)	Loss TOTAL 8.7114e-01 (9.2562e-01)
Epoch: [48][110/497]	L_Src_Sup 2.4846e-01 (2.0598e-01)	L_Trg_Inj 3.6135e-01 (2.9710e-01)	Loss Disc 6.9300e-01 (6.9320e-01)	Loss Pred 4.7761e-01 (5.2030e-01)	Loss TOTAL 8.8509e-01 (9.2511e-01)
Epoch: [48][120/497]	L_Src_Sup 2.2858e-01 (2.0473e-01)	L_Trg_Inj 2.1843e-01 (2.9391e-01)	Loss Disc 6.9325e-01 (6.9320e-01)	Loss Pred 5.2836e-01 (5.1985e-01)	Loss TOTAL 9.2983e-01 (9.2476e-01)
Epoch: [48][130/497]	L_Src_Sup 2.4819e-01 (2.0350e-01)	L_Trg_Inj 2.6515e-01 (2.9493e-01)	Loss Disc 6.9318e-01 (6.9320e-01)	Loss Pred 5.4067e-01 (5.2060e-01)	Loss TOTAL 9.3859e-01 (9.2505e-01)
Epoch: [48][140/497]	L_Src_Sup 2.2861e-01 (2.0434e-01)	L_Trg_Inj 2.0252e-01 (2.9406e-01)	Loss Disc 6.9319e-01 (6.9320e-01)	Loss Pred 5.2806e-01 (5.2163e-01)	Loss TOTAL 9.4385e-01 (9.2587e-01)
Epoch: [48][150/497]	L_Src_Sup 3.0194e-01 (2.0339e-01)	L_Trg_Inj 1.7589e-01 (2.9339e-01)	Loss Disc 6.9315e-01 (6.9320e-01)	Loss Pred 5.2203e-01 (5.2153e-01)	Loss TOTAL 1.0424e+00 (9.2593e-01)
Epoch: [48][160/497]	L_Src_Sup 1.8464e-01 (2.0355e-01)	L_Trg_Inj 3.3576e-01 (2.9339e-01)	Loss Disc 6.9311e-01 (6.9320e-01)	Loss Pred 5.6636e-01 (5.2148e-01)	Loss TOTAL 9.6496e-01 (9.2544e-01)
Epoch: [48][170/497]	L_Src_Sup 1.2484e-01 (2.0103e-01)	L_Trg_Inj 3.2382e-01 (2.9442e-01)	Loss Disc 6.9298e-01 (6.9319e-01)	Loss Pred 4.7772e-01 (5.2138e-01)	Loss TOTAL 8.6908e-01 (9.2486e-01)
Epoch: [48][180/497]	L_Src_Sup 2.2057e-01 (2.0151e-01)	L_Trg_Inj 2.0226e-01 (2.9317e-01)	Loss Disc 6.9354e-01 (6.9319e-01)	Loss Pred 5.7795e-01 (5.2170e-01)	Loss TOTAL 9.8531e-01 (9.2543e-01)
Epoch: [48][190/497]	L_Src_Sup 2.4319e-01 (2.0077e-01)	L_Trg_Inj 3.3369e-01 (2.9285e-01)	Loss Disc 6.9308e-01 (6.9319e-01)	Loss Pred 5.1557e-01 (5.2131e-01)	Loss TOTAL 9.1980e-01 (9.2472e-01)
Epoch: [48][200/497]	L_Src_Sup 2.1784e-01 (2.0041e-01)	L_Trg_Inj 3.2284e-01 (2.8990e-01)	Loss Disc 6.9325e-01 (6.9319e-01)	Loss Pred 5.5357e-01 (5.2084e-01)	Loss TOTAL 9.5426e-01 (9.2421e-01)
Epoch: [48][210/497]	L_Src_Sup 3.1807e-01 (2.0114e-01)	L_Trg_Inj 4.5296e-01 (2.8944e-01)	Loss Disc 6.9309e-01 (6.9319e-01)	Loss Pred 5.0409e-01 (5.2100e-01)	Loss TOTAL 9.2773e-01 (9.2474e-01)
Epoch: [48][220/497]	L_Src_Sup 1.6618e-01 (2.0104e-01)	L_Trg_Inj 3.4228e-01 (2.9239e-01)	Loss Disc 6.9304e-01 (6.9319e-01)	Loss Pred 4.9036e-01 (5.2079e-01)	Loss TOTAL 8.8772e-01 (9.2444e-01)
Epoch: [48][230/497]	L_Src_Sup 1.4546e-01 (1.9794e-01)	L_Trg_Inj 2.0278e-01 (2.9106e-01)	Loss Disc 6.9326e-01 (6.9319e-01)	Loss Pred 5.3503e-01 (5.2131e-01)	Loss TOTAL 9.1649e-01 (9.2418e-01)
Epoch: [48][240/497]	L_Src_Sup 2.3853e-01 (1.9819e-01)	L_Trg_Inj 3.1217e-01 (2.9089e-01)	Loss Disc 6.9319e-01 (6.9319e-01)	Loss Pred 5.0314e-01 (5.2159e-01)	Loss TOTAL 9.0480e-01 (9.2438e-01)
Epoch: [48][250/497]	L_Src_Sup 2.2969e-01 (1.9813e-01)	L_Trg_Inj 2.8954e-01 (2.9059e-01)	Loss Disc 6.9323e-01 (6.9319e-01)	Loss Pred 5.4120e-01 (5.2164e-01)	Loss TOTAL 9.3974e-01 (9.2442e-01)
Epoch: [48][260/497]	L_Src_Sup 2.8303e-01 (1.9941e-01)	L_Trg_Inj 3.7364e-01 (2.9171e-01)	Loss Disc 6.9309e-01 (6.9319e-01)	Loss Pred 5.2193e-01 (5.2150e-01)	Loss TOTAL 9.3414e-01 (9.2442e-01)
Epoch: [48][270/497]	L_Src_Sup 1.6839e-01 (1.9973e-01)	L_Trg_Inj 3.0783e-01 (2.9131e-01)	Loss Disc 6.9316e-01 (6.9319e-01)	Loss Pred 5.1578e-01 (5.2107e-01)	Loss TOTAL 9.0998e-01 (9.2424e-01)
Epoch: [48][280/497]	L_Src_Sup 1.7477e-01 (2.0023e-01)	L_Trg_Inj 2.8012e-01 (2.9221e-01)	Loss Disc 6.9327e-01 (6.9319e-01)	Loss Pred 5.4068e-01 (5.2153e-01)	Loss TOTAL 9.3281e-01 (9.2473e-01)
Epoch: [48][290/497]	L_Src_Sup 2.0564e-01 (2.0012e-01)	L_Trg_Inj 4.1951e-01 (2.9324e-01)	Loss Disc 6.9312e-01 (6.9319e-01)	Loss Pred 5.1566e-01 (5.2137e-01)	Loss TOTAL 9.2473e-01 (9.2441e-01)
Epoch: [48][300/497]	L_Src_Sup 2.2871e-01 (2.0021e-01)	L_Trg_Inj 2.4083e-01 (2.9318e-01)	Loss Disc 6.9324e-01 (6.9319e-01)	Loss Pred 5.2821e-01 (5.2137e-01)	Loss TOTAL 9.2178e-01 (9.2456e-01)
Epoch: [48][310/497]	L_Src_Sup 2.5019e-01 (2.0039e-01)	L_Trg_Inj 3.5789e-01 (2.9352e-01)	Loss Disc 6.9315e-01 (6.9319e-01)	Loss Pred 5.4883e-01 (5.2141e-01)	Loss TOTAL 9.5621e-01 (9.2459e-01)
Epoch: [48][320/497]	L_Src_Sup 2.2624e-01 (2.0056e-01)	L_Trg_Inj 3.9009e-01 (2.9531e-01)	Loss Disc 6.9293e-01 (6.9319e-01)	Loss Pred 5.2233e-01 (5.2147e-01)	Loss TOTAL 9.3042e-01 (9.2476e-01)
Epoch: [48][330/497]	L_Src_Sup 2.6454e-01 (2.0075e-01)	L_Trg_Inj 2.1842e-01 (2.9666e-01)	Loss Disc 6.9327e-01 (6.9318e-01)	Loss Pred 5.2183e-01 (5.2137e-01)	Loss TOTAL 9.6289e-01 (9.2473e-01)
Epoch: [48][340/497]	L_Src_Sup 1.7145e-01 (2.0044e-01)	L_Trg_Inj 3.1338e-01 (2.9761e-01)	Loss Disc 6.9309e-01 (6.9318e-01)	Loss Pred 5.2828e-01 (5.2142e-01)	Loss TOTAL 9.2331e-01 (9.2464e-01)
Epoch: [48][350/497]	L_Src_Sup 2.6422e-01 (2.0037e-01)	L_Trg_Inj 3.1189e-01 (2.9750e-01)	Loss Disc 6.9311e-01 (6.9318e-01)	Loss Pred 5.2220e-01 (5.2125e-01)	Loss TOTAL 9.2637e-01 (9.2463e-01)
Epoch: [48][360/497]	L_Src_Sup 1.4954e-01 (2.0216e-01)	L_Trg_Inj 4.0698e-01 (2.9769e-01)	Loss Disc 6.9298e-01 (6.9318e-01)	Loss Pred 5.1546e-01 (5.2168e-01)	Loss TOTAL 9.1760e-01 (9.2591e-01)
Epoch: [48][370/497]	L_Src_Sup 7.5477e-02 (2.0211e-01)	L_Trg_Inj 3.1180e-01 (2.9785e-01)	Loss Disc 6.9305e-01 (6.9318e-01)	Loss Pred 5.2213e-01 (5.2139e-01)	Loss TOTAL 9.0739e-01 (9.2565e-01)
Epoch: [48][380/497]	L_Src_Sup 2.7805e-01 (2.0263e-01)	L_Trg_Inj 3.5818e-01 (2.9853e-01)	Loss Disc 6.9310e-01 (6.9318e-01)	Loss Pred 5.1038e-01 (5.2137e-01)	Loss TOTAL 9.2056e-01 (9.2561e-01)
Epoch: [48][390/497]	L_Src_Sup 1.5250e-01 (2.0253e-01)	L_Trg_Inj 3.2732e-01 (2.9813e-01)	Loss Disc 6.9306e-01 (6.9318e-01)	Loss Pred 5.2833e-01 (5.2119e-01)	Loss TOTAL 9.2284e-01 (9.2518e-01)
Epoch: [48][400/497]	L_Src_Sup 1.3334e-01 (2.0402e-01)	L_Trg_Inj 2.9401e-01 (2.9809e-01)	Loss Disc 6.9320e-01 (6.9318e-01)	Loss Pred 5.2809e-01 (5.2188e-01)	Loss TOTAL 9.1743e-01 (9.2643e-01)
Epoch: [48][410/497]	L_Src_Sup 1.6018e-01 (2.0383e-01)	L_Trg_Inj 2.7512e-01 (2.9829e-01)	Loss Disc 6.9333e-01 (6.9318e-01)	Loss Pred 5.5976e-01 (5.2195e-01)	Loss TOTAL 9.4995e-01 (9.2632e-01)
Epoch: [48][420/497]	L_Src_Sup 1.5821e-01 (2.0359e-01)	L_Trg_Inj 2.4929e-01 (2.9843e-01)	Loss Disc 6.9302e-01 (6.9318e-01)	Loss Pred 4.7149e-01 (5.2154e-01)	Loss TOTAL 8.5875e-01 (9.2595e-01)
Epoch: [48][430/497]	L_Src_Sup 1.3593e-01 (2.0346e-01)	L_Trg_Inj 3.1572e-01 (2.9853e-01)	Loss Disc 6.9313e-01 (6.9318e-01)	Loss Pred 5.4079e-01 (5.2148e-01)	Loss TOTAL 9.3252e-01 (9.2601e-01)
Epoch: [48][440/497]	L_Src_Sup 2.2914e-01 (2.0291e-01)	L_Trg_Inj 2.4920e-01 (2.9840e-01)	Loss Disc 6.9261e-01 (6.9317e-01)	Loss Pred 4.8418e-01 (5.2134e-01)	Loss TOTAL 8.7832e-01 (9.2562e-01)
Epoch: [48][450/497]	L_Src_Sup 1.1546e-01 (2.0264e-01)	L_Trg_Inj 2.3880e-01 (2.9710e-01)	Loss Disc 6.9328e-01 (6.9317e-01)	Loss Pred 5.3465e-01 (5.2138e-01)	Loss TOTAL 9.1672e-01 (9.2539e-01)
Epoch: [48][460/497]	L_Src_Sup 1.2988e-01 (2.0540e-01)	L_Trg_Inj 2.6300e-01 (2.9679e-01)	Loss Disc 6.9298e-01 (6.9318e-01)	Loss Pred 5.0010e-01 (5.2173e-01)	Loss TOTAL 8.8588e-01 (9.2819e-01)
Epoch: [48][470/497]	L_Src_Sup 1.7658e-01 (2.0555e-01)	L_Trg_Inj 3.5651e-01 (2.9662e-01)	Loss Disc 6.9284e-01 (6.9317e-01)	Loss Pred 4.8457e-01 (5.2156e-01)	Loss TOTAL 8.8430e-01 (9.2792e-01)
Epoch: [48][480/497]	L_Src_Sup 1.6559e-01 (2.0521e-01)	L_Trg_Inj 2.3853e-01 (2.9609e-01)	Loss Disc 6.9314e-01 (6.9317e-01)	Loss Pred 5.0286e-01 (5.2107e-01)	Loss TOTAL 8.8984e-01 (9.2726e-01)
Epoch: [48][490/497]	L_Src_Sup 1.3943e-01 (2.0572e-01)	L_Trg_Inj 2.6140e-01 (2.9587e-01)	Loss Disc 6.9316e-01 (6.9317e-01)	Loss Pred 5.0282e-01 (5.2087e-01)	Loss TOTAL 8.8948e-01 (9.2706e-01)
Epoch: [48][497/497]	L_Src_Sup 2.2793e-01 (2.0529e-01)	L_Trg_Inj 2.4589e-01 (2.9590e-01)	Loss Disc 6.9297e-01 (6.9317e-01)	Loss Pred 5.0283e-01 (5.2083e-01)	Loss TOTAL 8.9669e-01 (9.2685e-01)
Epoch 48 complete. Saving model state...
Epoch: [49][ 10/497]	L_Src_Sup 2.5749e-01 (2.2050e-01)	L_Trg_Inj 2.7460e-01 (2.9001e-01)	Loss Disc 6.9341e-01 (6.9313e-01)	Loss Pred 5.5368e-01 (5.0938e-01)	Loss TOTAL 9.5359e-01 (9.0700e-01)
Epoch: [49][ 20/497]	L_Src_Sup 2.0961e-01 (2.0803e-01)	L_Trg_Inj 4.0057e-01 (2.9527e-01)	Loss Disc 6.9284e-01 (6.9310e-01)	Loss Pred 5.4668e-01 (5.1590e-01)	Loss TOTAL 9.5412e-01 (9.1314e-01)
Epoch: [49][ 30/497]	L_Src_Sup 2.9634e-01 (2.1514e-01)	L_Trg_Inj 2.6533e-01 (2.8666e-01)	Loss Disc 6.9315e-01 (6.9310e-01)	Loss Pred 5.0951e-01 (5.1326e-01)	Loss TOTAL 9.4327e-01 (9.1236e-01)
Epoch: [49][ 40/497]	L_Src_Sup 2.6416e-01 (2.2446e-01)	L_Trg_Inj 2.2686e-01 (2.8457e-01)	Loss Disc 6.9329e-01 (6.9314e-01)	Loss Pred 5.2172e-01 (5.1555e-01)	Loss TOTAL 9.5476e-01 (9.2036e-01)
Epoch: [49][ 50/497]	L_Src_Sup 2.3637e-01 (2.2382e-01)	L_Trg_Inj 2.6512e-01 (2.8269e-01)	Loss Disc 6.9315e-01 (6.9315e-01)	Loss Pred 4.9638e-01 (5.1657e-01)	Loss TOTAL 8.9311e-01 (9.2120e-01)
Epoch: [49][ 60/497]	L_Src_Sup 2.4993e-01 (2.2826e-01)	L_Trg_Inj 4.0583e-01 (2.8871e-01)	Loss Disc 6.9313e-01 (6.9315e-01)	Loss Pred 5.3437e-01 (5.1736e-01)	Loss TOTAL 9.4651e-01 (9.2308e-01)
Epoch: [49][ 70/497]	L_Src_Sup 1.9418e-01 (2.2610e-01)	L_Trg_Inj 2.6513e-01 (2.9161e-01)	Loss Disc 6.9334e-01 (6.9316e-01)	Loss Pred 5.4092e-01 (5.1871e-01)	Loss TOTAL 9.3352e-01 (9.2345e-01)
Epoch: [49][ 80/497]	L_Src_Sup 2.0952e-01 (2.2382e-01)	L_Trg_Inj 2.4965e-01 (2.8915e-01)	Loss Disc 6.9326e-01 (6.9316e-01)	Loss Pred 5.2827e-01 (5.1870e-01)	Loss TOTAL 9.2082e-01 (9.2322e-01)
Epoch: [49][ 90/497]	L_Src_Sup 2.3423e-01 (2.1899e-01)	L_Trg_Inj 2.5190e-01 (2.8838e-01)	Loss Disc 6.9315e-01 (6.9316e-01)	Loss Pred 4.9008e-01 (5.1758e-01)	Loss TOTAL 8.8527e-01 (9.2115e-01)
Epoch: [49][100/497]	L_Src_Sup 2.3855e-01 (2.1884e-01)	L_Trg_Inj 2.4977e-01 (2.8671e-01)	Loss Disc 6.9295e-01 (6.9316e-01)	Loss Pred 5.0821e-01 (5.1681e-01)	Loss TOTAL 9.0352e-01 (9.2034e-01)
Epoch: [49][110/497]	L_Src_Sup 2.4820e-01 (2.1560e-01)	L_Trg_Inj 4.0518e-01 (2.8579e-01)	Loss Disc 6.9307e-01 (6.9316e-01)	Loss Pred 5.2170e-01 (5.1756e-01)	Loss TOTAL 9.3357e-01 (9.2089e-01)
Epoch: [49][120/497]	L_Src_Sup 1.8950e-01 (2.1552e-01)	L_Trg_Inj 2.1692e-01 (2.8627e-01)	Loss Disc 6.9343e-01 (6.9317e-01)	Loss Pred 5.9142e-01 (5.1885e-01)	Loss TOTAL 9.7878e-01 (9.2167e-01)
Epoch: [49][130/497]	L_Src_Sup 1.1113e-01 (2.1407e-01)	L_Trg_Inj 2.3411e-01 (2.8351e-01)	Loss Disc 6.9319e-01 (6.9317e-01)	Loss Pred 5.0914e-01 (5.1728e-01)	Loss TOTAL 8.9026e-01 (9.2026e-01)
Epoch: [49][140/497]	L_Src_Sup 2.2068e-01 (2.1104e-01)	L_Trg_Inj 4.0541e-01 (2.8482e-01)	Loss Disc 6.9308e-01 (6.9317e-01)	Loss Pred 5.4090e-01 (5.1701e-01)	Loss TOTAL 9.5005e-01 (9.1958e-01)
Epoch: [49][150/497]	L_Src_Sup 1.7856e-01 (2.0930e-01)	L_Trg_Inj 2.4964e-01 (2.8265e-01)	Loss Disc 6.9298e-01 (6.9317e-01)	Loss Pred 4.8413e-01 (5.1747e-01)	Loss TOTAL 8.7344e-01 (9.1941e-01)
Epoch: [49][160/497]	L_Src_Sup 1.5824e-01 (2.0736e-01)	L_Trg_Inj 3.2223e-01 (2.8180e-01)	Loss Disc 6.9311e-01 (6.9317e-01)	Loss Pred 5.5343e-01 (5.1780e-01)	Loss TOTAL 9.4803e-01 (9.2056e-01)
Epoch: [49][170/497]	L_Src_Sup 2.4564e-01 (2.0901e-01)	L_Trg_Inj 2.3373e-01 (2.8059e-01)	Loss Disc 6.9305e-01 (6.9317e-01)	Loss Pred 4.7116e-01 (5.1778e-01)	Loss TOTAL 8.7753e-01 (9.2131e-01)
Epoch: [49][180/497]	L_Src_Sup 3.0476e-01 (2.0970e-01)	L_Trg_Inj 2.6532e-01 (2.8033e-01)	Loss Disc 6.9311e-01 (6.9317e-01)	Loss Pred 5.2813e-01 (5.1850e-01)	Loss TOTAL 9.7113e-01 (9.2218e-01)
Epoch: [49][190/497]	L_Src_Sup 2.7260e-01 (2.1038e-01)	L_Trg_Inj 2.4912e-01 (2.8083e-01)	Loss Disc 6.9322e-01 (6.9317e-01)	Loss Pred 5.4129e-01 (5.1918e-01)	Loss TOTAL 9.6355e-01 (9.2311e-01)
Epoch: [49][200/497]	L_Src_Sup 2.5745e-01 (2.1065e-01)	L_Trg_Inj 2.9668e-01 (2.7995e-01)	Loss Disc 6.9345e-01 (6.9316e-01)	Loss Pred 5.5342e-01 (5.1902e-01)	Loss TOTAL 9.5555e-01 (9.2277e-01)
Epoch: [49][210/497]	L_Src_Sup 1.1539e-01 (2.0988e-01)	L_Trg_Inj 3.2762e-01 (2.8071e-01)	Loss Disc 6.9311e-01 (6.9316e-01)	Loss Pred 5.3438e-01 (5.1919e-01)	Loss TOTAL 9.2524e-01 (9.2326e-01)
Epoch: [49][220/497]	L_Src_Sup 2.6170e-01 (2.1048e-01)	L_Trg_Inj 3.6197e-01 (2.8242e-01)	Loss Disc 6.9303e-01 (6.9316e-01)	Loss Pred 5.1547e-01 (5.1911e-01)	Loss TOTAL 9.2435e-01 (9.2347e-01)
Epoch: [49][230/497]	L_Src_Sup 3.0476e-01 (2.1135e-01)	L_Trg_Inj 3.0049e-01 (2.8336e-01)	Loss Disc 6.9326e-01 (6.9317e-01)	Loss Pred 5.2831e-01 (5.1888e-01)	Loss TOTAL 9.3974e-01 (9.2336e-01)
Epoch: [49][240/497]	L_Src_Sup 2.3853e-01 (2.1141e-01)	L_Trg_Inj 2.6511e-01 (2.8566e-01)	Loss Disc 6.9329e-01 (6.9317e-01)	Loss Pred 5.0287e-01 (5.1885e-01)	Loss TOTAL 8.9988e-01 (9.2338e-01)
Epoch: [49][250/497]	L_Src_Sup 3.2823e-01 (2.1243e-01)	L_Trg_Inj 3.3926e-01 (2.8696e-01)	Loss Disc 6.9320e-01 (6.9317e-01)	Loss Pred 5.5969e-01 (5.1963e-01)	Loss TOTAL 9.7304e-01 (9.2430e-01)
Epoch: [49][260/497]	L_Src_Sup 7.5473e-02 (2.1175e-01)	L_Trg_Inj 3.5598e-01 (2.8685e-01)	Loss Disc 6.9312e-01 (6.9317e-01)	Loss Pred 5.2208e-01 (5.1938e-01)	Loss TOTAL 9.1178e-01 (9.2393e-01)
Epoch: [49][270/497]	L_Src_Sup 2.4713e-01 (2.1195e-01)	L_Trg_Inj 2.9474e-01 (2.8687e-01)	Loss Disc 6.9322e-01 (6.9317e-01)	Loss Pred 5.4071e-01 (5.1966e-01)	Loss TOTAL 9.4151e-01 (9.2452e-01)
Epoch: [49][280/497]	L_Src_Sup 2.2857e-01 (2.1251e-01)	L_Trg_Inj 4.3538e-01 (2.8866e-01)	Loss Disc 6.9303e-01 (6.9317e-01)	Loss Pred 5.2845e-01 (5.1918e-01)	Loss TOTAL 9.4136e-01 (9.2413e-01)
Epoch: [49][290/497]	L_Src_Sup 1.4420e-01 (2.1290e-01)	L_Trg_Inj 3.7456e-01 (2.9019e-01)	Loss Disc 6.9306e-01 (6.9317e-01)	Loss Pred 4.9025e-01 (5.1907e-01)	Loss TOTAL 8.8865e-01 (9.2401e-01)
Epoch: [49][300/497]	L_Src_Sup 1.2065e-01 (2.1276e-01)	L_Trg_Inj 4.0948e-01 (2.9139e-01)	Loss Disc 6.9309e-01 (6.9317e-01)	Loss Pred 5.1870e-01 (5.1973e-01)	Loss TOTAL 9.1826e-01 (9.2477e-01)
Epoch: [49][310/497]	L_Src_Sup 2.5682e-01 (2.1226e-01)	L_Trg_Inj 1.9673e-01 (2.9196e-01)	Loss Disc 6.9323e-01 (6.9317e-01)	Loss Pred 5.0319e-01 (5.1948e-01)	Loss TOTAL 9.5525e-01 (9.2458e-01)
Epoch: [49][320/497]	L_Src_Sup 3.4954e-01 (2.1292e-01)	L_Trg_Inj 4.0567e-01 (2.9412e-01)	Loss Disc 6.9321e-01 (6.9317e-01)	Loss Pred 5.4084e-01 (5.1948e-01)	Loss TOTAL 9.6296e-01 (9.2465e-01)
Epoch: [49][330/497]	L_Src_Sup 1.8874e-01 (2.1334e-01)	L_Trg_Inj 2.6394e-01 (2.9563e-01)	Loss Disc 6.9327e-01 (6.9317e-01)	Loss Pred 5.2190e-01 (5.1979e-01)	Loss TOTAL 9.1381e-01 (9.2511e-01)
Epoch: [49][340/497]	L_Src_Sup 2.5708e-01 (2.1370e-01)	L_Trg_Inj 4.4603e-01 (2.9673e-01)	Loss Disc 6.9311e-01 (6.9317e-01)	Loss Pred 5.0281e-01 (5.1987e-01)	Loss TOTAL 9.1968e-01 (9.2517e-01)
Epoch: [49][350/497]	L_Src_Sup 1.6736e-01 (2.1339e-01)	L_Trg_Inj 3.2832e-01 (2.9730e-01)	Loss Disc 6.9323e-01 (6.9317e-01)	Loss Pred 5.4621e-01 (5.1983e-01)	Loss TOTAL 9.4239e-01 (9.2541e-01)
Epoch: [49][360/497]	L_Src_Sup 3.1377e-01 (2.1283e-01)	L_Trg_Inj 2.3546e-01 (2.9721e-01)	Loss Disc 6.9335e-01 (6.9317e-01)	Loss Pred 5.4767e-01 (5.1984e-01)	Loss TOTAL 1.0276e+00 (9.2535e-01)
Epoch: [49][370/497]	L_Src_Sup 3.1869e-01 (2.1168e-01)	L_Trg_Inj 3.7913e-01 (2.9695e-01)	Loss Disc 6.9315e-01 (6.9317e-01)	Loss Pred 4.7755e-01 (5.1978e-01)	Loss TOTAL 8.9391e-01 (9.2493e-01)
Epoch: [49][380/497]	L_Src_Sup 1.3867e-01 (2.1106e-01)	L_Trg_Inj 3.8185e-01 (2.9726e-01)	Loss Disc 6.9319e-01 (6.9317e-01)	Loss Pred 5.5330e-01 (5.2053e-01)	Loss TOTAL 9.5195e-01 (9.2545e-01)
Epoch: [49][390/497]	L_Src_Sup 1.1788e-01 (2.1050e-01)	L_Trg_Inj 3.2053e-01 (2.9696e-01)	Loss Disc 6.9322e-01 (6.9318e-01)	Loss Pred 5.4751e-01 (5.2045e-01)	Loss TOTAL 9.3796e-01 (9.2514e-01)
Epoch: [49][400/497]	L_Src_Sup 2.5244e-01 (2.1118e-01)	L_Trg_Inj 2.0267e-01 (2.9622e-01)	Loss Disc 6.9314e-01 (6.9318e-01)	Loss Pred 5.4070e-01 (5.2087e-01)	Loss TOTAL 9.8255e-01 (9.2568e-01)
Epoch: [49][410/497]	L_Src_Sup 8.4723e-02 (2.1073e-01)	L_Trg_Inj 3.4554e-01 (2.9711e-01)	Loss Disc 6.9322e-01 (6.9318e-01)	Loss Pred 4.8398e-01 (5.2092e-01)	Loss TOTAL 8.7361e-01 (9.2562e-01)
Epoch: [49][420/497]	L_Src_Sup 1.1432e-01 (2.1097e-01)	L_Trg_Inj 3.5830e-01 (2.9737e-01)	Loss Disc 6.9321e-01 (6.9318e-01)	Loss Pred 5.2843e-01 (5.2091e-01)	Loss TOTAL 9.2230e-01 (9.2555e-01)
Epoch: [49][430/497]	L_Src_Sup 3.5055e-01 (2.1118e-01)	L_Trg_Inj 2.4965e-01 (2.9640e-01)	Loss Disc 6.9314e-01 (6.9318e-01)	Loss Pred 5.7876e-01 (5.2105e-01)	Loss TOTAL 1.0863e+00 (9.2580e-01)
Epoch: [49][440/497]	L_Src_Sup 2.5689e-01 (2.1072e-01)	L_Trg_Inj 2.6234e-01 (2.9621e-01)	Loss Disc 6.9321e-01 (6.9318e-01)	Loss Pred 5.0341e-01 (5.2077e-01)	Loss TOTAL 9.0193e-01 (9.2529e-01)
Epoch: [49][450/497]	L_Src_Sup 1.3087e-01 (2.1005e-01)	L_Trg_Inj 2.4971e-01 (2.9528e-01)	Loss Disc 6.9321e-01 (6.9318e-01)	Loss Pred 5.1573e-01 (5.2067e-01)	Loss TOTAL 9.0039e-01 (9.2491e-01)
Epoch: [49][460/497]	L_Src_Sup 1.3210e-01 (2.0924e-01)	L_Trg_Inj 3.6326e-01 (2.9561e-01)	Loss Disc 6.9317e-01 (6.9318e-01)	Loss Pred 5.2176e-01 (5.2062e-01)	Loss TOTAL 9.1788e-01 (9.2466e-01)
Epoch: [49][470/497]	L_Src_Sup 1.9643e-01 (2.0918e-01)	L_Trg_Inj 2.9652e-01 (2.9495e-01)	Loss Disc 6.9316e-01 (6.9318e-01)	Loss Pred 4.8384e-01 (5.2057e-01)	Loss TOTAL 8.7971e-01 (9.2457e-01)
Epoch: [49][480/497]	L_Src_Sup 3.3898e-01 (2.0981e-01)	L_Trg_Inj 4.0595e-01 (2.9528e-01)	Loss Disc 6.9313e-01 (6.9318e-01)	Loss Pred 4.9024e-01 (5.2070e-01)	Loss TOTAL 9.1130e-01 (9.2491e-01)
Epoch: [49][490/497]	L_Src_Sup 1.8565e-01 (2.0959e-01)	L_Trg_Inj 3.1175e-01 (2.9522e-01)	Loss Disc 6.9317e-01 (6.9318e-01)	Loss Pred 5.0912e-01 (5.2076e-01)	Loss TOTAL 9.0544e-01 (9.2505e-01)
Epoch: [49][497/497]	L_Src_Sup 8.7167e-02 (2.0916e-01)	L_Trg_Inj 2.6457e-01 (2.9577e-01)	Loss Disc 6.9309e-01 (6.9318e-01)	Loss Pred 4.6492e-01 (5.2060e-01)	Loss TOTAL 8.4663e-01 (9.2479e-01)
Epoch 49 complete. Saving model state...
