Using device: cuda
Loading Source Train...
Using Mean/Std calculated from Source Train (mean[0]=5.28672450474933, std[0]=0.22244416564372868)
Loading Target Train...
Epoch: [0][ 10/154]	L_Src_Sup 1.9997e+00 (1.9998e+00)	L_Trg_Inj 1.9996e+00 (1.9998e+00)	Loss Disc 7.1881e-01 (7.2203e-01)	Loss Pred 9.7932e-01 (9.8753e-01)	Loss TOTAL 1.7387e+00 (1.7485e+00)
Epoch: [0][ 20/154]	L_Src_Sup 1.9651e+00 (1.9972e+00)	L_Trg_Inj 1.9657e+00 (1.9972e+00)	Loss Disc 7.0895e-01 (7.1787e-01)	Loss Pred 1.0382e+00 (9.8691e-01)	Loss TOTAL 1.7858e+00 (1.7453e+00)
Epoch: [0][ 30/154]	L_Src_Sup 1.8866e+00 (1.8496e+00)	L_Trg_Inj 1.8628e+00 (1.8381e+00)	Loss Disc 6.9973e-01 (7.1307e-01)	Loss Pred 9.8463e-01 (9.8828e-01)	Loss TOTAL 1.7332e+00 (1.7268e+00)
Epoch: [0][ 40/154]	L_Src_Sup 5.7250e-01 (1.7184e+00)	L_Trg_Inj 6.3380e-01 (1.6985e+00)	Loss Disc 6.9593e-01 (7.0911e-01)	Loss Pred 1.0191e+00 (9.8919e-01)	Loss TOTAL 1.4877e+00 (1.7103e+00)
Epoch: [0][ 50/154]	L_Src_Sup 1.9591e+00 (1.7376e+00)	L_Trg_Inj 1.9491e+00 (1.7208e+00)	Loss Disc 6.9598e-01 (7.0658e-01)	Loss Pred 9.6882e-01 (9.8826e-01)	Loss TOTAL 1.7176e+00 (1.7084e+00)
Epoch: [0][ 60/154]	L_Src_Sup 2.8840e-01 (1.6824e+00)	L_Trg_Inj 3.4015e-01 (1.6717e+00)	Loss Disc 6.9406e-01 (7.0463e-01)	Loss Pred 9.6825e-01 (9.8988e-01)	Loss TOTAL 1.3781e+00 (1.6951e+00)
Epoch: [0][ 70/154]	L_Src_Sup 1.9532e+00 (1.6986e+00)	L_Trg_Inj 1.9576e+00 (1.6886e+00)	Loss Disc 6.9466e-01 (7.0325e-01)	Loss Pred 9.8848e-01 (9.9020e-01)	Loss TOTAL 1.7269e+00 (1.6966e+00)
Epoch: [0][ 80/154]	L_Src_Sup 2.5208e-01 (1.6711e+00)	L_Trg_Inj 4.5780e-01 (1.6692e+00)	Loss Disc 6.9363e-01 (7.0212e-01)	Loss Pred 1.0066e+00 (9.8824e-01)	Loss TOTAL 1.4244e+00 (1.6874e+00)
Epoch: [0][ 90/154]	L_Src_Sup 1.9285e-01 (1.5143e+00)	L_Trg_Inj 4.2832e-01 (1.5375e+00)	Loss Disc 6.9354e-01 (7.0117e-01)	Loss Pred 9.7943e-01 (9.8973e-01)	Loss TOTAL 1.3883e+00 (1.6585e+00)
Epoch: [0][100/154]	L_Src_Sup 8.1158e-02 (1.3802e+00)	L_Trg_Inj 6.7464e-01 (1.4350e+00)	Loss Disc 6.9269e-01 (7.0037e-01)	Loss Pred 9.5432e-01 (9.8849e-01)	Loss TOTAL 1.3762e+00 (1.6319e+00)
Epoch: [0][110/154]	L_Src_Sup 9.2521e-02 (1.2705e+00)	L_Trg_Inj 4.0036e-01 (1.3526e+00)	Loss Disc 6.9284e-01 (6.9967e-01)	Loss Pred 1.0080e+00 (9.8906e-01)	Loss TOTAL 1.4038e+00 (1.6119e+00)
Epoch: [0][120/154]	L_Src_Sup 4.1933e-01 (1.1849e+00)	L_Trg_Inj 5.6120e-01 (1.2823e+00)	Loss Disc 6.9156e-01 (6.9905e-01)	Loss Pred 9.6000e-01 (9.8910e-01)	Loss TOTAL 1.4038e+00 (1.5951e+00)
Epoch: [0][130/154]	L_Src_Sup 2.5053e-01 (1.1135e+00)	L_Trg_Inj 4.7611e-01 (1.2213e+00)	Loss Disc 6.9140e-01 (6.9847e-01)	Loss Pred 1.0218e+00 (9.8949e-01)	Loss TOTAL 1.4401e+00 (1.5812e+00)
Epoch: [0][140/154]	L_Src_Sup 2.2010e-01 (1.0534e+00)	L_Trg_Inj 3.2184e-01 (1.1608e+00)	Loss Disc 6.9058e-01 (6.9794e-01)	Loss Pred 9.6597e-01 (9.8777e-01)	Loss TOTAL 1.3655e+00 (1.5667e+00)
Epoch: [0][150/154]	L_Src_Sup 1.4876e-01 (9.9719e-01)	L_Trg_Inj 4.9889e-01 (1.1110e+00)	Loss Disc 6.8676e-01 (6.9732e-01)	Loss Pred 9.9386e-01 (9.8700e-01)	Loss TOTAL 1.4020e+00 (1.5546e+00)
Epoch: [0][154/154]	L_Src_Sup 2.6637e-01 (9.7878e-01)	L_Trg_Inj 3.6677e-01 (1.0930e+00)	Loss Disc 6.8837e-01 (6.9707e-01)	Loss Pred 1.0043e+00 (9.8695e-01)	Loss TOTAL 1.4118e+00 (1.5506e+00)
Epoch 0 complete. Saving model state...
Epoch: [1][ 10/154]	L_Src_Sup 8.6108e-02 (2.1876e-01)	L_Trg_Inj 4.3008e-01 (3.7103e-01)	Loss Disc 6.8882e-01 (6.8819e-01)	Loss Pred 9.5441e-01 (9.7894e-01)	Loss TOTAL 1.3504e+00 (1.3839e+00)
Epoch: [1][ 20/154]	L_Src_Sup 2.2458e-01 (2.0005e-01)	L_Trg_Inj 3.5414e-01 (3.6328e-01)	Loss Disc 6.9098e-01 (6.8842e-01)	Loss Pred 9.5429e-01 (9.7896e-01)	Loss TOTAL 1.3577e+00 (1.3816e+00)
Epoch: [1][ 30/154]	L_Src_Sup 2.2822e-01 (2.0073e-01)	L_Trg_Inj 4.0054e-01 (3.8283e-01)	Loss Disc 6.8861e-01 (6.8865e-01)	Loss Pred 9.5401e-01 (9.7986e-01)	Loss TOTAL 1.3612e+00 (1.3839e+00)
Epoch: [1][ 40/154]	L_Src_Sup 8.6745e-02 (2.0106e-01)	L_Trg_Inj 3.9804e-01 (3.9515e-01)	Loss Disc 6.8923e-01 (6.8848e-01)	Loss Pred 9.8973e-01 (9.7875e-01)	Loss TOTAL 1.3828e+00 (1.3851e+00)
Epoch: [1][ 50/154]	L_Src_Sup 2.6887e-01 (2.0984e-01)	L_Trg_Inj 3.9852e-01 (4.0188e-01)	Loss Disc 6.9006e-01 (6.8846e-01)	Loss Pred 9.8880e-01 (9.7897e-01)	Loss TOTAL 1.4006e+00 (1.3867e+00)
Epoch: [1][ 60/154]	L_Src_Sup 2.7782e-01 (2.0821e-01)	L_Trg_Inj 3.6221e-01 (3.9148e-01)	Loss Disc 6.8978e-01 (6.8883e-01)	Loss Pred 1.0071e+00 (9.7991e-01)	Loss TOTAL 1.4160e+00 (1.3869e+00)
Epoch: [1][ 70/154]	L_Src_Sup 3.6428e-01 (2.0961e-01)	L_Trg_Inj 3.5809e-01 (3.8433e-01)	Loss Disc 6.9127e-01 (6.8880e-01)	Loss Pred 9.8253e-01 (9.7872e-01)	Loss TOTAL 1.4066e+00 (1.3856e+00)
Epoch: [1][ 80/154]	L_Src_Sup 2.4282e-01 (2.2754e-01)	L_Trg_Inj 3.6154e-01 (3.8453e-01)	Loss Disc 6.8754e-01 (6.8838e-01)	Loss Pred 9.4660e-01 (9.8016e-01)	Loss TOTAL 1.3508e+00 (1.3938e+00)
Epoch: [1][ 90/154]	L_Src_Sup 2.2645e-01 (2.2727e-01)	L_Trg_Inj 4.7725e-01 (3.8801e-01)	Loss Disc 6.8089e-01 (6.8788e-01)	Loss Pred 9.7927e-01 (9.8107e-01)	Loss TOTAL 1.3901e+00 (1.3943e+00)
Epoch: [1][100/154]	L_Src_Sup 1.9754e-01 (2.2560e-01)	L_Trg_Inj 4.8453e-01 (3.9202e-01)	Loss Disc 6.8232e-01 (6.8738e-01)	Loss Pred 9.5110e-01 (9.8066e-01)	Loss TOTAL 1.3605e+00 (1.3935e+00)
Epoch: [1][110/154]	L_Src_Sup 2.4581e-01 (2.2762e-01)	L_Trg_Inj 4.2621e-01 (3.9078e-01)	Loss Disc 6.8366e-01 (6.8720e-01)	Loss Pred 1.0048e+00 (9.8065e-01)	Loss TOTAL 1.4138e+00 (1.3929e+00)
Epoch: [1][120/154]	L_Src_Sup 2.0562e-01 (2.2372e-01)	L_Trg_Inj 3.0564e-01 (3.9292e-01)	Loss Disc 6.8499e-01 (6.8690e-01)	Loss Pred 9.6853e-01 (9.7939e-01)	Loss TOTAL 1.3622e+00 (1.3907e+00)
Epoch: [1][130/154]	L_Src_Sup 1.8256e-01 (2.2469e-01)	L_Trg_Inj 4.4909e-01 (3.8920e-01)	Loss Disc 6.8309e-01 (6.8680e-01)	Loss Pred 1.0349e+00 (9.7901e-01)	Loss TOTAL 1.4396e+00 (1.3901e+00)
Epoch: [1][140/154]	L_Src_Sup 1.7983e-01 (2.2206e-01)	L_Trg_Inj 2.6745e-01 (3.8554e-01)	Loss Disc 6.8707e-01 (6.8679e-01)	Loss Pred 9.5368e-01 (9.7846e-01)	Loss TOTAL 1.3419e+00 (1.3884e+00)
Epoch: [1][150/154]	L_Src_Sup 1.8728e-01 (2.2084e-01)	L_Trg_Inj 1.8980e-01 (3.7425e-01)	Loss Disc 6.8594e-01 (6.8679e-01)	Loss Pred 9.8735e-01 (9.7849e-01)	Loss TOTAL 1.3680e+00 (1.3875e+00)
Epoch: [1][154/154]	L_Src_Sup 1.1918e-01 (2.1976e-01)	L_Trg_Inj 2.7100e-01 (3.7020e-01)	Loss Disc 6.8781e-01 (6.8676e-01)	Loss Pred 9.6908e-01 (9.7843e-01)	Loss TOTAL 1.3520e+00 (1.3871e+00)
Epoch 1 complete. Saving model state...
Epoch: [2][ 10/154]	L_Src_Sup 2.3131e-01 (1.8011e-01)	L_Trg_Inj 2.8037e-01 (2.2865e-01)	Loss Disc 6.8055e-01 (6.8494e-01)	Loss Pred 9.5011e-01 (9.7484e-01)	Loss TOTAL 1.3416e+00 (1.3670e+00)
Epoch: [2][ 20/154]	L_Src_Sup 1.4097e-01 (2.0105e-01)	L_Trg_Inj 4.9998e-01 (3.0905e-01)	Loss Disc 6.8213e-01 (6.8419e-01)	Loss Pred 9.9978e-01 (9.7400e-01)	Loss TOTAL 1.4049e+00 (1.3741e+00)
Epoch: [2][ 30/154]	L_Src_Sup 1.8919e-01 (2.0901e-01)	L_Trg_Inj 3.1730e-01 (3.4583e-01)	Loss Disc 6.8146e-01 (6.8334e-01)	Loss Pred 9.6815e-01 (9.7421e-01)	Loss TOTAL 1.3595e+00 (1.3761e+00)
Epoch: [2][ 40/154]	L_Src_Sup 2.3013e-01 (2.1703e-01)	L_Trg_Inj 3.9242e-01 (3.5331e-01)	Loss Disc 6.6825e-01 (6.8103e-01)	Loss Pred 9.7554e-01 (9.7169e-01)	Loss TOTAL 1.3719e+00 (1.3738e+00)
Epoch: [2][ 50/154]	L_Src_Sup 1.2532e-01 (2.1882e-01)	L_Trg_Inj 3.6307e-01 (3.6532e-01)	Loss Disc 6.6650e-01 (6.7723e-01)	Loss Pred 9.3669e-01 (9.6966e-01)	Loss TOTAL 1.3188e+00 (1.3703e+00)
Epoch: [2][ 60/154]	L_Src_Sup 1.7735e-01 (2.1576e-01)	L_Trg_Inj 3.1944e-01 (3.6133e-01)	Loss Disc 6.7559e-01 (6.7586e-01)	Loss Pred 9.4221e-01 (9.6500e-01)	Loss TOTAL 1.3297e+00 (1.3648e+00)
Epoch: [2][ 70/154]	L_Src_Sup 2.4272e-01 (2.1979e-01)	L_Trg_Inj 3.1059e-01 (3.5748e-01)	Loss Disc 7.3075e-01 (6.7578e-01)	Loss Pred 9.6297e-01 (9.6319e-01)	Loss TOTAL 1.3837e+00 (1.3628e+00)
Epoch: [2][ 80/154]	L_Src_Sup 2.8583e-01 (2.1805e-01)	L_Trg_Inj 4.9033e-01 (3.5815e-01)	Loss Disc 6.9952e-01 (6.8019e-01)	Loss Pred 9.8354e-01 (9.6334e-01)	Loss TOTAL 1.4109e+00 (1.3654e+00)
Epoch: [2][ 90/154]	L_Src_Sup 2.5870e-01 (2.1494e-01)	L_Trg_Inj 3.8026e-01 (3.6694e-01)	Loss Disc 6.6982e-01 (6.8036e-01)	Loss Pred 9.5579e-01 (9.6324e-01)	Loss TOTAL 1.3546e+00 (1.3655e+00)
Epoch: [2][100/154]	L_Src_Sup 2.7739e-01 (2.1530e-01)	L_Trg_Inj 2.8255e-01 (3.6800e-01)	Loss Disc 6.6962e-01 (6.8024e-01)	Loss Pred 9.4310e-01 (9.5945e-01)	Loss TOTAL 1.3339e+00 (1.3629e+00)
Epoch: [2][110/154]	L_Src_Sup 1.7802e-01 (2.1682e-01)	L_Trg_Inj 4.0187e-01 (3.6820e-01)	Loss Disc 6.5145e-01 (6.7865e-01)	Loss Pred 8.7081e-01 (9.5229e-01)	Loss TOTAL 1.2545e+00 (1.3550e+00)
Epoch: [2][120/154]	L_Src_Sup 2.0082e-01 (2.1926e-01)	L_Trg_Inj 4.1878e-01 (3.6909e-01)	Loss Disc 6.6189e-01 (6.7628e-01)	Loss Pred 8.1616e-01 (9.4430e-01)	Loss TOTAL 1.2091e+00 (1.3465e+00)
Epoch: [2][130/154]	L_Src_Sup 2.1840e-01 (2.1612e-01)	L_Trg_Inj 5.1916e-01 (3.7566e-01)	Loss Disc 6.4543e-01 (6.7374e-01)	Loss Pred 8.4110e-01 (9.3733e-01)	Loss TOTAL 1.2376e+00 (1.3382e+00)
Epoch: [2][140/154]	L_Src_Sup 2.3691e-01 (2.1338e-01)	L_Trg_Inj 1.6407e-01 (3.7296e-01)	Loss Disc 6.3759e-01 (6.7154e-01)	Loss Pred 8.4910e-01 (9.3047e-01)	Loss TOTAL 1.2808e+00 (1.3299e+00)
Epoch: [2][150/154]	L_Src_Sup 2.4445e-01 (2.1311e-01)	L_Trg_Inj 1.1137e-01 (3.6525e-01)	Loss Disc 6.3856e-01 (6.6957e-01)	Loss Pred 8.4013e-01 (9.2433e-01)	Loss TOTAL 1.3281e+00 (1.3225e+00)
Epoch: [2][154/154]	L_Src_Sup 2.1527e-01 (2.1207e-01)	L_Trg_Inj 2.9629e-01 (3.6211e-01)	Loss Disc 6.4416e-01 (6.6892e-01)	Loss Pred 8.2593e-01 (9.2177e-01)	Loss TOTAL 1.1992e+00 (1.3191e+00)
Epoch 2 complete. Saving model state...
Epoch: [3][ 10/154]	L_Src_Sup 2.2333e+00 (3.8877e-01)	L_Trg_Inj 7.6814e-01 (2.9605e-01)	Loss Disc 6.4111e-01 (6.4737e-01)	Loss Pred 8.3278e-01 (8.1922e-01)	Loss TOTAL 2.9187e+00 (1.3661e+00)
Epoch: [3][ 20/154]	L_Src_Sup 2.8990e-01 (4.3469e-01)	L_Trg_Inj 4.4890e-01 (3.8347e-01)	Loss Disc 6.5905e-01 (6.4691e-01)	Loss Pred 8.3446e-01 (8.4405e-01)	Loss TOTAL 1.2379e+00 (1.4021e+00)
Epoch: [3][ 30/154]	L_Src_Sup 1.1908e-01 (3.7275e-01)	L_Trg_Inj 4.5392e-01 (3.9958e-01)	Loss Disc 6.3813e-01 (6.4617e-01)	Loss Pred 8.5254e-01 (8.4608e-01)	Loss TOTAL 1.2289e+00 (1.3490e+00)
Epoch: [3][ 40/154]	L_Src_Sup 1.7656e-01 (3.2623e-01)	L_Trg_Inj 2.8575e-01 (3.9469e-01)	Loss Disc 6.4786e-01 (6.4473e-01)	Loss Pred 8.1765e-01 (8.4417e-01)	Loss TOTAL 1.1878e+00 (1.3156e+00)
Epoch: [3][ 50/154]	L_Src_Sup 1.4124e-01 (3.0738e-01)	L_Trg_Inj 3.4338e-01 (3.8870e-01)	Loss Disc 6.3311e-01 (6.4432e-01)	Loss Pred 8.3533e-01 (8.3979e-01)	Loss TOTAL 1.2003e+00 (1.2942e+00)
Epoch: [3][ 60/154]	L_Src_Sup 1.9878e-01 (2.9155e-01)	L_Trg_Inj 1.7961e-01 (3.7484e-01)	Loss Disc 6.4327e-01 (6.4381e-01)	Loss Pred 8.1058e-01 (8.3594e-01)	Loss TOTAL 1.1892e+00 (1.2770e+00)
Epoch: [3][ 70/154]	L_Src_Sup 2.2912e-01 (2.8211e-01)	L_Trg_Inj 3.4783e-01 (3.7857e-01)	Loss Disc 6.3741e-01 (6.4294e-01)	Loss Pred 8.1568e-01 (8.3330e-01)	Loss TOTAL 1.1921e+00 (1.2670e+00)
Epoch: [3][ 80/154]	L_Src_Sup 2.6461e-01 (2.7354e-01)	L_Trg_Inj 2.7362e-01 (3.7285e-01)	Loss Disc 6.4463e-01 (6.4264e-01)	Loss Pred 8.0073e-01 (8.3026e-01)	Loss TOTAL 1.1769e+00 (1.2566e+00)
Epoch: [3][ 90/154]	L_Src_Sup 1.1260e-01 (2.6657e-01)	L_Trg_Inj 2.5274e-01 (3.6389e-01)	Loss Disc 6.3445e-01 (6.4248e-01)	Loss Pred 8.1367e-01 (8.2739e-01)	Loss TOTAL 1.1674e+00 (1.2485e+00)
Epoch: [3][100/154]	L_Src_Sup 1.6753e-01 (2.6091e-01)	L_Trg_Inj 3.1081e-01 (3.6505e-01)	Loss Disc 6.4319e-01 (6.4233e-01)	Loss Pred 7.9661e-01 (8.2476e-01)	Loss TOTAL 1.1660e+00 (1.2417e+00)
Epoch: [3][110/154]	L_Src_Sup 1.7976e-01 (2.5533e-01)	L_Trg_Inj 4.0918e-01 (3.6174e-01)	Loss Disc 6.3585e-01 (6.4231e-01)	Loss Pred 8.0359e-01 (8.2219e-01)	Loss TOTAL 1.1804e+00 (1.2365e+00)
Epoch: [3][120/154]	L_Src_Sup 2.7469e-01 (2.5354e-01)	L_Trg_Inj 4.9849e-01 (3.6190e-01)	Loss Disc 6.4487e-01 (6.4257e-01)	Loss Pred 7.9103e-01 (8.1947e-01)	Loss TOTAL 1.1908e+00 (1.2316e+00)
Epoch: [3][130/154]	L_Src_Sup 2.4985e-01 (2.4955e-01)	L_Trg_Inj 4.0118e-01 (3.6003e-01)	Loss Disc 6.3587e-01 (6.4254e-01)	Loss Pred 7.9802e-01 (8.1728e-01)	Loss TOTAL 1.1811e+00 (1.2267e+00)
Epoch: [3][140/154]	L_Src_Sup 1.8229e-01 (2.4650e-01)	L_Trg_Inj 3.0164e-01 (3.6175e-01)	Loss Disc 6.3435e-01 (6.4236e-01)	Loss Pred 7.9701e-01 (8.1541e-01)	Loss TOTAL 1.1626e+00 (1.2226e+00)
Epoch: [3][150/154]	L_Src_Sup 3.7323e-01 (2.4623e-01)	L_Trg_Inj 3.0364e-01 (3.5552e-01)	Loss Disc 6.4019e-01 (6.4229e-01)	Loss Pred 7.9284e-01 (8.1354e-01)	Loss TOTAL 1.2502e+00 (1.2198e+00)
Epoch: [3][154/154]	L_Src_Sup 1.9998e-01 (2.4494e-01)	L_Trg_Inj 3.9690e-01 (3.5721e-01)	Loss Disc 6.4172e-01 (6.4226e-01)	Loss Pred 7.8405e-01 (8.1280e-01)	Loss TOTAL 1.1646e+00 (1.2184e+00)
Epoch 3 complete. Saving model state...
Epoch: [4][ 10/154]	L_Src_Sup 2.7961e-01 (2.0373e-01)	L_Trg_Inj 2.7557e-01 (3.6378e-01)	Loss Disc 6.4168e-01 (6.4332e-01)	Loss Pred 7.8148e-01 (7.8075e-01)	Loss TOTAL 1.1619e+00 (1.1596e+00)
Epoch: [4][ 20/154]	L_Src_Sup 1.0884e-01 (2.0194e-01)	L_Trg_Inj 2.8040e-01 (3.6104e-01)	Loss Disc 6.3874e-01 (6.4375e-01)	Loss Pred 7.8260e-01 (7.7907e-01)	Loss TOTAL 1.1409e+00 (1.1574e+00)
Epoch: [4][ 30/154]	L_Src_Sup 1.7233e-01 (1.9919e-01)	L_Trg_Inj 4.4583e-01 (3.6203e-01)	Loss Disc 6.2550e-01 (6.4214e-01)	Loss Pred 7.9493e-01 (7.7974e-01)	Loss TOTAL 1.1695e+00 (1.1571e+00)
Epoch: [4][ 40/154]	L_Src_Sup 1.7530e-01 (1.9935e-01)	L_Trg_Inj 3.8695e-01 (3.6650e-01)	Loss Disc 6.5490e-01 (6.4235e-01)	Loss Pred 7.6013e-01 (7.7840e-01)	Loss TOTAL 1.1438e+00 (1.1579e+00)
Epoch: [4][ 50/154]	L_Src_Sup 1.7168e-01 (2.0072e-01)	L_Trg_Inj 4.7757e-01 (3.6793e-01)	Loss Disc 6.4169e-01 (6.4180e-01)	Loss Pred 7.7242e-01 (7.7788e-01)	Loss TOTAL 1.1582e+00 (1.1584e+00)
Epoch: [4][ 60/154]	L_Src_Sup 2.0153e-01 (2.0129e-01)	L_Trg_Inj 2.9015e-01 (3.7197e-01)	Loss Disc 6.4165e-01 (6.4161e-01)	Loss Pred 7.7000e-01 (7.7695e-01)	Loss TOTAL 1.1400e+00 (1.1574e+00)
Epoch: [4][ 70/154]	L_Src_Sup 2.2196e-01 (1.9961e-01)	L_Trg_Inj 3.4373e-01 (3.7233e-01)	Loss Disc 6.3724e-01 (6.4184e-01)	Loss Pred 7.7226e-01 (7.7564e-01)	Loss TOTAL 1.1475e+00 (1.1558e+00)
Epoch: [4][ 80/154]	L_Src_Sup 2.7845e-01 (2.0131e-01)	L_Trg_Inj 4.2256e-01 (3.6764e-01)	Loss Disc 6.4167e-01 (6.4246e-01)	Loss Pred 7.6568e-01 (7.7387e-01)	Loss TOTAL 1.1566e+00 (1.1545e+00)
Epoch: [4][ 90/154]	L_Src_Sup 1.8835e-01 (2.0033e-01)	L_Trg_Inj 3.9222e-01 (3.6383e-01)	Loss Disc 6.2957e-01 (6.4206e-01)	Loss Pred 7.8003e-01 (7.7319e-01)	Loss TOTAL 1.1529e+00 (1.1533e+00)
Epoch: [4][100/154]	L_Src_Sup 1.6522e-01 (2.0186e-01)	L_Trg_Inj 2.5734e-01 (3.6224e-01)	Loss Disc 6.3130e-01 (6.4162e-01)	Loss Pred 7.7115e-01 (7.7248e-01)	Loss TOTAL 1.1291e+00 (1.1521e+00)
Epoch: [4][110/154]	L_Src_Sup 1.5301e-01 (2.0172e-01)	L_Trg_Inj 3.3139e-01 (3.5880e-01)	Loss Disc 6.3856e-01 (6.4151e-01)	Loss Pred 7.6729e-01 (7.7153e-01)	Loss TOTAL 1.1350e+00 (1.1528e+00)
Epoch: [4][120/154]	L_Src_Sup 8.7452e-02 (2.0045e-01)	L_Trg_Inj 2.2432e-01 (3.5632e-01)	Loss Disc 6.3868e-01 (6.4165e-01)	Loss Pred 7.5969e-01 (7.7026e-01)	Loss TOTAL 1.1102e+00 (1.1508e+00)
Epoch: [4][130/154]	L_Src_Sup 2.0335e-01 (2.0081e-01)	L_Trg_Inj 4.7924e-01 (3.5311e-01)	Loss Disc 6.3426e-01 (6.4164e-01)	Loss Pred 7.6207e-01 (7.6921e-01)	Loss TOTAL 1.1475e+00 (1.1503e+00)
Epoch: [4][140/154]	L_Src_Sup 2.2332e-01 (2.0161e-01)	L_Trg_Inj 2.7599e-01 (3.5297e-01)	Loss Disc 6.4898e-01 (6.4176e-01)	Loss Pred 7.4535e-01 (7.6797e-01)	Loss TOTAL 1.1198e+00 (1.1488e+00)
Epoch: [4][150/154]	L_Src_Sup 1.7423e-01 (2.0394e-01)	L_Trg_Inj 5.2343e-01 (3.5486e-01)	Loss Disc 6.4456e-01 (6.4181e-01)	Loss Pred 7.4849e-01 (7.6684e-01)	Loss TOTAL 1.1405e+00 (1.1486e+00)
Epoch: [4][154/154]	L_Src_Sup 2.5444e-01 (2.0433e-01)	L_Trg_Inj 4.3256e-01 (3.5652e-01)	Loss Disc 6.3280e-01 (6.4186e-01)	Loss Pred 7.5878e-01 (7.6636e-01)	Loss TOTAL 1.1439e+00 (1.1483e+00)
Epoch 4 complete. Saving model state...
Epoch: [5][ 10/154]	L_Src_Sup 1.4685e-01 (1.9181e-01)	L_Trg_Inj 4.1047e-01 (4.9966e-01)	Loss Disc 6.4455e-01 (6.4088e-01)	Loss Pred 7.4440e-01 (7.4907e-01)	Loss TOTAL 1.1224e+00 (1.1387e+00)
Epoch: [5][ 20/154]	L_Src_Sup 6.8724e-02 (1.8513e-01)	L_Trg_Inj 4.3602e-01 (4.7811e-01)	Loss Disc 6.3424e-01 (6.4168e-01)	Loss Pred 7.5224e-01 (7.4710e-01)	Loss TOTAL 1.1198e+00 (1.1343e+00)
Epoch: [5][ 30/154]	L_Src_Sup 1.2515e-01 (1.7804e-01)	L_Trg_Inj 2.3837e-01 (4.2857e-01)	Loss Disc 6.4600e-01 (6.4185e-01)	Loss Pred 7.3859e-01 (7.4587e-01)	Loss TOTAL 1.0979e+00 (1.1275e+00)
Epoch: [5][ 40/154]	L_Src_Sup 2.7050e-01 (1.8632e-01)	L_Trg_Inj 2.4570e-01 (4.1765e-01)	Loss Disc 6.4308e-01 (6.4213e-01)	Loss Pred 7.3945e-01 (7.4468e-01)	Loss TOTAL 1.1374e+00 (1.1298e+00)
Epoch: [5][ 50/154]	L_Src_Sup 2.5375e-01 (1.9169e-01)	L_Trg_Inj 4.3388e-01 (4.1898e-01)	Loss Disc 6.3275e-01 (6.4205e-01)	Loss Pred 7.4793e-01 (7.4372e-01)	Loss TOTAL 1.1331e+00 (1.1287e+00)
Epoch: [5][ 60/154]	L_Src_Sup 2.8137e-01 (1.9905e-01)	L_Trg_Inj 3.5269e-01 (4.1460e-01)	Loss Disc 6.4159e-01 (6.4210e-01)	Loss Pred 7.3661e-01 (7.4258e-01)	Loss TOTAL 1.1208e+00 (1.1280e+00)
Epoch: [5][ 70/154]	L_Src_Sup 1.4002e-01 (1.9736e-01)	L_Trg_Inj 3.9395e-01 (4.1241e-01)	Loss Disc 6.5188e-01 (6.4184e-01)	Loss Pred 7.2389e-01 (7.4178e-01)	Loss TOTAL 1.1032e+00 (1.1262e+00)
Epoch: [5][ 80/154]	L_Src_Sup 1.9530e-01 (1.9791e-01)	L_Trg_Inj 3.5827e-01 (3.9485e-01)	Loss Disc 6.4156e-01 (6.4151e-01)	Loss Pred 7.3238e-01 (7.4106e-01)	Loss TOTAL 1.1085e+00 (1.1247e+00)
Epoch: [5][ 90/154]	L_Src_Sup 1.6085e-01 (1.9638e-01)	L_Trg_Inj 2.4035e-01 (3.8686e-01)	Loss Disc 6.5043e-01 (6.4184e-01)	Loss Pred 7.2069e-01 (7.3963e-01)	Loss TOTAL 1.0860e+00 (1.1223e+00)
Epoch: [5][100/154]	L_Src_Sup 1.2231e-01 (1.9426e-01)	L_Trg_Inj 3.5108e-01 (3.8213e-01)	Loss Disc 6.4747e-01 (6.4159e-01)	Loss Pred 7.2295e-01 (7.3884e-01)	Loss TOTAL 1.0940e+00 (1.1211e+00)
Epoch: [5][110/154]	L_Src_Sup 2.5820e-01 (1.9796e-01)	L_Trg_Inj 3.6743e-01 (3.7413e-01)	Loss Disc 6.5190e-01 (6.4194e-01)	Loss Pred 7.1494e-01 (7.3746e-01)	Loss TOTAL 1.1035e+00 (1.1192e+00)
Epoch: [5][120/154]	L_Src_Sup 4.0625e-02 (1.9673e-01)	L_Trg_Inj 2.7994e-01 (3.6706e-01)	Loss Disc 6.4894e-01 (6.4193e-01)	Loss Pred 7.1586e-01 (7.3642e-01)	Loss TOTAL 1.0724e+00 (1.1171e+00)
Epoch: [5][130/154]	L_Src_Sup 1.4651e-01 (1.9923e-01)	L_Trg_Inj 3.3344e-01 (3.6171e-01)	Loss Disc 6.4597e-01 (6.4171e-01)	Loss Pred 7.1685e-01 (7.3561e-01)	Loss TOTAL 1.0878e+00 (1.1159e+00)
Epoch: [5][140/154]	L_Src_Sup 1.3367e-01 (1.9927e-01)	L_Trg_Inj 3.1781e-01 (3.5749e-01)	Loss Disc 6.3714e-01 (6.4169e-01)	Loss Pred 7.2512e-01 (7.3457e-01)	Loss TOTAL 1.0888e+00 (1.1155e+00)
Epoch: [5][150/154]	L_Src_Sup 9.4941e-02 (1.9900e-01)	L_Trg_Inj 2.7030e-01 (3.5212e-01)	Loss Disc 6.2828e-01 (6.4166e-01)	Loss Pred 7.3370e-01 (7.3354e-01)	Loss TOTAL 1.0844e+00 (1.1140e+00)
Epoch: [5][154/154]	L_Src_Sup 1.1940e-01 (1.9862e-01)	L_Trg_Inj 2.1754e-01 (3.5060e-01)	Loss Disc 6.5294e-01 (6.4175e-01)	Loss Pred 7.0863e-01 (7.3304e-01)	Loss TOTAL 1.0688e+00 (1.1133e+00)
Epoch 5 complete. Saving model state...
Epoch: [6][ 10/154]	L_Src_Sup 1.6749e-01 (1.7714e-01)	L_Trg_Inj 2.6496e-01 (2.2543e-01)	Loss Disc 6.4451e-01 (6.4615e-01)	Loss Pred 7.1098e-01 (7.1010e-01)	Loss TOTAL 1.0765e+00 (1.0812e+00)
Epoch: [6][ 20/154]	L_Src_Sup 2.3782e-01 (1.8880e-01)	L_Trg_Inj 2.7072e-01 (2.5717e-01)	Loss Disc 6.5189e-01 (6.4703e-01)	Loss Pred 6.9884e-01 (7.0772e-01)	Loss TOTAL 1.0756e+00 (1.0852e+00)
Epoch: [6][ 30/154]	L_Src_Sup 2.3888e-01 (2.0435e-01)	L_Trg_Inj 2.9219e-01 (3.0566e-01)	Loss Disc 6.4005e-01 (6.4452e-01)	Loss Pred 7.1269e-01 (7.1000e-01)	Loss TOTAL 1.0858e+00 (1.0900e+00)
Epoch: [6][ 40/154]	L_Src_Sup 2.2394e-01 (2.0295e-01)	L_Trg_Inj 3.3031e-01 (3.2026e-01)	Loss Disc 6.3563e-01 (6.4318e-01)	Loss Pred 7.1632e-01 (7.1066e-01)	Loss TOTAL 1.0896e+00 (1.0924e+00)
Epoch: [6][ 50/154]	L_Src_Sup 2.2637e-01 (1.9802e-01)	L_Trg_Inj 2.0610e-01 (3.1630e-01)	Loss Disc 6.4741e-01 (6.4270e-01)	Loss Pred 6.9839e-01 (7.1032e-01)	Loss TOTAL 1.0856e+00 (1.0898e+00)
Epoch: [6][ 60/154]	L_Src_Sup 2.5450e-01 (1.9315e-01)	L_Trg_Inj 2.5838e-01 (3.1087e-01)	Loss Disc 6.4301e-01 (6.4270e-01)	Loss Pred 7.0222e-01 (7.0920e-01)	Loss TOTAL 1.0750e+00 (1.0865e+00)
Epoch: [6][ 70/154]	L_Src_Sup 2.2341e-01 (1.9359e-01)	L_Trg_Inj 3.5827e-01 (3.0732e-01)	Loss Disc 6.4446e-01 (6.4245e-01)	Loss Pred 6.9833e-01 (7.0845e-01)	Loss TOTAL 1.0787e+00 (1.0864e+00)
Epoch: [6][ 80/154]	L_Src_Sup 1.2876e-01 (1.8998e-01)	L_Trg_Inj 3.1371e-01 (3.0248e-01)	Loss Disc 6.4151e-01 (6.4246e-01)	Loss Pred 6.9996e-01 (7.0733e-01)	Loss TOTAL 1.0650e+00 (1.0842e+00)
Epoch: [6][ 90/154]	L_Src_Sup 1.8262e-01 (1.9066e-01)	L_Trg_Inj 1.9412e-01 (2.9280e-01)	Loss Disc 6.5775e-01 (6.4241e-01)	Loss Pred 6.7482e-01 (7.0634e-01)	Loss TOTAL 1.0414e+00 (1.0837e+00)
Epoch: [6][100/154]	L_Src_Sup 6.4541e-02 (1.9416e-01)	L_Trg_Inj 3.6789e-01 (2.9829e-01)	Loss Disc 6.4742e-01 (6.4257e-01)	Loss Pred 6.8794e-01 (7.0516e-01)	Loss TOTAL 1.0549e+00 (1.0850e+00)
Epoch: [6][110/154]	L_Src_Sup 1.6734e-01 (1.9337e-01)	L_Trg_Inj 3.7371e-01 (3.0832e-01)	Loss Disc 6.4591e-01 (6.4220e-01)	Loss Pred 6.8706e-01 (7.0465e-01)	Loss TOTAL 1.0641e+00 (1.0844e+00)
Epoch: [6][120/154]	L_Src_Sup 1.3378e-01 (1.9423e-01)	L_Trg_Inj 3.6735e-01 (3.0963e-01)	Loss Disc 6.3710e-01 (6.4220e-01)	Loss Pred 6.9856e-01 (7.0361e-01)	Loss TOTAL 1.0672e+00 (1.0829e+00)
Epoch: [6][130/154]	L_Src_Sup 2.1758e-01 (1.9540e-01)	L_Trg_Inj 2.5860e-01 (3.1072e-01)	Loss Disc 6.4002e-01 (6.4204e-01)	Loss Pred 6.9195e-01 (7.0277e-01)	Loss TOTAL 1.0596e+00 (1.0817e+00)
Epoch: [6][140/154]	L_Src_Sup 1.8979e-01 (1.9710e-01)	L_Trg_Inj 2.2316e-01 (3.0758e-01)	Loss Disc 6.4740e-01 (6.4199e-01)	Loss Pred 6.7861e-01 (7.0179e-01)	Loss TOTAL 1.0436e+00 (1.0800e+00)
Epoch: [6][150/154]	L_Src_Sup 9.1629e-02 (1.9588e-01)	L_Trg_Inj 4.1624e-01 (3.0435e-01)	Loss Disc 6.3261e-01 (6.4169e-01)	Loss Pred 6.9981e-01 (7.0119e-01)	Loss TOTAL 1.0669e+00 (1.0789e+00)
Epoch: [6][154/154]	L_Src_Sup 1.1882e-01 (1.9573e-01)	L_Trg_Inj 2.6996e-01 (3.0507e-01)	Loss Disc 6.5624e-01 (6.4169e-01)	Loss Pred 6.6180e-01 (7.0084e-01)	Loss TOTAL 1.0288e+00 (1.0784e+00)
Epoch 6 complete. Saving model state...
Epoch: [7][ 10/154]	L_Src_Sup 2.2477e-01 (1.8247e-01)	L_Trg_Inj 3.2916e-01 (3.1764e-01)	Loss Disc 6.3559e-01 (6.4165e-01)	Loss Pred 6.9215e-01 (6.8365e-01)	Loss TOTAL 1.0653e+00 (1.0551e+00)
Epoch: [7][ 20/154]	L_Src_Sup 2.7611e-01 (1.8529e-01)	L_Trg_Inj 2.6936e-01 (2.9983e-01)	Loss Disc 6.4300e-01 (6.4350e-01)	Loss Pred 6.7829e-01 (6.7948e-01)	Loss TOTAL 1.0611e+00 (1.0507e+00)
Epoch: [7][ 30/154]	L_Src_Sup 2.2398e-01 (1.8397e-01)	L_Trg_Inj 3.4719e-01 (3.1161e-01)	Loss Disc 6.3562e-01 (6.4327e-01)	Loss Pred 6.8889e-01 (6.7886e-01)	Loss TOTAL 1.0638e+00 (1.0507e+00)
Epoch: [7][ 40/154]	L_Src_Sup 1.7117e-01 (1.9178e-01)	L_Trg_Inj 3.1606e-01 (3.0775e-01)	Loss Disc 6.5184e-01 (6.4365e-01)	Loss Pred 6.5833e-01 (6.7741e-01)	Loss TOTAL 1.0330e+00 (1.0507e+00)
Epoch: [7][ 50/154]	L_Src_Sup 2.5497e-01 (1.9473e-01)	L_Trg_Inj 3.4903e-01 (3.0778e-01)	Loss Disc 6.4297e-01 (6.4330e-01)	Loss Pred 6.7180e-01 (6.7685e-01)	Loss TOTAL 1.0537e+00 (1.0523e+00)
Epoch: [7][ 60/154]	L_Src_Sup 1.6288e-01 (1.9527e-01)	L_Trg_Inj 4.5265e-01 (3.1217e-01)	Loss Disc 6.4444e-01 (6.4270e-01)	Loss Pred 6.6909e-01 (6.7683e-01)	Loss TOTAL 1.0529e+00 (1.0523e+00)
Epoch: [7][ 70/154]	L_Src_Sup 1.2904e-01 (1.9380e-01)	L_Trg_Inj 3.1233e-01 (3.2256e-01)	Loss Disc 6.4147e-01 (6.4234e-01)	Loss Pred 6.7134e-01 (6.7646e-01)	Loss TOTAL 1.0362e+00 (1.0522e+00)
Epoch: [7][ 80/154]	L_Src_Sup 2.4493e-01 (2.0209e-01)	L_Trg_Inj 3.7860e-01 (3.2365e-01)	Loss Disc 6.4883e-01 (6.4203e-01)	Loss Pred 6.5496e-01 (6.7594e-01)	Loss TOTAL 1.0417e+00 (1.0531e+00)
Epoch: [7][ 90/154]	L_Src_Sup 2.5862e-01 (1.9916e-01)	L_Trg_Inj 3.2871e-01 (3.2057e-01)	Loss Disc 6.2966e-01 (6.4193e-01)	Loss Pred 6.8834e-01 (6.7504e-01)	Loss TOTAL 1.0619e+00 (1.0516e+00)
Epoch: [7][100/154]	L_Src_Sup 3.0763e+00 (2.2801e-01)	L_Trg_Inj 1.0074e+00 (3.2166e-01)	Loss Disc 6.3722e-01 (6.4195e-01)	Loss Pred 7.0462e-01 (6.7428e-01)	Loss TOTAL 3.5005e+00 (1.0745e+00)
Epoch: [7][110/154]	L_Src_Sup 2.3024e-01 (2.4032e-01)	L_Trg_Inj 4.9031e-01 (3.2970e-01)	Loss Disc 6.3555e-01 (6.4192e-01)	Loss Pred 6.8494e-01 (6.7494e-01)	Loss TOTAL 1.0748e+00 (1.0781e+00)
Epoch: [7][120/154]	L_Src_Sup 2.3689e-01 (2.4161e-01)	L_Trg_Inj 4.2900e-01 (3.3506e-01)	Loss Disc 6.4587e-01 (6.4172e-01)	Loss Pred 6.5526e-01 (6.7459e-01)	Loss TOTAL 1.0448e+00 (1.0763e+00)
Epoch: [7][130/154]	L_Src_Sup 2.6266e-01 (2.3867e-01)	L_Trg_Inj 3.6582e-01 (3.3814e-01)	Loss Disc 6.3260e-01 (6.4141e-01)	Loss Pred 6.7680e-01 (6.7411e-01)	Loss TOTAL 1.0559e+00 (1.0739e+00)
Epoch: [7][140/154]	L_Src_Sup 1.6709e-01 (2.3782e-01)	L_Trg_Inj 2.7538e-01 (3.3838e-01)	Loss Disc 6.4590e-01 (6.4140e-01)	Loss Pred 6.4919e-01 (6.7312e-01)	Loss TOTAL 1.0164e+00 (1.0716e+00)
Epoch: [7][150/154]	L_Src_Sup 1.9277e-01 (2.3631e-01)	L_Trg_Inj 3.7674e-01 (3.4014e-01)	Loss Disc 6.4591e-01 (6.4159e-01)	Loss Pred 6.4727e-01 (6.7167e-01)	Loss TOTAL 1.0272e+00 (1.0690e+00)
Epoch: [7][154/154]	L_Src_Sup 2.1795e-01 (2.3634e-01)	L_Trg_Inj 5.0404e-01 (3.4054e-01)	Loss Disc 6.3997e-01 (6.4156e-01)	Loss Pred 6.5797e-01 (6.7131e-01)	Loss TOTAL 1.0501e+00 (1.0687e+00)
Epoch 7 complete. Saving model state...
Epoch: [8][ 10/154]	L_Src_Sup 2.2926e-01 (2.1255e-01)	L_Trg_Inj 3.8576e-01 (3.7290e-01)	Loss Disc 6.5029e-01 (6.3953e-01)	Loss Pred 6.3532e-01 (6.5764e-01)	Loss TOTAL 1.0220e+00 (1.0406e+00)
Epoch: [8][ 20/154]	L_Src_Sup 1.7054e-01 (2.1208e-01)	L_Trg_Inj 3.6505e-01 (3.7218e-01)	Loss Disc 6.4293e-01 (6.4234e-01)	Loss Pred 6.4773e-01 (6.5091e-01)	Loss TOTAL 1.0228e+00 (1.0328e+00)
Epoch: [8][ 30/154]	L_Src_Sup 2.4930e-01 (2.1141e-01)	L_Trg_Inj 3.9140e-01 (3.5396e-01)	Loss Disc 6.2371e-01 (6.4097e-01)	Loss Pred 6.8582e-01 (6.5287e-01)	Loss TOTAL 1.0617e+00 (1.0328e+00)
Epoch: [8][ 40/154]	L_Src_Sup 2.0646e-01 (2.2021e-01)	L_Trg_Inj 2.8155e-01 (3.5398e-01)	Loss Disc 6.4733e-01 (6.4027e-01)	Loss Pred 6.3485e-01 (6.5330e-01)	Loss TOTAL 1.0073e+00 (1.0331e+00)
Epoch: [8][ 50/154]	L_Src_Sup 3.0143e-01 (2.2150e-01)	L_Trg_Inj 3.0449e-01 (3.3668e-01)	Loss Disc 6.4145e-01 (6.3961e-01)	Loss Pred 6.4556e-01 (6.5371e-01)	Loss TOTAL 1.0269e+00 (1.0331e+00)
Epoch: [8][ 60/154]	L_Src_Sup 1.0879e-01 (2.1651e-01)	L_Trg_Inj 3.7052e-01 (3.3872e-01)	Loss Disc 6.4010e-01 (6.3994e-01)	Loss Pred 6.4644e-01 (6.5223e-01)	Loss TOTAL 1.0144e+00 (1.0310e+00)
Epoch: [8][ 70/154]	L_Src_Sup 2.4537e-01 (2.1145e-01)	L_Trg_Inj 2.2269e-01 (3.3347e-01)	Loss Disc 6.5029e-01 (6.4055e-01)	Loss Pred 6.2231e-01 (6.4996e-01)	Loss TOTAL 1.0169e+00 (1.0278e+00)
Epoch: [8][ 80/154]	L_Src_Sup 1.2640e-01 (2.1128e-01)	L_Trg_Inj 2.0942e-01 (3.2895e-01)	Loss Disc 6.4443e-01 (6.4091e-01)	Loss Pred 6.3293e-01 (6.4830e-01)	Loss TOTAL 9.8872e-01 (1.0255e+00)
Epoch: [8][ 90/154]	L_Src_Sup 1.2636e-01 (2.0919e-01)	L_Trg_Inj 2.9492e-01 (3.2645e-01)	Loss Disc 6.4440e-01 (6.4125e-01)	Loss Pred 6.3075e-01 (6.4657e-01)	Loss TOTAL 9.9508e-01 (1.0233e+00)
Epoch: [8][100/154]	L_Src_Sup 2.9799e-01 (2.1123e-01)	L_Trg_Inj 3.3216e-01 (3.2273e-01)	Loss Disc 6.4293e-01 (6.4122e-01)	Loss Pred 6.3270e-01 (6.4580e-01)	Loss TOTAL 1.0172e+00 (1.0227e+00)
Epoch: [8][110/154]	L_Src_Sup 1.5216e-01 (2.0996e-01)	L_Trg_Inj 3.1432e-01 (3.2584e-01)	Loss Disc 6.3998e-01 (6.4124e-01)	Loss Pred 6.3699e-01 (6.4478e-01)	Loss TOTAL 1.0036e+00 (1.0216e+00)
Epoch: [8][120/154]	L_Src_Sup 2.3553e-01 (2.1160e-01)	L_Trg_Inj 3.7283e-01 (3.2281e-01)	Loss Disc 6.5472e-01 (6.4135e-01)	Loss Pred 6.0155e-01 (6.4360e-01)	Loss TOTAL 9.8974e-01 (1.0213e+00)
Epoch: [8][130/154]	L_Src_Sup 2.0617e-01 (2.1018e-01)	L_Trg_Inj 2.6543e-01 (3.2322e-01)	Loss Disc 6.4733e-01 (6.4148e-01)	Loss Pred 6.1577e-01 (6.4232e-01)	Loss TOTAL 9.8660e-01 (1.0197e+00)
Epoch: [8][140/154]	L_Src_Sup 7.0683e-02 (2.0734e-01)	L_Trg_Inj 3.3683e-01 (3.1995e-01)	Loss Disc 6.2965e-01 (6.4166e-01)	Loss Pred 6.5670e-01 (6.4093e-01)	Loss TOTAL 1.0123e+00 (1.0179e+00)
Epoch: [8][150/154]	L_Src_Sup 1.8557e-01 (2.0718e-01)	L_Trg_Inj 2.6725e-01 (3.1894e-01)	Loss Disc 6.4734e-01 (6.4160e-01)	Loss Pred 6.1169e-01 (6.4009e-01)	Loss TOTAL 9.8064e-01 (1.0173e+00)
Epoch: [8][154/154]	L_Src_Sup 3.1451e-01 (2.0767e-01)	L_Trg_Inj 2.7298e-01 (3.1669e-01)	Loss Disc 6.3701e-01 (6.4164e-01)	Loss Pred 6.3627e-01 (6.3962e-01)	Loss TOTAL 1.0551e+00 (1.0168e+00)
Epoch 8 complete. Saving model state...
Epoch: [9][ 10/154]	L_Src_Sup 1.6490e-01 (1.6147e-01)	L_Trg_Inj 3.5998e-01 (2.8237e-01)	Loss Disc 6.4730e-01 (6.4173e-01)	Loss Pred 6.0894e-01 (6.2380e-01)	Loss TOTAL 9.8508e-01 (9.8905e-01)
Epoch: [9][ 20/154]	L_Src_Sup 1.5384e-01 (1.8140e-01)	L_Trg_Inj 3.6082e-01 (2.9287e-01)	Loss Disc 6.3845e-01 (6.3907e-01)	Loss Pred 6.2945e-01 (6.2968e-01)	Loss TOTAL 1.0001e+00 (9.9774e-01)
Epoch: [9][ 30/154]	L_Src_Sup 2.5026e-01 (1.8342e-01)	L_Trg_Inj 2.0672e-01 (2.8030e-01)	Loss Disc 6.3408e-01 (6.3981e-01)	Loss Pred 6.3890e-01 (6.2695e-01)	Loss TOTAL 1.0452e+00 (9.9625e-01)
Epoch: [9][ 40/154]	L_Src_Sup 2.2210e-01 (1.8483e-01)	L_Trg_Inj 3.3020e-01 (2.8751e-01)	Loss Disc 6.3995e-01 (6.4103e-01)	Loss Pred 6.2233e-01 (6.2303e-01)	Loss TOTAL 9.9754e-01 (9.9402e-01)
Epoch: [9][ 50/154]	L_Src_Sup 9.0026e-02 (1.8918e-01)	L_Trg_Inj 3.4780e-01 (2.9716e-01)	Loss Disc 6.3555e-01 (6.4096e-01)	Loss Pred 6.3210e-01 (6.2233e-01)	Loss TOTAL 9.9366e-01 (9.9540e-01)
Epoch: [9][ 60/154]	L_Src_Sup 2.5735e-01 (1.8918e-01)	L_Trg_Inj 2.5432e-01 (2.9447e-01)	Loss Disc 6.5323e-01 (6.4153e-01)	Loss Pred 5.8423e-01 (6.1998e-01)	Loss TOTAL 9.6503e-01 (9.9246e-01)
Epoch: [9][ 70/154]	L_Src_Sup 2.1978e-01 (1.8760e-01)	L_Trg_Inj 2.3767e-01 (2.9121e-01)	Loss Disc 6.3843e-01 (6.4109e-01)	Loss Pred 6.2127e-01 (6.2030e-01)	Loss TOTAL 9.8623e-01 (9.9159e-01)
Epoch: [9][ 80/154]	L_Src_Sup 2.3709e-01 (1.8671e-01)	L_Trg_Inj 2.6208e-01 (2.8914e-01)	Loss Disc 6.4143e-01 (6.4095e-01)	Loss Pred 6.1213e-01 (6.1985e-01)	Loss TOTAL 9.8277e-01 (9.9107e-01)
Epoch: [9][ 90/154]	L_Src_Sup 1.6082e-01 (1.8777e-01)	L_Trg_Inj 2.6648e-01 (2.9004e-01)	Loss Disc 6.5176e-01 (6.4092e-01)	Loss Pred 5.8314e-01 (6.1911e-01)	Loss TOTAL 9.5175e-01 (9.9196e-01)
Epoch: [9][100/154]	L_Src_Sup 3.4665e-01 (1.8741e-01)	L_Trg_Inj 3.3609e-01 (2.9535e-01)	Loss Disc 6.3846e-01 (6.4103e-01)	Loss Pred 6.1695e-01 (6.1802e-01)	Loss TOTAL 1.0150e+00 (9.9106e-01)
Epoch: [9][110/154]	L_Src_Sup 1.4119e-01 (1.8885e-01)	L_Trg_Inj 2.7923e-01 (2.9897e-01)	Loss Disc 6.2969e-01 (6.4121e-01)	Loss Pred 6.4022e-01 (6.1679e-01)	Loss TOTAL 9.9711e-01 (9.9016e-01)
Epoch: [9][120/154]	L_Src_Sup 1.8748e-01 (1.9160e-01)	L_Trg_Inj 3.4678e-01 (3.0315e-01)	Loss Disc 6.4584e-01 (6.4145e-01)	Loss Pred 5.9393e-01 (6.1536e-01)	Loss TOTAL 9.7028e-01 (9.8955e-01)
Epoch: [9][130/154]	L_Src_Sup 1.7022e-01 (1.9253e-01)	L_Trg_Inj 4.3297e-01 (3.0521e-01)	Loss Disc 6.4288e-01 (6.4164e-01)	Loss Pred 6.0080e-01 (6.1408e-01)	Loss TOTAL 9.8256e-01 (9.8844e-01)
Epoch: [9][140/154]	L_Src_Sup 4.1094e-01 (1.9538e-01)	L_Trg_Inj 3.3083e-01 (3.0654e-01)	Loss Disc 6.3409e-01 (6.4176e-01)	Loss Pred 6.2459e-01 (6.1301e-01)	Loss TOTAL 1.0959e+00 (9.8817e-01)
Epoch: [9][150/154]	L_Src_Sup 2.1778e-01 (1.9584e-01)	L_Trg_Inj 4.1320e-01 (3.1051e-01)	Loss Disc 6.5314e-01 (6.4169e-01)	Loss Pred 5.6906e-01 (6.1259e-01)	Loss TOTAL 9.5873e-01 (9.8789e-01)
Epoch: [9][154/154]	L_Src_Sup 3.0697e-01 (1.9626e-01)	L_Trg_Inj 3.4912e-01 (3.1154e-01)	Loss Disc 6.3993e-01 (6.4157e-01)	Loss Pred 6.0931e-01 (6.1267e-01)	Loss TOTAL 9.9488e-01 (9.8795e-01)
Epoch 9 complete. Saving model state...
Epoch: [10][ 10/154]	L_Src_Sup 1.5386e-01 (1.7723e-01)	L_Trg_Inj 2.6390e-01 (3.1668e-01)	Loss Disc 6.3846e-01 (6.4039e-01)	Loss Pred 6.0935e-01 (6.0444e-01)	Loss TOTAL 9.7036e-01 (9.7493e-01)
Epoch: [10][ 20/154]	L_Src_Sup 2.4746e-01 (2.0078e-01)	L_Trg_Inj 3.1396e-01 (3.1546e-01)	Loss Disc 6.3552e-01 (6.4180e-01)	Loss Pred 6.1719e-01 (6.0031e-01)	Loss TOTAL 9.9109e-01 (9.7501e-01)
Epoch: [10][ 30/154]	L_Src_Sup 1.6668e-01 (2.0686e-01)	L_Trg_Inj 2.5385e-01 (3.0813e-01)	Loss Disc 6.4587e-01 (6.4187e-01)	Loss Pred 5.8626e-01 (5.9946e-01)	Loss TOTAL 9.5124e-01 (9.7449e-01)
Epoch: [10][ 40/154]	L_Src_Sup 1.7646e-01 (2.0494e-01)	L_Trg_Inj 3.5735e-01 (3.1409e-01)	Loss Disc 6.5499e-01 (6.4213e-01)	Loss Pred 5.6580e-01 (5.9834e-01)	Loss TOTAL 9.4667e-01 (9.7497e-01)
Epoch: [10][ 50/154]	L_Src_Sup 1.9673e-01 (2.0668e-01)	L_Trg_Inj 2.5152e-01 (3.0586e-01)	Loss Disc 6.3409e-01 (6.4211e-01)	Loss Pred 6.1912e-01 (5.9788e-01)	Loss TOTAL 9.8099e-01 (9.7340e-01)
Epoch: [10][ 60/154]	L_Src_Sup 1.3334e-01 (2.0689e-01)	L_Trg_Inj 2.4097e-01 (3.0445e-01)	Loss Disc 6.3697e-01 (6.4175e-01)	Loss Pred 6.0959e-01 (5.9846e-01)	Loss TOTAL 9.6551e-01 (9.7323e-01)
Epoch: [10][ 70/154]	L_Src_Sup 2.3015e-01 (2.1102e-01)	L_Trg_Inj 2.9357e-01 (3.0477e-01)	Loss Disc 6.3109e-01 (6.4212e-01)	Loss Pred 6.2649e-01 (5.9713e-01)	Loss TOTAL 9.9440e-01 (9.7341e-01)
Epoch: [10][ 80/154]	L_Src_Sup 1.9414e-01 (2.1311e-01)	L_Trg_Inj 2.5574e-01 (3.0512e-01)	Loss Disc 6.5617e-01 (6.4196e-01)	Loss Pred 5.5221e-01 (5.9718e-01)	Loss TOTAL 9.2528e-01 (9.7317e-01)
Epoch: [10][ 90/154]	L_Src_Sup 1.2639e-01 (2.1205e-01)	L_Trg_Inj 2.7549e-01 (3.0457e-01)	Loss Disc 6.4437e-01 (6.4172e-01)	Loss Pred 5.8636e-01 (5.9751e-01)	Loss TOTAL 9.4874e-01 (9.7329e-01)
Epoch: [10][100/154]	L_Src_Sup 2.5268e-01 (2.0800e-01)	L_Trg_Inj 3.2291e-01 (3.0386e-01)	Loss Disc 6.4579e-01 (6.4164e-01)	Loss Pred 5.8161e-01 (5.9736e-01)	Loss TOTAL 9.6207e-01 (9.7230e-01)
Epoch: [10][110/154]	L_Src_Sup 1.8298e-01 (2.0703e-01)	L_Trg_Inj 3.6129e-01 (3.0152e-01)	Loss Disc 6.3550e-01 (6.4150e-01)	Loss Pred 6.1152e-01 (5.9746e-01)	Loss TOTAL 9.8370e-01 (9.7281e-01)
Epoch: [10][120/154]	L_Src_Sup 1.8187e-01 (2.0672e-01)	L_Trg_Inj 3.2082e-01 (3.0104e-01)	Loss Disc 6.5025e-01 (6.4163e-01)	Loss Pred 5.6815e-01 (5.9679e-01)	Loss TOTAL 9.4354e-01 (9.7181e-01)
Epoch: [10][130/154]	L_Src_Sup 1.9377e-01 (2.0664e-01)	L_Trg_Inj 2.8342e-01 (2.9845e-01)	Loss Disc 6.4142e-01 (6.4177e-01)	Loss Pred 5.9382e-01 (5.9609e-01)	Loss TOTAL 9.6225e-01 (9.7086e-01)
Epoch: [10][140/154]	L_Src_Sup 2.5257e-01 (2.0543e-01)	L_Trg_Inj 3.7784e-01 (2.9858e-01)	Loss Disc 6.4434e-01 (6.4167e-01)	Loss Pred 5.8525e-01 (5.9611e-01)	Loss TOTAL 9.7046e-01 (9.7063e-01)
Epoch: [10][150/154]	L_Src_Sup 1.9608e-01 (2.0729e-01)	L_Trg_Inj 3.2803e-01 (2.9973e-01)	Loss Disc 6.3992e-01 (6.4168e-01)	Loss Pred 5.9727e-01 (5.9586e-01)	Loss TOTAL 9.6964e-01 (9.7052e-01)
Epoch: [10][154/154]	L_Src_Sup 3.0770e-01 (2.0807e-01)	L_Trg_Inj 3.0869e-01 (2.9973e-01)	Loss Disc 6.3843e-01 (6.4149e-01)	Loss Pred 6.0134e-01 (5.9631e-01)	Loss TOTAL 9.8219e-01 (9.7087e-01)
Epoch 10 complete. Saving model state...
Epoch: [11][ 10/154]	L_Src_Sup 1.2642e-01 (2.0144e-01)	L_Trg_Inj 4.0022e-01 (2.9442e-01)	Loss Disc 6.4430e-01 (6.4007e-01)	Loss Pred 5.8444e-01 (5.9655e-01)	Loss TOTAL 9.5925e-01 (9.6625e-01)
Epoch: [11][ 20/154]	L_Src_Sup 1.2124e-01 (2.1218e-01)	L_Trg_Inj 1.8507e-01 (2.8497e-01)	Loss Disc 6.5027e-01 (6.4112e-01)	Loss Pred 5.6746e-01 (5.9406e-01)	Loss TOTAL 9.2323e-01 (9.6658e-01)
Epoch: [11][ 30/154]	L_Src_Sup 2.5303e-01 (2.1217e-01)	L_Trg_Inj 2.3252e-01 (2.7940e-01)	Loss Disc 6.5617e-01 (6.4136e-01)	Loss Pred 5.5095e-01 (5.9310e-01)	Loss TOTAL 9.4809e-01 (9.6821e-01)
Epoch: [11][ 40/154]	L_Src_Sup 1.0876e-01 (2.0765e-01)	L_Trg_Inj 3.0542e-01 (2.9490e-01)	Loss Disc 6.3993e-01 (6.4112e-01)	Loss Pred 5.9634e-01 (5.9367e-01)	Loss TOTAL 9.5772e-01 (9.6971e-01)
Epoch: [11][ 50/154]	L_Src_Sup 2.5311e-01 (2.0696e-01)	L_Trg_Inj 2.4241e-01 (3.0334e-01)	Loss Disc 6.3254e-01 (6.4038e-01)	Loss Pred 6.1638e-01 (5.9557e-01)	Loss TOTAL 9.9290e-01 (9.7161e-01)
Epoch: [11][ 60/154]	L_Src_Sup 9.9995e-02 (2.0453e-01)	L_Trg_Inj 4.4091e-01 (3.1907e-01)	Loss Disc 6.5170e-01 (6.4097e-01)	Loss Pred 5.6343e-01 (5.9381e-01)	Loss TOTAL 9.4337e-01 (9.7068e-01)
Epoch: [11][ 70/154]	L_Src_Sup 2.6129e-01 (2.0175e-01)	L_Trg_Inj 3.5425e-01 (3.1563e-01)	Loss Disc 6.5318e-01 (6.4161e-01)	Loss Pred 5.5924e-01 (5.9198e-01)	Loss TOTAL 9.4738e-01 (9.6809e-01)
Epoch: [11][ 80/154]	L_Src_Sup 2.0009e-01 (2.0253e-01)	L_Trg_Inj 2.8685e-01 (3.1654e-01)	Loss Disc 6.3701e-01 (6.4160e-01)	Loss Pred 6.0404e-01 (5.9194e-01)	Loss TOTAL 9.7124e-01 (9.6808e-01)
Epoch: [11][ 90/154]	L_Src_Sup 2.2224e-01 (1.9876e-01)	L_Trg_Inj 2.6857e-01 (3.1474e-01)	Loss Disc 6.5029e-01 (6.4148e-01)	Loss Pred 5.6746e-01 (5.9218e-01)	Loss TOTAL 9.4168e-01 (9.6732e-01)
Epoch: [11][100/154]	L_Src_Sup 1.9979e-01 (2.1448e-01)	L_Trg_Inj 2.6385e-01 (3.1122e-01)	Loss Disc 6.3261e-01 (6.4137e-01)	Loss Pred 6.3083e-01 (5.9315e-01)	Loss TOTAL 9.9349e-01 (9.8034e-01)
Epoch: [11][110/154]	L_Src_Sup 1.7131e-01 (2.1914e-01)	L_Trg_Inj 3.6171e-01 (3.1900e-01)	Loss Disc 6.4291e-01 (6.4179e-01)	Loss Pred 5.9224e-01 (5.9355e-01)	Loss TOTAL 9.6699e-01 (9.8373e-01)
Epoch: [11][120/154]	L_Src_Sup 2.8416e-01 (2.2101e-01)	L_Trg_Inj 4.3453e-01 (3.2885e-01)	Loss Disc 6.5026e-01 (6.4195e-01)	Loss Pred 5.6841e-01 (5.9301e-01)	Loss TOTAL 9.6541e-01 (9.8315e-01)
Epoch: [11][130/154]	L_Src_Sup 2.8385e-01 (2.1874e-01)	L_Trg_Inj 4.6493e-01 (3.3532e-01)	Loss Disc 6.4288e-01 (6.4180e-01)	Loss Pred 5.8799e-01 (5.9322e-01)	Loss TOTAL 9.8431e-01 (9.8266e-01)
Epoch: [11][140/154]	L_Src_Sup 2.0760e-01 (2.1615e-01)	L_Trg_Inj 3.0429e-01 (3.4138e-01)	Loss Disc 6.3260e-01 (6.4164e-01)	Loss Pred 6.1475e-01 (5.9347e-01)	Loss TOTAL 9.8223e-01 (9.8224e-01)
Epoch: [11][150/154]	L_Src_Sup 1.7061e-01 (2.1544e-01)	L_Trg_Inj 2.7621e-01 (3.3600e-01)	Loss Disc 6.4287e-01 (6.4158e-01)	Loss Pred 5.8861e-01 (5.9348e-01)	Loss TOTAL 9.5473e-01 (9.8105e-01)
Epoch: [11][154/154]	L_Src_Sup 1.0767e-01 (2.1380e-01)	L_Trg_Inj 2.6167e-01 (3.3495e-01)	Loss Disc 6.4436e-01 (6.4161e-01)	Loss Pred 5.8364e-01 (5.9336e-01)	Loss TOTAL 9.4275e-01 (9.8037e-01)
Epoch 11 complete. Saving model state...
Epoch: [12][ 10/154]	L_Src_Sup 2.7749e-01 (2.5460e-01)	L_Trg_Inj 3.6017e-01 (2.8204e-01)	Loss Disc 6.2820e-01 (6.4439e-01)	Loss Pred 6.2603e-01 (5.8396e-01)	Loss TOTAL 1.0039e+00 (9.7841e-01)
Epoch: [12][ 20/154]	L_Src_Sup 8.7248e-02 (2.4122e-01)	L_Trg_Inj 3.1820e-01 (3.1050e-01)	Loss Disc 6.4001e-01 (6.4417e-01)	Loss Pred 5.9548e-01 (5.8456e-01)	Loss TOTAL 9.5602e-01 (9.7377e-01)
Epoch: [12][ 30/154]	L_Src_Sup 1.9839e-01 (2.4005e-01)	L_Trg_Inj 3.8315e-01 (3.2368e-01)	Loss Disc 6.3843e-01 (6.4251e-01)	Loss Pred 5.9914e-01 (5.8882e-01)	Loss TOTAL 9.7651e-01 (9.7586e-01)
Epoch: [12][ 40/154]	L_Src_Sup 1.8617e-01 (2.2909e-01)	L_Trg_Inj 3.7647e-01 (3.4753e-01)	Loss Disc 6.3116e-01 (6.4172e-01)	Loss Pred 6.1743e-01 (5.9091e-01)	Loss TOTAL 9.8927e-01 (9.7649e-01)
Epoch: [12][ 50/154]	L_Src_Sup 2.6163e-01 (2.2609e-01)	L_Trg_Inj 2.9295e-01 (3.4548e-01)	Loss Disc 6.2974e-01 (6.4163e-01)	Loss Pred 6.2105e-01 (5.9102e-01)	Loss TOTAL 9.9138e-01 (9.7474e-01)
Epoch: [12][ 60/154]	L_Src_Sup 2.3938e-01 (2.2448e-01)	L_Trg_Inj 3.7046e-01 (3.4055e-01)	Loss Disc 6.3996e-01 (6.4127e-01)	Loss Pred 5.9468e-01 (5.9184e-01)	Loss TOTAL 9.7564e-01 (9.7480e-01)
Epoch: [12][ 70/154]	L_Src_Sup 9.0924e-02 (2.2102e-01)	L_Trg_Inj 3.0392e-01 (3.4098e-01)	Loss Disc 6.3411e-01 (6.4161e-01)	Loss Pred 6.0959e-01 (5.9093e-01)	Loss TOTAL 9.6613e-01 (9.7410e-01)
Epoch: [12][ 80/154]	L_Src_Sup 1.7589e-01 (2.1764e-01)	L_Trg_Inj 2.4597e-01 (3.3713e-01)	Loss Disc 6.3849e-01 (6.4114e-01)	Loss Pred 5.9821e-01 (5.9209e-01)	Loss TOTAL 9.5964e-01 (9.7353e-01)
Epoch: [12][ 90/154]	L_Src_Sup 1.2644e-01 (2.1872e-01)	L_Trg_Inj 3.3145e-01 (3.3722e-01)	Loss Disc 6.4436e-01 (6.4132e-01)	Loss Pred 5.8366e-01 (5.9161e-01)	Loss TOTAL 9.5163e-01 (9.7380e-01)
Epoch: [12][100/154]	L_Src_Sup 1.5392e-01 (2.1716e-01)	L_Trg_Inj 3.9116e-01 (3.3859e-01)	Loss Disc 6.3845e-01 (6.4122e-01)	Loss Pred 5.9814e-01 (5.9179e-01)	Loss TOTAL 9.7188e-01 (9.7332e-01)
Epoch: [12][110/154]	L_Src_Sup 8.4210e-02 (2.1333e-01)	L_Trg_Inj 3.7472e-01 (3.3530e-01)	Loss Disc 6.4431e-01 (6.4089e-01)	Loss Pred 5.8368e-01 (5.9258e-01)	Loss TOTAL 9.5173e-01 (9.7283e-01)
Epoch: [12][120/154]	L_Src_Sup 1.7594e-01 (2.1217e-01)	L_Trg_Inj 2.0453e-01 (3.3068e-01)	Loss Disc 6.3856e-01 (6.4105e-01)	Loss Pred 5.9795e-01 (5.9217e-01)	Loss TOTAL 9.5528e-01 (9.7151e-01)
Epoch: [12][130/154]	L_Src_Sup 1.1638e-01 (2.1048e-01)	L_Trg_Inj 2.6997e-01 (3.2731e-01)	Loss Disc 6.3122e-01 (6.4133e-01)	Loss Pred 6.1619e-01 (5.9146e-01)	Loss TOTAL 9.7044e-01 (9.7016e-01)
Epoch: [12][140/154]	L_Src_Sup 1.3244e-01 (2.0983e-01)	L_Trg_Inj 2.1048e-01 (3.2404e-01)	Loss Disc 6.4289e-01 (6.4123e-01)	Loss Pred 5.8738e-01 (5.9169e-01)	Loss TOTAL 9.4312e-01 (9.7011e-01)
Epoch: [12][150/154]	L_Src_Sup 2.4209e-01 (2.0906e-01)	L_Trg_Inj 2.8644e-01 (3.1932e-01)	Loss Disc 6.3846e-01 (6.4135e-01)	Loss Pred 5.9808e-01 (5.9137e-01)	Loss TOTAL 9.7016e-01 (9.6940e-01)
Epoch: [12][154/154]	L_Src_Sup 2.7090e-01 (2.0909e-01)	L_Trg_Inj 2.5823e-01 (3.1759e-01)	Loss Disc 6.4582e-01 (6.4146e-01)	Loss Pred 5.8006e-01 (5.9108e-01)	Loss TOTAL 9.6856e-01 (9.6896e-01)
Epoch 12 complete. Saving model state...
Epoch: [13][ 10/154]	L_Src_Sup 1.8006e-01 (2.1587e-01)	L_Trg_Inj 2.9647e-01 (2.7900e-01)	Loss Disc 6.5175e-01 (6.4438e-01)	Loss Pred 5.6546e-01 (5.8366e-01)	Loss TOTAL 9.3899e-01 (9.6338e-01)
Epoch: [13][ 20/154]	L_Src_Sup 2.1184e-01 (2.1283e-01)	L_Trg_Inj 2.7957e-01 (2.9378e-01)	Loss Disc 6.4287e-01 (6.4127e-01)	Loss Pred 5.8724e-01 (5.9124e-01)	Loss TOTAL 9.5782e-01 (9.7381e-01)
Epoch: [13][ 30/154]	L_Src_Sup 1.2201e-01 (2.0904e-01)	L_Trg_Inj 3.2852e-01 (2.9739e-01)	Loss Disc 6.2523e-01 (6.4142e-01)	Loss Pred 6.3025e-01 (5.9086e-01)	Loss TOTAL 9.8792e-01 (9.7035e-01)
Epoch: [13][ 40/154]	L_Src_Sup 1.9360e-01 (2.0378e-01)	L_Trg_Inj 2.3017e-01 (2.9670e-01)	Loss Disc 6.4141e-01 (6.4120e-01)	Loss Pred 5.9074e-01 (5.9137e-01)	Loss TOTAL 9.5383e-01 (9.6976e-01)
Epoch: [13][ 50/154]	L_Src_Sup 2.2839e-01 (2.0186e-01)	L_Trg_Inj 3.4170e-01 (2.9492e-01)	Loss Disc 6.3696e-01 (6.4118e-01)	Loss Pred 6.0132e-01 (5.9145e-01)	Loss TOTAL 9.7681e-01 (9.6874e-01)
Epoch: [13][ 60/154]	L_Src_Sup 1.6830e-01 (2.0884e-01)	L_Trg_Inj 3.2249e-01 (2.9643e-01)	Loss Disc 6.2819e-01 (6.4174e-01)	Loss Pred 6.2320e-01 (5.9010e-01)	Loss TOTAL 9.8637e-01 (9.7035e-01)
Epoch: [13][ 70/154]	L_Src_Sup 1.0641e-01 (2.1263e-01)	L_Trg_Inj 2.9501e-01 (3.0081e-01)	Loss Disc 6.4289e-01 (6.4190e-01)	Loss Pred 5.8720e-01 (5.8969e-01)	Loss TOTAL 9.4879e-01 (9.7036e-01)
Epoch: [13][ 80/154]	L_Src_Sup 2.9903e-01 (2.1098e-01)	L_Trg_Inj 2.7924e-01 (3.0274e-01)	Loss Disc 6.3258e-01 (6.4175e-01)	Loss Pred 6.1218e-01 (5.9004e-01)	Loss TOTAL 1.0061e+00 (9.6987e-01)
Epoch: [13][ 90/154]	L_Src_Sup 3.1331e-01 (2.0955e-01)	L_Trg_Inj 2.3218e-01 (3.0521e-01)	Loss Disc 6.2681e-01 (6.4165e-01)	Loss Pred 6.2627e-01 (5.9028e-01)	Loss TOTAL 1.0753e+00 (9.7021e-01)
Epoch: [13][100/154]	L_Src_Sup 1.9367e-01 (2.0768e-01)	L_Trg_Inj 3.8701e-01 (3.0746e-01)	Loss Disc 6.4138e-01 (6.4174e-01)	Loss Pred 5.9072e-01 (5.9004e-01)	Loss TOTAL 9.6948e-01 (9.6939e-01)
Epoch: [13][110/154]	L_Src_Sup 1.8555e-01 (2.0950e-01)	L_Trg_Inj 2.8843e-01 (3.0568e-01)	Loss Disc 6.3407e-01 (6.4165e-01)	Loss Pred 6.0837e-01 (5.9026e-01)	Loss TOTAL 9.7280e-01 (9.6932e-01)
Epoch: [13][120/154]	L_Src_Sup 2.8495e-01 (2.1252e-01)	L_Trg_Inj 2.9803e-01 (3.0513e-01)	Loss Disc 6.5027e-01 (6.4174e-01)	Loss Pred 5.6955e-01 (5.9008e-01)	Loss TOTAL 9.5298e-01 (9.6910e-01)
Epoch: [13][130/154]	L_Src_Sup 1.8012e-01 (2.1200e-01)	L_Trg_Inj 4.0059e-01 (3.0728e-01)	Loss Disc 6.3556e-01 (6.4205e-01)	Loss Pred 6.0514e-01 (5.8931e-01)	Loss TOTAL 9.8099e-01 (9.6861e-01)
Epoch: [13][140/154]	L_Src_Sup 1.0310e-01 (2.1104e-01)	L_Trg_Inj 4.0486e-01 (3.0996e-01)	Loss Disc 6.4725e-01 (6.4169e-01)	Loss Pred 5.7676e-01 (5.9018e-01)	Loss TOTAL 9.5118e-01 (9.6903e-01)
Epoch: [13][150/154]	L_Src_Sup 1.4590e-01 (2.0893e-01)	L_Trg_Inj 2.5253e-01 (3.0641e-01)	Loss Disc 6.4587e-01 (6.4164e-01)	Loss Pred 5.8288e-01 (5.9031e-01)	Loss TOTAL 9.4565e-01 (9.6826e-01)
Epoch: [13][154/154]	L_Src_Sup 2.8579e-01 (2.0949e-01)	L_Trg_Inj 2.3564e-01 (3.0526e-01)	Loss Disc 6.3847e-01 (6.4160e-01)	Loss Pred 5.9769e-01 (5.9041e-01)	Loss TOTAL 1.0192e+00 (9.6846e-01)
Epoch 13 complete. Saving model state...
Epoch: [14][ 10/154]	L_Src_Sup 1.6903e-01 (2.1017e-01)	L_Trg_Inj 3.0139e-01 (2.7993e-01)	Loss Disc 6.4437e-01 (6.4111e-01)	Loss Pred 5.8401e-01 (5.9208e-01)	Loss TOTAL 9.5323e-01 (9.6769e-01)
Epoch: [14][ 20/154]	L_Src_Sup 1.9808e-01 (1.9462e-01)	L_Trg_Inj 2.4130e-01 (2.7549e-01)	Loss Disc 6.5319e-01 (6.4149e-01)	Loss Pred 5.6292e-01 (5.9095e-01)	Loss TOTAL 9.3346e-01 (9.6538e-01)
Epoch: [14][ 30/154]	L_Src_Sup 1.7810e-01 (1.9975e-01)	L_Trg_Inj 2.8998e-01 (2.7568e-01)	Loss Disc 6.3701e-01 (6.4136e-01)	Loss Pred 6.0118e-01 (5.9111e-01)	Loss TOTAL 9.6650e-01 (9.6804e-01)
Epoch: [14][ 40/154]	L_Src_Sup 2.0202e-01 (1.9474e-01)	L_Trg_Inj 2.5635e-01 (2.7405e-01)	Loss Disc 6.5324e-01 (6.4175e-01)	Loss Pred 5.6288e-01 (5.9014e-01)	Loss TOTAL 9.3534e-01 (9.6520e-01)
Epoch: [14][ 50/154]	L_Src_Sup 1.7788e-01 (1.9358e-01)	L_Trg_Inj 2.5601e-01 (2.7425e-01)	Loss Disc 6.3701e-01 (6.4127e-01)	Loss Pred 6.0221e-01 (5.9124e-01)	Loss TOTAL 9.6410e-01 (9.6527e-01)
Epoch: [14][ 60/154]	L_Src_Sup 2.0648e-01 (1.9056e-01)	L_Trg_Inj 3.0682e-01 (2.7337e-01)	Loss Disc 6.4731e-01 (6.4132e-01)	Loss Pred 5.7685e-01 (5.9110e-01)	Loss TOTAL 9.5183e-01 (9.6754e-01)
Epoch: [14][ 70/154]	L_Src_Sup 2.2240e-01 (1.8620e-01)	L_Trg_Inj 2.8923e-01 (2.7807e-01)	Loss Disc 6.4586e-01 (6.4123e-01)	Loss Pred 5.8036e-01 (5.9129e-01)	Loss TOTAL 9.5446e-01 (9.6658e-01)
Epoch: [14][ 80/154]	L_Src_Sup 2.4420e-01 (1.9021e-01)	L_Trg_Inj 3.6863e-01 (2.8343e-01)	Loss Disc 6.4002e-01 (6.4085e-01)	Loss Pred 5.9702e-01 (5.9219e-01)	Loss TOTAL 9.7831e-01 (9.6764e-01)
Epoch: [14][ 90/154]	L_Src_Sup 2.5786e-01 (1.9309e-01)	L_Trg_Inj 2.8337e-01 (2.8619e-01)	Loss Disc 6.5321e-01 (6.4171e-01)	Loss Pred 5.6275e-01 (5.9017e-01)	Loss TOTAL 9.4348e-01 (9.6577e-01)
Epoch: [14][100/154]	L_Src_Sup 1.2394e-01 (1.9235e-01)	L_Trg_Inj 3.2921e-01 (2.8451e-01)	Loss Disc 6.4730e-01 (6.4183e-01)	Loss Pred 5.7660e-01 (5.8987e-01)	Loss TOTAL 9.4557e-01 (9.6494e-01)
Epoch: [14][110/154]	L_Src_Sup 1.5075e-01 (1.9223e-01)	L_Trg_Inj 3.1919e-01 (2.8339e-01)	Loss Disc 6.4146e-01 (6.4192e-01)	Loss Pred 5.9074e-01 (5.8966e-01)	Loss TOTAL 9.5847e-01 (9.6447e-01)
Epoch: [14][120/154]	L_Src_Sup 1.7029e-01 (1.9291e-01)	L_Trg_Inj 3.2324e-01 (2.8653e-01)	Loss Disc 6.4288e-01 (6.4176e-01)	Loss Pred 5.8714e-01 (5.9001e-01)	Loss TOTAL 9.5794e-01 (9.6512e-01)
Epoch: [14][130/154]	L_Src_Sup 1.6851e-01 (1.9358e-01)	L_Trg_Inj 2.9667e-01 (2.8682e-01)	Loss Disc 6.4434e-01 (6.4172e-01)	Loss Pred 5.8363e-01 (5.9012e-01)	Loss TOTAL 9.5232e-01 (9.6597e-01)
Epoch: [14][140/154]	L_Src_Sup 1.4433e-01 (1.9386e-01)	L_Trg_Inj 3.7557e-01 (2.9076e-01)	Loss Disc 6.4726e-01 (6.4171e-01)	Loss Pred 5.7664e-01 (5.9011e-01)	Loss TOTAL 9.5226e-01 (9.6595e-01)
Epoch: [14][150/154]	L_Src_Sup 1.7025e-01 (1.9253e-01)	L_Trg_Inj 2.5428e-01 (2.8961e-01)	Loss Disc 6.4289e-01 (6.4146e-01)	Loss Pred 5.8715e-01 (5.9070e-01)	Loss TOTAL 9.5104e-01 (9.6573e-01)
Epoch: [14][154/154]	L_Src_Sup 3.3356e-01 (1.9344e-01)	L_Trg_Inj 2.5653e-01 (2.8905e-01)	Loss Disc 6.3699e-01 (6.4147e-01)	Loss Pred 6.0091e-01 (5.9067e-01)	Loss TOTAL 1.0554e+00 (9.6608e-01)
Epoch 14 complete. Saving model state...
Epoch: [15][ 10/154]	L_Src_Sup 3.2561e-01 (2.1870e-01)	L_Trg_Inj 3.7575e-01 (3.1516e-01)	Loss Disc 6.3549e-01 (6.3801e-01)	Loss Pred 6.0419e-01 (5.9858e-01)	Loss TOTAL 9.9207e-01 (9.8783e-01)
Epoch: [15][ 20/154]	L_Src_Sup 2.3566e-01 (2.1679e-01)	L_Trg_Inj 3.7226e-01 (3.1188e-01)	Loss Disc 6.4726e-01 (6.4030e-01)	Loss Pred 5.7708e-01 (5.9327e-01)	Loss TOTAL 9.6150e-01 (9.7878e-01)
Epoch: [15][ 30/154]	L_Src_Sup 3.0950e-01 (1.9908e-01)	L_Trg_Inj 2.9476e-01 (3.0841e-01)	Loss Disc 6.4730e-01 (6.4147e-01)	Loss Pred 5.7685e-01 (5.9066e-01)	Loss TOTAL 9.7565e-01 (9.7096e-01)
Epoch: [15][ 40/154]	L_Src_Sup 1.7841e-01 (2.0875e-01)	L_Trg_Inj 3.9043e-01 (3.1177e-01)	Loss Disc 6.3844e-01 (6.4183e-01)	Loss Pred 5.9767e-01 (5.8996e-01)	Loss TOTAL 9.7378e-01 (9.7125e-01)
Epoch: [15][ 50/154]	L_Src_Sup 2.6628e-01 (2.1043e-01)	L_Trg_Inj 2.6343e-01 (3.1159e-01)	Loss Disc 6.4879e-01 (6.4121e-01)	Loss Pred 5.7344e-01 (5.9133e-01)	Loss TOTAL 9.5365e-01 (9.7086e-01)
Epoch: [15][ 60/154]	L_Src_Sup 1.4739e-01 (2.0579e-01)	L_Trg_Inj 3.2724e-01 (3.1053e-01)	Loss Disc 6.4435e-01 (6.4090e-01)	Loss Pred 5.8384e-01 (5.9212e-01)	Loss TOTAL 9.5348e-01 (9.6981e-01)
Epoch: [15][ 70/154]	L_Src_Sup 1.8858e-01 (2.0520e-01)	L_Trg_Inj 2.4366e-01 (3.0805e-01)	Loss Disc 6.2975e-01 (6.4121e-01)	Loss Pred 6.1809e-01 (5.9138e-01)	Loss TOTAL 9.7619e-01 (9.6865e-01)
Epoch: [15][ 80/154]	L_Src_Sup 2.0410e-01 (2.0077e-01)	L_Trg_Inj 3.2959e-01 (3.0489e-01)	Loss Disc 6.4875e-01 (6.4149e-01)	Loss Pred 5.7323e-01 (5.9068e-01)	Loss TOTAL 9.5098e-01 (9.6667e-01)
Epoch: [15][ 90/154]	L_Src_Sup 3.1585e-01 (2.0194e-01)	L_Trg_Inj 2.3357e-01 (3.0153e-01)	Loss Disc 6.4435e-01 (6.4142e-01)	Loss Pred 5.8365e-01 (5.9082e-01)	Loss TOTAL 1.0431e+00 (9.6741e-01)
Epoch: [15][100/154]	L_Src_Sup 1.4165e-01 (2.0119e-01)	L_Trg_Inj 3.1822e-01 (2.9875e-01)	Loss Disc 6.2955e-01 (6.4121e-01)	Loss Pred 6.1815e-01 (5.9132e-01)	Loss TOTAL 9.7891e-01 (9.6833e-01)
Epoch: [15][110/154]	L_Src_Sup 1.7662e-01 (2.0037e-01)	L_Trg_Inj 3.2098e-01 (2.9690e-01)	Loss Disc 6.5467e-01 (6.4161e-01)	Loss Pred 5.5942e-01 (5.9038e-01)	Loss TOTAL 9.3651e-01 (9.6727e-01)
Epoch: [15][120/154]	L_Src_Sup 3.2295e-01 (2.0346e-01)	L_Trg_Inj 2.7302e-01 (2.9540e-01)	Loss Disc 6.4142e-01 (6.4174e-01)	Loss Pred 5.9058e-01 (5.9005e-01)	Loss TOTAL 1.0208e+00 (9.6802e-01)
Epoch: [15][130/154]	L_Src_Sup 1.8754e-01 (2.0243e-01)	L_Trg_Inj 2.9185e-01 (2.9721e-01)	Loss Disc 6.4583e-01 (6.4148e-01)	Loss Pred 5.8026e-01 (5.9067e-01)	Loss TOTAL 9.5111e-01 (9.6803e-01)
Epoch: [15][140/154]	L_Src_Sup 1.3051e-01 (2.0028e-01)	L_Trg_Inj 2.5494e-01 (2.9734e-01)	Loss Disc 6.3997e-01 (6.4160e-01)	Loss Pred 5.9403e-01 (5.9037e-01)	Loss TOTAL 9.5256e-01 (9.6711e-01)
Epoch: [15][150/154]	L_Src_Sup 2.2742e-01 (2.0000e-01)	L_Trg_Inj 2.3490e-01 (2.9527e-01)	Loss Disc 6.4736e-01 (6.4170e-01)	Loss Pred 5.7664e-01 (5.9013e-01)	Loss TOTAL 9.4655e-01 (9.6673e-01)
Epoch: [15][154/154]	L_Src_Sup 1.3218e-01 (2.0105e-01)	L_Trg_Inj 3.8369e-01 (2.9621e-01)	Loss Disc 6.3844e-01 (6.4157e-01)	Loss Pred 5.9757e-01 (5.9041e-01)	Loss TOTAL 9.6837e-01 (9.6721e-01)
Epoch 15 complete. Saving model state...
Epoch: [16][ 10/154]	L_Src_Sup 9.6394e-02 (2.1666e-01)	L_Trg_Inj 3.2822e-01 (3.1491e-01)	Loss Disc 6.2666e-01 (6.4350e-01)	Loss Pred 6.2585e-01 (5.8576e-01)	Loss TOTAL 9.8164e-01 (9.6463e-01)
Epoch: [16][ 20/154]	L_Src_Sup 2.1057e-01 (2.0668e-01)	L_Trg_Inj 2.5438e-01 (3.1713e-01)	Loss Disc 6.4434e-01 (6.4076e-01)	Loss Pred 5.8364e-01 (5.9219e-01)	Loss TOTAL 9.5230e-01 (9.6785e-01)
Epoch: [16][ 30/154]	L_Src_Sup 3.7431e-01 (2.1665e-01)	L_Trg_Inj 3.2231e-01 (3.1247e-01)	Loss Disc 6.3846e-01 (6.4073e-01)	Loss Pred 5.9784e-01 (5.9231e-01)	Loss TOTAL 1.0387e+00 (9.6944e-01)
Epoch: [16][ 40/154]	L_Src_Sup 1.9366e-01 (2.1768e-01)	L_Trg_Inj 3.0144e-01 (3.2638e-01)	Loss Disc 6.4144e-01 (6.4042e-01)	Loss Pred 5.9054e-01 (5.9327e-01)	Loss TOTAL 9.6077e-01 (9.7077e-01)
Epoch: [16][ 50/154]	L_Src_Sup 2.1733e-01 (2.1127e-01)	L_Trg_Inj 2.5385e-01 (3.2298e-01)	Loss Disc 6.3853e-01 (6.4115e-01)	Loss Pred 5.9742e-01 (5.9150e-01)	Loss TOTAL 9.6381e-01 (9.6781e-01)
Epoch: [16][ 60/154]	L_Src_Sup 6.2820e-02 (2.0551e-01)	L_Trg_Inj 2.2713e-01 (3.1711e-01)	Loss Disc 6.4586e-01 (6.4132e-01)	Loss Pred 5.8021e-01 (5.9106e-01)	Loss TOTAL 9.3214e-01 (9.6643e-01)
Epoch: [16][ 70/154]	L_Src_Sup 2.3534e-01 (2.0833e-01)	L_Trg_Inj 3.5292e-01 (3.1781e-01)	Loss Disc 6.2961e-01 (6.4146e-01)	Loss Pred 6.1845e-01 (5.9070e-01)	Loss TOTAL 9.9208e-01 (9.6687e-01)
Epoch: [16][ 80/154]	L_Src_Sup 2.6672e-01 (2.0775e-01)	L_Trg_Inj 2.2661e-01 (3.1890e-01)	Loss Disc 6.3703e-01 (6.4149e-01)	Loss Pred 6.0239e-01 (5.9062e-01)	Loss TOTAL 1.0103e+00 (9.6701e-01)
Epoch: [16][ 90/154]	L_Src_Sup 1.7026e-01 (2.0991e-01)	L_Trg_Inj 3.5305e-01 (3.1995e-01)	Loss Disc 6.4289e-01 (6.4165e-01)	Loss Pred 5.8703e-01 (5.9023e-01)	Loss TOTAL 9.6081e-01 (9.6751e-01)
Epoch: [16][100/154]	L_Src_Sup 1.3051e-01 (2.0756e-01)	L_Trg_Inj 2.7126e-01 (3.1784e-01)	Loss Disc 6.3996e-01 (6.4143e-01)	Loss Pred 5.9402e-01 (5.9071e-01)	Loss TOTAL 9.5418e-01 (9.6714e-01)
Epoch: [16][110/154]	L_Src_Sup 1.7022e-01 (2.0861e-01)	L_Trg_Inj 2.6256e-01 (3.1832e-01)	Loss Disc 6.4291e-01 (6.4143e-01)	Loss Pred 5.8706e-01 (5.9070e-01)	Loss TOTAL 9.5179e-01 (9.6699e-01)
Epoch: [16][120/154]	L_Src_Sup 1.9356e-01 (2.0603e-01)	L_Trg_Inj 3.4989e-01 (3.1437e-01)	Loss Disc 6.4140e-01 (6.4154e-01)	Loss Pred 5.9052e-01 (5.9042e-01)	Loss TOTAL 9.6557e-01 (9.6588e-01)
Epoch: [16][130/154]	L_Src_Sup 3.3337e-01 (2.0409e-01)	L_Trg_Inj 2.3830e-01 (3.1233e-01)	Loss Disc 6.2829e-01 (6.4151e-01)	Loss Pred 6.2189e-01 (5.9049e-01)	Loss TOTAL 1.0883e+00 (9.6606e-01)
Epoch: [16][140/154]	L_Src_Sup 2.6962e-01 (2.0522e-01)	L_Trg_Inj 3.4552e-01 (3.1099e-01)	Loss Disc 6.3701e-01 (6.4161e-01)	Loss Pred 6.0108e-01 (5.9026e-01)	Loss TOTAL 9.8109e-01 (9.6593e-01)
Epoch: [16][150/154]	L_Src_Sup 1.3800e-01 (2.0338e-01)	L_Trg_Inj 2.5254e-01 (3.0769e-01)	Loss Disc 6.3260e-01 (6.4150e-01)	Loss Pred 6.1136e-01 (5.9051e-01)	Loss TOTAL 9.6672e-01 (9.6580e-01)
Epoch: [16][154/154]	L_Src_Sup 2.0458e-01 (2.0275e-01)	L_Trg_Inj 3.2395e-01 (3.0790e-01)	Loss Disc 6.3403e-01 (6.4149e-01)	Loss Pred 6.0783e-01 (5.9054e-01)	Loss TOTAL 9.7769e-01 (9.6569e-01)
Epoch 16 complete. Saving model state...
Epoch: [17][ 10/154]	L_Src_Sup 2.9454e-01 (1.8430e-01)	L_Trg_Inj 3.5249e-01 (3.1258e-01)	Loss Disc 6.3548e-01 (6.3564e-01)	Loss Pred 6.0562e-01 (6.0481e-01)	Loss TOTAL 9.8806e-01 (9.7444e-01)
Epoch: [17][ 20/154]	L_Src_Sup 2.0456e-01 (1.9148e-01)	L_Trg_Inj 2.2504e-01 (3.0718e-01)	Loss Disc 6.3406e-01 (6.3838e-01)	Loss Pred 6.0737e-01 (5.9803e-01)	Loss TOTAL 9.6736e-01 (9.6814e-01)
Epoch: [17][ 30/154]	L_Src_Sup 2.8673e-01 (1.9408e-01)	L_Trg_Inj 4.1870e-01 (3.1350e-01)	Loss Disc 6.4873e-01 (6.3988e-01)	Loss Pred 5.7391e-01 (5.9445e-01)	Loss TOTAL 9.6882e-01 (9.6654e-01)
Epoch: [17][ 40/154]	L_Src_Sup 1.2787e-01 (2.0334e-01)	L_Trg_Inj 2.0876e-01 (3.0574e-01)	Loss Disc 6.4295e-01 (6.4016e-01)	Loss Pred 5.8722e-01 (5.9374e-01)	Loss TOTAL 9.4236e-01 (9.6643e-01)
Epoch: [17][ 50/154]	L_Src_Sup 2.3765e-01 (2.0004e-01)	L_Trg_Inj 2.1999e-01 (3.0672e-01)	Loss Disc 6.5324e-01 (6.4085e-01)	Loss Pred 5.6329e-01 (5.9207e-01)	Loss TOTAL 9.5333e-01 (9.6490e-01)
Epoch: [17][ 60/154]	L_Src_Sup 1.7586e-01 (1.9956e-01)	L_Trg_Inj 2.6411e-01 (3.0708e-01)	Loss Disc 6.3847e-01 (6.4080e-01)	Loss Pred 5.9737e-01 (5.9216e-01)	Loss TOTAL 9.6060e-01 (9.6504e-01)
Epoch: [17][ 70/154]	L_Src_Sup 1.4737e-01 (2.0063e-01)	L_Trg_Inj 2.5654e-01 (3.0437e-01)	Loss Disc 6.4436e-01 (6.4064e-01)	Loss Pred 5.8374e-01 (5.9252e-01)	Loss TOTAL 9.4632e-01 (9.6552e-01)
Epoch: [17][ 80/154]	L_Src_Sup 1.8560e-01 (1.9810e-01)	L_Trg_Inj 2.1712e-01 (3.0447e-01)	Loss Disc 6.4736e-01 (6.4061e-01)	Loss Pred 5.7706e-01 (5.9257e-01)	Loss TOTAL 9.4101e-01 (9.6504e-01)
Epoch: [17][ 90/154]	L_Src_Sup 2.2637e-01 (1.9836e-01)	L_Trg_Inj 3.8866e-01 (3.0317e-01)	Loss Disc 6.3545e-01 (6.4081e-01)	Loss Pred 6.0541e-01 (5.9221e-01)	Loss TOTAL 9.8464e-01 (9.6562e-01)
Epoch: [17][100/154]	L_Src_Sup 1.8415e-01 (1.9853e-01)	L_Trg_Inj 2.8828e-01 (3.0206e-01)	Loss Disc 6.4878e-01 (6.4093e-01)	Loss Pred 5.7356e-01 (5.9194e-01)	Loss TOTAL 9.4520e-01 (9.6583e-01)
Epoch: [17][110/154]	L_Src_Sup 2.7407e-01 (2.0027e-01)	L_Trg_Inj 3.6639e-01 (3.0149e-01)	Loss Disc 6.3402e-01 (6.4111e-01)	Loss Pred 6.0782e-01 (5.9150e-01)	Loss TOTAL 9.8887e-01 (9.6559e-01)
Epoch: [17][120/154]	L_Src_Sup 2.3949e-01 (2.0224e-01)	L_Trg_Inj 3.1578e-01 (3.0396e-01)	Loss Disc 6.4143e-01 (6.4140e-01)	Loss Pred 5.9087e-01 (5.9083e-01)	Loss TOTAL 9.6711e-01 (9.6649e-01)
Epoch: [17][130/154]	L_Src_Sup 2.2474e-01 (2.0302e-01)	L_Trg_Inj 4.2496e-01 (3.0589e-01)	Loss Disc 6.3549e-01 (6.4148e-01)	Loss Pred 6.0460e-01 (5.9063e-01)	Loss TOTAL 9.8732e-01 (9.6676e-01)
Epoch: [17][140/154]	L_Src_Sup 2.1069e-01 (2.0287e-01)	L_Trg_Inj 3.8583e-01 (3.0689e-01)	Loss Disc 6.4436e-01 (6.4162e-01)	Loss Pred 5.8348e-01 (5.9028e-01)	Loss TOTAL 9.6531e-01 (9.6635e-01)
Epoch: [17][150/154]	L_Src_Sup 2.4722e-01 (2.0366e-01)	L_Trg_Inj 3.5087e-01 (3.0798e-01)	Loss Disc 6.3551e-01 (6.4166e-01)	Loss Pred 6.0478e-01 (5.9018e-01)	Loss TOTAL 9.8234e-01 (9.6620e-01)
Epoch: [17][154/154]	L_Src_Sup 1.3392e-01 (2.0308e-01)	L_Trg_Inj 3.4928e-01 (3.0793e-01)	Loss Disc 6.3701e-01 (6.4163e-01)	Loss Pred 6.0128e-01 (5.9026e-01)	Loss TOTAL 9.6810e-01 (9.6648e-01)
Epoch 17 complete. Saving model state...
Epoch: [18][ 10/154]	L_Src_Sup 1.5924e-01 (2.0912e-01)	L_Trg_Inj 3.3188e-01 (3.7405e-01)	Loss Disc 6.3406e-01 (6.4038e-01)	Loss Pred 6.0811e-01 (5.9304e-01)	Loss TOTAL 9.7426e-01 (9.7675e-01)
Epoch: [18][ 20/154]	L_Src_Sup 2.7662e-01 (2.0503e-01)	L_Trg_Inj 2.7563e-01 (3.4305e-01)	Loss Disc 6.4296e-01 (6.4113e-01)	Loss Pred 5.8702e-01 (5.9127e-01)	Loss TOTAL 9.6471e-01 (9.6929e-01)
Epoch: [18][ 30/154]	L_Src_Sup 2.6673e-01 (2.0930e-01)	L_Trg_Inj 3.2790e-01 (3.3218e-01)	Loss Disc 6.3702e-01 (6.4138e-01)	Loss Pred 6.0106e-01 (5.9068e-01)	Loss TOTAL 9.7903e-01 (9.7248e-01)
Epoch: [18][ 40/154]	L_Src_Sup 8.9912e-02 (2.0253e-01)	L_Trg_Inj 3.2650e-01 (3.2767e-01)	Loss Disc 6.3549e-01 (6.4020e-01)	Loss Pred 6.0422e-01 (5.9342e-01)	Loss TOTAL 9.6360e-01 (9.7176e-01)
Epoch: [18][ 50/154]	L_Src_Sup 2.0841e-01 (2.0569e-01)	L_Trg_Inj 3.6073e-01 (3.2291e-01)	Loss Disc 6.4582e-01 (6.4083e-01)	Loss Pred 5.8017e-01 (5.9196e-01)	Loss TOTAL 9.5999e-01 (9.7132e-01)
Epoch: [18][ 60/154]	L_Src_Sup 1.4288e-01 (2.0305e-01)	L_Trg_Inj 3.6748e-01 (3.2154e-01)	Loss Disc 6.4877e-01 (6.4031e-01)	Loss Pred 5.7370e-01 (5.9316e-01)	Loss TOTAL 9.4912e-01 (9.7100e-01)
Epoch: [18][ 70/154]	L_Src_Sup 2.3161e-01 (2.0030e-01)	L_Trg_Inj 3.0291e-01 (3.2091e-01)	Loss Disc 6.4437e-01 (6.4083e-01)	Loss Pred 5.8365e-01 (5.9196e-01)	Loss TOTAL 9.5929e-01 (9.6898e-01)
Epoch: [18][ 80/154]	L_Src_Sup 1.6000e-01 (1.9514e-01)	L_Trg_Inj 2.4632e-01 (3.1783e-01)	Loss Disc 6.5176e-01 (6.4115e-01)	Loss Pred 5.6637e-01 (5.9122e-01)	Loss TOTAL 9.3289e-01 (9.6701e-01)
Epoch: [18][ 90/154]	L_Src_Sup 2.8834e-01 (1.9978e-01)	L_Trg_Inj 3.0621e-01 (3.1262e-01)	Loss Disc 6.3404e-01 (6.4120e-01)	Loss Pred 6.0826e-01 (5.9114e-01)	Loss TOTAL 9.8474e-01 (9.6819e-01)
Epoch: [18][100/154]	L_Src_Sup 2.3659e-01 (2.0267e-01)	L_Trg_Inj 4.2114e-01 (3.1495e-01)	Loss Disc 6.4287e-01 (6.4124e-01)	Loss Pred 5.8711e-01 (5.9111e-01)	Loss TOTAL 9.7431e-01 (9.6909e-01)
Epoch: [18][110/154]	L_Src_Sup 2.1457e-01 (1.9876e-01)	L_Trg_Inj 2.8059e-01 (3.1526e-01)	Loss Disc 6.2820e-01 (6.4135e-01)	Loss Pred 6.2206e-01 (5.9084e-01)	Loss TOTAL 9.8567e-01 (9.6800e-01)
Epoch: [18][120/154]	L_Src_Sup 2.0007e-01 (1.9843e-01)	L_Trg_Inj 3.7601e-01 (3.1391e-01)	Loss Disc 6.3697e-01 (6.4138e-01)	Loss Pred 6.0099e-01 (5.9077e-01)	Loss TOTAL 9.7708e-01 (9.6787e-01)
Epoch: [18][130/154]	L_Src_Sup 1.8182e-01 (1.9880e-01)	L_Trg_Inj 4.0342e-01 (3.1329e-01)	Loss Disc 6.3402e-01 (6.4149e-01)	Loss Pred 6.0807e-01 (5.9051e-01)	Loss TOTAL 9.8360e-01 (9.6739e-01)
Epoch: [18][140/154]	L_Src_Sup 2.6088e-01 (2.0218e-01)	L_Trg_Inj 2.7445e-01 (3.1138e-01)	Loss Disc 6.3995e-01 (6.4127e-01)	Loss Pred 5.9405e-01 (5.9101e-01)	Loss TOTAL 9.6756e-01 (9.6859e-01)
Epoch: [18][150/154]	L_Src_Sup 2.0410e-01 (2.0253e-01)	L_Trg_Inj 3.0619e-01 (3.1141e-01)	Loss Disc 6.4879e-01 (6.4149e-01)	Loss Pred 5.7316e-01 (5.9050e-01)	Loss TOTAL 9.4859e-01 (9.6785e-01)
Epoch: [18][154/154]	L_Src_Sup 1.9790e-01 (2.0360e-01)	L_Trg_Inj 3.0763e-01 (3.1215e-01)	Loss Disc 6.3856e-01 (6.4155e-01)	Loss Pred 5.9753e-01 (5.9034e-01)	Loss TOTAL 9.6736e-01 (9.6784e-01)
Epoch 18 complete. Saving model state...
Epoch: [19][ 10/154]	L_Src_Sup 2.0002e-01 (1.9833e-01)	L_Trg_Inj 2.9183e-01 (3.0326e-01)	Loss Disc 6.3707e-01 (6.4544e-01)	Loss Pred 6.0130e-01 (5.8104e-01)	Loss TOTAL 9.6902e-01 (9.5432e-01)
Epoch: [19][ 20/154]	L_Src_Sup 2.7665e-01 (2.0794e-01)	L_Trg_Inj 2.6367e-01 (3.0117e-01)	Loss Disc 6.4288e-01 (6.4180e-01)	Loss Pred 5.8698e-01 (5.8971e-01)	Loss TOTAL 9.7543e-01 (9.6237e-01)
Epoch: [19][ 30/154]	L_Src_Sup 1.7393e-01 (1.9073e-01)	L_Trg_Inj 3.1233e-01 (3.0941e-01)	Loss Disc 6.3998e-01 (6.4242e-01)	Loss Pred 5.9403e-01 (5.8824e-01)	Loss TOTAL 9.6264e-01 (9.6003e-01)
Epoch: [19][ 40/154]	L_Src_Sup 1.6495e-01 (1.9397e-01)	L_Trg_Inj 2.9486e-01 (3.0739e-01)	Loss Disc 6.4732e-01 (6.4232e-01)	Loss Pred 5.7637e-01 (5.8846e-01)	Loss TOTAL 9.4601e-01 (9.6018e-01)
Epoch: [19][ 50/154]	L_Src_Sup 2.3658e-01 (1.9121e-01)	L_Trg_Inj 2.8902e-01 (3.0126e-01)	Loss Disc 6.4143e-01 (6.4229e-01)	Loss Pred 5.9054e-01 (5.8852e-01)	Loss TOTAL 9.6382e-01 (9.5925e-01)
Epoch: [19][ 60/154]	L_Src_Sup 3.2557e-01 (1.9698e-01)	L_Trg_Inj 3.0846e-01 (3.1572e-01)	Loss Disc 6.4142e-01 (6.4230e-01)	Loss Pred 5.9348e-01 (5.9008e-01)	Loss TOTAL 9.9470e-01 (9.6360e-01)
Epoch: [19][ 70/154]	L_Src_Sup 2.0481e-01 (1.9653e-01)	L_Trg_Inj 5.8361e-01 (3.3640e-01)	Loss Disc 6.3405e-01 (6.4184e-01)	Loss Pred 6.0795e-01 (5.9103e-01)	Loss TOTAL 1.0038e+00 (9.6693e-01)
Epoch: [19][ 80/154]	L_Src_Sup 8.7015e-02 (1.9779e-01)	L_Trg_Inj 3.1100e-01 (3.4530e-01)	Loss Disc 6.3996e-01 (6.4192e-01)	Loss Pred 5.9404e-01 (5.9067e-01)	Loss TOTAL 9.5382e-01 (9.6741e-01)
Epoch: [19][ 90/154]	L_Src_Sup 8.2512e-02 (1.9945e-01)	L_Trg_Inj 2.2990e-01 (3.4067e-01)	Loss Disc 6.4731e-01 (6.4168e-01)	Loss Pred 5.7672e-01 (5.9109e-01)	Loss TOTAL 9.3162e-01 (9.6891e-01)
Epoch: [19][100/154]	L_Src_Sup 1.7594e-01 (1.9777e-01)	L_Trg_Inj 2.6514e-01 (3.3442e-01)	Loss Disc 6.3845e-01 (6.4134e-01)	Loss Pred 5.9735e-01 (5.9176e-01)	Loss TOTAL 9.6069e-01 (9.6865e-01)
Epoch: [19][110/154]	L_Src_Sup 1.2514e-01 (2.0016e-01)	L_Trg_Inj 5.2898e-01 (3.3667e-01)	Loss Disc 6.4584e-01 (6.4159e-01)	Loss Pred 5.8033e-01 (5.9110e-01)	Loss TOTAL 9.6866e-01 (9.6871e-01)
Epoch: [19][120/154]	L_Src_Sup 1.3360e-01 (1.9695e-01)	L_Trg_Inj 5.0165e-01 (3.4750e-01)	Loss Disc 6.3696e-01 (6.4143e-01)	Loss Pred 6.0085e-01 (5.9140e-01)	Loss TOTAL 9.8286e-01 (9.6943e-01)
Epoch: [19][130/154]	L_Src_Sup 2.0013e-01 (1.9623e-01)	L_Trg_Inj 1.8517e-01 (3.4437e-01)	Loss Disc 6.3701e-01 (6.4147e-01)	Loss Pred 6.0086e-01 (5.9124e-01)	Loss TOTAL 9.7285e-01 (9.6880e-01)
Epoch: [19][140/154]	L_Src_Sup 1.0476e-01 (1.9643e-01)	L_Trg_Inj 3.3869e-01 (3.3948e-01)	Loss Disc 6.4584e-01 (6.4163e-01)	Loss Pred 5.8038e-01 (5.9082e-01)	Loss TOTAL 9.4764e-01 (9.6847e-01)
Epoch: [19][150/154]	L_Src_Sup 2.6532e-01 (1.9542e-01)	L_Trg_Inj 3.1277e-01 (3.3556e-01)	Loss Disc 6.4882e-01 (6.4168e-01)	Loss Pred 5.7322e-01 (5.9065e-01)	Loss TOTAL 9.5544e-01 (9.6761e-01)
Epoch: [19][154/154]	L_Src_Sup 2.5444e-01 (1.9584e-01)	L_Trg_Inj 2.5925e-01 (3.3367e-01)	Loss Disc 6.5467e-01 (6.4156e-01)	Loss Pred 5.6079e-01 (5.9095e-01)	Loss TOTAL 9.3950e-01 (9.6782e-01)
Epoch 19 complete. Saving model state...
Epoch: [20][ 10/154]	L_Src_Sup 2.6211e-01 (2.5679e-01)	L_Trg_Inj 4.9043e-01 (3.7788e-01)	Loss Disc 6.3991e-01 (6.3919e-01)	Loss Pred 5.9412e-01 (5.9607e-01)	Loss TOTAL 9.8932e-01 (9.9612e-01)
Epoch: [20][ 20/154]	L_Src_Sup 2.5015e-01 (2.1391e-01)	L_Trg_Inj 3.3605e-01 (4.0038e-01)	Loss Disc 6.4591e-01 (6.4200e-01)	Loss Pred 5.8023e-01 (5.8944e-01)	Loss TOTAL 9.6180e-01 (9.8036e-01)
Epoch: [20][ 30/154]	L_Src_Sup 1.8005e-01 (2.0790e-01)	L_Trg_Inj 3.2701e-01 (3.8328e-01)	Loss Disc 6.5166e-01 (6.4219e-01)	Loss Pred 5.6627e-01 (5.8890e-01)	Loss TOTAL 9.4281e-01 (9.7478e-01)
Epoch: [20][ 40/154]	L_Src_Sup 2.8301e-01 (2.0855e-01)	L_Trg_Inj 3.3839e-01 (3.5952e-01)	Loss Disc 6.3992e-01 (6.4181e-01)	Loss Pred 5.9420e-01 (5.8978e-01)	Loss TOTAL 9.7630e-01 (9.7289e-01)
Epoch: [20][ 50/154]	L_Src_Sup 1.6671e-01 (2.1171e-01)	L_Trg_Inj 2.5562e-01 (3.4601e-01)	Loss Disc 6.4585e-01 (6.4197e-01)	Loss Pred 5.8013e-01 (5.8938e-01)	Loss TOTAL 9.4528e-01 (9.7125e-01)
Epoch: [20][ 60/154]	L_Src_Sup 1.8288e-01 (2.1094e-01)	L_Trg_Inj 3.0792e-01 (3.4128e-01)	Loss Disc 6.3415e-01 (6.4244e-01)	Loss Pred 6.0890e-01 (5.8832e-01)	Loss TOTAL 9.7506e-01 (9.7008e-01)
Epoch: [20][ 70/154]	L_Src_Sup 8.6026e-02 (2.0542e-01)	L_Trg_Inj 2.8611e-01 (3.3271e-01)	Loss Disc 6.4142e-01 (6.4209e-01)	Loss Pred 5.9057e-01 (5.8917e-01)	Loss TOTAL 9.4850e-01 (9.6864e-01)
Epoch: [20][ 80/154]	L_Src_Sup 2.0463e-01 (2.0622e-01)	L_Trg_Inj 4.0295e-01 (3.3049e-01)	Loss Disc 6.4877e-01 (6.4234e-01)	Loss Pred 5.7292e-01 (5.8856e-01)	Loss TOTAL 9.5806e-01 (9.6886e-01)
Epoch: [20][ 90/154]	L_Src_Sup 2.0019e-01 (2.0270e-01)	L_Trg_Inj 2.6944e-01 (3.2874e-01)	Loss Disc 6.5172e-01 (6.4243e-01)	Loss Pred 5.6573e-01 (5.8831e-01)	Loss TOTAL 9.3855e-01 (9.6805e-01)
Epoch: [20][100/154]	L_Src_Sup 2.4725e-01 (2.0527e-01)	L_Trg_Inj 3.9006e-01 (3.2990e-01)	Loss Disc 6.3543e-01 (6.4221e-01)	Loss Pred 6.0474e-01 (5.8882e-01)	Loss TOTAL 9.8619e-01 (9.6829e-01)
Epoch: [20][110/154]	L_Src_Sup 2.8699e-01 (2.0542e-01)	L_Trg_Inj 2.7998e-01 (3.2556e-01)	Loss Disc 6.3843e-01 (6.4172e-01)	Loss Pred 5.9749e-01 (5.8997e-01)	Loss TOTAL 9.8041e-01 (9.6881e-01)
Epoch: [20][120/154]	L_Src_Sup 2.1303e-01 (2.0461e-01)	L_Trg_Inj 2.6883e-01 (3.2192e-01)	Loss Disc 6.4292e-01 (6.4190e-01)	Loss Pred 5.8704e-01 (5.8954e-01)	Loss TOTAL 9.5669e-01 (9.6778e-01)
Epoch: [20][130/154]	L_Src_Sup 2.7594e-01 (2.0717e-01)	L_Trg_Inj 4.0765e-01 (3.2031e-01)	Loss Disc 6.3251e-01 (6.4168e-01)	Loss Pred 6.1146e-01 (5.9006e-01)	Loss TOTAL 9.9607e-01 (9.6925e-01)
Epoch: [20][140/154]	L_Src_Sup 3.1117e-01 (2.0871e-01)	L_Trg_Inj 3.5776e-01 (3.2021e-01)	Loss Disc 6.3694e-01 (6.4129e-01)	Loss Pred 6.0071e-01 (5.9095e-01)	Loss TOTAL 9.8607e-01 (9.7002e-01)
Epoch: [20][150/154]	L_Src_Sup 1.1497e-01 (2.0521e-01)	L_Trg_Inj 2.7895e-01 (3.1667e-01)	Loss Disc 6.3256e-01 (6.4140e-01)	Loss Pred 6.1101e-01 (5.9070e-01)	Loss TOTAL 9.6668e-01 (9.6876e-01)
Epoch: [20][154/154]	L_Src_Sup 2.1749e-01 (2.0491e-01)	L_Trg_Inj 3.1951e-01 (3.1709e-01)	Loss Disc 6.3996e-01 (6.4151e-01)	Loss Pred 5.9394e-01 (5.9045e-01)	Loss TOTAL 9.6762e-01 (9.6844e-01)
Epoch 20 complete. Saving model state...
Epoch: [21][ 10/154]	L_Src_Sup 1.7206e-01 (1.8963e-01)	L_Trg_Inj 3.4287e-01 (2.9610e-01)	Loss Disc 6.4136e-01 (6.3859e-01)	Loss Pred 5.9055e-01 (5.9705e-01)	Loss TOTAL 9.6272e-01 (9.6645e-01)
Epoch: [21][ 20/154]	L_Src_Sup 1.8949e-01 (1.8678e-01)	L_Trg_Inj 2.6029e-01 (2.8778e-01)	Loss Disc 6.4435e-01 (6.3993e-01)	Loss Pred 5.8377e-01 (5.9396e-01)	Loss TOTAL 9.5092e-01 (9.6525e-01)
Epoch: [21][ 30/154]	L_Src_Sup 3.0643e-01 (2.0432e-01)	L_Trg_Inj 3.6536e-01 (3.0005e-01)	Loss Disc 6.4874e-01 (6.4111e-01)	Loss Pred 5.7346e-01 (5.9124e-01)	Loss TOTAL 9.6501e-01 (9.6839e-01)
Epoch: [21][ 40/154]	L_Src_Sup 1.5844e-01 (1.9676e-01)	L_Trg_Inj 2.3735e-01 (3.0202e-01)	Loss Disc 6.5324e-01 (6.4130e-01)	Loss Pred 5.6328e-01 (5.9081e-01)	Loss TOTAL 9.2947e-01 (9.6596e-01)
Epoch: [21][ 50/154]	L_Src_Sup 1.2767e-01 (1.9579e-01)	L_Trg_Inj 2.6489e-01 (2.9680e-01)	Loss Disc 6.4296e-01 (6.4280e-01)	Loss Pred 5.8698e-01 (5.8728e-01)	Loss TOTAL 9.4771e-01 (9.6163e-01)
Epoch: [21][ 60/154]	L_Src_Sup 2.1058e-01 (1.9322e-01)	L_Trg_Inj 1.9853e-01 (2.9072e-01)	Loss Disc 6.4443e-01 (6.4237e-01)	Loss Pred 5.8345e-01 (5.8829e-01)	Loss TOTAL 9.5863e-01 (9.6121e-01)
Epoch: [21][ 70/154]	L_Src_Sup 1.9569e-01 (1.9225e-01)	L_Trg_Inj 2.8717e-01 (2.8729e-01)	Loss Disc 6.3995e-01 (6.4215e-01)	Loss Pred 5.9405e-01 (5.8882e-01)	Loss TOTAL 9.6231e-01 (9.6174e-01)
Epoch: [21][ 80/154]	L_Src_Sup 9.5253e-02 (1.9142e-01)	L_Trg_Inj 3.0461e-01 (2.8339e-01)	Loss Disc 6.2809e-01 (6.4175e-01)	Loss Pred 6.2198e-01 (5.8978e-01)	Loss TOTAL 9.7602e-01 (9.6174e-01)
Epoch: [21][ 90/154]	L_Src_Sup 3.3349e-01 (1.9425e-01)	L_Trg_Inj 2.5732e-01 (2.8463e-01)	Loss Disc 6.4589e-01 (6.4215e-01)	Loss Pred 5.8008e-01 (5.8882e-01)	Loss TOTAL 1.0383e+00 (9.6328e-01)
Epoch: [21][100/154]	L_Src_Sup 2.0008e-01 (1.9672e-01)	L_Trg_Inj 3.5583e-01 (2.8601e-01)	Loss Disc 6.3690e-01 (6.4165e-01)	Loss Pred 6.0093e-01 (5.9002e-01)	Loss TOTAL 9.7497e-01 (9.6440e-01)
Epoch: [21][110/154]	L_Src_Sup 1.9651e-01 (1.9672e-01)	L_Trg_Inj 3.3549e-01 (2.8501e-01)	Loss Disc 6.3992e-01 (6.4156e-01)	Loss Pred 5.9398e-01 (5.9023e-01)	Loss TOTAL 9.6715e-01 (9.6480e-01)
Epoch: [21][120/154]	L_Src_Sup 1.4377e-01 (1.9534e-01)	L_Trg_Inj 3.1847e-01 (2.8492e-01)	Loss Disc 6.4877e-01 (6.4168e-01)	Loss Pred 5.7331e-01 (5.8994e-01)	Loss TOTAL 9.4392e-01 (9.6489e-01)
Epoch: [21][130/154]	L_Src_Sup 2.0496e-01 (1.9727e-01)	L_Trg_Inj 3.1048e-01 (2.8666e-01)	Loss Disc 6.4882e-01 (6.4172e-01)	Loss Pred 5.7327e-01 (5.8986e-01)	Loss TOTAL 9.4922e-01 (9.6555e-01)
Epoch: [21][140/154]	L_Src_Sup 2.1983e-01 (1.9771e-01)	L_Trg_Inj 3.5699e-01 (2.8820e-01)	Loss Disc 6.3846e-01 (6.4166e-01)	Loss Pred 5.9754e-01 (5.8998e-01)	Loss TOTAL 9.7445e-01 (9.6565e-01)
Epoch: [21][150/154]	L_Src_Sup 7.6950e-02 (1.9864e-01)	L_Trg_Inj 2.2833e-01 (2.8956e-01)	Loss Disc 6.5760e-01 (6.4164e-01)	Loss Pred 5.5266e-01 (5.9004e-01)	Loss TOTAL 9.1199e-01 (9.6551e-01)
Epoch: [21][154/154]	L_Src_Sup 1.3956e-01 (1.9796e-01)	L_Trg_Inj 3.4481e-01 (2.8970e-01)	Loss Disc 6.3105e-01 (6.4156e-01)	Loss Pred 6.1477e-01 (5.9024e-01)	Loss TOTAL 9.7873e-01 (9.6545e-01)
Epoch 21 complete. Saving model state...
Epoch: [22][ 10/154]	L_Src_Sup 2.0670e-01 (2.0395e-01)	L_Trg_Inj 3.4679e-01 (2.6781e-01)	Loss Disc 6.4724e-01 (6.4657e-01)	Loss Pred 5.7651e-01 (5.7838e-01)	Loss TOTAL 9.5548e-01 (9.5025e-01)
Epoch: [22][ 20/154]	L_Src_Sup 2.0429e-01 (2.0251e-01)	L_Trg_Inj 3.3148e-01 (2.8171e-01)	Loss Disc 6.4874e-01 (6.4451e-01)	Loss Pred 5.7318e-01 (5.8422e-01)	Loss TOTAL 9.5112e-01 (9.5791e-01)
Epoch: [22][ 30/154]	L_Src_Sup 1.4894e-01 (1.8714e-01)	L_Trg_Inj 3.9696e-01 (2.8213e-01)	Loss Disc 6.4284e-01 (6.4417e-01)	Loss Pred 5.8698e-01 (5.8470e-01)	Loss TOTAL 9.6299e-01 (9.5873e-01)
Epoch: [22][ 40/154]	L_Src_Sup 2.5054e-01 (1.9218e-01)	L_Trg_Inj 3.1180e-01 (2.7804e-01)	Loss Disc 6.4433e-01 (6.4356e-01)	Loss Pred 5.8342e-01 (5.8599e-01)	Loss TOTAL 9.6182e-01 (9.6191e-01)
Epoch: [22][ 50/154]	L_Src_Sup 1.1495e-01 (1.9141e-01)	L_Trg_Inj 3.1637e-01 (2.8119e-01)	Loss Disc 6.3255e-01 (6.4266e-01)	Loss Pred 6.1167e-01 (5.8804e-01)	Loss TOTAL 9.7108e-01 (9.6400e-01)
Epoch: [22][ 60/154]	L_Src_Sup 1.7023e-01 (1.9209e-01)	L_Trg_Inj 3.0304e-01 (2.8233e-01)	Loss Disc 6.4287e-01 (6.4178e-01)	Loss Pred 5.8717e-01 (5.9002e-01)	Loss TOTAL 9.5593e-01 (9.6593e-01)
Epoch: [22][ 70/154]	L_Src_Sup 1.9515e-01 (1.9184e-01)	L_Trg_Inj 1.8225e-01 (2.8317e-01)	Loss Disc 6.2523e-01 (6.4141e-01)	Loss Pred 6.2823e-01 (5.9084e-01)	Loss TOTAL 9.9149e-01 (9.6572e-01)
Epoch: [22][ 80/154]	L_Src_Sup 2.7281e-01 (1.9531e-01)	L_Trg_Inj 2.7039e-01 (2.8136e-01)	Loss Disc 6.3406e-01 (6.4126e-01)	Loss Pred 6.0744e-01 (5.9114e-01)	Loss TOTAL 9.8121e-01 (9.6564e-01)
Epoch: [22][ 90/154]	L_Src_Sup 1.7392e-01 (1.9474e-01)	L_Trg_Inj 3.2500e-01 (2.8410e-01)	Loss Disc 6.3992e-01 (6.4110e-01)	Loss Pred 5.9388e-01 (5.9149e-01)	Loss TOTAL 9.6374e-01 (9.6543e-01)
Epoch: [22][100/154]	L_Src_Sup 2.2934e-01 (1.9342e-01)	L_Trg_Inj 3.7272e-01 (2.8586e-01)	Loss Disc 6.4579e-01 (6.4102e-01)	Loss Pred 5.8051e-01 (5.9163e-01)	Loss TOTAL 9.6361e-01 (9.6538e-01)
Epoch: [22][110/154]	L_Src_Sup 2.0209e-01 (1.9398e-01)	L_Trg_Inj 2.7183e-01 (2.8640e-01)	Loss Disc 6.5027e-01 (6.4111e-01)	Loss Pred 5.7042e-01 (5.9141e-01)	Loss TOTAL 9.4294e-01 (9.6552e-01)
Epoch: [22][120/154]	L_Src_Sup 2.3706e-01 (1.9542e-01)	L_Trg_Inj 3.0409e-01 (2.8654e-01)	Loss Disc 6.5023e-01 (6.4105e-01)	Loss Pred 5.7049e-01 (5.9156e-01)	Loss TOTAL 9.4972e-01 (9.6641e-01)
Epoch: [22][130/154]	L_Src_Sup 1.9419e-01 (1.9745e-01)	L_Trg_Inj 2.9830e-01 (2.8558e-01)	Loss Disc 6.4143e-01 (6.4146e-01)	Loss Pred 5.9057e-01 (5.9062e-01)	Loss TOTAL 9.6053e-01 (9.6620e-01)
Epoch: [22][140/154]	L_Src_Sup 2.0948e-01 (1.9760e-01)	L_Trg_Inj 1.9856e-01 (2.8448e-01)	Loss Disc 6.4439e-01 (6.4152e-01)	Loss Pred 5.8359e-01 (5.9047e-01)	Loss TOTAL 9.5752e-01 (9.6559e-01)
Epoch: [22][150/154]	L_Src_Sup 1.9806e-01 (1.9719e-01)	L_Trg_Inj 3.2804e-01 (2.8474e-01)	Loss Disc 6.5316e-01 (6.4157e-01)	Loss Pred 5.6292e-01 (5.9035e-01)	Loss TOTAL 9.4211e-01 (9.6510e-01)
Epoch: [22][154/154]	L_Src_Sup 1.9550e-01 (1.9705e-01)	L_Trg_Inj 2.8924e-01 (2.8522e-01)	Loss Disc 6.3993e-01 (6.4155e-01)	Loss Pred 5.9524e-01 (5.9041e-01)	Loss TOTAL 9.6367e-01 (9.6513e-01)
Epoch 22 complete. Saving model state...
Epoch: [23][ 10/154]	L_Src_Sup 1.8583e-01 (2.4327e-01)	L_Trg_Inj 3.8224e-01 (2.8922e-01)	Loss Disc 6.4880e-01 (6.4097e-01)	Loss Pred 5.7388e-01 (5.9186e-01)	Loss TOTAL 9.5508e-01 (9.7351e-01)
Epoch: [23][ 20/154]	L_Src_Sup 2.4861e-01 (2.4460e-01)	L_Trg_Inj 2.7510e-01 (3.0169e-01)	Loss Disc 6.4585e-01 (6.3963e-01)	Loss Pred 5.8041e-01 (5.9498e-01)	Loss TOTAL 9.5570e-01 (9.7831e-01)
Epoch: [23][ 30/154]	L_Src_Sup 1.9807e-01 (2.2797e-01)	L_Trg_Inj 2.6846e-01 (3.0829e-01)	Loss Disc 6.5322e-01 (6.4171e-01)	Loss Pred 5.6278e-01 (5.9008e-01)	Loss TOTAL 9.3604e-01 (9.7075e-01)
Epoch: [23][ 40/154]	L_Src_Sup 2.5502e-01 (2.2702e-01)	L_Trg_Inj 3.2283e-01 (3.0292e-01)	Loss Disc 6.5466e-01 (6.4189e-01)	Loss Pred 5.5926e-01 (5.8959e-01)	Loss TOTAL 9.4438e-01 (9.6992e-01)
Epoch: [23][ 50/154]	L_Src_Sup 1.4305e-01 (2.1594e-01)	L_Trg_Inj 3.4639e-01 (3.0696e-01)	Loss Disc 6.2808e-01 (6.4156e-01)	Loss Pred 6.2208e-01 (5.9034e-01)	Loss TOTAL 9.8507e-01 (9.7052e-01)
Epoch: [23][ 60/154]	L_Src_Sup 1.8393e-01 (2.1707e-01)	L_Trg_Inj 2.7979e-01 (3.0607e-01)	Loss Disc 6.3259e-01 (6.4146e-01)	Loss Pred 6.1142e-01 (5.9056e-01)	Loss TOTAL 9.7409e-01 (9.6986e-01)
Epoch: [23][ 70/154]	L_Src_Sup 1.2006e-01 (2.1555e-01)	L_Trg_Inj 2.2393e-01 (3.0196e-01)	Loss Disc 6.5176e-01 (6.4124e-01)	Loss Pred 5.6653e-01 (5.9105e-01)	Loss TOTAL 9.2681e-01 (9.6900e-01)
Epoch: [23][ 80/154]	L_Src_Sup 2.0420e-01 (2.1340e-01)	L_Trg_Inj 3.0213e-01 (2.9990e-01)	Loss Disc 6.4875e-01 (6.4121e-01)	Loss Pred 5.7337e-01 (5.9111e-01)	Loss TOTAL 9.4838e-01 (9.6801e-01)
Epoch: [23][ 90/154]	L_Src_Sup 2.0237e-01 (2.1336e-01)	L_Trg_Inj 3.8858e-01 (3.0118e-01)	Loss Disc 6.3553e-01 (6.4151e-01)	Loss Pred 6.0447e-01 (5.9040e-01)	Loss TOTAL 9.8132e-01 (9.6728e-01)
Epoch: [23][100/154]	L_Src_Sup 1.7051e-01 (2.1295e-01)	L_Trg_Inj 2.3039e-01 (2.9698e-01)	Loss Disc 6.4292e-01 (6.4140e-01)	Loss Pred 5.8718e-01 (5.9066e-01)	Loss TOTAL 9.4873e-01 (9.6737e-01)
Epoch: [23][110/154]	L_Src_Sup 2.4120e-01 (2.1350e-01)	L_Trg_Inj 2.4518e-01 (2.9971e-01)	Loss Disc 6.5177e-01 (6.4151e-01)	Loss Pred 5.6650e-01 (5.9041e-01)	Loss TOTAL 9.4102e-01 (9.6727e-01)
Epoch: [23][120/154]	L_Src_Sup 1.6476e-01 (2.1281e-01)	L_Trg_Inj 2.8395e-01 (3.0140e-01)	Loss Disc 6.2964e-01 (6.4129e-01)	Loss Pred 6.1820e-01 (5.9092e-01)	Loss TOTAL 9.7789e-01 (9.6744e-01)
Epoch: [23][130/154]	L_Src_Sup 2.0072e-01 (2.1179e-01)	L_Trg_Inj 4.0624e-01 (3.0125e-01)	Loss Disc 6.3987e-01 (6.4117e-01)	Loss Pred 5.9908e-01 (5.9122e-01)	Loss TOTAL 9.7972e-01 (9.6730e-01)
Epoch: [23][140/154]	L_Src_Sup 2.3175e-01 (2.1205e-01)	L_Trg_Inj 2.8044e-01 (3.0141e-01)	Loss Disc 6.4437e-01 (6.4127e-01)	Loss Pred 5.8365e-01 (5.9101e-01)	Loss TOTAL 9.5706e-01 (9.6689e-01)
Epoch: [23][150/154]	L_Src_Sup 1.1884e-01 (2.1015e-01)	L_Trg_Inj 2.8440e-01 (3.0091e-01)	Loss Disc 6.5315e-01 (6.4145e-01)	Loss Pred 5.6292e-01 (5.9059e-01)	Loss TOTAL 9.2982e-01 (9.6605e-01)
Epoch: [23][154/154]	L_Src_Sup 2.2003e-01 (2.0973e-01)	L_Trg_Inj 2.5782e-01 (2.9955e-01)	Loss Disc 6.5175e-01 (6.4153e-01)	Loss Pred 5.6618e-01 (5.9041e-01)	Loss TOTAL 9.3984e-01 (9.6584e-01)
Epoch 23 complete. Saving model state...
Epoch: [24][ 10/154]	L_Src_Sup 3.4501e-01 (2.4226e-01)	L_Trg_Inj 3.0249e-01 (2.8500e-01)	Loss Disc 6.3261e-01 (6.4349e-01)	Loss Pred 6.1171e-01 (5.8562e-01)	Loss TOTAL 1.0353e+00 (9.6477e-01)
Epoch: [24][ 20/154]	L_Src_Sup 1.9390e-01 (2.2802e-01)	L_Trg_Inj 3.4083e-01 (2.9424e-01)	Loss Disc 6.4287e-01 (6.4312e-01)	Loss Pred 5.8703e-01 (5.8651e-01)	Loss TOTAL 9.6194e-01 (9.6514e-01)
Epoch: [24][ 30/154]	L_Src_Sup 4.0584e-01 (2.3234e-01)	L_Trg_Inj 2.7299e-01 (2.9258e-01)	Loss Disc 6.4289e-01 (6.4137e-01)	Loss Pred 5.8705e-01 (5.9067e-01)	Loss TOTAL 1.1092e+00 (9.7581e-01)
Epoch: [24][ 40/154]	L_Src_Sup 3.0439e-01 (2.2576e-01)	L_Trg_Inj 2.7979e-01 (2.9722e-01)	Loss Disc 6.3993e-01 (6.4197e-01)	Loss Pred 5.9407e-01 (5.8928e-01)	Loss TOTAL 9.9705e-01 (9.7459e-01)
Epoch: [24][ 50/154]	L_Src_Sup 1.5627e-01 (2.1654e-01)	L_Trg_Inj 3.2296e-01 (3.0377e-01)	Loss Disc 6.3700e-01 (6.4245e-01)	Loss Pred 6.0124e-01 (5.8812e-01)	Loss TOTAL 9.6766e-01 (9.7100e-01)
Epoch: [24][ 60/154]	L_Src_Sup 1.6499e-01 (2.1599e-01)	L_Trg_Inj 2.9648e-01 (3.0353e-01)	Loss Disc 6.4730e-01 (6.4181e-01)	Loss Pred 5.7657e-01 (5.8965e-01)	Loss TOTAL 9.4636e-01 (9.7079e-01)
Epoch: [24][ 70/154]	L_Src_Sup 2.3763e-01 (2.1414e-01)	L_Trg_Inj 3.4793e-01 (3.0183e-01)	Loss Disc 6.5320e-01 (6.4262e-01)	Loss Pred 5.6205e-01 (5.8771e-01)	Loss TOTAL 9.4721e-01 (9.6771e-01)
Epoch: [24][ 80/154]	L_Src_Sup 3.1686e-01 (2.1374e-01)	L_Trg_Inj 3.5886e-01 (3.0398e-01)	Loss Disc 6.5315e-01 (6.4256e-01)	Loss Pred 5.6186e-01 (5.8784e-01)	Loss TOTAL 9.5601e-01 (9.6734e-01)
Epoch: [24][ 90/154]	L_Src_Sup 1.6002e-01 (2.1089e-01)	L_Trg_Inj 3.1631e-01 (3.0497e-01)	Loss Disc 6.5171e-01 (6.4243e-01)	Loss Pred 5.6557e-01 (5.8815e-01)	Loss TOTAL 9.3906e-01 (9.6667e-01)
Epoch: [24][100/154]	L_Src_Sup 3.1823e-01 (2.1277e-01)	L_Trg_Inj 3.1549e-01 (3.0618e-01)	Loss Disc 6.3407e-01 (6.4210e-01)	Loss Pred 6.0824e-01 (5.8896e-01)	Loss TOTAL 9.9138e-01 (9.6708e-01)
Epoch: [24][110/154]	L_Src_Sup 2.8914e-01 (2.1236e-01)	L_Trg_Inj 2.7963e-01 (3.0340e-01)	Loss Disc 6.3700e-01 (6.4185e-01)	Loss Pred 6.0101e-01 (5.8955e-01)	Loss TOTAL 9.8589e-01 (9.6744e-01)
Epoch: [24][120/154]	L_Src_Sup 2.2226e-01 (2.1201e-01)	L_Trg_Inj 3.4591e-01 (3.0443e-01)	Loss Disc 6.3699e-01 (6.4181e-01)	Loss Pred 6.0099e-01 (5.8963e-01)	Loss TOTAL 9.7631e-01 (9.6758e-01)
Epoch: [24][130/154]	L_Src_Sup 1.5559e-01 (2.1068e-01)	L_Trg_Inj 4.1078e-01 (3.0477e-01)	Loss Disc 6.3694e-01 (6.4189e-01)	Loss Pred 6.0105e-01 (5.8943e-01)	Loss TOTAL 9.7616e-01 (9.6767e-01)
Epoch: [24][140/154]	L_Src_Sup 2.8573e-01 (2.1029e-01)	L_Trg_Inj 2.0842e-01 (3.0514e-01)	Loss Disc 6.3852e-01 (6.4185e-01)	Loss Pred 5.9752e-01 (5.8954e-01)	Loss TOTAL 1.0435e+00 (9.6789e-01)
Epoch: [24][150/154]	L_Src_Sup 2.6197e-01 (2.1009e-01)	L_Trg_Inj 3.1072e-01 (3.0484e-01)	Loss Disc 6.2815e-01 (6.4168e-01)	Loss Pred 6.2179e-01 (5.8993e-01)	Loss TOTAL 9.9314e-01 (9.6801e-01)
Epoch: [24][154/154]	L_Src_Sup 2.1053e-01 (2.0904e-01)	L_Trg_Inj 2.7613e-01 (3.0398e-01)	Loss Disc 6.4434e-01 (6.4158e-01)	Loss Pred 5.8364e-01 (5.9017e-01)	Loss TOTAL 9.5447e-01 (9.6785e-01)
Epoch 24 complete. Saving model state...
Epoch: [25][ 10/154]	L_Src_Sup 8.5184e-02 (1.7534e-01)	L_Trg_Inj 2.4347e-01 (2.7651e-01)	Loss Disc 6.4289e-01 (6.3934e-01)	Loss Pred 5.8711e-01 (5.9529e-01)	Loss TOTAL 9.4142e-01 (9.8431e-01)
Epoch: [25][ 20/154]	L_Src_Sup 1.3188e-01 (1.9637e-01)	L_Trg_Inj 2.8709e-01 (2.9241e-01)	Loss Disc 6.3846e-01 (6.4118e-01)	Loss Pred 5.9751e-01 (5.9106e-01)	Loss TOTAL 9.5863e-01 (9.7340e-01)
Epoch: [25][ 30/154]	L_Src_Sup 2.9086e-01 (2.0823e-01)	L_Trg_Inj 2.0843e-01 (2.8378e-01)	Loss Disc 6.5763e-01 (6.4274e-01)	Loss Pred 5.5349e-01 (5.8747e-01)	Loss TOTAL 1.0147e+00 (9.7435e-01)
Epoch: [25][ 40/154]	L_Src_Sup 2.3917e-01 (2.0298e-01)	L_Trg_Inj 2.2999e-01 (2.8011e-01)	Loss Disc 6.3993e-01 (6.4201e-01)	Loss Pred 5.9399e-01 (5.8923e-01)	Loss TOTAL 9.7004e-01 (9.7101e-01)
Epoch: [25][ 50/154]	L_Src_Sup 2.1438e-01 (2.0632e-01)	L_Trg_Inj 4.0106e-01 (2.8778e-01)	Loss Disc 6.2815e-01 (6.4201e-01)	Loss Pred 6.2227e-01 (5.8930e-01)	Loss TOTAL 9.9789e-01 (9.7227e-01)
Epoch: [25][ 60/154]	L_Src_Sup 1.5732e-01 (2.0626e-01)	L_Trg_Inj 4.2647e-01 (2.9178e-01)	Loss Disc 6.3545e-01 (6.4193e-01)	Loss Pred 6.0464e-01 (5.8947e-01)	Loss TOTAL 9.8074e-01 (9.7159e-01)
Epoch: [25][ 70/154]	L_Src_Sup 2.5618e-01 (2.0639e-01)	L_Trg_Inj 3.0908e-01 (2.9686e-01)	Loss Disc 6.3106e-01 (6.4159e-01)	Loss Pred 6.1493e-01 (5.9028e-01)	Loss TOTAL 9.8698e-01 (9.7112e-01)
Epoch: [25][ 80/154]	L_Src_Sup 1.2905e-01 (2.0693e-01)	L_Trg_Inj 2.5660e-01 (3.0202e-01)	Loss Disc 6.4147e-01 (6.4134e-01)	Loss Pred 5.9051e-01 (5.9083e-01)	Loss TOTAL 9.4981e-01 (9.7145e-01)
Epoch: [25][ 90/154]	L_Src_Sup 2.5000e-01 (2.0798e-01)	L_Trg_Inj 2.3802e-01 (3.0069e-01)	Loss Disc 6.4586e-01 (6.4140e-01)	Loss Pred 5.8037e-01 (5.9072e-01)	Loss TOTAL 9.6408e-01 (9.7072e-01)
Epoch: [25][100/154]	L_Src_Sup 2.6993e-01 (2.0891e-01)	L_Trg_Inj 2.4979e-01 (3.0135e-01)	Loss Disc 6.3557e-01 (6.4164e-01)	Loss Pred 6.0443e-01 (5.9016e-01)	Loss TOTAL 9.9433e-01 (9.7015e-01)
Epoch: [25][110/154]	L_Src_Sup 2.1987e-01 (2.0669e-01)	L_Trg_Inj 2.9387e-01 (3.0241e-01)	Loss Disc 6.5320e-01 (6.4167e-01)	Loss Pred 5.6294e-01 (5.9007e-01)	Loss TOTAL 9.4091e-01 (9.6921e-01)
Epoch: [25][120/154]	L_Src_Sup 1.3655e-01 (2.0667e-01)	L_Trg_Inj 2.2782e-01 (3.0100e-01)	Loss Disc 6.3404e-01 (6.4168e-01)	Loss Pred 6.0810e-01 (5.9006e-01)	Loss TOTAL 9.6156e-01 (9.6892e-01)
Epoch: [25][130/154]	L_Src_Sup 2.1181e-01 (2.0536e-01)	L_Trg_Inj 3.2246e-01 (3.0157e-01)	Loss Disc 6.2954e-01 (6.4128e-01)	Loss Pred 6.1790e-01 (5.9097e-01)	Loss TOTAL 9.8610e-01 (9.6900e-01)
Epoch: [25][140/154]	L_Src_Sup 1.8748e-01 (2.0547e-01)	L_Trg_Inj 2.9006e-01 (3.0069e-01)	Loss Disc 6.4586e-01 (6.4151e-01)	Loss Pred 5.8027e-01 (5.9043e-01)	Loss TOTAL 9.5095e-01 (9.6835e-01)
Epoch: [25][150/154]	L_Src_Sup 2.1506e-01 (2.0383e-01)	L_Trg_Inj 3.3921e-01 (3.0107e-01)	Loss Disc 6.4143e-01 (6.4158e-01)	Loss Pred 5.9049e-01 (5.9026e-01)	Loss TOTAL 9.6664e-01 (9.6764e-01)
Epoch: [25][154/154]	L_Src_Sup 1.4585e-01 (2.0258e-01)	L_Trg_Inj 2.6392e-01 (2.9912e-01)	Loss Disc 6.4583e-01 (6.4156e-01)	Loss Pred 5.8014e-01 (5.9031e-01)	Loss TOTAL 9.4403e-01 (9.6721e-01)
Epoch 25 complete. Saving model state...
Epoch: [26][ 10/154]	L_Src_Sup 2.6450e-01 (2.0019e-01)	L_Trg_Inj 2.9889e-01 (2.5724e-01)	Loss Disc 6.3846e-01 (6.4128e-01)	Loss Pred 5.9773e-01 (5.9097e-01)	Loss TOTAL 9.7330e-01 (9.6712e-01)
Epoch: [26][ 20/154]	L_Src_Sup 2.2919e-01 (2.0792e-01)	L_Trg_Inj 3.3423e-01 (2.8834e-01)	Loss Disc 6.4582e-01 (6.4387e-01)	Loss Pred 5.7986e-01 (5.8484e-01)	Loss TOTAL 9.5912e-01 (9.6128e-01)
Epoch: [26][ 30/154]	L_Src_Sup 2.0204e-01 (1.9627e-01)	L_Trg_Inj 3.7297e-01 (2.9867e-01)	Loss Disc 6.5021e-01 (6.4374e-01)	Loss Pred 5.6917e-01 (5.8508e-01)	Loss TOTAL 9.5178e-01 (9.6012e-01)
Epoch: [26][ 40/154]	L_Src_Sup 2.0622e-01 (2.0048e-01)	L_Trg_Inj 2.9929e-01 (2.9988e-01)	Loss Disc 6.4728e-01 (6.4438e-01)	Loss Pred 5.7611e-01 (5.8349e-01)	Loss TOTAL 9.5030e-01 (9.6012e-01)
Epoch: [26][ 50/154]	L_Src_Sup 2.8897e-01 (2.0234e-01)	L_Trg_Inj 3.6593e-01 (3.0186e-01)	Loss Disc 6.3695e-01 (6.4384e-01)	Loss Pred 6.0147e-01 (5.8476e-01)	Loss TOTAL 9.8543e-01 (9.6093e-01)
Epoch: [26][ 60/154]	L_Src_Sup 2.3763e-01 (1.9961e-01)	L_Trg_Inj 2.8459e-01 (3.0271e-01)	Loss Disc 6.5318e-01 (6.4324e-01)	Loss Pred 5.6191e-01 (5.8622e-01)	Loss TOTAL 9.4072e-01 (9.6126e-01)
Epoch: [26][ 70/154]	L_Src_Sup 1.9802e-01 (2.0226e-01)	L_Trg_Inj 2.3671e-01 (3.0069e-01)	Loss Disc 6.3848e-01 (6.4228e-01)	Loss Pred 5.9755e-01 (5.8861e-01)	Loss TOTAL 9.6026e-01 (9.6299e-01)
Epoch: [26][ 80/154]	L_Src_Sup 2.9125e-01 (2.0435e-01)	L_Trg_Inj 4.2515e-01 (3.0250e-01)	Loss Disc 6.4722e-01 (6.4225e-01)	Loss Pred 5.7658e-01 (5.8869e-01)	Loss TOTAL 9.7183e-01 (9.6336e-01)
Epoch: [26][ 90/154]	L_Src_Sup 8.0063e-02 (2.0396e-01)	L_Trg_Inj 2.7659e-01 (3.0019e-01)	Loss Disc 6.5172e-01 (6.4209e-01)	Loss Pred 5.6645e-01 (5.8907e-01)	Loss TOTAL 9.2797e-01 (9.6413e-01)
Epoch: [26][100/154]	L_Src_Sup 2.7961e-01 (2.0217e-01)	L_Trg_Inj 3.0882e-01 (3.0187e-01)	Loss Disc 6.4141e-01 (6.4214e-01)	Loss Pred 5.9049e-01 (5.8894e-01)	Loss TOTAL 9.7004e-01 (9.6366e-01)
Epoch: [26][110/154]	L_Src_Sup 2.1506e-01 (2.0357e-01)	L_Trg_Inj 2.7797e-01 (3.0197e-01)	Loss Disc 6.4138e-01 (6.4179e-01)	Loss Pred 5.9049e-01 (5.8975e-01)	Loss TOTAL 9.6049e-01 (9.6425e-01)
Epoch: [26][120/154]	L_Src_Sup 2.1277e-01 (2.0350e-01)	L_Trg_Inj 3.4408e-01 (3.0115e-01)	Loss Disc 6.4286e-01 (6.4161e-01)	Loss Pred 5.8708e-01 (5.9016e-01)	Loss TOTAL 9.6420e-01 (9.6457e-01)
Epoch: [26][130/154]	L_Src_Sup 2.4445e-01 (2.0437e-01)	L_Trg_Inj 2.5473e-01 (3.0000e-01)	Loss Disc 6.3697e-01 (6.4135e-01)	Loss Pred 6.0061e-01 (5.9076e-01)	Loss TOTAL 9.6902e-01 (9.6496e-01)
Epoch: [26][140/154]	L_Src_Sup 2.8586e-01 (2.0418e-01)	L_Trg_Inj 2.8742e-01 (2.9944e-01)	Loss Disc 6.3844e-01 (6.4138e-01)	Loss Pred 5.9725e-01 (5.9067e-01)	Loss TOTAL 9.7379e-01 (9.6488e-01)
Epoch: [26][150/154]	L_Src_Sup 1.0001e-01 (2.0403e-01)	L_Trg_Inj 3.3905e-01 (3.0008e-01)	Loss Disc 6.5169e-01 (6.4136e-01)	Loss Pred 5.6701e-01 (5.9073e-01)	Loss TOTAL 9.3676e-01 (9.6537e-01)
Epoch: [26][154/154]	L_Src_Sup 2.0406e-01 (2.0350e-01)	L_Trg_Inj 2.6830e-01 (2.9954e-01)	Loss Disc 6.4878e-01 (6.4146e-01)	Loss Pred 5.7357e-01 (5.9048e-01)	Loss TOTAL 9.4520e-01 (9.6498e-01)
Epoch 26 complete. Saving model state...
Epoch: [27][ 10/154]	L_Src_Sup 1.7031e-01 (2.0233e-01)	L_Trg_Inj 3.3043e-01 (2.5028e-01)	Loss Disc 6.4287e-01 (6.4144e-01)	Loss Pred 5.8779e-01 (5.9109e-01)	Loss TOTAL 9.5930e-01 (9.7013e-01)
Epoch: [27][ 20/154]	L_Src_Sup 1.6329e-01 (1.9587e-01)	L_Trg_Inj 2.5406e-01 (2.5639e-01)	Loss Disc 6.4881e-01 (6.4305e-01)	Loss Pred 5.7326e-01 (5.8710e-01)	Loss TOTAL 9.3940e-01 (9.6278e-01)
Epoch: [27][ 30/154]	L_Src_Sup 1.7780e-01 (1.9187e-01)	L_Trg_Inj 3.6811e-01 (2.6562e-01)	Loss Disc 6.3695e-01 (6.4108e-01)	Loss Pred 6.0072e-01 (5.9155e-01)	Loss TOTAL 9.7379e-01 (9.6380e-01)
Epoch: [27][ 40/154]	L_Src_Sup 2.6810e-01 (1.9839e-01)	L_Trg_Inj 2.4993e-01 (2.6831e-01)	Loss Disc 6.4732e-01 (6.4112e-01)	Loss Pred 5.7701e-01 (5.9139e-01)	Loss TOTAL 9.7064e-01 (9.6612e-01)
Epoch: [27][ 50/154]	L_Src_Sup 2.1283e-01 (1.9730e-01)	L_Trg_Inj 2.4954e-01 (2.6976e-01)	Loss Disc 6.4290e-01 (6.4100e-01)	Loss Pred 5.8713e-01 (5.9162e-01)	Loss TOTAL 9.5481e-01 (9.6678e-01)
Epoch: [27][ 60/154]	L_Src_Sup 2.6375e-01 (2.0565e-01)	L_Trg_Inj 3.1725e-01 (2.7265e-01)	Loss Disc 6.3842e-01 (6.4050e-01)	Loss Pred 5.9718e-01 (5.9273e-01)	Loss TOTAL 9.7450e-01 (9.7182e-01)
Epoch: [27][ 70/154]	L_Src_Sup 2.1073e-01 (2.0624e-01)	L_Trg_Inj 2.9551e-01 (2.7354e-01)	Loss Disc 6.4433e-01 (6.4081e-01)	Loss Pred 5.8711e-01 (5.9215e-01)	Loss TOTAL 9.5990e-01 (9.7242e-01)
Epoch: [27][ 80/154]	L_Src_Sup 1.2771e-01 (2.0470e-01)	L_Trg_Inj 2.3408e-01 (2.7959e-01)	Loss Disc 6.4290e-01 (6.4075e-01)	Loss Pred 5.8717e-01 (5.9227e-01)	Loss TOTAL 9.4480e-01 (9.7147e-01)
Epoch: [27][ 90/154]	L_Src_Sup 1.3593e-01 (2.0318e-01)	L_Trg_Inj 3.7867e-01 (2.8175e-01)	Loss Disc 6.5613e-01 (6.4091e-01)	Loss Pred 5.5715e-01 (5.9189e-01)	Loss TOTAL 9.3668e-01 (9.7024e-01)
Epoch: [27][100/154]	L_Src_Sup 2.6531e-01 (2.0230e-01)	L_Trg_Inj 3.1541e-01 (2.8258e-01)	Loss Disc 6.4874e-01 (6.4119e-01)	Loss Pred 5.7360e-01 (5.9121e-01)	Loss TOTAL 9.5604e-01 (9.6932e-01)
Epoch: [27][110/154]	L_Src_Sup 2.2225e-01 (2.0191e-01)	L_Trg_Inj 2.6660e-01 (2.8185e-01)	Loss Disc 6.5026e-01 (6.4144e-01)	Loss Pred 5.6982e-01 (5.9062e-01)	Loss TOTAL 9.4384e-01 (9.6891e-01)
Epoch: [27][120/154]	L_Src_Sup 3.1252e-01 (2.0171e-01)	L_Trg_Inj 3.1243e-01 (2.7992e-01)	Loss Disc 6.4580e-01 (6.4144e-01)	Loss Pred 5.8014e-01 (5.9062e-01)	Loss TOTAL 9.6563e-01 (9.6881e-01)
Epoch: [27][130/154]	L_Src_Sup 1.1117e-01 (2.0342e-01)	L_Trg_Inj 3.9029e-01 (2.8047e-01)	Loss Disc 6.3696e-01 (6.4112e-01)	Loss Pred 6.0087e-01 (5.9138e-01)	Loss TOTAL 9.6950e-01 (9.6959e-01)
Epoch: [27][140/154]	L_Src_Sup 2.7659e-01 (2.0296e-01)	L_Trg_Inj 2.8040e-01 (2.8334e-01)	Loss Disc 6.4296e-01 (6.4155e-01)	Loss Pred 5.8705e-01 (5.9036e-01)	Loss TOTAL 9.6423e-01 (9.6837e-01)
Epoch: [27][150/154]	L_Src_Sup 2.1059e-01 (2.0466e-01)	L_Trg_Inj 2.0065e-01 (2.8248e-01)	Loss Disc 6.4442e-01 (6.4150e-01)	Loss Pred 5.8355e-01 (5.9049e-01)	Loss TOTAL 9.5683e-01 (9.6977e-01)
Epoch: [27][154/154]	L_Src_Sup 1.6894e-01 (2.0421e-01)	L_Trg_Inj 2.9568e-01 (2.8232e-01)	Loss Disc 6.4437e-01 (6.4161e-01)	Loss Pred 5.8358e-01 (5.9022e-01)	Loss TOTAL 9.5222e-01 (9.6939e-01)
Epoch 27 complete. Saving model state...
Epoch: [28][ 10/154]	L_Src_Sup 2.1744e-01 (1.8957e-01)	L_Trg_Inj 4.4434e-01 (3.2282e-01)	Loss Disc 6.3986e-01 (6.4438e-01)	Loss Pred 5.9408e-01 (5.8351e-01)	Loss TOTAL 9.8018e-01 (9.5694e-01)
Epoch: [28][ 20/154]	L_Src_Sup 1.7993e-01 (2.0451e-01)	L_Trg_Inj 3.1373e-01 (3.0309e-01)	Loss Disc 6.3553e-01 (6.4224e-01)	Loss Pred 6.0462e-01 (5.8861e-01)	Loss TOTAL 9.7175e-01 (9.6892e-01)
Epoch: [28][ 30/154]	L_Src_Sup 2.0653e-01 (2.0490e-01)	L_Trg_Inj 1.8414e-01 (2.9506e-01)	Loss Disc 6.4734e-01 (6.4261e-01)	Loss Pred 5.7640e-01 (5.8775e-01)	Loss TOTAL 9.6153e-01 (9.6664e-01)
Epoch: [28][ 40/154]	L_Src_Sup 1.7349e-01 (2.0422e-01)	L_Trg_Inj 2.2200e-01 (2.9903e-01)	Loss Disc 6.2386e-01 (6.4198e-01)	Loss Pred 6.3295e-01 (5.8926e-01)	Loss TOTAL 9.8443e-01 (9.6741e-01)
Epoch: [28][ 50/154]	L_Src_Sup 2.1518e-01 (2.0909e-01)	L_Trg_Inj 2.2966e-01 (2.9655e-01)	Loss Disc 6.4144e-01 (6.4130e-01)	Loss Pred 5.9059e-01 (5.9086e-01)	Loss TOTAL 9.5579e-01 (9.6840e-01)
Epoch: [28][ 60/154]	L_Src_Sup 2.1280e-01 (2.0847e-01)	L_Trg_Inj 2.9258e-01 (3.0227e-01)	Loss Disc 6.4288e-01 (6.4145e-01)	Loss Pred 5.8701e-01 (5.9053e-01)	Loss TOTAL 9.5899e-01 (9.6787e-01)
Epoch: [28][ 70/154]	L_Src_Sup 2.3160e-01 (2.0613e-01)	L_Trg_Inj 3.3341e-01 (3.0411e-01)	Loss Disc 6.4436e-01 (6.4146e-01)	Loss Pred 5.8355e-01 (5.9048e-01)	Loss TOTAL 9.6223e-01 (9.6742e-01)
Epoch: [28][ 80/154]	L_Src_Sup 2.7922e-01 (2.0695e-01)	L_Trg_Inj 2.3339e-01 (3.0336e-01)	Loss Disc 6.3121e-01 (6.4155e-01)	Loss Pred 6.1500e-01 (5.9027e-01)	Loss TOTAL 1.0277e+00 (9.6802e-01)
Epoch: [28][ 90/154]	L_Src_Sup 2.4743e-01 (2.0917e-01)	L_Trg_Inj 3.4487e-01 (3.0421e-01)	Loss Disc 6.4729e-01 (6.4145e-01)	Loss Pred 5.7666e-01 (5.9051e-01)	Loss TOTAL 9.5954e-01 (9.6890e-01)
Epoch: [28][100/154]	L_Src_Sup 2.5001e-01 (2.0649e-01)	L_Trg_Inj 2.9402e-01 (3.0617e-01)	Loss Disc 6.5763e-01 (6.4173e-01)	Loss Pred 5.5226e-01 (5.8985e-01)	Loss TOTAL 9.3547e-01 (9.6767e-01)
Epoch: [28][110/154]	L_Src_Sup 1.5556e-01 (2.0327e-01)	L_Trg_Inj 3.5129e-01 (3.0922e-01)	Loss Disc 6.3696e-01 (6.4151e-01)	Loss Pred 6.0097e-01 (5.9036e-01)	Loss TOTAL 9.7013e-01 (9.6754e-01)
Epoch: [28][120/154]	L_Src_Sup 2.2681e-01 (2.0404e-01)	L_Trg_Inj 2.4943e-01 (3.0510e-01)	Loss Disc 6.4734e-01 (6.4174e-01)	Loss Pred 5.7656e-01 (5.8982e-01)	Loss TOTAL 9.4785e-01 (9.6786e-01)
Epoch: [28][130/154]	L_Src_Sup 1.2766e-01 (2.0154e-01)	L_Trg_Inj 2.6075e-01 (3.0575e-01)	Loss Disc 6.4292e-01 (6.4175e-01)	Loss Pred 5.8697e-01 (5.8979e-01)	Loss TOTAL 9.4727e-01 (9.6718e-01)
Epoch: [28][140/154]	L_Src_Sup 2.4720e-01 (2.0147e-01)	L_Trg_Inj 2.9034e-01 (3.0336e-01)	Loss Disc 6.3552e-01 (6.4169e-01)	Loss Pred 6.0454e-01 (5.8995e-01)	Loss TOTAL 9.7605e-01 (9.6736e-01)
Epoch: [28][150/154]	L_Src_Sup 3.3346e-01 (2.0186e-01)	L_Trg_Inj 3.9066e-01 (3.0337e-01)	Loss Disc 6.3697e-01 (6.4173e-01)	Loss Pred 6.0109e-01 (5.8985e-01)	Loss TOTAL 9.9198e-01 (9.6728e-01)
Epoch: [28][154/154]	L_Src_Sup 1.9289e-01 (2.0257e-01)	L_Trg_Inj 3.0793e-01 (3.0392e-01)	Loss Disc 6.2674e-01 (6.4158e-01)	Loss Pred 6.2558e-01 (5.9019e-01)	Loss TOTAL 9.8903e-01 (9.6752e-01)
Epoch 28 complete. Saving model state...
Epoch: [29][ 10/154]	L_Src_Sup 4.1680e-02 (1.8515e-01)	L_Trg_Inj 3.9259e-01 (3.0483e-01)	Loss Disc 6.4577e-01 (6.4036e-01)	Loss Pred 5.8013e-01 (5.9297e-01)	Loss TOTAL 9.4645e-01 (9.6677e-01)
Epoch: [29][ 20/154]	L_Src_Sup 1.7023e-01 (1.7920e-01)	L_Trg_Inj 3.2453e-01 (2.9146e-01)	Loss Disc 6.4291e-01 (6.4149e-01)	Loss Pred 5.8704e-01 (5.9039e-01)	Loss TOTAL 9.5797e-01 (9.6050e-01)
Epoch: [29][ 30/154]	L_Src_Sup 2.4183e-01 (1.8015e-01)	L_Trg_Inj 3.4553e-01 (2.9352e-01)	Loss Disc 6.3842e-01 (6.4255e-01)	Loss Pred 5.9761e-01 (5.8788e-01)	Loss TOTAL 9.7556e-01 (9.5806e-01)
Epoch: [29][ 40/154]	L_Src_Sup 6.3250e-02 (1.7666e-01)	L_Trg_Inj 2.5801e-01 (2.8180e-01)	Loss Disc 6.4438e-01 (6.4190e-01)	Loss Pred 5.8371e-01 (5.8944e-01)	Loss TOTAL 9.3803e-01 (9.5846e-01)
Epoch: [29][ 50/154]	L_Src_Sup 1.2500e-01 (1.7743e-01)	L_Trg_Inj 2.5086e-01 (2.7964e-01)	Loss Disc 6.4584e-01 (6.4175e-01)	Loss Pred 5.8006e-01 (5.8980e-01)	Loss TOTAL 9.4056e-01 (9.5816e-01)
Epoch: [29][ 60/154]	L_Src_Sup 1.7210e-01 (1.8122e-01)	L_Trg_Inj 2.7096e-01 (2.7976e-01)	Loss Disc 6.4143e-01 (6.4174e-01)	Loss Pred 5.9057e-01 (5.8981e-01)	Loss TOTAL 9.5559e-01 (9.6100e-01)
Epoch: [29][ 70/154]	L_Src_Sup 1.7613e-01 (1.8499e-01)	L_Trg_Inj 2.7558e-01 (2.7877e-01)	Loss Disc 6.3848e-01 (6.4201e-01)	Loss Pred 5.9769e-01 (5.8923e-01)	Loss TOTAL 9.6210e-01 (9.6087e-01)
Epoch: [29][ 80/154]	L_Src_Sup 1.2776e-01 (1.8396e-01)	L_Trg_Inj 3.9152e-01 (2.8031e-01)	Loss Disc 6.4286e-01 (6.4157e-01)	Loss Pred 5.8703e-01 (5.9027e-01)	Loss TOTAL 9.6039e-01 (9.6161e-01)
Epoch: [29][ 90/154]	L_Src_Sup 2.7275e-01 (1.8565e-01)	L_Trg_Inj 2.3606e-01 (2.7989e-01)	Loss Disc 6.3403e-01 (6.4169e-01)	Loss Pred 6.0795e-01 (5.8999e-01)	Loss TOTAL 1.0125e+00 (9.6146e-01)
Epoch: [29][100/154]	L_Src_Sup 2.6506e-01 (1.9056e-01)	L_Trg_Inj 2.7778e-01 (2.8248e-01)	Loss Disc 6.5468e-01 (6.4157e-01)	Loss Pred 5.5971e-01 (5.9028e-01)	Loss TOTAL 9.4133e-01 (9.6319e-01)
Epoch: [29][110/154]	L_Src_Sup 1.2196e-01 (1.9059e-01)	L_Trg_Inj 2.6684e-01 (2.8258e-01)	Loss Disc 6.2524e-01 (6.4176e-01)	Loss Pred 6.2934e-01 (5.8988e-01)	Loss TOTAL 9.8084e-01 (9.6344e-01)
Epoch: [29][120/154]	L_Src_Sup 3.0788e-01 (1.9311e-01)	L_Trg_Inj 2.9101e-01 (2.8500e-01)	Loss Disc 6.4878e-01 (6.4169e-01)	Loss Pred 5.7319e-01 (5.9002e-01)	Loss TOTAL 9.7434e-01 (9.6379e-01)
Epoch: [29][130/154]	L_Src_Sup 1.4437e-01 (1.9497e-01)	L_Trg_Inj 4.0696e-01 (2.8819e-01)	Loss Disc 6.4731e-01 (6.4163e-01)	Loss Pred 5.7686e-01 (5.9025e-01)	Loss TOTAL 9.5565e-01 (9.6547e-01)
Epoch: [29][140/154]	L_Src_Sup 8.9895e-02 (1.9420e-01)	L_Trg_Inj 4.1070e-01 (2.9787e-01)	Loss Disc 6.3555e-01 (6.4155e-01)	Loss Pred 6.0433e-01 (5.9042e-01)	Loss TOTAL 9.7217e-01 (9.6609e-01)
Epoch: [29][150/154]	L_Src_Sup 1.6767e-01 (1.9612e-01)	L_Trg_Inj 2.9949e-01 (3.0153e-01)	Loss Disc 6.5175e-01 (6.4148e-01)	Loss Pred 5.6657e-01 (5.9056e-01)	Loss TOTAL 9.3916e-01 (9.6638e-01)
Epoch: [29][154/154]	L_Src_Sup 2.9476e-01 (1.9782e-01)	L_Trg_Inj 2.8816e-01 (3.0180e-01)	Loss Disc 6.4436e-01 (6.4150e-01)	Loss Pred 5.8363e-01 (5.9052e-01)	Loss TOTAL 9.7071e-01 (9.6645e-01)
Epoch 29 complete. Saving model state...
Epoch: [30][ 10/154]	L_Src_Sup 8.3340e-02 (2.0312e-01)	L_Trg_Inj 2.9906e-01 (2.6304e-01)	Loss Disc 6.4587e-01 (6.4379e-01)	Loss Pred 5.8009e-01 (5.8498e-01)	Loss TOTAL 9.4127e-01 (9.5935e-01)
Epoch: [30][ 20/154]	L_Src_Sup 2.2722e-01 (2.0922e-01)	L_Trg_Inj 3.1501e-01 (2.8820e-01)	Loss Disc 6.4731e-01 (6.4349e-01)	Loss Pred 5.7653e-01 (5.8567e-01)	Loss TOTAL 9.5441e-01 (9.6311e-01)
Epoch: [30][ 30/154]	L_Src_Sup 1.8947e-01 (2.0699e-01)	L_Trg_Inj 3.1315e-01 (2.8710e-01)	Loss Disc 6.4436e-01 (6.4350e-01)	Loss Pred 5.8342e-01 (5.8565e-01)	Loss TOTAL 9.5587e-01 (9.6078e-01)
Epoch: [30][ 40/154]	L_Src_Sup 1.7778e-01 (2.0241e-01)	L_Trg_Inj 2.2432e-01 (2.8728e-01)	Loss Disc 6.3709e-01 (6.4372e-01)	Loss Pred 6.0128e-01 (5.8509e-01)	Loss TOTAL 9.6003e-01 (9.5894e-01)
Epoch: [30][ 50/154]	L_Src_Sup 3.2656e-01 (2.0598e-01)	L_Trg_Inj 3.6051e-01 (2.9794e-01)	Loss Disc 6.4875e-01 (6.4325e-01)	Loss Pred 5.7274e-01 (5.8618e-01)	Loss TOTAL 9.6582e-01 (9.6062e-01)
Epoch: [30][ 60/154]	L_Src_Sup 1.8192e-01 (2.0466e-01)	L_Trg_Inj 3.0312e-01 (2.9929e-01)	Loss Disc 6.3406e-01 (6.4219e-01)	Loss Pred 6.0801e-01 (5.8874e-01)	Loss TOTAL 9.7354e-01 (9.6265e-01)
Epoch: [30][ 70/154]	L_Src_Sup 1.1629e-01 (2.0164e-01)	L_Trg_Inj 2.3087e-01 (2.9759e-01)	Loss Disc 6.3115e-01 (6.4176e-01)	Loss Pred 6.1475e-01 (5.8974e-01)	Loss TOTAL 9.6504e-01 (9.6262e-01)
Epoch: [30][ 80/154]	L_Src_Sup 1.5219e-01 (2.0101e-01)	L_Trg_Inj 3.4971e-01 (2.9480e-01)	Loss Disc 6.3997e-01 (6.4201e-01)	Loss Pred 5.9397e-01 (5.8915e-01)	Loss TOTAL 9.6415e-01 (9.6196e-01)
Epoch: [30][ 90/154]	L_Src_Sup 2.6394e-01 (2.0310e-01)	L_Trg_Inj 2.4436e-01 (2.9283e-01)	Loss Disc 6.3850e-01 (6.4211e-01)	Loss Pred 5.9753e-01 (5.8892e-01)	Loss TOTAL 9.8719e-01 (9.6220e-01)
Epoch: [30][100/154]	L_Src_Sup 2.1507e-01 (2.0065e-01)	L_Trg_Inj 2.5767e-01 (2.9190e-01)	Loss Disc 6.4149e-01 (6.4215e-01)	Loss Pred 5.9048e-01 (5.8883e-01)	Loss TOTAL 9.5850e-01 (9.6153e-01)
Epoch: [30][110/154]	L_Src_Sup 1.3335e-01 (1.9833e-01)	L_Trg_Inj 2.6912e-01 (2.9114e-01)	Loss Disc 6.3698e-01 (6.4196e-01)	Loss Pred 6.0102e-01 (5.8927e-01)	Loss TOTAL 9.5976e-01 (9.6135e-01)
Epoch: [30][120/154]	L_Src_Sup 2.5807e-01 (2.0074e-01)	L_Trg_Inj 2.9583e-01 (2.9123e-01)	Loss Disc 6.4140e-01 (6.4171e-01)	Loss Pred 5.9048e-01 (5.8987e-01)	Loss TOTAL 9.6658e-01 (9.6275e-01)
Epoch: [30][130/154]	L_Src_Sup 2.3438e-01 (2.0325e-01)	L_Trg_Inj 2.0562e-01 (2.8975e-01)	Loss Disc 6.4289e-01 (6.4157e-01)	Loss Pred 5.8710e-01 (5.9018e-01)	Loss TOTAL 9.8130e-01 (9.6385e-01)
Epoch: [30][140/154]	L_Src_Sup 2.0267e-01 (2.0366e-01)	L_Trg_Inj 2.7981e-01 (2.8988e-01)	Loss Disc 6.3554e-01 (6.4142e-01)	Loss Pred 6.0408e-01 (5.9053e-01)	Loss TOTAL 9.7010e-01 (9.6397e-01)
Epoch: [30][150/154]	L_Src_Sup 4.2164e-02 (2.0308e-01)	L_Trg_Inj 2.8719e-01 (2.9134e-01)	Loss Disc 6.4439e-01 (6.4147e-01)	Loss Pred 5.8371e-01 (5.9042e-01)	Loss TOTAL 9.3884e-01 (9.6394e-01)
Epoch: [30][154/154]	L_Src_Sup 1.7981e-01 (2.0331e-01)	L_Trg_Inj 3.3130e-01 (2.9216e-01)	Loss Disc 6.3552e-01 (6.4150e-01)	Loss Pred 6.0414e-01 (5.9035e-01)	Loss TOTAL 9.7301e-01 (9.6390e-01)
Epoch 30 complete. Saving model state...
Epoch: [31][ 10/154]	L_Src_Sup 2.6001e-01 (2.2513e-01)	L_Trg_Inj 1.9279e-01 (2.9099e-01)	Loss Disc 6.5174e-01 (6.4409e-01)	Loss Pred 5.6641e-01 (5.8440e-01)	Loss TOTAL 1.0048e+00 (9.6478e-01)
Epoch: [31][ 20/154]	L_Src_Sup 1.1237e-01 (2.2867e-01)	L_Trg_Inj 3.2469e-01 (2.8837e-01)	Loss Disc 6.3549e-01 (6.4121e-01)	Loss Pred 6.0418e-01 (5.9106e-01)	Loss TOTAL 9.6562e-01 (9.7143e-01)
Epoch: [31][ 30/154]	L_Src_Sup 1.1495e-01 (2.1461e-01)	L_Trg_Inj 2.5777e-01 (2.9065e-01)	Loss Disc 6.3259e-01 (6.4019e-01)	Loss Pred 6.1073e-01 (5.9337e-01)	Loss TOTAL 9.6430e-01 (9.6947e-01)
Epoch: [31][ 40/154]	L_Src_Sup 2.7625e-01 (2.2359e-01)	L_Trg_Inj 2.6681e-01 (2.8600e-01)	Loss Disc 6.3257e-01 (6.4017e-01)	Loss Pred 6.1074e-01 (5.9342e-01)	Loss TOTAL 9.9078e-01 (9.7657e-01)
Epoch: [31][ 50/154]	L_Src_Sup 2.6927e-01 (2.2355e-01)	L_Trg_Inj 3.0027e-01 (2.8514e-01)	Loss Disc 6.5764e-01 (6.4062e-01)	Loss Pred 5.5375e-01 (5.9238e-01)	Loss TOTAL 9.3953e-01 (9.7324e-01)
Epoch: [31][ 60/154]	L_Src_Sup 1.0990e-01 (2.2154e-01)	L_Trg_Inj 2.7788e-01 (2.9236e-01)	Loss Disc 6.3857e-01 (6.4100e-01)	Loss Pred 5.9759e-01 (5.9152e-01)	Loss TOTAL 9.5565e-01 (9.7148e-01)
Epoch: [31][ 70/154]	L_Src_Sup 1.7428e-01 (2.1940e-01)	L_Trg_Inj 2.5617e-01 (2.8879e-01)	Loss Disc 6.4141e-01 (6.4109e-01)	Loss Pred 5.9061e-01 (5.9133e-01)	Loss TOTAL 9.5435e-01 (9.7045e-01)
Epoch: [31][ 80/154]	L_Src_Sup 2.9672e-01 (2.1817e-01)	L_Trg_Inj 3.3430e-01 (2.9118e-01)	Loss Disc 6.4434e-01 (6.4109e-01)	Loss Pred 5.8374e-01 (5.9140e-01)	Loss TOTAL 9.6902e-01 (9.7165e-01)
Epoch: [31][ 90/154]	L_Src_Sup 1.6013e-01 (2.1555e-01)	L_Trg_Inj 1.9835e-01 (2.9119e-01)	Loss Disc 6.5179e-01 (6.4131e-01)	Loss Pred 5.6658e-01 (5.9088e-01)	Loss TOTAL 9.2833e-01 (9.7001e-01)
Epoch: [31][100/154]	L_Src_Sup 1.7781e-01 (2.1166e-01)	L_Trg_Inj 2.1633e-01 (2.9108e-01)	Loss Disc 6.3703e-01 (6.4114e-01)	Loss Pred 6.0076e-01 (5.9126e-01)	Loss TOTAL 9.5869e-01 (9.6940e-01)
Epoch: [31][110/154]	L_Src_Sup 2.0834e-01 (2.1151e-01)	L_Trg_Inj 2.4838e-01 (2.9054e-01)	Loss Disc 6.4589e-01 (6.4141e-01)	Loss Pred 5.8015e-01 (5.9063e-01)	Loss TOTAL 9.4877e-01 (9.6851e-01)
Epoch: [31][120/154]	L_Src_Sup 2.4721e-01 (2.0879e-01)	L_Trg_Inj 2.6126e-01 (2.9209e-01)	Loss Disc 6.3564e-01 (6.4155e-01)	Loss Pred 6.0452e-01 (5.9030e-01)	Loss TOTAL 9.7319e-01 (9.6756e-01)
Epoch: [31][130/154]	L_Src_Sup 2.1989e-01 (2.0778e-01)	L_Trg_Inj 3.1555e-01 (2.9009e-01)	Loss Disc 6.3845e-01 (6.4131e-01)	Loss Pred 5.9740e-01 (5.9085e-01)	Loss TOTAL 9.7017e-01 (9.6768e-01)
Epoch: [31][140/154]	L_Src_Sup 8.8917e-02 (2.0593e-01)	L_Trg_Inj 3.1071e-01 (2.9023e-01)	Loss Disc 6.3702e-01 (6.4134e-01)	Loss Pred 6.0081e-01 (5.9078e-01)	Loss TOTAL 9.5928e-01 (9.6738e-01)
Epoch: [31][150/154]	L_Src_Sup 2.7381e-01 (2.0699e-01)	L_Trg_Inj 2.5496e-01 (2.8870e-01)	Loss Disc 6.4441e-01 (6.4147e-01)	Loss Pred 5.8361e-01 (5.9049e-01)	Loss TOTAL 9.7754e-01 (9.6793e-01)
Epoch: [31][154/154]	L_Src_Sup 1.8992e-01 (2.0788e-01)	L_Trg_Inj 3.1683e-01 (2.9131e-01)	Loss Disc 6.4442e-01 (6.4151e-01)	Loss Pred 5.8399e-01 (5.9039e-01)	Loss TOTAL 9.5687e-01 (9.6840e-01)
Epoch 31 complete. Saving model state...
Epoch: [32][ 10/154]	L_Src_Sup 1.6500e-01 (2.0326e-01)	L_Trg_Inj 3.6236e-01 (4.2393e-01)	Loss Disc 6.4732e-01 (6.4467e-01)	Loss Pred 5.7642e-01 (5.8291e-01)	Loss TOTAL 9.5282e-01 (9.6797e-01)
Epoch: [32][ 20/154]	L_Src_Sup 2.7588e-01 (2.0003e-01)	L_Trg_Inj 4.2316e-01 (3.7313e-01)	Loss Disc 6.3252e-01 (6.4075e-01)	Loss Pred 6.1124e-01 (5.9215e-01)	Loss TOTAL 9.9740e-01 (9.6984e-01)
Epoch: [32][ 30/154]	L_Src_Sup 8.9894e-02 (1.8678e-01)	L_Trg_Inj 3.2644e-01 (3.5253e-01)	Loss Disc 6.3555e-01 (6.4132e-01)	Loss Pred 6.0443e-01 (5.9083e-01)	Loss TOTAL 9.6384e-01 (9.6756e-01)
Epoch: [32][ 40/154]	L_Src_Sup 1.8751e-01 (1.8059e-01)	L_Trg_Inj 2.3804e-01 (3.3616e-01)	Loss Disc 6.4584e-01 (6.4120e-01)	Loss Pred 5.8017e-01 (5.9110e-01)	Loss TOTAL 9.4565e-01 (9.6638e-01)
Epoch: [32][ 50/154]	L_Src_Sup 2.2452e-01 (1.7731e-01)	L_Trg_Inj 3.4120e-01 (3.2737e-01)	Loss Disc 6.4879e-01 (6.4121e-01)	Loss Pred 5.7334e-01 (5.9105e-01)	Loss TOTAL 9.5431e-01 (9.6471e-01)
Epoch: [32][ 60/154]	L_Src_Sup 2.8264e-01 (1.7857e-01)	L_Trg_Inj 2.2934e-01 (3.2002e-01)	Loss Disc 6.3996e-01 (6.4076e-01)	Loss Pred 5.9468e-01 (5.9212e-01)	Loss TOTAL 1.0192e+00 (9.6611e-01)
Epoch: [32][ 70/154]	L_Src_Sup 2.3527e-01 (1.8218e-01)	L_Trg_Inj 4.1045e-01 (3.1275e-01)	Loss Disc 6.5469e-01 (6.4119e-01)	Loss Pred 5.5991e-01 (5.9114e-01)	Loss TOTAL 9.5182e-01 (9.6445e-01)
Epoch: [32][ 80/154]	L_Src_Sup 2.1283e-01 (1.8786e-01)	L_Trg_Inj 3.1360e-01 (3.0799e-01)	Loss Disc 6.4291e-01 (6.4131e-01)	Loss Pred 5.8706e-01 (5.9087e-01)	Loss TOTAL 9.6115e-01 (9.6509e-01)
Epoch: [32][ 90/154]	L_Src_Sup 1.8557e-01 (1.9223e-01)	L_Trg_Inj 3.2921e-01 (3.0952e-01)	Loss Disc 6.4727e-01 (6.4154e-01)	Loss Pred 5.7660e-01 (5.9033e-01)	Loss TOTAL 9.5171e-01 (9.6616e-01)
Epoch: [32][100/154]	L_Src_Sup 2.7661e-01 (1.9195e-01)	L_Trg_Inj 2.5671e-01 (3.0586e-01)	Loss Disc 6.4297e-01 (6.4173e-01)	Loss Pred 5.8701e-01 (5.8986e-01)	Loss TOTAL 9.8172e-01 (9.6511e-01)
Epoch: [32][110/154]	L_Src_Sup 2.3405e-01 (1.9197e-01)	L_Trg_Inj 3.2411e-01 (3.0624e-01)	Loss Disc 6.4291e-01 (6.4180e-01)	Loss Pred 5.8697e-01 (5.8970e-01)	Loss TOTAL 9.6424e-01 (9.6460e-01)
Epoch: [32][120/154]	L_Src_Sup 1.5911e-01 (1.9014e-01)	L_Trg_Inj 2.8304e-01 (3.0303e-01)	Loss Disc 6.3403e-01 (6.4143e-01)	Loss Pred 6.0788e-01 (5.9058e-01)	Loss TOTAL 9.6911e-01 (9.6447e-01)
Epoch: [32][130/154]	L_Src_Sup 2.0690e-01 (1.8872e-01)	L_Trg_Inj 2.3925e-01 (3.0033e-01)	Loss Disc 6.3260e-01 (6.4138e-01)	Loss Pred 6.1123e-01 (5.9069e-01)	Loss TOTAL 9.7214e-01 (9.6401e-01)
Epoch: [32][140/154]	L_Src_Sup 8.6022e-02 (1.8936e-01)	L_Trg_Inj 2.2136e-01 (3.0032e-01)	Loss Disc 6.4149e-01 (6.4139e-01)	Loss Pred 5.9048e-01 (5.9065e-01)	Loss TOTAL 9.4197e-01 (9.6378e-01)
Epoch: [32][150/154]	L_Src_Sup 1.6864e-01 (1.8945e-01)	L_Trg_Inj 2.8171e-01 (2.9826e-01)	Loss Disc 6.4441e-01 (6.4165e-01)	Loss Pred 5.8358e-01 (5.9004e-01)	Loss TOTAL 9.5082e-01 (9.6289e-01)
Epoch: [32][154/154]	L_Src_Sup 1.1236e-01 (1.8807e-01)	L_Trg_Inj 2.5242e-01 (2.9823e-01)	Loss Disc 6.3563e-01 (6.4159e-01)	Loss Pred 6.0455e-01 (5.9019e-01)	Loss TOTAL 9.5884e-01 (9.6278e-01)
Epoch 32 complete. Saving model state...
Epoch: [33][ 10/154]	L_Src_Sup 1.3322e-01 (2.1554e-01)	L_Trg_Inj 2.6201e-01 (2.6801e-01)	Loss Disc 6.3999e-01 (6.3876e-01)	Loss Pred 5.9602e-01 (5.9702e-01)	Loss TOTAL 9.5553e-01 (9.8735e-01)
Epoch: [33][ 20/154]	L_Src_Sup 2.3535e-01 (2.2067e-01)	L_Trg_Inj 3.0630e-01 (2.7826e-01)	Loss Disc 6.5468e-01 (6.4031e-01)	Loss Pred 5.5956e-01 (5.9369e-01)	Loss TOTAL 9.4106e-01 (9.7860e-01)
Epoch: [33][ 30/154]	L_Src_Sup 1.7583e-01 (2.1584e-01)	L_Trg_Inj 2.6338e-01 (2.8362e-01)	Loss Disc 6.3852e-01 (6.4059e-01)	Loss Pred 5.9740e-01 (5.9285e-01)	Loss TOTAL 9.6058e-01 (9.7320e-01)
Epoch: [33][ 40/154]	L_Src_Sup 2.1277e-01 (2.1750e-01)	L_Trg_Inj 3.1342e-01 (2.8868e-01)	Loss Disc 6.4290e-01 (6.4091e-01)	Loss Pred 5.8702e-01 (5.9201e-01)	Loss TOTAL 9.6108e-01 (9.7356e-01)
Epoch: [33][ 50/154]	L_Src_Sup 1.9048e-01 (2.0840e-01)	L_Trg_Inj 4.1263e-01 (2.8812e-01)	Loss Disc 6.2812e-01 (6.4072e-01)	Loss Pred 6.2157e-01 (5.9240e-01)	Loss TOTAL 9.9593e-01 (9.7148e-01)
Epoch: [33][ 60/154]	L_Src_Sup 1.4437e-01 (2.1153e-01)	L_Trg_Inj 3.2804e-01 (2.9386e-01)	Loss Disc 6.4735e-01 (6.4089e-01)	Loss Pred 5.7689e-01 (5.9198e-01)	Loss TOTAL 9.4780e-01 (9.7156e-01)
Epoch: [33][ 70/154]	L_Src_Sup 1.8825e-01 (2.0408e-01)	L_Trg_Inj 3.3793e-01 (2.9868e-01)	Loss Disc 6.2957e-01 (6.4060e-01)	Loss Pred 6.1789e-01 (5.9261e-01)	Loss TOTAL 9.8529e-01 (9.7056e-01)
Epoch: [33][ 80/154]	L_Src_Sup 2.2450e-01 (2.0123e-01)	L_Trg_Inj 3.7925e-01 (2.9830e-01)	Loss Disc 6.4875e-01 (6.4093e-01)	Loss Pred 5.7342e-01 (5.9183e-01)	Loss TOTAL 9.5817e-01 (9.6870e-01)
Epoch: [33][ 90/154]	L_Src_Sup 3.0233e-01 (2.0331e-01)	L_Trg_Inj 2.7059e-01 (2.9767e-01)	Loss Disc 6.3117e-01 (6.4087e-01)	Loss Pred 6.1445e-01 (5.9195e-01)	Loss TOTAL 1.0191e+00 (9.6916e-01)
Epoch: [33][100/154]	L_Src_Sup 2.5263e-01 (2.0228e-01)	L_Trg_Inj 2.5603e-01 (2.9828e-01)	Loss Disc 6.4440e-01 (6.4110e-01)	Loss Pred 5.8362e-01 (5.9140e-01)	Loss TOTAL 9.5668e-01 (9.6802e-01)
Epoch: [33][110/154]	L_Src_Sup 2.2001e-01 (2.0079e-01)	L_Trg_Inj 2.3977e-01 (2.9708e-01)	Loss Disc 6.5176e-01 (6.4167e-01)	Loss Pred 5.6588e-01 (5.9006e-01)	Loss TOTAL 9.3774e-01 (9.6636e-01)
Epoch: [33][120/154]	L_Src_Sup 2.1739e-01 (1.9930e-01)	L_Trg_Inj 3.4952e-01 (2.9748e-01)	Loss Disc 6.3992e-01 (6.4199e-01)	Loss Pred 5.9412e-01 (5.8926e-01)	Loss TOTAL 9.7077e-01 (9.6514e-01)
Epoch: [33][130/154]	L_Src_Sup 1.6499e-01 (2.0029e-01)	L_Trg_Inj 2.0840e-01 (2.9505e-01)	Loss Disc 6.4738e-01 (6.4220e-01)	Loss Pred 5.7600e-01 (5.8875e-01)	Loss TOTAL 9.3703e-01 (9.6523e-01)
Epoch: [33][140/154]	L_Src_Sup 2.5642e-01 (2.0627e-01)	L_Trg_Inj 3.0338e-01 (2.9455e-01)	Loss Disc 6.4579e-01 (6.4199e-01)	Loss Pred 5.8791e-01 (5.8957e-01)	Loss TOTAL 9.6679e-01 (9.6960e-01)
Epoch: [33][150/154]	L_Src_Sup 2.3602e-01 (2.0774e-01)	L_Trg_Inj 2.6757e-01 (2.9321e-01)	Loss Disc 6.2963e-01 (6.4172e-01)	Loss Pred 6.2079e-01 (5.9049e-01)	Loss TOTAL 9.8597e-01 (9.7158e-01)
Epoch: [33][154/154]	L_Src_Sup 1.5934e-01 (2.0783e-01)	L_Trg_Inj 3.2762e-01 (2.9442e-01)	Loss Disc 6.3401e-01 (6.4159e-01)	Loss Pred 6.0862e-01 (5.9082e-01)	Loss TOTAL 9.7432e-01 (9.7170e-01)
Epoch 33 complete. Saving model state...
Epoch: [34][ 10/154]	L_Src_Sup 1.2918e-01 (1.7209e-01)	L_Trg_Inj 3.1711e-01 (3.0084e-01)	Loss Disc 6.4140e-01 (6.3995e-01)	Loss Pred 5.9061e-01 (5.9427e-01)	Loss TOTAL 9.5594e-01 (9.6154e-01)
Epoch: [34][ 20/154]	L_Src_Sup 1.9422e-01 (1.9146e-01)	L_Trg_Inj 3.4058e-01 (3.0305e-01)	Loss Disc 6.3994e-01 (6.4016e-01)	Loss Pred 5.9408e-01 (5.9367e-01)	Loss TOTAL 9.6753e-01 (9.6488e-01)
Epoch: [34][ 30/154]	L_Src_Sup 1.8952e-01 (1.9355e-01)	L_Trg_Inj 3.0339e-01 (3.1301e-01)	Loss Disc 6.4439e-01 (6.4107e-01)	Loss Pred 5.8371e-01 (5.9162e-01)	Loss TOTAL 9.5520e-01 (9.6393e-01)
Epoch: [34][ 40/154]	L_Src_Sup 2.4456e-01 (1.9373e-01)	L_Trg_Inj 3.1498e-01 (3.1474e-01)	Loss Disc 6.3697e-01 (6.4127e-01)	Loss Pred 6.0107e-01 (5.9110e-01)	Loss TOTAL 9.7551e-01 (9.6353e-01)
Epoch: [34][ 50/154]	L_Src_Sup 1.7208e-01 (1.9884e-01)	L_Trg_Inj 3.0963e-01 (3.1500e-01)	Loss Disc 6.4143e-01 (6.4103e-01)	Loss Pred 5.9056e-01 (5.9162e-01)	Loss TOTAL 9.5944e-01 (9.6427e-01)
Epoch: [34][ 60/154]	L_Src_Sup 2.6232e-01 (1.9585e-01)	L_Trg_Inj 2.5377e-01 (3.1076e-01)	Loss Disc 6.3851e-01 (6.4142e-01)	Loss Pred 5.9744e-01 (5.9070e-01)	Loss TOTAL 9.7685e-01 (9.6337e-01)
Epoch: [34][ 70/154]	L_Src_Sup 1.2502e-01 (1.9173e-01)	L_Trg_Inj 2.3652e-01 (3.1099e-01)	Loss Disc 6.4593e-01 (6.4165e-01)	Loss Pred 5.8014e-01 (5.9015e-01)	Loss TOTAL 9.3926e-01 (9.6235e-01)
Epoch: [34][ 80/154]	L_Src_Sup 1.6329e-01 (1.9237e-01)	L_Trg_Inj 3.3392e-01 (3.1261e-01)	Loss Disc 6.4864e-01 (6.4202e-01)	Loss Pred 5.7297e-01 (5.8924e-01)	Loss TOTAL 9.4701e-01 (9.6172e-01)
Epoch: [34][ 90/154]	L_Src_Sup 3.1262e-01 (1.9032e-01)	L_Trg_Inj 2.5489e-01 (3.0689e-01)	Loss Disc 6.4586e-01 (6.4231e-01)	Loss Pred 5.7985e-01 (5.8856e-01)	Loss TOTAL 1.0173e+00 (9.6094e-01)
Epoch: [34][100/154]	L_Src_Sup 1.4894e-01 (1.9051e-01)	L_Trg_Inj 2.6256e-01 (3.0218e-01)	Loss Disc 6.4286e-01 (6.4198e-01)	Loss Pred 5.8699e-01 (5.8933e-01)	Loss TOTAL 9.4957e-01 (9.6123e-01)
Epoch: [34][110/154]	L_Src_Sup 1.8751e-01 (1.9098e-01)	L_Trg_Inj 2.1736e-01 (3.0172e-01)	Loss Disc 6.4589e-01 (6.4221e-01)	Loss Pred 5.7985e-01 (5.8876e-01)	Loss TOTAL 9.4328e-01 (9.6063e-01)
Epoch: [34][120/154]	L_Src_Sup 2.6271e-01 (1.9370e-01)	L_Trg_Inj 3.1539e-01 (3.0025e-01)	Loss Disc 6.5020e-01 (6.4210e-01)	Loss Pred 5.6956e-01 (5.8904e-01)	Loss TOTAL 9.5247e-01 (9.6179e-01)
Epoch: [34][130/154]	L_Src_Sup 2.1742e-01 (1.9459e-01)	L_Trg_Inj 2.1329e-01 (2.9798e-01)	Loss Disc 6.3998e-01 (6.4202e-01)	Loss Pred 5.9407e-01 (5.8922e-01)	Loss TOTAL 9.6126e-01 (9.6207e-01)
Epoch: [34][140/154]	L_Src_Sup 2.1740e-01 (1.9574e-01)	L_Trg_Inj 3.6977e-01 (2.9796e-01)	Loss Disc 6.3990e-01 (6.4157e-01)	Loss Pred 5.9396e-01 (5.9028e-01)	Loss TOTAL 9.7263e-01 (9.6288e-01)
Epoch: [34][150/154]	L_Src_Sup 2.3659e-01 (1.9586e-01)	L_Trg_Inj 2.2354e-01 (2.9747e-01)	Loss Disc 6.4148e-01 (6.4160e-01)	Loss Pred 5.9050e-01 (5.9021e-01)	Loss TOTAL 9.7030e-01 (9.6271e-01)
Epoch: [34][154/154]	L_Src_Sup 2.5533e-01 (1.9621e-01)	L_Trg_Inj 2.9835e-01 (2.9691e-01)	Loss Disc 6.4286e-01 (6.4152e-01)	Loss Pred 5.8710e-01 (5.9040e-01)	Loss TOTAL 9.6390e-01 (9.6290e-01)
Epoch 34 complete. Saving model state...
Epoch: [35][ 10/154]	L_Src_Sup 1.1112e-01 (2.1476e-01)	L_Trg_Inj 2.6586e-01 (2.9673e-01)	Loss Disc 6.3709e-01 (6.4661e-01)	Loss Pred 6.0104e-01 (5.7848e-01)	Loss TOTAL 9.5728e-01 (9.5693e-01)
Epoch: [35][ 20/154]	L_Src_Sup 1.3593e-01 (2.0104e-01)	L_Trg_Inj 3.6366e-01 (3.0052e-01)	Loss Disc 6.5610e-01 (6.4364e-01)	Loss Pred 5.5573e-01 (5.8539e-01)	Loss TOTAL 9.3374e-01 (9.6298e-01)
Epoch: [35][ 30/154]	L_Src_Sup 2.2681e-01 (2.0052e-01)	L_Trg_Inj 3.1686e-01 (3.0935e-01)	Loss Disc 6.4729e-01 (6.4340e-01)	Loss Pred 5.7654e-01 (5.8594e-01)	Loss TOTAL 9.5456e-01 (9.6294e-01)
Epoch: [35][ 40/154]	L_Src_Sup 1.8949e-01 (1.9646e-01)	L_Trg_Inj 3.3303e-01 (3.0703e-01)	Loss Disc 6.4430e-01 (6.4353e-01)	Loss Pred 5.8343e-01 (5.8560e-01)	Loss TOTAL 9.5783e-01 (9.6095e-01)
Epoch: [35][ 50/154]	L_Src_Sup 1.5386e-01 (1.9319e-01)	L_Trg_Inj 2.3830e-01 (3.0327e-01)	Loss Disc 6.3856e-01 (6.4320e-01)	Loss Pred 5.9763e-01 (5.8638e-01)	Loss TOTAL 9.5613e-01 (9.6021e-01)
Epoch: [35][ 60/154]	L_Src_Sup 1.3795e-01 (1.9632e-01)	L_Trg_Inj 2.7340e-01 (3.0077e-01)	Loss Disc 6.3258e-01 (6.4259e-01)	Loss Pred 6.1167e-01 (5.8783e-01)	Loss TOTAL 9.6910e-01 (9.6133e-01)
Epoch: [35][ 70/154]	L_Src_Sup 2.1979e-01 (1.9967e-01)	L_Trg_Inj 1.9773e-01 (2.9752e-01)	Loss Disc 6.3854e-01 (6.4221e-01)	Loss Pred 5.9746e-01 (5.8872e-01)	Loss TOTAL 9.8055e-01 (9.6217e-01)
Epoch: [35][ 80/154]	L_Src_Sup 1.6327e-01 (2.0330e-01)	L_Trg_Inj 2.9242e-01 (2.9715e-01)	Loss Disc 6.4882e-01 (6.4213e-01)	Loss Pred 5.7319e-01 (5.8890e-01)	Loss TOTAL 9.4317e-01 (9.6247e-01)
Epoch: [35][ 90/154]	L_Src_Sup 2.1994e-01 (2.0257e-01)	L_Trg_Inj 2.6984e-01 (2.9573e-01)	Loss Disc 6.4435e-01 (6.4166e-01)	Loss Pred 5.8365e-01 (5.9000e-01)	Loss TOTAL 9.5481e-01 (9.6370e-01)
Epoch: [35][100/154]	L_Src_Sup 1.5056e-01 (2.0314e-01)	L_Trg_Inj 2.9472e-01 (3.0001e-01)	Loss Disc 6.4140e-01 (6.4137e-01)	Loss Pred 5.9051e-01 (5.9067e-01)	Loss TOTAL 9.5574e-01 (9.6444e-01)
Epoch: [35][110/154]	L_Src_Sup 1.8751e-01 (2.0385e-01)	L_Trg_Inj 3.4092e-01 (3.0121e-01)	Loss Disc 6.4582e-01 (6.4155e-01)	Loss Pred 5.8029e-01 (5.9025e-01)	Loss TOTAL 9.5604e-01 (9.6496e-01)
Epoch: [35][120/154]	L_Src_Sup 8.5127e-02 (2.0137e-01)	L_Trg_Inj 2.7770e-01 (2.9914e-01)	Loss Disc 6.4288e-01 (6.4142e-01)	Loss Pred 5.8712e-01 (5.9056e-01)	Loss TOTAL 9.4484e-01 (9.6445e-01)
Epoch: [35][130/154]	L_Src_Sup 2.2919e-01 (2.0182e-01)	L_Trg_Inj 2.2413e-01 (2.9837e-01)	Loss Disc 6.4587e-01 (6.4136e-01)	Loss Pred 5.8043e-01 (5.9069e-01)	Loss TOTAL 9.5376e-01 (9.6508e-01)
Epoch: [35][140/154]	L_Src_Sup 3.0108e-01 (2.0338e-01)	L_Trg_Inj 3.0427e-01 (2.9652e-01)	Loss Disc 6.4151e-01 (6.4191e-01)	Loss Pred 5.9050e-01 (5.8940e-01)	Loss TOTAL 9.7179e-01 (9.6380e-01)
Epoch: [35][150/154]	L_Src_Sup 2.3531e-01 (2.0363e-01)	L_Trg_Inj 2.9473e-01 (2.9775e-01)	Loss Disc 6.2959e-01 (6.4161e-01)	Loss Pred 6.1830e-01 (5.9013e-01)	Loss TOTAL 9.8610e-01 (9.6429e-01)
Epoch: [35][154/154]	L_Src_Sup 2.2919e-01 (2.0486e-01)	L_Trg_Inj 3.1630e-01 (2.9732e-01)	Loss Disc 6.4582e-01 (6.4155e-01)	Loss Pred 5.8022e-01 (5.9025e-01)	Loss TOTAL 9.5768e-01 (9.6452e-01)
Epoch 35 complete. Saving model state...
Epoch: [36][ 10/154]	L_Src_Sup 1.5567e-01 (1.9932e-01)	L_Trg_Inj 3.2416e-01 (2.7119e-01)	Loss Disc 6.3702e-01 (6.3936e-01)	Loss Pred 6.0072e-01 (5.9531e-01)	Loss TOTAL 9.6721e-01 (9.7888e-01)
Epoch: [36][ 20/154]	L_Src_Sup 2.7660e-01 (1.8576e-01)	L_Trg_Inj 3.4702e-01 (2.7968e-01)	Loss Disc 6.4286e-01 (6.4166e-01)	Loss Pred 5.8704e-01 (5.9001e-01)	Loss TOTAL 9.7083e-01 (9.6580e-01)
Epoch: [36][ 30/154]	L_Src_Sup 2.9789e-01 (1.9948e-01)	L_Trg_Inj 2.5046e-01 (2.8812e-01)	Loss Disc 6.4295e-01 (6.4193e-01)	Loss Pred 5.8704e-01 (5.8937e-01)	Loss TOTAL 1.0108e+00 (9.6679e-01)
Epoch: [36][ 40/154]	L_Src_Sup 1.7392e-01 (2.0049e-01)	L_Trg_Inj 2.5110e-01 (2.8703e-01)	Loss Disc 6.3996e-01 (6.4118e-01)	Loss Pred 5.9392e-01 (5.9112e-01)	Loss TOTAL 9.5640e-01 (9.6802e-01)
Epoch: [36][ 50/154]	L_Src_Sup 1.3489e-01 (2.0029e-01)	L_Trg_Inj 3.2207e-01 (2.8771e-01)	Loss Disc 6.3553e-01 (6.4117e-01)	Loss Pred 6.0440e-01 (5.9115e-01)	Loss TOTAL 9.6786e-01 (9.6826e-01)
Epoch: [36][ 60/154]	L_Src_Sup 1.6685e-01 (2.0381e-01)	L_Trg_Inj 3.1939e-01 (2.9146e-01)	Loss Disc 6.4579e-01 (6.4161e-01)	Loss Pred 5.8017e-01 (5.9014e-01)	Loss TOTAL 9.5169e-01 (9.6758e-01)
Epoch: [36][ 70/154]	L_Src_Sup 1.9797e-01 (2.0222e-01)	L_Trg_Inj 3.1854e-01 (2.9097e-01)	Loss Disc 6.3845e-01 (6.4173e-01)	Loss Pred 5.9751e-01 (5.8985e-01)	Loss TOTAL 9.6838e-01 (9.6632e-01)
Epoch: [36][ 80/154]	L_Src_Sup 2.0221e-01 (2.0145e-01)	L_Trg_Inj 2.0308e-01 (2.8581e-01)	Loss Disc 6.3557e-01 (6.4125e-01)	Loss Pred 6.0441e-01 (5.9099e-01)	Loss TOTAL 9.6273e-01 (9.6592e-01)
Epoch: [36][ 90/154]	L_Src_Sup 1.2634e-01 (2.0258e-01)	L_Trg_Inj 3.8970e-01 (2.8462e-01)	Loss Disc 6.4435e-01 (6.4102e-01)	Loss Pred 5.8384e-01 (5.9151e-01)	Loss TOTAL 9.5762e-01 (9.6657e-01)
Epoch: [36][100/154]	L_Src_Sup 2.4759e-01 (2.0313e-01)	L_Trg_Inj 2.9786e-01 (2.8379e-01)	Loss Disc 6.4734e-01 (6.4108e-01)	Loss Pred 5.7703e-01 (5.9138e-01)	Loss TOTAL 9.5525e-01 (9.6649e-01)
Epoch: [36][110/154]	L_Src_Sup 1.8371e-01 (2.0366e-01)	L_Trg_Inj 3.1254e-01 (2.8293e-01)	Loss Disc 6.4876e-01 (6.4124e-01)	Loss Pred 5.7348e-01 (5.9103e-01)	Loss TOTAL 9.4749e-01 (9.6619e-01)
Epoch: [36][120/154]	L_Src_Sup 2.2690e-01 (2.0160e-01)	L_Trg_Inj 2.6696e-01 (2.8480e-01)	Loss Disc 6.4737e-01 (6.4160e-01)	Loss Pred 5.7656e-01 (5.9018e-01)	Loss TOTAL 9.4963e-01 (9.6501e-01)
Epoch: [36][130/154]	L_Src_Sup 2.2071e-01 (1.9916e-01)	L_Trg_Inj 2.4889e-01 (2.8337e-01)	Loss Disc 6.5031e-01 (6.4192e-01)	Loss Pred 5.6926e-01 (5.8942e-01)	Loss TOTAL 9.4138e-01 (9.6361e-01)
Epoch: [36][140/154]	L_Src_Sup 2.9029e-01 (2.0013e-01)	L_Trg_Inj 2.1173e-01 (2.8383e-01)	Loss Disc 6.3705e-01 (6.4170e-01)	Loss Pred 6.0114e-01 (5.8994e-01)	Loss TOTAL 1.0484e+00 (9.6486e-01)
Epoch: [36][150/154]	L_Src_Sup 2.1059e-01 (1.9917e-01)	L_Trg_Inj 2.6674e-01 (2.8493e-01)	Loss Disc 6.4443e-01 (6.4171e-01)	Loss Pred 5.8362e-01 (5.8993e-01)	Loss TOTAL 9.5357e-01 (9.6486e-01)
Epoch: [36][154/154]	L_Src_Sup 1.3794e-01 (1.9806e-01)	L_Trg_Inj 2.3253e-01 (2.8448e-01)	Loss Disc 6.3262e-01 (6.4155e-01)	Loss Pred 6.1147e-01 (5.9031e-01)	Loss TOTAL 9.6482e-01 (9.6486e-01)
Epoch 36 complete. Saving model state...
Epoch: [37][ 10/154]	L_Src_Sup 1.0205e-01 (1.8619e-01)	L_Trg_Inj 3.2291e-01 (2.9294e-01)	Loss Disc 6.4879e-01 (6.4083e-01)	Loss Pred 5.7330e-01 (5.9189e-01)	Loss TOTAL 9.4019e-01 (9.6022e-01)
Epoch: [37][ 20/154]	L_Src_Sup 1.7819e-01 (2.0797e-01)	L_Trg_Inj 3.0703e-01 (2.9600e-01)	Loss Disc 6.3697e-01 (6.4166e-01)	Loss Pred 6.0105e-01 (5.9003e-01)	Loss TOTAL 9.6806e-01 (9.6707e-01)
Epoch: [37][ 30/154]	L_Src_Sup 2.2230e-01 (2.0859e-01)	L_Trg_Inj 3.5253e-01 (3.0342e-01)	Loss Disc 6.3701e-01 (6.4213e-01)	Loss Pred 6.0098e-01 (5.8892e-01)	Loss TOTAL 9.7697e-01 (9.6506e-01)
Epoch: [37][ 40/154]	L_Src_Sup 2.5818e-01 (2.0722e-01)	L_Trg_Inj 2.0233e-01 (2.9939e-01)	Loss Disc 6.4161e-01 (6.4277e-01)	Loss Pred 5.9053e-01 (5.8738e-01)	Loss TOTAL 1.0132e+00 (9.6425e-01)
Epoch: [37][ 50/154]	L_Src_Sup 1.9052e-01 (2.0859e-01)	L_Trg_Inj 3.1515e-01 (2.9989e-01)	Loss Disc 6.2815e-01 (6.4168e-01)	Loss Pred 6.2201e-01 (5.8999e-01)	Loss TOTAL 9.8665e-01 (9.6563e-01)
Epoch: [37][ 60/154]	L_Src_Sup 2.7663e-01 (1.9958e-01)	L_Trg_Inj 3.3057e-01 (2.9579e-01)	Loss Disc 6.4293e-01 (6.4186e-01)	Loss Pred 5.8701e-01 (5.8956e-01)	Loss TOTAL 9.6920e-01 (9.6332e-01)
Epoch: [37][ 70/154]	L_Src_Sup 2.2991e-01 (1.9713e-01)	L_Trg_Inj 3.1382e-01 (2.9365e-01)	Loss Disc 6.3265e-01 (6.4191e-01)	Loss Pred 6.1155e-01 (5.8946e-01)	Loss TOTAL 9.8225e-01 (9.6263e-01)
Epoch: [37][ 80/154]	L_Src_Sup 2.2001e-01 (2.0227e-01)	L_Trg_Inj 3.5141e-01 (2.9693e-01)	Loss Disc 6.5169e-01 (6.4198e-01)	Loss Pred 5.6606e-01 (5.8929e-01)	Loss TOTAL 9.4904e-01 (9.6432e-01)
Epoch: [37][ 90/154]	L_Src_Sup 2.4720e-01 (2.0162e-01)	L_Trg_Inj 2.7216e-01 (2.9829e-01)	Loss Disc 6.3557e-01 (6.4199e-01)	Loss Pred 6.0460e-01 (5.8927e-01)	Loss TOTAL 9.7432e-01 (9.6402e-01)
Epoch: [37][100/154]	L_Src_Sup 1.0873e-01 (2.0036e-01)	L_Trg_Inj 2.2208e-01 (2.9283e-01)	Loss Disc 6.3997e-01 (6.4174e-01)	Loss Pred 5.9399e-01 (5.8985e-01)	Loss TOTAL 9.4705e-01 (9.6385e-01)
Epoch: [37][110/154]	L_Src_Sup 2.0840e-01 (1.9992e-01)	L_Trg_Inj 2.9562e-01 (2.9079e-01)	Loss Disc 6.4584e-01 (6.4171e-01)	Loss Pred 5.8005e-01 (5.8991e-01)	Loss TOTAL 9.5338e-01 (9.6330e-01)
Epoch: [37][120/154]	L_Src_Sup 2.6820e-01 (2.0135e-01)	L_Trg_Inj 3.1794e-01 (2.8949e-01)	Loss Disc 6.4733e-01 (6.4178e-01)	Loss Pred 5.7658e-01 (5.8976e-01)	Loss TOTAL 9.5886e-01 (9.6328e-01)
Epoch: [37][130/154]	L_Src_Sup 1.6444e-01 (2.0038e-01)	L_Trg_Inj 2.6019e-01 (2.8866e-01)	Loss Disc 6.4292e-01 (6.4201e-01)	Loss Pred 5.8696e-01 (5.8920e-01)	Loss TOTAL 9.5088e-01 (9.6260e-01)
Epoch: [37][140/154]	L_Src_Sup 1.0003e-01 (2.0250e-01)	L_Trg_Inj 2.5193e-01 (2.8900e-01)	Loss Disc 6.5325e-01 (6.4190e-01)	Loss Pred 5.6251e-01 (5.8948e-01)	Loss TOTAL 9.2433e-01 (9.6446e-01)
Epoch: [37][150/154]	L_Src_Sup 2.1059e-01 (2.0168e-01)	L_Trg_Inj 3.4379e-01 (2.8757e-01)	Loss Disc 6.4288e-01 (6.4170e-01)	Loss Pred 5.8701e-01 (5.8995e-01)	Loss TOTAL 9.6389e-01 (9.6438e-01)
Epoch: [37][154/154]	L_Src_Sup 3.4043e-01 (2.0418e-01)	L_Trg_Inj 2.4234e-01 (2.8809e-01)	Loss Disc 6.4294e-01 (6.4166e-01)	Loss Pred 5.8703e-01 (5.9005e-01)	Loss TOTAL 1.0649e+00 (9.6528e-01)
Epoch 37 complete. Saving model state...
Epoch: [38][ 10/154]	L_Src_Sup 1.3044e-01 (1.8674e-01)	L_Trg_Inj 2.8533e-01 (3.0189e-01)	Loss Disc 6.3995e-01 (6.3952e-01)	Loss Pred 5.9391e-01 (5.9498e-01)	Loss TOTAL 9.5546e-01 (9.6360e-01)
Epoch: [38][ 20/154]	L_Src_Sup 1.3335e-01 (1.8592e-01)	L_Trg_Inj 2.0751e-01 (3.0008e-01)	Loss Disc 6.3710e-01 (6.4122e-01)	Loss Pred 6.0084e-01 (5.9102e-01)	Loss TOTAL 9.5347e-01 (9.6023e-01)
Epoch: [38][ 30/154]	L_Src_Sup 1.8371e-01 (1.9759e-01)	L_Trg_Inj 2.1357e-01 (2.8924e-01)	Loss Disc 6.4883e-01 (6.4130e-01)	Loss Pred 5.7404e-01 (5.9090e-01)	Loss TOTAL 9.3818e-01 (9.6638e-01)
Epoch: [38][ 40/154]	L_Src_Sup 1.7584e-01 (1.9597e-01)	L_Trg_Inj 1.9838e-01 (2.8013e-01)	Loss Disc 6.3847e-01 (6.4023e-01)	Loss Pred 5.9727e-01 (5.9339e-01)	Loss TOTAL 9.5393e-01 (9.6604e-01)
Epoch: [38][ 50/154]	L_Src_Sup 2.7164e-01 (1.9591e-01)	L_Trg_Inj 1.7747e-01 (2.8331e-01)	Loss Disc 6.2383e-01 (6.4015e-01)	Loss Pred 6.3097e-01 (5.9357e-01)	Loss TOTAL 1.0820e+00 (9.6944e-01)
Epoch: [38][ 60/154]	L_Src_Sup 1.2778e-01 (1.9928e-01)	L_Trg_Inj 2.9415e-01 (2.9004e-01)	Loss Disc 6.4301e-01 (6.4046e-01)	Loss Pred 5.8777e-01 (5.9288e-01)	Loss TOTAL 9.5147e-01 (9.6903e-01)
Epoch: [38][ 70/154]	L_Src_Sup 1.3605e-01 (2.0255e-01)	L_Trg_Inj 3.4424e-01 (2.8908e-01)	Loss Disc 6.3257e-01 (6.4100e-01)	Loss Pred 6.1116e-01 (5.9165e-01)	Loss TOTAL 9.7547e-01 (9.6868e-01)
Epoch: [38][ 80/154]	L_Src_Sup 1.5229e-01 (2.0003e-01)	L_Trg_Inj 3.0193e-01 (2.9332e-01)	Loss Disc 6.2086e-01 (6.4095e-01)	Loss Pred 6.3876e-01 (5.9177e-01)	Loss TOTAL 9.9461e-01 (9.6803e-01)
Epoch: [38][ 90/154]	L_Src_Sup 1.5056e-01 (1.9960e-01)	L_Trg_Inj 2.4236e-01 (2.9333e-01)	Loss Disc 6.4146e-01 (6.4104e-01)	Loss Pred 5.9052e-01 (5.9156e-01)	Loss TOTAL 9.5054e-01 (9.6742e-01)
Epoch: [38][100/154]	L_Src_Sup 2.6392e-01 (1.9954e-01)	L_Trg_Inj 3.0025e-01 (2.9067e-01)	Loss Disc 6.3850e-01 (6.4127e-01)	Loss Pred 5.9746e-01 (5.9101e-01)	Loss TOTAL 9.7313e-01 (9.6611e-01)
Epoch: [38][110/154]	L_Src_Sup 2.7663e-01 (1.9757e-01)	L_Trg_Inj 3.1739e-01 (2.8918e-01)	Loss Disc 6.4293e-01 (6.4152e-01)	Loss Pred 5.8725e-01 (5.9043e-01)	Loss TOTAL 9.6812e-01 (9.6481e-01)
Epoch: [38][120/154]	L_Src_Sup 2.0699e-01 (1.9705e-01)	L_Trg_Inj 3.3986e-01 (2.8894e-01)	Loss Disc 6.3262e-01 (6.4159e-01)	Loss Pred 6.1169e-01 (5.9027e-01)	Loss TOTAL 9.8269e-01 (9.6469e-01)
Epoch: [38][130/154]	L_Src_Sup 2.4739e-01 (1.9676e-01)	L_Trg_Inj 2.5369e-01 (2.9105e-01)	Loss Disc 6.2380e-01 (6.4160e-01)	Loss Pred 6.3310e-01 (5.9025e-01)	Loss TOTAL 9.9511e-01 (9.6458e-01)
Epoch: [38][140/154]	L_Src_Sup 2.8574e-01 (1.9591e-01)	L_Trg_Inj 2.9800e-01 (2.8979e-01)	Loss Disc 6.3851e-01 (6.4165e-01)	Loss Pred 5.9752e-01 (5.9011e-01)	Loss TOTAL 9.7515e-01 (9.6392e-01)
Epoch: [38][150/154]	L_Src_Sup 2.5533e-01 (1.9710e-01)	L_Trg_Inj 2.5723e-01 (2.8784e-01)	Loss Disc 6.4292e-01 (6.4167e-01)	Loss Pred 5.8697e-01 (5.9007e-01)	Loss TOTAL 9.5968e-01 (9.6352e-01)
Epoch: [38][154/154]	L_Src_Sup 1.5218e-01 (1.9616e-01)	L_Trg_Inj 3.0426e-01 (2.8703e-01)	Loss Disc 6.3995e-01 (6.4156e-01)	Loss Pred 5.9398e-01 (5.9033e-01)	Loss TOTAL 9.5960e-01 (9.6344e-01)
Epoch 38 complete. Saving model state...
Epoch: [39][ 10/154]	L_Src_Sup 1.8751e-01 (1.9064e-01)	L_Trg_Inj 2.5389e-01 (2.5115e-01)	Loss Disc 6.4590e-01 (6.4308e-01)	Loss Pred 5.8001e-01 (5.8667e-01)	Loss TOTAL 9.4709e-01 (9.5239e-01)
Epoch: [39][ 20/154]	L_Src_Sup 1.8036e-01 (1.7745e-01)	L_Trg_Inj 2.5269e-01 (2.6193e-01)	Loss Disc 6.5174e-01 (6.4233e-01)	Loss Pred 5.6613e-01 (5.8849e-01)	Loss TOTAL 9.3530e-01 (9.5360e-01)
Epoch: [39][ 30/154]	L_Src_Sup 2.1443e-01 (1.8145e-01)	L_Trg_Inj 3.7423e-01 (2.7545e-01)	Loss Disc 6.2819e-01 (6.4120e-01)	Loss Pred 6.2271e-01 (5.9118e-01)	Loss TOTAL 9.9567e-01 (9.5812e-01)
Epoch: [39][ 40/154]	L_Src_Sup 1.2303e-01 (1.8980e-01)	L_Trg_Inj 2.0645e-01 (2.7099e-01)	Loss Disc 6.4883e-01 (6.4138e-01)	Loss Pred 5.7332e-01 (5.9078e-01)	Loss TOTAL 9.3068e-01 (9.6338e-01)
Epoch: [39][ 50/154]	L_Src_Sup 2.3206e-01 (1.9299e-01)	L_Trg_Inj 2.2709e-01 (2.7363e-01)	Loss Disc 6.4439e-01 (6.4130e-01)	Loss Pred 5.8360e-01 (5.9096e-01)	Loss TOTAL 9.5667e-01 (9.6309e-01)
Epoch: [39][ 60/154]	L_Src_Sup 2.4747e-01 (1.9336e-01)	L_Trg_Inj 2.5209e-01 (2.7980e-01)	Loss Disc 6.4731e-01 (6.4144e-01)	Loss Pred 5.7673e-01 (5.9062e-01)	Loss TOTAL 9.5034e-01 (9.6302e-01)
Epoch: [39][ 70/154]	L_Src_Sup 1.4025e-01 (1.9359e-01)	L_Trg_Inj 3.1235e-01 (2.8226e-01)	Loss Disc 6.3401e-01 (6.4085e-01)	Loss Pred 6.0835e-01 (5.9199e-01)	Loss TOTAL 9.7061e-01 (9.6393e-01)
Epoch: [39][ 80/154]	L_Src_Sup 1.0887e-01 (1.9465e-01)	L_Trg_Inj 2.8512e-01 (2.8846e-01)	Loss Disc 6.3993e-01 (6.4091e-01)	Loss Pred 5.9392e-01 (5.9184e-01)	Loss TOTAL 9.5329e-01 (9.6404e-01)
Epoch: [39][ 90/154]	L_Src_Sup 1.4965e-01 (1.9633e-01)	L_Trg_Inj 9.0587e-02 (2.8372e-01)	Loss Disc 6.4591e-01 (6.4129e-01)	Loss Pred 5.8159e-01 (5.9099e-01)	Loss TOTAL 9.8764e-01 (9.6608e-01)
Epoch: [39][100/154]	L_Src_Sup 3.3066e-01 (2.2626e-01)	L_Trg_Inj 3.7056e-01 (2.9435e-01)	Loss Disc 6.3549e-01 (6.4139e-01)	Loss Pred 6.0469e-01 (5.9087e-01)	Loss TOTAL 9.9256e-01 (9.8139e-01)
Epoch: [39][110/154]	L_Src_Sup 3.1312e-01 (2.3077e-01)	L_Trg_Inj 1.4272e-01 (2.7681e-01)	Loss Disc 6.3843e-01 (6.4121e-01)	Loss Pred 5.9764e-01 (5.9136e-01)	Loss TOTAL 1.1328e+00 (9.9474e-01)
Epoch: [39][120/154]	L_Src_Sup 1.8302e-01 (2.3139e-01)	L_Trg_Inj 1.1011e-01 (2.6593e-01)	Loss Disc 6.3991e-01 (6.4104e-01)	Loss Pred 5.9404e-01 (5.9174e-01)	Loss TOTAL 1.0162e+00 (9.9976e-01)
Epoch: [39][130/154]	L_Src_Sup 5.7101e-01 (2.4765e-01)	L_Trg_Inj 4.1204e-01 (2.7110e-01)	Loss Disc 6.4584e-01 (6.4137e-01)	Loss Pred 5.8056e-01 (5.9101e-01)	Loss TOTAL 1.1608e+00 (1.0070e+00)
Epoch: [39][140/154]	L_Src_Sup 3.2571e-01 (2.6737e-01)	L_Trg_Inj 2.3713e-01 (2.8301e-01)	Loss Disc 6.3991e-01 (6.4143e-01)	Loss Pred 5.9487e-01 (5.9086e-01)	Loss TOTAL 1.0597e+00 (1.0140e+00)
Epoch: [39][150/154]	L_Src_Sup 3.6041e-01 (2.7200e-01)	L_Trg_Inj 2.0293e-01 (2.8468e-01)	Loss Disc 6.4139e-01 (6.4144e-01)	Loss Pred 5.9146e-01 (5.9085e-01)	Loss TOTAL 1.1260e+00 (1.0153e+00)
Epoch: [39][154/154]	L_Src_Sup 2.6004e-01 (2.6981e-01)	L_Trg_Inj 1.1328e-01 (2.7982e-01)	Loss Disc 6.5175e-01 (6.4153e-01)	Loss Pred 5.6932e-01 (5.9074e-01)	Loss TOTAL 1.0793e+00 (1.0157e+00)
Epoch 39 complete. Saving model state...
Epoch: [40][ 10/154]	L_Src_Sup 1.1487e-01 (2.2144e-01)	L_Trg_Inj 1.5065e-01 (1.3698e-01)	Loss Disc 6.3252e-01 (6.3992e-01)	Loss Pred 6.1175e-01 (5.9471e-01)	Loss TOTAL 9.5456e-01 (1.0439e+00)
Epoch: [40][ 20/154]	L_Src_Sup 1.4606e-01 (2.1698e-01)	L_Trg_Inj 9.4030e-02 (1.3989e-01)	Loss Disc 6.4582e-01 (6.4073e-01)	Loss Pred 5.8102e-01 (5.9306e-01)	Loss TOTAL 9.7998e-01 (1.0319e+00)
Epoch: [40][ 30/154]	L_Src_Sup 1.4717e-01 (2.2106e-01)	L_Trg_Inj 2.5763e-01 (1.7004e-01)	Loss Disc 6.4436e-01 (6.4115e-01)	Loss Pred 5.8519e-01 (5.9218e-01)	Loss TOTAL 9.4786e-01 (1.0164e+00)
Epoch: [40][ 40/154]	L_Src_Sup 2.8258e-01 (2.2459e-01)	L_Trg_Inj 3.3076e-01 (1.7936e-01)	Loss Disc 6.4434e-01 (6.4080e-01)	Loss Pred 5.8422e-01 (5.9310e-01)	Loss TOTAL 9.6772e-01 (1.0133e+00)
Epoch: [40][ 50/154]	L_Src_Sup 3.0593e-01 (2.4410e-01)	L_Trg_Inj 2.1762e-01 (2.0212e-01)	Loss Disc 6.2512e-01 (6.4092e-01)	Loss Pred 6.2913e-01 (5.9274e-01)	Loss TOTAL 1.0823e+00 (1.0164e+00)
Epoch: [40][ 60/154]	L_Src_Sup 2.8754e-01 (2.5208e-01)	L_Trg_Inj 1.6544e-01 (2.2784e-01)	Loss Disc 6.4289e-01 (6.4095e-01)	Loss Pred 5.8864e-01 (5.9267e-01)	Loss TOTAL 1.0775e+00 (1.0121e+00)
Epoch: [40][ 70/154]	L_Src_Sup 2.1092e-01 (2.5188e-01)	L_Trg_Inj 2.2181e-01 (2.3129e-01)	Loss Disc 6.2960e-01 (6.4097e-01)	Loss Pred 6.2085e-01 (5.9273e-01)	Loss TOTAL 9.7892e-01 (1.0094e+00)
Epoch: [40][ 80/154]	L_Src_Sup 1.8957e-01 (2.4752e-01)	L_Trg_Inj 1.4305e-01 (2.2950e-01)	Loss Disc 6.4436e-01 (6.4141e-01)	Loss Pred 5.8445e-01 (5.9182e-01)	Loss TOTAL 9.8642e-01 (1.0066e+00)
Epoch: [40][ 90/154]	L_Src_Sup 3.9059e-01 (2.4362e-01)	L_Trg_Inj 4.9622e-01 (2.3474e-01)	Loss Disc 6.2667e-01 (6.4189e-01)	Loss Pred 6.2786e-01 (5.9080e-01)	Loss TOTAL 1.0299e+00 (1.0025e+00)
Epoch: [40][100/154]	L_Src_Sup 3.0564e-01 (2.4266e-01)	L_Trg_Inj 2.0719e-01 (2.3644e-01)	Loss Disc 6.2959e-01 (6.4169e-01)	Loss Pred 6.1988e-01 (5.9123e-01)	Loss TOTAL 1.0844e+00 (1.0005e+00)
Epoch: [40][110/154]	L_Src_Sup 2.2223e-01 (2.4203e-01)	L_Trg_Inj 1.5679e-01 (2.3497e-01)	Loss Disc 6.3694e-01 (6.4133e-01)	Loss Pred 6.0136e-01 (5.9204e-01)	Loss TOTAL 1.0232e+00 (1.0022e+00)
Epoch: [40][120/154]	L_Src_Sup 1.0990e-01 (2.3791e-01)	L_Trg_Inj 2.4588e-01 (2.3659e-01)	Loss Disc 6.3988e-01 (6.4073e-01)	Loss Pred 5.9504e-01 (5.9333e-01)	Loss TOTAL 9.5056e-01 (9.9982e-01)
Epoch: [40][130/154]	L_Src_Sup 1.6993e-01 (2.3722e-01)	L_Trg_Inj 2.9814e-01 (2.3991e-01)	Loss Disc 6.5471e-01 (6.4103e-01)	Loss Pred 5.6109e-01 (5.9260e-01)	Loss TOTAL 9.3525e-01 (9.9833e-01)
Epoch: [40][140/154]	L_Src_Sup 2.9173e-01 (2.3736e-01)	L_Trg_Inj 3.7978e-01 (2.4511e-01)	Loss Disc 6.3698e-01 (6.4127e-01)	Loss Pred 6.0174e-01 (5.9203e-01)	Loss TOTAL 9.8738e-01 (9.9622e-01)
Epoch: [40][150/154]	L_Src_Sup 3.1957e-01 (2.3742e-01)	L_Trg_Inj 2.9291e-01 (2.5146e-01)	Loss Disc 6.4287e-01 (6.4140e-01)	Loss Pred 5.8819e-01 (5.9167e-01)	Loss TOTAL 9.9754e-01 (9.9439e-01)
Epoch: [40][154/154]	L_Src_Sup 1.0311e-01 (2.3605e-01)	L_Trg_Inj 3.4657e-01 (2.5334e-01)	Loss Disc 6.4733e-01 (6.4154e-01)	Loss Pred 5.7695e-01 (5.9133e-01)	Loss TOTAL 9.4559e-01 (9.9332e-01)
Epoch 40 complete. Saving model state...
Epoch: [41][ 10/154]	L_Src_Sup 2.4188e-01 (1.7065e-01)	L_Trg_Inj 2.9005e-01 (3.0502e-01)	Loss Disc 6.3400e-01 (6.3562e-01)	Loss Pred 6.0784e-01 (6.0434e-01)	Loss TOTAL 9.7803e-01 (9.7124e-01)
Epoch: [41][ 20/154]	L_Src_Sup 2.4964e-01 (2.0210e-01)	L_Trg_Inj 3.3614e-01 (3.0773e-01)	Loss Disc 6.5320e-01 (6.3947e-01)	Loss Pred 5.6365e-01 (5.9564e-01)	Loss TOTAL 9.4883e-01 (9.6948e-01)
Epoch: [41][ 30/154]	L_Src_Sup 1.3043e-01 (2.1014e-01)	L_Trg_Inj 2.3990e-01 (3.0662e-01)	Loss Disc 6.3993e-01 (6.4120e-01)	Loss Pred 5.9487e-01 (5.9157e-01)	Loss TOTAL 9.5187e-01 (9.7206e-01)
Epoch: [41][ 40/154]	L_Src_Sup 1.6669e-01 (2.0640e-01)	L_Trg_Inj 2.3954e-01 (3.0406e-01)	Loss Disc 6.4584e-01 (6.4195e-01)	Loss Pred 5.8027e-01 (5.8980e-01)	Loss TOTAL 9.4381e-01 (9.6967e-01)
Epoch: [41][ 50/154]	L_Src_Sup 1.6785e-01 (2.0550e-01)	L_Trg_Inj 2.5336e-01 (2.9601e-01)	Loss Disc 6.4434e-01 (6.4134e-01)	Loss Pred 5.8425e-01 (5.9120e-01)	Loss TOTAL 9.4854e-01 (9.7093e-01)
Epoch: [41][ 60/154]	L_Src_Sup 2.2068e-01 (2.0638e-01)	L_Trg_Inj 2.4993e-01 (2.9701e-01)	Loss Disc 6.3696e-01 (6.4137e-01)	Loss Pred 6.0107e-01 (5.9110e-01)	Loss TOTAL 9.6661e-01 (9.7192e-01)
Epoch: [41][ 70/154]	L_Src_Sup 2.5695e-01 (2.0640e-01)	L_Trg_Inj 2.3733e-01 (2.9338e-01)	Loss Disc 6.4582e-01 (6.4084e-01)	Loss Pred 5.8096e-01 (5.9229e-01)	Loss TOTAL 9.7292e-01 (9.7208e-01)
Epoch: [41][ 80/154]	L_Src_Sup 1.6713e-01 (2.0849e-01)	L_Trg_Inj 3.3881e-01 (2.9298e-01)	Loss Disc 6.4583e-01 (6.4089e-01)	Loss Pred 5.8101e-01 (5.9251e-01)	Loss TOTAL 9.5452e-01 (9.7568e-01)
Epoch: [41][ 90/154]	L_Src_Sup 2.7456e-01 (2.0981e-01)	L_Trg_Inj 2.7900e-01 (2.9526e-01)	Loss Disc 6.5470e-01 (6.4100e-01)	Loss Pred 5.6059e-01 (5.9222e-01)	Loss TOTAL 9.4329e-01 (9.7494e-01)
Epoch: [41][100/154]	L_Src_Sup 2.2224e-01 (2.0898e-01)	L_Trg_Inj 1.9388e-01 (2.9096e-01)	Loss Disc 6.5028e-01 (6.4141e-01)	Loss Pred 5.7022e-01 (5.9122e-01)	Loss TOTAL 9.6533e-01 (9.7471e-01)
Epoch: [41][110/154]	L_Src_Sup 2.2021e-01 (2.0824e-01)	L_Trg_Inj 3.2091e-01 (2.9790e-01)	Loss Disc 6.4732e-01 (6.4133e-01)	Loss Pred 5.7698e-01 (5.9137e-01)	Loss TOTAL 9.5475e-01 (9.7428e-01)
Epoch: [41][120/154]	L_Src_Sup 2.7273e-01 (2.0866e-01)	L_Trg_Inj 3.2237e-01 (2.9350e-01)	Loss Disc 6.3403e-01 (6.4154e-01)	Loss Pred 6.0812e-01 (5.9085e-01)	Loss TOTAL 9.8464e-01 (9.7471e-01)
Epoch: [41][130/154]	L_Src_Sup 2.1283e-01 (2.1035e-01)	L_Trg_Inj 2.5819e-01 (2.9384e-01)	Loss Disc 6.4288e-01 (6.4166e-01)	Loss Pred 5.8746e-01 (5.9057e-01)	Loss TOTAL 9.5600e-01 (9.7506e-01)
Epoch: [41][140/154]	L_Src_Sup 2.5005e-01 (2.1094e-01)	L_Trg_Inj 3.2622e-01 (2.9801e-01)	Loss Disc 6.4585e-01 (6.4173e-01)	Loss Pred 5.8021e-01 (5.9036e-01)	Loss TOTAL 9.6077e-01 (9.7443e-01)
Epoch: [41][150/154]	L_Src_Sup 1.6471e-01 (2.1157e-01)	L_Trg_Inj 2.7482e-01 (2.9849e-01)	Loss Disc 6.2954e-01 (6.4149e-01)	Loss Pred 6.1872e-01 (5.9091e-01)	Loss TOTAL 9.7744e-01 (9.7496e-01)
Epoch: [41][154/154]	L_Src_Sup 1.3954e-01 (2.1075e-01)	L_Trg_Inj 2.3426e-01 (2.9891e-01)	Loss Disc 6.3107e-01 (6.4150e-01)	Loss Pred 6.1492e-01 (5.9089e-01)	Loss TOTAL 9.6783e-01 (9.7458e-01)
Epoch 41 complete. Saving model state...
Epoch: [42][ 10/154]	L_Src_Sup 2.7275e-01 (1.8697e-01)	L_Trg_Inj 2.3048e-01 (3.5878e-01)	Loss Disc 6.3403e-01 (6.4466e-01)	Loss Pred 6.0845e-01 (5.8343e-01)	Loss TOTAL 1.0181e+00 (9.7113e-01)
Epoch: [42][ 20/154]	L_Src_Sup 3.2417e-01 (2.1239e-01)	L_Trg_Inj 2.7444e-01 (3.3470e-01)	Loss Disc 6.3842e-01 (6.4332e-01)	Loss Pred 5.9804e-01 (5.8643e-01)	Loss TOTAL 1.0268e+00 (9.7240e-01)
Epoch: [42][ 30/154]	L_Src_Sup 2.3763e-01 (2.0586e-01)	L_Trg_Inj 2.2610e-01 (3.3155e-01)	Loss Disc 6.5324e-01 (6.4387e-01)	Loss Pred 5.6276e-01 (5.8523e-01)	Loss TOTAL 9.4728e-01 (9.6831e-01)
Epoch: [42][ 40/154]	L_Src_Sup 1.7210e-01 (2.1348e-01)	L_Trg_Inj 2.4153e-01 (3.2655e-01)	Loss Disc 6.4139e-01 (6.4314e-01)	Loss Pred 5.9103e-01 (5.8691e-01)	Loss TOTAL 9.5309e-01 (9.6873e-01)
Epoch: [42][ 50/154]	L_Src_Sup 2.2691e-01 (2.2097e-01)	L_Trg_Inj 3.0109e-01 (3.2364e-01)	Loss Disc 6.4731e-01 (6.4297e-01)	Loss Pred 5.7653e-01 (5.8729e-01)	Loss TOTAL 9.5298e-01 (9.6949e-01)
Epoch: [42][ 60/154]	L_Src_Sup 2.3247e-01 (2.2304e-01)	L_Trg_Inj 4.5444e-01 (3.2791e-01)	Loss Disc 6.3103e-01 (6.4194e-01)	Loss Pred 6.1693e-01 (5.8981e-01)	Loss TOTAL 1.0011e+00 (9.7246e-01)
Epoch: [42][ 70/154]	L_Src_Sup 1.5385e-01 (2.3157e-01)	L_Trg_Inj 3.5124e-01 (3.2978e-01)	Loss Disc 6.3848e-01 (6.4229e-01)	Loss Pred 5.9756e-01 (5.8897e-01)	Loss TOTAL 9.6731e-01 (9.7297e-01)
Epoch: [42][ 80/154]	L_Src_Sup 2.1739e-01 (2.3046e-01)	L_Trg_Inj 2.6209e-01 (3.2634e-01)	Loss Disc 6.3991e-01 (6.4208e-01)	Loss Pred 5.9438e-01 (5.8941e-01)	Loss TOTAL 9.6228e-01 (9.7258e-01)
Epoch: [42][ 90/154]	L_Src_Sup 1.7022e-01 (2.2939e-01)	L_Trg_Inj 3.3721e-01 (3.2689e-01)	Loss Disc 6.4286e-01 (6.4177e-01)	Loss Pred 5.8714e-01 (5.9010e-01)	Loss TOTAL 9.5931e-01 (9.7275e-01)
Epoch: [42][100/154]	L_Src_Sup 2.0001e-01 (2.2670e-01)	L_Trg_Inj 2.6082e-01 (3.2590e-01)	Loss Disc 6.3698e-01 (6.4153e-01)	Loss Pred 6.0084e-01 (5.9064e-01)	Loss TOTAL 9.6542e-01 (9.7232e-01)
Epoch: [42][110/154]	L_Src_Sup 3.0146e-01 (2.2361e-01)	L_Trg_Inj 3.8428e-01 (3.2017e-01)	Loss Disc 6.3843e-01 (6.4154e-01)	Loss Pred 5.9757e-01 (5.9059e-01)	Loss TOTAL 9.8536e-01 (9.7092e-01)
Epoch: [42][120/154]	L_Src_Sup 1.0640e-01 (2.2086e-01)	L_Trg_Inj 3.5900e-01 (3.1554e-01)	Loss Disc 6.4286e-01 (6.4152e-01)	Loss Pred 5.8743e-01 (5.9064e-01)	Loss TOTAL 9.5540e-01 (9.7079e-01)
Epoch: [42][130/154]	L_Src_Sup 2.9799e-01 (2.2206e-01)	L_Trg_Inj 3.1797e-01 (3.1401e-01)	Loss Disc 6.4286e-01 (6.4146e-01)	Loss Pred 5.8746e-01 (5.9077e-01)	Loss TOTAL 9.7048e-01 (9.7042e-01)
Epoch: [42][140/154]	L_Src_Sup 2.6369e-01 (2.2379e-01)	L_Trg_Inj 2.5353e-01 (3.1258e-01)	Loss Disc 6.3694e-01 (6.4129e-01)	Loss Pred 6.0159e-01 (5.9117e-01)	Loss TOTAL 9.8194e-01 (9.7208e-01)
Epoch: [42][150/154]	L_Src_Sup 2.8143e-01 (2.2466e-01)	L_Trg_Inj 2.9947e-01 (3.1418e-01)	Loss Disc 6.4141e-01 (6.4138e-01)	Loss Pred 5.9087e-01 (5.9097e-01)	Loss TOTAL 9.6966e-01 (9.7260e-01)
Epoch: [42][154/154]	L_Src_Sup 3.1039e-01 (2.2431e-01)	L_Trg_Inj 3.4775e-01 (3.1516e-01)	Loss Disc 6.4731e-01 (6.4148e-01)	Loss Pred 5.7735e-01 (5.9073e-01)	Loss TOTAL 9.6682e-01 (9.7230e-01)
Epoch 42 complete. Saving model state...
Epoch: [43][ 10/154]	L_Src_Sup 2.1958e-01 (1.9247e-01)	L_Trg_Inj 2.3413e-01 (3.0203e-01)	Loss Disc 6.4289e-01 (6.4080e-01)	Loss Pred 5.8732e-01 (5.9226e-01)	Loss TOTAL 9.5414e-01 (9.6397e-01)
Epoch: [43][ 20/154]	L_Src_Sup 9.1958e-02 (2.1183e-01)	L_Trg_Inj 3.2796e-01 (2.9128e-01)	Loss Disc 6.3251e-01 (6.4140e-01)	Loss Pred 6.1225e-01 (5.9109e-01)	Loss TOTAL 9.7050e-01 (9.8128e-01)
Epoch: [43][ 30/154]	L_Src_Sup 1.8750e-01 (2.0551e-01)	L_Trg_Inj 2.6538e-01 (2.7940e-01)	Loss Disc 6.4583e-01 (6.4174e-01)	Loss Pred 5.8045e-01 (5.9021e-01)	Loss TOTAL 9.4865e-01 (9.7507e-01)
Epoch: [43][ 40/154]	L_Src_Sup 2.8858e-01 (2.0821e-01)	L_Trg_Inj 3.3374e-01 (2.8390e-01)	Loss Disc 6.4733e-01 (6.4232e-01)	Loss Pred 5.7675e-01 (5.8877e-01)	Loss TOTAL 9.6265e-01 (9.7076e-01)
Epoch: [43][ 50/154]	L_Src_Sup 6.4476e-01 (2.2720e-01)	L_Trg_Inj 5.8884e-01 (2.9262e-01)	Loss Disc 6.3549e-01 (6.4240e-01)	Loss Pred 6.0561e-01 (5.8866e-01)	Loss TOTAL 1.1026e+00 (9.7608e-01)
Epoch: [43][ 60/154]	L_Src_Sup 1.7409e-01 (2.2227e-01)	L_Trg_Inj 4.3327e-01 (3.0349e-01)	Loss Disc 6.3994e-01 (6.4271e-01)	Loss Pred 5.9434e-01 (5.8832e-01)	Loss TOTAL 9.7504e-01 (9.7411e-01)
Epoch: [43][ 70/154]	L_Src_Sup 2.3776e-01 (2.1881e-01)	L_Trg_Inj 2.8803e-01 (3.0553e-01)	Loss Disc 6.5323e-01 (6.4309e-01)	Loss Pred 5.6240e-01 (5.8731e-01)	Loss TOTAL 9.4159e-01 (9.7146e-01)
Epoch: [43][ 80/154]	L_Src_Sup 1.8960e-01 (2.1831e-01)	L_Trg_Inj 2.3608e-01 (3.0332e-01)	Loss Disc 6.4433e-01 (6.4301e-01)	Loss Pred 5.8360e-01 (5.8747e-01)	Loss TOTAL 9.4834e-01 (9.7202e-01)
Epoch: [43][ 90/154]	L_Src_Sup 2.6679e-01 (2.1802e-01)	L_Trg_Inj 2.4868e-01 (3.0482e-01)	Loss Disc 6.3695e-01 (6.4257e-01)	Loss Pred 6.0139e-01 (5.8847e-01)	Loss TOTAL 9.8952e-01 (9.7237e-01)
Epoch: [43][100/154]	L_Src_Sup 2.1477e-01 (2.1815e-01)	L_Trg_Inj 1.9878e-01 (3.0322e-01)	Loss Disc 6.3249e-01 (6.4232e-01)	Loss Pred 6.1334e-01 (5.8910e-01)	Loss TOTAL 9.8693e-01 (9.7260e-01)
Epoch: [43][110/154]	L_Src_Sup 2.8785e-01 (2.1748e-01)	L_Trg_Inj 2.9660e-01 (3.0918e-01)	Loss Disc 6.3845e-01 (6.4245e-01)	Loss Pred 5.9796e-01 (5.8915e-01)	Loss TOTAL 9.7563e-01 (9.7232e-01)
Epoch: [43][120/154]	L_Src_Sup 3.4909e-01 (2.2020e-01)	L_Trg_Inj 3.2622e-01 (3.1045e-01)	Loss Disc 6.3693e-01 (6.4187e-01)	Loss Pred 6.0105e-01 (5.9044e-01)	Loss TOTAL 1.0099e+00 (9.7423e-01)
Epoch: [43][130/154]	L_Src_Sup 1.5911e-01 (2.1706e-01)	L_Trg_Inj 4.0327e-01 (3.1586e-01)	Loss Disc 6.3398e-01 (6.4183e-01)	Loss Pred 6.0772e-01 (5.9045e-01)	Loss TOTAL 9.8094e-01 (9.7380e-01)
Epoch: [43][140/154]	L_Src_Sup 1.3044e-01 (2.1626e-01)	L_Trg_Inj 3.2543e-01 (3.1637e-01)	Loss Disc 6.3994e-01 (6.4183e-01)	Loss Pred 5.9397e-01 (5.9039e-01)	Loss TOTAL 9.5953e-01 (9.7368e-01)
Epoch: [43][150/154]	L_Src_Sup 2.1051e-01 (2.1594e-01)	L_Trg_Inj 3.9138e-01 (3.1974e-01)	Loss Disc 6.4434e-01 (6.4165e-01)	Loss Pred 5.8381e-01 (5.9075e-01)	Loss TOTAL 9.6617e-01 (9.7375e-01)
Epoch: [43][154/154]	L_Src_Sup 1.4894e-01 (2.1408e-01)	L_Trg_Inj 3.7395e-01 (3.2121e-01)	Loss Disc 6.4285e-01 (6.4154e-01)	Loss Pred 5.8721e-01 (5.9098e-01)	Loss TOTAL 9.6093e-01 (9.7367e-01)
Epoch 43 complete. Saving model state...
Epoch: [44][ 10/154]	L_Src_Sup 1.3244e-01 (1.9913e-01)	L_Trg_Inj 4.0078e-01 (3.8287e-01)	Loss Disc 6.3697e-01 (6.3932e-01)	Loss Pred 6.0066e-01 (5.9533e-01)	Loss TOTAL 9.7246e-01 (9.7319e-01)
Epoch: [44][ 20/154]	L_Src_Sup 1.6280e-01 (2.1010e-01)	L_Trg_Inj 4.9800e-01 (3.4886e-01)	Loss Disc 6.3101e-01 (6.4132e-01)	Loss Pred 6.1436e-01 (5.9084e-01)	Loss TOTAL 9.9594e-01 (9.7364e-01)
Epoch: [44][ 30/154]	L_Src_Sup 1.5916e-01 (2.0040e-01)	L_Trg_Inj 2.8777e-01 (3.3706e-01)	Loss Disc 6.3399e-01 (6.4105e-01)	Loss Pred 6.0763e-01 (5.9148e-01)	Loss TOTAL 9.6932e-01 (9.7567e-01)
Epoch: [44][ 40/154]	L_Src_Sup 3.6561e-01 (1.9764e-01)	L_Trg_Inj 1.8331e-01 (3.1389e-01)	Loss Disc 6.4140e-01 (6.4121e-01)	Loss Pred 5.9069e-01 (5.9111e-01)	Loss TOTAL 1.1486e+00 (9.7820e-01)
Epoch: [44][ 50/154]	L_Src_Sup 1.3858e-01 (1.9810e-01)	L_Trg_Inj 3.4359e-01 (3.1981e-01)	Loss Disc 6.5322e-01 (6.4145e-01)	Loss Pred 5.6376e-01 (5.9061e-01)	Loss TOTAL 9.3859e-01 (9.7591e-01)
Epoch: [44][ 60/154]	L_Src_Sup 1.9743e-01 (1.9289e-01)	L_Trg_Inj 3.8766e-01 (3.2740e-01)	Loss Disc 6.3842e-01 (6.4174e-01)	Loss Pred 5.9747e-01 (5.8994e-01)	Loss TOTAL 9.7519e-01 (9.7350e-01)
Epoch: [44][ 70/154]	L_Src_Sup 2.9419e-01 (1.9824e-01)	L_Trg_Inj 1.5752e-01 (3.2627e-01)	Loss Disc 6.5469e-01 (6.4099e-01)	Loss Pred 5.6069e-01 (5.9169e-01)	Loss TOTAL 1.0699e+00 (9.7630e-01)
Epoch: [44][ 80/154]	L_Src_Sup 1.6279e-01 (2.0246e-01)	L_Trg_Inj 3.5330e-01 (3.3564e-01)	Loss Disc 6.3099e-01 (6.4028e-01)	Loss Pred 6.1376e-01 (5.9328e-01)	Loss TOTAL 9.8087e-01 (9.7745e-01)
Epoch: [44][ 90/154]	L_Src_Sup 2.7662e-01 (2.0226e-01)	L_Trg_Inj 3.0327e-01 (3.4176e-01)	Loss Disc 6.4287e-01 (6.4064e-01)	Loss Pred 5.8741e-01 (5.9250e-01)	Loss TOTAL 9.6684e-01 (9.7630e-01)
Epoch: [44][100/154]	L_Src_Sup 2.6599e-01 (2.0453e-01)	L_Trg_Inj 3.0512e-01 (3.3662e-01)	Loss Disc 6.3698e-01 (6.4092e-01)	Loss Pred 6.0134e-01 (5.9188e-01)	Loss TOTAL 9.7694e-01 (9.7605e-01)
Epoch: [44][110/154]	L_Src_Sup 3.3733e-01 (2.0636e-01)	L_Trg_Inj 2.4893e-01 (3.3649e-01)	Loss Disc 6.3551e-01 (6.4121e-01)	Loss Pred 6.0540e-01 (5.9135e-01)	Loss TOTAL 1.0702e+00 (9.7585e-01)
Epoch: [44][120/154]	L_Src_Sup 2.4187e-01 (2.0401e-01)	L_Trg_Inj 2.2246e-01 (3.3457e-01)	Loss Disc 6.3846e-01 (6.4120e-01)	Loss Pred 5.9769e-01 (5.9139e-01)	Loss TOTAL 9.8277e-01 (9.7521e-01)
Epoch: [44][130/154]	L_Src_Sup 1.3057e-01 (2.0274e-01)	L_Trg_Inj 3.2409e-01 (3.3154e-01)	Loss Disc 6.3994e-01 (6.4152e-01)	Loss Pred 5.9424e-01 (5.9064e-01)	Loss TOTAL 9.5968e-01 (9.7371e-01)
Epoch: [44][140/154]	L_Src_Sup 1.7106e-01 (2.0124e-01)	L_Trg_Inj 1.8734e-01 (3.2341e-01)	Loss Disc 6.3703e-01 (6.4141e-01)	Loss Pred 6.0202e-01 (5.9091e-01)	Loss TOTAL 9.5638e-01 (9.7317e-01)
Epoch: [44][150/154]	L_Src_Sup 1.7982e-01 (2.0145e-01)	L_Trg_Inj 2.1858e-01 (3.1868e-01)	Loss Disc 6.3550e-01 (6.4163e-01)	Loss Pred 6.0458e-01 (5.9040e-01)	Loss TOTAL 9.6217e-01 (9.7344e-01)
Epoch: [44][154/154]	L_Src_Sup 2.5001e-01 (2.0191e-01)	L_Trg_Inj 4.5264e-01 (3.1918e-01)	Loss Disc 6.4579e-01 (6.4149e-01)	Loss Pred 5.8034e-01 (5.9072e-01)	Loss TOTAL 9.7350e-01 (9.7358e-01)
Epoch 44 complete. Saving model state...
Epoch: [45][ 10/154]	L_Src_Sup 2.5110e-01 (2.0590e-01)	L_Trg_Inj 4.6545e-01 (3.1041e-01)	Loss Disc 6.4139e-01 (6.4139e-01)	Loss Pred 5.9099e-01 (5.9120e-01)	Loss TOTAL 9.8334e-01 (9.6406e-01)
Epoch: [45][ 20/154]	L_Src_Sup 2.0508e-01 (2.2410e-01)	L_Trg_Inj 3.7433e-01 (3.0600e-01)	Loss Disc 6.4285e-01 (6.4221e-01)	Loss Pred 5.8745e-01 (5.8913e-01)	Loss TOTAL 9.6681e-01 (9.7259e-01)
Epoch: [45][ 30/154]	L_Src_Sup 2.4545e-01 (2.2100e-01)	L_Trg_Inj 3.2687e-01 (3.2756e-01)	Loss Disc 6.3695e-01 (6.4184e-01)	Loss Pred 6.0105e-01 (5.8994e-01)	Loss TOTAL 9.7675e-01 (9.7195e-01)
Epoch: [45][ 40/154]	L_Src_Sup 7.1421e-02 (2.1234e-01)	L_Trg_Inj 3.4253e-01 (3.3576e-01)	Loss Disc 6.2807e-01 (6.4147e-01)	Loss Pred 6.2182e-01 (5.9075e-01)	Loss TOTAL 9.7725e-01 (9.7097e-01)
Epoch: [45][ 50/154]	L_Src_Sup 2.9745e-01 (2.1051e-01)	L_Trg_Inj 3.5700e-01 (3.3861e-01)	Loss Disc 6.4289e-01 (6.4196e-01)	Loss Pred 5.8756e-01 (5.8958e-01)	Loss TOTAL 9.7445e-01 (9.6921e-01)
Epoch: [45][ 60/154]	L_Src_Sup 2.2242e-01 (2.1714e-01)	L_Trg_Inj 3.7314e-01 (3.4075e-01)	Loss Disc 6.2361e-01 (6.4085e-01)	Loss Pred 6.3157e-01 (5.9213e-01)	Loss TOTAL 1.0029e+00 (9.7524e-01)
Epoch: [45][ 70/154]	L_Src_Sup 1.3217e-01 (2.1643e-01)	L_Trg_Inj 4.1326e-01 (3.4138e-01)	Loss Disc 6.3844e-01 (6.4065e-01)	Loss Pred 5.9736e-01 (5.9255e-01)	Loss TOTAL 9.7113e-01 (9.7456e-01)
Epoch: [45][ 80/154]	L_Src_Sup 2.3920e-01 (2.1506e-01)	L_Trg_Inj 3.2518e-01 (3.3689e-01)	Loss Disc 6.3555e-01 (6.4125e-01)	Loss Pred 6.0429e-01 (5.9119e-01)	Loss TOTAL 9.7850e-01 (9.7269e-01)
Epoch: [45][ 90/154]	L_Src_Sup 8.4238e-02 (2.1077e-01)	L_Trg_Inj 2.4736e-01 (3.3505e-01)	Loss Disc 6.4433e-01 (6.4123e-01)	Loss Pred 5.8388e-01 (5.9121e-01)	Loss TOTAL 9.3921e-01 (9.7268e-01)
Epoch: [45][100/154]	L_Src_Sup 1.4433e-01 (2.0846e-01)	L_Trg_Inj 3.5310e-01 (3.3532e-01)	Loss Disc 6.4732e-01 (6.4102e-01)	Loss Pred 5.7727e-01 (5.9169e-01)	Loss TOTAL 9.5068e-01 (9.7230e-01)
Epoch: [45][110/154]	L_Src_Sup 3.2635e-01 (2.0670e-01)	L_Trg_Inj 2.6010e-01 (3.3795e-01)	Loss Disc 6.3997e-01 (6.4121e-01)	Loss Pred 5.9414e-01 (5.9127e-01)	Loss TOTAL 1.0390e+00 (9.7214e-01)
Epoch: [45][120/154]	L_Src_Sup 2.6769e-01 (2.0723e-01)	L_Trg_Inj 3.8602e-01 (3.4283e-01)	Loss Disc 6.5026e-01 (6.4149e-01)	Loss Pred 5.7005e-01 (5.9061e-01)	Loss TOTAL 9.6055e-01 (9.7168e-01)
Epoch: [45][130/154]	L_Src_Sup 2.0919e-01 (2.0466e-01)	L_Trg_Inj 3.6698e-01 (3.4200e-01)	Loss Disc 6.5025e-01 (6.4144e-01)	Loss Pred 5.7047e-01 (5.9077e-01)	Loss TOTAL 9.5322e-01 (9.7117e-01)
Epoch: [45][140/154]	L_Src_Sup 1.6426e-01 (2.0771e-01)	L_Trg_Inj 3.1660e-01 (3.3996e-01)	Loss Disc 6.4879e-01 (6.4152e-01)	Loss Pred 5.7331e-01 (5.9056e-01)	Loss TOTAL 9.4579e-01 (9.7112e-01)
Epoch: [45][150/154]	L_Src_Sup 2.8513e-01 (2.0796e-01)	L_Trg_Inj 3.7078e-01 (3.3757e-01)	Loss Disc 6.4878e-01 (6.4156e-01)	Loss Pred 5.7466e-01 (5.9047e-01)	Loss TOTAL 9.6464e-01 (9.7164e-01)
Epoch: [45][154/154]	L_Src_Sup 2.3900e-01 (2.0835e-01)	L_Trg_Inj 3.5910e-01 (3.3667e-01)	Loss Disc 6.5322e-01 (6.4162e-01)	Loss Pred 5.6346e-01 (5.9037e-01)	Loss TOTAL 9.4988e-01 (9.7154e-01)
Epoch 45 complete. Saving model state...
Epoch: [46][ 10/154]	L_Src_Sup 2.3256e-01 (1.8923e-01)	L_Trg_Inj 3.5653e-01 (2.6497e-01)	Loss Disc 6.3109e-01 (6.4200e-01)	Loss Pred 6.1516e-01 (5.8939e-01)	Loss TOTAL 9.8961e-01 (9.6507e-01)
Epoch: [46][ 20/154]	L_Src_Sup 1.3953e-01 (1.8615e-01)	L_Trg_Inj 2.1847e-01 (2.6171e-01)	Loss Disc 6.3104e-01 (6.4058e-01)	Loss Pred 6.1499e-01 (5.9268e-01)	Loss TOTAL 9.6630e-01 (9.6431e-01)
Epoch: [46][ 30/154]	L_Src_Sup 2.5910e-01 (2.1663e-01)	L_Trg_Inj 2.4879e-01 (2.9419e-01)	Loss Disc 6.5174e-01 (6.4149e-01)	Loss Pred 5.6659e-01 (5.9069e-01)	Loss TOTAL 9.5356e-01 (9.6899e-01)
Epoch: [46][ 40/154]	L_Src_Sup 1.2108e-01 (2.1691e-01)	L_Trg_Inj 4.1967e-01 (3.1021e-01)	Loss Disc 6.5026e-01 (6.4243e-01)	Loss Pred 5.6986e-01 (5.8846e-01)	Loss TOTAL 9.4907e-01 (9.6871e-01)
Epoch: [46][ 50/154]	L_Src_Sup 1.7408e-01 (2.2509e-01)	L_Trg_Inj 2.9579e-01 (3.1862e-01)	Loss Disc 6.3549e-01 (6.4160e-01)	Loss Pred 6.0512e-01 (5.9039e-01)	Loss TOTAL 9.6986e-01 (9.7143e-01)
Epoch: [46][ 60/154]	L_Src_Sup 2.0418e-01 (2.2451e-01)	L_Trg_Inj 3.2438e-01 (3.2156e-01)	Loss Disc 6.4879e-01 (6.4169e-01)	Loss Pred 5.7353e-01 (5.9015e-01)	Loss TOTAL 9.5078e-01 (9.7049e-01)
Epoch: [46][ 70/154]	L_Src_Sup 1.5907e-01 (2.2331e-01)	L_Trg_Inj 3.4228e-01 (3.1914e-01)	Loss Disc 6.3399e-01 (6.4165e-01)	Loss Pred 6.0808e-01 (5.9023e-01)	Loss TOTAL 9.7521e-01 (9.7255e-01)
Epoch: [46][ 80/154]	L_Src_Sup 2.0073e-01 (2.1984e-01)	L_Trg_Inj 2.6516e-01 (3.1298e-01)	Loss Disc 6.3696e-01 (6.4158e-01)	Loss Pred 6.0138e-01 (5.9040e-01)	Loss TOTAL 9.6645e-01 (9.7162e-01)
Epoch: [46][ 90/154]	L_Src_Sup 2.6371e-01 (2.1875e-01)	L_Trg_Inj 2.7950e-01 (3.1465e-01)	Loss Disc 6.3846e-01 (6.4179e-01)	Loss Pred 5.9763e-01 (5.8989e-01)	Loss TOTAL 9.7118e-01 (9.7047e-01)
Epoch: [46][100/154]	L_Src_Sup 1.5841e-01 (2.1727e-01)	L_Trg_Inj 3.2059e-01 (3.1796e-01)	Loss Disc 6.5320e-01 (6.4148e-01)	Loss Pred 5.6299e-01 (5.9060e-01)	Loss TOTAL 9.3748e-01 (9.7058e-01)
Epoch: [46][110/154]	L_Src_Sup 2.0005e-01 (2.1647e-01)	L_Trg_Inj 3.2554e-01 (3.1768e-01)	Loss Disc 6.3694e-01 (6.4134e-01)	Loss Pred 6.0096e-01 (5.9092e-01)	Loss TOTAL 9.7199e-01 (9.7128e-01)
Epoch: [46][120/154]	L_Src_Sup 2.5295e-01 (2.1591e-01)	L_Trg_Inj 2.7996e-01 (3.1530e-01)	Loss Disc 6.3253e-01 (6.4107e-01)	Loss Pred 6.1096e-01 (5.9152e-01)	Loss TOTAL 9.8052e-01 (9.7184e-01)
Epoch: [46][130/154]	L_Src_Sup 3.1100e-01 (2.1586e-01)	L_Trg_Inj 3.1059e-01 (3.1447e-01)	Loss Disc 6.5620e-01 (6.4163e-01)	Loss Pred 5.5600e-01 (5.9022e-01)	Loss TOTAL 9.4667e-01 (9.7021e-01)
Epoch: [46][140/154]	L_Src_Sup 1.8181e-01 (2.1516e-01)	L_Trg_Inj 3.1144e-01 (3.1251e-01)	Loss Disc 6.3402e-01 (6.4167e-01)	Loss Pred 6.0811e-01 (5.9012e-01)	Loss TOTAL 9.7445e-01 (9.6966e-01)
Epoch: [46][150/154]	L_Src_Sup 1.2639e-01 (2.1216e-01)	L_Trg_Inj 2.7884e-01 (3.0924e-01)	Loss Disc 6.4437e-01 (6.4184e-01)	Loss Pred 5.8369e-01 (5.8972e-01)	Loss TOTAL 9.4640e-01 (9.6840e-01)
Epoch: [46][154/154]	L_Src_Sup 2.0676e-01 (2.1150e-01)	L_Trg_Inj 1.7031e-01 (3.0772e-01)	Loss Disc 6.3248e-01 (6.4162e-01)	Loss Pred 6.1190e-01 (5.9025e-01)	Loss TOTAL 1.0023e+00 (9.6869e-01)
Epoch 46 complete. Saving model state...
Epoch: [47][ 10/154]	L_Src_Sup 1.5845e-01 (1.5989e-01)	L_Trg_Inj 2.0160e-01 (2.7209e-01)	Loss Disc 6.5320e-01 (6.4213e-01)	Loss Pred 5.6283e-01 (5.8924e-01)	Loss TOTAL 9.2544e-01 (9.5350e-01)
Epoch: [47][ 20/154]	L_Src_Sup 2.6120e-01 (1.8426e-01)	L_Trg_Inj 2.7508e-01 (2.4495e-01)	Loss Disc 6.3991e-01 (6.4362e-01)	Loss Pred 5.9638e-01 (5.8577e-01)	Loss TOTAL 9.6996e-01 (9.6312e-01)
Epoch: [47][ 30/154]	L_Src_Sup 2.1278e-01 (1.9995e-01)	L_Trg_Inj 2.8042e-01 (2.4745e-01)	Loss Disc 6.4288e-01 (6.4342e-01)	Loss Pred 5.8756e-01 (5.8630e-01)	Loss TOTAL 9.5832e-01 (9.6877e-01)
Epoch: [47][ 40/154]	L_Src_Sup 2.1174e-01 (1.9595e-01)	L_Trg_Inj 3.1201e-01 (2.5419e-01)	Loss Disc 6.2956e-01 (6.4232e-01)	Loss Pred 6.1886e-01 (5.8883e-01)	Loss TOTAL 9.8602e-01 (9.6878e-01)
Epoch: [47][ 50/154]	L_Src_Sup 1.3044e-01 (1.9913e-01)	L_Trg_Inj 2.0286e-01 (2.5479e-01)	Loss Disc 6.3993e-01 (6.4205e-01)	Loss Pred 5.9414e-01 (5.8941e-01)	Loss TOTAL 9.4744e-01 (9.6948e-01)
Epoch: [47][ 60/154]	L_Src_Sup 2.2724e-01 (1.9796e-01)	L_Trg_Inj 2.8453e-01 (2.5871e-01)	Loss Disc 6.3404e-01 (6.4216e-01)	Loss Pred 6.0817e-01 (5.8913e-01)	Loss TOTAL 9.7636e-01 (9.6767e-01)
Epoch: [47][ 70/154]	L_Src_Sup 1.2771e-01 (1.9467e-01)	L_Trg_Inj 2.1539e-01 (2.4977e-01)	Loss Disc 6.4291e-01 (6.4228e-01)	Loss Pred 5.8719e-01 (5.8882e-01)	Loss TOTAL 9.4295e-01 (9.6866e-01)
Epoch: [47][ 80/154]	L_Src_Sup 2.2196e-01 (2.0108e-01)	L_Trg_Inj 2.1698e-01 (2.5281e-01)	Loss Disc 6.5027e-01 (6.4247e-01)	Loss Pred 5.7150e-01 (5.8855e-01)	Loss TOTAL 9.4551e-01 (9.6924e-01)
Epoch: [47][ 90/154]	L_Src_Sup 2.6374e-01 (2.0202e-01)	L_Trg_Inj 2.5709e-01 (2.4929e-01)	Loss Disc 6.3845e-01 (6.4227e-01)	Loss Pred 5.9770e-01 (5.8903e-01)	Loss TOTAL 9.7566e-01 (9.6966e-01)
Epoch: [47][100/154]	L_Src_Sup 1.9152e-01 (2.0184e-01)	L_Trg_Inj 3.4278e-01 (2.5397e-01)	Loss Disc 6.4288e-01 (6.4231e-01)	Loss Pred 5.8730e-01 (5.8891e-01)	Loss TOTAL 9.6217e-01 (9.6869e-01)
Epoch: [47][110/154]	L_Src_Sup 2.4445e-01 (2.0265e-01)	L_Trg_Inj 2.8097e-01 (2.5867e-01)	Loss Disc 6.3695e-01 (6.4200e-01)	Loss Pred 6.0109e-01 (5.8961e-01)	Loss TOTAL 9.7210e-01 (9.6939e-01)
Epoch: [47][120/154]	L_Src_Sup 1.9566e-01 (2.0243e-01)	L_Trg_Inj 2.6545e-01 (2.5908e-01)	Loss Disc 6.3988e-01 (6.4175e-01)	Loss Pred 5.9404e-01 (5.9016e-01)	Loss TOTAL 9.6009e-01 (9.7005e-01)
Epoch: [47][130/154]	L_Src_Sup 1.9143e-01 (2.0260e-01)	L_Trg_Inj 1.4051e-01 (2.5993e-01)	Loss Disc 6.4287e-01 (6.4181e-01)	Loss Pred 5.8711e-01 (5.9001e-01)	Loss TOTAL 9.9266e-01 (9.6943e-01)
Epoch: [47][140/154]	L_Src_Sup 1.8557e-01 (2.0248e-01)	L_Trg_Inj 2.6550e-01 (2.6188e-01)	Loss Disc 6.4732e-01 (6.4162e-01)	Loss Pred 5.7692e-01 (5.9042e-01)	Loss TOTAL 9.4569e-01 (9.6976e-01)
Epoch: [47][150/154]	L_Src_Sup 6.9767e-02 (2.0256e-01)	L_Trg_Inj 2.6480e-01 (2.6231e-01)	Loss Disc 6.3107e-01 (6.4141e-01)	Loss Pred 6.1426e-01 (5.9086e-01)	Loss TOTAL 9.6325e-01 (9.7088e-01)
Epoch: [47][154/154]	L_Src_Sup 1.6162e-01 (2.0155e-01)	L_Trg_Inj 2.1866e-01 (2.6138e-01)	Loss Disc 6.5027e-01 (6.4155e-01)	Loss Pred 5.7015e-01 (5.9055e-01)	Loss TOTAL 9.3331e-01 (9.7024e-01)
Epoch 47 complete. Saving model state...
Epoch: [48][ 10/154]	L_Src_Sup 1.0417e-01 (1.8925e-01)	L_Trg_Inj 2.9663e-01 (2.9347e-01)	Loss Disc 6.4585e-01 (6.4229e-01)	Loss Pred 5.8029e-01 (5.8851e-01)	Loss TOTAL 9.4330e-01 (9.5886e-01)
Epoch: [48][ 20/154]	L_Src_Sup 1.3333e-01 (1.8933e-01)	L_Trg_Inj 2.3429e-01 (2.8318e-01)	Loss Disc 6.3697e-01 (6.4310e-01)	Loss Pred 6.0103e-01 (5.8661e-01)	Loss TOTAL 9.5628e-01 (9.6346e-01)
Epoch: [48][ 30/154]	L_Src_Sup 2.3461e-01 (1.8678e-01)	L_Trg_Inj 3.3649e-01 (2.8948e-01)	Loss Disc 6.4287e-01 (6.4283e-01)	Loss Pred 5.8738e-01 (5.8726e-01)	Loss TOTAL 9.6593e-01 (9.6166e-01)
Epoch: [48][ 40/154]	L_Src_Sup 2.1526e-01 (1.8653e-01)	L_Trg_Inj 3.5627e-01 (2.8331e-01)	Loss Disc 6.4139e-01 (6.4214e-01)	Loss Pred 5.9056e-01 (5.8892e-01)	Loss TOTAL 9.6841e-01 (9.6315e-01)
Epoch: [48][ 50/154]	L_Src_Sup 1.4002e-01 (1.9043e-01)	L_Trg_Inj 3.1226e-01 (2.7957e-01)	Loss Disc 6.5175e-01 (6.4160e-01)	Loss Pred 5.6684e-01 (5.9015e-01)	Loss TOTAL 9.3794e-01 (9.6523e-01)
Epoch: [48][ 60/154]	L_Src_Sup 1.6080e-01 (1.9196e-01)	L_Trg_Inj 1.5623e-01 (2.7567e-01)	Loss Disc 6.3253e-01 (6.4169e-01)	Loss Pred 6.1306e-01 (5.9057e-01)	Loss TOTAL 9.6559e-01 (9.6621e-01)
Epoch: [48][ 70/154]	L_Src_Sup 1.9149e-01 (1.9340e-01)	L_Trg_Inj 2.5399e-01 (2.7407e-01)	Loss Disc 6.4286e-01 (6.4125e-01)	Loss Pred 5.8722e-01 (5.9155e-01)	Loss TOTAL 9.5320e-01 (9.6721e-01)
Epoch: [48][ 80/154]	L_Src_Sup 2.6087e-01 (1.9322e-01)	L_Trg_Inj 2.1410e-01 (2.7025e-01)	Loss Disc 6.3991e-01 (6.4112e-01)	Loss Pred 5.9390e-01 (5.9177e-01)	Loss TOTAL 1.0081e+00 (9.6712e-01)
Epoch: [48][ 90/154]	L_Src_Sup 2.2681e-01 (1.9304e-01)	L_Trg_Inj 2.6558e-01 (2.7286e-01)	Loss Disc 6.4730e-01 (6.4118e-01)	Loss Pred 5.7708e-01 (5.9156e-01)	Loss TOTAL 9.4997e-01 (9.6625e-01)
Epoch: [48][100/154]	L_Src_Sup 3.8729e-01 (1.9678e-01)	L_Trg_Inj 2.6557e-01 (2.7148e-01)	Loss Disc 6.4140e-01 (6.4145e-01)	Loss Pred 5.9162e-01 (5.9096e-01)	Loss TOTAL 1.0993e+00 (9.6809e-01)
Epoch: [48][110/154]	L_Src_Sup 1.0759e-01 (1.9955e-01)	L_Trg_Inj 2.4843e-01 (2.7168e-01)	Loss Disc 6.4141e-01 (6.4179e-01)	Loss Pred 5.9146e-01 (5.9022e-01)	Loss TOTAL 9.4777e-01 (9.6845e-01)
Epoch: [48][120/154]	L_Src_Sup 1.5054e-01 (2.0111e-01)	L_Trg_Inj 1.0935e-01 (2.6933e-01)	Loss Disc 6.4138e-01 (6.4157e-01)	Loss Pred 5.9077e-01 (5.9073e-01)	Loss TOTAL 9.7865e-01 (9.7008e-01)
Epoch: [48][130/154]	L_Src_Sup 1.5686e-01 (2.0030e-01)	L_Trg_Inj 2.3435e-01 (2.6272e-01)	Loss Disc 6.5472e-01 (6.4186e-01)	Loss Pred 5.5952e-01 (5.9001e-01)	Loss TOTAL 9.2601e-01 (9.7009e-01)
Epoch: [48][140/154]	L_Src_Sup 2.3913e-01 (1.9972e-01)	L_Trg_Inj 1.2499e-01 (2.5787e-01)	Loss Disc 6.3989e-01 (6.4163e-01)	Loss Pred 5.9408e-01 (5.9053e-01)	Loss TOTAL 1.0646e+00 (9.7183e-01)
Epoch: [48][150/154]	L_Src_Sup 3.3723e-01 (2.0184e-01)	L_Trg_Inj 3.0950e-01 (2.5856e-01)	Loss Disc 6.3552e-01 (6.4150e-01)	Loss Pred 6.0425e-01 (5.9079e-01)	Loss TOTAL 1.0144e+00 (9.7211e-01)
Epoch: [48][154/154]	L_Src_Sup 1.8751e-01 (2.0229e-01)	L_Trg_Inj 2.4978e-01 (2.5813e-01)	Loss Disc 6.4580e-01 (6.4146e-01)	Loss Pred 5.8048e-01 (5.9088e-01)	Loss TOTAL 9.4711e-01 (9.7193e-01)
Epoch 48 complete. Saving model state...
Epoch: [49][ 10/154]	L_Src_Sup 1.1494e-01 (1.8482e-01)	L_Trg_Inj 2.0310e-01 (2.5765e-01)	Loss Disc 6.3254e-01 (6.3976e-01)	Loss Pred 6.1093e-01 (5.9435e-01)	Loss TOTAL 9.5900e-01 (9.6769e-01)
Epoch: [49][ 20/154]	L_Src_Sup 1.1768e-01 (1.8951e-01)	L_Trg_Inj 2.7597e-01 (2.5049e-01)	Loss Disc 6.2958e-01 (6.4043e-01)	Loss Pred 6.1789e-01 (5.9286e-01)	Loss TOTAL 9.7205e-01 (9.6708e-01)
Epoch: [49][ 30/154]	L_Src_Sup 2.8572e-01 (1.9546e-01)	L_Trg_Inj 2.3429e-01 (2.4475e-01)	Loss Disc 6.3845e-01 (6.4050e-01)	Loss Pred 5.9743e-01 (5.9269e-01)	Loss TOTAL 1.0201e+00 (9.7011e-01)
Epoch: [49][ 40/154]	L_Src_Sup 2.0410e-01 (2.0545e-01)	L_Trg_Inj 2.9683e-01 (2.4064e-01)	Loss Disc 6.4881e-01 (6.4147e-01)	Loss Pred 5.7357e-01 (5.9047e-01)	Loss TOTAL 9.4807e-01 (9.7533e-01)
Epoch: [49][ 50/154]	L_Src_Sup 3.1461e-01 (2.0814e-01)	L_Trg_Inj 2.3434e-01 (2.3434e-01)	Loss Disc 6.3546e-01 (6.4119e-01)	Loss Pred 6.0430e-01 (5.9112e-01)	Loss TOTAL 1.0572e+00 (9.7767e-01)
Epoch: [49][ 60/154]	L_Src_Sup 1.7585e-01 (2.0668e-01)	L_Trg_Inj 1.8749e-01 (2.3609e-01)	Loss Disc 6.3844e-01 (6.4145e-01)	Loss Pred 5.9744e-01 (5.9055e-01)	Loss TOTAL 9.5299e-01 (9.7727e-01)
Epoch: [49][ 70/154]	L_Src_Sup 2.0833e-01 (2.0428e-01)	L_Trg_Inj 3.1221e-01 (2.4253e-01)	Loss Disc 6.4585e-01 (6.4220e-01)	Loss Pred 5.8007e-01 (5.8877e-01)	Loss TOTAL 9.5505e-01 (9.7422e-01)
Epoch: [49][ 80/154]	L_Src_Sup 2.4451e-01 (2.0218e-01)	L_Trg_Inj 2.6556e-01 (2.3743e-01)	Loss Disc 6.3695e-01 (6.4203e-01)	Loss Pred 6.0113e-01 (5.8919e-01)	Loss TOTAL 9.7061e-01 (9.7429e-01)
Epoch: [49][ 90/154]	L_Src_Sup 2.7587e-01 (2.0005e-01)	L_Trg_Inj 2.8116e-01 (2.3688e-01)	Loss Disc 6.3252e-01 (6.4169e-01)	Loss Pred 6.1141e-01 (5.8997e-01)	Loss TOTAL 9.8337e-01 (9.7270e-01)
Epoch: [49][100/154]	L_Src_Sup 8.6957e-02 (2.0119e-01)	L_Trg_Inj 3.2811e-01 (2.3674e-01)	Loss Disc 6.3990e-01 (6.4148e-01)	Loss Pred 5.9396e-01 (5.9044e-01)	Loss TOTAL 9.5542e-01 (9.7461e-01)
Epoch: [49][110/154]	L_Src_Sup 2.6003e-01 (2.0174e-01)	L_Trg_Inj 2.9490e-01 (2.4043e-01)	Loss Disc 6.5172e-01 (6.4126e-01)	Loss Pred 5.6708e-01 (5.9095e-01)	Loss TOTAL 9.4843e-01 (9.7502e-01)
Epoch: [49][120/154]	L_Src_Sup 1.4292e-01 (2.0247e-01)	L_Trg_Inj 2.6559e-01 (2.3832e-01)	Loss Disc 6.2805e-01 (6.4100e-01)	Loss Pred 6.2130e-01 (5.9155e-01)	Loss TOTAL 9.7618e-01 (9.7775e-01)
Epoch: [49][130/154]	L_Src_Sup 2.8589e-01 (2.0442e-01)	L_Trg_Inj 2.0297e-01 (2.3929e-01)	Loss Disc 6.3843e-01 (6.4132e-01)	Loss Pred 5.9760e-01 (5.9088e-01)	Loss TOTAL 1.0486e+00 (9.7772e-01)
Epoch: [49][140/154]	L_Src_Sup 2.0627e-01 (2.3155e-01)	L_Trg_Inj 2.8121e-01 (2.3994e-01)	Loss Disc 6.4878e-01 (6.4147e-01)	Loss Pred 5.8030e-01 (5.9088e-01)	Loss TOTAL 9.5344e-01 (1.0047e+00)
Epoch: [49][150/154]	L_Src_Sup 1.5075e-01 (2.3220e-01)	L_Trg_Inj 2.7416e-01 (2.4376e-01)	Loss Disc 6.4140e-01 (6.4152e-01)	Loss Pred 5.9358e-01 (5.9102e-01)	Loss TOTAL 9.5677e-01 (1.0039e+00)
Epoch: [49][154/154]	L_Src_Sup 2.0211e-01 (2.3177e-01)	L_Trg_Inj 2.8044e-01 (2.4476e-01)	Loss Disc 6.5026e-01 (6.4159e-01)	Loss Pred 5.7241e-01 (5.9092e-01)	Loss TOTAL 9.4580e-01 (1.0030e+00)
Epoch 49 complete. Saving model state...
