Using device: cuda
Loading Source Train...
Using Mean/Std calculated from Source Train (mean[0]=5.506285903228045, std[0]=0.20951616163223202)
Loading Target Train...
Epoch: [0][ 10/112]	L_Src_Sup 1.9966e+00 (1.9952e+00)	L_Trg_Inj 1.9962e+00 (1.9939e+00)	Loss Disc 7.1823e-01 (7.2153e-01)	Loss Pred 1.4748e+00 (1.4702e+00)	Loss TOTAL 2.2336e+00 (2.2313e+00)
Epoch: [0][ 20/112]	L_Src_Sup 1.9973e+00 (1.9940e+00)	L_Trg_Inj 1.9961e+00 (1.9923e+00)	Loss Disc 7.0764e-01 (7.1711e-01)	Loss Pred 1.4033e+00 (1.4643e+00)	Loss TOTAL 2.1576e+00 (2.2234e+00)
Epoch: [0][ 30/112]	L_Src_Sup 1.9937e+00 (1.9949e+00)	L_Trg_Inj 1.9940e+00 (1.9937e+00)	Loss Disc 6.9862e-01 (7.1212e-01)	Loss Pred 1.3549e+00 (1.4567e+00)	Loss TOTAL 2.1030e+00 (2.2131e+00)
Epoch: [0][ 40/112]	L_Src_Sup 1.2445e+00 (1.8481e+00)	L_Trg_Inj 1.3766e+00 (1.8440e+00)	Loss Disc 6.9564e-01 (7.0823e-01)	Loss Pred 1.3779e+00 (1.4443e+00)	Loss TOTAL 1.9879e+00 (2.1780e+00)
Epoch: [0][ 50/112]	L_Src_Sup 9.5130e-01 (1.7366e+00)	L_Trg_Inj 7.2944e-01 (1.7060e+00)	Loss Disc 6.9430e-01 (7.0555e-01)	Loss Pred 1.3954e+00 (1.4334e+00)	Loss TOTAL 2.1325e+00 (2.1695e+00)
Epoch: [0][ 60/112]	L_Src_Sup 1.9887e+00 (1.7367e+00)	L_Trg_Inj 1.9893e+00 (1.7056e+00)	Loss Disc 6.9480e-01 (7.0382e-01)	Loss Pred 1.3696e+00 (1.4249e+00)	Loss TOTAL 2.1148e+00 (2.1594e+00)
Epoch: [0][ 70/112]	L_Src_Sup 1.9330e+00 (1.7702e+00)	L_Trg_Inj 1.9263e+00 (1.7432e+00)	Loss Disc 6.9381e-01 (7.0244e-01)	Loss Pred 1.3609e+00 (1.4151e+00)	Loss TOTAL 2.1004e+00 (2.1509e+00)
Epoch: [0][ 80/112]	L_Src_Sup 1.4553e+00 (1.7080e+00)	L_Trg_Inj 1.4832e+00 (1.6731e+00)	Loss Disc 6.9369e-01 (7.0134e-01)	Loss Pred 1.3518e+00 (1.4066e+00)	Loss TOTAL 1.9925e+00 (2.1364e+00)
Epoch: [0][ 90/112]	L_Src_Sup 6.5299e-01 (1.5912e+00)	L_Trg_Inj 3.3876e-01 (1.5508e+00)	Loss Disc 6.9347e-01 (7.0048e-01)	Loss Pred 1.3439e+00 (1.3980e+00)	Loss TOTAL 2.1040e+00 (2.1128e+00)
Epoch: [0][100/112]	L_Src_Sup 1.1927e+00 (1.4856e+00)	L_Trg_Inj 1.3482e+00 (1.4382e+00)	Loss Disc 6.9374e-01 (6.9978e-01)	Loss Pred 1.2878e+00 (1.3872e+00)	Loss TOTAL 1.8887e+00 (2.0877e+00)
Epoch: [0][110/112]	L_Src_Sup 3.5482e-01 (1.4053e+00)	L_Trg_Inj 3.2250e-01 (1.3514e+00)	Loss Disc 6.9344e-01 (6.9921e-01)	Loss Pred 1.2756e+00 (1.3799e+00)	Loss TOTAL 1.7223e+00 (2.0710e+00)
Epoch: [0][112/112]	L_Src_Sup 4.3244e-01 (1.3895e+00)	L_Trg_Inj 4.7566e-01 (1.3357e+00)	Loss Disc 6.9346e-01 (6.9910e-01)	Loss Pred 1.2525e+00 (1.3782e+00)	Loss TOTAL 1.6900e+00 (2.0663e+00)
Epoch 0 complete. Saving model state...
Epoch: [1][ 10/112]	L_Src_Sup 4.9240e-01 (4.4418e-01)	L_Trg_Inj 1.3251e-01 (3.7857e-01)	Loss Disc 6.9341e-01 (6.9349e-01)	Loss Pred 1.2247e+00 (1.2748e+00)	Loss TOTAL 1.9938e+00 (1.8056e+00)
Epoch: [1][ 20/112]	L_Src_Sup 2.2148e-01 (4.2115e-01)	L_Trg_Inj 2.6322e-02 (2.9276e-01)	Loss Disc 6.9346e-01 (6.9344e-01)	Loss Pred 1.2405e+00 (1.2701e+00)	Loss TOTAL 1.8071e+00 (1.8355e+00)
Epoch: [1][ 30/112]	L_Src_Sup 2.7159e-01 (4.1012e-01)	L_Trg_Inj 3.0208e-01 (2.8449e-01)	Loss Disc 6.9327e-01 (6.9341e-01)	Loss Pred 1.2475e+00 (1.2627e+00)	Loss TOTAL 1.6515e+00 (1.8231e+00)
Epoch: [1][ 40/112]	L_Src_Sup 3.2612e-01 (4.1647e-01)	L_Trg_Inj 9.2846e-02 (2.8359e-01)	Loss Disc 6.9347e-01 (6.9338e-01)	Loss Pred 1.2003e+00 (1.2540e+00)	Loss TOTAL 1.8222e+00 (1.8176e+00)
Epoch: [1][ 50/112]	L_Src_Sup 1.7096e+00 (7.1335e-01)	L_Trg_Inj 1.7247e+00 (6.0851e-01)	Loss Disc 6.9350e-01 (6.9350e-01)	Loss Pred 1.1871e+00 (1.2462e+00)	Loss TOTAL 1.8772e+00 (1.8430e+00)
Epoch: [1][ 60/112]	L_Src_Sup 4.4443e-01 (6.7117e-01)	L_Trg_Inj 1.4908e-01 (5.5919e-01)	Loss Disc 6.9299e-01 (6.9343e-01)	Loss Pred 1.1836e+00 (1.2386e+00)	Loss TOTAL 1.8848e+00 (1.8330e+00)
Epoch: [1][ 70/112]	L_Src_Sup 2.4724e-01 (6.2217e-01)	L_Trg_Inj 9.9939e-03 (4.8827e-01)	Loss Disc 6.9325e-01 (6.9339e-01)	Loss Pred 1.1792e+00 (1.2327e+00)	Loss TOTAL 1.7888e+00 (1.8351e+00)
Epoch: [1][ 80/112]	L_Src_Sup 3.5294e-01 (7.4110e-01)	L_Trg_Inj 1.1243e-01 (6.2103e-01)	Loss Disc 6.9311e-01 (6.9340e-01)	Loss Pred 1.1784e+00 (1.2274e+00)	Loss TOTAL 1.8120e+00 (1.8420e+00)
Epoch: [1][ 90/112]	L_Src_Sup 1.9773e+00 (8.5053e-01)	L_Trg_Inj 1.9769e+00 (7.4582e-01)	Loss Disc 6.9345e-01 (6.9341e-01)	Loss Pred 1.1598e+00 (1.2222e+00)	Loss TOTAL 1.9023e+00 (1.8459e+00)
Epoch: [1][100/112]	L_Src_Sup 1.9365e+00 (9.6105e-01)	L_Trg_Inj 1.9360e+00 (8.6708e-01)	Loss Disc 6.9331e-01 (6.9340e-01)	Loss Pred 1.1523e+00 (1.2163e+00)	Loss TOTAL 1.8868e+00 (1.8516e+00)
Epoch: [1][110/112]	L_Src_Sup 1.4360e+00 (1.0358e+00)	L_Trg_Inj 1.4625e+00 (9.5175e-01)	Loss Disc 6.9309e-01 (6.9339e-01)	Loss Pred 1.1287e+00 (1.2097e+00)	Loss TOTAL 1.7651e+00 (1.8514e+00)
Epoch: [1][112/112]	L_Src_Sup 8.0537e-01 (1.0351e+00)	L_Trg_Inj 8.6000e-01 (9.5275e-01)	Loss Disc 6.9289e-01 (6.9338e-01)	Loss Pred 1.1305e+00 (1.2082e+00)	Loss TOTAL 1.6435e+00 (1.8485e+00)
Epoch 1 complete. Saving model state...
Epoch: [2][ 10/112]	L_Src_Sup 2.4242e-01 (3.2334e-01)	L_Trg_Inj 6.7804e-02 (1.7458e-01)	Loss Disc 6.9297e-01 (6.9286e-01)	Loss Pred 1.1206e+00 (1.1291e+00)	Loss TOTAL 1.6727e+00 (1.7153e+00)
Epoch: [2][ 20/112]	L_Src_Sup 2.2203e-01 (2.8560e-01)	L_Trg_Inj 5.9242e-02 (1.3524e-01)	Loss Disc 6.9305e-01 (6.9299e-01)	Loss Pred 1.0983e+00 (1.1202e+00)	Loss TOTAL 1.6357e+00 (1.6808e+00)
Epoch: [2][ 30/112]	L_Src_Sup 3.7676e-01 (2.9663e-01)	L_Trg_Inj 3.7121e-02 (1.0701e-01)	Loss Disc 6.9286e-01 (6.9297e-01)	Loss Pred 1.0844e+00 (1.1118e+00)	Loss TOTAL 1.8119e+00 (1.7028e+00)
Epoch: [2][ 40/112]	L_Src_Sup 2.4109e-01 (2.7031e-01)	L_Trg_Inj 1.5121e-02 (8.7225e-02)	Loss Disc 6.9280e-01 (6.9293e-01)	Loss Pred 1.0789e+00 (1.1063e+00)	Loss TOTAL 1.6768e+00 (1.6824e+00)
Epoch: [2][ 50/112]	L_Src_Sup 4.3707e-04 (2.6642e-01)	L_Trg_Inj 9.3597e-02 (8.0472e-02)	Loss Disc 6.9290e-01 (6.9291e-01)	Loss Pred 1.0752e+00 (1.1001e+00)	Loss TOTAL 1.4311e+00 (1.6777e+00)
Epoch: [2][ 60/112]	L_Src_Sup 2.7002e-01 (2.6575e-01)	L_Trg_Inj 3.0857e-01 (8.2341e-02)	Loss Disc 6.9287e-01 (6.9289e-01)	Loss Pred 1.0553e+00 (1.0934e+00)	Loss TOTAL 1.4596e+00 (1.6675e+00)
Epoch: [2][ 70/112]	L_Src_Sup 2.5885e-01 (2.6244e-01)	L_Trg_Inj 2.5821e-02 (7.7795e-02)	Loss Disc 6.9217e-01 (6.9283e-01)	Loss Pred 1.0489e+00 (1.0875e+00)	Loss TOTAL 1.6565e+00 (1.6606e+00)
Epoch: [2][ 80/112]	L_Src_Sup 1.9701e-01 (2.6032e-01)	L_Trg_Inj 1.2966e-02 (8.2787e-02)	Loss Disc 6.9142e-01 (6.9272e-01)	Loss Pred 1.0425e+00 (1.0819e+00)	Loss TOTAL 1.5933e+00 (1.6486e+00)
Epoch: [2][ 90/112]	L_Src_Sup 4.7936e-01 (2.5780e-01)	L_Trg_Inj 1.9100e-02 (7.5579e-02)	Loss Disc 6.9030e-01 (6.9250e-01)	Loss Pred 1.0281e+00 (1.0763e+00)	Loss TOTAL 1.8834e+00 (1.6457e+00)
Epoch: [2][100/112]	L_Src_Sup 6.2220e-01 (2.5661e-01)	L_Trg_Inj 3.2129e-02 (7.0384e-02)	Loss Disc 6.8559e-01 (6.9208e-01)	Loss Pred 1.0140e+00 (1.0704e+00)	Loss TOTAL 2.0123e+00 (1.6425e+00)
Epoch: [2][110/112]	L_Src_Sup 0.0000e+00 (2.5202e-01)	L_Trg_Inj 1.8129e-02 (6.5614e-02)	Loss Disc 6.8092e-01 (6.9120e-01)	Loss Pred 1.0048e+00 (1.0647e+00)	Loss TOTAL 1.3471e+00 (1.6351e+00)
Epoch: [2][112/112]	L_Src_Sup 5.6014e-02 (2.4986e-01)	L_Trg_Inj 4.8633e-03 (6.4486e-02)	Loss Disc 6.8182e-01 (6.9105e-01)	Loss Pred 1.0006e+00 (1.0636e+00)	Loss TOTAL 1.3988e+00 (1.6324e+00)
Epoch 2 complete. Saving model state...
Epoch: [3][ 10/112]	L_Src_Sup 2.8330e-01 (2.4932e-01)	L_Trg_Inj 1.4280e-02 (5.4062e-03)	Loss Disc 6.8312e-01 (6.8532e-01)	Loss Pred 9.9107e-01 (9.9503e-01)	Loss TOTAL 1.6314e+00 (1.6071e+00)
Epoch: [3][ 20/112]	L_Src_Sup 2.0423e-01 (2.3070e-01)	L_Trg_Inj 1.1579e-02 (8.5866e-03)	Loss Disc 6.9051e-01 (6.8656e-01)	Loss Pred 9.8069e-01 (9.9044e-01)	Loss TOTAL 1.5402e+00 (1.5804e+00)
Epoch: [3][ 30/112]	L_Src_Sup 4.0065e-01 (2.2922e-01)	L_Trg_Inj 8.3435e-03 (8.5356e-03)	Loss Disc 6.9144e-01 (6.8793e-01)	Loss Pred 9.6895e-01 (9.8527e-01)	Loss TOTAL 1.7479e+00 (1.5741e+00)
Epoch: [3][ 40/112]	L_Src_Sup 1.6842e+00 (3.0811e-01)	L_Trg_Inj 1.7291e+00 (9.5527e-02)	Loss Disc 6.9292e-01 (6.8872e-01)	Loss Pred 9.7642e-01 (9.8132e-01)	Loss TOTAL 1.6642e+00 (1.5801e+00)
Epoch: [3][ 50/112]	L_Src_Sup 1.5995e-01 (3.1719e-01)	L_Trg_Inj 5.2059e-02 (1.2565e-01)	Loss Disc 6.8893e-01 (6.9024e-01)	Loss Pred 9.6110e-01 (9.7819e-01)	Loss TOTAL 1.4347e+00 (1.5624e+00)
Epoch: [3][ 60/112]	L_Src_Sup 2.7886e-01 (3.0623e-01)	L_Trg_Inj 1.3663e-01 (1.1497e-01)	Loss Disc 6.8848e-01 (6.9020e-01)	Loss Pred 9.5187e-01 (9.7470e-01)	Loss TOTAL 1.4799e+00 (1.5559e+00)
Epoch: [3][ 70/112]	L_Src_Sup 1.9626e+00 (4.5351e-01)	L_Trg_Inj 1.9458e+00 (2.6871e-01)	Loss Disc 6.9275e-01 (6.9058e-01)	Loss Pred 9.5579e-01 (9.7191e-01)	Loss TOTAL 1.7098e+00 (1.5766e+00)
Epoch: [3][ 80/112]	L_Src_Sup 1.9276e+00 (6.4004e-01)	L_Trg_Inj 1.9259e+00 (4.7745e-01)	Loss Disc 6.9287e-01 (6.9085e-01)	Loss Pred 9.3668e-01 (9.6790e-01)	Loss TOTAL 1.6702e+00 (1.5899e+00)
Epoch: [3][ 90/112]	L_Src_Sup 1.4032e+00 (7.6922e-01)	L_Trg_Inj 1.4771e+00 (6.2381e-01)	Loss Disc 6.9290e-01 (6.9107e-01)	Loss Pred 9.1531e-01 (9.6329e-01)	Loss TOTAL 1.5498e+00 (1.5964e+00)
Epoch: [3][100/112]	L_Src_Sup 2.8174e-01 (7.6034e-01)	L_Trg_Inj 1.5024e-01 (6.1597e-01)	Loss Disc 6.9166e-01 (6.9122e-01)	Loss Pred 9.1530e-01 (9.5867e-01)	Loss TOTAL 1.4358e+00 (1.5912e+00)
Epoch: [3][110/112]	L_Src_Sup 2.7078e-01 (7.3679e-01)	L_Trg_Inj 2.0294e-01 (5.9211e-01)	Loss Disc 6.9235e-01 (6.9127e-01)	Loss Pred 9.0995e-01 (9.5425e-01)	Loss TOTAL 1.3713e+00 (1.5840e+00)
Epoch: [3][112/112]	L_Src_Sup 3.6866e-01 (7.3036e-01)	L_Trg_Inj 2.8019e-01 (5.8511e-01)	Loss Disc 6.9195e-01 (6.9128e-01)	Loss Pred 9.0318e-01 (9.5333e-01)	Loss TOTAL 1.4025e+00 (1.5822e+00)
Epoch 3 complete. Saving model state...
Epoch: [4][ 10/112]	L_Src_Sup 2.9426e-01 (9.5398e-01)	L_Trg_Inj 3.2805e-01 (9.7463e-01)	Loss Disc 6.8961e-01 (6.9179e-01)	Loss Pred 8.9695e-01 (8.9877e-01)	Loss TOTAL 1.3040e+00 (1.4805e+00)
Epoch: [4][ 20/112]	L_Src_Sup 7.9297e-01 (6.4845e-01)	L_Trg_Inj 8.1214e-01 (5.8002e-01)	Loss Disc 6.8548e-01 (6.8765e-01)	Loss Pred 8.8437e-01 (8.9329e-01)	Loss TOTAL 1.3876e+00 (1.4627e+00)
Epoch: [4][ 30/112]	L_Src_Sup 2.0554e-01 (5.3616e-01)	L_Trg_Inj 6.9749e-02 (4.7444e-01)	Loss Disc 6.7772e-01 (6.8442e-01)	Loss Pred 8.7774e-01 (8.9000e-01)	Loss TOTAL 1.3799e+00 (1.4256e+00)
Epoch: [4][ 40/112]	L_Src_Sup 2.6075e-01 (4.9020e-01)	L_Trg_Inj 4.5880e-01 (4.3897e-01)	Loss Disc 6.7395e-01 (6.8222e-01)	Loss Pred 8.8079e-01 (8.8609e-01)	Loss TOTAL 1.2897e+00 (1.4159e+00)
Epoch: [4][ 50/112]	L_Src_Sup 1.4722e-01 (4.6189e-01)	L_Trg_Inj 4.0294e-02 (4.1934e-01)	Loss Disc 6.9094e-01 (6.8448e-01)	Loss Pred 8.5993e-01 (8.8199e-01)	Loss TOTAL 1.3311e+00 (1.4048e+00)
Epoch: [4][ 60/112]	L_Src_Sup 2.4494e-01 (4.3445e-01)	L_Trg_Inj 1.7337e-01 (3.7780e-01)	Loss Disc 6.8882e-01 (6.8487e-01)	Loss Pred 8.6943e-01 (8.7933e-01)	Loss TOTAL 1.3272e+00 (1.4026e+00)
Epoch: [4][ 70/112]	L_Src_Sup 2.4052e-01 (4.0190e-01)	L_Trg_Inj 6.2042e-02 (3.3352e-01)	Loss Disc 6.9281e-01 (6.8580e-01)	Loss Pred 8.2938e-01 (8.7549e-01)	Loss TOTAL 1.3845e+00 (1.3971e+00)
Epoch: [4][ 80/112]	L_Src_Sup 3.5125e-01 (3.8183e-01)	L_Trg_Inj 4.6119e-01 (3.0433e-01)	Loss Disc 6.9278e-01 (6.8663e-01)	Loss Pred 8.4520e-01 (8.7190e-01)	Loss TOTAL 1.2728e+00 (1.3953e+00)
Epoch: [4][ 90/112]	L_Src_Sup 1.2041e-01 (4.0035e-01)	L_Trg_Inj 7.4255e-03 (3.3959e-01)	Loss Disc 6.8482e-01 (6.8713e-01)	Loss Pred 8.3931e-01 (8.6845e-01)	Loss TOTAL 1.3075e+00 (1.3891e+00)
Epoch: [4][100/112]	L_Src_Sup 5.3903e-01 (4.0540e-01)	L_Trg_Inj 3.7586e-01 (3.4813e-01)	Loss Disc 6.8685e-01 (6.8717e-01)	Loss Pred 8.3888e-01 (8.6512e-01)	Loss TOTAL 1.4370e+00 (1.3857e+00)
Epoch: [4][110/112]	L_Src_Sup 1.9688e-01 (3.9990e-01)	L_Trg_Inj 1.1492e-01 (3.5065e-01)	Loss Disc 6.6263e-01 (6.8548e-01)	Loss Pred 8.2193e-01 (8.6108e-01)	Loss TOTAL 1.2664e+00 (1.3793e+00)
Epoch: [4][112/112]	L_Src_Sup 1.4909e+00 (4.1265e-01)	L_Trg_Inj 1.6028e+00 (3.6407e-01)	Loss Disc 6.8971e-01 (6.8543e-01)	Loss Pred 8.3701e-01 (8.6045e-01)	Loss TOTAL 1.4912e+00 (1.3807e+00)
Epoch 4 complete. Saving model state...
Epoch: [5][ 10/112]	L_Src_Sup 3.3557e-01 (1.1582e+00)	L_Trg_Inj 8.3318e-01 (1.3335e+00)	Loss Disc 6.4140e-01 (6.7437e-01)	Loss Pred 8.3363e-01 (8.1737e-01)	Loss TOTAL 1.2712e+00 (1.4174e+00)
Epoch: [5][ 20/112]	L_Src_Sup 3.3313e-01 (7.8264e-01)	L_Trg_Inj 1.0923e-01 (9.3642e-01)	Loss Disc 6.7575e-01 (6.6254e-01)	Loss Pred 8.0068e-01 (8.1547e-01)	Loss TOTAL 1.4067e+00 (1.3496e+00)
Epoch: [5][ 30/112]	L_Src_Sup 7.2920e-01 (7.8840e-01)	L_Trg_Inj 1.0664e+00 (9.6323e-01)	Loss Disc 6.4647e-01 (6.6298e-01)	Loss Pred 8.0921e-01 (8.1124e-01)	Loss TOTAL 1.3120e+00 (1.3413e+00)
Epoch: [5][ 40/112]	L_Src_Sup 2.1361e-01 (6.5580e-01)	L_Trg_Inj 2.7973e-01 (7.9485e-01)	Loss Disc 6.3507e-01 (6.5997e-01)	Loss Pred 7.9720e-01 (8.0930e-01)	Loss TOTAL 1.1641e+00 (1.3131e+00)
Epoch: [5][ 50/112]	L_Src_Sup 1.3263e-01 (5.9010e-01)	L_Trg_Inj 2.0656e-01 (7.2682e-01)	Loss Disc 6.6451e-01 (6.5898e-01)	Loss Pred 7.9565e-01 (8.0801e-01)	Loss TOTAL 1.1618e+00 (1.2939e+00)
Epoch: [5][ 60/112]	L_Src_Sup 4.0033e-01 (5.3066e-01)	L_Trg_Inj 1.5232e-01 (6.5968e-01)	Loss Disc 6.6617e-01 (6.6146e-01)	Loss Pred 7.8190e-01 (8.0445e-01)	Loss TOTAL 1.4183e+00 (1.2823e+00)
Epoch: [5][ 70/112]	L_Src_Sup 1.5069e-01 (4.9932e-01)	L_Trg_Inj 4.1875e-01 (6.3224e-01)	Loss Disc 6.4615e-01 (6.6216e-01)	Loss Pred 7.5297e-01 (8.0075e-01)	Loss TOTAL 1.1330e+00 (1.2746e+00)
Epoch: [5][ 80/112]	L_Src_Sup 4.2167e-01 (4.6902e-01)	L_Trg_Inj 5.8143e-01 (6.0400e-01)	Loss Disc 6.7957e-01 (6.6329e-01)	Loss Pred 7.8475e-01 (7.9650e-01)	Loss TOTAL 1.2248e+00 (1.2630e+00)
Epoch: [5][ 90/112]	L_Src_Sup 7.7916e-01 (4.5735e-01)	L_Trg_Inj 1.0096e+00 (5.8177e-01)	Loss Disc 6.8223e-01 (6.6534e-01)	Loss Pred 7.9976e-01 (7.9450e-01)	Loss TOTAL 1.3197e+00 (1.2613e+00)
Epoch: [5][100/112]	L_Src_Sup 5.4953e-01 (4.4384e-01)	L_Trg_Inj 6.3162e-01 (5.7060e-01)	Loss Disc 6.7300e-01 (6.6636e-01)	Loss Pred 7.4554e-01 (7.9253e-01)	Loss TOTAL 1.2001e+00 (1.2575e+00)
Epoch: [5][110/112]	L_Src_Sup 3.7912e-01 (4.2470e-01)	L_Trg_Inj 1.1281e-01 (5.5633e-01)	Loss Disc 6.9786e-01 (6.6723e-01)	Loss Pred 7.6559e-01 (7.8949e-01)	Loss TOTAL 1.4300e+00 (1.2513e+00)
Epoch: [5][112/112]	L_Src_Sup 2.2330e-01 (4.2115e-01)	L_Trg_Inj 4.2675e-01 (5.5304e-01)	Loss Disc 6.7342e-01 (6.6736e-01)	Loss Pred 7.3898e-01 (7.8850e-01)	Loss TOTAL 1.1407e+00 (1.2492e+00)
Epoch 5 complete. Saving model state...
Epoch: [6][ 10/112]	L_Src_Sup 3.7466e-01 (2.5102e-01)	L_Trg_Inj 4.2575e-01 (3.8754e-01)	Loss Disc 6.8988e-01 (6.8967e-01)	Loss Pred 7.7010e-01 (7.4407e-01)	Loss TOTAL 1.1951e+00 (1.1607e+00)
Epoch: [6][ 20/112]	L_Src_Sup 9.2889e-03 (2.8519e-01)	L_Trg_Inj 3.5177e-01 (4.0638e-01)	Loss Disc 6.8300e-01 (6.9121e-01)	Loss Pred 7.4948e-01 (7.4948e-01)	Loss TOTAL 1.1271e+00 (1.1723e+00)
Epoch: [6][ 30/112]	L_Src_Sup 3.2385e-01 (2.7707e-01)	L_Trg_Inj 1.2881e-01 (3.7200e-01)	Loss Disc 6.9092e-01 (6.9062e-01)	Loss Pred 7.7818e-01 (7.4833e-01)	Loss TOTAL 1.3640e+00 (1.1818e+00)
Epoch: [6][ 40/112]	L_Src_Sup 2.3211e-01 (3.1576e-01)	L_Trg_Inj 8.8977e-01 (4.4511e-01)	Loss Disc 6.7918e-01 (6.8830e-01)	Loss Pred 7.1772e-01 (7.4374e-01)	Loss TOTAL 1.1695e+00 (1.1899e+00)
Epoch: [6][ 50/112]	L_Src_Sup 1.7747e-01 (2.9569e-01)	L_Trg_Inj 5.8770e-02 (4.5582e-01)	Loss Disc 7.0365e-01 (6.8709e-01)	Loss Pred 7.4912e-01 (7.4218e-01)	Loss TOTAL 1.2433e+00 (1.1840e+00)
Epoch: [6][ 60/112]	L_Src_Sup 7.1603e-02 (2.8972e-01)	L_Trg_Inj 5.3023e-01 (4.5829e-01)	Loss Disc 6.7374e-01 (6.8638e-01)	Loss Pred 7.4336e-01 (7.4076e-01)	Loss TOTAL 1.1404e+00 (1.1816e+00)
Epoch: [6][ 70/112]	L_Src_Sup 3.0967e-01 (2.7826e-01)	L_Trg_Inj 2.6479e-01 (4.5553e-01)	Loss Disc 6.9477e-01 (6.8656e-01)	Loss Pred 6.9100e-01 (7.3844e-01)	Loss TOTAL 1.1407e+00 (1.1781e+00)
Epoch: [6][ 80/112]	L_Src_Sup 1.9170e-01 (2.8765e-01)	L_Trg_Inj 4.4611e-01 (4.6784e-01)	Loss Disc 6.8203e-01 (6.8663e-01)	Loss Pred 7.5392e-01 (7.3597e-01)	Loss TOTAL 1.1587e+00 (1.1773e+00)
Epoch: [6][ 90/112]	L_Src_Sup 7.5342e-02 (2.8323e-01)	L_Trg_Inj 5.2381e-01 (4.7614e-01)	Loss Disc 6.9002e-01 (6.8696e-01)	Loss Pred 7.0049e-01 (7.3397e-01)	Loss TOTAL 1.1054e+00 (1.1740e+00)
Epoch: [6][100/112]	L_Src_Sup 3.3241e-01 (2.7686e-01)	L_Trg_Inj 5.6426e-01 (4.6339e-01)	Loss Disc 6.9623e-01 (6.8796e-01)	Loss Pred 7.3536e-01 (7.3454e-01)	Loss TOTAL 1.1731e+00 (1.1724e+00)
Epoch: [6][110/112]	L_Src_Sup 5.7093e-02 (2.6849e-01)	L_Trg_Inj 1.6694e-01 (4.5040e-01)	Loss Disc 6.9606e-01 (6.8831e-01)	Loss Pred 7.3179e-01 (7.3356e-01)	Loss TOTAL 1.1022e+00 (1.1685e+00)
Epoch: [6][112/112]	L_Src_Sup 3.9149e-01 (2.6769e-01)	L_Trg_Inj 2.1352e-01 (4.4602e-01)	Loss Disc 6.9445e-01 (6.8840e-01)	Loss Pred 7.2463e-01 (7.3358e-01)	Loss TOTAL 1.3103e+00 (1.1693e+00)
Epoch 6 complete. Saving model state...
Epoch: [7][ 10/112]	L_Src_Sup 2.3364e-01 (1.5525e-01)	L_Trg_Inj 3.8784e-01 (3.3691e-01)	Loss Disc 6.8756e-01 (6.9193e-01)	Loss Pred 6.8785e-01 (7.0803e-01)	Loss TOTAL 1.0938e+00 (1.1273e+00)
Epoch: [7][ 20/112]	L_Src_Sup 1.2434e-01 (1.6060e-01)	L_Trg_Inj 4.9730e-01 (3.1916e-01)	Loss Disc 6.8757e-01 (6.9190e-01)	Loss Pred 7.3145e-01 (7.1201e-01)	Loss TOTAL 1.1374e+00 (1.1294e+00)
Epoch: [7][ 30/112]	L_Src_Sup 4.6543e-01 (1.8195e-01)	L_Trg_Inj 4.2810e-01 (3.6051e-01)	Loss Disc 6.8848e-01 (6.9026e-01)	Loss Pred 6.9367e-01 (7.0922e-01)	Loss TOTAL 1.1646e+00 (1.1261e+00)
Epoch: [7][ 40/112]	L_Src_Sup 1.1266e-01 (1.8881e-01)	L_Trg_Inj 2.1419e-01 (3.8803e-01)	Loss Disc 6.8783e-01 (6.8908e-01)	Loss Pred 7.2637e-01 (7.0914e-01)	Loss TOTAL 1.1030e+00 (1.1245e+00)
Epoch: [7][ 50/112]	L_Src_Sup 3.7239e-01 (1.9204e-01)	L_Trg_Inj 7.0969e-01 (3.7645e-01)	Loss Disc 6.8802e-01 (6.8925e-01)	Loss Pred 7.1582e-01 (7.0343e-01)	Loss TOTAL 1.1680e+00 (1.1265e+00)
Epoch: [7][ 60/112]	L_Src_Sup 1.5430e-01 (1.9211e-01)	L_Trg_Inj 5.0422e-01 (4.1118e-01)	Loss Disc 6.8431e-01 (6.8815e-01)	Loss Pred 6.6117e-01 (6.9994e-01)	Loss TOTAL 1.0692e+00 (1.1226e+00)
Epoch: [7][ 70/112]	L_Src_Sup 4.2532e-01 (1.9674e-01)	L_Trg_Inj 3.8234e-01 (4.3382e-01)	Loss Disc 6.8603e-01 (6.8712e-01)	Loss Pred 6.9462e-01 (6.9863e-01)	Loss TOTAL 1.1614e+00 (1.1226e+00)
Epoch: [7][ 80/112]	L_Src_Sup 1.2647e-01 (2.0674e-01)	L_Trg_Inj 7.1673e-01 (4.5850e-01)	Loss Disc 6.7799e-01 (6.8603e-01)	Loss Pred 6.3174e-01 (6.9681e-01)	Loss TOTAL 1.0551e+00 (1.1226e+00)
Epoch: [7][ 90/112]	L_Src_Sup 1.7032e-01 (2.0513e-01)	L_Trg_Inj 5.9247e-01 (4.6766e-01)	Loss Disc 6.8970e-01 (6.8565e-01)	Loss Pred 6.5096e-01 (6.9355e-01)	Loss TOTAL 1.0721e+00 (1.1187e+00)
Epoch: [7][100/112]	L_Src_Sup 3.0496e-01 (2.0965e-01)	L_Trg_Inj 5.4181e-01 (4.7537e-01)	Loss Disc 6.8035e-01 (6.8545e-01)	Loss Pred 7.1700e-01 (6.9345e-01)	Loss TOTAL 1.1418e+00 (1.1196e+00)
Epoch: [7][110/112]	L_Src_Sup 6.9130e-02 (2.0784e-01)	L_Trg_Inj 4.9049e-01 (4.8334e-01)	Loss Disc 6.8119e-01 (6.8500e-01)	Loss Pred 6.5181e-01 (6.9101e-01)	Loss TOTAL 1.0484e+00 (1.1164e+00)
Epoch: [7][112/112]	L_Src_Sup 1.3975e-01 (2.0593e-01)	L_Trg_Inj 4.2126e-01 (4.8226e-01)	Loss Disc 6.8193e-01 (6.8496e-01)	Loss Pred 6.5151e-01 (6.9093e-01)	Loss TOTAL 1.0486e+00 (1.1158e+00)
Epoch 7 complete. Saving model state...
Epoch: [8][ 10/112]	L_Src_Sup 1.8220e-01 (2.0849e-01)	L_Trg_Inj 2.3440e-01 (4.6280e-01)	Loss Disc 6.8902e-01 (6.8146e-01)	Loss Pred 6.8028e-01 (6.7405e-01)	Loss TOTAL 1.0665e+00 (1.0891e+00)
Epoch: [8][ 20/112]	L_Src_Sup 2.0536e-01 (1.9049e-01)	L_Trg_Inj 5.6823e-01 (3.7098e-01)	Loss Disc 6.8744e-01 (6.8519e-01)	Loss Pred 6.6171e-01 (6.7572e-01)	Loss TOTAL 1.0828e+00 (1.0938e+00)
Epoch: [8][ 30/112]	L_Src_Sup 1.7688e-01 (2.0368e-01)	L_Trg_Inj 3.9089e-01 (3.8330e-01)	Loss Disc 6.8218e-01 (6.8398e-01)	Loss Pred 6.8353e-01 (6.7919e-01)	Loss TOTAL 1.0814e+00 (1.0934e+00)
Epoch: [8][ 40/112]	L_Src_Sup 3.9425e-01 (2.0948e-01)	L_Trg_Inj 3.9251e-01 (3.9531e-01)	Loss Disc 6.8099e-01 (6.8332e-01)	Loss Pred 6.6446e-01 (6.7213e-01)	Loss TOTAL 1.0854e+00 (1.0925e+00)
Epoch: [8][ 50/112]	L_Src_Sup 1.6116e-01 (2.1571e-01)	L_Trg_Inj 4.6276e-01 (4.1538e-01)	Loss Disc 6.7533e-01 (6.8214e-01)	Loss Pred 6.0372e-01 (6.6887e-01)	Loss TOTAL 1.0038e+00 (1.0880e+00)
Epoch: [8][ 60/112]	L_Src_Sup 2.9251e-01 (2.2461e-01)	L_Trg_Inj 6.5790e-01 (4.2340e-01)	Loss Disc 6.7660e-01 (6.8159e-01)	Loss Pred 6.7698e-01 (6.6828e-01)	Loss TOTAL 1.1103e+00 (1.0870e+00)
Epoch: [8][ 70/112]	L_Src_Sup 1.4270e-01 (2.2692e-01)	L_Trg_Inj 3.4669e-01 (4.2886e-01)	Loss Disc 6.7288e-01 (6.8027e-01)	Loss Pred 6.2412e-01 (6.6550e-01)	Loss TOTAL 1.0095e+00 (1.0836e+00)
Epoch: [8][ 80/112]	L_Src_Sup 3.5078e-01 (2.3113e-01)	L_Trg_Inj 6.1045e-01 (4.2322e-01)	Loss Disc 6.8031e-01 (6.7967e-01)	Loss Pred 5.7648e-01 (6.6136e-01)	Loss TOTAL 1.0128e+00 (1.0823e+00)
Epoch: [8][ 90/112]	L_Src_Sup 3.3713e-01 (2.3289e-01)	L_Trg_Inj 2.7604e-01 (4.3333e-01)	Loss Disc 6.8388e-01 (6.7955e-01)	Loss Pred 6.8817e-01 (6.5986e-01)	Loss TOTAL 1.1525e+00 (1.0809e+00)
Epoch: [8][100/112]	L_Src_Sup 1.3777e-01 (2.2701e-01)	L_Trg_Inj 2.2701e-01 (4.3014e-01)	Loss Disc 6.8339e-01 (6.7939e-01)	Loss Pred 6.2495e-01 (6.5836e-01)	Loss TOTAL 1.0031e+00 (1.0769e+00)
Epoch: [8][110/112]	L_Src_Sup 2.3609e-01 (2.2294e-01)	L_Trg_Inj 5.0728e-01 (4.2705e-01)	Loss Disc 6.8092e-01 (6.7957e-01)	Loss Pred 6.1306e-01 (6.5883e-01)	Loss TOTAL 1.0279e+00 (1.0770e+00)
Epoch: [8][112/112]	L_Src_Sup 1.0143e-01 (2.2299e-01)	L_Trg_Inj 4.5679e-01 (4.2724e-01)	Loss Disc 6.7750e-01 (6.7958e-01)	Loss Pred 7.8439e-01 (6.5937e-01)	Loss TOTAL 1.1790e+00 (1.0773e+00)
Epoch 8 complete. Saving model state...
Epoch: [9][ 10/112]	L_Src_Sup 1.7336e-01 (2.4041e-01)	L_Trg_Inj 2.4733e-01 (3.5801e-01)	Loss Disc 6.8640e-01 (6.8332e-01)	Loss Pred 6.9282e-01 (6.7782e-01)	Loss TOTAL 1.0781e+00 (1.0961e+00)
Epoch: [9][ 20/112]	L_Src_Sup 3.3278e-01 (2.5811e-01)	L_Trg_Inj 3.4717e-01 (4.0919e-01)	Loss Disc 6.8703e-01 (6.8366e-01)	Loss Pred 7.3743e-01 (6.7679e-01)	Loss TOTAL 1.1489e+00 (1.1033e+00)
Epoch: [9][ 30/112]	L_Src_Sup 2.0814e-01 (2.5106e-01)	L_Trg_Inj 6.9794e-01 (4.3736e-01)	Loss Disc 6.7510e-01 (6.8297e-01)	Loss Pred 7.0939e-01 (6.7183e-01)	Loss TOTAL 1.1375e+00 (1.0983e+00)
Epoch: [9][ 40/112]	L_Src_Sup 1.5340e-01 (2.3943e-01)	L_Trg_Inj 5.5090e-01 (4.5420e-01)	Loss Disc 6.7626e-01 (6.8196e-01)	Loss Pred 6.0471e-01 (6.5934e-01)	Loss TOTAL 1.0133e+00 (1.0851e+00)
Epoch: [9][ 50/112]	L_Src_Sup 3.6401e-01 (2.2833e-01)	L_Trg_Inj 1.0120e-01 (4.2969e-01)	Loss Disc 6.9228e-01 (6.8230e-01)	Loss Pred 6.5054e-01 (6.4747e-01)	Loss TOTAL 1.3060e+00 (1.0720e+00)
Epoch: [9][ 60/112]	L_Src_Sup 1.1720e-01 (2.1554e-01)	L_Trg_Inj 4.5235e-01 (4.0027e-01)	Loss Disc 6.8360e-01 (6.8241e-01)	Loss Pred 6.5766e-01 (6.4794e-01)	Loss TOTAL 1.0564e+00 (1.0671e+00)
Epoch: [9][ 70/112]	L_Src_Sup 1.7480e-01 (2.1850e-01)	L_Trg_Inj 3.9672e-01 (3.9741e-01)	Loss Disc 6.8226e-01 (6.8263e-01)	Loss Pred 5.5920e-01 (6.4601e-01)	Loss TOTAL 9.5749e-01 (1.0658e+00)
Epoch: [9][ 80/112]	L_Src_Sup 1.5616e-01 (2.2686e-01)	L_Trg_Inj 3.5447e-01 (3.9750e-01)	Loss Disc 6.8306e-01 (6.8289e-01)	Loss Pred 5.7622e-01 (6.4354e-01)	Loss TOTAL 9.6881e-01 (1.0627e+00)
Epoch: [9][ 90/112]	L_Src_Sup 4.2419e-01 (2.2171e-01)	L_Trg_Inj 6.5034e-01 (3.8766e-01)	Loss Disc 6.7401e-01 (6.8314e-01)	Loss Pred 6.1386e-01 (6.4206e-01)	Loss TOTAL 1.0583e+00 (1.0596e+00)
Epoch: [9][100/112]	L_Src_Sup 2.7308e-01 (2.1585e-01)	L_Trg_Inj 9.2748e-02 (3.8367e-01)	Loss Disc 6.9341e-01 (6.8309e-01)	Loss Pred 7.3179e-01 (6.4123e-01)	Loss TOTAL 1.2954e+00 (1.0580e+00)
Epoch: [9][110/112]	L_Src_Sup 7.9351e-02 (2.1667e-01)	L_Trg_Inj 6.3081e-01 (3.8663e-01)	Loss Disc 6.8117e-01 (6.8323e-01)	Loss Pred 5.9085e-01 (6.3852e-01)	Loss TOTAL 1.0024e+00 (1.0559e+00)
Epoch: [9][112/112]	L_Src_Sup 4.5912e-01 (2.1719e-01)	L_Trg_Inj 7.5617e-01 (3.8990e-01)	Loss Disc 6.6642e-01 (6.8307e-01)	Loss Pred 6.2039e-01 (6.3766e-01)	Loss TOTAL 1.0751e+00 (1.0551e+00)
Epoch 9 complete. Saving model state...
Epoch: [10][ 10/112]	L_Src_Sup 2.2228e-01 (2.0083e-01)	L_Trg_Inj 4.8754e-01 (4.1676e-01)	Loss Disc 6.7505e-01 (6.7804e-01)	Loss Pred 5.7818e-01 (6.4193e-01)	Loss TOTAL 9.8669e-01 (1.0590e+00)
Epoch: [10][ 20/112]	L_Src_Sup 2.7540e-01 (2.4157e-01)	L_Trg_Inj 3.2326e-01 (4.4591e-01)	Loss Disc 6.8589e-01 (6.7961e-01)	Loss Pred 6.3865e-01 (6.4197e-01)	Loss TOTAL 1.0415e+00 (1.0626e+00)
Epoch: [10][ 30/112]	L_Src_Sup 7.6853e-02 (2.2639e-01)	L_Trg_Inj 5.6257e-01 (4.2168e-01)	Loss Disc 6.6952e-01 (6.7970e-01)	Loss Pred 5.6506e-01 (6.2970e-01)	Loss TOTAL 9.6376e-01 (1.0486e+00)
Epoch: [10][ 40/112]	L_Src_Sup 2.7992e-01 (2.2827e-01)	L_Trg_Inj 6.3936e-01 (4.3747e-01)	Loss Disc 6.7416e-01 (6.7934e-01)	Loss Pred 5.9430e-01 (6.3016e-01)	Loss TOTAL 1.0233e+00 (1.0491e+00)
Epoch: [10][ 50/112]	L_Src_Sup 2.4184e-01 (2.2463e-01)	L_Trg_Inj 3.2491e-01 (4.3855e-01)	Loss Disc 6.8693e-01 (6.7929e-01)	Loss Pred 5.5064e-01 (6.2657e-01)	Loss TOTAL 9.5078e-01 (1.0427e+00)
Epoch: [10][ 60/112]	L_Src_Sup 2.3570e-01 (2.2333e-01)	L_Trg_Inj 2.7997e-01 (4.2668e-01)	Loss Disc 6.8290e-01 (6.7972e-01)	Loss Pred 6.4458e-01 (6.2964e-01)	Loss TOTAL 1.0376e+00 (1.0447e+00)
Epoch: [10][ 70/112]	L_Src_Sup 1.3739e-01 (2.1588e-01)	L_Trg_Inj 5.3710e-01 (4.0242e-01)	Loss Disc 6.7785e-01 (6.8054e-01)	Loss Pred 6.3300e-01 (6.2746e-01)	Loss TOTAL 1.0394e+00 (1.0421e+00)
Epoch: [10][ 80/112]	L_Src_Sup 1.6118e-01 (2.0947e-01)	L_Trg_Inj 2.1613e-01 (4.1363e-01)	Loss Disc 6.8914e-01 (6.8045e-01)	Loss Pred 5.4584e-01 (6.2624e-01)	Loss TOTAL 9.2814e-01 (1.0397e+00)
Epoch: [10][ 90/112]	L_Src_Sup 1.0489e-01 (2.0820e-01)	L_Trg_Inj 4.4116e-01 (4.1023e-01)	Loss Disc 6.8138e-01 (6.8075e-01)	Loss Pred 4.7981e-01 (6.2529e-01)	Loss TOTAL 8.7511e-01 (1.0394e+00)
Epoch: [10][100/112]	L_Src_Sup 4.5113e-01 (2.0973e-01)	L_Trg_Inj 3.3358e-01 (4.0726e-01)	Loss Disc 6.8192e-01 (6.8092e-01)	Loss Pred 6.0895e-01 (6.2468e-01)	Loss TOTAL 1.1459e+00 (1.0387e+00)
Epoch: [10][110/112]	L_Src_Sup 1.1471e-01 (2.0946e-01)	L_Trg_Inj 2.2833e-01 (4.1869e-01)	Loss Disc 6.8829e-01 (6.8069e-01)	Loss Pred 6.5191e-01 (6.2379e-01)	Loss TOTAL 1.0304e+00 (1.0378e+00)
Epoch: [10][112/112]	L_Src_Sup 4.0015e-01 (2.1072e-01)	L_Trg_Inj 1.9484e-01 (4.1467e-01)	Loss Disc 6.8970e-01 (6.8085e-01)	Loss Pred 5.9719e-01 (6.2282e-01)	Loss TOTAL 1.2068e+00 (1.0382e+00)
Epoch 10 complete. Saving model state...
Epoch: [11][ 10/112]	L_Src_Sup 2.3512e-01 (2.0787e-01)	L_Trg_Inj 2.6094e-01 (3.3148e-01)	Loss Disc 6.8183e-01 (6.8095e-01)	Loss Pred 6.4033e-01 (6.4387e-01)	Loss TOTAL 1.0309e+00 (1.0587e+00)
Epoch: [11][ 20/112]	L_Src_Sup 6.6631e-02 (1.9015e-01)	L_Trg_Inj 6.0522e-01 (3.8686e-01)	Loss Disc 6.7910e-01 (6.8161e-01)	Loss Pred 5.9473e-01 (6.3972e-01)	Loss TOTAL 1.0015e+00 (1.0625e+00)
Epoch: [11][ 30/112]	L_Src_Sup 6.9186e-02 (2.0300e-01)	L_Trg_Inj 5.0618e-01 (4.1597e-01)	Loss Disc 6.8207e-01 (6.8326e-01)	Loss Pred 5.8280e-01 (6.2758e-01)	Loss TOTAL 9.8137e-01 (1.0486e+00)
Epoch: [11][ 40/112]	L_Src_Sup 1.7664e-01 (1.9715e-01)	L_Trg_Inj 3.4891e-01 (4.1175e-01)	Loss Disc 6.8541e-01 (6.8333e-01)	Loss Pred 6.3832e-01 (6.2272e-01)	Loss TOTAL 1.0336e+00 (1.0387e+00)
Epoch: [11][ 50/112]	L_Src_Sup 1.3785e-01 (1.9786e-01)	L_Trg_Inj 7.2015e-02 (3.8735e-01)	Loss Disc 6.9812e-01 (6.8413e-01)	Loss Pred 5.8167e-01 (6.2487e-01)	Loss TOTAL 1.0175e+00 (1.0400e+00)
Epoch: [11][ 60/112]	L_Src_Sup 1.8386e-01 (1.9919e-01)	L_Trg_Inj 3.6292e-01 (3.6947e-01)	Loss Disc 6.8323e-01 (6.8449e-01)	Loss Pred 5.0024e-01 (6.1922e-01)	Loss TOTAL 8.9653e-01 (1.0373e+00)
Epoch: [11][ 70/112]	L_Src_Sup 3.1818e-01 (1.9639e-01)	L_Trg_Inj 4.6422e-01 (3.7250e-01)	Loss Disc 6.8075e-01 (6.8420e-01)	Loss Pred 6.8258e-01 (6.1896e-01)	Loss TOTAL 1.1012e+00 (1.0347e+00)
Epoch: [11][ 80/112]	L_Src_Sup 5.7349e-01 (1.9697e-01)	L_Trg_Inj 5.6770e-01 (3.6431e-01)	Loss Disc 7.0041e-01 (6.8474e-01)	Loss Pred 4.7357e-01 (6.1607e-01)	Loss TOTAL 9.4368e-01 (1.0294e+00)
Epoch: [11][ 90/112]	L_Src_Sup 1.2482e-01 (2.0293e-01)	L_Trg_Inj 4.3961e-01 (3.7577e-01)	Loss Disc 6.7844e-01 (6.8417e-01)	Loss Pred 6.1331e-01 (6.1413e-01)	Loss TOTAL 1.0090e+00 (1.0290e+00)
Epoch: [11][100/112]	L_Src_Sup 2.2988e-01 (2.0734e-01)	L_Trg_Inj 5.8010e-01 (3.9684e-01)	Loss Disc 6.7201e-01 (6.8298e-01)	Loss Pred 6.4729e-01 (6.1550e-01)	Loss TOTAL 1.0643e+00 (1.0308e+00)
Epoch: [11][110/112]	L_Src_Sup 1.7389e-01 (2.0775e-01)	L_Trg_Inj 5.3549e-01 (3.9127e-01)	Loss Disc 6.7520e-01 (6.8280e-01)	Loss Pred 5.0720e-01 (6.1410e-01)	Loss TOTAL 9.1573e-01 (1.0305e+00)
Epoch: [11][112/112]	L_Src_Sup 8.4986e-02 (2.0542e-01)	L_Trg_Inj 4.3362e-01 (3.9275e-01)	Loss Disc 6.7712e-01 (6.8267e-01)	Loss Pred 5.1793e-01 (6.1291e-01)	Loss TOTAL 9.0835e-01 (1.0288e+00)
Epoch 11 complete. Saving model state...
Epoch: [12][ 10/112]	L_Src_Sup 1.9520e-01 (2.2539e-01)	L_Trg_Inj 5.1044e-01 (3.1906e-01)	Loss Disc 6.7818e-01 (6.8169e-01)	Loss Pred 7.1711e-01 (6.2683e-01)	Loss TOTAL 1.1268e+00 (1.0309e+00)
Epoch: [12][ 20/112]	L_Src_Sup 7.0208e-02 (1.9061e-01)	L_Trg_Inj 1.7700e-01 (3.5076e-01)	Loss Disc 6.9178e-01 (6.8307e-01)	Loss Pred 5.7475e-01 (6.1751e-01)	Loss TOTAL 9.4536e-01 (1.0175e+00)
Epoch: [12][ 30/112]	L_Src_Sup 2.7195e-01 (1.9273e-01)	L_Trg_Inj 2.8162e-01 (3.0690e-01)	Loss Disc 6.9045e-01 (6.8552e-01)	Loss Pred 6.6949e-01 (6.1780e-01)	Loss TOTAL 1.0701e+00 (1.0304e+00)
Epoch: [12][ 40/112]	L_Src_Sup 9.6203e-02 (1.8508e-01)	L_Trg_Inj 5.6431e-01 (3.2046e-01)	Loss Disc 6.8575e-01 (6.8591e-01)	Loss Pred 6.9459e-01 (6.1637e-01)	Loss TOTAL 1.1035e+00 (1.0281e+00)
Epoch: [12][ 50/112]	L_Src_Sup 1.3990e-01 (1.8648e-01)	L_Trg_Inj 3.5862e-01 (3.3610e-01)	Loss Disc 6.8434e-01 (6.8556e-01)	Loss Pred 5.8509e-01 (6.1425e-01)	Loss TOTAL 9.7711e-01 (1.0249e+00)
Epoch: [12][ 60/112]	L_Src_Sup 2.3123e-01 (1.8861e-01)	L_Trg_Inj 4.5338e-01 (3.3586e-01)	Loss Disc 6.7721e-01 (6.8530e-01)	Loss Pred 5.3583e-01 (6.1657e-01)	Loss TOTAL 9.4290e-01 (1.0254e+00)
Epoch: [12][ 70/112]	L_Src_Sup 1.9752e-01 (1.9676e-01)	L_Trg_Inj 6.5153e-01 (3.5541e-01)	Loss Disc 6.7615e-01 (6.8443e-01)	Loss Pred 6.0815e-01 (6.0846e-01)	Loss TOTAL 1.0311e+00 (1.0218e+00)
Epoch: [12][ 80/112]	L_Src_Sup 2.2270e-01 (1.9359e-01)	L_Trg_Inj 1.9884e-01 (3.6345e-01)	Loss Disc 6.8954e-01 (6.8414e-01)	Loss Pred 5.4665e-01 (6.0626e-01)	Loss TOTAL 9.5744e-01 (1.0182e+00)
Epoch: [12][ 90/112]	L_Src_Sup 1.2440e-01 (1.9269e-01)	L_Trg_Inj 4.2822e-01 (3.7378e-01)	Loss Disc 6.8127e-01 (6.8374e-01)	Loss Pred 6.0765e-01 (6.0695e-01)	Loss TOTAL 1.0035e+00 (1.0183e+00)
Epoch: [12][100/112]	L_Src_Sup 1.5717e-01 (1.9314e-01)	L_Trg_Inj 4.8991e-01 (3.6697e-01)	Loss Disc 6.7756e-01 (6.8396e-01)	Loss Pred 6.9382e-01 (6.0677e-01)	Loss TOTAL 1.0973e+00 (1.0178e+00)
Epoch: [12][110/112]	L_Src_Sup 8.0192e-02 (1.9590e-01)	L_Trg_Inj 1.5648e-01 (3.7099e-01)	Loss Disc 6.9100e-01 (6.8385e-01)	Loss Pred 5.4487e-01 (6.0721e-01)	Loss TOTAL 9.1404e-01 (1.0177e+00)
Epoch: [12][112/112]	L_Src_Sup 1.3518e-01 (1.9545e-01)	L_Trg_Inj 3.9148e-01 (3.6920e-01)	Loss Disc 6.8246e-01 (6.8392e-01)	Loss Pred 5.8050e-01 (6.0663e-01)	Loss TOTAL 9.7439e-01 (1.0172e+00)
Epoch 12 complete. Saving model state...
Epoch: [13][ 10/112]	L_Src_Sup 0.0000e+00 (2.0794e-01)	L_Trg_Inj 3.1475e-01 (4.1683e-01)	Loss Disc 6.8466e-01 (6.8215e-01)	Loss Pred 5.9309e-01 (6.4482e-01)	Loss TOTAL 9.6690e-01 (1.0500e+00)
Epoch: [13][ 20/112]	L_Src_Sup 1.1323e-01 (2.2069e-01)	L_Trg_Inj 4.5357e-01 (4.3929e-01)	Loss Disc 6.8352e-01 (6.8233e-01)	Loss Pred 6.5642e-01 (6.3658e-01)	Loss TOTAL 1.0549e+00 (1.0508e+00)
Epoch: [13][ 30/112]	L_Src_Sup 1.7606e-01 (2.1356e-01)	L_Trg_Inj 5.5574e-01 (4.1327e-01)	Loss Disc 6.7747e-01 (6.8379e-01)	Loss Pred 6.3075e-01 (6.2245e-01)	Loss TOTAL 1.0427e+00 (1.0354e+00)
Epoch: [13][ 40/112]	L_Src_Sup 1.1617e-01 (2.0686e-01)	L_Trg_Inj 3.2377e-01 (4.2468e-01)	Loss Disc 6.8877e-01 (6.8305e-01)	Loss Pred 6.4209e-01 (6.1612e-01)	Loss TOTAL 1.0305e+00 (1.0288e+00)
Epoch: [13][ 50/112]	L_Src_Sup 3.9963e-01 (2.0805e-01)	L_Trg_Inj 1.7978e-01 (4.0201e-01)	Loss Disc 6.8951e-01 (6.8357e-01)	Loss Pred 4.5687e-01 (6.0753e-01)	Loss TOTAL 1.0794e+00 (1.0248e+00)
Epoch: [13][ 60/112]	L_Src_Sup 1.3640e-01 (2.0670e-01)	L_Trg_Inj 1.9391e-01 (4.0526e-01)	Loss Disc 6.9475e-01 (6.8429e-01)	Loss Pred 6.0467e-01 (6.0620e-01)	Loss TOTAL 9.8507e-01 (1.0216e+00)
Epoch: [13][ 70/112]	L_Src_Sup 2.0541e-01 (2.1434e-01)	L_Trg_Inj 3.8161e-01 (4.0187e-01)	Loss Disc 6.8661e-01 (6.8468e-01)	Loss Pred 6.8890e-01 (6.0039e-01)	Loss TOTAL 1.0909e+00 (1.0175e+00)
Epoch: [13][ 80/112]	L_Src_Sup 2.4837e-01 (2.1018e-01)	L_Trg_Inj 1.8390e-01 (3.8285e-01)	Loss Disc 6.9077e-01 (6.8540e-01)	Loss Pred 6.0130e-01 (6.0200e-01)	Loss TOTAL 1.0544e+00 (1.0165e+00)
Epoch: [13][ 90/112]	L_Src_Sup 1.2489e-01 (2.0752e-01)	L_Trg_Inj 3.2581e-01 (3.7725e-01)	Loss Disc 6.8761e-01 (6.8541e-01)	Loss Pred 6.0051e-01 (6.0125e-01)	Loss TOTAL 9.8938e-01 (1.0137e+00)
Epoch: [13][100/112]	L_Src_Sup 1.5498e-01 (2.0805e-01)	L_Trg_Inj 5.5143e-01 (3.7704e-01)	Loss Disc 6.7948e-01 (6.8521e-01)	Loss Pred 5.4677e-01 (5.9887e-01)	Loss TOTAL 9.5715e-01 (1.0118e+00)
Epoch: [13][110/112]	L_Src_Sup 2.2220e-01 (2.0346e-01)	L_Trg_Inj 2.6458e-01 (3.8777e-01)	Loss Disc 6.9011e-01 (6.8449e-01)	Loss Pred 6.4618e-01 (6.0013e-01)	Loss TOTAL 1.0399e+00 (1.0123e+00)
Epoch: [13][112/112]	L_Src_Sup 1.2134e-01 (2.0467e-01)	L_Trg_Inj 1.3279e-01 (3.8358e-01)	Loss Disc 6.9061e-01 (6.8466e-01)	Loss Pred 6.0473e-01 (6.0078e-01)	Loss TOTAL 9.7544e-01 (1.0147e+00)
Epoch 13 complete. Saving model state...
Epoch: [14][ 10/112]	L_Src_Sup 3.4758e-01 (1.8807e-01)	L_Trg_Inj 6.4808e-01 (3.2850e-01)	Loss Disc 6.9272e-01 (6.8533e-01)	Loss Pred 5.2286e-01 (5.7000e-01)	Loss TOTAL 9.6879e-01 (9.6640e-01)
Epoch: [14][ 20/112]	L_Src_Sup 1.3040e-01 (2.0128e-01)	L_Trg_Inj 3.8895e-01 (3.7804e-01)	Loss Disc 6.8614e-01 (6.8623e-01)	Loss Pred 6.6169e-01 (5.8042e-01)	Loss TOTAL 1.0567e+00 (9.8661e-01)
Epoch: [14][ 30/112]	L_Src_Sup 4.7493e-01 (2.2019e-01)	L_Trg_Inj 3.9308e-01 (3.8258e-01)	Loss Disc 6.8308e-01 (6.8425e-01)	Loss Pred 4.6485e-01 (5.7089e-01)	Loss TOTAL 9.7504e-01 (9.8019e-01)
Epoch: [14][ 40/112]	L_Src_Sup 1.2544e-01 (2.1653e-01)	L_Trg_Inj 3.2040e-01 (4.0524e-01)	Loss Disc 6.9042e-01 (6.8540e-01)	Loss Pred 5.8586e-01 (5.7828e-01)	Loss TOTAL 9.7565e-01 (9.8833e-01)
Epoch: [14][ 50/112]	L_Src_Sup 7.3714e-02 (2.0439e-01)	L_Trg_Inj 3.2987e-01 (3.8145e-01)	Loss Disc 6.8468e-01 (6.8591e-01)	Loss Pred 5.2156e-01 (5.7530e-01)	Loss TOTAL 9.0426e-01 (9.8182e-01)
Epoch: [14][ 60/112]	L_Src_Sup 1.1542e-01 (1.9378e-01)	L_Trg_Inj 2.4762e-01 (3.4560e-01)	Loss Disc 6.8215e-01 (6.8607e-01)	Loss Pred 6.1112e-01 (5.7385e-01)	Loss TOTAL 9.8850e-01 (9.7993e-01)
Epoch: [14][ 70/112]	L_Src_Sup 4.3534e-01 (1.9700e-01)	L_Trg_Inj 5.4459e-01 (3.5540e-01)	Loss Disc 6.7552e-01 (6.8612e-01)	Loss Pred 5.7397e-01 (5.7208e-01)	Loss TOTAL 1.0097e+00 (9.7968e-01)
Epoch: [14][ 80/112]	L_Src_Sup 3.3400e-01 (2.0825e-01)	L_Trg_Inj 4.6785e-01 (3.6955e-01)	Loss Disc 6.8256e-01 (6.8589e-01)	Loss Pred 6.1835e-01 (5.7235e-01)	Loss TOTAL 1.0398e+00 (9.8357e-01)
Epoch: [14][ 90/112]	L_Src_Sup 6.4661e-02 (2.0299e-01)	L_Trg_Inj 2.7870e-01 (3.6781e-01)	Loss Disc 6.8739e-01 (6.8596e-01)	Loss Pred 5.4399e-01 (5.7634e-01)	Loss TOTAL 9.2202e-01 (9.8713e-01)
Epoch: [14][100/112]	L_Src_Sup 1.8661e-01 (2.1366e-01)	L_Trg_Inj 4.7002e-01 (3.8384e-01)	Loss Disc 6.9033e-01 (6.8636e-01)	Loss Pred 5.8795e-01 (5.7843e-01)	Loss TOTAL 9.9878e-01 (9.9323e-01)
Epoch: [14][110/112]	L_Src_Sup 1.0585e-01 (2.0866e-01)	L_Trg_Inj 2.0016e-01 (3.8536e-01)	Loss Disc 6.8927e-01 (6.8641e-01)	Loss Pred 6.2107e-01 (5.7731e-01)	Loss TOTAL 9.9630e-01 (9.9071e-01)
Epoch: [14][112/112]	L_Src_Sup 3.0699e-01 (2.0899e-01)	L_Trg_Inj 1.4681e-01 (3.8055e-01)	Loss Disc 6.8599e-01 (6.8643e-01)	Loss Pred 4.8357e-01 (5.7718e-01)	Loss TOTAL 1.0321e+00 (9.9194e-01)
Epoch 14 complete. Saving model state...
Epoch: [15][ 10/112]	L_Src_Sup 3.0767e-01 (2.4785e-01)	L_Trg_Inj 5.9993e-01 (5.7301e-01)	Loss Disc 6.7870e-01 (6.8461e-01)	Loss Pred 5.6016e-01 (5.6813e-01)	Loss TOTAL 9.9027e-01 (9.9252e-01)
Epoch: [15][ 20/112]	L_Src_Sup 1.1977e-01 (2.1265e-01)	L_Trg_Inj 4.5336e-01 (4.8418e-01)	Loss Disc 6.7902e-01 (6.8627e-01)	Loss Pred 5.6127e-01 (5.5109e-01)	Loss TOTAL 9.5809e-01 (9.6622e-01)
Epoch: [15][ 30/112]	L_Src_Sup 1.8345e-01 (2.3800e-01)	L_Trg_Inj 4.4639e-01 (5.0259e-01)	Loss Disc 6.7885e-01 (6.8421e-01)	Loss Pred 5.4867e-01 (5.5024e-01)	Loss TOTAL 9.5108e-01 (9.7475e-01)
Epoch: [15][ 40/112]	L_Src_Sup 3.0126e-01 (2.3066e-01)	L_Trg_Inj 2.4754e-01 (4.5441e-01)	Loss Disc 6.8409e-01 (6.8443e-01)	Loss Pred 6.2417e-01 (5.5078e-01)	Loss TOTAL 1.0748e+00 (9.7103e-01)
Epoch: [15][ 50/112]	L_Src_Sup 3.7257e-01 (2.3489e-01)	L_Trg_Inj 2.2332e-01 (4.4951e-01)	Loss Disc 6.8887e-01 (6.8391e-01)	Loss Pred 4.7482e-01 (5.4343e-01)	Loss TOTAL 1.0281e+00 (9.6443e-01)
Epoch: [15][ 60/112]	L_Src_Sup 2.0734e-01 (2.3625e-01)	L_Trg_Inj 4.7119e-01 (4.7000e-01)	Loss Disc 6.7688e-01 (6.8292e-01)	Loss Pred 4.9560e-01 (5.3736e-01)	Loss TOTAL 9.0190e-01 (9.6042e-01)
Epoch: [15][ 70/112]	L_Src_Sup 4.4402e-01 (2.3136e-01)	L_Trg_Inj 1.8767e-01 (4.6092e-01)	Loss Disc 6.8430e-01 (6.8257e-01)	Loss Pred 5.2633e-01 (5.3641e-01)	Loss TOTAL 1.1880e+00 (9.5999e-01)
Epoch: [15][ 80/112]	L_Src_Sup 3.3433e-01 (2.3559e-01)	L_Trg_Inj 3.3283e-01 (4.4864e-01)	Loss Disc 6.8367e-01 (6.8237e-01)	Loss Pred 5.6742e-01 (5.3693e-01)	Loss TOTAL 9.7747e-01 (9.5865e-01)
Epoch: [15][ 90/112]	L_Src_Sup 3.0922e-01 (2.3448e-01)	L_Trg_Inj 4.3353e-01 (4.5721e-01)	Loss Disc 6.6965e-01 (6.8160e-01)	Loss Pred 4.5505e-01 (5.3484e-01)	Loss TOTAL 8.6415e-01 (9.5558e-01)
Epoch: [15][100/112]	L_Src_Sup 2.5596e-01 (2.3558e-01)	L_Trg_Inj 5.1870e-01 (4.4532e-01)	Loss Disc 6.7865e-01 (6.8187e-01)	Loss Pred 5.3256e-01 (5.3302e-01)	Loss TOTAL 9.4936e-01 (9.5527e-01)
Epoch: [15][110/112]	L_Src_Sup 1.5675e-01 (2.3144e-01)	L_Trg_Inj 1.9909e-01 (4.4924e-01)	Loss Disc 6.9244e-01 (6.8167e-01)	Loss Pred 4.6660e-01 (5.2975e-01)	Loss TOTAL 8.4840e-01 (9.5069e-01)
Epoch: [15][112/112]	L_Src_Sup 3.3362e-01 (2.3234e-01)	L_Trg_Inj 4.0285e-01 (4.4618e-01)	Loss Disc 6.8089e-01 (6.8172e-01)	Loss Pred 5.0512e-01 (5.2971e-01)	Loss TOTAL 9.1921e-01 (9.5091e-01)
Epoch 15 complete. Saving model state...
Epoch: [16][ 10/112]	L_Src_Sup 1.5382e-01 (2.0258e-01)	L_Trg_Inj 3.5392e-01 (3.2454e-01)	Loss Disc 6.8669e-01 (6.8592e-01)	Loss Pred 4.4515e-01 (5.0719e-01)	Loss TOTAL 8.3926e-01 (9.3597e-01)
Epoch: [16][ 20/112]	L_Src_Sup 3.2311e-01 (2.2850e-01)	L_Trg_Inj 5.0167e-01 (3.5532e-01)	Loss Disc 6.7671e-01 (6.8538e-01)	Loss Pred 5.0239e-01 (5.1469e-01)	Loss TOTAL 9.2323e-01 (9.3735e-01)
Epoch: [16][ 30/112]	L_Src_Sup 1.8416e-01 (2.2755e-01)	L_Trg_Inj 5.9552e-01 (3.9618e-01)	Loss Disc 6.7963e-01 (6.8440e-01)	Loss Pred 5.6683e-01 (5.2207e-01)	Loss TOTAL 9.8461e-01 (9.4620e-01)
Epoch: [16][ 40/112]	L_Src_Sup 6.1079e-02 (2.3151e-01)	L_Trg_Inj 3.8805e-01 (4.2589e-01)	Loss Disc 6.8139e-01 (6.8275e-01)	Loss Pred 5.1926e-01 (5.1937e-01)	Loss TOTAL 9.0487e-01 (9.4115e-01)
Epoch: [16][ 50/112]	L_Src_Sup 1.7245e-01 (2.2481e-01)	L_Trg_Inj 2.8968e-01 (4.2063e-01)	Loss Disc 6.8461e-01 (6.8264e-01)	Loss Pred 5.4315e-01 (5.2079e-01)	Loss TOTAL 9.3167e-01 (9.3870e-01)
Epoch: [16][ 60/112]	L_Src_Sup 4.2822e-01 (2.2454e-01)	L_Trg_Inj 4.6671e-01 (4.0480e-01)	Loss Disc 6.8028e-01 (6.8320e-01)	Loss Pred 4.7334e-01 (5.1673e-01)	Loss TOTAL 9.0298e-01 (9.3455e-01)
Epoch: [16][ 70/112]	L_Src_Sup 1.8216e-01 (2.2243e-01)	L_Trg_Inj 3.3554e-01 (3.9960e-01)	Loss Disc 6.7987e-01 (6.8248e-01)	Loss Pred 5.2400e-01 (5.1527e-01)	Loss TOTAL 9.1570e-01 (9.3052e-01)
Epoch: [16][ 80/112]	L_Src_Sup 1.7166e-01 (2.1967e-01)	L_Trg_Inj 5.3961e-01 (4.0067e-01)	Loss Disc 6.7591e-01 (6.8279e-01)	Loss Pred 5.4227e-01 (5.1779e-01)	Loss TOTAL 9.5135e-01 (9.3440e-01)
Epoch: [16][ 90/112]	L_Src_Sup 8.7278e-02 (2.1948e-01)	L_Trg_Inj 5.1650e-01 (4.0313e-01)	Loss Disc 6.8630e-01 (6.8280e-01)	Loss Pred 4.2709e-01 (5.1254e-01)	Loss TOTAL 8.3061e-01 (9.2872e-01)
Epoch: [16][100/112]	L_Src_Sup 1.1782e-01 (2.1199e-01)	L_Trg_Inj 3.8333e-01 (4.0346e-01)	Loss Disc 6.8495e-01 (6.8318e-01)	Loss Pred 5.3025e-01 (5.1197e-01)	Loss TOTAL 9.2284e-01 (9.2637e-01)
Epoch: [16][110/112]	L_Src_Sup 3.4893e-01 (2.1239e-01)	L_Trg_Inj 3.0269e-01 (3.9367e-01)	Loss Disc 6.9201e-01 (6.8392e-01)	Loss Pred 4.7315e-01 (5.1201e-01)	Loss TOTAL 9.3055e-01 (9.2605e-01)
Epoch: [16][112/112]	L_Src_Sup 2.0039e-01 (2.1181e-01)	L_Trg_Inj 2.6468e-01 (3.9264e-01)	Loss Disc 6.9301e-01 (6.8406e-01)	Loss Pred 4.8802e-01 (5.1231e-01)	Loss TOTAL 8.8103e-01 (9.2604e-01)
Epoch 16 complete. Saving model state...
Epoch: [17][ 10/112]	L_Src_Sup 1.6811e-01 (1.6291e-01)	L_Trg_Inj 3.2801e-01 (2.9764e-01)	Loss Disc 6.9949e-01 (6.8810e-01)	Loss Pred 5.6103e-01 (5.1797e-01)	Loss TOTAL 9.6038e-01 (9.2986e-01)
Epoch: [17][ 20/112]	L_Src_Sup 1.1770e-01 (1.9253e-01)	L_Trg_Inj 4.4470e-01 (3.8084e-01)	Loss Disc 6.8601e-01 (6.8723e-01)	Loss Pred 5.2623e-01 (5.1306e-01)	Loss TOTAL 9.2548e-01 (9.3036e-01)
Epoch: [17][ 30/112]	L_Src_Sup 2.3187e-01 (1.8524e-01)	L_Trg_Inj 3.9511e-01 (3.8656e-01)	Loss Disc 6.8770e-01 (6.8754e-01)	Loss Pred 4.3808e-01 (5.1954e-01)	Loss TOTAL 8.4463e-01 (9.3275e-01)
Epoch: [17][ 40/112]	L_Src_Sup 2.8860e-01 (1.9658e-01)	L_Trg_Inj 6.2882e-01 (4.3873e-01)	Loss Disc 6.7309e-01 (6.8456e-01)	Loss Pred 4.8556e-01 (5.2031e-01)	Loss TOTAL 9.1384e-01 (9.3621e-01)
Epoch: [17][ 50/112]	L_Src_Sup 6.4973e-02 (1.8796e-01)	L_Trg_Inj 2.4117e-01 (4.3368e-01)	Loss Disc 6.8912e-01 (6.8410e-01)	Loss Pred 4.9921e-01 (5.1804e-01)	Loss TOTAL 8.7439e-01 (9.3033e-01)
Epoch: [17][ 60/112]	L_Src_Sup 4.0351e-01 (1.9674e-01)	L_Trg_Inj 3.0798e-01 (4.2049e-01)	Loss Disc 6.8857e-01 (6.8449e-01)	Loss Pred 4.3919e-01 (5.1278e-01)	Loss TOTAL 9.5015e-01 (9.3079e-01)
Epoch: [17][ 70/112]	L_Src_Sup 1.3788e-01 (1.9066e-01)	L_Trg_Inj 5.5393e-01 (4.2513e-01)	Loss Disc 6.7713e-01 (6.8409e-01)	Loss Pred 4.7765e-01 (5.1096e-01)	Loss TOTAL 8.8539e-01 (9.2679e-01)
Epoch: [17][ 80/112]	L_Src_Sup 6.2470e-02 (1.8612e-01)	L_Trg_Inj 2.6761e-01 (4.2059e-01)	Loss Disc 6.8904e-01 (6.8434e-01)	Loss Pred 5.0757e-01 (5.0546e-01)	Loss TOTAL 8.8509e-01 (9.1897e-01)
Epoch: [17][ 90/112]	L_Src_Sup 2.9575e-01 (1.9548e-01)	L_Trg_Inj 6.4523e-01 (4.1577e-01)	Loss Disc 6.7631e-01 (6.8442e-01)	Loss Pred 5.2564e-01 (5.0681e-01)	Loss TOTAL 9.5790e-01 (9.2270e-01)
Epoch: [17][100/112]	L_Src_Sup 1.4427e-01 (1.9357e-01)	L_Trg_Inj 3.8378e-01 (4.1099e-01)	Loss Disc 6.8149e-01 (6.8440e-01)	Loss Pred 4.6060e-01 (5.0427e-01)	Loss TOTAL 8.5416e-01 (9.1920e-01)
Epoch: [17][110/112]	L_Src_Sup 2.6704e-01 (1.9459e-01)	L_Trg_Inj 5.1779e-01 (4.1542e-01)	Loss Disc 6.8075e-01 (6.8448e-01)	Loss Pred 4.8969e-01 (5.0604e-01)	Loss TOTAL 9.0855e-01 (9.2047e-01)
Epoch: [17][112/112]	L_Src_Sup 4.1246e-01 (1.9599e-01)	L_Trg_Inj 6.1636e-01 (4.1833e-01)	Loss Disc 6.8162e-01 (6.8441e-01)	Loss Pred 5.8448e-01 (5.0655e-01)	Loss TOTAL 1.0282e+00 (9.2118e-01)
Epoch 17 complete. Saving model state...
Epoch: [18][ 10/112]	L_Src_Sup 1.0588e-01 (1.9580e-01)	L_Trg_Inj 9.6265e-02 (3.4788e-01)	Loss Disc 6.9715e-01 (6.8552e-01)	Loss Pred 5.6866e-01 (5.2378e-01)	Loss TOTAL 9.4707e-01 (9.2187e-01)
Epoch: [18][ 20/112]	L_Src_Sup 1.1739e-01 (2.0335e-01)	L_Trg_Inj 5.1536e-01 (4.4517e-01)	Loss Disc 6.7722e-01 (6.8294e-01)	Loss Pred 5.2979e-01 (5.2099e-01)	Loss TOTAL 9.3168e-01 (9.3070e-01)
Epoch: [18][ 30/112]	L_Src_Sup 7.1744e-02 (1.8836e-01)	L_Trg_Inj 1.7891e-01 (4.0539e-01)	Loss Disc 6.8558e-01 (6.8403e-01)	Loss Pred 4.7125e-01 (5.2058e-01)	Loss TOTAL 8.3910e-01 (9.2423e-01)
Epoch: [18][ 40/112]	L_Src_Sup 1.7718e-01 (1.9311e-01)	L_Trg_Inj 5.2595e-01 (3.7481e-01)	Loss Disc 6.9060e-01 (6.8527e-01)	Loss Pred 5.2596e-01 (5.1749e-01)	Loss TOTAL 9.4157e-01 (9.2245e-01)
Epoch: [18][ 50/112]	L_Src_Sup 2.8736e-01 (1.9315e-01)	L_Trg_Inj 2.7822e-01 (3.8910e-01)	Loss Disc 6.8546e-01 (6.8550e-01)	Loss Pred 4.6628e-01 (5.1419e-01)	Loss TOTAL 8.7470e-01 (9.1977e-01)
Epoch: [18][ 60/112]	L_Src_Sup 3.7040e-01 (1.9742e-01)	L_Trg_Inj 3.0176e-01 (3.8341e-01)	Loss Disc 6.9263e-01 (6.8594e-01)	Loss Pred 4.5096e-01 (5.0558e-01)	Loss TOTAL 9.3313e-01 (9.1682e-01)
Epoch: [18][ 70/112]	L_Src_Sup 4.8754e-02 (1.9415e-01)	L_Trg_Inj 5.3830e-01 (4.0971e-01)	Loss Disc 6.7970e-01 (6.8552e-01)	Loss Pred 5.9986e-01 (5.0644e-01)	Loss TOTAL 9.9841e-01 (9.1832e-01)
Epoch: [18][ 80/112]	L_Src_Sup 2.1087e-01 (1.9173e-01)	L_Trg_Inj 2.1750e-01 (4.0800e-01)	Loss Disc 6.8931e-01 (6.8519e-01)	Loss Pred 5.6924e-01 (5.0466e-01)	Loss TOTAL 9.5673e-01 (9.1487e-01)
Epoch: [18][ 90/112]	L_Src_Sup 3.9058e-01 (1.9441e-01)	L_Trg_Inj 3.5987e-01 (4.0837e-01)	Loss Disc 6.8785e-01 (6.8528e-01)	Loss Pred 5.4038e-01 (5.0506e-01)	Loss TOTAL 9.9006e-01 (9.1705e-01)
Epoch: [18][100/112]	L_Src_Sup 1.2144e-01 (1.9872e-01)	L_Trg_Inj 5.5628e-01 (4.2698e-01)	Loss Disc 6.7860e-01 (6.8456e-01)	Loss Pred 5.1118e-01 (5.0477e-01)	Loss TOTAL 9.1825e-01 (9.1778e-01)
Epoch: [18][110/112]	L_Src_Sup 2.5003e-01 (1.9898e-01)	L_Trg_Inj 2.4908e-01 (4.1703e-01)	Loss Disc 6.8793e-01 (6.8486e-01)	Loss Pred 4.1542e-01 (5.0304e-01)	Loss TOTAL 8.1025e-01 (9.1589e-01)
Epoch: [18][112/112]	L_Src_Sup 6.2663e-02 (1.9736e-01)	L_Trg_Inj 4.3996e-01 (4.1703e-01)	Loss Disc 6.8567e-01 (6.8486e-01)	Loss Pred 5.0109e-01 (5.0364e-01)	Loss TOTAL 8.9419e-01 (9.1617e-01)
Epoch 18 complete. Saving model state...
Epoch: [19][ 10/112]	L_Src_Sup 2.0606e-01 (2.7147e-01)	L_Trg_Inj 5.3925e-01 (4.8013e-01)	Loss Disc 6.7991e-01 (6.8420e-01)	Loss Pred 5.7176e-01 (5.1006e-01)	Loss TOTAL 9.8625e-01 (9.3612e-01)
Epoch: [19][ 20/112]	L_Src_Sup 2.5442e-01 (2.4365e-01)	L_Trg_Inj 5.8109e-01 (4.7180e-01)	Loss Disc 6.8403e-01 (6.8499e-01)	Loss Pred 5.4318e-01 (5.0137e-01)	Loss TOTAL 9.6874e-01 (9.2698e-01)
Epoch: [19][ 30/112]	L_Src_Sup 2.3564e-01 (2.2611e-01)	L_Trg_Inj 5.4476e-01 (5.0424e-01)	Loss Disc 6.6949e-01 (6.8204e-01)	Loss Pred 5.2666e-01 (4.9720e-01)	Loss TOTAL 9.3944e-01 (9.1897e-01)
Epoch: [19][ 40/112]	L_Src_Sup 1.5078e-01 (2.1383e-01)	L_Trg_Inj 3.5623e-01 (4.7863e-01)	Loss Disc 6.8815e-01 (6.8291e-01)	Loss Pred 4.3546e-01 (4.9526e-01)	Loss TOTAL 8.3024e-01 (9.1311e-01)
Epoch: [19][ 50/112]	L_Src_Sup 1.4310e-01 (2.0170e-01)	L_Trg_Inj 4.0534e-01 (4.4631e-01)	Loss Disc 6.8052e-01 (6.8341e-01)	Loss Pred 4.5987e-01 (4.9421e-01)	Loss TOTAL 8.5498e-01 (9.0760e-01)
Epoch: [19][ 60/112]	L_Src_Sup 2.3496e-01 (2.1594e-01)	L_Trg_Inj 3.3004e-01 (4.5104e-01)	Loss Disc 6.8583e-01 (6.8355e-01)	Loss Pred 5.6722e-01 (5.0745e-01)	Loss TOTAL 9.6663e-01 (9.2444e-01)
Epoch: [19][ 70/112]	L_Src_Sup 1.9367e-01 (2.1147e-01)	L_Trg_Inj 3.4425e-01 (4.2822e-01)	Loss Disc 6.8825e-01 (6.8453e-01)	Loss Pred 4.9072e-01 (5.0628e-01)	Loss TOTAL 8.8863e-01 (9.2621e-01)
Epoch: [19][ 80/112]	L_Src_Sup 2.4222e-01 (2.0633e-01)	L_Trg_Inj 1.1795e-01 (4.1045e-01)	Loss Disc 7.0655e-01 (6.8591e-01)	Loss Pred 5.1362e-01 (5.0811e-01)	Loss TOTAL 1.0272e+00 (9.2803e-01)
Epoch: [19][ 90/112]	L_Src_Sup 2.3435e-01 (2.1321e-01)	L_Trg_Inj 5.9183e-01 (3.9702e-01)	Loss Disc 6.8384e-01 (6.8673e-01)	Loss Pred 5.6881e-01 (5.1179e-01)	Loss TOTAL 9.9335e-01 (9.3670e-01)
Epoch: [19][100/112]	L_Src_Sup 1.2151e-01 (2.2259e-01)	L_Trg_Inj 4.8626e-01 (4.1861e-01)	Loss Disc 6.6043e-01 (6.8382e-01)	Loss Pred 5.1523e-01 (5.0884e-01)	Loss TOTAL 9.0622e-01 (9.3363e-01)
Epoch: [19][110/112]	L_Src_Sup 2.4279e-01 (2.1624e-01)	L_Trg_Inj 5.2290e-01 (4.2211e-01)	Loss Disc 6.8746e-01 (6.8360e-01)	Loss Pred 5.0721e-01 (5.0537e-01)	Loss TOTAL 9.2751e-01 (9.2863e-01)
Epoch: [19][112/112]	L_Src_Sup 1.1728e-01 (2.1391e-01)	L_Trg_Inj 4.0195e-01 (4.2209e-01)	Loss Disc 6.8920e-01 (6.8368e-01)	Loss Pred 5.2278e-01 (5.0594e-01)	Loss TOTAL 9.1931e-01 (9.2869e-01)
Epoch 19 complete. Saving model state...
Epoch: [20][ 10/112]	L_Src_Sup 6.5317e-02 (1.8225e-01)	L_Trg_Inj 3.4055e-01 (3.5277e-01)	Loss Disc 6.9034e-01 (6.8839e-01)	Loss Pred 4.7532e-01 (4.6868e-01)	Loss TOTAL 8.6108e-01 (8.8995e-01)
Epoch: [20][ 20/112]	L_Src_Sup 0.0000e+00 (1.7368e-01)	L_Trg_Inj 4.4996e-01 (3.8284e-01)	Loss Disc 6.8631e-01 (6.8842e-01)	Loss Pred 4.7506e-01 (4.7747e-01)	Loss TOTAL 8.6321e-01 (8.9099e-01)
Epoch: [20][ 30/112]	L_Src_Sup 3.2732e-01 (1.9542e-01)	L_Trg_Inj 7.6735e-01 (4.3421e-01)	Loss Disc 6.7878e-01 (6.8748e-01)	Loss Pred 5.2052e-01 (4.8454e-01)	Loss TOTAL 9.6938e-01 (9.0440e-01)
Epoch: [20][ 40/112]	L_Src_Sup 2.2894e-01 (1.8708e-01)	L_Trg_Inj 4.6007e-01 (4.7876e-01)	Loss Disc 6.8121e-01 (6.8525e-01)	Loss Pred 5.3526e-01 (4.9642e-01)	Loss TOTAL 9.4477e-01 (9.1550e-01)
Epoch: [20][ 50/112]	L_Src_Sup 2.3062e-01 (1.8150e-01)	L_Trg_Inj 2.0099e-01 (4.5710e-01)	Loss Disc 6.9060e-01 (6.8522e-01)	Loss Pred 4.4064e-01 (4.9713e-01)	Loss TOTAL 8.5872e-01 (9.1369e-01)
Epoch: [20][ 60/112]	L_Src_Sup 1.7670e-01 (1.8548e-01)	L_Trg_Inj 3.4008e-01 (4.5002e-01)	Loss Disc 6.9153e-01 (6.8586e-01)	Loss Pred 5.2160e-01 (4.9894e-01)	Loss TOTAL 9.1905e-01 (9.1383e-01)
Epoch: [20][ 70/112]	L_Src_Sup 5.9003e-02 (1.8217e-01)	L_Trg_Inj 1.6246e-01 (4.1193e-01)	Loss Disc 6.9513e-01 (6.8685e-01)	Loss Pred 5.2458e-01 (5.0018e-01)	Loss TOTAL 8.9429e-01 (9.1415e-01)
Epoch: [20][ 80/112]	L_Src_Sup 1.3868e-01 (1.8765e-01)	L_Trg_Inj 6.6490e-01 (4.1762e-01)	Loss Disc 6.7084e-01 (6.8666e-01)	Loss Pred 4.6983e-01 (4.9849e-01)	Loss TOTAL 8.8561e-01 (9.1534e-01)
Epoch: [20][ 90/112]	L_Src_Sup 1.0292e-01 (1.8402e-01)	L_Trg_Inj 2.9182e-01 (4.2656e-01)	Loss Disc 6.8958e-01 (6.8646e-01)	Loss Pred 5.7305e-01 (4.9615e-01)	Loss TOTAL 9.5732e-01 (9.1228e-01)
Epoch: [20][100/112]	L_Src_Sup 1.9844e-01 (1.8613e-01)	L_Trg_Inj 4.4651e-01 (4.2346e-01)	Loss Disc 6.8545e-01 (6.8655e-01)	Loss Pred 5.9257e-01 (4.9433e-01)	Loss TOTAL 9.9979e-01 (9.1117e-01)
Epoch: [20][110/112]	L_Src_Sup 0.0000e+00 (1.8858e-01)	L_Trg_Inj 2.6305e-01 (4.2357e-01)	Loss Disc 6.8849e-01 (6.8646e-01)	Loss Pred 5.7989e-01 (4.9747e-01)	Loss TOTAL 9.5044e-01 (9.1337e-01)
Epoch: [20][112/112]	L_Src_Sup 2.1433e-01 (1.8815e-01)	L_Trg_Inj 2.1426e-01 (4.2129e-01)	Loss Disc 6.8889e-01 (6.8649e-01)	Loss Pred 5.4362e-01 (4.9817e-01)	Loss TOTAL 9.3100e-01 (9.1361e-01)
Epoch 20 complete. Saving model state...
Epoch: [21][ 10/112]	L_Src_Sup 3.8747e-01 (2.1476e-01)	L_Trg_Inj 4.4086e-01 (5.5279e-01)	Loss Disc 6.7619e-01 (6.7859e-01)	Loss Pred 4.8680e-01 (4.8866e-01)	Loss TOTAL 9.0773e-01 (9.1003e-01)
Epoch: [21][ 20/112]	L_Src_Sup 2.4406e-01 (2.0029e-01)	L_Trg_Inj 4.6432e-01 (5.3892e-01)	Loss Disc 6.7624e-01 (6.7693e-01)	Loss Pred 5.8762e-01 (4.9405e-01)	Loss TOTAL 9.9658e-01 (9.0910e-01)
Epoch: [21][ 30/112]	L_Src_Sup 2.1434e-01 (2.1219e-01)	L_Trg_Inj 3.8321e-01 (4.9761e-01)	Loss Disc 7.1551e-01 (6.8212e-01)	Loss Pred 4.6645e-01 (4.9565e-01)	Loss TOTAL 8.8396e-01 (9.1243e-01)
Epoch: [21][ 40/112]	L_Src_Sup 1.5370e-01 (2.0806e-01)	L_Trg_Inj 1.8546e-01 (4.4563e-01)	Loss Disc 6.9297e-01 (6.8468e-01)	Loss Pred 5.7602e-01 (5.0161e-01)	Loss TOTAL 9.5642e-01 (9.1660e-01)
Epoch: [21][ 50/112]	L_Src_Sup 1.4133e-01 (2.0930e-01)	L_Trg_Inj 3.4232e-01 (4.2844e-01)	Loss Disc 6.6593e-01 (6.8409e-01)	Loss Pred 4.5506e-01 (4.9849e-01)	Loss TOTAL 8.3638e-01 (9.1272e-01)
Epoch: [21][ 60/112]	L_Src_Sup 4.0071e-01 (2.0616e-01)	L_Trg_Inj 3.5416e-01 (4.1581e-01)	Loss Disc 6.8892e-01 (6.8584e-01)	Loss Pred 5.2884e-01 (4.9600e-01)	Loss TOTAL 9.9533e-01 (9.0929e-01)
Epoch: [21][ 70/112]	L_Src_Sup 1.1964e-01 (2.0522e-01)	L_Trg_Inj 6.1875e-01 (4.5053e-01)	Loss Disc 6.7970e-01 (6.8528e-01)	Loss Pred 5.2377e-01 (4.9614e-01)	Loss TOTAL 9.3746e-01 (9.1136e-01)
Epoch: [21][ 80/112]	L_Src_Sup 3.1258e-01 (2.0865e-01)	L_Trg_Inj 3.9805e-01 (4.5833e-01)	Loss Disc 6.8147e-01 (6.8471e-01)	Loss Pred 4.9177e-01 (4.9888e-01)	Loss TOTAL 9.0357e-01 (9.1406e-01)
Epoch: [21][ 90/112]	L_Src_Sup 0.0000e+00 (2.0760e-01)	L_Trg_Inj 2.4985e-01 (4.4325e-01)	Loss Disc 6.9204e-01 (6.8533e-01)	Loss Pred 4.5950e-01 (4.9650e-01)	Loss TOTAL 8.3050e-01 (9.0996e-01)
Epoch: [21][100/112]	L_Src_Sup 5.7146e-02 (2.0782e-01)	L_Trg_Inj 2.8123e-01 (4.2974e-01)	Loss Disc 6.9355e-01 (6.8570e-01)	Loss Pred 5.2994e-01 (4.9546e-01)	Loss TOTAL 9.1055e-01 (9.0841e-01)
Epoch: [21][110/112]	L_Src_Sup 3.1352e-01 (2.1142e-01)	L_Trg_Inj 4.3758e-01 (4.2808e-01)	Loss Disc 6.8864e-01 (6.8582e-01)	Loss Pred 5.0166e-01 (4.9588e-01)	Loss TOTAL 9.2109e-01 (9.1058e-01)
Epoch: [21][112/112]	L_Src_Sup 1.5449e-01 (2.0950e-01)	L_Trg_Inj 4.1201e-01 (4.2827e-01)	Loss Disc 6.7921e-01 (6.8574e-01)	Loss Pred 4.4275e-01 (4.9591e-01)	Loss TOTAL 8.3900e-01 (9.1026e-01)
Epoch 21 complete. Saving model state...
Epoch: [22][ 10/112]	L_Src_Sup 1.4022e-01 (2.2161e-01)	L_Trg_Inj 4.9703e-01 (3.3418e-01)	Loss Disc 6.8855e-01 (6.8791e-01)	Loss Pred 6.0318e-01 (5.2921e-01)	Loss TOTAL 1.0112e+00 (9.3539e-01)
Epoch: [22][ 20/112]	L_Src_Sup 1.6701e-01 (2.2537e-01)	L_Trg_Inj 3.1098e-01 (3.3348e-01)	Loss Disc 6.9231e-01 (6.8770e-01)	Loss Pred 4.1551e-01 (5.0364e-01)	Loss TOTAL 8.0947e-01 (9.1802e-01)
Epoch: [22][ 30/112]	L_Src_Sup 1.5787e-01 (2.1899e-01)	L_Trg_Inj 3.1986e-01 (3.5741e-01)	Loss Disc 6.8837e-01 (6.8763e-01)	Loss Pred 5.5379e-01 (5.0082e-01)	Loss TOTAL 9.4575e-01 (9.1204e-01)
Epoch: [22][ 40/112]	L_Src_Sup 3.0838e-01 (2.2716e-01)	L_Trg_Inj 4.8150e-01 (3.6957e-01)	Loss Disc 6.8155e-01 (6.8711e-01)	Loss Pred 5.6574e-01 (5.0504e-01)	Loss TOTAL 9.8550e-01 (9.2078e-01)
Epoch: [22][ 50/112]	L_Src_Sup 2.6784e-01 (2.2007e-01)	L_Trg_Inj 3.8170e-01 (3.7671e-01)	Loss Disc 6.8590e-01 (6.8673e-01)	Loss Pred 4.7106e-01 (5.0051e-01)	Loss TOTAL 8.7897e-01 (9.1357e-01)
Epoch: [22][ 60/112]	L_Src_Sup 1.3294e-01 (2.2298e-01)	L_Trg_Inj 5.3989e-01 (3.7911e-01)	Loss Disc 6.8174e-01 (6.8683e-01)	Loss Pred 4.9344e-01 (5.0128e-01)	Loss TOTAL 9.0160e-01 (9.1552e-01)
Epoch: [22][ 70/112]	L_Src_Sup 3.7746e-01 (2.2808e-01)	L_Trg_Inj 4.3544e-01 (3.8158e-01)	Loss Disc 6.9001e-01 (6.8679e-01)	Loss Pred 4.9624e-01 (4.9870e-01)	Loss TOTAL 9.2253e-01 (9.1353e-01)
Epoch: [22][ 80/112]	L_Src_Sup 2.7418e-01 (2.2481e-01)	L_Trg_Inj 3.4695e-01 (3.7042e-01)	Loss Disc 6.9034e-01 (6.8703e-01)	Loss Pred 3.8713e-01 (4.9416e-01)	Loss TOTAL 7.9441e-01 (9.0760e-01)
Epoch: [22][ 90/112]	L_Src_Sup 2.3511e-01 (2.2368e-01)	L_Trg_Inj 4.2970e-01 (3.7314e-01)	Loss Disc 6.8746e-01 (6.8710e-01)	Loss Pred 5.2211e-01 (4.9378e-01)	Loss TOTAL 9.3232e-01 (9.0754e-01)
Epoch: [22][100/112]	L_Src_Sup 2.2234e-01 (2.1951e-01)	L_Trg_Inj 2.1246e-01 (3.6924e-01)	Loss Disc 6.9098e-01 (6.8725e-01)	Loss Pred 5.3210e-01 (4.9370e-01)	Loss TOTAL 9.3094e-01 (9.0578e-01)
Epoch: [22][110/112]	L_Src_Sup 1.2916e-01 (2.1926e-01)	L_Trg_Inj 1.9819e-01 (3.5976e-01)	Loss Disc 6.9274e-01 (6.8746e-01)	Loss Pred 4.8392e-01 (4.9338e-01)	Loss TOTAL 8.6302e-01 (9.0749e-01)
Epoch: [22][112/112]	L_Src_Sup 1.7453e-01 (2.1824e-01)	L_Trg_Inj 2.1337e-01 (3.5827e-01)	Loss Disc 6.9124e-01 (6.8750e-01)	Loss Pred 3.9732e-01 (4.9327e-01)	Loss TOTAL 7.8172e-01 (9.0693e-01)
Epoch 22 complete. Saving model state...
Epoch: [23][ 10/112]	L_Src_Sup 2.6722e-01 (2.4775e-01)	L_Trg_Inj 5.5295e-01 (3.4424e-01)	Loss Disc 6.8293e-01 (6.8820e-01)	Loss Pred 5.5494e-01 (4.9243e-01)	Loss TOTAL 9.7842e-01 (9.2125e-01)
Epoch: [23][ 20/112]	L_Src_Sup 4.6773e-01 (2.6038e-01)	L_Trg_Inj 4.4168e-01 (3.9756e-01)	Loss Disc 6.8437e-01 (6.8552e-01)	Loss Pred 4.7066e-01 (4.9684e-01)	Loss TOTAL 9.2983e-01 (9.2394e-01)
Epoch: [23][ 30/112]	L_Src_Sup 0.0000e+00 (2.2560e-01)	L_Trg_Inj 7.0973e-01 (4.8096e-01)	Loss Disc 6.7585e-01 (6.8375e-01)	Loss Pred 5.4296e-01 (4.9187e-01)	Loss TOTAL 9.5186e-01 (9.1677e-01)
Epoch: [23][ 40/112]	L_Src_Sup 2.4320e-01 (2.1810e-01)	L_Trg_Inj 4.7110e-01 (4.8579e-01)	Loss Disc 6.8461e-01 (6.8347e-01)	Loss Pred 5.0056e-01 (4.8438e-01)	Loss TOTAL 9.1430e-01 (9.0579e-01)
Epoch: [23][ 50/112]	L_Src_Sup 1.7143e-01 (2.1358e-01)	L_Trg_Inj 5.4575e-01 (4.8172e-01)	Loss Disc 6.8257e-01 (6.8377e-01)	Loss Pred 5.1818e-01 (4.8767e-01)	Loss TOTAL 9.3119e-01 (9.1015e-01)
Epoch: [23][ 60/112]	L_Src_Sup 5.1629e-01 (2.1589e-01)	L_Trg_Inj 3.2534e-01 (4.7089e-01)	Loss Disc 6.8382e-01 (6.8412e-01)	Loss Pred 4.8091e-01 (4.8499e-01)	Loss TOTAL 1.0979e+00 (9.0823e-01)
Epoch: [23][ 70/112]	L_Src_Sup 3.3358e-01 (2.1618e-01)	L_Trg_Inj 3.6405e-01 (4.6373e-01)	Loss Disc 6.8573e-01 (6.8435e-01)	Loss Pred 5.3307e-01 (4.8797e-01)	Loss TOTAL 9.4570e-01 (9.0885e-01)
Epoch: [23][ 80/112]	L_Src_Sup 0.0000e+00 (2.1570e-01)	L_Trg_Inj 5.9271e-01 (4.6059e-01)	Loss Disc 6.9009e-01 (6.8444e-01)	Loss Pred 4.9526e-01 (4.8926e-01)	Loss TOTAL 8.9957e-01 (9.0849e-01)
Epoch: [23][ 90/112]	L_Src_Sup 1.3343e-01 (2.1777e-01)	L_Trg_Inj 4.3455e-01 (4.6501e-01)	Loss Disc 6.8130e-01 (6.8451e-01)	Loss Pred 4.7433e-01 (4.8996e-01)	Loss TOTAL 8.7177e-01 (9.0884e-01)
Epoch: [23][100/112]	L_Src_Sup 2.2276e-01 (2.1430e-01)	L_Trg_Inj 3.7912e-01 (4.5372e-01)	Loss Disc 6.9320e-01 (6.8493e-01)	Loss Pred 5.3312e-01 (4.9128e-01)	Loss TOTAL 9.3991e-01 (9.0955e-01)
Epoch: [23][110/112]	L_Src_Sup 1.7613e-01 (2.1596e-01)	L_Trg_Inj 3.1760e-01 (4.4519e-01)	Loss Disc 6.8855e-01 (6.8525e-01)	Loss Pred 5.2351e-01 (4.9253e-01)	Loss TOTAL 9.1716e-01 (9.1163e-01)
Epoch: [23][112/112]	L_Src_Sup 3.3438e-01 (2.1658e-01)	L_Trg_Inj 4.3165e-01 (4.4516e-01)	Loss Disc 6.9011e-01 (6.8534e-01)	Loss Pred 4.7613e-01 (4.9163e-01)	Loss TOTAL 8.9779e-01 (9.1065e-01)
Epoch 23 complete. Saving model state...
Epoch: [24][ 10/112]	L_Src_Sup 5.6886e-01 (2.2438e-01)	L_Trg_Inj 2.1502e-01 (3.8859e-01)	Loss Disc 6.9028e-01 (6.9067e-01)	Loss Pred 4.2701e-01 (4.8764e-01)	Loss TOTAL 1.2044e+00 (9.3191e-01)
Epoch: [24][ 20/112]	L_Src_Sup 2.8594e-01 (2.1061e-01)	L_Trg_Inj 4.4516e-01 (4.5803e-01)	Loss Disc 6.8612e-01 (6.8500e-01)	Loss Pred 5.2309e-01 (4.8019e-01)	Loss TOTAL 9.3926e-01 (9.0949e-01)
Epoch: [24][ 30/112]	L_Src_Sup 2.3088e-01 (1.9695e-01)	L_Trg_Inj 2.2834e-01 (4.0458e-01)	Loss Disc 6.9029e-01 (6.8691e-01)	Loss Pred 4.3013e-01 (4.7795e-01)	Loss TOTAL 8.2373e-01 (8.9493e-01)
Epoch: [24][ 40/112]	L_Src_Sup 2.0697e-01 (2.0191e-01)	L_Trg_Inj 3.1125e-01 (4.0745e-01)	Loss Disc 6.8826e-01 (6.8678e-01)	Loss Pred 4.5817e-01 (4.7746e-01)	Loss TOTAL 8.5412e-01 (8.9621e-01)
Epoch: [24][ 50/112]	L_Src_Sup 2.1425e-01 (2.0191e-01)	L_Trg_Inj 3.7031e-01 (3.9521e-01)	Loss Disc 6.9132e-01 (6.8711e-01)	Loss Pred 4.4929e-01 (4.7815e-01)	Loss TOTAL 8.5341e-01 (8.9344e-01)
Epoch: [24][ 60/112]	L_Src_Sup 3.1791e-01 (2.1513e-01)	L_Trg_Inj 5.5250e-01 (3.9721e-01)	Loss Disc 6.7976e-01 (6.8764e-01)	Loss Pred 5.1318e-01 (4.8244e-01)	Loss TOTAL 9.4011e-01 (9.0105e-01)
Epoch: [24][ 70/112]	L_Src_Sup 1.1104e-01 (2.0604e-01)	L_Trg_Inj 3.5301e-01 (4.0033e-01)	Loss Disc 6.9580e-01 (6.8636e-01)	Loss Pred 5.3432e-01 (4.8573e-01)	Loss TOTAL 9.2863e-01 (9.0117e-01)
Epoch: [24][ 80/112]	L_Src_Sup 8.8934e-02 (2.0230e-01)	L_Trg_Inj 4.2678e-01 (3.9084e-01)	Loss Disc 6.8816e-01 (6.8652e-01)	Loss Pred 6.2126e-01 (4.8811e-01)	Loss TOTAL 1.0169e+00 (9.0262e-01)
Epoch: [24][ 90/112]	L_Src_Sup 1.9373e-01 (2.0404e-01)	L_Trg_Inj 1.4465e-01 (3.8481e-01)	Loss Disc 6.9187e-01 (6.8691e-01)	Loss Pred 4.7545e-01 (4.9124e-01)	Loss TOTAL 9.0430e-01 (9.0473e-01)
Epoch: [24][100/112]	L_Src_Sup 2.2229e-01 (2.0104e-01)	L_Trg_Inj 2.2113e-01 (3.6982e-01)	Loss Disc 6.9027e-01 (6.8728e-01)	Loss Pred 4.3882e-01 (4.9306e-01)	Loss TOTAL 8.2946e-01 (9.0582e-01)
Epoch: [24][110/112]	L_Src_Sup 1.7654e-01 (2.0342e-01)	L_Trg_Inj 3.9973e-01 (3.7666e-01)	Loss Disc 6.8465e-01 (6.8714e-01)	Loss Pred 5.0869e-01 (4.9128e-01)	Loss TOTAL 9.0864e-01 (9.0381e-01)
Epoch: [24][112/112]	L_Src_Sup 2.1059e-01 (2.0508e-01)	L_Trg_Inj 3.7302e-01 (3.7580e-01)	Loss Disc 6.8833e-01 (6.8716e-01)	Loss Pred 5.5075e-01 (4.9268e-01)	Loss TOTAL 9.5328e-01 (9.0597e-01)
Epoch 24 complete. Saving model state...
Epoch: [25][ 10/112]	L_Src_Sup 0.0000e+00 (1.9817e-01)	L_Trg_Inj 3.6103e-01 (3.7937e-01)	Loss Disc 6.8696e-01 (6.8586e-01)	Loss Pred 4.4762e-01 (4.6710e-01)	Loss TOTAL 8.2721e-01 (8.7091e-01)
Epoch: [25][ 20/112]	L_Src_Sup 3.7853e-01 (1.9835e-01)	L_Trg_Inj 1.5022e-01 (3.0946e-01)	Loss Disc 6.9142e-01 (6.8846e-01)	Loss Pred 5.3757e-01 (4.7326e-01)	Loss TOTAL 1.1645e+00 (8.9192e-01)
Epoch: [25][ 30/112]	L_Src_Sup 1.8207e-01 (1.9689e-01)	L_Trg_Inj 2.5178e-01 (3.0438e-01)	Loss Disc 6.8457e-01 (6.8796e-01)	Loss Pred 4.9791e-01 (4.8886e-01)	Loss TOTAL 8.8358e-01 (9.0988e-01)
Epoch: [25][ 40/112]	L_Src_Sup 1.4294e-01 (1.9472e-01)	L_Trg_Inj 4.8528e-01 (3.0887e-01)	Loss Disc 6.7745e-01 (6.8626e-01)	Loss Pred 4.5400e-01 (4.8691e-01)	Loss TOTAL 8.5555e-01 (9.0419e-01)
Epoch: [25][ 50/112]	L_Src_Sup 2.0767e-01 (1.9674e-01)	L_Trg_Inj 2.8345e-01 (3.0638e-01)	Loss Disc 6.8382e-01 (6.8542e-01)	Loss Pred 4.5728e-01 (4.8431e-01)	Loss TOTAL 8.4830e-01 (8.9733e-01)
Epoch: [25][ 60/112]	L_Src_Sup 2.4276e-01 (1.9032e-01)	L_Trg_Inj 2.5115e-01 (3.0912e-01)	Loss Disc 6.9244e-01 (6.8562e-01)	Loss Pred 4.9732e-01 (4.8695e-01)	Loss TOTAL 8.9293e-01 (8.9637e-01)
Epoch: [25][ 70/112]	L_Src_Sup 1.9511e-01 (1.9243e-01)	L_Trg_Inj 4.5241e-01 (3.0577e-01)	Loss Disc 6.8611e-01 (6.8657e-01)	Loss Pred 4.7711e-01 (4.8389e-01)	Loss TOTAL 8.8491e-01 (8.9714e-01)
Epoch: [25][ 80/112]	L_Src_Sup 1.7166e-01 (1.9083e-01)	L_Trg_Inj 2.3200e-01 (3.1631e-01)	Loss Disc 6.9311e-01 (6.8660e-01)	Loss Pred 5.1321e-01 (4.8418e-01)	Loss TOTAL 9.0013e-01 (8.9582e-01)
Epoch: [25][ 90/112]	L_Src_Sup 4.0995e-01 (1.9589e-01)	L_Trg_Inj 5.5582e-01 (3.1657e-01)	Loss Disc 6.8656e-01 (6.8691e-01)	Loss Pred 4.1582e-01 (4.8564e-01)	Loss TOTAL 8.5568e-01 (8.9825e-01)
Epoch: [25][100/112]	L_Src_Sup 2.0758e-01 (2.0218e-01)	L_Trg_Inj 4.4718e-01 (3.3684e-01)	Loss Disc 6.8252e-01 (6.8651e-01)	Loss Pred 4.6267e-01 (4.8701e-01)	Loss TOTAL 8.6941e-01 (9.0045e-01)
Epoch: [25][110/112]	L_Src_Sup 2.1433e-01 (2.0780e-01)	L_Trg_Inj 4.1337e-01 (3.4795e-01)	Loss Disc 6.8158e-01 (6.8610e-01)	Loss Pred 4.4788e-01 (4.8683e-01)	Loss TOTAL 8.5144e-01 (9.0235e-01)
Epoch: [25][112/112]	L_Src_Sup 2.3550e-01 (2.0807e-01)	L_Trg_Inj 5.1150e-01 (3.5022e-01)	Loss Disc 6.7903e-01 (6.8595e-01)	Loss Pred 5.0941e-01 (4.8755e-01)	Loss TOTAL 9.2363e-01 (9.0296e-01)
Epoch 25 complete. Saving model state...
Epoch: [26][ 10/112]	L_Src_Sup 3.6377e-01 (2.5347e-01)	L_Trg_Inj 3.6290e-01 (3.7913e-01)	Loss Disc 6.8599e-01 (6.9140e-01)	Loss Pred 4.9381e-01 (4.9145e-01)	Loss TOTAL 9.1034e-01 (9.2894e-01)
Epoch: [26][ 20/112]	L_Src_Sup 1.9375e-01 (2.2846e-01)	L_Trg_Inj 5.5532e-01 (4.2281e-01)	Loss Disc 6.8164e-01 (6.8840e-01)	Loss Pred 4.7569e-01 (4.8769e-01)	Loss TOTAL 8.9141e-01 (9.1302e-01)
Epoch: [26][ 30/112]	L_Src_Sup 1.1095e-01 (2.2387e-01)	L_Trg_Inj 5.0710e-01 (4.1572e-01)	Loss Disc 6.8636e-01 (6.8776e-01)	Loss Pred 5.2453e-01 (4.8473e-01)	Loss TOTAL 9.2951e-01 (9.0403e-01)
Epoch: [26][ 40/112]	L_Src_Sup 1.6664e-01 (2.1808e-01)	L_Trg_Inj 5.5745e-01 (4.3236e-01)	Loss Disc 6.8152e-01 (6.8706e-01)	Loss Pred 5.2591e-01 (4.8264e-01)	Loss TOTAL 9.3907e-01 (8.9993e-01)
Epoch: [26][ 50/112]	L_Src_Sup 3.0331e-01 (2.1499e-01)	L_Trg_Inj 4.0403e-01 (4.2611e-01)	Loss Disc 6.8379e-01 (6.8685e-01)	Loss Pred 4.9716e-01 (4.8606e-01)	Loss TOTAL 9.0979e-01 (9.0056e-01)
Epoch: [26][ 60/112]	L_Src_Sup 1.0812e-01 (2.0975e-01)	L_Trg_Inj 3.4145e-01 (3.9841e-01)	Loss Disc 6.8724e-01 (6.8751e-01)	Loss Pred 5.3964e-01 (4.8604e-01)	Loss TOTAL 9.2821e-01 (9.0502e-01)
Epoch: [26][ 70/112]	L_Src_Sup 3.7066e-01 (2.0883e-01)	L_Trg_Inj 3.9268e-01 (4.0424e-01)	Loss Disc 6.8884e-01 (6.8757e-01)	Loss Pred 4.3763e-01 (4.8158e-01)	Loss TOTAL 8.5839e-01 (9.0214e-01)
Epoch: [26][ 80/112]	L_Src_Sup 1.8182e-01 (2.0804e-01)	L_Trg_Inj 2.9996e-01 (4.0190e-01)	Loss Disc 6.8987e-01 (6.8751e-01)	Loss Pred 3.8623e-01 (4.8374e-01)	Loss TOTAL 7.7934e-01 (9.0202e-01)
Epoch: [26][ 90/112]	L_Src_Sup 3.8984e-01 (2.0249e-01)	L_Trg_Inj 4.0045e-01 (3.8975e-01)	Loss Disc 6.8795e-01 (6.8763e-01)	Loss Pred 4.7813e-01 (4.8354e-01)	Loss TOTAL 9.0114e-01 (9.0025e-01)
Epoch: [26][100/112]	L_Src_Sup 7.1465e-02 (2.0210e-01)	L_Trg_Inj 4.2678e-01 (3.8304e-01)	Loss Disc 6.8627e-01 (6.8795e-01)	Loss Pred 4.4129e-01 (4.8331e-01)	Loss TOTAL 8.3425e-01 (9.0149e-01)
Epoch: [26][110/112]	L_Src_Sup 2.1428e-01 (2.0510e-01)	L_Trg_Inj 5.6784e-01 (3.8054e-01)	Loss Disc 6.8281e-01 (6.8796e-01)	Loss Pred 4.6037e-01 (4.8425e-01)	Loss TOTAL 8.7999e-01 (9.0314e-01)
Epoch: [26][112/112]	L_Src_Sup 1.2064e-01 (2.0362e-01)	L_Trg_Inj 4.2644e-01 (3.8116e-01)	Loss Disc 6.8458e-01 (6.8791e-01)	Loss Pred 5.3772e-01 (4.8506e-01)	Loss TOTAL 9.3471e-01 (9.0355e-01)
Epoch 26 complete. Saving model state...
Epoch: [27][ 10/112]	L_Src_Sup 2.3560e-01 (1.6009e-01)	L_Trg_Inj 4.2255e-01 (4.1912e-01)	Loss Disc 6.8380e-01 (6.8489e-01)	Loss Pred 5.0392e-01 (4.7975e-01)	Loss TOTAL 9.1163e-01 (8.8858e-01)
Epoch: [27][ 20/112]	L_Src_Sup 2.9312e-01 (2.0313e-01)	L_Trg_Inj 2.1328e-01 (3.7683e-01)	Loss Disc 6.9576e-01 (6.8764e-01)	Loss Pred 5.7011e-01 (4.6487e-01)	Loss TOTAL 1.0485e+00 (8.9302e-01)
Epoch: [27][ 30/112]	L_Src_Sup 2.8615e-01 (2.1753e-01)	L_Trg_Inj 4.0014e-01 (3.6757e-01)	Loss Disc 6.8683e-01 (6.8810e-01)	Loss Pred 4.4088e-01 (4.8126e-01)	Loss TOTAL 8.5292e-01 (9.0721e-01)
Epoch: [27][ 40/112]	L_Src_Sup 1.2501e-01 (2.1727e-01)	L_Trg_Inj 4.2725e-01 (3.9145e-01)	Loss Disc 6.8715e-01 (6.8741e-01)	Loss Pred 4.7981e-01 (4.8229e-01)	Loss TOTAL 8.7861e-01 (9.0442e-01)
Epoch: [27][ 50/112]	L_Src_Sup 3.1762e-01 (2.2022e-01)	L_Trg_Inj 3.3144e-01 (3.7513e-01)	Loss Disc 6.8926e-01 (6.8790e-01)	Loss Pred 4.9397e-01 (4.8354e-01)	Loss TOTAL 9.0350e-01 (9.0451e-01)
Epoch: [27][ 60/112]	L_Src_Sup 7.8115e-02 (2.3382e-01)	L_Trg_Inj 4.9022e-01 (4.1123e-01)	Loss Disc 6.8264e-01 (6.8746e-01)	Loss Pred 4.3846e-01 (4.9188e-01)	Loss TOTAL 8.3661e-01 (9.1862e-01)
Epoch: [27][ 70/112]	L_Src_Sup 2.5292e-01 (2.2863e-01)	L_Trg_Inj 4.1048e-01 (4.2167e-01)	Loss Disc 6.8390e-01 (6.8661e-01)	Loss Pred 4.0574e-01 (4.9085e-01)	Loss TOTAL 8.1403e-01 (9.1504e-01)
Epoch: [27][ 80/112]	L_Src_Sup 1.7684e-01 (2.2941e-01)	L_Trg_Inj 4.1347e-01 (4.2649e-01)	Loss Disc 6.8093e-01 (6.8603e-01)	Loss Pred 5.0457e-01 (4.8738e-01)	Loss TOTAL 9.0407e-01 (9.1002e-01)
Epoch: [27][ 90/112]	L_Src_Sup 2.5839e-01 (2.2746e-01)	L_Trg_Inj 4.3437e-01 (4.2571e-01)	Loss Disc 6.8746e-01 (6.8568e-01)	Loss Pred 4.7816e-01 (4.8835e-01)	Loss TOTAL 8.9117e-01 (9.0965e-01)
Epoch: [27][100/112]	L_Src_Sup 7.1513e-02 (2.2462e-01)	L_Trg_Inj 4.3054e-01 (4.2563e-01)	Loss Disc 6.8450e-01 (6.8608e-01)	Loss Pred 4.5034e-01 (4.8593e-01)	Loss TOTAL 8.4280e-01 (9.0620e-01)
Epoch: [27][110/112]	L_Src_Sup 7.7059e-02 (2.1851e-01)	L_Trg_Inj 1.2382e-01 (4.1136e-01)	Loss Disc 6.9325e-01 (6.8639e-01)	Loss Pred 4.2296e-01 (4.8507e-01)	Loss TOTAL 7.8967e-01 (9.0246e-01)
Epoch: [27][112/112]	L_Src_Sup 6.7802e-02 (2.1666e-01)	L_Trg_Inj 1.2001e-01 (4.0698e-01)	Loss Disc 6.9143e-01 (6.8646e-01)	Loss Pred 4.7123e-01 (4.8536e-01)	Loss TOTAL 8.3573e-01 (9.0197e-01)
Epoch 27 complete. Saving model state...
Epoch: [28][ 10/112]	L_Src_Sup 3.8763e-01 (2.3285e-01)	L_Trg_Inj 4.8292e-01 (3.0507e-01)	Loss Disc 6.7886e-01 (6.8762e-01)	Loss Pred 4.7202e-01 (4.6657e-01)	Loss TOTAL 8.9851e-01 (8.8586e-01)
Epoch: [28][ 20/112]	L_Src_Sup 2.3842e-01 (2.1781e-01)	L_Trg_Inj 4.7544e-01 (3.8913e-01)	Loss Disc 6.8690e-01 (6.8668e-01)	Loss Pred 5.8089e-01 (4.6921e-01)	Loss TOTAL 9.9573e-01 (8.8409e-01)
Epoch: [28][ 30/112]	L_Src_Sup 2.3553e-01 (1.9256e-01)	L_Trg_Inj 1.8059e-01 (3.6077e-01)	Loss Disc 6.8953e-01 (6.8724e-01)	Loss Pred 4.9999e-01 (4.6900e-01)	Loss TOTAL 9.4131e-01 (8.7701e-01)
Epoch: [28][ 40/112]	L_Src_Sup 0.0000e+00 (2.0165e-01)	L_Trg_Inj 5.1691e-01 (3.8272e-01)	Loss Disc 6.8283e-01 (6.8664e-01)	Loss Pred 3.9382e-01 (4.7086e-01)	Loss TOTAL 7.8693e-01 (8.8474e-01)
Epoch: [28][ 50/112]	L_Src_Sup 3.0788e-01 (2.0328e-01)	L_Trg_Inj 4.3745e-01 (3.8735e-01)	Loss Disc 6.8701e-01 (6.8666e-01)	Loss Pred 4.1896e-01 (4.7169e-01)	Loss TOTAL 8.3700e-01 (8.8496e-01)
Epoch: [28][ 60/112]	L_Src_Sup 3.0293e-01 (1.9481e-01)	L_Trg_Inj 1.9281e-01 (3.7239e-01)	Loss Disc 6.9113e-01 (6.8719e-01)	Loss Pred 4.8919e-01 (4.7611e-01)	Loss TOTAL 9.9444e-01 (8.8732e-01)
Epoch: [28][ 70/112]	L_Src_Sup 1.2506e-01 (1.9180e-01)	L_Trg_Inj 3.9354e-01 (3.7329e-01)	Loss Disc 6.8594e-01 (6.8732e-01)	Loss Pred 4.8157e-01 (4.7376e-01)	Loss TOTAL 8.7640e-01 (8.8555e-01)
Epoch: [28][ 80/112]	L_Src_Sup 2.0056e-01 (1.9591e-01)	L_Trg_Inj 4.3312e-01 (3.6474e-01)	Loss Disc 6.8546e-01 (6.8742e-01)	Loss Pred 4.5779e-01 (4.7747e-01)	Loss TOTAL 8.6389e-01 (8.8911e-01)
Epoch: [28][ 90/112]	L_Src_Sup 1.4829e-01 (1.9255e-01)	L_Trg_Inj 4.2673e-01 (3.6614e-01)	Loss Disc 6.8685e-01 (6.8766e-01)	Loss Pred 4.2878e-01 (4.7741e-01)	Loss TOTAL 8.2970e-01 (8.8785e-01)
Epoch: [28][100/112]	L_Src_Sup 1.1429e-01 (1.9234e-01)	L_Trg_Inj 4.8675e-01 (3.7887e-01)	Loss Disc 6.8235e-01 (6.8736e-01)	Loss Pred 5.1254e-01 (4.7773e-01)	Loss TOTAL 9.1382e-01 (8.8820e-01)
Epoch: [28][110/112]	L_Src_Sup 1.4822e-01 (1.8821e-01)	L_Trg_Inj 3.8793e-01 (3.7857e-01)	Loss Disc 6.8880e-01 (6.8728e-01)	Loss Pred 4.2859e-01 (4.7940e-01)	Loss TOTAL 8.2660e-01 (8.8851e-01)
Epoch: [28][112/112]	L_Src_Sup 1.2124e-01 (1.8798e-01)	L_Trg_Inj 3.0940e-01 (3.7717e-01)	Loss Disc 6.8567e-01 (6.8729e-01)	Loss Pred 4.8656e-01 (4.7972e-01)	Loss TOTAL 8.7246e-01 (8.8851e-01)
Epoch 28 complete. Saving model state...
Epoch: [29][ 10/112]	L_Src_Sup 8.3370e-02 (2.1141e-01)	L_Trg_Inj 3.4501e-01 (3.9299e-01)	Loss Disc 6.8758e-01 (6.8899e-01)	Loss Pred 4.0269e-01 (4.6953e-01)	Loss TOTAL 7.8932e-01 (8.8107e-01)
Epoch: [29][ 20/112]	L_Src_Sup 1.2919e-01 (1.9865e-01)	L_Trg_Inj 3.7883e-01 (3.8714e-01)	Loss Disc 6.8784e-01 (6.8861e-01)	Loss Pred 4.6934e-01 (4.8344e-01)	Loss TOTAL 8.6406e-01 (8.9877e-01)
Epoch: [29][ 30/112]	L_Src_Sup 2.2223e-01 (1.8882e-01)	L_Trg_Inj 3.3595e-01 (3.7388e-01)	Loss Disc 6.8910e-01 (6.8851e-01)	Loss Pred 4.3339e-01 (4.8124e-01)	Loss TOTAL 8.3376e-01 (8.9182e-01)
Epoch: [29][ 40/112]	L_Src_Sup 1.3950e-01 (1.8261e-01)	L_Trg_Inj 3.5949e-01 (3.6547e-01)	Loss Disc 6.9504e-01 (6.8802e-01)	Loss Pred 5.8504e-01 (4.9139e-01)	Loss TOTAL 9.8246e-01 (8.9832e-01)
Epoch: [29][ 50/112]	L_Src_Sup 1.5386e-01 (1.9044e-01)	L_Trg_Inj 3.3357e-01 (3.6584e-01)	Loss Disc 6.8697e-01 (6.8757e-01)	Loss Pred 4.1894e-01 (4.8724e-01)	Loss TOTAL 8.1116e-01 (8.9703e-01)
Epoch: [29][ 60/112]	L_Src_Sup 1.0565e-01 (1.8661e-01)	L_Trg_Inj 3.5131e-01 (3.5547e-01)	Loss Disc 6.8580e-01 (6.8768e-01)	Loss Pred 5.3323e-01 (4.8742e-01)	Loss TOTAL 9.2183e-01 (8.9804e-01)
Epoch: [29][ 70/112]	L_Src_Sup 3.1388e-01 (1.9429e-01)	L_Trg_Inj 5.3454e-01 (3.6341e-01)	Loss Disc 6.8553e-01 (6.8779e-01)	Loss Pred 4.8059e-01 (4.8456e-01)	Loss TOTAL 9.0820e-01 (8.9885e-01)
Epoch: [29][ 80/112]	L_Src_Sup 1.1810e-01 (1.9458e-01)	L_Trg_Inj 3.1143e-01 (3.6481e-01)	Loss Disc 6.8984e-01 (6.8786e-01)	Loss Pred 4.9461e-01 (4.8490e-01)	Loss TOTAL 8.8248e-01 (8.9757e-01)
Epoch: [29][ 90/112]	L_Src_Sup 1.2163e-01 (1.9440e-01)	L_Trg_Inj 4.3623e-01 (3.6163e-01)	Loss Disc 6.8393e-01 (6.8803e-01)	Loss Pred 4.9075e-01 (4.8534e-01)	Loss TOTAL 8.8849e-01 (8.9811e-01)
Epoch: [29][100/112]	L_Src_Sup 2.1514e-01 (1.9575e-01)	L_Trg_Inj 5.0794e-01 (3.7354e-01)	Loss Disc 6.8259e-01 (6.8772e-01)	Loss Pred 4.4183e-01 (4.8060e-01)	Loss TOTAL 8.5543e-01 (8.9395e-01)
Epoch: [29][110/112]	L_Src_Sup 1.5393e-01 (1.9270e-01)	L_Trg_Inj 4.5434e-01 (3.8299e-01)	Loss Disc 6.8285e-01 (6.8739e-01)	Loss Pred 4.2050e-01 (4.7819e-01)	Loss TOTAL 8.2275e-01 (8.9087e-01)
Epoch: [29][112/112]	L_Src_Sup 2.5012e-01 (1.9465e-01)	L_Trg_Inj 2.9043e-01 (3.8232e-01)	Loss Disc 6.9919e-01 (6.8753e-01)	Loss Pred 5.5666e-01 (4.7906e-01)	Loss TOTAL 9.6031e-01 (8.9173e-01)
Epoch 29 complete. Saving model state...
Epoch: [30][ 10/112]	L_Src_Sup 2.8582e-01 (2.0872e-01)	L_Trg_Inj 4.3684e-01 (3.0339e-01)	Loss Disc 6.8950e-01 (6.9077e-01)	Loss Pred 5.0870e-01 (4.9215e-01)	Loss TOTAL 9.2571e-01 (9.1292e-01)
Epoch: [30][ 20/112]	L_Src_Sup 2.4901e-01 (2.1675e-01)	L_Trg_Inj 4.0261e-01 (3.6114e-01)	Loss Disc 6.8902e-01 (6.8925e-01)	Loss Pred 5.4617e-01 (4.8666e-01)	Loss TOTAL 9.5585e-01 (9.0116e-01)
Epoch: [30][ 30/112]	L_Src_Sup 1.3813e-01 (2.2170e-01)	L_Trg_Inj 4.6639e-01 (3.5563e-01)	Loss Disc 6.8437e-01 (6.8888e-01)	Loss Pred 4.4615e-01 (4.7976e-01)	Loss TOTAL 8.4878e-01 (8.9548e-01)
Epoch: [30][ 40/112]	L_Src_Sup 7.6934e-02 (2.1663e-01)	L_Trg_Inj 3.1199e-01 (3.6731e-01)	Loss Disc 6.8877e-01 (6.8866e-01)	Loss Pred 4.2120e-01 (4.8315e-01)	Loss TOTAL 8.0448e-01 (9.0179e-01)
Epoch: [30][ 50/112]	L_Src_Sup 2.1471e-01 (2.2017e-01)	L_Trg_Inj 4.7930e-01 (3.6800e-01)	Loss Disc 6.8429e-01 (6.8850e-01)	Loss Pred 4.3598e-01 (4.7948e-01)	Loss TOTAL 8.4752e-01 (8.9630e-01)
Epoch: [30][ 60/112]	L_Src_Sup 2.7807e-01 (2.1995e-01)	L_Trg_Inj 4.6423e-01 (3.7174e-01)	Loss Disc 6.8623e-01 (6.8847e-01)	Loss Pred 5.1744e-01 (4.7834e-01)	Loss TOTAL 9.3479e-01 (8.9434e-01)
Epoch: [30][ 70/112]	L_Src_Sup 0.0000e+00 (2.1534e-01)	L_Trg_Inj 2.5895e-01 (3.7317e-01)	Loss Disc 6.9174e-01 (6.8847e-01)	Loss Pred 3.9582e-01 (4.7611e-01)	Loss TOTAL 7.6759e-01 (8.9121e-01)
Epoch: [30][ 80/112]	L_Src_Sup 1.2144e-01 (2.2135e-01)	L_Trg_Inj 2.6137e-01 (3.6165e-01)	Loss Disc 6.9260e-01 (6.8875e-01)	Loss Pred 4.9432e-01 (4.7535e-01)	Loss TOTAL 8.7890e-01 (8.9405e-01)
Epoch: [30][ 90/112]	L_Src_Sup 1.8896e-01 (2.1439e-01)	L_Trg_Inj 3.9218e-01 (3.5002e-01)	Loss Disc 6.9087e-01 (6.8892e-01)	Loss Pred 4.7494e-01 (4.7648e-01)	Loss TOTAL 8.7849e-01 (8.9188e-01)
Epoch: [30][100/112]	L_Src_Sup 3.4484e-01 (2.1491e-01)	L_Trg_Inj 4.3313e-01 (3.4728e-01)	Loss Disc 6.8776e-01 (6.8897e-01)	Loss Pred 5.6497e-01 (4.7603e-01)	Loss TOTAL 9.8664e-01 (8.9123e-01)
Epoch: [30][110/112]	L_Src_Sup 6.9025e-02 (2.0627e-01)	L_Trg_Inj 3.0626e-01 (3.4176e-01)	Loss Disc 6.8968e-01 (6.8901e-01)	Loss Pred 4.4911e-01 (4.7621e-01)	Loss TOTAL 8.3148e-01 (8.8946e-01)
Epoch: [30][112/112]	L_Src_Sup 3.6851e-01 (2.0730e-01)	L_Trg_Inj 3.9748e-01 (3.4234e-01)	Loss Disc 6.8842e-01 (6.8903e-01)	Loss Pred 5.3220e-01 (4.7720e-01)	Loss TOTAL 9.5301e-01 (8.9038e-01)
Epoch 30 complete. Saving model state...
Epoch: [31][ 10/112]	L_Src_Sup 2.0667e-01 (1.6788e-01)	L_Trg_Inj 3.7275e-01 (4.0980e-01)	Loss Disc 6.8731e-01 (6.8708e-01)	Loss Pred 4.5725e-01 (4.9359e-01)	Loss TOTAL 8.5885e-01 (9.0094e-01)
Epoch: [31][ 20/112]	L_Src_Sup 1.4816e-01 (1.8150e-01)	L_Trg_Inj 4.3627e-01 (4.2013e-01)	Loss Disc 6.8769e-01 (6.8728e-01)	Loss Pred 4.2584e-01 (5.0065e-01)	Loss TOTAL 8.2813e-01 (9.0748e-01)
Epoch: [31][ 30/112]	L_Src_Sup 1.6822e-01 (1.9002e-01)	L_Trg_Inj 2.7888e-01 (4.1802e-01)	Loss Disc 6.9209e-01 (6.8720e-01)	Loss Pred 5.1483e-01 (4.8698e-01)	Loss TOTAL 9.0558e-01 (8.9879e-01)
Epoch: [31][ 40/112]	L_Src_Sup 3.0338e-01 (2.0284e-01)	L_Trg_Inj 4.0901e-01 (4.0864e-01)	Loss Disc 6.9227e-01 (6.8742e-01)	Loss Pred 4.9010e-01 (4.8180e-01)	Loss TOTAL 9.0747e-01 (8.9716e-01)
Epoch: [31][ 50/112]	L_Src_Sup 3.2119e-01 (2.0379e-01)	L_Trg_Inj 4.7749e-01 (4.2621e-01)	Loss Disc 6.8863e-01 (6.8722e-01)	Loss Pred 4.2047e-01 (4.7695e-01)	Loss TOTAL 8.4465e-01 (8.9462e-01)
Epoch: [31][ 60/112]	L_Src_Sup 1.0277e-01 (2.0999e-01)	L_Trg_Inj 3.6740e-01 (4.2820e-01)	Loss Disc 6.8321e-01 (6.8684e-01)	Loss Pred 5.4152e-01 (4.7865e-01)	Loss TOTAL 9.3015e-01 (8.9510e-01)
Epoch: [31][ 70/112]	L_Src_Sup 1.6668e-01 (2.1124e-01)	L_Trg_Inj 1.6089e-01 (4.1912e-01)	Loss Disc 6.9405e-01 (6.8723e-01)	Loss Pred 5.1377e-01 (4.7733e-01)	Loss TOTAL 8.9934e-01 (8.9198e-01)
Epoch: [31][ 80/112]	L_Src_Sup 2.5062e-01 (2.0787e-01)	L_Trg_Inj 2.0208e-01 (4.0866e-01)	Loss Disc 6.9349e-01 (6.8753e-01)	Loss Pred 4.0072e-01 (4.7858e-01)	Loss TOTAL 8.4128e-01 (8.9281e-01)
Epoch: [31][ 90/112]	L_Src_Sup 2.7615e-01 (2.0327e-01)	L_Trg_Inj 4.2411e-01 (4.1259e-01)	Loss Disc 6.8657e-01 (6.8745e-01)	Loss Pred 4.5051e-01 (4.7601e-01)	Loss TOTAL 8.6383e-01 (8.8915e-01)
Epoch: [31][100/112]	L_Src_Sup 1.8207e-01 (2.0472e-01)	L_Trg_Inj 4.7811e-01 (4.1300e-01)	Loss Disc 6.8738e-01 (6.8742e-01)	Loss Pred 4.8428e-01 (4.7380e-01)	Loss TOTAL 8.9398e-01 (8.8673e-01)
Epoch: [31][110/112]	L_Src_Sup 5.4116e-02 (2.0181e-01)	L_Trg_Inj 2.0274e-01 (4.0297e-01)	Loss Disc 6.8974e-01 (6.8752e-01)	Loss Pred 5.2373e-01 (4.7418e-01)	Loss TOTAL 8.9429e-01 (8.8751e-01)
Epoch: [31][112/112]	L_Src_Sup 2.2232e-01 (2.0441e-01)	L_Trg_Inj 3.6950e-01 (4.0160e-01)	Loss Disc 6.8688e-01 (6.8755e-01)	Loss Pred 5.1402e-01 (4.7474e-01)	Loss TOTAL 9.1664e-01 (8.8973e-01)
Epoch 31 complete. Saving model state...
Epoch: [32][ 10/112]	L_Src_Sup 3.4515e-01 (2.1810e-01)	L_Trg_Inj 3.4115e-01 (3.5334e-01)	Loss Disc 6.9174e-01 (6.8904e-01)	Loss Pred 4.4331e-01 (4.6305e-01)	Loss TOTAL 8.6180e-01 (8.7714e-01)
Epoch: [32][ 20/112]	L_Src_Sup 3.1273e-01 (2.0671e-01)	L_Trg_Inj 6.7597e-01 (4.1964e-01)	Loss Disc 6.7860e-01 (6.8716e-01)	Loss Pred 4.7354e-01 (4.6766e-01)	Loss TOTAL 9.1171e-01 (8.8009e-01)
Epoch: [32][ 30/112]	L_Src_Sup 1.4815e-01 (2.0765e-01)	L_Trg_Inj 4.9330e-01 (4.3752e-01)	Loss Disc 6.8784e-01 (6.8657e-01)	Loss Pred 4.2743e-01 (4.6470e-01)	Loss TOTAL 8.3549e-01 (8.7664e-01)
Epoch: [32][ 40/112]	L_Src_Sup 2.0710e-01 (2.0796e-01)	L_Trg_Inj 3.4389e-01 (4.2724e-01)	Loss Disc 6.9686e-01 (6.8701e-01)	Loss Pred 4.4229e-01 (4.7119e-01)	Loss TOTAL 8.4582e-01 (8.8208e-01)
Epoch: [32][ 50/112]	L_Src_Sup 3.1337e-01 (2.1301e-01)	L_Trg_Inj 3.6263e-01 (4.1093e-01)	Loss Disc 6.8866e-01 (6.8783e-01)	Loss Pred 4.7677e-01 (4.7198e-01)	Loss TOTAL 8.8869e-01 (8.8472e-01)
Epoch: [32][ 60/112]	L_Src_Sup 1.9356e-01 (2.1565e-01)	L_Trg_Inj 3.9104e-01 (4.0584e-01)	Loss Disc 6.8711e-01 (6.8789e-01)	Loss Pred 4.6766e-01 (4.7133e-01)	Loss TOTAL 8.6968e-01 (8.8461e-01)
Epoch: [32][ 70/112]	L_Src_Sup 2.8340e-01 (2.1244e-01)	L_Trg_Inj 4.8911e-01 (3.9544e-01)	Loss Disc 6.8923e-01 (6.8819e-01)	Loss Pred 4.8125e-01 (4.6807e-01)	Loss TOTAL 9.0311e-01 (8.7950e-01)
Epoch: [32][ 80/112]	L_Src_Sup 2.7783e-01 (2.1032e-01)	L_Trg_Inj 4.9848e-01 (4.1421e-01)	Loss Disc 6.8370e-01 (6.8770e-01)	Loss Pred 5.1045e-01 (4.7298e-01)	Loss TOTAL 9.2993e-01 (8.8501e-01)
Epoch: [32][ 90/112]	L_Src_Sup 7.7430e-02 (2.1099e-01)	L_Trg_Inj 4.8282e-01 (4.1239e-01)	Loss Disc 6.8705e-01 (6.8785e-01)	Loss Pred 4.1348e-01 (4.7263e-01)	Loss TOTAL 8.1303e-01 (8.8421e-01)
Epoch: [32][100/112]	L_Src_Sup 2.6810e-01 (2.0760e-01)	L_Trg_Inj 5.3872e-01 (4.1938e-01)	Loss Disc 6.8406e-01 (6.8769e-01)	Loss Pred 4.6176e-01 (4.7246e-01)	Loss TOTAL 8.8447e-01 (8.8413e-01)
Epoch: [32][110/112]	L_Src_Sup 5.2681e-02 (2.0839e-01)	L_Trg_Inj 6.5075e-01 (4.2901e-01)	Loss Disc 6.7937e-01 (6.8735e-01)	Loss Pred 5.3104e-01 (4.7226e-01)	Loss TOTAL 9.4107e-01 (8.8483e-01)
Epoch: [32][112/112]	L_Src_Sup 2.0725e-01 (2.0936e-01)	L_Trg_Inj 5.6786e-01 (4.3154e-01)	Loss Disc 6.8022e-01 (6.8721e-01)	Loss Pred 4.4595e-01 (4.7303e-01)	Loss TOTAL 8.6357e-01 (8.8579e-01)
Epoch 32 complete. Saving model state...
Epoch: [33][ 10/112]	L_Src_Sup 9.1069e-02 (1.9467e-01)	L_Trg_Inj 2.5880e-01 (4.6430e-01)	Loss Disc 6.9693e-01 (6.8484e-01)	Loss Pred 3.8051e-01 (4.6320e-01)	Loss TOTAL 7.6396e-01 (8.7151e-01)
Epoch: [33][ 20/112]	L_Src_Sup 2.4254e-01 (1.8254e-01)	L_Trg_Inj 4.4172e-01 (4.1607e-01)	Loss Disc 6.8600e-01 (6.8648e-01)	Loss Pred 4.8354e-01 (4.6139e-01)	Loss TOTAL 8.9497e-01 (8.6879e-01)
Epoch: [33][ 30/112]	L_Src_Sup 2.2230e-01 (2.1099e-01)	L_Trg_Inj 3.6443e-01 (4.0989e-01)	Loss Disc 6.8994e-01 (6.8707e-01)	Loss Pred 4.2323e-01 (4.6584e-01)	Loss TOTAL 8.2688e-01 (8.7672e-01)
Epoch: [33][ 40/112]	L_Src_Sup 2.6323e-01 (2.0790e-01)	L_Trg_Inj 3.5050e-01 (3.8937e-01)	Loss Disc 6.8988e-01 (6.8750e-01)	Loss Pred 5.2588e-01 (4.6294e-01)	Loss TOTAL 9.3219e-01 (8.7278e-01)
Epoch: [33][ 50/112]	L_Src_Sup 3.1243e-01 (2.1168e-01)	L_Trg_Inj 5.0217e-01 (4.0395e-01)	Loss Disc 6.8549e-01 (6.8750e-01)	Loss Pred 4.7230e-01 (4.6367e-01)	Loss TOTAL 8.9651e-01 (8.7427e-01)
Epoch: [33][ 60/112]	L_Src_Sup 1.8186e-01 (2.0644e-01)	L_Trg_Inj 2.7037e-01 (4.0079e-01)	Loss Disc 6.9136e-01 (6.8758e-01)	Loss Pred 4.8409e-01 (4.6879e-01)	Loss TOTAL 8.7500e-01 (8.7796e-01)
Epoch: [33][ 70/112]	L_Src_Sup 3.4493e-01 (2.0506e-01)	L_Trg_Inj 2.6424e-01 (3.9204e-01)	Loss Disc 6.9073e-01 (6.8786e-01)	Loss Pred 4.4045e-01 (4.6927e-01)	Loss TOTAL 9.2742e-01 (8.7805e-01)
Epoch: [33][ 80/112]	L_Src_Sup 5.5560e-02 (2.0323e-01)	L_Trg_Inj 3.2190e-01 (3.8481e-01)	Loss Disc 6.8829e-01 (6.8787e-01)	Loss Pred 5.0722e-01 (4.6988e-01)	Loss TOTAL 8.8911e-01 (8.7720e-01)
Epoch: [33][ 90/112]	L_Src_Sup 1.3827e-01 (2.0517e-01)	L_Trg_Inj 5.0474e-01 (3.9913e-01)	Loss Disc 6.8487e-01 (6.8759e-01)	Loss Pred 4.4093e-01 (4.7318e-01)	Loss TOTAL 8.4766e-01 (8.8148e-01)
Epoch: [33][100/112]	L_Src_Sup 3.1337e-01 (2.0426e-01)	L_Trg_Inj 4.4338e-01 (4.0337e-01)	Loss Disc 6.8929e-01 (6.8752e-01)	Loss Pred 4.7645e-01 (4.7309e-01)	Loss TOTAL 8.9677e-01 (8.8128e-01)
Epoch: [33][110/112]	L_Src_Sup 8.7021e-02 (1.9985e-01)	L_Trg_Inj 2.0031e-01 (3.9268e-01)	Loss Disc 6.9271e-01 (6.8777e-01)	Loss Pred 3.8647e-01 (4.7088e-01)	Loss TOTAL 7.6155e-01 (8.7736e-01)
Epoch: [33][112/112]	L_Src_Sup 1.1114e-01 (2.0013e-01)	L_Trg_Inj 1.3825e-01 (3.8813e-01)	Loss Disc 6.9299e-01 (6.8787e-01)	Loss Pred 5.0787e-01 (4.7066e-01)	Loss TOTAL 8.7930e-01 (8.7834e-01)
Epoch 33 complete. Saving model state...
Epoch: [34][ 10/112]	L_Src_Sup 1.0280e-01 (2.7118e-01)	L_Trg_Inj 4.0973e-01 (4.0942e-01)	Loss Disc 6.8429e-01 (6.8776e-01)	Loss Pred 5.3395e-01 (4.7920e-01)	Loss TOTAL 9.2735e-01 (9.0366e-01)
Epoch: [34][ 20/112]	L_Src_Sup 2.2322e-01 (2.1583e-01)	L_Trg_Inj 3.8804e-01 (4.1668e-01)	Loss Disc 6.8454e-01 (6.8645e-01)	Loss Pred 5.1479e-01 (4.7807e-01)	Loss TOTAL 9.1819e-01 (8.9080e-01)
Epoch: [34][ 30/112]	L_Src_Sup 3.2284e-01 (2.2218e-01)	L_Trg_Inj 4.5765e-01 (4.3476e-01)	Loss Disc 6.8609e-01 (6.8697e-01)	Loss Pred 4.6745e-01 (4.8058e-01)	Loss TOTAL 8.8854e-01 (8.9703e-01)
Epoch: [34][ 40/112]	L_Src_Sup 1.2121e-01 (2.0823e-01)	L_Trg_Inj 3.4701e-01 (4.2913e-01)	Loss Disc 6.9051e-01 (6.8713e-01)	Loss Pred 4.8092e-01 (4.7513e-01)	Loss TOTAL 8.7300e-01 (8.8788e-01)
Epoch: [34][ 50/112]	L_Src_Sup 2.6681e-01 (2.0377e-01)	L_Trg_Inj 3.0538e-01 (4.2017e-01)	Loss Disc 6.8946e-01 (6.8733e-01)	Loss Pred 4.5619e-01 (4.7090e-01)	Loss TOTAL 8.5814e-01 (8.8132e-01)
Epoch: [34][ 60/112]	L_Src_Sup 1.5173e-01 (1.9613e-01)	L_Trg_Inj 2.1739e-01 (3.9630e-01)	Loss Disc 6.9327e-01 (6.8787e-01)	Loss Pred 4.2578e-01 (4.7562e-01)	Loss TOTAL 8.0933e-01 (8.8277e-01)
Epoch: [34][ 70/112]	L_Src_Sup 6.2511e-02 (1.9358e-01)	L_Trg_Inj 5.4841e-01 (3.8982e-01)	Loss Disc 6.8395e-01 (6.8814e-01)	Loss Pred 4.6975e-01 (4.7199e-01)	Loss TOTAL 8.7282e-01 (8.7925e-01)
Epoch: [34][ 80/112]	L_Src_Sup 2.7786e-01 (1.9545e-01)	L_Trg_Inj 4.9644e-01 (4.0202e-01)	Loss Disc 6.8592e-01 (6.8785e-01)	Loss Pred 5.0850e-01 (4.6924e-01)	Loss TOTAL 9.2889e-01 (8.7717e-01)
Epoch: [34][ 90/112]	L_Src_Sup 7.1458e-02 (1.9221e-01)	L_Trg_Inj 2.9157e-01 (3.9894e-01)	Loss Disc 6.8937e-01 (6.8777e-01)	Loss Pred 4.3420e-01 (4.7033e-01)	Loss TOTAL 8.1519e-01 (8.7711e-01)
Epoch: [34][100/112]	L_Src_Sup 1.1711e-01 (1.9144e-01)	L_Trg_Inj 2.9486e-01 (3.8963e-01)	Loss Disc 6.9694e-01 (6.8804e-01)	Loss Pred 4.9534e-01 (4.7190e-01)	Loss TOTAL 8.8501e-01 (8.7862e-01)
Epoch: [34][110/112]	L_Src_Sup 3.4236e-01 (1.9265e-01)	L_Trg_Inj 4.6541e-01 (3.9321e-01)	Loss Disc 6.8536e-01 (6.8794e-01)	Loss Pred 4.9514e-01 (4.6965e-01)	Loss TOTAL 9.1860e-01 (8.7710e-01)
Epoch: [34][112/112]	L_Src_Sup 1.0858e-01 (1.9236e-01)	L_Trg_Inj 4.4753e-01 (3.9435e-01)	Loss Disc 6.8593e-01 (6.8789e-01)	Loss Pred 5.1496e-01 (4.7018e-01)	Loss TOTAL 9.1354e-01 (8.7760e-01)
Epoch 34 complete. Saving model state...
Epoch: [35][ 10/112]	L_Src_Sup 4.5755e-01 (1.9017e-01)	L_Trg_Inj 4.9634e-01 (4.5015e-01)	Loss Disc 6.8589e-01 (6.8717e-01)	Loss Pred 4.9377e-01 (4.9563e-01)	Loss TOTAL 9.3210e-01 (9.0325e-01)
Epoch: [35][ 20/112]	L_Src_Sup 2.5816e-01 (1.9542e-01)	L_Trg_Inj 3.4926e-01 (4.1807e-01)	Loss Disc 6.8926e-01 (6.8812e-01)	Loss Pred 4.5675e-01 (4.8024e-01)	Loss TOTAL 8.6212e-01 (8.8565e-01)
Epoch: [35][ 30/112]	L_Src_Sup 1.6680e-01 (1.9517e-01)	L_Trg_Inj 5.8409e-01 (4.1676e-01)	Loss Disc 6.8313e-01 (6.8800e-01)	Loss Pred 5.1048e-01 (4.7646e-01)	Loss TOTAL 9.2713e-01 (8.8369e-01)
Epoch: [35][ 40/112]	L_Src_Sup 1.7743e-01 (2.0923e-01)	L_Trg_Inj 3.4392e-01 (4.0395e-01)	Loss Disc 6.9006e-01 (6.8845e-01)	Loss Pred 3.8821e-01 (4.7377e-01)	Loss TOTAL 7.8537e-01 (8.8412e-01)
Epoch: [35][ 50/112]	L_Src_Sup 1.3356e-01 (2.0154e-01)	L_Trg_Inj 4.8523e-01 (4.3271e-01)	Loss Disc 6.8744e-01 (6.8761e-01)	Loss Pred 4.4926e-01 (4.7334e-01)	Loss TOTAL 8.5486e-01 (8.8442e-01)
Epoch: [35][ 60/112]	L_Src_Sup 1.8193e-01 (2.0154e-01)	L_Trg_Inj 6.6295e-01 (4.4449e-01)	Loss Disc 6.8099e-01 (6.8713e-01)	Loss Pred 4.8003e-01 (4.7128e-01)	Loss TOTAL 9.0501e-01 (8.8265e-01)
Epoch: [35][ 70/112]	L_Src_Sup 3.6422e-01 (2.0546e-01)	L_Trg_Inj 4.1054e-01 (4.4794e-01)	Loss Disc 6.8614e-01 (6.8709e-01)	Loss Pred 4.7703e-01 (4.6751e-01)	Loss TOTAL 8.9758e-01 (8.7915e-01)
Epoch: [35][ 80/112]	L_Src_Sup 1.5149e-01 (2.0266e-01)	L_Trg_Inj 4.8024e-01 (4.4083e-01)	Loss Disc 6.8459e-01 (6.8718e-01)	Loss Pred 5.4604e-01 (4.6798e-01)	Loss TOTAL 9.5150e-01 (8.7903e-01)
Epoch: [35][ 90/112]	L_Src_Sup 1.0534e-01 (1.9810e-01)	L_Trg_Inj 2.7934e-01 (4.3319e-01)	Loss Disc 6.8988e-01 (6.8743e-01)	Loss Pred 5.2525e-01 (4.6641e-01)	Loss TOTAL 9.0866e-01 (8.7601e-01)
Epoch: [35][100/112]	L_Src_Sup 1.7732e-01 (1.9713e-01)	L_Trg_Inj 6.0268e-01 (4.3407e-01)	Loss Disc 6.8260e-01 (6.8755e-01)	Loss Pred 5.0438e-01 (4.6767e-01)	Loss TOTAL 9.2368e-01 (8.7948e-01)
Epoch: [35][110/112]	L_Src_Sup 3.6426e-01 (2.0261e-01)	L_Trg_Inj 5.3519e-01 (4.4099e-01)	Loss Disc 6.8448e-01 (6.8681e-01)	Loss Pred 4.7445e-01 (4.6950e-01)	Loss TOTAL 9.0663e-01 (8.8173e-01)
Epoch: [35][112/112]	L_Src_Sup 1.3730e-01 (2.0207e-01)	L_Trg_Inj 4.3112e-01 (4.3998e-01)	Loss Disc 6.7905e-01 (6.8670e-01)	Loss Pred 4.5835e-01 (4.6912e-01)	Loss TOTAL 8.5472e-01 (8.8106e-01)
Epoch 35 complete. Saving model state...
Epoch: [36][ 10/112]	L_Src_Sup 1.8262e-01 (1.8498e-01)	L_Trg_Inj 2.8992e-01 (4.0710e-01)	Loss Disc 6.8983e-01 (6.8443e-01)	Loss Pred 4.7834e-01 (4.7030e-01)	Loss TOTAL 8.7051e-01 (8.7173e-01)
Epoch: [36][ 20/112]	L_Src_Sup 2.5078e-01 (1.9750e-01)	L_Trg_Inj 3.0141e-01 (3.7463e-01)	Loss Disc 6.9131e-01 (6.8722e-01)	Loss Pred 4.6679e-01 (4.6148e-01)	Loss TOTAL 8.6767e-01 (8.6781e-01)
Epoch: [36][ 30/112]	L_Src_Sup 6.0613e-02 (1.7923e-01)	L_Trg_Inj 2.4035e-01 (3.7004e-01)	Loss Disc 6.9085e-01 (6.8805e-01)	Loss Pred 4.7356e-01 (4.6197e-01)	Loss TOTAL 8.4908e-01 (8.6460e-01)
Epoch: [36][ 40/112]	L_Src_Sup 3.4513e-01 (1.8637e-01)	L_Trg_Inj 4.2100e-01 (3.4323e-01)	Loss Disc 6.9008e-01 (6.8852e-01)	Loss Pred 4.3653e-01 (4.6372e-01)	Loss TOTAL 8.5819e-01 (8.7341e-01)
Epoch: [36][ 50/112]	L_Src_Sup 9.1003e-02 (1.9390e-01)	L_Trg_Inj 4.7656e-01 (3.6447e-01)	Loss Disc 6.8814e-01 (6.8844e-01)	Loss Pred 5.8094e-01 (4.6247e-01)	Loss TOTAL 9.8177e-01 (8.7300e-01)
Epoch: [36][ 60/112]	L_Src_Sup 3.0307e-01 (1.9517e-01)	L_Trg_Inj 4.6285e-01 (3.6765e-01)	Loss Disc 6.8748e-01 (6.8838e-01)	Loss Pred 4.7301e-01 (4.6508e-01)	Loss TOTAL 8.9334e-01 (8.7453e-01)
Epoch: [36][ 70/112]	L_Src_Sup 1.4818e-01 (2.0130e-01)	L_Trg_Inj 2.5148e-01 (3.6276e-01)	Loss Disc 6.9360e-01 (6.8866e-01)	Loss Pred 4.2292e-01 (4.6635e-01)	Loss TOTAL 8.0969e-01 (8.7566e-01)
Epoch: [36][ 80/112]	L_Src_Sup 0.0000e+00 (1.9829e-01)	L_Trg_Inj 3.7094e-01 (3.4834e-01)	Loss Disc 6.8770e-01 (6.8908e-01)	Loss Pred 4.1969e-01 (4.6534e-01)	Loss TOTAL 8.0064e-01 (8.7616e-01)
Epoch: [36][ 90/112]	L_Src_Sup 2.2881e-01 (2.0244e-01)	L_Trg_Inj 4.5001e-01 (3.5265e-01)	Loss Disc 6.8645e-01 (6.8895e-01)	Loss Pred 4.9610e-01 (4.6580e-01)	Loss TOTAL 9.0720e-01 (8.7802e-01)
Epoch: [36][100/112]	L_Src_Sup 7.1529e-02 (1.9409e-01)	L_Trg_Inj 1.8478e-01 (3.5400e-01)	Loss Disc 6.9194e-01 (6.8901e-01)	Loss Pred 4.2918e-01 (4.6688e-01)	Loss TOTAL 8.0078e-01 (8.7721e-01)
Epoch: [36][110/112]	L_Src_Sup 7.1430e-02 (1.9116e-01)	L_Trg_Inj 2.5153e-01 (3.4914e-01)	Loss Disc 6.8989e-01 (6.8907e-01)	Loss Pred 4.2978e-01 (4.6692e-01)	Loss TOTAL 8.0703e-01 (8.7555e-01)
Epoch: [36][112/112]	L_Src_Sup 2.5149e-01 (1.9356e-01)	L_Trg_Inj 2.6593e-01 (3.4699e-01)	Loss Disc 6.9150e-01 (6.8909e-01)	Loss Pred 3.9400e-01 (4.6608e-01)	Loss TOTAL 7.9149e-01 (8.7642e-01)
Epoch 36 complete. Saving model state...
Epoch: [37][ 10/112]	L_Src_Sup 2.4339e-01 (1.9625e-01)	L_Trg_Inj 3.9209e-01 (2.8375e-01)	Loss Disc 6.8820e-01 (6.9176e-01)	Loss Pred 4.7200e-01 (4.6225e-01)	Loss TOTAL 8.7965e-01 (8.6557e-01)
Epoch: [37][ 20/112]	L_Src_Sup 5.1860e-01 (2.2652e-01)	L_Trg_Inj 3.6393e-01 (3.2420e-01)	Loss Disc 6.8931e-01 (6.9029e-01)	Loss Pred 4.3058e-01 (4.7154e-01)	Loss TOTAL 1.0182e+00 (8.8606e-01)
Epoch: [37][ 30/112]	L_Src_Sup 1.4288e-01 (2.1356e-01)	L_Trg_Inj 5.9228e-01 (3.4337e-01)	Loss Disc 6.8456e-01 (6.8987e-01)	Loss Pred 4.3141e-01 (4.7369e-01)	Loss TOTAL 8.4720e-01 (8.8592e-01)
Epoch: [37][ 40/112]	L_Src_Sup 3.9108e-01 (1.9970e-01)	L_Trg_Inj 4.5562e-01 (3.6021e-01)	Loss Disc 6.8774e-01 (6.8952e-01)	Loss Pred 5.0165e-01 (4.7246e-01)	Loss TOTAL 9.3019e-01 (8.8192e-01)
Epoch: [37][ 50/112]	L_Src_Sup 4.8790e-02 (2.0361e-01)	L_Trg_Inj 3.1750e-01 (3.5631e-01)	Loss Disc 6.9040e-01 (6.8972e-01)	Loss Pred 5.5221e-01 (4.7115e-01)	Loss TOTAL 9.3404e-01 (8.8132e-01)
Epoch: [37][ 60/112]	L_Src_Sup 0.0000e+00 (2.0072e-01)	L_Trg_Inj 4.2474e-01 (3.6127e-01)	Loss Disc 6.8701e-01 (6.8962e-01)	Loss Pred 4.5956e-01 (4.6710e-01)	Loss TOTAL 8.4554e-01 (8.8228e-01)
Epoch: [37][ 70/112]	L_Src_Sup 2.2225e-01 (1.9981e-01)	L_Trg_Inj 2.4822e-01 (3.4953e-01)	Loss Disc 6.9064e-01 (6.8981e-01)	Loss Pred 4.1619e-01 (4.6413e-01)	Loss TOTAL 8.0856e-01 (8.8057e-01)
Epoch: [37][ 80/112]	L_Src_Sup 1.2935e-01 (1.9429e-01)	L_Trg_Inj 3.3008e-01 (3.4256e-01)	Loss Disc 6.8896e-01 (6.8987e-01)	Loss Pred 4.5286e-01 (4.6344e-01)	Loss TOTAL 8.4329e-01 (8.7969e-01)
Epoch: [37][ 90/112]	L_Src_Sup 2.5768e-01 (2.0259e-01)	L_Trg_Inj 4.0051e-01 (3.3758e-01)	Loss Disc 6.8858e-01 (6.8984e-01)	Loss Pred 4.7354e-01 (4.6469e-01)	Loss TOTAL 8.8365e-01 (8.8260e-01)
Epoch: [37][100/112]	L_Src_Sup 3.1982e-01 (1.9849e-01)	L_Trg_Inj 3.8598e-01 (3.4195e-01)	Loss Disc 6.8897e-01 (6.8976e-01)	Loss Pred 4.1017e-01 (4.6330e-01)	Loss TOTAL 8.2523e-01 (8.7930e-01)
Epoch: [37][110/112]	L_Src_Sup 1.7155e-01 (2.0820e-01)	L_Trg_Inj 4.2388e-01 (3.4591e-01)	Loss Disc 6.8755e-01 (6.8961e-01)	Loss Pred 4.8928e-01 (4.6572e-01)	Loss TOTAL 8.9260e-01 (8.8496e-01)
Epoch: [37][112/112]	L_Src_Sup 2.6683e-01 (2.0819e-01)	L_Trg_Inj 3.6578e-01 (3.4674e-01)	Loss Disc 6.8753e-01 (6.8957e-01)	Loss Pred 4.4314e-01 (4.6507e-01)	Loss TOTAL 8.5017e-01 (8.8404e-01)
Epoch 37 complete. Saving model state...
Epoch: [38][ 10/112]	L_Src_Sup 1.3345e-01 (2.3213e-01)	L_Trg_Inj 2.7762e-01 (3.7622e-01)	Loss Disc 6.9115e-01 (6.8879e-01)	Loss Pred 4.4570e-01 (4.6225e-01)	Loss TOTAL 8.3238e-01 (8.7957e-01)
Epoch: [38][ 20/112]	L_Src_Sup 1.8819e-01 (2.2963e-01)	L_Trg_Inj 4.0623e-01 (3.6166e-01)	Loss Disc 6.8634e-01 (6.8876e-01)	Loss Pred 4.7031e-01 (4.4308e-01)	Loss TOTAL 8.7293e-01 (8.6723e-01)
Epoch: [38][ 30/112]	L_Src_Sup 2.7595e-01 (2.2083e-01)	L_Trg_Inj 3.5134e-01 (3.5771e-01)	Loss Disc 6.8847e-01 (6.8934e-01)	Loss Pred 4.3492e-01 (4.4713e-01)	Loss TOTAL 8.4188e-01 (8.6907e-01)
Epoch: [38][ 40/112]	L_Src_Sup 1.6712e-01 (2.2931e-01)	L_Trg_Inj 4.9850e-01 (3.6484e-01)	Loss Disc 6.8613e-01 (6.8910e-01)	Loss Pred 5.0228e-01 (4.5074e-01)	Loss TOTAL 9.1191e-01 (8.7263e-01)
Epoch: [38][ 50/112]	L_Src_Sup 1.0812e-01 (2.2940e-01)	L_Trg_Inj 3.7731e-01 (3.6542e-01)	Loss Disc 6.8670e-01 (6.8892e-01)	Loss Pred 5.1706e-01 (4.5466e-01)	Loss TOTAL 9.0896e-01 (8.7707e-01)
Epoch: [38][ 60/112]	L_Src_Sup 3.6133e-01 (2.2180e-01)	L_Trg_Inj 5.1362e-01 (3.6663e-01)	Loss Disc 6.8530e-01 (6.8910e-01)	Loss Pred 5.3015e-01 (4.5553e-01)	Loss TOTAL 9.6029e-01 (8.7552e-01)
Epoch: [38][ 70/112]	L_Src_Sup 5.1298e-02 (2.2381e-01)	L_Trg_Inj 4.9922e-01 (3.8039e-01)	Loss Disc 6.8560e-01 (6.8878e-01)	Loss Pred 5.2726e-01 (4.5889e-01)	Loss TOTAL 9.2511e-01 (8.7804e-01)
Epoch: [38][ 80/112]	L_Src_Sup 1.2142e-01 (2.2293e-01)	L_Trg_Inj 2.9342e-01 (3.9251e-01)	Loss Disc 6.9125e-01 (6.8841e-01)	Loss Pred 4.7575e-01 (4.6341e-01)	Loss TOTAL 8.6285e-01 (8.8171e-01)
Epoch: [38][ 90/112]	L_Src_Sup 6.0679e-02 (2.1828e-01)	L_Trg_Inj 4.3057e-01 (3.9488e-01)	Loss Disc 6.8494e-01 (6.8828e-01)	Loss Pred 4.7177e-01 (4.6399e-01)	Loss TOTAL 8.6336e-01 (8.8302e-01)
Epoch: [38][100/112]	L_Src_Sup 1.6219e-01 (2.1971e-01)	L_Trg_Inj 4.7051e-01 (3.9534e-01)	Loss Disc 6.8776e-01 (6.8826e-01)	Loss Pred 5.1497e-01 (4.6347e-01)	Loss TOTAL 9.2212e-01 (8.8132e-01)
Epoch: [38][110/112]	L_Src_Sup 1.4825e-01 (2.1849e-01)	L_Trg_Inj 2.4712e-01 (3.9047e-01)	Loss Disc 6.9404e-01 (6.8852e-01)	Loss Pred 4.1468e-01 (4.6338e-01)	Loss TOTAL 8.0124e-01 (8.8086e-01)
Epoch: [38][112/112]	L_Src_Sup 1.3337e-01 (2.1684e-01)	L_Trg_Inj 3.1355e-01 (3.8878e-01)	Loss Disc 6.9011e-01 (6.8857e-01)	Loss Pred 4.5032e-01 (4.6351e-01)	Loss TOTAL 8.4006e-01 (8.8046e-01)
Epoch 38 complete. Saving model state...
Epoch: [39][ 10/112]	L_Src_Sup 2.0910e-01 (2.2569e-01)	L_Trg_Inj 5.7251e-01 (5.5785e-01)	Loss Disc 6.7995e-01 (6.8473e-01)	Loss Pred 4.4147e-01 (4.5969e-01)	Loss TOTAL 8.5961e-01 (8.9431e-01)
Epoch: [39][ 20/112]	L_Src_Sup 2.9722e-01 (2.1788e-01)	L_Trg_Inj 4.5926e-01 (5.5947e-01)	Loss Disc 6.8293e-01 (6.8237e-01)	Loss Pred 4.1605e-01 (4.6523e-01)	Loss TOTAL 8.3316e-01 (8.9110e-01)
Epoch: [39][ 30/112]	L_Src_Sup 1.6728e-01 (1.9097e-01)	L_Trg_Inj 6.1329e-01 (5.4997e-01)	Loss Disc 6.8167e-01 (6.8283e-01)	Loss Pred 5.0608e-01 (4.6252e-01)	Loss TOTAL 9.2497e-01 (8.8266e-01)
Epoch: [39][ 40/112]	L_Src_Sup 2.6142e-01 (1.9696e-01)	L_Trg_Inj 4.6468e-01 (5.0732e-01)	Loss Disc 6.8666e-01 (6.8416e-01)	Loss Pred 3.8408e-01 (4.5957e-01)	Loss TOTAL 8.0002e-01 (8.7847e-01)
Epoch: [39][ 50/112]	L_Src_Sup 5.5957e-02 (1.9486e-01)	L_Trg_Inj 3.2786e-01 (4.8373e-01)	Loss Disc 6.9083e-01 (6.8519e-01)	Loss Pred 5.3560e-01 (4.6388e-01)	Loss TOTAL 9.1940e-01 (8.7945e-01)
Epoch: [39][ 60/112]	L_Src_Sup 1.0548e-01 (2.0506e-01)	L_Trg_Inj 4.5061e-01 (4.6960e-01)	Loss Disc 6.8604e-01 (6.8564e-01)	Loss Pred 5.1272e-01 (4.6591e-01)	Loss TOTAL 9.1135e-01 (8.8307e-01)
Epoch: [39][ 70/112]	L_Src_Sup 1.4288e-01 (2.0800e-01)	L_Trg_Inj 3.4759e-01 (4.5005e-01)	Loss Disc 6.8900e-01 (6.8627e-01)	Loss Pred 4.3658e-01 (4.6366e-01)	Loss TOTAL 8.3013e-01 (8.8128e-01)
Epoch: [39][ 80/112]	L_Src_Sup 2.8574e-01 (2.0506e-01)	L_Trg_Inj 2.2978e-01 (4.3300e-01)	Loss Disc 7.0064e-01 (6.8675e-01)	Loss Pred 4.8558e-01 (4.6456e-01)	Loss TOTAL 9.4342e-01 (8.8097e-01)
Epoch: [39][ 90/112]	L_Src_Sup 1.3350e-01 (2.0077e-01)	L_Trg_Inj 2.2314e-01 (4.2095e-01)	Loss Disc 6.9074e-01 (6.8732e-01)	Loss Pred 4.5691e-01 (4.6341e-01)	Loss TOTAL 8.3794e-01 (8.7744e-01)
Epoch: [39][100/112]	L_Src_Sup 1.4291e-01 (1.9611e-01)	L_Trg_Inj 3.3552e-01 (4.0481e-01)	Loss Disc 6.9039e-01 (6.8775e-01)	Loss Pred 5.4961e-01 (4.6246e-01)	Loss TOTAL 9.4265e-01 (8.7528e-01)
Epoch: [39][110/112]	L_Src_Sup 1.4293e-01 (1.9795e-01)	L_Trg_Inj 5.1384e-01 (4.0109e-01)	Loss Disc 6.8697e-01 (6.8787e-01)	Loss Pred 4.2499e-01 (4.6212e-01)	Loss TOTAL 8.3415e-01 (8.7510e-01)
Epoch: [39][112/112]	L_Src_Sup 1.8187e-01 (1.9706e-01)	L_Trg_Inj 2.3303e-01 (3.9909e-01)	Loss Disc 6.9068e-01 (6.8792e-01)	Loss Pred 4.7311e-01 (4.6245e-01)	Loss TOTAL 8.5994e-01 (8.7500e-01)
Epoch 39 complete. Saving model state...
Epoch: [40][ 10/112]	L_Src_Sup 2.9416e-01 (1.8883e-01)	L_Trg_Inj 2.3643e-01 (3.1113e-01)	Loss Disc 6.9015e-01 (6.8921e-01)	Loss Pred 4.7618e-01 (4.4132e-01)	Loss TOTAL 9.3204e-01 (8.4169e-01)
Epoch: [40][ 20/112]	L_Src_Sup 3.3360e-01 (2.2549e-01)	L_Trg_Inj 5.0541e-01 (3.7761e-01)	Loss Disc 6.9010e-01 (6.8792e-01)	Loss Pred 4.5474e-01 (4.6140e-01)	Loss TOTAL 8.8369e-01 (8.8017e-01)
Epoch: [40][ 30/112]	L_Src_Sup 8.0028e-02 (2.0614e-01)	L_Trg_Inj 5.1950e-01 (3.9100e-01)	Loss Disc 6.8364e-01 (6.8826e-01)	Loss Pred 3.9501e-01 (4.6034e-01)	Loss TOTAL 7.9679e-01 (8.7451e-01)
Epoch: [40][ 40/112]	L_Src_Sup 1.7152e-01 (1.9116e-01)	L_Trg_Inj 3.7154e-01 (3.8122e-01)	Loss Disc 6.8619e-01 (6.8814e-01)	Loss Pred 4.8879e-01 (4.6207e-01)	Loss TOTAL 8.8619e-01 (8.7111e-01)
Epoch: [40][ 50/112]	L_Src_Sup 2.3629e-01 (1.8487e-01)	L_Trg_Inj 5.2958e-01 (3.9453e-01)	Loss Disc 6.8356e-01 (6.8782e-01)	Loss Pred 4.8018e-01 (4.6069e-01)	Loss TOTAL 8.9855e-01 (8.6946e-01)
Epoch: [40][ 60/112]	L_Src_Sup 1.3356e-01 (1.8084e-01)	L_Trg_Inj 5.0305e-01 (4.0320e-01)	Loss Disc 6.8527e-01 (6.8762e-01)	Loss Pred 4.3948e-01 (4.6101e-01)	Loss TOTAL 8.4577e-01 (8.6909e-01)
Epoch: [40][ 70/112]	L_Src_Sup 3.8971e-01 (1.8330e-01)	L_Trg_Inj 2.0678e-01 (4.0618e-01)	Loss Disc 6.9572e-01 (6.8769e-01)	Loss Pred 5.0063e-01 (4.5906e-01)	Loss TOTAL 1.0911e+00 (8.6949e-01)
Epoch: [40][ 80/112]	L_Src_Sup 2.8574e-01 (1.8562e-01)	L_Trg_Inj 3.3483e-01 (4.0628e-01)	Loss Disc 6.8891e-01 (6.8766e-01)	Loss Pred 4.5339e-01 (4.5878e-01)	Loss TOTAL 8.5990e-01 (8.6848e-01)
Epoch: [40][ 90/112]	L_Src_Sup 1.4817e-01 (1.8608e-01)	L_Trg_Inj 3.0279e-01 (3.9843e-01)	Loss Disc 6.9065e-01 (6.8793e-01)	Loss Pred 4.1219e-01 (4.5876e-01)	Loss TOTAL 8.0261e-01 (8.6755e-01)
Epoch: [40][100/112]	L_Src_Sup 0.0000e+00 (1.8529e-01)	L_Trg_Inj 3.8399e-01 (3.9214e-01)	Loss Disc 6.8526e-01 (6.8801e-01)	Loss Pred 4.6586e-01 (4.6017e-01)	Loss TOTAL 8.4689e-01 (8.6872e-01)
Epoch: [40][110/112]	L_Src_Sup 1.4818e-01 (1.8779e-01)	L_Trg_Inj 3.3497e-01 (3.9080e-01)	Loss Disc 6.8989e-01 (6.8818e-01)	Loss Pred 4.1231e-01 (4.6123e-01)	Loss TOTAL 8.0557e-01 (8.6954e-01)
Epoch: [40][112/112]	L_Src_Sup 1.2906e-01 (1.8765e-01)	L_Trg_Inj 3.5689e-01 (3.8993e-01)	Loss Disc 6.8903e-01 (6.8821e-01)	Loss Pred 4.5349e-01 (4.6070e-01)	Loss TOTAL 8.4660e-01 (8.6880e-01)
Epoch 40 complete. Saving model state...
Epoch: [41][ 10/112]	L_Src_Sup 3.8743e-01 (2.3422e-01)	L_Trg_Inj 3.9314e-01 (3.3540e-01)	Loss Disc 6.8820e-01 (6.8948e-01)	Loss Pred 4.5214e-01 (4.4043e-01)	Loss TOTAL 8.7429e-01 (8.4852e-01)
Epoch: [41][ 20/112]	L_Src_Sup 2.0593e-01 (2.2641e-01)	L_Trg_Inj 4.4053e-01 (3.6742e-01)	Loss Disc 6.8710e-01 (6.8883e-01)	Loss Pred 5.1859e-01 (4.6177e-01)	Loss TOTAL 9.2678e-01 (8.7405e-01)
Epoch: [41][ 30/112]	L_Src_Sup 3.0774e-01 (2.0245e-01)	L_Trg_Inj 4.0297e-01 (3.7980e-01)	Loss Disc 6.8803e-01 (6.8845e-01)	Loss Pred 4.0294e-01 (4.5607e-01)	Loss TOTAL 8.1802e-01 (8.6500e-01)
Epoch: [41][ 40/112]	L_Src_Sup 1.5009e-01 (2.1028e-01)	L_Trg_Inj 3.8040e-01 (3.8427e-01)	Loss Disc 6.8963e-01 (6.8839e-01)	Loss Pred 5.3789e-01 (4.5172e-01)	Loss TOTAL 9.3576e-01 (8.6294e-01)
Epoch: [41][ 50/112]	L_Src_Sup 1.5796e-01 (1.9994e-01)	L_Trg_Inj 3.2269e-01 (3.8236e-01)	Loss Disc 6.8457e-01 (6.8808e-01)	Loss Pred 5.1217e-01 (4.5494e-01)	Loss TOTAL 9.0252e-01 (8.6326e-01)
Epoch: [41][ 60/112]	L_Src_Sup 3.4318e-01 (1.9684e-01)	L_Trg_Inj 3.6578e-01 (3.7661e-01)	Loss Disc 6.8307e-01 (6.8776e-01)	Loss Pred 4.8640e-01 (4.5365e-01)	Loss TOTAL 8.9883e-01 (8.6191e-01)
Epoch: [41][ 70/112]	L_Src_Sup 2.3541e-01 (1.9652e-01)	L_Trg_Inj 2.0381e-01 (3.7201e-01)	Loss Disc 6.9554e-01 (6.8823e-01)	Loss Pred 4.7380e-01 (4.5091e-01)	Loss TOTAL 8.9709e-01 (8.5993e-01)
Epoch: [41][ 80/112]	L_Src_Sup 3.4523e-01 (1.9250e-01)	L_Trg_Inj 3.2952e-01 (3.7154e-01)	Loss Disc 6.8894e-01 (6.8843e-01)	Loss Pred 4.3647e-01 (4.5426e-01)	Loss TOTAL 8.6412e-01 (8.6211e-01)
Epoch: [41][ 90/112]	L_Src_Sup 2.8761e-01 (2.0118e-01)	L_Trg_Inj 4.3442e-01 (3.8560e-01)	Loss Disc 6.9055e-01 (6.8730e-01)	Loss Pred 4.8722e-01 (4.5893e-01)	Loss TOTAL 9.0470e-01 (8.6890e-01)
Epoch: [41][100/112]	L_Src_Sup 1.4321e-01 (1.9861e-01)	L_Trg_Inj 2.9956e-01 (3.8448e-01)	Loss Disc 6.9049e-01 (6.8786e-01)	Loss Pred 4.2305e-01 (4.5874e-01)	Loss TOTAL 8.1257e-01 (8.6786e-01)
Epoch: [41][110/112]	L_Src_Sup 2.9300e-01 (2.0204e-01)	L_Trg_Inj 4.3512e-01 (3.8386e-01)	Loss Disc 6.9110e-01 (6.8824e-01)	Loss Pred 5.4007e-01 (4.5962e-01)	Loss TOTAL 9.5843e-01 (8.6867e-01)
Epoch: [41][112/112]	L_Src_Sup 2.8577e-01 (2.0231e-01)	L_Trg_Inj 4.0369e-01 (3.8547e-01)	Loss Disc 6.9023e-01 (6.8827e-01)	Loss Pred 3.6110e-01 (4.5831e-01)	Loss TOTAL 7.7516e-01 (8.6745e-01)
Epoch 41 complete. Saving model state...
Epoch: [42][ 10/112]	L_Src_Sup 3.3362e-01 (2.6411e-01)	L_Trg_Inj 3.9075e-01 (4.1787e-01)	Loss Disc 6.8804e-01 (6.8932e-01)	Loss Pred 4.4023e-01 (4.4609e-01)	Loss TOTAL 8.5669e-01 (8.6011e-01)
Epoch: [42][ 20/112]	L_Src_Sup 2.0002e-01 (2.5038e-01)	L_Trg_Inj 3.1475e-01 (4.0602e-01)	Loss Disc 6.8777e-01 (6.8852e-01)	Loss Pred 4.4318e-01 (4.5045e-01)	Loss TOTAL 8.3854e-01 (8.6093e-01)
Epoch: [42][ 30/112]	L_Src_Sup 1.4824e-01 (2.3698e-01)	L_Trg_Inj 4.4739e-01 (4.0381e-01)	Loss Disc 6.8862e-01 (6.8819e-01)	Loss Pred 4.1620e-01 (4.5394e-01)	Loss TOTAL 8.2007e-01 (8.6670e-01)
Epoch: [42][ 40/112]	L_Src_Sup 4.1212e-01 (2.4863e-01)	L_Trg_Inj 3.9951e-01 (4.0438e-01)	Loss Disc 6.8608e-01 (6.8816e-01)	Loss Pred 4.7428e-01 (4.5653e-01)	Loss TOTAL 9.1111e-01 (8.7206e-01)
Epoch: [42][ 50/112]	L_Src_Sup 1.0555e-01 (2.4673e-01)	L_Trg_Inj 2.9859e-01 (4.0998e-01)	Loss Disc 6.9155e-01 (6.8828e-01)	Loss Pred 5.1031e-01 (4.5976e-01)	Loss TOTAL 8.9650e-01 (8.7973e-01)
Epoch: [42][ 60/112]	L_Src_Sup 2.0011e-01 (2.4050e-01)	L_Trg_Inj 5.9651e-01 (4.1480e-01)	Loss Disc 6.8186e-01 (6.8811e-01)	Loss Pred 4.3869e-01 (4.5852e-01)	Loss TOTAL 8.5928e-01 (8.7735e-01)
Epoch: [42][ 70/112]	L_Src_Sup 1.2531e-01 (2.3273e-01)	L_Trg_Inj 4.1715e-01 (4.2077e-01)	Loss Disc 6.8735e-01 (6.8797e-01)	Loss Pred 4.5517e-01 (4.5800e-01)	Loss TOTAL 8.5310e-01 (8.7526e-01)
Epoch: [42][ 80/112]	L_Src_Sup 1.6683e-01 (2.2950e-01)	L_Trg_Inj 5.8165e-01 (4.2558e-01)	Loss Disc 6.8426e-01 (6.8784e-01)	Loss Pred 3.9486e-01 (4.5859e-01)	Loss TOTAL 8.1183e-01 (8.7590e-01)
Epoch: [42][ 90/112]	L_Src_Sup 2.0014e-01 (2.3090e-01)	L_Trg_Inj 3.4481e-01 (4.2599e-01)	Loss Disc 6.8998e-01 (6.8781e-01)	Loss Pred 4.4278e-01 (4.5781e-01)	Loss TOTAL 8.4227e-01 (8.7441e-01)
Epoch: [42][100/112]	L_Src_Sup 1.3340e-01 (2.2764e-01)	L_Trg_Inj 2.6052e-01 (4.1973e-01)	Loss Disc 6.9049e-01 (6.8789e-01)	Loss Pred 4.3619e-01 (4.5724e-01)	Loss TOTAL 8.2083e-01 (8.7418e-01)
Epoch: [42][110/112]	L_Src_Sup 2.2878e-01 (2.2371e-01)	L_Trg_Inj 1.9045e-01 (4.0601e-01)	Loss Disc 6.9039e-01 (6.8808e-01)	Loss Pred 4.8764e-01 (4.5759e-01)	Loss TOTAL 9.1308e-01 (8.7258e-01)
Epoch: [42][112/112]	L_Src_Sup 3.2010e-01 (2.2504e-01)	L_Trg_Inj 3.0788e-01 (4.0397e-01)	Loss Disc 6.9474e-01 (6.8816e-01)	Loss Pred 3.9296e-01 (4.5686e-01)	Loss TOTAL 8.1534e-01 (8.7179e-01)
Epoch 42 complete. Saving model state...
Epoch: [43][ 10/112]	L_Src_Sup 2.8581e-01 (1.7716e-01)	L_Trg_Inj 3.9088e-01 (3.7406e-01)	Loss Disc 6.9029e-01 (6.8963e-01)	Loss Pred 4.8287e-01 (4.5009e-01)	Loss TOTAL 8.9568e-01 (8.5003e-01)
Epoch: [43][ 20/112]	L_Src_Sup 4.7086e-01 (2.0767e-01)	L_Trg_Inj 4.7437e-01 (3.9309e-01)	Loss Disc 6.8196e-01 (6.8857e-01)	Loss Pred 4.7692e-01 (4.4859e-01)	Loss TOTAL 9.1242e-01 (8.5654e-01)
Epoch: [43][ 30/112]	L_Src_Sup 2.5651e-01 (2.0794e-01)	L_Trg_Inj 4.1473e-01 (4.1931e-01)	Loss Disc 6.8647e-01 (6.8756e-01)	Loss Pred 5.2579e-01 (4.5108e-01)	Loss TOTAL 9.3615e-01 (8.5998e-01)
Epoch: [43][ 40/112]	L_Src_Sup 2.7618e-01 (2.1628e-01)	L_Trg_Inj 3.3904e-01 (4.0763e-01)	Loss Disc 6.9005e-01 (6.8806e-01)	Loss Pred 4.3017e-01 (4.5186e-01)	Loss TOTAL 8.3672e-01 (8.6325e-01)
Epoch: [43][ 50/112]	L_Src_Sup 7.4159e-02 (2.2996e-01)	L_Trg_Inj 4.6704e-01 (4.0713e-01)	Loss Disc 6.8784e-01 (6.8814e-01)	Loss Pred 4.0938e-01 (4.5406e-01)	Loss TOTAL 8.0742e-01 (8.6592e-01)
Epoch: [43][ 60/112]	L_Src_Sup 0.0000e+00 (2.2452e-01)	L_Trg_Inj 4.8582e-01 (4.2068e-01)	Loss Disc 6.9109e-01 (6.8786e-01)	Loss Pred 4.5607e-01 (4.5564e-01)	Loss TOTAL 8.5019e-01 (8.6782e-01)
Epoch: [43][ 70/112]	L_Src_Sup 2.6680e-01 (2.2270e-01)	L_Trg_Inj 4.0145e-01 (4.1918e-01)	Loss Disc 6.9143e-01 (6.8820e-01)	Loss Pred 4.3569e-01 (4.5899e-01)	Loss TOTAL 8.4824e-01 (8.7449e-01)
Epoch: [43][ 80/112]	L_Src_Sup 1.4819e-01 (2.1697e-01)	L_Trg_Inj 3.5503e-01 (4.1552e-01)	Loss Disc 6.8864e-01 (6.8826e-01)	Loss Pred 4.0912e-01 (4.5669e-01)	Loss TOTAL 8.0376e-01 (8.7038e-01)
Epoch: [43][ 90/112]	L_Src_Sup 2.0005e-01 (2.1446e-01)	L_Trg_Inj 1.1083e-01 (3.9422e-01)	Loss Disc 6.9082e-01 (6.8849e-01)	Loss Pred 4.3954e-01 (4.5561e-01)	Loss TOTAL 9.0526e-01 (8.7034e-01)
Epoch: [43][100/112]	L_Src_Sup 1.8231e-01 (2.1805e-01)	L_Trg_Inj 3.0798e-01 (3.7352e-01)	Loss Disc 6.9214e-01 (6.8890e-01)	Loss Pred 4.3213e-01 (4.5394e-01)	Loss TOTAL 8.2723e-01 (8.7584e-01)
Epoch: [43][110/112]	L_Src_Sup 6.6696e-02 (2.1445e-01)	L_Trg_Inj 5.2289e-01 (3.8474e-01)	Loss Disc 6.8503e-01 (6.8875e-01)	Loss Pred 4.3486e-01 (4.5565e-01)	Loss TOTAL 8.3634e-01 (8.7684e-01)
Epoch: [43][112/112]	L_Src_Sup 2.2881e-01 (2.1472e-01)	L_Trg_Inj 4.3457e-01 (3.8703e-01)	Loss Disc 6.8629e-01 (6.8869e-01)	Loss Pred 4.7896e-01 (4.5540e-01)	Loss TOTAL 8.8844e-01 (8.7651e-01)
Epoch 43 complete. Saving model state...
Epoch: [44][ 10/112]	L_Src_Sup 1.8776e-01 (2.1730e-01)	L_Trg_Inj 5.4816e-01 (4.8411e-01)	Loss Disc 6.8178e-01 (6.8400e-01)	Loss Pred 4.5689e-01 (4.6020e-01)	Loss TOTAL 8.7137e-01 (8.8773e-01)
Epoch: [44][ 20/112]	L_Src_Sup 1.0259e-01 (2.2542e-01)	L_Trg_Inj 3.2711e-01 (4.6068e-01)	Loss Disc 6.8922e-01 (6.8628e-01)	Loss Pred 5.1635e-01 (4.4892e-01)	Loss TOTAL 9.0393e-01 (8.6932e-01)
Epoch: [44][ 30/112]	L_Src_Sup 2.7033e-01 (2.2242e-01)	L_Trg_Inj 3.7120e-01 (4.2479e-01)	Loss Disc 6.8887e-01 (6.8738e-01)	Loss Pred 4.9560e-01 (4.5142e-01)	Loss TOTAL 9.0419e-01 (8.6688e-01)
Epoch: [44][ 40/112]	L_Src_Sup 1.7650e-01 (2.0941e-01)	L_Trg_Inj 2.6664e-01 (3.9305e-01)	Loss Disc 6.9109e-01 (6.8852e-01)	Loss Pred 4.7225e-01 (4.5768e-01)	Loss TOTAL 8.6211e-01 (8.7358e-01)
Epoch: [44][ 50/112]	L_Src_Sup 2.8589e-01 (2.1170e-01)	L_Trg_Inj 2.8330e-01 (3.6057e-01)	Loss Disc 6.9248e-01 (6.8922e-01)	Loss Pred 4.1997e-01 (4.5909e-01)	Loss TOTAL 8.2571e-01 (8.8190e-01)
Epoch: [44][ 60/112]	L_Src_Sup 2.1061e-01 (2.0776e-01)	L_Trg_Inj 5.5906e-01 (3.7028e-01)	Loss Disc 6.8995e-01 (6.8965e-01)	Loss Pred 5.1742e-01 (4.6144e-01)	Loss TOTAL 9.3936e-01 (8.8155e-01)
Epoch: [44][ 70/112]	L_Src_Sup 2.5827e-01 (2.0416e-01)	L_Trg_Inj 2.0592e-01 (3.6990e-01)	Loss Disc 6.9199e-01 (6.8971e-01)	Loss Pred 4.4547e-01 (4.5892e-01)	Loss TOTAL 8.9023e-01 (8.7692e-01)
Epoch: [44][ 80/112]	L_Src_Sup 3.2015e-01 (2.1013e-01)	L_Trg_Inj 4.3918e-01 (3.7517e-01)	Loss Disc 6.8914e-01 (6.8958e-01)	Loss Pred 3.9955e-01 (4.5584e-01)	Loss TOTAL 8.2005e-01 (8.7333e-01)
Epoch: [44][ 90/112]	L_Src_Sup 1.2123e-01 (2.1098e-01)	L_Trg_Inj 2.8736e-01 (3.7801e-01)	Loss Disc 6.9029e-01 (6.8948e-01)	Loss Pred 4.6465e-01 (4.5457e-01)	Loss TOTAL 8.5065e-01 (8.7137e-01)
Epoch: [44][100/112]	L_Src_Sup 2.4249e-01 (2.1396e-01)	L_Trg_Inj 4.6527e-01 (3.8360e-01)	Loss Disc 6.8665e-01 (6.8937e-01)	Loss Pred 4.5970e-01 (4.5262e-01)	Loss TOTAL 8.7381e-01 (8.6891e-01)
Epoch: [44][110/112]	L_Src_Sup 2.3117e-01 (2.1447e-01)	L_Trg_Inj 4.8473e-01 (3.8197e-01)	Loss Disc 6.8762e-01 (6.8937e-01)	Loss Pred 4.0158e-01 (4.5444e-01)	Loss TOTAL 8.1698e-01 (8.7039e-01)
Epoch: [44][112/112]	L_Src_Sup 1.8210e-01 (2.1360e-01)	L_Trg_Inj 4.5376e-01 (3.8241e-01)	Loss Disc 6.8776e-01 (6.8935e-01)	Loss Pred 4.6544e-01 (4.5414e-01)	Loss TOTAL 8.7291e-01 (8.6983e-01)
Epoch 44 complete. Saving model state...
Epoch: [45][ 10/112]	L_Src_Sup 0.0000e+00 (1.6896e-01)	L_Trg_Inj 3.1506e-01 (4.0185e-01)	Loss Disc 6.9102e-01 (6.8860e-01)	Loss Pred 4.6807e-01 (4.4936e-01)	Loss TOTAL 8.4509e-01 (8.5073e-01)
Epoch: [45][ 20/112]	L_Src_Sup 2.2916e-01 (1.6321e-01)	L_Trg_Inj 2.3731e-01 (3.4367e-01)	Loss Disc 6.9425e-01 (6.8970e-01)	Loss Pred 4.8356e-01 (4.5571e-01)	Loss TOTAL 8.7733e-01 (8.5335e-01)
Epoch: [45][ 30/112]	L_Src_Sup 3.3636e-01 (1.9326e-01)	L_Trg_Inj 2.8590e-01 (3.3312e-01)	Loss Disc 6.8933e-01 (6.8959e-01)	Loss Pred 4.8621e-01 (4.5483e-01)	Loss TOTAL 9.4357e-01 (8.6057e-01)
Epoch: [45][ 40/112]	L_Src_Sup 1.6226e-01 (1.8897e-01)	L_Trg_Inj 3.7606e-01 (3.5024e-01)	Loss Disc 6.9179e-01 (6.8990e-01)	Loss Pred 4.9686e-01 (4.5254e-01)	Loss TOTAL 8.9659e-01 (8.5788e-01)
Epoch: [45][ 50/112]	L_Src_Sup 1.0264e-01 (1.9108e-01)	L_Trg_Inj 1.7550e-01 (3.2699e-01)	Loss Disc 7.0663e-01 (6.8981e-01)	Loss Pred 5.1564e-01 (4.5765e-01)	Loss TOTAL 8.9677e-01 (8.7033e-01)
Epoch: [45][ 60/112]	L_Src_Sup 3.4998e-01 (1.9074e-01)	L_Trg_Inj 4.5008e-01 (3.3004e-01)	Loss Disc 6.9424e-01 (6.8921e-01)	Loss Pred 5.1956e-01 (4.5622e-01)	Loss TOTAL 9.4668e-01 (8.6910e-01)
Epoch: [45][ 70/112]	L_Src_Sup 1.7144e-01 (1.8508e-01)	L_Trg_Inj 3.6289e-01 (3.3719e-01)	Loss Disc 6.9184e-01 (6.8955e-01)	Loss Pred 4.7606e-01 (4.5411e-01)	Loss TOTAL 8.7542e-01 (8.6499e-01)
Epoch: [45][ 80/112]	L_Src_Sup 1.1111e-01 (1.8501e-01)	L_Trg_Inj 4.3842e-01 (3.3729e-01)	Loss Disc 6.8935e-01 (6.8976e-01)	Loss Pred 4.8772e-01 (4.5109e-01)	Loss TOTAL 8.8735e-01 (8.6108e-01)
Epoch: [45][ 90/112]	L_Src_Sup 1.8752e-01 (1.8947e-01)	L_Trg_Inj 3.5148e-01 (3.4501e-01)	Loss Disc 6.8948e-01 (6.8970e-01)	Loss Pred 4.5204e-01 (4.5346e-01)	Loss TOTAL 8.5068e-01 (8.6320e-01)
Epoch: [45][100/112]	L_Src_Sup 3.7039e-01 (1.9289e-01)	L_Trg_Inj 2.6598e-01 (3.4721e-01)	Loss Disc 6.8986e-01 (6.8961e-01)	Loss Pred 4.1457e-01 (4.5196e-01)	Loss TOTAL 9.2755e-01 (8.6244e-01)
Epoch: [45][110/112]	L_Src_Sup 8.6963e-02 (1.9168e-01)	L_Trg_Inj 2.9504e-01 (3.5432e-01)	Loss Disc 6.9249e-01 (6.8936e-01)	Loss Pred 3.7491e-01 (4.5262e-01)	Loss TOTAL 7.5935e-01 (8.6250e-01)
Epoch: [45][112/112]	L_Src_Sup 3.1613e-01 (1.9370e-01)	L_Trg_Inj 4.7670e-01 (3.5593e-01)	Loss Disc 6.8640e-01 (6.8932e-01)	Loss Pred 5.0143e-01 (4.5324e-01)	Loss TOTAL 9.2391e-01 (8.6328e-01)
Epoch 45 complete. Saving model state...
Epoch: [46][ 10/112]	L_Src_Sup 4.1901e-01 (1.9938e-01)	L_Trg_Inj 4.4968e-01 (3.4599e-01)	Loss Disc 6.8666e-01 (6.8962e-01)	Loss Pred 4.6690e-01 (4.4046e-01)	Loss TOTAL 8.9710e-01 (8.5906e-01)
Epoch: [46][ 20/112]	L_Src_Sup 3.5904e-01 (2.3371e-01)	L_Trg_Inj 3.8123e-01 (3.5585e-01)	Loss Disc 6.8861e-01 (6.8925e-01)	Loss Pred 4.1474e-01 (4.4581e-01)	Loss TOTAL 8.3307e-01 (8.6672e-01)
Epoch: [46][ 30/112]	L_Src_Sup 1.7395e-01 (2.2070e-01)	L_Trg_Inj 2.6778e-01 (3.4335e-01)	Loss Disc 6.8913e-01 (6.8933e-01)	Loss Pred 5.7015e-01 (4.5393e-01)	Loss TOTAL 9.5888e-01 (8.7363e-01)
Epoch: [46][ 40/112]	L_Src_Sup 5.8909e-02 (2.2299e-01)	L_Trg_Inj 6.0534e-01 (3.6295e-01)	Loss Disc 6.9083e-01 (6.8917e-01)	Loss Pred 4.7325e-01 (4.5292e-01)	Loss TOTAL 8.8509e-01 (8.7638e-01)
Epoch: [46][ 50/112]	L_Src_Sup 4.5927e-01 (2.2033e-01)	L_Trg_Inj 4.4947e-01 (3.8517e-01)	Loss Disc 6.8858e-01 (6.8915e-01)	Loss Pred 4.7465e-01 (4.5221e-01)	Loss TOTAL 9.1962e-01 (8.7376e-01)
Epoch: [46][ 60/112]	L_Src_Sup 1.3800e-01 (2.1611e-01)	L_Trg_Inj 4.8975e-01 (4.0180e-01)	Loss Disc 6.8646e-01 (6.8863e-01)	Loss Pred 4.2599e-01 (4.5333e-01)	Loss TOTAL 8.3199e-01 (8.7312e-01)
Epoch: [46][ 70/112]	L_Src_Sup 2.5648e-01 (2.2472e-01)	L_Trg_Inj 4.1878e-01 (4.0719e-01)	Loss Disc 6.8604e-01 (6.8839e-01)	Loss Pred 5.0978e-01 (4.5179e-01)	Loss TOTAL 9.2033e-01 (8.7091e-01)
Epoch: [46][ 80/112]	L_Src_Sup 1.0809e-01 (2.1993e-01)	L_Trg_Inj 2.8213e-01 (3.9434e-01)	Loss Disc 6.9068e-01 (6.8852e-01)	Loss Pred 5.0326e-01 (4.4721e-01)	Loss TOTAL 8.8762e-01 (8.6397e-01)
Epoch: [46][ 90/112]	L_Src_Sup 3.2021e-01 (2.1897e-01)	L_Trg_Inj 1.3345e-01 (3.7210e-01)	Loss Disc 6.9226e-01 (6.8906e-01)	Loss Pred 3.8786e-01 (4.4839e-01)	Loss TOTAL 9.6612e-01 (8.6727e-01)
Epoch: [46][100/112]	L_Src_Sup 1.8774e-01 (2.1665e-01)	L_Trg_Inj 3.9094e-01 (3.7687e-01)	Loss Disc 6.8941e-01 (6.8902e-01)	Loss Pred 4.5128e-01 (4.4925e-01)	Loss TOTAL 8.5385e-01 (8.6683e-01)
Epoch: [46][110/112]	L_Src_Sup 6.6775e-02 (2.1742e-01)	L_Trg_Inj 3.9096e-01 (3.7945e-01)	Loss Disc 6.8429e-01 (6.8877e-01)	Loss Pred 4.3283e-01 (4.5123e-01)	Loss TOTAL 8.2074e-01 (8.6784e-01)
Epoch: [46][112/112]	L_Src_Sup 6.4678e-02 (2.1461e-01)	L_Trg_Inj 5.6270e-01 (3.8103e-01)	Loss Disc 6.8253e-01 (6.8864e-01)	Loss Pred 4.3978e-01 (4.5144e-01)	Loss TOTAL 8.4379e-01 (8.6765e-01)
Epoch 46 complete. Saving model state...
Epoch: [47][ 10/112]	L_Src_Sup 1.1433e-01 (2.1879e-01)	L_Trg_Inj 2.1911e-01 (3.0382e-01)	Loss Disc 6.9377e-01 (6.8838e-01)	Loss Pred 4.7372e-01 (4.7895e-01)	Loss TOTAL 8.5395e-01 (8.9570e-01)
Epoch: [47][ 20/112]	L_Src_Sup 3.5318e-01 (2.2723e-01)	L_Trg_Inj 1.8507e-01 (2.6592e-01)	Loss Disc 6.9370e-01 (6.9266e-01)	Loss Pred 4.6485e-01 (4.6470e-01)	Loss TOTAL 1.0336e+00 (9.0694e-01)
Epoch: [47][ 30/112]	L_Src_Sup 3.8723e-01 (2.2574e-01)	L_Trg_Inj 2.0514e-01 (2.7374e-01)	Loss Disc 7.0136e-01 (6.9094e-01)	Loss Pred 4.4415e-01 (4.5882e-01)	Loss TOTAL 1.0362e+00 (8.9596e-01)
Epoch: [47][ 40/112]	L_Src_Sup 1.4356e-01 (2.5098e-01)	L_Trg_Inj 1.1986e-01 (2.4494e-01)	Loss Disc 6.8042e-01 (6.9064e-01)	Loss Pred 4.2222e-01 (4.6037e-01)	Loss TOTAL 8.1246e-01 (9.3363e-01)
Epoch: [47][ 50/112]	L_Src_Sup 3.2829e-01 (2.9129e-01)	L_Trg_Inj 4.1721e-01 (3.4291e-01)	Loss Disc 6.8853e-01 (6.9153e-01)	Loss Pred 4.1385e-01 (4.5649e-01)	Loss TOTAL 8.3266e-01 (9.3001e-01)
Epoch: [47][ 60/112]	L_Src_Sup 2.2029e-01 (2.7495e-01)	L_Trg_Inj 1.3741e-01 (3.3751e-01)	Loss Disc 6.7665e-01 (6.9059e-01)	Loss Pred 3.3664e-01 (4.5376e-01)	Loss TOTAL 7.9361e-01 (9.1568e-01)
Epoch: [47][ 70/112]	L_Src_Sup 2.5376e-01 (2.7548e-01)	L_Trg_Inj 3.1971e-01 (3.5489e-01)	Loss Disc 6.9211e-01 (6.9113e-01)	Loss Pred 4.5779e-01 (4.5255e-01)	Loss TOTAL 8.6120e-01 (9.1003e-01)
Epoch: [47][ 80/112]	L_Src_Sup 1.7677e-01 (2.7650e-01)	L_Trg_Inj 3.6345e-01 (3.7362e-01)	Loss Disc 6.9265e-01 (6.9139e-01)	Loss Pred 4.8828e-01 (4.5123e-01)	Loss TOTAL 8.8862e-01 (9.0500e-01)
Epoch: [47][ 90/112]	L_Src_Sup 3.0616e-01 (2.6300e-01)	L_Trg_Inj 2.8470e-01 (3.7260e-01)	Loss Disc 6.9156e-01 (6.9145e-01)	Loss Pred 4.6430e-01 (4.5125e-01)	Loss TOTAL 8.9062e-01 (9.0023e-01)
Epoch: [47][100/112]	L_Src_Sup 4.1428e-01 (2.6133e-01)	L_Trg_Inj 4.9598e-01 (3.7883e-01)	Loss Disc 6.9307e-01 (6.9160e-01)	Loss Pred 4.8285e-01 (4.5081e-01)	Loss TOTAL 9.2041e-01 (8.9655e-01)
Epoch: [47][110/112]	L_Src_Sup 3.7882e-01 (2.6407e-01)	L_Trg_Inj 8.3846e-01 (3.9337e-01)	Loss Disc 6.9251e-01 (6.9170e-01)	Loss Pred 3.8473e-01 (4.5136e-01)	Loss TOTAL 8.5271e-01 (8.9777e-01)
Epoch: [47][112/112]	L_Src_Sup 1.4195e-05 (2.6108e-01)	L_Trg_Inj 6.1301e-01 (3.9794e-01)	Loss Disc 6.9289e-01 (6.9172e-01)	Loss Pred 4.4256e-01 (4.5140e-01)	Loss TOTAL 8.5031e-01 (8.9735e-01)
Epoch 47 complete. Saving model state...
Epoch: [48][ 10/112]	L_Src_Sup 2.8401e-01 (2.2820e-01)	L_Trg_Inj 4.7385e-01 (3.8548e-01)	Loss Disc 6.9186e-01 (6.9223e-01)	Loss Pred 3.6430e-01 (4.2368e-01)	Loss TOTAL 7.8602e-01 (8.4138e-01)
Epoch: [48][ 20/112]	L_Src_Sup 9.7550e-02 (2.2261e-01)	L_Trg_Inj 5.0137e-01 (3.9858e-01)	Loss Disc 6.9205e-01 (6.9216e-01)	Loss Pred 3.8680e-01 (4.4676e-01)	Loss TOTAL 7.9272e-01 (8.6247e-01)
Epoch: [48][ 30/112]	L_Src_Sup 6.9731e-02 (2.1695e-01)	L_Trg_Inj 5.2003e-01 (4.3913e-01)	Loss Disc 6.8852e-01 (6.9135e-01)	Loss Pred 4.3962e-01 (4.4757e-01)	Loss TOTAL 8.4286e-01 (8.6684e-01)
Epoch: [48][ 40/112]	L_Src_Sup 1.2869e-01 (2.0593e-01)	L_Trg_Inj 3.2632e-01 (4.1836e-01)	Loss Disc 6.9207e-01 (6.9087e-01)	Loss Pred 4.4629e-01 (4.5143e-01)	Loss TOTAL 8.3783e-01 (8.6668e-01)
Epoch: [48][ 50/112]	L_Src_Sup 1.3658e-01 (2.1341e-01)	L_Trg_Inj 3.9801e-01 (4.2481e-01)	Loss Disc 6.9839e-01 (6.9108e-01)	Loss Pred 4.2935e-01 (4.4768e-01)	Loss TOTAL 8.3201e-01 (8.6702e-01)
Epoch: [48][ 60/112]	L_Src_Sup 4.2984e-01 (2.1940e-01)	L_Trg_Inj 2.6392e-01 (4.0153e-01)	Loss Disc 6.8960e-01 (6.9121e-01)	Loss Pred 4.6116e-01 (4.4691e-01)	Loss TOTAL 1.0413e+00 (8.7122e-01)
Epoch: [48][ 70/112]	L_Src_Sup 5.0693e-01 (2.2202e-01)	L_Trg_Inj 4.6639e-01 (4.1294e-01)	Loss Disc 6.8959e-01 (6.9085e-01)	Loss Pred 3.4388e-01 (4.4815e-01)	Loss TOTAL 8.2654e-01 (8.7359e-01)
Epoch: [48][ 80/112]	L_Src_Sup 2.8094e-01 (2.1941e-01)	L_Trg_Inj 3.7037e-01 (4.2749e-01)	Loss Disc 6.9108e-01 (6.9049e-01)	Loss Pred 4.8565e-01 (4.4693e-01)	Loss TOTAL 8.9632e-01 (8.7132e-01)
Epoch: [48][ 90/112]	L_Src_Sup 1.4876e-01 (2.1260e-01)	L_Trg_Inj 3.1292e-01 (4.2001e-01)	Loss Disc 6.8905e-01 (6.9027e-01)	Loss Pred 4.0785e-01 (4.4611e-01)	Loss TOTAL 7.9855e-01 (8.6735e-01)
Epoch: [48][100/112]	L_Src_Sup 3.1311e-01 (2.1724e-01)	L_Trg_Inj 3.8728e-01 (4.1093e-01)	Loss Disc 6.8928e-01 (6.9021e-01)	Loss Pred 4.4892e-01 (4.4779e-01)	Loss TOTAL 8.6360e-01 (8.7042e-01)
Epoch: [48][110/112]	L_Src_Sup 6.9058e-02 (2.1411e-01)	L_Trg_Inj 2.8729e-01 (4.0506e-01)	Loss Disc 6.9126e-01 (6.9021e-01)	Loss Pred 4.2002e-01 (4.4897e-01)	Loss TOTAL 8.0128e-01 (8.6936e-01)
Epoch: [48][112/112]	L_Src_Sup 3.6417e-01 (2.1603e-01)	L_Trg_Inj 4.5704e-01 (4.0428e-01)	Loss Disc 6.8889e-01 (6.9020e-01)	Loss Pred 3.6070e-01 (4.4846e-01)	Loss TOTAL 7.8726e-01 (8.6883e-01)
Epoch 48 complete. Saving model state...
Epoch: [49][ 10/112]	L_Src_Sup 1.2517e-01 (2.2601e-01)	L_Trg_Inj 3.7452e-01 (3.4784e-01)	Loss Disc 6.8837e-01 (6.8995e-01)	Loss Pred 4.4884e-01 (4.4405e-01)	Loss TOTAL 8.4300e-01 (8.7279e-01)
Epoch: [49][ 20/112]	L_Src_Sup 1.3338e-01 (2.1291e-01)	L_Trg_Inj 2.5486e-01 (3.0549e-01)	Loss Disc 6.8831e-01 (6.8783e-01)	Loss Pred 4.3159e-01 (4.3815e-01)	Loss TOTAL 8.1457e-01 (8.5945e-01)
Epoch: [49][ 30/112]	L_Src_Sup 1.3334e-01 (1.9334e-01)	L_Trg_Inj 3.2182e-01 (2.9910e-01)	Loss Disc 6.9206e-01 (6.8933e-01)	Loss Pred 4.3319e-01 (4.3977e-01)	Loss TOTAL 8.2474e-01 (8.5457e-01)
Epoch: [49][ 40/112]	L_Src_Sup 2.6686e-01 (1.9356e-01)	L_Trg_Inj 1.5034e-01 (2.8753e-01)	Loss Disc 6.9180e-01 (6.8999e-01)	Loss Pred 4.3165e-01 (4.3820e-01)	Loss TOTAL 9.3578e-01 (8.5087e-01)
Epoch: [49][ 50/112]	L_Src_Sup 1.8194e-01 (1.9406e-01)	L_Trg_Inj 3.4507e-01 (3.0472e-01)	Loss Disc 6.9020e-01 (6.9009e-01)	Loss Pred 4.6301e-01 (4.4106e-01)	Loss TOTAL 8.6081e-01 (8.5347e-01)
Epoch: [49][ 60/112]	L_Src_Sup 9.0928e-02 (1.9625e-01)	L_Trg_Inj 5.2194e-01 (3.2514e-01)	Loss Disc 6.8727e-01 (6.8997e-01)	Loss Pred 3.5921e-01 (4.3952e-01)	Loss TOTAL 7.6413e-01 (8.5313e-01)
Epoch: [49][ 70/112]	L_Src_Sup 1.9374e-01 (1.9519e-01)	L_Trg_Inj 3.8408e-01 (3.5061e-01)	Loss Disc 6.8325e-01 (6.8922e-01)	Loss Pred 4.3944e-01 (4.4001e-01)	Loss TOTAL 8.3885e-01 (8.5389e-01)
Epoch: [49][ 80/112]	L_Src_Sup 1.7649e-01 (1.9593e-01)	L_Trg_Inj 4.2720e-01 (3.6822e-01)	Loss Disc 6.6978e-01 (6.8762e-01)	Loss Pred 4.6223e-01 (4.4202e-01)	Loss TOTAL 8.5749e-01 (8.5509e-01)
Epoch: [49][ 90/112]	L_Src_Sup 1.6435e-01 (1.9698e-01)	L_Trg_Inj 2.5192e-01 (3.7423e-01)	Loss Disc 7.0285e-01 (6.8835e-01)	Loss Pred 4.9601e-01 (4.4391e-01)	Loss TOTAL 8.8907e-01 (8.5724e-01)
Epoch: [49][100/112]	L_Src_Sup 2.0751e-01 (2.0008e-01)	L_Trg_Inj 4.1707e-01 (3.6271e-01)	Loss Disc 6.8957e-01 (6.8903e-01)	Loss Pred 5.0870e-01 (4.4617e-01)	Loss TOTAL 9.1594e-01 (8.6206e-01)
Epoch: [49][110/112]	L_Src_Sup 1.7776e-01 (1.9928e-01)	L_Trg_Inj 4.7076e-01 (3.6499e-01)	Loss Disc 6.8736e-01 (6.8903e-01)	Loss Pred 4.6758e-01 (4.4818e-01)	Loss TOTAL 8.7611e-01 (8.6284e-01)
Epoch: [49][112/112]	L_Src_Sup 2.2322e-01 (1.9829e-01)	L_Trg_Inj 2.0215e-01 (3.6170e-01)	Loss Disc 6.9310e-01 (6.8910e-01)	Loss Pred 4.0540e-01 (4.4771e-01)	Loss TOTAL 8.1556e-01 (8.6192e-01)
Epoch 49 complete. Saving model state...
