Using device: cuda
Loading Source Train...
Using Mean/Std calculated from Source Train (mean[0]=23.247343718071644, std[0]=2.7090186640050447)
Loading Target Train...
Epoch: [0][ 10/496]	L_Src_Sup 2.0000e+00 (1.9999e+00)	L_Trg_Inj 1.9999e+00 (1.9999e+00)	Loss Disc 7.1750e-01 (7.2097e-01)	Loss Pred 9.6521e-01 (9.1129e-01)	Loss TOTAL 1.7240e+00 (1.6718e+00)
Epoch: [0][ 20/496]	L_Src_Sup 1.9990e+00 (1.9998e+00)	L_Trg_Inj 1.9991e+00 (1.9998e+00)	Loss Disc 7.0708e-01 (7.1647e-01)	Loss Pred 9.4919e-01 (9.3028e-01)	Loss TOTAL 1.7025e+00 (1.6885e+00)
Epoch: [0][ 30/496]	L_Src_Sup 5.1441e-01 (1.7565e+00)	L_Trg_Inj 4.1909e-01 (1.7416e+00)	Loss Disc 6.9847e-01 (7.1161e-01)	Loss Pred 9.1760e-01 (9.3419e-01)	Loss TOTAL 1.4555e+00 (1.6577e+00)
Epoch: [0][ 40/496]	L_Src_Sup 3.0656e-01 (1.4472e+00)	L_Trg_Inj 2.7027e-01 (1.4512e+00)	Loss Disc 6.9526e-01 (7.0782e-01)	Loss Pred 9.7210e-01 (9.4219e-01)	Loss TOTAL 1.4137e+00 (1.6086e+00)
Epoch: [0][ 50/496]	L_Src_Sup 8.7158e-01 (1.2662e+00)	L_Trg_Inj 8.0402e-01 (1.2834e+00)	Loss Disc 6.9438e-01 (7.0519e-01)	Loss Pred 9.8744e-01 (9.4165e-01)	Loss TOTAL 1.5697e+00 (1.5734e+00)
Epoch: [0][ 60/496]	L_Src_Sup 8.1145e-01 (1.1627e+00)	L_Trg_Inj 7.1733e-01 (1.1816e+00)	Loss Disc 6.9396e-01 (7.0333e-01)	Loss Pred 9.0224e-01 (9.3885e-01)	Loss TOTAL 1.4962e+00 (1.5549e+00)
Epoch: [0][ 70/496]	L_Src_Sup 2.9830e-01 (1.0623e+00)	L_Trg_Inj 3.6811e-01 (1.0786e+00)	Loss Disc 6.9340e-01 (7.0195e-01)	Loss Pred 9.8725e-01 (9.3937e-01)	Loss TOTAL 1.4006e+00 (1.5333e+00)
Epoch: [0][ 80/496]	L_Src_Sup 2.5414e-01 (9.7793e-01)	L_Trg_Inj 4.1889e-01 (9.9479e-01)	Loss Disc 6.9302e-01 (7.0086e-01)	Loss Pred 9.1703e-01 (9.4057e-01)	Loss TOTAL 1.3308e+00 (1.5163e+00)
Epoch: [0][ 90/496]	L_Src_Sup 2.2131e-01 (9.1172e-01)	L_Trg_Inj 3.1483e-01 (9.3340e-01)	Loss Disc 6.9303e-01 (7.0002e-01)	Loss Pred 9.1012e-01 (9.4018e-01)	Loss TOTAL 1.3102e+00 (1.5016e+00)
Epoch: [0][100/496]	L_Src_Sup 6.4095e-01 (8.5383e-01)	L_Trg_Inj 7.6730e-01 (8.7104e-01)	Loss Disc 6.9348e-01 (6.9930e-01)	Loss Pred 9.0257e-01 (9.4154e-01)	Loss TOTAL 1.3901e+00 (1.4931e+00)
Epoch: [0][110/496]	L_Src_Sup 4.0619e-01 (8.3167e-01)	L_Trg_Inj 4.7225e-01 (8.5731e-01)	Loss Disc 6.9294e-01 (6.9875e-01)	Loss Pred 9.7898e-01 (9.4190e-01)	Loss TOTAL 1.4133e+00 (1.4871e+00)
Epoch: [0][120/496]	L_Src_Sup 3.8697e-01 (7.9106e-01)	L_Trg_Inj 3.9880e-01 (8.1540e-01)	Loss Disc 6.9279e-01 (6.9827e-01)	Loss Pred 9.0296e-01 (9.4161e-01)	Loss TOTAL 1.3279e+00 (1.4784e+00)
Epoch: [0][130/496]	L_Src_Sup 1.9735e-01 (7.5473e-01)	L_Trg_Inj 5.5762e-01 (7.8089e-01)	Loss Disc 6.9261e-01 (6.9782e-01)	Loss Pred 9.1838e-01 (9.4327e-01)	Loss TOTAL 1.3402e+00 (1.4723e+00)
Epoch: [0][140/496]	L_Src_Sup 3.2748e-01 (7.3074e-01)	L_Trg_Inj 3.2456e-01 (7.5572e-01)	Loss Disc 6.9244e-01 (6.9746e-01)	Loss Pred 9.1840e-01 (9.4462e-01)	Loss TOTAL 1.3327e+00 (1.4686e+00)
Epoch: [0][150/496]	L_Src_Sup 3.4616e-01 (7.0504e-01)	L_Trg_Inj 4.0671e-01 (7.3125e-01)	Loss Disc 6.9097e-01 (6.9707e-01)	Loss Pred 9.4006e-01 (9.4535e-01)	Loss TOTAL 1.3608e+00 (1.4633e+00)
Epoch: [0][160/496]	L_Src_Sup 4.9685e-01 (6.8315e-01)	L_Trg_Inj 6.1774e-01 (7.1404e-01)	Loss Disc 6.9175e-01 (6.9672e-01)	Loss Pred 9.1786e-01 (9.4430e-01)	Loss TOTAL 1.3752e+00 (1.4585e+00)
Epoch: [0][170/496]	L_Src_Sup 4.4321e-01 (6.6340e-01)	L_Trg_Inj 4.5408e-01 (6.9908e-01)	Loss Disc 6.8953e-01 (6.9633e-01)	Loss Pred 8.9722e-01 (9.4504e-01)	Loss TOTAL 1.3317e+00 (1.4541e+00)
Epoch: [0][180/496]	L_Src_Sup 1.9930e-01 (6.4166e-01)	L_Trg_Inj 4.0635e-01 (6.8159e-01)	Loss Disc 6.8892e-01 (6.9592e-01)	Loss Pred 9.3320e-01 (9.4498e-01)	Loss TOTAL 1.3382e+00 (1.4489e+00)
Epoch: [0][190/496]	L_Src_Sup 2.4711e-01 (6.2344e-01)	L_Trg_Inj 3.1875e-01 (6.6257e-01)	Loss Disc 6.8253e-01 (6.9543e-01)	Loss Pred 9.6256e-01 (9.4529e-01)	Loss TOTAL 1.3604e+00 (1.4453e+00)
Epoch: [0][200/496]	L_Src_Sup 3.2505e-01 (6.0717e-01)	L_Trg_Inj 2.7720e-01 (6.4571e-01)	Loss Disc 6.8672e-01 (6.9496e-01)	Loss Pred 9.4162e-01 (9.4510e-01)	Loss TOTAL 1.3931e+00 (1.4415e+00)
Epoch: [0][210/496]	L_Src_Sup 3.0549e-01 (5.9155e-01)	L_Trg_Inj 2.6942e-01 (6.3191e-01)	Loss Disc 6.8266e-01 (6.9451e-01)	Loss Pred 9.1948e-01 (9.4450e-01)	Loss TOTAL 1.3544e+00 (1.4369e+00)
Epoch: [0][220/496]	L_Src_Sup 3.5843e-01 (5.7986e-01)	L_Trg_Inj 2.7738e-01 (6.1936e-01)	Loss Disc 6.9463e-01 (6.9419e-01)	Loss Pred 9.4051e-01 (9.4408e-01)	Loss TOTAL 1.4325e+00 (1.4352e+00)
Epoch: [0][230/496]	L_Src_Sup 4.3456e-01 (5.6727e-01)	L_Trg_Inj 3.9599e-01 (6.0641e-01)	Loss Disc 6.9475e-01 (6.9396e-01)	Loss Pred 9.2609e-01 (9.4457e-01)	Loss TOTAL 1.3951e+00 (1.4328e+00)
Epoch: [0][240/496]	L_Src_Sup 2.8621e-01 (5.5596e-01)	L_Trg_Inj 4.5742e-01 (5.9799e-01)	Loss Disc 6.8995e-01 (6.9369e-01)	Loss Pred 8.9751e-01 (9.4403e-01)	Loss TOTAL 1.3168e+00 (1.4295e+00)
Epoch: [0][250/496]	L_Src_Sup 2.0796e-01 (5.4460e-01)	L_Trg_Inj 2.6234e-01 (5.8636e-01)	Loss Disc 6.8799e-01 (6.9342e-01)	Loss Pred 9.6246e-01 (9.4403e-01)	Loss TOTAL 1.3535e+00 (1.4264e+00)
Epoch: [0][260/496]	L_Src_Sup 3.5415e-01 (5.3607e-01)	L_Trg_Inj 4.6754e-01 (5.7919e-01)	Loss Disc 6.8736e-01 (6.9328e-01)	Loss Pred 9.4747e-01 (9.4437e-01)	Loss TOTAL 1.3733e+00 (1.4246e+00)
Epoch: [0][270/496]	L_Src_Sup 4.6457e-01 (5.3893e-01)	L_Trg_Inj 7.0897e-01 (5.8390e-01)	Loss Disc 6.9066e-01 (6.9317e-01)	Loss Pred 8.9026e-01 (9.4426e-01)	Loss TOTAL 1.3529e+00 (1.4246e+00)
Epoch: [0][280/496]	L_Src_Sup 3.4554e-01 (5.3320e-01)	L_Trg_Inj 4.8438e-01 (5.7480e-01)	Loss Disc 6.8947e-01 (6.9294e-01)	Loss Pred 9.3296e-01 (9.4437e-01)	Loss TOTAL 1.3607e+00 (1.4254e+00)
Epoch: [0][290/496]	L_Src_Sup 3.4904e-01 (5.2958e-01)	L_Trg_Inj 4.7494e-01 (5.7490e-01)	Loss Disc 6.8496e-01 (6.9263e-01)	Loss Pred 9.2568e-01 (9.4364e-01)	Loss TOTAL 1.3506e+00 (1.4234e+00)
Epoch: [0][300/496]	L_Src_Sup 3.8170e-01 (5.2400e-01)	L_Trg_Inj 3.8855e-01 (5.7207e-01)	Loss Disc 6.8203e-01 (6.9231e-01)	Loss Pred 9.1106e-01 (9.4355e-01)	Loss TOTAL 1.3291e+00 (1.4216e+00)
Epoch: [0][310/496]	L_Src_Sup 3.1556e-01 (5.1518e-01)	L_Trg_Inj 3.3658e-01 (5.6432e-01)	Loss Disc 6.8967e-01 (6.9200e-01)	Loss Pred 9.8372e-01 (9.4346e-01)	Loss TOTAL 1.3938e+00 (1.4199e+00)
Epoch: [0][320/496]	L_Src_Sup 4.5048e-01 (5.0881e-01)	L_Trg_Inj 6.0531e-01 (5.5913e-01)	Loss Disc 6.8689e-01 (6.9187e-01)	Loss Pred 9.3253e-01 (9.4320e-01)	Loss TOTAL 1.3815e+00 (1.4179e+00)
Epoch: [0][330/496]	L_Src_Sup 2.7944e-01 (5.0301e-01)	L_Trg_Inj 2.7443e-01 (5.5373e-01)	Loss Disc 6.7906e-01 (6.9174e-01)	Loss Pred 8.8123e-01 (9.4292e-01)	Loss TOTAL 1.2812e+00 (1.4163e+00)
Epoch: [0][340/496]	L_Src_Sup 1.8575e-01 (4.9737e-01)	L_Trg_Inj 3.8233e-01 (5.5022e-01)	Loss Disc 6.7488e-01 (6.9159e-01)	Loss Pred 9.8255e-01 (9.4344e-01)	Loss TOTAL 1.3768e+00 (1.4155e+00)
Epoch: [0][350/496]	L_Src_Sup 3.1743e-01 (4.9024e-01)	L_Trg_Inj 3.8930e-01 (5.4453e-01)	Loss Disc 6.8649e-01 (6.9151e-01)	Loss Pred 9.5352e-01 (9.4316e-01)	Loss TOTAL 1.3674e+00 (1.4135e+00)
Epoch: [0][360/496]	L_Src_Sup 3.2261e-01 (4.8405e-01)	L_Trg_Inj 3.4703e-01 (5.3897e-01)	Loss Disc 6.8942e-01 (6.9153e-01)	Loss Pred 9.6727e-01 (9.4316e-01)	Loss TOTAL 1.3789e+00 (1.4120e+00)
Epoch: [0][370/496]	L_Src_Sup 4.4167e-01 (4.7851e-01)	L_Trg_Inj 4.5794e-01 (5.3485e-01)	Loss Disc 6.9086e-01 (6.9154e-01)	Loss Pred 9.3813e-01 (9.4255e-01)	Loss TOTAL 1.3735e+00 (1.4102e+00)
Epoch: [0][380/496]	L_Src_Sup 2.6669e-01 (4.7270e-01)	L_Trg_Inj 4.0912e-01 (5.2954e-01)	Loss Disc 6.8971e-01 (6.9153e-01)	Loss Pred 1.0014e+00 (9.4264e-01)	Loss TOTAL 1.4138e+00 (1.4090e+00)
Epoch: [0][390/496]	L_Src_Sup 1.8559e-01 (4.6911e-01)	L_Trg_Inj 3.1182e-01 (5.2620e-01)	Loss Disc 6.9159e-01 (6.9151e-01)	Loss Pred 9.5691e-01 (9.4246e-01)	Loss TOTAL 1.3524e+00 (1.4080e+00)
Epoch: [0][400/496]	L_Src_Sup 2.9265e-01 (4.6375e-01)	L_Trg_Inj 4.3375e-01 (5.2160e-01)	Loss Disc 6.9568e-01 (6.9152e-01)	Loss Pred 9.6108e-01 (9.4221e-01)	Loss TOTAL 1.3816e+00 (1.4063e+00)
Epoch: [0][410/496]	L_Src_Sup 3.0152e-01 (4.6105e-01)	L_Trg_Inj 3.8889e-01 (5.2052e-01)	Loss Disc 6.9260e-01 (6.9151e-01)	Loss Pred 8.8210e-01 (9.4190e-01)	Loss TOTAL 1.2974e+00 (1.4052e+00)
Epoch: [0][420/496]	L_Src_Sup 2.7968e-01 (4.5550e-01)	L_Trg_Inj 2.5638e-01 (5.1465e-01)	Loss Disc 6.8985e-01 (6.9149e-01)	Loss Pred 9.1102e-01 (9.4201e-01)	Loss TOTAL 1.3329e+00 (1.4042e+00)
Epoch: [0][430/496]	L_Src_Sup 2.2926e-01 (4.5155e-01)	L_Trg_Inj 4.1128e-01 (5.0983e-01)	Loss Disc 6.8489e-01 (6.9141e-01)	Loss Pred 9.3011e-01 (9.4191e-01)	Loss TOTAL 1.3366e+00 (1.4035e+00)
Epoch: [0][440/496]	L_Src_Sup 2.8876e-01 (4.4689e-01)	L_Trg_Inj 3.3713e-01 (5.0588e-01)	Loss Disc 6.8183e-01 (6.9120e-01)	Loss Pred 8.5349e-01 (9.4127e-01)	Loss TOTAL 1.2570e+00 (1.4017e+00)
Epoch: [0][450/496]	L_Src_Sup 2.3288e-01 (4.4277e-01)	L_Trg_Inj 2.8867e-01 (5.0268e-01)	Loss Disc 6.7684e-01 (6.9086e-01)	Loss Pred 8.5587e-01 (9.4006e-01)	Loss TOTAL 1.2464e+00 (1.3991e+00)
Epoch: [0][460/496]	L_Src_Sup 2.4828e-01 (4.3966e-01)	L_Trg_Inj 3.2595e-01 (5.0061e-01)	Loss Disc 6.8194e-01 (6.9057e-01)	Loss Pred 8.8897e-01 (9.3893e-01)	Loss TOTAL 1.2874e+00 (1.3972e+00)
Epoch: [0][470/496]	L_Src_Sup 3.0463e-01 (4.3564e-01)	L_Trg_Inj 2.5405e-01 (4.9750e-01)	Loss Disc 6.8517e-01 (6.9043e-01)	Loss Pred 8.3865e-01 (9.3760e-01)	Loss TOTAL 1.2877e+00 (1.3949e+00)
Epoch: [0][480/496]	L_Src_Sup 2.0362e-01 (4.3287e-01)	L_Trg_Inj 2.7927e-01 (4.9684e-01)	Loss Disc 6.9145e-01 (6.9040e-01)	Loss Pred 8.3223e-01 (9.3621e-01)	Loss TOTAL 1.2262e+00 (1.3930e+00)
Epoch: [0][490/496]	L_Src_Sup 3.7822e-01 (4.3002e-01)	L_Trg_Inj 5.6582e-01 (4.9321e-01)	Loss Disc 6.9533e-01 (6.9047e-01)	Loss Pred 8.3698e-01 (9.3441e-01)	Loss TOTAL 1.2791e+00 (1.3909e+00)
Epoch: [0][496/496]	L_Src_Sup 1.9169e-01 (4.2801e-01)	L_Trg_Inj 2.6683e-01 (4.9172e-01)	Loss Disc 6.8849e-01 (6.9049e-01)	Loss Pred 8.5281e-01 (9.3340e-01)	Loss TOTAL 1.2429e+00 (1.3893e+00)
Epoch 0 complete. Saving model state...
Epoch: [1][ 10/496]	L_Src_Sup 2.4009e-01 (2.6424e-01)	L_Trg_Inj 3.3275e-01 (3.8829e-01)	Loss Disc 6.9350e-01 (6.9162e-01)	Loss Pred 7.7180e-01 (8.1934e-01)	Loss TOTAL 1.1758e+00 (1.2341e+00)
Epoch: [1][ 20/496]	L_Src_Sup 3.5444e-01 (2.6492e-01)	L_Trg_Inj 4.1885e-01 (3.9139e-01)	Loss Disc 6.9278e-01 (6.9234e-01)	Loss Pred 7.7526e-01 (8.1002e-01)	Loss TOTAL 1.1990e+00 (1.2241e+00)
Epoch: [1][ 30/496]	L_Src_Sup 2.5565e-01 (2.6951e-01)	L_Trg_Inj 2.5080e-01 (3.6341e-01)	Loss Disc 6.9728e-01 (6.9243e-01)	Loss Pred 8.0108e-01 (8.0548e-01)	Loss TOTAL 1.2052e+00 (1.2212e+00)
Epoch: [1][ 40/496]	L_Src_Sup 2.6070e-01 (2.6956e-01)	L_Trg_Inj 4.0958e-01 (3.6592e-01)	Loss Disc 6.9256e-01 (6.9289e-01)	Loss Pred 7.4166e-01 (7.9970e-01)	Loss TOTAL 1.1550e+00 (1.2173e+00)
Epoch: [1][ 50/496]	L_Src_Sup 2.4377e-01 (2.9095e-01)	L_Trg_Inj 4.3634e-01 (3.9865e-01)	Loss Disc 6.9151e-01 (6.9285e-01)	Loss Pred 7.6854e-01 (7.9519e-01)	Loss TOTAL 1.1823e+00 (1.2171e+00)
Epoch: [1][ 60/496]	L_Src_Sup 3.4863e-01 (2.9565e-01)	L_Trg_Inj 2.8327e-01 (3.9468e-01)	Loss Disc 6.9333e-01 (6.9275e-01)	Loss Pred 7.2869e-01 (7.8784e-01)	Loss TOTAL 1.2039e+00 (1.2105e+00)
Epoch: [1][ 70/496]	L_Src_Sup 3.3544e-01 (2.9528e-01)	L_Trg_Inj 2.4437e-01 (3.9166e-01)	Loss Disc 6.9515e-01 (6.9294e-01)	Loss Pred 7.4959e-01 (7.8319e-01)	Loss TOTAL 1.2462e+00 (1.2059e+00)
Epoch: [1][ 80/496]	L_Src_Sup 1.5538e-01 (2.8625e-01)	L_Trg_Inj 2.7884e-01 (3.7345e-01)	Loss Disc 6.9242e-01 (6.9309e-01)	Loss Pred 7.6159e-01 (7.7737e-01)	Loss TOTAL 1.1512e+00 (1.1987e+00)
Epoch: [1][ 90/496]	L_Src_Sup 3.5228e-01 (2.8434e-01)	L_Trg_Inj 3.6986e-01 (3.6941e-01)	Loss Disc 6.9164e-01 (6.9317e-01)	Loss Pred 8.1734e-01 (7.7292e-01)	Loss TOTAL 1.2354e+00 (1.1934e+00)
Epoch: [1][100/496]	L_Src_Sup 3.8398e-01 (2.8244e-01)	L_Trg_Inj 6.2629e-01 (3.7187e-01)	Loss Disc 6.9766e-01 (6.9336e-01)	Loss Pred 7.2765e-01 (7.6786e-01)	Loss TOTAL 1.1775e+00 (1.1880e+00)
Epoch: [1][110/496]	L_Src_Sup 1.9739e-01 (2.7581e-01)	L_Trg_Inj 2.4501e-01 (3.6647e-01)	Loss Disc 6.9210e-01 (6.9330e-01)	Loss Pred 7.2466e-01 (7.6389e-01)	Loss TOTAL 1.1149e+00 (1.1837e+00)
Epoch: [1][120/496]	L_Src_Sup 1.6253e-01 (2.8097e-01)	L_Trg_Inj 3.7557e-01 (3.7657e-01)	Loss Disc 6.9197e-01 (6.9315e-01)	Loss Pred 7.0989e-01 (7.5997e-01)	Loss TOTAL 1.1097e+00 (1.1812e+00)
Epoch: [1][130/496]	L_Src_Sup 2.2515e-01 (2.7539e-01)	L_Trg_Inj 2.1386e-01 (3.7033e-01)	Loss Disc 6.9059e-01 (6.9311e-01)	Loss Pred 7.0810e-01 (7.5624e-01)	Loss TOTAL 1.1086e+00 (1.1761e+00)
Epoch: [1][140/496]	L_Src_Sup 2.1072e-01 (2.6996e-01)	L_Trg_Inj 2.4407e-01 (3.6422e-01)	Loss Disc 6.9257e-01 (6.9302e-01)	Loss Pred 6.8010e-01 (7.5233e-01)	Loss TOTAL 1.0719e+00 (1.1708e+00)
Epoch: [1][150/496]	L_Src_Sup 3.7333e-01 (2.7076e-01)	L_Trg_Inj 5.2682e-01 (3.6399e-01)	Loss Disc 6.9351e-01 (6.9294e-01)	Loss Pred 6.9225e-01 (7.4835e-01)	Loss TOTAL 1.1290e+00 (1.1673e+00)
Epoch: [1][160/496]	L_Src_Sup 2.3579e-01 (2.7239e-01)	L_Trg_Inj 4.9985e-01 (3.6445e-01)	Loss Disc 6.8997e-01 (6.9276e-01)	Loss Pred 7.0983e-01 (7.4492e-01)	Loss TOTAL 1.1284e+00 (1.1636e+00)
Epoch: [1][170/496]	L_Src_Sup 1.7068e-01 (2.7243e-01)	L_Trg_Inj 2.0917e-01 (3.6417e-01)	Loss Disc 6.8294e-01 (6.9234e-01)	Loss Pred 6.9755e-01 (7.4221e-01)	Loss TOTAL 1.0770e+00 (1.1603e+00)
Epoch: [1][180/496]	L_Src_Sup 2.4852e-01 (2.7170e-01)	L_Trg_Inj 2.3228e-01 (3.6128e-01)	Loss Disc 6.8727e-01 (6.9205e-01)	Loss Pred 7.0153e-01 (7.3891e-01)	Loss TOTAL 1.1095e+00 (1.1568e+00)
Epoch: [1][190/496]	L_Src_Sup 1.6728e-01 (2.6872e-01)	L_Trg_Inj 2.9137e-01 (3.5754e-01)	Loss Disc 6.8925e-01 (6.9191e-01)	Loss Pred 6.6521e-01 (7.3588e-01)	Loss TOTAL 1.0557e+00 (1.1529e+00)
Epoch: [1][200/496]	L_Src_Sup 1.4548e-01 (2.6564e-01)	L_Trg_Inj 3.1913e-01 (3.5538e-01)	Loss Disc 6.9466e-01 (6.9195e-01)	Loss Pred 6.8765e-01 (7.3291e-01)	Loss TOTAL 1.0814e+00 (1.1494e+00)
Epoch: [1][210/496]	L_Src_Sup 2.3847e-01 (2.6392e-01)	L_Trg_Inj 3.1877e-01 (3.5331e-01)	Loss Disc 6.9249e-01 (6.9195e-01)	Loss Pred 6.7485e-01 (7.3012e-01)	Loss TOTAL 1.0768e+00 (1.1471e+00)
Epoch: [1][220/496]	L_Src_Sup 2.6079e-01 (2.6241e-01)	L_Trg_Inj 4.1097e-01 (3.5295e-01)	Loss Disc 6.9835e-01 (6.9204e-01)	Loss Pred 6.0989e-01 (7.2739e-01)	Loss TOTAL 1.0262e+00 (1.1439e+00)
Epoch: [1][230/496]	L_Src_Sup 2.9237e-01 (2.6169e-01)	L_Trg_Inj 2.1188e-01 (3.5173e-01)	Loss Disc 6.9083e-01 (6.9204e-01)	Loss Pred 6.5645e-01 (7.2470e-01)	Loss TOTAL 1.1328e+00 (1.1418e+00)
Epoch: [1][240/496]	L_Src_Sup 1.6827e-01 (2.6408e-01)	L_Trg_Inj 4.7519e-01 (3.5576e-01)	Loss Disc 6.9650e-01 (6.9202e-01)	Loss Pred 6.6205e-01 (7.2251e-01)	Loss TOTAL 1.0746e+00 (1.1400e+00)
Epoch: [1][250/496]	L_Src_Sup 3.7401e-01 (2.6870e-01)	L_Trg_Inj 3.5283e-01 (3.6049e-01)	Loss Disc 6.9412e-01 (6.9203e-01)	Loss Pred 6.2001e-01 (7.1970e-01)	Loss TOTAL 1.0609e+00 (1.1385e+00)
Epoch: [1][260/496]	L_Src_Sup 3.1079e-01 (2.7066e-01)	L_Trg_Inj 4.7886e-01 (3.6362e-01)	Loss Disc 6.8950e-01 (6.9205e-01)	Loss Pred 6.6106e-01 (7.1707e-01)	Loss TOTAL 1.0848e+00 (1.1363e+00)
Epoch: [1][270/496]	L_Src_Sup 5.0812e-01 (2.7262e-01)	L_Trg_Inj 6.7626e-01 (3.6694e-01)	Loss Disc 6.9238e-01 (6.9205e-01)	Loss Pred 6.6954e-01 (7.1474e-01)	Loss TOTAL 1.1342e+00 (1.1344e+00)
Epoch: [1][280/496]	L_Src_Sup 2.1474e-01 (2.7684e-01)	L_Trg_Inj 4.6438e-01 (3.7229e-01)	Loss Disc 6.9102e-01 (6.9203e-01)	Loss Pred 6.5734e-01 (7.1289e-01)	Loss TOTAL 1.0708e+00 (1.1338e+00)
Epoch: [1][290/496]	L_Src_Sup 2.4733e-01 (2.7624e-01)	L_Trg_Inj 5.2966e-01 (3.7132e-01)	Loss Disc 6.9117e-01 (6.9209e-01)	Loss Pred 6.6686e-01 (7.1004e-01)	Loss TOTAL 1.0901e+00 (1.1314e+00)
Epoch: [1][300/496]	L_Src_Sup 3.0053e-01 (2.7581e-01)	L_Trg_Inj 3.6456e-01 (3.7211e-01)	Loss Disc 6.9152e-01 (6.9209e-01)	Loss Pred 6.3310e-01 (7.0751e-01)	Loss TOTAL 1.0454e+00 (1.1287e+00)
Epoch: [1][310/496]	L_Src_Sup 2.1668e-01 (2.7514e-01)	L_Trg_Inj 4.0001e-01 (3.6968e-01)	Loss Disc 6.9130e-01 (6.9207e-01)	Loss Pred 6.5513e-01 (7.0546e-01)	Loss TOTAL 1.0624e+00 (1.1269e+00)
Epoch: [1][320/496]	L_Src_Sup 3.0374e-01 (2.7573e-01)	L_Trg_Inj 3.1176e-01 (3.6986e-01)	Loss Disc 6.8907e-01 (6.9201e-01)	Loss Pred 6.3946e-01 (7.0358e-01)	Loss TOTAL 1.0455e+00 (1.1250e+00)
Epoch: [1][330/496]	L_Src_Sup 3.1279e-01 (2.7479e-01)	L_Trg_Inj 4.3939e-01 (3.7071e-01)	Loss Disc 6.9791e-01 (6.9203e-01)	Loss Pred 5.9833e-01 (7.0111e-01)	Loss TOTAL 1.0225e+00 (1.1223e+00)
Epoch: [1][340/496]	L_Src_Sup 1.5963e-01 (2.7304e-01)	L_Trg_Inj 2.0040e-01 (3.6625e-01)	Loss Disc 6.8973e-01 (6.9197e-01)	Loss Pred 6.5520e-01 (6.9883e-01)	Loss TOTAL 1.0361e+00 (1.1196e+00)
Epoch: [1][350/496]	L_Src_Sup 3.1769e-01 (2.7185e-01)	L_Trg_Inj 3.8231e-01 (3.6337e-01)	Loss Disc 6.9169e-01 (6.9200e-01)	Loss Pred 6.1995e-01 (6.9644e-01)	Loss TOTAL 1.0358e+00 (1.1172e+00)
Epoch: [1][360/496]	L_Src_Sup 1.4019e-01 (2.7049e-01)	L_Trg_Inj 2.8340e-01 (3.6249e-01)	Loss Disc 6.9940e-01 (6.9201e-01)	Loss Pred 5.5367e-01 (6.9421e-01)	Loss TOTAL 9.4574e-01 (1.1146e+00)
Epoch: [1][370/496]	L_Src_Sup 2.7564e-01 (2.7028e-01)	L_Trg_Inj 4.6506e-01 (3.6316e-01)	Loss Disc 6.9000e-01 (6.9202e-01)	Loss Pred 6.3737e-01 (6.9192e-01)	Loss TOTAL 1.0564e+00 (1.1123e+00)
Epoch: [1][380/496]	L_Src_Sup 2.3578e-01 (2.6967e-01)	L_Trg_Inj 3.6854e-01 (3.6157e-01)	Loss Disc 6.9445e-01 (6.9201e-01)	Loss Pred 6.0050e-01 (6.8979e-01)	Loss TOTAL 1.0082e+00 (1.1106e+00)
Epoch: [1][390/496]	L_Src_Sup 4.5459e-01 (2.7042e-01)	L_Trg_Inj 4.6376e-01 (3.6188e-01)	Loss Disc 6.9409e-01 (6.9203e-01)	Loss Pred 5.9667e-01 (6.8754e-01)	Loss TOTAL 1.0355e+00 (1.1084e+00)
Epoch: [1][400/496]	L_Src_Sup 2.3827e-01 (2.7041e-01)	L_Trg_Inj 4.5595e-01 (3.6450e-01)	Loss Disc 6.9373e-01 (6.9204e-01)	Loss Pred 6.0287e-01 (6.8550e-01)	Loss TOTAL 1.0192e+00 (1.1063e+00)
Epoch: [1][410/496]	L_Src_Sup 3.1207e-01 (2.6948e-01)	L_Trg_Inj 3.9659e-01 (3.6360e-01)	Loss Disc 6.9264e-01 (6.9202e-01)	Loss Pred 6.0579e-01 (6.8368e-01)	Loss TOTAL 1.0230e+00 (1.1042e+00)
Epoch: [1][420/496]	L_Src_Sup 2.2007e-01 (2.6816e-01)	L_Trg_Inj 2.3363e-01 (3.6125e-01)	Loss Disc 6.8795e-01 (6.9203e-01)	Loss Pred 6.5601e-01 (6.8169e-01)	Loss TOTAL 1.0454e+00 (1.1021e+00)
Epoch: [1][430/496]	L_Src_Sup 2.4489e-01 (2.6654e-01)	L_Trg_Inj 1.8615e-01 (3.5893e-01)	Loss Disc 6.8769e-01 (6.9202e-01)	Loss Pred 6.3570e-01 (6.7977e-01)	Loss TOTAL 1.0814e+00 (1.0997e+00)
Epoch: [1][440/496]	L_Src_Sup 1.8079e-01 (2.6776e-01)	L_Trg_Inj 2.2594e-01 (3.5993e-01)	Loss Disc 6.9134e-01 (6.9204e-01)	Loss Pred 6.0161e-01 (6.7765e-01)	Loss TOTAL 9.8795e-01 (1.0981e+00)
Epoch: [1][450/496]	L_Src_Sup 2.2521e-01 (2.6582e-01)	L_Trg_Inj 3.5801e-01 (3.5824e-01)	Loss Disc 6.9526e-01 (6.9205e-01)	Loss Pred 6.0200e-01 (6.7592e-01)	Loss TOTAL 1.0080e+00 (1.0959e+00)
Epoch: [1][460/496]	L_Src_Sup 2.8159e-01 (2.6535e-01)	L_Trg_Inj 5.0937e-01 (3.5866e-01)	Loss Disc 6.9393e-01 (6.9203e-01)	Loss Pred 5.7862e-01 (6.7427e-01)	Loss TOTAL 1.0047e+00 (1.0942e+00)
Epoch: [1][470/496]	L_Src_Sup 1.7917e-01 (2.6663e-01)	L_Trg_Inj 3.3378e-01 (3.5984e-01)	Loss Disc 6.8893e-01 (6.9199e-01)	Loss Pred 5.8935e-01 (6.7232e-01)	Loss TOTAL 9.8511e-01 (1.0924e+00)
Epoch: [1][480/496]	L_Src_Sup 2.1791e-01 (2.6515e-01)	L_Trg_Inj 2.4615e-01 (3.5917e-01)	Loss Disc 6.9244e-01 (6.9200e-01)	Loss Pred 5.8166e-01 (6.7044e-01)	Loss TOTAL 9.7429e-01 (1.0901e+00)
Epoch: [1][490/496]	L_Src_Sup 1.3613e-01 (2.6395e-01)	L_Trg_Inj 2.3619e-01 (3.5702e-01)	Loss Disc 6.8947e-01 (6.9199e-01)	Loss Pred 5.9310e-01 (6.6849e-01)	Loss TOTAL 9.7506e-01 (1.0879e+00)
Epoch: [1][496/496]	L_Src_Sup 2.6037e-01 (2.6347e-01)	L_Trg_Inj 4.0126e-01 (3.5716e-01)	Loss Disc 6.9354e-01 (6.9200e-01)	Loss Pred 5.6413e-01 (6.6743e-01)	Loss TOTAL 9.7707e-01 (1.0868e+00)
Epoch 1 complete. Saving model state...
Epoch: [2][ 10/496]	L_Src_Sup 1.7912e-01 (3.0918e-01)	L_Trg_Inj 4.4734e-01 (5.3935e-01)	Loss Disc 6.9071e-01 (6.9213e-01)	Loss Pred 5.9438e-01 (5.9165e-01)	Loss TOTAL 1.0024e+00 (1.0245e+00)
Epoch: [2][ 20/496]	L_Src_Sup 1.9552e-01 (2.8357e-01)	L_Trg_Inj 2.4043e-01 (4.4387e-01)	Loss Disc 6.9095e-01 (6.9185e-01)	Loss Pred 5.4365e-01 (5.8067e-01)	Loss TOTAL 9.3272e-01 (1.0014e+00)
Epoch: [2][ 30/496]	L_Src_Sup 2.1486e-01 (2.6377e-01)	L_Trg_Inj 4.1810e-01 (4.2270e-01)	Loss Disc 6.9645e-01 (6.9233e-01)	Loss Pred 5.5095e-01 (5.7820e-01)	Loss TOTAL 9.6247e-01 (9.9755e-01)
Epoch: [2][ 40/496]	L_Src_Sup 2.6604e-01 (2.6472e-01)	L_Trg_Inj 3.7507e-01 (4.0591e-01)	Loss Disc 6.9521e-01 (6.9236e-01)	Loss Pred 5.6195e-01 (5.7618e-01)	Loss TOTAL 9.7367e-01 (9.9443e-01)
Epoch: [2][ 50/496]	L_Src_Sup 2.8698e-01 (2.6649e-01)	L_Trg_Inj 4.3182e-01 (3.9168e-01)	Loss Disc 6.8972e-01 (6.9216e-01)	Loss Pred 5.9352e-01 (5.7823e-01)	Loss TOTAL 1.0103e+00 (9.9674e-01)
Epoch: [2][ 60/496]	L_Src_Sup 2.5056e-01 (2.6903e-01)	L_Trg_Inj 4.8498e-01 (3.9378e-01)	Loss Disc 6.9634e-01 (6.9207e-01)	Loss Pred 5.5011e-01 (5.7728e-01)	Loss TOTAL 9.7184e-01 (9.9551e-01)
Epoch: [2][ 70/496]	L_Src_Sup 2.9243e-01 (2.6642e-01)	L_Trg_Inj 3.1356e-01 (3.8739e-01)	Loss Disc 6.9411e-01 (6.9212e-01)	Loss Pred 5.9826e-01 (5.7744e-01)	Loss TOTAL 1.0059e+00 (9.9433e-01)
Epoch: [2][ 80/496]	L_Src_Sup 3.2186e-01 (2.6572e-01)	L_Trg_Inj 4.7860e-01 (3.7618e-01)	Loss Disc 6.8805e-01 (6.9203e-01)	Loss Pred 6.3863e-01 (5.7954e-01)	Loss TOTAL 1.0627e+00 (9.9680e-01)
Epoch: [2][ 90/496]	L_Src_Sup 2.1707e-01 (2.6904e-01)	L_Trg_Inj 3.1981e-01 (3.7692e-01)	Loss Disc 6.9025e-01 (6.9195e-01)	Loss Pred 5.8782e-01 (5.8077e-01)	Loss TOTAL 9.8663e-01 (9.9846e-01)
Epoch: [2][100/496]	L_Src_Sup 1.7335e-01 (2.6950e-01)	L_Trg_Inj 5.1656e-01 (3.7723e-01)	Loss Disc 6.9297e-01 (6.9208e-01)	Loss Pred 5.6613e-01 (5.7949e-01)	Loss TOTAL 9.8160e-01 (9.9862e-01)
Epoch: [2][110/496]	L_Src_Sup 1.7740e-01 (2.6430e-01)	L_Trg_Inj 1.6616e-01 (3.6905e-01)	Loss Disc 6.8615e-01 (6.9194e-01)	Loss Pred 6.0472e-01 (5.7895e-01)	Loss TOTAL 9.9339e-01 (9.9601e-01)
Epoch: [2][120/496]	L_Src_Sup 2.4396e-01 (2.6185e-01)	L_Trg_Inj 4.0773e-01 (3.6518e-01)	Loss Disc 6.9064e-01 (6.9190e-01)	Loss Pred 5.9281e-01 (5.7863e-01)	Loss TOTAL 1.0033e+00 (9.9596e-01)
Epoch: [2][130/496]	L_Src_Sup 2.1389e-01 (2.6331e-01)	L_Trg_Inj 4.0447e-01 (3.6341e-01)	Loss Disc 6.9119e-01 (6.9184e-01)	Loss Pred 5.5494e-01 (5.7773e-01)	Loss TOTAL 9.6237e-01 (9.9489e-01)
Epoch: [2][140/496]	L_Src_Sup 2.5531e-01 (2.6051e-01)	L_Trg_Inj 2.0116e-01 (3.5843e-01)	Loss Disc 6.9404e-01 (6.9192e-01)	Loss Pred 5.2239e-01 (5.7617e-01)	Loss TOTAL 9.6920e-01 (9.9260e-01)
Epoch: [2][150/496]	L_Src_Sup 1.8994e-01 (2.5683e-01)	L_Trg_Inj 3.3655e-01 (3.5282e-01)	Loss Disc 6.9871e-01 (6.9199e-01)	Loss Pred 5.4406e-01 (5.7517e-01)	Loss TOTAL 9.4606e-01 (9.9060e-01)
Epoch: [2][160/496]	L_Src_Sup 3.1631e-01 (2.5656e-01)	L_Trg_Inj 3.5419e-01 (3.5017e-01)	Loss Disc 6.9425e-01 (6.9203e-01)	Loss Pred 5.5819e-01 (5.7414e-01)	Loss TOTAL 9.7237e-01 (9.8994e-01)
Epoch: [2][170/496]	L_Src_Sup 1.8321e-01 (2.5623e-01)	L_Trg_Inj 3.3144e-01 (3.4765e-01)	Loss Disc 6.9376e-01 (6.9206e-01)	Loss Pred 5.3791e-01 (5.7352e-01)	Loss TOTAL 9.3626e-01 (9.8883e-01)
Epoch: [2][180/496]	L_Src_Sup 1.8564e-01 (2.5462e-01)	L_Trg_Inj 3.3259e-01 (3.4606e-01)	Loss Disc 6.9555e-01 (6.9211e-01)	Loss Pred 5.4342e-01 (5.7278e-01)	Loss TOTAL 9.4302e-01 (9.8750e-01)
Epoch: [2][190/496]	L_Src_Sup 1.4828e-01 (2.5025e-01)	L_Trg_Inj 2.8620e-01 (3.4115e-01)	Loss Disc 6.9175e-01 (6.9210e-01)	Loss Pred 5.9107e-01 (5.7263e-01)	Loss TOTAL 9.8039e-01 (9.8605e-01)
Epoch: [2][200/496]	L_Src_Sup 1.3896e-01 (2.4798e-01)	L_Trg_Inj 2.4285e-01 (3.3900e-01)	Loss Disc 6.9010e-01 (6.9208e-01)	Loss Pred 5.9077e-01 (5.7278e-01)	Loss TOTAL 9.7400e-01 (9.8605e-01)
Epoch: [2][210/496]	L_Src_Sup 2.9668e-01 (2.4628e-01)	L_Trg_Inj 2.8178e-01 (3.3737e-01)	Loss Disc 6.8918e-01 (6.9207e-01)	Loss Pred 5.5946e-01 (5.7286e-01)	Loss TOTAL 9.7680e-01 (9.8617e-01)
Epoch: [2][220/496]	L_Src_Sup 3.1593e-01 (2.5001e-01)	L_Trg_Inj 3.3050e-01 (3.4629e-01)	Loss Disc 6.9379e-01 (6.9212e-01)	Loss Pred 5.4903e-01 (5.7209e-01)	Loss TOTAL 9.6057e-01 (9.8636e-01)
Epoch: [2][230/496]	L_Src_Sup 1.5783e-01 (2.4875e-01)	L_Trg_Inj 3.1462e-01 (3.4943e-01)	Loss Disc 6.9331e-01 (6.9215e-01)	Loss Pred 5.2918e-01 (5.7163e-01)	Loss TOTAL 9.2308e-01 (9.8574e-01)
Epoch: [2][240/496]	L_Src_Sup 1.3076e-01 (2.4779e-01)	L_Trg_Inj 3.0839e-01 (3.4838e-01)	Loss Disc 6.9058e-01 (6.9215e-01)	Loss Pred 5.8141e-01 (5.7146e-01)	Loss TOTAL 9.7061e-01 (9.8577e-01)
Epoch: [2][250/496]	L_Src_Sup 3.1374e-01 (2.4791e-01)	L_Trg_Inj 4.1553e-01 (3.4857e-01)	Loss Disc 6.9341e-01 (6.9218e-01)	Loss Pred 5.3792e-01 (5.7094e-01)	Loss TOTAL 9.5756e-01 (9.8536e-01)
Epoch: [2][260/496]	L_Src_Sup 1.8268e-01 (2.4712e-01)	L_Trg_Inj 4.2040e-01 (3.4859e-01)	Loss Disc 6.9484e-01 (6.9221e-01)	Loss Pred 5.4898e-01 (5.7026e-01)	Loss TOTAL 9.5671e-01 (9.8446e-01)
Epoch: [2][270/496]	L_Src_Sup 2.3738e-01 (2.4789e-01)	L_Trg_Inj 2.7952e-01 (3.4710e-01)	Loss Disc 6.9008e-01 (6.9220e-01)	Loss Pred 5.7840e-01 (5.6988e-01)	Loss TOTAL 9.7513e-01 (9.8425e-01)
Epoch: [2][280/496]	L_Src_Sup 1.3057e-01 (2.4607e-01)	L_Trg_Inj 2.3148e-01 (3.4412e-01)	Loss Disc 6.8723e-01 (6.9216e-01)	Loss Pred 6.1056e-01 (5.6969e-01)	Loss TOTAL 9.9038e-01 (9.8370e-01)
Epoch: [2][290/496]	L_Src_Sup 1.3197e-01 (2.4421e-01)	L_Trg_Inj 2.1587e-01 (3.4185e-01)	Loss Disc 6.9210e-01 (6.9215e-01)	Loss Pred 5.2780e-01 (5.6915e-01)	Loss TOTAL 9.0863e-01 (9.8254e-01)
Epoch: [2][300/496]	L_Src_Sup 8.4751e-02 (2.4190e-01)	L_Trg_Inj 1.6753e-01 (3.3858e-01)	Loss Disc 6.8583e-01 (6.9211e-01)	Loss Pred 5.9090e-01 (5.6944e-01)	Loss TOTAL 9.5904e-01 (9.8243e-01)
Epoch: [2][310/496]	L_Src_Sup 2.1650e-01 (2.4022e-01)	L_Trg_Inj 3.0202e-01 (3.3578e-01)	Loss Disc 6.9432e-01 (6.9211e-01)	Loss Pred 5.5352e-01 (5.6933e-01)	Loss TOTAL 9.5253e-01 (9.8205e-01)
Epoch: [2][320/496]	L_Src_Sup 3.1014e-01 (2.3953e-01)	L_Trg_Inj 2.9951e-01 (3.3501e-01)	Loss Disc 6.8922e-01 (6.9210e-01)	Loss Pred 5.6236e-01 (5.6934e-01)	Loss TOTAL 9.7857e-01 (9.8182e-01)
Epoch: [2][330/496]	L_Src_Sup 1.6383e-01 (2.3936e-01)	L_Trg_Inj 4.4069e-01 (3.3854e-01)	Loss Disc 6.9672e-01 (6.9212e-01)	Loss Pred 5.3299e-01 (5.6939e-01)	Loss TOTAL 9.4180e-01 (9.8203e-01)
Epoch: [2][340/496]	L_Src_Sup 1.3014e-01 (2.3858e-01)	L_Trg_Inj 2.8778e-01 (3.3681e-01)	Loss Disc 6.9094e-01 (6.9213e-01)	Loss Pred 5.9530e-01 (5.6936e-01)	Loss TOTAL 9.8256e-01 (9.8174e-01)
Epoch: [2][350/496]	L_Src_Sup 2.4203e-01 (2.3686e-01)	L_Trg_Inj 3.2603e-01 (3.3398e-01)	Loss Disc 6.9450e-01 (6.9210e-01)	Loss Pred 5.9029e-01 (5.6979e-01)	Loss TOTAL 9.9435e-01 (9.8177e-01)
Epoch: [2][360/496]	L_Src_Sup 1.8841e-01 (2.3586e-01)	L_Trg_Inj 3.2279e-01 (3.3112e-01)	Loss Disc 6.9486e-01 (6.9210e-01)	Loss Pred 5.5634e-01 (5.6965e-01)	Loss TOTAL 9.5489e-01 (9.8178e-01)
Epoch: [2][370/496]	L_Src_Sup 2.3036e-01 (2.3551e-01)	L_Trg_Inj 3.3647e-01 (3.2934e-01)	Loss Disc 6.9459e-01 (6.9212e-01)	Loss Pred 5.8571e-01 (5.6967e-01)	Loss TOTAL 9.8969e-01 (9.8190e-01)
Epoch: [2][380/496]	L_Src_Sup 2.4964e-01 (2.3492e-01)	L_Trg_Inj 3.1125e-01 (3.2866e-01)	Loss Disc 6.9220e-01 (6.9215e-01)	Loss Pred 5.8103e-01 (5.6933e-01)	Loss TOTAL 9.8322e-01 (9.8176e-01)
Epoch: [2][390/496]	L_Src_Sup 1.2196e-01 (2.3315e-01)	L_Trg_Inj 3.0999e-01 (3.2715e-01)	Loss Disc 6.9298e-01 (6.9218e-01)	Loss Pred 5.7086e-01 (5.6872e-01)	Loss TOTAL 9.6054e-01 (9.8058e-01)
Epoch: [2][400/496]	L_Src_Sup 2.5028e-01 (2.3271e-01)	L_Trg_Inj 3.0163e-01 (3.2479e-01)	Loss Disc 6.9213e-01 (6.9217e-01)	Loss Pred 5.6099e-01 (5.6873e-01)	Loss TOTAL 9.6224e-01 (9.8096e-01)
Epoch: [2][410/496]	L_Src_Sup 2.9117e-01 (2.3276e-01)	L_Trg_Inj 5.3960e-01 (3.2492e-01)	Loss Disc 6.9296e-01 (6.9218e-01)	Loss Pred 6.0092e-01 (5.6857e-01)	Loss TOTAL 1.0305e+00 (9.8062e-01)
Epoch: [2][420/496]	L_Src_Sup 2.2734e-01 (2.3205e-01)	L_Trg_Inj 3.7403e-01 (3.2481e-01)	Loss Disc 6.9633e-01 (6.9218e-01)	Loss Pred 5.2566e-01 (5.6850e-01)	Loss TOTAL 9.3396e-01 (9.8023e-01)
Epoch: [2][430/496]	L_Src_Sup 3.1401e-01 (2.3149e-01)	L_Trg_Inj 3.0340e-01 (3.2453e-01)	Loss Disc 6.9106e-01 (6.9218e-01)	Loss Pred 5.8550e-01 (5.6848e-01)	Loss TOTAL 1.0034e+00 (9.7996e-01)
Epoch: [2][440/496]	L_Src_Sup 2.0190e-01 (2.3193e-01)	L_Trg_Inj 2.9359e-01 (3.2556e-01)	Loss Disc 6.9249e-01 (6.9221e-01)	Loss Pred 5.4273e-01 (5.6814e-01)	Loss TOTAL 9.3853e-01 (9.7958e-01)
Epoch: [2][450/496]	L_Src_Sup 2.0219e-01 (2.3155e-01)	L_Trg_Inj 3.6380e-01 (3.2559e-01)	Loss Disc 6.9473e-01 (6.9223e-01)	Loss Pred 5.1704e-01 (5.6784e-01)	Loss TOTAL 9.2101e-01 (9.7918e-01)
Epoch: [2][460/496]	L_Src_Sup 1.7312e-01 (2.3074e-01)	L_Trg_Inj 1.8342e-01 (3.2583e-01)	Loss Disc 6.8681e-01 (6.9219e-01)	Loss Pred 5.8765e-01 (5.6819e-01)	Loss TOTAL 9.6671e-01 (9.7924e-01)
Epoch: [2][470/496]	L_Src_Sup 2.0930e-01 (2.3087e-01)	L_Trg_Inj 4.1121e-01 (3.2659e-01)	Loss Disc 6.9156e-01 (6.9219e-01)	Loss Pred 5.8550e-01 (5.6822e-01)	Loss TOTAL 9.9333e-01 (9.7937e-01)
Epoch: [2][480/496]	L_Src_Sup 2.3892e-01 (2.3074e-01)	L_Trg_Inj 2.7139e-01 (3.2664e-01)	Loss Disc 6.9052e-01 (6.9222e-01)	Loss Pred 5.6085e-01 (5.6755e-01)	Loss TOTAL 9.5714e-01 (9.7895e-01)
Epoch: [2][490/496]	L_Src_Sup 1.6119e-01 (2.3013e-01)	L_Trg_Inj 2.8534e-01 (3.2571e-01)	Loss Disc 6.9342e-01 (6.9222e-01)	Loss Pred 5.4104e-01 (5.6735e-01)	Loss TOTAL 9.3240e-01 (9.7868e-01)
Epoch: [2][496/496]	L_Src_Sup 3.2650e-01 (2.3046e-01)	L_Trg_Inj 3.8737e-01 (3.2505e-01)	Loss Disc 6.9423e-01 (6.9223e-01)	Loss Pred 5.6059e-01 (5.6721e-01)	Loss TOTAL 9.7910e-01 (9.7882e-01)
Epoch 2 complete. Saving model state...
Epoch: [3][ 10/496]	L_Src_Sup 2.5567e-01 (3.3375e-01)	L_Trg_Inj 3.5358e-01 (4.2667e-01)	Loss Disc 6.9052e-01 (6.9239e-01)	Loss Pred 5.9363e-01 (5.9511e-01)	Loss TOTAL 9.9981e-01 (1.0378e+00)
Epoch: [3][ 20/496]	L_Src_Sup 2.2316e-01 (2.9399e-01)	L_Trg_Inj 2.6813e-01 (3.6734e-01)	Loss Disc 6.9205e-01 (6.9266e-01)	Loss Pred 5.7634e-01 (5.8197e-01)	Loss TOTAL 9.7150e-01 (1.0257e+00)
Epoch: [3][ 30/496]	L_Src_Sup 3.1109e-01 (2.6001e-01)	L_Trg_Inj 2.4705e-01 (3.4120e-01)	Loss Disc 6.9068e-01 (6.9259e-01)	Loss Pred 5.9140e-01 (5.7540e-01)	Loss TOTAL 1.0566e+00 (1.0048e+00)
Epoch: [3][ 40/496]	L_Src_Sup 2.3398e-01 (2.5951e-01)	L_Trg_Inj 3.2901e-01 (3.5152e-01)	Loss Disc 6.8936e-01 (6.9264e-01)	Loss Pred 6.0163e-01 (5.7238e-01)	Loss TOTAL 1.0026e+00 (1.0015e+00)
Epoch: [3][ 50/496]	L_Src_Sup 2.2704e-01 (2.5569e-01)	L_Trg_Inj 3.3076e-01 (3.6243e-01)	Loss Disc 6.8771e-01 (6.9230e-01)	Loss Pred 6.2108e-01 (5.7390e-01)	Loss TOTAL 1.0207e+00 (9.9967e-01)
Epoch: [3][ 60/496]	L_Src_Sup 1.6347e-01 (2.4996e-01)	L_Trg_Inj 2.6441e-01 (3.5715e-01)	Loss Disc 6.9000e-01 (6.9249e-01)	Loss Pred 5.7122e-01 (5.6972e-01)	Loss TOTAL 9.5900e-01 (9.9309e-01)
Epoch: [3][ 70/496]	L_Src_Sup 2.0012e-01 (2.4381e-01)	L_Trg_Inj 4.0865e-01 (3.5415e-01)	Loss Disc 6.9275e-01 (6.9245e-01)	Loss Pred 5.6091e-01 (5.6862e-01)	Loss TOTAL 9.6816e-01 (9.8896e-01)
Epoch: [3][ 80/496]	L_Src_Sup 3.2713e-01 (2.4678e-01)	L_Trg_Inj 2.7350e-01 (3.5770e-01)	Loss Disc 6.9067e-01 (6.9250e-01)	Loss Pred 6.1643e-01 (5.6734e-01)	Loss TOTAL 1.0755e+00 (9.8809e-01)
Epoch: [3][ 90/496]	L_Src_Sup 7.6141e-02 (2.4292e-01)	L_Trg_Inj 2.6204e-01 (3.5423e-01)	Loss Disc 6.9374e-01 (6.9254e-01)	Loss Pred 5.3557e-01 (5.6546e-01)	Loss TOTAL 9.1625e-01 (9.8404e-01)
Epoch: [3][100/496]	L_Src_Sup 2.5054e-01 (2.4058e-01)	L_Trg_Inj 2.9613e-01 (3.4692e-01)	Loss Disc 6.9274e-01 (6.9254e-01)	Loss Pred 5.8174e-01 (5.6550e-01)	Loss TOTAL 9.8277e-01 (9.8185e-01)
Epoch: [3][110/496]	L_Src_Sup 2.4274e-01 (2.3604e-01)	L_Trg_Inj 3.6087e-01 (3.4291e-01)	Loss Disc 6.9565e-01 (6.9261e-01)	Loss Pred 5.2465e-01 (5.6482e-01)	Loss TOTAL 9.3284e-01 (9.7977e-01)
Epoch: [3][120/496]	L_Src_Sup 1.7624e-01 (2.3220e-01)	L_Trg_Inj 1.9180e-01 (3.3446e-01)	Loss Disc 6.9229e-01 (6.9259e-01)	Loss Pred 5.3546e-01 (5.6463e-01)	Loss TOTAL 9.1841e-01 (9.7835e-01)
Epoch: [3][130/496]	L_Src_Sup 2.4666e-01 (2.2941e-01)	L_Trg_Inj 3.1221e-01 (3.2678e-01)	Loss Disc 6.9353e-01 (6.9257e-01)	Loss Pred 5.2998e-01 (5.6457e-01)	Loss TOTAL 9.3263e-01 (9.7817e-01)
Epoch: [3][140/496]	L_Src_Sup 2.2647e-01 (2.2890e-01)	L_Trg_Inj 3.0111e-01 (3.2219e-01)	Loss Disc 6.8989e-01 (6.9251e-01)	Loss Pred 5.7725e-01 (5.6454e-01)	Loss TOTAL 9.7495e-01 (9.7739e-01)
Epoch: [3][150/496]	L_Src_Sup 2.6158e-01 (2.3042e-01)	L_Trg_Inj 2.1705e-01 (3.2410e-01)	Loss Disc 6.9471e-01 (6.9254e-01)	Loss Pred 5.2466e-01 (5.6462e-01)	Loss TOTAL 9.6441e-01 (9.7736e-01)
Epoch: [3][160/496]	L_Src_Sup 3.3622e-01 (2.3495e-01)	L_Trg_Inj 2.6892e-01 (3.2718e-01)	Loss Disc 6.9398e-01 (6.9252e-01)	Loss Pred 5.2428e-01 (5.6424e-01)	Loss TOTAL 9.9908e-01 (9.7811e-01)
Epoch: [3][170/496]	L_Src_Sup 2.4656e-01 (2.3414e-01)	L_Trg_Inj 2.6310e-01 (3.3127e-01)	Loss Disc 6.9188e-01 (6.9252e-01)	Loss Pred 5.3975e-01 (5.6427e-01)	Loss TOTAL 9.3665e-01 (9.7780e-01)
Epoch: [3][180/496]	L_Src_Sup 1.6327e-01 (2.3196e-01)	L_Trg_Inj 1.7127e-01 (3.2734e-01)	Loss Disc 6.9047e-01 (6.9251e-01)	Loss Pred 5.7050e-01 (5.6399e-01)	Loss TOTAL 9.4918e-01 (9.7642e-01)
Epoch: [3][190/496]	L_Src_Sup 1.8026e-01 (2.3074e-01)	L_Trg_Inj 3.4201e-01 (3.2787e-01)	Loss Disc 6.9149e-01 (6.9254e-01)	Loss Pred 5.6044e-01 (5.6320e-01)	Loss TOTAL 9.5841e-01 (9.7554e-01)
Epoch: [3][200/496]	L_Src_Sup 2.1095e-01 (2.3019e-01)	L_Trg_Inj 2.8956e-01 (3.2705e-01)	Loss Disc 6.9076e-01 (6.9251e-01)	Loss Pred 5.9149e-01 (5.6356e-01)	Loss TOTAL 9.8692e-01 (9.7529e-01)
Epoch: [3][210/496]	L_Src_Sup 1.6968e-01 (2.3051e-01)	L_Trg_Inj 3.2648e-01 (3.2604e-01)	Loss Disc 6.9429e-01 (6.9244e-01)	Loss Pred 5.3534e-01 (5.6414e-01)	Loss TOTAL 9.3210e-01 (9.7626e-01)
Epoch: [3][220/496]	L_Src_Sup 2.4120e-01 (2.3056e-01)	L_Trg_Inj 3.0217e-01 (3.2528e-01)	Loss Disc 6.9632e-01 (6.9245e-01)	Loss Pred 5.2439e-01 (5.6401e-01)	Loss TOTAL 9.2689e-01 (9.7560e-01)
Epoch: [3][230/496]	L_Src_Sup 2.9539e-01 (2.2883e-01)	L_Trg_Inj 3.0791e-01 (3.2172e-01)	Loss Disc 6.9193e-01 (6.9245e-01)	Loss Pred 5.7202e-01 (5.6346e-01)	Loss TOTAL 9.7832e-01 (9.7430e-01)
Epoch: [3][240/496]	L_Src_Sup 1.6723e-01 (2.2719e-01)	L_Trg_Inj 3.0914e-01 (3.2131e-01)	Loss Disc 6.9059e-01 (6.9244e-01)	Loss Pred 5.8105e-01 (5.6344e-01)	Loss TOTAL 9.7398e-01 (9.7366e-01)
Epoch: [3][250/496]	L_Src_Sup 2.6907e-01 (2.2658e-01)	L_Trg_Inj 1.9774e-01 (3.1895e-01)	Loss Disc 6.9382e-01 (6.9246e-01)	Loss Pred 5.3906e-01 (5.6333e-01)	Loss TOTAL 1.0040e+00 (9.7395e-01)
Epoch: [3][260/496]	L_Src_Sup 1.5998e-01 (2.2648e-01)	L_Trg_Inj 3.3052e-01 (3.1924e-01)	Loss Disc 6.9202e-01 (6.9246e-01)	Loss Pred 5.6033e-01 (5.6298e-01)	Loss TOTAL 9.5539e-01 (9.7400e-01)
Epoch: [3][270/496]	L_Src_Sup 5.6379e-02 (2.2464e-01)	L_Trg_Inj 2.1292e-01 (3.1821e-01)	Loss Disc 6.9310e-01 (6.9246e-01)	Loss Pred 5.2885e-01 (5.6315e-01)	Loss TOTAL 9.0233e-01 (9.7358e-01)
Epoch: [3][280/496]	L_Src_Sup 2.0779e-01 (2.2427e-01)	L_Trg_Inj 2.6655e-01 (3.1621e-01)	Loss Disc 6.9417e-01 (6.9247e-01)	Loss Pred 5.3000e-01 (5.6304e-01)	Loss TOTAL 9.2452e-01 (9.7357e-01)
Epoch: [3][290/496]	L_Src_Sup 1.8992e-01 (2.2399e-01)	L_Trg_Inj 3.0848e-01 (3.1518e-01)	Loss Disc 6.9116e-01 (6.9244e-01)	Loss Pred 5.8738e-01 (5.6335e-01)	Loss TOTAL 9.8280e-01 (9.7349e-01)
Epoch: [3][300/496]	L_Src_Sup 3.1272e-01 (2.2417e-01)	L_Trg_Inj 4.1949e-01 (3.1500e-01)	Loss Disc 6.9208e-01 (6.9242e-01)	Loss Pred 5.8101e-01 (5.6377e-01)	Loss TOTAL 1.0003e+00 (9.7372e-01)
Epoch: [3][310/496]	L_Src_Sup 2.4531e-01 (2.2437e-01)	L_Trg_Inj 2.3706e-01 (3.1545e-01)	Loss Disc 6.9156e-01 (6.9243e-01)	Loss Pred 5.7036e-01 (5.6352e-01)	Loss TOTAL 9.7263e-01 (9.7333e-01)
Epoch: [3][320/496]	L_Src_Sup 2.2377e-01 (2.2568e-01)	L_Trg_Inj 3.5374e-01 (3.1754e-01)	Loss Disc 6.9501e-01 (6.9241e-01)	Loss Pred 5.2508e-01 (5.6372e-01)	Loss TOTAL 9.3034e-01 (9.7364e-01)
Epoch: [3][330/496]	L_Src_Sup 2.2453e-01 (2.2560e-01)	L_Trg_Inj 3.7467e-01 (3.1757e-01)	Loss Disc 6.9557e-01 (6.9239e-01)	Loss Pred 5.2395e-01 (5.6366e-01)	Loss TOTAL 9.3166e-01 (9.7341e-01)
Epoch: [3][340/496]	L_Src_Sup 1.9512e-01 (2.2449e-01)	L_Trg_Inj 3.1954e-01 (3.1797e-01)	Loss Disc 6.9449e-01 (6.9243e-01)	Loss Pred 5.4431e-01 (5.6357e-01)	Loss TOTAL 9.4302e-01 (9.7300e-01)
Epoch: [3][350/496]	L_Src_Sup 1.9762e-01 (2.2352e-01)	L_Trg_Inj 3.3231e-01 (3.1649e-01)	Loss Disc 6.9118e-01 (6.9242e-01)	Loss Pred 5.7547e-01 (5.6340e-01)	Loss TOTAL 9.7405e-01 (9.7242e-01)
Epoch: [3][360/496]	L_Src_Sup 8.6090e-02 (2.2274e-01)	L_Trg_Inj 2.1362e-01 (3.1409e-01)	Loss Disc 6.9040e-01 (6.9240e-01)	Loss Pred 5.9664e-01 (5.6334e-01)	Loss TOTAL 9.7181e-01 (9.7203e-01)
Epoch: [3][370/496]	L_Src_Sup 1.9242e-01 (2.2178e-01)	L_Trg_Inj 2.9035e-01 (3.1226e-01)	Loss Disc 6.9330e-01 (6.9241e-01)	Loss Pred 5.3877e-01 (5.6303e-01)	Loss TOTAL 9.3369e-01 (9.7171e-01)
Epoch: [3][380/496]	L_Src_Sup 1.5919e-01 (2.2112e-01)	L_Trg_Inj 3.2323e-01 (3.1290e-01)	Loss Disc 6.9485e-01 (6.9241e-01)	Loss Pred 5.5449e-01 (5.6320e-01)	Loss TOTAL 9.5015e-01 (9.7163e-01)
Epoch: [3][390/496]	L_Src_Sup 7.7728e-02 (2.2020e-01)	L_Trg_Inj 2.8176e-01 (3.1111e-01)	Loss Disc 6.9366e-01 (6.9240e-01)	Loss Pred 5.4408e-01 (5.6322e-01)	Loss TOTAL 9.2686e-01 (9.7157e-01)
Epoch: [3][400/496]	L_Src_Sup 1.3841e-01 (2.1933e-01)	L_Trg_Inj 3.5726e-01 (3.1068e-01)	Loss Disc 6.9178e-01 (6.9239e-01)	Loss Pred 5.9646e-01 (5.6321e-01)	Loss TOTAL 9.9192e-01 (9.7158e-01)
Epoch: [3][410/496]	L_Src_Sup 2.8866e-01 (2.1941e-01)	L_Trg_Inj 2.8981e-01 (3.1061e-01)	Loss Disc 6.8781e-01 (6.9238e-01)	Loss Pred 6.1237e-01 (5.6346e-01)	Loss TOTAL 1.0141e+00 (9.7177e-01)
Epoch: [3][420/496]	L_Src_Sup 2.3643e-01 (2.1927e-01)	L_Trg_Inj 2.4233e-01 (3.1167e-01)	Loss Disc 6.9368e-01 (6.9240e-01)	Loss Pred 5.3457e-01 (5.6346e-01)	Loss TOTAL 9.2929e-01 (9.7165e-01)
Epoch: [3][430/496]	L_Src_Sup 2.3770e-01 (2.1868e-01)	L_Trg_Inj 1.3275e-01 (3.0985e-01)	Loss Disc 6.9085e-01 (6.9239e-01)	Loss Pred 5.5446e-01 (5.6333e-01)	Loss TOTAL 1.0419e+00 (9.7136e-01)
Epoch: [3][440/496]	L_Src_Sup 1.2116e-01 (2.1808e-01)	L_Trg_Inj 2.6820e-01 (3.1142e-01)	Loss Disc 6.9073e-01 (6.9237e-01)	Loss Pred 5.6507e-01 (5.6386e-01)	Loss TOTAL 9.4937e-01 (9.7182e-01)
Epoch: [3][450/496]	L_Src_Sup 2.7217e-01 (2.1779e-01)	L_Trg_Inj 1.9665e-01 (3.1197e-01)	Loss Disc 6.9214e-01 (6.9236e-01)	Loss Pred 5.4466e-01 (5.6408e-01)	Loss TOTAL 1.0131e+00 (9.7204e-01)
Epoch: [3][460/496]	L_Src_Sup 2.5878e-01 (2.1803e-01)	L_Trg_Inj 4.6775e-01 (3.1269e-01)	Loss Disc 6.9949e-01 (6.9234e-01)	Loss Pred 5.1443e-01 (5.6402e-01)	Loss TOTAL 9.3683e-01 (9.7205e-01)
Epoch: [3][470/496]	L_Src_Sup 2.0386e-01 (2.1806e-01)	L_Trg_Inj 3.7241e-01 (3.1425e-01)	Loss Disc 6.9564e-01 (6.9235e-01)	Loss Pred 5.2926e-01 (5.6408e-01)	Loss TOTAL 9.3471e-01 (9.7209e-01)
Epoch: [3][480/496]	L_Src_Sup 2.9446e-01 (2.1776e-01)	L_Trg_Inj 4.1179e-01 (3.1405e-01)	Loss Disc 6.9597e-01 (6.9236e-01)	Loss Pred 5.5330e-01 (5.6410e-01)	Loss TOTAL 9.7191e-01 (9.7207e-01)
Epoch: [3][490/496]	L_Src_Sup 1.7632e-01 (2.1825e-01)	L_Trg_Inj 2.8354e-01 (3.1473e-01)	Loss Disc 6.8983e-01 (6.9236e-01)	Loss Pred 6.2356e-01 (5.6424e-01)	Loss TOTAL 1.0145e+00 (9.7234e-01)
Epoch: [3][496/496]	L_Src_Sup 7.3025e-02 (2.1795e-01)	L_Trg_Inj 3.0924e-01 (3.1459e-01)	Loss Disc 6.9164e-01 (6.9237e-01)	Loss Pred 5.6017e-01 (5.6407e-01)	Loss TOTAL 9.4422e-01 (9.7205e-01)
Epoch 3 complete. Saving model state...
Epoch: [4][ 10/496]	L_Src_Sup 1.6019e-01 (2.2624e-01)	L_Trg_Inj 3.7715e-01 (3.3071e-01)	Loss Disc 6.9304e-01 (6.9211e-01)	Loss Pred 5.6084e-01 (5.6351e-01)	Loss TOTAL 9.6110e-01 (9.7336e-01)
Epoch: [4][ 20/496]	L_Src_Sup 1.7825e-01 (2.2082e-01)	L_Trg_Inj 3.5348e-01 (3.3719e-01)	Loss Disc 6.9446e-01 (6.9254e-01)	Loss Pred 5.5470e-01 (5.5978e-01)	Loss TOTAL 9.5510e-01 (9.7053e-01)
Epoch: [4][ 30/496]	L_Src_Sup 2.1561e-01 (2.1447e-01)	L_Trg_Inj 3.0952e-01 (3.2155e-01)	Loss Disc 6.9245e-01 (6.9266e-01)	Loss Pred 5.4943e-01 (5.5965e-01)	Loss TOTAL 9.4817e-01 (9.6743e-01)
Epoch: [4][ 40/496]	L_Src_Sup 1.7143e-01 (2.1418e-01)	L_Trg_Inj 2.6308e-01 (3.1670e-01)	Loss Disc 6.9175e-01 (6.9262e-01)	Loss Pred 5.3401e-01 (5.5987e-01)	Loss TOTAL 9.2334e-01 (9.6765e-01)
Epoch: [4][ 50/496]	L_Src_Sup 2.0211e-01 (2.1640e-01)	L_Trg_Inj 3.2123e-01 (3.1926e-01)	Loss Disc 6.9290e-01 (6.9267e-01)	Loss Pred 5.6493e-01 (5.6019e-01)	Loss TOTAL 9.6371e-01 (9.6680e-01)
Epoch: [4][ 60/496]	L_Src_Sup 1.6288e-01 (2.0905e-01)	L_Trg_Inj 2.8650e-01 (3.2062e-01)	Loss Disc 6.9136e-01 (6.9266e-01)	Loss Pred 5.7044e-01 (5.6010e-01)	Loss TOTAL 9.6106e-01 (9.6522e-01)
Epoch: [4][ 70/496]	L_Src_Sup 1.5688e-01 (2.1242e-01)	L_Trg_Inj 4.1367e-01 (3.2825e-01)	Loss Disc 6.9426e-01 (6.9259e-01)	Loss Pred 5.5502e-01 (5.6167e-01)	Loss TOTAL 9.5921e-01 (9.6839e-01)
Epoch: [4][ 80/496]	L_Src_Sup 3.0787e-01 (2.1380e-01)	L_Trg_Inj 3.2341e-01 (3.2552e-01)	Loss Disc 6.9514e-01 (6.9236e-01)	Loss Pred 5.3949e-01 (5.6339e-01)	Loss TOTAL 9.5019e-01 (9.6937e-01)
Epoch: [4][ 90/496]	L_Src_Sup 2.2499e-01 (2.1453e-01)	L_Trg_Inj 1.9158e-01 (3.1911e-01)	Loss Disc 6.9356e-01 (6.9235e-01)	Loss Pred 5.1476e-01 (5.6158e-01)	Loss TOTAL 9.3660e-01 (9.6755e-01)
Epoch: [4][100/496]	L_Src_Sup 2.0253e-01 (2.1130e-01)	L_Trg_Inj 2.5106e-01 (3.2171e-01)	Loss Disc 6.8747e-01 (6.9226e-01)	Loss Pred 6.2195e-01 (5.6315e-01)	Loss TOTAL 1.0111e+00 (9.6836e-01)
Epoch: [4][110/496]	L_Src_Sup 3.7080e-01 (2.1616e-01)	L_Trg_Inj 3.9035e-01 (3.2810e-01)	Loss Disc 6.9218e-01 (6.9228e-01)	Loss Pred 5.6173e-01 (5.6352e-01)	Loss TOTAL 9.8393e-01 (9.6979e-01)
Epoch: [4][120/496]	L_Src_Sup 1.0483e-01 (2.1770e-01)	L_Trg_Inj 4.4599e-01 (3.3037e-01)	Loss Disc 6.9288e-01 (6.9224e-01)	Loss Pred 5.8042e-01 (5.6404e-01)	Loss TOTAL 9.8194e-01 (9.7060e-01)
Epoch: [4][130/496]	L_Src_Sup 2.1146e-01 (2.1536e-01)	L_Trg_Inj 3.0347e-01 (3.2958e-01)	Loss Disc 6.9174e-01 (6.9219e-01)	Loss Pred 5.9032e-01 (5.6498e-01)	Loss TOTAL 9.8768e-01 (9.7077e-01)
Epoch: [4][140/496]	L_Src_Sup 2.2047e-01 (2.1612e-01)	L_Trg_Inj 2.7051e-01 (3.2716e-01)	Loss Disc 6.9066e-01 (6.9221e-01)	Loss Pred 5.5991e-01 (5.6484e-01)	Loss TOTAL 9.5434e-01 (9.7014e-01)
Epoch: [4][150/496]	L_Src_Sup 1.9633e-01 (2.1394e-01)	L_Trg_Inj 2.9892e-01 (3.2607e-01)	Loss Disc 6.9282e-01 (6.9229e-01)	Loss Pred 5.4952e-01 (5.6387e-01)	Loss TOTAL 9.4546e-01 (9.6885e-01)
Epoch: [4][160/496]	L_Src_Sup 1.0110e-01 (2.1154e-01)	L_Trg_Inj 2.9452e-01 (3.2567e-01)	Loss Disc 6.9160e-01 (6.9229e-01)	Loss Pred 5.4961e-01 (5.6388e-01)	Loss TOTAL 9.3497e-01 (9.6847e-01)
Epoch: [4][170/496]	L_Src_Sup 1.8502e-01 (2.1221e-01)	L_Trg_Inj 4.1829e-01 (3.2877e-01)	Loss Disc 6.9457e-01 (6.9229e-01)	Loss Pred 5.6499e-01 (5.6339e-01)	Loss TOTAL 9.7261e-01 (9.6838e-01)
Epoch: [4][180/496]	L_Src_Sup 1.2011e-01 (2.1076e-01)	L_Trg_Inj 2.8308e-01 (3.2881e-01)	Loss Disc 6.9361e-01 (6.9230e-01)	Loss Pred 5.5983e-01 (5.6343e-01)	Loss TOTAL 9.4696e-01 (9.6802e-01)
Epoch: [4][190/496]	L_Src_Sup 1.1509e-01 (2.0921e-01)	L_Trg_Inj 3.2751e-01 (3.2620e-01)	Loss Disc 6.9130e-01 (6.9233e-01)	Loss Pred 5.7559e-01 (5.6265e-01)	Loss TOTAL 9.6551e-01 (9.6684e-01)
Epoch: [4][200/496]	L_Src_Sup 2.1568e-01 (2.1065e-01)	L_Trg_Inj 3.9657e-01 (3.2726e-01)	Loss Disc 6.9453e-01 (6.9232e-01)	Loss Pred 5.4906e-01 (5.6258e-01)	Loss TOTAL 9.5755e-01 (9.6680e-01)
Epoch: [4][210/496]	L_Src_Sup 1.2361e-01 (2.1010e-01)	L_Trg_Inj 3.0775e-01 (3.2465e-01)	Loss Disc 6.9114e-01 (6.9220e-01)	Loss Pred 5.7565e-01 (5.6310e-01)	Loss TOTAL 9.6436e-01 (9.6691e-01)
Epoch: [4][220/496]	L_Src_Sup 2.4309e-01 (2.1066e-01)	L_Trg_Inj 2.8526e-01 (3.2358e-01)	Loss Disc 6.9465e-01 (6.9227e-01)	Loss Pred 5.2272e-01 (5.6231e-01)	Loss TOTAL 9.2288e-01 (9.6624e-01)
Epoch: [4][230/496]	L_Src_Sup 1.9229e-01 (2.1087e-01)	L_Trg_Inj 2.4957e-01 (3.2193e-01)	Loss Disc 6.9385e-01 (6.9224e-01)	Loss Pred 5.3897e-01 (5.6273e-01)	Loss TOTAL 9.3008e-01 (9.6631e-01)
Epoch: [4][240/496]	L_Src_Sup 1.9459e-01 (2.1116e-01)	L_Trg_Inj 1.8664e-01 (3.1883e-01)	Loss Disc 6.9148e-01 (6.9227e-01)	Loss Pred 5.9196e-01 (5.6304e-01)	Loss TOTAL 9.8378e-01 (9.6661e-01)
Epoch: [4][250/496]	L_Src_Sup 1.1517e-01 (2.0982e-01)	L_Trg_Inj 2.6448e-01 (3.1553e-01)	Loss Disc 6.9227e-01 (6.9228e-01)	Loss Pred 5.5965e-01 (5.6291e-01)	Loss TOTAL 9.4375e-01 (9.6618e-01)
Epoch: [4][260/496]	L_Src_Sup 1.6344e-01 (2.0913e-01)	L_Trg_Inj 2.8773e-01 (3.1393e-01)	Loss Disc 6.9137e-01 (6.9228e-01)	Loss Pred 5.7029e-01 (5.6282e-01)	Loss TOTAL 9.6109e-01 (9.6620e-01)
Epoch: [4][270/496]	L_Src_Sup 1.3080e-01 (2.0808e-01)	L_Trg_Inj 3.5543e-01 (3.1278e-01)	Loss Disc 6.9692e-01 (6.9228e-01)	Loss Pred 5.2326e-01 (5.6304e-01)	Loss TOTAL 9.2035e-01 (9.6604e-01)
Epoch: [4][280/496]	L_Src_Sup 1.7848e-01 (2.0754e-01)	L_Trg_Inj 2.9492e-01 (3.1145e-01)	Loss Disc 6.9042e-01 (6.9228e-01)	Loss Pred 5.5455e-01 (5.6257e-01)	Loss TOTAL 9.4709e-01 (9.6542e-01)
Epoch: [4][290/496]	L_Src_Sup 5.7149e-02 (2.0687e-01)	L_Trg_Inj 3.2811e-01 (3.1159e-01)	Loss Disc 6.9558e-01 (6.9228e-01)	Loss Pred 5.3321e-01 (5.6260e-01)	Loss TOTAL 9.1953e-01 (9.6530e-01)
Epoch: [4][300/496]	L_Src_Sup 2.7727e-01 (2.0757e-01)	L_Trg_Inj 2.6092e-01 (3.1123e-01)	Loss Disc 6.9319e-01 (6.9230e-01)	Loss Pred 5.5463e-01 (5.6284e-01)	Loss TOTAL 9.7140e-01 (9.6557e-01)
Epoch: [4][310/496]	L_Src_Sup 1.7705e-01 (2.0804e-01)	L_Trg_Inj 6.2746e-01 (3.1005e-01)	Loss Disc 6.9511e-01 (6.9230e-01)	Loss Pred 5.4964e-01 (5.6264e-01)	Loss TOTAL 9.7765e-01 (9.6619e-01)
Epoch: [4][320/496]	L_Src_Sup 1.9540e-01 (2.0933e-01)	L_Trg_Inj 4.2266e-01 (3.1384e-01)	Loss Disc 6.9457e-01 (6.9231e-01)	Loss Pred 5.4929e-01 (5.6269e-01)	Loss TOTAL 9.5838e-01 (9.6658e-01)
Epoch: [4][330/496]	L_Src_Sup 1.6828e-01 (2.0902e-01)	L_Trg_Inj 3.1860e-01 (3.1440e-01)	Loss Disc 6.9270e-01 (6.9233e-01)	Loss Pred 5.7543e-01 (5.6290e-01)	Loss TOTAL 9.7047e-01 (9.6665e-01)
Epoch: [4][340/496]	L_Src_Sup 2.4041e-01 (2.1051e-01)	L_Trg_Inj 3.7669e-01 (3.1523e-01)	Loss Disc 6.9228e-01 (6.9232e-01)	Loss Pred 5.5912e-01 (5.6306e-01)	Loss TOTAL 9.6697e-01 (9.6710e-01)
Epoch: [4][350/496]	L_Src_Sup 2.6554e-01 (2.1243e-01)	L_Trg_Inj 4.6575e-01 (3.1778e-01)	Loss Disc 6.9437e-01 (6.9233e-01)	Loss Pred 5.7087e-01 (5.6300e-01)	Loss TOTAL 9.9119e-01 (9.6757e-01)
Epoch: [4][360/496]	L_Src_Sup 1.0435e-01 (2.1098e-01)	L_Trg_Inj 2.8948e-01 (3.1759e-01)	Loss Disc 6.9211e-01 (6.9235e-01)	Loss Pred 5.8090e-01 (5.6260e-01)	Loss TOTAL 9.6634e-01 (9.6687e-01)
Epoch: [4][370/496]	L_Src_Sup 1.2512e-01 (2.1020e-01)	L_Trg_Inj 3.0737e-01 (3.1536e-01)	Loss Disc 6.9240e-01 (6.9234e-01)	Loss Pred 5.8084e-01 (5.6242e-01)	Loss TOTAL 9.7029e-01 (9.6670e-01)
Epoch: [4][380/496]	L_Src_Sup 3.3694e-01 (2.1024e-01)	L_Trg_Inj 2.3147e-01 (3.1376e-01)	Loss Disc 6.9162e-01 (6.9235e-01)	Loss Pred 5.5434e-01 (5.6248e-01)	Loss TOTAL 1.0625e+00 (9.6701e-01)
Epoch: [4][390/496]	L_Src_Sup 1.0092e-01 (2.1028e-01)	L_Trg_Inj 2.8407e-01 (3.1264e-01)	Loss Disc 6.8771e-01 (6.9233e-01)	Loss Pred 6.0730e-01 (5.6275e-01)	Loss TOTAL 9.8966e-01 (9.6713e-01)
Epoch: [4][400/496]	L_Src_Sup 2.2227e-01 (2.0975e-01)	L_Trg_Inj 2.6250e-01 (3.1232e-01)	Loss Disc 6.9233e-01 (6.9237e-01)	Loss Pred 5.6509e-01 (5.6236e-01)	Loss TOTAL 9.5973e-01 (9.6652e-01)
Epoch: [4][410/496]	L_Src_Sup 2.2223e-01 (2.0992e-01)	L_Trg_Inj 2.4462e-01 (3.1177e-01)	Loss Disc 6.8874e-01 (6.9235e-01)	Loss Pred 5.6499e-01 (5.6224e-01)	Loss TOTAL 9.5604e-01 (9.6655e-01)
Epoch: [4][420/496]	L_Src_Sup 3.6280e-01 (2.1004e-01)	L_Trg_Inj 2.9627e-01 (3.1261e-01)	Loss Disc 6.9110e-01 (6.9234e-01)	Loss Pred 5.6506e-01 (5.6245e-01)	Loss TOTAL 1.0431e+00 (9.6686e-01)
Epoch: [4][430/496]	L_Src_Sup 3.1604e-01 (2.1069e-01)	L_Trg_Inj 3.4173e-01 (3.1175e-01)	Loss Disc 6.9074e-01 (6.9232e-01)	Loss Pred 5.7653e-01 (5.6263e-01)	Loss TOTAL 9.8767e-01 (9.6741e-01)
Epoch: [4][440/496]	L_Src_Sup 1.8560e-01 (2.1101e-01)	L_Trg_Inj 4.3986e-01 (3.1424e-01)	Loss Disc 6.9353e-01 (6.9234e-01)	Loss Pred 5.7537e-01 (5.6254e-01)	Loss TOTAL 9.8468e-01 (9.6746e-01)
Epoch: [4][450/496]	L_Src_Sup 1.5238e-01 (2.1070e-01)	L_Trg_Inj 2.9606e-01 (3.1359e-01)	Loss Disc 6.9670e-01 (6.9233e-01)	Loss Pred 5.3345e-01 (5.6271e-01)	Loss TOTAL 9.2664e-01 (9.6769e-01)
Epoch: [4][460/496]	L_Src_Sup 1.8956e-01 (2.1074e-01)	L_Trg_Inj 3.8103e-01 (3.1465e-01)	Loss Disc 6.9108e-01 (6.9235e-01)	Loss Pred 5.8620e-01 (5.6247e-01)	Loss TOTAL 9.8879e-01 (9.6754e-01)
Epoch: [4][470/496]	L_Src_Sup 1.7690e-01 (2.1104e-01)	L_Trg_Inj 2.3994e-01 (3.1531e-01)	Loss Disc 6.9037e-01 (6.9233e-01)	Loss Pred 5.5417e-01 (5.6258e-01)	Loss TOTAL 9.4104e-01 (9.6760e-01)
Epoch: [4][480/496]	L_Src_Sup 2.0425e-01 (2.1165e-01)	L_Trg_Inj 3.6892e-01 (3.1593e-01)	Loss Disc 6.9379e-01 (6.9234e-01)	Loss Pred 5.7008e-01 (5.6267e-01)	Loss TOTAL 9.7429e-01 (9.6791e-01)
Epoch: [4][490/496]	L_Src_Sup 2.3763e-01 (2.1178e-01)	L_Trg_Inj 3.1947e-01 (3.1600e-01)	Loss Disc 6.9350e-01 (6.9232e-01)	Loss Pred 5.5414e-01 (5.6266e-01)	Loss TOTAL 9.5660e-01 (9.6803e-01)
Epoch: [4][496/496]	L_Src_Sup 3.0112e-01 (2.1172e-01)	L_Trg_Inj 3.4332e-01 (3.1534e-01)	Loss Disc 6.9185e-01 (6.9230e-01)	Loss Pred 5.4930e-01 (5.6294e-01)	Loss TOTAL 9.5967e-01 (9.6830e-01)
Epoch 4 complete. Saving model state...
Epoch: [5][ 10/496]	L_Src_Sup 2.3021e-01 (2.1757e-01)	L_Trg_Inj 2.3935e-01 (3.1110e-01)	Loss Disc 6.9171e-01 (6.9250e-01)	Loss Pred 5.4002e-01 (5.6104e-01)	Loss TOTAL 9.3284e-01 (9.7077e-01)
Epoch: [5][ 20/496]	L_Src_Sup 2.3002e-01 (2.5485e-01)	L_Trg_Inj 3.5336e-01 (3.5453e-01)	Loss Disc 6.9065e-01 (6.9268e-01)	Loss Pred 5.9110e-01 (5.7187e-01)	Loss TOTAL 9.9476e-01 (9.9398e-01)
Epoch: [5][ 30/496]	L_Src_Sup 2.9070e-01 (2.4483e-01)	L_Trg_Inj 3.1774e-01 (3.3781e-01)	Loss Disc 6.9505e-01 (6.9236e-01)	Loss Pred 5.2528e-01 (5.7035e-01)	Loss TOTAL 9.3365e-01 (9.8618e-01)
Epoch: [5][ 40/496]	L_Src_Sup 1.5411e-01 (2.4943e-01)	L_Trg_Inj 3.7361e-01 (3.5769e-01)	Loss Disc 6.8963e-01 (6.9229e-01)	Loss Pred 6.2620e-01 (5.7118e-01)	Loss TOTAL 1.0238e+00 (9.8667e-01)
Epoch: [5][ 50/496]	L_Src_Sup 3.0601e-01 (2.4585e-01)	L_Trg_Inj 2.5047e-01 (3.4635e-01)	Loss Disc 6.9008e-01 (6.9231e-01)	Loss Pred 5.7139e-01 (5.6811e-01)	Loss TOTAL 1.0276e+00 (9.8413e-01)
Epoch: [5][ 60/496]	L_Src_Sup 1.1436e-01 (2.3190e-01)	L_Trg_Inj 2.0891e-01 (3.3343e-01)	Loss Disc 6.9283e-01 (6.9233e-01)	Loss Pred 5.3515e-01 (5.6762e-01)	Loss TOTAL 9.1389e-01 (9.8026e-01)
Epoch: [5][ 70/496]	L_Src_Sup 2.8230e-01 (2.3165e-01)	L_Trg_Inj 2.4327e-01 (3.2198e-01)	Loss Disc 6.8925e-01 (6.9216e-01)	Loss Pred 5.7010e-01 (5.6683e-01)	Loss TOTAL 1.0063e+00 (9.8218e-01)
Epoch: [5][ 80/496]	L_Src_Sup 2.4252e-01 (2.3124e-01)	L_Trg_Inj 4.4194e-01 (3.1855e-01)	Loss Disc 6.9558e-01 (6.9215e-01)	Loss Pred 5.4461e-01 (5.6571e-01)	Loss TOTAL 9.6084e-01 (9.8114e-01)
Epoch: [5][ 90/496]	L_Src_Sup 1.6549e-01 (2.2739e-01)	L_Trg_Inj 3.7438e-01 (3.1992e-01)	Loss Disc 6.9288e-01 (6.9222e-01)	Loss Pred 5.3424e-01 (5.6426e-01)	Loss TOTAL 9.3466e-01 (9.7902e-01)
Epoch: [5][100/496]	L_Src_Sup 3.0764e-01 (2.2574e-01)	L_Trg_Inj 2.9173e-01 (3.1829e-01)	Loss Disc 6.8669e-01 (6.9204e-01)	Loss Pred 6.0633e-01 (5.6527e-01)	Loss TOTAL 1.0255e+00 (9.7838e-01)
Epoch: [5][110/496]	L_Src_Sup 2.2159e-01 (2.2482e-01)	L_Trg_Inj 4.5718e-01 (3.2009e-01)	Loss Disc 6.9563e-01 (6.9205e-01)	Loss Pred 5.6525e-01 (5.6385e-01)	Loss TOTAL 9.8094e-01 (9.7591e-01)
Epoch: [5][120/496]	L_Src_Sup 2.5741e-01 (2.2375e-01)	L_Trg_Inj 2.8071e-01 (3.2217e-01)	Loss Disc 6.9092e-01 (6.9208e-01)	Loss Pred 5.5468e-01 (5.6376e-01)	Loss TOTAL 9.5395e-01 (9.7605e-01)
Epoch: [5][130/496]	L_Src_Sup 3.3527e-01 (2.2193e-01)	L_Trg_Inj 3.9601e-01 (3.1999e-01)	Loss Disc 6.9649e-01 (6.9212e-01)	Loss Pred 5.4971e-01 (5.6297e-01)	Loss TOTAL 9.7108e-01 (9.7436e-01)
Epoch: [5][140/496]	L_Src_Sup 2.4759e-01 (2.2347e-01)	L_Trg_Inj 5.3246e-01 (3.2834e-01)	Loss Disc 6.9442e-01 (6.9211e-01)	Loss Pred 5.7558e-01 (5.6396e-01)	Loss TOTAL 1.0008e+00 (9.7578e-01)
Epoch: [5][150/496]	L_Src_Sup 1.4117e-01 (2.2517e-01)	L_Trg_Inj 3.9423e-01 (3.3043e-01)	Loss Disc 6.9217e-01 (6.9216e-01)	Loss Pred 5.6515e-01 (5.6319e-01)	Loss TOTAL 9.6478e-01 (9.7520e-01)
Epoch: [5][160/496]	L_Src_Sup 2.2870e-01 (2.2562e-01)	L_Trg_Inj 3.1201e-01 (3.3075e-01)	Loss Disc 6.9342e-01 (6.9221e-01)	Loss Pred 5.3462e-01 (5.6233e-01)	Loss TOTAL 9.3540e-01 (9.7397e-01)
Epoch: [5][170/496]	L_Src_Sup 2.4000e-01 (2.2577e-01)	L_Trg_Inj 2.1355e-01 (3.3115e-01)	Loss Disc 6.9150e-01 (6.9224e-01)	Loss Pred 5.5967e-01 (5.6225e-01)	Loss TOTAL 9.7723e-01 (9.7366e-01)
Epoch: [5][180/496]	L_Src_Sup 2.6235e-01 (2.2597e-01)	L_Trg_Inj 3.2761e-01 (3.3242e-01)	Loss Disc 6.9302e-01 (6.9223e-01)	Loss Pred 5.6475e-01 (5.6283e-01)	Loss TOTAL 9.7026e-01 (9.7392e-01)
Epoch: [5][190/496]	L_Src_Sup 3.2990e-01 (2.2814e-01)	L_Trg_Inj 3.9522e-01 (3.3608e-01)	Loss Disc 6.9200e-01 (6.9223e-01)	Loss Pred 5.7532e-01 (5.6313e-01)	Loss TOTAL 9.9384e-01 (9.7450e-01)
Epoch: [5][200/496]	L_Src_Sup 2.3758e-01 (2.2754e-01)	L_Trg_Inj 3.2779e-01 (3.3480e-01)	Loss Disc 6.9361e-01 (6.9220e-01)	Loss Pred 5.5955e-01 (5.6333e-01)	Loss TOTAL 9.6289e-01 (9.7423e-01)
Epoch: [5][210/496]	L_Src_Sup 1.5476e-01 (2.2737e-01)	L_Trg_Inj 3.0229e-01 (3.3513e-01)	Loss Disc 6.9496e-01 (6.9217e-01)	Loss Pred 5.3926e-01 (5.6397e-01)	Loss TOTAL 9.3245e-01 (9.7457e-01)
Epoch: [5][220/496]	L_Src_Sup 1.9193e-01 (2.2665e-01)	L_Trg_Inj 4.7809e-01 (3.3380e-01)	Loss Disc 6.9650e-01 (6.9213e-01)	Loss Pred 5.9087e-01 (5.6406e-01)	Loss TOTAL 1.0061e+00 (9.7429e-01)
Epoch: [5][230/496]	L_Src_Sup 1.9387e-01 (2.2517e-01)	L_Trg_Inj 3.1964e-01 (3.3114e-01)	Loss Disc 6.9132e-01 (6.9216e-01)	Loss Pred 5.9603e-01 (5.6408e-01)	Loss TOTAL 9.9304e-01 (9.7375e-01)
Epoch: [5][240/496]	L_Src_Sup 1.1543e-01 (2.2418e-01)	L_Trg_Inj 3.5879e-01 (3.2814e-01)	Loss Disc 6.9670e-01 (6.9219e-01)	Loss Pred 5.3860e-01 (5.6360e-01)	Loss TOTAL 9.3437e-01 (9.7287e-01)
Epoch: [5][250/496]	L_Src_Sup 1.7823e-01 (2.2362e-01)	L_Trg_Inj 1.6392e-01 (3.2683e-01)	Loss Disc 6.9073e-01 (6.9224e-01)	Loss Pred 5.5430e-01 (5.6287e-01)	Loss TOTAL 9.4820e-01 (9.7193e-01)
Epoch: [5][260/496]	L_Src_Sup 1.8579e-01 (2.2195e-01)	L_Trg_Inj 2.5554e-01 (3.2678e-01)	Loss Disc 6.9182e-01 (6.9225e-01)	Loss Pred 5.7573e-01 (5.6322e-01)	Loss TOTAL 9.6577e-01 (9.7182e-01)
Epoch: [5][270/496]	L_Src_Sup 2.2458e-01 (2.2129e-01)	L_Trg_Inj 2.8356e-01 (3.2554e-01)	Loss Disc 6.9077e-01 (6.9227e-01)	Loss Pred 5.7038e-01 (5.6262e-01)	Loss TOTAL 9.6658e-01 (9.7088e-01)
Epoch: [5][280/496]	L_Src_Sup 2.2876e-01 (2.2076e-01)	L_Trg_Inj 2.4923e-01 (3.2549e-01)	Loss Disc 6.9243e-01 (6.9227e-01)	Loss Pred 5.3256e-01 (5.6253e-01)	Loss TOTAL 9.2657e-01 (9.7047e-01)
Epoch: [5][290/496]	L_Src_Sup 1.3024e-01 (2.2050e-01)	L_Trg_Inj 1.9835e-01 (3.2342e-01)	Loss Disc 6.8857e-01 (6.9224e-01)	Loss Pred 5.8818e-01 (5.6262e-01)	Loss TOTAL 9.6532e-01 (9.7038e-01)
Epoch: [5][300/496]	L_Src_Sup 2.6237e-01 (2.2001e-01)	L_Trg_Inj 4.0978e-01 (3.2290e-01)	Loss Disc 6.9477e-01 (6.9223e-01)	Loss Pred 5.7652e-01 (5.6282e-01)	Loss TOTAL 9.9112e-01 (9.7030e-01)
Epoch: [5][310/496]	L_Src_Sup 2.0651e-01 (2.1833e-01)	L_Trg_Inj 1.8643e-01 (3.2088e-01)	Loss Disc 6.8710e-01 (6.9217e-01)	Loss Pred 5.7587e-01 (5.6318e-01)	Loss TOTAL 9.7879e-01 (9.7024e-01)
Epoch: [5][320/496]	L_Src_Sup 8.1964e-02 (2.1847e-01)	L_Trg_Inj 4.3251e-01 (3.2220e-01)	Loss Disc 6.9396e-01 (6.9219e-01)	Loss Pred 5.7009e-01 (5.6351e-01)	Loss TOTAL 9.6852e-01 (9.7067e-01)
Epoch: [5][330/496]	L_Src_Sup 4.1665e-01 (2.1917e-01)	L_Trg_Inj 5.9671e-01 (3.2396e-01)	Loss Disc 6.9853e-01 (6.9217e-01)	Loss Pred 5.5949e-01 (5.6392e-01)	Loss TOTAL 1.0101e+00 (9.7125e-01)
Epoch: [5][340/496]	L_Src_Sup 1.3043e-01 (2.1837e-01)	L_Trg_Inj 3.2651e-01 (3.2704e-01)	Loss Disc 6.8985e-01 (6.9219e-01)	Loss Pred 6.0075e-01 (5.6422e-01)	Loss TOTAL 9.9137e-01 (9.7158e-01)
Epoch: [5][350/496]	L_Src_Sup 2.1369e-01 (2.1788e-01)	L_Trg_Inj 3.4231e-01 (3.2814e-01)	Loss Disc 6.9286e-01 (6.9221e-01)	Loss Pred 5.4421e-01 (5.6410e-01)	Loss TOTAL 9.4623e-01 (9.7135e-01)
Epoch: [5][360/496]	L_Src_Sup 2.0170e-01 (2.1743e-01)	L_Trg_Inj 2.5828e-01 (3.2734e-01)	Loss Disc 6.9017e-01 (6.9222e-01)	Loss Pred 5.8146e-01 (5.6400e-01)	Loss TOTAL 9.7255e-01 (9.7114e-01)
Epoch: [5][370/496]	L_Src_Sup 1.9333e-01 (2.1804e-01)	L_Trg_Inj 3.8973e-01 (3.3178e-01)	Loss Disc 6.9129e-01 (6.9222e-01)	Loss Pred 5.7039e-01 (5.6432e-01)	Loss TOTAL 9.7434e-01 (9.7192e-01)
Epoch: [5][380/496]	L_Src_Sup 2.7099e-01 (2.1740e-01)	L_Trg_Inj 2.3372e-01 (3.3257e-01)	Loss Disc 6.8900e-01 (6.9220e-01)	Loss Pred 5.8047e-01 (5.6445e-01)	Loss TOTAL 1.0127e+00 (9.7198e-01)
Epoch: [5][390/496]	L_Src_Sup 1.6980e-01 (2.1753e-01)	L_Trg_Inj 2.6595e-01 (3.3314e-01)	Loss Disc 6.9386e-01 (6.9222e-01)	Loss Pred 5.3032e-01 (5.6448e-01)	Loss TOTAL 9.2083e-01 (9.7192e-01)
Epoch: [5][400/496]	L_Src_Sup 2.2826e-01 (2.1698e-01)	L_Trg_Inj 2.9600e-01 (3.3313e-01)	Loss Disc 6.9036e-01 (6.9224e-01)	Loss Pred 5.8025e-01 (5.6432e-01)	Loss TOTAL 9.7785e-01 (9.7166e-01)
Epoch: [5][410/496]	L_Src_Sup 3.0660e-01 (2.1721e-01)	L_Trg_Inj 3.2211e-01 (3.3377e-01)	Loss Disc 6.9334e-01 (6.9224e-01)	Loss Pred 5.3921e-01 (5.6448e-01)	Loss TOTAL 9.4875e-01 (9.7187e-01)
Epoch: [5][420/496]	L_Src_Sup 2.4710e-01 (2.1683e-01)	L_Trg_Inj 3.1074e-01 (3.3488e-01)	Loss Disc 6.9339e-01 (6.9227e-01)	Loss Pred 5.3364e-01 (5.6416e-01)	Loss TOTAL 9.3612e-01 (9.7157e-01)
Epoch: [5][430/496]	L_Src_Sup 2.1599e-01 (2.1623e-01)	L_Trg_Inj 3.4149e-01 (3.3483e-01)	Loss Disc 6.9329e-01 (6.9229e-01)	Loss Pred 5.4914e-01 (5.6396e-01)	Loss TOTAL 9.5153e-01 (9.7117e-01)
Epoch: [5][440/496]	L_Src_Sup 1.7112e-01 (2.1523e-01)	L_Trg_Inj 2.2035e-01 (3.3413e-01)	Loss Disc 6.9049e-01 (6.9229e-01)	Loss Pred 5.7061e-01 (5.6396e-01)	Loss TOTAL 9.5500e-01 (9.7087e-01)
Epoch: [5][450/496]	L_Src_Sup 2.4947e-01 (2.1559e-01)	L_Trg_Inj 2.4403e-01 (3.3374e-01)	Loss Disc 6.9125e-01 (6.9230e-01)	Loss Pred 5.7673e-01 (5.6412e-01)	Loss TOTAL 9.7714e-01 (9.7095e-01)
Epoch: [5][460/496]	L_Src_Sup 2.0680e-01 (2.1638e-01)	L_Trg_Inj 3.2843e-01 (3.3360e-01)	Loss Disc 6.9434e-01 (6.9232e-01)	Loss Pred 5.2572e-01 (5.6406e-01)	Loss TOTAL 9.2641e-01 (9.7088e-01)
Epoch: [5][470/496]	L_Src_Sup 1.4182e-01 (2.1624e-01)	L_Trg_Inj 3.3073e-01 (3.3355e-01)	Loss Disc 6.9272e-01 (6.9233e-01)	Loss Pred 5.6670e-01 (5.6390e-01)	Loss TOTAL 9.6031e-01 (9.7071e-01)
Epoch: [5][480/496]	L_Src_Sup 2.3190e-01 (2.1608e-01)	L_Trg_Inj 4.1625e-01 (3.3372e-01)	Loss Disc 6.9191e-01 (6.9234e-01)	Loss Pred 5.9151e-01 (5.6367e-01)	Loss TOTAL 1.0023e+00 (9.7042e-01)
Epoch: [5][490/496]	L_Src_Sup 2.1261e-01 (2.1592e-01)	L_Trg_Inj 2.8086e-01 (3.3423e-01)	Loss Disc 6.9228e-01 (6.9235e-01)	Loss Pred 5.4399e-01 (5.6349e-01)	Loss TOTAL 9.3948e-01 (9.7016e-01)
Epoch: [5][496/496]	L_Src_Sup 2.5756e-01 (2.1555e-01)	L_Trg_Inj 4.5874e-01 (3.3446e-01)	Loss Disc 6.9537e-01 (6.9235e-01)	Loss Pred 5.5476e-01 (5.6352e-01)	Loss TOTAL 9.7408e-01 (9.7011e-01)
Epoch 5 complete. Saving model state...
Epoch: [6][ 10/496]	L_Src_Sup 2.1485e-01 (2.5134e-01)	L_Trg_Inj 2.8007e-01 (2.6363e-01)	Loss Disc 6.9024e-01 (6.9166e-01)	Loss Pred 5.7554e-01 (5.5513e-01)	Loss TOTAL 9.7015e-01 (9.8810e-01)
Epoch: [6][ 20/496]	L_Src_Sup 1.8368e-01 (2.4420e-01)	L_Trg_Inj 4.2162e-01 (2.9141e-01)	Loss Disc 6.9325e-01 (6.9174e-01)	Loss Pred 5.7036e-01 (5.6173e-01)	Loss TOTAL 9.7752e-01 (9.8703e-01)
Epoch: [6][ 30/496]	L_Src_Sup 1.5842e-01 (2.3347e-01)	L_Trg_Inj 2.4989e-01 (3.0574e-01)	Loss Disc 6.9025e-01 (6.9179e-01)	Loss Pred 5.5432e-01 (5.6323e-01)	Loss TOTAL 9.4028e-01 (9.8131e-01)
Epoch: [6][ 40/496]	L_Src_Sup 1.8751e-01 (2.2366e-01)	L_Trg_Inj 2.3720e-01 (3.0567e-01)	Loss Disc 6.8899e-01 (6.9191e-01)	Loss Pred 5.8060e-01 (5.6337e-01)	Loss TOTAL 9.6756e-01 (9.7595e-01)
Epoch: [6][ 50/496]	L_Src_Sup 2.5264e-01 (2.2115e-01)	L_Trg_Inj 2.1275e-01 (2.9804e-01)	Loss Disc 6.9011e-01 (6.9198e-01)	Loss Pred 5.8605e-01 (5.6231e-01)	Loss TOTAL 1.0175e+00 (9.7198e-01)
Epoch: [6][ 60/496]	L_Src_Sup 1.9783e-01 (2.1570e-01)	L_Trg_Inj 2.4205e-01 (2.9382e-01)	Loss Disc 6.8663e-01 (6.9183e-01)	Loss Pred 6.0732e-01 (5.6303e-01)	Loss TOTAL 9.9462e-01 (9.6969e-01)
Epoch: [6][ 70/496]	L_Src_Sup 2.2685e-01 (2.1422e-01)	L_Trg_Inj 3.1174e-01 (2.9272e-01)	Loss Disc 6.9245e-01 (6.9198e-01)	Loss Pred 5.7545e-01 (5.6300e-01)	Loss TOTAL 9.7553e-01 (9.6908e-01)
Epoch: [6][ 80/496]	L_Src_Sup 1.6165e-01 (2.1342e-01)	L_Trg_Inj 2.5128e-01 (2.9422e-01)	Loss Disc 6.9195e-01 (6.9207e-01)	Loss Pred 5.6477e-01 (5.6290e-01)	Loss TOTAL 9.5204e-01 (9.6912e-01)
Epoch: [6][ 90/496]	L_Src_Sup 1.1651e-01 (2.0989e-01)	L_Trg_Inj 3.9013e-01 (2.9796e-01)	Loss Disc 6.9288e-01 (6.9200e-01)	Loss Pred 5.4391e-01 (5.6389e-01)	Loss TOTAL 9.4101e-01 (9.6980e-01)
Epoch: [6][100/496]	L_Src_Sup 1.5122e-01 (2.0624e-01)	L_Trg_Inj 3.1655e-01 (3.0094e-01)	Loss Disc 6.9451e-01 (6.9200e-01)	Loss Pred 5.2291e-01 (5.6372e-01)	Loss TOTAL 9.1694e-01 (9.6866e-01)
Epoch: [6][110/496]	L_Src_Sup 1.6000e-01 (2.0834e-01)	L_Trg_Inj 2.6397e-01 (2.9998e-01)	Loss Disc 6.9296e-01 (6.9206e-01)	Loss Pred 5.5968e-01 (5.6308e-01)	Loss TOTAL 9.4855e-01 (9.6820e-01)
Epoch: [6][120/496]	L_Src_Sup 2.2876e-01 (2.0694e-01)	L_Trg_Inj 2.6368e-01 (3.0102e-01)	Loss Disc 6.9391e-01 (6.9209e-01)	Loss Pred 5.3334e-01 (5.6404e-01)	Loss TOTAL 9.2954e-01 (9.6998e-01)
Epoch: [6][130/496]	L_Src_Sup 9.3453e-02 (2.0492e-01)	L_Trg_Inj 4.4346e-01 (3.0028e-01)	Loss Disc 6.9775e-01 (6.9214e-01)	Loss Pred 5.2306e-01 (5.6395e-01)	Loss TOTAL 9.2563e-01 (9.6930e-01)
Epoch: [6][140/496]	L_Src_Sup 2.6168e-01 (2.0737e-01)	L_Trg_Inj 2.6509e-01 (3.0225e-01)	Loss Disc 6.9384e-01 (6.9218e-01)	Loss Pred 5.2311e-01 (5.6405e-01)	Loss TOTAL 9.2271e-01 (9.7040e-01)
Epoch: [6][150/496]	L_Src_Sup 2.1042e-01 (2.0669e-01)	L_Trg_Inj 3.2802e-01 (3.0122e-01)	Loss Disc 6.9250e-01 (6.9216e-01)	Loss Pred 5.8567e-01 (5.6467e-01)	Loss TOTAL 9.8577e-01 (9.7025e-01)
Epoch: [6][160/496]	L_Src_Sup 2.6684e-01 (2.0653e-01)	L_Trg_Inj 2.7901e-01 (3.0078e-01)	Loss Disc 6.8939e-01 (6.9217e-01)	Loss Pred 6.1160e-01 (5.6522e-01)	Loss TOTAL 1.0109e+00 (9.7025e-01)
Epoch: [6][170/496]	L_Src_Sup 3.3837e-01 (2.0660e-01)	L_Trg_Inj 2.7101e-01 (2.9833e-01)	Loss Disc 6.8833e-01 (6.9214e-01)	Loss Pred 6.1673e-01 (5.6520e-01)	Loss TOTAL 1.0892e+00 (9.6990e-01)
Epoch: [6][180/496]	L_Src_Sup 1.7410e-01 (2.0648e-01)	L_Trg_Inj 3.3548e-01 (2.9987e-01)	Loss Disc 6.9128e-01 (6.9219e-01)	Loss Pred 6.0110e-01 (5.6529e-01)	Loss TOTAL 9.9770e-01 (9.6981e-01)
Epoch: [6][190/496]	L_Src_Sup 2.3941e-01 (2.0613e-01)	L_Trg_Inj 3.1169e-01 (3.0146e-01)	Loss Disc 6.9258e-01 (6.9223e-01)	Loss Pred 5.5440e-01 (5.6462e-01)	Loss TOTAL 9.5580e-01 (9.6887e-01)
Epoch: [6][200/496]	L_Src_Sup 2.6422e-01 (2.0653e-01)	L_Trg_Inj 2.8054e-01 (3.0293e-01)	Loss Disc 6.8972e-01 (6.9223e-01)	Loss Pred 6.0777e-01 (5.6477e-01)	Loss TOTAL 1.0071e+00 (9.6978e-01)
Epoch: [6][210/496]	L_Src_Sup 2.9051e-01 (2.0724e-01)	L_Trg_Inj 3.4482e-01 (3.0199e-01)	Loss Disc 6.9721e-01 (6.9225e-01)	Loss Pred 5.0426e-01 (5.6442e-01)	Loss TOTAL 9.1639e-01 (9.6921e-01)
Epoch: [6][220/496]	L_Src_Sup 1.6230e-01 (2.0689e-01)	L_Trg_Inj 3.3032e-01 (3.0243e-01)	Loss Disc 6.9230e-01 (6.9227e-01)	Loss Pred 5.8057e-01 (5.6426e-01)	Loss TOTAL 9.7599e-01 (9.6883e-01)
Epoch: [6][230/496]	L_Src_Sup 1.8194e-01 (2.0726e-01)	L_Trg_Inj 2.1145e-01 (3.0179e-01)	Loss Disc 6.9000e-01 (6.9223e-01)	Loss Pred 5.6479e-01 (5.6422e-01)	Loss TOTAL 9.4913e-01 (9.6926e-01)
Epoch: [6][240/496]	L_Src_Sup 2.0795e-01 (2.0618e-01)	L_Trg_Inj 3.0516e-01 (3.0157e-01)	Loss Disc 6.8853e-01 (6.9218e-01)	Loss Pred 5.8560e-01 (5.6473e-01)	Loss TOTAL 9.8118e-01 (9.6935e-01)
Epoch: [6][250/496]	L_Src_Sup 2.0718e-01 (2.0679e-01)	L_Trg_Inj 4.2007e-01 (3.0226e-01)	Loss Disc 6.9576e-01 (6.9221e-01)	Loss Pred 5.4485e-01 (5.6451e-01)	Loss TOTAL 9.5545e-01 (9.6923e-01)
Epoch: [6][260/496]	L_Src_Sup 2.3995e-01 (2.0611e-01)	L_Trg_Inj 3.5156e-01 (3.0393e-01)	Loss Disc 6.9188e-01 (6.9222e-01)	Loss Pred 5.5963e-01 (5.6448e-01)	Loss TOTAL 9.6473e-01 (9.6900e-01)
Epoch: [6][270/496]	L_Src_Sup 2.2336e-01 (2.0710e-01)	L_Trg_Inj 2.0049e-01 (3.0428e-01)	Loss Disc 6.9072e-01 (6.9226e-01)	Loss Pred 5.6475e-01 (5.6408e-01)	Loss TOTAL 9.7538e-01 (9.6868e-01)
Epoch: [6][280/496]	L_Src_Sup 1.8877e-01 (2.0794e-01)	L_Trg_Inj 3.9429e-01 (3.0496e-01)	Loss Disc 6.9481e-01 (6.9231e-01)	Loss Pred 5.2730e-01 (5.6340e-01)	Loss TOTAL 9.3301e-01 (9.6792e-01)
Epoch: [6][290/496]	L_Src_Sup 1.0224e-01 (2.0745e-01)	L_Trg_Inj 3.4018e-01 (3.0450e-01)	Loss Disc 6.9328e-01 (6.9232e-01)	Loss Pred 5.7016e-01 (5.6331e-01)	Loss TOTAL 9.6105e-01 (9.6782e-01)
Epoch: [6][300/496]	L_Src_Sup 2.5382e-01 (2.0723e-01)	L_Trg_Inj 2.8065e-01 (3.0464e-01)	Loss Disc 6.9457e-01 (6.9236e-01)	Loss Pred 5.0570e-01 (5.6295e-01)	Loss TOTAL 9.0643e-01 (9.6733e-01)
Epoch: [6][310/496]	L_Src_Sup 2.5304e-01 (2.0746e-01)	L_Trg_Inj 3.4974e-01 (3.0611e-01)	Loss Disc 6.9499e-01 (6.9237e-01)	Loss Pred 5.4424e-01 (5.6333e-01)	Loss TOTAL 9.5202e-01 (9.6795e-01)
Epoch: [6][320/496]	L_Src_Sup 2.2333e-01 (2.0799e-01)	L_Trg_Inj 2.6430e-01 (3.0588e-01)	Loss Disc 6.9233e-01 (6.9239e-01)	Loss Pred 5.6553e-01 (5.6296e-01)	Loss TOTAL 9.6046e-01 (9.6750e-01)
Epoch: [6][330/496]	L_Src_Sup 1.6718e-01 (2.0826e-01)	L_Trg_Inj 2.3410e-01 (3.0673e-01)	Loss Disc 6.9212e-01 (6.9242e-01)	Loss Pred 5.8422e-01 (5.6284e-01)	Loss TOTAL 9.7040e-01 (9.6760e-01)
Epoch: [6][340/496]	L_Src_Sup 2.0410e-01 (2.0835e-01)	L_Trg_Inj 1.5599e-01 (3.0761e-01)	Loss Disc 6.9151e-01 (6.9244e-01)	Loss Pred 5.7012e-01 (5.6298e-01)	Loss TOTAL 9.9999e-01 (9.6793e-01)
Epoch: [6][350/496]	L_Src_Sup 2.3764e-01 (2.0785e-01)	L_Trg_Inj 3.2484e-01 (3.0846e-01)	Loss Disc 6.9301e-01 (6.9246e-01)	Loss Pred 5.4877e-01 (5.6290e-01)	Loss TOTAL 9.5152e-01 (9.6769e-01)
Epoch: [6][360/496]	L_Src_Sup 2.7348e-01 (2.0821e-01)	L_Trg_Inj 2.7231e-01 (3.0807e-01)	Loss Disc 6.9315e-01 (6.9247e-01)	Loss Pred 5.4883e-01 (5.6293e-01)	Loss TOTAL 9.5115e-01 (9.6763e-01)
Epoch: [6][370/496]	L_Src_Sup 1.1757e-01 (2.0762e-01)	L_Trg_Inj 2.4904e-01 (3.0769e-01)	Loss Disc 6.9343e-01 (6.9249e-01)	Loss Pred 5.4891e-01 (5.6291e-01)	Loss TOTAL 9.3229e-01 (9.6743e-01)
Epoch: [6][380/496]	L_Src_Sup 1.3719e-01 (2.0768e-01)	L_Trg_Inj 2.4527e-01 (3.0757e-01)	Loss Disc 6.9270e-01 (6.9251e-01)	Loss Pred 5.5390e-01 (5.6268e-01)	Loss TOTAL 9.3850e-01 (9.6721e-01)
Epoch: [6][390/496]	L_Src_Sup 1.6369e-01 (2.0767e-01)	L_Trg_Inj 3.7383e-01 (3.0665e-01)	Loss Disc 6.9340e-01 (6.9253e-01)	Loss Pred 5.7054e-01 (5.6250e-01)	Loss TOTAL 9.7099e-01 (9.6687e-01)
Epoch: [6][400/496]	L_Src_Sup 3.0368e-01 (2.0850e-01)	L_Trg_Inj 5.1597e-01 (3.0738e-01)	Loss Disc 6.9271e-01 (6.9254e-01)	Loss Pred 6.0362e-01 (5.6287e-01)	Loss TOTAL 1.0319e+00 (9.6742e-01)
Epoch: [6][410/496]	L_Src_Sup 2.4490e-01 (2.0917e-01)	L_Trg_Inj 3.8939e-01 (3.0892e-01)	Loss Disc 6.9325e-01 (6.9256e-01)	Loss Pred 5.7022e-01 (5.6266e-01)	Loss TOTAL 9.8027e-01 (9.6733e-01)
Epoch: [6][420/496]	L_Src_Sup 1.6685e-01 (2.0901e-01)	L_Trg_Inj 3.4316e-01 (3.0874e-01)	Loss Disc 6.9345e-01 (6.9257e-01)	Loss Pred 5.8089e-01 (5.6281e-01)	Loss TOTAL 9.7862e-01 (9.6730e-01)
Epoch: [6][430/496]	L_Src_Sup 1.8937e-01 (2.0814e-01)	L_Trg_Inj 2.0252e-01 (3.0794e-01)	Loss Disc 6.9188e-01 (6.9258e-01)	Loss Pred 5.8165e-01 (5.6266e-01)	Loss TOTAL 9.6678e-01 (9.6685e-01)
Epoch: [6][440/496]	L_Src_Sup 1.3598e-01 (2.0787e-01)	L_Trg_Inj 2.4760e-01 (3.0606e-01)	Loss Disc 6.9270e-01 (6.9259e-01)	Loss Pred 5.4484e-01 (5.6245e-01)	Loss TOTAL 9.2955e-01 (9.6645e-01)
Epoch: [6][450/496]	L_Src_Sup 2.4490e-01 (2.0830e-01)	L_Trg_Inj 3.6482e-01 (3.0467e-01)	Loss Disc 6.9351e-01 (6.9259e-01)	Loss Pred 5.7069e-01 (5.6257e-01)	Loss TOTAL 9.7841e-01 (9.6705e-01)
Epoch: [6][460/496]	L_Src_Sup 1.2906e-01 (2.0771e-01)	L_Trg_Inj 2.3006e-01 (3.0325e-01)	Loss Disc 6.9242e-01 (6.9259e-01)	Loss Pred 5.9732e-01 (5.6258e-01)	Loss TOTAL 9.7944e-01 (9.6670e-01)
Epoch: [6][470/496]	L_Src_Sup 2.5849e-01 (2.0766e-01)	L_Trg_Inj 1.8842e-01 (3.0022e-01)	Loss Disc 6.9373e-01 (6.9260e-01)	Loss Pred 5.3822e-01 (5.6243e-01)	Loss TOTAL 9.9985e-01 (9.6726e-01)
Epoch: [6][480/496]	L_Src_Sup 2.1797e-01 (2.0731e-01)	L_Trg_Inj 2.3550e-01 (3.0026e-01)	Loss Disc 6.9194e-01 (6.9261e-01)	Loss Pred 5.4899e-01 (5.6221e-01)	Loss TOTAL 9.4031e-01 (9.6686e-01)
Epoch: [6][490/496]	L_Src_Sup 1.6388e-01 (2.0667e-01)	L_Trg_Inj 2.9364e-01 (3.0051e-01)	Loss Disc 6.9465e-01 (6.9261e-01)	Loss Pred 5.1091e-01 (5.6228e-01)	Loss TOTAL 9.0399e-01 (9.6674e-01)
Epoch: [6][496/496]	L_Src_Sup 1.6980e-01 (2.0657e-01)	L_Trg_Inj 2.9617e-01 (3.0021e-01)	Loss Disc 6.9432e-01 (6.9261e-01)	Loss Pred 5.2724e-01 (5.6252e-01)	Loss TOTAL 9.2099e-01 (9.6684e-01)
Epoch 6 complete. Saving model state...
Epoch: [7][ 10/496]	L_Src_Sup 3.1471e-01 (2.0472e-01)	L_Trg_Inj 2.4658e-01 (2.7326e-01)	Loss Disc 6.9120e-01 (6.9157e-01)	Loss Pred 5.4891e-01 (5.7559e-01)	Loss TOTAL 1.0188e+00 (9.8577e-01)
Epoch: [7][ 20/496]	L_Src_Sup 1.6348e-01 (1.9554e-01)	L_Trg_Inj 3.0911e-01 (2.6589e-01)	Loss Disc 6.9357e-01 (6.9175e-01)	Loss Pred 5.6997e-01 (5.7216e-01)	Loss TOTAL 9.6402e-01 (9.7417e-01)
Epoch: [7][ 30/496]	L_Src_Sup 2.7322e-01 (1.9631e-01)	L_Trg_Inj 3.9219e-01 (2.7111e-01)	Loss Disc 6.9582e-01 (6.9215e-01)	Loss Pred 5.4364e-01 (5.6727e-01)	Loss TOTAL 9.5809e-01 (9.6844e-01)
Epoch: [7][ 40/496]	L_Src_Sup 1.4392e-01 (1.9534e-01)	L_Trg_Inj 3.8265e-01 (2.8503e-01)	Loss Disc 6.9571e-01 (6.9231e-01)	Loss Pred 5.3332e-01 (5.6955e-01)	Loss TOTAL 9.3384e-01 (9.7021e-01)
Epoch: [7][ 50/496]	L_Src_Sup 1.5704e-01 (1.9692e-01)	L_Trg_Inj 4.0351e-01 (2.9656e-01)	Loss Disc 6.9390e-01 (6.9242e-01)	Loss Pred 5.5942e-01 (5.6902e-01)	Loss TOTAL 9.6242e-01 (9.6975e-01)
Epoch: [7][ 60/496]	L_Src_Sup 2.9299e-01 (2.0779e-01)	L_Trg_Inj 3.9365e-01 (3.0787e-01)	Loss Disc 6.9029e-01 (6.9246e-01)	Loss Pred 6.4556e-01 (5.7108e-01)	Loss TOTAL 1.0594e+00 (9.7763e-01)
Epoch: [7][ 70/496]	L_Src_Sup 2.6411e-01 (2.1038e-01)	L_Trg_Inj 2.6447e-01 (3.0590e-01)	Loss Disc 6.9421e-01 (6.9245e-01)	Loss Pred 5.5109e-01 (5.7301e-01)	Loss TOTAL 9.5105e-01 (9.7927e-01)
Epoch: [7][ 80/496]	L_Src_Sup 1.9682e-01 (2.0888e-01)	L_Trg_Inj 2.7386e-01 (3.0012e-01)	Loss Disc 6.9364e-01 (6.9256e-01)	Loss Pred 5.4998e-01 (5.7110e-01)	Loss TOTAL 9.4387e-01 (9.7760e-01)
Epoch: [7][ 90/496]	L_Src_Sup 1.7831e-01 (2.0994e-01)	L_Trg_Inj 2.5381e-01 (2.9192e-01)	Loss Disc 6.9338e-01 (6.9257e-01)	Loss Pred 5.5500e-01 (5.7039e-01)	Loss TOTAL 9.4490e-01 (9.7788e-01)
Epoch: [7][100/496]	L_Src_Sup 1.8741e-01 (2.1074e-01)	L_Trg_Inj 2.8090e-01 (2.8917e-01)	Loss Disc 6.9273e-01 (6.9259e-01)	Loss Pred 5.8026e-01 (5.7033e-01)	Loss TOTAL 9.7345e-01 (9.7730e-01)
Epoch: [7][110/496]	L_Src_Sup 1.9801e-01 (2.1091e-01)	L_Trg_Inj 3.3070e-01 (2.8395e-01)	Loss Disc 6.9456e-01 (6.9256e-01)	Loss Pred 5.5488e-01 (5.6994e-01)	Loss TOTAL 9.5503e-01 (9.7788e-01)
Epoch: [7][120/496]	L_Src_Sup 1.7988e-01 (2.0970e-01)	L_Trg_Inj 2.1853e-01 (2.8087e-01)	Loss Disc 6.9279e-01 (6.9263e-01)	Loss Pred 5.6538e-01 (5.6939e-01)	Loss TOTAL 9.5161e-01 (9.7690e-01)
Epoch: [7][130/496]	L_Src_Sup 2.2001e-01 (2.0912e-01)	L_Trg_Inj 2.9985e-01 (2.8603e-01)	Loss Disc 6.9246e-01 (6.9268e-01)	Loss Pred 5.5981e-01 (5.6884e-01)	Loss TOTAL 9.5802e-01 (9.7590e-01)
Epoch: [7][140/496]	L_Src_Sup 2.4242e-01 (2.0778e-01)	L_Trg_Inj 3.1297e-01 (2.8730e-01)	Loss Disc 6.9290e-01 (6.9273e-01)	Loss Pred 5.6492e-01 (5.6789e-01)	Loss TOTAL 9.6691e-01 (9.7418e-01)
Epoch: [7][150/496]	L_Src_Sup 2.0836e-01 (2.0718e-01)	L_Trg_Inj 3.7257e-01 (2.8723e-01)	Loss Disc 6.9322e-01 (6.9273e-01)	Loss Pred 5.8136e-01 (5.6749e-01)	Loss TOTAL 9.8606e-01 (9.7435e-01)
Epoch: [7][160/496]	L_Src_Sup 3.6991e-01 (2.0795e-01)	L_Trg_Inj 3.7113e-01 (2.8950e-01)	Loss Disc 6.9360e-01 (6.9275e-01)	Loss Pred 5.7619e-01 (5.6753e-01)	Loss TOTAL 9.9709e-01 (9.7461e-01)
Epoch: [7][170/496]	L_Src_Sup 1.9043e-01 (2.0936e-01)	L_Trg_Inj 2.8082e-01 (2.8905e-01)	Loss Disc 6.9303e-01 (6.9274e-01)	Loss Pred 5.3422e-01 (5.6744e-01)	Loss TOTAL 9.2786e-01 (9.7487e-01)
Epoch: [7][180/496]	L_Src_Sup 9.9006e-02 (2.0623e-01)	L_Trg_Inj 2.5828e-01 (2.8819e-01)	Loss Disc 6.9302e-01 (6.9277e-01)	Loss Pred 5.5452e-01 (5.6672e-01)	Loss TOTAL 9.3676e-01 (9.7314e-01)
Epoch: [7][190/496]	L_Src_Sup 2.9904e-01 (2.0675e-01)	L_Trg_Inj 3.7532e-01 (2.9275e-01)	Loss Disc 6.9358e-01 (6.9282e-01)	Loss Pred 5.2304e-01 (5.6616e-01)	Loss TOTAL 9.3727e-01 (9.7286e-01)
Epoch: [7][200/496]	L_Src_Sup 2.3473e-01 (2.0792e-01)	L_Trg_Inj 3.4145e-01 (2.9647e-01)	Loss Disc 6.9219e-01 (6.9283e-01)	Loss Pred 6.1216e-01 (5.6640e-01)	Loss TOTAL 1.0159e+00 (9.7330e-01)
Epoch: [7][210/496]	L_Src_Sup 2.6264e-01 (2.0831e-01)	L_Trg_Inj 2.1246e-01 (2.9685e-01)	Loss Disc 6.9215e-01 (6.9282e-01)	Loss Pred 5.6479e-01 (5.6654e-01)	Loss TOTAL 1.0086e+00 (9.7329e-01)
Epoch: [7][220/496]	L_Src_Sup 2.3570e-01 (2.0961e-01)	L_Trg_Inj 3.7492e-01 (3.0045e-01)	Loss Disc 6.9317e-01 (6.9285e-01)	Loss Pred 5.5956e-01 (5.6622e-01)	Loss TOTAL 9.6720e-01 (9.7317e-01)
Epoch: [7][230/496]	L_Src_Sup 2.9395e-01 (2.0881e-01)	L_Trg_Inj 2.1836e-01 (3.0274e-01)	Loss Disc 6.9236e-01 (6.9286e-01)	Loss Pred 5.5428e-01 (5.6567e-01)	Loss TOTAL 1.0273e+00 (9.7269e-01)
Epoch: [7][240/496]	L_Src_Sup 1.2380e-01 (2.0971e-01)	L_Trg_Inj 3.2756e-01 (3.0319e-01)	Loss Disc 6.9233e-01 (6.9285e-01)	Loss Pred 5.7536e-01 (5.6564e-01)	Loss TOTAL 9.6666e-01 (9.7309e-01)
Epoch: [7][250/496]	L_Src_Sup 1.9477e-01 (2.0960e-01)	L_Trg_Inj 2.4449e-01 (3.0304e-01)	Loss Disc 6.9117e-01 (6.9286e-01)	Loss Pred 5.9679e-01 (5.6521e-01)	Loss TOTAL 9.8630e-01 (9.7228e-01)
Epoch: [7][260/496]	L_Src_Sup 2.4715e-01 (2.0853e-01)	L_Trg_Inj 4.0753e-01 (3.0459e-01)	Loss Disc 6.9424e-01 (6.9288e-01)	Loss Pred 5.3823e-01 (5.6479e-01)	Loss TOTAL 9.5081e-01 (9.7164e-01)
Epoch: [7][270/496]	L_Src_Sup 2.0002e-01 (2.0796e-01)	L_Trg_Inj 3.9775e-01 (3.0509e-01)	Loss Disc 6.9236e-01 (6.9288e-01)	Loss Pred 6.1308e-01 (5.6472e-01)	Loss TOTAL 1.0190e+00 (9.7134e-01)
Epoch: [7][280/496]	L_Src_Sup 1.3048e-01 (2.0738e-01)	L_Trg_Inj 1.9992e-01 (3.0589e-01)	Loss Disc 6.9135e-01 (6.9289e-01)	Loss Pred 6.0273e-01 (5.6438e-01)	Loss TOTAL 9.8145e-01 (9.7071e-01)
Epoch: [7][290/496]	L_Src_Sup 3.0109e-01 (2.0726e-01)	L_Trg_Inj 1.6406e-01 (3.0404e-01)	Loss Disc 6.9073e-01 (6.9288e-01)	Loss Pred 5.9703e-01 (5.6452e-01)	Loss TOTAL 1.1259e+00 (9.7086e-01)
Epoch: [7][300/496]	L_Src_Sup 2.6683e-01 (2.0776e-01)	L_Trg_Inj 2.1791e-01 (3.0234e-01)	Loss Disc 6.9308e-01 (6.9288e-01)	Loss Pred 5.3335e-01 (5.6391e-01)	Loss TOTAL 9.7729e-01 (9.7068e-01)
Epoch: [7][310/496]	L_Src_Sup 2.0204e-01 (2.0809e-01)	L_Trg_Inj 2.2924e-01 (3.0011e-01)	Loss Disc 6.9147e-01 (6.9286e-01)	Loss Pred 5.6482e-01 (5.6397e-01)	Loss TOTAL 9.5369e-01 (9.7127e-01)
Epoch: [7][320/496]	L_Src_Sup 2.7081e-01 (2.0771e-01)	L_Trg_Inj 3.7148e-01 (2.9870e-01)	Loss Disc 6.9308e-01 (6.9284e-01)	Loss Pred 5.7036e-01 (5.6391e-01)	Loss TOTAL 9.8113e-01 (9.7095e-01)
Epoch: [7][330/496]	L_Src_Sup 2.5665e-01 (2.0848e-01)	L_Trg_Inj 2.4453e-01 (3.0057e-01)	Loss Disc 6.9165e-01 (6.9283e-01)	Loss Pred 5.6501e-01 (5.6430e-01)	Loss TOTAL 9.7307e-01 (9.7142e-01)
Epoch: [7][340/496]	L_Src_Sup 1.8862e-01 (2.0814e-01)	L_Trg_Inj 4.1612e-01 (3.0123e-01)	Loss Disc 6.9670e-01 (6.9282e-01)	Loss Pred 5.1253e-01 (5.6391e-01)	Loss TOTAL 9.2135e-01 (9.7103e-01)
Epoch: [7][350/496]	L_Src_Sup 1.4900e-01 (2.0826e-01)	L_Trg_Inj 3.2146e-01 (3.0251e-01)	Loss Disc 6.9005e-01 (6.9282e-01)	Loss Pred 5.9174e-01 (5.6378e-01)	Loss TOTAL 9.8381e-01 (9.7079e-01)
Epoch: [7][360/496]	L_Src_Sup 2.6465e-01 (2.0881e-01)	L_Trg_Inj 3.2755e-01 (3.0293e-01)	Loss Disc 6.8984e-01 (6.9280e-01)	Loss Pred 6.1341e-01 (5.6377e-01)	Loss TOTAL 1.0175e+00 (9.7096e-01)
Epoch: [7][370/496]	L_Src_Sup 9.0008e-02 (2.0813e-01)	L_Trg_Inj 2.7786e-01 (3.0211e-01)	Loss Disc 6.8804e-01 (6.9277e-01)	Loss Pred 6.1822e-01 (5.6408e-01)	Loss TOTAL 9.9903e-01 (9.7108e-01)
Epoch: [7][380/496]	L_Src_Sup 2.5005e-01 (2.0966e-01)	L_Trg_Inj 3.6674e-01 (3.0283e-01)	Loss Disc 6.8827e-01 (6.9276e-01)	Loss Pred 6.2522e-01 (5.6414e-01)	Loss TOTAL 1.0310e+00 (9.7140e-01)
Epoch: [7][390/496]	L_Src_Sup 3.8062e-01 (2.1247e-01)	L_Trg_Inj 4.6253e-01 (3.1185e-01)	Loss Disc 6.9198e-01 (6.9280e-01)	Loss Pred 5.7647e-01 (5.6430e-01)	Loss TOTAL 1.0068e+00 (9.7257e-01)
Epoch: [7][400/496]	L_Src_Sup 2.6007e-01 (2.1260e-01)	L_Trg_Inj 3.7927e-01 (3.1369e-01)	Loss Disc 6.9362e-01 (6.9281e-01)	Loss Pred 5.5971e-01 (5.6416e-01)	Loss TOTAL 9.7045e-01 (9.7254e-01)
Epoch: [7][410/496]	L_Src_Sup 2.2219e-01 (2.1283e-01)	L_Trg_Inj 3.7476e-01 (3.1428e-01)	Loss Disc 6.9289e-01 (6.9281e-01)	Loss Pred 5.6491e-01 (5.6403e-01)	Loss TOTAL 9.7105e-01 (9.7226e-01)
Epoch: [7][420/496]	L_Src_Sup 1.9567e-01 (2.1255e-01)	L_Trg_Inj 2.0371e-01 (3.1444e-01)	Loss Disc 6.9012e-01 (6.9281e-01)	Loss Pred 6.0227e-01 (5.6400e-01)	Loss TOTAL 9.8727e-01 (9.7200e-01)
Epoch: [7][430/496]	L_Src_Sup 1.7473e-01 (2.1185e-01)	L_Trg_Inj 2.4802e-01 (3.1365e-01)	Loss Disc 6.9065e-01 (6.9281e-01)	Loss Pred 5.9731e-01 (5.6401e-01)	Loss TOTAL 9.8490e-01 (9.7166e-01)
Epoch: [7][440/496]	L_Src_Sup 1.6987e-01 (2.1118e-01)	L_Trg_Inj 2.4992e-01 (3.1179e-01)	Loss Disc 6.9363e-01 (6.9280e-01)	Loss Pred 5.2746e-01 (5.6367e-01)	Loss TOTAL 9.1625e-01 (9.7134e-01)
Epoch: [7][450/496]	L_Src_Sup 1.2041e-01 (2.1049e-01)	L_Trg_Inj 3.4335e-01 (3.1265e-01)	Loss Disc 6.9230e-01 (6.9280e-01)	Loss Pred 5.8648e-01 (5.6374e-01)	Loss TOTAL 9.7901e-01 (9.7128e-01)
Epoch: [7][460/496]	L_Src_Sup 1.7190e-01 (2.1027e-01)	L_Trg_Inj 3.0813e-01 (3.1330e-01)	Loss Disc 6.9386e-01 (6.9281e-01)	Loss Pred 5.3235e-01 (5.6339e-01)	Loss TOTAL 9.2728e-01 (9.7078e-01)
Epoch: [7][470/496]	L_Src_Sup 2.0912e-01 (2.1042e-01)	L_Trg_Inj 4.3469e-01 (3.1314e-01)	Loss Disc 6.9582e-01 (6.9281e-01)	Loss Pred 5.3247e-01 (5.6332e-01)	Loss TOTAL 9.4476e-01 (9.7072e-01)
Epoch: [7][480/496]	L_Src_Sup 3.9607e-01 (2.1054e-01)	L_Trg_Inj 2.6544e-01 (3.1336e-01)	Loss Disc 6.9151e-01 (6.9281e-01)	Loss Pred 5.8139e-01 (5.6291e-01)	Loss TOTAL 1.1239e+00 (9.7044e-01)
Epoch: [7][490/496]	L_Src_Sup 2.8326e-01 (2.1075e-01)	L_Trg_Inj 1.8713e-01 (3.1258e-01)	Loss Disc 6.9095e-01 (6.9279e-01)	Loss Pred 5.6706e-01 (5.6295e-01)	Loss TOTAL 1.0557e+00 (9.7043e-01)
Epoch: [7][496/496]	L_Src_Sup 1.7021e-01 (2.1042e-01)	L_Trg_Inj 3.1620e-01 (3.1221e-01)	Loss Disc 6.9236e-01 (6.9279e-01)	Loss Pred 5.9221e-01 (5.6306e-01)	Loss TOTAL 9.8703e-01 (9.7042e-01)
Epoch 7 complete. Saving model state...
Epoch: [8][ 10/496]	L_Src_Sup 2.9894e-01 (2.4226e-01)	L_Trg_Inj 2.8077e-01 (2.8772e-01)	Loss Disc 6.9240e-01 (6.9260e-01)	Loss Pred 5.7015e-01 (5.6182e-01)	Loss TOTAL 9.9249e-01 (9.7559e-01)
Epoch: [8][ 20/496]	L_Src_Sup 1.5991e-01 (2.4025e-01)	L_Trg_Inj 2.3834e-01 (2.9650e-01)	Loss Disc 6.9133e-01 (6.9307e-01)	Loss Pred 5.6584e-01 (5.5843e-01)	Loss TOTAL 9.5133e-01 (9.7673e-01)
Epoch: [8][ 30/496]	L_Src_Sup 1.9049e-01 (2.3225e-01)	L_Trg_Inj 2.9620e-01 (2.8719e-01)	Loss Disc 6.9414e-01 (6.9289e-01)	Loss Pred 5.3238e-01 (5.6066e-01)	Loss TOTAL 9.2811e-01 (9.7307e-01)
Epoch: [8][ 40/496]	L_Src_Sup 3.8494e-01 (2.2391e-01)	L_Trg_Inj 3.2594e-01 (2.9211e-01)	Loss Disc 6.9461e-01 (6.9302e-01)	Loss Pred 5.3769e-01 (5.5834e-01)	Loss TOTAL 1.0151e+00 (9.6928e-01)
Epoch: [8][ 50/496]	L_Src_Sup 2.0078e-01 (2.3433e-01)	L_Trg_Inj 4.9976e-01 (3.1155e-01)	Loss Disc 6.9401e-01 (6.9302e-01)	Loss Pred 5.6099e-01 (5.6259e-01)	Loss TOTAL 9.7804e-01 (9.7629e-01)
Epoch: [8][ 60/496]	L_Src_Sup 1.9027e-01 (2.3153e-01)	L_Trg_Inj 2.4625e-01 (3.1443e-01)	Loss Disc 6.9188e-01 (6.9300e-01)	Loss Pred 5.8642e-01 (5.6343e-01)	Loss TOTAL 9.7601e-01 (9.7593e-01)
Epoch: [8][ 70/496]	L_Src_Sup 2.1875e-01 (2.3105e-01)	L_Trg_Inj 2.4544e-01 (3.1450e-01)	Loss Disc 6.9002e-01 (6.9290e-01)	Loss Pred 5.8663e-01 (5.6501e-01)	Loss TOTAL 9.7806e-01 (9.7806e-01)
Epoch: [8][ 80/496]	L_Src_Sup 1.5770e-01 (2.2981e-01)	L_Trg_Inj 4.4449e-01 (3.2926e-01)	Loss Disc 6.9138e-01 (6.9299e-01)	Loss Pred 5.8075e-01 (5.6353e-01)	Loss TOTAL 9.8666e-01 (9.7753e-01)
Epoch: [8][ 90/496]	L_Src_Sup 4.2242e-01 (2.2606e-01)	L_Trg_Inj 3.0948e-01 (3.3209e-01)	Loss Disc 6.9105e-01 (6.9290e-01)	Loss Pred 5.8590e-01 (5.6515e-01)	Loss TOTAL 1.1176e+00 (9.7898e-01)
Epoch: [8][100/496]	L_Src_Sup 2.8425e-01 (2.2647e-01)	L_Trg_Inj 2.4044e-01 (3.3539e-01)	Loss Disc 6.9071e-01 (6.9293e-01)	Loss Pred 6.0119e-01 (5.6659e-01)	Loss TOTAL 1.0428e+00 (9.8008e-01)
Epoch: [8][110/496]	L_Src_Sup 2.8480e-01 (2.3116e-01)	L_Trg_Inj 4.3706e-01 (3.3973e-01)	Loss Disc 6.9293e-01 (6.9295e-01)	Loss Pred 5.8055e-01 (5.6645e-01)	Loss TOTAL 9.9920e-01 (9.8124e-01)
Epoch: [8][120/496]	L_Src_Sup 2.4491e-01 (2.2842e-01)	L_Trg_Inj 3.7473e-01 (3.3653e-01)	Loss Disc 6.9309e-01 (6.9297e-01)	Loss Pred 5.7014e-01 (5.6516e-01)	Loss TOTAL 9.7865e-01 (9.8036e-01)
Epoch: [8][130/496]	L_Src_Sup 3.5321e-01 (2.2992e-01)	L_Trg_Inj 4.2166e-01 (3.3578e-01)	Loss Disc 6.9425e-01 (6.9296e-01)	Loss Pred 5.5227e-01 (5.6478e-01)	Loss TOTAL 9.7688e-01 (9.7928e-01)
Epoch: [8][140/496]	L_Src_Sup 2.4931e-01 (2.2569e-01)	L_Trg_Inj 3.3813e-01 (3.3546e-01)	Loss Disc 6.9442e-01 (6.9300e-01)	Loss Pred 5.2762e-01 (5.6398e-01)	Loss TOTAL 9.3357e-01 (9.7722e-01)
Epoch: [8][150/496]	L_Src_Sup 2.3161e-01 (2.2359e-01)	L_Trg_Inj 2.8034e-01 (3.3153e-01)	Loss Disc 6.9436e-01 (6.9299e-01)	Loss Pred 5.8579e-01 (5.6512e-01)	Loss TOTAL 9.8417e-01 (9.7746e-01)
Epoch: [8][160/496]	L_Src_Sup 4.3026e-02 (2.2002e-01)	L_Trg_Inj 1.4246e-01 (3.2442e-01)	Loss Disc 6.9130e-01 (6.9297e-01)	Loss Pred 5.9631e-01 (5.6503e-01)	Loss TOTAL 9.6051e-01 (9.7635e-01)
Epoch: [8][170/496]	L_Src_Sup 1.5529e-01 (2.1834e-01)	L_Trg_Inj 1.5418e-01 (3.1717e-01)	Loss Disc 6.9263e-01 (6.9296e-01)	Loss Pred 5.4429e-01 (5.6509e-01)	Loss TOTAL 9.2266e-01 (9.7667e-01)
Epoch: [8][180/496]	L_Src_Sup 3.3667e-01 (2.2061e-01)	L_Trg_Inj 2.5347e-01 (3.1297e-01)	Loss Disc 6.9420e-01 (6.9298e-01)	Loss Pred 5.5446e-01 (5.6462e-01)	Loss TOTAL 1.0438e+00 (9.7754e-01)
Epoch: [8][190/496]	L_Src_Sup 2.3296e-01 (2.2037e-01)	L_Trg_Inj 2.6249e-01 (3.1329e-01)	Loss Disc 6.9343e-01 (6.9298e-01)	Loss Pred 5.4412e-01 (5.6462e-01)	Loss TOTAL 9.4039e-01 (9.7696e-01)
Epoch: [8][200/496]	L_Src_Sup 2.1858e-01 (2.2074e-01)	L_Trg_Inj 3.5510e-01 (3.1394e-01)	Loss Disc 6.9346e-01 (6.9300e-01)	Loss Pred 5.4395e-01 (5.6428e-01)	Loss TOTAL 9.4805e-01 (9.7643e-01)
Epoch: [8][210/496]	L_Src_Sup 1.2634e-01 (2.2131e-01)	L_Trg_Inj 2.7559e-01 (3.1387e-01)	Loss Disc 6.9252e-01 (6.9300e-01)	Loss Pred 5.8578e-01 (5.6444e-01)	Loss TOTAL 9.7223e-01 (9.7691e-01)
Epoch: [8][220/496]	L_Src_Sup 1.8059e-01 (2.2122e-01)	L_Trg_Inj 3.8743e-01 (3.1367e-01)	Loss Disc 6.9266e-01 (6.9301e-01)	Loss Pred 6.1789e-01 (5.6412e-01)	Loss TOTAL 1.0210e+00 (9.7600e-01)
Epoch: [8][230/496]	L_Src_Sup 1.9911e-01 (2.2036e-01)	L_Trg_Inj 2.9465e-01 (3.1262e-01)	Loss Disc 6.9352e-01 (6.9300e-01)	Loss Pred 5.3392e-01 (5.6425e-01)	Loss TOTAL 9.3006e-01 (9.7561e-01)
Epoch: [8][240/496]	L_Src_Sup 2.2913e-01 (2.1857e-01)	L_Trg_Inj 3.2534e-01 (3.1178e-01)	Loss Disc 6.9290e-01 (6.9298e-01)	Loss Pred 5.7002e-01 (5.6413e-01)	Loss TOTAL 9.7191e-01 (9.7474e-01)
Epoch: [8][250/496]	L_Src_Sup 2.2565e-01 (2.1856e-01)	L_Trg_Inj 2.4732e-01 (3.1021e-01)	Loss Disc 6.9288e-01 (6.9299e-01)	Loss Pred 5.4890e-01 (5.6376e-01)	Loss TOTAL 9.4264e-01 (9.7414e-01)
Epoch: [8][260/496]	L_Src_Sup 1.8194e-01 (2.1665e-01)	L_Trg_Inj 2.6120e-01 (3.0640e-01)	Loss Disc 6.9237e-01 (6.9297e-01)	Loss Pred 5.6509e-01 (5.6401e-01)	Loss TOTAL 9.5559e-01 (9.7366e-01)
Epoch: [8][270/496]	L_Src_Sup 1.8129e-01 (2.1623e-01)	L_Trg_Inj 3.4373e-01 (3.0664e-01)	Loss Disc 6.9504e-01 (6.9300e-01)	Loss Pred 4.9639e-01 (5.6350e-01)	Loss TOTAL 8.9641e-01 (9.7343e-01)
Epoch: [8][280/496]	L_Src_Sup 2.9663e-01 (2.1752e-01)	L_Trg_Inj 2.3170e-01 (3.0509e-01)	Loss Disc 6.9297e-01 (6.9301e-01)	Loss Pred 5.4312e-01 (5.6278e-01)	Loss TOTAL 1.0074e+00 (9.7322e-01)
Epoch: [8][290/496]	L_Src_Sup 1.7895e-01 (2.1785e-01)	L_Trg_Inj 2.7906e-01 (3.0542e-01)	Loss Disc 6.9326e-01 (6.9302e-01)	Loss Pred 5.6586e-01 (5.6263e-01)	Loss TOTAL 9.5830e-01 (9.7319e-01)
Epoch: [8][300/496]	L_Src_Sup 2.3057e-01 (2.1788e-01)	L_Trg_Inj 2.1571e-01 (3.0418e-01)	Loss Disc 6.9340e-01 (6.9301e-01)	Loss Pred 5.3775e-01 (5.6258e-01)	Loss TOTAL 9.4394e-01 (9.7311e-01)
Epoch: [8][310/496]	L_Src_Sup 2.2194e-01 (2.1774e-01)	L_Trg_Inj 3.6436e-01 (3.0408e-01)	Loss Disc 6.9357e-01 (6.9301e-01)	Loss Pred 5.6479e-01 (5.6291e-01)	Loss TOTAL 9.7021e-01 (9.7313e-01)
Epoch: [8][320/496]	L_Src_Sup 1.8978e-01 (2.1713e-01)	L_Trg_Inj 3.6143e-01 (3.0604e-01)	Loss Disc 6.9252e-01 (6.9300e-01)	Loss Pred 5.5411e-01 (5.6319e-01)	Loss TOTAL 9.5550e-01 (9.7346e-01)
Epoch: [8][330/496]	L_Src_Sup 1.5533e-01 (2.1662e-01)	L_Trg_Inj 4.4451e-01 (3.0726e-01)	Loss Disc 6.9405e-01 (6.9301e-01)	Loss Pred 5.4352e-01 (5.6303e-01)	Loss TOTAL 9.5053e-01 (9.7317e-01)
Epoch: [8][340/496]	L_Src_Sup 1.7978e-01 (2.1675e-01)	L_Trg_Inj 3.8808e-01 (3.0677e-01)	Loss Disc 6.9273e-01 (6.9301e-01)	Loss Pred 6.1892e-01 (5.6277e-01)	Loss TOTAL 1.0221e+00 (9.7260e-01)
Epoch: [8][350/496]	L_Src_Sup 1.8879e-01 (2.1759e-01)	L_Trg_Inj 3.2792e-01 (3.0915e-01)	Loss Disc 6.9364e-01 (6.9302e-01)	Loss Pred 5.3299e-01 (5.6235e-01)	Loss TOTAL 9.3148e-01 (9.7233e-01)
Epoch: [8][360/496]	L_Src_Sup 3.4102e-01 (2.1871e-01)	L_Trg_Inj 2.6322e-01 (3.1100e-01)	Loss Disc 6.9276e-01 (6.9302e-01)	Loss Pred 5.6513e-01 (5.6241e-01)	Loss TOTAL 1.0497e+00 (9.7260e-01)
Epoch: [8][370/496]	L_Src_Sup 9.4138e-02 (2.1879e-01)	L_Trg_Inj 2.6257e-01 (3.1054e-01)	Loss Disc 6.8991e-01 (6.9300e-01)	Loss Pred 6.4129e-01 (5.6262e-01)	Loss TOTAL 1.0219e+00 (9.7248e-01)
Epoch: [8][380/496]	L_Src_Sup 2.4427e-01 (2.1842e-01)	L_Trg_Inj 2.4915e-01 (3.0858e-01)	Loss Disc 6.9270e-01 (6.9296e-01)	Loss Pred 5.4926e-01 (5.6278e-01)	Loss TOTAL 9.4496e-01 (9.7214e-01)
Epoch: [8][390/496]	L_Src_Sup 2.0611e-01 (2.1849e-01)	L_Trg_Inj 3.8959e-01 (3.0984e-01)	Loss Disc 6.9412e-01 (6.9297e-01)	Loss Pred 5.2195e-01 (5.6266e-01)	Loss TOTAL 9.2857e-01 (9.7221e-01)
Epoch: [8][400/496]	L_Src_Sup 2.2951e-01 (2.1882e-01)	L_Trg_Inj 5.0397e-01 (3.1039e-01)	Loss Disc 6.9393e-01 (6.9297e-01)	Loss Pred 5.7100e-01 (5.6248e-01)	Loss TOTAL 9.9132e-01 (9.7212e-01)
Epoch: [8][410/496]	L_Src_Sup 1.9899e-01 (2.1984e-01)	L_Trg_Inj 3.8473e-01 (3.1353e-01)	Loss Disc 6.9378e-01 (6.9297e-01)	Loss Pred 5.4878e-01 (5.6283e-01)	Loss TOTAL 9.5404e-01 (9.7280e-01)
Epoch: [8][420/496]	L_Src_Sup 2.1432e-01 (2.1979e-01)	L_Trg_Inj 2.6105e-01 (3.1381e-01)	Loss Disc 6.9070e-01 (6.9296e-01)	Loss Pred 5.9135e-01 (5.6294e-01)	Loss TOTAL 9.8424e-01 (9.7268e-01)
Epoch: [8][430/496]	L_Src_Sup 2.5014e-01 (2.1933e-01)	L_Trg_Inj 2.3625e-01 (3.1460e-01)	Loss Disc 6.9476e-01 (6.9295e-01)	Loss Pred 4.9615e-01 (5.6314e-01)	Loss TOTAL 9.0606e-01 (9.7272e-01)
Epoch: [8][440/496]	L_Src_Sup 3.6781e-01 (2.2081e-01)	L_Trg_Inj 3.8623e-01 (3.1665e-01)	Loss Disc 6.9110e-01 (6.9295e-01)	Loss Pred 6.0183e-01 (5.6334e-01)	Loss TOTAL 1.0228e+00 (9.7311e-01)
Epoch: [8][450/496]	L_Src_Sup 2.8410e-01 (2.2042e-01)	L_Trg_Inj 3.5723e-01 (3.1724e-01)	Loss Disc 6.9444e-01 (6.9296e-01)	Loss Pred 5.2763e-01 (5.6299e-01)	Loss TOTAL 9.3898e-01 (9.7256e-01)
Epoch: [8][460/496]	L_Src_Sup 1.2917e-01 (2.2013e-01)	L_Trg_Inj 2.7738e-01 (3.1793e-01)	Loss Disc 6.9159e-01 (6.9295e-01)	Loss Pred 5.9143e-01 (5.6304e-01)	Loss TOTAL 9.7788e-01 (9.7250e-01)
Epoch: [8][470/496]	L_Src_Sup 2.1417e-01 (2.1900e-01)	L_Trg_Inj 3.0541e-01 (3.1745e-01)	Loss Disc 6.9306e-01 (6.9295e-01)	Loss Pred 5.8095e-01 (5.6292e-01)	Loss TOTAL 9.7944e-01 (9.7202e-01)
Epoch: [8][480/496]	L_Src_Sup 2.6446e-01 (2.1859e-01)	L_Trg_Inj 2.9155e-01 (3.1629e-01)	Loss Disc 6.9311e-01 (6.9294e-01)	Loss Pred 5.6112e-01 (5.6283e-01)	Loss TOTAL 9.6327e-01 (9.7200e-01)
Epoch: [8][490/496]	L_Src_Sup 2.2221e-01 (2.1793e-01)	L_Trg_Inj 2.9392e-01 (3.1522e-01)	Loss Disc 6.9270e-01 (6.9293e-01)	Loss Pred 5.5927e-01 (5.6269e-01)	Loss TOTAL 9.5723e-01 (9.7150e-01)
Epoch: [8][496/496]	L_Src_Sup 2.4033e-01 (2.1779e-01)	L_Trg_Inj 2.3948e-01 (3.1491e-01)	Loss Disc 6.9210e-01 (6.9293e-01)	Loss Pred 5.5403e-01 (5.6268e-01)	Loss TOTAL 9.4892e-01 (9.7134e-01)
Epoch 8 complete. Saving model state...
Epoch: [9][ 10/496]	L_Src_Sup 2.3156e-01 (2.1649e-01)	L_Trg_Inj 2.9548e-01 (3.0872e-01)	Loss Disc 6.9488e-01 (6.9318e-01)	Loss Pred 5.0573e-01 (5.5025e-01)	Loss TOTAL 9.0588e-01 (9.5267e-01)
Epoch: [9][ 20/496]	L_Src_Sup 1.9823e-01 (1.9423e-01)	L_Trg_Inj 2.8465e-01 (3.0049e-01)	Loss Disc 6.9438e-01 (6.9309e-01)	Loss Pred 4.9939e-01 (5.4914e-01)	Loss TOTAL 8.9487e-01 (9.4682e-01)
Epoch: [9][ 30/496]	L_Src_Sup 1.8793e-01 (2.0770e-01)	L_Trg_Inj 1.8241e-01 (2.9726e-01)	Loss Disc 6.9133e-01 (6.9292e-01)	Loss Pred 5.8143e-01 (5.5566e-01)	Loss TOTAL 9.6965e-01 (9.5989e-01)
Epoch: [9][ 40/496]	L_Src_Sup 1.9418e-01 (2.1207e-01)	L_Trg_Inj 2.7368e-01 (3.0382e-01)	Loss Disc 6.9363e-01 (6.9303e-01)	Loss Pred 5.4296e-01 (5.5623e-01)	Loss TOTAL 9.3656e-01 (9.6048e-01)
Epoch: [9][ 50/496]	L_Src_Sup 2.3378e-01 (2.1309e-01)	L_Trg_Inj 2.6720e-01 (3.1102e-01)	Loss Disc 6.9422e-01 (6.9307e-01)	Loss Pred 5.2671e-01 (5.5707e-01)	Loss TOTAL 9.2392e-01 (9.6093e-01)
Epoch: [9][ 60/496]	L_Src_Sup 2.4499e-01 (2.1546e-01)	L_Trg_Inj 3.9705e-01 (3.0843e-01)	Loss Disc 6.9230e-01 (6.9303e-01)	Loss Pred 5.7039e-01 (5.5781e-01)	Loss TOTAL 9.8075e-01 (9.6448e-01)
Epoch: [9][ 70/496]	L_Src_Sup 2.1051e-01 (2.1450e-01)	L_Trg_Inj 3.4338e-01 (3.1945e-01)	Loss Disc 6.9191e-01 (6.9302e-01)	Loss Pred 5.8634e-01 (5.6017e-01)	Loss TOTAL 9.8769e-01 (9.6677e-01)
Epoch: [9][ 80/496]	L_Src_Sup 1.8749e-01 (2.1307e-01)	L_Trg_Inj 2.1760e-01 (3.2144e-01)	Loss Disc 6.9187e-01 (6.9303e-01)	Loss Pred 5.8110e-01 (5.5994e-01)	Loss TOTAL 9.6754e-01 (9.6577e-01)
Epoch: [9][ 90/496]	L_Src_Sup 2.7268e-01 (2.1167e-01)	L_Trg_Inj 2.2976e-01 (3.1764e-01)	Loss Disc 6.9182e-01 (6.9300e-01)	Loss Pred 5.8181e-01 (5.5996e-01)	Loss TOTAL 1.0209e+00 (9.6532e-01)
Epoch: [9][100/496]	L_Src_Sup 1.8556e-01 (2.1512e-01)	L_Trg_Inj 3.8571e-01 (3.2227e-01)	Loss Disc 6.9246e-01 (6.9303e-01)	Loss Pred 5.7561e-01 (5.6022e-01)	Loss TOTAL 9.7897e-01 (9.6610e-01)
Epoch: [9][110/496]	L_Src_Sup 1.7663e-01 (2.1325e-01)	L_Trg_Inj 2.5152e-01 (3.1800e-01)	Loss Disc 6.9229e-01 (6.9300e-01)	Loss Pred 5.4863e-01 (5.5981e-01)	Loss TOTAL 9.3758e-01 (9.6477e-01)
Epoch: [9][120/496]	L_Src_Sup 1.4292e-01 (2.1036e-01)	L_Trg_Inj 4.2676e-01 (3.1850e-01)	Loss Disc 6.9391e-01 (6.9294e-01)	Loss Pred 5.7022e-01 (5.6114e-01)	Loss TOTAL 9.7414e-01 (9.6547e-01)
Epoch: [9][130/496]	L_Src_Sup 1.8025e-01 (2.1242e-01)	L_Trg_Inj 3.5633e-01 (3.2472e-01)	Loss Disc 6.9290e-01 (6.9300e-01)	Loss Pred 5.5947e-01 (5.6105e-01)	Loss TOTAL 9.5958e-01 (9.6586e-01)
Epoch: [9][140/496]	L_Src_Sup 1.5859e-01 (2.1080e-01)	L_Trg_Inj 2.7813e-01 (3.2518e-01)	Loss Disc 6.9211e-01 (6.9298e-01)	Loss Pred 5.5412e-01 (5.6108e-01)	Loss TOTAL 9.4385e-01 (9.6544e-01)
Epoch: [9][150/496]	L_Src_Sup 2.3364e-01 (2.1138e-01)	L_Trg_Inj 2.9610e-01 (3.2434e-01)	Loss Disc 6.9334e-01 (6.9296e-01)	Loss Pred 5.4332e-01 (5.6128e-01)	Loss TOTAL 9.4296e-01 (9.6551e-01)
Epoch: [9][160/496]	L_Src_Sup 1.4610e-01 (2.1093e-01)	L_Trg_Inj 5.4130e-01 (3.2436e-01)	Loss Disc 6.9425e-01 (6.9297e-01)	Loss Pred 5.8099e-01 (5.6104e-01)	Loss TOTAL 9.9686e-01 (9.6521e-01)
Epoch: [9][170/496]	L_Src_Sup 2.8839e-01 (2.0998e-01)	L_Trg_Inj 3.4375e-01 (3.2509e-01)	Loss Disc 6.9312e-01 (6.9298e-01)	Loss Pred 5.3270e-01 (5.6036e-01)	Loss TOTAL 9.4247e-01 (9.6428e-01)
Epoch: [9][180/496]	L_Src_Sup 1.8782e-01 (2.0959e-01)	L_Trg_Inj 2.6198e-01 (3.2396e-01)	Loss Disc 6.9186e-01 (6.9296e-01)	Loss Pred 5.8125e-01 (5.6094e-01)	Loss TOTAL 9.7216e-01 (9.6451e-01)
Epoch: [9][190/496]	L_Src_Sup 1.7147e-01 (2.0886e-01)	L_Trg_Inj 1.8568e-01 (3.2199e-01)	Loss Disc 6.9240e-01 (6.9296e-01)	Loss Pred 5.3232e-01 (5.6053e-01)	Loss TOTAL 9.1423e-01 (9.6363e-01)
Epoch: [9][200/496]	L_Src_Sup 2.1013e-01 (2.0996e-01)	L_Trg_Inj 2.4988e-01 (3.1890e-01)	Loss Disc 6.9258e-01 (6.9292e-01)	Loss Pred 5.4338e-01 (5.6083e-01)	Loss TOTAL 9.3567e-01 (9.6424e-01)
Epoch: [9][210/496]	L_Src_Sup 2.2485e-01 (2.0887e-01)	L_Trg_Inj 2.0761e-01 (3.1595e-01)	Loss Disc 6.9212e-01 (6.9291e-01)	Loss Pred 5.6594e-01 (5.6103e-01)	Loss TOTAL 9.7248e-01 (9.6391e-01)
Epoch: [9][220/496]	L_Src_Sup 2.6928e-01 (2.0812e-01)	L_Trg_Inj 3.4087e-01 (3.1692e-01)	Loss Disc 6.9248e-01 (6.9291e-01)	Loss Pred 5.7597e-01 (5.6082e-01)	Loss TOTAL 9.8323e-01 (9.6355e-01)
Epoch: [9][230/496]	L_Src_Sup 2.3718e-01 (2.0645e-01)	L_Trg_Inj 2.3229e-01 (3.1471e-01)	Loss Disc 6.9327e-01 (6.9291e-01)	Loss Pred 5.3208e-01 (5.6020e-01)	Loss TOTAL 9.3055e-01 (9.6239e-01)
Epoch: [9][240/496]	L_Src_Sup 1.6513e-01 (2.0647e-01)	L_Trg_Inj 2.3844e-01 (3.1386e-01)	Loss Disc 6.9400e-01 (6.9288e-01)	Loss Pred 5.1045e-01 (5.6031e-01)	Loss TOTAL 8.9781e-01 (9.6234e-01)
Epoch: [9][250/496]	L_Src_Sup 1.9842e-01 (2.0558e-01)	L_Trg_Inj 3.9283e-01 (3.1390e-01)	Loss Disc 6.9392e-01 (6.9288e-01)	Loss Pred 5.4834e-01 (5.6001e-01)	Loss TOTAL 9.5443e-01 (9.6191e-01)
Epoch: [9][260/496]	L_Src_Sup 2.5812e-01 (2.0657e-01)	L_Trg_Inj 3.1240e-01 (3.1227e-01)	Loss Disc 6.8899e-01 (6.9282e-01)	Loss Pred 5.9773e-01 (5.6044e-01)	Loss TOTAL 9.9928e-01 (9.6263e-01)
Epoch: [9][270/496]	L_Src_Sup 2.3255e-01 (2.0724e-01)	L_Trg_Inj 2.6484e-01 (3.1403e-01)	Loss Disc 6.9275e-01 (6.9281e-01)	Loss Pred 5.4562e-01 (5.6079e-01)	Loss TOTAL 9.4174e-01 (9.6316e-01)
Epoch: [9][280/496]	L_Src_Sup 1.3462e-01 (2.0652e-01)	L_Trg_Inj 3.3986e-01 (3.1460e-01)	Loss Disc 6.9341e-01 (6.9282e-01)	Loss Pred 5.3753e-01 (5.6033e-01)	Loss TOTAL 9.3168e-01 (9.6278e-01)
Epoch: [9][290/496]	L_Src_Sup 2.1781e-01 (2.0659e-01)	L_Trg_Inj 2.1858e-01 (3.1493e-01)	Loss Disc 6.9197e-01 (6.9282e-01)	Loss Pred 5.5384e-01 (5.6069e-01)	Loss TOTAL 9.4347e-01 (9.6330e-01)
Epoch: [9][300/496]	L_Src_Sup 1.9357e-01 (2.0684e-01)	L_Trg_Inj 3.7461e-01 (3.1593e-01)	Loss Disc 6.9167e-01 (6.9282e-01)	Loss Pred 5.9713e-01 (5.6090e-01)	Loss TOTAL 9.9979e-01 (9.6358e-01)
Epoch: [9][310/496]	L_Src_Sup 2.2137e-01 (2.0617e-01)	L_Trg_Inj 2.4978e-01 (3.1747e-01)	Loss Disc 6.9166e-01 (6.9284e-01)	Loss Pred 5.7006e-01 (5.6095e-01)	Loss TOTAL 9.6300e-01 (9.6360e-01)
Epoch: [9][320/496]	L_Src_Sup 2.1997e-01 (2.0648e-01)	L_Trg_Inj 4.3720e-01 (3.1930e-01)	Loss Disc 6.9369e-01 (6.9286e-01)	Loss Pred 5.5926e-01 (5.6085e-01)	Loss TOTAL 9.7182e-01 (9.6364e-01)
Epoch: [9][330/496]	L_Src_Sup 2.4997e-01 (2.0590e-01)	L_Trg_Inj 3.4341e-01 (3.1880e-01)	Loss Disc 6.9239e-01 (6.9285e-01)	Loss Pred 5.8087e-01 (5.6110e-01)	Loss TOTAL 9.8641e-01 (9.6367e-01)
Epoch: [9][340/496]	L_Src_Sup 1.4150e-01 (2.0612e-01)	L_Trg_Inj 1.7242e-01 (3.1772e-01)	Loss Disc 6.8962e-01 (6.9281e-01)	Loss Pred 5.6495e-01 (5.6151e-01)	Loss TOTAL 9.4116e-01 (9.6410e-01)
Epoch: [9][350/496]	L_Src_Sup 2.3569e-01 (2.0629e-01)	L_Trg_Inj 2.4841e-01 (3.1635e-01)	Loss Disc 6.9276e-01 (6.9277e-01)	Loss Pred 5.4970e-01 (5.6191e-01)	Loss TOTAL 9.4449e-01 (9.6431e-01)
Epoch: [9][360/496]	L_Src_Sup 2.8587e-01 (2.0721e-01)	L_Trg_Inj 4.8255e-01 (3.1641e-01)	Loss Disc 6.9720e-01 (6.9279e-01)	Loss Pred 5.7055e-01 (5.6168e-01)	Loss TOTAL 9.9600e-01 (9.6439e-01)
Epoch: [9][370/496]	L_Src_Sup 1.6000e-01 (2.0647e-01)	L_Trg_Inj 4.3308e-01 (3.1864e-01)	Loss Disc 6.9408e-01 (6.9281e-01)	Loss Pred 5.5941e-01 (5.6191e-01)	Loss TOTAL 9.6575e-01 (9.6467e-01)
Epoch: [9][380/496]	L_Src_Sup 1.9536e-01 (2.0757e-01)	L_Trg_Inj 3.7427e-01 (3.1978e-01)	Loss Disc 6.9255e-01 (6.9283e-01)	Loss Pred 6.0231e-01 (5.6168e-01)	Loss TOTAL 1.0055e+00 (9.6472e-01)
Epoch: [9][390/496]	L_Src_Sup 2.1799e-01 (2.0751e-01)	L_Trg_Inj 2.9296e-01 (3.2072e-01)	Loss Disc 6.9304e-01 (6.9283e-01)	Loss Pred 5.4899e-01 (5.6203e-01)	Loss TOTAL 9.4661e-01 (9.6507e-01)
Epoch: [9][400/496]	L_Src_Sup 2.6466e-01 (2.0801e-01)	L_Trg_Inj 4.0295e-01 (3.2081e-01)	Loss Disc 6.9426e-01 (6.9284e-01)	Loss Pred 5.2790e-01 (5.6164e-01)	Loss TOTAL 9.4179e-01 (9.6503e-01)
Epoch: [9][410/496]	L_Src_Sup 1.9663e-01 (2.0795e-01)	L_Trg_Inj 2.5816e-01 (3.2264e-01)	Loss Disc 6.9083e-01 (6.9283e-01)	Loss Pred 5.9093e-01 (5.6215e-01)	Loss TOTAL 9.8182e-01 (9.6561e-01)
Epoch: [9][420/496]	L_Src_Sup 2.0354e-01 (2.0790e-01)	L_Trg_Inj 4.1185e-01 (3.2393e-01)	Loss Disc 6.9439e-01 (6.9283e-01)	Loss Pred 5.3497e-01 (5.6198e-01)	Loss TOTAL 9.4370e-01 (9.6563e-01)
Epoch: [9][430/496]	L_Src_Sup 1.5956e-01 (2.0794e-01)	L_Trg_Inj 2.6161e-01 (3.2440e-01)	Loss Disc 6.9099e-01 (6.9283e-01)	Loss Pred 5.9157e-01 (5.6184e-01)	Loss TOTAL 9.7918e-01 (9.6545e-01)
Epoch: [9][440/496]	L_Src_Sup 2.5609e-01 (2.0807e-01)	L_Trg_Inj 2.3301e-01 (3.2374e-01)	Loss Disc 6.9206e-01 (6.9281e-01)	Loss Pred 5.4938e-01 (5.6201e-01)	Loss TOTAL 9.6739e-01 (9.6565e-01)
Epoch: [9][450/496]	L_Src_Sup 1.5427e-01 (2.0792e-01)	L_Trg_Inj 2.3429e-01 (3.2319e-01)	Loss Disc 6.9122e-01 (6.9282e-01)	Loss Pred 5.6489e-01 (5.6173e-01)	Loss TOTAL 9.4936e-01 (9.6528e-01)
Epoch: [9][460/496]	L_Src_Sup 1.6882e-01 (2.0735e-01)	L_Trg_Inj 4.6326e-01 (3.2297e-01)	Loss Disc 6.9041e-01 (6.9281e-01)	Loss Pred 6.0601e-01 (5.6170e-01)	Loss TOTAL 1.0144e+00 (9.6530e-01)
Epoch: [9][470/496]	L_Src_Sup 2.4093e-01 (2.0696e-01)	L_Trg_Inj 3.7071e-01 (3.2312e-01)	Loss Disc 6.9371e-01 (6.9279e-01)	Loss Pred 5.5963e-01 (5.6184e-01)	Loss TOTAL 9.6765e-01 (9.6532e-01)
Epoch: [9][480/496]	L_Src_Sup 2.5715e-01 (2.0691e-01)	L_Trg_Inj 2.3357e-01 (3.2316e-01)	Loss Disc 6.9220e-01 (6.9277e-01)	Loss Pred 5.5435e-01 (5.6217e-01)	Loss TOTAL 9.7311e-01 (9.6560e-01)
Epoch: [9][490/496]	L_Src_Sup 1.8365e-01 (2.0654e-01)	L_Trg_Inj 2.6240e-01 (3.2324e-01)	Loss Disc 6.8904e-01 (6.9275e-01)	Loss Pred 5.7000e-01 (5.6234e-01)	Loss TOTAL 9.5913e-01 (9.6584e-01)
Epoch: [9][496/496]	L_Src_Sup 2.5999e-01 (2.0650e-01)	L_Trg_Inj 5.5535e-01 (3.2341e-01)	Loss Disc 6.9876e-01 (6.9272e-01)	Loss Pred 5.5983e-01 (5.6247e-01)	Loss TOTAL 9.9075e-01 (9.6602e-01)
Epoch 9 complete. Saving model state...
Epoch: [10][ 10/496]	L_Src_Sup 2.2644e-01 (2.0754e-01)	L_Trg_Inj 3.2706e-01 (3.2569e-01)	Loss Disc 6.9408e-01 (6.9384e-01)	Loss Pred 5.2794e-01 (5.4496e-01)	Loss TOTAL 9.3032e-01 (9.4834e-01)
Epoch: [10][ 20/496]	L_Src_Sup 2.5247e-01 (1.9901e-01)	L_Trg_Inj 2.4627e-01 (3.0319e-01)	Loss Disc 6.9185e-01 (6.9289e-01)	Loss Pred 5.4376e-01 (5.5544e-01)	Loss TOTAL 9.4576e-01 (9.5771e-01)
Epoch: [10][ 30/496]	L_Src_Sup 1.5090e-01 (1.9357e-01)	L_Trg_Inj 2.4020e-01 (3.0692e-01)	Loss Disc 6.9467e-01 (6.9279e-01)	Loss Pred 5.2768e-01 (5.5537e-01)	Loss TOTAL 9.1413e-01 (9.5560e-01)
Epoch: [10][ 40/496]	L_Src_Sup 1.2126e-01 (1.9439e-01)	L_Trg_Inj 2.5767e-01 (3.0125e-01)	Loss Disc 6.9134e-01 (6.9269e-01)	Loss Pred 5.6570e-01 (5.5801e-01)	Loss TOTAL 9.4926e-01 (9.5744e-01)
Epoch: [10][ 50/496]	L_Src_Sup 2.4098e-01 (2.0104e-01)	L_Trg_Inj 2.9981e-01 (3.0197e-01)	Loss Disc 6.9102e-01 (6.9251e-01)	Loss Pred 5.7523e-01 (5.5972e-01)	Loss TOTAL 9.7481e-01 (9.6155e-01)
Epoch: [10][ 60/496]	L_Src_Sup 1.7577e-01 (2.0323e-01)	L_Trg_Inj 3.5022e-01 (3.1234e-01)	Loss Disc 6.9191e-01 (6.9271e-01)	Loss Pred 6.0686e-01 (5.6281e-01)	Loss TOTAL 1.0054e+00 (9.6526e-01)
Epoch: [10][ 70/496]	L_Src_Sup 1.8752e-01 (2.0843e-01)	L_Trg_Inj 3.9023e-01 (3.1751e-01)	Loss Disc 6.9350e-01 (6.9276e-01)	Loss Pred 5.8022e-01 (5.6477e-01)	Loss TOTAL 9.8475e-01 (9.6950e-01)
Epoch: [10][ 80/496]	L_Src_Sup 1.6161e-01 (2.0601e-01)	L_Trg_Inj 3.7886e-01 (3.1693e-01)	Loss Disc 6.9302e-01 (6.9285e-01)	Loss Pred 5.6464e-01 (5.6255e-01)	Loss TOTAL 9.6520e-01 (9.6729e-01)
Epoch: [10][ 90/496]	L_Src_Sup 2.3912e-01 (2.0638e-01)	L_Trg_Inj 4.1949e-01 (3.1855e-01)	Loss Disc 6.9358e-01 (6.9286e-01)	Loss Pred 6.0120e-01 (5.6408e-01)	Loss TOTAL 1.0139e+00 (9.6836e-01)
Epoch: [10][100/496]	L_Src_Sup 1.0103e-01 (2.0430e-01)	L_Trg_Inj 3.1363e-01 (3.1316e-01)	Loss Disc 6.9331e-01 (6.9283e-01)	Loss Pred 5.6479e-01 (5.6395e-01)	Loss TOTAL 9.5291e-01 (9.6752e-01)
Epoch: [10][110/496]	L_Src_Sup 2.0444e-01 (2.0193e-01)	L_Trg_Inj 3.5797e-01 (3.1001e-01)	Loss Disc 6.9378e-01 (6.9283e-01)	Loss Pred 5.4961e-01 (5.6317e-01)	Loss TOTAL 9.5274e-01 (9.6643e-01)
Epoch: [10][120/496]	L_Src_Sup 3.0651e-01 (2.0108e-01)	L_Trg_Inj 2.3218e-01 (3.0709e-01)	Loss Disc 6.9212e-01 (6.9284e-01)	Loss Pred 5.7009e-01 (5.6321e-01)	Loss TOTAL 1.0443e+00 (9.6638e-01)
Epoch: [10][130/496]	L_Src_Sup 2.1275e-01 (2.0249e-01)	L_Trg_Inj 2.9304e-01 (3.0911e-01)	Loss Disc 6.9259e-01 (6.9290e-01)	Loss Pred 5.9129e-01 (5.6261e-01)	Loss TOTAL 9.8816e-01 (9.6569e-01)
Epoch: [10][140/496]	L_Src_Sup 2.6388e-01 (1.9989e-01)	L_Trg_Inj 1.6293e-01 (3.0776e-01)	Loss Disc 6.9025e-01 (6.9288e-01)	Loss Pred 6.0724e-01 (5.6276e-01)	Loss TOTAL 1.0960e+00 (9.6577e-01)
Epoch: [10][150/496]	L_Src_Sup 2.9122e-01 (2.2047e-01)	L_Trg_Inj 3.0073e-01 (3.1381e-01)	Loss Disc 6.9324e-01 (6.9290e-01)	Loss Pred 5.5031e-01 (5.6413e-01)	Loss TOTAL 9.5612e-01 (9.8183e-01)
Epoch: [10][160/496]	L_Src_Sup 1.8904e-01 (2.1917e-01)	L_Trg_Inj 2.7710e-01 (3.1212e-01)	Loss Disc 6.9410e-01 (6.9293e-01)	Loss Pred 5.2532e-01 (5.6411e-01)	Loss TOTAL 9.1898e-01 (9.8075e-01)
Epoch: [10][170/496]	L_Src_Sup 2.1558e-01 (2.1777e-01)	L_Trg_Inj 3.8604e-01 (3.1138e-01)	Loss Disc 6.9444e-01 (6.9297e-01)	Loss Pred 5.4452e-01 (5.6415e-01)	Loss TOTAL 9.5190e-01 (9.7983e-01)
Epoch: [10][180/496]	L_Src_Sup 1.9892e-01 (2.1908e-01)	L_Trg_Inj 3.7256e-01 (3.1526e-01)	Loss Disc 6.9288e-01 (6.9299e-01)	Loss Pred 6.0603e-01 (5.6509e-01)	Loss TOTAL 1.0096e+00 (9.8054e-01)
Epoch: [10][190/496]	L_Src_Sup 2.8107e-01 (2.1994e-01)	L_Trg_Inj 2.8841e-01 (3.1744e-01)	Loss Disc 6.9229e-01 (6.9299e-01)	Loss Pred 5.9548e-01 (5.6512e-01)	Loss TOTAL 9.9858e-01 (9.8007e-01)
Epoch: [10][200/496]	L_Src_Sup 2.9856e-01 (2.1881e-01)	L_Trg_Inj 2.4760e-01 (3.1911e-01)	Loss Disc 6.9284e-01 (6.9301e-01)	Loss Pred 5.5509e-01 (5.6498e-01)	Loss TOTAL 1.0071e+00 (9.7950e-01)
Epoch: [10][210/496]	L_Src_Sup 1.4051e-01 (2.1790e-01)	L_Trg_Inj 3.7236e-01 (3.1969e-01)	Loss Disc 6.9309e-01 (6.9302e-01)	Loss Pred 5.5991e-01 (5.6481e-01)	Loss TOTAL 9.5774e-01 (9.7863e-01)
Epoch: [10][220/496]	L_Src_Sup 1.7374e-01 (2.1668e-01)	L_Trg_Inj 3.8654e-01 (3.1855e-01)	Loss Disc 6.9387e-01 (6.9303e-01)	Loss Pred 5.3926e-01 (5.6421e-01)	Loss TOTAL 9.4223e-01 (9.7757e-01)
Epoch: [10][230/496]	L_Src_Sup 1.7648e-01 (2.1585e-01)	L_Trg_Inj 2.1396e-01 (3.1729e-01)	Loss Disc 6.9320e-01 (6.9303e-01)	Loss Pred 5.5104e-01 (5.6414e-01)	Loss TOTAL 9.3668e-01 (9.7697e-01)
Epoch: [10][240/496]	L_Src_Sup 2.8596e-01 (2.1664e-01)	L_Trg_Inj 2.9011e-01 (3.1790e-01)	Loss Disc 6.9317e-01 (6.9303e-01)	Loss Pred 5.4724e-01 (5.6408e-01)	Loss TOTAL 9.5144e-01 (9.7670e-01)
Epoch: [10][250/496]	L_Src_Sup 9.7101e-02 (2.1597e-01)	L_Trg_Inj 1.9921e-01 (3.1654e-01)	Loss Disc 6.9291e-01 (6.9303e-01)	Loss Pred 5.3911e-01 (5.6408e-01)	Loss TOTAL 9.1520e-01 (9.7644e-01)
Epoch: [10][260/496]	L_Src_Sup 1.0650e-01 (2.1604e-01)	L_Trg_Inj 4.2113e-01 (3.1590e-01)	Loss Disc 6.9348e-01 (6.9303e-01)	Loss Pred 5.9100e-01 (5.6404e-01)	Loss TOTAL 9.9050e-01 (9.7635e-01)
Epoch: [10][270/496]	L_Src_Sup 2.2937e-01 (2.1690e-01)	L_Trg_Inj 3.7434e-01 (3.1670e-01)	Loss Disc 6.9282e-01 (6.9304e-01)	Loss Pred 5.8052e-01 (5.6426e-01)	Loss TOTAL 9.8730e-01 (9.7642e-01)
Epoch: [10][280/496]	L_Src_Sup 2.0015e-01 (2.1716e-01)	L_Trg_Inj 2.9665e-01 (3.1753e-01)	Loss Disc 6.9303e-01 (6.9305e-01)	Loss Pred 5.6183e-01 (5.6416e-01)	Loss TOTAL 9.5803e-01 (9.7599e-01)
Epoch: [10][290/496]	L_Src_Sup 2.5516e-01 (2.1671e-01)	L_Trg_Inj 2.5468e-01 (3.1753e-01)	Loss Disc 6.9299e-01 (6.9305e-01)	Loss Pred 5.4924e-01 (5.6384e-01)	Loss TOTAL 9.4721e-01 (9.7522e-01)
Epoch: [10][300/496]	L_Src_Sup 2.5263e-01 (2.1614e-01)	L_Trg_Inj 3.5669e-01 (3.1773e-01)	Loss Disc 6.9332e-01 (6.9306e-01)	Loss Pred 5.4384e-01 (5.6372e-01)	Loss TOTAL 9.5144e-01 (9.7469e-01)
Epoch: [10][310/496]	L_Src_Sup 2.3539e-01 (2.1596e-01)	L_Trg_Inj 3.7280e-01 (3.1678e-01)	Loss Disc 6.9329e-01 (6.9306e-01)	Loss Pred 5.4886e-01 (5.6339e-01)	Loss TOTAL 9.5633e-01 (9.7438e-01)
Epoch: [10][320/496]	L_Src_Sup 3.8841e-01 (2.1651e-01)	L_Trg_Inj 3.6181e-01 (3.1546e-01)	Loss Disc 6.9351e-01 (6.9307e-01)	Loss Pred 5.4350e-01 (5.6306e-01)	Loss TOTAL 9.9187e-01 (9.7410e-01)
Epoch: [10][330/496]	L_Src_Sup 1.8281e-01 (2.1570e-01)	L_Trg_Inj 3.6803e-01 (3.1611e-01)	Loss Disc 6.9324e-01 (6.9307e-01)	Loss Pred 5.7111e-01 (5.6359e-01)	Loss TOTAL 9.7282e-01 (9.7436e-01)
Epoch: [10][340/496]	L_Src_Sup 2.8572e-01 (2.1524e-01)	L_Trg_Inj 2.4676e-01 (3.1549e-01)	Loss Disc 6.9300e-01 (6.9308e-01)	Loss Pred 5.7006e-01 (5.6341e-01)	Loss TOTAL 1.0088e+00 (9.7386e-01)
Epoch: [10][350/496]	L_Src_Sup 2.1277e-01 (2.1479e-01)	L_Trg_Inj 2.0310e-01 (3.1360e-01)	Loss Disc 6.9282e-01 (6.9308e-01)	Loss Pred 5.9121e-01 (5.6353e-01)	Loss TOTAL 9.8888e-01 (9.7371e-01)
Epoch: [10][360/496]	L_Src_Sup 2.0000e-01 (2.1474e-01)	L_Trg_Inj 3.0909e-01 (3.1366e-01)	Loss Disc 6.9319e-01 (6.9308e-01)	Loss Pred 5.5945e-01 (5.6364e-01)	Loss TOTAL 9.5696e-01 (9.7360e-01)
Epoch: [10][370/496]	L_Src_Sup 1.6801e-01 (2.1435e-01)	L_Trg_Inj 2.7794e-01 (3.1252e-01)	Loss Disc 6.9296e-01 (6.9308e-01)	Loss Pred 5.8621e-01 (5.6380e-01)	Loss TOTAL 9.7728e-01 (9.7344e-01)
Epoch: [10][380/496]	L_Src_Sup 2.2680e-01 (2.1441e-01)	L_Trg_Inj 3.1177e-01 (3.1143e-01)	Loss Disc 6.9323e-01 (6.9308e-01)	Loss Pred 5.7522e-01 (5.6373e-01)	Loss TOTAL 9.7569e-01 (9.7329e-01)
Epoch: [10][390/496]	L_Src_Sup 7.9213e-02 (2.1418e-01)	L_Trg_Inj 2.8048e-01 (3.1070e-01)	Loss Disc 6.9336e-01 (6.9308e-01)	Loss Pred 5.5431e-01 (5.6402e-01)	Loss TOTAL 9.3696e-01 (9.7328e-01)
Epoch: [10][400/496]	L_Src_Sup 1.8182e-01 (2.1389e-01)	L_Trg_Inj 3.9679e-01 (3.1017e-01)	Loss Disc 6.9336e-01 (6.9309e-01)	Loss Pred 5.6476e-01 (5.6361e-01)	Loss TOTAL 9.6931e-01 (9.7266e-01)
Epoch: [10][410/496]	L_Src_Sup 1.2500e-01 (2.1321e-01)	L_Trg_Inj 2.8470e-01 (3.0854e-01)	Loss Disc 6.9261e-01 (6.9309e-01)	Loss Pred 5.8074e-01 (5.6349e-01)	Loss TOTAL 9.6801e-01 (9.7240e-01)
Epoch: [10][420/496]	L_Src_Sup 2.2451e-01 (2.1342e-01)	L_Trg_Inj 3.4962e-01 (3.0902e-01)	Loss Disc 6.9327e-01 (6.9309e-01)	Loss Pred 5.7003e-01 (5.6347e-01)	Loss TOTAL 9.7408e-01 (9.7228e-01)
Epoch: [10][430/496]	L_Src_Sup 2.2857e-01 (2.1337e-01)	L_Trg_Inj 3.0696e-01 (3.0893e-01)	Loss Disc 6.9377e-01 (6.9309e-01)	Loss Pred 5.3295e-01 (5.6357e-01)	Loss TOTAL 9.3339e-01 (9.7229e-01)
Epoch: [10][440/496]	L_Src_Sup 2.6000e-01 (2.1302e-01)	L_Trg_Inj 2.4932e-01 (3.0843e-01)	Loss Disc 6.9280e-01 (6.9308e-01)	Loss Pred 5.5939e-01 (5.6362e-01)	Loss TOTAL 9.6740e-01 (9.7219e-01)
Epoch: [10][450/496]	L_Src_Sup 2.1782e-01 (2.1351e-01)	L_Trg_Inj 2.3069e-01 (3.0787e-01)	Loss Disc 6.9291e-01 (6.9308e-01)	Loss Pred 5.5407e-01 (5.6338e-01)	Loss TOTAL 9.4538e-01 (9.7172e-01)
Epoch: [10][460/496]	L_Src_Sup 1.6161e-01 (2.1361e-01)	L_Trg_Inj 2.8692e-01 (3.0810e-01)	Loss Disc 6.9305e-01 (6.9308e-01)	Loss Pred 5.6484e-01 (5.6329e-01)	Loss TOTAL 9.5622e-01 (9.7156e-01)
Epoch: [10][470/496]	L_Src_Sup 2.2933e-01 (2.1307e-01)	L_Trg_Inj 2.4899e-01 (3.0768e-01)	Loss Disc 6.9248e-01 (6.9308e-01)	Loss Pred 5.8140e-01 (5.6320e-01)	Loss TOTAL 9.7548e-01 (9.7141e-01)
Epoch: [10][480/496]	L_Src_Sup 2.0565e-01 (2.1277e-01)	L_Trg_Inj 2.1863e-01 (3.0764e-01)	Loss Disc 6.9291e-01 (6.9308e-01)	Loss Pred 5.2169e-01 (5.6301e-01)	Loss TOTAL 9.1057e-01 (9.7104e-01)
Epoch: [10][490/496]	L_Src_Sup 1.4953e-01 (2.1278e-01)	L_Trg_Inj 2.9675e-01 (3.0812e-01)	Loss Disc 6.9393e-01 (6.9309e-01)	Loss Pred 5.2163e-01 (5.6298e-01)	Loss TOTAL 9.1322e-01 (9.7089e-01)
Epoch: [10][496/496]	L_Src_Sup 2.0952e-01 (2.1277e-01)	L_Trg_Inj 2.9574e-01 (3.0800e-01)	Loss Disc 6.9348e-01 (6.9309e-01)	Loss Pred 5.3230e-01 (5.6287e-01)	Loss TOTAL 9.2957e-01 (9.7070e-01)
Epoch 10 complete. Saving model state...
Epoch: [11][ 10/496]	L_Src_Sup 2.7779e-01 (2.0016e-01)	L_Trg_Inj 2.0195e-01 (2.8749e-01)	Loss Disc 6.9319e-01 (6.9322e-01)	Loss Pred 5.1537e-01 (5.4241e-01)	Loss TOTAL 9.8579e-01 (9.5151e-01)
Epoch: [11][ 20/496]	L_Src_Sup 2.1741e-01 (2.0486e-01)	L_Trg_Inj 3.1080e-01 (2.8230e-01)	Loss Disc 6.9262e-01 (6.9318e-01)	Loss Pred 6.0388e-01 (5.5256e-01)	Loss TOTAL 1.0030e+00 (9.6039e-01)
Epoch: [11][ 30/496]	L_Src_Sup 1.2500e-01 (2.0321e-01)	L_Trg_Inj 3.6946e-01 (2.9946e-01)	Loss Disc 6.9298e-01 (6.9324e-01)	Loss Pred 5.8140e-01 (5.5626e-01)	Loss TOTAL 9.7734e-01 (9.6261e-01)
Epoch: [11][ 40/496]	L_Src_Sup 3.0609e-01 (2.0039e-01)	L_Trg_Inj 2.3243e-01 (2.9868e-01)	Loss Disc 6.9260e-01 (6.9320e-01)	Loss Pred 5.7040e-01 (5.5788e-01)	Loss TOTAL 1.0442e+00 (9.6402e-01)
Epoch: [11][ 50/496]	L_Src_Sup 2.0878e-01 (2.0157e-01)	L_Trg_Inj 2.4997e-01 (2.8853e-01)	Loss Disc 6.9368e-01 (6.9319e-01)	Loss Pred 5.5526e-01 (5.5702e-01)	Loss TOTAL 9.4797e-01 (9.6194e-01)
Epoch: [11][ 60/496]	L_Src_Sup 2.3219e-01 (2.0612e-01)	L_Trg_Inj 2.4833e-01 (2.9208e-01)	Loss Disc 6.9386e-01 (6.9321e-01)	Loss Pred 4.9401e-01 (5.5597e-01)	Loss TOTAL 8.8900e-01 (9.6145e-01)
Epoch: [11][ 70/496]	L_Src_Sup 2.4489e-01 (2.0463e-01)	L_Trg_Inj 1.5568e-01 (2.8415e-01)	Loss Disc 6.9276e-01 (6.9320e-01)	Loss Pred 5.7050e-01 (5.5422e-01)	Loss TOTAL 1.0461e+00 (9.6050e-01)
Epoch: [11][ 80/496]	L_Src_Sup 1.3611e-01 (2.0583e-01)	L_Trg_Inj 2.7958e-01 (2.7761e-01)	Loss Disc 6.9321e-01 (6.9317e-01)	Loss Pred 5.5925e-01 (5.5604e-01)	Loss TOTAL 9.4742e-01 (9.6314e-01)
Epoch: [11][ 90/496]	L_Src_Sup 2.0720e-01 (2.0518e-01)	L_Trg_Inj 2.4946e-01 (2.7469e-01)	Loss Disc 6.9202e-01 (6.9316e-01)	Loss Pred 6.3196e-01 (5.5633e-01)	Loss TOTAL 1.0236e+00 (9.6272e-01)
Epoch: [11][100/496]	L_Src_Sup 1.2126e-01 (2.0468e-01)	L_Trg_Inj 2.5012e-01 (2.7619e-01)	Loss Disc 6.9375e-01 (6.9317e-01)	Loss Pred 5.6538e-01 (5.5671e-01)	Loss TOTAL 9.4940e-01 (9.6351e-01)
Epoch: [11][110/496]	L_Src_Sup 1.7206e-01 (2.0380e-01)	L_Trg_Inj 2.1544e-01 (2.6962e-01)	Loss Disc 6.9246e-01 (6.9311e-01)	Loss Pred 5.9776e-01 (5.5851e-01)	Loss TOTAL 9.8273e-01 (9.6506e-01)
Epoch: [11][120/496]	L_Src_Sup 1.4576e-01 (2.0644e-01)	L_Trg_Inj 3.7492e-01 (2.6896e-01)	Loss Disc 6.9246e-01 (6.9306e-01)	Loss Pred 5.8509e-01 (5.6048e-01)	Loss TOTAL 9.8339e-01 (9.6835e-01)
Epoch: [11][130/496]	L_Src_Sup 1.6669e-01 (2.0575e-01)	L_Trg_Inj 2.7587e-01 (2.7278e-01)	Loss Disc 6.9383e-01 (6.9307e-01)	Loss Pred 5.1708e-01 (5.6137e-01)	Loss TOTAL 9.0825e-01 (9.6850e-01)
Epoch: [11][140/496]	L_Src_Sup 1.5385e-01 (2.0280e-01)	L_Trg_Inj 3.2225e-01 (2.7243e-01)	Loss Disc 6.9399e-01 (6.9306e-01)	Loss Pred 5.3813e-01 (5.6135e-01)	Loss TOTAL 9.3274e-01 (9.6723e-01)
Epoch: [11][150/496]	L_Src_Sup 2.0002e-01 (2.0272e-01)	L_Trg_Inj 2.9658e-01 (2.7102e-01)	Loss Disc 6.9272e-01 (6.9306e-01)	Loss Pred 5.5928e-01 (5.6105e-01)	Loss TOTAL 9.5530e-01 (9.6726e-01)
Epoch: [11][160/496]	L_Src_Sup 2.1054e-01 (2.0177e-01)	L_Trg_Inj 3.1210e-01 (2.7287e-01)	Loss Disc 6.9273e-01 (6.9308e-01)	Loss Pred 5.8637e-01 (5.6033e-01)	Loss TOTAL 9.8500e-01 (9.6588e-01)
Epoch: [11][170/496]	L_Src_Sup 2.3078e-01 (2.0143e-01)	L_Trg_Inj 1.2499e-01 (2.7109e-01)	Loss Disc 6.9233e-01 (6.9308e-01)	Loss Pred 5.3767e-01 (5.6021e-01)	Loss TOTAL 1.0252e+00 (9.6588e-01)
Epoch: [11][180/496]	L_Src_Sup 2.2680e-01 (2.0143e-01)	L_Trg_Inj 2.0127e-01 (2.7059e-01)	Loss Disc 6.9218e-01 (6.9308e-01)	Loss Pred 5.7562e-01 (5.6014e-01)	Loss TOTAL 9.9004e-01 (9.6570e-01)
Epoch: [11][190/496]	L_Src_Sup 2.1293e-01 (2.0112e-01)	L_Trg_Inj 2.8618e-01 (2.7275e-01)	Loss Disc 6.9332e-01 (6.9309e-01)	Loss Pred 5.7019e-01 (5.6011e-01)	Loss TOTAL 9.6676e-01 (9.6555e-01)
Epoch: [11][200/496]	L_Src_Sup 1.9628e-01 (2.0396e-01)	L_Trg_Inj 2.5438e-01 (2.7555e-01)	Loss Disc 6.9263e-01 (6.9308e-01)	Loss Pred 5.5657e-01 (5.6078e-01)	Loss TOTAL 9.4795e-01 (9.6667e-01)
Epoch: [11][210/496]	L_Src_Sup 1.5529e-01 (2.0299e-01)	L_Trg_Inj 1.5381e-01 (2.7594e-01)	Loss Disc 6.9190e-01 (6.9306e-01)	Loss Pred 5.4419e-01 (5.6049e-01)	Loss TOTAL 9.2252e-01 (9.6577e-01)
Epoch: [11][220/496]	L_Src_Sup 2.6784e-01 (2.0309e-01)	L_Trg_Inj 2.5501e-01 (2.7808e-01)	Loss Disc 6.9073e-01 (6.9301e-01)	Loss Pred 5.8842e-01 (5.6090e-01)	Loss TOTAL 9.9890e-01 (9.6595e-01)
Epoch: [11][230/496]	L_Src_Sup 2.7386e-01 (2.0311e-01)	L_Trg_Inj 2.4496e-01 (2.7842e-01)	Loss Disc 6.8944e-01 (6.9292e-01)	Loss Pred 5.8642e-01 (5.6120e-01)	Loss TOTAL 1.0119e+00 (9.6591e-01)
Epoch: [11][240/496]	L_Src_Sup 2.2204e-01 (2.0281e-01)	L_Trg_Inj 4.6904e-01 (2.8257e-01)	Loss Disc 6.9615e-01 (6.9288e-01)	Loss Pred 5.6544e-01 (5.6172e-01)	Loss TOTAL 9.8262e-01 (9.6654e-01)
Epoch: [11][250/496]	L_Src_Sup 2.9165e-01 (2.0333e-01)	L_Trg_Inj 2.5988e-01 (2.8401e-01)	Loss Disc 6.9298e-01 (6.9289e-01)	Loss Pred 5.2830e-01 (5.6134e-01)	Loss TOTAL 9.6171e-01 (9.6631e-01)
Epoch: [11][260/496]	L_Src_Sup 1.8341e-01 (2.0494e-01)	L_Trg_Inj 2.6014e-01 (2.8435e-01)	Loss Disc 6.9090e-01 (6.9285e-01)	Loss Pred 5.7061e-01 (5.6152e-01)	Loss TOTAL 9.6042e-01 (9.6693e-01)
Epoch: [11][270/496]	L_Src_Sup 2.8898e-01 (2.0473e-01)	L_Trg_Inj 2.1756e-01 (2.8466e-01)	Loss Disc 6.9139e-01 (6.9283e-01)	Loss Pred 5.5460e-01 (5.6173e-01)	Loss TOTAL 1.0224e+00 (9.6746e-01)
Epoch: [11][280/496]	L_Src_Sup 6.7126e-02 (2.0387e-01)	L_Trg_Inj 2.2954e-01 (2.8366e-01)	Loss Disc 6.9015e-01 (6.9281e-01)	Loss Pred 6.1822e-01 (5.6184e-01)	Loss TOTAL 9.9296e-01 (9.6716e-01)
Epoch: [11][290/496]	L_Src_Sup 1.0743e-01 (2.0409e-01)	L_Trg_Inj 3.6590e-01 (2.8321e-01)	Loss Disc 6.9164e-01 (6.9276e-01)	Loss Pred 5.9656e-01 (5.6214e-01)	Loss TOTAL 9.8971e-01 (9.6784e-01)
Epoch: [11][300/496]	L_Src_Sup 2.3447e-01 (2.0343e-01)	L_Trg_Inj 2.2004e-01 (2.8349e-01)	Loss Disc 6.8760e-01 (6.9273e-01)	Loss Pred 5.9099e-01 (5.6232e-01)	Loss TOTAL 9.9466e-01 (9.6766e-01)
Epoch: [11][310/496]	L_Src_Sup 2.1361e-01 (2.0268e-01)	L_Trg_Inj 3.0939e-01 (2.8333e-01)	Loss Disc 6.9623e-01 (6.9267e-01)	Loss Pred 5.4489e-01 (5.6294e-01)	Loss TOTAL 9.4530e-01 (9.6787e-01)
Epoch: [11][320/496]	L_Src_Sup 1.6304e-01 (2.0298e-01)	L_Trg_Inj 2.6864e-01 (2.8376e-01)	Loss Disc 6.9245e-01 (6.9271e-01)	Loss Pred 5.7061e-01 (5.6251e-01)	Loss TOTAL 9.6001e-01 (9.6732e-01)
Epoch: [11][330/496]	L_Src_Sup 2.2996e-01 (2.0314e-01)	L_Trg_Inj 1.3273e-01 (2.8240e-01)	Loss Disc 6.8591e-01 (6.9267e-01)	Loss Pred 6.4573e-01 (5.6299e-01)	Loss TOTAL 1.1222e+00 (9.6801e-01)
Epoch: [11][340/496]	L_Src_Sup 1.2303e-01 (2.0339e-01)	L_Trg_Inj 4.0987e-01 (2.8363e-01)	Loss Disc 6.9495e-01 (6.9262e-01)	Loss Pred 5.6727e-01 (5.6328e-01)	Loss TOTAL 9.6803e-01 (9.6836e-01)
Epoch: [11][350/496]	L_Src_Sup 2.4988e-01 (2.0407e-01)	L_Trg_Inj 3.4156e-01 (2.8492e-01)	Loss Disc 6.9019e-01 (6.9257e-01)	Loss Pred 5.8177e-01 (5.6366e-01)	Loss TOTAL 9.8601e-01 (9.6886e-01)
Epoch: [11][360/496]	L_Src_Sup 1.1503e-01 (2.0395e-01)	L_Trg_Inj 2.9337e-01 (2.8742e-01)	Loss Disc 6.9005e-01 (6.9260e-01)	Loss Pred 5.8565e-01 (5.6364e-01)	Loss TOTAL 9.7152e-01 (9.6882e-01)
Epoch: [11][370/496]	L_Src_Sup 1.5024e-01 (2.0452e-01)	L_Trg_Inj 2.8932e-01 (2.8751e-01)	Loss Disc 6.9086e-01 (6.9258e-01)	Loss Pred 5.8550e-01 (5.6359e-01)	Loss TOTAL 9.7489e-01 (9.6884e-01)
Epoch: [11][380/496]	L_Src_Sup 1.9750e-01 (2.0348e-01)	L_Trg_Inj 3.0524e-01 (2.8806e-01)	Loss Disc 6.8937e-01 (6.9256e-01)	Loss Pred 6.0620e-01 (5.6371e-01)	Loss TOTAL 1.0012e+00 (9.6876e-01)
Epoch: [11][390/496]	L_Src_Sup 2.0519e-01 (2.0392e-01)	L_Trg_Inj 2.8604e-01 (2.8765e-01)	Loss Disc 6.9144e-01 (6.9254e-01)	Loss Pred 5.6518e-01 (5.6353e-01)	Loss TOTAL 9.6003e-01 (9.6887e-01)
Epoch: [11][400/496]	L_Src_Sup 1.8811e-01 (2.0359e-01)	L_Trg_Inj 3.3748e-01 (2.8805e-01)	Loss Disc 6.9281e-01 (6.9253e-01)	Loss Pred 5.7063e-01 (5.6336e-01)	Loss TOTAL 9.6960e-01 (9.6857e-01)
Epoch: [11][410/496]	L_Src_Sup 1.4208e-01 (2.0328e-01)	L_Trg_Inj 3.4927e-01 (2.8801e-01)	Loss Disc 6.9509e-01 (6.9253e-01)	Loss Pred 5.4408e-01 (5.6337e-01)	Loss TOTAL 9.4076e-01 (9.6859e-01)
Epoch: [11][420/496]	L_Src_Sup 1.0535e-01 (2.0243e-01)	L_Trg_Inj 3.2739e-01 (2.8761e-01)	Loss Disc 6.9273e-01 (6.9252e-01)	Loss Pred 5.8555e-01 (5.6338e-01)	Loss TOTAL 9.7519e-01 (9.6863e-01)
Epoch: [11][430/496]	L_Src_Sup 2.6017e-01 (2.0192e-01)	L_Trg_Inj 2.0330e-01 (2.8633e-01)	Loss Disc 6.9471e-01 (6.9251e-01)	Loss Pred 5.3863e-01 (5.6324e-01)	Loss TOTAL 9.8920e-01 (9.6831e-01)
Epoch: [11][440/496]	L_Src_Sup 1.2566e-01 (2.0243e-01)	L_Trg_Inj 4.6633e-01 (2.8837e-01)	Loss Disc 6.9288e-01 (6.9252e-01)	Loss Pred 5.8141e-01 (5.6320e-01)	Loss TOTAL 9.8705e-01 (9.6841e-01)
Epoch: [11][450/496]	L_Src_Sup 1.8903e-01 (2.0260e-01)	L_Trg_Inj 2.9952e-01 (2.8869e-01)	Loss Disc 6.9319e-01 (6.9252e-01)	Loss Pred 5.5441e-01 (5.6316e-01)	Loss TOTAL 9.4986e-01 (9.6828e-01)
Epoch: [11][460/496]	L_Src_Sup 1.1880e-01 (2.0213e-01)	L_Trg_Inj 2.4905e-01 (2.8798e-01)	Loss Disc 6.9183e-01 (6.9253e-01)	Loss Pred 5.5421e-01 (5.6306e-01)	Loss TOTAL 9.3691e-01 (9.6799e-01)
Epoch: [11][470/496]	L_Src_Sup 1.4568e-01 (2.0214e-01)	L_Trg_Inj 3.0489e-01 (2.8704e-01)	Loss Disc 6.9176e-01 (6.9253e-01)	Loss Pred 5.7635e-01 (5.6309e-01)	Loss TOTAL 9.6729e-01 (9.6817e-01)
Epoch: [11][480/496]	L_Src_Sup 2.4488e-01 (2.0281e-01)	L_Trg_Inj 4.0351e-01 (2.8861e-01)	Loss Disc 6.9224e-01 (6.9253e-01)	Loss Pred 5.4396e-01 (5.6307e-01)	Loss TOTAL 9.5491e-01 (9.6829e-01)
Epoch: [11][490/496]	L_Src_Sup 3.1026e-01 (2.0349e-01)	L_Trg_Inj 2.3485e-01 (2.9003e-01)	Loss Disc 6.9183e-01 (6.9253e-01)	Loss Pred 5.4395e-01 (5.6304e-01)	Loss TOTAL 1.0198e+00 (9.6843e-01)
Epoch: [11][496/496]	L_Src_Sup 2.1329e-01 (2.0319e-01)	L_Trg_Inj 3.0621e-01 (2.8980e-01)	Loss Disc 6.9378e-01 (6.9253e-01)	Loss Pred 5.5415e-01 (5.6285e-01)	Loss TOTAL 9.5299e-01 (9.6815e-01)
Epoch 11 complete. Saving model state...
Epoch: [12][ 10/496]	L_Src_Sup 1.9517e-01 (2.4222e-01)	L_Trg_Inj 5.0765e-01 (3.1480e-01)	Loss Disc 6.9501e-01 (6.9205e-01)	Loss Pred 5.4181e-01 (5.6592e-01)	Loss TOTAL 9.5960e-01 (9.8600e-01)
Epoch: [12][ 20/496]	L_Src_Sup 1.9292e-01 (2.4469e-01)	L_Trg_Inj 4.5240e-01 (3.6747e-01)	Loss Disc 6.9168e-01 (6.9235e-01)	Loss Pred 5.9126e-01 (5.6456e-01)	Loss TOTAL 1.0016e+00 (9.8112e-01)
Epoch: [12][ 30/496]	L_Src_Sup 2.8837e-01 (2.3442e-01)	L_Trg_Inj 4.5122e-01 (3.6777e-01)	Loss Disc 6.9571e-01 (6.9266e-01)	Loss Pred 5.5000e-01 (5.6150e-01)	Loss TOTAL 9.7181e-01 (9.7726e-01)
Epoch: [12][ 40/496]	L_Src_Sup 1.2391e-01 (2.2886e-01)	L_Trg_Inj 4.2030e-01 (3.7882e-01)	Loss Disc 6.9297e-01 (6.9268e-01)	Loss Pred 5.7536e-01 (5.6328e-01)	Loss TOTAL 9.7626e-01 (9.7730e-01)
Epoch: [12][ 50/496]	L_Src_Sup 2.0003e-01 (2.2559e-01)	L_Trg_Inj 3.5361e-01 (3.6860e-01)	Loss Disc 6.9297e-01 (6.9251e-01)	Loss Pred 5.5967e-01 (5.6443e-01)	Loss TOTAL 9.6153e-01 (9.7585e-01)
Epoch: [12][ 60/496]	L_Src_Sup 1.7145e-01 (2.2685e-01)	L_Trg_Inj 2.8423e-01 (3.5717e-01)	Loss Disc 6.8949e-01 (6.9250e-01)	Loss Pred 5.9658e-01 (5.6447e-01)	Loss TOTAL 9.8689e-01 (9.7842e-01)
Epoch: [12][ 70/496]	L_Src_Sup 1.6071e-01 (2.2225e-01)	L_Trg_Inj 2.8491e-01 (3.5199e-01)	Loss Disc 6.9279e-01 (6.9261e-01)	Loss Pred 5.5978e-01 (5.6234e-01)	Loss TOTAL 9.5074e-01 (9.7475e-01)
Epoch: [12][ 80/496]	L_Src_Sup 2.5322e-01 (2.2198e-01)	L_Trg_Inj 2.3089e-01 (3.4645e-01)	Loss Disc 6.8983e-01 (6.9258e-01)	Loss Pred 5.8076e-01 (5.6346e-01)	Loss TOTAL 9.9642e-01 (9.7447e-01)
Epoch: [12][ 90/496]	L_Src_Sup 2.0223e-01 (2.1965e-01)	L_Trg_Inj 2.6389e-01 (3.3557e-01)	Loss Disc 6.9351e-01 (6.9252e-01)	Loss Pred 5.6512e-01 (5.6379e-01)	Loss TOTAL 9.5849e-01 (9.7268e-01)
Epoch: [12][100/496]	L_Src_Sup 1.7997e-01 (2.1864e-01)	L_Trg_Inj 2.9680e-01 (3.2868e-01)	Loss Disc 6.9267e-01 (6.9253e-01)	Loss Pred 5.5944e-01 (5.6300e-01)	Loss TOTAL 9.5345e-01 (9.7219e-01)
Epoch: [12][110/496]	L_Src_Sup 1.7237e-01 (2.1393e-01)	L_Trg_Inj 2.2494e-01 (3.2160e-01)	Loss Disc 6.8973e-01 (6.9253e-01)	Loss Pred 5.9703e-01 (5.6322e-01)	Loss TOTAL 9.8163e-01 (9.7111e-01)
Epoch: [12][120/496]	L_Src_Sup 2.7119e-01 (2.1526e-01)	L_Trg_Inj 3.1153e-01 (3.1420e-01)	Loss Disc 6.9136e-01 (6.9248e-01)	Loss Pred 5.4403e-01 (5.6297e-01)	Loss TOTAL 9.4798e-01 (9.7173e-01)
Epoch: [12][130/496]	L_Src_Sup 1.7620e-01 (2.1518e-01)	L_Trg_Inj 3.3598e-01 (3.1789e-01)	Loss Disc 6.9438e-01 (6.9255e-01)	Loss Pred 5.4352e-01 (5.6322e-01)	Loss TOTAL 9.4193e-01 (9.7164e-01)
Epoch: [12][140/496]	L_Src_Sup 2.3313e-01 (2.1491e-01)	L_Trg_Inj 2.4458e-01 (3.1697e-01)	Loss Disc 6.9201e-01 (6.9256e-01)	Loss Pred 5.8178e-01 (5.6310e-01)	Loss TOTAL 9.7556e-01 (9.7095e-01)
Epoch: [12][150/496]	L_Src_Sup 1.7482e-01 (2.1347e-01)	L_Trg_Inj 2.5692e-01 (3.1605e-01)	Loss Disc 6.9313e-01 (6.9260e-01)	Loss Pred 5.4335e-01 (5.6258e-01)	Loss TOTAL 9.3309e-01 (9.6965e-01)
Epoch: [12][160/496]	L_Src_Sup 1.7828e-01 (2.1389e-01)	L_Trg_Inj 2.5507e-01 (3.1368e-01)	Loss Disc 6.9191e-01 (6.9259e-01)	Loss Pred 5.5409e-01 (5.6259e-01)	Loss TOTAL 9.4338e-01 (9.6948e-01)
Epoch: [12][170/496]	L_Src_Sup 2.1358e-01 (2.1406e-01)	L_Trg_Inj 3.1403e-01 (3.1597e-01)	Loss Disc 6.9367e-01 (6.9263e-01)	Loss Pred 5.4315e-01 (5.6237e-01)	Loss TOTAL 9.4275e-01 (9.6907e-01)
Epoch: [12][180/496]	L_Src_Sup 1.8246e-01 (2.1269e-01)	L_Trg_Inj 2.4884e-01 (3.1456e-01)	Loss Disc 6.9334e-01 (6.9264e-01)	Loss Pred 5.6475e-01 (5.6231e-01)	Loss TOTAL 9.5455e-01 (9.6860e-01)
Epoch: [12][190/496]	L_Src_Sup 2.2703e-01 (2.1097e-01)	L_Trg_Inj 1.6298e-01 (3.0989e-01)	Loss Disc 6.9282e-01 (6.9265e-01)	Loss Pred 5.2716e-01 (5.6212e-01)	Loss TOTAL 9.7663e-01 (9.6773e-01)
Epoch: [12][200/496]	L_Src_Sup 2.4029e-01 (2.1060e-01)	L_Trg_Inj 3.3398e-01 (3.0897e-01)	Loss Disc 6.9405e-01 (6.9268e-01)	Loss Pred 5.5951e-01 (5.6201e-01)	Loss TOTAL 9.6396e-01 (9.6732e-01)
Epoch: [12][210/496]	L_Src_Sup 2.0748e-01 (2.0963e-01)	L_Trg_Inj 2.0136e-01 (3.0348e-01)	Loss Disc 6.9253e-01 (6.9267e-01)	Loss Pred 5.5929e-01 (5.6222e-01)	Loss TOTAL 9.5256e-01 (9.6838e-01)
Epoch: [12][220/496]	L_Src_Sup 1.2125e-01 (2.0978e-01)	L_Trg_Inj 2.3403e-01 (2.9988e-01)	Loss Disc 6.9191e-01 (6.9264e-01)	Loss Pred 5.6464e-01 (5.6266e-01)	Loss TOTAL 9.4613e-01 (9.6948e-01)
Epoch: [12][230/496]	L_Src_Sup 2.2916e-01 (2.1031e-01)	L_Trg_Inj 3.5178e-01 (2.9903e-01)	Loss Disc 6.9522e-01 (6.9263e-01)	Loss Pred 5.8060e-01 (5.6304e-01)	Loss TOTAL 9.8630e-01 (9.6956e-01)
Epoch: [12][240/496]	L_Src_Sup 2.2002e-01 (2.1102e-01)	L_Trg_Inj 2.9686e-01 (2.9940e-01)	Loss Disc 6.9385e-01 (6.9267e-01)	Loss Pred 5.5934e-01 (5.6261e-01)	Loss TOTAL 9.5796e-01 (9.6909e-01)
Epoch: [12][250/496]	L_Src_Sup 3.0122e-01 (2.1248e-01)	L_Trg_Inj 3.4304e-01 (3.0040e-01)	Loss Disc 6.9417e-01 (6.9270e-01)	Loss Pred 5.2731e-01 (5.6235e-01)	Loss TOTAL 9.3882e-01 (9.6922e-01)
Epoch: [12][260/496]	L_Src_Sup 2.2224e-01 (2.1105e-01)	L_Trg_Inj 1.7161e-01 (3.0161e-01)	Loss Disc 6.9223e-01 (6.9271e-01)	Loss Pred 5.6464e-01 (5.6226e-01)	Loss TOTAL 1.0008e+00 (9.6895e-01)
Epoch: [12][270/496]	L_Src_Sup 1.6337e-01 (2.1126e-01)	L_Trg_Inj 2.1867e-01 (3.0047e-01)	Loss Disc 6.9174e-01 (6.9272e-01)	Loss Pred 5.7079e-01 (5.6201e-01)	Loss TOTAL 9.5487e-01 (9.6856e-01)
Epoch: [12][280/496]	L_Src_Sup 1.4761e-01 (2.1146e-01)	L_Trg_Inj 2.1771e-01 (2.9865e-01)	Loss Disc 6.9107e-01 (6.9271e-01)	Loss Pred 5.8642e-01 (5.6204e-01)	Loss TOTAL 9.6849e-01 (9.6922e-01)
Epoch: [12][290/496]	L_Src_Sup 2.2430e-01 (2.1078e-01)	L_Trg_Inj 2.8092e-01 (2.9772e-01)	Loss Disc 6.9344e-01 (6.9274e-01)	Loss Pred 5.7045e-01 (5.6150e-01)	Loss TOTAL 9.6769e-01 (9.6860e-01)
Epoch: [12][300/496]	L_Src_Sup 2.1064e-01 (2.1009e-01)	L_Trg_Inj 3.5331e-01 (2.9881e-01)	Loss Disc 6.9341e-01 (6.9277e-01)	Loss Pred 5.8686e-01 (5.6121e-01)	Loss TOTAL 9.8996e-01 (9.6823e-01)
Epoch: [12][310/496]	L_Src_Sup 2.2511e-01 (2.0938e-01)	L_Trg_Inj 2.1292e-01 (2.9676e-01)	Loss Disc 6.9398e-01 (6.9277e-01)	Loss Pred 5.2367e-01 (5.6126e-01)	Loss TOTAL 9.2666e-01 (9.6809e-01)
Epoch: [12][320/496]	L_Src_Sup 1.9111e-01 (2.0951e-01)	L_Trg_Inj 1.8740e-01 (2.9519e-01)	Loss Disc 6.9203e-01 (6.9278e-01)	Loss Pred 5.6509e-01 (5.6106e-01)	Loss TOTAL 9.5266e-01 (9.6765e-01)
Epoch: [12][330/496]	L_Src_Sup 1.1761e-01 (2.0905e-01)	L_Trg_Inj 3.1246e-01 (2.9496e-01)	Loss Disc 6.9362e-01 (6.9280e-01)	Loss Pred 5.4817e-01 (5.6065e-01)	Loss TOTAL 9.3799e-01 (9.6701e-01)
Epoch: [12][340/496]	L_Src_Sup 1.3463e-01 (2.0911e-01)	L_Trg_Inj 2.0302e-01 (2.9374e-01)	Loss Disc 6.9314e-01 (6.9281e-01)	Loss Pred 5.3734e-01 (5.6082e-01)	Loss TOTAL 9.1767e-01 (9.6689e-01)
Epoch: [12][350/496]	L_Src_Sup 8.0829e-02 (2.0863e-01)	L_Trg_Inj 2.2222e-01 (2.9353e-01)	Loss Disc 6.9227e-01 (6.9280e-01)	Loss Pred 5.6468e-01 (5.6110e-01)	Loss TOTAL 9.4112e-01 (9.6695e-01)
Epoch: [12][360/496]	L_Src_Sup 3.0769e-01 (2.0799e-01)	L_Trg_Inj 4.9767e-01 (2.9367e-01)	Loss Disc 6.9360e-01 (6.9281e-01)	Loss Pred 6.0874e-01 (5.6130e-01)	Loss TOTAL 1.0361e+00 (9.6692e-01)
Epoch: [12][370/496]	L_Src_Sup 1.7021e-01 (2.0766e-01)	L_Trg_Inj 2.3434e-01 (2.9279e-01)	Loss Disc 6.9224e-01 (6.9281e-01)	Loss Pred 5.9172e-01 (5.6157e-01)	Loss TOTAL 9.7830e-01 (9.6721e-01)
Epoch: [12][380/496]	L_Src_Sup 1.7061e-01 (2.0836e-01)	L_Trg_Inj 3.0523e-01 (2.9315e-01)	Loss Disc 6.9239e-01 (6.9282e-01)	Loss Pred 5.8282e-01 (5.6191e-01)	Loss TOTAL 9.7659e-01 (9.6747e-01)
Epoch: [12][390/496]	L_Src_Sup 2.1798e-01 (2.0940e-01)	L_Trg_Inj 2.8941e-01 (2.9448e-01)	Loss Disc 6.9281e-01 (6.9284e-01)	Loss Pred 5.5414e-01 (5.6195e-01)	Loss TOTAL 9.5128e-01 (9.6772e-01)
Epoch: [12][400/496]	L_Src_Sup 3.4265e-01 (2.0924e-01)	L_Trg_Inj 2.8299e-01 (2.9362e-01)	Loss Disc 6.9318e-01 (6.9283e-01)	Loss Pred 5.6475e-01 (5.6186e-01)	Loss TOTAL 1.0336e+00 (9.6754e-01)
Epoch: [12][410/496]	L_Src_Sup 2.8574e-01 (2.0995e-01)	L_Trg_Inj 3.9683e-01 (2.9549e-01)	Loss Disc 6.9408e-01 (6.9285e-01)	Loss Pred 5.3297e-01 (5.6195e-01)	Loss TOTAL 9.4826e-01 (9.6767e-01)
Epoch: [12][420/496]	L_Src_Sup 3.4424e-01 (2.1016e-01)	L_Trg_Inj 2.7925e-01 (2.9609e-01)	Loss Disc 6.9251e-01 (6.9285e-01)	Loss Pred 5.7013e-01 (5.6222e-01)	Loss TOTAL 1.0437e+00 (9.6816e-01)
Epoch: [12][430/496]	L_Src_Sup 2.9787e-01 (2.1116e-01)	L_Trg_Inj 2.0304e-01 (2.9584e-01)	Loss Disc 6.9167e-01 (6.9286e-01)	Loss Pred 5.9121e-01 (5.6245e-01)	Loss TOTAL 1.0820e+00 (9.6865e-01)
Epoch: [12][440/496]	L_Src_Sup 2.1249e-01 (2.1030e-01)	L_Trg_Inj 1.8611e-01 (2.9415e-01)	Loss Disc 6.9264e-01 (6.9285e-01)	Loss Pred 5.3982e-01 (5.6243e-01)	Loss TOTAL 9.5238e-01 (9.6831e-01)
Epoch: [12][450/496]	L_Src_Sup 2.1207e-01 (2.0938e-01)	L_Trg_Inj 2.0250e-01 (2.9306e-01)	Loss Disc 6.9334e-01 (6.9286e-01)	Loss Pred 5.3871e-01 (5.6235e-01)	Loss TOTAL 9.3640e-01 (9.6790e-01)
Epoch: [12][460/496]	L_Src_Sup 1.8550e-01 (2.0985e-01)	L_Trg_Inj 2.7325e-01 (2.9365e-01)	Loss Disc 6.9191e-01 (6.9286e-01)	Loss Pred 5.7656e-01 (5.6248e-01)	Loss TOTAL 9.6839e-01 (9.6814e-01)
Epoch: [12][470/496]	L_Src_Sup 3.2310e-01 (2.0975e-01)	L_Trg_Inj 2.4986e-01 (2.9363e-01)	Loss Disc 6.9191e-01 (6.9285e-01)	Loss Pred 5.6475e-01 (5.6256e-01)	Loss TOTAL 1.0412e+00 (9.6818e-01)
Epoch: [12][480/496]	L_Src_Sup 2.0429e-01 (2.0973e-01)	L_Trg_Inj 3.5876e-01 (2.9381e-01)	Loss Disc 6.9266e-01 (6.9285e-01)	Loss Pred 5.7007e-01 (5.6268e-01)	Loss TOTAL 9.7270e-01 (9.6819e-01)
Epoch: [12][490/496]	L_Src_Sup 1.6506e-01 (2.0938e-01)	L_Trg_Inj 2.3377e-01 (2.9332e-01)	Loss Disc 6.9219e-01 (6.9285e-01)	Loss Pred 5.7525e-01 (5.6270e-01)	Loss TOTAL 9.6123e-01 (9.6800e-01)
Epoch: [12][496/496]	L_Src_Sup 1.4042e-01 (2.0889e-01)	L_Trg_Inj 2.1781e-01 (2.9262e-01)	Loss Disc 6.9219e-01 (6.9285e-01)	Loss Pred 5.5945e-01 (5.6261e-01)	Loss TOTAL 9.4137e-01 (9.6768e-01)
Epoch 12 complete. Saving model state...
Epoch: [13][ 10/496]	L_Src_Sup 2.2644e-01 (2.0487e-01)	L_Trg_Inj 3.3927e-01 (3.0719e-01)	Loss Disc 6.9377e-01 (6.9306e-01)	Loss Pred 5.2285e-01 (5.5668e-01)	Loss TOTAL 9.2631e-01 (9.7033e-01)
Epoch: [13][ 20/496]	L_Src_Sup 2.5015e-01 (2.1961e-01)	L_Trg_Inj 3.9297e-01 (3.4684e-01)	Loss Disc 6.9261e-01 (6.9333e-01)	Loss Pred 5.8082e-01 (5.5638e-01)	Loss TOTAL 9.9144e-01 (9.6817e-01)
Epoch: [13][ 30/496]	L_Src_Sup 1.8885e-01 (2.1613e-01)	L_Trg_Inj 2.8029e-01 (3.3880e-01)	Loss Disc 6.9219e-01 (6.9326e-01)	Loss Pred 5.8641e-01 (5.5742e-01)	Loss TOTAL 9.7942e-01 (9.6716e-01)
Epoch: [13][ 40/496]	L_Src_Sup 1.7021e-01 (2.1884e-01)	L_Trg_Inj 3.7494e-01 (3.3158e-01)	Loss Disc 6.9282e-01 (6.9315e-01)	Loss Pred 5.9141e-01 (5.5940e-01)	Loss TOTAL 9.9233e-01 (9.6889e-01)
Epoch: [13][ 50/496]	L_Src_Sup 3.1255e-01 (2.1906e-01)	L_Trg_Inj 3.1149e-01 (3.3232e-01)	Loss Disc 6.9267e-01 (6.9318e-01)	Loss Pred 5.8084e-01 (5.5937e-01)	Loss TOTAL 9.9064e-01 (9.6827e-01)
Epoch: [13][ 60/496]	L_Src_Sup 1.9249e-01 (2.2007e-01)	L_Trg_Inj 3.5917e-01 (3.3629e-01)	Loss Disc 6.9382e-01 (6.9318e-01)	Loss Pred 5.4372e-01 (5.6114e-01)	Loss TOTAL 9.4579e-01 (9.7021e-01)
Epoch: [13][ 70/496]	L_Src_Sup 2.9787e-01 (2.2061e-01)	L_Trg_Inj 3.4243e-01 (3.3725e-01)	Loss Disc 6.9429e-01 (6.9316e-01)	Loss Pred 5.5440e-01 (5.6268e-01)	Loss TOTAL 9.6557e-01 (9.7193e-01)
Epoch: [13][ 80/496]	L_Src_Sup 1.9706e-01 (2.1613e-01)	L_Trg_Inj 1.8678e-01 (3.3311e-01)	Loss Disc 6.9279e-01 (6.9319e-01)	Loss Pred 5.4887e-01 (5.6119e-01)	Loss TOTAL 9.4393e-01 (9.6886e-01)
Epoch: [13][ 90/496]	L_Src_Sup 3.0534e-01 (2.1508e-01)	L_Trg_Inj 2.1866e-01 (3.2907e-01)	Loss Disc 6.9316e-01 (6.9319e-01)	Loss Pred 5.4328e-01 (5.6071e-01)	Loss TOTAL 1.0289e+00 (9.6911e-01)
Epoch: [13][100/496]	L_Src_Sup 1.9206e-01 (2.1287e-01)	L_Trg_Inj 3.0775e-01 (3.2108e-01)	Loss Disc 6.9282e-01 (6.9314e-01)	Loss Pred 5.9137e-01 (5.6205e-01)	Loss TOTAL 9.8776e-01 (9.6981e-01)
Epoch: [13][110/496]	L_Src_Sup 3.1401e-01 (2.1329e-01)	L_Trg_Inj 2.6173e-01 (3.1602e-01)	Loss Disc 6.9090e-01 (6.9308e-01)	Loss Pred 6.0944e-01 (5.6233e-01)	Loss TOTAL 1.0647e+00 (9.6979e-01)
Epoch: [13][120/496]	L_Src_Sup 2.5112e-01 (2.1421e-01)	L_Trg_Inj 3.2688e-01 (3.1636e-01)	Loss Disc 6.9216e-01 (6.9305e-01)	Loss Pred 5.8065e-01 (5.6305e-01)	Loss TOTAL 9.8454e-01 (9.7089e-01)
Epoch: [13][130/496]	L_Src_Sup 2.1502e-01 (2.1350e-01)	L_Trg_Inj 4.3709e-01 (3.1882e-01)	Loss Disc 6.9327e-01 (6.9304e-01)	Loss Pred 5.9928e-01 (5.6423e-01)	Loss TOTAL 1.0111e+00 (9.7204e-01)
Epoch: [13][140/496]	L_Src_Sup 2.4245e-01 (2.1288e-01)	L_Trg_Inj 4.3709e-01 (3.2621e-01)	Loss Disc 6.9343e-01 (6.9311e-01)	Loss Pred 5.6492e-01 (5.6358e-01)	Loss TOTAL 9.7959e-01 (9.7153e-01)
Epoch: [13][150/496]	L_Src_Sup 2.2086e-01 (2.1284e-01)	L_Trg_Inj 3.4370e-01 (3.3028e-01)	Loss Disc 6.9369e-01 (6.9312e-01)	Loss Pred 5.0726e-01 (5.6350e-01)	Loss TOTAL 9.1056e-01 (9.7141e-01)
Epoch: [13][160/496]	L_Src_Sup 2.3999e-01 (2.1215e-01)	L_Trg_Inj 2.1839e-01 (3.2890e-01)	Loss Disc 6.9289e-01 (6.9312e-01)	Loss Pred 5.5945e-01 (5.6216e-01)	Loss TOTAL 9.7334e-01 (9.6956e-01)
Epoch: [13][170/496]	L_Src_Sup 1.9157e-01 (2.1256e-01)	L_Trg_Inj 3.4344e-01 (3.2615e-01)	Loss Disc 6.9276e-01 (6.9312e-01)	Loss Pred 5.9140e-01 (5.6241e-01)	Loss TOTAL 9.9128e-01 (9.6985e-01)
Epoch: [13][180/496]	L_Src_Sup 1.5835e-01 (2.1179e-01)	L_Trg_Inj 4.5188e-01 (3.2348e-01)	Loss Disc 6.9452e-01 (6.9312e-01)	Loss Pred 5.5408e-01 (5.6201e-01)	Loss TOTAL 9.6236e-01 (9.6875e-01)
Epoch: [13][190/496]	L_Src_Sup 2.0207e-01 (2.1118e-01)	L_Trg_Inj 2.9676e-01 (3.2227e-01)	Loss Disc 6.9352e-01 (6.9312e-01)	Loss Pred 5.6479e-01 (5.6188e-01)	Loss TOTAL 9.6144e-01 (9.6832e-01)
Epoch: [13][200/496]	L_Src_Sup 2.7624e-01 (2.1375e-01)	L_Trg_Inj 4.0020e-01 (3.2327e-01)	Loss Disc 6.9370e-01 (6.9313e-01)	Loss Pred 5.4731e-01 (5.6179e-01)	Loss TOTAL 9.6180e-01 (9.6929e-01)
Epoch: [13][210/496]	L_Src_Sup 1.5403e-01 (2.1310e-01)	L_Trg_Inj 3.2585e-01 (3.2189e-01)	Loss Disc 6.9347e-01 (6.9313e-01)	Loss Pred 5.3836e-01 (5.6208e-01)	Loss TOTAL 9.3308e-01 (9.6950e-01)
Epoch: [13][220/496]	L_Src_Sup 1.6337e-01 (2.1183e-01)	L_Trg_Inj 3.4036e-01 (3.2209e-01)	Loss Disc 6.9318e-01 (6.9312e-01)	Loss Pred 5.7000e-01 (5.6250e-01)	Loss TOTAL 9.6696e-01 (9.6966e-01)
Epoch: [13][230/496]	L_Src_Sup 8.0889e-02 (2.1102e-01)	L_Trg_Inj 1.7167e-01 (3.2158e-01)	Loss Disc 6.9192e-01 (6.9311e-01)	Loss Pred 5.6467e-01 (5.6297e-01)	Loss TOTAL 9.3588e-01 (9.6968e-01)
Epoch: [13][240/496]	L_Src_Sup 1.8754e-01 (2.1072e-01)	L_Trg_Inj 4.0593e-01 (3.2204e-01)	Loss Disc 6.9273e-01 (6.9311e-01)	Loss Pred 5.8046e-01 (5.6294e-01)	Loss TOTAL 9.8616e-01 (9.6945e-01)
Epoch: [13][250/496]	L_Src_Sup 2.5802e-01 (2.1052e-01)	L_Trg_Inj 2.3422e-01 (3.2157e-01)	Loss Disc 6.9173e-01 (6.9311e-01)	Loss Pred 5.9641e-01 (5.6311e-01)	Loss TOTAL 1.0153e+00 (9.6967e-01)
Epoch: [13][260/496]	L_Src_Sup 1.5386e-01 (2.1109e-01)	L_Trg_Inj 2.8123e-01 (3.2165e-01)	Loss Disc 6.9299e-01 (6.9310e-01)	Loss Pred 5.3849e-01 (5.6285e-01)	Loss TOTAL 9.2849e-01 (9.6940e-01)
Epoch: [13][270/496]	L_Src_Sup 1.8367e-01 (2.1088e-01)	L_Trg_Inj 4.3706e-01 (3.2427e-01)	Loss Disc 6.9316e-01 (6.9311e-01)	Loss Pred 5.7006e-01 (5.6312e-01)	Loss TOTAL 9.7871e-01 (9.6975e-01)
Epoch: [13][280/496]	L_Src_Sup 1.4000e-01 (2.1069e-01)	L_Trg_Inj 3.7474e-01 (3.2618e-01)	Loss Disc 6.9330e-01 (6.9312e-01)	Loss Pred 5.5938e-01 (5.6261e-01)	Loss TOTAL 9.5751e-01 (9.6919e-01)
Epoch: [13][290/496]	L_Src_Sup 1.5688e-01 (2.1135e-01)	L_Trg_Inj 4.1482e-01 (3.2828e-01)	Loss Disc 6.9342e-01 (6.9312e-01)	Loss Pred 5.4933e-01 (5.6279e-01)	Loss TOTAL 9.5321e-01 (9.6948e-01)
Epoch: [13][300/496]	L_Src_Sup 1.1998e-01 (2.1211e-01)	L_Trg_Inj 3.1168e-01 (3.2903e-01)	Loss Disc 6.9308e-01 (6.9313e-01)	Loss Pred 5.5940e-01 (5.6277e-01)	Loss TOTAL 9.4910e-01 (9.6941e-01)
Epoch: [13][310/496]	L_Src_Sup 2.0581e-01 (2.1340e-01)	L_Trg_Inj 3.0067e-01 (3.2957e-01)	Loss Disc 6.9341e-01 (6.9313e-01)	Loss Pred 5.2264e-01 (5.6250e-01)	Loss TOTAL 9.2000e-01 (9.6945e-01)
Epoch: [13][320/496]	L_Src_Sup 2.7484e-01 (2.1344e-01)	L_Trg_Inj 2.5026e-01 (3.2983e-01)	Loss Disc 6.9288e-01 (6.9313e-01)	Loss Pred 5.4877e-01 (5.6249e-01)	Loss TOTAL 9.7229e-01 (9.6935e-01)
Epoch: [13][330/496]	L_Src_Sup 1.4438e-01 (2.1190e-01)	L_Trg_Inj 3.7455e-01 (3.2910e-01)	Loss Disc 6.9302e-01 (6.9313e-01)	Loss Pred 5.7537e-01 (5.6249e-01)	Loss TOTAL 9.7378e-01 (9.6894e-01)
Epoch: [13][340/496]	L_Src_Sup 2.6292e-01 (2.1241e-01)	L_Trg_Inj 3.4912e-01 (3.2929e-01)	Loss Disc 6.9325e-01 (6.9313e-01)	Loss Pred 5.6491e-01 (5.6240e-01)	Loss TOTAL 9.7274e-01 (9.6901e-01)
Epoch: [13][350/496]	L_Src_Sup 1.4439e-01 (2.1220e-01)	L_Trg_Inj 2.4993e-01 (3.2826e-01)	Loss Disc 6.9239e-01 (6.9312e-01)	Loss Pred 5.7549e-01 (5.6243e-01)	Loss TOTAL 9.6112e-01 (9.6874e-01)
Epoch: [13][360/496]	L_Src_Sup 1.2969e-01 (2.1074e-01)	L_Trg_Inj 3.1223e-01 (3.2772e-01)	Loss Disc 6.9439e-01 (6.9313e-01)	Loss Pred 5.1634e-01 (5.6212e-01)	Loss TOTAL 9.0773e-01 (9.6826e-01)
Epoch: [13][370/496]	L_Src_Sup 1.3157e-01 (2.1043e-01)	L_Trg_Inj 2.4785e-01 (3.2697e-01)	Loss Disc 6.9270e-01 (6.9313e-01)	Loss Pred 6.0389e-01 (5.6232e-01)	Loss TOTAL 9.8818e-01 (9.6831e-01)
Epoch: [13][380/496]	L_Src_Sup 2.3778e-01 (2.1103e-01)	L_Trg_Inj 3.1175e-01 (3.2629e-01)	Loss Disc 6.9343e-01 (6.9313e-01)	Loss Pred 5.4478e-01 (5.6261e-01)	Loss TOTAL 9.4644e-01 (9.6903e-01)
Epoch: [13][390/496]	L_Src_Sup 2.8568e-01 (2.1111e-01)	L_Trg_Inj 2.1869e-01 (3.2605e-01)	Loss Disc 6.9296e-01 (6.9313e-01)	Loss Pred 5.7004e-01 (5.6273e-01)	Loss TOTAL 1.0339e+00 (9.6970e-01)
Epoch: [13][400/496]	L_Src_Sup 1.9071e-01 (2.1002e-01)	L_Trg_Inj 2.4570e-01 (3.2476e-01)	Loss Disc 6.9349e-01 (6.9314e-01)	Loss Pred 5.3391e-01 (5.6262e-01)	Loss TOTAL 9.2430e-01 (9.6924e-01)
Epoch: [13][410/496]	L_Src_Sup 2.3404e-01 (2.0959e-01)	L_Trg_Inj 4.0633e-01 (3.2427e-01)	Loss Disc 6.9338e-01 (6.9314e-01)	Loss Pred 5.9117e-01 (5.6273e-01)	Loss TOTAL 1.0019e+00 (9.6926e-01)
Epoch: [13][420/496]	L_Src_Sup 1.5098e-01 (2.0938e-01)	L_Trg_Inj 3.1504e-01 (3.2389e-01)	Loss Disc 6.9357e-01 (6.9314e-01)	Loss Pred 5.2810e-01 (5.6269e-01)	Loss TOTAL 9.2149e-01 (9.6921e-01)
Epoch: [13][430/496]	L_Src_Sup 1.7648e-01 (2.0862e-01)	L_Trg_Inj 1.5087e-01 (3.2291e-01)	Loss Disc 6.9307e-01 (6.9314e-01)	Loss Pred 5.4884e-01 (5.6267e-01)	Loss TOTAL 9.5371e-01 (9.6896e-01)
Epoch: [13][440/496]	L_Src_Sup 2.0405e-01 (2.0842e-01)	L_Trg_Inj 2.4981e-01 (3.2172e-01)	Loss Disc 6.9299e-01 (6.9314e-01)	Loss Pred 5.7000e-01 (5.6262e-01)	Loss TOTAL 9.6188e-01 (9.6865e-01)
Epoch: [13][450/496]	L_Src_Sup 2.3908e-01 (2.0828e-01)	L_Trg_Inj 2.4363e-01 (3.2072e-01)	Loss Disc 6.9315e-01 (6.9315e-01)	Loss Pred 6.0240e-01 (5.6252e-01)	Loss TOTAL 9.9725e-01 (9.6850e-01)
Epoch: [13][460/496]	L_Src_Sup 2.3164e-01 (2.0749e-01)	L_Trg_Inj 1.1083e-01 (3.1685e-01)	Loss Disc 6.9294e-01 (6.9315e-01)	Loss Pred 5.8636e-01 (5.6242e-01)	Loss TOTAL 1.0879e+00 (9.6865e-01)
Epoch: [13][470/496]	L_Src_Sup 1.7396e-01 (2.0787e-01)	L_Trg_Inj 3.3918e-01 (3.1667e-01)	Loss Disc 6.9300e-01 (6.9315e-01)	Loss Pred 6.0233e-01 (5.6265e-01)	Loss TOTAL 1.0001e+00 (9.6877e-01)
Epoch: [13][480/496]	L_Src_Sup 1.5096e-01 (2.0715e-01)	L_Trg_Inj 3.9453e-01 (3.1623e-01)	Loss Disc 6.9348e-01 (6.9315e-01)	Loss Pred 5.2751e-01 (5.6250e-01)	Loss TOTAL 9.2880e-01 (9.6839e-01)
Epoch: [13][490/496]	L_Src_Sup 2.5242e-01 (2.0747e-01)	L_Trg_Inj 4.8273e-01 (3.1849e-01)	Loss Disc 6.9309e-01 (6.9315e-01)	Loss Pred 5.8844e-01 (5.6258e-01)	Loss TOTAL 1.0085e+00 (9.6859e-01)
Epoch: [13][496/496]	L_Src_Sup 2.0625e-01 (2.0731e-01)	L_Trg_Inj 3.1217e-01 (3.1905e-01)	Loss Disc 6.9305e-01 (6.9315e-01)	Loss Pred 5.7565e-01 (5.6265e-01)	Loss TOTAL 9.7401e-01 (9.6862e-01)
Epoch 13 complete. Saving model state...
Epoch: [14][ 10/496]	L_Src_Sup 2.2224e-01 (1.9122e-01)	L_Trg_Inj 3.6862e-01 (3.1974e-01)	Loss Disc 6.9315e-01 (6.9314e-01)	Loss Pred 5.6473e-01 (5.5480e-01)	Loss TOTAL 9.7039e-01 (9.5639e-01)
Epoch: [14][ 20/496]	L_Src_Sup 2.6098e-01 (2.0864e-01)	L_Trg_Inj 2.5244e-01 (3.1789e-01)	Loss Disc 6.9267e-01 (6.9310e-01)	Loss Pred 6.0172e-01 (5.7231e-01)	Loss TOTAL 1.0079e+00 (9.7902e-01)
Epoch: [14][ 30/496]	L_Src_Sup 1.9755e-01 (2.0658e-01)	L_Trg_Inj 4.3504e-01 (3.3536e-01)	Loss Disc 6.9333e-01 (6.9319e-01)	Loss Pred 5.4860e-01 (5.6294e-01)	Loss TOTAL 9.5852e-01 (9.6873e-01)
Epoch: [14][ 40/496]	L_Src_Sup 1.9491e-01 (2.0604e-01)	L_Trg_Inj 2.7812e-01 (3.2899e-01)	Loss Disc 6.9337e-01 (6.9318e-01)	Loss Pred 5.3802e-01 (5.6259e-01)	Loss TOTAL 9.3201e-01 (9.6659e-01)
Epoch: [14][ 50/496]	L_Src_Sup 2.4765e-01 (2.0732e-01)	L_Trg_Inj 1.7731e-01 (3.1103e-01)	Loss Disc 6.9274e-01 (6.9315e-01)	Loss Pred 5.3280e-01 (5.6166e-01)	Loss TOTAL 9.9200e-01 (9.6865e-01)
Epoch: [14][ 60/496]	L_Src_Sup 2.0407e-01 (2.0818e-01)	L_Trg_Inj 1.7186e-01 (3.0789e-01)	Loss Disc 6.9262e-01 (6.9313e-01)	Loss Pred 5.7006e-01 (5.6402e-01)	Loss TOTAL 9.8617e-01 (9.7250e-01)
Epoch: [14][ 70/496]	L_Src_Sup 2.5743e-01 (2.1195e-01)	L_Trg_Inj 2.1812e-01 (3.0394e-01)	Loss Disc 6.9265e-01 (6.9310e-01)	Loss Pred 5.5413e-01 (5.6447e-01)	Loss TOTAL 9.8731e-01 (9.7395e-01)
Epoch: [14][ 80/496]	L_Src_Sup 1.5870e-01 (2.0992e-01)	L_Trg_Inj 3.8859e-01 (2.9623e-01)	Loss Disc 6.9439e-01 (6.9307e-01)	Loss Pred 5.5419e-01 (5.6355e-01)	Loss TOTAL 9.5612e-01 (9.7227e-01)
Epoch: [14][ 90/496]	L_Src_Sup 1.6500e-01 (2.1013e-01)	L_Trg_Inj 3.4343e-01 (2.9496e-01)	Loss Disc 6.9267e-01 (6.9305e-01)	Loss Pred 5.7554e-01 (5.6274e-01)	Loss TOTAL 9.7272e-01 (9.7015e-01)
Epoch: [14][100/496]	L_Src_Sup 3.2687e-01 (2.1633e-01)	L_Trg_Inj 2.8089e-01 (2.9313e-01)	Loss Disc 6.9304e-01 (6.9307e-01)	Loss Pred 5.4360e-01 (5.6116e-01)	Loss TOTAL 9.9687e-01 (9.7089e-01)
Epoch: [14][110/496]	L_Src_Sup 2.6490e-01 (2.1802e-01)	L_Trg_Inj 3.0039e-01 (2.9027e-01)	Loss Disc 6.9021e-01 (6.9292e-01)	Loss Pred 5.8613e-01 (5.6284e-01)	Loss TOTAL 9.8776e-01 (9.7260e-01)
Epoch: [14][120/496]	L_Src_Sup 1.3468e-01 (2.1930e-01)	L_Trg_Inj 1.5900e-01 (2.8760e-01)	Loss Disc 6.9134e-01 (6.9289e-01)	Loss Pred 5.3838e-01 (5.6152e-01)	Loss TOTAL 9.1342e-01 (9.7164e-01)
Epoch: [14][130/496]	L_Src_Sup 2.9673e-01 (2.2186e-01)	L_Trg_Inj 4.0642e-01 (2.8615e-01)	Loss Disc 6.9441e-01 (6.9282e-01)	Loss Pred 5.5424e-01 (5.6162e-01)	Loss TOTAL 9.7176e-01 (9.7304e-01)
Epoch: [14][140/496]	L_Src_Sup 2.2247e-01 (2.2097e-01)	L_Trg_Inj 2.8102e-01 (2.8764e-01)	Loss Disc 6.9124e-01 (6.9279e-01)	Loss Pred 5.6492e-01 (5.6155e-01)	Loss TOTAL 9.6089e-01 (9.7241e-01)
Epoch: [14][150/496]	L_Src_Sup 2.3645e-01 (2.1954e-01)	L_Trg_Inj 2.0142e-01 (2.8832e-01)	Loss Disc 6.9220e-01 (6.9278e-01)	Loss Pred 5.4895e-01 (5.6157e-01)	Loss TOTAL 9.7386e-01 (9.7171e-01)
Epoch: [14][160/496]	L_Src_Sup 1.2699e-01 (2.1781e-01)	L_Trg_Inj 1.8680e-01 (2.8314e-01)	Loss Disc 6.9131e-01 (6.9274e-01)	Loss Pred 5.8687e-01 (5.6135e-01)	Loss TOTAL 9.6391e-01 (9.7117e-01)
Epoch: [14][170/496]	L_Src_Sup 2.3289e-01 (2.1841e-01)	L_Trg_Inj 2.9680e-01 (2.8002e-01)	Loss Disc 6.9553e-01 (6.9273e-01)	Loss Pred 5.4315e-01 (5.6087e-01)	Loss TOTAL 9.4388e-01 (9.7151e-01)
Epoch: [14][180/496]	L_Src_Sup 3.0840e-01 (2.1996e-01)	L_Trg_Inj 3.1704e-01 (2.7835e-01)	Loss Disc 6.9069e-01 (6.9266e-01)	Loss Pred 6.1719e-01 (5.6235e-01)	Loss TOTAL 1.0251e+00 (9.7405e-01)
Epoch: [14][190/496]	L_Src_Sup 1.8256e-01 (2.1942e-01)	L_Trg_Inj 3.3121e-01 (2.7935e-01)	Loss Disc 6.9750e-01 (6.9268e-01)	Loss Pred 5.6839e-01 (5.6282e-01)	Loss TOTAL 9.6852e-01 (9.7444e-01)
Epoch: [14][200/496]	L_Src_Sup 2.3875e-01 (2.1910e-01)	L_Trg_Inj 3.4203e-01 (2.7977e-01)	Loss Disc 6.9474e-01 (6.9270e-01)	Loss Pred 5.5479e-01 (5.6225e-01)	Loss TOTAL 9.6024e-01 (9.7426e-01)
Epoch: [14][210/496]	L_Src_Sup 2.3436e-01 (2.1908e-01)	L_Trg_Inj 3.6828e-01 (2.8029e-01)	Loss Disc 6.9306e-01 (6.9265e-01)	Loss Pred 5.4927e-01 (5.6249e-01)	Loss TOTAL 9.5607e-01 (9.7419e-01)
Epoch: [14][220/496]	L_Src_Sup 2.7203e-01 (2.1898e-01)	L_Trg_Inj 2.5066e-01 (2.8053e-01)	Loss Disc 6.9118e-01 (6.9263e-01)	Loss Pred 5.4377e-01 (5.6239e-01)	Loss TOTAL 9.6299e-01 (9.7355e-01)
Epoch: [14][230/496]	L_Src_Sup 2.0620e-01 (2.1826e-01)	L_Trg_Inj 2.8804e-01 (2.8080e-01)	Loss Disc 6.9046e-01 (6.9260e-01)	Loss Pred 5.7531e-01 (5.6226e-01)	Loss TOTAL 9.6996e-01 (9.7336e-01)
Epoch: [14][240/496]	L_Src_Sup 1.7312e-01 (2.1859e-01)	L_Trg_Inj 3.1240e-01 (2.8164e-01)	Loss Disc 6.9377e-01 (6.9261e-01)	Loss Pred 5.3862e-01 (5.6235e-01)	Loss TOTAL 9.3406e-01 (9.7375e-01)
Epoch: [14][250/496]	L_Src_Sup 1.2845e-01 (2.1775e-01)	L_Trg_Inj 3.7349e-01 (2.8185e-01)	Loss Disc 6.9750e-01 (6.9263e-01)	Loss Pred 5.1235e-01 (5.6244e-01)	Loss TOTAL 9.1129e-01 (9.7341e-01)
Epoch: [14][260/496]	L_Src_Sup 3.0478e-01 (2.1816e-01)	L_Trg_Inj 3.1178e-01 (2.8020e-01)	Loss Disc 6.9467e-01 (6.9263e-01)	Loss Pred 5.3292e-01 (5.6240e-01)	Loss TOTAL 9.4191e-01 (9.7362e-01)
Epoch: [14][270/496]	L_Src_Sup 2.7726e-01 (2.1692e-01)	L_Trg_Inj 2.4320e-01 (2.7957e-01)	Loss Disc 6.9339e-01 (6.9263e-01)	Loss Pred 5.5407e-01 (5.6260e-01)	Loss TOTAL 9.8687e-01 (9.7330e-01)
Epoch: [14][280/496]	L_Src_Sup 1.6493e-01 (2.1729e-01)	L_Trg_Inj 2.8113e-01 (2.8054e-01)	Loss Disc 6.9274e-01 (6.9264e-01)	Loss Pred 5.9429e-01 (5.6267e-01)	Loss TOTAL 9.8526e-01 (9.7332e-01)
Epoch: [14][290/496]	L_Src_Sup 2.2712e-01 (2.1699e-01)	L_Trg_Inj 2.3428e-01 (2.8089e-01)	Loss Disc 6.8811e-01 (6.9259e-01)	Loss Pred 6.2234e-01 (5.6347e-01)	Loss TOTAL 1.0125e+00 (9.7376e-01)
Epoch: [14][300/496]	L_Src_Sup 2.1517e-01 (2.1784e-01)	L_Trg_Inj 2.9668e-01 (2.8169e-01)	Loss Disc 6.9166e-01 (6.9259e-01)	Loss Pred 5.9593e-01 (5.6378e-01)	Loss TOTAL 9.9294e-01 (9.7410e-01)
Epoch: [14][310/496]	L_Src_Sup 2.3001e-01 (2.1820e-01)	L_Trg_Inj 3.9044e-01 (2.8286e-01)	Loss Disc 6.9151e-01 (6.9261e-01)	Loss Pred 6.2674e-01 (5.6390e-01)	Loss TOTAL 1.0345e+00 (9.7393e-01)
Epoch: [14][320/496]	L_Src_Sup 2.3155e-01 (2.1860e-01)	L_Trg_Inj 4.2176e-01 (2.8272e-01)	Loss Disc 6.9480e-01 (6.9262e-01)	Loss Pred 5.8543e-01 (5.6383e-01)	Loss TOTAL 9.9816e-01 (9.7402e-01)
Epoch: [14][330/496]	L_Src_Sup 1.4285e-01 (2.1742e-01)	L_Trg_Inj 2.2038e-01 (2.8105e-01)	Loss Disc 6.9330e-01 (6.9262e-01)	Loss Pred 5.6987e-01 (5.6358e-01)	Loss TOTAL 9.5284e-01 (9.7343e-01)
Epoch: [14][340/496]	L_Src_Sup 9.7100e-02 (2.1760e-01)	L_Trg_Inj 2.1864e-01 (2.8103e-01)	Loss Disc 6.9194e-01 (6.9262e-01)	Loss Pred 5.4389e-01 (5.6355e-01)	Loss TOTAL 9.2143e-01 (9.7339e-01)
Epoch: [14][350/496]	L_Src_Sup 2.8569e-01 (2.1774e-01)	L_Trg_Inj 2.2484e-01 (2.8168e-01)	Loss Disc 6.9062e-01 (6.9261e-01)	Loss Pred 6.0625e-01 (5.6380e-01)	Loss TOTAL 1.0635e+00 (9.7373e-01)
Epoch: [14][360/496]	L_Src_Sup 9.5258e-02 (2.1708e-01)	L_Trg_Inj 2.1863e-01 (2.8202e-01)	Loss Disc 6.9252e-01 (6.9261e-01)	Loss Pred 5.3366e-01 (5.6380e-01)	Loss TOTAL 9.1131e-01 (9.7332e-01)
Epoch: [14][370/496]	L_Src_Sup 2.0373e-01 (2.1765e-01)	L_Trg_Inj 2.3431e-01 (2.8195e-01)	Loss Disc 6.8969e-01 (6.9259e-01)	Loss Pred 5.6983e-01 (5.6383e-01)	Loss TOTAL 9.5848e-01 (9.7365e-01)
Epoch: [14][380/496]	L_Src_Sup 3.7605e-01 (2.1700e-01)	L_Trg_Inj 3.2769e-01 (2.8251e-01)	Loss Disc 6.9345e-01 (6.9262e-01)	Loss Pred 5.5406e-01 (5.6322e-01)	Loss TOTAL 1.0195e+00 (9.7291e-01)
Epoch: [14][390/496]	L_Src_Sup 2.1454e-01 (2.1740e-01)	L_Trg_Inj 5.1306e-01 (2.8273e-01)	Loss Disc 6.9648e-01 (6.9262e-01)	Loss Pred 5.3881e-01 (5.6304e-01)	Loss TOTAL 9.5980e-01 (9.7279e-01)
Epoch: [14][400/496]	L_Src_Sup 1.4220e-01 (2.1776e-01)	L_Trg_Inj 3.1339e-01 (2.8424e-01)	Loss Disc 6.9268e-01 (6.9263e-01)	Loss Pred 5.4372e-01 (5.6315e-01)	Loss TOTAL 9.3561e-01 (9.7281e-01)
Epoch: [14][410/496]	L_Src_Sup 2.5789e-01 (2.1664e-01)	L_Trg_Inj 2.8090e-01 (2.8423e-01)	Loss Disc 6.9069e-01 (6.9263e-01)	Loss Pred 5.9647e-01 (5.6329e-01)	Loss TOTAL 9.9570e-01 (9.7261e-01)
Epoch: [14][420/496]	L_Src_Sup 1.8755e-01 (2.1651e-01)	L_Trg_Inj 3.1228e-01 (2.8334e-01)	Loss Disc 6.9375e-01 (6.9263e-01)	Loss Pred 5.8060e-01 (5.6336e-01)	Loss TOTAL 9.7746e-01 (9.7257e-01)
Epoch: [14][430/496]	L_Src_Sup 2.0974e-01 (2.1629e-01)	L_Trg_Inj 2.4969e-01 (2.8364e-01)	Loss Disc 6.9357e-01 (6.9265e-01)	Loss Pred 5.3302e-01 (5.6297e-01)	Loss TOTAL 9.2575e-01 (9.7216e-01)
Epoch: [14][440/496]	L_Src_Sup 1.8697e-01 (2.1588e-01)	L_Trg_Inj 3.5735e-01 (2.8462e-01)	Loss Disc 6.9423e-01 (6.9267e-01)	Loss Pred 5.2191e-01 (5.6281e-01)	Loss TOTAL 9.2346e-01 (9.7178e-01)
Epoch: [14][450/496]	L_Src_Sup 1.4827e-01 (2.1528e-01)	L_Trg_Inj 3.2764e-01 (2.8468e-01)	Loss Disc 6.9320e-01 (6.9268e-01)	Loss Pred 5.4858e-01 (5.6243e-01)	Loss TOTAL 9.4277e-01 (9.7119e-01)
Epoch: [14][460/496]	L_Src_Sup 2.1741e-01 (2.1568e-01)	L_Trg_Inj 2.7668e-01 (2.8607e-01)	Loss Disc 6.9202e-01 (6.9269e-01)	Loss Pred 6.0299e-01 (5.6251e-01)	Loss TOTAL 9.9841e-01 (9.7128e-01)
Epoch: [14][470/496]	L_Src_Sup 2.5920e-01 (2.1666e-01)	L_Trg_Inj 4.5522e-01 (2.8842e-01)	Loss Disc 6.9488e-01 (6.9271e-01)	Loss Pred 5.1592e-01 (5.6243e-01)	Loss TOTAL 9.3480e-01 (9.7129e-01)
Epoch: [14][480/496]	L_Src_Sup 1.0402e-01 (2.1612e-01)	L_Trg_Inj 3.8053e-01 (2.8982e-01)	Loss Disc 6.9313e-01 (6.9272e-01)	Loss Pred 5.8136e-01 (5.6266e-01)	Loss TOTAL 9.7638e-01 (9.7148e-01)
Epoch: [14][490/496]	L_Src_Sup 2.6665e-01 (2.1614e-01)	L_Trg_Inj 3.4360e-01 (2.9169e-01)	Loss Disc 6.9224e-01 (6.9273e-01)	Loss Pred 6.1329e-01 (5.6267e-01)	Loss TOTAL 1.0204e+00 (9.7143e-01)
Epoch: [14][496/496]	L_Src_Sup 2.6800e-01 (2.1620e-01)	L_Trg_Inj 2.1870e-01 (2.9199e-01)	Loss Disc 6.9195e-01 (6.9273e-01)	Loss Pred 5.9162e-01 (5.6263e-01)	Loss TOTAL 1.0356e+00 (9.7139e-01)
Epoch 14 complete. Saving model state...
Epoch: [15][ 10/496]	L_Src_Sup 2.5977e-01 (2.3560e-01)	L_Trg_Inj 3.4287e-01 (3.1733e-01)	Loss Disc 6.9315e-01 (6.9320e-01)	Loss Pred 5.5980e-01 (5.5310e-01)	Loss TOTAL 9.6664e-01 (9.5960e-01)
Epoch: [15][ 20/496]	L_Src_Sup 1.9146e-01 (2.1999e-01)	L_Trg_Inj 3.2998e-01 (3.3848e-01)	Loss Disc 6.9281e-01 (6.9326e-01)	Loss Pred 5.9184e-01 (5.5753e-01)	Loss TOTAL 9.9038e-01 (9.6230e-01)
Epoch: [15][ 30/496]	L_Src_Sup 2.5969e-01 (2.1996e-01)	L_Trg_Inj 3.1244e-01 (3.1910e-01)	Loss Disc 6.9263e-01 (6.9314e-01)	Loss Pred 5.9214e-01 (5.5939e-01)	Loss TOTAL 9.9567e-01 (9.6262e-01)
Epoch: [15][ 40/496]	L_Src_Sup 1.8868e-01 (2.0507e-01)	L_Trg_Inj 2.4176e-01 (3.1872e-01)	Loss Disc 6.9339e-01 (6.9320e-01)	Loss Pred 5.2647e-01 (5.5649e-01)	Loss TOTAL 9.1621e-01 (9.5754e-01)
Epoch: [15][ 50/496]	L_Src_Sup 1.7487e-01 (2.0409e-01)	L_Trg_Inj 2.9659e-01 (3.1292e-01)	Loss Disc 6.9308e-01 (6.9318e-01)	Loss Pred 5.4263e-01 (5.5475e-01)	Loss TOTAL 9.3632e-01 (9.5469e-01)
Epoch: [15][ 60/496]	L_Src_Sup 3.1349e-01 (2.0758e-01)	L_Trg_Inj 3.4289e-01 (3.0837e-01)	Loss Disc 6.9283e-01 (6.9312e-01)	Loss Pred 5.8121e-01 (5.5735e-01)	Loss TOTAL 9.9327e-01 (9.5963e-01)
Epoch: [15][ 70/496]	L_Src_Sup 2.0130e-01 (2.1051e-01)	L_Trg_Inj 3.1650e-01 (3.0104e-01)	Loss Disc 6.9189e-01 (6.9302e-01)	Loss Pred 6.0929e-01 (5.5827e-01)	Loss TOTAL 1.0070e+00 (9.6128e-01)
Epoch: [15][ 80/496]	L_Src_Sup 2.7521e-01 (2.1384e-01)	L_Trg_Inj 3.1139e-01 (2.9678e-01)	Loss Disc 6.9324e-01 (6.9288e-01)	Loss Pred 5.4865e-01 (5.6020e-01)	Loss TOTAL 9.5393e-01 (9.6416e-01)
Epoch: [15][ 90/496]	L_Src_Sup 1.4211e-01 (2.1032e-01)	L_Trg_Inj 3.2213e-01 (2.9137e-01)	Loss Disc 6.9242e-01 (6.9274e-01)	Loss Pred 5.5385e-01 (5.6028e-01)	Loss TOTAL 9.4648e-01 (9.6286e-01)
Epoch: [15][100/496]	L_Src_Sup 1.5238e-01 (2.1092e-01)	L_Trg_Inj 2.6155e-01 (2.8957e-01)	Loss Disc 6.9213e-01 (6.9270e-01)	Loss Pred 5.3230e-01 (5.6018e-01)	Loss TOTAL 9.1976e-01 (9.6367e-01)
Epoch: [15][110/496]	L_Src_Sup 2.4528e-01 (2.1150e-01)	L_Trg_Inj 3.2747e-01 (2.8561e-01)	Loss Disc 6.9572e-01 (6.9272e-01)	Loss Pred 5.2667e-01 (5.5978e-01)	Loss TOTAL 9.3180e-01 (9.6345e-01)
Epoch: [15][120/496]	L_Src_Sup 1.4184e-01 (2.1077e-01)	L_Trg_Inj 2.6325e-01 (2.8147e-01)	Loss Disc 6.9173e-01 (6.9259e-01)	Loss Pred 5.6545e-01 (5.6077e-01)	Loss TOTAL 9.5183e-01 (9.6420e-01)
Epoch: [15][130/496]	L_Src_Sup 2.4303e-01 (2.0950e-01)	L_Trg_Inj 3.5918e-01 (2.8382e-01)	Loss Disc 6.9728e-01 (6.9265e-01)	Loss Pred 5.2731e-01 (5.6098e-01)	Loss TOTAL 9.3617e-01 (9.6394e-01)
Epoch: [15][140/496]	L_Src_Sup 1.9362e-01 (2.0795e-01)	L_Trg_Inj 3.7489e-01 (2.8490e-01)	Loss Disc 6.9341e-01 (6.9270e-01)	Loss Pred 5.9690e-01 (5.6132e-01)	Loss TOTAL 1.0005e+00 (9.6457e-01)
Epoch: [15][150/496]	L_Src_Sup 1.8556e-01 (2.0571e-01)	L_Trg_Inj 3.7413e-01 (2.8453e-01)	Loss Disc 6.9353e-01 (6.9272e-01)	Loss Pred 5.7538e-01 (5.6115e-01)	Loss TOTAL 9.7811e-01 (9.6364e-01)
Epoch: [15][160/496]	L_Src_Sup 2.5002e-01 (2.0505e-01)	L_Trg_Inj 1.8709e-01 (2.8333e-01)	Loss Disc 6.9203e-01 (6.9275e-01)	Loss Pred 5.8090e-01 (5.6045e-01)	Loss TOTAL 1.0336e+00 (9.6272e-01)
Epoch: [15][170/496]	L_Src_Sup 1.8868e-01 (2.0402e-01)	L_Trg_Inj 2.4996e-01 (2.8353e-01)	Loss Disc 6.9368e-01 (6.9280e-01)	Loss Pred 5.2629e-01 (5.5971e-01)	Loss TOTAL 9.1699e-01 (9.6150e-01)
Epoch: [15][180/496]	L_Src_Sup 1.7543e-01 (2.0460e-01)	L_Trg_Inj 2.3424e-01 (2.8241e-01)	Loss Disc 6.9498e-01 (6.9282e-01)	Loss Pred 4.8261e-01 (5.5974e-01)	Loss TOTAL 8.7107e-01 (9.6139e-01)
Epoch: [15][190/496]	L_Src_Sup 2.1154e-01 (2.0390e-01)	L_Trg_Inj 2.6558e-01 (2.8201e-01)	Loss Disc 6.9337e-01 (6.9284e-01)	Loss Pred 5.3710e-01 (5.5950e-01)	Loss TOTAL 9.3150e-01 (9.6074e-01)
Epoch: [15][200/496]	L_Src_Sup 2.3996e-01 (2.0316e-01)	L_Trg_Inj 2.0319e-01 (2.8139e-01)	Loss Disc 6.9271e-01 (6.9286e-01)	Loss Pred 5.5912e-01 (5.5921e-01)	Loss TOTAL 9.8656e-01 (9.6028e-01)
Epoch: [15][210/496]	L_Src_Sup 2.4000e-01 (2.0314e-01)	L_Trg_Inj 3.7492e-01 (2.8031e-01)	Loss Disc 6.9416e-01 (6.9286e-01)	Loss Pred 5.5917e-01 (5.6003e-01)	Loss TOTAL 9.6775e-01 (9.6076e-01)
Epoch: [15][220/496]	L_Src_Sup 2.1783e-01 (2.0377e-01)	L_Trg_Inj 2.9683e-01 (2.7947e-01)	Loss Disc 6.9377e-01 (6.9288e-01)	Loss Pred 5.5361e-01 (5.5980e-01)	Loss TOTAL 9.5196e-01 (9.6077e-01)
Epoch: [15][230/496]	L_Src_Sup 2.4099e-01 (2.0404e-01)	L_Trg_Inj 1.2498e-01 (2.7640e-01)	Loss Disc 6.9253e-01 (6.9288e-01)	Loss Pred 5.5963e-01 (5.5982e-01)	Loss TOTAL 1.0585e+00 (9.6191e-01)
Epoch: [15][240/496]	L_Src_Sup 1.8376e-01 (2.0348e-01)	L_Trg_Inj 2.5511e-01 (2.7504e-01)	Loss Disc 6.9385e-01 (6.9288e-01)	Loss Pred 5.7088e-01 (5.6042e-01)	Loss TOTAL 9.6169e-01 (9.6276e-01)
Epoch: [15][250/496]	L_Src_Sup 1.4897e-01 (2.0218e-01)	L_Trg_Inj 3.1684e-01 (2.7300e-01)	Loss Disc 6.9405e-01 (6.9288e-01)	Loss Pred 5.7652e-01 (5.6092e-01)	Loss TOTAL 9.7012e-01 (9.6311e-01)
Epoch: [15][260/496]	L_Src_Sup 3.0204e-01 (2.0331e-01)	L_Trg_Inj 1.8634e-01 (2.7241e-01)	Loss Disc 6.9195e-01 (6.9289e-01)	Loss Pred 5.6215e-01 (5.6130e-01)	Loss TOTAL 1.0727e+00 (9.6432e-01)
Epoch: [15][270/496]	L_Src_Sup 3.1377e-01 (2.0578e-01)	L_Trg_Inj 3.7533e-01 (2.7392e-01)	Loss Disc 6.9460e-01 (6.9291e-01)	Loss Pred 5.5703e-01 (5.6246e-01)	Loss TOTAL 9.7324e-01 (9.6668e-01)
Epoch: [15][280/496]	L_Src_Sup 2.0202e-01 (2.0518e-01)	L_Trg_Inj 2.9615e-01 (2.7418e-01)	Loss Disc 6.9286e-01 (6.9292e-01)	Loss Pred 5.6485e-01 (5.6281e-01)	Loss TOTAL 9.6110e-01 (9.6707e-01)
Epoch: [15][290/496]	L_Src_Sup 2.7451e-01 (2.0419e-01)	L_Trg_Inj 2.6556e-01 (2.7369e-01)	Loss Disc 6.9319e-01 (6.9293e-01)	Loss Pred 5.4916e-01 (5.6271e-01)	Loss TOTAL 9.5871e-01 (9.6664e-01)
Epoch: [15][300/496]	L_Src_Sup 2.4490e-01 (2.0446e-01)	L_Trg_Inj 2.8111e-01 (2.7214e-01)	Loss Disc 6.9349e-01 (6.9294e-01)	Loss Pred 5.7003e-01 (5.6253e-01)	Loss TOTAL 9.6937e-01 (9.6686e-01)
Epoch: [15][310/496]	L_Src_Sup 2.1952e-01 (2.0534e-01)	L_Trg_Inj 1.7114e-01 (2.7202e-01)	Loss Disc 6.9310e-01 (6.9295e-01)	Loss Pred 5.4352e-01 (5.6230e-01)	Loss TOTAL 9.7752e-01 (9.6674e-01)
Epoch: [15][320/496]	L_Src_Sup 2.1056e-01 (2.0572e-01)	L_Trg_Inj 1.7272e-01 (2.7106e-01)	Loss Disc 6.9297e-01 (6.9296e-01)	Loss Pred 5.8703e-01 (5.6196e-01)	Loss TOTAL 1.0097e+00 (9.6737e-01)
Epoch: [15][330/496]	L_Src_Sup 3.1686e-01 (2.0644e-01)	L_Trg_Inj 2.4316e-01 (2.7218e-01)	Loss Disc 6.9305e-01 (6.9296e-01)	Loss Pred 5.5526e-01 (5.6218e-01)	Loss TOTAL 1.0315e+00 (9.6782e-01)
Epoch: [15][340/496]	L_Src_Sup 9.4780e-02 (2.0637e-01)	L_Trg_Inj 2.9256e-01 (2.7401e-01)	Loss Disc 6.9348e-01 (6.9297e-01)	Loss Pred 5.2290e-01 (5.6191e-01)	Loss TOTAL 9.0837e-01 (9.6746e-01)
Epoch: [15][350/496]	L_Src_Sup 3.0306e-01 (2.0715e-01)	L_Trg_Inj 3.9282e-01 (2.7610e-01)	Loss Disc 6.9316e-01 (6.9298e-01)	Loss Pred 5.6708e-01 (5.6208e-01)	Loss TOTAL 9.8325e-01 (9.6782e-01)
Epoch: [15][360/496]	L_Src_Sup 2.1330e-01 (2.0747e-01)	L_Trg_Inj 3.8699e-01 (2.7832e-01)	Loss Disc 6.9334e-01 (6.9299e-01)	Loss Pred 5.1727e-01 (5.6217e-01)	Loss TOTAL 9.2397e-01 (9.6786e-01)
Epoch: [15][370/496]	L_Src_Sup 1.2767e-01 (2.0654e-01)	L_Trg_Inj 2.3607e-01 (2.7868e-01)	Loss Disc 6.9293e-01 (6.9299e-01)	Loss Pred 5.9151e-01 (5.6203e-01)	Loss TOTAL 9.7435e-01 (9.6740e-01)
Epoch: [15][380/496]	L_Src_Sup 2.8268e-01 (2.0680e-01)	L_Trg_Inj 2.3046e-01 (2.7811e-01)	Loss Disc 6.9221e-01 (6.9299e-01)	Loss Pred 6.0372e-01 (5.6263e-01)	Loss TOTAL 1.0534e+00 (9.6799e-01)
Epoch: [15][390/496]	L_Src_Sup 1.1940e-01 (2.0716e-01)	L_Trg_Inj 2.7913e-01 (2.7927e-01)	Loss Disc 6.9357e-01 (6.9300e-01)	Loss Pred 5.5977e-01 (5.6270e-01)	Loss TOTAL 9.4640e-01 (9.6801e-01)
Epoch: [15][400/496]	L_Src_Sup 2.7370e-01 (2.0714e-01)	L_Trg_Inj 3.2317e-01 (2.7954e-01)	Loss Disc 6.9301e-01 (6.9301e-01)	Loss Pred 5.9001e-01 (5.6258e-01)	Loss TOTAL 9.9620e-01 (9.6783e-01)
Epoch: [15][410/496]	L_Src_Sup 1.6848e-01 (2.0664e-01)	L_Trg_Inj 2.3370e-01 (2.7962e-01)	Loss Disc 6.9266e-01 (6.9301e-01)	Loss Pred 5.8577e-01 (5.6278e-01)	Loss TOTAL 9.7232e-01 (9.6777e-01)
Epoch: [15][420/496]	L_Src_Sup 9.8999e-02 (2.0601e-01)	L_Trg_Inj 2.4749e-01 (2.7866e-01)	Loss Disc 6.9303e-01 (6.9301e-01)	Loss Pred 5.5402e-01 (5.6255e-01)	Loss TOTAL 9.3519e-01 (9.6747e-01)
Epoch: [15][430/496]	L_Src_Sup 2.5742e-01 (2.0615e-01)	L_Trg_Inj 3.0371e-01 (2.7905e-01)	Loss Disc 6.9322e-01 (6.9302e-01)	Loss Pred 5.5439e-01 (5.6242e-01)	Loss TOTAL 9.5711e-01 (9.6735e-01)
Epoch: [15][440/496]	L_Src_Sup 1.3826e-01 (2.0706e-01)	L_Trg_Inj 3.8618e-01 (2.8005e-01)	Loss Disc 6.9344e-01 (6.9302e-01)	Loss Pred 5.5460e-01 (5.6239e-01)	Loss TOTAL 9.5376e-01 (9.6749e-01)
Epoch: [15][450/496]	L_Src_Sup 8.5103e-02 (2.0605e-01)	L_Trg_Inj 3.3172e-01 (2.8087e-01)	Loss Disc 6.9248e-01 (6.9302e-01)	Loss Pred 5.9121e-01 (5.6252e-01)	Loss TOTAL 9.7913e-01 (9.6758e-01)
Epoch: [15][460/496]	L_Src_Sup 1.6831e-01 (2.0664e-01)	L_Trg_Inj 3.7445e-01 (2.8102e-01)	Loss Disc 6.9457e-01 (6.9302e-01)	Loss Pred 5.2222e-01 (5.6249e-01)	Loss TOTAL 9.2378e-01 (9.6759e-01)
Epoch: [15][470/496]	L_Src_Sup 2.8291e-01 (2.0776e-01)	L_Trg_Inj 3.5226e-01 (2.8214e-01)	Loss Disc 6.9312e-01 (6.9302e-01)	Loss Pred 5.6465e-01 (5.6241e-01)	Loss TOTAL 9.7473e-01 (9.6788e-01)
Epoch: [15][480/496]	L_Src_Sup 1.9268e-01 (2.0805e-01)	L_Trg_Inj 3.5734e-01 (2.8332e-01)	Loss Disc 6.9449e-01 (6.9302e-01)	Loss Pred 5.3794e-01 (5.6235e-01)	Loss TOTAL 9.4019e-01 (9.6794e-01)
Epoch: [15][490/496]	L_Src_Sup 3.1065e-01 (2.0821e-01)	L_Trg_Inj 2.7174e-01 (2.8411e-01)	Loss Disc 6.9333e-01 (6.9302e-01)	Loss Pred 5.4377e-01 (5.6257e-01)	Loss TOTAL 9.8758e-01 (9.6823e-01)
Epoch: [15][496/496]	L_Src_Sup 2.4383e-01 (2.0807e-01)	L_Trg_Inj 4.1619e-01 (2.8458e-01)	Loss Disc 6.9336e-01 (6.9302e-01)	Loss Pred 5.7520e-01 (5.6278e-01)	Loss TOTAL 9.8788e-01 (9.6835e-01)
Epoch 15 complete. Saving model state...
Epoch: [16][ 10/496]	L_Src_Sup 1.8520e-01 (2.1197e-01)	L_Trg_Inj 2.9846e-01 (2.8246e-01)	Loss Disc 6.9415e-01 (6.9314e-01)	Loss Pred 5.1701e-01 (5.5458e-01)	Loss TOTAL 9.1245e-01 (9.6641e-01)
Epoch: [16][ 20/496]	L_Src_Sup 2.3301e-01 (2.0755e-01)	L_Trg_Inj 2.4995e-01 (2.7616e-01)	Loss Disc 6.9320e-01 (6.9318e-01)	Loss Pred 5.4319e-01 (5.5401e-01)	Loss TOTAL 9.3809e-01 (9.6124e-01)
Epoch: [16][ 30/496]	L_Src_Sup 2.6803e-01 (2.0388e-01)	L_Trg_Inj 3.1161e-01 (2.9156e-01)	Loss Disc 6.9239e-01 (6.9309e-01)	Loss Pred 5.7531e-01 (5.5791e-01)	Loss TOTAL 9.7947e-01 (9.6218e-01)
Epoch: [16][ 40/496]	L_Src_Sup 3.2358e-01 (2.1000e-01)	L_Trg_Inj 2.9654e-01 (2.9201e-01)	Loss Disc 6.9315e-01 (6.9311e-01)	Loss Pred 5.6466e-01 (5.6053e-01)	Loss TOTAL 1.0003e+00 (9.7089e-01)
Epoch: [16][ 50/496]	L_Src_Sup 2.6909e-01 (2.1419e-01)	L_Trg_Inj 3.2789e-01 (2.8903e-01)	Loss Disc 6.9268e-01 (6.9310e-01)	Loss Pred 5.8078e-01 (5.6183e-01)	Loss TOTAL 9.8681e-01 (9.7559e-01)
Epoch: [16][ 60/496]	L_Src_Sup 1.3853e-01 (2.0885e-01)	L_Trg_Inj 3.2020e-01 (2.8377e-01)	Loss Disc 6.9249e-01 (6.9305e-01)	Loss Pred 6.2817e-01 (5.6439e-01)	Loss TOTAL 1.0203e+00 (9.7812e-01)
Epoch: [16][ 70/496]	L_Src_Sup 2.2454e-01 (2.0772e-01)	L_Trg_Inj 2.4974e-01 (2.7822e-01)	Loss Disc 6.9437e-01 (6.9302e-01)	Loss Pred 5.2270e-01 (5.6384e-01)	Loss TOTAL 9.1731e-01 (9.7662e-01)
Epoch: [16][ 80/496]	L_Src_Sup 2.7660e-01 (2.0992e-01)	L_Trg_Inj 1.3637e-01 (2.7083e-01)	Loss Disc 6.9259e-01 (6.9304e-01)	Loss Pred 5.9118e-01 (5.6253e-01)	Loss TOTAL 1.1190e+00 (9.7809e-01)
Epoch: [16][ 90/496]	L_Src_Sup 1.9221e-01 (2.1086e-01)	L_Trg_Inj 4.4809e-01 (2.7216e-01)	Loss Disc 6.9399e-01 (6.9308e-01)	Loss Pred 5.4022e-01 (5.6102e-01)	Loss TOTAL 9.5124e-01 (9.7705e-01)
Epoch: [16][100/496]	L_Src_Sup 2.9704e-01 (2.0921e-01)	L_Trg_Inj 3.5440e-01 (2.8147e-01)	Loss Disc 6.9314e-01 (6.9311e-01)	Loss Pred 5.5385e-01 (5.5991e-01)	Loss TOTAL 9.6557e-01 (9.7460e-01)
Epoch: [16][110/496]	L_Src_Sup 1.9611e-01 (2.0612e-01)	L_Trg_Inj 2.4990e-01 (2.8361e-01)	Loss Disc 6.9337e-01 (6.9312e-01)	Loss Pred 5.4835e-01 (5.5936e-01)	Loss TOTAL 9.3964e-01 (9.7223e-01)
Epoch: [16][120/496]	L_Src_Sup 1.9356e-01 (2.0814e-01)	L_Trg_Inj 2.3436e-01 (2.8572e-01)	Loss Disc 6.9294e-01 (6.9312e-01)	Loss Pred 5.9732e-01 (5.6045e-01)	Loss TOTAL 9.8658e-01 (9.7335e-01)
Epoch: [16][130/496]	L_Src_Sup 1.9422e-01 (2.0788e-01)	L_Trg_Inj 4.2169e-01 (2.8582e-01)	Loss Disc 6.9373e-01 (6.9313e-01)	Loss Pred 5.4324e-01 (5.5978e-01)	Loss TOTAL 9.5170e-01 (9.7176e-01)
Epoch: [16][140/496]	L_Src_Sup 1.6109e-01 (2.0861e-01)	L_Trg_Inj 2.6555e-01 (2.8838e-01)	Loss Disc 6.9306e-01 (6.9313e-01)	Loss Pred 5.6481e-01 (5.6113e-01)	Loss TOTAL 9.5401e-01 (9.7259e-01)
Epoch: [16][150/496]	L_Src_Sup 2.7045e-01 (2.0914e-01)	L_Trg_Inj 2.7897e-01 (2.8881e-01)	Loss Disc 6.9250e-01 (6.9311e-01)	Loss Pred 5.7624e-01 (5.6150e-01)	Loss TOTAL 9.7743e-01 (9.7227e-01)
Epoch: [16][160/496]	L_Src_Sup 1.7662e-01 (2.0927e-01)	L_Trg_Inj 3.3369e-01 (2.8756e-01)	Loss Disc 6.9214e-01 (6.9310e-01)	Loss Pred 6.0760e-01 (5.6150e-01)	Loss TOTAL 1.0047e+00 (9.7146e-01)
Epoch: [16][170/496]	L_Src_Sup 2.0773e-01 (2.0881e-01)	L_Trg_Inj 1.5380e-01 (2.8422e-01)	Loss Disc 6.9241e-01 (6.9311e-01)	Loss Pred 5.7130e-01 (5.6056e-01)	Loss TOTAL 1.0076e+00 (9.7026e-01)
Epoch: [16][180/496]	L_Src_Sup 1.8279e-01 (2.1304e-01)	L_Trg_Inj 3.2956e-01 (2.8562e-01)	Loss Disc 6.9293e-01 (6.9308e-01)	Loss Pred 5.5180e-01 (5.6192e-01)	Loss TOTAL 9.4950e-01 (9.7337e-01)
Epoch: [16][190/496]	L_Src_Sup 2.3769e-01 (2.1470e-01)	L_Trg_Inj 2.0015e-01 (2.8416e-01)	Loss Disc 6.8951e-01 (6.9302e-01)	Loss Pred 5.8176e-01 (5.6228e-01)	Loss TOTAL 1.0078e+00 (9.7463e-01)
Epoch: [16][200/496]	L_Src_Sup 2.1805e-01 (2.1455e-01)	L_Trg_Inj 3.0451e-01 (2.8260e-01)	Loss Disc 6.9137e-01 (6.9301e-01)	Loss Pred 6.0181e-01 (5.6190e-01)	Loss TOTAL 9.9975e-01 (9.7432e-01)
Epoch: [16][210/496]	L_Src_Sup 1.5728e-01 (2.1270e-01)	L_Trg_Inj 2.0700e-01 (2.8027e-01)	Loss Disc 6.9349e-01 (6.9297e-01)	Loss Pred 5.4892e-01 (5.6191e-01)	Loss TOTAL 9.3209e-01 (9.7313e-01)
Epoch: [16][220/496]	L_Src_Sup 2.7736e-01 (2.1287e-01)	L_Trg_Inj 2.4677e-01 (2.7788e-01)	Loss Disc 6.9207e-01 (6.9296e-01)	Loss Pred 5.5419e-01 (5.6207e-01)	Loss TOTAL 9.8323e-01 (9.7319e-01)
Epoch: [16][230/496]	L_Src_Sup 2.3162e-01 (2.1188e-01)	L_Trg_Inj 2.4969e-01 (2.7697e-01)	Loss Disc 6.9152e-01 (6.9294e-01)	Loss Pred 5.8591e-01 (5.6195e-01)	Loss TOTAL 9.7980e-01 (9.7219e-01)
Epoch: [16][240/496]	L_Src_Sup 1.9570e-01 (2.1223e-01)	L_Trg_Inj 2.6671e-01 (2.7570e-01)	Loss Disc 6.9036e-01 (6.9285e-01)	Loss Pred 6.0188e-01 (5.6255e-01)	Loss TOTAL 9.9330e-01 (9.7257e-01)
Epoch: [16][250/496]	L_Src_Sup 2.0846e-01 (2.1152e-01)	L_Trg_Inj 2.1620e-01 (2.7387e-01)	Loss Disc 6.9059e-01 (6.9281e-01)	Loss Pred 5.8112e-01 (5.6266e-01)	Loss TOTAL 9.6888e-01 (9.7224e-01)
Epoch: [16][260/496]	L_Src_Sup 1.8336e-01 (2.1142e-01)	L_Trg_Inj 3.2644e-01 (2.7538e-01)	Loss Disc 6.9384e-01 (6.9283e-01)	Loss Pred 5.4935e-01 (5.6224e-01)	Loss TOTAL 9.4725e-01 (9.7174e-01)
Epoch: [16][270/496]	L_Src_Sup 1.3996e-01 (2.1111e-01)	L_Trg_Inj 2.1091e-01 (2.7364e-01)	Loss Disc 6.9282e-01 (6.9281e-01)	Loss Pred 5.5988e-01 (5.6230e-01)	Loss TOTAL 9.4138e-01 (9.7187e-01)
Epoch: [16][280/496]	L_Src_Sup 1.8557e-01 (2.1058e-01)	L_Trg_Inj 3.1374e-01 (2.7336e-01)	Loss Disc 6.9332e-01 (6.9280e-01)	Loss Pred 5.7529e-01 (5.6249e-01)	Loss TOTAL 9.7188e-01 (9.7145e-01)
Epoch: [16][290/496]	L_Src_Sup 1.1883e-01 (2.1141e-01)	L_Trg_Inj 2.4856e-01 (2.7196e-01)	Loss Disc 6.9237e-01 (6.9278e-01)	Loss Pred 5.5453e-01 (5.6275e-01)	Loss TOTAL 9.3745e-01 (9.7196e-01)
Epoch: [16][300/496]	L_Src_Sup 2.1769e-01 (2.1174e-01)	L_Trg_Inj 3.9041e-01 (2.7309e-01)	Loss Disc 6.9388e-01 (6.9280e-01)	Loss Pred 5.5438e-01 (5.6245e-01)	Loss TOTAL 9.6213e-01 (9.7159e-01)
Epoch: [16][310/496]	L_Src_Sup 2.5485e-01 (2.1163e-01)	L_Trg_Inj 2.8117e-01 (2.7438e-01)	Loss Disc 6.9318e-01 (6.9280e-01)	Loss Pred 5.4925e-01 (5.6238e-01)	Loss TOTAL 9.4944e-01 (9.7125e-01)
Epoch: [16][320/496]	L_Src_Sup 1.6979e-01 (2.1167e-01)	L_Trg_Inj 3.4031e-01 (2.7518e-01)	Loss Disc 6.9587e-01 (6.9280e-01)	Loss Pred 5.2787e-01 (5.6249e-01)	Loss TOTAL 9.2682e-01 (9.7102e-01)
Epoch: [16][330/496]	L_Src_Sup 2.1318e-01 (2.1264e-01)	L_Trg_Inj 4.0406e-01 (2.8065e-01)	Loss Disc 6.9321e-01 (6.9283e-01)	Loss Pred 5.6492e-01 (5.6286e-01)	Loss TOTAL 9.7325e-01 (9.7172e-01)
Epoch: [16][340/496]	L_Src_Sup 1.4591e-01 (2.1258e-01)	L_Trg_Inj 3.6052e-01 (2.8276e-01)	Loss Disc 6.9258e-01 (6.9284e-01)	Loss Pred 5.8038e-01 (5.6305e-01)	Loss TOTAL 9.7732e-01 (9.7173e-01)
Epoch: [16][350/496]	L_Src_Sup 1.2639e-01 (2.1247e-01)	L_Trg_Inj 3.4079e-01 (2.8361e-01)	Loss Disc 6.9330e-01 (6.9284e-01)	Loss Pred 5.5954e-01 (5.6307e-01)	Loss TOTAL 9.5290e-01 (9.7146e-01)
Epoch: [16][360/496]	L_Src_Sup 1.5385e-01 (2.1173e-01)	L_Trg_Inj 2.9592e-01 (2.8509e-01)	Loss Disc 6.9192e-01 (6.9285e-01)	Loss Pred 6.0634e-01 (5.6339e-01)	Loss TOTAL 9.9727e-01 (9.7160e-01)
Epoch: [16][370/496]	L_Src_Sup 1.3333e-01 (2.1135e-01)	L_Trg_Inj 3.8925e-01 (2.8619e-01)	Loss Disc 6.9437e-01 (6.9286e-01)	Loss Pred 5.3341e-01 (5.6320e-01)	Loss TOTAL 9.3286e-01 (9.7133e-01)
Epoch: [16][380/496]	L_Src_Sup 2.2430e-01 (2.1105e-01)	L_Trg_Inj 2.1875e-01 (2.8613e-01)	Loss Disc 6.9372e-01 (6.9287e-01)	Loss Pred 5.2253e-01 (5.6288e-01)	Loss TOTAL 9.1924e-01 (9.7102e-01)
Epoch: [16][390/496]	L_Src_Sup 1.5383e-01 (2.1050e-01)	L_Trg_Inj 2.8879e-01 (2.8630e-01)	Loss Disc 6.9459e-01 (6.9288e-01)	Loss Pred 5.3844e-01 (5.6295e-01)	Loss TOTAL 9.2999e-01 (9.7078e-01)
Epoch: [16][400/496]	L_Src_Sup 1.0205e-01 (2.1034e-01)	L_Trg_Inj 2.8086e-01 (2.8669e-01)	Loss Disc 6.9326e-01 (6.9289e-01)	Loss Pred 5.7003e-01 (5.6277e-01)	Loss TOTAL 9.5495e-01 (9.7034e-01)
Epoch: [16][410/496]	L_Src_Sup 1.9608e-01 (2.1017e-01)	L_Trg_Inj 1.8698e-01 (2.8664e-01)	Loss Disc 6.9271e-01 (6.9290e-01)	Loss Pred 5.4858e-01 (5.6252e-01)	Loss TOTAL 9.4234e-01 (9.7003e-01)
Epoch: [16][420/496]	L_Src_Sup 1.9701e-01 (2.0962e-01)	L_Trg_Inj 2.6124e-01 (2.8708e-01)	Loss Disc 6.9301e-01 (6.9291e-01)	Loss Pred 5.5385e-01 (5.6224e-01)	Loss TOTAL 9.4618e-01 (9.6953e-01)
Epoch: [16][430/496]	L_Src_Sup 1.5687e-01 (2.0914e-01)	L_Trg_Inj 2.4998e-01 (2.8747e-01)	Loss Disc 6.9251e-01 (6.9290e-01)	Loss Pred 5.4853e-01 (5.6252e-01)	Loss TOTAL 9.3547e-01 (9.6957e-01)
Epoch: [16][440/496]	L_Src_Sup 2.8571e-01 (2.0994e-01)	L_Trg_Inj 2.6513e-01 (2.8771e-01)	Loss Disc 6.9230e-01 (6.9291e-01)	Loss Pred 5.7003e-01 (5.6235e-01)	Loss TOTAL 9.9184e-01 (9.6939e-01)
Epoch: [16][450/496]	L_Src_Sup 2.0407e-01 (2.0981e-01)	L_Trg_Inj 3.1224e-01 (2.8730e-01)	Loss Disc 6.9297e-01 (6.9291e-01)	Loss Pred 5.7002e-01 (5.6275e-01)	Loss TOTAL 9.6814e-01 (9.6972e-01)
Epoch: [16][460/496]	L_Src_Sup 1.2766e-01 (2.0916e-01)	L_Trg_Inj 2.3416e-01 (2.8714e-01)	Loss Disc 6.9239e-01 (6.9292e-01)	Loss Pred 5.9153e-01 (5.6253e-01)	Loss TOTAL 9.7391e-01 (9.6923e-01)
Epoch: [16][470/496]	L_Src_Sup 1.7478e-01 (2.0927e-01)	L_Trg_Inj 1.7160e-01 (2.8554e-01)	Loss Disc 6.9357e-01 (6.9291e-01)	Loss Pred 5.4401e-01 (5.6271e-01)	Loss TOTAL 9.2862e-01 (9.6977e-01)
Epoch: [16][480/496]	L_Src_Sup 1.6814e-01 (2.0933e-01)	L_Trg_Inj 2.1500e-01 (2.8424e-01)	Loss Disc 6.9349e-01 (6.9292e-01)	Loss Pred 5.2311e-01 (5.6291e-01)	Loss TOTAL 9.0817e-01 (9.6992e-01)
Epoch: [16][490/496]	L_Src_Sup 2.3516e-01 (2.0935e-01)	L_Trg_Inj 3.4742e-01 (2.8473e-01)	Loss Disc 6.9323e-01 (6.9293e-01)	Loss Pred 5.5632e-01 (5.6283e-01)	Loss TOTAL 9.6119e-01 (9.6978e-01)
Epoch: [16][496/496]	L_Src_Sup 2.0006e-01 (2.0956e-01)	L_Trg_Inj 3.1244e-01 (2.8534e-01)	Loss Disc 6.9303e-01 (6.9294e-01)	Loss Pred 5.5932e-01 (5.6267e-01)	Loss TOTAL 9.5709e-01 (9.6958e-01)
Epoch 16 complete. Saving model state...
Epoch: [17][ 10/496]	L_Src_Sup 8.2472e-02 (2.2744e-01)	L_Trg_Inj 4.0627e-01 (3.0768e-01)	Loss Disc 6.9357e-01 (6.9328e-01)	Loss Pred 5.7543e-01 (5.6202e-01)	Loss TOTAL 9.7109e-01 (9.7269e-01)
Epoch: [17][ 20/496]	L_Src_Sup 3.7622e-01 (2.2596e-01)	L_Trg_Inj 2.1874e-01 (3.0493e-01)	Loss Disc 6.9318e-01 (6.9325e-01)	Loss Pred 5.5403e-01 (5.6660e-01)	Loss TOTAL 1.1176e+00 (9.8234e-01)
Epoch: [17][ 30/496]	L_Src_Sup 1.9420e-01 (2.1472e-01)	L_Trg_Inj 3.5460e-01 (3.0565e-01)	Loss Disc 6.9336e-01 (6.9324e-01)	Loss Pred 5.4337e-01 (5.6509e-01)	Loss TOTAL 9.4492e-01 (9.7443e-01)
Epoch: [17][ 40/496]	L_Src_Sup 2.7527e-01 (2.1458e-01)	L_Trg_Inj 2.6119e-01 (2.9468e-01)	Loss Disc 6.9278e-01 (6.9321e-01)	Loss Pred 5.9147e-01 (5.6365e-01)	Loss TOTAL 1.0056e+00 (9.7082e-01)
Epoch: [17][ 50/496]	L_Src_Sup 2.3077e-01 (2.1633e-01)	L_Trg_Inj 3.4080e-01 (2.9128e-01)	Loss Disc 6.9348e-01 (6.9319e-01)	Loss Pred 5.3787e-01 (5.6187e-01)	Loss TOTAL 9.4177e-01 (9.6782e-01)
Epoch: [17][ 60/496]	L_Src_Sup 2.0200e-01 (2.1738e-01)	L_Trg_Inj 2.3114e-01 (2.9296e-01)	Loss Disc 6.9289e-01 (6.9318e-01)	Loss Pred 5.6473e-01 (5.6302e-01)	Loss TOTAL 9.5448e-01 (9.6869e-01)
Epoch: [17][ 70/496]	L_Src_Sup 2.1603e-01 (2.1731e-01)	L_Trg_Inj 4.2980e-01 (3.1083e-01)	Loss Disc 6.9328e-01 (6.9321e-01)	Loss Pred 5.5964e-01 (5.6234e-01)	Loss TOTAL 9.7086e-01 (9.6884e-01)
Epoch: [17][ 80/496]	L_Src_Sup 2.9998e-01 (2.1764e-01)	L_Trg_Inj 3.0581e-01 (3.1623e-01)	Loss Disc 6.9318e-01 (6.9321e-01)	Loss Pred 5.6038e-01 (5.6198e-01)	Loss TOTAL 9.6755e-01 (9.6869e-01)
Epoch: [17][ 90/496]	L_Src_Sup 1.2372e-01 (2.1542e-01)	L_Trg_Inj 4.3755e-01 (3.2042e-01)	Loss Disc 6.9322e-01 (6.9321e-01)	Loss Pred 5.7537e-01 (5.6276e-01)	Loss TOTAL 9.7811e-01 (9.6943e-01)
Epoch: [17][100/496]	L_Src_Sup 1.2245e-01 (2.1463e-01)	L_Trg_Inj 2.9568e-01 (3.1865e-01)	Loss Disc 6.9304e-01 (6.9320e-01)	Loss Pred 5.7003e-01 (5.6195e-01)	Loss TOTAL 9.5836e-01 (9.6821e-01)
Epoch: [17][110/496]	L_Src_Sup 1.5384e-01 (2.1382e-01)	L_Trg_Inj 3.3787e-01 (3.2093e-01)	Loss Disc 6.9363e-01 (6.9321e-01)	Loss Pred 5.3756e-01 (5.6127e-01)	Loss TOTAL 9.3355e-01 (9.6711e-01)
Epoch: [17][120/496]	L_Src_Sup 9.6352e-02 (2.1206e-01)	L_Trg_Inj 2.3378e-01 (3.1611e-01)	Loss Disc 6.9319e-01 (6.9320e-01)	Loss Pred 5.3809e-01 (5.6092e-01)	Loss TOTAL 9.1770e-01 (9.6563e-01)
Epoch: [17][130/496]	L_Src_Sup 2.8928e-01 (2.1237e-01)	L_Trg_Inj 3.1108e-01 (3.1104e-01)	Loss Disc 6.9302e-01 (6.9316e-01)	Loss Pred 5.7558e-01 (5.6164e-01)	Loss TOTAL 9.8213e-01 (9.6601e-01)
Epoch: [17][140/496]	L_Src_Sup 1.9860e-01 (2.1212e-01)	L_Trg_Inj 3.4358e-01 (3.1130e-01)	Loss Disc 6.9347e-01 (6.9316e-01)	Loss Pred 5.4325e-01 (5.6129e-01)	Loss TOTAL 9.4420e-01 (9.6593e-01)
Epoch: [17][150/496]	L_Src_Sup 2.7095e-01 (2.1357e-01)	L_Trg_Inj 3.5739e-01 (3.1528e-01)	Loss Disc 6.9270e-01 (6.9317e-01)	Loss Pred 5.8150e-01 (5.6144e-01)	Loss TOTAL 9.9069e-01 (9.6630e-01)
Epoch: [17][160/496]	L_Src_Sup 2.0213e-01 (2.1355e-01)	L_Trg_Inj 2.6545e-01 (3.1602e-01)	Loss Disc 6.9298e-01 (6.9318e-01)	Loss Pred 5.6469e-01 (5.6076e-01)	Loss TOTAL 9.5794e-01 (9.6537e-01)
Epoch: [17][170/496]	L_Src_Sup 1.8899e-01 (2.1352e-01)	L_Trg_Inj 4.1956e-01 (3.1603e-01)	Loss Disc 6.9306e-01 (6.9318e-01)	Loss Pred 5.9758e-01 (5.6090e-01)	Loss TOTAL 1.0050e+00 (9.6539e-01)
Epoch: [17][180/496]	L_Src_Sup 1.6000e-01 (2.1313e-01)	L_Trg_Inj 3.5710e-01 (3.1474e-01)	Loss Disc 6.9343e-01 (6.9318e-01)	Loss Pred 5.5921e-01 (5.6063e-01)	Loss TOTAL 9.5763e-01 (9.6550e-01)
Epoch: [17][190/496]	L_Src_Sup 1.2000e-01 (2.1173e-01)	L_Trg_Inj 3.1202e-01 (3.1226e-01)	Loss Disc 6.9356e-01 (6.9317e-01)	Loss Pred 5.5940e-01 (5.6170e-01)	Loss TOTAL 9.4938e-01 (9.6595e-01)
Epoch: [17][200/496]	L_Src_Sup 1.7824e-01 (2.1068e-01)	L_Trg_Inj 2.6546e-01 (3.1141e-01)	Loss Disc 6.9289e-01 (6.9316e-01)	Loss Pred 5.5387e-01 (5.6172e-01)	Loss TOTAL 9.4469e-01 (9.6551e-01)
Epoch: [17][210/496]	L_Src_Sup 1.1884e-01 (2.1016e-01)	L_Trg_Inj 3.7387e-01 (3.1364e-01)	Loss Disc 6.9328e-01 (6.9316e-01)	Loss Pred 5.5526e-01 (5.6223e-01)	Loss TOTAL 9.5117e-01 (9.6604e-01)
Epoch: [17][220/496]	L_Src_Sup 2.6201e-01 (2.1058e-01)	L_Trg_Inj 3.1239e-01 (3.1749e-01)	Loss Disc 6.9300e-01 (6.9316e-01)	Loss Pred 5.6464e-01 (5.6283e-01)	Loss TOTAL 9.6858e-01 (9.6684e-01)
Epoch: [17][230/496]	L_Src_Sup 2.3429e-01 (2.1134e-01)	L_Trg_Inj 2.9961e-01 (3.1872e-01)	Loss Disc 6.9432e-01 (6.9316e-01)	Loss Pred 5.0180e-01 (5.6298e-01)	Loss TOTAL 9.0235e-01 (9.6700e-01)
Epoch: [17][240/496]	L_Src_Sup 2.0003e-01 (2.1073e-01)	L_Trg_Inj 2.0303e-01 (3.1825e-01)	Loss Disc 6.9247e-01 (6.9316e-01)	Loss Pred 5.5933e-01 (5.6318e-01)	Loss TOTAL 9.4587e-01 (9.6695e-01)
Epoch: [17][250/496]	L_Src_Sup 1.4355e-01 (2.1021e-01)	L_Trg_Inj 2.2817e-01 (3.1671e-01)	Loss Disc 6.9269e-01 (6.9314e-01)	Loss Pred 5.6986e-01 (5.6335e-01)	Loss TOTAL 9.5338e-01 (9.6679e-01)
Epoch: [17][260/496]	L_Src_Sup 2.4759e-01 (2.0988e-01)	L_Trg_Inj 3.3119e-01 (3.1549e-01)	Loss Disc 6.9372e-01 (6.9314e-01)	Loss Pred 5.4919e-01 (5.6324e-01)	Loss TOTAL 9.5392e-01 (9.6637e-01)
Epoch: [17][270/496]	L_Src_Sup 1.6717e-01 (2.1071e-01)	L_Trg_Inj 3.6328e-01 (3.1333e-01)	Loss Disc 6.9327e-01 (6.9313e-01)	Loss Pred 5.8393e-01 (5.6346e-01)	Loss TOTAL 9.8361e-01 (9.6770e-01)
Epoch: [17][280/496]	L_Src_Sup 3.5525e-01 (2.1221e-01)	L_Trg_Inj 3.5771e-01 (3.1315e-01)	Loss Disc 6.9492e-01 (6.9314e-01)	Loss Pred 5.2324e-01 (5.6363e-01)	Loss TOTAL 9.4199e-01 (9.6843e-01)
Epoch: [17][290/496]	L_Src_Sup 2.8280e-01 (2.1322e-01)	L_Trg_Inj 2.6606e-01 (3.1400e-01)	Loss Disc 6.9321e-01 (6.9315e-01)	Loss Pred 5.6539e-01 (5.6326e-01)	Loss TOTAL 9.8361e-01 (9.6839e-01)
Epoch: [17][300/496]	L_Src_Sup 2.2964e-01 (2.1361e-01)	L_Trg_Inj 1.9997e-01 (3.1264e-01)	Loss Disc 6.9196e-01 (6.9314e-01)	Loss Pred 6.2740e-01 (5.6370e-01)	Loss TOTAL 1.0460e+00 (9.6863e-01)
Epoch: [17][310/496]	L_Src_Sup 1.8464e-01 (2.1411e-01)	L_Trg_Inj 2.7756e-01 (3.1272e-01)	Loss Disc 6.9326e-01 (6.9315e-01)	Loss Pred 5.7614e-01 (5.6374e-01)	Loss TOTAL 9.6899e-01 (9.6856e-01)
Epoch: [17][320/496]	L_Src_Sup 1.6825e-01 (2.1390e-01)	L_Trg_Inj 3.4107e-01 (3.1224e-01)	Loss Disc 6.9365e-01 (6.9315e-01)	Loss Pred 5.2278e-01 (5.6350e-01)	Loss TOTAL 9.2054e-01 (9.6827e-01)
Epoch: [17][330/496]	L_Src_Sup 1.8558e-01 (2.1349e-01)	L_Trg_Inj 3.9807e-01 (3.1043e-01)	Loss Disc 6.9339e-01 (6.9315e-01)	Loss Pred 5.7520e-01 (5.6334e-01)	Loss TOTAL 9.8026e-01 (9.6878e-01)
Epoch: [17][340/496]	L_Src_Sup 1.2901e-01 (2.1365e-01)	L_Trg_Inj 2.8036e-01 (3.1066e-01)	Loss Disc 6.9222e-01 (6.9315e-01)	Loss Pred 5.9694e-01 (5.6329e-01)	Loss TOTAL 9.8399e-01 (9.6865e-01)
Epoch: [17][350/496]	L_Src_Sup 3.9989e-01 (2.1372e-01)	L_Trg_Inj 3.7424e-01 (3.1272e-01)	Loss Disc 6.9358e-01 (6.9315e-01)	Loss Pred 5.3291e-01 (5.6323e-01)	Loss TOTAL 9.8277e-01 (9.6871e-01)
Epoch: [17][360/496]	L_Src_Sup 1.7665e-01 (2.1397e-01)	L_Trg_Inj 3.8661e-01 (3.1318e-01)	Loss Disc 6.9346e-01 (6.9315e-01)	Loss Pred 5.5398e-01 (5.6286e-01)	Loss TOTAL 9.5704e-01 (9.6844e-01)
Epoch: [17][370/496]	L_Src_Sup 2.4738e-01 (2.1419e-01)	L_Trg_Inj 3.3261e-01 (3.1225e-01)	Loss Disc 6.9271e-01 (6.9315e-01)	Loss Pred 5.7583e-01 (5.6306e-01)	Loss TOTAL 9.8018e-01 (9.6879e-01)
Epoch: [17][380/496]	L_Src_Sup 2.2835e-01 (2.1496e-01)	L_Trg_Inj 4.9017e-01 (3.1187e-01)	Loss Disc 6.9486e-01 (6.9314e-01)	Loss Pred 5.3290e-01 (5.6311e-01)	Loss TOTAL 9.5218e-01 (9.6880e-01)
Epoch: [17][390/496]	L_Src_Sup 2.1978e-01 (2.1482e-01)	L_Trg_Inj 2.4622e-01 (3.1259e-01)	Loss Disc 6.9238e-01 (6.9314e-01)	Loss Pred 6.0731e-01 (5.6318e-01)	Loss TOTAL 1.0001e+00 (9.6877e-01)
Epoch: [17][400/496]	L_Src_Sup 1.0870e-01 (2.1428e-01)	L_Trg_Inj 2.0309e-01 (3.1139e-01)	Loss Disc 6.9023e-01 (6.9312e-01)	Loss Pred 6.0182e-01 (5.6329e-01)	Loss TOTAL 9.7811e-01 (9.6894e-01)
Epoch: [17][410/496]	L_Src_Sup 1.9664e-01 (2.1406e-01)	L_Trg_Inj 1.9036e-01 (3.0973e-01)	Loss Disc 6.9528e-01 (6.9310e-01)	Loss Pred 4.9622e-01 (5.6322e-01)	Loss TOTAL 8.8884e-01 (9.6889e-01)
Epoch: [17][420/496]	L_Src_Sup 2.0687e-01 (2.1405e-01)	L_Trg_Inj 2.4913e-01 (3.0813e-01)	Loss Disc 6.9227e-01 (6.9309e-01)	Loss Pred 5.7558e-01 (5.6295e-01)	Loss TOTAL 9.6732e-01 (9.6904e-01)
Epoch: [17][430/496]	L_Src_Sup 2.0003e-01 (2.1423e-01)	L_Trg_Inj 3.1241e-01 (3.0815e-01)	Loss Disc 6.9625e-01 (6.9309e-01)	Loss Pred 5.0627e-01 (5.6294e-01)	Loss TOTAL 9.0564e-01 (9.6891e-01)
Epoch: [17][440/496]	L_Src_Sup 2.3079e-01 (2.1372e-01)	L_Trg_Inj 1.8288e-01 (3.0769e-01)	Loss Disc 6.9244e-01 (6.9309e-01)	Loss Pred 5.3789e-01 (5.6276e-01)	Loss TOTAL 9.7339e-01 (9.6858e-01)
Epoch: [17][450/496]	L_Src_Sup 1.8687e-01 (2.1393e-01)	L_Trg_Inj 2.4969e-01 (3.0704e-01)	Loss Disc 6.9601e-01 (6.9307e-01)	Loss Pred 5.3322e-01 (5.6313e-01)	Loss TOTAL 9.2488e-01 (9.6912e-01)
Epoch: [17][460/496]	L_Src_Sup 1.1904e-01 (2.1381e-01)	L_Trg_Inj 3.8652e-01 (3.0702e-01)	Loss Disc 6.9217e-01 (6.9308e-01)	Loss Pred 5.8618e-01 (5.6280e-01)	Loss TOTAL 9.8282e-01 (9.6881e-01)
Epoch: [17][470/496]	L_Src_Sup 1.7310e-01 (2.1365e-01)	L_Trg_Inj 4.1937e-01 (3.0712e-01)	Loss Disc 6.9402e-01 (6.9308e-01)	Loss Pred 5.3799e-01 (5.6268e-01)	Loss TOTAL 9.4424e-01 (9.6885e-01)
Epoch: [17][480/496]	L_Src_Sup 3.2654e-01 (2.1345e-01)	L_Trg_Inj 3.0876e-01 (3.0749e-01)	Loss Disc 6.9224e-01 (6.9308e-01)	Loss Pred 5.7002e-01 (5.6263e-01)	Loss TOTAL 9.9746e-01 (9.6870e-01)
Epoch: [17][490/496]	L_Src_Sup 2.8903e-01 (2.1397e-01)	L_Trg_Inj 3.0415e-01 (3.0717e-01)	Loss Disc 6.9038e-01 (6.9307e-01)	Loss Pred 6.1438e-01 (5.6249e-01)	Loss TOTAL 1.0189e+00 (9.6869e-01)
Epoch: [17][496/496]	L_Src_Sup 1.6010e-01 (2.1458e-01)	L_Trg_Inj 3.5347e-01 (3.0734e-01)	Loss Disc 6.9405e-01 (6.9306e-01)	Loss Pred 5.2700e-01 (5.6245e-01)	Loss TOTAL 9.2538e-01 (9.6890e-01)
Epoch 17 complete. Saving model state...
Epoch: [18][ 10/496]	L_Src_Sup 1.8196e-01 (1.9733e-01)	L_Trg_Inj 3.1939e-01 (2.9994e-01)	Loss Disc 6.9293e-01 (6.9253e-01)	Loss Pred 5.6507e-01 (5.6344e-01)	Loss TOTAL 9.6167e-01 (9.6427e-01)
Epoch: [18][ 20/496]	L_Src_Sup 2.7651e-01 (2.0137e-01)	L_Trg_Inj 2.9735e-01 (2.8680e-01)	Loss Disc 6.9108e-01 (6.9227e-01)	Loss Pred 5.9234e-01 (5.6611e-01)	Loss TOTAL 9.9526e-01 (9.6468e-01)
Epoch: [18][ 30/496]	L_Src_Sup 1.2372e-01 (2.0233e-01)	L_Trg_Inj 3.5737e-01 (2.8949e-01)	Loss Disc 6.9347e-01 (6.9245e-01)	Loss Pred 5.7561e-01 (5.6281e-01)	Loss TOTAL 9.7045e-01 (9.6493e-01)
Epoch: [18][ 40/496]	L_Src_Sup 1.8445e-01 (2.0096e-01)	L_Trg_Inj 3.3819e-01 (2.8835e-01)	Loss Disc 6.9603e-01 (6.9268e-01)	Loss Pred 5.1712e-01 (5.6039e-01)	Loss TOTAL 9.1740e-01 (9.6496e-01)
Epoch: [18][ 50/496]	L_Src_Sup 2.8503e-01 (2.0586e-01)	L_Trg_Inj 2.7870e-01 (2.8539e-01)	Loss Disc 6.9367e-01 (6.9274e-01)	Loss Pred 5.5778e-01 (5.6187e-01)	Loss TOTAL 9.6732e-01 (9.6773e-01)
Epoch: [18][ 60/496]	L_Src_Sup 1.7017e-01 (2.0984e-01)	L_Trg_Inj 4.1354e-01 (2.8701e-01)	Loss Disc 6.9416e-01 (6.9281e-01)	Loss Pred 5.9245e-01 (5.6134e-01)	Loss TOTAL 9.9790e-01 (9.6769e-01)
Epoch: [18][ 70/496]	L_Src_Sup 1.9202e-01 (2.0629e-01)	L_Trg_Inj 2.9938e-01 (2.7795e-01)	Loss Disc 6.9347e-01 (6.9275e-01)	Loss Pred 5.3811e-01 (5.6203e-01)	Loss TOTAL 9.3399e-01 (9.6769e-01)
Epoch: [18][ 80/496]	L_Src_Sup 1.5192e-01 (2.0627e-01)	L_Trg_Inj 1.8734e-01 (2.6918e-01)	Loss Disc 6.9398e-01 (6.9281e-01)	Loss Pred 5.4868e-01 (5.6225e-01)	Loss TOTAL 9.2959e-01 (9.6946e-01)
Epoch: [18][ 90/496]	L_Src_Sup 1.4582e-01 (2.0510e-01)	L_Trg_Inj 1.4047e-01 (2.6323e-01)	Loss Disc 6.9304e-01 (6.9284e-01)	Loss Pred 5.8065e-01 (5.6331e-01)	Loss TOTAL 9.6115e-01 (9.7250e-01)
Epoch: [18][100/496]	L_Src_Sup 1.8552e-01 (2.0636e-01)	L_Trg_Inj 2.8101e-01 (2.5920e-01)	Loss Disc 6.9283e-01 (6.9289e-01)	Loss Pred 5.7547e-01 (5.6256e-01)	Loss TOTAL 9.6853e-01 (9.7205e-01)
Epoch: [18][110/496]	L_Src_Sup 2.0227e-01 (2.0411e-01)	L_Trg_Inj 2.9675e-01 (2.5473e-01)	Loss Disc 6.9149e-01 (6.9287e-01)	Loss Pred 6.1817e-01 (5.6356e-01)	Loss TOTAL 1.0138e+00 (9.7270e-01)
Epoch: [18][120/496]	L_Src_Sup 3.1944e-01 (2.0706e-01)	L_Trg_Inj 2.1642e-01 (2.5560e-01)	Loss Disc 6.9316e-01 (6.9289e-01)	Loss Pred 5.5928e-01 (5.6369e-01)	Loss TOTAL 1.0625e+00 (9.7554e-01)
Epoch: [18][130/496]	L_Src_Sup 1.3705e-01 (2.0757e-01)	L_Trg_Inj 2.7820e-01 (2.6232e-01)	Loss Disc 6.9306e-01 (6.9294e-01)	Loss Pred 5.8626e-01 (5.6298e-01)	Loss TOTAL 9.7431e-01 (9.7440e-01)
Epoch: [18][140/496]	L_Src_Sup 1.1066e-01 (2.0736e-01)	L_Trg_Inj 2.9647e-01 (2.6510e-01)	Loss Disc 6.9324e-01 (6.9297e-01)	Loss Pred 5.4372e-01 (5.6273e-01)	Loss TOTAL 9.3105e-01 (9.7324e-01)
Epoch: [18][150/496]	L_Src_Sup 1.1997e-01 (2.0687e-01)	L_Trg_Inj 1.8611e-01 (2.6795e-01)	Loss Disc 6.9303e-01 (6.9299e-01)	Loss Pred 5.5929e-01 (5.6296e-01)	Loss TOTAL 9.3642e-01 (9.7260e-01)
Epoch: [18][160/496]	L_Src_Sup 2.1359e-01 (2.0574e-01)	L_Trg_Inj 2.0289e-01 (2.7062e-01)	Loss Disc 6.9257e-01 (6.9299e-01)	Loss Pred 5.4327e-01 (5.6352e-01)	Loss TOTAL 9.4190e-01 (9.7241e-01)
Epoch: [18][170/496]	L_Src_Sup 2.3738e-01 (2.0751e-01)	L_Trg_Inj 3.9668e-01 (2.7392e-01)	Loss Disc 6.9336e-01 (6.9302e-01)	Loss Pred 5.5848e-01 (5.6331e-01)	Loss TOTAL 9.6857e-01 (9.7273e-01)
Epoch: [18][180/496]	L_Src_Sup 2.3303e-01 (2.0914e-01)	L_Trg_Inj 3.9545e-01 (2.7709e-01)	Loss Disc 6.9327e-01 (6.9303e-01)	Loss Pred 5.4320e-01 (5.6329e-01)	Loss TOTAL 9.5269e-01 (9.7237e-01)
Epoch: [18][190/496]	L_Src_Sup 2.6133e-01 (2.0982e-01)	L_Trg_Inj 2.3405e-01 (2.7809e-01)	Loss Disc 6.9305e-01 (6.9303e-01)	Loss Pred 5.6461e-01 (5.6328e-01)	Loss TOTAL 9.8795e-01 (9.7219e-01)
Epoch: [18][200/496]	L_Src_Sup 2.0000e-01 (2.0967e-01)	L_Trg_Inj 2.5012e-01 (2.7774e-01)	Loss Disc 6.9299e-01 (6.9304e-01)	Loss Pred 5.5920e-01 (5.6304e-01)	Loss TOTAL 9.5071e-01 (9.7135e-01)
Epoch: [18][210/496]	L_Src_Sup 1.5095e-01 (2.0985e-01)	L_Trg_Inj 1.7999e-01 (2.7798e-01)	Loss Disc 6.9319e-01 (6.9305e-01)	Loss Pred 5.3008e-01 (5.6262e-01)	Loss TOTAL 9.0977e-01 (9.7091e-01)
Epoch: [18][220/496]	L_Src_Sup 2.1289e-01 (2.1091e-01)	L_Trg_Inj 2.5187e-01 (2.7804e-01)	Loss Disc 6.9257e-01 (6.9305e-01)	Loss Pred 5.9157e-01 (5.6274e-01)	Loss TOTAL 9.8433e-01 (9.7143e-01)
Epoch: [18][230/496]	L_Src_Sup 1.7022e-01 (2.1063e-01)	L_Trg_Inj 3.4358e-01 (2.7727e-01)	Loss Disc 6.9284e-01 (6.9306e-01)	Loss Pred 5.9206e-01 (5.6231e-01)	Loss TOTAL 9.8986e-01 (9.7064e-01)
Epoch: [18][240/496]	L_Src_Sup 1.9568e-01 (2.1050e-01)	L_Trg_Inj 3.2003e-01 (2.7749e-01)	Loss Disc 6.9257e-01 (6.9305e-01)	Loss Pred 5.7536e-01 (5.6277e-01)	Loss TOTAL 9.7321e-01 (9.7066e-01)
Epoch: [18][250/496]	L_Src_Sup 1.9607e-01 (2.0903e-01)	L_Trg_Inj 2.1757e-01 (2.7787e-01)	Loss Disc 6.9300e-01 (6.9306e-01)	Loss Pred 5.4857e-01 (5.6281e-01)	Loss TOTAL 9.3643e-01 (9.7008e-01)
Epoch: [18][260/496]	L_Src_Sup 2.3641e-01 (2.0953e-01)	L_Trg_Inj 2.2050e-01 (2.7780e-01)	Loss Disc 6.9288e-01 (6.9307e-01)	Loss Pred 5.9760e-01 (5.6251e-01)	Loss TOTAL 1.0056e+00 (9.6992e-01)
Epoch: [18][270/496]	L_Src_Sup 1.4315e-01 (2.1103e-01)	L_Trg_Inj 2.9637e-01 (2.8243e-01)	Loss Disc 6.9306e-01 (6.9308e-01)	Loss Pred 5.7022e-01 (5.6251e-01)	Loss TOTAL 9.6070e-01 (9.7008e-01)
Epoch: [18][280/496]	L_Src_Sup 1.9461e-01 (2.1186e-01)	L_Trg_Inj 2.1076e-01 (2.8486e-01)	Loss Disc 6.9324e-01 (6.9308e-01)	Loss Pred 5.4288e-01 (5.6222e-01)	Loss TOTAL 9.3004e-01 (9.6971e-01)
Epoch: [18][290/496]	L_Src_Sup 2.8415e-01 (2.1283e-01)	L_Trg_Inj 2.5973e-01 (2.8448e-01)	Loss Disc 6.9312e-01 (6.9309e-01)	Loss Pred 5.6477e-01 (5.6224e-01)	Loss TOTAL 9.9013e-01 (9.6990e-01)
Epoch: [18][300/496]	L_Src_Sup 2.6254e-01 (2.1384e-01)	L_Trg_Inj 3.6969e-01 (2.8531e-01)	Loss Disc 6.9322e-01 (6.9309e-01)	Loss Pred 5.5394e-01 (5.6237e-01)	Loss TOTAL 9.6378e-01 (9.7053e-01)
Epoch: [18][310/496]	L_Src_Sup 2.2124e-01 (2.1536e-01)	L_Trg_Inj 3.0421e-01 (2.8546e-01)	Loss Disc 6.9329e-01 (6.9309e-01)	Loss Pred 5.3763e-01 (5.6239e-01)	Loss TOTAL 9.3682e-01 (9.7100e-01)
Epoch: [18][320/496]	L_Src_Sup 2.0457e-01 (2.1537e-01)	L_Trg_Inj 3.4571e-01 (2.8566e-01)	Loss Disc 6.9314e-01 (6.9308e-01)	Loss Pred 5.3785e-01 (5.6256e-01)	Loss TOTAL 9.3945e-01 (9.7114e-01)
Epoch: [18][330/496]	L_Src_Sup 3.0612e-01 (2.1546e-01)	L_Trg_Inj 3.0779e-01 (2.8558e-01)	Loss Disc 6.9316e-01 (6.9309e-01)	Loss Pred 5.7010e-01 (5.6255e-01)	Loss TOTAL 9.7807e-01 (9.7087e-01)
Epoch: [18][340/496]	L_Src_Sup 1.8501e-01 (2.1503e-01)	L_Trg_Inj 2.8878e-01 (2.8272e-01)	Loss Disc 6.9211e-01 (6.9307e-01)	Loss Pred 5.8740e-01 (5.6257e-01)	Loss TOTAL 9.8083e-01 (9.7130e-01)
Epoch: [18][350/496]	L_Src_Sup 1.3865e-01 (2.1612e-01)	L_Trg_Inj 3.0041e-01 (2.8401e-01)	Loss Disc 6.9450e-01 (6.9304e-01)	Loss Pred 5.5406e-01 (5.6276e-01)	Loss TOTAL 9.4522e-01 (9.7155e-01)
Epoch: [18][360/496]	L_Src_Sup 2.3385e-01 (2.1703e-01)	L_Trg_Inj 4.7742e-01 (2.8676e-01)	Loss Disc 6.9436e-01 (6.9302e-01)	Loss Pred 5.4871e-01 (5.6275e-01)	Loss TOTAL 9.6702e-01 (9.7173e-01)
Epoch: [18][370/496]	L_Src_Sup 2.9500e-01 (2.1869e-01)	L_Trg_Inj 3.6534e-01 (2.9014e-01)	Loss Disc 6.9322e-01 (6.9301e-01)	Loss Pred 5.3268e-01 (5.6262e-01)	Loss TOTAL 9.4532e-01 (9.7205e-01)
Epoch: [18][380/496]	L_Src_Sup 1.3100e-01 (2.1873e-01)	L_Trg_Inj 1.6332e-01 (2.9041e-01)	Loss Disc 6.8916e-01 (6.9299e-01)	Loss Pred 6.0267e-01 (5.6281e-01)	Loss TOTAL 9.7668e-01 (9.7194e-01)
Epoch: [18][390/496]	L_Src_Sup 2.3185e-01 (2.1913e-01)	L_Trg_Inj 2.9787e-01 (2.9067e-01)	Loss Disc 6.9162e-01 (6.9299e-01)	Loss Pred 5.6989e-01 (5.6293e-01)	Loss TOTAL 9.6867e-01 (9.7203e-01)
Epoch: [18][400/496]	L_Src_Sup 1.7001e-01 (2.2016e-01)	L_Trg_Inj 2.7586e-01 (2.9165e-01)	Loss Disc 6.9275e-01 (6.9297e-01)	Loss Pred 5.2234e-01 (5.6285e-01)	Loss TOTAL 9.1330e-01 (9.7206e-01)
Epoch: [18][410/496]	L_Src_Sup 2.3797e-01 (2.2030e-01)	L_Trg_Inj 2.3560e-01 (2.9197e-01)	Loss Disc 6.9276e-01 (6.9300e-01)	Loss Pred 5.8086e-01 (5.6248e-01)	Loss TOTAL 9.7696e-01 (9.7147e-01)
Epoch: [18][420/496]	L_Src_Sup 2.1412e-01 (2.1992e-01)	L_Trg_Inj 2.3844e-01 (2.9292e-01)	Loss Disc 6.9298e-01 (6.9301e-01)	Loss Pred 5.4346e-01 (5.6235e-01)	Loss TOTAL 9.3520e-01 (9.7114e-01)
Epoch: [18][430/496]	L_Src_Sup 1.8707e-01 (2.2007e-01)	L_Trg_Inj 3.7374e-01 (2.9364e-01)	Loss Disc 6.9268e-01 (6.9301e-01)	Loss Pred 6.0238e-01 (5.6245e-01)	Loss TOTAL 1.0048e+00 (9.7138e-01)
Epoch: [18][440/496]	L_Src_Sup 2.4001e-01 (2.2068e-01)	L_Trg_Inj 3.4365e-01 (2.9403e-01)	Loss Disc 6.9344e-01 (6.9302e-01)	Loss Pred 5.5926e-01 (5.6256e-01)	Loss TOTAL 9.6434e-01 (9.7180e-01)
Epoch: [18][450/496]	L_Src_Sup 2.9986e-01 (2.2056e-01)	L_Trg_Inj 2.1807e-01 (2.9299e-01)	Loss Disc 6.9371e-01 (6.9302e-01)	Loss Pred 5.5927e-01 (5.6260e-01)	Loss TOTAL 1.0397e+00 (9.7172e-01)
Epoch: [18][460/496]	L_Src_Sup 2.3938e-01 (2.2076e-01)	L_Trg_Inj 3.1739e-01 (2.9280e-01)	Loss Disc 6.9308e-01 (6.9302e-01)	Loss Pred 5.7712e-01 (5.6271e-01)	Loss TOTAL 9.7934e-01 (9.7194e-01)
Epoch: [18][470/496]	L_Src_Sup 2.2453e-01 (2.2071e-01)	L_Trg_Inj 2.0907e-01 (2.9303e-01)	Loss Disc 6.9263e-01 (6.9302e-01)	Loss Pred 5.6997e-01 (5.6282e-01)	Loss TOTAL 9.7509e-01 (9.7186e-01)
Epoch: [18][480/496]	L_Src_Sup 2.0863e-01 (2.2053e-01)	L_Trg_Inj 2.7475e-01 (2.9333e-01)	Loss Disc 6.9271e-01 (6.9302e-01)	Loss Pred 5.8079e-01 (5.6269e-01)	Loss TOTAL 9.7549e-01 (9.7157e-01)
Epoch: [18][490/496]	L_Src_Sup 3.0455e-01 (2.2038e-01)	L_Trg_Inj 1.8966e-01 (2.9228e-01)	Loss Disc 6.9287e-01 (6.9302e-01)	Loss Pred 5.7002e-01 (5.6265e-01)	Loss TOTAL 1.0808e+00 (9.7195e-01)
Epoch: [18][496/496]	L_Src_Sup 1.7594e-01 (2.2024e-01)	L_Trg_Inj 3.2249e-01 (2.9203e-01)	Loss Disc 6.9377e-01 (6.9302e-01)	Loss Pred 5.5933e-01 (5.6260e-01)	Loss TOTAL 9.5606e-01 (9.7176e-01)
Epoch 18 complete. Saving model state...
Epoch: [19][ 10/496]	L_Src_Sup 1.8759e-01 (1.8966e-01)	L_Trg_Inj 3.0377e-01 (2.4135e-01)	Loss Disc 6.9414e-01 (6.9320e-01)	Loss Pred 5.2731e-01 (5.4582e-01)	Loss TOTAL 9.2352e-01 (9.4883e-01)
Epoch: [19][ 20/496]	L_Src_Sup 2.3303e-01 (2.0905e-01)	L_Trg_Inj 2.6947e-01 (2.5436e-01)	Loss Disc 6.9365e-01 (6.9324e-01)	Loss Pred 5.4316e-01 (5.5397e-01)	Loss TOTAL 9.4023e-01 (9.5789e-01)
Epoch: [19][ 30/496]	L_Src_Sup 2.0204e-01 (2.1813e-01)	L_Trg_Inj 2.4732e-01 (2.5906e-01)	Loss Disc 6.9258e-01 (6.9309e-01)	Loss Pred 5.6490e-01 (5.5678e-01)	Loss TOTAL 9.5613e-01 (9.6710e-01)
Epoch: [19][ 40/496]	L_Src_Sup 1.7626e-01 (2.2009e-01)	L_Trg_Inj 3.5705e-01 (2.7457e-01)	Loss Disc 6.9323e-01 (6.9309e-01)	Loss Pred 5.5391e-01 (5.6065e-01)	Loss TOTAL 9.5385e-01 (9.7540e-01)
Epoch: [19][ 50/496]	L_Src_Sup 1.4732e-01 (2.2047e-01)	L_Trg_Inj 3.3435e-01 (2.8518e-01)	Loss Disc 6.9301e-01 (6.9311e-01)	Loss Pred 5.3864e-01 (5.5892e-01)	Loss TOTAL 9.3331e-01 (9.7128e-01)
Epoch: [19][ 60/496]	L_Src_Sup 2.6532e-01 (2.2201e-01)	L_Trg_Inj 2.3962e-01 (2.9320e-01)	Loss Disc 6.9151e-01 (6.9288e-01)	Loss Pred 5.7026e-01 (5.6194e-01)	Loss TOTAL 9.9222e-01 (9.7303e-01)
Epoch: [19][ 70/496]	L_Src_Sup 2.1295e-01 (2.2465e-01)	L_Trg_Inj 3.0536e-01 (2.9958e-01)	Loss Disc 6.9325e-01 (6.9282e-01)	Loss Pred 5.4393e-01 (5.6184e-01)	Loss TOTAL 9.4239e-01 (9.7238e-01)
Epoch: [19][ 80/496]	L_Src_Sup 2.2001e-01 (2.2803e-01)	L_Trg_Inj 3.7321e-01 (2.9828e-01)	Loss Disc 6.9398e-01 (6.9267e-01)	Loss Pred 5.5933e-01 (5.6167e-01)	Loss TOTAL 9.6564e-01 (9.7449e-01)
Epoch: [19][ 90/496]	L_Src_Sup 8.8833e-02 (2.2358e-01)	L_Trg_Inj 3.6792e-01 (3.0137e-01)	Loss Disc 6.9224e-01 (6.9266e-01)	Loss Pred 6.1292e-01 (5.6305e-01)	Loss TOTAL 1.0047e+00 (9.7444e-01)
Epoch: [19][100/496]	L_Src_Sup 2.6420e-01 (2.2760e-01)	L_Trg_Inj 3.7782e-01 (3.0622e-01)	Loss Disc 6.9203e-01 (6.9273e-01)	Loss Pred 5.7550e-01 (5.6236e-01)	Loss TOTAL 9.8571e-01 (9.7455e-01)
Epoch: [19][110/496]	L_Src_Sup 3.0919e-01 (2.2848e-01)	L_Trg_Inj 5.0951e-01 (3.1332e-01)	Loss Disc 6.9356e-01 (6.9275e-01)	Loss Pred 6.0213e-01 (5.6314e-01)	Loss TOTAL 1.0308e+00 (9.7545e-01)
Epoch: [19][120/496]	L_Src_Sup 4.0533e-01 (2.3357e-01)	L_Trg_Inj 3.8372e-01 (3.1621e-01)	Loss Disc 6.9375e-01 (6.9276e-01)	Loss Pred 5.4528e-01 (5.6386e-01)	Loss TOTAL 9.9266e-01 (9.7685e-01)
Epoch: [19][130/496]	L_Src_Sup 4.0101e-01 (2.4304e-01)	L_Trg_Inj 3.1187e-01 (3.3399e-01)	Loss Disc 6.9394e-01 (6.9293e-01)	Loss Pred 6.1481e-01 (5.6678e-01)	Loss TOTAL 1.1222e+00 (9.8398e-01)
Epoch: [19][140/496]	L_Src_Sup 1.8469e-01 (2.4408e-01)	L_Trg_Inj 2.5437e-01 (3.3759e-01)	Loss Disc 6.9300e-01 (6.9297e-01)	Loss Pred 6.0349e-01 (5.6924e-01)	Loss TOTAL 9.9390e-01 (9.8599e-01)
Epoch: [19][150/496]	L_Src_Sup 2.7982e-01 (2.4224e-01)	L_Trg_Inj 1.1546e-01 (3.3346e-01)	Loss Disc 6.9101e-01 (6.9278e-01)	Loss Pred 5.8258e-01 (5.7072e-01)	Loss TOTAL 1.1320e+00 (9.8706e-01)
Epoch: [19][160/496]	L_Src_Sup 2.0707e-01 (2.4066e-01)	L_Trg_Inj 1.9084e-01 (3.2944e-01)	Loss Disc 6.9337e-01 (6.9277e-01)	Loss Pred 6.0671e-01 (5.7130e-01)	Loss TOTAL 1.0094e+00 (9.8682e-01)
Epoch: [19][170/496]	L_Src_Sup 2.9463e-01 (2.4176e-01)	L_Trg_Inj 3.4486e-01 (3.2716e-01)	Loss Disc 6.9461e-01 (6.9269e-01)	Loss Pred 5.5546e-01 (5.6969e-01)	Loss TOTAL 9.6672e-01 (9.8582e-01)
Epoch: [19][180/496]	L_Src_Sup 1.8859e-01 (2.3999e-01)	L_Trg_Inj 2.7638e-01 (3.2882e-01)	Loss Disc 6.9253e-01 (6.9270e-01)	Loss Pred 5.2906e-01 (5.6889e-01)	Loss TOTAL 9.2182e-01 (9.8482e-01)
Epoch: [19][190/496]	L_Src_Sup 3.6642e-01 (2.4056e-01)	L_Trg_Inj 3.4355e-01 (3.2942e-01)	Loss Disc 6.9360e-01 (6.9270e-01)	Loss Pred 5.7018e-01 (5.6810e-01)	Loss TOTAL 1.0108e+00 (9.8445e-01)
Epoch: [19][200/496]	L_Src_Sup 2.5253e-01 (2.4061e-01)	L_Trg_Inj 3.7435e-01 (3.3130e-01)	Loss Disc 6.9301e-01 (6.9272e-01)	Loss Pred 5.8600e-01 (5.6833e-01)	Loss TOTAL 9.9519e-01 (9.8428e-01)
Epoch: [19][210/496]	L_Src_Sup 2.0825e-01 (2.4090e-01)	L_Trg_Inj 3.5409e-01 (3.3317e-01)	Loss Disc 6.9333e-01 (6.9272e-01)	Loss Pred 5.8596e-01 (5.6794e-01)	Loss TOTAL 9.8886e-01 (9.8386e-01)
Epoch: [19][220/496]	L_Src_Sup 2.1284e-01 (2.3915e-01)	L_Trg_Inj 4.0293e-01 (3.3349e-01)	Loss Disc 6.9278e-01 (6.9274e-01)	Loss Pred 5.4551e-01 (5.6743e-01)	Loss TOTAL 9.5348e-01 (9.8314e-01)
Epoch: [19][230/496]	L_Src_Sup 3.6374e-01 (2.4047e-01)	L_Trg_Inj 3.3705e-01 (3.3530e-01)	Loss Disc 6.9340e-01 (6.9276e-01)	Loss Pred 5.6774e-01 (5.6695e-01)	Loss TOTAL 1.0112e+00 (9.8280e-01)
Epoch: [19][240/496]	L_Src_Sup 2.0238e-01 (2.3960e-01)	L_Trg_Inj 2.4843e-01 (3.3377e-01)	Loss Disc 6.9338e-01 (6.9278e-01)	Loss Pred 5.9184e-01 (5.6667e-01)	Loss TOTAL 9.8361e-01 (9.8179e-01)
Epoch: [19][250/496]	L_Src_Sup 1.8972e-01 (2.3968e-01)	L_Trg_Inj 3.6867e-01 (3.3296e-01)	Loss Disc 6.9358e-01 (6.9280e-01)	Loss Pred 5.8679e-01 (5.6658e-01)	Loss TOTAL 9.8942e-01 (9.8201e-01)
Epoch: [19][260/496]	L_Src_Sup 2.3475e-01 (2.3892e-01)	L_Trg_Inj 2.7597e-01 (3.3116e-01)	Loss Disc 6.9302e-01 (6.9281e-01)	Loss Pred 5.4939e-01 (5.6596e-01)	Loss TOTAL 9.4697e-01 (9.8099e-01)
Epoch: [19][270/496]	L_Src_Sup 2.0602e-01 (2.3922e-01)	L_Trg_Inj 4.6915e-01 (3.3341e-01)	Loss Disc 6.9343e-01 (6.9282e-01)	Loss Pred 5.7704e-01 (5.6566e-01)	Loss TOTAL 9.9127e-01 (9.8114e-01)
Epoch: [19][280/496]	L_Src_Sup 1.5403e-01 (2.3832e-01)	L_Trg_Inj 4.2964e-01 (3.3761e-01)	Loss Disc 6.9315e-01 (6.9283e-01)	Loss Pred 6.1378e-01 (5.6574e-01)	Loss TOTAL 1.0187e+00 (9.8113e-01)
Epoch: [19][290/496]	L_Src_Sup 2.9193e-01 (2.3822e-01)	L_Trg_Inj 3.9721e-01 (3.3855e-01)	Loss Disc 6.9296e-01 (6.9284e-01)	Loss Pred 5.8095e-01 (5.6557e-01)	Loss TOTAL 9.9635e-01 (9.8072e-01)
Epoch: [19][300/496]	L_Src_Sup 1.3902e-01 (2.3848e-01)	L_Trg_Inj 2.9805e-01 (3.3878e-01)	Loss Disc 6.9317e-01 (6.9285e-01)	Loss Pred 5.5423e-01 (5.6570e-01)	Loss TOTAL 9.4452e-01 (9.8061e-01)
Epoch: [19][310/496]	L_Src_Sup 3.7581e-01 (2.3857e-01)	L_Trg_Inj 3.5949e-01 (3.3815e-01)	Loss Disc 6.9325e-01 (6.9286e-01)	Loss Pred 5.8112e-01 (5.6594e-01)	Loss TOTAL 1.0176e+00 (9.8099e-01)
Epoch: [19][320/496]	L_Src_Sup 1.8304e-01 (2.3780e-01)	L_Trg_Inj 2.9082e-01 (3.3850e-01)	Loss Disc 6.9322e-01 (6.9287e-01)	Loss Pred 5.7012e-01 (5.6559e-01)	Loss TOTAL 9.6412e-01 (9.8067e-01)
Epoch: [19][330/496]	L_Src_Sup 2.8093e-01 (2.3752e-01)	L_Trg_Inj 1.4636e-01 (3.3799e-01)	Loss Disc 6.9314e-01 (6.9288e-01)	Loss Pred 5.3368e-01 (5.6568e-01)	Loss TOTAL 1.0575e+00 (9.8076e-01)
Epoch: [19][340/496]	L_Src_Sup 3.5435e-01 (2.3732e-01)	L_Trg_Inj 2.6088e-01 (3.3600e-01)	Loss Disc 6.9299e-01 (6.9289e-01)	Loss Pred 5.8083e-01 (5.6566e-01)	Loss TOTAL 1.0823e+00 (9.8092e-01)
Epoch: [19][350/496]	L_Src_Sup 1.5479e-01 (2.3847e-01)	L_Trg_Inj 4.0627e-01 (3.3575e-01)	Loss Disc 6.9349e-01 (6.9290e-01)	Loss Pred 5.4416e-01 (5.6588e-01)	Loss TOTAL 9.4701e-01 (9.8178e-01)
Epoch: [19][360/496]	L_Src_Sup 2.5901e-01 (2.3834e-01)	L_Trg_Inj 3.1312e-01 (3.3637e-01)	Loss Disc 6.9328e-01 (6.9290e-01)	Loss Pred 5.7047e-01 (5.6603e-01)	Loss TOTAL 9.7433e-01 (9.8165e-01)
Epoch: [19][370/496]	L_Src_Sup 1.9370e-01 (2.3702e-01)	L_Trg_Inj 2.5334e-01 (3.3592e-01)	Loss Disc 6.9332e-01 (6.9291e-01)	Loss Pred 5.3901e-01 (5.6594e-01)	Loss TOTAL 9.3038e-01 (9.8107e-01)
Epoch: [19][380/496]	L_Src_Sup 2.4051e-01 (2.3640e-01)	L_Trg_Inj 4.4474e-01 (3.3622e-01)	Loss Disc 6.9317e-01 (6.9292e-01)	Loss Pred 5.6177e-01 (5.6566e-01)	Loss TOTAL 9.7687e-01 (9.8052e-01)
Epoch: [19][390/496]	L_Src_Sup 1.1114e-01 (2.3554e-01)	L_Trg_Inj 2.7840e-01 (3.3742e-01)	Loss Disc 6.9336e-01 (6.9293e-01)	Loss Pred 6.1150e-01 (5.6612e-01)	Loss TOTAL 9.9714e-01 (9.8073e-01)
Epoch: [19][400/496]	L_Src_Sup 3.3584e-01 (2.3580e-01)	L_Trg_Inj 3.8339e-01 (3.3697e-01)	Loss Disc 6.9325e-01 (6.9293e-01)	Loss Pred 5.5992e-01 (5.6610e-01)	Loss TOTAL 9.7847e-01 (9.8058e-01)
Epoch: [19][410/496]	L_Src_Sup 3.3605e-01 (2.3636e-01)	L_Trg_Inj 3.4027e-01 (3.3581e-01)	Loss Disc 6.9317e-01 (6.9294e-01)	Loss Pred 5.5000e-01 (5.6599e-01)	Loss TOTAL 9.6421e-01 (9.8020e-01)
Epoch: [19][420/496]	L_Src_Sup 2.2336e-02 (2.3554e-01)	L_Trg_Inj 2.0963e-01 (3.3429e-01)	Loss Disc 6.9337e-01 (6.9294e-01)	Loss Pred 6.1156e-01 (5.6592e-01)	Loss TOTAL 9.8145e-01 (9.7973e-01)
Epoch: [19][430/496]	L_Src_Sup 2.3898e-01 (2.3508e-01)	L_Trg_Inj 2.1658e-01 (3.3283e-01)	Loss Disc 6.9310e-01 (6.9295e-01)	Loss Pred 5.5436e-01 (5.6542e-01)	Loss TOTAL 9.6887e-01 (9.7896e-01)
Epoch: [19][440/496]	L_Src_Sup 1.4717e-01 (2.3513e-01)	L_Trg_Inj 1.8787e-01 (3.3306e-01)	Loss Disc 6.9324e-01 (6.9295e-01)	Loss Pred 5.6630e-01 (5.6555e-01)	Loss TOTAL 9.4642e-01 (9.7896e-01)
Epoch: [19][450/496]	L_Src_Sup 3.3432e-01 (2.3631e-01)	L_Trg_Inj 3.0758e-01 (3.3193e-01)	Loss Disc 6.9281e-01 (6.9295e-01)	Loss Pred 6.0516e-01 (5.6560e-01)	Loss TOTAL 1.0425e+00 (9.7970e-01)
Epoch: [19][460/496]	L_Src_Sup 2.5945e-01 (2.3664e-01)	L_Trg_Inj 2.8589e-01 (3.3292e-01)	Loss Disc 6.9131e-01 (6.9293e-01)	Loss Pred 5.8192e-01 (5.6594e-01)	Loss TOTAL 9.8212e-01 (9.7994e-01)
Epoch: [19][470/496]	L_Src_Sup 3.7040e-01 (2.3788e-01)	L_Trg_Inj 3.1727e-01 (3.3246e-01)	Loss Disc 6.8997e-01 (6.9292e-01)	Loss Pred 5.9125e-01 (5.6570e-01)	Loss TOTAL 1.0581e+00 (9.7997e-01)
Epoch: [19][480/496]	L_Src_Sup 2.9273e-01 (2.3876e-01)	L_Trg_Inj 3.7659e-01 (3.3448e-01)	Loss Disc 6.9220e-01 (6.9289e-01)	Loss Pred 5.5476e-01 (5.6544e-01)	Loss TOTAL 9.6779e-01 (9.7976e-01)
Epoch: [19][490/496]	L_Src_Sup 2.0220e-01 (2.3853e-01)	L_Trg_Inj 3.1413e-01 (3.3348e-01)	Loss Disc 6.8763e-01 (6.9285e-01)	Loss Pred 5.6518e-01 (5.6528e-01)	Loss TOTAL 9.6062e-01 (9.7940e-01)
Epoch: [19][496/496]	L_Src_Sup 1.6270e-01 (2.3815e-01)	L_Trg_Inj 3.3896e-01 (3.3306e-01)	Loss Disc 6.9289e-01 (6.9286e-01)	Loss Pred 5.7028e-01 (5.6515e-01)	Loss TOTAL 9.6690e-01 (9.7913e-01)
Epoch 19 complete. Saving model state...
Epoch: [20][ 10/496]	L_Src_Sup 3.0860e-01 (2.5418e-01)	L_Trg_Inj 2.8874e-01 (3.1529e-01)	Loss Disc 6.9514e-01 (6.9171e-01)	Loss Pred 5.2307e-01 (5.5758e-01)	Loss TOTAL 9.5024e-01 (9.7146e-01)
Epoch: [20][ 20/496]	L_Src_Sup 2.1062e-01 (2.3610e-01)	L_Trg_Inj 3.2593e-01 (3.4013e-01)	Loss Disc 6.9365e-01 (6.9214e-01)	Loss Pred 5.8598e-01 (5.6443e-01)	Loss TOTAL 9.8646e-01 (9.7366e-01)
Epoch: [20][ 30/496]	L_Src_Sup 2.3903e-01 (2.3197e-01)	L_Trg_Inj 3.8159e-01 (3.4181e-01)	Loss Disc 6.9257e-01 (6.9219e-01)	Loss Pred 5.6089e-01 (5.6534e-01)	Loss TOTAL 9.6924e-01 (9.7524e-01)
Epoch: [20][ 40/496]	L_Src_Sup 1.1513e-01 (2.2504e-01)	L_Trg_Inj 2.8490e-01 (3.3451e-01)	Loss Disc 6.8767e-01 (6.9193e-01)	Loss Pred 5.8599e-01 (5.6577e-01)	Loss TOTAL 9.6983e-01 (9.7387e-01)
Epoch: [20][ 50/496]	L_Src_Sup 1.8184e-01 (2.2903e-01)	L_Trg_Inj 3.5649e-01 (3.4138e-01)	Loss Disc 6.9285e-01 (6.9217e-01)	Loss Pred 5.6500e-01 (5.6350e-01)	Loss TOTAL 9.6526e-01 (9.7232e-01)
Epoch: [20][ 60/496]	L_Src_Sup 1.8738e-01 (2.2420e-01)	L_Trg_Inj 3.2579e-01 (3.3441e-01)	Loss Disc 6.9311e-01 (6.9226e-01)	Loss Pred 5.8115e-01 (5.6448e-01)	Loss TOTAL 9.7902e-01 (9.7140e-01)
Epoch: [20][ 70/496]	L_Src_Sup 1.7134e-01 (2.1990e-01)	L_Trg_Inj 2.9132e-01 (3.3179e-01)	Loss Disc 6.9422e-01 (6.9211e-01)	Loss Pred 5.3405e-01 (5.6614e-01)	Loss TOTAL 9.2743e-01 (9.7305e-01)
Epoch: [20][ 80/496]	L_Src_Sup 1.8052e-01 (2.1805e-01)	L_Trg_Inj 4.0871e-01 (3.3170e-01)	Loss Disc 6.9458e-01 (6.9212e-01)	Loss Pred 5.6037e-01 (5.6546e-01)	Loss TOTAL 9.6659e-01 (9.7259e-01)
Epoch: [20][ 90/496]	L_Src_Sup 1.4167e-01 (2.2050e-01)	L_Trg_Inj 1.9067e-01 (3.3204e-01)	Loss Disc 6.9005e-01 (6.9215e-01)	Loss Pred 5.6505e-01 (5.6387e-01)	Loss TOTAL 9.4330e-01 (9.7061e-01)
Epoch: [20][100/496]	L_Src_Sup 2.7977e-01 (2.2151e-01)	L_Trg_Inj 4.0141e-01 (3.2809e-01)	Loss Disc 6.9228e-01 (6.9222e-01)	Loss Pred 5.5981e-01 (5.6310e-01)	Loss TOTAL 9.7406e-01 (9.6925e-01)
Epoch: [20][110/496]	L_Src_Sup 1.5857e-01 (2.2294e-01)	L_Trg_Inj 4.8563e-01 (3.3946e-01)	Loss Disc 6.9325e-01 (6.9225e-01)	Loss Pred 5.3953e-01 (5.6263e-01)	Loss TOTAL 9.5058e-01 (9.6981e-01)
Epoch: [20][120/496]	L_Src_Sup 3.4773e-01 (2.2409e-01)	L_Trg_Inj 3.9553e-01 (3.4168e-01)	Loss Disc 6.9173e-01 (6.9227e-01)	Loss Pred 5.7031e-01 (5.6145e-01)	Loss TOTAL 9.9050e-01 (9.6857e-01)
Epoch: [20][130/496]	L_Src_Sup 2.4303e-01 (2.2369e-01)	L_Trg_Inj 2.9646e-01 (3.4099e-01)	Loss Disc 6.9141e-01 (6.9225e-01)	Loss Pred 5.8638e-01 (5.6261e-01)	Loss TOTAL 9.8603e-01 (9.6975e-01)
Epoch: [20][140/496]	L_Src_Sup 3.3101e-01 (2.2434e-01)	L_Trg_Inj 1.7310e-01 (3.3404e-01)	Loss Disc 6.9105e-01 (6.9216e-01)	Loss Pred 5.4946e-01 (5.6394e-01)	Loss TOTAL 1.1033e+00 (9.7196e-01)
Epoch: [20][150/496]	L_Src_Sup 2.3810e-01 (2.2632e-01)	L_Trg_Inj 1.8508e-01 (3.3252e-01)	Loss Disc 6.8927e-01 (6.9199e-01)	Loss Pred 5.4489e-01 (5.6485e-01)	Loss TOTAL 9.8486e-01 (9.7374e-01)
Epoch: [20][160/496]	L_Src_Sup 7.2764e-02 (2.2334e-01)	L_Trg_Inj 4.3277e-01 (3.3349e-01)	Loss Disc 6.9238e-01 (6.9204e-01)	Loss Pred 5.6547e-01 (5.6521e-01)	Loss TOTAL 9.6221e-01 (9.7371e-01)
Epoch: [20][170/496]	L_Src_Sup 2.6892e-01 (2.2210e-01)	L_Trg_Inj 2.3984e-01 (3.3345e-01)	Loss Disc 6.9132e-01 (6.9203e-01)	Loss Pred 5.8574e-01 (5.6499e-01)	Loss TOTAL 1.0113e+00 (9.7355e-01)
Epoch: [20][180/496]	L_Src_Sup 2.5189e-01 (2.2232e-01)	L_Trg_Inj 3.0070e-01 (3.3750e-01)	Loss Disc 6.9285e-01 (6.9197e-01)	Loss Pred 5.8573e-01 (5.6551e-01)	Loss TOTAL 9.8741e-01 (9.7416e-01)
Epoch: [20][190/496]	L_Src_Sup 1.0320e-01 (2.1991e-01)	L_Trg_Inj 2.7279e-01 (3.3430e-01)	Loss Disc 6.9174e-01 (6.9199e-01)	Loss Pred 5.7501e-01 (5.6547e-01)	Loss TOTAL 9.5848e-01 (9.7324e-01)
Epoch: [20][200/496]	L_Src_Sup 1.4459e-01 (2.1812e-01)	L_Trg_Inj 2.2834e-01 (3.2810e-01)	Loss Disc 6.9115e-01 (6.9199e-01)	Loss Pred 5.7517e-01 (5.6513e-01)	Loss TOTAL 9.5804e-01 (9.7289e-01)
Epoch: [20][210/496]	L_Src_Sup 1.8546e-01 (2.1750e-01)	L_Trg_Inj 2.8623e-01 (3.2758e-01)	Loss Disc 6.9134e-01 (6.9202e-01)	Loss Pred 5.8117e-01 (5.6520e-01)	Loss TOTAL 9.7401e-01 (9.7266e-01)
Epoch: [20][220/496]	L_Src_Sup 2.7657e-01 (2.1822e-01)	L_Trg_Inj 4.1530e-01 (3.2878e-01)	Loss Disc 6.9064e-01 (6.9203e-01)	Loss Pred 5.7668e-01 (5.6538e-01)	Loss TOTAL 9.9119e-01 (9.7320e-01)
Epoch: [20][230/496]	L_Src_Sup 1.6652e-01 (2.1808e-01)	L_Trg_Inj 3.5087e-01 (3.3125e-01)	Loss Disc 6.9248e-01 (6.9204e-01)	Loss Pred 5.7590e-01 (5.6528e-01)	Loss TOTAL 9.7388e-01 (9.7309e-01)
Epoch: [20][240/496]	L_Src_Sup 2.3075e-01 (2.1797e-01)	L_Trg_Inj 3.1370e-01 (3.3385e-01)	Loss Disc 6.9307e-01 (6.9206e-01)	Loss Pred 5.3946e-01 (5.6520e-01)	Loss TOTAL 9.4044e-01 (9.7298e-01)
Epoch: [20][250/496]	L_Src_Sup 9.3024e-02 (2.1707e-01)	L_Trg_Inj 2.6731e-01 (3.3129e-01)	Loss Disc 6.9436e-01 (6.9208e-01)	Loss Pred 5.2879e-01 (5.6495e-01)	Loss TOTAL 9.1200e-01 (9.7278e-01)
Epoch: [20][260/496]	L_Src_Sup 1.7029e-01 (2.1806e-01)	L_Trg_Inj 3.0359e-01 (3.3114e-01)	Loss Disc 6.9222e-01 (6.9207e-01)	Loss Pred 5.2868e-01 (5.6451e-01)	Loss TOTAL 9.2218e-01 (9.7221e-01)
Epoch: [20][270/496]	L_Src_Sup 1.7942e-01 (2.1786e-01)	L_Trg_Inj 2.4597e-01 (3.2888e-01)	Loss Disc 6.9023e-01 (6.9203e-01)	Loss Pred 5.6500e-01 (5.6485e-01)	Loss TOTAL 9.5266e-01 (9.7267e-01)
Epoch: [20][280/496]	L_Src_Sup 9.8140e-02 (2.1569e-01)	L_Trg_Inj 3.4179e-01 (3.2640e-01)	Loss Disc 6.9187e-01 (6.9197e-01)	Loss Pred 5.4941e-01 (5.6511e-01)	Loss TOTAL 9.3934e-01 (9.7219e-01)
Epoch: [20][290/496]	L_Src_Sup 1.9840e-01 (2.1553e-01)	L_Trg_Inj 1.4145e-01 (3.2403e-01)	Loss Disc 6.9560e-01 (6.9195e-01)	Loss Pred 5.5452e-01 (5.6526e-01)	Loss TOTAL 9.9325e-01 (9.7257e-01)
Epoch: [20][300/496]	L_Src_Sup 1.4930e-01 (2.1491e-01)	L_Trg_Inj 2.5093e-01 (3.2230e-01)	Loss Disc 6.9027e-01 (6.9197e-01)	Loss Pred 5.9138e-01 (5.6497e-01)	Loss TOTAL 9.7654e-01 (9.7187e-01)
Epoch: [20][310/496]	L_Src_Sup 2.0184e-01 (2.1480e-01)	L_Trg_Inj 2.7567e-01 (3.2122e-01)	Loss Disc 6.9390e-01 (6.9199e-01)	Loss Pred 5.1361e-01 (5.6465e-01)	Loss TOTAL 9.0831e-01 (9.7165e-01)
Epoch: [20][320/496]	L_Src_Sup 2.9983e-01 (2.1613e-01)	L_Trg_Inj 4.0753e-01 (3.2088e-01)	Loss Disc 6.9471e-01 (6.9200e-01)	Loss Pred 5.5980e-01 (5.6452e-01)	Loss TOTAL 9.7789e-01 (9.7186e-01)
Epoch: [20][330/496]	L_Src_Sup 2.7444e-01 (2.1610e-01)	L_Trg_Inj 3.4591e-01 (3.2233e-01)	Loss Disc 6.9280e-01 (6.9205e-01)	Loss Pred 5.4932e-01 (5.6439e-01)	Loss TOTAL 9.5776e-01 (9.7166e-01)
Epoch: [20][340/496]	L_Src_Sup 2.4450e-01 (2.1703e-01)	L_Trg_Inj 3.4148e-01 (3.2181e-01)	Loss Disc 6.9101e-01 (6.9207e-01)	Loss Pred 5.7015e-01 (5.6413e-01)	Loss TOTAL 9.7425e-01 (9.7163e-01)
Epoch: [20][350/496]	L_Src_Sup 2.2937e-01 (2.1736e-01)	L_Trg_Inj 3.5936e-01 (3.2324e-01)	Loss Disc 6.9263e-01 (6.9209e-01)	Loss Pred 5.5420e-01 (5.6390e-01)	Loss TOTAL 9.5939e-01 (9.7137e-01)
Epoch: [20][360/496]	L_Src_Sup 2.4640e-01 (2.1736e-01)	L_Trg_Inj 3.3561e-01 (3.2294e-01)	Loss Disc 6.9322e-01 (6.9210e-01)	Loss Pred 5.6474e-01 (5.6367e-01)	Loss TOTAL 9.6955e-01 (9.7092e-01)
Epoch: [20][370/496]	L_Src_Sup 1.5378e-01 (2.1569e-01)	L_Trg_Inj 2.2038e-01 (3.2143e-01)	Loss Disc 6.9363e-01 (6.9212e-01)	Loss Pred 5.7609e-01 (5.6355e-01)	Loss TOTAL 9.6032e-01 (9.7029e-01)
Epoch: [20][380/496]	L_Src_Sup 2.3693e-01 (2.1470e-01)	L_Trg_Inj 2.3026e-01 (3.2214e-01)	Loss Disc 6.9117e-01 (6.9209e-01)	Loss Pred 5.5439e-01 (5.6332e-01)	Loss TOTAL 9.5337e-01 (9.7003e-01)
Epoch: [20][390/496]	L_Src_Sup 2.2518e-01 (2.1567e-01)	L_Trg_Inj 6.5403e-01 (3.2305e-01)	Loss Disc 6.7697e-01 (6.9167e-01)	Loss Pred 5.2868e-01 (5.6330e-01)	Loss TOTAL 9.5509e-01 (9.7016e-01)
Epoch: [20][400/496]	L_Src_Sup 2.1146e-01 (2.1528e-01)	L_Trg_Inj 3.4661e-01 (3.2528e-01)	Loss Disc 6.7030e-01 (6.9114e-01)	Loss Pred 5.5995e-01 (5.6313e-01)	Loss TOTAL 9.5091e-01 (9.6974e-01)
Epoch: [20][410/496]	L_Src_Sup 1.5833e-01 (2.1591e-01)	L_Trg_Inj 2.9114e-01 (3.2698e-01)	Loss Disc 6.6626e-01 (6.9054e-01)	Loss Pred 5.5423e-01 (5.6299e-01)	Loss TOTAL 9.3230e-01 (9.6947e-01)
Epoch: [20][420/496]	L_Src_Sup 1.9443e-01 (2.1528e-01)	L_Trg_Inj 2.9063e-01 (3.2741e-01)	Loss Disc 6.6373e-01 (6.8983e-01)	Loss Pred 5.4364e-01 (5.6312e-01)	Loss TOTAL 9.2401e-01 (9.6906e-01)
Epoch: [20][430/496]	L_Src_Sup 1.8422e-01 (2.1476e-01)	L_Trg_Inj 4.1697e-01 (3.2605e-01)	Loss Disc 6.5590e-01 (6.8919e-01)	Loss Pred 5.7565e-01 (5.6269e-01)	Loss TOTAL 9.6372e-01 (9.6825e-01)
Epoch: [20][440/496]	L_Src_Sup 2.8164e-01 (2.1516e-01)	L_Trg_Inj 4.6120e-01 (3.2730e-01)	Loss Disc 6.5783e-01 (6.8846e-01)	Loss Pred 5.5979e-01 (5.6271e-01)	Loss TOTAL 9.6299e-01 (9.6796e-01)
Epoch: [20][450/496]	L_Src_Sup 2.3613e-01 (2.1474e-01)	L_Trg_Inj 2.9472e-01 (3.2755e-01)	Loss Disc 6.6799e-01 (6.8779e-01)	Loss Pred 5.4342e-01 (5.6270e-01)	Loss TOTAL 9.3050e-01 (9.6746e-01)
Epoch: [20][460/496]	L_Src_Sup 1.3305e-01 (2.1395e-01)	L_Trg_Inj 4.0413e-01 (3.2928e-01)	Loss Disc 6.7723e-01 (6.8727e-01)	Loss Pred 5.2737e-01 (5.6268e-01)	Loss TOTAL 9.1971e-01 (9.6713e-01)
Epoch: [20][470/496]	L_Src_Sup 1.7504e-01 (2.1350e-01)	L_Trg_Inj 2.2774e-01 (3.2820e-01)	Loss Disc 6.5736e-01 (6.8669e-01)	Loss Pred 5.4856e-01 (5.6247e-01)	Loss TOTAL 9.1752e-01 (9.6634e-01)
Epoch: [20][480/496]	L_Src_Sup 1.1684e-01 (2.1324e-01)	L_Trg_Inj 3.2734e-01 (3.2802e-01)	Loss Disc 6.5790e-01 (6.8605e-01)	Loss Pred 5.4316e-01 (5.6233e-01)	Loss TOTAL 9.1653e-01 (9.6574e-01)
Epoch: [20][490/496]	L_Src_Sup 1.8236e-01 (2.1317e-01)	L_Trg_Inj 3.0515e-01 (3.2770e-01)	Loss Disc 6.6856e-01 (6.8546e-01)	Loss Pred 5.6523e-01 (5.6241e-01)	Loss TOTAL 9.4826e-01 (9.6562e-01)
Epoch: [20][496/496]	L_Src_Sup 2.5256e-01 (2.1283e-01)	L_Trg_Inj 3.8364e-01 (3.2823e-01)	Loss Disc 6.7685e-01 (6.8529e-01)	Loss Pred 5.4880e-01 (5.6270e-01)	Loss TOTAL 9.5085e-01 (9.6578e-01)
Epoch 20 complete. Saving model state...
Epoch: [21][ 10/496]	L_Src_Sup 2.2812e-01 (1.9380e-01)	L_Trg_Inj 2.4753e-01 (2.9670e-01)	Loss Disc 6.9149e-01 (6.8943e-01)	Loss Pred 5.1702e-01 (5.6431e-01)	Loss TOTAL 9.1033e-01 (9.5807e-01)
Epoch: [21][ 20/496]	L_Src_Sup 2.0828e-01 (1.8877e-01)	L_Trg_Inj 2.3619e-01 (2.6066e-01)	Loss Disc 6.9209e-01 (6.9059e-01)	Loss Pred 5.8122e-01 (5.5618e-01)	Loss TOTAL 9.7172e-01 (9.4859e-01)
Epoch: [21][ 30/496]	L_Src_Sup 2.3916e-01 (1.9528e-01)	L_Trg_Inj 2.6928e-01 (2.6851e-01)	Loss Disc 6.8980e-01 (6.9095e-01)	Loss Pred 6.0344e-01 (5.6067e-01)	Loss TOTAL 9.9919e-01 (9.5754e-01)
Epoch: [21][ 40/496]	L_Src_Sup 2.1723e-01 (1.8790e-01)	L_Trg_Inj 2.4496e-01 (2.7546e-01)	Loss Disc 6.9305e-01 (6.9166e-01)	Loss Pred 5.4892e-01 (5.5837e-01)	Loss TOTAL 9.4166e-01 (9.5484e-01)
Epoch: [21][ 50/496]	L_Src_Sup 1.9788e-01 (1.9333e-01)	L_Trg_Inj 2.0222e-01 (2.8176e-01)	Loss Disc 6.9311e-01 (6.9201e-01)	Loss Pred 5.4933e-01 (5.5916e-01)	Loss TOTAL 9.3589e-01 (9.5752e-01)
Epoch: [21][ 60/496]	L_Src_Sup 2.7268e-01 (1.9677e-01)	L_Trg_Inj 3.1142e-01 (2.8203e-01)	Loss Disc 6.9294e-01 (6.9219e-01)	Loss Pred 5.4952e-01 (5.6092e-01)	Loss TOTAL 9.5440e-01 (9.5914e-01)
Epoch: [21][ 70/496]	L_Src_Sup 2.0356e-01 (1.9998e-01)	L_Trg_Inj 3.8543e-01 (2.8522e-01)	Loss Disc 6.9460e-01 (6.9226e-01)	Loss Pred 5.7260e-01 (5.6290e-01)	Loss TOTAL 9.7880e-01 (9.6292e-01)
Epoch: [21][ 80/496]	L_Src_Sup 2.6375e-01 (2.0285e-01)	L_Trg_Inj 2.3391e-01 (2.9000e-01)	Loss Disc 6.9452e-01 (6.9247e-01)	Loss Pred 5.8170e-01 (5.6290e-01)	Loss TOTAL 1.0086e+00 (9.6420e-01)
Epoch: [21][ 90/496]	L_Src_Sup 1.3941e-01 (2.0117e-01)	L_Trg_Inj 2.5782e-01 (2.9312e-01)	Loss Disc 6.9322e-01 (6.9252e-01)	Loss Pred 5.5962e-01 (5.6280e-01)	Loss TOTAL 9.4595e-01 (9.6456e-01)
Epoch: [21][100/496]	L_Src_Sup 1.6488e-01 (2.0378e-01)	L_Trg_Inj 3.2870e-01 (3.0024e-01)	Loss Disc 6.9254e-01 (6.9263e-01)	Loss Pred 5.8082e-01 (5.6213e-01)	Loss TOTAL 9.7644e-01 (9.6472e-01)
Epoch: [21][110/496]	L_Src_Sup 1.9803e-01 (2.0033e-01)	L_Trg_Inj 4.4128e-01 (3.0078e-01)	Loss Disc 6.9408e-01 (6.9266e-01)	Loss Pred 5.5426e-01 (5.6273e-01)	Loss TOTAL 9.6523e-01 (9.6451e-01)
Epoch: [21][120/496]	L_Src_Sup 1.7481e-01 (2.0158e-01)	L_Trg_Inj 3.0309e-01 (3.0318e-01)	Loss Disc 6.9267e-01 (6.9272e-01)	Loss Pred 5.4360e-01 (5.6166e-01)	Loss TOTAL 9.3772e-01 (9.6352e-01)
Epoch: [21][130/496]	L_Src_Sup 1.2054e-01 (2.0613e-01)	L_Trg_Inj 2.5603e-01 (3.0144e-01)	Loss Disc 6.9309e-01 (6.9273e-01)	Loss Pred 5.6588e-01 (5.6124e-01)	Loss TOTAL 9.5009e-01 (9.6585e-01)
Epoch: [21][140/496]	L_Src_Sup 2.2207e-01 (2.0503e-01)	L_Trg_Inj 1.5898e-01 (2.9767e-01)	Loss Disc 6.9318e-01 (6.9274e-01)	Loss Pred 5.6485e-01 (5.6117e-01)	Loss TOTAL 1.0126e+00 (9.6536e-01)
Epoch: [21][150/496]	L_Src_Sup 1.8372e-01 (2.0218e-01)	L_Trg_Inj 2.6042e-01 (2.9501e-01)	Loss Disc 6.9221e-01 (6.9270e-01)	Loss Pred 5.7009e-01 (5.6186e-01)	Loss TOTAL 9.6062e-01 (9.6504e-01)
Epoch: [21][160/496]	L_Src_Sup 2.6705e-01 (2.0021e-01)	L_Trg_Inj 3.3879e-01 (2.9299e-01)	Loss Disc 6.9121e-01 (6.9267e-01)	Loss Pred 5.7629e-01 (5.6240e-01)	Loss TOTAL 9.8248e-01 (9.6492e-01)
Epoch: [21][170/496]	L_Src_Sup 1.6032e-01 (2.0193e-01)	L_Trg_Inj 2.0861e-01 (2.9485e-01)	Loss Disc 6.9243e-01 (6.9268e-01)	Loss Pred 5.5501e-01 (5.6265e-01)	Loss TOTAL 9.3812e-01 (9.6560e-01)
Epoch: [21][180/496]	L_Src_Sup 2.2722e-01 (2.0332e-01)	L_Trg_Inj 2.8834e-01 (2.9296e-01)	Loss Disc 6.9396e-01 (6.9263e-01)	Loss Pred 5.7551e-01 (5.6298e-01)	Loss TOTAL 9.7405e-01 (9.6682e-01)
Epoch: [21][190/496]	L_Src_Sup 2.6234e-01 (2.0366e-01)	L_Trg_Inj 4.5071e-01 (2.9509e-01)	Loss Disc 6.9726e-01 (6.9262e-01)	Loss Pred 5.2820e-01 (5.6296e-01)	Loss TOTAL 9.4814e-01 (9.6689e-01)
Epoch: [21][200/496]	L_Src_Sup 1.9776e-01 (2.0370e-01)	L_Trg_Inj 3.3806e-01 (2.9749e-01)	Loss Disc 6.9291e-01 (6.9260e-01)	Loss Pred 5.5418e-01 (5.6310e-01)	Loss TOTAL 9.5422e-01 (9.6687e-01)
Epoch: [21][210/496]	L_Src_Sup 2.2440e-01 (2.0414e-01)	L_Trg_Inj 3.8550e-01 (2.9597e-01)	Loss Disc 6.9217e-01 (6.9260e-01)	Loss Pred 5.6998e-01 (5.6277e-01)	Loss TOTAL 9.7706e-01 (9.6697e-01)
Epoch: [21][220/496]	L_Src_Sup 1.4441e-01 (2.0541e-01)	L_Trg_Inj 2.9378e-01 (2.9685e-01)	Loss Disc 6.9022e-01 (6.9258e-01)	Loss Pred 5.7530e-01 (5.6280e-01)	Loss TOTAL 9.6423e-01 (9.6725e-01)
Epoch: [21][230/496]	L_Src_Sup 2.0958e-01 (2.0560e-01)	L_Trg_Inj 1.9966e-01 (2.9689e-01)	Loss Disc 6.9444e-01 (6.9260e-01)	Loss Pred 5.3268e-01 (5.6235e-01)	Loss TOTAL 9.3075e-01 (9.6654e-01)
Epoch: [21][240/496]	L_Src_Sup 1.7325e-01 (2.0619e-01)	L_Trg_Inj 4.2370e-01 (2.9614e-01)	Loss Disc 6.9182e-01 (6.9261e-01)	Loss Pred 5.5232e-01 (5.6187e-01)	Loss TOTAL 9.5793e-01 (9.6590e-01)
Epoch: [21][250/496]	L_Src_Sup 1.9322e-01 (2.0635e-01)	L_Trg_Inj 2.5760e-01 (2.9807e-01)	Loss Disc 6.9364e-01 (6.9260e-01)	Loss Pred 5.6490e-01 (5.6170e-01)	Loss TOTAL 9.5681e-01 (9.6564e-01)
Epoch: [21][260/496]	L_Src_Sup 2.3549e-01 (2.0639e-01)	L_Trg_Inj 2.5563e-01 (2.9676e-01)	Loss Disc 6.9146e-01 (6.9261e-01)	Loss Pred 5.9467e-01 (5.6170e-01)	Loss TOTAL 9.8951e-01 (9.6565e-01)
Epoch: [21][270/496]	L_Src_Sup 2.1506e-01 (2.0664e-01)	L_Trg_Inj 4.1358e-01 (2.9756e-01)	Loss Disc 6.9102e-01 (6.9258e-01)	Loss Pred 5.9738e-01 (5.6193e-01)	Loss TOTAL 1.0058e+00 (9.6612e-01)
Epoch: [21][280/496]	L_Src_Sup 1.8617e-01 (2.0657e-01)	L_Trg_Inj 3.4494e-01 (2.9811e-01)	Loss Disc 6.9229e-01 (6.9257e-01)	Loss Pred 5.7547e-01 (5.6200e-01)	Loss TOTAL 9.7473e-01 (9.6597e-01)
Epoch: [21][290/496]	L_Src_Sup 1.7658e-01 (2.0538e-01)	L_Trg_Inj 3.4475e-01 (2.9593e-01)	Loss Disc 6.9377e-01 (6.9258e-01)	Loss Pred 5.4885e-01 (5.6227e-01)	Loss TOTAL 9.4787e-01 (9.6597e-01)
Epoch: [21][300/496]	L_Src_Sup 2.1370e-01 (2.0569e-01)	L_Trg_Inj 2.9361e-01 (2.9567e-01)	Loss Disc 6.9273e-01 (6.9260e-01)	Loss Pred 5.3867e-01 (5.6173e-01)	Loss TOTAL 9.3576e-01 (9.6586e-01)
Epoch: [21][310/496]	L_Src_Sup 1.9364e-01 (2.0564e-01)	L_Trg_Inj 2.3851e-01 (2.9653e-01)	Loss Disc 6.9128e-01 (6.9256e-01)	Loss Pred 5.6107e-01 (5.6240e-01)	Loss TOTAL 9.4993e-01 (9.6654e-01)
Epoch: [21][320/496]	L_Src_Sup 2.3546e-01 (2.0587e-01)	L_Trg_Inj 3.1294e-01 (2.9661e-01)	Loss Disc 6.9326e-01 (6.9259e-01)	Loss Pred 5.5621e-01 (5.6242e-01)	Loss TOTAL 9.5768e-01 (9.6658e-01)
Epoch: [21][330/496]	L_Src_Sup 3.7706e-01 (2.0669e-01)	L_Trg_Inj 3.8595e-01 (2.9749e-01)	Loss Disc 6.9296e-01 (6.9260e-01)	Loss Pred 6.0076e-01 (5.6220e-01)	Loss TOTAL 1.0235e+00 (9.6686e-01)
Epoch: [21][340/496]	L_Src_Sup 1.8387e-01 (2.0679e-01)	L_Trg_Inj 3.4292e-01 (2.9854e-01)	Loss Disc 6.9254e-01 (6.9260e-01)	Loss Pred 5.7009e-01 (5.6206e-01)	Loss TOTAL 9.6904e-01 (9.6694e-01)
Epoch: [21][350/496]	L_Src_Sup 1.5230e-01 (2.0607e-01)	L_Trg_Inj 1.7457e-01 (2.9681e-01)	Loss Disc 6.9268e-01 (6.9261e-01)	Loss Pred 6.0259e-01 (5.6208e-01)	Loss TOTAL 9.8162e-01 (9.6698e-01)
Epoch: [21][360/496]	L_Src_Sup 2.3557e-01 (2.0713e-01)	L_Trg_Inj 3.0631e-01 (2.9721e-01)	Loss Disc 6.9294e-01 (6.9261e-01)	Loss Pred 5.4899e-01 (5.6240e-01)	Loss TOTAL 9.4965e-01 (9.6736e-01)
Epoch: [21][370/496]	L_Src_Sup 2.5144e-01 (2.0761e-01)	L_Trg_Inj 4.2455e-01 (2.9755e-01)	Loss Disc 6.9091e-01 (6.9261e-01)	Loss Pred 5.8109e-01 (5.6265e-01)	Loss TOTAL 9.9414e-01 (9.6768e-01)
Epoch: [21][380/496]	L_Src_Sup 2.1790e-01 (2.0690e-01)	L_Trg_Inj 4.2570e-01 (2.9909e-01)	Loss Disc 6.9264e-01 (6.9260e-01)	Loss Pred 5.5442e-01 (5.6256e-01)	Loss TOTAL 9.6510e-01 (9.6745e-01)
Epoch: [21][390/496]	L_Src_Sup 2.0873e-01 (2.0654e-01)	L_Trg_Inj 3.1293e-01 (2.9960e-01)	Loss Disc 6.9317e-01 (6.9261e-01)	Loss Pred 5.8063e-01 (5.6278e-01)	Loss TOTAL 9.7938e-01 (9.6750e-01)
Epoch: [21][400/496]	L_Src_Sup 2.1539e-01 (2.0656e-01)	L_Trg_Inj 3.4350e-01 (2.9906e-01)	Loss Disc 6.9010e-01 (6.9260e-01)	Loss Pred 5.9646e-01 (5.6279e-01)	Loss TOTAL 9.9740e-01 (9.6744e-01)
Epoch: [21][410/496]	L_Src_Sup 2.2848e-01 (2.0665e-01)	L_Trg_Inj 2.6150e-01 (2.9742e-01)	Loss Disc 6.8790e-01 (6.9257e-01)	Loss Pred 5.8048e-01 (5.6301e-01)	Loss TOTAL 9.7343e-01 (9.6772e-01)
Epoch: [21][420/496]	L_Src_Sup 1.7236e-01 (2.0639e-01)	L_Trg_Inj 2.2206e-01 (2.9822e-01)	Loss Disc 6.9087e-01 (6.9253e-01)	Loss Pred 5.3863e-01 (5.6294e-01)	Loss TOTAL 9.2350e-01 (9.6749e-01)
Epoch: [21][430/496]	L_Src_Sup 2.1571e-01 (2.0690e-01)	L_Trg_Inj 3.8720e-01 (3.0122e-01)	Loss Disc 6.7033e-01 (6.9217e-01)	Loss Pred 5.4887e-01 (5.6281e-01)	Loss TOTAL 9.4433e-01 (9.6740e-01)
Epoch: [21][440/496]	L_Src_Sup 1.2407e-01 (2.0694e-01)	L_Trg_Inj 2.6730e-01 (3.0280e-01)	Loss Disc 6.5628e-01 (6.9155e-01)	Loss Pred 5.8071e-01 (5.6266e-01)	Loss TOTAL 9.4798e-01 (9.6708e-01)
Epoch: [21][450/496]	L_Src_Sup 2.7838e-01 (2.0706e-01)	L_Trg_Inj 1.9944e-01 (3.0438e-01)	Loss Disc 6.4923e-01 (6.9083e-01)	Loss Pred 5.9145e-01 (5.6269e-01)	Loss TOTAL 1.0428e+00 (9.6692e-01)
Epoch: [21][460/496]	L_Src_Sup 3.1100e-01 (2.0767e-01)	L_Trg_Inj 4.4126e-01 (3.0533e-01)	Loss Disc 6.6431e-01 (6.9004e-01)	Loss Pred 5.4363e-01 (5.6278e-01)	Loss TOTAL 9.5101e-01 (9.6683e-01)
Epoch: [21][470/496]	L_Src_Sup 3.1054e-01 (2.0730e-01)	L_Trg_Inj 1.4769e-01 (3.0510e-01)	Loss Disc 6.5802e-01 (6.8932e-01)	Loss Pred 5.4379e-01 (5.6259e-01)	Loss TOTAL 1.0815e+00 (9.6640e-01)
Epoch: [21][480/496]	L_Src_Sup 1.9799e-01 (2.0698e-01)	L_Trg_Inj 2.8580e-01 (3.0567e-01)	Loss Disc 6.5675e-01 (6.8865e-01)	Loss Pred 5.5392e-01 (5.6234e-01)	Loss TOTAL 9.3067e-01 (9.6567e-01)
Epoch: [21][490/496]	L_Src_Sup 2.9899e-01 (2.0768e-01)	L_Trg_Inj 2.7212e-01 (3.0552e-01)	Loss Disc 6.5999e-01 (6.8789e-01)	Loss Pred 5.4893e-01 (5.6261e-01)	Loss TOTAL 9.6290e-01 (9.6633e-01)
Epoch: [21][496/496]	L_Src_Sup 2.7646e-01 (2.0796e-01)	L_Trg_Inj 3.3712e-01 (3.0676e-01)	Loss Disc 6.7673e-01 (6.8775e-01)	Loss Pred 6.2142e-01 (5.6259e-01)	Loss TOTAL 1.0211e+00 (9.6629e-01)
Epoch 21 complete. Saving model state...
Epoch: [22][ 10/496]	L_Src_Sup 2.4597e-01 (2.0370e-01)	L_Trg_Inj 3.7740e-01 (2.9895e-01)	Loss Disc 7.0081e-01 (6.8911e-01)	Loss Pred 5.5573e-01 (5.6053e-01)	Loss TOTAL 9.6847e-01 (9.6418e-01)
Epoch: [22][ 20/496]	L_Src_Sup 1.8893e-01 (2.0352e-01)	L_Trg_Inj 3.1563e-01 (2.9864e-01)	Loss Disc 6.8491e-01 (6.9139e-01)	Loss Pred 6.3976e-01 (5.6465e-01)	Loss TOTAL 1.0327e+00 (9.6636e-01)
Epoch: [22][ 30/496]	L_Src_Sup 1.4778e-01 (1.9938e-01)	L_Trg_Inj 2.5781e-01 (2.8364e-01)	Loss Disc 6.9089e-01 (6.9219e-01)	Loss Pred 5.5996e-01 (5.6033e-01)	Loss TOTAL 9.4596e-01 (9.6665e-01)
Epoch: [22][ 40/496]	L_Src_Sup 1.9789e-01 (2.0124e-01)	L_Trg_Inj 1.7622e-01 (2.8140e-01)	Loss Disc 6.9298e-01 (6.9242e-01)	Loss Pred 5.4882e-01 (5.6138e-01)	Loss TOTAL 9.5439e-01 (9.6610e-01)
Epoch: [22][ 50/496]	L_Src_Sup 1.3602e-01 (1.9365e-01)	L_Trg_Inj 1.6253e-01 (2.7358e-01)	Loss Disc 6.9184e-01 (6.9238e-01)	Loss Pred 5.2900e-01 (5.6307e-01)	Loss TOTAL 9.0478e-01 (9.6473e-01)
Epoch: [22][ 60/496]	L_Src_Sup 1.2116e-01 (1.9245e-01)	L_Trg_Inj 2.4709e-01 (2.6899e-01)	Loss Disc 6.8429e-01 (6.9207e-01)	Loss Pred 5.6493e-01 (5.6305e-01)	Loss TOTAL 9.4390e-01 (9.6518e-01)
Epoch: [22][ 70/496]	L_Src_Sup 1.6014e-01 (1.9188e-01)	L_Trg_Inj 3.8341e-01 (2.7953e-01)	Loss Disc 6.9714e-01 (6.9218e-01)	Loss Pred 5.4038e-01 (5.6278e-01)	Loss TOTAL 9.4331e-01 (9.6496e-01)
Epoch: [22][ 80/496]	L_Src_Sup 1.6236e-01 (1.9859e-01)	L_Trg_Inj 4.5656e-01 (2.9800e-01)	Loss Disc 6.9183e-01 (6.9227e-01)	Loss Pred 5.6008e-01 (5.6285e-01)	Loss TOTAL 9.6789e-01 (9.6680e-01)
Epoch: [22][ 90/496]	L_Src_Sup 2.2391e-01 (1.9781e-01)	L_Trg_Inj 2.0248e-01 (3.0351e-01)	Loss Disc 6.9127e-01 (6.9228e-01)	Loss Pred 5.6488e-01 (5.6198e-01)	Loss TOTAL 9.7459e-01 (9.6574e-01)
Epoch: [22][100/496]	L_Src_Sup 1.2710e-01 (1.9663e-01)	L_Trg_Inj 1.8315e-01 (2.9854e-01)	Loss Disc 6.8907e-01 (6.9225e-01)	Loss Pred 5.8629e-01 (5.6097e-01)	Loss TOTAL 9.6186e-01 (9.6335e-01)
Epoch: [22][110/496]	L_Src_Sup 2.8523e-01 (1.9861e-01)	L_Trg_Inj 1.1293e-01 (2.9173e-01)	Loss Disc 6.9101e-01 (6.9235e-01)	Loss Pred 6.0932e-01 (5.5995e-01)	Loss TOTAL 1.1669e+00 (9.6374e-01)
Epoch: [22][120/496]	L_Src_Sup 2.1511e-01 (2.0028e-01)	L_Trg_Inj 3.6236e-01 (2.9823e-01)	Loss Disc 6.8946e-01 (6.9227e-01)	Loss Pred 5.9720e-01 (5.6076e-01)	Loss TOTAL 9.9968e-01 (9.6479e-01)
Epoch: [22][130/496]	L_Src_Sup 2.0971e-01 (2.0037e-01)	L_Trg_Inj 1.0102e-01 (3.0038e-01)	Loss Disc 6.9256e-01 (6.9230e-01)	Loss Pred 5.3276e-01 (5.6067e-01)	Loss TOTAL 1.0188e+00 (9.6515e-01)
Epoch: [22][140/496]	L_Src_Sup 1.3868e-01 (1.9882e-01)	L_Trg_Inj 2.5014e-01 (3.0544e-01)	Loss Disc 6.9198e-01 (6.9230e-01)	Loss Pred 5.5422e-01 (5.6051e-01)	Loss TOTAL 9.3909e-01 (9.6476e-01)
Epoch: [22][150/496]	L_Src_Sup 1.7115e-01 (2.0108e-01)	L_Trg_Inj 3.4781e-01 (3.0444e-01)	Loss Disc 6.9384e-01 (6.9232e-01)	Loss Pred 5.2835e-01 (5.6043e-01)	Loss TOTAL 9.2717e-01 (9.6570e-01)
Epoch: [22][160/496]	L_Src_Sup 2.4824e-01 (2.0372e-01)	L_Trg_Inj 4.4186e-01 (3.0691e-01)	Loss Disc 6.9397e-01 (6.9238e-01)	Loss Pred 5.1192e-01 (5.6048e-01)	Loss TOTAL 9.2791e-01 (9.6607e-01)
Epoch: [22][170/496]	L_Src_Sup 2.3946e-01 (2.0574e-01)	L_Trg_Inj 2.0216e-01 (3.0978e-01)	Loss Disc 6.9150e-01 (6.9239e-01)	Loss Pred 6.0237e-01 (5.6118e-01)	Loss TOTAL 1.0296e+00 (9.6699e-01)
Epoch: [22][180/496]	L_Src_Sup 1.9943e-01 (2.0691e-01)	L_Trg_Inj 3.3838e-01 (3.1212e-01)	Loss Disc 6.9154e-01 (6.9239e-01)	Loss Pred 5.9180e-01 (5.6086e-01)	Loss TOTAL 9.9136e-01 (9.6701e-01)
Epoch: [22][190/496]	L_Src_Sup 2.4037e-01 (2.0549e-01)	L_Trg_Inj 1.9987e-01 (3.1312e-01)	Loss Disc 6.9296e-01 (6.9239e-01)	Loss Pred 5.5942e-01 (5.6088e-01)	Loss TOTAL 9.9042e-01 (9.6677e-01)
Epoch: [22][200/496]	L_Src_Sup 2.3645e-01 (2.0741e-01)	L_Trg_Inj 3.4733e-01 (3.1371e-01)	Loss Disc 6.9460e-01 (6.9240e-01)	Loss Pred 5.5128e-01 (5.6070e-01)	Loss TOTAL 9.5696e-01 (9.6679e-01)
Epoch: [22][210/496]	L_Src_Sup 2.3030e-01 (2.0786e-01)	L_Trg_Inj 5.2604e-01 (3.2082e-01)	Loss Disc 6.8866e-01 (6.9232e-01)	Loss Pred 5.7061e-01 (5.6134e-01)	Loss TOTAL 9.9058e-01 (9.6779e-01)
Epoch: [22][220/496]	L_Src_Sup 1.6351e-01 (2.0575e-01)	L_Trg_Inj 3.4847e-01 (3.2447e-01)	Loss Disc 6.9111e-01 (6.9227e-01)	Loss Pred 5.7023e-01 (5.6147e-01)	Loss TOTAL 9.6698e-01 (9.6771e-01)
Epoch: [22][230/496]	L_Src_Sup 1.5835e-01 (2.0448e-01)	L_Trg_Inj 2.9688e-01 (3.2307e-01)	Loss Disc 6.9126e-01 (6.9229e-01)	Loss Pred 5.5412e-01 (5.6122e-01)	Loss TOTAL 9.4527e-01 (9.6728e-01)
Epoch: [22][240/496]	L_Src_Sup 1.7813e-01 (2.0326e-01)	L_Trg_Inj 2.8725e-01 (3.2249e-01)	Loss Disc 6.8979e-01 (6.9224e-01)	Loss Pred 5.5413e-01 (5.6159e-01)	Loss TOTAL 9.4557e-01 (9.6738e-01)
Epoch: [22][250/496]	L_Src_Sup 2.3293e-01 (2.0278e-01)	L_Trg_Inj 1.9127e-01 (3.2302e-01)	Loss Disc 6.9348e-01 (6.9225e-01)	Loss Pred 5.4354e-01 (5.6163e-01)	Loss TOTAL 9.7436e-01 (9.6731e-01)
Epoch: [22][260/496]	L_Src_Sup 1.8956e-01 (2.0232e-01)	L_Trg_Inj 4.3554e-01 (3.2415e-01)	Loss Disc 6.9074e-01 (6.9224e-01)	Loss Pred 5.8598e-01 (5.6179e-01)	Loss TOTAL 9.9386e-01 (9.6727e-01)
Epoch: [22][270/496]	L_Src_Sup 2.0582e-01 (2.0261e-01)	L_Trg_Inj 3.7593e-01 (3.2427e-01)	Loss Disc 6.9205e-01 (6.9224e-01)	Loss Pred 5.7039e-01 (5.6194e-01)	Loss TOTAL 9.7459e-01 (9.6746e-01)
Epoch: [22][280/496]	L_Src_Sup 1.0024e-01 (2.0247e-01)	L_Trg_Inj 3.2551e-01 (3.2395e-01)	Loss Disc 6.9259e-01 (6.9227e-01)	Loss Pred 5.5950e-01 (5.6218e-01)	Loss TOTAL 9.4837e-01 (9.6758e-01)
Epoch: [22][290/496]	L_Src_Sup 1.4890e-01 (2.0088e-01)	L_Trg_Inj 1.9887e-01 (3.2205e-01)	Loss Disc 6.9099e-01 (6.9227e-01)	Loss Pred 5.9146e-01 (5.6226e-01)	Loss TOTAL 9.7174e-01 (9.6708e-01)
Epoch: [22][300/496]	L_Src_Sup 2.1804e-01 (2.0195e-01)	L_Trg_Inj 4.0277e-01 (3.1950e-01)	Loss Disc 6.9248e-01 (6.9229e-01)	Loss Pred 5.8161e-01 (5.6231e-01)	Loss TOTAL 9.8993e-01 (9.6769e-01)
Epoch: [22][310/496]	L_Src_Sup 1.2381e-01 (2.0146e-01)	L_Trg_Inj 3.6862e-01 (3.2047e-01)	Loss Disc 6.9241e-01 (6.9231e-01)	Loss Pred 5.7540e-01 (5.6204e-01)	Loss TOTAL 9.7085e-01 (9.6734e-01)
Epoch: [22][320/496]	L_Src_Sup 2.2872e-01 (2.0267e-01)	L_Trg_Inj 2.9915e-01 (3.2049e-01)	Loss Disc 6.9416e-01 (6.9231e-01)	Loss Pred 5.3322e-01 (5.6247e-01)	Loss TOTAL 9.3309e-01 (9.6805e-01)
Epoch: [22][330/496]	L_Src_Sup 2.0652e-01 (2.0292e-01)	L_Trg_Inj 5.1456e-01 (3.2208e-01)	Loss Disc 6.9442e-01 (6.9232e-01)	Loss Pred 5.7533e-01 (5.6297e-01)	Loss TOTAL 9.9465e-01 (9.6877e-01)
Epoch: [22][340/496]	L_Src_Sup 1.2284e-01 (2.0239e-01)	L_Trg_Inj 3.1369e-01 (3.2259e-01)	Loss Disc 6.9190e-01 (6.9232e-01)	Loss Pred 5.7009e-01 (5.6283e-01)	Loss TOTAL 9.5970e-01 (9.6842e-01)
Epoch: [22][350/496]	L_Src_Sup 1.4652e-01 (2.0236e-01)	L_Trg_Inj 1.8595e-01 (3.2088e-01)	Loss Disc 6.9115e-01 (6.9233e-01)	Loss Pred 5.8086e-01 (5.6289e-01)	Loss TOTAL 9.5968e-01 (9.6812e-01)
Epoch: [22][360/496]	L_Src_Sup 1.9012e-01 (2.0330e-01)	L_Trg_Inj 4.1496e-01 (3.2153e-01)	Loss Disc 6.9229e-01 (6.9233e-01)	Loss Pred 5.7012e-01 (5.6291e-01)	Loss TOTAL 9.7678e-01 (9.6863e-01)
Epoch: [22][370/496]	L_Src_Sup 1.3167e-01 (2.0168e-01)	L_Trg_Inj 3.1504e-01 (3.2168e-01)	Loss Disc 6.9373e-01 (6.9234e-01)	Loss Pred 5.2379e-01 (5.6296e-01)	Loss TOTAL 9.1532e-01 (9.6835e-01)
Epoch: [22][380/496]	L_Src_Sup 1.9509e-01 (2.0157e-01)	L_Trg_Inj 2.7659e-01 (3.2108e-01)	Loss Disc 6.9164e-01 (6.9235e-01)	Loss Pred 5.9598e-01 (5.6319e-01)	Loss TOTAL 9.8897e-01 (9.6834e-01)
Epoch: [22][390/496]	L_Src_Sup 2.2476e-01 (2.0084e-01)	L_Trg_Inj 2.6343e-01 (3.1923e-01)	Loss Disc 6.9134e-01 (6.9237e-01)	Loss Pred 6.1733e-01 (5.6305e-01)	Loss TOTAL 1.0118e+00 (9.6801e-01)
Epoch: [22][400/496]	L_Src_Sup 1.9983e-01 (2.0109e-01)	L_Trg_Inj 3.8972e-01 (3.1820e-01)	Loss Disc 6.9293e-01 (6.9239e-01)	Loss Pred 5.5426e-01 (5.6295e-01)	Loss TOTAL 9.5968e-01 (9.6810e-01)
Epoch: [22][410/496]	L_Src_Sup 2.1606e-01 (2.0164e-01)	L_Trg_Inj 3.5302e-01 (3.1922e-01)	Loss Disc 6.9255e-01 (6.9240e-01)	Loss Pred 5.5416e-01 (5.6295e-01)	Loss TOTAL 9.5734e-01 (9.6810e-01)
Epoch: [22][420/496]	L_Src_Sup 2.1037e-01 (2.0145e-01)	L_Trg_Inj 2.5724e-01 (3.1864e-01)	Loss Disc 6.9200e-01 (6.9241e-01)	Loss Pred 5.5426e-01 (5.6290e-01)	Loss TOTAL 9.4702e-01 (9.6798e-01)
Epoch: [22][430/496]	L_Src_Sup 1.6792e-01 (2.0156e-01)	L_Trg_Inj 4.6438e-01 (3.1890e-01)	Loss Disc 6.9300e-01 (6.9243e-01)	Loss Pred 5.6873e-01 (5.6287e-01)	Loss TOTAL 9.7846e-01 (9.6803e-01)
Epoch: [22][440/496]	L_Src_Sup 1.8507e-01 (2.0192e-01)	L_Trg_Inj 5.7172e-01 (3.1971e-01)	Loss Disc 6.9366e-01 (6.9244e-01)	Loss Pred 5.3973e-01 (5.6310e-01)	Loss TOTAL 9.6224e-01 (9.6889e-01)
Epoch: [22][450/496]	L_Src_Sup 2.1851e-01 (2.0165e-01)	L_Trg_Inj 2.8056e-01 (3.2028e-01)	Loss Disc 6.9315e-01 (6.9246e-01)	Loss Pred 6.0171e-01 (5.6295e-01)	Loss TOTAL 9.9819e-01 (9.6860e-01)
Epoch: [22][460/496]	L_Src_Sup 3.4921e-01 (2.0276e-01)	L_Trg_Inj 3.0801e-01 (3.2050e-01)	Loss Disc 6.9320e-01 (6.9247e-01)	Loss Pred 5.4402e-01 (5.6278e-01)	Loss TOTAL 9.9755e-01 (9.6872e-01)
Epoch: [22][470/496]	L_Src_Sup 2.5403e-01 (2.0261e-01)	L_Trg_Inj 1.9929e-01 (3.2034e-01)	Loss Disc 6.9349e-01 (6.9248e-01)	Loss Pred 5.4433e-01 (5.6285e-01)	Loss TOTAL 9.9115e-01 (9.6873e-01)
Epoch: [22][480/496]	L_Src_Sup 8.1160e-02 (2.0299e-01)	L_Trg_Inj 2.3598e-01 (3.1969e-01)	Loss Disc 6.9338e-01 (6.9250e-01)	Loss Pred 5.6482e-01 (5.6255e-01)	Loss TOTAL 9.4322e-01 (9.6841e-01)
Epoch: [22][490/496]	L_Src_Sup 9.7271e-02 (2.0227e-01)	L_Trg_Inj 3.8374e-01 (3.1946e-01)	Loss Disc 6.9311e-01 (6.9251e-01)	Loss Pred 5.4331e-01 (5.6248e-01)	Loss TOTAL 9.3797e-01 (9.6812e-01)
Epoch: [22][496/496]	L_Src_Sup 2.2530e-01 (2.0242e-01)	L_Trg_Inj 1.2000e-01 (3.1865e-01)	Loss Disc 6.9316e-01 (6.9252e-01)	Loss Pred 5.7031e-01 (5.6251e-01)	Loss TOTAL 1.0567e+00 (9.6821e-01)
Epoch 22 complete. Saving model state...
Epoch: [23][ 10/496]	L_Src_Sup 1.7653e-01 (2.1574e-01)	L_Trg_Inj 3.5860e-01 (2.5718e-01)	Loss Disc 6.9287e-01 (6.9310e-01)	Loss Pred 5.7553e-01 (5.5485e-01)	Loss TOTAL 9.7548e-01 (9.6006e-01)
Epoch: [23][ 20/496]	L_Src_Sup 2.7278e-01 (2.2043e-01)	L_Trg_Inj 2.9523e-01 (2.6700e-01)	Loss Disc 6.9367e-01 (6.9312e-01)	Loss Pred 5.0538e-01 (5.5366e-01)	Loss TOTAL 9.0902e-01 (9.5464e-01)
Epoch: [23][ 30/496]	L_Src_Sup 1.3306e-01 (2.2059e-01)	L_Trg_Inj 4.3043e-01 (2.6484e-01)	Loss Disc 6.9238e-01 (6.9302e-01)	Loss Pred 5.8774e-01 (5.5895e-01)	Loss TOTAL 9.9028e-01 (9.6473e-01)
Epoch: [23][ 40/496]	L_Src_Sup 1.8187e-01 (2.2164e-01)	L_Trg_Inj 3.3883e-01 (2.8865e-01)	Loss Disc 6.9256e-01 (6.9303e-01)	Loss Pred 5.6533e-01 (5.5844e-01)	Loss TOTAL 9.6368e-01 (9.6457e-01)
Epoch: [23][ 50/496]	L_Src_Sup 9.3717e-02 (2.1699e-01)	L_Trg_Inj 3.1704e-01 (2.9952e-01)	Loss Disc 6.9268e-01 (6.9302e-01)	Loss Pred 5.2162e-01 (5.5774e-01)	Loss TOTAL 9.0904e-01 (9.6278e-01)
Epoch: [23][ 60/496]	L_Src_Sup 2.3196e-01 (2.2062e-01)	L_Trg_Inj 2.7153e-01 (3.1425e-01)	Loss Disc 6.9298e-01 (6.9300e-01)	Loss Pred 5.2291e-01 (5.5926e-01)	Loss TOTAL 9.1975e-01 (9.6564e-01)
Epoch: [23][ 70/496]	L_Src_Sup 2.1579e-01 (2.1725e-01)	L_Trg_Inj 2.6198e-01 (3.1195e-01)	Loss Disc 6.9300e-01 (6.9297e-01)	Loss Pred 5.4846e-01 (5.5871e-01)	Loss TOTAL 9.4273e-01 (9.6375e-01)
Epoch: [23][ 80/496]	L_Src_Sup 1.6162e-01 (2.1798e-01)	L_Trg_Inj 4.2511e-01 (3.1180e-01)	Loss Disc 6.9227e-01 (6.9297e-01)	Loss Pred 5.4293e-01 (5.5812e-01)	Loss TOTAL 9.4774e-01 (9.6353e-01)
Epoch: [23][ 90/496]	L_Src_Sup 2.0091e-01 (2.1747e-01)	L_Trg_Inj 2.4189e-01 (3.0725e-01)	Loss Disc 6.9320e-01 (6.9297e-01)	Loss Pred 5.8780e-01 (5.5747e-01)	Loss TOTAL 9.7868e-01 (9.6328e-01)
Epoch: [23][100/496]	L_Src_Sup 3.4629e-01 (2.2004e-01)	L_Trg_Inj 3.2739e-01 (3.0994e-01)	Loss Disc 6.9298e-01 (6.9298e-01)	Loss Pred 5.3730e-01 (5.5701e-01)	Loss TOTAL 9.7006e-01 (9.6304e-01)
Epoch: [23][110/496]	L_Src_Sup 3.2067e-01 (2.1964e-01)	L_Trg_Inj 3.8580e-01 (3.1072e-01)	Loss Disc 6.9281e-01 (6.9300e-01)	Loss Pred 5.2648e-01 (5.5771e-01)	Loss TOTAL 9.4353e-01 (9.6346e-01)
Epoch: [23][120/496]	L_Src_Sup 2.2460e-01 (2.1962e-01)	L_Trg_Inj 2.8055e-01 (3.1054e-01)	Loss Disc 6.9331e-01 (6.9301e-01)	Loss Pred 5.7031e-01 (5.5775e-01)	Loss TOTAL 9.6748e-01 (9.6297e-01)
Epoch: [23][130/496]	L_Src_Sup 2.3367e-01 (2.1955e-01)	L_Trg_Inj 2.8561e-01 (3.0907e-01)	Loss Disc 6.9313e-01 (6.9301e-01)	Loss Pred 5.9302e-01 (5.5796e-01)	Loss TOTAL 9.9152e-01 (9.6386e-01)
Epoch: [23][140/496]	L_Src_Sup 2.8000e-01 (2.2039e-01)	L_Trg_Inj 2.0952e-01 (3.0810e-01)	Loss Disc 6.9324e-01 (6.9300e-01)	Loss Pred 5.5979e-01 (5.5820e-01)	Loss TOTAL 1.0258e+00 (9.6482e-01)
Epoch: [23][150/496]	L_Src_Sup 7.8448e-02 (2.1920e-01)	L_Trg_Inj 3.3308e-01 (3.0945e-01)	Loss Disc 6.9309e-01 (6.9299e-01)	Loss Pred 5.4831e-01 (5.5824e-01)	Loss TOTAL 9.3601e-01 (9.6439e-01)
Epoch: [23][160/496]	L_Src_Sup 2.2717e-01 (2.2149e-01)	L_Trg_Inj 4.7291e-01 (3.1275e-01)	Loss Disc 6.9178e-01 (6.9297e-01)	Loss Pred 5.5833e-01 (5.5787e-01)	Loss TOTAL 9.7423e-01 (9.6467e-01)
Epoch: [23][170/496]	L_Src_Sup 2.6816e-01 (2.1910e-01)	L_Trg_Inj 1.8941e-01 (3.1379e-01)	Loss Disc 6.9328e-01 (6.9297e-01)	Loss Pred 5.7613e-01 (5.5864e-01)	Loss TOTAL 1.0473e+00 (9.6536e-01)
Epoch: [23][180/496]	L_Src_Sup 1.5578e-01 (2.1579e-01)	L_Trg_Inj 2.5922e-01 (3.1018e-01)	Loss Disc 6.9308e-01 (6.9298e-01)	Loss Pred 5.4297e-01 (5.5821e-01)	Loss TOTAL 9.3101e-01 (9.6432e-01)
Epoch: [23][190/496]	L_Src_Sup 2.2997e-01 (2.1579e-01)	L_Trg_Inj 3.8432e-01 (3.0924e-01)	Loss Disc 6.9289e-01 (6.9299e-01)	Loss Pred 5.7603e-01 (5.5884e-01)	Loss TOTAL 9.8390e-01 (9.6600e-01)
Epoch: [23][200/496]	L_Src_Sup 8.0823e-02 (2.1466e-01)	L_Trg_Inj 3.8939e-01 (3.1281e-01)	Loss Disc 6.8970e-01 (6.9293e-01)	Loss Pred 5.4320e-01 (5.5920e-01)	Loss TOTAL 9.3507e-01 (9.6624e-01)
Epoch: [23][210/496]	L_Src_Sup 1.6675e-01 (2.1628e-01)	L_Trg_Inj 2.7815e-01 (3.1544e-01)	Loss Disc 6.6258e-01 (6.9211e-01)	Loss Pred 5.8134e-01 (5.5908e-01)	Loss TOTAL 9.5712e-01 (9.6616e-01)
Epoch: [23][220/496]	L_Src_Sup 2.9167e-01 (2.1563e-01)	L_Trg_Inj 4.9009e-01 (3.1912e-01)	Loss Disc 6.6549e-01 (6.9084e-01)	Loss Pred 5.4283e-01 (5.5897e-01)	Loss TOTAL 9.5375e-01 (9.6552e-01)
Epoch: [23][230/496]	L_Src_Sup 1.4736e-01 (2.1552e-01)	L_Trg_Inj 3.1099e-01 (3.2336e-01)	Loss Disc 6.5745e-01 (6.8969e-01)	Loss Pred 5.8679e-01 (5.5885e-01)	Loss TOTAL 9.6135e-01 (9.6491e-01)
Epoch: [23][240/496]	L_Src_Sup 1.6013e-01 (2.1442e-01)	L_Trg_Inj 3.1799e-01 (3.2548e-01)	Loss Disc 6.8440e-01 (6.8905e-01)	Loss Pred 5.5951e-01 (5.5892e-01)	Loss TOTAL 9.4953e-01 (9.6451e-01)
Epoch: [23][250/496]	L_Src_Sup 1.3338e-01 (2.1295e-01)	L_Trg_Inj 2.3075e-01 (3.2345e-01)	Loss Disc 6.7460e-01 (6.8901e-01)	Loss Pred 6.1371e-01 (5.5947e-01)	Loss TOTAL 9.8743e-01 (9.6461e-01)
Epoch: [23][260/496]	L_Src_Sup 1.8534e-01 (2.1178e-01)	L_Trg_Inj 3.9630e-01 (3.2611e-01)	Loss Disc 7.0158e-01 (6.8916e-01)	Loss Pred 5.1607e-01 (5.5924e-01)	Loss TOTAL 9.2503e-01 (9.6439e-01)
Epoch: [23][270/496]	L_Src_Sup 1.1263e-01 (2.1134e-01)	L_Trg_Inj 2.9522e-01 (3.2720e-01)	Loss Disc 6.9296e-01 (6.8941e-01)	Loss Pred 6.2000e-01 (5.5914e-01)	Loss TOTAL 1.0073e+00 (9.6426e-01)
Epoch: [23][280/496]	L_Src_Sup 3.1385e-01 (2.1151e-01)	L_Trg_Inj 4.4278e-01 (3.2824e-01)	Loss Disc 6.9148e-01 (6.8952e-01)	Loss Pred 5.5942e-01 (5.5917e-01)	Loss TOTAL 9.8082e-01 (9.6465e-01)
Epoch: [23][290/496]	L_Src_Sup 1.4148e-01 (2.1047e-01)	L_Trg_Inj 3.3059e-01 (3.3017e-01)	Loss Disc 6.9350e-01 (6.8965e-01)	Loss Pred 5.6470e-01 (5.5915e-01)	Loss TOTAL 9.5866e-01 (9.6455e-01)
Epoch: [23][300/496]	L_Src_Sup 2.8879e-01 (2.0978e-01)	L_Trg_Inj 2.8772e-01 (3.2830e-01)	Loss Disc 6.9109e-01 (6.8974e-01)	Loss Pred 5.7572e-01 (5.5930e-01)	Loss TOTAL 9.7998e-01 (9.6428e-01)
Epoch: [23][310/496]	L_Src_Sup 2.7321e-01 (2.0942e-01)	L_Trg_Inj 2.7151e-01 (3.2745e-01)	Loss Disc 6.8908e-01 (6.8968e-01)	Loss Pred 5.5396e-01 (5.5952e-01)	Loss TOTAL 9.5467e-01 (9.6431e-01)
Epoch: [23][320/496]	L_Src_Sup 2.1992e-01 (2.0972e-01)	L_Trg_Inj 3.7511e-01 (3.2650e-01)	Loss Disc 6.8818e-01 (6.8976e-01)	Loss Pred 5.8654e-01 (5.5976e-01)	Loss TOTAL 9.9014e-01 (9.6468e-01)
Epoch: [23][330/496]	L_Src_Sup 2.0628e-01 (2.0931e-01)	L_Trg_Inj 4.4946e-01 (3.2674e-01)	Loss Disc 6.9064e-01 (6.8980e-01)	Loss Pred 5.7549e-01 (5.5983e-01)	Loss TOTAL 9.8638e-01 (9.6470e-01)
Epoch: [23][340/496]	L_Src_Sup 1.9353e-01 (2.0976e-01)	L_Trg_Inj 3.8259e-01 (3.2654e-01)	Loss Disc 6.9114e-01 (6.8980e-01)	Loss Pred 5.9689e-01 (5.6038e-01)	Loss TOTAL 1.0001e+00 (9.6508e-01)
Epoch: [23][350/496]	L_Src_Sup 1.8328e-01 (2.1014e-01)	L_Trg_Inj 4.2090e-01 (3.2564e-01)	Loss Disc 6.9266e-01 (6.8984e-01)	Loss Pred 5.3847e-01 (5.6076e-01)	Loss TOTAL 9.4522e-01 (9.6567e-01)
Epoch: [23][360/496]	L_Src_Sup 2.4242e-01 (2.1002e-01)	L_Trg_Inj 2.4862e-01 (3.2400e-01)	Loss Disc 6.9035e-01 (6.8989e-01)	Loss Pred 5.6462e-01 (5.6087e-01)	Loss TOTAL 9.5889e-01 (9.6577e-01)
Epoch: [23][370/496]	L_Src_Sup 2.0425e-01 (2.0959e-01)	L_Trg_Inj 1.8895e-01 (3.2190e-01)	Loss Disc 6.9361e-01 (6.8990e-01)	Loss Pred 5.6998e-01 (5.6101e-01)	Loss TOTAL 9.7141e-01 (9.6582e-01)
Epoch: [23][380/496]	L_Src_Sup 1.5839e-01 (2.0895e-01)	L_Trg_Inj 1.3726e-01 (3.2048e-01)	Loss Disc 6.8988e-01 (6.8999e-01)	Loss Pred 5.5412e-01 (5.6093e-01)	Loss TOTAL 9.4976e-01 (9.6545e-01)
Epoch: [23][390/496]	L_Src_Sup 2.0005e-01 (2.0847e-01)	L_Trg_Inj 2.9401e-01 (3.1949e-01)	Loss Disc 6.9397e-01 (6.9002e-01)	Loss Pred 5.5933e-01 (5.6127e-01)	Loss TOTAL 9.5572e-01 (9.6569e-01)
Epoch: [23][400/496]	L_Src_Sup 2.1977e-01 (2.0827e-01)	L_Trg_Inj 2.8294e-01 (3.1874e-01)	Loss Disc 6.9017e-01 (6.9009e-01)	Loss Pred 6.0728e-01 (5.6128e-01)	Loss TOTAL 1.0026e+00 (9.6552e-01)
Epoch: [23][410/496]	L_Src_Sup 2.0459e-01 (2.0897e-01)	L_Trg_Inj 3.2566e-01 (3.1887e-01)	Loss Disc 6.9194e-01 (6.9009e-01)	Loss Pred 5.6496e-01 (5.6168e-01)	Loss TOTAL 9.6396e-01 (9.6609e-01)
Epoch: [23][420/496]	L_Src_Sup 1.8004e-01 (2.0894e-01)	L_Trg_Inj 2.8687e-01 (3.1989e-01)	Loss Disc 6.9289e-01 (6.9010e-01)	Loss Pred 5.4891e-01 (5.6166e-01)	Loss TOTAL 9.4205e-01 (9.6603e-01)
Epoch: [23][430/496]	L_Src_Sup 1.2501e-01 (2.0883e-01)	L_Trg_Inj 2.2503e-01 (3.2025e-01)	Loss Disc 6.8808e-01 (6.9011e-01)	Loss Pred 5.8030e-01 (5.6182e-01)	Loss TOTAL 9.5934e-01 (9.6609e-01)
Epoch: [23][440/496]	L_Src_Sup 2.6092e-01 (2.0842e-01)	L_Trg_Inj 3.4053e-01 (3.1962e-01)	Loss Disc 6.8930e-01 (6.9011e-01)	Loss Pred 6.0105e-01 (5.6202e-01)	Loss TOTAL 1.0058e+00 (9.6623e-01)
Epoch: [23][450/496]	L_Src_Sup 1.3799e-01 (2.0791e-01)	L_Trg_Inj 2.5278e-01 (3.1926e-01)	Loss Disc 6.9000e-01 (6.9017e-01)	Loss Pred 6.2736e-01 (5.6202e-01)	Loss TOTAL 1.0114e+00 (9.6619e-01)
Epoch: [23][460/496]	L_Src_Sup 1.9807e-01 (2.0789e-01)	L_Trg_Inj 4.0886e-01 (3.1919e-01)	Loss Disc 6.9296e-01 (6.9023e-01)	Loss Pred 5.5481e-01 (5.6213e-01)	Loss TOTAL 9.6198e-01 (9.6622e-01)
Epoch: [23][470/496]	L_Src_Sup 4.2545e-02 (2.0701e-01)	L_Trg_Inj 4.1381e-01 (3.1990e-01)	Loss Disc 6.9132e-01 (6.9028e-01)	Loss Pred 5.9077e-01 (5.6238e-01)	Loss TOTAL 9.8206e-01 (9.6637e-01)
Epoch: [23][480/496]	L_Src_Sup 2.3239e-01 (2.0728e-01)	L_Trg_Inj 2.2958e-01 (3.1962e-01)	Loss Disc 6.8956e-01 (6.9031e-01)	Loss Pred 5.8579e-01 (5.6220e-01)	Loss TOTAL 9.7957e-01 (9.6624e-01)
Epoch: [23][490/496]	L_Src_Sup 2.2055e-01 (2.0811e-01)	L_Trg_Inj 4.4788e-01 (3.2062e-01)	Loss Disc 6.9180e-01 (6.9033e-01)	Loss Pred 5.8154e-01 (5.6235e-01)	Loss TOTAL 9.9428e-01 (9.6665e-01)
Epoch: [23][496/496]	L_Src_Sup 2.5744e-01 (2.0801e-01)	L_Trg_Inj 4.6740e-01 (3.2212e-01)	Loss Disc 6.9275e-01 (6.9035e-01)	Loss Pred 5.4952e-01 (5.6238e-01)	Loss TOTAL 9.6838e-01 (9.6676e-01)
Epoch 23 complete. Saving model state...
Epoch: [24][ 10/496]	L_Src_Sup 1.8195e-01 (2.3228e-01)	L_Trg_Inj 3.0375e-01 (3.4417e-01)	Loss Disc 6.9195e-01 (6.9175e-01)	Loss Pred 5.6463e-01 (5.7043e-01)	Loss TOTAL 9.5918e-01 (9.8063e-01)
Epoch: [24][ 20/496]	L_Src_Sup 1.6329e-01 (2.1955e-01)	L_Trg_Inj 1.8862e-01 (3.2489e-01)	Loss Disc 6.8945e-01 (6.9195e-01)	Loss Pred 5.6984e-01 (5.6640e-01)	Loss TOTAL 9.4976e-01 (9.7016e-01)
Epoch: [24][ 30/496]	L_Src_Sup 1.9739e-01 (2.0529e-01)	L_Trg_Inj 2.2900e-01 (3.2273e-01)	Loss Disc 6.9226e-01 (6.9204e-01)	Loss Pred 5.5432e-01 (5.6564e-01)	Loss TOTAL 9.4309e-01 (9.6769e-01)
Epoch: [24][ 40/496]	L_Src_Sup 1.4500e-01 (2.0295e-01)	L_Trg_Inj 4.4809e-01 (3.2314e-01)	Loss Disc 6.9248e-01 (6.9211e-01)	Loss Pred 5.6488e-01 (5.6363e-01)	Loss TOTAL 9.7044e-01 (9.6501e-01)
Epoch: [24][ 50/496]	L_Src_Sup 2.3075e-01 (2.0533e-01)	L_Trg_Inj 2.4271e-01 (3.2668e-01)	Loss Disc 6.9323e-01 (6.9221e-01)	Loss Pred 5.3860e-01 (5.6310e-01)	Loss TOTAL 9.3256e-01 (9.6477e-01)
Epoch: [24][ 60/496]	L_Src_Sup 2.7848e-01 (2.0753e-01)	L_Trg_Inj 3.1689e-01 (3.2669e-01)	Loss Disc 6.9329e-01 (6.9230e-01)	Loss Pred 5.2293e-01 (5.6215e-01)	Loss TOTAL 9.2911e-01 (9.6463e-01)
Epoch: [24][ 70/496]	L_Src_Sup 2.0211e-01 (2.0607e-01)	L_Trg_Inj 2.4922e-01 (3.1918e-01)	Loss Disc 6.9287e-01 (6.9237e-01)	Loss Pred 5.6489e-01 (5.6239e-01)	Loss TOTAL 9.5645e-01 (9.6576e-01)
Epoch: [24][ 80/496]	L_Src_Sup 1.6466e-01 (2.0530e-01)	L_Trg_Inj 2.2284e-01 (3.1989e-01)	Loss Disc 6.9284e-01 (6.9243e-01)	Loss Pred 5.5945e-01 (5.6328e-01)	Loss TOTAL 9.4462e-01 (9.6636e-01)
Epoch: [24][ 90/496]	L_Src_Sup 1.2920e-01 (2.0485e-01)	L_Trg_Inj 2.2668e-01 (3.1463e-01)	Loss Disc 6.9371e-01 (6.9252e-01)	Loss Pred 5.6039e-01 (5.6300e-01)	Loss TOTAL 9.4283e-01 (9.6508e-01)
Epoch: [24][100/496]	L_Src_Sup 1.0624e-01 (2.0065e-01)	L_Trg_Inj 3.7749e-01 (3.0902e-01)	Loss Disc 6.9405e-01 (6.9257e-01)	Loss Pred 5.5943e-01 (5.6303e-01)	Loss TOTAL 9.5483e-01 (9.6457e-01)
Epoch: [24][110/496]	L_Src_Sup 1.8596e-01 (1.9993e-01)	L_Trg_Inj 3.0553e-01 (3.0531e-01)	Loss Disc 6.9327e-01 (6.9256e-01)	Loss Pred 5.7529e-01 (5.6324e-01)	Loss TOTAL 9.7108e-01 (9.6511e-01)
Epoch: [24][120/496]	L_Src_Sup 1.9432e-01 (2.0090e-01)	L_Trg_Inj 3.7067e-01 (3.0526e-01)	Loss Disc 6.9403e-01 (6.9260e-01)	Loss Pred 5.4405e-01 (5.6453e-01)	Loss TOTAL 9.4756e-01 (9.6639e-01)
Epoch: [24][130/496]	L_Src_Sup 2.2686e-01 (2.0125e-01)	L_Trg_Inj 3.7668e-01 (3.0518e-01)	Loss Disc 6.9408e-01 (6.9264e-01)	Loss Pred 5.2904e-01 (5.6376e-01)	Loss TOTAL 9.3643e-01 (9.6570e-01)
Epoch: [24][140/496]	L_Src_Sup 1.0557e-01 (2.0089e-01)	L_Trg_Inj 3.5548e-01 (3.0467e-01)	Loss Disc 6.9278e-01 (6.9265e-01)	Loss Pred 5.8603e-01 (5.6377e-01)	Loss TOTAL 9.7853e-01 (9.6610e-01)
Epoch: [24][150/496]	L_Src_Sup 2.5519e-01 (2.0068e-01)	L_Trg_Inj 1.6435e-01 (3.0500e-01)	Loss Disc 6.9362e-01 (6.9266e-01)	Loss Pred 5.4898e-01 (5.6354e-01)	Loss TOTAL 1.0286e+00 (9.6613e-01)
Epoch: [24][160/496]	L_Src_Sup 1.8870e-01 (2.0075e-01)	L_Trg_Inj 2.8525e-01 (3.0303e-01)	Loss Disc 6.9308e-01 (6.9268e-01)	Loss Pred 5.2745e-01 (5.6284e-01)	Loss TOTAL 9.2138e-01 (9.6505e-01)
Epoch: [24][170/496]	L_Src_Sup 2.6924e-01 (2.0338e-01)	L_Trg_Inj 3.4338e-01 (3.0101e-01)	Loss Disc 6.9222e-01 (6.9266e-01)	Loss Pred 5.3806e-01 (5.6292e-01)	Loss TOTAL 9.4543e-01 (9.6643e-01)
Epoch: [24][180/496]	L_Src_Sup 2.2992e-01 (2.0198e-01)	L_Trg_Inj 3.0778e-01 (3.0155e-01)	Loss Disc 6.8270e-01 (6.9244e-01)	Loss Pred 5.8078e-01 (5.6317e-01)	Loss TOTAL 9.7590e-01 (9.6636e-01)
Epoch: [24][190/496]	L_Src_Sup 1.7784e-01 (2.0122e-01)	L_Trg_Inj 2.9468e-01 (3.0176e-01)	Loss Disc 6.8547e-01 (6.9195e-01)	Loss Pred 5.4881e-01 (5.6342e-01)	Loss TOTAL 9.3880e-01 (9.6597e-01)
Epoch: [24][200/496]	L_Src_Sup 1.8390e-01 (2.0302e-01)	L_Trg_Inj 4.3949e-01 (3.0040e-01)	Loss Disc 6.9261e-01 (6.9190e-01)	Loss Pred 5.6992e-01 (5.6358e-01)	Loss TOTAL 9.7856e-01 (9.6703e-01)
Epoch: [24][210/496]	L_Src_Sup 2.0213e-01 (2.0330e-01)	L_Trg_Inj 2.4915e-01 (3.0240e-01)	Loss Disc 6.9286e-01 (6.9201e-01)	Loss Pred 5.6472e-01 (5.6336e-01)	Loss TOTAL 9.5628e-01 (9.6676e-01)
Epoch: [24][220/496]	L_Src_Sup 1.9848e-01 (2.0257e-01)	L_Trg_Inj 2.2891e-01 (3.0156e-01)	Loss Disc 6.8996e-01 (6.9206e-01)	Loss Pred 5.6007e-01 (5.6338e-01)	Loss TOTAL 9.4778e-01 (9.6683e-01)
Epoch: [24][230/496]	L_Src_Sup 1.3422e-01 (2.0199e-01)	L_Trg_Inj 3.2013e-01 (3.0412e-01)	Loss Disc 6.9183e-01 (6.9210e-01)	Loss Pred 5.7068e-01 (5.6306e-01)	Loss TOTAL 9.6203e-01 (9.6657e-01)
Epoch: [24][240/496]	L_Src_Sup 1.5550e-01 (2.0104e-01)	L_Trg_Inj 2.8578e-01 (3.0271e-01)	Loss Disc 6.9187e-01 (6.9209e-01)	Loss Pred 5.4883e-01 (5.6282e-01)	Loss TOTAL 9.3889e-01 (9.6618e-01)
Epoch: [24][250/496]	L_Src_Sup 4.0598e-01 (2.0247e-01)	L_Trg_Inj 2.8536e-01 (3.0199e-01)	Loss Disc 6.9116e-01 (6.9210e-01)	Loss Pred 5.9244e-01 (5.6269e-01)	Loss TOTAL 1.1278e+00 (9.6722e-01)
Epoch: [24][260/496]	L_Src_Sup 2.2273e-01 (2.0406e-01)	L_Trg_Inj 2.1300e-01 (3.0403e-01)	Loss Disc 6.9390e-01 (6.9208e-01)	Loss Pred 5.5485e-01 (5.6326e-01)	Loss TOTAL 9.5511e-01 (9.6798e-01)
Epoch: [24][270/496]	L_Src_Sup 9.8968e-02 (2.0472e-01)	L_Trg_Inj 2.5253e-01 (3.0394e-01)	Loss Disc 6.9053e-01 (6.9203e-01)	Loss Pred 5.5437e-01 (5.6385e-01)	Loss TOTAL 9.3479e-01 (9.6875e-01)
Epoch: [24][280/496]	L_Src_Sup 2.5747e-01 (2.0456e-01)	L_Trg_Inj 1.2042e-01 (3.0262e-01)	Loss Disc 6.8997e-01 (6.9204e-01)	Loss Pred 5.5427e-01 (5.6361e-01)	Loss TOTAL 1.0741e+00 (9.6900e-01)
Epoch: [24][290/496]	L_Src_Sup 9.4468e-02 (2.0394e-01)	L_Trg_Inj 2.9870e-01 (3.0314e-01)	Loss Disc 6.7407e-01 (6.9179e-01)	Loss Pred 5.2836e-01 (5.6356e-01)	Loss TOTAL 9.0471e-01 (9.6880e-01)
Epoch: [24][300/496]	L_Src_Sup 1.4064e-01 (2.0351e-01)	L_Trg_Inj 1.6902e-01 (3.0488e-01)	Loss Disc 6.6224e-01 (6.9091e-01)	Loss Pred 5.5992e-01 (5.6329e-01)	Loss TOTAL 9.2200e-01 (9.6805e-01)
Epoch: [24][310/496]	L_Src_Sup 1.2751e-01 (2.0298e-01)	L_Trg_Inj 2.4350e-01 (3.0516e-01)	Loss Disc 6.6143e-01 (6.8997e-01)	Loss Pred 5.9603e-01 (5.6382e-01)	Loss TOTAL 9.6385e-01 (9.6859e-01)
Epoch: [24][320/496]	L_Src_Sup 2.5009e-01 (2.0282e-01)	L_Trg_Inj 3.4520e-01 (3.0628e-01)	Loss Disc 6.9284e-01 (6.8977e-01)	Loss Pred 5.3853e-01 (5.6362e-01)	Loss TOTAL 9.4448e-01 (9.6815e-01)
Epoch: [24][330/496]	L_Src_Sup 1.6321e-01 (2.0229e-01)	L_Trg_Inj 2.3961e-01 (3.0518e-01)	Loss Disc 6.8538e-01 (6.8974e-01)	Loss Pred 5.6997e-01 (5.6356e-01)	Loss TOTAL 9.5294e-01 (9.6778e-01)
Epoch: [24][340/496]	L_Src_Sup 2.1532e-01 (2.0178e-01)	L_Trg_Inj 2.3498e-01 (3.0527e-01)	Loss Disc 6.9295e-01 (6.8981e-01)	Loss Pred 5.4892e-01 (5.6359e-01)	Loss TOTAL 9.4042e-01 (9.6765e-01)
Epoch: [24][350/496]	L_Src_Sup 2.3751e-01 (2.0109e-01)	L_Trg_Inj 3.7249e-01 (3.0613e-01)	Loss Disc 6.7823e-01 (6.8972e-01)	Loss Pred 5.6477e-01 (5.6354e-01)	Loss TOTAL 9.6489e-01 (9.6757e-01)
Epoch: [24][360/496]	L_Src_Sup 1.7495e-01 (2.0145e-01)	L_Trg_Inj 3.7154e-01 (3.0798e-01)	Loss Disc 6.8694e-01 (6.8941e-01)	Loss Pred 5.4391e-01 (5.6342e-01)	Loss TOTAL 9.4202e-01 (9.6769e-01)
Epoch: [24][370/496]	L_Src_Sup 2.1411e-01 (2.0145e-01)	L_Trg_Inj 3.4904e-01 (3.0916e-01)	Loss Disc 6.8981e-01 (6.8939e-01)	Loss Pred 5.6547e-01 (5.6306e-01)	Loss TOTAL 9.6668e-01 (9.6731e-01)
Epoch: [24][380/496]	L_Src_Sup 2.0072e-01 (2.0180e-01)	L_Trg_Inj 3.2559e-01 (3.0867e-01)	Loss Disc 6.9264e-01 (6.8957e-01)	Loss Pred 5.9224e-01 (5.6286e-01)	Loss TOTAL 9.9119e-01 (9.6705e-01)
Epoch: [24][390/496]	L_Src_Sup 1.4920e-01 (2.0132e-01)	L_Trg_Inj 2.7405e-01 (3.0768e-01)	Loss Disc 6.8703e-01 (6.8959e-01)	Loss Pred 5.9149e-01 (5.6311e-01)	Loss TOTAL 9.7733e-01 (9.6695e-01)
Epoch: [24][400/496]	L_Src_Sup 1.8800e-01 (2.0080e-01)	L_Trg_Inj 2.3350e-01 (3.0613e-01)	Loss Disc 6.8863e-01 (6.8965e-01)	Loss Pred 5.8085e-01 (5.6297e-01)	Loss TOTAL 9.6731e-01 (9.6671e-01)
Epoch: [24][410/496]	L_Src_Sup 1.9349e-01 (2.0073e-01)	L_Trg_Inj 2.0952e-01 (3.0556e-01)	Loss Disc 6.9362e-01 (6.8972e-01)	Loss Pred 5.3268e-01 (5.6276e-01)	Loss TOTAL 9.1980e-01 (9.6660e-01)
Epoch: [24][420/496]	L_Src_Sup 1.5054e-01 (2.0052e-01)	L_Trg_Inj 1.8932e-01 (3.0521e-01)	Loss Disc 7.0033e-01 (6.8976e-01)	Loss Pred 5.2713e-01 (5.6278e-01)	Loss TOTAL 9.1128e-01 (9.6640e-01)
Epoch: [24][430/496]	L_Src_Sup 1.7865e-01 (2.0040e-01)	L_Trg_Inj 2.3208e-01 (3.0352e-01)	Loss Disc 6.9192e-01 (6.8979e-01)	Loss Pred 5.5394e-01 (5.6267e-01)	Loss TOTAL 9.4097e-01 (9.6622e-01)
Epoch: [24][440/496]	L_Src_Sup 1.1648e-01 (2.0051e-01)	L_Trg_Inj 3.9705e-01 (3.0271e-01)	Loss Disc 6.9600e-01 (6.8985e-01)	Loss Pred 5.4329e-01 (5.6281e-01)	Loss TOTAL 9.4264e-01 (9.6669e-01)
Epoch: [24][450/496]	L_Src_Sup 1.0306e-01 (2.0103e-01)	L_Trg_Inj 2.6367e-01 (3.0151e-01)	Loss Disc 6.9450e-01 (6.8992e-01)	Loss Pred 5.7563e-01 (5.6279e-01)	Loss TOTAL 9.5956e-01 (9.6662e-01)
Epoch: [24][460/496]	L_Src_Sup 2.0501e-01 (2.0106e-01)	L_Trg_Inj 3.7149e-01 (3.0160e-01)	Loss Disc 6.9367e-01 (6.8999e-01)	Loss Pred 5.6575e-01 (5.6269e-01)	Loss TOTAL 9.7024e-01 (9.6644e-01)
Epoch: [24][470/496]	L_Src_Sup 7.6158e-02 (2.0147e-01)	L_Trg_Inj 3.7701e-01 (3.0305e-01)	Loss Disc 6.8915e-01 (6.9001e-01)	Loss Pred 5.3256e-01 (5.6271e-01)	Loss TOTAL 9.2246e-01 (9.6650e-01)
Epoch: [24][480/496]	L_Src_Sup 2.6516e-01 (2.0175e-01)	L_Trg_Inj 3.7899e-01 (3.0535e-01)	Loss Disc 6.7692e-01 (6.8990e-01)	Loss Pred 6.0285e-01 (5.6257e-01)	Loss TOTAL 1.0057e+00 (9.6640e-01)
Epoch: [24][490/496]	L_Src_Sup 2.6664e-01 (2.0185e-01)	L_Trg_Inj 4.0300e-01 (3.0591e-01)	Loss Disc 6.9087e-01 (6.8980e-01)	Loss Pred 5.3364e-01 (5.6245e-01)	Loss TOTAL 9.4603e-01 (9.6631e-01)
Epoch: [24][496/496]	L_Src_Sup 2.0025e-01 (2.0176e-01)	L_Trg_Inj 2.5108e-01 (3.0594e-01)	Loss Disc 6.9619e-01 (6.8977e-01)	Loss Pred 5.0527e-01 (5.6239e-01)	Loss TOTAL 8.9850e-01 (9.6612e-01)
Epoch 24 complete. Saving model state...
Epoch: [25][ 10/496]	L_Src_Sup 1.7025e-01 (1.8859e-01)	L_Trg_Inj 3.5411e-01 (2.9413e-01)	Loss Disc 6.9391e-01 (6.9406e-01)	Loss Pred 5.2674e-01 (5.5451e-01)	Loss TOTAL 9.2613e-01 (9.7120e-01)
Epoch: [25][ 20/496]	L_Src_Sup 2.3351e-01 (1.8984e-01)	L_Trg_Inj 2.2564e-01 (2.9978e-01)	Loss Disc 6.9315e-01 (6.9358e-01)	Loss Pred 5.4331e-01 (5.6068e-01)	Loss TOTAL 9.4368e-01 (9.6816e-01)
Epoch: [25][ 30/496]	L_Src_Sup 2.2665e-01 (1.9371e-01)	L_Trg_Inj 2.8085e-01 (2.8876e-01)	Loss Disc 6.9173e-01 (6.9346e-01)	Loss Pred 5.7656e-01 (5.5900e-01)	Loss TOTAL 9.7318e-01 (9.6662e-01)
Epoch: [25][ 40/496]	L_Src_Sup 2.0832e-01 (1.9998e-01)	L_Trg_Inj 2.0565e-01 (2.9759e-01)	Loss Disc 6.9292e-01 (6.9349e-01)	Loss Pred 5.8122e-01 (5.5803e-01)	Loss TOTAL 9.7174e-01 (9.6409e-01)
Epoch: [25][ 50/496]	L_Src_Sup 1.6866e-01 (2.0511e-01)	L_Trg_Inj 4.3106e-01 (3.0065e-01)	Loss Disc 6.9275e-01 (6.9331e-01)	Loss Pred 5.8679e-01 (5.5907e-01)	Loss TOTAL 9.9313e-01 (9.6482e-01)
Epoch: [25][ 60/496]	L_Src_Sup 1.0754e-01 (2.0532e-01)	L_Trg_Inj 2.0850e-01 (3.0643e-01)	Loss Disc 6.9006e-01 (6.9321e-01)	Loss Pred 5.9773e-01 (5.5866e-01)	Loss TOTAL 9.7437e-01 (9.6390e-01)
Epoch: [25][ 70/496]	L_Src_Sup 1.6495e-01 (2.0219e-01)	L_Trg_Inj 1.8721e-01 (2.9298e-01)	Loss Disc 6.8896e-01 (6.9297e-01)	Loss Pred 5.7571e-01 (5.5931e-01)	Loss TOTAL 9.5541e-01 (9.6199e-01)
Epoch: [25][ 80/496]	L_Src_Sup 1.7469e-01 (2.0210e-01)	L_Trg_Inj 5.1831e-01 (3.0540e-01)	Loss Disc 6.9644e-01 (6.9290e-01)	Loss Pred 5.4323e-01 (5.5934e-01)	Loss TOTAL 9.6076e-01 (9.6462e-01)
Epoch: [25][ 90/496]	L_Src_Sup 1.6853e-01 (2.0393e-01)	L_Trg_Inj 3.8363e-01 (3.1306e-01)	Loss Disc 6.9193e-01 (6.9295e-01)	Loss Pred 5.8676e-01 (5.5861e-01)	Loss TOTAL 9.8794e-01 (9.6475e-01)
Epoch: [25][100/496]	L_Src_Sup 8.5126e-02 (2.0043e-01)	L_Trg_Inj 3.4911e-01 (3.0887e-01)	Loss Disc 6.9054e-01 (6.9288e-01)	Loss Pred 5.9200e-01 (5.5989e-01)	Loss TOTAL 9.8069e-01 (9.6454e-01)
Epoch: [25][110/496]	L_Src_Sup 2.4533e-01 (1.9920e-01)	L_Trg_Inj 1.6214e-01 (3.0560e-01)	Loss Disc 6.9248e-01 (6.9283e-01)	Loss Pred 5.7021e-01 (5.6053e-01)	Loss TOTAL 1.0404e+00 (9.6517e-01)
Epoch: [25][120/496]	L_Src_Sup 3.0772e-01 (1.9948e-01)	L_Trg_Inj 1.4631e-01 (3.0473e-01)	Loss Disc 6.9248e-01 (6.9290e-01)	Loss Pred 5.3743e-01 (5.5934e-01)	Loss TOTAL 1.0905e+00 (9.6556e-01)
Epoch: [25][130/496]	L_Src_Sup 1.9200e-01 (1.9761e-01)	L_Trg_Inj 1.2893e-01 (3.0133e-01)	Loss Disc 6.9309e-01 (6.9291e-01)	Loss Pred 5.5376e-01 (5.5904e-01)	Loss TOTAL 9.9547e-01 (9.6450e-01)
Epoch: [25][140/496]	L_Src_Sup 2.2602e-01 (1.9997e-01)	L_Trg_Inj 3.7420e-01 (3.0396e-01)	Loss Disc 6.9260e-01 (6.9289e-01)	Loss Pred 5.6047e-01 (5.5920e-01)	Loss TOTAL 9.6679e-01 (9.6456e-01)
Epoch: [25][150/496]	L_Src_Sup 2.0431e-01 (2.0018e-01)	L_Trg_Inj 2.9361e-01 (3.0253e-01)	Loss Disc 6.8986e-01 (6.9280e-01)	Loss Pred 5.7012e-01 (5.5989e-01)	Loss TOTAL 9.6484e-01 (9.6484e-01)
Epoch: [25][160/496]	L_Src_Sup 8.5397e-02 (2.0010e-01)	L_Trg_Inj 4.0639e-01 (3.0316e-01)	Loss Disc 6.9403e-01 (6.9269e-01)	Loss Pred 5.2918e-01 (5.6076e-01)	Loss TOTAL 9.2537e-01 (9.6528e-01)
Epoch: [25][170/496]	L_Src_Sup 2.0001e-01 (2.0038e-01)	L_Trg_Inj 3.6214e-01 (3.0381e-01)	Loss Disc 6.9219e-01 (6.9271e-01)	Loss Pred 5.5932e-01 (5.6161e-01)	Loss TOTAL 9.6163e-01 (9.6597e-01)
Epoch: [25][180/496]	L_Src_Sup 2.3916e-01 (2.0101e-01)	L_Trg_Inj 2.3420e-01 (3.0360e-01)	Loss Disc 6.8852e-01 (6.9265e-01)	Loss Pred 6.0187e-01 (5.6188e-01)	Loss TOTAL 9.9843e-01 (9.6630e-01)
Epoch: [25][190/496]	L_Src_Sup 1.4691e-01 (2.0013e-01)	L_Trg_Inj 3.2812e-01 (3.0547e-01)	Loss Disc 6.9664e-01 (6.9271e-01)	Loss Pred 5.1134e-01 (5.6139e-01)	Loss TOTAL 9.0716e-01 (9.6582e-01)
Epoch: [25][200/496]	L_Src_Sup 2.2036e-01 (2.0061e-01)	L_Trg_Inj 3.3369e-01 (3.0664e-01)	Loss Disc 6.9298e-01 (6.9272e-01)	Loss Pred 5.6461e-01 (5.6072e-01)	Loss TOTAL 9.6650e-01 (9.6494e-01)
Epoch: [25][210/496]	L_Src_Sup 2.5487e-01 (2.0161e-01)	L_Trg_Inj 5.4267e-01 (3.0936e-01)	Loss Disc 6.9327e-01 (6.9275e-01)	Loss Pred 5.4882e-01 (5.6021e-01)	Loss TOTAL 9.7520e-01 (9.6466e-01)
Epoch: [25][220/496]	L_Src_Sup 2.2063e-01 (2.0261e-01)	L_Trg_Inj 1.3274e-01 (3.1282e-01)	Loss Disc 6.9355e-01 (6.9276e-01)	Loss Pred 5.5921e-01 (5.6014e-01)	Loss TOTAL 1.0292e+00 (9.6512e-01)
Epoch: [25][230/496]	L_Src_Sup 3.1497e-01 (2.0295e-01)	L_Trg_Inj 3.4412e-01 (3.1405e-01)	Loss Disc 6.9270e-01 (6.9277e-01)	Loss Pred 5.1512e-01 (5.5950e-01)	Loss TOTAL 9.2738e-01 (9.6454e-01)
Epoch: [25][240/496]	L_Src_Sup 2.3077e-01 (2.0301e-01)	L_Trg_Inj 2.7263e-01 (3.1273e-01)	Loss Disc 6.9255e-01 (6.9277e-01)	Loss Pred 5.3714e-01 (5.5980e-01)	Loss TOTAL 9.3375e-01 (9.6446e-01)
Epoch: [25][250/496]	L_Src_Sup 1.1424e-01 (2.0329e-01)	L_Trg_Inj 2.3704e-01 (3.1236e-01)	Loss Disc 6.9528e-01 (6.9277e-01)	Loss Pred 5.2155e-01 (5.6027e-01)	Loss TOTAL 9.0432e-01 (9.6469e-01)
Epoch: [25][260/496]	L_Src_Sup 2.6001e-01 (2.0244e-01)	L_Trg_Inj 2.6307e-01 (3.1040e-01)	Loss Disc 6.9330e-01 (6.9276e-01)	Loss Pred 5.5920e-01 (5.6007e-01)	Loss TOTAL 9.5816e-01 (9.6401e-01)
Epoch: [25][270/496]	L_Src_Sup 2.3763e-01 (2.0148e-01)	L_Trg_Inj 2.8981e-01 (3.0841e-01)	Loss Disc 6.9318e-01 (6.9273e-01)	Loss Pred 5.5372e-01 (5.6060e-01)	Loss TOTAL 9.5306e-01 (9.6405e-01)
Epoch: [25][280/496]	L_Src_Sup 1.9795e-01 (2.0183e-01)	L_Trg_Inj 3.6232e-01 (3.0719e-01)	Loss Disc 6.9188e-01 (6.9272e-01)	Loss Pred 5.5390e-01 (5.6040e-01)	Loss TOTAL 9.5587e-01 (9.6403e-01)
Epoch: [25][290/496]	L_Src_Sup 2.9413e-01 (2.0216e-01)	L_Trg_Inj 2.7119e-01 (3.0529e-01)	Loss Disc 6.9434e-01 (6.9271e-01)	Loss Pred 5.4847e-01 (5.6054e-01)	Loss TOTAL 9.7511e-01 (9.6430e-01)
Epoch: [25][300/496]	L_Src_Sup 1.6561e-01 (2.0168e-01)	L_Trg_Inj 3.7295e-01 (3.0662e-01)	Loss Disc 6.9373e-01 (6.9269e-01)	Loss Pred 5.7576e-01 (5.6078e-01)	Loss TOTAL 9.7648e-01 (9.6451e-01)
Epoch: [25][310/496]	L_Src_Sup 2.6272e-01 (2.0170e-01)	L_Trg_Inj 2.8869e-01 (3.0622e-01)	Loss Disc 6.9211e-01 (6.9269e-01)	Loss Pred 5.6467e-01 (5.6131e-01)	Loss TOTAL 9.6587e-01 (9.6479e-01)
Epoch: [25][320/496]	L_Src_Sup 1.5105e-01 (2.0155e-01)	L_Trg_Inj 2.9430e-01 (3.0577e-01)	Loss Disc 6.9305e-01 (6.9270e-01)	Loss Pred 5.3350e-01 (5.6127e-01)	Loss TOTAL 9.2456e-01 (9.6463e-01)
Epoch: [25][330/496]	L_Src_Sup 1.8023e-01 (2.0106e-01)	L_Trg_Inj 1.9143e-01 (3.0597e-01)	Loss Disc 6.9193e-01 (6.9269e-01)	Loss Pred 5.5946e-01 (5.6140e-01)	Loss TOTAL 9.4259e-01 (9.6454e-01)
Epoch: [25][340/496]	L_Src_Sup 1.3869e-01 (2.0073e-01)	L_Trg_Inj 2.7914e-01 (3.0634e-01)	Loss Disc 6.9274e-01 (6.9270e-01)	Loss Pred 5.5462e-01 (5.6120e-01)	Loss TOTAL 9.4278e-01 (9.6425e-01)
Epoch: [25][350/496]	L_Src_Sup 1.8946e-01 (2.0080e-01)	L_Trg_Inj 3.2468e-01 (3.0720e-01)	Loss Disc 6.9282e-01 (6.9270e-01)	Loss Pred 5.8658e-01 (5.6152e-01)	Loss TOTAL 9.8440e-01 (9.6452e-01)
Epoch: [25][360/496]	L_Src_Sup 2.3082e-01 (2.0085e-01)	L_Trg_Inj 2.7625e-01 (3.0607e-01)	Loss Disc 6.9314e-01 (6.9271e-01)	Loss Pred 5.3827e-01 (5.6177e-01)	Loss TOTAL 9.3555e-01 (9.6487e-01)
Epoch: [25][370/496]	L_Src_Sup 2.1999e-01 (2.0061e-01)	L_Trg_Inj 1.9096e-01 (3.0471e-01)	Loss Disc 6.9307e-01 (6.9272e-01)	Loss Pred 5.5953e-01 (5.6179e-01)	Loss TOTAL 9.7619e-01 (9.6486e-01)
Epoch: [25][380/496]	L_Src_Sup 2.6748e-01 (2.0147e-01)	L_Trg_Inj 3.3715e-01 (3.0426e-01)	Loss Disc 6.9189e-01 (6.9272e-01)	Loss Pred 5.9712e-01 (5.6216e-01)	Loss TOTAL 1.0035e+00 (9.6557e-01)
Epoch: [25][390/496]	L_Src_Sup 1.6874e-01 (2.0174e-01)	L_Trg_Inj 4.8518e-01 (3.0469e-01)	Loss Disc 6.9295e-01 (6.9273e-01)	Loss Pred 5.8559e-01 (5.6223e-01)	Loss TOTAL 9.9745e-01 (9.6557e-01)
Epoch: [25][400/496]	L_Src_Sup 1.6823e-01 (2.0188e-01)	L_Trg_Inj 4.2739e-01 (3.0604e-01)	Loss Disc 6.9393e-01 (6.9274e-01)	Loss Pred 5.2298e-01 (5.6228e-01)	Loss TOTAL 9.2951e-01 (9.6562e-01)
Epoch: [25][410/496]	L_Src_Sup 2.4335e-01 (2.0199e-01)	L_Trg_Inj 3.6737e-01 (3.0658e-01)	Loss Disc 6.9279e-01 (6.9274e-01)	Loss Pred 5.6467e-01 (5.6236e-01)	Loss TOTAL 9.7214e-01 (9.6573e-01)
Epoch: [25][420/496]	L_Src_Sup 3.7975e-01 (2.0312e-01)	L_Trg_Inj 3.9459e-01 (3.0724e-01)	Loss Disc 6.9296e-01 (6.9274e-01)	Loss Pred 5.5936e-01 (5.6242e-01)	Loss TOTAL 9.8327e-01 (9.6628e-01)
Epoch: [25][430/496]	L_Src_Sup 1.6489e-01 (2.0284e-01)	L_Trg_Inj 2.6259e-01 (3.0729e-01)	Loss Disc 6.9254e-01 (6.9274e-01)	Loss Pred 5.7545e-01 (5.6252e-01)	Loss TOTAL 9.6447e-01 (9.6643e-01)
Epoch: [25][440/496]	L_Src_Sup 1.2531e-01 (2.0325e-01)	L_Trg_Inj 3.3583e-01 (3.0743e-01)	Loss Disc 6.9282e-01 (6.9274e-01)	Loss Pred 5.8080e-01 (5.6268e-01)	Loss TOTAL 9.7332e-01 (9.6668e-01)
Epoch: [25][450/496]	L_Src_Sup 1.9798e-01 (2.0357e-01)	L_Trg_Inj 4.1465e-01 (3.0813e-01)	Loss Disc 6.9258e-01 (6.9274e-01)	Loss Pred 6.0647e-01 (5.6264e-01)	Loss TOTAL 1.0140e+00 (9.6688e-01)
Epoch: [25][460/496]	L_Src_Sup 2.5002e-01 (2.0415e-01)	L_Trg_Inj 3.5964e-01 (3.0840e-01)	Loss Disc 6.9335e-01 (6.9274e-01)	Loss Pred 5.3866e-01 (5.6274e-01)	Loss TOTAL 9.4630e-01 (9.6691e-01)
Epoch: [25][470/496]	L_Src_Sup 1.8970e-01 (2.0393e-01)	L_Trg_Inj 2.2777e-01 (3.0818e-01)	Loss Disc 6.9373e-01 (6.9275e-01)	Loss Pred 5.8566e-01 (5.6266e-01)	Loss TOTAL 9.7427e-01 (9.6680e-01)
Epoch: [25][480/496]	L_Src_Sup 1.3463e-01 (2.0343e-01)	L_Trg_Inj 4.1645e-01 (3.0723e-01)	Loss Disc 6.9281e-01 (6.9276e-01)	Loss Pred 5.3814e-01 (5.6239e-01)	Loss TOTAL 9.3965e-01 (9.6630e-01)
Epoch: [25][490/496]	L_Src_Sup 1.0260e-01 (2.0379e-01)	L_Trg_Inj 2.8846e-01 (3.0687e-01)	Loss Disc 6.9295e-01 (6.9276e-01)	Loss Pred 5.7529e-01 (5.6232e-01)	Loss TOTAL 9.6087e-01 (9.6651e-01)
Epoch: [25][496/496]	L_Src_Sup 3.1655e-01 (2.0391e-01)	L_Trg_Inj 1.9859e-01 (3.0610e-01)	Loss Disc 6.9362e-01 (6.9276e-01)	Loss Pred 5.8665e-01 (5.6230e-01)	Loss TOTAL 1.1029e+00 (9.6668e-01)
Epoch 25 complete. Saving model state...
Epoch: [26][ 10/496]	L_Src_Sup 2.2918e-01 (1.9769e-01)	L_Trg_Inj 1.8094e-01 (2.6539e-01)	Loss Disc 6.9325e-01 (6.9302e-01)	Loss Pred 5.2715e-01 (5.5858e-01)	Loss TOTAL 9.6303e-01 (9.5673e-01)
Epoch: [26][ 20/496]	L_Src_Sup 2.2927e-01 (1.9812e-01)	L_Trg_Inj 1.9438e-01 (2.9127e-01)	Loss Disc 6.9289e-01 (6.9294e-01)	Loss Pred 5.8098e-01 (5.6440e-01)	Loss TOTAL 1.0047e+00 (9.6422e-01)
Epoch: [26][ 30/496]	L_Src_Sup 2.5154e-01 (2.1714e-01)	L_Trg_Inj 3.5793e-01 (3.2403e-01)	Loss Disc 6.9275e-01 (6.9285e-01)	Loss Pred 5.8140e-01 (5.6734e-01)	Loss TOTAL 9.8872e-01 (9.7182e-01)
Epoch: [26][ 40/496]	L_Src_Sup 1.1996e-01 (2.0972e-01)	L_Trg_Inj 3.0339e-01 (3.1943e-01)	Loss Disc 6.9247e-01 (6.9284e-01)	Loss Pred 5.5996e-01 (5.6762e-01)	Loss TOTAL 9.4853e-01 (9.6990e-01)
Epoch: [26][ 50/496]	L_Src_Sup 2.7187e-01 (2.1244e-01)	L_Trg_Inj 4.0768e-01 (3.1301e-01)	Loss Disc 6.9206e-01 (6.9286e-01)	Loss Pred 5.7106e-01 (5.6679e-01)	Loss TOTAL 9.8505e-01 (9.7117e-01)
Epoch: [26][ 60/496]	L_Src_Sup 2.1542e-01 (2.1677e-01)	L_Trg_Inj 2.9665e-01 (3.1916e-01)	Loss Disc 6.9379e-01 (6.9286e-01)	Loss Pred 5.8211e-01 (5.6688e-01)	Loss TOTAL 9.8021e-01 (9.7146e-01)
Epoch: [26][ 70/496]	L_Src_Sup 1.6509e-01 (2.2309e-01)	L_Trg_Inj 3.1889e-01 (3.2766e-01)	Loss Disc 6.9329e-01 (6.9283e-01)	Loss Pred 5.8108e-01 (5.6700e-01)	Loss TOTAL 9.7612e-01 (9.7317e-01)
Epoch: [26][ 80/496]	L_Src_Sup 2.5347e-01 (2.2493e-01)	L_Trg_Inj 3.3648e-01 (3.2906e-01)	Loss Disc 6.9302e-01 (6.9286e-01)	Loss Pred 5.8319e-01 (5.6755e-01)	Loss TOTAL 9.8870e-01 (9.7392e-01)
Epoch: [26][ 90/496]	L_Src_Sup 2.8326e-01 (2.2541e-01)	L_Trg_Inj 5.5332e-01 (3.2715e-01)	Loss Disc 6.9250e-01 (6.9285e-01)	Loss Pred 6.0610e-01 (5.6808e-01)	Loss TOTAL 1.0360e+00 (9.7580e-01)
Epoch: [26][100/496]	L_Src_Sup 2.5059e-01 (2.2517e-01)	L_Trg_Inj 4.1322e-01 (3.3350e-01)	Loss Disc 6.9042e-01 (6.9280e-01)	Loss Pred 4.9780e-01 (5.6699e-01)	Loss TOTAL 9.0939e-01 (9.7469e-01)
Epoch: [26][110/496]	L_Src_Sup 2.6568e-01 (2.2651e-01)	L_Trg_Inj 2.0473e-01 (3.3195e-01)	Loss Disc 6.9410e-01 (6.9276e-01)	Loss Pred 5.7057e-01 (5.6666e-01)	Loss TOTAL 1.0256e+00 (9.7462e-01)
Epoch: [26][120/496]	L_Src_Sup 1.6957e-01 (2.2516e-01)	L_Trg_Inj 3.9930e-01 (3.2942e-01)	Loss Disc 6.9319e-01 (6.9278e-01)	Loss Pred 5.9701e-01 (5.6529e-01)	Loss TOTAL 1.0005e+00 (9.7340e-01)
Epoch: [26][130/496]	L_Src_Sup 1.2417e-01 (2.2395e-01)	L_Trg_Inj 4.9608e-01 (3.3057e-01)	Loss Disc 6.9223e-01 (6.9279e-01)	Loss Pred 5.5484e-01 (5.6516e-01)	Loss TOTAL 9.6298e-01 (9.7328e-01)
Epoch: [26][140/496]	L_Src_Sup 1.2766e-01 (2.2039e-01)	L_Trg_Inj 2.6887e-01 (3.3242e-01)	Loss Disc 6.9363e-01 (6.9279e-01)	Loss Pred 5.9099e-01 (5.6597e-01)	Loss TOTAL 9.7746e-01 (9.7348e-01)
Epoch: [26][150/496]	L_Src_Sup 3.7190e-01 (2.1994e-01)	L_Trg_Inj 3.4845e-01 (3.3001e-01)	Loss Disc 6.9359e-01 (6.9274e-01)	Loss Pred 5.4801e-01 (5.6485e-01)	Loss TOTAL 9.9029e-01 (9.7250e-01)
Epoch: [26][160/496]	L_Src_Sup 2.1066e-01 (2.2033e-01)	L_Trg_Inj 2.5004e-01 (3.3199e-01)	Loss Disc 6.9248e-01 (6.9267e-01)	Loss Pred 5.5436e-01 (5.6451e-01)	Loss TOTAL 9.4667e-01 (9.7197e-01)
Epoch: [26][170/496]	L_Src_Sup 2.4155e-01 (2.2061e-01)	L_Trg_Inj 2.2153e-01 (3.2777e-01)	Loss Disc 6.9386e-01 (6.9269e-01)	Loss Pred 5.9258e-01 (5.6432e-01)	Loss TOTAL 1.0058e+00 (9.7165e-01)
Epoch: [26][180/496]	L_Src_Sup 2.0988e-01 (2.2262e-01)	L_Trg_Inj 3.9230e-01 (3.3131e-01)	Loss Disc 6.9305e-01 (6.9270e-01)	Loss Pred 5.8649e-01 (5.6496e-01)	Loss TOTAL 9.9323e-01 (9.7297e-01)
Epoch: [26][190/496]	L_Src_Sup 8.3624e-02 (2.2203e-01)	L_Trg_Inj 3.3198e-01 (3.3268e-01)	Loss Disc 6.9229e-01 (6.9268e-01)	Loss Pred 5.8051e-01 (5.6451e-01)	Loss TOTAL 9.6822e-01 (9.7250e-01)
Epoch: [26][200/496]	L_Src_Sup 2.2519e-01 (2.2113e-01)	L_Trg_Inj 3.7335e-01 (3.3253e-01)	Loss Disc 6.9337e-01 (6.9269e-01)	Loss Pred 5.6997e-01 (5.6401e-01)	Loss TOTAL 9.7650e-01 (9.7208e-01)
Epoch: [26][210/496]	L_Src_Sup 2.7821e-01 (2.2091e-01)	L_Trg_Inj 4.8615e-01 (3.3174e-01)	Loss Disc 6.9217e-01 (6.9272e-01)	Loss Pred 5.2962e-01 (5.6442e-01)	Loss TOTAL 9.5214e-01 (9.7319e-01)
Epoch: [26][220/496]	L_Src_Sup 2.3402e-01 (2.1938e-01)	L_Trg_Inj 2.3231e-01 (3.3040e-01)	Loss Disc 6.9365e-01 (6.9273e-01)	Loss Pred 5.9132e-01 (5.6429e-01)	Loss TOTAL 9.8649e-01 (9.7245e-01)
Epoch: [26][230/496]	L_Src_Sup 1.5043e-01 (2.1821e-01)	L_Trg_Inj 3.0835e-01 (3.2784e-01)	Loss Disc 6.9253e-01 (6.9275e-01)	Loss Pred 5.2353e-01 (5.6472e-01)	Loss TOTAL 9.1567e-01 (9.7278e-01)
Epoch: [26][240/496]	L_Src_Sup 2.1093e-01 (2.1802e-01)	L_Trg_Inj 3.7301e-01 (3.2904e-01)	Loss Disc 6.9307e-01 (6.9276e-01)	Loss Pred 5.8574e-01 (5.6476e-01)	Loss TOTAL 9.9067e-01 (9.7303e-01)
Epoch: [26][250/496]	L_Src_Sup 2.4652e-01 (2.1649e-01)	L_Trg_Inj 2.6291e-01 (3.2792e-01)	Loss Disc 6.9334e-01 (6.9276e-01)	Loss Pred 5.6000e-01 (5.6460e-01)	Loss TOTAL 9.5761e-01 (9.7231e-01)
Epoch: [26][260/496]	L_Src_Sup 2.3090e-01 (2.1728e-01)	L_Trg_Inj 3.7526e-01 (3.2692e-01)	Loss Disc 6.9268e-01 (6.9277e-01)	Loss Pred 5.5074e-01 (5.6463e-01)	Loss TOTAL 9.5769e-01 (9.7269e-01)
Epoch: [26][270/496]	L_Src_Sup 1.8012e-01 (2.1794e-01)	L_Trg_Inj 2.5426e-01 (3.2805e-01)	Loss Disc 6.9148e-01 (6.9273e-01)	Loss Pred 5.5992e-01 (5.6429e-01)	Loss TOTAL 9.4909e-01 (9.7233e-01)
Epoch: [26][280/496]	L_Src_Sup 2.4351e-01 (2.1740e-01)	L_Trg_Inj 2.6261e-01 (3.2639e-01)	Loss Disc 6.9194e-01 (6.9274e-01)	Loss Pred 5.6523e-01 (5.6453e-01)	Loss TOTAL 9.6182e-01 (9.7239e-01)
Epoch: [26][290/496]	L_Src_Sup 1.8326e-01 (2.1809e-01)	L_Trg_Inj 3.0399e-01 (3.2554e-01)	Loss Disc 6.9291e-01 (6.9273e-01)	Loss Pred 5.7538e-01 (5.6452e-01)	Loss TOTAL 9.7056e-01 (9.7235e-01)
Epoch: [26][300/496]	L_Src_Sup 2.6390e-01 (2.1857e-01)	L_Trg_Inj 2.8986e-01 (3.2524e-01)	Loss Disc 6.9247e-01 (6.9272e-01)	Loss Pred 5.3027e-01 (5.6439e-01)	Loss TOTAL 9.3188e-01 (9.7248e-01)
Epoch: [26][310/496]	L_Src_Sup 2.6640e-01 (2.2066e-01)	L_Trg_Inj 4.3743e-01 (3.2810e-01)	Loss Disc 6.8849e-01 (6.9268e-01)	Loss Pred 5.8918e-01 (5.6423e-01)	Loss TOTAL 1.0038e+00 (9.7337e-01)
Epoch: [26][320/496]	L_Src_Sup 1.2478e-01 (2.2112e-01)	L_Trg_Inj 2.8740e-01 (3.2867e-01)	Loss Disc 6.9229e-01 (6.9265e-01)	Loss Pred 5.8050e-01 (5.6472e-01)	Loss TOTAL 9.6786e-01 (9.7421e-01)
Epoch: [26][330/496]	L_Src_Sup 2.9249e-01 (2.2185e-01)	L_Trg_Inj 4.0641e-01 (3.2973e-01)	Loss Disc 6.9142e-01 (6.9262e-01)	Loss Pred 6.0862e-01 (5.6449e-01)	Loss TOTAL 1.0242e+00 (9.7391e-01)
Epoch: [26][340/496]	L_Src_Sup 2.9495e-01 (2.2169e-01)	L_Trg_Inj 2.5774e-01 (3.2963e-01)	Loss Disc 6.9018e-01 (6.9258e-01)	Loss Pred 5.7251e-01 (5.6463e-01)	Loss TOTAL 1.0101e+00 (9.7420e-01)
Epoch: [26][350/496]	L_Src_Sup 2.0638e-01 (2.2048e-01)	L_Trg_Inj 2.3688e-01 (3.2827e-01)	Loss Disc 6.9284e-01 (6.9257e-01)	Loss Pred 5.7569e-01 (5.6417e-01)	Loss TOTAL 9.6644e-01 (9.7335e-01)
Epoch: [26][360/496]	L_Src_Sup 2.0508e-01 (2.2072e-01)	L_Trg_Inj 3.4135e-01 (3.2764e-01)	Loss Disc 6.9218e-01 (6.9257e-01)	Loss Pred 5.5514e-01 (5.6416e-01)	Loss TOTAL 9.5587e-01 (9.7321e-01)
Epoch: [26][370/496]	L_Src_Sup 2.3570e-01 (2.1968e-01)	L_Trg_Inj 3.9635e-01 (3.2667e-01)	Loss Disc 6.9232e-01 (6.9259e-01)	Loss Pred 5.4373e-01 (5.6430e-01)	Loss TOTAL 9.5309e-01 (9.7307e-01)
Epoch: [26][380/496]	L_Src_Sup 1.6487e-01 (2.1915e-01)	L_Trg_Inj 2.4862e-01 (3.2470e-01)	Loss Disc 6.9406e-01 (6.9260e-01)	Loss Pred 5.7608e-01 (5.6413e-01)	Loss TOTAL 9.6446e-01 (9.7262e-01)
Epoch: [26][390/496]	L_Src_Sup 2.0428e-01 (2.1931e-01)	L_Trg_Inj 3.0503e-01 (3.2436e-01)	Loss Disc 6.9450e-01 (6.9261e-01)	Loss Pred 5.7073e-01 (5.6376e-01)	Loss TOTAL 9.6891e-01 (9.7223e-01)
Epoch: [26][400/496]	L_Src_Sup 1.7400e-01 (2.1832e-01)	L_Trg_Inj 2.5837e-01 (3.2592e-01)	Loss Disc 6.9440e-01 (6.9261e-01)	Loss Pred 6.0285e-01 (5.6358e-01)	Loss TOTAL 9.9329e-01 (9.7196e-01)
Epoch: [26][410/496]	L_Src_Sup 9.8090e-02 (2.1792e-01)	L_Trg_Inj 2.2135e-01 (3.2569e-01)	Loss Disc 6.9345e-01 (6.9262e-01)	Loss Pred 5.4909e-01 (5.6363e-01)	Loss TOTAL 9.2776e-01 (9.7184e-01)
Epoch: [26][420/496]	L_Src_Sup 2.7354e-01 (2.1783e-01)	L_Trg_Inj 1.2377e-01 (3.2464e-01)	Loss Disc 6.9411e-01 (6.9262e-01)	Loss Pred 5.3274e-01 (5.6312e-01)	Loss TOTAL 1.0693e+00 (9.7146e-01)
Epoch: [26][430/496]	L_Src_Sup 1.3466e-01 (2.1703e-01)	L_Trg_Inj 2.5882e-01 (3.2335e-01)	Loss Disc 6.9253e-01 (6.9263e-01)	Loss Pred 5.3763e-01 (5.6285e-01)	Loss TOTAL 9.2324e-01 (9.7094e-01)
Epoch: [26][440/496]	L_Src_Sup 2.3903e-01 (2.1693e-01)	L_Trg_Inj 3.0514e-01 (3.2171e-01)	Loss Disc 6.9348e-01 (6.9264e-01)	Loss Pred 5.5448e-01 (5.6271e-01)	Loss TOTAL 9.5564e-01 (9.7071e-01)
Epoch: [26][450/496]	L_Src_Sup 1.8567e-01 (2.1719e-01)	L_Trg_Inj 3.2659e-01 (3.2148e-01)	Loss Disc 6.9347e-01 (6.9264e-01)	Loss Pred 5.7608e-01 (5.6251e-01)	Loss TOTAL 9.7404e-01 (9.7040e-01)
Epoch: [26][460/496]	L_Src_Sup 1.1424e-01 (2.1723e-01)	L_Trg_Inj 3.0071e-01 (3.2224e-01)	Loss Disc 6.9344e-01 (6.9265e-01)	Loss Pred 5.6479e-01 (5.6295e-01)	Loss TOTAL 9.5301e-01 (9.7092e-01)
Epoch: [26][470/496]	L_Src_Sup 2.6956e-01 (2.1803e-01)	L_Trg_Inj 2.8878e-01 (3.2195e-01)	Loss Disc 6.9273e-01 (6.9266e-01)	Loss Pred 5.4372e-01 (5.6295e-01)	Loss TOTAL 9.4592e-01 (9.7109e-01)
Epoch: [26][480/496]	L_Src_Sup 2.5905e-01 (2.1766e-01)	L_Trg_Inj 4.6124e-01 (3.2232e-01)	Loss Disc 6.9135e-01 (6.9266e-01)	Loss Pred 5.1621e-01 (5.6287e-01)	Loss TOTAL 9.3392e-01 (9.7089e-01)
Epoch: [26][490/496]	L_Src_Sup 2.1147e-01 (2.1750e-01)	L_Trg_Inj 3.8391e-01 (3.2245e-01)	Loss Disc 6.9290e-01 (6.9268e-01)	Loss Pred 5.3828e-01 (5.6301e-01)	Loss TOTAL 9.4426e-01 (9.7113e-01)
Epoch: [26][496/496]	L_Src_Sup 2.4520e-01 (2.1730e-01)	L_Trg_Inj 3.1673e-01 (3.2243e-01)	Loss Disc 6.9349e-01 (6.9268e-01)	Loss Pred 5.7027e-01 (5.6307e-01)	Loss TOTAL 9.7321e-01 (9.7108e-01)
Epoch 26 complete. Saving model state...
Epoch: [27][ 10/496]	L_Src_Sup 2.3176e-01 (2.2790e-01)	L_Trg_Inj 3.7978e-01 (3.0368e-01)	Loss Disc 6.9331e-01 (6.9303e-01)	Loss Pred 5.8640e-01 (5.5802e-01)	Loss TOTAL 9.9421e-01 (9.7593e-01)
Epoch: [27][ 20/496]	L_Src_Sup 1.1799e-01 (2.0506e-01)	L_Trg_Inj 1.6125e-01 (3.1204e-01)	Loss Disc 6.9331e-01 (6.9318e-01)	Loss Pred 5.5409e-01 (5.6205e-01)	Loss TOTAL 9.2867e-01 (9.7431e-01)
Epoch: [27][ 30/496]	L_Src_Sup 1.9423e-01 (2.0971e-01)	L_Trg_Inj 3.6556e-01 (3.2664e-01)	Loss Disc 6.9302e-01 (6.9317e-01)	Loss Pred 5.4333e-01 (5.6464e-01)	Loss TOTAL 9.4582e-01 (9.7501e-01)
Epoch: [27][ 40/496]	L_Src_Sup 2.2346e-01 (2.0414e-01)	L_Trg_Inj 3.6013e-01 (3.1938e-01)	Loss Disc 6.9267e-01 (6.9312e-01)	Loss Pred 5.7011e-01 (5.6213e-01)	Loss TOTAL 9.7481e-01 (9.6935e-01)
Epoch: [27][ 50/496]	L_Src_Sup 1.2643e-01 (2.0267e-01)	L_Trg_Inj 3.2179e-01 (3.0882e-01)	Loss Disc 6.9354e-01 (6.9311e-01)	Loss Pred 5.8632e-01 (5.6017e-01)	Loss TOTAL 9.7791e-01 (9.6630e-01)
Epoch: [27][ 60/496]	L_Src_Sup 2.4255e-01 (2.0329e-01)	L_Trg_Inj 2.0273e-01 (3.0461e-01)	Loss Disc 6.9243e-01 (6.9308e-01)	Loss Pred 5.1684e-01 (5.6041e-01)	Loss TOTAL 9.4740e-01 (9.6587e-01)
Epoch: [27][ 70/496]	L_Src_Sup 2.3743e-01 (2.0477e-01)	L_Trg_Inj 3.8698e-01 (3.0086e-01)	Loss Disc 6.9346e-01 (6.9307e-01)	Loss Pred 5.9776e-01 (5.6061e-01)	Loss TOTAL 1.0069e+00 (9.6820e-01)
Epoch: [27][ 80/496]	L_Src_Sup 1.8164e-01 (2.0568e-01)	L_Trg_Inj 3.8838e-01 (3.0735e-01)	Loss Disc 6.9278e-01 (6.9300e-01)	Loss Pred 5.6481e-01 (5.6032e-01)	Loss TOTAL 9.6821e-01 (9.6754e-01)
Epoch: [27][ 90/496]	L_Src_Sup 1.9896e-01 (2.0507e-01)	L_Trg_Inj 2.7479e-01 (3.1122e-01)	Loss Disc 6.9381e-01 (6.9298e-01)	Loss Pred 5.5422e-01 (5.6044e-01)	Loss TOTAL 9.4850e-01 (9.6784e-01)
Epoch: [27][100/496]	L_Src_Sup 1.7317e-01 (2.0521e-01)	L_Trg_Inj 3.5280e-01 (3.1060e-01)	Loss Disc 6.9311e-01 (6.9299e-01)	Loss Pred 5.3739e-01 (5.5930e-01)	Loss TOTAL 9.3654e-01 (9.6697e-01)
Epoch: [27][110/496]	L_Src_Sup 2.3291e-01 (2.0532e-01)	L_Trg_Inj 1.9406e-01 (3.1007e-01)	Loss Disc 6.9323e-01 (6.9302e-01)	Loss Pred 5.4305e-01 (5.6058e-01)	Loss TOTAL 9.7121e-01 (9.6774e-01)
Epoch: [27][120/496]	L_Src_Sup 2.8889e-01 (2.0348e-01)	L_Trg_Inj 1.9889e-01 (3.1074e-01)	Loss Disc 6.9375e-01 (6.9303e-01)	Loss Pred 5.7555e-01 (5.6030e-01)	Loss TOTAL 1.0612e+00 (9.6792e-01)
Epoch: [27][130/496]	L_Src_Sup 2.1627e-01 (2.0842e-01)	L_Trg_Inj 2.6639e-01 (3.1521e-01)	Loss Disc 6.9312e-01 (6.9303e-01)	Loss Pred 5.5824e-01 (5.6038e-01)	Loss TOTAL 9.5307e-01 (9.6928e-01)
Epoch: [27][140/496]	L_Src_Sup 2.4459e-01 (2.1035e-01)	L_Trg_Inj 3.0467e-01 (3.1167e-01)	Loss Disc 6.9293e-01 (6.9303e-01)	Loss Pred 5.4336e-01 (5.6028e-01)	Loss TOTAL 9.4475e-01 (9.6922e-01)
Epoch: [27][150/496]	L_Src_Sup 1.4415e-01 (2.1024e-01)	L_Trg_Inj 3.4519e-01 (3.1098e-01)	Loss Disc 6.9273e-01 (6.9303e-01)	Loss Pred 4.8929e-01 (5.5986e-01)	Loss TOTAL 8.8459e-01 (9.6820e-01)
Epoch: [27][160/496]	L_Src_Sup 1.3860e-01 (2.0848e-01)	L_Trg_Inj 2.0056e-01 (3.1158e-01)	Loss Disc 6.9272e-01 (6.9303e-01)	Loss Pred 5.4861e-01 (5.6074e-01)	Loss TOTAL 9.2889e-01 (9.6878e-01)
Epoch: [27][170/496]	L_Src_Sup 1.5568e-01 (2.0807e-01)	L_Trg_Inj 1.6450e-01 (3.1000e-01)	Loss Disc 6.9193e-01 (6.9301e-01)	Loss Pred 5.6677e-01 (5.6063e-01)	Loss TOTAL 9.4476e-01 (9.6792e-01)
Epoch: [27][180/496]	L_Src_Sup 2.6669e-01 (2.0806e-01)	L_Trg_Inj 3.3438e-01 (3.0974e-01)	Loss Disc 6.9211e-01 (6.9301e-01)	Loss Pred 5.8024e-01 (5.6089e-01)	Loss TOTAL 9.8640e-01 (9.6775e-01)
Epoch: [27][190/496]	L_Src_Sup 1.2150e-01 (2.0589e-01)	L_Trg_Inj 2.4464e-01 (3.0684e-01)	Loss Disc 6.9122e-01 (6.9298e-01)	Loss Pred 5.6475e-01 (5.6127e-01)	Loss TOTAL 9.4698e-01 (9.6734e-01)
Epoch: [27][200/496]	L_Src_Sup 1.5791e-01 (2.0630e-01)	L_Trg_Inj 3.9848e-01 (3.0553e-01)	Loss Disc 6.9370e-01 (6.9299e-01)	Loss Pred 5.7199e-01 (5.6151e-01)	Loss TOTAL 9.7448e-01 (9.6804e-01)
Epoch: [27][210/496]	L_Src_Sup 2.5435e-01 (2.0623e-01)	L_Trg_Inj 3.6440e-01 (3.0579e-01)	Loss Disc 6.9348e-01 (6.9299e-01)	Loss Pred 5.7014e-01 (5.6162e-01)	Loss TOTAL 9.7875e-01 (9.6806e-01)
Epoch: [27][220/496]	L_Src_Sup 1.8382e-01 (2.0614e-01)	L_Trg_Inj 2.9435e-01 (3.0676e-01)	Loss Disc 6.9291e-01 (6.9300e-01)	Loss Pred 5.7008e-01 (5.6101e-01)	Loss TOTAL 9.6436e-01 (9.6714e-01)
Epoch: [27][230/496]	L_Src_Sup 2.1291e-01 (2.0549e-01)	L_Trg_Inj 3.0634e-01 (3.0416e-01)	Loss Disc 6.9278e-01 (6.9300e-01)	Loss Pred 5.9146e-01 (5.6143e-01)	Loss TOTAL 9.8977e-01 (9.6731e-01)
Epoch: [27][240/496]	L_Src_Sup 2.2448e-01 (2.0618e-01)	L_Trg_Inj 2.5444e-01 (3.0147e-01)	Loss Disc 6.9354e-01 (6.9300e-01)	Loss Pred 5.7022e-01 (5.6159e-01)	Loss TOTAL 9.6488e-01 (9.6760e-01)
Epoch: [27][250/496]	L_Src_Sup 1.9419e-01 (2.0584e-01)	L_Trg_Inj 2.1872e-01 (3.0046e-01)	Loss Disc 6.9299e-01 (6.9300e-01)	Loss Pred 5.4303e-01 (5.6104e-01)	Loss TOTAL 9.3082e-01 (9.6676e-01)
Epoch: [27][260/496]	L_Src_Sup 2.9134e-01 (2.0605e-01)	L_Trg_Inj 3.1110e-01 (3.0036e-01)	Loss Disc 6.9324e-01 (6.9300e-01)	Loss Pred 5.3753e-01 (5.6056e-01)	Loss TOTAL 9.4439e-01 (9.6601e-01)
Epoch: [27][270/496]	L_Src_Sup 2.1362e-01 (2.0679e-01)	L_Trg_Inj 2.6806e-01 (3.0038e-01)	Loss Disc 6.9282e-01 (6.9299e-01)	Loss Pred 5.4278e-01 (5.6047e-01)	Loss TOTAL 9.3736e-01 (9.6613e-01)
Epoch: [27][280/496]	L_Src_Sup 2.3800e-01 (2.0663e-01)	L_Trg_Inj 2.8295e-01 (2.9992e-01)	Loss Disc 6.9120e-01 (6.9297e-01)	Loss Pred 5.6464e-01 (5.6080e-01)	Loss TOTAL 9.6233e-01 (9.6623e-01)
Epoch: [27][290/496]	L_Src_Sup 2.4247e-01 (2.0704e-01)	L_Trg_Inj 3.7197e-01 (2.9994e-01)	Loss Disc 6.9398e-01 (6.9294e-01)	Loss Pred 5.6462e-01 (5.6101e-01)	Loss TOTAL 9.7306e-01 (9.6684e-01)
Epoch: [27][300/496]	L_Src_Sup 2.0956e-01 (2.0646e-01)	L_Trg_Inj 2.6775e-01 (2.9896e-01)	Loss Disc 6.9487e-01 (6.9290e-01)	Loss Pred 5.3224e-01 (5.6107e-01)	Loss TOTAL 9.2741e-01 (9.6662e-01)
Epoch: [27][310/496]	L_Src_Sup 1.5556e-01 (2.0547e-01)	L_Trg_Inj 2.4353e-01 (2.9673e-01)	Loss Disc 6.8577e-01 (6.9284e-01)	Loss Pred 6.1335e-01 (5.6126e-01)	Loss TOTAL 9.9615e-01 (9.6630e-01)
Epoch: [27][320/496]	L_Src_Sup 2.0864e-01 (2.0581e-01)	L_Trg_Inj 2.8237e-01 (2.9720e-01)	Loss Disc 6.8394e-01 (6.9268e-01)	Loss Pred 5.8064e-01 (5.6166e-01)	Loss TOTAL 9.7171e-01 (9.6648e-01)
Epoch: [27][330/496]	L_Src_Sup 1.0220e-01 (2.0431e-01)	L_Trg_Inj 2.4641e-01 (2.9633e-01)	Loss Disc 6.8718e-01 (6.9257e-01)	Loss Pred 5.7004e-01 (5.6190e-01)	Loss TOTAL 9.4849e-01 (9.6626e-01)
Epoch: [27][340/496]	L_Src_Sup 2.3667e-01 (2.0450e-01)	L_Trg_Inj 1.6983e-01 (2.9627e-01)	Loss Disc 6.9860e-01 (6.9251e-01)	Loss Pred 5.0646e-01 (5.6185e-01)	Loss TOTAL 9.6325e-01 (9.6619e-01)
Epoch: [27][350/496]	L_Src_Sup 2.6995e-01 (2.0480e-01)	L_Trg_Inj 2.8886e-01 (2.9687e-01)	Loss Disc 6.8969e-01 (6.9246e-01)	Loss Pred 5.7528e-01 (5.6177e-01)	Loss TOTAL 9.7601e-01 (9.6610e-01)
Epoch: [27][360/496]	L_Src_Sup 1.9350e-01 (2.0493e-01)	L_Trg_Inj 2.6709e-01 (2.9726e-01)	Loss Disc 6.8349e-01 (6.9239e-01)	Loss Pred 5.9661e-01 (5.6207e-01)	Loss TOTAL 9.8442e-01 (9.6621e-01)
Epoch: [27][370/496]	L_Src_Sup 2.2886e-01 (2.0505e-01)	L_Trg_Inj 3.4322e-01 (2.9778e-01)	Loss Disc 6.9923e-01 (6.9237e-01)	Loss Pred 5.3290e-01 (5.6195e-01)	Loss TOTAL 9.3972e-01 (9.6594e-01)
Epoch: [27][380/496]	L_Src_Sup 8.1606e-02 (2.0529e-01)	L_Trg_Inj 3.6734e-01 (2.9825e-01)	Loss Disc 6.9288e-01 (6.9238e-01)	Loss Pred 5.7006e-01 (5.6176e-01)	Loss TOTAL 9.6139e-01 (9.6577e-01)
Epoch: [27][390/496]	L_Src_Sup 2.7381e-01 (2.0547e-01)	L_Trg_Inj 3.8255e-01 (2.9784e-01)	Loss Disc 6.8949e-01 (6.9239e-01)	Loss Pred 5.8629e-01 (5.6164e-01)	Loss TOTAL 9.9667e-01 (9.6556e-01)
Epoch: [27][400/496]	L_Src_Sup 3.4064e-01 (2.0578e-01)	L_Trg_Inj 4.3695e-01 (2.9781e-01)	Loss Disc 6.8921e-01 (6.9231e-01)	Loss Pred 5.4853e-01 (5.6189e-01)	Loss TOTAL 9.7090e-01 (9.6571e-01)
Epoch: [27][410/496]	L_Src_Sup 2.0851e-01 (2.0545e-01)	L_Trg_Inj 1.2980e-01 (2.9743e-01)	Loss Disc 6.8829e-01 (6.9232e-01)	Loss Pred 5.8086e-01 (5.6161e-01)	Loss TOTAL 1.0375e+00 (9.6538e-01)
Epoch: [27][420/496]	L_Src_Sup 1.2590e-01 (2.0552e-01)	L_Trg_Inj 5.3804e-01 (2.9816e-01)	Loss Disc 6.8457e-01 (6.9221e-01)	Loss Pred 6.0348e-01 (5.6167e-01)	Loss TOTAL 1.0122e+00 (9.6566e-01)
Epoch: [27][430/496]	L_Src_Sup 1.3890e-01 (2.0554e-01)	L_Trg_Inj 3.7369e-01 (2.9889e-01)	Loss Disc 6.9392e-01 (6.9203e-01)	Loss Pred 5.5413e-01 (5.6198e-01)	Loss TOTAL 9.5235e-01 (9.6580e-01)
Epoch: [27][440/496]	L_Src_Sup 3.7091e-01 (2.0565e-01)	L_Trg_Inj 2.9956e-01 (2.9952e-01)	Loss Disc 6.8448e-01 (6.9198e-01)	Loss Pred 5.7535e-01 (5.6199e-01)	Loss TOTAL 1.0560e+00 (9.6587e-01)
Epoch: [27][450/496]	L_Src_Sup 1.9423e-01 (2.0602e-01)	L_Trg_Inj 4.7247e-01 (3.0278e-01)	Loss Disc 6.7738e-01 (6.9179e-01)	Loss Pred 5.9663e-01 (5.6209e-01)	Loss TOTAL 1.0020e+00 (9.6615e-01)
Epoch: [27][460/496]	L_Src_Sup 2.9776e-01 (2.0613e-01)	L_Trg_Inj 3.9521e-01 (3.0557e-01)	Loss Disc 6.8655e-01 (6.9169e-01)	Loss Pred 5.9103e-01 (5.6237e-01)	Loss TOTAL 1.0036e+00 (9.6650e-01)
Epoch: [27][470/496]	L_Src_Sup 2.3056e-01 (2.0595e-01)	L_Trg_Inj 3.7145e-01 (3.0629e-01)	Loss Disc 6.9862e-01 (6.9167e-01)	Loss Pred 5.4358e-01 (5.6233e-01)	Loss TOTAL 9.5309e-01 (9.6637e-01)
Epoch: [27][480/496]	L_Src_Sup 7.2718e-02 (2.0569e-01)	L_Trg_Inj 2.5203e-01 (3.0667e-01)	Loss Disc 7.0006e-01 (6.9170e-01)	Loss Pred 5.0685e-01 (5.6235e-01)	Loss TOTAL 8.8936e-01 (9.6630e-01)
Epoch: [27][490/496]	L_Src_Sup 1.1889e-01 (2.0504e-01)	L_Trg_Inj 2.6085e-01 (3.0607e-01)	Loss Disc 6.9867e-01 (6.9176e-01)	Loss Pred 5.5408e-01 (5.6222e-01)	Loss TOTAL 9.4139e-01 (9.6603e-01)
Epoch: [27][496/496]	L_Src_Sup 2.2034e-01 (2.0468e-01)	L_Trg_Inj 2.7399e-01 (3.0548e-01)	Loss Disc 6.9238e-01 (6.9176e-01)	Loss Pred 5.2218e-01 (5.6212e-01)	Loss TOTAL 9.1780e-01 (9.6590e-01)
Epoch 27 complete. Saving model state...
Epoch: [28][ 10/496]	L_Src_Sup 3.1593e-01 (2.1591e-01)	L_Trg_Inj 3.0280e-01 (3.0308e-01)	Loss Disc 6.8467e-01 (6.9143e-01)	Loss Pred 5.8600e-01 (5.6685e-01)	Loss TOTAL 1.0033e+00 (9.7154e-01)
Epoch: [28][ 20/496]	L_Src_Sup 2.3764e-01 (2.0497e-01)	L_Trg_Inj 4.7008e-01 (3.2536e-01)	Loss Disc 6.9129e-01 (6.9150e-01)	Loss Pred 5.5401e-01 (5.6016e-01)	Loss TOTAL 9.7043e-01 (9.6297e-01)
Epoch: [28][ 30/496]	L_Src_Sup 3.4261e-01 (2.1075e-01)	L_Trg_Inj 3.3378e-01 (3.1124e-01)	Loss Disc 6.8999e-01 (6.9123e-01)	Loss Pred 5.4937e-01 (5.6063e-01)	Loss TOTAL 9.7082e-01 (9.6164e-01)
Epoch: [28][ 40/496]	L_Src_Sup 2.2587e-01 (2.0504e-01)	L_Trg_Inj 2.3210e-01 (3.3492e-01)	Loss Disc 6.9029e-01 (6.9084e-01)	Loss Pred 5.7016e-01 (5.5879e-01)	Loss TOTAL 9.6110e-01 (9.6061e-01)
Epoch: [28][ 50/496]	L_Src_Sup 2.0878e-01 (2.0215e-01)	L_Trg_Inj 3.9617e-01 (3.3572e-01)	Loss Disc 6.8339e-01 (6.9007e-01)	Loss Pred 5.8097e-01 (5.5921e-01)	Loss TOTAL 9.8316e-01 (9.6029e-01)
Epoch: [28][ 60/496]	L_Src_Sup 2.5839e-01 (2.0540e-01)	L_Trg_Inj 2.9400e-01 (3.3665e-01)	Loss Disc 6.9040e-01 (6.8987e-01)	Loss Pred 5.4841e-01 (5.6106e-01)	Loss TOTAL 9.4885e-01 (9.6353e-01)
Epoch: [28][ 70/496]	L_Src_Sup 2.6917e-01 (2.0075e-01)	L_Trg_Inj 1.3905e-01 (3.2231e-01)	Loss Disc 6.8566e-01 (6.8986e-01)	Loss Pred 5.7574e-01 (5.6068e-01)	Loss TOTAL 1.0895e+00 (9.6263e-01)
Epoch: [28][ 80/496]	L_Src_Sup 3.2653e-01 (1.9866e-01)	L_Trg_Inj 1.8298e-01 (3.0976e-01)	Loss Disc 6.9019e-01 (6.9016e-01)	Loss Pred 5.7017e-01 (5.6082e-01)	Loss TOTAL 1.1098e+00 (9.6265e-01)
Epoch: [28][ 90/496]	L_Src_Sup 8.5119e-02 (1.9937e-01)	L_Trg_Inj 2.3295e-01 (3.0273e-01)	Loss Disc 6.9129e-01 (6.9035e-01)	Loss Pred 5.9140e-01 (5.6226e-01)	Loss TOTAL 9.6885e-01 (9.6469e-01)
Epoch: [28][100/496]	L_Src_Sup 1.3924e-01 (1.9768e-01)	L_Trg_Inj 2.5949e-01 (2.9974e-01)	Loss Disc 6.9122e-01 (6.9058e-01)	Loss Pred 5.9663e-01 (5.6305e-01)	Loss TOTAL 9.8212e-01 (9.6466e-01)
Epoch: [28][110/496]	L_Src_Sup 2.0950e-01 (1.9989e-01)	L_Trg_Inj 3.9519e-01 (2.9708e-01)	Loss Disc 6.9312e-01 (6.9070e-01)	Loss Pred 5.3302e-01 (5.6325e-01)	Loss TOTAL 9.4004e-01 (9.6585e-01)
Epoch: [28][120/496]	L_Src_Sup 2.5753e-01 (2.0019e-01)	L_Trg_Inj 3.7643e-01 (2.9566e-01)	Loss Disc 6.9304e-01 (6.9084e-01)	Loss Pred 5.5397e-01 (5.6304e-01)	Loss TOTAL 9.6389e-01 (9.6592e-01)
Epoch: [28][130/496]	L_Src_Sup 2.2228e-01 (2.0071e-01)	L_Trg_Inj 3.3869e-01 (2.9561e-01)	Loss Disc 6.9545e-01 (6.9099e-01)	Loss Pred 5.1705e-01 (5.6297e-01)	Loss TOTAL 9.2087e-01 (9.6583e-01)
Epoch: [28][140/496]	L_Src_Sup 2.4784e-01 (2.0390e-01)	L_Trg_Inj 3.7336e-01 (2.9755e-01)	Loss Disc 6.9295e-01 (6.9119e-01)	Loss Pred 5.6554e-01 (5.6238e-01)	Loss TOTAL 9.7413e-01 (9.6653e-01)
Epoch: [28][150/496]	L_Src_Sup 1.6898e-01 (2.0203e-01)	L_Trg_Inj 2.3608e-01 (2.9641e-01)	Loss Disc 6.9332e-01 (6.9131e-01)	Loss Pred 5.2205e-01 (5.6233e-01)	Loss TOTAL 9.0922e-01 (9.6568e-01)
Epoch: [28][160/496]	L_Src_Sup 1.3591e-01 (2.0172e-01)	L_Trg_Inj 2.0016e-01 (2.9229e-01)	Loss Disc 6.9417e-01 (6.9142e-01)	Loss Pred 5.4328e-01 (5.6232e-01)	Loss TOTAL 9.2397e-01 (9.6601e-01)
Epoch: [28][170/496]	L_Src_Sup 2.6210e-01 (2.0241e-01)	L_Trg_Inj 2.9059e-01 (2.8930e-01)	Loss Disc 6.9247e-01 (6.9153e-01)	Loss Pred 5.6856e-01 (5.6231e-01)	Loss TOTAL 9.7006e-01 (9.6615e-01)
Epoch: [28][180/496]	L_Src_Sup 2.2227e-01 (2.0073e-01)	L_Trg_Inj 3.4416e-01 (2.8874e-01)	Loss Disc 6.9261e-01 (6.9160e-01)	Loss Pred 5.6463e-01 (5.6244e-01)	Loss TOTAL 9.6758e-01 (9.6587e-01)
Epoch: [28][190/496]	L_Src_Sup 2.8457e-01 (2.0252e-01)	L_Trg_Inj 2.7253e-01 (2.8755e-01)	Loss Disc 6.9274e-01 (6.9165e-01)	Loss Pred 5.5636e-01 (5.6233e-01)	Loss TOTAL 9.7048e-01 (9.6586e-01)
Epoch: [28][200/496]	L_Src_Sup 1.0923e-01 (2.0132e-01)	L_Trg_Inj 4.0542e-01 (2.8943e-01)	Loss Disc 6.8870e-01 (6.9167e-01)	Loss Pred 5.8079e-01 (5.6266e-01)	Loss TOTAL 9.7661e-01 (9.6611e-01)
Epoch: [28][210/496]	L_Src_Sup 2.7199e-01 (2.0212e-01)	L_Trg_Inj 2.9327e-01 (2.9001e-01)	Loss Disc 6.9418e-01 (6.9172e-01)	Loss Pred 5.4327e-01 (5.6222e-01)	Loss TOTAL 9.4688e-01 (9.6569e-01)
Epoch: [28][220/496]	L_Src_Sup 1.8224e-01 (2.0207e-01)	L_Trg_Inj 3.0110e-01 (2.9215e-01)	Loss Disc 6.9217e-01 (6.9175e-01)	Loss Pred 5.6479e-01 (5.6246e-01)	Loss TOTAL 9.5921e-01 (9.6577e-01)
Epoch: [28][230/496]	L_Src_Sup 3.1778e-01 (2.0180e-01)	L_Trg_Inj 2.4060e-01 (2.9189e-01)	Loss Disc 6.9506e-01 (6.9174e-01)	Loss Pred 5.5403e-01 (5.6281e-01)	Loss TOTAL 1.0346e+00 (9.6605e-01)
Epoch: [28][240/496]	L_Src_Sup 2.9703e-01 (2.0246e-01)	L_Trg_Inj 2.7820e-01 (2.9190e-01)	Loss Disc 6.9411e-01 (6.9177e-01)	Loss Pred 5.5406e-01 (5.6309e-01)	Loss TOTAL 9.7747e-01 (9.6706e-01)
Epoch: [28][250/496]	L_Src_Sup 2.0010e-01 (2.0389e-01)	L_Trg_Inj 4.5400e-01 (2.9616e-01)	Loss Disc 6.9261e-01 (6.9179e-01)	Loss Pred 5.5961e-01 (5.6335e-01)	Loss TOTAL 9.7133e-01 (9.6774e-01)
Epoch: [28][260/496]	L_Src_Sup 1.5063e-01 (2.0401e-01)	L_Trg_Inj 3.3806e-01 (2.9850e-01)	Loss Disc 6.9231e-01 (6.9183e-01)	Loss Pred 5.7517e-01 (5.6364e-01)	Loss TOTAL 9.7020e-01 (9.6796e-01)
Epoch: [28][270/496]	L_Src_Sup 2.1354e-01 (2.0458e-01)	L_Trg_Inj 2.7637e-01 (2.9815e-01)	Loss Disc 6.9250e-01 (6.9187e-01)	Loss Pred 5.9092e-01 (5.6360e-01)	Loss TOTAL 9.8616e-01 (9.6767e-01)
Epoch: [28][280/496]	L_Src_Sup 2.1148e-01 (2.0495e-01)	L_Trg_Inj 4.1323e-01 (2.9696e-01)	Loss Disc 6.9346e-01 (6.9191e-01)	Loss Pred 5.3889e-01 (5.6375e-01)	Loss TOTAL 9.4809e-01 (9.6798e-01)
Epoch: [28][290/496]	L_Src_Sup 1.5924e-01 (2.0467e-01)	L_Trg_Inj 2.7317e-01 (2.9794e-01)	Loss Disc 6.9308e-01 (6.9195e-01)	Loss Pred 5.5947e-01 (5.6321e-01)	Loss TOTAL 9.4924e-01 (9.6727e-01)
Epoch: [28][300/496]	L_Src_Sup 2.0256e-01 (2.0423e-01)	L_Trg_Inj 2.2684e-01 (2.9713e-01)	Loss Disc 6.9327e-01 (6.9199e-01)	Loss Pred 5.6489e-01 (5.6314e-01)	Loss TOTAL 9.5446e-01 (9.6740e-01)
Epoch: [28][310/496]	L_Src_Sup 3.0511e-01 (2.0513e-01)	L_Trg_Inj 2.7651e-01 (2.9752e-01)	Loss Disc 6.9367e-01 (6.9202e-01)	Loss Pred 5.3396e-01 (5.6286e-01)	Loss TOTAL 9.6756e-01 (9.6715e-01)
Epoch: [28][320/496]	L_Src_Sup 2.4875e-01 (2.0506e-01)	L_Trg_Inj 2.0834e-01 (2.9753e-01)	Loss Disc 6.9323e-01 (6.9206e-01)	Loss Pred 5.3813e-01 (5.6271e-01)	Loss TOTAL 9.7086e-01 (9.6768e-01)
Epoch: [28][330/496]	L_Src_Sup 1.4147e-01 (2.0573e-01)	L_Trg_Inj 3.0409e-01 (2.9935e-01)	Loss Disc 6.9285e-01 (6.9208e-01)	Loss Pred 5.4390e-01 (5.6275e-01)	Loss TOTAL 9.3488e-01 (9.6873e-01)
Epoch: [28][340/496]	L_Src_Sup 2.6924e-01 (2.0604e-01)	L_Trg_Inj 3.7929e-01 (3.0057e-01)	Loss Disc 6.9211e-01 (6.9210e-01)	Loss Pred 5.3830e-01 (5.6286e-01)	Loss TOTAL 9.4921e-01 (9.6873e-01)
Epoch: [28][350/496]	L_Src_Sup 2.3887e-01 (2.0643e-01)	L_Trg_Inj 2.3797e-01 (3.0111e-01)	Loss Disc 6.9165e-01 (6.9212e-01)	Loss Pred 5.1239e-01 (5.6283e-01)	Loss TOTAL 9.0681e-01 (9.6897e-01)
Epoch: [28][360/496]	L_Src_Sup 2.9452e-01 (2.0607e-01)	L_Trg_Inj 1.3576e-01 (3.0049e-01)	Loss Disc 6.9308e-01 (6.9212e-01)	Loss Pred 5.4931e-01 (5.6275e-01)	Loss TOTAL 1.0976e+00 (9.6898e-01)
Epoch: [28][370/496]	L_Src_Sup 1.7824e-01 (2.0552e-01)	L_Trg_Inj 2.0881e-01 (2.9861e-01)	Loss Disc 6.9282e-01 (6.9215e-01)	Loss Pred 5.5413e-01 (5.6293e-01)	Loss TOTAL 9.3925e-01 (9.6895e-01)
Epoch: [28][380/496]	L_Src_Sup 2.1057e-01 (2.0442e-01)	L_Trg_Inj 2.0772e-01 (2.9691e-01)	Loss Disc 6.9344e-01 (6.9217e-01)	Loss Pred 5.8580e-01 (5.6315e-01)	Loss TOTAL 9.7720e-01 (9.6904e-01)
Epoch: [28][390/496]	L_Src_Sup 2.3276e-01 (2.0474e-01)	L_Trg_Inj 3.9238e-01 (2.9850e-01)	Loss Disc 6.9249e-01 (6.9218e-01)	Loss Pred 5.7117e-01 (5.6299e-01)	Loss TOTAL 9.7993e-01 (9.6886e-01)
Epoch: [28][400/496]	L_Src_Sup 1.7834e-01 (2.0397e-01)	L_Trg_Inj 5.0618e-01 (2.9978e-01)	Loss Disc 6.9205e-01 (6.9219e-01)	Loss Pred 5.5399e-01 (5.6291e-01)	Loss TOTAL 9.6846e-01 (9.6869e-01)
Epoch: [28][410/496]	L_Src_Sup 3.1377e-01 (2.0441e-01)	L_Trg_Inj 3.7239e-01 (3.0178e-01)	Loss Disc 6.9322e-01 (6.9221e-01)	Loss Pred 6.4976e-01 (5.6310e-01)	Loss TOTAL 1.0650e+00 (9.6890e-01)
Epoch: [28][420/496]	L_Src_Sup 1.9448e-01 (2.0479e-01)	L_Trg_Inj 3.5462e-01 (3.0255e-01)	Loss Disc 6.9298e-01 (6.9221e-01)	Loss Pred 5.4325e-01 (5.6262e-01)	Loss TOTAL 9.4465e-01 (9.6834e-01)
Epoch: [28][430/496]	L_Src_Sup 3.0947e-01 (2.0508e-01)	L_Trg_Inj 3.5100e-01 (3.0309e-01)	Loss Disc 6.9428e-01 (6.9222e-01)	Loss Pred 5.7649e-01 (5.6240e-01)	Loss TOTAL 9.8968e-01 (9.6807e-01)
Epoch: [28][440/496]	L_Src_Sup 1.4940e-01 (2.0452e-01)	L_Trg_Inj 3.9937e-01 (3.0343e-01)	Loss Disc 6.9256e-01 (6.9224e-01)	Loss Pred 5.9181e-01 (5.6267e-01)	Loss TOTAL 9.9297e-01 (9.6813e-01)
Epoch: [28][450/496]	L_Src_Sup 3.1689e-01 (2.0450e-01)	L_Trg_Inj 2.1090e-01 (3.0218e-01)	Loss Disc 6.9298e-01 (6.9226e-01)	Loss Pred 5.5400e-01 (5.6256e-01)	Loss TOTAL 1.0593e+00 (9.6809e-01)
Epoch: [28][460/496]	L_Src_Sup 1.4140e-01 (2.0478e-01)	L_Trg_Inj 3.3675e-01 (3.0244e-01)	Loss Disc 6.9297e-01 (6.9228e-01)	Loss Pred 5.6473e-01 (5.6262e-01)	Loss TOTAL 9.5903e-01 (9.6827e-01)
Epoch: [28][470/496]	L_Src_Sup 2.1572e-01 (2.0490e-01)	L_Trg_Inj 3.1724e-01 (3.0277e-01)	Loss Disc 6.9310e-01 (6.9229e-01)	Loss Pred 5.4852e-01 (5.6245e-01)	Loss TOTAL 9.4837e-01 (9.6808e-01)
Epoch: [28][480/496]	L_Src_Sup 3.7042e-01 (2.0549e-01)	L_Trg_Inj 1.9646e-01 (3.0231e-01)	Loss Disc 6.9306e-01 (6.9231e-01)	Loss Pred 5.1619e-01 (5.6241e-01)	Loss TOTAL 1.0934e+00 (9.6857e-01)
Epoch: [28][490/496]	L_Src_Sup 2.2570e-01 (2.0641e-01)	L_Trg_Inj 3.4883e-01 (3.0320e-01)	Loss Disc 6.9248e-01 (6.9232e-01)	Loss Pred 5.3867e-01 (5.6231e-01)	Loss TOTAL 9.4237e-01 (9.6869e-01)
Epoch: [28][496/496]	L_Src_Sup 1.4937e-01 (2.0621e-01)	L_Trg_Inj 3.5723e-01 (3.0301e-01)	Loss Disc 6.9297e-01 (6.9233e-01)	Loss Pred 5.8095e-01 (5.6224e-01)	Loss TOTAL 9.7809e-01 (9.6853e-01)
Epoch 28 complete. Saving model state...
Epoch: [29][ 10/496]	L_Src_Sup 2.9631e-01 (2.1171e-01)	L_Trg_Inj 3.6597e-01 (3.3904e-01)	Loss Disc 6.9201e-01 (6.9263e-01)	Loss Pred 5.8650e-01 (5.6537e-01)	Loss TOTAL 9.9873e-01 (9.7013e-01)
Epoch: [29][ 20/496]	L_Src_Sup 3.0011e-01 (2.4452e-01)	L_Trg_Inj 4.1867e-01 (3.3151e-01)	Loss Disc 6.9286e-01 (6.9261e-01)	Loss Pred 5.5943e-01 (5.6567e-01)	Loss TOTAL 9.7773e-01 (9.8298e-01)
Epoch: [29][ 30/496]	L_Src_Sup 1.7461e-01 (2.3222e-01)	L_Trg_Inj 3.6814e-01 (3.3529e-01)	Loss Disc 6.9209e-01 (6.9255e-01)	Loss Pred 5.4372e-01 (5.6544e-01)	Loss TOTAL 9.4403e-01 (9.7906e-01)
Epoch: [29][ 40/496]	L_Src_Sup 1.7472e-01 (2.2262e-01)	L_Trg_Inj 2.4776e-01 (3.3105e-01)	Loss Disc 6.9344e-01 (6.9248e-01)	Loss Pred 5.4336e-01 (5.6625e-01)	Loss TOTAL 9.3233e-01 (9.7619e-01)
Epoch: [29][ 50/496]	L_Src_Sup 2.3542e-01 (2.1177e-01)	L_Trg_Inj 2.6462e-01 (3.2385e-01)	Loss Disc 6.9221e-01 (6.9245e-01)	Loss Pred 5.4878e-01 (5.6489e-01)	Loss TOTAL 9.4489e-01 (9.7134e-01)
Epoch: [29][ 60/496]	L_Src_Sup 3.1689e-01 (2.1265e-01)	L_Trg_Inj 3.0308e-01 (3.2613e-01)	Loss Disc 6.9304e-01 (6.9244e-01)	Loss Pred 5.5398e-01 (5.6619e-01)	Loss TOTAL 9.7632e-01 (9.7247e-01)
Epoch: [29][ 70/496]	L_Src_Sup 1.0322e-01 (2.0540e-01)	L_Trg_Inj 2.7362e-01 (3.2945e-01)	Loss Disc 6.9214e-01 (6.9234e-01)	Loss Pred 5.7523e-01 (5.6615e-01)	Loss TOTAL 9.5899e-01 (9.7117e-01)
Epoch: [29][ 80/496]	L_Src_Sup 1.4590e-01 (2.0576e-01)	L_Trg_Inj 4.0038e-01 (3.3047e-01)	Loss Disc 6.9066e-01 (6.9235e-01)	Loss Pred 5.8056e-01 (5.6584e-01)	Loss TOTAL 9.8052e-01 (9.7033e-01)
Epoch: [29][ 90/496]	L_Src_Sup 1.6809e-01 (2.0214e-01)	L_Trg_Inj 2.6975e-01 (3.2513e-01)	Loss Disc 6.9288e-01 (6.9237e-01)	Loss Pred 5.8577e-01 (5.6553e-01)	Loss TOTAL 9.7600e-01 (9.6879e-01)
Epoch: [29][100/496]	L_Src_Sup 1.1493e-01 (2.0328e-01)	L_Trg_Inj 1.7446e-01 (3.2136e-01)	Loss Disc 6.9135e-01 (6.9237e-01)	Loss Pred 5.8603e-01 (5.6470e-01)	Loss TOTAL 9.6064e-01 (9.6845e-01)
Epoch: [29][110/496]	L_Src_Sup 8.5175e-02 (2.0201e-01)	L_Trg_Inj 2.3691e-01 (3.1729e-01)	Loss Disc 6.9021e-01 (6.9241e-01)	Loss Pred 5.9149e-01 (5.6437e-01)	Loss TOTAL 9.6880e-01 (9.6776e-01)
Epoch: [29][120/496]	L_Src_Sup 1.8880e-01 (2.0351e-01)	L_Trg_Inj 2.9659e-01 (3.1087e-01)	Loss Disc 6.9447e-01 (6.9251e-01)	Loss Pred 5.2729e-01 (5.6348e-01)	Loss TOTAL 9.2307e-01 (9.6824e-01)
Epoch: [29][130/496]	L_Src_Sup 1.9604e-01 (2.0496e-01)	L_Trg_Inj 1.2412e-01 (3.0725e-01)	Loss Disc 6.9249e-01 (6.9255e-01)	Loss Pred 5.4859e-01 (5.6238e-01)	Loss TOTAL 9.9877e-01 (9.6857e-01)
Epoch: [29][140/496]	L_Src_Sup 2.7801e-01 (2.0574e-01)	L_Trg_Inj 3.7219e-01 (3.1007e-01)	Loss Disc 6.9263e-01 (6.9256e-01)	Loss Pred 5.5380e-01 (5.6215e-01)	Loss TOTAL 9.6513e-01 (9.6836e-01)
Epoch: [29][150/496]	L_Src_Sup 2.4266e-01 (2.0481e-01)	L_Trg_Inj 3.8545e-01 (3.1770e-01)	Loss Disc 6.9126e-01 (6.9252e-01)	Loss Pred 6.0846e-01 (5.6222e-01)	Loss TOTAL 1.0169e+00 (9.6861e-01)
Epoch: [29][160/496]	L_Src_Sup 2.9312e-01 (2.0603e-01)	L_Trg_Inj 3.0400e-01 (3.2164e-01)	Loss Disc 6.9074e-01 (6.9248e-01)	Loss Pred 5.8093e-01 (5.6214e-01)	Loss TOTAL 9.8601e-01 (9.6854e-01)
Epoch: [29][170/496]	L_Src_Sup 2.8517e-01 (2.0601e-01)	L_Trg_Inj 2.2416e-01 (3.2082e-01)	Loss Disc 6.9531e-01 (6.9243e-01)	Loss Pred 5.2659e-01 (5.6162e-01)	Loss TOTAL 9.8619e-01 (9.6783e-01)
Epoch: [29][180/496]	L_Src_Sup 1.8329e-01 (2.0618e-01)	L_Trg_Inj 2.6194e-01 (3.2010e-01)	Loss Disc 6.8670e-01 (6.9238e-01)	Loss Pred 6.1460e-01 (5.6121e-01)	Loss TOTAL 1.0025e+00 (9.6713e-01)
Epoch: [29][190/496]	L_Src_Sup 1.1894e-01 (2.0551e-01)	L_Trg_Inj 3.5484e-01 (3.1762e-01)	Loss Disc 6.8500e-01 (6.9222e-01)	Loss Pred 5.5374e-01 (5.6108e-01)	Loss TOTAL 9.4362e-01 (9.6716e-01)
Epoch: [29][200/496]	L_Src_Sup 2.3201e-01 (2.0407e-01)	L_Trg_Inj 2.9415e-01 (3.1697e-01)	Loss Disc 6.8865e-01 (6.9197e-01)	Loss Pred 5.3766e-01 (5.6168e-01)	Loss TOTAL 9.3459e-01 (9.6704e-01)
Epoch: [29][210/496]	L_Src_Sup 2.8597e-01 (2.0418e-01)	L_Trg_Inj 3.0165e-01 (3.1328e-01)	Loss Disc 6.9868e-01 (6.9202e-01)	Loss Pred 5.3245e-01 (5.6127e-01)	Loss TOTAL 9.4056e-01 (9.6751e-01)
Epoch: [29][220/496]	L_Src_Sup 2.4537e-01 (2.0586e-01)	L_Trg_Inj 3.6679e-01 (3.1603e-01)	Loss Disc 6.9240e-01 (6.9215e-01)	Loss Pred 5.7049e-01 (5.6089e-01)	Loss TOTAL 9.7790e-01 (9.6791e-01)
Epoch: [29][230/496]	L_Src_Sup 3.2446e-01 (2.0670e-01)	L_Trg_Inj 3.4695e-01 (3.1813e-01)	Loss Disc 6.9260e-01 (6.9218e-01)	Loss Pred 5.6481e-01 (5.6081e-01)	Loss TOTAL 9.7825e-01 (9.6776e-01)
Epoch: [29][240/496]	L_Src_Sup 1.8566e-01 (2.0757e-01)	L_Trg_Inj 3.0058e-01 (3.1877e-01)	Loss Disc 6.9242e-01 (6.9222e-01)	Loss Pred 5.7584e-01 (5.6099e-01)	Loss TOTAL 9.7067e-01 (9.6833e-01)
Epoch: [29][250/496]	L_Src_Sup 2.4980e-01 (2.0752e-01)	L_Trg_Inj 3.4618e-01 (3.2268e-01)	Loss Disc 6.9289e-01 (6.9224e-01)	Loss Pred 5.4856e-01 (5.6125e-01)	Loss TOTAL 9.5461e-01 (9.6865e-01)
Epoch: [29][260/496]	L_Src_Sup 1.6166e-01 (2.0725e-01)	L_Trg_Inj 3.9031e-01 (3.2167e-01)	Loss Disc 6.9279e-01 (6.9226e-01)	Loss Pred 5.6464e-01 (5.6147e-01)	Loss TOTAL 9.6624e-01 (9.6877e-01)
Epoch: [29][270/496]	L_Src_Sup 1.9360e-01 (2.0731e-01)	L_Trg_Inj 3.0347e-01 (3.1939e-01)	Loss Disc 6.9127e-01 (6.9226e-01)	Loss Pred 5.9679e-01 (5.6207e-01)	Loss TOTAL 9.9213e-01 (9.6929e-01)
Epoch: [29][280/496]	L_Src_Sup 1.7039e-01 (2.0641e-01)	L_Trg_Inj 3.4279e-01 (3.1776e-01)	Loss Disc 6.8981e-01 (6.9226e-01)	Loss Pred 5.9123e-01 (5.6220e-01)	Loss TOTAL 9.8745e-01 (9.6929e-01)
Epoch: [29][290/496]	L_Src_Sup 3.1998e-01 (2.0786e-01)	L_Trg_Inj 2.4773e-01 (3.1831e-01)	Loss Disc 6.9086e-01 (6.9227e-01)	Loss Pred 5.9103e-01 (5.6264e-01)	Loss TOTAL 1.0655e+00 (9.7004e-01)
Epoch: [29][300/496]	L_Src_Sup 1.2120e-01 (2.0844e-01)	L_Trg_Inj 4.0159e-01 (3.1963e-01)	Loss Disc 6.9301e-01 (6.9228e-01)	Loss Pred 5.4901e-01 (5.6227e-01)	Loss TOTAL 9.4780e-01 (9.6973e-01)
Epoch: [29][310/496]	L_Src_Sup 1.6774e-01 (2.0880e-01)	L_Trg_Inj 2.5954e-01 (3.1991e-01)	Loss Disc 6.9176e-01 (6.9227e-01)	Loss Pred 5.5926e-01 (5.6209e-01)	Loss TOTAL 9.4787e-01 (9.6936e-01)
Epoch: [29][320/496]	L_Src_Sup 1.7741e-01 (2.0768e-01)	L_Trg_Inj 2.0543e-01 (3.1890e-01)	Loss Disc 6.9090e-01 (6.9226e-01)	Loss Pred 5.7002e-01 (5.6214e-01)	Loss TOTAL 9.5376e-01 (9.6904e-01)
Epoch: [29][330/496]	L_Src_Sup 1.3346e-01 (2.0834e-01)	L_Trg_Inj 1.6685e-01 (3.1795e-01)	Loss Disc 6.8830e-01 (6.9227e-01)	Loss Pred 6.1352e-01 (5.6179e-01)	Loss TOTAL 9.8771e-01 (9.6879e-01)
Epoch: [29][340/496]	L_Src_Sup 2.1164e-01 (2.0811e-01)	L_Trg_Inj 2.4935e-01 (3.1685e-01)	Loss Disc 6.9281e-01 (6.9226e-01)	Loss Pred 5.3775e-01 (5.6185e-01)	Loss TOTAL 9.3026e-01 (9.6876e-01)
Epoch: [29][350/496]	L_Src_Sup 1.9149e-01 (2.0865e-01)	L_Trg_Inj 3.8211e-01 (3.1707e-01)	Loss Disc 6.9123e-01 (6.9229e-01)	Loss Pred 5.9181e-01 (5.6184e-01)	Loss TOTAL 9.9478e-01 (9.6863e-01)
Epoch: [29][360/496]	L_Src_Sup 1.9999e-01 (2.0905e-01)	L_Trg_Inj 4.3896e-01 (3.1843e-01)	Loss Disc 6.9264e-01 (6.9229e-01)	Loss Pred 5.5960e-01 (5.6189e-01)	Loss TOTAL 9.6981e-01 (9.6874e-01)
Epoch: [29][370/496]	L_Src_Sup 2.4728e-01 (2.0883e-01)	L_Trg_Inj 4.8233e-01 (3.1980e-01)	Loss Disc 6.9076e-01 (6.9232e-01)	Loss Pred 6.1879e-01 (5.6196e-01)	Loss TOTAL 1.0371e+00 (9.6878e-01)
Epoch: [29][380/496]	L_Src_Sup 2.7373e-01 (2.0932e-01)	L_Trg_Inj 4.5768e-01 (3.1938e-01)	Loss Disc 6.8975e-01 (6.9232e-01)	Loss Pred 6.3036e-01 (5.6228e-01)	Loss TOTAL 1.0484e+00 (9.6938e-01)
Epoch: [29][390/496]	L_Src_Sup 1.8770e-01 (2.1022e-01)	L_Trg_Inj 5.1613e-01 (3.1992e-01)	Loss Disc 6.9214e-01 (6.9234e-01)	Loss Pred 5.8111e-01 (5.6216e-01)	Loss TOTAL 9.9757e-01 (9.6939e-01)
Epoch: [29][400/496]	L_Src_Sup 2.4758e-01 (2.1035e-01)	L_Trg_Inj 4.7194e-01 (3.2334e-01)	Loss Disc 6.9284e-01 (6.9237e-01)	Loss Pred 5.7555e-01 (5.6210e-01)	Loss TOTAL 9.9392e-01 (9.6950e-01)
Epoch: [29][410/496]	L_Src_Sup 1.5992e-01 (2.1026e-01)	L_Trg_Inj 3.2769e-01 (3.2536e-01)	Loss Disc 6.9311e-01 (6.9238e-01)	Loss Pred 5.5950e-01 (5.6198e-01)	Loss TOTAL 9.5482e-01 (9.6939e-01)
Epoch: [29][420/496]	L_Src_Sup 3.8748e-01 (2.1008e-01)	L_Trg_Inj 3.5071e-01 (3.2557e-01)	Loss Disc 6.9274e-01 (6.9239e-01)	Loss Pred 5.9718e-01 (5.6209e-01)	Loss TOTAL 1.0541e+00 (9.6941e-01)
Epoch: [29][430/496]	L_Src_Sup 1.7588e-01 (2.0959e-01)	L_Trg_Inj 2.0464e-01 (3.2520e-01)	Loss Disc 6.9286e-01 (6.9241e-01)	Loss Pred 6.0769e-01 (5.6208e-01)	Loss TOTAL 9.9217e-01 (9.6915e-01)
Epoch: [29][440/496]	L_Src_Sup 1.6160e-01 (2.0941e-01)	L_Trg_Inj 3.5586e-01 (3.2530e-01)	Loss Disc 6.9395e-01 (6.9241e-01)	Loss Pred 5.6485e-01 (5.6209e-01)	Loss TOTAL 9.6357e-01 (9.6906e-01)
Epoch: [29][450/496]	L_Src_Sup 9.8828e-02 (2.0944e-01)	L_Trg_Inj 3.0126e-01 (3.2442e-01)	Loss Disc 6.9226e-01 (6.9243e-01)	Loss Pred 5.5634e-01 (5.6208e-01)	Loss TOTAL 9.4248e-01 (9.6905e-01)
Epoch: [29][460/496]	L_Src_Sup 3.2340e-01 (2.0911e-01)	L_Trg_Inj 3.9957e-01 (3.2484e-01)	Loss Disc 6.9317e-01 (6.9244e-01)	Loss Pred 5.6468e-01 (5.6194e-01)	Loss TOTAL 9.8356e-01 (9.6877e-01)
Epoch: [29][470/496]	L_Src_Sup 8.1645e-02 (2.0893e-01)	L_Trg_Inj 2.4788e-01 (3.2541e-01)	Loss Disc 6.9241e-01 (6.9244e-01)	Loss Pred 5.7004e-01 (5.6205e-01)	Loss TOTAL 9.4920e-01 (9.6881e-01)
Epoch: [29][480/496]	L_Src_Sup 2.4178e-01 (2.0849e-01)	L_Trg_Inj 2.7646e-01 (3.2478e-01)	Loss Disc 6.9042e-01 (6.9244e-01)	Loss Pred 6.0744e-01 (5.6218e-01)	Loss TOTAL 1.0045e+00 (9.6883e-01)
Epoch: [29][490/496]	L_Src_Sup 2.0756e-01 (2.0795e-01)	L_Trg_Inj 1.8548e-01 (3.2336e-01)	Loss Disc 6.9324e-01 (6.9245e-01)	Loss Pred 5.2786e-01 (5.6212e-01)	Loss TOTAL 9.3587e-01 (9.6849e-01)
Epoch: [29][496/496]	L_Src_Sup 1.7213e-01 (2.0759e-01)	L_Trg_Inj 4.9406e-01 (3.2393e-01)	Loss Disc 6.9153e-01 (6.9245e-01)	Loss Pred 5.9694e-01 (5.6213e-01)	Loss TOTAL 1.0093e+00 (9.6843e-01)
Epoch 29 complete. Saving model state...
Epoch: [30][ 10/496]	L_Src_Sup 1.9802e-01 (1.9549e-01)	L_Trg_Inj 3.6801e-01 (3.3540e-01)	Loss Disc 6.9227e-01 (6.9289e-01)	Loss Pred 5.5396e-01 (5.6472e-01)	Loss TOTAL 9.5670e-01 (9.6425e-01)
Epoch: [30][ 20/496]	L_Src_Sup 1.6827e-01 (1.9536e-01)	L_Trg_Inj 3.1682e-01 (3.1554e-01)	Loss Disc 6.9305e-01 (6.9303e-01)	Loss Pred 5.2178e-01 (5.5880e-01)	Loss TOTAL 9.1682e-01 (9.5677e-01)
Epoch: [30][ 30/496]	L_Src_Sup 1.2650e-01 (2.0346e-01)	L_Trg_Inj 2.0833e-01 (2.9292e-01)	Loss Disc 6.9218e-01 (6.9296e-01)	Loss Pred 5.8617e-01 (5.6032e-01)	Loss TOTAL 9.6574e-01 (9.6187e-01)
Epoch: [30][ 40/496]	L_Src_Sup 2.0974e-01 (2.0275e-01)	L_Trg_Inj 2.0349e-01 (2.9947e-01)	Loss Disc 6.9151e-01 (6.9285e-01)	Loss Pred 5.5926e-01 (5.5966e-01)	Loss TOTAL 9.5258e-01 (9.6155e-01)
Epoch: [30][ 50/496]	L_Src_Sup 1.7992e-01 (2.0412e-01)	L_Trg_Inj 2.4587e-01 (3.0957e-01)	Loss Disc 6.9261e-01 (6.9280e-01)	Loss Pred 5.5951e-01 (5.5966e-01)	Loss TOTAL 9.4840e-01 (9.6256e-01)
Epoch: [30][ 60/496]	L_Src_Sup 8.4042e-02 (2.0309e-01)	L_Trg_Inj 2.1321e-01 (3.0901e-01)	Loss Disc 6.9215e-01 (6.9286e-01)	Loss Pred 5.6470e-01 (5.5762e-01)	Loss TOTAL 9.4050e-01 (9.6023e-01)
Epoch: [30][ 70/496]	L_Src_Sup 1.8964e-01 (2.0361e-01)	L_Trg_Inj 2.7680e-01 (3.0161e-01)	Loss Disc 6.9209e-01 (6.9280e-01)	Loss Pred 5.8688e-01 (5.5880e-01)	Loss TOTAL 9.7957e-01 (9.6041e-01)
Epoch: [30][ 80/496]	L_Src_Sup 3.2412e-01 (2.0784e-01)	L_Trg_Inj 2.9560e-01 (3.0321e-01)	Loss Disc 6.9244e-01 (6.9276e-01)	Loss Pred 5.5914e-01 (5.5791e-01)	Loss TOTAL 9.9586e-01 (9.6059e-01)
Epoch: [30][ 90/496]	L_Src_Sup 5.7436e-01 (2.1043e-01)	L_Trg_Inj 5.5261e-01 (3.0547e-01)	Loss Disc 6.8776e-01 (6.9252e-01)	Loss Pred 5.8225e-01 (5.6026e-01)	Loss TOTAL 1.0606e+00 (9.6371e-01)
Epoch: [30][100/496]	L_Src_Sup 1.6473e-01 (2.1260e-01)	L_Trg_Inj 3.6560e-01 (3.2246e-01)	Loss Disc 6.8651e-01 (6.9217e-01)	Loss Pred 6.0808e-01 (5.6071e-01)	Loss TOTAL 1.0044e+00 (9.6542e-01)
Epoch: [30][110/496]	L_Src_Sup 1.9697e-01 (2.1278e-01)	L_Trg_Inj 4.1962e-01 (3.2320e-01)	Loss Disc 6.8491e-01 (6.9177e-01)	Loss Pred 5.9682e-01 (5.6169e-01)	Loss TOTAL 1.0009e+00 (9.6583e-01)
Epoch: [30][120/496]	L_Src_Sup 2.4855e-01 (2.1329e-01)	L_Trg_Inj 3.1991e-01 (3.2320e-01)	Loss Disc 6.8995e-01 (6.9193e-01)	Loss Pred 5.7554e-01 (5.6115e-01)	Loss TOTAL 9.7736e-01 (9.6525e-01)
Epoch: [30][130/496]	L_Src_Sup 1.8950e-01 (2.1084e-01)	L_Trg_Inj 3.4756e-01 (3.2070e-01)	Loss Disc 6.9642e-01 (6.9194e-01)	Loss Pred 5.2780e-01 (5.6169e-01)	Loss TOTAL 9.2971e-01 (9.6537e-01)
Epoch: [30][140/496]	L_Src_Sup 1.9162e-01 (2.0860e-01)	L_Trg_Inj 3.4484e-01 (3.2218e-01)	Loss Disc 6.8875e-01 (6.9189e-01)	Loss Pred 5.9113e-01 (5.6288e-01)	Loss TOTAL 9.8916e-01 (9.6665e-01)
Epoch: [30][150/496]	L_Src_Sup 1.9627e-01 (2.0913e-01)	L_Trg_Inj 2.9144e-01 (3.2305e-01)	Loss Disc 6.9218e-01 (6.9193e-01)	Loss Pred 5.4903e-01 (5.6324e-01)	Loss TOTAL 9.4389e-01 (9.6698e-01)
Epoch: [30][160/496]	L_Src_Sup 1.8944e-01 (2.0730e-01)	L_Trg_Inj 3.5519e-01 (3.2263e-01)	Loss Disc 6.9233e-01 (6.9200e-01)	Loss Pred 5.8572e-01 (5.6330e-01)	Loss TOTAL 9.8634e-01 (9.6711e-01)
Epoch: [30][170/496]	L_Src_Sup 2.0410e-01 (2.0640e-01)	L_Trg_Inj 2.5514e-01 (3.2141e-01)	Loss Disc 6.9197e-01 (6.9203e-01)	Loss Pred 5.6988e-01 (5.6301e-01)	Loss TOTAL 9.6179e-01 (9.6688e-01)
Epoch: [30][180/496]	L_Src_Sup 2.4241e-01 (2.0571e-01)	L_Trg_Inj 2.0209e-01 (3.2011e-01)	Loss Disc 6.9351e-01 (6.9207e-01)	Loss Pred 5.6461e-01 (5.6243e-01)	Loss TOTAL 9.9614e-01 (9.6621e-01)
Epoch: [30][190/496]	L_Src_Sup 1.0280e-01 (2.0564e-01)	L_Trg_Inj 4.2342e-01 (3.2522e-01)	Loss Disc 6.9244e-01 (6.9209e-01)	Loss Pred 5.9702e-01 (5.6311e-01)	Loss TOTAL 9.9586e-01 (9.6740e-01)
Epoch: [30][200/496]	L_Src_Sup 1.5105e-01 (2.0378e-01)	L_Trg_Inj 3.0171e-01 (3.2659e-01)	Loss Disc 6.9203e-01 (6.9210e-01)	Loss Pred 5.2777e-01 (5.6283e-01)	Loss TOTAL 9.1907e-01 (9.6681e-01)
Epoch: [30][210/496]	L_Src_Sup 2.4238e-01 (2.0414e-01)	L_Trg_Inj 2.1562e-01 (3.2281e-01)	Loss Disc 6.9249e-01 (6.9212e-01)	Loss Pred 5.6477e-01 (5.6294e-01)	Loss TOTAL 9.8358e-01 (9.6712e-01)
Epoch: [30][220/496]	L_Src_Sup 2.3528e-01 (2.0518e-01)	L_Trg_Inj 3.3580e-01 (3.2360e-01)	Loss Disc 6.9248e-01 (6.9213e-01)	Loss Pred 5.4873e-01 (5.6267e-01)	Loss TOTAL 9.5207e-01 (9.6717e-01)
Epoch: [30][230/496]	L_Src_Sup 2.0656e-01 (2.0471e-01)	L_Trg_Inj 3.2559e-01 (3.2407e-01)	Loss Disc 6.9196e-01 (6.9213e-01)	Loss Pred 5.9113e-01 (5.6297e-01)	Loss TOTAL 9.9033e-01 (9.6722e-01)
Epoch: [30][240/496]	L_Src_Sup 1.8562e-01 (2.0474e-01)	L_Trg_Inj 3.1500e-01 (3.2552e-01)	Loss Disc 6.9236e-01 (6.9212e-01)	Loss Pred 5.7537e-01 (5.6311e-01)	Loss TOTAL 9.7161e-01 (9.6740e-01)
Epoch: [30][250/496]	L_Src_Sup 1.4731e-01 (2.0466e-01)	L_Trg_Inj 2.2323e-01 (3.2394e-01)	Loss Disc 6.9272e-01 (6.9212e-01)	Loss Pred 5.8583e-01 (5.6338e-01)	Loss TOTAL 9.6924e-01 (9.6749e-01)
Epoch: [30][260/496]	L_Src_Sup 2.5146e-01 (2.0446e-01)	L_Trg_Inj 2.8483e-01 (3.2303e-01)	Loss Disc 6.9224e-01 (6.9213e-01)	Loss Pred 5.9644e-01 (5.6337e-01)	Loss TOTAL 9.9619e-01 (9.6734e-01)
Epoch: [30][270/496]	L_Src_Sup 1.5688e-01 (2.0459e-01)	L_Trg_Inj 1.1028e-01 (3.2170e-01)	Loss Disc 6.9292e-01 (6.9214e-01)	Loss Pred 5.4901e-01 (5.6313e-01)	Loss TOTAL 9.6878e-01 (9.6708e-01)
Epoch: [30][280/496]	L_Src_Sup 2.2030e-01 (2.0361e-01)	L_Trg_Inj 3.1648e-01 (3.2060e-01)	Loss Disc 6.9195e-01 (6.9212e-01)	Loss Pred 5.4872e-01 (5.6273e-01)	Loss TOTAL 9.4837e-01 (9.6630e-01)
Epoch: [30][290/496]	L_Src_Sup 1.4456e-01 (2.0347e-01)	L_Trg_Inj 3.1570e-01 (3.1976e-01)	Loss Disc 6.9288e-01 (6.9213e-01)	Loss Pred 5.7544e-01 (5.6263e-01)	Loss TOTAL 9.6791e-01 (9.6632e-01)
Epoch: [30][300/496]	L_Src_Sup 2.0574e-01 (2.0328e-01)	L_Trg_Inj 2.3740e-01 (3.1782e-01)	Loss Disc 6.9270e-01 (6.9216e-01)	Loss Pred 6.1886e-01 (5.6299e-01)	Loss TOTAL 1.0095e+00 (9.6654e-01)
Epoch: [30][310/496]	L_Src_Sup 1.6349e-01 (2.0350e-01)	L_Trg_Inj 4.0919e-01 (3.1819e-01)	Loss Disc 6.9270e-01 (6.9218e-01)	Loss Pred 5.7045e-01 (5.6341e-01)	Loss TOTAL 9.7407e-01 (9.6745e-01)
Epoch: [30][320/496]	L_Src_Sup 2.3141e-01 (2.0317e-01)	L_Trg_Inj 3.4654e-01 (3.1862e-01)	Loss Disc 6.9282e-01 (6.9219e-01)	Loss Pred 5.1811e-01 (5.6326e-01)	Loss TOTAL 9.2231e-01 (9.6742e-01)
Epoch: [30][330/496]	L_Src_Sup 1.6844e-01 (2.0342e-01)	L_Trg_Inj 2.4920e-01 (3.1882e-01)	Loss Disc 6.9305e-01 (6.9221e-01)	Loss Pred 5.8570e-01 (5.6342e-01)	Loss TOTAL 9.7399e-01 (9.6753e-01)
Epoch: [30][340/496]	L_Src_Sup 9.9003e-02 (2.0300e-01)	L_Trg_Inj 3.0778e-01 (3.1859e-01)	Loss Disc 6.9274e-01 (6.9222e-01)	Loss Pred 5.5413e-01 (5.6349e-01)	Loss TOTAL 9.4118e-01 (9.6753e-01)
Epoch: [30][350/496]	L_Src_Sup 2.0194e-01 (2.0305e-01)	L_Trg_Inj 3.3402e-01 (3.1764e-01)	Loss Disc 6.9322e-01 (6.9225e-01)	Loss Pred 5.6472e-01 (5.6373e-01)	Loss TOTAL 9.6493e-01 (9.6762e-01)
Epoch: [30][360/496]	L_Src_Sup 1.7148e-01 (2.0352e-01)	L_Trg_Inj 2.1112e-01 (3.1606e-01)	Loss Disc 6.9304e-01 (6.9226e-01)	Loss Pred 5.3324e-01 (5.6351e-01)	Loss TOTAL 9.1802e-01 (9.6789e-01)
Epoch: [30][370/496]	L_Src_Sup 2.9751e-01 (2.0361e-01)	L_Trg_Inj 1.5246e-01 (3.1459e-01)	Loss Disc 6.9384e-01 (6.9228e-01)	Loss Pred 5.9653e-01 (5.6321e-01)	Loss TOTAL 1.1335e+00 (9.6799e-01)
Epoch: [30][380/496]	L_Src_Sup 2.0720e-01 (2.0358e-01)	L_Trg_Inj 3.7882e-01 (3.1468e-01)	Loss Disc 6.9272e-01 (6.9229e-01)	Loss Pred 5.6508e-01 (5.6303e-01)	Loss TOTAL 9.7004e-01 (9.6763e-01)
Epoch: [30][390/496]	L_Src_Sup 3.0940e-01 (2.0392e-01)	L_Trg_Inj 1.4824e-01 (3.1340e-01)	Loss Disc 6.9379e-01 (6.9230e-01)	Loss Pred 5.7561e-01 (5.6265e-01)	Loss TOTAL 1.1294e+00 (9.6759e-01)
Epoch: [30][400/496]	L_Src_Sup 1.0543e-01 (2.0398e-01)	L_Trg_Inj 3.2220e-01 (3.1405e-01)	Loss Disc 6.9304e-01 (6.9231e-01)	Loss Pred 5.8619e-01 (5.6297e-01)	Loss TOTAL 9.7548e-01 (9.6780e-01)
Epoch: [30][410/496]	L_Src_Sup 2.4735e-01 (2.0398e-01)	L_Trg_Inj 2.8370e-01 (3.1378e-01)	Loss Disc 6.9296e-01 (6.9232e-01)	Loss Pred 5.5947e-01 (5.6282e-01)	Loss TOTAL 9.5905e-01 (9.6765e-01)
Epoch: [30][420/496]	L_Src_Sup 1.4175e-01 (2.0409e-01)	L_Trg_Inj 3.7199e-01 (3.1345e-01)	Loss Disc 6.9264e-01 (6.9233e-01)	Loss Pred 5.6461e-01 (5.6285e-01)	Loss TOTAL 9.6230e-01 (9.6781e-01)
Epoch: [30][430/496]	L_Src_Sup 2.1002e-01 (2.0346e-01)	L_Trg_Inj 3.0289e-01 (3.1313e-01)	Loss Disc 6.9229e-01 (6.9233e-01)	Loss Pred 5.3832e-01 (5.6267e-01)	Loss TOTAL 9.3575e-01 (9.6738e-01)
Epoch: [30][440/496]	L_Src_Sup 2.4272e-01 (2.0404e-01)	L_Trg_Inj 3.3749e-01 (3.1491e-01)	Loss Disc 6.9232e-01 (6.9233e-01)	Loss Pred 5.6484e-01 (5.6277e-01)	Loss TOTAL 9.6902e-01 (9.6778e-01)
Epoch: [30][450/496]	L_Src_Sup 2.0034e-01 (2.0514e-01)	L_Trg_Inj 3.1033e-01 (3.1521e-01)	Loss Disc 6.9422e-01 (6.9233e-01)	Loss Pred 5.5943e-01 (5.6260e-01)	Loss TOTAL 9.5761e-01 (9.6773e-01)
Epoch: [30][460/496]	L_Src_Sup 1.3014e-01 (2.0491e-01)	L_Trg_Inj 2.1285e-01 (3.1477e-01)	Loss Disc 6.9311e-01 (6.9234e-01)	Loss Pred 5.9820e-01 (5.6248e-01)	Loss TOTAL 9.7905e-01 (9.6758e-01)
Epoch: [30][470/496]	L_Src_Sup 1.4801e-01 (2.0487e-01)	L_Trg_Inj 1.3712e-01 (3.1454e-01)	Loss Disc 6.9259e-01 (6.9234e-01)	Loss Pred 5.4280e-01 (5.6221e-01)	Loss TOTAL 9.2850e-01 (9.6718e-01)
Epoch: [30][480/496]	L_Src_Sup 2.8607e-01 (2.0428e-01)	L_Trg_Inj 2.2701e-01 (3.1417e-01)	Loss Disc 6.9325e-01 (6.9235e-01)	Loss Pred 5.7008e-01 (5.6226e-01)	Loss TOTAL 1.0271e+00 (9.6721e-01)
Epoch: [30][490/496]	L_Src_Sup 1.9373e-01 (2.0392e-01)	L_Trg_Inj 2.3919e-01 (3.1524e-01)	Loss Disc 6.9362e-01 (6.9235e-01)	Loss Pred 5.9775e-01 (5.6210e-01)	Loss TOTAL 9.8785e-01 (9.6699e-01)
Epoch: [30][496/496]	L_Src_Sup 2.4477e-01 (2.0427e-01)	L_Trg_Inj 1.2407e-01 (3.1469e-01)	Loss Disc 6.9358e-01 (6.9236e-01)	Loss Pred 5.7024e-01 (5.6215e-01)	Loss TOTAL 1.0746e+00 (9.6752e-01)
Epoch 30 complete. Saving model state...
Epoch: [31][ 10/496]	L_Src_Sup 2.8260e-01 (2.1354e-01)	L_Trg_Inj 2.7763e-01 (3.2736e-01)	Loss Disc 6.9410e-01 (6.9279e-01)	Loss Pred 6.0278e-01 (5.7066e-01)	Loss TOTAL 1.0108e+00 (9.7164e-01)
Epoch: [31][ 20/496]	L_Src_Sup 1.6491e-01 (2.1071e-01)	L_Trg_Inj 2.3803e-01 (3.0860e-01)	Loss Disc 6.9331e-01 (6.9283e-01)	Loss Pred 5.7559e-01 (5.6772e-01)	Loss TOTAL 9.6253e-01 (9.6639e-01)
Epoch: [31][ 30/496]	L_Src_Sup 1.5693e-01 (2.0347e-01)	L_Trg_Inj 4.7034e-01 (2.9657e-01)	Loss Disc 6.9217e-01 (6.9282e-01)	Loss Pred 5.4905e-01 (5.6602e-01)	Loss TOTAL 9.5786e-01 (9.6997e-01)
Epoch: [31][ 40/496]	L_Src_Sup 1.3097e-01 (2.0130e-01)	L_Trg_Inj 3.1478e-01 (3.1619e-01)	Loss Disc 6.9237e-01 (6.9270e-01)	Loss Pred 5.2148e-01 (5.6381e-01)	Loss TOTAL 9.1223e-01 (9.6757e-01)
Epoch: [31][ 50/496]	L_Src_Sup 1.0315e-01 (2.0260e-01)	L_Trg_Inj 3.3317e-01 (3.2094e-01)	Loss Disc 6.9271e-01 (6.9270e-01)	Loss Pred 5.7560e-01 (5.6311e-01)	Loss TOTAL 9.6559e-01 (9.6634e-01)
Epoch: [31][ 60/496]	L_Src_Sup 2.8803e-01 (2.0375e-01)	L_Trg_Inj 4.0335e-01 (3.1773e-01)	Loss Disc 6.9248e-01 (6.9271e-01)	Loss Pred 5.9810e-01 (5.6332e-01)	Loss TOTAL 1.0135e+00 (9.6742e-01)
Epoch: [31][ 70/496]	L_Src_Sup 2.7452e-01 (2.0342e-01)	L_Trg_Inj 2.7247e-01 (3.1886e-01)	Loss Disc 6.9276e-01 (6.9271e-01)	Loss Pred 5.4848e-01 (5.6383e-01)	Loss TOTAL 9.5160e-01 (9.6724e-01)
Epoch: [31][ 80/496]	L_Src_Sup 1.6727e-01 (2.0219e-01)	L_Trg_Inj 3.8130e-01 (3.2480e-01)	Loss Disc 6.9217e-01 (6.9267e-01)	Loss Pred 5.8126e-01 (5.6359e-01)	Loss TOTAL 9.8221e-01 (9.6926e-01)
Epoch: [31][ 90/496]	L_Src_Sup 2.4565e-01 (2.0093e-01)	L_Trg_Inj 3.0150e-01 (3.2358e-01)	Loss Disc 6.9260e-01 (6.9266e-01)	Loss Pred 5.2729e-01 (5.6297e-01)	Loss TOTAL 9.2831e-01 (9.6779e-01)
Epoch: [31][100/496]	L_Src_Sup 2.5536e-01 (2.0111e-01)	L_Trg_Inj 3.6653e-01 (3.2060e-01)	Loss Disc 6.9313e-01 (6.9267e-01)	Loss Pred 5.9191e-01 (5.6276e-01)	Loss TOTAL 1.0007e+00 (9.6677e-01)
Epoch: [31][110/496]	L_Src_Sup 1.8080e-01 (1.9940e-01)	L_Trg_Inj 3.1399e-01 (3.1410e-01)	Loss Disc 6.9296e-01 (6.9271e-01)	Loss Pred 5.4353e-01 (5.6344e-01)	Loss TOTAL 9.3949e-01 (9.6793e-01)
Epoch: [31][120/496]	L_Src_Sup 1.7825e-01 (2.0114e-01)	L_Trg_Inj 1.9604e-01 (3.0918e-01)	Loss Disc 6.9313e-01 (6.9274e-01)	Loss Pred 5.5390e-01 (5.6338e-01)	Loss TOTAL 9.3790e-01 (9.6815e-01)
Epoch: [31][130/496]	L_Src_Sup 2.3306e-01 (2.0393e-01)	L_Trg_Inj 3.3591e-01 (3.0612e-01)	Loss Disc 6.9272e-01 (6.9276e-01)	Loss Pred 5.4332e-01 (5.6257e-01)	Loss TOTAL 9.4658e-01 (9.6825e-01)
Epoch: [31][140/496]	L_Src_Sup 2.4043e-01 (2.0304e-01)	L_Trg_Inj 2.5626e-01 (3.0435e-01)	Loss Disc 6.9221e-01 (6.9275e-01)	Loss Pred 5.5942e-01 (5.6363e-01)	Loss TOTAL 9.5520e-01 (9.6844e-01)
Epoch: [31][150/496]	L_Src_Sup 1.3732e-01 (2.0238e-01)	L_Trg_Inj 3.5682e-01 (2.9956e-01)	Loss Disc 6.9222e-01 (6.9273e-01)	Loss Pred 5.4921e-01 (5.6341e-01)	Loss TOTAL 9.4474e-01 (9.6839e-01)
Epoch: [31][160/496]	L_Src_Sup 8.7920e-02 (2.0220e-01)	L_Trg_Inj 3.3525e-01 (3.0222e-01)	Loss Disc 6.9344e-01 (6.9273e-01)	Loss Pred 5.4871e-01 (5.6340e-01)	Loss TOTAL 9.3774e-01 (9.6825e-01)
Epoch: [31][170/496]	L_Src_Sup 2.2255e-01 (2.0445e-01)	L_Trg_Inj 4.1067e-01 (3.0885e-01)	Loss Disc 6.9473e-01 (6.9274e-01)	Loss Pred 5.5390e-01 (5.6319e-01)	Loss TOTAL 9.6459e-01 (9.6857e-01)
Epoch: [31][180/496]	L_Src_Sup 2.2682e-01 (2.0543e-01)	L_Trg_Inj 3.9145e-01 (3.1639e-01)	Loss Disc 6.9220e-01 (6.9272e-01)	Loss Pred 5.7523e-01 (5.6384e-01)	Loss TOTAL 9.8316e-01 (9.6963e-01)
Epoch: [31][190/496]	L_Src_Sup 1.7663e-01 (2.0600e-01)	L_Trg_Inj 4.3781e-01 (3.2013e-01)	Loss Disc 6.9252e-01 (6.9270e-01)	Loss Pred 5.4343e-01 (5.6405e-01)	Loss TOTAL 9.5113e-01 (9.6987e-01)
Epoch: [31][200/496]	L_Src_Sup 1.0858e-01 (2.0637e-01)	L_Trg_Inj 2.9064e-01 (3.1883e-01)	Loss Disc 6.9313e-01 (6.9271e-01)	Loss Pred 5.7601e-01 (5.6364e-01)	Loss TOTAL 9.6249e-01 (9.6964e-01)
Epoch: [31][210/496]	L_Src_Sup 1.6989e-01 (2.0628e-01)	L_Trg_Inj 2.3434e-01 (3.1931e-01)	Loss Disc 6.9440e-01 (6.9269e-01)	Loss Pred 5.2750e-01 (5.6377e-01)	Loss TOTAL 9.1513e-01 (9.6950e-01)
Epoch: [31][220/496]	L_Src_Sup 1.2245e-01 (2.0466e-01)	L_Trg_Inj 2.8350e-01 (3.1738e-01)	Loss Disc 6.9271e-01 (6.9270e-01)	Loss Pred 5.6980e-01 (5.6414e-01)	Loss TOTAL 9.5675e-01 (9.6959e-01)
Epoch: [31][230/496]	L_Src_Sup 1.8601e-01 (2.0486e-01)	L_Trg_Inj 4.0933e-01 (3.1647e-01)	Loss Disc 6.9251e-01 (6.9268e-01)	Loss Pred 5.2851e-01 (5.6355e-01)	Loss TOTAL 9.3430e-01 (9.6934e-01)
Epoch: [31][240/496]	L_Src_Sup 1.7010e-01 (2.0514e-01)	L_Trg_Inj 3.5698e-01 (3.1855e-01)	Loss Disc 6.9371e-01 (6.9267e-01)	Loss Pred 5.2760e-01 (5.6354e-01)	Loss TOTAL 9.2717e-01 (9.6925e-01)
Epoch: [31][250/496]	L_Src_Sup 1.5678e-01 (2.0389e-01)	L_Trg_Inj 1.9709e-01 (3.1714e-01)	Loss Disc 6.9134e-01 (6.9266e-01)	Loss Pred 5.5925e-01 (5.6365e-01)	Loss TOTAL 9.4030e-01 (9.6902e-01)
Epoch: [31][260/496]	L_Src_Sup 2.7456e-01 (2.0422e-01)	L_Trg_Inj 3.0403e-01 (3.1612e-01)	Loss Disc 6.9276e-01 (6.9265e-01)	Loss Pred 5.8582e-01 (5.6364e-01)	Loss TOTAL 9.9006e-01 (9.6870e-01)
Epoch: [31][270/496]	L_Src_Sup 1.6668e-01 (2.0395e-01)	L_Trg_Inj 2.8991e-01 (3.1617e-01)	Loss Disc 6.9245e-01 (6.9264e-01)	Loss Pred 5.8061e-01 (5.6355e-01)	Loss TOTAL 9.7249e-01 (9.6858e-01)
Epoch: [31][280/496]	L_Src_Sup 1.3897e-01 (2.0636e-01)	L_Trg_Inj 3.9785e-01 (3.1894e-01)	Loss Disc 6.9620e-01 (6.9265e-01)	Loss Pred 5.3251e-01 (5.6379e-01)	Loss TOTAL 9.3429e-01 (9.6973e-01)
Epoch: [31][290/496]	L_Src_Sup 2.5264e-01 (2.0686e-01)	L_Trg_Inj 4.0235e-01 (3.2120e-01)	Loss Disc 6.9119e-01 (6.9262e-01)	Loss Pred 5.4688e-01 (5.6424e-01)	Loss TOTAL 9.5797e-01 (9.7060e-01)
Epoch: [31][300/496]	L_Src_Sup 1.1739e-01 (2.0614e-01)	L_Trg_Inj 3.1382e-01 (3.2078e-01)	Loss Disc 6.9168e-01 (6.9261e-01)	Loss Pred 5.9648e-01 (5.6414e-01)	Loss TOTAL 9.8544e-01 (9.7051e-01)
Epoch: [31][310/496]	L_Src_Sup 1.4706e-01 (2.0611e-01)	L_Trg_Inj 3.7826e-01 (3.2262e-01)	Loss Disc 6.9149e-01 (6.9254e-01)	Loss Pred 5.8058e-01 (5.6408e-01)	Loss TOTAL 9.7886e-01 (9.7055e-01)
Epoch: [31][320/496]	L_Src_Sup 2.8072e-01 (2.0574e-01)	L_Trg_Inj 2.8553e-01 (3.2298e-01)	Loss Disc 6.9092e-01 (6.9250e-01)	Loss Pred 5.5986e-01 (5.6410e-01)	Loss TOTAL 9.6194e-01 (9.7032e-01)
Epoch: [31][330/496]	L_Src_Sup 3.1662e-01 (2.0604e-01)	L_Trg_Inj 2.3765e-01 (3.2209e-01)	Loss Disc 6.9359e-01 (6.9246e-01)	Loss Pred 5.8603e-01 (5.6417e-01)	Loss TOTAL 1.0672e+00 (9.7059e-01)
Epoch: [31][340/496]	L_Src_Sup 2.1440e-01 (2.0666e-01)	L_Trg_Inj 4.0481e-01 (3.2123e-01)	Loss Disc 6.9140e-01 (6.9245e-01)	Loss Pred 5.4366e-01 (5.6401e-01)	Loss TOTAL 9.5128e-01 (9.7037e-01)
Epoch: [31][350/496]	L_Src_Sup 1.6826e-01 (2.0734e-01)	L_Trg_Inj 2.1650e-01 (3.2220e-01)	Loss Disc 6.9244e-01 (6.9243e-01)	Loss Pred 5.2231e-01 (5.6344e-01)	Loss TOTAL 9.0701e-01 (9.7002e-01)
Epoch: [31][360/496]	L_Src_Sup 3.2159e-01 (2.0912e-01)	L_Trg_Inj 4.6101e-01 (3.2531e-01)	Loss Disc 6.9145e-01 (6.9242e-01)	Loss Pred 5.2189e-01 (5.6323e-01)	Loss TOTAL 9.4587e-01 (9.7013e-01)
Epoch: [31][370/496]	L_Src_Sup 2.1564e-01 (2.0913e-01)	L_Trg_Inj 2.0765e-01 (3.2687e-01)	Loss Disc 6.9349e-01 (6.9243e-01)	Loss Pred 5.4850e-01 (5.6319e-01)	Loss TOTAL 9.4557e-01 (9.7008e-01)
Epoch: [31][380/496]	L_Src_Sup 2.4316e-01 (2.0901e-01)	L_Trg_Inj 1.9166e-01 (3.2726e-01)	Loss Disc 6.9398e-01 (6.9243e-01)	Loss Pred 5.7217e-01 (5.6300e-01)	Loss TOTAL 1.0142e+00 (9.6986e-01)
Epoch: [31][390/496]	L_Src_Sup 1.8874e-01 (2.0966e-01)	L_Trg_Inj 3.5974e-01 (3.2845e-01)	Loss Disc 6.9262e-01 (6.9244e-01)	Loss Pred 5.2691e-01 (5.6305e-01)	Loss TOTAL 9.2807e-01 (9.7005e-01)
Epoch: [31][400/496]	L_Src_Sup 1.4752e-01 (2.0977e-01)	L_Trg_Inj 5.1324e-01 (3.2984e-01)	Loss Disc 6.9192e-01 (6.9245e-01)	Loss Pred 5.4325e-01 (5.6322e-01)	Loss TOTAL 9.5529e-01 (9.7020e-01)
Epoch: [31][410/496]	L_Src_Sup 2.5754e-01 (2.0935e-01)	L_Trg_Inj 3.9362e-01 (3.3026e-01)	Loss Disc 6.9285e-01 (6.9246e-01)	Loss Pred 5.5387e-01 (5.6318e-01)	Loss TOTAL 9.6541e-01 (9.7005e-01)
Epoch: [31][420/496]	L_Src_Sup 2.3417e-01 (2.0854e-01)	L_Trg_Inj 2.5143e-01 (3.2965e-01)	Loss Disc 6.9293e-01 (6.9247e-01)	Loss Pred 5.3239e-01 (5.6300e-01)	Loss TOTAL 9.2742e-01 (9.6957e-01)
Epoch: [31][430/496]	L_Src_Sup 2.2449e-01 (2.0849e-01)	L_Trg_Inj 2.4434e-01 (3.2790e-01)	Loss Disc 6.9312e-01 (6.9248e-01)	Loss Pred 5.7024e-01 (5.6291e-01)	Loss TOTAL 9.6369e-01 (9.6922e-01)
Epoch: [31][440/496]	L_Src_Sup 2.0627e-01 (2.0897e-01)	L_Trg_Inj 4.3828e-01 (3.2829e-01)	Loss Disc 6.9292e-01 (6.9248e-01)	Loss Pred 5.7616e-01 (5.6280e-01)	Loss TOTAL 9.8708e-01 (9.6935e-01)
Epoch: [31][450/496]	L_Src_Sup 1.6732e-01 (2.0881e-01)	L_Trg_Inj 2.8277e-01 (3.2901e-01)	Loss Disc 6.9309e-01 (6.9249e-01)	Loss Pred 5.6469e-01 (5.6260e-01)	Loss TOTAL 9.5625e-01 (9.6907e-01)
Epoch: [31][460/496]	L_Src_Sup 1.0753e-01 (2.0842e-01)	L_Trg_Inj 3.1841e-01 (3.2833e-01)	Loss Disc 6.9318e-01 (6.9250e-01)	Loss Pred 5.9754e-01 (5.6264e-01)	Loss TOTAL 9.8672e-01 (9.6911e-01)
Epoch: [31][470/496]	L_Src_Sup 1.9007e-01 (2.0846e-01)	L_Trg_Inj 3.2731e-01 (3.2792e-01)	Loss Disc 6.9232e-01 (6.9249e-01)	Loss Pred 5.3180e-01 (5.6227e-01)	Loss TOTAL 9.2970e-01 (9.6873e-01)
Epoch: [31][480/496]	L_Src_Sup 2.0425e-01 (2.0806e-01)	L_Trg_Inj 3.8048e-01 (3.2762e-01)	Loss Disc 6.9265e-01 (6.9250e-01)	Loss Pred 5.7019e-01 (5.6236e-01)	Loss TOTAL 9.7499e-01 (9.6864e-01)
Epoch: [31][490/496]	L_Src_Sup 1.6326e-01 (2.0820e-01)	L_Trg_Inj 3.3985e-01 (3.2726e-01)	Loss Disc 6.9217e-01 (6.9251e-01)	Loss Pred 5.7023e-01 (5.6230e-01)	Loss TOTAL 9.6663e-01 (9.6856e-01)
Epoch: [31][496/496]	L_Src_Sup 1.9846e-01 (2.0884e-01)	L_Trg_Inj 3.1936e-01 (3.2737e-01)	Loss Disc 6.9136e-01 (6.9251e-01)	Loss Pred 5.0986e-01 (5.6204e-01)	Loss TOTAL 9.0732e-01 (9.6830e-01)
Epoch 31 complete. Saving model state...
Epoch: [32][ 10/496]	L_Src_Sup 3.8330e-01 (2.3339e-01)	L_Trg_Inj 3.2104e-01 (3.3891e-01)	Loss Disc 6.9244e-01 (6.9261e-01)	Loss Pred 5.3703e-01 (5.5873e-01)	Loss TOTAL 1.0159e+00 (9.7357e-01)
Epoch: [32][ 20/496]	L_Src_Sup 4.1666e-02 (2.2538e-01)	L_Trg_Inj 3.5410e-01 (3.3412e-01)	Loss Disc 6.9281e-01 (6.9270e-01)	Loss Pred 5.8140e-01 (5.6300e-01)	Loss TOTAL 9.6738e-01 (9.7503e-01)
Epoch: [32][ 30/496]	L_Src_Sup 1.6161e-01 (2.1108e-01)	L_Trg_Inj 2.6811e-01 (3.3534e-01)	Loss Disc 6.9307e-01 (6.9281e-01)	Loss Pred 5.6473e-01 (5.6492e-01)	Loss TOTAL 9.5424e-01 (9.7309e-01)
Epoch: [32][ 40/496]	L_Src_Sup 2.0947e-01 (2.2016e-01)	L_Trg_Inj 2.0069e-01 (3.3036e-01)	Loss Disc 6.9209e-01 (6.9276e-01)	Loss Pred 5.3211e-01 (5.6129e-01)	Loss TOTAL 9.2795e-01 (9.7122e-01)
Epoch: [32][ 50/496]	L_Src_Sup 2.2693e-01 (2.1352e-01)	L_Trg_Inj 3.3723e-01 (3.2832e-01)	Loss Disc 6.9336e-01 (6.9278e-01)	Loss Pred 5.7576e-01 (5.6053e-01)	Loss TOTAL 9.7885e-01 (9.6917e-01)
Epoch: [32][ 60/496]	L_Src_Sup 1.9156e-01 (2.0988e-01)	L_Trg_Inj 2.6645e-01 (3.2227e-01)	Loss Disc 6.9319e-01 (6.9280e-01)	Loss Pred 5.9242e-01 (5.6089e-01)	Loss TOTAL 9.8481e-01 (9.6722e-01)
Epoch: [32][ 70/496]	L_Src_Sup 9.7088e-02 (2.0586e-01)	L_Trg_Inj 3.0926e-01 (3.1344e-01)	Loss Disc 6.9260e-01 (6.9282e-01)	Loss Pred 5.4322e-01 (5.5975e-01)	Loss TOTAL 9.3016e-01 (9.6420e-01)
Epoch: [32][ 80/496]	L_Src_Sup 1.8559e-01 (2.0911e-01)	L_Trg_Inj 2.1973e-01 (3.1550e-01)	Loss Disc 6.9346e-01 (6.9284e-01)	Loss Pred 5.7562e-01 (5.6066e-01)	Loss TOTAL 9.6288e-01 (9.6528e-01)
Epoch: [32][ 90/496]	L_Src_Sup 2.1290e-01 (2.1077e-01)	L_Trg_Inj 4.5096e-01 (3.1628e-01)	Loss Disc 6.9271e-01 (6.9285e-01)	Loss Pred 5.9189e-01 (5.6208e-01)	Loss TOTAL 1.0046e+00 (9.6651e-01)
Epoch: [32][100/496]	L_Src_Sup 1.9307e-01 (2.0793e-01)	L_Trg_Inj 3.8441e-01 (3.2117e-01)	Loss Disc 6.9278e-01 (6.9285e-01)	Loss Pred 5.5920e-01 (5.6272e-01)	Loss TOTAL 9.6334e-01 (9.6698e-01)
Epoch: [32][110/496]	L_Src_Sup 1.8753e-01 (2.0851e-01)	L_Trg_Inj 3.0092e-01 (3.2221e-01)	Loss Disc 6.9295e-01 (6.9286e-01)	Loss Pred 5.8089e-01 (5.6254e-01)	Loss TOTAL 9.7621e-01 (9.6652e-01)
Epoch: [32][120/496]	L_Src_Sup 2.1511e-01 (2.0614e-01)	L_Trg_Inj 3.1092e-01 (3.2288e-01)	Loss Disc 6.9295e-01 (6.9286e-01)	Loss Pred 5.9722e-01 (5.6282e-01)	Loss TOTAL 9.9630e-01 (9.6628e-01)
Epoch: [32][130/496]	L_Src_Sup 2.2921e-01 (2.0626e-01)	L_Trg_Inj 3.1110e-01 (3.1814e-01)	Loss Disc 6.9240e-01 (6.9285e-01)	Loss Pred 5.8119e-01 (5.6401e-01)	Loss TOTAL 9.8142e-01 (9.6749e-01)
Epoch: [32][140/496]	L_Src_Sup 1.4149e-01 (2.0619e-01)	L_Trg_Inj 3.8124e-01 (3.2170e-01)	Loss Disc 6.9310e-01 (6.9285e-01)	Loss Pred 5.6459e-01 (5.6424e-01)	Loss TOTAL 9.6342e-01 (9.6775e-01)
Epoch: [32][150/496]	L_Src_Sup 2.8378e-01 (2.0636e-01)	L_Trg_Inj 2.7605e-01 (3.1820e-01)	Loss Disc 6.9378e-01 (6.9286e-01)	Loss Pred 5.6461e-01 (5.6472e-01)	Loss TOTAL 9.7521e-01 (9.6793e-01)
Epoch: [32][160/496]	L_Src_Sup 1.5409e-01 (2.0611e-01)	L_Trg_Inj 3.5580e-01 (3.1878e-01)	Loss Disc 6.9291e-01 (6.9286e-01)	Loss Pred 6.0646e-01 (5.6513e-01)	Loss TOTAL 1.0039e+00 (9.6855e-01)
Epoch: [32][170/496]	L_Src_Sup 2.4506e-01 (2.0501e-01)	L_Trg_Inj 4.4065e-01 (3.1942e-01)	Loss Disc 6.9230e-01 (6.9286e-01)	Loss Pred 5.6974e-01 (5.6534e-01)	Loss TOTAL 9.8446e-01 (9.6854e-01)
Epoch: [32][180/496]	L_Src_Sup 1.9228e-01 (2.0322e-01)	L_Trg_Inj 2.3748e-01 (3.1982e-01)	Loss Disc 6.9395e-01 (6.9286e-01)	Loss Pred 5.3833e-01 (5.6455e-01)	Loss TOTAL 9.2828e-01 (9.6737e-01)
Epoch: [32][190/496]	L_Src_Sup 1.4167e-01 (2.0360e-01)	L_Trg_Inj 1.6420e-01 (3.2172e-01)	Loss Disc 6.9349e-01 (6.9285e-01)	Loss Pred 4.9079e-01 (5.6414e-01)	Loss TOTAL 8.6812e-01 (9.6716e-01)
Epoch: [32][200/496]	L_Src_Sup 3.1586e-01 (2.0273e-01)	L_Trg_Inj 2.5841e-01 (3.1968e-01)	Loss Disc 6.9293e-01 (6.9286e-01)	Loss Pred 5.8586e-01 (5.6430e-01)	Loss TOTAL 1.0472e+00 (9.6713e-01)
Epoch: [32][210/496]	L_Src_Sup 1.6496e-01 (2.0233e-01)	L_Trg_Inj 2.9560e-01 (3.2106e-01)	Loss Disc 6.9323e-01 (6.9285e-01)	Loss Pred 5.7524e-01 (5.6374e-01)	Loss TOTAL 9.6791e-01 (9.6669e-01)
Epoch: [32][220/496]	L_Src_Sup 2.8878e-01 (2.0299e-01)	L_Trg_Inj 2.7452e-01 (3.2017e-01)	Loss Disc 6.9279e-01 (6.9285e-01)	Loss Pred 5.2156e-01 (5.6297e-01)	Loss TOTAL 9.3854e-01 (9.6631e-01)
Epoch: [32][230/496]	L_Src_Sup 1.8980e-01 (2.0221e-01)	L_Trg_Inj 1.8087e-01 (3.2146e-01)	Loss Disc 6.9339e-01 (6.9284e-01)	Loss Pred 5.8652e-01 (5.6267e-01)	Loss TOTAL 9.7922e-01 (9.6589e-01)
Epoch: [32][240/496]	L_Src_Sup 2.6115e-01 (2.0299e-01)	L_Trg_Inj 3.2528e-01 (3.2040e-01)	Loss Disc 6.9274e-01 (6.9284e-01)	Loss Pred 5.1557e-01 (5.6219e-01)	Loss TOTAL 9.2058e-01 (9.6583e-01)
Epoch: [32][250/496]	L_Src_Sup 2.4789e-01 (2.0341e-01)	L_Trg_Inj 2.7713e-01 (3.2007e-01)	Loss Disc 6.9276e-01 (6.9284e-01)	Loss Pred 5.3181e-01 (5.6205e-01)	Loss TOTAL 9.3069e-01 (9.6550e-01)
Epoch: [32][260/496]	L_Src_Sup 2.3165e-01 (2.0256e-01)	L_Trg_Inj 3.0656e-01 (3.1875e-01)	Loss Disc 6.9195e-01 (6.9283e-01)	Loss Pred 5.8654e-01 (5.6220e-01)	Loss TOTAL 9.8634e-01 (9.6568e-01)
Epoch: [32][270/496]	L_Src_Sup 2.1576e-01 (2.0101e-01)	L_Trg_Inj 2.2560e-01 (3.1782e-01)	Loss Disc 6.9414e-01 (6.9280e-01)	Loss Pred 5.4823e-01 (5.6210e-01)	Loss TOTAL 9.3944e-01 (9.6513e-01)
Epoch: [32][280/496]	L_Src_Sup 3.1867e-01 (2.0143e-01)	L_Trg_Inj 2.5703e-01 (3.1685e-01)	Loss Disc 6.9306e-01 (6.9280e-01)	Loss Pred 5.5381e-01 (5.6230e-01)	Loss TOTAL 1.0195e+00 (9.6570e-01)
Epoch: [32][290/496]	L_Src_Sup 2.3922e-01 (2.0069e-01)	L_Trg_Inj 2.7061e-01 (3.1645e-01)	Loss Disc 6.9170e-01 (6.9279e-01)	Loss Pred 6.0301e-01 (5.6212e-01)	Loss TOTAL 9.9984e-01 (9.6522e-01)
Epoch: [32][300/496]	L_Src_Sup 1.8362e-01 (1.9998e-01)	L_Trg_Inj 2.6691e-01 (3.1472e-01)	Loss Disc 6.9364e-01 (6.9278e-01)	Loss Pred 5.7018e-01 (5.6225e-01)	Loss TOTAL 9.6205e-01 (9.6503e-01)
Epoch: [32][310/496]	L_Src_Sup 2.5233e-01 (1.9919e-01)	L_Trg_Inj 2.2936e-01 (3.1233e-01)	Loss Disc 6.9405e-01 (6.9279e-01)	Loss Pred 5.4306e-01 (5.6226e-01)	Loss TOTAL 9.6122e-01 (9.6495e-01)
Epoch: [32][320/496]	L_Src_Sup 2.5374e-01 (2.0000e-01)	L_Trg_Inj 1.7467e-01 (3.1254e-01)	Loss Disc 6.9279e-01 (6.9280e-01)	Loss Pred 6.0415e-01 (5.6206e-01)	Loss TOTAL 1.0725e+00 (9.6515e-01)
Epoch: [32][330/496]	L_Src_Sup 2.3745e-01 (1.9962e-01)	L_Trg_Inj 2.2586e-01 (3.1138e-01)	Loss Disc 6.9349e-01 (6.9280e-01)	Loss Pred 5.0481e-01 (5.6188e-01)	Loss TOTAL 9.0947e-01 (9.6469e-01)
Epoch: [32][340/496]	L_Src_Sup 1.4166e-01 (1.9985e-01)	L_Trg_Inj 3.3624e-01 (3.1042e-01)	Loss Disc 6.9185e-01 (6.9279e-01)	Loss Pred 5.6010e-01 (5.6218e-01)	Loss TOTAL 9.5382e-01 (9.6545e-01)
Epoch: [32][350/496]	L_Src_Sup 2.1572e-01 (1.9948e-01)	L_Trg_Inj 3.3791e-01 (3.1136e-01)	Loss Disc 6.9148e-01 (6.9276e-01)	Loss Pred 5.4850e-01 (5.6223e-01)	Loss TOTAL 9.4960e-01 (9.6537e-01)
Epoch: [32][360/496]	L_Src_Sup 2.2976e-01 (2.0018e-01)	L_Trg_Inj 2.8272e-01 (3.1135e-01)	Loss Disc 6.9117e-01 (6.9274e-01)	Loss Pred 5.8099e-01 (5.6215e-01)	Loss TOTAL 9.7782e-01 (9.6537e-01)
Epoch: [32][370/496]	L_Src_Sup 1.6841e-01 (1.9995e-01)	L_Trg_Inj 2.9775e-01 (3.1277e-01)	Loss Disc 6.9041e-01 (6.9273e-01)	Loss Pred 5.8640e-01 (5.6201e-01)	Loss TOTAL 9.7822e-01 (9.6520e-01)
Epoch: [32][380/496]	L_Src_Sup 2.2233e-01 (2.0011e-01)	L_Trg_Inj 2.4682e-01 (3.1327e-01)	Loss Disc 6.9110e-01 (6.9272e-01)	Loss Pred 6.1424e-01 (5.6178e-01)	Loss TOTAL 1.0067e+00 (9.6494e-01)
Epoch: [32][390/496]	L_Src_Sup 1.0023e-01 (2.0031e-01)	L_Trg_Inj 5.5024e-01 (3.1389e-01)	Loss Disc 6.9088e-01 (6.9271e-01)	Loss Pred 5.6088e-01 (5.6148e-01)	Loss TOTAL 9.7137e-01 (9.6459e-01)
Epoch: [32][400/496]	L_Src_Sup 2.2395e-01 (2.0025e-01)	L_Trg_Inj 2.8157e-01 (3.1562e-01)	Loss Disc 6.9290e-01 (6.9270e-01)	Loss Pred 5.6484e-01 (5.6150e-01)	Loss TOTAL 9.6184e-01 (9.6464e-01)
Epoch: [32][410/496]	L_Src_Sup 1.3999e-01 (1.9951e-01)	L_Trg_Inj 2.4339e-01 (3.1449e-01)	Loss Disc 6.9172e-01 (6.9267e-01)	Loss Pred 5.5911e-01 (5.6162e-01)	Loss TOTAL 9.4331e-01 (9.6453e-01)
Epoch: [32][420/496]	L_Src_Sup 1.4895e-01 (1.9909e-01)	L_Trg_Inj 3.6541e-01 (3.1470e-01)	Loss Disc 6.8918e-01 (6.9264e-01)	Loss Pred 5.9243e-01 (5.6162e-01)	Loss TOTAL 9.8845e-01 (9.6440e-01)
Epoch: [32][430/496]	L_Src_Sup 2.9363e-01 (1.9952e-01)	L_Trg_Inj 1.9921e-01 (3.1405e-01)	Loss Disc 6.9041e-01 (6.9255e-01)	Loss Pred 5.5376e-01 (5.6150e-01)	Loss TOTAL 1.0427e+00 (9.6448e-01)
Epoch: [32][440/496]	L_Src_Sup 2.2748e-01 (1.9978e-01)	L_Trg_Inj 6.0451e-01 (3.1652e-01)	Loss Disc 6.7682e-01 (6.9237e-01)	Loss Pred 5.7623e-01 (5.6163e-01)	Loss TOTAL 9.9784e-01 (9.6475e-01)
Epoch: [32][450/496]	L_Src_Sup 2.0488e-01 (1.9956e-01)	L_Trg_Inj 3.6189e-01 (3.1864e-01)	Loss Disc 6.8441e-01 (6.9209e-01)	Loss Pred 5.6493e-01 (5.6177e-01)	Loss TOTAL 9.6381e-01 (9.6483e-01)
Epoch: [32][460/496]	L_Src_Sup 2.2761e-01 (1.9905e-01)	L_Trg_Inj 2.2558e-01 (3.1686e-01)	Loss Disc 6.8820e-01 (6.9209e-01)	Loss Pred 5.7548e-01 (5.6176e-01)	Loss TOTAL 9.6693e-01 (9.6472e-01)
Epoch: [32][470/496]	L_Src_Sup 1.4733e-01 (1.9832e-01)	L_Trg_Inj 5.4105e-01 (3.1724e-01)	Loss Disc 6.9140e-01 (6.9206e-01)	Loss Pred 5.8617e-01 (5.6188e-01)	Loss TOTAL 1.0007e+00 (9.6473e-01)
Epoch: [32][480/496]	L_Src_Sup 8.2879e-02 (1.9829e-01)	L_Trg_Inj 3.9837e-01 (3.1746e-01)	Loss Disc 6.9130e-01 (6.9204e-01)	Loss Pred 5.7527e-01 (5.6201e-01)	Loss TOTAL 9.6905e-01 (9.6493e-01)
Epoch: [32][490/496]	L_Src_Sup 1.6829e-01 (1.9798e-01)	L_Trg_Inj 2.3994e-01 (3.1692e-01)	Loss Disc 6.9381e-01 (6.9202e-01)	Loss Pred 5.2163e-01 (5.6197e-01)	Loss TOTAL 9.0936e-01 (9.6482e-01)
Epoch: [32][496/496]	L_Src_Sup 2.7675e-01 (1.9827e-01)	L_Trg_Inj 3.2711e-01 (3.1709e-01)	Loss Disc 6.9126e-01 (6.9201e-01)	Loss Pred 5.9148e-01 (5.6198e-01)	Loss TOTAL 9.9750e-01 (9.6482e-01)
Epoch 32 complete. Saving model state...
Epoch: [33][ 10/496]	L_Src_Sup 1.3222e-01 (1.4862e-01)	L_Trg_Inj 3.1934e-01 (2.6992e-01)	Loss Disc 6.9555e-01 (6.9255e-01)	Loss Pred 5.2685e-01 (5.5649e-01)	Loss TOTAL 9.1977e-01 (9.4575e-01)
Epoch: [33][ 20/496]	L_Src_Sup 2.1155e-01 (1.7198e-01)	L_Trg_Inj 3.6045e-01 (2.6577e-01)	Loss Disc 6.8944e-01 (6.9132e-01)	Loss Pred 5.8643e-01 (5.6730e-01)	Loss TOTAL 9.8835e-01 (9.6319e-01)
Epoch: [33][ 30/496]	L_Src_Sup 1.4305e-01 (1.9103e-01)	L_Trg_Inj 2.0248e-01 (2.7139e-01)	Loss Disc 6.8819e-01 (6.9144e-01)	Loss Pred 5.6999e-01 (5.6523e-01)	Loss TOTAL 9.4863e-01 (9.6994e-01)
Epoch: [33][ 40/496]	L_Src_Sup 1.9333e-01 (1.9622e-01)	L_Trg_Inj 3.4996e-01 (2.9135e-01)	Loss Disc 6.8850e-01 (6.9104e-01)	Loss Pred 5.3791e-01 (5.6374e-01)	Loss TOTAL 9.3649e-01 (9.6856e-01)
Epoch: [33][ 50/496]	L_Src_Sup 2.1243e-01 (1.9688e-01)	L_Trg_Inj 4.0911e-01 (3.1345e-01)	Loss Disc 6.8555e-01 (6.9032e-01)	Loss Pred 5.3225e-01 (5.6157e-01)	Loss TOTAL 9.3718e-01 (9.6717e-01)
Epoch: [33][ 60/496]	L_Src_Sup 1.0131e-01 (1.9631e-01)	L_Trg_Inj 3.1333e-01 (3.2037e-01)	Loss Disc 6.8906e-01 (6.8961e-01)	Loss Pred 5.6523e-01 (5.6071e-01)	Loss TOTAL 9.5122e-01 (9.6614e-01)
Epoch: [33][ 70/496]	L_Src_Sup 2.6694e-01 (2.0462e-01)	L_Trg_Inj 3.0519e-01 (3.2903e-01)	Loss Disc 6.9023e-01 (6.8904e-01)	Loss Pred 5.3232e-01 (5.6259e-01)	Loss TOTAL 9.3465e-01 (9.6879e-01)
Epoch: [33][ 80/496]	L_Src_Sup 1.6838e-01 (2.0612e-01)	L_Trg_Inj 2.7905e-01 (3.3161e-01)	Loss Disc 6.9352e-01 (6.8860e-01)	Loss Pred 5.2688e-01 (5.6170e-01)	Loss TOTAL 9.1838e-01 (9.6777e-01)
Epoch: [33][ 90/496]	L_Src_Sup 2.4748e-01 (2.0799e-01)	L_Trg_Inj 4.9193e-01 (3.3782e-01)	Loss Disc 6.8304e-01 (6.8774e-01)	Loss Pred 5.7519e-01 (5.6382e-01)	Loss TOTAL 9.9065e-01 (9.6963e-01)
Epoch: [33][100/496]	L_Src_Sup 2.1158e-01 (2.0746e-01)	L_Trg_Inj 3.2807e-01 (3.3574e-01)	Loss Disc 6.8841e-01 (6.8738e-01)	Loss Pred 5.3849e-01 (5.6354e-01)	Loss TOTAL 9.3666e-01 (9.6876e-01)
Epoch: [33][110/496]	L_Src_Sup 1.2230e-01 (2.0791e-01)	L_Trg_Inj 3.9757e-01 (3.3644e-01)	Loss Disc 6.8701e-01 (6.8742e-01)	Loss Pred 5.6477e-01 (5.6427e-01)	Loss TOTAL 9.6026e-01 (9.6898e-01)
Epoch: [33][120/496]	L_Src_Sup 1.9255e-01 (2.0712e-01)	L_Trg_Inj 1.3532e-01 (3.3308e-01)	Loss Disc 6.9442e-01 (6.8797e-01)	Loss Pred 5.3780e-01 (5.6324e-01)	Loss TOTAL 9.7502e-01 (9.6823e-01)
Epoch: [33][130/496]	L_Src_Sup 2.6538e-01 (2.0585e-01)	L_Trg_Inj 3.9395e-01 (3.3034e-01)	Loss Disc 6.8943e-01 (6.8812e-01)	Loss Pred 5.6992e-01 (5.6297e-01)	Loss TOTAL 9.8057e-01 (9.6828e-01)
Epoch: [33][140/496]	L_Src_Sup 2.0569e-01 (2.0851e-01)	L_Trg_Inj 3.5781e-01 (3.2975e-01)	Loss Disc 6.8531e-01 (6.8823e-01)	Loss Pred 5.6999e-01 (5.6275e-01)	Loss TOTAL 9.6900e-01 (9.6968e-01)
Epoch: [33][150/496]	L_Src_Sup 2.1569e-01 (2.0855e-01)	L_Trg_Inj 3.5489e-01 (3.3040e-01)	Loss Disc 6.8892e-01 (6.8828e-01)	Loss Pred 5.3748e-01 (5.6155e-01)	Loss TOTAL 9.3899e-01 (9.6797e-01)
Epoch: [33][160/496]	L_Src_Sup 1.3379e-01 (2.0714e-01)	L_Trg_Inj 3.7535e-01 (3.2941e-01)	Loss Disc 6.9172e-01 (6.8799e-01)	Loss Pred 5.3177e-01 (5.6069e-01)	Loss TOTAL 9.2854e-01 (9.6639e-01)
Epoch: [33][170/496]	L_Src_Sup 2.6293e-01 (2.0825e-01)	L_Trg_Inj 3.5030e-01 (3.3121e-01)	Loss Disc 6.7723e-01 (6.8745e-01)	Loss Pred 5.6465e-01 (5.6108e-01)	Loss TOTAL 9.6459e-01 (9.6651e-01)
Epoch: [33][180/496]	L_Src_Sup 1.4536e-01 (2.0746e-01)	L_Trg_Inj 2.1876e-01 (3.3096e-01)	Loss Disc 6.7689e-01 (6.8693e-01)	Loss Pred 5.7559e-01 (5.6135e-01)	Loss TOTAL 9.5045e-01 (9.6599e-01)
Epoch: [33][190/496]	L_Src_Sup 2.0387e-01 (2.0841e-01)	L_Trg_Inj 3.9234e-01 (3.2958e-01)	Loss Disc 6.9114e-01 (6.8678e-01)	Loss Pred 5.6105e-01 (5.6146e-01)	Loss TOTAL 9.6624e-01 (9.6690e-01)
Epoch: [33][200/496]	L_Src_Sup 1.9956e-01 (2.0761e-01)	L_Trg_Inj 3.5880e-01 (3.2715e-01)	Loss Disc 6.9071e-01 (6.8694e-01)	Loss Pred 5.3767e-01 (5.6111e-01)	Loss TOTAL 9.3886e-01 (9.6624e-01)
Epoch: [33][210/496]	L_Src_Sup 2.1511e-01 (2.0885e-01)	L_Trg_Inj 5.4259e-01 (3.2936e-01)	Loss Disc 6.7647e-01 (6.8684e-01)	Loss Pred 5.9739e-01 (5.6138e-01)	Loss TOTAL 1.0114e+00 (9.6676e-01)
Epoch: [33][220/496]	L_Src_Sup 2.5269e-01 (2.0963e-01)	L_Trg_Inj 3.2224e-01 (3.3016e-01)	Loss Disc 6.8999e-01 (6.8682e-01)	Loss Pred 5.8643e-01 (5.6166e-01)	Loss TOTAL 9.8892e-01 (9.6693e-01)
Epoch: [33][230/496]	L_Src_Sup 2.6930e-01 (2.0929e-01)	L_Trg_Inj 3.3236e-01 (3.3128e-01)	Loss Disc 6.8617e-01 (6.8706e-01)	Loss Pred 5.3746e-01 (5.6135e-01)	Loss TOTAL 9.4071e-01 (9.6650e-01)
Epoch: [33][240/496]	L_Src_Sup 1.6162e-01 (2.0886e-01)	L_Trg_Inj 2.9397e-01 (3.3075e-01)	Loss Disc 6.9772e-01 (6.8729e-01)	Loss Pred 5.6457e-01 (5.6110e-01)	Loss TOTAL 9.5899e-01 (9.6647e-01)
Epoch: [33][250/496]	L_Src_Sup 1.6855e-01 (2.0839e-01)	L_Trg_Inj 4.3855e-01 (3.3137e-01)	Loss Disc 6.9815e-01 (6.8741e-01)	Loss Pred 5.8649e-01 (5.6116e-01)	Loss TOTAL 9.9627e-01 (9.6629e-01)
Epoch: [33][260/496]	L_Src_Sup 1.1781e-01 (2.0685e-01)	L_Trg_Inj 2.8970e-01 (3.3048e-01)	Loss Disc 6.8788e-01 (6.8752e-01)	Loss Pred 5.4816e-01 (5.6104e-01)	Loss TOTAL 9.3286e-01 (9.6569e-01)
Epoch: [33][270/496]	L_Src_Sup 2.3159e-01 (2.0704e-01)	L_Trg_Inj 2.7158e-01 (3.2927e-01)	Loss Disc 6.8720e-01 (6.8765e-01)	Loss Pred 5.8622e-01 (5.6157e-01)	Loss TOTAL 9.8014e-01 (9.6602e-01)
Epoch: [33][280/496]	L_Src_Sup 2.1792e-01 (2.0702e-01)	L_Trg_Inj 2.4802e-01 (3.2712e-01)	Loss Disc 6.9484e-01 (6.8784e-01)	Loss Pred 5.5360e-01 (5.6088e-01)	Loss TOTAL 9.4762e-01 (9.6539e-01)
Epoch: [33][290/496]	L_Src_Sup 2.5001e-01 (2.0667e-01)	L_Trg_Inj 2.5661e-01 (3.2460e-01)	Loss Disc 6.9374e-01 (6.8801e-01)	Loss Pred 5.3694e-01 (5.6057e-01)	Loss TOTAL 9.3447e-01 (9.6548e-01)
Epoch: [33][300/496]	L_Src_Sup 1.8751e-01 (2.0671e-01)	L_Trg_Inj 2.8702e-01 (3.2498e-01)	Loss Disc 6.9143e-01 (6.8810e-01)	Loss Pred 5.8107e-01 (5.6110e-01)	Loss TOTAL 9.7424e-01 (9.6595e-01)
Epoch: [33][310/496]	L_Src_Sup 1.5300e-01 (2.0583e-01)	L_Trg_Inj 1.5779e-01 (3.2460e-01)	Loss Disc 6.9510e-01 (6.8824e-01)	Loss Pred 5.3194e-01 (5.6090e-01)	Loss TOTAL 9.1057e-01 (9.6545e-01)
Epoch: [33][320/496]	L_Src_Sup 1.8769e-01 (2.0573e-01)	L_Trg_Inj 3.4306e-01 (3.2311e-01)	Loss Disc 6.8478e-01 (6.8826e-01)	Loss Pred 5.8100e-01 (5.6116e-01)	Loss TOTAL 9.7647e-01 (9.6555e-01)
Epoch: [33][330/496]	L_Src_Sup 2.4250e-01 (2.0604e-01)	L_Trg_Inj 1.7769e-01 (3.2186e-01)	Loss Disc 6.9100e-01 (6.8830e-01)	Loss Pred 5.6460e-01 (5.6160e-01)	Loss TOTAL 1.0169e+00 (9.6589e-01)
Epoch: [33][340/496]	L_Src_Sup 2.6908e-01 (2.0592e-01)	L_Trg_Inj 3.7938e-01 (3.2079e-01)	Loss Disc 6.8596e-01 (6.8831e-01)	Loss Pred 5.7548e-01 (5.6145e-01)	Loss TOTAL 9.8330e-01 (9.6565e-01)
Epoch: [33][350/496]	L_Src_Sup 3.0323e-01 (2.0591e-01)	L_Trg_Inj 2.8955e-01 (3.1905e-01)	Loss Disc 6.8564e-01 (6.8830e-01)	Loss Pred 5.4385e-01 (5.6129e-01)	Loss TOTAL 9.5962e-01 (9.6580e-01)
Epoch: [33][360/496]	L_Src_Sup 1.2446e-01 (2.0541e-01)	L_Trg_Inj 2.5077e-01 (3.1927e-01)	Loss Disc 6.8361e-01 (6.8830e-01)	Loss Pred 5.7565e-01 (5.6129e-01)	Loss TOTAL 9.5497e-01 (9.6556e-01)
Epoch: [33][370/496]	L_Src_Sup 2.5111e-01 (2.0600e-01)	L_Trg_Inj 3.2408e-01 (3.2041e-01)	Loss Disc 6.7923e-01 (6.8814e-01)	Loss Pred 5.8081e-01 (5.6157e-01)	Loss TOTAL 9.7794e-01 (9.6582e-01)
Epoch: [33][380/496]	L_Src_Sup 1.5058e-01 (2.0520e-01)	L_Trg_Inj 3.4812e-01 (3.2132e-01)	Loss Disc 6.7530e-01 (6.8804e-01)	Loss Pred 5.9692e-01 (5.6171e-01)	Loss TOTAL 9.8443e-01 (9.6576e-01)
Epoch: [33][390/496]	L_Src_Sup 2.4249e-01 (2.0544e-01)	L_Trg_Inj 2.7806e-01 (3.2187e-01)	Loss Disc 6.8228e-01 (6.8791e-01)	Loss Pred 5.6458e-01 (5.6184e-01)	Loss TOTAL 9.5777e-01 (9.6631e-01)
Epoch: [33][400/496]	L_Src_Sup 1.7752e-01 (2.0519e-01)	L_Trg_Inj 4.4223e-01 (3.2324e-01)	Loss Disc 6.8799e-01 (6.8787e-01)	Loss Pred 5.4410e-01 (5.6179e-01)	Loss TOTAL 9.5007e-01 (9.6640e-01)
Epoch: [33][410/496]	L_Src_Sup 1.6635e-01 (2.0540e-01)	L_Trg_Inj 2.2518e-01 (3.2265e-01)	Loss Disc 6.8671e-01 (6.8788e-01)	Loss Pred 5.7545e-01 (5.6192e-01)	Loss TOTAL 9.5796e-01 (9.6631e-01)
Epoch: [33][420/496]	L_Src_Sup 1.5711e-01 (2.0479e-01)	L_Trg_Inj 2.6937e-01 (3.2110e-01)	Loss Disc 6.9462e-01 (6.8793e-01)	Loss Pred 5.4857e-01 (5.6183e-01)	Loss TOTAL 9.3853e-01 (9.6605e-01)
Epoch: [33][430/496]	L_Src_Sup 1.1252e-01 (2.0446e-01)	L_Trg_Inj 3.6193e-01 (3.1877e-01)	Loss Disc 6.7702e-01 (6.8782e-01)	Loss Pred 6.1342e-01 (5.6207e-01)	Loss TOTAL 9.9938e-01 (9.6615e-01)
Epoch: [33][440/496]	L_Src_Sup 2.1337e-01 (2.0447e-01)	L_Trg_Inj 3.4537e-01 (3.1910e-01)	Loss Disc 6.8874e-01 (6.8781e-01)	Loss Pred 5.5466e-01 (5.6191e-01)	Loss TOTAL 9.5490e-01 (9.6607e-01)
Epoch: [33][450/496]	L_Src_Sup 1.7974e-01 (2.0394e-01)	L_Trg_Inj 1.4344e-01 (3.1920e-01)	Loss Disc 7.0508e-01 (6.8775e-01)	Loss Pred 4.9563e-01 (5.6196e-01)	Loss TOTAL 9.1678e-01 (9.6609e-01)
Epoch: [33][460/496]	L_Src_Sup 8.0904e-02 (2.0339e-01)	L_Trg_Inj 2.0417e-01 (3.1834e-01)	Loss Disc 6.8724e-01 (6.8776e-01)	Loss Pred 5.6452e-01 (5.6192e-01)	Loss TOTAL 9.3665e-01 (9.6582e-01)
Epoch: [33][470/496]	L_Src_Sup 1.5550e-01 (2.0329e-01)	L_Trg_Inj 2.7755e-01 (3.1801e-01)	Loss Disc 6.8552e-01 (6.8775e-01)	Loss Pred 5.4329e-01 (5.6186e-01)	Loss TOTAL 9.2935e-01 (9.6559e-01)
Epoch: [33][480/496]	L_Src_Sup 2.0568e-01 (2.0313e-01)	L_Trg_Inj 2.2121e-01 (3.1713e-01)	Loss Disc 6.9143e-01 (6.8771e-01)	Loss Pred 5.2209e-01 (5.6199e-01)	Loss TOTAL 9.1049e-01 (9.6554e-01)
Epoch: [33][490/496]	L_Src_Sup 1.8392e-01 (2.0256e-01)	L_Trg_Inj 2.8626e-01 (3.1749e-01)	Loss Disc 6.9349e-01 (6.8782e-01)	Loss Pred 5.6475e-01 (5.6198e-01)	Loss TOTAL 9.5851e-01 (9.6541e-01)
Epoch: [33][496/496]	L_Src_Sup 1.5688e-01 (2.0218e-01)	L_Trg_Inj 1.9172e-01 (3.1729e-01)	Loss Disc 6.9375e-01 (6.8789e-01)	Loss Pred 5.4870e-01 (5.6185e-01)	Loss TOTAL 9.3044e-01 (9.6517e-01)
Epoch 33 complete. Saving model state...
Epoch: [34][ 10/496]	L_Src_Sup 2.2839e-01 (2.2412e-01)	L_Trg_Inj 4.0376e-01 (2.5067e-01)	Loss Disc 6.9130e-01 (6.9221e-01)	Loss Pred 5.4313e-01 (5.6156e-01)	Loss TOTAL 9.5199e-01 (9.7193e-01)
Epoch: [34][ 20/496]	L_Src_Sup 1.5535e-01 (1.9688e-01)	L_Trg_Inj 2.4636e-01 (2.7542e-01)	Loss Disc 6.9126e-01 (6.9198e-01)	Loss Pred 5.4289e-01 (5.5685e-01)	Loss TOTAL 9.2869e-01 (9.5946e-01)
Epoch: [34][ 30/496]	L_Src_Sup 1.5697e-01 (2.0032e-01)	L_Trg_Inj 3.8495e-01 (2.8617e-01)	Loss Disc 6.9110e-01 (6.9086e-01)	Loss Pred 5.4888e-01 (5.6000e-01)	Loss TOTAL 9.4862e-01 (9.6324e-01)
Epoch: [34][ 40/496]	L_Src_Sup 1.5982e-01 (1.9927e-01)	L_Trg_Inj 4.9219e-01 (3.0083e-01)	Loss Disc 6.9613e-01 (6.9165e-01)	Loss Pred 5.2674e-01 (5.5943e-01)	Loss TOTAL 9.4000e-01 (9.6595e-01)
Epoch: [34][ 50/496]	L_Src_Sup 1.7648e-01 (2.0182e-01)	L_Trg_Inj 2.8685e-01 (3.0400e-01)	Loss Disc 6.9193e-01 (6.9160e-01)	Loss Pred 5.4827e-01 (5.6047e-01)	Loss TOTAL 9.4057e-01 (9.6638e-01)
Epoch: [34][ 60/496]	L_Src_Sup 9.3760e-02 (1.9761e-01)	L_Trg_Inj 3.3666e-01 (3.0652e-01)	Loss Disc 6.9362e-01 (6.9165e-01)	Loss Pred 5.2122e-01 (5.5872e-01)	Loss TOTAL 9.1107e-01 (9.6291e-01)
Epoch: [34][ 70/496]	L_Src_Sup 2.8301e-01 (1.9962e-01)	L_Trg_Inj 2.6225e-01 (3.0712e-01)	Loss Disc 6.8888e-01 (6.9164e-01)	Loss Pred 5.6464e-01 (5.5863e-01)	Loss TOTAL 9.8436e-01 (9.6277e-01)
Epoch: [34][ 80/496]	L_Src_Sup 2.0856e-01 (2.0114e-01)	L_Trg_Inj 3.2437e-01 (3.1358e-01)	Loss Disc 6.8469e-01 (6.9156e-01)	Loss Pred 5.8121e-01 (5.5762e-01)	Loss TOTAL 9.7685e-01 (9.6249e-01)
Epoch: [34][ 90/496]	L_Src_Sup 1.3341e-01 (1.9925e-01)	L_Trg_Inj 2.7412e-01 (3.1651e-01)	Loss Disc 6.9362e-01 (6.9155e-01)	Loss Pred 5.3165e-01 (5.5799e-01)	Loss TOTAL 9.1921e-01 (9.6211e-01)
Epoch: [34][100/496]	L_Src_Sup 2.4497e-01 (1.9949e-01)	L_Trg_Inj 1.2235e-01 (3.1219e-01)	Loss Disc 6.8558e-01 (6.9143e-01)	Loss Pred 5.7027e-01 (5.5778e-01)	Loss TOTAL 1.0724e+00 (9.6207e-01)
Epoch: [34][110/496]	L_Src_Sup 2.8105e-01 (2.0184e-01)	L_Trg_Inj 5.8841e-01 (3.1110e-01)	Loss Disc 6.8852e-01 (6.9138e-01)	Loss Pred 5.5912e-01 (5.5784e-01)	Loss TOTAL 9.9033e-01 (9.6349e-01)
Epoch: [34][120/496]	L_Src_Sup 2.7736e-01 (2.0135e-01)	L_Trg_Inj 3.6193e-01 (3.1354e-01)	Loss Disc 6.9631e-01 (6.9134e-01)	Loss Pred 5.5355e-01 (5.5804e-01)	Loss TOTAL 9.6563e-01 (9.6332e-01)
Epoch: [34][130/496]	L_Src_Sup 3.1483e-01 (2.0426e-01)	L_Trg_Inj 4.7370e-01 (3.1277e-01)	Loss Disc 6.9958e-01 (6.9136e-01)	Loss Pred 5.1633e-01 (5.5895e-01)	Loss TOTAL 9.4498e-01 (9.6538e-01)
Epoch: [34][140/496]	L_Src_Sup 3.0616e-01 (2.0663e-01)	L_Trg_Inj 2.9828e-01 (3.1391e-01)	Loss Disc 6.9009e-01 (6.9129e-01)	Loss Pred 5.7011e-01 (5.5905e-01)	Loss TOTAL 9.8347e-01 (9.6524e-01)
Epoch: [34][150/496]	L_Src_Sup 1.7822e-01 (2.0617e-01)	L_Trg_Inj 3.5519e-01 (3.1756e-01)	Loss Disc 6.9315e-01 (6.9111e-01)	Loss Pred 5.5373e-01 (5.5892e-01)	Loss TOTAL 9.5364e-01 (9.6477e-01)
Epoch: [34][160/496]	L_Src_Sup 1.8565e-01 (2.0398e-01)	L_Trg_Inj 2.9705e-01 (3.1733e-01)	Loss Disc 6.8738e-01 (6.9105e-01)	Loss Pred 5.7551e-01 (5.5969e-01)	Loss TOTAL 9.6747e-01 (9.6477e-01)
Epoch: [34][170/496]	L_Src_Sup 1.4489e-01 (2.0217e-01)	L_Trg_Inj 3.5673e-01 (3.1571e-01)	Loss Disc 6.8820e-01 (6.9110e-01)	Loss Pred 5.7565e-01 (5.5954e-01)	Loss TOTAL 9.6991e-01 (9.6395e-01)
Epoch: [34][180/496]	L_Src_Sup 2.2944e-01 (2.0108e-01)	L_Trg_Inj 2.7481e-01 (3.1578e-01)	Loss Disc 6.9147e-01 (6.9115e-01)	Loss Pred 5.8119e-01 (5.5932e-01)	Loss TOTAL 9.7735e-01 (9.6325e-01)
Epoch: [34][190/496]	L_Src_Sup 1.7021e-01 (2.0029e-01)	L_Trg_Inj 1.8028e-01 (3.1408e-01)	Loss Disc 6.9032e-01 (6.9126e-01)	Loss Pred 5.9211e-01 (5.5937e-01)	Loss TOTAL 9.7232e-01 (9.6292e-01)
Epoch: [34][200/496]	L_Src_Sup 2.4705e-01 (2.0141e-01)	L_Trg_Inj 4.1248e-01 (3.1614e-01)	Loss Disc 6.9334e-01 (6.9133e-01)	Loss Pred 5.6535e-01 (5.5987e-01)	Loss TOTAL 9.7797e-01 (9.6385e-01)
Epoch: [34][210/496]	L_Src_Sup 1.7013e-01 (2.0113e-01)	L_Trg_Inj 4.9703e-01 (3.1833e-01)	Loss Disc 6.9291e-01 (6.9141e-01)	Loss Pred 5.2698e-01 (5.5990e-01)	Loss TOTAL 9.4015e-01 (9.6383e-01)
Epoch: [34][220/496]	L_Src_Sup 2.4755e-01 (2.0062e-01)	L_Trg_Inj 2.0153e-01 (3.1635e-01)	Loss Disc 6.9226e-01 (6.9147e-01)	Loss Pred 5.7553e-01 (5.6022e-01)	Loss TOTAL 1.0126e+00 (9.6385e-01)
Epoch: [34][230/496]	L_Src_Sup 1.5991e-01 (1.9990e-01)	L_Trg_Inj 3.7211e-01 (3.1567e-01)	Loss Disc 6.9319e-01 (6.9153e-01)	Loss Pred 5.5940e-01 (5.6030e-01)	Loss TOTAL 9.5920e-01 (9.6356e-01)
Epoch: [34][240/496]	L_Src_Sup 1.0015e-01 (1.9931e-01)	L_Trg_Inj 2.1787e-01 (3.1412e-01)	Loss Disc 6.9138e-01 (6.9158e-01)	Loss Pred 5.5917e-01 (5.6048e-01)	Loss TOTAL 9.3666e-01 (9.6332e-01)
Epoch: [34][250/496]	L_Src_Sup 3.2074e-01 (1.9956e-01)	L_Trg_Inj 2.7651e-01 (3.1268e-01)	Loss Disc 6.9362e-01 (6.9163e-01)	Loss Pred 5.5927e-01 (5.6071e-01)	Loss TOTAL 1.0100e+00 (9.6383e-01)
Epoch: [34][260/496]	L_Src_Sup 1.9196e-01 (1.9854e-01)	L_Trg_Inj 3.9890e-01 (3.1536e-01)	Loss Disc 6.9266e-01 (6.9170e-01)	Loss Pred 5.9179e-01 (5.6075e-01)	Loss TOTAL 9.9721e-01 (9.6399e-01)
Epoch: [34][270/496]	L_Src_Sup 1.0547e-01 (1.9663e-01)	L_Trg_Inj 3.5736e-01 (3.1396e-01)	Loss Disc 6.9285e-01 (6.9174e-01)	Loss Pred 5.8623e-01 (5.6110e-01)	Loss TOTAL 9.7894e-01 (9.6381e-01)
Epoch: [34][280/496]	L_Src_Sup 2.4259e-01 (1.9685e-01)	L_Trg_Inj 2.1461e-01 (3.1237e-01)	Loss Disc 6.9341e-01 (6.9179e-01)	Loss Pred 5.6459e-01 (5.6094e-01)	Loss TOTAL 9.8499e-01 (9.6353e-01)
Epoch: [34][290/496]	L_Src_Sup 1.1587e-01 (1.9778e-01)	L_Trg_Inj 3.8900e-01 (3.1159e-01)	Loss Disc 6.9275e-01 (6.9182e-01)	Loss Pred 5.3847e-01 (5.6085e-01)	Loss TOTAL 9.3533e-01 (9.6358e-01)
Epoch: [34][300/496]	L_Src_Sup 1.7670e-01 (1.9879e-01)	L_Trg_Inj 4.3762e-01 (3.1166e-01)	Loss Disc 6.9288e-01 (6.9184e-01)	Loss Pred 5.4869e-01 (5.6088e-01)	Loss TOTAL 9.5656e-01 (9.6387e-01)
Epoch: [34][310/496]	L_Src_Sup 2.0466e-01 (1.9983e-01)	L_Trg_Inj 2.0622e-01 (3.1277e-01)	Loss Disc 6.9294e-01 (6.9186e-01)	Loss Pred 5.7008e-01 (5.6108e-01)	Loss TOTAL 9.5764e-01 (9.6413e-01)
Epoch: [34][320/496]	L_Src_Sup 3.4551e-01 (2.0043e-01)	L_Trg_Inj 3.6730e-01 (3.1367e-01)	Loss Disc 6.9486e-01 (6.9189e-01)	Loss Pred 5.0554e-01 (5.6082e-01)	Loss TOTAL 9.2426e-01 (9.6385e-01)
Epoch: [34][330/496]	L_Src_Sup 2.6100e-01 (2.0165e-01)	L_Trg_Inj 5.3465e-01 (3.1296e-01)	Loss Disc 6.9090e-01 (6.9189e-01)	Loss Pred 6.0255e-01 (5.6095e-01)	Loss TOTAL 1.0276e+00 (9.6441e-01)
Epoch: [34][340/496]	L_Src_Sup 1.7659e-01 (2.0065e-01)	L_Trg_Inj 3.7152e-01 (3.1436e-01)	Loss Disc 6.8966e-01 (6.9188e-01)	Loss Pred 5.4830e-01 (5.6084e-01)	Loss TOTAL 9.4794e-01 (9.6415e-01)
Epoch: [34][350/496]	L_Src_Sup 1.8304e-01 (2.0004e-01)	L_Trg_Inj 2.7539e-01 (3.1395e-01)	Loss Disc 6.8382e-01 (6.9182e-01)	Loss Pred 6.2420e-01 (5.6120e-01)	Loss TOTAL 1.0119e+00 (9.6421e-01)
Epoch: [34][360/496]	L_Src_Sup 7.4857e-02 (1.9966e-01)	L_Trg_Inj 2.6870e-01 (3.1323e-01)	Loss Disc 6.9177e-01 (6.9171e-01)	Loss Pred 5.2210e-01 (5.6140e-01)	Loss TOTAL 9.0234e-01 (9.6418e-01)
Epoch: [34][370/496]	L_Src_Sup 2.3805e-01 (1.9944e-01)	L_Trg_Inj 2.7215e-01 (3.1265e-01)	Loss Disc 6.8775e-01 (6.9155e-01)	Loss Pred 5.5403e-01 (5.6138e-01)	Loss TOTAL 9.4893e-01 (9.6410e-01)
Epoch: [34][380/496]	L_Src_Sup 2.5765e-01 (1.9974e-01)	L_Trg_Inj 2.3723e-01 (3.1316e-01)	Loss Disc 6.8733e-01 (6.9155e-01)	Loss Pred 5.4307e-01 (5.6104e-01)	Loss TOTAL 9.5665e-01 (9.6417e-01)
Epoch: [34][390/496]	L_Src_Sup 2.5954e-01 (2.0040e-01)	L_Trg_Inj 4.8253e-01 (3.1502e-01)	Loss Disc 6.8432e-01 (6.9138e-01)	Loss Pred 5.9730e-01 (5.6117e-01)	Loss TOTAL 1.0137e+00 (9.6450e-01)
Epoch: [34][400/496]	L_Src_Sup 1.7651e-01 (2.0013e-01)	L_Trg_Inj 2.7873e-01 (3.1662e-01)	Loss Disc 6.8703e-01 (6.9128e-01)	Loss Pred 5.4854e-01 (5.6136e-01)	Loss TOTAL 9.3757e-01 (9.6462e-01)
Epoch: [34][410/496]	L_Src_Sup 1.5697e-01 (2.0065e-01)	L_Trg_Inj 2.4895e-01 (3.1690e-01)	Loss Disc 6.9039e-01 (6.9126e-01)	Loss Pred 5.4841e-01 (5.6126e-01)	Loss TOTAL 9.3419e-01 (9.6486e-01)
Epoch: [34][420/496]	L_Src_Sup 1.9815e-01 (2.0050e-01)	L_Trg_Inj 2.8247e-01 (3.1720e-01)	Loss Disc 6.9104e-01 (6.9127e-01)	Loss Pred 5.5384e-01 (5.6124e-01)	Loss TOTAL 9.4742e-01 (9.6471e-01)
Epoch: [34][430/496]	L_Src_Sup 3.2006e-01 (2.0154e-01)	L_Trg_Inj 3.0261e-01 (3.1613e-01)	Loss Disc 6.8994e-01 (6.9125e-01)	Loss Pred 5.5915e-01 (5.6142e-01)	Loss TOTAL 9.8384e-01 (9.6496e-01)
Epoch: [34][440/496]	L_Src_Sup 2.3095e-01 (2.0184e-01)	L_Trg_Inj 3.3804e-01 (3.1619e-01)	Loss Disc 6.9674e-01 (6.9125e-01)	Loss Pred 5.5919e-01 (5.6131e-01)	Loss TOTAL 9.6446e-01 (9.6475e-01)
Epoch: [34][450/496]	L_Src_Sup 1.8560e-01 (2.0267e-01)	L_Trg_Inj 2.9569e-01 (3.1578e-01)	Loss Disc 6.8947e-01 (6.9124e-01)	Loss Pred 5.7556e-01 (5.6126e-01)	Loss TOTAL 9.6842e-01 (9.6479e-01)
Epoch: [34][460/496]	L_Src_Sup 2.5263e-01 (2.0273e-01)	L_Trg_Inj 3.5624e-01 (3.1562e-01)	Loss Disc 6.8607e-01 (6.9118e-01)	Loss Pred 5.4301e-01 (5.6144e-01)	Loss TOTAL 9.4693e-01 (9.6514e-01)
Epoch: [34][470/496]	L_Src_Sup 2.3337e-01 (2.0231e-01)	L_Trg_Inj 2.4481e-01 (3.1441e-01)	Loss Disc 6.9239e-01 (6.9116e-01)	Loss Pred 5.4325e-01 (5.6169e-01)	Loss TOTAL 9.3727e-01 (9.6555e-01)
Epoch: [34][480/496]	L_Src_Sup 2.9442e-01 (2.0255e-01)	L_Trg_Inj 2.8326e-01 (3.1360e-01)	Loss Disc 6.8767e-01 (6.9116e-01)	Loss Pred 5.4850e-01 (5.6168e-01)	Loss TOTAL 9.6127e-01 (9.6549e-01)
Epoch: [34][490/496]	L_Src_Sup 2.6463e-01 (2.0303e-01)	L_Trg_Inj 2.8969e-01 (3.1292e-01)	Loss Disc 6.8391e-01 (6.9110e-01)	Loss Pred 5.6090e-01 (5.6198e-01)	Loss TOTAL 9.5829e-01 (9.6565e-01)
Epoch: [34][496/496]	L_Src_Sup 2.3397e-01 (2.0284e-01)	L_Trg_Inj 4.2416e-01 (3.1331e-01)	Loss Disc 6.8566e-01 (6.9106e-01)	Loss Pred 5.4346e-01 (5.6183e-01)	Loss TOTAL 9.5210e-01 (9.6549e-01)
Epoch 34 complete. Saving model state...
Epoch: [35][ 10/496]	L_Src_Sup 1.7649e-01 (1.8600e-01)	L_Trg_Inj 3.0510e-01 (3.1460e-01)	Loss Disc 6.9490e-01 (6.9205e-01)	Loss Pred 5.4864e-01 (5.5769e-01)	Loss TOTAL 9.4424e-01 (9.5377e-01)
Epoch: [35][ 20/496]	L_Src_Sup 2.2680e-01 (2.0289e-01)	L_Trg_Inj 3.2893e-01 (2.9135e-01)	Loss Disc 6.8776e-01 (6.9091e-01)	Loss Pred 5.7542e-01 (5.5772e-01)	Loss TOTAL 9.7487e-01 (9.6570e-01)
Epoch: [35][ 30/496]	L_Src_Sup 1.2601e-01 (2.0511e-01)	L_Trg_Inj 4.3171e-01 (2.9383e-01)	Loss Disc 6.8959e-01 (6.9149e-01)	Loss Pred 5.8078e-01 (5.6005e-01)	Loss TOTAL 9.8134e-01 (9.7072e-01)
Epoch: [35][ 40/496]	L_Src_Sup 2.3414e-01 (2.0015e-01)	L_Trg_Inj 2.5802e-01 (3.0959e-01)	Loss Disc 6.8849e-01 (6.9128e-01)	Loss Pred 5.9158e-01 (5.5918e-01)	Loss TOTAL 9.8504e-01 (9.6706e-01)
Epoch: [35][ 50/496]	L_Src_Sup 1.5842e-01 (1.9992e-01)	L_Trg_Inj 5.1997e-01 (3.0892e-01)	Loss Disc 6.9192e-01 (6.9140e-01)	Loss Pred 5.5411e-01 (5.5974e-01)	Loss TOTAL 9.6791e-01 (9.6654e-01)
Epoch: [35][ 60/496]	L_Src_Sup 1.2017e-01 (1.9504e-01)	L_Trg_Inj 3.2255e-01 (3.1403e-01)	Loss Disc 6.8866e-01 (6.9137e-01)	Loss Pred 5.5918e-01 (5.6001e-01)	Loss TOTAL 9.4778e-01 (9.6511e-01)
Epoch: [35][ 70/496]	L_Src_Sup 1.1997e-01 (2.0231e-01)	L_Trg_Inj 3.7923e-01 (3.1596e-01)	Loss Disc 6.9025e-01 (6.9141e-01)	Loss Pred 5.4832e-01 (5.5960e-01)	Loss TOTAL 9.4336e-01 (9.6618e-01)
Epoch: [35][ 80/496]	L_Src_Sup 2.3079e-01 (2.0088e-01)	L_Trg_Inj 2.9313e-01 (3.1591e-01)	Loss Disc 6.9152e-01 (6.9138e-01)	Loss Pred 5.3744e-01 (5.5922e-01)	Loss TOTAL 9.3559e-01 (9.6462e-01)
Epoch: [35][ 90/496]	L_Src_Sup 2.0835e-01 (1.9909e-01)	L_Trg_Inj 1.2570e-01 (3.1051e-01)	Loss Disc 6.8613e-01 (6.9130e-01)	Loss Pred 5.8101e-01 (5.6024e-01)	Loss TOTAL 1.0401e+00 (9.6491e-01)
Epoch: [35][100/496]	L_Src_Sup 2.3812e-01 (2.0133e-01)	L_Trg_Inj 3.5817e-01 (3.0825e-01)	Loss Disc 6.9006e-01 (6.9125e-01)	Loss Pred 5.7039e-01 (5.6000e-01)	Loss TOTAL 9.7505e-01 (9.6578e-01)
Epoch: [35][110/496]	L_Src_Sup 2.3342e-01 (2.0139e-01)	L_Trg_Inj 3.7794e-01 (3.1420e-01)	Loss Disc 6.7791e-01 (6.9075e-01)	Loss Pred 5.8650e-01 (5.6074e-01)	Loss TOTAL 9.8659e-01 (9.6673e-01)
Epoch: [35][120/496]	L_Src_Sup 1.5851e-01 (2.0133e-01)	L_Trg_Inj 4.5836e-01 (3.2202e-01)	Loss Disc 6.8588e-01 (6.9006e-01)	Loss Pred 5.5430e-01 (5.6068e-01)	Loss TOTAL 9.5893e-01 (9.6659e-01)
Epoch: [35][130/496]	L_Src_Sup 2.3204e-01 (2.0369e-01)	L_Trg_Inj 3.5880e-01 (3.2281e-01)	Loss Disc 6.8451e-01 (6.8977e-01)	Loss Pred 5.8609e-01 (5.6119e-01)	Loss TOTAL 9.8743e-01 (9.6661e-01)
Epoch: [35][140/496]	L_Src_Sup 1.9378e-01 (2.0465e-01)	L_Trg_Inj 3.2492e-01 (3.2033e-01)	Loss Disc 6.8818e-01 (6.8995e-01)	Loss Pred 5.9737e-01 (5.6111e-01)	Loss TOTAL 9.9333e-01 (9.6682e-01)
Epoch: [35][150/496]	L_Src_Sup 1.2881e-01 (2.0569e-01)	L_Trg_Inj 2.3961e-01 (3.2412e-01)	Loss Disc 6.9019e-01 (6.8985e-01)	Loss Pred 5.7545e-01 (5.6088e-01)	Loss TOTAL 9.5739e-01 (9.6647e-01)
Epoch: [35][160/496]	L_Src_Sup 1.3902e-01 (2.0414e-01)	L_Trg_Inj 2.9274e-01 (3.2650e-01)	Loss Disc 6.9768e-01 (6.8988e-01)	Loss Pred 5.5393e-01 (5.6149e-01)	Loss TOTAL 9.4595e-01 (9.6670e-01)
Epoch: [35][170/496]	L_Src_Sup 1.8417e-01 (2.0211e-01)	L_Trg_Inj 2.7367e-01 (3.2319e-01)	Loss Disc 6.8581e-01 (6.9017e-01)	Loss Pred 5.7007e-01 (5.6069e-01)	Loss TOTAL 9.5876e-01 (9.6509e-01)
Epoch: [35][180/496]	L_Src_Sup 2.4525e-01 (2.0285e-01)	L_Trg_Inj 3.5259e-01 (3.2328e-01)	Loss Disc 6.9188e-01 (6.9021e-01)	Loss Pred 5.7002e-01 (5.6097e-01)	Loss TOTAL 9.7574e-01 (9.6509e-01)
Epoch: [35][190/496]	L_Src_Sup 2.5018e-01 (2.0392e-01)	L_Trg_Inj 3.3066e-01 (3.2071e-01)	Loss Disc 6.9260e-01 (6.9029e-01)	Loss Pred 5.3769e-01 (5.6105e-01)	Loss TOTAL 9.4207e-01 (9.6602e-01)
Epoch: [35][200/496]	L_Src_Sup 2.3533e-01 (2.0278e-01)	L_Trg_Inj 2.5816e-01 (3.1817e-01)	Loss Disc 6.9527e-01 (6.9041e-01)	Loss Pred 5.4834e-01 (5.6091e-01)	Loss TOTAL 9.4533e-01 (9.6560e-01)
Epoch: [35][210/496]	L_Src_Sup 1.8350e-01 (2.0288e-01)	L_Trg_Inj 3.0808e-01 (3.1733e-01)	Loss Disc 6.9647e-01 (6.9045e-01)	Loss Pred 5.1081e-01 (5.6121e-01)	Loss TOTAL 9.0820e-01 (9.6557e-01)
Epoch: [35][220/496]	L_Src_Sup 1.7037e-01 (2.0103e-01)	L_Trg_Inj 2.1784e-01 (3.1626e-01)	Loss Disc 6.9007e-01 (6.9041e-01)	Loss Pred 5.9122e-01 (5.6222e-01)	Loss TOTAL 9.7507e-01 (9.6594e-01)
Epoch: [35][230/496]	L_Src_Sup 2.2971e-01 (2.0085e-01)	L_Trg_Inj 2.8399e-01 (3.1429e-01)	Loss Disc 6.9275e-01 (6.9050e-01)	Loss Pred 5.3369e-01 (5.6223e-01)	Loss TOTAL 9.3143e-01 (9.6631e-01)
Epoch: [35][240/496]	L_Src_Sup 2.8469e-01 (2.0153e-01)	L_Trg_Inj 3.1689e-01 (3.1392e-01)	Loss Disc 6.8916e-01 (6.9052e-01)	Loss Pred 5.5954e-01 (5.6185e-01)	Loss TOTAL 9.6428e-01 (9.6577e-01)
Epoch: [35][250/496]	L_Src_Sup 2.2857e-01 (2.0088e-01)	L_Trg_Inj 2.5661e-01 (3.1401e-01)	Loss Disc 6.9196e-01 (6.9051e-01)	Loss Pred 5.3224e-01 (5.6133e-01)	Loss TOTAL 9.2674e-01 (9.6495e-01)
Epoch: [35][260/496]	L_Src_Sup 1.2665e-01 (2.0148e-01)	L_Trg_Inj 2.5794e-01 (3.1408e-01)	Loss Disc 6.9185e-01 (6.9055e-01)	Loss Pred 5.6465e-01 (5.6098e-01)	Loss TOTAL 9.4903e-01 (9.6457e-01)
Epoch: [35][270/496]	L_Src_Sup 2.5987e-01 (2.0191e-01)	L_Trg_Inj 2.6189e-01 (3.1370e-01)	Loss Disc 6.9196e-01 (6.9061e-01)	Loss Pred 5.5922e-01 (5.6121e-01)	Loss TOTAL 9.5738e-01 (9.6482e-01)
Epoch: [35][280/496]	L_Src_Sup 1.8735e-01 (2.0299e-01)	L_Trg_Inj 4.1939e-01 (3.1578e-01)	Loss Disc 6.8701e-01 (6.9057e-01)	Loss Pred 5.7577e-01 (5.6122e-01)	Loss TOTAL 9.7995e-01 (9.6506e-01)
Epoch: [35][290/496]	L_Src_Sup 1.8466e-01 (2.0468e-01)	L_Trg_Inj 4.5193e-01 (3.1904e-01)	Loss Disc 6.9020e-01 (6.9062e-01)	Loss Pred 5.7642e-01 (5.6083e-01)	Loss TOTAL 9.8518e-01 (9.6512e-01)
Epoch: [35][300/496]	L_Src_Sup 1.8036e-01 (2.0488e-01)	L_Trg_Inj 2.4969e-01 (3.1936e-01)	Loss Disc 6.8996e-01 (6.9064e-01)	Loss Pred 5.5924e-01 (5.6071e-01)	Loss TOTAL 9.4722e-01 (9.6483e-01)
Epoch: [35][310/496]	L_Src_Sup 1.6030e-01 (2.0402e-01)	L_Trg_Inj 3.1482e-01 (3.1985e-01)	Loss Disc 6.9140e-01 (6.9067e-01)	Loss Pred 5.5933e-01 (5.6068e-01)	Loss TOTAL 9.5254e-01 (9.6458e-01)
Epoch: [35][320/496]	L_Src_Sup 2.2907e-01 (2.0390e-01)	L_Trg_Inj 3.2131e-01 (3.1931e-01)	Loss Disc 6.9058e-01 (6.9067e-01)	Loss Pred 5.8095e-01 (5.6116e-01)	Loss TOTAL 9.8128e-01 (9.6488e-01)
Epoch: [35][330/496]	L_Src_Sup 1.4141e-01 (2.0328e-01)	L_Trg_Inj 3.9233e-01 (3.1870e-01)	Loss Disc 6.9040e-01 (6.9069e-01)	Loss Pred 5.6461e-01 (5.6139e-01)	Loss TOTAL 9.6319e-01 (9.6494e-01)
Epoch: [35][340/496]	L_Src_Sup 2.5615e-01 (2.0363e-01)	L_Trg_Inj 4.3030e-01 (3.1941e-01)	Loss Disc 6.9053e-01 (6.9072e-01)	Loss Pred 5.8697e-01 (5.6165e-01)	Loss TOTAL 1.0009e+00 (9.6546e-01)
Epoch: [35][350/496]	L_Src_Sup 1.9158e-01 (2.0354e-01)	L_Trg_Inj 3.0635e-01 (3.1950e-01)	Loss Disc 6.9089e-01 (6.9076e-01)	Loss Pred 5.9130e-01 (5.6193e-01)	Loss TOTAL 9.8653e-01 (9.6578e-01)
Epoch: [35][360/496]	L_Src_Sup 1.1748e-01 (2.0420e-01)	L_Trg_Inj 3.2786e-01 (3.2071e-01)	Loss Disc 6.9197e-01 (6.9080e-01)	Loss Pred 5.4357e-01 (5.6186e-01)	Loss TOTAL 9.3408e-01 (9.6588e-01)
Epoch: [35][370/496]	L_Src_Sup 1.2559e-01 (2.0337e-01)	L_Trg_Inj 3.1708e-01 (3.2008e-01)	Loss Disc 6.9176e-01 (6.9084e-01)	Loss Pred 5.8055e-01 (5.6189e-01)	Loss TOTAL 9.7070e-01 (9.6579e-01)
Epoch: [35][380/496]	L_Src_Sup 1.7822e-01 (2.0308e-01)	L_Trg_Inj 2.9884e-01 (3.1978e-01)	Loss Disc 6.9298e-01 (6.9089e-01)	Loss Pred 5.5400e-01 (5.6180e-01)	Loss TOTAL 9.4820e-01 (9.6566e-01)
Epoch: [35][390/496]	L_Src_Sup 2.4464e-01 (2.0432e-01)	L_Trg_Inj 3.1371e-01 (3.1913e-01)	Loss Disc 6.9419e-01 (6.9094e-01)	Loss Pred 5.2203e-01 (5.6136e-01)	Loss TOTAL 9.2496e-01 (9.6568e-01)
Epoch: [35][400/496]	L_Src_Sup 2.4534e-01 (2.0468e-01)	L_Trg_Inj 3.7249e-01 (3.1950e-01)	Loss Disc 6.9139e-01 (6.9096e-01)	Loss Pred 5.2306e-01 (5.6148e-01)	Loss TOTAL 9.3054e-01 (9.6587e-01)
Epoch: [35][410/496]	L_Src_Sup 1.6498e-01 (2.0386e-01)	L_Trg_Inj 3.6937e-01 (3.2002e-01)	Loss Disc 6.9149e-01 (6.9099e-01)	Loss Pred 5.7535e-01 (5.6162e-01)	Loss TOTAL 9.7453e-01 (9.6583e-01)
Epoch: [35][420/496]	L_Src_Sup 2.0448e-01 (2.0415e-01)	L_Trg_Inj 2.4519e-01 (3.1926e-01)	Loss Disc 6.9020e-01 (6.9101e-01)	Loss Pred 5.6997e-01 (5.6172e-01)	Loss TOTAL 9.6004e-01 (9.6585e-01)
Epoch: [35][430/496]	L_Src_Sup 2.2760e-01 (2.0542e-01)	L_Trg_Inj 3.8486e-01 (3.1936e-01)	Loss Disc 6.9148e-01 (6.9105e-01)	Loss Pred 5.6119e-01 (5.6162e-01)	Loss TOTAL 9.6817e-01 (9.6608e-01)
Epoch: [35][440/496]	L_Src_Sup 2.2370e-01 (2.0549e-01)	L_Trg_Inj 4.2832e-01 (3.2061e-01)	Loss Disc 6.8730e-01 (6.9102e-01)	Loss Pred 5.5920e-01 (5.6160e-01)	Loss TOTAL 9.6805e-01 (9.6616e-01)
Epoch: [35][450/496]	L_Src_Sup 1.7648e-01 (2.0585e-01)	L_Trg_Inj 5.0792e-01 (3.2196e-01)	Loss Disc 6.9190e-01 (6.9102e-01)	Loss Pred 5.4846e-01 (5.6162e-01)	Loss TOTAL 9.6284e-01 (9.6621e-01)
Epoch: [35][460/496]	L_Src_Sup 3.0767e-01 (2.0665e-01)	L_Trg_Inj 2.5924e-01 (3.2219e-01)	Loss Disc 6.9688e-01 (6.9105e-01)	Loss Pred 5.3784e-01 (5.6172e-01)	Loss TOTAL 9.9139e-01 (9.6661e-01)
Epoch: [35][470/496]	L_Src_Sup 1.8646e-01 (2.0570e-01)	L_Trg_Inj 1.6267e-01 (3.2247e-01)	Loss Disc 6.9478e-01 (6.9102e-01)	Loss Pred 5.3783e-01 (5.6178e-01)	Loss TOTAL 9.4393e-01 (9.6650e-01)
Epoch: [35][480/496]	L_Src_Sup 2.0210e-01 (2.0577e-01)	L_Trg_Inj 2.6914e-01 (3.2262e-01)	Loss Disc 6.9365e-01 (6.9103e-01)	Loss Pred 5.6462e-01 (5.6187e-01)	Loss TOTAL 9.5857e-01 (9.6668e-01)
Epoch: [35][490/496]	L_Src_Sup 2.4628e-01 (2.0576e-01)	L_Trg_Inj 4.2682e-01 (3.2234e-01)	Loss Disc 6.9236e-01 (6.9103e-01)	Loss Pred 5.7025e-01 (5.6193e-01)	Loss TOTAL 9.8374e-01 (9.6675e-01)
Epoch: [35][496/496]	L_Src_Sup 2.0835e-01 (2.0543e-01)	L_Trg_Inj 5.2251e-01 (3.2361e-01)	Loss Disc 6.8857e-01 (6.9105e-01)	Loss Pred 5.8066e-01 (5.6184e-01)	Loss TOTAL 9.9803e-01 (9.6668e-01)
Epoch 35 complete. Saving model state...
Epoch: [36][ 10/496]	L_Src_Sup 3.7366e-01 (2.3244e-01)	L_Trg_Inj 2.9330e-01 (3.6889e-01)	Loss Disc 6.9247e-01 (6.9171e-01)	Loss Pred 5.7522e-01 (5.6566e-01)	Loss TOTAL 1.0685e+00 (9.8974e-01)
Epoch: [36][ 20/496]	L_Src_Sup 1.4467e-01 (2.0897e-01)	L_Trg_Inj 4.2820e-01 (3.6963e-01)	Loss Disc 6.8888e-01 (6.9148e-01)	Loss Pred 5.7538e-01 (5.6139e-01)	Loss TOTAL 9.7710e-01 (9.7404e-01)
Epoch: [36][ 30/496]	L_Src_Sup 2.2257e-01 (2.0133e-01)	L_Trg_Inj 1.4478e-01 (3.5211e-01)	Loss Disc 6.8998e-01 (6.9111e-01)	Loss Pred 5.6458e-01 (5.6159e-01)	Loss TOTAL 1.0241e+00 (9.7112e-01)
Epoch: [36][ 40/496]	L_Src_Sup 2.1572e-01 (2.0381e-01)	L_Trg_Inj 2.6006e-01 (3.3483e-01)	Loss Disc 6.9112e-01 (6.9155e-01)	Loss Pred 5.4866e-01 (5.6128e-01)	Loss TOTAL 9.4180e-01 (9.6943e-01)
Epoch: [36][ 50/496]	L_Src_Sup 2.2787e-01 (2.0729e-01)	L_Trg_Inj 3.5076e-01 (3.2809e-01)	Loss Disc 6.8967e-01 (6.9142e-01)	Loss Pred 5.7548e-01 (5.6003e-01)	Loss TOTAL 9.7818e-01 (9.7043e-01)
Epoch: [36][ 60/496]	L_Src_Sup 1.9075e-01 (2.0332e-01)	L_Trg_Inj 2.2027e-01 (3.2637e-01)	Loss Disc 6.9180e-01 (6.9127e-01)	Loss Pred 5.3182e-01 (5.5815e-01)	Loss TOTAL 9.1882e-01 (9.6628e-01)
Epoch: [36][ 70/496]	L_Src_Sup 1.3460e-01 (1.9913e-01)	L_Trg_Inj 2.7035e-01 (3.1866e-01)	Loss Disc 6.9530e-01 (6.9122e-01)	Loss Pred 5.3714e-01 (5.5823e-01)	Loss TOTAL 9.2528e-01 (9.6399e-01)
Epoch: [36][ 80/496]	L_Src_Sup 1.6006e-01 (1.9543e-01)	L_Trg_Inj 4.1893e-01 (3.1353e-01)	Loss Disc 6.9129e-01 (6.9118e-01)	Loss Pred 5.5935e-01 (5.5863e-01)	Loss TOTAL 9.6289e-01 (9.6349e-01)
Epoch: [36][ 90/496]	L_Src_Sup 1.8389e-01 (1.9767e-01)	L_Trg_Inj 3.5218e-01 (3.1518e-01)	Loss Disc 6.9042e-01 (6.9106e-01)	Loss Pred 5.7028e-01 (5.5957e-01)	Loss TOTAL 9.6910e-01 (9.6491e-01)
Epoch: [36][100/496]	L_Src_Sup 1.0009e-01 (1.9979e-01)	L_Trg_Inj 3.1640e-01 (3.1450e-01)	Loss Disc 6.9444e-01 (6.9116e-01)	Loss Pred 5.5931e-01 (5.6025e-01)	Loss TOTAL 9.4818e-01 (9.6702e-01)
Epoch: [36][110/496]	L_Src_Sup 1.8290e-01 (2.0074e-01)	L_Trg_Inj 3.4402e-01 (3.1588e-01)	Loss Disc 6.9097e-01 (6.9134e-01)	Loss Pred 5.5454e-01 (5.6017e-01)	Loss TOTAL 9.5271e-01 (9.6731e-01)
Epoch: [36][120/496]	L_Src_Sup 2.4576e-01 (2.0141e-01)	L_Trg_Inj 1.6953e-01 (3.1442e-01)	Loss Disc 6.9235e-01 (6.9143e-01)	Loss Pred 5.7003e-01 (5.5987e-01)	Loss TOTAL 1.0340e+00 (9.6679e-01)
Epoch: [36][130/496]	L_Src_Sup 1.8185e-01 (2.0200e-01)	L_Trg_Inj 3.2751e-01 (3.1350e-01)	Loss Disc 6.9331e-01 (6.9144e-01)	Loss Pred 5.6454e-01 (5.6132e-01)	Loss TOTAL 9.6213e-01 (9.6847e-01)
Epoch: [36][140/496]	L_Src_Sup 1.5230e-01 (2.0362e-01)	L_Trg_Inj 2.5279e-01 (3.1476e-01)	Loss Disc 6.8982e-01 (6.9150e-01)	Loss Pred 6.0262e-01 (5.6101e-01)	Loss TOTAL 9.8804e-01 (9.6778e-01)
Epoch: [36][150/496]	L_Src_Sup 2.2450e-01 (2.0490e-01)	L_Trg_Inj 4.3993e-01 (3.1435e-01)	Loss Disc 6.9236e-01 (6.9153e-01)	Loss Pred 5.7006e-01 (5.6111e-01)	Loss TOTAL 9.8269e-01 (9.6766e-01)
Epoch: [36][160/496]	L_Src_Sup 2.0570e-01 (2.0417e-01)	L_Trg_Inj 2.4448e-01 (3.1274e-01)	Loss Disc 6.9441e-01 (6.9153e-01)	Loss Pred 5.2130e-01 (5.6103e-01)	Loss TOTAL 9.1352e-01 (9.6698e-01)
Epoch: [36][170/496]	L_Src_Sup 2.1742e-01 (2.0328e-01)	L_Trg_Inj 2.1323e-01 (3.1042e-01)	Loss Disc 6.9403e-01 (6.9154e-01)	Loss Pred 6.0238e-01 (5.6162e-01)	Loss TOTAL 9.9665e-01 (9.6678e-01)
Epoch: [36][180/496]	L_Src_Sup 2.2647e-01 (2.0342e-01)	L_Trg_Inj 2.7259e-01 (3.0884e-01)	Loss Disc 6.9473e-01 (6.9154e-01)	Loss Pred 5.2713e-01 (5.6179e-01)	Loss TOTAL 9.2440e-01 (9.6675e-01)
Epoch: [36][190/496]	L_Src_Sup 5.9540e-02 (2.0188e-01)	L_Trg_Inj 4.2713e-01 (3.1084e-01)	Loss Disc 6.9344e-01 (6.9154e-01)	Loss Pred 5.5368e-01 (5.6097e-01)	Loss TOTAL 9.4906e-01 (9.6592e-01)
Epoch: [36][200/496]	L_Src_Sup 2.5805e-01 (2.0233e-01)	L_Trg_Inj 3.4685e-01 (3.1316e-01)	Loss Disc 6.8790e-01 (6.9145e-01)	Loss Pred 5.5366e-01 (5.6094e-01)	Loss TOTAL 9.5810e-01 (9.6606e-01)
Epoch: [36][210/496]	L_Src_Sup 3.3958e-01 (2.0477e-01)	L_Trg_Inj 3.3861e-01 (3.1448e-01)	Loss Disc 6.9040e-01 (6.9143e-01)	Loss Pred 5.5377e-01 (5.6083e-01)	Loss TOTAL 9.6776e-01 (9.6622e-01)
Epoch: [36][220/496]	L_Src_Sup 2.7354e-01 (2.0449e-01)	L_Trg_Inj 2.4224e-01 (3.1314e-01)	Loss Disc 6.9188e-01 (6.9132e-01)	Loss Pred 5.6461e-01 (5.6120e-01)	Loss TOTAL 9.9342e-01 (9.6654e-01)
Epoch: [36][230/496]	L_Src_Sup 1.6217e-01 (2.0523e-01)	L_Trg_Inj 3.9078e-01 (3.1415e-01)	Loss Disc 6.9045e-01 (6.9128e-01)	Loss Pred 5.5948e-01 (5.6214e-01)	Loss TOTAL 9.6000e-01 (9.6740e-01)
Epoch: [36][240/496]	L_Src_Sup 2.3764e-01 (2.0496e-01)	L_Trg_Inj 2.1798e-01 (3.1522e-01)	Loss Disc 6.9152e-01 (6.9133e-01)	Loss Pred 5.5398e-01 (5.6196e-01)	Loss TOTAL 9.6496e-01 (9.6710e-01)
Epoch: [36][250/496]	L_Src_Sup 1.9401e-01 (2.0352e-01)	L_Trg_Inj 2.9165e-01 (3.1439e-01)	Loss Disc 6.9455e-01 (6.9135e-01)	Loss Pred 5.4315e-01 (5.6179e-01)	Loss TOTAL 9.3899e-01 (9.6685e-01)
Epoch: [36][260/496]	L_Src_Sup 2.4075e-01 (2.0366e-01)	L_Trg_Inj 3.0026e-01 (3.1465e-01)	Loss Disc 6.9473e-01 (6.9140e-01)	Loss Pred 5.1630e-01 (5.6190e-01)	Loss TOTAL 9.1777e-01 (9.6686e-01)
Epoch: [36][270/496]	L_Src_Sup 1.4898e-01 (2.0410e-01)	L_Trg_Inj 4.0659e-01 (3.1566e-01)	Loss Disc 6.9264e-01 (6.9148e-01)	Loss Pred 5.7627e-01 (5.6166e-01)	Loss TOTAL 9.7814e-01 (9.6688e-01)
Epoch: [36][280/496]	L_Src_Sup 2.7552e-01 (2.0366e-01)	L_Trg_Inj 2.7579e-01 (3.1425e-01)	Loss Disc 6.9313e-01 (6.9152e-01)	Loss Pred 5.4866e-01 (5.6177e-01)	Loss TOTAL 9.5036e-01 (9.6655e-01)
Epoch: [36][290/496]	L_Src_Sup 2.9705e-01 (2.0439e-01)	L_Trg_Inj 5.5601e-01 (3.1549e-01)	Loss Disc 6.9289e-01 (6.9156e-01)	Loss Pred 5.5413e-01 (5.6176e-01)	Loss TOTAL 9.8588e-01 (9.6669e-01)
Epoch: [36][300/496]	L_Src_Sup 2.5250e-01 (2.0493e-01)	L_Trg_Inj 3.1587e-01 (3.1588e-01)	Loss Disc 6.9316e-01 (6.9161e-01)	Loss Pred 5.4304e-01 (5.6172e-01)	Loss TOTAL 9.4646e-01 (9.6659e-01)
Epoch: [36][310/496]	L_Src_Sup 2.3764e-01 (2.0509e-01)	L_Trg_Inj 2.8992e-01 (3.1587e-01)	Loss Disc 6.9284e-01 (6.9165e-01)	Loss Pred 5.5383e-01 (5.6157e-01)	Loss TOTAL 9.5301e-01 (9.6626e-01)
Epoch: [36][320/496]	L_Src_Sup 1.2370e-01 (2.0563e-01)	L_Trg_Inj 3.7890e-01 (3.1624e-01)	Loss Disc 6.9394e-01 (6.9166e-01)	Loss Pred 5.7572e-01 (5.6140e-01)	Loss TOTAL 9.7295e-01 (9.6622e-01)
Epoch: [36][330/496]	L_Src_Sup 2.3144e-01 (2.0481e-01)	L_Trg_Inj 3.6031e-01 (3.1555e-01)	Loss Disc 6.9347e-01 (6.9169e-01)	Loss Pred 5.8669e-01 (5.6148e-01)	Loss TOTAL 9.9260e-01 (9.6618e-01)
Epoch: [36][340/496]	L_Src_Sup 1.3045e-01 (2.0524e-01)	L_Trg_Inj 2.6657e-01 (3.1566e-01)	Loss Disc 6.9396e-01 (6.9171e-01)	Loss Pred 6.0286e-01 (5.6137e-01)	Loss TOTAL 9.8954e-01 (9.6613e-01)
Epoch: [36][350/496]	L_Src_Sup 2.5654e-01 (2.0664e-01)	L_Trg_Inj 3.0234e-01 (3.1527e-01)	Loss Disc 6.9278e-01 (6.9174e-01)	Loss Pred 5.7671e-01 (5.6143e-01)	Loss TOTAL 9.7899e-01 (9.6640e-01)
Epoch: [36][360/496]	L_Src_Sup 1.6614e-01 (2.0723e-01)	L_Trg_Inj 4.1315e-01 (3.1657e-01)	Loss Disc 6.9243e-01 (6.9175e-01)	Loss Pred 5.6005e-01 (5.6126e-01)	Loss TOTAL 9.6419e-01 (9.6648e-01)
Epoch: [36][370/496]	L_Src_Sup 3.5161e-01 (2.0744e-01)	L_Trg_Inj 5.0817e-01 (3.1705e-01)	Loss Disc 6.9138e-01 (6.9177e-01)	Loss Pred 5.5057e-01 (5.6162e-01)	Loss TOTAL 9.8223e-01 (9.6721e-01)
Epoch: [36][380/496]	L_Src_Sup 3.5534e-01 (2.0914e-01)	L_Trg_Inj 3.2225e-01 (3.1897e-01)	Loss Disc 6.9261e-01 (6.9174e-01)	Loss Pred 6.0423e-01 (5.6145e-01)	Loss TOTAL 1.0514e+00 (9.6730e-01)
Epoch: [36][390/496]	L_Src_Sup 2.2915e-01 (2.0884e-01)	L_Trg_Inj 3.1302e-01 (3.1774e-01)	Loss Disc 6.9273e-01 (6.9178e-01)	Loss Pred 5.8094e-01 (5.6167e-01)	Loss TOTAL 9.8152e-01 (9.6734e-01)
Epoch: [36][400/496]	L_Src_Sup 3.2604e-01 (2.0910e-01)	L_Trg_Inj 1.8955e-01 (3.1767e-01)	Loss Disc 6.9467e-01 (6.9180e-01)	Loss Pred 6.0257e-01 (5.6182e-01)	Loss TOTAL 1.1380e+00 (9.6806e-01)
Epoch: [36][410/496]	L_Src_Sup 1.9613e-01 (2.0835e-01)	L_Trg_Inj 1.5614e-01 (3.1678e-01)	Loss Disc 6.9315e-01 (6.9182e-01)	Loss Pred 5.4925e-01 (5.6186e-01)	Loss TOTAL 9.7104e-01 (9.6786e-01)
Epoch: [36][420/496]	L_Src_Sup 2.5741e-01 (2.0752e-01)	L_Trg_Inj 1.6546e-01 (3.1528e-01)	Loss Disc 6.9334e-01 (6.9185e-01)	Loss Pred 5.5424e-01 (5.6221e-01)	Loss TOTAL 1.0351e+00 (9.6819e-01)
Epoch: [36][430/496]	L_Src_Sup 2.5491e-01 (2.0654e-01)	L_Trg_Inj 1.7379e-01 (3.1421e-01)	Loss Disc 6.9381e-01 (6.9187e-01)	Loss Pred 5.4929e-01 (5.6204e-01)	Loss TOTAL 1.0202e+00 (9.6787e-01)
Epoch: [36][440/496]	L_Src_Sup 1.0205e-01 (2.0591e-01)	L_Trg_Inj 4.3053e-01 (3.1319e-01)	Loss Disc 6.9137e-01 (6.9189e-01)	Loss Pred 5.7059e-01 (5.6232e-01)	Loss TOTAL 9.6953e-01 (9.6811e-01)
Epoch: [36][450/496]	L_Src_Sup 2.2222e-01 (2.0566e-01)	L_Trg_Inj 3.1917e-01 (3.1417e-01)	Loss Disc 6.8988e-01 (6.9187e-01)	Loss Pred 5.1709e-01 (5.6206e-01)	Loss TOTAL 9.1617e-01 (9.6774e-01)
Epoch: [36][460/496]	L_Src_Sup 1.5459e-01 (2.0538e-01)	L_Trg_Inj 3.1270e-01 (3.1344e-01)	Loss Disc 6.9252e-01 (6.9190e-01)	Loss Pred 5.5420e-01 (5.6210e-01)	Loss TOTAL 9.4719e-01 (9.6771e-01)
Epoch: [36][470/496]	L_Src_Sup 2.2566e-01 (2.0548e-01)	L_Trg_Inj 2.8024e-01 (3.1377e-01)	Loss Disc 6.9146e-01 (6.9191e-01)	Loss Pred 5.4581e-01 (5.6218e-01)	Loss TOTAL 9.4213e-01 (9.6775e-01)
Epoch: [36][480/496]	L_Src_Sup 2.9153e-01 (2.0585e-01)	L_Trg_Inj 2.1934e-01 (3.1377e-01)	Loss Disc 6.9289e-01 (6.9191e-01)	Loss Pred 5.2316e-01 (5.6212e-01)	Loss TOTAL 9.9287e-01 (9.6772e-01)
Epoch: [36][490/496]	L_Src_Sup 2.5257e-01 (2.0678e-01)	L_Trg_Inj 3.3828e-01 (3.1467e-01)	Loss Disc 6.9289e-01 (6.9191e-01)	Loss Pred 5.4326e-01 (5.6208e-01)	Loss TOTAL 9.4879e-01 (9.6780e-01)
Epoch: [36][496/496]	L_Src_Sup 2.6814e-01 (2.0744e-01)	L_Trg_Inj 3.4033e-01 (3.1462e-01)	Loss Disc 6.9195e-01 (6.9191e-01)	Loss Pred 5.5695e-01 (5.6193e-01)	Loss TOTAL 9.6378e-01 (9.6781e-01)
Epoch 36 complete. Saving model state...
Epoch: [37][ 10/496]	L_Src_Sup 1.7996e-01 (2.4657e-01)	L_Trg_Inj 2.6444e-01 (3.3518e-01)	Loss Disc 6.9330e-01 (6.9276e-01)	Loss Pred 5.5410e-01 (5.7317e-01)	Loss TOTAL 9.4519e-01 (9.8562e-01)
Epoch: [37][ 20/496]	L_Src_Sup 1.7345e-01 (2.3907e-01)	L_Trg_Inj 2.6475e-01 (3.2921e-01)	Loss Disc 6.9344e-01 (6.9279e-01)	Loss Pred 5.3814e-01 (5.6311e-01)	Loss TOTAL 9.2868e-01 (9.8036e-01)
Epoch: [37][ 30/496]	L_Src_Sup 2.9499e-01 (2.1934e-01)	L_Trg_Inj 2.6129e-01 (3.3484e-01)	Loss Disc 6.9234e-01 (6.9285e-01)	Loss Pred 5.4856e-01 (5.6379e-01)	Loss TOTAL 9.8405e-01 (9.7611e-01)
Epoch: [37][ 40/496]	L_Src_Sup 1.0551e-01 (2.1393e-01)	L_Trg_Inj 2.0432e-01 (3.1019e-01)	Loss Disc 6.9365e-01 (6.9297e-01)	Loss Pred 5.8608e-01 (5.6617e-01)	Loss TOTAL 9.6389e-01 (9.7735e-01)
Epoch: [37][ 50/496]	L_Src_Sup 3.2873e-01 (2.1204e-01)	L_Trg_Inj 3.6515e-01 (3.1756e-01)	Loss Disc 6.9337e-01 (6.9298e-01)	Loss Pred 5.9662e-01 (5.6437e-01)	Loss TOTAL 1.0127e+00 (9.7517e-01)
Epoch: [37][ 60/496]	L_Src_Sup 2.7723e-01 (2.1307e-01)	L_Trg_Inj 3.8641e-01 (3.2164e-01)	Loss Disc 6.9277e-01 (6.9297e-01)	Loss Pred 5.5385e-01 (5.6236e-01)	Loss TOTAL 9.6660e-01 (9.7401e-01)
Epoch: [37][ 70/496]	L_Src_Sup 1.9949e-01 (2.1276e-01)	L_Trg_Inj 3.2297e-01 (3.2600e-01)	Loss Disc 6.9315e-01 (6.9296e-01)	Loss Pred 6.0230e-01 (5.6291e-01)	Loss TOTAL 1.0011e+00 (9.7409e-01)
Epoch: [37][ 80/496]	L_Src_Sup 3.0314e-01 (2.1430e-01)	L_Trg_Inj 3.7501e-01 (3.2298e-01)	Loss Disc 6.9293e-01 (6.9296e-01)	Loss Pred 5.6458e-01 (5.6293e-01)	Loss TOTAL 9.7886e-01 (9.7537e-01)
Epoch: [37][ 90/496]	L_Src_Sup 1.5687e-01 (2.0997e-01)	L_Trg_Inj 3.5921e-01 (3.2561e-01)	Loss Disc 6.9259e-01 (6.9295e-01)	Loss Pred 5.4839e-01 (5.6204e-01)	Loss TOTAL 9.4629e-01 (9.7324e-01)
Epoch: [37][100/496]	L_Src_Sup 1.8557e-01 (2.0771e-01)	L_Trg_Inj 3.5490e-01 (3.2352e-01)	Loss Disc 6.9302e-01 (6.9295e-01)	Loss Pred 5.7540e-01 (5.6181e-01)	Loss TOTAL 9.7596e-01 (9.7203e-01)
Epoch: [37][110/496]	L_Src_Sup 2.6988e-01 (2.0658e-01)	L_Trg_Inj 3.1024e-01 (3.2286e-01)	Loss Disc 6.9314e-01 (6.9296e-01)	Loss Pred 6.1816e-01 (5.6324e-01)	Loss TOTAL 1.0227e+00 (9.7318e-01)
Epoch: [37][120/496]	L_Src_Sup 1.1765e-01 (2.0677e-01)	L_Trg_Inj 1.8444e-01 (3.2080e-01)	Loss Disc 6.9305e-01 (6.9295e-01)	Loss Pred 5.4846e-01 (5.6268e-01)	Loss TOTAL 9.2520e-01 (9.7181e-01)
Epoch: [37][130/496]	L_Src_Sup 1.8563e-01 (2.0503e-01)	L_Trg_Inj 2.1293e-01 (3.1742e-01)	Loss Disc 6.9323e-01 (6.9294e-01)	Loss Pred 5.7553e-01 (5.6180e-01)	Loss TOTAL 9.6200e-01 (9.6965e-01)
Epoch: [37][140/496]	L_Src_Sup 2.2651e-01 (2.0453e-01)	L_Trg_Inj 3.2134e-01 (3.1267e-01)	Loss Disc 6.9257e-01 (6.9295e-01)	Loss Pred 5.2681e-01 (5.6162e-01)	Loss TOTAL 9.2788e-01 (9.7003e-01)
Epoch: [37][150/496]	L_Src_Sup 1.9838e-01 (2.0417e-01)	L_Trg_Inj 2.4243e-01 (3.1138e-01)	Loss Disc 6.9309e-01 (6.9296e-01)	Loss Pred 5.5375e-01 (5.6201e-01)	Loss TOTAL 9.4438e-01 (9.7001e-01)
Epoch: [37][160/496]	L_Src_Sup 2.0622e-01 (2.0487e-01)	L_Trg_Inj 1.8141e-01 (3.0920e-01)	Loss Disc 6.9307e-01 (6.9296e-01)	Loss Pred 5.7541e-01 (5.6191e-01)	Loss TOTAL 9.8551e-01 (9.6983e-01)
Epoch: [37][170/496]	L_Src_Sup 2.5495e-01 (2.0684e-01)	L_Trg_Inj 2.8148e-01 (3.0832e-01)	Loss Disc 6.9305e-01 (6.9296e-01)	Loss Pred 5.4848e-01 (5.6266e-01)	Loss TOTAL 9.4865e-01 (9.7148e-01)
Epoch: [37][180/496]	L_Src_Sup 2.1930e-01 (2.0651e-01)	L_Trg_Inj 4.2674e-01 (3.0888e-01)	Loss Disc 6.9256e-01 (6.9296e-01)	Loss Pred 5.5410e-01 (5.6340e-01)	Loss TOTAL 9.6498e-01 (9.7244e-01)
Epoch: [37][190/496]	L_Src_Sup 1.5537e-01 (2.0821e-01)	L_Trg_Inj 3.6352e-01 (3.1017e-01)	Loss Disc 6.9289e-01 (6.9296e-01)	Loss Pred 5.4384e-01 (5.6361e-01)	Loss TOTAL 9.4218e-01 (9.7315e-01)
Epoch: [37][200/496]	L_Src_Sup 1.7520e-01 (2.0474e-01)	L_Trg_Inj 2.5226e-01 (3.0958e-01)	Loss Disc 6.9394e-01 (6.9296e-01)	Loss Pred 5.4361e-01 (5.6353e-01)	Loss TOTAL 9.3333e-01 (9.7218e-01)
Epoch: [37][210/496]	L_Src_Sup 1.6167e-01 (2.0433e-01)	L_Trg_Inj 3.5517e-01 (3.1186e-01)	Loss Disc 6.9267e-01 (6.9295e-01)	Loss Pred 5.6464e-01 (5.6343e-01)	Loss TOTAL 9.6266e-01 (9.7178e-01)
Epoch: [37][220/496]	L_Src_Sup 2.4921e-01 (2.0371e-01)	L_Trg_Inj 2.6398e-01 (3.1084e-01)	Loss Disc 6.9248e-01 (6.9295e-01)	Loss Pred 5.5394e-01 (5.6344e-01)	Loss TOTAL 9.5150e-01 (9.7154e-01)
Epoch: [37][230/496]	L_Src_Sup 2.8923e-01 (2.0434e-01)	L_Trg_Inj 3.0710e-01 (3.1064e-01)	Loss Disc 6.9219e-01 (6.9294e-01)	Loss Pred 5.3805e-01 (5.6326e-01)	Loss TOTAL 9.4378e-01 (9.7111e-01)
Epoch: [37][240/496]	L_Src_Sup 1.7275e-01 (2.0450e-01)	L_Trg_Inj 3.8377e-01 (3.1168e-01)	Loss Disc 6.9127e-01 (6.9291e-01)	Loss Pred 5.4373e-01 (5.6350e-01)	Loss TOTAL 9.4502e-01 (9.7190e-01)
Epoch: [37][250/496]	L_Src_Sup 1.5238e-01 (2.0497e-01)	L_Trg_Inj 2.9815e-01 (3.1205e-01)	Loss Disc 6.9248e-01 (6.9289e-01)	Loss Pred 5.3355e-01 (5.6356e-01)	Loss TOTAL 9.2485e-01 (9.7162e-01)
Epoch: [37][260/496]	L_Src_Sup 1.6823e-01 (2.0542e-01)	L_Trg_Inj 2.6807e-01 (3.0888e-01)	Loss Disc 6.9190e-01 (6.9289e-01)	Loss Pred 5.2216e-01 (5.6317e-01)	Loss TOTAL 9.1174e-01 (9.7174e-01)
Epoch: [37][270/496]	L_Src_Sup 2.1358e-01 (2.0510e-01)	L_Trg_Inj 3.5292e-01 (3.0649e-01)	Loss Disc 6.9269e-01 (6.9290e-01)	Loss Pred 5.4469e-01 (5.6342e-01)	Loss TOTAL 9.4768e-01 (9.7214e-01)
Epoch: [37][280/496]	L_Src_Sup 1.7424e-01 (2.0429e-01)	L_Trg_Inj 1.7079e-01 (3.0565e-01)	Loss Disc 6.9253e-01 (6.9288e-01)	Loss Pred 5.4901e-01 (5.6335e-01)	Loss TOTAL 9.3323e-01 (9.7151e-01)
Epoch: [37][290/496]	L_Src_Sup 2.8278e-01 (2.0403e-01)	L_Trg_Inj 1.7973e-01 (3.0474e-01)	Loss Disc 6.9392e-01 (6.9288e-01)	Loss Pred 6.0206e-01 (5.6307e-01)	Loss TOTAL 1.0983e+00 (9.7118e-01)
Epoch: [37][300/496]	L_Src_Sup 1.6001e-01 (2.0397e-01)	L_Trg_Inj 1.8716e-01 (3.0477e-01)	Loss Disc 6.9256e-01 (6.9287e-01)	Loss Pred 5.5931e-01 (5.6302e-01)	Loss TOTAL 9.4030e-01 (9.7079e-01)
Epoch: [37][310/496]	L_Src_Sup 1.5849e-01 (2.0436e-01)	L_Trg_Inj 2.2941e-01 (3.0488e-01)	Loss Disc 6.9287e-01 (6.9288e-01)	Loss Pred 5.5441e-01 (5.6334e-01)	Loss TOTAL 9.3963e-01 (9.7135e-01)
Epoch: [37][320/496]	L_Src_Sup 2.0410e-01 (2.0485e-01)	L_Trg_Inj 3.0389e-01 (3.0469e-01)	Loss Disc 6.9364e-01 (6.9288e-01)	Loss Pred 5.6994e-01 (5.6281e-01)	Loss TOTAL 9.6756e-01 (9.7105e-01)
Epoch: [37][330/496]	L_Src_Sup 1.8191e-01 (2.0528e-01)	L_Trg_Inj 4.8021e-01 (3.0662e-01)	Loss Disc 6.9245e-01 (6.9288e-01)	Loss Pred 5.6460e-01 (5.6269e-01)	Loss TOTAL 9.7704e-01 (9.7085e-01)
Epoch: [37][340/496]	L_Src_Sup 1.1438e-01 (2.0494e-01)	L_Trg_Inj 2.9048e-01 (3.0694e-01)	Loss Disc 6.9274e-01 (6.9288e-01)	Loss Pred 5.3212e-01 (5.6240e-01)	Loss TOTAL 9.1898e-01 (9.7039e-01)
Epoch: [37][350/496]	L_Src_Sup 3.0314e-01 (2.0534e-01)	L_Trg_Inj 3.5358e-01 (3.0742e-01)	Loss Disc 6.9298e-01 (6.9288e-01)	Loss Pred 5.8101e-01 (5.6207e-01)	Loss TOTAL 9.9318e-01 (9.7016e-01)
Epoch: [37][360/496]	L_Src_Sup 2.0203e-01 (2.0537e-01)	L_Trg_Inj 4.1111e-01 (3.0801e-01)	Loss Disc 6.9272e-01 (6.9288e-01)	Loss Pred 5.6460e-01 (5.6204e-01)	Loss TOTAL 9.7228e-01 (9.7018e-01)
Epoch: [37][370/496]	L_Src_Sup 1.6866e-01 (2.0481e-01)	L_Trg_Inj 3.3312e-01 (3.0906e-01)	Loss Disc 6.9276e-01 (6.9288e-01)	Loss Pred 5.2142e-01 (5.6203e-01)	Loss TOTAL 9.1798e-01 (9.7013e-01)
Epoch: [37][380/496]	L_Src_Sup 3.1250e-01 (2.0503e-01)	L_Trg_Inj 3.3543e-01 (3.1041e-01)	Loss Disc 6.9191e-01 (6.9287e-01)	Loss Pred 5.8100e-01 (5.6202e-01)	Loss TOTAL 9.9174e-01 (9.7004e-01)
Epoch: [37][390/496]	L_Src_Sup 1.4442e-01 (2.0446e-01)	L_Trg_Inj 3.9824e-01 (3.1117e-01)	Loss Disc 6.9140e-01 (6.9286e-01)	Loss Pred 5.7557e-01 (5.6180e-01)	Loss TOTAL 9.7553e-01 (9.6964e-01)
Epoch: [37][400/496]	L_Src_Sup 3.0311e-01 (2.0562e-01)	L_Trg_Inj 3.0609e-01 (3.1236e-01)	Loss Disc 6.9267e-01 (6.9285e-01)	Loss Pred 5.6469e-01 (5.6197e-01)	Loss TOTAL 9.7195e-01 (9.7025e-01)
Epoch: [37][410/496]	L_Src_Sup 1.7269e-01 (2.0514e-01)	L_Trg_Inj 3.3899e-01 (3.1272e-01)	Loss Disc 6.9148e-01 (6.9285e-01)	Loss Pred 5.9749e-01 (5.6183e-01)	Loss TOTAL 9.9440e-01 (9.6986e-01)
Epoch: [37][420/496]	L_Src_Sup 1.6027e-01 (2.0516e-01)	L_Trg_Inj 3.2620e-01 (3.1301e-01)	Loss Disc 6.9226e-01 (6.9284e-01)	Loss Pred 5.5913e-01 (5.6196e-01)	Loss TOTAL 9.5391e-01 (9.6983e-01)
Epoch: [37][430/496]	L_Src_Sup 1.0871e-01 (2.0478e-01)	L_Trg_Inj 3.8345e-01 (3.1396e-01)	Loss Disc 6.9023e-01 (6.9284e-01)	Loss Pred 6.0282e-01 (5.6201e-01)	Loss TOTAL 9.9715e-01 (9.6983e-01)
Epoch: [37][440/496]	L_Src_Sup 1.9446e-01 (2.0441e-01)	L_Trg_Inj 3.5297e-01 (3.1365e-01)	Loss Disc 6.9461e-01 (6.9284e-01)	Loss Pred 5.4330e-01 (5.6223e-01)	Loss TOTAL 9.4535e-01 (9.6976e-01)
Epoch: [37][450/496]	L_Src_Sup 1.7648e-01 (2.0480e-01)	L_Trg_Inj 2.2828e-01 (3.1349e-01)	Loss Disc 6.9359e-01 (6.9285e-01)	Loss Pred 5.5286e-01 (5.6212e-01)	Loss TOTAL 9.4013e-01 (9.6964e-01)
Epoch: [37][460/496]	L_Src_Sup 2.4097e-01 (2.0453e-01)	L_Trg_Inj 3.9246e-01 (3.1404e-01)	Loss Disc 6.9260e-01 (6.9285e-01)	Loss Pred 5.5928e-01 (5.6211e-01)	Loss TOTAL 9.6892e-01 (9.6952e-01)
Epoch: [37][470/496]	L_Src_Sup 2.1434e-01 (2.0425e-01)	L_Trg_Inj 4.4515e-01 (3.1432e-01)	Loss Disc 6.9401e-01 (6.9286e-01)	Loss Pred 5.3297e-01 (5.6232e-01)	Loss TOTAL 9.4592e-01 (9.6963e-01)
Epoch: [37][480/496]	L_Src_Sup 1.6337e-01 (2.0398e-01)	L_Trg_Inj 2.7909e-01 (3.1497e-01)	Loss Disc 6.9287e-01 (6.9286e-01)	Loss Pred 5.7010e-01 (5.6230e-01)	Loss TOTAL 9.6078e-01 (9.6946e-01)
Epoch: [37][490/496]	L_Src_Sup 2.5887e-01 (2.0434e-01)	L_Trg_Inj 3.5495e-01 (3.1550e-01)	Loss Disc 6.9310e-01 (6.9286e-01)	Loss Pred 5.2818e-01 (5.6198e-01)	Loss TOTAL 9.3611e-01 (9.6941e-01)
Epoch: [37][496/496]	L_Src_Sup 2.1838e-01 (2.0410e-01)	L_Trg_Inj 2.5967e-01 (3.1543e-01)	Loss Disc 6.9291e-01 (6.9286e-01)	Loss Pred 5.5379e-01 (5.6194e-01)	Loss TOTAL 9.4805e-01 (9.6922e-01)
Epoch 37 complete. Saving model state...
Epoch: [38][ 10/496]	L_Src_Sup 1.1770e-01 (1.9573e-01)	L_Trg_Inj 2.7609e-01 (2.7070e-01)	Loss Disc 6.9302e-01 (6.9282e-01)	Loss Pred 5.4842e-01 (5.4837e-01)	Loss TOTAL 9.3431e-01 (9.5098e-01)
Epoch: [38][ 20/496]	L_Src_Sup 1.9233e-01 (2.0668e-01)	L_Trg_Inj 2.0186e-01 (2.8493e-01)	Loss Disc 6.9235e-01 (6.9286e-01)	Loss Pred 5.3735e-01 (5.5986e-01)	Loss TOTAL 9.2295e-01 (9.6181e-01)
Epoch: [38][ 30/496]	L_Src_Sup 2.1293e-01 (2.0802e-01)	L_Trg_Inj 3.5626e-01 (3.2007e-01)	Loss Disc 6.9446e-01 (6.9280e-01)	Loss Pred 5.9199e-01 (5.5917e-01)	Loss TOTAL 9.9614e-01 (9.6374e-01)
Epoch: [38][ 40/496]	L_Src_Sup 2.2002e-01 (2.0494e-01)	L_Trg_Inj 3.4100e-01 (3.3167e-01)	Loss Disc 6.9375e-01 (6.9276e-01)	Loss Pred 5.5912e-01 (5.5711e-01)	Loss TOTAL 9.6210e-01 (9.6176e-01)
Epoch: [38][ 50/496]	L_Src_Sup 1.7178e-01 (2.0696e-01)	L_Trg_Inj 4.0049e-01 (3.2929e-01)	Loss Disc 6.9277e-01 (6.9278e-01)	Loss Pred 5.3243e-01 (5.5522e-01)	Loss TOTAL 9.3604e-01 (9.6050e-01)
Epoch: [38][ 60/496]	L_Src_Sup 1.6005e-01 (2.0448e-01)	L_Trg_Inj 3.1387e-01 (3.3479e-01)	Loss Disc 6.9088e-01 (6.9265e-01)	Loss Pred 5.5931e-01 (5.5559e-01)	Loss TOTAL 9.5214e-01 (9.6022e-01)
Epoch: [38][ 70/496]	L_Src_Sup 2.5824e-01 (2.0753e-01)	L_Trg_Inj 2.3248e-01 (3.3301e-01)	Loss Disc 6.9203e-01 (6.9251e-01)	Loss Pred 5.3320e-01 (5.5664e-01)	Loss TOTAL 9.5405e-01 (9.6172e-01)
Epoch: [38][ 80/496]	L_Src_Sup 3.2379e-01 (2.1555e-01)	L_Trg_Inj 4.5491e-01 (3.3896e-01)	Loss Disc 6.8976e-01 (6.9245e-01)	Loss Pred 5.3198e-01 (5.5819e-01)	Loss TOTAL 9.5473e-01 (9.6586e-01)
Epoch: [38][ 90/496]	L_Src_Sup 2.4524e-01 (2.1830e-01)	L_Trg_Inj 2.6930e-01 (3.4865e-01)	Loss Disc 6.9059e-01 (6.9220e-01)	Loss Pred 5.4425e-01 (5.5852e-01)	Loss TOTAL 9.4099e-01 (9.6663e-01)
Epoch: [38][100/496]	L_Src_Sup 2.2376e-01 (2.1731e-01)	L_Trg_Inj 2.2550e-01 (3.4901e-01)	Loss Disc 6.9403e-01 (6.9214e-01)	Loss Pred 5.9676e-01 (5.5832e-01)	Loss TOTAL 9.8869e-01 (9.6743e-01)
Epoch: [38][110/496]	L_Src_Sup 1.6343e-01 (2.1556e-01)	L_Trg_Inj 2.3843e-01 (3.4177e-01)	Loss Disc 6.9225e-01 (6.9223e-01)	Loss Pred 5.7017e-01 (5.6005e-01)	Loss TOTAL 9.5648e-01 (9.6866e-01)
Epoch: [38][120/496]	L_Src_Sup 2.0400e-01 (2.1419e-01)	L_Trg_Inj 2.9433e-01 (3.4240e-01)	Loss Disc 6.9024e-01 (6.9219e-01)	Loss Pred 5.1621e-01 (5.6000e-01)	Loss TOTAL 9.1116e-01 (9.6795e-01)
Epoch: [38][130/496]	L_Src_Sup 2.0632e-01 (2.1289e-01)	L_Trg_Inj 2.0936e-01 (3.3943e-01)	Loss Disc 6.9235e-01 (6.9224e-01)	Loss Pred 5.7632e-01 (5.6067e-01)	Loss TOTAL 9.6407e-01 (9.6825e-01)
Epoch: [38][140/496]	L_Src_Sup 2.7477e-01 (2.1185e-01)	L_Trg_Inj 1.8544e-01 (3.3554e-01)	Loss Disc 6.9238e-01 (6.9224e-01)	Loss Pred 5.4877e-01 (5.6079e-01)	Loss TOTAL 1.0303e+00 (9.6864e-01)
Epoch: [38][150/496]	L_Src_Sup 2.7745e-01 (2.1373e-01)	L_Trg_Inj 3.6048e-01 (3.3163e-01)	Loss Disc 6.9253e-01 (6.9228e-01)	Loss Pred 5.5417e-01 (5.6089e-01)	Loss TOTAL 9.6423e-01 (9.6986e-01)
Epoch: [38][160/496]	L_Src_Sup 5.7693e-02 (2.1230e-01)	L_Trg_Inj 3.2242e-01 (3.3013e-01)	Loss Disc 6.9270e-01 (6.9233e-01)	Loss Pred 5.3764e-01 (5.6064e-01)	Loss TOTAL 9.2200e-01 (9.6912e-01)
Epoch: [38][170/496]	L_Src_Sup 1.1880e-01 (2.1127e-01)	L_Trg_Inj 2.3433e-01 (3.2925e-01)	Loss Disc 6.9171e-01 (6.9232e-01)	Loss Pred 5.5436e-01 (5.6072e-01)	Loss TOTAL 9.3553e-01 (9.6852e-01)
Epoch: [38][180/496]	L_Src_Sup 1.7997e-01 (2.1147e-01)	L_Trg_Inj 3.7538e-01 (3.2417e-01)	Loss Disc 6.9265e-01 (6.9236e-01)	Loss Pred 5.5974e-01 (5.6105e-01)	Loss TOTAL 9.6160e-01 (9.7007e-01)
Epoch: [38][190/496]	L_Src_Sup 1.7476e-01 (2.1112e-01)	L_Trg_Inj 3.7465e-01 (3.2366e-01)	Loss Disc 6.9169e-01 (6.9235e-01)	Loss Pred 5.4296e-01 (5.6054e-01)	Loss TOTAL 9.4374e-01 (9.6956e-01)
Epoch: [38][200/496]	L_Src_Sup 2.4724e-01 (2.1133e-01)	L_Trg_Inj 1.7418e-01 (3.2359e-01)	Loss Disc 6.9663e-01 (6.9237e-01)	Loss Pred 6.1961e-01 (5.6037e-01)	Loss TOTAL 1.0831e+00 (9.6931e-01)
Epoch: [38][210/496]	L_Src_Sup 1.8000e-01 (2.1030e-01)	L_Trg_Inj 2.6704e-01 (3.2412e-01)	Loss Disc 6.9502e-01 (6.9236e-01)	Loss Pred 5.5923e-01 (5.5929e-01)	Loss TOTAL 9.5144e-01 (9.6774e-01)
Epoch: [38][220/496]	L_Src_Sup 1.1766e-01 (2.0951e-01)	L_Trg_Inj 2.0261e-01 (3.2131e-01)	Loss Disc 6.9243e-01 (6.9238e-01)	Loss Pred 5.4826e-01 (5.5917e-01)	Loss TOTAL 9.2650e-01 (9.6722e-01)
Epoch: [38][230/496]	L_Src_Sup 1.2771e-01 (2.0870e-01)	L_Trg_Inj 3.1947e-01 (3.2148e-01)	Loss Disc 6.9412e-01 (6.9238e-01)	Loss Pred 5.9286e-01 (5.5883e-01)	Loss TOTAL 9.8464e-01 (9.6644e-01)
Epoch: [38][240/496]	L_Src_Sup 1.3840e-01 (2.0726e-01)	L_Trg_Inj 2.2714e-01 (3.1812e-01)	Loss Disc 6.9179e-01 (6.9241e-01)	Loss Pred 5.2019e-01 (5.5892e-01)	Loss TOTAL 9.0264e-01 (9.6607e-01)
Epoch: [38][250/496]	L_Src_Sup 2.2469e-01 (2.0743e-01)	L_Trg_Inj 3.2882e-01 (3.1768e-01)	Loss Disc 6.9203e-01 (6.9242e-01)	Loss Pred 5.2096e-01 (5.5935e-01)	Loss TOTAL 9.2233e-01 (9.6659e-01)
Epoch: [38][260/496]	L_Src_Sup 1.4735e-01 (2.0630e-01)	L_Trg_Inj 3.0078e-01 (3.1722e-01)	Loss Disc 6.9065e-01 (6.9242e-01)	Loss Pred 5.3666e-01 (5.5976e-01)	Loss TOTAL 9.2680e-01 (9.6715e-01)
Epoch: [38][270/496]	L_Src_Sup 1.9611e-01 (2.0617e-01)	L_Trg_Inj 3.4764e-01 (3.1639e-01)	Loss Disc 6.9070e-01 (6.9241e-01)	Loss Pred 5.4826e-01 (5.6007e-01)	Loss TOTAL 9.4798e-01 (9.6764e-01)
Epoch: [38][280/496]	L_Src_Sup 1.6848e-01 (2.0642e-01)	L_Trg_Inj 4.3825e-01 (3.1627e-01)	Loss Disc 6.9356e-01 (6.9243e-01)	Loss Pred 5.9214e-01 (5.5998e-01)	Loss TOTAL 9.9959e-01 (9.6827e-01)
Epoch: [38][290/496]	L_Src_Sup 1.5396e-01 (2.0516e-01)	L_Trg_Inj 3.5533e-01 (3.1635e-01)	Loss Disc 6.9447e-01 (6.9244e-01)	Loss Pred 6.0865e-01 (5.5986e-01)	Loss TOTAL 1.0068e+00 (9.6770e-01)
Epoch: [38][300/496]	L_Src_Sup 2.6287e-01 (2.0512e-01)	L_Trg_Inj 4.1657e-01 (3.1679e-01)	Loss Disc 6.9264e-01 (6.9244e-01)	Loss Pred 5.6460e-01 (5.6026e-01)	Loss TOTAL 9.7887e-01 (9.6782e-01)
Epoch: [38][310/496]	L_Src_Sup 2.6976e-01 (2.0346e-01)	L_Trg_Inj 2.9857e-01 (3.1491e-01)	Loss Disc 6.9157e-01 (6.9246e-01)	Loss Pred 5.3763e-01 (5.6056e-01)	Loss TOTAL 9.4025e-01 (9.6753e-01)
Epoch: [38][320/496]	L_Src_Sup 1.8787e-01 (2.0248e-01)	L_Trg_Inj 2.4737e-01 (3.1332e-01)	Loss Disc 6.9348e-01 (6.9248e-01)	Loss Pred 5.8086e-01 (5.6070e-01)	Loss TOTAL 9.7112e-01 (9.6715e-01)
Epoch: [38][330/496]	L_Src_Sup 1.7821e-01 (2.0226e-01)	L_Trg_Inj 1.2296e-01 (3.1049e-01)	Loss Disc 6.9307e-01 (6.9250e-01)	Loss Pred 5.8152e-01 (5.6102e-01)	Loss TOTAL 1.0134e+00 (9.6750e-01)
Epoch: [38][340/496]	L_Src_Sup 2.5315e-01 (2.0260e-01)	L_Trg_Inj 3.1109e-01 (3.0953e-01)	Loss Disc 6.9186e-01 (6.9250e-01)	Loss Pred 5.4350e-01 (5.6096e-01)	Loss TOTAL 9.4585e-01 (9.6749e-01)
Epoch: [38][350/496]	L_Src_Sup 1.0527e-01 (2.0318e-01)	L_Trg_Inj 3.8719e-01 (3.1064e-01)	Loss Disc 6.9285e-01 (6.9250e-01)	Loss Pred 5.8632e-01 (5.6127e-01)	Loss TOTAL 9.8199e-01 (9.6815e-01)
Epoch: [38][360/496]	L_Src_Sup 1.8183e-01 (2.0401e-01)	L_Trg_Inj 2.7467e-01 (3.1126e-01)	Loss Disc 6.9408e-01 (6.9250e-01)	Loss Pred 5.6460e-01 (5.6129e-01)	Loss TOTAL 9.5730e-01 (9.6814e-01)
Epoch: [38][370/496]	L_Src_Sup 2.2301e-01 (2.0403e-01)	L_Trg_Inj 2.6774e-01 (3.1083e-01)	Loss Disc 6.9301e-01 (6.9252e-01)	Loss Pred 5.7524e-01 (5.6180e-01)	Loss TOTAL 9.7082e-01 (9.6839e-01)
Epoch: [38][380/496]	L_Src_Sup 2.9138e-01 (2.0395e-01)	L_Trg_Inj 3.0996e-01 (3.1098e-01)	Loss Disc 6.9253e-01 (6.9254e-01)	Loss Pred 5.4385e-01 (5.6226e-01)	Loss TOTAL 9.5024e-01 (9.6874e-01)
Epoch: [38][390/496]	L_Src_Sup 2.8642e-01 (2.0379e-01)	L_Trg_Inj 3.2314e-01 (3.1205e-01)	Loss Disc 6.9302e-01 (6.9254e-01)	Loss Pred 5.6487e-01 (5.6229e-01)	Loss TOTAL 9.7234e-01 (9.6867e-01)
Epoch: [38][400/496]	L_Src_Sup 3.0004e-01 (2.0412e-01)	L_Trg_Inj 3.0354e-01 (3.1240e-01)	Loss Disc 6.9193e-01 (6.9254e-01)	Loss Pred 5.5934e-01 (5.6221e-01)	Loss TOTAL 9.6566e-01 (9.6850e-01)
Epoch: [38][410/496]	L_Src_Sup 2.7374e-01 (2.0494e-01)	L_Trg_Inj 4.3464e-01 (3.1215e-01)	Loss Disc 6.9299e-01 (6.9255e-01)	Loss Pred 5.8540e-01 (5.6244e-01)	Loss TOTAL 1.0027e+00 (9.6868e-01)
Epoch: [38][420/496]	L_Src_Sup 1.6720e-01 (2.0554e-01)	L_Trg_Inj 3.6104e-01 (3.1255e-01)	Loss Disc 6.9203e-01 (6.9254e-01)	Loss Pred 5.4951e-01 (5.6238e-01)	Loss TOTAL 9.4835e-01 (9.6942e-01)
Epoch: [38][430/496]	L_Src_Sup 2.3254e-01 (2.0638e-01)	L_Trg_Inj 2.7956e-01 (3.1403e-01)	Loss Disc 6.9163e-01 (6.9252e-01)	Loss Pred 5.4010e-01 (5.6230e-01)	Loss TOTAL 9.3712e-01 (9.6935e-01)
Epoch: [38][440/496]	L_Src_Sup 2.5555e-01 (2.0656e-01)	L_Trg_Inj 2.4965e-01 (3.1348e-01)	Loss Disc 6.9258e-01 (6.9251e-01)	Loss Pred 5.9110e-01 (5.6224e-01)	Loss TOTAL 9.9381e-01 (9.6920e-01)
Epoch: [38][450/496]	L_Src_Sup 1.8367e-01 (2.0691e-01)	L_Trg_Inj 3.0000e-01 (3.1250e-01)	Loss Disc 6.9185e-01 (6.9251e-01)	Loss Pred 5.7007e-01 (5.6250e-01)	Loss TOTAL 9.6436e-01 (9.6934e-01)
Epoch: [38][460/496]	L_Src_Sup 1.8185e-01 (2.0651e-01)	L_Trg_Inj 4.0338e-01 (3.1247e-01)	Loss Disc 6.9151e-01 (6.9251e-01)	Loss Pred 5.6468e-01 (5.6262e-01)	Loss TOTAL 9.6896e-01 (9.6945e-01)
Epoch: [38][470/496]	L_Src_Sup 2.3847e-01 (2.0678e-01)	L_Trg_Inj 4.4594e-01 (3.1328e-01)	Loss Disc 6.9244e-01 (6.9251e-01)	Loss Pred 5.6080e-01 (5.6249e-01)	Loss TOTAL 9.7546e-01 (9.6929e-01)
Epoch: [38][480/496]	L_Src_Sup 2.6668e-01 (2.0639e-01)	L_Trg_Inj 2.6132e-01 (3.1337e-01)	Loss Disc 6.9155e-01 (6.9249e-01)	Loss Pred 5.3340e-01 (5.6254e-01)	Loss TOTAL 9.3734e-01 (9.6914e-01)
Epoch: [38][490/496]	L_Src_Sup 2.1837e-01 (2.0604e-01)	L_Trg_Inj 3.5778e-01 (3.1278e-01)	Loss Disc 6.9038e-01 (6.9249e-01)	Loss Pred 5.0645e-01 (5.6221e-01)	Loss TOTAL 9.0926e-01 (9.6882e-01)
Epoch: [38][496/496]	L_Src_Sup 1.1112e-01 (2.0559e-01)	L_Trg_Inj 3.8763e-01 (3.1313e-01)	Loss Disc 6.9170e-01 (6.9249e-01)	Loss Pred 5.1682e-01 (5.6217e-01)	Loss TOTAL 9.1254e-01 (9.6867e-01)
Epoch 38 complete. Saving model state...
Epoch: [39][ 10/496]	L_Src_Sup 1.9608e-01 (2.0205e-01)	L_Trg_Inj 2.2118e-01 (2.8383e-01)	Loss Disc 6.9272e-01 (6.9306e-01)	Loss Pred 5.9124e-01 (5.7047e-01)	Loss TOTAL 9.7933e-01 (9.7079e-01)
Epoch: [39][ 20/496]	L_Src_Sup 2.1154e-01 (2.0536e-01)	L_Trg_Inj 2.1823e-01 (2.5490e-01)	Loss Disc 6.9236e-01 (6.9305e-01)	Loss Pred 5.3812e-01 (5.6781e-01)	Loss TOTAL 9.2728e-01 (9.7486e-01)
Epoch: [39][ 30/496]	L_Src_Sup 1.6496e-01 (1.9707e-01)	L_Trg_Inj 1.9807e-01 (2.6305e-01)	Loss Disc 6.9368e-01 (6.9298e-01)	Loss Pred 5.7528e-01 (5.6515e-01)	Loss TOTAL 9.5843e-01 (9.6793e-01)
Epoch: [39][ 40/496]	L_Src_Sup 1.6163e-01 (1.9584e-01)	L_Trg_Inj 2.2885e-01 (2.6408e-01)	Loss Disc 6.9307e-01 (6.9300e-01)	Loss Pred 5.6459e-01 (5.6409e-01)	Loss TOTAL 9.5017e-01 (9.6650e-01)
Epoch: [39][ 50/496]	L_Src_Sup 2.6264e-01 (2.0083e-01)	L_Trg_Inj 1.7680e-01 (2.6351e-01)	Loss Disc 6.9301e-01 (6.9299e-01)	Loss Pred 5.6459e-01 (5.6430e-01)	Loss TOTAL 1.0409e+00 (9.6852e-01)
Epoch: [39][ 60/496]	L_Src_Sup 2.0347e-01 (1.9774e-01)	L_Trg_Inj 1.3553e-01 (2.5700e-01)	Loss Disc 6.9196e-01 (6.9296e-01)	Loss Pred 6.0240e-01 (5.6268e-01)	Loss TOTAL 1.0502e+00 (9.6748e-01)
Epoch: [39][ 70/496]	L_Src_Sup 2.3408e-01 (2.0465e-01)	L_Trg_Inj 2.1776e-01 (2.6341e-01)	Loss Disc 6.9307e-01 (6.9301e-01)	Loss Pred 5.9158e-01 (5.6154e-01)	Loss TOTAL 9.9962e-01 (9.6946e-01)
Epoch: [39][ 80/496]	L_Src_Sup 1.3048e-01 (2.0232e-01)	L_Trg_Inj 3.3238e-01 (2.7337e-01)	Loss Disc 6.9306e-01 (6.9300e-01)	Loss Pred 6.0229e-01 (5.6260e-01)	Loss TOTAL 9.9511e-01 (9.6945e-01)
Epoch: [39][ 90/496]	L_Src_Sup 1.9611e-01 (2.0080e-01)	L_Trg_Inj 3.5436e-01 (2.7358e-01)	Loss Disc 6.9229e-01 (6.9299e-01)	Loss Pred 5.4858e-01 (5.6165e-01)	Loss TOTAL 9.4978e-01 (9.6742e-01)
Epoch: [39][100/496]	L_Src_Sup 7.9248e-02 (1.9785e-01)	L_Trg_Inj 6.0791e-01 (2.7980e-01)	Loss Disc 6.9180e-01 (6.9296e-01)	Loss Pred 5.5425e-01 (5.6122e-01)	Loss TOTAL 9.6886e-01 (9.6714e-01)
Epoch: [39][110/496]	L_Src_Sup 1.6184e-01 (2.0238e-01)	L_Trg_Inj 3.6836e-01 (2.9527e-01)	Loss Disc 6.9068e-01 (6.9288e-01)	Loss Pred 5.6510e-01 (5.6188e-01)	Loss TOTAL 9.6346e-01 (9.6961e-01)
Epoch: [39][120/496]	L_Src_Sup 1.6339e-01 (2.0463e-01)	L_Trg_Inj 3.2322e-01 (3.0173e-01)	Loss Disc 6.9461e-01 (6.9285e-01)	Loss Pred 5.6998e-01 (5.6199e-01)	Loss TOTAL 9.6594e-01 (9.6969e-01)
Epoch: [39][130/496]	L_Src_Sup 1.5098e-01 (2.0383e-01)	L_Trg_Inj 3.2587e-01 (3.0102e-01)	Loss Disc 6.9181e-01 (6.9286e-01)	Loss Pred 5.2702e-01 (5.6179e-01)	Loss TOTAL 9.2061e-01 (9.6936e-01)
Epoch: [39][140/496]	L_Src_Sup 2.6537e-01 (2.0434e-01)	L_Trg_Inj 2.5509e-01 (3.0286e-01)	Loss Disc 6.9303e-01 (6.9283e-01)	Loss Pred 5.6995e-01 (5.6145e-01)	Loss TOTAL 9.7879e-01 (9.6858e-01)
Epoch: [39][150/496]	L_Src_Sup 1.4001e-01 (2.0234e-01)	L_Trg_Inj 2.9980e-01 (3.0476e-01)	Loss Disc 6.9157e-01 (6.9281e-01)	Loss Pred 5.5925e-01 (5.6118e-01)	Loss TOTAL 9.4902e-01 (9.6762e-01)
Epoch: [39][160/496]	L_Src_Sup 2.6027e-01 (2.0150e-01)	L_Trg_Inj 3.7884e-01 (3.0724e-01)	Loss Disc 6.9280e-01 (6.9280e-01)	Loss Pred 5.5920e-01 (5.6130e-01)	Loss TOTAL 9.6951e-01 (9.6732e-01)
Epoch: [39][170/496]	L_Src_Sup 2.8006e-01 (2.0341e-01)	L_Trg_Inj 2.4507e-01 (3.0616e-01)	Loss Disc 6.9353e-01 (6.9279e-01)	Loss Pred 5.5917e-01 (5.6051e-01)	Loss TOTAL 9.9344e-01 (9.6738e-01)
Epoch: [39][180/496]	L_Src_Sup 1.2248e-01 (2.0332e-01)	L_Trg_Inj 3.9657e-01 (3.0881e-01)	Loss Disc 6.9317e-01 (6.9279e-01)	Loss Pred 5.7020e-01 (5.6086e-01)	Loss TOTAL 9.6869e-01 (9.6761e-01)
Epoch: [39][190/496]	L_Src_Sup 9.5246e-02 (2.0251e-01)	L_Trg_Inj 5.1413e-01 (3.0992e-01)	Loss Disc 6.9173e-01 (6.9278e-01)	Loss Pred 5.3191e-01 (5.6058e-01)	Loss TOTAL 9.3871e-01 (9.6687e-01)
Epoch: [39][200/496]	L_Src_Sup 1.4604e-01 (2.0095e-01)	L_Trg_Inj 3.8629e-01 (3.1069e-01)	Loss Disc 6.9199e-01 (6.9277e-01)	Loss Pred 5.8114e-01 (5.6065e-01)	Loss TOTAL 9.8036e-01 (9.6642e-01)
Epoch: [39][210/496]	L_Src_Sup 1.8948e-01 (2.0139e-01)	L_Trg_Inj 3.3777e-01 (3.0858e-01)	Loss Disc 6.9305e-01 (6.9279e-01)	Loss Pred 5.8652e-01 (5.6147e-01)	Loss TOTAL 9.8577e-01 (9.6773e-01)
Epoch: [39][220/496]	L_Src_Sup 2.5037e-01 (2.0128e-01)	L_Trg_Inj 3.0739e-01 (3.1044e-01)	Loss Disc 6.9309e-01 (6.9279e-01)	Loss Pred 5.6457e-01 (5.6104e-01)	Loss TOTAL 9.6689e-01 (9.6744e-01)
Epoch: [39][230/496]	L_Src_Sup 1.4593e-01 (2.0184e-01)	L_Trg_Inj 4.4321e-01 (3.1142e-01)	Loss Disc 6.9257e-01 (6.9278e-01)	Loss Pred 5.7545e-01 (5.6096e-01)	Loss TOTAL 9.8065e-01 (9.6716e-01)
Epoch: [39][240/496]	L_Src_Sup 1.5421e-01 (2.0100e-01)	L_Trg_Inj 3.0692e-01 (3.1036e-01)	Loss Disc 6.9264e-01 (6.9279e-01)	Loss Pred 5.7010e-01 (5.6107e-01)	Loss TOTAL 9.6253e-01 (9.6750e-01)
Epoch: [39][250/496]	L_Src_Sup 2.1218e-01 (2.0109e-01)	L_Trg_Inj 2.3891e-01 (3.1134e-01)	Loss Disc 6.9252e-01 (6.9278e-01)	Loss Pred 5.3758e-01 (5.6119e-01)	Loss TOTAL 9.2895e-01 (9.6749e-01)
Epoch: [39][260/496]	L_Src_Sup 1.8184e-01 (2.0198e-01)	L_Trg_Inj 3.8049e-01 (3.1163e-01)	Loss Disc 6.9247e-01 (6.9278e-01)	Loss Pred 5.6456e-01 (5.6109e-01)	Loss TOTAL 9.6703e-01 (9.6727e-01)
Epoch: [39][270/496]	L_Src_Sup 2.0001e-01 (2.0351e-01)	L_Trg_Inj 5.7877e-01 (3.1463e-01)	Loss Disc 6.9361e-01 (6.9277e-01)	Loss Pred 6.1335e-01 (5.6138e-01)	Loss TOTAL 1.0380e+00 (9.6789e-01)
Epoch: [39][280/496]	L_Src_Sup 2.0425e-01 (2.0385e-01)	L_Trg_Inj 2.4954e-01 (3.1614e-01)	Loss Disc 6.9340e-01 (6.9275e-01)	Loss Pred 5.6989e-01 (5.6175e-01)	Loss TOTAL 9.6196e-01 (9.6849e-01)
Epoch: [39][290/496]	L_Src_Sup 1.7326e-01 (2.0306e-01)	L_Trg_Inj 4.8838e-01 (3.1619e-01)	Loss Disc 6.9331e-01 (6.9274e-01)	Loss Pred 5.9692e-01 (5.6180e-01)	Loss TOTAL 1.0097e+00 (9.6827e-01)
Epoch: [39][300/496]	L_Src_Sup 1.7305e-01 (2.0232e-01)	L_Trg_Inj 2.6367e-01 (3.1493e-01)	Loss Disc 6.9166e-01 (6.9272e-01)	Loss Pred 5.3792e-01 (5.6166e-01)	Loss TOTAL 9.2742e-01 (9.6781e-01)
Epoch: [39][310/496]	L_Src_Sup 1.9752e-01 (2.0260e-01)	L_Trg_Inj 2.6129e-01 (3.1625e-01)	Loss Disc 6.9123e-01 (6.9271e-01)	Loss Pred 5.4904e-01 (5.6173e-01)	Loss TOTAL 9.4054e-01 (9.6799e-01)
Epoch: [39][320/496]	L_Src_Sup 2.5532e-01 (2.0268e-01)	L_Trg_Inj 2.4441e-01 (3.1565e-01)	Loss Disc 6.9286e-01 (6.9270e-01)	Loss Pred 5.9148e-01 (5.6181e-01)	Loss TOTAL 9.9879e-01 (9.6829e-01)
Epoch: [39][330/496]	L_Src_Sup 3.6106e-01 (2.0363e-01)	L_Trg_Inj 2.4889e-01 (3.1450e-01)	Loss Disc 6.9162e-01 (6.9270e-01)	Loss Pred 5.9142e-01 (5.6186e-01)	Loss TOTAL 1.1104e+00 (9.6893e-01)
Epoch: [39][340/496]	L_Src_Sup 3.0006e-01 (2.0402e-01)	L_Trg_Inj 1.9581e-01 (3.1419e-01)	Loss Disc 6.9259e-01 (6.9271e-01)	Loss Pred 5.5929e-01 (5.6198e-01)	Loss TOTAL 1.0594e+00 (9.6922e-01)
Epoch: [39][350/496]	L_Src_Sup 1.9830e-01 (2.0365e-01)	L_Trg_Inj 3.3866e-01 (3.1518e-01)	Loss Disc 6.9177e-01 (6.9268e-01)	Loss Pred 5.5396e-01 (5.6187e-01)	Loss TOTAL 9.5353e-01 (9.6923e-01)
Epoch: [39][360/496]	L_Src_Sup 1.0310e-01 (2.0341e-01)	L_Trg_Inj 3.9305e-01 (3.1613e-01)	Loss Disc 6.9112e-01 (6.9266e-01)	Loss Pred 5.7527e-01 (5.6195e-01)	Loss TOTAL 9.7045e-01 (9.6943e-01)
Epoch: [39][370/496]	L_Src_Sup 1.7314e-01 (2.0310e-01)	L_Trg_Inj 2.9772e-01 (3.1569e-01)	Loss Disc 6.9329e-01 (6.9267e-01)	Loss Pred 5.3795e-01 (5.6179e-01)	Loss TOTAL 9.3169e-01 (9.6915e-01)
Epoch: [39][380/496]	L_Src_Sup 1.8765e-01 (2.0327e-01)	L_Trg_Inj 2.8461e-01 (3.1631e-01)	Loss Disc 6.9281e-01 (6.9268e-01)	Loss Pred 5.8051e-01 (5.6214e-01)	Loss TOTAL 9.7414e-01 (9.6942e-01)
Epoch: [39][390/496]	L_Src_Sup 1.6327e-01 (2.0424e-01)	L_Trg_Inj 2.1593e-01 (3.1691e-01)	Loss Disc 6.9323e-01 (6.9269e-01)	Loss Pred 5.6979e-01 (5.6236e-01)	Loss TOTAL 9.5433e-01 (9.7000e-01)
Epoch: [39][400/496]	L_Src_Sup 1.7821e-01 (2.0491e-01)	L_Trg_Inj 2.9342e-01 (3.1704e-01)	Loss Disc 6.9314e-01 (6.9269e-01)	Loss Pred 5.5405e-01 (5.6222e-01)	Loss TOTAL 9.4778e-01 (9.7016e-01)
Epoch: [39][410/496]	L_Src_Sup 2.0946e-01 (2.0452e-01)	L_Trg_Inj 3.1186e-01 (3.1727e-01)	Loss Disc 6.9333e-01 (6.9270e-01)	Loss Pred 5.8052e-01 (5.6223e-01)	Loss TOTAL 9.7932e-01 (9.6993e-01)
Epoch: [39][420/496]	L_Src_Sup 1.6502e-01 (2.0432e-01)	L_Trg_Inj 4.1893e-01 (3.1683e-01)	Loss Disc 6.9270e-01 (6.9270e-01)	Loss Pred 5.7518e-01 (5.6229e-01)	Loss TOTAL 9.7992e-01 (9.6972e-01)
Epoch: [39][430/496]	L_Src_Sup 2.4002e-01 (2.0404e-01)	L_Trg_Inj 2.5095e-01 (3.1819e-01)	Loss Disc 6.9165e-01 (6.9270e-01)	Loss Pred 5.5913e-01 (5.6185e-01)	Loss TOTAL 9.5405e-01 (9.6917e-01)
Epoch: [39][440/496]	L_Src_Sup 2.6289e-01 (2.0379e-01)	L_Trg_Inj 2.2519e-01 (3.1752e-01)	Loss Disc 6.9309e-01 (6.9270e-01)	Loss Pred 5.5373e-01 (5.6179e-01)	Loss TOTAL 9.8678e-01 (9.6893e-01)
Epoch: [39][450/496]	L_Src_Sup 1.2619e-01 (2.0453e-01)	L_Trg_Inj 3.9259e-01 (3.1717e-01)	Loss Disc 6.9252e-01 (6.9271e-01)	Loss Pred 5.8673e-01 (5.6223e-01)	Loss TOTAL 9.8487e-01 (9.6925e-01)
Epoch: [39][460/496]	L_Src_Sup 1.8512e-01 (2.0511e-01)	L_Trg_Inj 2.0179e-01 (3.1758e-01)	Loss Disc 6.9196e-01 (6.9271e-01)	Loss Pred 5.5979e-01 (5.6198e-01)	Loss TOTAL 9.4446e-01 (9.6950e-01)
Epoch: [39][470/496]	L_Src_Sup 2.9640e-01 (2.0513e-01)	L_Trg_Inj 2.8093e-01 (3.1793e-01)	Loss Disc 6.9306e-01 (6.9271e-01)	Loss Pred 5.4845e-01 (5.6206e-01)	Loss TOTAL 9.6818e-01 (9.6947e-01)
Epoch: [39][480/496]	L_Src_Sup 1.3728e-01 (2.0492e-01)	L_Trg_Inj 2.3620e-01 (3.1851e-01)	Loss Disc 6.9315e-01 (6.9271e-01)	Loss Pred 5.4866e-01 (5.6213e-01)	Loss TOTAL 9.3258e-01 (9.6950e-01)
Epoch: [39][490/496]	L_Src_Sup 2.6540e-01 (2.0439e-01)	L_Trg_Inj 1.9160e-01 (3.1739e-01)	Loss Disc 6.9295e-01 (6.9271e-01)	Loss Pred 5.6995e-01 (5.6200e-01)	Loss TOTAL 1.0359e+00 (9.6918e-01)
Epoch: [39][496/496]	L_Src_Sup 2.7676e-01 (2.0427e-01)	L_Trg_Inj 2.6430e-01 (3.1675e-01)	Loss Disc 6.9343e-01 (6.9272e-01)	Loss Pred 5.9175e-01 (5.6193e-01)	Loss TOTAL 1.0050e+00 (9.6895e-01)
Epoch 39 complete. Saving model state...
Epoch: [40][ 10/496]	L_Src_Sup 2.6667e-01 (2.2922e-01)	L_Trg_Inj 2.8639e-01 (3.0159e-01)	Loss Disc 6.9235e-01 (6.9262e-01)	Loss Pred 5.3176e-01 (5.3791e-01)	Loss TOTAL 9.3324e-01 (9.6104e-01)
Epoch: [40][ 20/496]	L_Src_Sup 2.4498e-01 (2.2546e-01)	L_Trg_Inj 4.1924e-01 (2.9224e-01)	Loss Disc 6.9281e-01 (6.9280e-01)	Loss Pred 5.7009e-01 (5.5570e-01)	Loss TOTAL 9.8292e-01 (9.6703e-01)
Epoch: [40][ 30/496]	L_Src_Sup 1.3599e-01 (2.1216e-01)	L_Trg_Inj 3.2172e-01 (3.0686e-01)	Loss Disc 6.9268e-01 (6.9273e-01)	Loss Pred 5.4254e-01 (5.5227e-01)	Loss TOTAL 9.3465e-01 (9.5943e-01)
Epoch: [40][ 40/496]	L_Src_Sup 1.9999e-01 (2.0760e-01)	L_Trg_Inj 2.6988e-01 (2.9988e-01)	Loss Disc 6.9245e-01 (6.9272e-01)	Loss Pred 5.5920e-01 (5.5675e-01)	Loss TOTAL 9.5241e-01 (9.6239e-01)
Epoch: [40][ 50/496]	L_Src_Sup 2.6318e-01 (2.0600e-01)	L_Trg_Inj 3.1776e-01 (2.9430e-01)	Loss Disc 6.9265e-01 (6.9274e-01)	Loss Pred 5.6481e-01 (5.5835e-01)	Loss TOTAL 9.6923e-01 (9.6490e-01)
Epoch: [40][ 60/496]	L_Src_Sup 2.9132e-01 (2.0533e-01)	L_Trg_Inj 1.3911e-01 (2.8648e-01)	Loss Disc 6.9297e-01 (6.9277e-01)	Loss Pred 5.4285e-01 (5.6003e-01)	Loss TOTAL 1.0846e+00 (9.7002e-01)
Epoch: [40][ 70/496]	L_Src_Sup 2.7087e-01 (2.0438e-01)	L_Trg_Inj 3.9597e-01 (2.8676e-01)	Loss Disc 6.9256e-01 (6.9278e-01)	Loss Pred 5.8092e-01 (5.5992e-01)	Loss TOTAL 9.9388e-01 (9.6835e-01)
Epoch: [40][ 80/496]	L_Src_Sup 2.3158e-01 (2.0090e-01)	L_Trg_Inj 2.7902e-01 (2.8910e-01)	Loss Disc 6.9260e-01 (6.9278e-01)	Loss Pred 5.8626e-01 (5.6084e-01)	Loss TOTAL 9.8362e-01 (9.6814e-01)
Epoch: [40][ 90/496]	L_Src_Sup 1.7436e-01 (2.0737e-01)	L_Trg_Inj 4.1841e-01 (2.9851e-01)	Loss Disc 6.9255e-01 (6.9279e-01)	Loss Pred 5.8636e-01 (5.6277e-01)	Loss TOTAL 9.9191e-01 (9.7069e-01)
Epoch: [40][100/496]	L_Src_Sup 2.0186e-01 (2.0291e-01)	L_Trg_Inj 2.7493e-01 (2.9922e-01)	Loss Disc 6.9200e-01 (6.9277e-01)	Loss Pred 5.0540e-01 (5.6132e-01)	Loss TOTAL 8.9908e-01 (9.6777e-01)
Epoch: [40][110/496]	L_Src_Sup 1.5706e-01 (2.0422e-01)	L_Trg_Inj 3.6665e-01 (3.0012e-01)	Loss Disc 6.9271e-01 (6.9278e-01)	Loss Pred 5.4948e-01 (5.6227e-01)	Loss TOTAL 9.4820e-01 (9.6921e-01)
Epoch: [40][120/496]	L_Src_Sup 1.6842e-01 (2.0383e-01)	L_Trg_Inj 3.7699e-01 (3.0042e-01)	Loss Disc 6.9195e-01 (6.9277e-01)	Loss Pred 5.2233e-01 (5.6155e-01)	Loss TOTAL 9.2284e-01 (9.6891e-01)
Epoch: [40][130/496]	L_Src_Sup 2.7418e-01 (2.0501e-01)	L_Trg_Inj 4.4451e-01 (3.0640e-01)	Loss Disc 6.9190e-01 (6.9272e-01)	Loss Pred 5.8610e-01 (5.6197e-01)	Loss TOTAL 1.0039e+00 (9.6921e-01)
Epoch: [40][140/496]	L_Src_Sup 1.8204e-01 (2.0526e-01)	L_Trg_Inj 2.9768e-01 (3.0516e-01)	Loss Disc 6.9304e-01 (6.9272e-01)	Loss Pred 5.6454e-01 (5.6273e-01)	Loss TOTAL 9.5903e-01 (9.6940e-01)
Epoch: [40][150/496]	L_Src_Sup 2.7960e-01 (2.0287e-01)	L_Trg_Inj 2.8068e-01 (3.0265e-01)	Loss Disc 6.9263e-01 (6.9273e-01)	Loss Pred 5.9701e-01 (5.6271e-01)	Loss TOTAL 9.9935e-01 (9.6896e-01)
Epoch: [40][160/496]	L_Src_Sup 4.0083e-02 (2.0193e-01)	L_Trg_Inj 2.5809e-01 (3.0033e-01)	Loss Disc 6.9276e-01 (6.9273e-01)	Loss Pred 5.5931e-01 (5.6347e-01)	Loss TOTAL 9.3551e-01 (9.6933e-01)
Epoch: [40][170/496]	L_Src_Sup 1.9052e-01 (2.0312e-01)	L_Trg_Inj 3.1142e-01 (2.9829e-01)	Loss Disc 6.9236e-01 (6.9273e-01)	Loss Pred 5.3283e-01 (5.6323e-01)	Loss TOTAL 9.2920e-01 (9.6896e-01)
Epoch: [40][180/496]	L_Src_Sup 3.1069e-01 (2.0285e-01)	L_Trg_Inj 2.6011e-01 (2.9868e-01)	Loss Disc 6.9257e-01 (6.9272e-01)	Loss Pred 5.4361e-01 (5.6345e-01)	Loss TOTAL 9.9754e-01 (9.6940e-01)
Epoch: [40][190/496]	L_Src_Sup 2.1097e-01 (2.0369e-01)	L_Trg_Inj 3.0907e-01 (3.0055e-01)	Loss Disc 6.9297e-01 (6.9271e-01)	Loss Pred 5.8613e-01 (5.6304e-01)	Loss TOTAL 9.8462e-01 (9.6893e-01)
Epoch: [40][200/496]	L_Src_Sup 1.2768e-01 (2.0289e-01)	L_Trg_Inj 5.2857e-01 (3.0200e-01)	Loss Disc 6.9282e-01 (6.9269e-01)	Loss Pred 5.9125e-01 (5.6296e-01)	Loss TOTAL 1.0033e+00 (9.6845e-01)
Epoch: [40][210/496]	L_Src_Sup 1.9803e-01 (2.0177e-01)	L_Trg_Inj 2.8381e-01 (3.0125e-01)	Loss Disc 6.9216e-01 (6.9268e-01)	Loss Pred 5.5394e-01 (5.6324e-01)	Loss TOTAL 9.4820e-01 (9.6833e-01)
Epoch: [40][220/496]	L_Src_Sup 2.6925e-01 (2.0175e-01)	L_Trg_Inj 2.3574e-01 (3.0035e-01)	Loss Disc 6.9220e-01 (6.9268e-01)	Loss Pred 5.3815e-01 (5.6331e-01)	Loss TOTAL 9.6826e-01 (9.6838e-01)
Epoch: [40][230/496]	L_Src_Sup 3.4009e-01 (2.0197e-01)	L_Trg_Inj 3.4755e-01 (3.0153e-01)	Loss Disc 6.9253e-01 (6.9269e-01)	Loss Pred 5.5928e-01 (5.6355e-01)	Loss TOTAL 9.7431e-01 (9.6839e-01)
Epoch: [40][240/496]	L_Src_Sup 1.8706e-01 (2.0073e-01)	L_Trg_Inj 3.6975e-01 (3.0295e-01)	Loss Disc 6.9279e-01 (6.9271e-01)	Loss Pred 5.2266e-01 (5.6373e-01)	Loss TOTAL 9.2473e-01 (9.6826e-01)
Epoch: [40][250/496]	L_Src_Sup 9.3560e-02 (1.9909e-01)	L_Trg_Inj 3.0843e-01 (3.0222e-01)	Loss Disc 6.9266e-01 (6.9272e-01)	Loss Pred 5.2250e-01 (5.6357e-01)	Loss TOTAL 9.0903e-01 (9.6756e-01)
Epoch: [40][260/496]	L_Src_Sup 2.3970e-01 (2.0092e-01)	L_Trg_Inj 5.1085e-01 (3.0167e-01)	Loss Disc 6.9263e-01 (6.9273e-01)	Loss Pred 5.9194e-01 (5.6412e-01)	Loss TOTAL 1.0133e+00 (9.6954e-01)
Epoch: [40][270/496]	L_Src_Sup 1.4554e-01 (2.0078e-01)	L_Trg_Inj 1.8656e-01 (3.0187e-01)	Loss Disc 6.9328e-01 (6.9273e-01)	Loss Pred 5.8079e-01 (5.6395e-01)	Loss TOTAL 9.6063e-01 (9.6930e-01)
Epoch: [40][280/496]	L_Src_Sup 1.4726e-01 (2.0096e-01)	L_Trg_Inj 2.9677e-01 (3.0094e-01)	Loss Disc 6.9272e-01 (6.9272e-01)	Loss Pred 5.8560e-01 (5.6401e-01)	Loss TOTAL 9.7636e-01 (9.6937e-01)
Epoch: [40][290/496]	L_Src_Sup 7.6302e-02 (2.0029e-01)	L_Trg_Inj 3.0582e-01 (3.0057e-01)	Loss Disc 6.9271e-01 (6.9271e-01)	Loss Pred 5.3313e-01 (5.6400e-01)	Loss TOTAL 9.1770e-01 (9.6896e-01)
Epoch: [40][300/496]	L_Src_Sup 1.3664e-01 (2.0031e-01)	L_Trg_Inj 2.3317e-01 (3.0067e-01)	Loss Disc 6.9237e-01 (6.9272e-01)	Loss Pred 5.3859e-01 (5.6412e-01)	Loss TOTAL 9.2176e-01 (9.6948e-01)
Epoch: [40][310/496]	L_Src_Sup 2.5758e-01 (2.0039e-01)	L_Trg_Inj 2.7312e-01 (3.0120e-01)	Loss Disc 6.9164e-01 (6.9269e-01)	Loss Pred 5.5402e-01 (5.6375e-01)	Loss TOTAL 9.5291e-01 (9.6887e-01)
Epoch: [40][320/496]	L_Src_Sup 2.0842e-01 (2.0029e-01)	L_Trg_Inj 2.4376e-01 (3.0049e-01)	Loss Disc 6.9274e-01 (6.9268e-01)	Loss Pred 5.8037e-01 (5.6385e-01)	Loss TOTAL 9.7196e-01 (9.6935e-01)
Epoch: [40][330/496]	L_Src_Sup 1.3593e-01 (2.0019e-01)	L_Trg_Inj 2.6283e-01 (3.0119e-01)	Loss Disc 6.9214e-01 (6.9268e-01)	Loss Pred 5.4331e-01 (5.6360e-01)	Loss TOTAL 9.2925e-01 (9.6909e-01)
Epoch: [40][340/496]	L_Src_Sup 1.5569e-01 (2.0025e-01)	L_Trg_Inj 2.3307e-01 (3.0157e-01)	Loss Disc 6.9433e-01 (6.9269e-01)	Loss Pred 6.1192e-01 (5.6413e-01)	Loss TOTAL 9.9796e-01 (9.6964e-01)
Epoch: [40][350/496]	L_Src_Sup 2.5795e-01 (2.0057e-01)	L_Trg_Inj 3.3763e-01 (3.0103e-01)	Loss Disc 6.9281e-01 (6.9269e-01)	Loss Pred 5.5397e-01 (5.6369e-01)	Loss TOTAL 9.5993e-01 (9.6892e-01)
Epoch: [40][360/496]	L_Src_Sup 1.0315e-01 (2.0051e-01)	L_Trg_Inj 2.8496e-01 (2.9928e-01)	Loss Disc 6.9331e-01 (6.9269e-01)	Loss Pred 5.7557e-01 (5.6300e-01)	Loss TOTAL 9.6104e-01 (9.6817e-01)
Epoch: [40][370/496]	L_Src_Sup 1.1765e-01 (2.0062e-01)	L_Trg_Inj 2.7433e-01 (2.9844e-01)	Loss Disc 6.9256e-01 (6.9271e-01)	Loss Pred 5.4830e-01 (5.6296e-01)	Loss TOTAL 9.3378e-01 (9.6853e-01)
Epoch: [40][380/496]	L_Src_Sup 1.7205e-01 (2.0111e-01)	L_Trg_Inj 3.5803e-01 (2.9942e-01)	Loss Disc 6.9344e-01 (6.9270e-01)	Loss Pred 5.9762e-01 (5.6254e-01)	Loss TOTAL 9.9734e-01 (9.6812e-01)
Epoch: [40][390/496]	L_Src_Sup 1.6690e-01 (2.0115e-01)	L_Trg_Inj 3.0020e-01 (3.0079e-01)	Loss Disc 6.9204e-01 (6.9270e-01)	Loss Pred 5.1518e-01 (5.6222e-01)	Loss TOTAL 9.0791e-01 (9.6780e-01)
Epoch: [40][400/496]	L_Src_Sup 1.3861e-01 (2.0107e-01)	L_Trg_Inj 2.7800e-01 (3.0064e-01)	Loss Disc 6.9372e-01 (6.9271e-01)	Loss Pred 5.5358e-01 (5.6228e-01)	Loss TOTAL 9.4210e-01 (9.6792e-01)
Epoch: [40][410/496]	L_Src_Sup 1.7145e-01 (2.0096e-01)	L_Trg_Inj 3.8181e-01 (3.0211e-01)	Loss Disc 6.9225e-01 (6.9271e-01)	Loss Pred 5.3154e-01 (5.6212e-01)	Loss TOTAL 9.3299e-01 (9.6767e-01)
Epoch: [40][420/496]	L_Src_Sup 9.3287e-02 (2.0035e-01)	L_Trg_Inj 2.2448e-01 (3.0271e-01)	Loss Disc 6.9513e-01 (6.9271e-01)	Loss Pred 6.3686e-01 (5.6233e-01)	Loss TOTAL 1.0162e+00 (9.6767e-01)
Epoch: [40][430/496]	L_Src_Sup 2.0660e-01 (2.0052e-01)	L_Trg_Inj 3.2801e-01 (3.0194e-01)	Loss Disc 6.9310e-01 (6.9272e-01)	Loss Pred 5.7561e-01 (5.6208e-01)	Loss TOTAL 9.7562e-01 (9.6749e-01)
Epoch: [40][440/496]	L_Src_Sup 2.0949e-01 (2.0051e-01)	L_Trg_Inj 4.9897e-01 (3.0252e-01)	Loss Disc 6.9180e-01 (6.9271e-01)	Loss Pred 5.3149e-01 (5.6188e-01)	Loss TOTAL 9.4824e-01 (9.6723e-01)
Epoch: [40][450/496]	L_Src_Sup 2.2462e-01 (2.0072e-01)	L_Trg_Inj 3.3714e-01 (3.0446e-01)	Loss Disc 6.9273e-01 (6.9271e-01)	Loss Pred 5.7010e-01 (5.6195e-01)	Loss TOTAL 9.7264e-01 (9.6733e-01)
Epoch: [40][460/496]	L_Src_Sup 1.9225e-01 (2.0050e-01)	L_Trg_Inj 2.5232e-01 (3.0443e-01)	Loss Disc 6.9297e-01 (6.9272e-01)	Loss Pred 5.9207e-01 (5.6216e-01)	Loss TOTAL 9.8302e-01 (9.6738e-01)
Epoch: [40][470/496]	L_Src_Sup 2.0438e-01 (2.0024e-01)	L_Trg_Inj 2.8654e-01 (3.0518e-01)	Loss Disc 6.9302e-01 (6.9272e-01)	Loss Pred 5.7003e-01 (5.6211e-01)	Loss TOTAL 9.6564e-01 (9.6728e-01)
Epoch: [40][480/496]	L_Src_Sup 2.9641e-01 (2.0036e-01)	L_Trg_Inj 4.9623e-01 (3.0592e-01)	Loss Disc 6.9243e-01 (6.9272e-01)	Loss Pred 5.8692e-01 (5.6196e-01)	Loss TOTAL 1.0124e+00 (9.6717e-01)
Epoch: [40][490/496]	L_Src_Sup 2.5239e-01 (2.0001e-01)	L_Trg_Inj 3.4721e-01 (3.0764e-01)	Loss Disc 6.9260e-01 (6.9272e-01)	Loss Pred 5.4252e-01 (5.6180e-01)	Loss TOTAL 9.4878e-01 (9.6699e-01)
Epoch: [40][496/496]	L_Src_Sup 2.6808e-01 (2.0036e-01)	L_Trg_Inj 3.1427e-01 (3.0847e-01)	Loss Disc 6.9267e-01 (6.9271e-01)	Loss Pred 5.7577e-01 (5.6173e-01)	Loss TOTAL 9.8034e-01 (9.6694e-01)
Epoch 40 complete. Saving model state...
Epoch: [41][ 10/496]	L_Src_Sup 2.0728e-01 (2.0619e-01)	L_Trg_Inj 3.1805e-01 (3.3933e-01)	Loss Disc 6.9341e-01 (6.9269e-01)	Loss Pred 5.2081e-01 (5.6194e-01)	Loss TOTAL 9.2005e-01 (9.7303e-01)
Epoch: [41][ 20/496]	L_Src_Sup 1.7587e-01 (1.8888e-01)	L_Trg_Inj 3.4894e-01 (3.4042e-01)	Loss Disc 6.9186e-01 (6.9257e-01)	Loss Pred 6.0857e-01 (5.6744e-01)	Loss TOTAL 1.0070e+00 (9.7175e-01)
Epoch: [41][ 30/496]	L_Src_Sup 2.0006e-01 (1.8235e-01)	L_Trg_Inj 3.0403e-01 (3.3109e-01)	Loss Disc 6.9324e-01 (6.9272e-01)	Loss Pred 5.5907e-01 (5.6357e-01)	Loss TOTAL 9.5610e-01 (9.6552e-01)
Epoch: [41][ 40/496]	L_Src_Sup 1.4783e-01 (1.9200e-01)	L_Trg_Inj 2.1439e-01 (3.2252e-01)	Loss Disc 6.9420e-01 (6.9276e-01)	Loss Pred 5.0973e-01 (5.6154e-01)	Loss TOTAL 8.9305e-01 (9.6502e-01)
Epoch: [41][ 50/496]	L_Src_Sup 2.7082e-01 (1.9234e-01)	L_Trg_Inj 3.8901e-01 (3.2268e-01)	Loss Disc 6.9152e-01 (6.9268e-01)	Loss Pred 5.8109e-01 (5.6359e-01)	Loss TOTAL 9.9284e-01 (9.6595e-01)
Epoch: [41][ 60/496]	L_Src_Sup 2.5287e-01 (1.9805e-01)	L_Trg_Inj 2.9582e-01 (3.2370e-01)	Loss Disc 6.9103e-01 (6.9248e-01)	Loss Pred 5.4293e-01 (5.6395e-01)	Loss TOTAL 9.4331e-01 (9.6677e-01)
Epoch: [41][ 70/496]	L_Src_Sup 1.4055e-01 (1.9586e-01)	L_Trg_Inj 2.4081e-01 (3.1820e-01)	Loss Disc 6.9058e-01 (6.9242e-01)	Loss Pred 5.5918e-01 (5.6344e-01)	Loss TOTAL 9.4260e-01 (9.6483e-01)
Epoch: [41][ 80/496]	L_Src_Sup 3.3264e-01 (1.9753e-01)	L_Trg_Inj 3.7548e-01 (3.1294e-01)	Loss Disc 6.9153e-01 (6.9235e-01)	Loss Pred 5.4299e-01 (5.6318e-01)	Loss TOTAL 9.5957e-01 (9.6475e-01)
Epoch: [41][ 90/496]	L_Src_Sup 2.4619e-01 (2.0051e-01)	L_Trg_Inj 4.9033e-01 (3.1539e-01)	Loss Disc 6.9126e-01 (6.9238e-01)	Loss Pred 5.7011e-01 (5.6289e-01)	Loss TOTAL 9.8940e-01 (9.6689e-01)
Epoch: [41][100/496]	L_Src_Sup 1.3479e-01 (1.9929e-01)	L_Trg_Inj 2.2882e-01 (3.1359e-01)	Loss Disc 6.9427e-01 (6.9245e-01)	Loss Pred 5.3722e-01 (5.6202e-01)	Loss TOTAL 9.2072e-01 (9.6514e-01)
Epoch: [41][110/496]	L_Src_Sup 2.7673e-01 (2.0055e-01)	L_Trg_Inj 3.4975e-01 (3.1249e-01)	Loss Disc 6.9152e-01 (6.9246e-01)	Loss Pred 5.9216e-01 (5.6242e-01)	Loss TOTAL 1.0006e+00 (9.6504e-01)
Epoch: [41][120/496]	L_Src_Sup 2.4590e-01 (2.0067e-01)	L_Trg_Inj 3.0001e-01 (3.1238e-01)	Loss Disc 6.9225e-01 (6.9249e-01)	Loss Pred 5.7017e-01 (5.6261e-01)	Loss TOTAL 9.7088e-01 (9.6795e-01)
Epoch: [41][130/496]	L_Src_Sup 2.0213e-01 (1.9758e-01)	L_Trg_Inj 4.4507e-01 (3.1231e-01)	Loss Disc 6.9215e-01 (6.9253e-01)	Loss Pred 5.6462e-01 (5.6202e-01)	Loss TOTAL 9.7542e-01 (9.6646e-01)
Epoch: [41][140/496]	L_Src_Sup 2.3415e-01 (1.9947e-01)	L_Trg_Inj 2.5667e-01 (3.0800e-01)	Loss Disc 6.9281e-01 (6.9255e-01)	Loss Pred 5.8672e-01 (5.6174e-01)	Loss TOTAL 9.8221e-01 (9.6616e-01)
Epoch: [41][150/496]	L_Src_Sup 2.5461e-01 (2.0024e-01)	L_Trg_Inj 3.5944e-01 (3.0622e-01)	Loss Disc 6.9203e-01 (6.9256e-01)	Loss Pred 5.4286e-01 (5.6166e-01)	Loss TOTAL 9.5027e-01 (9.6651e-01)
Epoch: [41][160/496]	L_Src_Sup 1.3597e-01 (2.0084e-01)	L_Trg_Inj 3.7206e-01 (3.0509e-01)	Loss Disc 6.9148e-01 (6.9256e-01)	Loss Pred 5.4276e-01 (5.6159e-01)	Loss TOTAL 9.3930e-01 (9.6721e-01)
Epoch: [41][170/496]	L_Src_Sup 2.4492e-01 (1.9994e-01)	L_Trg_Inj 2.5198e-01 (3.0577e-01)	Loss Disc 6.9207e-01 (6.9257e-01)	Loss Pred 5.7002e-01 (5.6194e-01)	Loss TOTAL 9.6574e-01 (9.6750e-01)
Epoch: [41][180/496]	L_Src_Sup 1.3334e-01 (2.0060e-01)	L_Trg_Inj 2.9222e-01 (3.0884e-01)	Loss Disc 6.9201e-01 (6.9255e-01)	Loss Pred 5.3182e-01 (5.6148e-01)	Loss TOTAL 9.2038e-01 (9.6722e-01)
Epoch: [41][190/496]	L_Src_Sup 2.1621e-01 (2.0150e-01)	L_Trg_Inj 1.5561e-01 (3.0767e-01)	Loss Disc 6.9287e-01 (6.9256e-01)	Loss Pred 4.9844e-01 (5.6087e-01)	Loss TOTAL 9.4267e-01 (9.6695e-01)
Epoch: [41][200/496]	L_Src_Sup 1.7057e-01 (2.0051e-01)	L_Trg_Inj 2.3030e-01 (3.0774e-01)	Loss Disc 6.9305e-01 (6.9257e-01)	Loss Pred 5.9222e-01 (5.6112e-01)	Loss TOTAL 9.7884e-01 (9.6670e-01)
Epoch: [41][210/496]	L_Src_Sup 1.9805e-01 (1.9981e-01)	L_Trg_Inj 2.7097e-01 (3.0683e-01)	Loss Disc 6.9271e-01 (6.9258e-01)	Loss Pred 5.5361e-01 (5.6081e-01)	Loss TOTAL 9.4687e-01 (9.6620e-01)
Epoch: [41][220/496]	L_Src_Sup 1.8016e-01 (1.9944e-01)	L_Trg_Inj 3.3423e-01 (3.0692e-01)	Loss Disc 6.9253e-01 (6.9258e-01)	Loss Pred 5.5909e-01 (5.6071e-01)	Loss TOTAL 9.5679e-01 (9.6590e-01)
Epoch: [41][230/496]	L_Src_Sup 3.7110e-01 (1.9946e-01)	L_Trg_Inj 2.9141e-01 (3.0647e-01)	Loss Disc 6.9325e-01 (6.9259e-01)	Loss Pred 6.0297e-01 (5.6132e-01)	Loss TOTAL 1.0955e+00 (9.6660e-01)
Epoch: [41][240/496]	L_Src_Sup 2.5493e-01 (1.9843e-01)	L_Trg_Inj 2.1020e-01 (3.0667e-01)	Loss Disc 6.9321e-01 (6.9260e-01)	Loss Pred 5.4286e-01 (5.6114e-01)	Loss TOTAL 9.8070e-01 (9.6618e-01)
Epoch: [41][250/496]	L_Src_Sup 3.6336e-01 (1.9965e-01)	L_Trg_Inj 2.9652e-01 (3.0608e-01)	Loss Disc 6.9266e-01 (6.9260e-01)	Loss Pred 5.3172e-01 (5.6109e-01)	Loss TOTAL 1.0109e+00 (9.6621e-01)
Epoch: [41][260/496]	L_Src_Sup 2.2227e-01 (2.0067e-01)	L_Trg_Inj 2.6282e-01 (3.0771e-01)	Loss Disc 6.9313e-01 (6.9260e-01)	Loss Pred 5.6462e-01 (5.6082e-01)	Loss TOTAL 9.5969e-01 (9.6589e-01)
Epoch: [41][270/496]	L_Src_Sup 1.3724e-01 (2.0027e-01)	L_Trg_Inj 2.3180e-01 (3.0786e-01)	Loss Disc 6.9275e-01 (6.9260e-01)	Loss Pred 5.4807e-01 (5.6074e-01)	Loss TOTAL 9.3135e-01 (9.6549e-01)
Epoch: [41][280/496]	L_Src_Sup 1.6107e-01 (1.9992e-01)	L_Trg_Inj 2.1844e-01 (3.0794e-01)	Loss Disc 6.9338e-01 (6.9260e-01)	Loss Pred 6.3106e-01 (5.6100e-01)	Loss TOTAL 1.0157e+00 (9.6545e-01)
Epoch: [41][290/496]	L_Src_Sup 3.0491e-01 (2.0026e-01)	L_Trg_Inj 3.3993e-01 (3.0778e-01)	Loss Disc 6.9309e-01 (6.9261e-01)	Loss Pred 5.3204e-01 (5.6107e-01)	Loss TOTAL 9.4307e-01 (9.6546e-01)
Epoch: [41][300/496]	L_Src_Sup 1.2137e-01 (1.9927e-01)	L_Trg_Inj 3.9665e-01 (3.0741e-01)	Loss Disc 6.9214e-01 (6.9261e-01)	Loss Pred 5.6506e-01 (5.6095e-01)	Loss TOTAL 9.6293e-01 (9.6537e-01)
Epoch: [41][310/496]	L_Src_Sup 2.4391e-01 (1.9935e-01)	L_Trg_Inj 3.3802e-01 (3.0791e-01)	Loss Disc 6.9242e-01 (6.9261e-01)	Loss Pred 5.6472e-01 (5.6100e-01)	Loss TOTAL 9.6912e-01 (9.6524e-01)
Epoch: [41][320/496]	L_Src_Sup 2.3131e-01 (1.9998e-01)	L_Trg_Inj 4.1954e-01 (3.0769e-01)	Loss Disc 6.9288e-01 (6.9261e-01)	Loss Pred 5.3760e-01 (5.6159e-01)	Loss TOTAL 9.4913e-01 (9.6585e-01)
Epoch: [41][330/496]	L_Src_Sup 1.8657e-01 (1.9971e-01)	L_Trg_Inj 3.5081e-01 (3.0899e-01)	Loss Disc 6.9258e-01 (6.9261e-01)	Loss Pred 5.7537e-01 (5.6159e-01)	Loss TOTAL 9.7540e-01 (9.6582e-01)
Epoch: [41][340/496]	L_Src_Sup 2.5554e-01 (1.9918e-01)	L_Trg_Inj 2.0812e-01 (3.1052e-01)	Loss Disc 6.9290e-01 (6.9261e-01)	Loss Pred 5.4844e-01 (5.6193e-01)	Loss TOTAL 9.8867e-01 (9.6619e-01)
Epoch: [41][350/496]	L_Src_Sup 2.7279e-01 (1.9938e-01)	L_Trg_Inj 2.7805e-01 (3.1186e-01)	Loss Disc 6.9192e-01 (6.9260e-01)	Loss Pred 6.2356e-01 (5.6208e-01)	Loss TOTAL 1.0246e+00 (9.6642e-01)
Epoch: [41][360/496]	L_Src_Sup 2.0636e-01 (1.9929e-01)	L_Trg_Inj 4.7147e-01 (3.1285e-01)	Loss Disc 6.9214e-01 (6.9261e-01)	Loss Pred 5.7537e-01 (5.6175e-01)	Loss TOTAL 9.8922e-01 (9.6599e-01)
Epoch: [41][370/496]	L_Src_Sup 2.1523e-01 (1.9921e-01)	L_Trg_Inj 3.2306e-01 (3.1293e-01)	Loss Disc 6.9307e-01 (6.9262e-01)	Loss Pred 5.9732e-01 (5.6158e-01)	Loss TOTAL 9.9768e-01 (9.6617e-01)
Epoch: [41][380/496]	L_Src_Sup 2.0563e-01 (1.9923e-01)	L_Trg_Inj 2.9073e-01 (3.1268e-01)	Loss Disc 6.9269e-01 (6.9263e-01)	Loss Pred 5.2119e-01 (5.6159e-01)	Loss TOTAL 9.1718e-01 (9.6628e-01)
Epoch: [41][390/496]	L_Src_Sup 1.4285e-01 (1.9896e-01)	L_Trg_Inj 3.2884e-01 (3.1331e-01)	Loss Disc 6.9251e-01 (6.9263e-01)	Loss Pred 5.6993e-01 (5.6170e-01)	Loss TOTAL 9.6335e-01 (9.6627e-01)
Epoch: [41][400/496]	L_Src_Sup 1.6341e-01 (1.9837e-01)	L_Trg_Inj 4.3865e-01 (3.1310e-01)	Loss Disc 6.9283e-01 (6.9263e-01)	Loss Pred 5.6996e-01 (5.6181e-01)	Loss TOTAL 9.7658e-01 (9.6636e-01)
Epoch: [41][410/496]	L_Src_Sup 2.3859e-01 (1.9860e-01)	L_Trg_Inj 1.7805e-01 (3.1330e-01)	Loss Disc 6.9222e-01 (6.9263e-01)	Loss Pred 5.1047e-01 (5.6164e-01)	Loss TOTAL 9.5879e-01 (9.6642e-01)
Epoch: [41][420/496]	L_Src_Sup 1.8010e-01 (1.9944e-01)	L_Trg_Inj 2.7191e-01 (3.1337e-01)	Loss Disc 6.9258e-01 (6.9263e-01)	Loss Pred 5.5915e-01 (5.6154e-01)	Loss TOTAL 9.5064e-01 (9.6631e-01)
Epoch: [41][430/496]	L_Src_Sup 2.0632e-01 (1.9877e-01)	L_Trg_Inj 2.8073e-01 (3.1319e-01)	Loss Disc 6.9281e-01 (6.9264e-01)	Loss Pred 5.7549e-01 (5.6175e-01)	Loss TOTAL 9.7060e-01 (9.6627e-01)
Epoch: [41][440/496]	L_Src_Sup 2.1783e-01 (1.9875e-01)	L_Trg_Inj 3.3661e-01 (3.1331e-01)	Loss Disc 6.9252e-01 (6.9264e-01)	Loss Pred 5.5374e-01 (5.6177e-01)	Loss TOTAL 9.5545e-01 (9.6614e-01)
Epoch: [41][450/496]	L_Src_Sup 1.7648e-01 (1.9776e-01)	L_Trg_Inj 2.7459e-01 (3.1422e-01)	Loss Disc 6.9269e-01 (6.9264e-01)	Loss Pred 5.4839e-01 (5.6176e-01)	Loss TOTAL 9.3984e-01 (9.6597e-01)
Epoch: [41][460/496]	L_Src_Sup 1.5577e-01 (1.9785e-01)	L_Trg_Inj 1.8321e-01 (3.1317e-01)	Loss Disc 6.9309e-01 (6.9264e-01)	Loss Pred 5.4347e-01 (5.6166e-01)	Loss TOTAL 9.2391e-01 (9.6580e-01)
Epoch: [41][470/496]	L_Src_Sup 2.8325e-01 (1.9836e-01)	L_Trg_Inj 4.4042e-01 (3.1348e-01)	Loss Disc 6.9237e-01 (6.9264e-01)	Loss Pred 5.6453e-01 (5.6160e-01)	Loss TOTAL 9.8308e-01 (9.6580e-01)
Epoch: [41][480/496]	L_Src_Sup 1.5843e-01 (1.9862e-01)	L_Trg_Inj 3.5757e-01 (3.1404e-01)	Loss Disc 6.9247e-01 (6.9263e-01)	Loss Pred 5.5368e-01 (5.6139e-01)	Loss TOTAL 9.5152e-01 (9.6557e-01)
Epoch: [41][490/496]	L_Src_Sup 1.6088e-01 (1.9814e-01)	L_Trg_Inj 2.1470e-01 (3.1351e-01)	Loss Disc 6.9486e-01 (6.9263e-01)	Loss Pred 6.3049e-01 (5.6153e-01)	Loss TOTAL 1.0155e+00 (9.6568e-01)
Epoch: [41][496/496]	L_Src_Sup 2.5745e-01 (1.9851e-01)	L_Trg_Inj 2.1092e-01 (3.1302e-01)	Loss Disc 6.9236e-01 (6.9263e-01)	Loss Pred 5.5387e-01 (5.6170e-01)	Loss TOTAL 9.9342e-01 (9.6585e-01)
Epoch 41 complete. Saving model state...
Epoch: [42][ 10/496]	L_Src_Sup 1.9149e-01 (1.7634e-01)	L_Trg_Inj 1.5197e-01 (2.6509e-01)	Loss Disc 6.9321e-01 (6.9309e-01)	Loss Pred 5.9143e-01 (5.7754e-01)	Loss TOTAL 1.0119e+00 (9.7390e-01)
Epoch: [42][ 20/496]	L_Src_Sup 1.8144e-01 (2.1160e-01)	L_Trg_Inj 1.7408e-01 (2.8437e-01)	Loss Disc 6.9343e-01 (6.9299e-01)	Loss Pred 5.9825e-01 (5.7036e-01)	Loss TOTAL 9.8788e-01 (9.7278e-01)
Epoch: [42][ 30/496]	L_Src_Sup 2.4271e-01 (2.0813e-01)	L_Trg_Inj 2.4131e-01 (2.8661e-01)	Loss Disc 6.9275e-01 (6.9290e-01)	Loss Pred 5.5391e-01 (5.6603e-01)	Loss TOTAL 9.5010e-01 (9.6650e-01)
Epoch: [42][ 40/496]	L_Src_Sup 2.6823e-01 (2.0310e-01)	L_Trg_Inj 3.4684e-01 (2.9368e-01)	Loss Disc 6.9242e-01 (6.9284e-01)	Loss Pred 5.7546e-01 (5.6507e-01)	Loss TOTAL 9.8318e-01 (9.6545e-01)
Epoch: [42][ 50/496]	L_Src_Sup 2.8592e-01 (2.0331e-01)	L_Trg_Inj 4.0661e-01 (3.1298e-01)	Loss Disc 6.9343e-01 (6.9272e-01)	Loss Pred 5.7008e-01 (5.6100e-01)	Loss TOTAL 9.8604e-01 (9.6335e-01)
Epoch: [42][ 60/496]	L_Src_Sup 2.0631e-01 (1.9909e-01)	L_Trg_Inj 5.5365e-01 (3.2470e-01)	Loss Disc 6.9197e-01 (6.9264e-01)	Loss Pred 5.7548e-01 (5.6126e-01)	Loss TOTAL 9.9747e-01 (9.6359e-01)
Epoch: [42][ 70/496]	L_Src_Sup 1.0024e-01 (1.9620e-01)	L_Trg_Inj 2.9176e-01 (3.2048e-01)	Loss Disc 6.9232e-01 (6.9264e-01)	Loss Pred 5.5389e-01 (5.6166e-01)	Loss TOTAL 9.3924e-01 (9.6287e-01)
Epoch: [42][ 80/496]	L_Src_Sup 2.3796e-01 (1.9873e-01)	L_Trg_Inj 2.0504e-01 (3.1582e-01)	Loss Disc 6.9278e-01 (6.9264e-01)	Loss Pred 5.5390e-01 (5.6152e-01)	Loss TOTAL 9.7751e-01 (9.6384e-01)
Epoch: [42][ 90/496]	L_Src_Sup 2.1579e-01 (2.0163e-01)	L_Trg_Inj 3.6567e-01 (3.1587e-01)	Loss Disc 6.9178e-01 (6.9258e-01)	Loss Pred 5.4842e-01 (5.6066e-01)	Loss TOTAL 9.5246e-01 (9.6274e-01)
Epoch: [42][100/496]	L_Src_Sup 1.2002e-01 (2.0215e-01)	L_Trg_Inj 4.9527e-01 (3.2459e-01)	Loss Disc 6.9106e-01 (6.9251e-01)	Loss Pred 5.5939e-01 (5.6215e-01)	Loss TOTAL 9.6645e-01 (9.6472e-01)
Epoch: [42][110/496]	L_Src_Sup 3.6705e-01 (2.0423e-01)	L_Trg_Inj 4.4786e-01 (3.2360e-01)	Loss Disc 6.9245e-01 (6.9247e-01)	Loss Pred 6.0804e-01 (5.6184e-01)	Loss TOTAL 1.0358e+00 (9.6417e-01)
Epoch: [42][120/496]	L_Src_Sup 2.0217e-01 (2.0295e-01)	L_Trg_Inj 3.9261e-01 (3.1956e-01)	Loss Disc 6.9195e-01 (6.9248e-01)	Loss Pred 5.6458e-01 (5.6270e-01)	Loss TOTAL 9.7004e-01 (9.6423e-01)
Epoch: [42][130/496]	L_Src_Sup 1.6505e-01 (2.0271e-01)	L_Trg_Inj 2.3839e-01 (3.1718e-01)	Loss Disc 6.9236e-01 (6.9248e-01)	Loss Pred 5.7535e-01 (5.6244e-01)	Loss TOTAL 9.6188e-01 (9.6434e-01)
Epoch: [42][140/496]	L_Src_Sup 1.2002e-01 (2.0327e-01)	L_Trg_Inj 3.4268e-01 (3.1905e-01)	Loss Disc 6.9147e-01 (6.9245e-01)	Loss Pred 5.5920e-01 (5.6229e-01)	Loss TOTAL 9.5121e-01 (9.6422e-01)
Epoch: [42][150/496]	L_Src_Sup 1.6101e-01 (2.0578e-01)	L_Trg_Inj 4.3357e-01 (3.2395e-01)	Loss Disc 6.9112e-01 (6.9243e-01)	Loss Pred 5.6528e-01 (5.6387e-01)	Loss TOTAL 9.7029e-01 (9.6650e-01)
Epoch: [42][160/496]	L_Src_Sup 2.1640e-01 (2.0762e-01)	L_Trg_Inj 5.6713e-01 (3.2763e-01)	Loss Disc 6.8914e-01 (6.9236e-01)	Loss Pred 5.7028e-01 (5.6415e-01)	Loss TOTAL 9.9320e-01 (9.6836e-01)
Epoch: [42][170/496]	L_Src_Sup 1.7782e-01 (2.0781e-01)	L_Trg_Inj 2.5684e-01 (3.2719e-01)	Loss Disc 6.9331e-01 (6.9226e-01)	Loss Pred 6.1255e-01 (5.6348e-01)	Loss TOTAL 1.0027e+00 (9.6796e-01)
Epoch: [42][180/496]	L_Src_Sup 2.0649e-01 (2.0714e-01)	L_Trg_Inj 2.9408e-01 (3.2890e-01)	Loss Disc 6.9290e-01 (6.9219e-01)	Loss Pred 5.7522e-01 (5.6329e-01)	Loss TOTAL 9.7173e-01 (9.6757e-01)
Epoch: [42][190/496]	L_Src_Sup 1.7476e-01 (2.0583e-01)	L_Trg_Inj 1.5615e-01 (3.2608e-01)	Loss Disc 6.9060e-01 (6.9213e-01)	Loss Pred 5.4339e-01 (5.6281e-01)	Loss TOTAL 9.4038e-01 (9.6683e-01)
Epoch: [42][200/496]	L_Src_Sup 2.9490e-01 (2.0514e-01)	L_Trg_Inj 1.7620e-01 (3.2519e-01)	Loss Disc 6.9260e-01 (6.9214e-01)	Loss Pred 5.8600e-01 (5.6284e-01)	Loss TOTAL 1.0981e+00 (9.6722e-01)
Epoch: [42][210/496]	L_Src_Sup 6.5268e-02 (2.0358e-01)	L_Trg_Inj 2.7061e-01 (3.2436e-01)	Loss Disc 6.9256e-01 (6.9216e-01)	Loss Pred 5.3276e-01 (5.6293e-01)	Loss TOTAL 9.1263e-01 (9.6708e-01)
Epoch: [42][220/496]	L_Src_Sup 2.8003e-01 (2.0450e-01)	L_Trg_Inj 2.9273e-01 (3.2186e-01)	Loss Disc 6.9318e-01 (6.9215e-01)	Loss Pred 5.8671e-01 (5.6330e-01)	Loss TOTAL 9.9058e-01 (9.6800e-01)
Epoch: [42][230/496]	L_Src_Sup 2.0327e-01 (2.0498e-01)	L_Trg_Inj 3.4826e-01 (3.2301e-01)	Loss Disc 6.9465e-01 (6.9212e-01)	Loss Pred 5.5942e-01 (5.6258e-01)	Loss TOTAL 9.6190e-01 (9.6732e-01)
Epoch: [42][240/496]	L_Src_Sup 1.5264e-01 (2.0437e-01)	L_Trg_Inj 2.5440e-01 (3.2128e-01)	Loss Disc 6.9235e-01 (6.9213e-01)	Loss Pred 5.3220e-01 (5.6235e-01)	Loss TOTAL 9.1908e-01 (9.6672e-01)
Epoch: [42][250/496]	L_Src_Sup 3.0080e-01 (2.0434e-01)	L_Trg_Inj 4.0549e-01 (3.1980e-01)	Loss Disc 6.9074e-01 (6.9215e-01)	Loss Pred 5.4871e-01 (5.6245e-01)	Loss TOTAL 9.6471e-01 (9.6662e-01)
Epoch: [42][260/496]	L_Src_Sup 1.7476e-01 (2.0439e-01)	L_Trg_Inj 2.6133e-01 (3.2007e-01)	Loss Disc 6.9014e-01 (6.9212e-01)	Loss Pred 5.4295e-01 (5.6225e-01)	Loss TOTAL 9.3162e-01 (9.6628e-01)
Epoch: [42][270/496]	L_Src_Sup 2.7960e-01 (2.0419e-01)	L_Trg_Inj 2.4275e-01 (3.2019e-01)	Loss Disc 6.9269e-01 (6.9214e-01)	Loss Pred 5.9683e-01 (5.6292e-01)	Loss TOTAL 1.0323e+00 (9.6688e-01)
Epoch: [42][280/496]	L_Src_Sup 2.0643e-01 (2.0492e-01)	L_Trg_Inj 2.3559e-01 (3.1983e-01)	Loss Disc 6.9394e-01 (6.9217e-01)	Loss Pred 5.7531e-01 (5.6268e-01)	Loss TOTAL 9.6648e-01 (9.6700e-01)
Epoch: [42][290/496]	L_Src_Sup 3.2390e-01 (2.0595e-01)	L_Trg_Inj 2.9581e-01 (3.2013e-01)	Loss Disc 6.9181e-01 (6.9215e-01)	Loss Pred 5.3203e-01 (5.6213e-01)	Loss TOTAL 9.6799e-01 (9.6667e-01)
Epoch: [42][300/496]	L_Src_Sup 2.6811e-01 (2.0680e-01)	L_Trg_Inj 4.4273e-01 (3.1973e-01)	Loss Disc 6.9204e-01 (6.9216e-01)	Loss Pred 5.7548e-01 (5.6194e-01)	Loss TOTAL 9.9259e-01 (9.6638e-01)
Epoch: [42][310/496]	L_Src_Sup 1.1667e-01 (2.0601e-01)	L_Trg_Inj 3.6669e-01 (3.2004e-01)	Loss Disc 6.9138e-01 (6.9218e-01)	Loss Pred 5.4289e-01 (5.6212e-01)	Loss TOTAL 9.3691e-01 (9.6633e-01)
Epoch: [42][320/496]	L_Src_Sup 1.6665e-01 (2.0575e-01)	L_Trg_Inj 4.7159e-01 (3.1935e-01)	Loss Disc 6.9170e-01 (6.9219e-01)	Loss Pred 5.8081e-01 (5.6225e-01)	Loss TOTAL 9.9049e-01 (9.6693e-01)
Epoch: [42][330/496]	L_Src_Sup 1.4304e-01 (2.0507e-01)	L_Trg_Inj 3.3150e-01 (3.1949e-01)	Loss Disc 6.9283e-01 (6.9219e-01)	Loss Pred 5.6993e-01 (5.6237e-01)	Loss TOTAL 9.6380e-01 (9.6739e-01)
Epoch: [42][340/496]	L_Src_Sup 2.0434e-01 (2.0517e-01)	L_Trg_Inj 3.4239e-01 (3.1993e-01)	Loss Disc 6.9298e-01 (6.9219e-01)	Loss Pred 5.7004e-01 (5.6202e-01)	Loss TOTAL 9.7121e-01 (9.6690e-01)
Epoch: [42][350/496]	L_Src_Sup 1.3217e-01 (2.0435e-01)	L_Trg_Inj 3.8165e-01 (3.2114e-01)	Loss Disc 6.9096e-01 (6.9218e-01)	Loss Pred 5.2636e-01 (5.6167e-01)	Loss TOTAL 9.2322e-01 (9.6641e-01)
Epoch: [42][360/496]	L_Src_Sup 3.0433e-01 (2.0476e-01)	L_Trg_Inj 2.4876e-01 (3.1961e-01)	Loss Disc 6.9420e-01 (6.9220e-01)	Loss Pred 6.0324e-01 (5.6170e-01)	Loss TOTAL 1.0612e+00 (9.6658e-01)
Epoch: [42][370/496]	L_Src_Sup 1.7953e-01 (2.0524e-01)	L_Trg_Inj 3.3125e-01 (3.1904e-01)	Loss Disc 6.9260e-01 (6.9220e-01)	Loss Pred 5.4880e-01 (5.6184e-01)	Loss TOTAL 9.4618e-01 (9.6696e-01)
Epoch: [42][380/496]	L_Src_Sup 1.3055e-01 (2.0425e-01)	L_Trg_Inj 2.6108e-01 (3.1909e-01)	Loss Disc 6.9428e-01 (6.9220e-01)	Loss Pred 6.0260e-01 (5.6202e-01)	Loss TOTAL 9.8890e-01 (9.6690e-01)
Epoch: [42][390/496]	L_Src_Sup 1.0567e-01 (2.0355e-01)	L_Trg_Inj 4.0318e-01 (3.1801e-01)	Loss Disc 6.9157e-01 (6.9218e-01)	Loss Pred 5.4357e-01 (5.6198e-01)	Loss TOTAL 9.4024e-01 (9.6664e-01)
Epoch: [42][400/496]	L_Src_Sup 1.4322e-01 (2.0410e-01)	L_Trg_Inj 3.3056e-01 (3.1830e-01)	Loss Disc 6.9284e-01 (6.9219e-01)	Loss Pred 5.6995e-01 (5.6193e-01)	Loss TOTAL 9.6375e-01 (9.6662e-01)
Epoch: [42][410/496]	L_Src_Sup 2.0602e-01 (2.0358e-01)	L_Trg_Inj 3.0297e-01 (3.1823e-01)	Loss Disc 6.9167e-01 (6.9220e-01)	Loss Pred 5.2079e-01 (5.6168e-01)	Loss TOTAL 9.1752e-01 (9.6616e-01)
Epoch: [42][420/496]	L_Src_Sup 3.2021e-01 (2.0445e-01)	L_Trg_Inj 3.1661e-01 (3.1891e-01)	Loss Disc 6.9325e-01 (6.9222e-01)	Loss Pred 5.9176e-01 (5.6204e-01)	Loss TOTAL 1.0057e+00 (9.6679e-01)
Epoch: [42][430/496]	L_Src_Sup 1.4317e-01 (2.0433e-01)	L_Trg_Inj 4.6291e-01 (3.1936e-01)	Loss Disc 6.9131e-01 (6.9222e-01)	Loss Pred 5.6998e-01 (5.6194e-01)	Loss TOTAL 9.7624e-01 (9.6675e-01)
Epoch: [42][440/496]	L_Src_Sup 2.8285e-01 (2.0434e-01)	L_Trg_Inj 1.9670e-01 (3.2018e-01)	Loss Disc 6.9140e-01 (6.9221e-01)	Loss Pred 5.6454e-01 (5.6195e-01)	Loss TOTAL 1.0443e+00 (9.6701e-01)
Epoch: [42][450/496]	L_Src_Sup 3.2701e-01 (2.0403e-01)	L_Trg_Inj 3.1382e-01 (3.2126e-01)	Loss Disc 6.9304e-01 (6.9222e-01)	Loss Pred 5.3743e-01 (5.6193e-01)	Loss TOTAL 9.6122e-01 (9.6695e-01)
Epoch: [42][460/496]	L_Src_Sup 2.0202e-01 (2.0487e-01)	L_Trg_Inj 4.4994e-01 (3.2204e-01)	Loss Disc 6.9286e-01 (6.9224e-01)	Loss Pred 5.6449e-01 (5.6212e-01)	Loss TOTAL 9.7612e-01 (9.6750e-01)
Epoch: [42][470/496]	L_Src_Sup 3.1259e-01 (2.0520e-01)	L_Trg_Inj 4.8518e-01 (3.2317e-01)	Loss Disc 6.9288e-01 (6.9224e-01)	Loss Pred 5.8087e-01 (5.6193e-01)	Loss TOTAL 1.0071e+00 (9.6732e-01)
Epoch: [42][480/496]	L_Src_Sup 1.1103e-01 (2.0515e-01)	L_Trg_Inj 2.6445e-01 (3.2340e-01)	Loss Disc 6.9157e-01 (6.9225e-01)	Loss Pred 5.1558e-01 (5.6176e-01)	Loss TOTAL 8.9891e-01 (9.6708e-01)
Epoch: [42][490/496]	L_Src_Sup 1.6170e-01 (2.0577e-01)	L_Trg_Inj 2.3162e-01 (3.2306e-01)	Loss Disc 6.9372e-01 (6.9226e-01)	Loss Pred 5.6452e-01 (5.6194e-01)	Loss TOTAL 9.5071e-01 (9.6746e-01)
Epoch: [42][496/496]	L_Src_Sup 1.1430e-01 (2.0540e-01)	L_Trg_Inj 1.7577e-01 (3.2240e-01)	Loss Disc 6.9288e-01 (6.9227e-01)	Loss Pred 5.3198e-01 (5.6186e-01)	Loss TOTAL 9.0743e-01 (9.6727e-01)
Epoch 42 complete. Saving model state...
Epoch: [43][ 10/496]	L_Src_Sup 1.0638e-01 (1.9357e-01)	L_Trg_Inj 1.9725e-01 (2.9104e-01)	Loss Disc 6.9356e-01 (6.9218e-01)	Loss Pred 5.9231e-01 (5.4543e-01)	Loss TOTAL 9.6945e-01 (9.4007e-01)
Epoch: [43][ 20/496]	L_Src_Sup 1.9346e-01 (1.9693e-01)	L_Trg_Inj 2.3748e-01 (3.2253e-01)	Loss Disc 6.9383e-01 (6.9250e-01)	Loss Pred 5.9779e-01 (5.5394e-01)	Loss TOTAL 9.8779e-01 (9.5394e-01)
Epoch: [43][ 30/496]	L_Src_Sup 1.9782e-01 (1.8970e-01)	L_Trg_Inj 2.2142e-01 (3.1609e-01)	Loss Disc 6.9532e-01 (6.9254e-01)	Loss Pred 6.0888e-01 (5.5585e-01)	Loss TOTAL 9.9847e-01 (9.5457e-01)
Epoch: [43][ 40/496]	L_Src_Sup 1.4435e-01 (1.8450e-01)	L_Trg_Inj 2.6258e-01 (3.1266e-01)	Loss Disc 6.9236e-01 (6.9257e-01)	Loss Pred 5.7554e-01 (5.5860e-01)	Loss TOTAL 9.6242e-01 (9.5829e-01)
Epoch: [43][ 50/496]	L_Src_Sup 1.3085e-01 (1.8468e-01)	L_Trg_Inj 3.4161e-01 (3.1191e-01)	Loss Disc 6.9082e-01 (6.9258e-01)	Loss Pred 5.2096e-01 (5.6002e-01)	Loss TOTAL 9.1362e-01 (9.6091e-01)
Epoch: [43][ 60/496]	L_Src_Sup 1.9621e-01 (1.8678e-01)	L_Trg_Inj 3.9305e-01 (3.1668e-01)	Loss Disc 6.9203e-01 (6.9256e-01)	Loss Pred 5.4807e-01 (5.5869e-01)	Loss TOTAL 9.5302e-01 (9.6095e-01)
Epoch: [43][ 70/496]	L_Src_Sup 1.1882e-01 (1.8810e-01)	L_Trg_Inj 4.3953e-01 (3.1509e-01)	Loss Disc 6.9196e-01 (6.9254e-01)	Loss Pred 5.5357e-01 (5.5907e-01)	Loss TOTAL 9.5539e-01 (9.6299e-01)
Epoch: [43][ 80/496]	L_Src_Sup 1.3850e-01 (1.8999e-01)	L_Trg_Inj 4.2522e-01 (3.1449e-01)	Loss Disc 6.8994e-01 (6.9241e-01)	Loss Pred 5.5379e-01 (5.5832e-01)	Loss TOTAL 9.5513e-01 (9.6212e-01)
Epoch: [43][ 90/496]	L_Src_Sup 2.8909e-01 (1.8921e-01)	L_Trg_Inj 2.2518e-01 (3.0908e-01)	Loss Disc 6.9299e-01 (6.9251e-01)	Loss Pred 5.7556e-01 (5.5958e-01)	Loss TOTAL 1.0374e+00 (9.6297e-01)
Epoch: [43][100/496]	L_Src_Sup 1.8753e-01 (1.9065e-01)	L_Trg_Inj 2.7441e-01 (3.0924e-01)	Loss Disc 6.9290e-01 (6.9254e-01)	Loss Pred 5.8094e-01 (5.6053e-01)	Loss TOTAL 9.7359e-01 (9.6506e-01)
Epoch: [43][110/496]	L_Src_Sup 2.3661e-01 (1.9083e-01)	L_Trg_Inj 1.4278e-01 (3.1062e-01)	Loss Disc 6.9568e-01 (6.9249e-01)	Loss Pred 5.9757e-01 (5.6025e-01)	Loss TOTAL 1.0772e+00 (9.6502e-01)
Epoch: [43][120/496]	L_Src_Sup 1.8754e-01 (1.9091e-01)	L_Trg_Inj 3.9835e-01 (3.0858e-01)	Loss Disc 6.9295e-01 (6.9253e-01)	Loss Pred 5.8110e-01 (5.6102e-01)	Loss TOTAL 9.8617e-01 (9.6626e-01)
Epoch: [43][130/496]	L_Src_Sup 1.2508e-01 (1.9164e-01)	L_Trg_Inj 3.2470e-01 (3.1075e-01)	Loss Disc 6.9204e-01 (6.9253e-01)	Loss Pred 5.8074e-01 (5.6188e-01)	Loss TOTAL 9.7174e-01 (9.6732e-01)
Epoch: [43][140/496]	L_Src_Sup 1.6063e-01 (1.9314e-01)	L_Trg_Inj 4.2714e-01 (3.1074e-01)	Loss Disc 6.9045e-01 (6.9253e-01)	Loss Pred 5.4920e-01 (5.6236e-01)	Loss TOTAL 9.5320e-01 (9.6853e-01)
Epoch: [43][150/496]	L_Src_Sup 1.7167e-01 (1.9390e-01)	L_Trg_Inj 3.3749e-01 (3.1151e-01)	Loss Disc 6.8823e-01 (6.9246e-01)	Loss Pred 5.2744e-01 (5.6264e-01)	Loss TOTAL 9.2247e-01 (9.6829e-01)
Epoch: [43][160/496]	L_Src_Sup 1.4193e-01 (1.9454e-01)	L_Trg_Inj 3.2439e-01 (3.1062e-01)	Loss Disc 6.9221e-01 (6.9240e-01)	Loss Pred 5.5409e-01 (5.6297e-01)	Loss TOTAL 9.4683e-01 (9.6914e-01)
Epoch: [43][170/496]	L_Src_Sup 1.6548e-01 (1.9494e-01)	L_Trg_Inj 2.2567e-01 (3.0912e-01)	Loss Disc 6.9180e-01 (6.9238e-01)	Loss Pred 5.7521e-01 (5.6265e-01)	Loss TOTAL 9.6022e-01 (9.6849e-01)
Epoch: [43][180/496]	L_Src_Sup 1.5393e-01 (1.9411e-01)	L_Trg_Inj 3.3801e-01 (3.0682e-01)	Loss Disc 6.9202e-01 (6.9239e-01)	Loss Pred 5.3787e-01 (5.6231e-01)	Loss TOTAL 9.3307e-01 (9.6763e-01)
Epoch: [43][190/496]	L_Src_Sup 2.0434e-01 (1.9502e-01)	L_Trg_Inj 3.0914e-01 (3.0503e-01)	Loss Disc 6.9305e-01 (6.9241e-01)	Loss Pred 5.6990e-01 (5.6240e-01)	Loss TOTAL 9.6778e-01 (9.6760e-01)
Epoch: [43][200/496]	L_Src_Sup 1.5551e-01 (1.9426e-01)	L_Trg_Inj 3.0794e-01 (3.0507e-01)	Loss Disc 6.9257e-01 (6.9244e-01)	Loss Pred 5.4324e-01 (5.6283e-01)	Loss TOTAL 9.3587e-01 (9.6755e-01)
Epoch: [43][210/496]	L_Src_Sup 1.7649e-01 (1.9360e-01)	L_Trg_Inj 2.5686e-01 (3.0371e-01)	Loss Disc 6.9128e-01 (6.9245e-01)	Loss Pred 5.4862e-01 (5.6309e-01)	Loss TOTAL 9.3759e-01 (9.6770e-01)
Epoch: [43][220/496]	L_Src_Sup 1.9418e-01 (1.9436e-01)	L_Trg_Inj 2.1671e-01 (3.0662e-01)	Loss Disc 6.9486e-01 (6.9240e-01)	Loss Pred 5.4313e-01 (5.6268e-01)	Loss TOTAL 9.3165e-01 (9.6724e-01)
Epoch: [43][230/496]	L_Src_Sup 1.8006e-01 (1.9536e-01)	L_Trg_Inj 3.6666e-01 (3.0603e-01)	Loss Disc 6.8991e-01 (6.9237e-01)	Loss Pred 5.6010e-01 (5.6271e-01)	Loss TOTAL 9.5973e-01 (9.6786e-01)
Epoch: [43][240/496]	L_Src_Sup 8.5101e-02 (1.9632e-01)	L_Trg_Inj 5.0318e-01 (3.0901e-01)	Loss Disc 6.9278e-01 (6.9238e-01)	Loss Pred 5.9131e-01 (5.6280e-01)	Loss TOTAL 9.9653e-01 (9.6817e-01)
Epoch: [43][250/496]	L_Src_Sup 1.6671e-01 (1.9596e-01)	L_Trg_Inj 3.7387e-01 (3.1063e-01)	Loss Disc 6.9302e-01 (6.9238e-01)	Loss Pred 5.8045e-01 (5.6310e-01)	Loss TOTAL 9.8102e-01 (9.6830e-01)
Epoch: [43][260/496]	L_Src_Sup 1.2159e-01 (1.9575e-01)	L_Trg_Inj 3.9891e-01 (3.1212e-01)	Loss Disc 6.9113e-01 (6.9238e-01)	Loss Pred 5.6454e-01 (5.6301e-01)	Loss TOTAL 9.6215e-01 (9.6831e-01)
Epoch: [43][270/496]	L_Src_Sup 2.2680e-01 (1.9600e-01)	L_Trg_Inj 4.6025e-01 (3.1283e-01)	Loss Disc 6.9226e-01 (6.9238e-01)	Loss Pred 5.7520e-01 (5.6285e-01)	Loss TOTAL 9.9003e-01 (9.6794e-01)
Epoch: [43][280/496]	L_Src_Sup 2.4178e-01 (1.9639e-01)	L_Trg_Inj 5.1001e-01 (3.1462e-01)	Loss Disc 6.9229e-01 (6.9240e-01)	Loss Pred 6.0761e-01 (5.6280e-01)	Loss TOTAL 1.0289e+00 (9.6846e-01)
Epoch: [43][290/496]	L_Src_Sup 6.9764e-02 (1.9745e-01)	L_Trg_Inj 3.8216e-01 (3.1682e-01)	Loss Disc 6.9424e-01 (6.9240e-01)	Loss Pred 6.3501e-01 (5.6247e-01)	Loss TOTAL 1.0273e+00 (9.6860e-01)
Epoch: [43][300/496]	L_Src_Sup 1.4959e-01 (1.9769e-01)	L_Trg_Inj 2.4871e-01 (3.1641e-01)	Loss Disc 6.9114e-01 (6.9239e-01)	Loss Pred 5.2089e-01 (5.6176e-01)	Loss TOTAL 9.0629e-01 (9.6782e-01)
Epoch: [43][310/496]	L_Src_Sup 1.8390e-01 (1.9788e-01)	L_Trg_Inj 2.8089e-01 (3.1761e-01)	Loss Disc 6.9272e-01 (6.9240e-01)	Loss Pred 5.7000e-01 (5.6189e-01)	Loss TOTAL 9.6284e-01 (9.6782e-01)
Epoch: [43][320/496]	L_Src_Sup 1.5999e-01 (1.9752e-01)	L_Trg_Inj 3.5122e-01 (3.1849e-01)	Loss Disc 6.9376e-01 (6.9241e-01)	Loss Pred 5.5908e-01 (5.6204e-01)	Loss TOTAL 9.5708e-01 (9.6797e-01)
Epoch: [43][330/496]	L_Src_Sup 1.8945e-01 (1.9675e-01)	L_Trg_Inj 2.1979e-01 (3.1832e-01)	Loss Disc 6.9360e-01 (6.9241e-01)	Loss Pred 5.8631e-01 (5.6220e-01)	Loss TOTAL 9.7403e-01 (9.6791e-01)
Epoch: [43][340/496]	L_Src_Sup 2.5243e-01 (1.9656e-01)	L_Trg_Inj 3.1173e-01 (3.1820e-01)	Loss Disc 6.9281e-01 (6.9243e-01)	Loss Pred 5.4295e-01 (5.6230e-01)	Loss TOTAL 9.4577e-01 (9.6775e-01)
Epoch: [43][350/496]	L_Src_Sup 2.0789e-01 (1.9697e-01)	L_Trg_Inj 4.3884e-01 (3.1768e-01)	Loss Disc 6.9212e-01 (6.9244e-01)	Loss Pred 5.2628e-01 (5.6187e-01)	Loss TOTAL 9.3701e-01 (9.6789e-01)
Epoch: [43][360/496]	L_Src_Sup 2.5481e-01 (1.9668e-01)	L_Trg_Inj 3.0861e-01 (3.1591e-01)	Loss Disc 6.9231e-01 (6.9245e-01)	Loss Pred 5.0452e-01 (5.6172e-01)	Loss TOTAL 9.0702e-01 (9.6756e-01)
Epoch: [43][370/496]	L_Src_Sup 9.8159e-02 (1.9666e-01)	L_Trg_Inj 1.8880e-01 (3.1590e-01)	Loss Disc 6.9308e-01 (6.9245e-01)	Loss Pred 5.4279e-01 (5.6195e-01)	Loss TOTAL 9.1803e-01 (9.6764e-01)
Epoch: [43][380/496]	L_Src_Sup 1.6667e-01 (1.9691e-01)	L_Trg_Inj 2.6374e-01 (3.1641e-01)	Loss Disc 6.9326e-01 (6.9246e-01)	Loss Pred 5.1599e-01 (5.6227e-01)	Loss TOTAL 9.0566e-01 (9.6795e-01)
Epoch: [43][390/496]	L_Src_Sup 4.0822e-02 (1.9683e-01)	L_Trg_Inj 2.5614e-01 (3.1623e-01)	Loss Disc 6.9414e-01 (6.9246e-01)	Loss Pred 5.6985e-01 (5.6249e-01)	Loss TOTAL 9.4662e-01 (9.6813e-01)
Epoch: [43][400/496]	L_Src_Sup 1.5686e-01 (1.9667e-01)	L_Trg_Inj 2.6580e-01 (3.1493e-01)	Loss Disc 6.9292e-01 (6.9247e-01)	Loss Pred 5.4839e-01 (5.6242e-01)	Loss TOTAL 9.3711e-01 (9.6789e-01)
Epoch: [43][410/496]	L_Src_Sup 2.8002e-01 (1.9724e-01)	L_Trg_Inj 3.6056e-01 (3.1451e-01)	Loss Disc 6.9194e-01 (6.9246e-01)	Loss Pred 5.5908e-01 (5.6232e-01)	Loss TOTAL 9.6911e-01 (9.6779e-01)
Epoch: [43][420/496]	L_Src_Sup 2.8844e-01 (1.9747e-01)	L_Trg_Inj 1.8905e-01 (3.1347e-01)	Loss Disc 6.9347e-01 (6.9249e-01)	Loss Pred 5.3314e-01 (5.6193e-01)	Loss TOTAL 1.0270e+00 (9.6747e-01)
Epoch: [43][430/496]	L_Src_Sup 1.9615e-01 (1.9844e-01)	L_Trg_Inj 2.9852e-01 (3.1370e-01)	Loss Disc 6.9236e-01 (6.9249e-01)	Loss Pred 5.4817e-01 (5.6205e-01)	Loss TOTAL 9.4382e-01 (9.6786e-01)
Epoch: [43][440/496]	L_Src_Sup 2.2447e-01 (1.9832e-01)	L_Trg_Inj 3.5202e-01 (3.1391e-01)	Loss Disc 6.9133e-01 (6.9249e-01)	Loss Pred 5.6997e-01 (5.6208e-01)	Loss TOTAL 9.7328e-01 (9.6789e-01)
Epoch: [43][450/496]	L_Src_Sup 2.1173e-01 (1.9874e-01)	L_Trg_Inj 2.8382e-01 (3.1389e-01)	Loss Disc 6.9394e-01 (6.9250e-01)	Loss Pred 5.3731e-01 (5.6196e-01)	Loss TOTAL 9.3383e-01 (9.6781e-01)
Epoch: [43][460/496]	L_Src_Sup 2.1594e-01 (1.9883e-01)	L_Trg_Inj 2.1860e-01 (3.1299e-01)	Loss Disc 6.9253e-01 (6.9250e-01)	Loss Pred 5.4829e-01 (5.6203e-01)	Loss TOTAL 9.3801e-01 (9.6786e-01)
Epoch: [43][470/496]	L_Src_Sup 1.5395e-01 (1.9883e-01)	L_Trg_Inj 1.8287e-01 (3.1298e-01)	Loss Disc 6.9342e-01 (6.9251e-01)	Loss Pred 5.3738e-01 (5.6204e-01)	Loss TOTAL 9.1777e-01 (9.6770e-01)
Epoch: [43][480/496]	L_Src_Sup 2.5000e-01 (1.9882e-01)	L_Trg_Inj 3.6972e-01 (3.1234e-01)	Loss Disc 6.9238e-01 (6.9252e-01)	Loss Pred 5.8106e-01 (5.6177e-01)	Loss TOTAL 9.8922e-01 (9.6752e-01)
Epoch: [43][490/496]	L_Src_Sup 2.0955e-01 (1.9878e-01)	L_Trg_Inj 3.1493e-01 (3.1267e-01)	Loss Disc 6.9277e-01 (6.9252e-01)	Loss Pred 5.3160e-01 (5.6170e-01)	Loss TOTAL 9.3043e-01 (9.6731e-01)
Epoch: [43][496/496]	L_Src_Sup 1.5264e-01 (1.9862e-01)	L_Trg_Inj 3.0494e-01 (3.1221e-01)	Loss Disc 6.9313e-01 (6.9252e-01)	Loss Pred 5.3157e-01 (5.6168e-01)	Loss TOTAL 9.2389e-01 (9.6723e-01)
Epoch 43 complete. Saving model state...
Epoch: [44][ 10/496]	L_Src_Sup 3.0467e-01 (2.0013e-01)	L_Trg_Inj 2.8024e-01 (2.6542e-01)	Loss Disc 6.9233e-01 (6.9259e-01)	Loss Pred 5.6548e-01 (5.6416e-01)	Loss TOTAL 9.9457e-01 (9.6635e-01)
Epoch: [44][ 20/496]	L_Src_Sup 1.8672e-01 (1.9750e-01)	L_Trg_Inj 2.0559e-01 (2.9443e-01)	Loss Disc 6.9019e-01 (6.9217e-01)	Loss Pred 5.7561e-01 (5.6247e-01)	Loss TOTAL 9.5994e-01 (9.6622e-01)
Epoch: [44][ 30/496]	L_Src_Sup 1.6355e-01 (1.9833e-01)	L_Trg_Inj 3.3406e-01 (2.9583e-01)	Loss Disc 6.9070e-01 (6.9156e-01)	Loss Pred 5.6534e-01 (5.6286e-01)	Loss TOTAL 9.6045e-01 (9.6736e-01)
Epoch: [44][ 40/496]	L_Src_Sup 1.1066e-01 (1.9554e-01)	L_Trg_Inj 2.3037e-01 (2.9029e-01)	Loss Disc 6.9247e-01 (6.9003e-01)	Loss Pred 5.0991e-01 (5.6142e-01)	Loss TOTAL 8.9024e-01 (9.6263e-01)
Epoch: [44][ 50/496]	L_Src_Sup 1.3589e-01 (1.9641e-01)	L_Trg_Inj 2.5405e-01 (2.9141e-01)	Loss Disc 6.6905e-01 (6.8823e-01)	Loss Pred 6.0883e-01 (5.6086e-01)	Loss TOTAL 9.8235e-01 (9.6215e-01)
Epoch: [44][ 60/496]	L_Src_Sup 1.4739e-01 (1.9243e-01)	L_Trg_Inj 2.0535e-01 (2.8458e-01)	Loss Disc 6.7743e-01 (6.8601e-01)	Loss Pred 5.8648e-01 (5.6222e-01)	Loss TOTAL 9.6047e-01 (9.6041e-01)
Epoch: [44][ 70/496]	L_Src_Sup 1.4156e-01 (1.8952e-01)	L_Trg_Inj 3.6831e-01 (2.8670e-01)	Loss Disc 6.8388e-01 (6.8509e-01)	Loss Pred 5.6459e-01 (5.6326e-01)	Loss TOTAL 9.5752e-01 (9.6017e-01)
Epoch: [44][ 80/496]	L_Src_Sup 1.8185e-01 (1.9368e-01)	L_Trg_Inj 3.1018e-01 (2.8756e-01)	Loss Disc 6.9029e-01 (6.8557e-01)	Loss Pred 5.6456e-01 (5.6259e-01)	Loss TOTAL 9.5891e-01 (9.6346e-01)
Epoch: [44][ 90/496]	L_Src_Sup 1.8951e-01 (1.9530e-01)	L_Trg_Inj 3.6381e-01 (2.9066e-01)	Loss Disc 6.8541e-01 (6.8569e-01)	Loss Pred 5.8610e-01 (5.6433e-01)	Loss TOTAL 9.8414e-01 (9.6485e-01)
Epoch: [44][100/496]	L_Src_Sup 2.7191e-01 (1.9679e-01)	L_Trg_Inj 3.5583e-01 (2.9681e-01)	Loss Disc 6.8730e-01 (6.8598e-01)	Loss Pred 5.8065e-01 (5.6443e-01)	Loss TOTAL 9.8707e-01 (9.6577e-01)
Epoch: [44][110/496]	L_Src_Sup 1.8131e-01 (1.9600e-01)	L_Trg_Inj 2.9782e-01 (3.0143e-01)	Loss Disc 6.9418e-01 (6.8648e-01)	Loss Pred 5.5442e-01 (5.6317e-01)	Loss TOTAL 9.4943e-01 (9.6479e-01)
Epoch: [44][120/496]	L_Src_Sup 1.6179e-01 (1.9559e-01)	L_Trg_Inj 2.1066e-01 (3.0132e-01)	Loss Disc 6.9680e-01 (6.8710e-01)	Loss Pred 5.6451e-01 (5.6303e-01)	Loss TOTAL 9.5016e-01 (9.6500e-01)
Epoch: [44][130/496]	L_Src_Sup 1.5433e-01 (1.9558e-01)	L_Trg_Inj 3.5569e-01 (3.0252e-01)	Loss Disc 6.8523e-01 (6.8763e-01)	Loss Pred 6.0811e-01 (5.6257e-01)	Loss TOTAL 1.0017e+00 (9.6477e-01)
Epoch: [44][140/496]	L_Src_Sup 1.3727e-01 (1.9532e-01)	L_Trg_Inj 3.2869e-01 (3.0109e-01)	Loss Disc 6.8922e-01 (6.8790e-01)	Loss Pred 5.4825e-01 (5.6245e-01)	Loss TOTAL 9.3946e-01 (9.6518e-01)
Epoch: [44][150/496]	L_Src_Sup 1.5914e-01 (1.9581e-01)	L_Trg_Inj 3.7929e-01 (2.9884e-01)	Loss Disc 6.8901e-01 (6.8816e-01)	Loss Pred 6.2411e-01 (5.6296e-01)	Loss TOTAL 1.0225e+00 (9.6648e-01)
Epoch: [44][160/496]	L_Src_Sup 1.4287e-01 (1.9563e-01)	L_Trg_Inj 2.2922e-01 (3.0092e-01)	Loss Disc 6.9076e-01 (6.8844e-01)	Loss Pred 5.6999e-01 (5.6259e-01)	Loss TOTAL 9.5258e-01 (9.6581e-01)
Epoch: [44][170/496]	L_Src_Sup 2.5745e-01 (1.9629e-01)	L_Trg_Inj 3.0422e-01 (3.0367e-01)	Loss Disc 6.9259e-01 (6.8858e-01)	Loss Pred 5.5384e-01 (5.6293e-01)	Loss TOTAL 9.5630e-01 (9.6601e-01)
Epoch: [44][180/496]	L_Src_Sup 2.5007e-01 (1.9769e-01)	L_Trg_Inj 3.7142e-01 (3.0424e-01)	Loss Disc 6.9047e-01 (6.8874e-01)	Loss Pred 5.8079e-01 (5.6265e-01)	Loss TOTAL 9.8818e-01 (9.6614e-01)
Epoch: [44][190/496]	L_Src_Sup 3.5048e-01 (1.9854e-01)	L_Trg_Inj 2.7977e-01 (3.0532e-01)	Loss Disc 6.9271e-01 (6.8895e-01)	Loss Pred 5.7535e-01 (5.6266e-01)	Loss TOTAL 1.0554e+00 (9.6634e-01)
Epoch: [44][200/496]	L_Src_Sup 2.7663e-01 (1.9798e-01)	L_Trg_Inj 3.0211e-01 (3.0496e-01)	Loss Disc 6.9167e-01 (6.8916e-01)	Loss Pred 5.9162e-01 (5.6262e-01)	Loss TOTAL 9.9533e-01 (9.6588e-01)
Epoch: [44][210/496]	L_Src_Sup 2.8609e-01 (1.9923e-01)	L_Trg_Inj 1.8574e-01 (3.0535e-01)	Loss Disc 6.9621e-01 (6.8932e-01)	Loss Pred 5.6997e-01 (5.6259e-01)	Loss TOTAL 1.0656e+00 (9.6633e-01)
Epoch: [44][220/496]	L_Src_Sup 1.6678e-01 (1.9931e-01)	L_Trg_Inj 2.6751e-01 (3.0679e-01)	Loss Disc 6.9430e-01 (6.8951e-01)	Loss Pred 5.8079e-01 (5.6248e-01)	Loss TOTAL 9.7137e-01 (9.6607e-01)
Epoch: [44][230/496]	L_Src_Sup 2.2013e-01 (1.9904e-01)	L_Trg_Inj 2.1210e-01 (3.0539e-01)	Loss Disc 6.9401e-01 (6.8968e-01)	Loss Pred 5.5907e-01 (5.6193e-01)	Loss TOTAL 9.5733e-01 (9.6533e-01)
Epoch: [44][240/496]	L_Src_Sup 1.8004e-01 (1.9918e-01)	L_Trg_Inj 2.0871e-01 (3.0413e-01)	Loss Disc 6.9329e-01 (6.8982e-01)	Loss Pred 5.5913e-01 (5.6188e-01)	Loss TOTAL 9.4465e-01 (9.6489e-01)
Epoch: [44][250/496]	L_Src_Sup 2.0844e-01 (1.9925e-01)	L_Trg_Inj 1.1130e-01 (3.0227e-01)	Loss Disc 6.9358e-01 (6.8995e-01)	Loss Pred 5.8130e-01 (5.6153e-01)	Loss TOTAL 1.0572e+00 (9.6451e-01)
Epoch: [44][260/496]	L_Src_Sup 1.7839e-01 (1.9950e-01)	L_Trg_Inj 3.8121e-01 (3.0174e-01)	Loss Disc 6.9158e-01 (6.9005e-01)	Loss Pred 5.4846e-01 (5.6145e-01)	Loss TOTAL 9.5021e-01 (9.6457e-01)
Epoch: [44][270/496]	L_Src_Sup 1.8520e-01 (2.0098e-01)	L_Trg_Inj 2.8246e-01 (3.0180e-01)	Loss Disc 6.9346e-01 (6.9014e-01)	Loss Pred 5.1509e-01 (5.6125e-01)	Loss TOTAL 9.0858e-01 (9.6523e-01)
Epoch: [44][280/496]	L_Src_Sup 1.2965e-01 (2.0028e-01)	L_Trg_Inj 4.0151e-01 (3.0166e-01)	Loss Disc 6.9407e-01 (6.9024e-01)	Loss Pred 5.1476e-01 (5.6099e-01)	Loss TOTAL 9.1491e-01 (9.6480e-01)
Epoch: [44][290/496]	L_Src_Sup 2.7087e-01 (2.0095e-01)	L_Trg_Inj 3.7110e-01 (3.0130e-01)	Loss Disc 6.9232e-01 (6.9033e-01)	Loss Pred 5.8152e-01 (5.6100e-01)	Loss TOTAL 9.9188e-01 (9.6525e-01)
Epoch: [44][300/496]	L_Src_Sup 1.6825e-01 (2.0006e-01)	L_Trg_Inj 1.8358e-01 (3.0056e-01)	Loss Disc 6.9224e-01 (6.9040e-01)	Loss Pred 5.2017e-01 (5.6078e-01)	Loss TOTAL 9.0147e-01 (9.6460e-01)
Epoch: [44][310/496]	L_Src_Sup 3.7115e-01 (1.9972e-01)	L_Trg_Inj 3.9948e-01 (3.0012e-01)	Loss Disc 6.9151e-01 (6.9047e-01)	Loss Pred 5.7579e-01 (5.6085e-01)	Loss TOTAL 9.9861e-01 (9.6443e-01)
Epoch: [44][320/496]	L_Src_Sup 1.4000e-01 (1.9905e-01)	L_Trg_Inj 1.6782e-01 (2.9906e-01)	Loss Disc 6.9419e-01 (6.9053e-01)	Loss Pred 5.5909e-01 (5.6101e-01)	Loss TOTAL 9.3697e-01 (9.6447e-01)
Epoch: [44][330/496]	L_Src_Sup 1.8882e-01 (1.9934e-01)	L_Trg_Inj 2.9509e-01 (2.9870e-01)	Loss Disc 6.9744e-01 (6.9057e-01)	Loss Pred 5.2595e-01 (5.6105e-01)	Loss TOTAL 9.2306e-01 (9.6476e-01)
Epoch: [44][340/496]	L_Src_Sup 1.4736e-01 (1.9983e-01)	L_Trg_Inj 2.4247e-01 (3.0054e-01)	Loss Disc 6.8971e-01 (6.9063e-01)	Loss Pred 5.8664e-01 (5.6111e-01)	Loss TOTAL 9.7048e-01 (9.6491e-01)
Epoch: [44][350/496]	L_Src_Sup 2.7371e-01 (2.0038e-01)	L_Trg_Inj 3.5319e-01 (3.0074e-01)	Loss Disc 6.9084e-01 (6.9066e-01)	Loss Pred 5.8651e-01 (5.6127e-01)	Loss TOTAL 9.9461e-01 (9.6493e-01)
Epoch: [44][360/496]	L_Src_Sup 2.0955e-01 (1.9989e-01)	L_Trg_Inj 3.2501e-01 (3.0004e-01)	Loss Disc 6.9604e-01 (6.9074e-01)	Loss Pred 5.3159e-01 (5.6113e-01)	Loss TOTAL 9.3306e-01 (9.6460e-01)
Epoch: [44][370/496]	L_Src_Sup 2.4508e-01 (1.9970e-01)	L_Trg_Inj 1.7502e-01 (2.9918e-01)	Loss Disc 6.9273e-01 (6.9080e-01)	Loss Pred 5.7033e-01 (5.6118e-01)	Loss TOTAL 1.0288e+00 (9.6455e-01)
Epoch: [44][380/496]	L_Src_Sup 1.2975e-01 (1.9913e-01)	L_Trg_Inj 3.0116e-01 (3.0019e-01)	Loss Disc 6.9581e-01 (6.9087e-01)	Loss Pred 5.1044e-01 (5.6144e-01)	Loss TOTAL 9.0143e-01 (9.6473e-01)
Epoch: [44][390/496]	L_Src_Sup 2.0253e-01 (1.9927e-01)	L_Trg_Inj 2.5554e-01 (2.9959e-01)	Loss Disc 6.9327e-01 (6.9092e-01)	Loss Pred 5.6459e-01 (5.6152e-01)	Loss TOTAL 9.5703e-01 (9.6472e-01)
Epoch: [44][400/496]	L_Src_Sup 1.6091e-01 (1.9914e-01)	L_Trg_Inj 3.1198e-01 (3.0085e-01)	Loss Disc 6.9248e-01 (6.9097e-01)	Loss Pred 5.5967e-01 (5.6161e-01)	Loss TOTAL 9.5320e-01 (9.6483e-01)
Epoch: [44][410/496]	L_Src_Sup 1.0194e-01 (1.9935e-01)	L_Trg_Inj 3.9143e-01 (3.0094e-01)	Loss Disc 6.9267e-01 (6.9101e-01)	Loss Pred 5.7007e-01 (5.6164e-01)	Loss TOTAL 9.6574e-01 (9.6527e-01)
Epoch: [44][420/496]	L_Src_Sup 2.9795e-01 (1.9912e-01)	L_Trg_Inj 3.7879e-01 (3.0139e-01)	Loss Disc 6.9258e-01 (6.9106e-01)	Loss Pred 5.9157e-01 (5.6173e-01)	Loss TOTAL 1.0055e+00 (9.6522e-01)
Epoch: [44][430/496]	L_Src_Sup 1.8000e-01 (1.9968e-01)	L_Trg_Inj 2.7188e-01 (3.0107e-01)	Loss Disc 6.9312e-01 (6.9110e-01)	Loss Pred 5.5915e-01 (5.6195e-01)	Loss TOTAL 9.5090e-01 (9.6553e-01)
Epoch: [44][440/496]	L_Src_Sup 1.0770e-01 (1.9967e-01)	L_Trg_Inj 3.8680e-01 (3.0051e-01)	Loss Disc 6.9253e-01 (6.9114e-01)	Loss Pred 5.9694e-01 (5.6192e-01)	Loss TOTAL 9.9266e-01 (9.6587e-01)
Epoch: [44][450/496]	L_Src_Sup 1.3863e-01 (2.0003e-01)	L_Trg_Inj 2.5129e-01 (3.0053e-01)	Loss Disc 6.9289e-01 (6.9118e-01)	Loss Pred 5.5374e-01 (5.6177e-01)	Loss TOTAL 9.3918e-01 (9.6569e-01)
Epoch: [44][460/496]	L_Src_Sup 1.6150e-01 (2.0005e-01)	L_Trg_Inj 2.5723e-01 (2.9984e-01)	Loss Disc 6.9292e-01 (6.9122e-01)	Loss Pred 5.6476e-01 (5.6213e-01)	Loss TOTAL 9.5309e-01 (9.6588e-01)
Epoch: [44][470/496]	L_Src_Sup 2.3091e-01 (2.0029e-01)	L_Trg_Inj 2.6369e-01 (2.9978e-01)	Loss Disc 6.9259e-01 (6.9126e-01)	Loss Pred 5.3774e-01 (5.6196e-01)	Loss TOTAL 9.3350e-01 (9.6558e-01)
Epoch: [44][480/496]	L_Src_Sup 1.2125e-01 (2.0056e-01)	L_Trg_Inj 1.7591e-01 (2.9970e-01)	Loss Disc 6.9342e-01 (6.9129e-01)	Loss Pred 5.6459e-01 (5.6216e-01)	Loss TOTAL 9.4102e-01 (9.6615e-01)
Epoch: [44][490/496]	L_Src_Sup 2.8013e-01 (2.0115e-01)	L_Trg_Inj 4.2705e-01 (3.0056e-01)	Loss Disc 6.9136e-01 (6.9131e-01)	Loss Pred 5.2881e-01 (5.6193e-01)	Loss TOTAL 9.4521e-01 (9.6616e-01)
Epoch: [44][496/496]	L_Src_Sup 2.6622e-01 (2.0125e-01)	L_Trg_Inj 2.8378e-01 (3.0111e-01)	Loss Disc 6.9260e-01 (6.9131e-01)	Loss Pred 5.6571e-01 (5.6178e-01)	Loss TOTAL 9.6701e-01 (9.6598e-01)
Epoch 44 complete. Saving model state...
Epoch: [45][ 10/496]	L_Src_Sup 2.1608e-01 (2.1283e-01)	L_Trg_Inj 2.9292e-01 (2.5073e-01)	Loss Disc 6.9187e-01 (6.9285e-01)	Loss Pred 5.4828e-01 (5.5841e-01)	Loss TOTAL 9.4512e-01 (9.7211e-01)
Epoch: [45][ 20/496]	L_Src_Sup 1.2638e-01 (2.0845e-01)	L_Trg_Inj 2.4900e-01 (2.8316e-01)	Loss Disc 6.9266e-01 (6.9278e-01)	Loss Pred 5.8624e-01 (5.6369e-01)	Loss TOTAL 9.7011e-01 (9.7242e-01)
Epoch: [45][ 30/496]	L_Src_Sup 2.6535e-01 (2.0504e-01)	L_Trg_Inj 2.9136e-01 (2.9754e-01)	Loss Disc 6.9290e-01 (6.9269e-01)	Loss Pred 5.6997e-01 (5.6326e-01)	Loss TOTAL 9.7209e-01 (9.6865e-01)
Epoch: [45][ 40/496]	L_Src_Sup 1.3866e-01 (1.9648e-01)	L_Trg_Inj 2.3346e-01 (2.9593e-01)	Loss Disc 6.9224e-01 (6.9264e-01)	Loss Pred 5.5369e-01 (5.5966e-01)	Loss TOTAL 9.3703e-01 (9.6181e-01)
Epoch: [45][ 50/496]	L_Src_Sup 1.6006e-01 (1.9931e-01)	L_Trg_Inj 2.2501e-01 (2.9233e-01)	Loss Disc 6.9265e-01 (6.9272e-01)	Loss Pred 5.5906e-01 (5.5879e-01)	Loss TOTAL 9.4389e-01 (9.6456e-01)
Epoch: [45][ 60/496]	L_Src_Sup 1.8190e-01 (1.9530e-01)	L_Trg_Inj 2.4138e-01 (2.8994e-01)	Loss Disc 6.9454e-01 (6.9278e-01)	Loss Pred 6.2460e-01 (5.6094e-01)	Loss TOTAL 1.0142e+00 (9.6649e-01)
Epoch: [45][ 70/496]	L_Src_Sup 1.9817e-01 (1.9440e-01)	L_Trg_Inj 2.9277e-01 (2.8945e-01)	Loss Disc 6.9350e-01 (6.9281e-01)	Loss Pred 6.0809e-01 (5.6169e-01)	Loss TOTAL 1.0039e+00 (9.6574e-01)
Epoch: [45][ 80/496]	L_Src_Sup 2.0414e-01 (1.9437e-01)	L_Trg_Inj 2.7789e-01 (2.9254e-01)	Loss Disc 6.9288e-01 (6.9283e-01)	Loss Pred 5.7010e-01 (5.6125e-01)	Loss TOTAL 9.6474e-01 (9.6560e-01)
Epoch: [45][ 90/496]	L_Src_Sup 1.7641e-01 (1.9091e-01)	L_Trg_Inj 1.1001e-01 (2.8647e-01)	Loss Disc 6.9356e-01 (6.9286e-01)	Loss Pred 5.3759e-01 (5.6109e-01)	Loss TOTAL 9.7941e-01 (9.6508e-01)
Epoch: [45][100/496]	L_Src_Sup 2.1091e-01 (1.9307e-01)	L_Trg_Inj 2.1545e-01 (2.8561e-01)	Loss Disc 6.9360e-01 (6.9288e-01)	Loss Pred 5.8634e-01 (5.6120e-01)	Loss TOTAL 9.7577e-01 (9.6539e-01)
Epoch: [45][110/496]	L_Src_Sup 2.3534e-01 (1.9414e-01)	L_Trg_Inj 2.7224e-01 (2.8507e-01)	Loss Disc 6.9301e-01 (6.9288e-01)	Loss Pred 5.4826e-01 (5.6096e-01)	Loss TOTAL 9.4552e-01 (9.6452e-01)
Epoch: [45][120/496]	L_Src_Sup 2.5934e-01 (1.9640e-01)	L_Trg_Inj 4.2728e-01 (2.8515e-01)	Loss Disc 6.9253e-01 (6.9288e-01)	Loss Pred 5.1540e-01 (5.6023e-01)	Loss TOTAL 9.3033e-01 (9.6459e-01)
Epoch: [45][130/496]	L_Src_Sup 2.5490e-01 (1.9546e-01)	L_Trg_Inj 4.0952e-01 (2.8775e-01)	Loss Disc 6.9216e-01 (6.9287e-01)	Loss Pred 5.4807e-01 (5.5993e-01)	Loss TOTAL 9.6059e-01 (9.6370e-01)
Epoch: [45][140/496]	L_Src_Sup 1.8750e-01 (1.9437e-01)	L_Trg_Inj 3.8218e-01 (2.8910e-01)	Loss Disc 6.9250e-01 (6.9286e-01)	Loss Pred 5.8107e-01 (5.6031e-01)	Loss TOTAL 9.8429e-01 (9.6379e-01)
Epoch: [45][150/496]	L_Src_Sup 2.0842e-01 (1.9474e-01)	L_Trg_Inj 2.3287e-01 (2.8902e-01)	Loss Disc 6.9332e-01 (6.9286e-01)	Loss Pred 5.8094e-01 (5.6078e-01)	Loss TOTAL 9.7172e-01 (9.6564e-01)
Epoch: [45][160/496]	L_Src_Sup 2.1053e-01 (1.9476e-01)	L_Trg_Inj 3.7903e-01 (2.8875e-01)	Loss Disc 6.9310e-01 (6.9287e-01)	Loss Pred 5.8621e-01 (5.6143e-01)	Loss TOTAL 9.9172e-01 (9.6639e-01)
Epoch: [45][170/496]	L_Src_Sup 1.7202e-01 (1.9460e-01)	L_Trg_Inj 2.9871e-01 (2.8996e-01)	Loss Disc 6.9339e-01 (6.9287e-01)	Loss Pred 5.9693e-01 (5.6200e-01)	Loss TOTAL 9.9070e-01 (9.6646e-01)
Epoch: [45][180/496]	L_Src_Sup 1.5238e-01 (1.9355e-01)	L_Trg_Inj 3.1842e-01 (2.8916e-01)	Loss Disc 6.9206e-01 (6.9287e-01)	Loss Pred 5.3237e-01 (5.6190e-01)	Loss TOTAL 9.2548e-01 (9.6565e-01)
Epoch: [45][190/496]	L_Src_Sup 1.7339e-01 (1.9510e-01)	L_Trg_Inj 3.5445e-01 (2.8628e-01)	Loss Disc 6.9291e-01 (6.9289e-01)	Loss Pred 5.3819e-01 (5.6172e-01)	Loss TOTAL 9.3743e-01 (9.6658e-01)
Epoch: [45][200/496]	L_Src_Sup 2.2238e-01 (1.9656e-01)	L_Trg_Inj 2.7391e-01 (2.9007e-01)	Loss Disc 6.9271e-01 (6.9289e-01)	Loss Pred 5.6453e-01 (5.6160e-01)	Loss TOTAL 9.6052e-01 (9.6691e-01)
Epoch: [45][210/496]	L_Src_Sup 1.7330e-01 (1.9711e-01)	L_Trg_Inj 4.0285e-01 (2.9103e-01)	Loss Disc 6.9290e-01 (6.9289e-01)	Loss Pred 5.3793e-01 (5.6266e-01)	Loss TOTAL 9.4200e-01 (9.6818e-01)
Epoch: [45][220/496]	L_Src_Sup 1.1881e-01 (1.9561e-01)	L_Trg_Inj 2.8833e-01 (2.9252e-01)	Loss Disc 6.9303e-01 (6.9289e-01)	Loss Pred 5.5374e-01 (5.6192e-01)	Loss TOTAL 9.4097e-01 (9.6697e-01)
Epoch: [45][230/496]	L_Src_Sup 2.0001e-01 (1.9478e-01)	L_Trg_Inj 1.5312e-01 (2.9203e-01)	Loss Disc 6.9321e-01 (6.9290e-01)	Loss Pred 5.5913e-01 (5.6218e-01)	Loss TOTAL 9.8794e-01 (9.6687e-01)
Epoch: [45][240/496]	L_Src_Sup 1.5879e-01 (1.9520e-01)	L_Trg_Inj 2.6463e-01 (2.9373e-01)	Loss Disc 6.9308e-01 (6.9290e-01)	Loss Pred 5.5381e-01 (5.6219e-01)	Loss TOTAL 9.4269e-01 (9.6678e-01)
Epoch: [45][250/496]	L_Src_Sup 1.1323e-01 (1.9513e-01)	L_Trg_Inj 4.2204e-01 (2.9322e-01)	Loss Disc 6.9263e-01 (6.9290e-01)	Loss Pred 5.2167e-01 (5.6203e-01)	Loss TOTAL 9.2151e-01 (9.6664e-01)
Epoch: [45][260/496]	L_Src_Sup 2.5281e-01 (1.9639e-01)	L_Trg_Inj 3.8617e-01 (2.9525e-01)	Loss Disc 6.9249e-01 (6.9290e-01)	Loss Pred 5.8606e-01 (5.6220e-01)	Loss TOTAL 9.9620e-01 (9.6677e-01)
Epoch: [45][270/496]	L_Src_Sup 2.7084e-01 (1.9529e-01)	L_Trg_Inj 4.2052e-01 (2.9437e-01)	Loss Disc 6.9171e-01 (6.9289e-01)	Loss Pred 5.8085e-01 (5.6203e-01)	Loss TOTAL 9.9584e-01 (9.6607e-01)
Epoch: [45][280/496]	L_Src_Sup 2.9471e-01 (1.9667e-01)	L_Trg_Inj 3.2603e-01 (2.9503e-01)	Loss Disc 6.9123e-01 (6.9287e-01)	Loss Pred 5.3841e-01 (5.6180e-01)	Loss TOTAL 9.4610e-01 (9.6587e-01)
Epoch: [45][290/496]	L_Src_Sup 2.0356e-01 (1.9895e-01)	L_Trg_Inj 3.9913e-01 (2.9558e-01)	Loss Disc 6.9084e-01 (6.9284e-01)	Loss Pred 5.6510e-01 (5.6170e-01)	Loss TOTAL 9.7079e-01 (9.6682e-01)
Epoch: [45][300/496]	L_Src_Sup 2.5939e-01 (1.9901e-01)	L_Trg_Inj 2.6812e-01 (2.9704e-01)	Loss Disc 6.9112e-01 (6.9278e-01)	Loss Pred 5.5375e-01 (5.6148e-01)	Loss TOTAL 9.5206e-01 (9.6642e-01)
Epoch: [45][310/496]	L_Src_Sup 5.9414e-02 (1.9895e-01)	L_Trg_Inj 2.3972e-01 (2.9746e-01)	Loss Disc 6.9370e-01 (6.9277e-01)	Loss Pred 5.5368e-01 (5.6159e-01)	Loss TOTAL 9.3044e-01 (9.6628e-01)
Epoch: [45][320/496]	L_Src_Sup 2.4498e-01 (1.9945e-01)	L_Trg_Inj 1.9473e-01 (2.9870e-01)	Loss Disc 6.9283e-01 (6.9271e-01)	Loss Pred 5.7006e-01 (5.6101e-01)	Loss TOTAL 1.0107e+00 (9.6578e-01)
Epoch: [45][330/496]	L_Src_Sup 2.5758e-01 (1.9992e-01)	L_Trg_Inj 1.9131e-01 (2.9933e-01)	Loss Disc 6.9319e-01 (6.9269e-01)	Loss Pred 5.5351e-01 (5.6062e-01)	Loss TOTAL 1.0113e+00 (9.6567e-01)
Epoch: [45][340/496]	L_Src_Sup 2.4107e-01 (2.0072e-01)	L_Trg_Inj 3.8999e-01 (2.9932e-01)	Loss Disc 6.9226e-01 (6.9268e-01)	Loss Pred 5.7183e-01 (5.6051e-01)	Loss TOTAL 9.8107e-01 (9.6587e-01)
Epoch: [45][350/496]	L_Src_Sup 1.2104e-01 (2.0019e-01)	L_Trg_Inj 3.2901e-01 (3.0034e-01)	Loss Disc 6.9290e-01 (6.9267e-01)	Loss Pred 5.5986e-01 (5.6065e-01)	Loss TOTAL 9.5131e-01 (9.6583e-01)
Epoch: [45][360/496]	L_Src_Sup 1.4293e-01 (1.9968e-01)	L_Trg_Inj 2.5512e-01 (3.0128e-01)	Loss Disc 6.9380e-01 (6.9266e-01)	Loss Pred 5.7014e-01 (5.6090e-01)	Loss TOTAL 9.5684e-01 (9.6602e-01)
Epoch: [45][370/496]	L_Src_Sup 2.6425e-01 (1.9984e-01)	L_Trg_Inj 2.3404e-01 (3.0213e-01)	Loss Disc 6.9174e-01 (6.9266e-01)	Loss Pred 5.2652e-01 (5.6126e-01)	Loss TOTAL 9.5243e-01 (9.6635e-01)
Epoch: [45][380/496]	L_Src_Sup 2.1733e-01 (1.9872e-01)	L_Trg_Inj 3.4798e-01 (3.0324e-01)	Loss Disc 6.9469e-01 (6.9265e-01)	Loss Pred 6.0282e-01 (5.6140e-01)	Loss TOTAL 1.0067e+00 (9.6627e-01)
Epoch: [45][390/496]	L_Src_Sup 2.0412e-01 (1.9866e-01)	L_Trg_Inj 2.2139e-01 (3.0375e-01)	Loss Disc 6.9397e-01 (6.9264e-01)	Loss Pred 5.7010e-01 (5.6142e-01)	Loss TOTAL 9.5964e-01 (9.6611e-01)
Epoch: [45][400/496]	L_Src_Sup 2.5367e-01 (1.9909e-01)	L_Trg_Inj 4.8508e-01 (3.0525e-01)	Loss Disc 6.9429e-01 (6.9265e-01)	Loss Pred 5.8714e-01 (5.6160e-01)	Loss TOTAL 1.0082e+00 (9.6657e-01)
Epoch: [45][410/496]	L_Src_Sup 2.6080e-01 (1.9992e-01)	L_Trg_Inj 2.8284e-01 (3.0878e-01)	Loss Disc 6.9242e-01 (6.9266e-01)	Loss Pred 5.5923e-01 (5.6152e-01)	Loss TOTAL 9.5980e-01 (9.6673e-01)
Epoch: [45][420/496]	L_Src_Sup 6.0634e-02 (1.9946e-01)	L_Trg_Inj 3.8352e-01 (3.1063e-01)	Loss Disc 6.6729e-01 (6.9233e-01)	Loss Pred 5.6467e-01 (5.6162e-01)	Loss TOTAL 9.4273e-01 (9.6681e-01)
Epoch: [45][430/496]	L_Src_Sup 1.7642e-01 (2.0039e-01)	L_Trg_Inj 3.5156e-01 (3.1188e-01)	Loss Disc 6.6463e-01 (6.9170e-01)	Loss Pred 5.4883e-01 (5.6151e-01)	Loss TOTAL 9.3394e-01 (9.6650e-01)
Epoch: [45][440/496]	L_Src_Sup 1.8861e-01 (2.0029e-01)	L_Trg_Inj 4.7495e-01 (3.1331e-01)	Loss Disc 6.5840e-01 (6.9090e-01)	Loss Pred 5.5383e-01 (5.6174e-01)	Loss TOTAL 9.4939e-01 (9.6629e-01)
Epoch: [45][450/496]	L_Src_Sup 2.2263e-01 (2.0040e-01)	L_Trg_Inj 7.0506e-02 (3.1328e-01)	Loss Disc 6.5337e-01 (6.9008e-01)	Loss Pred 5.6474e-01 (5.6184e-01)	Loss TOTAL 1.0729e+00 (9.6615e-01)
Epoch: [45][460/496]	L_Src_Sup 1.6669e-01 (2.0025e-01)	L_Trg_Inj 4.6825e-01 (3.1561e-01)	Loss Disc 6.4828e-01 (6.8933e-01)	Loss Pred 5.8081e-01 (5.6169e-01)	Loss TOTAL 9.6845e-01 (9.6567e-01)
Epoch: [45][470/496]	L_Src_Sup 1.8965e-01 (2.0008e-01)	L_Trg_Inj 3.2469e-01 (3.1637e-01)	Loss Disc 6.4619e-01 (6.8852e-01)	Loss Pred 5.8611e-01 (5.6183e-01)	Loss TOTAL 9.6064e-01 (9.6529e-01)
Epoch: [45][480/496]	L_Src_Sup 2.2927e-01 (2.0002e-01)	L_Trg_Inj 4.4612e-01 (3.1605e-01)	Loss Disc 6.6025e-01 (6.8778e-01)	Loss Pred 5.3378e-01 (5.6179e-01)	Loss TOTAL 9.3144e-01 (9.6482e-01)
Epoch: [45][490/496]	L_Src_Sup 1.8182e-01 (1.9984e-01)	L_Trg_Inj 2.9058e-01 (3.1719e-01)	Loss Disc 6.5140e-01 (6.8702e-01)	Loss Pred 5.6456e-01 (5.6194e-01)	Loss TOTAL 9.3750e-01 (9.6454e-01)
Epoch: [45][496/496]	L_Src_Sup 2.4492e-01 (2.0017e-01)	L_Trg_Inj 2.8308e-01 (3.1787e-01)	Loss Disc 6.4989e-01 (6.8661e-01)	Loss Pred 5.6990e-01 (5.6188e-01)	Loss TOTAL 9.4764e-01 (9.6428e-01)
Epoch 45 complete. Saving model state...
Epoch: [46][ 10/496]	L_Src_Sup 2.6285e-01 (1.9772e-01)	L_Trg_Inj 1.2134e-01 (3.2216e-01)	Loss Disc 6.5123e-01 (6.5273e-01)	Loss Pred 5.6475e-01 (5.5924e-01)	Loss TOTAL 1.0703e+00 (9.5174e-01)
Epoch: [46][ 20/496]	L_Src_Sup 1.5844e-01 (1.9352e-01)	L_Trg_Inj 4.4545e-01 (3.4876e-01)	Loss Disc 6.5408e-01 (6.5292e-01)	Loss Pred 5.5371e-01 (5.5844e-01)	Loss TOTAL 9.4114e-01 (9.4621e-01)
Epoch: [46][ 30/496]	L_Src_Sup 1.9429e-01 (2.0067e-01)	L_Trg_Inj 3.7971e-01 (3.4654e-01)	Loss Disc 6.5692e-01 (6.5252e-01)	Loss Pred 5.4300e-01 (5.5977e-01)	Loss TOTAL 9.2886e-01 (9.4630e-01)
Epoch: [46][ 40/496]	L_Src_Sup 1.4740e-01 (1.9712e-01)	L_Trg_Inj 2.4960e-01 (3.4035e-01)	Loss Disc 6.4522e-01 (6.5190e-01)	Loss Pred 5.8612e-01 (5.6192e-01)	Loss TOTAL 9.4843e-01 (9.4578e-01)
Epoch: [46][ 50/496]	L_Src_Sup 1.6999e-01 (1.9049e-01)	L_Trg_Inj 4.8379e-01 (3.3349e-01)	Loss Disc 6.6122e-01 (6.5263e-01)	Loss Pred 5.2693e-01 (5.5916e-01)	Loss TOTAL 9.2291e-01 (9.4239e-01)
Epoch: [46][ 60/496]	L_Src_Sup 2.5810e-01 (1.9219e-01)	L_Trg_Inj 2.8116e-01 (3.2989e-01)	Loss Disc 6.4222e-01 (6.5209e-01)	Loss Pred 5.9708e-01 (5.6106e-01)	Loss TOTAL 9.7212e-01 (9.4307e-01)
Epoch: [46][ 70/496]	L_Src_Sup 2.1169e-01 (1.8938e-01)	L_Trg_Inj 3.1022e-01 (3.2817e-01)	Loss Disc 6.5821e-01 (6.5211e-01)	Loss Pred 5.3760e-01 (5.6090e-01)	Loss TOTAL 9.1890e-01 (9.4237e-01)
Epoch: [46][ 80/496]	L_Src_Sup 1.6668e-01 (1.8843e-01)	L_Trg_Inj 2.8487e-01 (3.2903e-01)	Loss Disc 6.4650e-01 (6.5192e-01)	Loss Pred 5.8078e-01 (5.6149e-01)	Loss TOTAL 9.4919e-01 (9.4240e-01)
Epoch: [46][ 90/496]	L_Src_Sup 2.0210e-01 (1.9081e-01)	L_Trg_Inj 4.3278e-01 (3.2408e-01)	Loss Disc 6.5088e-01 (6.5179e-01)	Loss Pred 5.6534e-01 (5.6192e-01)	Loss TOTAL 9.5428e-01 (9.4349e-01)
Epoch: [46][100/496]	L_Src_Sup 1.9662e-01 (1.9293e-01)	L_Trg_Inj 3.3570e-01 (3.2740e-01)	Loss Disc 6.5520e-01 (6.5174e-01)	Loss Pred 5.4837e-01 (5.6203e-01)	Loss TOTAL 9.2920e-01 (9.4370e-01)
Epoch: [46][110/496]	L_Src_Sup 1.5845e-01 (1.9139e-01)	L_Trg_Inj 2.4831e-01 (3.2632e-01)	Loss Disc 6.5371e-01 (6.5161e-01)	Loss Pred 5.5380e-01 (5.6241e-01)	Loss TOTAL 9.2133e-01 (9.4341e-01)
Epoch: [46][120/496]	L_Src_Sup 1.5845e-01 (1.9199e-01)	L_Trg_Inj 3.5137e-01 (3.2727e-01)	Loss Disc 6.5368e-01 (6.5148e-01)	Loss Pred 5.5404e-01 (5.6282e-01)	Loss TOTAL 9.3186e-01 (9.4459e-01)
Epoch: [46][130/496]	L_Src_Sup 1.4815e-01 (1.9122e-01)	L_Trg_Inj 4.9671e-01 (3.3145e-01)	Loss Disc 6.6392e-01 (6.5158e-01)	Loss Pred 5.1627e-01 (5.6238e-01)	Loss TOTAL 9.1272e-01 (9.4468e-01)
Epoch: [46][140/496]	L_Src_Sup 2.2440e-01 (1.9299e-01)	L_Trg_Inj 3.2481e-01 (3.3196e-01)	Loss Disc 6.6248e-01 (6.5193e-01)	Loss Pred 5.2109e-01 (5.6104e-01)	Loss TOTAL 9.0725e-01 (9.4380e-01)
Epoch: [46][150/496]	L_Src_Sup 1.6164e-01 (1.9395e-01)	L_Trg_Inj 4.9936e-01 (3.3514e-01)	Loss Disc 6.5076e-01 (6.5197e-01)	Loss Pred 5.6456e-01 (5.6084e-01)	Loss TOTAL 9.5604e-01 (9.4375e-01)
Epoch: [46][160/496]	L_Src_Sup 1.2245e-01 (1.9470e-01)	L_Trg_Inj 4.0901e-01 (3.3887e-01)	Loss Disc 6.4924e-01 (6.5186e-01)	Loss Pred 5.6997e-01 (5.6121e-01)	Loss TOTAL 9.4774e-01 (9.4435e-01)
Epoch: [46][170/496]	L_Src_Sup 2.8015e-01 (1.9396e-01)	L_Trg_Inj 3.2442e-01 (3.3917e-01)	Loss Disc 6.5214e-01 (6.5178e-01)	Loss Pred 5.5915e-01 (5.6144e-01)	Loss TOTAL 9.4568e-01 (9.4427e-01)
Epoch: [46][180/496]	L_Src_Sup 1.6164e-01 (1.9408e-01)	L_Trg_Inj 3.2576e-01 (3.4100e-01)	Loss Disc 6.5070e-01 (6.5180e-01)	Loss Pred 5.6455e-01 (5.6132e-01)	Loss TOTAL 9.3864e-01 (9.4424e-01)
Epoch: [46][190/496]	L_Src_Sup 1.0420e-01 (1.9760e-01)	L_Trg_Inj 3.9358e-01 (3.4267e-01)	Loss Disc 6.4629e-01 (6.5181e-01)	Loss Pred 5.8104e-01 (5.6126e-01)	Loss TOTAL 9.5396e-01 (9.4521e-01)
Epoch: [46][200/496]	L_Src_Sup 2.5495e-01 (1.9846e-01)	L_Trg_Inj 3.4247e-01 (3.4431e-01)	Loss Disc 6.5507e-01 (6.5191e-01)	Loss Pred 5.4816e-01 (5.6083e-01)	Loss TOTAL 9.3543e-01 (9.4492e-01)
Epoch: [46][210/496]	L_Src_Sup 1.6162e-01 (1.9908e-01)	L_Trg_Inj 3.0644e-01 (3.4484e-01)	Loss Disc 6.5063e-01 (6.5185e-01)	Loss Pred 5.6452e-01 (5.6103e-01)	Loss TOTAL 9.3664e-01 (9.4518e-01)
Epoch: [46][220/496]	L_Src_Sup 2.5808e-01 (1.9787e-01)	L_Trg_Inj 3.2110e-01 (3.4452e-01)	Loss Disc 6.4187e-01 (6.5186e-01)	Loss Pred 5.9751e-01 (5.6092e-01)	Loss TOTAL 9.7636e-01 (9.4475e-01)
Epoch: [46][230/496]	L_Src_Sup 2.3242e-01 (1.9792e-01)	L_Trg_Inj 4.0788e-01 (3.4453e-01)	Loss Disc 6.4479e-01 (6.5194e-01)	Loss Pred 5.8713e-01 (5.6059e-01)	Loss TOTAL 9.7355e-01 (9.4472e-01)
Epoch: [46][240/496]	L_Src_Sup 2.4762e-01 (1.9837e-01)	L_Trg_Inj 3.9064e-01 (3.4450e-01)	Loss Disc 6.5943e-01 (6.5199e-01)	Loss Pred 5.3140e-01 (5.6037e-01)	Loss TOTAL 9.2494e-01 (9.4440e-01)
Epoch: [46][250/496]	L_Src_Sup 2.2921e-01 (1.9707e-01)	L_Trg_Inj 2.7356e-01 (3.4332e-01)	Loss Disc 6.4620e-01 (6.5189e-01)	Loss Pred 5.8103e-01 (5.6074e-01)	Loss TOTAL 9.5441e-01 (9.4431e-01)
Epoch: [46][260/496]	L_Src_Sup 1.5390e-01 (1.9729e-01)	L_Trg_Inj 3.7380e-01 (3.4267e-01)	Loss Disc 6.3885e-01 (6.5172e-01)	Loss Pred 6.0827e-01 (5.6131e-01)	Loss TOTAL 9.8047e-01 (9.4498e-01)
Epoch: [46][270/496]	L_Src_Sup 1.8514e-01 (1.9686e-01)	L_Trg_Inj 3.0926e-01 (3.4302e-01)	Loss Disc 6.6381e-01 (6.5180e-01)	Loss Pred 5.1544e-01 (5.6098e-01)	Loss TOTAL 8.9678e-01 (9.4454e-01)
Epoch: [46][280/496]	L_Src_Sup 3.2381e-01 (1.9692e-01)	L_Trg_Inj 5.1140e-01 (3.4456e-01)	Loss Disc 6.5939e-01 (6.5180e-01)	Loss Pred 5.3171e-01 (5.6093e-01)	Loss TOTAL 9.4493e-01 (9.4469e-01)
Epoch: [46][290/496]	L_Src_Sup 1.8520e-01 (1.9748e-01)	L_Trg_Inj 3.7380e-01 (3.4452e-01)	Loss Disc 6.6380e-01 (6.5192e-01)	Loss Pred 5.1491e-01 (5.6047e-01)	Loss TOTAL 9.0271e-01 (9.4421e-01)
Epoch: [46][300/496]	L_Src_Sup 1.2506e-01 (1.9738e-01)	L_Trg_Inj 3.9424e-01 (3.4331e-01)	Loss Disc 6.4614e-01 (6.5173e-01)	Loss Pred 5.8100e-01 (5.6116e-01)	Loss TOTAL 9.5600e-01 (9.4481e-01)
Epoch: [46][310/496]	L_Src_Sup 2.5750e-01 (1.9669e-01)	L_Trg_Inj 3.5684e-01 (3.4268e-01)	Loss Disc 6.5347e-01 (6.5166e-01)	Loss Pred 5.5367e-01 (5.6139e-01)	Loss TOTAL 9.4184e-01 (9.4475e-01)
Epoch: [46][320/496]	L_Src_Sup 1.4012e-01 (1.9664e-01)	L_Trg_Inj 4.2147e-01 (3.4249e-01)	Loss Disc 6.5205e-01 (6.5171e-01)	Loss Pred 5.5911e-01 (5.6119e-01)	Loss TOTAL 9.4129e-01 (9.4449e-01)
Epoch: [46][330/496]	L_Src_Sup 2.2002e-01 (1.9753e-01)	L_Trg_Inj 3.4495e-01 (3.4334e-01)	Loss Disc 6.5200e-01 (6.5164e-01)	Loss Pred 5.5907e-01 (5.6142e-01)	Loss TOTAL 9.4157e-01 (9.4475e-01)
Epoch: [46][340/496]	L_Src_Sup 2.3570e-01 (1.9826e-01)	L_Trg_Inj 4.6345e-01 (3.4383e-01)	Loss Disc 6.5496e-01 (6.5165e-01)	Loss Pred 5.4818e-01 (5.6135e-01)	Loss TOTAL 9.4558e-01 (9.4494e-01)
Epoch: [46][350/496]	L_Src_Sup 2.9815e-01 (1.9918e-01)	L_Trg_Inj 3.5869e-01 (3.4469e-01)	Loss Disc 6.5344e-01 (6.5150e-01)	Loss Pred 5.5378e-01 (5.6188e-01)	Loss TOTAL 9.4618e-01 (9.4547e-01)
Epoch: [46][360/496]	L_Src_Sup 2.1431e-01 (1.9976e-01)	L_Trg_Inj 3.8888e-01 (3.4445e-01)	Loss Disc 6.5642e-01 (6.5152e-01)	Loss Pred 5.4327e-01 (5.6178e-01)	Loss TOTAL 9.3180e-01 (9.4535e-01)
Epoch: [46][370/496]	L_Src_Sup 2.7199e-01 (2.0050e-01)	L_Trg_Inj 2.1786e-01 (3.4331e-01)	Loss Disc 6.9568e-01 (6.5246e-01)	Loss Pred 5.3189e-01 (5.6133e-01)	Loss TOTAL 9.8285e-01 (9.4566e-01)
Epoch: [46][380/496]	L_Src_Sup 2.1202e-01 (2.0255e-01)	L_Trg_Inj 3.6489e-01 (3.4528e-01)	Loss Disc 6.6106e-01 (6.5280e-01)	Loss Pred 5.3255e-01 (5.6189e-01)	Loss TOTAL 9.2077e-01 (9.4680e-01)
Epoch: [46][390/496]	L_Src_Sup 1.1325e-01 (2.0212e-01)	L_Trg_Inj 3.7403e-01 (3.4660e-01)	Loss Disc 6.6147e-01 (6.5289e-01)	Loss Pred 5.2674e-01 (5.6155e-01)	Loss TOTAL 9.0620e-01 (9.4650e-01)
Epoch: [46][400/496]	L_Src_Sup 1.0420e-01 (2.0225e-01)	L_Trg_Inj 4.7425e-01 (3.4743e-01)	Loss Disc 6.4663e-01 (6.5284e-01)	Loss Pred 5.8075e-01 (5.6164e-01)	Loss TOTAL 9.6191e-01 (9.4656e-01)
Epoch: [46][410/496]	L_Src_Sup 2.0412e-01 (2.0235e-01)	L_Trg_Inj 3.8683e-01 (3.4744e-01)	Loss Disc 6.4935e-01 (6.5279e-01)	Loss Pred 5.6989e-01 (5.6172e-01)	Loss TOTAL 9.5366e-01 (9.4655e-01)
Epoch: [46][420/496]	L_Src_Sup 1.1664e-01 (2.0195e-01)	L_Trg_Inj 2.7749e-01 (3.4738e-01)	Loss Disc 6.5657e-01 (6.5283e-01)	Loss Pred 5.4276e-01 (5.6144e-01)	Loss TOTAL 9.1046e-01 (9.4616e-01)
Epoch: [46][430/496]	L_Src_Sup 2.5757e-01 (2.0150e-01)	L_Trg_Inj 3.7743e-01 (3.4650e-01)	Loss Disc 6.5358e-01 (6.5283e-01)	Loss Pred 5.5361e-01 (5.6135e-01)	Loss TOTAL 9.4390e-01 (9.4587e-01)
Epoch: [46][440/496]	L_Src_Sup 1.7132e-01 (2.0183e-01)	L_Trg_Inj 3.0154e-01 (3.4581e-01)	Loss Disc 6.4328e-01 (6.5281e-01)	Loss Pred 5.9200e-01 (5.6130e-01)	Loss TOTAL 9.6092e-01 (9.4570e-01)
Epoch: [46][450/496]	L_Src_Sup 1.7835e-01 (2.0196e-01)	L_Trg_Inj 3.7237e-01 (3.4549e-01)	Loss Disc 6.5351e-01 (6.5279e-01)	Loss Pred 5.5365e-01 (5.6129e-01)	Loss TOTAL 9.3547e-01 (9.4566e-01)
Epoch: [46][460/496]	L_Src_Sup 2.2268e-01 (2.0207e-01)	L_Trg_Inj 3.4153e-01 (3.4553e-01)	Loss Disc 6.5055e-01 (6.5275e-01)	Loss Pred 5.6453e-01 (5.6131e-01)	Loss TOTAL 9.4622e-01 (9.4561e-01)
Epoch: [46][470/496]	L_Src_Sup 1.1657e-01 (2.0193e-01)	L_Trg_Inj 2.4405e-01 (3.4483e-01)	Loss Disc 6.5642e-01 (6.5273e-01)	Loss Pred 5.4268e-01 (5.6129e-01)	Loss TOTAL 9.0695e-01 (9.4545e-01)
Epoch: [46][480/496]	L_Src_Sup 1.4147e-01 (2.0194e-01)	L_Trg_Inj 3.9542e-01 (3.4467e-01)	Loss Disc 6.5051e-01 (6.5260e-01)	Loss Pred 5.6454e-01 (5.6166e-01)	Loss TOTAL 9.4349e-01 (9.4575e-01)
Epoch: [46][490/496]	L_Src_Sup 1.6667e-01 (2.0128e-01)	L_Trg_Inj 3.2313e-01 (3.4473e-01)	Loss Disc 6.4608e-01 (6.5252e-01)	Loss Pred 5.8059e-01 (5.6188e-01)	Loss TOTAL 9.5261e-01 (9.4580e-01)
Epoch: [46][496/496]	L_Src_Sup 3.2698e-01 (2.0178e-01)	L_Trg_Inj 3.8072e-01 (3.4416e-01)	Loss Disc 6.5785e-01 (6.5255e-01)	Loss Pred 5.3757e-01 (5.6168e-01)	Loss TOTAL 9.3727e-01 (9.4564e-01)
Epoch 46 complete. Saving model state...
Epoch: [47][ 10/496]	L_Src_Sup 1.7648e-01 (2.2018e-01)	L_Trg_Inj 3.5982e-01 (3.8064e-01)	Loss Disc 6.5492e-01 (6.5212e-01)	Loss Pred 5.4824e-01 (5.5860e-01)	Loss TOTAL 9.2933e-01 (9.4488e-01)
Epoch: [47][ 20/496]	L_Src_Sup 8.2500e-02 (1.9977e-01)	L_Trg_Inj 3.2295e-01 (3.5446e-01)	Loss Disc 6.4758e-01 (6.5338e-01)	Loss Pred 5.7553e-01 (5.5394e-01)	Loss TOTAL 9.3986e-01 (9.3612e-01)
Epoch: [47][ 30/496]	L_Src_Sup 2.2240e-01 (2.0260e-01)	L_Trg_Inj 3.1209e-01 (3.4566e-01)	Loss Disc 6.5051e-01 (6.5266e-01)	Loss Pred 5.6454e-01 (5.5659e-01)	Loss TOTAL 9.4324e-01 (9.4018e-01)
Epoch: [47][ 40/496]	L_Src_Sup 1.4004e-01 (1.9838e-01)	L_Trg_Inj 3.1098e-01 (3.4303e-01)	Loss Disc 6.5198e-01 (6.5223e-01)	Loss Pred 5.5911e-01 (5.5819e-01)	Loss TOTAL 9.3020e-01 (9.4055e-01)
Epoch: [47][ 50/496]	L_Src_Sup 2.3869e-01 (2.0532e-01)	L_Trg_Inj 2.9062e-01 (3.4636e-01)	Loss Disc 6.4757e-01 (6.5248e-01)	Loss Pred 5.7554e-01 (5.5727e-01)	Loss TOTAL 9.5225e-01 (9.4037e-01)
Epoch: [47][ 60/496]	L_Src_Sup 3.4714e-01 (2.0510e-01)	L_Trg_Inj 3.1474e-01 (3.3696e-01)	Loss Disc 6.5934e-01 (6.5281e-01)	Loss Pred 5.3280e-01 (5.5605e-01)	Loss TOTAL 9.6106e-01 (9.4048e-01)
Epoch: [47][ 70/496]	L_Src_Sup 1.7026e-01 (2.0518e-01)	L_Trg_Inj 3.7113e-01 (3.3769e-01)	Loss Disc 6.4315e-01 (6.5231e-01)	Loss Pred 5.9212e-01 (5.5792e-01)	Loss TOTAL 9.6783e-01 (9.4200e-01)
Epoch: [47][ 80/496]	L_Src_Sup 1.8751e-01 (2.0634e-01)	L_Trg_Inj 3.4888e-01 (3.3988e-01)	Loss Disc 6.4607e-01 (6.5179e-01)	Loss Pred 5.8087e-01 (5.5984e-01)	Loss TOTAL 9.5755e-01 (9.4355e-01)
Epoch: [47][ 90/496]	L_Src_Sup 2.2224e-01 (2.0446e-01)	L_Trg_Inj 3.3960e-01 (3.4073e-01)	Loss Disc 6.5343e-01 (6.5169e-01)	Loss Pred 5.5368e-01 (5.6018e-01)	Loss TOTAL 9.3658e-01 (9.4338e-01)
Epoch: [47][100/496]	L_Src_Sup 1.6118e-01 (2.0393e-01)	L_Trg_Inj 3.9381e-01 (3.4023e-01)	Loss Disc 6.5489e-01 (6.5147e-01)	Loss Pred 5.4821e-01 (5.6101e-01)	Loss TOTAL 9.3115e-01 (9.4475e-01)
Epoch: [47][110/496]	L_Src_Sup 1.0526e-01 (2.0225e-01)	L_Trg_Inj 3.5478e-01 (3.3825e-01)	Loss Disc 6.4460e-01 (6.5153e-01)	Loss Pred 5.8635e-01 (5.6079e-01)	Loss TOTAL 9.5466e-01 (9.4386e-01)
Epoch: [47][120/496]	L_Src_Sup 3.0234e-01 (2.0121e-01)	L_Trg_Inj 4.0495e-01 (3.3277e-01)	Loss Disc 6.5195e-01 (6.5137e-01)	Loss Pred 5.5980e-01 (5.6138e-01)	Loss TOTAL 9.5651e-01 (9.4390e-01)
Epoch: [47][130/496]	L_Src_Sup 1.6952e-01 (2.0096e-01)	L_Trg_Inj 2.5183e-01 (3.3492e-01)	Loss Disc 6.4754e-01 (6.5132e-01)	Loss Pred 5.7531e-01 (5.6156e-01)	Loss TOTAL 9.4122e-01 (9.4397e-01)
Epoch: [47][140/496]	L_Src_Sup 1.3594e-01 (2.0161e-01)	L_Trg_Inj 2.8505e-01 (3.3445e-01)	Loss Disc 6.5636e-01 (6.5125e-01)	Loss Pred 5.4293e-01 (5.6181e-01)	Loss TOTAL 9.1321e-01 (9.4421e-01)
Epoch: [47][150/496]	L_Src_Sup 1.7392e-01 (1.9891e-01)	L_Trg_Inj 3.6728e-01 (3.3562e-01)	Loss Disc 6.4016e-01 (6.5103e-01)	Loss Pred 6.0209e-01 (5.6260e-01)	Loss TOTAL 9.7629e-01 (9.4453e-01)
Epoch: [47][160/496]	L_Src_Sup 8.1012e-02 (1.9717e-01)	L_Trg_Inj 3.6384e-01 (3.3411e-01)	Loss Disc 6.5196e-01 (6.5117e-01)	Loss Pred 5.5909e-01 (5.6209e-01)	Loss TOTAL 9.2955e-01 (9.4359e-01)
Epoch: [47][170/496]	L_Src_Sup 3.0003e-01 (1.9836e-01)	L_Trg_Inj 3.2612e-01 (3.3477e-01)	Loss Disc 6.5196e-01 (6.5113e-01)	Loss Pred 5.5912e-01 (5.6223e-01)	Loss TOTAL 9.4771e-01 (9.4384e-01)
Epoch: [47][180/496]	L_Src_Sup 1.2500e-01 (1.9842e-01)	L_Trg_Inj 3.4459e-01 (3.3528e-01)	Loss Disc 6.4606e-01 (6.5110e-01)	Loss Pred 5.8064e-01 (5.6233e-01)	Loss TOTAL 9.5063e-01 (9.4383e-01)
Epoch: [47][190/496]	L_Src_Sup 2.5266e-01 (2.0038e-01)	L_Trg_Inj 3.2597e-01 (3.3533e-01)	Loss Disc 6.4459e-01 (6.5101e-01)	Loss Pred 5.8592e-01 (5.6267e-01)	Loss TOTAL 9.6608e-01 (9.4484e-01)
Epoch: [47][200/496]	L_Src_Sup 2.1363e-01 (2.0052e-01)	L_Trg_Inj 3.7425e-01 (3.3638e-01)	Loss Disc 6.5634e-01 (6.5094e-01)	Loss Pred 5.4310e-01 (5.6292e-01)	Loss TOTAL 9.3006e-01 (9.4502e-01)
Epoch: [47][210/496]	L_Src_Sup 2.5266e-01 (2.0184e-01)	L_Trg_Inj 3.0775e-01 (3.3623e-01)	Loss Disc 6.4456e-01 (6.5079e-01)	Loss Pred 5.8573e-01 (5.6345e-01)	Loss TOTAL 9.6405e-01 (9.4561e-01)
Epoch: [47][220/496]	L_Src_Sup 1.7766e-01 (2.0132e-01)	L_Trg_Inj 2.4386e-01 (3.3567e-01)	Loss Disc 6.5490e-01 (6.5094e-01)	Loss Pred 5.4856e-01 (5.6290e-01)	Loss TOTAL 9.1816e-01 (9.4489e-01)
Epoch: [47][230/496]	L_Src_Sup 2.5108e-01 (2.0299e-01)	L_Trg_Inj 4.2137e-01 (3.3758e-01)	Loss Disc 6.6075e-01 (6.5076e-01)	Loss Pred 5.2759e-01 (5.6355e-01)	Loss TOTAL 9.2521e-01 (9.4604e-01)
Epoch: [47][240/496]	L_Src_Sup 1.9675e-01 (2.0331e-01)	L_Trg_Inj 3.3919e-01 (3.3838e-01)	Loss Disc 6.5489e-01 (6.5086e-01)	Loss Pred 5.4848e-01 (5.6320e-01)	Loss TOTAL 9.2952e-01 (9.4571e-01)
Epoch: [47][250/496]	L_Src_Sup 2.2733e-01 (2.0298e-01)	L_Trg_Inj 3.9433e-01 (3.3915e-01)	Loss Disc 6.3432e-01 (6.5094e-01)	Loss Pred 6.2378e-01 (5.6291e-01)	Loss TOTAL 1.0031e+00 (9.4548e-01)
Epoch: [47][260/496]	L_Src_Sup 1.7022e-01 (2.0316e-01)	L_Trg_Inj 3.9214e-01 (3.3864e-01)	Loss Disc 6.4312e-01 (6.5090e-01)	Loss Pred 5.9129e-01 (5.6304e-01)	Loss TOTAL 9.6909e-01 (9.4545e-01)
Epoch: [47][270/496]	L_Src_Sup 2.0205e-01 (2.0405e-01)	L_Trg_Inj 3.9132e-01 (3.3901e-01)	Loss Disc 6.5050e-01 (6.5108e-01)	Loss Pred 5.6463e-01 (5.6239e-01)	Loss TOTAL 9.4922e-01 (9.4505e-01)
Epoch: [47][280/496]	L_Src_Sup 2.3158e-01 (2.0400e-01)	L_Trg_Inj 2.6791e-01 (3.3932e-01)	Loss Disc 6.4460e-01 (6.5119e-01)	Loss Pred 5.8648e-01 (5.6200e-01)	Loss TOTAL 9.5874e-01 (9.4489e-01)
Epoch: [47][290/496]	L_Src_Sup 1.8558e-01 (2.0373e-01)	L_Trg_Inj 3.3703e-01 (3.3922e-01)	Loss Disc 6.4752e-01 (6.5113e-01)	Loss Pred 5.7540e-01 (5.6220e-01)	Loss TOTAL 9.5142e-01 (9.4493e-01)
Epoch: [47][300/496]	L_Src_Sup 1.5727e-01 (2.0328e-01)	L_Trg_Inj 3.5506e-01 (3.3714e-01)	Loss Disc 6.5488e-01 (6.5104e-01)	Loss Pred 5.4845e-01 (5.6256e-01)	Loss TOTAL 9.2712e-01 (9.4519e-01)
Epoch: [47][310/496]	L_Src_Sup 2.3536e-01 (2.0325e-01)	L_Trg_Inj 1.6686e-01 (3.3557e-01)	Loss Disc 6.5494e-01 (6.5128e-01)	Loss Pred 5.4816e-01 (5.6166e-01)	Loss TOTAL 9.8436e-01 (9.4438e-01)
Epoch: [47][320/496]	L_Src_Sup 9.9792e-02 (2.0244e-01)	L_Trg_Inj 2.2029e-01 (3.3494e-01)	Loss Disc 6.6665e-01 (6.5129e-01)	Loss Pred 5.0462e-01 (5.6162e-01)	Loss TOTAL 8.6996e-01 (9.4419e-01)
Epoch: [47][330/496]	L_Src_Sup 1.5387e-01 (2.0176e-01)	L_Trg_Inj 3.5234e-01 (3.3466e-01)	Loss Disc 6.5781e-01 (6.5123e-01)	Loss Pred 5.3724e-01 (5.6184e-01)	Loss TOTAL 9.1676e-01 (9.4419e-01)
Epoch: [47][340/496]	L_Src_Sup 8.0852e-02 (2.0141e-01)	L_Trg_Inj 4.1115e-01 (3.3401e-01)	Loss Disc 6.5048e-01 (6.5127e-01)	Loss Pred 5.6452e-01 (5.6172e-01)	Loss TOTAL 9.3896e-01 (9.4396e-01)
Epoch: [47][350/496]	L_Src_Sup 1.1912e-01 (2.0128e-01)	L_Trg_Inj 3.2671e-01 (3.3413e-01)	Loss Disc 6.5342e-01 (6.5137e-01)	Loss Pred 5.5350e-01 (5.6133e-01)	Loss TOTAL 9.2479e-01 (9.4353e-01)
Epoch: [47][360/496]	L_Src_Sup 3.0929e-01 (2.0100e-01)	L_Trg_Inj 3.3778e-01 (3.3314e-01)	Loss Disc 6.4752e-01 (6.5141e-01)	Loss Pred 5.7568e-01 (5.6119e-01)	Loss TOTAL 9.6415e-01 (9.4332e-01)
Epoch: [47][370/496]	L_Src_Sup 2.0643e-01 (2.0057e-01)	L_Trg_Inj 4.3386e-01 (3.3328e-01)	Loss Disc 6.4757e-01 (6.5151e-01)	Loss Pred 5.7583e-01 (5.6079e-01)	Loss TOTAL 9.6365e-01 (9.4293e-01)
Epoch: [47][380/496]	L_Src_Sup 2.6532e-01 (2.0043e-01)	L_Trg_Inj 2.8264e-01 (3.3265e-01)	Loss Disc 6.4900e-01 (6.5154e-01)	Loss Pred 5.7023e-01 (5.6067e-01)	Loss TOTAL 9.4953e-01 (9.4267e-01)
Epoch: [47][390/496]	L_Src_Sup 1.6738e-01 (2.0161e-01)	L_Trg_Inj 3.4864e-01 (3.3224e-01)	Loss Disc 6.4901e-01 (6.5156e-01)	Loss Pred 5.7064e-01 (5.6062e-01)	Loss TOTAL 9.4674e-01 (9.4301e-01)
Epoch: [47][400/496]	L_Src_Sup 1.3336e-01 (2.0194e-01)	L_Trg_Inj 3.6195e-01 (3.3339e-01)	Loss Disc 6.3721e-01 (6.5150e-01)	Loss Pred 6.1483e-01 (5.6085e-01)	Loss TOTAL 9.8296e-01 (9.4329e-01)
Epoch: [47][410/496]	L_Src_Sup 1.9232e-01 (2.0154e-01)	L_Trg_Inj 4.2448e-01 (3.3426e-01)	Loss Disc 6.5782e-01 (6.5149e-01)	Loss Pred 5.3696e-01 (5.6088e-01)	Loss TOTAL 9.2755e-01 (9.4328e-01)
Epoch: [47][420/496]	L_Src_Sup 2.0203e-01 (2.0108e-01)	L_Trg_Inj 2.7606e-01 (3.3418e-01)	Loss Disc 6.5048e-01 (6.5151e-01)	Loss Pred 5.6454e-01 (5.6082e-01)	Loss TOTAL 9.3759e-01 (9.4322e-01)
Epoch: [47][430/496]	L_Src_Sup 2.9171e-01 (2.0069e-01)	L_Trg_Inj 3.3403e-01 (3.3444e-01)	Loss Disc 6.4603e-01 (6.5144e-01)	Loss Pred 5.8110e-01 (5.6108e-01)	Loss TOTAL 9.6669e-01 (9.4335e-01)
Epoch: [47][440/496]	L_Src_Sup 1.3994e-01 (2.0131e-01)	L_Trg_Inj 3.7448e-01 (3.3445e-01)	Loss Disc 6.5192e-01 (6.5139e-01)	Loss Pred 5.5920e-01 (5.6127e-01)	Loss TOTAL 9.3660e-01 (9.4381e-01)
Epoch: [47][450/496]	L_Src_Sup 2.0840e-01 (2.0069e-01)	L_Trg_Inj 3.2459e-01 (3.3389e-01)	Loss Disc 6.4604e-01 (6.5137e-01)	Loss Pred 5.8090e-01 (5.6132e-01)	Loss TOTAL 9.5722e-01 (9.4366e-01)
Epoch: [47][460/496]	L_Src_Sup 2.4253e-01 (2.0074e-01)	L_Trg_Inj 3.4212e-01 (3.3338e-01)	Loss Disc 6.5044e-01 (6.5132e-01)	Loss Pred 5.6451e-01 (5.6150e-01)	Loss TOTAL 9.4820e-01 (9.4370e-01)
Epoch: [47][470/496]	L_Src_Sup 1.2375e-01 (2.0065e-01)	L_Trg_Inj 3.4092e-01 (3.3303e-01)	Loss Disc 6.4748e-01 (6.5128e-01)	Loss Pred 5.7532e-01 (5.6166e-01)	Loss TOTAL 9.4552e-01 (9.4379e-01)
Epoch: [47][480/496]	L_Src_Sup 2.7186e-01 (2.0029e-01)	L_Trg_Inj 3.5456e-01 (3.3259e-01)	Loss Disc 6.5634e-01 (6.5130e-01)	Loss Pred 5.4281e-01 (5.6158e-01)	Loss TOTAL 9.3362e-01 (9.4358e-01)
Epoch: [47][490/496]	L_Src_Sup 1.2217e-01 (2.0021e-01)	L_Trg_Inj 2.0692e-01 (3.3118e-01)	Loss Disc 6.5193e-01 (6.5129e-01)	Loss Pred 5.5912e-01 (5.6161e-01)	Loss TOTAL 9.1800e-01 (9.4342e-01)
Epoch: [47][496/496]	L_Src_Sup 1.0101e-01 (1.9968e-01)	L_Trg_Inj 3.1886e-01 (3.3102e-01)	Loss Disc 6.5044e-01 (6.5126e-01)	Loss Pred 5.6450e-01 (5.6171e-01)	Loss TOTAL 9.3170e-01 (9.4340e-01)
Epoch 47 complete. Saving model state...
Epoch: [48][ 10/496]	L_Src_Sup 1.4585e-01 (1.8408e-01)	L_Trg_Inj 3.4604e-01 (3.2092e-01)	Loss Disc 6.4603e-01 (6.4926e-01)	Loss Pred 5.8062e-01 (5.6885e-01)	Loss TOTAL 9.5282e-01 (9.4528e-01)
Epoch: [48][ 20/496]	L_Src_Sup 1.1888e-01 (1.8799e-01)	L_Trg_Inj 3.2562e-01 (3.2114e-01)	Loss Disc 6.5337e-01 (6.5031e-01)	Loss Pred 5.5372e-01 (5.6509e-01)	Loss TOTAL 9.2485e-01 (9.4527e-01)
Epoch: [48][ 30/496]	L_Src_Sup 2.5001e-01 (1.9233e-01)	L_Trg_Inj 3.4446e-01 (3.2717e-01)	Loss Disc 6.4612e-01 (6.5159e-01)	Loss Pred 5.8081e-01 (5.6038e-01)	Loss TOTAL 9.6331e-01 (9.4087e-01)
Epoch: [48][ 40/496]	L_Src_Sup 1.8194e-01 (1.9652e-01)	L_Trg_Inj 1.2564e-01 (3.1337e-01)	Loss Disc 6.5046e-01 (6.5108e-01)	Loss Pred 5.6465e-01 (5.6224e-01)	Loss TOTAL 9.7694e-01 (9.4223e-01)
Epoch: [48][ 50/496]	L_Src_Sup 1.7272e-01 (1.9028e-01)	L_Trg_Inj 4.5844e-01 (3.1582e-01)	Loss Disc 6.5045e-01 (6.5069e-01)	Loss Pred 5.6611e-01 (5.6376e-01)	Loss TOTAL 9.5445e-01 (9.4422e-01)
Epoch: [48][ 60/496]	L_Src_Sup 2.1787e-01 (1.9723e-01)	L_Trg_Inj 3.3912e-01 (3.2619e-01)	Loss Disc 6.5343e-01 (6.5132e-01)	Loss Pred 5.5365e-01 (5.6150e-01)	Loss TOTAL 9.3607e-01 (9.4325e-01)
Epoch: [48][ 70/496]	L_Src_Sup 1.3862e-01 (2.0187e-01)	L_Trg_Inj 3.2854e-01 (3.2491e-01)	Loss Disc 6.5345e-01 (6.5185e-01)	Loss Pred 5.5357e-01 (5.5951e-01)	Loss TOTAL 9.2701e-01 (9.4202e-01)
Epoch: [48][ 80/496]	L_Src_Sup 2.2404e-01 (2.0295e-01)	L_Trg_Inj 3.2982e-01 (3.2377e-01)	Loss Disc 6.5195e-01 (6.5151e-01)	Loss Pred 5.5937e-01 (5.6079e-01)	Loss TOTAL 9.4074e-01 (9.4305e-01)
Epoch: [48][ 90/496]	L_Src_Sup 1.0002e-01 (2.0470e-01)	L_Trg_Inj 3.8091e-01 (3.2294e-01)	Loss Disc 6.5191e-01 (6.5138e-01)	Loss Pred 5.5909e-01 (5.6127e-01)	Loss TOTAL 9.3314e-01 (9.4404e-01)
Epoch: [48][100/496]	L_Src_Sup 2.7962e-01 (2.0451e-01)	L_Trg_Inj 3.7588e-01 (3.2711e-01)	Loss Disc 6.4162e-01 (6.5120e-01)	Loss Pred 5.9704e-01 (5.6192e-01)	Loss TOTAL 9.8340e-01 (9.4457e-01)
Epoch: [48][110/496]	L_Src_Sup 1.9570e-01 (2.0371e-01)	L_Trg_Inj 3.1766e-01 (3.2699e-01)	Loss Disc 6.4015e-01 (6.5117e-01)	Loss Pred 6.0249e-01 (5.6201e-01)	Loss TOTAL 9.7390e-01 (9.4447e-01)
Epoch: [48][120/496]	L_Src_Sup 2.8006e-01 (2.0256e-01)	L_Trg_Inj 3.3507e-01 (3.2581e-01)	Loss Disc 6.5189e-01 (6.5101e-01)	Loss Pred 5.5908e-01 (5.6258e-01)	Loss TOTAL 9.4654e-01 (9.4468e-01)
Epoch: [48][130/496]	L_Src_Sup 1.8002e-01 (2.0388e-01)	L_Trg_Inj 5.0254e-01 (3.2737e-01)	Loss Disc 6.5193e-01 (6.5103e-01)	Loss Pred 5.5907e-01 (5.6247e-01)	Loss TOTAL 9.5329e-01 (9.4488e-01)
Epoch: [48][140/496]	L_Src_Sup 3.0770e-01 (2.0507e-01)	L_Trg_Inj 3.7023e-01 (3.2742e-01)	Loss Disc 6.5785e-01 (6.5125e-01)	Loss Pred 5.3730e-01 (5.6169e-01)	Loss TOTAL 9.3402e-01 (9.4408e-01)
Epoch: [48][150/496]	L_Src_Sup 2.0205e-01 (2.0478e-01)	L_Trg_Inj 3.6253e-01 (3.2708e-01)	Loss Disc 6.5046e-01 (6.5134e-01)	Loss Pred 5.6451e-01 (5.6133e-01)	Loss TOTAL 9.4620e-01 (9.4422e-01)
Epoch: [48][160/496]	L_Src_Sup 2.9169e-01 (2.0434e-01)	L_Trg_Inj 2.8656e-01 (3.2800e-01)	Loss Disc 6.4605e-01 (6.5119e-01)	Loss Pred 5.8081e-01 (5.6187e-01)	Loss TOTAL 9.6679e-01 (9.4451e-01)
Epoch: [48][170/496]	L_Src_Sup 2.8583e-01 (2.0359e-01)	L_Trg_Inj 2.4504e-01 (3.2803e-01)	Loss Disc 6.2833e-01 (6.5113e-01)	Loss Pred 6.4636e-01 (5.6210e-01)	Loss TOTAL 1.0544e+00 (9.4473e-01)
Epoch: [48][180/496]	L_Src_Sup 5.8256e-02 (2.0084e-01)	L_Trg_Inj 3.7517e-01 (3.2864e-01)	Loss Disc 6.5635e-01 (6.5098e-01)	Loss Pred 5.4303e-01 (5.6265e-01)	Loss TOTAL 9.1454e-01 (9.4478e-01)
Epoch: [48][190/496]	L_Src_Sup 1.6845e-01 (2.0041e-01)	L_Trg_Inj 2.3081e-01 (3.2830e-01)	Loss Disc 6.4459e-01 (6.5090e-01)	Loss Pred 5.8592e-01 (5.6295e-01)	Loss TOTAL 9.4814e-01 (9.4476e-01)
Epoch: [48][200/496]	L_Src_Sup 2.4394e-01 (1.9975e-01)	L_Trg_Inj 2.9369e-01 (3.2619e-01)	Loss Disc 6.5192e-01 (6.5093e-01)	Loss Pred 5.5926e-01 (5.6286e-01)	Loss TOTAL 9.3898e-01 (9.4495e-01)
Epoch: [48][210/496]	L_Src_Sup 2.8858e-01 (2.0036e-01)	L_Trg_Inj 3.2693e-01 (3.2670e-01)	Loss Disc 6.5780e-01 (6.5081e-01)	Loss Pred 5.3790e-01 (5.6327e-01)	Loss TOTAL 9.2835e-01 (9.4523e-01)
Epoch: [48][220/496]	L_Src_Sup 2.6557e-01 (2.0067e-01)	L_Trg_Inj 2.9242e-01 (3.2468e-01)	Loss Disc 6.4896e-01 (6.5065e-01)	Loss Pred 5.6979e-01 (5.6386e-01)	Loss TOTAL 9.5007e-01 (9.4572e-01)
Epoch: [48][230/496]	L_Src_Sup 7.6478e-02 (2.0010e-01)	L_Trg_Inj 3.5197e-01 (3.2469e-01)	Loss Disc 6.5928e-01 (6.5069e-01)	Loss Pred 5.3276e-01 (5.6370e-01)	Loss TOTAL 9.0525e-01 (9.4572e-01)
Epoch: [48][240/496]	L_Src_Sup 1.5699e-01 (1.9965e-01)	L_Trg_Inj 3.9504e-01 (3.2259e-01)	Loss Disc 6.5485e-01 (6.5077e-01)	Loss Pred 5.4851e-01 (5.6340e-01)	Loss TOTAL 9.3113e-01 (9.4508e-01)
Epoch: [48][250/496]	L_Src_Sup 8.0836e-02 (1.9978e-01)	L_Trg_Inj 3.6337e-01 (3.2262e-01)	Loss Disc 6.5046e-01 (6.5083e-01)	Loss Pred 5.6449e-01 (5.6321e-01)	Loss TOTAL 9.3414e-01 (9.4489e-01)
Epoch: [48][260/496]	L_Src_Sup 2.1051e-01 (2.0077e-01)	L_Trg_Inj 4.2849e-01 (3.2375e-01)	Loss Disc 6.5924e-01 (6.5070e-01)	Loss Pred 5.3274e-01 (5.6366e-01)	Loss TOTAL 9.2626e-01 (9.4583e-01)
Epoch: [48][270/496]	L_Src_Sup 2.8042e-01 (2.0028e-01)	L_Trg_Inj 3.2097e-01 (3.2360e-01)	Loss Disc 6.6223e-01 (6.5089e-01)	Loss Pred 5.2156e-01 (5.6298e-01)	Loss TOTAL 9.1282e-01 (9.4502e-01)
Epoch: [48][280/496]	L_Src_Sup 2.2234e-01 (2.0059e-01)	L_Trg_Inj 3.8432e-01 (3.2327e-01)	Loss Disc 6.5044e-01 (6.5086e-01)	Loss Pred 5.6451e-01 (5.6311e-01)	Loss TOTAL 9.5039e-01 (9.4507e-01)
Epoch: [48][290/496]	L_Src_Sup 1.8695e-01 (2.0014e-01)	L_Trg_Inj 1.6554e-01 (3.2124e-01)	Loss Disc 6.6223e-01 (6.5095e-01)	Loss Pred 5.2143e-01 (5.6277e-01)	Loss TOTAL 9.0920e-01 (9.4445e-01)
Epoch: [48][300/496]	L_Src_Sup 1.3417e-01 (2.0018e-01)	L_Trg_Inj 2.9772e-01 (3.2153e-01)	Loss Disc 6.5929e-01 (6.5107e-01)	Loss Pred 5.3197e-01 (5.6233e-01)	Loss TOTAL 9.0480e-01 (9.4401e-01)
Epoch: [48][310/496]	L_Src_Sup 2.5458e-01 (1.9979e-01)	L_Trg_Inj 4.9370e-01 (3.2199e-01)	Loss Disc 6.5491e-01 (6.5113e-01)	Loss Pred 5.4809e-01 (5.6212e-01)	Loss TOTAL 9.5038e-01 (9.4371e-01)
Epoch: [48][320/496]	L_Src_Sup 2.7193e-01 (2.0092e-01)	L_Trg_Inj 3.0304e-01 (3.2246e-01)	Loss Disc 6.5635e-01 (6.5120e-01)	Loss Pred 5.4251e-01 (5.6184e-01)	Loss TOTAL 9.2818e-01 (9.4364e-01)
Epoch: [48][330/496]	L_Src_Sup 1.7779e-01 (2.0077e-01)	L_Trg_Inj 2.8727e-01 (3.2368e-01)	Loss Disc 6.3724e-01 (6.5123e-01)	Loss Pred 6.1436e-01 (5.6175e-01)	Loss TOTAL 9.7949e-01 (9.4367e-01)
Epoch: [48][340/496]	L_Src_Sup 2.0001e-01 (2.0073e-01)	L_Trg_Inj 2.6363e-01 (3.2269e-01)	Loss Disc 6.5193e-01 (6.5130e-01)	Loss Pred 5.5901e-01 (5.6146e-01)	Loss TOTAL 9.3134e-01 (9.4346e-01)
Epoch: [48][350/496]	L_Src_Sup 2.1507e-01 (2.0131e-01)	L_Trg_Inj 3.8522e-01 (3.2298e-01)	Loss Disc 6.4164e-01 (6.5122e-01)	Loss Pred 5.9752e-01 (5.6179e-01)	Loss TOTAL 9.7838e-01 (9.4376e-01)
Epoch: [48][360/496]	L_Src_Sup 2.4505e-01 (2.0154e-01)	L_Trg_Inj 3.2619e-01 (3.2350e-01)	Loss Disc 6.4900e-01 (6.5116e-01)	Loss Pred 5.6995e-01 (5.6201e-01)	Loss TOTAL 9.5157e-01 (9.4405e-01)
Epoch: [48][370/496]	L_Src_Sup 2.3658e-01 (2.0158e-01)	L_Trg_Inj 3.5159e-01 (3.2450e-01)	Loss Disc 6.4163e-01 (6.5120e-01)	Loss Pred 5.9748e-01 (5.6184e-01)	Loss TOTAL 9.7712e-01 (9.4397e-01)
Epoch: [48][380/496]	L_Src_Sup 1.9808e-01 (2.0195e-01)	L_Trg_Inj 4.1003e-01 (3.2521e-01)	Loss Disc 6.5344e-01 (6.5123e-01)	Loss Pred 5.5354e-01 (5.6174e-01)	Loss TOTAL 9.4107e-01 (9.4415e-01)
Epoch: [48][390/496]	L_Src_Sup 2.3163e-01 (2.0244e-01)	L_Trg_Inj 5.1130e-01 (3.2579e-01)	Loss Disc 6.4453e-01 (6.5121e-01)	Loss Pred 5.8648e-01 (5.6181e-01)	Loss TOTAL 9.8304e-01 (9.4424e-01)
Epoch: [48][400/496]	L_Src_Sup 2.2001e-01 (2.0250e-01)	L_Trg_Inj 3.0490e-01 (3.2595e-01)	Loss Disc 6.5190e-01 (6.5116e-01)	Loss Pred 5.5903e-01 (5.6198e-01)	Loss TOTAL 9.3747e-01 (9.4430e-01)
Epoch: [48][410/496]	L_Src_Sup 2.9370e-01 (2.0235e-01)	L_Trg_Inj 4.2345e-01 (3.2577e-01)	Loss Disc 6.5631e-01 (6.5113e-01)	Loss Pred 5.4315e-01 (5.6211e-01)	Loss TOTAL 9.4302e-01 (9.4430e-01)
Epoch: [48][420/496]	L_Src_Sup 1.1539e-01 (2.0229e-01)	L_Trg_Inj 3.4018e-01 (3.2676e-01)	Loss Disc 6.5787e-01 (6.5122e-01)	Loss Pred 5.3719e-01 (5.6178e-01)	Loss TOTAL 9.1168e-01 (9.4401e-01)
Epoch: [48][430/496]	L_Src_Sup 2.3530e-01 (2.0156e-01)	L_Trg_Inj 3.1603e-01 (3.2731e-01)	Loss Disc 6.5485e-01 (6.5121e-01)	Loss Pred 5.4810e-01 (5.6182e-01)	Loss TOTAL 9.3065e-01 (9.4394e-01)
Epoch: [48][440/496]	L_Src_Sup 2.6171e-01 (2.0156e-01)	L_Trg_Inj 3.0069e-01 (3.2711e-01)	Loss Disc 6.5192e-01 (6.5119e-01)	Loss Pred 5.5957e-01 (5.6189e-01)	Loss TOTAL 9.4176e-01 (9.4401e-01)
Epoch: [48][450/496]	L_Src_Sup 7.9210e-02 (2.0048e-01)	L_Trg_Inj 2.7280e-01 (3.2789e-01)	Loss Disc 6.5343e-01 (6.5124e-01)	Loss Pred 5.5355e-01 (5.6172e-01)	Loss TOTAL 9.1546e-01 (9.4376e-01)
Epoch: [48][460/496]	L_Src_Sup 2.0758e-01 (2.0057e-01)	L_Trg_Inj 2.7249e-01 (3.2773e-01)	Loss Disc 6.6076e-01 (6.5127e-01)	Loss Pred 5.2605e-01 (5.6160e-01)	Loss TOTAL 9.0444e-01 (9.4371e-01)
Epoch: [48][470/496]	L_Src_Sup 2.8261e-01 (2.0074e-01)	L_Trg_Inj 2.3948e-01 (3.2773e-01)	Loss Disc 6.4015e-01 (6.5125e-01)	Loss Pred 6.0314e-01 (5.6165e-01)	Loss TOTAL 1.0186e+00 (9.4379e-01)
Epoch: [48][480/496]	L_Src_Sup 2.2222e-01 (2.0097e-01)	L_Trg_Inj 2.6679e-01 (3.2766e-01)	Loss Disc 6.5039e-01 (6.5120e-01)	Loss Pred 5.6449e-01 (5.6184e-01)	Loss TOTAL 9.3859e-01 (9.4389e-01)
Epoch: [48][490/496]	L_Src_Sup 1.8183e-01 (2.0086e-01)	L_Trg_Inj 3.7447e-01 (3.2727e-01)	Loss Disc 6.5044e-01 (6.5122e-01)	Loss Pred 5.6450e-01 (5.6178e-01)	Loss TOTAL 9.4535e-01 (9.4383e-01)
Epoch: [48][496/496]	L_Src_Sup 1.8182e-01 (2.0074e-01)	L_Trg_Inj 2.1839e-01 (3.2690e-01)	Loss Disc 6.5048e-01 (6.5124e-01)	Loss Pred 5.6451e-01 (5.6169e-01)	Loss TOTAL 9.2977e-01 (9.4366e-01)
Epoch 48 complete. Saving model state...
Epoch: [49][ 10/496]	L_Src_Sup 1.4641e-01 (1.6503e-01)	L_Trg_Inj 3.1198e-01 (2.4999e-01)	Loss Disc 6.4600e-01 (6.4630e-01)	Loss Pred 5.8111e-01 (5.8003e-01)	Loss TOTAL 9.4995e-01 (9.5334e-01)
Epoch: [49][ 20/496]	L_Src_Sup 1.0896e-01 (1.7595e-01)	L_Trg_Inj 3.3811e-01 (2.9982e-01)	Loss Disc 6.5636e-01 (6.5052e-01)	Loss Pred 5.4273e-01 (5.6443e-01)	Loss TOTAL 9.1561e-01 (9.4655e-01)
Epoch: [49][ 30/496]	L_Src_Sup 1.8964e-01 (1.8608e-01)	L_Trg_Inj 2.2597e-01 (2.9729e-01)	Loss Disc 6.4457e-01 (6.5124e-01)	Loss Pred 5.8657e-01 (5.6174e-01)	Loss TOTAL 9.5042e-01 (9.4251e-01)
Epoch: [49][ 40/496]	L_Src_Sup 1.5217e-01 (1.9262e-01)	L_Trg_Inj 2.9059e-01 (2.9609e-01)	Loss Disc 6.4019e-01 (6.5112e-01)	Loss Pred 6.0289e-01 (5.6217e-01)	Loss TOTAL 9.6726e-01 (9.4171e-01)
Epoch: [49][ 50/496]	L_Src_Sup 1.5219e-01 (1.9037e-01)	L_Trg_Inj 3.6930e-01 (2.9671e-01)	Loss Disc 6.4017e-01 (6.5054e-01)	Loss Pred 6.0251e-01 (5.6430e-01)	Loss TOTAL 9.7475e-01 (9.4245e-01)
Epoch: [49][ 60/496]	L_Src_Sup 2.7085e-01 (1.9301e-01)	L_Trg_Inj 3.1716e-01 (2.9576e-01)	Loss Disc 6.4606e-01 (6.5067e-01)	Loss Pred 5.8077e-01 (5.6379e-01)	Loss TOTAL 9.6260e-01 (9.4171e-01)
Epoch: [49][ 70/496]	L_Src_Sup 1.3344e-01 (1.9286e-01)	L_Trg_Inj 3.3213e-01 (2.9516e-01)	Loss Disc 6.5930e-01 (6.5096e-01)	Loss Pred 5.3196e-01 (5.6273e-01)	Loss TOTAL 9.0816e-01 (9.4160e-01)
Epoch: [49][ 80/496]	L_Src_Sup 2.1569e-01 (1.9506e-01)	L_Trg_Inj 2.9206e-01 (2.9511e-01)	Loss Disc 6.5493e-01 (6.5164e-01)	Loss Pred 5.4797e-01 (5.6022e-01)	Loss TOTAL 9.2621e-01 (9.3952e-01)
Epoch: [49][ 90/496]	L_Src_Sup 1.4894e-01 (1.9459e-01)	L_Trg_Inj 2.4025e-01 (2.9325e-01)	Loss Disc 6.4309e-01 (6.5185e-01)	Loss Pred 5.9253e-01 (5.5941e-01)	Loss TOTAL 9.5300e-01 (9.3862e-01)
Epoch: [49][100/496]	L_Src_Sup 1.2632e-01 (1.9334e-01)	L_Trg_Inj 2.9908e-01 (2.9328e-01)	Loss Disc 6.4463e-01 (6.5204e-01)	Loss Pred 5.8700e-01 (5.5870e-01)	Loss TOTAL 9.5185e-01 (9.3750e-01)
Epoch: [49][110/496]	L_Src_Sup 1.8446e-01 (1.9637e-01)	L_Trg_Inj 2.9353e-01 (2.9471e-01)	Loss Disc 6.6520e-01 (6.5201e-01)	Loss Pred 5.0903e-01 (5.5879e-01)	Loss TOTAL 8.8943e-01 (9.3807e-01)
Epoch: [49][120/496]	L_Src_Sup 1.8182e-01 (1.9524e-01)	L_Trg_Inj 2.7415e-01 (2.9725e-01)	Loss Disc 6.5051e-01 (6.5193e-01)	Loss Pred 5.6456e-01 (5.5909e-01)	Loss TOTAL 9.3541e-01 (9.3813e-01)
Epoch: [49][130/496]	L_Src_Sup 1.4434e-01 (1.9394e-01)	L_Trg_Inj 2.5888e-01 (2.9382e-01)	Loss Disc 6.4765e-01 (6.5225e-01)	Loss Pred 5.7592e-01 (5.5788e-01)	Loss TOTAL 9.4007e-01 (9.3631e-01)
Epoch: [49][140/496]	L_Src_Sup 2.8691e-01 (1.9314e-01)	L_Trg_Inj 4.6297e-01 (2.9322e-01)	Loss Disc 6.4902e-01 (6.5229e-01)	Loss Pred 5.7030e-01 (5.5773e-01)	Loss TOTAL 9.6980e-01 (9.3601e-01)
Epoch: [49][150/496]	L_Src_Sup 1.7655e-01 (1.9158e-01)	L_Trg_Inj 2.6372e-01 (2.9193e-01)	Loss Disc 6.5490e-01 (6.5217e-01)	Loss Pred 5.4777e-01 (5.5819e-01)	Loss TOTAL 9.1924e-01 (9.3631e-01)
Epoch: [49][160/496]	L_Src_Sup 2.7723e-01 (1.9203e-01)	L_Trg_Inj 3.0111e-01 (2.9311e-01)	Loss Disc 6.5347e-01 (6.5230e-01)	Loss Pred 5.5334e-01 (5.5769e-01)	Loss TOTAL 9.3790e-01 (9.3593e-01)
Epoch: [49][170/496]	L_Src_Sup 1.9228e-01 (1.9380e-01)	L_Trg_Inj 2.8104e-01 (2.9279e-01)	Loss Disc 6.5489e-01 (6.5235e-01)	Loss Pred 5.4846e-01 (5.5751e-01)	Loss TOTAL 9.2324e-01 (9.3627e-01)
Epoch: [49][180/496]	L_Src_Sup 2.1815e-01 (1.9391e-01)	L_Trg_Inj 4.3005e-01 (2.9370e-01)	Loss Disc 6.5344e-01 (6.5233e-01)	Loss Pred 5.5347e-01 (5.5759e-01)	Loss TOTAL 9.4501e-01 (9.3631e-01)
Epoch: [49][190/496]	L_Src_Sup 2.5302e-01 (1.9589e-01)	L_Trg_Inj 3.3425e-01 (2.9455e-01)	Loss Disc 6.3281e-01 (6.5221e-01)	Loss Pred 6.3279e-01 (5.5806e-01)	Loss TOTAL 1.0079e+00 (9.3699e-01)
Epoch: [49][200/496]	L_Src_Sup 1.4005e-01 (1.9589e-01)	L_Trg_Inj 3.5427e-01 (2.9687e-01)	Loss Disc 6.5191e-01 (6.5229e-01)	Loss Pred 5.5899e-01 (5.5775e-01)	Loss TOTAL 9.3438e-01 (9.3732e-01)
Epoch: [49][210/496]	L_Src_Sup 1.9828e-01 (1.9837e-01)	L_Trg_Inj 3.2766e-01 (2.9839e-01)	Loss Disc 6.5345e-01 (6.5215e-01)	Loss Pred 5.5339e-01 (5.5827e-01)	Loss TOTAL 9.3271e-01 (9.3847e-01)
Epoch: [49][220/496]	L_Src_Sup 1.6327e-01 (1.9935e-01)	L_Trg_Inj 3.3867e-01 (3.0082e-01)	Loss Disc 6.4899e-01 (6.5208e-01)	Loss Pred 5.7018e-01 (5.5856e-01)	Loss TOTAL 9.4487e-01 (9.3887e-01)
Epoch: [49][230/496]	L_Src_Sup 3.0097e-01 (1.9846e-01)	L_Trg_Inj 2.8406e-01 (3.0132e-01)	Loss Disc 6.4161e-01 (6.5201e-01)	Loss Pred 5.9829e-01 (5.5880e-01)	Loss TOTAL 9.9451e-01 (9.3893e-01)
Epoch: [49][240/496]	L_Src_Sup 2.1157e-01 (1.9876e-01)	L_Trg_Inj 3.7446e-01 (3.0229e-01)	Loss Disc 6.5782e-01 (6.5192e-01)	Loss Pred 5.3687e-01 (5.5913e-01)	Loss TOTAL 9.2438e-01 (9.3920e-01)
Epoch: [49][250/496]	L_Src_Sup 1.2001e-01 (1.9998e-01)	L_Trg_Inj 3.9324e-01 (3.0331e-01)	Loss Disc 6.5200e-01 (6.5193e-01)	Loss Pred 5.5900e-01 (5.5911e-01)	Loss TOTAL 9.3633e-01 (9.3943e-01)
Epoch: [49][260/496]	L_Src_Sup 3.1253e-01 (2.0090e-01)	L_Trg_Inj 3.6748e-01 (3.0470e-01)	Loss Disc 6.4606e-01 (6.5184e-01)	Loss Pred 5.8115e-01 (5.5945e-01)	Loss TOTAL 9.7218e-01 (9.4006e-01)
Epoch: [49][270/496]	L_Src_Sup 1.3726e-01 (2.0014e-01)	L_Trg_Inj 3.7128e-01 (3.0634e-01)	Loss Disc 6.5484e-01 (6.5190e-01)	Loss Pred 5.4784e-01 (5.5923e-01)	Loss TOTAL 9.2611e-01 (9.3980e-01)
Epoch: [49][280/496]	L_Src_Sup 2.5266e-01 (1.9965e-01)	L_Trg_Inj 3.0971e-01 (3.0617e-01)	Loss Disc 6.4455e-01 (6.5184e-01)	Loss Pred 5.8681e-01 (5.5942e-01)	Loss TOTAL 9.6532e-01 (9.3995e-01)
Epoch: [49][290/496]	L_Src_Sup 2.5244e-01 (1.9917e-01)	L_Trg_Inj 3.6098e-01 (3.0624e-01)	Loss Disc 6.5635e-01 (6.5185e-01)	Loss Pred 5.4234e-01 (5.5938e-01)	Loss TOTAL 9.3186e-01 (9.3974e-01)
Epoch: [49][300/496]	L_Src_Sup 1.4931e-01 (1.9856e-01)	L_Trg_Inj 3.6854e-01 (3.0715e-01)	Loss Disc 6.4309e-01 (6.5178e-01)	Loss Pred 5.9236e-01 (5.5968e-01)	Loss TOTAL 9.6569e-01 (9.3994e-01)
Epoch: [49][310/496]	L_Src_Sup 1.9805e-01 (1.9817e-01)	L_Trg_Inj 2.2382e-01 (3.0802e-01)	Loss Disc 6.5340e-01 (6.5170e-01)	Loss Pred 5.5354e-01 (5.5995e-01)	Loss TOTAL 9.2243e-01 (9.4049e-01)
Epoch: [49][320/496]	L_Src_Sup 1.5772e-01 (1.9821e-01)	L_Trg_Inj 3.9752e-01 (3.0869e-01)	Loss Disc 6.5485e-01 (6.5165e-01)	Loss Pred 5.4813e-01 (5.6016e-01)	Loss TOTAL 9.3108e-01 (9.4073e-01)
Epoch: [49][330/496]	L_Src_Sup 1.6162e-01 (1.9752e-01)	L_Trg_Inj 3.5405e-01 (3.0930e-01)	Loss Disc 6.5050e-01 (6.5166e-01)	Loss Pred 5.6449e-01 (5.6011e-01)	Loss TOTAL 9.4131e-01 (9.4060e-01)
Epoch: [49][340/496]	L_Src_Sup 1.9575e-01 (1.9772e-01)	L_Trg_Inj 2.9125e-01 (3.0947e-01)	Loss Disc 6.5783e-01 (6.5164e-01)	Loss Pred 5.3716e-01 (5.6019e-01)	Loss TOTAL 9.1478e-01 (9.4088e-01)
Epoch: [49][350/496]	L_Src_Sup 1.5385e-01 (1.9825e-01)	L_Trg_Inj 3.3789e-01 (3.1082e-01)	Loss Disc 6.5781e-01 (6.5161e-01)	Loss Pred 5.3717e-01 (5.6028e-01)	Loss TOTAL 9.1525e-01 (9.4103e-01)
Epoch: [49][360/496]	L_Src_Sup 2.2210e-01 (1.9868e-01)	L_Trg_Inj 3.2345e-01 (3.1091e-01)	Loss Disc 6.3869e-01 (6.5146e-01)	Loss Pred 6.0781e-01 (5.6082e-01)	Loss TOTAL 9.8171e-01 (9.4162e-01)
Epoch: [49][370/496]	L_Src_Sup 2.5226e-01 (1.9905e-01)	L_Trg_Inj 3.5141e-01 (3.1134e-01)	Loss Disc 6.6813e-01 (6.5143e-01)	Loss Pred 5.0015e-01 (5.6095e-01)	Loss TOTAL 8.9458e-01 (9.4180e-01)
Epoch: [49][380/496]	L_Src_Sup 2.9412e-01 (1.9955e-01)	L_Trg_Inj 3.7311e-01 (3.1313e-01)	Loss Disc 6.5489e-01 (6.5144e-01)	Loss Pred 5.4826e-01 (5.6092e-01)	Loss TOTAL 9.4243e-01 (9.4189e-01)
Epoch: [49][390/496]	L_Src_Sup 2.9411e-01 (1.9985e-01)	L_Trg_Inj 3.2759e-01 (3.1264e-01)	Loss Disc 6.5486e-01 (6.5141e-01)	Loss Pred 5.4827e-01 (5.6100e-01)	Loss TOTAL 9.3787e-01 (9.4199e-01)
Epoch: [49][400/496]	L_Src_Sup 1.3733e-01 (1.9953e-01)	L_Trg_Inj 3.3805e-01 (3.1222e-01)	Loss Disc 6.5491e-01 (6.5142e-01)	Loss Pred 5.4826e-01 (5.6096e-01)	Loss TOTAL 9.2325e-01 (9.4188e-01)
Epoch: [49][410/496]	L_Src_Sup 1.8974e-01 (1.9983e-01)	L_Trg_Inj 2.5989e-01 (3.1199e-01)	Loss Disc 6.4454e-01 (6.5143e-01)	Loss Pred 5.8638e-01 (5.6095e-01)	Loss TOTAL 9.5362e-01 (9.4180e-01)
Epoch: [49][420/496]	L_Src_Sup 8.5109e-02 (1.9814e-01)	L_Trg_Inj 2.6397e-01 (3.1179e-01)	Loss Disc 6.4306e-01 (6.5135e-01)	Loss Pred 5.9148e-01 (5.6122e-01)	Loss TOTAL 9.4792e-01 (9.4176e-01)
Epoch: [49][430/496]	L_Src_Sup 2.4763e-01 (1.9845e-01)	L_Trg_Inj 3.3990e-01 (3.1185e-01)	Loss Disc 6.4755e-01 (6.5140e-01)	Loss Pred 5.7532e-01 (5.6105e-01)	Loss TOTAL 9.5785e-01 (9.4170e-01)
Epoch: [49][440/496]	L_Src_Sup 1.3861e-01 (1.9861e-01)	L_Trg_Inj 2.6667e-01 (3.1164e-01)	Loss Disc 6.5338e-01 (6.5136e-01)	Loss Pred 5.5367e-01 (5.6119e-01)	Loss TOTAL 9.2089e-01 (9.4173e-01)
Epoch: [49][450/496]	L_Src_Sup 1.9803e-01 (1.9873e-01)	L_Trg_Inj 3.9741e-01 (3.1163e-01)	Loss Disc 6.5348e-01 (6.5136e-01)	Loss Pred 5.5367e-01 (5.6119e-01)	Loss TOTAL 9.3996e-01 (9.4171e-01)
Epoch: [49][460/496]	L_Src_Sup 1.6498e-01 (1.9922e-01)	L_Trg_Inj 3.1218e-01 (3.1193e-01)	Loss Disc 6.4751e-01 (6.5133e-01)	Loss Pred 5.7528e-01 (5.6130e-01)	Loss TOTAL 9.4675e-01 (9.4191e-01)
Epoch: [49][470/496]	L_Src_Sup 1.9609e-01 (1.9902e-01)	L_Trg_Inj 3.1389e-01 (3.1264e-01)	Loss Disc 6.5487e-01 (6.5131e-01)	Loss Pred 5.4830e-01 (5.6137e-01)	Loss TOTAL 9.2673e-01 (9.4194e-01)
Epoch: [49][480/496]	L_Src_Sup 2.2430e-01 (1.9830e-01)	L_Trg_Inj 3.5785e-01 (3.1302e-01)	Loss Disc 6.6219e-01 (6.5135e-01)	Loss Pred 5.2114e-01 (5.6124e-01)	Loss TOTAL 9.1045e-01 (9.4172e-01)
Epoch: [49][490/496]	L_Src_Sup 1.4931e-01 (1.9834e-01)	L_Trg_Inj 3.7054e-01 (3.1272e-01)	Loss Disc 6.4304e-01 (6.5127e-01)	Loss Pred 5.9150e-01 (5.6153e-01)	Loss TOTAL 9.6501e-01 (9.4227e-01)
Epoch: [49][496/496]	L_Src_Sup 1.6842e-01 (1.9804e-01)	L_Trg_Inj 4.6804e-01 (3.1293e-01)	Loss Disc 6.4458e-01 (6.5125e-01)	Loss Pred 5.8587e-01 (5.6159e-01)	Loss TOTAL 9.7180e-01 (9.4227e-01)
Epoch 49 complete. Saving model state...
