Using device: cuda
Loading Source Train...
Using Mean/Std calculated from Source Train (mean[0]=0.7014437887685685, std[0]=0.011928948002314158)
Loading Target Train...
Epoch: [0][ 10/112]	L_Src_Sup 1.9583e+00 (1.9742e+00)	L_Trg_Inj 1.9515e+00 (1.9685e+00)	Loss Disc 7.1881e-01 (7.2203e-01)	Loss Pred 1.5058e+00 (1.5863e+00)	Loss TOTAL 2.2630e+00 (2.3478e+00)
Epoch: [0][ 20/112]	L_Src_Sup 8.8409e-01 (1.8543e+00)	L_Trg_Inj 7.7759e-01 (1.8503e+00)	Loss Disc 7.0899e-01 (7.1786e-01)	Loss Pred 1.5774e+00 (1.5793e+00)	Loss TOTAL 2.2046e+00 (2.3200e+00)
Epoch: [0][ 30/112]	L_Src_Sup 3.8589e-01 (1.4377e+00)	L_Trg_Inj 3.3956e-01 (1.3930e+00)	Loss Disc 6.9947e-01 (7.1302e-01)	Loss Pred 1.5782e+00 (1.5710e+00)	Loss TOTAL 2.0468e+00 (2.2683e+00)
Epoch: [0][ 40/112]	L_Src_Sup 9.7045e-01 (1.2331e+00)	L_Trg_Inj 7.5920e-01 (1.1592e+00)	Loss Disc 6.9584e-01 (7.0903e-01)	Loss Pred 1.5589e+00 (1.5610e+00)	Loss TOTAL 2.2911e+00 (2.2430e+00)
Epoch: [0][ 50/112]	L_Src_Sup 9.0576e-01 (1.1590e+00)	L_Trg_Inj 6.8629e-01 (1.0938e+00)	Loss Disc 6.9445e-01 (7.0621e-01)	Loss Pred 1.5152e+00 (1.5532e+00)	Loss TOTAL 2.2411e+00 (2.2280e+00)
Epoch: [0][ 60/112]	L_Src_Sup 2.5476e-01 (1.0679e+00)	L_Trg_Inj 2.3447e-01 (9.8333e-01)	Loss Disc 6.9406e-01 (7.0421e-01)	Loss Pred 1.4901e+00 (1.5414e+00)	Loss TOTAL 1.9064e+00 (2.2097e+00)
Epoch: [0][ 70/112]	L_Src_Sup 1.4267e-01 (9.4513e-01)	L_Trg_Inj 4.0099e-02 (8.6083e-01)	Loss Disc 6.9381e-01 (7.0274e-01)	Loss Pred 1.4662e+00 (1.5317e+00)	Loss TOTAL 1.9339e+00 (2.1733e+00)
Epoch: [0][ 80/112]	L_Src_Sup 1.9857e+00 (9.6916e-01)	L_Trg_Inj 1.9877e+00 (8.8764e-01)	Loss Disc 6.9460e-01 (7.0169e-01)	Loss Pred 1.4593e+00 (1.5210e+00)	Loss TOTAL 2.2039e+00 (2.1636e+00)
Epoch: [0][ 90/112]	L_Src_Sup 1.9385e+00 (1.0806e+00)	L_Trg_Inj 1.9432e+00 (1.0080e+00)	Loss Disc 6.9394e-01 (7.0086e-01)	Loss Pred 1.3901e+00 (1.5086e+00)	Loss TOTAL 2.1253e+00 (2.1623e+00)
Epoch: [0][100/112]	L_Src_Sup 3.3594e-01 (1.0805e+00)	L_Trg_Inj 1.0356e-01 (1.0157e+00)	Loss Disc 6.9340e-01 (7.0014e-01)	Loss Pred 1.4064e+00 (1.4969e+00)	Loss TOTAL 2.0294e+00 (2.1455e+00)
Epoch: [0][110/112]	L_Src_Sup 1.9522e-01 (1.0117e+00)	L_Trg_Inj 2.4441e-01 (9.5985e-01)	Loss Disc 6.9306e-01 (6.9953e-01)	Loss Pred 1.3810e+00 (1.4860e+00)	Loss TOTAL 1.7715e+00 (2.1147e+00)
Epoch: [0][112/112]	L_Src_Sup 2.4979e-01 (9.9583e-01)	L_Trg_Inj 2.0008e-01 (9.4680e-01)	Loss Disc 6.9302e-01 (6.9941e-01)	Loss Pred 1.3624e+00 (1.4838e+00)	Loss TOTAL 1.8036e+00 (2.1086e+00)
Epoch 0 complete. Saving model state...
Epoch: [1][ 10/112]	L_Src_Sup 1.4091e-01 (3.4109e-01)	L_Trg_Inj 5.3536e-01 (4.2040e-01)	Loss Disc 6.9286e-01 (6.9290e-01)	Loss Pred 1.3464e+00 (1.3543e+00)	Loss TOTAL 1.7605e+00 (1.8220e+00)
Epoch: [1][ 20/112]	L_Src_Sup 1.7572e-01 (2.8838e-01)	L_Trg_Inj 3.9735e-01 (4.1344e-01)	Loss Disc 6.9208e-01 (6.9261e-01)	Loss Pred 1.3195e+00 (1.3393e+00)	Loss TOTAL 1.7228e+00 (1.7898e+00)
Epoch: [1][ 30/112]	L_Src_Sup 1.8097e-01 (2.7228e-01)	L_Trg_Inj 2.3586e-01 (3.8885e-01)	Loss Disc 6.9138e-01 (6.9228e-01)	Loss Pred 1.2758e+00 (1.3290e+00)	Loss TOTAL 1.6632e+00 (1.7687e+00)
Epoch: [1][ 40/112]	L_Src_Sup 1.4407e-01 (2.7018e-01)	L_Trg_Inj 3.1372e-01 (3.8500e-01)	Loss Disc 6.9089e-01 (6.9197e-01)	Loss Pred 1.2878e+00 (1.3179e+00)	Loss TOTAL 1.6790e+00 (1.7632e+00)
Epoch: [1][ 50/112]	L_Src_Sup 4.6240e-01 (2.5692e-01)	L_Trg_Inj 6.5247e-01 (3.8447e-01)	Loss Disc 6.8978e-01 (6.9156e-01)	Loss Pred 1.2532e+00 (1.3086e+00)	Loss TOTAL 1.7096e+00 (1.7470e+00)
Epoch: [1][ 60/112]	L_Src_Sup 1.1715e-01 (2.5597e-01)	L_Trg_Inj 3.0512e-01 (3.8402e-01)	Loss Disc 6.8921e-01 (6.9088e-01)	Loss Pred 1.2399e+00 (1.2990e+00)	Loss TOTAL 1.6268e+00 (1.7332e+00)
Epoch: [1][ 70/112]	L_Src_Sup 2.7963e-01 (2.5367e-01)	L_Trg_Inj 5.4107e-01 (3.8635e-01)	Loss Disc 6.8360e-01 (6.9013e-01)	Loss Pred 1.2243e+00 (1.2912e+00)	Loss TOTAL 1.6481e+00 (1.7237e+00)
Epoch: [1][ 80/112]	L_Src_Sup 1.4305e-01 (2.3885e-01)	L_Trg_Inj 1.5754e-01 (3.7681e-01)	Loss Disc 6.8654e-01 (6.8954e-01)	Loss Pred 1.2162e+00 (1.2825e+00)	Loss TOTAL 1.5895e+00 (1.7094e+00)
Epoch: [1][ 90/112]	L_Src_Sup 3.9985e-01 (2.3856e-01)	L_Trg_Inj 2.1344e-01 (3.7415e-01)	Loss Disc 6.8982e-01 (6.8913e-01)	Loss Pred 1.1946e+00 (1.2733e+00)	Loss TOTAL 1.7873e+00 (1.6997e+00)
Epoch: [1][100/112]	L_Src_Sup 0.0000e+00 (2.3770e-01)	L_Trg_Inj 5.1116e-01 (3.7751e-01)	Loss Disc 6.8150e-01 (6.8865e-01)	Loss Pred 1.1842e+00 (1.2641e+00)	Loss TOTAL 1.5761e+00 (1.6916e+00)
Epoch: [1][110/112]	L_Src_Sup 6.3190e-01 (2.3213e-01)	L_Trg_Inj 2.1902e-01 (3.7472e-01)	Loss Disc 6.9073e-01 (6.8845e-01)	Loss Pred 1.1543e+00 (1.2552e+00)	Loss TOTAL 1.9977e+00 (1.6835e+00)
Epoch: [1][112/112]	L_Src_Sup 3.0444e-01 (2.3428e-01)	L_Trg_Inj 3.3296e-01 (3.7503e-01)	Loss Disc 6.8779e-01 (6.8842e-01)	Loss Pred 1.1333e+00 (1.2533e+00)	Loss TOTAL 1.5409e+00 (1.6815e+00)
Epoch 1 complete. Saving model state...
Epoch: [2][ 10/112]	L_Src_Sup 3.3285e-01 (2.5673e-01)	L_Trg_Inj 2.6224e-01 (3.8215e-01)	Loss Disc 6.9132e-01 (6.8814e-01)	Loss Pred 1.1525e+00 (1.1483e+00)	Loss TOTAL 1.6283e+00 (1.5966e+00)
Epoch: [2][ 20/112]	L_Src_Sup 3.1005e-01 (2.2078e-01)	L_Trg_Inj 3.0079e-01 (3.3278e-01)	Loss Disc 6.9163e-01 (6.8824e-01)	Loss Pred 1.1327e+00 (1.1430e+00)	Loss TOTAL 1.5488e+00 (1.5805e+00)
Epoch: [2][ 30/112]	L_Src_Sup 1.4439e-01 (3.6396e-01)	L_Trg_Inj 2.7417e-01 (4.6977e-01)	Loss Disc 6.8218e-01 (6.8787e-01)	Loss Pred 1.1172e+00 (1.1374e+00)	Loss TOTAL 1.5001e+00 (1.6036e+00)
Epoch: [2][ 40/112]	L_Src_Sup 2.3515e-02 (3.2234e-01)	L_Trg_Inj 6.7056e-01 (4.5834e-01)	Loss Disc 6.8012e-01 (6.8592e-01)	Loss Pred 1.0999e+00 (1.1301e+00)	Loss TOTAL 1.5094e+00 (1.5842e+00)
Epoch: [2][ 50/112]	L_Src_Sup 3.3387e-01 (3.1924e-01)	L_Trg_Inj 5.7677e-01 (4.5041e-01)	Loss Disc 6.8199e-01 (6.8435e-01)	Loss Pred 1.0811e+00 (1.1223e+00)	Loss TOTAL 1.5132e+00 (1.5721e+00)
Epoch: [2][ 60/112]	L_Src_Sup 2.8655e-01 (2.9460e-01)	L_Trg_Inj 3.7143e-01 (4.4206e-01)	Loss Disc 6.8277e-01 (6.8381e-01)	Loss Pred 1.0692e+00 (1.1148e+00)	Loss TOTAL 1.4764e+00 (1.5568e+00)
Epoch: [2][ 70/112]	L_Src_Sup 5.2740e-01 (2.9552e-01)	L_Trg_Inj 3.6596e-01 (4.4823e-01)	Loss Disc 6.8892e-01 (6.8338e-01)	Loss Pred 1.0580e+00 (1.1072e+00)	Loss TOTAL 1.6533e+00 (1.5503e+00)
Epoch: [2][ 80/112]	L_Src_Sup 2.8577e-01 (2.8228e-01)	L_Trg_Inj 3.5358e-01 (4.5175e-01)	Loss Disc 6.8583e-01 (6.8301e-01)	Loss Pred 1.0415e+00 (1.1002e+00)	Loss TOTAL 1.4483e+00 (1.5412e+00)
Epoch: [2][ 90/112]	L_Src_Sup 3.0983e-01 (2.7731e-01)	L_Trg_Inj 4.6724e-01 (4.5389e-01)	Loss Disc 6.8051e-01 (6.8298e-01)	Loss Pred 1.0343e+00 (1.0932e+00)	Loss TOTAL 1.4523e+00 (1.5328e+00)
Epoch: [2][100/112]	L_Src_Sup 2.8941e-01 (2.7779e-01)	L_Trg_Inj 3.9834e-01 (4.5501e-01)	Loss Disc 6.8450e-01 (6.8298e-01)	Loss Pred 1.0205e+00 (1.0863e+00)	Loss TOTAL 1.4315e+00 (1.5240e+00)
Epoch: [2][110/112]	L_Src_Sup 2.1201e-01 (2.7309e-01)	L_Trg_Inj 2.7735e-01 (4.4596e-01)	Loss Disc 6.8684e-01 (6.8317e-01)	Loss Pred 1.0068e+00 (1.0797e+00)	Loss TOTAL 1.3991e+00 (1.5147e+00)
Epoch: [2][112/112]	L_Src_Sup 0.0000e+00 (2.6932e-01)	L_Trg_Inj 3.3017e-01 (4.4397e-01)	Loss Disc 6.8550e-01 (6.8321e-01)	Loss Pred 1.0052e+00 (1.0783e+00)	Loss TOTAL 1.3810e+00 (1.5125e+00)
Epoch 2 complete. Saving model state...
Epoch: [3][ 10/112]	L_Src_Sup 2.8430e-01 (2.8505e-01)	L_Trg_Inj 3.0469e-01 (2.6913e-01)	Loss Disc 6.8349e-01 (6.8971e-01)	Loss Pred 9.9869e-01 (1.0015e+00)	Loss TOTAL 1.3993e+00 (1.4519e+00)
Epoch: [3][ 20/112]	L_Src_Sup 1.1127e-01 (2.5062e-01)	L_Trg_Inj 4.4028e-01 (3.0463e-01)	Loss Disc 6.8542e-01 (6.8839e-01)	Loss Pred 9.8096e-01 (9.9451e-01)	Loss TOTAL 1.3788e+00 (1.4374e+00)
Epoch: [3][ 30/112]	L_Src_Sup 1.1777e-01 (2.2332e-01)	L_Trg_Inj 4.9891e-01 (3.6251e-01)	Loss Disc 6.8306e-01 (6.8743e-01)	Loss Pred 9.6890e-01 (9.8796e-01)	Loss TOTAL 1.3721e+00 (1.4192e+00)
Epoch: [3][ 40/112]	L_Src_Sup 1.9985e-01 (2.0618e-01)	L_Trg_Inj 3.5885e-01 (3.7842e-01)	Loss Disc 6.8647e-01 (6.8674e-01)	Loss Pred 9.5505e-01 (9.8170e-01)	Loss TOTAL 1.3541e+00 (1.4053e+00)
Epoch: [3][ 50/112]	L_Src_Sup 8.3094e-02 (2.1466e-01)	L_Trg_Inj 4.5199e-01 (3.8783e-01)	Loss Disc 6.8233e-01 (6.8674e-01)	Loss Pred 9.5108e-01 (9.7553e-01)	Loss TOTAL 1.3458e+00 (1.4032e+00)
Epoch: [3][ 60/112]	L_Src_Sup 2.5440e-01 (2.1736e-01)	L_Trg_Inj 3.4402e-01 (3.9052e-01)	Loss Disc 6.8974e-01 (6.8698e-01)	Loss Pred 9.3461e-01 (9.6951e-01)	Loss TOTAL 1.3393e+00 (1.3945e+00)
Epoch: [3][ 70/112]	L_Src_Sup 1.3300e-01 (2.1558e-01)	L_Trg_Inj 4.6043e-01 (3.9767e-01)	Loss Disc 6.8784e-01 (6.8702e-01)	Loss Pred 9.2270e-01 (9.6352e-01)	Loss TOTAL 1.3260e+00 (1.3872e+00)
Epoch: [3][ 80/112]	L_Src_Sup 0.0000e+00 (2.1833e-01)	L_Trg_Inj 5.9342e-01 (4.0176e-01)	Loss Disc 6.8357e-01 (6.8694e-01)	Loss Pred 9.0933e-01 (9.5783e-01)	Loss TOTAL 1.3105e+00 (1.3825e+00)
Epoch: [3][ 90/112]	L_Src_Sup 0.0000e+00 (2.1697e-01)	L_Trg_Inj 4.1588e-01 (4.0928e-01)	Loss Disc 6.8760e-01 (6.8689e-01)	Loss Pred 9.0234e-01 (9.5218e-01)	Loss TOTAL 1.2877e+00 (1.3762e+00)
Epoch: [3][100/112]	L_Src_Sup 2.2049e-01 (2.1579e-01)	L_Trg_Inj 4.1703e-01 (4.0857e-01)	Loss Disc 6.8807e-01 (6.8707e-01)	Loss Pred 8.8188e-01 (9.4659e-01)	Loss TOTAL 1.2897e+00 (1.3687e+00)
Epoch: [3][110/112]	L_Src_Sup 0.0000e+00 (2.1017e-01)	L_Trg_Inj 5.3384e-01 (4.0131e-01)	Loss Disc 6.8961e-01 (6.8734e-01)	Loss Pred 8.8334e-01 (9.4126e-01)	Loss TOTAL 1.2815e+00 (1.3616e+00)
Epoch: [3][112/112]	L_Src_Sup 3.3107e-01 (2.1032e-01)	L_Trg_Inj 6.3109e-01 (4.0376e-01)	Loss Disc 6.8663e-01 (6.8736e-01)	Loss Pred 8.7417e-01 (9.4018e-01)	Loss TOTAL 1.3137e+00 (1.3605e+00)
Epoch 3 complete. Saving model state...
Epoch: [4][ 10/112]	L_Src_Sup 1.1624e-01 (2.4761e-01)	L_Trg_Inj 4.5757e-01 (4.3294e-01)	Loss Disc 6.8664e-01 (6.8806e-01)	Loss Pred 8.7284e-01 (8.7391e-01)	Loss TOTAL 1.2735e+00 (1.3005e+00)
Epoch: [4][ 20/112]	L_Src_Sup 4.6039e-01 (2.0776e-01)	L_Trg_Inj 6.6413e-01 (4.4290e-01)	Loss Disc 6.8688e-01 (6.8802e-01)	Loss Pred 8.5905e-01 (8.6791e-01)	Loss TOTAL 1.3149e+00 (1.2898e+00)
Epoch: [4][ 30/112]	L_Src_Sup 1.3326e-01 (2.2639e-01)	L_Trg_Inj 4.3299e-01 (4.4828e-01)	Loss Disc 6.8869e-01 (6.8820e-01)	Loss Pred 8.4729e-01 (8.6352e-01)	Loss TOTAL 1.2483e+00 (1.2837e+00)
Epoch: [4][ 40/112]	L_Src_Sup 5.7497e-01 (2.2561e-01)	L_Trg_Inj 5.5955e-01 (4.4882e-01)	Loss Disc 6.8742e-01 (6.8834e-01)	Loss Pred 8.4576e-01 (8.5883e-01)	Loss TOTAL 1.3183e+00 (1.2834e+00)
Epoch: [4][ 50/112]	L_Src_Sup 0.0000e+00 (2.2054e-01)	L_Trg_Inj 3.3947e-01 (4.4688e-01)	Loss Disc 6.8897e-01 (6.8802e-01)	Loss Pred 8.2519e-01 (8.5333e-01)	Loss TOTAL 1.2036e+00 (1.2764e+00)
Epoch: [4][ 60/112]	L_Src_Sup 1.9058e-01 (2.2237e-01)	L_Trg_Inj 4.0628e-01 (4.4359e-01)	Loss Disc 6.8763e-01 (6.8801e-01)	Loss Pred 8.3396e-01 (8.4915e-01)	Loss TOTAL 1.2375e+00 (1.2748e+00)
Epoch: [4][ 70/112]	L_Src_Sup 2.2199e-01 (2.1948e-01)	L_Trg_Inj 5.5474e-01 (4.4600e-01)	Loss Disc 6.8432e-01 (6.8780e-01)	Loss Pred 8.1725e-01 (8.4455e-01)	Loss TOTAL 1.2371e+00 (1.2679e+00)
Epoch: [4][ 80/112]	L_Src_Sup 0.0000e+00 (2.2211e-01)	L_Trg_Inj 4.2574e-01 (4.4713e-01)	Loss Disc 6.8997e-01 (6.8789e-01)	Loss Pred 8.0171e-01 (8.4043e-01)	Loss TOTAL 1.1893e+00 (1.2634e+00)
Epoch: [4][ 90/112]	L_Src_Sup 3.9972e-01 (2.2049e-01)	L_Trg_Inj 4.3267e-01 (4.4643e-01)	Loss Disc 6.8839e-01 (6.8790e-01)	Loss Pred 7.9110e-01 (8.3563e-01)	Loss TOTAL 1.2185e+00 (1.2597e+00)
Epoch: [4][100/112]	L_Src_Sup 3.0771e-01 (2.1775e-01)	L_Trg_Inj 3.9334e-01 (4.3924e-01)	Loss Disc 6.8793e-01 (6.8809e-01)	Loss Pred 7.7606e-01 (8.3129e-01)	Loss TOTAL 1.1901e+00 (1.2531e+00)
Epoch: [4][110/112]	L_Src_Sup 9.3250e-01 (2.2227e-01)	L_Trg_Inj 5.8203e-01 (4.4152e-01)	Loss Disc 6.8892e-01 (6.8819e-01)	Loss Pred 7.5474e-01 (8.2591e-01)	Loss TOTAL 1.6011e+00 (1.2540e+00)
Epoch: [4][112/112]	L_Src_Sup 2.5166e-01 (2.2092e-01)	L_Trg_Inj 3.9759e-01 (4.4093e-01)	Loss Disc 6.9189e-01 (6.8825e-01)	Loss Pred 7.7621e-01 (8.2500e-01)	Loss TOTAL 1.1871e+00 (1.2526e+00)
Epoch 4 complete. Saving model state...
Epoch: [5][ 10/112]	L_Src_Sup 5.4809e-01 (2.3810e-01)	L_Trg_Inj 4.8883e-01 (3.1154e-01)	Loss Disc 6.9185e-01 (6.9182e-01)	Loss Pred 7.5381e-01 (7.6797e-01)	Loss TOTAL 1.2627e+00 (1.1806e+00)
Epoch: [5][ 20/112]	L_Src_Sup 1.3341e-01 (2.2398e-01)	L_Trg_Inj 4.7042e-01 (3.8525e-01)	Loss Disc 6.8666e-01 (6.9023e-01)	Loss Pred 7.5495e-01 (7.6377e-01)	Loss TOTAL 1.1587e+00 (1.1757e+00)
Epoch: [5][ 30/112]	L_Src_Sup 0.0000e+00 (2.1512e-01)	L_Trg_Inj 2.9413e-01 (3.8624e-01)	Loss Disc 6.9218e-01 (6.8972e-01)	Loss Pred 7.4240e-01 (7.6053e-01)	Loss TOTAL 1.1179e+00 (1.1705e+00)
Epoch: [5][ 40/112]	L_Src_Sup 0.0000e+00 (2.0570e-01)	L_Trg_Inj 4.0189e-01 (4.0852e-01)	Loss Disc 6.9009e-01 (6.8914e-01)	Loss Pred 7.1466e-01 (7.5623e-01)	Loss TOTAL 1.0999e+00 (1.1674e+00)
Epoch: [5][ 50/112]	L_Src_Sup 0.0000e+00 (2.0631e-01)	L_Trg_Inj 6.6806e-01 (4.1879e-01)	Loss Disc 6.8587e-01 (6.8908e-01)	Loss Pred 7.2653e-01 (7.5490e-01)	Loss TOTAL 1.1363e+00 (1.1677e+00)
Epoch: [5][ 60/112]	L_Src_Sup 1.4297e-01 (2.0284e-01)	L_Trg_Inj 4.6945e-01 (4.1511e-01)	Loss Disc 6.8907e-01 (6.8933e-01)	Loss Pred 7.1829e-01 (7.5069e-01)	Loss TOTAL 1.1241e+00 (1.1619e+00)
Epoch: [5][ 70/112]	L_Src_Sup 1.6683e-01 (2.0224e-01)	L_Trg_Inj 4.4188e-01 (4.2411e-01)	Loss Disc 6.9091e-01 (6.8938e-01)	Loss Pred 7.0146e-01 (7.4623e-01)	Loss TOTAL 1.1078e+00 (1.1585e+00)
Epoch: [5][ 80/112]	L_Src_Sup 0.0000e+00 (2.0315e-01)	L_Trg_Inj 5.7460e-01 (4.3370e-01)	Loss Disc 6.8682e-01 (6.8922e-01)	Loss Pred 7.0683e-01 (7.4219e-01)	Loss TOTAL 1.1077e+00 (1.1555e+00)
Epoch: [5][ 90/112]	L_Src_Sup 0.0000e+00 (2.0268e-01)	L_Trg_Inj 3.5867e-01 (4.3284e-01)	Loss Disc 6.9066e-01 (6.8927e-01)	Loss Pred 7.0866e-01 (7.3801e-01)	Loss TOTAL 1.0899e+00 (1.1506e+00)
Epoch: [5][100/112]	L_Src_Sup 2.5017e-01 (2.0357e-01)	L_Trg_Inj 4.0941e-01 (4.3257e-01)	Loss Disc 6.9132e-01 (6.8934e-01)	Loss Pred 6.9698e-01 (7.3483e-01)	Loss TOTAL 1.1086e+00 (1.1490e+00)
Epoch: [5][110/112]	L_Src_Sup 0.0000e+00 (2.0060e-01)	L_Trg_Inj 4.7500e-01 (4.3115e-01)	Loss Disc 6.9051e-01 (6.8947e-01)	Loss Pred 7.0452e-01 (7.3068e-01)	Loss TOTAL 1.0973e+00 (1.1439e+00)
Epoch: [5][112/112]	L_Src_Sup 3.6379e-01 (2.0225e-01)	L_Trg_Inj 4.4497e-01 (4.3131e-01)	Loss Disc 6.9019e-01 (6.8949e-01)	Loss Pred 6.6391e-01 (7.2980e-01)	Loss TOTAL 1.0899e+00 (1.1431e+00)
Epoch 5 complete. Saving model state...
Epoch: [6][ 10/112]	L_Src_Sup 2.6713e-01 (2.1025e-01)	L_Trg_Inj 4.6528e-01 (4.0782e-01)	Loss Disc 6.8824e-01 (6.9132e-01)	Loss Pred 6.7655e-01 (6.8799e-01)	Loss TOTAL 1.0939e+00 (1.0994e+00)
Epoch: [6][ 20/112]	L_Src_Sup 0.0000e+00 (1.4818e-01)	L_Trg_Inj 3.5262e-01 (4.1935e-01)	Loss Disc 6.9072e-01 (6.9090e-01)	Loss Pred 6.6435e-01 (6.8236e-01)	Loss TOTAL 1.0450e+00 (1.0865e+00)
Epoch: [6][ 30/112]	L_Src_Sup 3.1600e-01 (1.7950e-01)	L_Trg_Inj 3.6470e-01 (4.3265e-01)	Loss Disc 6.9146e-01 (6.9085e-01)	Loss Pred 6.8642e-01 (6.8031e-01)	Loss TOTAL 1.1002e+00 (1.0889e+00)
Epoch: [6][ 40/112]	L_Src_Sup 1.5489e-01 (1.7633e-01)	L_Trg_Inj 3.7734e-01 (4.3076e-01)	Loss Disc 6.8983e-01 (6.9032e-01)	Loss Pred 6.4545e-01 (6.7795e-01)	Loss TOTAL 1.0436e+00 (1.0853e+00)
Epoch: [6][ 50/112]	L_Src_Sup 2.2191e-01 (1.8084e-01)	L_Trg_Inj 4.8101e-01 (4.3489e-01)	Loss Disc 6.8811e-01 (6.9012e-01)	Loss Pred 6.1626e-01 (6.7364e-01)	Loss TOTAL 1.0306e+00 (1.0830e+00)
Epoch: [6][ 60/112]	L_Src_Sup 2.0005e-01 (2.0341e-01)	L_Trg_Inj 4.4798e-01 (4.3693e-01)	Loss Disc 6.8890e-01 (6.9004e-01)	Loss Pred 6.7135e-01 (6.6969e-01)	Loss TOTAL 1.0806e+00 (1.0881e+00)
Epoch: [6][ 70/112]	L_Src_Sup 1.5384e-01 (2.1049e-01)	L_Trg_Inj 5.1897e-01 (4.3630e-01)	Loss Disc 6.8870e-01 (6.8999e-01)	Loss Pred 6.2522e-01 (6.6720e-01)	Loss TOTAL 1.0369e+00 (1.0876e+00)
Epoch: [6][ 80/112]	L_Src_Sup 2.0004e-01 (2.1296e-01)	L_Trg_Inj 5.4441e-01 (4.3901e-01)	Loss Disc 6.8717e-01 (6.8991e-01)	Loss Pred 6.0037e-01 (6.6111e-01)	Loss TOTAL 1.0184e+00 (1.0817e+00)
Epoch: [6][ 90/112]	L_Src_Sup 0.0000e+00 (2.0980e-01)	L_Trg_Inj 5.4363e-01 (4.3668e-01)	Loss Disc 6.8847e-01 (6.8997e-01)	Loss Pred 6.1189e-01 (6.5789e-01)	Loss TOTAL 1.0105e+00 (1.0768e+00)
Epoch: [6][100/112]	L_Src_Sup 0.0000e+00 (1.9863e-01)	L_Trg_Inj 3.2350e-01 (4.3594e-01)	Loss Disc 6.9173e-01 (6.9004e-01)	Loss Pred 6.1187e-01 (6.5539e-01)	Loss TOTAL 9.9008e-01 (1.0722e+00)
Epoch: [6][110/112]	L_Src_Sup 2.8606e-01 (2.0051e-01)	L_Trg_Inj 4.1983e-01 (4.3671e-01)	Loss Disc 6.9030e-01 (6.9003e-01)	Loss Pred 6.4973e-01 (6.5152e-01)	Loss TOTAL 1.0655e+00 (1.0700e+00)
Epoch: [6][112/112]	L_Src_Sup 2.3575e-01 (2.0129e-01)	L_Trg_Inj 4.8153e-01 (4.3629e-01)	Loss Disc 6.8894e-01 (6.9005e-01)	Loss Pred 6.2333e-01 (6.5091e-01)	Loss TOTAL 1.0395e+00 (1.0692e+00)
Epoch 6 complete. Saving model state...
Epoch: [7][ 10/112]	L_Src_Sup 2.5004e-01 (2.2930e-01)	L_Trg_Inj 3.9149e-01 (3.9388e-01)	Loss Disc 6.9252e-01 (6.9139e-01)	Loss Pred 6.1137e-01 (6.1269e-01)	Loss TOTAL 1.0218e+00 (1.0258e+00)
Epoch: [7][ 20/112]	L_Src_Sup 1.8305e-01 (2.4916e-01)	L_Trg_Inj 4.1463e-01 (3.7349e-01)	Loss Disc 6.9096e-01 (6.9104e-01)	Loss Pred 5.7295e-01 (6.1050e-01)	Loss TOTAL 9.7819e-01 (1.0377e+00)
Epoch: [7][ 30/112]	L_Src_Sup 2.2221e-01 (2.4198e-01)	L_Trg_Inj 4.5241e-01 (4.1396e-01)	Loss Disc 6.8871e-01 (6.9016e-01)	Loss Pred 6.1360e-01 (6.0936e-01)	Loss TOTAL 1.0254e+00 (1.0373e+00)
Epoch: [7][ 40/112]	L_Src_Sup 2.2223e-01 (2.4116e-01)	L_Trg_Inj 4.8626e-01 (4.1858e-01)	Loss Disc 6.8798e-01 (6.8992e-01)	Loss Pred 6.0839e-01 (6.0784e-01)	Loss TOTAL 1.0232e+00 (1.0361e+00)
Epoch: [7][ 50/112]	L_Src_Sup 5.0010e-01 (2.5599e-01)	L_Trg_Inj 4.5070e-01 (4.2024e-01)	Loss Disc 6.8890e-01 (6.8987e-01)	Loss Pred 5.8963e-01 (6.0388e-01)	Loss TOTAL 1.0786e+00 (1.0427e+00)
Epoch: [7][ 60/112]	L_Src_Sup 2.1350e-01 (2.5134e-01)	L_Trg_Inj 4.0626e-01 (4.1828e-01)	Loss Disc 6.8925e-01 (6.8976e-01)	Loss Pred 5.9115e-01 (6.0091e-01)	Loss TOTAL 9.9775e-01 (1.0346e+00)
Epoch: [7][ 70/112]	L_Src_Sup 2.5006e-01 (2.3890e-01)	L_Trg_Inj 4.0449e-01 (4.1363e-01)	Loss Disc 6.8970e-01 (6.8974e-01)	Loss Pred 5.2103e-01 (5.9562e-01)	Loss TOTAL 9.3133e-01 (1.0259e+00)
Epoch: [7][ 80/112]	L_Src_Sup 3.6390e-01 (2.4812e-01)	L_Trg_Inj 4.2658e-01 (4.2101e-01)	Loss Disc 6.8873e-01 (6.8947e-01)	Loss Pred 5.3737e-01 (5.9150e-01)	Loss TOTAL 9.6078e-01 (1.0239e+00)
Epoch: [7][ 90/112]	L_Src_Sup 1.2521e-01 (2.4435e-01)	L_Trg_Inj 4.8299e-01 (4.2526e-01)	Loss Disc 6.8566e-01 (6.8922e-01)	Loss Pred 5.6806e-01 (5.8843e-01)	Loss TOTAL 9.7171e-01 (1.0194e+00)
Epoch: [7][100/112]	L_Src_Sup 4.0514e-01 (2.4158e-01)	L_Trg_Inj 4.4723e-01 (4.2614e-01)	Loss Disc 6.8646e-01 (6.8902e-01)	Loss Pred 5.5603e-01 (5.8666e-01)	Loss TOTAL 9.8450e-01 (1.0166e+00)
Epoch: [7][110/112]	L_Src_Sup 1.1111e-01 (2.3633e-01)	L_Trg_Inj 3.8906e-01 (4.2589e-01)	Loss Disc 6.8805e-01 (6.8890e-01)	Loss Pred 5.7385e-01 (5.8528e-01)	Loss TOTAL 9.6789e-01 (1.0129e+00)
Epoch: [7][112/112]	L_Src_Sup 2.8835e-01 (2.3888e-01)	L_Trg_Inj 4.2062e-01 (4.2538e-01)	Loss Disc 6.8704e-01 (6.8887e-01)	Loss Pred 5.9596e-01 (5.8520e-01)	Loss TOTAL 1.0104e+00 (1.0136e+00)
Epoch 7 complete. Saving model state...
Epoch: [8][ 10/112]	L_Src_Sup 2.2235e-01 (1.7662e-01)	L_Trg_Inj 3.7266e-01 (4.1666e-01)	Loss Disc 6.8842e-01 (6.8717e-01)	Loss Pred 5.6856e-01 (5.5826e-01)	Loss TOTAL 9.7227e-01 (9.7923e-01)
Epoch: [8][ 20/112]	L_Src_Sup 3.7584e-01 (2.0309e-01)	L_Trg_Inj 4.4696e-01 (4.2501e-01)	Loss Disc 6.8712e-01 (6.8700e-01)	Loss Pred 5.4862e-01 (5.5325e-01)	Loss TOTAL 9.7446e-01 (9.6970e-01)
Epoch: [8][ 30/112]	L_Src_Sup 2.2228e-01 (2.1182e-01)	L_Trg_Inj 3.1418e-01 (4.1455e-01)	Loss Disc 6.8807e-01 (6.8708e-01)	Loss Pred 5.6018e-01 (5.5143e-01)	Loss TOTAL 9.5787e-01 (9.6989e-01)
Epoch: [8][ 40/112]	L_Src_Sup 2.1056e-01 (2.3310e-01)	L_Trg_Inj 4.5798e-01 (4.3433e-01)	Loss Disc 6.8488e-01 (6.8659e-01)	Loss Pred 5.6509e-01 (5.4782e-01)	Loss TOTAL 9.7438e-01 (9.7428e-01)
Epoch: [8][ 50/112]	L_Src_Sup 1.2068e-01 (2.2097e-01)	L_Trg_Inj 4.1571e-01 (4.3690e-01)	Loss Disc 6.9090e-01 (6.8699e-01)	Loss Pred 5.4429e-01 (5.4422e-01)	Loss TOTAL 9.4337e-01 (9.6680e-01)
Epoch: [8][ 60/112]	L_Src_Sup 1.2508e-01 (2.0311e-01)	L_Trg_Inj 4.8209e-01 (4.3086e-01)	Loss Disc 6.8547e-01 (6.8725e-01)	Loss Pred 5.3090e-01 (5.4249e-01)	Loss TOTAL 9.3435e-01 (9.6060e-01)
Epoch: [8][ 70/112]	L_Src_Sup 3.5300e-01 (1.9676e-01)	L_Trg_Inj 2.4749e-01 (4.2599e-01)	Loss Disc 6.9124e-01 (6.8725e-01)	Loss Pred 5.3564e-01 (5.4052e-01)	Loss TOTAL 1.0468e+00 (9.5743e-01)
Epoch: [8][ 80/112]	L_Src_Sup 0.0000e+00 (1.9967e-01)	L_Trg_Inj 4.8688e-01 (4.2144e-01)	Loss Disc 6.8432e-01 (6.8725e-01)	Loss Pred 4.5400e-01 (5.3711e-01)	Loss TOTAL 8.4485e-01 (9.5352e-01)
Epoch: [8][ 90/112]	L_Src_Sup 2.0018e-01 (2.0010e-01)	L_Trg_Inj 4.1857e-01 (4.2196e-01)	Loss Disc 6.8622e-01 (6.8723e-01)	Loss Pred 5.5351e-01 (5.3584e-01)	Loss TOTAL 9.5850e-01 (9.5292e-01)
Epoch: [8][100/112]	L_Src_Sup 1.6781e-01 (1.9924e-01)	L_Trg_Inj 4.0604e-01 (4.2248e-01)	Loss Disc 6.8682e-01 (6.8718e-01)	Loss Pred 4.7949e-01 (5.3301e-01)	Loss TOTAL 8.8029e-01 (9.5095e-01)
Epoch: [8][110/112]	L_Src_Sup 2.6713e-01 (1.9812e-01)	L_Trg_Inj 5.1081e-01 (4.2608e-01)	Loss Disc 6.8388e-01 (6.8700e-01)	Loss Pred 5.0191e-01 (5.3266e-01)	Loss TOTAL 9.2164e-01 (9.4965e-01)
Epoch: [8][112/112]	L_Src_Sup 3.7533e-01 (2.0017e-01)	L_Trg_Inj 2.9080e-01 (4.2452e-01)	Loss Disc 6.9144e-01 (6.8706e-01)	Loss Pred 5.1000e-01 (5.3226e-01)	Loss TOTAL 1.0069e+00 (9.4988e-01)
Epoch 8 complete. Saving model state...
Epoch: [9][ 10/112]	L_Src_Sup 1.5393e-01 (1.8497e-01)	L_Trg_Inj 4.1469e-01 (4.5921e-01)	Loss Disc 6.8712e-01 (6.8521e-01)	Loss Pred 4.7935e-01 (5.0607e-01)	Loss TOTAL 8.7977e-01 (9.1309e-01)
Epoch: [9][ 20/112]	L_Src_Sup 0.0000e+00 (1.5229e-01)	L_Trg_Inj 4.0567e-01 (4.4736e-01)	Loss Disc 6.8819e-01 (6.8570e-01)	Loss Pred 5.1164e-01 (5.0557e-01)	Loss TOTAL 8.9631e-01 (9.1225e-01)
Epoch: [9][ 30/112]	L_Src_Sup 1.4537e-01 (1.4422e-01)	L_Trg_Inj 5.0462e-01 (4.4923e-01)	Loss Disc 6.8432e-01 (6.8588e-01)	Loss Pred 4.8071e-01 (5.0194e-01)	Loss TOTAL 8.8786e-01 (9.0952e-01)
Epoch: [9][ 40/112]	L_Src_Sup 0.0000e+00 (1.5341e-01)	L_Trg_Inj 5.1685e-01 (4.3371e-01)	Loss Disc 6.8474e-01 (6.8647e-01)	Loss Pred 4.4871e-01 (5.0044e-01)	Loss TOTAL 8.4277e-01 (9.0798e-01)
Epoch: [9][ 50/112]	L_Src_Sup 0.0000e+00 (1.6800e-01)	L_Trg_Inj 5.9473e-01 (4.3457e-01)	Loss Disc 6.8248e-01 (6.8653e-01)	Loss Pred 5.0133e-01 (4.9863e-01)	Loss TOTAL 9.0204e-01 (9.0998e-01)
Epoch: [9][ 60/112]	L_Src_Sup 6.0059e-01 (1.7271e-01)	L_Trg_Inj 3.8212e-01 (4.2742e-01)	Loss Disc 6.8831e-01 (6.8676e-01)	Loss Pred 4.3105e-01 (4.9352e-01)	Loss TOTAL 1.0919e+00 (9.0708e-01)
Epoch: [9][ 70/112]	L_Src_Sup 3.0010e-01 (1.7918e-01)	L_Trg_Inj 2.9377e-01 (4.1256e-01)	Loss Disc 6.8935e-01 (6.8710e-01)	Loss Pred 5.2332e-01 (4.9280e-01)	Loss TOTAL 9.3372e-01 (9.0650e-01)
Epoch: [9][ 80/112]	L_Src_Sup 2.5004e-01 (1.8595e-01)	L_Trg_Inj 3.2579e-01 (4.1499e-01)	Loss Disc 6.9100e-01 (6.8713e-01)	Loss Pred 4.8206e-01 (4.9055e-01)	Loss TOTAL 8.8514e-01 (9.0549e-01)
Epoch: [9][ 90/112]	L_Src_Sup 3.0791e-01 (1.9134e-01)	L_Trg_Inj 4.5532e-01 (4.1950e-01)	Loss Disc 6.8541e-01 (6.8699e-01)	Loss Pred 4.4902e-01 (4.9164e-01)	Loss TOTAL 8.6805e-01 (9.0802e-01)
Epoch: [9][100/112]	L_Src_Sup 2.6677e-01 (1.9839e-01)	L_Trg_Inj 4.0567e-01 (4.2042e-01)	Loss Disc 6.8765e-01 (6.8695e-01)	Loss Pred 4.6526e-01 (4.8994e-01)	Loss TOTAL 8.7633e-01 (9.0676e-01)
Epoch: [9][110/112]	L_Src_Sup 2.8579e-01 (2.0170e-01)	L_Trg_Inj 3.2266e-01 (4.2319e-01)	Loss Disc 6.8938e-01 (6.8687e-01)	Loss Pred 4.5218e-01 (4.8917e-01)	Loss TOTAL 8.5772e-01 (9.0551e-01)
Epoch: [9][112/112]	L_Src_Sup 1.3334e-01 (1.9929e-01)	L_Trg_Inj 1.9684e-01 (4.1953e-01)	Loss Disc 6.9290e-01 (6.8695e-01)	Loss Pred 4.6190e-01 (4.8859e-01)	Loss TOTAL 8.4136e-01 (9.0418e-01)
Epoch 9 complete. Saving model state...
Epoch: [10][ 10/112]	L_Src_Sup 1.8253e-01 (1.6635e-01)	L_Trg_Inj 4.5328e-01 (3.8619e-01)	Loss Disc 6.8775e-01 (6.8802e-01)	Loss Pred 4.1827e-01 (4.6517e-01)	Loss TOTAL 8.2573e-01 (8.9972e-01)
Epoch: [10][ 20/112]	L_Src_Sup 0.0000e+00 (1.9621e-01)	L_Trg_Inj 3.8468e-01 (4.2765e-01)	Loss Disc 6.8819e-01 (6.8822e-01)	Loss Pred 4.3526e-01 (4.6596e-01)	Loss TOTAL 8.1782e-01 (8.9256e-01)
Epoch: [10][ 30/112]	L_Src_Sup 1.0530e-01 (1.8809e-01)	L_Trg_Inj 5.6120e-01 (4.3596e-01)	Loss Disc 6.8287e-01 (6.8755e-01)	Loss Pred 4.9350e-01 (4.6530e-01)	Loss TOTAL 9.0159e-01 (8.8489e-01)
Epoch: [10][ 40/112]	L_Src_Sup 2.3580e-01 (1.8992e-01)	L_Trg_Inj 2.8625e-01 (4.2933e-01)	Loss Disc 6.9138e-01 (6.8757e-01)	Loss Pred 4.7027e-01 (4.6968e-01)	Loss TOTAL 8.6817e-01 (8.8544e-01)
Epoch: [10][ 50/112]	L_Src_Sup 0.0000e+00 (2.0068e-01)	L_Trg_Inj 4.9925e-01 (4.3201e-01)	Loss Disc 6.8467e-01 (6.8740e-01)	Loss Pred 3.9427e-01 (4.7014e-01)	Loss TOTAL 7.8653e-01 (8.9437e-01)
Epoch: [10][ 60/112]	L_Src_Sup 5.3450e-01 (2.0366e-01)	L_Trg_Inj 4.2728e-01 (4.4023e-01)	Loss Disc 6.8715e-01 (6.8704e-01)	Loss Pred 4.4364e-01 (4.6332e-01)	Loss TOTAL 9.9062e-01 (8.8823e-01)
Epoch: [10][ 70/112]	L_Src_Sup 1.2502e-01 (2.0778e-01)	L_Trg_Inj 2.4976e-01 (4.3913e-01)	Loss Disc 6.9169e-01 (6.8695e-01)	Loss Pred 4.5174e-01 (4.5983e-01)	Loss TOTAL 8.3506e-01 (8.8257e-01)
Epoch: [10][ 80/112]	L_Src_Sup 0.0000e+00 (2.1178e-01)	L_Trg_Inj 4.5300e-01 (4.2747e-01)	Loss Disc 6.8511e-01 (6.8718e-01)	Loss Pred 3.8404e-01 (4.5741e-01)	Loss TOTAL 7.7190e-01 (8.8593e-01)
Epoch: [10][ 90/112]	L_Src_Sup 2.3103e-01 (2.0893e-01)	L_Trg_Inj 3.9104e-01 (4.2445e-01)	Loss Disc 6.8786e-01 (6.8721e-01)	Loss Pred 5.5509e-01 (4.5883e-01)	Loss TOTAL 9.6123e-01 (8.8444e-01)
Epoch: [10][100/112]	L_Src_Sup 5.7198e-01 (2.0489e-01)	L_Trg_Inj 4.1839e-01 (4.2634e-01)	Loss Disc 6.8699e-01 (6.8714e-01)	Loss Pred 4.2189e-01 (4.5745e-01)	Loss TOTAL 1.0180e+00 (8.8248e-01)
Epoch: [10][110/112]	L_Src_Sup 1.8186e-01 (2.0763e-01)	L_Trg_Inj 3.8347e-01 (4.2695e-01)	Loss Disc 6.8846e-01 (6.8712e-01)	Loss Pred 3.8598e-01 (4.5499e-01)	Loss TOTAL 7.8674e-01 (8.7961e-01)
Epoch: [10][112/112]	L_Src_Sup 3.6374e-01 (2.0973e-01)	L_Trg_Inj 3.9112e-01 (4.2634e-01)	Loss Disc 6.8805e-01 (6.8714e-01)	Loss Pred 3.8539e-01 (4.5404e-01)	Loss TOTAL 8.0490e-01 (8.7851e-01)
Epoch 10 complete. Saving model state...
Epoch: [11][ 10/112]	L_Src_Sup 2.5004e-01 (3.5656e-01)	L_Trg_Inj 5.6160e-01 (6.1707e-01)	Loss Disc 6.8371e-01 (6.8788e-01)	Loss Pred 3.4916e-01 (4.2630e-01)	Loss TOTAL 7.7218e-01 (9.0352e-01)
Epoch: [11][ 20/112]	L_Src_Sup 2.3541e-01 (2.8519e-01)	L_Trg_Inj 3.5144e-01 (5.0322e-01)	Loss Disc 6.8936e-01 (6.8794e-01)	Loss Pred 4.4729e-01 (4.2949e-01)	Loss TOTAL 8.5066e-01 (8.7654e-01)
Epoch: [11][ 30/112]	L_Src_Sup 1.1129e-01 (2.6230e-01)	L_Trg_Inj 3.9004e-01 (4.8797e-01)	Loss Disc 6.8850e-01 (6.8730e-01)	Loss Pred 4.5640e-01 (4.3276e-01)	Loss TOTAL 8.5078e-01 (8.7044e-01)
Epoch: [11][ 40/112]	L_Src_Sup 0.0000e+00 (2.4085e-01)	L_Trg_Inj 3.7426e-01 (4.6448e-01)	Loss Disc 6.8884e-01 (6.8748e-01)	Loss Pred 4.8865e-01 (4.3353e-01)	Loss TOTAL 8.7050e-01 (8.6205e-01)
Epoch: [11][ 50/112]	L_Src_Sup 0.0000e+00 (2.2710e-01)	L_Trg_Inj 3.8920e-01 (4.5965e-01)	Loss Disc 6.8861e-01 (6.8737e-01)	Loss Pred 3.8292e-01 (4.3055e-01)	Loss TOTAL 7.6615e-01 (8.5618e-01)
Epoch: [11][ 60/112]	L_Src_Sup 1.0004e-01 (2.1789e-01)	L_Trg_Inj 4.6828e-01 (4.5887e-01)	Loss Disc 6.8579e-01 (6.8720e-01)	Loss Pred 4.7365e-01 (4.3206e-01)	Loss TOTAL 8.7338e-01 (8.5576e-01)
Epoch: [11][ 70/112]	L_Src_Sup 5.8844e-01 (2.1217e-01)	L_Trg_Inj 5.0124e-01 (4.5673e-01)	Loss Disc 6.8528e-01 (6.8715e-01)	Loss Pred 4.3671e-01 (4.3201e-01)	Loss TOTAL 9.7553e-01 (8.5439e-01)
Epoch: [11][ 80/112]	L_Src_Sup 4.7111e-01 (2.1584e-01)	L_Trg_Inj 4.6614e-01 (4.5468e-01)	Loss Disc 6.8582e-01 (6.8711e-01)	Loss Pred 4.3469e-01 (4.3114e-01)	Loss TOTAL 8.7630e-01 (8.5548e-01)
Epoch: [11][ 90/112]	L_Src_Sup 2.0022e-01 (2.1612e-01)	L_Trg_Inj 4.5191e-01 (4.5585e-01)	Loss Disc 6.8621e-01 (6.8700e-01)	Loss Pred 3.4958e-01 (4.3063e-01)	Loss TOTAL 7.5790e-01 (8.5383e-01)
Epoch: [11][100/112]	L_Src_Sup 3.0010e-01 (2.1156e-01)	L_Trg_Inj 4.7960e-01 (4.5479e-01)	Loss Disc 6.8549e-01 (6.8696e-01)	Loss Pred 4.6685e-01 (4.2836e-01)	Loss TOTAL 8.8757e-01 (8.4972e-01)
Epoch: [11][110/112]	L_Src_Sup 2.5013e-01 (2.1369e-01)	L_Trg_Inj 2.8106e-01 (4.4774e-01)	Loss Disc 6.9045e-01 (6.8702e-01)	Loss Pred 4.1724e-01 (4.2698e-01)	Loss TOTAL 8.1558e-01 (8.4838e-01)
Epoch: [11][112/112]	L_Src_Sup 1.3333e-01 (2.1285e-01)	L_Trg_Inj 3.5296e-01 (4.4525e-01)	Loss Disc 6.8930e-01 (6.8708e-01)	Loss Pred 4.0471e-01 (4.2605e-01)	Loss TOTAL 7.9799e-01 (8.4693e-01)
Epoch 11 complete. Saving model state...
Epoch: [12][ 10/112]	L_Src_Sup 2.4979e-01 (2.3871e-01)	L_Trg_Inj 4.4074e-01 (4.0416e-01)	Loss Disc 6.8745e-01 (6.8880e-01)	Loss Pred 3.1755e-01 (4.1601e-01)	Loss TOTAL 7.3032e-01 (8.5468e-01)
Epoch: [12][ 20/112]	L_Src_Sup 2.0018e-01 (2.1156e-01)	L_Trg_Inj 4.9815e-01 (4.1581e-01)	Loss Disc 6.8520e-01 (6.8787e-01)	Loss Pred 4.6191e-01 (4.1308e-01)	Loss TOTAL 8.7434e-01 (8.4823e-01)
Epoch: [12][ 30/112]	L_Src_Sup 0.0000e+00 (1.8209e-01)	L_Trg_Inj 4.8390e-01 (4.2434e-01)	Loss Disc 6.8525e-01 (6.8746e-01)	Loss Pred 4.9756e-01 (4.1391e-01)	Loss TOTAL 8.8857e-01 (8.3727e-01)
Epoch: [12][ 40/112]	L_Src_Sup 3.3347e-01 (1.7974e-01)	L_Trg_Inj 3.7234e-01 (4.3189e-01)	Loss Disc 6.8862e-01 (6.8714e-01)	Loss Pred 4.3426e-01 (4.1297e-01)	Loss TOTAL 8.4915e-01 (8.3194e-01)
Epoch: [12][ 50/112]	L_Src_Sup 2.8578e-01 (1.7927e-01)	L_Trg_Inj 2.7748e-01 (4.2317e-01)	Loss Disc 6.9033e-01 (6.8733e-01)	Loss Pred 3.8282e-01 (4.1207e-01)	Loss TOTAL 7.9260e-01 (8.3026e-01)
Epoch: [12][ 60/112]	L_Src_Sup 2.5027e-01 (1.6956e-01)	L_Trg_Inj 3.9165e-01 (4.3090e-01)	Loss Disc 6.8858e-01 (6.8699e-01)	Loss Pred 4.0600e-01 (4.1099e-01)	Loss TOTAL 8.1449e-01 (8.2643e-01)
Epoch: [12][ 70/112]	L_Src_Sup 0.0000e+00 (1.7719e-01)	L_Trg_Inj 5.5537e-01 (4.3563e-01)	Loss Disc 6.8207e-01 (6.8681e-01)	Loss Pred 4.6778e-01 (4.1142e-01)	Loss TOTAL 8.6435e-01 (8.2630e-01)
Epoch: [12][ 80/112]	L_Src_Sup 1.1774e-01 (1.7964e-01)	L_Trg_Inj 3.8694e-01 (4.3216e-01)	Loss Disc 6.8795e-01 (6.8690e-01)	Loss Pred 4.1553e-01 (4.0931e-01)	Loss TOTAL 8.0997e-01 (8.2287e-01)
Epoch: [12][ 90/112]	L_Src_Sup 1.3340e-01 (1.7801e-01)	L_Trg_Inj 4.2248e-01 (4.2697e-01)	Loss Disc 6.8677e-01 (6.8703e-01)	Loss Pred 3.8834e-01 (4.0906e-01)	Loss TOTAL 7.8731e-01 (8.2100e-01)
Epoch: [12][100/112]	L_Src_Sup 2.2303e-01 (1.8819e-01)	L_Trg_Inj 3.9080e-01 (4.2872e-01)	Loss Disc 6.8909e-01 (6.8698e-01)	Loss Pred 4.2612e-01 (4.0769e-01)	Loss TOTAL 8.3205e-01 (8.2102e-01)
Epoch: [12][110/112]	L_Src_Sup 1.2557e-01 (1.8664e-01)	L_Trg_Inj 4.3676e-01 (4.2991e-01)	Loss Disc 6.8586e-01 (6.8698e-01)	Loss Pred 3.9802e-01 (4.0563e-01)	Loss TOTAL 7.9718e-01 (8.1841e-01)
Epoch: [12][112/112]	L_Src_Sup 1.4285e-01 (1.8578e-01)	L_Trg_Inj 3.5919e-01 (4.3004e-01)	Loss Disc 6.8842e-01 (6.8697e-01)	Loss Pred 3.7166e-01 (4.0514e-01)	Loss TOTAL 7.6607e-01 (8.1770e-01)
Epoch 12 complete. Saving model state...
Epoch: [13][ 10/112]	L_Src_Sup 1.6689e-01 (1.6747e-01)	L_Trg_Inj 4.9807e-01 (4.3189e-01)	Loss Disc 6.8495e-01 (6.8678e-01)	Loss Pred 3.4360e-01 (3.8371e-01)	Loss TOTAL 7.5257e-01 (7.8704e-01)
Epoch: [13][ 20/112]	L_Src_Sup 1.0547e-01 (1.5703e-01)	L_Trg_Inj 5.2556e-01 (4.4280e-01)	Loss Disc 6.8366e-01 (6.8646e-01)	Loss Pred 4.3392e-01 (3.8684e-01)	Loss TOTAL 8.3886e-01 (7.9005e-01)
Epoch: [13][ 30/112]	L_Src_Sup 2.5010e-01 (1.7797e-01)	L_Trg_Inj 4.7147e-01 (4.3803e-01)	Loss Disc 6.8556e-01 (6.8658e-01)	Loss Pred 3.9282e-01 (3.8868e-01)	Loss TOTAL 8.0776e-01 (7.9617e-01)
Epoch: [13][ 40/112]	L_Src_Sup 2.5033e-01 (1.7912e-01)	L_Trg_Inj 5.2804e-01 (4.3462e-01)	Loss Disc 6.8360e-01 (6.8668e-01)	Loss Pred 3.9116e-01 (3.9048e-01)	Loss TOTAL 8.1080e-01 (7.9715e-01)
Epoch: [13][ 50/112]	L_Src_Sup 1.3339e-01 (1.7916e-01)	L_Trg_Inj 3.7286e-01 (4.3201e-01)	Loss Disc 6.8855e-01 (6.8674e-01)	Loss Pred 3.7521e-01 (3.8580e-01)	Loss TOTAL 7.7011e-01 (7.9536e-01)
Epoch: [13][ 60/112]	L_Src_Sup 2.6866e-01 (1.8186e-01)	L_Trg_Inj 4.3553e-01 (4.3150e-01)	Loss Disc 6.8699e-01 (6.8674e-01)	Loss Pred 3.6996e-01 (3.8932e-01)	Loss TOTAL 7.8388e-01 (7.9825e-01)
Epoch: [13][ 70/112]	L_Src_Sup 4.7686e-01 (1.8473e-01)	L_Trg_Inj 5.2492e-01 (4.3019e-01)	Loss Disc 6.8426e-01 (6.8684e-01)	Loss Pred 3.9417e-01 (3.9005e-01)	Loss TOTAL 8.3648e-01 (8.0030e-01)
Epoch: [13][ 80/112]	L_Src_Sup 2.2233e-01 (1.8553e-01)	L_Trg_Inj 4.4441e-01 (4.3018e-01)	Loss Disc 6.8591e-01 (6.8679e-01)	Loss Pred 3.9524e-01 (3.8749e-01)	Loss TOTAL 8.0487e-01 (7.9796e-01)
Epoch: [13][ 90/112]	L_Src_Sup 2.0363e-01 (1.8991e-01)	L_Trg_Inj 4.7184e-01 (4.2900e-01)	Loss Disc 6.8148e-01 (6.8656e-01)	Loss Pred 4.1553e-01 (3.8643e-01)	Loss TOTAL 8.2381e-01 (7.9774e-01)
Epoch: [13][100/112]	L_Src_Sup 8.0076e-01 (2.0941e-01)	L_Trg_Inj 5.4045e-01 (4.4467e-01)	Loss Disc 6.7207e-01 (6.8612e-01)	Loss Pred 3.5087e-01 (3.8228e-01)	Loss TOTAL 1.0813e+00 (7.9977e-01)
Epoch: [13][110/112]	L_Src_Sup 2.0013e-01 (2.1263e-01)	L_Trg_Inj 4.8410e-01 (4.4527e-01)	Loss Disc 7.0402e-01 (6.8553e-01)	Loss Pred 2.9096e-01 (3.7971e-01)	Loss TOTAL 7.1139e-01 (7.9665e-01)
Epoch: [13][112/112]	L_Src_Sup 9.0995e-02 (2.1377e-01)	L_Trg_Inj 4.3701e-01 (4.4554e-01)	Loss Disc 6.7880e-01 (6.8552e-01)	Loss Pred 4.3276e-01 (3.7971e-01)	Loss TOTAL 8.2496e-01 (7.9664e-01)
Epoch 13 complete. Saving model state...
Epoch: [14][ 10/112]	L_Src_Sup 1.1111e-01 (1.7189e-01)	L_Trg_Inj 4.0826e-01 (4.2743e-01)	Loss Disc 6.8369e-01 (6.8687e-01)	Loss Pred 3.8136e-01 (3.4639e-01)	Loss TOTAL 7.7515e-01 (7.6235e-01)
Epoch: [14][ 20/112]	L_Src_Sup 3.7411e-01 (2.2610e-01)	L_Trg_Inj 2.9767e-01 (4.3351e-01)	Loss Disc 6.8794e-01 (6.8367e-01)	Loss Pred 3.5439e-01 (3.4752e-01)	Loss TOTAL 8.4197e-01 (7.7505e-01)
Epoch: [14][ 30/112]	L_Src_Sup 2.6689e-01 (2.1663e-01)	L_Trg_Inj 4.2159e-01 (4.3316e-01)	Loss Disc 6.8581e-01 (6.8666e-01)	Loss Pred 3.3918e-01 (3.4751e-01)	Loss TOTAL 7.5093e-01 (7.6898e-01)
Epoch: [14][ 40/112]	L_Src_Sup 4.4554e-01 (2.0557e-01)	L_Trg_Inj 2.9427e-01 (4.3274e-01)	Loss Disc 6.7630e-01 (6.8532e-01)	Loss Pred 3.7300e-01 (3.5214e-01)	Loss TOTAL 9.3640e-01 (7.7232e-01)
Epoch: [14][ 50/112]	L_Src_Sup 1.5464e-01 (1.9956e-01)	L_Trg_Inj 4.3800e-01 (4.3861e-01)	Loss Disc 6.8313e-01 (6.8452e-01)	Loss Pred 3.0998e-01 (3.4777e-01)	Loss TOTAL 7.1081e-01 (7.6668e-01)
Epoch: [14][ 60/112]	L_Src_Sup 4.6277e-01 (2.1136e-01)	L_Trg_Inj 4.9459e-01 (4.4484e-01)	Loss Disc 6.9218e-01 (6.8663e-01)	Loss Pred 3.1758e-01 (3.4870e-01)	Loss TOTAL 7.5941e-01 (7.7061e-01)
Epoch: [14][ 70/112]	L_Src_Sup 0.0000e+00 (2.2685e-01)	L_Trg_Inj 5.6222e-01 (4.6030e-01)	Loss Disc 6.8663e-01 (6.8694e-01)	Loss Pred 3.2168e-01 (3.4851e-01)	Loss TOTAL 7.2122e-01 (7.8117e-01)
Epoch: [14][ 80/112]	L_Src_Sup 1.4297e-01 (2.2895e-01)	L_Trg_Inj 5.2571e-01 (4.6763e-01)	Loss Disc 6.7631e-01 (6.8585e-01)	Loss Pred 3.1713e-01 (3.4778e-01)	Loss TOTAL 7.2216e-01 (7.7874e-01)
Epoch: [14][ 90/112]	L_Src_Sup 1.1112e-01 (2.1846e-01)	L_Trg_Inj 6.4945e-01 (4.7935e-01)	Loss Disc 6.6981e-01 (6.8446e-01)	Loss Pred 3.6530e-01 (3.4663e-01)	Loss TOTAL 7.7626e-01 (7.7498e-01)
Epoch: [14][100/112]	L_Src_Sup 1.0556e-01 (2.1208e-01)	L_Trg_Inj 3.7588e-01 (4.7786e-01)	Loss Disc 6.6749e-01 (6.8300e-01)	Loss Pred 3.7562e-01 (3.4790e-01)	Loss TOTAL 7.5751e-01 (7.7309e-01)
Epoch: [14][110/112]	L_Src_Sup 2.2356e-01 (2.1280e-01)	L_Trg_Inj 4.1959e-01 (4.7366e-01)	Loss Disc 6.8889e-01 (6.8210e-01)	Loss Pred 3.6377e-01 (3.4776e-01)	Loss TOTAL 7.7253e-01 (7.7083e-01)
Epoch: [14][112/112]	L_Src_Sup 0.0000e+00 (2.1177e-01)	L_Trg_Inj 4.0605e-01 (4.7274e-01)	Loss Disc 7.8443e-01 (6.8349e-01)	Loss Pred 2.3728e-01 (3.4649e-01)	Loss TOTAL 6.7010e-01 (7.6981e-01)
Epoch 14 complete. Saving model state...
Epoch: [15][ 10/112]	L_Src_Sup 0.0000e+00 (1.4771e-01)	L_Trg_Inj 4.6219e-01 (4.0755e-01)	Loss Disc 6.9124e-01 (7.1254e-01)	Loss Pred 2.7373e-01 (3.5429e-01)	Loss TOTAL 6.6557e-01 (7.6608e-01)
Epoch: [15][ 20/112]	L_Src_Sup 2.5032e-01 (2.3147e-01)	L_Trg_Inj 3.6280e-01 (4.0987e-01)	Loss Disc 6.8702e-01 (7.0076e-01)	Loss Pred 3.3524e-01 (3.4499e-01)	Loss TOTAL 7.4007e-01 (7.6528e-01)
Epoch: [15][ 30/112]	L_Src_Sup 1.3305e-01 (2.5260e-01)	L_Trg_Inj 3.7748e-01 (4.3109e-01)	Loss Disc 6.8578e-01 (6.9631e-01)	Loss Pred 3.2067e-01 (3.4064e-01)	Loss TOTAL 7.1461e-01 (7.6101e-01)
Epoch: [15][ 40/112]	L_Src_Sup 2.2364e-01 (2.2569e-01)	L_Trg_Inj 2.2885e-01 (4.2613e-01)	Loss Disc 6.9549e-01 (6.9452e-01)	Loss Pred 3.5788e-01 (3.3892e-01)	Loss TOTAL 7.5088e-01 (7.5425e-01)
Epoch: [15][ 50/112]	L_Src_Sup 3.7415e-01 (2.2396e-01)	L_Trg_Inj 3.7630e-01 (4.1829e-01)	Loss Disc 6.8382e-01 (6.9363e-01)	Loss Pred 3.3067e-01 (3.3405e-01)	Loss TOTAL 7.4763e-01 (7.4847e-01)
Epoch: [15][ 60/112]	L_Src_Sup 0.0000e+00 (2.1226e-01)	L_Trg_Inj 4.3762e-01 (4.1746e-01)	Loss Disc 6.8417e-01 (6.9228e-01)	Loss Pred 3.0375e-01 (3.3383e-01)	Loss TOTAL 6.8959e-01 (7.4576e-01)
Epoch: [15][ 70/112]	L_Src_Sup 0.0000e+00 (1.9324e-01)	L_Trg_Inj 4.5326e-01 (4.1965e-01)	Loss Disc 6.8299e-01 (6.9121e-01)	Loss Pred 3.6585e-01 (3.3416e-01)	Loss TOTAL 7.5267e-01 (7.4347e-01)
Epoch: [15][ 80/112]	L_Src_Sup 3.5366e-01 (1.9772e-01)	L_Trg_Inj 5.0147e-01 (4.2159e-01)	Loss Disc 6.8342e-01 (6.9090e-01)	Loss Pred 3.3964e-01 (3.3140e-01)	Loss TOTAL 7.6686e-01 (7.4445e-01)
Epoch: [15][ 90/112]	L_Src_Sup 2.0869e-01 (1.9476e-01)	L_Trg_Inj 3.9086e-01 (4.2328e-01)	Loss Disc 6.8563e-01 (6.9044e-01)	Loss Pred 3.6518e-01 (3.3145e-01)	Loss TOTAL 7.6796e-01 (7.4351e-01)
Epoch: [15][100/112]	L_Src_Sup 0.0000e+00 (1.8758e-01)	L_Trg_Inj 2.8325e-01 (4.2429e-01)	Loss Disc 6.9438e-01 (6.9013e-01)	Loss Pred 3.2668e-01 (3.3062e-01)	Loss TOTAL 7.0219e-01 (7.4141e-01)
Epoch: [15][110/112]	L_Src_Sup 0.0000e+00 (1.8631e-01)	L_Trg_Inj 5.9363e-01 (4.2844e-01)	Loss Disc 6.8211e-01 (6.9033e-01)	Loss Pred 2.7296e-01 (3.3045e-01)	Loss TOTAL 6.7338e-01 (7.4135e-01)
Epoch: [15][112/112]	L_Src_Sup 1.1066e-01 (1.8845e-01)	L_Trg_Inj 5.8148e-01 (4.3086e-01)	Loss Disc 6.7762e-01 (6.9014e-01)	Loss Pred 3.5275e-01 (3.3014e-01)	Loss TOTAL 7.6077e-01 (7.4132e-01)
Epoch 15 complete. Saving model state...
Epoch: [16][ 10/112]	L_Src_Sup 1.3424e-01 (2.4767e-01)	L_Trg_Inj 4.0661e-01 (5.2031e-01)	Loss Disc 6.9408e-01 (6.7915e-01)	Loss Pred 3.1187e-01 (3.2932e-01)	Loss TOTAL 7.1299e-01 (7.5963e-01)
Epoch: [16][ 20/112]	L_Src_Sup 1.6789e-01 (2.7145e-01)	L_Trg_Inj 6.1806e-01 (4.6784e-01)	Loss Disc 6.9617e-01 (7.0180e-01)	Loss Pred 2.8094e-01 (3.1121e-01)	Loss TOTAL 7.0761e-01 (7.5715e-01)
Epoch: [16][ 30/112]	L_Src_Sup 1.8174e-01 (2.7358e-01)	L_Trg_Inj 4.8554e-01 (4.5540e-01)	Loss Disc 6.9228e-01 (6.9848e-01)	Loss Pred 2.5661e-01 (3.0846e-01)	Loss TOTAL 6.6948e-01 (7.5036e-01)
Epoch: [16][ 40/112]	L_Src_Sup 1.1603e-01 (2.4949e-01)	L_Trg_Inj 4.3794e-01 (4.5344e-01)	Loss Disc 6.9330e-01 (6.9764e-01)	Loss Pred 3.3885e-01 (3.1479e-01)	Loss TOTAL 7.4090e-01 (7.4919e-01)
Epoch: [16][ 50/112]	L_Src_Sup 7.2621e-01 (2.5284e-01)	L_Trg_Inj 3.5950e-01 (4.5335e-01)	Loss Disc 6.9220e-01 (6.9653e-01)	Loss Pred 2.5542e-01 (3.1857e-01)	Loss TOTAL 1.0768e+00 (7.5703e-01)
Epoch: [16][ 60/112]	L_Src_Sup 1.8297e-01 (2.4887e-01)	L_Trg_Inj 4.8319e-01 (4.5278e-01)	Loss Disc 6.9258e-01 (6.9575e-01)	Loss Pred 2.5378e-01 (3.1708e-01)	Loss TOTAL 6.6669e-01 (7.5834e-01)
Epoch: [16][ 70/112]	L_Src_Sup 1.9264e-01 (2.3421e-01)	L_Trg_Inj 4.2212e-01 (4.4597e-01)	Loss Disc 6.8964e-01 (6.9502e-01)	Loss Pred 3.8523e-01 (3.1914e-01)	Loss TOTAL 7.9153e-01 (7.5457e-01)
Epoch: [16][ 80/112]	L_Src_Sup 2.3507e-01 (2.3017e-01)	L_Trg_Inj 4.4174e-01 (4.4224e-01)	Loss Disc 6.8885e-01 (6.9435e-01)	Loss Pred 3.3152e-01 (3.1876e-01)	Loss TOTAL 7.4363e-01 (7.5078e-01)
Epoch: [16][ 90/112]	L_Src_Sup 2.3303e-01 (2.2223e-01)	L_Trg_Inj 4.3739e-01 (4.3847e-01)	Loss Disc 6.8548e-01 (6.9370e-01)	Loss Pred 3.3085e-01 (3.1926e-01)	Loss TOTAL 7.4063e-01 (7.4783e-01)
Epoch: [16][100/112]	L_Src_Sup 1.4610e-01 (2.2249e-01)	L_Trg_Inj 4.6881e-01 (4.4445e-01)	Loss Disc 6.8406e-01 (6.9302e-01)	Loss Pred 2.9040e-01 (3.1961e-01)	Loss TOTAL 6.9392e-01 (7.4821e-01)
Epoch: [16][110/112]	L_Src_Sup 2.7580e-01 (2.2254e-01)	L_Trg_Inj 4.9985e-01 (4.4313e-01)	Loss Disc 6.7703e-01 (6.9255e-01)	Loss Pred 4.8975e-01 (3.2045e-01)	Loss TOTAL 9.0583e-01 (7.4831e-01)
Epoch: [16][112/112]	L_Src_Sup 2.8718e-01 (2.2113e-01)	L_Trg_Inj 4.6973e-01 (4.4206e-01)	Loss Disc 6.9348e-01 (6.9249e-01)	Loss Pred 2.8979e-01 (3.2002e-01)	Loss TOTAL 7.1222e-01 (7.4734e-01)
Epoch 16 complete. Saving model state...
Epoch: [17][ 10/112]	L_Src_Sup 9.5120e-02 (1.3358e-01)	L_Trg_Inj 2.4960e-01 (3.5343e-01)	Loss Disc 7.0180e-01 (7.0391e-01)	Loss Pred 3.9681e-01 (3.3699e-01)	Loss TOTAL 7.8218e-01 (7.4859e-01)
Epoch: [17][ 20/112]	L_Src_Sup 1.5413e-01 (1.4765e-01)	L_Trg_Inj 3.9096e-01 (3.6325e-01)	Loss Disc 6.9254e-01 (6.9868e-01)	Loss Pred 2.7527e-01 (3.1307e-01)	Loss TOTAL 6.7605e-01 (7.2612e-01)
Epoch: [17][ 30/112]	L_Src_Sup 2.0405e-01 (1.7572e-01)	L_Trg_Inj 3.9084e-01 (3.8984e-01)	Loss Disc 6.8996e-01 (6.9634e-01)	Loss Pred 3.6868e-01 (3.1335e-01)	Loss TOTAL 7.7315e-01 (7.2756e-01)
Epoch: [17][ 40/112]	L_Src_Sup 0.0000e+00 (1.7629e-01)	L_Trg_Inj 4.0655e-01 (4.0312e-01)	Loss Disc 6.9259e-01 (6.9489e-01)	Loss Pred 2.3324e-01 (3.1202e-01)	Loss TOTAL 6.2019e-01 (7.2452e-01)
Epoch: [17][ 50/112]	L_Src_Sup 2.7561e-01 (1.8895e-01)	L_Trg_Inj 2.8706e-01 (4.0611e-01)	Loss Disc 6.8853e-01 (6.9404e-01)	Loss Pred 3.9484e-01 (3.1080e-01)	Loss TOTAL 7.9537e-01 (7.2991e-01)
Epoch: [17][ 60/112]	L_Src_Sup 1.9080e-01 (1.9526e-01)	L_Trg_Inj 4.0649e-01 (4.0940e-01)	Loss Disc 6.8469e-01 (6.9335e-01)	Loss Pred 3.8109e-01 (3.0992e-01)	Loss TOTAL 7.8316e-01 (7.3447e-01)
Epoch: [17][ 70/112]	L_Src_Sup 3.7256e-01 (1.9139e-01)	L_Trg_Inj 4.3833e-01 (4.0974e-01)	Loss Disc 6.9714e-01 (6.9249e-01)	Loss Pred 3.1455e-01 (3.1271e-01)	Loss TOTAL 7.4421e-01 (7.3548e-01)
Epoch: [17][ 80/112]	L_Src_Sup 1.2345e-01 (1.9792e-01)	L_Trg_Inj 5.4753e-01 (4.1720e-01)	Loss Disc 6.9859e-01 (6.9345e-01)	Loss Pred 3.2454e-01 (3.1587e-01)	Loss TOTAL 7.4094e-01 (7.3961e-01)
Epoch: [17][ 90/112]	L_Src_Sup 2.7217e-01 (1.9582e-01)	L_Trg_Inj 5.0233e-01 (4.1510e-01)	Loss Disc 6.9083e-01 (6.9341e-01)	Loss Pred 4.1067e-01 (3.1534e-01)	Loss TOTAL 8.3354e-01 (7.3790e-01)
Epoch: [17][100/112]	L_Src_Sup 2.0275e-01 (1.9875e-01)	L_Trg_Inj 3.6028e-01 (4.2192e-01)	Loss Disc 6.9713e-01 (6.9351e-01)	Loss Pred 2.3974e-01 (3.1484e-01)	Loss TOTAL 6.4461e-01 (7.3744e-01)
Epoch: [17][110/112]	L_Src_Sup 2.5115e-01 (1.9610e-01)	L_Trg_Inj 3.4854e-01 (4.2487e-01)	Loss Disc 6.9176e-01 (6.9344e-01)	Loss Pred 3.1281e-01 (3.1390e-01)	Loss TOTAL 7.1865e-01 (7.3628e-01)
Epoch: [17][112/112]	L_Src_Sup 0.0000e+00 (1.9438e-01)	L_Trg_Inj 4.9969e-01 (4.2587e-01)	Loss Disc 6.9134e-01 (6.9340e-01)	Loss Pred 3.2618e-01 (3.1448e-01)	Loss TOTAL 7.2182e-01 (7.3653e-01)
Epoch 17 complete. Saving model state...
Epoch: [18][ 10/112]	L_Src_Sup 1.6337e-01 (1.9092e-01)	L_Trg_Inj 5.6486e-01 (4.4689e-01)	Loss Disc 6.9268e-01 (6.9125e-01)	Loss Pred 2.5557e-01 (3.0045e-01)	Loss TOTAL 6.7473e-01 (7.1486e-01)
Epoch: [18][ 20/112]	L_Src_Sup 1.3364e-01 (1.8608e-01)	L_Trg_Inj 4.3608e-01 (4.4810e-01)	Loss Disc 6.8979e-01 (6.9104e-01)	Loss Pred 2.9621e-01 (3.0335e-01)	Loss TOTAL 6.9808e-01 (7.1792e-01)
Epoch: [18][ 30/112]	L_Src_Sup 9.9314e-02 (2.0394e-01)	L_Trg_Inj 3.8904e-01 (4.3976e-01)	Loss Disc 6.8672e-01 (6.9015e-01)	Loss Pred 3.2290e-01 (3.0805e-01)	Loss TOTAL 7.1509e-01 (7.2538e-01)
Epoch: [18][ 40/112]	L_Src_Sup 0.0000e+00 (1.8294e-01)	L_Trg_Inj 3.7498e-01 (4.3602e-01)	Loss Disc 6.9365e-01 (6.8963e-01)	Loss Pred 2.8132e-01 (3.0977e-01)	Loss TOTAL 6.6564e-01 (7.2240e-01)
Epoch: [18][ 50/112]	L_Src_Sup 5.0432e-01 (1.8439e-01)	L_Trg_Inj 4.4881e-01 (4.4069e-01)	Loss Disc 6.9147e-01 (6.8878e-01)	Loss Pred 2.5346e-01 (3.1039e-01)	Loss TOTAL 7.5001e-01 (7.2313e-01)
Epoch: [18][ 60/112]	L_Src_Sup 1.5857e-01 (1.8488e-01)	L_Trg_Inj 4.2177e-01 (4.4867e-01)	Loss Disc 6.7858e-01 (6.8744e-01)	Loss Pred 2.8042e-01 (3.0990e-01)	Loss TOTAL 6.7775e-01 (7.2206e-01)
Epoch: [18][ 70/112]	L_Src_Sup 1.6217e-01 (1.8964e-01)	L_Trg_Inj 6.6851e-01 (4.6816e-01)	Loss Disc 6.7900e-01 (6.8605e-01)	Loss Pred 2.5069e-01 (3.0489e-01)	Loss TOTAL 6.7326e-01 (7.1805e-01)
Epoch: [18][ 80/112]	L_Src_Sup 2.1311e-01 (1.9487e-01)	L_Trg_Inj 4.4267e-01 (4.6577e-01)	Loss Disc 6.8220e-01 (6.8538e-01)	Loss Pred 3.4758e-01 (3.0479e-01)	Loss TOTAL 7.5426e-01 (7.1855e-01)
Epoch: [18][ 90/112]	L_Src_Sup 4.4396e-01 (1.9624e-01)	L_Trg_Inj 4.6699e-01 (4.6316e-01)	Loss Disc 6.7802e-01 (6.8510e-01)	Loss Pred 3.3222e-01 (3.0527e-01)	Loss TOTAL 7.6232e-01 (7.1822e-01)
Epoch: [18][100/112]	L_Src_Sup 2.3637e-01 (2.0123e-01)	L_Trg_Inj 3.7386e-01 (4.5930e-01)	Loss Disc 6.8587e-01 (6.8501e-01)	Loss Pred 3.1737e-01 (3.0461e-01)	Loss TOTAL 7.2132e-01 (7.1718e-01)
Epoch: [18][110/112]	L_Src_Sup 0.0000e+00 (2.0125e-01)	L_Trg_Inj 3.1936e-01 (4.5441e-01)	Loss Disc 6.8595e-01 (6.8511e-01)	Loss Pred 2.6216e-01 (3.0452e-01)	Loss TOTAL 6.3708e-01 (7.1693e-01)
Epoch: [18][112/112]	L_Src_Sup 9.1714e-01 (2.1051e-01)	L_Trg_Inj 6.0809e-01 (4.5556e-01)	Loss Disc 6.7898e-01 (6.8507e-01)	Loss Pred 3.8573e-01 (3.0522e-01)	Loss TOTAL 1.1868e+00 (7.2216e-01)
Epoch 18 complete. Saving model state...
Epoch: [19][ 10/112]	L_Src_Sup 2.4993e-01 (2.7668e-01)	L_Trg_Inj 3.8059e-01 (4.7161e-01)	Loss Disc 6.6463e-01 (6.7391e-01)	Loss Pred 4.1303e-01 (3.4111e-01)	Loss TOTAL 8.0839e-01 (7.9277e-01)
Epoch: [19][ 20/112]	L_Src_Sup 4.6878e-01 (2.2610e-01)	L_Trg_Inj 5.2525e-01 (4.5366e-01)	Loss Disc 6.8230e-01 (6.7634e-01)	Loss Pred 3.1661e-01 (3.4689e-01)	Loss TOTAL 7.5716e-01 (7.7298e-01)
Epoch: [19][ 30/112]	L_Src_Sup 2.2189e-01 (2.0888e-01)	L_Trg_Inj 4.8560e-01 (4.3376e-01)	Loss Disc 6.9027e-01 (6.7945e-01)	Loss Pred 3.3015e-01 (3.3317e-01)	Loss TOTAL 7.4603e-01 (7.5373e-01)
Epoch: [19][ 40/112]	L_Src_Sup 3.3291e-01 (2.0212e-01)	L_Trg_Inj 5.5804e-01 (4.3403e-01)	Loss Disc 6.7863e-01 (6.8136e-01)	Loss Pred 4.1190e-01 (3.2657e-01)	Loss TOTAL 8.4031e-01 (7.4620e-01)
Epoch: [19][ 50/112]	L_Src_Sup 2.9966e-01 (2.1115e-01)	L_Trg_Inj 3.3560e-01 (4.3547e-01)	Loss Disc 7.0332e-01 (6.8284e-01)	Loss Pred 3.5902e-01 (3.1992e-01)	Loss TOTAL 7.7421e-01 (7.3827e-01)
Epoch: [19][ 60/112]	L_Src_Sup 2.8528e-01 (2.0514e-01)	L_Trg_Inj 3.7417e-01 (4.2415e-01)	Loss Disc 6.9256e-01 (6.8649e-01)	Loss Pred 2.7510e-01 (3.1453e-01)	Loss TOTAL 6.8732e-01 (7.3460e-01)
Epoch: [19][ 70/112]	L_Src_Sup 0.0000e+00 (2.0019e-01)	L_Trg_Inj 5.1141e-01 (4.2845e-01)	Loss Disc 6.9153e-01 (6.8725e-01)	Loss Pred 3.2983e-01 (3.1380e-01)	Loss TOTAL 7.2674e-01 (7.3320e-01)
Epoch: [19][ 80/112]	L_Src_Sup 2.7358e-01 (1.9868e-01)	L_Trg_Inj 4.2168e-01 (4.3155e-01)	Loss Disc 6.8867e-01 (6.8789e-01)	Loss Pred 3.8500e-01 (3.0836e-01)	Loss TOTAL 7.9886e-01 (7.2805e-01)
Epoch: [19][ 90/112]	L_Src_Sup 4.5318e-01 (1.9480e-01)	L_Trg_Inj 3.0753e-01 (4.2913e-01)	Loss Disc 6.8673e-01 (6.8815e-01)	Loss Pred 3.8432e-01 (3.0639e-01)	Loss TOTAL 9.4940e-01 (7.2579e-01)
Epoch: [19][100/112]	L_Src_Sup 1.3257e-01 (1.9883e-01)	L_Trg_Inj 5.3108e-01 (4.3741e-01)	Loss Disc 6.8317e-01 (6.8806e-01)	Loss Pred 2.8876e-01 (3.0305e-01)	Loss TOTAL 6.9671e-01 (7.2248e-01)
Epoch: [19][110/112]	L_Src_Sup 1.4252e-01 (2.0460e-01)	L_Trg_Inj 3.9372e-01 (4.3868e-01)	Loss Disc 6.8848e-01 (6.8801e-01)	Loss Pred 2.7343e-01 (3.0151e-01)	Loss TOTAL 6.7130e-01 (7.2055e-01)
Epoch: [19][112/112]	L_Src_Sup 1.5212e-01 (2.0427e-01)	L_Trg_Inj 4.5249e-01 (4.3879e-01)	Loss Disc 6.9234e-01 (6.8810e-01)	Loss Pred 2.5960e-01 (3.0138e-01)	Loss TOTAL 6.6623e-01 (7.2025e-01)
Epoch 19 complete. Saving model state...
Epoch: [20][ 10/112]	L_Src_Sup 2.2305e-01 (2.3090e-01)	L_Trg_Inj 4.3639e-01 (4.3976e-01)	Loss Disc 6.9255e-01 (7.0859e-01)	Loss Pred 3.3008e-01 (3.0742e-01)	Loss TOTAL 7.4230e-01 (7.2878e-01)
Epoch: [20][ 20/112]	L_Src_Sup 3.9995e-01 (2.2028e-01)	L_Trg_Inj 2.7741e-01 (4.1193e-01)	Loss Disc 6.9408e-01 (7.0066e-01)	Loss Pred 2.8738e-01 (2.9688e-01)	Loss TOTAL 8.2470e-01 (7.2297e-01)
Epoch: [20][ 30/112]	L_Src_Sup 1.1362e-01 (2.4977e-01)	L_Trg_Inj 3.1222e-01 (4.0957e-01)	Loss Disc 6.9236e-01 (6.9771e-01)	Loss Pred 3.1574e-01 (2.9941e-01)	Loss TOTAL 7.0450e-01 (7.3068e-01)
Epoch: [20][ 40/112]	L_Src_Sup 2.6666e-01 (2.4039e-01)	L_Trg_Inj 3.9050e-01 (4.0991e-01)	Loss Disc 6.9145e-01 (6.9607e-01)	Loss Pred 2.8669e-01 (2.9735e-01)	Loss TOTAL 6.9813e-01 (7.2526e-01)
Epoch: [20][ 50/112]	L_Src_Sup 3.0944e-01 (2.3622e-01)	L_Trg_Inj 3.3825e-01 (4.1777e-01)	Loss Disc 6.9091e-01 (6.9492e-01)	Loss Pred 2.5868e-01 (2.9752e-01)	Loss TOTAL 6.6891e-01 (7.2225e-01)
Epoch: [20][ 60/112]	L_Src_Sup 3.0531e-01 (2.4414e-01)	L_Trg_Inj 5.1576e-01 (4.2947e-01)	Loss Disc 6.8255e-01 (6.9342e-01)	Loss Pred 2.7365e-01 (2.9515e-01)	Loss TOTAL 6.9703e-01 (7.2420e-01)
Epoch: [20][ 70/112]	L_Src_Sup 0.0000e+00 (2.4232e-01)	L_Trg_Inj 5.0650e-01 (4.3309e-01)	Loss Disc 6.9663e-01 (6.9482e-01)	Loss Pred 2.3384e-01 (2.9584e-01)	Loss TOTAL 6.3280e-01 (7.2991e-01)
Epoch: [20][ 80/112]	L_Src_Sup 1.5399e-01 (2.3586e-01)	L_Trg_Inj 4.1419e-01 (4.3260e-01)	Loss Disc 6.9458e-01 (6.9457e-01)	Loss Pred 2.5951e-01 (2.9703e-01)	Loss TOTAL 6.6362e-01 (7.3139e-01)
Epoch: [20][ 90/112]	L_Src_Sup 1.9941e-01 (2.3468e-01)	L_Trg_Inj 3.0668e-01 (4.2820e-01)	Loss Disc 6.9095e-01 (6.9417e-01)	Loss Pred 3.5723e-01 (3.0125e-01)	Loss TOTAL 7.5332e-01 (7.3268e-01)
Epoch: [20][100/112]	L_Src_Sup 0.0000e+00 (2.3653e-01)	L_Trg_Inj 3.7969e-01 (4.2173e-01)	Loss Disc 6.9116e-01 (6.9399e-01)	Loss Pred 2.7257e-01 (3.0036e-01)	Loss TOTAL 6.5612e-01 (7.3934e-01)
Epoch: [20][110/112]	L_Src_Sup 7.1311e-01 (2.3332e-01)	L_Trg_Inj 3.1758e-01 (4.1247e-01)	Loss Disc 6.9780e-01 (6.9403e-01)	Loss Pred 2.7640e-01 (2.9982e-01)	Loss TOTAL 1.1239e+00 (7.3915e-01)
Epoch: [20][112/112]	L_Src_Sup 1.2523e-01 (2.3206e-01)	L_Trg_Inj 5.0141e-01 (4.1170e-01)	Loss Disc 6.9239e-01 (6.9402e-01)	Loss Pred 3.0250e-01 (3.0036e-01)	Loss TOTAL 7.1136e-01 (7.3898e-01)
Epoch 20 complete. Saving model state...
Epoch: [21][ 10/112]	L_Src_Sup 0.0000e+00 (2.0285e-01)	L_Trg_Inj 2.3509e-01 (3.2110e-01)	Loss Disc 6.9261e-01 (6.9328e-01)	Loss Pred 2.5828e-01 (2.7547e-01)	Loss TOTAL 6.2809e-01 (6.8991e-01)
Epoch: [21][ 20/112]	L_Src_Sup 3.8068e-01 (2.1527e-01)	L_Trg_Inj 2.5024e-01 (3.0540e-01)	Loss Disc 6.9185e-01 (6.9343e-01)	Loss Pred 3.7089e-01 (2.8605e-01)	Loss TOTAL 9.1034e-01 (7.0530e-01)
Epoch: [21][ 30/112]	L_Src_Sup 1.2470e-01 (1.9321e-01)	L_Trg_Inj 3.4134e-01 (3.1764e-01)	Loss Disc 6.9392e-01 (6.9306e-01)	Loss Pred 3.0056e-01 (2.9694e-01)	Loss TOTAL 6.9412e-01 (7.1365e-01)
Epoch: [21][ 40/112]	L_Src_Sup 0.0000e+00 (1.8202e-01)	L_Trg_Inj 3.5967e-01 (3.2911e-01)	Loss Disc 6.9299e-01 (6.9287e-01)	Loss Pred 3.0022e-01 (2.9922e-01)	Loss TOTAL 6.8269e-01 (7.2148e-01)
Epoch: [21][ 50/112]	L_Src_Sup 1.6645e-01 (1.8069e-01)	L_Trg_Inj 3.5729e-01 (3.3498e-01)	Loss Disc 7.0026e-01 (6.9305e-01)	Loss Pred 2.4585e-01 (3.0034e-01)	Loss TOTAL 6.4836e-01 (7.1866e-01)
Epoch: [21][ 60/112]	L_Src_Sup 2.4639e-01 (1.7852e-01)	L_Trg_Inj 4.6827e-01 (3.5167e-01)	Loss Disc 6.9206e-01 (6.9310e-01)	Loss Pred 2.9965e-01 (3.0104e-01)	Loss TOTAL 7.1715e-01 (7.1888e-01)
Epoch: [21][ 70/112]	L_Src_Sup 0.0000e+00 (1.7247e-01)	L_Trg_Inj 4.0668e-01 (3.6181e-01)	Loss Disc 6.9221e-01 (6.9315e-01)	Loss Pred 2.9966e-01 (2.9467e-01)	Loss TOTAL 6.8643e-01 (7.1137e-01)
Epoch: [21][ 80/112]	L_Src_Sup 1.1098e-01 (1.6947e-01)	L_Trg_Inj 4.0672e-01 (3.7158e-01)	Loss Disc 6.9356e-01 (6.9305e-01)	Loss Pred 3.2754e-01 (2.9548e-01)	Loss TOTAL 7.2609e-01 (7.1162e-01)
Epoch: [21][ 90/112]	L_Src_Sup 2.9941e-01 (1.6656e-01)	L_Trg_Inj 4.1351e-01 (3.7746e-01)	Loss Disc 6.9186e-01 (6.9312e-01)	Loss Pred 3.5519e-01 (2.9673e-01)	Loss TOTAL 7.7241e-01 (7.1149e-01)
Epoch: [21][100/112]	L_Src_Sup 0.0000e+00 (1.7784e-01)	L_Trg_Inj 5.2418e-01 (3.8686e-01)	Loss Disc 6.8882e-01 (6.9287e-01)	Loss Pred 3.2697e-01 (2.9614e-01)	Loss TOTAL 7.2380e-01 (7.1513e-01)
Epoch: [21][110/112]	L_Src_Sup 0.0000e+00 (1.7162e-01)	L_Trg_Inj 3.2867e-01 (3.8972e-01)	Loss Disc 6.9243e-01 (6.9289e-01)	Loss Pred 3.1294e-01 (2.9877e-01)	Loss TOTAL 6.9202e-01 (7.1597e-01)
Epoch: [21][112/112]	L_Src_Sup 3.9758e-01 (1.7568e-01)	L_Trg_Inj 3.6022e-01 (3.8947e-01)	Loss Disc 6.9986e-01 (6.9297e-01)	Loss Pred 2.8917e-01 (2.9795e-01)	Loss TOTAL 7.5224e-01 (7.1573e-01)
Epoch 21 complete. Saving model state...
Epoch: [22][ 10/112]	L_Src_Sup 1.8080e-01 (1.9922e-01)	L_Trg_Inj 5.8312e-01 (4.5721e-01)	Loss Disc 6.9597e-01 (6.9495e-01)	Loss Pred 2.3115e-01 (3.0151e-01)	Loss TOTAL 6.5553e-01 (7.1463e-01)
Epoch: [22][ 20/112]	L_Src_Sup 4.1892e-01 (2.1935e-01)	L_Trg_Inj 5.4968e-01 (4.6528e-01)	Loss Disc 6.9301e-01 (6.9400e-01)	Loss Pred 3.4061e-01 (3.1155e-01)	Loss TOTAL 7.8398e-01 (7.2701e-01)
Epoch: [22][ 30/112]	L_Src_Sup 0.0000e+00 (2.0504e-01)	L_Trg_Inj 4.9991e-01 (4.5266e-01)	Loss Disc 6.9328e-01 (6.9395e-01)	Loss Pred 2.0192e-01 (3.1068e-01)	Loss TOTAL 5.9856e-01 (7.2342e-01)
Epoch: [22][ 40/112]	L_Src_Sup 3.1225e-01 (1.8201e-01)	L_Trg_Inj 4.3794e-01 (4.4822e-01)	Loss Disc 6.9317e-01 (6.9389e-01)	Loss Pred 3.4028e-01 (3.0767e-01)	Loss TOTAL 7.6188e-01 (7.1764e-01)
Epoch: [22][ 50/112]	L_Src_Sup 3.5262e-01 (1.7739e-01)	L_Trg_Inj 4.9955e-01 (4.5029e-01)	Loss Disc 6.9237e-01 (6.9376e-01)	Loss Pred 3.1235e-01 (3.0308e-01)	Loss TOTAL 7.4375e-01 (7.1273e-01)
Epoch: [22][ 60/112]	L_Src_Sup 0.0000e+00 (1.8341e-01)	L_Trg_Inj 3.0929e-01 (4.3773e-01)	Loss Disc 6.9222e-01 (6.9366e-01)	Loss Pred 2.8431e-01 (2.9814e-01)	Loss TOTAL 6.6134e-01 (7.1285e-01)
Epoch: [22][ 70/112]	L_Src_Sup 1.6797e-01 (1.9559e-01)	L_Trg_Inj 3.9915e-01 (4.3572e-01)	Loss Disc 6.9234e-01 (6.9354e-01)	Loss Pred 2.4338e-01 (2.9742e-01)	Loss TOTAL 6.4626e-01 (7.1311e-01)
Epoch: [22][ 80/112]	L_Src_Sup 4.2531e-01 (2.1021e-01)	L_Trg_Inj 2.9555e-01 (4.3876e-01)	Loss Disc 6.9384e-01 (6.9353e-01)	Loss Pred 3.4056e-01 (2.9582e-01)	Loss TOTAL 8.8933e-01 (7.1576e-01)
Epoch: [22][ 90/112]	L_Src_Sup 0.0000e+00 (2.0410e-01)	L_Trg_Inj 4.4278e-01 (4.4116e-01)	Loss Disc 6.9318e-01 (6.9354e-01)	Loss Pred 2.7005e-01 (2.9609e-01)	Loss TOTAL 6.6091e-01 (7.1475e-01)
Epoch: [22][100/112]	L_Src_Sup 2.9717e-01 (2.0420e-01)	L_Trg_Inj 3.2849e-01 (4.4193e-01)	Loss Disc 6.9327e-01 (6.9351e-01)	Loss Pred 3.5400e-01 (2.9519e-01)	Loss TOTAL 7.6320e-01 (7.1319e-01)
Epoch: [22][110/112]	L_Src_Sup 2.2274e-01 (2.0281e-01)	L_Trg_Inj 4.8449e-01 (4.4245e-01)	Loss Disc 6.9280e-01 (6.9349e-01)	Loss Pred 3.2584e-01 (2.9637e-01)	Loss TOTAL 7.4297e-01 (7.1417e-01)
Epoch: [22][112/112]	L_Src_Sup 0.0000e+00 (2.0128e-01)	L_Trg_Inj 4.2214e-01 (4.4151e-01)	Loss Disc 6.9355e-01 (6.9349e-01)	Loss Pred 2.7000e-01 (2.9628e-01)	Loss TOTAL 6.5899e-01 (7.1371e-01)
Epoch 22 complete. Saving model state...
Epoch: [23][ 10/112]	L_Src_Sup 0.0000e+00 (1.0953e-01)	L_Trg_Inj 5.1640e-01 (4.3409e-01)	Loss Disc 6.9448e-01 (6.9359e-01)	Loss Pred 2.4297e-01 (2.9528e-01)	Loss TOTAL 6.4185e-01 (6.9644e-01)
Epoch: [23][ 20/112]	L_Src_Sup 1.5628e-01 (1.5082e-01)	L_Trg_Inj 4.5316e-01 (4.4477e-01)	Loss Disc 6.9297e-01 (6.9357e-01)	Loss Pred 2.5579e-01 (2.8267e-01)	Loss TOTAL 6.6322e-01 (6.8902e-01)
Epoch: [23][ 30/112]	L_Src_Sup 4.7373e-01 (1.6330e-01)	L_Trg_Inj 4.1700e-01 (4.4183e-01)	Loss Disc 6.9254e-01 (6.9308e-01)	Loss Pred 3.6815e-01 (2.8777e-01)	Loss TOTAL 8.6022e-01 (6.9671e-01)
Epoch: [23][ 40/112]	L_Src_Sup 0.0000e+00 (1.6653e-01)	L_Trg_Inj 3.3031e-01 (4.3625e-01)	Loss Disc 6.9378e-01 (6.9261e-01)	Loss Pred 3.8160e-01 (2.8959e-01)	Loss TOTAL 7.6153e-01 (6.9759e-01)
Epoch: [23][ 50/112]	L_Src_Sup 0.0000e+00 (1.6291e-01)	L_Trg_Inj 4.3113e-01 (4.3215e-01)	Loss Disc 6.8772e-01 (6.9221e-01)	Loss Pred 2.2782e-01 (2.9099e-01)	Loss TOTAL 6.1479e-01 (6.9774e-01)
Epoch: [23][ 60/112]	L_Src_Sup 2.1304e-01 (1.8078e-01)	L_Trg_Inj 5.3080e-01 (4.2749e-01)	Loss Disc 6.8981e-01 (6.9203e-01)	Loss Pred 3.3940e-01 (2.9490e-01)	Loss TOTAL 7.5869e-01 (7.0610e-01)
Epoch: [23][ 70/112]	L_Src_Sup 3.2155e-01 (1.8101e-01)	L_Trg_Inj 4.5330e-01 (4.2844e-01)	Loss Disc 6.8936e-01 (6.9178e-01)	Loss Pred 3.2539e-01 (2.9497e-01)	Loss TOTAL 7.4755e-01 (7.0587e-01)
Epoch: [23][ 80/112]	L_Src_Sup 0.0000e+00 (1.7774e-01)	L_Trg_Inj 5.0189e-01 (4.2649e-01)	Loss Disc 6.9081e-01 (6.9171e-01)	Loss Pred 3.3911e-01 (2.9773e-01)	Loss TOTAL 7.3470e-01 (7.0950e-01)
Epoch: [23][ 90/112]	L_Src_Sup 3.1209e-01 (1.7936e-01)	L_Trg_Inj 3.9660e-01 (4.2792e-01)	Loss Disc 6.9132e-01 (6.9156e-01)	Loss Pred 3.3912e-01 (2.9759e-01)	Loss TOTAL 7.5565e-01 (7.0898e-01)
Epoch: [23][100/112]	L_Src_Sup 1.5058e-01 (1.7976e-01)	L_Trg_Inj 5.5193e-01 (4.3265e-01)	Loss Disc 6.8481e-01 (6.9124e-01)	Loss Pred 2.5560e-01 (2.9687e-01)	Loss TOTAL 6.6826e-01 (7.0812e-01)
Epoch: [23][110/112]	L_Src_Sup 2.1106e-01 (1.8471e-01)	L_Trg_Inj 4.0144e-01 (4.2706e-01)	Loss Disc 6.7951e-01 (6.9044e-01)	Loss Pred 2.2882e-01 (2.9630e-01)	Loss TOTAL 6.2983e-01 (7.0763e-01)
Epoch: [23][112/112]	L_Src_Sup 1.7441e-01 (1.8422e-01)	L_Trg_Inj 3.6484e-01 (4.2547e-01)	Loss Disc 6.7778e-01 (6.9020e-01)	Loss Pred 2.5573e-01 (2.9595e-01)	Loss TOTAL 6.4855e-01 (7.0686e-01)
Epoch 23 complete. Saving model state...
Epoch: [24][ 10/112]	L_Src_Sup 1.2010e-01 (2.6788e-01)	L_Trg_Inj 5.4700e-01 (4.4653e-01)	Loss Disc 6.9591e-01 (6.9557e-01)	Loss Pred 3.1544e-01 (2.8167e-01)	Loss TOTAL 7.3010e-01 (7.1494e-01)
Epoch: [24][ 20/112]	L_Src_Sup 2.1984e-01 (2.5058e-01)	L_Trg_Inj 5.0178e-01 (4.6335e-01)	Loss Disc 6.8523e-01 (6.9256e-01)	Loss Pred 1.9970e-01 (2.9792e-01)	Loss TOTAL 6.1447e-01 (7.2262e-01)
Epoch: [24][ 30/112]	L_Src_Sup 1.2505e-01 (2.4691e-01)	L_Trg_Inj 4.3343e-01 (4.7600e-01)	Loss Disc 6.8834e-01 (6.9051e-01)	Loss Pred 2.9731e-01 (2.9643e-01)	Loss TOTAL 6.9733e-01 (7.1907e-01)
Epoch: [24][ 40/112]	L_Src_Sup 1.3962e-01 (2.4532e-01)	L_Trg_Inj 3.4369e-01 (4.6988e-01)	Loss Disc 6.8882e-01 (6.8964e-01)	Loss Pred 2.6939e-01 (2.9290e-01)	Loss TOTAL 6.6213e-01 (7.1306e-01)
Epoch: [24][ 50/112]	L_Src_Sup 3.6392e-01 (2.2799e-01)	L_Trg_Inj 2.9804e-01 (4.5735e-01)	Loss Disc 6.8953e-01 (6.8907e-01)	Loss Pred 2.5530e-01 (2.9381e-01)	Loss TOTAL 7.3214e-01 (7.1187e-01)
Epoch: [24][ 60/112]	L_Src_Sup 4.1603e-01 (2.1821e-01)	L_Trg_Inj 4.0686e-01 (4.4734e-01)	Loss Disc 6.8660e-01 (6.8873e-01)	Loss Pred 3.4023e-01 (2.9846e-01)	Loss TOTAL 7.7499e-01 (7.1487e-01)
Epoch: [24][ 70/112]	L_Src_Sup 1.1020e-01 (2.1585e-01)	L_Trg_Inj 5.5951e-01 (4.4729e-01)	Loss Disc 6.8527e-01 (6.8837e-01)	Loss Pred 3.2477e-01 (2.9871e-01)	Loss TOTAL 7.3438e-01 (7.1392e-01)
Epoch: [24][ 80/112]	L_Src_Sup 0.0000e+00 (2.0963e-01)	L_Trg_Inj 3.6003e-01 (4.4525e-01)	Loss Disc 6.8711e-01 (6.8818e-01)	Loss Pred 3.3892e-01 (2.9763e-01)	Loss TOTAL 7.1848e-01 (7.1333e-01)
Epoch: [24][ 90/112]	L_Src_Sup 0.0000e+00 (2.0717e-01)	L_Trg_Inj 4.3796e-01 (4.4506e-01)	Loss Disc 6.8607e-01 (6.8786e-01)	Loss Pred 2.5538e-01 (2.9693e-01)	Loss TOTAL 6.4221e-01 (7.1153e-01)
Epoch: [24][100/112]	L_Src_Sup 0.0000e+00 (1.9861e-01)	L_Trg_Inj 4.6809e-01 (4.4451e-01)	Loss Disc 6.8694e-01 (6.8788e-01)	Loss Pred 2.5520e-01 (2.9644e-01)	Loss TOTAL 6.4548e-01 (7.0959e-01)
Epoch: [24][110/112]	L_Src_Sup 3.3068e-01 (1.9503e-01)	L_Trg_Inj 3.7499e-01 (4.4553e-01)	Loss Disc 6.8644e-01 (6.8773e-01)	Loss Pred 3.2447e-01 (2.9647e-01)	Loss TOTAL 7.3826e-01 (7.0885e-01)
Epoch: [24][112/112]	L_Src_Sup 1.2503e-01 (1.9391e-01)	L_Trg_Inj 3.3218e-01 (4.4445e-01)	Loss Disc 6.8714e-01 (6.8770e-01)	Loss Pred 2.9647e-01 (2.9623e-01)	Loss TOTAL 6.8576e-01 (7.0829e-01)
Epoch 24 complete. Saving model state...
Epoch: [25][ 10/112]	L_Src_Sup 3.4804e-01 (1.9052e-01)	L_Trg_Inj 3.4345e-01 (4.5159e-01)	Loss Disc 6.8922e-01 (6.8466e-01)	Loss Pred 3.1039e-01 (2.8982e-01)	Loss TOTAL 7.2874e-01 (6.9750e-01)
Epoch: [25][ 20/112]	L_Src_Sup 6.1580e-01 (2.4061e-01)	L_Trg_Inj 4.6212e-01 (4.5250e-01)	Loss Disc 6.8559e-01 (6.8629e-01)	Loss Pred 3.5214e-01 (3.0876e-01)	Loss TOTAL 9.5641e-01 (7.3869e-01)
Epoch: [25][ 30/112]	L_Src_Sup 6.5623e-01 (2.7607e-01)	L_Trg_Inj 4.8411e-01 (4.5340e-01)	Loss Disc 6.8318e-01 (6.8592e-01)	Loss Pred 3.1073e-01 (3.0707e-01)	Loss TOTAL 9.3847e-01 (7.5304e-01)
Epoch: [25][ 40/112]	L_Src_Sup 1.1593e-01 (2.5706e-01)	L_Trg_Inj 5.2550e-01 (4.4968e-01)	Loss Disc 6.7433e-01 (6.8420e-01)	Loss Pred 3.2544e-01 (3.0801e-01)	Loss TOTAL 7.2675e-01 (7.4454e-01)
Epoch: [25][ 50/112]	L_Src_Sup 0.0000e+00 (2.3372e-01)	L_Trg_Inj 4.5511e-01 (4.5994e-01)	Loss Disc 6.6959e-01 (6.8222e-01)	Loss Pred 3.5289e-01 (3.0199e-01)	Loss TOTAL 7.3320e-01 (7.3260e-01)
Epoch: [25][ 60/112]	L_Src_Sup 0.0000e+00 (2.1994e-01)	L_Trg_Inj 6.0958e-01 (4.7157e-01)	Loss Disc 6.7366e-01 (6.8054e-01)	Loss Pred 2.1314e-01 (2.9533e-01)	Loss TOTAL 6.1093e-01 (7.2153e-01)
Epoch: [25][ 70/112]	L_Src_Sup 0.0000e+00 (2.2070e-01)	L_Trg_Inj 7.2278e-01 (4.9426e-01)	Loss Disc 6.6927e-01 (6.7853e-01)	Loss Pred 2.1309e-01 (2.9512e-01)	Loss TOTAL 6.2000e-01 (7.2204e-01)
Epoch: [25][ 80/112]	L_Src_Sup 2.4710e-01 (2.1704e-01)	L_Trg_Inj 5.1350e-01 (4.9235e-01)	Loss Disc 6.8956e-01 (6.8044e-01)	Loss Pred 3.8622e-01 (2.9752e-01)	Loss TOTAL 8.0706e-01 (7.2282e-01)
Epoch: [25][ 90/112]	L_Src_Sup 1.3180e-01 (2.1520e-01)	L_Trg_Inj 2.8144e-01 (4.8390e-01)	Loss Disc 6.9110e-01 (6.8113e-01)	Loss Pred 2.6863e-01 (2.9550e-01)	Loss TOTAL 6.5551e-01 (7.1923e-01)
Epoch: [25][100/112]	L_Src_Sup 5.4170e-01 (2.1964e-01)	L_Trg_Inj 5.1547e-01 (4.7575e-01)	Loss Disc 6.8505e-01 (6.8180e-01)	Loss Pred 2.6896e-01 (2.9531e-01)	Loss TOTAL 7.4343e-01 (7.1877e-01)
Epoch: [25][110/112]	L_Src_Sup 3.1548e-01 (2.1934e-01)	L_Trg_Inj 5.2530e-01 (4.7051e-01)	Loss Disc 6.8274e-01 (6.8225e-01)	Loss Pred 3.5257e-01 (2.9557e-01)	Loss TOTAL 7.7802e-01 (7.1771e-01)
Epoch: [25][112/112]	L_Src_Sup 1.8299e-01 (2.2067e-01)	L_Trg_Inj 4.6631e-01 (4.7019e-01)	Loss Disc 6.8648e-01 (6.8230e-01)	Loss Pred 2.8286e-01 (2.9596e-01)	Loss TOTAL 6.9102e-01 (7.1801e-01)
Epoch 25 complete. Saving model state...
Epoch: [26][ 10/112]	L_Src_Sup 0.0000e+00 (2.2919e-01)	L_Trg_Inj 3.4872e-01 (4.2951e-01)	Loss Disc 6.8807e-01 (6.8489e-01)	Loss Pred 3.3796e-01 (2.9655e-01)	Loss TOTAL 7.1687e-01 (7.2370e-01)
Epoch: [26][ 20/112]	L_Src_Sup 0.0000e+00 (2.2197e-01)	L_Trg_Inj 3.6089e-01 (4.3162e-01)	Loss Disc 6.9161e-01 (6.8519e-01)	Loss Pred 1.4402e-01 (2.8963e-01)	Loss TOTAL 5.2591e-01 (7.0943e-01)
Epoch: [26][ 30/112]	L_Src_Sup 1.4023e-01 (2.0101e-01)	L_Trg_Inj 2.5242e-01 (3.9231e-01)	Loss Disc 6.9101e-01 (6.8675e-01)	Loss Pred 2.6845e-01 (2.8252e-01)	Loss TOTAL 6.5322e-01 (7.0104e-01)
Epoch: [26][ 40/112]	L_Src_Sup 3.8046e-01 (1.9977e-01)	L_Trg_Inj 4.4476e-01 (3.6135e-01)	Loss Disc 6.8818e-01 (6.8763e-01)	Loss Pred 2.9601e-01 (2.8633e-01)	Loss TOTAL 7.2262e-01 (7.0433e-01)
Epoch: [26][ 50/112]	L_Src_Sup 2.1536e-01 (1.9639e-01)	L_Trg_Inj 3.6058e-01 (3.6010e-01)	Loss Disc 6.8869e-01 (6.8798e-01)	Loss Pred 2.4031e-01 (2.8771e-01)	Loss TOTAL 6.4225e-01 (7.0435e-01)
Epoch: [26][ 60/112]	L_Src_Sup 2.0689e-01 (1.8847e-01)	L_Trg_Inj 2.4404e-01 (3.4500e-01)	Loss Disc 6.9073e-01 (6.8844e-01)	Loss Pred 3.5211e-01 (2.8912e-01)	Loss TOTAL 7.4257e-01 (7.0126e-01)
Epoch: [26][ 70/112]	L_Src_Sup 1.9481e-01 (1.8319e-01)	L_Trg_Inj 2.6825e-01 (3.3379e-01)	Loss Disc 6.9110e-01 (6.8879e-01)	Loss Pred 3.5129e-01 (2.9428e-01)	Loss TOTAL 7.4315e-01 (7.0371e-01)
Epoch: [26][ 80/112]	L_Src_Sup 1.1829e-01 (1.7956e-01)	L_Trg_Inj 4.1510e-01 (3.2238e-01)	Loss Disc 6.9031e-01 (6.8909e-01)	Loss Pred 3.3731e-01 (2.9346e-01)	Loss TOTAL 7.3580e-01 (7.0589e-01)
Epoch: [26][ 90/112]	L_Src_Sup 0.0000e+00 (1.8367e-01)	L_Trg_Inj 4.3710e-01 (3.3580e-01)	Loss Disc 6.8504e-01 (6.8886e-01)	Loss Pred 2.9536e-01 (2.9464e-01)	Loss TOTAL 6.8159e-01 (7.0908e-01)
Epoch: [26][100/112]	L_Src_Sup 2.9226e-01 (1.9375e-01)	L_Trg_Inj 4.4112e-01 (3.4495e-01)	Loss Disc 6.8471e-01 (6.8839e-01)	Loss Pred 2.4172e-01 (2.9440e-01)	Loss TOTAL 6.5741e-01 (7.1161e-01)
Epoch: [26][110/112]	L_Src_Sup 0.0000e+00 (1.9283e-01)	L_Trg_Inj 5.1772e-01 (3.5692e-01)	Loss Disc 6.7959e-01 (6.8796e-01)	Loss Pred 3.5289e-01 (2.9469e-01)	Loss TOTAL 7.4446e-01 (7.1104e-01)
Epoch: [26][112/112]	L_Src_Sup 1.4890e-01 (1.9277e-01)	L_Trg_Inj 3.9102e-01 (3.5768e-01)	Loss Disc 6.8950e-01 (6.8792e-01)	Loss Pred 2.4074e-01 (2.9434e-01)	Loss TOTAL 6.3949e-01 (7.1044e-01)
Epoch 26 complete. Saving model state...
Epoch: [27][ 10/112]	L_Src_Sup 1.0366e-01 (1.4965e-01)	L_Trg_Inj 4.0633e-01 (4.0666e-01)	Loss Disc 6.8729e-01 (6.9226e-01)	Loss Pred 3.3693e-01 (2.9302e-01)	Loss TOTAL 7.3158e-01 (6.9477e-01)
Epoch: [27][ 20/112]	L_Src_Sup 0.0000e+00 (1.6003e-01)	L_Trg_Inj 7.0125e-01 (4.2817e-01)	Loss Disc 6.7919e-01 (6.8901e-01)	Loss Pred 3.0996e-01 (2.9437e-01)	Loss TOTAL 7.1968e-01 (6.9769e-01)
Epoch: [27][ 30/112]	L_Src_Sup 1.2187e-01 (2.0153e-01)	L_Trg_Inj 4.1825e-01 (4.2258e-01)	Loss Disc 6.8593e-01 (6.8820e-01)	Loss Pred 2.9538e-01 (2.8732e-01)	Loss TOTAL 6.9236e-01 (7.1297e-01)
Epoch: [27][ 40/112]	L_Src_Sup 3.2559e-01 (1.9477e-01)	L_Trg_Inj 4.2368e-01 (4.2944e-01)	Loss Disc 6.8791e-01 (6.8805e-01)	Loss Pred 2.3976e-01 (2.8488e-01)	Loss TOTAL 6.5864e-01 (7.0713e-01)
Epoch: [27][ 50/112]	L_Src_Sup 0.0000e+00 (1.8437e-01)	L_Trg_Inj 3.5918e-01 (4.3410e-01)	Loss Disc 6.8803e-01 (6.8764e-01)	Loss Pred 2.9522e-01 (2.8861e-01)	Loss TOTAL 6.7515e-01 (7.0975e-01)
Epoch: [27][ 60/112]	L_Src_Sup 1.5386e-01 (1.8493e-01)	L_Trg_Inj 4.2345e-01 (4.3873e-01)	Loss Disc 6.8769e-01 (6.8715e-01)	Loss Pred 2.5361e-01 (2.9131e-01)	Loss TOTAL 6.5518e-01 (7.1015e-01)
Epoch: [27][ 70/112]	L_Src_Sup 4.1781e-01 (1.9197e-01)	L_Trg_Inj 3.8366e-01 (4.3635e-01)	Loss Disc 6.8743e-01 (6.8738e-01)	Loss Pred 2.6756e-01 (2.9025e-01)	Loss TOTAL 7.2557e-01 (7.0831e-01)
Epoch: [27][ 80/112]	L_Src_Sup 0.0000e+00 (1.9169e-01)	L_Trg_Inj 4.9808e-01 (4.4330e-01)	Loss Disc 6.8074e-01 (6.8691e-01)	Loss Pred 2.8104e-01 (2.9346e-01)	Loss TOTAL 6.7122e-01 (7.1231e-01)
Epoch: [27][ 90/112]	L_Src_Sup 2.5701e-01 (1.9514e-01)	L_Trg_Inj 5.9163e-01 (4.5316e-01)	Loss Disc 6.7408e-01 (6.8570e-01)	Loss Pred 2.6745e-01 (2.9335e-01)	Loss TOTAL 6.8935e-01 (7.1202e-01)
Epoch: [27][100/112]	L_Src_Sup 3.2460e-01 (2.0232e-01)	L_Trg_Inj 3.7966e-01 (4.5436e-01)	Loss Disc 7.0475e-01 (6.8618e-01)	Loss Pred 3.2423e-01 (2.9372e-01)	Loss TOTAL 7.4703e-01 (7.1237e-01)
Epoch: [27][110/112]	L_Src_Sup 1.1909e-01 (1.9467e-01)	L_Trg_Inj 3.9965e-01 (4.5172e-01)	Loss Disc 6.8519e-01 (6.8634e-01)	Loss Pred 3.0851e-01 (2.9407e-01)	Loss TOTAL 7.0298e-01 (7.1086e-01)
Epoch: [27][112/112]	L_Src_Sup 1.6490e-01 (1.9336e-01)	L_Trg_Inj 5.0205e-01 (4.5220e-01)	Loss Disc 6.8556e-01 (6.8633e-01)	Loss Pred 2.5465e-01 (2.9361e-01)	Loss TOTAL 6.6413e-01 (7.1016e-01)
Epoch 27 complete. Saving model state...
Epoch: [28][ 10/112]	L_Src_Sup 1.7283e-01 (1.3632e-01)	L_Trg_Inj 4.9211e-01 (4.4317e-01)	Loss Disc 6.8150e-01 (6.8465e-01)	Loss Pred 3.0865e-01 (3.0069e-01)	Loss TOTAL 7.1590e-01 (7.0312e-01)
Epoch: [28][ 20/112]	L_Src_Sup 2.1665e-01 (2.1456e-01)	L_Trg_Inj 4.5156e-01 (4.4207e-01)	Loss Disc 6.8689e-01 (6.8581e-01)	Loss Pred 3.2244e-01 (2.9797e-01)	Loss TOTAL 7.3271e-01 (7.1256e-01)
Epoch: [28][ 30/112]	L_Src_Sup 1.6003e-01 (1.7291e-01)	L_Trg_Inj 4.7362e-01 (4.3575e-01)	Loss Disc 6.8255e-01 (6.8573e-01)	Loss Pred 3.6375e-01 (3.0476e-01)	Loss TOTAL 7.6839e-01 (7.1251e-01)
Epoch: [28][ 40/112]	L_Src_Sup 1.5605e-01 (1.5642e-01)	L_Trg_Inj 2.9824e-01 (4.3974e-01)	Loss Disc 6.9208e-01 (6.8519e-01)	Loss Pred 2.5369e-01 (3.0400e-01)	Loss TOTAL 6.4516e-01 (7.0923e-01)
Epoch: [28][ 50/112]	L_Src_Sup 1.3469e-01 (1.4598e-01)	L_Trg_Inj 4.2256e-01 (4.4314e-01)	Loss Disc 6.8742e-01 (6.8518e-01)	Loss Pred 3.3557e-01 (3.0192e-01)	Loss TOTAL 7.3501e-01 (7.0584e-01)
Epoch: [28][ 60/112]	L_Src_Sup 0.0000e+00 (1.4317e-01)	L_Trg_Inj 3.3000e-01 (4.3737e-01)	Loss Disc 6.8844e-01 (6.8627e-01)	Loss Pred 2.9474e-01 (3.0099e-01)	Loss TOTAL 6.7196e-01 (7.0419e-01)
Epoch: [28][ 70/112]	L_Src_Sup 2.5875e-01 (1.4894e-01)	L_Trg_Inj 3.2106e-01 (4.2405e-01)	Loss Disc 6.8639e-01 (6.8656e-01)	Loss Pred 3.2177e-01 (3.0107e-01)	Loss TOTAL 7.2294e-01 (7.0478e-01)
Epoch: [28][ 80/112]	L_Src_Sup 2.8186e-01 (1.6062e-01)	L_Trg_Inj 4.3008e-01 (4.2554e-01)	Loss Disc 6.8581e-01 (6.8626e-01)	Loss Pred 3.0804e-01 (2.9973e-01)	Loss TOTAL 7.2214e-01 (7.0422e-01)
Epoch: [28][ 90/112]	L_Src_Sup 0.0000e+00 (1.5590e-01)	L_Trg_Inj 6.0619e-01 (4.3345e-01)	Loss Disc 6.8552e-01 (6.8608e-01)	Loss Pred 2.9497e-01 (2.9492e-01)	Loss TOTAL 6.9835e-01 (6.9991e-01)
Epoch: [28][100/112]	L_Src_Sup 9.3276e-02 (1.6059e-01)	L_Trg_Inj 4.0652e-01 (4.3590e-01)	Loss Disc 6.8687e-01 (6.8637e-01)	Loss Pred 2.9410e-01 (2.9668e-01)	Loss TOTAL 6.8751e-01 (7.0239e-01)
Epoch: [28][110/112]	L_Src_Sup 2.4046e-01 (1.6333e-01)	L_Trg_Inj 3.9040e-01 (4.3662e-01)	Loss Disc 6.8616e-01 (6.8631e-01)	Loss Pred 2.8070e-01 (2.9297e-01)	Loss TOTAL 6.8686e-01 (6.9873e-01)
Epoch: [28][112/112]	L_Src_Sup 2.8085e-01 (1.6501e-01)	L_Trg_Inj 5.0761e-01 (4.3685e-01)	Loss Disc 6.8414e-01 (6.8629e-01)	Loss Pred 2.6659e-01 (2.9287e-01)	Loss TOTAL 6.8750e-01 (6.9876e-01)
Epoch 28 complete. Saving model state...
Epoch: [29][ 10/112]	L_Src_Sup 2.4340e-01 (2.1547e-01)	L_Trg_Inj 4.4750e-01 (4.2291e-01)	Loss Disc 6.8539e-01 (6.8465e-01)	Loss Pred 2.9411e-01 (3.2587e-01)	Loss TOTAL 7.0589e-01 (7.3270e-01)
Epoch: [29][ 20/112]	L_Src_Sup 2.2853e-01 (1.7425e-01)	L_Trg_Inj 2.9933e-01 (3.6930e-01)	Loss Disc 6.9018e-01 (6.8852e-01)	Loss Pred 2.9458e-01 (3.1065e-01)	Loss TOTAL 6.9246e-01 (7.1087e-01)
Epoch: [29][ 30/112]	L_Src_Sup 2.5317e-04 (1.7574e-01)	L_Trg_Inj 5.4044e-01 (3.7011e-01)	Loss Disc 6.8466e-01 (6.8878e-01)	Loss Pred 2.9399e-01 (2.9971e-01)	Loss TOTAL 6.9039e-01 (7.0055e-01)
Epoch: [29][ 40/112]	L_Src_Sup 0.0000e+00 (1.8491e-01)	L_Trg_Inj 3.7878e-01 (3.8655e-01)	Loss Disc 6.8848e-01 (6.8827e-01)	Loss Pred 2.2679e-01 (3.0139e-01)	Loss TOTAL 6.0890e-01 (7.0894e-01)
Epoch: [29][ 50/112]	L_Src_Sup 6.2399e-02 (1.7580e-01)	L_Trg_Inj 4.1184e-01 (3.9397e-01)	Loss Disc 6.8659e-01 (6.8778e-01)	Loss Pred 3.0763e-01 (3.0021e-01)	Loss TOTAL 6.9835e-01 (7.0609e-01)
Epoch: [29][ 60/112]	L_Src_Sup 1.4817e-01 (1.7759e-01)	L_Trg_Inj 3.7431e-01 (3.9653e-01)	Loss Disc 6.8692e-01 (6.8764e-01)	Loss Pred 2.3946e-01 (2.9535e-01)	Loss TOTAL 6.3517e-01 (7.0201e-01)
Epoch: [29][ 70/112]	L_Src_Sup 0.0000e+00 (1.6605e-01)	L_Trg_Inj 3.8072e-01 (4.0400e-01)	Loss Disc 6.8934e-01 (6.8761e-01)	Loss Pred 3.3489e-01 (2.9656e-01)	Loss TOTAL 7.1763e-01 (7.0202e-01)
Epoch: [29][ 80/112]	L_Src_Sup 4.6927e-01 (1.7058e-01)	L_Trg_Inj 4.3633e-01 (4.0350e-01)	Loss Disc 6.8543e-01 (6.8761e-01)	Loss Pred 3.0750e-01 (2.9386e-01)	Loss TOTAL 7.7372e-01 (7.0292e-01)
Epoch: [29][ 90/112]	L_Src_Sup 0.0000e+00 (1.6800e-01)	L_Trg_Inj 4.0700e-01 (4.0446e-01)	Loss Disc 6.8775e-01 (6.8748e-01)	Loss Pred 2.8029e-01 (2.9247e-01)	Loss TOTAL 6.6487e-01 (7.0044e-01)
Epoch: [29][100/112]	L_Src_Sup 1.3122e-01 (1.6842e-01)	L_Trg_Inj 2.7642e-01 (4.0554e-01)	Loss Disc 6.9401e-01 (6.8739e-01)	Loss Pred 2.5289e-01 (2.9220e-01)	Loss TOTAL 6.4066e-01 (6.9957e-01)
Epoch: [29][110/112]	L_Src_Sup 2.8795e-01 (1.6709e-01)	L_Trg_Inj 3.3091e-01 (3.9973e-01)	Loss Disc 6.9552e-01 (6.8769e-01)	Loss Pred 2.9384e-01 (2.9259e-01)	Loss TOTAL 7.0349e-01 (6.9948e-01)
Epoch: [29][112/112]	L_Src_Sup 2.5393e-01 (1.6890e-01)	L_Trg_Inj 3.0435e-01 (3.9832e-01)	Loss Disc 6.9008e-01 (6.8781e-01)	Loss Pred 2.9359e-01 (2.9252e-01)	Loss TOTAL 6.9446e-01 (6.9939e-01)
Epoch 29 complete. Saving model state...
Epoch: [30][ 10/112]	L_Src_Sup 3.1839e-02 (1.8244e-01)	L_Trg_Inj 2.7150e-01 (2.8713e-01)	Loss Disc 6.8856e-01 (6.9020e-01)	Loss Pred 3.0728e-01 (2.8005e-01)	Loss TOTAL 6.8189e-01 (7.0485e-01)
Epoch: [30][ 20/112]	L_Src_Sup 3.3045e-01 (1.9839e-01)	L_Trg_Inj 2.8107e-01 (2.7125e-01)	Loss Disc 6.9021e-01 (6.9050e-01)	Loss Pred 2.3888e-01 (2.9317e-01)	Loss TOTAL 6.9452e-01 (7.2409e-01)
Epoch: [30][ 30/112]	L_Src_Sup 3.1752e-01 (2.2264e-01)	L_Trg_Inj 4.5594e-01 (3.4368e-01)	Loss Disc 6.8675e-01 (6.8920e-01)	Loss Pred 3.2149e-01 (2.9709e-01)	Loss TOTAL 7.4221e-01 (7.2863e-01)
Epoch: [30][ 40/112]	L_Src_Sup 0.0000e+00 (2.0091e-01)	L_Trg_Inj 4.1005e-01 (3.5582e-01)	Loss Disc 6.8682e-01 (6.8873e-01)	Loss Pred 2.1168e-01 (2.9658e-01)	Loss TOTAL 5.9609e-01 (7.1935e-01)
Epoch: [30][ 50/112]	L_Src_Sup 2.4276e-01 (2.0783e-01)	L_Trg_Inj 6.1268e-01 (3.7477e-01)	Loss Disc 6.7916e-01 (6.8783e-01)	Loss Pred 3.0737e-01 (2.9384e-01)	Loss TOTAL 7.3249e-01 (7.1422e-01)
Epoch: [30][ 60/112]	L_Src_Sup 4.1316e-01 (1.9612e-01)	L_Trg_Inj 3.6099e-01 (3.7941e-01)	Loss Disc 6.9396e-01 (6.8753e-01)	Loss Pred 2.8080e-01 (2.9727e-01)	Loss TOTAL 7.5736e-01 (7.1463e-01)
Epoch: [30][ 70/112]	L_Src_Sup 0.0000e+00 (2.0292e-01)	L_Trg_Inj 5.0205e-01 (3.8742e-01)	Loss Disc 6.8342e-01 (6.8798e-01)	Loss Pred 2.8046e-01 (2.9325e-01)	Loss TOTAL 6.7238e-01 (7.1232e-01)
Epoch: [30][ 80/112]	L_Src_Sup 0.0000e+00 (1.9982e-01)	L_Trg_Inj 3.7824e-01 (3.9495e-01)	Loss Disc 6.8731e-01 (6.8760e-01)	Loss Pred 2.5209e-01 (2.9326e-01)	Loss TOTAL 6.3357e-01 (7.1057e-01)
Epoch: [30][ 90/112]	L_Src_Sup 4.3083e-01 (2.0202e-01)	L_Trg_Inj 5.0139e-01 (3.9816e-01)	Loss Disc 6.8379e-01 (6.8729e-01)	Loss Pred 2.6559e-01 (2.9081e-01)	Loss TOTAL 7.0071e-01 (7.0736e-01)
Epoch: [30][100/112]	L_Src_Sup 3.4646e-01 (2.0134e-01)	L_Trg_Inj 3.9331e-01 (4.0091e-01)	Loss Disc 6.8147e-01 (6.8702e-01)	Loss Pred 4.0256e-01 (2.9076e-01)	Loss TOTAL 8.1727e-01 (7.0817e-01)
Epoch: [30][110/112]	L_Src_Sup 0.0000e+00 (1.9553e-01)	L_Trg_Inj 5.3512e-01 (4.0450e-01)	Loss Disc 6.9139e-01 (6.8677e-01)	Loss Pred 1.9721e-01 (2.9060e-01)	Loss TOTAL 5.9641e-01 (7.0643e-01)
Epoch: [30][112/112]	L_Src_Sup 8.5839e-02 (1.9447e-01)	L_Trg_Inj 4.5512e-01 (4.0583e-01)	Loss Disc 6.8207e-01 (6.8668e-01)	Loss Pred 3.6231e-01 (2.9126e-01)	Loss TOTAL 7.5744e-01 (7.0685e-01)
Epoch 30 complete. Saving model state...
Epoch: [31][ 10/112]	L_Src_Sup 0.0000e+00 (2.0394e-01)	L_Trg_Inj 3.4366e-01 (4.6637e-01)	Loss Disc 6.8751e-01 (6.8901e-01)	Loss Pred 2.6645e-01 (2.7324e-01)	Loss TOTAL 6.4457e-01 (6.8478e-01)
Epoch: [31][ 20/112]	L_Src_Sup 2.2685e-01 (2.2523e-01)	L_Trg_Inj 4.0607e-01 (4.6703e-01)	Loss Disc 6.8529e-01 (6.8658e-01)	Loss Pred 2.9384e-01 (2.7629e-01)	Loss TOTAL 6.9978e-01 (7.0514e-01)
Epoch: [31][ 30/112]	L_Src_Sup 1.5561e-01 (2.0499e-01)	L_Trg_Inj 3.7734e-01 (4.5452e-01)	Loss Disc 6.7703e-01 (6.8534e-01)	Loss Pred 4.1531e-01 (2.8998e-01)	Loss TOTAL 8.0711e-01 (7.0968e-01)
Epoch: [31][ 40/112]	L_Src_Sup 2.2811e-02 (2.0271e-01)	L_Trg_Inj 5.2762e-01 (4.4904e-01)	Loss Disc 6.7967e-01 (6.8493e-01)	Loss Pred 3.7413e-01 (2.9334e-01)	Loss TOTAL 7.6901e-01 (7.1042e-01)
Epoch: [31][ 50/112]	L_Src_Sup 4.1579e-04 (1.8978e-01)	L_Trg_Inj 4.2160e-01 (4.5093e-01)	Loss Disc 6.8908e-01 (6.8672e-01)	Loss Pred 2.5178e-01 (2.8546e-01)	Loss TOTAL 6.3852e-01 (7.0044e-01)
Epoch: [31][ 60/112]	L_Src_Sup 0.0000e+00 (1.8369e-01)	L_Trg_Inj 3.4436e-01 (4.4913e-01)	Loss Disc 6.8876e-01 (6.8673e-01)	Loss Pred 2.9276e-01 (2.8805e-01)	Loss TOTAL 6.7158e-01 (7.0174e-01)
Epoch: [31][ 70/112]	L_Src_Sup 2.1685e-01 (1.9279e-01)	L_Trg_Inj 4.9461e-01 (4.5150e-01)	Loss Disc 6.8454e-01 (6.8637e-01)	Loss Pred 2.6525e-01 (2.8928e-01)	Loss TOTAL 6.7867e-01 (7.0567e-01)
Epoch: [31][ 80/112]	L_Src_Sup 1.7025e-01 (1.9099e-01)	L_Trg_Inj 5.5469e-01 (4.4642e-01)	Loss Disc 6.8247e-01 (6.8627e-01)	Loss Pred 2.3771e-01 (2.8815e-01)	Loss TOTAL 6.5144e-01 (7.0270e-01)
Epoch: [31][ 90/112]	L_Src_Sup 4.0799e-01 (1.8460e-01)	L_Trg_Inj 5.8872e-01 (4.4527e-01)	Loss Disc 6.8108e-01 (6.8673e-01)	Loss Pred 2.6498e-01 (2.8740e-01)	Loss TOTAL 7.0519e-01 (7.0058e-01)
Epoch: [31][100/112]	L_Src_Sup 4.6797e-01 (1.9054e-01)	L_Trg_Inj 4.3900e-01 (4.4148e-01)	Loss Disc 6.8513e-01 (6.8677e-01)	Loss Pred 3.4664e-01 (2.8980e-01)	Loss TOTAL 8.0888e-01 (7.0304e-01)
Epoch: [31][110/112]	L_Src_Sup 0.0000e+00 (1.8698e-01)	L_Trg_Inj 5.0105e-01 (4.4060e-01)	Loss Disc 6.8445e-01 (6.8659e-01)	Loss Pred 2.3816e-01 (2.8994e-01)	Loss TOTAL 6.3049e-01 (7.0276e-01)
Epoch: [31][112/112]	L_Src_Sup 2.2290e-01 (1.8700e-01)	L_Trg_Inj 3.7478e-01 (4.3997e-01)	Loss Disc 6.8044e-01 (6.8651e-01)	Loss Pred 4.4173e-01 (2.9095e-01)	Loss TOTAL 8.4172e-01 (7.0355e-01)
Epoch 31 complete. Saving model state...
Epoch: [32][ 10/112]	L_Src_Sup 2.6541e-01 (1.8485e-01)	L_Trg_Inj 3.5888e-01 (4.4179e-01)	Loss Disc 6.8798e-01 (6.8592e-01)	Loss Pred 2.6508e-01 (2.5421e-01)	Loss TOTAL 6.7150e-01 (6.7019e-01)
Epoch: [32][ 20/112]	L_Src_Sup 1.0230e-01 (1.6878e-01)	L_Trg_Inj 2.1466e-01 (4.3824e-01)	Loss Disc 6.8694e-01 (6.8468e-01)	Loss Pred 3.3287e-01 (2.7052e-01)	Loss TOTAL 7.0804e-01 (6.7874e-01)
Epoch: [32][ 30/112]	L_Src_Sup 4.6648e-01 (1.9240e-01)	L_Trg_Inj 3.2753e-01 (4.1736e-01)	Loss Disc 6.8876e-01 (6.8458e-01)	Loss Pred 2.9200e-01 (2.8140e-01)	Loss TOTAL 8.5473e-01 (6.9831e-01)
Epoch: [32][ 40/112]	L_Src_Sup 1.1092e-01 (1.8214e-01)	L_Trg_Inj 3.0715e-01 (4.0694e-01)	Loss Disc 6.9093e-01 (6.8771e-01)	Loss Pred 3.0582e-01 (2.8781e-01)	Loss TOTAL 6.9309e-01 (7.0533e-01)
Epoch: [32][ 50/112]	L_Src_Sup 1.4280e-01 (1.8486e-01)	L_Trg_Inj 3.0630e-01 (3.9374e-01)	Loss Disc 6.8968e-01 (6.8788e-01)	Loss Pred 2.6469e-01 (2.8674e-01)	Loss TOTAL 6.5444e-01 (7.0345e-01)
Epoch: [32][ 60/112]	L_Src_Sup 0.0000e+00 (1.9516e-01)	L_Trg_Inj 3.9928e-01 (3.7634e-01)	Loss Disc 6.9186e-01 (6.8833e-01)	Loss Pred 3.9992e-01 (2.8695e-01)	Loss TOTAL 7.8578e-01 (7.1751e-01)
Epoch: [32][ 70/112]	L_Src_Sup 1.8623e-01 (1.8941e-01)	L_Trg_Inj 2.8104e-01 (3.7402e-01)	Loss Disc 6.8985e-01 (6.8838e-01)	Loss Pred 2.9153e-01 (2.9035e-01)	Loss TOTAL 6.8318e-01 (7.1620e-01)
Epoch: [32][ 80/112]	L_Src_Sup 3.5069e-01 (1.9476e-01)	L_Trg_Inj 2.9725e-01 (3.6327e-01)	Loss Disc 6.8783e-01 (6.8864e-01)	Loss Pred 4.0073e-01 (2.9188e-01)	Loss TOTAL 8.6288e-01 (7.1880e-01)
Epoch: [32][ 90/112]	L_Src_Sup 7.6582e-01 (2.1517e-01)	L_Trg_Inj 4.7153e-01 (3.7405e-01)	Loss Disc 6.3838e-01 (6.8666e-01)	Loss Pred 2.4583e-01 (2.9650e-01)	Loss TOTAL 9.8304e-01 (7.2818e-01)
Epoch: [32][100/112]	L_Src_Sup 0.0000e+00 (2.1491e-01)	L_Trg_Inj 4.4251e-01 (3.8503e-01)	Loss Disc 6.6202e-01 (6.8392e-01)	Loss Pred 2.5075e-01 (2.9742e-01)	Loss TOTAL 6.2601e-01 (7.2586e-01)
Epoch: [32][110/112]	L_Src_Sup 1.5678e-03 (2.1959e-01)	L_Trg_Inj 5.6654e-01 (3.9380e-01)	Loss Disc 6.4099e-01 (6.8135e-01)	Loss Pred 2.1650e-01 (2.9622e-01)	Loss TOTAL 5.9380e-01 (7.2421e-01)
Epoch: [32][112/112]	L_Src_Sup 1.6967e-01 (2.2042e-01)	L_Trg_Inj 3.6199e-01 (3.9398e-01)	Loss Disc 6.6715e-01 (6.8113e-01)	Loss Pred 2.9484e-01 (2.9571e-01)	Loss TOTAL 6.8158e-01 (7.2322e-01)
Epoch 32 complete. Saving model state...
Epoch: [33][ 10/112]	L_Src_Sup 2.0245e-01 (1.9953e-01)	L_Trg_Inj 5.8293e-01 (5.2092e-01)	Loss Disc 6.6935e-01 (6.6306e-01)	Loss Pred 3.3344e-01 (2.9968e-01)	Loss TOTAL 7.4665e-01 (7.0640e-01)
Epoch: [33][ 20/112]	L_Src_Sup 2.8797e-01 (2.0483e-01)	L_Trg_Inj 5.3297e-01 (4.9015e-01)	Loss Disc 6.8708e-01 (6.6923e-01)	Loss Pred 3.4813e-01 (2.9205e-01)	Loss TOTAL 7.7376e-01 (6.9774e-01)
Epoch: [33][ 30/112]	L_Src_Sup 3.2065e-01 (2.0890e-01)	L_Trg_Inj 4.7518e-01 (4.7076e-01)	Loss Disc 6.9115e-01 (6.7665e-01)	Loss Pred 3.1925e-01 (2.9525e-01)	Loss TOTAL 7.4440e-01 (7.0799e-01)
Epoch: [33][ 40/112]	L_Src_Sup 3.5673e-01 (1.7793e-01)	L_Trg_Inj 4.9956e-01 (4.7277e-01)	Loss Disc 6.9022e-01 (6.8016e-01)	Loss Pred 3.0614e-01 (2.9310e-01)	Loss TOTAL 7.3688e-01 (7.0308e-01)
Epoch: [33][ 50/112]	L_Src_Sup 2.5056e-01 (1.7705e-01)	L_Trg_Inj 3.7444e-01 (4.6611e-01)	Loss Disc 6.8804e-01 (6.8227e-01)	Loss Pred 1.8256e-01 (2.9393e-01)	Loss TOTAL 5.8908e-01 (7.0325e-01)
Epoch: [33][ 60/112]	L_Src_Sup 0.0000e+00 (1.7504e-01)	L_Trg_Inj 5.1022e-01 (4.5977e-01)	Loss Disc 6.8626e-01 (6.8376e-01)	Loss Pred 2.3675e-01 (2.8921e-01)	Loss TOTAL 6.3090e-01 (6.9922e-01)
Epoch: [33][ 70/112]	L_Src_Sup 0.0000e+00 (1.8223e-01)	L_Trg_Inj 4.9625e-01 (4.5736e-01)	Loss Disc 6.8669e-01 (6.8453e-01)	Loss Pred 2.7784e-01 (2.9135e-01)	Loss TOTAL 6.7081e-01 (7.1113e-01)
Epoch: [33][ 80/112]	L_Src_Sup 1.2427e-01 (1.8824e-01)	L_Trg_Inj 3.1538e-01 (4.5025e-01)	Loss Disc 6.9122e-01 (6.8525e-01)	Loss Pred 2.9122e-01 (2.9411e-01)	Loss TOTAL 6.8080e-01 (7.1360e-01)
Epoch: [33][ 90/112]	L_Src_Sup 1.5559e-01 (1.9171e-01)	L_Trg_Inj 5.0303e-01 (4.4994e-01)	Loss Disc 6.8560e-01 (6.8551e-01)	Loss Pred 2.5036e-01 (2.9077e-01)	Loss TOTAL 6.5902e-01 (7.1021e-01)
Epoch: [33][100/112]	L_Src_Sup 1.7487e-01 (1.9054e-01)	L_Trg_Inj 3.1199e-01 (4.4808e-01)	Loss Disc 6.9239e-01 (6.8594e-01)	Loss Pred 3.5919e-01 (2.9124e-01)	Loss TOTAL 7.5408e-01 (7.0933e-01)
Epoch: [33][110/112]	L_Src_Sup 1.3144e-01 (1.8893e-01)	L_Trg_Inj 4.9819e-01 (4.4778e-01)	Loss Disc 6.8864e-01 (6.8627e-01)	Loss Pred 2.7755e-01 (2.8978e-01)	Loss TOTAL 6.8483e-01 (7.0683e-01)
Epoch: [33][112/112]	L_Src_Sup 2.6768e-01 (1.8846e-01)	L_Trg_Inj 5.0025e-01 (4.4802e-01)	Loss Disc 6.9025e-01 (6.8634e-01)	Loss Pred 3.1817e-01 (2.9017e-01)	Loss TOTAL 7.4009e-01 (7.0704e-01)
Epoch 33 complete. Saving model state...
Epoch: [34][ 10/112]	L_Src_Sup 1.4307e-01 (1.3835e-01)	L_Trg_Inj 2.1643e-01 (3.9475e-01)	Loss Disc 6.9330e-01 (6.9059e-01)	Loss Pred 2.6450e-01 (2.8722e-01)	Loss TOTAL 6.4710e-01 (6.8583e-01)
Epoch: [34][ 20/112]	L_Src_Sup 0.0000e+00 (1.6160e-01)	L_Trg_Inj 5.6799e-01 (4.1457e-01)	Loss Disc 6.8835e-01 (6.9033e-01)	Loss Pred 3.5938e-01 (3.0008e-01)	Loss TOTAL 7.6036e-01 (7.1003e-01)
Epoch: [34][ 30/112]	L_Src_Sup 3.7172e-01 (1.7338e-01)	L_Trg_Inj 1.9111e-01 (3.8909e-01)	Loss Disc 6.9354e-01 (6.9069e-01)	Loss Pred 3.7216e-01 (2.9714e-01)	Loss TOTAL 9.5582e-01 (7.0954e-01)
Epoch: [34][ 40/112]	L_Src_Sup 5.2837e-01 (1.7762e-01)	L_Trg_Inj 4.3542e-01 (3.8417e-01)	Loss Disc 6.8905e-01 (6.9065e-01)	Loss Pred 2.3689e-01 (2.9905e-01)	Loss TOTAL 7.7074e-01 (7.1201e-01)
Epoch: [34][ 50/112]	L_Src_Sup 0.0000e+00 (1.9780e-01)	L_Trg_Inj 3.9641e-01 (3.8887e-01)	Loss Disc 6.8683e-01 (6.9027e-01)	Loss Pred 2.9053e-01 (2.9336e-01)	Loss TOTAL 6.7359e-01 (7.1584e-01)
Epoch: [34][ 60/112]	L_Src_Sup 0.0000e+00 (1.9899e-01)	L_Trg_Inj 3.8860e-01 (3.9915e-01)	Loss Disc 6.8804e-01 (6.8975e-01)	Loss Pred 3.5953e-01 (2.8936e-01)	Loss TOTAL 7.4241e-01 (7.1100e-01)
Epoch: [34][ 70/112]	L_Src_Sup 1.7123e-01 (1.9760e-01)	L_Trg_Inj 3.4458e-01 (4.0466e-01)	Loss Disc 6.8773e-01 (6.8918e-01)	Loss Pred 3.0522e-01 (2.8800e-01)	Loss TOTAL 7.0067e-01 (7.0735e-01)
Epoch: [34][ 80/112]	L_Src_Sup 3.2106e-01 (1.9603e-01)	L_Trg_Inj 4.7472e-01 (4.0831e-01)	Loss Disc 6.8762e-01 (6.8885e-01)	Loss Pred 3.1756e-01 (2.9034e-01)	Loss TOTAL 7.4095e-01 (7.0791e-01)
Epoch: [34][ 90/112]	L_Src_Sup 4.4314e-04 (1.9090e-01)	L_Trg_Inj 5.0306e-01 (4.0760e-01)	Loss Disc 6.8727e-01 (6.8868e-01)	Loss Pred 3.1957e-01 (2.8906e-01)	Loss TOTAL 7.1356e-01 (7.0455e-01)
Epoch: [34][100/112]	L_Src_Sup 2.0509e-01 (1.8937e-01)	L_Trg_Inj 4.9841e-01 (4.1456e-01)	Loss Disc 6.8759e-01 (6.8851e-01)	Loss Pred 3.7133e-01 (2.8908e-01)	Loss TOTAL 7.8548e-01 (7.0390e-01)
Epoch: [34][110/112]	L_Src_Sup 6.3759e-02 (1.9655e-01)	L_Trg_Inj 3.3059e-01 (4.1864e-01)	Loss Disc 6.9012e-01 (6.8834e-01)	Loss Pred 1.9579e-01 (2.8786e-01)	Loss TOTAL 5.8028e-01 (7.0382e-01)
Epoch: [34][112/112]	L_Src_Sup 1.0775e-01 (1.9476e-01)	L_Trg_Inj 6.1084e-01 (4.1984e-01)	Loss Disc 6.8124e-01 (6.8826e-01)	Loss Pred 3.1703e-01 (2.8899e-01)	Loss TOTAL 7.2952e-01 (7.0467e-01)
Epoch 34 complete. Saving model state...
Epoch: [35][ 10/112]	L_Src_Sup 0.0000e+00 (1.9356e-01)	L_Trg_Inj 4.2102e-01 (4.2761e-01)	Loss Disc 6.8410e-01 (6.8147e-01)	Loss Pred 1.7644e-01 (2.9237e-01)	Loss TOTAL 5.6059e-01 (7.0829e-01)
Epoch: [35][ 20/112]	L_Src_Sup 3.1737e-01 (1.7764e-01)	L_Trg_Inj 3.9027e-01 (4.2094e-01)	Loss Disc 6.7886e-01 (6.7972e-01)	Loss Pred 2.3631e-01 (2.7811e-01)	Loss TOTAL 6.4650e-01 (6.8436e-01)
Epoch: [35][ 30/112]	L_Src_Sup 0.0000e+00 (2.0238e-01)	L_Trg_Inj 4.7820e-01 (4.3246e-01)	Loss Disc 6.8205e-01 (6.7833e-01)	Loss Pred 1.9554e-01 (2.7814e-01)	Loss TOTAL 5.8438e-01 (6.8522e-01)
Epoch: [35][ 40/112]	L_Src_Sup 1.4473e-01 (2.1075e-01)	L_Trg_Inj 3.6213e-01 (4.3042e-01)	Loss Disc 6.8556e-01 (6.7816e-01)	Loss Pred 2.7678e-01 (2.7774e-01)	Loss TOTAL 6.7025e-01 (7.0761e-01)
Epoch: [35][ 50/112]	L_Src_Sup 0.0000e+00 (1.9733e-01)	L_Trg_Inj 4.5955e-01 (4.3182e-01)	Loss Disc 7.0219e-01 (6.8261e-01)	Loss Pred 2.2590e-01 (2.7989e-01)	Loss TOTAL 6.2294e-01 (7.0545e-01)
Epoch: [35][ 60/112]	L_Src_Sup 0.0000e+00 (1.8778e-01)	L_Trg_Inj 3.7818e-01 (4.4241e-01)	Loss Disc 6.8862e-01 (6.8314e-01)	Loss Pred 2.6333e-01 (2.8572e-01)	Loss TOTAL 6.4546e-01 (7.0809e-01)
Epoch: [35][ 70/112]	L_Src_Sup 4.0413e-01 (1.8994e-01)	L_Trg_Inj 4.6851e-01 (4.4181e-01)	Loss Disc 6.8343e-01 (6.8361e-01)	Loss Pred 3.9880e-01 (2.8443e-01)	Loss TOTAL 8.2778e-01 (7.0523e-01)
Epoch: [35][ 80/112]	L_Src_Sup 4.2284e-01 (1.7885e-01)	L_Trg_Inj 3.2750e-01 (4.3862e-01)	Loss Disc 6.8368e-01 (6.8388e-01)	Loss Pred 3.7078e-01 (2.8345e-01)	Loss TOTAL 8.8300e-01 (7.0217e-01)
Epoch: [35][ 90/112]	L_Src_Sup 0.0000e+00 (1.7984e-01)	L_Trg_Inj 3.9430e-01 (4.3542e-01)	Loss Disc 6.9530e-01 (6.8394e-01)	Loss Pred 1.9567e-01 (2.8669e-01)	Loss TOTAL 5.8275e-01 (7.0502e-01)
Epoch: [35][100/112]	L_Src_Sup 3.6189e-01 (1.7894e-01)	L_Trg_Inj 2.4651e-01 (4.3370e-01)	Loss Disc 6.9108e-01 (6.8454e-01)	Loss Pred 3.0291e-01 (2.8884e-01)	Loss TOTAL 8.2467e-01 (7.0688e-01)
Epoch: [35][110/112]	L_Src_Sup 3.5149e-01 (1.8413e-01)	L_Trg_Inj 4.3844e-01 (4.2932e-01)	Loss Disc 6.8723e-01 (6.8484e-01)	Loss Pred 2.7629e-01 (2.8795e-01)	Loss TOTAL 6.9890e-01 (7.0691e-01)
Epoch: [35][112/112]	L_Src_Sup 2.7861e-01 (1.8424e-01)	L_Trg_Inj 4.2351e-01 (4.2963e-01)	Loss Disc 6.8722e-01 (6.8488e-01)	Loss Pred 2.6264e-01 (2.8810e-01)	Loss TOTAL 6.7646e-01 (7.0684e-01)
Epoch 35 complete. Saving model state...
Epoch: [36][ 10/112]	L_Src_Sup 1.5711e-01 (2.4981e-01)	L_Trg_Inj 4.6875e-01 (4.5782e-01)	Loss Disc 6.8322e-01 (6.8581e-01)	Loss Pred 4.0940e-01 (3.1635e-01)	Loss TOTAL 8.1360e-01 (7.3001e-01)
Epoch: [36][ 20/112]	L_Src_Sup 4.5605e-01 (2.2442e-01)	L_Trg_Inj 4.0032e-01 (4.3116e-01)	Loss Disc 6.8600e-01 (6.8631e-01)	Loss Pred 3.0260e-01 (2.9293e-01)	Loss TOTAL 7.8697e-01 (7.0443e-01)
Epoch: [36][ 30/112]	L_Src_Sup 1.4665e-01 (2.6246e-01)	L_Trg_Inj 3.0569e-01 (4.1528e-01)	Loss Disc 6.8226e-01 (6.8556e-01)	Loss Pred 2.4948e-01 (2.7712e-01)	Loss TOTAL 6.3585e-01 (7.1186e-01)
Epoch: [36][ 40/112]	L_Src_Sup 1.1828e-01 (2.3708e-01)	L_Trg_Inj 3.6822e-01 (3.8897e-01)	Loss Disc 6.7583e-01 (6.8392e-01)	Loss Pred 2.8936e-01 (2.7557e-01)	Loss TOTAL 6.7592e-01 (7.0081e-01)
Epoch: [36][ 50/112]	L_Src_Sup 1.2892e-01 (2.2773e-01)	L_Trg_Inj 2.8045e-01 (3.7068e-01)	Loss Disc 6.7719e-01 (6.8216e-01)	Loss Pred 2.6271e-01 (2.7969e-01)	Loss TOTAL 6.4224e-01 (7.0185e-01)
Epoch: [36][ 60/112]	L_Src_Sup 1.7561e-01 (2.0493e-01)	L_Trg_Inj 2.6454e-01 (3.5484e-01)	Loss Disc 6.7951e-01 (6.8085e-01)	Loss Pred 2.2232e-01 (2.8130e-01)	Loss TOTAL 6.0609e-01 (6.9541e-01)
Epoch: [36][ 70/112]	L_Src_Sup 2.6806e-01 (2.0886e-01)	L_Trg_Inj 2.3418e-01 (3.4093e-01)	Loss Disc 6.7561e-01 (6.7959e-01)	Loss Pred 2.6297e-01 (2.8514e-01)	Loss TOTAL 6.8487e-01 (7.0020e-01)
Epoch: [36][ 80/112]	L_Src_Sup 0.0000e+00 (2.0076e-01)	L_Trg_Inj 3.2332e-01 (3.3625e-01)	Loss Disc 7.1175e-01 (6.7930e-01)	Loss Pred 2.0928e-01 (2.8719e-01)	Loss TOTAL 5.9749e-01 (7.0143e-01)
Epoch: [36][ 90/112]	L_Src_Sup 1.3328e-01 (2.0073e-01)	L_Trg_Inj 3.9435e-01 (3.4946e-01)	Loss Disc 7.0889e-01 (6.8320e-01)	Loss Pred 2.6265e-01 (2.8773e-01)	Loss TOTAL 6.6985e-01 (7.0292e-01)
Epoch: [36][100/112]	L_Src_Sup 2.0825e-01 (2.0371e-01)	L_Trg_Inj 3.0181e-01 (3.5889e-01)	Loss Disc 6.9375e-01 (6.8394e-01)	Loss Pred 3.5594e-01 (2.8603e-01)	Loss TOTAL 7.5382e-01 (7.0248e-01)
Epoch: [36][110/112]	L_Src_Sup 2.2540e-01 (2.0477e-01)	L_Trg_Inj 4.2815e-01 (3.6471e-01)	Loss Disc 6.8670e-01 (6.8427e-01)	Loss Pred 3.0233e-01 (2.8753e-01)	Loss TOTAL 7.1104e-01 (7.0379e-01)
Epoch: [36][112/112]	L_Src_Sup 0.0000e+00 (2.0293e-01)	L_Trg_Inj 3.3545e-01 (3.6486e-01)	Loss Disc 6.9136e-01 (6.8440e-01)	Loss Pred 3.2897e-01 (2.8791e-01)	Loss TOTAL 7.0820e-01 (7.0376e-01)
Epoch 36 complete. Saving model state...
Epoch: [37][ 10/112]	L_Src_Sup 0.0000e+00 (1.7793e-01)	L_Trg_Inj 4.2471e-01 (4.1385e-01)	Loss Disc 6.8674e-01 (6.8780e-01)	Loss Pred 2.3582e-01 (2.9692e-01)	Loss TOTAL 6.2166e-01 (7.1119e-01)
Epoch: [37][ 20/112]	L_Src_Sup 1.3333e-01 (1.7566e-01)	L_Trg_Inj 4.0245e-01 (4.2826e-01)	Loss Disc 6.8809e-01 (6.8725e-01)	Loss Pred 2.7532e-01 (2.9354e-01)	Loss TOTAL 6.7294e-01 (7.0710e-01)
Epoch: [37][ 30/112]	L_Src_Sup 3.3684e-01 (1.5178e-01)	L_Trg_Inj 4.3926e-01 (4.3442e-01)	Loss Disc 6.8616e-01 (6.8680e-01)	Loss Pred 2.3531e-01 (2.8672e-01)	Loss TOTAL 6.5600e-01 (6.9510e-01)
Epoch: [37][ 40/112]	L_Src_Sup 1.7851e-01 (1.7580e-01)	L_Trg_Inj 3.4441e-01 (4.4287e-01)	Loss Disc 6.8944e-01 (6.8658e-01)	Loss Pred 3.6844e-01 (2.8485e-01)	Loss TOTAL 7.6545e-01 (6.9834e-01)
Epoch: [37][ 50/112]	L_Src_Sup 7.1321e-01 (1.9738e-01)	L_Trg_Inj 5.9356e-01 (4.4562e-01)	Loss Disc 6.8132e-01 (6.8627e-01)	Loss Pred 2.6171e-01 (2.8455e-01)	Loss TOTAL 8.5269e-01 (7.0299e-01)
Epoch: [37][ 60/112]	L_Src_Sup 4.8212e-01 (1.9865e-01)	L_Trg_Inj 4.5413e-01 (4.5024e-01)	Loss Disc 6.8190e-01 (6.8569e-01)	Loss Pred 2.4872e-01 (2.8699e-01)	Loss TOTAL 7.1127e-01 (7.0436e-01)
Epoch: [37][ 70/112]	L_Src_Sup 1.7998e-01 (1.9930e-01)	L_Trg_Inj 3.8445e-01 (4.3904e-01)	Loss Disc 6.8334e-01 (6.8647e-01)	Loss Pred 3.7363e-01 (2.8618e-01)	Loss TOTAL 7.7175e-01 (7.0223e-01)
Epoch: [37][ 80/112]	L_Src_Sup 1.0902e-01 (1.9463e-01)	L_Trg_Inj 4.7299e-01 (4.2975e-01)	Loss Disc 6.8821e-01 (6.8675e-01)	Loss Pred 2.4841e-01 (2.8470e-01)	Loss TOTAL 6.5072e-01 (7.0183e-01)
Epoch: [37][ 90/112]	L_Src_Sup 1.2304e-01 (1.9442e-01)	L_Trg_Inj 4.9107e-01 (4.3004e-01)	Loss Disc 6.8460e-01 (6.8680e-01)	Loss Pred 2.8921e-01 (2.8617e-01)	Loss TOTAL 6.9292e-01 (7.0207e-01)
Epoch: [37][100/112]	L_Src_Sup 1.4328e-01 (2.0285e-01)	L_Trg_Inj 5.0277e-01 (4.3756e-01)	Loss Disc 6.7935e-01 (6.8629e-01)	Loss Pred 2.6144e-01 (2.8560e-01)	Loss TOTAL 6.6572e-01 (7.0335e-01)
Epoch: [37][110/112]	L_Src_Sup 1.5111e-01 (2.0275e-01)	L_Trg_Inj 4.8547e-01 (4.4550e-01)	Loss Disc 6.8852e-01 (6.8576e-01)	Loss Pred 2.4843e-01 (2.8680e-01)	Loss TOTAL 6.5635e-01 (7.0501e-01)
Epoch: [37][112/112]	L_Src_Sup 2.0522e-01 (2.0507e-01)	L_Trg_Inj 3.5502e-01 (4.4448e-01)	Loss Disc 6.9244e-01 (6.8581e-01)	Loss Pred 3.1473e-01 (2.8671e-01)	Loss TOTAL 7.1698e-01 (7.0523e-01)
Epoch 37 complete. Saving model state...
Epoch: [38][ 10/112]	L_Src_Sup 0.0000e+00 (1.2975e-01)	L_Trg_Inj 3.4476e-01 (4.5057e-01)	Loss Disc 6.9182e-01 (6.8748e-01)	Loss Pred 2.8819e-01 (3.0023e-01)	Loss TOTAL 6.6857e-01 (7.0201e-01)
Epoch: [38][ 20/112]	L_Src_Sup 1.0915e-01 (1.7966e-01)	L_Trg_Inj 3.7869e-01 (4.6143e-01)	Loss Disc 6.8963e-01 (6.8586e-01)	Loss Pred 3.4123e-01 (2.8433e-01)	Loss TOTAL 7.3483e-01 (6.9363e-01)
Epoch: [38][ 30/112]	L_Src_Sup 1.3168e-01 (1.8793e-01)	L_Trg_Inj 4.7264e-01 (4.6230e-01)	Loss Disc 6.8553e-01 (6.8603e-01)	Loss Pred 2.7475e-01 (2.8783e-01)	Loss TOTAL 6.7795e-01 (6.9737e-01)
Epoch: [38][ 40/112]	L_Src_Sup 3.0740e-01 (1.8472e-01)	L_Trg_Inj 4.5290e-01 (4.5983e-01)	Loss Disc 6.8617e-01 (6.8604e-01)	Loss Pred 2.4794e-01 (2.8520e-01)	Loss TOTAL 6.6705e-01 (6.9380e-01)
Epoch: [38][ 50/112]	L_Src_Sup 8.0056e-01 (2.0785e-01)	L_Trg_Inj 3.9614e-01 (4.5049e-01)	Loss Disc 6.8693e-01 (6.8623e-01)	Loss Pred 2.0935e-01 (2.8497e-01)	Loss TOTAL 1.0769e+00 (7.0353e-01)
Epoch: [38][ 60/112]	L_Src_Sup 1.0830e-01 (2.1919e-01)	L_Trg_Inj 6.4106e-01 (4.5965e-01)	Loss Disc 6.7407e-01 (6.8518e-01)	Loss Pred 3.1424e-01 (2.8549e-01)	Loss TOTAL 7.2621e-01 (7.0396e-01)
Epoch: [38][ 70/112]	L_Src_Sup 1.2242e-01 (2.1904e-01)	L_Trg_Inj 4.6799e-01 (4.7559e-01)	Loss Disc 6.8297e-01 (6.8448e-01)	Loss Pred 2.8905e-01 (2.8202e-01)	Loss TOTAL 6.8958e-01 (7.0058e-01)
Epoch: [38][ 80/112]	L_Src_Sup 5.9531e-01 (2.0901e-01)	L_Trg_Inj 6.2951e-01 (4.8329e-01)	Loss Disc 6.7899e-01 (6.8461e-01)	Loss Pred 2.0815e-01 (2.8181e-01)	Loss TOTAL 6.7012e-01 (6.9935e-01)
Epoch: [38][ 90/112]	L_Src_Sup 2.2289e-01 (2.1187e-01)	L_Trg_Inj 5.8085e-01 (4.8989e-01)	Loss Disc 6.7746e-01 (6.8433e-01)	Loss Pred 3.1394e-01 (2.8202e-01)	Loss TOTAL 7.3304e-01 (7.0105e-01)
Epoch: [38][100/112]	L_Src_Sup 1.9305e-01 (2.1086e-01)	L_Trg_Inj 6.1055e-01 (4.9794e-01)	Loss Disc 6.8365e-01 (6.8406e-01)	Loss Pred 2.1050e-01 (2.8384e-01)	Loss TOTAL 6.3269e-01 (7.0383e-01)
Epoch: [38][110/112]	L_Src_Sup 2.5185e-01 (2.0711e-01)	L_Trg_Inj 5.7819e-01 (5.0245e-01)	Loss Disc 6.7479e-01 (6.8371e-01)	Loss Pred 3.6640e-01 (2.8681e-01)	Loss TOTAL 7.8680e-01 (7.0607e-01)
Epoch: [38][112/112]	L_Src_Sup 2.9441e-01 (2.0732e-01)	L_Trg_Inj 7.4227e-01 (5.0443e-01)	Loss Disc 6.7422e-01 (6.8359e-01)	Loss Pred 2.3489e-01 (2.8612e-01)	Loss TOTAL 6.7567e-01 (7.0542e-01)
Epoch 38 complete. Saving model state...
Epoch: [39][ 10/112]	L_Src_Sup 1.2955e-01 (1.9440e-01)	L_Trg_Inj 4.6843e-01 (5.6435e-01)	Loss Disc 6.9140e-01 (6.8086e-01)	Loss Pred 2.7423e-01 (2.8491e-01)	Loss TOTAL 6.7973e-01 (7.0122e-01)
Epoch: [39][ 20/112]	L_Src_Sup 2.5845e-01 (2.1613e-01)	L_Trg_Inj 5.0306e-01 (5.2590e-01)	Loss Disc 6.8854e-01 (6.8403e-01)	Loss Pred 3.1384e-01 (2.7843e-01)	Loss TOTAL 7.3426e-01 (6.9710e-01)
Epoch: [39][ 30/112]	L_Src_Sup 1.9480e-01 (2.1110e-01)	L_Trg_Inj 5.4906e-01 (5.1537e-01)	Loss Disc 6.8271e-01 (6.8479e-01)	Loss Pred 3.4033e-01 (2.8056e-01)	Loss TOTAL 7.5608e-01 (6.9724e-01)
Epoch: [39][ 40/112]	L_Src_Sup 4.2912e-01 (2.1459e-01)	L_Trg_Inj 3.9489e-01 (4.9275e-01)	Loss Disc 6.8803e-01 (6.8535e-01)	Loss Pred 2.6049e-01 (2.7665e-01)	Loss TOTAL 7.2114e-01 (6.9305e-01)
Epoch: [39][ 50/112]	L_Src_Sup 2.5011e-01 (2.0341e-01)	L_Trg_Inj 4.0796e-01 (4.8394e-01)	Loss Disc 6.8345e-01 (6.8518e-01)	Loss Pred 1.8084e-01 (2.7321e-01)	Loss TOTAL 5.8838e-01 (6.8693e-01)
Epoch: [39][ 60/112]	L_Src_Sup 1.5572e-01 (1.9969e-01)	L_Trg_Inj 4.7582e-01 (4.7580e-01)	Loss Disc 6.8685e-01 (6.8544e-01)	Loss Pred 2.3411e-01 (2.7221e-01)	Loss TOTAL 6.4069e-01 (6.8626e-01)
Epoch: [39][ 70/112]	L_Src_Sup 1.3250e-01 (2.0276e-01)	L_Trg_Inj 3.2954e-01 (4.6200e-01)	Loss Disc 6.8900e-01 (6.8582e-01)	Loss Pred 2.7396e-01 (2.7457e-01)	Loss TOTAL 6.6466e-01 (6.9027e-01)
Epoch: [39][ 80/112]	L_Src_Sup 1.9259e-01 (2.0823e-01)	L_Trg_Inj 4.5437e-01 (4.6029e-01)	Loss Disc 6.8679e-01 (6.8586e-01)	Loss Pred 3.5313e-01 (2.7780e-01)	Loss TOTAL 7.6122e-01 (6.9310e-01)
Epoch: [39][ 90/112]	L_Src_Sup 0.0000e+00 (2.1612e-01)	L_Trg_Inj 4.2812e-01 (4.5589e-01)	Loss Disc 6.8671e-01 (6.8589e-01)	Loss Pred 2.8702e-01 (2.8089e-01)	Loss TOTAL 6.7318e-01 (6.9995e-01)
Epoch: [39][100/112]	L_Src_Sup 0.0000e+00 (2.1819e-01)	L_Trg_Inj 4.6136e-01 (4.5465e-01)	Loss Disc 6.8540e-01 (6.8597e-01)	Loss Pred 3.3964e-01 (2.8414e-01)	Loss TOTAL 7.2847e-01 (7.0409e-01)
Epoch: [39][110/112]	L_Src_Sup 3.5962e-01 (2.1640e-01)	L_Trg_Inj 4.0924e-01 (4.5230e-01)	Loss Disc 6.8812e-01 (6.8603e-01)	Loss Pred 2.2100e-01 (2.8394e-01)	Loss TOTAL 6.4195e-01 (7.0263e-01)
Epoch: [39][112/112]	L_Src_Sup 1.4462e-01 (2.1777e-01)	L_Trg_Inj 6.2634e-01 (4.5317e-01)	Loss Disc 6.8002e-01 (6.8598e-01)	Loss Pred 4.3252e-01 (2.8554e-01)	Loss TOTAL 8.4963e-01 (7.0487e-01)
Epoch 39 complete. Saving model state...
Epoch: [40][ 10/112]	L_Src_Sup 2.0026e-01 (2.4989e-01)	L_Trg_Inj 4.2940e-01 (4.4400e-01)	Loss Disc 6.8875e-01 (6.8632e-01)	Loss Pred 3.6554e-01 (2.9215e-01)	Loss TOTAL 7.7288e-01 (7.1344e-01)
Epoch: [40][ 20/112]	L_Src_Sup 1.1083e-01 (2.0635e-01)	L_Trg_Inj 4.8117e-01 (4.4224e-01)	Loss Disc 6.8558e-01 (6.8650e-01)	Loss Pred 3.1284e-01 (2.8899e-01)	Loss TOTAL 7.1483e-01 (7.0727e-01)
Epoch: [40][ 30/112]	L_Src_Sup 4.3487e-01 (2.1985e-01)	L_Trg_Inj 5.8959e-01 (4.7327e-01)	Loss Disc 6.8065e-01 (6.8506e-01)	Loss Pred 2.6020e-01 (2.7293e-01)	Loss TOTAL 7.0297e-01 (6.9155e-01)
Epoch: [40][ 40/112]	L_Src_Sup 3.7131e-01 (2.0116e-01)	L_Trg_Inj 5.2750e-01 (4.6359e-01)	Loss Disc 6.7727e-01 (6.8449e-01)	Loss Pred 3.6535e-01 (2.7801e-01)	Loss TOTAL 7.9387e-01 (6.9182e-01)
Epoch: [40][ 50/112]	L_Src_Sup 1.3248e-01 (1.9883e-01)	L_Trg_Inj 2.6723e-01 (4.5804e-01)	Loss Disc 6.9112e-01 (6.8399e-01)	Loss Pred 2.8649e-01 (2.8209e-01)	Loss TOTAL 6.7202e-01 (6.9565e-01)
Epoch: [40][ 60/112]	L_Src_Sup 0.0000e+00 (1.9505e-01)	L_Trg_Inj 4.3859e-01 (4.6103e-01)	Loss Disc 6.9121e-01 (6.8417e-01)	Loss Pred 2.5993e-01 (2.7711e-01)	Loss TOTAL 6.4940e-01 (6.8971e-01)
Epoch: [40][ 70/112]	L_Src_Sup 4.6101e-01 (2.0658e-01)	L_Trg_Inj 5.3122e-01 (4.5916e-01)	Loss Disc 6.8192e-01 (6.8513e-01)	Loss Pred 2.4801e-01 (2.7816e-01)	Loss TOTAL 6.8819e-01 (6.9191e-01)
Epoch: [40][ 80/112]	L_Src_Sup 0.0000e+00 (2.1503e-01)	L_Trg_Inj 4.8587e-01 (4.5457e-01)	Loss Disc 6.8671e-01 (6.8521e-01)	Loss Pred 2.0732e-01 (2.7952e-01)	Loss TOTAL 5.9926e-01 (6.9535e-01)
Epoch: [40][ 90/112]	L_Src_Sup 2.3568e-01 (2.1245e-01)	L_Trg_Inj 4.6368e-01 (4.5167e-01)	Loss Disc 6.8781e-01 (6.8545e-01)	Loss Pred 3.1373e-01 (2.8217e-01)	Loss TOTAL 7.2757e-01 (6.9736e-01)
Epoch: [40][100/112]	L_Src_Sup 2.1852e-01 (2.0669e-01)	L_Trg_Inj 4.2459e-01 (4.4582e-01)	Loss Disc 6.8732e-01 (6.8590e-01)	Loss Pred 3.1257e-01 (2.8260e-01)	Loss TOTAL 7.2054e-01 (6.9625e-01)
Epoch: [40][110/112]	L_Src_Sup 1.3477e-01 (2.0653e-01)	L_Trg_Inj 3.9058e-01 (4.4553e-01)	Loss Disc 6.8671e-01 (6.8592e-01)	Loss Pred 2.7318e-01 (2.8390e-01)	Loss TOTAL 6.6906e-01 (6.9734e-01)
Epoch: [40][112/112]	L_Src_Sup 3.2746e-01 (2.0762e-01)	L_Trg_Inj 3.7617e-01 (4.4442e-01)	Loss Disc 6.8675e-01 (6.8593e-01)	Loss Pred 3.2523e-01 (2.8475e-01)	Loss TOTAL 7.3897e-01 (6.9811e-01)
Epoch 40 complete. Saving model state...
Epoch: [41][ 10/112]	L_Src_Sup 1.1719e-01 (1.4793e-01)	L_Trg_Inj 3.3935e-01 (4.3465e-01)	Loss Disc 6.8815e-01 (6.8572e-01)	Loss Pred 2.9932e-01 (2.9144e-01)	Loss TOTAL 6.8905e-01 (6.9256e-01)
Epoch: [41][ 20/112]	L_Src_Sup 1.2720e-01 (1.4853e-01)	L_Trg_Inj 3.0092e-01 (3.6506e-01)	Loss Disc 6.8905e-01 (6.8805e-01)	Loss Pred 2.8591e-01 (2.9009e-01)	Loss TOTAL 6.7325e-01 (7.0469e-01)
Epoch: [41][ 30/112]	L_Src_Sup 2.8182e-01 (1.8516e-01)	L_Trg_Inj 2.1938e-01 (3.3162e-01)	Loss Disc 6.9054e-01 (6.8898e-01)	Loss Pred 2.5976e-01 (2.8847e-01)	Loss TOTAL 7.1759e-01 (7.1639e-01)
Epoch: [41][ 40/112]	L_Src_Sup 1.4206e-02 (1.8862e-01)	L_Trg_Inj 4.9333e-01 (3.2805e-01)	Loss Disc 6.8682e-01 (6.8925e-01)	Loss Pred 2.8629e-01 (2.8886e-01)	Loss TOTAL 6.8045e-01 (7.1768e-01)
Epoch: [41][ 50/112]	L_Src_Sup 1.0152e-01 (1.8311e-01)	L_Trg_Inj 4.6852e-01 (3.5242e-01)	Loss Disc 6.8434e-01 (6.8870e-01)	Loss Pred 3.1218e-01 (2.8731e-01)	Loss TOTAL 7.1136e-01 (7.1124e-01)
Epoch: [41][ 60/112]	L_Src_Sup 0.0000e+00 (1.9033e-01)	L_Trg_Inj 4.0627e-01 (3.6373e-01)	Loss Disc 6.8335e-01 (6.8771e-01)	Loss Pred 2.3367e-01 (2.8972e-01)	Loss TOTAL 6.1597e-01 (7.1066e-01)
Epoch: [41][ 70/112]	L_Src_Sup 1.9085e-01 (1.9762e-01)	L_Trg_Inj 5.2113e-01 (3.7922e-01)	Loss Disc 6.7334e-01 (6.8625e-01)	Loss Pred 2.9896e-01 (2.8729e-01)	Loss TOTAL 7.0682e-01 (7.0668e-01)
Epoch: [41][ 80/112]	L_Src_Sup 2.8786e-01 (1.9047e-01)	L_Trg_Inj 4.6898e-01 (3.9035e-01)	Loss Disc 6.6778e-01 (6.8458e-01)	Loss Pred 3.5062e-01 (2.8840e-01)	Loss TOTAL 7.6019e-01 (7.0503e-01)
Epoch: [41][ 90/112]	L_Src_Sup 0.0000e+00 (1.8441e-01)	L_Trg_Inj 4.2733e-01 (3.9470e-01)	Loss Disc 6.7238e-01 (6.8299e-01)	Loss Pred 2.7287e-01 (2.9054e-01)	Loss TOTAL 6.5180e-01 (7.0485e-01)
Epoch: [41][100/112]	L_Src_Sup 1.3530e-01 (1.8981e-01)	L_Trg_Inj 4.9988e-01 (3.9608e-01)	Loss Disc 6.7244e-01 (6.8210e-01)	Loss Pred 2.7300e-01 (2.8682e-01)	Loss TOTAL 6.7273e-01 (7.0263e-01)
Epoch: [41][110/112]	L_Src_Sup 1.9789e-01 (1.9400e-01)	L_Trg_Inj 4.3660e-01 (4.0165e-01)	Loss Disc 6.8054e-01 (6.8147e-01)	Loss Pred 2.0747e-01 (2.8462e-01)	Loss TOTAL 6.1119e-01 (6.9962e-01)
Epoch: [41][112/112]	L_Src_Sup 1.2262e-01 (1.9284e-01)	L_Trg_Inj 3.4370e-01 (4.0104e-01)	Loss Disc 6.7806e-01 (6.8139e-01)	Loss Pred 2.8582e-01 (2.8442e-01)	Loss TOTAL 6.7148e-01 (6.9894e-01)
Epoch 41 complete. Saving model state...
Epoch: [42][ 10/112]	L_Src_Sup 1.0007e-01 (1.4446e-01)	L_Trg_Inj 4.0308e-01 (4.7630e-01)	Loss Disc 7.1859e-01 (6.8513e-01)	Loss Pred 3.2560e-01 (2.9369e-01)	Loss TOTAL 7.3522e-01 (6.9833e-01)
Epoch: [42][ 20/112]	L_Src_Sup 1.7394e-01 (1.6150e-01)	L_Trg_Inj 2.9446e-01 (4.0007e-01)	Loss Disc 6.9375e-01 (7.0075e-01)	Loss Pred 2.5959e-01 (2.9872e-01)	Loss TOTAL 6.5330e-01 (7.0971e-01)
Epoch: [42][ 30/112]	L_Src_Sup 0.0000e+00 (1.3656e-01)	L_Trg_Inj 2.1594e-01 (3.5908e-01)	Loss Disc 6.8989e-01 (6.9708e-01)	Loss Pred 2.4657e-01 (2.9926e-01)	Loss TOTAL 6.1311e-01 (7.0341e-01)
Epoch: [42][ 40/112]	L_Src_Sup 9.1651e-02 (1.5346e-01)	L_Trg_Inj 4.7209e-01 (3.5583e-01)	Loss Disc 6.8549e-01 (6.9489e-01)	Loss Pred 3.5041e-01 (2.9909e-01)	Loss TOTAL 7.4953e-01 (7.0722e-01)
Epoch: [42][ 50/112]	L_Src_Sup 3.3829e-01 (1.7293e-01)	L_Trg_Inj 5.0721e-01 (3.6780e-01)	Loss Disc 6.8690e-01 (6.9328e-01)	Loss Pred 2.3325e-01 (2.9115e-01)	Loss TOTAL 6.6125e-01 (7.0395e-01)
Epoch: [42][ 60/112]	L_Src_Sup 0.0000e+00 (1.7732e-01)	L_Trg_Inj 4.0687e-01 (3.7887e-01)	Loss Disc 6.8052e-01 (6.9168e-01)	Loss Pred 3.2429e-01 (2.9083e-01)	Loss TOTAL 7.0524e-01 (7.0464e-01)
Epoch: [42][ 70/112]	L_Src_Sup 2.8920e-01 (1.7639e-01)	L_Trg_Inj 5.3327e-01 (3.8642e-01)	Loss Disc 6.8717e-01 (6.9126e-01)	Loss Pred 2.5897e-01 (2.8826e-01)	Loss TOTAL 6.8480e-01 (7.0177e-01)
Epoch: [42][ 80/112]	L_Src_Sup 1.9904e-01 (1.7674e-01)	L_Trg_Inj 5.1649e-01 (3.9305e-01)	Loss Disc 6.8596e-01 (6.9087e-01)	Loss Pred 3.1113e-01 (2.9018e-01)	Loss TOTAL 7.2566e-01 (7.0338e-01)
Epoch: [42][ 90/112]	L_Src_Sup 1.9493e-01 (1.7337e-01)	L_Trg_Inj 4.8768e-01 (3.9548e-01)	Loss Disc 6.8591e-01 (6.9044e-01)	Loss Pred 2.0686e-01 (2.8720e-01)	Loss TOTAL 6.1807e-01 (6.9958e-01)
Epoch: [42][100/112]	L_Src_Sup 4.4284e-01 (1.7844e-01)	L_Trg_Inj 4.8836e-01 (4.0288e-01)	Loss Disc 6.8475e-01 (6.9000e-01)	Loss Pred 3.1133e-01 (2.8701e-01)	Loss TOTAL 7.4683e-01 (7.0040e-01)
Epoch: [42][110/112]	L_Src_Sup 3.8093e-01 (1.7945e-01)	L_Trg_Inj 3.7707e-01 (4.0458e-01)	Loss Disc 6.8849e-01 (6.8976e-01)	Loss Pred 1.8048e-01 (2.8495e-01)	Loss TOTAL 6.0438e-01 (6.9759e-01)
Epoch: [42][112/112]	L_Src_Sup 2.7844e-01 (1.8049e-01)	L_Trg_Inj 3.4557e-01 (4.0482e-01)	Loss Disc 6.9046e-01 (6.8972e-01)	Loss Pred 2.7212e-01 (2.8449e-01)	Loss TOTAL 6.7976e-01 (6.9707e-01)
Epoch 42 complete. Saving model state...
Epoch: [43][ 10/112]	L_Src_Sup 5.0517e-01 (1.8477e-01)	L_Trg_Inj 4.5596e-01 (4.4882e-01)	Loss Disc 6.8747e-01 (6.8640e-01)	Loss Pred 3.8997e-01 (2.8123e-01)	Loss TOTAL 8.7904e-01 (7.0439e-01)
Epoch: [43][ 20/112]	L_Src_Sup 2.3122e-01 (2.0558e-01)	L_Trg_Inj 4.7973e-01 (4.2618e-01)	Loss Disc 6.8325e-01 (6.8623e-01)	Loss Pred 2.9827e-01 (2.7214e-01)	Loss TOTAL 7.1099e-01 (6.8673e-01)
Epoch: [43][ 30/112]	L_Src_Sup 2.2187e-01 (1.8534e-01)	L_Trg_Inj 4.8808e-01 (4.2639e-01)	Loss Disc 6.8287e-01 (6.8575e-01)	Loss Pred 3.5048e-01 (2.7519e-01)	Loss TOTAL 7.6291e-01 (6.8478e-01)
Epoch: [43][ 40/112]	L_Src_Sup 2.3334e-01 (1.9718e-01)	L_Trg_Inj 4.2636e-01 (4.4261e-01)	Loss Disc 6.8739e-01 (6.8639e-01)	Loss Pred 3.1135e-01 (2.8074e-01)	Loss TOTAL 7.2101e-01 (6.9338e-01)
Epoch: [43][ 50/112]	L_Src_Sup 2.0678e-01 (2.0483e-01)	L_Trg_Inj 4.2331e-01 (4.3621e-01)	Loss Disc 6.8721e-01 (6.8659e-01)	Loss Pred 2.7152e-01 (2.7904e-01)	Loss TOTAL 6.7813e-01 (6.9683e-01)
Epoch: [43][ 60/112]	L_Src_Sup 5.8295e-01 (2.0415e-01)	L_Trg_Inj 4.0858e-01 (4.4230e-01)	Loss Disc 6.8736e-01 (6.8644e-01)	Loss Pred 2.5828e-01 (2.7673e-01)	Loss TOTAL 8.7548e-01 (6.9617e-01)
Epoch: [43][ 70/112]	L_Src_Sup 5.6179e-01 (2.1156e-01)	L_Trg_Inj 4.2797e-01 (4.4052e-01)	Loss Disc 6.8318e-01 (6.8627e-01)	Loss Pred 3.5265e-01 (2.8146e-01)	Loss TOTAL 9.2704e-01 (7.0206e-01)
Epoch: [43][ 80/112]	L_Src_Sup 2.9892e-01 (2.0286e-01)	L_Trg_Inj 3.1782e-01 (4.3490e-01)	Loss Disc 6.9368e-01 (6.8667e-01)	Loss Pred 2.2084e-01 (2.8141e-01)	Loss TOTAL 6.2936e-01 (7.0068e-01)
Epoch: [43][ 90/112]	L_Src_Sup 4.5298e-01 (2.0411e-01)	L_Trg_Inj 4.7211e-01 (4.3618e-01)	Loss Disc 6.8554e-01 (6.8672e-01)	Loss Pred 2.9873e-01 (2.8321e-01)	Loss TOTAL 7.3401e-01 (7.0161e-01)
Epoch: [43][100/112]	L_Src_Sup 0.0000e+00 (2.1182e-01)	L_Trg_Inj 4.8644e-01 (4.4012e-01)	Loss Disc 6.8201e-01 (6.8646e-01)	Loss Pred 3.3686e-01 (2.8363e-01)	Loss TOTAL 7.2651e-01 (7.0417e-01)
Epoch: [43][110/112]	L_Src_Sup 1.4841e-01 (2.1065e-01)	L_Trg_Inj 3.6741e-01 (4.3648e-01)	Loss Disc 6.8967e-01 (6.8666e-01)	Loss Pred 3.4941e-01 (2.8314e-01)	Loss TOTAL 7.4582e-01 (7.0219e-01)
Epoch: [43][112/112]	L_Src_Sup 1.1625e-01 (2.0891e-01)	L_Trg_Inj 3.3091e-01 (4.3667e-01)	Loss Disc 6.9101e-01 (6.8667e-01)	Loss Pred 2.8459e-01 (2.8340e-01)	Loss TOTAL 6.7481e-01 (7.0211e-01)
Epoch 43 complete. Saving model state...
Epoch: [44][ 10/112]	L_Src_Sup 0.0000e+00 (1.1331e-01)	L_Trg_Inj 2.8638e-01 (4.2918e-01)	Loss Disc 6.9056e-01 (6.8683e-01)	Loss Pred 2.3232e-01 (2.7026e-01)	Loss TOTAL 6.0624e-01 (6.6793e-01)
Epoch: [44][ 20/112]	L_Src_Sup 1.7697e-01 (1.8339e-01)	L_Trg_Inj 4.3910e-01 (4.2805e-01)	Loss Disc 6.8423e-01 (6.8660e-01)	Loss Pred 3.3622e-01 (2.8385e-01)	Loss TOTAL 7.3994e-01 (6.9555e-01)
Epoch: [44][ 30/112]	L_Src_Sup 0.0000e+00 (1.7433e-01)	L_Trg_Inj 3.7655e-01 (4.1391e-01)	Loss Disc 6.8432e-01 (6.8700e-01)	Loss Pred 2.4506e-01 (2.7930e-01)	Loss TOTAL 6.2487e-01 (6.8646e-01)
Epoch: [44][ 40/112]	L_Src_Sup 2.3811e-01 (1.8324e-01)	L_Trg_Inj 5.4654e-01 (4.2106e-01)	Loss Disc 6.8489e-01 (6.8714e-01)	Loss Pred 2.9675e-01 (2.7924e-01)	Loss TOTAL 7.1766e-01 (6.8687e-01)
Epoch: [44][ 50/112]	L_Src_Sup 7.5644e-01 (2.0630e-01)	L_Trg_Inj 4.5234e-01 (4.2575e-01)	Loss Disc 6.8427e-01 (6.8683e-01)	Loss Pred 2.4499e-01 (2.8330e-01)	Loss TOTAL 1.0121e+00 (7.0049e-01)
Epoch: [44][ 60/112]	L_Src_Sup 0.0000e+00 (2.0610e-01)	L_Trg_Inj 3.7656e-01 (4.3091e-01)	Loss Disc 6.8476e-01 (6.8598e-01)	Loss Pred 2.9655e-01 (2.8543e-01)	Loss TOTAL 6.7659e-01 (7.0093e-01)
Epoch: [44][ 70/112]	L_Src_Sup 0.0000e+00 (2.0922e-01)	L_Trg_Inj 3.2284e-01 (4.2410e-01)	Loss Disc 6.9499e-01 (6.8712e-01)	Loss Pred 2.4638e-01 (2.8863e-01)	Loss TOTAL 6.2616e-01 (7.0783e-01)
Epoch: [44][ 80/112]	L_Src_Sup 0.0000e+00 (2.1532e-01)	L_Trg_Inj 5.6179e-01 (4.3619e-01)	Loss Disc 6.8251e-01 (6.8674e-01)	Loss Pred 2.1974e-01 (2.8904e-01)	Loss TOTAL 6.1717e-01 (7.1152e-01)
Epoch: [44][ 90/112]	L_Src_Sup 4.0138e-01 (2.2474e-01)	L_Trg_Inj 3.5372e-01 (4.3737e-01)	Loss Disc 6.8857e-01 (6.8663e-01)	Loss Pred 2.7132e-01 (2.8693e-01)	Loss TOTAL 7.3877e-01 (7.1233e-01)
Epoch: [44][100/112]	L_Src_Sup 0.0000e+00 (2.1661e-01)	L_Trg_Inj 4.2392e-01 (4.4213e-01)	Loss Disc 6.8725e-01 (6.8641e-01)	Loss Pred 2.4677e-01 (2.8254e-01)	Loss TOTAL 6.3278e-01 (7.0708e-01)
Epoch: [44][110/112]	L_Src_Sup 1.0712e-01 (2.1441e-01)	L_Trg_Inj 4.3736e-01 (4.4362e-01)	Loss Disc 6.7922e-01 (6.8609e-01)	Loss Pred 3.3621e-01 (2.8258e-01)	Loss TOTAL 7.3027e-01 (7.0791e-01)
Epoch: [44][112/112]	L_Src_Sup 1.6239e-01 (2.1478e-01)	L_Trg_Inj 4.8385e-01 (4.4447e-01)	Loss Disc 6.7789e-01 (6.8597e-01)	Loss Pred 3.2351e-01 (2.8261e-01)	Loss TOTAL 7.2708e-01 (7.0771e-01)
Epoch 44 complete. Saving model state...
Epoch: [45][ 10/112]	L_Src_Sup 1.4304e-01 (1.4612e-01)	L_Trg_Inj 3.8663e-01 (4.4841e-01)	Loss Disc 6.7932e-01 (6.7979e-01)	Loss Pred 2.5773e-01 (2.5024e-01)	Loss TOTAL 6.5036e-01 (6.4958e-01)
Epoch: [45][ 20/112]	L_Src_Sup 1.4695e-01 (1.8299e-01)	L_Trg_Inj 3.7628e-01 (3.9411e-01)	Loss Disc 6.8006e-01 (6.7764e-01)	Loss Pred 2.4504e-01 (2.7380e-01)	Loss TOTAL 6.3739e-01 (6.7933e-01)
Epoch: [45][ 30/112]	L_Src_Sup 2.4065e-01 (2.1916e-01)	L_Trg_Inj 5.0718e-01 (4.1976e-01)	Loss Disc 6.9853e-01 (6.7967e-01)	Loss Pred 2.8379e-01 (2.7601e-01)	Loss TOTAL 7.0784e-01 (6.8761e-01)
Epoch: [45][ 40/112]	L_Src_Sup 0.0000e+00 (1.9530e-01)	L_Trg_Inj 4.4193e-01 (4.3075e-01)	Loss Disc 6.8831e-01 (6.8400e-01)	Loss Pred 2.8344e-01 (2.8675e-01)	Loss TOTAL 6.7179e-01 (6.9726e-01)
Epoch: [45][ 50/112]	L_Src_Sup 2.8582e-01 (1.9682e-01)	L_Trg_Inj 5.1844e-01 (4.3691e-01)	Loss Disc 6.8448e-01 (6.8440e-01)	Loss Pred 3.4779e-01 (2.8482e-01)	Loss TOTAL 7.7045e-01 (6.9512e-01)
Epoch: [45][ 60/112]	L_Src_Sup 0.0000e+00 (1.9572e-01)	L_Trg_Inj 4.0767e-01 (4.4024e-01)	Loss Disc 6.8762e-01 (6.8472e-01)	Loss Pred 2.7026e-01 (2.8656e-01)	Loss TOTAL 6.5484e-01 (6.9645e-01)
Epoch: [45][ 70/112]	L_Src_Sup 6.3937e-01 (2.0178e-01)	L_Trg_Inj 5.1668e-01 (4.4031e-01)	Loss Disc 6.8446e-01 (6.8500e-01)	Loss Pred 2.3180e-01 (2.8391e-01)	Loss TOTAL 8.1232e-01 (6.9575e-01)
Epoch: [45][ 80/112]	L_Src_Sup 0.0000e+00 (1.9804e-01)	L_Trg_Inj 3.1599e-01 (4.4269e-01)	Loss Disc 6.9108e-01 (6.8510e-01)	Loss Pred 1.6713e-01 (2.8044e-01)	Loss TOTAL 5.4427e-01 (6.9155e-01)
Epoch: [45][ 90/112]	L_Src_Sup 3.5940e-01 (1.9806e-01)	L_Trg_Inj 3.9581e-01 (4.3848e-01)	Loss Disc 6.8788e-01 (6.8506e-01)	Loss Pred 3.0897e-01 (2.8191e-01)	Loss TOTAL 7.2843e-01 (6.9209e-01)
Epoch: [45][100/112]	L_Src_Sup 2.1112e-01 (1.9576e-01)	L_Trg_Inj 4.0994e-01 (4.3825e-01)	Loss Disc 6.8419e-01 (6.8494e-01)	Loss Pred 3.0908e-01 (2.8232e-01)	Loss TOTAL 7.1328e-01 (6.9178e-01)
Epoch: [45][110/112]	L_Src_Sup 1.4859e-01 (1.9992e-01)	L_Trg_Inj 5.8821e-01 (4.4066e-01)	Loss Disc 6.8249e-01 (6.8542e-01)	Loss Pred 2.5722e-01 (2.8185e-01)	Loss TOTAL 6.7215e-01 (6.9377e-01)
Epoch: [45][112/112]	L_Src_Sup 1.4361e-01 (1.9764e-01)	L_Trg_Inj 3.3314e-01 (4.3858e-01)	Loss Disc 6.9218e-01 (6.8554e-01)	Loss Pred 2.5725e-01 (2.8187e-01)	Loss TOTAL 6.5102e-01 (6.9333e-01)
Epoch 45 complete. Saving model state...
Epoch: [46][ 10/112]	L_Src_Sup 1.1410e-01 (1.2257e-01)	L_Trg_Inj 4.7074e-01 (4.3335e-01)	Loss Disc 6.8610e-01 (6.8681e-01)	Loss Pred 2.9585e-01 (3.1278e-01)	Loss TOTAL 6.9738e-01 (7.1177e-01)
Epoch: [46][ 20/112]	L_Src_Sup 0.0000e+00 (1.3688e-01)	L_Trg_Inj 3.7473e-01 (4.2959e-01)	Loss Disc 6.8695e-01 (6.8669e-01)	Loss Pred 3.2127e-01 (3.0315e-01)	Loss TOTAL 7.0222e-01 (7.0314e-01)
Epoch: [46][ 30/112]	L_Src_Sup 7.6610e-02 (1.4164e-01)	L_Trg_Inj 5.3294e-01 (4.3586e-01)	Loss Disc 6.8181e-01 (6.8623e-01)	Loss Pred 2.9571e-01 (2.9388e-01)	Loss TOTAL 6.9757e-01 (6.9843e-01)
Epoch: [46][ 40/112]	L_Src_Sup 2.1245e-01 (1.5556e-01)	L_Trg_Inj 3.9282e-01 (4.2953e-01)	Loss Disc 6.8910e-01 (6.8614e-01)	Loss Pred 2.3214e-01 (2.9120e-01)	Loss TOTAL 6.3722e-01 (6.9682e-01)
Epoch: [46][ 50/112]	L_Src_Sup 1.9458e-01 (1.7272e-01)	L_Trg_Inj 4.4319e-01 (4.3839e-01)	Loss Disc 6.8492e-01 (6.8631e-01)	Loss Pred 3.2304e-01 (2.8557e-01)	Loss TOTAL 7.2928e-01 (6.9628e-01)
Epoch: [46][ 60/112]	L_Src_Sup 2.8128e-01 (1.8183e-01)	L_Trg_Inj 5.8652e-01 (4.5486e-01)	Loss Disc 6.8237e-01 (6.8598e-01)	Loss Pred 3.0860e-01 (2.8339e-01)	Loss TOTAL 7.3657e-01 (6.9617e-01)
Epoch: [46][ 70/112]	L_Src_Sup 0.0000e+00 (1.8537e-01)	L_Trg_Inj 5.0041e-01 (4.6394e-01)	Loss Disc 6.8179e-01 (6.8543e-01)	Loss Pred 1.9249e-01 (2.8060e-01)	Loss TOTAL 5.8343e-01 (6.9472e-01)
Epoch: [46][ 80/112]	L_Src_Sup 1.5160e-01 (1.9150e-01)	L_Trg_Inj 5.6279e-01 (4.6639e-01)	Loss Disc 6.7531e-01 (6.8507e-01)	Loss Pred 2.8398e-01 (2.7978e-01)	Loss TOTAL 6.9308e-01 (6.9537e-01)
Epoch: [46][ 90/112]	L_Src_Sup 5.4621e-01 (1.9513e-01)	L_Trg_Inj 5.2989e-01 (4.6683e-01)	Loss Disc 6.8279e-01 (6.8522e-01)	Loss Pred 2.6975e-01 (2.7881e-01)	Loss TOTAL 7.3508e-01 (6.9425e-01)
Epoch: [46][100/112]	L_Src_Sup 2.5155e-01 (1.8996e-01)	L_Trg_Inj 3.4411e-01 (4.6327e-01)	Loss Disc 6.8910e-01 (6.8535e-01)	Loss Pred 2.8234e-01 (2.7856e-01)	Loss TOTAL 6.8646e-01 (6.9252e-01)
Epoch: [46][110/112]	L_Src_Sup 1.4732e-01 (1.9214e-01)	L_Trg_Inj 3.9131e-01 (4.5942e-01)	Loss Disc 6.8821e-01 (6.8542e-01)	Loss Pred 2.4396e-01 (2.8057e-01)	Loss TOTAL 6.4193e-01 (6.9387e-01)
Epoch: [46][112/112]	L_Src_Sup 3.8227e-01 (1.9212e-01)	L_Trg_Inj 3.6024e-01 (4.5836e-01)	Loss Disc 6.8824e-01 (6.8546e-01)	Loss Pred 3.4706e-01 (2.8107e-01)	Loss TOTAL 7.8747e-01 (6.9438e-01)
Epoch 46 complete. Saving model state...
Epoch: [47][ 10/112]	L_Src_Sup 0.0000e+00 (1.8914e-01)	L_Trg_Inj 5.1524e-01 (4.4271e-01)	Loss Disc 6.8478e-01 (6.8681e-01)	Loss Pred 2.3095e-01 (2.7406e-01)	Loss TOTAL 6.2486e-01 (7.0099e-01)
Epoch: [47][ 20/112]	L_Src_Sup 4.1907e-01 (2.1528e-01)	L_Trg_Inj 4.2174e-01 (4.4073e-01)	Loss Disc 6.8553e-01 (6.8683e-01)	Loss Pred 2.5812e-01 (2.7509e-01)	Loss TOTAL 6.8497e-01 (6.9948e-01)
Epoch: [47][ 30/112]	L_Src_Sup 1.3540e-01 (2.3078e-01)	L_Trg_Inj 3.9010e-01 (4.3299e-01)	Loss Disc 6.8387e-01 (6.8633e-01)	Loss Pred 2.6917e-01 (2.7795e-01)	Loss TOTAL 6.6366e-01 (6.9823e-01)
Epoch: [47][ 40/112]	L_Src_Sup 3.0579e-01 (2.2825e-01)	L_Trg_Inj 4.8302e-01 (4.3730e-01)	Loss Disc 6.8512e-01 (6.8626e-01)	Loss Pred 3.2101e-01 (2.7617e-01)	Loss TOTAL 7.4246e-01 (6.9391e-01)
Epoch: [47][ 50/112]	L_Src_Sup 0.0000e+00 (2.2482e-01)	L_Trg_Inj 4.5166e-01 (4.4047e-01)	Loss Disc 6.8288e-01 (6.8581e-01)	Loss Pred 2.7060e-01 (2.7797e-01)	Loss TOTAL 6.5721e-01 (6.9385e-01)
Epoch: [47][ 60/112]	L_Src_Sup 0.0000e+00 (2.1975e-01)	L_Trg_Inj 4.2055e-01 (4.3326e-01)	Loss Disc 6.8758e-01 (6.8621e-01)	Loss Pred 2.5637e-01 (2.7783e-01)	Loss TOTAL 6.4221e-01 (6.9301e-01)
Epoch: [47][ 70/112]	L_Src_Sup 3.6749e-01 (2.1840e-01)	L_Trg_Inj 2.3431e-01 (4.1510e-01)	Loss Disc 6.9019e-01 (6.8667e-01)	Loss Pred 2.1769e-01 (2.7699e-01)	Loss TOTAL 7.5615e-01 (6.9716e-01)
Epoch: [47][ 80/112]	L_Src_Sup 1.4666e-01 (2.1279e-01)	L_Trg_Inj 2.9118e-01 (4.0067e-01)	Loss Disc 6.9043e-01 (6.8707e-01)	Loss Pred 2.4379e-01 (2.7657e-01)	Loss TOTAL 6.3279e-01 (6.9549e-01)
Epoch: [47][ 90/112]	L_Src_Sup 2.7186e-01 (2.0712e-01)	L_Trg_Inj 2.3900e-01 (3.8786e-01)	Loss Disc 6.9165e-01 (6.8726e-01)	Loss Pred 2.9487e-01 (2.7793e-01)	Loss TOTAL 7.2464e-01 (6.9529e-01)
Epoch: [47][100/112]	L_Src_Sup 7.4122e-02 (2.1129e-01)	L_Trg_Inj 3.6358e-01 (3.7575e-01)	Loss Disc 6.8993e-01 (6.8756e-01)	Loss Pred 2.6966e-01 (2.8032e-01)	Loss TOTAL 6.5840e-01 (6.9874e-01)
Epoch: [47][110/112]	L_Src_Sup 3.9276e-01 (2.0571e-01)	L_Trg_Inj 3.2978e-01 (3.7143e-01)	Loss Disc 6.9065e-01 (6.8779e-01)	Loss Pred 2.8231e-01 (2.8003e-01)	Loss TOTAL 7.6287e-01 (6.9774e-01)
Epoch: [47][112/112]	L_Src_Sup 0.0000e+00 (2.0289e-01)	L_Trg_Inj 2.6958e-01 (3.7036e-01)	Loss Disc 6.9142e-01 (6.8785e-01)	Loss Pred 2.3056e-01 (2.7995e-01)	Loss TOTAL 6.0323e-01 (6.9702e-01)
Epoch 47 complete. Saving model state...
Epoch: [48][ 10/112]	L_Src_Sup 1.9190e-01 (2.5923e-01)	L_Trg_Inj 4.1301e-01 (3.8757e-01)	Loss Disc 6.8956e-01 (6.8976e-01)	Loss Pred 4.0942e-01 (3.0757e-01)	Loss TOTAL 8.1469e-01 (7.5559e-01)
Epoch: [48][ 20/112]	L_Src_Sup 3.1875e-01 (1.9547e-01)	L_Trg_Inj 4.8716e-01 (4.1684e-01)	Loss Disc 6.8555e-01 (6.8850e-01)	Loss Pred 2.9471e-01 (2.9548e-01)	Loss TOTAL 7.1808e-01 (7.2410e-01)
Epoch: [48][ 30/112]	L_Src_Sup 1.2799e-01 (2.2918e-01)	L_Trg_Inj 4.5749e-01 (4.2552e-01)	Loss Disc 6.8278e-01 (6.8705e-01)	Loss Pred 2.6917e-01 (2.8936e-01)	Loss TOTAL 6.6911e-01 (7.2390e-01)
Epoch: [48][ 40/112]	L_Src_Sup 3.9762e-01 (2.2814e-01)	L_Trg_Inj 5.1753e-01 (4.4210e-01)	Loss Disc 6.8203e-01 (6.8557e-01)	Loss Pred 2.5663e-01 (2.8974e-01)	Loss TOTAL 6.8916e-01 (7.2248e-01)
Epoch: [48][ 50/112]	L_Src_Sup 2.2740e-01 (2.2882e-01)	L_Trg_Inj 6.1318e-01 (4.4437e-01)	Loss Disc 6.8091e-01 (6.8527e-01)	Loss Pred 3.0725e-01 (2.8845e-01)	Loss TOTAL 7.3176e-01 (7.1730e-01)
Epoch: [48][ 60/112]	L_Src_Sup 2.5896e-01 (2.1682e-01)	L_Trg_Inj 4.4132e-01 (4.4106e-01)	Loss Disc 6.8895e-01 (6.8514e-01)	Loss Pred 1.6715e-01 (2.8565e-01)	Loss TOTAL 5.8166e-01 (7.0975e-01)
Epoch: [48][ 70/112]	L_Src_Sup 3.0451e-01 (2.0640e-01)	L_Trg_Inj 4.8098e-01 (4.4641e-01)	Loss Disc 6.9012e-01 (6.8574e-01)	Loss Pred 4.0925e-01 (2.8544e-01)	Loss TOTAL 8.3286e-01 (7.0734e-01)
Epoch: [48][ 80/112]	L_Src_Sup 2.5752e-01 (2.1277e-01)	L_Trg_Inj 4.2382e-01 (4.4317e-01)	Loss Disc 6.8387e-01 (6.8590e-01)	Loss Pred 3.3295e-01 (2.8562e-01)	Loss TOTAL 7.4302e-01 (7.0732e-01)
Epoch: [48][ 90/112]	L_Src_Sup 2.7099e-01 (2.1292e-01)	L_Trg_Inj 5.0115e-01 (4.4217e-01)	Loss Disc 6.7990e-01 (6.8581e-01)	Loss Pred 3.2147e-01 (2.8379e-01)	Loss TOTAL 7.3863e-01 (7.0390e-01)
Epoch: [48][100/112]	L_Src_Sup 2.7582e-01 (2.0705e-01)	L_Trg_Inj 4.2396e-01 (4.3960e-01)	Loss Disc 6.8418e-01 (6.8575e-01)	Loss Pred 3.0703e-01 (2.8296e-01)	Loss TOTAL 7.1910e-01 (7.0103e-01)
Epoch: [48][110/112]	L_Src_Sup 1.5131e-01 (2.0395e-01)	L_Trg_Inj 4.7178e-01 (4.3760e-01)	Loss Disc 6.8052e-01 (6.8580e-01)	Loss Pred 2.6848e-01 (2.8100e-01)	Loss TOTAL 6.7105e-01 (6.9767e-01)
Epoch: [48][112/112]	L_Src_Sup 3.8059e-01 (2.0374e-01)	L_Trg_Inj 4.6858e-01 (4.3836e-01)	Loss Disc 6.8709e-01 (6.8579e-01)	Loss Pred 2.0457e-01 (2.8032e-01)	Loss TOTAL 6.3303e-01 (6.9688e-01)
Epoch 48 complete. Saving model state...
Epoch: [49][ 10/112]	L_Src_Sup 5.2316e-01 (2.3514e-01)	L_Trg_Inj 4.6552e-01 (4.5301e-01)	Loss Disc 6.8604e-01 (6.8912e-01)	Loss Pred 2.6982e-01 (2.7288e-01)	Loss TOTAL 7.6935e-01 (7.0462e-01)
Epoch: [49][ 20/112]	L_Src_Sup 3.4076e-01 (2.2264e-01)	L_Trg_Inj 3.7051e-01 (4.3740e-01)	Loss Disc 6.8849e-01 (6.8750e-01)	Loss Pred 2.8166e-01 (2.8242e-01)	Loss TOTAL 6.9703e-01 (7.0882e-01)
Epoch: [49][ 30/112]	L_Src_Sup 5.9036e-01 (2.2021e-01)	L_Trg_Inj 3.4575e-01 (4.1084e-01)	Loss Disc 6.8804e-01 (6.8797e-01)	Loss Pred 2.5584e-01 (2.7829e-01)	Loss TOTAL 9.3808e-01 (7.0624e-01)
Epoch: [49][ 40/112]	L_Src_Sup 3.1601e-01 (2.1664e-01)	L_Trg_Inj 4.4510e-01 (3.9560e-01)	Loss Disc 6.8914e-01 (6.8831e-01)	Loss Pred 3.0681e-01 (2.8161e-01)	Loss TOTAL 7.2749e-01 (7.0462e-01)
Epoch: [49][ 50/112]	L_Src_Sup 8.3272e-02 (2.2314e-01)	L_Trg_Inj 5.3293e-01 (4.0825e-01)	Loss Disc 6.8458e-01 (6.8799e-01)	Loss Pred 3.5822e-01 (2.7770e-01)	Loss TOTAL 7.6213e-01 (6.9893e-01)
Epoch: [49][ 60/112]	L_Src_Sup 5.1479e-01 (2.2780e-01)	L_Trg_Inj 4.5422e-01 (4.0900e-01)	Loss Disc 6.8475e-01 (6.8785e-01)	Loss Pred 2.9408e-01 (2.7874e-01)	Loss TOTAL 7.9394e-01 (6.9910e-01)
Epoch: [49][ 70/112]	L_Src_Sup 2.7163e-01 (2.2413e-01)	L_Trg_Inj 3.6975e-01 (4.1357e-01)	Loss Disc 6.8251e-01 (6.8743e-01)	Loss Pred 3.5799e-01 (2.7969e-01)	Loss TOTAL 7.6338e-01 (6.9811e-01)
Epoch: [49][ 80/112]	L_Src_Sup 1.2513e-01 (2.1807e-01)	L_Trg_Inj 2.7845e-01 (4.1268e-01)	Loss Disc 6.8926e-01 (6.8733e-01)	Loss Pred 3.4467e-01 (2.8211e-01)	Loss TOTAL 7.2966e-01 (6.9997e-01)
Epoch: [49][ 90/112]	L_Src_Sup 0.0000e+00 (2.1608e-01)	L_Trg_Inj 2.3118e-01 (4.0381e-01)	Loss Disc 6.9105e-01 (6.8783e-01)	Loss Pred 2.8094e-01 (2.8001e-01)	Loss TOTAL 6.4958e-01 (6.9771e-01)
Epoch: [49][100/112]	L_Src_Sup 5.0048e-02 (2.1407e-01)	L_Trg_Inj 3.7697e-01 (4.0390e-01)	Loss Disc 6.9060e-01 (6.8784e-01)	Loss Pred 3.5770e-01 (2.8013e-01)	Loss TOTAL 7.4569e-01 (6.9723e-01)
Epoch: [49][110/112]	L_Src_Sup 2.8409e-01 (2.1256e-01)	L_Trg_Inj 4.3094e-01 (4.0523e-01)	Loss Disc 6.8746e-01 (6.8784e-01)	Loss Pred 2.4306e-01 (2.7873e-01)	Loss TOTAL 6.5830e-01 (6.9489e-01)
Epoch: [49][112/112]	L_Src_Sup 1.2428e-01 (2.1185e-01)	L_Trg_Inj 3.1572e-01 (4.0542e-01)	Loss Disc 6.8939e-01 (6.8783e-01)	Loss Pred 3.0675e-01 (2.7946e-01)	Loss TOTAL 6.9545e-01 (6.9537e-01)
Epoch 49 complete. Saving model state...
